{"meta": {"code": 200, "requestId": "595a4a1a9fb6b77bc7b971b4"}, "response": {"tips": {"items": [{"logView": true, "lang": "en", "createdAt": 1313238799, "agreeCount": 0, "likes": {"groups": [], "count": 0}, "id": "4e466f0fd22d12b08bc0a0bc", "text": "Mi rebus Hj Waliti", "type": "user", "user": {"gender": "female", "id": "2228214", "photo": {"prefix": "https://igx.4sqi.net/img/user/", "suffix": "/RKHYIQJFRQV1JHCN.jpg"}, "firstName": "Manisah", "lastName": "Juwanda"}, "canonicalUrl": "https://foursquare.com/item/4e466f0fd22d12b08bc0a0bc", "todo": {"count": 0}, "disagreeCount": 0}, {"logView": true, "lang": "en", "createdAt": 1280056213, "agreeCount": 0, "likes": {"groups": [], "count": 0}, "id": "4c4c1b959c8d2d7ff963ef6b", "text": "Kuda Kepang Shows", "type": "user", "user": {"gender": "male", "id": "1900396", "photo": {"prefix": "https://igx.4sqi.net/img/user/", "suffix": "/1900396-B231B321HZQ54XKG.jpg"}, "firstName": "Rico", "lastName": "17"}, "canonicalUrl": "https://foursquare.com/item/4c4c1b959c8d2d7ff963ef6b", "todo": {"count": 1}, "disagreeCount": 0}, {"logView": true, "lang": "en", "createdAt": 1309093705, "agreeCount": 0, "likes": {"groups": [], "count": 0}, "id": "4e072f498130709eafbcbd49", "text": "Air Batu Campur", "type": "user", "user": {"gender": "male", "id": "10995363", "photo": {"prefix": "https://igx.4sqi.net/img/user/", "suffix": "/JMDMI3US2RLS0M1S.jpg"}, "firstName": "Syazwan", "lastName": "Hudson"}, "canonicalUrl": "https://foursquare.com/item/4e072f498130709eafbcbd49", "todo": {"count": 0}, "disagreeCount": 0}, {"logView": true, "lang": "en", "createdAt": 1291098718, "agreeCount": 0, "likes": {"groups": [], "count": 0}, "id": "4cf49a5e1457a0908c1e49c6", "text": "best place for FOLK performing ARTS !!!", "type": "user", "user": {"gender": "male", "id": "4969422", "photo": {"prefix": "https://igx.4sqi.net/img/user/", "suffix": "/K4HZSEC53WYD2CX0.jpg"}, "firstName": "Iswandiarjo", "lastName": "Wismodiarjo"}, "canonicalUrl": "https://foursquare.com/item/4cf49a5e1457a0908c1e49c6", "todo": {"count": 0}, "disagreeCount": 0}, {"logView": true, "lang": "en", "createdAt": 1291095981, "todo": {"count": 0}, "agreeCount": 0, "likes": {"groups": [], "count": 0}, "id": "4cf48fad1457a090a21149c6", "text": "every sat n sun FREE cultural performance.www.malay-vilage.blogspot.com", "entities": [{"indices": [42, 71], "type": "url", "object": {"url": "http://www.malay-vilage.blogspot.com"}}], "disagreeCount": 0, "user": {"gender": "male", "id": "4969422", "photo": {"prefix": "https://igx.4sqi.net/img/user/", "suffix": "/K4HZSEC53WYD2CX0.jpg"}, "firstName": "Iswandiarjo", "lastName": "Wismodiarjo"}, "canonicalUrl": "https://foursquare.com/item/4cf48fad1457a090a21149c6", "type": "user"}], "count": 5}}}