{"meta": {"code": 200, "requestId": "595a4abc4c1f67709eccaabb"}, "response": {"tips": {"items": [{"logView": true, "lang": "en", "createdAt": 1313814045, "agreeCount": 0, "likes": {"groups": [], "count": 0}, "id": "4e4f361d62844166698c0117", "text": "Dim sum is only so so ... Service is slow", "type": "user", "user": {"gender": "male", "id": "155705", "photo": {"prefix": "https://igx.4sqi.net/img/user/", "suffix": "/MFEVH5XRB4CA3GYA.jpg"}, "firstName": "Yu Hsiang", "lastName": "Wong"}, "canonicalUrl": "https://foursquare.com/item/4e4f361d62844166698c0117", "todo": {"count": 0}, "disagreeCount": 0}, {"logView": true, "lang": "en", "createdAt": 1298373177, "agreeCount": 3, "likes": {"groups": [{"items": [{"gender": "male", "id": "32623193", "photo": {"prefix": "https://igx.4sqi.net/img/user/", "suffix": "/32623193-32LFCETPIWM2T4XH.jpg"}, "firstName": "ElieZer", "lastName": "Ravel"}, {"id": "14069703", "photo": {"prefix": "https://igx.4sqi.net/img/user/", "suffix": "/14069703-TYOOYII1YMRUBKZ5.jpg"}, "firstName": "Rebecca", "gender": "none"}, {"gender": "female", "id": "50711118", "photo": {"prefix": "https://igx.4sqi.net/img/user/", "suffix": "/Q1VBUW2ZFVZQTR5Y.jpg"}, "firstName": "Izelle", "lastName": "Doctora"}], "count": 3, "type": "others"}], "summary": "3 likes", "count": 3}, "id": "4d639a391a83f04df4f3742b", "text": "The fish noodles are fantabulous!!! Yes, noodles made from fish meat!", "type": "user", "user": {"gender": "none", "id": "284951", "photo": {"prefix": "https://igx.4sqi.net/img/user/", "suffix": "/3GRT2LAHFAZOQE42.jpg"}, "firstName": "Anch", "lastName": "Lim"}, "canonicalUrl": "https://foursquare.com/item/4d639a391a83f04df4f3742b", "todo": {"count": 0}, "disagreeCount": 0}, {"logView": true, "lang": "en", "createdAt": 1417067947, "agreeCount": 0, "likes": {"groups": [], "count": 0}, "id": "5476bdab498e0723f6abf83c", "text": "Their dim sum especially the Liu Sha Bao is good!!", "type": "user", "user": {"gender": "female", "id": "97897327", "photo": {"prefix": "https://igx.4sqi.net/img/user/", "suffix": "/97897327-RQ0IKBW0SEECDGEH.jpg"}, "firstName": "Carmen", "lastName": "Nemrac"}, "canonicalUrl": "https://foursquare.com/item/5476bdab498e0723f6abf83c", "todo": {"count": 0}, "disagreeCount": 0}, {"authorInteractionType": "liked", "logView": true, "lang": "en", "createdAt": 1427813508, "agreeCount": 0, "likes": {"groups": [], "count": 0}, "id": "551ab484498e4147d0730dcc", "text": "Love the fish noodle with prawns. Grilled beef with mushrooms are great as well.", "type": "user", "user": {"gender": "male", "id": "69312577", "photo": {"prefix": "https://igx.4sqi.net/img/user/", "suffix": "/UBS4R0JBV1S1PXZH.jpg"}, "firstName": "Woo", "lastName": "Nelson"}, "canonicalUrl": "https://foursquare.com/item/551ab484498e4147d0730dcc", "todo": {"count": 0}, "disagreeCount": 0}, {"authorInteractionType": "liked", "logView": true, "lang": "en", "createdAt": 1418135704, "agreeCount": 0, "likes": {"groups": [], "count": 0}, "id": "54870898498ef1dce85efb0f", "text": "dim sum and egg tarts. Noodles were ok, all in all its good food and good value.", "type": "user", "user": {"gender": "female", "id": "101347231", "photo": {"prefix": "https://igx.4sqi.net/img/user/", "suffix": "/101347231-SRDMHIJ4VGW2P4I0.jpg"}, "firstName": "Lina", "lastName": "A."}, "canonicalUrl": "https://foursquare.com/item/54870898498ef1dce85efb0f", "todo": {"count": 0}, "disagreeCount": 0}, {"authorInteractionType": "liked", "logView": true, "lang": "zh", "createdAt": 1433170986, "agreeCount": 0, "likes": {"groups": [], "count": 0}, "id": "556c742a498e52d4751adc3e", "text": "\u8981\u662f\u80fd\u91cd\u6765\uff0c\u6211\u8981\u9009\u674e\u767d", "type": "user", "user": {"id": "2416267", "photo": {"prefix": "https://igx.4sqi.net/img/user/", "suffix": "/2416267_KucjsQEM_ScdU_2QSQAUHuzKmBVwkJjI1N_g1HGztwHiU1HR99IuZBaOJaUm2PG-HS1b9ZtFJ.jpg"}, "firstName": "Songhua", "gender": "male"}, "canonicalUrl": "https://foursquare.com/item/556c742a498e52d4751adc3e", "todo": {"count": 0}, "disagreeCount": 0}, {"logView": true, "lang": "en", "photo": {"id": "53534405498e25b22eed87de", "visibility": "public", "source": {"name": "Foursquare for iOS", "url": "https://foursquare.com/download/#/iphone"}, "suffix": "/14069703_zKFI5ubghiJq7-X7tsZjjDlqJ9ZaRbmNMNWxL9b0PQI.jpg", "createdAt": 1397965829, "prefix": "https://igx.4sqi.net/img/general/", "width": 720, "height": 720}, "createdAt": 1397965826, "todo": {"count": 0}, "agreeCount": 0, "likes": {"groups": [], "count": 0}, "id": "5353440211d2a8d00f05babe", "text": "Fish noodles is absolutely to die for!", "disagreeCount": 0, "user": {"id": "14069703", "photo": {"prefix": "https://igx.4sqi.net/img/user/", "suffix": "/14069703-TYOOYII1YMRUBKZ5.jpg"}, "firstName": "Rebecca", "gender": "none"}, "canonicalUrl": "https://foursquare.com/item/5353440211d2a8d00f05babe", "type": "user", "photourl": "https://igx.4sqi.net/img/general/original/14069703_zKFI5ubghiJq7-X7tsZjjDlqJ9ZaRbmNMNWxL9b0PQI.jpg"}, {"logView": true, "lang": "en", "createdAt": 1280466555, "agreeCount": 0, "likes": {"groups": [], "count": 0}, "id": "4c525e7b7f6e20a177df9feb", "text": "Century egg porridge is to die for, not offered on all days.", "type": "user", "user": {"gender": "female", "id": "1144377", "photo": {"prefix": "https://igx.4sqi.net/img/user/", "suffix": "/1144377-PPFNJBFKSKFFB3J2.jpg"}, "firstName": "Kerrin", "lastName": "Kua"}, "canonicalUrl": "https://foursquare.com/item/4c525e7b7f6e20a177df9feb", "todo": {"count": 0}, "disagreeCount": 0}, {"logView": true, "lang": "en", "createdAt": 1289551890, "agreeCount": 0, "likes": {"groups": [], "count": 0}, "id": "4cdd0012d549548170e244b2", "text": "Try the Baked Mini Egg Tarts", "type": "user", "user": {"id": "4563783", "photo": {"prefix": "https://igx.4sqi.net/img/user/", "suffix": "/QRRYD2IOXN3KTHZP.png"}, "firstName": "Foodspotting", "gender": "none"}, "canonicalUrl": "https://foursquare.com/item/4cdd0012d549548170e244b2", "todo": {"count": 3}, "disagreeCount": 0}, {"authorInteractionType": "liked", "logView": true, "lang": "en", "createdAt": 1440377355, "agreeCount": 0, "likes": {"groups": [], "count": 0}, "id": "55da6a0b498e1ae10ebc2117", "text": "Excellent service . Food is pricey but good especially salted roasted chicken and foie gras. Yums!", "type": "user", "user": {"gender": "female", "id": "23004734", "photo": {"prefix": "https://igx.4sqi.net/img/user/", "suffix": "/23004734-S34IBHORTMSXWYKO.jpg"}, "firstName": "Karen.", "lastName": "L"}, "canonicalUrl": "https://foursquare.com/item/55da6a0b498e1ae10ebc2117", "todo": {"count": 0}, "disagreeCount": 0}, {"logView": true, "lang": "en", "createdAt": 1364102751, "agreeCount": 0, "likes": {"groups": [], "count": 0}, "id": "514e8e5fe4b0ae5340083208", "text": "The best Chinese Restaurant I've ever been to!!! A must try!!!\uf44c\uf44c\uf44c", "type": "user", "user": {"gender": "female", "id": "50711118", "photo": {"prefix": "https://igx.4sqi.net/img/user/", "suffix": "/Q1VBUW2ZFVZQTR5Y.jpg"}, "firstName": "Izelle", "lastName": "Doctora"}, "canonicalUrl": "https://foursquare.com/item/514e8e5fe4b0ae5340083208", "todo": {"count": 0}, "disagreeCount": 0}, {"logView": true, "lang": "en", "createdAt": 1418971300, "agreeCount": 0, "likes": {"groups": [], "count": 0}, "id": "5493c8a4498ef0b9172dd5e0", "text": "Li Bai certainly doesn't dissapoint but don't expect it to serve outstanding food but sure does give you consistent quality. Another 5-star dim sum eateries.", "type": "user", "user": {"gender": "male", "id": "102126017", "photo": {"prefix": "https://igx.4sqi.net/img/user/", "suffix": "/102126017-2J2AAEQLAD3YDJJ3.jpg"}, "firstName": "Choo Yao Chuen", "lastName": "Yao Chuen"}, "canonicalUrl": "https://foursquare.com/item/5493c8a4498ef0b9172dd5e0", "todo": {"count": 0}, "disagreeCount": 0}], "count": 12}}}