{"meta": {"code": 200, "requestId": "595a4c2bdb04f562ebb875b9"}, "response": {"tips": {"items": [{"logView": true, "lang": "en", "createdAt": 1368540876, "agreeCount": 0, "likes": {"groups": [], "count": 0}, "id": "519246cc498eee15c2dd917f", "text": "Scallops dish is not to be missed.", "type": "user", "user": {"gender": "male", "id": "2580233", "photo": {"prefix": "https://igx.4sqi.net/img/user/", "default": true, "suffix": "/blank_boy.png"}, "firstName": "Sanjeev", "lastName": "Varma"}, "canonicalUrl": "https://foursquare.com/item/519246cc498eee15c2dd917f", "todo": {"count": 0}, "disagreeCount": 0}, {"logView": true, "lang": "en", "createdAt": 1400632638, "agreeCount": 1, "likes": {"groups": [{"items": [{"gender": "female", "id": "20247720", "photo": {"prefix": "https://igx.4sqi.net/img/user/", "suffix": "/FVHLIMFAGJFTDV14.jpg"}, "firstName": "Denvy", "lastName": "Lo"}], "count": 1, "type": "others"}], "summary": "1 like", "count": 1}, "id": "537bf53e498e773c68889bb1", "text": "Reservations made a month in advance. Worth the hype and wait? Not quite. One man kitchen so made food slow coming. Food was decent but not spectacular. Homely, not sophisticated ambience.", "type": "user", "user": {"gender": "female", "id": "22145316", "photo": {"prefix": "https://igx.4sqi.net/img/user/", "suffix": "/QLERMDJ2CJDGFL4F.jpg"}, "firstName": "D", "lastName": "C"}, "canonicalUrl": "https://foursquare.com/item/537bf53e498e773c68889bb1", "todo": {"count": 0}, "disagreeCount": 0}, {"authorInteractionType": "liked", "logView": true, "lang": "en", "createdAt": 1474881455, "agreeCount": 1, "likes": {"groups": [], "count": 0}, "id": "57e8e7af498eaf6ecd810c64", "text": "Everything here is amazing. Sorry I can't be more specific.", "type": "user", "user": {"gender": "male", "id": "16925", "photo": {"prefix": "https://igx.4sqi.net/img/user/", "suffix": "/2ZNSS5UH1UZT4MHH.jpg"}, "firstName": "Dennis", "lastName": "Chiuten"}, "canonicalUrl": "https://foursquare.com/item/57e8e7af498eaf6ecd810c64", "todo": {"count": 0}, "disagreeCount": 0}, {"authorInteractionType": "liked", "logView": true, "lang": "en", "createdAt": 1365161804, "agreeCount": 1, "likes": {"groups": [{"items": [{"gender": "male", "id": "50619133", "photo": {"prefix": "https://igx.4sqi.net/img/user/", "suffix": "/EE2H0PGGXDBPAMFS.jpg"}, "firstName": "William", "lastName": "Soo"}], "count": 1, "type": "others"}], "summary": "1 like", "count": 1}, "id": "515eb74ce4b08e95512bcacc", "text": "If you want to dine at the restaurant, book early!", "type": "user", "user": {"gender": "male", "id": "50619133", "photo": {"prefix": "https://igx.4sqi.net/img/user/", "suffix": "/EE2H0PGGXDBPAMFS.jpg"}, "firstName": "William", "lastName": "Soo"}, "canonicalUrl": "https://foursquare.com/item/515eb74ce4b08e95512bcacc", "todo": {"count": 0}, "disagreeCount": 0}, {"logView": true, "lang": "en", "createdAt": 1277907463, "agreeCount": 0, "likes": {"groups": [{"items": [], "count": 2, "type": "others"}], "summary": "2 likes", "count": 2}, "id": "4c2b5207d1a10f474cb6f764", "text": "The tiramisu....is awesome!", "type": "user", "user": {"gender": "female", "id": "1639641", "photo": {"prefix": "https://igx.4sqi.net/img/user/", "suffix": "/WBDMORI0D4HZGKVR.jpg"}, "firstName": "Frances", "lastName": "Huang"}, "canonicalUrl": "https://foursquare.com/item/4c2b5207d1a10f474cb6f764", "todo": {"count": 0}, "disagreeCount": 0}, {"logView": true, "lang": "en", "createdAt": 1277907467, "agreeCount": 0, "likes": {"groups": [{"items": [], "count": 1, "type": "others"}], "summary": "1 like", "count": 1}, "id": "4c2b520bd1a10f4756b6f764", "text": "The tiramisu...is awesome!", "type": "user", "user": {"gender": "female", "id": "1639641", "photo": {"prefix": "https://igx.4sqi.net/img/user/", "suffix": "/WBDMORI0D4HZGKVR.jpg"}, "firstName": "Frances", "lastName": "Huang"}, "canonicalUrl": "https://foursquare.com/item/4c2b520bd1a10f4756b6f764", "todo": {"count": 0}, "disagreeCount": 0}, {"logView": true, "lang": "en", "createdAt": 1292770058, "agreeCount": 0, "likes": {"groups": [], "count": 0}, "id": "4d0e1b0a35e7a090a9dddc6c", "text": "A perennial favorite!", "type": "user", "user": {"gender": "male", "id": "5341081", "photo": {"prefix": "https://igx.4sqi.net/img/user/", "suffix": "/5341081-I4AZITVXVWQ0DHRQ.jpg"}, "firstName": "Paul", "lastName": "Lee"}, "canonicalUrl": "https://foursquare.com/item/4d0e1b0a35e7a090a9dddc6c", "todo": {"count": 0}, "disagreeCount": 0}, {"authorInteractionType": "liked", "logView": true, "lang": "en", "createdAt": 1374405418, "agreeCount": 0, "likes": {"groups": [], "count": 0}, "id": "51ebc32a498eedf291098800", "text": "Just about everything is good here!", "type": "user", "user": {"gender": "male", "id": "536955", "photo": {"prefix": "https://igx.4sqi.net/img/user/", "suffix": "/536955-0I3H0I3PWX4OO1AB.jpg"}, "firstName": "Wen", "lastName": "Huang"}, "canonicalUrl": "https://foursquare.com/item/51ebc32a498eedf291098800", "todo": {"count": 0}, "disagreeCount": 0}, {"authorInteractionType": "meh", "logView": true, "lang": "en", "createdAt": 1471171703, "agreeCount": 0, "likes": {"groups": [], "count": 0}, "id": "57b04c77498e89aa2e03e4fd", "text": "Years ago, this was the only place in town to get yummy and innovative, yet authentic Italian. However, nowadays there are plenty of options and it's no longer a stand out. Still very good.", "type": "user", "user": {"gender": "male", "id": "65452571", "photo": {"prefix": "https://igx.4sqi.net/img/user/", "suffix": "/65452571-JYFGYNW02QVDB54L.jpg"}, "firstName": "Andrew", "lastName": "C."}, "canonicalUrl": "https://foursquare.com/item/57b04c77498e89aa2e03e4fd", "todo": {"count": 0}, "disagreeCount": 1}, {"authorInteractionType": "liked", "logView": true, "lang": "en", "createdAt": 1365322865, "agreeCount": 0, "likes": {"groups": [], "count": 0}, "id": "51612c71e4b02eb22a8a3647", "text": "Very yummy food! And what's more, they've also done a fantastic job maintaining this high level of quality year after year.", "type": "user", "user": {"gender": "male", "id": "50619133", "photo": {"prefix": "https://igx.4sqi.net/img/user/", "suffix": "/EE2H0PGGXDBPAMFS.jpg"}, "firstName": "William", "lastName": "Soo"}, "canonicalUrl": "https://foursquare.com/item/51612c71e4b02eb22a8a3647", "todo": {"count": 0}, "disagreeCount": 0}, {"logView": true, "lang": "en", "createdAt": 1372169101, "agreeCount": 2, "likes": {"groups": [{"items": [{"gender": "male", "id": "536955", "photo": {"prefix": "https://igx.4sqi.net/img/user/", "suffix": "/536955-0I3H0I3PWX4OO1AB.jpg"}, "firstName": "Wen", "lastName": "Huang"}], "count": 1, "type": "others"}], "summary": "1 like", "count": 1}, "id": "51c9a38d498e48d4b406156e", "text": "Scallops for starters - check. Spaghetti with prawns and crab meat - check. Dates for dessert - check. This is an awesome place to have a good chat w friends. Great service too!", "type": "user", "user": {"gender": "female", "id": "8381449", "photo": {"prefix": "https://igx.4sqi.net/img/user/", "suffix": "/8381449-0HOCTFNTQD1BGTXN.jpg"}, "firstName": "Arlene", "lastName": "Aran Amarante"}, "canonicalUrl": "https://foursquare.com/item/51c9a38d498e48d4b406156e", "todo": {"count": 0}, "disagreeCount": 0}], "count": 11}}}