{"meta": {"code": 200, "requestId": "595a49984434b96bc89b07a8"}, "response": {"tips": {"items": [{"logView": true, "lang": "en", "createdAt": 1296991841, "agreeCount": 0, "likes": {"groups": [{"items": [], "count": 1, "type": "others"}], "summary": "1 like", "count": 1}, "id": "4d4e866123a76dcbc37660dc", "text": "It serves Thai-Indonesian cuisine but it's deco is Peranakan", "type": "user", "user": {"gender": "male", "id": "977960", "photo": {"prefix": "https://igx.4sqi.net/img/user/", "suffix": "/X1XFWPJ3IPWYY32F.jpg"}, "firstName": "Ho", "lastName": "Clement"}, "canonicalUrl": "https://foursquare.com/item/4d4e866123a76dcbc37660dc", "todo": {"count": 0}, "disagreeCount": 0}, {"logView": true, "lang": "en", "createdAt": 1329432814, "agreeCount": 3, "likes": {"groups": [{"items": [{"gender": "none", "id": "99940801", "photo": {"prefix": "https://igx.4sqi.net/img/user/", "default": true, "suffix": "/blank_boy.png"}, "firstName": "Teo", "lastName": "Evelyn"}, {"gender": "female", "id": "25551149", "photo": {"prefix": "https://igx.4sqi.net/img/user/", "suffix": "/25551149-UVMTRSUWHRBVAJ0F.jpg"}, "firstName": "Martina", "lastName": "Maitan"}, {"gender": "male", "id": "52450900", "photo": {"prefix": "https://igx.4sqi.net/img/user/", "suffix": "/QOCNI3YNJQC42JYP.jpg"}, "firstName": "Sudjadi", "lastName": "Tan"}], "count": 3, "type": "others"}], "summary": "3 likes", "count": 3}, "id": "4f3d88eee4b04eeb497c1c9b", "text": "Great service. Second flOor tables are partitioned off from one another w nice peranakan screens, good place for business meeting that requires halal food. Tuahu telor is a must-try.", "type": "user", "user": {"gender": "female", "id": "4925011", "photo": {"prefix": "https://igx.4sqi.net/img/user/", "suffix": "/5WS1YKIWCQBDQ4DZ.jpg"}, "firstName": "Sharon", "lastName": "Liew"}, "canonicalUrl": "https://foursquare.com/item/4f3d88eee4b04eeb497c1c9b", "todo": {"count": 1}, "disagreeCount": 0}, {"logView": true, "lang": "en", "photo": {"id": "507e5db8e4b058f609f613c8", "visibility": "public", "source": {"name": "Foursquare for iOS", "url": "https://foursquare.com/download/#/iphone"}, "suffix": "/3240982_Q9PHpjxM0VCt4TeHYkGgRNyoMx1ykIy7V_gy4rXY8Q0.jpg", "createdAt": 1350458808, "prefix": "https://igx.4sqi.net/img/general/", "width": 538, "height": 720}, "createdAt": 1350458806, "todo": {"count": 0}, "agreeCount": 0, "likes": {"groups": [], "count": 0}, "id": "507e5db6e4b0761d0a3a89dd", "text": "Bumbu Salad :)", "disagreeCount": 0, "user": {"gender": "female", "id": "3240982", "photo": {"prefix": "https://igx.4sqi.net/img/user/", "suffix": "/3240982-U3P130JAZG2TKKLB.jpg"}, "firstName": "marns", "lastName": "ramos"}, "canonicalUrl": "https://foursquare.com/item/507e5db6e4b0761d0a3a89dd", "type": "user", "photourl": "https://igx.4sqi.net/img/general/original/3240982_Q9PHpjxM0VCt4TeHYkGgRNyoMx1ykIy7V_gy4rXY8Q0.jpg"}, {"authorInteractionType": "liked", "logView": true, "lang": "en", "createdAt": 1401624457, "agreeCount": 0, "likes": {"groups": [], "count": 0}, "id": "538b1789498ef46f590f6ead", "text": "I love the pandan chicken", "type": "user", "user": {"gender": "female", "id": "25551149", "photo": {"prefix": "https://igx.4sqi.net/img/user/", "suffix": "/25551149-UVMTRSUWHRBVAJ0F.jpg"}, "firstName": "Martina", "lastName": "Maitan"}, "canonicalUrl": "https://foursquare.com/item/538b1789498ef46f590f6ead", "todo": {"count": 0}, "disagreeCount": 0}, {"logView": true, "lang": "en", "createdAt": 1319548114, "agreeCount": 0, "likes": {"groups": [], "count": 0}, "id": "4ea6b4d2823194acfbcd4498", "text": "A real treasure!!! Been coming here for yearz...still the food, ambience n hospitality is excellent.", "type": "user", "user": {"gender": "none", "id": "4434682", "photo": {"prefix": "https://igx.4sqi.net/img/user/", "suffix": "/PSND3B04S0NK4TOD.jpg"}, "firstName": "Marina", "lastName": "Melanie"}, "canonicalUrl": "https://foursquare.com/item/4ea6b4d2823194acfbcd4498", "todo": {"count": 0}, "disagreeCount": 0}, {"logView": true, "lang": "en", "createdAt": 1312780434, "agreeCount": 0, "likes": {"groups": [], "count": 0}, "id": "4e3f70921495bf24a5f537e3", "text": "LOVE the deep fried morning glory salad, sambal brinjal and rendang. For a Halal place, this restnt does a mean ngoh hiang.", "type": "user", "user": {"id": "11813952", "photo": {"prefix": "https://igx.4sqi.net/img/user/", "suffix": "/11813952_50D-NJw6_iF8gk9QaHi15sAnQYje4l-NBmUHGluQv-eWsvFFYQTShEIGOJmYU6XjnBLwtzteZ.jpg"}, "firstName": "Lareina", "gender": "female"}, "canonicalUrl": "https://foursquare.com/item/4e3f70921495bf24a5f537e3", "todo": {"count": 0}, "disagreeCount": 0}, {"logView": true, "lang": "en", "createdAt": 1363439276, "agreeCount": 0, "likes": {"groups": [], "count": 0}, "id": "51446eace4b076f4a1d9fbe6", "text": "This isn't strictly speaking a Thai restaurant. It calls itself Thai-Indonesian but you could also consider it Peranakan", "type": "user", "user": {"gender": "male", "id": "5940271", "photo": {"prefix": "https://igx.4sqi.net/img/user/", "suffix": "/XKICDEO4C4GHNNE0.jpg"}, "firstName": "Julian", "lastName": "Lloyd"}, "canonicalUrl": "https://foursquare.com/item/51446eace4b076f4a1d9fbe6", "todo": {"count": 0}, "disagreeCount": 0}, {"logView": true, "lang": "en", "createdAt": 1303622643, "agreeCount": 0, "likes": {"groups": [{"items": [], "count": 1, "type": "others"}], "summary": "1 like", "count": 1}, "id": "4db3b3f30437fa536a1bfd37", "text": "Awesome stuff here", "type": "user", "user": {"id": "6773415", "photo": {"prefix": "https://igx.4sqi.net/img/user/", "suffix": "/VC1VHYOBNCVQSRT1.jpg"}, "firstName": "Mr.Psycoboy", "gender": "male"}, "canonicalUrl": "https://foursquare.com/item/4db3b3f30437fa536a1bfd37", "todo": {"count": 0}, "disagreeCount": 0}, {"logView": true, "lang": "en", "createdAt": 1333624201, "agreeCount": 0, "likes": {"groups": [], "count": 0}, "id": "4f7d7d89e4b026d7f1be0759", "text": "Nice cuisine...", "type": "user", "user": {"id": "4207574", "photo": {"prefix": "https://igx.4sqi.net/img/user/", "suffix": "/YKNO4GY01FWO5BRQ.jpg"}, "firstName": "Long", "gender": "male"}, "canonicalUrl": "https://foursquare.com/item/4f7d7d89e4b026d7f1be0759", "todo": {"count": 0}, "disagreeCount": 0}, {"logView": true, "lang": "en", "createdAt": 1319847413, "agreeCount": 0, "likes": {"groups": [], "count": 0}, "id": "4eab45f56d86a323a4a40ca7", "text": "Price : $16.80+ (Adult) & $8.40+ (Child below 10yrs)", "type": "user", "user": {"id": "12980489", "photo": {"prefix": "https://igx.4sqi.net/img/user/", "suffix": "/VANOETFCX2TS1TAA.jpg"}, "firstName": "\ue327\ue327Joselyn Belle \ue327\ue327", "gender": "female"}, "canonicalUrl": "https://foursquare.com/item/4eab45f56d86a323a4a40ca7", "todo": {"count": 0}, "disagreeCount": 0}, {"logView": true, "lang": "en", "createdAt": 1390834881, "agreeCount": 0, "likes": {"groups": [], "count": 0}, "id": "52e674c111d27496c2ede9d5", "text": "Great ambience for lunch and dinner.", "type": "user", "user": {"gender": "male", "id": "2292654", "photo": {"prefix": "https://igx.4sqi.net/img/user/", "suffix": "/2292654-5ZLNPP1JWFJC1Z24.jpg"}, "firstName": "Abdillah", "lastName": "Ady"}, "canonicalUrl": "https://foursquare.com/item/52e674c111d27496c2ede9d5", "todo": {"count": 0}, "disagreeCount": 0}, {"logView": true, "lang": "en", "createdAt": 1319848502, "agreeCount": 0, "likes": {"groups": [], "count": 0}, "id": "4eab4a366d86a323a4a47b91", "text": "Black Pepper Beef.. Green Curry Beef.. Chilli Basil Chix.. Tahu Telor.. Seafood Fried Egg Salad..", "type": "user", "user": {"id": "12980489", "photo": {"prefix": "https://igx.4sqi.net/img/user/", "suffix": "/VANOETFCX2TS1TAA.jpg"}, "firstName": "\ue327\ue327Joselyn Belle \ue327\ue327", "gender": "female"}, "canonicalUrl": "https://foursquare.com/item/4eab4a366d86a323a4a47b91", "todo": {"count": 0}, "disagreeCount": 0}, {"logView": true, "lang": "en", "createdAt": 1296824216, "agreeCount": 0, "likes": {"groups": [], "count": 0}, "id": "4d4bf798a22c224b7ae5f493", "text": "A well hidden treasure that sells good & affordable Indo-Thai cuisine. Try the tahu telor, buah keluak chicken & beef rendang!", "type": "user", "user": {"gender": "none", "id": "6299707", "photo": {"prefix": "https://igx.4sqi.net/img/user/", "suffix": "/5B5FOL1DJT5MDAHM.png"}, "firstName": "Kayle", "lastName": "C"}, "canonicalUrl": "https://foursquare.com/item/4d4bf798a22c224b7ae5f493", "todo": {"count": 1}, "disagreeCount": 0}, {"logView": true, "lang": "en", "createdAt": 1393676835, "agreeCount": 0, "likes": {"groups": [], "count": 0}, "id": "5311d223498e8927d17807df", "text": "Excellent superb tasty indo-Thai fusion food! Order the buffet for the best value-for-money!", "type": "user", "user": {"id": "4901101", "photo": {"prefix": "https://igx.4sqi.net/img/user/", "suffix": "/PMKWO0DSJZM5Q0G0.jpg"}, "firstName": "Jen", "gender": "female"}, "canonicalUrl": "https://foursquare.com/item/5311d223498e8927d17807df", "todo": {"count": 0}, "disagreeCount": 0}, {"logView": true, "lang": "en", "createdAt": 1327039029, "agreeCount": 0, "likes": {"groups": [], "count": 0}, "id": "4f190235e4b0c9f57d22cf84", "text": "Absolutely delicious!", "type": "user", "user": {"gender": "male", "id": "10620071", "photo": {"prefix": "https://igx.4sqi.net/img/user/", "suffix": "/1EL0UYVRV1IT3PUU.jpg"}, "firstName": "Guil", "lastName": "Kahn"}, "canonicalUrl": "https://foursquare.com/item/4f190235e4b0c9f57d22cf84", "todo": {"count": 0}, "disagreeCount": 0}, {"authorInteractionType": "liked", "logView": true, "lang": "en", "createdAt": 1418989765, "agreeCount": 0, "likes": {"groups": [], "count": 0}, "id": "549410c5498ec0126015f698", "text": "The ngoh hiang is good, Ayam buah keluak - is also tasty, although it differs from the usual peranakan style", "type": "user", "user": {"gender": "none", "id": "3724394", "photo": {"prefix": "https://igx.4sqi.net/img/user/", "suffix": "/U5VL0BI3CLFR1WS2.jpg"}, "firstName": "Jillian", "lastName": "Lim"}, "canonicalUrl": "https://foursquare.com/item/549410c5498ec0126015f698", "todo": {"count": 0}, "disagreeCount": 0}, {"authorInteractionType": "meh", "logView": true, "lang": "en", "createdAt": 1431009466, "agreeCount": 1, "likes": {"groups": [], "count": 0}, "id": "554b78ba498eb7adb0426ca1", "text": "Food was alright. Service was good. Order your durian sticky rice dessert early to avoid disappointment like what happened to my table. #ThomtoriEats", "type": "user", "user": {"gender": "male", "id": "1339539", "photo": {"prefix": "https://igx.4sqi.net/img/user/", "suffix": "/1339539-AIRJPNFKHLZSMUDJ.jpg"}, "firstName": "Ian", "lastName": "Thomtori"}, "canonicalUrl": "https://foursquare.com/item/554b78ba498eb7adb0426ca1", "todo": {"count": 0}, "disagreeCount": 0}, {"logView": true, "lang": "en", "createdAt": 1352556913, "agreeCount": 0, "likes": {"groups": [], "count": 0}, "id": "509e6171e4b057cac3e57a95", "text": "Awesome food & awesome service! Worth every cent of your money!", "type": "user", "user": {"gender": "female", "id": "917712", "photo": {"prefix": "https://igx.4sqi.net/img/user/", "suffix": "/917712-1QU0WUEAJRFQLLXR.jpg"}, "firstName": "Syidah", "lastName": "Salleh"}, "canonicalUrl": "https://foursquare.com/item/509e6171e4b057cac3e57a95", "todo": {"count": 0}, "disagreeCount": 0}, {"logView": true, "lang": "zh", "createdAt": 1319847375, "agreeCount": 2, "likes": {"groups": [{"items": [{"id": "4901101", "photo": {"prefix": "https://igx.4sqi.net/img/user/", "suffix": "/PMKWO0DSJZM5Q0G0.jpg"}, "firstName": "Jen", "gender": "female"}, {"gender": "male", "id": "11627236", "photo": {"prefix": "https://igx.4sqi.net/img/user/", "suffix": "/ZHT02M4CS4YURRJL.jpg"}, "firstName": "Feng Run", "lastName": "Chouw"}], "count": 2, "type": "others"}], "summary": "2 likes", "count": 2}, "id": "4eab45cf6d86a323a4a409b7", "text": "Buffet Lunch : 11.00am - 3.00pm & Buffet Dinner : 6.00pm - 10.00pm", "type": "user", "user": {"id": "12980489", "photo": {"prefix": "https://igx.4sqi.net/img/user/", "suffix": "/VANOETFCX2TS1TAA.jpg"}, "firstName": "\ue327\ue327Joselyn Belle \ue327\ue327", "gender": "female"}, "canonicalUrl": "https://foursquare.com/item/4eab45cf6d86a323a4a409b7", "todo": {"count": 0}, "disagreeCount": 0}], "count": 19}}}