{"meta": {"code": 200, "requestId": "595a50c74434b96be5bc8ef3"}, "response": {"tips": {"items": [{"logView": true, "lang": "en", "createdAt": 1428415506, "agreeCount": 0, "likes": {"groups": [], "count": 0}, "id": "5523e412498ee59418fa90ef", "text": "I feel the taste standard drop a bit compares to few years ago I eat", "type": "user", "user": {"gender": "male", "id": "6005384", "photo": {"prefix": "https://igx.4sqi.net/img/user/", "suffix": "/6005384-100XXJ43HIPOHJ3U.jpg"}, "firstName": "Wong", "lastName": "Simon"}, "canonicalUrl": "https://foursquare.com/item/5523e412498ee59418fa90ef", "todo": {"count": 0}, "disagreeCount": 0}, {"logView": true, "lang": "en", "createdAt": 1406373099, "agreeCount": 0, "likes": {"groups": [], "count": 0}, "id": "53d38ceb498e81b8304f8c6a", "text": "Very simple to order.  Pepper Crab per head and Mee Goreng to share.  That's it!", "type": "user", "user": {"gender": "male", "id": "6215288", "photo": {"prefix": "https://igx.4sqi.net/img/user/", "suffix": "/SXGCN3EZSTIZTNIC.jpg"}, "firstName": "Henry", "lastName": "Lee"}, "canonicalUrl": "https://foursquare.com/item/53d38ceb498e81b8304f8c6a", "todo": {"count": 0}, "disagreeCount": 0}, {"logView": true, "lang": "en", "createdAt": 1267874762, "agreeCount": 1, "likes": {"groups": [{"items": [{"gender": "male", "id": "16226119", "photo": {"prefix": "https://igx.4sqi.net/img/user/", "suffix": "/I33UGLJAA4A0WHNV.jpg"}, "firstName": "Mike", "lastName": "Rodriguez"}], "count": 8, "type": "others"}], "summary": "8 likes", "count": 8}, "id": "4b923bca70c603bb7faa93b4", "text": "The black pepper crab is fucking awesome", "type": "user", "user": {"gender": "male", "id": "251922", "photo": {"prefix": "https://igx.4sqi.net/img/user/", "suffix": "/SUMP2FCXM3IDD502.jpg"}, "firstName": "Melvin", "lastName": "Kee"}, "canonicalUrl": "https://foursquare.com/item/4b923bca70c603bb7faa93b4", "todo": {"count": 0}, "disagreeCount": 0}, {"logView": true, "lang": "en", "createdAt": 1305457449, "agreeCount": 0, "likes": {"groups": [], "count": 0}, "id": "4dcfb32952b1f8915bb5f88f", "text": "Black Pepper crabs rocks!!! And try mee goreng,chili crab etc too,it's all taste so good.. But don't forget to come earlier because the queue will be very long :\u00de", "type": "user", "user": {"gender": "male", "id": "3019948", "photo": {"prefix": "https://igx.4sqi.net/img/user/", "suffix": "/3019948-N2KWJMWZNCSMMLHA.jpg"}, "firstName": "Lucky", "lastName": "Oetama"}, "canonicalUrl": "https://foursquare.com/item/4dcfb32952b1f8915bb5f88f", "todo": {"count": 0}, "disagreeCount": 0}, {"authorInteractionType": "liked", "logView": true, "lang": "en", "createdAt": 1435492851, "agreeCount": 1, "likes": {"groups": [], "count": 0}, "id": "558fe1f3498e7bcd075b1279", "text": "No reservation, make sure to get there before the last crab sold-out.", "type": "user", "user": {"gender": "female", "id": "1096083", "photo": {"prefix": "https://igx.4sqi.net/img/user/", "suffix": "/EZF0RTABUYUISPYK.jpg"}, "firstName": "Yaya", "lastName": "C."}, "canonicalUrl": "https://foursquare.com/item/558fe1f3498e7bcd075b1279", "todo": {"count": 0}, "disagreeCount": 0}, {"logView": true, "lang": "en", "createdAt": 1296223454, "agreeCount": 0, "likes": {"groups": [], "count": 0}, "id": "4d42ccde787e6a310fbb68c8", "text": "you definitely have to try the black pepper crab. it's like heaven on earth!!!!", "type": "user", "user": {"gender": "female", "id": "3546923", "photo": {"prefix": "https://igx.4sqi.net/img/user/", "suffix": "/WMEJJVRDIZIC4BQA.jpg"}, "firstName": "Bella", "lastName": "Florentina"}, "canonicalUrl": "https://foursquare.com/item/4d42ccde787e6a310fbb68c8", "todo": {"count": 0}, "disagreeCount": 0}, {"logView": true, "lang": "en", "createdAt": 1286038823, "agreeCount": 0, "likes": {"groups": [], "count": 0}, "id": "4ca765279f4776b023159913", "text": "ring them up to reserve your crabs before you go down, takeaway or not! 6440 5560", "type": "user", "user": {"gender": "male", "id": "393819", "photo": {"prefix": "https://igx.4sqi.net/img/user/", "suffix": "/ISCIASDUTFCXLWTS.jpg"}, "firstName": "Jenkins", "lastName": "Chng"}, "canonicalUrl": "https://foursquare.com/item/4ca765279f4776b023159913", "todo": {"count": 0}, "disagreeCount": 0}, {"authorInteractionType": "liked", "logView": true, "lang": "en", "photo": {"id": "577935da498e14147f0ca221", "visibility": "public", "source": {"name": "Foursquare for iOS", "url": "https://foursquare.com/download/#/iphone"}, "suffix": "/49687352_EX5JyJwO5FN59D8efmQVzzNm9GmqySlMcWYiIbY4CTU.jpg", "createdAt": 1467561434, "prefix": "https://igx.4sqi.net/img/general/", "width": 1440, "height": 1920}, "createdAt": 1467561430, "todo": {"count": 0}, "agreeCount": 0, "likes": {"groups": [], "count": 0}, "id": "577935d6498e1acf784f0ea7", "text": "Crab is in the house and they are really fantastic: juicy and buttery. It's a beautiful mess to eat them and it's one of the few foods where it takes longer to eat than to cook it...", "disagreeCount": 0, "user": {"gender": "male", "id": "49687352", "photo": {"prefix": "https://igx.4sqi.net/img/user/", "suffix": "/49687352-AYVJCY4KVRROOFZS.jpg"}, "firstName": "Andreas", "lastName": "Reuther"}, "canonicalUrl": "https://foursquare.com/item/577935d6498e1acf784f0ea7", "type": "user", "photourl": "https://igx.4sqi.net/img/general/original/49687352_EX5JyJwO5FN59D8efmQVzzNm9GmqySlMcWYiIbY4CTU.jpg"}, {"logView": true, "lang": "en", "createdAt": 1333793395, "agreeCount": 0, "likes": {"groups": [], "count": 0}, "id": "4f801273e4b0d996595e3cc1", "text": "Check out the queue!!!", "type": "user", "user": {"gender": "female", "id": "1450685", "photo": {"prefix": "https://igx.4sqi.net/img/user/", "suffix": "/1450685-TIE3KFFNLLWAEDBG.jpg"}, "firstName": "Sylvia", "lastName": "Lee"}, "canonicalUrl": "https://foursquare.com/item/4f801273e4b0d996595e3cc1", "todo": {"count": 0}, "disagreeCount": 0}, {"logView": true, "lang": "en", "createdAt": 1381647290, "agreeCount": 0, "likes": {"groups": [], "count": 0}, "id": "525a43ba498eba9ab20be150", "text": "Everybody's raving about the crabs here but there is actually a very good chicken rice stall (Rong Ji Chicken Rice) in this coffee shop as well. Their chicken meat & chilli is excellent.", "type": "user", "user": {"gender": "male", "id": "30599435", "photo": {"prefix": "https://igx.4sqi.net/img/user/", "suffix": "/30599435_VFGwCGkP_KJZtGNkxWuKAloSRzZmkVQ0zaQ22sfzp1GTiHcwkgOeD8Kpzn2YsIzNIAYO3mggB.jpg"}, "firstName": "Jonathan", "lastName": "Lim"}, "canonicalUrl": "https://foursquare.com/item/525a43ba498eba9ab20be150", "todo": {"count": 0}, "disagreeCount": 0}, {"logView": true, "lang": "en", "createdAt": 1343541538, "agreeCount": 2, "likes": {"groups": [{"items": [{"gender": "male", "id": "74546308", "photo": {"prefix": "https://igx.4sqi.net/img/user/", "suffix": "/74546308-AW4WKQ4HM1KRIAFD.jpg"}, "firstName": "Andi", "lastName": "Soegiarto"}, {"gender": "male", "id": "1155076", "photo": {"prefix": "https://igx.4sqi.net/img/user/", "suffix": "/MX5SSC5O3V2CJITA.jpg"}, "firstName": "Chunyang", "lastName": "\ucd98\uc591"}], "count": 2, "type": "others"}], "summary": "2 likes", "count": 2}, "id": "5014d122e4b01bcdb27b1874", "text": "Extremely delicious! If you're just two persons, don't bother to order the other dishes, black pepper crab it is!", "type": "user", "user": {"gender": "female", "id": "972780", "photo": {"prefix": "https://igx.4sqi.net/img/user/", "suffix": "/VU1UN14IGBD11HLR.jpg"}, "firstName": "Citra", "lastName": "Ernest"}, "canonicalUrl": "https://foursquare.com/item/5014d122e4b01bcdb27b1874", "todo": {"count": 0}, "disagreeCount": 0}, {"logView": true, "lang": "en", "createdAt": 1400497784, "agreeCount": 0, "likes": {"groups": [], "count": 0}, "id": "5379e678498e72d3e21c5754", "text": "Black pepper chill crab is a must", "type": "user", "user": {"id": "612313", "photo": {"prefix": "https://igx.4sqi.net/img/user/", "suffix": "/612313-0MSBKVV3HBKGRI4E.jpg"}, "firstName": "NungNing \ud83c\udf80", "gender": "female"}, "canonicalUrl": "https://foursquare.com/item/5379e678498e72d3e21c5754", "todo": {"count": 0}, "disagreeCount": 0}, {"authorInteractionType": "liked", "logView": true, "lang": "en", "photo": {"id": "56affa5b498edc64b08c1fba", "visibility": "public", "source": {"name": "Foursquare for iOS", "url": "https://foursquare.com/download/#/iphone"}, "suffix": "/73130200_-nHq7-O_2h35jlG6snnISzSUYZJWL04zWNCPMP1lCno.jpg", "createdAt": 1454373467, "prefix": "https://igx.4sqi.net/img/general/", "width": 1440, "height": 1920}, "createdAt": 1454373465, "todo": {"count": 0}, "agreeCount": 0, "likes": {"groups": [], "count": 0}, "id": "56affa59498ecf41a6b5f581", "text": "The black pepper sauce is at the sweet side but still got the kick from it", "disagreeCount": 0, "user": {"gender": "male", "id": "73130200", "photo": {"prefix": "https://igx.4sqi.net/img/user/", "suffix": "/73130200-5GVAWLK1ANTH1TGA.jpg"}, "firstName": "Sapasapa", "lastName": "Chai"}, "canonicalUrl": "https://foursquare.com/item/56affa59498ecf41a6b5f581", "type": "user", "photourl": "https://igx.4sqi.net/img/general/original/73130200_-nHq7-O_2h35jlG6snnISzSUYZJWL04zWNCPMP1lCno.jpg"}, {"logView": true, "lang": "en", "createdAt": 1325303042, "agreeCount": 0, "likes": {"groups": [{"items": [], "count": 1, "type": "others"}], "summary": "1 like", "count": 1}, "id": "4efe85022c5b66f33b1095fa", "text": "Best in singapore", "type": "user", "user": {"gender": "male", "id": "370119", "photo": {"prefix": "https://igx.4sqi.net/img/user/", "suffix": "/5HTPI1II2SPKIVRD.jpg"}, "firstName": "kei", "lastName": "hin"}, "canonicalUrl": "https://foursquare.com/item/4efe85022c5b66f33b1095fa", "todo": {"count": 0}, "disagreeCount": 0}, {"logView": true, "lang": "en", "createdAt": 1354540515, "agreeCount": 0, "likes": {"groups": [], "count": 0}, "id": "50bca5e3e4b0e5071dc2a093", "text": "Black pepper crab :)", "type": "user", "user": {"gender": "female", "id": "42539308", "photo": {"prefix": "https://igx.4sqi.net/img/user/", "suffix": "/4WQJVLJVNBUPZFJG.jpg"}, "firstName": "Ashley", "lastName": "Ho"}, "canonicalUrl": "https://foursquare.com/item/50bca5e3e4b0e5071dc2a093", "todo": {"count": 0}, "disagreeCount": 0}, {"logView": true, "lang": "en", "createdAt": 1263176269, "agreeCount": 0, "likes": {"groups": [{"items": [], "count": 2, "type": "others"}], "summary": "2 likes", "count": 2}, "id": "4b4a8a4d70c603bb4e4a90b4", "text": "Their economy fried bee hoon stall there is legendary!", "type": "user", "user": {"gender": "male", "id": "201884", "photo": {"prefix": "https://igx.4sqi.net/img/user/", "default": true, "suffix": "/blank_boy.png"}, "firstName": "Christopher", "lastName": "Chew"}, "canonicalUrl": "https://foursquare.com/item/4b4a8a4d70c603bb4e4a90b4", "todo": {"count": 0}, "disagreeCount": 0}, {"logView": true, "lang": "en", "createdAt": 1316859310, "agreeCount": 0, "likes": {"groups": [], "count": 0}, "id": "4e7dadae9a52b59bf0fe04d2", "text": "Open from 5pm to 8pm only", "type": "user", "user": {"gender": "male", "id": "4005383", "photo": {"prefix": "https://igx.4sqi.net/img/user/", "suffix": "/NY20NSTZP14XVLUM.jpg"}, "firstName": "Hoang", "lastName": "Pham"}, "canonicalUrl": "https://foursquare.com/item/4e7dadae9a52b59bf0fe04d2", "todo": {"count": 0}, "disagreeCount": 0}, {"authorInteractionType": "liked", "logView": true, "lang": "en", "createdAt": 1392290596, "agreeCount": 0, "likes": {"groups": [], "count": 0}, "id": "52fcab24498e2b04bc97b4b7", "text": "Yummy black pepper crab / mee goreng / you Tiao !!!", "type": "user", "user": {"gender": "female", "id": "67490872", "photo": {"prefix": "https://igx.4sqi.net/img/user/", "suffix": "/67490872-UFWLI45BGSJZFN40.jpg"}, "firstName": "Eileen", "lastName": "Lin"}, "canonicalUrl": "https://foursquare.com/item/52fcab24498e2b04bc97b4b7", "todo": {"count": 0}, "disagreeCount": 0}, {"logView": true, "lang": "th", "createdAt": 1399374136, "agreeCount": 1, "likes": {"groups": [{"items": [{"gender": "male", "id": "962255", "photo": {"prefix": "https://igx.4sqi.net/img/user/", "suffix": "/VGXBLLYBKKQD40P2.jpg"}, "firstName": "Chain", "lastName": "U."}], "count": 1, "type": "others"}], "summary": "1 like", "count": 1}, "id": "5368c13811d240683c10f134", "text": "\u0e1b\u0e39\u0e1e\u0e23\u0e34\u0e01\u0e44\u0e17\u0e22\u0e14\u0e33 \u0e1b\u0e32\u0e17\u0e48\u0e2d\u0e07\u0e42\u0e01\u0e4b\u0e22\u0e31\u0e14\u0e43\u0e2a\u0e49", "type": "user", "user": {"gender": "male", "id": "962255", "photo": {"prefix": "https://igx.4sqi.net/img/user/", "suffix": "/VGXBLLYBKKQD40P2.jpg"}, "firstName": "Chain", "lastName": "U."}, "canonicalUrl": "https://foursquare.com/item/5368c13811d240683c10f134", "todo": {"count": 0}, "disagreeCount": 0}, {"logView": true, "lang": "en", "createdAt": 1350285564, "agreeCount": 1, "likes": {"groups": [{"items": [{"id": "175728", "photo": {"prefix": "https://igx.4sqi.net/img/user/", "suffix": "/175728-SIP0E2VP2GTBYY3F.jpg"}, "firstName": "Clover\ud83c\udf40", "gender": "female"}], "count": 1, "type": "others"}], "summary": "1 like", "count": 1}, "id": "507bb8fce4b0eb8b84f270d5", "text": "They close at 8.30 PM sharp so if you arrive late, prepare to tapao !", "type": "user", "user": {"id": "6800815", "photo": {"prefix": "https://igx.4sqi.net/img/user/", "suffix": "/MO2PHC4ECS01SD3R.jpg"}, "firstName": "Dom", "gender": "none"}, "canonicalUrl": "https://foursquare.com/item/507bb8fce4b0eb8b84f270d5", "todo": {"count": 0}, "disagreeCount": 0}, {"logView": true, "lang": "en", "createdAt": 1277378005, "agreeCount": 0, "likes": {"groups": [{"items": [], "count": 1, "type": "others"}], "summary": "1 like", "count": 1}, "id": "4c233dd59a67a593eeaadd87", "text": "Love their black pepper and chilli crabs! Both are wonderfully spicy. Yum!", "type": "user", "user": {"gender": "female", "id": "681260", "photo": {"prefix": "https://igx.4sqi.net/img/user/", "suffix": "/YW2APO0Q1KLZUFJW.jpg"}, "firstName": "Anya", "lastName": "Renoir"}, "canonicalUrl": "https://foursquare.com/item/4c233dd59a67a593eeaadd87", "todo": {"count": 1}, "disagreeCount": 0}, {"logView": true, "lang": "en", "createdAt": 1286937085, "agreeCount": 0, "likes": {"groups": [], "count": 0}, "id": "4cb519fd7abcbfb76395a51f", "text": "black pepper crabs!! and chilli crabs!!", "type": "user", "user": {"gender": "female", "id": "3762489", "photo": {"prefix": "https://igx.4sqi.net/img/user/", "suffix": "/F4PQT05IEHUJ532B.jpg"}, "firstName": "Natty", "lastName": "Lee"}, "canonicalUrl": "https://foursquare.com/item/4cb519fd7abcbfb76395a51f", "todo": {"count": 0}, "disagreeCount": 0}, {"logView": true, "lang": "en", "createdAt": 1275832643, "agreeCount": 0, "likes": {"groups": [{"items": [], "count": 2, "type": "others"}], "summary": "2 likes", "count": 2}, "id": "4c0ba9434d49ef3bcfee5b6a", "text": "Black pepper crab was yummy but the Steamed Crab was overdone and it wasn't tasty at all! Mee Goreng MUST try cos it's really delicious!", "type": "user", "user": {"gender": "female", "id": "170930", "photo": {"prefix": "https://igx.4sqi.net/img/user/", "suffix": "/170930-FUO5EOD0MTF031ZZ.jpg"}, "firstName": "Priscilla", "lastName": "Tan"}, "canonicalUrl": "https://foursquare.com/item/4c0ba9434d49ef3bcfee5b6a", "todo": {"count": 0}, "disagreeCount": 0}, {"authorInteractionType": "liked", "logView": true, "lang": "en", "createdAt": 1374417143, "agreeCount": 1, "likes": {"groups": [{"items": [{"gender": "female", "id": "3435255", "photo": {"prefix": "https://igx.4sqi.net/img/user/", "suffix": "/K1IOVP2SMRYMOMIM.jpg"}, "firstName": "Joslyn", "lastName": "Ng Shi Ling"}], "count": 1, "type": "others"}], "summary": "1 like", "count": 1}, "id": "51ebf0f7498e60223307d4b7", "text": "All times favourite! The best black pepper crab i tried so far! Can't wait to go back again! Awesome! *Go early to avoid long queue! \u2665", "type": "user", "user": {"gender": "female", "id": "3435255", "photo": {"prefix": "https://igx.4sqi.net/img/user/", "suffix": "/K1IOVP2SMRYMOMIM.jpg"}, "firstName": "Joslyn", "lastName": "Ng Shi Ling"}, "canonicalUrl": "https://foursquare.com/item/51ebf0f7498e60223307d4b7", "todo": {"count": 0}, "disagreeCount": 0}, {"logView": true, "lang": "en", "createdAt": 1301820355, "agreeCount": 0, "likes": {"groups": [{"items": [], "count": 1, "type": "others"}], "summary": "1 like", "count": 1}, "id": "4d9833c3c19fb60c4b72a965", "text": "Love the black pepper crab!!", "type": "user", "user": {"gender": "female", "id": "3665298", "photo": {"prefix": "https://igx.4sqi.net/img/user/", "suffix": "/2T3GPKKVLKQS1ORL.jpg"}, "firstName": "Siew woon", "lastName": "Yeo"}, "canonicalUrl": "https://foursquare.com/item/4d9833c3c19fb60c4b72a965", "todo": {"count": 0}, "disagreeCount": 0}, {"authorInteractionType": "liked", "logView": true, "lang": "en", "createdAt": 1414283132, "agreeCount": 0, "likes": {"groups": [], "count": 0}, "id": "544c3f7c498e5027af2ef184", "text": "just go for the damn crabs ... one or 2 not enough.", "type": "user", "user": {"gender": "male", "id": "5728837", "photo": {"prefix": "https://igx.4sqi.net/img/user/", "suffix": "/03YFGNTZDYL5YDTY.jpg"}, "firstName": "mitch", "lastName": "tan"}, "canonicalUrl": "https://foursquare.com/item/544c3f7c498e5027af2ef184", "todo": {"count": 0}, "disagreeCount": 0}, {"logView": true, "lang": "en", "createdAt": 1393063156, "agreeCount": 0, "likes": {"groups": [], "count": 0}, "id": "530874f4498e69fe86a384cc", "text": "Can have very good food but expect bad service due to lots of customer :)", "type": "user", "user": {"id": "3250547", "photo": {"prefix": "https://igx.4sqi.net/img/user/", "suffix": "/3250547-XIXG1FFHV0MPCWUU.jpg"}, "firstName": "Unclefeb", "gender": "male"}, "canonicalUrl": "https://foursquare.com/item/530874f4498e69fe86a384cc", "todo": {"count": 0}, "disagreeCount": 0}, {"logView": true, "lang": "en", "createdAt": 1288435873, "agreeCount": 0, "likes": {"groups": [], "count": 0}, "id": "4ccbf8a1511b236a9cf4edc9", "text": "Crab here is supposed to be damn awesome, waiting time at least an hour though!!!", "type": "user", "user": {"gender": "female", "id": "2670814", "photo": {"prefix": "https://igx.4sqi.net/img/user/", "suffix": "/2670814-N0ZWVLLBSA5RAUUL.jpg"}, "firstName": "Melissa", "lastName": "Ng"}, "canonicalUrl": "https://foursquare.com/item/4ccbf8a1511b236a9cf4edc9", "todo": {"count": 1}, "disagreeCount": 0}, {"logView": true, "lang": "en", "createdAt": 1298027689, "agreeCount": 0, "likes": {"groups": [], "count": 0}, "id": "4d5e54a9865a224beac19085", "text": "Everyone comes here for the black pepper crabs, but the mee goring is pretty awesome too!", "type": "user", "user": {"gender": "female", "id": "2476479", "photo": {"prefix": "https://igx.4sqi.net/img/user/", "suffix": "/3RZ2ZNR5X25XCCTH.jpg"}, "firstName": "Alethea", "lastName": "Kerk"}, "canonicalUrl": "https://foursquare.com/item/4d5e54a9865a224beac19085", "todo": {"count": 0}, "disagreeCount": 0}, {"logView": true, "lang": "en", "createdAt": 1282561245, "agreeCount": 0, "likes": {"groups": [], "count": 0}, "id": "4c7254dd13228cfaeeb02a65", "text": "Super awesome black pepper crabs!!! Try it you won't regret it!", "type": "user", "user": {"gender": "male", "id": "1094755", "photo": {"prefix": "https://igx.4sqi.net/img/user/", "suffix": "/4TA3V0ICS541E1EA.jpg"}, "firstName": "Evan", "lastName": "Ngow"}, "canonicalUrl": "https://foursquare.com/item/4c7254dd13228cfaeeb02a65", "todo": {"count": 0}, "disagreeCount": 0}, {"logView": true, "lang": "en", "createdAt": 1300688066, "agreeCount": 0, "likes": {"groups": [], "count": 0}, "id": "4d86ecc2f1e56ea856bfa68a", "text": "Black pepper crab has a thick sauce of finely ground pepper.  Spicy and sweet.  Crab was meaty.  Delish.  Didn't care for the mee goreng.", "type": "user", "user": {"gender": "female", "id": "7926733", "photo": {"prefix": "https://igx.4sqi.net/img/user/", "default": true, "suffix": "/blank_girl.png"}, "firstName": "Jen", "lastName": "H"}, "canonicalUrl": "https://foursquare.com/item/4d86ecc2f1e56ea856bfa68a", "todo": {"count": 0}, "disagreeCount": 0}, {"authorInteractionType": "liked", "logView": true, "lang": "en", "createdAt": 1358417556, "agreeCount": 0, "likes": {"groups": [], "count": 0}, "id": "50f7ce94e4b0ee6597e953e4", "text": "On a weekend, make sure you go as early as 430pm to get a table. If you plan a to-go, call them for make a reservation. Minimum 2 crabs per order.", "type": "user", "user": {"gender": "male", "id": "43450139", "photo": {"prefix": "https://igx.4sqi.net/img/user/", "suffix": "/ZROAP4MQBI1ZEEYJ.jpg"}, "firstName": "Paul", "lastName": "Liew"}, "canonicalUrl": "https://foursquare.com/item/50f7ce94e4b0ee6597e953e4", "todo": {"count": 1}, "disagreeCount": 0}, {"logView": true, "lang": "en", "createdAt": 1303637154, "agreeCount": 0, "likes": {"groups": [], "count": 0}, "id": "4db3eca25da3a76f44340849", "text": "Great black pepper crab...", "type": "user", "user": {"gender": "male", "id": "8626838", "photo": {"prefix": "https://igx.4sqi.net/img/user/", "suffix": "/8626838-OOPJACMZPXTFW211.jpg"}, "firstName": "Larry", "lastName": "Lim"}, "canonicalUrl": "https://foursquare.com/item/4db3eca25da3a76f44340849", "todo": {"count": 0}, "disagreeCount": 0}, {"logView": true, "lang": "en", "createdAt": 1298194853, "agreeCount": 0, "likes": {"groups": [], "count": 0}, "id": "4d60e1a59f67f04d82517efb", "text": "Black pepper crabby nice!!!!!", "type": "user", "user": {"gender": "male", "id": "5623649", "photo": {"prefix": "https://igx.4sqi.net/img/user/", "suffix": "/X0LK0NBUR5ZN5OKA.jpg"}, "firstName": "Kalze", "lastName": "Chong"}, "canonicalUrl": "https://foursquare.com/item/4d60e1a59f67f04d82517efb", "todo": {"count": 0}, "disagreeCount": 0}, {"logView": true, "lang": "en", "createdAt": 1272801751, "agreeCount": 1, "likes": {"groups": [{"items": [{"gender": "female", "id": "3116780", "photo": {"prefix": "https://igx.4sqi.net/img/user/", "suffix": "/RWF5YJIBHWTG5JUI.jpg"}, "firstName": "Charmaine", "lastName": "Siew"}], "count": 1, "type": "others"}], "summary": "1 like", "count": 1}, "id": "4bdd69d770c603bbdb009ab4", "text": "Black pepper crabs, need I say more? The satay auntie has a weird voice btw", "type": "user", "user": {"gender": "male", "id": "848173", "photo": {"prefix": "https://igx.4sqi.net/img/user/", "suffix": "/HS00VJZKKEI0VNPG.jpg"}, "firstName": "Dylan", "lastName": "Wang"}, "canonicalUrl": "https://foursquare.com/item/4bdd69d770c603bbdb009ab4", "todo": {"count": 0}, "disagreeCount": 0}, {"logView": true, "lang": "en", "createdAt": 1322383195, "agreeCount": 0, "likes": {"groups": [{"items": [], "count": 1, "type": "others"}], "summary": "1 like", "count": 1}, "id": "4ed1f75be5faa5ec04b6a275", "text": "remember to Q early!!^^", "type": "user", "user": {"gender": "female", "id": "3665298", "photo": {"prefix": "https://igx.4sqi.net/img/user/", "suffix": "/2T3GPKKVLKQS1ORL.jpg"}, "firstName": "Siew woon", "lastName": "Yeo"}, "canonicalUrl": "https://foursquare.com/item/4ed1f75be5faa5ec04b6a275", "todo": {"count": 0}, "disagreeCount": 0}, {"logView": true, "lang": "en", "createdAt": 1307781416, "agreeCount": 0, "likes": {"groups": [], "count": 0}, "id": "4df32928483bdb5e13734c62", "text": "Come early if want large crabs....:)", "type": "user", "user": {"gender": "male", "id": "10361583", "photo": {"prefix": "https://igx.4sqi.net/img/user/", "suffix": "/YNPQYY0BPQ1KRQFF.jpg"}, "firstName": "Alvin", "lastName": "Garcia"}, "canonicalUrl": "https://foursquare.com/item/4df32928483bdb5e13734c62", "todo": {"count": 0}, "disagreeCount": 0}, {"logView": true, "lang": "en", "createdAt": 1370581409, "agreeCount": 0, "likes": {"groups": [], "count": 0}, "id": "51b169a1498e99ebe1f14eee", "text": "Black pepper crab is really good", "type": "user", "user": {"gender": "male", "id": "1562097", "photo": {"prefix": "https://igx.4sqi.net/img/user/", "suffix": "/IF4YZWLJJEUHMM02.jpg"}, "firstName": "Jonathan", "lastName": "Young"}, "canonicalUrl": "https://foursquare.com/item/51b169a1498e99ebe1f14eee", "todo": {"count": 0}, "disagreeCount": 0}, {"logView": true, "lang": "en", "createdAt": 1467290200, "agreeCount": 0, "likes": {"groups": [], "count": 0}, "id": "57751258498eaa173b39745f", "text": "Black pepper crab is great to eat.. The black pepper can be taste inside the crab. Note: you will be chase out of the shop.", "type": "user", "user": {"gender": "male", "id": "2494103", "photo": {"prefix": "https://igx.4sqi.net/img/user/", "suffix": "/2JM4TG2HFFQETUMT.jpg"}, "firstName": "Mattew", "lastName": "Tan"}, "canonicalUrl": "https://foursquare.com/item/57751258498eaa173b39745f", "todo": {"count": 0}, "disagreeCount": 0}, {"authorInteractionType": "liked", "logView": true, "lang": "en", "createdAt": 1410084962, "agreeCount": 0, "likes": {"groups": [], "count": 0}, "id": "540c3062498e0bd9db71b5cc", "text": "Don't bother coming after 6.30pm. Chilli and black pepper crab is good.", "type": "user", "user": {"gender": "male", "id": "14140865", "photo": {"prefix": "https://igx.4sqi.net/img/user/", "suffix": "/14140865-EJTFL45O25SLSHGX.jpg"}, "firstName": "Jeremy", "lastName": "Tay"}, "canonicalUrl": "https://foursquare.com/item/540c3062498e0bd9db71b5cc", "todo": {"count": 0}, "disagreeCount": 0}, {"logView": true, "lang": "en", "createdAt": 1298798229, "agreeCount": 0, "likes": {"groups": [{"items": [], "count": 1, "type": "others"}], "summary": "1 like", "count": 1}, "id": "4d6a1695342b8cfa4190d22c", "text": "black pepper crab plus mee goreng plus 2 can of lime juice= mega loves.", "type": "user", "user": {"gender": "female", "id": "5795732", "photo": {"prefix": "https://igx.4sqi.net/img/user/", "suffix": "/M1NIBRBGKKAHFHE5.jpg"}, "firstName": "Lingoo", "lastName": "hL"}, "canonicalUrl": "https://foursquare.com/item/4d6a1695342b8cfa4190d22c", "todo": {"count": 0}, "disagreeCount": 0}, {"logView": true, "lang": "en", "createdAt": 1272795045, "agreeCount": 0, "likes": {"groups": [], "count": 0}, "id": "4bdd4fa570c603bbe2fe99b4", "text": "Their legendary crabs are as legendary as their long queues!! Haha.. But! The crabs are totally worth the wait!", "type": "user", "user": {"gender": "male", "id": "273740", "photo": {"prefix": "https://igx.4sqi.net/img/user/", "suffix": "/0URMT2WRSNVINIPJ.jpg"}, "firstName": "Gerald", "lastName": "Chua"}, "canonicalUrl": "https://foursquare.com/item/4bdd4fa570c603bbe2fe99b4", "todo": {"count": 0}, "disagreeCount": 0}, {"logView": true, "lang": "en", "createdAt": 1295955949, "agreeCount": 0, "likes": {"groups": [], "count": 0}, "id": "4d3eb7ed6e0aa1cd2c1ff72c", "text": "Black pepper crabs are really fantastic. Very good black-pepper sauce :)", "type": "user", "user": {"gender": "male", "id": "3570264", "photo": {"prefix": "https://igx.4sqi.net/img/user/", "suffix": "/LVQKO1NC0VCM3Y41.jpg"}, "firstName": "James", "lastName": "Li Zhiwei"}, "canonicalUrl": "https://foursquare.com/item/4d3eb7ed6e0aa1cd2c1ff72c", "todo": {"count": 0}, "disagreeCount": 0}, {"logView": true, "lang": "en", "createdAt": 1379516737, "agreeCount": 0, "likes": {"groups": [], "count": 0}, "id": "5239c14111d208d8b67cb2d9", "text": "Best black pepper crab ever but need to put up with crappy service and long queues... You can call to order takeaways and pick it up. That might be better.", "type": "user", "user": {"id": "12305570", "photo": {"prefix": "https://igx.4sqi.net/img/user/", "suffix": "/12305570-J3K4UGYLG55R2V4G.jpg"}, "firstName": "Saudade", "gender": "female"}, "canonicalUrl": "https://foursquare.com/item/5239c14111d208d8b67cb2d9", "todo": {"count": 0}, "disagreeCount": 0}, {"logView": true, "lang": "en", "createdAt": 1320590986, "agreeCount": 0, "likes": {"groups": [], "count": 0}, "id": "4eb69e8a4901cef9d9072fb1", "text": "Come early (5ish) for their signature black pepper crabs. Otherwise u may end up behind a long queue", "type": "user", "user": {"gender": "male", "id": "12285945", "photo": {"prefix": "https://igx.4sqi.net/img/user/", "suffix": "/0XEOG0VKM31FI422.jpg"}, "firstName": "Melvin", "lastName": "Lim"}, "canonicalUrl": "https://foursquare.com/item/4eb69e8a4901cef9d9072fb1", "todo": {"count": 0}, "disagreeCount": 0}], "count": 45}}}