{"meta": {"code": 200, "requestId": "595a49644c1f67709ec19df4"}, "response": {"tips": {"items": [{"logView": true, "lang": "en", "createdAt": 1377412794, "agreeCount": 1, "likes": {"groups": [{"items": [{"gender": "male", "id": "90713032", "photo": {"prefix": "https://igx.4sqi.net/img/user/", "suffix": "/90713032-Z0M3YZIR4U2PR1DU.jpg"}, "firstName": "James", "lastName": "Lee"}], "count": 1, "type": "others"}], "summary": "1 like", "count": 1}, "id": "5219a6ba11d26ee79e3d9a61", "text": "Incompent waitress. Had her repeat the order and she still had the order wrong when the food was brought to the table!", "type": "user", "user": {"gender": "male", "id": "15214048", "photo": {"prefix": "https://igx.4sqi.net/img/user/", "suffix": "/CHVY2YD00UQDRVAB.jpg"}, "firstName": "Paul", "lastName": "Corpuz"}, "canonicalUrl": "https://foursquare.com/item/5219a6ba11d26ee79e3d9a61", "todo": {"count": 0}, "disagreeCount": 0}, {"logView": true, "lang": "en", "createdAt": 1274619045, "agreeCount": 0, "likes": {"groups": [], "count": 0}, "id": "4bf924a570c603bb36a89cb4", "text": "Don't eat the processed Tonkatsu Curry and charred hamburger steak thing'em. Terrible.", "type": "user", "user": {"gender": "female", "id": "748739", "photo": {"prefix": "https://igx.4sqi.net/img/user/", "suffix": "/LFDZHWWEGX2QYGVX.jpg"}, "firstName": "Venus", "lastName": "Ng"}, "canonicalUrl": "https://foursquare.com/item/4bf924a570c603bb36a89cb4", "todo": {"count": 0}, "disagreeCount": 0}, {"logView": true, "lang": "en", "createdAt": 1274269848, "agreeCount": 0, "likes": {"groups": [{"items": [], "count": 1, "type": "others"}], "summary": "1 like", "count": 1}, "id": "4bf3d09870c603bb88199cb4", "text": "There's better restaurant out there food is overpriced and doesn't taste nice", "type": "user", "user": {"id": "397210", "photo": {"prefix": "https://igx.4sqi.net/img/user/", "suffix": "/RBPMIAZZTCB4O4US.jpg"}, "firstName": "Wilfred", "gender": "male"}, "canonicalUrl": "https://foursquare.com/item/4bf3d09870c603bb88199cb4", "todo": {"count": 0}, "disagreeCount": 0}, {"authorInteractionType": "liked", "logView": true, "lang": "en", "createdAt": 1425551381, "agreeCount": 0, "likes": {"groups": [], "count": 0}, "id": "54f8301511d2bacb22dac7c4", "text": "Cute place, great food, good price, and best fruit tarts in Singapore.", "type": "user", "user": {"gender": "female", "id": "528290", "photo": {"prefix": "https://igx.4sqi.net/img/user/", "suffix": "/2XKG2GKCJGKZ0LUJ.jpg"}, "firstName": "Cynner", "lastName": "Lim"}, "canonicalUrl": "https://foursquare.com/item/54f8301511d2bacb22dac7c4", "todo": {"count": 0}, "disagreeCount": 0}, {"logView": true, "lang": "it", "createdAt": 1345010658, "agreeCount": 0, "likes": {"groups": [], "count": 0}, "id": "502b3be2e4b0e9c46a278341", "text": "Chef's Pizza - Ma Maison - Bugis Junction", "type": "user", "user": {"gender": "male", "id": "3345354", "photo": {"prefix": "https://igx.4sqi.net/img/user/", "suffix": "/-ELNUANLSKLIMH5HF.jpg"}, "firstName": "Mark", "lastName": "Dickenson"}, "canonicalUrl": "https://foursquare.com/item/502b3be2e4b0e9c46a278341", "todo": {"count": 0}, "disagreeCount": 0}, {"logView": true, "lang": "en", "createdAt": 1315785219, "agreeCount": 0, "likes": {"groups": [], "count": 0}, "id": "4e6d4a03e4cd7236ef6b2e2c", "text": "Nice ambience. Good food, recommended!", "type": "user", "user": {"id": "2535381", "photo": {"prefix": "https://igx.4sqi.net/img/user/", "suffix": "/OYN3VZLXI10AAYCM.jpg"}, "firstName": "Yuven", "gender": "female"}, "canonicalUrl": "https://foursquare.com/item/4e6d4a03e4cd7236ef6b2e2c", "todo": {"count": 0}, "disagreeCount": 0}, {"logView": true, "lang": "en", "createdAt": 1407458881, "agreeCount": 0, "likes": {"groups": [], "count": 0}, "id": "53e41e41498e6f02ed0cc0e8", "text": "Japanese style french restaurant. Seems like good place to bring kids (many moms hanging out)", "type": "user", "user": {"gender": "female", "id": "45371521", "photo": {"prefix": "https://igx.4sqi.net/img/user/", "suffix": "/45371521-SUK14ZTOXTY1VGE2.jpg"}, "firstName": "HaeAn", "lastName": "Sung"}, "canonicalUrl": "https://foursquare.com/item/53e41e41498e6f02ed0cc0e8", "todo": {"count": 0}, "disagreeCount": 0}, {"logView": true, "lang": "en", "createdAt": 1366864243, "agreeCount": 0, "likes": {"groups": [], "count": 0}, "id": "5178b173e4b04d598e8c2ca5", "text": "The pies are their hidden gem! I love the grape one", "type": "user", "user": {"gender": "female", "id": "16118457", "photo": {"prefix": "https://igx.4sqi.net/img/user/", "suffix": "/I4ICONEW2MFCRUTT.jpg"}, "firstName": "Lyna", "lastName": "Arlyna"}, "canonicalUrl": "https://foursquare.com/item/5178b173e4b04d598e8c2ca5", "todo": {"count": 0}, "disagreeCount": 0}, {"logView": true, "lang": "en", "photo": {"id": "5562855b498e407e583ccfce", "visibility": "public", "source": {"name": "Foursquare for Android", "url": "https://foursquare.com/download/#/android"}, "suffix": "/3640993_AXpnyGZQD6Y5cqE9l_rjl-IGexm5XuAYbJbWKdBmEp8.jpg", "createdAt": 1432520027, "prefix": "https://igx.4sqi.net/img/general/", "width": 3264, "height": 1836}, "createdAt": 1432520022, "todo": {"count": 0}, "agreeCount": 0, "likes": {"groups": [], "count": 0}, "id": "55628556498e4d4c3188d343", "text": "A nice and cozy place, very home feel kinda feel. Food wise is quite OK (too much tendon!), however the service is definitely impeccable!", "disagreeCount": 0, "user": {"gender": "female", "id": "3640993", "photo": {"prefix": "https://igx.4sqi.net/img/user/", "suffix": "/3640993-JLIVA50ARGSHO2SC.jpg"}, "firstName": "Ivy", "lastName": "Lai"}, "canonicalUrl": "https://foursquare.com/item/55628556498e4d4c3188d343", "type": "user", "photourl": "https://igx.4sqi.net/img/general/original/3640993_AXpnyGZQD6Y5cqE9l_rjl-IGexm5XuAYbJbWKdBmEp8.jpg"}, {"authorInteractionType": "liked", "logView": true, "lang": "en", "createdAt": 1384666926, "agreeCount": 0, "likes": {"groups": [], "count": 0}, "id": "5288572e11d2e7a5d6b3e3cb", "text": "Doria for ladies. With spaghetti. The one for men uses ketchup rice, go figure", "type": "user", "user": {"gender": "male", "id": "308951", "photo": {"prefix": "https://igx.4sqi.net/img/user/", "suffix": "/3UP0AI4WEWFBWG2M.jpg"}, "firstName": "Gabriel", "lastName": "Seah"}, "canonicalUrl": "https://foursquare.com/item/5288572e11d2e7a5d6b3e3cb", "todo": {"count": 0}, "disagreeCount": 0}, {"logView": true, "lang": "en", "createdAt": 1319024456, "agreeCount": 0, "likes": {"groups": [], "count": 0}, "id": "4e9eb7489adfd6cfa55a76a3", "text": "Very nice ambience... :P", "type": "user", "user": {"gender": "male", "id": "5361466", "photo": {"prefix": "https://igx.4sqi.net/img/user/", "suffix": "/JPGEAU1Z3WI121GQ.jpg"}, "firstName": "Woon Cherk", "lastName": "Lam"}, "canonicalUrl": "https://foursquare.com/item/4e9eb7489adfd6cfa55a76a3", "todo": {"count": 0}, "disagreeCount": 0}, {"logView": true, "lang": "en", "createdAt": 1366540561, "agreeCount": 0, "likes": {"groups": [], "count": 0}, "id": "5173c111e4b03b4667264fad", "text": "Escargots in garlic butter is apparently very popular here", "type": "user", "user": {"gender": "female", "id": "7372460", "photo": {"prefix": "https://igx.4sqi.net/img/user/", "suffix": "/7372460-J33KCEANBD5MI5EH.jpg"}, "firstName": "Thao", "lastName": "Pham"}, "canonicalUrl": "https://foursquare.com/item/5173c111e4b03b4667264fad", "todo": {"count": 0}, "disagreeCount": 0}, {"logView": true, "lang": "en", "createdAt": 1291210574, "agreeCount": 0, "likes": {"groups": [], "count": 0}, "id": "4cf64f4e665854818d8ec898", "text": "The service is warm but a tad too slow. Ambience is homely, country style. Food is good though.", "type": "user", "user": {"gender": "male", "id": "4819520", "photo": {"prefix": "https://igx.4sqi.net/img/user/", "suffix": "/3AWZGYZH2BTSS4BZ.jpg"}, "firstName": "Sean", "lastName": "Gwee"}, "canonicalUrl": "https://foursquare.com/item/4cf64f4e665854818d8ec898", "todo": {"count": 0}, "disagreeCount": 0}, {"logView": true, "lang": "en", "createdAt": 1271414411, "agreeCount": 0, "likes": {"groups": [{"items": [], "count": 1, "type": "others"}], "summary": "1 like", "count": 1}, "id": "4bc83e8b70c603bb900598b4", "text": "Love their hamburger steaks!!", "type": "user", "user": {"gender": "female", "id": "462520", "photo": {"prefix": "https://igx.4sqi.net/img/user/", "suffix": "/YCW3DO1FOZ3ZAFIV.jpg"}, "firstName": "Ryan", "lastName": "Tan"}, "canonicalUrl": "https://foursquare.com/item/4bc83e8b70c603bb900598b4", "todo": {"count": 0}, "disagreeCount": 0}, {"logView": true, "lang": "en", "createdAt": 1301746554, "agreeCount": 0, "likes": {"groups": [], "count": 0}, "id": "4d97137a0caaa143dbdf87b3", "text": "Escargots- check, mentaiko spaghetti- check, wild berry tart- check = lovely lunch!!", "type": "user", "user": {"gender": "female", "id": "951387", "photo": {"prefix": "https://igx.4sqi.net/img/user/", "suffix": "/I2YP30PZCNLM5UKH.jpg"}, "firstName": "Pheobe", "lastName": "Tan"}, "canonicalUrl": "https://foursquare.com/item/4d97137a0caaa143dbdf87b3", "todo": {"count": 0}, "disagreeCount": 0}, {"authorInteractionType": "liked", "logView": true, "lang": "en", "photo": {"id": "531dbea411d2e8eeb7e9323f", "visibility": "public", "source": {"name": "Foursquare for iOS", "url": "https://foursquare.com/download/#/iphone"}, "suffix": "/64683986_KmDor2iXv_W2K4ehZqZFVpirsE7at4LxcDPsZScvCK8.jpg", "createdAt": 1394458276, "prefix": "https://igx.4sqi.net/img/general/", "width": 960, "height": 720}, "createdAt": 1394458271, "todo": {"count": 0}, "agreeCount": 0, "likes": {"groups": [], "count": 0}, "id": "531dbe9f498e45104cc80c2d", "text": "Omu squid rice was nice! Bugis junction service is more hospitable than the Clarke quay branch", "disagreeCount": 0, "user": {"gender": "female", "id": "64683986", "photo": {"prefix": "https://igx.4sqi.net/img/user/", "suffix": "/QDJSBGPCQYPXR2J3.jpg"}, "firstName": "Lareina", "lastName": "Ng"}, "canonicalUrl": "https://foursquare.com/item/531dbe9f498e45104cc80c2d", "type": "user", "photourl": "https://igx.4sqi.net/img/general/original/64683986_KmDor2iXv_W2K4ehZqZFVpirsE7at4LxcDPsZScvCK8.jpg"}, {"logView": true, "lang": "en", "createdAt": 1293519654, "agreeCount": 1, "likes": {"groups": [{"items": [{"gender": "male", "id": "64249795", "photo": {"prefix": "https://igx.4sqi.net/img/user/", "suffix": "/HKXRHXU5EHUT431U.jpg"}, "firstName": "Spencer", "lastName": "Li"}], "count": 1, "type": "others"}], "summary": "1 like", "count": 1}, "id": "4d198b268312236a233e6dba", "text": "Been eating here for years. Their beef straganov rice is to die for!", "type": "user", "user": {"gender": "male", "id": "5037662", "photo": {"prefix": "https://igx.4sqi.net/img/user/", "suffix": "/5037662-4TZBZI0UELUIL45S.jpg"}, "firstName": "Nicholas", "lastName": "Chew"}, "canonicalUrl": "https://foursquare.com/item/4d198b268312236a233e6dba", "todo": {"count": 0}, "disagreeCount": 0}, {"logView": true, "lang": "en", "createdAt": 1283261395, "agreeCount": 0, "likes": {"groups": [], "count": 0}, "id": "4c7d03d39efda1434f3787e2", "text": "It's my birthday. My wife giving me a treat! The sirloin steak (medium rare) is superb! Love their escargot too! Not my 1st time here. I've always like the ambience. Jazz music is wonderful tonight", "type": "user", "user": {"gender": "male", "id": "2622255", "photo": {"prefix": "https://igx.4sqi.net/img/user/", "suffix": "/OBD1RASOLX3VGBCJ.jpg"}, "firstName": "Patrick", "lastName": "Woo"}, "canonicalUrl": "https://foursquare.com/item/4c7d03d39efda1434f3787e2", "todo": {"count": 0}, "disagreeCount": 0}, {"logView": true, "lang": "ja", "photo": {"id": "502b3be63950547bf3805488", "visibility": "public", "source": {"name": "Foursquare Web", "url": "https://foursquare.com"}, "suffix": "/ya07l5D3iuNNJlJdS_Pi_sHmFFoB29D6j9rm9dOVZGY.jpg", "createdAt": 1345010662, "prefix": "https://igx.4sqi.net/img/general/", "width": 800, "height": 600}, "createdAt": 1345010560, "todo": {"count": 0}, "agreeCount": 0, "likes": {"groups": [], "count": 0}, "id": "502b3b80e4b0b7f4456a0d41", "text": "Paella - Ma Maison - Bugis Junction", "disagreeCount": 0, "user": {"gender": "male", "id": "3345354", "photo": {"prefix": "https://igx.4sqi.net/img/user/", "suffix": "/-ELNUANLSKLIMH5HF.jpg"}, "firstName": "Mark", "lastName": "Dickenson"}, "canonicalUrl": "https://foursquare.com/item/502b3b80e4b0b7f4456a0d41", "type": "user", "photourl": "https://igx.4sqi.net/img/general/original/ya07l5D3iuNNJlJdS_Pi_sHmFFoB29D6j9rm9dOVZGY.jpg"}, {"logView": true, "lang": "en", "createdAt": 1300011671, "agreeCount": 0, "likes": {"groups": [], "count": 0}, "id": "4d7c9a9786cfa143c90ccda0", "text": "Chocolate tart \ue046", "type": "user", "user": {"gender": "female", "id": "6774978", "photo": {"prefix": "https://igx.4sqi.net/img/user/", "suffix": "/6774978-MPBQJL5TZO5BUWLO.jpg"}, "firstName": "Megan", "lastName": "L"}, "canonicalUrl": "https://foursquare.com/item/4d7c9a9786cfa143c90ccda0", "todo": {"count": 0}, "disagreeCount": 0}, {"logView": true, "lang": "en", "createdAt": 1315213949, "todo": {"count": 0}, "agreeCount": 2, "likes": {"groups": [{"items": [{"gender": "none", "id": "2360091", "photo": {"prefix": "https://igx.4sqi.net/img/user/", "suffix": "/2360091-LLET1C3FTSNVP32F.jpg"}, "firstName": "Thomasina", "lastName": "Owch"}], "count": 1, "type": "others"}], "summary": "1 like", "count": 1}, "lastVoteText": "Upvoted 1 week ago", "id": "4e64927dfa76cd64cf235e6e", "text": "Only serve desserts from 3-5pm! Dinner starts at 5pm.", "disagreeCount": 0, "lastUpvoteTimestamp": 1498302178, "user": {"gender": "female", "id": "3243391", "photo": {"prefix": "https://igx.4sqi.net/img/user/", "suffix": "/EWGGGSXWQVGE4I5D.jpg"}, "firstName": "BiFang", "lastName": "Koh"}, "canonicalUrl": "https://foursquare.com/item/4e64927dfa76cd64cf235e6e", "type": "user"}, {"logView": true, "lang": "en", "createdAt": 1343962407, "agreeCount": 0, "likes": {"groups": [], "count": 0}, "id": "501b3d27e4b0ef2dfe2d204c", "text": "The Hamburger Steak is this restaurant specialty.", "type": "user", "user": {"gender": "female", "id": "19463952", "photo": {"prefix": "https://igx.4sqi.net/img/user/", "suffix": "/UZYXSQAWOT5Y3MWP.jpg"}, "firstName": "Florence", "lastName": "Li"}, "canonicalUrl": "https://foursquare.com/item/501b3d27e4b0ef2dfe2d204c", "todo": {"count": 0}, "disagreeCount": 0}, {"logView": true, "lang": "en", "createdAt": 1333637248, "agreeCount": 0, "likes": {"groups": [], "count": 0}, "id": "4f7db080e4b0125b48e41982", "text": "the staff, jo, has a very cheerful disposition.", "type": "user", "user": {"gender": "male", "id": "325759", "photo": {"prefix": "https://igx.4sqi.net/img/user/", "suffix": "/325759-RADJLUTD20DAWF5D.jpg"}, "firstName": "kenny", "lastName": "chou"}, "canonicalUrl": "https://foursquare.com/item/4f7db080e4b0125b48e41982", "todo": {"count": 0}, "disagreeCount": 0}, {"logView": true, "lang": "en", "createdAt": 1311339191, "agreeCount": 1, "likes": {"groups": [{"items": [{"id": "3218359", "photo": {"prefix": "https://igx.4sqi.net/img/user/", "suffix": "/3218359-B0UD1B244HQM1HI4.jpg"}, "firstName": "Ivan", "gender": "male"}], "count": 1, "type": "others"}], "summary": "1 like", "count": 1}, "id": "4e2972b78877f9158a7efe11", "text": "Love their food !!!awesome !!!", "type": "user", "user": {"gender": "female", "id": "4976111", "photo": {"prefix": "https://igx.4sqi.net/img/user/", "suffix": "/A5OSBBXEWS4MXQRH.jpg"}, "firstName": "Jiehui", "lastName": "Ho"}, "canonicalUrl": "https://foursquare.com/item/4e2972b78877f9158a7efe11", "todo": {"count": 1}, "disagreeCount": 0}, {"logView": true, "lang": "en", "createdAt": 1320925292, "agreeCount": 0, "likes": {"groups": [], "count": 0}, "id": "4ebbb86c8231dffdaf372cbc", "text": "I like the scallop carpacio, escargot and steak ;)", "type": "user", "user": {"gender": "male", "id": "4451907", "photo": {"prefix": "https://igx.4sqi.net/img/user/", "suffix": "/4451907-TJFQ42KP4VGE05R4.jpg"}, "firstName": "@nehpyh", "lastName": "Line/Talkbox: nehpyh"}, "canonicalUrl": "https://foursquare.com/item/4ebbb86c8231dffdaf372cbc", "todo": {"count": 1}, "disagreeCount": 0}, {"logView": true, "lang": "en", "createdAt": 1304339926, "agreeCount": 3, "likes": {"groups": [{"items": [{"gender": "female", "id": "41443583", "photo": {"prefix": "https://igx.4sqi.net/img/user/", "suffix": "/CW0KP4PDJ1VJI2W2.jpg"}, "firstName": "T", "lastName": "L"}, {"gender": "male", "id": "3348908", "photo": {"prefix": "https://igx.4sqi.net/img/user/", "suffix": "/3348908-4IQRRSJL0N1LF2QX.jpg"}, "firstName": "Alan", "lastName": "Reeves"}], "count": 3, "type": "others"}], "summary": "3 likes", "count": 3}, "id": "4dbea5d6a86e0e98a2159b20", "text": "Escargot here is superb", "type": "user", "user": {"gender": "female", "id": "3866020", "photo": {"prefix": "https://igx.4sqi.net/img/user/", "suffix": "/GOYP504S3EVYWF2M.jpg"}, "firstName": "Mabel", "lastName": "Tay"}, "canonicalUrl": "https://foursquare.com/item/4dbea5d6a86e0e98a2159b20", "todo": {"count": 0}, "disagreeCount": 0}, {"logView": true, "lang": "en", "createdAt": 1366801548, "agreeCount": 1, "likes": {"groups": [{"items": [{"gender": "male", "id": "14140865", "photo": {"prefix": "https://igx.4sqi.net/img/user/", "suffix": "/14140865-EJTFL45O25SLSHGX.jpg"}, "firstName": "Jeremy", "lastName": "Tay"}], "count": 1, "type": "others"}], "summary": "1 like", "count": 1}, "id": "5177bc8ce4b0438b40d02d1a", "text": "3-5pm only desserts (head to bugis+ instead) Sirloin steak medium rare with sauce on the side is better than specialized steakhouses! The pastas are (edible) The French onion soup is decent. Service\uf44c", "type": "user", "user": {"gender": "none", "id": "2360091", "photo": {"prefix": "https://igx.4sqi.net/img/user/", "suffix": "/2360091-LLET1C3FTSNVP32F.jpg"}, "firstName": "Thomasina", "lastName": "Owch"}, "canonicalUrl": "https://foursquare.com/item/5177bc8ce4b0438b40d02d1a", "todo": {"count": 0}, "disagreeCount": 0}, {"logView": true, "lang": "en", "createdAt": 1263718811, "agreeCount": 0, "likes": {"groups": [], "count": 0}, "id": "4b52d19b70c603bb0b6390b4", "text": "The Green Tea pudding is very unique and delicious, a must-try!", "type": "user", "user": {"gender": "male", "id": "157630", "photo": {"prefix": "https://igx.4sqi.net/img/user/", "suffix": "/PYZMHISCIPBZ52ZS.jpg"}, "firstName": "Kai-En", "lastName": "Loh"}, "canonicalUrl": "https://foursquare.com/item/4b52d19b70c603bb0b6390b4", "todo": {"count": 0}, "disagreeCount": 0}, {"logView": true, "lang": "en", "createdAt": 1303622958, "agreeCount": 2, "likes": {"groups": [{"items": [{"gender": "female", "id": "64683986", "photo": {"prefix": "https://igx.4sqi.net/img/user/", "suffix": "/QDJSBGPCQYPXR2J3.jpg"}, "firstName": "Lareina", "lastName": "Ng"}, {"gender": "male", "id": "492711", "photo": {"prefix": "https://igx.4sqi.net/img/user/", "suffix": "/492711-C0OD0CKUYOV20FCS.jpg"}, "firstName": "Nicholas", "lastName": "Tay"}], "count": 2, "type": "others"}], "summary": "2 likes", "count": 2}, "id": "4db3b52e4df05e5aaad1d470", "text": "Surprised that no one mentioned the omu rice yet. IMHO it's to die for! Especially for egg lovers. Recommended dishes include the beef stroganoff butter rice, hamburger steak n cheese fritter!", "type": "user", "user": {"gender": "male", "id": "247649", "photo": {"prefix": "https://igx.4sqi.net/img/user/", "suffix": "/JIFW5C0WLXH500BW.jpg"}, "firstName": "Evan", "lastName": "Ye"}, "canonicalUrl": "https://foursquare.com/item/4db3b52e4df05e5aaad1d470", "todo": {"count": 0}, "disagreeCount": 0}, {"logView": true, "lang": "en", "createdAt": 1263715830, "agreeCount": 0, "likes": {"groups": [{"items": [], "count": 1, "type": "others"}], "summary": "1 like", "count": 1}, "id": "4b52c5f670c603bb0c6390b4", "text": "Saw some new items on their menu today,  most are worth a try.", "type": "user", "user": {"gender": "male", "id": "157630", "photo": {"prefix": "https://igx.4sqi.net/img/user/", "suffix": "/PYZMHISCIPBZ52ZS.jpg"}, "firstName": "Kai-En", "lastName": "Loh"}, "canonicalUrl": "https://foursquare.com/item/4b52c5f670c603bb0c6390b4", "todo": {"count": 0}, "disagreeCount": 0}, {"logView": true, "lang": "en", "createdAt": 1309172475, "agreeCount": 0, "likes": {"groups": [], "count": 0}, "id": "4e0862fb8877394591eb7bec", "text": "There's a boat on the ceiling!", "type": "user", "user": {"gender": "male", "id": "787778", "photo": {"prefix": "https://igx.4sqi.net/img/user/", "suffix": "/O0GSKV1TWZBGPNAP.jpg"}, "firstName": "Herk", "lastName": "Ng"}, "canonicalUrl": "https://foursquare.com/item/4e0862fb8877394591eb7bec", "todo": {"count": 0}, "disagreeCount": 0}, {"logView": true, "lang": "en", "createdAt": 1271933099, "agreeCount": 0, "likes": {"groups": [], "count": 0}, "id": "4bd028ab70c603bb06c398b4", "text": "Awesome service fr Izumi san.", "type": "user", "user": {"gender": "male", "id": "178537", "photo": {"prefix": "https://igx.4sqi.net/img/user/", "suffix": "/NAL2SGQUWVW203UF.jpg"}, "firstName": "Elliot", "lastName": "Lee"}, "canonicalUrl": "https://foursquare.com/item/4bd028ab70c603bb06c398b4", "todo": {"count": 1}, "disagreeCount": 0}, {"logView": true, "lang": "en", "createdAt": 1445597863, "agreeCount": 0, "likes": {"groups": [], "count": 0}, "id": "562a12a7498e18acf97b1138", "text": "Now, I am not an ambience guy so I will comment on food. Fatboy make better burger patty and squidink spaghetti is unimpressive. Overrated.", "type": "user", "user": {"gender": "male", "id": "10853970", "photo": {"prefix": "https://igx.4sqi.net/img/user/", "suffix": "/10853970-3KH5L4T2M3GNQMRK.jpg"}, "firstName": "Jie Qi", "lastName": "Ng"}, "canonicalUrl": "https://foursquare.com/item/562a12a7498e18acf97b1138", "todo": {"count": 0}, "disagreeCount": 0}, {"logView": true, "lang": "en", "createdAt": 1282724110, "agreeCount": 0, "likes": {"groups": [], "count": 0}, "id": "4c74d10e8d70b71350e1d3ad", "text": "The cuttlefish ink (basically squid ink) pasta and their occasional special mentaiko pasta are fantastic! Rather than the light hint of squid ink, they really bring the flavor out with heavy sauce.", "type": "user", "user": {"id": "2934909", "photo": {"prefix": "https://igx.4sqi.net/img/user/", "suffix": "/CBLJXOC1SKRERGWP.jpg"}, "firstName": "Standing Sushi Bar", "gender": "male"}, "canonicalUrl": "https://foursquare.com/item/4c74d10e8d70b71350e1d3ad", "todo": {"count": 0}, "disagreeCount": 0}, {"logView": true, "lang": "en", "photo": {"id": "56f692d4498e7b28d54259c9", "visibility": "public", "source": {"name": "Foursquare for iOS", "url": "https://foursquare.com/download/#/iphone"}, "suffix": "/158347418_QsYt5p-vSBdCAkGgtAvLbA1HxfUsep54s5EKmw0Q5xA.jpg", "createdAt": 1459000020, "prefix": "https://igx.4sqi.net/img/general/", "width": 1440, "height": 1440}, "createdAt": 1459000018, "todo": {"count": 0}, "agreeCount": 0, "likes": {"groups": [], "count": 0}, "id": "56f692d2498e29ecde640c77", "text": "I love it\ud83d\ude18. Made me feel like in Japan.", "disagreeCount": 0, "user": {"gender": "female", "id": "158347418", "photo": {"prefix": "https://igx.4sqi.net/img/user/", "suffix": "/158347418-AO0JUFISDGXPXVF1.jpg"}, "firstName": "Aiyun", "lastName": "Song"}, "canonicalUrl": "https://foursquare.com/item/56f692d2498e29ecde640c77", "type": "user", "photourl": "https://igx.4sqi.net/img/general/original/158347418_QsYt5p-vSBdCAkGgtAvLbA1HxfUsep54s5EKmw0Q5xA.jpg"}, {"logView": true, "lang": "en", "createdAt": 1319868478, "agreeCount": 5, "likes": {"groups": [{"items": [], "count": 13, "type": "others"}], "summary": "13 likes", "count": 13}, "id": "4eab983ed3e3846cbd274601", "text": "One of our followers recommend the cutlets! Try and let us know if you love it!", "type": "user", "user": {"id": "14028213", "photo": {"prefix": "https://igx.4sqi.net/img/user/", "suffix": "/D534WHEVH20IHTZX.png"}, "firstName": "4sq Singapore", "type": "page", "gender": "none"}, "canonicalUrl": "https://foursquare.com/item/4eab983ed3e3846cbd274601", "todo": {"count": 2}, "disagreeCount": 0}, {"logView": true, "lang": "en", "createdAt": 1326035426, "agreeCount": 1, "likes": {"groups": [{"items": [{"gender": "male", "id": "8201443", "photo": {"prefix": "https://igx.4sqi.net/img/user/", "suffix": "/ZW2TZ11MUFIQ33PJ.jpg"}, "firstName": "Simon", "lastName": "TAN"}], "count": 3, "type": "others"}], "summary": "3 likes", "count": 3}, "id": "4f09b1e2e4b0803b6a121380", "text": "You can't go wrong ordering a hamburger steak here, just pick how you want it done.", "type": "user", "user": {"gender": "female", "id": "331130", "photo": {"prefix": "https://igx.4sqi.net/img/user/", "suffix": "/IWU4LZYI1RG25O3R.jpg"}, "firstName": "Bernie", "lastName": "Chew"}, "canonicalUrl": "https://foursquare.com/item/4f09b1e2e4b0803b6a121380", "todo": {"count": 0}, "disagreeCount": 0}, {"authorInteractionType": "liked", "logView": true, "lang": "en", "createdAt": 1413625393, "agreeCount": 5, "likes": {"groups": [{"items": [{"gender": "female", "id": "8428787", "photo": {"prefix": "https://igx.4sqi.net/img/user/", "suffix": "/E3FYZHQHJ3FUYPJD.jpg"}, "firstName": "Krystle", "lastName": "Lim"}, {"gender": "male", "id": "170624", "photo": {"prefix": "https://igx.4sqi.net/img/user/", "suffix": "/4SQ4G5WHXNVTGXVB.jpg"}, "firstName": "Daniel", "lastName": "Chong"}, {"gender": "male", "id": "231366", "photo": {"prefix": "https://igx.4sqi.net/img/user/", "suffix": "/231366-Q2ZSAEF50GYUXPDA.jpg"}, "firstName": "Cheen", "lastName": "The Curious"}, {"id": "109307456", "photo": {"prefix": "https://igx.4sqi.net/img/user/", "suffix": "/109307456-3MAMI5FUMDIE0C2L.jpg"}, "firstName": "everythingsalty", "gender": "female"}], "count": 5, "type": "others"}], "summary": "5 likes", "count": 5}, "id": "54423631498e0ed94a31e1e0", "text": "The wife and I brought our 10-month-old here for dinner and got some family promotion: one free beer, ice cream, and toy. Gave the beer to the kid and thoroughly enjoyed our free ice cream and toy.", "type": "user", "user": {"id": "109897", "photo": {"prefix": "https://igx.4sqi.net/img/user/", "suffix": "/1AGEFZ5053DJLMIQ.jpg"}, "firstName": "yjsoon", "gender": "male"}, "canonicalUrl": "https://foursquare.com/item/54423631498e0ed94a31e1e0", "todo": {"count": 2}, "disagreeCount": 0}, {"logView": true, "lang": "en", "createdAt": 1314205661, "agreeCount": 0, "likes": {"groups": [], "count": 0}, "id": "4e552fdd6284ed0e1c1ef09b", "text": "The escargot must try and the spaghetti... Is LOVE", "type": "user", "user": {"gender": "male", "id": "4196205", "photo": {"prefix": "https://igx.4sqi.net/img/user/", "suffix": "/4196205-UCAX33RB3CKD20JI.jpg"}, "firstName": "Desmond", "lastName": "T"}, "canonicalUrl": "https://foursquare.com/item/4e552fdd6284ed0e1c1ef09b", "todo": {"count": 0}, "disagreeCount": 0}, {"logView": true, "lang": "en", "createdAt": 1406460038, "agreeCount": 0, "likes": {"groups": [], "count": 0}, "id": "53d4e086498e5ccdb7c2fb90", "text": "Welcome at the door", "type": "user", "user": {"gender": "male", "id": "90713032", "photo": {"prefix": "https://igx.4sqi.net/img/user/", "suffix": "/90713032-Z0M3YZIR4U2PR1DU.jpg"}, "firstName": "James", "lastName": "Lee"}, "canonicalUrl": "https://foursquare.com/item/53d4e086498e5ccdb7c2fb90", "todo": {"count": 0}, "disagreeCount": 0}, {"logView": true, "lang": "en", "createdAt": 1287766136, "agreeCount": 0, "likes": {"groups": [], "count": 0}, "id": "4cc1c07821a4f04d85146655", "text": "Paella and escargots were delicious. Might be worth ordering some bread to mop up the awesome butter garlic sauce!", "type": "user", "user": {"gender": "male", "id": "106069", "photo": {"prefix": "https://igx.4sqi.net/img/user/", "suffix": "/JHAFKY0DFLX2XIIR.jpg"}, "firstName": "Jerry", "lastName": "Chong"}, "canonicalUrl": "https://foursquare.com/item/4cc1c07821a4f04d85146655", "todo": {"count": 0}, "disagreeCount": 0}, {"logView": true, "lang": "en", "createdAt": 1316958984, "agreeCount": 0, "likes": {"groups": [], "count": 0}, "id": "4e7f330800394ee730f435ae", "text": "I think the standard has dropped a little. Good atmosphere, but it can get pretty crowded during lunch time so expect to be in the queue for a while.", "type": "user", "user": {"gender": "female", "id": "5059831", "photo": {"prefix": "https://igx.4sqi.net/img/user/", "suffix": "/5059831-EK5LXQ0LR0VY1OML.jpg"}, "firstName": "Elisia", "lastName": "Phua"}, "canonicalUrl": "https://foursquare.com/item/4e7f330800394ee730f435ae", "todo": {"count": 0}, "disagreeCount": 0}, {"authorInteractionType": "liked", "logView": true, "lang": "en", "createdAt": 1359269761, "agreeCount": 0, "likes": {"groups": [], "count": 0}, "id": "5104cf81e4b006fcad5932a5", "text": "Loved their steak meal & tonkatsu set, served w/ a whole lotta add-ons! Excellent service and very good ambience - this resto is Highly Recommended (esp for families) and defnitely coming back! ;)", "type": "user", "user": {"gender": "female", "id": "25955346", "photo": {"prefix": "https://igx.4sqi.net/img/user/", "suffix": "/0WSL3SE3VHGWUJWE.jpg"}, "firstName": "Klo\u00e9", "lastName": "D"}, "canonicalUrl": "https://foursquare.com/item/5104cf81e4b006fcad5932a5", "todo": {"count": 0}, "disagreeCount": 0}, {"logView": true, "lang": "en", "createdAt": 1298639897, "agreeCount": 4, "likes": {"groups": [{"items": [{"gender": "male", "id": "63199773", "photo": {"prefix": "https://igx.4sqi.net/img/user/", "suffix": "/AHGNXW5M0RXIUUPM.jpg"}, "firstName": "Julian", "lastName": "Futanto"}, {"gender": "female", "id": "60570272", "photo": {"prefix": "https://igx.4sqi.net/img/user/", "suffix": "/0MPQBHVX4KQOMP1Z.jpg"}, "firstName": "Amelia", "lastName": "Wibi"}, {"gender": "female", "id": "1156047", "photo": {"prefix": "https://igx.4sqi.net/img/user/", "suffix": "/3MUL5ZOE1JI3GAGZ.jpg"}, "firstName": "Dawn", "lastName": "Bey"}, {"gender": "female", "id": "3098668", "photo": {"prefix": "https://igx.4sqi.net/img/user/", "suffix": "/YIVPMRP3OUXWB4MW.jpg"}, "firstName": "Sindy", "lastName": "Tan"}], "count": 4, "type": "others"}], "summary": "4 likes", "count": 4}, "id": "4d67ac19c406f04d46f9f04c", "text": "Squidink pasta is a must-order! And th strawberry white choc tart!! Orgasmic", "type": "user", "user": {"gender": "female", "id": "2167211", "photo": {"prefix": "https://igx.4sqi.net/img/user/", "suffix": "/2167211-RF5EHTHRLGPJJDXD.jpg"}, "firstName": "Xinyi", "lastName": "Soon"}, "canonicalUrl": "https://foursquare.com/item/4d67ac19c406f04d46f9f04c", "todo": {"count": 1}, "disagreeCount": 0}, {"logView": true, "lang": "en", "createdAt": 1345010612, "agreeCount": 1, "likes": {"groups": [{"items": [{"gender": "male", "id": "2004842", "photo": {"prefix": "https://igx.4sqi.net/img/user/", "suffix": "/2004842-DMLCBCHR43DL3EJJ.jpg"}, "firstName": "Teng", "lastName": "Jeremy"}], "count": 1, "type": "others"}], "summary": "1 like", "count": 1}, "id": "502b3bb4e4b061bcc868c143", "text": "Deep Fried Prawns - Ma Maison - Bugis Junction", "type": "user", "user": {"gender": "male", "id": "3345354", "photo": {"prefix": "https://igx.4sqi.net/img/user/", "suffix": "/-ELNUANLSKLIMH5HF.jpg"}, "firstName": "Mark", "lastName": "Dickenson"}, "canonicalUrl": "https://foursquare.com/item/502b3bb4e4b061bcc868c143", "todo": {"count": 0}, "disagreeCount": 0}, {"logView": true, "lang": "en", "createdAt": 1329221423, "agreeCount": 2, "likes": {"groups": [{"items": [{"id": "3218359", "photo": {"prefix": "https://igx.4sqi.net/img/user/", "suffix": "/3218359-B0UD1B244HQM1HI4.jpg"}, "firstName": "Ivan", "gender": "male"}, {"gender": "none", "id": "2360091", "photo": {"prefix": "https://igx.4sqi.net/img/user/", "suffix": "/2360091-LLET1C3FTSNVP32F.jpg"}, "firstName": "Thomasina", "lastName": "Owch"}], "count": 2, "type": "others"}], "summary": "2 likes", "count": 2}, "id": "4f3a4f2fe4b05ef0ee23a675", "text": "If you don't try their sirloin steak you're missing out!", "type": "user", "user": {"gender": "female", "id": "5333288", "photo": {"prefix": "https://igx.4sqi.net/img/user/", "suffix": "/5333288-LLLQ2FWHJZTZCJ1N.jpg"}, "firstName": "Sylvia", "lastName": "Wee"}, "canonicalUrl": "https://foursquare.com/item/4f3a4f2fe4b05ef0ee23a675", "todo": {"count": 0}, "disagreeCount": 0}, {"logView": true, "lang": "en", "createdAt": 1364401679, "agreeCount": 0, "likes": {"groups": [], "count": 0}, "id": "51531e0fe4b0f32deb1271ce", "text": "Awesome ambiance and service! Don't advise to try the wine cocktails, their soup is nice! Name clam chowder and onion gratin soup (takes 10-15mins for this). Do try their brown sauce too!", "type": "user", "user": {"gender": "male", "id": "4574624", "photo": {"prefix": "https://igx.4sqi.net/img/user/", "suffix": "/TK42QFFUCQGUYKH0.jpg"}, "firstName": "Ernz", "lastName": "Lim"}, "canonicalUrl": "https://foursquare.com/item/51531e0fe4b0f32deb1271ce", "todo": {"count": 0}, "disagreeCount": 0}, {"logView": true, "lang": "en", "createdAt": 1394948974, "todo": {"count": 0}, "agreeCount": 2, "likes": {"groups": [{"items": [{"gender": "male", "id": "170624", "photo": {"prefix": "https://igx.4sqi.net/img/user/", "suffix": "/4SQ4G5WHXNVTGXVB.jpg"}, "firstName": "Daniel", "lastName": "Chong"}], "count": 1, "type": "others"}], "summary": "1 like", "count": 1}, "lastVoteText": "Upvoted 1 week ago", "id": "53253b6e498edee9665ae097", "text": "When dining with kids, daddies get a free beer and mummies a free ice cream. This mummy changed her ice cream to beer, goes without saying", "disagreeCount": 0, "lastUpvoteTimestamp": 1498297406, "user": {"gender": "female", "id": "76582857", "photo": {"prefix": "https://igx.4sqi.net/img/user/", "suffix": "/76582857-R0ETOGQWBACUHHHB.jpg"}, "firstName": "Peggy", "lastName": "Tan"}, "canonicalUrl": "https://foursquare.com/item/53253b6e498edee9665ae097", "type": "user"}, {"logView": true, "lang": "en", "createdAt": 1300018710, "agreeCount": 0, "likes": {"groups": [], "count": 0}, "id": "4d7cb616cf3f370433f15540", "text": "Escargots, smoked salmon, is a must eat dishes!", "type": "user", "user": {"id": "5281137", "photo": {"prefix": "https://igx.4sqi.net/img/user/", "suffix": "/VBSFH55N2PVVSV3N.jpg"}, "firstName": "\u2665\u2661Ayiki\u2661\u2665", "gender": "female"}, "canonicalUrl": "https://foursquare.com/item/4d7cb616cf3f370433f15540", "todo": {"count": 0}, "disagreeCount": 0}, {"authorInteractionType": "liked", "logView": true, "lang": "en", "createdAt": 1434638418, "agreeCount": 0, "likes": {"groups": [], "count": 0}, "id": "5582d852498e6c5ad6c026ee", "text": "Hamburger Steak is Great!!", "type": "user", "user": {"gender": "female", "id": "45344695", "photo": {"prefix": "https://igx.4sqi.net/img/user/", "suffix": "/45344695_x4c3At3B_tox_8LGXq5Eqo4BPpZNeXFnYTVpZhZYgKk6VXg5PPTqOULM9oU44e3YR1OAU5r3H.jpg"}, "firstName": "Victoria", "lastName": "Chen"}, "canonicalUrl": "https://foursquare.com/item/5582d852498e6c5ad6c026ee", "todo": {"count": 0}, "disagreeCount": 0}, {"authorInteractionType": "liked", "logView": true, "lang": "en", "photo": {"id": "540c1cd611d2720767815103", "visibility": "public", "source": {"name": "Foursquare for Android", "url": "https://foursquare.com/download/#/android"}, "suffix": "/23560207_WTNsJebOsz8QefjuDRTkvFA4Xiy8iTpkRbjmPSKhB98.jpg", "createdAt": 1410079958, "prefix": "https://igx.4sqi.net/img/general/", "width": 960, "height": 540}, "createdAt": 1410079956, "todo": {"count": 1}, "agreeCount": 0, "likes": {"groups": [], "count": 0}, "id": "540c1cd4498ecb4dbdf0201f", "text": "A very recommend paella dish...", "disagreeCount": 0, "user": {"gender": "male", "id": "23560207", "photo": {"prefix": "https://igx.4sqi.net/img/user/", "suffix": "/RYTHG3Y3CFA5EEAG.jpg"}, "firstName": "Fadi", "lastName": "Abbas"}, "canonicalUrl": "https://foursquare.com/item/540c1cd4498ecb4dbdf0201f", "type": "user", "photourl": "https://igx.4sqi.net/img/general/original/23560207_WTNsJebOsz8QefjuDRTkvFA4Xiy8iTpkRbjmPSKhB98.jpg"}, {"logView": true, "lang": "en", "createdAt": 1282475508, "agreeCount": 0, "likes": {"groups": [], "count": 0}, "id": "4c7105f4b3ce224b058a75c6", "text": "Today's tonkatsu is very salty", "type": "user", "user": {"gender": "female", "id": "2000624", "photo": {"prefix": "https://igx.4sqi.net/img/user/", "suffix": "/LZESVSF4USZNRZLG.jpg"}, "firstName": "Kimmie", "lastName": "Tan"}, "canonicalUrl": "https://foursquare.com/item/4c7105f4b3ce224b058a75c6", "todo": {"count": 0}, "disagreeCount": 0}, {"logView": true, "lang": "en", "createdAt": 1310645992, "agreeCount": 0, "likes": {"groups": [{"items": [], "count": 3, "type": "others"}], "summary": "3 likes", "count": 3}, "id": "4e1edee8aeb7fe88ace06549", "text": "Very good service !", "type": "user", "user": {"gender": "female", "id": "3243391", "photo": {"prefix": "https://igx.4sqi.net/img/user/", "suffix": "/EWGGGSXWQVGE4I5D.jpg"}, "firstName": "BiFang", "lastName": "Koh"}, "canonicalUrl": "https://foursquare.com/item/4e1edee8aeb7fe88ace06549", "todo": {"count": 0}, "disagreeCount": 0}, {"authorInteractionType": "liked", "logView": true, "lang": "en", "photo": {"id": "554e35e3498e1c54a022c7bb", "visibility": "public", "source": {"name": "Foursquare for Windows"}, "suffix": "/73136324_y7bkmF6VEwoReex_jiznUKACwFzNo1dbUboN1swuzbE.jpg", "createdAt": 1431188963, "prefix": "https://igx.4sqi.net/img/general/", "width": 3072, "height": 1728}, "createdAt": 1431188958, "todo": {"count": 0}, "agreeCount": 1, "likes": {"groups": [{"items": [{"id": "109307456", "photo": {"prefix": "https://igx.4sqi.net/img/user/", "suffix": "/109307456-3MAMI5FUMDIE0C2L.jpg"}, "firstName": "everythingsalty", "gender": "female"}], "count": 1, "type": "others"}], "summary": "1 like", "count": 1}, "id": "554e35de498e436da12f7b6c", "text": "The steak here is good.", "disagreeCount": 0, "user": {"gender": "male", "id": "73136324", "photo": {"prefix": "https://igx.4sqi.net/img/user/", "suffix": "/73136324-QT0O4EFFPAYWMPTW.jpg"}, "firstName": "Shane", "lastName": "Gavin"}, "canonicalUrl": "https://foursquare.com/item/554e35de498e436da12f7b6c", "type": "user", "photourl": "https://igx.4sqi.net/img/general/original/73136324_y7bkmF6VEwoReex_jiznUKACwFzNo1dbUboN1swuzbE.jpg"}, {"logView": true, "lang": "en", "createdAt": 1300011017, "agreeCount": 0, "likes": {"groups": [], "count": 0}, "id": "4d7c9809ea35236a89f35b23", "text": "Dessert <3", "type": "user", "user": {"gender": "female", "id": "6774978", "photo": {"prefix": "https://igx.4sqi.net/img/user/", "suffix": "/6774978-MPBQJL5TZO5BUWLO.jpg"}, "firstName": "Megan", "lastName": "L"}, "canonicalUrl": "https://foursquare.com/item/4d7c9809ea35236a89f35b23", "todo": {"count": 0}, "disagreeCount": 0}, {"logView": true, "lang": "en", "createdAt": 1277362486, "agreeCount": 3, "likes": {"groups": [{"items": [], "count": 12, "type": "others"}], "summary": "12 likes", "count": 12}, "id": "4c230136502b9521fa1b6e21", "text": "Try out the Beef Stroganov Rice with Brown sauce. (their brown sauce is too salty though)", "type": "user", "user": {"gender": "male", "id": "1381471", "photo": {"prefix": "https://igx.4sqi.net/img/user/", "suffix": "/IXRT4BCFW1EYIRP2.jpg"}, "firstName": "Mark", "lastName": "Lam"}, "canonicalUrl": "https://foursquare.com/item/4c230136502b9521fa1b6e21", "todo": {"count": 1}, "disagreeCount": 0}, {"logView": true, "lang": "en", "photo": {"id": "53dcda0e498e0340cbfa1771", "visibility": "public", "source": {"name": "Foursquare for iOS", "url": "https://foursquare.com/download/#/iphone"}, "suffix": "/814696_d7rHcLgrorjo83tMen8OImu4TpB9joQSAkNf7ErAWH4.jpg", "createdAt": 1406982670, "prefix": "https://igx.4sqi.net/img/general/", "width": 720, "height": 960}, "createdAt": 1406982668, "todo": {"count": 0}, "agreeCount": 1, "likes": {"groups": [{"items": [{"gender": "female", "id": "7526386", "photo": {"prefix": "https://igx.4sqi.net/img/user/", "suffix": "/FH0XQDNNKXNWQLSB.jpg"}, "firstName": "Stephanie", "lastName": "Sundarlal"}], "count": 1, "type": "others"}], "summary": "1 like", "count": 1}, "id": "53dcda0c498e59ed635fc406", "text": "Bring your family here! Free beer for daddy, free ice cream for mummy and free toy for the little one. \ud83d\udc4d", "disagreeCount": 0, "user": {"gender": "female", "id": "814696", "photo": {"prefix": "https://igx.4sqi.net/img/user/", "suffix": "/1PSNL2I1MN0OIFB0.jpg"}, "firstName": "Alicia", "lastName": "Tan"}, "canonicalUrl": "https://foursquare.com/item/53dcda0c498e59ed635fc406", "type": "user", "photourl": "https://igx.4sqi.net/img/general/original/814696_d7rHcLgrorjo83tMen8OImu4TpB9joQSAkNf7ErAWH4.jpg"}, {"logView": true, "lang": "en", "createdAt": 1293787688, "agreeCount": 0, "likes": {"groups": [], "count": 0}, "id": "4d1da2288629224b19cdfa86", "text": "Try the hamburger and omurice !!", "type": "user", "user": {"gender": "male", "id": "324378", "photo": {"prefix": "https://igx.4sqi.net/img/user/", "suffix": "/QY5I3OPERHKGSY1N.jpg"}, "firstName": "sheng ye", "lastName": "wong"}, "canonicalUrl": "https://foursquare.com/item/4d1da2288629224b19cdfa86", "todo": {"count": 0}, "disagreeCount": 0}, {"logView": true, "lang": "en", "createdAt": 1311343344, "agreeCount": 0, "likes": {"groups": [], "count": 0}, "id": "4e2982f0fa762797e5a8097a", "text": "Their mentaiko spagetti has a unique taste which is tantalising to the buds!  Yums yums!", "type": "user", "user": {"gender": "female", "id": "9062808", "photo": {"prefix": "https://igx.4sqi.net/img/user/", "suffix": "/WQIQMTTD3QC2VBJH.jpg"}, "firstName": "Candice", "lastName": "Chia"}, "canonicalUrl": "https://foursquare.com/item/4e2982f0fa762797e5a8097a", "todo": {"count": 0}, "disagreeCount": 0}, {"logView": true, "lang": "en", "createdAt": 1282457795, "todo": {"count": 2}, "agreeCount": 2, "likes": {"groups": [{"items": [{"gender": "male", "id": "91136", "photo": {"prefix": "https://igx.4sqi.net/img/user/", "suffix": "/91136-RDBUW0U02K2NAUK1.jpg"}, "firstName": "Jeff", "lastName": "Woo"}, {"gender": "female", "id": "2101347", "photo": {"prefix": "https://igx.4sqi.net/img/user/", "suffix": "/2YXSU3ILZHTJYURA.jpg"}, "firstName": "Denise", "lastName": "Lee"}], "count": 2, "type": "others"}], "summary": "2 likes", "count": 2}, "id": "4c70c0c3f52cb71320f3b1af", "text": "Sirloin steak lunch set is value for money at only $19.90 for soup, nicely toasted french loaf, hot tea and ice cream. Granted doesn't taste that great. But the Tonkatsu is delicious!", "disagreeCount": 0, "url": "http://melissawlim.tumblr.com/post/991176585/ma-maison-bugis-junction-singapore", "user": {"gender": "female", "id": "2019784", "photo": {"prefix": "https://igx.4sqi.net/img/user/", "suffix": "/0RXWCXD4Q1GBSU1Q.jpg"}, "firstName": "Melissa", "lastName": "Lim"}, "canonicalUrl": "https://foursquare.com/item/4c70c0c3f52cb71320f3b1af", "type": "user"}, {"logView": true, "lang": "en", "createdAt": 1273992983, "agreeCount": 0, "likes": {"groups": [], "count": 0}, "id": "4bef971770c603bbe9b19bb4", "text": "1st timers dunno what to order? their hamburger steak is to die for...!!!", "type": "user", "user": {"id": "463315", "photo": {"prefix": "https://igx.4sqi.net/img/user/", "suffix": "/KPUAEF4QSN0XSSDQ.jpg"}, "firstName": "momo-chan", "gender": "female"}, "canonicalUrl": "https://foursquare.com/item/4bef971770c603bbe9b19bb4", "todo": {"count": 1}, "disagreeCount": 0}, {"authorInteractionType": "liked", "logView": true, "lang": "en", "photo": {"id": "548d6a35498ee33e83d94e66", "visibility": "public", "source": {"name": "Foursquare for iOS", "url": "https://foursquare.com/download/#/iphone"}, "suffix": "/308951_ZhBPi26zf6EZZK56LDxxOW5MU3xCOBRAaG8PVyzNjDs.jpg", "createdAt": 1418553909, "prefix": "https://igx.4sqi.net/img/general/", "width": 1920, "height": 1440}, "createdAt": 1418553901, "todo": {"count": 0}, "agreeCount": 1, "likes": {"groups": [{"items": [{"id": "109307456", "photo": {"prefix": "https://igx.4sqi.net/img/user/", "suffix": "/109307456-3MAMI5FUMDIE0C2L.jpg"}, "firstName": "everythingsalty", "gender": "female"}], "count": 1, "type": "others"}], "summary": "1 like", "count": 1}, "id": "548d6a2d498ed406216ed0ad", "text": "The bread is really good. Very light and flaky (more than crusty so this is good for Asians who don't like crusty bread)", "disagreeCount": 0, "user": {"gender": "male", "id": "308951", "photo": {"prefix": "https://igx.4sqi.net/img/user/", "suffix": "/3UP0AI4WEWFBWG2M.jpg"}, "firstName": "Gabriel", "lastName": "Seah"}, "canonicalUrl": "https://foursquare.com/item/548d6a2d498ed406216ed0ad", "type": "user", "photourl": "https://igx.4sqi.net/img/general/original/308951_ZhBPi26zf6EZZK56LDxxOW5MU3xCOBRAaG8PVyzNjDs.jpg"}, {"logView": true, "lang": "en", "photo": {"id": "50f26152e4b0d13e7bd0d834", "visibility": "public", "source": {"name": "Foursquare for Android", "url": "https://foursquare.com/download/#/android"}, "suffix": "/6725321_SmjSGsxBarQN2lNAcyZPwraKx9rCF4axRwGPQAxC7Aw.jpg", "createdAt": 1358061906, "prefix": "https://igx.4sqi.net/img/general/", "width": 720, "height": 540}, "createdAt": 1358061876, "todo": {"count": 0}, "agreeCount": 0, "likes": {"groups": [], "count": 0}, "id": "50f26134e4b0a47027695a4c", "text": "Dare to try!", "disagreeCount": 0, "user": {"gender": "female", "id": "6725321", "photo": {"prefix": "https://igx.4sqi.net/img/user/", "suffix": "/UXTSRCCMI40CGMW4.jpg"}, "firstName": "Fiona", "lastName": "Chan"}, "canonicalUrl": "https://foursquare.com/item/50f26134e4b0a47027695a4c", "type": "user", "photourl": "https://igx.4sqi.net/img/general/original/6725321_SmjSGsxBarQN2lNAcyZPwraKx9rCF4axRwGPQAxC7Aw.jpg"}, {"logView": true, "lang": "en", "photo": {"id": "586353015c1ba208067318d4", "visibility": "public", "source": {"name": "Foursquare Web", "url": "https://foursquare.com"}, "suffix": "/6306884_qrVbhWbM0jtXr4i74HX-oWu_zVep7Rh_EDkJnuG3w8k.jpg", "createdAt": 1482904321, "prefix": "https://igx.4sqi.net/img/general/", "width": 640, "height": 640}, "createdAt": 1482904320, "todo": {"count": 0}, "agreeCount": 0, "likes": {"groups": [], "count": 0}, "id": "5863530032b0721b935b3add", "text": "Celebrate friend's birthday at this dimly-lit romantic ambience restaurant @ Bugis Junction (level 2) \ud83d\ude0b", "disagreeCount": 0, "user": {"gender": "female", "id": "6306884", "photo": {"prefix": "https://igx.4sqi.net/img/user/", "suffix": "/6306884-L21LWV3MMZFIVU5F"}, "firstName": "Jess", "lastName": "Thia"}, "canonicalUrl": "https://foursquare.com/item/5863530032b0721b935b3add", "type": "user", "photourl": "https://igx.4sqi.net/img/general/original/6306884_qrVbhWbM0jtXr4i74HX-oWu_zVep7Rh_EDkJnuG3w8k.jpg"}, {"logView": true, "lang": "en", "createdAt": 1321766830, "agreeCount": 2, "likes": {"groups": [{"items": [{"gender": "male", "id": "492711", "photo": {"prefix": "https://igx.4sqi.net/img/user/", "suffix": "/492711-C0OD0CKUYOV20FCS.jpg"}, "firstName": "Nicholas", "lastName": "Tay"}, {"gender": "female", "id": "3098668", "photo": {"prefix": "https://igx.4sqi.net/img/user/", "suffix": "/YIVPMRP3OUXWB4MW.jpg"}, "firstName": "Sindy", "lastName": "Tan"}], "count": 4, "type": "others"}], "summary": "4 likes", "count": 4}, "id": "4ec88faed3e3e131f3983629", "text": "Love the service, atmosphere and surroundings.", "type": "user", "user": {"gender": "male", "id": "15978520", "photo": {"prefix": "https://igx.4sqi.net/img/user/", "suffix": "/HXDZ0N14DBJNPHOL.jpg"}, "firstName": "Liyaw", "lastName": "Chongxin"}, "canonicalUrl": "https://foursquare.com/item/4ec88faed3e3e131f3983629", "todo": {"count": 0}, "disagreeCount": 0}, {"logView": true, "lang": "en", "createdAt": 1397241794, "agreeCount": 1, "likes": {"groups": [{"items": [{"gender": "male", "id": "13405356", "photo": {"prefix": "https://igx.4sqi.net/img/user/", "default": true, "suffix": "/blank_boy.png"}, "firstName": "Christian", "lastName": "Lai"}], "count": 1, "type": "others"}], "summary": "1 like", "count": 1}, "id": "534837c2498e2d9ce52312b6", "text": "And the escargot is really good", "type": "user", "user": {"id": "2390653", "photo": {"prefix": "https://igx.4sqi.net/img/user/", "suffix": "/4C0ZM5RUMPVVP2H5.jpg"}, "firstName": "San", "gender": "female"}, "canonicalUrl": "https://foursquare.com/item/534837c2498e2d9ce52312b6", "todo": {"count": 1}, "disagreeCount": 0}, {"logView": true, "lang": "en", "photo": {"id": "508e710fe4b0b2a617794e83", "visibility": "public", "source": {"name": "Foursquare for Android", "url": "https://foursquare.com/download/#/android"}, "suffix": "/29909495_Bu5-OJywc0oVBhhxEebrVrP1tSpllk-wSNSiRfjxryQ.jpg", "createdAt": 1351512335, "prefix": "https://igx.4sqi.net/img/general/", "width": 540, "height": 720}, "createdAt": 1351512332, "todo": {"count": 0}, "agreeCount": 1, "likes": {"groups": [{"items": [{"gender": "female", "id": "1299457", "photo": {"prefix": "https://igx.4sqi.net/img/user/", "suffix": "/BBJFK4E01R4VZB4E.jpg"}, "firstName": "Nikki", "lastName": "\u660e"}], "count": 1, "type": "others"}], "summary": "1 like", "count": 1}, "id": "508e710ce4b0ddcb6fadbc1a", "text": "Monday night is ladies's night ! So bring a lady along for 20% off", "disagreeCount": 0, "user": {"gender": "male", "id": "29909495", "photo": {"prefix": "https://igx.4sqi.net/img/user/", "suffix": "/QDDY0BLHH5YHLU3D.jpg"}, "firstName": "Richard", "lastName": "Lim Jr"}, "canonicalUrl": "https://foursquare.com/item/508e710ce4b0ddcb6fadbc1a", "type": "user", "photourl": "https://igx.4sqi.net/img/general/original/29909495_Bu5-OJywc0oVBhhxEebrVrP1tSpllk-wSNSiRfjxryQ.jpg"}, {"logView": true, "lang": "en", "createdAt": 1388322800, "agreeCount": 0, "likes": {"groups": [], "count": 0}, "id": "52c01ff0498ec518c5d71a6c", "text": "Sirloin steak must try. And pork cutlet is also nice.", "type": "user", "user": {"gender": "female", "id": "8575553", "photo": {"prefix": "https://igx.4sqi.net/img/user/", "suffix": "/U2ZAQGN43CAF0S1Z.jpg"}, "firstName": "Rochelle", "lastName": "Wong"}, "canonicalUrl": "https://foursquare.com/item/52c01ff0498ec518c5d71a6c", "todo": {"count": 0}, "disagreeCount": 0}, {"logView": true, "lang": "en", "createdAt": 1358707825, "agreeCount": 0, "likes": {"groups": [], "count": 0}, "id": "50fc3c71e4b0e6d7887279a5", "text": "Beef straganoff with omu rice and hamburger steak here are excellent! Good service and lovely ambience.", "type": "user", "user": {"gender": "male", "id": "17924592", "photo": {"prefix": "https://igx.4sqi.net/img/user/", "suffix": "/17924592-04MDP2N3E51JKR1Q.jpg"}, "firstName": "Terence", "lastName": "O"}, "canonicalUrl": "https://foursquare.com/item/50fc3c71e4b0e6d7887279a5", "todo": {"count": 0}, "disagreeCount": 0}, {"logView": true, "lang": "en", "createdAt": 1376480459, "agreeCount": 0, "likes": {"groups": [], "count": 0}, "id": "520b6ccb11d2d29004fd3431", "text": "must try the sirloin steak and spaghetti bolognaise! de-li-ci-ous!!", "type": "user", "user": {"gender": "male", "id": "1068038", "photo": {"prefix": "https://igx.4sqi.net/img/user/", "suffix": "/FC3DJDSPDN5ZX1FM.jpg"}, "firstName": "Anindio", "lastName": "Daneswara"}, "canonicalUrl": "https://foursquare.com/item/520b6ccb11d2d29004fd3431", "todo": {"count": 0}, "disagreeCount": 0}, {"logView": true, "lang": "en", "createdAt": 1329646183, "agreeCount": 0, "likes": {"groups": [], "count": 0}, "id": "4f40ca67e4b0f7b45975b400", "text": "Fantastic Japanese faux-French restaurant serving many varieties of hamburger stakes.", "type": "user", "user": {"gender": "male", "id": "116431", "photo": {"prefix": "https://igx.4sqi.net/img/user/", "suffix": "/OKQWW43VA3H5KI2X.jpg"}, "firstName": "Martin", "lastName": "Frojd"}, "canonicalUrl": "https://foursquare.com/item/4f40ca67e4b0f7b45975b400", "todo": {"count": 0}, "disagreeCount": 0}, {"logView": true, "lang": "en", "createdAt": 1292496909, "agreeCount": 0, "likes": {"groups": [{"items": [], "count": 1, "type": "others"}], "summary": "1 like", "count": 1}, "id": "4d09f00d86b0236ae5adb606", "text": "Pls make sure every1 in ur grp have reached b4 u r been seated. Otherwise, u have to wait at the door til every1 reach.. :/", "type": "user", "user": {"gender": "female", "id": "4832363", "photo": {"prefix": "https://igx.4sqi.net/img/user/", "suffix": "/2TVWLN5ANKUFE425.jpg"}, "firstName": "Khim", "lastName": "L"}, "canonicalUrl": "https://foursquare.com/item/4d09f00d86b0236ae5adb606", "todo": {"count": 0}, "disagreeCount": 0}, {"logView": true, "lang": "en", "photo": {"id": "586352db5c1ba208067316f9", "visibility": "public", "source": {"name": "Foursquare Web", "url": "https://foursquare.com"}, "suffix": "/6306884_-VH7bUABFiSAzJBr7ytYrhiNfM8UsEkhlEwi6Gxtp4o.jpg", "createdAt": 1482904283, "prefix": "https://igx.4sqi.net/img/general/", "width": 640, "height": 640}, "createdAt": 1482904282, "todo": {"count": 0}, "agreeCount": 0, "likes": {"groups": [], "count": 0}, "id": "586352da3ef0f6788edd74d3", "text": "Beef Stroganoff Butter Rice (butter rice wrapped in omelette with sliced beef and brown sauce) from Ma Maison Restaurant Singapore. One of my favourite romantic restaurant for delicious Omu Rice \ud83d\ude0b\ud83d\ude0d", "disagreeCount": 0, "user": {"gender": "female", "id": "6306884", "photo": {"prefix": "https://igx.4sqi.net/img/user/", "suffix": "/6306884-L21LWV3MMZFIVU5F"}, "firstName": "Jess", "lastName": "Thia"}, "canonicalUrl": "https://foursquare.com/item/586352da3ef0f6788edd74d3", "type": "user", "photourl": "https://igx.4sqi.net/img/general/original/6306884_-VH7bUABFiSAzJBr7ytYrhiNfM8UsEkhlEwi6Gxtp4o.jpg"}, {"logView": true, "lang": "en", "photo": {"id": "50bf24a7e4b0d0f2faa95876", "visibility": "public", "source": {"name": "Foursquare for iOS", "url": "https://foursquare.com/download/#/iphone"}, "suffix": "/18252161_3y3I5K2K3e58k3t2oZoezV-w150zwozzRhnohW3IIvk.jpg", "createdAt": 1354704039, "prefix": "https://igx.4sqi.net/img/general/", "width": 540, "height": 540}, "createdAt": 1354704036, "todo": {"count": 0}, "agreeCount": 0, "likes": {"groups": [], "count": 0}, "id": "50bf24a4e4b007de9ba6d96b", "text": "Lunch deal! But sauce was really salty :/", "disagreeCount": 0, "user": {"gender": "female", "id": "18252161", "photo": {"prefix": "https://igx.4sqi.net/img/user/", "suffix": "/Z5V1ZXDZ2R1FYSDN.jpg"}, "firstName": "Pei Ting", "lastName": "Chua"}, "canonicalUrl": "https://foursquare.com/item/50bf24a4e4b007de9ba6d96b", "type": "user", "photourl": "https://igx.4sqi.net/img/general/original/18252161_3y3I5K2K3e58k3t2oZoezV-w150zwozzRhnohW3IIvk.jpg"}, {"logView": true, "lang": "en", "createdAt": 1278136307, "agreeCount": 0, "likes": {"groups": [], "count": 0}, "id": "4c2ecff316adc9287aa2bc9c", "text": "Steak Don is nice.", "type": "user", "user": {"gender": "male", "id": "1095821", "photo": {"prefix": "https://igx.4sqi.net/img/user/", "default": true, "suffix": "/blank_boy.png"}, "firstName": "Cheng", "lastName": "Xu"}, "canonicalUrl": "https://foursquare.com/item/4c2ecff316adc9287aa2bc9c", "todo": {"count": 0}, "disagreeCount": 0}, {"logView": true, "lang": "en", "createdAt": 1298707333, "agreeCount": 0, "likes": {"groups": [{"items": [], "count": 1, "type": "others"}], "summary": "1 like", "count": 1}, "id": "4d68b385b6f46dcb2db317b2", "text": "Escargot not bad. Gratin not bad if you like potato.", "type": "user", "user": {"gender": "female", "id": "5986644", "photo": {"prefix": "https://igx.4sqi.net/img/user/", "suffix": "/HBPRZKU5PVP0JKKB.jpg"}, "firstName": "Grace", "lastName": "Koh"}, "canonicalUrl": "https://foursquare.com/item/4d68b385b6f46dcb2db317b2", "todo": {"count": 0}, "disagreeCount": 0}, {"logView": true, "lang": "en", "photo": {"id": "5863528d5c1ba2080673138c", "visibility": "public", "source": {"name": "Foursquare Web", "url": "https://foursquare.com"}, "suffix": "/6306884_qI86aoqi_EJP_vB-DFhU8ySOQiH4LZ4vwEg5hxqzj-E.jpg", "createdAt": 1482904205, "prefix": "https://igx.4sqi.net/img/general/", "width": 640, "height": 640}, "createdAt": 1482904203, "todo": {"count": 0}, "agreeCount": 1, "likes": {"groups": [], "count": 0}, "id": "5863528b13c223497950ce7b", "text": "Dec 2016: Thanks to the service crew for highlighting to us there's Ladies' Night promotion for ala carte dinner on Monday, valid as long as one of the diner is a lady \ud83d\ude04 So sharing this promo here.", "disagreeCount": 0, "user": {"gender": "female", "id": "6306884", "photo": {"prefix": "https://igx.4sqi.net/img/user/", "suffix": "/6306884-L21LWV3MMZFIVU5F"}, "firstName": "Jess", "lastName": "Thia"}, "canonicalUrl": "https://foursquare.com/item/5863528b13c223497950ce7b", "type": "user", "photourl": "https://igx.4sqi.net/img/general/original/6306884_qI86aoqi_EJP_vB-DFhU8ySOQiH4LZ4vwEg5hxqzj-E.jpg"}, {"authorInteractionType": "liked", "logView": true, "lang": "en", "createdAt": 1389713476, "agreeCount": 0, "likes": {"groups": [], "count": 0}, "id": "52d55844498ea9bad7b689a7", "text": "Fruit tarts!", "type": "user", "user": {"id": "60728324", "photo": {"prefix": "https://igx.4sqi.net/img/user/", "suffix": "/60728324-IIPSWAUYSL1TITRU"}, "firstName": "3sther", "gender": "female"}, "canonicalUrl": "https://foursquare.com/item/52d55844498ea9bad7b689a7", "todo": {"count": 0}, "disagreeCount": 0}, {"logView": true, "lang": "en", "createdAt": 1330343802, "agreeCount": 0, "likes": {"groups": [], "count": 0}, "id": "4f4b6f7ae4b011fb7894d42e", "text": "Great atmosphere. Good service. But long queues!", "type": "user", "user": {"gender": "male", "id": "20542919", "photo": {"prefix": "https://igx.4sqi.net/img/user/", "suffix": "/20542919-2T5QBGR3FRTYRC1U.jpg"}, "firstName": "Nicholas", "lastName": "Yeo"}, "canonicalUrl": "https://foursquare.com/item/4f4b6f7ae4b011fb7894d42e", "todo": {"count": 0}, "disagreeCount": 0}, {"authorInteractionType": "disliked", "logView": true, "lang": "en", "createdAt": 1413726174, "agreeCount": 0, "likes": {"groups": [], "count": 0}, "id": "5443bfde498ee7fe1c607f47", "text": "Seafood paella was a flop. Taste was too bland and the texture of the rice was like overnight rice. Disappointing. Dessert tarts were good.", "type": "user", "user": {"id": "19093907", "photo": {"prefix": "https://igx.4sqi.net/img/user/", "suffix": "/19093907-A0PUMNBCTRHPZID2.jpg"}, "firstName": "Povege", "gender": "female"}, "canonicalUrl": "https://foursquare.com/item/5443bfde498ee7fe1c607f47", "todo": {"count": 0}, "disagreeCount": 0}, {"logView": true, "lang": "en", "createdAt": 1377264660, "agreeCount": 2, "likes": {"groups": [{"items": [{"gender": "male", "id": "212152", "photo": {"prefix": "https://igx.4sqi.net/img/user/", "suffix": "/CFWWQ5511BZ3DN5W.png"}, "firstName": "Bjorn", "lastName": "Yeo"}, {"gender": "male", "id": "1240548", "photo": {"prefix": "https://igx.4sqi.net/img/user/", "suffix": "/IWN1LFWHR2ORFYZ5.png"}, "firstName": "Pooh", "lastName": "Bear"}], "count": 2, "type": "others"}], "summary": "2 likes", "count": 2}, "id": "5217641411d2c4f55fb6ef06", "text": "Whoever puts ice in a float!?! U can't eat the ice-cream properly as it melts into the drink. And the ice cream can't melt into the drink properly. Avoid ordering floats here!", "type": "user", "user": {"gender": "male", "id": "239570", "photo": {"prefix": "https://igx.4sqi.net/img/user/", "suffix": "/JHFHSQDGF0EZWWG1.jpg"}, "firstName": "Jermyn", "lastName": "Toh"}, "canonicalUrl": "https://foursquare.com/item/5217641411d2c4f55fb6ef06", "todo": {"count": 0}, "disagreeCount": 0}, {"logView": true, "lang": "en", "createdAt": 1312453990, "agreeCount": 0, "likes": {"groups": [], "count": 0}, "id": "4e3a7566b61c8493db547abf", "text": "good service. great Japanese-Western food. love the ambience!", "type": "user", "user": {"gender": "none", "id": "4325232", "photo": {"prefix": "https://igx.4sqi.net/img/user/", "suffix": "/3HWYGQNQXUIQV0NG.jpg"}, "firstName": "Louise Leny", "lastName": "Lihar"}, "canonicalUrl": "https://foursquare.com/item/4e3a7566b61c8493db547abf", "todo": {"count": 0}, "disagreeCount": 0}, {"authorInteractionType": "liked", "logView": true, "lang": "en", "photo": {"id": "548d689a498e9d8c57e29e79", "visibility": "public", "source": {"name": "Foursquare for Android", "url": "https://foursquare.com/download/#/android"}, "suffix": "/308951_Br7Yz6vZlkdSo-jyKA6Qjq5kL3eDMMGytM9DYLRfyp8.jpg", "createdAt": 1418553498, "prefix": "https://igx.4sqi.net/img/general/", "width": 2688, "height": 1520}, "createdAt": 1418553469, "todo": {"count": 0}, "agreeCount": 1, "likes": {"groups": [], "count": 0}, "lastVoteText": "Upvoted 1 week ago", "id": "548d687d498eaf945a2c8c44", "text": "Sangria is priced the same as Shirley Temple", "disagreeCount": 0, "lastUpvoteTimestamp": 1498297360, "user": {"gender": "male", "id": "308951", "photo": {"prefix": "https://igx.4sqi.net/img/user/", "suffix": "/3UP0AI4WEWFBWG2M.jpg"}, "firstName": "Gabriel", "lastName": "Seah"}, "canonicalUrl": "https://foursquare.com/item/548d687d498eaf945a2c8c44", "type": "user", "photourl": "https://igx.4sqi.net/img/general/original/308951_Br7Yz6vZlkdSo-jyKA6Qjq5kL3eDMMGytM9DYLRfyp8.jpg"}, {"logView": true, "lang": "en", "createdAt": 1313924475, "agreeCount": 0, "likes": {"groups": [], "count": 0}, "id": "4e50e57b6284416669a2d224", "text": "Medium sirloin steak is too raw, and way too much fats..", "type": "user", "user": {"gender": "male", "id": "5178041", "photo": {"prefix": "https://igx.4sqi.net/img/user/", "suffix": "/DPTTFXFY4RWB0H3A.jpg"}, "firstName": "Woo", "lastName": "Chin Ee"}, "canonicalUrl": "https://foursquare.com/item/4e50e57b6284416669a2d224", "todo": {"count": 0}, "disagreeCount": 0}, {"logView": true, "lang": "en", "createdAt": 1320117394, "agreeCount": 1, "likes": {"groups": [{"items": [{"id": "11834403", "photo": {"prefix": "https://igx.4sqi.net/img/user/", "suffix": "/DNENXVJO5NTKDAF2.jpg"}, "firstName": "Hellsbane Lyn", "gender": "female"}], "count": 1, "type": "others"}], "summary": "1 like", "count": 1}, "id": "4eaf649230f861493161442a", "text": "Their food and services are way better than the Central branch. Must try items, Scotch Eggs and Hayashi Rice.", "type": "user", "user": {"gender": "female", "id": "15902923", "photo": {"prefix": "https://igx.4sqi.net/img/user/", "suffix": "/YJ4J4L00JV2DUSHM.jpg"}, "firstName": "Alexus", "lastName": "Koo"}, "canonicalUrl": "https://foursquare.com/item/4eaf649230f861493161442a", "todo": {"count": 0}, "disagreeCount": 0}, {"logView": true, "lang": "en", "photo": {"id": "54510a6d498eb9ac0e34e6ce", "visibility": "public", "source": {"name": "Foursquare for Android", "url": "https://foursquare.com/download/#/android"}, "suffix": "/5957387_vzgEhW-phq2dEqFE6Bw6OcozqH_qSUiGU0cjXH5Eapc.jpg", "createdAt": 1414597229, "prefix": "https://igx.4sqi.net/img/general/", "width": 2448, "height": 3264}, "createdAt": 1414597223, "todo": {"count": 0}, "agreeCount": 0, "likes": {"groups": [], "count": 0}, "id": "54510a67498ec12f58b43720", "text": "The 160gm hamburger steak is just right for dinner. Not too much meat and well balanced with the vege and taters.", "disagreeCount": 0, "user": {"gender": "male", "id": "5957387", "photo": {"prefix": "https://igx.4sqi.net/img/user/", "suffix": "/JTSTP1IBYVMCFIJQ.jpg"}, "firstName": "William", "lastName": "Ng"}, "canonicalUrl": "https://foursquare.com/item/54510a67498ec12f58b43720", "type": "user", "photourl": "https://igx.4sqi.net/img/general/original/5957387_vzgEhW-phq2dEqFE6Bw6OcozqH_qSUiGU0cjXH5Eapc.jpg"}], "count": 86}}}