{"meta": {"code": 200, "requestId": "595a495cdb04f562eceb30ef"}, "response": {"tips": {"items": [{"logView": true, "lang": "en", "createdAt": 1271913138, "agreeCount": 0, "likes": {"groups": [{"items": [], "count": 1, "type": "others"}], "summary": "1 like", "count": 1}, "id": "4bcfdab270c603bb57be98b4", "text": "damn good fruit smoothies!", "type": "user", "user": {"gender": "male", "id": "435484", "photo": {"prefix": "https://igx.4sqi.net/img/user/", "suffix": "/WPLTHAN1AGTLH4EU.jpg"}, "firstName": "Prashanth", "lastName": "Shankar"}, "canonicalUrl": "https://foursquare.com/item/4bcfdab270c603bb57be98b4", "todo": {"count": 1}, "disagreeCount": 0}, {"authorInteractionType": "liked", "logView": true, "lang": "en", "createdAt": 1495883914, "agreeCount": 0, "likes": {"groups": [], "count": 0}, "id": "5929608ada708013b37b2ba1", "text": "S$8 for a decent sized toastie and good coffee - would recommend", "type": "user", "user": {"gender": "male", "id": "350406376", "photo": {"prefix": "https://igx.4sqi.net/img/user/", "suffix": "/350406376-BCDEBXO5JGCUHDPA.jpg"}, "firstName": "James", "lastName": "Bedford"}, "canonicalUrl": "https://foursquare.com/item/5929608ada708013b37b2ba1", "todo": {"count": 0}, "disagreeCount": 0}, {"logView": true, "lang": "en", "createdAt": 1388034827, "agreeCount": 0, "likes": {"groups": [], "count": 0}, "id": "52bbbb0b498e02dd5faa7a66", "text": "Best PB toasts in town!", "type": "user", "user": {"gender": "male", "id": "47309204", "photo": {"prefix": "https://igx.4sqi.net/img/user/", "suffix": "/47309204-BLLPWEY1SAZ33SHY.jpg"}, "firstName": "Ganesh", "lastName": "Ramakrishnan"}, "canonicalUrl": "https://foursquare.com/item/52bbbb0b498e02dd5faa7a66", "todo": {"count": 0}, "disagreeCount": 0}, {"logView": true, "lang": "en", "createdAt": 1432691646, "agreeCount": 0, "likes": {"groups": [], "count": 0}, "id": "556523be498e4fd68046b99b", "text": "Mozzarella & Mushroom sandwich that was Delicious~", "type": "user", "user": {"gender": "female", "id": "45344695", "photo": {"prefix": "https://igx.4sqi.net/img/user/", "suffix": "/45344695_x4c3At3B_tox_8LGXq5Eqo4BPpZNeXFnYTVpZhZYgKk6VXg5PPTqOULM9oU44e3YR1OAU5r3H.jpg"}, "firstName": "Victoria", "lastName": "Chen"}, "canonicalUrl": "https://foursquare.com/item/556523be498e4fd68046b99b", "todo": {"count": 0}, "disagreeCount": 0}, {"logView": true, "lang": "en", "createdAt": 1275869968, "agreeCount": 0, "likes": {"groups": [], "count": 0}, "id": "4c0c3b107e3fc9284b93f682", "text": "The plain bagels with sour cream is just a wonderful start to the day", "type": "user", "user": {"gender": "male", "id": "952812", "photo": {"prefix": "https://igx.4sqi.net/img/user/", "suffix": "/AYHA2OUCYJB4JFUJ.jpg"}, "firstName": "Anselm", "lastName": "Chelliah"}, "canonicalUrl": "https://foursquare.com/item/4c0c3b107e3fc9284b93f682", "todo": {"count": 0}, "disagreeCount": 0}, {"logView": true, "lang": "en", "createdAt": 1375336684, "agreeCount": 0, "likes": {"groups": [], "count": 0}, "id": "51f9f8ec498e00a214738055", "text": "Salads and soups are great!", "type": "user", "user": {"gender": "female", "id": "1698765", "photo": {"prefix": "https://igx.4sqi.net/img/user/", "suffix": "/1698765-FPMY4AKFWSZOTIK0.jpg"}, "firstName": "Corinne", "lastName": "Kang"}, "canonicalUrl": "https://foursquare.com/item/51f9f8ec498e00a214738055", "todo": {"count": 0}, "disagreeCount": 0}, {"logView": true, "lang": "en", "createdAt": 1290390375, "agreeCount": 0, "likes": {"groups": [], "count": 0}, "id": "4ce9cb670f196dcbee3f4eae", "text": "Sandwich n soup = perfect lunch", "type": "user", "user": {"gender": "male", "id": "475680", "photo": {"prefix": "https://igx.4sqi.net/img/user/", "suffix": "/JHMZ1GKCFBIE1XJP.jpg"}, "firstName": "Benny", "lastName": "Ang"}, "canonicalUrl": "https://foursquare.com/item/4ce9cb670f196dcbee3f4eae", "todo": {"count": 0}, "disagreeCount": 0}], "count": 7}}}