{"meta": {"code": 200, "requestId": "595a56af351e3d64b22d2a61"}, "response": {"tips": {"items": [{"logView": true, "lang": "en", "createdAt": 1392726314, "agreeCount": 0, "likes": {"groups": [], "count": 0}, "id": "5303512a498eb13ce1efb301", "text": "Wow can't believe others say it is expensive for what you get. Yes slightly more expensive but the quality is great. Truly tasty Japanese. Get the soft shell crab hand roll or the pork belly. Amazing", "type": "user", "user": {"gender": "female", "id": "976646", "photo": {"prefix": "https://igx.4sqi.net/img/user/", "suffix": "/976646-QDYGN4I3CMCRCD44.jpg"}, "firstName": "Mary", "lastName": "Campbell"}, "canonicalUrl": "https://foursquare.com/item/5303512a498eb13ce1efb301", "todo": {"count": 0}, "disagreeCount": 0}, {"logView": true, "lang": "en", "createdAt": 1325133584, "agreeCount": 0, "likes": {"groups": [], "count": 0}, "id": "4efbef10be7bd3135a07dfc7", "text": "The beef is really good", "type": "user", "user": {"gender": "male", "id": "5791826", "photo": {"prefix": "https://igx.4sqi.net/img/user/", "default": true, "suffix": "/blank_boy.png"}, "firstName": "Harun", "lastName": "Lie"}, "canonicalUrl": "https://foursquare.com/item/4efbef10be7bd3135a07dfc7", "todo": {"count": 0}, "disagreeCount": 0}, {"logView": true, "lang": "en", "createdAt": 1335936447, "agreeCount": 0, "likes": {"groups": [], "count": 0}, "id": "4fa0c5bfe4b0e43340f97fc7", "text": "Nigiri chasoba's good.", "type": "user", "user": {"gender": "female", "id": "3575252", "photo": {"prefix": "https://igx.4sqi.net/img/user/", "suffix": "/3575252-0WWZB02S1GUKCHKN.jpg"}, "firstName": "Jaclyn", "lastName": "Choo"}, "canonicalUrl": "https://foursquare.com/item/4fa0c5bfe4b0e43340f97fc7", "todo": {"count": 0}, "disagreeCount": 0}, {"authorInteractionType": "liked", "logView": true, "lang": "en", "photo": {"id": "569a36ea498e2f396055578d", "visibility": "public", "source": {"name": "Foursquare for iOS", "url": "https://foursquare.com/download/#/iphone"}, "suffix": "/137415288_hMBP61I2TOaqIhp4SM90F72D8j2HholPWcxnK2tuM1Y.jpg", "createdAt": 1452947178, "prefix": "https://igx.4sqi.net/img/general/", "width": 1440, "height": 1440}, "createdAt": 1452947175, "todo": {"count": 0}, "agreeCount": 0, "likes": {"groups": [], "count": 0}, "id": "569a36e7498eae563f279086", "text": "They serve very good sushi and tempura. Good ambience and relatively good value for money!", "disagreeCount": 0, "user": {"gender": "male", "id": "137415288", "photo": {"prefix": "https://igx.4sqi.net/img/user/", "suffix": "/137415288-LUJSDZZM4UK1IFVD.jpg"}, "firstName": "Vincent", "lastName": "Tan"}, "canonicalUrl": "https://foursquare.com/item/569a36e7498eae563f279086", "type": "user", "photourl": "https://igx.4sqi.net/img/general/original/137415288_hMBP61I2TOaqIhp4SM90F72D8j2HholPWcxnK2tuM1Y.jpg"}, {"logView": true, "lang": "en", "createdAt": 1314342419, "agreeCount": 0, "likes": {"groups": [], "count": 0}, "id": "4e5746137d8b7535133d2059", "text": "Foie gras uni sushi literally melts in the mouth. Too good!", "type": "user", "user": {"gender": "female", "id": "8228016", "photo": {"prefix": "https://igx.4sqi.net/img/user/", "suffix": "/IJCZF3TKBFXTFMFA.jpg"}, "firstName": "Vincy", "lastName": "Sudarwo"}, "canonicalUrl": "https://foursquare.com/item/4e5746137d8b7535133d2059", "todo": {"count": 0}, "disagreeCount": 0}, {"authorInteractionType": "liked", "logView": true, "lang": "es", "photo": {"id": "5475e2c6498ef0f23164dcbc", "visibility": "public", "source": {"name": "Foursquare for iOS", "url": "https://foursquare.com/download/#/iphone"}, "suffix": "/95207955_2-6I2hfcd8u0XWeQKI0cfm2KtCQK8wjLS6lNY_OptfA.jpg", "createdAt": 1417011910, "prefix": "https://igx.4sqi.net/img/general/", "width": 1440, "height": 1920}, "createdAt": 1417011907, "todo": {"count": 0}, "agreeCount": 1, "likes": {"groups": [{"items": [{"gender": "female", "id": "1223587", "photo": {"prefix": "https://igx.4sqi.net/img/user/", "suffix": "/1223587-O15AZTA3MMLHRRA0.jpg"}, "firstName": "Ahn", "lastName": "Bustamante"}], "count": 1, "type": "others"}], "summary": "1 like", "count": 1}, "id": "5475e2c3498e8afb92370a02", "text": "Delicious salmon sashimi! \ud83d\ude1a", "disagreeCount": 0, "user": {"gender": "male", "id": "95207955", "photo": {"prefix": "https://igx.4sqi.net/img/user/", "suffix": "/95207955-W0Y2LB53KOKVCIM3.jpg"}, "firstName": "Milk", "lastName": "Fuck"}, "canonicalUrl": "https://foursquare.com/item/5475e2c3498e8afb92370a02", "type": "user", "photourl": "https://igx.4sqi.net/img/general/original/95207955_2-6I2hfcd8u0XWeQKI0cfm2KtCQK8wjLS6lNY_OptfA.jpg"}, {"logView": true, "lang": "en", "createdAt": 1319870102, "agreeCount": 0, "likes": {"groups": [], "count": 0}, "id": "4eab9e9629c2152debd4c134", "text": "Bessttt japanese restaurant in town omg <3", "type": "user", "user": {"gender": "none", "id": "7114968", "photo": {"prefix": "https://igx.4sqi.net/img/user/", "suffix": "/L4QFPWLZKNTUWKVD.jpg"}, "firstName": "Tricia", "lastName": "Goh"}, "canonicalUrl": "https://foursquare.com/item/4eab9e9629c2152debd4c134", "todo": {"count": 0}, "disagreeCount": 0}, {"authorInteractionType": "liked", "logView": true, "lang": "en", "createdAt": 1441716366, "agreeCount": 0, "likes": {"groups": [], "count": 0}, "id": "55eed88e498e6c36bb5cb436", "text": "Hand rolls, soba is good", "type": "user", "user": {"gender": "female", "id": "96271698", "photo": {"prefix": "https://igx.4sqi.net/img/user/", "default": true, "suffix": "/blank_girl.png"}, "firstName": "Phay", "lastName": "Lam"}, "canonicalUrl": "https://foursquare.com/item/55eed88e498e6c36bb5cb436", "todo": {"count": 0}, "disagreeCount": 0}, {"logView": true, "lang": "en", "createdAt": 1335936240, "agreeCount": 1, "likes": {"groups": [{"items": [{"gender": "female", "id": "15444605", "photo": {"prefix": "https://igx.4sqi.net/img/user/", "suffix": "/15444605-2ZO0O0YQFM2LNMNO.jpg"}, "firstName": "Riyana", "lastName": "Sutardio"}], "count": 1, "type": "others"}], "summary": "1 like", "count": 1}, "id": "4fa0c4f0e4b0de2b9b5853f3", "text": "Fatty salmon very fresh & juicy. $4/pc", "type": "user", "user": {"gender": "female", "id": "3575252", "photo": {"prefix": "https://igx.4sqi.net/img/user/", "suffix": "/3575252-0WWZB02S1GUKCHKN.jpg"}, "firstName": "Jaclyn", "lastName": "Choo"}, "canonicalUrl": "https://foursquare.com/item/4fa0c4f0e4b0de2b9b5853f3", "todo": {"count": 0}, "disagreeCount": 0}, {"authorInteractionType": "liked", "logView": true, "lang": "en", "createdAt": 1448543970, "todo": {"count": 0}, "agreeCount": 2, "likes": {"groups": [], "count": 0}, "lastVoteText": "Upvoted Apr 13", "id": "565706e2498edbc71fe091fe", "text": "The best sushi you will ever eat in Singapore and better than 99% of Japan Sushi resturant. Master Chef Don is amazing with creative but remarkably tasty sushi... Am in love with this place .....", "disagreeCount": 0, "lastUpvoteTimestamp": 1492080166, "user": {"gender": "male", "id": "56292131", "photo": {"prefix": "https://igx.4sqi.net/img/user/", "suffix": "/56292131_RxH3Hmtp_lLh33pWLRQDq1QpuaPG02a7ckbNGDLCpFq-kvfmm232uLBtfRMVnCikcg5sU53au.jpg"}, "firstName": "Bakr", "lastName": "Darwish"}, "canonicalUrl": "https://foursquare.com/item/565706e2498edbc71fe091fe", "type": "user"}, {"authorInteractionType": "liked", "logView": true, "lang": "en", "createdAt": 1476593167, "agreeCount": 0, "likes": {"groups": [], "count": 0}, "id": "5803060f38fa49d177907dcb", "text": "Reverse California and the Eby Tempura Maki are magnificent", "type": "user", "user": {"gender": "male", "id": "126082631", "photo": {"prefix": "https://igx.4sqi.net/img/user/", "suffix": "/126082631-2NR2MGQQ33UP1Z1S.jpg"}, "firstName": "Alonso", "lastName": "Carral"}, "canonicalUrl": "https://foursquare.com/item/5803060f38fa49d177907dcb", "todo": {"count": 0}, "disagreeCount": 0}, {"logView": true, "lang": "en", "createdAt": 1313655464, "agreeCount": 0, "likes": {"groups": [], "count": 0}, "id": "4e4ccaa863655f206fe37317", "text": "This place is good quality that comes with a price :)", "type": "user", "user": {"gender": "female", "id": "3550595", "photo": {"prefix": "https://igx.4sqi.net/img/user/", "suffix": "/3550595-OUII5EBAAY0U5SAZ.jpg"}, "firstName": "Chong", "lastName": "YJ"}, "canonicalUrl": "https://foursquare.com/item/4e4ccaa863655f206fe37317", "todo": {"count": 0}, "disagreeCount": 0}, {"authorInteractionType": "liked", "logView": true, "lang": "en", "createdAt": 1293286376, "agreeCount": 3, "likes": {"groups": [{"items": [{"gender": "male", "id": "1339539", "photo": {"prefix": "https://igx.4sqi.net/img/user/", "suffix": "/1339539-AIRJPNFKHLZSMUDJ.jpg"}, "firstName": "Ian", "lastName": "Thomtori"}, {"gender": "male", "id": "59401618", "photo": {"prefix": "https://igx.4sqi.net/img/user/", "suffix": "/DQPEFIITUIJ4J0NP.jpg"}, "firstName": "Nick", "lastName": "Ogden"}, {"gender": "male", "id": "28190684", "photo": {"prefix": "https://igx.4sqi.net/img/user/", "suffix": "/28190684-4F5TG24LVZTKLZO2.jpg"}, "firstName": "Anton", "lastName": "Silkin"}], "count": 6, "type": "others"}], "summary": "6 likes", "count": 6}, "id": "4d15fbe8e190721e2e571221", "text": "All the food is good here, but the Akashi bento is a good and cost effective meal.", "type": "user", "user": {"gender": "male", "id": "5406277", "photo": {"prefix": "https://igx.4sqi.net/img/user/", "suffix": "/NH2RHROWCQI1BR3D.jpg"}, "firstName": "Ngiap Heng", "lastName": "Tan"}, "canonicalUrl": "https://foursquare.com/item/4d15fbe8e190721e2e571221", "todo": {"count": 3}, "disagreeCount": 0}, {"logView": true, "lang": "en", "photo": {"id": "53c9b303498e9d2adb87fcd4", "visibility": "public", "source": {"name": "Foursquare for iOS", "url": "https://foursquare.com/download/#/iphone"}, "suffix": "/320185_kNTQm1ybWvsgu283j8DXMoqGoHylYQG9Bve2Ce374yM.jpg", "createdAt": 1405727491, "prefix": "https://igx.4sqi.net/img/general/", "width": 720, "height": 960}, "createdAt": 1405727489, "todo": {"count": 0}, "agreeCount": 1, "likes": {"groups": [], "count": 0}, "lastVoteText": "Upvoted 2 days ago", "id": "53c9b301498e5a8a764865a3", "text": "Tempura Roll", "disagreeCount": 0, "lastUpvoteTimestamp": 1498887819, "user": {"gender": "male", "id": "320185", "photo": {"prefix": "https://igx.4sqi.net/img/user/", "suffix": "/320185-D1G54SZK0TVSYAQK.jpg"}, "firstName": "myk", "lastName": "cheng"}, "canonicalUrl": "https://foursquare.com/item/53c9b301498e5a8a764865a3", "type": "user", "photourl": "https://igx.4sqi.net/img/general/original/320185_kNTQm1ybWvsgu283j8DXMoqGoHylYQG9Bve2Ce374yM.jpg"}, {"authorInteractionType": "disliked", "logView": true, "lang": "en", "createdAt": 1465754062, "agreeCount": 0, "likes": {"groups": [], "count": 0}, "id": "575da1ce498e15a12afb95e2", "text": "Sushi is good but not the best !  No beer on tap; only Kirin beer  was available; cold Edamame:(", "type": "user", "user": {"gender": "none", "id": "124144979", "photo": {"prefix": "https://igx.4sqi.net/img/user/", "default": true, "suffix": "/blank_boy.png"}, "firstName": "Sacha", "lastName": "S"}, "canonicalUrl": "https://foursquare.com/item/575da1ce498e15a12afb95e2", "todo": {"count": 0}, "disagreeCount": 0}, {"logView": true, "lang": "en", "createdAt": 1270660702, "agreeCount": 0, "likes": {"groups": [], "count": 0}, "id": "4bbcbe5e70c603bb820c97b4", "text": "There is a 22 dollar giant oyster that takes 7 bites to finish. It is that big. And not one hint of sand.", "type": "user", "user": {"gender": "female", "id": "647450", "photo": {"prefix": "https://igx.4sqi.net/img/user/", "suffix": "/JADDYFQUX5EGN1GA.jpg"}, "firstName": "Amanda", "lastName": "Tan"}, "canonicalUrl": "https://foursquare.com/item/4bbcbe5e70c603bb820c97b4", "todo": {"count": 0}, "disagreeCount": 0}, {"logView": true, "lang": "en", "createdAt": 1362093941, "agreeCount": 1, "likes": {"groups": [{"items": [{"gender": "male", "id": "39119594", "photo": {"prefix": "https://igx.4sqi.net/img/user/", "suffix": "/39119594-0BBIRPXDRKAKN0UQ.jpg"}, "firstName": "Erik", "lastName": "Ie"}], "count": 1, "type": "others"}], "summary": "1 like", "count": 1}, "id": "512fe775e4b041d1be596edd", "text": "i like Akashi bento", "type": "user", "user": {"gender": "male", "id": "37235513", "photo": {"prefix": "https://igx.4sqi.net/img/user/", "suffix": "/RU4NVK5VCUDB2PGU.jpg"}, "firstName": "Zen", "lastName": "Akira"}, "canonicalUrl": "https://foursquare.com/item/512fe775e4b041d1be596edd", "todo": {"count": 0}, "disagreeCount": 0}, {"authorInteractionType": "liked", "logView": true, "lang": "en", "createdAt": 1443355028, "agreeCount": 0, "likes": {"groups": [], "count": 0}, "id": "5607d994498e858cc7b99a2d", "text": "Exquisite Sushi.  One of the greats especially since I didn't have to pay for it", "type": "user", "user": {"gender": "male", "id": "126257047", "photo": {"prefix": "https://igx.4sqi.net/img/user/", "suffix": "/126257047-BIVHA2FTSLXOC5V4.jpg"}, "firstName": "Krishna", "lastName": "Zulkarnain"}, "canonicalUrl": "https://foursquare.com/item/5607d994498e858cc7b99a2d", "todo": {"count": 0}, "disagreeCount": 0}, {"logView": true, "lang": "en", "createdAt": 1313147180, "agreeCount": 0, "likes": {"groups": [], "count": 0}, "id": "4e45092cd22de4060efcb594", "text": "Their wasabi is feeshly grind!!!", "type": "user", "user": {"id": "5683928", "photo": {"prefix": "https://igx.4sqi.net/img/user/", "suffix": "/T5H3SDF20YSFJJ0X.jpg"}, "firstName": "Yappily", "gender": "male"}, "canonicalUrl": "https://foursquare.com/item/4e45092cd22de4060efcb594", "todo": {"count": 0}, "disagreeCount": 0}, {"authorInteractionType": "disliked", "logView": true, "lang": "en", "createdAt": 1387381423, "agreeCount": 0, "likes": {"groups": [], "count": 0}, "id": "52b1c2af498e046dc8bb0451", "text": "Good sake  velly velly bad food!", "type": "user", "user": {"gender": "male", "id": "7947027", "photo": {"prefix": "https://igx.4sqi.net/img/user/", "suffix": "/A3F1WT3EJONNLLU4.jpg"}, "firstName": "seneka", "lastName": "yadd"}, "canonicalUrl": "https://foursquare.com/item/52b1c2af498e046dc8bb0451", "todo": {"count": 0}, "disagreeCount": 0}, {"logView": true, "lang": "en", "createdAt": 1320108976, "agreeCount": 1, "likes": {"groups": [{"items": [{"gender": "female", "id": "15444605", "photo": {"prefix": "https://igx.4sqi.net/img/user/", "suffix": "/15444605-2ZO0O0YQFM2LNMNO.jpg"}, "firstName": "Riyana", "lastName": "Sutardio"}], "count": 1, "type": "others"}], "summary": "1 like", "count": 1}, "id": "4eaf43b06d86e4914a390f88", "text": "This is one of the very best Japanese restaurants I've ever been to, sit at the sushi bar and let you be surprised by an explosion of flavours ! 10/10 Worldclass", "type": "user", "user": {"gender": "male", "id": "164545", "photo": {"prefix": "https://igx.4sqi.net/img/user/", "suffix": "/JWY3S5I0EVRHS0OY.jpg"}, "firstName": "Philippe", "lastName": "Rogiest"}, "canonicalUrl": "https://foursquare.com/item/4eaf43b06d86e4914a390f88", "todo": {"count": 0}, "disagreeCount": 0}, {"logView": true, "lang": "en", "createdAt": 1376632056, "agreeCount": 0, "likes": {"groups": [], "count": 0}, "id": "520dbcf8498e1c964accae55", "text": "Un-inspiring menu. Overpriced. But tasty nonetheless. Not worthwhile for dinner. Don't park in orchard parade hotel!", "type": "user", "user": {"gender": "male", "id": "17132053", "photo": {"prefix": "https://igx.4sqi.net/img/user/", "suffix": "/17132053-T2OZKPE3ILLFXMN1.jpg"}, "firstName": "Richard", "lastName": "Kuppusamy"}, "canonicalUrl": "https://foursquare.com/item/520dbcf8498e1c964accae55", "todo": {"count": 0}, "disagreeCount": 0}, {"authorInteractionType": "liked", "logView": true, "lang": "en", "createdAt": 1458913292, "agreeCount": 0, "likes": {"groups": [], "count": 0}, "id": "56f5400c498ed539f7843ecf", "text": "Quality is still best. Price is high.", "type": "user", "user": {"gender": "female", "id": "6887848", "photo": {"prefix": "https://igx.4sqi.net/img/user/", "suffix": "/04MP0ZX2X2DWZHXT.jpg"}, "firstName": "Helen", "lastName": "C"}, "canonicalUrl": "https://foursquare.com/item/56f5400c498ed539f7843ecf", "todo": {"count": 0}, "disagreeCount": 0}, {"authorInteractionType": "liked", "logView": true, "lang": "en", "photo": {"id": "556186f6498e9d4599fd35a1", "visibility": "public", "source": {"name": "Foursquare for iOS", "url": "https://foursquare.com/download/#/iphone"}, "suffix": "/30599435_dJyNYinvringL6rhDvSmAugIscISSTXvSJ992nl1eaI.jpg", "createdAt": 1432454902, "prefix": "https://igx.4sqi.net/img/general/", "width": 1440, "height": 1440}, "createdAt": 1432454898, "todo": {"count": 0}, "agreeCount": 0, "likes": {"groups": [], "count": 0}, "id": "556186f2498e363a2010b9ed", "text": "Aburi Uni Foie Gras sushi is orgasmic !", "disagreeCount": 0, "user": {"gender": "male", "id": "30599435", "photo": {"prefix": "https://igx.4sqi.net/img/user/", "suffix": "/30599435_VFGwCGkP_KJZtGNkxWuKAloSRzZmkVQ0zaQ22sfzp1GTiHcwkgOeD8Kpzn2YsIzNIAYO3mggB.jpg"}, "firstName": "Jonathan", "lastName": "Lim"}, "canonicalUrl": "https://foursquare.com/item/556186f2498e363a2010b9ed", "type": "user", "photourl": "https://igx.4sqi.net/img/general/original/30599435_dJyNYinvringL6rhDvSmAugIscISSTXvSJ992nl1eaI.jpg"}, {"logView": true, "lang": "en", "photo": {"id": "51b5b1b7498e4f1a4c8c43d2", "visibility": "public", "source": {"name": "Foursquare for Android", "url": "https://foursquare.com/download/#/android"}, "suffix": "/51121736_wbobxyMYgSmY3od1Xf0tgmLQHmz5AR6ueQhW1X-MceQ.jpg", "createdAt": 1370862007, "prefix": "https://igx.4sqi.net/img/general/", "width": 720, "height": 405}, "createdAt": 1370862004, "todo": {"count": 0}, "agreeCount": 1, "likes": {"groups": [{"items": [{"gender": "male", "id": "39119594", "photo": {"prefix": "https://igx.4sqi.net/img/user/", "suffix": "/39119594-0BBIRPXDRKAKN0UQ.jpg"}, "firstName": "Erik", "lastName": "Ie"}], "count": 1, "type": "others"}], "summary": "1 like", "count": 1}, "id": "51b5b1b4498e0f6ab961f693", "text": "Great value set lunch and fresh sashimi.", "disagreeCount": 0, "user": {"id": "51121736", "photo": {"prefix": "https://igx.4sqi.net/img/user/", "suffix": "/L2MKDQCATDCXQHWJ.jpg"}, "firstName": "Winn", "gender": "none"}, "canonicalUrl": "https://foursquare.com/item/51b5b1b4498e0f6ab961f693", "type": "user", "photourl": "https://igx.4sqi.net/img/general/original/51121736_wbobxyMYgSmY3od1Xf0tgmLQHmz5AR6ueQhW1X-MceQ.jpg"}, {"logView": true, "lang": "en", "createdAt": 1353287735, "agreeCount": 0, "likes": {"groups": [], "count": 0}, "id": "50a98837e4b0534d8e49ae01", "text": "Very nice and friendly, but extremely expensive, NOT WORTHY IT", "type": "user", "user": {"id": "32177687", "photo": {"prefix": "https://igx.4sqi.net/img/user/", "suffix": "/WQFRMDB3LQSQ2NUP.jpg"}, "firstName": "elwaco", "gender": "male"}, "canonicalUrl": "https://foursquare.com/item/50a98837e4b0534d8e49ae01", "todo": {"count": 0}, "disagreeCount": 0}, {"logView": true, "lang": "ru", "createdAt": 1389276819, "agreeCount": 0, "likes": {"groups": [], "count": 0}, "id": "52ceae93498e096d7aec65bd", "text": "\u041e\u0442\u0432\u0440\u0430\u0442\u0438\u0442\u0435\u043b\u044c\u043d\u044b\u0439 \u0440\u0435\u0441\u0442\u043e\u0440\u0430\u043d, \u0435\u0434\u0430 \u043f\u043e\u043b\u043d\u0430\u044f \u0435\u0440\u0443\u043d\u0434\u0430, \u0432\u0441\u0435 \u043d\u0435 \u0432\u043a\u0443\u0441\u043d\u043e, \u0431\u0435\u0448\u0435\u043d\u043e \u0434\u043e\u0440\u043e\u0433\u043e, \u0443\u0436\u0430\u0441\u043d\u043e. \u0425\u043e\u0442\u0438\u0442\u0435 \u043d\u0430\u0441\u043b\u0430\u0434\u0438\u0442\u044c\u0441\u044f \u0435\u0434\u043e\u0439-\u043d\u0435 \u0445\u043e\u0434\u0438\u0442\u0435 \u0442\u0443\u0434\u0430!!!", "type": "user", "user": {"gender": "female", "id": "30273024", "photo": {"prefix": "https://igx.4sqi.net/img/user/", "suffix": "/30273024-YH0L1PMTM13HOFEM.jpg"}, "firstName": "Marichka_s", "lastName": "Kamchatka"}, "canonicalUrl": "https://foursquare.com/item/52ceae93498e096d7aec65bd", "todo": {"count": 0}, "disagreeCount": 0}, {"logView": true, "lang": "en", "createdAt": 1407558205, "agreeCount": 0, "likes": {"groups": [], "count": 0}, "id": "53e5a23d498e644fe7a0b0ff", "text": "Parking is $4 /entry 00:01 till 2359 on Sunday or public holiday. You can take your time and shop after that", "type": "user", "user": {"gender": "male", "id": "2801015", "photo": {"prefix": "https://igx.4sqi.net/img/user/", "suffix": "/2801015-5VJCZLBHIGX0ALBY.jpg"}, "firstName": "Irvan", "lastName": "Tan"}, "canonicalUrl": "https://foursquare.com/item/53e5a23d498e644fe7a0b0ff", "todo": {"count": 0}, "disagreeCount": 0}, {"logView": true, "lang": "en", "createdAt": 1271738883, "agreeCount": 0, "likes": {"groups": [], "count": 0}, "id": "4bcd320370c603bb448098b4", "text": "best place to eat spider handroll", "type": "user", "user": {"gender": "male", "id": "829550", "photo": {"prefix": "https://igx.4sqi.net/img/user/", "suffix": "/ZY52CSQ4A4O4O2LC.jpg"}, "firstName": "Kenny", "lastName": "Ong"}, "canonicalUrl": "https://foursquare.com/item/4bcd320370c603bb448098b4", "todo": {"count": 0}, "disagreeCount": 0}, {"authorInteractionType": "liked", "logView": true, "lang": "en", "photo": {"id": "58438568876ade32f7aa56e3", "visibility": "public", "source": {"name": "Foursquare for iOS", "url": "https://foursquare.com/download/#/iphone"}, "suffix": "/101177134_5CLOvYxmOtL_Gtwpzr5yGgoNnDFGTnL2_ceUerswT9c.jpg", "createdAt": 1480820072, "prefix": "https://igx.4sqi.net/img/general/", "width": 1920, "height": 1440}, "createdAt": 1480820068, "todo": {"count": 0}, "agreeCount": 0, "likes": {"groups": [], "count": 0}, "id": "5843856404f4d749e922b3c9", "text": "Best Japanese food I have ever had in Singapore", "disagreeCount": 0, "user": {"gender": "female", "id": "101177134", "photo": {"prefix": "https://igx.4sqi.net/img/user/", "suffix": "/101177134-NR51UYFWXJZGOTKF.jpg"}, "firstName": "Louanne", "lastName": "Li"}, "canonicalUrl": "https://foursquare.com/item/5843856404f4d749e922b3c9", "type": "user", "photourl": "https://igx.4sqi.net/img/general/original/101177134_5CLOvYxmOtL_Gtwpzr5yGgoNnDFGTnL2_ceUerswT9c.jpg"}, {"authorInteractionType": "liked", "logView": true, "lang": "en", "photo": {"id": "5528015b498e0fabee05927f", "visibility": "public", "source": {"name": "Foursquare for iOS", "url": "https://foursquare.com/download/#/iphone"}, "suffix": "/67490872_O8UEbcnHSzrD5nHyfXk_vTvuK3FHpfCkoZfZofydsck.jpg", "createdAt": 1428685147, "prefix": "https://igx.4sqi.net/img/general/", "width": 1440, "height": 1440}, "createdAt": 1428685144, "todo": {"count": 0}, "agreeCount": 0, "likes": {"groups": [], "count": 0}, "id": "55280158498e5f5d3ae23188", "text": "Very good Omakase !! Starts from@$180 per pax .. Must try ! Let the chef surprised you !", "disagreeCount": 0, "user": {"gender": "female", "id": "67490872", "photo": {"prefix": "https://igx.4sqi.net/img/user/", "suffix": "/67490872-UFWLI45BGSJZFN40.jpg"}, "firstName": "Eileen", "lastName": "Lin"}, "canonicalUrl": "https://foursquare.com/item/55280158498e5f5d3ae23188", "type": "user", "photourl": "https://igx.4sqi.net/img/general/original/67490872_O8UEbcnHSzrD5nHyfXk_vTvuK3FHpfCkoZfZofydsck.jpg"}, {"logView": true, "lang": "en", "createdAt": 1314618170, "agreeCount": 0, "likes": {"groups": [], "count": 0}, "id": "4e5b7b3a45dd705592b0605f", "text": "Try their signature reverse california maki!", "type": "user", "user": {"gender": "female", "id": "12911761", "photo": {"prefix": "https://igx.4sqi.net/img/user/", "suffix": "/Q4OIY4IDTRTEDBP4.jpg"}, "firstName": "Cui", "lastName": "H"}, "canonicalUrl": "https://foursquare.com/item/4e5b7b3a45dd705592b0605f", "todo": {"count": 0}, "disagreeCount": 0}, {"authorInteractionType": "liked", "logView": true, "lang": "en", "createdAt": 1416657471, "agreeCount": 1, "likes": {"groups": [{"items": [{"gender": "male", "id": "101060687", "photo": {"prefix": "https://igx.4sqi.net/img/user/", "suffix": "/101060687-1JZHAS0UB2OWGUN4.jpg"}, "firstName": "Drive Home Service", "lastName": "My Chauffeur Valet"}], "count": 1, "type": "others"}], "summary": "1 like", "count": 1}, "id": "54707a3f498e06df5a7cd069", "text": "Sushi exceptional, beer japaneese:)", "type": "user", "user": {"gender": "male", "id": "91738572", "photo": {"prefix": "https://igx.4sqi.net/img/user/", "suffix": "/91738572-F4NJ3I2C2WBTWXCK.jpg"}, "firstName": "Arminas", "lastName": "Macevicius"}, "canonicalUrl": "https://foursquare.com/item/54707a3f498e06df5a7cd069", "todo": {"count": 0}, "disagreeCount": 0}, {"logView": true, "lang": "en", "createdAt": 1310296762, "agreeCount": 0, "likes": {"groups": [], "count": 0}, "id": "4e198aba183880768f4c2093", "text": "Try their California Handroll or Cutroll. Another dish to try is their burnt Toro sushi. Close your eyes while eating to get the full flavours of the sushi!", "type": "user", "user": {"gender": "female", "id": "2645623", "photo": {"prefix": "https://igx.4sqi.net/img/user/", "suffix": "/DNXRCUYDTI00AH5M.jpg"}, "firstName": "Nicolette", "lastName": "Soh"}, "canonicalUrl": "https://foursquare.com/item/4e198aba183880768f4c2093", "todo": {"count": 0}, "disagreeCount": 0}, {"authorInteractionType": "disliked", "logView": true, "lang": "ja", "createdAt": 1427790606, "agreeCount": 0, "likes": {"groups": [], "count": 0}, "id": "551a5b0e498ed17beee9ea16", "text": "\u9ad8\u3044\u3000\u5929\u4e95\u3082\u3000\u30bd\u30d5\u30c8\u30b7\u30a7\u30eb\u30af\u30e9\u30d6\u306e\u3066\u3093\u3077\u3089\u3000\u7f8e\u5473\u3057\u304b\u3063\u305f", "type": "user", "user": {"id": "54782207", "photo": {"prefix": "https://igx.4sqi.net/img/user/", "suffix": "/DZIHD2WVQMKPVI2H.jpg"}, "firstName": "@k1h", "gender": "male"}, "canonicalUrl": "https://foursquare.com/item/551a5b0e498ed17beee9ea16", "todo": {"count": 0}, "disagreeCount": 0}, {"logView": true, "lang": "en", "createdAt": 1341412936, "agreeCount": 0, "likes": {"groups": [], "count": 0}, "id": "4ff45648e4b09751a64c4476", "text": "Quite expensive and extremely fresh sushi in a Japanese setting.", "type": "user", "user": {"gender": "male", "id": "31786209", "photo": {"prefix": "https://igx.4sqi.net/img/user/", "suffix": "/PO4JAAU5WS3WKL0E.jpg"}, "firstName": "Onur", "lastName": "Ozer"}, "canonicalUrl": "https://foursquare.com/item/4ff45648e4b09751a64c4476", "todo": {"count": 0}, "disagreeCount": 0}, {"authorInteractionType": "liked", "logView": true, "lang": "en", "createdAt": 1434166601, "agreeCount": 1, "likes": {"groups": [{"items": [{"gender": "male", "id": "30599435", "photo": {"prefix": "https://igx.4sqi.net/img/user/", "suffix": "/30599435_VFGwCGkP_KJZtGNkxWuKAloSRzZmkVQ0zaQ22sfzp1GTiHcwkgOeD8Kpzn2YsIzNIAYO3mggB.jpg"}, "firstName": "Jonathan", "lastName": "Lim"}], "count": 1, "type": "others"}], "summary": "1 like", "count": 1}, "id": "557ba549498e27f61eb6aa7b", "text": "Their premium sushi selection is to-die-for! *drools*", "type": "user", "user": {"gender": "female", "id": "129491502", "photo": {"prefix": "https://igx.4sqi.net/img/user/", "suffix": "/129491502-JUY23AGYKIQJ1USY.jpg"}, "firstName": "Celine", "lastName": "Ong"}, "canonicalUrl": "https://foursquare.com/item/557ba549498e27f61eb6aa7b", "todo": {"count": 0}, "disagreeCount": 0}, {"authorInteractionType": "liked", "logView": true, "lang": "ru", "createdAt": 1363097754, "agreeCount": 2, "likes": {"groups": [{"items": [{"id": "13270323", "photo": {"prefix": "https://igx.4sqi.net/img/user/", "suffix": "/WVEIDPOEHIEBZPHI.jpg"}, "firstName": "Evgeniy", "gender": "male"}, {"id": "21204549", "photo": {"prefix": "https://igx.4sqi.net/img/user/", "suffix": "/TBTREOSMRDYDB1HZ.jpg"}, "firstName": "\u0410\u043b\u0435\u043a\u0441\u0430\u043d\u0434\u0440", "gender": "male"}], "count": 2, "type": "others"}], "summary": "2 likes", "count": 2}, "id": "513f389ae4b0c0dc1ccebbc0", "text": "\u042d\u0442\u043e \u043e\u0442\u0440\u044b\u0432 \u0431\u0430\u0448\u043a\u0438! \u042d\u0442\u043e \u043b\u0443\u0447\u0448\u0435\u0435, \u0447\u0442\u043e \u0441\u043b\u0443\u0447\u0438\u043b\u043e\u0441\u044c \u0441\u043e \u043c\u043d\u043e\u0439 \u0432 \u0421\u0438\u043d\u0433\u0430\u043f\u0443\u0440\u0435!!!! \u042d\u0442\u043e.... \u043e\u0447\u0435\u043d\u044c \u0437\u0434\u043e\u0440\u043e\u0432\u043e.... \u0417\u0430\u0432\u0438\u0434\u0443\u044e \u0412\u0430\u043c, \u043f\u043e\u043f\u0430\u0432\u0448\u0438\u043c \u0441\u044e\u0434\u0430....", "type": "user", "user": {"gender": "male", "id": "36839819", "photo": {"prefix": "https://igx.4sqi.net/img/user/", "suffix": "/FALUDZBKMLT4KJ4P.jpg"}, "firstName": "\u041a\u0438\u0440\u0438\u043b\u043b", "lastName": "\u0413\u0440\u0438\u0448\u0430\u043d\u043e\u0432"}, "canonicalUrl": "https://foursquare.com/item/513f389ae4b0c0dc1ccebbc0", "todo": {"count": 0}, "disagreeCount": 0}, {"authorInteractionType": "liked", "logView": true, "lang": "en", "createdAt": 1463288782, "agreeCount": 0, "likes": {"groups": [], "count": 0}, "id": "573803ce498ef6c02662ed25", "text": "Best Japanese in town! Try the reverse California Roll and the Eby Tempura Maki", "type": "user", "user": {"gender": "male", "id": "126082631", "photo": {"prefix": "https://igx.4sqi.net/img/user/", "suffix": "/126082631-2NR2MGQQ33UP1Z1S.jpg"}, "firstName": "Alonso", "lastName": "Carral"}, "canonicalUrl": "https://foursquare.com/item/573803ce498ef6c02662ed25", "todo": {"count": 0}, "disagreeCount": 0}, {"logView": true, "lang": "en", "createdAt": 1295785208, "agreeCount": 0, "likes": {"groups": [{"items": [], "count": 1, "type": "others"}], "summary": "1 like", "count": 1}, "id": "4d3c1cf817426a3122015ffd", "text": "Yummy beef udon ahaha.", "type": "user", "user": {"gender": "female", "id": "6107084", "photo": {"prefix": "https://igx.4sqi.net/img/user/", "suffix": "/6107084-VRIWDBDGKNYNYFDH.jpg"}, "firstName": "Rachel", "lastName": "The"}, "canonicalUrl": "https://foursquare.com/item/4d3c1cf817426a3122015ffd", "todo": {"count": 0}, "disagreeCount": 0}], "count": 40}}}