{"meta": {"code": 200, "requestId": "595a53db351e3d64b2159719"}, "response": {"tips": {"items": [{"logView": true, "lang": "id", "createdAt": 1331919094, "agreeCount": 0, "likes": {"groups": [], "count": 0}, "id": "4f6378f6e4b075c71240efcb", "text": "# 1 fave nasi padang !", "type": "user", "user": {"gender": "female", "id": "5925666", "photo": {"prefix": "https://igx.4sqi.net/img/user/", "suffix": "/5925666-Z0323DNYTYS0DB0W.jpg"}, "firstName": "Aliah", "lastName": "Selamat"}, "canonicalUrl": "https://foursquare.com/item/4f6378f6e4b075c71240efcb", "todo": {"count": 0}, "disagreeCount": 0}, {"logView": true, "lang": "en", "createdAt": 1311657554, "agreeCount": 0, "likes": {"groups": [], "count": 0}, "id": "4e2e4e52b0fbdc2b64f61bb2", "text": "#02-166 Geylang Serai market", "type": "user", "user": {"gender": "male", "id": "4448160", "photo": {"prefix": "https://igx.4sqi.net/img/user/", "suffix": "/3PXCAU0FT5OB5IVH.jpg"}, "firstName": "Arthur", "lastName": "Chai"}, "canonicalUrl": "https://foursquare.com/item/4e2e4e52b0fbdc2b64f61bb2", "todo": {"count": 0}, "disagreeCount": 0}, {"logView": true, "lang": "en", "createdAt": 1285544365, "agreeCount": 0, "likes": {"groups": [], "count": 0}, "id": "4c9fd9ad03133704011176d5", "text": "Must try everything on their menu. Authentic Malay dishes. Excellent selection.", "type": "user", "user": {"gender": "male", "id": "3195963", "photo": {"prefix": "https://igx.4sqi.net/img/user/", "suffix": "/A1JP3QQUUEQU4ZM1.jpg"}, "firstName": "Megat", "lastName": "Ibrahim"}, "canonicalUrl": "https://foursquare.com/item/4c9fd9ad03133704011176d5", "todo": {"count": 0}, "disagreeCount": 0}, {"logView": true, "lang": "en", "createdAt": 1331095049, "agreeCount": 0, "likes": {"groups": [], "count": 0}, "id": "4f56e609e4b0377eee7a5fa4", "text": "Yummiest nasi padang stall which can rival Sinar Pagi's!", "type": "user", "user": {"gender": "female", "id": "5925666", "photo": {"prefix": "https://igx.4sqi.net/img/user/", "suffix": "/5925666-Z0323DNYTYS0DB0W.jpg"}, "firstName": "Aliah", "lastName": "Selamat"}, "canonicalUrl": "https://foursquare.com/item/4f56e609e4b0377eee7a5fa4", "todo": {"count": 1}, "disagreeCount": 0}, {"logView": true, "lang": "en", "createdAt": 1317010517, "agreeCount": 0, "likes": {"groups": [], "count": 0}, "id": "4e7ffc55cc218f26a884988c", "text": "Maut babe..", "type": "user", "user": {"id": "4824319", "photo": {"prefix": "https://igx.4sqi.net/img/user/", "suffix": "/WUBZUZNLYBJ300NT.jpg"}, "firstName": "Eiserockafella", "gender": "male"}, "canonicalUrl": "https://foursquare.com/item/4e7ffc55cc218f26a884988c", "todo": {"count": 0}, "disagreeCount": 0}, {"logView": true, "lang": "en", "createdAt": 1304122024, "agreeCount": 1, "likes": {"groups": [{"items": [{"gender": "female", "id": "4752342", "photo": {"prefix": "https://igx.4sqi.net/img/user/", "suffix": "/AFLHAW30R35RE0IY.jpg"}, "firstName": "Lady", "lastName": "Diyana"}], "count": 1, "type": "others"}], "summary": "1 like", "count": 1}, "id": "4dbb52a86e810768bf4214ac", "text": "too pricy...ayam bakar,terung sambal n 5 pc of telur burung n white rice is at S$7.20!!!ridiculous!!!", "type": "user", "user": {"id": "5143521", "photo": {"prefix": "https://igx.4sqi.net/img/user/", "suffix": "/5143521-PXRNC4R4URXD21L0.jpg"}, "firstName": "NiZ jEnesiS", "gender": "female"}, "canonicalUrl": "https://foursquare.com/item/4dbb52a86e810768bf4214ac", "todo": {"count": 0}, "disagreeCount": 0}], "count": 6}}}