{"meta": {"code": 200, "requestId": "595a57aedd57972d2b8a7acb"}, "response": {"tips": {"items": [{"logView": true, "lang": "en", "createdAt": 1326804720, "agreeCount": 0, "likes": {"groups": [], "count": 0}, "id": "4f156ef0e4b0865b0b85f2d4", "text": "seafood aglio olio is good ..take their chef challenge!!!", "type": "user", "user": {"id": "3052879", "photo": {"prefix": "https://igx.4sqi.net/img/user/", "suffix": "/RHKTS44A503J3VGP.jpg"}, "firstName": "Wai Ling", "gender": "female"}, "canonicalUrl": "https://foursquare.com/item/4f156ef0e4b0865b0b85f2d4", "todo": {"count": 0}, "disagreeCount": 0}, {"logView": true, "lang": "en", "createdAt": 1321693184, "agreeCount": 0, "likes": {"groups": [], "count": 0}, "id": "4ec770005c5ce271bd828460", "text": "Nice old school ambience with 80s love song playing in the background. Food is not too bad but fried mushroom is overpriced. Banana smoothie is too sweet for my liking.", "type": "user", "user": {"id": "3107386", "photo": {"prefix": "https://igx.4sqi.net/img/user/", "suffix": "/TWZR4WL1UPXB5XIO.jpg"}, "firstName": "Eyleen", "gender": "female"}, "canonicalUrl": "https://foursquare.com/item/4ec770005c5ce271bd828460", "todo": {"count": 0}, "disagreeCount": 0}, {"logView": true, "lang": "en", "createdAt": 1306664413, "agreeCount": 0, "likes": {"groups": [], "count": 0}, "id": "4de21ddd52b1d38d29662799", "text": "NEVER EVER order the house wine. Once you open, you can't return and it's bad stuff.", "type": "user", "user": {"gender": "male", "id": "278370", "photo": {"prefix": "https://igx.4sqi.net/img/user/", "suffix": "/GGKPBFV2HGL2E4UN.jpg"}, "firstName": "Chris", "lastName": "Ng"}, "canonicalUrl": "https://foursquare.com/item/4de21ddd52b1d38d29662799", "todo": {"count": 0}, "disagreeCount": 0}, {"logView": true, "lang": "en", "createdAt": 1349915722, "agreeCount": 0, "likes": {"groups": [], "count": 0}, "id": "5076144ae4b0ff5ba59fe337", "text": "Try their escargot for appetizer! Chicken wings level 3 still tolerable.", "type": "user", "user": {"id": "11233785", "photo": {"prefix": "https://igx.4sqi.net/img/user/", "suffix": "/11233785-YLJ5Z2O4JDAOJMHT.jpg"}, "firstName": "Miu Miu", "gender": "female"}, "canonicalUrl": "https://foursquare.com/item/5076144ae4b0ff5ba59fe337", "todo": {"count": 0}, "disagreeCount": 0}, {"logView": true, "lang": "en", "createdAt": 1289566016, "agreeCount": 0, "likes": {"groups": [{"items": [], "count": 3, "type": "others"}], "summary": "3 likes", "count": 3}, "id": "4cdd374022bd721e449cff47", "text": "Buffalo wings(smoking) not bad. Goes well with the tar tar sauce. Taste like chilli version of sweet n sour pork.", "type": "user", "user": {"gender": "male", "id": "4483040", "photo": {"prefix": "https://igx.4sqi.net/img/user/", "suffix": "/MBV3EQ4DCDTKH3YC.jpg"}, "firstName": "Low", "lastName": "Pei Wei"}, "canonicalUrl": "https://foursquare.com/item/4cdd374022bd721e449cff47", "todo": {"count": 1}, "disagreeCount": 0}, {"logView": true, "lang": "en", "createdAt": 1399206726, "agreeCount": 0, "likes": {"groups": [], "count": 0}, "id": "53663346498e0a332fc73d7e", "text": "Awesome place to dine in.", "type": "user", "user": {"gender": "male", "id": "7304726", "photo": {"prefix": "https://igx.4sqi.net/img/user/", "suffix": "/7304726-G1EGZVANKIT5YQKA.jpg"}, "firstName": "Harris Ho", "lastName": "Yang Kang"}, "canonicalUrl": "https://foursquare.com/item/53663346498e0a332fc73d7e", "todo": {"count": 0}, "disagreeCount": 0}, {"logView": true, "lang": "en", "createdAt": 1361621390, "agreeCount": 0, "likes": {"groups": [], "count": 0}, "id": "5128b18ee4b034d2ab4996f8", "text": "Nice & cozy place. Service is good. Friendly staff. Delicious foods.", "type": "user", "user": {"gender": "female", "id": "5383766", "photo": {"prefix": "https://igx.4sqi.net/img/user/", "suffix": "/5383766-JDHKBRAGEYKDO324.jpg"}, "firstName": "K.", "lastName": "King"}, "canonicalUrl": "https://foursquare.com/item/5128b18ee4b034d2ab4996f8", "todo": {"count": 0}, "disagreeCount": 0}, {"logView": true, "lang": "en", "createdAt": 1301227759, "agreeCount": 0, "likes": {"groups": [], "count": 0}, "id": "4d8f28ef1d06b1f7d0bd583b", "text": "The buffalo wing is madness spicy!!!!!!!!! Burning hot.... Must TRY!!!", "type": "user", "user": {"gender": "female", "id": "3066821", "photo": {"prefix": "https://igx.4sqi.net/img/user/", "suffix": "/1TSGF5CAROLKQV1T.jpg"}, "firstName": "Kelly", "lastName": "Coolie"}, "canonicalUrl": "https://foursquare.com/item/4d8f28ef1d06b1f7d0bd583b", "todo": {"count": 1}, "disagreeCount": 0}, {"authorInteractionType": "liked", "logView": true, "lang": "en", "createdAt": 1419679128, "agreeCount": 0, "likes": {"groups": [], "count": 0}, "id": "549e9598498e6cba355eef33", "text": "Buffalo wings. Level of spiciness is relative though. Varies a bit each time I eat.", "type": "user", "user": {"gender": "female", "id": "951387", "photo": {"prefix": "https://igx.4sqi.net/img/user/", "suffix": "/I2YP30PZCNLM5UKH.jpg"}, "firstName": "Pheobe", "lastName": "Tan"}, "canonicalUrl": "https://foursquare.com/item/549e9598498e6cba355eef33", "todo": {"count": 0}, "disagreeCount": 0}, {"logView": true, "lang": "en", "createdAt": 1306695238, "agreeCount": 0, "likes": {"groups": [], "count": 0}, "id": "4de29646b3ad5eaa5aa16a71", "text": "Clam chowder's quite awesome, AND filling. I love the baby ribs the most. oh and the buffalo wings are AWESOME! choose medium level (not too spicy that it looses the taste of the sauce) (:", "type": "user", "user": {"gender": "female", "id": "2844052", "photo": {"prefix": "https://igx.4sqi.net/img/user/", "suffix": "/DPZOM0IRQDMMR14D.jpg"}, "firstName": "Elisa", "lastName": "Lim"}, "canonicalUrl": "https://foursquare.com/item/4de29646b3ad5eaa5aa16a71", "todo": {"count": 1}, "disagreeCount": 0}, {"logView": true, "lang": "en", "createdAt": 1347977523, "agreeCount": 0, "likes": {"groups": [], "count": 0}, "id": "50588133e4b09fc5622d7387", "text": "Don't come here unless you like your food overloaded with salt. Their steak seasoning tastes like Mamee! Pity cuz the ribeye was perfectly medium-rare. Corn that came it with was terrible though.", "type": "user", "user": {"gender": "female", "id": "27662258", "photo": {"prefix": "https://igx.4sqi.net/img/user/", "suffix": "/27662258-W1OV4ZK35DZS3ED5.jpg"}, "firstName": "Ursula", "lastName": "S"}, "canonicalUrl": "https://foursquare.com/item/50588133e4b09fc5622d7387", "todo": {"count": 0}, "disagreeCount": 0}, {"logView": true, "lang": "en", "createdAt": 1330274159, "agreeCount": 0, "likes": {"groups": [], "count": 0}, "id": "4f4a5f6fe4b0a34d3982f099", "text": "Must try Deep Fried Mushrooms! Big portions for fish n chips. Thumbs down for portobello mushrooms. Bbq pork ribs too dry. Chef's Challenge buffalo wings arent tt spicy.", "type": "user", "user": {"gender": "female", "id": "3796198", "photo": {"prefix": "https://igx.4sqi.net/img/user/", "suffix": "/HP5YDX4PWPKUOX3N.jpg"}, "firstName": "Beatrice", "lastName": "Surya"}, "canonicalUrl": "https://foursquare.com/item/4f4a5f6fe4b0a34d3982f099", "todo": {"count": 0}, "disagreeCount": 0}, {"authorInteractionType": "liked", "logView": true, "lang": "en", "createdAt": 1452576007, "agreeCount": 0, "likes": {"groups": [], "count": 0}, "id": "56948d07498ec3fb30e9c85c", "text": "BBQ pork ribs - nubbad at all", "type": "user", "user": {"id": "727343", "photo": {"prefix": "https://igx.4sqi.net/img/user/", "suffix": "/EVWQFM3AHWJSPXNO.jpg"}, "firstName": "Edd", "gender": "male"}, "canonicalUrl": "https://foursquare.com/item/56948d07498ec3fb30e9c85c", "todo": {"count": 0}, "disagreeCount": 0}, {"authorInteractionType": "liked", "logView": true, "lang": "en", "createdAt": 1376916005, "agreeCount": 0, "likes": {"groups": [], "count": 0}, "id": "52121225498e53d44a0f05dc", "text": "Best neighborhood Resturant ... Good ribs, fish and chips, pulled pork. Remember to keep some space for their brownie and ice team....", "type": "user", "user": {"gender": "male", "id": "49170697", "photo": {"prefix": "https://igx.4sqi.net/img/user/", "suffix": "/2N10R114WBUHZN3T.jpg"}, "firstName": "Derek", "lastName": "Poh"}, "canonicalUrl": "https://foursquare.com/item/52121225498e53d44a0f05dc", "todo": {"count": 0}, "disagreeCount": 0}, {"logView": true, "lang": "en", "createdAt": 1289567357, "agreeCount": 1, "likes": {"groups": [{"items": [{"gender": "male", "id": "2226428", "photo": {"prefix": "https://igx.4sqi.net/img/user/", "suffix": "/S2MYNN3NALZPYTEX.jpg"}, "firstName": "Wee Kiong", "lastName": "Tan"}], "count": 4, "type": "others"}], "summary": "4 likes", "count": 4}, "id": "4cdd3c7d930af04d75cb9497", "text": "Fried Seafood platter seems normal. But at least the serving size is gd. If you don't want wait too long for your foods. Order them upon seated", "type": "user", "user": {"gender": "male", "id": "4483040", "photo": {"prefix": "https://igx.4sqi.net/img/user/", "suffix": "/MBV3EQ4DCDTKH3YC.jpg"}, "firstName": "Low", "lastName": "Pei Wei"}, "canonicalUrl": "https://foursquare.com/item/4cdd3c7d930af04d75cb9497", "todo": {"count": 0}, "disagreeCount": 0}, {"logView": true, "lang": "en", "createdAt": 1264164161, "agreeCount": 1, "likes": {"groups": [{"items": [{"gender": "male", "id": "71617", "photo": {"prefix": "https://igx.4sqi.net/img/user/", "suffix": "/VZIMAWYY1IKPXNMD.jpg"}, "firstName": "Victor", "lastName": "Mieres"}], "count": 1, "type": "others"}], "summary": "1 like", "count": 1}, "id": "4b599d4170c603bb499b90b4", "text": "I love the clam chowder here", "type": "user", "user": {"id": "281050", "photo": {"prefix": "https://igx.4sqi.net/img/user/", "suffix": "/N4FY12PH5W22WYES.jpg"}, "firstName": "Vix", "gender": "female"}, "canonicalUrl": "https://foursquare.com/item/4b599d4170c603bb499b90b4", "todo": {"count": 1}, "disagreeCount": 0}, {"logView": true, "lang": "en", "createdAt": 1351426672, "agreeCount": 0, "likes": {"groups": [], "count": 0}, "id": "508d2270e4b0e1fc2ba15747", "text": "lamb chop is nice, fried mushroom is nice for mushroom lover.", "type": "user", "user": {"gender": "female", "id": "8505492", "photo": {"prefix": "https://igx.4sqi.net/img/user/", "suffix": "/BHU0AWGMTLYGZIAK.jpg"}, "firstName": "Natalie", "lastName": "Yee"}, "canonicalUrl": "https://foursquare.com/item/508d2270e4b0e1fc2ba15747", "todo": {"count": 0}, "disagreeCount": 0}, {"logView": true, "lang": "en", "photo": {"id": "5447ea7e498e6354367c7b0c", "visibility": "public", "source": {"name": "Foursquare for iOS", "url": "https://foursquare.com/download/#/iphone"}, "suffix": "/30599435_MNwfWWR9wMPGdEdCPFT3rqVMjcAZpeYSEKgYjU4nUhA.jpg", "createdAt": 1413999230, "prefix": "https://igx.4sqi.net/img/general/", "width": 720, "height": 720}, "createdAt": 1413999228, "todo": {"count": 0}, "agreeCount": 0, "likes": {"groups": [], "count": 0}, "id": "5447ea7c498e23f5dd0af4d1", "text": "Level 3 (Fire Plus) was manageable, not as spicy as i expected. The wings were very crispy too. Will come back to try their level 4 & 5 versions.", "disagreeCount": 0, "user": {"gender": "male", "id": "30599435", "photo": {"prefix": "https://igx.4sqi.net/img/user/", "suffix": "/30599435_VFGwCGkP_KJZtGNkxWuKAloSRzZmkVQ0zaQ22sfzp1GTiHcwkgOeD8Kpzn2YsIzNIAYO3mggB.jpg"}, "firstName": "Jonathan", "lastName": "Lim"}, "canonicalUrl": "https://foursquare.com/item/5447ea7c498e23f5dd0af4d1", "type": "user", "photourl": "https://igx.4sqi.net/img/general/original/30599435_MNwfWWR9wMPGdEdCPFT3rqVMjcAZpeYSEKgYjU4nUhA.jpg"}, {"logView": true, "lang": "en", "createdAt": 1339846226, "agreeCount": 1, "likes": {"groups": [{"items": [{"gender": "male", "id": "30599435", "photo": {"prefix": "https://igx.4sqi.net/img/user/", "suffix": "/30599435_VFGwCGkP_KJZtGNkxWuKAloSRzZmkVQ0zaQ22sfzp1GTiHcwkgOeD8Kpzn2YsIzNIAYO3mggB.jpg"}, "firstName": "Jonathan", "lastName": "Lim"}], "count": 1, "type": "others"}], "summary": "1 like", "count": 1}, "id": "4fdc6e52e4b065404573ae52", "text": "Other than their famed Hott Buffalo wingssss! U can go for the very excellent fresh soursop juice in soda. Woooottzzzz", "type": "user", "user": {"gender": "male", "id": "1339539", "photo": {"prefix": "https://igx.4sqi.net/img/user/", "suffix": "/1339539-AIRJPNFKHLZSMUDJ.jpg"}, "firstName": "Ian", "lastName": "Thomtori"}, "canonicalUrl": "https://foursquare.com/item/4fdc6e52e4b065404573ae52", "todo": {"count": 0}, "disagreeCount": 0}, {"logView": true, "lang": "en", "createdAt": 1343904132, "agreeCount": 0, "likes": {"groups": [], "count": 0}, "id": "501a5984e4b04a241177945d", "text": "Try out the buffalo wings and ribeye steak!", "type": "user", "user": {"gender": "female", "id": "26436152", "photo": {"prefix": "https://igx.4sqi.net/img/user/", "suffix": "/CRKSZPHPGBHU0KAC.jpg"}, "firstName": "Venessa", "lastName": "Ng\uf601"}, "canonicalUrl": "https://foursquare.com/item/501a5984e4b04a241177945d", "todo": {"count": 0}, "disagreeCount": 0}, {"logView": true, "lang": "en", "createdAt": 1279367983, "agreeCount": 1, "likes": {"groups": [{"items": [], "count": 1, "type": "others"}], "summary": "1 like", "count": 1}, "id": "4c419b2f520fa5937fd5c9ac", "text": "Love the deep fried mushrooms and buffalo wings (intensi-fire)", "type": "user", "user": {"gender": "female", "id": "536827", "photo": {"prefix": "https://igx.4sqi.net/img/user/", "suffix": "/VKVCLZZT40C2M0PU.jpg"}, "firstName": "Filicia", "lastName": "Yap"}, "canonicalUrl": "https://foursquare.com/item/4c419b2f520fa5937fd5c9ac", "todo": {"count": 4}, "disagreeCount": 0}, {"logView": true, "lang": "en", "createdAt": 1359773079, "agreeCount": 3, "likes": {"groups": [{"items": [{"id": "12050445", "photo": {"prefix": "https://igx.4sqi.net/img/user/", "suffix": "/12050445-1U5VOGISE45MASQV.jpg"}, "firstName": "\ud83c\udf3b\ud83c\udf3c\ud83d\udc1eShari Capraro\ud83d\udc1e\ud83c\udf3c \ud83c\udf3b", "gender": "female"}, {"gender": "male", "id": "13768380", "photo": {"prefix": "https://igx.4sqi.net/img/user/", "suffix": "/13768380-30ZLHXRCS55MMSQI.jpg"}, "firstName": "Thomas", "lastName": "Reeves"}, {"id": "1431394", "photo": {"prefix": "https://igx.4sqi.net/img/user/", "suffix": "/JIE2SRO2VK51OR1F.jpg"}, "firstName": "Keane", "gender": "male"}], "count": 3, "type": "others"}], "summary": "3 likes", "count": 3}, "id": "510c7d97e4b06de82f07cfa8", "text": "Buffalo wings level 2 is unforgettable for a starter.", "type": "user", "user": {"gender": "female", "id": "4997549", "photo": {"prefix": "https://igx.4sqi.net/img/user/", "suffix": "/4997549-WBWAUHG5XAIIBW3Q.jpg"}, "firstName": "Grace", "lastName": "Simbaco"}, "canonicalUrl": "https://foursquare.com/item/510c7d97e4b06de82f07cfa8", "todo": {"count": 1}, "disagreeCount": 0}, {"logView": true, "lang": "en", "createdAt": 1394802313, "agreeCount": 0, "likes": {"groups": [], "count": 0}, "id": "5322fe89498e4d0bb2dc34fc", "text": "Level 3 is enough to make your lip numb", "type": "user", "user": {"gender": "male", "id": "849019", "photo": {"prefix": "https://igx.4sqi.net/img/user/", "suffix": "/849019-PF0UVUJUDBWSU1HT.jpg"}, "firstName": "Jason", "lastName": "Nah"}, "canonicalUrl": "https://foursquare.com/item/5322fe89498e4d0bb2dc34fc", "todo": {"count": 0}, "disagreeCount": 0}, {"authorInteractionType": "liked", "logView": true, "lang": "en", "createdAt": 1367410077, "agreeCount": 0, "likes": {"groups": [], "count": 0}, "id": "5181059d498ea211be6c1116", "text": "Buffalo wings intensi fire and deep fried mushrooms are great!", "type": "user", "user": {"gender": "female", "id": "54230158", "photo": {"prefix": "https://igx.4sqi.net/img/user/", "suffix": "/JBZ5VY3DKA2SRY3W.jpg"}, "firstName": "Nicole", "lastName": "A"}, "canonicalUrl": "https://foursquare.com/item/5181059d498ea211be6c1116", "todo": {"count": 0}, "disagreeCount": 0}, {"logView": true, "lang": "en", "createdAt": 1266727409, "agreeCount": 0, "likes": {"groups": [], "count": 0}, "id": "4b80b9f170c603bb7cb992b4", "text": "By the way kids eat free on Sunday with every adult main course", "type": "user", "user": {"gender": "male", "id": "87184", "photo": {"prefix": "https://igx.4sqi.net/img/user/", "suffix": "/87184_1260021163617.jpg"}, "firstName": "Kelvin", "lastName": "Teh"}, "canonicalUrl": "https://foursquare.com/item/4b80b9f170c603bb7cb992b4", "todo": {"count": 1}, "disagreeCount": 0}, {"logView": true, "lang": "en", "createdAt": 1286797903, "agreeCount": 0, "likes": {"groups": [], "count": 0}, "id": "4cb2fa4fcbab236a9a32b473", "text": "Big portion, worthy price. They've got weekday main course promos.  NEVER forget the buffalo wings; they're a must try!!", "type": "user", "user": {"gender": "male", "id": "3475125", "photo": {"prefix": "https://igx.4sqi.net/img/user/", "suffix": "/5NNN2FCADRTWYNMZ.jpg"}, "firstName": "Sam", "lastName": "Schuster"}, "canonicalUrl": "https://foursquare.com/item/4cb2fa4fcbab236a9a32b473", "todo": {"count": 0}, "disagreeCount": 0}, {"logView": true, "lang": "en", "createdAt": 1289566060, "agreeCount": 0, "likes": {"groups": [{"items": [], "count": 1, "type": "others"}], "summary": "1 like", "count": 1}, "id": "4cdd376c5aeda1cd640ec711", "text": "Milk shake so so. Disappointing machim magnolia chocolate milk", "type": "user", "user": {"gender": "male", "id": "4483040", "photo": {"prefix": "https://igx.4sqi.net/img/user/", "suffix": "/MBV3EQ4DCDTKH3YC.jpg"}, "firstName": "Low", "lastName": "Pei Wei"}, "canonicalUrl": "https://foursquare.com/item/4cdd376c5aeda1cd640ec711", "todo": {"count": 0}, "disagreeCount": 0}, {"authorInteractionType": "liked", "logView": true, "lang": "en", "photo": {"id": "55adc91e498e2e6cbe098209", "visibility": "public", "source": {"name": "Foursquare for iOS", "url": "https://foursquare.com/download/#/iphone"}, "suffix": "/120625575_BpxL-OM1SpWowhzKKJJqRk29D2n85z_-bcqoLu0qtXE.jpg", "createdAt": 1437452574, "prefix": "https://igx.4sqi.net/img/general/", "width": 1440, "height": 1440}, "createdAt": 1437452570, "todo": {"count": 0}, "agreeCount": 0, "likes": {"groups": [], "count": 0}, "id": "55adc91a498e811d0f19ec26", "text": "Decent steak", "disagreeCount": 0, "user": {"gender": "female", "id": "120625575", "photo": {"prefix": "https://igx.4sqi.net/img/user/", "suffix": "/120625575-4PYSIVUWJSHMJ0CT.jpg"}, "firstName": "Rebecca", "lastName": "Hum"}, "canonicalUrl": "https://foursquare.com/item/55adc91a498e811d0f19ec26", "type": "user", "photourl": "https://igx.4sqi.net/img/general/original/120625575_BpxL-OM1SpWowhzKKJJqRk29D2n85z_-bcqoLu0qtXE.jpg"}, {"logView": true, "lang": "en", "createdAt": 1286027089, "agreeCount": 0, "likes": {"groups": [], "count": 0}, "id": "4ca73751f47ea1433c066821", "text": "must try the chef's recommendation for the chicken wings. it's tasty and spicy hot!", "type": "user", "user": {"gender": "male", "id": "2960616", "photo": {"prefix": "https://igx.4sqi.net/img/user/", "suffix": "/FD2MIGMFASBHH44Q.jpg"}, "firstName": "Jack", "lastName": "Tang"}, "canonicalUrl": "https://foursquare.com/item/4ca73751f47ea1433c066821", "todo": {"count": 0}, "disagreeCount": 0}, {"logView": true, "lang": "en", "createdAt": 1314703703, "agreeCount": 0, "likes": {"groups": [], "count": 0}, "id": "4e5cc957e4cd6fcf27f418b2", "text": "unseeming to passerbys, they have a B1! Deep fried mushroom & Buffalo wings are a MUST!", "type": "user", "user": {"gender": "female", "id": "2660955", "photo": {"prefix": "https://igx.4sqi.net/img/user/", "suffix": "/GQMUCGVTBCHNVVXU.jpg"}, "firstName": "Shn", "lastName": "Juay"}, "canonicalUrl": "https://foursquare.com/item/4e5cc957e4cd6fcf27f418b2", "todo": {"count": 0}, "disagreeCount": 0}, {"logView": true, "lang": "en", "createdAt": 1351773363, "agreeCount": 0, "likes": {"groups": [], "count": 0}, "id": "50926cb3e4b0a653c6390b31", "text": "Try Jerry's Insanity! It's a KNOCKOUT! *at your own risk!", "type": "user", "user": {"gender": "female", "id": "2174373", "photo": {"prefix": "https://igx.4sqi.net/img/user/", "suffix": "/XMGUJLHPER24XKRA.jpg"}, "firstName": "Kimberly", "lastName": "Meagan"}, "canonicalUrl": "https://foursquare.com/item/50926cb3e4b0a653c6390b31", "todo": {"count": 0}, "disagreeCount": 0}, {"logView": true, "lang": "en", "createdAt": 1354278532, "agreeCount": 0, "likes": {"groups": [], "count": 0}, "id": "50b8a684e4b0ecc0ae724ea9", "text": "Enjoy the food, not the service. They charge extra for all the sauces too.", "type": "user", "user": {"gender": "female", "id": "2174373", "photo": {"prefix": "https://igx.4sqi.net/img/user/", "suffix": "/XMGUJLHPER24XKRA.jpg"}, "firstName": "Kimberly", "lastName": "Meagan"}, "canonicalUrl": "https://foursquare.com/item/50b8a684e4b0ecc0ae724ea9", "todo": {"count": 0}, "disagreeCount": 0}, {"authorInteractionType": "liked", "logView": true, "lang": "en", "createdAt": 1451310994, "agreeCount": 0, "likes": {"groups": [], "count": 0}, "id": "56813f92498e912151bc4d79", "text": "Buffalo wings lvl 4 make me shitbrix. Overall come here for the fries and the buffalo wings. Main course isn't that my liking", "type": "user", "user": {"gender": "female", "id": "147912205", "photo": {"prefix": "https://igx.4sqi.net/img/user/", "suffix": "/147912205-4X04TYCOEBEFPW33.jpg"}, "firstName": "Xynthia", "lastName": "Lai"}, "canonicalUrl": "https://foursquare.com/item/56813f92498e912151bc4d79", "todo": {"count": 0}, "disagreeCount": 0}, {"logView": true, "photo": {"id": "595a2dfd840fc216ece42638", "visibility": "public", "source": {"name": "Foursquare for iOS", "url": "https://foursquare.com/download/#/iphone"}, "suffix": "/5734152_y_y84qKJ5JGvSFn9eIaYBYgjSHTdtnqb8rkr20FAYRs.jpg", "createdAt": 1499082237, "prefix": "https://igx.4sqi.net/img/general/", "width": 1920, "height": 1440}, "createdAt": 1499082234, "todo": {"count": 0}, "agreeCount": 0, "likes": {"groups": [], "count": 0}, "id": "595a2dfae1f22871a7ec2041", "text": "A nice place in Jalan Kayu to have BBQ and Grilled food. Little bit expensive but they serve good portion of food. Had Fish and chips there. There are few options for vegetarian people too.", "disagreeCount": 0, "user": {"gender": "male", "id": "5734152", "photo": {"prefix": "https://igx.4sqi.net/img/user/", "suffix": "/5734152_9P9QnS6i_-WJVU0VWinQuh5PUvPIBNj5Mp9bW2rGZovlzl4s5Rj7IJSpXJ2TM1XdmLy01n2WC.jpg"}, "firstName": "Pushkar", "lastName": "Dandekar"}, "canonicalUrl": "https://foursquare.com/item/595a2dfae1f22871a7ec2041", "type": "user", "photourl": "https://igx.4sqi.net/img/general/original/5734152_y_y84qKJ5JGvSFn9eIaYBYgjSHTdtnqb8rkr20FAYRs.jpg"}], "count": 34}}}