{"meta": {"code": 200, "requestId": "595a4aeb4434b96c1998998e"}, "response": {"tips": {"items": [{"logView": true, "lang": "en", "createdAt": 1420253760, "agreeCount": 0, "likes": {"groups": [], "count": 0}, "id": "54a75a40498ee4679f5e2356", "text": "Authentic Indian food. Mutton briyani - must try.", "type": "user", "user": {"gender": "male", "id": "7672276", "photo": {"prefix": "https://igx.4sqi.net/img/user/", "suffix": "/5AHM5JPEUNW1YZTY.jpg"}, "firstName": "Benjamin", "lastName": "Thomas"}, "canonicalUrl": "https://foursquare.com/item/54a75a40498ee4679f5e2356", "todo": {"count": 0}, "disagreeCount": 0}, {"authorInteractionType": "liked", "logView": true, "lang": "en", "createdAt": 1399789246, "agreeCount": 0, "likes": {"groups": [], "count": 0}, "id": "536f16be498edfce0b2e2567", "text": "My favs are the Vegetable Stew (white), Nadan Chicken Curry, and Mutton Coconut Fry. All with Appam of course.", "type": "user", "user": {"id": "5303767", "photo": {"prefix": "https://igx.4sqi.net/img/user/", "suffix": "/0WZA3ZXOK30IK2H1.png"}, "firstName": "UrbanHikers", "gender": "none"}, "canonicalUrl": "https://foursquare.com/item/536f16be498edfce0b2e2567", "todo": {"count": 0}, "disagreeCount": 0}, {"authorInteractionType": "liked", "logView": true, "lang": "en", "createdAt": 1491575183, "agreeCount": 0, "likes": {"groups": [], "count": 0}, "id": "58e7a18f2321c653dee10c50", "text": "Excellent Malabar Chicken Briyani & meen pollichathu (grilled fish in banana leaf). Rice is soft & spicy", "type": "user", "user": {"id": "10224886", "photo": {"prefix": "https://igx.4sqi.net/img/user/", "suffix": "/WSTGKEHIUX033DCU.jpg"}, "firstName": "MAC", "gender": "none"}, "canonicalUrl": "https://foursquare.com/item/58e7a18f2321c653dee10c50", "todo": {"count": 0}, "disagreeCount": 0}, {"logView": true, "lang": "en", "createdAt": 1273489362, "agreeCount": 0, "likes": {"groups": [], "count": 0}, "id": "4be7e7d270c603bb5ced9ab4", "text": "Place for authentic Kerala cuisine..", "type": "user", "user": {"gender": "male", "id": "1045239", "photo": {"prefix": "https://igx.4sqi.net/img/user/", "suffix": "/LGKMOR40JK5MFKD5.jpg"}, "firstName": "Sravana", "lastName": "Kumar"}, "canonicalUrl": "https://foursquare.com/item/4be7e7d270c603bb5ced9ab4", "todo": {"count": 1}, "disagreeCount": 0}, {"logView": true, "lang": "en", "createdAt": 1382511054, "agreeCount": 0, "likes": {"groups": [], "count": 0}, "id": "526771ce11d208ea10deb169", "text": "Get the prawn mango curry, meen pollichathu, mutton olarthiyathu and lady's finger!!", "type": "user", "user": {"gender": "female", "id": "52939601", "photo": {"prefix": "https://igx.4sqi.net/img/user/", "suffix": "/WMNAG4FG0I5XTACO.jpg"}, "firstName": "Sonia", "lastName": "De Mello"}, "canonicalUrl": "https://foursquare.com/item/526771ce11d208ea10deb169", "todo": {"count": 0}, "disagreeCount": 0}, {"logView": true, "lang": "en", "createdAt": 1290324541, "agreeCount": 0, "likes": {"groups": [], "count": 0}, "id": "4ce8ca3d0f196dcb802748ae", "text": "Appam and Mutton Stew...slurp!!!", "type": "user", "user": {"gender": "male", "id": "1431019", "photo": {"prefix": "https://igx.4sqi.net/img/user/", "suffix": "/5KIW2J4GMPVHN5MX.jpg"}, "firstName": "Shanim", "lastName": "Sainul"}, "canonicalUrl": "https://foursquare.com/item/4ce8ca3d0f196dcb802748ae", "todo": {"count": 0}, "disagreeCount": 0}, {"logView": true, "lang": "en", "createdAt": 1273582062, "agreeCount": 0, "likes": {"groups": [], "count": 0}, "id": "4be951ee70c603bbfd0e9bb4", "text": "You should try puttu, kappa, beef and kadala, really delicious,,", "type": "user", "user": {"gender": "male", "id": "1045239", "photo": {"prefix": "https://igx.4sqi.net/img/user/", "suffix": "/LGKMOR40JK5MFKD5.jpg"}, "firstName": "Sravana", "lastName": "Kumar"}, "canonicalUrl": "https://foursquare.com/item/4be951ee70c603bbfd0e9bb4", "todo": {"count": 1}, "disagreeCount": 0}, {"logView": true, "lang": "en", "createdAt": 1430310911, "agreeCount": 0, "likes": {"groups": [], "count": 0}, "id": "5540cfff498e5af276d8e15f", "text": "Malabar chicken biryani is made using jeerakasala rice - a sweet, aromatic short-grain rice only grown in Kerala", "type": "user", "user": {"gender": "male", "id": "4551766", "photo": {"prefix": "https://igx.4sqi.net/img/user/", "suffix": "/EQWM2X0W4P152M1H.jpg"}, "firstName": "Lewy", "lastName": "Jones"}, "canonicalUrl": "https://foursquare.com/item/5540cfff498e5af276d8e15f", "todo": {"count": 0}, "disagreeCount": 0}, {"logView": true, "lang": "en", "createdAt": 1299498804, "agreeCount": 1, "likes": {"groups": [{"items": [{"gender": "male", "id": "53837878", "photo": {"prefix": "https://igx.4sqi.net/img/user/", "suffix": "/LVRROWK3KHHFICHW.jpg"}, "firstName": "Razy", "lastName": "Shah"}], "count": 1, "type": "others"}], "summary": "1 like", "count": 1}, "id": "4d74c734e278f04d21995bb8", "text": "Meen pollichathu-best fish dish EVER. Mutton Coconut Fry is awesome too.", "type": "user", "user": {"gender": "male", "id": "5931985", "photo": {"prefix": "https://igx.4sqi.net/img/user/", "suffix": "/LRTTOUJTMLD3GN1S.jpg"}, "firstName": "Glenn", "lastName": "Lim"}, "canonicalUrl": "https://foursquare.com/item/4d74c734e278f04d21995bb8", "todo": {"count": 0}, "disagreeCount": 0}, {"authorInteractionType": "liked", "logView": true, "lang": "en", "createdAt": 1493624304, "todo": {"count": 0}, "agreeCount": 1, "likes": {"groups": [], "count": 0}, "lastVoteText": "Upvoted May 13", "id": "5906e5f07564f7195f745e96", "text": "Authentic Kerala Food ! Meen Pollichatu is a must try.", "disagreeCount": 0, "lastUpvoteTimestamp": 1494676109, "user": {"id": "41099456", "photo": {"prefix": "https://igx.4sqi.net/img/user/", "default": true, "suffix": "/blank_boy.png"}, "firstName": "!ndianOnRun", "gender": "male"}, "canonicalUrl": "https://foursquare.com/item/5906e5f07564f7195f745e96", "type": "user"}, {"logView": true, "lang": "en", "createdAt": 1429810001, "agreeCount": 0, "likes": {"groups": [], "count": 0}, "id": "55392b51498e4849dfc7a637", "text": "Don't miss the Malabar chicken biryani, which is made using jeerakasala  rice.", "type": "user", "user": {"id": "12703379", "photo": {"prefix": "https://igx.4sqi.net/img/user/", "suffix": "/12703379-OJSNA253S0GCOKZZ.png"}, "firstName": "Serious Eats", "type": "page", "gender": "none"}, "canonicalUrl": "https://foursquare.com/item/55392b51498e4849dfc7a637", "todo": {"count": 0}, "disagreeCount": 0}, {"logView": true, "lang": "en", "createdAt": 1430311168, "agreeCount": 1, "likes": {"groups": [], "count": 0}, "id": "5540d100498eb8bc57e4369e", "text": "Lots of Keralans eat beef, so there's great beef dishes on the menu, just not front and centre - try the Syrian Christian dish, erachi olarthiathu, a stir fry of beef, peppercorns and roasted coconut", "type": "user", "user": {"gender": "male", "id": "4551766", "photo": {"prefix": "https://igx.4sqi.net/img/user/", "suffix": "/EQWM2X0W4P152M1H.jpg"}, "firstName": "Lewy", "lastName": "Jones"}, "canonicalUrl": "https://foursquare.com/item/5540d100498eb8bc57e4369e", "todo": {"count": 0}, "disagreeCount": 0}], "count": 12}}}