{"meta": {"code": 200, "requestId": "595a47faf594df3c59a5ab71"}, "response": {"tips": {"items": [{"logView": true, "lang": "en", "createdAt": 1286107116, "agreeCount": 0, "likes": {"groups": [], "count": 0}, "id": "4ca86fecae1eef3b20533247", "text": "If you go to Singapore, please try, I think one of the most excellent Chinese restaurant.", "type": "user", "user": {"gender": "male", "id": "3698342", "photo": {"prefix": "https://igx.4sqi.net/img/user/", "suffix": "/GQ1DXJQBJCIIMUNT.jpg"}, "firstName": "Shinichi", "lastName": "Nakamoto"}, "canonicalUrl": "https://foursquare.com/item/4ca86fecae1eef3b20533247", "todo": {"count": 0}, "disagreeCount": 0}, {"authorInteractionType": "liked", "logView": true, "lang": "en", "createdAt": 1493390698, "agreeCount": 0, "likes": {"groups": [], "count": 0}, "id": "5903556a82a7500735a47d31", "text": "Dim sum here gets approval from Hong Kongers!", "type": "user", "user": {"gender": "male", "id": "106739", "photo": {"prefix": "https://igx.4sqi.net/img/user/", "suffix": "/106739-5RDU242RZOEOQGUT.jpg"}, "firstName": "Ronnie", "lastName": "Liew"}, "canonicalUrl": "https://foursquare.com/item/5903556a82a7500735a47d31", "todo": {"count": 0}, "disagreeCount": 0}, {"logView": true, "lang": "en", "photo": {"id": "57917ac4498e31ddea0ac93c", "visibility": "public", "source": {"name": "Foursquare Web", "url": "https://foursquare.com"}, "suffix": "/234324_487KD3RrqGoAwmJ-uzd1gBQd4h8PRhTjYByfwOvzmE4.jpg", "createdAt": 1469151940, "prefix": "https://igx.4sqi.net/img/general/", "width": 1053, "height": 843}, "createdAt": 1469151937, "todo": {"count": 0}, "agreeCount": 3, "likes": {"groups": [], "count": 0}, "id": "57917ac1498ed8172af69b32", "text": "Lei Garden was awarded a Michelin Star in The Michelin Guide Singapore 2016.", "disagreeCount": 0, "user": {"gender": "male", "id": "234324", "photo": {"prefix": "https://igx.4sqi.net/img/user/", "suffix": "/FIH1ERWONCZI4K3D.jpg"}, "firstName": "gerard", "lastName": "t"}, "canonicalUrl": "https://foursquare.com/item/57917ac1498ed8172af69b32", "type": "user", "photourl": "https://igx.4sqi.net/img/general/original/234324_487KD3RrqGoAwmJ-uzd1gBQd4h8PRhTjYByfwOvzmE4.jpg"}, {"logView": true, "lang": "en", "createdAt": 1358652867, "agreeCount": 1, "likes": {"groups": [{"items": [{"id": "2100181", "photo": {"prefix": "https://igx.4sqi.net/img/user/", "suffix": "/TXJYYZ52GKMVP35E.jpg"}, "firstName": "beckalim", "gender": "female"}], "count": 1, "type": "others"}], "summary": "1 like", "count": 1}, "id": "50fb65c3e4b084af59493263", "text": "Their CNY menu is good", "type": "user", "user": {"gender": "female", "id": "33549090", "photo": {"prefix": "https://igx.4sqi.net/img/user/", "suffix": "/1IRRERBDEALSM3DS.jpg"}, "firstName": "Molly", "lastName": "Hwa"}, "canonicalUrl": "https://foursquare.com/item/50fb65c3e4b084af59493263", "todo": {"count": 0}, "disagreeCount": 0}, {"logView": true, "lang": "en", "createdAt": 1319346452, "agreeCount": 1, "likes": {"groups": [], "count": 0}, "id": "4ea3a11430f8b9d5acddb738", "text": "Excellent char siew sou and char siew paos. All buns are extremely soft and fluffy. Not heavy at all. Har Gao is also one of the best. Roast pork too.", "type": "user", "user": {"gender": "female", "id": "11053731", "photo": {"prefix": "https://igx.4sqi.net/img/user/", "default": true, "suffix": "/blank_girl.png"}, "firstName": "Christine", "lastName": "Leow"}, "canonicalUrl": "https://foursquare.com/item/4ea3a11430f8b9d5acddb738", "todo": {"count": 0}, "disagreeCount": 0}, {"logView": true, "lang": "en", "createdAt": 1371275165, "agreeCount": 0, "likes": {"groups": [], "count": 0}, "id": "51bbff9d498e5042b1a790fa", "text": "One of the best dim sum in town. ...", "type": "user", "user": {"id": "58048026", "photo": {"prefix": "https://igx.4sqi.net/img/user/", "suffix": "/LMVDYUC01MS1AMGE.jpg"}, "firstName": "P Y", "gender": "male"}, "canonicalUrl": "https://foursquare.com/item/51bbff9d498e5042b1a790fa", "todo": {"count": 0}, "disagreeCount": 0}, {"authorInteractionType": "liked", "logView": true, "lang": "en", "createdAt": 1460784068, "agreeCount": 0, "likes": {"groups": [], "count": 0}, "id": "5711cbc4498e2836f54d4518", "text": "Dim sum is superb", "type": "user", "user": {"gender": "male", "id": "363098", "photo": {"prefix": "https://igx.4sqi.net/img/user/", "suffix": "/HUNXVZZUBBUG2WSF.jpg"}, "firstName": "Vincent", "lastName": "Tan"}, "canonicalUrl": "https://foursquare.com/item/5711cbc4498e2836f54d4518", "todo": {"count": 0}, "disagreeCount": 0}, {"authorInteractionType": "liked", "logView": true, "lang": "en", "photo": {"id": "592234411de76541b804d4ed", "visibility": "public", "source": {"name": "Foursquare for iOS", "url": "https://foursquare.com/download/#/iphone"}, "suffix": "/3523_AUuN6kw-rWG8d1MCCKocUyNPHU-OriYWhlKuXLIey9Q.jpg", "createdAt": 1495413825, "prefix": "https://igx.4sqi.net/img/general/", "width": 1440, "height": 1920}, "createdAt": 1495413819, "todo": {"count": 0}, "agreeCount": 0, "likes": {"groups": [], "count": 0}, "id": "5922343b95d9862e8f7a8344", "text": "The king crab was particularly memorable. Very tasty preparation. Recommended: the seafood set menu for a large banquet.", "disagreeCount": 0, "user": {"gender": "male", "id": "3523", "photo": {"prefix": "https://igx.4sqi.net/img/user/", "suffix": "/3523-1YHITDTYWRKTYL0R.jpg"}, "firstName": "Garry", "lastName": "Tan"}, "canonicalUrl": "https://foursquare.com/item/5922343b95d9862e8f7a8344", "type": "user", "photourl": "https://igx.4sqi.net/img/general/original/3523_AUuN6kw-rWG8d1MCCKocUyNPHU-OriYWhlKuXLIey9Q.jpg"}, {"authorInteractionType": "liked", "logView": true, "lang": "en", "createdAt": 1475369741, "agreeCount": 0, "likes": {"groups": [], "count": 0}, "id": "57f05b0d498e6b074f6e6285", "text": "The private room menu starts at $100 per person for a 7 course meal that is out of the World. Must try...", "type": "user", "user": {"gender": "male", "id": "116837780", "photo": {"prefix": "https://igx.4sqi.net/img/user/", "suffix": "/116837780-K2XD1HDNK03YLS31.jpg"}, "firstName": "Rohit", "lastName": "Sahgal"}, "canonicalUrl": "https://foursquare.com/item/57f05b0d498e6b074f6e6285", "todo": {"count": 0}, "disagreeCount": 0}, {"logView": true, "lang": "en", "createdAt": 1417935848, "agreeCount": 1, "likes": {"groups": [], "count": 0}, "id": "5483fbe8498e31b74dba5e17", "text": "Great dimsum place.  Good stuff: har Gao, char siu sou, carrot cake and lobster porridge. 30/pax", "type": "user", "user": {"gender": "male", "id": "7268722", "photo": {"prefix": "https://igx.4sqi.net/img/user/", "suffix": "/7268722-BHRQB44PRSMWGS45.jpg"}, "firstName": "Anh", "lastName": "Han"}, "canonicalUrl": "https://foursquare.com/item/5483fbe8498e31b74dba5e17", "todo": {"count": 0}, "disagreeCount": 0}, {"todo": {"count": 0}, "logView": true, "lang": "en", "createdAt": 1311485852, "editedAt": 1367978427, "agreeCount": 1, "likes": {"groups": [{"items": [{"gender": "male", "id": "110449397", "photo": {"prefix": "https://igx.4sqi.net/img/user/", "suffix": "/110449397-SQV34ZDCMWJB0VCL.jpg"}, "firstName": "Michael", "lastName": "Chan"}], "count": 1, "type": "others"}], "summary": "1 like", "count": 1}, "id": "4e2baf9caeb745b1fac6cac0", "text": "Good service, yummy mini egg tarts and charsiew puff pastry. That's all really.", "disagreeCount": 0, "user": {"id": "11813952", "photo": {"prefix": "https://igx.4sqi.net/img/user/", "suffix": "/11813952_50D-NJw6_iF8gk9QaHi15sAnQYje4l-NBmUHGluQv-eWsvFFYQTShEIGOJmYU6XjnBLwtzteZ.jpg"}, "firstName": "Lareina", "gender": "female"}, "canonicalUrl": "https://foursquare.com/item/4e2baf9caeb745b1fac6cac0", "type": "user"}, {"authorInteractionType": "liked", "logView": true, "lang": "en", "photo": {"id": "53fc72a7498e83082d90da9e", "visibility": "public", "source": {"name": "Foursquare for iOS", "url": "https://foursquare.com/download/#/iphone"}, "suffix": "/1093728_NuLIddeDnBD_8CXpVnGziptkixnSqwe_xd_gy6NV01Y.jpg", "createdAt": 1409053351, "prefix": "https://igx.4sqi.net/img/general/", "width": 720, "height": 960}, "createdAt": 1409053349, "todo": {"count": 0}, "agreeCount": 1, "likes": {"groups": [], "count": 0}, "id": "53fc72a5498e7e5f51eabdca", "text": "This was our finale & it was SUPERB. Never had anything like it. Lobster soup with rice crispies thrown in just before they serve. MUST try. Dunno what it's called but I was told only available here", "disagreeCount": 0, "user": {"gender": "female", "id": "1093728", "photo": {"prefix": "https://igx.4sqi.net/img/user/", "suffix": "/OA2EWOMZK4G353CT.jpg"}, "firstName": "Ima", "lastName": "Abdulrahim"}, "canonicalUrl": "https://foursquare.com/item/53fc72a5498e7e5f51eabdca", "type": "user", "photourl": "https://igx.4sqi.net/img/general/original/1093728_NuLIddeDnBD_8CXpVnGziptkixnSqwe_xd_gy6NV01Y.jpg"}, {"authorInteractionType": "liked", "logView": true, "lang": "en", "photo": {"id": "5711cbb3cd102b82578fdc5a", "visibility": "public", "source": {"name": "Swarm for iOS", "url": "https://www.swarmapp.com"}, "suffix": "/363098_o5rrrApSNZlQVIXz9ylqTFQGZnRk_fVBbtph37GmNHI.jpg", "createdAt": 1460784051, "prefix": "https://igx.4sqi.net/img/general/", "width": 1440, "height": 1440}, "createdAt": 1460784051, "todo": {"count": 0}, "agreeCount": 0, "likes": {"groups": [], "count": 0}, "id": "5711cbb3cd102b82578fdc5b", "text": "The winter melon soup is a winner!", "disagreeCount": 0, "user": {"gender": "male", "id": "363098", "photo": {"prefix": "https://igx.4sqi.net/img/user/", "suffix": "/HUNXVZZUBBUG2WSF.jpg"}, "firstName": "Vincent", "lastName": "Tan"}, "canonicalUrl": "https://foursquare.com/item/5711cbb3cd102b82578fdc5b", "type": "user", "photourl": "https://igx.4sqi.net/img/general/original/363098_o5rrrApSNZlQVIXz9ylqTFQGZnRk_fVBbtph37GmNHI.jpg"}, {"logView": true, "lang": "ko", "createdAt": 1452270290, "agreeCount": 0, "likes": {"groups": [], "count": 0}, "id": "568fe2d2498e527e21f1dcb2", "text": "\ub524\uc12c \ubd81\uacbd\uc624\ub9ac \ud06c\ub9ac\uc2a4\ud53c\ub3fc\uc9c0\uace0\uae30 \ubaa8\ub450 \ub9cc\uc871\uc2a4\ub7ec\uc6c0. \ud074\ub808\uc774\ud31f \ub77c\uc774\uc2a4\ub3c4 \ub9db\uc788\uc74c", "type": "user", "user": {"gender": "male", "id": "150680303", "photo": {"prefix": "https://igx.4sqi.net/img/user/", "default": true, "suffix": "/blank_boy.png"}, "firstName": "Eugene", "lastName": "Hwang"}, "canonicalUrl": "https://foursquare.com/item/568fe2d2498e527e21f1dcb2", "todo": {"count": 0}, "disagreeCount": 0}, {"authorInteractionType": "liked", "logView": true, "lang": "en", "createdAt": 1460855843, "agreeCount": 0, "likes": {"groups": [], "count": 0}, "id": "5712e423498eef2deeea22d1", "text": "Parking coupons available for diners", "type": "user", "user": {"gender": "male", "id": "363098", "photo": {"prefix": "https://igx.4sqi.net/img/user/", "suffix": "/HUNXVZZUBBUG2WSF.jpg"}, "firstName": "Vincent", "lastName": "Tan"}, "canonicalUrl": "https://foursquare.com/item/5712e423498eef2deeea22d1", "todo": {"count": 0}, "disagreeCount": 0}, {"logView": true, "lang": "en", "createdAt": 1379229031, "agreeCount": 0, "likes": {"groups": [], "count": 0}, "id": "52355d6711d25bafceab5e32", "text": "Good food especially the soup. Vegetables are not worth the price", "type": "user", "user": {"gender": "male", "id": "65473824", "photo": {"prefix": "https://igx.4sqi.net/img/user/", "suffix": "/65473824-ZGQ2SKRO2KDE25MR.jpg"}, "firstName": "Mike", "lastName": "G."}, "canonicalUrl": "https://foursquare.com/item/52355d6711d25bafceab5e32", "todo": {"count": 0}, "disagreeCount": 0}, {"authorInteractionType": "liked", "logView": true, "lang": "en", "createdAt": 1417160637, "agreeCount": 1, "likes": {"groups": [], "count": 0}, "id": "547827bd498ec1e1d5d3a644", "text": "my favourite place for quality dim sum. Expensive but still cheaper than alot of other high-end dim sum / cantonese cuisine restaurants. Value for money!", "type": "user", "user": {"gender": "male", "id": "102126017", "photo": {"prefix": "https://igx.4sqi.net/img/user/", "suffix": "/102126017-2J2AAEQLAD3YDJJ3.jpg"}, "firstName": "Choo Yao Chuen", "lastName": "Yao Chuen"}, "canonicalUrl": "https://foursquare.com/item/547827bd498ec1e1d5d3a644", "todo": {"count": 0}, "disagreeCount": 0}, {"logView": true, "lang": "en", "createdAt": 1452176474, "agreeCount": 0, "likes": {"groups": [], "count": 0}, "id": "568e745a498e4d054dfb4415", "text": "Cheese sticks and black-cod.", "type": "user", "user": {"gender": "female", "id": "150870620", "photo": {"prefix": "https://igx.4sqi.net/img/user/", "default": true, "suffix": "/blank_girl.png"}, "firstName": "Idil", "lastName": "Gursel"}, "canonicalUrl": "https://foursquare.com/item/568e745a498e4d054dfb4415", "todo": {"count": 0}, "disagreeCount": 0}, {"logView": true, "lang": "en", "createdAt": 1375282136, "agreeCount": 0, "likes": {"groups": [], "count": 0}, "id": "51f923d8498e2a68c02903ea", "text": "Quite expensive but service is superb!", "type": "user", "user": {"gender": "female", "id": "8381449", "photo": {"prefix": "https://igx.4sqi.net/img/user/", "suffix": "/8381449-0HOCTFNTQD1BGTXN.jpg"}, "firstName": "Arlene", "lastName": "Aran Amarante"}, "canonicalUrl": "https://foursquare.com/item/51f923d8498e2a68c02903ea", "todo": {"count": 0}, "disagreeCount": 0}, {"logView": true, "lang": "en", "createdAt": 1353561335, "agreeCount": 4, "likes": {"groups": [{"items": [{"gender": "male", "id": "48170247", "photo": {"prefix": "https://igx.4sqi.net/img/user/", "suffix": "/POWT1DWR4BOZH5T3.jpg"}, "firstName": "Hao", "lastName": "Luo"}, {"gender": "female", "id": "71324269", "photo": {"prefix": "https://igx.4sqi.net/img/user/", "suffix": "/71324269-KOZG1GNNK0ZWQCKW.jpg"}, "firstName": "Law", "lastName": "Yennee"}, {"gender": "male", "id": "71617", "photo": {"prefix": "https://igx.4sqi.net/img/user/", "suffix": "/VZIMAWYY1IKPXNMD.jpg"}, "firstName": "Victor", "lastName": "Mieres"}, {"id": "5397684", "photo": {"prefix": "https://igx.4sqi.net/img/user/", "suffix": "/CCTITRXXUHKTSPNV.jpg"}, "firstName": "Sabix", "gender": "female"}], "count": 4, "type": "others"}], "summary": "4 likes", "count": 4}, "id": "50adb4f7e4b01aeaf23b8a40", "text": "2 pair of chopsticks \uff1a interesting! One to eat; the other one to pick foods", "type": "user", "user": {"gender": "female", "id": "15283802", "photo": {"prefix": "https://igx.4sqi.net/img/user/", "suffix": "/H50NNGHU2H3TYB4F.jpg"}, "firstName": "Vera", "lastName": "Rumampouw"}, "canonicalUrl": "https://foursquare.com/item/50adb4f7e4b01aeaf23b8a40", "todo": {"count": 1}, "disagreeCount": 0}, {"authorInteractionType": "meh", "logView": true, "lang": "en", "createdAt": 1456025219, "agreeCount": 0, "likes": {"groups": [], "count": 0}, "id": "56c92e83498e157162062de3", "text": "I thought it was okay only.", "type": "user", "user": {"gender": "male", "id": "65452571", "photo": {"prefix": "https://igx.4sqi.net/img/user/", "suffix": "/65452571-JYFGYNW02QVDB54L.jpg"}, "firstName": "Andrew", "lastName": "C."}, "canonicalUrl": "https://foursquare.com/item/56c92e83498e157162062de3", "todo": {"count": 0}, "disagreeCount": 0}, {"logView": true, "lang": "en", "createdAt": 1340109777, "agreeCount": 0, "likes": {"groups": [], "count": 0}, "id": "4fe073d1e4b0dca7c9a7fea9", "text": "Interesting that they serve two sets of chopsticks", "type": "user", "user": {"gender": "female", "id": "6881573", "photo": {"prefix": "https://igx.4sqi.net/img/user/", "suffix": "/PIN5KVLKDTQFZPQR.jpg"}, "firstName": "Sunjin", "lastName": "Lee"}, "canonicalUrl": "https://foursquare.com/item/4fe073d1e4b0dca7c9a7fea9", "todo": {"count": 0}, "disagreeCount": 0}, {"authorInteractionType": "liked", "logView": true, "lang": "en", "createdAt": 1452763952, "agreeCount": 0, "likes": {"groups": [], "count": 0}, "id": "56976b30498e03764a9b1474", "text": "Expensive wine, excellent pork as starter", "type": "user", "user": {"gender": "male", "id": "5307851", "photo": {"prefix": "https://igx.4sqi.net/img/user/", "suffix": "/-ECKA1VVPOM24W1L2.jpg"}, "firstName": "Alberto", "lastName": "Menegazzi"}, "canonicalUrl": "https://foursquare.com/item/56976b30498e03764a9b1474", "todo": {"count": 0}, "disagreeCount": 0}, {"logView": true, "lang": "en", "createdAt": 1319948543, "agreeCount": 0, "likes": {"groups": [], "count": 0}, "id": "4eacd0ff0aaf9e9a23e3580e", "text": "Must try shrimp dumplings. Duck tongue lost standard", "type": "user", "user": {"gender": "female", "id": "2799536", "photo": {"prefix": "https://igx.4sqi.net/img/user/", "suffix": "/2799536-1VPVA1UF5RRXHKX2.jpg"}, "firstName": "Theresa", "lastName": "Low"}, "canonicalUrl": "https://foursquare.com/item/4eacd0ff0aaf9e9a23e3580e", "todo": {"count": 0}, "disagreeCount": 0}, {"logView": true, "lang": "en", "createdAt": 1307360424, "agreeCount": 0, "likes": {"groups": [], "count": 0}, "id": "4decbca8e4cdc079f4bcc7a9", "text": "Food is pretty good, but the waitress a little too hard-sale?", "type": "user", "user": {"gender": "female", "id": "5641526", "photo": {"prefix": "https://igx.4sqi.net/img/user/", "suffix": "/HS1NV5USRPOF2RC2.jpg"}, "firstName": "jiahui", "lastName": "yap"}, "canonicalUrl": "https://foursquare.com/item/4decbca8e4cdc079f4bcc7a9", "todo": {"count": 0}, "disagreeCount": 0}, {"logView": true, "lang": "en", "photo": {"id": "578a389b498e67265d7425d4", "visibility": "public", "source": {"name": "Foursquare for iOS", "url": "https://foursquare.com/download/#/iphone"}, "suffix": "/47506630_LU0bNXLKyumjBl3-NPYv__mV0k01_rbw-jVZCor6RzM.jpg", "createdAt": 1468676251, "prefix": "https://igx.4sqi.net/img/general/", "width": 1440, "height": 1440}, "createdAt": 1468676247, "todo": {"count": 0}, "agreeCount": 1, "likes": {"groups": [], "count": 0}, "id": "578a3897498e86a4beb49444", "text": "The 3-4 pax sets are a pretty good deals. Bamboo clams are amazing!", "disagreeCount": 0, "user": {"gender": "male", "id": "47506630", "photo": {"prefix": "https://igx.4sqi.net/img/user/", "suffix": "/47506630-RR53RVUIRPPXEY5Z.jpg"}, "firstName": "Cheng Hui", "lastName": "Chua"}, "canonicalUrl": "https://foursquare.com/item/578a3897498e86a4beb49444", "type": "user", "photourl": "https://igx.4sqi.net/img/general/original/47506630_LU0bNXLKyumjBl3-NPYv__mV0k01_rbw-jVZCor6RzM.jpg"}, {"authorInteractionType": "liked", "logView": true, "lang": "en", "photo": {"id": "54af4d39498ec13c3dabc980", "visibility": "public", "source": {"name": "Foursquare for iOS", "url": "https://foursquare.com/download/#/iphone"}, "suffix": "/19262753_n86oyLZLc14NsccMG1r2U-U7aYBZ9gVVTkpTI0t2Z0E.jpg", "createdAt": 1420774713, "prefix": "https://igx.4sqi.net/img/general/", "width": 1920, "height": 1439}, "createdAt": 1420774708, "todo": {"count": 0}, "agreeCount": 1, "likes": {"groups": [], "count": 0}, "id": "54af4d34498e6da04647bcec", "text": "Lei Garden is a superb choice for a dinner . This restaurant is the best if you are looking for a Peking duck ! Also try out lobster soup !", "disagreeCount": 0, "user": {"gender": "female", "id": "19262753", "photo": {"prefix": "https://igx.4sqi.net/img/user/", "suffix": "/19262753-EOMDWTYY5SNC5SIF.jpg"}, "firstName": "Alex", "lastName": "Reshemkina"}, "canonicalUrl": "https://foursquare.com/item/54af4d34498e6da04647bcec", "type": "user", "photourl": "https://igx.4sqi.net/img/general/original/19262753_n86oyLZLc14NsccMG1r2U-U7aYBZ9gVVTkpTI0t2Z0E.jpg"}], "count": 27}}}