{"meta": {"code": 200, "requestId": "595a4ae84c1f67704e4fcd78"}, "response": {"tips": {"items": [{"authorInteractionType": "meh", "logView": true, "lang": "en", "createdAt": 1478261353, "agreeCount": 0, "likes": {"groups": [], "count": 0}, "id": "581c7a6938fae20af88dda13", "text": "Get your own water, unlimited.", "type": "user", "user": {"id": "10224886", "photo": {"prefix": "https://igx.4sqi.net/img/user/", "suffix": "/WSTGKEHIUX033DCU.jpg"}, "firstName": "MAC", "gender": "none"}, "canonicalUrl": "https://foursquare.com/item/581c7a6938fae20af88dda13", "todo": {"count": 0}, "disagreeCount": 0}, {"authorInteractionType": "liked", "logView": true, "lang": "en", "createdAt": 1374155291, "agreeCount": 4, "likes": {"groups": [{"items": [{"gender": "male", "id": "4992725", "photo": {"prefix": "https://igx.4sqi.net/img/user/", "suffix": "/NMGWE5ZLMKHLETL2.jpg"}, "firstName": "Vignesh", "lastName": "Kathiravelu"}, {"gender": "male", "id": "53837878", "photo": {"prefix": "https://igx.4sqi.net/img/user/", "suffix": "/LVRROWK3KHHFICHW.jpg"}, "firstName": "Razy", "lastName": "Shah"}, {"gender": "male", "id": "52521301", "photo": {"prefix": "https://igx.4sqi.net/img/user/", "suffix": "/52521301-CNQPJI2XIEIID5HC.jpg"}, "firstName": "Francisco", "lastName": "Caviedes"}, {"gender": "female", "id": "23174489", "photo": {"prefix": "https://igx.4sqi.net/img/user/", "suffix": "/KMUB2WH4MWSH5NPA.jpg"}, "firstName": "Bindu", "lastName": "N"}], "count": 4, "type": "others"}], "summary": "4 likes", "count": 4}, "id": "51e7f21b498e14e873fc9987", "text": "The best punjabi food in town! Delicious, affordable and simple :)", "type": "user", "user": {"gender": "male", "id": "3655292", "photo": {"prefix": "https://igx.4sqi.net/img/user/", "suffix": "/3655292-MNXRAILSH3PZZ500.jpg"}, "firstName": "Karthik", "lastName": "Nathan"}, "canonicalUrl": "https://foursquare.com/item/51e7f21b498e14e873fc9987", "todo": {"count": 0}, "disagreeCount": 0}, {"logView": true, "lang": "en", "createdAt": 1399776639, "agreeCount": 0, "likes": {"groups": [], "count": 0}, "id": "536ee57f11d2228b3399c4b0", "text": "Authentic Indian restaurant at Little India area. Try the Briyani and butter chicken with naan. You will spend about 10 spore dollar in average for each kind of dish", "type": "user", "user": {"gender": "female", "id": "84868037", "photo": {"prefix": "https://igx.4sqi.net/img/user/", "suffix": "/84868037-04LABM0AUZTITMJD.jpg"}, "firstName": "Dhea", "lastName": "Sekararum"}, "canonicalUrl": "https://foursquare.com/item/536ee57f11d2228b3399c4b0", "todo": {"count": 0}, "disagreeCount": 0}, {"authorInteractionType": "meh", "logView": true, "lang": "en", "createdAt": 1478261017, "agreeCount": 0, "likes": {"groups": [], "count": 0}, "id": "581c791938faff6245419f6b", "text": "Self service, just order at the counter. Butter chicken, stuffed bitter gourd, mutton kebab & garlic naan are all good. Forget the briyani.", "type": "user", "user": {"id": "10224886", "photo": {"prefix": "https://igx.4sqi.net/img/user/", "suffix": "/WSTGKEHIUX033DCU.jpg"}, "firstName": "MAC", "gender": "none"}, "canonicalUrl": "https://foursquare.com/item/581c791938faff6245419f6b", "todo": {"count": 0}, "disagreeCount": 0}, {"authorInteractionType": "liked", "logView": true, "lang": "en", "createdAt": 1444462770, "agreeCount": 0, "likes": {"groups": [], "count": 0}, "id": "5618c0b2498e8666116ec355", "text": "Had a taste of about 6 random items, four veggie and two meat. Added Garlic Naan and rice. Everything was amazing. Highly recommended", "type": "user", "user": {"gender": "male", "id": "195699", "photo": {"prefix": "https://igx.4sqi.net/img/user/", "suffix": "/SAYUPGBZXQQAYDUX.jpg"}, "firstName": "Bob", "lastName": "krueger"}, "canonicalUrl": "https://foursquare.com/item/5618c0b2498e8666116ec355", "todo": {"count": 0}, "disagreeCount": 0}, {"logView": true, "lang": "en", "createdAt": 1341411384, "agreeCount": 0, "likes": {"groups": [], "count": 0}, "id": "4ff45038e4b042cc291b7141", "text": "Very local Indian restaurant at the heart of Little India. Almost everything is good.", "type": "user", "user": {"gender": "male", "id": "31786209", "photo": {"prefix": "https://igx.4sqi.net/img/user/", "suffix": "/PO4JAAU5WS3WKL0E.jpg"}, "firstName": "Onur", "lastName": "Ozer"}, "canonicalUrl": "https://foursquare.com/item/4ff45038e4b042cc291b7141", "todo": {"count": 0}, "disagreeCount": 0}, {"authorInteractionType": "liked", "logView": true, "lang": "en", "createdAt": 1462278936, "agreeCount": 0, "likes": {"groups": [], "count": 0}, "id": "57289b18498eaecb842b6c60", "text": "Good and cheap! No MSG.", "type": "user", "user": {"gender": "male", "id": "150269288", "photo": {"prefix": "https://igx.4sqi.net/img/user/", "suffix": "/150269288-SNDULCOOUT4YHTRP.jpg"}, "firstName": "Rajasekaran", "lastName": "Sockalingam"}, "canonicalUrl": "https://foursquare.com/item/57289b18498eaecb842b6c60", "todo": {"count": 0}, "disagreeCount": 0}, {"logView": true, "lang": "en", "createdAt": 1408191547, "agreeCount": 0, "likes": {"groups": [], "count": 0}, "id": "53ef4c3b498ee7c27a24cc0f", "text": "Although the butter chicken is not as good as it used to be in the earlier days... a meal here is probably the closest you'll get to a home cooked Punjabi food in Singapore.", "type": "user", "user": {"gender": "male", "id": "1752787", "photo": {"prefix": "https://igx.4sqi.net/img/user/", "suffix": "/1G0BMACA0HMFKXCD.jpg"}, "firstName": "Charanjit", "lastName": "Singh"}, "canonicalUrl": "https://foursquare.com/item/53ef4c3b498ee7c27a24cc0f", "todo": {"count": 0}, "disagreeCount": 0}, {"authorInteractionType": "liked", "logView": true, "lang": "en", "createdAt": 1424514086, "agreeCount": 0, "likes": {"groups": [], "count": 0}, "id": "54e85c26498ea7ea5b8fcecc", "text": "Simple but tasty food!", "type": "user", "user": {"id": "29944859", "photo": {"prefix": "https://igx.4sqi.net/img/user/", "suffix": "/J5BLNUPLY5ES1OUO.jpg"}, "firstName": "Elvira", "gender": "female"}, "canonicalUrl": "https://foursquare.com/item/54e85c26498ea7ea5b8fcecc", "todo": {"count": 0}, "disagreeCount": 0}, {"authorInteractionType": "liked", "logView": true, "lang": "en", "createdAt": 1391603600, "agreeCount": 0, "likes": {"groups": [], "count": 0}, "id": "52f22f90498e06e1ae394c0c", "text": "Their ladoo is awesome", "type": "user", "user": {"gender": "male", "id": "8141559", "photo": {"prefix": "https://igx.4sqi.net/img/user/", "suffix": "/8141559-VEMLBTYU0WNSFHYZ.jpg"}, "firstName": "Sathiya", "lastName": "Moorthy"}, "canonicalUrl": "https://foursquare.com/item/52f22f90498e06e1ae394c0c", "todo": {"count": 0}, "disagreeCount": 0}, {"logView": true, "lang": "en", "createdAt": 1466839055, "agreeCount": 0, "likes": {"groups": [], "count": 0}, "id": "576e300f498eb988d9b71e1f", "text": "Nice and nyummy. Love to come back again...", "type": "user", "user": {"gender": "male", "id": "38508898", "photo": {"prefix": "https://igx.4sqi.net/img/user/", "suffix": "/38508898-P2GXELIPJVONDMXA.jpg"}, "firstName": "Ferry", "lastName": "Tedja"}, "canonicalUrl": "https://foursquare.com/item/576e300f498eb988d9b71e1f", "todo": {"count": 0}, "disagreeCount": 0}, {"logView": true, "lang": "en", "createdAt": 1418036957, "agreeCount": 0, "likes": {"groups": [], "count": 0}, "id": "548586dd11d22419b55218bf", "text": "Butter chicken is sour. \u4e0d\u559c\u6b22\ud83d\ude23", "type": "user", "user": {"gender": "female", "id": "5170139", "photo": {"prefix": "https://igx.4sqi.net/img/user/", "suffix": "/XRIQUY1ZIMUSLUZY.jpg"}, "firstName": "Appie", "lastName": "Tiffie"}, "canonicalUrl": "https://foursquare.com/item/548586dd11d22419b55218bf", "todo": {"count": 0}, "disagreeCount": 0}, {"logView": true, "lang": "en", "createdAt": 1296464755, "agreeCount": 1, "likes": {"groups": [{"items": [{"gender": "male", "id": "18583984", "photo": {"prefix": "https://igx.4sqi.net/img/user/", "suffix": "/CUKCH0UIOALN1REL.jpg"}, "firstName": "Saad", "lastName": "Azad"}], "count": 2, "type": "others"}], "summary": "2 likes", "count": 2}, "id": "4d467b731928a35d61d3cc70", "text": "Masala tea is a delight.", "type": "user", "user": {"gender": "female", "id": "1824156", "photo": {"prefix": "https://igx.4sqi.net/img/user/", "suffix": "/1824156-UWXNXNNGULS5HFTX.jpg"}, "firstName": "Belinda", "lastName": "Au Yong"}, "canonicalUrl": "https://foursquare.com/item/4d467b731928a35d61d3cc70", "todo": {"count": 0}, "disagreeCount": 0}, {"logView": true, "lang": "en", "createdAt": 1398864073, "agreeCount": 1, "likes": {"groups": [{"items": [{"gender": "male", "id": "8142064", "photo": {"prefix": "https://igx.4sqi.net/img/user/", "suffix": "/5SIA0LSFBR4RE2U2.jpg"}, "firstName": "Noel", "lastName": "Chan"}], "count": 1, "type": "others"}], "summary": "1 like", "count": 1}, "id": "5360f8c911d25bf8c18ed584", "text": "Delicious food and very fast service, Chappatis' are very nice, A must have if you are going to Little India for Lunch or Dinner.", "type": "user", "user": {"gender": "male", "id": "84789518", "photo": {"prefix": "https://igx.4sqi.net/img/user/", "suffix": "/84789518-LBP1NWLJ2PWLH5Z5.jpg"}, "firstName": "Sunil", "lastName": "Chugani"}, "canonicalUrl": "https://foursquare.com/item/5360f8c911d25bf8c18ed584", "todo": {"count": 0}, "disagreeCount": 0}, {"logView": true, "lang": "en", "createdAt": 1262144011, "agreeCount": 1, "likes": {"groups": [{"items": [], "count": 1, "type": "others"}], "summary": "1 like", "count": 1}, "id": "4b3aca0b70c603bb13a98fb4", "text": "Order the masala tikki chicken. Dip a garlic nan in the gravy and downed it with a glass of mango lassi.", "type": "user", "user": {"gender": "male", "id": "175443", "photo": {"prefix": "https://igx.4sqi.net/img/user/", "suffix": "/ZJ01SRPSZEMUIM5R.jpg"}, "firstName": "Kwang Liak", "lastName": "Teo"}, "canonicalUrl": "https://foursquare.com/item/4b3aca0b70c603bb13a98fb4", "todo": {"count": 0}, "disagreeCount": 0}, {"authorInteractionType": "liked", "logView": true, "lang": "en", "photo": {"id": "5625515a498ee4c9efe9a6a8", "visibility": "public", "source": {"name": "Foursquare for iOS", "url": "https://foursquare.com/download/#/iphone"}, "suffix": "/2997804_T3ddp3KG0sIxPppp4TAfkjd9tQoPWIkqi7B2OJwOr3g.jpg", "createdAt": 1445286234, "prefix": "https://igx.4sqi.net/img/general/", "width": 1440, "height": 1440}, "createdAt": 1412317172, "todo": {"count": 2}, "agreeCount": 1, "likes": {"groups": [{"items": [{"gender": "male", "id": "2997804", "photo": {"prefix": "https://igx.4sqi.net/img/user/", "suffix": "/2997804-GV4PWETCRVBOSJRA.jpg"}, "firstName": "Ted Patrick", "lastName": "Boglosa"}], "count": 1, "type": "others"}], "summary": "1 like", "count": 1}, "id": "542e3ff4498e1fd25ad62abb", "text": "The \"butter chicken\" is a must! Pair it with a freshly made garlic nan and down it with a glass of mango lassi!", "disagreeCount": 0, "user": {"gender": "male", "id": "2997804", "photo": {"prefix": "https://igx.4sqi.net/img/user/", "suffix": "/2997804-GV4PWETCRVBOSJRA.jpg"}, "firstName": "Ted Patrick", "lastName": "Boglosa"}, "canonicalUrl": "https://foursquare.com/item/542e3ff4498e1fd25ad62abb", "type": "user", "photourl": "https://igx.4sqi.net/img/general/original/2997804_T3ddp3KG0sIxPppp4TAfkjd9tQoPWIkqi7B2OJwOr3g.jpg"}, {"logView": true, "lang": "en", "createdAt": 1356258996, "agreeCount": 1, "likes": {"groups": [{"items": [{"gender": "female", "id": "688697", "photo": {"prefix": "https://igx.4sqi.net/img/user/", "suffix": "/BV5KTBYZSEJE0CCD.jpg"}, "firstName": "Shi-Ying", "lastName": "Loke"}], "count": 1, "type": "others"}], "summary": "1 like", "count": 1}, "id": "50d6deb4e4b0ecbb0169d527", "text": "Fried cauliflower: Simple, light & yummy dish 2 accompany meals", "type": "user", "user": {"gender": "male", "id": "231366", "photo": {"prefix": "https://igx.4sqi.net/img/user/", "suffix": "/231366-Q2ZSAEF50GYUXPDA.jpg"}, "firstName": "Cheen", "lastName": "The Curious"}, "canonicalUrl": "https://foursquare.com/item/50d6deb4e4b0ecbb0169d527", "todo": {"count": 0}, "disagreeCount": 0}, {"logView": true, "lang": "en", "createdAt": 1289539594, "agreeCount": 0, "likes": {"groups": [], "count": 0}, "id": "4cdcd00acea2224bedc08d4c", "text": "Chix tikka is great! But teh tarik is a bit disappointing..", "type": "user", "user": {"id": "2540105", "photo": {"prefix": "https://igx.4sqi.net/img/user/", "suffix": "/2540105-Q25IXVAGMIWMIB0B.jpg"}, "firstName": "Meilissa", "gender": "female"}, "canonicalUrl": "https://foursquare.com/item/4cdcd00acea2224bedc08d4c", "todo": {"count": 0}, "disagreeCount": 0}, {"logView": true, "lang": "en", "createdAt": 1366800624, "agreeCount": 0, "likes": {"groups": [], "count": 0}, "id": "5177b8f0498eb7ff76d6e836", "text": "butter naan + butter chicken = best", "type": "user", "user": {"id": "22961896", "photo": {"prefix": "https://igx.4sqi.net/img/user/", "suffix": "/RMIXT1TN11LDOSEY.jpg"}, "firstName": "RACHAEL", "gender": "female"}, "canonicalUrl": "https://foursquare.com/item/5177b8f0498eb7ff76d6e836", "todo": {"count": 0}, "disagreeCount": 0}, {"logView": true, "lang": "en", "createdAt": 1410073957, "agreeCount": 0, "likes": {"groups": [], "count": 0}, "id": "540c0565498ef6d96a2173c2", "text": "The parathas and kulchas are fantastic. Easily one of the best Indian restaurants in Singapore.", "type": "user", "user": {"gender": "male", "id": "96222", "photo": {"prefix": "https://igx.4sqi.net/img/user/", "suffix": "/96222-FQCBAZ5C3MSZMGBB.jpg"}, "firstName": "Sathya", "lastName": "N"}, "canonicalUrl": "https://foursquare.com/item/540c0565498ef6d96a2173c2", "todo": {"count": 0}, "disagreeCount": 0}, {"authorInteractionType": "liked", "logView": true, "lang": "en", "createdAt": 1458743902, "agreeCount": 0, "likes": {"groups": [], "count": 0}, "id": "56f2aa5e498e824d1a221533", "text": "Moved to Chandler Street", "type": "user", "user": {"gender": "none", "id": "92835597", "photo": {"prefix": "https://igx.4sqi.net/img/user/", "default": true, "suffix": "/blank_boy.png"}, "firstName": "Dolores", "lastName": "Hazlewood"}, "canonicalUrl": "https://foursquare.com/item/56f2aa5e498e824d1a221533", "todo": {"count": 0}, "disagreeCount": 0}, {"authorInteractionType": "liked", "logView": true, "lang": "en", "createdAt": 1382964294, "agreeCount": 3, "likes": {"groups": [{"items": [{"gender": "male", "id": "71787038", "photo": {"prefix": "https://igx.4sqi.net/img/user/", "suffix": "/71787038-CI302EMSWYTZPIZR.jpg"}, "firstName": "Aldo_Cool", "lastName": "Tarigan"}, {"gender": "male", "id": "53837878", "photo": {"prefix": "https://igx.4sqi.net/img/user/", "suffix": "/LVRROWK3KHHFICHW.jpg"}, "firstName": "Razy", "lastName": "Shah"}, {"id": "12451526", "photo": {"prefix": "https://igx.4sqi.net/img/user/", "suffix": "/12451526-X5MX00VYMAPANNWJ.jpg"}, "firstName": "Sonya", "gender": "female"}], "count": 3, "type": "others"}], "summary": "3 likes", "count": 3}, "id": "526e5c4611d2e18f570e68f6", "text": "Butter chicken is unbelievably good. Not too happy about the lack of menus, though!", "type": "user", "user": {"gender": "male", "id": "12455346", "photo": {"prefix": "https://igx.4sqi.net/img/user/", "suffix": "/12455346-1TKIBXM0BEBSF4JW.jpg"}, "firstName": "Yury", "lastName": "Shevchenko"}, "canonicalUrl": "https://foursquare.com/item/526e5c4611d2e18f570e68f6", "todo": {"count": 0}, "disagreeCount": 0}, {"logView": true, "lang": "en", "createdAt": 1430311620, "agreeCount": 0, "likes": {"groups": [], "count": 0}, "id": "5540d2c4498eef8b35feec86", "text": "For Punjabi specialities that you're unlikely to find elsewhere - the dal or chicken makhani (butter lentils/chicken) are must-orders", "type": "user", "user": {"gender": "male", "id": "4551766", "photo": {"prefix": "https://igx.4sqi.net/img/user/", "suffix": "/EQWM2X0W4P152M1H.jpg"}, "firstName": "Lewy", "lastName": "Jones"}, "canonicalUrl": "https://foursquare.com/item/5540d2c4498eef8b35feec86", "todo": {"count": 0}, "disagreeCount": 0}, {"logView": true, "lang": "en", "createdAt": 1353075717, "agreeCount": 0, "likes": {"groups": [], "count": 0}, "id": "50a64c05e4b03e18c2a5262e", "text": "The serve e best milky tea here!", "type": "user", "user": {"gender": "male", "id": "2697019", "photo": {"prefix": "https://igx.4sqi.net/img/user/", "suffix": "/SIVGYVYPSK1F51D4.jpg"}, "firstName": "Mohd", "lastName": "Shaiful"}, "canonicalUrl": "https://foursquare.com/item/50a64c05e4b03e18c2a5262e", "todo": {"count": 0}, "disagreeCount": 0}, {"logView": true, "lang": "en", "createdAt": 1429812246, "agreeCount": 0, "likes": {"groups": [], "count": 0}, "id": "55393416498e95c4a6240734", "text": "This is your spot for the rarely-seen bharwan karela: bitter gourd stuffed with a pungent, tangy mix of spices.", "type": "user", "user": {"id": "12703379", "photo": {"prefix": "https://igx.4sqi.net/img/user/", "suffix": "/12703379-OJSNA253S0GCOKZZ.png"}, "firstName": "Serious Eats", "type": "page", "gender": "none"}, "canonicalUrl": "https://foursquare.com/item/55393416498e95c4a6240734", "todo": {"count": 0}, "disagreeCount": 0}, {"logView": true, "lang": "en", "createdAt": 1356258760, "agreeCount": 0, "likes": {"groups": [], "count": 0}, "id": "50d6ddc8e4b079e5ce849362", "text": "Butter chicken: We always order dis creamy dish. Kids luv d richness of flavour, & its tastiness. Goes very well with stacks of naan :-P", "type": "user", "user": {"gender": "male", "id": "231366", "photo": {"prefix": "https://igx.4sqi.net/img/user/", "suffix": "/231366-Q2ZSAEF50GYUXPDA.jpg"}, "firstName": "Cheen", "lastName": "The Curious"}, "canonicalUrl": "https://foursquare.com/item/50d6ddc8e4b079e5ce849362", "todo": {"count": 1}, "disagreeCount": 0}, {"authorInteractionType": "meh", "logView": true, "lang": "en", "createdAt": 1442762025, "agreeCount": 0, "likes": {"groups": [], "count": 0}, "id": "55fecd29498e60dcec69ccd7", "text": "Good Punjab cuisine found here in a casual aircon environment. More pricey than your coffeeshop but cheaper than the rest of the big name Indian restaurants along race course road.", "type": "user", "user": {"id": "55390456", "photo": {"prefix": "https://igx.4sqi.net/img/user/", "suffix": "/55390456_xjGWfjYZ_UAMBNliBjCxql6WleMj7JVZzY9y3t2_6WtR-3ecn7WlfLcMpWqn7tIYj_11T_fb-.jpg"}, "firstName": "Ting", "gender": "female"}, "canonicalUrl": "https://foursquare.com/item/55fecd29498e60dcec69ccd7", "todo": {"count": 0}, "disagreeCount": 0}, {"logView": true, "lang": "en", "createdAt": 1263818139, "agreeCount": 1, "likes": {"groups": [{"items": [{"gender": "female", "id": "688697", "photo": {"prefix": "https://igx.4sqi.net/img/user/", "suffix": "/BV5KTBYZSEJE0CCD.jpg"}, "firstName": "Shi-Ying", "lastName": "Loke"}], "count": 3, "type": "others"}], "summary": "3 likes", "count": 3}, "id": "4b54559b70c603bb502990b4", "text": "Be warned, portions are small.", "type": "user", "user": {"gender": "male", "id": "108117", "photo": {"prefix": "https://igx.4sqi.net/img/user/", "suffix": "/TA2JVWB2D3JSZQQA.jpg"}, "firstName": "ikram", "lastName": "choudhury"}, "canonicalUrl": "https://foursquare.com/item/4b54559b70c603bb502990b4", "todo": {"count": 0}, "disagreeCount": 0}, {"logView": true, "lang": "en", "createdAt": 1385903666, "agreeCount": 0, "likes": {"groups": [], "count": 0}, "id": "529b3632498e98c14940eb4d", "text": "Nice meat options - lots of different types of tandoori chicken.", "type": "user", "user": {"gender": "male", "id": "59704532", "photo": {"prefix": "https://igx.4sqi.net/img/user/", "suffix": "/59704532-KMGXA4W21YGKWBRX.jpg"}, "firstName": "David", "lastName": "Prl"}, "canonicalUrl": "https://foursquare.com/item/529b3632498e98c14940eb4d", "todo": {"count": 0}, "disagreeCount": 0}], "count": 29}}}