{"meta": {"code": 200, "requestId": "595a49746a6071143cf3f362"}, "response": {"tips": {"items": [{"logView": true, "lang": "en", "createdAt": 1298129494, "agreeCount": 0, "likes": {"groups": [], "count": 0}, "id": "4d5fe25629ef236a522f9e59", "text": "enjoy tea, desserts and pastries with a nice view of marina bay! 3 to 5 every aftn.", "type": "user", "user": {"gender": "female", "id": "864350", "photo": {"prefix": "https://igx.4sqi.net/img/user/", "suffix": "/864350-RIMVJRXHMXRTHM4P.jpg"}, "firstName": "Shu'en", "lastName": "Wong"}, "canonicalUrl": "https://foursquare.com/item/4d5fe25629ef236a522f9e59", "todo": {"count": 0}, "disagreeCount": 0}, {"logView": true, "lang": "en", "createdAt": 1287494341, "agreeCount": 0, "likes": {"groups": [], "count": 0}, "id": "4cbd9ac5d78f4688526dce73", "text": "Nice place to relax.", "type": "user", "user": {"gender": "male", "id": "4055743", "photo": {"prefix": "https://igx.4sqi.net/img/user/", "suffix": "/KX25XSLGCIHNNJCZ.jpg"}, "firstName": "Jeff", "lastName": "Lee"}, "canonicalUrl": "https://foursquare.com/item/4cbd9ac5d78f4688526dce73", "todo": {"count": 0}, "disagreeCount": 0}, {"logView": true, "lang": "en", "createdAt": 1285332026, "agreeCount": 0, "likes": {"groups": [{"items": [], "count": 1, "type": "others"}], "summary": "1 like", "count": 1}, "id": "4c9c9c3a8afca093cc83ee15", "text": "Beef sliders are awesome!", "type": "user", "user": {"gender": "male", "id": "147018", "photo": {"prefix": "https://igx.4sqi.net/img/user/", "suffix": "/NOZ4Y1I0KSK2M1DE.jpg"}, "firstName": "Ken", "lastName": "Glide"}, "canonicalUrl": "https://foursquare.com/item/4c9c9c3a8afca093cc83ee15", "todo": {"count": 0}, "disagreeCount": 0}, {"logView": true, "lang": "en", "createdAt": 1303402401, "agreeCount": 1, "likes": {"groups": [{"items": [{"gender": "male", "id": "374547", "photo": {"prefix": "https://igx.4sqi.net/img/user/", "suffix": "/PMTJQRVVKGG5MFZC.jpg"}, "firstName": "Jeremy", "lastName": "Soh"}], "count": 2, "type": "others"}], "summary": "2 likes", "count": 2}, "id": "4db057a14b22ba776d6e5e53", "text": "Go for the mini wagyu burgers", "type": "user", "user": {"gender": "male", "id": "374547", "photo": {"prefix": "https://igx.4sqi.net/img/user/", "suffix": "/PMTJQRVVKGG5MFZC.jpg"}, "firstName": "Jeremy", "lastName": "Soh"}, "canonicalUrl": "https://foursquare.com/item/4db057a14b22ba776d6e5e53", "todo": {"count": 0}, "disagreeCount": 0}, {"logView": true, "lang": "en", "createdAt": 1291460593, "agreeCount": 0, "likes": {"groups": [], "count": 0}, "id": "4cfa1ff1d8468cfaeaaeeb6b", "text": "Amazing afternoon tea. 48 dollars for an enormous platter for two people", "type": "user", "user": {"gender": "female", "id": "1322780", "photo": {"prefix": "https://igx.4sqi.net/img/user/", "suffix": "/UZMSC2HSMNR1QXE5.jpg"}, "firstName": "Jo", "lastName": "Mynard"}, "canonicalUrl": "https://foursquare.com/item/4cfa1ff1d8468cfaeaaeeb6b", "todo": {"count": 0}, "disagreeCount": 0}, {"logView": true, "lang": "en", "createdAt": 1267470705, "agreeCount": 0, "likes": {"groups": [{"items": [], "count": 2, "type": "others"}], "summary": "2 likes", "count": 2}, "id": "4b8c117170c603bb5a5693b4", "text": "Delicious cheese platter and smooth mojito!", "type": "user", "user": {"gender": "female", "id": "384753", "photo": {"prefix": "https://igx.4sqi.net/img/user/", "suffix": "/EQP30QI0NLWFP0AG.png"}, "firstName": "Kiki", "lastName": "Tai"}, "canonicalUrl": "https://foursquare.com/item/4b8c117170c603bb5a5693b4", "todo": {"count": 0}, "disagreeCount": 0}, {"logView": true, "lang": "en", "createdAt": 1280501600, "agreeCount": 0, "likes": {"groups": [], "count": 0}, "id": "4c52e76099ecc9b6f2a07d5b", "text": "Good service and nice view!", "type": "user", "user": {"gender": "female", "id": "261779", "photo": {"prefix": "https://igx.4sqi.net/img/user/", "suffix": "/261779_42P9RXDn_kszHnn2769y0o3BJDWkaM5ougBte7Jc0lg8xk7IQoAlC5YVB4m0kVhjySgJKHtiZ.jpg"}, "firstName": "Si\u00e2n", "lastName": "Ng"}, "canonicalUrl": "https://foursquare.com/item/4c52e76099ecc9b6f2a07d5b", "todo": {"count": 0}, "disagreeCount": 0}, {"logView": true, "lang": "en", "photo": {"id": "53ef433c498e5e53d9ee3f38", "visibility": "public", "source": {"name": "Foursquare for iOS", "url": "https://foursquare.com/download/#/iphone"}, "suffix": "/52281483_0x2kIBaQ_7VhMU4DR7KfKbFBNu0WDtlUXVQ_CPfrZSU.jpg", "createdAt": 1408189244, "prefix": "https://igx.4sqi.net/img/general/", "width": 637, "height": 960}, "createdAt": 1408189241, "todo": {"count": 0}, "agreeCount": 1, "likes": {"groups": [{"items": [{"id": "52281483", "photo": {"prefix": "https://igx.4sqi.net/img/user/", "suffix": "/52281483-DIU14H1OPNLCX3Q0.jpg"}, "firstName": "Cathy", "gender": "female"}], "count": 1, "type": "others"}], "summary": "1 like", "count": 1}, "id": "53ef4339498e753919c2aade", "text": "Wherever Mandarin Oriental hotels around the world, their afternoon tea is PERFECTLY GORGEOUS!", "disagreeCount": 0, "user": {"id": "52281483", "photo": {"prefix": "https://igx.4sqi.net/img/user/", "suffix": "/52281483-DIU14H1OPNLCX3Q0.jpg"}, "firstName": "Cathy", "gender": "female"}, "canonicalUrl": "https://foursquare.com/item/53ef4339498e753919c2aade", "type": "user", "photourl": "https://igx.4sqi.net/img/general/original/52281483_0x2kIBaQ_7VhMU4DR7KfKbFBNu0WDtlUXVQ_CPfrZSU.jpg"}], "count": 8}}}