{"meta": {"code": 200, "requestId": "595a4938db04f562f0a512bb"}, "response": {"tips": {"items": [{"logView": true, "lang": "en", "createdAt": 1310380151, "agreeCount": 1, "likes": {"groups": [{"items": [{"id": "776802", "photo": {"prefix": "https://igx.4sqi.net/img/user/", "suffix": "/LBPWKOIHSFWTVGV5.jpg"}, "firstName": "Twirighty", "gender": "male"}], "count": 1, "type": "others"}], "summary": "1 like", "count": 1}, "id": "4e1ad077d1648b8348480a10", "text": "Indian food at its spicy best.hear the Boss is hot too! :-)", "type": "user", "user": {"gender": "female", "id": "1184275", "photo": {"prefix": "https://igx.4sqi.net/img/user/", "suffix": "/2RRTEZQYET0XCWQ1.jpg"}, "firstName": "Sheila", "lastName": "T"}, "canonicalUrl": "https://foursquare.com/item/4e1ad077d1648b8348480a10", "todo": {"count": 0}, "disagreeCount": 0}, {"authorInteractionType": "liked", "logView": true, "lang": "en", "createdAt": 1457790572, "agreeCount": 0, "likes": {"groups": [], "count": 0}, "id": "56e41e6c498efe359f60f173", "text": "Huge portions. Their naan and vegetarian curry is so delicious!", "type": "user", "user": {"gender": "female", "id": "194818", "photo": {"prefix": "https://igx.4sqi.net/img/user/", "suffix": "/194818-LPREZBDOHMWVZVRG.jpg"}, "firstName": "Amy", "lastName": "Pak"}, "canonicalUrl": "https://foursquare.com/item/56e41e6c498efe359f60f173", "todo": {"count": 0}, "disagreeCount": 0}, {"logView": true, "lang": "en", "createdAt": 1410532962, "agreeCount": 2, "likes": {"groups": [{"items": [{"id": "8425199", "photo": {"prefix": "https://igx.4sqi.net/img/user/", "suffix": "/8425199-FTGAJELINVPZV4MR.jpg"}, "firstName": "yee", "gender": "female"}, {"id": "3994472", "photo": {"prefix": "https://igx.4sqi.net/img/user/", "suffix": "/UFVVG4WCYZDKJXA1.jpg"}, "firstName": "S", "gender": "female"}], "count": 2, "type": "others"}], "summary": "2 likes", "count": 2}, "id": "54130662498e4b27f11d0433", "text": "A little pricey, but the food is good. Don't order soft drinks; the Coke came flat. Who orders soft drinks at an Indian restaurant anyway? I repented.", "type": "user", "user": {"id": "212095", "photo": {"prefix": "https://igx.4sqi.net/img/user/", "suffix": "/BWQ22VZNEGH5I5Y0.jpg"}, "firstName": "Siew", "gender": "female"}, "canonicalUrl": "https://foursquare.com/item/54130662498e4b27f11d0433", "todo": {"count": 1}, "disagreeCount": 0}, {"logView": true, "lang": "en", "createdAt": 1277443866, "agreeCount": 0, "likes": {"groups": [], "count": 0}, "id": "4c243f1a136d20a1e09ee161", "text": "Bad bad bad service. Left waiting got menu. Didn't bother to attend to us. Really half the mind to walk out. They better buck up.", "type": "user", "user": {"gender": "male", "id": "767052", "photo": {"prefix": "https://igx.4sqi.net/img/user/", "suffix": "/WYO45IJK2A3N0RLM.jpg"}, "firstName": "Alan", "lastName": "Nadriz"}, "canonicalUrl": "https://foursquare.com/item/4c243f1a136d20a1e09ee161", "todo": {"count": 0}, "disagreeCount": 0}, {"authorInteractionType": "liked", "logView": true, "lang": "en", "createdAt": 1437744363, "agreeCount": 0, "likes": {"groups": [], "count": 0}, "id": "55b23ceb498e52ad1296f483", "text": "Huge portions. Be careful not to over order. Recommend Samosas and Lamb Chops.", "type": "user", "user": {"gender": "female", "id": "111981170", "photo": {"prefix": "https://igx.4sqi.net/img/user/", "suffix": "/111981170-UN10WYUOT0NX5ZEG.jpg"}, "firstName": "Chantal", "lastName": "Travers"}, "canonicalUrl": "https://foursquare.com/item/55b23ceb498e52ad1296f483", "todo": {"count": 0}, "disagreeCount": 0}, {"authorInteractionType": "liked", "logView": true, "lang": "en", "photo": {"id": "5826bbb4b613dc251fa3824c", "visibility": "public", "source": {"name": "Foursquare for iOS", "url": "https://foursquare.com/download/#/iphone"}, "suffix": "/81506419_LJ1AGdr1mbaOyYdzuw4P-S93qGWcMVSNMnzEIwylddA.jpg", "createdAt": 1478933428, "prefix": "https://igx.4sqi.net/img/general/", "width": 1440, "height": 1920}, "createdAt": 1478933389, "todo": {"count": 0}, "agreeCount": 0, "likes": {"groups": [], "count": 0}, "id": "5826bb8da92e7409e73042d5", "text": "This Butter chicken is everything! \ud83d\udc99\ud83c\uddee\ud83c\uddf3", "disagreeCount": 0, "user": {"gender": "male", "id": "81506419", "photo": {"prefix": "https://igx.4sqi.net/img/user/", "suffix": "/81506419-MRTDFZKN0NZHOH1T.jpg"}, "firstName": "Sergio", "lastName": "S."}, "canonicalUrl": "https://foursquare.com/item/5826bb8da92e7409e73042d5", "type": "user", "photourl": "https://igx.4sqi.net/img/general/original/81506419_LJ1AGdr1mbaOyYdzuw4P-S93qGWcMVSNMnzEIwylddA.jpg"}, {"todo": {"count": 0}, "authorInteractionType": "liked", "logView": true, "lang": "en", "createdAt": 1280479904, "editedAt": 1408500801, "agreeCount": 1, "likes": {"groups": [], "count": 0}, "lastVoteText": "Upvoted May 19", "id": "4c5292a0f31a9c74d51d83ea", "text": "Great lunch buffet with 2 for 1 during week days. Excellent pina-coladas also. Recommended: cheese naans & murgh tikka massala.\u00a0", "disagreeCount": 0, "lastUpvoteTimestamp": 1495178588, "user": {"id": "1406054", "photo": {"prefix": "https://igx.4sqi.net/img/user/", "suffix": "/1406054-3BCIJM0MGGDHJW0B.jpg"}, "firstName": "Pierre", "gender": "male"}, "canonicalUrl": "https://foursquare.com/item/4c5292a0f31a9c74d51d83ea", "type": "user"}, {"logView": true, "lang": "en", "createdAt": 1315551821, "agreeCount": 1, "likes": {"groups": [{"items": [{"id": "1406054", "photo": {"prefix": "https://igx.4sqi.net/img/user/", "suffix": "/1406054-3BCIJM0MGGDHJW0B.jpg"}, "firstName": "Pierre", "gender": "male"}], "count": 1, "type": "others"}], "summary": "1 like", "count": 1}, "id": "4e69ba4dd22d0e4cf5bb92d6", "text": "Excellent Indian food. The lamb was very good.", "type": "user", "user": {"gender": "male", "id": "71305", "photo": {"prefix": "https://igx.4sqi.net/img/user/", "suffix": "/O4E1KRGJZ1ZCKJ10.jpg"}, "firstName": "Pascal", "lastName": "Jaillon"}, "canonicalUrl": "https://foursquare.com/item/4e69ba4dd22d0e4cf5bb92d6", "todo": {"count": 0}, "disagreeCount": 0}, {"authorInteractionType": "liked", "logView": true, "lang": "en", "createdAt": 1339074362, "agreeCount": 2, "likes": {"groups": [{"items": [{"id": "1406054", "photo": {"prefix": "https://igx.4sqi.net/img/user/", "suffix": "/1406054-3BCIJM0MGGDHJW0B.jpg"}, "firstName": "Pierre", "gender": "male"}, {"gender": "male", "id": "6885168", "photo": {"prefix": "https://igx.4sqi.net/img/user/", "suffix": "/KF5E33EGEHHOZVQJ.jpg"}, "firstName": "James", "lastName": "S"}], "count": 2, "type": "others"}], "summary": "2 likes", "count": 2}, "id": "4fd0a73ae4b0fff0148fdf8a", "text": "One if the best Indian restaurant in Singapore", "type": "user", "user": {"gender": "none", "id": "12030579", "photo": {"prefix": "https://igx.4sqi.net/img/user/", "suffix": "/12030579-3GVMJF5QYAKF4HF2.jpg"}, "firstName": "Sarav", "lastName": "S"}, "canonicalUrl": "https://foursquare.com/item/4fd0a73ae4b0fff0148fdf8a", "todo": {"count": 0}, "disagreeCount": 0}, {"authorInteractionType": "liked", "logView": true, "lang": "en", "createdAt": 1385820717, "agreeCount": 0, "likes": {"groups": [], "count": 0}, "id": "5299f22d11d2ee06179550e7", "text": "Aloo ghobj, buttermilk chicken , basmati rice is really good..", "type": "user", "user": {"gender": "female", "id": "46895120", "photo": {"prefix": "https://igx.4sqi.net/img/user/", "suffix": "/B44Z5FXQQLRBRUVE.jpg"}, "firstName": "Kit", "lastName": "Lau"}, "canonicalUrl": "https://foursquare.com/item/5299f22d11d2ee06179550e7", "todo": {"count": 0}, "disagreeCount": 0}, {"logView": true, "lang": "en", "createdAt": 1369473984, "agreeCount": 1, "likes": {"groups": [{"items": [{"id": "1406054", "photo": {"prefix": "https://igx.4sqi.net/img/user/", "suffix": "/1406054-3BCIJM0MGGDHJW0B.jpg"}, "firstName": "Pierre", "gender": "male"}], "count": 1, "type": "others"}], "summary": "1 like", "count": 1}, "id": "51a083c0498e469023252971", "text": "Very good Indian food.  Nice setting, and good service too.", "type": "user", "user": {"gender": "male", "id": "3573265", "photo": {"prefix": "https://igx.4sqi.net/img/user/", "suffix": "/3573265-3TJUYY2LKHBPOKCE.jpg"}, "firstName": "Michael", "lastName": "Netzley"}, "canonicalUrl": "https://foursquare.com/item/51a083c0498e469023252971", "todo": {"count": 0}, "disagreeCount": 0}, {"logView": true, "lang": "en", "createdAt": 1297426693, "agreeCount": 2, "likes": {"groups": [{"items": [{"id": "1406054", "photo": {"prefix": "https://igx.4sqi.net/img/user/", "suffix": "/1406054-3BCIJM0MGGDHJW0B.jpg"}, "firstName": "Pierre", "gender": "male"}, {"gender": "male", "id": "6885168", "photo": {"prefix": "https://igx.4sqi.net/img/user/", "suffix": "/KF5E33EGEHHOZVQJ.jpg"}, "firstName": "James", "lastName": "S"}], "count": 3, "type": "others"}], "summary": "3 likes", "count": 3}, "id": "4d552905cc65a143b1934a5e", "text": "Service extremely attentive and efficient. Recommendations on specials spot on.", "type": "user", "user": {"id": "3487722", "photo": {"prefix": "https://igx.4sqi.net/img/user/", "suffix": "/OV4ATEGJHYWZQGYO.jpg"}, "firstName": "Kazza", "gender": "female"}, "canonicalUrl": "https://foursquare.com/item/4d552905cc65a143b1934a5e", "todo": {"count": 0}, "disagreeCount": 0}, {"authorInteractionType": "liked", "logView": true, "lang": "en", "createdAt": 1470322912, "todo": {"count": 0}, "agreeCount": 1, "likes": {"groups": [], "count": 0}, "lastVoteText": "Upvoted May 8", "id": "57a358e0498ec2d6ad644d6b", "text": "Most of the dishes are very good, and the buffet too. One of my favourite places for North Indian food. Butter chicken, chicken tikka, palak paneer - no way to wrong with these!", "disagreeCount": 0, "lastUpvoteTimestamp": 1494214404, "user": {"gender": "none", "id": "106919134", "photo": {"prefix": "https://igx.4sqi.net/img/user/", "default": true, "suffix": "/blank_boy.png"}, "firstName": "safia", "lastName": "r"}, "canonicalUrl": "https://foursquare.com/item/57a358e0498ec2d6ad644d6b", "type": "user"}, {"authorInteractionType": "liked", "logView": true, "lang": "en", "createdAt": 1406724958, "agreeCount": 1, "likes": {"groups": [{"items": [{"gender": "male", "id": "3865342", "photo": {"prefix": "https://igx.4sqi.net/img/user/", "suffix": "/3865342-NANPAM0LH0FZMQYD.jpg"}, "firstName": "Kobi", "lastName": "Rehm"}], "count": 1, "type": "others"}], "summary": "1 like", "count": 1}, "id": "53d8eb5e498e8b71c0de8e79", "text": "Amazing Indian food and great service.", "type": "user", "user": {"gender": "female", "id": "4768948", "photo": {"prefix": "https://igx.4sqi.net/img/user/", "suffix": "/4768948-SDYJRY5OLIZD534B.jpg"}, "firstName": "Dre", "lastName": "Michelotti"}, "canonicalUrl": "https://foursquare.com/item/53d8eb5e498e8b71c0de8e79", "todo": {"count": 0}, "disagreeCount": 0}, {"logView": true, "lang": "en", "createdAt": 1382874019, "agreeCount": 0, "likes": {"groups": [], "count": 0}, "id": "526cfba3498e699e34de9e3b", "text": "Buffet spread isn't very expansive. Good food though. Service can use a little improvement but on the whole quite pleasant.", "type": "user", "user": {"gender": "male", "id": "133024", "photo": {"prefix": "https://igx.4sqi.net/img/user/", "suffix": "/133024-XOHVR0Z0SC3QZZNU.jpg"}, "firstName": "Abhijeet", "lastName": "Gandhi"}, "canonicalUrl": "https://foursquare.com/item/526cfba3498e699e34de9e3b", "todo": {"count": 0}, "disagreeCount": 0}, {"logView": true, "lang": "en", "photo": {"id": "54b9cf68498ed28a47179ab9", "visibility": "public", "source": {"name": "Foursquare for iOS", "url": "https://foursquare.com/download/#/iphone"}, "suffix": "/231366_QY_CowNU-UuoKXw-XivrhorAbB0V52IcY_Iu1eEvJuQ.jpg", "createdAt": 1421463400, "prefix": "https://igx.4sqi.net/img/general/", "width": 1440, "height": 1920}, "createdAt": 1421463385, "todo": {"count": 0}, "agreeCount": 0, "likes": {"groups": [], "count": 0}, "id": "54b9cf59498e11760af2765f", "text": "Dinner entertainment 8pm-11pm daily (except Tue). Source & photo: Straits Times", "disagreeCount": 0, "user": {"gender": "male", "id": "231366", "photo": {"prefix": "https://igx.4sqi.net/img/user/", "suffix": "/231366-Q2ZSAEF50GYUXPDA.jpg"}, "firstName": "Cheen", "lastName": "The Curious"}, "canonicalUrl": "https://foursquare.com/item/54b9cf59498e11760af2765f", "type": "user", "photourl": "https://igx.4sqi.net/img/general/original/231366_QY_CowNU-UuoKXw-XivrhorAbB0V52IcY_Iu1eEvJuQ.jpg"}, {"authorInteractionType": "liked", "logView": true, "lang": "en", "createdAt": 1385815735, "todo": {"count": 0}, "agreeCount": 1, "likes": {"groups": [], "count": 0}, "lastVoteText": "Upvoted May 19", "id": "5299deb711d21cbc2fa06d92", "text": "Live band a bit loud hard to chat when there are so many tables occupied ..", "disagreeCount": 0, "lastUpvoteTimestamp": 1495178605, "user": {"gender": "female", "id": "46895120", "photo": {"prefix": "https://igx.4sqi.net/img/user/", "suffix": "/B44Z5FXQQLRBRUVE.jpg"}, "firstName": "Kit", "lastName": "Lau"}, "canonicalUrl": "https://foursquare.com/item/5299deb711d21cbc2fa06d92", "type": "user"}, {"logView": true, "lang": "en", "createdAt": 1320035453, "agreeCount": 1, "likes": {"groups": [{"items": [{"id": "1406054", "photo": {"prefix": "https://igx.4sqi.net/img/user/", "suffix": "/1406054-3BCIJM0MGGDHJW0B.jpg"}, "firstName": "Pierre", "gender": "male"}], "count": 1, "type": "others"}], "summary": "1 like", "count": 1}, "id": "4eae247d5c5ce6e5065426d2", "text": "Have to try their naan", "type": "user", "user": {"gender": "male", "id": "6094522", "photo": {"prefix": "https://igx.4sqi.net/img/user/", "suffix": "/CQR1Z2POKNIIKAHY.jpg"}, "firstName": "Russell", "lastName": "Wee"}, "canonicalUrl": "https://foursquare.com/item/4eae247d5c5ce6e5065426d2", "todo": {"count": 0}, "disagreeCount": 0}, {"authorInteractionType": "liked", "logView": true, "lang": "en", "photo": {"id": "558102eb498e3eb114f43a5d", "visibility": "public", "source": {"name": "Foursquare for iOS", "url": "https://foursquare.com/download/#/iphone"}, "suffix": "/92363331_r5W2TUQPhsln7-BtMC-IOkTvwGwK8yEgP9a8Lj9RNdc.jpg", "createdAt": 1434518251, "prefix": "https://igx.4sqi.net/img/general/", "width": 1920, "height": 1440}, "createdAt": 1434518243, "todo": {"count": 0}, "agreeCount": 1, "likes": {"groups": [], "count": 0}, "id": "558102e3498eb71086204513", "text": "Tried butter chicken, curry fish, butter naan and cheesy naan. It's great! Not too salty or spicy but full of flavors. But the indian special drinks r for strong stomachs!", "disagreeCount": 0, "user": {"gender": "female", "id": "92363331", "photo": {"prefix": "https://igx.4sqi.net/img/user/", "suffix": "/92363331-FLS4VJATW2DWDWHO.jpg"}, "firstName": "Kankang", "lastName": "Zhu"}, "canonicalUrl": "https://foursquare.com/item/558102e3498eb71086204513", "type": "user", "photourl": "https://igx.4sqi.net/img/general/original/92363331_r5W2TUQPhsln7-BtMC-IOkTvwGwK8yEgP9a8Lj9RNdc.jpg"}, {"logView": true, "lang": "en", "createdAt": 1372479580, "agreeCount": 0, "likes": {"groups": [], "count": 0}, "id": "51ce605c498e20f4d9c73dca", "text": "Great veg food. Non-veg not that good", "type": "user", "user": {"gender": "male", "id": "299939", "photo": {"prefix": "https://igx.4sqi.net/img/user/", "suffix": "/ZB4UBIXIGZ2UAK4J.jpg"}, "firstName": "Anshul", "lastName": "Jain"}, "canonicalUrl": "https://foursquare.com/item/51ce605c498e20f4d9c73dca", "todo": {"count": 0}, "disagreeCount": 0}], "count": 20}}}