{"meta": {"code": 200, "requestId": "595a49674434b96bff2f7c62"}, "response": {"tips": {"items": [{"authorInteractionType": "meh", "logView": true, "lang": "en", "createdAt": 1470844848, "todo": {"count": 0}, "agreeCount": 1, "likes": {"groups": [], "count": 0}, "lastVoteText": "Upvoted 1 week ago", "id": "57ab4fb0498e7f554bd1bb62", "text": "Dim sum here is also noticeably less salty than many other Dimsum offered elsewhere, which is a plus!", "disagreeCount": 0, "lastUpvoteTimestamp": 1498297539, "user": {"id": "55390456", "photo": {"prefix": "https://igx.4sqi.net/img/user/", "suffix": "/55390456_xjGWfjYZ_UAMBNliBjCxql6WleMj7JVZzY9y3t2_6WtR-3ecn7WlfLcMpWqn7tIYj_11T_fb-.jpg"}, "firstName": "Ting", "gender": "female"}, "canonicalUrl": "https://foursquare.com/item/57ab4fb0498e7f554bd1bb62", "type": "user"}, {"authorInteractionType": "meh", "logView": true, "lang": "en", "photo": {"id": "57ab4f5f498e641e380e1531", "visibility": "public", "source": {"name": "Swarm for iOS", "url": "https://www.swarmapp.com"}, "suffix": "/55390456_jyjbeDQbo56Tt2fnLCpoz924FU7OwYiOFGFJuhGl3pQ.jpg", "createdAt": 1470844767, "prefix": "https://igx.4sqi.net/img/general/", "width": 1440, "height": 1920}, "createdAt": 1470844767, "todo": {"count": 0}, "agreeCount": 1, "likes": {"groups": [], "count": 0}, "lastVoteText": "Upvoted 1 week ago", "id": "57ab4f5f498e641e380e1532", "text": "Good service & ambience. Dimsum buffet @$59++ includes delectable items like a one time order of braised abalone. Charsiew bun, Har Gow and salted egg bun are hits but give the egg tarts a miss.", "disagreeCount": 0, "lastUpvoteTimestamp": 1498297551, "user": {"id": "55390456", "photo": {"prefix": "https://igx.4sqi.net/img/user/", "suffix": "/55390456_xjGWfjYZ_UAMBNliBjCxql6WleMj7JVZzY9y3t2_6WtR-3ecn7WlfLcMpWqn7tIYj_11T_fb-.jpg"}, "firstName": "Ting", "gender": "female"}, "canonicalUrl": "https://foursquare.com/item/57ab4f5f498e641e380e1532", "type": "user", "photourl": "https://igx.4sqi.net/img/general/original/55390456_jyjbeDQbo56Tt2fnLCpoz924FU7OwYiOFGFJuhGl3pQ.jpg"}, {"logView": true, "lang": "en", "photo": {"id": "51eea6148bbde3f217109de3", "visibility": "public", "source": {"name": "Foursquare Web", "url": "https://foursquare.com"}, "suffix": "/3345354_-YAL0J6zPdSar6CC9Bq-CQeH7nsq1eXAfY-lUfVmGt4.jpg", "createdAt": 1374594580, "prefix": "https://igx.4sqi.net/img/general/", "width": 1024, "height": 484}, "createdAt": 1374594578, "todo": {"count": 0}, "agreeCount": 1, "likes": {"groups": [{"items": [{"gender": "male", "id": "1339539", "photo": {"prefix": "https://igx.4sqi.net/img/user/", "suffix": "/1339539-AIRJPNFKHLZSMUDJ.jpg"}, "firstName": "Ian", "lastName": "Thomtori"}], "count": 1, "type": "others"}], "summary": "1 like", "count": 1}, "id": "51eea612498e5111b066c513", "text": "Dinner collage - 23/07/13", "disagreeCount": 0, "user": {"gender": "male", "id": "3345354", "photo": {"prefix": "https://igx.4sqi.net/img/user/", "suffix": "/-ELNUANLSKLIMH5HF.jpg"}, "firstName": "Mark", "lastName": "Dickenson"}, "canonicalUrl": "https://foursquare.com/item/51eea612498e5111b066c513", "type": "user", "photourl": "https://igx.4sqi.net/img/general/original/3345354_-YAL0J6zPdSar6CC9Bq-CQeH7nsq1eXAfY-lUfVmGt4.jpg"}, {"authorInteractionType": "liked", "logView": true, "lang": "en", "photo": {"id": "558aab9b498e0a4e4c801cc0", "visibility": "public", "source": {"name": "Foursquare for iOS", "url": "https://foursquare.com/download/#/iphone"}, "suffix": "/40415054_impICCYMzNV6qgSC9OsgYWJ04cXUeZNzaID9LH9V8aE.jpg", "createdAt": 1435151259, "prefix": "https://igx.4sqi.net/img/general/", "width": 1440, "height": 1920}, "createdAt": 1435151255, "todo": {"count": 1}, "agreeCount": 1, "likes": {"groups": [], "count": 0}, "lastVoteText": "Upvoted 1 week ago", "id": "558aab97498e8617adb05bb0", "text": "The baked egg custard bao are amazing - the best in Singapore", "disagreeCount": 0, "lastUpvoteTimestamp": 1498297572, "user": {"id": "40415054", "photo": {"prefix": "https://igx.4sqi.net/img/user/", "suffix": "/LIBID0KOCTQ4TVTN.jpg"}, "firstName": "Aaron", "gender": "male"}, "canonicalUrl": "https://foursquare.com/item/558aab97498e8617adb05bb0", "type": "user", "photourl": "https://igx.4sqi.net/img/general/original/40415054_impICCYMzNV6qgSC9OsgYWJ04cXUeZNzaID9LH9V8aE.jpg"}, {"logView": true, "lang": "en", "createdAt": 1376760592, "agreeCount": 1, "likes": {"groups": [{"items": [{"gender": "male", "id": "1339539", "photo": {"prefix": "https://igx.4sqi.net/img/user/", "suffix": "/1339539-AIRJPNFKHLZSMUDJ.jpg"}, "firstName": "Ian", "lastName": "Thomtori"}], "count": 1, "type": "others"}], "summary": "1 like", "count": 1}, "id": "520fb31011d2771c89aef5bc", "text": "I love their salted egg yolk squid and XO fried rice! Damn gooood!", "type": "user", "user": {"gender": "female", "id": "24969130", "photo": {"prefix": "https://igx.4sqi.net/img/user/", "suffix": "/DWYYDEV3WAUSJVU4.jpg"}, "firstName": "Trina", "lastName": "Trinidad"}, "canonicalUrl": "https://foursquare.com/item/520fb31011d2771c89aef5bc", "todo": {"count": 0}, "disagreeCount": 0}, {"logView": true, "lang": "en", "createdAt": 1419048702, "todo": {"count": 0}, "agreeCount": 1, "likes": {"groups": [], "count": 0}, "lastVoteText": "Upvoted 1 week ago", "id": "5494f6fe11d200bb59f0d965", "text": "Another 5-star Canton cuisine restaurant in town IMO. Food here is excellent and what I like about this place is the ambiance i.e. bright and simple, giving diners a cozy feel.", "disagreeCount": 0, "lastUpvoteTimestamp": 1498297568, "user": {"gender": "male", "id": "102126017", "photo": {"prefix": "https://igx.4sqi.net/img/user/", "suffix": "/102126017-2J2AAEQLAD3YDJJ3.jpg"}, "firstName": "Choo Yao Chuen", "lastName": "Yao Chuen"}, "canonicalUrl": "https://foursquare.com/item/5494f6fe11d200bb59f0d965", "type": "user"}, {"logView": true, "lang": "en", "createdAt": 1374297324, "agreeCount": 0, "likes": {"groups": [], "count": 0}, "id": "51ea1cec498e58d507d22f3f", "text": "One of the better Liu Sha Bao I have tasted ...", "type": "user", "user": {"gender": "male", "id": "46819999", "photo": {"prefix": "https://igx.4sqi.net/img/user/", "suffix": "/46819999-SSI3RGKO3VGGBRWU.jpg"}, "firstName": "Vincent", "lastName": "Ang"}, "canonicalUrl": "https://foursquare.com/item/51ea1cec498e58d507d22f3f", "todo": {"count": 1}, "disagreeCount": 0}, {"logView": true, "lang": "en", "createdAt": 1306496513, "agreeCount": 2, "likes": {"groups": [{"items": [{"gender": "male", "id": "1339539", "photo": {"prefix": "https://igx.4sqi.net/img/user/", "suffix": "/1339539-AIRJPNFKHLZSMUDJ.jpg"}, "firstName": "Ian", "lastName": "Thomtori"}, {"gender": "female", "id": "23099452", "photo": {"prefix": "https://igx.4sqi.net/img/user/", "suffix": "/23099452-ZA3QM5FIQCWVPTDK.jpg"}, "firstName": "Jun", "lastName": "Wee"}], "count": 2, "type": "others"}], "summary": "2 likes", "count": 2}, "id": "4ddf8e01fa76b3b016018e7b", "text": "Must bring your family here... The food is high standard, \ue00e\ue00e\ue00e They have private function room too... Worth the money!!! You will never regret!!!", "type": "user", "user": {"gender": "female", "id": "7423463", "photo": {"prefix": "https://igx.4sqi.net/img/user/", "suffix": "/7423463-P3BN5HPMPSQTRHSQ.jpg"}, "firstName": "Jess", "lastName": "Yap"}, "canonicalUrl": "https://foursquare.com/item/4ddf8e01fa76b3b016018e7b", "todo": {"count": 3}, "disagreeCount": 0}, {"logView": true, "lang": "en", "photo": {"id": "587b2b67ea29b87936c1388f", "visibility": "public", "source": {"name": "Foursquare for iOS", "url": "https://foursquare.com/download/#/iphone"}, "suffix": "/46819999_VDjkXaZDwmh87UDIEgPk7U2vpwm0SEPEEJCzocsP-E8.jpg", "createdAt": 1484467047, "prefix": "https://igx.4sqi.net/img/general/", "width": 1440, "height": 1440}, "createdAt": 1484467044, "todo": {"count": 0}, "agreeCount": 0, "likes": {"groups": [], "count": 0}, "id": "587b2b64e753561722c8b455", "text": "Dim Sum wasn't bad but prices are a little steep \ud83d\ude02", "disagreeCount": 0, "user": {"gender": "male", "id": "46819999", "photo": {"prefix": "https://igx.4sqi.net/img/user/", "suffix": "/46819999-SSI3RGKO3VGGBRWU.jpg"}, "firstName": "Vincent", "lastName": "Ang"}, "canonicalUrl": "https://foursquare.com/item/587b2b64e753561722c8b455", "type": "user", "photourl": "https://igx.4sqi.net/img/general/original/46819999_VDjkXaZDwmh87UDIEgPk7U2vpwm0SEPEEJCzocsP-E8.jpg"}, {"logView": true, "lang": "en", "createdAt": 1374296642, "agreeCount": 0, "likes": {"groups": [], "count": 0}, "id": "51ea1a42498e46b349cd1fc2", "text": "Glad that the food here is not too salty ... Nice :-)", "type": "user", "user": {"gender": "male", "id": "46819999", "photo": {"prefix": "https://igx.4sqi.net/img/user/", "suffix": "/46819999-SSI3RGKO3VGGBRWU.jpg"}, "firstName": "Vincent", "lastName": "Ang"}, "canonicalUrl": "https://foursquare.com/item/51ea1a42498e46b349cd1fc2", "todo": {"count": 0}, "disagreeCount": 0}, {"logView": true, "lang": "en", "createdAt": 1374296539, "agreeCount": 0, "likes": {"groups": [], "count": 0}, "id": "51ea19db498e8d383b8e6606", "text": "Not back here for more than a decade. Food's just as good as before :-)", "type": "user", "user": {"gender": "male", "id": "46819999", "photo": {"prefix": "https://igx.4sqi.net/img/user/", "suffix": "/46819999-SSI3RGKO3VGGBRWU.jpg"}, "firstName": "Vincent", "lastName": "Ang"}, "canonicalUrl": "https://foursquare.com/item/51ea19db498e8d383b8e6606", "todo": {"count": 0}, "disagreeCount": 0}, {"logView": true, "lang": "en", "photo": {"id": "5841797e0393cc195f715b17", "visibility": "public", "source": {"name": "Swarm for iOS", "url": "https://www.swarmapp.com"}, "suffix": "/46819999_17IydLEI6Z_Ue_M39Vie1BT0XSDF8pecvsKgiHD8_1M.jpg", "createdAt": 1480685950, "prefix": "https://igx.4sqi.net/img/general/", "width": 1280, "height": 1920}, "createdAt": 1480689327, "todo": {"count": 0}, "agreeCount": 0, "likes": {"groups": [], "count": 0}, "id": "584186afbf1a6d0ff692e445", "text": "Dinner tonight was Good \ud83d\udc4d\ud83d\udc4d\ud83d\udc4d", "disagreeCount": 0, "user": {"gender": "male", "id": "46819999", "photo": {"prefix": "https://igx.4sqi.net/img/user/", "suffix": "/46819999-SSI3RGKO3VGGBRWU.jpg"}, "firstName": "Vincent", "lastName": "Ang"}, "canonicalUrl": "https://foursquare.com/item/584186afbf1a6d0ff692e445", "type": "user", "photourl": "https://igx.4sqi.net/img/general/original/46819999_17IydLEI6Z_Ue_M39Vie1BT0XSDF8pecvsKgiHD8_1M.jpg"}, {"logView": true, "lang": "en", "createdAt": 1405751699, "agreeCount": 0, "likes": {"groups": [], "count": 0}, "id": "53ca1193498e063271f9da8c", "text": "Tea is $6 a person? Wow.", "type": "user", "user": {"id": "106085", "photo": {"prefix": "https://igx.4sqi.net/img/user/", "suffix": "/106085_1258685741291.png"}, "firstName": "Valentine", "gender": "none"}, "canonicalUrl": "https://foursquare.com/item/53ca1193498e063271f9da8c", "todo": {"count": 0}, "disagreeCount": 0}, {"logView": true, "lang": "en", "createdAt": 1374327173, "todo": {"count": 0}, "agreeCount": 2, "likes": {"groups": [{"items": [{"gender": "male", "id": "1339539", "photo": {"prefix": "https://igx.4sqi.net/img/user/", "suffix": "/1339539-AIRJPNFKHLZSMUDJ.jpg"}, "firstName": "Ian", "lastName": "Thomtori"}], "count": 1, "type": "others"}], "summary": "1 like", "count": 1}, "lastVoteText": "Upvoted 1 week ago", "id": "51ea9185498e20ce69da6fe7", "text": "Ham Sui Kok is one of the best I have tasted ! Crispy n non oily . Worth the try !", "disagreeCount": 0, "lastUpvoteTimestamp": 1498297583, "user": {"gender": "male", "id": "46819999", "photo": {"prefix": "https://igx.4sqi.net/img/user/", "suffix": "/46819999-SSI3RGKO3VGGBRWU.jpg"}, "firstName": "Vincent", "lastName": "Ang"}, "canonicalUrl": "https://foursquare.com/item/51ea9185498e20ce69da6fe7", "type": "user"}], "count": 14}}}