{"meta": {"code": 200, "requestId": "595a56934434b96c19fa38e4"}, "response": {"tips": {"items": [{"logView": true, "lang": "en", "createdAt": 1271344460, "agreeCount": 0, "likes": {"groups": [], "count": 0}, "id": "4bc72d4c70c603bbb6ec97b4", "text": "Great dimsum here", "type": "user", "user": {"gender": "female", "id": "920127", "photo": {"prefix": "https://igx.4sqi.net/img/user/", "suffix": "/BTR1UCR11PAMVEUB.jpg"}, "firstName": "Tian", "lastName": "Fei"}, "canonicalUrl": "https://foursquare.com/item/4bc72d4c70c603bbb6ec97b4", "todo": {"count": 0}, "disagreeCount": 0}, {"logView": true, "lang": "en", "createdAt": 1347769311, "agreeCount": 0, "likes": {"groups": [], "count": 0}, "id": "505553dfe4b06692138f3797", "text": "The roasted duck is really good! Try it.", "type": "user", "user": {"gender": "male", "id": "1057253", "photo": {"prefix": "https://igx.4sqi.net/img/user/", "suffix": "/0NXWSWRRVEK3XI1Q.jpg"}, "firstName": "Mervin", "lastName": "Lew"}, "canonicalUrl": "https://foursquare.com/item/505553dfe4b06692138f3797", "todo": {"count": 0}, "disagreeCount": 0}, {"logView": true, "lang": "en", "photo": {"id": "5734922d498ea538e4157c8b", "visibility": "public", "source": {"name": "Foursquare for iOS", "url": "https://foursquare.com/download/#/iphone"}, "suffix": "/83608823_HKlrVdd7vgPzq9riwM6Un4Hv_z4cOZDZ-0RG_2uWOXY.jpg", "createdAt": 1463063085, "prefix": "https://igx.4sqi.net/img/general/", "width": 1440, "height": 1440}, "createdAt": 1463063083, "todo": {"count": 0}, "agreeCount": 0, "likes": {"groups": [], "count": 0}, "id": "5734922b498e1aa21efc2a92", "text": "Must have been yummy cuz family asked for another once the first was inhaled!", "disagreeCount": 0, "user": {"gender": "female", "id": "83608823", "photo": {"prefix": "https://igx.4sqi.net/img/user/", "suffix": "/83608823-WQJ4KTFAVOHFARLI.jpg"}, "firstName": "Dora", "lastName": "Choo"}, "canonicalUrl": "https://foursquare.com/item/5734922b498e1aa21efc2a92", "type": "user", "photourl": "https://igx.4sqi.net/img/general/original/83608823_HKlrVdd7vgPzq9riwM6Un4Hv_z4cOZDZ-0RG_2uWOXY.jpg"}, {"logView": true, "lang": "en", "photo": {"id": "573490ec498e58f5e70e0f72", "visibility": "public", "source": {"name": "Foursquare for iOS", "url": "https://foursquare.com/download/#/iphone"}, "suffix": "/83608823_zUW99QX1TGq9DLDFNye-KOUvnyxteiLEsyWrJfe3-9k.jpg", "createdAt": 1463062764, "prefix": "https://igx.4sqi.net/img/general/", "width": 1920, "height": 1440}, "createdAt": 1463062763, "todo": {"count": 0}, "agreeCount": 0, "likes": {"groups": [], "count": 0}, "id": "573490eb498e234ab9ec6226", "text": "Something like aw nee but not... It's like a super yummy gruel with a sesame glutinous rice ball in it... Not cloyingly sweet ... Yum!", "disagreeCount": 0, "user": {"gender": "female", "id": "83608823", "photo": {"prefix": "https://igx.4sqi.net/img/user/", "suffix": "/83608823-WQJ4KTFAVOHFARLI.jpg"}, "firstName": "Dora", "lastName": "Choo"}, "canonicalUrl": "https://foursquare.com/item/573490eb498e234ab9ec6226", "type": "user", "photourl": "https://igx.4sqi.net/img/general/original/83608823_zUW99QX1TGq9DLDFNye-KOUvnyxteiLEsyWrJfe3-9k.jpg"}, {"logView": true, "lang": "en", "createdAt": 1323867784, "agreeCount": 0, "likes": {"groups": [], "count": 0}, "id": "4ee89e88aa1f29ac62b6fb6a", "text": "The Peking duck here is pure awesomeness!", "type": "user", "user": {"gender": "female", "id": "8919978", "photo": {"prefix": "https://igx.4sqi.net/img/user/", "suffix": "/QT3XZPRFKN1G2QWT.jpg"}, "firstName": "Regina", "lastName": "Ng"}, "canonicalUrl": "https://foursquare.com/item/4ee89e88aa1f29ac62b6fb6a", "todo": {"count": 0}, "disagreeCount": 0}, {"authorInteractionType": "liked", "logView": true, "lang": "en", "createdAt": 1426925553, "agreeCount": 0, "likes": {"groups": [], "count": 0}, "id": "550d27f1498ec97fd2e33750", "text": "Suckling pig!", "type": "user", "user": {"gender": "female", "id": "54364391", "photo": {"prefix": "https://igx.4sqi.net/img/user/", "suffix": "/54364391-YBCTPKSVRTFEOTRL.jpg"}, "firstName": "Bella", "lastName": "Chow"}, "canonicalUrl": "https://foursquare.com/item/550d27f1498ec97fd2e33750", "todo": {"count": 0}, "disagreeCount": 0}, {"logView": true, "lang": "en", "photo": {"id": "57349317498e86693cf3b5d5", "visibility": "public", "source": {"name": "Foursquare for iOS", "url": "https://foursquare.com/download/#/iphone"}, "suffix": "/83608823_HKKDPFF0hNmVgFNSGn94RwjREE0wWB-GJcixKY5D7rQ.jpg", "createdAt": 1463063319, "prefix": "https://igx.4sqi.net/img/general/", "width": 1920, "height": 1440}, "createdAt": 1463063317, "todo": {"count": 0}, "agreeCount": 0, "likes": {"groups": [], "count": 0}, "id": "57349315498ed62636ca6b44", "text": "Their recommended chicken with mango pastry. Pastry is short and sweet. My fussy mummy asked for another lot!!", "disagreeCount": 0, "user": {"gender": "female", "id": "83608823", "photo": {"prefix": "https://igx.4sqi.net/img/user/", "suffix": "/83608823-WQJ4KTFAVOHFARLI.jpg"}, "firstName": "Dora", "lastName": "Choo"}, "canonicalUrl": "https://foursquare.com/item/57349315498ed62636ca6b44", "type": "user", "photourl": "https://igx.4sqi.net/img/general/original/83608823_HKKDPFF0hNmVgFNSGn94RwjREE0wWB-GJcixKY5D7rQ.jpg"}, {"logView": true, "lang": "en", "createdAt": 1286081915, "agreeCount": 1, "likes": {"groups": [{"items": [{"id": "396130", "photo": {"prefix": "https://igx.4sqi.net/img/user/", "suffix": "/NTXVD0XNRULOQ40Z.jpg"}, "firstName": "Pei", "gender": "female"}], "count": 2, "type": "others"}], "summary": "2 likes", "count": 2}, "id": "4ca80d7ba6e08cfa25a98b94", "text": "Don't bother with this place. Quality of food has dropped, and they seem to employ retards as service staff. The more retarded, the more they seem to value them. Thanks for spoiling my birthday lunch.", "type": "user", "user": {"gender": "male", "id": "558199", "photo": {"prefix": "https://igx.4sqi.net/img/user/", "suffix": "/MHW24Q5RGK1TJFQ5.jpg"}, "firstName": "Sam", "lastName": "Yap"}, "canonicalUrl": "https://foursquare.com/item/4ca80d7ba6e08cfa25a98b94", "todo": {"count": 0}, "disagreeCount": 0}, {"logView": true, "lang": "en", "createdAt": 1278761688, "agreeCount": 0, "likes": {"groups": [], "count": 0}, "id": "4c385ad8ae2da5934d7e00c6", "text": "The wanton noodle here is heavenly but be prepared to pay a premium for it.", "type": "user", "user": {"gender": "male", "id": "1123120", "photo": {"prefix": "https://igx.4sqi.net/img/user/", "suffix": "/STBQSU1UVB1VOX2P.jpg"}, "firstName": "Wolfgang", "lastName": "Amadeus"}, "canonicalUrl": "https://foursquare.com/item/4c385ad8ae2da5934d7e00c6", "todo": {"count": 0}, "disagreeCount": 0}, {"logView": true, "lang": "en", "createdAt": 1403511424, "agreeCount": 0, "likes": {"groups": [], "count": 0}, "id": "53a7e280498e31c0011121b2", "text": "Baked chicken and mango tartlets are good! My fav was the soup dumpling.", "type": "user", "user": {"gender": "female", "id": "12719057", "photo": {"prefix": "https://igx.4sqi.net/img/user/", "suffix": "/RORBKRPFDCR13W30.jpg"}, "firstName": "Adeline", "lastName": "Tan"}, "canonicalUrl": "https://foursquare.com/item/53a7e280498e31c0011121b2", "todo": {"count": 0}, "disagreeCount": 0}, {"logView": true, "lang": "en", "photo": {"id": "57349287498e3b8fe7e4736e", "visibility": "public", "source": {"name": "Foursquare for iOS", "url": "https://foursquare.com/download/#/iphone"}, "suffix": "/83608823_NMy9HuANn9wKepueBE5zLaKNcWBaf4xcBF4osGz7sGU.jpg", "createdAt": 1463063175, "prefix": "https://igx.4sqi.net/img/general/", "width": 1920, "height": 1440}, "createdAt": 1463063173, "todo": {"count": 0}, "agreeCount": 0, "likes": {"groups": [], "count": 0}, "id": "57349285cd10bace1ba5d516", "text": "This is the foie gras stuffed one... Also didn't get a chance to eat it... HAHAHHA spent too much time taking pics ...", "disagreeCount": 0, "user": {"gender": "female", "id": "83608823", "photo": {"prefix": "https://igx.4sqi.net/img/user/", "suffix": "/83608823-WQJ4KTFAVOHFARLI.jpg"}, "firstName": "Dora", "lastName": "Choo"}, "canonicalUrl": "https://foursquare.com/item/57349285cd10bace1ba5d516", "type": "user", "photourl": "https://igx.4sqi.net/img/general/original/83608823_NMy9HuANn9wKepueBE5zLaKNcWBaf4xcBF4osGz7sGU.jpg"}, {"logView": true, "lang": "en", "photo": {"id": "573491b4498e19234eeb3675", "visibility": "public", "source": {"name": "Foursquare for iOS", "url": "https://foursquare.com/download/#/iphone"}, "suffix": "/83608823_giMbcuQt1xvCqAKCpcCxkbuBytHBigwY5zp1LCn163E.jpg", "createdAt": 1463062964, "prefix": "https://igx.4sqi.net/img/general/", "width": 1440, "height": 1441}, "createdAt": 1463062962, "todo": {"count": 0}, "agreeCount": 0, "likes": {"groups": [], "count": 0}, "id": "573491b2498e379a26253d89", "text": "Their siew mai is $6.30 a basket... But the huge prawn that tops the dumpling is huge and acts as a \"handle\" so that u can lift the whole siew mai by the tail and feed yourself \u263a\ufe0f", "disagreeCount": 0, "user": {"gender": "female", "id": "83608823", "photo": {"prefix": "https://igx.4sqi.net/img/user/", "suffix": "/83608823-WQJ4KTFAVOHFARLI.jpg"}, "firstName": "Dora", "lastName": "Choo"}, "canonicalUrl": "https://foursquare.com/item/573491b2498e379a26253d89", "type": "user", "photourl": "https://igx.4sqi.net/img/general/original/83608823_giMbcuQt1xvCqAKCpcCxkbuBytHBigwY5zp1LCn163E.jpg"}, {"logView": true, "lang": "en", "createdAt": 1302860386, "agreeCount": 1, "likes": {"groups": [{"items": [{"gender": "female", "id": "66395353", "photo": {"prefix": "https://igx.4sqi.net/img/user/", "suffix": "/66395353-GP4DTGASVTR1HPG4.jpg"}, "firstName": "Shuk Yee", "lastName": "Choo"}], "count": 1, "type": "others"}], "summary": "1 like", "count": 1}, "id": "4da812626a2364c7a34b7953", "text": "Love their tim sum and roast duck", "type": "user", "user": {"gender": "male", "id": "3570264", "photo": {"prefix": "https://igx.4sqi.net/img/user/", "suffix": "/LVQKO1NC0VCM3Y41.jpg"}, "firstName": "James", "lastName": "Li Zhiwei"}, "canonicalUrl": "https://foursquare.com/item/4da812626a2364c7a34b7953", "todo": {"count": 0}, "disagreeCount": 0}, {"logView": true, "lang": "en", "photo": {"id": "5734911c498eccf0c4a28dd6", "visibility": "public", "source": {"name": "Foursquare for iOS", "url": "https://foursquare.com/download/#/iphone"}, "suffix": "/83608823_ykWWiVi41S6Dvx3QhYjH0H5dGtg0Y9YhQYVuA_OtTRg.jpg", "createdAt": 1463062812, "prefix": "https://igx.4sqi.net/img/general/", "width": 1440, "height": 1441}, "createdAt": 1463062810, "todo": {"count": 0}, "agreeCount": 1, "likes": {"groups": [], "count": 0}, "lastVoteText": "Upvoted 1 week ago", "id": "5734911a498eff49e2928a49", "text": "$8 a pop but pure mango pur\u00e9e used... No essences for sure!", "disagreeCount": 0, "lastUpvoteTimestamp": 1498469237, "user": {"gender": "female", "id": "83608823", "photo": {"prefix": "https://igx.4sqi.net/img/user/", "suffix": "/83608823-WQJ4KTFAVOHFARLI.jpg"}, "firstName": "Dora", "lastName": "Choo"}, "canonicalUrl": "https://foursquare.com/item/5734911a498eff49e2928a49", "type": "user", "photourl": "https://igx.4sqi.net/img/general/original/83608823_ykWWiVi41S6Dvx3QhYjH0H5dGtg0Y9YhQYVuA_OtTRg.jpg"}, {"logView": true, "lang": "en", "photo": {"id": "57349152498e72168266835e", "visibility": "public", "source": {"name": "Foursquare for iOS", "url": "https://foursquare.com/download/#/iphone"}, "suffix": "/83608823_4Jv3rILKlEgqMBuVT80v8lBeBIA_22apkrc6O94th9s.jpg", "createdAt": 1463062866, "prefix": "https://igx.4sqi.net/img/general/", "width": 1440, "height": 1441}, "createdAt": 1463062864, "todo": {"count": 0}, "agreeCount": 0, "likes": {"groups": [], "count": 0}, "id": "57349150498e234ab9ecf3aa", "text": "Chee Cheong Fun with a twist, the batter is infused with red yeast and stuffed with soft shell crab... Didn't even need the accompanying sauce", "disagreeCount": 0, "user": {"gender": "female", "id": "83608823", "photo": {"prefix": "https://igx.4sqi.net/img/user/", "suffix": "/83608823-WQJ4KTFAVOHFARLI.jpg"}, "firstName": "Dora", "lastName": "Choo"}, "canonicalUrl": "https://foursquare.com/item/57349150498e234ab9ecf3aa", "type": "user", "photourl": "https://igx.4sqi.net/img/general/original/83608823_4Jv3rILKlEgqMBuVT80v8lBeBIA_22apkrc6O94th9s.jpg"}, {"logView": true, "lang": "en", "createdAt": 1357735885, "agreeCount": 0, "likes": {"groups": [], "count": 0}, "id": "50ed67cde4b0bb906033ad30", "text": "Really good roast duck. And for those who like wasabi, the wasabi prawns really packs a punch! Not for the faint hearted!", "type": "user", "user": {"gender": "female", "id": "1562550", "photo": {"prefix": "https://igx.4sqi.net/img/user/", "suffix": "/1562550-HKVUY2IET0RT4YLT"}, "firstName": "Lindis", "lastName": "Chia"}, "canonicalUrl": "https://foursquare.com/item/50ed67cde4b0bb906033ad30", "todo": {"count": 0}, "disagreeCount": 0}, {"logView": true, "lang": "en", "photo": {"id": "573492ac498ef2f12fd8c545", "visibility": "public", "source": {"name": "Foursquare for iOS", "url": "https://foursquare.com/download/#/iphone"}, "suffix": "/83608823_2YQCINhs3jvnQ9J7GJz5K7WBls1UVSpe9cO_oUOcHQc.jpg", "createdAt": 1463063212, "prefix": "https://igx.4sqi.net/img/general/", "width": 1920, "height": 1440}, "createdAt": 1463063210, "todo": {"count": 0}, "agreeCount": 0, "likes": {"groups": [], "count": 0}, "id": "573492aa498ea7667eef4731", "text": "Still, I love the one at Vincent's Kitchen...", "disagreeCount": 0, "user": {"gender": "female", "id": "83608823", "photo": {"prefix": "https://igx.4sqi.net/img/user/", "suffix": "/83608823-WQJ4KTFAVOHFARLI.jpg"}, "firstName": "Dora", "lastName": "Choo"}, "canonicalUrl": "https://foursquare.com/item/573492aa498ea7667eef4731", "type": "user", "photourl": "https://igx.4sqi.net/img/general/original/83608823_2YQCINhs3jvnQ9J7GJz5K7WBls1UVSpe9cO_oUOcHQc.jpg"}, {"logView": true, "lang": "en", "photo": {"id": "5734937c498e3e0e8273a776", "visibility": "public", "source": {"name": "Foursquare for iOS", "url": "https://foursquare.com/download/#/iphone"}, "suffix": "/83608823_UEpdlyPbdJnfj05JGadMbWAod9ChLXFnWyhn6wpUUGU.jpg", "createdAt": 1463063420, "prefix": "https://igx.4sqi.net/img/general/", "width": 1920, "height": 1440}, "createdAt": 1463063418, "todo": {"count": 0}, "agreeCount": 0, "likes": {"groups": [], "count": 0}, "id": "5734937a498ea7667ef0465f", "text": "This fried octopus is only available during weekends and public holidays at $12 a plate. Small plate. But so well fried (over fried and it  may turn out like rubber)  and marinated lightly...", "disagreeCount": 0, "user": {"gender": "female", "id": "83608823", "photo": {"prefix": "https://igx.4sqi.net/img/user/", "suffix": "/83608823-WQJ4KTFAVOHFARLI.jpg"}, "firstName": "Dora", "lastName": "Choo"}, "canonicalUrl": "https://foursquare.com/item/5734937a498ea7667ef0465f", "type": "user", "photourl": "https://igx.4sqi.net/img/general/original/83608823_UEpdlyPbdJnfj05JGadMbWAod9ChLXFnWyhn6wpUUGU.jpg"}, {"logView": true, "lang": "en", "createdAt": 1308895663, "agreeCount": 0, "likes": {"groups": [], "count": 0}, "id": "4e0429af7d8b00eb78c098ec", "text": "Hua Ting serves the best fried rice!", "type": "user", "user": {"gender": "female", "id": "5172446", "photo": {"prefix": "https://igx.4sqi.net/img/user/", "suffix": "/3SSANXZHAHWGWC5Z.jpg"}, "firstName": "Jasmin", "lastName": "Ong"}, "canonicalUrl": "https://foursquare.com/item/4e0429af7d8b00eb78c098ec", "todo": {"count": 0}, "disagreeCount": 0}, {"logView": true, "lang": "en", "photo": {"id": "57349256498eee57eb534dcb", "visibility": "public", "source": {"name": "Foursquare for iOS", "url": "https://foursquare.com/download/#/iphone"}, "suffix": "/83608823_biIbmIBMOIvuEb6qK1RKTtUgIQClu9UHKnXahmCsZXQ.jpg", "createdAt": 1463063126, "prefix": "https://igx.4sqi.net/img/general/", "width": 1920, "height": 1440}, "createdAt": 1463063124, "todo": {"count": 0}, "agreeCount": 0, "likes": {"groups": [], "count": 0}, "id": "57349254498ebae635fac02d", "text": "Didn't get a chance to eat this either... Only took a pic... \ud83d\ude01 was too slow to pick at it!", "disagreeCount": 0, "user": {"gender": "female", "id": "83608823", "photo": {"prefix": "https://igx.4sqi.net/img/user/", "suffix": "/83608823-WQJ4KTFAVOHFARLI.jpg"}, "firstName": "Dora", "lastName": "Choo"}, "canonicalUrl": "https://foursquare.com/item/57349254498ebae635fac02d", "type": "user", "photourl": "https://igx.4sqi.net/img/general/original/83608823_biIbmIBMOIvuEb6qK1RKTtUgIQClu9UHKnXahmCsZXQ.jpg"}, {"logView": true, "lang": "en", "photo": {"id": "5734920c498ef2f12fd7b15a", "visibility": "public", "source": {"name": "Foursquare for iOS", "url": "https://foursquare.com/download/#/iphone"}, "suffix": "/83608823_6RjwXNnu4ofiTk5Uz-K6fFAIQJy902mFD_v5eWwNHFI.jpg", "createdAt": 1463063052, "prefix": "https://igx.4sqi.net/img/general/", "width": 1440, "height": 1441}, "createdAt": 1463063050, "todo": {"count": 0}, "agreeCount": 0, "likes": {"groups": [], "count": 0}, "id": "5734920a498e1aa21efc004f", "text": "The char siew pao not solid enough to remember \ud83d\ude01", "disagreeCount": 0, "user": {"gender": "female", "id": "83608823", "photo": {"prefix": "https://igx.4sqi.net/img/user/", "suffix": "/83608823-WQJ4KTFAVOHFARLI.jpg"}, "firstName": "Dora", "lastName": "Choo"}, "canonicalUrl": "https://foursquare.com/item/5734920a498e1aa21efc004f", "type": "user", "photourl": "https://igx.4sqi.net/img/general/original/83608823_6RjwXNnu4ofiTk5Uz-K6fFAIQJy902mFD_v5eWwNHFI.jpg"}, {"logView": true, "lang": "en", "createdAt": 1355289888, "agreeCount": 0, "likes": {"groups": [], "count": 0}, "id": "50c81520e4b0f65db91d68af", "text": "Try the Chives & Pork In Rice Rolls", "type": "user", "user": {"gender": "male", "id": "120611", "photo": {"prefix": "https://igx.4sqi.net/img/user/", "suffix": "/120611_1259021479447.jpg"}, "firstName": "John", "lastName": "Tan"}, "canonicalUrl": "https://foursquare.com/item/50c81520e4b0f65db91d68af", "todo": {"count": 0}, "disagreeCount": 0}, {"authorInteractionType": "liked", "logView": true, "lang": "en", "createdAt": 1418102219, "agreeCount": 0, "likes": {"groups": [], "count": 0}, "id": "548685cb498ea6201f942cf6", "text": "Steamed bbq pork buns are the best. Light and fluffy buns, pork is very tender mixed with smokey bbq sauce... Heavenly", "type": "user", "user": {"gender": "female", "id": "101347231", "photo": {"prefix": "https://igx.4sqi.net/img/user/", "suffix": "/101347231-SRDMHIJ4VGW2P4I0.jpg"}, "firstName": "Lina", "lastName": "A."}, "canonicalUrl": "https://foursquare.com/item/548685cb498ea6201f942cf6", "todo": {"count": 0}, "disagreeCount": 0}, {"logView": true, "lang": "en", "createdAt": 1289300840, "agreeCount": 1, "likes": {"groups": [{"items": [{"gender": "male", "id": "5406597", "photo": {"prefix": "https://igx.4sqi.net/img/user/", "suffix": "/5406597-OQPKWR5ET4QO5EMC.jpg"}, "firstName": "Aaron", "lastName": "Wong"}], "count": 3, "type": "others"}], "summary": "3 likes", "count": 3}, "id": "4cd92b68145fa1cd17f409bd", "text": "Roast pork is awesome", "type": "user", "user": {"gender": "female", "id": "3785422", "photo": {"prefix": "https://igx.4sqi.net/img/user/", "suffix": "/AP153RNMCCZFEKWL.jpg"}, "firstName": "Callie", "lastName": "Gay"}, "canonicalUrl": "https://foursquare.com/item/4cd92b68145fa1cd17f409bd", "todo": {"count": 0}, "disagreeCount": 0}, {"logView": true, "lang": "en", "photo": {"id": "573492e6498e3bd67a4648bb", "visibility": "public", "source": {"name": "Foursquare for iOS", "url": "https://foursquare.com/download/#/iphone"}, "suffix": "/83608823_z4WxV0EuRvBJvWEikQbKjjsAVoGwQoZ9x1l7QKiTRrE.jpg", "createdAt": 1463063270, "prefix": "https://igx.4sqi.net/img/general/", "width": 1920, "height": 1440}, "createdAt": 1463063268, "todo": {"count": 0}, "agreeCount": 0, "likes": {"groups": [], "count": 0}, "id": "573492e4498e1aa21efd17b1", "text": "Their Har Kow is yummy!!! Thin pliable skin and huge huge prawn \u2764\ufe0f\u2764\ufe0f ordered 4 baskets \ud83d\ude01", "disagreeCount": 0, "user": {"gender": "female", "id": "83608823", "photo": {"prefix": "https://igx.4sqi.net/img/user/", "suffix": "/83608823-WQJ4KTFAVOHFARLI.jpg"}, "firstName": "Dora", "lastName": "Choo"}, "canonicalUrl": "https://foursquare.com/item/573492e4498e1aa21efd17b1", "type": "user", "photourl": "https://igx.4sqi.net/img/general/original/83608823_z4WxV0EuRvBJvWEikQbKjjsAVoGwQoZ9x1l7QKiTRrE.jpg"}, {"logView": true, "lang": "en", "createdAt": 1361074993, "agreeCount": 0, "likes": {"groups": [], "count": 0}, "id": "51205b31e4b0f55436f2b045", "text": "After you're done with most of your Peking duck, ask the chef to use the leftover meat for an egg noodles stirfry dish. Never fails to hit the spot.", "type": "user", "user": {"gender": "female", "id": "259462", "photo": {"prefix": "https://igx.4sqi.net/img/user/", "suffix": "/DGQXZZHDOL2PEHGD.jpg"}, "firstName": "Christel", "lastName": "Quek"}, "canonicalUrl": "https://foursquare.com/item/51205b31e4b0f55436f2b045", "todo": {"count": 0}, "disagreeCount": 0}, {"authorInteractionType": "liked", "logView": true, "lang": "en", "photo": {"id": "54df3480498ece62e994a72c", "visibility": "public", "source": {"name": "Foursquare for iOS", "url": "https://foursquare.com/download/#/iphone"}, "suffix": "/49648657_h9Q9o89OcpJIou3ytqPmqR8G1rwMoo8XDqpOn0KJQb8.jpg", "createdAt": 1423914112, "prefix": "https://igx.4sqi.net/img/general/", "width": 1920, "height": 1439}, "createdAt": 1423914106, "todo": {"count": 0}, "agreeCount": 0, "likes": {"groups": [], "count": 0}, "id": "54df347a498e0b8311bbbed1", "text": "Try the vegetables with deep fried enoki mushroom on top. This proves that you can deep fry mushrooms and make them amazing. Also try the garlic pork even though it's not listed on the menu.", "disagreeCount": 0, "user": {"gender": "male", "id": "49648657", "photo": {"prefix": "https://igx.4sqi.net/img/user/", "suffix": "/I5OBCBTRY5HR0MSH.jpg"}, "firstName": "Jeffrey", "lastName": "Choo"}, "canonicalUrl": "https://foursquare.com/item/54df347a498e0b8311bbbed1", "type": "user", "photourl": "https://igx.4sqi.net/img/general/original/49648657_h9Q9o89OcpJIou3ytqPmqR8G1rwMoo8XDqpOn0KJQb8.jpg"}, {"authorInteractionType": "liked", "logView": true, "lang": "en", "photo": {"id": "54df2dc8498e078030838113", "visibility": "public", "source": {"name": "Foursquare for iOS", "url": "https://foursquare.com/download/#/iphone"}, "suffix": "/49648657_svv4uzsgGYtXFlHnnrUKLMWt9RKVl3BYL6XfI_k8-1A.jpg", "createdAt": 1423912392, "prefix": "https://igx.4sqi.net/img/general/", "width": 1920, "height": 1439}, "createdAt": 1423912388, "todo": {"count": 0}, "agreeCount": 1, "likes": {"groups": [{"items": [{"gender": "male", "id": "1048097", "photo": {"prefix": "https://igx.4sqi.net/img/user/", "suffix": "/W11FMR5ZCZ31S3Y1.jpg"}, "firstName": "Mark", "lastName": "Fu"}], "count": 1, "type": "others"}], "summary": "1 like", "count": 1}, "id": "54df2dc4498e2039db783103", "text": "The Peking duck tastes great and is served with style. Plenty of flavour and nice crispy skin. Second course choice of lettuce wraps (San Choy bow), fried rice or noodles. Sauce is perfect.", "disagreeCount": 0, "user": {"gender": "male", "id": "49648657", "photo": {"prefix": "https://igx.4sqi.net/img/user/", "suffix": "/I5OBCBTRY5HR0MSH.jpg"}, "firstName": "Jeffrey", "lastName": "Choo"}, "canonicalUrl": "https://foursquare.com/item/54df2dc4498e2039db783103", "type": "user", "photourl": "https://igx.4sqi.net/img/general/original/49648657_svv4uzsgGYtXFlHnnrUKLMWt9RKVl3BYL6XfI_k8-1A.jpg"}, {"logView": true, "lang": "en", "createdAt": 1359782822, "agreeCount": 0, "likes": {"groups": [], "count": 0}, "id": "510ca3a6e4b0607ce48e7a0b", "text": "Food is fine but absolutely abominable service. You'll wait 45min between dim sum dishes despite a half empty restaurant, and nobody will notice that you've not been fed until you complain.  Skip it.", "type": "user", "user": {"id": "396130", "photo": {"prefix": "https://igx.4sqi.net/img/user/", "suffix": "/NTXVD0XNRULOQ40Z.jpg"}, "firstName": "Pei", "gender": "female"}, "canonicalUrl": "https://foursquare.com/item/510ca3a6e4b0607ce48e7a0b", "todo": {"count": 0}, "disagreeCount": 0}, {"logView": true, "lang": "en", "createdAt": 1299327827, "agreeCount": 0, "likes": {"groups": [], "count": 0}, "id": "4d722b534ab5224b47c5ba97", "text": "Lovely roast duck and custard buns. Try also the shark cartilage noodles, it's divine!", "type": "user", "user": {"gender": "female", "id": "2497603", "photo": {"prefix": "https://igx.4sqi.net/img/user/", "suffix": "/D5QSLC0XB35YOQ4Z.jpg"}, "firstName": "Edlyn", "lastName": "Giam"}, "canonicalUrl": "https://foursquare.com/item/4d722b534ab5224b47c5ba97", "todo": {"count": 1}, "disagreeCount": 0}, {"authorInteractionType": "liked", "logView": true, "lang": "en", "createdAt": 1480750592, "agreeCount": 0, "likes": {"groups": [], "count": 0}, "id": "584276003bd4ab5a07a139d8", "text": "Charcoal venison bun, mango chicken tartlet. Custard with salted egg could be skipped. Red rice paper with fish could be skipped.", "type": "user", "user": {"gender": "none", "id": "113594103", "photo": {"prefix": "https://igx.4sqi.net/img/user/", "default": true, "suffix": "/blank_boy.png"}, "firstName": "allison", "lastName": "kean"}, "canonicalUrl": "https://foursquare.com/item/584276003bd4ab5a07a139d8", "todo": {"count": 0}, "disagreeCount": 0}, {"logView": true, "lang": "en", "createdAt": 1320646651, "agreeCount": 2, "likes": {"groups": [{"items": [{"gender": "male", "id": "5406597", "photo": {"prefix": "https://igx.4sqi.net/img/user/", "suffix": "/5406597-OQPKWR5ET4QO5EMC.jpg"}, "firstName": "Aaron", "lastName": "Wong"}, {"gender": "male", "id": "40033180", "photo": {"prefix": "https://igx.4sqi.net/img/user/", "suffix": "/4GXAHN4F4VGEFGLB.jpg"}, "firstName": "KT", "lastName": "Ling"}], "count": 2, "type": "others"}], "summary": "2 likes", "count": 2}, "id": "4eb777fbb634a0486105021f", "text": "Check out the Chicken and mango pies!", "type": "user", "user": {"gender": "male", "id": "3117936", "photo": {"prefix": "https://igx.4sqi.net/img/user/", "suffix": "/2AMK0NXRFLAMGRO5.jpg"}, "firstName": "Andrew", "lastName": "Calvert"}, "canonicalUrl": "https://foursquare.com/item/4eb777fbb634a0486105021f", "todo": {"count": 1}, "disagreeCount": 0}, {"logView": true, "lang": "en", "createdAt": 1297169315, "agreeCount": 0, "likes": {"groups": [], "count": 0}, "id": "4d513ba3bd6ff04df479ef0c", "text": "The roast duck here is excellent!", "type": "user", "user": {"gender": "male", "id": "3548344", "photo": {"prefix": "https://igx.4sqi.net/img/user/", "suffix": "/YXRWY2UYVDGXQ5DP.jpg"}, "firstName": "Adrian", "lastName": "Wong"}, "canonicalUrl": "https://foursquare.com/item/4d513ba3bd6ff04df479ef0c", "todo": {"count": 0}, "disagreeCount": 0}, {"logView": true, "lang": "en", "createdAt": 1285957064, "todo": {"count": 0}, "agreeCount": 1, "likes": {"groups": [], "count": 0}, "lastVoteText": "Upvoted 1 week ago", "id": "4ca625c8a6e08cfa04c37794", "text": "The dim sum is nice, make sure to book your space in advance", "disagreeCount": 0, "lastUpvoteTimestamp": 1498469254, "user": {"gender": "female", "id": "538393", "photo": {"prefix": "https://igx.4sqi.net/img/user/", "suffix": "/PXCQGULLH1JXCUMN.jpg"}, "firstName": "Flona", "lastName": "Hakim"}, "canonicalUrl": "https://foursquare.com/item/4ca625c8a6e08cfa04c37794", "type": "user"}, {"authorInteractionType": "meh", "logView": true, "lang": "en", "createdAt": 1399206907, "todo": {"count": 0}, "agreeCount": 1, "likes": {"groups": [], "count": 0}, "lastVoteText": "Upvoted 1 week ago", "id": "536633fb11d2dd97455d3921", "text": "Stick to the dim sum.", "disagreeCount": 0, "lastUpvoteTimestamp": 1498469240, "user": {"id": "55390456", "photo": {"prefix": "https://igx.4sqi.net/img/user/", "suffix": "/55390456_xjGWfjYZ_UAMBNliBjCxql6WleMj7JVZzY9y3t2_6WtR-3ecn7WlfLcMpWqn7tIYj_11T_fb-.jpg"}, "firstName": "Ting", "gender": "female"}, "canonicalUrl": "https://foursquare.com/item/536633fb11d2dd97455d3921", "type": "user"}], "count": 35}}}