{"meta": {"code": 200, "requestId": "595a56ac4c1f67709e30961a"}, "response": {"tips": {"items": [{"authorInteractionType": "liked", "logView": true, "lang": "en", "createdAt": 1440941692, "agreeCount": 0, "likes": {"groups": [], "count": 0}, "id": "55e3067c498e5ef084d3d458", "text": "I had the squid ink pasta with cuttlefish and it was lovely and very enjoyable.  However, this dish can come across as fishy to some as it's very briny. Excellent service.", "type": "user", "user": {"id": "44086190", "photo": {"prefix": "https://igx.4sqi.net/img/user/", "suffix": "/44086190-1QDEXONEKMIBDERI.jpg"}, "firstName": "Ernie", "gender": "female"}, "canonicalUrl": "https://foursquare.com/item/55e3067c498e5ef084d3d458", "todo": {"count": 0}, "disagreeCount": 0}, {"logView": true, "lang": "en", "createdAt": 1302866277, "agreeCount": 1, "likes": {"groups": [{"items": [{"gender": "male", "id": "537630", "photo": {"prefix": "https://igx.4sqi.net/img/user/", "suffix": "/TNWVH10WBZIM0ZTX.jpg"}, "firstName": "Edward", "lastName": "Yong"}], "count": 1, "type": "others"}], "summary": "1 like", "count": 1}, "id": "4da829654df0af29b70692c1", "text": "The pasta is all home made ...  And the carpaccio is special!", "type": "user", "user": {"gender": "male", "id": "533818", "photo": {"prefix": "https://igx.4sqi.net/img/user/", "suffix": "/ANAP3F3D4EMAVVGU.jpg"}, "firstName": "Mick", "lastName": "Yates"}, "canonicalUrl": "https://foursquare.com/item/4da829654df0af29b70692c1", "todo": {"count": 0}, "disagreeCount": 0}, {"logView": true, "lang": "en", "createdAt": 1380694542, "agreeCount": 0, "likes": {"groups": [], "count": 0}, "id": "524bba0e11d27cc781482812", "text": "Love the salad bar with a glass of Montepulciano!", "type": "user", "user": {"gender": "male", "id": "11519226", "photo": {"prefix": "https://igx.4sqi.net/img/user/", "suffix": "/JRNSOER41UHAG5ZP.jpg"}, "firstName": "Dick", "lastName": "van Leeuwen"}, "canonicalUrl": "https://foursquare.com/item/524bba0e11d27cc781482812", "todo": {"count": 0}, "disagreeCount": 0}, {"authorInteractionType": "liked", "logView": true, "lang": "en", "createdAt": 1453394361, "agreeCount": 0, "likes": {"groups": [], "count": 0}, "id": "56a109b9498ec487e9e0b4eb", "text": "Go for the set dinner with salad, main course and dessert", "type": "user", "user": {"gender": "male", "id": "8477673", "photo": {"prefix": "https://igx.4sqi.net/img/user/", "suffix": "/8477673_7d3gntV1__Ewk7J-5bepwOTZ2DG-Vr7-SNB8qvYNMGgEubE2IlWrCMUrDPHUnRTKFONKAd5hq.jpg"}, "firstName": "Melvin", "lastName": "Lim"}, "canonicalUrl": "https://foursquare.com/item/56a109b9498ec487e9e0b4eb", "todo": {"count": 0}, "disagreeCount": 0}, {"authorInteractionType": "liked", "logView": true, "lang": "en", "createdAt": 1448606352, "agreeCount": 0, "likes": {"groups": [], "count": 0}, "id": "5657fa90498e1963a8d632f3", "text": "Wonderful service and great food.  Set-up for scale so can feel slightly impersonal, but the service makes up for it.  Will definitely return.", "type": "user", "user": {"gender": "male", "id": "1497492", "photo": {"prefix": "https://igx.4sqi.net/img/user/", "suffix": "/1497492-3QXFNWS35YX4SNUI.jpg"}, "firstName": "Drew", "lastName": "Graham"}, "canonicalUrl": "https://foursquare.com/item/5657fa90498e1963a8d632f3", "todo": {"count": 0}, "disagreeCount": 0}, {"logView": true, "lang": "en", "createdAt": 1298692308, "agreeCount": 1, "likes": {"groups": [{"items": [{"gender": "male", "id": "537630", "photo": {"prefix": "https://igx.4sqi.net/img/user/", "suffix": "/TNWVH10WBZIM0ZTX.jpg"}, "firstName": "Edward", "lastName": "Yong"}], "count": 3, "type": "others"}], "summary": "3 likes", "count": 3}, "id": "4d6878d4de28224b9e9b36be", "text": "Come before 7pm for free salad with every entree", "type": "user", "user": {"gender": "none", "id": "5286139", "photo": {"prefix": "https://igx.4sqi.net/img/user/", "suffix": "/X2MLDQFJPQ0ZSPDO.jpg"}, "firstName": "Jacq", "lastName": "Wu"}, "canonicalUrl": "https://foursquare.com/item/4d6878d4de28224b9e9b36be", "todo": {"count": 0}, "disagreeCount": 0}, {"logView": true, "lang": "en", "createdAt": 1464189783, "todo": {"count": 0}, "agreeCount": 1, "likes": {"groups": [], "count": 0}, "lastVoteText": "Upvoted May 6", "id": "5745c357498edf63a763eb36", "text": "1 of 10 best Singapore restaurants, as picked by local foodies. Regulars value this traditional Italian place. Has been around for 41 years! Source: HerWorld magazine, March 2015", "disagreeCount": 0, "lastUpvoteTimestamp": 1494053961, "user": {"gender": "male", "id": "231366", "photo": {"prefix": "https://igx.4sqi.net/img/user/", "suffix": "/231366-Q2ZSAEF50GYUXPDA.jpg"}, "firstName": "Cheen", "lastName": "The Curious"}, "canonicalUrl": "https://foursquare.com/item/5745c357498edf63a763eb36", "type": "user"}, {"logView": true, "lang": "en", "createdAt": 1324102056, "agreeCount": 2, "likes": {"groups": [{"items": [{"gender": "female", "id": "3222687", "photo": {"prefix": "https://igx.4sqi.net/img/user/", "suffix": "/3222687-WMTDGOMLOQ2LNYRF.jpg"}, "firstName": "Nada.", "lastName": "Z"}, {"gender": "male", "id": "537630", "photo": {"prefix": "https://igx.4sqi.net/img/user/", "suffix": "/TNWVH10WBZIM0ZTX.jpg"}, "firstName": "Edward", "lastName": "Yong"}], "count": 2, "type": "others"}], "summary": "2 likes", "count": 2}, "id": "4eec31a830f824cfc385966e", "text": "Best tiramisu in town!", "type": "user", "user": {"gender": "male", "id": "7936996", "photo": {"prefix": "https://igx.4sqi.net/img/user/", "suffix": "/7936996-UICSCS3QLFIEF1NQ.jpg"}, "firstName": "Alvin", "lastName": "Wee"}, "canonicalUrl": "https://foursquare.com/item/4eec31a830f824cfc385966e", "todo": {"count": 0}, "disagreeCount": 0}, {"logView": true, "lang": "en", "createdAt": 1395456564, "agreeCount": 0, "likes": {"groups": [], "count": 0}, "id": "532cfa34498ecf1f7bfd6dbe", "text": "Spacious but food wise nothing to shout about. It's ok.", "type": "user", "user": {"gender": "male", "id": "2226428", "photo": {"prefix": "https://igx.4sqi.net/img/user/", "suffix": "/S2MYNN3NALZPYTEX.jpg"}, "firstName": "Wee Kiong", "lastName": "Tan"}, "canonicalUrl": "https://foursquare.com/item/532cfa34498ecf1f7bfd6dbe", "todo": {"count": 0}, "disagreeCount": 0}, {"logView": true, "lang": "en", "createdAt": 1352042036, "agreeCount": 1, "likes": {"groups": [{"items": [{"gender": "female", "id": "3222687", "photo": {"prefix": "https://igx.4sqi.net/img/user/", "suffix": "/3222687-WMTDGOMLOQ2LNYRF.jpg"}, "firstName": "Nada.", "lastName": "Z"}], "count": 1, "type": "others"}], "summary": "1 like", "count": 1}, "id": "50968634e4b0272e107b1316", "text": "Must try \"Coppino\" - signature spaghetti with lobster, scallops, clams, prawns and crabmeat", "type": "user", "user": {"gender": "male", "id": "155705", "photo": {"prefix": "https://igx.4sqi.net/img/user/", "suffix": "/MFEVH5XRB4CA3GYA.jpg"}, "firstName": "Yu Hsiang", "lastName": "Wong"}, "canonicalUrl": "https://foursquare.com/item/50968634e4b0272e107b1316", "todo": {"count": 0}, "disagreeCount": 0}, {"logView": true, "lang": "en", "createdAt": 1304859361, "agreeCount": 1, "likes": {"groups": [{"items": [{"gender": "male", "id": "537630", "photo": {"prefix": "https://igx.4sqi.net/img/user/", "suffix": "/TNWVH10WBZIM0ZTX.jpg"}, "firstName": "Edward", "lastName": "Yong"}], "count": 1, "type": "others"}], "summary": "1 like", "count": 1}, "id": "4dc692e145dd2645528c981d", "text": "Had the special of the day - lobster and black truffle ravioli amazing, go for early dinner and enjoy FOC salad bar and nice spread of breads", "type": "user", "user": {"gender": "female", "id": "4625751", "photo": {"prefix": "https://igx.4sqi.net/img/user/", "suffix": "/4OLTFUJ1SZT0XVN2.jpg"}, "firstName": "Hannah", "lastName": "Lim"}, "canonicalUrl": "https://foursquare.com/item/4dc692e145dd2645528c981d", "todo": {"count": 0}, "disagreeCount": 0}, {"authorInteractionType": "liked", "logView": true, "lang": "en", "createdAt": 1393740533, "agreeCount": 0, "likes": {"groups": [], "count": 0}, "id": "5312caf511d292c465471102", "text": "Great Sunday Brunch", "type": "user", "user": {"gender": "male", "id": "67191438", "photo": {"prefix": "https://igx.4sqi.net/img/user/", "suffix": "/67191438-0LGATRX42LL15RMQ.jpg"}, "firstName": "Richard", "lastName": "Hudson"}, "canonicalUrl": "https://foursquare.com/item/5312caf511d292c465471102", "todo": {"count": 0}, "disagreeCount": 0}, {"authorInteractionType": "liked", "logView": true, "lang": "en", "photo": {"id": "590d71e001559a28c749b37c", "visibility": "public", "source": {"name": "Swarm for iOS", "url": "https://www.swarmapp.com"}, "suffix": "/55390456_7dm4Al8X_ZAFmFqa5pAlViW9V5d2vidJd_r0HCKo43o.jpg", "createdAt": 1494053344, "prefix": "https://igx.4sqi.net/img/general/", "width": 1440, "height": 1920}, "createdAt": 1494053344, "todo": {"count": 0}, "agreeCount": 0, "likes": {"groups": [], "count": 0}, "id": "590d71e001559a28c749b37d", "text": "Their daily lunch time buffet ($35++) is reasonably priced and of decent quality. Like that coffee is included at the end of the meal.", "disagreeCount": 0, "user": {"id": "55390456", "photo": {"prefix": "https://igx.4sqi.net/img/user/", "suffix": "/55390456_xjGWfjYZ_UAMBNliBjCxql6WleMj7JVZzY9y3t2_6WtR-3ecn7WlfLcMpWqn7tIYj_11T_fb-.jpg"}, "firstName": "Ting", "gender": "female"}, "canonicalUrl": "https://foursquare.com/item/590d71e001559a28c749b37d", "type": "user", "photourl": "https://igx.4sqi.net/img/general/original/55390456_7dm4Al8X_ZAFmFqa5pAlViW9V5d2vidJd_r0HCKo43o.jpg"}, {"logView": true, "lang": "en", "photo": {"id": "5469adc0498e25a14aabbfc6", "visibility": "public", "source": {"name": "Foursquare for iOS", "url": "https://foursquare.com/download/#/iphone"}, "suffix": "/94696493_JQ7A521uj5vf7fZ3qUo7xVjM49HlVEThebCqXdLngQ4.jpg", "createdAt": 1416211904, "prefix": "https://igx.4sqi.net/img/general/", "width": 960, "height": 720}, "createdAt": 1416211902, "todo": {"count": 0}, "agreeCount": 1, "likes": {"groups": [{"items": [{"gender": "male", "id": "1023230", "photo": {"prefix": "https://igx.4sqi.net/img/user/", "suffix": "/IV4VVMIEKPSDYMRH.jpg"}, "firstName": "Jzin", "lastName": "T"}], "count": 1, "type": "others"}], "summary": "1 like", "count": 1}, "id": "5469adbe498ebf7265e65424", "text": "Tiramisu is moist and mascarpone is delicious!", "disagreeCount": 0, "user": {"gender": "female", "id": "94696493", "photo": {"prefix": "https://igx.4sqi.net/img/user/", "suffix": "/94696493-TT0LWIMSERAW2HIV.jpg"}, "firstName": "G", "lastName": "Sim"}, "canonicalUrl": "https://foursquare.com/item/5469adbe498ebf7265e65424", "type": "user", "photourl": "https://igx.4sqi.net/img/general/original/94696493_JQ7A521uj5vf7fZ3qUo7xVjM49HlVEThebCqXdLngQ4.jpg"}, {"logView": true, "lang": "en", "createdAt": 1368939375, "agreeCount": 2, "likes": {"groups": [{"items": [{"gender": "female", "id": "3222687", "photo": {"prefix": "https://igx.4sqi.net/img/user/", "suffix": "/3222687-WMTDGOMLOQ2LNYRF.jpg"}, "firstName": "Nada.", "lastName": "Z"}, {"gender": "female", "id": "688697", "photo": {"prefix": "https://igx.4sqi.net/img/user/", "suffix": "/BV5KTBYZSEJE0CCD.jpg"}, "firstName": "Shi-Ying", "lastName": "Loke"}], "count": 2, "type": "others"}], "summary": "2 likes", "count": 2}, "id": "51985b6f498e3b5c9d77e0c2", "text": "Great food, amazing  old school Italian restaurant which is practically an institution by itself.  Best Ciopinno ever", "type": "user", "user": {"gender": "male", "id": "54876097", "photo": {"prefix": "https://igx.4sqi.net/img/user/", "suffix": "/D0LWUO2KFL4BYXQR.jpg"}, "firstName": "Winston", "lastName": "Chua"}, "canonicalUrl": "https://foursquare.com/item/51985b6f498e3b5c9d77e0c2", "todo": {"count": 0}, "disagreeCount": 0}, {"authorInteractionType": "liked", "logView": true, "lang": "en", "createdAt": 1490633573, "agreeCount": 0, "likes": {"groups": [], "count": 0}, "id": "58d9436551666a50dd20352d", "text": "Italian food. Simple menu. Tasty. Not expensive surprisingly. Cosy interiors although the chairs are uncomfortable. Tables a bit small too.", "type": "user", "user": {"gender": "male", "id": "99539465", "photo": {"prefix": "https://igx.4sqi.net/img/user/", "suffix": "/99539465-X1OOOUWVHC5VCIQ2.jpg"}, "firstName": "Lee", "lastName": "Soon Guan"}, "canonicalUrl": "https://foursquare.com/item/58d9436551666a50dd20352d", "todo": {"count": 0}, "disagreeCount": 0}, {"logView": true, "lang": "en", "createdAt": 1408606418, "agreeCount": 0, "likes": {"groups": [], "count": 0}, "id": "53f5a0d2498eeb69f85cf82c", "text": "Standard of the food dropped quite a bit.. Would not recommend any particular dishes - pizza probably will be a safe choice", "type": "user", "user": {"gender": "female", "id": "54364391", "photo": {"prefix": "https://igx.4sqi.net/img/user/", "suffix": "/54364391-YBCTPKSVRTFEOTRL.jpg"}, "firstName": "Bella", "lastName": "Chow"}, "canonicalUrl": "https://foursquare.com/item/53f5a0d2498eeb69f85cf82c", "todo": {"count": 0}, "disagreeCount": 0}, {"authorInteractionType": "liked", "logView": true, "lang": "en", "createdAt": 1463390807, "agreeCount": 0, "likes": {"groups": [], "count": 0}, "id": "57399257498e479817bb4ab7", "text": "Nice date place, food and service is great. We never book for reservation but they always accommodate us.", "type": "user", "user": {"gender": "female", "id": "63720320", "photo": {"prefix": "https://igx.4sqi.net/img/user/", "suffix": "/-21KVD4W45GE3AUSQ.jpg"}, "firstName": "Andi", "lastName": "Tesorero"}, "canonicalUrl": "https://foursquare.com/item/57399257498e479817bb4ab7", "todo": {"count": 0}, "disagreeCount": 0}, {"logView": true, "lang": "en", "createdAt": 1414167733, "agreeCount": 0, "likes": {"groups": [], "count": 0}, "id": "544a7cb5498e43e1d94bea7d", "text": "Nice Salad bar. Sea food spaghetti is excellent", "type": "user", "user": {"gender": "male", "id": "29734425", "photo": {"prefix": "https://igx.4sqi.net/img/user/", "suffix": "/P2EI332LQCCDZA1C.jpg"}, "firstName": "Zafeiris", "lastName": "Syrras"}, "canonicalUrl": "https://foursquare.com/item/544a7cb5498e43e1d94bea7d", "todo": {"count": 0}, "disagreeCount": 0}, {"logView": true, "lang": "en", "photo": {"id": "5398ea37498ee8517557e1b4", "visibility": "public", "source": {"name": "Foursquare for iOS", "url": "https://foursquare.com/download/#/iphone"}, "suffix": "/468816_Pl8lr8Vn7fyHVEO4b53Eso1FsVQ7E-wQBdVDBxrv2zo.jpg", "createdAt": 1402530359, "prefix": "https://igx.4sqi.net/img/general/", "width": 720, "height": 720}, "createdAt": 1402530357, "todo": {"count": 0}, "agreeCount": 0, "likes": {"groups": [], "count": 0}, "id": "5398ea35498ea837e61b3e66", "text": "The pasta was abit hard when chewed and the seafood wasn't as fresh as what I expected. But the tiramisu is a must-try and their service was good! Enjoyable dinner despite the food...", "disagreeCount": 0, "user": {"gender": "male", "id": "468816", "photo": {"prefix": "https://igx.4sqi.net/img/user/", "suffix": "/OFXTOB4LXB4BDDVD.jpg"}, "firstName": "Leo", "lastName": "Goh"}, "canonicalUrl": "https://foursquare.com/item/5398ea35498ea837e61b3e66", "type": "user", "photourl": "https://igx.4sqi.net/img/general/original/468816_Pl8lr8Vn7fyHVEO4b53Eso1FsVQ7E-wQBdVDBxrv2zo.jpg"}, {"authorInteractionType": "meh", "logView": true, "lang": "en", "createdAt": 1478760009, "agreeCount": 0, "likes": {"groups": [], "count": 0}, "id": "58241649936f020ddc24295b", "text": "Kitchen open until 10:15pm. However the place smelt very fishy when we entered. Ordered two pizzas which were average. There's a free-flow bread bar.", "type": "user", "user": {"gender": "none", "id": "106919134", "photo": {"prefix": "https://igx.4sqi.net/img/user/", "default": true, "suffix": "/blank_boy.png"}, "firstName": "safia", "lastName": "r"}, "canonicalUrl": "https://foursquare.com/item/58241649936f020ddc24295b", "todo": {"count": 0}, "disagreeCount": 0}, {"authorInteractionType": "liked", "logView": true, "lang": "en", "createdAt": 1452422469, "agreeCount": 0, "likes": {"groups": [], "count": 0}, "id": "56923545498efc0ab218e279", "text": "Don't get confused with the optional Salad bar, the bread corner and butters are free flow with any main.", "type": "user", "user": {"gender": "male", "id": "4668762", "photo": {"prefix": "https://igx.4sqi.net/img/user/", "suffix": "/4668762-0GFKR2F4KCKC5A25.jpg"}, "firstName": "Colin", "lastName": "Sng"}, "canonicalUrl": "https://foursquare.com/item/56923545498efc0ab218e279", "todo": {"count": 0}, "disagreeCount": 0}, {"logView": true, "lang": "en", "createdAt": 1420523863, "agreeCount": 0, "likes": {"groups": [], "count": 0}, "id": "54ab7957498ed9d9963f603e", "text": "Chicken consomm\u00e9,american n authentic minestrone soups mast try", "type": "user", "user": {"gender": "female", "id": "70474248", "photo": {"prefix": "https://igx.4sqi.net/img/user/", "suffix": "/70474248-ZLT5C0XLI303W1JG.jpg"}, "firstName": "Valeria", "lastName": "SH"}, "canonicalUrl": "https://foursquare.com/item/54ab7957498ed9d9963f603e", "todo": {"count": 0}, "disagreeCount": 0}, {"logView": true, "lang": "en", "createdAt": 1317994708, "agreeCount": 2, "likes": {"groups": [{"items": [{"gender": "male", "id": "4533127", "photo": {"prefix": "https://igx.4sqi.net/img/user/", "suffix": "/HIBPRQ4KE42TME0Q.jpg"}, "firstName": "\uc564\ub514 Goh", "lastName": "\u54e5"}, {"gender": "male", "id": "537630", "photo": {"prefix": "https://igx.4sqi.net/img/user/", "suffix": "/TNWVH10WBZIM0ZTX.jpg"}, "firstName": "Edward", "lastName": "Yong"}], "count": 2, "type": "others"}], "summary": "2 likes", "count": 2}, "id": "4e8f00d46da16fd9cf41e7df", "text": "Check out the specials of the day and be in for a pleasant surprise!", "type": "user", "user": {"id": "1744209", "photo": {"prefix": "https://igx.4sqi.net/img/user/", "suffix": "/HFZKNMM3YZUN4TUM.jpg"}, "firstName": "Magicottage", "gender": "female"}, "canonicalUrl": "https://foursquare.com/item/4e8f00d46da16fd9cf41e7df", "todo": {"count": 0}, "disagreeCount": 0}, {"authorInteractionType": "disliked", "logView": true, "lang": "en", "createdAt": 1481390602, "agreeCount": 0, "likes": {"groups": [], "count": 0}, "id": "584c3a0a2896a20a9a72311c", "text": "I've been here twice now. Pricey and disappointing.", "type": "user", "user": {"gender": "male", "id": "1891246", "photo": {"prefix": "https://igx.4sqi.net/img/user/", "suffix": "/QB10BNUDRY1V3LLC.jpg"}, "firstName": "Paul", "lastName": "O'Keefe"}, "canonicalUrl": "https://foursquare.com/item/584c3a0a2896a20a9a72311c", "todo": {"count": 0}, "disagreeCount": 0}, {"logView": true, "lang": "en", "createdAt": 1325130108, "agreeCount": 2, "likes": {"groups": [{"items": [{"gender": "female", "id": "3222687", "photo": {"prefix": "https://igx.4sqi.net/img/user/", "suffix": "/3222687-WMTDGOMLOQ2LNYRF.jpg"}, "firstName": "Nada.", "lastName": "Z"}, {"gender": "male", "id": "537630", "photo": {"prefix": "https://igx.4sqi.net/img/user/", "suffix": "/TNWVH10WBZIM0ZTX.jpg"}, "firstName": "Edward", "lastName": "Yong"}], "count": 3, "type": "others"}], "summary": "3 likes", "count": 3}, "id": "4efbe17c5c5c533f379b49f8", "text": "should try the tiramisu...", "type": "user", "user": {"gender": "male", "id": "5791826", "photo": {"prefix": "https://igx.4sqi.net/img/user/", "default": true, "suffix": "/blank_boy.png"}, "firstName": "Harun", "lastName": "Lie"}, "canonicalUrl": "https://foursquare.com/item/4efbe17c5c5c533f379b49f8", "todo": {"count": 0}, "disagreeCount": 0}, {"authorInteractionType": "liked", "logView": true, "lang": "en", "createdAt": 1422373410, "agreeCount": 0, "likes": {"groups": [], "count": 0}, "id": "54c7b222498ecc920b5c4e91", "text": "Honest and reliable Italian fare. Great for a mid-week casual dinner.", "type": "user", "user": {"gender": "male", "id": "3219947", "photo": {"prefix": "https://igx.4sqi.net/img/user/", "suffix": "/XUZ5CMPFIP02C3AX.jpg"}, "firstName": "Andrea", "lastName": "Monni"}, "canonicalUrl": "https://foursquare.com/item/54c7b222498ecc920b5c4e91", "todo": {"count": 0}, "disagreeCount": 0}, {"logView": true, "lang": "en", "createdAt": 1414946163, "agreeCount": 1, "likes": {"groups": [], "count": 0}, "id": "54565d7311d256dfcca7f785", "text": "Like their Sunday brunch. Quite reasonably priced compared to elsewhere. They serve seafood as well. The honey fig ice cream was pleasant and chomping down crabs pincer was very enjoyable too", "type": "user", "user": {"gender": "female", "id": "5510076", "photo": {"prefix": "https://igx.4sqi.net/img/user/", "suffix": "/5510076_SpxNT6nQ_mxIyyq9gE_RsLluyWHyIgaVkK2tBHZ43A314UZpuCMw56_CFSpIJ7pAN5H94oZ5G.jpg"}, "firstName": "Wannie", "lastName": "M"}, "canonicalUrl": "https://foursquare.com/item/54565d7311d256dfcca7f785", "todo": {"count": 0}, "disagreeCount": 0}, {"logView": true, "lang": "en", "createdAt": 1399124699, "agreeCount": 0, "likes": {"groups": [], "count": 0}, "id": "5364f2db498e9771d88b0983", "text": "Order main course gets you a large bowl of salad from the salad bar, refill no problem", "type": "user", "user": {"gender": "male", "id": "18477816", "photo": {"prefix": "https://igx.4sqi.net/img/user/", "suffix": "/1NNI4RCTMJPSMMEH.jpg"}, "firstName": "Tsai", "lastName": "David Tristan"}, "canonicalUrl": "https://foursquare.com/item/5364f2db498e9771d88b0983", "todo": {"count": 0}, "disagreeCount": 0}], "count": 29}}}