{"meta": {"code": 200, "requestId": "595a4c244c1f67709ed84c48"}, "response": {"tips": {"items": [{"logView": true, "lang": "en", "photo": {"id": "581adf0003399c3a440b0080", "visibility": "public", "source": {"name": "Foursquare for iOS", "url": "https://foursquare.com/download/#/iphone"}, "suffix": "/137415288_AgdHCMCvykMLBsB3mAm7EWu_RnK0qNMycYaQFgvwYZg.jpg", "createdAt": 1478156032, "prefix": "https://igx.4sqi.net/img/general/", "width": 1920, "height": 1440}, "createdAt": 1478156028, "todo": {"count": 0}, "agreeCount": 0, "likes": {"groups": [], "count": 0}, "id": "581adefc38fa9351f67617b8", "text": "Food playing is fairly impressive and decent ambience. Bu I would say average food and service.", "disagreeCount": 0, "user": {"gender": "male", "id": "137415288", "photo": {"prefix": "https://igx.4sqi.net/img/user/", "suffix": "/137415288-LUJSDZZM4UK1IFVD.jpg"}, "firstName": "Vincent", "lastName": "Tan"}, "canonicalUrl": "https://foursquare.com/item/581adefc38fa9351f67617b8", "type": "user", "photourl": "https://igx.4sqi.net/img/general/original/137415288_AgdHCMCvykMLBsB3mAm7EWu_RnK0qNMycYaQFgvwYZg.jpg"}, {"logView": true, "lang": "en", "createdAt": 1297517063, "agreeCount": 0, "likes": {"groups": [], "count": 0}, "id": "4d568a07e7f1a1cda7bd07a5", "text": "Try the lamb and have the apple tart desert to wash it down, awesome!", "type": "user", "user": {"gender": "male", "id": "194101", "photo": {"prefix": "https://igx.4sqi.net/img/user/", "suffix": "/KQ1US3NGMQR5C2PP.jpg"}, "firstName": "Mark", "lastName": "Khoo"}, "canonicalUrl": "https://foursquare.com/item/4d568a07e7f1a1cda7bd07a5", "todo": {"count": 0}, "disagreeCount": 0}, {"logView": true, "lang": "en", "createdAt": 1292347995, "agreeCount": 1, "likes": {"groups": [{"items": [{"gender": "female", "id": "87078305", "photo": {"prefix": "https://igx.4sqi.net/img/user/", "default": true, "suffix": "/blank_girl.png"}, "firstName": "Eunice", "lastName": "Koh"}], "count": 1, "type": "others"}], "summary": "1 like", "count": 1}, "id": "4d07aa5b37036dcbeef422fb", "text": "Everything was great except for the servers.", "type": "user", "user": {"gender": "female", "id": "4141836", "photo": {"prefix": "https://igx.4sqi.net/img/user/", "suffix": "/3PBU2XAWHLMXLDGN.jpg"}, "firstName": "Angel", "lastName": "Souza"}, "canonicalUrl": "https://foursquare.com/item/4d07aa5b37036dcbeef422fb", "todo": {"count": 0}, "disagreeCount": 0}, {"logView": true, "lang": "en", "createdAt": 1422772479, "agreeCount": 0, "todo": {"count": 0}, "photo": {"id": "54cdc90111d28d30a59c51a9", "visibility": "public", "source": {"name": "Foursquare Web", "url": "https://foursquare.com"}, "suffix": "/52945906_aSRDFdzLrIZMvuJvApwpSzyFxrJ93gffNqyeMJlKKSk.jpg", "createdAt": 1422772481, "prefix": "https://igx.4sqi.net/img/general/", "width": 599, "height": 399}, "likes": {"groups": [], "count": 0}, "id": "54cdc8ff498ea56e3805a265", "text": "Food are quite good, and great for value, especially the egg custard and dessert. The interior is not that formal as i expected - good for a casual lunch. While service is good but not that high-end.", "disagreeCount": 0, "url": "http://missneverfull.com/?p=3573", "user": {"gender": "none", "id": "52945906", "photo": {"prefix": "https://igx.4sqi.net/img/user/", "suffix": "/52945906-OA0G4EBLIPZAMK1C.jpg"}, "firstName": "melody", "lastName": "ju"}, "canonicalUrl": "https://foursquare.com/item/54cdc8ff498ea56e3805a265", "type": "user", "photourl": "https://igx.4sqi.net/img/general/original/52945906_aSRDFdzLrIZMvuJvApwpSzyFxrJ93gffNqyeMJlKKSk.jpg"}, {"authorInteractionType": "liked", "logView": true, "lang": "en", "photo": {"id": "5427030c11d216688b127f0d", "visibility": "public", "source": {"name": "Foursquare for iOS", "url": "https://foursquare.com/download/#/iphone"}, "suffix": "/67490872_ye8GwQ_wMxnLuhE5qOYZmVahgEXDwGvrzkQ-qEKOGbU.jpg", "createdAt": 1411842828, "prefix": "https://igx.4sqi.net/img/general/", "width": 720, "height": 720}, "createdAt": 1411842826, "todo": {"count": 0}, "agreeCount": 0, "likes": {"groups": [], "count": 0}, "id": "5427030a498e443c95e2dea5", "text": "Still rocking it ! Affordable set lunches / appetizing choices for 3 courses lunch and  I'm loving the puffy pear tart with bailey's ice cream! Oh and their fresh warm tasty bread served., yummy !!", "disagreeCount": 0, "user": {"gender": "female", "id": "67490872", "photo": {"prefix": "https://igx.4sqi.net/img/user/", "suffix": "/67490872-UFWLI45BGSJZFN40.jpg"}, "firstName": "Eileen", "lastName": "Lin"}, "canonicalUrl": "https://foursquare.com/item/5427030a498e443c95e2dea5", "type": "user", "photourl": "https://igx.4sqi.net/img/general/original/67490872_ye8GwQ_wMxnLuhE5qOYZmVahgEXDwGvrzkQ-qEKOGbU.jpg"}, {"authorInteractionType": "meh", "logView": true, "lang": "en", "createdAt": 1480419399, "agreeCount": 0, "likes": {"groups": [], "count": 0}, "id": "583d68472896a2502e848bfe", "text": "The appetisers was good but the local duck leg was a bit salty thou. As for the service the young Caucasian lady was very nice and smiley but the Chinese lady (probably manager) wasn't as friendly!", "type": "user", "user": {"gender": "none", "id": "12652885", "photo": {"prefix": "https://igx.4sqi.net/img/user/", "suffix": "/12652885-2OYLQATVHBAAZ1PC.jpg"}, "firstName": "M", "lastName": "S"}, "canonicalUrl": "https://foursquare.com/item/583d68472896a2502e848bfe", "todo": {"count": 0}, "disagreeCount": 0}, {"logView": true, "lang": "en", "createdAt": 1322452130, "agreeCount": 1, "likes": {"groups": [{"items": [{"gender": "male", "id": "1339539", "photo": {"prefix": "https://igx.4sqi.net/img/user/", "suffix": "/1339539-AIRJPNFKHLZSMUDJ.jpg"}, "firstName": "Ian", "lastName": "Thomtori"}], "count": 1, "type": "others"}], "summary": "1 like", "count": 1}, "id": "4ed304a229c223f92c027f24", "text": "Try the chilean seabass and the scallop for appetisers! The complimentary bread is great as well!", "type": "user", "user": {"gender": "male", "id": "5249236", "photo": {"prefix": "https://igx.4sqi.net/img/user/", "suffix": "/ONWY3X2EJDWHTNZ2.jpg"}, "firstName": "Fei", "lastName": "Zhu"}, "canonicalUrl": "https://foursquare.com/item/4ed304a229c223f92c027f24", "todo": {"count": 1}, "disagreeCount": 0}, {"authorInteractionType": "liked", "logView": true, "lang": "en", "createdAt": 1427591826, "agreeCount": 0, "likes": {"groups": [], "count": 0}, "id": "55175292498ea644827806b6", "text": "Still great even after change of management in 2014. Must eat the foie gras with egg.", "type": "user", "user": {"gender": "female", "id": "261779", "photo": {"prefix": "https://igx.4sqi.net/img/user/", "suffix": "/261779_42P9RXDn_kszHnn2769y0o3BJDWkaM5ougBte7Jc0lg8xk7IQoAlC5YVB4m0kVhjySgJKHtiZ.jpg"}, "firstName": "Si\u00e2n", "lastName": "Ng"}, "canonicalUrl": "https://foursquare.com/item/55175292498ea644827806b6", "todo": {"count": 0}, "disagreeCount": 0}, {"logView": true, "lang": "en", "createdAt": 1395405330, "agreeCount": 0, "likes": {"groups": [], "count": 0}, "id": "532c3212498e46234d4f955e", "text": "The Foie Gras is heavenly.", "type": "user", "user": {"gender": "female", "id": "30546051", "photo": {"prefix": "https://igx.4sqi.net/img/user/", "suffix": "/30546051-5VLJ15J1NQ1CB4TE.jpg"}, "firstName": "Rachel", "lastName": "Yap"}, "canonicalUrl": "https://foursquare.com/item/532c3212498e46234d4f955e", "todo": {"count": 0}, "disagreeCount": 0}, {"authorInteractionType": "liked", "logView": true, "lang": "en", "photo": {"id": "55ba2575498e67b4e385d841", "visibility": "public", "source": {"name": "Foursquare for iOS", "url": "https://foursquare.com/download/#/iphone"}, "suffix": "/45823169_KFHWoYyFAkp_Lqj6lc7fidjIkNpNKqPbz0hKXLFfGMs.jpg", "createdAt": 1438262645, "prefix": "https://igx.4sqi.net/img/general/", "width": 1440, "height": 1920}, "createdAt": 1438262621, "todo": {"count": 0}, "agreeCount": 0, "likes": {"groups": [], "count": 0}, "id": "55ba255d498e341bc6573f68", "text": "The #barramundi was delicious!", "disagreeCount": 0, "user": {"gender": "female", "id": "45823169", "photo": {"prefix": "https://igx.4sqi.net/img/user/", "suffix": "/45823169-1JF3PWLSLJMFHWRA.jpg"}, "firstName": "Loes", "lastName": "Kooijmans"}, "canonicalUrl": "https://foursquare.com/item/55ba255d498e341bc6573f68", "type": "user", "photourl": "https://igx.4sqi.net/img/general/original/45823169_KFHWoYyFAkp_Lqj6lc7fidjIkNpNKqPbz0hKXLFfGMs.jpg"}, {"authorInteractionType": "liked", "logView": true, "lang": "en", "createdAt": 1384180521, "agreeCount": 0, "likes": {"groups": [], "count": 0}, "id": "5280eb2911d2e85b650b42ae", "text": "Book early! Chilean seabass is simply to die for", "type": "user", "user": {"gender": "female", "id": "61946420", "photo": {"prefix": "https://igx.4sqi.net/img/user/", "default": true, "suffix": "/blank_girl.png"}, "firstName": "Jody", "lastName": "Yoong"}, "canonicalUrl": "https://foursquare.com/item/5280eb2911d2e85b650b42ae", "todo": {"count": 0}, "disagreeCount": 0}, {"authorInteractionType": "liked", "logView": true, "lang": "en", "photo": {"id": "57d2636ccd10c6dbec9fb58e", "visibility": "public", "source": {"name": "Swarm for iOS", "url": "https://www.swarmapp.com"}, "suffix": "/55390456_yxIMwrxZadUNQTeIGh4ar-o5w_YAc3F8UC5G8-CeQp8.jpg", "createdAt": 1473405804, "prefix": "https://igx.4sqi.net/img/general/", "width": 1440, "height": 1920}, "createdAt": 1473405804, "todo": {"count": 0}, "agreeCount": 0, "likes": {"groups": [], "count": 0}, "id": "57d2636ccd10c6dbec9fb58f", "text": "With a young Singapore chef helming the kitchen, the marketplace concept menu has a fusion vibe. Food is average. The most interesting taste is the tiger beer sorbet, Lap Cheong pineapple dessert.", "disagreeCount": 0, "user": {"id": "55390456", "photo": {"prefix": "https://igx.4sqi.net/img/user/", "suffix": "/55390456_xjGWfjYZ_UAMBNliBjCxql6WleMj7JVZzY9y3t2_6WtR-3ecn7WlfLcMpWqn7tIYj_11T_fb-.jpg"}, "firstName": "Ting", "gender": "female"}, "canonicalUrl": "https://foursquare.com/item/57d2636ccd10c6dbec9fb58f", "type": "user", "photourl": "https://igx.4sqi.net/img/general/original/55390456_yxIMwrxZadUNQTeIGh4ar-o5w_YAc3F8UC5G8-CeQp8.jpg"}, {"logView": true, "lang": "en", "createdAt": 1471599762, "agreeCount": 0, "todo": {"count": 0}, "photo": {"id": "57b6d494498ec1f79400dd2b", "visibility": "public", "source": {"name": "Foursquare for iOS", "url": "https://foursquare.com/download/#/iphone"}, "suffix": "/5503229_dfGz1fLz-UI-R5lT6Et6MM3V2Cj9OeKy3hSNUHyc8fs.jpg", "createdAt": 1471599764, "prefix": "https://igx.4sqi.net/img/general/", "width": 1920, "height": 1280}, "likes": {"groups": [], "count": 0}, "id": "57b6d492498e00257dbee12d", "text": "The ebi Angel hair! Get $10 off your bill when you pay with your VISA card.  Minimum spend of $30 to redeem. Must make reservations from this page > http://goo.gl/bf4Ec1", "entities": [{"indices": [149, 169], "type": "url", "object": {"url": "http://goo.gl/bf4Ec1"}}], "disagreeCount": 0, "user": {"gender": "male", "id": "5503229", "photo": {"prefix": "https://igx.4sqi.net/img/user/", "suffix": "/S122E551N5ROTNSL.jpg"}, "firstName": "Daniel", "lastName": "Ang"}, "canonicalUrl": "https://foursquare.com/item/57b6d492498e00257dbee12d", "type": "user", "photourl": "https://igx.4sqi.net/img/general/original/5503229_dfGz1fLz-UI-R5lT6Et6MM3V2Cj9OeKy3hSNUHyc8fs.jpg"}, {"logView": true, "lang": "en", "createdAt": 1374040678, "agreeCount": 0, "likes": {"groups": [], "count": 0}, "id": "51e63266498e2fbe56e16c35", "text": "Fine dining rocks!", "type": "user", "user": {"id": "5150457", "photo": {"prefix": "https://igx.4sqi.net/img/user/", "suffix": "/A45BMKOTOO2OVH0O.jpg"}, "firstName": "Wenxi", "gender": "none"}, "canonicalUrl": "https://foursquare.com/item/51e63266498e2fbe56e16c35", "todo": {"count": 0}, "disagreeCount": 0}, {"logView": true, "lang": "en", "createdAt": 1288804219, "todo": {"count": 2}, "agreeCount": 1, "likes": {"groups": [{"items": [{"gender": "male", "id": "5233072", "photo": {"prefix": "https://igx.4sqi.net/img/user/", "suffix": "/5233072-5FJ3NRT03TGMJA4O.jpg"}, "firstName": "Helmi", "lastName": "S."}], "count": 6, "type": "others"}], "summary": "6 likes", "count": 6}, "id": "4cd1977bbcab9521d5f53915", "text": "Try the $39.50++ 3-course set lunch. See pics and review at http://sparklette.net/food/restaurant-ember/", "entities": [{"indices": [60, 104], "type": "url", "object": {"url": "http://sparklette.net/food/restaurant-ember/"}}], "disagreeCount": 0, "url": "http://sparklette.net/food/restaurant-ember/", "user": {"id": "286427", "photo": {"prefix": "https://igx.4sqi.net/img/user/", "suffix": "/BQODELOYU34CMCTJ.jpg"}, "firstName": "Veron @ Sparklette.net", "gender": "female"}, "canonicalUrl": "https://foursquare.com/item/4cd1977bbcab9521d5f53915", "type": "user"}, {"logView": true, "lang": "en", "createdAt": 1487849369, "todo": {"count": 0}, "agreeCount": 1, "likes": {"groups": [], "count": 0}, "lastVoteText": "Upvoted May 5", "id": "58aec799e309e150018099f7", "text": "It is closed down!", "disagreeCount": 0, "lastUpvoteTimestamp": 1493974482, "user": {"gender": "male", "id": "68865239", "photo": {"prefix": "https://igx.4sqi.net/img/user/", "suffix": "/VUDESMNORKFO12UR.jpg"}, "firstName": "Thomas", "lastName": "Pun"}, "canonicalUrl": "https://foursquare.com/item/58aec799e309e150018099f7", "type": "user"}, {"logView": true, "lang": "en", "createdAt": 1495900550, "agreeCount": 0, "likes": {"groups": [], "count": 0}, "id": "5929a186da708013b3b8ae16", "text": "Restaurant is permanently closed for good.", "type": "user", "user": {"gender": "male", "id": "3855652", "photo": {"prefix": "https://igx.4sqi.net/img/user/", "suffix": "/LBUYMANPEAFDXZ4F.jpg"}, "firstName": "Adrian", "lastName": "Tan"}, "canonicalUrl": "https://foursquare.com/item/5929a186da708013b3b8ae16", "todo": {"count": 0}, "disagreeCount": 0}, {"logView": true, "lang": "en", "createdAt": 1464190062, "agreeCount": 0, "likes": {"groups": [], "count": 0}, "id": "5745c46e498e2dd2300bfd8c", "text": "Noted as 1 of the 10 best Singapore restaurants, as picked by local foodies. Source: HerWorld magazine, March 2015", "type": "user", "user": {"gender": "male", "id": "231366", "photo": {"prefix": "https://igx.4sqi.net/img/user/", "suffix": "/231366-Q2ZSAEF50GYUXPDA.jpg"}, "firstName": "Cheen", "lastName": "The Curious"}, "canonicalUrl": "https://foursquare.com/item/5745c46e498e2dd2300bfd8c", "todo": {"count": 0}, "disagreeCount": 0}, {"logView": true, "lang": "en", "createdAt": 1315273293, "agreeCount": 0, "likes": {"groups": [], "count": 0}, "id": "4e657a4d1838ad3d101eb42c", "text": "One of the staff, a matured lady is awesome. Great customer service and she is local. Thank god", "type": "user", "user": {"id": "1116409", "photo": {"prefix": "https://igx.4sqi.net/img/user/", "suffix": "/1116409-GMHOZK1SAANS131P.jpg"}, "firstName": "Fai Jinda", "gender": "female"}, "canonicalUrl": "https://foursquare.com/item/4e657a4d1838ad3d101eb42c", "todo": {"count": 0}, "disagreeCount": 0}, {"logView": true, "lang": "en", "createdAt": 1279514147, "agreeCount": 0, "likes": {"groups": [], "count": 0}, "id": "4c43d623f97fbe9a3471ba30", "text": "Try the pork belly or duck leg. Delicious!", "type": "user", "user": {"gender": "male", "id": "826503", "photo": {"prefix": "https://igx.4sqi.net/img/user/", "suffix": "/LUKQAHHLD1YWPN1T.gif"}, "firstName": "alan", "lastName": "t"}, "canonicalUrl": "https://foursquare.com/item/4c43d623f97fbe9a3471ba30", "todo": {"count": 3}, "disagreeCount": 0}, {"authorInteractionType": "liked", "logView": true, "lang": "en", "createdAt": 1434163122, "agreeCount": 0, "likes": {"groups": [], "count": 0}, "id": "557b97b2498e0446c4dc0408", "text": "If u are ordering the set dinner, go for the foie gras, soft boiled eggs with unagi and truffle sauce!", "type": "user", "user": {"gender": "female", "id": "129491502", "photo": {"prefix": "https://igx.4sqi.net/img/user/", "suffix": "/129491502-JUY23AGYKIQJ1USY.jpg"}, "firstName": "Celine", "lastName": "Ong"}, "canonicalUrl": "https://foursquare.com/item/557b97b2498e0446c4dc0408", "todo": {"count": 0}, "disagreeCount": 0}, {"logView": true, "lang": "en", "createdAt": 1318482028, "agreeCount": 0, "likes": {"groups": [], "count": 0}, "id": "4e96706c775b4d502913bbc3", "text": "The set lunch is not too bad.", "type": "user", "user": {"gender": "female", "id": "14626637", "photo": {"prefix": "https://igx.4sqi.net/img/user/", "suffix": "/XIU21XU3AADXART5.jpg"}, "firstName": "Michelle", "lastName": "Lee"}, "canonicalUrl": "https://foursquare.com/item/4e96706c775b4d502913bbc3", "todo": {"count": 0}, "disagreeCount": 0}, {"authorInteractionType": "liked", "logView": true, "lang": "en", "createdAt": 1438961540, "agreeCount": 0, "likes": {"groups": [], "count": 0}, "id": "55c4cf84498e93020b27fec5", "text": "It's not the same Ember under Seb, but the new chef does a good job creating new renditions of some of the old dishes. His own creations are really quite good. Keep an open mind & enjoy!", "type": "user", "user": {"gender": "male", "id": "65452571", "photo": {"prefix": "https://igx.4sqi.net/img/user/", "suffix": "/65452571-JYFGYNW02QVDB54L.jpg"}, "firstName": "Andrew", "lastName": "C."}, "canonicalUrl": "https://foursquare.com/item/55c4cf84498e93020b27fec5", "todo": {"count": 0}, "disagreeCount": 0}, {"logView": true, "lang": "en", "createdAt": 1335181878, "agreeCount": 0, "likes": {"groups": [], "count": 0}, "id": "4f954236e4b01970bd21194c", "text": "Mushroom truffle soup! That's a must! Chef's table is worth trying too! :)", "type": "user", "user": {"gender": "female", "id": "7006933", "photo": {"prefix": "https://igx.4sqi.net/img/user/", "suffix": "/E1RKFD12PJX1RBY1.jpg"}, "firstName": "Natalie", "lastName": "Seah"}, "canonicalUrl": "https://foursquare.com/item/4f954236e4b01970bd21194c", "todo": {"count": 0}, "disagreeCount": 0}, {"logView": true, "lang": "en", "createdAt": 1340351447, "agreeCount": 1, "likes": {"groups": [{"items": [{"gender": "male", "id": "1339539", "photo": {"prefix": "https://igx.4sqi.net/img/user/", "suffix": "/1339539-AIRJPNFKHLZSMUDJ.jpg"}, "firstName": "Ian", "lastName": "Thomtori"}], "count": 1, "type": "others"}], "summary": "1 like", "count": 1}, "id": "4fe423d7e4b0d43f1f8f5663", "text": "Mirin Shoyu Foie Gras is superb. Standard the same day in day out. Try the Chilean Seabass and Cod dish. Seafood linguine is also out of this world. Lunch hour is usually full house. Book in advance.", "type": "user", "user": {"id": "30051804", "photo": {"prefix": "https://igx.4sqi.net/img/user/", "suffix": "/FAVDE5MC2IUBFTVB.jpg"}, "firstName": "Cayden", "gender": "male"}, "canonicalUrl": "https://foursquare.com/item/4fe423d7e4b0d43f1f8f5663", "todo": {"count": 1}, "disagreeCount": 0}, {"authorInteractionType": "liked", "logView": true, "lang": "en", "createdAt": 1446982946, "agreeCount": 0, "likes": {"groups": [], "count": 0}, "id": "563f3522cd100e587b8d414b", "text": "the food is excellent and very good value for money; we had carpaccio, short rips and the lamb", "type": "user", "user": {"gender": "male", "id": "699736", "photo": {"prefix": "https://igx.4sqi.net/img/user/", "suffix": "/JUD4AFPRHXRXGH0X.jpg"}, "firstName": "Tim", "lastName": "Wieringa"}, "canonicalUrl": "https://foursquare.com/item/563f3522cd100e587b8d414b", "todo": {"count": 0}, "disagreeCount": 0}, {"logView": true, "lang": "en", "createdAt": 1420176043, "agreeCount": 0, "likes": {"groups": [], "count": 0}, "id": "54a62aab498e4fc49e8cbe05", "text": "Fine dining - YES, Nice food - Not really", "type": "user", "user": {"gender": "male", "id": "102126017", "photo": {"prefix": "https://igx.4sqi.net/img/user/", "suffix": "/102126017-2J2AAEQLAD3YDJJ3.jpg"}, "firstName": "Choo Yao Chuen", "lastName": "Yao Chuen"}, "canonicalUrl": "https://foursquare.com/item/54a62aab498e4fc49e8cbe05", "todo": {"count": 0}, "disagreeCount": 0}], "count": 27}}}