{"meta": {"code": 200, "requestId": "595a4ac31ed21919fb4485fb"}, "response": {"tips": {"items": [{"logView": true, "lang": "en", "createdAt": 1262519425, "agreeCount": 0, "likes": {"groups": [], "count": 0}, "id": "4b40848170c603bbd1bf8fb4", "text": "10 ounces of delicious mouth watering Wagyu beef!", "type": "user", "user": {"gender": "male", "id": "135212", "photo": {"prefix": "https://igx.4sqi.net/img/user/", "suffix": "/N2NZBJY4VDGCO0PB.jpg"}, "firstName": "Patrick", "lastName": "Lee"}, "canonicalUrl": "https://foursquare.com/item/4b40848170c603bbd1bf8fb4", "todo": {"count": 0}, "disagreeCount": 0}, {"logView": true, "lang": "en", "createdAt": 1316277077, "agreeCount": 0, "likes": {"groups": [], "count": 0}, "id": "4e74cb55aeb780be09eb4018", "text": "The UOB $128 for 2 degustation menu is definitely worth it. Remember to ask for medium rare if you prefer a juicier steak. Medium was rather dry.", "type": "user", "user": {"gender": "female", "id": "3019612", "photo": {"prefix": "https://igx.4sqi.net/img/user/", "suffix": "/WXYJRG4ZNWRAEG4E.jpg"}, "firstName": "Fiona", "lastName": "\ud83d\udcf7"}, "canonicalUrl": "https://foursquare.com/item/4e74cb55aeb780be09eb4018", "todo": {"count": 0}, "disagreeCount": 0}, {"logView": true, "lang": "tr", "createdAt": 1378903333, "agreeCount": 6, "likes": {"groups": [{"items": [{"gender": "female", "id": "20307627", "photo": {"prefix": "https://igx.4sqi.net/img/user/", "suffix": "/20307627-VAANPN1SIW51UPPT.jpg"}, "firstName": "Burcu", "lastName": "Azra Sa\u011f"}, {"id": "52592276", "photo": {"prefix": "https://igx.4sqi.net/img/user/", "suffix": "/52592276-FMRMOMDMQONVAWQK.jpg"}, "firstName": "Exchange", "gender": "male"}, {"gender": "none", "id": "76642112", "photo": {"prefix": "https://igx.4sqi.net/img/user/", "suffix": "/76642112-DRO404L13PXVFMMI.jpg"}, "firstName": "HAKAN", "lastName": "HAKAN"}, {"gender": "male", "id": "59070997", "photo": {"prefix": "https://igx.4sqi.net/img/user/", "suffix": "/59070997_BzYZcng8_T5-1FMJ5Ie5wpS_vR5hOG3PjX5i3ffmvNX2h8pw8fwhjLxx_s3johLxtReb9OW4j.jpg"}, "firstName": "\u0130brahim", "lastName": "Do\u011fan"}], "count": 6, "type": "others"}], "summary": "6 likes", "count": 6}, "id": "5230652511d2ebe21c339061", "text": "Lezzetler muhte\u015fem & servis 10 numara  \ud83d\udc4f\ud83d\udc4f\ud83d\udc4f", "type": "user", "user": {"gender": "female", "id": "20307627", "photo": {"prefix": "https://igx.4sqi.net/img/user/", "suffix": "/20307627-VAANPN1SIW51UPPT.jpg"}, "firstName": "Burcu", "lastName": "Azra Sa\u011f"}, "canonicalUrl": "https://foursquare.com/item/5230652511d2ebe21c339061", "todo": {"count": 0}, "disagreeCount": 0}, {"logView": true, "lang": "en", "createdAt": 1402646580, "agreeCount": 0, "likes": {"groups": [], "count": 0}, "id": "539ab034498e2b9c96ca57a8", "text": "The Big On Small deal is not bad! Try the angelhair pasta, lobster bisque and tenderloinsn", "type": "user", "user": {"gender": "female", "id": "11367581", "photo": {"prefix": "https://igx.4sqi.net/img/user/", "suffix": "/LAZJLFLBAFDJ5QM2.jpg"}, "firstName": "Su", "lastName": "Cheng"}, "canonicalUrl": "https://foursquare.com/item/539ab034498e2b9c96ca57a8", "todo": {"count": 0}, "disagreeCount": 0}, {"authorInteractionType": "liked", "logView": true, "lang": "en", "photo": {"id": "58b2cc120b56561d829d9940", "visibility": "public", "source": {"name": "Foursquare for Android", "url": "https://foursquare.com/download/#/android"}, "suffix": "/99539465_L8nIjK6h5mXztTFsSU8S-WAkD2IvngGh6BmORxXt_EY.jpg", "createdAt": 1488112658, "prefix": "https://igx.4sqi.net/img/general/", "width": 2048, "height": 1152}, "createdAt": 1488112657, "todo": {"count": 0}, "agreeCount": 0, "likes": {"groups": [], "count": 0}, "id": "58b2cc112eb979336d578cb2", "text": "Impeccable service, great steaks and to die for sherry trifle!", "disagreeCount": 0, "user": {"gender": "male", "id": "99539465", "photo": {"prefix": "https://igx.4sqi.net/img/user/", "suffix": "/99539465-X1OOOUWVHC5VCIQ2.jpg"}, "firstName": "Lee", "lastName": "Soon Guan"}, "canonicalUrl": "https://foursquare.com/item/58b2cc112eb979336d578cb2", "type": "user", "photourl": "https://igx.4sqi.net/img/general/original/99539465_L8nIjK6h5mXztTFsSU8S-WAkD2IvngGh6BmORxXt_EY.jpg"}, {"authorInteractionType": "liked", "logView": true, "lang": "en", "createdAt": 1464442622, "agreeCount": 0, "likes": {"groups": [], "count": 0}, "id": "57499efe498e080f0b60674f", "text": "One of my favorite restaurant. Been at Goodwood Park hotel for the longest time. Excellent service. Great steaks & wines. Trifle desert is superb. Pricey but worth it!", "type": "user", "user": {"gender": "male", "id": "99539465", "photo": {"prefix": "https://igx.4sqi.net/img/user/", "suffix": "/99539465-X1OOOUWVHC5VCIQ2.jpg"}, "firstName": "Lee", "lastName": "Soon Guan"}, "canonicalUrl": "https://foursquare.com/item/57499efe498e080f0b60674f", "todo": {"count": 0}, "disagreeCount": 0}, {"logView": true, "lang": "en", "createdAt": 1271956463, "agreeCount": 0, "likes": {"groups": [], "count": 0}, "id": "4bd083ef70c603bbdacc98b4", "text": "One Word: Degusation.", "type": "user", "user": {"gender": "female", "id": "647450", "photo": {"prefix": "https://igx.4sqi.net/img/user/", "suffix": "/JADDYFQUX5EGN1GA.jpg"}, "firstName": "Amanda", "lastName": "Tan"}, "canonicalUrl": "https://foursquare.com/item/4bd083ef70c603bbdacc98b4", "todo": {"count": 0}, "disagreeCount": 0}, {"logView": true, "lang": "en", "createdAt": 1283086470, "agreeCount": 0, "likes": {"groups": [], "count": 0}, "id": "4c7a5886a8683704e455134d", "text": "The UOB chef's 5-course degustation special is a must have. The total food amount is in a suitable portion for all, and the wagyu beef is particularly commendable. An extremely worthwhile deal.", "type": "user", "user": {"gender": "female", "id": "1144286", "photo": {"prefix": "https://igx.4sqi.net/img/user/", "suffix": "/2LZA2BDGFK0LXOJ2.jpg"}, "firstName": "Char-Maine", "lastName": "Tan"}, "canonicalUrl": "https://foursquare.com/item/4c7a5886a8683704e455134d", "todo": {"count": 1}, "disagreeCount": 0}], "count": 8}}}