{"meta": {"code": 200, "requestId": "595a48311ed21919fc9e023a"}, "response": {"tips": {"items": [{"logView": true, "lang": "en", "createdAt": 1328974980, "agreeCount": 0, "likes": {"groups": [], "count": 0}, "id": "4f368c84e4b0571dc678ac72", "text": "Open for late night eating on a Friday and Saturday night.", "type": "user", "user": {"gender": "male", "id": "1259068", "photo": {"prefix": "https://igx.4sqi.net/img/user/", "suffix": "/ZPQGXZC2YYEGPPU4.jpg"}, "firstName": "James", "lastName": "S."}, "canonicalUrl": "https://foursquare.com/item/4f368c84e4b0571dc678ac72", "todo": {"count": 0}, "disagreeCount": 0}, {"logView": true, "lang": "en", "createdAt": 1407651332, "agreeCount": 0, "likes": {"groups": [], "count": 0}, "id": "53e70e04498e2f49d9d00977", "text": "Dined here with my family and wasn't impressed. Had to wait 15 mins for someone to take our order. When the food finally came (30-40mins), it was bland and nothing that would compel me to visit again.", "type": "user", "user": {"id": "8143872", "photo": {"prefix": "https://igx.4sqi.net/img/user/", "suffix": "/8143872-1Q4YTJVQEIJFRYL0.jpg"}, "firstName": "Nik", "gender": "male"}, "canonicalUrl": "https://foursquare.com/item/53e70e04498e2f49d9d00977", "todo": {"count": 0}, "disagreeCount": 0}, {"logView": true, "lang": "en", "photo": {"id": "54defc53498ed89c3f37f0b9", "visibility": "public", "source": {"name": "Foursquare for Android", "url": "https://foursquare.com/download/#/android"}, "suffix": "/4446342_m7prvVaiyFm_X44Ag1z9Yq41HIsBopiDTjtvOFkriOg.jpg", "createdAt": 1423899731, "prefix": "https://igx.4sqi.net/img/general/", "width": 960, "height": 1280}, "createdAt": 1423899728, "todo": {"count": 0}, "agreeCount": 0, "likes": {"groups": [], "count": 0}, "id": "54defc50498e2039db75f2cc", "text": "Service needs improvement .their grilled options r delectable!Grilled prawn n fish fillet n mixed meat combo fantastic ! Cosy plx for Lebanese meal !baklawah dessert r explosive.not enough with 4pcs", "disagreeCount": 0, "user": {"id": "4446342", "photo": {"prefix": "https://igx.4sqi.net/img/user/", "suffix": "/4446342-HQQKDORF0SWS4QOQ.jpg"}, "firstName": "Lavin", "gender": "female"}, "canonicalUrl": "https://foursquare.com/item/54defc50498e2039db75f2cc", "type": "user", "photourl": "https://igx.4sqi.net/img/general/original/4446342_m7prvVaiyFm_X44Ag1z9Yq41HIsBopiDTjtvOFkriOg.jpg"}, {"logView": true, "lang": "en", "createdAt": 1397561113, "agreeCount": 0, "likes": {"groups": [], "count": 0}, "id": "534d171911d21c8aa7854796", "text": "Horrible service! Ordered delivery for $60 and the portion was horrifically small that I thought they delivered the wrong order. Never will I eat or order from there again! Save your money!", "type": "user", "user": {"gender": "female", "id": "68511875", "photo": {"prefix": "https://igx.4sqi.net/img/user/", "default": true, "suffix": "/blank_girl.png"}, "firstName": "Z", "lastName": "M"}, "canonicalUrl": "https://foursquare.com/item/534d171911d21c8aa7854796", "todo": {"count": 0}, "disagreeCount": 0}, {"logView": true, "lang": "en", "createdAt": 1285934654, "agreeCount": 0, "likes": {"groups": [{"items": [], "count": 1, "type": "others"}], "summary": "1 like", "count": 1}, "id": "4ca5ce3e14c33704be11b93b", "text": "Try the Halloumi grilled cheese. Fantastic!", "type": "user", "user": {"gender": "male", "id": "194517", "photo": {"prefix": "https://igx.4sqi.net/img/user/", "suffix": "/QOGVFMRHNRHMQV5A.png"}, "firstName": "Joel", "lastName": "Pan"}, "canonicalUrl": "https://foursquare.com/item/4ca5ce3e14c33704be11b93b", "todo": {"count": 1}, "disagreeCount": 0}, {"logView": true, "lang": "en", "createdAt": 1288882519, "agreeCount": 0, "likes": {"groups": [{"items": [], "count": 1, "type": "others"}], "summary": "1 like", "count": 1}, "id": "4cd2c957d5d7a1cd30327a66", "text": "Good hommos! Must try.", "type": "user", "user": {"gender": "female", "id": "4262347", "photo": {"prefix": "https://igx.4sqi.net/img/user/", "suffix": "/4262347-OWLCZBZXRNUMVIAH.jpg"}, "firstName": "Aiza", "lastName": "Alexandra"}, "canonicalUrl": "https://foursquare.com/item/4cd2c957d5d7a1cd30327a66", "todo": {"count": 0}, "disagreeCount": 0}, {"logView": true, "lang": "en", "createdAt": 1297678098, "agreeCount": 1, "likes": {"groups": [{"items": [{"gender": "male", "id": "47309204", "photo": {"prefix": "https://igx.4sqi.net/img/user/", "suffix": "/47309204-BLLPWEY1SAZ33SHY.jpg"}, "firstName": "Ganesh", "lastName": "Ramakrishnan"}], "count": 1, "type": "others"}], "summary": "1 like", "count": 1}, "id": "4d58ff12f8ff236a0025c64a", "text": "By far the best Lebanese restaurant in Singapore. Try the Kebbeh Nayeh only place that serves this wonderful dish. 5 stars", "type": "user", "user": {"gender": "male", "id": "6622856", "photo": {"prefix": "https://igx.4sqi.net/img/user/", "suffix": "/PIJDPKJLDPFKZCH4.jpg"}, "firstName": "Francis", "lastName": "Higgins"}, "canonicalUrl": "https://foursquare.com/item/4d58ff12f8ff236a0025c64a", "todo": {"count": 0}, "disagreeCount": 0}, {"logView": true, "lang": "en", "createdAt": 1270258988, "agreeCount": 0, "likes": {"groups": [{"items": [], "count": 2, "type": "others"}], "summary": "2 likes", "count": 2}, "id": "4bb69d2c70c603bbf39096b4", "text": "Great fresh pita. Good mixed kabab grill.", "type": "user", "user": {"gender": "male", "id": "745282", "photo": {"prefix": "https://igx.4sqi.net/img/user/", "default": true, "suffix": "/blank_boy.png"}, "firstName": "Rey", "lastName": "D'Silva"}, "canonicalUrl": "https://foursquare.com/item/4bb69d2c70c603bbf39096b4", "todo": {"count": 0}, "disagreeCount": 0}], "count": 8}}}