{"meta": {"code": 200, "requestId": "595a55096a60711438fd7969"}, "response": {"tips": {"items": [{"logView": true, "lang": "en", "createdAt": 1305313570, "agreeCount": 0, "likes": {"groups": [], "count": 0}, "id": "4dcd8122b3adb047f4ec6265", "text": "waiting for the the breakfast i'm hungry!!", "type": "user", "user": {"gender": "male", "id": "6386608", "photo": {"prefix": "https://igx.4sqi.net/img/user/", "suffix": "/KXCEX4CQINQEXRK2.jpg"}, "firstName": "Muhammad", "lastName": "Ramzi"}, "canonicalUrl": "https://foursquare.com/item/4dcd8122b3adb047f4ec6265", "todo": {"count": 0}, "disagreeCount": 0}, {"logView": true, "lang": "en", "createdAt": 1307018404, "agreeCount": 0, "likes": {"groups": [], "count": 0}, "id": "4de784a4887710a065b87798", "text": "A good place for slacking/chilling.", "type": "user", "user": {"id": "5011243", "photo": {"prefix": "https://igx.4sqi.net/img/user/", "suffix": "/U4KM5VLAJX15DQWR.jpg"}, "firstName": "Nique", "gender": "female"}, "canonicalUrl": "https://foursquare.com/item/4de784a4887710a065b87798", "todo": {"count": 1}, "disagreeCount": 0}, {"logView": true, "lang": "en", "createdAt": 1288507891, "agreeCount": 0, "likes": {"groups": [], "count": 0}, "id": "4ccd11f372106dcbeab0a099", "text": "What the heck. This place isn't even close to admiralty place", "type": "user", "user": {"gender": "male", "id": "1086909", "photo": {"prefix": "https://igx.4sqi.net/img/user/", "suffix": "/G3OE5TCXVBORKJ2V.jpg"}, "firstName": "Shahirwan", "lastName": "Gibraltar"}, "canonicalUrl": "https://foursquare.com/item/4ccd11f372106dcbeab0a099", "todo": {"count": 0}, "disagreeCount": 0}, {"logView": true, "lang": "en", "createdAt": 1414330757, "agreeCount": 0, "likes": {"groups": [], "count": 0}, "id": "544cf985498e032e66a2775f", "text": "I wish they had e Mac cafe here :(", "type": "user", "user": {"id": "25017101", "photo": {"prefix": "https://igx.4sqi.net/img/user/", "suffix": "/25017101-TOVCWONUNZQ5NCJD.jpg"}, "firstName": "yojirok111", "gender": "male"}, "canonicalUrl": "https://foursquare.com/item/544cf985498e032e66a2775f", "todo": {"count": 0}, "disagreeCount": 0}, {"logView": true, "lang": "en", "createdAt": 1312717925, "agreeCount": 0, "likes": {"groups": [], "count": 0}, "id": "4e3e7c6518a83d5b28523517", "text": "Time for fast food!", "type": "user", "user": {"id": "3856597", "photo": {"prefix": "https://igx.4sqi.net/img/user/", "suffix": "/D4NN1FWHPD5NIWLQ.jpg"}, "firstName": "Lee", "gender": "none"}, "canonicalUrl": "https://foursquare.com/item/4e3e7c6518a83d5b28523517", "todo": {"count": 0}, "disagreeCount": 0}, {"logView": true, "lang": "en", "createdAt": 1331914109, "agreeCount": 0, "likes": {"groups": [], "count": 0}, "id": "4f63657de4b08b476e5c27cb", "text": "cheeseburger take away . . .", "type": "user", "user": {"gender": "male", "id": "22687780", "photo": {"prefix": "https://igx.4sqi.net/img/user/", "suffix": "/I2GOLC1A2PUWKCNG.jpg"}, "firstName": "Jeff", "lastName": "Carlos"}, "canonicalUrl": "https://foursquare.com/item/4f63657de4b08b476e5c27cb", "todo": {"count": 0}, "disagreeCount": 0}, {"logView": true, "lang": "en", "createdAt": 1283957717, "agreeCount": 0, "likes": {"groups": [], "count": 0}, "id": "4c87a3d551ada1cda1864910", "text": "Any 1 care for a mac?? \ue105", "type": "user", "user": {"gender": "male", "id": "1533015", "photo": {"prefix": "https://igx.4sqi.net/img/user/", "suffix": "/QINTWYRSVXMLR21Q.jpg"}, "firstName": "freddy", "lastName": "poh"}, "canonicalUrl": "https://foursquare.com/item/4c87a3d551ada1cda1864910", "todo": {"count": 0}, "disagreeCount": 0}, {"logView": true, "lang": "en", "createdAt": 1305048637, "agreeCount": 0, "likes": {"groups": [], "count": 0}, "id": "4dc9763d1520c00c93cad68b", "text": "i eatting.....stomach abit hungry", "type": "user", "user": {"gender": "male", "id": "9345383", "photo": {"prefix": "https://igx.4sqi.net/img/user/", "suffix": "/2VP251VT1WECFSV4.jpg"}, "firstName": "ramdan", "lastName": "abdullah"}, "canonicalUrl": "https://foursquare.com/item/4dc9763d1520c00c93cad68b", "todo": {"count": 0}, "disagreeCount": 0}, {"logView": true, "lang": "en", "createdAt": 1292309113, "agreeCount": 0, "likes": {"groups": [], "count": 0}, "id": "4d0712799d33a14356f6c978", "text": "The samurai burger is a MUST try! Yummyyy!", "type": "user", "user": {"gender": "female", "id": "3434331", "photo": {"prefix": "https://igx.4sqi.net/img/user/", "suffix": "/EZCDOBFQCTCAXBID.jpg"}, "firstName": "Zakiah", "lastName": "Saberan"}, "canonicalUrl": "https://foursquare.com/item/4d0712799d33a14356f6c978", "todo": {"count": 0}, "disagreeCount": 0}, {"logView": true, "lang": "en", "createdAt": 1446025644, "agreeCount": 0, "likes": {"groups": [], "count": 0}, "id": "563099ac498ecaf6fcbc0588", "text": "waiting....", "type": "user", "user": {"gender": "male", "id": "22865644", "photo": {"prefix": "https://igx.4sqi.net/img/user/", "suffix": "/22865644_B1U-0tU9_aD-YHwoG1xD-tsZEGq16RGTl8k2NqpS6w1i_7m9JzlvsXIgeVxaq33VHqLwJKXvl.jpg"}, "firstName": "Ayeez", "lastName": "Dollah"}, "canonicalUrl": "https://foursquare.com/item/563099ac498ecaf6fcbc0588", "todo": {"count": 0}, "disagreeCount": 0}, {"logView": true, "lang": "en", "createdAt": 1296774758, "agreeCount": 0, "likes": {"groups": [], "count": 0}, "id": "4d4b366654c8a143fccf43be", "text": "It's almost impossible to find seats during weekends afternoons.", "type": "user", "user": {"gender": "male", "id": "6025393", "photo": {"prefix": "https://igx.4sqi.net/img/user/", "suffix": "/6025393_saegm2t3_u59apDqL4_BldcRe1F19_5LfwTfcsatzWiZLr0sovqs1OKjVm7hIAvf39Lnx1KaK.jpg"}, "firstName": "K", "lastName": "T"}, "canonicalUrl": "https://foursquare.com/item/4d4b366654c8a143fccf43be", "todo": {"count": 0}, "disagreeCount": 0}, {"logView": true, "lang": "en", "createdAt": 1366719934, "agreeCount": 1, "likes": {"groups": [{"items": [{"gender": "female", "id": "73127879", "photo": {"prefix": "https://igx.4sqi.net/img/user/", "default": true, "suffix": "/blank_girl.png"}, "firstName": "Crystabel", "lastName": "Lili\ud83d\ude0a"}], "count": 1, "type": "others"}], "summary": "1 like", "count": 1}, "id": "51767dbee4b0d425220033fd", "text": "I love sausage muffin for breakfast.", "type": "user", "user": {"gender": "female", "id": "5169369", "photo": {"prefix": "https://igx.4sqi.net/img/user/", "suffix": "/NULMA4AAJUPUJPPG.jpg"}, "firstName": "Yin", "lastName": "Lay"}, "canonicalUrl": "https://foursquare.com/item/51767dbee4b0d425220033fd", "todo": {"count": 0}, "disagreeCount": 0}, {"logView": true, "lang": "en", "createdAt": 1321224513, "agreeCount": 0, "likes": {"groups": [], "count": 0}, "id": "4ec0494193ad36d7a94c171e", "text": "Sausage Mcmuffin + Coffee/Tea is only for $2.50. Available only from Monday to Friday.", "type": "user", "user": {"gender": "male", "id": "2682841", "photo": {"prefix": "https://igx.4sqi.net/img/user/", "suffix": "/CG1X002P3AUUOQ1B.jpg"}, "firstName": "Hamzah", "lastName": "Kent"}, "canonicalUrl": "https://foursquare.com/item/4ec0494193ad36d7a94c171e", "todo": {"count": 0}, "disagreeCount": 0}, {"logView": true, "lang": "en", "createdAt": 1296642192, "agreeCount": 0, "likes": {"groups": [], "count": 0}, "id": "4d49309048a06dcb9d266ca2", "text": "Thier Mac food now is getting so worst.", "type": "user", "user": {"gender": "male", "id": "753714", "photo": {"prefix": "https://igx.4sqi.net/img/user/", "suffix": "/SR13FKTN1XAOYRLW.jpg"}, "firstName": "Peng", "lastName": "Pengpeng"}, "canonicalUrl": "https://foursquare.com/item/4d49309048a06dcb9d266ca2", "todo": {"count": 0}, "disagreeCount": 0}, {"logView": true, "lang": "en", "createdAt": 1331227269, "agreeCount": 1, "likes": {"groups": [{"items": [{"gender": "male", "id": "5106812", "photo": {"prefix": "https://igx.4sqi.net/img/user/", "suffix": "/5106812-PWHD44WOOXJ5SSHK.jpg"}, "firstName": "Absolute", "lastName": "Puppy"}], "count": 1, "type": "others"}], "summary": "1 like", "count": 1}, "id": "4f58ea85e4b01aa76ad0502e", "text": "True enuf staff at this mcdonald's sux they dnt hv e high class standard of service customers", "type": "user", "user": {"gender": "female", "id": "7298610", "photo": {"prefix": "https://igx.4sqi.net/img/user/", "suffix": "/7298610-FEKAWK41IRSQXFSO.jpg"}, "firstName": "Mummy", "lastName": "Manja"}, "canonicalUrl": "https://foursquare.com/item/4f58ea85e4b01aa76ad0502e", "todo": {"count": 0}, "disagreeCount": 0}, {"authorInteractionType": "liked", "logView": true, "lang": "en", "createdAt": 1402957719, "agreeCount": 0, "likes": {"groups": [], "count": 0}, "id": "539f6f9711d259cfe37bce69", "text": "Switch your muffin to wholegrain for free!", "type": "user", "user": {"gender": "male", "id": "297836", "photo": {"prefix": "https://igx.4sqi.net/img/user/", "suffix": "/297836-YZFEMZVFWBMJ22KV.jpg"}, "firstName": "Titus", "lastName": "Phoon"}, "canonicalUrl": "https://foursquare.com/item/539f6f9711d259cfe37bce69", "todo": {"count": 0}, "disagreeCount": 0}, {"logView": true, "lang": "en", "createdAt": 1311467567, "agreeCount": 0, "likes": {"groups": [], "count": 0}, "id": "4e2b682fc65bcaf4002f0702", "text": "Floor manager please do something about your staffs! Too much bad feedback! You are losing customers!", "type": "user", "user": {"id": "3856597", "photo": {"prefix": "https://igx.4sqi.net/img/user/", "suffix": "/D4NN1FWHPD5NIWLQ.jpg"}, "firstName": "Lee", "gender": "none"}, "canonicalUrl": "https://foursquare.com/item/4e2b682fc65bcaf4002f0702", "todo": {"count": 0}, "disagreeCount": 0}, {"logView": true, "lang": "en", "createdAt": 1326223217, "agreeCount": 0, "likes": {"groups": [], "count": 0}, "id": "4f0c8f71e4b02663a04e5629", "text": "God's food? Mc'spicy!", "type": "user", "user": {"gender": "male", "id": "14566286", "photo": {"prefix": "https://igx.4sqi.net/img/user/", "suffix": "/14566286-ZZIGR44A4A1B0QJ0.jpg"}, "firstName": "Haziq", "lastName": "Alwi"}, "canonicalUrl": "https://foursquare.com/item/4f0c8f71e4b02663a04e5629", "todo": {"count": 0}, "disagreeCount": 0}, {"logView": true, "lang": "en", "createdAt": 1311467603, "agreeCount": 0, "likes": {"groups": [], "count": 0}, "id": "4e2b6853b61cd01083754199", "text": "Staffs chit chatting around and not serving customers", "type": "user", "user": {"id": "3856597", "photo": {"prefix": "https://igx.4sqi.net/img/user/", "suffix": "/D4NN1FWHPD5NIWLQ.jpg"}, "firstName": "Lee", "gender": "none"}, "canonicalUrl": "https://foursquare.com/item/4e2b6853b61cd01083754199", "todo": {"count": 0}, "disagreeCount": 0}, {"logView": true, "lang": "en", "createdAt": 1294587732, "agreeCount": 0, "likes": {"groups": [], "count": 0}, "id": "4d29d754467d6ea84f0ad395", "text": "Mac no more mayonnaise? Why not close down....", "type": "user", "user": {"gender": "male", "id": "353777", "photo": {"prefix": "https://igx.4sqi.net/img/user/", "suffix": "/ITQGEGS3TMR3RLKQ.jpg"}, "firstName": "Jeremy", "lastName": "Goh"}, "canonicalUrl": "https://foursquare.com/item/4d29d754467d6ea84f0ad395", "todo": {"count": 0}, "disagreeCount": 0}, {"logView": true, "lang": "en", "createdAt": 1313082476, "agreeCount": 0, "likes": {"groups": [], "count": 0}, "id": "4e440c6ca809d4ed1bb749f8", "text": "weekday breakfast saver meals from 6-9 :)", "type": "user", "user": {"gender": "female", "id": "4615803", "photo": {"prefix": "https://igx.4sqi.net/img/user/", "suffix": "/VSRNMJKOTGSMQYB1.jpg"}, "firstName": "donna", "lastName": "veluz"}, "canonicalUrl": "https://foursquare.com/item/4e440c6ca809d4ed1bb749f8", "todo": {"count": 0}, "disagreeCount": 0}, {"authorInteractionType": "liked", "logView": true, "lang": "en", "createdAt": 1353348912, "agreeCount": 0, "likes": {"groups": [], "count": 0}, "id": "50aa7730e4b025015d394a4e", "text": "I want e Big Mac", "type": "user", "user": {"gender": "male", "id": "4858378", "photo": {"prefix": "https://igx.4sqi.net/img/user/", "suffix": "/4858378-JH3KPA5TB4GA03KG.jpg"}, "firstName": "Alcore", "lastName": "\u591a\u95ee"}, "canonicalUrl": "https://foursquare.com/item/50aa7730e4b025015d394a4e", "todo": {"count": 0}, "disagreeCount": 0}, {"logView": true, "lang": "en", "createdAt": 1302410078, "agreeCount": 0, "likes": {"groups": [], "count": 0}, "id": "4da1335ed8d26a318e2f39c8", "text": "oNLIne...^^", "type": "user", "user": {"gender": "female", "id": "8498830", "photo": {"prefix": "https://igx.4sqi.net/img/user/", "default": true, "suffix": "/blank_girl.png"}, "firstName": "helen", "lastName": "bee"}, "canonicalUrl": "https://foursquare.com/item/4da1335ed8d26a318e2f39c8", "todo": {"count": 0}, "disagreeCount": 0}, {"logView": true, "lang": "en", "createdAt": 1287352360, "agreeCount": 0, "likes": {"groups": [], "count": 0}, "id": "4cbb702876ad9c74832ce7cb", "text": "I'am Loving It!", "type": "user", "user": {"gender": "male", "id": "3459113", "photo": {"prefix": "https://igx.4sqi.net/img/user/", "suffix": "/3459113-2IEMUEGY5F0ATZPO.jpg"}, "firstName": "Kingsley", "lastName": "Law"}, "canonicalUrl": "https://foursquare.com/item/4cbb702876ad9c74832ce7cb", "todo": {"count": 0}, "disagreeCount": 0}, {"logView": true, "lang": "en", "createdAt": 1278877597, "todo": {"count": 1}, "agreeCount": 0, "likes": {"groups": [], "count": 0}, "id": "4c3a1f9dedba9521138bd625", "text": "My favourite place for a \"Double Quarter Pounder with Cheese Extra Value Meal, Up-Size, French Fries No-Salt, Drinks change to Jasmine Green Tea\" ... and get a free World-Cup, Coca Cola Drink Glass!!", "disagreeCount": 0, "url": "https://www.mcdelivery.com.sg/wos/jsp/menu/staticMenu.do", "user": {"gender": "male", "id": "2024993", "photo": {"prefix": "https://igx.4sqi.net/img/user/", "suffix": "/-AFIBFV1NBXT4VHOX.jpg"}, "firstName": "Kenneth", "lastName": "Kam"}, "canonicalUrl": "https://foursquare.com/item/4c3a1f9dedba9521138bd625", "type": "user"}, {"logView": true, "lang": "en", "createdAt": 1298397645, "agreeCount": 0, "likes": {"groups": [], "count": 0}, "id": "4d63f9cd79deb1f7048c2011", "text": "Try their strawberry milk shake. Yummy;p", "type": "user", "user": {"gender": "male", "id": "6356931", "photo": {"prefix": "https://igx.4sqi.net/img/user/", "suffix": "/ZMHN4B3FTISMW20K.jpg"}, "firstName": "Risdian", "lastName": "Salim"}, "canonicalUrl": "https://foursquare.com/item/4d63f9cd79deb1f7048c2011", "todo": {"count": 0}, "disagreeCount": 0}, {"logView": true, "lang": "en", "createdAt": 1288221928, "agreeCount": 0, "likes": {"groups": [], "count": 0}, "id": "4cc8b4e8d54fa1cde33d3329", "text": "The sausage mcmuffin is the bomb!", "type": "user", "user": {"gender": "male", "id": "3822573", "photo": {"prefix": "https://igx.4sqi.net/img/user/", "suffix": "/JXXA3FECNPDO032G.jpg"}, "firstName": "Azri", "lastName": "Bahajjajj"}, "canonicalUrl": "https://foursquare.com/item/4cc8b4e8d54fa1cde33d3329", "todo": {"count": 0}, "disagreeCount": 0}, {"logView": true, "lang": "en", "createdAt": 1307018360, "agreeCount": 0, "likes": {"groups": [], "count": 0}, "id": "4de78478b0fb2165e1a70d78", "text": "Love slacking here with my darling friends(:", "type": "user", "user": {"id": "5011243", "photo": {"prefix": "https://igx.4sqi.net/img/user/", "suffix": "/U4KM5VLAJX15DQWR.jpg"}, "firstName": "Nique", "gender": "female"}, "canonicalUrl": "https://foursquare.com/item/4de78478b0fb2165e1a70d78", "todo": {"count": 0}, "disagreeCount": 0}, {"logView": true, "lang": "en", "createdAt": 1296742313, "agreeCount": 0, "likes": {"groups": [], "count": 0}, "id": "4d4ab7a99544a093602435e7", "text": "Here got lots pretty babes", "type": "user", "user": {"gender": "male", "id": "5459432", "photo": {"prefix": "https://igx.4sqi.net/img/user/", "suffix": "/32NBWUUNSZHELWAF.jpg"}, "firstName": "Ian", "lastName": "Ng"}, "canonicalUrl": "https://foursquare.com/item/4d4ab7a99544a093602435e7", "todo": {"count": 1}, "disagreeCount": 0}, {"logView": true, "lang": "en", "createdAt": 1301770432, "agreeCount": 0, "likes": {"groups": [], "count": 0}, "id": "4d9770c00caaa143dbc192b3", "text": "Slack outside McDonald until next morning.. (:", "type": "user", "user": {"gender": "male", "id": "4131068", "photo": {"prefix": "https://igx.4sqi.net/img/user/", "suffix": "/MUBQSTDRQLOOTFY2.jpg"}, "firstName": "Arris", "lastName": "Villa"}, "canonicalUrl": "https://foursquare.com/item/4d9770c00caaa143dbc192b3", "todo": {"count": 1}, "disagreeCount": 0}, {"logView": true, "lang": "en", "createdAt": 1294408038, "agreeCount": 1, "likes": {"groups": [{"items": [{"id": "3856597", "photo": {"prefix": "https://igx.4sqi.net/img/user/", "suffix": "/D4NN1FWHPD5NIWLQ.jpg"}, "firstName": "Lee", "gender": "none"}], "count": 2, "type": "others"}], "summary": "2 likes", "count": 2}, "id": "4d2719663c795481345dc19b", "text": "Service sucks today....", "type": "user", "user": {"gender": "female", "id": "3783341", "photo": {"prefix": "https://igx.4sqi.net/img/user/", "suffix": "/I1UBGVDQDFBWPAVQ.jpg"}, "firstName": "Agnes", "lastName": "Chong"}, "canonicalUrl": "https://foursquare.com/item/4d2719663c795481345dc19b", "todo": {"count": 0}, "disagreeCount": 0}, {"logView": true, "lang": "en", "createdAt": 1296910673, "agreeCount": 0, "likes": {"groups": [], "count": 0}, "id": "4d4d49519ee1a35ddae623df", "text": "Service was horrible by malay teenager", "type": "user", "user": {"gender": "female", "id": "2845076", "photo": {"prefix": "https://igx.4sqi.net/img/user/", "suffix": "/5GZP21DAE03PQZQC.jpg"}, "firstName": "Nana", "lastName": "Sweetseduction"}, "canonicalUrl": "https://foursquare.com/item/4d4d49519ee1a35ddae623df", "todo": {"count": 0}, "disagreeCount": 0}, {"logView": true, "lang": "en", "createdAt": 1302870614, "agreeCount": 0, "likes": {"groups": [], "count": 0}, "id": "4da83a561e72d9bb4740369c", "text": "Fillet O Fish bogo: 1 for 1", "type": "user", "user": {"gender": "male", "id": "3459113", "photo": {"prefix": "https://igx.4sqi.net/img/user/", "suffix": "/3459113-2IEMUEGY5F0ATZPO.jpg"}, "firstName": "Kingsley", "lastName": "Law"}, "canonicalUrl": "https://foursquare.com/item/4da83a561e72d9bb4740369c", "todo": {"count": 0}, "disagreeCount": 0}, {"logView": true, "lang": "en", "createdAt": 1300753791, "agreeCount": 0, "likes": {"groups": [], "count": 0}, "id": "4d87ed7f7d4c548173803671", "text": "Dun indoor all the time, sit outside enjoy the ambient even when it's raining", "type": "user", "user": {"gender": "male", "id": "2786744", "photo": {"prefix": "https://igx.4sqi.net/img/user/", "suffix": "/4CPENRWMSZLWM4RS.jpg"}, "firstName": "Mohamad Roszaiman", "lastName": "Mohamad Ali"}, "canonicalUrl": "https://foursquare.com/item/4d87ed7f7d4c548173803671", "todo": {"count": 0}, "disagreeCount": 0}, {"logView": true, "lang": "en", "createdAt": 1335626941, "agreeCount": 1, "likes": {"groups": [{"items": [{"gender": "male", "id": "44038476", "photo": {"prefix": "https://igx.4sqi.net/img/user/", "suffix": "/44038476-CFUMW23JAAYQ35QA.jpg"}, "firstName": "Baan", "lastName": "Mourvipa"}], "count": 1, "type": "others"}], "summary": "1 like", "count": 1}, "id": "4f9c0cbde4b04dce44bf8076", "text": "French Fries is the best vegetables for you. ;P", "type": "user", "user": {"gender": "male", "id": "6837821", "photo": {"prefix": "https://igx.4sqi.net/img/user/", "suffix": "/AY2URF0UWHIPLY4K.jpg"}, "firstName": "\u6770", "lastName": "J"}, "canonicalUrl": "https://foursquare.com/item/4f9c0cbde4b04dce44bf8076", "todo": {"count": 0}, "disagreeCount": 0}, {"logView": true, "lang": "en", "createdAt": 1344823977, "agreeCount": 0, "likes": {"groups": [], "count": 0}, "id": "502862a9e4b05db3af66292d", "text": "Nice place! Just got greeted good morning by the aunties at the counter :D", "type": "user", "user": {"gender": "male", "id": "14224909", "photo": {"prefix": "https://igx.4sqi.net/img/user/", "suffix": "/PO5XKLX0C003ELRK.jpg"}, "firstName": "Tyan", "lastName": "Chwan Rong"}, "canonicalUrl": "https://foursquare.com/item/502862a9e4b05db3af66292d", "todo": {"count": 0}, "disagreeCount": 0}, {"logView": true, "lang": "en", "createdAt": 1305900672, "agreeCount": 0, "likes": {"groups": [], "count": 0}, "id": "4dd67680cc3f75159f19cd90", "text": "fill my stomach wth food", "type": "user", "user": {"gender": "male", "id": "9345383", "photo": {"prefix": "https://igx.4sqi.net/img/user/", "suffix": "/2VP251VT1WECFSV4.jpg"}, "firstName": "ramdan", "lastName": "abdullah"}, "canonicalUrl": "https://foursquare.com/item/4dd67680cc3f75159f19cd90", "todo": {"count": 0}, "disagreeCount": 0}, {"authorInteractionType": "liked", "logView": true, "lang": "en", "createdAt": 1373159765, "agreeCount": 1, "likes": {"groups": [{"items": [{"id": "34514667", "photo": {"prefix": "https://igx.4sqi.net/img/user/", "suffix": "/GBZ3ICQ4AKBPFEET.jpg"}, "firstName": "Akifa", "gender": "female"}], "count": 1, "type": "others"}], "summary": "1 like", "count": 1}, "id": "51d8c155498e80a27bafd7d0", "text": "Double Mc.Spicy at its best here.Perfect food at any time.", "type": "user", "user": {"gender": "male", "id": "30046053", "photo": {"prefix": "https://igx.4sqi.net/img/user/", "suffix": "/30046053-Q5TOYHHDZKNOOK4A.jpg"}, "firstName": "Yogesh", "lastName": "Guru"}, "canonicalUrl": "https://foursquare.com/item/51d8c155498e80a27bafd7d0", "todo": {"count": 0}, "disagreeCount": 0}, {"authorInteractionType": "liked", "logView": true, "lang": "en", "createdAt": 1395723514, "agreeCount": 0, "likes": {"groups": [], "count": 0}, "id": "53310cfa498ec4eb8a71ce34", "text": "Best customer service!", "type": "user", "user": {"gender": "male", "id": "72361025", "photo": {"prefix": "https://igx.4sqi.net/img/user/", "suffix": "/72361025-J3DO4DJFTPDAC0GD.jpg"}, "firstName": "Dona", "lastName": "Joy"}, "canonicalUrl": "https://foursquare.com/item/53310cfa498ec4eb8a71ce34", "todo": {"count": 0}, "disagreeCount": 0}, {"logView": true, "lang": "en", "photo": {"id": "5630cc4a498e35ef1440b7c2", "visibility": "public", "source": {"name": "Foursquare for Android", "url": "https://foursquare.com/download/#/android"}, "suffix": "/22865644_MQUh0PpGVRThHHUbv4Qtrzy7QbNjquyTw21ApwatH10.jpg", "createdAt": 1446038602, "prefix": "https://igx.4sqi.net/img/general/", "width": 1280, "height": 960}, "createdAt": 1446038600, "todo": {"count": 0}, "agreeCount": 0, "likes": {"groups": [], "count": 0}, "id": "5630cc48498e01308d8276aa", "text": "dinner with them...", "disagreeCount": 0, "user": {"gender": "male", "id": "22865644", "photo": {"prefix": "https://igx.4sqi.net/img/user/", "suffix": "/22865644_B1U-0tU9_aD-YHwoG1xD-tsZEGq16RGTl8k2NqpS6w1i_7m9JzlvsXIgeVxaq33VHqLwJKXvl.jpg"}, "firstName": "Ayeez", "lastName": "Dollah"}, "canonicalUrl": "https://foursquare.com/item/5630cc48498e01308d8276aa", "type": "user", "photourl": "https://igx.4sqi.net/img/general/original/22865644_MQUh0PpGVRThHHUbv4Qtrzy7QbNjquyTw21ApwatH10.jpg"}, {"logView": true, "lang": "en", "createdAt": 1296694160, "agreeCount": 1, "likes": {"groups": [{"items": [{"id": "20135517", "photo": {"prefix": "https://igx.4sqi.net/img/user/", "suffix": "/G5WYTU0OSSAEWAGB.jpg"}, "firstName": "M. Asraf", "gender": "male"}], "count": 1, "type": "others"}], "summary": "1 like", "count": 1}, "id": "4d49fb90183f224b53e7e3a8", "text": "Go place t study?", "type": "user", "user": {"gender": "female", "id": "5183313", "photo": {"prefix": "https://igx.4sqi.net/img/user/", "suffix": "/D220RDHWUSJUOZV5.jpg"}, "firstName": "Deliaberry", "lastName": "Tan"}, "canonicalUrl": "https://foursquare.com/item/4d49fb90183f224b53e7e3a8", "todo": {"count": 0}, "disagreeCount": 0}], "count": 41}}}