{"meta": {"code": 200, "requestId": "595a4a341ed21919f90f72f8"}, "response": {"tips": {"items": [{"logView": true, "lang": "en", "createdAt": 1294197747, "agreeCount": 0, "likes": {"groups": [], "count": 0}, "id": "4d23e3f3fdfb236a02b57467", "text": "The staff here have a BIG problem. They are a bunch of sad people that frown all day and they can't even smile!", "type": "user", "user": {"gender": "female", "id": "5111100", "photo": {"prefix": "https://igx.4sqi.net/img/user/", "suffix": "/YZJHRKBBADLUQG4C.jpg"}, "firstName": "Celeste", "lastName": "Wong"}, "canonicalUrl": "https://foursquare.com/item/4d23e3f3fdfb236a02b57467", "todo": {"count": 0}, "disagreeCount": 0}, {"logView": true, "lang": "en", "createdAt": 1285819707, "agreeCount": 0, "likes": {"groups": [], "count": 0}, "id": "4ca40d3bf832a1cd0c2ea3e5", "text": "love the salmon and mozzarella cheese salad. quick and efficient service. if you don't see the salad you want displayed, ask the staff and they'll rustle u up a fresh salad.", "type": "user", "user": {"gender": "female", "id": "3545971", "photo": {"prefix": "https://igx.4sqi.net/img/user/", "suffix": "/RWDYAQSOJZHU2ZIU.jpg"}, "firstName": "denise", "lastName": "tan"}, "canonicalUrl": "https://foursquare.com/item/4ca40d3bf832a1cd0c2ea3e5", "todo": {"count": 0}, "disagreeCount": 0}, {"authorInteractionType": "liked", "logView": true, "lang": "en", "createdAt": 1459526297, "agreeCount": 0, "likes": {"groups": [], "count": 0}, "id": "56fe9a99498ebd42cb429c87", "text": "Coffee, healthy salad options though expensive. Coffee prices are reasonable though", "type": "user", "user": {"gender": "female", "id": "5510076", "photo": {"prefix": "https://igx.4sqi.net/img/user/", "suffix": "/5510076_SpxNT6nQ_mxIyyq9gE_RsLluyWHyIgaVkK2tBHZ43A314UZpuCMw56_CFSpIJ7pAN5H94oZ5G.jpg"}, "firstName": "Wannie", "lastName": "M"}, "canonicalUrl": "https://foursquare.com/item/56fe9a99498ebd42cb429c87", "todo": {"count": 0}, "disagreeCount": 0}, {"logView": true, "lang": "en", "createdAt": 1374491238, "agreeCount": 0, "likes": {"groups": [], "count": 0}, "id": "51ed1266498ec3206d65c769", "text": "Almost production line efficiency when taking orders & serving makes it perfect for a grab and go lunch, and the fresh juices are quite nice. Give the salads a miss, unless you're feeling bovine.", "type": "user", "user": {"gender": "male", "id": "1940408", "photo": {"prefix": "https://igx.4sqi.net/img/user/", "suffix": "/1940408-FVYJWQGLA4B5HBKX.jpg"}, "firstName": "Ishan", "lastName": "Chatterjee"}, "canonicalUrl": "https://foursquare.com/item/51ed1266498ec3206d65c769", "todo": {"count": 0}, "disagreeCount": 0}, {"authorInteractionType": "liked", "logView": true, "lang": "en", "createdAt": 1459851940, "agreeCount": 0, "likes": {"groups": [], "count": 0}, "id": "570392a4cd105a1ee5fa6108", "text": "Addicted to the Chicken Meatballs in Tomato Soup!!", "type": "user", "user": {"gender": "female", "id": "795952", "photo": {"prefix": "https://igx.4sqi.net/img/user/", "suffix": "/795952-HUOSHAWNCASHTGQB.jpg"}, "firstName": "Dellia", "lastName": "Lim"}, "canonicalUrl": "https://foursquare.com/item/570392a4cd105a1ee5fa6108", "todo": {"count": 0}, "disagreeCount": 0}, {"logView": true, "lang": "en", "createdAt": 1309831095, "agreeCount": 0, "likes": {"groups": [], "count": 0}, "id": "4e126fb71838f8ad816525be", "text": "Amazing mango smoothies. Decent cappuccino too. despite what others have said, the staff are always lovely to myself and my Mrs.", "type": "user", "user": {"gender": "male", "id": "2663870", "photo": {"prefix": "https://igx.4sqi.net/img/user/", "suffix": "/F301ZKJK3KYUY0AS.jpg"}, "firstName": "Sultan", "lastName": "Arif"}, "canonicalUrl": "https://foursquare.com/item/4e126fb71838f8ad816525be", "todo": {"count": 0}, "disagreeCount": 0}, {"logView": true, "lang": "en", "createdAt": 1285132279, "agreeCount": 0, "likes": {"groups": [], "count": 0}, "id": "4c998ff7eaa5a14348ffc4e4", "text": "The staff here are unfriendly and unsmiling like the one at changi business park. Totally UNappetizing.", "type": "user", "user": {"gender": "female", "id": "280559", "photo": {"prefix": "https://igx.4sqi.net/img/user/", "suffix": "/1CE3MF3QJ14IVCXF.jpg"}, "firstName": "Check", "lastName": "Girl"}, "canonicalUrl": "https://foursquare.com/item/4c998ff7eaa5a14348ffc4e4", "todo": {"count": 0}, "disagreeCount": 0}, {"authorInteractionType": "liked", "logView": true, "lang": "en", "createdAt": 1390545140, "agreeCount": 0, "likes": {"groups": [], "count": 0}, "id": "52e208f4498ea1687a3adf6e", "text": "The chicken tikka sandwich is good", "type": "user", "user": {"id": "33534261", "photo": {"prefix": "https://igx.4sqi.net/img/user/", "suffix": "/QQ1SSZXMYC42ISRQ.jpg"}, "firstName": "Pranoti", "gender": "female"}, "canonicalUrl": "https://foursquare.com/item/52e208f4498ea1687a3adf6e", "todo": {"count": 0}, "disagreeCount": 0}, {"logView": true, "lang": "en", "createdAt": 1353410131, "agreeCount": 0, "likes": {"groups": [], "count": 0}, "id": "50ab6653e4b0cb3d3a26c142", "text": "Hit the Mango and Yoghurt!", "type": "user", "user": {"gender": "male", "id": "39774823", "photo": {"prefix": "https://igx.4sqi.net/img/user/", "suffix": "/0OCBGUIU30STX0SK.jpg"}, "firstName": "Nick", "lastName": "K"}, "canonicalUrl": "https://foursquare.com/item/50ab6653e4b0cb3d3a26c142", "todo": {"count": 0}, "disagreeCount": 0}, {"logView": true, "lang": "en", "createdAt": 1275364812, "agreeCount": 0, "likes": {"groups": [], "count": 0}, "id": "4c0485cc70c603bb49dc9db4", "text": "The roast pumpkin salad is great!", "type": "user", "user": {"gender": "none", "id": "109103", "photo": {"prefix": "https://igx.4sqi.net/img/user/", "suffix": "/PY3BPSG1G0WCFFXG.jpg"}, "firstName": "JC", "lastName": "Eskimo"}, "canonicalUrl": "https://foursquare.com/item/4c0485cc70c603bb49dc9db4", "todo": {"count": 0}, "disagreeCount": 0}, {"authorInteractionType": "liked", "logView": true, "lang": "en", "createdAt": 1470134504, "agreeCount": 0, "likes": {"groups": [], "count": 0}, "id": "57a078e8498ed0a51cd4a243", "text": "Couscous pot and salmon salad \ud83d\udc4d\ud83c\udffc\ud83d\udc4d\ud83c\udffc\ud83d\udc4d\ud83c\udffc", "type": "user", "user": {"id": "727343", "photo": {"prefix": "https://igx.4sqi.net/img/user/", "suffix": "/EVWQFM3AHWJSPXNO.jpg"}, "firstName": "Edd", "gender": "male"}, "canonicalUrl": "https://foursquare.com/item/57a078e8498ed0a51cd4a243", "todo": {"count": 0}, "disagreeCount": 0}, {"logView": true, "lang": "en", "createdAt": 1279088028, "agreeCount": 0, "likes": {"groups": [], "count": 0}, "id": "4c3d559c7d002d7fa1b7af18", "text": "Salads are good, if a little pricey", "type": "user", "user": {"gender": "female", "id": "364123", "photo": {"prefix": "https://igx.4sqi.net/img/user/", "suffix": "/YRD2IBE34KFM2YGC.jpg"}, "firstName": "LR", "lastName": "Lim"}, "canonicalUrl": "https://foursquare.com/item/4c3d559c7d002d7fa1b7af18", "todo": {"count": 0}, "disagreeCount": 0}, {"logView": true, "lang": "en", "createdAt": 1284962940, "agreeCount": 1, "likes": {"groups": [{"items": [{"gender": "male", "id": "3358153", "photo": {"prefix": "https://igx.4sqi.net/img/user/", "suffix": "/3358153-43JVUYZ4JKXAJ2DW.jpg"}, "firstName": "Chandra", "lastName": "Setiawan"}], "count": 1, "type": "others"}], "summary": "1 like", "count": 1}, "id": "4c96fa7c15829521aae82da8", "text": "The Massive All Day Breakfast sandwich is good", "type": "user", "user": {"id": "287028", "photo": {"prefix": "https://igx.4sqi.net/img/user/", "suffix": "/XM235BM1DQ1K5KUC.jpg"}, "firstName": "Sarah", "gender": "female"}, "canonicalUrl": "https://foursquare.com/item/4c96fa7c15829521aae82da8", "todo": {"count": 0}, "disagreeCount": 0}], "count": 13}}}