{"meta": {"code": 200, "requestId": "595a46724434b96bc8818692"}, "response": {"tips": {"items": [{"logView": true, "lang": "en", "createdAt": 1287899550, "agreeCount": 0, "likes": {"groups": [], "count": 0}, "id": "4cc3c99e42d1b60cffdf1913", "text": "Fries nice!=)", "type": "user", "user": {"gender": "male", "id": "3679589", "photo": {"prefix": "https://igx.4sqi.net/img/user/", "suffix": "/5YUBSGKPL4R4CGE4.jpg"}, "firstName": "Aarone", "lastName": "Tan"}, "canonicalUrl": "https://foursquare.com/item/4cc3c99e42d1b60cffdf1913", "todo": {"count": 1}, "disagreeCount": 0}, {"logView": true, "lang": "en", "createdAt": 1299158327, "agreeCount": 0, "likes": {"groups": [], "count": 0}, "id": "4d6f95373a6cf04dc3a96179", "text": "It's always pack here....", "type": "user", "user": {"gender": "female", "id": "3994507", "photo": {"prefix": "https://igx.4sqi.net/img/user/", "suffix": "/CTUXE2XIZFZNAMMA.jpg"}, "firstName": "Lia", "lastName": "Tokijo"}, "canonicalUrl": "https://foursquare.com/item/4d6f95373a6cf04dc3a96179", "todo": {"count": 1}, "disagreeCount": 0}, {"logView": true, "lang": "en", "createdAt": 1289065494, "agreeCount": 0, "likes": {"groups": [], "count": 0}, "id": "4cd59416b97060fc5f39f17b", "text": "It's Makan Tyme...!!! = ]", "type": "user", "user": {"gender": "female", "id": "4255818", "photo": {"prefix": "https://igx.4sqi.net/img/user/", "suffix": "/DR5MM5VKA53QPY5P.jpg"}, "firstName": "Cahaya", "lastName": "Ning"}, "canonicalUrl": "https://foursquare.com/item/4cd59416b97060fc5f39f17b", "todo": {"count": 0}, "disagreeCount": 0}, {"logView": true, "lang": "en", "createdAt": 1295451500, "agreeCount": 0, "likes": {"groups": [], "count": 0}, "id": "4d37056c2c975941f7f05fa7", "text": "yummy :) sundae!!!", "type": "user", "user": {"gender": "female", "id": "5347595", "photo": {"prefix": "https://igx.4sqi.net/img/user/", "suffix": "/XJSKZAXVP5LSPFZK.jpg"}, "firstName": "ehmcie", "lastName": "sumalde susano"}, "canonicalUrl": "https://foursquare.com/item/4d37056c2c975941f7f05fa7", "todo": {"count": 0}, "disagreeCount": 0}, {"logView": true, "lang": "en", "createdAt": 1280552397, "agreeCount": 0, "likes": {"groups": [{"items": [], "count": 17, "type": "others"}], "summary": "17 likes", "count": 17}, "id": "4c53adcdb3b09c74d25819b4", "text": "Food Food Food!", "type": "user", "user": {"id": "2000970", "photo": {"prefix": "https://igx.4sqi.net/img/user/", "suffix": "/OKIAIHTXRTQTSWQI.jpg"}, "firstName": "IaMRuzaini", "gender": "male"}, "canonicalUrl": "https://foursquare.com/item/4c53adcdb3b09c74d25819b4", "todo": {"count": 2}, "disagreeCount": 0}, {"logView": true, "lang": "en", "createdAt": 1299468246, "agreeCount": 0, "likes": {"groups": [], "count": 0}, "id": "4d744fd6548bb60ca837b4ff", "text": "McValue Lunch! (:", "type": "user", "user": {"gender": "female", "id": "1917748", "photo": {"prefix": "https://igx.4sqi.net/img/user/", "suffix": "/1917748-Q3NQDGNNSY4UFNBR.jpg"}, "firstName": "Michelle", "lastName": "Shoo"}, "canonicalUrl": "https://foursquare.com/item/4d744fd6548bb60ca837b4ff", "todo": {"count": 0}, "disagreeCount": 0}, {"logView": true, "lang": "en", "createdAt": 1300692331, "agreeCount": 0, "likes": {"groups": [], "count": 0}, "id": "4d86fd6b5e70224bb5f24009", "text": "Don't come after school hours! Packed with primary & secondary school students. Hard to find seats.", "type": "user", "user": {"gender": "female", "id": "6111576", "photo": {"prefix": "https://igx.4sqi.net/img/user/", "suffix": "/TDXGYGLCPSU1VHXT.jpg"}, "firstName": "Jeslyn", "lastName": "Tan"}, "canonicalUrl": "https://foursquare.com/item/4d86fd6b5e70224bb5f24009", "todo": {"count": 0}, "disagreeCount": 0}, {"logView": true, "lang": "en", "createdAt": 1315852059, "agreeCount": 0, "likes": {"groups": [], "count": 0}, "id": "4e6e4f1b2271a8cac02ba5d0", "text": "Lurch Time very pack", "type": "user", "user": {"gender": "male", "id": "10385582", "photo": {"prefix": "https://igx.4sqi.net/img/user/", "suffix": "/QJERLXNEKDA2CHTJ.jpg"}, "firstName": "Yong Siang", "lastName": "Koh"}, "canonicalUrl": "https://foursquare.com/item/4e6e4f1b2271a8cac02ba5d0", "todo": {"count": 0}, "disagreeCount": 0}], "count": 8}}}