{"meta": {"code": 200, "requestId": "595a55819fb6b77bc718ba85"}, "response": {"tips": {"items": [{"logView": true, "lang": "en", "photo": {"id": "540aa07f498e3a741e0fe5ba", "visibility": "public", "source": {"name": "Foursquare for Android", "url": "https://foursquare.com/download/#/android"}, "suffix": "/2643494_QCEhYGWye6LpvJv086ZC72hk-ods7s9aympn2BIwvWA.jpg", "createdAt": 1409982591, "prefix": "https://igx.4sqi.net/img/general/", "width": 3264, "height": 2448}, "createdAt": 1409982586, "todo": {"count": 0}, "agreeCount": 2, "likes": {"groups": [{"items": [{"gender": "female", "id": "80238229", "photo": {"prefix": "https://igx.4sqi.net/img/user/", "suffix": "/80238229-5KIV1UZXM5QSBUOI.jpg"}, "firstName": "Xiao", "lastName": "Ling"}, {"gender": "male", "id": "37140224", "photo": {"prefix": "https://igx.4sqi.net/img/user/", "suffix": "/37140224-1FYHYR1T4P5C3FN0.jpg"}, "firstName": "Mayank", "lastName": "Srivastava"}], "count": 2, "type": "others"}], "summary": "2 likes", "count": 2}, "id": "540aa07a498e4138ef0539a8", "text": "Get the chee cheong fun to go with your ytf!", "disagreeCount": 0, "user": {"gender": "female", "id": "2643494", "photo": {"prefix": "https://igx.4sqi.net/img/user/", "suffix": "/C4ECQC22MAOV35ZO.jpg"}, "firstName": "Labelle", "lastName": "Luo"}, "canonicalUrl": "https://foursquare.com/item/540aa07a498e4138ef0539a8", "type": "user", "photourl": "https://igx.4sqi.net/img/general/original/2643494_QCEhYGWye6LpvJv086ZC72hk-ods7s9aympn2BIwvWA.jpg"}, {"logView": true, "lang": "af", "createdAt": 1285294042, "agreeCount": 0, "likes": {"groups": [{"items": [], "count": 2, "type": "others"}], "summary": "2 likes", "count": 2}, "id": "4c9c07da7c096dcb7445bed1", "text": "Die die must try for all Yong Tou Foo lovers", "type": "user", "user": {"gender": "male", "id": "1744411", "photo": {"prefix": "https://igx.4sqi.net/img/user/", "suffix": "/JFINNN40ZULQDPFN.jpg"}, "firstName": "Sonny", "lastName": "Prasetya"}, "canonicalUrl": "https://foursquare.com/item/4c9c07da7c096dcb7445bed1", "todo": {"count": 0}, "disagreeCount": 0}, {"authorInteractionType": "liked", "logView": true, "lang": "en", "createdAt": 1466747379, "agreeCount": 1, "likes": {"groups": [], "count": 0}, "id": "576cc9f3498ed2a4fb7199a4", "text": "Every time I eat here, I get: thick flavourful soup, fresh ingredients, & chilli sauce that makes you salivate more. Deserves its title as one the best YTF in Singapore!", "type": "user", "user": {"gender": "male", "id": "231366", "photo": {"prefix": "https://igx.4sqi.net/img/user/", "suffix": "/231366-Q2ZSAEF50GYUXPDA.jpg"}, "firstName": "Cheen", "lastName": "The Curious"}, "canonicalUrl": "https://foursquare.com/item/576cc9f3498ed2a4fb7199a4", "todo": {"count": 0}, "disagreeCount": 0}, {"logView": true, "lang": "en", "createdAt": 1321496785, "agreeCount": 1, "likes": {"groups": [{"items": [{"gender": "male", "id": "1339539", "photo": {"prefix": "https://igx.4sqi.net/img/user/", "suffix": "/1339539-AIRJPNFKHLZSMUDJ.jpg"}, "firstName": "Ian", "lastName": "Thomtori"}], "count": 1, "type": "others"}], "summary": "1 like", "count": 1}, "id": "4ec470d161af4438d0db2660", "text": "Very nice but very long queue , must have patience to wait", "type": "user", "user": {"gender": "male", "id": "10184674", "photo": {"prefix": "https://igx.4sqi.net/img/user/", "suffix": "/T5NL3ZGCF5VH2U5X.jpg"}, "firstName": "Jason", "lastName": "Hung"}, "canonicalUrl": "https://foursquare.com/item/4ec470d161af4438d0db2660", "todo": {"count": 0}, "disagreeCount": 0}, {"logView": true, "lang": "en", "createdAt": 1316063732, "agreeCount": 0, "likes": {"groups": [], "count": 0}, "id": "4e7189f4d4c0f5c1494fd37b", "text": "Must order in Yong Tou Fu in Soup ! The soup is Good !", "type": "user", "user": {"gender": "male", "id": "4002741", "photo": {"prefix": "https://igx.4sqi.net/img/user/", "suffix": "/WC44S1OSSR4YYUKM.jpg"}, "firstName": "Vincent", "lastName": "Chan"}, "canonicalUrl": "https://foursquare.com/item/4e7189f4d4c0f5c1494fd37b", "todo": {"count": 0}, "disagreeCount": 0}, {"logView": true, "lang": "en", "createdAt": 1299222022, "agreeCount": 1, "likes": {"groups": [], "count": 0}, "id": "4d708e0668276ea82baa8990", "text": "Fantastic Yong Tau Fu for lunch!", "type": "user", "user": {"gender": "male", "id": "5087451", "photo": {"prefix": "https://igx.4sqi.net/img/user/", "suffix": "/OQJM3SNJG5S3Y2D1.jpg"}, "firstName": "Alvin", "lastName": "Goh"}, "canonicalUrl": "https://foursquare.com/item/4d708e0668276ea82baa8990", "todo": {"count": 0}, "disagreeCount": 0}, {"authorInteractionType": "liked", "logView": true, "lang": "en", "createdAt": 1305613449, "agreeCount": 0, "likes": {"groups": [], "count": 0}, "id": "4dd214891838a751965310a7", "text": "Simply the best!!!!", "type": "user", "user": {"gender": "male", "id": "4464740", "photo": {"prefix": "https://igx.4sqi.net/img/user/", "suffix": "/3TSSN5EPCIQ4BESE.jpg"}, "firstName": "\u9648", "lastName": "Joseph"}, "canonicalUrl": "https://foursquare.com/item/4dd214891838a751965310a7", "todo": {"count": 0}, "disagreeCount": 0}, {"logView": true, "lang": "en", "createdAt": 1367063778, "agreeCount": 3, "likes": {"groups": [{"items": [{"gender": "male", "id": "756189", "photo": {"prefix": "https://igx.4sqi.net/img/user/", "suffix": "/756189-JCDT5SES22MALCO0.jpg"}, "firstName": "Jeremy", "lastName": "Khoo"}, {"gender": "male", "id": "231366", "photo": {"prefix": "https://igx.4sqi.net/img/user/", "suffix": "/231366-Q2ZSAEF50GYUXPDA.jpg"}, "firstName": "Cheen", "lastName": "The Curious"}, {"gender": "male", "id": "1339539", "photo": {"prefix": "https://igx.4sqi.net/img/user/", "suffix": "/1339539-AIRJPNFKHLZSMUDJ.jpg"}, "firstName": "Ian", "lastName": "Thomtori"}], "count": 3, "type": "others"}], "summary": "3 likes", "count": 3}, "id": "517bbce2e4b0cb79fb49a0c5", "text": "The best YTF I have eaten throughout my life! The quality is as good as when I ate it in Primary School!  The queue is forever long at any time of the day. Definitely worth the wait!", "type": "user", "user": {"id": "7485263", "photo": {"prefix": "https://igx.4sqi.net/img/user/", "suffix": "/7485263-N4FRM04ENFMEQXU1.jpg"}, "firstName": "samanthacharlottelee", "gender": "female"}, "canonicalUrl": "https://foursquare.com/item/517bbce2e4b0cb79fb49a0c5", "todo": {"count": 1}, "disagreeCount": 0}, {"logView": true, "lang": "en", "photo": {"id": "557c1b07498ef3761d71124f", "visibility": "public", "source": {"name": "Foursquare for Android", "url": "https://foursquare.com/download/#/android"}, "suffix": "/6025393_3jQWeBabLbr0Qm9IPnD0mUdjEmycGwtEWG9XQBxJtJc.jpg", "createdAt": 1434196743, "prefix": "https://igx.4sqi.net/img/general/", "width": 5312, "height": 2988}, "createdAt": 1434196737, "todo": {"count": 0}, "agreeCount": 0, "likes": {"groups": [], "count": 0}, "id": "557c1b01498e4ecf303cf6b7", "text": "Overrated and do note the last tip was in 2013. The quality of the ingredients has reduced, so has the service to the customers. Not worth a try, imo.", "disagreeCount": 0, "user": {"gender": "male", "id": "6025393", "photo": {"prefix": "https://igx.4sqi.net/img/user/", "suffix": "/6025393_saegm2t3_u59apDqL4_BldcRe1F19_5LfwTfcsatzWiZLr0sovqs1OKjVm7hIAvf39Lnx1KaK.jpg"}, "firstName": "K", "lastName": "T"}, "canonicalUrl": "https://foursquare.com/item/557c1b01498e4ecf303cf6b7", "type": "user", "photourl": "https://igx.4sqi.net/img/general/original/6025393_3jQWeBabLbr0Qm9IPnD0mUdjEmycGwtEWG9XQBxJtJc.jpg"}, {"authorInteractionType": "liked", "logView": true, "lang": "en", "photo": {"id": "564eace9498e9c988a301bb7", "visibility": "public", "source": {"name": "Foursquare for iOS", "url": "https://foursquare.com/download/#/iphone"}, "suffix": "/231366_miD5sW8G_1l71ygAGfTSDZ0Lhxzf9E_AfLiRxFm3GXQ.jpg", "createdAt": 1447996649, "prefix": "https://igx.4sqi.net/img/general/", "width": 1920, "height": 1440}, "createdAt": 1447996646, "todo": {"count": 0}, "agreeCount": 0, "likes": {"groups": [], "count": 0}, "id": "564eace6498eebcec696205b", "text": "First thing to do: Pick your YTF items & place your order before queuing. The usual long queue is for collecting your order", "disagreeCount": 0, "user": {"gender": "male", "id": "231366", "photo": {"prefix": "https://igx.4sqi.net/img/user/", "suffix": "/231366-Q2ZSAEF50GYUXPDA.jpg"}, "firstName": "Cheen", "lastName": "The Curious"}, "canonicalUrl": "https://foursquare.com/item/564eace6498eebcec696205b", "type": "user", "photourl": "https://igx.4sqi.net/img/general/original/231366_miD5sW8G_1l71ygAGfTSDZ0Lhxzf9E_AfLiRxFm3GXQ.jpg"}, {"authorInteractionType": "liked", "logView": true, "lang": "en", "photo": {"id": "58aa97ccbf1a6d74d1f586a3", "visibility": "public", "source": {"name": "Swarm for iOS", "url": "https://www.swarmapp.com"}, "suffix": "/30599435_jog9XwEJAt4asbyN5irxZuFlBIDn69GhosEKMwebd34.jpg", "createdAt": 1487574988, "prefix": "https://igx.4sqi.net/img/general/", "width": 1440, "height": 1440}, "createdAt": 1488646980, "todo": {"count": 0}, "agreeCount": 0, "likes": {"groups": [], "count": 0}, "id": "58baf34488cfcc13f115a53c", "text": "One of the best yong tau foo i've eaten in SG. Good variety of fresh ingredients to choose from and the home made sweet sauce is just so good!", "disagreeCount": 0, "user": {"gender": "male", "id": "30599435", "photo": {"prefix": "https://igx.4sqi.net/img/user/", "suffix": "/30599435_VFGwCGkP_KJZtGNkxWuKAloSRzZmkVQ0zaQ22sfzp1GTiHcwkgOeD8Kpzn2YsIzNIAYO3mggB.jpg"}, "firstName": "Jonathan", "lastName": "Lim"}, "canonicalUrl": "https://foursquare.com/item/58baf34488cfcc13f115a53c", "type": "user", "photourl": "https://igx.4sqi.net/img/general/original/30599435_jog9XwEJAt4asbyN5irxZuFlBIDn69GhosEKMwebd34.jpg"}, {"authorInteractionType": "liked", "logView": true, "lang": "en", "photo": {"id": "560f1be8498e31be89f7e3cf", "visibility": "public", "source": {"name": "Foursquare for iOS", "url": "https://foursquare.com/download/#/iphone"}, "suffix": "/231366_Ec7VkcJcYt5vihzwGgqLoGJaWAxpKBVJO4BSpLob1yw.jpg", "createdAt": 1443830760, "prefix": "https://igx.4sqi.net/img/general/", "width": 1920, "height": 1440}, "createdAt": 1443830760, "todo": {"count": 0}, "agreeCount": 0, "likes": {"groups": [], "count": 0}, "id": "560f1be8498e31be89f7e3d1", "text": "They also sell their YTF items w porridge or laksa. Interesting", "disagreeCount": 0, "user": {"gender": "male", "id": "231366", "photo": {"prefix": "https://igx.4sqi.net/img/user/", "suffix": "/231366-Q2ZSAEF50GYUXPDA.jpg"}, "firstName": "Cheen", "lastName": "The Curious"}, "canonicalUrl": "https://foursquare.com/item/560f1be8498e31be89f7e3d1", "type": "user", "photourl": "https://igx.4sqi.net/img/general/original/231366_Ec7VkcJcYt5vihzwGgqLoGJaWAxpKBVJO4BSpLob1yw.jpg"}, {"logView": true, "lang": "en", "createdAt": 1281083452, "agreeCount": 0, "likes": {"groups": [{"items": [], "count": 1, "type": "others"}], "summary": "1 like", "count": 1}, "id": "4c5bc83c7f661b8d3ad5461c", "text": "Wet or dry. They all taste great! Cheap somemore", "type": "user", "user": {"gender": "male", "id": "1754583", "photo": {"prefix": "https://igx.4sqi.net/img/user/", "suffix": "/-IVDMKKCJEGDEUZRS.jpg"}, "firstName": "Marcus Radley", "lastName": "Chng"}, "canonicalUrl": "https://foursquare.com/item/4c5bc83c7f661b8d3ad5461c", "todo": {"count": 1}, "disagreeCount": 0}, {"authorInteractionType": "liked", "logView": true, "lang": "en", "createdAt": 1447999884, "agreeCount": 0, "likes": {"groups": [], "count": 0}, "id": "564eb98c498ea3a0768488f1", "text": "The accompanying homemade chilli sauce here, as the popular saying goes, is dope!", "type": "user", "user": {"gender": "male", "id": "231366", "photo": {"prefix": "https://igx.4sqi.net/img/user/", "suffix": "/231366-Q2ZSAEF50GYUXPDA.jpg"}, "firstName": "Cheen", "lastName": "The Curious"}, "canonicalUrl": "https://foursquare.com/item/564eb98c498ea3a0768488f1", "todo": {"count": 0}, "disagreeCount": 0}, {"logView": true, "lang": "en", "createdAt": 1319250992, "agreeCount": 1, "likes": {"groups": [{"items": [{"gender": "male", "id": "28753499", "photo": {"prefix": "https://igx.4sqi.net/img/user/", "suffix": "/JPB4GYNXSNYCUFJM.jpg"}, "firstName": "Anson", "lastName": "Chew"}], "count": 1, "type": "others"}], "summary": "1 like", "count": 1}, "id": "4ea22c30b6347b9967b12cc4", "text": "Tou have to choose your food before Queuing up!", "type": "user", "user": {"gender": "male", "id": "12254080", "photo": {"prefix": "https://igx.4sqi.net/img/user/", "suffix": "/AM2AISXFFSB2VPER.jpg"}, "firstName": "Benjamin", "lastName": "Yap"}, "canonicalUrl": "https://foursquare.com/item/4ea22c30b6347b9967b12cc4", "todo": {"count": 0}, "disagreeCount": 0}, {"todo": {"count": 0}, "authorInteractionType": "liked", "logView": true, "lang": "en", "createdAt": 1385429800, "agreeCount": 0, "editedAt": 1409881373, "photo": {"id": "560f1b7a498e7b210f1b78df", "visibility": "public", "source": {"name": "Foursquare for iOS", "url": "https://foursquare.com/download/#/iphone"}, "suffix": "/231366_Py-JlaSyV2cxCm9QCGnwib7lhh1SLMmlzO_lLjxRT8U.jpg", "createdAt": 1443830650, "prefix": "https://igx.4sqi.net/img/general/", "width": 1920, "height": 1440}, "likes": {"groups": [], "count": 0}, "id": "5293fb28498e53796615d7f9", "text": "Love the selection of YTF items, many I dun find anywhere else. Dun get carried away picking, it all adds up. Items costs 40-cents to $1 ea", "disagreeCount": 0, "user": {"gender": "male", "id": "231366", "photo": {"prefix": "https://igx.4sqi.net/img/user/", "suffix": "/231366-Q2ZSAEF50GYUXPDA.jpg"}, "firstName": "Cheen", "lastName": "The Curious"}, "canonicalUrl": "https://foursquare.com/item/5293fb28498e53796615d7f9", "type": "user", "photourl": "https://igx.4sqi.net/img/general/original/231366_Py-JlaSyV2cxCm9QCGnwib7lhh1SLMmlzO_lLjxRT8U.jpg"}], "count": 16}}}