{"meta": {"code": 200, "requestId": "595a55fef594df3c73254bb2"}, "response": {"tips": {"items": [{"logView": true, "lang": "en", "createdAt": 1316343207, "agreeCount": 0, "likes": {"groups": [], "count": 0}, "id": "4e75cda7b0fb96803359b429", "text": "The salted egg bittergourt is Delicious. Don't miss it!", "type": "user", "user": {"gender": "male", "id": "5954678", "photo": {"prefix": "https://igx.4sqi.net/img/user/", "suffix": "/ZYIINLBVTBNJEC0F.jpg"}, "firstName": "Ric", "lastName": "Lee"}, "canonicalUrl": "https://foursquare.com/item/4e75cda7b0fb96803359b429", "todo": {"count": 0}, "disagreeCount": 0}, {"logView": true, "lang": "en", "photo": {"id": "515aaff3e4b04432c2759211", "visibility": "public", "source": {"name": "Foursquare for iOS", "url": "https://foursquare.com/download/#/iphone"}, "suffix": "/3890217_DKP8ifZ0pi9MKUHARaeJQp1-EayDW3MWJ5lPNZkMVRE.jpg", "createdAt": 1364897779, "prefix": "https://igx.4sqi.net/img/general/", "width": 720, "height": 540}, "createdAt": 1364897772, "todo": {"count": 0}, "agreeCount": 2, "likes": {"groups": [{"items": [{"id": "21683111", "photo": {"prefix": "https://igx.4sqi.net/img/user/", "suffix": "/21683111-3YDYZ02VZU0JY2QS.jpg"}, "firstName": "Rachel", "gender": "female"}, {"id": "6419897", "photo": {"prefix": "https://igx.4sqi.net/img/user/", "suffix": "/6419897-ACSMW3F1POQRSGWI.jpg"}, "firstName": "JOLyine", "gender": "female"}], "count": 2, "type": "others"}], "summary": "2 likes", "count": 2}, "id": "515aafece4b01036343667cb", "text": "I am your Momo ^^", "disagreeCount": 0, "user": {"gender": "male", "id": "3890217", "photo": {"prefix": "https://igx.4sqi.net/img/user/", "suffix": "/3890217-XWRM2JJGY5INFWPX.jpg"}, "firstName": "Sean", "lastName": "Momo"}, "canonicalUrl": "https://foursquare.com/item/515aafece4b01036343667cb", "type": "user", "photourl": "https://igx.4sqi.net/img/general/original/3890217_DKP8ifZ0pi9MKUHARaeJQp1-EayDW3MWJ5lPNZkMVRE.jpg"}, {"logView": true, "lang": "en", "createdAt": 1325046302, "agreeCount": 0, "likes": {"groups": [], "count": 0}, "id": "4efa9a1e9911b01dde52cedd", "text": "Try the fried fish bee hoon. Nice on a rainy day!", "type": "user", "user": {"id": "18691793", "photo": {"prefix": "https://igx.4sqi.net/img/user/", "suffix": "/2MJ3U1LJI5IJOC1U.jpg"}, "firstName": "Zander", "gender": "male"}, "canonicalUrl": "https://foursquare.com/item/4efa9a1e9911b01dde52cedd", "todo": {"count": 0}, "disagreeCount": 0}, {"authorInteractionType": "liked", "logView": true, "lang": "en", "createdAt": 1465818107, "agreeCount": 0, "likes": {"groups": [], "count": 0}, "id": "575e9bfb498e15a12c6d4460", "text": "The fish soup here is really, really, really, really, really, really, really, really, really good. Really!", "type": "user", "user": {"gender": "male", "id": "458000", "photo": {"prefix": "https://igx.4sqi.net/img/user/", "suffix": "/N51ZGL5IFFZQBBTD.jpg"}, "firstName": "Warren", "lastName": "Klass"}, "canonicalUrl": "https://foursquare.com/item/575e9bfb498e15a12c6d4460", "todo": {"count": 0}, "disagreeCount": 0}, {"logView": true, "lang": "en", "createdAt": 1344939363, "agreeCount": 0, "likes": {"groups": [], "count": 0}, "id": "502a2563e4b07c2bad9ecb4e", "text": "Fried fish bee hoon soup is excellent! Prawn paste chicken and French beans are great too!", "type": "user", "user": {"gender": "male", "id": "26547769", "photo": {"prefix": "https://igx.4sqi.net/img/user/", "suffix": "/S3SN0FOESBWDMVI5.jpg"}, "firstName": "Jason", "lastName": "Ong"}, "canonicalUrl": "https://foursquare.com/item/502a2563e4b07c2bad9ecb4e", "todo": {"count": 0}, "disagreeCount": 0}, {"logView": true, "lang": "en", "createdAt": 1329474007, "agreeCount": 0, "likes": {"groups": [], "count": 0}, "id": "4f3e29d7e4b0382fc0d8d1ef", "text": "Love the chicken wings and hor fun here!!! :) Best Hong Kong Street in Singapore! ;)", "type": "user", "user": {"gender": "female", "id": "19197398", "photo": {"prefix": "https://igx.4sqi.net/img/user/", "suffix": "/HRJWCR30ZIOATE2A.jpg"}, "firstName": "Sera", "lastName": "Teo"}, "canonicalUrl": "https://foursquare.com/item/4f3e29d7e4b0382fc0d8d1ef", "todo": {"count": 0}, "disagreeCount": 0}, {"logView": true, "lang": "en", "createdAt": 1422184484, "agreeCount": 0, "likes": {"groups": [], "count": 0}, "id": "54c4d024498e5656dae7a3b6", "text": "Definately fail fire safety regulation. Too crowded and too packed. Good food tho. Fantastic to be exact.", "type": "user", "user": {"gender": "male", "id": "8107105", "photo": {"prefix": "https://igx.4sqi.net/img/user/", "suffix": "/8107105-KU0SLW433X4GQ2J4.jpg"}, "firstName": "Victor", "lastName": "Tey"}, "canonicalUrl": "https://foursquare.com/item/54c4d024498e5656dae7a3b6", "todo": {"count": 0}, "disagreeCount": 0}, {"logView": true, "lang": "en", "createdAt": 1309526352, "agreeCount": 0, "likes": {"groups": [], "count": 0}, "id": "4e0dc950aeb7a5b33ee2d694", "text": "the oat prawns is a must try! The oat crumbs go really well with your rice..", "type": "user", "user": {"gender": "female", "id": "8252823", "photo": {"prefix": "https://igx.4sqi.net/img/user/", "suffix": "/A3SR5BNNGGT4ZOVU.jpg"}, "firstName": "Jess", "lastName": "A"}, "canonicalUrl": "https://foursquare.com/item/4e0dc950aeb7a5b33ee2d694", "todo": {"count": 2}, "disagreeCount": 0}, {"logView": true, "lang": "en", "photo": {"id": "54d0b9cd498e679b64af448e", "visibility": "public", "source": {"name": "Foursquare for iOS", "url": "https://foursquare.com/download/#/iphone"}, "suffix": "/3726996_8w4LymR3Rge__s-blE23R1_T8eXNL3zQz2DTgcO-aPs.jpg", "createdAt": 1422965197, "prefix": "https://igx.4sqi.net/img/general/", "width": 1920, "height": 1440}, "createdAt": 1422965197, "todo": {"count": 0}, "agreeCount": 0, "likes": {"groups": [], "count": 0}, "id": "54d0b9cd498e679b64af448f", "text": "The sambal fried rice has just enough punt of spiciness. Rice was firm and not too soft. Good amount of shrimp and other toppings. \"S\" portion quite generous. Maybe around 2 and a bit standard cups", "disagreeCount": 0, "user": {"gender": "female", "id": "3726996", "photo": {"prefix": "https://igx.4sqi.net/img/user/", "suffix": "/3726996_zgSdm-Xz_8yGEAClGHvjBreJRQg35guCj9yK_1SyEk9soXSsn8k_QDrnetMvL4WW0clUQWJYs.jpg"}, "firstName": "Bianca", "lastName": "Bueno"}, "canonicalUrl": "https://foursquare.com/item/54d0b9cd498e679b64af448f", "type": "user", "photourl": "https://igx.4sqi.net/img/general/original/3726996_8w4LymR3Rge__s-blE23R1_T8eXNL3zQz2DTgcO-aPs.jpg"}, {"logView": true, "lang": "en", "createdAt": 1480607657, "agreeCount": 0, "likes": {"groups": [], "count": 0}, "id": "584047a93bd4ab5a076bb4c0", "text": "San Lou Hor Fun. Agree with fellow 4SQ feedback: it's not worth it. On a workday lunch, the only impression I formed was that it too salty and no greens \ud83d\ude14", "type": "user", "user": {"gender": "male", "id": "231366", "photo": {"prefix": "https://igx.4sqi.net/img/user/", "suffix": "/231366-Q2ZSAEF50GYUXPDA.jpg"}, "firstName": "Cheen", "lastName": "The Curious"}, "canonicalUrl": "https://foursquare.com/item/584047a93bd4ab5a076bb4c0", "todo": {"count": 0}, "disagreeCount": 0}, {"logView": true, "lang": "en", "createdAt": 1314812065, "agreeCount": 1, "likes": {"groups": [{"items": [{"gender": "male", "id": "4533127", "photo": {"prefix": "https://igx.4sqi.net/img/user/", "suffix": "/HIBPRQ4KE42TME0Q.jpg"}, "firstName": "\uc564\ub514 Goh", "lastName": "\u54e5"}], "count": 1, "type": "others"}], "summary": "1 like", "count": 1}, "id": "4e5e70a1b993f2a09a94b5ef", "text": "The mihun soup & oatmeal prawn is to die for!", "type": "user", "user": {"gender": "female", "id": "240347", "photo": {"prefix": "https://igx.4sqi.net/img/user/", "suffix": "/MYFGPKFS1TCXJ5A4.jpg"}, "firstName": "Samantha", "lastName": "Wong"}, "canonicalUrl": "https://foursquare.com/item/4e5e70a1b993f2a09a94b5ef", "todo": {"count": 0}, "disagreeCount": 0}, {"logView": true, "lang": "en", "createdAt": 1291976052, "agreeCount": 0, "likes": {"groups": [], "count": 0}, "id": "4d01fd7402d0a35d9f5a9c7e", "text": "The deer meat is very tender.", "type": "user", "user": {"gender": "male", "id": "3435910", "photo": {"prefix": "https://igx.4sqi.net/img/user/", "suffix": "/TYDGPYFC1FMXYGRX.jpg"}, "firstName": "Lee", "lastName": "Jarrett"}, "canonicalUrl": "https://foursquare.com/item/4d01fd7402d0a35d9f5a9c7e", "todo": {"count": 0}, "disagreeCount": 0}, {"authorInteractionType": "liked", "logView": true, "lang": "en", "createdAt": 1450503648, "agreeCount": 0, "likes": {"groups": [], "count": 0}, "id": "5674ede0498ed236e9bc55dd", "text": "Shrimp paste chicken, cereal soft shell crab, fish soup noodle, assam fish head. Almost everything is good and their homemade barley drink.", "type": "user", "user": {"gender": "female", "id": "6215090", "photo": {"prefix": "https://igx.4sqi.net/img/user/", "suffix": "/FLXM0TGQ3WCU3ICT.jpg"}, "firstName": "Elise", "lastName": "C"}, "canonicalUrl": "https://foursquare.com/item/5674ede0498ed236e9bc55dd", "todo": {"count": 0}, "disagreeCount": 0}, {"authorInteractionType": "disliked", "logView": true, "lang": "en", "createdAt": 1463876952, "agreeCount": 1, "likes": {"groups": [], "count": 0}, "id": "5740fd58498ee70293a5225f", "text": "Poor rendition of their signature San Loh Horfun (\u4e09\u635e\u6cb3). Too wet and fish not fresh enough. Holland V XO Fish Noodles @ Smith St much better.", "type": "user", "user": {"id": "55390456", "photo": {"prefix": "https://igx.4sqi.net/img/user/", "suffix": "/55390456_xjGWfjYZ_UAMBNliBjCxql6WleMj7JVZzY9y3t2_6WtR-3ecn7WlfLcMpWqn7tIYj_11T_fb-.jpg"}, "firstName": "Ting", "gender": "female"}, "canonicalUrl": "https://foursquare.com/item/5740fd58498ee70293a5225f", "todo": {"count": 0}, "disagreeCount": 0}, {"logView": true, "lang": "en", "photo": {"id": "5153d35be4b00a630e56a146", "visibility": "public", "source": {"name": "Foursquare for iOS", "url": "https://foursquare.com/download/#/iphone"}, "suffix": "/7875727__B2FR58WAMZEAsy2hgOvnOjr-oQSnGMAxtvupk4YG-k.jpg", "createdAt": 1364448091, "prefix": "https://igx.4sqi.net/img/general/", "width": 720, "height": 720}, "createdAt": 1364448065, "todo": {"count": 0}, "agreeCount": 0, "likes": {"groups": [], "count": 0}, "id": "5153d341e4b0ce9d18dc9dbe", "text": "Tasty Tze Char SeaFood Hor Fun - generous serving of fish slices prawns gravy excellent", "disagreeCount": 0, "user": {"id": "7875727", "photo": {"prefix": "https://igx.4sqi.net/img/user/", "suffix": "/7875727-JMJFL4P0142JMSL1.jpg"}, "firstName": "JsRockFort", "gender": "none"}, "canonicalUrl": "https://foursquare.com/item/5153d341e4b0ce9d18dc9dbe", "type": "user", "photourl": "https://igx.4sqi.net/img/general/original/7875727__B2FR58WAMZEAsy2hgOvnOjr-oQSnGMAxtvupk4YG-k.jpg"}, {"logView": true, "lang": "en", "createdAt": 1300250682, "agreeCount": 0, "likes": {"groups": [], "count": 0}, "id": "4d80403a8edaa1438281eb39", "text": "Spend 50 bucks and get to order their chicken at $1!", "type": "user", "user": {"gender": "female", "id": "4821052", "photo": {"prefix": "https://igx.4sqi.net/img/user/", "suffix": "/4821052-52KLTA4XQNL0GKRQ.jpg"}, "firstName": "Ling", "lastName": "Ong"}, "canonicalUrl": "https://foursquare.com/item/4d80403a8edaa1438281eb39", "todo": {"count": 0}, "disagreeCount": 0}, {"logView": true, "lang": "en", "createdAt": 1376657261, "agreeCount": 1, "likes": {"groups": [], "count": 0}, "id": "520e1f6d11d2bb1c92f67ae7", "text": "Ridiculous and hideous name to be called Hong Kong Street Restaurant most of the things they sell here are all Singaporean food which can be found anywhere is Singapore but the food is delicious !", "type": "user", "user": {"gender": "male", "id": "28350555", "photo": {"prefix": "https://igx.4sqi.net/img/user/", "suffix": "/28350555-K1S4VWIXUA23LRYW.jpg"}, "firstName": "Joel", "lastName": "Tan"}, "canonicalUrl": "https://foursquare.com/item/520e1f6d11d2bb1c92f67ae7", "todo": {"count": 0}, "disagreeCount": 0}, {"logView": true, "lang": "en", "createdAt": 1362310118, "agreeCount": 0, "likes": {"groups": [], "count": 0}, "id": "513333e6e4b0e80ce16a2270", "text": "Prawn paste chicken & san-lo horfun are their specialities. Try them!", "type": "user", "user": {"id": "3547036", "photo": {"prefix": "https://igx.4sqi.net/img/user/", "suffix": "/42NT0VPGBN0YGJXG.jpg"}, "firstName": "Janice", "gender": "female"}, "canonicalUrl": "https://foursquare.com/item/513333e6e4b0e80ce16a2270", "todo": {"count": 0}, "disagreeCount": 0}, {"logView": true, "lang": "en", "createdAt": 1324297187, "agreeCount": 0, "likes": {"groups": [], "count": 0}, "id": "4eef2be38231688f20461b94", "text": "Spare ribs are superb", "type": "user", "user": {"gender": "male", "id": "17436188", "photo": {"prefix": "https://igx.4sqi.net/img/user/", "suffix": "/C0XVXRG2HMJTLMC3.jpg"}, "firstName": "Rod", "lastName": "Strother"}, "canonicalUrl": "https://foursquare.com/item/4eef2be38231688f20461b94", "todo": {"count": 0}, "disagreeCount": 0}, {"logView": true, "lang": "en", "photo": {"id": "54d0b8ff498eba56941937f9", "visibility": "public", "source": {"name": "Foursquare for iOS", "url": "https://foursquare.com/download/#/iphone"}, "suffix": "/3726996_8w4LymR3Rge__s-blE23R1_T8eXNL3zQz2DTgcO-aPs.jpg", "createdAt": 1422964991, "prefix": "https://igx.4sqi.net/img/general/", "width": 1920, "height": 1440}, "createdAt": 1422964988, "todo": {"count": 0}, "agreeCount": 0, "likes": {"groups": [], "count": 0}, "id": "54d0b8fc498edbe1d3208fff", "text": "Their small servings are enough for two people if you've got small appetites.", "disagreeCount": 0, "user": {"gender": "female", "id": "3726996", "photo": {"prefix": "https://igx.4sqi.net/img/user/", "suffix": "/3726996_zgSdm-Xz_8yGEAClGHvjBreJRQg35guCj9yK_1SyEk9soXSsn8k_QDrnetMvL4WW0clUQWJYs.jpg"}, "firstName": "Bianca", "lastName": "Bueno"}, "canonicalUrl": "https://foursquare.com/item/54d0b8fc498edbe1d3208fff", "type": "user", "photourl": "https://igx.4sqi.net/img/general/original/3726996_8w4LymR3Rge__s-blE23R1_T8eXNL3zQz2DTgcO-aPs.jpg"}, {"logView": true, "lang": "en", "createdAt": 1309526676, "agreeCount": 0, "likes": {"groups": [], "count": 0}, "id": "4e0dca9422711665f60dd3b7", "text": "'Sam lo hor fun' is a great starter. eat it once it comes out or it dries up.. Add chilli and its even better!", "type": "user", "user": {"gender": "female", "id": "8252823", "photo": {"prefix": "https://igx.4sqi.net/img/user/", "suffix": "/A3SR5BNNGGT4ZOVU.jpg"}, "firstName": "Jess", "lastName": "A"}, "canonicalUrl": "https://foursquare.com/item/4e0dca9422711665f60dd3b7", "todo": {"count": 0}, "disagreeCount": 0}, {"logView": true, "lang": "en", "createdAt": 1290975824, "agreeCount": 0, "likes": {"groups": [], "count": 0}, "id": "4cf2ba50b3662c0f33297a30", "text": "I have never eaten brinjal in my life till I ate the claypot brinjal at this restaurant and I got hooked to it! Simply love it.", "type": "user", "user": {"gender": "female", "id": "4337842", "photo": {"prefix": "https://igx.4sqi.net/img/user/", "suffix": "/Z5MUE1DKY2HX40I3.jpg"}, "firstName": "Chris", "lastName": "Chua"}, "canonicalUrl": "https://foursquare.com/item/4cf2ba50b3662c0f33297a30", "todo": {"count": 2}, "disagreeCount": 0}], "count": 22}}}