{"meta": {"code": 200, "requestId": "595a47846a6071143b39bec3"}, "response": {"tips": {"items": [{"logView": true, "lang": "en", "createdAt": 1293805730, "agreeCount": 0, "likes": {"groups": [], "count": 0}, "id": "4d1de8a20901721e75ba7ca5", "text": "try the 8 treasures tea here, quite good.", "type": "user", "user": {"id": "3771992", "photo": {"prefix": "https://igx.4sqi.net/img/user/", "suffix": "/3771992-O4UVSMANZN3RNTXO.jpg"}, "firstName": "Vincent", "gender": "male"}, "canonicalUrl": "https://foursquare.com/item/4d1de8a20901721e75ba7ca5", "todo": {"count": 0}, "disagreeCount": 0}, {"logView": true, "lang": "en", "createdAt": 1289496877, "agreeCount": 0, "likes": {"groups": [{"items": [], "count": 2, "type": "others"}], "summary": "2 likes", "count": 2}, "id": "4cdc292dcea2224b28ad894c", "text": "Yin Yang Almond and sesame cream", "type": "user", "user": {"gender": "male", "id": "4483040", "photo": {"prefix": "https://igx.4sqi.net/img/user/", "suffix": "/MBV3EQ4DCDTKH3YC.jpg"}, "firstName": "Low", "lastName": "Pei Wei"}, "canonicalUrl": "https://foursquare.com/item/4cdc292dcea2224b28ad894c", "todo": {"count": 3}, "disagreeCount": 0}, {"logView": true, "lang": "en", "createdAt": 1287936936, "agreeCount": 0, "likes": {"groups": [], "count": 0}, "id": "4cc45ba83d7fa1cdd856ab5f", "text": "The thick toast is great... :)", "type": "user", "user": {"gender": "male", "id": "3726215", "photo": {"prefix": "https://igx.4sqi.net/img/user/", "suffix": "/Y2I2HQQSBTKXGQKG.jpg"}, "firstName": "Zhou", "lastName": "Nick"}, "canonicalUrl": "https://foursquare.com/item/4cc45ba83d7fa1cdd856ab5f", "todo": {"count": 0}, "disagreeCount": 0}, {"logView": true, "lang": "en", "createdAt": 1289499935, "agreeCount": 0, "likes": {"groups": [], "count": 0}, "id": "4cdc351f96d760fcf55cffdb", "text": "YES! :: Chicken chop baked rice (8.5/10) [[ Corn Cream on top is unique and makes the dish surprisingly creamy & delicious ]]+ Mango Prawn Roll (8/10) [[ Not much mango.. but its okie.. mango is kind", "type": "user", "user": {"gender": "female", "id": "4535038", "photo": {"prefix": "https://igx.4sqi.net/img/user/", "suffix": "/F5VNX5WQJFZ01YGZ.jpg"}, "firstName": "Jermel", "lastName": "Tay"}, "canonicalUrl": "https://foursquare.com/item/4cdc351f96d760fcf55cffdb", "todo": {"count": 1}, "disagreeCount": 0}, {"logView": true, "lang": "en", "createdAt": 1286730510, "agreeCount": 0, "likes": {"groups": [{"items": [], "count": 1, "type": "others"}], "summary": "1 like", "count": 1}, "id": "4cb1f30eaef16dcba577bd54", "text": "Lychee freeze with kiwi fruit bits is nice! So is their baked rice..", "type": "user", "user": {"gender": "male", "id": "3470091", "photo": {"prefix": "https://igx.4sqi.net/img/user/", "suffix": "/WEHWEQSIU4GH11Y0.jpg"}, "firstName": "Edward", "lastName": "Lim"}, "canonicalUrl": "https://foursquare.com/item/4cb1f30eaef16dcba577bd54", "todo": {"count": 0}, "disagreeCount": 0}, {"logView": true, "lang": "en", "createdAt": 1285613487, "agreeCount": 0, "likes": {"groups": [], "count": 0}, "id": "4ca0e7afd3c2b60c1443e1bc", "text": "HK milk tea that can't go wrong. Best thing is that it opens till 6am! :D", "type": "user", "user": {"gender": "female", "id": "2533680", "photo": {"prefix": "https://igx.4sqi.net/img/user/", "suffix": "/YDV2Z25ZOVSMISXZ.jpg"}, "firstName": "Feliza", "lastName": "Ong"}, "canonicalUrl": "https://foursquare.com/item/4ca0e7afd3c2b60c1443e1bc", "todo": {"count": 0}, "disagreeCount": 0}, {"logView": true, "lang": "en", "createdAt": 1285949601, "agreeCount": 0, "likes": {"groups": [{"items": [], "count": 2, "type": "others"}], "summary": "2 likes", "count": 2}, "id": "4ca608a1b7106dcb9ce659a5", "text": "Try bolognaise toast... Not bad!", "type": "user", "user": {"gender": "female", "id": "2538397", "photo": {"prefix": "https://igx.4sqi.net/img/user/", "suffix": "/YJA4QNEH0NTAM5GN.jpg"}, "firstName": "Aki", "lastName": "Tan"}, "canonicalUrl": "https://foursquare.com/item/4ca608a1b7106dcb9ce659a5", "todo": {"count": 0}, "disagreeCount": 0}, {"logView": true, "lang": "en", "createdAt": 1275806756, "agreeCount": 0, "likes": {"groups": [], "count": 0}, "id": "4c0b4424009a0f47afefeabf", "text": "Ice cold yuan yang is the best! Go fir the thick toast with peanut butter and condensed milk!", "type": "user", "user": {"gender": "male", "id": "400511", "photo": {"prefix": "https://igx.4sqi.net/img/user/", "suffix": "/TSLCUYRZSCWDMRBJ.jpg"}, "firstName": "Dominic", "lastName": "Seet"}, "canonicalUrl": "https://foursquare.com/item/4c0b4424009a0f47afefeabf", "todo": {"count": 0}, "disagreeCount": 0}, {"logView": true, "lang": "en", "createdAt": 1293821913, "agreeCount": 0, "likes": {"groups": [], "count": 0}, "id": "4d1e27d92eb1f04d122dddc1", "text": "Iced Ying Yong's dope. Hands down. Must try. Serious.", "type": "user", "user": {"gender": "male", "id": "3475125", "photo": {"prefix": "https://igx.4sqi.net/img/user/", "suffix": "/5NNN2FCADRTWYNMZ.jpg"}, "firstName": "Sam", "lastName": "Schuster"}, "canonicalUrl": "https://foursquare.com/item/4d1e27d92eb1f04d122dddc1", "todo": {"count": 0}, "disagreeCount": 0}, {"logView": true, "lang": "en", "createdAt": 1293821720, "agreeCount": 0, "likes": {"groups": [], "count": 0}, "id": "4d1e271816cfb60c38f44561", "text": "Pink and green walls give me a headache, but I like the spaghetti.", "type": "user", "user": {"gender": "female", "id": "5527044", "photo": {"prefix": "https://igx.4sqi.net/img/user/", "suffix": "/3RCE3T3KCD5BAKP5.jpg"}, "firstName": "May", "lastName": "Cheong"}, "canonicalUrl": "https://foursquare.com/item/4d1e271816cfb60c38f44561", "todo": {"count": 1}, "disagreeCount": 0}], "count": 10}}}