{"meta": {"code": 200, "requestId": "595a49a8351e3d64ae2493ee"}, "response": {"tips": {"items": [{"authorInteractionType": "meh", "logView": true, "lang": "en", "photo": {"id": "56bd7bd5498eef03fc4397b8", "visibility": "public", "source": {"name": "Foursquare for iOS", "url": "https://foursquare.com/download/#/iphone"}, "suffix": "/3155475_yeZvbaAGA98lLJ5pZ2vrvZfzzVYDmX_cuipATlF4iHw.jpg", "createdAt": 1455258581, "prefix": "https://igx.4sqi.net/img/general/", "width": 1440, "height": 1920}, "createdAt": 1455258575, "todo": {"count": 0}, "agreeCount": 0, "likes": {"groups": [], "count": 0}, "id": "56bd7bcf498ea624b96ce502", "text": "First time here and got overcharged one meal that I didn't order. They kindly fix it tou. However, the taste is just so so. Still prefer Sabar menanti. It's also more expensive here..", "disagreeCount": 0, "user": {"gender": "male", "id": "3155475", "photo": {"prefix": "https://igx.4sqi.net/img/user/", "suffix": "/HVUL2LXGCEC5LATY.jpg"}, "firstName": "bady", "lastName": "qb"}, "canonicalUrl": "https://foursquare.com/item/56bd7bcf498ea624b96ce502", "type": "user", "photourl": "https://igx.4sqi.net/img/general/original/3155475_yeZvbaAGA98lLJ5pZ2vrvZfzzVYDmX_cuipATlF4iHw.jpg"}, {"logView": true, "lang": "en", "createdAt": 1475125333, "agreeCount": 0, "likes": {"groups": [], "count": 0}, "id": "57eca055498ee02358b7991e", "text": "Make sure you know the prices before ordering to avoid getting a bill shock. The ayam bakar itself is $5.50. Overrated imo, won't be coming back.", "type": "user", "user": {"id": "2416267", "photo": {"prefix": "https://igx.4sqi.net/img/user/", "suffix": "/2416267_KucjsQEM_ScdU_2QSQAUHuzKmBVwkJjI1N_g1HGztwHiU1HR99IuZBaOJaUm2PG-HS1b9ZtFJ.jpg"}, "firstName": "Songhua", "gender": "male"}, "canonicalUrl": "https://foursquare.com/item/57eca055498ee02358b7991e", "todo": {"count": 0}, "disagreeCount": 0}, {"logView": true, "lang": "en", "photo": {"id": "520c62aa11d2851979507182", "visibility": "public", "source": {"name": "Foursquare for iOS", "url": "https://foursquare.com/download/#/iphone"}, "suffix": "/43108777_-0R_O6G-F6V7fllYxCz_zAVbKSK4kpVtMS0uRcn2pbE.jpg", "createdAt": 1376543402, "prefix": "https://igx.4sqi.net/img/general/", "width": 960, "height": 720}, "createdAt": 1376543399, "todo": {"count": 0}, "agreeCount": 0, "likes": {"groups": [], "count": 0}, "id": "520c62a711d25357886f21fc", "text": "They moved opposite their old store. Best Ayam Ikan Bakar - grilled to perfection n served with delectable yellow gravy. Super yummy!", "disagreeCount": 0, "user": {"gender": "female", "id": "43108777", "photo": {"prefix": "https://igx.4sqi.net/img/user/", "suffix": "/43108777-HKOFQWHSO1V5ZWKP.jpg"}, "firstName": "Sunny", "lastName": "Bee"}, "canonicalUrl": "https://foursquare.com/item/520c62a711d25357886f21fc", "type": "user", "photourl": "https://igx.4sqi.net/img/general/original/43108777_-0R_O6G-F6V7fllYxCz_zAVbKSK4kpVtMS0uRcn2pbE.jpg"}, {"logView": true, "lang": "en", "createdAt": 1479613989, "agreeCount": 0, "likes": {"groups": [], "count": 0}, "id": "58311e256cea3f5831ae0146", "text": "Food is not so nice. Prefer the one at Far East level 4. Will not be back here again", "type": "user", "user": {"gender": "female", "id": "5170139", "photo": {"prefix": "https://igx.4sqi.net/img/user/", "suffix": "/XRIQUY1ZIMUSLUZY.jpg"}, "firstName": "Appie", "lastName": "Tiffie"}, "canonicalUrl": "https://foursquare.com/item/58311e256cea3f5831ae0146", "todo": {"count": 0}, "disagreeCount": 0}, {"logView": true, "lang": "en", "createdAt": 1272342464, "agreeCount": 1, "likes": {"groups": [{"items": [{"gender": "female", "id": "4529707", "photo": {"prefix": "https://igx.4sqi.net/img/user/", "suffix": "/Q002VSXTQIBIKAB0.jpg"}, "firstName": "Hidayah", "lastName": "Sis"}], "count": 1, "type": "others"}], "summary": "1 like", "count": 1}, "id": "4bd667c070c603bb1a5f99b4", "text": "AWESOME nasi padang!! The rendang and fried chicken is out of this world!", "type": "user", "user": {"gender": "female", "id": "1052864", "photo": {"prefix": "https://igx.4sqi.net/img/user/", "suffix": "/LXJKEODDFGNHYWYR.jpg"}, "firstName": "Sarah", "lastName": "Chaudhry"}, "canonicalUrl": "https://foursquare.com/item/4bd667c070c603bb1a5f99b4", "todo": {"count": 1}, "disagreeCount": 0}, {"logView": true, "lang": "en", "createdAt": 1479614108, "agreeCount": 0, "likes": {"groups": [], "count": 0}, "id": "58311e9c9b615c771bad7db7", "text": "Food is not so nice. Furthermore food is expensive. 2pax $25. Prefer the one at Far East level 4. Will not be back here again.", "type": "user", "user": {"gender": "female", "id": "5170139", "photo": {"prefix": "https://igx.4sqi.net/img/user/", "suffix": "/XRIQUY1ZIMUSLUZY.jpg"}, "firstName": "Appie", "lastName": "Tiffie"}, "canonicalUrl": "https://foursquare.com/item/58311e9c9b615c771bad7db7", "todo": {"count": 1}, "disagreeCount": 0}, {"logView": true, "lang": "en", "createdAt": 1319083825, "agreeCount": 0, "likes": {"groups": [], "count": 0}, "id": "4e9f9f317ee5194396ccc959", "text": "The best limpa ever!! That's spleen for ya but it rocks !!!", "type": "user", "user": {"gender": "female", "id": "840548", "photo": {"prefix": "https://igx.4sqi.net/img/user/", "suffix": "/840548-UNU0SNEEU1RTRQQB.jpg"}, "firstName": "Isnarny", "lastName": "Makhruji"}, "canonicalUrl": "https://foursquare.com/item/4e9f9f317ee5194396ccc959", "todo": {"count": 0}, "disagreeCount": 0}, {"logView": true, "lang": "en", "createdAt": 1290060621, "agreeCount": 1, "likes": {"groups": [{"items": [{"id": "2705127", "photo": {"prefix": "https://igx.4sqi.net/img/user/", "suffix": "/EU22U4YTSUJWJKQW.jpg"}, "firstName": "Fugitive", "gender": "male"}], "count": 5, "type": "others"}], "summary": "5 likes", "count": 5}, "id": "4ce4c34d16d4a090c5e0934b", "text": "Got overcharged: $15.80 for ayam bakar, tauhu and kambing, 2 rice and 2 drinks. The last time I was here (2 months ago) I paid $14 for more food", "type": "user", "user": {"gender": "male", "id": "308951", "photo": {"prefix": "https://igx.4sqi.net/img/user/", "suffix": "/3UP0AI4WEWFBWG2M.jpg"}, "firstName": "Gabriel", "lastName": "Seah"}, "canonicalUrl": "https://foursquare.com/item/4ce4c34d16d4a090c5e0934b", "todo": {"count": 0}, "disagreeCount": 0}, {"authorInteractionType": "liked", "logView": true, "lang": "en", "createdAt": 1367126475, "agreeCount": 10, "likes": {"groups": [{"items": [], "count": 10, "type": "others"}], "summary": "10 likes", "count": 10}, "id": "517cb1cbe4b0a6c18becd834", "text": "The best padang cuisine in town...beef rendang, ayam goreng bumbu & tahu telur...YeS!!", "type": "user", "user": {"id": "37964424", "photo": {"prefix": "https://igx.4sqi.net/img/user/", "suffix": "/QXQUR5HUZSWY3Z5R.png"}, "firstName": "Halal Society", "gender": "male"}, "canonicalUrl": "https://foursquare.com/item/517cb1cbe4b0a6c18becd834", "todo": {"count": 0}, "disagreeCount": 0}, {"logView": true, "lang": "en", "createdAt": 1286567465, "agreeCount": 0, "likes": {"groups": [], "count": 0}, "id": "4caf7629babebfb71b23a2ab", "text": "Why are you reading this just go and try the food already", "type": "user", "user": {"id": "396429", "photo": {"prefix": "https://igx.4sqi.net/img/user/", "suffix": "/R3D3CMQBKGGCFYED.png"}, "firstName": "nvendr", "gender": "none"}, "canonicalUrl": "https://foursquare.com/item/4caf7629babebfb71b23a2ab", "todo": {"count": 0}, "disagreeCount": 0}, {"logView": true, "lang": "en", "createdAt": 1283313010, "agreeCount": 0, "likes": {"groups": [{"items": [], "count": 1, "type": "others"}], "summary": "1 like", "count": 1}, "id": "4c7dcd728da18cfad1aaa0ce", "text": "Best ayam bakar ever... Love it...!", "type": "user", "user": {"gender": "male", "id": "1514815", "photo": {"prefix": "https://igx.4sqi.net/img/user/", "suffix": "/V3H3A2BBOISNTPBM.jpg"}, "firstName": "Hendry", "lastName": "Taharudin"}, "canonicalUrl": "https://foursquare.com/item/4c7dcd728da18cfad1aaa0ce", "todo": {"count": 0}, "disagreeCount": 0}, {"logView": true, "lang": "en", "createdAt": 1482818952, "agreeCount": 0, "likes": {"groups": [], "count": 0}, "id": "5862058876b8b21889a2d33d", "text": "The sambal (free) is amazing. Also great Ayam bakar and squid. Best begedil I've eaten.", "type": "user", "user": {"gender": "male", "id": "527568", "photo": {"prefix": "https://igx.4sqi.net/img/user/", "suffix": "/TX3GEBXT3HLH454L.gif"}, "firstName": "Shannon", "lastName": "Low"}, "canonicalUrl": "https://foursquare.com/item/5862058876b8b21889a2d33d", "todo": {"count": 0}, "disagreeCount": 0}, {"logView": true, "lang": "en", "photo": {"id": "50cb5c32e4b09d9531ecaf1a", "visibility": "public", "source": {"name": "Foursquare for iOS", "url": "https://foursquare.com/download/#/iphone"}, "suffix": "/5566886_X7am5huxndujxrX_eDIaRlYa1pBfhQ4_JCDCIi25V7M.jpg", "createdAt": 1355504690, "prefix": "https://igx.4sqi.net/img/general/", "width": 720, "height": 540}, "createdAt": 1355504687, "todo": {"count": 0}, "agreeCount": 0, "likes": {"groups": [], "count": 0}, "id": "50cb5c2fe4b05a8a10149282", "text": "$15++ for this and an omelette. Not worth a try with its pathetic serving and expensive pricing. Few CUBES of beef for $2.50?! Chicken in photo costs $5.00. Staff here were extremely rude to us.", "disagreeCount": 0, "user": {"id": "5566886", "photo": {"prefix": "https://igx.4sqi.net/img/user/", "suffix": "/5566886-1AHWSWOSS1H5UOI1.jpg"}, "firstName": "Fel", "gender": "female"}, "canonicalUrl": "https://foursquare.com/item/50cb5c2fe4b05a8a10149282", "type": "user", "photourl": "https://igx.4sqi.net/img/general/original/5566886_X7am5huxndujxrX_eDIaRlYa1pBfhQ4_JCDCIi25V7M.jpg"}, {"logView": true, "lang": "en", "createdAt": 1308711870, "agreeCount": 0, "likes": {"groups": [], "count": 0}, "id": "4e015bbefa764068a36c7ce5", "text": "Yes ,! Food is expensive. But one needs to try this power house . Awesome  :)", "type": "user", "user": {"id": "9418038", "photo": {"prefix": "https://igx.4sqi.net/img/user/", "suffix": "/D1VRAP2RYOH3S0WR.jpg"}, "firstName": "GoldFinger", "gender": "none"}, "canonicalUrl": "https://foursquare.com/item/4e015bbefa764068a36c7ce5", "todo": {"count": 0}, "disagreeCount": 0}, {"logView": true, "lang": "en", "createdAt": 1278050603, "agreeCount": 0, "likes": {"groups": [], "count": 0}, "id": "4c2d812b7d85a59322d052f3", "text": "I could eat the ayam bakar all day.", "type": "user", "user": {"gender": "male", "id": "1547139", "photo": {"prefix": "https://igx.4sqi.net/img/user/", "suffix": "/UWTRLMCHZCVAXKB3.jpg"}, "firstName": "Joel", "lastName": "Kang"}, "canonicalUrl": "https://foursquare.com/item/4c2d812b7d85a59322d052f3", "todo": {"count": 0}, "disagreeCount": 0}, {"logView": true, "lang": "en", "createdAt": 1380105219, "agreeCount": 1, "likes": {"groups": [{"items": [{"id": "481216", "photo": {"prefix": "https://igx.4sqi.net/img/user/", "suffix": "/481216_G0gmPQVX_vNedai3z08bXcs2Uq8z2hA7lxteyjwGnurbMn1KgjyhrIY0sCbVVLP7_bmxL1iyI.jpg"}, "firstName": "A A L I Y A H", "gender": "female"}], "count": 1, "type": "others"}], "summary": "1 like", "count": 1}, "id": "5242bc03498ed878b581da4c", "text": "Ayam bakar, rendang and condiments of anchovies with peanuts, red chillies and achar. They serve young jackfruit curry and squid curry. Try their beef soup (not on display, have to ask for it).", "type": "user", "user": {"id": "12305570", "photo": {"prefix": "https://igx.4sqi.net/img/user/", "suffix": "/12305570-J3K4UGYLG55R2V4G.jpg"}, "firstName": "Saudade", "gender": "female"}, "canonicalUrl": "https://foursquare.com/item/5242bc03498ed878b581da4c", "todo": {"count": 0}, "disagreeCount": 0}, {"logView": true, "lang": "en", "createdAt": 1382940961, "agreeCount": 0, "likes": {"groups": [], "count": 0}, "id": "526e0121498e2f3f38bcb29c", "text": "Pricey for two pax $13 :(", "type": "user", "user": {"gender": "female", "id": "2209131", "photo": {"prefix": "https://igx.4sqi.net/img/user/", "suffix": "/2209131-0Z4WOLH15110KNGW.jpg"}, "firstName": "Stella", "lastName": "C"}, "canonicalUrl": "https://foursquare.com/item/526e0121498e2f3f38bcb29c", "todo": {"count": 0}, "disagreeCount": 0}, {"logView": true, "lang": "en", "createdAt": 1439470618, "agreeCount": 0, "likes": {"groups": [], "count": 0}, "id": "55cc941a498ec10548d5c2bd", "text": "Oldest Nasi Padang Warong in Singapore", "type": "user", "user": {"gender": "male", "id": "70619391", "photo": {"prefix": "https://igx.4sqi.net/img/user/", "suffix": "/70619391-4AQNFF4N32JLWJYM.jpg"}, "firstName": "Hong Lim", "lastName": "Park"}, "canonicalUrl": "https://foursquare.com/item/55cc941a498ec10548d5c2bd", "todo": {"count": 0}, "disagreeCount": 0}, {"logView": true, "lang": "en", "createdAt": 1282483749, "agreeCount": 1, "likes": {"groups": [{"items": [{"gender": "female", "id": "4529707", "photo": {"prefix": "https://igx.4sqi.net/img/user/", "suffix": "/Q002VSXTQIBIKAB0.jpg"}, "firstName": "Hidayah", "lastName": "Sis"}], "count": 8, "type": "others"}], "summary": "8 likes", "count": 8}, "id": "4c7126259375a09308f20837", "text": "the best ayam bakar everr", "type": "user", "user": {"id": "2387318", "photo": {"prefix": "https://igx.4sqi.net/img/user/", "suffix": "/3S0NY2MLVH1GBIKB.jpg"}, "firstName": "aRfah", "gender": "none"}, "canonicalUrl": "https://foursquare.com/item/4c7126259375a09308f20837", "todo": {"count": 5}, "disagreeCount": 0}, {"logView": true, "lang": "en", "photo": {"id": "52fed40d498e6a1517dac31b", "visibility": "public", "source": {"name": "Foursquare for iOS", "url": "https://foursquare.com/download/#/iphone"}, "suffix": "/76227035_mrPqIsYIkfrAqqJ1eYTS4ZebOCejArOtACbZu_O7T4Y.jpg", "createdAt": 1392432141, "prefix": "https://igx.4sqi.net/img/general/", "width": 960, "height": 720}, "createdAt": 1392432139, "todo": {"count": 0}, "agreeCount": 0, "likes": {"groups": [], "count": 0}, "id": "52fed40b498eb13ce1d6b28e", "text": "Best time to makan will be around 10.30. After 12, all the good stuff gone.", "disagreeCount": 0, "user": {"gender": "male", "id": "76227035", "photo": {"prefix": "https://igx.4sqi.net/img/user/", "suffix": "/76227035-X1QFCFGKQFI0QTYZ.jpg"}, "firstName": "Danuwari", "lastName": "Shamasudin"}, "canonicalUrl": "https://foursquare.com/item/52fed40b498eb13ce1d6b28e", "type": "user", "photourl": "https://igx.4sqi.net/img/general/original/76227035_mrPqIsYIkfrAqqJ1eYTS4ZebOCejArOtACbZu_O7T4Y.jpg"}, {"logView": true, "lang": "en", "createdAt": 1294190073, "agreeCount": 0, "likes": {"groups": [{"items": [], "count": 3, "type": "others"}], "summary": "3 likes", "count": 3}, "id": "4d23c5f9e704b60c29975ba9", "text": "Breakfast was awesome!!", "type": "user", "user": {"gender": "male", "id": "5283330", "photo": {"prefix": "https://igx.4sqi.net/img/user/", "suffix": "/BB5R0PNNS1BDUFTL.jpg"}, "firstName": "Wowo", "lastName": "Watanabe"}, "canonicalUrl": "https://foursquare.com/item/4d23c5f9e704b60c29975ba9", "todo": {"count": 1}, "disagreeCount": 0}, {"logView": true, "lang": "en", "createdAt": 1348039028, "agreeCount": 0, "likes": {"groups": [], "count": 0}, "id": "50597174e4b09684f8bdfce0", "text": "The lemak ayam bakar tastes great. Come early, before 1230 because it gets crowded fast and seats are limited. They close 2-230.", "type": "user", "user": {"gender": "male", "id": "33332543", "photo": {"prefix": "https://igx.4sqi.net/img/user/", "suffix": "/33332543-YZIK445VYYHBCKUG.jpg"}, "firstName": "Khazmin", "lastName": "Juma'in"}, "canonicalUrl": "https://foursquare.com/item/50597174e4b09684f8bdfce0", "todo": {"count": 0}, "disagreeCount": 0}, {"logView": true, "lang": "en", "createdAt": 1324008742, "agreeCount": 2, "likes": {"groups": [{"items": [{"gender": "none", "id": "5340206", "photo": {"prefix": "https://igx.4sqi.net/img/user/", "suffix": "/5340206-XN5T5OZRDZUAARUW.jpg"}, "firstName": "Roland", "lastName": "Choo"}, {"gender": "male", "id": "16653760", "photo": {"prefix": "https://igx.4sqi.net/img/user/", "suffix": "/MRAXXOG1BN1H1TCF.jpg"}, "firstName": "Kurniawan", "lastName": "Fery"}], "count": 2, "type": "others"}], "summary": "2 likes", "count": 2}, "id": "4eeac526f79047273b9dc2ad", "text": "Rendang is POWER!! Must try!!", "type": "user", "user": {"gender": "male", "id": "7906612", "photo": {"prefix": "https://igx.4sqi.net/img/user/", "suffix": "/M0M2FBYGJR2YSXVQ.jpg"}, "firstName": "Jack", "lastName": "Zhang"}, "canonicalUrl": "https://foursquare.com/item/4eeac526f79047273b9dc2ad", "todo": {"count": 0}, "disagreeCount": 0}, {"logView": true, "lang": "en", "createdAt": 1287499105, "agreeCount": 0, "likes": {"groups": [{"items": [], "count": 2, "type": "others"}], "summary": "2 likes", "count": 2}, "id": "4cbdad613481199c88aa6d3f", "text": "Best ayam bakar,beef rendang and lime juice. Come early at 10.30am to avoid lunch time crowd.", "type": "user", "user": {"gender": "female", "id": "4062868", "photo": {"prefix": "https://igx.4sqi.net/img/user/", "suffix": "/PN2X3DTRVORGGRDR.jpg"}, "firstName": "Lenny", "lastName": "Emrin"}, "canonicalUrl": "https://foursquare.com/item/4cbdad613481199c88aa6d3f", "todo": {"count": 1}, "disagreeCount": 0}, {"logView": true, "lang": "en", "createdAt": 1463896298, "agreeCount": 0, "likes": {"groups": [], "count": 0}, "id": "574148ea498e8f18c3720793", "text": "Eat upstairs for air-conditioned comfort", "type": "user", "user": {"gender": "male", "id": "318615", "photo": {"prefix": "https://igx.4sqi.net/img/user/", "suffix": "/PSQKEV3JMATZNESV.jpg"}, "firstName": "VotreX", "lastName": "Tan"}, "canonicalUrl": "https://foursquare.com/item/574148ea498e8f18c3720793", "todo": {"count": 0}, "disagreeCount": 0}, {"logView": true, "lang": "en", "createdAt": 1338306562, "agreeCount": 0, "likes": {"groups": [], "count": 0}, "id": "4fc4f002e4b0ff36cf70e1bc", "text": "Wow mutton soup ;)", "type": "user", "user": {"gender": "male", "id": "28270187", "photo": {"prefix": "https://igx.4sqi.net/img/user/", "suffix": "/3DOC5FOFWIQZ1IJD.jpg"}, "firstName": "Matthew", "lastName": "Dominc"}, "canonicalUrl": "https://foursquare.com/item/4fc4f002e4b0ff36cf70e1bc", "todo": {"count": 0}, "disagreeCount": 0}], "count": 26}}}