{"meta": {"code": 200, "requestId": "595a54d14434b96bc8f8ce9b"}, "response": {"tips": {"items": [{"logView": true, "lang": "ar", "createdAt": 1366188325, "agreeCount": 0, "likes": {"groups": [], "count": 0}, "id": "516e6125e4b0870e334f94aa", "text": "\u0627\u0644\u0623\u0643\u0644 \u0637\u0627\u0632\u062c \u0648\u064a\u062d\u0636\u0631 \u0623\u0645\u0627\u0645\u0643 Eating fresh and cooked in front of your/  open  kitchen", "type": "user", "user": {"id": "49506653", "photo": {"prefix": "https://igx.4sqi.net/img/user/", "suffix": "/49506653_YtbbBL8W_TqB9fzF6Ylq5R9IAZgV7ycI6Zv6yJ1a7AmK95n9xJYUFcl9K6ToE2ByE-jorbDCN.jpg"}, "firstName": "Talal", "gender": "male"}, "canonicalUrl": "https://foursquare.com/item/516e6125e4b0870e334f94aa", "todo": {"count": 0}, "disagreeCount": 0}, {"authorInteractionType": "liked", "logView": true, "lang": "en", "createdAt": 1465573593, "agreeCount": 0, "likes": {"groups": [], "count": 0}, "id": "575ae0d9498ee9e37660fb17", "text": "Meat, seafood", "type": "user", "user": {"gender": "male", "id": "1483050", "photo": {"prefix": "https://igx.4sqi.net/img/user/", "suffix": "/1483050-3TBIMT1QCTBJVO4B.jpg"}, "firstName": "Chi Hian", "lastName": "Foo"}, "canonicalUrl": "https://foursquare.com/item/575ae0d9498ee9e37660fb17", "todo": {"count": 0}, "disagreeCount": 0}, {"logView": true, "lang": "en", "createdAt": 1417356206, "agreeCount": 0, "likes": {"groups": [], "count": 0}, "id": "547b23ae498e2a9a9ede4735", "text": "They have the best Rosti.", "type": "user", "user": {"gender": "male", "id": "71500581", "photo": {"prefix": "https://igx.4sqi.net/img/user/", "suffix": "/71500581_mg49cvrj_2RLwGH5Rw8olhYGeuKOX_H6VUcwnjWzghAz4o75aEEAD1y_dDbgAQGzL35BFENqj.jpg"}, "firstName": "azwan", "lastName": "a."}, "canonicalUrl": "https://foursquare.com/item/547b23ae498e2a9a9ede4735", "todo": {"count": 0}, "disagreeCount": 0}, {"logView": true, "lang": "en", "createdAt": 1320213849, "agreeCount": 0, "likes": {"groups": [], "count": 0}, "id": "4eb0dd59775b7cb808ac3dec", "text": "Rosti...mmm.... Yummy...^,^", "type": "user", "user": {"gender": "male", "id": "15167511", "photo": {"prefix": "https://igx.4sqi.net/img/user/", "default": true, "suffix": "/blank_boy.png"}, "firstName": "Leslie", "lastName": "Kuit"}, "canonicalUrl": "https://foursquare.com/item/4eb0dd59775b7cb808ac3dec", "todo": {"count": 0}, "disagreeCount": 0}, {"logView": true, "lang": "en", "createdAt": 1300205685, "agreeCount": 0, "likes": {"groups": [], "count": 0}, "id": "4d7f907534468eec69feda93", "text": "Smaller than the one in 313@Somerset but still its cosy.", "type": "user", "user": {"gender": "female", "id": "7701302", "photo": {"prefix": "https://igx.4sqi.net/img/user/", "suffix": "/7701302-RKEKVWBMGL0UCL1R.jpg"}, "firstName": "Livia", "lastName": "Tan"}, "canonicalUrl": "https://foursquare.com/item/4d7f907534468eec69feda93", "todo": {"count": 0}, "disagreeCount": 0}, {"logView": true, "lang": "en", "createdAt": 1295606753, "agreeCount": 0, "likes": {"groups": [], "count": 0}, "id": "4d3963e1039eb60c5023e19c", "text": "Food has improved last time I came!!staff at rosti was icing on cake!", "type": "user", "user": {"gender": "male", "id": "5036087", "photo": {"prefix": "https://igx.4sqi.net/img/user/", "suffix": "/VVPSGEZFIA4YDZ3K.jpg"}, "firstName": "Melvin", "lastName": "Yang"}, "canonicalUrl": "https://foursquare.com/item/4d3963e1039eb60c5023e19c", "todo": {"count": 0}, "disagreeCount": 0}, {"logView": true, "lang": "en", "createdAt": 1274853716, "agreeCount": 2, "likes": {"groups": [{"items": [], "count": 11, "type": "others"}], "summary": "11 likes", "count": 11}, "id": "4bfcb95470c603bb9e029db4", "text": "Don't forget to surrender your card or you'll pay a hundred Singbucks!", "type": "user", "user": {"gender": "male", "id": "748647", "photo": {"prefix": "https://igx.4sqi.net/img/user/", "suffix": "/748647-OIHZXPJCWHWFOK1L.jpg"}, "firstName": "Jeff", "lastName": "Alagar Jr."}, "canonicalUrl": "https://foursquare.com/item/4bfcb95470c603bb9e029db4", "todo": {"count": 0}, "disagreeCount": 0}, {"logView": true, "lang": "en", "createdAt": 1301314216, "agreeCount": 2, "likes": {"groups": [{"items": [{"gender": "male", "id": "1107547", "photo": {"prefix": "https://igx.4sqi.net/img/user/", "suffix": "/1107547-QG134BH1DLNSWYRQ.jpg"}, "firstName": "Jann", "lastName": "Tan Nery"}, {"gender": "female", "id": "5131601", "photo": {"prefix": "https://igx.4sqi.net/img/user/", "suffix": "/5131601-VXPKMMICMXASYVIF.jpg"}, "firstName": "Ning", "lastName": "Pari"}], "count": 2, "type": "others"}], "summary": "2 likes", "count": 2}, "id": "4d907aa81a6bba7a969c6a70", "text": "This is one of the best restaurants in SG that I tried. Try the Seafood Paella and the Salmon.", "type": "user", "user": {"gender": "female", "id": "204606", "photo": {"prefix": "https://igx.4sqi.net/img/user/", "suffix": "/204606-GELFVNBU5AX4MPXS.jpg"}, "firstName": "Abbie", "lastName": "Real"}, "canonicalUrl": "https://foursquare.com/item/4d907aa81a6bba7a969c6a70", "todo": {"count": 0}, "disagreeCount": 0}, {"logView": true, "lang": "en", "createdAt": 1290590988, "agreeCount": 1, "likes": {"groups": [{"items": [{"gender": "female", "id": "32702676", "photo": {"prefix": "https://igx.4sqi.net/img/user/", "suffix": "/RRKD0NWZIX52JYOB.jpg"}, "firstName": "Eva", "lastName": "K"}], "count": 2, "type": "others"}], "summary": "2 likes", "count": 2}, "id": "4cecdb0c3b03f04dbffe30dc", "text": "please remember to give ur i.d and marche card to the hostess if going out! the wash room is outside. tysm.", "type": "user", "user": {"gender": "female", "id": "4783970", "photo": {"prefix": "https://igx.4sqi.net/img/user/", "suffix": "/CQJFNZ35R5FCGZMU.jpg"}, "firstName": "Liya", "lastName": "Campos"}, "canonicalUrl": "https://foursquare.com/item/4cecdb0c3b03f04dbffe30dc", "todo": {"count": 0}, "disagreeCount": 0}, {"logView": true, "lang": "en", "createdAt": 1280720305, "agreeCount": 0, "likes": {"groups": [{"items": [], "count": 4, "type": "others"}], "summary": "4 likes", "count": 4}, "id": "4c563db11ec2952131f6cbfc", "text": "The best March\u00e9 in Singapore. Oysterzzz <3", "type": "user", "user": {"gender": "female", "id": "2408164", "photo": {"prefix": "https://igx.4sqi.net/img/user/", "suffix": "/2408164-UCCPBWIIFA25GZGN.jpg"}, "firstName": "Joey", "lastName": "Koa"}, "canonicalUrl": "https://foursquare.com/item/4c563db11ec2952131f6cbfc", "todo": {"count": 0}, "disagreeCount": 0}, {"logView": true, "lang": "en", "createdAt": 1367415160, "agreeCount": 0, "likes": {"groups": [], "count": 0}, "id": "51811978498e4efd9989ea11", "text": "Mushroom soup not as good as last time and a tad too pepperish!", "type": "user", "user": {"gender": "none", "id": "973119", "photo": {"prefix": "https://igx.4sqi.net/img/user/", "suffix": "/973119-IFB3T1QJB544TUGL.jpg"}, "firstName": "PK", "lastName": "Ong"}, "canonicalUrl": "https://foursquare.com/item/51811978498e4efd9989ea11", "todo": {"count": 0}, "disagreeCount": 0}, {"authorInteractionType": "meh", "logView": true, "lang": "en", "createdAt": 1472529447, "agreeCount": 0, "likes": {"groups": [], "count": 0}, "id": "57c50427498e24f393084955", "text": "Service and ambience are great. Pricing can be more affordable. Food was ok but we got really thirsty soon after dinner.", "type": "user", "user": {"gender": "female", "id": "2749397", "photo": {"prefix": "https://igx.4sqi.net/img/user/", "suffix": "/DGORIBUF4JT2GN2M.jpg"}, "firstName": "Wenya", "lastName": "Lee"}, "canonicalUrl": "https://foursquare.com/item/57c50427498e24f393084955", "todo": {"count": 0}, "disagreeCount": 0}, {"logView": true, "lang": "en", "createdAt": 1307266952, "agreeCount": 1, "likes": {"groups": [{"items": [{"gender": "female", "id": "5131601", "photo": {"prefix": "https://igx.4sqi.net/img/user/", "suffix": "/5131601-VXPKMMICMXASYVIF.jpg"}, "firstName": "Ning", "lastName": "Pari"}], "count": 1, "type": "others"}], "summary": "1 like", "count": 1}, "id": "4deb4f88d164ef597d025b87", "text": "Try swiss rosti and deep fries salmon :)", "type": "user", "user": {"gender": "female", "id": "5455594", "photo": {"prefix": "https://igx.4sqi.net/img/user/", "suffix": "/TEKYNU2CPCZ3VRDZ.jpg"}, "firstName": "Marina", "lastName": "Balasanova"}, "canonicalUrl": "https://foursquare.com/item/4deb4f88d164ef597d025b87", "todo": {"count": 0}, "disagreeCount": 0}, {"logView": true, "lang": "en", "photo": {"id": "5264ae2c498e56f27c05d06d", "visibility": "public", "source": {"name": "Foursquare for Android", "url": "https://foursquare.com/download/#/android"}, "suffix": "/16485278_zsM52rynT7axcXgqmQJSCGRt8DpFhpq3eZueKTCd4Ds.jpg", "createdAt": 1382329900, "prefix": "https://igx.4sqi.net/img/general/", "width": 720, "height": 960}, "createdAt": 1382329898, "todo": {"count": 0}, "agreeCount": 1, "likes": {"groups": [{"items": [{"gender": "male", "id": "74471167", "photo": {"prefix": "https://igx.4sqi.net/img/user/", "default": true, "suffix": "/blank_boy.png"}, "firstName": "Andrew", "lastName": "Khine"}], "count": 1, "type": "others"}], "summary": "1 like", "count": 1}, "id": "5264ae2a498ea51698459b16", "text": "Rosti with smoke salmon and seafood paella is a must try... a bit disappointed with the steak though...", "disagreeCount": 0, "user": {"id": "16485278", "photo": {"prefix": "https://igx.4sqi.net/img/user/", "suffix": "/OXMRDNLJ5GC41UID.jpg"}, "firstName": "Gladys Jane", "gender": "female"}, "canonicalUrl": "https://foursquare.com/item/5264ae2a498ea51698459b16", "type": "user", "photourl": "https://igx.4sqi.net/img/general/original/16485278_zsM52rynT7axcXgqmQJSCGRt8DpFhpq3eZueKTCd4Ds.jpg"}, {"logView": true, "lang": "en", "createdAt": 1309567120, "agreeCount": 1, "likes": {"groups": [{"items": [{"gender": "female", "id": "5525275", "photo": {"prefix": "https://igx.4sqi.net/img/user/", "suffix": "/5525275-4TDOWHMBYWTFPLYA.jpg"}, "firstName": "Qiuyi", "lastName": "Lai"}], "count": 1, "type": "others"}], "summary": "1 like", "count": 1}, "id": "4e0e689062843e04afaba5ea", "text": "You who thinks the service is bad, look at the comments here & think about yourselves. May be you're the one who is being a bitch.", "type": "user", "user": {"gender": "male", "id": "4697992", "photo": {"prefix": "https://igx.4sqi.net/img/user/", "suffix": "/520LJ3XSMQUFUJE3.jpg"}, "firstName": "Melvyn", "lastName": "Tan"}, "canonicalUrl": "https://foursquare.com/item/4e0e689062843e04afaba5ea", "todo": {"count": 0}, "disagreeCount": 0}, {"authorInteractionType": "liked", "logView": true, "lang": "en", "createdAt": 1462895125, "agreeCount": 0, "likes": {"groups": [], "count": 0}, "id": "57320215498e94f4c9e3f92f", "text": "The food here never fails to please and the service is good too.", "type": "user", "user": {"gender": "female", "id": "3747038", "photo": {"prefix": "https://igx.4sqi.net/img/user/", "suffix": "/3747038_reYjiJPg_hqomd7X6pB5m0Mmk55b_XoEREFsPzjEPFm2BCz--G4nwPqqNYdsbfvagQtUn-Tv-.jpg"}, "firstName": "Elise", "lastName": "\u2765"}, "canonicalUrl": "https://foursquare.com/item/57320215498e94f4c9e3f92f", "todo": {"count": 0}, "disagreeCount": 0}, {"authorInteractionType": "liked", "logView": true, "lang": "en", "photo": {"id": "51304711e4b038ffea07b8af", "visibility": "public", "source": {"name": "Foursquare for iOS", "url": "https://foursquare.com/download/#/iphone"}, "suffix": "/25551149_Pri0gIAjfkdgMZbsk7RYZF5lF0IZJqsbSSBNkL3WVDE.jpg", "createdAt": 1362118417, "prefix": "https://igx.4sqi.net/img/general/", "width": 960, "height": 720}, "createdAt": 1362118414, "todo": {"count": 0}, "agreeCount": 0, "likes": {"groups": [], "count": 0}, "id": "5130470ee4b0d7075191787f", "text": "Good deal! Big dish of all vegetables you like for 12$. For two.", "disagreeCount": 0, "user": {"gender": "female", "id": "25551149", "photo": {"prefix": "https://igx.4sqi.net/img/user/", "suffix": "/25551149-UVMTRSUWHRBVAJ0F.jpg"}, "firstName": "Martina", "lastName": "Maitan"}, "canonicalUrl": "https://foursquare.com/item/5130470ee4b0d7075191787f", "type": "user", "photourl": "https://igx.4sqi.net/img/general/original/25551149_Pri0gIAjfkdgMZbsk7RYZF5lF0IZJqsbSSBNkL3WVDE.jpg"}, {"logView": true, "lang": "en", "createdAt": 1294054414, "agreeCount": 0, "likes": {"groups": [], "count": 0}, "id": "4d21b40e0901721ef7d99ca5", "text": "Service really bad... The cook Is so grouchy ... Food no standard ...", "type": "user", "user": {"gender": "male", "id": "4421574", "photo": {"prefix": "https://igx.4sqi.net/img/user/", "suffix": "/TPUQ42WLRZZYC1QT.jpg"}, "firstName": "Trifven", "lastName": "Ho"}, "canonicalUrl": "https://foursquare.com/item/4d21b40e0901721ef7d99ca5", "todo": {"count": 0}, "disagreeCount": 0}, {"authorInteractionType": "liked", "logView": true, "lang": "en", "createdAt": 1431175103, "agreeCount": 0, "likes": {"groups": [], "count": 0}, "id": "554dffbf498e609f4401b766", "text": "Super crowded on Friday evenings!", "type": "user", "user": {"gender": "female", "id": "16504035", "photo": {"prefix": "https://igx.4sqi.net/img/user/", "suffix": "/16504035-Y240Y2NOOU022AVR.jpg"}, "firstName": "Jasmine", "lastName": "Pang"}, "canonicalUrl": "https://foursquare.com/item/554dffbf498e609f4401b766", "todo": {"count": 0}, "disagreeCount": 0}, {"authorInteractionType": "meh", "logView": true, "lang": "en", "createdAt": 1485019406, "agreeCount": 0, "likes": {"groups": [], "count": 0}, "id": "5883990e53f5bb01f1935485", "text": "Rosti, rosti, rosti.", "type": "user", "user": {"id": "55390456", "photo": {"prefix": "https://igx.4sqi.net/img/user/", "suffix": "/55390456_xjGWfjYZ_UAMBNliBjCxql6WleMj7JVZzY9y3t2_6WtR-3ecn7WlfLcMpWqn7tIYj_11T_fb-.jpg"}, "firstName": "Ting", "gender": "female"}, "canonicalUrl": "https://foursquare.com/item/5883990e53f5bb01f1935485", "todo": {"count": 0}, "disagreeCount": 0}, {"authorInteractionType": "liked", "logView": true, "lang": "en", "photo": {"id": "545f1db8498e829eccbf718f", "visibility": "public", "source": {"name": "Foursquare for iOS", "url": "https://foursquare.com/download/#/iphone"}, "suffix": "/91731065_PPvo3SZgHQA8R2GvCub9t_dVQB8HwPR6YQ4Pc9S5hQg.jpg", "createdAt": 1415519672, "prefix": "https://igx.4sqi.net/img/general/", "width": 960, "height": 720}, "createdAt": 1415519646, "todo": {"count": 0}, "agreeCount": 0, "likes": {"groups": [], "count": 0}, "id": "545f1d9e498e22ddf241be99", "text": "Smoked Salmon crepe was very delicious!\u2764\ufe0f and baking as always perfect.", "disagreeCount": 0, "user": {"gender": "female", "id": "91731065", "photo": {"prefix": "https://igx.4sqi.net/img/user/", "suffix": "/91731065-QEBEQ3HC4W3MIZZS.jpg"}, "firstName": "Alex", "lastName": "Gi"}, "canonicalUrl": "https://foursquare.com/item/545f1d9e498e22ddf241be99", "type": "user", "photourl": "https://igx.4sqi.net/img/general/original/91731065_PPvo3SZgHQA8R2GvCub9t_dVQB8HwPR6YQ4Pc9S5hQg.jpg"}, {"logView": true, "lang": "en", "createdAt": 1328246310, "agreeCount": 1, "likes": {"groups": [{"items": [{"gender": "male", "id": "63306277", "photo": {"prefix": "https://igx.4sqi.net/img/user/", "default": true, "suffix": "/blank_boy.png"}, "firstName": "Uncles", "lastName": "Champy"}], "count": 1, "type": "others"}], "summary": "1 like", "count": 1}, "id": "4f2b6e26e4b0390a212c5c18", "text": "Horrible food. A lot less enjoyable than the Marche of years gone by. The food is really a far cry frm their best. Rosti, sausages and meat. There are now better places to have them, at the same price", "type": "user", "user": {"gender": "male", "id": "5247203", "photo": {"prefix": "https://igx.4sqi.net/img/user/", "suffix": "/P5QT4WGWXOLBACOD.jpg"}, "firstName": "Kenny", "lastName": "Teoh"}, "canonicalUrl": "https://foursquare.com/item/4f2b6e26e4b0390a212c5c18", "todo": {"count": 0}, "disagreeCount": 0}, {"logView": true, "lang": "en", "createdAt": 1318683278, "agreeCount": 0, "likes": {"groups": [], "count": 0}, "id": "4e99828e7ee571e1ee9d8228", "text": "Expensive food yet delicious!!", "type": "user", "user": {"gender": "male", "id": "6756681", "photo": {"prefix": "https://igx.4sqi.net/img/user/", "suffix": "/6756681-3BXYGRJMFQEBRPTQ.jpg"}, "firstName": "Jason", "lastName": "Tey"}, "canonicalUrl": "https://foursquare.com/item/4e99828e7ee571e1ee9d8228", "todo": {"count": 0}, "disagreeCount": 0}, {"logView": true, "lang": "en", "createdAt": 1315058042, "agreeCount": 0, "likes": {"groups": [{"items": [], "count": 1, "type": "others"}], "summary": "1 like", "count": 1}, "id": "4e62317aae60e9edf5a0dc0a", "text": "Service is sub-par at best. Space is constrained. Food, decent.", "type": "user", "user": {"id": "1479430", "photo": {"prefix": "https://igx.4sqi.net/img/user/", "suffix": "/HDTIJGUIEJ05HXV1.jpg"}, "firstName": "Joon Yong", "gender": "male"}, "canonicalUrl": "https://foursquare.com/item/4e62317aae60e9edf5a0dc0a", "todo": {"count": 0}, "disagreeCount": 0}, {"logView": true, "lang": "en", "createdAt": 1272732227, "agreeCount": 0, "likes": {"groups": [], "count": 0}, "id": "4bdc5a4370c603bb50e999b4", "text": "poor service. bad custs-servers communications. went thr w 3A & 2 toddlers. they made us look for big tables but all were reserved. they deliberately did so to avoid ppl getting big tables.", "type": "user", "user": {"id": "463315", "photo": {"prefix": "https://igx.4sqi.net/img/user/", "suffix": "/KPUAEF4QSN0XSSDQ.jpg"}, "firstName": "momo-chan", "gender": "female"}, "canonicalUrl": "https://foursquare.com/item/4bdc5a4370c603bb50e999b4", "todo": {"count": 0}, "disagreeCount": 0}, {"logView": true, "lang": "en", "createdAt": 1335970663, "agreeCount": 0, "likes": {"groups": [], "count": 0}, "id": "4fa14b67e4b0cca384428710", "text": "Try the grilled snapper", "type": "user", "user": {"id": "19378773", "photo": {"prefix": "https://igx.4sqi.net/img/user/", "suffix": "/5OHVHHDR21RGLD53.jpg"}, "firstName": "Rhys", "gender": "male"}, "canonicalUrl": "https://foursquare.com/item/4fa14b67e4b0cca384428710", "todo": {"count": 0}, "disagreeCount": 0}, {"authorInteractionType": "liked", "logView": true, "lang": "en", "createdAt": 1457135659, "agreeCount": 0, "likes": {"groups": [], "count": 0}, "id": "56da202b498ee6a55c46eef9", "text": "Crepes and Rosti", "type": "user", "user": {"gender": "male", "id": "35062278", "photo": {"prefix": "https://igx.4sqi.net/img/user/", "suffix": "/MBH324NVM3QBITJ0.jpg"}, "firstName": "Lambert", "lastName": "Ho"}, "canonicalUrl": "https://foursquare.com/item/56da202b498ee6a55c46eef9", "todo": {"count": 0}, "disagreeCount": 0}, {"authorInteractionType": "liked", "logView": true, "lang": "en", "createdAt": 1354935592, "agreeCount": 0, "likes": {"groups": [], "count": 0}, "id": "50c2ad28e4b065e8eb39daf7", "text": "Pork knuckles!", "type": "user", "user": {"gender": "female", "id": "32424569", "photo": {"prefix": "https://igx.4sqi.net/img/user/", "suffix": "/ND1CEXAPBPTG1GM3.jpg"}, "firstName": "Cyril Anne", "lastName": "Sinay"}, "canonicalUrl": "https://foursquare.com/item/50c2ad28e4b065e8eb39daf7", "todo": {"count": 0}, "disagreeCount": 0}, {"logView": true, "lang": "en", "createdAt": 1288762331, "agreeCount": 1, "likes": {"groups": [{"items": [{"gender": "male", "id": "3791294", "photo": {"prefix": "https://igx.4sqi.net/img/user/", "suffix": "/EGLNRHIDMFE2MG55.jpg"}, "firstName": "Benny", "lastName": "Cahyadi"}], "count": 1, "type": "others"}], "summary": "1 like", "count": 1}, "id": "4cd0f3db6200b1f7b15fd728", "text": "Must have! Crepes and Rosti!", "type": "user", "user": {"gender": "male", "id": "4141174", "photo": {"prefix": "https://igx.4sqi.net/img/user/", "suffix": "/1RYGPKSS5Z3DKBOI.jpg"}, "firstName": "simplyTWL", "lastName": "EDT"}, "canonicalUrl": "https://foursquare.com/item/4cd0f3db6200b1f7b15fd728", "todo": {"count": 0}, "disagreeCount": 0}, {"logView": true, "lang": "en", "createdAt": 1298186477, "agreeCount": 0, "likes": {"groups": [], "count": 0}, "id": "4d60c0ed196ba093cc361e56", "text": "Rosti w German sausage, Caesar salad, mushroom soup n iced chocolate!", "type": "user", "user": {"gender": "female", "id": "3575517", "photo": {"prefix": "https://igx.4sqi.net/img/user/", "suffix": "/KQPCFE3MWF0C4FVQ.jpg"}, "firstName": "Pauline", "lastName": "W"}, "canonicalUrl": "https://foursquare.com/item/4d60c0ed196ba093cc361e56", "todo": {"count": 0}, "disagreeCount": 0}, {"authorInteractionType": "liked", "logView": true, "lang": "en", "createdAt": 1407576218, "agreeCount": 1, "likes": {"groups": [{"items": [{"gender": "female", "id": "6887848", "photo": {"prefix": "https://igx.4sqi.net/img/user/", "suffix": "/04MP0ZX2X2DWZHXT.jpg"}, "firstName": "Helen", "lastName": "C"}], "count": 1, "type": "others"}], "summary": "1 like", "count": 1}, "id": "53e5e89a498e8abf78b087d5", "text": "Swiss Rosti! Amazing!", "type": "user", "user": {"gender": "male", "id": "19829250", "photo": {"prefix": "https://igx.4sqi.net/img/user/", "suffix": "/19829250-1KT5T4H5ZY4Z1C1J.jpg"}, "firstName": "Ridhish", "lastName": "Guhan"}, "canonicalUrl": "https://foursquare.com/item/53e5e89a498e8abf78b087d5", "todo": {"count": 0}, "disagreeCount": 0}, {"logView": true, "lang": "en", "createdAt": 1385361747, "todo": {"count": 0}, "agreeCount": 0, "likes": {"groups": [], "count": 0}, "id": "5292f153498eeba57f0ccc96", "text": "http://www.tripadvisor.com/Restaurant_Review-g294265-d918768-Reviews-Marche-Singapore.html", "entities": [{"indices": [0, 90], "type": "url", "object": {"url": "http://www.tripadvisor.com/Restaurant_Review-g294265-d918768-Reviews-Marche-Singapore.html"}}], "disagreeCount": 0, "user": {"gender": "male", "id": "17678297", "photo": {"prefix": "https://igx.4sqi.net/img/user/", "suffix": "/2MRHBQJLCYC2T43T.png"}, "firstName": "Tour", "lastName": "Explora"}, "canonicalUrl": "https://foursquare.com/item/5292f153498eeba57f0ccc96", "type": "user"}, {"logView": true, "lang": "en", "createdAt": 1266214928, "agreeCount": 2, "likes": {"groups": [{"items": [{"gender": "female", "id": "5337998", "photo": {"prefix": "https://igx.4sqi.net/img/user/", "suffix": "/5337998-EKGWN5H2Y3GLJXAJ.jpg"}, "firstName": "Jasmine", "lastName": "Is Mean"}, {"gender": "male", "id": "1361470", "photo": {"prefix": "https://igx.4sqi.net/img/user/", "suffix": "/1361470_2DDZwRFG_3Huk1FO8UZ7zl1SYbUiCRVXWcV60E06mJPOo3wijkxqtatRRaMyLMuuk6M6Nu1r8.jpg"}, "firstName": "Matthew", "lastName": "Gideon"}], "count": 2, "type": "others"}], "summary": "2 likes", "count": 2}, "id": "4b78e81070c603bb5c4a92b4", "text": "Rosti is decent. They need to close down Spanish food that no one eats and expand rosti area that is Always busy. Cooks need  to be friendly always unhappy.", "type": "user", "user": {"gender": "male", "id": "297696", "photo": {"prefix": "https://igx.4sqi.net/img/user/", "default": true, "suffix": "/blank_boy.png"}, "firstName": "Jake", "lastName": "R"}, "canonicalUrl": "https://foursquare.com/item/4b78e81070c603bb5c4a92b4", "todo": {"count": 0}, "disagreeCount": 0}, {"logView": true, "lang": "en", "createdAt": 1297580937, "agreeCount": 0, "likes": {"groups": [], "count": 0}, "id": "4d5783897c0b370414ccd608", "text": "Rosti, spanish paella and rosti! Die die must try!! And the variety of breads are good too!!", "type": "user", "user": {"gender": "female", "id": "6154019", "photo": {"prefix": "https://igx.4sqi.net/img/user/", "suffix": "/DVXEKRKFCHSNCLVN.jpg"}, "firstName": "Liana", "lastName": "PincScudar"}, "canonicalUrl": "https://foursquare.com/item/4d5783897c0b370414ccd608", "todo": {"count": 0}, "disagreeCount": 0}, {"logView": true, "lang": "en", "createdAt": 1269864042, "agreeCount": 0, "likes": {"groups": [], "count": 0}, "id": "4bb0966a70c603bb211296b4", "text": "Just changed the menu. No more garlic sausage.", "type": "user", "user": {"id": "726019", "photo": {"prefix": "https://igx.4sqi.net/img/user/", "suffix": "/JK24FR1YVNTNZ5VE.jpg"}, "firstName": "Herman", "gender": "male"}, "canonicalUrl": "https://foursquare.com/item/4bb0966a70c603bb211296b4", "todo": {"count": 0}, "disagreeCount": 0}, {"authorInteractionType": "disliked", "logView": true, "lang": "en", "createdAt": 1369368115, "agreeCount": 0, "likes": {"groups": [], "count": 0}, "id": "519ee633498eace60093b9ca", "text": "So stupid to have the kids menu at the entrance where need to crowd there to see. Too poor to print and put on the table", "type": "user", "user": {"gender": "male", "id": "4144104", "photo": {"prefix": "https://igx.4sqi.net/img/user/", "suffix": "/UCPWSTEKHUBWWQEK.jpg"}, "firstName": "Winston", "lastName": "Ong"}, "canonicalUrl": "https://foursquare.com/item/519ee633498eace60093b9ca", "todo": {"count": 0}, "disagreeCount": 0}, {"logView": true, "lang": "en", "createdAt": 1325480474, "agreeCount": 0, "likes": {"groups": [], "count": 0}, "id": "4f013a1ac5126f14b8c40d28", "text": "Yummy calamari!!", "type": "user", "user": {"gender": "female", "id": "3833373", "photo": {"prefix": "https://igx.4sqi.net/img/user/", "suffix": "/3833373-O5TVSNEXK0A5PWO5.jpg"}, "firstName": "Hannah Gerlyn", "lastName": "Chia"}, "canonicalUrl": "https://foursquare.com/item/4f013a1ac5126f14b8c40d28", "todo": {"count": 0}, "disagreeCount": 0}, {"authorInteractionType": "liked", "logView": true, "lang": "en", "createdAt": 1435220874, "todo": {"count": 0}, "agreeCount": 0, "likes": {"groups": [], "count": 0}, "id": "558bbb8a498ec8fca96b7e7f", "text": "kid-friendly restaurant but only the swiss rosti is good here", "disagreeCount": 0, "url": "http://candidcuisine.net/marche-restaurants-singapore/", "user": {"id": "4758378", "photo": {"prefix": "https://igx.4sqi.net/img/user/", "suffix": "/4758378_452IXrxg_Fgxj4G0utG6WDsdyflePDZFGO4lI6d_USAnAG0np7xIOHOoA35_MQ_XxdOZ4ZwOd.jpg"}, "firstName": "Candid Cuisine", "gender": "female"}, "canonicalUrl": "https://foursquare.com/item/558bbb8a498ec8fca96b7e7f", "type": "user"}, {"logView": true, "lang": "en", "createdAt": 1324875808, "agreeCount": 1, "likes": {"groups": [{"items": [{"gender": "male", "id": "63306277", "photo": {"prefix": "https://igx.4sqi.net/img/user/", "default": true, "suffix": "/blank_boy.png"}, "firstName": "Uncles", "lastName": "Champy"}], "count": 1, "type": "others"}], "summary": "1 like", "count": 1}, "id": "4ef80020f9ab2e66827551f8", "text": "8.40 for some banana on a crepe (essentially flour) is not worth it imo. Wondering why ppl buy it.", "type": "user", "user": {"gender": "female", "id": "10889001", "photo": {"prefix": "https://igx.4sqi.net/img/user/", "suffix": "/BOKQUQDLQLI5XSZC.png"}, "firstName": "Keilya", "lastName": "Jan"}, "canonicalUrl": "https://foursquare.com/item/4ef80020f9ab2e66827551f8", "todo": {"count": 0}, "disagreeCount": 0}, {"authorInteractionType": "liked", "logView": true, "lang": "en", "createdAt": 1341493958, "agreeCount": 1, "likes": {"groups": [{"items": [{"gender": "male", "id": "20218627", "photo": {"prefix": "https://igx.4sqi.net/img/user/", "suffix": "/20218627-Q4H123PU04UQCCEE.jpg"}, "firstName": "Jay", "lastName": "Escobar"}], "count": 1, "type": "others"}], "summary": "1 like", "count": 1}, "id": "4ff592c6e4b055f896627e01", "text": "Pink salmon crepe is a must try .:)", "type": "user", "user": {"gender": "male", "id": "3586963", "photo": {"prefix": "https://igx.4sqi.net/img/user/", "suffix": "/3586963-KOTNX0BTS3S143UI.jpg"}, "firstName": "Paul", "lastName": "David"}, "canonicalUrl": "https://foursquare.com/item/4ff592c6e4b055f896627e01", "todo": {"count": 0}, "disagreeCount": 0}, {"logView": true, "lang": "en", "createdAt": 1332248367, "agreeCount": 0, "likes": {"groups": [], "count": 0}, "id": "4f687f2fe4b053c516d19272", "text": "Pork knuckle is a must to try...rosti also...yummy", "type": "user", "user": {"gender": "none", "id": "17867819", "photo": {"prefix": "https://igx.4sqi.net/img/user/", "suffix": "/17867819-NFZIV1IYBCLMQR1P.jpg"}, "firstName": "Ahonk", "lastName": "Wu"}, "canonicalUrl": "https://foursquare.com/item/4f687f2fe4b053c516d19272", "todo": {"count": 0}, "disagreeCount": 0}, {"authorInteractionType": "liked", "logView": true, "lang": "en", "photo": {"id": "54bcefc6498e35d157c4404c", "visibility": "public", "source": {"name": "Foursquare for Android", "url": "https://foursquare.com/download/#/android"}, "suffix": "/69178326_ldNwuiiLe80mNTVcnVl4X2jSP1qXZ_NheKyBygXSIuI.jpg", "createdAt": 1421668294, "prefix": "https://igx.4sqi.net/img/general/", "width": 712, "height": 960}, "createdAt": 1421668287, "todo": {"count": 0}, "agreeCount": 0, "likes": {"groups": [], "count": 0}, "id": "54bcefbf498e69674458b7eb", "text": "Fantastic variety and quality of food freshly made!", "disagreeCount": 0, "user": {"gender": "male", "id": "69178326", "photo": {"prefix": "https://igx.4sqi.net/img/user/", "suffix": "/0TH4JQD4EEYC3JT0.jpg"}, "firstName": "Raymond", "lastName": "Zhang"}, "canonicalUrl": "https://foursquare.com/item/54bcefbf498e69674458b7eb", "type": "user", "photourl": "https://igx.4sqi.net/img/general/original/69178326_ldNwuiiLe80mNTVcnVl4X2jSP1qXZ_NheKyBygXSIuI.jpg"}, {"logView": true, "lang": "en", "createdAt": 1397288944, "agreeCount": 1, "likes": {"groups": [{"items": [{"gender": "male", "id": "1023230", "photo": {"prefix": "https://igx.4sqi.net/img/user/", "suffix": "/IV4VVMIEKPSDYMRH.jpg"}, "firstName": "Jzin", "lastName": "T"}], "count": 1, "type": "others"}], "summary": "1 like", "count": 1}, "id": "5348eff0498e87390a1fedd0", "text": "They have the best Rosti! A must eat everytime I come. And not forgetting the Roasted Chicken Crepe!", "type": "user", "user": {"id": "7485263", "photo": {"prefix": "https://igx.4sqi.net/img/user/", "suffix": "/7485263-N4FRM04ENFMEQXU1.jpg"}, "firstName": "samanthacharlottelee", "gender": "female"}, "canonicalUrl": "https://foursquare.com/item/5348eff0498e87390a1fedd0", "todo": {"count": 0}, "disagreeCount": 0}, {"logView": true, "lang": "en", "createdAt": 1300356446, "agreeCount": 0, "likes": {"groups": [{"items": [], "count": 3, "type": "others"}], "summary": "3 likes", "count": 3}, "id": "4d81dd5e78308eec4c94702b", "text": "service is okay...", "type": "user", "user": {"gender": "male", "id": "4761147", "photo": {"prefix": "https://igx.4sqi.net/img/user/", "suffix": "/CG3RSIL4QQNPLL0R.jpg"}, "firstName": "Rajen", "lastName": "Krishna"}, "canonicalUrl": "https://foursquare.com/item/4d81dd5e78308eec4c94702b", "todo": {"count": 0}, "disagreeCount": 0}, {"authorInteractionType": "disliked", "logView": true, "lang": "en", "createdAt": 1410783977, "agreeCount": 0, "likes": {"groups": [], "count": 0}, "id": "5416dae9498ee4527790b1d0", "text": "Remember to check your receipt. They tend to overcharge!!", "type": "user", "user": {"gender": "male", "id": "4464740", "photo": {"prefix": "https://igx.4sqi.net/img/user/", "suffix": "/3TSSN5EPCIQ4BESE.jpg"}, "firstName": "\u9648", "lastName": "Joseph"}, "canonicalUrl": "https://foursquare.com/item/5416dae9498ee4527790b1d0", "todo": {"count": 0}, "disagreeCount": 0}, {"logView": true, "lang": "en", "createdAt": 1367307586, "agreeCount": 1, "likes": {"groups": [{"items": [{"gender": "female", "id": "21421089", "photo": {"prefix": "https://igx.4sqi.net/img/user/", "suffix": "/21421089-AJJWCEJN5SJPZSLS.jpg"}, "firstName": "Jelle", "lastName": "San Antonio"}], "count": 1, "type": "others"}], "summary": "1 like", "count": 1}, "id": "517f7542e4b0f7cc4188590d", "text": "Get the ham crepe!", "type": "user", "user": {"gender": "male", "id": "7771665", "photo": {"prefix": "https://igx.4sqi.net/img/user/", "suffix": "/WFZPJIEXVHGAKWJW.jpg"}, "firstName": "ramlo john", "lastName": "torres"}, "canonicalUrl": "https://foursquare.com/item/517f7542e4b0f7cc4188590d", "todo": {"count": 0}, "disagreeCount": 0}, {"logView": true, "lang": "en", "createdAt": 1284729494, "agreeCount": 0, "likes": {"groups": [], "count": 0}, "id": "4c936a966cfea0937ee2b98b", "text": "Yes, rosti is good and their catch of the day is nice too! :)", "type": "user", "user": {"gender": "male", "id": "760642", "photo": {"prefix": "https://igx.4sqi.net/img/user/", "default": true, "suffix": "/blank_boy.png"}, "firstName": "Bar", "lastName": "X"}, "canonicalUrl": "https://foursquare.com/item/4c936a966cfea0937ee2b98b", "todo": {"count": 0}, "disagreeCount": 0}, {"logView": true, "lang": "en", "createdAt": 1306416434, "agreeCount": 0, "likes": {"groups": [], "count": 0}, "id": "4dde5532d16415421840339a", "text": "nice rosti and nice carrot salad", "type": "user", "user": {"gender": "female", "id": "8349083", "photo": {"prefix": "https://igx.4sqi.net/img/user/", "suffix": "/DWEPJLPJMJ2DKNYF.jpg"}, "firstName": "corrine", "lastName": "seng"}, "canonicalUrl": "https://foursquare.com/item/4dde5532d16415421840339a", "todo": {"count": 0}, "disagreeCount": 0}, {"logView": true, "lang": "en", "createdAt": 1394296386, "agreeCount": 0, "likes": {"groups": [], "count": 0}, "id": "531b4642498e45104c3618a2", "text": "The salads are divine. Have a try at the juice/ puree corner too!", "type": "user", "user": {"gender": "female", "id": "19803507", "photo": {"prefix": "https://igx.4sqi.net/img/user/", "suffix": "/19803507_AKOv6ulK_MnS13UN7J9Vw6a59aB7XVE_7GvyJT6pJcRHXcTdBXoa0I1yEAnGUDMq1te_9Z0E3"}, "firstName": "M", "lastName": "J"}, "canonicalUrl": "https://foursquare.com/item/531b4642498e45104c3618a2", "todo": {"count": 0}, "disagreeCount": 0}, {"authorInteractionType": "liked", "logView": true, "lang": "en", "createdAt": 1417880345, "agreeCount": 0, "likes": {"groups": [], "count": 0}, "id": "54832319498e4cc6d295b986", "text": "Great food, tried rib eye it looked and tasted amazing.", "type": "user", "user": {"gender": "female", "id": "96626865", "photo": {"prefix": "https://igx.4sqi.net/img/user/", "suffix": "/96626865-EMOEQ2HJBHM1BQQC.jpg"}, "firstName": "Julia", "lastName": "Gus"}, "canonicalUrl": "https://foursquare.com/item/54832319498e4cc6d295b986", "todo": {"count": 1}, "disagreeCount": 0}, {"logView": true, "lang": "en", "createdAt": 1296802654, "agreeCount": 0, "likes": {"groups": [], "count": 0}, "id": "4d4ba35eb9a2a143b6a55523", "text": "Try the rosti with mushroom ragout", "type": "user", "user": {"gender": "male", "id": "4816684", "photo": {"prefix": "https://igx.4sqi.net/img/user/", "suffix": "/OQ5CTO2YIWKO52E4.jpg"}, "firstName": "Transformer", "lastName": "Lee"}, "canonicalUrl": "https://foursquare.com/item/4d4ba35eb9a2a143b6a55523", "todo": {"count": 0}, "disagreeCount": 0}, {"logView": true, "lang": "en", "createdAt": 1386902239, "agreeCount": 0, "likes": {"groups": [], "count": 0}, "id": "52aa72df498e6def7b78d471", "text": "Great food! Try the crepes and the sausages. Definitely have the waffles for dessert.", "type": "user", "user": {"gender": "male", "id": "1482870", "photo": {"prefix": "https://igx.4sqi.net/img/user/", "suffix": "/-NJ5O1WLYIG0QSMAT.jpg"}, "firstName": "Dnyan", "lastName": "Dharkar"}, "canonicalUrl": "https://foursquare.com/item/52aa72df498e6def7b78d471", "todo": {"count": 0}, "disagreeCount": 0}, {"logView": true, "lang": "en", "createdAt": 1286530005, "agreeCount": 0, "likes": {"groups": [{"items": [], "count": 2, "type": "others"}], "summary": "2 likes", "count": 2}, "id": "4caee3d5562d224bf1760988", "text": "I think 313's rosti serving is larger than here", "type": "user", "user": {"gender": "male", "id": "3556379", "photo": {"prefix": "https://igx.4sqi.net/img/user/", "suffix": "/TBQQP15WRYVPBGP4.jpg"}, "firstName": "Aronso3", "lastName": "C"}, "canonicalUrl": "https://foursquare.com/item/4caee3d5562d224bf1760988", "todo": {"count": 1}, "disagreeCount": 0}, {"logView": true, "lang": "en", "createdAt": 1285204737, "agreeCount": 1, "likes": {"groups": [{"items": [{"gender": "male", "id": "3890217", "photo": {"prefix": "https://igx.4sqi.net/img/user/", "suffix": "/3890217-XWRM2JJGY5INFWPX.jpg"}, "firstName": "Sean", "lastName": "Momo"}], "count": 1, "type": "others"}], "summary": "1 like", "count": 1}, "id": "4c9aab01bdaf9c745c726aba", "text": "Love the crepe of the day! Banana caramel crepe with lots of almonds and rum/raisin ice cream!", "type": "user", "user": {"gender": "male", "id": "3504653", "photo": {"prefix": "https://igx.4sqi.net/img/user/", "suffix": "/H1KSOKAMJ2ORLYY1.jpg"}, "firstName": "Linus", "lastName": "Chew"}, "canonicalUrl": "https://foursquare.com/item/4c9aab01bdaf9c745c726aba", "todo": {"count": 0}, "disagreeCount": 0}, {"logView": true, "lang": "en", "createdAt": 1267361047, "agreeCount": 1, "likes": {"groups": [{"items": [{"gender": "male", "id": "2425289", "photo": {"prefix": "https://igx.4sqi.net/img/user/", "suffix": "/2425289-KSDDLNSKVKYLIXIQ.jpg"}, "firstName": "Kennieth", "lastName": "Ong"}], "count": 1, "type": "others"}], "summary": "1 like", "count": 1}, "id": "4b8a651770c603bbb93e93b4", "text": "Try a caipirinha, makes you happy straightaway!", "type": "user", "user": {"gender": "male", "id": "291281", "photo": {"prefix": "https://igx.4sqi.net/img/user/", "suffix": "/Q3YR0A2NGCSQ1US0.jpg"}, "firstName": "David", "lastName": "Cruz"}, "canonicalUrl": "https://foursquare.com/item/4b8a651770c603bbb93e93b4", "todo": {"count": 0}, "disagreeCount": 0}, {"authorInteractionType": "meh", "logView": true, "lang": "en", "createdAt": 1419913302, "agreeCount": 0, "likes": {"groups": [], "count": 0}, "id": "54a22856498e7b8d39c0285e", "text": "This outlet is very small. The space are very cramped and of you don't like crowded place. Avoid here. Long queues during meal hours.", "type": "user", "user": {"gender": "female", "id": "755166", "photo": {"prefix": "https://igx.4sqi.net/img/user/", "suffix": "/AHLCKLUBB1SKADXI.jpg"}, "firstName": "Jasmine", "lastName": "Ho"}, "canonicalUrl": "https://foursquare.com/item/54a22856498e7b8d39c0285e", "todo": {"count": 0}, "disagreeCount": 0}, {"authorInteractionType": "disliked", "logView": true, "lang": "en", "createdAt": 1401190215, "agreeCount": 0, "likes": {"groups": [], "count": 0}, "id": "53847747498e70147cbb1374", "text": "The service staff- Dylan (from the steak section) has really bad attitude. I was merely asking whether does the steak comes with mashed and he answered rudely with a very unhappy face.", "type": "user", "user": {"gender": "female", "id": "5337998", "photo": {"prefix": "https://igx.4sqi.net/img/user/", "suffix": "/5337998-EKGWN5H2Y3GLJXAJ.jpg"}, "firstName": "Jasmine", "lastName": "Is Mean"}, "canonicalUrl": "https://foursquare.com/item/53847747498e70147cbb1374", "todo": {"count": 0}, "disagreeCount": 0}, {"logView": true, "lang": "en", "createdAt": 1339922368, "agreeCount": 0, "likes": {"groups": [], "count": 0}, "id": "4fdd97c0e4b06434e8d03701", "text": "Try the pasta and paella. It's worth it!!", "type": "user", "user": {"gender": "male", "id": "7102471", "photo": {"prefix": "https://igx.4sqi.net/img/user/", "suffix": "/7102471-3NNLXSQV4IY3EN1B.jpg"}, "firstName": "David Bryan", "lastName": "Ramos"}, "canonicalUrl": "https://foursquare.com/item/4fdd97c0e4b06434e8d03701", "todo": {"count": 0}, "disagreeCount": 0}, {"logView": true, "lang": "en", "createdAt": 1415292842, "agreeCount": 0, "likes": {"groups": [], "count": 0}, "id": "545ba7aa11d2ae72a890dd3f", "text": "I don't understand why this is so popular. Having one's food cooked fresh has its appeal but really it's too expensive for what it's worth.", "type": "user", "user": {"gender": "male", "id": "898388", "photo": {"prefix": "https://igx.4sqi.net/img/user/", "suffix": "/L3FULBTXCIN5SJCQ.jpg"}, "firstName": "Chris", "lastName": "Liew"}, "canonicalUrl": "https://foursquare.com/item/545ba7aa11d2ae72a890dd3f", "todo": {"count": 0}, "disagreeCount": 0}, {"logView": true, "lang": "en", "createdAt": 1359648787, "agreeCount": 0, "likes": {"groups": [], "count": 0}, "id": "510a9813e4b03f314bf9c727", "text": "Delicious food at March\u00e9 (:", "type": "user", "user": {"gender": "female", "id": "7161880", "photo": {"prefix": "https://igx.4sqi.net/img/user/", "suffix": "/UZO1NVJCY35WMR0U.jpg"}, "firstName": "WanJing", "lastName": "Loh"}, "canonicalUrl": "https://foursquare.com/item/510a9813e4b03f314bf9c727", "todo": {"count": 0}, "disagreeCount": 0}, {"logView": true, "lang": "en", "createdAt": 1298872557, "agreeCount": 0, "likes": {"groups": [], "count": 0}, "id": "4d6b38ed2ea9b1f7797ece28", "text": "Service here! Sucks big time!", "type": "user", "user": {"id": "2087211", "photo": {"prefix": "https://igx.4sqi.net/img/user/", "suffix": "/FGAG01NIZI5KVQPU.jpg"}, "firstName": "Armean", "gender": "male"}, "canonicalUrl": "https://foursquare.com/item/4d6b38ed2ea9b1f7797ece28", "todo": {"count": 0}, "disagreeCount": 0}, {"logView": true, "lang": "en", "createdAt": 1322969574, "agreeCount": 2, "likes": {"groups": [{"items": [{"gender": "female", "id": "5131601", "photo": {"prefix": "https://igx.4sqi.net/img/user/", "suffix": "/5131601-VXPKMMICMXASYVIF.jpg"}, "firstName": "Ning", "lastName": "Pari"}, {"gender": "male", "id": "4053670", "photo": {"prefix": "https://igx.4sqi.net/img/user/", "suffix": "/UDY1DYCUX32M0RJB.jpg"}, "firstName": "Roy", "lastName": "Phang"}], "count": 3, "type": "others"}], "summary": "3 likes", "count": 3}, "id": "4edae9e6f5b921398958caff", "text": "Would be nice if the waiters and cooks could actually speak good English", "type": "user", "user": {"gender": "male", "id": "4053670", "photo": {"prefix": "https://igx.4sqi.net/img/user/", "suffix": "/UDY1DYCUX32M0RJB.jpg"}, "firstName": "Roy", "lastName": "Phang"}, "canonicalUrl": "https://foursquare.com/item/4edae9e6f5b921398958caff", "todo": {"count": 0}, "disagreeCount": 0}, {"logView": true, "lang": "en", "createdAt": 1275055717, "agreeCount": 3, "likes": {"groups": [{"items": [{"gender": "male", "id": "18706219", "photo": {"prefix": "https://igx.4sqi.net/img/user/", "suffix": "/18706219-MZT5ORK4IGZZOUUJ.jpg"}, "firstName": "Abraham", "lastName": "Paulose"}, {"gender": "male", "id": "3791294", "photo": {"prefix": "https://igx.4sqi.net/img/user/", "suffix": "/EGLNRHIDMFE2MG55.jpg"}, "firstName": "Benny", "lastName": "Cahyadi"}, {"gender": "male", "id": "501850", "photo": {"prefix": "https://igx.4sqi.net/img/user/", "suffix": "/0P5TGIBCCNGIFGOW.jpg"}, "firstName": "Phyoe", "lastName": "Wai"}], "count": 3, "type": "others"}], "summary": "3 likes", "count": 3}, "id": "4bffce6570c603bb50539db4", "text": "Rosti w sour cream is a must try. Mixed fruits of crepes could b fresher.", "type": "user", "user": {"gender": "male", "id": "1126401", "photo": {"prefix": "https://igx.4sqi.net/img/user/", "suffix": "/35JPJSSPBPTLOCBI.jpg"}, "firstName": "T Derrick", "lastName": "Loo"}, "canonicalUrl": "https://foursquare.com/item/4bffce6570c603bb50539db4", "todo": {"count": 1}, "disagreeCount": 0}, {"authorInteractionType": "liked", "logView": true, "lang": "en", "photo": {"id": "56f5e39c498e6e69b6921386", "visibility": "public", "source": {"name": "Foursquare for iOS", "url": "https://foursquare.com/download/#/iphone"}, "suffix": "/8076505_ymK_XsGyF3z3zZZ4lFUx8G6GTxM5nZXWTJJO2p9pdnE.jpg", "createdAt": 1458955164, "prefix": "https://igx.4sqi.net/img/general/", "width": 1440, "height": 1799}, "createdAt": 1458955158, "todo": {"count": 0}, "agreeCount": 0, "likes": {"groups": [], "count": 0}, "id": "56f5e39638fa4abfceffde19", "text": "Really good food, ensure to try the potato meal with salmon and cheese sausage! :)", "disagreeCount": 0, "user": {"id": "8076505", "photo": {"prefix": "https://igx.4sqi.net/img/user/", "suffix": "/8076505-QJ5DZXU4PGSAZYAF.jpg"}, "firstName": "Chie", "gender": "male"}, "canonicalUrl": "https://foursquare.com/item/56f5e39638fa4abfceffde19", "type": "user", "photourl": "https://igx.4sqi.net/img/general/original/8076505_ymK_XsGyF3z3zZZ4lFUx8G6GTxM5nZXWTJJO2p9pdnE.jpg"}, {"authorInteractionType": "liked", "logView": true, "lang": "en", "createdAt": 1428499087, "agreeCount": 0, "likes": {"groups": [], "count": 0}, "id": "55252a8f498e71a5bf12c7bb", "text": "Rosti, crepe and movenpick ice cream. Breakfast set keeps things worthwhile.", "type": "user", "user": {"gender": "male", "id": "41398070", "photo": {"prefix": "https://igx.4sqi.net/img/user/", "suffix": "/PLM3IEL1YNSYNYBH.jpg"}, "firstName": "Malcolm", "lastName": "Lee"}, "canonicalUrl": "https://foursquare.com/item/55252a8f498e71a5bf12c7bb", "todo": {"count": 0}, "disagreeCount": 0}, {"logView": true, "lang": "en", "createdAt": 1317645494, "agreeCount": 0, "likes": {"groups": [], "count": 0}, "id": "4e89acb69adf0ab5ffdaa420", "text": "Disappointing cakes. Must-try rosti!", "type": "user", "user": {"gender": "male", "id": "7311065", "photo": {"prefix": "https://igx.4sqi.net/img/user/", "suffix": "/7311065-BBXZGZVJ4HBXCRNF.jpg"}, "firstName": "Raymond", "lastName": "Lau"}, "canonicalUrl": "https://foursquare.com/item/4e89acb69adf0ab5ffdaa420", "todo": {"count": 0}, "disagreeCount": 0}, {"logView": true, "lang": "en", "createdAt": 1300960299, "agreeCount": 0, "likes": {"groups": [{"items": [], "count": 2, "type": "others"}], "summary": "2 likes", "count": 2}, "id": "4d8b142b401a224b00bcae18", "text": "Best rosti in town!!", "type": "user", "user": {"gender": "female", "id": "7311607", "photo": {"prefix": "https://igx.4sqi.net/img/user/", "suffix": "/LUYCSVABUCT0NI3H.jpg"}, "firstName": "XiuHui", "lastName": "Ding"}, "canonicalUrl": "https://foursquare.com/item/4d8b142b401a224b00bcae18", "todo": {"count": 0}, "disagreeCount": 0}, {"logView": true, "lang": "en", "createdAt": 1411994490, "agreeCount": 0, "likes": {"groups": [], "count": 0}, "id": "5429537a498e571692bc86e2", "text": "rosti!  \ud83d\ude0d", "type": "user", "user": {"gender": "female", "id": "6420501", "photo": {"prefix": "https://igx.4sqi.net/img/user/", "suffix": "/YGXXOXELYFNAXJUO.jpg"}, "firstName": "Joanne", "lastName": "Kiong"}, "canonicalUrl": "https://foursquare.com/item/5429537a498e571692bc86e2", "todo": {"count": 0}, "disagreeCount": 0}, {"logView": true, "lang": "en", "createdAt": 1305608287, "agreeCount": 0, "likes": {"groups": [], "count": 0}, "id": "4dd2005fb0fb0becaf8f002f", "text": "Nice place for families with young kids - they r entertained with the colouring kit that comes with each kid's meal", "type": "user", "user": {"gender": "female", "id": "5984597", "photo": {"prefix": "https://igx.4sqi.net/img/user/", "suffix": "/M4S5QJTC4JNANLZY.jpg"}, "firstName": "Yvonne", "lastName": "Wong"}, "canonicalUrl": "https://foursquare.com/item/4dd2005fb0fb0becaf8f002f", "todo": {"count": 0}, "disagreeCount": 0}, {"logView": true, "lang": "en", "createdAt": 1393748211, "agreeCount": 0, "likes": {"groups": [], "count": 0}, "id": "5312e8f3498e8d8ed42abf4e", "text": "The Rosti is unbeatable", "type": "user", "user": {"gender": "male", "id": "32568788", "photo": {"prefix": "https://igx.4sqi.net/img/user/", "suffix": "/32568788-H1OBJF5SH53QN3UY.jpg"}, "firstName": "Amos", "lastName": "Lam"}, "canonicalUrl": "https://foursquare.com/item/5312e8f3498e8d8ed42abf4e", "todo": {"count": 0}, "disagreeCount": 0}, {"logView": true, "lang": "en", "photo": {"id": "51d84852498ebf3e1608de64", "visibility": "public", "source": {"name": "Foursquare for iOS", "url": "https://foursquare.com/download/#/iphone"}, "suffix": "/59710845_To4AtJv0bIBUDk7pGIweEeS_3lvB_bdKgkk3g3XdZAw.jpg", "createdAt": 1373128786, "prefix": "https://igx.4sqi.net/img/general/", "width": 720, "height": 960}, "createdAt": 1373128783, "todo": {"count": 0}, "agreeCount": 0, "likes": {"groups": [], "count": 0}, "id": "51d8484f498e492797744149", "text": "Make reservation in advance... Very long queue", "disagreeCount": 0, "user": {"gender": "female", "id": "59710845", "photo": {"prefix": "https://igx.4sqi.net/img/user/", "suffix": "/Y25QWYBZEZS0MQ0V.jpg"}, "firstName": "Merri", "lastName": "Tan"}, "canonicalUrl": "https://foursquare.com/item/51d8484f498e492797744149", "type": "user", "photourl": "https://igx.4sqi.net/img/general/original/59710845_To4AtJv0bIBUDk7pGIweEeS_3lvB_bdKgkk3g3XdZAw.jpg"}, {"logView": true, "lang": "en", "createdAt": 1365760925, "agreeCount": 1, "likes": {"groups": [{"items": [{"gender": "female", "id": "32219958", "photo": {"prefix": "https://igx.4sqi.net/img/user/", "suffix": "/32219958-5GAWSAJAW1YQHRSX.jpg"}, "firstName": "Jacquie", "lastName": "Costa\u00f1os"}], "count": 1, "type": "others"}], "summary": "1 like", "count": 1}, "id": "5167db9d498e9af629bace3d", "text": "Rosti, crispy pork, mash potato.... Yummy...", "type": "user", "user": {"gender": "male", "id": "42246466", "photo": {"prefix": "https://igx.4sqi.net/img/user/", "suffix": "/42246466-CP50L3DLD0YMPZDS.jpg"}, "firstName": "Andreas", "lastName": "Efendi"}, "canonicalUrl": "https://foursquare.com/item/5167db9d498e9af629bace3d", "todo": {"count": 0}, "disagreeCount": 0}, {"logView": true, "lang": "en", "createdAt": 1335970732, "agreeCount": 0, "likes": {"groups": [], "count": 0}, "id": "4fa14bace4b0e75720a10058", "text": "Try the Sirloin Steak", "type": "user", "user": {"id": "19378773", "photo": {"prefix": "https://igx.4sqi.net/img/user/", "suffix": "/5OHVHHDR21RGLD53.jpg"}, "firstName": "Rhys", "gender": "male"}, "canonicalUrl": "https://foursquare.com/item/4fa14bace4b0e75720a10058", "todo": {"count": 0}, "disagreeCount": 0}, {"logView": true, "lang": "en", "createdAt": 1350191558, "agreeCount": 0, "likes": {"groups": [], "count": 0}, "id": "507a49c6e4b0da2385b92663", "text": "Rosti's a must try. 'nuff said.", "type": "user", "user": {"id": "7446667", "photo": {"prefix": "https://igx.4sqi.net/img/user/", "suffix": "/ITO3N4OJYNWXABUF.jpg"}, "firstName": "Amanda", "gender": "female"}, "canonicalUrl": "https://foursquare.com/item/507a49c6e4b0da2385b92663", "todo": {"count": 0}, "disagreeCount": 0}, {"logView": true, "lang": "en", "createdAt": 1383392184, "agreeCount": 0, "likes": {"groups": [], "count": 0}, "id": "5274e3b811d216db6b916022", "text": "Great! Rosti is a must \ud83d\udc4c", "type": "user", "user": {"gender": "female", "id": "4574623", "photo": {"prefix": "https://igx.4sqi.net/img/user/", "suffix": "/4574623-WH2I2QEGKZ0EP45A.jpg"}, "firstName": "Neng", "lastName": "Rainbow"}, "canonicalUrl": "https://foursquare.com/item/5274e3b811d216db6b916022", "todo": {"count": 0}, "disagreeCount": 0}, {"logView": true, "lang": "en", "createdAt": 1265868866, "agreeCount": 0, "likes": {"groups": [], "count": 0}, "id": "4b73a04270c603bb77fc91b4", "text": "the salads, foods are great. Steak was so-so.", "type": "user", "user": {"gender": "male", "id": "310431", "photo": {"prefix": "https://igx.4sqi.net/img/user/", "suffix": "/1NAJP5EXGX1TMKLZ.jpg"}, "firstName": "Serge", "lastName": "Maximus"}, "canonicalUrl": "https://foursquare.com/item/4b73a04270c603bb77fc91b4", "todo": {"count": 1}, "disagreeCount": 0}, {"logView": true, "lang": "en", "createdAt": 1299760498, "agreeCount": 0, "likes": {"groups": [{"items": [], "count": 1, "type": "others"}], "summary": "1 like", "count": 1}, "id": "4d78c572a56e3704b23a7067", "text": "Shiok hor? Which one - vivo or 313?", "type": "user", "user": {"gender": "male", "id": "706731", "photo": {"prefix": "https://igx.4sqi.net/img/user/", "suffix": "/XWZNT22A2DPRCLMC.jpg"}, "firstName": "Edwin", "lastName": "Ling"}, "canonicalUrl": "https://foursquare.com/item/4d78c572a56e3704b23a7067", "todo": {"count": 0}, "disagreeCount": 0}, {"authorInteractionType": "disliked", "logView": true, "lang": "en", "createdAt": 1433223855, "agreeCount": 0, "likes": {"groups": [], "count": 0}, "id": "556d42af498e3aa5c9f8b6ef", "text": "Tuesday lunch - waited 30mins for Rosti and they ran out of sausages?!? What sort of standard for a established restaurant . I will  recommended to avoid.", "type": "user", "user": {"gender": "male", "id": "17976046", "photo": {"prefix": "https://igx.4sqi.net/img/user/", "suffix": "/FHQC3QHE4UPYYM0T.jpg"}, "firstName": "Joseph", "lastName": "WT"}, "canonicalUrl": "https://foursquare.com/item/556d42af498e3aa5c9f8b6ef", "todo": {"count": 0}, "disagreeCount": 0}, {"logView": true, "lang": "th", "createdAt": 1379264420, "agreeCount": 0, "likes": {"groups": [], "count": 0}, "id": "5235e7a411d26943cebbb423", "text": "\u0e40\u0e04\u0e23\u0e1b\u0e04\u0e32\u0e27\u0e2d\u0e23\u0e48\u0e2d\u0e22\u0e2a\u0e38\u0e14\u0e46 \u0e2d\u0e38\u0e14\u0e21\u0e14\u0e49\u0e27\u0e22\u0e0a\u0e35\u0e2a\u0e41\u0e25\u0e30\u0e43\u0e2a\u0e49\u0e15\u0e32\u0e43\u0e17\u0e35\u0e48\u0e40\u0e23\u0e32\u0e40\u0e25\u0e37\u0e2d\u0e01 \u0e01\u0e34\u0e19\u0e01\u0e31\u0e1a\u0e0b\u0e2d\u0e2a \u0e1f\u0e34\u0e19!", "type": "user", "user": {"gender": "male", "id": "2144615", "photo": {"prefix": "https://igx.4sqi.net/img/user/", "suffix": "/JCI4APGDAGB3QEII.jpg"}, "firstName": "Wats", "lastName": "Tui"}, "canonicalUrl": "https://foursquare.com/item/5235e7a411d26943cebbb423", "todo": {"count": 0}, "disagreeCount": 0}, {"logView": true, "lang": "en", "createdAt": 1335970337, "agreeCount": 0, "likes": {"groups": [], "count": 0}, "id": "4fa14a21e4b03a10309ce6b0", "text": "Try the Rosti With Beef And Pork Sausage", "type": "user", "user": {"id": "19378773", "photo": {"prefix": "https://igx.4sqi.net/img/user/", "suffix": "/5OHVHHDR21RGLD53.jpg"}, "firstName": "Rhys", "gender": "male"}, "canonicalUrl": "https://foursquare.com/item/4fa14a21e4b03a10309ce6b0", "todo": {"count": 0}, "disagreeCount": 0}, {"logView": true, "lang": "en", "createdAt": 1327576453, "agreeCount": 4, "likes": {"groups": [{"items": [{"gender": "male", "id": "1023230", "photo": {"prefix": "https://igx.4sqi.net/img/user/", "suffix": "/IV4VVMIEKPSDYMRH.jpg"}, "firstName": "Jzin", "lastName": "T"}, {"gender": "male", "id": "308951", "photo": {"prefix": "https://igx.4sqi.net/img/user/", "suffix": "/3UP0AI4WEWFBWG2M.jpg"}, "firstName": "Gabriel", "lastName": "Seah"}, {"gender": "male", "id": "63306277", "photo": {"prefix": "https://igx.4sqi.net/img/user/", "default": true, "suffix": "/blank_boy.png"}, "firstName": "Uncles", "lastName": "Champy"}, {"gender": "male", "id": "12950512", "photo": {"prefix": "https://igx.4sqi.net/img/user/", "suffix": "/E3EQGNJPY4MSTGQQ.jpg"}, "firstName": "Jon", "lastName": "Lee"}], "count": 4, "type": "others"}], "summary": "4 likes", "count": 4}, "id": "4f213585e4b0c3e5eedc3372", "text": "No toilet inside the restaurant is unconvenient. For example when you finished eating prawns and wanna wash your hands. You have to leave your ID by grabbing it inside wallet/purse with dirty hands.", "type": "user", "user": {"gender": "female", "id": "16834019", "photo": {"prefix": "https://igx.4sqi.net/img/user/", "suffix": "/YQEUFIPT5K5RNCLI.jpg"}, "firstName": "Evi", "lastName": "Lee"}, "canonicalUrl": "https://foursquare.com/item/4f213585e4b0c3e5eedc3372", "todo": {"count": 0}, "disagreeCount": 0}, {"logView": true, "lang": "en", "createdAt": 1294052816, "agreeCount": 2, "likes": {"groups": [{"items": [{"gender": "male", "id": "308951", "photo": {"prefix": "https://igx.4sqi.net/img/user/", "suffix": "/3UP0AI4WEWFBWG2M.jpg"}, "firstName": "Gabriel", "lastName": "Seah"}, {"gender": "male", "id": "63306277", "photo": {"prefix": "https://igx.4sqi.net/img/user/", "default": true, "suffix": "/blank_boy.png"}, "firstName": "Uncles", "lastName": "Champy"}], "count": 3, "type": "others"}], "summary": "3 likes", "count": 3}, "id": "4d21add0b69c6dcbc33d7b95", "text": "Its been a long time since I last ate at marche, alot of things have changed, nuthin much to look fwd to compare to the olden branches, gone are the customized pizzas and cooked veg, felt disappointed", "type": "user", "user": {"gender": "male", "id": "3235968", "photo": {"prefix": "https://igx.4sqi.net/img/user/", "suffix": "/Q0KYHR42PFKTBWWI.jpg"}, "firstName": "Derrick", "lastName": "Ang"}, "canonicalUrl": "https://foursquare.com/item/4d21add0b69c6dcbc33d7b95", "todo": {"count": 0}, "disagreeCount": 0}, {"logView": true, "lang": "en", "createdAt": 1380385255, "agreeCount": 0, "likes": {"groups": [], "count": 0}, "id": "524701e7498e9449b0939955", "text": "Very very ex but u shd go only if you're really really hungry.otherwise it's a waste of money.", "type": "user", "user": {"gender": "male", "id": "64407415", "photo": {"prefix": "https://igx.4sqi.net/img/user/", "suffix": "/64407415-2MOWCW1XZRLY1R5E.jpg"}, "firstName": "Sean", "lastName": "Michael"}, "canonicalUrl": "https://foursquare.com/item/524701e7498e9449b0939955", "todo": {"count": 0}, "disagreeCount": 0}, {"logView": true, "lang": "en", "photo": {"id": "51b98a5f498eb447659da3f5", "visibility": "public", "source": {"name": "Foursquare for Android", "url": "https://foursquare.com/download/#/android"}, "suffix": "/4222741_D4AcxA4MuTVbSAzW1MpkrNFvRqxo-7uiLppxy-vOYP0.jpg", "createdAt": 1371114079, "prefix": "https://igx.4sqi.net/img/general/", "width": 720, "height": 960}, "createdAt": 1371114076, "todo": {"count": 1}, "agreeCount": 1, "likes": {"groups": [{"items": [{"gender": "male", "id": "308951", "photo": {"prefix": "https://igx.4sqi.net/img/user/", "suffix": "/3UP0AI4WEWFBWG2M.jpg"}, "firstName": "Gabriel", "lastName": "Seah"}], "count": 1, "type": "others"}], "summary": "1 like", "count": 1}, "id": "51b98a5c498e330bac047fe8", "text": "Getting more exp and the serving is getting lesser! :(", "disagreeCount": 0, "user": {"id": "4222741", "photo": {"prefix": "https://igx.4sqi.net/img/user/", "suffix": "/HBGIJQDXSSQTT4EE.jpg"}, "firstName": "\uc2e0 \uc591 Shin Yang", "gender": "none"}, "canonicalUrl": "https://foursquare.com/item/51b98a5c498e330bac047fe8", "type": "user", "photourl": "https://igx.4sqi.net/img/general/original/4222741_D4AcxA4MuTVbSAzW1MpkrNFvRqxo-7uiLppxy-vOYP0.jpg"}, {"logView": true, "lang": "en", "createdAt": 1351159225, "agreeCount": 0, "likes": {"groups": [], "count": 0}, "id": "50890db9e4b0ef136011faa0", "text": "Rostti is good but too oily for my liking.", "type": "user", "user": {"gender": "male", "id": "9530653", "photo": {"prefix": "https://igx.4sqi.net/img/user/", "suffix": "/NSYF4FYL0CDDIWCU.jpg"}, "firstName": "Alex", "lastName": "Neo"}, "canonicalUrl": "https://foursquare.com/item/50890db9e4b0ef136011faa0", "todo": {"count": 0}, "disagreeCount": 0}, {"logView": true, "lang": "en", "createdAt": 1290318820, "agreeCount": 1, "likes": {"groups": [{"items": [{"gender": "female", "id": "5131601", "photo": {"prefix": "https://igx.4sqi.net/img/user/", "suffix": "/5131601-VXPKMMICMXASYVIF.jpg"}, "firstName": "Ning", "lastName": "Pari"}], "count": 1, "type": "others"}], "summary": "1 like", "count": 1}, "id": "4ce8b3e4678aa093527feaea", "text": "The server at rosti did a superb job!! He make my day by giving excellent service!!", "type": "user", "user": {"gender": "male", "id": "1805288", "photo": {"prefix": "https://igx.4sqi.net/img/user/", "suffix": "/VZKBC2RJKFC1YW0N.jpg"}, "firstName": "Z", "lastName": "Leong"}, "canonicalUrl": "https://foursquare.com/item/4ce8b3e4678aa093527feaea", "todo": {"count": 0}, "disagreeCount": 0}, {"logView": true, "lang": "en", "createdAt": 1385194371, "agreeCount": 0, "likes": {"groups": [], "count": 0}, "id": "52906383498e0a197720b1c5", "text": "Savoury cr\u00eape has WAY too much vegetables inside", "type": "user", "user": {"gender": "male", "id": "308951", "photo": {"prefix": "https://igx.4sqi.net/img/user/", "suffix": "/3UP0AI4WEWFBWG2M.jpg"}, "firstName": "Gabriel", "lastName": "Seah"}, "canonicalUrl": "https://foursquare.com/item/52906383498e0a197720b1c5", "todo": {"count": 0}, "disagreeCount": 0}, {"logView": true, "lang": "en", "createdAt": 1335970856, "agreeCount": 0, "likes": {"groups": [], "count": 0}, "id": "4fa14c28e4b0b4c47a9dc3f9", "text": "Try the Swiss Chocolate And Stracciatella - Yyyyyaaaammmm!!!", "type": "user", "user": {"id": "19378773", "photo": {"prefix": "https://igx.4sqi.net/img/user/", "suffix": "/5OHVHHDR21RGLD53.jpg"}, "firstName": "Rhys", "gender": "male"}, "canonicalUrl": "https://foursquare.com/item/4fa14c28e4b0b4c47a9dc3f9", "todo": {"count": 0}, "disagreeCount": 0}, {"logView": true, "lang": "en", "createdAt": 1407592672, "agreeCount": 0, "likes": {"groups": [], "count": 0}, "id": "53e628e0498e079142e16994", "text": "I looove everything here!!!!", "type": "user", "user": {"gender": "female", "id": "613055", "photo": {"prefix": "https://igx.4sqi.net/img/user/", "suffix": "/613055-KP5S2UGRAU5GCR5T.jpg"}, "firstName": "Ning", "lastName": "B."}, "canonicalUrl": "https://foursquare.com/item/53e628e0498e079142e16994", "todo": {"count": 0}, "disagreeCount": 0}, {"logView": true, "lang": "en", "createdAt": 1275709302, "agreeCount": 1, "likes": {"groups": [{"items": [{"gender": "female", "id": "3694851", "photo": {"prefix": "https://igx.4sqi.net/img/user/", "suffix": "/TO1C0322GND13Q51.jpg"}, "firstName": "Karla", "lastName": "Reynolds"}], "count": 3, "type": "others"}], "summary": "3 likes", "count": 3}, "id": "4c09c776bbc676b067e548d5", "text": "Oh my, I loooove this place! Cheap but great food! :D", "type": "user", "user": {"gender": "male", "id": "625182", "photo": {"prefix": "https://igx.4sqi.net/img/user/", "suffix": "/YM3CAJFDODM4H0PG.jpg"}, "firstName": "Jehzeel", "lastName": "Laurente"}, "canonicalUrl": "https://foursquare.com/item/4c09c776bbc676b067e548d5", "todo": {"count": 1}, "disagreeCount": 0}, {"authorInteractionType": "liked", "logView": true, "lang": "en", "createdAt": 1464728157, "agreeCount": 0, "likes": {"groups": [], "count": 0}, "id": "574dfa5d498e080f11a0301d", "text": "Everything is kinda halfsss", "type": "user", "user": {"id": "31674996", "photo": {"prefix": "https://igx.4sqi.net/img/user/", "suffix": "/31674996-Q34UQR0MNKUG10UE.jpg"}, "firstName": "Jessie", "gender": "female"}, "canonicalUrl": "https://foursquare.com/item/574dfa5d498e080f11a0301d", "todo": {"count": 0}, "disagreeCount": 0}, {"logView": true, "lang": "en", "createdAt": 1298779655, "agreeCount": 0, "likes": {"groups": [], "count": 0}, "id": "4d69ce0782cba09306d1dfd8", "text": "I love the blackforest ham crepe. And the very interesting spicy chocolate chicken rosti.", "type": "user", "user": {"gender": "male", "id": "1007932", "photo": {"prefix": "https://igx.4sqi.net/img/user/", "suffix": "/QKKOIGTJRURO05CK.png"}, "firstName": "kleb", "lastName": "k"}, "canonicalUrl": "https://foursquare.com/item/4d69ce0782cba09306d1dfd8", "todo": {"count": 0}, "disagreeCount": 0}, {"logView": true, "lang": "en", "createdAt": 1308463829, "agreeCount": 0, "likes": {"groups": [], "count": 0}, "id": "4dfd92d5aeb7594e86243b5b", "text": "Fav crepe is the sweet crepe with mascarpone and strawberries.", "type": "user", "user": {"gender": "female", "id": "10216808", "photo": {"prefix": "https://igx.4sqi.net/img/user/", "suffix": "/REZUFJUFUD1YPGDF.jpg"}, "firstName": "Tanya", "lastName": "Chloe"}, "canonicalUrl": "https://foursquare.com/item/4dfd92d5aeb7594e86243b5b", "todo": {"count": 0}, "disagreeCount": 0}, {"logView": true, "lang": "en", "createdAt": 1296803907, "agreeCount": 0, "likes": {"groups": [], "count": 0}, "id": "4d4ba8431b6ea0935747a7d9", "text": "My first time here..I'm in love with the spanish paella.", "type": "user", "user": {"gender": "male", "id": "5673134", "photo": {"prefix": "https://igx.4sqi.net/img/user/", "suffix": "/TPVB3B5LKJ2HY4Q2.jpg"}, "firstName": "Bryan", "lastName": "A."}, "canonicalUrl": "https://foursquare.com/item/4d4ba8431b6ea0935747a7d9", "todo": {"count": 0}, "disagreeCount": 0}, {"logView": true, "lang": "en", "createdAt": 1458454753, "agreeCount": 0, "likes": {"groups": [], "count": 0}, "id": "56ee40e1498e824d14c7d2fb", "text": "Birthday candle and lighter provided upon request at its cake counter :-)", "type": "user", "user": {"gender": "female", "id": "6306884", "photo": {"prefix": "https://igx.4sqi.net/img/user/", "suffix": "/6306884-L21LWV3MMZFIVU5F"}, "firstName": "Jess", "lastName": "Thia"}, "canonicalUrl": "https://foursquare.com/item/56ee40e1498e824d14c7d2fb", "todo": {"count": 0}, "disagreeCount": 0}], "count": 95}}}