{"meta": {"code": 200, "requestId": "595a553adb04f562eb04766d"}, "response": {"tips": {"items": [{"logView": true, "lang": "en", "createdAt": 1308190711, "agreeCount": 0, "likes": {"groups": [], "count": 0}, "id": "4df967f7d4c064db03a92f47", "text": "Awesome duck rice", "type": "user", "user": {"gender": "female", "id": "2956589", "photo": {"prefix": "https://igx.4sqi.net/img/user/", "suffix": "/UPEQ5MIJDHTPPZFR.jpg"}, "firstName": "Stella", "lastName": "Kae"}, "canonicalUrl": "https://foursquare.com/item/4df967f7d4c064db03a92f47", "todo": {"count": 0}, "disagreeCount": 0}, {"logView": true, "lang": "en", "createdAt": 1298045765, "agreeCount": 0, "likes": {"groups": [], "count": 0}, "id": "4d5e9b4514963704af20cc94", "text": "Move to your left after placing ur order!! Rule to follow in Singapore Macdonald..", "type": "user", "user": {"gender": "male", "id": "6656752", "photo": {"prefix": "https://igx.4sqi.net/img/user/", "suffix": "/CXXLX4LURMBEZRAG.jpg"}, "firstName": "Lim", "lastName": "Keon"}, "canonicalUrl": "https://foursquare.com/item/4d5e9b4514963704af20cc94", "todo": {"count": 0}, "disagreeCount": 0}, {"logView": true, "lang": "id", "createdAt": 1377005352, "agreeCount": 0, "likes": {"groups": [], "count": 0}, "id": "52136f2811d2d290f6ac43f3", "text": "Paling favorite sama apple pienya tetep. Di indo nggak ada!", "type": "user", "user": {"gender": "female", "id": "4932927", "photo": {"prefix": "https://igx.4sqi.net/img/user/", "suffix": "/4932927-TZLJQDS5BCDVFC1R.jpg"}, "firstName": "Amanda", "lastName": "Hasthavania"}, "canonicalUrl": "https://foursquare.com/item/52136f2811d2d290f6ac43f3", "todo": {"count": 0}, "disagreeCount": 0}, {"logView": true, "lang": "en", "createdAt": 1322967300, "agreeCount": 0, "likes": {"groups": [], "count": 0}, "id": "4edae10493ad464d2928d9f1", "text": "Wei Heng you racist bastard", "type": "user", "user": {"id": "396429", "photo": {"prefix": "https://igx.4sqi.net/img/user/", "suffix": "/R3D3CMQBKGGCFYED.png"}, "firstName": "nvendr", "gender": "none"}, "canonicalUrl": "https://foursquare.com/item/4edae10493ad464d2928d9f1", "todo": {"count": 0}, "disagreeCount": 0}, {"logView": true, "lang": "en", "createdAt": 1303968406, "agreeCount": 2, "likes": {"groups": [{"items": [{"gender": "male", "id": "3018155", "photo": {"prefix": "https://igx.4sqi.net/img/user/", "suffix": "/B3MVTMT1OZCY51XA.jpg"}, "firstName": "Gerald", "lastName": "Rappa"}, {"gender": "male", "id": "12623586", "photo": {"prefix": "https://igx.4sqi.net/img/user/", "suffix": "/VLKHR22Z5K1I4Z0E.jpg"}, "firstName": "Johnsim", "lastName": "Jialiang"}], "count": 2, "type": "others"}], "summary": "2 likes", "count": 2}, "id": "4db8fa965da3b5fa68cbb1b0", "text": "Seaweed shaker fries is back !! \ue415", "type": "user", "user": {"gender": "female", "id": "3879399", "photo": {"prefix": "https://igx.4sqi.net/img/user/", "suffix": "/3SCQQMFFC4JTJP2C.jpg"}, "firstName": "Tammie", "lastName": "Lim"}, "canonicalUrl": "https://foursquare.com/item/4db8fa965da3b5fa68cbb1b0", "todo": {"count": 0}, "disagreeCount": 0}, {"logView": true, "lang": "en", "createdAt": 1286379546, "agreeCount": 0, "likes": {"groups": [], "count": 0}, "id": "4cac981aae1eef3b02cd3447", "text": "nice to eat", "type": "user", "user": {"gender": "female", "id": "3792717", "photo": {"prefix": "https://igx.4sqi.net/img/user/", "suffix": "/UOQAZ5V5UXCPKB0L.gif"}, "firstName": "Lovely", "lastName": "Vale"}, "canonicalUrl": "https://foursquare.com/item/4cac981aae1eef3b02cd3447", "todo": {"count": 0}, "disagreeCount": 0}, {"logView": true, "lang": "en", "createdAt": 1265966724, "agreeCount": 0, "likes": {"groups": [], "count": 0}, "id": "4b751e8470c603bb8a1092b4", "text": "Watch premier league soccer here...", "type": "user", "user": {"gender": "male", "id": "332899", "photo": {"prefix": "https://igx.4sqi.net/img/user/", "default": true, "suffix": "/blank_boy.png"}, "firstName": "Lathiff", "lastName": "Abdul"}, "canonicalUrl": "https://foursquare.com/item/4b751e8470c603bb8a1092b4", "todo": {"count": 0}, "disagreeCount": 0}, {"logView": true, "lang": "en", "createdAt": 1300508676, "agreeCount": 0, "likes": {"groups": [], "count": 0}, "id": "4d84300499b78cfa7b91b21f", "text": "Sound level at this outlet (indoors) is terrible! ESP over weekends!!!", "type": "user", "user": {"gender": "male", "id": "6629034", "photo": {"prefix": "https://igx.4sqi.net/img/user/", "suffix": "/54LZEJMQ50IICWUM.jpg"}, "firstName": "\u5434", "lastName": "Andrew"}, "canonicalUrl": "https://foursquare.com/item/4d84300499b78cfa7b91b21f", "todo": {"count": 0}, "disagreeCount": 0}, {"logView": true, "lang": "en", "createdAt": 1288105681, "agreeCount": 1, "likes": {"groups": [{"items": [{"gender": "male", "id": "21311760", "photo": {"prefix": "https://igx.4sqi.net/img/user/", "suffix": "/Q3UL0UEAYSX45SEQ.jpg"}, "firstName": "Ong", "lastName": "Chi Hang"}], "count": 1, "type": "others"}], "summary": "1 like", "count": 1}, "id": "4cc6eed13d7fa1cdf331ba5f", "text": "Malay or indians or chinese doesn't really matter its a place to sit wif frends chill..!!", "type": "user", "user": {"gender": "male", "id": "4096364", "photo": {"prefix": "https://igx.4sqi.net/img/user/", "suffix": "/KNKC3I5GFNO4TEOP.jpg"}, "firstName": "Fadhil", "lastName": "Gani"}, "canonicalUrl": "https://foursquare.com/item/4cc6eed13d7fa1cdf331ba5f", "todo": {"count": 0}, "disagreeCount": 0}, {"logView": true, "lang": "en", "createdAt": 1351502577, "agreeCount": 0, "likes": {"groups": [], "count": 0}, "id": "508e4af1e4b0c56e76a38efc", "text": "This place is full of students really", "type": "user", "user": {"gender": "male", "id": "39488218", "photo": {"prefix": "https://igx.4sqi.net/img/user/", "suffix": "/NV5P2LKKQDNEBTOD.jpg"}, "firstName": "Gorby", "lastName": "Delgado"}, "canonicalUrl": "https://foursquare.com/item/508e4af1e4b0c56e76a38efc", "todo": {"count": 0}, "disagreeCount": 0}, {"logView": true, "lang": "en", "createdAt": 1326070587, "agreeCount": 3, "likes": {"groups": [{"items": [{"gender": "male", "id": "4349671", "photo": {"prefix": "https://igx.4sqi.net/img/user/", "suffix": "/4349671-DTKRN3I0OEIQZTZE.jpg"}, "firstName": "snmt", "lastName": "29"}, {"gender": "male", "id": "4533127", "photo": {"prefix": "https://igx.4sqi.net/img/user/", "suffix": "/HIBPRQ4KE42TME0Q.jpg"}, "firstName": "\uc564\ub514 Goh", "lastName": "\u54e5"}, {"id": "3811116", "photo": {"prefix": "https://igx.4sqi.net/img/user/", "suffix": "/AEZNXSTSWNXQKB1F.jpg"}, "firstName": "jzxh", "gender": "male"}], "count": 3, "type": "others"}], "summary": "3 likes", "count": 3}, "id": "4f0a3b3be4b0ca3a5e1fea58", "text": "before 9am breakfast 4 bucks with coffee refill free", "type": "user", "user": {"gender": "male", "id": "4421839", "photo": {"prefix": "https://igx.4sqi.net/img/user/", "suffix": "/CYWTYM3P0EA4V5C2.jpg"}, "firstName": "Mun Choon", "lastName": "Yuen"}, "canonicalUrl": "https://foursquare.com/item/4f0a3b3be4b0ca3a5e1fea58", "todo": {"count": 0}, "disagreeCount": 0}, {"logView": true, "lang": "en", "createdAt": 1304879866, "agreeCount": 0, "likes": {"groups": [], "count": 0}, "id": "4dc6e2fab3ad20ab9e425c43", "text": "chilled out @ mac", "type": "user", "user": {"gender": "male", "id": "9345383", "photo": {"prefix": "https://igx.4sqi.net/img/user/", "suffix": "/2VP251VT1WECFSV4.jpg"}, "firstName": "ramdan", "lastName": "abdullah"}, "canonicalUrl": "https://foursquare.com/item/4dc6e2fab3ad20ab9e425c43", "todo": {"count": 0}, "disagreeCount": 0}, {"authorInteractionType": "meh", "logView": true, "lang": "en", "createdAt": 1434128334, "agreeCount": 0, "likes": {"groups": [], "count": 0}, "id": "557b0fce498e31ee25d48fea", "text": "Forever packed with peepor.", "type": "user", "user": {"gender": "female", "id": "43811887", "photo": {"prefix": "https://igx.4sqi.net/img/user/", "suffix": "/43811887-ZYPIW0DS41FSQHE5.jpg"}, "firstName": "Alisa", "lastName": "Abrahman"}, "canonicalUrl": "https://foursquare.com/item/557b0fce498e31ee25d48fea", "todo": {"count": 0}, "disagreeCount": 0}, {"logView": true, "lang": "en", "createdAt": 1284245466, "agreeCount": 0, "likes": {"groups": [], "count": 0}, "id": "4c8c07dad5049c741ec0456a", "text": "With suzie", "type": "user", "user": {"gender": "male", "id": "3288044", "photo": {"prefix": "https://igx.4sqi.net/img/user/", "suffix": "/VB4TVGGK1PM24Z05.jpg"}, "firstName": "aie", "lastName": "assasin."}, "canonicalUrl": "https://foursquare.com/item/4c8c07dad5049c741ec0456a", "todo": {"count": 0}, "disagreeCount": 0}, {"logView": true, "lang": "en", "createdAt": 1322822898, "agreeCount": 0, "likes": {"groups": [], "count": 0}, "id": "4ed8acf229c2b91226456daa", "text": "McSpicy \\m/", "type": "user", "user": {"gender": "female", "id": "15331107", "photo": {"prefix": "https://igx.4sqi.net/img/user/", "suffix": "/JKFLEO302GYFRVNR.jpg"}, "firstName": "ismah", "lastName": "mahone"}, "canonicalUrl": "https://foursquare.com/item/4ed8acf229c2b91226456daa", "todo": {"count": 0}, "disagreeCount": 0}, {"logView": true, "lang": "en", "createdAt": 1298238702, "agreeCount": 0, "likes": {"groups": [], "count": 0}, "id": "4d618cee9f67f04dc3af85fb", "text": "Got smoking area~", "type": "user", "user": {"gender": "male", "id": "5857957", "photo": {"prefix": "https://igx.4sqi.net/img/user/", "suffix": "/-2E3OBFVCL2WGDHHF.jpg"}, "firstName": "Oman", "lastName": "Umm"}, "canonicalUrl": "https://foursquare.com/item/4d618cee9f67f04dc3af85fb", "todo": {"count": 0}, "disagreeCount": 0}, {"logView": true, "lang": "en", "createdAt": 1321173142, "agreeCount": 0, "likes": {"groups": [], "count": 0}, "id": "4ebf8096cc212562ad135b5d", "text": "Double fish o fillets!", "type": "user", "user": {"gender": "male", "id": "3733990", "photo": {"prefix": "https://igx.4sqi.net/img/user/", "suffix": "/TDUJTHNBWMGDIAEQ.jpg"}, "firstName": "Winfield", "lastName": "Zheng"}, "canonicalUrl": "https://foursquare.com/item/4ebf8096cc212562ad135b5d", "todo": {"count": 0}, "disagreeCount": 0}, {"logView": true, "lang": "en", "createdAt": 1315063398, "agreeCount": 0, "likes": {"groups": [], "count": 0}, "id": "4e624666814d386f75c6f069", "text": "The cappucinos and frappes are delicious! Give em a try :)", "type": "user", "user": {"id": "6904184", "photo": {"prefix": "https://igx.4sqi.net/img/user/", "suffix": "/1XRYSCEA1ADEP0P2.jpg"}, "firstName": "Ifahh", "gender": "female"}, "canonicalUrl": "https://foursquare.com/item/4e624666814d386f75c6f069", "todo": {"count": 0}, "disagreeCount": 0}, {"logView": true, "lang": "en", "createdAt": 1290716963, "agreeCount": 0, "likes": {"groups": [], "count": 0}, "id": "4ceec7234cd4236a716caf63", "text": "Love Mcspicy double hehe...", "type": "user", "user": {"gender": "male", "id": "2416939", "photo": {"prefix": "https://igx.4sqi.net/img/user/", "suffix": "/0W0FTGZLOLQFYSEJ.jpg"}, "firstName": "Guo", "lastName": "Rong"}, "canonicalUrl": "https://foursquare.com/item/4ceec7234cd4236a716caf63", "todo": {"count": 0}, "disagreeCount": 0}, {"logView": true, "lang": "en", "createdAt": 1314623258, "agreeCount": 0, "likes": {"groups": [], "count": 0}, "id": "4e5b8f1a922ea6b1b748eb04", "text": "It is open 24 hours so if you are hungry and need supper, rest assured it is open.", "type": "user", "user": {"gender": "none", "id": "13086981", "photo": {"prefix": "https://igx.4sqi.net/img/user/", "suffix": "/N1LPKNLTVLW3S4IA.jpg"}, "firstName": "Dealzilla", "lastName": "Monst"}, "canonicalUrl": "https://foursquare.com/item/4e5b8f1a922ea6b1b748eb04", "todo": {"count": 1}, "disagreeCount": 0}, {"logView": true, "lang": "en", "createdAt": 1293152624, "agreeCount": 0, "likes": {"groups": [], "count": 0}, "id": "4d13f170cc216ea89af357d3", "text": "Revamped. No more tv for Premier League action but still operating 24hrs a day.", "type": "user", "user": {"gender": "male", "id": "3162823", "photo": {"prefix": "https://igx.4sqi.net/img/user/", "suffix": "/3K30DI1C2GXS40C2.jpg"}, "firstName": "ZhiQiang", "lastName": "Tan"}, "canonicalUrl": "https://foursquare.com/item/4d13f170cc216ea89af357d3", "todo": {"count": 1}, "disagreeCount": 0}, {"logView": true, "lang": "en", "createdAt": 1300541256, "agreeCount": 1, "likes": {"groups": [{"items": [{"gender": "female", "id": "51716779", "photo": {"prefix": "https://igx.4sqi.net/img/user/", "suffix": "/JEGJKWMD3CXBXAWE.jpg"}, "firstName": "Len", "lastName": "Guillen"}], "count": 1, "type": "others"}], "summary": "1 like", "count": 1}, "id": "4d84af485e70224bda6e1109", "text": "This place is insane packed. It's CRAZY!", "type": "user", "user": {"gender": "female", "id": "4402980", "photo": {"prefix": "https://igx.4sqi.net/img/user/", "suffix": "/TYW5E1DCMN4FYRY3.jpg"}, "firstName": "Norain", "lastName": "Boon"}, "canonicalUrl": "https://foursquare.com/item/4d84af485e70224bda6e1109", "todo": {"count": 0}, "disagreeCount": 0}, {"logView": true, "lang": "en", "photo": {"id": "513de92be4b0c7dbaac1c860", "visibility": "public", "source": {"name": "Foursquare for Android", "url": "https://foursquare.com/download/#/android"}, "suffix": "/49827127_0OuvnD_DKlCzaVbflppREg_GztrRoAf3-EpGyeF38ow.jpg", "createdAt": 1363011883, "prefix": "https://igx.4sqi.net/img/general/", "width": 960, "height": 960}, "createdAt": 1363011879, "todo": {"count": 0}, "agreeCount": 0, "likes": {"groups": [], "count": 0}, "id": "513de927e4b0cb99996ef41a", "text": "Service is good at 10pm...", "disagreeCount": 0, "user": {"gender": "male", "id": "49827127", "photo": {"prefix": "https://igx.4sqi.net/img/user/", "default": true, "suffix": "/blank_boy.png"}, "firstName": "Herwan", "lastName": "Shah"}, "canonicalUrl": "https://foursquare.com/item/513de927e4b0cb99996ef41a", "type": "user", "photourl": "https://igx.4sqi.net/img/general/original/49827127_0OuvnD_DKlCzaVbflppREg_GztrRoAf3-EpGyeF38ow.jpg"}, {"logView": true, "lang": "en", "createdAt": 1304347982, "agreeCount": 0, "likes": {"groups": [], "count": 0}, "id": "4dbec54ef7b1ab37dd945a57", "text": "Love ko to.", "type": "user", "user": {"gender": "male", "id": "6304148", "photo": {"prefix": "https://igx.4sqi.net/img/user/", "suffix": "/V2GCMNRZLABPNZDT.jpg"}, "firstName": "Brian", "lastName": "Barbanida"}, "canonicalUrl": "https://foursquare.com/item/4dbec54ef7b1ab37dd945a57", "todo": {"count": 0}, "disagreeCount": 0}, {"logView": true, "lang": "en", "createdAt": 1322792942, "agreeCount": 0, "likes": {"groups": [], "count": 0}, "id": "4ed837eeb6344371f440c228", "text": "Fast service. Can get quite crowded during peak hrs.", "type": "user", "user": {"gender": "female", "id": "11055405", "photo": {"prefix": "https://igx.4sqi.net/img/user/", "suffix": "/NVADQX5K0LLBRA43.jpg"}, "firstName": "Michelle", "lastName": "Cassiel"}, "canonicalUrl": "https://foursquare.com/item/4ed837eeb6344371f440c228", "todo": {"count": 0}, "disagreeCount": 0}, {"logView": true, "lang": "en", "createdAt": 1317399056, "agreeCount": 0, "likes": {"groups": [], "count": 0}, "id": "4e85ea1061af9a699f6a1379", "text": "Caramel frappe is just as great.", "type": "user", "user": {"gender": "male", "id": "3317105", "photo": {"prefix": "https://igx.4sqi.net/img/user/", "suffix": "/DQOLDLEM2QZNDAAK.jpg"}, "firstName": "Ameerulddin", "lastName": "Joha"}, "canonicalUrl": "https://foursquare.com/item/4e85ea1061af9a699f6a1379", "todo": {"count": 0}, "disagreeCount": 0}, {"logView": true, "lang": "en", "photo": {"id": "511bb480e4b085821ca5a2e6", "visibility": "public", "source": {"name": "Foursquare for Android", "url": "https://foursquare.com/download/#/android"}, "suffix": "/32566230_u1eVOotqktjLwfa22dMMImPoyY2UWGitACe9lI2G0hw.jpg", "createdAt": 1360770176, "prefix": "https://igx.4sqi.net/img/general/", "width": 720, "height": 720}, "createdAt": 1360770173, "todo": {"count": 0}, "agreeCount": 0, "likes": {"groups": [], "count": 0}, "id": "511bb47de4b047cffb0d0754", "text": "One of the barista (guy) working here has an interesting style of art on his coffee/latte.", "disagreeCount": 0, "user": {"id": "32566230", "photo": {"prefix": "https://igx.4sqi.net/img/user/", "suffix": "/SZAL2PECJ01BD1XE.jpg"}, "firstName": "Kevin", "gender": "male"}, "canonicalUrl": "https://foursquare.com/item/511bb47de4b047cffb0d0754", "type": "user", "photourl": "https://igx.4sqi.net/img/general/original/32566230_u1eVOotqktjLwfa22dMMImPoyY2UWGitACe9lI2G0hw.jpg"}, {"authorInteractionType": "meh", "logView": true, "lang": "en", "createdAt": 1455129375, "agreeCount": 0, "likes": {"groups": [], "count": 0}, "id": "56bb831f498e26e8a99859f1", "text": "Always super packed. This Macs has indoor and outdoor seating and a McCafe branch inside the McDonald's itself. Also a small counter outside serving ice-creams and Apple pie.", "type": "user", "user": {"gender": "female", "id": "3747038", "photo": {"prefix": "https://igx.4sqi.net/img/user/", "suffix": "/3747038_reYjiJPg_hqomd7X6pB5m0Mmk55b_XoEREFsPzjEPFm2BCz--G4nwPqqNYdsbfvagQtUn-Tv-.jpg"}, "firstName": "Elise", "lastName": "\u2765"}, "canonicalUrl": "https://foursquare.com/item/56bb831f498e26e8a99859f1", "todo": {"count": 0}, "disagreeCount": 0}, {"authorInteractionType": "liked", "logView": true, "lang": "en", "createdAt": 1455299996, "agreeCount": 0, "likes": {"groups": [], "count": 0}, "id": "56be1d9c498e9f9d77e459d2", "text": "24 hours! But pretty slow service even at late night...", "type": "user", "user": {"gender": "male", "id": "3239225", "photo": {"prefix": "https://igx.4sqi.net/img/user/", "suffix": "/3239225_FUOzfHuU_v9MeuyoYFKrOGjgMAenSfU-GkfQR97hH-kzqT3TUfAsWX-NKYaoySWw-f4Dg4Nya.jpg"}, "firstName": "Samuel", "lastName": "T"}, "canonicalUrl": "https://foursquare.com/item/56be1d9c498e9f9d77e459d2", "todo": {"count": 0}, "disagreeCount": 0}, {"logView": true, "lang": "en", "createdAt": 1330832490, "agreeCount": 0, "likes": {"groups": [], "count": 0}, "id": "4f52e46ae4b09f74b82984f6", "text": "Must try their awesome McWings!", "type": "user", "user": {"gender": "female", "id": "20427212", "photo": {"prefix": "https://igx.4sqi.net/img/user/", "suffix": "/20427212-RDD4HOZXZOGHXTCY.jpg"}, "firstName": "Jehan", "lastName": "Ismael"}, "canonicalUrl": "https://foursquare.com/item/4f52e46ae4b09f74b82984f6", "todo": {"count": 0}, "disagreeCount": 0}, {"logView": true, "lang": "en", "createdAt": 1314582715, "agreeCount": 0, "likes": {"groups": [], "count": 0}, "id": "4e5af0bbaeb7d78d9f8b8961", "text": "this sauce suck douchebag", "type": "user", "user": {"gender": "male", "id": "13046075", "photo": {"prefix": "https://igx.4sqi.net/img/user/", "suffix": "/SX2BAAIILRCBAQ51.jpg"}, "firstName": "Noel", "lastName": "Chaw Li Wei \u7acb \u5a01"}, "canonicalUrl": "https://foursquare.com/item/4e5af0bbaeb7d78d9f8b8961", "todo": {"count": 0}, "disagreeCount": 0}, {"logView": true, "lang": "en", "createdAt": 1289002116, "agreeCount": 0, "likes": {"groups": [], "count": 0}, "id": "4cd49c84dfb4a1cdc945545c", "text": "Sit outside. The view is great!", "type": "user", "user": {"gender": "male", "id": "1548838", "photo": {"prefix": "https://igx.4sqi.net/img/user/", "suffix": "/G1NI4A5KRCJ5BCSL.jpg"}, "firstName": "Hafiz", "lastName": "Arifin"}, "canonicalUrl": "https://foursquare.com/item/4cd49c84dfb4a1cdc945545c", "todo": {"count": 0}, "disagreeCount": 0}, {"logView": true, "lang": "en", "createdAt": 1318642999, "agreeCount": 0, "likes": {"groups": [], "count": 0}, "id": "4e98e53793ad12dbefeceaf4", "text": "Breakfast!", "type": "user", "user": {"gender": "female", "id": "11026624", "photo": {"prefix": "https://igx.4sqi.net/img/user/", "suffix": "/PU1BVPOTDN21DOB0.jpg"}, "firstName": "Athirah", "lastName": "Desuki"}, "canonicalUrl": "https://foursquare.com/item/4e98e53793ad12dbefeceaf4", "todo": {"count": 0}, "disagreeCount": 0}, {"logView": true, "lang": "en", "createdAt": 1320652729, "agreeCount": 0, "likes": {"groups": [], "count": 0}, "id": "4eb78fb9e30006eb13053b8a", "text": "The McCafe here is a huge disappointment and a terrible disgrace to the name. Got served with a milk-stained fork knowingly but when asked for a change, got stared at by the staff.", "type": "user", "user": {"gender": "female", "id": "2612216", "photo": {"prefix": "https://igx.4sqi.net/img/user/", "suffix": "/R2WVAM0T2S0LNTJD.jpg"}, "firstName": "Jaslyn", "lastName": "Toh"}, "canonicalUrl": "https://foursquare.com/item/4eb78fb9e30006eb13053b8a", "todo": {"count": 0}, "disagreeCount": 0}, {"logView": true, "lang": "en", "createdAt": 1463382869, "agreeCount": 0, "likes": {"groups": [], "count": 0}, "id": "57397355498e48fda862985f", "text": "The baby chair here was so dirty an stain as they left it outside without cleaning", "type": "user", "user": {"gender": "male", "id": "4861741", "photo": {"prefix": "https://igx.4sqi.net/img/user/", "suffix": "/4861741-2NVUXAT2JV5CR3EB"}, "firstName": "Siang Hwee", "lastName": "Foo"}, "canonicalUrl": "https://foursquare.com/item/57397355498e48fda862985f", "todo": {"count": 0}, "disagreeCount": 0}, {"authorInteractionType": "liked", "logView": true, "lang": "en", "createdAt": 1456719765, "agreeCount": 0, "likes": {"groups": [], "count": 0}, "id": "56d3c795498e8b65943c00d9", "text": "Not exactly convenient location to go to, or return from, especially if bad weather..", "type": "user", "user": {"gender": "male", "id": "5971954", "photo": {"prefix": "https://igx.4sqi.net/img/user/", "suffix": "/L2LYTWGQVQZK4OGR.jpg"}, "firstName": "Jazereel", "lastName": "Teo"}, "canonicalUrl": "https://foursquare.com/item/56d3c795498e8b65943c00d9", "todo": {"count": 0}, "disagreeCount": 0}, {"logView": true, "lang": "en", "createdAt": 1316790864, "agreeCount": 0, "likes": {"groups": [], "count": 0}, "id": "4e7ca2502271b07990cfe11b", "text": "Iced Mocha is a must try!", "type": "user", "user": {"gender": "male", "id": "2420804", "photo": {"prefix": "https://igx.4sqi.net/img/user/", "suffix": "/2420804-OU015RZQ04PFPKN0.jpg"}, "firstName": "Ryuko", "lastName": "Rify"}, "canonicalUrl": "https://foursquare.com/item/4e7ca2502271b07990cfe11b", "todo": {"count": 0}, "disagreeCount": 0}, {"todo": {"count": 0}, "logView": true, "lang": "en", "createdAt": 1304878244, "editedAt": 1402002617, "agreeCount": 0, "likes": {"groups": [], "count": 0}, "id": "4dc6dca4b3ad20ab9e4237b6", "text": "now going to eat....stomach is nw hungry", "disagreeCount": 0, "user": {"gender": "male", "id": "9345383", "photo": {"prefix": "https://igx.4sqi.net/img/user/", "suffix": "/2VP251VT1WECFSV4.jpg"}, "firstName": "ramdan", "lastName": "abdullah"}, "canonicalUrl": "https://foursquare.com/item/4dc6dca4b3ad20ab9e4237b6", "type": "user"}, {"logView": true, "lang": "en", "createdAt": 1367859178, "agreeCount": 0, "likes": {"groups": [], "count": 0}, "id": "5187dfea498ef49c97ff90e6", "text": "Have delivery now?", "type": "user", "user": {"gender": "male", "id": "55486699", "photo": {"prefix": "https://igx.4sqi.net/img/user/", "default": true, "suffix": "/blank_boy.png"}, "firstName": "Ks", "lastName": "Yau"}, "canonicalUrl": "https://foursquare.com/item/5187dfea498ef49c97ff90e6", "todo": {"count": 0}, "disagreeCount": 0}, {"logView": true, "lang": "en", "createdAt": 1317652424, "agreeCount": 1, "likes": {"groups": [{"items": [{"gender": "male", "id": "3348908", "photo": {"prefix": "https://igx.4sqi.net/img/user/", "suffix": "/3348908-4IQRRSJL0N1LF2QX.jpg"}, "firstName": "Alan", "lastName": "Reeves"}], "count": 1, "type": "others"}], "summary": "1 like", "count": 1}, "id": "4e89c7c88b813d0513d6630e", "text": "Mcflurry! \u2665", "type": "user", "user": {"gender": "female", "id": "4359666", "photo": {"prefix": "https://igx.4sqi.net/img/user/", "suffix": "/4359666-XT1ZWXD1O20R52AW.jpg"}, "firstName": "\ud83c\udf80Pandora", "lastName": "Fayeralene\ud83c\udf80"}, "canonicalUrl": "https://foursquare.com/item/4e89c7c88b813d0513d6630e", "todo": {"count": 1}, "disagreeCount": 0}, {"logView": true, "lang": "en", "createdAt": 1285835179, "agreeCount": 0, "likes": {"groups": [], "count": 0}, "id": "4ca449aba73cb60c80e91f78", "text": "Alot of chic here!!!", "type": "user", "user": {"gender": "male", "id": "3488245", "photo": {"prefix": "https://igx.4sqi.net/img/user/", "suffix": "/AUPNFKG0X05U4SZI.jpg"}, "firstName": "Kenzo", "lastName": "Reno"}, "canonicalUrl": "https://foursquare.com/item/4ca449aba73cb60c80e91f78", "todo": {"count": 0}, "disagreeCount": 0}, {"logView": true, "lang": "en", "createdAt": 1317552080, "agreeCount": 0, "likes": {"groups": [], "count": 0}, "id": "4e883fd0be7bdb95c318affb", "text": "Cinnamon Meltz so naise!", "type": "user", "user": {"gender": "male", "id": "4437301", "photo": {"prefix": "https://igx.4sqi.net/img/user/", "suffix": "/TVGLQNFBPFYFPMFZ.jpg"}, "firstName": "Amyrul", "lastName": "Cartoon"}, "canonicalUrl": "https://foursquare.com/item/4e883fd0be7bdb95c318affb", "todo": {"count": 0}, "disagreeCount": 0}], "count": 42}}}