{"meta": {"code": 200, "requestId": "595a4e714c1f67701d3f7760"}, "response": {"tips": {"items": [{"logView": true, "lang": "en", "photo": {"id": "5257f56b11d20b8f68b18fd0", "visibility": "public", "source": {"name": "Foursquare for Android", "url": "https://foursquare.com/download/#/android"}, "suffix": "/308951_mfdkz2ltn98Csytvhez2levq0-BwPGEUK8c3vcAoz0A.jpg", "createdAt": 1381496171, "prefix": "https://igx.4sqi.net/img/general/", "width": 960, "height": 543}, "createdAt": 1381496169, "todo": {"count": 0}, "agreeCount": 1, "likes": {"groups": [{"items": [{"id": "4328442", "photo": {"prefix": "https://igx.4sqi.net/img/user/", "suffix": "/IPZHLEQNFHBXXTMO.jpg"}, "firstName": "Vincent", "gender": "male"}], "count": 1, "type": "others"}], "summary": "1 like", "count": 1}, "id": "5257f569498ed6aaab9cb512", "text": "$6 hashima. Cheaper, better quality than at ah chew. Though the crushed ice is coarse", "disagreeCount": 0, "user": {"gender": "male", "id": "308951", "photo": {"prefix": "https://igx.4sqi.net/img/user/", "suffix": "/3UP0AI4WEWFBWG2M.jpg"}, "firstName": "Gabriel", "lastName": "Seah"}, "canonicalUrl": "https://foursquare.com/item/5257f569498ed6aaab9cb512", "type": "user", "photourl": "https://igx.4sqi.net/img/general/original/308951_mfdkz2ltn98Csytvhez2levq0-BwPGEUK8c3vcAoz0A.jpg"}, {"logView": true, "lang": "en", "createdAt": 1321705058, "agreeCount": 0, "likes": {"groups": [], "count": 0}, "id": "4ec79e62b8f758db7458c473", "text": "The prawn fried in eye is rather tasteless....", "type": "user", "user": {"gender": "male", "id": "6465504", "photo": {"prefix": "https://igx.4sqi.net/img/user/", "suffix": "/02DYAY0YZH0RX2EB.jpg"}, "firstName": "xiao", "lastName": "hao"}, "canonicalUrl": "https://foursquare.com/item/4ec79e62b8f758db7458c473", "todo": {"count": 0}, "disagreeCount": 0}, {"logView": true, "lang": "en", "createdAt": 1303821590, "agreeCount": 0, "likes": {"groups": [], "count": 0}, "id": "4db6bd16316a3bec526b7214", "text": "Wish to go again for their aloe vera & their fried beef kueh teow!", "type": "user", "user": {"gender": "female", "id": "6921023", "photo": {"prefix": "https://igx.4sqi.net/img/user/", "suffix": "/VHR5QEG5VUG1L1LN.jpg"}, "firstName": "Carrie", "lastName": "Phang"}, "canonicalUrl": "https://foursquare.com/item/4db6bd16316a3bec526b7214", "todo": {"count": 0}, "disagreeCount": 0}, {"logView": true, "lang": "en", "createdAt": 1285183802, "agreeCount": 0, "likes": {"groups": [{"items": [], "count": 5, "type": "others"}], "summary": "5 likes", "count": 5}, "id": "4c9a593ad4b1b1f71d77cf35", "text": "The aloe vera is a must try!!!! Nvr miss this dish!! Wooo hooo!! Thumbs up!!", "type": "user", "user": {"gender": "male", "id": "2174027", "photo": {"prefix": "https://igx.4sqi.net/img/user/", "suffix": "/XAZMTEIKHECZZDBH.jpg"}, "firstName": "Bryan", "lastName": "Pinz Ponz"}, "canonicalUrl": "https://foursquare.com/item/4c9a593ad4b1b1f71d77cf35", "todo": {"count": 1}, "disagreeCount": 0}, {"authorInteractionType": "liked", "logView": true, "lang": "en", "photo": {"id": "51eb7065498e582b10fcf77e", "visibility": "public", "source": {"name": "Foursquare for iOS", "url": "https://foursquare.com/download/#/iphone"}, "suffix": "/51204797_8SGLeBxcMnAsiVb1D1BgpL6ukGqq2SIp-FPzMvIswEc.jpg", "createdAt": 1374384229, "prefix": "https://igx.4sqi.net/img/general/", "width": 720, "height": 960}, "createdAt": 1374384223, "todo": {"count": 0}, "agreeCount": 0, "likes": {"groups": [], "count": 0}, "id": "51eb705f498eeaebdce7880c", "text": "Clearly one of the best Chilli crabs in SG", "disagreeCount": 0, "user": {"gender": "male", "id": "51204797", "photo": {"prefix": "https://igx.4sqi.net/img/user/", "suffix": "/XTV4XXASWQEQRNL3.jpg"}, "firstName": "P", "lastName": "LM"}, "canonicalUrl": "https://foursquare.com/item/51eb705f498eeaebdce7880c", "type": "user", "photourl": "https://igx.4sqi.net/img/general/original/51204797_8SGLeBxcMnAsiVb1D1BgpL6ukGqq2SIp-FPzMvIswEc.jpg"}, {"logView": true, "lang": "en", "createdAt": 1290772107, "agreeCount": 0, "likes": {"groups": [], "count": 0}, "id": "4cef9e8b3b03f04ddca23fdc", "text": "Boiled baby squid very fresh, tasty... Die die my try , very appetizing , 10.5/10 Hee", "type": "user", "user": {"gender": "male", "id": "4700684", "photo": {"prefix": "https://igx.4sqi.net/img/user/", "suffix": "/SWKWFUQRU4Y2SQ2Q.jpg"}, "firstName": "Deon", "lastName": "Lim"}, "canonicalUrl": "https://foursquare.com/item/4cef9e8b3b03f04ddca23fdc", "todo": {"count": 0}, "disagreeCount": 0}, {"authorInteractionType": "liked", "logView": true, "lang": "en", "createdAt": 1416620020, "agreeCount": 0, "likes": {"groups": [], "count": 0}, "id": "546fe7f4498e77bc5d812e63", "text": "Good late night drinking place. Try the moonlight fried Kway Teow", "type": "user", "user": {"gender": "female", "id": "941117", "photo": {"prefix": "https://igx.4sqi.net/img/user/", "suffix": "/RVXA5VWI3VUF0RSB.jpg"}, "firstName": "Siti", "lastName": "Saad"}, "canonicalUrl": "https://foursquare.com/item/546fe7f4498e77bc5d812e63", "todo": {"count": 0}, "disagreeCount": 0}, {"authorInteractionType": "liked", "logView": true, "lang": "en", "createdAt": 1331140112, "agreeCount": 0, "likes": {"groups": [], "count": 0}, "id": "4f579610e4b0b1792ec95bd1", "text": "Chili crab with fried mantou. Yummmyyy!!!", "type": "user", "user": {"id": "1207840", "photo": {"prefix": "https://igx.4sqi.net/img/user/", "suffix": "/1207840-3ELJWEZZUVAHNCNO.jpg"}, "firstName": "joahnna", "gender": "female"}, "canonicalUrl": "https://foursquare.com/item/4f579610e4b0b1792ec95bd1", "todo": {"count": 0}, "disagreeCount": 0}, {"logView": true, "lang": "en", "createdAt": 1322751231, "agreeCount": 0, "likes": {"groups": [], "count": 0}, "id": "4ed794ff4901772ce00746ff", "text": "Try the san mee and steam egg . The san mee they cook with thin noodles .It's only at a few other restaurants that they serve thin noodles san mee . Steam egg is nice too as few place serve this dish.", "type": "user", "user": {"gender": "female", "id": "3931087", "photo": {"prefix": "https://igx.4sqi.net/img/user/", "suffix": "/1N42XPCEEHJWKGVL.jpg"}, "firstName": "Gwendolyn", "lastName": "Chen"}, "canonicalUrl": "https://foursquare.com/item/4ed794ff4901772ce00746ff", "todo": {"count": 0}, "disagreeCount": 0}, {"logView": true, "lang": "en", "createdAt": 1428223565, "agreeCount": 0, "likes": {"groups": [], "count": 0}, "id": "5520f64d498e056e4e402701", "text": "Open till 5am everyday!", "type": "user", "user": {"gender": "male", "id": "108030", "photo": {"prefix": "https://igx.4sqi.net/img/user/", "suffix": "/108030-AKBFBUUGH1SQ5N4L"}, "firstName": "Lester", "lastName": "Chan"}, "canonicalUrl": "https://foursquare.com/item/5520f64d498e056e4e402701", "todo": {"count": 0}, "disagreeCount": 0}, {"logView": true, "lang": "en", "createdAt": 1289493490, "agreeCount": 1, "likes": {"groups": [{"items": [{"gender": "male", "id": "4311773", "photo": {"prefix": "https://igx.4sqi.net/img/user/", "suffix": "/XDUNU2LDN2BSOV0W.jpg"}, "firstName": "Lewis", "lastName": "Bal"}], "count": 1, "type": "others"}], "summary": "1 like", "count": 1}, "id": "4cdc1bf2d5495481f7bc3fb2", "text": "Try their salted egg crab very yummy that it's finger licking good(:", "type": "user", "user": {"gender": "female", "id": "3496735", "photo": {"prefix": "https://igx.4sqi.net/img/user/", "suffix": "/3496735-R2Z55OATHJX34OIV.jpg"}, "firstName": "Faye", "lastName": "Sim"}, "canonicalUrl": "https://foursquare.com/item/4cdc1bf2d5495481f7bc3fb2", "todo": {"count": 0}, "disagreeCount": 0}, {"logView": true, "lang": "en", "createdAt": 1312631940, "agreeCount": 0, "likes": {"groups": [], "count": 0}, "id": "4e3d2c8418a83d5b28401614", "text": "Cereal prawn: Fried to perfection, w generous portions of Nestum", "type": "user", "user": {"gender": "male", "id": "231366", "photo": {"prefix": "https://igx.4sqi.net/img/user/", "suffix": "/231366-Q2ZSAEF50GYUXPDA.jpg"}, "firstName": "Cheen", "lastName": "The Curious"}, "canonicalUrl": "https://foursquare.com/item/4e3d2c8418a83d5b28401614", "todo": {"count": 0}, "disagreeCount": 0}, {"logView": true, "lang": "en", "createdAt": 1284046161, "agreeCount": 0, "likes": {"groups": [], "count": 0}, "id": "4c88fd510074199c5c2d2170", "text": "Super overpriced, but their Hotplate Tofu is unmatched", "type": "user", "user": {"gender": "male", "id": "308951", "photo": {"prefix": "https://igx.4sqi.net/img/user/", "suffix": "/3UP0AI4WEWFBWG2M.jpg"}, "firstName": "Gabriel", "lastName": "Seah"}, "canonicalUrl": "https://foursquare.com/item/4c88fd510074199c5c2d2170", "todo": {"count": 0}, "disagreeCount": 0}, {"logView": true, "lang": "en", "createdAt": 1312632824, "agreeCount": 0, "likes": {"groups": [], "count": 0}, "id": "4e3d2ff8fa76455375b41c19", "text": "Crab: We hv always been satisfied w their crab dishes. Order in ur favourite preparation: pepper, salted duck eggs, chilli,... All dee-lishhhh!!!", "type": "user", "user": {"gender": "male", "id": "231366", "photo": {"prefix": "https://igx.4sqi.net/img/user/", "suffix": "/231366-Q2ZSAEF50GYUXPDA.jpg"}, "firstName": "Cheen", "lastName": "The Curious"}, "canonicalUrl": "https://foursquare.com/item/4e3d2ff8fa76455375b41c19", "todo": {"count": 0}, "disagreeCount": 0}, {"logView": true, "lang": "en", "createdAt": 1312630835, "agreeCount": 1, "likes": {"groups": [{"items": [{"gender": "male", "id": "49246606", "photo": {"prefix": "https://igx.4sqi.net/img/user/", "suffix": "/CIEEPUMDLX50QSIL.jpg"}, "firstName": "Kaizhi Scott", "lastName": "Meng"}], "count": 1, "type": "others"}], "summary": "1 like", "count": 1}, "id": "4e3d2833d164b52911a897f2", "text": "Grass jelly ('chin chow') drink: Unique here, w lots of ingredients", "type": "user", "user": {"gender": "male", "id": "231366", "photo": {"prefix": "https://igx.4sqi.net/img/user/", "suffix": "/231366-Q2ZSAEF50GYUXPDA.jpg"}, "firstName": "Cheen", "lastName": "The Curious"}, "canonicalUrl": "https://foursquare.com/item/4e3d2833d164b52911a897f2", "todo": {"count": 0}, "disagreeCount": 0}, {"logView": true, "lang": "en", "createdAt": 1327597722, "agreeCount": 0, "likes": {"groups": [], "count": 0}, "id": "4f21889ae4b03871f9250007", "text": "If u stay within walking distance of sin Hoi San, free delivery. Try the pork rib rice super nice!", "type": "user", "user": {"gender": "male", "id": "1065156", "photo": {"prefix": "https://igx.4sqi.net/img/user/", "suffix": "/WVSC3CADRLJH1U5K.png"}, "firstName": "Benson", "lastName": "Toh"}, "canonicalUrl": "https://foursquare.com/item/4f21889ae4b03871f9250007", "todo": {"count": 0}, "disagreeCount": 0}, {"logView": true, "lang": "en", "createdAt": 1264001466, "agreeCount": 0, "likes": {"groups": [{"items": [], "count": 1, "type": "others"}], "summary": "1 like", "count": 1}, "id": "4b5721ba70c603bb2a8390b4", "text": "Sambal lala = must try hot fav!", "type": "user", "user": {"gender": "female", "id": "162508", "photo": {"prefix": "https://igx.4sqi.net/img/user/", "suffix": "/B4P5W1DI1UOWX21V.jpg"}, "firstName": "Josephine", "lastName": "Tan"}, "canonicalUrl": "https://foursquare.com/item/4b5721ba70c603bb2a8390b4", "todo": {"count": 0}, "disagreeCount": 0}, {"logView": true, "lang": "en", "createdAt": 1296903194, "agreeCount": 0, "likes": {"groups": [{"items": [], "count": 1, "type": "others"}], "summary": "1 like", "count": 1}, "id": "4d4d2c1aa7f86ea84baa33de", "text": "Try the marmite chicken.. Good!", "type": "user", "user": {"gender": "male", "id": "3412362", "photo": {"prefix": "https://igx.4sqi.net/img/user/", "suffix": "/GK3PZMNA4ZK2I0QM.jpg"}, "firstName": "Daryl", "lastName": "Ho"}, "canonicalUrl": "https://foursquare.com/item/4d4d2c1aa7f86ea84baa33de", "todo": {"count": 1}, "disagreeCount": 0}, {"logView": true, "lang": "en", "createdAt": 1269031207, "agreeCount": 0, "likes": {"groups": [], "count": 0}, "id": "4ba3e12770c603bbcbf094b4", "text": "Opens till 5am daily.", "type": "user", "user": {"gender": "male", "id": "520797", "photo": {"prefix": "https://igx.4sqi.net/img/user/", "suffix": "/520797-1YKINCQNYPEPEBZB.jpg"}, "firstName": "Kennerve", "lastName": "Goh"}, "canonicalUrl": "https://foursquare.com/item/4ba3e12770c603bbcbf094b4", "todo": {"count": 1}, "disagreeCount": 0}, {"authorInteractionType": "liked", "logView": true, "lang": "en", "createdAt": 1264305810, "agreeCount": 1, "likes": {"groups": [{"items": [{"gender": "male", "id": "2496641", "photo": {"prefix": "https://igx.4sqi.net/img/user/", "suffix": "/AHCIVGCHV2D1ZGC3.jpg"}, "firstName": "James", "lastName": "Tan"}], "count": 1, "type": "others"}], "summary": "1 like", "count": 1}, "id": "4b5bc69270c603bb11b890b4", "text": "Try the Moon Hor Fun with beef ... very tasty!", "type": "user", "user": {"gender": "male", "id": "59364", "photo": {"prefix": "https://igx.4sqi.net/img/user/", "suffix": "/59364_1259999760639.jpg"}, "firstName": "Vinoaj", "lastName": "Vijeyakumaar"}, "canonicalUrl": "https://foursquare.com/item/4b5bc69270c603bb11b890b4", "todo": {"count": 0}, "disagreeCount": 0}, {"logView": true, "lang": "en", "createdAt": 1312632413, "agreeCount": 0, "likes": {"groups": [], "count": 0}, "id": "4e3d2e5dd164b52911a8de02", "text": "Egg tofu hotplate: Sizzling is d word. D waiter pours d minced pork sauce @ ur table 4 d sizzling effect", "type": "user", "user": {"gender": "male", "id": "231366", "photo": {"prefix": "https://igx.4sqi.net/img/user/", "suffix": "/231366-Q2ZSAEF50GYUXPDA.jpg"}, "firstName": "Cheen", "lastName": "The Curious"}, "canonicalUrl": "https://foursquare.com/item/4e3d2e5dd164b52911a8de02", "todo": {"count": 0}, "disagreeCount": 0}, {"logView": true, "lang": "en", "createdAt": 1399081554, "agreeCount": 0, "likes": {"groups": [], "count": 0}, "id": "53644a52498eb9416c5547e0", "text": "Ask for Aunty Apple, who speaks English and you can trust her suggestions implicitly..", "type": "user", "user": {"gender": "male", "id": "943418", "photo": {"prefix": "https://igx.4sqi.net/img/user/", "suffix": "/943418-5DEK05QTOQJ4T2XZ.jpg"}, "firstName": "Gurprriet / JoyandLife", "lastName": "Siingh"}, "canonicalUrl": "https://foursquare.com/item/53644a52498eb9416c5547e0", "todo": {"count": 0}, "disagreeCount": 0}, {"logView": true, "lang": "en", "createdAt": 1383108199, "agreeCount": 0, "likes": {"groups": [], "count": 0}, "id": "52708e67498e5f8e7570c058", "text": "Make sure to order the Coffee Pork Ribs. Promise.", "type": "user", "user": {"gender": "none", "id": "978408", "photo": {"prefix": "https://igx.4sqi.net/img/user/", "suffix": "/IQL0B54IPCDVBXHP.jpg"}, "firstName": "Ricci", "lastName": "Chan"}, "canonicalUrl": "https://foursquare.com/item/52708e67498e5f8e7570c058", "todo": {"count": 0}, "disagreeCount": 0}, {"logView": true, "lang": "en", "createdAt": 1370581304, "agreeCount": 0, "likes": {"groups": [], "count": 0}, "id": "51b16938498e674dc1b1e28d", "text": "Chilli crab is really good", "type": "user", "user": {"gender": "male", "id": "1562097", "photo": {"prefix": "https://igx.4sqi.net/img/user/", "suffix": "/IF4YZWLJJEUHMM02.jpg"}, "firstName": "Jonathan", "lastName": "Young"}, "canonicalUrl": "https://foursquare.com/item/51b16938498e674dc1b1e28d", "todo": {"count": 0}, "disagreeCount": 0}, {"logView": true, "lang": "en", "createdAt": 1312630663, "agreeCount": 0, "likes": {"groups": [], "count": 0}, "id": "4e3d2787a809ba757c05aca7", "text": "Coffee pork rib: Besides d popular Vegemite version, we luv dis 4 it's sweet & full cocoa flavours", "type": "user", "user": {"gender": "male", "id": "231366", "photo": {"prefix": "https://igx.4sqi.net/img/user/", "suffix": "/231366-Q2ZSAEF50GYUXPDA.jpg"}, "firstName": "Cheen", "lastName": "The Curious"}, "canonicalUrl": "https://foursquare.com/item/4e3d2787a809ba757c05aca7", "todo": {"count": 0}, "disagreeCount": 0}, {"logView": true, "lang": "en", "createdAt": 1290771961, "agreeCount": 0, "likes": {"groups": [], "count": 0}, "id": "4cef9df98604a1cd26dafdc0", "text": "Bamboo clam very tasty...", "type": "user", "user": {"gender": "male", "id": "4700684", "photo": {"prefix": "https://igx.4sqi.net/img/user/", "suffix": "/SWKWFUQRU4Y2SQ2Q.jpg"}, "firstName": "Deon", "lastName": "Lim"}, "canonicalUrl": "https://foursquare.com/item/4cef9df98604a1cd26dafdc0", "todo": {"count": 0}, "disagreeCount": 0}, {"logView": true, "lang": "en", "createdAt": 1289994177, "agreeCount": 0, "likes": {"groups": [], "count": 0}, "id": "4ce3bfc1c46e6dcbaf76d715", "text": "The stir fried chao chee beh is too die for!", "type": "user", "user": {"gender": "male", "id": "447342", "photo": {"prefix": "https://igx.4sqi.net/img/user/", "suffix": "/UZZ44IJA2TYYRR5W.jpg"}, "firstName": "Kristian", "lastName": "Olsen"}, "canonicalUrl": "https://foursquare.com/item/4ce3bfc1c46e6dcbaf76d715", "todo": {"count": 0}, "disagreeCount": 0}, {"logView": true, "lang": "en", "createdAt": 1312632274, "agreeCount": 0, "likes": {"groups": [], "count": 0}, "id": "4e3d2dd262e19d61096a621c", "text": "Sambal kangkong: We polished the whole serving plate. Oops!", "type": "user", "user": {"gender": "male", "id": "231366", "photo": {"prefix": "https://igx.4sqi.net/img/user/", "suffix": "/231366-Q2ZSAEF50GYUXPDA.jpg"}, "firstName": "Cheen", "lastName": "The Curious"}, "canonicalUrl": "https://foursquare.com/item/4e3d2dd262e19d61096a621c", "todo": {"count": 0}, "disagreeCount": 0}, {"logView": true, "lang": "en", "createdAt": 1457506055, "agreeCount": 0, "likes": {"groups": [], "count": 0}, "id": "56dfc707498e4ecd28591fdf", "text": "Marmite pork ribs, moonlight char kway teow", "type": "user", "user": {"gender": "female", "id": "22047928", "photo": {"prefix": "https://igx.4sqi.net/img/user/", "default": true, "suffix": "/blank_girl.png"}, "firstName": "Jo", "lastName": "De"}, "canonicalUrl": "https://foursquare.com/item/56dfc707498e4ecd28591fdf", "todo": {"count": 0}, "disagreeCount": 0}, {"logView": true, "lang": "en", "createdAt": 1264565305, "agreeCount": 1, "likes": {"groups": [{"items": [{"gender": "female", "id": "4958122", "photo": {"prefix": "https://igx.4sqi.net/img/user/", "suffix": "/GM5J5JJEPRXHEAFC.jpg"}, "firstName": "Rebecca", "lastName": "Chia"}], "count": 1, "type": "others"}], "summary": "1 like", "count": 1}, "id": "4b5fbc3970c603bb6de890b4", "text": "The name is misspelled!", "type": "user", "user": {"gender": "male", "id": "253870", "photo": {"prefix": "https://igx.4sqi.net/img/user/", "suffix": "/5DIGMUENRAUIAOHX.jpg"}, "firstName": "Wee Lee", "lastName": "Yeo"}, "canonicalUrl": "https://foursquare.com/item/4b5fbc3970c603bb6de890b4", "todo": {"count": 0}, "disagreeCount": 0}, {"logView": true, "lang": "en", "photo": {"id": "51f07683498e957cfbb2da4d", "visibility": "public", "source": {"name": "Foursquare for iOS", "url": "https://foursquare.com/download/#/iphone"}, "suffix": "/55751666_ran0PHuRxQA0TSIdDB0e47a-7ib5X4sGyM2g7jWucxo.jpg", "createdAt": 1374713475, "prefix": "https://igx.4sqi.net/img/general/", "width": 720, "height": 960}, "createdAt": 1374713471, "todo": {"count": 0}, "agreeCount": 0, "likes": {"groups": [], "count": 0}, "id": "51f0767f498ea6409d02901a", "text": "Great bamboo clams", "disagreeCount": 0, "user": {"gender": "male", "id": "55751666", "photo": {"prefix": "https://igx.4sqi.net/img/user/", "suffix": "/YKFIH53NSQW3BTVS.jpg"}, "firstName": "Philippe", "lastName": "Patruno"}, "canonicalUrl": "https://foursquare.com/item/51f0767f498ea6409d02901a", "type": "user", "photourl": "https://igx.4sqi.net/img/general/original/55751666_ran0PHuRxQA0TSIdDB0e47a-7ib5X4sGyM2g7jWucxo.jpg"}, {"logView": true, "lang": "en", "createdAt": 1348685702, "agreeCount": 0, "likes": {"groups": [], "count": 0}, "id": "50634f86e4b0f53ec869ae2f", "text": "The chilli crab is up there as one of the best.", "type": "user", "user": {"gender": "male", "id": "38042141", "photo": {"prefix": "https://igx.4sqi.net/img/user/", "suffix": "/TLS5KHQ0H41SU4PO.jpg"}, "firstName": "Paul", "lastName": "Seow"}, "canonicalUrl": "https://foursquare.com/item/50634f86e4b0f53ec869ae2f", "todo": {"count": 0}, "disagreeCount": 0}, {"logView": true, "lang": "en", "createdAt": 1277034046, "agreeCount": 0, "likes": {"groups": [], "count": 0}, "id": "4c1dfe3e63750f47ce0eb967", "text": "Beware of the skinny lady at the cashier and pay by credit cards if you don't believe in tipping - she makes it difficult to retrieve your change ;)", "type": "user", "user": {"id": "219655", "photo": {"prefix": "https://igx.4sqi.net/img/user/", "suffix": "/I4JK4OONDDSHIOZU.jpg"}, "firstName": "Shooperman", "gender": "male"}, "canonicalUrl": "https://foursquare.com/item/4c1dfe3e63750f47ce0eb967", "todo": {"count": 0}, "disagreeCount": 0}, {"logView": true, "lang": "en", "createdAt": 1417265165, "agreeCount": 0, "likes": {"groups": [], "count": 0}, "id": "5479c00d498ea1c719ef7c6f", "text": "Never expected their grass jelly to be so packed with flavors", "type": "user", "user": {"gender": "male", "id": "49246606", "photo": {"prefix": "https://igx.4sqi.net/img/user/", "suffix": "/CIEEPUMDLX50QSIL.jpg"}, "firstName": "Kaizhi Scott", "lastName": "Meng"}, "canonicalUrl": "https://foursquare.com/item/5479c00d498ea1c719ef7c6f", "todo": {"count": 0}, "disagreeCount": 0}, {"logView": true, "lang": "en", "createdAt": 1386423796, "agreeCount": 0, "likes": {"groups": [], "count": 0}, "id": "52a325f4498e1e66e34acd29", "text": "ask for the price of crabs before u order", "type": "user", "user": {"id": "197376", "photo": {"prefix": "https://igx.4sqi.net/img/user/", "suffix": "/SGKLFL21MEBVN5G4.jpg"}, "firstName": "KC", "gender": "male"}, "canonicalUrl": "https://foursquare.com/item/52a325f4498e1e66e34acd29", "todo": {"count": 0}, "disagreeCount": 0}, {"logView": true, "lang": "en", "createdAt": 1280746788, "agreeCount": 0, "likes": {"groups": [], "count": 0}, "id": "4c56a524af95b7138b17d057", "text": "Arguably the best sweet and sour pork, the best salted egg crab in Singapore", "type": "user", "user": {"gender": "male", "id": "2451335", "photo": {"prefix": "https://igx.4sqi.net/img/user/", "suffix": "/F3WEGV5G1NNOOVGU.jpg"}, "firstName": "Raymund", "lastName": "Miranda"}, "canonicalUrl": "https://foursquare.com/item/4c56a524af95b7138b17d057", "todo": {"count": 0}, "disagreeCount": 0}, {"logView": true, "lang": "en", "createdAt": 1312631662, "agreeCount": 0, "likes": {"groups": [{"items": [], "count": 2, "type": "others"}], "summary": "2 likes", "count": 2}, "id": "4e3d2b6e483b04e17a91db93", "text": "Prawn paste fried chicken ('Ha Cheong Kai)': 1 of d best around. Slurp!", "type": "user", "user": {"gender": "male", "id": "231366", "photo": {"prefix": "https://igx.4sqi.net/img/user/", "suffix": "/231366-Q2ZSAEF50GYUXPDA.jpg"}, "firstName": "Cheen", "lastName": "The Curious"}, "canonicalUrl": "https://foursquare.com/item/4e3d2b6e483b04e17a91db93", "todo": {"count": 0}, "disagreeCount": 0}, {"logView": true, "lang": "en", "createdAt": 1361720114, "agreeCount": 0, "likes": {"groups": [], "count": 0}, "id": "512a3332e4b004fb8b60ab52", "text": "staff here like they dont want to work .. you need to call a lot of times before they come and take your order ..", "type": "user", "user": {"gender": "female", "id": "13721330", "photo": {"prefix": "https://igx.4sqi.net/img/user/", "suffix": "/DPBDYZ2H4AY1X5W5.jpg"}, "firstName": "Maria", "lastName": "Rhealyn"}, "canonicalUrl": "https://foursquare.com/item/512a3332e4b004fb8b60ab52", "todo": {"count": 0}, "disagreeCount": 0}, {"logView": true, "lang": "en", "createdAt": 1293294985, "agreeCount": 0, "likes": {"groups": [], "count": 0}, "id": "4d161d891356a0937b52d482", "text": "Service here is crap. They serve us frozen \u8c61\u62d4\u868c and it's damn unfresh. Wash the \u81ed\u8c46 n cook again bcos they serve wrong order.", "type": "user", "user": {"gender": "female", "id": "942463", "photo": {"prefix": "https://igx.4sqi.net/img/user/", "suffix": "/AD1DLEMH12G4HNTM.jpg"}, "firstName": "Paige", "lastName": "Soh"}, "canonicalUrl": "https://foursquare.com/item/4d161d891356a0937b52d482", "todo": {"count": 0}, "disagreeCount": 0}, {"logView": true, "lang": "en", "createdAt": 1306506599, "agreeCount": 0, "likes": {"groups": [], "count": 0}, "id": "4ddfb567c65bb5e319d7f435", "text": "Must try the sizzling hotplate egg tofu with minced pork! Delish with bits of salted fish!", "type": "user", "user": {"gender": "female", "id": "4978407", "photo": {"prefix": "https://igx.4sqi.net/img/user/", "suffix": "/4978407-KUFMJHZZITV0HYVV.jpg"}, "firstName": "Wileen", "lastName": "Sito"}, "canonicalUrl": "https://foursquare.com/item/4ddfb567c65bb5e319d7f435", "todo": {"count": 0}, "disagreeCount": 0}, {"logView": true, "lang": "en", "createdAt": 1374664669, "agreeCount": 0, "likes": {"groups": [], "count": 0}, "id": "51efb7dd498e4581e39b338a", "text": "Prawn Paste Chicken, Marmite Pork and French Bean are good.", "type": "user", "user": {"gender": "female", "id": "250014", "photo": {"prefix": "https://igx.4sqi.net/img/user/", "suffix": "/RWVSGCOFWJDZDTXG.jpg"}, "firstName": "Wendy", "lastName": "Lim"}, "canonicalUrl": "https://foursquare.com/item/51efb7dd498e4581e39b338a", "todo": {"count": 0}, "disagreeCount": 0}, {"logView": true, "lang": "en", "photo": {"id": "5257f10b498ef4c0dee5f474", "visibility": "public", "source": {"name": "Foursquare for iOS", "url": "https://foursquare.com/download/#/iphone"}, "suffix": "/308951_hTPCG8Sz-MVVPvmFvITCGklqrXEFHMh8ZPkhHeqxYtw.jpg", "createdAt": 1381495051, "prefix": "https://igx.4sqi.net/img/general/", "width": 720, "height": 960}, "createdAt": 1381495048, "todo": {"count": 0}, "agreeCount": 0, "likes": {"groups": [], "count": 0}, "id": "5257f10811d295a28f64a8af", "text": "Love how the Chinese alcohol is all seasonal price and not translated", "disagreeCount": 0, "user": {"gender": "male", "id": "308951", "photo": {"prefix": "https://igx.4sqi.net/img/user/", "suffix": "/3UP0AI4WEWFBWG2M.jpg"}, "firstName": "Gabriel", "lastName": "Seah"}, "canonicalUrl": "https://foursquare.com/item/5257f10811d295a28f64a8af", "type": "user", "photourl": "https://igx.4sqi.net/img/general/original/308951_hTPCG8Sz-MVVPvmFvITCGklqrXEFHMh8ZPkhHeqxYtw.jpg"}, {"logView": true, "lang": "en", "createdAt": 1324559453, "agreeCount": 0, "likes": {"groups": [], "count": 0}, "id": "4ef32c5de3003ccf857e0c84", "text": "Fish porridge is fantastic!", "type": "user", "user": {"gender": "none", "id": "2445979", "photo": {"prefix": "https://igx.4sqi.net/img/user/", "suffix": "/WMSHJC3IN5UAXMHJ.jpg"}, "firstName": "Raymond", "lastName": "Yong"}, "canonicalUrl": "https://foursquare.com/item/4ef32c5de3003ccf857e0c84", "todo": {"count": 0}, "disagreeCount": 0}, {"logView": true, "lang": "en", "createdAt": 1315613638, "agreeCount": 0, "likes": {"groups": [], "count": 0}, "id": "4e6aabc681dc6cbf273bee17", "text": "Try the prawn with oatmeal, its super yummy crunchy! Also we love the pork with marmite sauce, yummm!!! And also value for money ^_^", "type": "user", "user": {"gender": "female", "id": "4312874", "photo": {"prefix": "https://igx.4sqi.net/img/user/", "suffix": "/4GJ4JIKTBHT3OLT2.jpg"}, "firstName": "Rifera", "lastName": "Pawlowski"}, "canonicalUrl": "https://foursquare.com/item/4e6aabc681dc6cbf273bee17", "todo": {"count": 0}, "disagreeCount": 0}, {"logView": true, "lang": "en", "createdAt": 1259499668, "agreeCount": 0, "likes": {"groups": [{"items": [], "count": 6, "type": "others"}], "summary": "6 likes", "count": 6}, "id": "4b12709470c603bbe0248fb4", "text": "Try their black pepper crab. It's excellent.", "type": "user", "user": {"id": "131203", "photo": {"prefix": "https://igx.4sqi.net/img/user/", "suffix": "/131203_1259477192398.png"}, "firstName": "Wenjie", "gender": "male"}, "canonicalUrl": "https://foursquare.com/item/4b12709470c603bbe0248fb4", "todo": {"count": 0}, "disagreeCount": 0}, {"logView": true, "lang": "en", "createdAt": 1301055972, "agreeCount": 0, "likes": {"groups": [], "count": 0}, "id": "4d8c89e4fa9437046387d1c5", "text": "Service is damn slow!", "type": "user", "user": {"gender": "female", "id": "4307310", "photo": {"prefix": "https://igx.4sqi.net/img/user/", "default": true, "suffix": "/blank_girl.png"}, "firstName": "Laurel", "lastName": "Yip"}, "canonicalUrl": "https://foursquare.com/item/4d8c89e4fa9437046387d1c5", "todo": {"count": 0}, "disagreeCount": 0}, {"logView": true, "lang": "en", "createdAt": 1314717462, "agreeCount": 0, "likes": {"groups": [{"items": [], "count": 1, "type": "others"}], "summary": "1 like", "count": 1}, "id": "4e5cff161f6e330fd1afd12e", "text": "Fish is overpriced.. About $70 for a small grouper!", "type": "user", "user": {"gender": "female", "id": "4130070", "photo": {"prefix": "https://igx.4sqi.net/img/user/", "suffix": "/4130070-VHSHVM5RU4BZVQLZ.jpg"}, "firstName": "Aiko", "lastName": "Huang"}, "canonicalUrl": "https://foursquare.com/item/4e5cff161f6e330fd1afd12e", "todo": {"count": 0}, "disagreeCount": 0}, {"logView": true, "lang": "en", "createdAt": 1274354717, "agreeCount": 0, "likes": {"groups": [], "count": 0}, "id": "4bf51c1d70c603bb4c3b9cb4", "text": "Amazing pepper crab!", "type": "user", "user": {"gender": "male", "id": "278313", "photo": {"prefix": "https://igx.4sqi.net/img/user/", "suffix": "/U1UL2BAW5NQGI4A0.jpg"}, "firstName": "Todd", "lastName": "Christenson"}, "canonicalUrl": "https://foursquare.com/item/4bf51c1d70c603bb4c3b9cb4", "todo": {"count": 0}, "disagreeCount": 0}, {"authorInteractionType": "liked", "logView": true, "lang": "en", "photo": {"id": "5534a67a498e945898bc8297", "visibility": "public", "source": {"name": "Foursquare for iOS", "url": "https://foursquare.com/download/#/iphone"}, "suffix": "/1207840_-iaSxdjDE-GAE4jO4kNi7fAqEUC_cg_jlaWpG9OCiug.jpg", "createdAt": 1429513850, "prefix": "https://igx.4sqi.net/img/general/", "width": 1439, "height": 1920}, "createdAt": 1429513840, "todo": {"count": 0}, "agreeCount": 0, "likes": {"groups": [], "count": 0}, "id": "5534a670498ede045a50ebae", "text": "Amazing chili crab! The cereal squid is quite good too!", "disagreeCount": 0, "user": {"id": "1207840", "photo": {"prefix": "https://igx.4sqi.net/img/user/", "suffix": "/1207840-3ELJWEZZUVAHNCNO.jpg"}, "firstName": "joahnna", "gender": "female"}, "canonicalUrl": "https://foursquare.com/item/5534a670498ede045a50ebae", "type": "user", "photourl": "https://igx.4sqi.net/img/general/original/1207840_-iaSxdjDE-GAE4jO4kNi7fAqEUC_cg_jlaWpG9OCiug.jpg"}, {"logView": true, "lang": "en", "createdAt": 1270897665, "agreeCount": 0, "likes": {"groups": [], "count": 0}, "id": "4bc05c0170c603bb7f5a97b4", "text": "Sweeeeeet sour pork!! YUM", "type": "user", "user": {"gender": "male", "id": "178537", "photo": {"prefix": "https://igx.4sqi.net/img/user/", "suffix": "/NAL2SGQUWVW203UF.jpg"}, "firstName": "Elliot", "lastName": "Lee"}, "canonicalUrl": "https://foursquare.com/item/4bc05c0170c603bb7f5a97b4", "todo": {"count": 1}, "disagreeCount": 0}, {"logView": true, "lang": "en", "createdAt": 1277469275, "agreeCount": 0, "likes": {"groups": [], "count": 0}, "id": "4c24a25bf1272d7fc94983c5", "text": "Fried you tiao is awesome", "type": "user", "user": {"gender": "female", "id": "234707", "photo": {"prefix": "https://igx.4sqi.net/img/user/", "suffix": "/3B2DPPXUMWYUSAFQ.jpg"}, "firstName": "Lisa", "lastName": "Cheong"}, "canonicalUrl": "https://foursquare.com/item/4c24a25bf1272d7fc94983c5", "todo": {"count": 0}, "disagreeCount": 0}, {"authorInteractionType": "liked", "logView": true, "lang": "en", "createdAt": 1264305774, "agreeCount": 1, "likes": {"groups": [{"items": [{"gender": "male", "id": "2496641", "photo": {"prefix": "https://igx.4sqi.net/img/user/", "suffix": "/AHCIVGCHV2D1ZGC3.jpg"}, "firstName": "James", "lastName": "Tan"}], "count": 1, "type": "others"}], "summary": "1 like", "count": 1}, "id": "4b5bc66e70c603bb0eb890b4", "text": "Order the Vegemite Spare Ribs. An interesting flavour combined with tasty crispy pork.  Extremely tasty!", "type": "user", "user": {"gender": "male", "id": "59364", "photo": {"prefix": "https://igx.4sqi.net/img/user/", "suffix": "/59364_1259999760639.jpg"}, "firstName": "Vinoaj", "lastName": "Vijeyakumaar"}, "canonicalUrl": "https://foursquare.com/item/4b5bc66e70c603bb0eb890b4", "todo": {"count": 0}, "disagreeCount": 0}], "count": 52}}}