{"meta": {"code": 200, "requestId": "595a54214c1f67704e9d1c49"}, "response": {"tips": {"items": [{"logView": true, "lang": "en", "createdAt": 1314872905, "agreeCount": 0, "likes": {"groups": [], "count": 0}, "id": "4e5f5e4918a870f60f382d67", "text": "The papaya soup is yums", "type": "user", "user": {"gender": "female", "id": "3797279", "photo": {"prefix": "https://igx.4sqi.net/img/user/", "suffix": "/4EIMYVI3S5LPINK0.jpg"}, "firstName": "Yin Sang", "lastName": "Teh"}, "canonicalUrl": "https://foursquare.com/item/4e5f5e4918a870f60f382d67", "todo": {"count": 0}, "disagreeCount": 0}, {"logView": true, "lang": "en", "createdAt": 1286036667, "agreeCount": 0, "likes": {"groups": [], "count": 0}, "id": "4ca75cbb76d3a09304910a6b", "text": "Black pepper chix is yummy! Btw, I'm here at  12.30am, and it's super crowded still! Kovan = hungry people??!!?? Heehee", "type": "user", "user": {"gender": "female", "id": "3411412", "photo": {"prefix": "https://igx.4sqi.net/img/user/", "suffix": "/0PVMWWOV1UM4HDNZ.jpg"}, "firstName": "Teo", "lastName": "PQ"}, "canonicalUrl": "https://foursquare.com/item/4ca75cbb76d3a09304910a6b", "todo": {"count": 0}, "disagreeCount": 0}, {"logView": true, "lang": "en", "createdAt": 1335542951, "agreeCount": 1, "likes": {"groups": [{"items": [{"gender": "female", "id": "52188144", "photo": {"prefix": "https://igx.4sqi.net/img/user/", "suffix": "/52188144-F1KFTL54LAIMK1VA.jpg"}, "firstName": "Samantha", "lastName": "Soh"}], "count": 1, "type": "others"}], "summary": "1 like", "count": 1}, "id": "4f9ac4a7e4b02343c739ab42", "text": "what in the...everyone in the cafe is acting busy when there's no need too & ignoring orders!!", "type": "user", "user": {"gender": "female", "id": "1068799", "photo": {"prefix": "https://igx.4sqi.net/img/user/", "suffix": "/45JOHZUGX1MVKOCK.jpg"}, "firstName": "Tiffany", "lastName": "Ng"}, "canonicalUrl": "https://foursquare.com/item/4f9ac4a7e4b02343c739ab42", "todo": {"count": 0}, "disagreeCount": 0}, {"logView": true, "lang": "en", "createdAt": 1268630469, "todo": {"count": 2}, "agreeCount": 0, "likes": {"groups": [], "count": 0}, "id": "4b9dc3c570c603bb807794b4", "text": "Try the curry chicken. Pictures and review of more dishes at http://sparklette.net/food/xin-wang-hong-kong-cafe/", "entities": [{"indices": [61, 112], "type": "url", "object": {"url": "http://sparklette.net/food/xin-wang-hong-kong-cafe/"}}], "disagreeCount": 0, "url": "http://sparklette.net/food/xin-wang-hong-kong-cafe/", "user": {"id": "286427", "photo": {"prefix": "https://igx.4sqi.net/img/user/", "suffix": "/BQODELOYU34CMCTJ.jpg"}, "firstName": "Veron @ Sparklette.net", "gender": "female"}, "canonicalUrl": "https://foursquare.com/item/4b9dc3c570c603bb807794b4", "type": "user"}, {"logView": true, "lang": "en", "createdAt": 1418180592, "agreeCount": 0, "likes": {"groups": [], "count": 0}, "id": "5487b7f0498e564d296ad3a0", "text": "The peanut butter bread is a must eat!!!!! So chewy and delicious :) not for one person though, it might be too peanut buttery for just one tongue :)", "type": "user", "user": {"id": "35177790", "photo": {"prefix": "https://igx.4sqi.net/img/user/", "suffix": "/35177790-Z3IHBLMMILPA1T4X.jpg"}, "firstName": "Ohmymama", "gender": "female"}, "canonicalUrl": "https://foursquare.com/item/5487b7f0498e564d296ad3a0", "todo": {"count": 0}, "disagreeCount": 0}, {"logView": true, "lang": "en", "createdAt": 1302359399, "agreeCount": 0, "likes": {"groups": [], "count": 0}, "id": "4da06d6731a6b60c4b8e7218", "text": "Change to a higher price menu after 930pm:(", "type": "user", "user": {"gender": "male", "id": "5435799", "photo": {"prefix": "https://igx.4sqi.net/img/user/", "suffix": "/CGAH0NOQ0HYXTZJR.jpg"}, "firstName": "chen", "lastName": "Chee Loon"}, "canonicalUrl": "https://foursquare.com/item/4da06d6731a6b60c4b8e7218", "todo": {"count": 0}, "disagreeCount": 0}, {"logView": true, "lang": "en", "createdAt": 1286461250, "agreeCount": 0, "likes": {"groups": [], "count": 0}, "id": "4cadd7428b57a1cdb42c9b75", "text": "Love the baked pork spagetti, curry with bread, Teh-C, longan drink, soy bean milk..", "type": "user", "user": {"gender": "female", "id": "3508414", "photo": {"prefix": "https://igx.4sqi.net/img/user/", "suffix": "/3508414-3WQB5O431UECJANU"}, "firstName": "Gi Gi", "lastName": "Press"}, "canonicalUrl": "https://foursquare.com/item/4cadd7428b57a1cdb42c9b75", "todo": {"count": 0}, "disagreeCount": 0}, {"logView": true, "lang": "en", "createdAt": 1286726433, "agreeCount": 1, "likes": {"groups": [{"items": [{"gender": "male", "id": "59997274", "photo": {"prefix": "https://igx.4sqi.net/img/user/", "suffix": "/RSUJA1ZBTKIIGR1H.jpg"}, "firstName": "IlLyl", "lastName": "Frankie"}], "count": 6, "type": "others"}], "summary": "6 likes", "count": 6}, "id": "4cb1e321562d224b75522288", "text": "Indeed many people love the curry chicken. Yes. I love it too. Must to take that order", "type": "user", "user": {"gender": "male", "id": "3574011", "photo": {"prefix": "https://igx.4sqi.net/img/user/", "suffix": "/BXF5VKRC3JPME1XX.jpg"}, "firstName": "Jack", "lastName": "Tan"}, "canonicalUrl": "https://foursquare.com/item/4cb1e321562d224b75522288", "todo": {"count": 0}, "disagreeCount": 0}, {"logView": true, "lang": "en", "createdAt": 1313205981, "agreeCount": 0, "likes": {"groups": [], "count": 0}, "id": "4e45eedd227128e1e8c52dde", "text": "They changed the menu!", "type": "user", "user": {"id": "623049", "photo": {"prefix": "https://igx.4sqi.net/img/user/", "suffix": "/LAT4BOTGEXTZUTXV.jpg"}, "firstName": "invenue", "gender": "male"}, "canonicalUrl": "https://foursquare.com/item/4e45eedd227128e1e8c52dde", "todo": {"count": 0}, "disagreeCount": 0}, {"logView": true, "lang": "en", "createdAt": 1299322589, "agreeCount": 0, "likes": {"groups": [], "count": 0}, "id": "4d7216dd0d0ca1434dc1a283", "text": "Dun ever try e egg tart here it's so disappointing", "type": "user", "user": {"gender": "female", "id": "5763135", "photo": {"prefix": "https://igx.4sqi.net/img/user/", "suffix": "/5763135-RMHPO0QJY3GRDUH5.jpg"}, "firstName": "Frances", "lastName": "Peng"}, "canonicalUrl": "https://foursquare.com/item/4d7216dd0d0ca1434dc1a283", "todo": {"count": 0}, "disagreeCount": 0}, {"logView": true, "lang": "en", "createdAt": 1333132948, "agreeCount": 0, "likes": {"groups": [], "count": 0}, "id": "4f75fe94e4b0f62bd3de76c3", "text": "Always great without Jovan here", "type": "user", "user": {"gender": "male", "id": "3890217", "photo": {"prefix": "https://igx.4sqi.net/img/user/", "suffix": "/3890217-XWRM2JJGY5INFWPX.jpg"}, "firstName": "Sean", "lastName": "Momo"}, "canonicalUrl": "https://foursquare.com/item/4f75fe94e4b0f62bd3de76c3", "todo": {"count": 0}, "disagreeCount": 0}, {"logView": true, "lang": "en", "createdAt": 1358832300, "agreeCount": 1, "likes": {"groups": [{"items": [{"gender": "male", "id": "4711089", "photo": {"prefix": "https://igx.4sqi.net/img/user/", "suffix": "/4711089-BBLRX1XHD3TP4XHI.jpg"}, "firstName": "Alan", "lastName": "Neo"}], "count": 1, "type": "others"}], "summary": "1 like", "count": 1}, "id": "50fe22ace4b0c9cf9b4fccc5", "text": "try the yuanyang ice mountain! need 4 people to finish it though.......", "type": "user", "user": {"id": "5013310", "photo": {"prefix": "https://igx.4sqi.net/img/user/", "suffix": "/5013310-FAKFWKKSO5XNS5H3.jpg"}, "firstName": "FireIce", "gender": "female"}, "canonicalUrl": "https://foursquare.com/item/50fe22ace4b0c9cf9b4fccc5", "todo": {"count": 0}, "disagreeCount": 0}, {"logView": true, "lang": "en", "createdAt": 1300613163, "agreeCount": 0, "likes": {"groups": [], "count": 0}, "id": "4d85c82bd5fab60cef93fe9b", "text": "Holicks ice ! And wanton! Haa! The gluttons balls also nice", "type": "user", "user": {"gender": "none", "id": "6940435", "photo": {"prefix": "https://igx.4sqi.net/img/user/", "suffix": "/YWRDR4BVJJQPJR2M.jpg"}, "firstName": "Neah", "lastName": "Walker"}, "canonicalUrl": "https://foursquare.com/item/4d85c82bd5fab60cef93fe9b", "todo": {"count": 0}, "disagreeCount": 0}, {"logView": true, "lang": "en", "createdAt": 1295427225, "agreeCount": 1, "likes": {"groups": [{"items": [{"gender": "male", "id": "59997274", "photo": {"prefix": "https://igx.4sqi.net/img/user/", "suffix": "/RSUJA1ZBTKIIGR1H.jpg"}, "firstName": "IlLyl", "lastName": "Frankie"}], "count": 3, "type": "others"}], "summary": "3 likes", "count": 3}, "id": "4d36a69976b3236a7e3bb379", "text": "try the papaya soup w luncheon meat and egg! (Y)", "type": "user", "user": {"gender": "female", "id": "3874186", "photo": {"prefix": "https://igx.4sqi.net/img/user/", "suffix": "/ANOIFP0XWFA1BGWS.jpg"}, "firstName": "yiping", "lastName": "ng"}, "canonicalUrl": "https://foursquare.com/item/4d36a69976b3236a7e3bb379", "todo": {"count": 1}, "disagreeCount": 0}, {"authorInteractionType": "disliked", "logView": true, "lang": "en", "createdAt": 1393588090, "agreeCount": 0, "likes": {"groups": [], "count": 0}, "id": "5310777a498e8927d122de94", "text": "The service here is not good at all comparing to other outlet.", "type": "user", "user": {"gender": "female", "id": "52188144", "photo": {"prefix": "https://igx.4sqi.net/img/user/", "suffix": "/52188144-F1KFTL54LAIMK1VA.jpg"}, "firstName": "Samantha", "lastName": "Soh"}, "canonicalUrl": "https://foursquare.com/item/5310777a498e8927d122de94", "todo": {"count": 0}, "disagreeCount": 0}, {"logView": true, "lang": "en", "createdAt": 1301840398, "agreeCount": 0, "likes": {"groups": [], "count": 0}, "id": "4d98820e97d06ea8a50b350b", "text": "They intro new menu today... Coconut float...", "type": "user", "user": {"id": "5591372", "photo": {"prefix": "https://igx.4sqi.net/img/user/", "suffix": "/KYZED53CK103MNEZ.jpg"}, "firstName": "Xiaopsan", "gender": "female"}, "canonicalUrl": "https://foursquare.com/item/4d98820e97d06ea8a50b350b", "todo": {"count": 0}, "disagreeCount": 0}, {"logView": true, "lang": "en", "createdAt": 1297338825, "agreeCount": 0, "likes": {"groups": [], "count": 0}, "id": "4d53d1c9f9f9b60ca84327e6", "text": "Srvc n ambience is rather gd! Still prefer Chinese food than western food! Wanna more varieties n light food, can consider lunching here!", "type": "user", "user": {"gender": "female", "id": "4860362", "photo": {"prefix": "https://igx.4sqi.net/img/user/", "suffix": "/TTLEP5UQRYZECID3.jpg"}, "firstName": "Emily", "lastName": "Au"}, "canonicalUrl": "https://foursquare.com/item/4d53d1c9f9f9b60ca84327e6", "todo": {"count": 1}, "disagreeCount": 0}, {"logView": true, "lang": "en", "createdAt": 1307629725, "agreeCount": 0, "likes": {"groups": [], "count": 0}, "id": "4df0d89d1f6ea135c65cb92d", "text": "Ice lychee tea is my all time favorite!", "type": "user", "user": {"gender": "none", "id": "8473131", "photo": {"prefix": "https://igx.4sqi.net/img/user/", "suffix": "/0MATDBTMTTGC5HJ3.jpg"}, "firstName": "Christalle", "lastName": "Huang"}, "canonicalUrl": "https://foursquare.com/item/4df0d89d1f6ea135c65cb92d", "todo": {"count": 0}, "disagreeCount": 0}, {"logView": true, "lang": "en", "createdAt": 1299394271, "agreeCount": 0, "likes": {"groups": [], "count": 0}, "id": "4d732edfd145a1cd4720c0f3", "text": "Lychee drink is nice!", "type": "user", "user": {"gender": "male", "id": "4317447", "photo": {"prefix": "https://igx.4sqi.net/img/user/", "suffix": "/ETC33WO3WMG5TJ3K.jpg"}, "firstName": "Ethan", "lastName": "Sim Wei Loon"}, "canonicalUrl": "https://foursquare.com/item/4d732edfd145a1cd4720c0f3", "todo": {"count": 0}, "disagreeCount": 0}, {"logView": true, "lang": "en", "createdAt": 1310647956, "agreeCount": 1, "likes": {"groups": [{"items": [{"gender": "male", "id": "59997274", "photo": {"prefix": "https://igx.4sqi.net/img/user/", "suffix": "/RSUJA1ZBTKIIGR1H.jpg"}, "firstName": "IlLyl", "lastName": "Frankie"}], "count": 1, "type": "others"}], "summary": "1 like", "count": 1}, "id": "4e1ee69445dd3be9c477fb17", "text": "Great service. Customized a cheese baked black pepper beef spag that is not in the menu 4 me", "type": "user", "user": {"gender": "female", "id": "4115371", "photo": {"prefix": "https://igx.4sqi.net/img/user/", "suffix": "/4115371-OH3ASYLFHVM140MQ.jpg"}, "firstName": "Bunny", "lastName": "Tang"}, "canonicalUrl": "https://foursquare.com/item/4e1ee69445dd3be9c477fb17", "todo": {"count": 0}, "disagreeCount": 0}, {"logView": true, "lang": "en", "createdAt": 1325696220, "agreeCount": 0, "likes": {"groups": [], "count": 0}, "id": "4f0484dc77c8940e24962d1b", "text": "lychee & watermelon ice blended are refreshingly good thirst-quenchers!!! May be abit steep price-wise but definitely worth the try! \ue00e\ue044", "type": "user", "user": {"gender": "female", "id": "7414643", "photo": {"prefix": "https://igx.4sqi.net/img/user/", "suffix": "/B51Q2FFGKDXCRJWU.jpg"}, "firstName": "Annabelle", "lastName": "Kittykitkat"}, "canonicalUrl": "https://foursquare.com/item/4f0484dc77c8940e24962d1b", "todo": {"count": 0}, "disagreeCount": 0}, {"logView": true, "lang": "en", "createdAt": 1289929989, "agreeCount": 2, "likes": {"groups": [{"items": [{"gender": "male", "id": "59997274", "photo": {"prefix": "https://igx.4sqi.net/img/user/", "suffix": "/RSUJA1ZBTKIIGR1H.jpg"}, "firstName": "IlLyl", "lastName": "Frankie"}, {"gender": "female", "id": "5222897", "photo": {"prefix": "https://igx.4sqi.net/img/user/", "suffix": "/RPES01S5EVRSSW0G.jpg"}, "firstName": "Phyllis", "lastName": "Loy"}], "count": 2, "type": "others"}], "summary": "2 likes", "count": 2}, "id": "4ce2c505c4f6a35dd8a1e26c", "text": "Try anything with the Papaya soup base! You never know how gd papayas taste in oriental soup until u tried! It is simply divine!!! =)", "type": "user", "user": {"gender": "male", "id": "3751346", "photo": {"prefix": "https://igx.4sqi.net/img/user/", "suffix": "/3DBNUUXE41BEQCZI.jpg"}, "firstName": "Prince", "lastName": "Arty"}, "canonicalUrl": "https://foursquare.com/item/4ce2c505c4f6a35dd8a1e26c", "todo": {"count": 0}, "disagreeCount": 0}, {"logView": true, "lang": "en", "createdAt": 1268580846, "agreeCount": 1, "likes": {"groups": [{"items": [{"gender": "male", "id": "59997274", "photo": {"prefix": "https://igx.4sqi.net/img/user/", "suffix": "/RSUJA1ZBTKIIGR1H.jpg"}, "firstName": "IlLyl", "lastName": "Frankie"}], "count": 1, "type": "others"}], "summary": "1 like", "count": 1}, "id": "4b9d01ee70c603bb606c94b4", "text": "Love the Red Bean Mochi and the Fermented Pork Ramen here. Also like their Yuan Yang (The Perfect Match). Very thick.", "type": "user", "user": {"id": "273551", "photo": {"prefix": "https://igx.4sqi.net/img/user/", "suffix": "/TDD2AFSABF54DTDH.jpg"}, "firstName": "mrbrown", "gender": "male"}, "canonicalUrl": "https://foursquare.com/item/4b9d01ee70c603bb606c94b4", "todo": {"count": 2}, "disagreeCount": 0}, {"logView": true, "lang": "en", "createdAt": 1291890422, "agreeCount": 3, "likes": {"groups": [{"items": [], "count": 13, "type": "others"}], "summary": "13 likes", "count": 13}, "id": "4d00aef61ebe6dcb11a08891", "text": "E coconut float is awful!! Tasteless! Still prefer e authentic coconut ice cream fr Thailand!", "type": "user", "user": {"gender": "female", "id": "4499259", "photo": {"prefix": "https://igx.4sqi.net/img/user/", "suffix": "/PF5ZUNUAG5NUT41X.jpg"}, "firstName": "Leanne", "lastName": "Tan"}, "canonicalUrl": "https://foursquare.com/item/4d00aef61ebe6dcb11a08891", "todo": {"count": 2}, "disagreeCount": 0}, {"logView": true, "lang": "en", "createdAt": 1294765382, "agreeCount": 0, "likes": {"groups": [{"items": [], "count": 1, "type": "others"}], "summary": "1 like", "count": 1}, "id": "4d2c8d468292236a209c3dbb", "text": "Knn bad service from manager with specs!!", "type": "user", "user": {"gender": "female", "id": "4019709", "photo": {"prefix": "https://igx.4sqi.net/img/user/", "suffix": "/4019709-JFGYUN3TPVUORCKR.jpg"}, "firstName": "Rowena", "lastName": "Loh"}, "canonicalUrl": "https://foursquare.com/item/4d2c8d468292236a209c3dbb", "todo": {"count": 0}, "disagreeCount": 0}, {"logView": true, "lang": "en", "createdAt": 1303998672, "agreeCount": 0, "likes": {"groups": [], "count": 0}, "id": "4db970d04b22a2fe44f1ebbe", "text": "Change of menu and price increased.", "type": "user", "user": {"gender": "male", "id": "5435799", "photo": {"prefix": "https://igx.4sqi.net/img/user/", "suffix": "/CGAH0NOQ0HYXTZJR.jpg"}, "firstName": "chen", "lastName": "Chee Loon"}, "canonicalUrl": "https://foursquare.com/item/4db970d04b22a2fe44f1ebbe", "todo": {"count": 0}, "disagreeCount": 0}, {"logView": true, "lang": "en", "createdAt": 1303645393, "agreeCount": 0, "likes": {"groups": [], "count": 0}, "id": "4db40cd10437fa536a22c5ef", "text": "New menu. My Sweet and Sour Chicken Spaghetti is no longer available. Sad.", "type": "user", "user": {"gender": "male", "id": "4650144", "photo": {"prefix": "https://igx.4sqi.net/img/user/", "suffix": "/IOJ0QWOUXJ5XUNTC.jpg"}, "firstName": "Nicholas", "lastName": "Neo"}, "canonicalUrl": "https://foursquare.com/item/4db40cd10437fa536a22c5ef", "todo": {"count": 0}, "disagreeCount": 0}, {"logView": true, "lang": "en", "createdAt": 1294579461, "agreeCount": 1, "likes": {"groups": [{"items": [{"gender": "male", "id": "68967447", "photo": {"prefix": "https://igx.4sqi.net/img/user/", "suffix": "/AZP5SP2LDY5PI243.jpg"}, "firstName": "Linus", "lastName": "Tan"}], "count": 2, "type": "others"}], "summary": "2 likes", "count": 2}, "id": "4d29b7056e27a143d2742724", "text": "double standards when allocating sofa seats", "type": "user", "user": {"id": "1477413", "photo": {"prefix": "https://igx.4sqi.net/img/user/", "suffix": "/1BBL3ILUFPSM0NCD.jpg"}, "firstName": "Simon", "gender": "male"}, "canonicalUrl": "https://foursquare.com/item/4d29b7056e27a143d2742724", "todo": {"count": 0}, "disagreeCount": 0}, {"logView": true, "lang": "en", "createdAt": 1298047268, "agreeCount": 0, "likes": {"groups": [{"items": [], "count": 1, "type": "others"}], "summary": "1 like", "count": 1}, "id": "4d5ea1245c39b1f7cdf7ed49", "text": "curry chicken noodles taste good, but quite spicy!", "type": "user", "user": {"gender": "female", "id": "3854527", "photo": {"prefix": "https://igx.4sqi.net/img/user/", "suffix": "/3854527-N0YWLRTHITY0L0FL.jpg"}, "firstName": "Winnie", "lastName": "Or"}, "canonicalUrl": "https://foursquare.com/item/4d5ea1245c39b1f7cdf7ed49", "todo": {"count": 0}, "disagreeCount": 0}, {"logView": true, "lang": "en", "createdAt": 1287417024, "agreeCount": 0, "likes": {"groups": [], "count": 0}, "id": "4cbc6cc0dd41a35daf93f3a0", "text": "The Lychee Tea here is good! Not too sweet and tea also not siap. Try it if you are a tea-lover! Thumps up! \ue405", "type": "user", "user": {"gender": "female", "id": "3477045", "photo": {"prefix": "https://igx.4sqi.net/img/user/", "suffix": "/4YYRONVVO2JKRQPX.jpg"}, "firstName": "Sam", "lastName": "Low"}, "canonicalUrl": "https://foursquare.com/item/4cbc6cc0dd41a35daf93f3a0", "todo": {"count": 1}, "disagreeCount": 0}, {"logView": true, "lang": "en", "createdAt": 1308930720, "agreeCount": 0, "likes": {"groups": [], "count": 0}, "id": "4e04b2a0d1649538d96db1d0", "text": "V tasty chicken curry! =) but portion too big for one to finish.. Milk tea with grass jelly also a must try! but v sad that they took away the Macau Fried rice.. Pleasant & fast service!", "type": "user", "user": {"gender": "female", "id": "9133853", "photo": {"prefix": "https://igx.4sqi.net/img/user/", "suffix": "/44LAELZLFMORHJC0.jpg"}, "firstName": "Jennifer", "lastName": "Chee"}, "canonicalUrl": "https://foursquare.com/item/4e04b2a0d1649538d96db1d0", "todo": {"count": 0}, "disagreeCount": 0}, {"logView": true, "lang": "en", "createdAt": 1391422514, "agreeCount": 0, "likes": {"groups": [], "count": 0}, "id": "52ef6c3211d23e698cef22c0", "text": "HK milk tea or yuan yang milk tea! Quite like their french toasts", "type": "user", "user": {"id": "73070838", "photo": {"prefix": "https://igx.4sqi.net/img/user/", "suffix": "/73070838-LYY1WWOSTIOEZBEK.jpg"}, "firstName": "WeRn Juin", "gender": "female"}, "canonicalUrl": "https://foursquare.com/item/52ef6c3211d23e698cef22c0", "todo": {"count": 0}, "disagreeCount": 0}, {"logView": true, "lang": "en", "createdAt": 1380138952, "agreeCount": 0, "likes": {"groups": [], "count": 0}, "id": "52433fc811d26617aeeb254d", "text": "Yuanyang (tea-coffee mixed) here is good! Very concentrated.", "type": "user", "user": {"gender": "none", "id": "67688242", "photo": {"prefix": "https://igx.4sqi.net/img/user/", "suffix": "/ZSDAFOFWWOXMP0I3"}, "firstName": "Melvin", "lastName": "Tang"}, "canonicalUrl": "https://foursquare.com/item/52433fc811d26617aeeb254d", "todo": {"count": 0}, "disagreeCount": 0}, {"logView": true, "lang": "en", "createdAt": 1305390790, "agreeCount": 0, "likes": {"groups": [], "count": 0}, "id": "4dceaec6d164679b8d05896e", "text": "Was served cold baked rice & is tasteless", "type": "user", "user": {"gender": "female", "id": "6904908", "photo": {"prefix": "https://igx.4sqi.net/img/user/", "suffix": "/QQ1WT44DFKOHQQXU.jpg"}, "firstName": "Lynn", "lastName": "Zhang"}, "canonicalUrl": "https://foursquare.com/item/4dceaec6d164679b8d05896e", "todo": {"count": 0}, "disagreeCount": 0}, {"authorInteractionType": "liked", "logView": true, "lang": "en", "createdAt": 1458966911, "agreeCount": 0, "likes": {"groups": [], "count": 0}, "id": "56f6117fcd103c1189b13b19", "text": "the toast is still the best :)", "type": "user", "user": {"gender": "male", "id": "1697970", "photo": {"prefix": "https://igx.4sqi.net/img/user/", "suffix": "/1697970-QGMMHJOVPRONUAPQ"}, "firstName": "Alex", "lastName": "Chew"}, "canonicalUrl": "https://foursquare.com/item/56f6117fcd103c1189b13b19", "todo": {"count": 0}, "disagreeCount": 0}, {"logView": true, "lang": "en", "createdAt": 1307860578, "agreeCount": 0, "likes": {"groups": [{"items": [], "count": 1, "type": "others"}], "summary": "1 like", "count": 1}, "id": "4df45e62b61cbd3ec01ec253", "text": "Crab porridge no longer available.", "type": "user", "user": {"gender": "female", "id": "4940731", "photo": {"prefix": "https://igx.4sqi.net/img/user/", "suffix": "/4940731-EMESTTYLURZPHD2D.jpg"}, "firstName": "Geraldine", "lastName": "Tan"}, "canonicalUrl": "https://foursquare.com/item/4df45e62b61cbd3ec01ec253", "todo": {"count": 0}, "disagreeCount": 0}, {"logView": true, "lang": "en", "createdAt": 1306482148, "agreeCount": 0, "likes": {"groups": [{"items": [], "count": 1, "type": "others"}], "summary": "1 like", "count": 1}, "id": "4ddf55e4d4c0935ddd5a0bb9", "text": "Rice are soso only.. Only the prawn paste chicken is still ok", "type": "user", "user": {"gender": "female", "id": "9175828", "photo": {"prefix": "https://igx.4sqi.net/img/user/", "suffix": "/XK5WIZ2BI32RZTD5.jpg"}, "firstName": "Dora", "lastName": "Dora"}, "canonicalUrl": "https://foursquare.com/item/4ddf55e4d4c0935ddd5a0bb9", "todo": {"count": 0}, "disagreeCount": 0}, {"logView": true, "lang": "en", "createdAt": 1288182724, "agreeCount": 1, "likes": {"groups": [{"items": [{"gender": "male", "id": "59997274", "photo": {"prefix": "https://igx.4sqi.net/img/user/", "suffix": "/RSUJA1ZBTKIIGR1H.jpg"}, "firstName": "IlLyl", "lastName": "Frankie"}], "count": 1, "type": "others"}], "summary": "1 like", "count": 1}, "id": "4cc81bc4f2d4370464aecc6c", "text": "Coconut float! :) Must try! With coconut ice cream!", "type": "user", "user": {"gender": "female", "id": "3730005", "photo": {"prefix": "https://igx.4sqi.net/img/user/", "suffix": "/HVET44EE1NY41TGM.jpg"}, "firstName": "Kristal", "lastName": "Chan"}, "canonicalUrl": "https://foursquare.com/item/4cc81bc4f2d4370464aecc6c", "todo": {"count": 0}, "disagreeCount": 0}, {"logView": true, "lang": "en", "createdAt": 1308752602, "agreeCount": 0, "likes": {"groups": [], "count": 0}, "id": "4e01fada62e12fb0893c01cf", "text": "Iced milk tea", "type": "user", "user": {"gender": "male", "id": "10221910", "photo": {"prefix": "https://igx.4sqi.net/img/user/", "suffix": "/CLG30DCGWZPRIHRK.jpg"}, "firstName": "Iwan", "lastName": "Yang"}, "canonicalUrl": "https://foursquare.com/item/4e01fada62e12fb0893c01cf", "todo": {"count": 0}, "disagreeCount": 0}, {"logView": true, "lang": "en", "createdAt": 1286894477, "agreeCount": 1, "likes": {"groups": [{"items": [{"gender": "male", "id": "59997274", "photo": {"prefix": "https://igx.4sqi.net/img/user/", "suffix": "/RSUJA1ZBTKIIGR1H.jpg"}, "firstName": "IlLyl", "lastName": "Frankie"}], "count": 3, "type": "others"}], "summary": "3 likes", "count": 3}, "id": "4cb4738def1b370421e35800", "text": "Wow.. Prices have increased by quite abit.", "type": "user", "user": {"id": "1356712", "photo": {"prefix": "https://igx.4sqi.net/img/user/", "suffix": "/1356712-5O5JG2WVOP4AFMEI.jpg"}, "firstName": "Hui Ling Shazwani", "gender": "female"}, "canonicalUrl": "https://foursquare.com/item/4cb4738def1b370421e35800", "todo": {"count": 0}, "disagreeCount": 0}, {"logView": true, "lang": "en", "createdAt": 1298785190, "agreeCount": 0, "likes": {"groups": [], "count": 0}, "id": "4d69e3a6b6f46dcbaa9029b2", "text": "Fast n earnest  service. Good coffee n tea. Nice papaya soup with bee hoon. V good cheese baked rice. Overall acceptable value for money.", "type": "user", "user": {"gender": "female", "id": "4621745", "photo": {"prefix": "https://igx.4sqi.net/img/user/", "default": true, "suffix": "/blank_girl.png"}, "firstName": "pin", "lastName": "lee"}, "canonicalUrl": "https://foursquare.com/item/4d69e3a6b6f46dcbaa9029b2", "todo": {"count": 0}, "disagreeCount": 0}, {"logView": true, "lang": "en", "createdAt": 1286794095, "agreeCount": 0, "likes": {"groups": [], "count": 0}, "id": "4cb2eb6fc5e6a1cd1abce8f6", "text": "Beside those above, the come in small serving just nice for stomach. Will come again for more KiChi KiChi foods.", "type": "user", "user": {"gender": "male", "id": "3725942", "photo": {"prefix": "https://igx.4sqi.net/img/user/", "suffix": "/4S3ODGLQS3LLQGVD.jpg"}, "firstName": "Jack", "lastName": "Huang"}, "canonicalUrl": "https://foursquare.com/item/4cb2eb6fc5e6a1cd1abce8f6", "todo": {"count": 0}, "disagreeCount": 0}, {"logView": true, "lang": "en", "createdAt": 1286017512, "agreeCount": 0, "likes": {"groups": [{"items": [], "count": 1, "type": "others"}], "summary": "1 like", "count": 1}, "id": "4ca711e897c8a1cd876c76a5", "text": "Great curry chicken. Wonderful Ying Ying drink!! Loss my iPhone here b4, luckily the honest staff kept it for me :)", "type": "user", "user": {"gender": "male", "id": "3274200", "photo": {"prefix": "https://igx.4sqi.net/img/user/", "suffix": "/3274200-HBCRJXWNRT1SGEH2.jpg"}, "firstName": "Adrian", "lastName": "Koo"}, "canonicalUrl": "https://foursquare.com/item/4ca711e897c8a1cd876c76a5", "todo": {"count": 0}, "disagreeCount": 0}, {"logView": true, "lang": "en", "createdAt": 1277389985, "agreeCount": 0, "likes": {"groups": [], "count": 0}, "id": "4c236ca19a67a59362fddd87", "text": "Curry chix rice is awesome", "type": "user", "user": {"gender": "male", "id": "952812", "photo": {"prefix": "https://igx.4sqi.net/img/user/", "suffix": "/AYHA2OUCYJB4JFUJ.jpg"}, "firstName": "Anselm", "lastName": "Chelliah"}, "canonicalUrl": "https://foursquare.com/item/4c236ca19a67a59362fddd87", "todo": {"count": 0}, "disagreeCount": 0}, {"authorInteractionType": "liked", "logView": true, "lang": "en", "createdAt": 1293816633, "agreeCount": 0, "likes": {"groups": [], "count": 0}, "id": "4d1e13396e8c37043d07e39f", "text": "The Mango Pudding is the best here!!! MUST TRY!", "type": "user", "user": {"gender": "male", "id": "4861741", "photo": {"prefix": "https://igx.4sqi.net/img/user/", "suffix": "/4861741-2NVUXAT2JV5CR3EB"}, "firstName": "Siang Hwee", "lastName": "Foo"}, "canonicalUrl": "https://foursquare.com/item/4d1e13396e8c37043d07e39f", "todo": {"count": 1}, "disagreeCount": 0}, {"logView": true, "lang": "en", "createdAt": 1305471841, "agreeCount": 8, "likes": {"groups": [{"items": [{"gender": "male", "id": "797407", "photo": {"prefix": "https://igx.4sqi.net/img/user/", "suffix": "/GXFRMZ4TS3CCGC1R.jpg"}, "firstName": "Benedict", "lastName": "Tang"}, {"gender": "male", "id": "30599435", "photo": {"prefix": "https://igx.4sqi.net/img/user/", "suffix": "/30599435_VFGwCGkP_KJZtGNkxWuKAloSRzZmkVQ0zaQ22sfzp1GTiHcwkgOeD8Kpzn2YsIzNIAYO3mggB.jpg"}, "firstName": "Jonathan", "lastName": "Lim"}, {"gender": "male", "id": "59997274", "photo": {"prefix": "https://igx.4sqi.net/img/user/", "suffix": "/RSUJA1ZBTKIIGR1H.jpg"}, "firstName": "IlLyl", "lastName": "Frankie"}, {"gender": "female", "id": "11612357", "photo": {"prefix": "https://igx.4sqi.net/img/user/", "suffix": "/11612357-42GFTB4I1D3DORDO.jpg"}, "firstName": "Sheena", "lastName": "T.S.Y"}], "count": 8, "type": "others"}], "summary": "8 likes", "count": 8}, "id": "4dcfeb6115200a4d1868b0a0", "text": "A good place for supper if you have nowhere else to go during very late nights.", "type": "user", "user": {"gender": "male", "id": "1666549", "photo": {"prefix": "https://igx.4sqi.net/img/user/", "suffix": "/ZQST2FYJVAQMBIK1.jpg"}, "firstName": "Terence", "lastName": "T"}, "canonicalUrl": "https://foursquare.com/item/4dcfeb6115200a4d1868b0a0", "todo": {"count": 0}, "disagreeCount": 0}, {"logView": true, "lang": "en", "createdAt": 1298047244, "agreeCount": 0, "likes": {"groups": [], "count": 0}, "id": "4d5ea10cb19fa143c243dcc8", "text": "Watch for cockroaches !!", "type": "user", "user": {"gender": "male", "id": "3685956", "photo": {"prefix": "https://igx.4sqi.net/img/user/", "suffix": "/PZ0GHZGWMM0RYCGE.jpg"}, "firstName": "Sean", "lastName": "CSW"}, "canonicalUrl": "https://foursquare.com/item/4d5ea10cb19fa143c243dcc8", "todo": {"count": 0}, "disagreeCount": 0}, {"logView": true, "lang": "en", "createdAt": 1288364247, "agreeCount": 0, "likes": {"groups": [{"items": [], "count": 1, "type": "others"}], "summary": "1 like", "count": 1}, "id": "4ccae0d7177c37041b4c1934", "text": "The french toast and iced milk tea! Best combination!", "type": "user", "user": {"gender": "male", "id": "4244045", "photo": {"prefix": "https://igx.4sqi.net/img/user/", "suffix": "/MQJWZFSNIPBMMLHE.jpg"}, "firstName": "Rafael", "lastName": "Tan"}, "canonicalUrl": "https://foursquare.com/item/4ccae0d7177c37041b4c1934", "todo": {"count": 0}, "disagreeCount": 0}, {"logView": true, "lang": "en", "createdAt": 1325696116, "agreeCount": 1, "likes": {"groups": [{"items": [{"gender": "male", "id": "59997274", "photo": {"prefix": "https://igx.4sqi.net/img/user/", "suffix": "/RSUJA1ZBTKIIGR1H.jpg"}, "firstName": "IlLyl", "lastName": "Frankie"}], "count": 2, "type": "others"}], "summary": "2 likes", "count": 2}, "id": "4f048474e4b0dce6de959dbd", "text": "What would I do without you HK milk tea? \ue045", "type": "user", "user": {"gender": "female", "id": "7414643", "photo": {"prefix": "https://igx.4sqi.net/img/user/", "suffix": "/B51Q2FFGKDXCRJWU.jpg"}, "firstName": "Annabelle", "lastName": "Kittykitkat"}, "canonicalUrl": "https://foursquare.com/item/4f048474e4b0dce6de959dbd", "todo": {"count": 0}, "disagreeCount": 0}, {"logView": true, "lang": "ru", "createdAt": 1413223712, "agreeCount": 0, "likes": {"groups": [], "count": 0}, "id": "543c1520498ebdca5eb6051e", "text": "\u0417\u0434\u0435\u0441\u044c \u0434\u0435\u043b\u0430\u044e\u0442 \u0437\u0430\u043c\u0435\u0447\u0430\u0442\u0435\u043b\u044c\u043d\u044b\u0439 \u0440\u0438\u0441. \u0423\u044e\u0442\u043d\u043e \u0438 \u0442\u0438\u0445\u043e.", "type": "user", "user": {"id": "22080978", "photo": {"prefix": "https://igx.4sqi.net/img/user/", "suffix": "/VDRXVPVXKVARSDAP.jpg"}, "firstName": "7161440", "gender": "male"}, "canonicalUrl": "https://foursquare.com/item/543c1520498ebdca5eb6051e", "todo": {"count": 0}, "disagreeCount": 0}, {"logView": true, "lang": "en", "createdAt": 1301413206, "agreeCount": 0, "likes": {"groups": [], "count": 0}, "id": "4d91fd56033ba35d05d07b0d", "text": "Coconut float!!", "type": "user", "user": {"gender": "male", "id": "1173764", "photo": {"prefix": "https://igx.4sqi.net/img/user/", "suffix": "/1173764-LWR3CK5CPX3H0LQE.jpg"}, "firstName": "Saurabh", "lastName": "Dutta"}, "canonicalUrl": "https://foursquare.com/item/4d91fd56033ba35d05d07b0d", "todo": {"count": 0}, "disagreeCount": 0}, {"logView": true, "lang": "en", "createdAt": 1364637555, "agreeCount": 0, "likes": {"groups": [], "count": 0}, "id": "5156b773e4b00bf3a568e523", "text": "Pamper wif many varieties. Gd place", "type": "user", "user": {"gender": "female", "id": "40890819", "photo": {"prefix": "https://igx.4sqi.net/img/user/", "suffix": "/40890819-VONVQZHBKD0GAY1O.jpg"}, "firstName": "Brina", "lastName": "Alessandra"}, "canonicalUrl": "https://foursquare.com/item/5156b773e4b00bf3a568e523", "todo": {"count": 0}, "disagreeCount": 0}, {"logView": true, "lang": "en", "createdAt": 1299940666, "agreeCount": 0, "likes": {"groups": [], "count": 0}, "id": "4d7b853ae04d6ea88b5ae9d5", "text": "Lychee ice tea is a must try!  :)", "type": "user", "user": {"gender": "female", "id": "5551128", "photo": {"prefix": "https://igx.4sqi.net/img/user/", "suffix": "/VX3LVRU3KORSKZPK.jpg"}, "firstName": "Tanya", "lastName": "Lai"}, "canonicalUrl": "https://foursquare.com/item/4d7b853ae04d6ea88b5ae9d5", "todo": {"count": 0}, "disagreeCount": 0}, {"logView": true, "lang": "en", "createdAt": 1291024028, "agreeCount": 0, "likes": {"groups": [], "count": 0}, "id": "4cf3769c8333224b76ad158e", "text": "Must try the pineapple bun", "type": "user", "user": {"gender": "female", "id": "1000903", "photo": {"prefix": "https://igx.4sqi.net/img/user/", "suffix": "/O44VG11UKKJ0DJCY.jpg"}, "firstName": "Glady", "lastName": "Lee"}, "canonicalUrl": "https://foursquare.com/item/4cf3769c8333224b76ad158e", "todo": {"count": 0}, "disagreeCount": 0}, {"authorInteractionType": "liked", "logView": true, "lang": "en", "createdAt": 1328707978, "agreeCount": 0, "likes": {"groups": [], "count": 0}, "id": "4f32798ae4b09c2f10879450", "text": "Hongkong tea is pretty good.", "type": "user", "user": {"id": "10224886", "photo": {"prefix": "https://igx.4sqi.net/img/user/", "suffix": "/WSTGKEHIUX033DCU.jpg"}, "firstName": "MAC", "gender": "none"}, "canonicalUrl": "https://foursquare.com/item/4f32798ae4b09c2f10879450", "todo": {"count": 0}, "disagreeCount": 0}, {"logView": true, "lang": "en", "createdAt": 1289398856, "agreeCount": 1, "likes": {"groups": [{"items": [{"gender": "male", "id": "59997274", "photo": {"prefix": "https://igx.4sqi.net/img/user/", "suffix": "/RSUJA1ZBTKIIGR1H.jpg"}, "firstName": "IlLyl", "lastName": "Frankie"}], "count": 7, "type": "others"}], "summary": "7 likes", "count": 7}, "id": "4cdaaa4899026dcb119c0781", "text": "Only one shared toilet bowl. Quite disgusting.", "type": "user", "user": {"gender": "male", "id": "3871138", "photo": {"prefix": "https://igx.4sqi.net/img/user/", "suffix": "/-WY3BE3I35SGM3SFP.png"}, "firstName": "Otaku", "lastName": "Interactive"}, "canonicalUrl": "https://foursquare.com/item/4cdaaa4899026dcb119c0781", "todo": {"count": 1}, "disagreeCount": 0}, {"logView": true, "lang": "en", "createdAt": 1287158289, "agreeCount": 0, "likes": {"groups": [], "count": 0}, "id": "4cb87a1190c9a143200380d6", "text": "Service slow! Mad cuz bz", "type": "user", "user": {"gender": "male", "id": "3977587", "photo": {"prefix": "https://igx.4sqi.net/img/user/", "suffix": "/MTMPPIB5KPTHZHAV.jpg"}, "firstName": "Sam", "lastName": "Tan"}, "canonicalUrl": "https://foursquare.com/item/4cb87a1190c9a143200380d6", "todo": {"count": 1}, "disagreeCount": 0}, {"logView": true, "lang": "en", "createdAt": 1334417590, "agreeCount": 1, "likes": {"groups": [{"items": [{"gender": "male", "id": "4713933", "photo": {"prefix": "https://igx.4sqi.net/img/user/", "suffix": "/EYLLFZCGWPPMWOU3.jpg"}, "firstName": "BLACK", "lastName": "KALASU"}], "count": 1, "type": "others"}], "summary": "1 like", "count": 1}, "id": "4f8998b6e4b060b7f78ea961", "text": "Chicken chop with Shanghai veg rice. Really good. Trust me! Lol", "type": "user", "user": {"gender": "female", "id": "4115371", "photo": {"prefix": "https://igx.4sqi.net/img/user/", "suffix": "/4115371-OH3ASYLFHVM140MQ.jpg"}, "firstName": "Bunny", "lastName": "Tang"}, "canonicalUrl": "https://foursquare.com/item/4f8998b6e4b060b7f78ea961", "todo": {"count": 0}, "disagreeCount": 0}, {"logView": true, "lang": "en", "createdAt": 1299063914, "agreeCount": 0, "likes": {"groups": [], "count": 0}, "id": "4d6e246a8df15481b8267a23", "text": "Haha! Eat har gow and mango ice! Will have free mango pudding!", "type": "user", "user": {"gender": "none", "id": "6940435", "photo": {"prefix": "https://igx.4sqi.net/img/user/", "suffix": "/YWRDR4BVJJQPJR2M.jpg"}, "firstName": "Neah", "lastName": "Walker"}, "canonicalUrl": "https://foursquare.com/item/4d6e246a8df15481b8267a23", "todo": {"count": 0}, "disagreeCount": 0}, {"logView": true, "lang": "en", "createdAt": 1288069289, "agreeCount": 0, "likes": {"groups": [], "count": 0}, "id": "4cc660a9c844721e458df401", "text": "Yummy yummy Cheese baked pork chop spaghetti!", "type": "user", "user": {"gender": "female", "id": "3998011", "photo": {"prefix": "https://igx.4sqi.net/img/user/", "suffix": "/2J2PTSC4OTDWUMEQ.jpg"}, "firstName": "Ling", "lastName": "Yuet"}, "canonicalUrl": "https://foursquare.com/item/4cc660a9c844721e458df401", "todo": {"count": 0}, "disagreeCount": 0}, {"logView": true, "lang": "en", "createdAt": 1287191330, "agreeCount": 0, "likes": {"groups": [], "count": 0}, "id": "4cb8fb220180721ea4ad9161", "text": "The papaya soup noodles are fantastic. Something that you can't find elsewhere.", "type": "user", "user": {"gender": "male", "id": "3882222", "photo": {"prefix": "https://igx.4sqi.net/img/user/", "default": true, "suffix": "/blank_boy.png"}, "firstName": "Bernard", "lastName": "Chan"}, "canonicalUrl": "https://foursquare.com/item/4cb8fb220180721ea4ad9161", "todo": {"count": 0}, "disagreeCount": 0}, {"logView": true, "lang": "en", "createdAt": 1436113241, "agreeCount": 0, "likes": {"groups": [], "count": 0}, "id": "55995959498e3198e06be0ca", "text": "Poor staff service, terrible attitude. Many items on menu unavailable when suppose to open til 2am.", "type": "user", "user": {"gender": "none", "id": "7025894", "photo": {"prefix": "https://igx.4sqi.net/img/user/", "suffix": "/7025894_n26liJrQ_8s8IVZDaPdtEnB7aYrHylgTPC1SXBEfXW2FNedk26A19Y3suRf4RPZWDVp2Ct6Qu.jpg"}, "firstName": "Raymond", "lastName": "XPERIA\u2122"}, "canonicalUrl": "https://foursquare.com/item/55995959498e3198e06be0ca", "todo": {"count": 0}, "disagreeCount": 0}, {"logView": true, "lang": "en", "createdAt": 1286792406, "agreeCount": 0, "likes": {"groups": [], "count": 0}, "id": "4cb2e4d6eb65b1f7368e7fcd", "text": "Loves the yuan yang & pineapple bun! Nice!", "type": "user", "user": {"gender": "female", "id": "3261576", "photo": {"prefix": "https://igx.4sqi.net/img/user/", "suffix": "/1Z4NT2YUG2GRHO2A.jpg"}, "firstName": "Huisi", "lastName": "Liang"}, "canonicalUrl": "https://foursquare.com/item/4cb2e4d6eb65b1f7368e7fcd", "todo": {"count": 0}, "disagreeCount": 0}, {"logView": true, "lang": "en", "createdAt": 1294473730, "agreeCount": 0, "likes": {"groups": [{"items": [], "count": 1, "type": "others"}], "summary": "1 like", "count": 1}, "id": "4d281a02342d6dcb1301f5ca", "text": "Haha.. A delicious lunch!", "type": "user", "user": {"gender": "female", "id": "4860362", "photo": {"prefix": "https://igx.4sqi.net/img/user/", "suffix": "/TTLEP5UQRYZECID3.jpg"}, "firstName": "Emily", "lastName": "Au"}, "canonicalUrl": "https://foursquare.com/item/4d281a02342d6dcb1301f5ca", "todo": {"count": 0}, "disagreeCount": 0}, {"logView": true, "lang": "en", "createdAt": 1283265734, "agreeCount": 1, "likes": {"groups": [{"items": [{"gender": "male", "id": "59997274", "photo": {"prefix": "https://igx.4sqi.net/img/user/", "suffix": "/RSUJA1ZBTKIIGR1H.jpg"}, "firstName": "IlLyl", "lastName": "Frankie"}], "count": 5, "type": "others"}], "summary": "5 likes", "count": 5}, "id": "4c7d14c69efda143a56f87e2", "text": "There are new dishes!! Try out the coconut float and bamboo rice!!", "type": "user", "user": {"id": "418844", "photo": {"prefix": "https://igx.4sqi.net/img/user/", "suffix": "/1NUSLG02DLQYEHPY.jpg"}, "firstName": "smerv", "gender": "male"}, "canonicalUrl": "https://foursquare.com/item/4c7d14c69efda143a56f87e2", "todo": {"count": 0}, "disagreeCount": 0}, {"logView": true, "lang": "en", "createdAt": 1325872170, "agreeCount": 1, "likes": {"groups": [{"items": [{"gender": "male", "id": "59997274", "photo": {"prefix": "https://igx.4sqi.net/img/user/", "suffix": "/RSUJA1ZBTKIIGR1H.jpg"}, "firstName": "IlLyl", "lastName": "Frankie"}], "count": 1, "type": "others"}], "summary": "1 like", "count": 1}, "id": "4f07342ae4b0e890794177ab", "text": "Samba seafood rice standard drop not as nice as before.", "type": "user", "user": {"id": "5087931", "photo": {"prefix": "https://igx.4sqi.net/img/user/", "suffix": "/TVUOH2BGIHONEKUH.jpg"}, "firstName": "Christina", "gender": "female"}, "canonicalUrl": "https://foursquare.com/item/4f07342ae4b0e890794177ab", "todo": {"count": 0}, "disagreeCount": 0}, {"logView": true, "lang": "en", "createdAt": 1264161958, "agreeCount": 1, "likes": {"groups": [{"items": [{"gender": "male", "id": "59997274", "photo": {"prefix": "https://igx.4sqi.net/img/user/", "suffix": "/RSUJA1ZBTKIIGR1H.jpg"}, "firstName": "IlLyl", "lastName": "Frankie"}], "count": 1, "type": "others"}], "summary": "1 like", "count": 1}, "id": "4b5994a670c603bbf99a90b4", "text": "the aunties are the nicest servers. they will offer membership with their warm auntie smiles. it's a trap! (but if you often eat here, it's a good deal)", "type": "user", "user": {"id": "266805", "photo": {"prefix": "https://igx.4sqi.net/img/user/", "suffix": "/266805-YO2B4OAXWS0OPKF4.jpg"}, "firstName": "Louis", "gender": "male"}, "canonicalUrl": "https://foursquare.com/item/4b5994a670c603bbf99a90b4", "todo": {"count": 0}, "disagreeCount": 0}, {"logView": true, "lang": "en", "createdAt": 1288447910, "agreeCount": 1, "likes": {"groups": [{"items": [{"gender": "male", "id": "59997274", "photo": {"prefix": "https://igx.4sqi.net/img/user/", "suffix": "/RSUJA1ZBTKIIGR1H.jpg"}, "firstName": "IlLyl", "lastName": "Frankie"}], "count": 1, "type": "others"}], "summary": "1 like", "count": 1}, "id": "4ccc27a6c0378cfa080f8448", "text": "Order the black pepper chicken chop spaghetti , u won't go wrong !", "type": "user", "user": {"gender": "male", "id": "3685956", "photo": {"prefix": "https://igx.4sqi.net/img/user/", "suffix": "/PZ0GHZGWMM0RYCGE.jpg"}, "firstName": "Sean", "lastName": "CSW"}, "canonicalUrl": "https://foursquare.com/item/4ccc27a6c0378cfa080f8448", "todo": {"count": 0}, "disagreeCount": 0}, {"logView": true, "lang": "en", "createdAt": 1317631806, "agreeCount": 0, "likes": {"groups": [], "count": 0}, "id": "4e89773ed22da95da5d9c2b1", "text": "Milk tea is bad.", "type": "user", "user": {"gender": "male", "id": "243319", "photo": {"prefix": "https://igx.4sqi.net/img/user/", "suffix": "/EG5FQSNIWQZLJAGL.jpg"}, "firstName": "Elisha", "lastName": "Ong"}, "canonicalUrl": "https://foursquare.com/item/4e89773ed22da95da5d9c2b1", "todo": {"count": 0}, "disagreeCount": 0}, {"logView": true, "lang": "en", "createdAt": 1325696066, "agreeCount": 0, "likes": {"groups": [], "count": 0}, "id": "4f048442722ee7313a521ea7", "text": "Pan fried gyozas #1:)", "type": "user", "user": {"gender": "female", "id": "7414643", "photo": {"prefix": "https://igx.4sqi.net/img/user/", "suffix": "/B51Q2FFGKDXCRJWU.jpg"}, "firstName": "Annabelle", "lastName": "Kittykitkat"}, "canonicalUrl": "https://foursquare.com/item/4f048442722ee7313a521ea7", "todo": {"count": 0}, "disagreeCount": 0}], "count": 70}}}