{"meta": {"code": 200, "requestId": "595a49e84c1f67701d1a0494"}, "response": {"tips": {"items": [{"authorInteractionType": "disliked", "logView": true, "lang": "en", "createdAt": 1438071807, "agreeCount": 0, "likes": {"groups": [], "count": 0}, "id": "55b73bff498e2be7365ac5fe", "text": "Quite expensive  and not so great ...", "type": "user", "user": {"gender": "male", "id": "4737274", "photo": {"prefix": "https://igx.4sqi.net/img/user/", "suffix": "/4737274-O3J21ZQJIEUL4CW1.jpg"}, "firstName": "T.S.back", "lastName": "Or Not"}, "canonicalUrl": "https://foursquare.com/item/55b73bff498e2be7365ac5fe", "todo": {"count": 0}, "disagreeCount": 0}, {"logView": true, "lang": "en", "createdAt": 1294149916, "agreeCount": 0, "likes": {"groups": [], "count": 0}, "id": "4d23291c2eb1f04dd0e205c2", "text": "no more free desserts and fruits.. fruits selling @ $15 per plate.. not worth.. but overall crab was fresh.. NICE!!", "type": "user", "user": {"id": "3353694", "photo": {"prefix": "https://igx.4sqi.net/img/user/", "suffix": "/JKQYZ2RF1OP2IGOM.jpg"}, "firstName": "Regina", "gender": "female"}, "canonicalUrl": "https://foursquare.com/item/4d23291c2eb1f04dd0e205c2", "todo": {"count": 0}, "disagreeCount": 0}, {"logView": true, "lang": "en", "createdAt": 1323515575, "agreeCount": 0, "likes": {"groups": [], "count": 0}, "id": "4ee33eb7775b86c40304653f", "text": "Bad staff knowledge. When I asked if their pork ribs is the boneless version? The head waitress said has bones. But when I ordered their pork ribs version is the BONELESS version!!", "type": "user", "user": {"gender": "female", "id": "9664040", "photo": {"prefix": "https://igx.4sqi.net/img/user/", "suffix": "/WNEXHYLELQZG5VUT.jpg"}, "firstName": "Jowel", "lastName": "Foo"}, "canonicalUrl": "https://foursquare.com/item/4ee33eb7775b86c40304653f", "todo": {"count": 0}, "disagreeCount": 0}, {"authorInteractionType": "liked", "logView": true, "lang": "en", "createdAt": 1448079192, "agreeCount": 0, "likes": {"groups": [], "count": 0}, "id": "564fef58498ecb94abb325bd", "text": "Probably the best Black Pepper Crab I've had so far. Tasted amazing and service is good.", "type": "user", "user": {"gender": "male", "id": "32257918", "photo": {"prefix": "https://igx.4sqi.net/img/user/", "suffix": "/32257918-KZUGO4C0OUM4FXL2.jpg"}, "firstName": "Tim", "lastName": "Messerschmidt"}, "canonicalUrl": "https://foursquare.com/item/564fef58498ecb94abb325bd", "todo": {"count": 0}, "disagreeCount": 0}, {"logView": true, "lang": "en", "createdAt": 1298640350, "agreeCount": 0, "likes": {"groups": [], "count": 0}, "id": "4d67addea800721e241d12b8", "text": "Try out their black pepper crab as it will be a waste it u miss it!", "type": "user", "user": {"gender": "male", "id": "3759681", "photo": {"prefix": "https://igx.4sqi.net/img/user/", "suffix": "/RRO0Z4FJHNNEK3SD.jpg"}, "firstName": "Ong", "lastName": "Jun Hao"}, "canonicalUrl": "https://foursquare.com/item/4d67addea800721e241d12b8", "todo": {"count": 0}, "disagreeCount": 0}, {"logView": true, "lang": "en", "createdAt": 1394206645, "agreeCount": 0, "likes": {"groups": [], "count": 0}, "id": "5319e7b5498e58a5aade5f5b", "text": "What originally began as a nameless hawker stall in the late 1970\u2019s has grown into five outposts across the city. Swing by the Geylang location for white-pepper crab, a longtime neighborhood favorite.", "type": "user", "user": {"id": "5339676", "photo": {"prefix": "https://igx.4sqi.net/img/user/", "suffix": "/3MAPUHGXHTC3MWHJ.jpg"}, "firstName": "Travel + Leisure", "type": "page", "gender": "none"}, "canonicalUrl": "https://foursquare.com/item/5319e7b5498e58a5aade5f5b", "todo": {"count": 1}, "disagreeCount": 0}, {"logView": true, "lang": "en", "createdAt": 1278762151, "agreeCount": 3, "likes": {"groups": [{"items": [{"gender": "none", "id": "85408847", "photo": {"prefix": "https://igx.4sqi.net/img/user/", "default": true, "suffix": "/blank_boy.png"}, "firstName": "Kelvin", "lastName": "Bay"}, {"gender": "male", "id": "35708656", "photo": {"prefix": "https://igx.4sqi.net/img/user/", "suffix": "/KBH5H5T0VLFE12DE.jpg"}, "firstName": "Chow", "lastName": "Han"}, {"gender": "female", "id": "20493451", "photo": {"prefix": "https://igx.4sqi.net/img/user/", "suffix": "/20493451-JZ50VFJEQC45IUWT.jpg"}, "firstName": "May Grazielle", "lastName": "G."}], "count": 3, "type": "others"}], "summary": "3 likes", "count": 3}, "id": "4c385ca793db0f47c6692192", "text": "The most awesome chilli crab in sg! The old fashion bakery type of bread goes perfect with the chilli crab gravy!", "type": "user", "user": {"gender": "female", "id": "1156556", "photo": {"prefix": "https://igx.4sqi.net/img/user/", "suffix": "/D3RDZO4SR4V1KFPP.jpg"}, "firstName": "Fiona", "lastName": "Sim"}, "canonicalUrl": "https://foursquare.com/item/4c385ca793db0f47c6692192", "todo": {"count": 0}, "disagreeCount": 0}, {"logView": true, "lang": "en", "createdAt": 1349904058, "agreeCount": 1, "likes": {"groups": [{"items": [{"gender": "female", "id": "1707226", "photo": {"prefix": "https://igx.4sqi.net/img/user/", "suffix": "/IPCLM5K1CZF0ESUV.jpg"}, "firstName": "Vania", "lastName": "Puspitasari"}], "count": 1, "type": "others"}], "summary": "1 like", "count": 1}, "id": "5075e6bae4b045554c3a9e98", "text": "The Chili Crab is a staple but don't forget the Cereal Prawns. I still have dreams about it.", "type": "user", "user": {"gender": "female", "id": "3721708", "photo": {"prefix": "https://igx.4sqi.net/img/user/", "suffix": "/3721708-2LIPT2FSWFJWIJ32.jpg"}, "firstName": "Aby", "lastName": "Go"}, "canonicalUrl": "https://foursquare.com/item/5075e6bae4b045554c3a9e98", "todo": {"count": 0}, "disagreeCount": 0}, {"logView": true, "lang": "en", "photo": {"id": "55207b48498e0a508e9fb311", "visibility": "public", "source": {"name": "Foursquare for iOS", "url": "https://foursquare.com/download/#/iphone"}, "suffix": "/88270534_BVm95tTPvabDCLuPpsiCZeFqECSB8ft3nEckazvMP9I.jpg", "createdAt": 1428192072, "prefix": "https://igx.4sqi.net/img/general/", "width": 1920, "height": 1282}, "createdAt": 1428192069, "todo": {"count": 0}, "agreeCount": 0, "likes": {"groups": [], "count": 0}, "id": "55207b45498e292774b001aa", "text": "Choose chill crabs! Yummy! \ud83d\ude4cBut don't take meat cuisine.", "disagreeCount": 0, "user": {"gender": "female", "id": "88270534", "photo": {"prefix": "https://igx.4sqi.net/img/user/", "suffix": "/88270534-1O4E13BNTATISDYG.jpg"}, "firstName": "tingjyun", "lastName": "guo \u2b50\ufe0f"}, "canonicalUrl": "https://foursquare.com/item/55207b45498e292774b001aa", "type": "user", "photourl": "https://igx.4sqi.net/img/general/original/88270534_BVm95tTPvabDCLuPpsiCZeFqECSB8ft3nEckazvMP9I.jpg"}, {"logView": true, "lang": "en", "createdAt": 1323515273, "agreeCount": 0, "likes": {"groups": [], "count": 0}, "id": "4ee33d896da14e7d9884d2ad", "text": "Horrible deer meat!!! Not enough taste and deer meat has a bad smell.", "type": "user", "user": {"gender": "female", "id": "9664040", "photo": {"prefix": "https://igx.4sqi.net/img/user/", "suffix": "/WNEXHYLELQZG5VUT.jpg"}, "firstName": "Jowel", "lastName": "Foo"}, "canonicalUrl": "https://foursquare.com/item/4ee33d896da14e7d9884d2ad", "todo": {"count": 0}, "disagreeCount": 0}, {"logView": true, "lang": "en", "createdAt": 1328942180, "agreeCount": 0, "likes": {"groups": [], "count": 0}, "id": "4f360c64e4b0653d4937ef50", "text": "The chili crab is mandatory, of course. The cereal prawns are not to be missed", "type": "user", "user": {"gender": "male", "id": "3972163", "photo": {"prefix": "https://igx.4sqi.net/img/user/", "suffix": "/K25L0REPBALWEJJV.jpg"}, "firstName": "Paul", "lastName": "Ark"}, "canonicalUrl": "https://foursquare.com/item/4f360c64e4b0653d4937ef50", "todo": {"count": 0}, "disagreeCount": 0}, {"logView": true, "lang": "en", "createdAt": 1286975099, "agreeCount": 0, "likes": {"groups": [{"items": [], "count": 1, "type": "others"}], "summary": "1 like", "count": 1}, "id": "4cb5ae7b3ac937045fdbcd0a", "text": "Nice!!!", "type": "user", "user": {"id": "3920439", "photo": {"prefix": "https://igx.4sqi.net/img/user/", "suffix": "/AJXXCJEXEIXIFWAD.jpg"}, "firstName": "Yaoyao", "gender": "female"}, "canonicalUrl": "https://foursquare.com/item/4cb5ae7b3ac937045fdbcd0a", "todo": {"count": 0}, "disagreeCount": 0}, {"logView": true, "lang": "en", "createdAt": 1302353047, "agreeCount": 1, "likes": {"groups": [{"items": [{"gender": "male", "id": "480891", "photo": {"prefix": "https://igx.4sqi.net/img/user/", "suffix": "/JLQA0HQS2HHECKTJ.jpg"}, "firstName": "Kenny", "lastName": "Gomes"}], "count": 4, "type": "others"}], "summary": "4 likes", "count": 4}, "id": "4da05497c41ca143267e45a3", "text": "Valet Service payable at 4bucks.", "type": "user", "user": {"gender": "male", "id": "4440836", "photo": {"prefix": "https://igx.4sqi.net/img/user/", "suffix": "/I23XLDIEMR0CMZKP.jpg"}, "firstName": "Benjamin", "lastName": "Lin"}, "canonicalUrl": "https://foursquare.com/item/4da05497c41ca143267e45a3", "todo": {"count": 0}, "disagreeCount": 0}, {"logView": true, "lang": "en", "createdAt": 1425133154, "agreeCount": 0, "likes": {"groups": [], "count": 0}, "id": "54f1ce62498e3a108fc2ee1d", "text": "Try the white pepper crab!", "type": "user", "user": {"gender": "female", "id": "70936", "photo": {"prefix": "https://igx.4sqi.net/img/user/", "suffix": "/70936-52HL3L2OWR4DWCAZ.jpg"}, "firstName": "Julia", "lastName": "Lord Nickle"}, "canonicalUrl": "https://foursquare.com/item/54f1ce62498e3a108fc2ee1d", "todo": {"count": 0}, "disagreeCount": 0}, {"authorInteractionType": "liked", "logView": true, "lang": "en", "photo": {"id": "57f843c4498eb89d2e9d4169", "visibility": "public", "source": {"name": "Foursquare for iOS", "url": "https://foursquare.com/download/#/iphone"}, "suffix": "/42168344_7uFPSSBSMBQlpm0c87GyWsi7m4ePHS0WQ9MaB1zBrdI.jpg", "createdAt": 1475888068, "prefix": "https://igx.4sqi.net/img/general/", "width": 1920, "height": 1440}, "createdAt": 1475888066, "todo": {"count": 0}, "agreeCount": 0, "likes": {"groups": [], "count": 0}, "id": "57f843c2cd10b5b9f4beb668", "text": "Their vegetables slightly overcooked", "disagreeCount": 0, "user": {"gender": "female", "id": "42168344", "photo": {"prefix": "https://igx.4sqi.net/img/user/", "suffix": "/HPV3DLJPEP4J42G5.jpg"}, "firstName": "Ling", "lastName": "Ling"}, "canonicalUrl": "https://foursquare.com/item/57f843c2cd10b5b9f4beb668", "type": "user", "photourl": "https://igx.4sqi.net/img/general/original/42168344_7uFPSSBSMBQlpm0c87GyWsi7m4ePHS0WQ9MaB1zBrdI.jpg"}, {"authorInteractionType": "liked", "logView": true, "lang": "en", "photo": {"id": "57f84393498edf8f089f529b", "visibility": "public", "source": {"name": "Foursquare for iOS", "url": "https://foursquare.com/download/#/iphone"}, "suffix": "/42168344_Q1af8gQtM_65HqwQ3T6IVRTKdo6Dbc3xZl3IOGkbMJw.jpg", "createdAt": 1475888019, "prefix": "https://igx.4sqi.net/img/general/", "width": 1920, "height": 1440}, "createdAt": 1475888017, "todo": {"count": 0}, "agreeCount": 0, "likes": {"groups": [], "count": 0}, "id": "57f84391cd104e17323503a3", "text": "Orange Chicken", "disagreeCount": 0, "user": {"gender": "female", "id": "42168344", "photo": {"prefix": "https://igx.4sqi.net/img/user/", "suffix": "/HPV3DLJPEP4J42G5.jpg"}, "firstName": "Ling", "lastName": "Ling"}, "canonicalUrl": "https://foursquare.com/item/57f84391cd104e17323503a3", "type": "user", "photourl": "https://igx.4sqi.net/img/general/original/42168344_Q1af8gQtM_65HqwQ3T6IVRTKdo6Dbc3xZl3IOGkbMJw.jpg"}, {"logView": true, "lang": "en", "createdAt": 1374678359, "agreeCount": 0, "likes": {"groups": [], "count": 0}, "id": "51efed57498e0ae229c9ada8", "text": "Hardly can believe ppl paying the cost of a crab meal . I would say the salted egg crab was the better of the 2 crab dishes I ordered but still felt it was very expensive ! Meal for 5 was $280 !!", "type": "user", "user": {"gender": "male", "id": "46819999", "photo": {"prefix": "https://igx.4sqi.net/img/user/", "suffix": "/46819999-SSI3RGKO3VGGBRWU.jpg"}, "firstName": "Vincent", "lastName": "Ang"}, "canonicalUrl": "https://foursquare.com/item/51efed57498e0ae229c9ada8", "todo": {"count": 0}, "disagreeCount": 0}, {"logView": true, "lang": "en", "createdAt": 1288418131, "agreeCount": 0, "likes": {"groups": [], "count": 0}, "id": "4ccbb353b5cdbfb7093686c1", "text": "foods are the best especially the salted egg crab!", "type": "user", "user": {"gender": "male", "id": "3063719", "photo": {"prefix": "https://igx.4sqi.net/img/user/", "suffix": "/0RHSHNXWEHGWA1XH.jpg"}, "firstName": "Carl\u00f3", "lastName": "Malba\u0161"}, "canonicalUrl": "https://foursquare.com/item/4ccbb353b5cdbfb7093686c1", "todo": {"count": 0}, "disagreeCount": 0}, {"logView": true, "lang": "en", "createdAt": 1314593809, "agreeCount": 0, "likes": {"groups": [{"items": [], "count": 2, "type": "others"}], "summary": "2 likes", "count": 2}, "id": "4e5b1c11e4cd875e8ec4269b", "text": "No more free desserts..! Sad!!!", "type": "user", "user": {"gender": "female", "id": "3614887", "photo": {"prefix": "https://igx.4sqi.net/img/user/", "suffix": "/3614887-W1IDXDBM54NYGABQ.jpg"}, "firstName": "Chan", "lastName": "YP"}, "canonicalUrl": "https://foursquare.com/item/4e5b1c11e4cd875e8ec4269b", "todo": {"count": 0}, "disagreeCount": 0}, {"logView": true, "lang": "ko", "createdAt": 1343784570, "agreeCount": 0, "likes": {"groups": [], "count": 0}, "id": "5018867ae4b017130d253913", "text": "\ud55c\uad6d\uc0ac\ub78c \uc785\ub9db\uc5d0 \ub9de\ub294 \uce60\ub9ac\ud06c\ub7a9. \ubb3c\ud2f0\uc288 \uc9c0\ucc38 \ud544\uc218.", "type": "user", "user": {"gender": "female", "id": "1446323", "photo": {"prefix": "https://igx.4sqi.net/img/user/", "suffix": "/RNMJANK1YDWIFGET.jpg"}, "firstName": "epoche", "lastName": "kim"}, "canonicalUrl": "https://foursquare.com/item/5018867ae4b017130d253913", "todo": {"count": 0}, "disagreeCount": 0}, {"logView": true, "lang": "en", "createdAt": 1334907839, "agreeCount": 0, "likes": {"groups": [], "count": 0}, "id": "4f9113bfe4b079c23b2b6a4f", "text": "Get the white pepper crabs!   Mostly outdoor tables only. The few indoor tables are for VIP?", "type": "user", "user": {"gender": "female", "id": "20974931", "photo": {"prefix": "https://igx.4sqi.net/img/user/", "suffix": "/45ZWWGPO5OPS3ROG.jpg"}, "firstName": "Josie", "lastName": "C."}, "canonicalUrl": "https://foursquare.com/item/4f9113bfe4b079c23b2b6a4f", "todo": {"count": 0}, "disagreeCount": 0}, {"logView": true, "lang": "en", "createdAt": 1405687109, "agreeCount": 0, "likes": {"groups": [], "count": 0}, "id": "53c91545498e115c3dc61a09", "text": "Pretty good crab with buns.", "type": "user", "user": {"gender": "male", "id": "3587490", "photo": {"prefix": "https://igx.4sqi.net/img/user/", "suffix": "/TAIMOFSMURH4QQQW.jpg"}, "firstName": "Dilip", "lastName": "Muralidaran"}, "canonicalUrl": "https://foursquare.com/item/53c91545498e115c3dc61a09", "todo": {"count": 0}, "disagreeCount": 0}, {"logView": true, "lang": "en", "createdAt": 1404109772, "agreeCount": 2, "likes": {"groups": [{"items": [{"gender": "male", "id": "18341123", "photo": {"prefix": "https://igx.4sqi.net/img/user/", "suffix": "/HJ4BWH1A05HKDOX3.jpg"}, "firstName": "Muhd", "lastName": "Izwan"}, {"gender": "male", "id": "17258225", "photo": {"prefix": "https://igx.4sqi.net/img/user/", "suffix": "/FSEEUAZCIMDHCK2B.jpg"}, "firstName": "Richard", "lastName": "Chun"}], "count": 2, "type": "others"}], "summary": "2 likes", "count": 2}, "id": "53b103cc498e9d0da9a53250", "text": "Super nice and delicious. Especially the crap. Totally worth the price.", "type": "user", "user": {"gender": "female", "id": "68819841", "photo": {"prefix": "https://igx.4sqi.net/img/user/", "suffix": "/68819841-X22WDGMJRKT052EM.jpg"}, "firstName": "Shuqi", "lastName": "Than"}, "canonicalUrl": "https://foursquare.com/item/53b103cc498e9d0da9a53250", "todo": {"count": 0}, "disagreeCount": 0}, {"logView": true, "lang": "en", "createdAt": 1343999242, "agreeCount": 0, "likes": {"groups": [], "count": 0}, "id": "501bcd0ae4b03a120ec0c67a", "text": "Having dinner with my family & my sis family", "type": "user", "user": {"gender": "female", "id": "17346333", "photo": {"prefix": "https://igx.4sqi.net/img/user/", "suffix": "/22SMORQTE2P0C0ZL.jpg"}, "firstName": "Cindy", "lastName": "Lok"}, "canonicalUrl": "https://foursquare.com/item/501bcd0ae4b03a120ec0c67a", "todo": {"count": 0}, "disagreeCount": 0}, {"logView": true, "lang": "it", "createdAt": 1430571645, "agreeCount": 0, "likes": {"groups": [], "count": 0}, "id": "5544ca7d498e99368c55285d", "text": "surprise me!!! delicious food n good service", "type": "user", "user": {"gender": "male", "id": "35708656", "photo": {"prefix": "https://igx.4sqi.net/img/user/", "suffix": "/KBH5H5T0VLFE12DE.jpg"}, "firstName": "Chow", "lastName": "Han"}, "canonicalUrl": "https://foursquare.com/item/5544ca7d498e99368c55285d", "todo": {"count": 0}, "disagreeCount": 0}, {"authorInteractionType": "liked", "logView": true, "lang": "en", "photo": {"id": "54f2f35a498ef885cce21bdd", "visibility": "public", "source": {"name": "Foursquare for iOS", "url": "https://foursquare.com/download/#/iphone"}, "suffix": "/58569770_bOhEGdB5-lRBlpY1HhqKU1YVBbWaTs8tmF7YqKfLwAc.jpg", "createdAt": 1425208154, "prefix": "https://igx.4sqi.net/img/general/", "width": 1440, "height": 1440}, "createdAt": 1425208151, "todo": {"count": 0}, "agreeCount": 0, "likes": {"groups": [], "count": 0}, "id": "54f2f357498e66766a7a6fe4", "text": "Must try white pepper crab and super-licious big sized prawns.", "disagreeCount": 0, "user": {"gender": "female", "id": "58569770", "photo": {"prefix": "https://igx.4sqi.net/img/user/", "suffix": "/58569770-HOBZWEZ4FTM4FFEV.jpg"}, "firstName": "Kassyn", "lastName": "Ng"}, "canonicalUrl": "https://foursquare.com/item/54f2f357498e66766a7a6fe4", "type": "user", "photourl": "https://igx.4sqi.net/img/general/original/58569770_bOhEGdB5-lRBlpY1HhqKU1YVBbWaTs8tmF7YqKfLwAc.jpg"}, {"logView": true, "lang": "en", "createdAt": 1317477494, "agreeCount": 0, "likes": {"groups": [], "count": 0}, "id": "4e871c7682316be403a98e42", "text": "Try their chilli crabs! Yummy", "type": "user", "user": {"gender": "male", "id": "7572998", "photo": {"prefix": "https://igx.4sqi.net/img/user/", "suffix": "/AB5WTT2UF01QUVUQ.jpg"}, "firstName": "Brian Maceda", "lastName": "Cabalquinto"}, "canonicalUrl": "https://foursquare.com/item/4e871c7682316be403a98e42", "todo": {"count": 0}, "disagreeCount": 0}, {"logView": true, "lang": "en", "createdAt": 1302695314, "agreeCount": 0, "likes": {"groups": [{"items": [], "count": 1, "type": "others"}], "summary": "1 like", "count": 1}, "id": "4da58d92fa8cf9bcc880881f", "text": "My favorite white pepper crabs... Awesome.....", "type": "user", "user": {"gender": "male", "id": "3919309", "photo": {"prefix": "https://igx.4sqi.net/img/user/", "suffix": "/3QZMWU2VHMVO4C0Q.jpg"}, "firstName": "Roger", "lastName": "Chia"}, "canonicalUrl": "https://foursquare.com/item/4da58d92fa8cf9bcc880881f", "todo": {"count": 0}, "disagreeCount": 0}, {"logView": true, "lang": "en", "createdAt": 1327081792, "agreeCount": 0, "likes": {"groups": [], "count": 0}, "id": "4f19a940e4b08b384e5f75c0", "text": "Awesome food here ! Chilli gravy is a must try people !", "type": "user", "user": {"gender": "male", "id": "19729276", "photo": {"prefix": "https://igx.4sqi.net/img/user/", "suffix": "/YTZUPXGW2JMBJD35.jpg"}, "firstName": "MrFatzxcz", "lastName": "Tian"}, "canonicalUrl": "https://foursquare.com/item/4f19a940e4b08b384e5f75c0", "todo": {"count": 0}, "disagreeCount": 0}, {"logView": true, "lang": "en", "createdAt": 1363612308, "agreeCount": 0, "likes": {"groups": [], "count": 0}, "id": "51471294e4b075ebdb37824b", "text": "best to come here on a weekday,as it will be filled with customers..even the garage is used as dining area.", "type": "user", "user": {"gender": "female", "id": "3144596", "photo": {"prefix": "https://igx.4sqi.net/img/user/", "suffix": "/3144596-OZKKRSKRHH1E42U2.jpg"}, "firstName": "Ays Randrup-Cunanan", "lastName": "www.pinkandmints.com"}, "canonicalUrl": "https://foursquare.com/item/51471294e4b075ebdb37824b", "todo": {"count": 0}, "disagreeCount": 0}, {"authorInteractionType": "liked", "logView": true, "lang": "en", "createdAt": 1479642844, "agreeCount": 0, "likes": {"groups": [], "count": 0}, "id": "58318edc18fd2b57fb4cccdc", "text": "White pepper crab!", "type": "user", "user": {"gender": "male", "id": "26740", "photo": {"prefix": "https://igx.4sqi.net/img/user/", "suffix": "/26740-H05W4FKGB0FIBMZT.jpg"}, "firstName": "Peter", "lastName": "van Teeseling"}, "canonicalUrl": "https://foursquare.com/item/58318edc18fd2b57fb4cccdc", "todo": {"count": 0}, "disagreeCount": 0}, {"logView": true, "lang": "en", "createdAt": 1453197845, "agreeCount": 1, "likes": {"groups": [{"items": [], "count": 1, "type": "others"}], "summary": "1 like", "count": 1}, "id": "569e0a15498e10661975c5e6", "text": "Outstanding white pepper and chili crab. The crabs themselves are enormous and sweet. Grab some mantou (buns) to mop up the chili sauce. Gorgeous fried prawns and steamed fish too. Good for groups.", "type": "user", "user": {"gender": "female", "id": "9345713", "photo": {"prefix": "https://igx.4sqi.net/img/user/", "suffix": "/9345713-FQKP0SZGLYVMSZNS"}, "firstName": "Amy", "lastName": "Graff"}, "canonicalUrl": "https://foursquare.com/item/569e0a15498e10661975c5e6", "todo": {"count": 0}, "disagreeCount": 0}, {"authorInteractionType": "meh", "logView": true, "lang": "en", "createdAt": 1445140706, "agreeCount": 0, "likes": {"groups": [], "count": 0}, "id": "562318e2498e8fa0bca9336c", "text": "Very delicious chili carb but also pricey as well. Credit card is not accepted, cash only.", "type": "user", "user": {"gender": "female", "id": "61010262", "photo": {"prefix": "https://igx.4sqi.net/img/user/", "suffix": "/61010262-GKIBOIDIBWWCTY3S.jpg"}, "firstName": "Anh", "lastName": "Th\u01b0"}, "canonicalUrl": "https://foursquare.com/item/562318e2498e8fa0bca9336c", "todo": {"count": 0}, "disagreeCount": 0}, {"authorInteractionType": "liked", "logView": true, "lang": "en", "createdAt": 1495210009, "agreeCount": 0, "likes": {"groups": [], "count": 0}, "id": "591f1819aa6c950d62bd8c2c", "text": "Service was very good.  Didn't know Chili crab is at $80/kg... crazy but we enjoyed it.", "type": "user", "user": {"gender": "female", "id": "6924669", "photo": {"prefix": "https://igx.4sqi.net/img/user/", "suffix": "/2LDYE2Q5TQ1PEBXT.jpg"}, "firstName": "Diane", "lastName": "Fang"}, "canonicalUrl": "https://foursquare.com/item/591f1819aa6c950d62bd8c2c", "todo": {"count": 0}, "disagreeCount": 0}, {"logView": true, "lang": "en", "createdAt": 1399795926, "agreeCount": 0, "likes": {"groups": [], "count": 0}, "id": "536f30d6498ece4982673980", "text": "Chili Crab with fried buns, seafood fried rice and salted egg prawn", "type": "user", "user": {"gender": "female", "id": "4957149", "photo": {"prefix": "https://igx.4sqi.net/img/user/", "suffix": "/KU1MUSSKTIGDOBRH.jpg"}, "firstName": "Joyce", "lastName": "M."}, "canonicalUrl": "https://foursquare.com/item/536f30d6498ece4982673980", "todo": {"count": 0}, "disagreeCount": 0}, {"authorInteractionType": "liked", "logView": true, "lang": "en", "createdAt": 1421912897, "agreeCount": 0, "likes": {"groups": [], "count": 0}, "id": "54c0ab41498ec3f6768cc7f1", "text": "Nice seafood", "type": "user", "user": {"gender": "male", "id": "113135578", "photo": {"prefix": "https://igx.4sqi.net/img/user/", "suffix": "/113135578-PLF1DBRAKQYXD43E.jpg"}, "firstName": "Bonny", "lastName": "Dang"}, "canonicalUrl": "https://foursquare.com/item/54c0ab41498ec3f6768cc7f1", "todo": {"count": 0}, "disagreeCount": 0}, {"authorInteractionType": "liked", "logView": true, "lang": "en", "photo": {"id": "57f84362cd10074b3f99e292", "visibility": "public", "source": {"name": "Foursquare for iOS", "url": "https://foursquare.com/download/#/iphone"}, "suffix": "/42168344_KAcNEVhUHnc2kIWodKU4pfep2cMl29QELgrwsWu8E-A.jpg", "createdAt": 1475887970, "prefix": "https://igx.4sqi.net/img/general/", "width": 1920, "height": 1440}, "createdAt": 1475887967, "todo": {"count": 0}, "agreeCount": 0, "likes": {"groups": [], "count": 0}, "id": "57f8435f498ea383177e6d36", "text": "Golden Tofu", "disagreeCount": 0, "user": {"gender": "female", "id": "42168344", "photo": {"prefix": "https://igx.4sqi.net/img/user/", "suffix": "/HPV3DLJPEP4J42G5.jpg"}, "firstName": "Ling", "lastName": "Ling"}, "canonicalUrl": "https://foursquare.com/item/57f8435f498ea383177e6d36", "type": "user", "photourl": "https://igx.4sqi.net/img/general/original/42168344_KAcNEVhUHnc2kIWodKU4pfep2cMl29QELgrwsWu8E-A.jpg"}, {"logView": true, "lang": "en", "createdAt": 1407897418, "agreeCount": 0, "likes": {"groups": [], "count": 0}, "id": "53eacf4a498e7440c0e63636", "text": "Got a craving for seafood late at night? Look no further.", "type": "user", "user": {"gender": "male", "id": "279800", "photo": {"prefix": "https://igx.4sqi.net/img/user/", "suffix": "/279800-VUOL24IHYN5JCKZM.jpg"}, "firstName": "Alwyn", "lastName": "Sim"}, "canonicalUrl": "https://foursquare.com/item/53eacf4a498e7440c0e63636", "todo": {"count": 0}, "disagreeCount": 0}, {"logView": true, "lang": "en", "createdAt": 1297169998, "agreeCount": 0, "likes": {"groups": [{"items": [], "count": 3, "type": "others"}], "summary": "3 likes", "count": 3}, "id": "4d513e4e4015b1f701196ecf", "text": "Chili crabby rocks!", "type": "user", "user": {"gender": "male", "id": "2016878", "photo": {"prefix": "https://igx.4sqi.net/img/user/", "suffix": "/2016878-2X3GDDBLWXAUET1U"}, "firstName": "Elvin", "lastName": "Yeo"}, "canonicalUrl": "https://foursquare.com/item/4d513e4e4015b1f701196ecf", "todo": {"count": 0}, "disagreeCount": 0}, {"authorInteractionType": "liked", "logView": true, "lang": "en", "createdAt": 1454179320, "agreeCount": 0, "likes": {"groups": [], "count": 0}, "id": "56ad03f8498e2481218e7453", "text": "Chili crab, salted egg crab, black pepper crab. Go with some friends and get them all. Bring some napkins and wet wipes for the mess!", "type": "user", "user": {"gender": "male", "id": "149752680", "photo": {"prefix": "https://igx.4sqi.net/img/user/", "default": true, "suffix": "/blank_boy.png"}, "firstName": "Arthur", "lastName": "Liao"}, "canonicalUrl": "https://foursquare.com/item/56ad03f8498e2481218e7453", "todo": {"count": 0}, "disagreeCount": 0}, {"authorInteractionType": "liked", "logView": true, "lang": "en", "photo": {"hasSticker": true, "id": "56e91790498ea1ae983838b4", "visibility": "friends", "source": {"name": "Swarm for iOS", "url": "https://www.swarmapp.com"}, "suffix": "/1628672_m973u4MjxERrV7AVDIVyvlZeDfgGumZvqTl2Ta2T6d0.jpg", "createdAt": 1458116496, "prefix": "https://igx.4sqi.net/img/general/", "width": 1440, "height": 1440}, "createdAt": 1458116496, "todo": {"count": 1}, "agreeCount": 0, "likes": {"groups": [], "count": 0}, "id": "56e91790498ea1ae983838b5", "text": "Cheese Crab and Chili Crab + Mantau \ud83d\ude18\ud83d\ude18\ud83d\ude18", "disagreeCount": 0, "user": {"gender": "none", "id": "1628672", "photo": {"prefix": "https://igx.4sqi.net/img/user/", "suffix": "/SUNUMDJA13DNE3KS.jpg"}, "firstName": "Fangky", "lastName": "Hartati"}, "canonicalUrl": "https://foursquare.com/item/56e91790498ea1ae983838b5", "type": "user", "photourl": "https://igx.4sqi.net/img/general/original/1628672_m973u4MjxERrV7AVDIVyvlZeDfgGumZvqTl2Ta2T6d0.jpg"}, {"authorInteractionType": "liked", "logView": true, "lang": "en", "createdAt": 1423757032, "agreeCount": 0, "likes": {"groups": [], "count": 0}, "id": "54dccee8498ebb6d2d30571a", "text": "Black pepper crab and spinach with three egg and drunken shrimp", "type": "user", "user": {"gender": "none", "id": "113594103", "photo": {"prefix": "https://igx.4sqi.net/img/user/", "default": true, "suffix": "/blank_boy.png"}, "firstName": "allison", "lastName": "kean"}, "canonicalUrl": "https://foursquare.com/item/54dccee8498ebb6d2d30571a", "todo": {"count": 0}, "disagreeCount": 0}, {"logView": true, "lang": "en", "createdAt": 1366977674, "agreeCount": 0, "likes": {"groups": [], "count": 0}, "id": "517a6c8a498eb2ed7775b734", "text": "salted egg craaab \u2764", "type": "user", "user": {"gender": "female", "id": "53851066", "photo": {"prefix": "https://igx.4sqi.net/img/user/", "suffix": "/3ZQ53V102KEPSISG.jpg"}, "firstName": "Nicole", "lastName": "Madarang"}, "canonicalUrl": "https://foursquare.com/item/517a6c8a498eb2ed7775b734", "todo": {"count": 0}, "disagreeCount": 0}, {"authorInteractionType": "liked", "logView": true, "lang": "en", "photo": {"id": "57735737498e0b4b18d31588", "visibility": "public", "source": {"name": "Foursquare for iOS", "url": "https://foursquare.com/download/#/iphone"}, "suffix": "/42168344_o21OKY27QkaThsfK284HwPOnJcG9LAMtKaPWI2oJoAc.jpg", "createdAt": 1467176759, "prefix": "https://igx.4sqi.net/img/general/", "width": 1920, "height": 1440}, "createdAt": 1467176754, "todo": {"count": 0}, "agreeCount": 1, "likes": {"groups": [{"items": [], "count": 1, "type": "others"}], "summary": "1 like", "count": 1}, "id": "57735732498ef6f358a2cbe3", "text": "White pepper crab", "disagreeCount": 0, "user": {"gender": "female", "id": "42168344", "photo": {"prefix": "https://igx.4sqi.net/img/user/", "suffix": "/HPV3DLJPEP4J42G5.jpg"}, "firstName": "Ling", "lastName": "Ling"}, "canonicalUrl": "https://foursquare.com/item/57735732498ef6f358a2cbe3", "type": "user", "photourl": "https://igx.4sqi.net/img/general/original/42168344_o21OKY27QkaThsfK284HwPOnJcG9LAMtKaPWI2oJoAc.jpg"}, {"authorInteractionType": "liked", "logView": true, "lang": "ja", "createdAt": 1346763433, "agreeCount": 0, "likes": {"groups": [], "count": 0}, "id": "5045faa9e4b0ced4cec2909c", "text": "\u304a\u6c17\u306b\u5165\u308a\u306f\u3001\u30c1\u30ea\u3001\u30d6\u30e9\u30c3\u30af\u30da\u30c3\u30d1\u30fc\u3001\u30b5\u30f3\u30d0\u30eb\u30ab\u30f3\u30b3\u30f3\u3001\u30bd\u30eb\u30c6\u30a3\u30fb\u30d5\u30a3\u30b7\u30e5\u30fb\u30c1\u30e3\u30fc\u30cf\u30f3", "type": "user", "user": {"gender": "male", "id": "16605942", "photo": {"prefix": "https://igx.4sqi.net/img/user/", "suffix": "/OQX2H0PAVT003P21.jpg"}, "firstName": "Koichi", "lastName": "Hashimoto"}, "canonicalUrl": "https://foursquare.com/item/5045faa9e4b0ced4cec2909c", "todo": {"count": 0}, "disagreeCount": 0}, {"logView": true, "lang": "en", "createdAt": 1259747849, "agreeCount": 0, "likes": {"groups": [{"items": [], "count": 3, "type": "others"}], "summary": "3 likes", "count": 3}, "id": "4b163a0970c603bbb1328fb4", "text": "Skip the chili crab and get the white pepper crab, or get both.", "type": "user", "user": {"gender": "male", "id": "105948", "photo": {"prefix": "https://igx.4sqi.net/img/user/", "suffix": "/105948_1258681589267.jpg"}, "firstName": "Sachar", "lastName": "de Vries"}, "canonicalUrl": "https://foursquare.com/item/4b163a0970c603bbb1328fb4", "todo": {"count": 1}, "disagreeCount": 0}, {"logView": true, "lang": "en", "createdAt": 1324819054, "agreeCount": 0, "likes": {"groups": [], "count": 0}, "id": "4ef7226ee5fa4f286b29f41a", "text": "Merry Christmas! \uf384\uf385", "type": "user", "user": {"gender": "male", "id": "4440836", "photo": {"prefix": "https://igx.4sqi.net/img/user/", "suffix": "/I23XLDIEMR0CMZKP.jpg"}, "firstName": "Benjamin", "lastName": "Lin"}, "canonicalUrl": "https://foursquare.com/item/4ef7226ee5fa4f286b29f41a", "todo": {"count": 0}, "disagreeCount": 0}, {"authorInteractionType": "liked", "logView": true, "lang": "en", "photo": {"id": "55de8005498ef7b71423787a", "visibility": "public", "source": {"name": "Foursquare for iOS", "url": "https://foursquare.com/download/#/iphone"}, "suffix": "/85492096_X66HbSdSEA62CxUbVo_dXZ9ZVSk1f763Ccg19Ebj7Fk.jpg", "createdAt": 1440645125, "prefix": "https://igx.4sqi.net/img/general/", "width": 1440, "height": 1920}, "createdAt": 1440645122, "todo": {"count": 0}, "agreeCount": 0, "likes": {"groups": [], "count": 0}, "id": "55de8002498e79e05a731b6e", "text": "The crab is delicious!! Great place to bring first-time visitors to Singapore", "disagreeCount": 0, "user": {"id": "85492096", "photo": {"prefix": "https://igx.4sqi.net/img/user/", "suffix": "/85492096-L5O4YTA4R32BQ42T.jpg"}, "firstName": "Teresa", "gender": "female"}, "canonicalUrl": "https://foursquare.com/item/55de8002498e79e05a731b6e", "type": "user", "photourl": "https://igx.4sqi.net/img/general/original/85492096_X66HbSdSEA62CxUbVo_dXZ9ZVSk1f763Ccg19Ebj7Fk.jpg"}, {"authorInteractionType": "disliked", "logView": true, "lang": "en", "photo": {"id": "52c7ebd9498ee1e3ceb0fb86", "visibility": "public", "source": {"name": "Foursquare for iOS", "url": "https://foursquare.com/download/#/iphone"}, "suffix": "/11624142_jiDU_3fJe50q2zb30aQhgVbEBzA_SBOMZ6EQKI4eRIU.jpg", "createdAt": 1388833753, "prefix": "https://igx.4sqi.net/img/general/", "width": 960, "height": 720}, "createdAt": 1388833718, "todo": {"count": 0}, "agreeCount": 0, "likes": {"groups": [], "count": 0}, "id": "52c7ebb6498ed9fd7b4168ec", "text": "The food was not bad. Service was terrible.Also they charge you everything.. peanuts.. Wet tissue.. One experience is enough. I would never come again for this service, price, and food.", "disagreeCount": 0, "user": {"gender": "male", "id": "11624142", "photo": {"prefix": "https://igx.4sqi.net/img/user/", "default": true, "suffix": "/blank_boy.png"}, "firstName": "Daniel Mingoo", "lastName": "Kim"}, "canonicalUrl": "https://foursquare.com/item/52c7ebb6498ed9fd7b4168ec", "type": "user", "photourl": "https://igx.4sqi.net/img/general/original/11624142_jiDU_3fJe50q2zb30aQhgVbEBzA_SBOMZ6EQKI4eRIU.jpg"}, {"logView": true, "lang": "th", "createdAt": 1357314281, "agreeCount": 0, "likes": {"groups": [], "count": 0}, "id": "50e6f8e9e4b0e23d1db2f92b", "text": "\u0e1b\u0e39\u0e1c\u0e31\u0e14\u0e40\u0e19\u0e22\u0e01\u0e47\u0e2d\u0e23\u0e48\u0e2d\u0e22\u0e19\u0e30 \u0e40\u0e04\u0e47\u0e21\u0e46 \u0e2b\u0e2d\u0e21\u0e46 \u0e41\u0e17\u0e30\u0e40\u0e1e\u0e25\u0e34\u0e19\u0e40\u0e25\u0e22\u0e22\u0e22\u0e22 \u0e0a\u0e2d\u0e1a\u0e46\u0e46\u0e46\u0e46", "type": "user", "user": {"gender": "female", "id": "698845", "photo": {"prefix": "https://igx.4sqi.net/img/user/", "suffix": "/698845-FKBKCFV0PV5SMJ53.jpg"}, "firstName": "Sanhawan", "lastName": "Lerkrattanawaree"}, "canonicalUrl": "https://foursquare.com/item/50e6f8e9e4b0e23d1db2f92b", "todo": {"count": 0}, "disagreeCount": 0}, {"authorInteractionType": "liked", "logView": true, "lang": "en", "photo": {"id": "5540fc8f498e88856e03d647", "visibility": "public", "source": {"name": "Foursquare for iOS", "url": "https://foursquare.com/download/#/iphone"}, "suffix": "/15835051_AwQGOUj4TOEIU5Sem_FISyQ16zVYzQKOT_JAHvF2Fzk.jpg", "createdAt": 1430322319, "prefix": "https://igx.4sqi.net/img/general/", "width": 1439, "height": 1920}, "createdAt": 1430322316, "todo": {"count": 0}, "agreeCount": 0, "likes": {"groups": [], "count": 0}, "id": "5540fc8c498ee589e73bb7bf", "text": "Good food, service, atmosphere, prices are reasonable.", "disagreeCount": 0, "user": {"gender": "male", "id": "15835051", "photo": {"prefix": "https://igx.4sqi.net/img/user/", "suffix": "/15835051-VCAO3X3MM2XN1NWD.jpg"}, "firstName": "Alex", "lastName": "Paris"}, "canonicalUrl": "https://foursquare.com/item/5540fc8c498ee589e73bb7bf", "type": "user", "photourl": "https://igx.4sqi.net/img/general/original/15835051_AwQGOUj4TOEIU5Sem_FISyQ16zVYzQKOT_JAHvF2Fzk.jpg"}, {"logView": true, "lang": "en", "createdAt": 1297170799, "agreeCount": 0, "likes": {"groups": [], "count": 0}, "id": "4d51416f3062a1cdc2db64a3", "text": "The fish we order dun taste fresh at all.. Instead they taste like chicken meat, taste like one piece one piece.. N they keep assure us it fresh, n keep urging us to finish eating..", "type": "user", "user": {"id": "5222995", "photo": {"prefix": "https://igx.4sqi.net/img/user/", "suffix": "/31OGGLFEYBDIRMXD.jpg"}, "firstName": "Mavis", "gender": "female"}, "canonicalUrl": "https://foursquare.com/item/4d51416f3062a1cdc2db64a3", "todo": {"count": 0}, "disagreeCount": 0}, {"authorInteractionType": "liked", "logView": true, "lang": "en", "createdAt": 1456154873, "agreeCount": 0, "likes": {"groups": [], "count": 0}, "id": "56cb28f9498e1ca2b351b2a9", "text": "Authentic Singaporean food", "type": "user", "user": {"gender": "male", "id": "8431229", "photo": {"prefix": "https://igx.4sqi.net/img/user/", "suffix": "/8431229-4PEGKIK2DDKFDPMD.jpg"}, "firstName": "Mark", "lastName": "McKenna"}, "canonicalUrl": "https://foursquare.com/item/56cb28f9498e1ca2b351b2a9", "todo": {"count": 0}, "disagreeCount": 0}, {"authorInteractionType": "liked", "logView": true, "lang": "ja", "createdAt": 1416199270, "agreeCount": 0, "likes": {"groups": [], "count": 0}, "id": "54697c66498ebf7265e3fb59", "text": "\u30b2\u30a4\u30e9\u30f3\u5e97\u30aa\u30b9\u30b9\u30e1 \u30a8\u30d7\u30ed\u30f3\u3082\u3089\u3048\u307e\u3059", "type": "user", "user": {"id": "54782207", "photo": {"prefix": "https://igx.4sqi.net/img/user/", "suffix": "/DZIHD2WVQMKPVI2H.jpg"}, "firstName": "@k1h", "gender": "male"}, "canonicalUrl": "https://foursquare.com/item/54697c66498ebf7265e3fb59", "todo": {"count": 0}, "disagreeCount": 0}, {"authorInteractionType": "liked", "logView": true, "lang": "en", "createdAt": 1401602640, "agreeCount": 0, "likes": {"groups": [], "count": 0}, "id": "538ac25011d2e65b9c06ada9", "text": "Terrific restaurant. Best chilli crab ever!", "type": "user", "user": {"gender": "female", "id": "12756555", "photo": {"prefix": "https://igx.4sqi.net/img/user/", "suffix": "/12756555-1A4TWQRCRLDRDSZO.jpg"}, "firstName": "Christine", "lastName": "Whyte"}, "canonicalUrl": "https://foursquare.com/item/538ac25011d2e65b9c06ada9", "todo": {"count": 0}, "disagreeCount": 0}, {"logView": true, "lang": "en", "createdAt": 1493440555, "agreeCount": 0, "likes": {"groups": [], "count": 0}, "id": "5904182b9411f256c954610c", "text": "Overpriced and overrated. Give it a miss.", "type": "user", "user": {"gender": "male", "id": "93552004", "photo": {"prefix": "https://igx.4sqi.net/img/user/", "suffix": "/-YMWBBZVJPMZM3OUQ.jpg"}, "firstName": "R", "lastName": "Tan"}, "canonicalUrl": "https://foursquare.com/item/5904182b9411f256c954610c", "todo": {"count": 0}, "disagreeCount": 0}, {"logView": true, "lang": "en", "createdAt": 1316874593, "agreeCount": 1, "likes": {"groups": [{"items": [{"gender": "male", "id": "7746791", "photo": {"prefix": "https://igx.4sqi.net/img/user/", "suffix": "/UHJNWFAXFFO2IMQ2.jpg"}, "firstName": "Marek", "lastName": "Mirczynski"}], "count": 1, "type": "others"}], "summary": "1 like", "count": 1}, "id": "4e7de961be7bf691b6826aab", "text": "Here is a Best seafood restaurant in Singapore. You should order chili crab and white rice.Then, please eat lots of chili sauce over rice. Opens the door of heaven.", "type": "user", "user": {"gender": "male", "id": "352153", "photo": {"prefix": "https://igx.4sqi.net/img/user/", "suffix": "/ZRR0DOHBV3DLKWFE.jpg"}, "firstName": "Takehito", "lastName": "Ogawa"}, "canonicalUrl": "https://foursquare.com/item/4e7de961be7bf691b6826aab", "todo": {"count": 1}, "disagreeCount": 0}, {"logView": true, "lang": "en", "createdAt": 1320910073, "agreeCount": 0, "likes": {"groups": [], "count": 0}, "id": "4ebb7cf98231dffdaf20e6fb", "text": "expensive sia", "type": "user", "user": {"gender": "male", "id": "4525241", "photo": {"prefix": "https://igx.4sqi.net/img/user/", "suffix": "/3NEG5B5XZHGH0KHH.jpg"}, "firstName": "Andy", "lastName": "M"}, "canonicalUrl": "https://foursquare.com/item/4ebb7cf98231dffdaf20e6fb", "todo": {"count": 0}, "disagreeCount": 0}, {"logView": true, "lang": "en", "createdAt": 1378302550, "agreeCount": 0, "likes": {"groups": [], "count": 0}, "id": "52273a5611d22c027b7e0f5d", "text": "I try so many salted egg crab before. I think this is the best place to eat salted egg crab too. A lot of local Fav !", "type": "user", "user": {"gender": "female", "id": "65403556", "photo": {"prefix": "https://igx.4sqi.net/img/user/", "suffix": "/R2YOOVWWIR40BNKT.jpg"}, "firstName": "Wut", "lastName": "Hmone"}, "canonicalUrl": "https://foursquare.com/item/52273a5611d22c027b7e0f5d", "todo": {"count": 0}, "disagreeCount": 0}, {"logView": true, "lang": "en", "createdAt": 1327809407, "agreeCount": 0, "likes": {"groups": [], "count": 0}, "id": "4f24c37fe4b0a93fbf4e5ad6", "text": "Chili crab is best, of course, though the standards have dropped slightly... you can also sit at the back of the restaurant if you don't like too much crowd", "type": "user", "user": {"gender": "male", "id": "2834688", "photo": {"prefix": "https://igx.4sqi.net/img/user/", "suffix": "/Z3BT0BAECOS2YBN1.jpg"}, "firstName": "Augustin", "lastName": "du Payrat"}, "canonicalUrl": "https://foursquare.com/item/4f24c37fe4b0a93fbf4e5ad6", "todo": {"count": 0}, "disagreeCount": 0}, {"authorInteractionType": "liked", "logView": true, "lang": "en", "photo": {"id": "57735758498e4cc03ddfb916", "visibility": "public", "source": {"name": "Foursquare for iOS", "url": "https://foursquare.com/download/#/iphone"}, "suffix": "/42168344_hoFKoDIwkNNVMUHgI2XPAZLYpCmPeubvqcAaS0o7LzI.jpg", "createdAt": 1467176792, "prefix": "https://igx.4sqi.net/img/general/", "width": 1920, "height": 1440}, "createdAt": 1467176790, "todo": {"count": 0}, "agreeCount": 0, "likes": {"groups": [], "count": 0}, "id": "57735756498eb3f3b991cf04", "text": "Chillie Crab with deep fried mantou bun", "disagreeCount": 0, "user": {"gender": "female", "id": "42168344", "photo": {"prefix": "https://igx.4sqi.net/img/user/", "suffix": "/HPV3DLJPEP4J42G5.jpg"}, "firstName": "Ling", "lastName": "Ling"}, "canonicalUrl": "https://foursquare.com/item/57735756498eb3f3b991cf04", "type": "user", "photourl": "https://igx.4sqi.net/img/general/original/42168344_hoFKoDIwkNNVMUHgI2XPAZLYpCmPeubvqcAaS0o7LzI.jpg"}, {"authorInteractionType": "liked", "logView": true, "lang": "en", "createdAt": 1487487383, "agreeCount": 0, "likes": {"groups": [], "count": 0}, "id": "58a9419718dc5375958515bc", "text": "Chilli crab and alligator's legs are signatures.", "type": "user", "user": {"gender": "male", "id": "11749012", "photo": {"prefix": "https://igx.4sqi.net/img/user/", "suffix": "/Z2KICU4TWOL15L1L.jpg"}, "firstName": "Evgeny", "lastName": "Kulagin"}, "canonicalUrl": "https://foursquare.com/item/58a9419718dc5375958515bc", "todo": {"count": 0}, "disagreeCount": 0}, {"authorInteractionType": "liked", "logView": true, "lang": "en", "photo": {"id": "53e6270d498e603bfe4c6da1", "visibility": "public", "source": {"name": "Foursquare for iOS", "url": "https://foursquare.com/download/#/iphone"}, "suffix": "/83221461_16pFnwps7anV8zPxgKmdPRTo381Pm0F5iO7Lyij04j4.jpg", "createdAt": 1407592205, "prefix": "https://igx.4sqi.net/img/general/", "width": 720, "height": 720}, "createdAt": 1407592187, "todo": {"count": 0}, "agreeCount": 0, "likes": {"groups": [], "count": 0}, "id": "53e626fb498e644fe7a80490", "text": "Best chili crab and white pepper crab in Singapore IMO", "disagreeCount": 0, "user": {"gender": "female", "id": "83221461", "photo": {"prefix": "https://igx.4sqi.net/img/user/", "suffix": "/83221461-HSGGPRQEMYOOYJTA.jpg"}, "firstName": "Minka Monica", "lastName": "Li"}, "canonicalUrl": "https://foursquare.com/item/53e626fb498e644fe7a80490", "type": "user", "photourl": "https://igx.4sqi.net/img/general/original/83221461_16pFnwps7anV8zPxgKmdPRTo381Pm0F5iO7Lyij04j4.jpg"}, {"logView": true, "lang": "en", "photo": {"id": "5687a46b498e1d010463b82a", "visibility": "public", "source": {"name": "Foursquare for iOS", "url": "https://foursquare.com/download/#/iphone"}, "suffix": "/1707637_7Bm2gZ7YltVJXGhjfrqKSpsQ9ijFQWL8ZOo1zutgfE0.jpg", "createdAt": 1451730027, "prefix": "https://igx.4sqi.net/img/general/", "width": 1920, "height": 1440}, "createdAt": 1451730021, "todo": {"count": 0}, "agreeCount": 0, "likes": {"groups": [], "count": 0}, "id": "5687a465498efc0a9fc413e0", "text": "Lobster is amazing and everything is so so good. A hidden gem indeed!", "disagreeCount": 0, "user": {"gender": "male", "id": "1707637", "photo": {"prefix": "https://igx.4sqi.net/img/user/", "suffix": "/1707637-5FZ342H1SSNS4HAZ.jpg"}, "firstName": "Napat", "lastName": "SingGolden"}, "canonicalUrl": "https://foursquare.com/item/5687a465498efc0a9fc413e0", "type": "user", "photourl": "https://igx.4sqi.net/img/general/original/1707637_7Bm2gZ7YltVJXGhjfrqKSpsQ9ijFQWL8ZOo1zutgfE0.jpg"}, {"logView": true, "lang": "en", "createdAt": 1303215961, "agreeCount": 0, "likes": {"groups": [], "count": 0}, "id": "4dad7f595da31bb15235ae7d", "text": "Service here sux!! Dun every come at peak hr!!!", "type": "user", "user": {"id": "3002199", "photo": {"prefix": "https://igx.4sqi.net/img/user/", "suffix": "/KBSVBKHNQC505ADZ.jpg"}, "firstName": "Amy", "gender": "female"}, "canonicalUrl": "https://foursquare.com/item/4dad7f595da31bb15235ae7d", "todo": {"count": 0}, "disagreeCount": 0}, {"logView": true, "lang": "en", "createdAt": 1364457531, "agreeCount": 0, "likes": {"groups": [], "count": 0}, "id": "5153f83be4b0e5a8ee6d48dd", "text": "We were told that they have the best Chili Crabs in town. They cost S$55/kg.", "type": "user", "user": {"id": "34577257", "photo": {"prefix": "https://igx.4sqi.net/img/user/", "suffix": "/3SKHJO4I4BMVIVRA.jpg"}, "firstName": "Nicole", "gender": "female"}, "canonicalUrl": "https://foursquare.com/item/5153f83be4b0e5a8ee6d48dd", "todo": {"count": 0}, "disagreeCount": 0}, {"logView": true, "lang": "en", "createdAt": 1274431624, "agreeCount": 0, "likes": {"groups": [], "count": 0}, "id": "4bf6488870c603bba75b9cb4", "text": "One of the best places to feast on crabs. They have the largest and sweetest tasting crabs ever! Not to mention full of gravy and eggs in them. Desserts are on the house together with fruits.", "type": "user", "user": {"gender": "male", "id": "1234149", "photo": {"prefix": "https://igx.4sqi.net/img/user/", "suffix": "/40NR5KHOTV5CMYUL.jpg"}, "firstName": "Eric", "lastName": "Tan Jh"}, "canonicalUrl": "https://foursquare.com/item/4bf6488870c603bba75b9cb4", "todo": {"count": 1}, "disagreeCount": 0}, {"logView": true, "lang": "en", "photo": {"id": "53063659498eb18ae4860452", "visibility": "public", "source": {"name": "Foursquare for iOS", "url": "https://foursquare.com/download/#/iphone"}, "suffix": "/31560289_G9zLxAOYJ3_JRbmfpvZ1QG0ptGh7kRPxiW6viDpTrtE.jpg", "createdAt": 1392916057, "prefix": "https://igx.4sqi.net/img/general/", "width": 960, "height": 720}, "createdAt": 1392916055, "todo": {"count": 0}, "agreeCount": 0, "likes": {"groups": [], "count": 0}, "id": "5306365711d2caa3ea361b44", "text": "Just ask the waitress Xiao Lin hehe ... And ur table will be openly available. Very fast service though!", "disagreeCount": 0, "user": {"gender": "male", "id": "31560289", "photo": {"prefix": "https://igx.4sqi.net/img/user/", "suffix": "/31560289-UOTUWWLSAWDA2UGI.jpg"}, "firstName": "Andre", "lastName": "Joseph"}, "canonicalUrl": "https://foursquare.com/item/5306365711d2caa3ea361b44", "type": "user", "photourl": "https://igx.4sqi.net/img/general/original/31560289_G9zLxAOYJ3_JRbmfpvZ1QG0ptGh7kRPxiW6viDpTrtE.jpg"}, {"logView": true, "lang": "en", "createdAt": 1297186834, "agreeCount": 0, "likes": {"groups": [], "count": 0}, "id": "4d5180129d4937043b95cd39", "text": "white pepper crabs, the signature cooking style sri lanka crabs here. not to be miss.. friendly lady boss  works everyday as a cashier and the executive chef is the boss. family tie business.", "type": "user", "user": {"gender": "male", "id": "6253040", "photo": {"prefix": "https://igx.4sqi.net/img/user/", "suffix": "/TVCGJC5CHZAH5GSL.jpg"}, "firstName": "nel", "lastName": "seah"}, "canonicalUrl": "https://foursquare.com/item/4d5180129d4937043b95cd39", "todo": {"count": 0}, "disagreeCount": 0}, {"logView": true, "lang": "en", "createdAt": 1424523006, "agreeCount": 0, "likes": {"groups": [], "count": 0}, "id": "54e87efe498ea1f651624e9d", "text": "Very lousy service !! If you don't order crab, they don't entertain you much on your other orders .. They hurry you to make your order and jus left you to wait for the food ..", "type": "user", "user": {"gender": "female", "id": "67490872", "photo": {"prefix": "https://igx.4sqi.net/img/user/", "suffix": "/67490872-UFWLI45BGSJZFN40.jpg"}, "firstName": "Eileen", "lastName": "Lin"}, "canonicalUrl": "https://foursquare.com/item/54e87efe498ea1f651624e9d", "todo": {"count": 0}, "disagreeCount": 0}, {"logView": true, "lang": "en", "createdAt": 1323607784, "agreeCount": 0, "likes": {"groups": [], "count": 0}, "id": "4ee4a6e85c5cfa48fa9d407c", "text": "starter - mummy ajak!!", "type": "user", "user": {"gender": "female", "id": "6944229", "photo": {"prefix": "https://igx.4sqi.net/img/user/", "suffix": "/ZX5JB4AAE5HUHL2D.jpg"}, "firstName": "Kenex", "lastName": "Lee"}, "canonicalUrl": "https://foursquare.com/item/4ee4a6e85c5cfa48fa9d407c", "todo": {"count": 0}, "disagreeCount": 0}, {"logView": true, "lang": "en", "createdAt": 1283699250, "agreeCount": 0, "likes": {"groups": [{"items": [], "count": 1, "type": "others"}], "summary": "1 like", "count": 1}, "id": "4c83b23274d7b60c27c08bd8", "text": "The Fried rice tastes really good and different,the chili crab awesome too,Lol.. =P", "type": "user", "user": {"gender": "male", "id": "3019948", "photo": {"prefix": "https://igx.4sqi.net/img/user/", "suffix": "/3019948-N2KWJMWZNCSMMLHA.jpg"}, "firstName": "Lucky", "lastName": "Oetama"}, "canonicalUrl": "https://foursquare.com/item/4c83b23274d7b60c27c08bd8", "todo": {"count": 0}, "disagreeCount": 0}, {"logView": true, "lang": "en", "createdAt": 1312462992, "agreeCount": 0, "likes": {"groups": [], "count": 0}, "id": "4e3a9890d164c429b72c3411", "text": "No more free desert! But still worth it. Best chili crab in the world!", "type": "user", "user": {"gender": "male", "id": "10620071", "photo": {"prefix": "https://igx.4sqi.net/img/user/", "suffix": "/1EL0UYVRV1IT3PUU.jpg"}, "firstName": "Guil", "lastName": "Kahn"}, "canonicalUrl": "https://foursquare.com/item/4e3a9890d164c429b72c3411", "todo": {"count": 0}, "disagreeCount": 0}, {"authorInteractionType": "liked", "logView": true, "lang": "en", "createdAt": 1421912965, "agreeCount": 0, "likes": {"groups": [], "count": 0}, "id": "54c0ab85498ec3f6768ccb44", "text": "Very nice chili crabs", "type": "user", "user": {"gender": "male", "id": "113135578", "photo": {"prefix": "https://igx.4sqi.net/img/user/", "suffix": "/113135578-PLF1DBRAKQYXD43E.jpg"}, "firstName": "Bonny", "lastName": "Dang"}, "canonicalUrl": "https://foursquare.com/item/54c0ab85498ec3f6768ccb44", "todo": {"count": 0}, "disagreeCount": 0}, {"logView": true, "lang": "en", "createdAt": 1294939285, "agreeCount": 0, "likes": {"groups": [], "count": 0}, "id": "4d2f34956b1c2d432b1015da", "text": "butter crab not as expected", "type": "user", "user": {"gender": "male", "id": "5968828", "photo": {"prefix": "https://igx.4sqi.net/img/user/", "suffix": "/RKPALIUIYZAM0APH.jpg"}, "firstName": "Christopher", "lastName": "Yip"}, "canonicalUrl": "https://foursquare.com/item/4d2f34956b1c2d432b1015da", "todo": {"count": 0}, "disagreeCount": 0}, {"logView": true, "lang": "en", "createdAt": 1326146770, "agreeCount": 0, "likes": {"groups": [], "count": 0}, "id": "4f0b64d2e4b0ef60f08a14a6", "text": "No more free desert in this restaurant. Icecrem is 10 SD,Jelly Mango is 5SD.", "type": "user", "user": {"gender": "male", "id": "16666564", "photo": {"prefix": "https://igx.4sqi.net/img/user/", "suffix": "/BMKQXJTGKMAAA3Q0.jpg"}, "firstName": "Guiwook Steve", "lastName": "Han"}, "canonicalUrl": "https://foursquare.com/item/4f0b64d2e4b0ef60f08a14a6", "todo": {"count": 0}, "disagreeCount": 0}, {"authorInteractionType": "meh", "logView": true, "lang": "en", "photo": {"id": "552c5a48498e2366e88a3d2b", "visibility": "public", "source": {"name": "Foursquare for Android", "url": "https://foursquare.com/download/#/android"}, "suffix": "/12658742_uiOEJDiIQFesSkf1VO3vRxns-OECOSPDurpsjjXqkjI.jpg", "createdAt": 1428970056, "prefix": "https://igx.4sqi.net/img/general/", "width": 5312, "height": 2988}, "createdAt": 1428970047, "todo": {"count": 0}, "agreeCount": 0, "likes": {"groups": [], "count": 0}, "id": "552c5a3f498ecb7c466377ae", "text": "The chili crab here is quite spicier than other shop and maybe little bit oilly as no hint of sweetness, but still delicious. The cereal prawn and steam fish are also good, and must order.", "disagreeCount": 0, "user": {"id": "12658742", "photo": {"prefix": "https://igx.4sqi.net/img/user/", "suffix": "/12658742-NZJWEGYIBR2XTAID.jpg"}, "firstName": "Torzin S", "gender": "male"}, "canonicalUrl": "https://foursquare.com/item/552c5a3f498ecb7c466377ae", "type": "user", "photourl": "https://igx.4sqi.net/img/general/original/12658742_uiOEJDiIQFesSkf1VO3vRxns-OECOSPDurpsjjXqkjI.jpg"}, {"logView": true, "lang": "en", "createdAt": 1276366525, "agreeCount": 0, "likes": {"groups": [{"items": [], "count": 1, "type": "others"}], "summary": "1 like", "count": 1}, "id": "4c13cebda1010f47434c4b18", "text": "Crabs are fresh but the flesh are pathetically shrunken inside their shells - NOT a hallmark of a good crab regardless of the size and weight.", "type": "user", "user": {"gender": "female", "id": "444588", "photo": {"prefix": "https://igx.4sqi.net/img/user/", "suffix": "/JQQ3FWKUMTYPFUAM.jpg"}, "firstName": "Winnie", "lastName": "Kwa"}, "canonicalUrl": "https://foursquare.com/item/4c13cebda1010f47434c4b18", "todo": {"count": 1}, "disagreeCount": 0}, {"logView": true, "lang": "en", "createdAt": 1314018508, "agreeCount": 0, "likes": {"groups": [], "count": 0}, "id": "4e5254cc18381362f72cf191", "text": "The Chilli Crab is still the top favourite choice.", "type": "user", "user": {"gender": "male", "id": "6805209", "photo": {"prefix": "https://igx.4sqi.net/img/user/", "suffix": "/G0AFDSJDSKMJW0YM.jpg"}, "firstName": "Zack", "lastName": "Lim"}, "canonicalUrl": "https://foursquare.com/item/4e5254cc18381362f72cf191", "todo": {"count": 0}, "disagreeCount": 0}, {"authorInteractionType": "liked", "logView": true, "lang": "en", "photo": {"id": "57fcd4e1498e813d8f6e42cb", "visibility": "public", "source": {"name": "Foursquare for iOS", "url": "https://foursquare.com/download/#/iphone"}, "suffix": "/69158786_9bITDcTD9MD0ptu6476qHfd7pnmPh8hnshG3CG1zMnQ.jpg", "createdAt": 1476187361, "prefix": "https://igx.4sqi.net/img/general/", "width": 1440, "height": 1440}, "createdAt": 1476187356, "todo": {"count": 0}, "agreeCount": 0, "likes": {"groups": [], "count": 0}, "id": "57fcd4dc498e51b38acd04a9", "text": "Yes, chili crab is phenomenal", "disagreeCount": 0, "user": {"gender": "male", "id": "69158786", "photo": {"prefix": "https://igx.4sqi.net/img/user/", "suffix": "/69158786_GTPtnzVY_d467llG3UIAIib3kluB-EJlehw8i2hrEqjfRbou-atLdf9ORrs3mjB0JTWXZvhSh.jpg"}, "firstName": "Sawit", "lastName": "K."}, "canonicalUrl": "https://foursquare.com/item/57fcd4dc498e51b38acd04a9", "type": "user", "photourl": "https://igx.4sqi.net/img/general/original/69158786_9bITDcTD9MD0ptu6476qHfd7pnmPh8hnshG3CG1zMnQ.jpg"}], "count": 80}}}