{"meta": {"code": 200, "requestId": "595a56ab4c1f67709e308c96"}, "response": {"tips": {"items": [{"logView": true, "lang": "en", "createdAt": 1322481710, "agreeCount": 0, "likes": {"groups": [], "count": 0}, "id": "4ed3782ef5b9832addb81eae", "text": "Go boneless! :)", "type": "user", "user": {"gender": "male", "id": "2245405", "photo": {"prefix": "https://igx.4sqi.net/img/user/", "suffix": "/2245405-NN0GLNVHKFPETDKO.jpg"}, "firstName": "Jude", "lastName": "W."}, "canonicalUrl": "https://foursquare.com/item/4ed3782ef5b9832addb81eae", "todo": {"count": 0}, "disagreeCount": 0}, {"logView": true, "lang": "en", "createdAt": 1277011815, "agreeCount": 0, "likes": {"groups": [], "count": 0}, "id": "4c1da767b4e62d7fc534dd93", "text": "Though it's a bit ex, it is worth my money (: Indo food ftw!!", "type": "user", "user": {"gender": "female", "id": "679466", "photo": {"prefix": "https://igx.4sqi.net/img/user/", "suffix": "/FAHLU4BDJ1ZAXKQN.jpg"}, "firstName": "Febbry", "lastName": "Lasgon"}, "canonicalUrl": "https://foursquare.com/item/4c1da767b4e62d7fc534dd93", "todo": {"count": 0}, "disagreeCount": 0}, {"logView": true, "lang": "id", "createdAt": 1282970012, "agreeCount": 0, "likes": {"groups": [], "count": 0}, "id": "4c78919c81bca093eccbfa14", "text": "Wuihh..mahal di sini..indo murah meriah", "type": "user", "user": {"gender": "male", "id": "2206330", "photo": {"prefix": "https://igx.4sqi.net/img/user/", "suffix": "/2206330-OYPHJ5254AGS1A1U.jpg"}, "firstName": "William", "lastName": "Wijaya"}, "canonicalUrl": "https://foursquare.com/item/4c78919c81bca093eccbfa14", "todo": {"count": 0}, "disagreeCount": 0}, {"logView": true, "lang": "en", "createdAt": 1323086351, "agreeCount": 0, "likes": {"groups": [], "count": 0}, "id": "4edcb20f6c2547bc6558689e", "text": "Sayur Asam $3.90 I like d soup!", "type": "user", "user": {"gender": "female", "id": "17010969", "photo": {"prefix": "https://igx.4sqi.net/img/user/", "suffix": "/MJG3ZNXX11A0G51B.jpg"}, "firstName": "Celes", "lastName": "\u601d\u51ef\u62c9"}, "canonicalUrl": "https://foursquare.com/item/4edcb20f6c2547bc6558689e", "todo": {"count": 0}, "disagreeCount": 0}, {"logView": true, "lang": "id", "createdAt": 1284023280, "agreeCount": 0, "likes": {"groups": [{"items": [], "count": 1, "type": "others"}], "summary": "1 like", "count": 1}, "id": "4c88a3f07223b1f7db0f2da8", "text": "Add ym qu yh aliunklo@rocketmail.com...bs curhat jg kux kl mau...hwhwhwhw", "type": "user", "user": {"gender": "male", "id": "2791151", "photo": {"prefix": "https://igx.4sqi.net/img/user/", "suffix": "/S5H4UEKTN2W1VOCG.jpg"}, "firstName": "Aliunk", "lastName": "Lo"}, "canonicalUrl": "https://foursquare.com/item/4c88a3f07223b1f7db0f2da8", "todo": {"count": 0}, "disagreeCount": 0}, {"logView": true, "lang": "en", "createdAt": 1268476906, "agreeCount": 1, "likes": {"groups": [{"items": [{"gender": "male", "id": "30599435", "photo": {"prefix": "https://igx.4sqi.net/img/user/", "suffix": "/30599435_VFGwCGkP_KJZtGNkxWuKAloSRzZmkVQ0zaQ22sfzp1GTiHcwkgOeD8Kpzn2YsIzNIAYO3mggB.jpg"}, "firstName": "Jonathan", "lastName": "Lim"}], "count": 1, "type": "others"}], "summary": "1 like", "count": 1}, "id": "4b9b6bea70c603bb044594b4", "text": "The Ayam Penyet is sedup!! I just can't get enough of the chili!!", "type": "user", "user": {"gender": "male", "id": "423997", "photo": {"prefix": "https://igx.4sqi.net/img/user/", "suffix": "/3YUO2SBBTCVB03QK.jpg"}, "firstName": "Melvin", "lastName": "Lee Han Wen"}, "canonicalUrl": "https://foursquare.com/item/4b9b6bea70c603bb044594b4", "todo": {"count": 0}, "disagreeCount": 0}, {"logView": true, "lang": "en", "createdAt": 1293446462, "agreeCount": 0, "likes": {"groups": [], "count": 0}, "id": "4d186d3e85fc6dcbd500b54e", "text": "You must eat the sambal here, else you can't enjoy the true taste of ayam penyet", "type": "user", "user": {"gender": "female", "id": "3858350", "photo": {"prefix": "https://igx.4sqi.net/img/user/", "suffix": "/FORMBWWURML2U4XB.jpg"}, "firstName": "Mae", "lastName": "Chong"}, "canonicalUrl": "https://foursquare.com/item/4d186d3e85fc6dcbd500b54e", "todo": {"count": 0}, "disagreeCount": 0}, {"logView": true, "lang": "en", "createdAt": 1306568005, "agreeCount": 0, "likes": {"groups": [{"items": [], "count": 1, "type": "others"}], "summary": "1 like", "count": 1}, "id": "4de0a54522713271e2b99bf4", "text": "Tahu telur is a must!!!! Yummy to the max!!!!", "type": "user", "user": {"gender": "female", "id": "5406999", "photo": {"prefix": "https://igx.4sqi.net/img/user/", "suffix": "/HP5JLZYZF1COWUIX.jpg"}, "firstName": "Khai", "lastName": "Syed"}, "canonicalUrl": "https://foursquare.com/item/4de0a54522713271e2b99bf4", "todo": {"count": 0}, "disagreeCount": 0}, {"logView": true, "lang": "en", "createdAt": 1293690464, "agreeCount": 0, "likes": {"groups": [], "count": 0}, "id": "4d1c2660c50e6ea8927fd0b8", "text": "Gado-Gado..", "type": "user", "user": {"gender": "male", "id": "5384330", "photo": {"prefix": "https://igx.4sqi.net/img/user/", "suffix": "/S4UZ21C2V34EOIRQ.jpg"}, "firstName": "Raaziff Khan", "lastName": "Muhammad"}, "canonicalUrl": "https://foursquare.com/item/4d1c2660c50e6ea8927fd0b8", "todo": {"count": 0}, "disagreeCount": 0}, {"logView": true, "lang": "en", "createdAt": 1295523846, "agreeCount": 0, "likes": {"groups": [], "count": 0}, "id": "4d382006d60c6dcbbe9274bc", "text": "Authentic indonesian food here..", "type": "user", "user": {"gender": "female", "id": "5908798", "photo": {"prefix": "https://igx.4sqi.net/img/user/", "suffix": "/ZVM52MJPYFES51ZB.jpg"}, "firstName": "Stella", "lastName": "Seah"}, "canonicalUrl": "https://foursquare.com/item/4d382006d60c6dcbbe9274bc", "todo": {"count": 0}, "disagreeCount": 0}, {"logView": true, "lang": "en", "photo": {"id": "546d7f36498eb3437e43c554", "visibility": "public", "source": {"name": "Foursquare for iOS", "url": "https://foursquare.com/download/#/iphone"}, "suffix": "/12658742_SDxFYXcClpYHcgptr8lVFOwePqO9trVEW9U-cCPiuwQ.jpg", "createdAt": 1416462134, "prefix": "https://igx.4sqi.net/img/general/", "width": 720, "height": 960}, "createdAt": 1416462131, "todo": {"count": 0}, "agreeCount": 0, "likes": {"groups": [], "count": 0}, "id": "546d7f33498ecb0dc8d1e1dc", "text": "Lovely east Javanese food, the fried fish and fried chicken are simply delicious. Well recommended to try.", "disagreeCount": 0, "user": {"id": "12658742", "photo": {"prefix": "https://igx.4sqi.net/img/user/", "suffix": "/12658742-NZJWEGYIBR2XTAID.jpg"}, "firstName": "Torzin S", "gender": "male"}, "canonicalUrl": "https://foursquare.com/item/546d7f33498ecb0dc8d1e1dc", "type": "user", "photourl": "https://igx.4sqi.net/img/general/original/12658742_SDxFYXcClpYHcgptr8lVFOwePqO9trVEW9U-cCPiuwQ.jpg"}, {"logView": true, "lang": "en", "createdAt": 1330327725, "agreeCount": 0, "likes": {"groups": [], "count": 0}, "id": "4f4b30ade4b0eddb53f0ad53", "text": "Great food but lousy service.", "type": "user", "user": {"gender": "male", "id": "1779454", "photo": {"prefix": "https://igx.4sqi.net/img/user/", "suffix": "/BDUB41USCNBTGAFZ.jpg"}, "firstName": "Aidil", "lastName": "Omar"}, "canonicalUrl": "https://foursquare.com/item/4f4b30ade4b0eddb53f0ad53", "todo": {"count": 0}, "disagreeCount": 0}, {"logView": true, "lang": "en", "createdAt": 1292556851, "agreeCount": 0, "likes": {"groups": [], "count": 0}, "id": "4d0ada33b93b224b8ece48bf", "text": "Best Ayam Penyet in all of Singapore!", "type": "user", "user": {"gender": "male", "id": "4556462", "photo": {"prefix": "https://igx.4sqi.net/img/user/", "suffix": "/5EFHSZ4FX50LGIEL.jpg"}, "firstName": "Remington", "lastName": "Anand"}, "canonicalUrl": "https://foursquare.com/item/4d0ada33b93b224b8ece48bf", "todo": {"count": 0}, "disagreeCount": 0}, {"logView": true, "lang": "en", "createdAt": 1390193116, "agreeCount": 0, "likes": {"groups": [], "count": 0}, "id": "52dca9dc498e8db73753c971", "text": "Delicious Indonesian food", "type": "user", "user": {"gender": "male", "id": "18579945", "photo": {"prefix": "https://igx.4sqi.net/img/user/", "suffix": "/18579945-BGG34DENDQNRYE22.jpg"}, "firstName": "ariesto", "lastName": "hendrayana"}, "canonicalUrl": "https://foursquare.com/item/52dca9dc498e8db73753c971", "todo": {"count": 0}, "disagreeCount": 0}, {"logView": true, "lang": "en", "createdAt": 1334400645, "agreeCount": 0, "likes": {"groups": [], "count": 0}, "id": "4f895685e4b01f95a2c81fdf", "text": "The bombz!", "type": "user", "user": {"gender": "female", "id": "5265648", "photo": {"prefix": "https://igx.4sqi.net/img/user/", "suffix": "/5265648-34M2TN5IZOP1Z5LG"}, "firstName": "NurAiyn", "lastName": "Musa \u221e"}, "canonicalUrl": "https://foursquare.com/item/4f895685e4b01f95a2c81fdf", "todo": {"count": 0}, "disagreeCount": 0}, {"logView": true, "lang": "en", "createdAt": 1338415533, "agreeCount": 1, "likes": {"groups": [{"items": [{"gender": "female", "id": "27918116", "photo": {"prefix": "https://igx.4sqi.net/img/user/", "suffix": "/27918116-ENWHU44VQDO13CBR.jpg"}, "firstName": "Emma", "lastName": "Rega\u00f1on"}], "count": 1, "type": "others"}], "summary": "1 like", "count": 1}, "id": "4fc699ade4b0bb90d6b8e637", "text": "The best gado gado i've ever tried.", "type": "user", "user": {"gender": "female", "id": "27918116", "photo": {"prefix": "https://igx.4sqi.net/img/user/", "suffix": "/27918116-ENWHU44VQDO13CBR.jpg"}, "firstName": "Emma", "lastName": "Rega\u00f1on"}, "canonicalUrl": "https://foursquare.com/item/4fc699ade4b0bb90d6b8e637", "todo": {"count": 0}, "disagreeCount": 0}, {"logView": true, "lang": "en", "createdAt": 1361866063, "agreeCount": 0, "likes": {"groups": [], "count": 0}, "id": "512c6d4fe4b01e2fa079b778", "text": "It's delicious. but the price is so expensive! -__-", "type": "user", "user": {"gender": "male", "id": "1729827", "photo": {"prefix": "https://igx.4sqi.net/img/user/", "suffix": "/1729827-JNFL2JGEVFRDZ1MK.jpg"}, "firstName": "Nizar", "lastName": "Dio Fani"}, "canonicalUrl": "https://foursquare.com/item/512c6d4fe4b01e2fa079b778", "todo": {"count": 0}, "disagreeCount": 0}, {"logView": true, "lang": "en", "createdAt": 1325291607, "agreeCount": 1, "likes": {"groups": [{"items": [{"gender": "male", "id": "1999215", "photo": {"prefix": "https://igx.4sqi.net/img/user/", "suffix": "/LI140M5M1WGORZBA.jpg"}, "firstName": "Martin", "lastName": "P"}], "count": 1, "type": "others"}], "summary": "1 like", "count": 1}, "id": "4efe585729c201c6fbf917cf", "text": "Try ayam penyet & bakso penyet. The sambal is very strong!", "type": "user", "user": {"gender": "male", "id": "7420741", "photo": {"prefix": "https://igx.4sqi.net/img/user/", "suffix": "/QWSJB0E3TBDCCHM0.jpg"}, "firstName": "Pangeran", "lastName": "Situmorang"}, "canonicalUrl": "https://foursquare.com/item/4efe585729c201c6fbf917cf", "todo": {"count": 0}, "disagreeCount": 0}, {"logView": true, "lang": "id", "createdAt": 1293690315, "agreeCount": 1, "likes": {"groups": [{"items": [{"gender": "male", "id": "34825174", "photo": {"prefix": "https://igx.4sqi.net/img/user/", "suffix": "/ZR5U3MMOELG4IAVK.jpg"}, "firstName": "Victor", "lastName": "Gan"}], "count": 1, "type": "others"}], "summary": "1 like", "count": 1}, "id": "4d1c25cbc68aa1cda186a0e2", "text": "Nasi Ayam Penyet...", "type": "user", "user": {"gender": "male", "id": "5384330", "photo": {"prefix": "https://igx.4sqi.net/img/user/", "suffix": "/S4UZ21C2V34EOIRQ.jpg"}, "firstName": "Raaziff Khan", "lastName": "Muhammad"}, "canonicalUrl": "https://foursquare.com/item/4d1c25cbc68aa1cda186a0e2", "todo": {"count": 0}, "disagreeCount": 0}, {"logView": true, "lang": "en", "createdAt": 1290862802, "agreeCount": 0, "likes": {"groups": [{"items": [], "count": 5, "type": "others"}], "summary": "5 likes", "count": 5}, "id": "4cf100d2e94254813a8e67c5", "text": "Portion getting smaller but prices getting  higher....", "type": "user", "user": {"gender": "female", "id": "1224722", "photo": {"prefix": "https://igx.4sqi.net/img/user/", "suffix": "/1224722-NCJKWZLZHMXJNXCW.jpg"}, "firstName": "Sara", "lastName": "Jaz"}, "canonicalUrl": "https://foursquare.com/item/4cf100d2e94254813a8e67c5", "todo": {"count": 1}, "disagreeCount": 0}, {"authorInteractionType": "liked", "logView": true, "lang": "en", "createdAt": 1298628320, "agreeCount": 0, "likes": {"groups": [], "count": 0}, "id": "4d677ee0c406f04df7d3ee4c", "text": "The resto is full? Don't worry, go up to level 4. Same restaurant with bigger space", "type": "user", "user": {"id": "1873154", "photo": {"prefix": "https://igx.4sqi.net/img/user/", "suffix": "/SE1UX1DXWXCMI3DZ.jpg"}, "firstName": "Katana Masamune", "gender": "male"}, "canonicalUrl": "https://foursquare.com/item/4d677ee0c406f04df7d3ee4c", "todo": {"count": 0}, "disagreeCount": 0}, {"logView": true, "lang": "en", "createdAt": 1376487837, "agreeCount": 0, "likes": {"groups": [], "count": 0}, "id": "520b899d11d25c618560b86c", "text": "Recommend the soup rawon with beef. This unsuspecting black colored soup that is so fragrant in flavour with super soft tender beef chunks.  More more more!  #thomtorieats", "type": "user", "user": {"gender": "male", "id": "1339539", "photo": {"prefix": "https://igx.4sqi.net/img/user/", "suffix": "/1339539-AIRJPNFKHLZSMUDJ.jpg"}, "firstName": "Ian", "lastName": "Thomtori"}, "canonicalUrl": "https://foursquare.com/item/520b899d11d25c618560b86c", "todo": {"count": 0}, "disagreeCount": 0}, {"logView": true, "lang": "en", "createdAt": 1289906834, "agreeCount": 0, "likes": {"groups": [], "count": 0}, "id": "4ce26a927e2e236a6770951b", "text": "Soft shell crab here awesome with their chilling", "type": "user", "user": {"gender": "male", "id": "895454", "photo": {"prefix": "https://igx.4sqi.net/img/user/", "suffix": "/895454-ACXGWIVF5LYQ2NIW.jpg"}, "firstName": "Andy", "lastName": "Kan"}, "canonicalUrl": "https://foursquare.com/item/4ce26a927e2e236a6770951b", "todo": {"count": 0}, "disagreeCount": 0}, {"logView": true, "lang": "en", "createdAt": 1278509071, "agreeCount": 0, "likes": {"groups": [{"items": [], "count": 4, "type": "others"}], "summary": "4 likes", "count": 4}, "id": "4c34800fa0ced13ac736186e", "text": "The sambal's nasty! But it's worth every  penny. Four thumbs up!", "type": "user", "user": {"gender": "male", "id": "1599068", "photo": {"prefix": "https://igx.4sqi.net/img/user/", "suffix": "/XYSVVKCMK1LXYPZP.jpg"}, "firstName": "matt", "lastName": "b"}, "canonicalUrl": "https://foursquare.com/item/4c34800fa0ced13ac736186e", "todo": {"count": 0}, "disagreeCount": 0}, {"authorInteractionType": "meh", "logView": true, "lang": "en", "createdAt": 1433568390, "agreeCount": 0, "likes": {"groups": [], "count": 0}, "id": "55728486498ef44aa2e597f6", "text": "Smaller portion as compared 3 years ago Ayam Penyet Ria. Lesser kangkung belacan, smaller chicken and smaller bowl of sour soup. \ud83d\udc4e", "type": "user", "user": {"gender": "female", "id": "61564031", "photo": {"prefix": "https://igx.4sqi.net/img/user/", "suffix": "/61564031-ENFXK51C44KKVSXI.jpg"}, "firstName": "Lina", "lastName": "Yippy"}, "canonicalUrl": "https://foursquare.com/item/55728486498ef44aa2e597f6", "todo": {"count": 0}, "disagreeCount": 0}, {"logView": true, "lang": "en", "createdAt": 1370179472, "agreeCount": 0, "likes": {"groups": [], "count": 0}, "id": "51ab4790498edfe7e23d7184", "text": "It smells like sweaty feet.", "type": "user", "user": {"gender": "female", "id": "7691850", "photo": {"prefix": "https://igx.4sqi.net/img/user/", "suffix": "/UQDLU50PT1CTA2XG.jpg"}, "firstName": "Aishah", "lastName": "Ashburn"}, "canonicalUrl": "https://foursquare.com/item/51ab4790498edfe7e23d7184", "todo": {"count": 0}, "disagreeCount": 0}, {"logView": true, "lang": "en", "createdAt": 1295168448, "agreeCount": 0, "likes": {"groups": [], "count": 0}, "id": "4d32b3c08250f04df56df6e0", "text": "Your fingers will smell like belacan (dried prawns and is very bacin) which goes away probably only after a day if you were to use yr hands to eat. Otherwise, stick to the cutleries. Food is  gd tho.", "type": "user", "user": {"gender": "female", "id": "4425664", "photo": {"prefix": "https://igx.4sqi.net/img/user/", "suffix": "/XS5TPNEI1LD3TQFO.jpg"}, "firstName": "Pink", "lastName": "Martini"}, "canonicalUrl": "https://foursquare.com/item/4d32b3c08250f04df56df6e0", "todo": {"count": 0}, "disagreeCount": 0}, {"logView": true, "lang": "en", "createdAt": 1308660203, "agreeCount": 0, "likes": {"groups": [], "count": 0}, "id": "4e0091ebb0fbdf39a4547502", "text": "Don't come here if you are hungry cos you'd have to wait 3 times. For table, for payment, for food. Takes ages. But food is good! Love the gado gado & Ayam penyet", "type": "user", "user": {"gender": "male", "id": "120611", "photo": {"prefix": "https://igx.4sqi.net/img/user/", "suffix": "/120611_1259021479447.jpg"}, "firstName": "John", "lastName": "Tan"}, "canonicalUrl": "https://foursquare.com/item/4e0091ebb0fbdf39a4547502", "todo": {"count": 0}, "disagreeCount": 0}, {"logView": true, "lang": "id", "createdAt": 1364123859, "agreeCount": 0, "likes": {"groups": [], "count": 0}, "id": "514ee0d3e4b0f2f194471276", "text": "Empal penyetnya enakk. Sambel terasinya mantaapp ^^", "type": "user", "user": {"id": "11411167", "photo": {"prefix": "https://igx.4sqi.net/img/user/", "suffix": "/11411167-1VSZEZ5RNBLUQNNA.jpg"}, "firstName": "Tyas", "gender": "female"}, "canonicalUrl": "https://foursquare.com/item/514ee0d3e4b0f2f194471276", "todo": {"count": 0}, "disagreeCount": 0}, {"logView": true, "lang": "en", "createdAt": 1296952460, "agreeCount": 0, "likes": {"groups": [{"items": [], "count": 4, "type": "others"}], "summary": "4 likes", "count": 4}, "id": "4d4dec8c87362c0fc2d8d582", "text": "Da sambal's nice but can be a lil tad too spicy & kills d overall penyet taste...", "type": "user", "user": {"gender": "female", "id": "5152273", "photo": {"prefix": "https://igx.4sqi.net/img/user/", "suffix": "/VCZWCU4ZNNDDVXFJ.jpg"}, "firstName": "Anna", "lastName": "Mohd"}, "canonicalUrl": "https://foursquare.com/item/4d4dec8c87362c0fc2d8d582", "todo": {"count": 1}, "disagreeCount": 0}, {"logView": true, "lang": "en", "createdAt": 1293690698, "agreeCount": 0, "likes": {"groups": [], "count": 0}, "id": "4d1c274addc854813020c660", "text": "Operating Hours : 11am -9pm", "type": "user", "user": {"gender": "male", "id": "5384330", "photo": {"prefix": "https://igx.4sqi.net/img/user/", "suffix": "/S4UZ21C2V34EOIRQ.jpg"}, "firstName": "Raaziff Khan", "lastName": "Muhammad"}, "canonicalUrl": "https://foursquare.com/item/4d1c274addc854813020c660", "todo": {"count": 0}, "disagreeCount": 0}, {"logView": true, "lang": "en", "createdAt": 1333385218, "agreeCount": 0, "likes": {"groups": [], "count": 0}, "id": "4f79d802e4b06bb780927dfe", "text": "Gado-Gadonya mantap!", "type": "user", "user": {"gender": "female", "id": "5514918", "photo": {"prefix": "https://igx.4sqi.net/img/user/", "suffix": "/ECULJXHSBPDQTQXR.jpg"}, "firstName": "Delyshya", "lastName": "Serafina"}, "canonicalUrl": "https://foursquare.com/item/4f79d802e4b06bb780927dfe", "todo": {"count": 0}, "disagreeCount": 0}, {"logView": true, "lang": "en", "createdAt": 1337080695, "agreeCount": 0, "likes": {"groups": [], "count": 0}, "id": "4fb23b77e4b0c76a7aaa70a9", "text": "Best Ayam Penyet in town! Try it out!", "type": "user", "user": {"gender": "female", "id": "27299737", "photo": {"prefix": "https://igx.4sqi.net/img/user/", "suffix": "/Y0VIRB1E44AFUJJQ.jpg"}, "firstName": "Rosemarie", "lastName": "Casuyon"}, "canonicalUrl": "https://foursquare.com/item/4fb23b77e4b0c76a7aaa70a9", "todo": {"count": 0}, "disagreeCount": 0}, {"logView": true, "lang": "en", "createdAt": 1295189996, "agreeCount": 0, "likes": {"groups": [], "count": 0}, "id": "4d3307ec9c2d5941752037d8", "text": "The ayam penyet is awesome. But today the prawn crackers are disappointing.", "type": "user", "user": {"gender": "female", "id": "5772093", "photo": {"prefix": "https://igx.4sqi.net/img/user/", "suffix": "/QNU2EM45NTF0DHEV.jpg"}, "firstName": "Gladys", "lastName": "Wu"}, "canonicalUrl": "https://foursquare.com/item/4d3307ec9c2d5941752037d8", "todo": {"count": 0}, "disagreeCount": 0}, {"logView": true, "lang": "en", "createdAt": 1303137245, "agreeCount": 0, "likes": {"groups": [{"items": [], "count": 2, "type": "others"}], "summary": "2 likes", "count": 2}, "id": "4dac4bdd5da3ba8a47b2e319", "text": "Maknyussss", "type": "user", "user": {"gender": "male", "id": "5525391", "photo": {"prefix": "https://igx.4sqi.net/img/user/", "suffix": "/WK1D0XJIO5QBIVY2.jpg"}, "firstName": "Kelvin", "lastName": "Hartho"}, "canonicalUrl": "https://foursquare.com/item/4dac4bdd5da3ba8a47b2e319", "todo": {"count": 0}, "disagreeCount": 0}, {"logView": true, "lang": "en", "createdAt": 1274015204, "agreeCount": 0, "likes": {"groups": [{"items": [], "count": 1, "type": "others"}], "summary": "1 like", "count": 1}, "id": "4befede470c603bb85b89bb4", "text": "yeah. get the ayam penyet! om nom nom", "type": "user", "user": {"id": "1130999", "photo": {"prefix": "https://igx.4sqi.net/img/user/", "suffix": "/EOLLA3MJRFK4GTIS.jpg"}, "firstName": "Novitria Fajar Ilmayani", "gender": "female"}, "canonicalUrl": "https://foursquare.com/item/4befede470c603bb85b89bb4", "todo": {"count": 0}, "disagreeCount": 0}, {"logView": true, "lang": "id", "createdAt": 1276780097, "agreeCount": 0, "likes": {"groups": [], "count": 0}, "id": "4c1a1e41838020a19aade661", "text": "Rawonnya kok ga ada toge dan sambelnya ya?", "type": "user", "user": {"gender": "male", "id": "1393821", "photo": {"prefix": "https://igx.4sqi.net/img/user/", "suffix": "/PDT2QQ1YPE54L3VM.jpg"}, "firstName": "Gede B.", "lastName": "Mahartapa"}, "canonicalUrl": "https://foursquare.com/item/4c1a1e41838020a19aade661", "todo": {"count": 0}, "disagreeCount": 0}, {"logView": true, "lang": "en", "createdAt": 1265175263, "agreeCount": 0, "likes": {"groups": [], "count": 0}, "id": "4b690adf70c603bbf06591b4", "text": "Nah, over-rated and quite ex. Won't eat here again.", "type": "user", "user": {"gender": "female", "id": "219293", "photo": {"prefix": "https://igx.4sqi.net/img/user/", "suffix": "/WBY210OLCLI21XA5.jpg"}, "firstName": "Pista", "lastName": "Chio"}, "canonicalUrl": "https://foursquare.com/item/4b690adf70c603bbf06591b4", "todo": {"count": 0}, "disagreeCount": 0}, {"authorInteractionType": "liked", "logView": true, "lang": "en", "photo": {"id": "559b8649498e4ebb10480f69", "visibility": "public", "source": {"name": "Foursquare for iOS", "url": "https://foursquare.com/download/#/iphone"}, "suffix": "/28596939_QpTh0nQ973yZE7pMcmVgCVzx769Y8nsP6_l7Qc7p4jw.jpg", "createdAt": 1436255817, "prefix": "https://igx.4sqi.net/img/general/", "width": 1440, "height": 1440}, "createdAt": 1436255811, "todo": {"count": 0}, "agreeCount": 0, "likes": {"groups": [], "count": 0}, "id": "559b8643498e1aa18f5e6689", "text": "one of the best smash chickens", "disagreeCount": 0, "user": {"gender": "male", "id": "28596939", "photo": {"prefix": "https://igx.4sqi.net/img/user/", "suffix": "/GGSLMID0MKUYLKVF.jpg"}, "firstName": "Rupert", "lastName": "Consunji"}, "canonicalUrl": "https://foursquare.com/item/559b8643498e1aa18f5e6689", "type": "user", "photourl": "https://igx.4sqi.net/img/general/original/28596939_QpTh0nQ973yZE7pMcmVgCVzx769Y8nsP6_l7Qc7p4jw.jpg"}, {"authorInteractionType": "meh", "logView": true, "lang": "en", "createdAt": 1435575684, "agreeCount": 0, "likes": {"groups": [], "count": 0}, "id": "55912584498e1b94346b5214", "text": "Price is getting higher and higher. Portion getting less and less.", "type": "user", "user": {"gender": "female", "id": "11089830", "photo": {"prefix": "https://igx.4sqi.net/img/user/", "suffix": "/CR2XAL3GLYMDQOW3.jpg"}, "firstName": "Geraldine", "lastName": "Ang"}, "canonicalUrl": "https://foursquare.com/item/55912584498e1b94346b5214", "todo": {"count": 0}, "disagreeCount": 0}, {"authorInteractionType": "meh", "logView": true, "lang": "en", "createdAt": 1415680907, "agreeCount": 0, "likes": {"groups": [], "count": 0}, "id": "5461938b498e56f9a7601004", "text": "Food menu no price.. It's that legal in Singapore???", "type": "user", "user": {"gender": "female", "id": "9537549", "photo": {"prefix": "https://igx.4sqi.net/img/user/", "suffix": "/VNIGSTFEAPS5CB0L.jpg"}, "firstName": "Kairunnisa", "lastName": "Abdullah"}, "canonicalUrl": "https://foursquare.com/item/5461938b498e56f9a7601004", "todo": {"count": 0}, "disagreeCount": 0}, {"logView": true, "lang": "en", "createdAt": 1298879128, "agreeCount": 1, "likes": {"groups": [{"items": [{"id": "2309424", "photo": {"prefix": "https://igx.4sqi.net/img/user/", "suffix": "/K1S1GFKEGPB52L0V.jpg"}, "firstName": "Johan Tan", "gender": "male"}], "count": 1, "type": "others"}], "summary": "1 like", "count": 1}, "id": "4d6b5298dc858cfa2d937073", "text": "Hmm.. Hot & Yummy ^~^v", "type": "user", "user": {"id": "2309424", "photo": {"prefix": "https://igx.4sqi.net/img/user/", "suffix": "/K1S1GFKEGPB52L0V.jpg"}, "firstName": "Johan Tan", "gender": "male"}, "canonicalUrl": "https://foursquare.com/item/4d6b5298dc858cfa2d937073", "todo": {"count": 1}, "disagreeCount": 0}, {"logView": true, "lang": "id", "createdAt": 1385810375, "agreeCount": 0, "likes": {"groups": [], "count": 0}, "id": "5299c9c7498e0ada6b7ba9d7", "text": "Lalapan jumah 15k be maan nasi hahaha ga jauh beda rasanya", "type": "user", "user": {"gender": "male", "id": "1026756", "photo": {"prefix": "https://igx.4sqi.net/img/user/", "suffix": "/1026756-VG0YY5WQM4YMLSRX.jpg"}, "firstName": "putra", "lastName": "wijaya"}, "canonicalUrl": "https://foursquare.com/item/5299c9c7498e0ada6b7ba9d7", "todo": {"count": 0}, "disagreeCount": 0}, {"logView": true, "lang": "en", "createdAt": 1289025252, "agreeCount": 1, "likes": {"groups": [{"items": [], "count": 14, "type": "others"}], "summary": "14 likes", "count": 14}, "id": "4cd4f6e4a5b3468844548b50", "text": "Ayam penyet & the chilli is awesome!! Abit pricey but worth the money. Gado gado also is a must try! :))", "type": "user", "user": {"id": "1996067", "photo": {"prefix": "https://igx.4sqi.net/img/user/", "suffix": "/G3FQLLZSP03HQS15.jpg"}, "firstName": "Nana Goldies", "gender": "female"}, "canonicalUrl": "https://foursquare.com/item/4cd4f6e4a5b3468844548b50", "todo": {"count": 3}, "disagreeCount": 0}, {"logView": true, "lang": "en", "createdAt": 1290336746, "agreeCount": 0, "likes": {"groups": [{"items": [], "count": 3, "type": "others"}], "summary": "3 likes", "count": 3}, "id": "4ce8f9ea595cb1f7fe2bcc14", "text": "The avocado here is great but hard to get to drink", "type": "user", "user": {"gender": "female", "id": "4066908", "photo": {"prefix": "https://igx.4sqi.net/img/user/", "suffix": "/4066908-O0SJ5N1C2IX3SSXA.jpg"}, "firstName": "Weiyi", "lastName": "Choo"}, "canonicalUrl": "https://foursquare.com/item/4ce8f9ea595cb1f7fe2bcc14", "todo": {"count": 0}, "disagreeCount": 0}, {"logView": true, "lang": "sw", "createdAt": 1286703120, "agreeCount": 0, "likes": {"groups": [{"items": [], "count": 1, "type": "others"}], "summary": "1 like", "count": 1}, "id": "4cb18810db32f04d9c19c94d", "text": "Sedap bole gila kena chilli nya", "type": "user", "user": {"gender": "male", "id": "3327629", "photo": {"prefix": "https://igx.4sqi.net/img/user/", "suffix": "/4HEL2R3OHTTQUIQ3.jpg"}, "firstName": "Kebayan", "lastName": "Ibayanez"}, "canonicalUrl": "https://foursquare.com/item/4cb18810db32f04d9c19c94d", "todo": {"count": 0}, "disagreeCount": 0}, {"logView": true, "lang": "en", "createdAt": 1284094496, "agreeCount": 0, "likes": {"groups": [{"items": [], "count": 1, "type": "others"}], "summary": "1 like", "count": 1}, "id": "4c89ba20e51e6dcbff1463de", "text": "the closest thing to home in singapore hehehe", "type": "user", "user": {"gender": "female", "id": "1741473", "photo": {"prefix": "https://igx.4sqi.net/img/user/", "suffix": "/1WAVKQ0W0B4C52DH.png"}, "firstName": "Shirly", "lastName": "Hardjono"}, "canonicalUrl": "https://foursquare.com/item/4c89ba20e51e6dcbff1463de", "todo": {"count": 0}, "disagreeCount": 0}, {"logView": true, "lang": "id", "createdAt": 1368290988, "agreeCount": 0, "likes": {"groups": [], "count": 0}, "id": "518e76ac498ebbed1c8817b0", "text": "Lebih enak dr asliny d Indonesia", "type": "user", "user": {"gender": "male", "id": "1156341", "photo": {"prefix": "https://igx.4sqi.net/img/user/", "suffix": "/1156341-V0HBLP0TD2LXVBXT.jpg"}, "firstName": "Gandunk", "lastName": "Pratidhina"}, "canonicalUrl": "https://foursquare.com/item/518e76ac498ebbed1c8817b0", "todo": {"count": 0}, "disagreeCount": 0}, {"logView": true, "lang": "en", "createdAt": 1293711031, "todo": {"count": 0}, "agreeCount": 0, "likes": {"groups": [], "count": 0}, "id": "4d1c76b7c68aa1cd5dc2a2e2", "text": "www.ayampenyetria.com.sg", "entities": [{"indices": [0, 24], "type": "url", "object": {"url": "http://www.ayampenyetria.com.sg"}}], "disagreeCount": 0, "user": {"gender": "male", "id": "5384330", "photo": {"prefix": "https://igx.4sqi.net/img/user/", "suffix": "/S4UZ21C2V34EOIRQ.jpg"}, "firstName": "Raaziff Khan", "lastName": "Muhammad"}, "canonicalUrl": "https://foursquare.com/item/4d1c76b7c68aa1cd5dc2a2e2", "type": "user"}, {"logView": true, "lang": "en", "createdAt": 1338033802, "agreeCount": 0, "likes": {"groups": [], "count": 0}, "id": "4fc0c68ae4b0d51624cdc0e1", "text": "Spicy Ayam Penyet! Loves~ (:", "type": "user", "user": {"gender": "female", "id": "1283876", "photo": {"prefix": "https://igx.4sqi.net/img/user/", "suffix": "/4E4BE4KKFD3P5W22.jpg"}, "firstName": "Lynette", "lastName": "Wong"}, "canonicalUrl": "https://foursquare.com/item/4fc0c68ae4b0d51624cdc0e1", "todo": {"count": 0}, "disagreeCount": 0}, {"logView": true, "lang": "en", "createdAt": 1383107310, "agreeCount": 0, "likes": {"groups": [], "count": 0}, "id": "52708aee11d2a1786479e1c6", "text": "They only accept cash.", "type": "user", "user": {"gender": "female", "id": "10121536", "photo": {"prefix": "https://igx.4sqi.net/img/user/", "default": true, "suffix": "/blank_girl.png"}, "firstName": "Maybelline", "lastName": "Teo"}, "canonicalUrl": "https://foursquare.com/item/52708aee11d2a1786479e1c6", "todo": {"count": 0}, "disagreeCount": 0}, {"logView": true, "lang": "en", "createdAt": 1296356892, "agreeCount": 0, "likes": {"groups": [], "count": 0}, "id": "4d44d61c1b62b1f79d71f7e2", "text": "The Kepiting (Soft Shell Crab) Penyet is a must try, plus Jus Alpukat! ^_^ Bon Appetit.", "type": "user", "user": {"id": "3594634", "photo": {"prefix": "https://igx.4sqi.net/img/user/", "suffix": "/3594634-QZNOUAKZ4L2E5M51.jpg"}, "firstName": "Erwin", "gender": "male"}, "canonicalUrl": "https://foursquare.com/item/4d44d61c1b62b1f79d71f7e2", "todo": {"count": 1}, "disagreeCount": 0}, {"logView": true, "lang": "en", "createdAt": 1293690361, "agreeCount": 0, "likes": {"groups": [{"items": [], "count": 1, "type": "others"}], "summary": "1 like", "count": 1}, "id": "4d1c25f98860a093b52ab934", "text": "Nasi Empal Penyet aKa Beef Penyet..", "type": "user", "user": {"gender": "male", "id": "5384330", "photo": {"prefix": "https://igx.4sqi.net/img/user/", "suffix": "/S4UZ21C2V34EOIRQ.jpg"}, "firstName": "Raaziff Khan", "lastName": "Muhammad"}, "canonicalUrl": "https://foursquare.com/item/4d1c25f98860a093b52ab934", "todo": {"count": 0}, "disagreeCount": 0}, {"logView": true, "lang": "en", "createdAt": 1308658202, "agreeCount": 0, "likes": {"groups": [], "count": 0}, "id": "4e008a1a62843b639cf88c20", "text": "Lava Boy and Lava Girl", "type": "user", "user": {"gender": "male", "id": "6219790", "photo": {"prefix": "https://igx.4sqi.net/img/user/", "suffix": "/NH53PE2UGLC0QYW2.jpg"}, "firstName": "Yh", "lastName": "Lee"}, "canonicalUrl": "https://foursquare.com/item/4e008a1a62843b639cf88c20", "todo": {"count": 0}, "disagreeCount": 0}, {"logView": true, "lang": "en", "createdAt": 1301202218, "agreeCount": 0, "likes": {"groups": [{"items": [], "count": 1, "type": "others"}], "summary": "1 like", "count": 1}, "id": "4d8ec52a1d06b1f74d7e513b", "text": "Try the SMASHED SOFT SHELL CRAB!!!!!!", "type": "user", "user": {"gender": "male", "id": "4419001", "photo": {"prefix": "https://igx.4sqi.net/img/user/", "suffix": "/CUUFU0CVKF4Z4X3N.jpg"}, "firstName": "Ariel's", "lastName": "Daddy"}, "canonicalUrl": "https://foursquare.com/item/4d8ec52a1d06b1f74d7e513b", "todo": {"count": 0}, "disagreeCount": 0}, {"logView": true, "lang": "en", "createdAt": 1274189761, "agreeCount": 0, "likes": {"groups": [], "count": 0}, "id": "4bf297c170c603bb5cf99bb4", "text": "they don't serve up the kecap manis anymore, but be sure to ask for it! this sweet and thick sauce is a perfect match with the fried chicken.", "type": "user", "user": {"gender": "female", "id": "801322", "photo": {"prefix": "https://igx.4sqi.net/img/user/", "suffix": "/N2HG2WSE3F3XHDNO.jpg"}, "firstName": "eileen", "lastName": "lee"}, "canonicalUrl": "https://foursquare.com/item/4bf297c170c603bb5cf99bb4", "todo": {"count": 1}, "disagreeCount": 0}, {"logView": true, "lang": "id", "createdAt": 1280405621, "agreeCount": 0, "likes": {"groups": [{"items": [], "count": 1, "type": "others"}], "summary": "1 like", "count": 1}, "id": "4c5170759426c92876bfc073", "text": "Tahu telurnya cuy,enak mampus!!!", "type": "user", "user": {"gender": "male", "id": "701517", "photo": {"prefix": "https://igx.4sqi.net/img/user/", "suffix": "/3PDKEV4QL44A1JYH.jpg"}, "firstName": "Pratomo", "lastName": "Ardianto"}, "canonicalUrl": "https://foursquare.com/item/4c5170759426c92876bfc073", "todo": {"count": 1}, "disagreeCount": 0}, {"logView": true, "lang": "en", "createdAt": 1286458480, "agreeCount": 0, "likes": {"groups": [{"items": [], "count": 8, "type": "others"}], "summary": "8 likes", "count": 8}, "id": "4cadcc7055238cfaf7a2b4fb", "text": "The smashed beef is awesome!", "type": "user", "user": {"id": "2924802", "photo": {"prefix": "https://igx.4sqi.net/img/user/", "suffix": "/W4K3EGFTG50RTEPH.jpg"}, "firstName": "Mezame", "gender": "male"}, "canonicalUrl": "https://foursquare.com/item/4cadcc7055238cfaf7a2b4fb", "todo": {"count": 0}, "disagreeCount": 0}, {"logView": true, "lang": "id", "createdAt": 1332571371, "agreeCount": 0, "likes": {"groups": [], "count": 0}, "id": "4f6d6cebe4b0738fb2325081", "text": "Cari teh botol minum dsini\uf603", "type": "user", "user": {"gender": "male", "id": "3115245", "photo": {"prefix": "https://igx.4sqi.net/img/user/", "suffix": "/MZEA1JA32DTM2PEQ.jpg"}, "firstName": "Julio", "lastName": "Victorie"}, "canonicalUrl": "https://foursquare.com/item/4f6d6cebe4b0738fb2325081", "todo": {"count": 0}, "disagreeCount": 0}, {"authorInteractionType": "liked", "logView": true, "lang": "en", "createdAt": 1451524228, "agreeCount": 0, "likes": {"groups": [], "count": 0}, "id": "56848084498e53ea8ac6c6fb", "text": "sneak in an extra bottle of water", "type": "user", "user": {"gender": "male", "id": "1357205", "photo": {"prefix": "https://igx.4sqi.net/img/user/", "suffix": "/1357205-AMMH5JFDH11DLBDL.jpg"}, "firstName": "M", "lastName": "Yussuf"}, "canonicalUrl": "https://foursquare.com/item/56848084498e53ea8ac6c6fb", "todo": {"count": 0}, "disagreeCount": 0}, {"logView": true, "lang": "en", "createdAt": 1416228181, "agreeCount": 0, "likes": {"groups": [], "count": 0}, "id": "5469ed55498e16ada3cf85b1", "text": "Awesome chicken. Try the black sauce and chillis", "type": "user", "user": {"gender": "male", "id": "100550595", "photo": {"prefix": "https://igx.4sqi.net/img/user/", "suffix": "/100550595-GSDFT55CWOESQVKK.jpg"}, "firstName": "Vu Long", "lastName": "Tran"}, "canonicalUrl": "https://foursquare.com/item/5469ed55498e16ada3cf85b1", "todo": {"count": 0}, "disagreeCount": 0}, {"logView": true, "lang": "en", "createdAt": 1313841179, "agreeCount": 0, "likes": {"groups": [], "count": 0}, "id": "4e4fa01b8877402b06c5a6fe", "text": "Has the worst mtf service ever! Don't eat here.", "type": "user", "user": {"id": "7992265", "photo": {"prefix": "https://igx.4sqi.net/img/user/", "suffix": "/K1RSED3NWB5EP4TM.jpg"}, "firstName": "Nurul Khalifah", "gender": "female"}, "canonicalUrl": "https://foursquare.com/item/4e4fa01b8877402b06c5a6fe", "todo": {"count": 0}, "disagreeCount": 0}, {"logView": true, "lang": "en", "createdAt": 1349963461, "agreeCount": 0, "likes": {"groups": [], "count": 0}, "id": "5076cec5e4b0ccc5b2e7c956", "text": "Best ayam penyet in town :)", "type": "user", "user": {"gender": "female", "id": "32131210", "photo": {"prefix": "https://igx.4sqi.net/img/user/", "suffix": "/32131210-AQ4UC2HR5YZ50A3U.jpg"}, "firstName": "Shwe Yee", "lastName": "Win"}, "canonicalUrl": "https://foursquare.com/item/5076cec5e4b0ccc5b2e7c956", "todo": {"count": 0}, "disagreeCount": 0}, {"logView": true, "lang": "en", "createdAt": 1332590343, "agreeCount": 0, "likes": {"groups": [{"items": [], "count": 1, "type": "others"}], "summary": "1 like", "count": 1}, "id": "4f6db707e4b032eb63423bd8", "text": "Kangen gado2!!", "type": "user", "user": {"gender": "female", "id": "5821192", "photo": {"prefix": "https://igx.4sqi.net/img/user/", "suffix": "/TK0H4QFEKVJY3QGJ.jpg"}, "firstName": "Anggia", "lastName": "Maryorie"}, "canonicalUrl": "https://foursquare.com/item/4f6db707e4b032eb63423bd8", "todo": {"count": 0}, "disagreeCount": 0}, {"authorInteractionType": "liked", "logView": true, "lang": "en", "createdAt": 1345964545, "agreeCount": 0, "likes": {"groups": [], "count": 0}, "id": "5039ca01e4b05a7a718cbc60", "text": "Best avocado juice I've ever tasted in my life!", "type": "user", "user": {"gender": "female", "id": "1420047", "photo": {"prefix": "https://igx.4sqi.net/img/user/", "suffix": "/QBZYBE1M0I1FV0D5.jpg"}, "firstName": "Dina", "lastName": "Lestari"}, "canonicalUrl": "https://foursquare.com/item/5039ca01e4b05a7a718cbc60", "todo": {"count": 0}, "disagreeCount": 0}, {"logView": true, "lang": "id", "createdAt": 1281873909, "agreeCount": 0, "likes": {"groups": [{"items": [], "count": 2, "type": "others"}], "summary": "2 likes", "count": 2}, "id": "4c67d7f5b80abe9a11d4d0e5", "text": "Ayam penyet", "type": "user", "user": {"gender": "male", "id": "2694012", "photo": {"prefix": "https://igx.4sqi.net/img/user/", "suffix": "/MC4BYCQ2KNT5VHAY.jpg"}, "firstName": "Fandy", "lastName": "Wijaya"}, "canonicalUrl": "https://foursquare.com/item/4c67d7f5b80abe9a11d4d0e5", "todo": {"count": 0}, "disagreeCount": 0}, {"logView": true, "lang": "en", "createdAt": 1264250283, "agreeCount": 0, "likes": {"groups": [], "count": 0}, "id": "4b5aedab70c603bbacab90b4", "text": "Last order is at 8.45pm. :)", "type": "user", "user": {"gender": "male", "id": "279553", "photo": {"prefix": "https://igx.4sqi.net/img/user/", "suffix": "/Q3QYUYETBNNTRT5B.jpg"}, "firstName": "Alfred", "lastName": "Lee"}, "canonicalUrl": "https://foursquare.com/item/4b5aedab70c603bbacab90b4", "todo": {"count": 0}, "disagreeCount": 0}, {"logView": true, "lang": "en", "createdAt": 1293711063, "todo": {"count": 0}, "agreeCount": 0, "likes": {"groups": [{"items": [], "count": 2, "type": "others"}], "summary": "2 likes", "count": 2}, "id": "4d1c76d76cf9721ea4e82567", "text": "www.ayampenyetria.com", "entities": [{"indices": [0, 21], "type": "url", "object": {"url": "http://www.ayampenyetria.com"}}], "disagreeCount": 0, "user": {"gender": "male", "id": "5384330", "photo": {"prefix": "https://igx.4sqi.net/img/user/", "suffix": "/S4UZ21C2V34EOIRQ.jpg"}, "firstName": "Raaziff Khan", "lastName": "Muhammad"}, "canonicalUrl": "https://foursquare.com/item/4d1c76d76cf9721ea4e82567", "type": "user"}, {"logView": true, "lang": "en", "photo": {"id": "55c2387b498e270966259d59", "visibility": "public", "source": {"name": "Foursquare for iOS", "url": "https://foursquare.com/download/#/iphone"}, "suffix": "/76227035_ywci_VZFCQo0GRulk2mHYxwsPD4F4o_eD5TU1GWjbvo.jpg", "createdAt": 1438791803, "prefix": "https://igx.4sqi.net/img/general/", "width": 1920, "height": 1434}, "createdAt": 1438791793, "todo": {"count": 0}, "agreeCount": 0, "likes": {"groups": [], "count": 0}, "id": "55c23871498edd1b9108374d", "text": "Bought two take away dory (no bones) and totally disappointing upon reaching home and found that they gave a burnt dory. So in future if anyone buying take away, please get the staff to open and check", "disagreeCount": 0, "user": {"gender": "male", "id": "76227035", "photo": {"prefix": "https://igx.4sqi.net/img/user/", "suffix": "/76227035-X1QFCFGKQFI0QTYZ.jpg"}, "firstName": "Danuwari", "lastName": "Shamasudin"}, "canonicalUrl": "https://foursquare.com/item/55c23871498edd1b9108374d", "type": "user", "photourl": "https://igx.4sqi.net/img/general/original/76227035_ywci_VZFCQo0GRulk2mHYxwsPD4F4o_eD5TU1GWjbvo.jpg"}, {"logView": true, "lang": "en", "createdAt": 1325754143, "agreeCount": 0, "likes": {"groups": [], "count": 0}, "id": "4f05671fb8f7dcbb3fcdc94a", "text": "Super Best !! I like their belacan and Ayam Penyet :)", "type": "user", "user": {"gender": "female", "id": "19264333", "photo": {"prefix": "https://igx.4sqi.net/img/user/", "suffix": "/KWXMPCLBVGIA25ZA.jpg"}, "firstName": "KelLy", "lastName": "Lai"}, "canonicalUrl": "https://foursquare.com/item/4f05671fb8f7dcbb3fcdc94a", "todo": {"count": 0}, "disagreeCount": 0}, {"logView": true, "lang": "id", "createdAt": 1294813032, "agreeCount": 0, "likes": {"groups": [], "count": 0}, "id": "4d2d4768853ff04d80acc7da", "text": "\\:D/ \u264f\u00aa\u00aa\u00aa\u00aa\u00f1\u2020\u00aa\u00aa\u00aa\u00aa\u00aap\\:D/ enak bgt... Sambel nya pedessssssssss", "type": "user", "user": {"id": "1292854", "photo": {"prefix": "https://igx.4sqi.net/img/user/", "suffix": "/1292854-EGZMGMI2ZZHDRUJK.jpg"}, "firstName": "DeeJayVENUS", "gender": "female"}, "canonicalUrl": "https://foursquare.com/item/4d2d4768853ff04d80acc7da", "todo": {"count": 0}, "disagreeCount": 0}, {"logView": true, "lang": "en", "createdAt": 1317399529, "todo": {"count": 0}, "agreeCount": 1, "likes": {"groups": [], "count": 0}, "lastVoteText": "Upvoted Apr 5", "id": "4e85ebe9b634ae3cdbc2d6f7", "text": "Mix the sambal and the black ABC sauce together to prevent extreme spiciness. It taste great too! Portion is very less anyway.", "disagreeCount": 0, "lastUpvoteTimestamp": 1491371266, "user": {"gender": "male", "id": "3317105", "photo": {"prefix": "https://igx.4sqi.net/img/user/", "suffix": "/DQOLDLEM2QZNDAAK.jpg"}, "firstName": "Ameerulddin", "lastName": "Joha"}, "canonicalUrl": "https://foursquare.com/item/4e85ebe9b634ae3cdbc2d6f7", "type": "user"}, {"logView": true, "lang": "en", "createdAt": 1282867677, "agreeCount": 0, "likes": {"groups": [{"items": [], "count": 4, "type": "others"}], "summary": "4 likes", "count": 4}, "id": "4c7701dd5cd6b1f7c1d93d94", "text": "The sambal is so nasty. .the fried chicken is much more smaller compared to ojolali. .everything there is like half smaller,even the drinks. .", "type": "user", "user": {"id": "2509168", "photo": {"prefix": "https://igx.4sqi.net/img/user/", "suffix": "/3YQZDPLOHB1ORTFM.jpg"}, "firstName": "Kyungjin", "gender": "female"}, "canonicalUrl": "https://foursquare.com/item/4c7701dd5cd6b1f7c1d93d94", "todo": {"count": 0}, "disagreeCount": 0}, {"logView": true, "lang": "en", "createdAt": 1289911356, "agreeCount": 0, "likes": {"groups": [{"items": [], "count": 2, "type": "others"}], "summary": "2 likes", "count": 2}, "id": "4ce27c3cffcf37040bcf2b82", "text": "Surabaya beef n everything smashed", "type": "user", "user": {"gender": "male", "id": "3570264", "photo": {"prefix": "https://igx.4sqi.net/img/user/", "suffix": "/LVQKO1NC0VCM3Y41.jpg"}, "firstName": "James", "lastName": "Li Zhiwei"}, "canonicalUrl": "https://foursquare.com/item/4ce27c3cffcf37040bcf2b82", "todo": {"count": 0}, "disagreeCount": 0}, {"logView": true, "lang": "en", "createdAt": 1438236991, "agreeCount": 3, "likes": {"groups": [{"items": [{"gender": "female", "id": "100026086", "photo": {"prefix": "https://igx.4sqi.net/img/user/", "default": true, "suffix": "/blank_girl.png"}, "firstName": "sabrina", "lastName": "wong"}, {"gender": "male", "id": "100017989", "photo": {"prefix": "https://igx.4sqi.net/img/user/", "default": true, "suffix": "/blank_boy.png"}, "firstName": "soenar", "lastName": "hardjadi"}, {"gender": "female", "id": "25857046", "photo": {"prefix": "https://igx.4sqi.net/img/user/", "suffix": "/25857046-THBSCOMXCC0R3Z0P.jpg"}, "firstName": "Rinawati", "lastName": "Hardjanti"}], "count": 3, "type": "others"}], "summary": "3 likes", "count": 3}, "id": "55b9c13f498e3484ac26e3ef", "text": "Dining with friends before shopping and sightseeing", "type": "user", "user": {"gender": "female", "id": "25857046", "photo": {"prefix": "https://igx.4sqi.net/img/user/", "suffix": "/25857046-THBSCOMXCC0R3Z0P.jpg"}, "firstName": "Rinawati", "lastName": "Hardjanti"}, "canonicalUrl": "https://foursquare.com/item/55b9c13f498e3484ac26e3ef", "todo": {"count": 0}, "disagreeCount": 0}, {"logView": true, "lang": "en", "createdAt": 1301747055, "agreeCount": 0, "likes": {"groups": [], "count": 0}, "id": "4d97156f744f37043fadca57", "text": "The sambal here is damn spicy & mouth-watering!!!! Shiok!!!!", "type": "user", "user": {"gender": "male", "id": "5361966", "photo": {"prefix": "https://igx.4sqi.net/img/user/", "suffix": "/GYLMEKJUSIEDVOTJ.jpg"}, "firstName": "Mukthi", "lastName": "Agarathi"}, "canonicalUrl": "https://foursquare.com/item/4d97156f744f37043fadca57", "todo": {"count": 0}, "disagreeCount": 0}, {"logView": true, "lang": "en", "createdAt": 1293801502, "agreeCount": 0, "likes": {"groups": [{"items": [], "count": 1, "type": "others"}], "summary": "1 like", "count": 1}, "id": "4d1dd81e0901721e16037ca5", "text": "The best ayam penyet in Singapore! You must try it!", "type": "user", "user": {"gender": "male", "id": "1982753", "photo": {"prefix": "https://igx.4sqi.net/img/user/", "suffix": "/LCOYZ1WGAL5CEPXH.jpg"}, "firstName": "Davin", "lastName": "Soendoro"}, "canonicalUrl": "https://foursquare.com/item/4d1dd81e0901721e16037ca5", "todo": {"count": 0}, "disagreeCount": 0}, {"logView": true, "lang": "en", "createdAt": 1266495063, "agreeCount": 3, "likes": {"groups": [{"items": [], "count": 22, "type": "others"}], "summary": "22 likes", "count": 22}, "id": "4b7d2e5770c603bb628392b4", "text": "there's another branch at level 4 if the one at level 1 is full! :)", "type": "user", "user": {"gender": "male", "id": "377798", "photo": {"prefix": "https://igx.4sqi.net/img/user/", "suffix": "/RS1WKYRAY4N1Q24Z.jpg"}, "firstName": "Bento", "lastName": "Set"}, "canonicalUrl": "https://foursquare.com/item/4b7d2e5770c603bb628392b4", "todo": {"count": 4}, "disagreeCount": 0}, {"logView": true, "lang": "en", "createdAt": 1290687876, "agreeCount": 0, "likes": {"groups": [], "count": 0}, "id": "4cee55847db3224b7f44272e", "text": "Prepare tissue paper!", "type": "user", "user": {"id": "4766512", "photo": {"prefix": "https://igx.4sqi.net/img/user/", "suffix": "/XO3BBL0JDX2JWDXG.jpg"}, "firstName": "Faiz", "gender": "male"}, "canonicalUrl": "https://foursquare.com/item/4cee55847db3224b7f44272e", "todo": {"count": 0}, "disagreeCount": 0}, {"logView": true, "lang": "en", "createdAt": 1358768117, "agreeCount": 0, "likes": {"groups": [], "count": 0}, "id": "50fd27f5e4b04f855f71ba9a", "text": "Best soft shell crab!! With eggs if ur lucky!!", "type": "user", "user": {"gender": "female", "id": "8317321", "photo": {"prefix": "https://igx.4sqi.net/img/user/", "suffix": "/8317321-PQ5HWYAYO4S2XRU2.jpg"}, "firstName": "Liyana", "lastName": "Aziz"}, "canonicalUrl": "https://foursquare.com/item/50fd27f5e4b04f855f71ba9a", "todo": {"count": 0}, "disagreeCount": 0}, {"logView": true, "lang": "en", "createdAt": 1323086040, "agreeCount": 0, "likes": {"groups": [], "count": 0}, "id": "4edcb0d89a5286d9220654b0", "text": "Ayam Penyet $6.90 MUST TRY!!", "type": "user", "user": {"gender": "female", "id": "17010969", "photo": {"prefix": "https://igx.4sqi.net/img/user/", "suffix": "/MJG3ZNXX11A0G51B.jpg"}, "firstName": "Celes", "lastName": "\u601d\u51ef\u62c9"}, "canonicalUrl": "https://foursquare.com/item/4edcb0d89a5286d9220654b0", "todo": {"count": 0}, "disagreeCount": 0}, {"logView": true, "lang": "en", "createdAt": 1408785556, "agreeCount": 0, "likes": {"groups": [], "count": 0}, "id": "53f85c94498ef6109a680817", "text": "The best ayam penyet ever!!!", "type": "user", "user": {"gender": "female", "id": "7920579", "photo": {"prefix": "https://igx.4sqi.net/img/user/", "suffix": "/7920579-0URM1A5VTWCG1HNV.jpg"}, "firstName": "yerike", "lastName": "wienaldy"}, "canonicalUrl": "https://foursquare.com/item/53f85c94498ef6109a680817", "todo": {"count": 0}, "disagreeCount": 0}, {"logView": true, "lang": "tl", "createdAt": 1286943693, "agreeCount": 0, "likes": {"groups": [{"items": [], "count": 5, "type": "others"}], "summary": "5 likes", "count": 5}, "id": "4cb533cdf6616dcb532ad608", "text": "Soto ayam power!!", "type": "user", "user": {"gender": "female", "id": "2442362", "photo": {"prefix": "https://igx.4sqi.net/img/user/", "suffix": "/S4WZSBHGG20BWFKM.jpg"}, "firstName": "Ana", "lastName": "Jailani"}, "canonicalUrl": "https://foursquare.com/item/4cb533cdf6616dcb532ad608", "todo": {"count": 1}, "disagreeCount": 0}, {"logView": true, "lang": "en", "createdAt": 1294144535, "agreeCount": 0, "likes": {"groups": [], "count": 0}, "id": "4d231417b69c6dcb67e08795", "text": "The homemade drinks come with too much ice, leaving you with ridiculously little drink. Go for the canned or bottled drinks instead.", "type": "user", "user": {"gender": "male", "id": "319947", "photo": {"prefix": "https://igx.4sqi.net/img/user/", "suffix": "/TCGLOLLY1JOAHVAX.jpg"}, "firstName": "Ron", "lastName": "Lim"}, "canonicalUrl": "https://foursquare.com/item/4d231417b69c6dcb67e08795", "todo": {"count": 0}, "disagreeCount": 0}, {"logView": true, "lang": "en", "createdAt": 1294483370, "agreeCount": 0, "likes": {"groups": [], "count": 0}, "id": "4d283faa068e8cfafc6ac34c", "text": "Must try ayam penyet! Wat can I say when all have said already... Try it NOW\ue404", "type": "user", "user": {"gender": "male", "id": "5324149", "photo": {"prefix": "https://igx.4sqi.net/img/user/", "suffix": "/G4WTNBVKIW5MBYOB.jpg"}, "firstName": "James", "lastName": "Nyan"}, "canonicalUrl": "https://foursquare.com/item/4d283faa068e8cfafc6ac34c", "todo": {"count": 0}, "disagreeCount": 0}, {"logView": true, "lang": "en", "createdAt": 1303820035, "agreeCount": 1, "likes": {"groups": [{"items": [{"gender": "female", "id": "5636853", "photo": {"prefix": "https://igx.4sqi.net/img/user/", "suffix": "/5636853-C0LFAESGRWJEOZT3.jpg"}, "firstName": "Siu", "lastName": "San"}], "count": 1, "type": "others"}], "summary": "1 like", "count": 1}, "id": "4db6b7030cb6729b6abd4ce4", "text": "What's ? It's malaysian food . I think this statment it's wrong this actually indonesian food .", "type": "user", "user": {"gender": "male", "id": "7864771", "photo": {"prefix": "https://igx.4sqi.net/img/user/", "suffix": "/TIWK1ZWXTLSHLBLZ.jpg"}, "firstName": "brawjaya", "lastName": "b kusuma"}, "canonicalUrl": "https://foursquare.com/item/4db6b7030cb6729b6abd4ce4", "todo": {"count": 0}, "disagreeCount": 0}, {"logView": true, "lang": "en", "createdAt": 1414134243, "agreeCount": 0, "likes": {"groups": [], "count": 0}, "id": "5449f9e3498e345b8d5bbfe2", "text": "I thought my 2nd visit would be give me different impression than my 1st. Tried to order ayam bakar instead of ayam penyet but it's still not come close with the one experienced in Jakarta.", "type": "user", "user": {"gender": "male", "id": "4602308", "photo": {"prefix": "https://igx.4sqi.net/img/user/", "suffix": "/4602308-XFUYJW2YJ4NQPNP2.jpg"}, "firstName": "Didit", "lastName": "Praditya"}, "canonicalUrl": "https://foursquare.com/item/5449f9e3498e345b8d5bbfe2", "todo": {"count": 0}, "disagreeCount": 0}, {"logView": true, "lang": "en", "createdAt": 1372923856, "agreeCount": 0, "likes": {"groups": [], "count": 0}, "id": "51d527d0498e003d341bb705", "text": "Excellent & Delicious!!", "type": "user", "user": {"gender": "male", "id": "2915470", "photo": {"prefix": "https://igx.4sqi.net/img/user/", "suffix": "/2915470-NOYMQHUPC4L5B02X.jpg"}, "firstName": "Aldrin", "lastName": "Agustian"}, "canonicalUrl": "https://foursquare.com/item/51d527d0498e003d341bb705", "todo": {"count": 0}, "disagreeCount": 0}, {"logView": true, "lang": "en", "createdAt": 1356331433, "agreeCount": 0, "likes": {"groups": [], "count": 0}, "id": "50d7f9a9e4b0dbf310f9df29", "text": "OMG, additional sweet soya sauce now costs $0.50,- It's a total rip-off!!! I will avoid this restaurant in the future!!! No more Ayam Penyet Ria at Lucky Plaza!!!", "type": "user", "user": {"id": "3594634", "photo": {"prefix": "https://igx.4sqi.net/img/user/", "suffix": "/3594634-QZNOUAKZ4L2E5M51.jpg"}, "firstName": "Erwin", "gender": "male"}, "canonicalUrl": "https://foursquare.com/item/50d7f9a9e4b0dbf310f9df29", "todo": {"count": 0}, "disagreeCount": 0}, {"logView": true, "lang": "en", "createdAt": 1293189901, "agreeCount": 0, "likes": {"groups": [{"items": [], "count": 1, "type": "others"}], "summary": "1 like", "count": 1}, "id": "4d14830dbb64224b7c51ad65", "text": "the place smells like stincky socks", "type": "user", "user": {"gender": "female", "id": "5092745", "photo": {"prefix": "https://igx.4sqi.net/img/user/", "suffix": "/5092745-X1FPBPBE55TX35QP.jpg"}, "firstName": "Elsa", "lastName": "Kee"}, "canonicalUrl": "https://foursquare.com/item/4d14830dbb64224b7c51ad65", "todo": {"count": 0}, "disagreeCount": 0}, {"logView": true, "lang": "en", "createdAt": 1332814014, "agreeCount": 0, "likes": {"groups": [{"items": [], "count": 1, "type": "others"}], "summary": "1 like", "count": 1}, "id": "4f7120bee4b007de8f8d9fbc", "text": "portions are small. 3 main dishes + gado gado + dessert are barely enough to satisfy two.", "type": "user", "user": {"gender": "female", "id": "1824156", "photo": {"prefix": "https://igx.4sqi.net/img/user/", "suffix": "/1824156-UWXNXNNGULS5HFTX.jpg"}, "firstName": "Belinda", "lastName": "Au Yong"}, "canonicalUrl": "https://foursquare.com/item/4f7120bee4b007de8f8d9fbc", "todo": {"count": 0}, "disagreeCount": 0}, {"logView": true, "lang": "en", "createdAt": 1316516963, "agreeCount": 0, "likes": {"groups": [], "count": 0}, "id": "4e787463d4c084f1c75dadfb", "text": "Tahu Telur is A Must Have.", "type": "user", "user": {"gender": "female", "id": "8312360", "photo": {"prefix": "https://igx.4sqi.net/img/user/", "suffix": "/8312360-51GNPXXK1GX1ERXH.jpg"}, "firstName": "Ruth", "lastName": "Frazetta"}, "canonicalUrl": "https://foursquare.com/item/4e787463d4c084f1c75dadfb", "todo": {"count": 0}, "disagreeCount": 0}, {"logView": true, "lang": "en", "createdAt": 1362062957, "agreeCount": 1, "likes": {"groups": [{"items": [{"gender": "female", "id": "28347278", "photo": {"prefix": "https://igx.4sqi.net/img/user/", "suffix": "/28347278-SP3X44ODNFVTXCSX.jpg"}, "firstName": "Bui Thi", "lastName": "Ngoc Van"}], "count": 1, "type": "others"}], "summary": "1 like", "count": 1}, "id": "512f6e6de4b09e3de4452e6f", "text": "One of the best Ayam Penyet in town. The chicken is tender and the chilli is delicious. Indonesian food rocks!", "type": "user", "user": {"gender": "female", "id": "28347278", "photo": {"prefix": "https://igx.4sqi.net/img/user/", "suffix": "/28347278-SP3X44ODNFVTXCSX.jpg"}, "firstName": "Bui Thi", "lastName": "Ngoc Van"}, "canonicalUrl": "https://foursquare.com/item/512f6e6de4b09e3de4452e6f", "todo": {"count": 0}, "disagreeCount": 0}, {"logView": true, "lang": "en", "createdAt": 1412494470, "agreeCount": 0, "likes": {"groups": [], "count": 0}, "id": "5430f486498eb0309d95accb", "text": "Tasty Indonesian dishes. The sambal is soo good!", "type": "user", "user": {"gender": "female", "id": "1029887", "photo": {"prefix": "https://igx.4sqi.net/img/user/", "suffix": "/23UTMPXT25GY4OSK.jpg"}, "firstName": "Lina", "lastName": "J"}, "canonicalUrl": "https://foursquare.com/item/5430f486498eb0309d95accb", "todo": {"count": 0}, "disagreeCount": 0}, {"logView": true, "lang": "en", "createdAt": 1294125029, "agreeCount": 0, "likes": {"groups": [{"items": [], "count": 1, "type": "others"}], "summary": "1 like", "count": 1}, "id": "4d22c7e50901721ec1e2a5a5", "text": "Love their oxtail soup & avocado drink", "type": "user", "user": {"gender": "male", "id": "3570264", "photo": {"prefix": "https://igx.4sqi.net/img/user/", "suffix": "/LVQKO1NC0VCM3Y41.jpg"}, "firstName": "James", "lastName": "Li Zhiwei"}, "canonicalUrl": "https://foursquare.com/item/4d22c7e50901721ec1e2a5a5", "todo": {"count": 0}, "disagreeCount": 0}, {"logView": true, "lang": "af", "createdAt": 1288418577, "agreeCount": 0, "likes": {"groups": [{"items": [], "count": 4, "type": "others"}], "summary": "4 likes", "count": 4}, "id": "4ccbb511566aa09354ca1cfd", "text": "Die die must try!!!", "type": "user", "user": {"gender": "female", "id": "3817346", "photo": {"prefix": "https://igx.4sqi.net/img/user/", "suffix": "/J2NEGMQT50SX0JVA.jpg"}, "firstName": "Nisa", "lastName": "Chan"}, "canonicalUrl": "https://foursquare.com/item/4ccbb511566aa09354ca1cfd", "todo": {"count": 0}, "disagreeCount": 0}, {"logView": true, "lang": "en", "createdAt": 1289022711, "agreeCount": 0, "likes": {"groups": [{"items": [], "count": 14, "type": "others"}], "summary": "14 likes", "count": 14}, "id": "4cd4ecf7a5b346884c208b50", "text": "Best ayam penyet ever!", "type": "user", "user": {"gender": "male", "id": "3587773", "photo": {"prefix": "https://igx.4sqi.net/img/user/", "suffix": "/BY42WANY1LDINJQL.jpg"}, "firstName": "trevidzi", "lastName": "midzi"}, "canonicalUrl": "https://foursquare.com/item/4cd4ecf7a5b346884c208b50", "todo": {"count": 1}, "disagreeCount": 0}, {"logView": true, "lang": "en", "createdAt": 1287124998, "agreeCount": 0, "likes": {"groups": [{"items": [], "count": 2, "type": "others"}], "summary": "2 likes", "count": 2}, "id": "4cb7f8064352a1cd5d2f82f5", "text": "Gado Gado is a MUST", "type": "user", "user": {"gender": "male", "id": "550895", "photo": {"prefix": "https://igx.4sqi.net/img/user/", "suffix": "/E4ODZI2I5UZNKCQ3.jpg"}, "firstName": "Steven", "lastName": "Kalifowitz"}, "canonicalUrl": "https://foursquare.com/item/4cb7f8064352a1cd5d2f82f5", "todo": {"count": 0}, "disagreeCount": 0}, {"logView": true, "lang": "en", "createdAt": 1302344465, "agreeCount": 0, "likes": {"groups": [], "count": 0}, "id": "4da0331154dd8cfafe685472", "text": "Two outlets here, one at #01-42, the other at #04-25! :)", "type": "user", "user": {"gender": "female", "id": "4215888", "photo": {"prefix": "https://igx.4sqi.net/img/user/", "suffix": "/COBVTEKTYQ2EF0I0.jpg"}, "firstName": "Jasmine", "lastName": "Tay"}, "canonicalUrl": "https://foursquare.com/item/4da0331154dd8cfafe685472", "todo": {"count": 0}, "disagreeCount": 0}, {"authorInteractionType": "liked", "logView": true, "lang": "en", "createdAt": 1373351830, "agreeCount": 0, "likes": {"groups": [], "count": 0}, "id": "51dbaf96498ed7fa0cbbcbad", "text": "10% off given for those working around lucky plaza between 12-5pm... AWESOME!", "type": "user", "user": {"id": "6543839", "photo": {"prefix": "https://igx.4sqi.net/img/user/", "suffix": "/6543839-XWZ0TUQIDT4PJV33.jpg"}, "firstName": "RedDragO\ud83d\udc8bSasha", "gender": "female"}, "canonicalUrl": "https://foursquare.com/item/51dbaf96498ed7fa0cbbcbad", "todo": {"count": 0}, "disagreeCount": 0}, {"logView": true, "lang": "en", "createdAt": 1317202040, "agreeCount": 0, "likes": {"groups": [{"items": [], "count": 1, "type": "others"}], "summary": "1 like", "count": 1}, "id": "4e82e878e5fa001241dee36f", "text": "The \"sambal\" is simply A.W.E.S.O.M.E!!!!!", "type": "user", "user": {"gender": "male", "id": "11541537", "photo": {"prefix": "https://igx.4sqi.net/img/user/", "suffix": "/JVBFKOV305YT2XMB.jpg"}, "firstName": "Akasha", "lastName": "A.Rahman"}, "canonicalUrl": "https://foursquare.com/item/4e82e878e5fa001241dee36f", "todo": {"count": 0}, "disagreeCount": 0}, {"logView": true, "lang": "en", "createdAt": 1419239264, "agreeCount": 0, "likes": {"groups": [], "count": 0}, "id": "5497df60498e7b8d3956597f", "text": "Good if youve missed Indonesian food. Sambal is so-so. Not enuf if you're looking for the real hotness!", "type": "user", "user": {"gender": "female", "id": "20100556", "photo": {"prefix": "https://igx.4sqi.net/img/user/", "suffix": "/20100556-NTI3AUNG4G2YV0FL.jpg"}, "firstName": "Ninda", "lastName": "Amir"}, "canonicalUrl": "https://foursquare.com/item/5497df60498e7b8d3956597f", "todo": {"count": 0}, "disagreeCount": 0}, {"logView": true, "lang": "id", "createdAt": 1286359713, "todo": {"count": 0}, "agreeCount": 0, "likes": {"groups": [], "count": 0}, "id": "4cac4aa144a8224b1aed3140", "text": "Mantap kali bah....www.gabeart.com", "entities": [{"indices": [19, 34], "type": "url", "object": {"url": "http://www.gabeart.com"}}], "disagreeCount": 0, "user": {"gender": "male", "id": "1283239", "photo": {"prefix": "https://igx.4sqi.net/img/user/", "suffix": "/WEGHI5J0INUWBLHU.jpg"}, "firstName": "Pipin", "lastName": "Girsang"}, "canonicalUrl": "https://foursquare.com/item/4cac4aa144a8224b1aed3140", "type": "user"}, {"logView": true, "lang": "en", "createdAt": 1277715915, "agreeCount": 0, "likes": {"groups": [], "count": 0}, "id": "4c2865cb3492a5930f48b728", "text": "Love the Gado Gado though not cheap! :)", "type": "user", "user": {"gender": "female", "id": "1575173", "photo": {"prefix": "https://igx.4sqi.net/img/user/", "suffix": "/IZSLWKCQW0PMFQNE.jpg"}, "firstName": "Eunice", "lastName": "Tang"}, "canonicalUrl": "https://foursquare.com/item/4c2865cb3492a5930f48b728", "todo": {"count": 0}, "disagreeCount": 0}, {"authorInteractionType": "liked", "logView": true, "lang": "en", "createdAt": 1456528466, "agreeCount": 0, "likes": {"groups": [], "count": 0}, "id": "56d0dc52498eb84983de5191", "text": "Ayam Penyet of course! Chicken skin and gado-gado is worth the order too.", "type": "user", "user": {"gender": "male", "id": "137386", "photo": {"prefix": "https://igx.4sqi.net/img/user/", "suffix": "/137386-L5GM5JWCGSNFXUU0.jpg"}, "firstName": "Ken", "lastName": "Ng"}, "canonicalUrl": "https://foursquare.com/item/56d0dc52498eb84983de5191", "todo": {"count": 0}, "disagreeCount": 0}, {"logView": true, "lang": "en", "createdAt": 1315843648, "agreeCount": 0, "likes": {"groups": [], "count": 0}, "id": "4e6e2e4018380b4aac4dfd7f", "text": "eating boneless chicken", "type": "user", "user": {"gender": "female", "id": "13120525", "photo": {"prefix": "https://igx.4sqi.net/img/user/", "suffix": "/XKAUXI5E3RGR3SQH.jpg"}, "firstName": "Siswi", "lastName": "Hartini"}, "canonicalUrl": "https://foursquare.com/item/4e6e2e4018380b4aac4dfd7f", "todo": {"count": 0}, "disagreeCount": 0}, {"logView": true, "lang": "en", "createdAt": 1321420143, "agreeCount": 0, "likes": {"groups": [], "count": 0}, "id": "4ec3456f9a524f6c47338111", "text": "Should try their dory fish penyet......best", "type": "user", "user": {"gender": "female", "id": "4331428", "photo": {"prefix": "https://igx.4sqi.net/img/user/", "suffix": "/KRFQWFZRFJW4PWAC.jpg"}, "firstName": "Zuraidah", "lastName": "Osman"}, "canonicalUrl": "https://foursquare.com/item/4ec3456f9a524f6c47338111", "todo": {"count": 0}, "disagreeCount": 0}, {"logView": true, "lang": "id", "createdAt": 1329991851, "agreeCount": 0, "likes": {"groups": [], "count": 0}, "id": "4f4610abe4b07a632989396e", "text": "Ayam Penyet DUH", "type": "user", "user": {"gender": "male", "id": "9629478", "photo": {"prefix": "https://igx.4sqi.net/img/user/", "suffix": "/M15SDKR00DMISCTC.jpg"}, "firstName": "Weijie", "lastName": "Tan"}, "canonicalUrl": "https://foursquare.com/item/4f4610abe4b07a632989396e", "todo": {"count": 0}, "disagreeCount": 0}, {"logView": true, "lang": "en", "createdAt": 1272782949, "agreeCount": 0, "likes": {"groups": [{"items": [], "count": 8, "type": "others"}], "summary": "8 likes", "count": 8}, "id": "4bdd206570c603bb0afc99b4", "text": "Love the lele penyet, gado gado, not forgetting the happy soda!!! Must try!", "type": "user", "user": {"gender": "male", "id": "785387", "photo": {"prefix": "https://igx.4sqi.net/img/user/", "suffix": "/0YJ4KPWEAIXYRCDL.jpg"}, "firstName": "Idil", "lastName": "Syazwan"}, "canonicalUrl": "https://foursquare.com/item/4bdd206570c603bb0afc99b4", "todo": {"count": 3}, "disagreeCount": 0}, {"logView": true, "lang": "en", "createdAt": 1300107681, "agreeCount": 0, "likes": {"groups": [], "count": 0}, "id": "4d7e11a1e7e1721ec45ed90b", "text": "The best ayam penyet & lele penyet! \u2665", "type": "user", "user": {"gender": "female", "id": "1145803", "photo": {"prefix": "https://igx.4sqi.net/img/user/", "suffix": "/OV4KU40AXTUYXVIF.jpg"}, "firstName": "Stephanie", "lastName": "Halim"}, "canonicalUrl": "https://foursquare.com/item/4d7e11a1e7e1721ec45ed90b", "todo": {"count": 0}, "disagreeCount": 0}, {"logView": true, "lang": "en", "createdAt": 1319089939, "agreeCount": 0, "likes": {"groups": [{"items": [], "count": 1, "type": "others"}], "summary": "1 like", "count": 1}, "id": "4e9fb7139a5229904c787157", "text": "Do try their keropok with the sambal chili together!", "type": "user", "user": {"gender": "female", "id": "4045352", "photo": {"prefix": "https://igx.4sqi.net/img/user/", "suffix": "/4045352-QQKNKNYYPECZDWWP.jpg"}, "firstName": "Rikki", "lastName": "Chai"}, "canonicalUrl": "https://foursquare.com/item/4e9fb7139a5229904c787157", "todo": {"count": 0}, "disagreeCount": 0}, {"logView": true, "lang": "en", "createdAt": 1427519319, "agreeCount": 0, "likes": {"groups": [], "count": 0}, "id": "55163757498e9162d868027c", "text": "The best ayam penyet in singapore~ The Sambal is so Hot!", "type": "user", "user": {"gender": "female", "id": "45344695", "photo": {"prefix": "https://igx.4sqi.net/img/user/", "suffix": "/45344695_x4c3At3B_tox_8LGXq5Eqo4BPpZNeXFnYTVpZhZYgKk6VXg5PPTqOULM9oU44e3YR1OAU5r3H.jpg"}, "firstName": "Victoria", "lastName": "Chen"}, "canonicalUrl": "https://foursquare.com/item/55163757498e9162d868027c", "todo": {"count": 0}, "disagreeCount": 0}, {"logView": true, "lang": "en", "createdAt": 1339067996, "agreeCount": 0, "likes": {"groups": [], "count": 0}, "id": "4fd08e5ce4b0033d4cfc69ac", "text": "Always order the Soda Gembira (Happy Soda).  :)", "type": "user", "user": {"gender": "female", "id": "2945189", "photo": {"prefix": "https://igx.4sqi.net/img/user/", "suffix": "/ZHT0N0LGSTQ23LFF.jpg"}, "firstName": "Delilah", "lastName": "Rouge"}, "canonicalUrl": "https://foursquare.com/item/4fd08e5ce4b0033d4cfc69ac", "todo": {"count": 0}, "disagreeCount": 0}, {"logView": true, "lang": "en", "createdAt": 1264412389, "todo": {"count": 1}, "agreeCount": 1, "likes": {"groups": [{"items": [], "count": 1, "type": "others"}], "summary": "1 like", "count": 1}, "id": "4b5d66e570c603bba0cb90b4", "text": "the Ayam Penyet here is a must try! Been there many times and still loving it :)", "disagreeCount": 0, "url": "http://www.hungrygowhere.com/singapore/ayam_penyet_ria_lucky_plaza/", "user": {"gender": "female", "id": "178839", "photo": {"prefix": "https://igx.4sqi.net/img/user/", "suffix": "/RUBSYDCOUI2YHZWP.jpg"}, "firstName": "Shermaine", "lastName": "Tan"}, "canonicalUrl": "https://foursquare.com/item/4b5d66e570c603bba0cb90b4", "type": "user"}, {"logView": true, "lang": "en", "createdAt": 1290687259, "agreeCount": 0, "likes": {"groups": [{"items": [], "count": 4, "type": "others"}], "summary": "4 likes", "count": 4}, "id": "4cee531b82125481932e64a1", "text": "Drinks are not worth the price", "type": "user", "user": {"gender": "male", "id": "4246148", "photo": {"prefix": "https://igx.4sqi.net/img/user/", "suffix": "/Y3RYEABE5GE0T5R1.jpg"}, "firstName": "Faiz", "lastName": "Shah"}, "canonicalUrl": "https://foursquare.com/item/4cee531b82125481932e64a1", "todo": {"count": 0}, "disagreeCount": 0}], "count": 115}}}