{"meta": {"code": 200, "requestId": "595a55d16a6071143bb0c936"}, "response": {"tips": {"items": [{"logView": true, "lang": "en", "createdAt": 1316002191, "agreeCount": 0, "likes": {"groups": [], "count": 0}, "id": "4e70998fb99302402c51603f", "text": "Nice food yummy", "type": "user", "user": {"id": "12910617", "photo": {"prefix": "https://igx.4sqi.net/img/user/", "suffix": "/PNQ0NOEHTB0AFMYZ.jpg"}, "firstName": "NS", "gender": "female"}, "canonicalUrl": "https://foursquare.com/item/4e70998fb99302402c51603f", "todo": {"count": 0}, "disagreeCount": 0}, {"logView": true, "lang": "en", "createdAt": 1305905572, "agreeCount": 0, "likes": {"groups": [], "count": 0}, "id": "4dd689a445ddced8206fd55d", "text": "Roasted chrispy chicken was very good. Crunching and juicy, not dry at all. Service was impeccable, attentive and courteous. A must come!", "type": "user", "user": {"gender": "female", "id": "8907910", "photo": {"prefix": "https://igx.4sqi.net/img/user/", "suffix": "/PJUZ3FQI32TCMKY4.jpg"}, "firstName": "Jane", "lastName": "Tok"}, "canonicalUrl": "https://foursquare.com/item/4dd689a445ddced8206fd55d", "todo": {"count": 0}, "disagreeCount": 0}, {"logView": true, "lang": "en", "createdAt": 1288007259, "agreeCount": 0, "likes": {"groups": [], "count": 0}, "id": "4cc56e5b42d1b60c2d432313", "text": "Closed on Mondays.", "type": "user", "user": {"gender": "male", "id": "113123", "photo": {"prefix": "https://igx.4sqi.net/img/user/", "suffix": "/113123_1259133283041.jpg"}, "firstName": "Bt", "lastName": "Tan"}, "canonicalUrl": "https://foursquare.com/item/4cc56e5b42d1b60c2d432313", "todo": {"count": 0}, "disagreeCount": 0}, {"logView": true, "lang": "en", "createdAt": 1289049375, "agreeCount": 0, "likes": {"groups": [], "count": 0}, "id": "4cd5551f94848cfa4877e5b1", "text": "Roasted chicken here is hot seller. Must pre-order", "type": "user", "user": {"gender": "male", "id": "197313", "photo": {"prefix": "https://igx.4sqi.net/img/user/", "suffix": "/HZNW222YACWCPED2.jpg"}, "firstName": "Tobey", "lastName": "Takeshi"}, "canonicalUrl": "https://foursquare.com/item/4cd5551f94848cfa4877e5b1", "todo": {"count": 0}, "disagreeCount": 0}, {"authorInteractionType": "liked", "logView": true, "lang": "en", "photo": {"id": "54c4eec3498e6666e0878816", "visibility": "public", "source": {"name": "Swarm for iOS", "url": "https://www.swarmapp.com"}, "suffix": "/55390456_ztjfuxSxSwp1GgcSdYM5rC47a4WrjdAC2BvqLGPSyLA.jpg", "createdAt": 1422192323, "prefix": "https://igx.4sqi.net/img/general/", "width": 1440, "height": 1920}, "createdAt": 1422192323, "todo": {"count": 1}, "agreeCount": 0, "likes": {"groups": [], "count": 0}, "id": "54c4eec3498e6666e0878817", "text": "Reasonably priced Hong Kong style chinese food. Lamb stew, fried pork knuckle and the crab were very good. Good to have a big group for more variety. Big portions too.", "disagreeCount": 0, "user": {"id": "55390456", "photo": {"prefix": "https://igx.4sqi.net/img/user/", "suffix": "/55390456_xjGWfjYZ_UAMBNliBjCxql6WleMj7JVZzY9y3t2_6WtR-3ecn7WlfLcMpWqn7tIYj_11T_fb-.jpg"}, "firstName": "Ting", "gender": "female"}, "canonicalUrl": "https://foursquare.com/item/54c4eec3498e6666e0878817", "type": "user", "photourl": "https://igx.4sqi.net/img/general/original/55390456_ztjfuxSxSwp1GgcSdYM5rC47a4WrjdAC2BvqLGPSyLA.jpg"}, {"logView": true, "lang": "en", "createdAt": 1322915161, "agreeCount": 0, "likes": {"groups": [], "count": 0}, "id": "4eda15590e011b46edfb9526", "text": "Must order and reserve the roast chicken before 6 if u want it for dinner!", "type": "user", "user": {"gender": "female", "id": "5851757", "photo": {"prefix": "https://igx.4sqi.net/img/user/", "suffix": "/UESFTUMAFNT5ZZT3.jpg"}, "firstName": "Serene", "lastName": "Tang"}, "canonicalUrl": "https://foursquare.com/item/4eda15590e011b46edfb9526", "todo": {"count": 0}, "disagreeCount": 0}, {"logView": true, "lang": "en", "createdAt": 1304252929, "agreeCount": 0, "likes": {"groups": [], "count": 0}, "id": "4dbd52016e810768bf736618", "text": "Love the milk tea!", "type": "user", "user": {"gender": "female", "id": "1133700", "photo": {"prefix": "https://igx.4sqi.net/img/user/", "suffix": "/IDINUEFM4HVPRZHT.jpg"}, "firstName": "Theresa", "lastName": "Goh"}, "canonicalUrl": "https://foursquare.com/item/4dbd52016e810768bf736618", "todo": {"count": 0}, "disagreeCount": 0}, {"authorInteractionType": "liked", "logView": true, "lang": "en", "createdAt": 1411946215, "agreeCount": 0, "likes": {"groups": [], "count": 0}, "id": "542896e7498eb5d352a9d1be", "text": "Good service. Had the fish roe fried rice which was nicely done and not'fishy' in spite of the roe. Charcoal toufu is really good.", "type": "user", "user": {"gender": "male", "id": "3635942", "photo": {"prefix": "https://igx.4sqi.net/img/user/", "default": true, "suffix": "/blank_boy.png"}, "firstName": "Keith", "lastName": "Lim"}, "canonicalUrl": "https://foursquare.com/item/542896e7498eb5d352a9d1be", "todo": {"count": 0}, "disagreeCount": 0}, {"logView": true, "lang": "en", "createdAt": 1413640753, "agreeCount": 0, "likes": {"groups": [], "count": 0}, "id": "5442723111d2325ee4b5f2a9", "text": "Roasted chicken & supreme tofu are yummy!!! There's salted fish in the eggplant minced meat claypot which is quite unusual. Quite generous portion so if you want a variety, order the small portion.", "type": "user", "user": {"gender": "female", "id": "16504035", "photo": {"prefix": "https://igx.4sqi.net/img/user/", "suffix": "/16504035-Y240Y2NOOU022AVR.jpg"}, "firstName": "Jasmine", "lastName": "Pang"}, "canonicalUrl": "https://foursquare.com/item/5442723111d2325ee4b5f2a9", "todo": {"count": 0}, "disagreeCount": 0}, {"logView": true, "lang": "en", "createdAt": 1316185511, "agreeCount": 0, "likes": {"groups": [], "count": 0}, "id": "4e7365a78998f94a583aae3a", "text": "Recommended:) please come and try", "type": "user", "user": {"gender": "male", "id": "10511200", "photo": {"prefix": "https://igx.4sqi.net/img/user/", "suffix": "/FRQSQVAJPKIAY0HA.jpg"}, "firstName": "Nikkie", "lastName": "Khoo"}, "canonicalUrl": "https://foursquare.com/item/4e7365a78998f94a583aae3a", "todo": {"count": 0}, "disagreeCount": 0}, {"authorInteractionType": "liked", "logView": true, "lang": "en", "createdAt": 1462108254, "agreeCount": 0, "likes": {"groups": [], "count": 0}, "id": "5726005e498e5fb2be3d9337", "text": "Crab and chicken were sold out, so we could not taste it. Fish roe fried rice, braised duck, bonito rib were very nice - not salty, soft and tender. Definitely come back to try crab, chicken", "type": "user", "user": {"gender": "female", "id": "88227476", "photo": {"prefix": "https://igx.4sqi.net/img/user/", "default": true, "suffix": "/blank_girl.png"}, "firstName": "Insook", "lastName": "Kim"}, "canonicalUrl": "https://foursquare.com/item/5726005e498e5fb2be3d9337", "todo": {"count": 0}, "disagreeCount": 0}, {"logView": true, "lang": "en", "createdAt": 1300456402, "agreeCount": 0, "likes": {"groups": [], "count": 0}, "id": "4d8363d250913704e76d675b", "text": "VERY disappointing desserts - red bean, black/white fungus. Do not order.", "type": "user", "user": {"gender": "female", "id": "872276", "photo": {"prefix": "https://igx.4sqi.net/img/user/", "suffix": "/XT3L2V4SM4MIV3V0.jpg"}, "firstName": "Eileena", "lastName": "Lee"}, "canonicalUrl": "https://foursquare.com/item/4d8363d250913704e76d675b", "todo": {"count": 0}, "disagreeCount": 0}, {"authorInteractionType": "liked", "logView": true, "lang": "en", "photo": {"id": "5302d408498eb29482a5f812", "visibility": "public", "source": {"name": "Windows Phone 8", "url": "http://claritycon.com"}, "suffix": "/165896_Jl4BZCP5nLbE7-2uB6jDq5hLW6TD1-Ky6KLVn82u5sM.jpg", "createdAt": 1392694280, "prefix": "https://igx.4sqi.net/img/general/", "width": 960, "height": 960}, "createdAt": 1392694276, "todo": {"count": 0}, "agreeCount": 0, "likes": {"groups": [], "count": 0}, "id": "5302d404498eb13ce1ed661f", "text": "Supreme tofu, crispy chicken, salted egg prawns, stir fried you Mai veggies with Dace fish are good.", "disagreeCount": 0, "user": {"gender": "female", "id": "165896", "photo": {"prefix": "https://igx.4sqi.net/img/user/", "suffix": "/165896-SMP0NXZKYGJK2VAI.jpg"}, "firstName": "Kim-Geck", "lastName": "Lim"}, "canonicalUrl": "https://foursquare.com/item/5302d404498eb13ce1ed661f", "type": "user", "photourl": "https://igx.4sqi.net/img/general/original/165896_Jl4BZCP5nLbE7-2uB6jDq5hLW6TD1-Ky6KLVn82u5sM.jpg"}, {"logView": true, "lang": "en", "createdAt": 1293718728, "agreeCount": 2, "likes": {"groups": [{"items": [{"gender": "male", "id": "11627236", "photo": {"prefix": "https://igx.4sqi.net/img/user/", "suffix": "/ZHT02M4CS4YURRJL.jpg"}, "firstName": "Feng Run", "lastName": "Chouw"}, {"gender": "male", "id": "224137", "photo": {"prefix": "https://igx.4sqi.net/img/user/", "suffix": "/0ABZUY5AW5DSMNH5.jpg"}, "firstName": "Colin", "lastName": "Leong"}], "count": 2, "type": "others"}], "summary": "2 likes", "count": 2}, "id": "4d1c94c87e10a35db0690083", "text": "The French toast here is just awesome.", "type": "user", "user": {"gender": "male", "id": "1547139", "photo": {"prefix": "https://igx.4sqi.net/img/user/", "suffix": "/UWTRLMCHZCVAXKB3.jpg"}, "firstName": "Joel", "lastName": "Kang"}, "canonicalUrl": "https://foursquare.com/item/4d1c94c87e10a35db0690083", "todo": {"count": 0}, "disagreeCount": 0}, {"logView": true, "lang": "en", "createdAt": 1285501250, "agreeCount": 0, "likes": {"groups": [], "count": 0}, "id": "4c9f3142d3c2b60c4248d2bc", "text": "Plan 2 trips: one for the fish roe fried rice, one for dishes with plain rice.", "type": "user", "user": {"gender": "none", "id": "1797199", "photo": {"prefix": "https://igx.4sqi.net/img/user/", "suffix": "/1797199_eTgNo23f_17ejqfj1qHUNI5kxej96IVk-afDCkAFDM4pa19MMxoT1zrfb97zO1UCxw4Rc4VxG.jpg"}, "firstName": "Derek", "lastName": "Lin"}, "canonicalUrl": "https://foursquare.com/item/4c9f3142d3c2b60c4248d2bc", "todo": {"count": 0}, "disagreeCount": 0}, {"logView": true, "lang": "en", "createdAt": 1373121060, "agreeCount": 0, "likes": {"groups": [], "count": 0}, "id": "51d82a24498e5379acb741cc", "text": "Great salted egg prawns and French toast !", "type": "user", "user": {"gender": "female", "id": "728185", "photo": {"prefix": "https://igx.4sqi.net/img/user/", "suffix": "/1B1YPSCCRI2MNSYJ.jpg"}, "firstName": "xinxiu", "lastName": "Hong"}, "canonicalUrl": "https://foursquare.com/item/51d82a24498e5379acb741cc", "todo": {"count": 0}, "disagreeCount": 0}, {"authorInteractionType": "liked", "logView": true, "lang": "en", "photo": {"id": "553a9a75498ec83495a60afc", "visibility": "public", "source": {"name": "Foursquare for iOS", "url": "https://foursquare.com/download/#/iphone"}, "suffix": "/11627236_F3633Vp1t2JdeAok1gPcHvCbPC1z1onKhBh_2S7W0UQ.jpg", "createdAt": 1429903989, "prefix": "https://igx.4sqi.net/img/general/", "width": 1920, "height": 1439}, "createdAt": 1429903987, "todo": {"count": 0}, "agreeCount": 0, "likes": {"groups": [], "count": 0}, "id": "553a9a73498ec6d3b6681401", "text": "Must order the fish roe fried rice here!", "disagreeCount": 0, "user": {"gender": "male", "id": "11627236", "photo": {"prefix": "https://igx.4sqi.net/img/user/", "suffix": "/ZHT02M4CS4YURRJL.jpg"}, "firstName": "Feng Run", "lastName": "Chouw"}, "canonicalUrl": "https://foursquare.com/item/553a9a73498ec6d3b6681401", "type": "user", "photourl": "https://igx.4sqi.net/img/general/original/11627236_F3633Vp1t2JdeAok1gPcHvCbPC1z1onKhBh_2S7W0UQ.jpg"}, {"logView": true, "lang": "zh", "createdAt": 1392552706, "agreeCount": 0, "likes": {"groups": [], "count": 0}, "id": "5300ab02498e76f092901ca3", "text": "\u62db\u724c\u7092\u996d + \u62db\u724c\u8c46\u8150: just awesome.", "type": "user", "user": {"gender": "none", "id": "591944", "photo": {"prefix": "https://igx.4sqi.net/img/user/", "suffix": "/591944_3JSsX51c__YpcqWFRkLEReuu80hJS9jdSUI8bJmXEVVh_wXlg0XGbmt8NN9Kxn0riBVlYYVEZ.jpg"}, "firstName": "Andrea", "lastName": "C"}, "canonicalUrl": "https://foursquare.com/item/5300ab02498e76f092901ca3", "todo": {"count": 0}, "disagreeCount": 0}, {"logView": true, "lang": "en", "photo": {"id": "53a705e5498e1c75fd47a8bd", "visibility": "public", "source": {"name": "Foursquare for iOS", "url": "https://foursquare.com/download/#/iphone"}, "suffix": "/60450786_D4qwJXP0jfNmeP9h4J-P6W49wmtG8MtwVQeqFvZEinY.jpg", "createdAt": 1403454949, "prefix": "https://igx.4sqi.net/img/general/", "width": 720, "height": 960}, "createdAt": 1403454946, "todo": {"count": 0}, "agreeCount": 0, "likes": {"groups": [], "count": 0}, "id": "53a705e211d206d1f6f6e575", "text": "Advisable to make reservation prior to lunch / dinner (Recommendation : Smoked Duck Breast, Deep Fried Fish Skin & Bamboo Charcoal Tofu)", "disagreeCount": 0, "user": {"gender": "female", "id": "60450786", "photo": {"prefix": "https://igx.4sqi.net/img/user/", "suffix": "/HH0M5KBBHZYYGEN0.jpg"}, "firstName": "Gaik Kee Deewi", "lastName": "Tan"}, "canonicalUrl": "https://foursquare.com/item/53a705e211d206d1f6f6e575", "type": "user", "photourl": "https://igx.4sqi.net/img/general/original/60450786_D4qwJXP0jfNmeP9h4J-P6W49wmtG8MtwVQeqFvZEinY.jpg"}, {"authorInteractionType": "meh", "logView": true, "lang": "en", "photo": {"id": "558aa36c498e5524b714fe31", "visibility": "public", "source": {"name": "Foursquare for Android", "url": "https://foursquare.com/download/#/android"}, "suffix": "/12658742_7adKAik-R4jiPHbZFKIH5UwUH-3Jmp1fAnXJKFrFpCU.jpg", "createdAt": 1435149164, "prefix": "https://igx.4sqi.net/img/general/", "width": 1080, "height": 1080}, "createdAt": 1435149161, "todo": {"count": 0}, "agreeCount": 0, "likes": {"groups": [], "count": 0}, "id": "558aa369498e6ac3a1113b6a", "text": "Very fine restaurant! Its roasted chicken, fish roe fried rice, french toast are really good. Service is also nice.", "disagreeCount": 0, "user": {"id": "12658742", "photo": {"prefix": "https://igx.4sqi.net/img/user/", "suffix": "/12658742-NZJWEGYIBR2XTAID.jpg"}, "firstName": "Torzin S", "gender": "male"}, "canonicalUrl": "https://foursquare.com/item/558aa369498e6ac3a1113b6a", "type": "user", "photourl": "https://igx.4sqi.net/img/general/original/12658742_7adKAik-R4jiPHbZFKIH5UwUH-3Jmp1fAnXJKFrFpCU.jpg"}, {"logView": true, "lang": "en", "createdAt": 1385904848, "agreeCount": 0, "likes": {"groups": [], "count": 0}, "id": "529b3ad011d20a5e9a98369e", "text": "a homey restaurant with awesome french toast", "type": "user", "user": {"gender": "male", "id": "59704532", "photo": {"prefix": "https://igx.4sqi.net/img/user/", "suffix": "/59704532-KMGXA4W21YGKWBRX.jpg"}, "firstName": "David", "lastName": "Prl"}, "canonicalUrl": "https://foursquare.com/item/529b3ad011d20a5e9a98369e", "todo": {"count": 0}, "disagreeCount": 0}, {"logView": true, "lang": "en", "createdAt": 1363712421, "todo": {"count": 1}, "agreeCount": 0, "likes": {"groups": [], "count": 0}, "id": "514899a5e4b01053efa974c0", "text": "Hong Kongers come for comfort food such as fried rice with fish roe. More places to eat like a local: tandl.me/12ufz7c", "entities": [{"indices": [102, 118], "type": "url", "object": {"url": "http://tandl.me/12ufz7c"}}], "disagreeCount": 0, "user": {"id": "5339676", "photo": {"prefix": "https://igx.4sqi.net/img/user/", "suffix": "/3MAPUHGXHTC3MWHJ.jpg"}, "firstName": "Travel + Leisure", "type": "page", "gender": "none"}, "canonicalUrl": "https://foursquare.com/item/514899a5e4b01053efa974c0", "type": "user"}, {"logView": true, "lang": "en", "createdAt": 1296398269, "agreeCount": 0, "likes": {"groups": [{"items": [], "count": 1, "type": "others"}], "summary": "1 like", "count": 1}, "id": "4d4577bdbf61a1cdff7c13ac", "text": "Highly recommended by leslie tay of ieat.ishoot.ipost.", "type": "user", "user": {"gender": "male", "id": "3417953", "photo": {"prefix": "https://igx.4sqi.net/img/user/", "suffix": "/RHW1T2ILFP2BQ10X.jpg"}, "firstName": "Deric", "lastName": "Lim"}, "canonicalUrl": "https://foursquare.com/item/4d4577bdbf61a1cdff7c13ac", "todo": {"count": 0}, "disagreeCount": 0}, {"authorInteractionType": "liked", "logView": true, "lang": "en", "createdAt": 1289981797, "agreeCount": 0, "likes": {"groups": [], "count": 0}, "id": "4ce38f65bebd37045cbba0a0", "text": "Tried deep fried dace fishball, you mai cai, roasted nam Yu chicken and Mei cai roasted duck mee huan. They are all good. Two thumbs up.", "type": "user", "user": {"gender": "male", "id": "240116", "photo": {"prefix": "https://igx.4sqi.net/img/user/", "suffix": "/240116-PUFV2FJ0Z0M3KGEF.jpg"}, "firstName": "Melvin", "lastName": "Chee"}, "canonicalUrl": "https://foursquare.com/item/4ce38f65bebd37045cbba0a0", "todo": {"count": 0}, "disagreeCount": 0}, {"authorInteractionType": "liked", "logView": true, "lang": "en", "createdAt": 1392694459, "agreeCount": 0, "likes": {"groups": [], "count": 0}, "id": "5302d4bb498eb13ce1ed68e0", "text": "Supreme tofu, fish roe fried rice, salted egg prawns and stir fry \u6cb9\u9ea6 veggie with Dace fish are good.", "type": "user", "user": {"gender": "female", "id": "165896", "photo": {"prefix": "https://igx.4sqi.net/img/user/", "suffix": "/165896-SMP0NXZKYGJK2VAI.jpg"}, "firstName": "Kim-Geck", "lastName": "Lim"}, "canonicalUrl": "https://foursquare.com/item/5302d4bb498eb13ce1ed68e0", "todo": {"count": 0}, "disagreeCount": 0}, {"logView": true, "lang": "en", "createdAt": 1392470445, "agreeCount": 0, "likes": {"groups": [], "count": 0}, "id": "52ff69ad11d24ed482254e20", "text": "The Supreme tofu is awesome!", "type": "user", "user": {"gender": "none", "id": "79019489", "photo": {"prefix": "https://igx.4sqi.net/img/user/", "suffix": "/79019489-EXYEHJGPHEJCJU3R.jpg"}, "firstName": "Carolyn", "lastName": "Tan"}, "canonicalUrl": "https://foursquare.com/item/52ff69ad11d24ed482254e20", "todo": {"count": 0}, "disagreeCount": 0}], "count": 26}}}