{"meta": {"code": 200, "requestId": "595a4cc54434b96bc7431603"}, "response": {"tips": {"items": [{"logView": true, "lang": "en", "createdAt": 1286949157, "agreeCount": 0, "likes": {"groups": [], "count": 0}, "id": "4cb5492552edb1f7fd7766fe", "text": "Hey Peepz! Try the new KFC burger! KFC ROASTA BURGER! THE JUICIEST NEWS IN TOWN!", "type": "user", "user": {"gender": "male", "id": "3897854", "photo": {"prefix": "https://igx.4sqi.net/img/user/", "suffix": "/34Z1OLA0VV5YYSXE.jpg"}, "firstName": "Azhar", "lastName": "Dragneel"}, "canonicalUrl": "https://foursquare.com/item/4cb5492552edb1f7fd7766fe", "todo": {"count": 1}, "disagreeCount": 0}, {"logView": true, "lang": "en", "createdAt": 1328873453, "agreeCount": 1, "likes": {"groups": [{"items": [{"gender": "male", "id": "4053368", "photo": {"prefix": "https://igx.4sqi.net/img/user/", "suffix": "/E0UID30HZNH4DXMR.jpg"}, "firstName": "Irwin", "lastName": "Jeff"}], "count": 1, "type": "others"}], "summary": "1 like", "count": 1}, "id": "4f34ffede4b064bef3018b27", "text": "Weak aircon, stuffy", "type": "user", "user": {"gender": "female", "id": "20655826", "photo": {"prefix": "https://igx.4sqi.net/img/user/", "suffix": "/20655826-JVSR2CXTEZCYO5CM.jpg"}, "firstName": "Hui", "lastName": "Li"}, "canonicalUrl": "https://foursquare.com/item/4f34ffede4b064bef3018b27", "todo": {"count": 0}, "disagreeCount": 0}, {"logView": true, "lang": "en", "createdAt": 1296534444, "agreeCount": 0, "likes": {"groups": [], "count": 0}, "id": "4d478bac0bfd5481f4693400", "text": "Too many matrep here..", "type": "user", "user": {"gender": "male", "id": "5964346", "photo": {"prefix": "https://igx.4sqi.net/img/user/", "suffix": "/2OUDQLYI4Q2NF5CY.jpg"}, "firstName": "Harimitto", "lastName": "Olive"}, "canonicalUrl": "https://foursquare.com/item/4d478bac0bfd5481f4693400", "todo": {"count": 0}, "disagreeCount": 0}, {"logView": true, "lang": "en", "createdAt": 1269257419, "agreeCount": 0, "likes": {"groups": [], "count": 0}, "id": "4ba754cb70c603bb583f95b4", "text": "never been here before, even tho itz the nearest kfc. . .", "type": "user", "user": {"gender": "male", "id": "658428", "photo": {"prefix": "https://igx.4sqi.net/img/user/", "suffix": "/2BFACOS3CSC233TP.jpg"}, "firstName": "Yasser", "lastName": "Myro"}, "canonicalUrl": "https://foursquare.com/item/4ba754cb70c603bb583f95b4", "todo": {"count": 1}, "disagreeCount": 0}, {"logView": true, "lang": "en", "createdAt": 1311234747, "agreeCount": 0, "likes": {"groups": [], "count": 0}, "id": "4e27dabb1f6e88a1545c4d3a", "text": "Cheesy Crunch Chicken is not cheesy at all, as stated in the advertisement. Kinda disappointing :(", "type": "user", "user": {"id": "6473087", "photo": {"prefix": "https://igx.4sqi.net/img/user/", "suffix": "/DNH5AR4X0BJLYFZQ.jpg"}, "firstName": "Aishah", "gender": "female"}, "canonicalUrl": "https://foursquare.com/item/4e27dabb1f6e88a1545c4d3a", "todo": {"count": 0}, "disagreeCount": 0}, {"logView": true, "lang": "en", "createdAt": 1308031782, "agreeCount": 1, "likes": {"groups": [{"items": [{"gender": "male", "id": "4053368", "photo": {"prefix": "https://igx.4sqi.net/img/user/", "suffix": "/E0UID30HZNH4DXMR.jpg"}, "firstName": "Irwin", "lastName": "Jeff"}], "count": 1, "type": "others"}], "summary": "1 like", "count": 1}, "id": "4df6fb261495dd5ffb84bcfd", "text": "Cheese Fries!", "type": "user", "user": {"gender": "male", "id": "3955734", "photo": {"prefix": "https://igx.4sqi.net/img/user/", "suffix": "/O0PB1YQ302KIGMRO.jpg"}, "firstName": "Azmie", "lastName": "Cazermy"}, "canonicalUrl": "https://foursquare.com/item/4df6fb261495dd5ffb84bcfd", "todo": {"count": 0}, "disagreeCount": 0}], "count": 6}}}