{"meta": {"code": 200, "requestId": "595a483ff594df3c2572b85f"}, "response": {"tips": {"items": [{"logView": true, "lang": "en", "createdAt": 1313399858, "agreeCount": 0, "likes": {"groups": [], "count": 0}, "id": "4e48e43214959d51c1824c56", "text": "Above the coffee, this is a great place to chillax", "type": "user", "user": {"gender": "male", "id": "12034800", "photo": {"prefix": "https://igx.4sqi.net/img/user/", "suffix": "/3ACCFFC4ASV1GC2T.jpg"}, "firstName": "Stewie", "lastName": "Tay"}, "canonicalUrl": "https://foursquare.com/item/4e48e43214959d51c1824c56", "todo": {"count": 0}, "disagreeCount": 0}, {"logView": true, "lang": "en", "createdAt": 1346774755, "agreeCount": 1, "likes": {"groups": [{"items": [{"gender": "female", "id": "54543570", "photo": {"prefix": "https://igx.4sqi.net/img/user/", "suffix": "/F2GY2YTF0RP1201S.jpg"}, "firstName": "Jenn", "lastName": "Chua"}], "count": 1, "type": "others"}], "summary": "1 like", "count": 1}, "id": "504626e3e4b06e647d1732f1", "text": "Coffee or Tea?!?", "type": "user", "user": {"gender": "male", "id": "6713069", "photo": {"prefix": "https://igx.4sqi.net/img/user/", "suffix": "/6713069_AUnhGd56_Rt4Y19yNRuu3eIQT_KnmSI5TGHVQrOl3I36BcwDnyAM7wnPJGRrsNcvD7vwQf7r1.jpg"}, "firstName": "Muhammad Ector", "lastName": "Prasetyo"}, "canonicalUrl": "https://foursquare.com/item/504626e3e4b06e647d1732f1", "todo": {"count": 0}, "disagreeCount": 0}, {"logView": true, "lang": "en", "createdAt": 1316152748, "agreeCount": 1, "likes": {"groups": [{"items": [{"id": "3156203", "photo": {"prefix": "https://igx.4sqi.net/img/user/", "suffix": "/3156203-ABI2RQOCN0BARHBC.jpg"}, "firstName": "milkmatcha", "gender": "female"}], "count": 1, "type": "others"}], "summary": "1 like", "count": 1}, "id": "4e72e5ac45dd41e9ccb2e4d3", "text": "inconsistent service & drinks quality. sometimes they're friendly and serve good food/drinks, sometimes the tea tastes like soap even after 2 exchanges.", "type": "user", "user": {"gender": "female", "id": "225233", "photo": {"prefix": "https://igx.4sqi.net/img/user/", "suffix": "/225233-BNGOYU1OBJ4DGDJI.jpg"}, "firstName": "thalia", "lastName": "kamarga"}, "canonicalUrl": "https://foursquare.com/item/4e72e5ac45dd41e9ccb2e4d3", "todo": {"count": 0}, "disagreeCount": 0}, {"logView": true, "lang": "en", "createdAt": 1395840533, "agreeCount": 0, "likes": {"groups": [], "count": 0}, "id": "5332d615498ecf1f7c178547", "text": "Try the Moroccan Mint Tea Latte. :)", "type": "user", "user": {"gender": "female", "id": "22358150", "photo": {"prefix": "https://igx.4sqi.net/img/user/", "suffix": "/22358150-ROYNZSO0BS4LMNP1.jpg"}, "firstName": "Liya", "lastName": "Mi"}, "canonicalUrl": "https://foursquare.com/item/5332d615498ecf1f7c178547", "todo": {"count": 0}, "disagreeCount": 0}, {"logView": true, "lang": "en", "createdAt": 1293282290, "agreeCount": 1, "likes": {"groups": [{"items": [{"id": "3156203", "photo": {"prefix": "https://igx.4sqi.net/img/user/", "suffix": "/3156203-ABI2RQOCN0BARHBC.jpg"}, "firstName": "milkmatcha", "gender": "female"}], "count": 1, "type": "others"}], "summary": "1 like", "count": 1}, "id": "4d15ebf21356a093ae2dd382", "text": "No Wireless@SG connection here. :( Twice I came here and had drinks with milk. Twice I had bad tummy after.", "type": "user", "user": {"id": "1647152", "photo": {"prefix": "https://igx.4sqi.net/img/user/", "suffix": "/DAC0K0TMR0SJBS0A.jpg"}, "firstName": "ady", "gender": "female"}, "canonicalUrl": "https://foursquare.com/item/4d15ebf21356a093ae2dd382", "todo": {"count": 0}, "disagreeCount": 0}, {"logView": true, "lang": "en", "createdAt": 1320384214, "agreeCount": 0, "likes": {"groups": [], "count": 0}, "id": "4eb376d6775b544c2670771c", "text": "Now more atas after reno. Food menu changed. :( food prices ex.", "type": "user", "user": {"gender": "female", "id": "955214", "photo": {"prefix": "https://igx.4sqi.net/img/user/", "suffix": "/EZZCOLKKXI0RVML3.jpg"}, "firstName": "Angeline", "lastName": "Soh"}, "canonicalUrl": "https://foursquare.com/item/4eb376d6775b544c2670771c", "todo": {"count": 0}, "disagreeCount": 0}, {"logView": true, "lang": "en", "createdAt": 1414909470, "agreeCount": 0, "likes": {"groups": [], "count": 0}, "id": "5455ce1e11d2c15efcfe9bf5", "text": "Good the ultimate without whipped cream. You can actually add extra shot for $0.80. Wifi is free. Students everywhere.", "type": "user", "user": {"gender": "none", "id": "94299636", "photo": {"prefix": "https://igx.4sqi.net/img/user/", "suffix": "/94299636-WSYPUKGUL4XAJZUH.jpg"}, "firstName": "Sniper", "lastName": "Food Hunt"}, "canonicalUrl": "https://foursquare.com/item/5455ce1e11d2c15efcfe9bf5", "todo": {"count": 0}, "disagreeCount": 0}, {"logView": true, "lang": "en", "createdAt": 1365126208, "agreeCount": 0, "likes": {"groups": [], "count": 0}, "id": "515e2c40e4b09249c7d4b8a0", "text": "serves cream cheese w crusty bread.. is this a new thing?", "type": "user", "user": {"gender": "male", "id": "6488181", "photo": {"prefix": "https://igx.4sqi.net/img/user/", "suffix": "/MO1PBT2KQ2N1M5UF.jpg"}, "firstName": "herfian", "lastName": "rothman"}, "canonicalUrl": "https://foursquare.com/item/515e2c40e4b09249c7d4b8a0", "todo": {"count": 0}, "disagreeCount": 0}, {"logView": true, "lang": "en", "createdAt": 1287154840, "agreeCount": 0, "likes": {"groups": [], "count": 0}, "id": "4cb86c98bac93704f6a2dc7c", "text": "Try de honeydew ice-blended..is yummy!!", "type": "user", "user": {"gender": "female", "id": "3862626", "photo": {"prefix": "https://igx.4sqi.net/img/user/", "suffix": "/LGW3TDG02WW0MMKB.jpg"}, "firstName": "Suying", "lastName": "Goh"}, "canonicalUrl": "https://foursquare.com/item/4cb86c98bac93704f6a2dc7c", "todo": {"count": 0}, "disagreeCount": 0}, {"logView": true, "lang": "en", "createdAt": 1344758614, "agreeCount": 0, "likes": {"groups": [], "count": 0}, "id": "50276356e4b0a90de2a5ab55", "text": "The barristas won't smile at you. Wi-fi? Sucks. Drinks? The only thing that makes me stay.", "type": "user", "user": {"id": "3156203", "photo": {"prefix": "https://igx.4sqi.net/img/user/", "suffix": "/3156203-ABI2RQOCN0BARHBC.jpg"}, "firstName": "milkmatcha", "gender": "female"}, "canonicalUrl": "https://foursquare.com/item/50276356e4b0a90de2a5ab55", "todo": {"count": 0}, "disagreeCount": 0}, {"logView": true, "lang": "en", "createdAt": 1304312019, "agreeCount": 0, "likes": {"groups": [], "count": 0}, "id": "4dbe38d3a86e0e98a20d10f7", "text": "Try the Chai Latte with a dash of Cinnamon", "type": "user", "user": {"gender": "female", "id": "8471346", "photo": {"prefix": "https://igx.4sqi.net/img/user/", "default": true, "suffix": "/blank_girl.png"}, "firstName": "Madhulika", "lastName": "Mathur"}, "canonicalUrl": "https://foursquare.com/item/4dbe38d3a86e0e98a20d10f7", "todo": {"count": 0}, "disagreeCount": 0}, {"logView": true, "lang": "en", "createdAt": 1385208939, "agreeCount": 0, "likes": {"groups": [], "count": 0}, "id": "52909c6b498e45b5cd4dd0f7", "text": "Seems like they serve up a whole spread now. And only available at CBTL @ Holland V... Nachos, soups, sandwiches, pastas, brunch items, everything!", "type": "user", "user": {"gender": "female", "id": "4405257", "photo": {"prefix": "https://igx.4sqi.net/img/user/", "suffix": "/EGEOHIDRCNTRLVYJ.jpg"}, "firstName": "Pam", "lastName": "Sia"}, "canonicalUrl": "https://foursquare.com/item/52909c6b498e45b5cd4dd0f7", "todo": {"count": 0}, "disagreeCount": 0}, {"logView": true, "lang": "en", "createdAt": 1364839505, "agreeCount": 0, "likes": {"groups": [], "count": 0}, "id": "5159cc51e4b0c70f68330b4e", "text": "pretty sure their profits will be much higher if they just turn down their aircon after 12am and save on their electricity bills. its friggin cold if you're studying here after midnight.", "type": "user", "user": {"gender": "male", "id": "4244013", "photo": {"prefix": "https://igx.4sqi.net/img/user/", "suffix": "/X5TLT5CA5CTDYV44.jpg"}, "firstName": "Kevin", "lastName": "Goh"}, "canonicalUrl": "https://foursquare.com/item/5159cc51e4b0c70f68330b4e", "todo": {"count": 0}, "disagreeCount": 0}, {"logView": true, "lang": "en", "createdAt": 1323424284, "agreeCount": 0, "likes": {"groups": [], "count": 0}, "id": "4ee1da1c93ad88a6be419632", "text": "Simply love the combination of vanilla latte and carrot cake...", "type": "user", "user": {"gender": "female", "id": "1005905", "photo": {"prefix": "https://igx.4sqi.net/img/user/", "suffix": "/4Q01YPUCHVJNWYAL.jpg"}, "firstName": "Nur", "lastName": "Aryani"}, "canonicalUrl": "https://foursquare.com/item/4ee1da1c93ad88a6be419632", "todo": {"count": 0}, "disagreeCount": 0}, {"logView": true, "lang": "en", "createdAt": 1288449722, "agreeCount": 0, "likes": {"groups": [{"items": [], "count": 2, "type": "others"}], "summary": "2 likes", "count": 2}, "id": "4ccc2ebac0378cfab24d8448", "text": "Yoghurt is yummy!!!", "type": "user", "user": {"gender": "female", "id": "198118", "photo": {"prefix": "https://igx.4sqi.net/img/user/", "suffix": "/W4TQ3VDEEPIPFTBK.jpg"}, "firstName": "Betty", "lastName": "Lim"}, "canonicalUrl": "https://foursquare.com/item/4ccc2ebac0378cfab24d8448", "todo": {"count": 0}, "disagreeCount": 0}, {"logView": true, "lang": "en", "createdAt": 1343813756, "agreeCount": 1, "likes": {"groups": [{"items": [{"id": "375393", "photo": {"prefix": "https://igx.4sqi.net/img/user/", "suffix": "/15EPDUGYLVUBK52V.jpg"}, "firstName": "UncleT", "gender": "male"}], "count": 1, "type": "others"}], "summary": "1 like", "count": 1}, "id": "5018f87ce4b086597656bf3f", "text": "Don't take the breakfast, it's terrible. But coffee is good", "type": "user", "user": {"gender": "male", "id": "33741945", "photo": {"prefix": "https://igx.4sqi.net/img/user/", "suffix": "/AH1KXXRH4KYDXVIT.jpg"}, "firstName": "Hans Jorn", "lastName": "Petersen"}, "canonicalUrl": "https://foursquare.com/item/5018f87ce4b086597656bf3f", "todo": {"count": 0}, "disagreeCount": 0}, {"logView": true, "lang": "en", "createdAt": 1411286347, "agreeCount": 1, "likes": {"groups": [{"items": [{"gender": "none", "id": "94299636", "photo": {"prefix": "https://igx.4sqi.net/img/user/", "suffix": "/94299636-WSYPUKGUL4XAJZUH.jpg"}, "firstName": "Sniper", "lastName": "Food Hunt"}], "count": 1, "type": "others"}], "summary": "1 like", "count": 1}, "id": "541e854b498e9956b2f8d4a4", "text": "Cheesecake and original mocha and you cab study here. Weak WiFi tho.", "type": "user", "user": {"gender": "male", "id": "14140865", "photo": {"prefix": "https://igx.4sqi.net/img/user/", "suffix": "/14140865-EJTFL45O25SLSHGX.jpg"}, "firstName": "Jeremy", "lastName": "Tay"}, "canonicalUrl": "https://foursquare.com/item/541e854b498e9956b2f8d4a4", "todo": {"count": 0}, "disagreeCount": 0}, {"logView": true, "lang": "en", "createdAt": 1320384715, "agreeCount": 1, "likes": {"groups": [{"items": [{"id": "3156203", "photo": {"prefix": "https://igx.4sqi.net/img/user/", "suffix": "/3156203-ABI2RQOCN0BARHBC.jpg"}, "firstName": "milkmatcha", "gender": "female"}], "count": 1, "type": "others"}], "summary": "1 like", "count": 1}, "id": "4eb378cb991165b7619074e5", "text": "Their free wireless sux big time....", "type": "user", "user": {"gender": "female", "id": "955214", "photo": {"prefix": "https://igx.4sqi.net/img/user/", "suffix": "/EZZCOLKKXI0RVML3.jpg"}, "firstName": "Angeline", "lastName": "Soh"}, "canonicalUrl": "https://foursquare.com/item/4eb378cb991165b7619074e5", "todo": {"count": 0}, "disagreeCount": 0}, {"logView": true, "lang": "en", "createdAt": 1291039954, "agreeCount": 1, "likes": {"groups": [{"items": [{"gender": "male", "id": "10819404", "photo": {"prefix": "https://igx.4sqi.net/img/user/", "suffix": "/10819404-WTRWZQLIHTU3ZQ42.jpg"}, "firstName": "Denis", "lastName": "Gavrilov"}], "count": 2, "type": "others"}], "summary": "2 likes", "count": 2}, "id": "4cf3b4d288de3704e484802b", "text": "good place to study and chillax", "type": "user", "user": {"gender": "male", "id": "1350557", "photo": {"prefix": "https://igx.4sqi.net/img/user/", "suffix": "/NHOYDRWZMMEKZZOC.jpg"}, "firstName": "Malcolm", "lastName": "Ng"}, "canonicalUrl": "https://foursquare.com/item/4cf3b4d288de3704e484802b", "todo": {"count": 0}, "disagreeCount": 0}, {"logView": true, "lang": "en", "createdAt": 1296982069, "agreeCount": 1, "likes": {"groups": [{"items": [{"id": "3156203", "photo": {"prefix": "https://igx.4sqi.net/img/user/", "suffix": "/3156203-ABI2RQOCN0BARHBC.jpg"}, "firstName": "milkmatcha", "gender": "female"}], "count": 1, "type": "others"}], "summary": "1 like", "count": 1}, "id": "4d4e6035122b548118e2844f", "text": "Don't expect service with a smile", "type": "user", "user": {"gender": "female", "id": "5513225", "photo": {"prefix": "https://igx.4sqi.net/img/user/", "suffix": "/BSH2ET1D4XBJS021.jpg"}, "firstName": "Claire", "lastName": "Especkerman"}, "canonicalUrl": "https://foursquare.com/item/4d4e6035122b548118e2844f", "todo": {"count": 0}, "disagreeCount": 0}, {"logView": true, "lang": "en", "createdAt": 1301755776, "agreeCount": 0, "likes": {"groups": [], "count": 0}, "id": "4d973780c19fb60cb85f9065", "text": "Though the new ice blended espresso & cream looks a like disaster, but the taste is pretty decent, worth to give a try =)", "type": "user", "user": {"gender": "female", "id": "2534119", "photo": {"prefix": "https://igx.4sqi.net/img/user/", "suffix": "/2534119-R1A0PDVCLFBMZSQU.jpg"}, "firstName": "Zoe", "lastName": "Zhang"}, "canonicalUrl": "https://foursquare.com/item/4d973780c19fb60cb85f9065", "todo": {"count": 0}, "disagreeCount": 0}, {"logView": true, "lang": "en", "createdAt": 1348398918, "agreeCount": 0, "likes": {"groups": [], "count": 0}, "id": "505eef46e4b0ccfa92097d02", "text": "Restrooms are on the far left behind a sliding wood pannelled wall.", "type": "user", "user": {"gender": "male", "id": "13273134", "photo": {"prefix": "https://igx.4sqi.net/img/user/", "suffix": "/13273134-PC00O5PMLGAZJQV5.jpg"}, "firstName": "Jonathan", "lastName": "Caines"}, "canonicalUrl": "https://foursquare.com/item/505eef46e4b0ccfa92097d02", "todo": {"count": 0}, "disagreeCount": 0}, {"logView": true, "lang": "en", "createdAt": 1294231586, "agreeCount": 0, "likes": {"groups": [], "count": 0}, "id": "4d24682275526dcbf79109a9", "text": "pure vanilla ice blend with raspberry cheese cake. I like", "type": "user", "user": {"gender": "female", "id": "3148320", "photo": {"prefix": "https://igx.4sqi.net/img/user/", "suffix": "/OJ5TPPVARTDJ1DNK.jpg"}, "firstName": "Jiayun", "lastName": "Bai"}, "canonicalUrl": "https://foursquare.com/item/4d24682275526dcbf79109a9", "todo": {"count": 0}, "disagreeCount": 0}, {"logView": true, "lang": "en", "createdAt": 1322472292, "agreeCount": 0, "likes": {"groups": [], "count": 0}, "id": "4ed35364b8f7971d6e0e158a", "text": "Just so you all know, there is only 2 power points here. So if you're looking for a place to do projects and all, do reconsider. :)", "type": "user", "user": {"gender": "female", "id": "5277797", "photo": {"prefix": "https://igx.4sqi.net/img/user/", "suffix": "/ZFFDIPIPAUNQQO4A.jpg"}, "firstName": "Tiffy", "lastName": "W."}, "canonicalUrl": "https://foursquare.com/item/4ed35364b8f7971d6e0e158a", "todo": {"count": 1}, "disagreeCount": 0}, {"logView": true, "lang": "en", "createdAt": 1332555068, "agreeCount": 0, "likes": {"groups": [], "count": 0}, "id": "4f6d2d3ce4b0463c9382f952", "text": "staff seems to hv propensity to remove food fm tables too early.. watch those bathroom or refill trips.. do ask for replacemt if tt happens!", "type": "user", "user": {"gender": "male", "id": "6488181", "photo": {"prefix": "https://igx.4sqi.net/img/user/", "suffix": "/MO1PBT2KQ2N1M5UF.jpg"}, "firstName": "herfian", "lastName": "rothman"}, "canonicalUrl": "https://foursquare.com/item/4f6d2d3ce4b0463c9382f952", "todo": {"count": 0}, "disagreeCount": 0}, {"logView": true, "lang": "en", "createdAt": 1332917802, "agreeCount": 1, "likes": {"groups": [{"items": [{"gender": "male", "id": "31922802", "photo": {"prefix": "https://igx.4sqi.net/img/user/", "suffix": "/A5GNMKMVDR5T4TLW.jpg"}, "firstName": "Torbi", "lastName": "Gamer"}], "count": 2, "type": "others"}], "summary": "2 likes", "count": 2}, "id": "4f72b62ae4b0905384cde942", "text": "Watch out! Their menu here is different (more pricey) than the other outlets in SG.", "type": "user", "user": {"gender": "male", "id": "1197564", "photo": {"prefix": "https://igx.4sqi.net/img/user/", "suffix": "/LDRKE5CBA1K3F141.jpg"}, "firstName": "Jeremy", "lastName": "Khong"}, "canonicalUrl": "https://foursquare.com/item/4f72b62ae4b0905384cde942", "todo": {"count": 0}, "disagreeCount": 0}, {"logView": true, "lang": "en", "createdAt": 1294455296, "agreeCount": 0, "likes": {"groups": [{"items": [], "count": 3, "type": "others"}], "summary": "3 likes", "count": 3}, "id": "4d27d200ebacb1f70949eb4f", "text": "The yougurt is great! And the service staff are friendly!=)", "type": "user", "user": {"gender": "male", "id": "4628494", "photo": {"prefix": "https://igx.4sqi.net/img/user/", "suffix": "/ZU2KNA0HRRGWNXO3.jpg"}, "firstName": "Jeremy", "lastName": "Kiew"}, "canonicalUrl": "https://foursquare.com/item/4d27d200ebacb1f70949eb4f", "todo": {"count": 0}, "disagreeCount": 0}, {"logView": true, "lang": "en", "createdAt": 1285744929, "agreeCount": 2, "likes": {"groups": [{"items": [{"gender": "male", "id": "1185443", "photo": {"prefix": "https://igx.4sqi.net/img/user/", "suffix": "/WQA1XXTWGLM1DJ2T.jpg"}, "firstName": "Michael", "lastName": "Lott"}, {"gender": "none", "id": "38435582", "photo": {"prefix": "https://igx.4sqi.net/img/user/", "default": true, "suffix": "/blank_boy.png"}, "firstName": "Anthy", "lastName": "Trhee"}], "count": 2, "type": "others"}], "summary": "2 likes", "count": 2}, "id": "4ca2e921b0ff8cfa8cdbb25e", "text": "The blended ice double chocolate is actually not bad. Starbucks is packed with inconsiderate students", "type": "user", "user": {"gender": "male", "id": "3570264", "photo": {"prefix": "https://igx.4sqi.net/img/user/", "suffix": "/LVQKO1NC0VCM3Y41.jpg"}, "firstName": "James", "lastName": "Li Zhiwei"}, "canonicalUrl": "https://foursquare.com/item/4ca2e921b0ff8cfa8cdbb25e", "todo": {"count": 0}, "disagreeCount": 0}, {"logView": true, "lang": "en", "createdAt": 1369919822, "agreeCount": 0, "likes": {"groups": [], "count": 0}, "id": "51a7514e498eaae885bc91d2", "text": "Will give the pan fried sea bass a miss next time. The portion was small, sauce  was buttery.", "type": "user", "user": {"gender": "female", "id": "7495211", "photo": {"prefix": "https://igx.4sqi.net/img/user/", "suffix": "/4UUIFAN2HOFWS4H2.jpg"}, "firstName": "Emily", "lastName": "Pham"}, "canonicalUrl": "https://foursquare.com/item/51a7514e498eaae885bc91d2", "todo": {"count": 0}, "disagreeCount": 0}, {"logView": true, "lang": "en", "createdAt": 1365602263, "agreeCount": 0, "likes": {"groups": [], "count": 0}, "id": "51656fd7e4b0383514e01ed7", "text": "Awesome froyo \"sweet or sour\" she said.", "type": "user", "user": {"gender": "none", "id": "2360091", "photo": {"prefix": "https://igx.4sqi.net/img/user/", "suffix": "/2360091-LLET1C3FTSNVP32F.jpg"}, "firstName": "Thomasina", "lastName": "Owch"}, "canonicalUrl": "https://foursquare.com/item/51656fd7e4b0383514e01ed7", "todo": {"count": 0}, "disagreeCount": 0}, {"logView": true, "lang": "en", "createdAt": 1305191078, "agreeCount": 0, "likes": {"groups": [], "count": 0}, "id": "4dcba2a67d8b84bcd558105b", "text": "Careful about ordering coffee in the afternoon--often comes stale and lukewarm", "type": "user", "user": {"gender": "male", "id": "8246401", "photo": {"prefix": "https://igx.4sqi.net/img/user/", "suffix": "/UQXAL3KOGS0JKHKN.jpg"}, "firstName": "Will", "lastName": "H."}, "canonicalUrl": "https://foursquare.com/item/4dcba2a67d8b84bcd558105b", "todo": {"count": 0}, "disagreeCount": 0}, {"logView": true, "lang": "en", "createdAt": 1321034373, "agreeCount": 0, "likes": {"groups": [], "count": 0}, "id": "4ebd62850cd6795a2f816cf6", "text": "pretty great place to pull an all nighter to study for exams.. although a bit noisy wearing headset can reduce the noise...lol", "type": "user", "user": {"gender": "male", "id": "3805983", "photo": {"prefix": "https://igx.4sqi.net/img/user/", "suffix": "/P333OCVCCZ0DFILW.jpg"}, "firstName": "Aerick", "lastName": "Siswanto"}, "canonicalUrl": "https://foursquare.com/item/4ebd62850cd6795a2f816cf6", "todo": {"count": 0}, "disagreeCount": 0}, {"logView": true, "lang": "en", "createdAt": 1287337954, "agreeCount": 0, "likes": {"groups": [], "count": 0}, "id": "4cbb37e2dd41a35d90daeca0", "text": "Service here is becoming appalling. If you're not here for the odd hours, visit the nearby Starbucks or Coffee Club instead.", "type": "user", "user": {"gender": "male", "id": "330355", "photo": {"prefix": "https://igx.4sqi.net/img/user/", "suffix": "/TSORL23AKQFUD2G4.jpg"}, "firstName": "Lynx", "lastName": "Ng"}, "canonicalUrl": "https://foursquare.com/item/4cbb37e2dd41a35d90daeca0", "todo": {"count": 0}, "disagreeCount": 0}, {"logView": true, "lang": "en", "createdAt": 1283000525, "agreeCount": 0, "likes": {"groups": [], "count": 0}, "id": "4c7908cd566db60c4668430e", "text": "Great memories here!", "type": "user", "user": {"gender": "male", "id": "2788613", "photo": {"prefix": "https://igx.4sqi.net/img/user/", "suffix": "/T3J2EMD4IXQ5CV0Q.jpg"}, "firstName": "Pepe", "lastName": "Torres"}, "canonicalUrl": "https://foursquare.com/item/4c7908cd566db60c4668430e", "todo": {"count": 0}, "disagreeCount": 0}, {"logView": true, "lang": "en", "createdAt": 1289444677, "agreeCount": 0, "likes": {"groups": [], "count": 0}, "id": "4cdb5d45cea2224beb6b854c", "text": "The Breakfast All-Day sets are great if you live nearby and you're too lazy to make your own breakfast. Like me. :p", "type": "user", "user": {"gender": "female", "id": "261779", "photo": {"prefix": "https://igx.4sqi.net/img/user/", "suffix": "/261779_42P9RXDn_kszHnn2769y0o3BJDWkaM5ougBte7Jc0lg8xk7IQoAlC5YVB4m0kVhjySgJKHtiZ.jpg"}, "firstName": "Si\u00e2n", "lastName": "Ng"}, "canonicalUrl": "https://foursquare.com/item/4cdb5d45cea2224beb6b854c", "todo": {"count": 0}, "disagreeCount": 0}, {"logView": true, "lang": "en", "createdAt": 1332555226, "agreeCount": 0, "likes": {"groups": [], "count": 0}, "id": "4f6d2ddae4b0463c93836311", "text": "food is served here COLD.. cold sunny side up? Seriously???  esp bacon too", "type": "user", "user": {"gender": "male", "id": "6488181", "photo": {"prefix": "https://igx.4sqi.net/img/user/", "suffix": "/MO1PBT2KQ2N1M5UF.jpg"}, "firstName": "herfian", "lastName": "rothman"}, "canonicalUrl": "https://foursquare.com/item/4f6d2ddae4b0463c93836311", "todo": {"count": 0}, "disagreeCount": 0}, {"logView": true, "lang": "en", "createdAt": 1323363283, "agreeCount": 0, "likes": {"groups": [], "count": 0}, "id": "4ee0ebd36da1d9fae38d3098", "text": "Smoking area is limited to 4 tables and they're all cramped in one corner.", "type": "user", "user": {"gender": "male", "id": "16277114", "photo": {"prefix": "https://igx.4sqi.net/img/user/", "suffix": "/WNPZXNEZLGLLMQKE.jpg"}, "firstName": "JM", "lastName": "Lagapa"}, "canonicalUrl": "https://foursquare.com/item/4ee0ebd36da1d9fae38d3098", "todo": {"count": 0}, "disagreeCount": 0}, {"logView": true, "lang": "en", "createdAt": 1303789959, "agreeCount": 0, "likes": {"groups": [], "count": 0}, "id": "4db64187fa8c3502410d06ee", "text": "Food menu is better now. New drink menu hv very \"large\" fonts.", "type": "user", "user": {"gender": "none", "id": "5957096", "photo": {"prefix": "https://igx.4sqi.net/img/user/", "suffix": "/21DIS3UWWEWJXKRP.jpg"}, "firstName": "Ripple", "lastName": "Van"}, "canonicalUrl": "https://foursquare.com/item/4db64187fa8c3502410d06ee", "todo": {"count": 0}, "disagreeCount": 0}, {"logView": true, "lang": "en", "createdAt": 1323651428, "agreeCount": 0, "likes": {"groups": [], "count": 0}, "id": "4ee55164be7b4845a5245854", "text": "Most coffee bean outlets have terrible service, in my experience but this one is the worst! Had to eat here as I was left with no choice...won't be repeating the same mistake again.", "type": "user", "user": {"id": "3100569", "photo": {"prefix": "https://igx.4sqi.net/img/user/", "suffix": "/PYAAVPAZIZL1DS5G.jpg"}, "firstName": "jaschintaz", "gender": "female"}, "canonicalUrl": "https://foursquare.com/item/4ee55164be7b4845a5245854", "todo": {"count": 0}, "disagreeCount": 0}, {"logView": true, "lang": "en", "createdAt": 1380128767, "agreeCount": 0, "likes": {"groups": [], "count": 0}, "id": "524317ff498e1de471f4c9ac", "text": "Matcha latte is horrifically sweet. And we pay $5.80 for this crap?", "type": "user", "user": {"gender": "female", "id": "3595710", "photo": {"prefix": "https://igx.4sqi.net/img/user/", "suffix": "/3POB4IABOOPHCXLG.jpg"}, "firstName": "Karen", "lastName": "L."}, "canonicalUrl": "https://foursquare.com/item/524317ff498e1de471f4c9ac", "todo": {"count": 0}, "disagreeCount": 0}, {"logView": true, "lang": "en", "createdAt": 1303094417, "agreeCount": 0, "likes": {"groups": [], "count": 0}, "id": "4daba491bf882cb7a955076a", "text": "Nice place to have brunch on a Sunday morning.", "type": "user", "user": {"gender": "female", "id": "3870054", "photo": {"prefix": "https://igx.4sqi.net/img/user/", "suffix": "/2PHG3J0JPNPGTG4O.jpg"}, "firstName": "JeeHyun", "lastName": "Shin"}, "canonicalUrl": "https://foursquare.com/item/4daba491bf882cb7a955076a", "todo": {"count": 0}, "disagreeCount": 0}, {"logView": true, "lang": "en", "createdAt": 1399489022, "agreeCount": 0, "likes": {"groups": [], "count": 0}, "id": "536a81fe498e674adc64e316", "text": "The green tea tiramisu is brilliant.", "type": "user", "user": {"gender": "female", "id": "22150865", "photo": {"prefix": "https://igx.4sqi.net/img/user/", "suffix": "/22150865-HVW12053HT4CNVAL.jpg"}, "firstName": "Shimma", "lastName": "A Rahim"}, "canonicalUrl": "https://foursquare.com/item/536a81fe498e674adc64e316", "todo": {"count": 0}, "disagreeCount": 0}, {"logView": true, "lang": "en", "createdAt": 1369611647, "agreeCount": 0, "likes": {"groups": [], "count": 0}, "id": "51a29d7f498ec2b240aaf017", "text": "The double hot choc is divine especially with the mini marshmallows!", "type": "user", "user": {"gender": "female", "id": "51449699", "photo": {"prefix": "https://igx.4sqi.net/img/user/", "suffix": "/NZKKKWEEP5CAZFL4.jpg"}, "firstName": "Veena", "lastName": "Nanthakumar"}, "canonicalUrl": "https://foursquare.com/item/51a29d7f498ec2b240aaf017", "todo": {"count": 0}, "disagreeCount": 0}, {"logView": true, "lang": "en", "createdAt": 1293284311, "agreeCount": 0, "likes": {"groups": [], "count": 0}, "id": "4d15f3d7cc216ea8ba8f66d3", "text": "Good place for coffee in the wee hours =))) do bring a jacket if u scare of cold =))", "type": "user", "user": {"id": "2997630", "photo": {"prefix": "https://igx.4sqi.net/img/user/", "suffix": "/TGQPU42WMCNZXJPG.jpg"}, "firstName": "\ud83d\udc97Jojoty\ud83d\udc97", "gender": "female"}, "canonicalUrl": "https://foursquare.com/item/4d15f3d7cc216ea8ba8f66d3", "todo": {"count": 1}, "disagreeCount": 0}, {"logView": true, "lang": "en", "createdAt": 1356959263, "agreeCount": 1, "likes": {"groups": [{"items": [{"gender": "none", "id": "7336910", "photo": {"prefix": "https://igx.4sqi.net/img/user/", "suffix": "/7336910_SHACTGSb_Og7c3EQbeBagwYduXi06k0HMdKff6hhUjCkhYD0RfWYfOsIL-oiznTsUMk-_Of6c.jpg"}, "firstName": "Trans", "lastName": "Female"}], "count": 1, "type": "others"}], "summary": "1 like", "count": 1}, "id": "50e18e1fe4b0929c2d36fca7", "text": "So far til Im lost :(", "type": "user", "user": {"gender": "female", "id": "43936647", "photo": {"prefix": "https://igx.4sqi.net/img/user/", "suffix": "/TUQ4SZZLZOK1DFMK.jpg"}, "firstName": "Noor", "lastName": "Dieyanah"}, "canonicalUrl": "https://foursquare.com/item/50e18e1fe4b0929c2d36fca7", "todo": {"count": 0}, "disagreeCount": 0}, {"logView": true, "lang": "en", "createdAt": 1295420814, "agreeCount": 0, "likes": {"groups": [], "count": 0}, "id": "4d368d8e48098cfae4cb4717", "text": "The pure vanilla here is ORGASMIC!!! :D", "type": "user", "user": {"gender": "male", "id": "2102634", "photo": {"prefix": "https://igx.4sqi.net/img/user/", "suffix": "/5FHMTX4Z0JYVZJM3.jpg"}, "firstName": "Calvin", "lastName": "Ong"}, "canonicalUrl": "https://foursquare.com/item/4d368d8e48098cfae4cb4717", "todo": {"count": 0}, "disagreeCount": 0}, {"logView": true, "lang": "en", "createdAt": 1284025065, "todo": {"count": 0}, "agreeCount": 0, "likes": {"groups": [], "count": 0}, "id": "4c88aae94f2395218ee245ee", "text": "**Chip Bee Garden for Lease**1) 2-storey intermediate terrace 3bedrooms from S$35002) Apartment's choices of 3/4 bedrooms rental from S$2950. Mins walk to Buona Vista MRTLimited to One North Per", "disagreeCount": 0, "url": "http://www.facebook.com/prisglobal", "user": {"id": "966751", "photo": {"prefix": "https://igx.4sqi.net/img/user/", "suffix": "/ZMQ1GDZCPYPB2UHP.jpg"}, "firstName": "iPris", "gender": "female"}, "canonicalUrl": "https://foursquare.com/item/4c88aae94f2395218ee245ee", "type": "user"}, {"logView": true, "lang": "en", "createdAt": 1375348936, "agreeCount": 0, "likes": {"groups": [], "count": 0}, "id": "51fa28c8498e86ffd704635c", "text": "Hey need to separate the tables. Most of the time only 1student occupying 1 table and 4 chairs and at 1drink/hour not really good for turn over either...", "type": "user", "user": {"gender": "male", "id": "8481209", "photo": {"prefix": "https://igx.4sqi.net/img/user/", "suffix": "/8481209-WJFELJFPBEXFR2XF.jpg"}, "firstName": "Brecht", "lastName": "De Weirdt"}, "canonicalUrl": "https://foursquare.com/item/51fa28c8498e86ffd704635c", "todo": {"count": 0}, "disagreeCount": 0}, {"logView": true, "lang": "en", "createdAt": 1340074481, "agreeCount": 0, "likes": {"groups": [], "count": 0}, "id": "4fdfe9f1e4b09fe527282292", "text": "yummy yogurt", "type": "user", "user": {"gender": "male", "id": "3023368", "photo": {"prefix": "https://igx.4sqi.net/img/user/", "suffix": "/V3CG4EHVLJHRTXKK.jpg"}, "firstName": "Ahmad Nazri", "lastName": "Mohamed Naim"}, "canonicalUrl": "https://foursquare.com/item/4fdfe9f1e4b09fe527282292", "todo": {"count": 0}, "disagreeCount": 0}, {"logView": true, "lang": "en", "createdAt": 1303633372, "agreeCount": 0, "likes": {"groups": [], "count": 0}, "id": "4db3dddc6a23c31a030bf442", "text": "The aunties are quite unfriendly ~___~ but better to study here than SB", "type": "user", "user": {"gender": "female", "id": "1849622", "photo": {"prefix": "https://igx.4sqi.net/img/user/", "suffix": "/OECD1E2G2MS40E3X.jpg"}, "firstName": "Esther", "lastName": "Teo"}, "canonicalUrl": "https://foursquare.com/item/4db3dddc6a23c31a030bf442", "todo": {"count": 0}, "disagreeCount": 0}, {"logView": true, "lang": "en", "createdAt": 1263918448, "agreeCount": 0, "likes": {"groups": [], "count": 0}, "id": "4b55dd7070c603bb5cdb8fb4", "text": "sit outside and people watch anytime of the day/night.", "type": "user", "user": {"gender": "female", "id": "261779", "photo": {"prefix": "https://igx.4sqi.net/img/user/", "suffix": "/261779_42P9RXDn_kszHnn2769y0o3BJDWkaM5ougBte7Jc0lg8xk7IQoAlC5YVB4m0kVhjySgJKHtiZ.jpg"}, "firstName": "Si\u00e2n", "lastName": "Ng"}, "canonicalUrl": "https://foursquare.com/item/4b55dd7070c603bb5cdb8fb4", "todo": {"count": 0}, "disagreeCount": 0}, {"logView": true, "lang": "en", "createdAt": 1272518806, "agreeCount": 0, "likes": {"groups": [{"items": [], "count": 1, "type": "others"}], "summary": "1 like", "count": 1}, "id": "4bd9189670c603bb2d9d99b4", "text": "chicken and mushroom pasta is pretty bland.", "type": "user", "user": {"id": "1041741", "photo": {"prefix": "https://igx.4sqi.net/img/user/", "default": true, "suffix": "/blank_girl.png"}, "firstName": "Feliciao", "gender": "female"}, "canonicalUrl": "https://foursquare.com/item/4bd9189670c603bb2d9d99b4", "todo": {"count": 0}, "disagreeCount": 0}, {"logView": true, "lang": "en", "createdAt": 1301812679, "agreeCount": 0, "likes": {"groups": [], "count": 0}, "id": "4d9815c7d1bca090ac7668b4", "text": "Clocking @ 12midnight. Ultimate Mocha & Black Forest Ice Blended with slice of baked cheese cake. Followed by caesar salad is a bliss~", "type": "user", "user": {"gender": "female", "id": "6921023", "photo": {"prefix": "https://igx.4sqi.net/img/user/", "suffix": "/VHR5QEG5VUG1L1LN.jpg"}, "firstName": "Carrie", "lastName": "Phang"}, "canonicalUrl": "https://foursquare.com/item/4d9815c7d1bca090ac7668b4", "todo": {"count": 1}, "disagreeCount": 0}, {"authorInteractionType": "liked", "logView": true, "lang": "en", "createdAt": 1491489528, "agreeCount": 0, "likes": {"groups": [], "count": 0}, "id": "58e652f8d4390747e8becdd0", "text": "Go for the armchairs in the back. They are more comfy to sit on.", "type": "user", "user": {"gender": "female", "id": "42668193", "photo": {"prefix": "https://igx.4sqi.net/img/user/", "suffix": "/TD0GT2403DBIQDT5.jpg"}, "firstName": "Elizabeth", "lastName": "Lee"}, "canonicalUrl": "https://foursquare.com/item/58e652f8d4390747e8becdd0", "todo": {"count": 0}, "disagreeCount": 0}, {"logView": true, "lang": "en", "createdAt": 1297615305, "agreeCount": 0, "likes": {"groups": [], "count": 0}, "id": "4d5809c9d1a08cfadbc40aba", "text": "So many years later, and still this remains the CBTL branch with the stickiest, unwiped tables.", "type": "user", "user": {"gender": "male", "id": "330355", "photo": {"prefix": "https://igx.4sqi.net/img/user/", "suffix": "/TSORL23AKQFUD2G4.jpg"}, "firstName": "Lynx", "lastName": "Ng"}, "canonicalUrl": "https://foursquare.com/item/4d5809c9d1a08cfadbc40aba", "todo": {"count": 0}, "disagreeCount": 0}, {"logView": true, "lang": "en", "createdAt": 1307776667, "agreeCount": 0, "likes": {"groups": [], "count": 0}, "id": "4df3169bd1649c8a28e1f281", "text": "No study sign everywhere. COOL!!!", "type": "user", "user": {"id": "1588273", "photo": {"prefix": "https://igx.4sqi.net/img/user/", "suffix": "/XSJMPNP024DXDI1O.jpg"}, "firstName": "YJ", "gender": "male"}, "canonicalUrl": "https://foursquare.com/item/4df3169bd1649c8a28e1f281", "todo": {"count": 0}, "disagreeCount": 0}, {"logView": true, "lang": "en", "createdAt": 1336614769, "agreeCount": 0, "likes": {"groups": [], "count": 0}, "id": "4fab1f71e4b0685b5ad52ddf", "text": "The world's best Hazelnut Latte! Yummy", "type": "user", "user": {"gender": "female", "id": "13173038", "photo": {"prefix": "https://igx.4sqi.net/img/user/", "suffix": "/13173038-ICMJHRUWVMCVM0MT.jpg"}, "firstName": "Apekshya", "lastName": "Nepal"}, "canonicalUrl": "https://foursquare.com/item/4fab1f71e4b0685b5ad52ddf", "todo": {"count": 0}, "disagreeCount": 0}, {"logView": true, "lang": "en", "createdAt": 1289797234, "agreeCount": 1, "likes": {"groups": [{"items": [{"gender": "female", "id": "3079936", "photo": {"prefix": "https://igx.4sqi.net/img/user/", "suffix": "/3079936-4QQVF553GFGD0BUK.jpg"}, "firstName": "Felicia", "lastName": "Tung"}], "count": 3, "type": "others"}], "summary": "3 likes", "count": 3}, "id": "4ce0be72f8a4a14396a8e6bc", "text": "'No studying' signs everywhere. Not cool.", "type": "user", "user": {"gender": "female", "id": "3424668", "photo": {"prefix": "https://igx.4sqi.net/img/user/", "suffix": "/GAKVTUSG05JJCUO2.jpg"}, "firstName": "Angela", "lastName": "Oon"}, "canonicalUrl": "https://foursquare.com/item/4ce0be72f8a4a14396a8e6bc", "todo": {"count": 0}, "disagreeCount": 0}, {"logView": true, "lang": "en", "createdAt": 1272884561, "agreeCount": 0, "likes": {"groups": [{"items": [], "count": 2, "type": "others"}], "summary": "2 likes", "count": 2}, "id": "4bdead5170c603bb381c9ab4", "text": "Ooo. They now serve yogurt here!", "type": "user", "user": {"id": "146210", "photo": {"prefix": "https://igx.4sqi.net/img/user/", "suffix": "/146210-V1ZYVBAQALJF2S4Z.jpg"}, "firstName": "Wolfgang J. Pereira", "gender": "male"}, "canonicalUrl": "https://foursquare.com/item/4bdead5170c603bb381c9ab4", "todo": {"count": 0}, "disagreeCount": 0}, {"logView": true, "lang": "en", "createdAt": 1337364004, "agreeCount": 0, "likes": {"groups": [], "count": 0}, "id": "4fb68e24e4b03f88368000e8", "text": "The only thing I drink @CBTL are chai lattes cuz theyr'e awesome!", "type": "user", "user": {"gender": "female", "id": "16736206", "photo": {"prefix": "https://igx.4sqi.net/img/user/", "suffix": "/16736206-P3ZV4TKFEZJURLHY.jpg"}, "firstName": "Pamela", "lastName": "Tan"}, "canonicalUrl": "https://foursquare.com/item/4fb68e24e4b03f88368000e8", "todo": {"count": 0}, "disagreeCount": 0}, {"logView": true, "lang": "en", "createdAt": 1325468631, "agreeCount": 0, "likes": {"groups": [], "count": 0}, "id": "4f010bd7f9abd5b391a9bfdb", "text": "I hour to serve a breakfast meal on 2/1/2012 because no staff !\u00a1", "type": "user", "user": {"gender": "male", "id": "3280502", "photo": {"prefix": "https://igx.4sqi.net/img/user/", "suffix": "/3280502-SRJTNG2UNYKDXKQJ.jpg"}, "firstName": "Dont", "lastName": "Do"}, "canonicalUrl": "https://foursquare.com/item/4f010bd7f9abd5b391a9bfdb", "todo": {"count": 0}, "disagreeCount": 0}, {"logView": true, "lang": "en", "createdAt": 1306298657, "agreeCount": 0, "likes": {"groups": [], "count": 0}, "id": "4ddc8921b0fba481fc84a53c", "text": "The California mixed salad is lovely! They aren't stingy with the cranberries! A perfect light lunch when paired with sunrise ice blended.", "type": "user", "user": {"gender": "female", "id": "686920", "photo": {"prefix": "https://igx.4sqi.net/img/user/", "suffix": "/G1O2EYSKB4N3JVMM.jpg"}, "firstName": "cheryl", "lastName": "Tan"}, "canonicalUrl": "https://foursquare.com/item/4ddc8921b0fba481fc84a53c", "todo": {"count": 2}, "disagreeCount": 0}], "count": 62}}}