{"meta": {"code": 200, "requestId": "595a4df9351e3d64b0fda7ec"}, "response": {"tips": {"items": [{"logView": true, "lang": "en", "createdAt": 1330837531, "agreeCount": 0, "likes": {"groups": [], "count": 0}, "id": "4f52f81be4b0ef967215529e", "text": "newly renovated recently! offers better seating and more comfy environment! decently priced dimsum on sunday", "type": "user", "user": {"gender": "male", "id": "771515", "photo": {"prefix": "https://igx.4sqi.net/img/user/", "suffix": "/LRRT4RGFVZVW5RV5.jpg"}, "firstName": "larry", "lastName": "tok"}, "canonicalUrl": "https://foursquare.com/item/4f52f81be4b0ef967215529e", "todo": {"count": 0}, "disagreeCount": 0}, {"logView": true, "lang": "en", "createdAt": 1356271847, "agreeCount": 0, "likes": {"groups": [], "count": 0}, "id": "50d710e7e4b00d6424899815", "text": "Try the fried frog legs with ginger slices. Yum!", "type": "user", "user": {"gender": "male", "id": "396373", "photo": {"prefix": "https://igx.4sqi.net/img/user/", "suffix": "/396373-MK4VGPQUHLGEB2C0.jpg"}, "firstName": "Jon", "lastName": "Chin"}, "canonicalUrl": "https://foursquare.com/item/50d710e7e4b00d6424899815", "todo": {"count": 0}, "disagreeCount": 0}, {"logView": true, "lang": "en", "createdAt": 1292772438, "agreeCount": 0, "likes": {"groups": [], "count": 0}, "id": "4d0e2456be6d6ea848c308b5", "text": "Absolutely good seafood e.g bamboo clams, geoduck/lobster sashimi. Free private room (/w karaoke) if you spend above a certain amount.. Great discounts for dianxin during weekdays too! :) family fav!", "type": "user", "user": {"gender": "female", "id": "2157010", "photo": {"prefix": "https://igx.4sqi.net/img/user/", "suffix": "/2157010-DX2U04242NSV03XQ.jpg"}, "firstName": "Veana", "lastName": "Chan"}, "canonicalUrl": "https://foursquare.com/item/4d0e2456be6d6ea848c308b5", "todo": {"count": 1}, "disagreeCount": 0}, {"authorInteractionType": "liked", "logView": true, "lang": "en", "createdAt": 1303616058, "agreeCount": 0, "likes": {"groups": [], "count": 0}, "id": "4db39a3a4df05e5aaacfaacd", "text": "Waitress very impatience!!! Need to improve their service n attitude.", "type": "user", "user": {"gender": "male", "id": "5741534", "photo": {"prefix": "https://igx.4sqi.net/img/user/", "suffix": "/JABT4RG1MSOZU2VS.jpg"}, "firstName": "Alan", "lastName": "Tan"}, "canonicalUrl": "https://foursquare.com/item/4db39a3a4df05e5aaacfaacd", "todo": {"count": 0}, "disagreeCount": 0}, {"logView": true, "lang": "en", "createdAt": 1293338364, "agreeCount": 0, "likes": {"groups": [{"items": [], "count": 1, "type": "others"}], "summary": "1 like", "count": 1}, "id": "4d16c6fce190721ed4aa1621", "text": "Good food, extremely bad service. Can't even get the orders right.", "type": "user", "user": {"gender": "none", "id": "1235358", "photo": {"prefix": "https://igx.4sqi.net/img/user/", "suffix": "/2NZ1Z5LTFIO2ZZTT.jpg"}, "firstName": "Edwin", "lastName": "Marc"}, "canonicalUrl": "https://foursquare.com/item/4d16c6fce190721ed4aa1621", "todo": {"count": 0}, "disagreeCount": 0}, {"logView": true, "lang": "en", "createdAt": 1281246832, "agreeCount": 0, "likes": {"groups": [], "count": 0}, "id": "4c5e467085a1e21e750c5c11", "text": "Service is rather poor. The waiters forgot some dishes that we ordered. Plus, the bill never came when asked. Had to go to counter and pay them. Good and cheap food though...", "type": "user", "user": {"gender": "male", "id": "2557418", "photo": {"prefix": "https://igx.4sqi.net/img/user/", "default": true, "suffix": "/blank_boy.png"}, "firstName": "Siew", "lastName": "Yang Chao"}, "canonicalUrl": "https://foursquare.com/item/4c5e467085a1e21e750c5c11", "todo": {"count": 0}, "disagreeCount": 0}, {"logView": true, "lang": "en", "createdAt": 1302183185, "agreeCount": 0, "likes": {"groups": [], "count": 0}, "id": "4d9dbd1148b6224be3f72a9f", "text": "I will choose Long Beach and No Signboard over Ah Yat anytime. Expensive but dissappointing", "type": "user", "user": {"gender": "female", "id": "6575085", "photo": {"prefix": "https://igx.4sqi.net/img/user/", "suffix": "/6575085-ZUY1JGA5XQMURPMJ.jpg"}, "firstName": "Nikk", "lastName": "\u271e"}, "canonicalUrl": "https://foursquare.com/item/4d9dbd1148b6224be3f72a9f", "todo": {"count": 0}, "disagreeCount": 0}, {"authorInteractionType": "disliked", "logView": true, "lang": "en", "createdAt": 1486268258, "agreeCount": 0, "likes": {"groups": [], "count": 0}, "id": "5896a7624988da1a1cc2ad55", "text": "dim sum wasn't that good tbh..... don't", "type": "user", "user": {"gender": "female", "id": "73698490", "photo": {"prefix": "https://igx.4sqi.net/img/user/", "suffix": "/73698490-UWC1GXZ5CLQCKGJH.jpg"}, "firstName": "Angeline", "lastName": "Tan"}, "canonicalUrl": "https://foursquare.com/item/5896a7624988da1a1cc2ad55", "todo": {"count": 0}, "disagreeCount": 0}, {"logView": true, "lang": "en", "createdAt": 1324616164, "agreeCount": 1, "likes": {"groups": [{"items": [{"gender": "female", "id": "2840584", "photo": {"prefix": "https://igx.4sqi.net/img/user/", "suffix": "/TC50MOJ3ZTZ2WA4E.jpg"}, "firstName": "Candy", "lastName": "Koh"}], "count": 1, "type": "others"}], "summary": "1 like", "count": 1}, "id": "4ef409e46da1a067a62afd35", "text": "Worst Steamed \"Shanghai\" Dumpling (\u5c0f\u7b3c\u5305). Dumpling skin will tear no matter how careful you are.", "type": "user", "user": {"gender": "male", "id": "5803197", "photo": {"prefix": "https://igx.4sqi.net/img/user/", "suffix": "/5803197-N2JDQ0AVAQU4GBGB.jpg"}, "firstName": "Bernard", "lastName": "Chua"}, "canonicalUrl": "https://foursquare.com/item/4ef409e46da1a067a62afd35", "todo": {"count": 0}, "disagreeCount": 0}, {"logView": true, "lang": "en", "createdAt": 1362837018, "agreeCount": 0, "likes": {"groups": [], "count": 0}, "id": "513b3e1ae4b0252e842ec9a9", "text": "Waiting time was too long! Waited for 2 hours for the dishes and customers who came later than me even got their dishes first.", "type": "user", "user": {"gender": "female", "id": "11172531", "photo": {"prefix": "https://igx.4sqi.net/img/user/", "suffix": "/11172531-XUXOHMHQJ55DHSBR.jpg"}, "firstName": "Xi Hui", "lastName": "Teo"}, "canonicalUrl": "https://foursquare.com/item/513b3e1ae4b0252e842ec9a9", "todo": {"count": 0}, "disagreeCount": 0}, {"logView": true, "lang": "en", "createdAt": 1276600167, "agreeCount": 0, "likes": {"groups": [{"items": [], "count": 3, "type": "others"}], "summary": "3 likes", "count": 3}, "id": "4c175f6759cc2d7fdd7b5287", "text": "50% off seafood on weekdays", "type": "user", "user": {"gender": "female", "id": "1631991", "photo": {"prefix": "https://igx.4sqi.net/img/user/", "suffix": "/2BKKDJODORP1CWT1.jpg"}, "firstName": "Lynette", "lastName": "C"}, "canonicalUrl": "https://foursquare.com/item/4c175f6759cc2d7fdd7b5287", "todo": {"count": 0}, "disagreeCount": 0}, {"logView": true, "lang": "en", "photo": {"id": "50d3e851e4b0f95c85026bb0", "visibility": "public", "source": {"name": "Foursquare for Android", "url": "https://foursquare.com/download/#/android"}, "suffix": "/12315697_oH0obANKJWg29PRj4cXIeYDOjR4LCNhaPrGc0Rah-Ek.jpg", "createdAt": 1356064849, "prefix": "https://igx.4sqi.net/img/general/", "width": 540, "height": 720}, "createdAt": 1356064845, "todo": {"count": 0}, "agreeCount": 0, "likes": {"groups": [], "count": 0}, "id": "50d3e84de4b07073347cd48b", "text": "Good food and service.", "disagreeCount": 0, "user": {"gender": "none", "id": "12315697", "photo": {"prefix": "https://igx.4sqi.net/img/user/", "suffix": "/0L1DM442MIBJNEAE.jpg"}, "firstName": "A Sunny", "lastName": "Gal"}, "canonicalUrl": "https://foursquare.com/item/50d3e84de4b07073347cd48b", "type": "user", "photourl": "https://igx.4sqi.net/img/general/original/12315697_oH0obANKJWg29PRj4cXIeYDOjR4LCNhaPrGc0Rah-Ek.jpg"}, {"logView": true, "lang": "en", "createdAt": 1294399312, "agreeCount": 0, "likes": {"groups": [], "count": 0}, "id": "4d26f750888af04d29afb7af", "text": "Damn super freaking bad service ... Waitress & front desk waitress chase & shouted customer out of their restaurant .. Not the 1st time encounter this type of services at Ah Yat Seafood Restaurant .", "type": "user", "user": {"id": "5150432", "photo": {"prefix": "https://igx.4sqi.net/img/user/", "suffix": "/SEXR2MZRMJFX03O2.jpg"}, "firstName": "Clara", "gender": "female"}, "canonicalUrl": "https://foursquare.com/item/4d26f750888af04d29afb7af", "todo": {"count": 0}, "disagreeCount": 0}, {"logView": true, "lang": "en", "createdAt": 1399991683, "agreeCount": 0, "likes": {"groups": [], "count": 0}, "id": "53722d83498e7f9698a3f1b2", "text": "Happy birthday Aarond and Audrey", "type": "user", "user": {"gender": "male", "id": "11845137", "photo": {"prefix": "https://igx.4sqi.net/img/user/", "suffix": "/TG0JQ5XZSIBVZWHX.jpg"}, "firstName": "Ben", "lastName": "Ma"}, "canonicalUrl": "https://foursquare.com/item/53722d83498e7f9698a3f1b2", "todo": {"count": 0}, "disagreeCount": 0}, {"logView": true, "lang": "en", "createdAt": 1309155260, "agreeCount": 0, "likes": {"groups": [], "count": 0}, "id": "4e081fbc1f6e2110339138e3", "text": "Try their Deep Fried Frog with Cut Ginger.", "type": "user", "user": {"gender": "male", "id": "5803197", "photo": {"prefix": "https://igx.4sqi.net/img/user/", "suffix": "/5803197-N2JDQ0AVAQU4GBGB.jpg"}, "firstName": "Bernard", "lastName": "Chua"}, "canonicalUrl": "https://foursquare.com/item/4e081fbc1f6e2110339138e3", "todo": {"count": 0}, "disagreeCount": 0}, {"logView": true, "lang": "en", "createdAt": 1313206062, "agreeCount": 0, "likes": {"groups": [], "count": 0}, "id": "4e45ef2ee4cd9d94fb1c3132", "text": "Really hygienic establishment - the workers smoke and transport the fresh seafood at the same time.", "type": "user", "user": {"gender": "male", "id": "9368414", "photo": {"prefix": "https://igx.4sqi.net/img/user/", "suffix": "/KI0C4BU52Q1KETZU.jpg"}, "firstName": "Shigure", "lastName": "Ben"}, "canonicalUrl": "https://foursquare.com/item/4e45ef2ee4cd9d94fb1c3132", "todo": {"count": 0}, "disagreeCount": 0}, {"logView": true, "lang": "en", "createdAt": 1260543223, "agreeCount": 0, "likes": {"groups": [{"items": [], "count": 1, "type": "others"}], "summary": "1 like", "count": 1}, "id": "4b225cf770c603bb1b5b8fb4", "text": "Nice food, not expensive", "type": "user", "user": {"gender": "none", "id": "153342", "photo": {"prefix": "https://igx.4sqi.net/img/user/", "suffix": "/APFSWKQP0WO1CXRP.jpg"}, "firstName": "Hisove", "lastName": "L"}, "canonicalUrl": "https://foursquare.com/item/4b225cf770c603bb1b5b8fb4", "todo": {"count": 0}, "disagreeCount": 0}, {"authorInteractionType": "liked", "logView": true, "lang": "en", "createdAt": 1416225727, "agreeCount": 0, "likes": {"groups": [], "count": 0}, "id": "5469e3bf498e9548f7ac6a1e", "text": "The food is quite okay. Fresh prawns.", "type": "user", "user": {"gender": "female", "id": "68602694", "photo": {"prefix": "https://igx.4sqi.net/img/user/", "suffix": "/68602694-10Y0AKKFXYUSZYO2.jpg"}, "firstName": "Vivian", "lastName": "Cheah"}, "canonicalUrl": "https://foursquare.com/item/5469e3bf498e9548f7ac6a1e", "todo": {"count": 0}, "disagreeCount": 0}, {"logView": true, "lang": "en", "createdAt": 1297487998, "agreeCount": 0, "likes": {"groups": [], "count": 0}, "id": "4d56187eb4deb1f76be60c7a", "text": "see alot of people complain about bad service, yes service isnt up to standard at times, but in exchange u get reasonably good and cheap food.", "type": "user", "user": {"gender": "male", "id": "771515", "photo": {"prefix": "https://igx.4sqi.net/img/user/", "suffix": "/LRRT4RGFVZVW5RV5.jpg"}, "firstName": "larry", "lastName": "tok"}, "canonicalUrl": "https://foursquare.com/item/4d56187eb4deb1f76be60c7a", "todo": {"count": 0}, "disagreeCount": 0}, {"logView": true, "lang": "en", "createdAt": 1307189715, "agreeCount": 0, "likes": {"groups": [], "count": 0}, "id": "4dea21d3e4cdc079f47aa681", "text": "Aircon leaking really bad", "type": "user", "user": {"gender": "female", "id": "3960178", "photo": {"prefix": "https://igx.4sqi.net/img/user/", "suffix": "/3960178-CQ0QFPMVRMRZCXK4"}, "firstName": "Yin Luan", "lastName": "Chang"}, "canonicalUrl": "https://foursquare.com/item/4dea21d3e4cdc079f47aa681", "todo": {"count": 0}, "disagreeCount": 0}, {"logView": true, "lang": "en", "createdAt": 1296739406, "agreeCount": 0, "likes": {"groups": [], "count": 0}, "id": "4d4aac4e83eda1cd71d9b4b1", "text": "Seafood is fantastic! sedap!", "type": "user", "user": {"gender": "male", "id": "5188604", "photo": {"prefix": "https://igx.4sqi.net/img/user/", "suffix": "/0AZRBV4KOAEWITKR.jpg"}, "firstName": "Chin Han", "lastName": "Tan"}, "canonicalUrl": "https://foursquare.com/item/4d4aac4e83eda1cd71d9b4b1", "todo": {"count": 0}, "disagreeCount": 0}, {"logView": true, "lang": "en", "createdAt": 1307189698, "agreeCount": 0, "likes": {"groups": [], "count": 0}, "id": "4dea21c27d8b6c7a5335d6f5", "text": "Waitress service not really good.. Middle aged auntie with old spects especially. When serving food never say excuse me to avoid Banging into customer while customer is eating", "type": "user", "user": {"gender": "female", "id": "3960178", "photo": {"prefix": "https://igx.4sqi.net/img/user/", "suffix": "/3960178-CQ0QFPMVRMRZCXK4"}, "firstName": "Yin Luan", "lastName": "Chang"}, "canonicalUrl": "https://foursquare.com/item/4dea21c27d8b6c7a5335d6f5", "todo": {"count": 0}, "disagreeCount": 0}, {"logView": true, "lang": "en", "createdAt": 1304692664, "agreeCount": 0, "likes": {"groups": [{"items": [], "count": 1, "type": "others"}], "summary": "1 like", "count": 1}, "id": "4dc407b8887717c87ffe8a04", "text": "Service bad. Food worst. Owen seafood (just beside) is way better. Pictures on menu and the actual stuff doesn't Telly AT ALL. Thumps DOWN.", "type": "user", "user": {"gender": "female", "id": "5559839", "photo": {"prefix": "https://igx.4sqi.net/img/user/", "suffix": "/NZS1FKJ3ZR5WILAO.jpg"}, "firstName": "Yzanne", "lastName": "Toh"}, "canonicalUrl": "https://foursquare.com/item/4dc407b8887717c87ffe8a04", "todo": {"count": 0}, "disagreeCount": 0}, {"logView": true, "lang": "en", "createdAt": 1291520952, "agreeCount": 0, "likes": {"groups": [], "count": 0}, "id": "4cfb0bb8d8468cfa8a3df26b", "text": "40-50% off their lunches here. dim sum on sun is particularly worth it! starts at 1130.", "type": "user", "user": {"gender": "female", "id": "1074015", "photo": {"prefix": "https://igx.4sqi.net/img/user/", "suffix": "/1074015-02ME2IS2FNGJNYUZ.jpg"}, "firstName": "Alexis", "lastName": "Cheong"}, "canonicalUrl": "https://foursquare.com/item/4cfb0bb8d8468cfa8a3df26b", "todo": {"count": 0}, "disagreeCount": 0}, {"authorInteractionType": "liked", "logView": true, "lang": "en", "createdAt": 1376045869, "agreeCount": 0, "likes": {"groups": [], "count": 0}, "id": "5204cb2d498e95f2ba8918ce", "text": "Best seafood with fresh choice", "type": "user", "user": {"gender": "male", "id": "5582793", "photo": {"prefix": "https://igx.4sqi.net/img/user/", "suffix": "/5582793-LCUJBJFZV5SPNEV2.jpg"}, "firstName": "Joe", "lastName": "Wang"}, "canonicalUrl": "https://foursquare.com/item/5204cb2d498e95f2ba8918ce", "todo": {"count": 0}, "disagreeCount": 0}, {"logView": true, "lang": "en", "createdAt": 1302411120, "agreeCount": 0, "likes": {"groups": [], "count": 0}, "id": "4da1377022a5f04df517f854", "text": "Roast pork must try. Comes with mustard dip.", "type": "user", "user": {"gender": "male", "id": "2108688", "photo": {"prefix": "https://igx.4sqi.net/img/user/", "suffix": "/FVSU3CXS3XIZXTAK.jpg"}, "firstName": "Desmond", "lastName": "Loh"}, "canonicalUrl": "https://foursquare.com/item/4da1377022a5f04df517f854", "todo": {"count": 0}, "disagreeCount": 0}, {"logView": true, "lang": "en", "createdAt": 1429498055, "agreeCount": 0, "likes": {"groups": [], "count": 0}, "id": "553468c7498e97915d746bdf", "text": "Always go there for their dim sum brunch. It qill be good if they open earlier so people can go to take dim sum for breakfast instead.", "type": "user", "user": {"gender": "male", "id": "2385179", "photo": {"prefix": "https://igx.4sqi.net/img/user/", "suffix": "/OBS2MJ20DPAXJUOB.jpg"}, "firstName": "Juwy", "lastName": "Lim"}, "canonicalUrl": "https://foursquare.com/item/553468c7498e97915d746bdf", "todo": {"count": 0}, "disagreeCount": 0}, {"authorInteractionType": "liked", "logView": true, "lang": "en", "photo": {"id": "56937c00498e575c62ce8dbf", "visibility": "public", "source": {"name": "Foursquare for iOS", "url": "https://foursquare.com/download/#/iphone"}, "suffix": "/41592274_TYDzKjpb7RCZVl2v6wvYaCitYNrxw0702A3GV5by2ac.jpg", "createdAt": 1452506112, "prefix": "https://igx.4sqi.net/img/general/", "width": 1440, "height": 1440}, "createdAt": 1452506109, "todo": {"count": 0}, "agreeCount": 0, "likes": {"groups": [], "count": 0}, "id": "56937bfd498e5a5781df8a17", "text": "Seafood can choose on the spot from the tanks outside. 40% off seafood for now!", "disagreeCount": 0, "user": {"gender": "female", "id": "41592274", "photo": {"prefix": "https://igx.4sqi.net/img/user/", "suffix": "/41592274-5Y3KXF4YO4FFHLUD.jpg"}, "firstName": "TsuiRen", "lastName": "Clover"}, "canonicalUrl": "https://foursquare.com/item/56937bfd498e5a5781df8a17", "type": "user", "photourl": "https://igx.4sqi.net/img/general/original/41592274_TYDzKjpb7RCZVl2v6wvYaCitYNrxw0702A3GV5by2ac.jpg"}, {"logView": true, "lang": "en", "createdAt": 1337264612, "todo": {"count": 0}, "agreeCount": 1, "likes": {"groups": [{"items": [{"id": "21157054", "photo": {"prefix": "https://igx.4sqi.net/img/user/", "suffix": "/5HNQMFQDK3OQAUUX.jpg"}, "firstName": "DealsChrome", "type": "page", "gender": "none"}], "count": 1, "type": "others"}], "summary": "1 like", "count": 1}, "id": "4fb509e4e4b0eec20533ae17", "text": "Ah Yat Seafood Restaurant: $35 for 8-Course Chinese Cuisine Set (Worth $113). Two and Four Pax Options Available.", "disagreeCount": 0, "url": "http://www.groupon.sg/deals/singapore/Ah-Yat-Seafood-Restaurant/716078366", "user": {"id": "21157054", "photo": {"prefix": "https://igx.4sqi.net/img/user/", "suffix": "/5HNQMFQDK3OQAUUX.jpg"}, "firstName": "DealsChrome", "type": "page", "gender": "none"}, "canonicalUrl": "https://foursquare.com/item/4fb509e4e4b0eec20533ae17", "type": "user"}, {"logView": true, "lang": "en", "createdAt": 1360845525, "agreeCount": 0, "likes": {"groups": [], "count": 0}, "id": "511cdad5e4b05f03dff37bf0", "text": "Careful sia their managers faces -.-\"", "type": "user", "user": {"gender": "female", "id": "5984869", "photo": {"prefix": "https://igx.4sqi.net/img/user/", "suffix": "/5984869-2KN2QVSVSGCMYYTK.jpg"}, "firstName": "Hunnys", "lastName": "X Milly"}, "canonicalUrl": "https://foursquare.com/item/511cdad5e4b05f03dff37bf0", "todo": {"count": 0}, "disagreeCount": 0}, {"logView": true, "lang": "en", "createdAt": 1308467696, "agreeCount": 0, "likes": {"groups": [], "count": 0}, "id": "4dfda1f0e4cdbe059c3d5c50", "text": "Seriously bad service for not that fantastic food.", "type": "user", "user": {"gender": "female", "id": "3461694", "photo": {"prefix": "https://igx.4sqi.net/img/user/", "suffix": "/G52MODATFXVIUDEK.jpg"}, "firstName": "Charlotte", "lastName": "T"}, "canonicalUrl": "https://foursquare.com/item/4dfda1f0e4cdbe059c3d5c50", "todo": {"count": 0}, "disagreeCount": 0}, {"logView": true, "lang": "en", "createdAt": 1290602799, "agreeCount": 0, "likes": {"groups": [], "count": 0}, "id": "4ced092f7b94370476422453", "text": "Baked Cheesey Oyster!", "type": "user", "user": {"gender": "female", "id": "4163982", "photo": {"prefix": "https://igx.4sqi.net/img/user/", "suffix": "/1OTPUMSJNX1XRZLH.jpg"}, "firstName": "Khaw", "lastName": "Apple"}, "canonicalUrl": "https://foursquare.com/item/4ced092f7b94370476422453", "todo": {"count": 0}, "disagreeCount": 0}, {"logView": true, "lang": "en", "createdAt": 1307189773, "agreeCount": 0, "likes": {"groups": [], "count": 0}, "id": "4dea220d88774880e31303dd", "text": "Even manager has very lousy and bad attitude. Advise to go for service training", "type": "user", "user": {"gender": "female", "id": "3960178", "photo": {"prefix": "https://igx.4sqi.net/img/user/", "suffix": "/3960178-CQ0QFPMVRMRZCXK4"}, "firstName": "Yin Luan", "lastName": "Chang"}, "canonicalUrl": "https://foursquare.com/item/4dea220d88774880e31303dd", "todo": {"count": 0}, "disagreeCount": 0}], "count": 33}}}