{"meta": {"code": 200, "requestId": "595a543bf594df3c590bbe46"}, "response": {"tips": {"items": [{"logView": true, "lang": "en", "createdAt": 1291700856, "agreeCount": 0, "likes": {"groups": [], "count": 0}, "id": "4cfdca78084f5481b0378d09", "text": "Me loves d cookies!! Woot!!", "type": "user", "user": {"id": "775856", "photo": {"prefix": "https://igx.4sqi.net/img/user/", "suffix": "/UO0O0C3UOW5C0ZEE.jpg"}, "firstName": "Yun69", "gender": "female"}, "canonicalUrl": "https://foursquare.com/item/4cfdca78084f5481b0378d09", "todo": {"count": 0}, "disagreeCount": 0}, {"logView": true, "lang": "en", "createdAt": 1319592829, "agreeCount": 0, "likes": {"groups": [], "count": 0}, "id": "4ea7637dcc21adeb98e4f7a8", "text": "Heathy food", "type": "user", "user": {"id": "3856597", "photo": {"prefix": "https://igx.4sqi.net/img/user/", "suffix": "/D4NN1FWHPD5NIWLQ.jpg"}, "firstName": "Lee", "gender": "none"}, "canonicalUrl": "https://foursquare.com/item/4ea7637dcc21adeb98e4f7a8", "todo": {"count": 0}, "disagreeCount": 0}, {"logView": true, "lang": "en", "createdAt": 1295206003, "agreeCount": 0, "likes": {"groups": [], "count": 0}, "id": "4d334673b60937048eb8ffdf", "text": "XXL Spicy Crispy Chicken is simply fabulous!", "type": "user", "user": {"gender": "male", "id": "4556462", "photo": {"prefix": "https://igx.4sqi.net/img/user/", "suffix": "/5EFHSZ4FX50LGIEL.jpg"}, "firstName": "Remington", "lastName": "Anand"}, "canonicalUrl": "https://foursquare.com/item/4d334673b60937048eb8ffdf", "todo": {"count": 0}, "disagreeCount": 0}, {"logView": true, "lang": "en", "createdAt": 1350217336, "agreeCount": 1, "likes": {"groups": [{"items": [{"gender": "female", "id": "4903071", "photo": {"prefix": "https://igx.4sqi.net/img/user/", "suffix": "/ZBM5LNGUJUVEYHVF.jpg"}, "firstName": "Amber", "lastName": "\u5b50\u7444"}], "count": 1, "type": "others"}], "summary": "1 like", "count": 1}, "id": "507aae78e4b0e1c7add6b126", "text": "Addicted to Subway! There promo on their meal look out in their FB page for diff set of meal at only $5.90!", "type": "user", "user": {"gender": "female", "id": "4903071", "photo": {"prefix": "https://igx.4sqi.net/img/user/", "suffix": "/ZBM5LNGUJUVEYHVF.jpg"}, "firstName": "Amber", "lastName": "\u5b50\u7444"}, "canonicalUrl": "https://foursquare.com/item/507aae78e4b0e1c7add6b126", "todo": {"count": 0}, "disagreeCount": 0}, {"logView": true, "lang": "en", "createdAt": 1314958280, "agreeCount": 0, "likes": {"groups": [], "count": 0}, "id": "4e60abc8e4cdf1e2be81ed74", "text": "It will Sub you away .... Lol", "type": "user", "user": {"id": "11990864", "photo": {"prefix": "https://igx.4sqi.net/img/user/", "suffix": "/ZU4LUGALQAENZJBQ.jpg"}, "firstName": "Cheung Tsz Yan", "gender": "female"}, "canonicalUrl": "https://foursquare.com/item/4e60abc8e4cdf1e2be81ed74", "todo": {"count": 0}, "disagreeCount": 0}, {"logView": true, "lang": "en", "createdAt": 1295949567, "agreeCount": 0, "likes": {"groups": [], "count": 0}, "id": "4d3e9eff6b3d236a25097464", "text": "Very slow... Long queue plus they prepare the chicken piece by piece...", "type": "user", "user": {"gender": "male", "id": "5251381", "photo": {"prefix": "https://igx.4sqi.net/img/user/", "suffix": "/H5GQOLZHTKBD2E3Y.jpg"}, "firstName": "Nicholas", "lastName": "Yap"}, "canonicalUrl": "https://foursquare.com/item/4d3e9eff6b3d236a25097464", "todo": {"count": 0}, "disagreeCount": 0}, {"logView": true, "lang": "en", "createdAt": 1365074886, "agreeCount": 0, "likes": {"groups": [], "count": 0}, "id": "515d63c6e4b0944d879929ce", "text": "want a free cookie? participate in their survey. and yeah, you need the receipt for that.", "type": "user", "user": {"gender": "male", "id": "15621258", "photo": {"prefix": "https://igx.4sqi.net/img/user/", "suffix": "/KNETNI5FAPIJ4UGH.jpg"}, "firstName": "Neil", "lastName": "Ryan"}, "canonicalUrl": "https://foursquare.com/item/515d63c6e4b0944d879929ce", "todo": {"count": 0}, "disagreeCount": 0}, {"logView": true, "lang": "en", "createdAt": 1303203156, "agreeCount": 0, "likes": {"groups": [], "count": 0}, "id": "4dad4d540cb6f003f485f3f5", "text": "Tuna is delicious!", "type": "user", "user": {"gender": "female", "id": "3487678", "photo": {"prefix": "https://igx.4sqi.net/img/user/", "suffix": "/FCBWUWC15JC22EX5.jpg"}, "firstName": "Stephanie", "lastName": "Pan"}, "canonicalUrl": "https://foursquare.com/item/4dad4d540cb6f003f485f3f5", "todo": {"count": 0}, "disagreeCount": 0}, {"logView": true, "lang": "en", "createdAt": 1297612862, "agreeCount": 0, "likes": {"groups": [], "count": 0}, "id": "4d58003e05612c0f4116a937", "text": "Add extra spicy to their XXL Spicy Crispy Chicken. It's the best :D", "type": "user", "user": {"gender": "female", "id": "2869115", "photo": {"prefix": "https://igx.4sqi.net/img/user/", "suffix": "/TYGA1CDNG1T5CX00.jpg"}, "firstName": "Lynette", "lastName": "Lee"}, "canonicalUrl": "https://foursquare.com/item/4d58003e05612c0f4116a937", "todo": {"count": 0}, "disagreeCount": 0}, {"logView": true, "lang": "en", "createdAt": 1301050460, "agreeCount": 0, "likes": {"groups": [], "count": 0}, "id": "4d8c745cac798cfab19a2be4", "text": "Very generous with the olives!", "type": "user", "user": {"gender": "female", "id": "1105274", "photo": {"prefix": "https://igx.4sqi.net/img/user/", "suffix": "/I2KBJXOQCAL33O2P.jpg"}, "firstName": "Edna", "lastName": "Chua"}, "canonicalUrl": "https://foursquare.com/item/4d8c745cac798cfab19a2be4", "todo": {"count": 0}, "disagreeCount": 0}, {"logView": true, "lang": "en", "createdAt": 1269267259, "agreeCount": 0, "likes": {"groups": [], "count": 0}, "id": "4ba77b3b70c603bbe14a95b4", "text": "Egg Mayo Sub tastes like heaven!", "type": "user", "user": {"gender": "male", "id": "655252", "photo": {"prefix": "https://igx.4sqi.net/img/user/", "suffix": "/WI20532QVRLIK20N.jpg"}, "firstName": "chandra", "lastName": "kumar"}, "canonicalUrl": "https://foursquare.com/item/4ba77b3b70c603bbe14a95b4", "todo": {"count": 0}, "disagreeCount": 0}], "count": 11}}}