{"meta": {"code": 200, "requestId": "595a4d9c4c1f67704e6614b1"}, "response": {"tips": {"items": [{"logView": true, "lang": "en", "createdAt": 1291529182, "agreeCount": 0, "likes": {"groups": [{"items": [], "count": 1, "type": "others"}], "summary": "1 like", "count": 1}, "id": "4cfb2bdefeec6dcb2f3b4536", "text": "Bar chor mee!!", "type": "user", "user": {"gender": "female", "id": "3554715", "photo": {"prefix": "https://igx.4sqi.net/img/user/", "suffix": "/RUA0FX00CNYRNSZO.jpg"}, "firstName": "Angie", "lastName": "C"}, "canonicalUrl": "https://foursquare.com/item/4cfb2bdefeec6dcb2f3b4536", "todo": {"count": 0}, "disagreeCount": 0}, {"logView": true, "lang": "en", "createdAt": 1322474464, "agreeCount": 0, "likes": {"groups": [], "count": 0}, "id": "4ed35be002d5feaa1faccddc", "text": "Consider one of the best Laksa and Ba Chou Mee compare to other outlets. There is this uncle who usually cooks at night. He is super slow  which leads to a super long queue. Its worth it as its nice.", "type": "user", "user": {"id": "3677242", "photo": {"prefix": "https://igx.4sqi.net/img/user/", "suffix": "/3677242-VALLGDQHMG0MJRE3.jpg"}, "firstName": "Stanley \u8f89", "gender": "male"}, "canonicalUrl": "https://foursquare.com/item/4ed35be002d5feaa1faccddc", "todo": {"count": 0}, "disagreeCount": 0}, {"logView": true, "lang": "en", "createdAt": 1286717927, "agreeCount": 0, "likes": {"groups": [], "count": 0}, "id": "4cb1c1e71463a1435cd7a7a9", "text": "You really need to talk loudly to the cashier and check your receipt for the right pricing...", "type": "user", "user": {"gender": "male", "id": "3413111", "photo": {"prefix": "https://igx.4sqi.net/img/user/", "suffix": "/RCPXX1MQLLALP0QP.jpg"}, "firstName": "Kenji", "lastName": "Takeshiro"}, "canonicalUrl": "https://foursquare.com/item/4cb1c1e71463a1435cd7a7a9", "todo": {"count": 0}, "disagreeCount": 0}, {"logView": true, "lang": "en", "createdAt": 1293908098, "agreeCount": 0, "likes": {"groups": [], "count": 0}, "id": "4d1f7882b30b6a314c3f3f6b", "text": "Saw the tips here& decided to try Bak Chor Mee. tot it was only so-so. prob 'cos i asked for less oil so e noodle tasted rather dry. anw, e bak chor & pig liver was v little..1 slice of pig liver -_-", "type": "user", "user": {"gender": "female", "id": "521122", "photo": {"prefix": "https://igx.4sqi.net/img/user/", "suffix": "/HXHC1R0H5WBXEGLJ.jpg"}, "firstName": "June", "lastName": "Hah"}, "canonicalUrl": "https://foursquare.com/item/4d1f7882b30b6a314c3f3f6b", "todo": {"count": 1}, "disagreeCount": 0}, {"logView": true, "lang": "en", "createdAt": 1367698587, "agreeCount": 0, "likes": {"groups": [], "count": 0}, "id": "51856c9b498e1d5b54ae6213", "text": "Uncle tried to pick up my girlfriend.. I will drown him in his laksa soup tmr..", "type": "user", "user": {"gender": "male", "id": "17692943", "photo": {"prefix": "https://igx.4sqi.net/img/user/", "suffix": "/A03DNM4FMTMSRFGT.jpg"}, "firstName": "Malcolm", "lastName": "Yeo"}, "canonicalUrl": "https://foursquare.com/item/51856c9b498e1d5b54ae6213", "todo": {"count": 0}, "disagreeCount": 0}, {"logView": true, "lang": "en", "createdAt": 1285862865, "agreeCount": 0, "likes": {"groups": [{"items": [], "count": 4, "type": "others"}], "summary": "4 likes", "count": 4}, "id": "4ca4b5d11ee76dcb1bf603de", "text": "Laksa rocks !", "type": "user", "user": {"gender": "male", "id": "3579743", "photo": {"prefix": "https://igx.4sqi.net/img/user/", "suffix": "/Y2D05X0PYWCPRXDL.jpg"}, "firstName": "Alex", "lastName": "Seow"}, "canonicalUrl": "https://foursquare.com/item/4ca4b5d11ee76dcb1bf603de", "todo": {"count": 0}, "disagreeCount": 0}, {"authorInteractionType": "liked", "logView": true, "lang": "en", "createdAt": 1420388488, "agreeCount": 1, "likes": {"groups": [{"items": [{"id": "3677242", "photo": {"prefix": "https://igx.4sqi.net/img/user/", "suffix": "/3677242-VALLGDQHMG0MJRE3.jpg"}, "firstName": "Stanley \u8f89", "gender": "male"}], "count": 1, "type": "others"}], "summary": "1 like", "count": 1}, "id": "54a96888498e98bf80a2e843", "text": "Love their laska, bak chor mee, their satay bee hoon also popular(with clam n kangkong,cuttlefish) prices are affordable n sometimes are quite packed with no seats available, parking is free(limited)", "type": "user", "user": {"id": "4582444", "photo": {"prefix": "https://igx.4sqi.net/img/user/", "suffix": "/4582444-BH0Q33JC2QABIJVN.jpg"}, "firstName": "Joean\u52e4", "gender": "female"}, "canonicalUrl": "https://foursquare.com/item/54a96888498e98bf80a2e843", "todo": {"count": 0}, "disagreeCount": 0}, {"logView": true, "lang": "en", "createdAt": 1377043316, "agreeCount": 0, "likes": {"groups": [], "count": 0}, "id": "5214037411d20ad3c71a7d7c", "text": "Expensive and not worth the dollar! The meat ball was cold and pork liver was overcooked!", "type": "user", "user": {"gender": "male", "id": "4596179", "photo": {"prefix": "https://igx.4sqi.net/img/user/", "suffix": "/4596179-P4PDXXGVVNB5V2RG.jpg"}, "firstName": "Jian An", "lastName": "Cai"}, "canonicalUrl": "https://foursquare.com/item/5214037411d20ad3c71a7d7c", "todo": {"count": 0}, "disagreeCount": 0}, {"logView": true, "lang": "en", "createdAt": 1291873755, "agreeCount": 0, "likes": {"groups": [], "count": 0}, "id": "4d006ddb6edfa09379370c15", "text": "Overpriced food. Grossly overpriced for its quality", "type": "user", "user": {"gender": "male", "id": "2572859", "photo": {"prefix": "https://igx.4sqi.net/img/user/", "suffix": "/11AITTHAUQEPD4MP.jpg"}, "firstName": "yangyan", "lastName": "zheng"}, "canonicalUrl": "https://foursquare.com/item/4d006ddb6edfa09379370c15", "todo": {"count": 0}, "disagreeCount": 0}, {"logView": true, "lang": "en", "createdAt": 1343825879, "agreeCount": 0, "likes": {"groups": [], "count": 0}, "id": "501927d7e4b05e7684e0a55d", "text": "Come here at night to see the uncle move at a snail's pace. Darn he's slow!", "type": "user", "user": {"gender": "male", "id": "1123241", "photo": {"prefix": "https://igx.4sqi.net/img/user/", "suffix": "/JFL4K2X1BBGON3WY.jpg"}, "firstName": "Bryan", "lastName": "Kam"}, "canonicalUrl": "https://foursquare.com/item/501927d7e4b05e7684e0a55d", "todo": {"count": 0}, "disagreeCount": 0}, {"logView": true, "lang": "en", "createdAt": 1333117377, "agreeCount": 0, "likes": {"groups": [], "count": 0}, "id": "4f75c1c1e4b054a706308bad", "text": "Satay beehoon & laksa !!! *Must Try best for 2 person ea half half hehe", "type": "user", "user": {"gender": "female", "id": "5763135", "photo": {"prefix": "https://igx.4sqi.net/img/user/", "suffix": "/5763135-RMHPO0QJY3GRDUH5.jpg"}, "firstName": "Frances", "lastName": "Peng"}, "canonicalUrl": "https://foursquare.com/item/4f75c1c1e4b054a706308bad", "todo": {"count": 0}, "disagreeCount": 0}, {"logView": true, "lang": "en", "createdAt": 1400905065, "agreeCount": 0, "likes": {"groups": [], "count": 0}, "id": "53801d69498e70147bfd6872", "text": "24 hours. Wonder how many years the laksa has been boiling.", "type": "user", "user": {"gender": "male", "id": "10418729", "photo": {"prefix": "https://igx.4sqi.net/img/user/", "suffix": "/HAO0EHLBMUQRRDLA.jpg"}, "firstName": "Jared", "lastName": "Yeo"}, "canonicalUrl": "https://foursquare.com/item/53801d69498e70147bfd6872", "todo": {"count": 0}, "disagreeCount": 0}, {"logView": true, "lang": "en", "createdAt": 1293863771, "agreeCount": 0, "likes": {"groups": [], "count": 0}, "id": "4d1ecb5b5c4ca1cd9b83943d", "text": "Must eat: bak chor mee, laksa n satay bee hoon!", "type": "user", "user": {"gender": "female", "id": "4886643", "photo": {"prefix": "https://igx.4sqi.net/img/user/", "suffix": "/CTIIZ5T4LAZOHNJN.jpg"}, "firstName": "Dawn", "lastName": "Tan"}, "canonicalUrl": "https://foursquare.com/item/4d1ecb5b5c4ca1cd9b83943d", "todo": {"count": 0}, "disagreeCount": 0}, {"logView": true, "lang": "en", "createdAt": 1312001129, "agreeCount": 0, "likes": {"groups": [{"items": [], "count": 1, "type": "others"}], "summary": "1 like", "count": 1}, "id": "4e338c69483b5fa5874e333b", "text": "The mee pok quite nice, but the serving quite small for $4", "type": "user", "user": {"gender": "male", "id": "11628815", "photo": {"prefix": "https://igx.4sqi.net/img/user/", "suffix": "/O4DW1GH24XHHUEAD.jpg"}, "firstName": "Francis", "lastName": "Choo"}, "canonicalUrl": "https://foursquare.com/item/4e338c69483b5fa5874e333b", "todo": {"count": 0}, "disagreeCount": 0}, {"logView": true, "lang": "en", "createdAt": 1319598156, "agreeCount": 0, "likes": {"groups": [], "count": 0}, "id": "4ea7784c6da12824bd451255", "text": "Standard drop =( still prefer novena outlet..", "type": "user", "user": {"gender": "female", "id": "3806207", "photo": {"prefix": "https://igx.4sqi.net/img/user/", "suffix": "/VZZNKGUMIR01YBXU.jpg"}, "firstName": "Joey", "lastName": "Lin"}, "canonicalUrl": "https://foursquare.com/item/4ea7784c6da12824bd451255", "todo": {"count": 0}, "disagreeCount": 0}, {"logView": true, "lang": "et", "createdAt": 1310656299, "agreeCount": 0, "likes": {"groups": [], "count": 0}, "id": "4e1f072b091ab6565ce341dc", "text": "Fav Laksa!!", "type": "user", "user": {"gender": "male", "id": "4119332", "photo": {"prefix": "https://igx.4sqi.net/img/user/", "suffix": "/O3FEUSJSNQOO3HXA.jpg"}, "firstName": "Alvin", "lastName": "Chua"}, "canonicalUrl": "https://foursquare.com/item/4e1f072b091ab6565ce341dc", "todo": {"count": 0}, "disagreeCount": 0}, {"logView": true, "lang": "en", "createdAt": 1279534083, "agreeCount": 0, "likes": {"groups": [], "count": 0}, "id": "4c442403f97fbe9a16b8ba30", "text": "Try the Sarah bee Hoon and laksa too! But bak chor mee still number one.", "type": "user", "user": {"gender": "female", "id": "1353986", "photo": {"prefix": "https://igx.4sqi.net/img/user/", "suffix": "/N2XKUCHOIEHMU115.jpg"}, "firstName": "Joe-sie", "lastName": "Tan"}, "canonicalUrl": "https://foursquare.com/item/4c442403f97fbe9a16b8ba30", "todo": {"count": 0}, "disagreeCount": 0}, {"logView": true, "lang": "en", "createdAt": 1285501707, "agreeCount": 0, "likes": {"groups": [], "count": 0}, "id": "4c9f330b54c8a1cd35d1944b", "text": "Very hard to come across laksa of KL standard, this one surpasses my expectation!", "type": "user", "user": {"gender": "male", "id": "3356401", "photo": {"prefix": "https://igx.4sqi.net/img/user/", "suffix": "/35QPBZOGZXGQONUU.jpg"}, "firstName": "Dean", "lastName": "Loh"}, "canonicalUrl": "https://foursquare.com/item/4c9f330b54c8a1cd35d1944b", "todo": {"count": 1}, "disagreeCount": 0}, {"logView": true, "lang": "en", "createdAt": 1269965336, "agreeCount": 0, "likes": {"groups": [{"items": [], "count": 4, "type": "others"}], "summary": "4 likes", "count": 4}, "id": "4bb2221870c603bba53296b4", "text": "Bak chor mee!!!", "type": "user", "user": {"gender": "female", "id": "606073", "photo": {"prefix": "https://igx.4sqi.net/img/user/", "suffix": "/BALFIADPFSFAQHOB.jpg"}, "firstName": "Ashley", "lastName": "Choo"}, "canonicalUrl": "https://foursquare.com/item/4bb2221870c603bba53296b4", "todo": {"count": 1}, "disagreeCount": 0}, {"logView": true, "lang": "en", "createdAt": 1332738332, "agreeCount": 0, "likes": {"groups": [], "count": 0}, "id": "4f6ff91ce4b07a4bc6b5a05c", "text": "Laksa is not bad but at 4.30 for a small portion, it's not worth it.", "type": "user", "user": {"gender": "male", "id": "5383722", "photo": {"prefix": "https://igx.4sqi.net/img/user/", "suffix": "/5383722-MJVHBARUJ22AAEUF.jpg"}, "firstName": "Terence", "lastName": "Kong"}, "canonicalUrl": "https://foursquare.com/item/4f6ff91ce4b07a4bc6b5a05c", "todo": {"count": 0}, "disagreeCount": 0}, {"logView": true, "lang": "en", "createdAt": 1374351053, "agreeCount": 0, "likes": {"groups": [], "count": 0}, "id": "51eaeecd498ed6aad2706bb8", "text": "Good for supper. Bak Chor Mee fills the stomach but wont win any awards.", "type": "user", "user": {"gender": "male", "id": "7045407", "photo": {"prefix": "https://igx.4sqi.net/img/user/", "suffix": "/0YDN0SJAIQPWWSBX.jpg"}, "firstName": "Ang", "lastName": "Kai Wen"}, "canonicalUrl": "https://foursquare.com/item/51eaeecd498ed6aad2706bb8", "todo": {"count": 0}, "disagreeCount": 0}, {"logView": true, "lang": "en", "createdAt": 1285263546, "agreeCount": 2, "likes": {"groups": [{"items": [], "count": 11, "type": "others"}], "summary": "11 likes", "count": 11}, "id": "4c9b90ba9c663704d38962fd", "text": "Darn good bak chor mee but the uncle really needs to speed up.", "type": "user", "user": {"id": "1994655", "photo": {"prefix": "https://igx.4sqi.net/img/user/", "suffix": "/PIZ1AI1TXIAA5DPQ.jpg"}, "firstName": "Haiquan", "gender": "male"}, "canonicalUrl": "https://foursquare.com/item/4c9b90ba9c663704d38962fd", "todo": {"count": 2}, "disagreeCount": 0}, {"logView": true, "lang": "en", "createdAt": 1302416664, "agreeCount": 0, "likes": {"groups": [], "count": 0}, "id": "4da14d18b3e7236a5c850779", "text": "a lot of room to improve.... contact me for details... :)", "type": "user", "user": {"gender": "male", "id": "5031555", "photo": {"prefix": "https://igx.4sqi.net/img/user/", "suffix": "/BVYKIFXYH4EDPRUL.jpg"}, "firstName": "\u6253\u4f60", "lastName": "Pat Pat :-)"}, "canonicalUrl": "https://foursquare.com/item/4da14d18b3e7236a5c850779", "todo": {"count": 0}, "disagreeCount": 0}, {"logView": true, "lang": "en", "createdAt": 1290794392, "agreeCount": 1, "likes": {"groups": [{"items": [{"gender": "none", "id": "16337991", "photo": {"prefix": "https://igx.4sqi.net/img/user/", "suffix": "/16337991-ZDOFPAEOUOPE1CWN.jpg"}, "firstName": "Crissie", "lastName": "Tan"}], "count": 1, "type": "others"}], "summary": "1 like", "count": 1}, "id": "4ceff59862ef6dcb659c015a", "text": "The old uncle is always consistently slow.. Tea is always so diluted", "type": "user", "user": {"gender": "male", "id": "3570264", "photo": {"prefix": "https://igx.4sqi.net/img/user/", "suffix": "/LVQKO1NC0VCM3Y41.jpg"}, "firstName": "James", "lastName": "Li Zhiwei"}, "canonicalUrl": "https://foursquare.com/item/4ceff59862ef6dcb659c015a", "todo": {"count": 0}, "disagreeCount": 0}, {"logView": true, "lang": "en", "createdAt": 1317010599, "agreeCount": 0, "likes": {"groups": [], "count": 0}, "id": "4e7ffca7d3e3e208f1f72c4c", "text": "Staff have attitude problem. Standard and serving of food drop! Price increase thou.", "type": "user", "user": {"gender": "male", "id": "1061852", "photo": {"prefix": "https://igx.4sqi.net/img/user/", "suffix": "/O1XMCOU3CO1AKUD2.jpg"}, "firstName": "Adrian", "lastName": "Chin"}, "canonicalUrl": "https://foursquare.com/item/4e7ffca7d3e3e208f1f72c4c", "todo": {"count": 0}, "disagreeCount": 0}, {"logView": true, "lang": "en", "createdAt": 1290352662, "agreeCount": 0, "likes": {"groups": [], "count": 0}, "id": "4ce938160f196dcb15814aae", "text": "Nice ba Chou mee! Ask for less oil!", "type": "user", "user": {"gender": "male", "id": "1866090", "photo": {"prefix": "https://igx.4sqi.net/img/user/", "suffix": "/WAS5JTQRS3Y1GCJZ.jpg"}, "firstName": "Allan", "lastName": "Goh"}, "canonicalUrl": "https://foursquare.com/item/4ce938160f196dcb15814aae", "todo": {"count": 0}, "disagreeCount": 0}, {"logView": true, "lang": "en", "createdAt": 1293826923, "agreeCount": 1, "likes": {"groups": [{"items": [{"gender": "none", "id": "16337991", "photo": {"prefix": "https://igx.4sqi.net/img/user/", "suffix": "/16337991-ZDOFPAEOUOPE1CWN.jpg"}, "firstName": "Crissie", "lastName": "Tan"}], "count": 1, "type": "others"}], "summary": "1 like", "count": 1}, "id": "4d1e3b6bbdd7a093b176dbce", "text": "The staff here are so attitude..make the order wrong and blame it on us..but other then that the food is nice", "type": "user", "user": {"gender": "male", "id": "4212180", "photo": {"prefix": "https://igx.4sqi.net/img/user/", "suffix": "/YFVNOAQXPNVNDXZP.jpg"}, "firstName": "Jun Qi", "lastName": "Lau"}, "canonicalUrl": "https://foursquare.com/item/4d1e3b6bbdd7a093b176dbce", "todo": {"count": 0}, "disagreeCount": 0}, {"logView": true, "lang": "en", "createdAt": 1290094072, "agreeCount": 0, "likes": {"groups": [{"items": [], "count": 1, "type": "others"}], "summary": "1 like", "count": 1}, "id": "4ce545f83598b1f7bf22678d", "text": "24/7 notbad bak chor mee", "type": "user", "user": {"gender": "male", "id": "3570264", "photo": {"prefix": "https://igx.4sqi.net/img/user/", "suffix": "/LVQKO1NC0VCM3Y41.jpg"}, "firstName": "James", "lastName": "Li Zhiwei"}, "canonicalUrl": "https://foursquare.com/item/4ce545f83598b1f7bf22678d", "todo": {"count": 0}, "disagreeCount": 0}, {"logView": true, "lang": "en", "createdAt": 1388217135, "agreeCount": 0, "likes": {"groups": [], "count": 0}, "id": "52be832f11d24ad0321f0128", "text": "Feedback laksa gravy has thinned but still taste similar... hope they fix it next time.", "type": "user", "user": {"id": "17834158", "photo": {"prefix": "https://igx.4sqi.net/img/user/", "suffix": "/1U5TR4L1VJF2QWRB.jpg"}, "firstName": "Stacy", "gender": "female"}, "canonicalUrl": "https://foursquare.com/item/52be832f11d24ad0321f0128", "todo": {"count": 0}, "disagreeCount": 0}, {"logView": true, "lang": "en", "createdAt": 1318072907, "agreeCount": 0, "likes": {"groups": [], "count": 0}, "id": "4e90324bcc2127f5da7214ee", "text": "Uncle cooks really slowly. Otherwise, food is pretty good.", "type": "user", "user": {"gender": "male", "id": "3168420", "photo": {"prefix": "https://igx.4sqi.net/img/user/", "suffix": "/U1QJKB0PAJENMNAR.jpg"}, "firstName": "Paul", "lastName": "DL"}, "canonicalUrl": "https://foursquare.com/item/4e90324bcc2127f5da7214ee", "todo": {"count": 0}, "disagreeCount": 0}, {"logView": true, "lang": "en", "createdAt": 1332774836, "agreeCount": 0, "likes": {"groups": [], "count": 0}, "id": "4f7087b4e4b0f577d4a8fe94", "text": "Uncle prepares noodles in slow-mo.   :D", "type": "user", "user": {"gender": "male", "id": "7798741", "photo": {"prefix": "https://igx.4sqi.net/img/user/", "suffix": "/DCG4SVRMFQWALXD2.jpg"}, "firstName": "Albert", "lastName": "Chan"}, "canonicalUrl": "https://foursquare.com/item/4f7087b4e4b0f577d4a8fe94", "todo": {"count": 0}, "disagreeCount": 0}, {"logView": true, "lang": "en", "createdAt": 1307615247, "agreeCount": 0, "likes": {"groups": [{"items": [], "count": 1, "type": "others"}], "summary": "1 like", "count": 1}, "id": "4df0a00f1f6ea135c65b9316", "text": "Laksa! Fattening but worth every gulp!", "type": "user", "user": {"gender": "female", "id": "10018023", "photo": {"prefix": "https://igx.4sqi.net/img/user/", "suffix": "/0DTK0HGDZ4ZU4RUQ.jpg"}, "firstName": "Angela", "lastName": "Toh"}, "canonicalUrl": "https://foursquare.com/item/4df0a00f1f6ea135c65b9316", "todo": {"count": 0}, "disagreeCount": 0}, {"authorInteractionType": "liked", "logView": true, "lang": "en", "createdAt": 1420388558, "agreeCount": 1, "likes": {"groups": [{"items": [{"id": "3677242", "photo": {"prefix": "https://igx.4sqi.net/img/user/", "suffix": "/3677242-VALLGDQHMG0MJRE3.jpg"}, "firstName": "Stanley \u8f89", "gender": "male"}], "count": 1, "type": "others"}], "summary": "1 like", "count": 1}, "id": "54a968ce498e3522a6a0768e", "text": "Laska n bak chor mee must try! Be patient when ordering n waiting for food, an uncle who is very slow in cooking but serve nice food!", "type": "user", "user": {"id": "4582444", "photo": {"prefix": "https://igx.4sqi.net/img/user/", "suffix": "/4582444-BH0Q33JC2QABIJVN.jpg"}, "firstName": "Joean\u52e4", "gender": "female"}, "canonicalUrl": "https://foursquare.com/item/54a968ce498e3522a6a0768e", "todo": {"count": 0}, "disagreeCount": 0}, {"logView": true, "lang": "en", "createdAt": 1307615445, "agreeCount": 0, "likes": {"groups": [], "count": 0}, "id": "4df0a0d5ae6066d602d697ec", "text": "Chicken wings are awesome! All the fried platter stuff can't go wrong!", "type": "user", "user": {"gender": "female", "id": "10018023", "photo": {"prefix": "https://igx.4sqi.net/img/user/", "suffix": "/0DTK0HGDZ4ZU4RUQ.jpg"}, "firstName": "Angela", "lastName": "Toh"}, "canonicalUrl": "https://foursquare.com/item/4df0a0d5ae6066d602d697ec", "todo": {"count": 0}, "disagreeCount": 0}, {"logView": true, "lang": "en", "createdAt": 1351757726, "agreeCount": 0, "likes": {"groups": [], "count": 0}, "id": "50922f9ee4b0605c1cec18ea", "text": "Staff damn rude and unfriendly :(", "type": "user", "user": {"gender": "female", "id": "11301938", "photo": {"prefix": "https://igx.4sqi.net/img/user/", "suffix": "/QXGDS412BVTPDFJ3.jpg"}, "firstName": "Val", "lastName": "C"}, "canonicalUrl": "https://foursquare.com/item/50922f9ee4b0605c1cec18ea", "todo": {"count": 0}, "disagreeCount": 0}, {"logView": true, "lang": "en", "createdAt": 1309418884, "agreeCount": 0, "likes": {"groups": [], "count": 0}, "id": "4e0c2584b61c3274de7848d3", "text": "Eat here if you want to lose weight. The servings are hopelessly puny. I've given up and never returning unless it's on a need-to basis.", "type": "user", "user": {"gender": "male", "id": "2865270", "photo": {"prefix": "https://igx.4sqi.net/img/user/", "suffix": "/XRWD4LPEHRVHVKTQ.jpg"}, "firstName": "Nicholas", "lastName": "Lee"}, "canonicalUrl": "https://foursquare.com/item/4e0c2584b61c3274de7848d3", "todo": {"count": 0}, "disagreeCount": 0}, {"logView": true, "lang": "en", "createdAt": 1336907044, "agreeCount": 0, "likes": {"groups": [], "count": 0}, "id": "4faf9524e4b028e6bceea8f6", "text": "Same price but portions have decreased dramatically", "type": "user", "user": {"gender": "male", "id": "26547769", "photo": {"prefix": "https://igx.4sqi.net/img/user/", "suffix": "/S3SN0FOESBWDMVI5.jpg"}, "firstName": "Jason", "lastName": "Ong"}, "canonicalUrl": "https://foursquare.com/item/4faf9524e4b028e6bceea8f6", "todo": {"count": 0}, "disagreeCount": 0}, {"logView": true, "lang": "en", "createdAt": 1303398951, "agreeCount": 0, "likes": {"groups": [], "count": 0}, "id": "4db04a275da32cf2df465201", "text": "Uncle is as usual.... Forever so slow. Causing super long queue.", "type": "user", "user": {"gender": "male", "id": "5315790", "photo": {"prefix": "https://igx.4sqi.net/img/user/", "suffix": "/1MP1YLEFKD551KCU.jpg"}, "firstName": "Eugene", "lastName": "Yeo"}, "canonicalUrl": "https://foursquare.com/item/4db04a275da32cf2df465201", "todo": {"count": 0}, "disagreeCount": 0}], "count": 38}}}