{"meta": {"code": 200, "requestId": "595a5446dd57972d2b6e0293"}, "response": {"tips": {"items": [{"logView": true, "lang": "en", "createdAt": 1312113307, "agreeCount": 0, "likes": {"groups": [], "count": 0}, "id": "4e35429b8877beb5e9a9836d", "text": "You might want to put on a jacket.", "type": "user", "user": {"gender": "male", "id": "10253445", "photo": {"prefix": "https://igx.4sqi.net/img/user/", "suffix": "/OTWKWTVG4UJORHEB.jpg"}, "firstName": "Nigel", "lastName": "Ong"}, "canonicalUrl": "https://foursquare.com/item/4e35429b8877beb5e9a9836d", "todo": {"count": 1}, "disagreeCount": 0}, {"logView": true, "lang": "en", "createdAt": 1401346818, "agreeCount": 0, "likes": {"groups": [], "count": 0}, "id": "5386db0211d2a05924829266", "text": "Service here sucks !", "type": "user", "user": {"gender": "female", "id": "66311137", "photo": {"prefix": "https://igx.4sqi.net/img/user/", "suffix": "/66311137-R5ZYEO3NHBOKIH1G.jpg"}, "firstName": "Tammy", "lastName": "TsangAh"}, "canonicalUrl": "https://foursquare.com/item/5386db0211d2a05924829266", "todo": {"count": 0}, "disagreeCount": 0}, {"logView": true, "lang": "en", "createdAt": 1289630674, "agreeCount": 1, "likes": {"groups": [{"items": [{"gender": "female", "id": "76826130", "photo": {"prefix": "https://igx.4sqi.net/img/user/", "suffix": "/76826130-01S3VAN0GN3V30JW.jpg"}, "firstName": "Siti", "lastName": "Aishah"}], "count": 1, "type": "others"}], "summary": "1 like", "count": 1}, "id": "4cde33d2825e721eee2d6945", "text": "Service here is good! Although food takes some time to arrive. The air condition here is overpowering e whole restaurant! :D", "type": "user", "user": {"id": "2919420", "photo": {"prefix": "https://igx.4sqi.net/img/user/", "suffix": "/2919420-XGWCK0XBKETMIBIS.jpg"}, "firstName": "Jolene", "gender": "female"}, "canonicalUrl": "https://foursquare.com/item/4cde33d2825e721eee2d6945", "todo": {"count": 1}, "disagreeCount": 0}, {"logView": true, "lang": "en", "createdAt": 1322416502, "agreeCount": 0, "likes": {"groups": [{"items": [], "count": 3, "type": "others"}], "summary": "3 likes", "count": 3}, "id": "4ed2797629c223f92b571b40", "text": "Ninja turtle paradise!", "type": "user", "user": {"id": "7059876", "photo": {"prefix": "https://igx.4sqi.net/img/user/", "suffix": "/7059876-1TGABDA5R2N0TIAL.jpg"}, "firstName": "Danny", "gender": "male"}, "canonicalUrl": "https://foursquare.com/item/4ed2797629c223f92b571b40", "todo": {"count": 0}, "disagreeCount": 0}, {"logView": true, "lang": "la", "createdAt": 1396874653, "agreeCount": 0, "likes": {"groups": [], "count": 0}, "id": "53429d9d498e8dee96b05a83", "text": "45mins wait time for a to-go pizza?!?????? it broke my \ud83d\udc94.. disappointed..\ud83d\ude24", "type": "user", "user": {"gender": "male", "id": "2657642", "photo": {"prefix": "https://igx.4sqi.net/img/user/", "suffix": "/2657642-LSRNL4JIJGK50DRO.jpg"}, "firstName": "Paolo", "lastName": "Martin"}, "canonicalUrl": "https://foursquare.com/item/53429d9d498e8dee96b05a83", "todo": {"count": 0}, "disagreeCount": 0}, {"logView": true, "lang": "en", "createdAt": 1316179791, "agreeCount": 0, "likes": {"groups": [], "count": 0}, "id": "4e734f4fb993272e520ee1cf", "text": "Service is totally fuck up! Went with my friends at night.", "type": "user", "user": {"gender": "male", "id": "11463003", "photo": {"prefix": "https://igx.4sqi.net/img/user/", "suffix": "/FU35CFP2TGFPOZYB.jpg"}, "firstName": "Adrian", "lastName": "Tan Jian An"}, "canonicalUrl": "https://foursquare.com/item/4e734f4fb993272e520ee1cf", "todo": {"count": 0}, "disagreeCount": 0}, {"authorInteractionType": "disliked", "logView": true, "lang": "en", "createdAt": 1353764196, "agreeCount": 0, "likes": {"groups": [], "count": 0}, "id": "50b0cd64e4b03c6b1e317cbe", "text": "Strong air-conditioning, bring a jacket along while dining here. Poor service and food takes a long time to arrive as compared to other branches.", "type": "user", "user": {"gender": "male", "id": "3021496", "photo": {"prefix": "https://igx.4sqi.net/img/user/", "suffix": "/3021496_XsnouzWw_jaETOOlxgUSDBFyJ5OsstTjBS01GXakdut72lRUWMWTZDnWwmZJTnW1f6ey0qHQG"}, "firstName": "Cuthbert", "lastName": "Chia"}, "canonicalUrl": "https://foursquare.com/item/50b0cd64e4b03c6b1e317cbe", "todo": {"count": 0}, "disagreeCount": 0}, {"logView": true, "lang": "en", "createdAt": 1333541932, "agreeCount": 0, "likes": {"groups": [], "count": 0}, "id": "4f7c3c2ce4b0f9b41549d8e2", "text": "Rather poor service provided. Makes the whole dinning experience not so pleasant", "type": "user", "user": {"gender": "male", "id": "8073537", "photo": {"prefix": "https://igx.4sqi.net/img/user/", "suffix": "/A20NLC5VMNC4GEHH.jpg"}, "firstName": "Sam", "lastName": "Koh"}, "canonicalUrl": "https://foursquare.com/item/4f7c3c2ce4b0f9b41549d8e2", "todo": {"count": 0}, "disagreeCount": 0}, {"logView": true, "lang": "en", "createdAt": 1319892972, "agreeCount": 1, "likes": {"groups": [{"items": [{"gender": "male", "id": "18318312", "photo": {"prefix": "https://igx.4sqi.net/img/user/", "suffix": "/WNXRAQU4GQABXC3Y.jpg"}, "firstName": "Dominic", "lastName": "Duckie"}], "count": 1, "type": "others"}], "summary": "1 like", "count": 1}, "id": "4eabf7ec9a522a65af5d8bc5", "text": "Workers here didnt clear tables quickly enough.", "type": "user", "user": {"gender": "male", "id": "14954328", "photo": {"prefix": "https://igx.4sqi.net/img/user/", "suffix": "/PERPQ2DR2DYNAIR2.jpg"}, "firstName": "Chan", "lastName": "Jowell"}, "canonicalUrl": "https://foursquare.com/item/4eabf7ec9a522a65af5d8bc5", "todo": {"count": 0}, "disagreeCount": 0}], "count": 9}}}