{"meta": {"code": 200, "requestId": "595a5446dd57972d2b6e07ca"}, "response": {"tips": {"items": [{"logView": true, "lang": "es", "createdAt": 1292319877, "agreeCount": 0, "likes": {"groups": [], "count": 0}, "id": "4d073c85f0e85941ebb69697", "text": "it's delicious", "type": "user", "user": {"gender": "male", "id": "5246440", "photo": {"prefix": "https://igx.4sqi.net/img/user/", "suffix": "/MD55ASBW5MMUILBD.jpg"}, "firstName": "Jing", "lastName": "Tan"}, "canonicalUrl": "https://foursquare.com/item/4d073c85f0e85941ebb69697", "todo": {"count": 0}, "disagreeCount": 0}, {"logView": true, "lang": "en", "createdAt": 1278567216, "agreeCount": 1, "likes": {"groups": [{"items": [{"id": "29974632", "photo": {"prefix": "https://igx.4sqi.net/img/user/", "suffix": "/29974632-NWT3TDRUVW1WKJHK.jpg"}, "firstName": "Ruo", "gender": "female"}], "count": 1, "type": "others"}], "summary": "1 like", "count": 1}, "id": "4c35633009a99c741d6c0c2a", "text": "| dip in crispy fries in Sundae, either your choice of strawberry or chocolate, Yummy.. :D", "type": "user", "user": {"id": "1865454", "photo": {"prefix": "https://igx.4sqi.net/img/user/", "suffix": "/DSLOXFL1P13NNQU4.jpg"}, "firstName": "Mhaye", "gender": "female"}, "canonicalUrl": "https://foursquare.com/item/4c35633009a99c741d6c0c2a", "todo": {"count": 2}, "disagreeCount": 0}, {"logView": true, "lang": "en", "createdAt": 1295348257, "agreeCount": 0, "likes": {"groups": [], "count": 0}, "id": "4d3572218250f04de3170ee1", "text": "Juliana is super nice!!!", "type": "user", "user": {"gender": "female", "id": "5128995", "photo": {"prefix": "https://igx.4sqi.net/img/user/", "suffix": "/OTDE44IG55CMQQVB.jpg"}, "firstName": "Jas", "lastName": "L"}, "canonicalUrl": "https://foursquare.com/item/4d3572218250f04de3170ee1", "todo": {"count": 0}, "disagreeCount": 0}, {"logView": true, "lang": "en", "createdAt": 1316864793, "agreeCount": 0, "likes": {"groups": [], "count": 0}, "id": "4e7dc3199adfdf6b2d7b351f", "text": "Nice smurfy toy", "type": "user", "user": {"gender": "male", "id": "13887986", "photo": {"prefix": "https://igx.4sqi.net/img/user/", "suffix": "/BCJRGKR4BY5AIWVG.jpg"}, "firstName": "Low", "lastName": "Kum Sung Ricky"}, "canonicalUrl": "https://foursquare.com/item/4e7dc3199adfdf6b2d7b351f", "todo": {"count": 0}, "disagreeCount": 0}, {"logView": true, "lang": "en", "createdAt": 1316864594, "agreeCount": 0, "likes": {"groups": [], "count": 0}, "id": "4e7dc2524901462e0ce80be4", "text": "Happy meal filled me up", "type": "user", "user": {"gender": "male", "id": "13887986", "photo": {"prefix": "https://igx.4sqi.net/img/user/", "suffix": "/BCJRGKR4BY5AIWVG.jpg"}, "firstName": "Low", "lastName": "Kum Sung Ricky"}, "canonicalUrl": "https://foursquare.com/item/4e7dc2524901462e0ce80be4", "todo": {"count": 0}, "disagreeCount": 0}, {"authorInteractionType": "liked", "logView": true, "lang": "en", "createdAt": 1454865774, "agreeCount": 0, "likes": {"groups": [], "count": 0}, "id": "56b77d6e498e26e8a4a0e9dd", "text": "Free Wi-Fi \ud83d\udcaf\ud83d\udcaf", "type": "user", "user": {"gender": "female", "id": "70073583", "photo": {"prefix": "https://igx.4sqi.net/img/user/", "suffix": "/70073583-Q3XPPQZEMJ2UXPKI.jpg"}, "firstName": "Phang", "lastName": "Cun Mun"}, "canonicalUrl": "https://foursquare.com/item/56b77d6e498e26e8a4a0e9dd", "todo": {"count": 1}, "disagreeCount": 0}, {"logView": true, "lang": "en", "createdAt": 1326066490, "agreeCount": 0, "likes": {"groups": [], "count": 0}, "id": "4f0a2b3ae4b033211b78aab9", "text": "The curry sauce now gt chilli inside. Shown in the package.", "type": "user", "user": {"gender": "female", "id": "4903071", "photo": {"prefix": "https://igx.4sqi.net/img/user/", "suffix": "/ZBM5LNGUJUVEYHVF.jpg"}, "firstName": "Amber", "lastName": "\u5b50\u7444"}, "canonicalUrl": "https://foursquare.com/item/4f0a2b3ae4b033211b78aab9", "todo": {"count": 0}, "disagreeCount": 0}, {"logView": true, "lang": "en", "createdAt": 1364777203, "agreeCount": 0, "likes": {"groups": [], "count": 0}, "id": "5158d8f3e4b0bf3202c8b099", "text": "Coffee not that great either ..", "type": "user", "user": {"id": "609805", "photo": {"prefix": "https://igx.4sqi.net/img/user/", "suffix": "/609805-ROYOIQOVD3MX522Q.jpg"}, "firstName": "Fuzzy", "gender": "male"}, "canonicalUrl": "https://foursquare.com/item/5158d8f3e4b0bf3202c8b099", "todo": {"count": 0}, "disagreeCount": 0}, {"logView": true, "lang": "en", "createdAt": 1334459727, "agreeCount": 0, "likes": {"groups": [], "count": 0}, "id": "4f8a3d4fe4b0a95f94affa40", "text": "hashbrown! \u2665\u2665\u2665", "type": "user", "user": {"gender": "female", "id": "6011622", "photo": {"prefix": "https://igx.4sqi.net/img/user/", "suffix": "/VAELVWQ4WYCDNCC1.jpg"}, "firstName": "Isabelle", "lastName": "Lim"}, "canonicalUrl": "https://foursquare.com/item/4f8a3d4fe4b0a95f94affa40", "todo": {"count": 0}, "disagreeCount": 0}, {"logView": true, "lang": "en", "createdAt": 1321935649, "agreeCount": 0, "likes": {"groups": [], "count": 0}, "id": "4ecb23216da19ab5eeb9aa04", "text": "No more curry sauce!", "type": "user", "user": {"gender": "male", "id": "14070121", "photo": {"prefix": "https://igx.4sqi.net/img/user/", "suffix": "/14070121-SY1GLJRDGLDUUCVH.jpg"}, "firstName": "Daniel", "lastName": "Lim"}, "canonicalUrl": "https://foursquare.com/item/4ecb23216da19ab5eeb9aa04", "todo": {"count": 0}, "disagreeCount": 0}, {"logView": true, "lang": "en", "createdAt": 1343350515, "agreeCount": 0, "likes": {"groups": [], "count": 0}, "id": "5011e6f3e4b0befd12384bb1", "text": "MCCafe is opening soon. 1-2wks time. Sure there will be alot of ppl here the next time. Not enough seats when it's peak period", "type": "user", "user": {"gender": "female", "id": "4903071", "photo": {"prefix": "https://igx.4sqi.net/img/user/", "suffix": "/ZBM5LNGUJUVEYHVF.jpg"}, "firstName": "Amber", "lastName": "\u5b50\u7444"}, "canonicalUrl": "https://foursquare.com/item/5011e6f3e4b0befd12384bb1", "todo": {"count": 0}, "disagreeCount": 0}, {"logView": true, "lang": "en", "createdAt": 1316864742, "agreeCount": 0, "likes": {"groups": [], "count": 0}, "id": "4e7dc2e68231e88c0cb4b610", "text": "Nice sniffy toy", "type": "user", "user": {"gender": "male", "id": "13887986", "photo": {"prefix": "https://igx.4sqi.net/img/user/", "suffix": "/BCJRGKR4BY5AIWVG.jpg"}, "firstName": "Low", "lastName": "Kum Sung Ricky"}, "canonicalUrl": "https://foursquare.com/item/4e7dc2e68231e88c0cb4b610", "todo": {"count": 0}, "disagreeCount": 0}, {"logView": true, "lang": "en", "createdAt": 1305022167, "agreeCount": 0, "likes": {"groups": [], "count": 0}, "id": "4dc90ed7887721632c6f61b6", "text": "Hopping for mayo to come back...", "type": "user", "user": {"gender": "female", "id": "5151743", "photo": {"prefix": "https://igx.4sqi.net/img/user/", "suffix": "/ILM0GE4V4AMTAWSE.jpg"}, "firstName": "Ju-Nina", "lastName": "\u30b8\u30e5\u30ea\u30a2\u30ca"}, "canonicalUrl": "https://foursquare.com/item/4dc90ed7887721632c6f61b6", "todo": {"count": 0}, "disagreeCount": 0}, {"authorInteractionType": "liked", "logView": true, "lang": "en", "createdAt": 1441125571, "agreeCount": 0, "likes": {"groups": [], "count": 0}, "id": "55e5d4c3498e8a3524feeab7", "text": "The best double chocolate frappe \ud83d\ude0b\ud83d\ude0b\ud83d\ude0b", "type": "user", "user": {"gender": "female", "id": "122747449", "photo": {"prefix": "https://igx.4sqi.net/img/user/", "suffix": "/122747449_xZRErETo_SNVyKfB80gv91YI-jY1_Rd6xn3wveVOVxICWjGZqqEBL5nc0BSENwvXhn9OE2dZL.jpg"}, "firstName": "xoxoputeri", "lastName": "\ud83d\udc8b"}, "canonicalUrl": "https://foursquare.com/item/55e5d4c3498e8a3524feeab7", "todo": {"count": 0}, "disagreeCount": 0}, {"logView": true, "lang": "en", "createdAt": 1315368281, "agreeCount": 1, "likes": {"groups": [{"items": [{"id": "4374600", "photo": {"prefix": "https://igx.4sqi.net/img/user/", "suffix": "/SELCOC1MC24DS20G.jpg"}, "firstName": "Geraldine", "gender": "female"}], "count": 1, "type": "others"}], "summary": "1 like", "count": 1}, "id": "4e66ed5918385016281cc844", "text": "Everyone should try the big & tasty burger w cheese shaker fries!  It's reaaaaaallllly good! \ue00e I hope this is on MCD's permanent item list! Add 2 sachets of pepper to ur cheesy fries for more oomph!", "type": "user", "user": {"gender": "female", "id": "7414643", "photo": {"prefix": "https://igx.4sqi.net/img/user/", "suffix": "/B51Q2FFGKDXCRJWU.jpg"}, "firstName": "Annabelle", "lastName": "Kittykitkat"}, "canonicalUrl": "https://foursquare.com/item/4e66ed5918385016281cc844", "todo": {"count": 0}, "disagreeCount": 0}, {"logView": true, "lang": "en", "createdAt": 1362062358, "agreeCount": 2, "likes": {"groups": [{"items": [{"gender": "male", "id": "3358163", "photo": {"prefix": "https://igx.4sqi.net/img/user/", "suffix": "/3358163-H31SHY3YZLD1F1GJ.jpg"}, "firstName": "mbk", "lastName": "nyc chinese angel"}, {"gender": "female", "id": "50067976", "photo": {"prefix": "https://igx.4sqi.net/img/user/", "suffix": "/1DZBOENABNEQPGOF.jpg"}, "firstName": "Ly anne", "lastName": "Xoxo"}], "count": 2, "type": "others"}], "summary": "2 likes", "count": 2}, "id": "512f6c16e4b0987f81d31e3a", "text": "I prefer beef prosperity", "type": "user", "user": {"gender": "none", "id": "7336910", "photo": {"prefix": "https://igx.4sqi.net/img/user/", "suffix": "/7336910_SHACTGSb_Og7c3EQbeBagwYduXi06k0HMdKff6hhUjCkhYD0RfWYfOsIL-oiznTsUMk-_Of6c.jpg"}, "firstName": "Trans", "lastName": "Female"}, "canonicalUrl": "https://foursquare.com/item/512f6c16e4b0987f81d31e3a", "todo": {"count": 0}, "disagreeCount": 0}, {"logView": true, "lang": "en", "createdAt": 1314504090, "agreeCount": 0, "likes": {"groups": [], "count": 0}, "id": "4e59bd9a1495a89112840005", "text": "Good Service! Manager offer to help find seats and also serving the food to me after i ordered when she saw that I'm busy handling a kid! \ue00e", "type": "user", "user": {"gender": "female", "id": "5321381", "photo": {"prefix": "https://igx.4sqi.net/img/user/", "suffix": "/IK0XYVYO3L0K5WGH.jpg"}, "firstName": "Agnes", "lastName": "Xue"}, "canonicalUrl": "https://foursquare.com/item/4e59bd9a1495a89112840005", "todo": {"count": 0}, "disagreeCount": 0}, {"logView": true, "lang": "en", "createdAt": 1364777174, "agreeCount": 0, "likes": {"groups": [], "count": 0}, "id": "5158d8d6e4b0bf3202c7f84a", "text": "One hash brown .. Half day salt quota gone ..", "type": "user", "user": {"id": "609805", "photo": {"prefix": "https://igx.4sqi.net/img/user/", "suffix": "/609805-ROYOIQOVD3MX522Q.jpg"}, "firstName": "Fuzzy", "gender": "male"}, "canonicalUrl": "https://foursquare.com/item/5158d8d6e4b0bf3202c7f84a", "todo": {"count": 0}, "disagreeCount": 0}, {"logView": true, "lang": "en", "createdAt": 1353489938, "agreeCount": 0, "likes": {"groups": [], "count": 0}, "id": "50ac9e12e4b0030b080d06be", "text": "preserved food, but still yummy.", "type": "user", "user": {"id": "40446404", "photo": {"prefix": "https://igx.4sqi.net/img/user/", "suffix": "/1JJCYR0GTN22ZH0H.jpg"}, "firstName": "Regina \ud83d\udc99\ud83d\udc51", "gender": "female"}, "canonicalUrl": "https://foursquare.com/item/50ac9e12e4b0030b080d06be", "todo": {"count": 0}, "disagreeCount": 0}], "count": 19}}}