{"meta": {"code": 200, "requestId": "595a55954434b96bc8ff37f1"}, "response": {"tips": {"items": [{"logView": true, "lang": "en", "createdAt": 1382602449, "agreeCount": 0, "likes": {"groups": [], "count": 0}, "id": "5268d6d111d2cd6a3a6858b8", "text": "The food was delicious but their service is really bad.", "type": "user", "user": {"gender": "none", "id": "66349448", "photo": {"prefix": "https://igx.4sqi.net/img/user/", "suffix": "/66349448-CMSG1DURZIFJH5R4.jpg"}, "firstName": "L", "lastName": "Yuhan"}, "canonicalUrl": "https://foursquare.com/item/5268d6d111d2cd6a3a6858b8", "todo": {"count": 0}, "disagreeCount": 0}, {"logView": true, "lang": "en", "createdAt": 1279372753, "agreeCount": 0, "likes": {"groups": [], "count": 0}, "id": "4c41add1cc410f470b80ab61", "text": "Foot massager (OSIM I think) in ktv room haaa shiok :p", "type": "user", "user": {"gender": "male", "id": "2103717", "photo": {"prefix": "https://igx.4sqi.net/img/user/", "suffix": "/H5SML53WKP0YXT1D.jpg"}, "firstName": "Adrian", "lastName": "Tan"}, "canonicalUrl": "https://foursquare.com/item/4c41add1cc410f470b80ab61", "todo": {"count": 0}, "disagreeCount": 0}, {"authorInteractionType": "meh", "logView": true, "lang": "en", "photo": {"id": "53eb81d4498ef9a598da599c", "visibility": "public", "source": {"name": "Foursquare for iOS", "url": "https://foursquare.com/download/#/iphone"}, "suffix": "/73898079_0MNUyFZyJvPkc2EEip-BDFoyhRxvR-Y2HrhhhgKJ1x8.jpg", "createdAt": 1407943124, "prefix": "https://igx.4sqi.net/img/general/", "width": 720, "height": 720}, "createdAt": 1407943120, "todo": {"count": 0}, "agreeCount": 0, "likes": {"groups": [], "count": 0}, "id": "53eb81d0498ef31c641719b2", "text": "Favouriteee", "disagreeCount": 0, "user": {"gender": "female", "id": "73898079", "photo": {"prefix": "https://igx.4sqi.net/img/user/", "suffix": "/73898079-3HZICOS50NAU105A.jpg"}, "firstName": "Cheryl", "lastName": "Tan Chia Sing"}, "canonicalUrl": "https://foursquare.com/item/53eb81d0498ef31c641719b2", "type": "user", "photourl": "https://igx.4sqi.net/img/general/original/73898079_0MNUyFZyJvPkc2EEip-BDFoyhRxvR-Y2HrhhhgKJ1x8.jpg"}, {"authorInteractionType": "disliked", "logView": true, "lang": "en", "createdAt": 1399016231, "agreeCount": 0, "likes": {"groups": [], "count": 0}, "id": "53634b2711d2c66ffbc69a57", "text": "Fairly horrific service.", "type": "user", "user": {"id": "109897", "photo": {"prefix": "https://igx.4sqi.net/img/user/", "suffix": "/1AGEFZ5053DJLMIQ.jpg"}, "firstName": "yjsoon", "gender": "male"}, "canonicalUrl": "https://foursquare.com/item/53634b2711d2c66ffbc69a57", "todo": {"count": 0}, "disagreeCount": 0}, {"logView": true, "lang": "en", "createdAt": 1304841424, "agreeCount": 0, "likes": {"groups": [], "count": 0}, "id": "4dc64cd02271f27051434b74", "text": "Have to add in that, the crowd isnt there, excess staff can be seen but no one bring me in for seats nor asking me. ( i am alone therefore will only need one counter seat, but it took them 30m to sit", "type": "user", "user": {"gender": "female", "id": "2219745", "photo": {"prefix": "https://igx.4sqi.net/img/user/", "suffix": "/4EGRAWJTLBSKJQFV.jpg"}, "firstName": "Belle", "lastName": "Suan"}, "canonicalUrl": "https://foursquare.com/item/4dc64cd02271f27051434b74", "todo": {"count": 0}, "disagreeCount": 0}, {"logView": true, "lang": "en", "createdAt": 1287922634, "agreeCount": 0, "likes": {"groups": [], "count": 0}, "id": "4cc423ca06c254812ce09447", "text": "The cereal Tori karage is yums", "type": "user", "user": {"gender": "female", "id": "3797279", "photo": {"prefix": "https://igx.4sqi.net/img/user/", "suffix": "/4EIMYVI3S5LPINK0.jpg"}, "firstName": "Yin Sang", "lastName": "Teh"}, "canonicalUrl": "https://foursquare.com/item/4cc423ca06c254812ce09447", "todo": {"count": 0}, "disagreeCount": 0}, {"logView": true, "lang": "en", "createdAt": 1314528531, "agreeCount": 0, "likes": {"groups": [], "count": 0}, "id": "4e5a1d13d4c0ba8c11a7054e", "text": "Love the food here", "type": "user", "user": {"gender": "female", "id": "2602033", "photo": {"prefix": "https://igx.4sqi.net/img/user/", "suffix": "/5KZSG5IB2XQFOKBK.jpg"}, "firstName": "Patricia", "lastName": "Chong"}, "canonicalUrl": "https://foursquare.com/item/4e5a1d13d4c0ba8c11a7054e", "todo": {"count": 0}, "disagreeCount": 0}, {"logView": true, "lang": "en", "createdAt": 1304841284, "agreeCount": 1, "likes": {"groups": [{"items": [{"gender": "female", "id": "51051597", "photo": {"prefix": "https://igx.4sqi.net/img/user/", "suffix": "/ZWJCVJA2D2MIFHGL.jpg"}, "firstName": "Chris", "lastName": "Lim"}], "count": 1, "type": "others"}], "summary": "1 like", "count": 1}, "id": "4dc64c44d22dafda2fbaf1a9", "text": "Food wise no comments its good. But service staff not attentive at all, was waiting outside in Q where restuarant is 50% empty. Dont really underst the rationale behind this strategy.", "type": "user", "user": {"gender": "female", "id": "2219745", "photo": {"prefix": "https://igx.4sqi.net/img/user/", "suffix": "/4EGRAWJTLBSKJQFV.jpg"}, "firstName": "Belle", "lastName": "Suan"}, "canonicalUrl": "https://foursquare.com/item/4dc64c44d22dafda2fbaf1a9", "todo": {"count": 0}, "disagreeCount": 0}, {"logView": true, "lang": "en", "createdAt": 1435035233, "agreeCount": 0, "likes": {"groups": [], "count": 0}, "id": "5588e661498edb3d22e35e25", "text": "Salmon head soup", "type": "user", "user": {"gender": "male", "id": "106861519", "photo": {"prefix": "https://igx.4sqi.net/img/user/", "suffix": "/106861519-GVZ2USAREYVQGCF3.jpg"}, "firstName": "Marvin", "lastName": "Lew"}, "canonicalUrl": "https://foursquare.com/item/5588e661498edb3d22e35e25", "todo": {"count": 0}, "disagreeCount": 0}, {"logView": true, "lang": "en", "createdAt": 1292238971, "agreeCount": 1, "likes": {"groups": [{"items": [{"gender": "female", "id": "51051597", "photo": {"prefix": "https://igx.4sqi.net/img/user/", "suffix": "/ZWJCVJA2D2MIFHGL.jpg"}, "firstName": "Chris", "lastName": "Lim"}], "count": 1, "type": "others"}], "summary": "1 like", "count": 1}, "id": "4d06007bc2e53704ef2dc167", "text": "Food not fresh. Specialty ask 4 fresh made sushi. They just serve from filled up train n claim fresh (can even see wrinkle on seaweed). Only fresh stuff, hand roll which has 2 be mad upon request.", "type": "user", "user": {"gender": "male", "id": "4014489", "photo": {"prefix": "https://igx.4sqi.net/img/user/", "suffix": "/RGXKFU4TYFEXZ1DV.jpg"}, "firstName": "Joseph", "lastName": "Kan"}, "canonicalUrl": "https://foursquare.com/item/4d06007bc2e53704ef2dc167", "todo": {"count": 1}, "disagreeCount": 0}, {"authorInteractionType": "meh", "logView": true, "lang": "en", "photo": {"id": "57e00ab0498e3037b9199100", "visibility": "public", "source": {"name": "Foursquare for iOS", "url": "https://foursquare.com/download/#/iphone"}, "suffix": "/5202882_pZj-P8ICj0GybORyE_ekFJ_DrcizVCADKeIjp7IEUUs.jpg", "createdAt": 1474300592, "prefix": "https://igx.4sqi.net/img/general/", "width": 1440, "height": 1920}, "createdAt": 1474300590, "todo": {"count": 0}, "agreeCount": 0, "likes": {"groups": [], "count": 0}, "id": "57e00aae498e93e6be5801a7", "text": "Food was in a small portion so need to order many dishes to feel satisfied..", "disagreeCount": 0, "user": {"id": "5202882", "photo": {"prefix": "https://igx.4sqi.net/img/user/", "suffix": "/YWY5MH2XZQ0T0MO5.jpg"}, "firstName": "Lynn", "gender": "female"}, "canonicalUrl": "https://foursquare.com/item/57e00aae498e93e6be5801a7", "type": "user", "photourl": "https://igx.4sqi.net/img/general/original/5202882_pZj-P8ICj0GybORyE_ekFJ_DrcizVCADKeIjp7IEUUs.jpg"}, {"logView": true, "lang": "en", "createdAt": 1296987316, "agreeCount": 0, "likes": {"groups": [], "count": 0}, "id": "4d4e74b423a76dcbaeb75fdc", "text": "Love the raw salmon with wasabi, yum yum..", "type": "user", "user": {"gender": "male", "id": "5414976", "photo": {"prefix": "https://igx.4sqi.net/img/user/", "suffix": "/5414976-V4DREWN4TTWS1XMB.jpg"}, "firstName": "Boey", "lastName": "Vin"}, "canonicalUrl": "https://foursquare.com/item/4d4e74b423a76dcbaeb75fdc", "todo": {"count": 0}, "disagreeCount": 0}, {"logView": true, "lang": "en", "createdAt": 1283229633, "agreeCount": 0, "likes": {"groups": [], "count": 0}, "id": "4c7c87c1278eb71351836a80", "text": "softshell crab handroll is awesome!", "type": "user", "user": {"gender": "female", "id": "3034461", "photo": {"prefix": "https://igx.4sqi.net/img/user/", "suffix": "/HHXD2BLMPGISSUYT.png"}, "firstName": "Ong", "lastName": "Xuan"}, "canonicalUrl": "https://foursquare.com/item/4c7c87c1278eb71351836a80", "todo": {"count": 0}, "disagreeCount": 0}, {"logView": true, "lang": "en", "createdAt": 1308103068, "agreeCount": 0, "likes": {"groups": [], "count": 0}, "id": "4df8119c7d8bc475406f0e9d", "text": "Make sure any sushi you get is ordered from a waitress and make sure it's fresh from e kitchen not smth picked off from the belt.", "type": "user", "user": {"gender": "male", "id": "1628331", "photo": {"prefix": "https://igx.4sqi.net/img/user/", "suffix": "/NNBD30ICJ0FV2G2Q.jpg"}, "firstName": "Tan", "lastName": "Daryl"}, "canonicalUrl": "https://foursquare.com/item/4df8119c7d8bc475406f0e9d", "todo": {"count": 1}, "disagreeCount": 0}, {"authorInteractionType": "disliked", "logView": true, "lang": "en", "createdAt": 1297311547, "agreeCount": 0, "likes": {"groups": [], "count": 0}, "id": "4d53673b65586ea8c0a66bc8", "text": "Gt one quite bad customer crew. Keep clicking pens when we are deciding what to eat. And shout rite across my table to crew. ( in fact into my ears )", "type": "user", "user": {"gender": "female", "id": "5194467", "photo": {"prefix": "https://igx.4sqi.net/img/user/", "suffix": "/5194467-J3RD52BMZAZNILFU.jpg"}, "firstName": "Sharon", "lastName": "Tan"}, "canonicalUrl": "https://foursquare.com/item/4d53673b65586ea8c0a66bc8", "todo": {"count": 0}, "disagreeCount": 0}, {"logView": true, "lang": "en", "createdAt": 1368023145, "agreeCount": 0, "likes": {"groups": [], "count": 0}, "id": "518a6069498ea8e08203fac6", "text": "Satisfying dinner", "type": "user", "user": {"gender": "female", "id": "4860534", "photo": {"prefix": "https://igx.4sqi.net/img/user/", "suffix": "/CE3XGQMKL3P0D1TH.jpg"}, "firstName": "Joli", "lastName": "Toh"}, "canonicalUrl": "https://foursquare.com/item/518a6069498ea8e08203fac6", "todo": {"count": 0}, "disagreeCount": 0}, {"logView": true, "lang": "en", "photo": {"id": "5410ea34498e349b10866338", "visibility": "public", "source": {"name": "Foursquare for iOS", "url": "https://foursquare.com/download/#/iphone"}, "suffix": "/7480761_lJtqLg_Zaf2pGxWreIX6rLd-eeuqctFqm2i8M950qzM.jpg", "createdAt": 1410394676, "prefix": "https://igx.4sqi.net/img/general/", "width": 720, "height": 720}, "createdAt": 1410394673, "todo": {"count": 0}, "agreeCount": 0, "likes": {"groups": [], "count": 0}, "id": "5410ea31498e029a9346ffd9", "text": "Curry. Cheese. Pork.", "disagreeCount": 0, "user": {"gender": "female", "id": "7480761", "photo": {"prefix": "https://igx.4sqi.net/img/user/", "suffix": "/7480761-LEG1CWXIB51W42M0.jpg"}, "firstName": "Jannifer \ud83c\udf74", "lastName": "Hsiaomayi"}, "canonicalUrl": "https://foursquare.com/item/5410ea31498e029a9346ffd9", "type": "user", "photourl": "https://igx.4sqi.net/img/general/original/7480761_lJtqLg_Zaf2pGxWreIX6rLd-eeuqctFqm2i8M950qzM.jpg"}, {"logView": true, "lang": "en", "createdAt": 1411813905, "agreeCount": 0, "likes": {"groups": [], "count": 0}, "id": "54269211498e392c84425602", "text": "Those bento are worth", "type": "user", "user": {"gender": "female", "id": "26371964", "photo": {"prefix": "https://igx.4sqi.net/img/user/", "suffix": "/26371964-CSKMABIVECQ4UWH4.jpg"}, "firstName": "Kat", "lastName": "Ninh"}, "canonicalUrl": "https://foursquare.com/item/54269211498e392c84425602", "todo": {"count": 0}, "disagreeCount": 0}, {"authorInteractionType": "disliked", "logView": true, "lang": "en", "createdAt": 1371960249, "agreeCount": 1, "likes": {"groups": [{"items": [{"gender": "male", "id": "17816711", "photo": {"prefix": "https://igx.4sqi.net/img/user/", "suffix": "/17816711-QOS055P3FMC5U4TX.jpg"}, "firstName": "Benjamin", "lastName": "Ngeow"}], "count": 1, "type": "others"}], "summary": "1 like", "count": 1}, "id": "51c673b9498e06f52137e1f2", "text": "This location is currently the base area for their new staff to be trained before being redeployed to their other outlets. Be prepared for shaky quality for both service and food wise.", "type": "user", "user": {"gender": "male", "id": "17816711", "photo": {"prefix": "https://igx.4sqi.net/img/user/", "suffix": "/17816711-QOS055P3FMC5U4TX.jpg"}, "firstName": "Benjamin", "lastName": "Ngeow"}, "canonicalUrl": "https://foursquare.com/item/51c673b9498e06f52137e1f2", "todo": {"count": 0}, "disagreeCount": 0}, {"authorInteractionType": "disliked", "logView": true, "lang": "en", "createdAt": 1490427252, "agreeCount": 0, "likes": {"groups": [], "count": 0}, "id": "58d61d7491936a3075afc1a4", "text": "Nothing is good here. Place looks and feels cheap, food is quite poor, sushi is at best average. Miso soup was good. But never again, never again. Another case when Singapore can't do even decent :(", "type": "user", "user": {"gender": "male", "id": "2541815", "photo": {"prefix": "https://igx.4sqi.net/img/user/", "suffix": "/FI21CAJ1BBD5CNTZ.png"}, "firstName": "Artis", "lastName": "Are"}, "canonicalUrl": "https://foursquare.com/item/58d61d7491936a3075afc1a4", "todo": {"count": 0}, "disagreeCount": 0}, {"logView": true, "lang": "en", "createdAt": 1364470742, "agreeCount": 0, "likes": {"groups": [], "count": 0}, "id": "51542bd6e4b0bdae52ac4545", "text": "Expensive food. Nth beats sushi tei. :( build a sushi tei near me please :((", "type": "user", "user": {"gender": "female", "id": "51051597", "photo": {"prefix": "https://igx.4sqi.net/img/user/", "suffix": "/ZWJCVJA2D2MIFHGL.jpg"}, "firstName": "Chris", "lastName": "Lim"}, "canonicalUrl": "https://foursquare.com/item/51542bd6e4b0bdae52ac4545", "todo": {"count": 0}, "disagreeCount": 0}, {"logView": true, "lang": "en", "createdAt": 1326003217, "agreeCount": 0, "likes": {"groups": [], "count": 0}, "id": "4f093411e4b0803b69a93cb1", "text": "Cheesecake is awesome", "type": "user", "user": {"gender": "female", "id": "2602033", "photo": {"prefix": "https://igx.4sqi.net/img/user/", "suffix": "/5KZSG5IB2XQFOKBK.jpg"}, "firstName": "Patricia", "lastName": "Chong"}, "canonicalUrl": "https://foursquare.com/item/4f093411e4b0803b69a93cb1", "todo": {"count": 0}, "disagreeCount": 0}, {"authorInteractionType": "liked", "logView": true, "lang": "en", "createdAt": 1450926050, "agreeCount": 0, "likes": {"groups": [], "count": 0}, "id": "567b5fe2498e55d831f82838", "text": "Long q for seat during lunch. But if you order to go, it's ready fast.", "type": "user", "user": {"gender": "female", "id": "3747038", "photo": {"prefix": "https://igx.4sqi.net/img/user/", "suffix": "/3747038_reYjiJPg_hqomd7X6pB5m0Mmk55b_XoEREFsPzjEPFm2BCz--G4nwPqqNYdsbfvagQtUn-Tv-.jpg"}, "firstName": "Elise", "lastName": "\u2765"}, "canonicalUrl": "https://foursquare.com/item/567b5fe2498e55d831f82838", "todo": {"count": 0}, "disagreeCount": 0}, {"logView": true, "lang": "en", "createdAt": 1302356517, "agreeCount": 0, "likes": {"groups": [], "count": 0}, "id": "4da06225a77d816e04b71609", "text": "Try the chawanmushi here!", "type": "user", "user": {"gender": "male", "id": "7311065", "photo": {"prefix": "https://igx.4sqi.net/img/user/", "suffix": "/7311065-BBXZGZVJ4HBXCRNF.jpg"}, "firstName": "Raymond", "lastName": "Lau"}, "canonicalUrl": "https://foursquare.com/item/4da06225a77d816e04b71609", "todo": {"count": 0}, "disagreeCount": 0}, {"logView": true, "lang": "en", "createdAt": 1308103213, "agreeCount": 0, "likes": {"groups": [], "count": 0}, "id": "4df8122d62e1bb821b5d9400", "text": "On a more positive note their beef kaminabe is sex.", "type": "user", "user": {"gender": "male", "id": "1628331", "photo": {"prefix": "https://igx.4sqi.net/img/user/", "suffix": "/NNBD30ICJ0FV2G2Q.jpg"}, "firstName": "Tan", "lastName": "Daryl"}, "canonicalUrl": "https://foursquare.com/item/4df8122d62e1bb821b5d9400", "todo": {"count": 1}, "disagreeCount": 0}, {"logView": true, "lang": "en", "createdAt": 1362995337, "agreeCount": 0, "likes": {"groups": [], "count": 0}, "id": "513da889e4b07ef5cac31ccf", "text": "The sashimi we had for dinner on Saturday (9th March) wasn't 100% fresh. The Bento meals were lovely n worth the money.", "type": "user", "user": {"gender": "female", "id": "34043760", "photo": {"prefix": "https://igx.4sqi.net/img/user/", "suffix": "/34043760-SFRQDX3JHZUBZQHN.jpg"}, "firstName": "Ping Yen", "lastName": "Tan"}, "canonicalUrl": "https://foursquare.com/item/513da889e4b07ef5cac31ccf", "todo": {"count": 0}, "disagreeCount": 0}], "count": 26}}}