{"meta": {"code": 200, "requestId": "595a569ef594df3c3f660c41"}, "response": {"tips": {"items": [{"logView": true, "lang": "en", "createdAt": 1260277460, "agreeCount": 0, "likes": {"groups": [], "count": 0}, "id": "4b1e4ed470c603bbfb4c8fb4", "text": "Try the kamo soba. Splendid!", "type": "user", "user": {"gender": "none", "id": "109204", "photo": {"prefix": "https://igx.4sqi.net/img/user/", "suffix": "/UZS1Q5NTTWBREKRU.jpg"}, "firstName": "Yan", "lastName": "Phun"}, "canonicalUrl": "https://foursquare.com/item/4b1e4ed470c603bbfb4c8fb4", "todo": {"count": 0}, "disagreeCount": 0}, {"logView": true, "lang": "ja", "createdAt": 1377443077, "agreeCount": 0, "likes": {"groups": [], "count": 0}, "id": "521a1d0511d2aaa44fd98030", "text": "\u76f8\u5909\u308f\u3089\u305a\u3001\u51fa\u6765\u305f\u3066\u306e\u305d\u3070\u306e\u5473\u304c\u6700\u9ad8\uff01", "type": "user", "user": {"gender": "male", "id": "48415427", "photo": {"prefix": "https://igx.4sqi.net/img/user/", "suffix": "/M2U1JVOVYYETCY4D.jpg"}, "firstName": "Carte", "lastName": "Postale"}, "canonicalUrl": "https://foursquare.com/item/521a1d0511d2aaa44fd98030", "todo": {"count": 0}, "disagreeCount": 0}, {"logView": true, "lang": "en", "createdAt": 1291035507, "agreeCount": 1, "likes": {"groups": [{"items": [{"gender": "male", "id": "492711", "photo": {"prefix": "https://igx.4sqi.net/img/user/", "suffix": "/492711-C0OD0CKUYOV20FCS.jpg"}, "firstName": "Nicholas", "lastName": "Tay"}], "count": 2, "type": "others"}], "summary": "2 likes", "count": 2}, "id": "4cf3a3736c29236a08d871a2", "text": "Chilled noodle taste better than the hot one! Must try", "type": "user", "user": {"gender": "female", "id": "4630829", "photo": {"prefix": "https://igx.4sqi.net/img/user/", "suffix": "/VCMMRJKUZAQCUG5W.jpg"}, "firstName": "Keri", "lastName": "T"}, "canonicalUrl": "https://foursquare.com/item/4cf3a3736c29236a08d871a2", "todo": {"count": 0}, "disagreeCount": 0}, {"authorInteractionType": "disliked", "logView": true, "lang": "en", "createdAt": 1403763046, "agreeCount": 0, "likes": {"groups": [], "count": 0}, "id": "53abb966498eddb7e2d01ba3", "text": "The service seems to be going down & they are charging $1 to serve the chilled soba dipping sauce separately when that ought to be the norm?", "type": "user", "user": {"gender": "female", "id": "877733", "photo": {"prefix": "https://igx.4sqi.net/img/user/", "suffix": "/877733-HVLU3KKVIDZH5AIO.jpg"}, "firstName": "Tash", "lastName": "Z"}, "canonicalUrl": "https://foursquare.com/item/53abb966498eddb7e2d01ba3", "todo": {"count": 0}, "disagreeCount": 0}, {"authorInteractionType": "disliked", "logView": true, "lang": "en", "createdAt": 1426814789, "agreeCount": 0, "likes": {"groups": [], "count": 0}, "id": "550b7745498ebd997ec97fd0", "text": "Too expensive for the small portions.", "type": "user", "user": {"gender": "male", "id": "24587061", "photo": {"prefix": "https://igx.4sqi.net/img/user/", "suffix": "/24587061-5PQ5IAVKSDT0WCOL.jpg"}, "firstName": "Kenneth", "lastName": "Chua"}, "canonicalUrl": "https://foursquare.com/item/550b7745498ebd997ec97fd0", "todo": {"count": 0}, "disagreeCount": 0}, {"logView": true, "lang": "en", "createdAt": 1286429434, "agreeCount": 3, "likes": {"groups": [{"items": [{"gender": "none", "id": "6184331", "photo": {"prefix": "https://igx.4sqi.net/img/user/", "suffix": "/GOCRTDH0D13FQ0CS.jpg"}, "firstName": "Nuya", "lastName": "Ana"}, {"gender": "female", "id": "20247720", "photo": {"prefix": "https://igx.4sqi.net/img/user/", "suffix": "/FVHLIMFAGJFTDV14.jpg"}, "firstName": "Denvy", "lastName": "Lo"}, {"gender": "female", "id": "766676", "photo": {"prefix": "https://igx.4sqi.net/img/user/", "suffix": "/PVZ3VMJJQAVYMCSF.jpg"}, "firstName": "Belle", "lastName": "Chua"}], "count": 3, "type": "others"}], "summary": "3 likes", "count": 3}, "id": "4cad5afa44a8224b0c963b40", "text": "Yummy lunch sets! Great that they have vegetarian options! =)", "type": "user", "user": {"id": "716338", "photo": {"prefix": "https://igx.4sqi.net/img/user/", "suffix": "/H13WCW11CJK04PCK.jpg"}, "firstName": "Xiaomei", "gender": "female"}, "canonicalUrl": "https://foursquare.com/item/4cad5afa44a8224b0c963b40", "todo": {"count": 0}, "disagreeCount": 0}, {"logView": true, "lang": "en", "createdAt": 1415555506, "agreeCount": 0, "likes": {"groups": [], "count": 0}, "id": "545fa9b2498e80c07e6bcd31", "text": "My top favourite", "type": "user", "user": {"gender": "female", "id": "5465578", "photo": {"prefix": "https://igx.4sqi.net/img/user/", "suffix": "/IPSCQXV5O4PKBLH5.jpg"}, "firstName": "Faz", "lastName": "Lina"}, "canonicalUrl": "https://foursquare.com/item/545fa9b2498e80c07e6bcd31", "todo": {"count": 0}, "disagreeCount": 0}, {"logView": true, "lang": "en", "photo": {"id": "52466be511d2537251eac671", "visibility": "public", "source": {"name": "Foursquare for iOS", "url": "https://foursquare.com/download/#/iphone"}, "suffix": "/26801887_xNjV7n9W8G4yxEdkNUQi-2MC4u5P8cyiOpjYSP9i3PE.jpg", "createdAt": 1380346853, "prefix": "https://igx.4sqi.net/img/general/", "width": 960, "height": 720}, "createdAt": 1380346846, "todo": {"count": 0}, "agreeCount": 2, "likes": {"groups": [{"items": [{"gender": "male", "id": "231366", "photo": {"prefix": "https://igx.4sqi.net/img/user/", "suffix": "/231366-Q2ZSAEF50GYUXPDA.jpg"}, "firstName": "Cheen", "lastName": "The Curious"}, {"id": "3430022", "photo": {"prefix": "https://igx.4sqi.net/img/user/", "suffix": "/3430022-AYOCTU0VCOZVT2VX.jpg"}, "firstName": "jhachiro", "gender": "none"}], "count": 2, "type": "others"}], "summary": "2 likes", "count": 2}, "id": "52466bde11d289b453a7bfba", "text": "the seiro is good. very clean texture and nicely calculated portion sizes.", "disagreeCount": 0, "user": {"gender": "male", "id": "26801887", "photo": {"prefix": "https://igx.4sqi.net/img/user/", "suffix": "/HLL13X3TIMKPG5HV.jpg"}, "firstName": "Alvin", "lastName": "Chan"}, "canonicalUrl": "https://foursquare.com/item/52466bde11d289b453a7bfba", "type": "user", "photourl": "https://igx.4sqi.net/img/general/original/26801887_xNjV7n9W8G4yxEdkNUQi-2MC4u5P8cyiOpjYSP9i3PE.jpg"}, {"logView": true, "lang": "en", "createdAt": 1412411763, "agreeCount": 0, "likes": {"groups": [], "count": 0}, "id": "542fb173498e7ef576da2a01", "text": "Cold soba is superb.  Freshly made on site from seed to plate.  Cold tea is lovely too.  Upsize the soba for 5 bucks or be greedy and get another plate for 8!", "type": "user", "user": {"gender": "male", "id": "7268722", "photo": {"prefix": "https://igx.4sqi.net/img/user/", "suffix": "/7268722-BHRQB44PRSMWGS45.jpg"}, "firstName": "Anh", "lastName": "Han"}, "canonicalUrl": "https://foursquare.com/item/542fb173498e7ef576da2a01", "todo": {"count": 0}, "disagreeCount": 0}, {"logView": true, "lang": "en", "createdAt": 1277613443, "agreeCount": 0, "likes": {"groups": [], "count": 0}, "id": "4c26d583c11dc9b6b5c52924", "text": "Delish!", "type": "user", "user": {"id": "1357981", "photo": {"prefix": "https://igx.4sqi.net/img/user/", "suffix": "/ZEHCIWHKMUHBRWKM.jpg"}, "firstName": "meilina", "gender": "female"}, "canonicalUrl": "https://foursquare.com/item/4c26d583c11dc9b6b5c52924", "todo": {"count": 0}, "disagreeCount": 0}, {"logView": true, "lang": "en", "createdAt": 1287753741, "agreeCount": 0, "likes": {"groups": [], "count": 0}, "id": "4cc1900d967d5481406f7857", "text": "The matcha ice cream is yummy good!!", "type": "user", "user": {"gender": "female", "id": "2209814", "photo": {"prefix": "https://igx.4sqi.net/img/user/", "suffix": "/F1JYZUZIT132TKQF.jpg"}, "firstName": "Li Yee", "lastName": "Lim"}, "canonicalUrl": "https://foursquare.com/item/4cc1900d967d5481406f7857", "todo": {"count": 0}, "disagreeCount": 0}, {"logView": true, "lang": "en", "createdAt": 1296903419, "agreeCount": 0, "likes": {"groups": [], "count": 0}, "id": "4d4d2cfb9ee13704b460808b", "text": "My favorite is still chikara soba", "type": "user", "user": {"gender": "male", "id": "4653022", "photo": {"prefix": "https://igx.4sqi.net/img/user/", "suffix": "/S5ABNE4MJPOZ0EUV.jpg"}, "firstName": "Ken", "lastName": "Lim"}, "canonicalUrl": "https://foursquare.com/item/4d4d2cfb9ee13704b460808b", "todo": {"count": 0}, "disagreeCount": 0}, {"logView": true, "lang": "en", "createdAt": 1401508920, "agreeCount": 0, "likes": {"groups": [], "count": 0}, "id": "53895438498e51658c80496e", "text": "Love the changing & seasonal offerings on their menu...", "type": "user", "user": {"gender": "male", "id": "758302", "photo": {"prefix": "https://igx.4sqi.net/img/user/", "suffix": "/-W5XHWLVMUNNQWAK0.jpg"}, "firstName": "Buck Seng", "lastName": "Ng"}, "canonicalUrl": "https://foursquare.com/item/53895438498e51658c80496e", "todo": {"count": 0}, "disagreeCount": 0}, {"authorInteractionType": "liked", "logView": true, "lang": "en", "createdAt": 1419980145, "agreeCount": 0, "likes": {"groups": [], "count": 0}, "id": "54a32d71498ec2b7fd37d404", "text": "Always a solid choice when you're scratching your head for restaurant options. There's something for everyone. The hijiki rice is a personal favorite.", "type": "user", "user": {"gender": "male", "id": "65452571", "photo": {"prefix": "https://igx.4sqi.net/img/user/", "suffix": "/65452571-JYFGYNW02QVDB54L.jpg"}, "firstName": "Andrew", "lastName": "C."}, "canonicalUrl": "https://foursquare.com/item/54a32d71498ec2b7fd37d404", "todo": {"count": 0}, "disagreeCount": 0}, {"authorInteractionType": "liked", "logView": true, "lang": "en", "createdAt": 1459523712, "agreeCount": 0, "likes": {"groups": [], "count": 0}, "id": "56fe9080498e5589d9c4a5d9", "text": "Had the Paragon Soba: cold soba was really excellent, tasty tempura in light batter, hot soba broth was good but noodles became sloppy a bit too fast. Excellent set overall - 22sgd. Staff not great.", "type": "user", "user": {"id": "2423593", "photo": {"prefix": "https://igx.4sqi.net/img/user/", "suffix": "/2423593-3THPXAYGDKZ55AEL.jpg"}, "firstName": "laetitia", "gender": "female"}, "canonicalUrl": "https://foursquare.com/item/56fe9080498e5589d9c4a5d9", "todo": {"count": 0}, "disagreeCount": 0}, {"logView": true, "lang": "en", "createdAt": 1281182563, "agreeCount": 2, "likes": {"groups": [{"items": [{"gender": "male", "id": "492711", "photo": {"prefix": "https://igx.4sqi.net/img/user/", "suffix": "/492711-C0OD0CKUYOV20FCS.jpg"}, "firstName": "Nicholas", "lastName": "Tay"}, {"gender": "female", "id": "766676", "photo": {"prefix": "https://igx.4sqi.net/img/user/", "suffix": "/PVZ3VMJJQAVYMCSF.jpg"}, "firstName": "Belle", "lastName": "Chua"}], "count": 5, "type": "others"}], "summary": "5 likes", "count": 5}, "id": "4c5d4b63ed29ef3be8a88d76", "text": "Fantastic Soba noodle restaurant. Admire the quality in preparing the ingredients", "type": "user", "user": {"gender": "male", "id": "563810", "photo": {"prefix": "https://igx.4sqi.net/img/user/", "suffix": "/563810-A1MGPI1ZP3V4C4UL"}, "firstName": "Andreas", "lastName": "Cohen"}, "canonicalUrl": "https://foursquare.com/item/4c5d4b63ed29ef3be8a88d76", "todo": {"count": 1}, "disagreeCount": 0}, {"logView": true, "lang": "en", "photo": {"id": "511cdd57e4b093d26711d3a7", "visibility": "public", "source": {"name": "Foursquare for Android", "url": "https://foursquare.com/download/#/android"}, "suffix": "/552025_Bh7mEY1BjuF8R1aObRZOIyB7MiDjyUb0KpSkv60h-Dg.jpg", "createdAt": 1360846167, "prefix": "https://igx.4sqi.net/img/general/", "width": 720, "height": 960}, "createdAt": 1360843594, "todo": {"count": 0}, "agreeCount": 0, "likes": {"groups": [], "count": 0}, "id": "511cd34ae4b03c1e6784b2fb", "text": "Wonderful service and very yummy!", "disagreeCount": 0, "user": {"gender": "male", "id": "552025", "photo": {"prefix": "https://igx.4sqi.net/img/user/", "suffix": "/JNV3Q20T2BEHJO3E.jpg"}, "firstName": "Brandon", "lastName": "Lee"}, "canonicalUrl": "https://foursquare.com/item/511cd34ae4b03c1e6784b2fb", "type": "user", "photourl": "https://igx.4sqi.net/img/general/original/552025_Bh7mEY1BjuF8R1aObRZOIyB7MiDjyUb0KpSkv60h-Dg.jpg"}, {"logView": true, "lang": "en", "createdAt": 1327574514, "agreeCount": 0, "likes": {"groups": [], "count": 0}, "id": "4f212df2e4b0e2de5777f773", "text": "Dinner sets are big but recommended to go for their ala carte sobas instead.", "type": "user", "user": {"id": "1234794", "photo": {"prefix": "https://igx.4sqi.net/img/user/", "suffix": "/VAWWLOLK2SF4YQHM.jpg"}, "firstName": "Lings", "gender": "female"}, "canonicalUrl": "https://foursquare.com/item/4f212df2e4b0e2de5777f773", "todo": {"count": 0}, "disagreeCount": 0}, {"logView": true, "lang": "en", "createdAt": 1379332745, "agreeCount": 0, "likes": {"groups": [], "count": 0}, "id": "5236f28911d25de7dd122b51", "text": "Run by the folks of the Ichiban Boshi chains. Noodles were tasty, I liked the graininess of the buckwheat. The mackerel broth however lacked a bit of flavour. I'd recommend the cold soba instead.", "type": "user", "user": {"gender": "female", "id": "20593720", "photo": {"prefix": "https://igx.4sqi.net/img/user/", "suffix": "/20593720-QSFYCJSHDJ3PANNG.jpg"}, "firstName": "Natasha", "lastName": "Mitter"}, "canonicalUrl": "https://foursquare.com/item/5236f28911d25de7dd122b51", "todo": {"count": 0}, "disagreeCount": 0}, {"authorInteractionType": "liked", "logView": true, "lang": "en", "createdAt": 1410010350, "agreeCount": 0, "likes": {"groups": [], "count": 0}, "id": "540b0cee498e038b4111ece0", "text": "Very very very good veg food, high degree of integrity & respect for vegetarians too", "type": "user", "user": {"gender": "male", "id": "26886877", "photo": {"prefix": "https://igx.4sqi.net/img/user/", "suffix": "/26886877-DBTQL3RLN5SRYEDH.jpg"}, "firstName": "Dafydd", "lastName": "Green"}, "canonicalUrl": "https://foursquare.com/item/540b0cee498e038b4111ece0", "todo": {"count": 0}, "disagreeCount": 0}, {"logView": true, "lang": "en", "createdAt": 1273297257, "agreeCount": 0, "likes": {"groups": [], "count": 0}, "id": "4be4f96970c603bbe2a79ab4", "text": "Pricey ... All sobas look the same to me", "type": "user", "user": {"gender": "male", "id": "251135", "photo": {"prefix": "https://igx.4sqi.net/img/user/", "suffix": "/251135-C400DRZJAO3Q1BIA.jpg"}, "firstName": "M", "lastName": "Ling"}, "canonicalUrl": "https://foursquare.com/item/4be4f96970c603bbe2a79ab4", "todo": {"count": 0}, "disagreeCount": 0}, {"logView": true, "lang": "en", "photo": {"id": "57f9c51f498e8083e983086e", "visibility": "public", "source": {"name": "Foursquare for iOS", "url": "https://foursquare.com/download/#/iphone"}, "suffix": "/231366_sHu5v7P01lqjLPlqwA6xx5cy33Sa9mHml2FRkX_kXV4.jpg", "createdAt": 1475986719, "prefix": "https://igx.4sqi.net/img/general/", "width": 1440, "height": 1920}, "createdAt": 1475986716, "todo": {"count": 0}, "agreeCount": 1, "likes": {"groups": [], "count": 0}, "id": "57f9c51ccd10ae1df01645b7", "text": "Vegetarian options: Shokado \"Koyasan\", Nabeyaki udon/soba, Chikara soba", "disagreeCount": 0, "user": {"gender": "male", "id": "231366", "photo": {"prefix": "https://igx.4sqi.net/img/user/", "suffix": "/231366-Q2ZSAEF50GYUXPDA.jpg"}, "firstName": "Cheen", "lastName": "The Curious"}, "canonicalUrl": "https://foursquare.com/item/57f9c51ccd10ae1df01645b7", "type": "user", "photourl": "https://igx.4sqi.net/img/general/original/231366_sHu5v7P01lqjLPlqwA6xx5cy33Sa9mHml2FRkX_kXV4.jpg"}, {"logView": true, "lang": "en", "createdAt": 1293351459, "agreeCount": 0, "likes": {"groups": [], "count": 0}, "id": "4d16fa2325cda1438aa473d6", "text": "Hiyashi kamo soba and tempura hand rolls are my favorite!", "type": "user", "user": {"gender": "male", "id": "5287924", "photo": {"prefix": "https://igx.4sqi.net/img/user/", "suffix": "/AQGVRDZYRINHHPBV.jpg"}, "firstName": "Horacio", "lastName": "Miranda"}, "canonicalUrl": "https://foursquare.com/item/4d16fa2325cda1438aa473d6", "todo": {"count": 0}, "disagreeCount": 0}, {"authorInteractionType": "meh", "logView": true, "lang": "en", "createdAt": 1444374660, "agreeCount": 1, "likes": {"groups": [], "count": 0}, "id": "56176884498eff921bbe3dbd", "text": "Incredibly expensive soba, even if it's handmade.", "type": "user", "user": {"gender": "female", "id": "261779", "photo": {"prefix": "https://igx.4sqi.net/img/user/", "suffix": "/261779_42P9RXDn_kszHnn2769y0o3BJDWkaM5ougBte7Jc0lg8xk7IQoAlC5YVB4m0kVhjySgJKHtiZ.jpg"}, "firstName": "Si\u00e2n", "lastName": "Ng"}, "canonicalUrl": "https://foursquare.com/item/56176884498eff921bbe3dbd", "todo": {"count": 0}, "disagreeCount": 0}, {"logView": true, "lang": "en", "createdAt": 1355014298, "agreeCount": 0, "likes": {"groups": [], "count": 0}, "id": "50c3e09ae4b0bd0f642d74e0", "text": "Decent bento sets but it's nearly always crowded. Nice roasted rice tea", "type": "user", "user": {"gender": "female", "id": "38674512", "photo": {"prefix": "https://igx.4sqi.net/img/user/", "suffix": "/WF0J3ADU5S42ZGUN.jpg"}, "firstName": "Charmian", "lastName": "Aw"}, "canonicalUrl": "https://foursquare.com/item/50c3e09ae4b0bd0f642d74e0", "todo": {"count": 0}, "disagreeCount": 0}, {"logView": true, "lang": "en", "createdAt": 1333426585, "agreeCount": 0, "likes": {"groups": [], "count": 0}, "id": "4f7a7999e4b0dd0daf7ea4ab", "text": "Weekday lunch specials are generous! Try the teriyaki chicken don set = delicious!", "type": "user", "user": {"gender": "female", "id": "446560", "photo": {"prefix": "https://igx.4sqi.net/img/user/", "suffix": "/FLB1YUXWOMNYIOMB.jpg"}, "firstName": "Keri-Lee", "lastName": "Beasley"}, "canonicalUrl": "https://foursquare.com/item/4f7a7999e4b0dd0daf7ea4ab", "todo": {"count": 0}, "disagreeCount": 0}, {"logView": true, "lang": "en", "createdAt": 1319085254, "agreeCount": 1, "likes": {"groups": [{"items": [{"gender": "male", "id": "8626838", "photo": {"prefix": "https://igx.4sqi.net/img/user/", "suffix": "/8626838-OOPJACMZPXTFW211.jpg"}, "firstName": "Larry", "lastName": "Lim"}], "count": 1, "type": "others"}], "summary": "1 like", "count": 1}, "id": "4e9fa4c67ee5194396ce9934", "text": "Nice food but lousy service... Lousy attitude..", "type": "user", "user": {"gender": "male", "id": "3161902", "photo": {"prefix": "https://igx.4sqi.net/img/user/", "suffix": "/UYNUIDFBGL3CM03H.jpg"}, "firstName": "Alex", "lastName": "Yong"}, "canonicalUrl": "https://foursquare.com/item/4e9fa4c67ee5194396ce9934", "todo": {"count": 0}, "disagreeCount": 0}, {"logView": true, "lang": "en", "createdAt": 1267528025, "agreeCount": 0, "likes": {"groups": [], "count": 0}, "id": "4b8cf15970c603bba06193b4", "text": "They have the best chilled soba!!", "type": "user", "user": {"gender": "male", "id": "371123", "photo": {"prefix": "https://igx.4sqi.net/img/user/", "suffix": "/XHM0YF3OYKD0M4GM.jpg"}, "firstName": "Eric", "lastName": "Ramalie"}, "canonicalUrl": "https://foursquare.com/item/4b8cf15970c603bba06193b4", "todo": {"count": 1}, "disagreeCount": 0}, {"logView": true, "lang": "en", "createdAt": 1413378993, "agreeCount": 0, "likes": {"groups": [], "count": 0}, "id": "543e73b111d27fa65b82cf01", "text": "Relatively more expensive Japanese restaurant but they serve good quality soba, both warm & cold. Food range is limited mainly to soba noodles as the main course. Great place for soba lovers!", "type": "user", "user": {"gender": "female", "id": "16504035", "photo": {"prefix": "https://igx.4sqi.net/img/user/", "suffix": "/16504035-Y240Y2NOOU022AVR.jpg"}, "firstName": "Jasmine", "lastName": "Pang"}, "canonicalUrl": "https://foursquare.com/item/543e73b111d27fa65b82cf01", "todo": {"count": 0}, "disagreeCount": 0}, {"logView": true, "lang": "en", "createdAt": 1277009971, "agreeCount": 0, "likes": {"groups": [{"items": [], "count": 1, "type": "others"}], "summary": "1 like", "count": 1}, "id": "4c1da0338b3aa593a6fd9a5f", "text": "Hiyashi Kamo Soba is reason enough to be here. Adding extra noodles screws up the mix a bit. Stick w/ the regular portion.", "type": "user", "user": {"gender": "male", "id": "50104", "photo": {"prefix": "https://igx.4sqi.net/img/user/", "suffix": "/3FB2FRZYJ11NBKIU.jpg"}, "firstName": "Noel", "lastName": "Yeo"}, "canonicalUrl": "https://foursquare.com/item/4c1da0338b3aa593a6fd9a5f", "todo": {"count": 0}, "disagreeCount": 0}, {"logView": true, "lang": "en", "createdAt": 1267859135, "agreeCount": 0, "likes": {"groups": [], "count": 0}, "id": "4b91febf70c603bb82a893b4", "text": "Shoukadou set meals are not worth it at the price they set. Soba & udon are great.", "type": "user", "user": {"gender": "male", "id": "280501", "photo": {"prefix": "https://igx.4sqi.net/img/user/", "suffix": "/ZHNOCZ5Y1A1X05ZX.jpg"}, "firstName": "Janvier", "lastName": "Anonical"}, "canonicalUrl": "https://foursquare.com/item/4b91febf70c603bb82a893b4", "todo": {"count": 0}, "disagreeCount": 0}, {"authorInteractionType": "liked", "logView": true, "lang": "en", "createdAt": 1449396532, "agreeCount": 0, "likes": {"groups": [], "count": 0}, "id": "56640934498e155999e9b0b2", "text": "Hard to find Japanese soba that has soup that skips the bonito or other fish flakes in the soup. Here, they do and have many vegan options!", "type": "user", "user": {"gender": "female", "id": "29687657", "photo": {"prefix": "https://igx.4sqi.net/img/user/", "suffix": "/29687657-TRQWFBOLFWBB2DLH.jpg"}, "firstName": "Laarni", "lastName": "de Lusong"}, "canonicalUrl": "https://foursquare.com/item/56640934498e155999e9b0b2", "todo": {"count": 0}, "disagreeCount": 0}, {"logView": true, "lang": "en", "createdAt": 1325073165, "agreeCount": 0, "likes": {"groups": [], "count": 0}, "id": "4efb030d8b81ef98d3d33c07", "text": "Service standards is q poor. Food standard is ok but portion is abysmal.", "type": "user", "user": {"gender": "male", "id": "304745", "photo": {"prefix": "https://igx.4sqi.net/img/user/", "suffix": "/Q1XA0PPOXSQB2VK5.jpg"}, "firstName": "Daniel", "lastName": "Koh"}, "canonicalUrl": "https://foursquare.com/item/4efb030d8b81ef98d3d33c07", "todo": {"count": 0}, "disagreeCount": 0}, {"logView": true, "lang": "ja", "createdAt": 1302585852, "agreeCount": 0, "likes": {"groups": [], "count": 0}, "id": "4da3e1fc8c8d594156804b0f", "text": "\u5e73\u65e5\u663c\u30bb\u30c3\u30c8\u3042\u308a\u3001\u304a\u5f97\u3067\u3059\uff01\uff01", "type": "user", "user": {"gender": "male", "id": "6209522", "photo": {"prefix": "https://igx.4sqi.net/img/user/", "suffix": "/EVXAWGV435OSSHYP.jpg"}, "firstName": "Paopao", "lastName": "Thanchet"}, "canonicalUrl": "https://foursquare.com/item/4da3e1fc8c8d594156804b0f", "todo": {"count": 0}, "disagreeCount": 0}, {"logView": true, "lang": "en", "createdAt": 1372679006, "agreeCount": 2, "likes": {"groups": [{"items": [{"gender": "female", "id": "1766108", "photo": {"prefix": "https://igx.4sqi.net/img/user/", "suffix": "/A33A5211RL1GDHDT.jpg"}, "firstName": "Weiru", "lastName": "T"}, {"id": "1419769", "photo": {"prefix": "https://igx.4sqi.net/img/user/", "suffix": "/21L5H1AYOL2MRFDA.jpg"}, "firstName": "femmefauxpas", "gender": "female"}], "count": 2, "type": "others"}], "summary": "2 likes", "count": 2}, "id": "51d16b5e498ef001140c7987", "text": "Great vegetarian menu. Soup a lil too much msg, some coke should ease it", "type": "user", "user": {"gender": "female", "id": "4167694", "photo": {"prefix": "https://igx.4sqi.net/img/user/", "suffix": "/LCP3AQTSK5OEH3IS.jpg"}, "firstName": "Elaine", "lastName": "Chiam"}, "canonicalUrl": "https://foursquare.com/item/51d16b5e498ef001140c7987", "todo": {"count": 0}, "disagreeCount": 0}, {"logView": true, "lang": "en", "createdAt": 1464505175, "todo": {"count": 1}, "agreeCount": 1, "likes": {"groups": [], "count": 0}, "lastVoteText": "Upvoted 3 weeks ago", "id": "574a9357498e57b0d6e5cb7c", "text": "Watch Chef Jeremick make soba by hand. It's a meticulous, long process that ends with him expertly chopping the dough into even, thin strips. I was impressed; my appetite was piqued too.", "disagreeCount": 0, "lastUpvoteTimestamp": 1496898153, "user": {"gender": "none", "id": "37296990", "photo": {"prefix": "https://igx.4sqi.net/img/user/", "default": true, "suffix": "/blank_boy.png"}, "firstName": "XY", "lastName": "T"}, "canonicalUrl": "https://foursquare.com/item/574a9357498e57b0d6e5cb7c", "type": "user"}, {"authorInteractionType": "liked", "logView": true, "lang": "en", "createdAt": 1412331983, "agreeCount": 0, "likes": {"groups": [], "count": 0}, "id": "542e79cf498e86801d5f840c", "text": "Tempura and soba are tasty. Service is lower than my expectation.", "type": "user", "user": {"gender": "female", "id": "4139634", "photo": {"prefix": "https://igx.4sqi.net/img/user/", "suffix": "/4139634-GJ2OW4UZR3IVREI3.jpg"}, "firstName": "Nithinan", "lastName": "Soiakas"}, "canonicalUrl": "https://foursquare.com/item/542e79cf498e86801d5f840c", "todo": {"count": 0}, "disagreeCount": 0}, {"logView": true, "lang": "en", "createdAt": 1294545938, "agreeCount": 0, "likes": {"groups": [], "count": 0}, "id": "4d2934128292236a600a21bb", "text": "Try the Kitsune Soba for a light but tasty meal", "type": "user", "user": {"gender": "male", "id": "1380464", "photo": {"prefix": "https://igx.4sqi.net/img/user/", "suffix": "/C0GBY1W2WZHKE5UA.jpg"}, "firstName": "Phil", "lastName": "Askey"}, "canonicalUrl": "https://foursquare.com/item/4d2934128292236a600a21bb", "todo": {"count": 0}, "disagreeCount": 0}, {"authorInteractionType": "liked", "logView": true, "lang": "en", "createdAt": 1497621854, "agreeCount": 0, "likes": {"groups": [], "count": 0}, "id": "5943e55e364d976570c016d2", "text": "the soba together with the warm soup is just right for someone who doesn't like cold soba", "type": "user", "user": {"gender": "female", "id": "142984635", "photo": {"prefix": "https://igx.4sqi.net/img/user/", "suffix": "/142984635-RN0XQTFPL3CMR41B.jpg"}, "firstName": "Liting", "lastName": "Lim"}, "canonicalUrl": "https://foursquare.com/item/5943e55e364d976570c016d2", "todo": {"count": 0}, "disagreeCount": 0}, {"logView": true, "lang": "en", "createdAt": 1328016915, "agreeCount": 0, "likes": {"groups": [], "count": 0}, "id": "4f27ee13e4b055df27eb22fb", "text": "Love the serio soba here. It may be cold but is really gd & healthy.It comes with a small pot of soup at the end.", "type": "user", "user": {"id": "108873", "photo": {"prefix": "https://igx.4sqi.net/img/user/", "suffix": "/JDN5XNDIBVXZWCV1.jpg"}, "firstName": "cheryl", "gender": "female"}, "canonicalUrl": "https://foursquare.com/item/4f27ee13e4b055df27eb22fb", "todo": {"count": 0}, "disagreeCount": 0}, {"logView": true, "lang": "en", "createdAt": 1328248153, "agreeCount": 0, "likes": {"groups": [], "count": 0}, "id": "4f2b7559e4b05a27b964bd08", "text": "Authentic, just like having lunch in Japan (\u02c6\u06a1\u02c6)", "type": "user", "user": {"gender": "female", "id": "1191842", "photo": {"prefix": "https://igx.4sqi.net/img/user/", "suffix": "/YAQPJ4XWTTMXD3UF.jpg"}, "firstName": "olivia", "lastName": "cing-cing"}, "canonicalUrl": "https://foursquare.com/item/4f2b7559e4b05a27b964bd08", "todo": {"count": 0}, "disagreeCount": 0}, {"logView": true, "lang": "en", "createdAt": 1328017013, "agreeCount": 0, "likes": {"groups": [], "count": 0}, "id": "4f27ee75e4b0c486211e3adc", "text": "This is part of the ichiban boshi group. You can stamp or redeem your Aki card here!", "type": "user", "user": {"id": "108873", "photo": {"prefix": "https://igx.4sqi.net/img/user/", "suffix": "/JDN5XNDIBVXZWCV1.jpg"}, "firstName": "cheryl", "gender": "female"}, "canonicalUrl": "https://foursquare.com/item/4f27ee75e4b0c486211e3adc", "todo": {"count": 0}, "disagreeCount": 0}, {"logView": true, "lang": "ja", "createdAt": 1299245069, "agreeCount": 0, "likes": {"groups": [], "count": 0}, "id": "4d70e80d76f3f04d4a636348", "text": "\u71b1\u3044\u854e\u9ea6\u306f\u304a\u3044\u3057\u3044\u3060\u308b\u3068\u601d\u3044\u307e\u3059\u3002", "type": "user", "user": {"gender": "none", "id": "5112597", "photo": {"prefix": "https://igx.4sqi.net/img/user/", "suffix": "/IXCBIZGYEKOJUSWT.jpg"}, "firstName": "\u30ab\u30a4\u30ea", "lastName": "\u3053\u30fc"}, "canonicalUrl": "https://foursquare.com/item/4d70e80d76f3f04d4a636348", "todo": {"count": 0}, "disagreeCount": 0}, {"authorInteractionType": "liked", "logView": true, "lang": "en", "createdAt": 1441018234, "agreeCount": 0, "likes": {"groups": [], "count": 0}, "id": "55e4317a498e56a5fc2d38d5", "text": "Tried the Chakira Soba; it was superb! Cold soba's great too", "type": "user", "user": {"gender": "female", "id": "136617606", "photo": {"prefix": "https://igx.4sqi.net/img/user/", "suffix": "/136617606-HMG2PK5TTZEUJCL4.jpg"}, "firstName": "Ruth", "lastName": "Wok"}, "canonicalUrl": "https://foursquare.com/item/55e4317a498e56a5fc2d38d5", "todo": {"count": 0}, "disagreeCount": 0}, {"logView": true, "lang": "en", "photo": {"id": "511637e8e4b08a571976f8ac", "visibility": "public", "source": {"name": "Foursquare for iOS", "url": "https://foursquare.com/download/#/iphone"}, "suffix": "/108873__sNBpYMA2GIqWuVwfHynSbu3ew-uB5jgVdsVXqbFeT8.jpg", "createdAt": 1360410600, "prefix": "https://igx.4sqi.net/img/general/", "width": 720, "height": 720}, "createdAt": 1360410594, "todo": {"count": 0}, "agreeCount": 1, "likes": {"groups": [{"items": [{"gender": "male", "id": "19036756", "photo": {"prefix": "https://igx.4sqi.net/img/user/", "suffix": "/WST0OP1GEFH55YXD.jpg"}, "firstName": "Yasuhiro", "lastName": "Saito"}], "count": 1, "type": "others"}], "summary": "1 like", "count": 1}, "id": "511637e2e4b063143b418adc", "text": "Try their seiro soba. It's the traditional way if eating soba!", "disagreeCount": 0, "user": {"id": "108873", "photo": {"prefix": "https://igx.4sqi.net/img/user/", "suffix": "/JDN5XNDIBVXZWCV1.jpg"}, "firstName": "cheryl", "gender": "female"}, "canonicalUrl": "https://foursquare.com/item/511637e2e4b063143b418adc", "type": "user", "photourl": "https://igx.4sqi.net/img/general/original/108873__sNBpYMA2GIqWuVwfHynSbu3ew-uB5jgVdsVXqbFeT8.jpg"}, {"logView": true, "lang": "en", "createdAt": 1270282434, "agreeCount": 0, "likes": {"groups": [], "count": 0}, "id": "4bb6f8c270c603bbb69796b4", "text": "Good range of healthy and vegetarian options. Excellent handmade soba.", "type": "user", "user": {"gender": "none", "id": "109103", "photo": {"prefix": "https://igx.4sqi.net/img/user/", "suffix": "/PY3BPSG1G0WCFFXG.jpg"}, "firstName": "JC", "lastName": "Eskimo"}, "canonicalUrl": "https://foursquare.com/item/4bb6f8c270c603bbb69796b4", "todo": {"count": 1}, "disagreeCount": 0}, {"authorInteractionType": "liked", "logView": true, "lang": "en", "createdAt": 1366392253, "agreeCount": 0, "likes": {"groups": [], "count": 0}, "id": "51717dbde4b0b898a9958376", "text": "Best ramen shop in town", "type": "user", "user": {"gender": "female", "id": "11382604", "photo": {"prefix": "https://igx.4sqi.net/img/user/", "suffix": "/11382604-Y4VDNXVBHKKNNMJS.jpg"}, "firstName": "ly", "lastName": "Shmily"}, "canonicalUrl": "https://foursquare.com/item/51717dbde4b0b898a9958376", "todo": {"count": 0}, "disagreeCount": 0}, {"authorInteractionType": "liked", "logView": true, "lang": "en", "createdAt": 1367300430, "agreeCount": 0, "likes": {"groups": [], "count": 0}, "id": "517f594ee4b0cecf89fb67be", "text": "They no longer offer udon! Sigh.", "type": "user", "user": {"gender": "male", "id": "50619133", "photo": {"prefix": "https://igx.4sqi.net/img/user/", "suffix": "/EE2H0PGGXDBPAMFS.jpg"}, "firstName": "William", "lastName": "Soo"}, "canonicalUrl": "https://foursquare.com/item/517f594ee4b0cecf89fb67be", "todo": {"count": 0}, "disagreeCount": 0}, {"logView": true, "lang": "en", "photo": {"id": "5517a6c4498e04b2d2fd95d6", "visibility": "public", "source": {"name": "Foursquare for Android", "url": "https://foursquare.com/download/#/android"}, "suffix": "/4446342_qOG9jNRgDmpGInewaJmP83JUPguP9YerYOxDqFpiCp8.jpg", "createdAt": 1427613380, "prefix": "https://igx.4sqi.net/img/general/", "width": 360, "height": 640}, "createdAt": 1427613378, "todo": {"count": 0}, "agreeCount": 0, "likes": {"groups": [], "count": 0}, "id": "5517a6c2498e68819a7f7eef", "text": "Buckwheat soba in this set with teppanyaki salmon , shimsahmo salmon salad .sallop rice worth only 33.80 was worth ordering !! Can try soba water upon entering ..it complimentary with order .", "disagreeCount": 0, "user": {"id": "4446342", "photo": {"prefix": "https://igx.4sqi.net/img/user/", "suffix": "/4446342-HQQKDORF0SWS4QOQ.jpg"}, "firstName": "Lavin", "gender": "female"}, "canonicalUrl": "https://foursquare.com/item/5517a6c2498e68819a7f7eef", "type": "user", "photourl": "https://igx.4sqi.net/img/general/original/4446342_qOG9jNRgDmpGInewaJmP83JUPguP9YerYOxDqFpiCp8.jpg"}, {"logView": true, "lang": "en", "photo": {"id": "57f9cb13498e66b449b53a82", "visibility": "public", "source": {"name": "Foursquare for iOS", "url": "https://foursquare.com/download/#/iphone"}, "suffix": "/231366_fd3eCzbzkLk9GFOp1HQ30au_1s3kwYZbJichMMCWmYg.jpg", "createdAt": 1475988243, "prefix": "https://igx.4sqi.net/img/general/", "width": 1920, "height": 1440}, "createdAt": 1410846381, "todo": {"count": 0}, "agreeCount": 0, "likes": {"groups": [], "count": 0}, "id": "5417cead498e30f17050276c", "text": "Tororo Seiro. A friend treated me to this hard-to-find soba with tororo dip. Fell in love w it! Dip made fr yamaimo, a Jap yam, & a quail egg - giving a thick & gooey texture coating for ur soba", "disagreeCount": 0, "user": {"gender": "male", "id": "231366", "photo": {"prefix": "https://igx.4sqi.net/img/user/", "suffix": "/231366-Q2ZSAEF50GYUXPDA.jpg"}, "firstName": "Cheen", "lastName": "The Curious"}, "canonicalUrl": "https://foursquare.com/item/5417cead498e30f17050276c", "type": "user", "photourl": "https://igx.4sqi.net/img/general/original/231366_fd3eCzbzkLk9GFOp1HQ30au_1s3kwYZbJichMMCWmYg.jpg"}], "count": 50}}}