{"meta": {"code": 200, "requestId": "595a4c5c4c1f67704e5bd4dc"}, "response": {"tips": {"items": [{"logView": true, "lang": "en", "createdAt": 1322458922, "agreeCount": 0, "likes": {"groups": [], "count": 0}, "id": "4ed31f2a7ee5be844e639feb", "text": "qun's wanton noodle is my favorite", "type": "user", "user": {"gender": "female", "id": "16483873", "photo": {"prefix": "https://igx.4sqi.net/img/user/", "suffix": "/16483873_gGxV1SML_gZpKvs4fvR13FL2rDqzOAWQDyvX5L-nt3TQGX_IP5qL5SXF9jdbEpHLiC_FfE6fN.jpg"}, "firstName": "Jillette", "lastName": "Esguerra"}, "canonicalUrl": "https://foursquare.com/item/4ed31f2a7ee5be844e639feb", "todo": {"count": 0}, "disagreeCount": 0}, {"logView": true, "lang": "ru", "createdAt": 1399371365, "agreeCount": 0, "likes": {"groups": [], "count": 0}, "id": "5368b665498e6a5f3814da16", "text": "\u0414\u0435\u0448\u0435\u0432\u0430\u044f \u043a\u0438\u0442\u0430\u0439\u0441\u043a\u0430\u044f \u0435\u0434\u0430 \u043d\u0430 \u044d\u0442\u043e\u043c \u0444\u0443\u0434\u043a\u043e\u0440\u0442\u0435, \u0432\u044b\u0431\u043e\u0440 \u043e\u0433\u0440\u043e\u043c\u043d\u044b\u0439 \u0438 \u0432\u0441\u0435 \u0432\u043a\u0443\u0441\u043d\u043e. \u041d\u0443 \u0430 \u0433\u043b\u0430\u0432\u043d\u043e\u0435 \u0440\u0430\u0434\u0443\u044e\u0442 \u0446\u0435\u043d\u044b, \u043e\u043d\u0438 \u043f\u043e \u043c\u0435\u0440\u043a\u0430\u043c \u0421\u0438\u043d\u0433\u0430\u043f\u0443\u0440\u0430 (\u0438 \u0434\u0430\u0436\u0435 \u043f\u043e \u043c\u0435\u0440\u043a\u0430\u043c \u0411\u0430\u043b\u0438) \u043d\u0443 \u043e\u0447\u0435\u043d\u044c \u0434\u0430\u0436\u0435 \u043f\u0440\u0438\u044f\u0442\u043d\u044b\u0435!", "type": "user", "user": {"id": "47538501", "photo": {"prefix": "https://igx.4sqi.net/img/user/", "suffix": "/IAOMDF40V2F2Q3QE.jpg"}, "firstName": "BaliBlogger", "gender": "female"}, "canonicalUrl": "https://foursquare.com/item/5368b665498e6a5f3814da16", "todo": {"count": 1}, "disagreeCount": 0}, {"logView": true, "lang": "en", "createdAt": 1275043712, "todo": {"count": 1}, "agreeCount": 1, "likes": {"groups": [{"items": [{"gender": "male", "id": "838688", "photo": {"prefix": "https://igx.4sqi.net/img/user/", "suffix": "/838688-SIB5XGNCAALEBPM4.jpg"}, "firstName": "Patrick", "lastName": "Peh"}], "count": 1, "type": "others"}], "summary": "1 like", "count": 1}, "id": "4bff9f8070c603bb8f4e9db4", "text": "Try the massive baos that are made by the Mainland Chinese. It's quite unlike our standard fluffy baos...", "disagreeCount": 0, "url": "http://wendright.blogspot.com/2010/05/there-are-baos-and-there-are-s.html", "user": {"gender": "male", "id": "195103", "photo": {"prefix": "https://igx.4sqi.net/img/user/", "suffix": "/KO3PU1U35W3GA42K.jpg"}, "firstName": "Edwin", "lastName": "Tam"}, "canonicalUrl": "https://foursquare.com/item/4bff9f8070c603bb8f4e9db4", "type": "user"}, {"logView": true, "lang": "en", "photo": {"id": "577cfa23498e4a16c86faa7a", "visibility": "public", "source": {"name": "Foursquare for Android", "url": "https://foursquare.com/download/#/android"}, "suffix": "/1272497_0WTYWzwM8SPBgCYlhnZVZo7g1Ia_spvaqVnX12_WEaI.jpg", "createdAt": 1467808291, "prefix": "https://igx.4sqi.net/img/general/", "width": 540, "height": 960}, "createdAt": 1467808279, "todo": {"count": 0}, "agreeCount": 0, "likes": {"groups": [], "count": 0}, "id": "577cfa17cd10cfa3890f2d2e", "text": "Tried the fried dumplings as recommended but the skin is rather thick and not really delicious or juicy... \ud83d\ude23", "disagreeCount": 0, "user": {"gender": "female", "id": "1272497", "photo": {"prefix": "https://igx.4sqi.net/img/user/", "suffix": "/2NYYBD2A3WFWLLMK.jpg"}, "firstName": "Javier Yong-En", "lastName": "Li"}, "canonicalUrl": "https://foursquare.com/item/577cfa17cd10cfa3890f2d2e", "type": "user", "photourl": "https://igx.4sqi.net/img/general/original/1272497_0WTYWzwM8SPBgCYlhnZVZo7g1Ia_spvaqVnX12_WEaI.jpg"}, {"logView": true, "lang": "en", "createdAt": 1341133119, "agreeCount": 0, "likes": {"groups": [], "count": 0}, "id": "4ff0113fe4b071c66905d0f2", "text": "Poy Kee Yong Tau Foo (Y) must try!", "type": "user", "user": {"gender": "male", "id": "3584397", "photo": {"prefix": "https://igx.4sqi.net/img/user/", "suffix": "/3584397-2S3ITVH3RKAFAPMY.jpg"}, "firstName": "yangg", "lastName": "boii"}, "canonicalUrl": "https://foursquare.com/item/4ff0113fe4b071c66905d0f2", "todo": {"count": 0}, "disagreeCount": 0}, {"logView": true, "lang": "id", "createdAt": 1282824450, "agreeCount": 0, "likes": {"groups": [], "count": 0}, "id": "4c765902c11e199c53df4f48", "text": "makan malem murah meriah..lumayan...yukkk..makan yuukk... murmer nih", "type": "user", "user": {"gender": "male", "id": "1733991", "photo": {"prefix": "https://igx.4sqi.net/img/user/", "suffix": "/ZKUTUSFEPSTDH3WL.jpg"}, "firstName": "oky", "lastName": "anak yg saleh"}, "canonicalUrl": "https://foursquare.com/item/4c765902c11e199c53df4f48", "todo": {"count": 0}, "disagreeCount": 0}, {"logView": true, "lang": "en", "createdAt": 1345550108, "agreeCount": 2, "likes": {"groups": [{"items": [{"gender": "male", "id": "44307941", "photo": {"prefix": "https://igx.4sqi.net/img/user/", "suffix": "/LFR10P0ZJKM02LGS.jpg"}, "firstName": "Claudio", "lastName": "Vinicius"}, {"gender": "male", "id": "997066", "photo": {"prefix": "https://igx.4sqi.net/img/user/", "suffix": "/UFAJCZB1ADDTKETF.jpg"}, "firstName": "Jose", "lastName": "Halim"}], "count": 2, "type": "others"}], "summary": "2 likes", "count": 2}, "id": "5033771ce4b0943846057ee2", "text": "Try Ming Fa fish ball. Superrrrr nice!", "type": "user", "user": {"gender": "female", "id": "2612344", "photo": {"prefix": "https://igx.4sqi.net/img/user/", "suffix": "/2612344-2SFP13F3KQBRSZLE.jpg"}, "firstName": "angela", "lastName": "husen"}, "canonicalUrl": "https://foursquare.com/item/5033771ce4b0943846057ee2", "todo": {"count": 0}, "disagreeCount": 0}, {"logView": true, "lang": "en", "createdAt": 1291630864, "agreeCount": 0, "likes": {"groups": [], "count": 0}, "id": "4cfcb910c51fa1cd7e49ed2b", "text": "Don't try the See Sean Rice Stall. Super stingy even take the chilies also must ask whether you eat or not.", "type": "user", "user": {"gender": "female", "id": "4136214", "photo": {"prefix": "https://igx.4sqi.net/img/user/", "suffix": "/IG2ASSQL2QHDKKNX.jpg"}, "firstName": "Jen", "lastName": "Lee-Ng"}, "canonicalUrl": "https://foursquare.com/item/4cfcb910c51fa1cd7e49ed2b", "todo": {"count": 0}, "disagreeCount": 0}, {"logView": true, "lang": "en", "createdAt": 1298800415, "agreeCount": 5, "likes": {"groups": [{"items": [{"gender": "male", "id": "940120", "photo": {"prefix": "https://igx.4sqi.net/img/user/", "suffix": "/940120-OHSANBSMGGTQUZYL.jpg"}, "firstName": "AA", "lastName": "Mak"}, {"gender": "male", "id": "1023230", "photo": {"prefix": "https://igx.4sqi.net/img/user/", "suffix": "/IV4VVMIEKPSDYMRH.jpg"}, "firstName": "Jzin", "lastName": "T"}, {"gender": "male", "id": "985499", "photo": {"prefix": "https://igx.4sqi.net/img/user/", "suffix": "/GDK4FNBKI0R23HI2.jpg"}, "firstName": "Ethan", "lastName": "Ong"}, {"gender": "male", "id": "231366", "photo": {"prefix": "https://igx.4sqi.net/img/user/", "suffix": "/231366-Q2ZSAEF50GYUXPDA.jpg"}, "firstName": "Cheen", "lastName": "The Curious"}], "count": 5, "type": "others"}], "summary": "5 likes", "count": 5}, "id": "4d6a1f1ffd7ea35dbd54ae4a", "text": "Poy Kee YongTauFoo & Tian Jin Fong Kee fried dumplings must-try. Free tissue packs on random tables", "type": "user", "user": {"gender": "male", "id": "3570264", "photo": {"prefix": "https://igx.4sqi.net/img/user/", "suffix": "/LVQKO1NC0VCM3Y41.jpg"}, "firstName": "James", "lastName": "Li Zhiwei"}, "canonicalUrl": "https://foursquare.com/item/4d6a1f1ffd7ea35dbd54ae4a", "todo": {"count": 0}, "disagreeCount": 0}, {"logView": true, "lang": "tl", "createdAt": 1305593229, "agreeCount": 0, "likes": {"groups": [], "count": 0}, "id": "4dd1c58d814d415b7690bfb6", "text": "Susah na cr nasi", "type": "user", "user": {"gender": "female", "id": "8288866", "photo": {"prefix": "https://igx.4sqi.net/img/user/", "suffix": "/8288866-XED1NTA4SAD10BCC.jpg"}, "firstName": "Kristin", "lastName": "Inawati"}, "canonicalUrl": "https://foursquare.com/item/4dd1c58d814d415b7690bfb6", "todo": {"count": 0}, "disagreeCount": 0}, {"logView": true, "lang": "en", "createdAt": 1287553781, "agreeCount": 1, "likes": {"groups": [{"items": [{"gender": "female", "id": "84198746", "photo": {"prefix": "https://igx.4sqi.net/img/user/", "default": true, "suffix": "/blank_girl.png"}, "firstName": "Carel", "lastName": "Velasco"}], "count": 1, "type": "others"}], "summary": "1 like", "count": 1}, "id": "4cbe82f5a0c4f04d96cd4f31", "text": "Must try Tonic House's chicken wing w oyster sauce!!", "type": "user", "user": {"gender": "female", "id": "3407771", "photo": {"prefix": "https://igx.4sqi.net/img/user/", "suffix": "/NQVCYUSGQDHFEV24.jpg"}, "firstName": "Tang", "lastName": "Rachel"}, "canonicalUrl": "https://foursquare.com/item/4cbe82f5a0c4f04d96cd4f31", "todo": {"count": 0}, "disagreeCount": 0}, {"logView": true, "lang": "en", "createdAt": 1323233838, "agreeCount": 0, "likes": {"groups": [], "count": 0}, "id": "4edef22e77c8c05f35e325b3", "text": "qun's char siew wanton noodle is my favorite!", "type": "user", "user": {"gender": "female", "id": "16483873", "photo": {"prefix": "https://igx.4sqi.net/img/user/", "suffix": "/16483873_gGxV1SML_gZpKvs4fvR13FL2rDqzOAWQDyvX5L-nt3TQGX_IP5qL5SXF9jdbEpHLiC_FfE6fN.jpg"}, "firstName": "Jillette", "lastName": "Esguerra"}, "canonicalUrl": "https://foursquare.com/item/4edef22e77c8c05f35e325b3", "todo": {"count": 0}, "disagreeCount": 0}, {"logView": true, "lang": "en", "createdAt": 1313302788, "agreeCount": 0, "likes": {"groups": [], "count": 0}, "id": "4e476904183849317e84e186", "text": "Must try Yue Ping fried pumpkin cakes in Chinatown market, they started in 1972.", "type": "user", "user": {"gender": "none", "id": "12536642", "photo": {"prefix": "https://igx.4sqi.net/img/user/", "default": true, "suffix": "/blank_boy.png"}, "firstName": "Michael", "lastName": "Leong"}, "canonicalUrl": "https://foursquare.com/item/4e476904183849317e84e186", "todo": {"count": 0}, "disagreeCount": 0}, {"logView": true, "lang": "en", "createdAt": 1369413389, "agreeCount": 0, "likes": {"groups": [], "count": 0}, "id": "519f970d498e6507e4fda46e", "text": "Try selecta's ice cream bar for 1.25 SGD  \ud83d\ude0b\ud83d\ude0a You'll surely ask for more once you've tasted it! \ud83d\ude0aWe've bought it near the Seven Eleven Store in front of People's Park Complex.", "type": "user", "user": {"id": "48711547", "photo": {"prefix": "https://igx.4sqi.net/img/user/", "suffix": "/48711547-5TCLWFC5YPIX0CCF.jpg"}, "firstName": "Roanne (\u30a2\u30f3)", "gender": "female"}, "canonicalUrl": "https://foursquare.com/item/519f970d498e6507e4fda46e", "todo": {"count": 0}, "disagreeCount": 0}, {"logView": true, "lang": "en", "createdAt": 1414912772, "agreeCount": 0, "likes": {"groups": [], "count": 0}, "id": "5455db04498ec67e8ec0ef73", "text": "The dimsum from \u9053\u8bb0.. Especially siewmai !!!", "type": "user", "user": {"id": "30562435", "photo": {"prefix": "https://igx.4sqi.net/img/user/", "suffix": "/30562435_hUw1KD7B_ShBcKe1imgkwRIttRjSGO9rGggBEWarx0l83VA3x8LWxHTxNyKMDTzJOlCFgvJC1.jpg"}, "firstName": "minzyiii", "gender": "female"}, "canonicalUrl": "https://foursquare.com/item/5455db04498ec67e8ec0ef73", "todo": {"count": 0}, "disagreeCount": 0}, {"logView": true, "lang": "en", "createdAt": 1346513250, "agreeCount": 0, "likes": {"groups": [], "count": 0}, "id": "50422962e4b003e2b36b093e", "text": "You can find all food here", "type": "user", "user": {"gender": "male", "id": "2425289", "photo": {"prefix": "https://igx.4sqi.net/img/user/", "suffix": "/2425289-KSDDLNSKVKYLIXIQ.jpg"}, "firstName": "Kennieth", "lastName": "Ong"}, "canonicalUrl": "https://foursquare.com/item/50422962e4b003e2b36b093e", "todo": {"count": 0}, "disagreeCount": 0}, {"logView": true, "lang": "en", "createdAt": 1298276609, "agreeCount": 0, "likes": {"groups": [{"items": [], "count": 1, "type": "others"}], "summary": "1 like", "count": 1}, "id": "4d6221011939a35de7f834ee", "text": "Yong tau foo!! yumms", "type": "user", "user": {"gender": "female", "id": "6558614", "photo": {"prefix": "https://igx.4sqi.net/img/user/", "suffix": "/JSCM1PVJN3IFROST.jpg"}, "firstName": "Jo-Ann", "lastName": "Chan"}, "canonicalUrl": "https://foursquare.com/item/4d6221011939a35de7f834ee", "todo": {"count": 0}, "disagreeCount": 0}, {"logView": true, "lang": "en", "createdAt": 1391136746, "agreeCount": 0, "likes": {"groups": [], "count": 0}, "id": "52eb0fea498ec25547124ba6", "text": "The food court is dirty", "type": "user", "user": {"gender": "male", "id": "38448792", "photo": {"prefix": "https://igx.4sqi.net/img/user/", "suffix": "/KKTIEZ1Y3I5IBXRW.jpg"}, "firstName": "Justin", "lastName": "Manual"}, "canonicalUrl": "https://foursquare.com/item/52eb0fea498ec25547124ba6", "todo": {"count": 0}, "disagreeCount": 0}, {"authorInteractionType": "liked", "logView": true, "lang": "en", "createdAt": 1417157607, "agreeCount": 1, "likes": {"groups": [{"items": [{"id": "18743972", "photo": {"prefix": "https://igx.4sqi.net/img/user/", "suffix": "/W4EKYNDR0AC5F2U0.jpg"}, "firstName": "Cracker", "gender": "male"}], "count": 1, "type": "others"}], "summary": "1 like", "count": 1}, "id": "54781be7498ec1e1d5d307e9", "text": "Great variety and value for money,  walk around and choose from one of the numerous restaurants,  from noodles and rice to fish or pork; something for everyone", "type": "user", "user": {"gender": "male", "id": "94939800", "photo": {"prefix": "https://igx.4sqi.net/img/user/", "suffix": "/94939800-H5AHAE5XXJW23YA5"}, "firstName": "John", "lastName": "Cowling"}, "canonicalUrl": "https://foursquare.com/item/54781be7498ec1e1d5d307e9", "todo": {"count": 1}, "disagreeCount": 0}, {"authorInteractionType": "liked", "logView": true, "lang": "en", "createdAt": 1410673359, "agreeCount": 0, "likes": {"groups": [], "count": 0}, "id": "54152acf498ed9d65f617360", "text": "A good selection of local food here!", "type": "user", "user": {"id": "13144426", "photo": {"prefix": "https://igx.4sqi.net/img/user/", "suffix": "/13144426-R4MXG5T4GDE3KM3A.jpg"}, "firstName": "Wai Min", "gender": "female"}, "canonicalUrl": "https://foursquare.com/item/54152acf498ed9d65f617360", "todo": {"count": 0}, "disagreeCount": 0}, {"authorInteractionType": "liked", "logView": true, "lang": "en", "createdAt": 1390130070, "agreeCount": 0, "likes": {"groups": [], "count": 0}, "id": "52dbb39611d2b85aa1845d17", "text": "Yong tau foo, fruit juice with Yakult. Sorry, don't know the stall's names!", "type": "user", "user": {"gender": "male", "id": "38759784", "photo": {"prefix": "https://igx.4sqi.net/img/user/", "suffix": "/SICDXLMZM12UUM4U.jpg"}, "firstName": "Davey", "lastName": "Lagman"}, "canonicalUrl": "https://foursquare.com/item/52dbb39611d2b85aa1845d17", "todo": {"count": 0}, "disagreeCount": 0}, {"logView": true, "lang": "en", "photo": {"id": "56fe2462498e23586efc5c8d", "visibility": "public", "source": {"name": "Foursquare for iOS", "url": "https://foursquare.com/download/#/iphone"}, "suffix": "/231366_FMu4QG2_6WrxP9VJP16RJc5akFQ75IzgdYhj7i_clRI.jpg", "createdAt": 1459496034, "prefix": "https://igx.4sqi.net/img/general/", "width": 1920, "height": 1440}, "createdAt": 1459496031, "todo": {"count": 0}, "agreeCount": 0, "likes": {"groups": [], "count": 0}, "id": "56fe245f498e6141a0eaedb0", "text": "Roasted meats. Avoid 116 Shao La Mian #01-1092. All their meats (roasted duck, roasted pork - sio bak, BBQ pork - char siew) were tough to chew. And cold. Soup was salty too!", "disagreeCount": 0, "user": {"gender": "male", "id": "231366", "photo": {"prefix": "https://igx.4sqi.net/img/user/", "suffix": "/231366-Q2ZSAEF50GYUXPDA.jpg"}, "firstName": "Cheen", "lastName": "The Curious"}, "canonicalUrl": "https://foursquare.com/item/56fe245f498e6141a0eaedb0", "type": "user", "photourl": "https://igx.4sqi.net/img/general/original/231366_FMu4QG2_6WrxP9VJP16RJc5akFQ75IzgdYhj7i_clRI.jpg"}, {"authorInteractionType": "meh", "logView": true, "lang": "en", "createdAt": 1465485402, "agreeCount": 0, "likes": {"groups": [], "count": 0}, "id": "5759885a498eb696155daed1", "text": "Chinatown , is really chinatown I been. Even other country also have chinatown, but I'm sure you can't find the feeling like \"so chinatown \" at others country. Food is so delicious!", "type": "user", "user": {"gender": "male", "id": "148977480", "photo": {"prefix": "https://igx.4sqi.net/img/user/", "suffix": "/148977480-NUKBPWFVGVKXCLJQ.jpg"}, "firstName": "Jiang", "lastName": "Xia"}, "canonicalUrl": "https://foursquare.com/item/5759885a498eb696155daed1", "todo": {"count": 0}, "disagreeCount": 0}, {"logView": true, "lang": "en", "photo": {"id": "54633df1498e7590c7bd7413", "visibility": "public", "source": {"name": "Foursquare for iOS", "url": "https://foursquare.com/download/#/iphone"}, "suffix": "/660527_bL7zU2XHHcY1gcgf2Aw1cR9AYq_20zSjWo76_MDg37w.jpg", "createdAt": 1415790065, "prefix": "https://igx.4sqi.net/img/general/", "width": 960, "height": 720}, "createdAt": 1415790060, "todo": {"count": 0}, "agreeCount": 0, "likes": {"groups": [], "count": 0}, "id": "54633dec498ea9879067628b", "text": "Not bad... Like the skin. Not too floury and thickness just nice. Juicy dumplings.", "disagreeCount": 0, "user": {"gender": "female", "id": "660527", "photo": {"prefix": "https://igx.4sqi.net/img/user/", "suffix": "/660527-KQATXD4HSY3UG2LG.jpg"}, "firstName": "Reyane", "lastName": "Kang"}, "canonicalUrl": "https://foursquare.com/item/54633dec498ea9879067628b", "type": "user", "photourl": "https://igx.4sqi.net/img/general/original/660527_bL7zU2XHHcY1gcgf2Aw1cR9AYq_20zSjWo76_MDg37w.jpg"}, {"logView": true, "lang": "en", "createdAt": 1367678293, "agreeCount": 0, "likes": {"groups": [], "count": 0}, "id": "51851d55498e5f56f81d9ec8", "text": "Delicious milk tea for only S$1.80", "type": "user", "user": {"gender": "male", "id": "46268892", "photo": {"prefix": "https://igx.4sqi.net/img/user/", "suffix": "/46268892-CFPOI4XRFBKL2Q3U.jpg"}, "firstName": "Dane", "lastName": "Apolonio"}, "canonicalUrl": "https://foursquare.com/item/51851d55498e5f56f81d9ec8", "todo": {"count": 0}, "disagreeCount": 0}, {"todo": {"count": 0}, "authorInteractionType": "liked", "logView": true, "lang": "en", "createdAt": 1400216513, "editedAt": 1400237926, "agreeCount": 0, "likes": {"groups": [], "count": 0}, "id": "53759bc1498e8e2cdb7fb2ad", "text": "Cheap and tasty asian food", "disagreeCount": 0, "user": {"gender": "male", "id": "5531020", "photo": {"prefix": "https://igx.4sqi.net/img/user/", "suffix": "/AHOCEQCCKXJ3UHPW.jpg"}, "firstName": "chanya", "lastName": "\ud83d\udc53"}, "canonicalUrl": "https://foursquare.com/item/53759bc1498e8e2cdb7fb2ad", "type": "user"}, {"logView": true, "lang": "en", "createdAt": 1265168351, "agreeCount": 1, "likes": {"groups": [{"items": [{"gender": "male", "id": "119064572", "photo": {"prefix": "https://igx.4sqi.net/img/user/", "suffix": "/119064572-JKHUYLLHHVYASTDJ.jpg"}, "firstName": "Tom", "lastName": "Halleran"}], "count": 1, "type": "others"}], "summary": "1 like", "count": 1}, "id": "4b68efdf70c603bb9d6491b4", "text": "Try the char siew rice on the row facing MacDonalds. They use charcoal to roast the char siew, nice :)", "type": "user", "user": {"gender": "male", "id": "324973", "photo": {"prefix": "https://igx.4sqi.net/img/user/", "suffix": "/FY3QJUHZ1Q2SUQNE.jpg"}, "firstName": "Andrew", "lastName": "C"}, "canonicalUrl": "https://foursquare.com/item/4b68efdf70c603bb9d6491b4", "todo": {"count": 1}, "disagreeCount": 0}, {"authorInteractionType": "liked", "logView": true, "lang": "en", "createdAt": 1480209813, "agreeCount": 0, "likes": {"groups": [], "count": 0}, "id": "583a35951e1de544a8e54a21", "text": "Choices of foods are variety.", "type": "user", "user": {"gender": "male", "id": "19258218", "photo": {"prefix": "https://igx.4sqi.net/img/user/", "suffix": "/19258218-AXLOQPNPFXPS3PDL.jpg"}, "firstName": "Billy", "lastName": "J"}, "canonicalUrl": "https://foursquare.com/item/583a35951e1de544a8e54a21", "todo": {"count": 0}, "disagreeCount": 0}, {"logView": true, "lang": "en", "createdAt": 1335091955, "agreeCount": 0, "likes": {"groups": [], "count": 0}, "id": "4f93e2f3e4b00fe65f6b3ced", "text": "Gotta try Loh Wei Mei", "type": "user", "user": {"gender": "female", "id": "504176", "photo": {"prefix": "https://igx.4sqi.net/img/user/", "suffix": "/BATW0SMK5T3NXE4U.jpg"}, "firstName": "Kazumi", "lastName": "Love"}, "canonicalUrl": "https://foursquare.com/item/4f93e2f3e4b00fe65f6b3ced", "todo": {"count": 0}, "disagreeCount": 0}, {"logView": true, "lang": "en", "createdAt": 1318142624, "agreeCount": 1, "likes": {"groups": [{"items": [{"gender": "male", "id": "324224", "photo": {"prefix": "https://igx.4sqi.net/img/user/", "suffix": "/324224-IMCXYHM0IPNAQLQO.jpg"}, "firstName": "sassy802", "lastName": "\u207d\u207d\u0669(\u0e51\u02c3\u0336\u0348\u0300 \u15e8 \u02c2\u0336\u0348\u0301)\u06f6\u207e\u207e"}], "count": 3, "type": "others"}], "summary": "3 likes", "count": 3}, "id": "4e9142a02c5b7295bc2d7e7e", "text": "Come here this is MUST TRY!!!!", "type": "user", "user": {"gender": "male", "id": "6471569", "photo": {"prefix": "https://igx.4sqi.net/img/user/", "suffix": "/QRBAR3E1RGYQMWCC.jpg"}, "firstName": "Brian", "lastName": "David"}, "canonicalUrl": "https://foursquare.com/item/4e9142a02c5b7295bc2d7e7e", "todo": {"count": 0}, "disagreeCount": 0}, {"logView": true, "lang": "en", "createdAt": 1291296077, "agreeCount": 3, "likes": {"groups": [{"items": [{"gender": "male", "id": "136911", "photo": {"prefix": "https://igx.4sqi.net/img/user/", "suffix": "/136911-LRDVORXYBNFWN2XE.jpg"}, "firstName": "Mark", "lastName": "Chua"}, {"gender": "male", "id": "2425289", "photo": {"prefix": "https://igx.4sqi.net/img/user/", "suffix": "/2425289-KSDDLNSKVKYLIXIQ.jpg"}, "firstName": "Kennieth", "lastName": "Ong"}, {"gender": "male", "id": "3584397", "photo": {"prefix": "https://igx.4sqi.net/img/user/", "suffix": "/3584397-2S3ITVH3RKAFAPMY.jpg"}, "firstName": "yangg", "lastName": "boii"}], "count": 3, "type": "others"}], "summary": "3 likes", "count": 3}, "id": "4cf79d4d66585481d695cf98", "text": "Don't ever buy sugarcane juice here. It tastes like long gao zui.", "type": "user", "user": {"gender": "female", "id": "3016026", "photo": {"prefix": "https://igx.4sqi.net/img/user/", "suffix": "/UHAB2FB3J5R00UCO.jpg"}, "firstName": "Yuting", "lastName": "Ong"}, "canonicalUrl": "https://foursquare.com/item/4cf79d4d66585481d695cf98", "todo": {"count": 0}, "disagreeCount": 0}, {"logView": true, "lang": "en", "createdAt": 1313037353, "agreeCount": 0, "likes": {"groups": [], "count": 0}, "id": "4e435c291f6e0a1ba5d0e9a7", "text": "Try Yue Ping famous fried pumpkin cake at opposite Chinatown food centre #02-65. It is nice.", "type": "user", "user": {"gender": "none", "id": "1891116", "photo": {"prefix": "https://igx.4sqi.net/img/user/", "suffix": "/WLSJ1YCMDWFSMFDH.jpg"}, "firstName": "ChiahLiang", "lastName": "Tan"}, "canonicalUrl": "https://foursquare.com/item/4e435c291f6e0a1ba5d0e9a7", "todo": {"count": 0}, "disagreeCount": 0}, {"logView": true, "lang": "en", "createdAt": 1313149949, "agreeCount": 0, "likes": {"groups": [], "count": 0}, "id": "4e4513fd2271bdbcf67b95db", "text": "Visit shop : FORTUNE WAFFIN!! Is a must try MUFFINN!!!!!", "type": "user", "user": {"gender": "male", "id": "3317394", "photo": {"prefix": "https://igx.4sqi.net/img/user/", "suffix": "/R52GS3LDL3JFXQP0.jpg"}, "firstName": "Aiirul", "lastName": "Sobari"}, "canonicalUrl": "https://foursquare.com/item/4e4513fd2271bdbcf67b95db", "todo": {"count": 0}, "disagreeCount": 0}, {"logView": true, "lang": "en", "photo": {"id": "53f977df498e614ad1df8e10", "visibility": "public", "source": {"name": "Foursquare for Android", "url": "https://foursquare.com/download/#/android"}, "suffix": "/79856102_lg_KsxLrXCkSHB6kPZlxoKIHwd9kyFc5wlrw-y86w3U.jpg", "createdAt": 1408858079, "prefix": "https://igx.4sqi.net/img/general/", "width": 960, "height": 540}, "createdAt": 1408858077, "todo": {"count": 0}, "agreeCount": 0, "likes": {"groups": [], "count": 0}, "id": "53f977dd498ee29eee912855", "text": "Koo kee yong tow foo mee, menu no 5 with chili is always great!", "disagreeCount": 0, "user": {"gender": "none", "id": "79856102", "photo": {"prefix": "https://igx.4sqi.net/img/user/", "suffix": "/79856102-HXTGKIZMOVX5M2OG.jpg"}, "firstName": "Randy", "lastName": "Kusuma"}, "canonicalUrl": "https://foursquare.com/item/53f977dd498ee29eee912855", "type": "user", "photourl": "https://igx.4sqi.net/img/general/original/79856102_lg_KsxLrXCkSHB6kPZlxoKIHwd9kyFc5wlrw-y86w3U.jpg"}, {"logView": true, "lang": "zh", "createdAt": 1326628258, "agreeCount": 2, "likes": {"groups": [{"items": [{"gender": "male", "id": "477690", "photo": {"prefix": "https://igx.4sqi.net/img/user/", "suffix": "/477690-KKSXJSOHYMDU2ZNJ.jpg"}, "firstName": "Taku", "lastName": "\u76ee\u6307\u305bPR :)"}, {"gender": "male", "id": "324224", "photo": {"prefix": "https://igx.4sqi.net/img/user/", "suffix": "/324224-IMCXYHM0IPNAQLQO.jpg"}, "firstName": "sassy802", "lastName": "\u207d\u207d\u0669(\u0e51\u02c3\u0336\u0348\u0300 \u15e8 \u02c2\u0336\u0348\u0301)\u06f6\u207e\u207e"}], "count": 2, "type": "others"}], "summary": "2 likes", "count": 2}, "id": "4f12bda2e4b0042055b65cf6", "text": "Try Teochew Ngoh Hiang (\u6f6e\u5dde\u4e94\u9999) stall's homemade fishball!", "type": "user", "user": {"gender": "female", "id": "4687782", "photo": {"prefix": "https://igx.4sqi.net/img/user/", "suffix": "/RFRU5RYQ1WQN3OJE.jpg"}, "firstName": "Feng", "lastName": "Zhihui"}, "canonicalUrl": "https://foursquare.com/item/4f12bda2e4b0042055b65cf6", "todo": {"count": 0}, "disagreeCount": 0}, {"logView": true, "lang": "en", "photo": {"id": "508be18fe4b0101d9a32f66d", "visibility": "public", "source": {"name": "Foursquare for iOS", "url": "https://foursquare.com/download/#/iphone"}, "suffix": "/8969969_gLDrPfgkjXndgbe7TwIHLCpF77S53RC_6CLBVzZ8_5k.jpg", "createdAt": 1351344527, "prefix": "https://igx.4sqi.net/img/general/", "width": 537, "height": 720}, "createdAt": 1351344525, "todo": {"count": 0}, "agreeCount": 2, "likes": {"groups": [{"items": [{"gender": "male", "id": "119064572", "photo": {"prefix": "https://igx.4sqi.net/img/user/", "suffix": "/119064572-JKHUYLLHHVYASTDJ.jpg"}, "firstName": "Tom", "lastName": "Halleran"}, {"id": "4748982", "photo": {"prefix": "https://igx.4sqi.net/img/user/", "suffix": "/BWUZHJZ3PA3BTFKD.jpg"}, "firstName": "Fiona", "gender": "female"}], "count": 2, "type": "others"}], "summary": "2 likes", "count": 2}, "id": "508be18de4b0c350531b17c3", "text": "You know how all food in Singapore is dire? Well, not quite! Hao Ji Fried Prawn Noodle (01-1108) doesn't just serve the best prawn noodly win, the char koay teow is rather Malaysian (KL-level) too!", "disagreeCount": 0, "user": {"gender": "male", "id": "8969969", "photo": {"prefix": "https://igx.4sqi.net/img/user/", "suffix": "/IFNR3SGUXVMGUNVB.jpg"}, "firstName": "Daniel", "lastName": "Kee"}, "canonicalUrl": "https://foursquare.com/item/508be18de4b0c350531b17c3", "type": "user", "photourl": "https://igx.4sqi.net/img/general/original/8969969_gLDrPfgkjXndgbe7TwIHLCpF77S53RC_6CLBVzZ8_5k.jpg"}, {"id": "5420273b498edc1f0ccac8c1", "text": "...........", "disagreeCount": 0, "logView": true, "createdAt": 1411393339, "likes": {"groups": [], "count": 0}, "todo": {"count": 0}, "agreeCount": 0, "canonicalUrl": "https://foursquare.com/item/5420273b498edc1f0ccac8c1", "type": "user", "user": {"gender": "male", "id": "736885", "photo": {"prefix": "https://igx.4sqi.net/img/user/", "suffix": "/VL24YCS31VK4T5JQ.jpg"}, "firstName": "Ganank", "lastName": "Weezerian"}}, {"logView": true, "lang": "en", "createdAt": 1319256117, "agreeCount": 0, "likes": {"groups": [], "count": 0}, "id": "4ea240357ee52a35dcd40ebc", "text": "Pot Kee Tong Tau Foo is good, but a bit arrogant.", "type": "user", "user": {"gender": "male", "id": "3855054", "photo": {"prefix": "https://igx.4sqi.net/img/user/", "suffix": "/H5JN5D3QTJZFOQJV.jpg"}, "firstName": "James", "lastName": "See"}, "canonicalUrl": "https://foursquare.com/item/4ea240357ee52a35dcd40ebc", "todo": {"count": 0}, "disagreeCount": 0}, {"authorInteractionType": "liked", "logView": true, "lang": "en", "createdAt": 1480209773, "agreeCount": 0, "likes": {"groups": [], "count": 0}, "id": "583a356d0acb6a0fb3708b87", "text": "Choices of food are variety.", "type": "user", "user": {"gender": "male", "id": "19258218", "photo": {"prefix": "https://igx.4sqi.net/img/user/", "suffix": "/19258218-AXLOQPNPFXPS3PDL.jpg"}, "firstName": "Billy", "lastName": "J"}, "canonicalUrl": "https://foursquare.com/item/583a356d0acb6a0fb3708b87", "todo": {"count": 0}, "disagreeCount": 0}, {"authorInteractionType": "meh", "logView": true, "lang": "en", "createdAt": 1411281461, "agreeCount": 0, "likes": {"groups": [], "count": 0}, "id": "541e723511d27353e5b90ffc", "text": "The stall with the longest queue goes to Yong Xiang Xing Tou Fu.", "type": "user", "user": {"gender": "male", "id": "30599435", "photo": {"prefix": "https://igx.4sqi.net/img/user/", "suffix": "/30599435_VFGwCGkP_KJZtGNkxWuKAloSRzZmkVQ0zaQ22sfzp1GTiHcwkgOeD8Kpzn2YsIzNIAYO3mggB.jpg"}, "firstName": "Jonathan", "lastName": "Lim"}, "canonicalUrl": "https://foursquare.com/item/541e723511d27353e5b90ffc", "todo": {"count": 0}, "disagreeCount": 0}, {"authorInteractionType": "liked", "logView": true, "lang": "en", "createdAt": 1408161303, "agreeCount": 0, "likes": {"groups": [], "count": 0}, "id": "53eed617498e96c98779dc57", "text": "Dumplings, tofu, Szechuan hot pot", "type": "user", "user": {"gender": "male", "id": "79173246", "photo": {"prefix": "https://igx.4sqi.net/img/user/", "suffix": "/79173246-KK4X1P2RV5P1RNZA.jpg"}, "firstName": "Aaron", "lastName": "Bloomfield"}, "canonicalUrl": "https://foursquare.com/item/53eed617498e96c98779dc57", "todo": {"count": 0}, "disagreeCount": 0}, {"logView": true, "lang": "en", "createdAt": 1315017463, "agreeCount": 0, "likes": {"groups": [], "count": 0}, "id": "4e6192f745ddda35293425bb", "text": "Most of the porridge here cannot make it, except maybe the frog leg ones", "type": "user", "user": {"gender": "male", "id": "698187", "photo": {"prefix": "https://igx.4sqi.net/img/user/", "suffix": "/HR4MPB5YD0GBGMZN.jpg"}, "firstName": "Victor", "lastName": "Tan"}, "canonicalUrl": "https://foursquare.com/item/4e6192f745ddda35293425bb", "todo": {"count": 0}, "disagreeCount": 0}, {"logView": true, "lang": "en", "createdAt": 1417501369, "agreeCount": 0, "likes": {"groups": [], "count": 0}, "id": "547d5ab9498e30241749e240", "text": "YTF...Its to die for.If you are still alive after the meal..head to the coffee joint at the corner n try the ice coffee.", "type": "user", "user": {"gender": "male", "id": "83432499", "photo": {"prefix": "https://igx.4sqi.net/img/user/", "suffix": "/83432499-ZPNQBRQGF2LCRLEX.jpg"}, "firstName": "Lawrence", "lastName": "Chee"}, "canonicalUrl": "https://foursquare.com/item/547d5ab9498e30241749e240", "todo": {"count": 0}, "disagreeCount": 0}, {"logView": true, "lang": "en", "createdAt": 1320472147, "agreeCount": 0, "likes": {"groups": [], "count": 0}, "id": "4eb4ce537ee5024d7ec13acc", "text": "Yong Tau Foo is a MUST!!!", "type": "user", "user": {"gender": "male", "id": "12189018", "photo": {"prefix": "https://igx.4sqi.net/img/user/", "suffix": "/5MQPFRGJWVBJGP2W.jpg"}, "firstName": "Eddie", "lastName": "Goh"}, "canonicalUrl": "https://foursquare.com/item/4eb4ce537ee5024d7ec13acc", "todo": {"count": 0}, "disagreeCount": 0}, {"logView": true, "lang": "en", "createdAt": 1380777057, "todo": {"count": 0}, "agreeCount": 6, "likes": {"groups": [{"items": [{"gender": "male", "id": "119064572", "photo": {"prefix": "https://igx.4sqi.net/img/user/", "suffix": "/119064572-JKHUYLLHHVYASTDJ.jpg"}, "firstName": "Tom", "lastName": "Halleran"}, {"gender": "male", "id": "940120", "photo": {"prefix": "https://igx.4sqi.net/img/user/", "suffix": "/940120-OHSANBSMGGTQUZYL.jpg"}, "firstName": "AA", "lastName": "Mak"}, {"gender": "male", "id": "4864175", "photo": {"prefix": "https://igx.4sqi.net/img/user/", "suffix": "/-L0L5YLKD0WYSIICQ.jpg"}, "firstName": "Jayson", "lastName": "Neo Kai Jie"}], "count": 6, "type": "others"}], "summary": "6 likes", "count": 6}, "lastVoteText": "Upvoted May 7", "id": "524cfc61498ed49635df8513", "text": "Dumplings: Tian Jin Fong Kee #01-1046 apparently has 30-yo history @ this food centre. Hero offerings: steamed & fried dumplings. Smallest order $6 for 12 dumplings. Make sure u hv enuf ppl 2 share w", "disagreeCount": 0, "lastUpvoteTimestamp": 1494150109, "user": {"gender": "male", "id": "231366", "photo": {"prefix": "https://igx.4sqi.net/img/user/", "suffix": "/231366-Q2ZSAEF50GYUXPDA.jpg"}, "firstName": "Cheen", "lastName": "The Curious"}, "canonicalUrl": "https://foursquare.com/item/524cfc61498ed49635df8513", "type": "user"}, {"logView": true, "lang": "en", "createdAt": 1285051773, "agreeCount": 5, "likes": {"groups": [{"items": [{"gender": "male", "id": "1023230", "photo": {"prefix": "https://igx.4sqi.net/img/user/", "suffix": "/IV4VVMIEKPSDYMRH.jpg"}, "firstName": "Jzin", "lastName": "T"}, {"id": "20257666", "photo": {"prefix": "https://igx.4sqi.net/img/user/", "suffix": "/JESJTHMM2DDS1S3G.jpg"}, "firstName": "LeeSH", "gender": "male"}, {"gender": "female", "id": "50130526", "photo": {"prefix": "https://igx.4sqi.net/img/user/", "suffix": "/S2GHK254BE5QIT3O.jpg"}, "firstName": "Veronica", "lastName": "Thangaperakasam"}, {"gender": "male", "id": "17976046", "photo": {"prefix": "https://igx.4sqi.net/img/user/", "suffix": "/FHQC3QHE4UPYYM0T.jpg"}, "firstName": "Joseph", "lastName": "WT"}], "count": 5, "type": "others"}], "summary": "5 likes", "count": 5}, "id": "4c98557d05a1b1f75cd08c53", "text": "If u wan sth light n simple.. Try Koo Kee Yong Tow Foo Mee.. Niceee...", "type": "user", "user": {"id": "3023445", "photo": {"prefix": "https://igx.4sqi.net/img/user/", "suffix": "/HMD2VTTETBF0DLCP.jpg"}, "firstName": "Shirley", "gender": "female"}, "canonicalUrl": "https://foursquare.com/item/4c98557d05a1b1f75cd08c53", "todo": {"count": 0}, "disagreeCount": 0}, {"logView": true, "lang": "en", "photo": {"id": "51a197ff498ea34be26b1ba7", "visibility": "public", "source": {"name": "Foursquare for iOS", "url": "https://foursquare.com/download/#/iphone"}, "suffix": "/136911_Bc84h7qXHoJqNzeMVkjGUb0F8GYnyaiuaHKHfZNhTVc.jpg", "createdAt": 1369544703, "prefix": "https://igx.4sqi.net/img/general/", "width": 960, "height": 720}, "createdAt": 1369544699, "todo": {"count": 0}, "agreeCount": 2, "likes": {"groups": [{"items": [{"gender": "male", "id": "136911", "photo": {"prefix": "https://igx.4sqi.net/img/user/", "suffix": "/136911-LRDVORXYBNFWN2XE.jpg"}, "firstName": "Mark", "lastName": "Chua"}, {"id": "162876", "photo": {"prefix": "https://igx.4sqi.net/img/user/", "suffix": "/QNUU13WOKIWQAKMP.jpg"}, "firstName": "Ludacus", "gender": "male"}], "count": 2, "type": "others"}], "summary": "2 likes", "count": 2}, "id": "51a197fb498eae4ebb31ffb7", "text": "Full of tiny little robots queuing up. If you don't try, you lose the game!", "disagreeCount": 0, "user": {"gender": "male", "id": "136911", "photo": {"prefix": "https://igx.4sqi.net/img/user/", "suffix": "/136911-LRDVORXYBNFWN2XE.jpg"}, "firstName": "Mark", "lastName": "Chua"}, "canonicalUrl": "https://foursquare.com/item/51a197fb498eae4ebb31ffb7", "type": "user", "photourl": "https://igx.4sqi.net/img/general/original/136911_Bc84h7qXHoJqNzeMVkjGUb0F8GYnyaiuaHKHfZNhTVc.jpg"}, {"logView": true, "lang": "en", "createdAt": 1413273509, "agreeCount": 0, "likes": {"groups": [], "count": 0}, "id": "543cd7a5498e790296d83575", "text": "Another of many hawker food courts in Singapore. I love their 1000 ways of dumplings", "type": "user", "user": {"gender": "female", "id": "36103124", "photo": {"prefix": "https://igx.4sqi.net/img/user/", "suffix": "/36103124-G2ITIWMAOBL5SSAK.jpg"}, "firstName": "Magdalena", "lastName": "Mr\u00e1zkov\u00e1"}, "canonicalUrl": "https://foursquare.com/item/543cd7a5498e790296d83575", "todo": {"count": 0}, "disagreeCount": 0}, {"logView": true, "lang": "en", "createdAt": 1332232945, "agreeCount": 1, "likes": {"groups": [{"items": [{"gender": "male", "id": "324224", "photo": {"prefix": "https://igx.4sqi.net/img/user/", "suffix": "/324224-IMCXYHM0IPNAQLQO.jpg"}, "firstName": "sassy802", "lastName": "\u207d\u207d\u0669(\u0e51\u02c3\u0336\u0348\u0300 \u15e8 \u02c2\u0336\u0348\u0301)\u06f6\u207e\u207e"}], "count": 1, "type": "others"}], "summary": "1 like", "count": 1}, "id": "4f6842f1e4b072f14582a2ff", "text": "#01-1142 Fruits juice like plain water! Add so much water and ice. Really like \"Long Gao Zui\"", "type": "user", "user": {"gender": "female", "id": "2956926", "photo": {"prefix": "https://igx.4sqi.net/img/user/", "suffix": "/2956926-J4UKCVZK1I1I2Q1F.jpg"}, "firstName": "\ud83d\udc97Caelyn\ud83d\udc97", "lastName": "LoveGrace"}, "canonicalUrl": "https://foursquare.com/item/4f6842f1e4b072f14582a2ff", "todo": {"count": 0}, "disagreeCount": 0}, {"logView": true, "lang": "en", "createdAt": 1290424969, "agreeCount": 0, "likes": {"groups": [], "count": 0}, "id": "4cea5289b997548147a80645", "text": "Don't miss the Hakka yong tau foo!", "type": "user", "user": {"id": "3994472", "photo": {"prefix": "https://igx.4sqi.net/img/user/", "suffix": "/UFVVG4WCYZDKJXA1.jpg"}, "firstName": "S", "gender": "female"}, "canonicalUrl": "https://foursquare.com/item/4cea5289b997548147a80645", "todo": {"count": 0}, "disagreeCount": 0}, {"logView": true, "lang": "ja", "photo": {"id": "53c22c25498ed7eab50be236", "visibility": "public", "source": {"name": "Foursquare for iOS", "url": "https://foursquare.com/download/#/iphone"}, "suffix": "/608309_QRuyJIk6NuIWEWPZP0mD744KjCvX0b_2fUL1HJFtDVs.jpg", "createdAt": 1405234213, "prefix": "https://igx.4sqi.net/img/general/", "width": 960, "height": 720}, "createdAt": 1405234188, "todo": {"count": 0}, "agreeCount": 0, "likes": {"groups": [], "count": 0}, "id": "53c22c0c498e0142258cf80d", "text": "\u3053\u306e\u30b9\u30c8\u30fc\u30eb\u306b\u7570\u5e38\u306b\u9577\u3044\u5217\u3060\u3063\u305f\u304c\u3001\u7406\u89e3\u3057\u3066\u3044\u306a\u3044\u3002\u6642\u9593\u306f\u65e5\u66dc\u65e5\u306e\u663c\u904e\u304e\u3002\u3042\u304d\u3089\u304b\u306b\u8a71\u984c\u5e97\u3060\u3068\u601d\u308f\u308c\u308b\u304c\u3001\u8abf\u3079\u3066\u3044\u306a\u3044\u3002", "disagreeCount": 0, "user": {"gender": "none", "id": "608309", "photo": {"prefix": "https://igx.4sqi.net/img/user/", "suffix": "/A131GIZVHEK2WNPG.jpg"}, "firstName": "Masayoshi", "lastName": "Tsuchida"}, "canonicalUrl": "https://foursquare.com/item/53c22c0c498e0142258cf80d", "type": "user", "photourl": "https://igx.4sqi.net/img/general/original/608309_QRuyJIk6NuIWEWPZP0mD744KjCvX0b_2fUL1HJFtDVs.jpg"}, {"logView": true, "lang": "en", "createdAt": 1297851089, "agreeCount": 0, "likes": {"groups": [], "count": 0}, "id": "4d5ba2d11ef2f04db2f0ebcd", "text": "Nice Pig intestine soup n just beside it, there's nice handmade noodle", "type": "user", "user": {"gender": "female", "id": "6049912", "photo": {"prefix": "https://igx.4sqi.net/img/user/", "suffix": "/MJZPSKUWYPJE2SWM.jpg"}, "firstName": "Jesk", "lastName": "koh"}, "canonicalUrl": "https://foursquare.com/item/4d5ba2d11ef2f04db2f0ebcd", "todo": {"count": 0}, "disagreeCount": 0}, {"logView": true, "lang": "en", "createdAt": 1387793073, "agreeCount": 0, "likes": {"groups": [], "count": 0}, "id": "52b80ab111d2c9f3fb098a68", "text": "Go for the food, avoid the toilets.", "type": "user", "user": {"gender": "male", "id": "26302259", "photo": {"prefix": "https://igx.4sqi.net/img/user/", "suffix": "/26302259-0TW2XDVFVTYKUQX0.jpg"}, "firstName": "Andy", "lastName": "Low"}, "canonicalUrl": "https://foursquare.com/item/52b80ab111d2c9f3fb098a68", "todo": {"count": 0}, "disagreeCount": 0}, {"logView": true, "lang": "en", "createdAt": 1420183735, "agreeCount": 0, "likes": {"groups": [], "count": 0}, "id": "54a648b7498e71a1c9ac882e", "text": "DIY popiah: Fortune Food #01-1008 sells handmade (actually central kitchen) popiah skin ($15/kg), ground peanuts, crispy bits, chilli sauce, etc to host ur own popiah party @ home. Easy!", "type": "user", "user": {"gender": "male", "id": "231366", "photo": {"prefix": "https://igx.4sqi.net/img/user/", "suffix": "/231366-Q2ZSAEF50GYUXPDA.jpg"}, "firstName": "Cheen", "lastName": "The Curious"}, "canonicalUrl": "https://foursquare.com/item/54a648b7498e71a1c9ac882e", "todo": {"count": 0}, "disagreeCount": 0}, {"authorInteractionType": "liked", "logView": true, "lang": "en", "createdAt": 1470418489, "agreeCount": 0, "likes": {"groups": [], "count": 0}, "id": "57a4ce39498e72e5aeacb5c2", "text": "Fun spot for coffee, beer, and seafood.", "type": "user", "user": {"gender": "female", "id": "2427773", "photo": {"prefix": "https://igx.4sqi.net/img/user/", "suffix": "/2427773-2OVVCJHJPC4NTPPA.jpg"}, "firstName": "Song-My", "lastName": "Tran"}, "canonicalUrl": "https://foursquare.com/item/57a4ce39498e72e5aeacb5c2", "todo": {"count": 0}, "disagreeCount": 0}, {"logView": true, "lang": "en", "createdAt": 1293801919, "agreeCount": 0, "likes": {"groups": [], "count": 0}, "id": "4d1dd9bfdbac2c0f1a6b3e35", "text": "Koo Kee Yong Tau Fu is quite forgettable, there is 1 prawn noodle which is quite bland as well, must try the Ngoh Hiang though", "type": "user", "user": {"gender": "male", "id": "1248206", "photo": {"prefix": "https://igx.4sqi.net/img/user/", "suffix": "/ESNVAOPEF4GQYW4C.jpg"}, "firstName": "Phillip", "lastName": "Chai"}, "canonicalUrl": "https://foursquare.com/item/4d1dd9bfdbac2c0f1a6b3e35", "todo": {"count": 0}, "disagreeCount": 0}, {"logView": true, "lang": "en", "createdAt": 1292501042, "agreeCount": 0, "likes": {"groups": [], "count": 0}, "id": "4d0a00325edd54817253039b", "text": "Try the teochew bachor/fishball. Beats anywhere hands down!", "type": "user", "user": {"gender": "female", "id": "4610333", "photo": {"prefix": "https://igx.4sqi.net/img/user/", "suffix": "/B50PDGND5SCLYN1A.jpg"}, "firstName": "Amanda", "lastName": "Seow"}, "canonicalUrl": "https://foursquare.com/item/4d0a00325edd54817253039b", "todo": {"count": 2}, "disagreeCount": 0}, {"logView": true, "lang": "en", "createdAt": 1288531108, "agreeCount": 0, "likes": {"groups": [], "count": 0}, "id": "4ccd6ca4294aef3bb2c885e2", "text": "Ice Durian Kachang and Fish Ball ... Sluurrpp!!", "type": "user", "user": {"gender": "female", "id": "3548617", "photo": {"prefix": "https://igx.4sqi.net/img/user/", "suffix": "/3548617-HDAFHX5DHXLUGYMY.jpg"}, "firstName": "SiLsi", "lastName": "Lia"}, "canonicalUrl": "https://foursquare.com/item/4ccd6ca4294aef3bb2c885e2", "todo": {"count": 0}, "disagreeCount": 0}, {"logView": true, "lang": "en", "createdAt": 1369416778, "agreeCount": 0, "likes": {"groups": [], "count": 0}, "id": "519fa44a498e25c7f96bcb79", "text": "Don't you dare try their siopao here. It costs 1.5SGD, cheap since it is big and really looks yummy. It has the weirdest taste and smell. \ud83d\udc4e In the end, we were not able to eat it. \ud83d\ude23\ud83d\ude14", "type": "user", "user": {"id": "48711547", "photo": {"prefix": "https://igx.4sqi.net/img/user/", "suffix": "/48711547-5TCLWFC5YPIX0CCF.jpg"}, "firstName": "Roanne (\u30a2\u30f3)", "gender": "female"}, "canonicalUrl": "https://foursquare.com/item/519fa44a498e25c7f96bcb79", "todo": {"count": 0}, "disagreeCount": 0}, {"logView": true, "lang": "en", "createdAt": 1265701578, "agreeCount": 1, "likes": {"groups": [{"items": [{"gender": "male", "id": "2425289", "photo": {"prefix": "https://igx.4sqi.net/img/user/", "suffix": "/2425289-KSDDLNSKVKYLIXIQ.jpg"}, "firstName": "Kennieth", "lastName": "Ong"}], "count": 2, "type": "others"}], "summary": "2 likes", "count": 2}, "id": "4b7112ca70c603bb42d691b4", "text": "Hakka Yong Tau Foo - only $2.50 The line was 15 pp strong. Smells divine. Gotta be good.", "type": "user", "user": {"id": "379212", "photo": {"prefix": "https://igx.4sqi.net/img/user/", "default": true, "suffix": "/blank_girl.png"}, "firstName": "Priyia", "gender": "female"}, "canonicalUrl": "https://foursquare.com/item/4b7112ca70c603bb42d691b4", "todo": {"count": 0}, "disagreeCount": 0}, {"authorInteractionType": "liked", "logView": true, "lang": "en", "photo": {"id": "56fa8505498e65b2e82a95b7", "visibility": "public", "source": {"name": "Foursquare for iOS", "url": "https://foursquare.com/download/#/iphone"}, "suffix": "/129491502_5v6YTzh76WfQQ_puU1Ah8UeJ9I6BobP67gODxyy0iTQ.jpg", "createdAt": 1459258629, "prefix": "https://igx.4sqi.net/img/general/", "width": 1440, "height": 1920}, "createdAt": 1459258626, "todo": {"count": 0}, "agreeCount": 1, "likes": {"groups": [], "count": 0}, "id": "56fa8502498e3b725fb7b165", "text": "This hidden corner shop actually taste much better than the famous \u65e5\u65e5\u7ea2\u9ebb\u8fa3\u9999\u9505\u3002This Ma-la hotpot is unit #01-1060A", "disagreeCount": 0, "user": {"gender": "female", "id": "129491502", "photo": {"prefix": "https://igx.4sqi.net/img/user/", "suffix": "/129491502-JUY23AGYKIQJ1USY.jpg"}, "firstName": "Celine", "lastName": "Ong"}, "canonicalUrl": "https://foursquare.com/item/56fa8502498e3b725fb7b165", "type": "user", "photourl": "https://igx.4sqi.net/img/general/original/129491502_5v6YTzh76WfQQ_puU1Ah8UeJ9I6BobP67gODxyy0iTQ.jpg"}, {"logView": true, "lang": "en", "createdAt": 1303125933, "agreeCount": 1, "likes": {"groups": [{"items": [{"gender": "male", "id": "19048775", "photo": {"prefix": "https://igx.4sqi.net/img/user/", "suffix": "/19048775-RTJYE2Z0DO5QEP1D.jpg"}, "firstName": "MANA", "lastName": "Takahashi"}], "count": 1, "type": "others"}], "summary": "1 like", "count": 1}, "id": "4dac1fad5da3ba8a47aebf4d", "text": "The zhen zhu fang curry mix rice store is nice. The soya pork is killer. Looks sinful but heavenly!", "type": "user", "user": {"gender": "male", "id": "7163405", "photo": {"prefix": "https://igx.4sqi.net/img/user/", "suffix": "/7163405-40QGGYBWEKDPTTVT.jpg"}, "firstName": "Toh", "lastName": "Boon Leng"}, "canonicalUrl": "https://foursquare.com/item/4dac1fad5da3ba8a47aebf4d", "todo": {"count": 1}, "disagreeCount": 0}, {"authorInteractionType": "liked", "logView": true, "lang": "en", "createdAt": 1337322531, "agreeCount": 0, "likes": {"groups": [], "count": 0}, "id": "4fb5ec23e4b05ee27de93ab5", "text": "If you want something that will knock your lips out of commission, try out the spicy dishes @ Sichuan Famous Snacks, #01-1044", "type": "user", "user": {"gender": "male", "id": "7163401", "photo": {"prefix": "https://igx.4sqi.net/img/user/", "suffix": "/MJVJCBYSAQ1AQYDT.jpg"}, "firstName": "Zhengyu", "lastName": "Yong"}, "canonicalUrl": "https://foursquare.com/item/4fb5ec23e4b05ee27de93ab5", "todo": {"count": 0}, "disagreeCount": 0}, {"logView": true, "lang": "en", "createdAt": 1294723534, "agreeCount": 0, "likes": {"groups": [], "count": 0}, "id": "4d2be9ce849f3704631e9641", "text": "The la mian stall here hand makes their own noodles! Not bad!", "type": "user", "user": {"gender": "female", "id": "3223852", "photo": {"prefix": "https://igx.4sqi.net/img/user/", "suffix": "/LZRHGJU0JNLRBMSY.jpg"}, "firstName": "Samantha", "lastName": "Kwan"}, "canonicalUrl": "https://foursquare.com/item/4d2be9ce849f3704631e9641", "todo": {"count": 1}, "disagreeCount": 0}, {"logView": true, "lang": "en", "createdAt": 1296130321, "agreeCount": 0, "likes": {"groups": [], "count": 0}, "id": "4d416111aae1b1f7da758ff5", "text": "try the Beef/Chicken Pau near Mcdonalds..love it!", "type": "user", "user": {"gender": "none", "id": "5959387", "photo": {"prefix": "https://igx.4sqi.net/img/user/", "suffix": "/5959387-C2EUZGSY0SAB0GDK.jpg"}, "firstName": "Khakls", "lastName": "Macalintal"}, "canonicalUrl": "https://foursquare.com/item/4d416111aae1b1f7da758ff5", "todo": {"count": 0}, "disagreeCount": 0}, {"logView": true, "lang": "en", "createdAt": 1316857820, "agreeCount": 1, "likes": {"groups": [{"items": [{"gender": "male", "id": "324224", "photo": {"prefix": "https://igx.4sqi.net/img/user/", "suffix": "/324224-IMCXYHM0IPNAQLQO.jpg"}, "firstName": "sassy802", "lastName": "\u207d\u207d\u0669(\u0e51\u02c3\u0336\u0348\u0300 \u15e8 \u02c2\u0336\u0348\u0301)\u06f6\u207e\u207e"}], "count": 1, "type": "others"}], "summary": "1 like", "count": 1}, "id": "4e7da7dc02d57c9c0e8c7ce2", "text": "The pork-ribs noodle from the shop at #01-1044 is the best !", "type": "user", "user": {"id": "3355898", "photo": {"prefix": "https://igx.4sqi.net/img/user/", "suffix": "/WRNO2EJPWTZF35DI.jpg"}, "firstName": "Ye Lin Aung", "gender": "male"}, "canonicalUrl": "https://foursquare.com/item/4e7da7dc02d57c9c0e8c7ce2", "todo": {"count": 1}, "disagreeCount": 0}, {"logView": true, "lang": "en", "createdAt": 1296307237, "agreeCount": 0, "likes": {"groups": [{"items": [], "count": 1, "type": "others"}], "summary": "1 like", "count": 1}, "id": "4d4414257e2e5481626f5c8f", "text": "Try e Dao Ge with Cockerel... Nice \ue00e\ue00e\ue00e", "type": "user", "user": {"gender": "male", "id": "5398518", "photo": {"prefix": "https://igx.4sqi.net/img/user/", "suffix": "/FUIMCUKEMBTGO02A.jpg"}, "firstName": "Kips", "lastName": "Lum"}, "canonicalUrl": "https://foursquare.com/item/4d4414257e2e5481626f5c8f", "todo": {"count": 0}, "disagreeCount": 0}, {"logView": true, "lang": "en", "createdAt": 1285925856, "agreeCount": 4, "likes": {"groups": [{"items": [{"gender": "male", "id": "4864175", "photo": {"prefix": "https://igx.4sqi.net/img/user/", "suffix": "/-L0L5YLKD0WYSIICQ.jpg"}, "firstName": "Jayson", "lastName": "Neo Kai Jie"}, {"gender": "male", "id": "1023230", "photo": {"prefix": "https://igx.4sqi.net/img/user/", "suffix": "/IV4VVMIEKPSDYMRH.jpg"}, "firstName": "Jzin", "lastName": "T"}, {"gender": "male", "id": "231366", "photo": {"prefix": "https://igx.4sqi.net/img/user/", "suffix": "/231366-Q2ZSAEF50GYUXPDA.jpg"}, "firstName": "Cheen", "lastName": "The Curious"}, {"gender": "female", "id": "50130526", "photo": {"prefix": "https://igx.4sqi.net/img/user/", "suffix": "/S2GHK254BE5QIT3O.jpg"}, "firstName": "Veronica", "lastName": "Thangaperakasam"}], "count": 4, "type": "others"}], "summary": "4 likes", "count": 4}, "id": "4ca5abe044a8224ba2b4fb3f", "text": "Level 2 corner @ Swanston - your essential store for your daily use and need... Super cheap and can save up to 50% compare with all skin care store or supermarket... Great value", "type": "user", "user": {"gender": "male", "id": "3415360", "photo": {"prefix": "https://igx.4sqi.net/img/user/", "suffix": "/1UFICLLXNPWHPBPZ.jpg"}, "firstName": "Andrew", "lastName": "Tan"}, "canonicalUrl": "https://foursquare.com/item/4ca5abe044a8224ba2b4fb3f", "todo": {"count": 0}, "disagreeCount": 0}, {"logView": true, "lang": "en", "photo": {"id": "524cfdde11d20913e24305d1", "visibility": "public", "source": {"name": "Foursquare for iOS", "url": "https://foursquare.com/download/#/iphone"}, "suffix": "/231366_uxUUSZuTA3FH1VO2PllIlIOT_YJ5iiDG1sA8M7kcylg.jpg", "createdAt": 1380777438, "prefix": "https://igx.4sqi.net/img/general/", "width": 720, "height": 960}, "createdAt": 1380777436, "todo": {"count": 1}, "agreeCount": 6, "likes": {"groups": [{"items": [{"gender": "male", "id": "119064572", "photo": {"prefix": "https://igx.4sqi.net/img/user/", "suffix": "/119064572-JKHUYLLHHVYASTDJ.jpg"}, "firstName": "Tom", "lastName": "Halleran"}, {"gender": "male", "id": "1339539", "photo": {"prefix": "https://igx.4sqi.net/img/user/", "suffix": "/1339539-AIRJPNFKHLZSMUDJ.jpg"}, "firstName": "Ian", "lastName": "Thomtori"}, {"gender": "female", "id": "1272497", "photo": {"prefix": "https://igx.4sqi.net/img/user/", "suffix": "/2NYYBD2A3WFWLLMK.jpg"}, "firstName": "Javier Yong-En", "lastName": "Li"}, {"gender": "female", "id": "10741580", "photo": {"prefix": "https://igx.4sqi.net/img/user/", "suffix": "/10741580_1iHVCAbi_YvPnZ-0TJT8wian1JNSyCncfAxoohKnoyZLLTTTTY6rnNstX2DzxYb-6WExssFDX.jpg"}, "firstName": "bonjourbun \ud83c\udf08", "lastName": "\u5b9d\u948f"}], "count": 6, "type": "others"}], "summary": "6 likes", "count": 6}, "id": "524cfddc11d2b1f369c6e1f8", "text": "Yong tau foo: Lots of stalls here. 1 of them, Poy Kee Yong Tau Foo #01-1066, sees daily loyals. Fishball salty but everything else is yummy. Noodles q, chilli sauce kicking!", "disagreeCount": 0, "user": {"gender": "male", "id": "231366", "photo": {"prefix": "https://igx.4sqi.net/img/user/", "suffix": "/231366-Q2ZSAEF50GYUXPDA.jpg"}, "firstName": "Cheen", "lastName": "The Curious"}, "canonicalUrl": "https://foursquare.com/item/524cfddc11d2b1f369c6e1f8", "type": "user", "photourl": "https://igx.4sqi.net/img/general/original/231366_uxUUSZuTA3FH1VO2PllIlIOT_YJ5iiDG1sA8M7kcylg.jpg"}, {"logView": true, "lang": "en", "createdAt": 1298276669, "agreeCount": 0, "likes": {"groups": [], "count": 0}, "id": "4d62213d1ee8721ee6d0bd21", "text": "has one of the best fried gyoza", "type": "user", "user": {"gender": "female", "id": "6558614", "photo": {"prefix": "https://igx.4sqi.net/img/user/", "suffix": "/JSCM1PVJN3IFROST.jpg"}, "firstName": "Jo-Ann", "lastName": "Chan"}, "canonicalUrl": "https://foursquare.com/item/4d62213d1ee8721ee6d0bd21", "todo": {"count": 1}, "disagreeCount": 0}, {"logView": true, "lang": "en", "photo": {"id": "524ba059498e4571cd9e7815", "visibility": "public", "source": {"name": "Foursquare for iOS", "url": "https://foursquare.com/download/#/iphone"}, "suffix": "/231366_bTczylJkp8VrsfJhJsSKQGoXl9-pniHeksDLIdr0zuA.jpg", "createdAt": 1380687961, "prefix": "https://igx.4sqi.net/img/general/", "width": 960, "height": 720}, "createdAt": 1380687959, "todo": {"count": 1}, "agreeCount": 2, "likes": {"groups": [{"items": [{"gender": "male", "id": "1339539", "photo": {"prefix": "https://igx.4sqi.net/img/user/", "suffix": "/1339539-AIRJPNFKHLZSMUDJ.jpg"}, "firstName": "Ian", "lastName": "Thomtori"}, {"gender": "male", "id": "2832533", "photo": {"prefix": "https://igx.4sqi.net/img/user/", "suffix": "/2832533_0BdFoucg_HvaAT_EWq1SneSZFe1-CX0Bu-RFy7fzF5JtCoqU-KouZi9wMCgkkSwDIUnJ_hdYy.jpg"}, "firstName": "Nigel \u0e44\u0e19\u0e40\u0e08\u0e25", "lastName": "Choi"}], "count": 2, "type": "others"}], "summary": "2 likes", "count": 2}, "id": "524ba05711d2de0f92e53468", "text": "Braised duck: Fans make a bee line for Lek Kee #01-1104 during mealtimes. Meat cuts r thick & generous, braised sauce has d traditional herbal aroma.", "disagreeCount": 0, "user": {"gender": "male", "id": "231366", "photo": {"prefix": "https://igx.4sqi.net/img/user/", "suffix": "/231366-Q2ZSAEF50GYUXPDA.jpg"}, "firstName": "Cheen", "lastName": "The Curious"}, "canonicalUrl": "https://foursquare.com/item/524ba05711d2de0f92e53468", "type": "user", "photourl": "https://igx.4sqi.net/img/general/original/231366_bTczylJkp8VrsfJhJsSKQGoXl9-pniHeksDLIdr0zuA.jpg"}, {"logView": true, "lang": "en", "createdAt": 1293033518, "agreeCount": 3, "likes": {"groups": [{"items": [{"gender": "male", "id": "119064572", "photo": {"prefix": "https://igx.4sqi.net/img/user/", "suffix": "/119064572-JKHUYLLHHVYASTDJ.jpg"}, "firstName": "Tom", "lastName": "Halleran"}, {"gender": "female", "id": "6362067", "photo": {"prefix": "https://igx.4sqi.net/img/user/", "suffix": "/6362067-MWEKQ1WZFCYX5PXH.jpg"}, "firstName": "Anna", "lastName": "T"}, {"gender": "male", "id": "1023230", "photo": {"prefix": "https://igx.4sqi.net/img/user/", "suffix": "/IV4VVMIEKPSDYMRH.jpg"}, "firstName": "Jzin", "lastName": "T"}], "count": 3, "type": "others"}], "summary": "3 likes", "count": 3}, "id": "4d12202e7a8ba143e3a5c669", "text": "Alway go there eat fried oyster that next to the drink stall, very good!", "type": "user", "user": {"gender": "male", "id": "3498152", "photo": {"prefix": "https://igx.4sqi.net/img/user/", "suffix": "/1QJG4B1HJRV00RXW.jpg"}, "firstName": "Eric", "lastName": "Tay"}, "canonicalUrl": "https://foursquare.com/item/4d12202e7a8ba143e3a5c669", "todo": {"count": 0}, "disagreeCount": 0}, {"logView": true, "lang": "en", "createdAt": 1273554812, "agreeCount": 0, "likes": {"groups": [], "count": 0}, "id": "4be8e77c70c603bb45079bb4", "text": "Keep a lookout for free tissue packs on selected tables.", "type": "user", "user": {"gender": "male", "id": "593832", "photo": {"prefix": "https://igx.4sqi.net/img/user/", "suffix": "/VRY1QWGFSWFK1ZZ2.jpg"}, "firstName": "Shawn", "lastName": "Loo"}, "canonicalUrl": "https://foursquare.com/item/4be8e77c70c603bb45079bb4", "todo": {"count": 0}, "disagreeCount": 0}, {"authorInteractionType": "liked", "logView": true, "lang": "en", "createdAt": 1434979847, "agreeCount": 0, "likes": {"groups": [], "count": 0}, "id": "55880e07498ed714881d598b", "text": "Fun to see, lots of Chinese, not a lot of tourists. All food is alright here, lots of different kinds.", "type": "user", "user": {"gender": "female", "id": "92373281", "photo": {"prefix": "https://igx.4sqi.net/img/user/", "suffix": "/92373281-GRMBRAMXGYABVANK.jpg"}, "firstName": "Maria", "lastName": "Tran Larsen"}, "canonicalUrl": "https://foursquare.com/item/55880e07498ed714881d598b", "todo": {"count": 0}, "disagreeCount": 0}, {"logView": true, "lang": "en", "createdAt": 1380861826, "agreeCount": 3, "likes": {"groups": [{"items": [{"gender": "male", "id": "940120", "photo": {"prefix": "https://igx.4sqi.net/img/user/", "suffix": "/940120-OHSANBSMGGTQUZYL.jpg"}, "firstName": "AA", "lastName": "Mak"}, {"gender": "female", "id": "10741580", "photo": {"prefix": "https://igx.4sqi.net/img/user/", "suffix": "/10741580_1iHVCAbi_YvPnZ-0TJT8wian1JNSyCncfAxoohKnoyZLLTTTTY6rnNstX2DzxYb-6WExssFDX.jpg"}, "firstName": "bonjourbun \ud83c\udf08", "lastName": "\u5b9d\u948f"}, {"gender": "male", "id": "4861741", "photo": {"prefix": "https://igx.4sqi.net/img/user/", "suffix": "/4861741-2NVUXAT2JV5CR3EB"}, "firstName": "Siang Hwee", "lastName": "Foo"}], "count": 3, "type": "others"}], "summary": "3 likes", "count": 3}, "id": "524e4782498e5593d97737c4", "text": "Fishball noodles: Familiar local brand Ming Fa has a stall here #01-1140 selling fishball & minced meat noodles (bak chor mee). Both delicious. Fishball & meatball bigger than golf balls!", "type": "user", "user": {"gender": "male", "id": "231366", "photo": {"prefix": "https://igx.4sqi.net/img/user/", "suffix": "/231366-Q2ZSAEF50GYUXPDA.jpg"}, "firstName": "Cheen", "lastName": "The Curious"}, "canonicalUrl": "https://foursquare.com/item/524e4782498e5593d97737c4", "todo": {"count": 0}, "disagreeCount": 0}, {"logView": true, "lang": "en", "createdAt": 1307242625, "agreeCount": 1, "likes": {"groups": [{"items": [{"gender": "male", "id": "75391099", "photo": {"prefix": "https://igx.4sqi.net/img/user/", "default": true, "suffix": "/blank_boy.png"}, "firstName": "Veeraseth", "lastName": "Wongsirikul"}], "count": 1, "type": "others"}], "summary": "1 like", "count": 1}, "id": "4deaf08118386283a3f3791c", "text": "the porridge beside the sugar cane store fail. not hot! -.- oh they sell chicken rice and soup also!", "type": "user", "user": {"gender": "female", "id": "2600028", "photo": {"prefix": "https://igx.4sqi.net/img/user/", "suffix": "/JQRJ11X5TXOJW0LI.jpg"}, "firstName": "Patricia", "lastName": "Tan"}, "canonicalUrl": "https://foursquare.com/item/4deaf08118386283a3f3791c", "todo": {"count": 0}, "disagreeCount": 0}, {"logView": true, "lang": "en", "createdAt": 1331262442, "agreeCount": 0, "likes": {"groups": [], "count": 0}, "id": "4f5973eae4b01d86b3dcbf9d", "text": "Try the Fishball noodle near Mr Bean stall,generous helping of fish cakes", "type": "user", "user": {"gender": "female", "id": "21661933", "photo": {"prefix": "https://igx.4sqi.net/img/user/", "suffix": "/Z4BHVMRNUGLWANQA.jpg"}, "firstName": "Alexis", "lastName": "Gan"}, "canonicalUrl": "https://foursquare.com/item/4f5973eae4b01d86b3dcbf9d", "todo": {"count": 0}, "disagreeCount": 0}, {"logView": true, "lang": "en", "createdAt": 1327315196, "agreeCount": 0, "likes": {"groups": [], "count": 0}, "id": "4f1d38fce4b0e6badd635c19", "text": "Nice culinary", "type": "user", "user": {"gender": "male", "id": "7015093", "photo": {"prefix": "https://igx.4sqi.net/img/user/", "suffix": "/JIYA2O0JXAKHZBWG.jpg"}, "firstName": "Jung", "lastName": "Levis"}, "canonicalUrl": "https://foursquare.com/item/4f1d38fce4b0e6badd635c19", "todo": {"count": 0}, "disagreeCount": 0}, {"logView": true, "lang": "en", "createdAt": 1360131174, "agreeCount": 0, "likes": {"groups": [], "count": 0}, "id": "5111f466e4b0117f57a0b75b", "text": "Ming Xing Wu Xiang xia bing stall 1118 is my favourite since childhood. Chilli sauce is old school and her fried bee hoon is first class", "type": "user", "user": {"gender": "female", "id": "5609334", "photo": {"prefix": "https://igx.4sqi.net/img/user/", "suffix": "/XR23PMTXPHXXUQO1.jpg"}, "firstName": "Tang", "lastName": "Choo"}, "canonicalUrl": "https://foursquare.com/item/5111f466e4b0117f57a0b75b", "todo": {"count": 0}, "disagreeCount": 0}, {"logView": true, "lang": "en", "photo": {"id": "524d012211d20c679debb904", "visibility": "public", "source": {"name": "Foursquare for iOS", "url": "https://foursquare.com/download/#/iphone"}, "suffix": "/231366_EXy4WDA0HfD29KVVk5x0Y0jpKtZqvjHESxT-ddeaLck.jpg", "createdAt": 1380778274, "prefix": "https://igx.4sqi.net/img/general/", "width": 960, "height": 720}, "createdAt": 1380778269, "todo": {"count": 1}, "agreeCount": 0, "likes": {"groups": [], "count": 0}, "id": "524d011d11d284e72a4d01ad", "text": "Local desserts: Only 3 stalls in this massive food centre, all along the same row facing OG. New Happy Cafe #01-1024 scores high in my books, for getting d basic green bean soup right - thick & sweet", "disagreeCount": 0, "user": {"gender": "male", "id": "231366", "photo": {"prefix": "https://igx.4sqi.net/img/user/", "suffix": "/231366-Q2ZSAEF50GYUXPDA.jpg"}, "firstName": "Cheen", "lastName": "The Curious"}, "canonicalUrl": "https://foursquare.com/item/524d011d11d284e72a4d01ad", "type": "user", "photourl": "https://igx.4sqi.net/img/general/original/231366_EXy4WDA0HfD29KVVk5x0Y0jpKtZqvjHESxT-ddeaLck.jpg"}, {"logView": true, "lang": "en", "createdAt": 1302433065, "agreeCount": 2, "likes": {"groups": [{"items": [{"gender": "female", "id": "30791034", "photo": {"prefix": "https://igx.4sqi.net/img/user/", "suffix": "/30791034-KAPAWYPQJ51ZQWWD.jpg"}, "firstName": "Melisa", "lastName": "Andriani"}, {"gender": "male", "id": "2425289", "photo": {"prefix": "https://igx.4sqi.net/img/user/", "suffix": "/2425289-KSDDLNSKVKYLIXIQ.jpg"}, "firstName": "Kennieth", "lastName": "Ong"}], "count": 2, "type": "others"}], "summary": "2 likes", "count": 2}, "id": "4da18d29bfa5dcb3e3750c44", "text": "Try the porridge and Yong Tau Foo. Is nice. Their chicken rice and hotwoks also not bad.", "type": "user", "user": {"id": "8393083", "photo": {"prefix": "https://igx.4sqi.net/img/user/", "suffix": "/53JNZCPEPPMBAEQX.jpg"}, "firstName": "lolcorporation SG", "type": "page", "gender": "none"}, "canonicalUrl": "https://foursquare.com/item/4da18d29bfa5dcb3e3750c44", "todo": {"count": 0}, "disagreeCount": 0}, {"logView": true, "lang": "en", "createdAt": 1483021479, "agreeCount": 0, "likes": {"groups": [], "count": 0}, "id": "58651ca72321c6675b55881f", "text": "The roast meat stall near the main road sells the best char siew and duck noodles.", "type": "user", "user": {"gender": "female", "id": "42668193", "photo": {"prefix": "https://igx.4sqi.net/img/user/", "suffix": "/TD0GT2403DBIQDT5.jpg"}, "firstName": "Elizabeth", "lastName": "Lee"}, "canonicalUrl": "https://foursquare.com/item/58651ca72321c6675b55881f", "todo": {"count": 0}, "disagreeCount": 0}, {"logView": true, "lang": "en", "photo": {"id": "52779b5a11d2db786ff8ef95", "visibility": "public", "source": {"name": "Foursquare for iOS", "url": "https://foursquare.com/download/#/iphone"}, "suffix": "/33309197_pRpp6WcZkCVET_CUsmWzQv3b3Cd_czJ6Ueq7k9P5HeA.jpg", "createdAt": 1383570266, "prefix": "https://igx.4sqi.net/img/general/", "width": 959, "height": 350}, "createdAt": 1383570261, "todo": {"count": 0}, "agreeCount": 1, "likes": {"groups": [{"items": [{"gender": "female", "id": "4925011", "photo": {"prefix": "https://igx.4sqi.net/img/user/", "suffix": "/5WS1YKIWCQBDQ4DZ.jpg"}, "firstName": "Sharon", "lastName": "Liew"}], "count": 1, "type": "others"}], "summary": "1 like", "count": 1}, "id": "52779b5511d289924d3d5cf1", "text": "In the evening the place is filled with drunken uncles and everybody seems to be eating huge bowls filled with animal innards. The place has what you call, 'character'. Korean stall 01-1054, not bad.", "disagreeCount": 0, "user": {"gender": "male", "id": "33309197", "photo": {"prefix": "https://igx.4sqi.net/img/user/", "suffix": "/CSCNUWK22WCE2Z55.jpg"}, "firstName": "ming", "lastName": "jen"}, "canonicalUrl": "https://foursquare.com/item/52779b5511d289924d3d5cf1", "type": "user", "photourl": "https://igx.4sqi.net/img/general/original/33309197_pRpp6WcZkCVET_CUsmWzQv3b3Cd_czJ6Ueq7k9P5HeA.jpg"}, {"logView": true, "lang": "en", "createdAt": 1302584229, "agreeCount": 0, "likes": {"groups": [], "count": 0}, "id": "4da3dba5b1c9370402c303a2", "text": "Must try the \u732a\u4ec0\u6c64 here, it's yummy!!", "type": "user", "user": {"gender": "female", "id": "7954658", "photo": {"prefix": "https://igx.4sqi.net/img/user/", "suffix": "/OXCOPYTNDJ00CAYH.jpg"}, "firstName": "Angela", "lastName": "Ang"}, "canonicalUrl": "https://foursquare.com/item/4da3dba5b1c9370402c303a2", "todo": {"count": 0}, "disagreeCount": 0}, {"logView": true, "lang": "en", "createdAt": 1289881850, "agreeCount": 2, "likes": {"groups": [{"items": [{"gender": "male", "id": "940120", "photo": {"prefix": "https://igx.4sqi.net/img/user/", "suffix": "/940120-OHSANBSMGGTQUZYL.jpg"}, "firstName": "AA", "lastName": "Mak"}, {"gender": "male", "id": "231366", "photo": {"prefix": "https://igx.4sqi.net/img/user/", "suffix": "/231366-Q2ZSAEF50GYUXPDA.jpg"}, "firstName": "Cheen", "lastName": "The Curious"}], "count": 2, "type": "others"}], "summary": "2 likes", "count": 2}, "id": "4ce208fa78ddf04dbcd2ae98", "text": "Must eat Toh Kee roast duck & roast meat. Power!!! #01-1016A", "type": "user", "user": {"id": "4525321", "photo": {"prefix": "https://igx.4sqi.net/img/user/", "suffix": "/W1BKNVWIMOPWU1CT.jpg"}, "firstName": "Amigo", "gender": "male"}, "canonicalUrl": "https://foursquare.com/item/4ce208fa78ddf04dbcd2ae98", "todo": {"count": 0}, "disagreeCount": 0}, {"logView": true, "lang": "en", "createdAt": 1295698175, "agreeCount": 4, "likes": {"groups": [{"items": [{"gender": "male", "id": "940120", "photo": {"prefix": "https://igx.4sqi.net/img/user/", "suffix": "/940120-OHSANBSMGGTQUZYL.jpg"}, "firstName": "AA", "lastName": "Mak"}, {"gender": "male", "id": "1023230", "photo": {"prefix": "https://igx.4sqi.net/img/user/", "suffix": "/IV4VVMIEKPSDYMRH.jpg"}, "firstName": "Jzin", "lastName": "T"}, {"gender": "none", "id": "24499263", "photo": {"prefix": "https://igx.4sqi.net/img/user/", "suffix": "/BC3D3OUBEQ4N2HDY.jpg"}, "firstName": "koska", "lastName": "lee"}, {"gender": "male", "id": "17976046", "photo": {"prefix": "https://igx.4sqi.net/img/user/", "suffix": "/FHQC3QHE4UPYYM0T.jpg"}, "firstName": "Joseph", "lastName": "WT"}], "count": 4, "type": "others"}], "summary": "4 likes", "count": 4}, "id": "4d3ac8ff6de7721ec6edf149", "text": "Try the dumplings@tian jin fong kee, the inside outlet! They're super super nice I swear!!(:", "type": "user", "user": {"gender": "female", "id": "3665298", "photo": {"prefix": "https://igx.4sqi.net/img/user/", "suffix": "/2T3GPKKVLKQS1ORL.jpg"}, "firstName": "Siew woon", "lastName": "Yeo"}, "canonicalUrl": "https://foursquare.com/item/4d3ac8ff6de7721ec6edf149", "todo": {"count": 0}, "disagreeCount": 0}, {"logView": true, "lang": "en", "createdAt": 1321779553, "agreeCount": 2, "likes": {"groups": [{"items": [{"gender": "male", "id": "2425289", "photo": {"prefix": "https://igx.4sqi.net/img/user/", "suffix": "/2425289-KSDDLNSKVKYLIXIQ.jpg"}, "firstName": "Kennieth", "lastName": "Ong"}, {"id": "846184", "photo": {"prefix": "https://igx.4sqi.net/img/user/", "suffix": "/846184-KGPMZ5GENIAFMTPP"}, "firstName": "D\u00f6na\u0142d \u0295 \u2022\u1d25\u2022\u0294", "gender": "male"}], "count": 2, "type": "others"}], "summary": "2 likes", "count": 2}, "id": "4ec8c161b634b2fd75fa6c6d", "text": "Varieties of local hawker foods you can found in here.", "type": "user", "user": {"id": "846184", "photo": {"prefix": "https://igx.4sqi.net/img/user/", "suffix": "/846184-KGPMZ5GENIAFMTPP"}, "firstName": "D\u00f6na\u0142d \u0295 \u2022\u1d25\u2022\u0294", "gender": "male"}, "canonicalUrl": "https://foursquare.com/item/4ec8c161b634b2fd75fa6c6d", "todo": {"count": 0}, "disagreeCount": 0}, {"logView": true, "lang": "en", "createdAt": 1277551235, "agreeCount": 3, "likes": {"groups": [{"items": [{"gender": "male", "id": "940120", "photo": {"prefix": "https://igx.4sqi.net/img/user/", "suffix": "/940120-OHSANBSMGGTQUZYL.jpg"}, "firstName": "AA", "lastName": "Mak"}, {"gender": "male", "id": "1023230", "photo": {"prefix": "https://igx.4sqi.net/img/user/", "suffix": "/IV4VVMIEKPSDYMRH.jpg"}, "firstName": "Jzin", "lastName": "T"}, {"gender": "male", "id": "231366", "photo": {"prefix": "https://igx.4sqi.net/img/user/", "suffix": "/231366-Q2ZSAEF50GYUXPDA.jpg"}, "firstName": "Cheen", "lastName": "The Curious"}], "count": 3, "type": "others"}], "summary": "3 likes", "count": 3}, "id": "4c25e283c11dc9b6d1ee2724", "text": "Toh kee is the better char siew rice, nearer OG", "type": "user", "user": {"gender": "female", "id": "1631991", "photo": {"prefix": "https://igx.4sqi.net/img/user/", "suffix": "/2BKKDJODORP1CWT1.jpg"}, "firstName": "Lynette", "lastName": "C"}, "canonicalUrl": "https://foursquare.com/item/4c25e283c11dc9b6d1ee2724", "todo": {"count": 0}, "disagreeCount": 0}, {"logView": true, "lang": "en", "photo": {"id": "55fb9a2c498e4a2f553ebea0", "visibility": "public", "source": {"name": "Foursquare for iOS", "url": "https://foursquare.com/download/#/iphone"}, "suffix": "/231366_-nWZnc39ufjHu2kBGysl_7F12JKHpZwszDgC0bVQ4eY.jpg", "createdAt": 1442552364, "prefix": "https://igx.4sqi.net/img/general/", "width": 1920, "height": 1440}, "createdAt": 1442552361, "todo": {"count": 1}, "agreeCount": 1, "likes": {"groups": [{"items": [{"gender": "male", "id": "82814332", "photo": {"prefix": "https://igx.4sqi.net/img/user/", "suffix": "/82814332-N5SG45Z4A02ODJ3A.jpg"}, "firstName": "Steven", "lastName": "Leow"}], "count": 1, "type": "others"}], "summary": "1 like", "count": 1}, "id": "55fb9a29498ee79dbafba564", "text": "Fishballs fr Teochew Bakso #01-1008 are big! Fish cake slices r also generous but salty. Best eaten & balanced w plain noodles", "disagreeCount": 0, "user": {"gender": "male", "id": "231366", "photo": {"prefix": "https://igx.4sqi.net/img/user/", "suffix": "/231366-Q2ZSAEF50GYUXPDA.jpg"}, "firstName": "Cheen", "lastName": "The Curious"}, "canonicalUrl": "https://foursquare.com/item/55fb9a29498ee79dbafba564", "type": "user", "photourl": "https://igx.4sqi.net/img/general/original/231366_-nWZnc39ufjHu2kBGysl_7F12JKHpZwszDgC0bVQ4eY.jpg"}, {"logView": true, "lang": "en", "createdAt": 1263535628, "agreeCount": 0, "likes": {"groups": [], "count": 0}, "id": "4b50060c70c603bb234990b4", "text": "Great place to shop for floral prints fabrics - level 2", "type": "user", "user": {"gender": "female", "id": "219293", "photo": {"prefix": "https://igx.4sqi.net/img/user/", "suffix": "/WBY210OLCLI21XA5.jpg"}, "firstName": "Pista", "lastName": "Chio"}, "canonicalUrl": "https://foursquare.com/item/4b50060c70c603bb234990b4", "todo": {"count": 0}, "disagreeCount": 0}, {"logView": true, "lang": "en", "createdAt": 1287319565, "agreeCount": 0, "likes": {"groups": [], "count": 0}, "id": "4cbaf00d43ec6dcbd281a731", "text": "The Teh O kosong pheng here is really good! For those who are health conscious, can give it a try! \ue057", "type": "user", "user": {"gender": "female", "id": "3477045", "photo": {"prefix": "https://igx.4sqi.net/img/user/", "suffix": "/4YYRONVVO2JKRQPX.jpg"}, "firstName": "Sam", "lastName": "Low"}, "canonicalUrl": "https://foursquare.com/item/4cbaf00d43ec6dcbd281a731", "todo": {"count": 0}, "disagreeCount": 0}, {"authorInteractionType": "liked", "logView": true, "lang": "en", "createdAt": 1445354100, "agreeCount": 0, "likes": {"groups": [], "count": 0}, "id": "56265a74498e1a8a1f31a66e", "text": "What a great place to eat good value food and mix with the locals. I love it!", "type": "user", "user": {"gender": "female", "id": "35461726", "photo": {"prefix": "https://igx.4sqi.net/img/user/", "suffix": "/KGJKOWBLZCMG32GP.jpg"}, "firstName": "Kirby", "lastName": "Meehan"}, "canonicalUrl": "https://foursquare.com/item/56265a74498e1a8a1f31a66e", "todo": {"count": 0}, "disagreeCount": 0}, {"logView": true, "lang": "en", "photo": {"id": "524ba50e11d2d874c504b317", "visibility": "public", "source": {"name": "Foursquare for iOS", "url": "https://foursquare.com/download/#/iphone"}, "suffix": "/231366_T_2nS7AW7bwiuSTaDonBlpf0XCbeDhuzZE7k_R9e100.jpg", "createdAt": 1380689166, "prefix": "https://igx.4sqi.net/img/general/", "width": 960, "height": 720}, "createdAt": 1380689164, "todo": {"count": 0}, "agreeCount": 2, "likes": {"groups": [{"items": [{"gender": "male", "id": "940120", "photo": {"prefix": "https://igx.4sqi.net/img/user/", "suffix": "/940120-OHSANBSMGGTQUZYL.jpg"}, "firstName": "AA", "lastName": "Mak"}, {"gender": "male", "id": "1339539", "photo": {"prefix": "https://igx.4sqi.net/img/user/", "suffix": "/1339539-AIRJPNFKHLZSMUDJ.jpg"}, "firstName": "Ian", "lastName": "Thomtori"}], "count": 2, "type": "others"}], "summary": "2 likes", "count": 2}, "id": "524ba50c11d2e7443c2531e2", "text": "Dim sum: Chop Hean Kuan #01-1018. Stall  does brisk business selling takeaway items during mealtimes. Food items r made fresh 2 doors away :-)", "disagreeCount": 0, "user": {"gender": "male", "id": "231366", "photo": {"prefix": "https://igx.4sqi.net/img/user/", "suffix": "/231366-Q2ZSAEF50GYUXPDA.jpg"}, "firstName": "Cheen", "lastName": "The Curious"}, "canonicalUrl": "https://foursquare.com/item/524ba50c11d2e7443c2531e2", "type": "user", "photourl": "https://igx.4sqi.net/img/general/original/231366_T_2nS7AW7bwiuSTaDonBlpf0XCbeDhuzZE7k_R9e100.jpg"}, {"logView": true, "lang": "en", "createdAt": 1287927971, "agreeCount": 1, "likes": {"groups": [{"items": [{"id": "4164620", "photo": {"prefix": "https://igx.4sqi.net/img/user/", "suffix": "/POEG2RKP24RVSGHR.jpg"}, "firstName": "Morris", "gender": "male"}], "count": 1, "type": "others"}], "summary": "1 like", "count": 1}, "id": "4cc438a342d1b60c7c301c13", "text": "Tian Jin Fong Kee is my favorite fried Gyoza", "type": "user", "user": {"id": "4164620", "photo": {"prefix": "https://igx.4sqi.net/img/user/", "suffix": "/POEG2RKP24RVSGHR.jpg"}, "firstName": "Morris", "gender": "male"}, "canonicalUrl": "https://foursquare.com/item/4cc438a342d1b60c7c301c13", "todo": {"count": 1}, "disagreeCount": 0}, {"logView": true, "lang": "en", "createdAt": 1386137101, "agreeCount": 0, "likes": {"groups": [], "count": 0}, "id": "529ec60d11d20447807ea9fd", "text": "Beef noodles: Meat was tough & xtra chewy fr Joo Chiat Beef King #01-1064. Well... just d wrong batch :-(", "type": "user", "user": {"gender": "male", "id": "231366", "photo": {"prefix": "https://igx.4sqi.net/img/user/", "suffix": "/231366-Q2ZSAEF50GYUXPDA.jpg"}, "firstName": "Cheen", "lastName": "The Curious"}, "canonicalUrl": "https://foursquare.com/item/529ec60d11d20447807ea9fd", "todo": {"count": 0}, "disagreeCount": 0}, {"logView": true, "lang": "en", "createdAt": 1320646241, "agreeCount": 1, "likes": {"groups": [{"items": [{"gender": "female", "id": "974639", "photo": {"prefix": "https://igx.4sqi.net/img/user/", "suffix": "/KEOMKNYAUAJKLAJW.jpg"}, "firstName": "Lydia", "lastName": "Ng"}], "count": 1, "type": "others"}], "summary": "1 like", "count": 1}, "id": "4eb77661dab4fe511282fe36", "text": "A very MUST for Yong Tau Foo!!!", "type": "user", "user": {"gender": "male", "id": "12189018", "photo": {"prefix": "https://igx.4sqi.net/img/user/", "suffix": "/5MQPFRGJWVBJGP2W.jpg"}, "firstName": "Eddie", "lastName": "Goh"}, "canonicalUrl": "https://foursquare.com/item/4eb77661dab4fe511282fe36", "todo": {"count": 0}, "disagreeCount": 0}, {"logView": true, "lang": "en", "photo": {"id": "5746755f498ea3a2edfc5072", "visibility": "public", "source": {"name": "Foursquare for iOS", "url": "https://foursquare.com/download/#/iphone"}, "suffix": "/773849_-8yFcGKwVrEWz0LVJwRqgm2PGuUekZIg9E1tP1LKZP8.jpg", "createdAt": 1464235359, "prefix": "https://igx.4sqi.net/img/general/", "width": 1440, "height": 1920}, "createdAt": 1464235357, "todo": {"count": 0}, "agreeCount": 0, "likes": {"groups": [], "count": 0}, "id": "5746755d498e8f330c55e647", "text": "Corner Ma la hotpot always has a line. I prefer #01-1048 in the middle.", "disagreeCount": 0, "user": {"gender": "female", "id": "773849", "photo": {"prefix": "https://igx.4sqi.net/img/user/", "suffix": "/2KYRKZGC13ZW4GST.jpg"}, "firstName": "Grace", "lastName": "Tan"}, "canonicalUrl": "https://foursquare.com/item/5746755d498e8f330c55e647", "type": "user", "photourl": "https://igx.4sqi.net/img/general/original/773849_-8yFcGKwVrEWz0LVJwRqgm2PGuUekZIg9E1tP1LKZP8.jpg"}, {"logView": true, "lang": "en", "photo": {"id": "550f682c498e527662024b89", "visibility": "public", "source": {"name": "Foursquare for Android", "url": "https://foursquare.com/download/#/android"}, "suffix": "/119064572_gjyqeU49rgO54WGEURKVw_J_zERoPam3s-TKJUILQzQ.jpg", "createdAt": 1427073068, "prefix": "https://igx.4sqi.net/img/general/", "width": 5312, "height": 2988}, "createdAt": 1427073050, "todo": {"count": 0}, "agreeCount": 1, "likes": {"groups": [{"items": [{"gender": "male", "id": "119064572", "photo": {"prefix": "https://igx.4sqi.net/img/user/", "suffix": "/119064572-JKHUYLLHHVYASTDJ.jpg"}, "firstName": "Tom", "lastName": "Halleran"}], "count": 1, "type": "others"}], "summary": "1 like", "count": 1}, "id": "550f681a498e5a87add7f3b8", "text": "Due to its proximity to China Town, most of the stalls sell Chinese. Easy to miss behind the walls of the market, despite being 10 feet from the MRT exit. Great pig stomach soup!", "disagreeCount": 0, "user": {"gender": "male", "id": "119064572", "photo": {"prefix": "https://igx.4sqi.net/img/user/", "suffix": "/119064572-JKHUYLLHHVYASTDJ.jpg"}, "firstName": "Tom", "lastName": "Halleran"}, "canonicalUrl": "https://foursquare.com/item/550f681a498e5a87add7f3b8", "type": "user", "photourl": "https://igx.4sqi.net/img/general/original/119064572_gjyqeU49rgO54WGEURKVw_J_zERoPam3s-TKJUILQzQ.jpg"}, {"logView": true, "lang": "en", "createdAt": 1451901990, "agreeCount": 0, "likes": {"groups": [], "count": 0}, "id": "568a4426498e527e181ba195", "text": "Go and get the fried pork dumplings from Tian Jin Fong Kee. Golden brown and crispy on the outside, and juicy on the inside", "type": "user", "user": {"gender": "male", "id": "149752680", "photo": {"prefix": "https://igx.4sqi.net/img/user/", "default": true, "suffix": "/blank_boy.png"}, "firstName": "Arthur", "lastName": "Liao"}, "canonicalUrl": "https://foursquare.com/item/568a4426498e527e181ba195", "todo": {"count": 0}, "disagreeCount": 0}, {"authorInteractionType": "liked", "logView": true, "lang": "en", "createdAt": 1410267653, "agreeCount": 1, "likes": {"groups": [{"items": [{"gender": "male", "id": "94124429", "photo": {"prefix": "https://igx.4sqi.net/img/user/", "suffix": "/94124429-5G4U2PTYQPGD3SZY.jpg"}, "firstName": "Tomek", "lastName": "Wolny"}], "count": 1, "type": "others"}], "summary": "1 like", "count": 1}, "id": "540efa05498e014e5419620e", "text": "Mixed meat make your own dish at the eastern end is reasonably good.", "type": "user", "user": {"gender": "male", "id": "94124429", "photo": {"prefix": "https://igx.4sqi.net/img/user/", "suffix": "/94124429-5G4U2PTYQPGD3SZY.jpg"}, "firstName": "Tomek", "lastName": "Wolny"}, "canonicalUrl": "https://foursquare.com/item/540efa05498e014e5419620e", "todo": {"count": 0}, "disagreeCount": 0}, {"logView": true, "lang": "en", "createdAt": 1303799953, "agreeCount": 0, "likes": {"groups": [{"items": [], "count": 1, "type": "others"}], "summary": "1 like", "count": 1}, "id": "4db66891f7b121c29f724904", "text": "Dirty tables and chairs and quite stinky", "type": "user", "user": {"gender": "female", "id": "7019103", "photo": {"prefix": "https://igx.4sqi.net/img/user/", "suffix": "/4FPUC4QU2MNREVOE.jpg"}, "firstName": "Charminn", "lastName": "Ngiam"}, "canonicalUrl": "https://foursquare.com/item/4db66891f7b121c29f724904", "todo": {"count": 0}, "disagreeCount": 0}, {"logView": true, "lang": "en", "createdAt": 1288417540, "agreeCount": 0, "likes": {"groups": [], "count": 0}, "id": "4ccbb104063a721e4b9f899a", "text": "Try the pork rib hor fun. Good stuff.", "type": "user", "user": {"gender": "male", "id": "4023195", "photo": {"prefix": "https://igx.4sqi.net/img/user/", "suffix": "/U3GF2HSMRYJT044K.jpg"}, "firstName": "victor", "lastName": "cheng"}, "canonicalUrl": "https://foursquare.com/item/4ccbb104063a721e4b9f899a", "todo": {"count": 0}, "disagreeCount": 0}, {"logView": true, "lang": "en", "createdAt": 1292153718, "agreeCount": 3, "likes": {"groups": [{"items": [{"gender": "male", "id": "119064572", "photo": {"prefix": "https://igx.4sqi.net/img/user/", "suffix": "/119064572-JKHUYLLHHVYASTDJ.jpg"}, "firstName": "Tom", "lastName": "Halleran"}, {"gender": "male", "id": "940120", "photo": {"prefix": "https://igx.4sqi.net/img/user/", "suffix": "/940120-OHSANBSMGGTQUZYL.jpg"}, "firstName": "AA", "lastName": "Mak"}, {"gender": "female", "id": "2762422", "photo": {"prefix": "https://igx.4sqi.net/img/user/", "suffix": "/UKMRBATYPTZFJF5A.jpg"}, "firstName": "Natasha", "lastName": "Astrid"}], "count": 3, "type": "others"}], "summary": "3 likes", "count": 3}, "id": "4d04b376c2e53704c72fba67", "text": "Do try the Indonesia fried char Kway tiao really nice and a cup of sugarcane to with it", "type": "user", "user": {"gender": "male", "id": "5029239", "photo": {"prefix": "https://igx.4sqi.net/img/user/", "suffix": "/W0G5A02S0GXFHXZX.jpg"}, "firstName": "Jacky", "lastName": "Foo"}, "canonicalUrl": "https://foursquare.com/item/4d04b376c2e53704c72fba67", "todo": {"count": 0}, "disagreeCount": 0}, {"logView": true, "lang": "en", "createdAt": 1294369735, "agreeCount": 5, "likes": {"groups": [{"items": [{"gender": "male", "id": "119064572", "photo": {"prefix": "https://igx.4sqi.net/img/user/", "suffix": "/119064572-JKHUYLLHHVYASTDJ.jpg"}, "firstName": "Tom", "lastName": "Halleran"}, {"gender": "male", "id": "940120", "photo": {"prefix": "https://igx.4sqi.net/img/user/", "suffix": "/940120-OHSANBSMGGTQUZYL.jpg"}, "firstName": "AA", "lastName": "Mak"}, {"gender": "female", "id": "90147728", "photo": {"prefix": "https://igx.4sqi.net/img/user/", "suffix": "/90147728-ZL3WVBHYBD0UJYQV.jpg"}, "firstName": "Yijin", "lastName": "Sun"}, {"gender": "male", "id": "10353157", "photo": {"prefix": "https://igx.4sqi.net/img/user/", "suffix": "/05DMD5M1GOIARUSZ.jpg"}, "firstName": "Jia", "lastName": "Yuan"}], "count": 5, "type": "others"}], "summary": "5 likes", "count": 5}, "id": "4d2683c76e27a1433d410624", "text": "Try the Tian Jin Fong Kee fried dumplings.. Thin skin with lots of filling pan fried till skin is crispy but filling still remains juicy... Yums!!!", "type": "user", "user": {"gender": "female", "id": "1908074", "photo": {"prefix": "https://igx.4sqi.net/img/user/", "suffix": "/0GSHPHLDFDTURBZP.jpg"}, "firstName": "Priscilla", "lastName": "Goh"}, "canonicalUrl": "https://foursquare.com/item/4d2683c76e27a1433d410624", "todo": {"count": 0}, "disagreeCount": 0}, {"logView": true, "lang": "en", "createdAt": 1341310546, "agreeCount": 1, "likes": {"groups": [{"items": [{"gender": "male", "id": "71787038", "photo": {"prefix": "https://igx.4sqi.net/img/user/", "suffix": "/71787038-CI302EMSWYTZPIZR.jpg"}, "firstName": "Aldo_Cool", "lastName": "Tarigan"}], "count": 1, "type": "others"}], "summary": "1 like", "count": 1}, "id": "4ff2c652e4b0a148f8c73c4c", "text": "the worst place in singapore , the toilet is dirty and no one take care of it", "type": "user", "user": {"gender": "female", "id": "4416889", "photo": {"prefix": "https://igx.4sqi.net/img/user/", "suffix": "/4416889-B3H1KQPZZDDD2DII.jpg"}, "firstName": "Patricia", "lastName": "Irene"}, "canonicalUrl": "https://foursquare.com/item/4ff2c652e4b0a148f8c73c4c", "todo": {"count": 0}, "disagreeCount": 0}, {"logView": true, "lang": "en", "createdAt": 1297680345, "agreeCount": 0, "likes": {"groups": [], "count": 0}, "id": "4d5907d9f8ff236a427fc64a", "text": "I like the desserts at New Happy Cafe, facing OG.", "type": "user", "user": {"gender": "female", "id": "849606", "photo": {"prefix": "https://igx.4sqi.net/img/user/", "suffix": "/AXSVSRVWMFBOVQTL.jpg"}, "firstName": "J", "lastName": "Teo"}, "canonicalUrl": "https://foursquare.com/item/4d5907d9f8ff236a427fc64a", "todo": {"count": 0}, "disagreeCount": 0}, {"logView": true, "lang": "zh", "createdAt": 1393566516, "agreeCount": 0, "likes": {"groups": [], "count": 0}, "id": "5310233411d292c464aa3bd8", "text": "\u9ebb\u8fa3\u9999\u9505\u8d85\u8d5e\u7684.. \u5fc5\u5403!", "type": "user", "user": {"gender": "female", "id": "78637452", "photo": {"prefix": "https://igx.4sqi.net/img/user/", "default": true, "suffix": "/blank_girl.png"}, "firstName": "Ann", "lastName": "TAN"}, "canonicalUrl": "https://foursquare.com/item/5310233411d292c464aa3bd8", "todo": {"count": 0}, "disagreeCount": 0}, {"logView": true, "lang": "zh", "createdAt": 1301459463, "agreeCount": 0, "likes": {"groups": [{"items": [], "count": 2, "type": "others"}], "summary": "2 likes", "count": 2}, "id": "4d92b207b3273704d9278825", "text": "\u9ad8\u8bb0\u917f\u8c46\u8150\u9762\uff01Must try!", "type": "user", "user": {"id": "779494", "photo": {"prefix": "https://igx.4sqi.net/img/user/", "suffix": "/779494-CTKHA3UGLZW3VGIN.jpg"}, "firstName": "LimeMidori\u2606", "gender": "female"}, "canonicalUrl": "https://foursquare.com/item/4d92b207b3273704d9278825", "todo": {"count": 0}, "disagreeCount": 0}, {"logView": true, "lang": "en", "createdAt": 1313840668, "agreeCount": 0, "likes": {"groups": [], "count": 0}, "id": "4e4f9e1c52b1e893ad5cfce8", "text": "Oh no~ I fall in love with their muffins!!! @ Fortune Waffin!!", "type": "user", "user": {"gender": "male", "id": "3317394", "photo": {"prefix": "https://igx.4sqi.net/img/user/", "suffix": "/R52GS3LDL3JFXQP0.jpg"}, "firstName": "Aiirul", "lastName": "Sobari"}, "canonicalUrl": "https://foursquare.com/item/4e4f9e1c52b1e893ad5cfce8", "todo": {"count": 0}, "disagreeCount": 0}, {"logView": true, "lang": "en", "photo": {"id": "562f32af498e331dd541ff10", "visibility": "public", "source": {"name": "Foursquare for Android", "url": "https://foursquare.com/download/#/android"}, "suffix": "/82814332_gq5pMT0mOXTpDN3ePppmOMS_DTTGkhS7oJHsjcNULOQ.jpg", "createdAt": 1445933743, "prefix": "https://igx.4sqi.net/img/general/", "width": 960, "height": 540}, "createdAt": 1445933742, "todo": {"count": 1}, "agreeCount": 1, "likes": {"groups": [{"items": [{"gender": "male", "id": "82814332", "photo": {"prefix": "https://igx.4sqi.net/img/user/", "suffix": "/82814332-N5SG45Z4A02ODJ3A.jpg"}, "firstName": "Steven", "lastName": "Leow"}], "count": 1, "type": "others"}], "summary": "1 like", "count": 1}, "id": "562f32ae498e95be0e73a846", "text": "YI PIN BEEF KING \u4e00\u54c1\u725b\u8169\u738b 01-1074. Just moved here. Tender mix brisket with tripes and tendons. I love the soup version with kway tiao (flat rice noodles). Always one of my favourites in Chinatown. Best!", "disagreeCount": 0, "user": {"gender": "male", "id": "82814332", "photo": {"prefix": "https://igx.4sqi.net/img/user/", "suffix": "/82814332-N5SG45Z4A02ODJ3A.jpg"}, "firstName": "Steven", "lastName": "Leow"}, "canonicalUrl": "https://foursquare.com/item/562f32ae498e95be0e73a846", "type": "user", "photourl": "https://igx.4sqi.net/img/general/original/82814332_gq5pMT0mOXTpDN3ePppmOMS_DTTGkhS7oJHsjcNULOQ.jpg"}], "count": 110}}}