{"meta": {"code": 200, "requestId": "595a503df594df3c25b50f68"}, "response": {"tips": {"items": [{"logView": true, "lang": "en", "createdAt": 1369801647, "agreeCount": 0, "likes": {"groups": [], "count": 0}, "id": "51a583af498e4e34f759a088", "text": "Do not buy the economical rice here. Expensive and taste terribly", "type": "user", "user": {"gender": "male", "id": "6752394", "photo": {"prefix": "https://igx.4sqi.net/img/user/", "suffix": "/UWW2XSDZAI40VOCB.jpg"}, "firstName": "Alwyn", "lastName": "Tan"}, "canonicalUrl": "https://foursquare.com/item/51a583af498e4e34f759a088", "todo": {"count": 0}, "disagreeCount": 0}, {"logView": true, "lang": "en", "createdAt": 1292455435, "agreeCount": 0, "likes": {"groups": [], "count": 0}, "id": "4d094e0b05216dcb5ffc1fb6", "text": "Noodles stall is worth trying", "type": "user", "user": {"gender": "male", "id": "4464740", "photo": {"prefix": "https://igx.4sqi.net/img/user/", "suffix": "/3TSSN5EPCIQ4BESE.jpg"}, "firstName": "\u9648", "lastName": "Joseph"}, "canonicalUrl": "https://foursquare.com/item/4d094e0b05216dcb5ffc1fb6", "todo": {"count": 0}, "disagreeCount": 0}, {"logView": true, "lang": "en", "createdAt": 1310773355, "agreeCount": 0, "likes": {"groups": [{"items": [], "count": 1, "type": "others"}], "summary": "1 like", "count": 1}, "id": "4e20d06baeb702639529aa80", "text": "New owner is charging.$1.10 for hot milk tea!!!!!", "type": "user", "user": {"gender": "male", "id": "4464740", "photo": {"prefix": "https://igx.4sqi.net/img/user/", "suffix": "/3TSSN5EPCIQ4BESE.jpg"}, "firstName": "\u9648", "lastName": "Joseph"}, "canonicalUrl": "https://foursquare.com/item/4e20d06baeb702639529aa80", "todo": {"count": 0}, "disagreeCount": 0}, {"logView": true, "lang": "en", "createdAt": 1379390961, "agreeCount": 0, "likes": {"groups": [], "count": 0}, "id": "5237d5f1498e46882fa519d5", "text": "Indian shop here is very nice and lot of variety to choose from", "type": "user", "user": {"gender": "male", "id": "18259889", "photo": {"prefix": "https://igx.4sqi.net/img/user/", "suffix": "/ADOBLCXU3IDAUSD1.jpg"}, "firstName": "Santhosh", "lastName": "Nickson"}, "canonicalUrl": "https://foursquare.com/item/5237d5f1498e46882fa519d5", "todo": {"count": 0}, "disagreeCount": 0}, {"logView": true, "lang": "en", "createdAt": 1305680450, "agreeCount": 0, "likes": {"groups": [], "count": 0}, "id": "4dd31a4252b1f20e6808fe9d", "text": "The Bak Chor Mee is a Must Eat!", "type": "user", "user": {"gender": "female", "id": "3531932", "photo": {"prefix": "https://igx.4sqi.net/img/user/", "suffix": "/3531932-KQE0SPVUGTYG4SJK.jpg"}, "firstName": "Sujun", "lastName": "Neo"}, "canonicalUrl": "https://foursquare.com/item/4dd31a4252b1f20e6808fe9d", "todo": {"count": 0}, "disagreeCount": 0}, {"logView": true, "lang": "id", "createdAt": 1318398715, "agreeCount": 0, "likes": {"groups": [], "count": 0}, "id": "4e952afb82310e913f27926d", "text": "Nasi campur lauk sedap 2.", "type": "user", "user": {"gender": "male", "id": "12984258", "photo": {"prefix": "https://igx.4sqi.net/img/user/", "suffix": "/EHS4VG13AGGCEXCA.jpg"}, "firstName": "Wadi", "lastName": "Waddee"}, "canonicalUrl": "https://foursquare.com/item/4e952afb82310e913f27926d", "todo": {"count": 0}, "disagreeCount": 0}, {"logView": true, "lang": "en", "createdAt": 1302133815, "agreeCount": 0, "likes": {"groups": [], "count": 0}, "id": "4d9cfc375c33a35d8493f7a0", "text": "Try the Japanese food. Yummy!", "type": "user", "user": {"gender": "male", "id": "4296943", "photo": {"prefix": "https://igx.4sqi.net/img/user/", "suffix": "/BP0KYR41CH0H0JC2.jpg"}, "firstName": "Kelvin", "lastName": "Ng"}, "canonicalUrl": "https://foursquare.com/item/4d9cfc375c33a35d8493f7a0", "todo": {"count": 0}, "disagreeCount": 0}, {"logView": true, "lang": "en", "createdAt": 1302133817, "agreeCount": 0, "likes": {"groups": [], "count": 0}, "id": "4d9cfc3948b6224b39b41a9f", "text": "Try the Japanese food. Yummy", "type": "user", "user": {"gender": "male", "id": "4296943", "photo": {"prefix": "https://igx.4sqi.net/img/user/", "suffix": "/BP0KYR41CH0H0JC2.jpg"}, "firstName": "Kelvin", "lastName": "Ng"}, "canonicalUrl": "https://foursquare.com/item/4d9cfc3948b6224b39b41a9f", "todo": {"count": 0}, "disagreeCount": 0}, {"logView": true, "lang": "en", "createdAt": 1286339829, "agreeCount": 0, "likes": {"groups": [], "count": 0}, "id": "4cabfcf536fa6dcb74fcda78", "text": "Chicken rice not bad...", "type": "user", "user": {"gender": "female", "id": "3012796", "photo": {"prefix": "https://igx.4sqi.net/img/user/", "suffix": "/EAMNRZYCQ3PHC1TG.jpg"}, "firstName": "Jesline", "lastName": "Tam"}, "canonicalUrl": "https://foursquare.com/item/4cabfcf536fa6dcb74fcda78", "todo": {"count": 0}, "disagreeCount": 0}, {"logView": true, "lang": "en", "createdAt": 1295415305, "agreeCount": 0, "likes": {"groups": [], "count": 0}, "id": "4d36780948098cfa2c174717", "text": "Sick of the food here!", "type": "user", "user": {"gender": "female", "id": "5506617", "photo": {"prefix": "https://igx.4sqi.net/img/user/", "suffix": "/VDNCEP0GSJENRZMV.jpg"}, "firstName": "Constance", "lastName": "Tan"}, "canonicalUrl": "https://foursquare.com/item/4d36780948098cfa2c174717", "todo": {"count": 0}, "disagreeCount": 0}, {"logView": true, "lang": "en", "createdAt": 1302133787, "agreeCount": 0, "likes": {"groups": [], "count": 0}, "id": "4d9cfc1b8efaa14310f95ab7", "text": "Mix rice is ex n don't taste nice.", "type": "user", "user": {"gender": "male", "id": "4296943", "photo": {"prefix": "https://igx.4sqi.net/img/user/", "suffix": "/BP0KYR41CH0H0JC2.jpg"}, "firstName": "Kelvin", "lastName": "Ng"}, "canonicalUrl": "https://foursquare.com/item/4d9cfc1b8efaa14310f95ab7", "todo": {"count": 0}, "disagreeCount": 0}, {"logView": true, "lang": "en", "createdAt": 1387172645, "agreeCount": 0, "likes": {"groups": [], "count": 0}, "id": "52ae932511d2b6a39a3086a7", "text": "Japanese food, CANNOT TRY! Meat dry, salmon dry too! Different from pictures!", "type": "user", "user": {"gender": "male", "id": "71148541", "photo": {"prefix": "https://igx.4sqi.net/img/user/", "suffix": "/71148541-DZZ2HEPGL2HJO1KV.jpg"}, "firstName": "Max", "lastName": "Lim"}, "canonicalUrl": "https://foursquare.com/item/52ae932511d2b6a39a3086a7", "todo": {"count": 0}, "disagreeCount": 0}], "count": 12}}}