{"meta": {"code": 200, "requestId": "595a50a64434b96be5bb6e83"}, "response": {"tips": {"items": [{"logView": true, "lang": "en", "createdAt": 1327848647, "agreeCount": 0, "likes": {"groups": [], "count": 0}, "id": "4f255cc7e4b006e5c312cf78", "text": "Who ever said that the Nasi Goreng Ikan Billis is nice has a set of faulty tastebud and is in need of culinary classes. The dish is filled with pepper and terrible cooking skills.", "type": "user", "user": {"gender": "male", "id": "271024", "photo": {"prefix": "https://igx.4sqi.net/img/user/", "suffix": "/X3SBT00THGFSPEYV.jpg"}, "firstName": "Michael", "lastName": "Feng"}, "canonicalUrl": "https://foursquare.com/item/4f255cc7e4b006e5c312cf78", "todo": {"count": 0}, "disagreeCount": 0}, {"logView": true, "lang": "en", "createdAt": 1296484436, "agreeCount": 0, "likes": {"groups": [{"items": [], "count": 1, "type": "others"}], "summary": "1 like", "count": 1}, "id": "4d46c854bbb1a1439b8c6072", "text": "teh very superb! Must try", "type": "user", "user": {"id": "4004981", "photo": {"prefix": "https://igx.4sqi.net/img/user/", "suffix": "/YBRZB0UBQJKUBYBM.jpg"}, "firstName": "Afilahbebs", "gender": "male"}, "canonicalUrl": "https://foursquare.com/item/4d46c854bbb1a1439b8c6072", "todo": {"count": 0}, "disagreeCount": 0}, {"logView": true, "lang": "id", "createdAt": 1290791574, "agreeCount": 0, "likes": {"groups": [], "count": 0}, "id": "4cefea964cd4236a0a4bb563", "text": "Nice Nasi Goreng Ikan Bilis!", "type": "user", "user": {"gender": "male", "id": "2758146", "photo": {"prefix": "https://igx.4sqi.net/img/user/", "suffix": "/XW11TPIAZ1QVBO3C.jpg"}, "firstName": "Simon", "lastName": "Tay"}, "canonicalUrl": "https://foursquare.com/item/4cefea964cd4236a0a4bb563", "todo": {"count": 0}, "disagreeCount": 0}, {"logView": true, "lang": "en", "createdAt": 1277605835, "agreeCount": 0, "likes": {"groups": [{"items": [], "count": 1, "type": "others"}], "summary": "1 like", "count": 1}, "id": "4c26b7cbf3859c7408716588", "text": "Try the Nasi Goreng Ikan Bilis", "type": "user", "user": {"gender": "male", "id": "59364", "photo": {"prefix": "https://igx.4sqi.net/img/user/", "suffix": "/59364_1259999760639.jpg"}, "firstName": "Vinoaj", "lastName": "Vijeyakumaar"}, "canonicalUrl": "https://foursquare.com/item/4c26b7cbf3859c7408716588", "todo": {"count": 0}, "disagreeCount": 0}], "count": 4}}}