{"meta": {"code": 200, "requestId": "595a56b19fb6b77b76b1bc2b"}, "response": {"tips": {"items": [{"logView": true, "lang": "en", "createdAt": 1397361090, "agreeCount": 0, "likes": {"groups": [], "count": 0}, "id": "534a09c2498e7b69ab0aa798", "text": "the chilli oil is heavenly.", "type": "user", "user": {"id": "5851833", "photo": {"prefix": "https://igx.4sqi.net/img/user/", "suffix": "/NXWWHPFLFSO24WMH.jpg"}, "firstName": "Ling", "gender": "female"}, "canonicalUrl": "https://foursquare.com/item/534a09c2498e7b69ab0aa798", "todo": {"count": 0}, "disagreeCount": 0}, {"authorInteractionType": "liked", "logView": true, "lang": "en", "createdAt": 1374468322, "agreeCount": 0, "likes": {"groups": [], "count": 0}, "id": "51ecb8e2498eff8af2fcd137", "text": "Dim sum is great here!!", "type": "user", "user": {"gender": "female", "id": "61154723", "photo": {"prefix": "https://igx.4sqi.net/img/user/", "suffix": "/14YLV0BQC5OUPYGG.jpg"}, "firstName": "Michelle", "lastName": "Tan"}, "canonicalUrl": "https://foursquare.com/item/51ecb8e2498eff8af2fcd137", "todo": {"count": 0}, "disagreeCount": 0}, {"logView": true, "lang": "en", "createdAt": 1290249669, "agreeCount": 0, "likes": {"groups": [], "count": 0}, "id": "4ce7a5c5baa6a1cd59f5286c", "text": "Peking duck is super!", "type": "user", "user": {"gender": "male", "id": "646081", "photo": {"prefix": "https://igx.4sqi.net/img/user/", "suffix": "/646081-HWS0KKG1ZHBCW2E0.jpg"}, "firstName": "Ted", "lastName": "Choo"}, "canonicalUrl": "https://foursquare.com/item/4ce7a5c5baa6a1cd59f5286c", "todo": {"count": 1}, "disagreeCount": 0}, {"logView": true, "lang": "en", "createdAt": 1290661851, "agreeCount": 0, "likes": {"groups": [{"items": [], "count": 1, "type": "others"}], "summary": "1 like", "count": 1}, "id": "4cedefdb7db3224b2457252e", "text": "Char Siew Roll taste really gooooooD", "type": "user", "user": {"gender": "male", "id": "2510458", "photo": {"prefix": "https://igx.4sqi.net/img/user/", "suffix": "/GWADH1PIS4RS3BG5.jpg"}, "firstName": "Benedict", "lastName": "Seet"}, "canonicalUrl": "https://foursquare.com/item/4cedefdb7db3224b2457252e", "todo": {"count": 2}, "disagreeCount": 0}, {"logView": true, "lang": "en", "createdAt": 1293510755, "agreeCount": 0, "likes": {"groups": [], "count": 0}, "id": "4d196863cc216ea8fa627dd3", "text": "They serve the best Char Siew Sou (baked BBQ pork pastry)", "type": "user", "user": {"gender": "female", "id": "1089680", "photo": {"prefix": "https://igx.4sqi.net/img/user/", "suffix": "/3BVEH0FAIRJEIXPL.jpg"}, "firstName": "CookieMonster", "lastName": "M"}, "canonicalUrl": "https://foursquare.com/item/4d196863cc216ea8fa627dd3", "todo": {"count": 0}, "disagreeCount": 0}, {"logView": true, "lang": "en", "createdAt": 1303455629, "agreeCount": 0, "likes": {"groups": [], "count": 0}, "id": "4db1278d0437a93f7f8277a7", "text": "See the bracket next to the custard buns on the dimsum menu? Check it. In fact, make it 2.", "type": "user", "user": {"gender": "female", "id": "4887167", "photo": {"prefix": "https://igx.4sqi.net/img/user/", "suffix": "/0MOKHYQYP3C345LW.jpg"}, "firstName": "Ching", "lastName": "Chieh"}, "canonicalUrl": "https://foursquare.com/item/4db1278d0437a93f7f8277a7", "todo": {"count": 0}, "disagreeCount": 0}, {"logView": true, "lang": "en", "photo": {"id": "569b8d42498e4c558bd69569", "visibility": "public", "source": {"name": "Foursquare for iOS", "url": "https://foursquare.com/download/#/iphone"}, "suffix": "/468816_EXZGlukEiG9Mcg3CKWcK4PDi9LHt7u8-77CEgT8LYsk.jpg", "createdAt": 1453034818, "prefix": "https://igx.4sqi.net/img/general/", "width": 1440, "height": 1920}, "createdAt": 1453034806, "todo": {"count": 0}, "agreeCount": 0, "likes": {"groups": [], "count": 0}, "id": "569b8d36498eed8e8d97d536", "text": "Peking duck was nice, esp with plum sauce. Fish was fresh n noodles were tasty. The coconut dessert was special. The \u8591\u6e6f\u6e6f\u5713 had a strong ginger taste, but with 2 dumplings only.", "disagreeCount": 0, "user": {"gender": "male", "id": "468816", "photo": {"prefix": "https://igx.4sqi.net/img/user/", "suffix": "/OFXTOB4LXB4BDDVD.jpg"}, "firstName": "Leo", "lastName": "Goh"}, "canonicalUrl": "https://foursquare.com/item/569b8d36498eed8e8d97d536", "type": "user", "photourl": "https://igx.4sqi.net/img/general/original/468816_EXZGlukEiG9Mcg3CKWcK4PDi9LHt7u8-77CEgT8LYsk.jpg"}, {"logView": true, "lang": "en", "photo": {"id": "53c60666498e665c219cfa59", "visibility": "public", "source": {"name": "Foursquare Web", "url": "https://foursquare.com"}, "suffix": "/45457172_SNDbga1PLmls3XK89Y87i38rMcNJu734FVcHCaUAsMU.jpg", "createdAt": 1405486694, "prefix": "https://igx.4sqi.net/img/general/", "width": 960, "height": 960}, "createdAt": 1405486690, "todo": {"count": 1}, "agreeCount": 0, "likes": {"groups": [], "count": 0}, "id": "53c60662498e402baab2a7ec", "text": "Every dish was decent, but nothing beats the peking duck!!! Just make sure to call in advance for the order.", "disagreeCount": 0, "user": {"gender": "female", "id": "45457172", "photo": {"prefix": "https://igx.4sqi.net/img/user/", "suffix": "/45457172-WWDASDPTBYTIUTIQ.jpg"}, "firstName": "Jisun", "lastName": "Yu"}, "canonicalUrl": "https://foursquare.com/item/53c60662498e402baab2a7ec", "type": "user", "photourl": "https://igx.4sqi.net/img/general/original/45457172_SNDbga1PLmls3XK89Y87i38rMcNJu734FVcHCaUAsMU.jpg"}, {"authorInteractionType": "liked", "logView": true, "lang": "en", "createdAt": 1486196881, "agreeCount": 0, "likes": {"groups": [], "count": 0}, "id": "5895909116f0002f448ec25c", "text": "Dim sum is nice", "type": "user", "user": {"gender": "male", "id": "387073320", "photo": {"prefix": "https://igx.4sqi.net/img/user/", "suffix": "/387073320-INNNYDFFAMKZHSF1.jpg"}, "firstName": "Ralph", "lastName": "Yang"}, "canonicalUrl": "https://foursquare.com/item/5895909116f0002f448ec25c", "todo": {"count": 0}, "disagreeCount": 0}, {"logView": true, "lang": "en", "createdAt": 1443425417, "agreeCount": 0, "likes": {"groups": [], "count": 0}, "id": "5608ec89498e0f622ee2ef17", "text": "One of the best places for Peking duck served three ways. Attentive service.", "type": "user", "user": {"gender": "female", "id": "62128531", "photo": {"prefix": "https://igx.4sqi.net/img/user/", "suffix": "/62128531-VKDFKMA2QVWDJCXZ.jpg"}, "firstName": "Lucille", "lastName": "Fisher"}, "canonicalUrl": "https://foursquare.com/item/5608ec89498e0f622ee2ef17", "todo": {"count": 0}, "disagreeCount": 0}, {"logView": true, "lang": "en", "createdAt": 1315293698, "agreeCount": 1, "likes": {"groups": [{"items": [{"gender": "female", "id": "29522970", "photo": {"prefix": "https://igx.4sqi.net/img/user/", "suffix": "/29522970-PZ53EKRF5MAG14JP.jpg"}, "firstName": "Inna", "lastName": "L"}], "count": 1, "type": "others"}], "summary": "1 like", "count": 1}, "id": "4e65ca02cc3f7bb3745768b1", "text": "Sweet meets savoury in dishes like double-boiled sea whelk with chicken, starfruit and pomelo ($20) and East meets West when deep-fried chicken is doused with a black-truffle sauce ($65).", "type": "user", "user": {"id": "8600365", "photo": {"prefix": "https://igx.4sqi.net/img/user/", "suffix": "/QUK2HJNZBYJPUI43.jpg"}, "firstName": "Time Out Singapore", "type": "page", "gender": "none"}, "canonicalUrl": "https://foursquare.com/item/4e65ca02cc3f7bb3745768b1", "todo": {"count": 3}, "disagreeCount": 0}, {"logView": true, "lang": "en", "createdAt": 1293552360, "agreeCount": 0, "likes": {"groups": [{"items": [], "count": 2, "type": "others"}], "summary": "2 likes", "count": 2}, "id": "4d1a0ae8bb488cfa4ef7c1d4", "text": "The service and food is so bad!! I won't recommend to go there again.. So atas high end restaurant but not worth it!!", "type": "user", "user": {"gender": "male", "id": "2813321", "photo": {"prefix": "https://igx.4sqi.net/img/user/", "suffix": "/2U12KDH5HPVCZVVH.jpg"}, "firstName": "Jimmy", "lastName": "Law"}, "canonicalUrl": "https://foursquare.com/item/4d1a0ae8bb488cfa4ef7c1d4", "todo": {"count": 1}, "disagreeCount": 0}, {"authorInteractionType": "meh", "logView": true, "lang": "en", "createdAt": 1418114965, "agreeCount": 0, "likes": {"groups": [], "count": 0}, "id": "5486b795498ef75fbd4489f8", "text": "Siew mai, cha siew bao, roast duck and pork. Perfect!!!", "type": "user", "user": {"gender": "female", "id": "101347231", "photo": {"prefix": "https://igx.4sqi.net/img/user/", "suffix": "/101347231-SRDMHIJ4VGW2P4I0.jpg"}, "firstName": "Lina", "lastName": "A."}, "canonicalUrl": "https://foursquare.com/item/5486b795498ef75fbd4489f8", "todo": {"count": 0}, "disagreeCount": 0}, {"todo": {"count": 0}, "logView": true, "lang": "en", "createdAt": 1417086717, "editedAt": 1417087949, "agreeCount": 0, "likes": {"groups": [], "count": 0}, "id": "547706fd498e3edb88fd8ecd", "text": "Singapore's favourite. Nothing more for me to say.....except that I like the xiaolongbao, lamian and roast duck here.", "disagreeCount": 0, "user": {"gender": "male", "id": "102126017", "photo": {"prefix": "https://igx.4sqi.net/img/user/", "suffix": "/102126017-2J2AAEQLAD3YDJJ3.jpg"}, "firstName": "Choo Yao Chuen", "lastName": "Yao Chuen"}, "canonicalUrl": "https://foursquare.com/item/547706fd498e3edb88fd8ecd", "type": "user"}, {"logView": true, "lang": "en", "createdAt": 1278615117, "agreeCount": 0, "likes": {"groups": [{"items": [], "count": 2, "type": "others"}], "summary": "2 likes", "count": 2}, "id": "4c361e4dae2da5930aa1fcc5", "text": "Best xiao long baos!", "type": "user", "user": {"gender": "female", "id": "1209667", "photo": {"prefix": "https://igx.4sqi.net/img/user/", "suffix": "/NUZGXZ0NHCYVCWYO.jpg"}, "firstName": "Shuk", "lastName": "Hsu"}, "canonicalUrl": "https://foursquare.com/item/4c361e4dae2da5930aa1fcc5", "todo": {"count": 0}, "disagreeCount": 0}, {"logView": true, "lang": "en", "createdAt": 1325985584, "agreeCount": 0, "likes": {"groups": [{"items": [], "count": 1, "type": "others"}], "summary": "1 like", "count": 1}, "id": "4f08ef30e4b0e624d7b0482c", "text": "Love the dim sum!", "type": "user", "user": {"gender": "male", "id": "16956093", "photo": {"prefix": "https://igx.4sqi.net/img/user/", "suffix": "/DU34UNACBHQRR1WM.jpg"}, "firstName": "Jonathan", "lastName": "Yan"}, "canonicalUrl": "https://foursquare.com/item/4f08ef30e4b0e624d7b0482c", "todo": {"count": 0}, "disagreeCount": 0}, {"logView": true, "lang": "en", "createdAt": 1412419529, "agreeCount": 0, "likes": {"groups": [], "count": 0}, "id": "542fcfc9498e331724d4b3df", "text": "The roast pork is A MUST.", "type": "user", "user": {"gender": "male", "id": "1651973", "photo": {"prefix": "https://igx.4sqi.net/img/user/", "suffix": "/TK0ZNBTTKXX153UV.jpg"}, "firstName": "Nicolas", "lastName": "Chan"}, "canonicalUrl": "https://foursquare.com/item/542fcfc9498e331724d4b3df", "todo": {"count": 0}, "disagreeCount": 0}, {"logView": true, "lang": "en", "createdAt": 1376023840, "agreeCount": 0, "likes": {"groups": [], "count": 0}, "id": "52047520498e00b7a573bba1", "text": "One of my fav dim sum places.", "type": "user", "user": {"gender": "female", "id": "2128329", "photo": {"prefix": "https://igx.4sqi.net/img/user/", "suffix": "/HIQAZOPFIYYCUC5O.jpg"}, "firstName": "Bee", "lastName": "C"}, "canonicalUrl": "https://foursquare.com/item/52047520498e00b7a573bba1", "todo": {"count": 0}, "disagreeCount": 0}, {"authorInteractionType": "liked", "logView": true, "lang": "en", "createdAt": 1476374980, "agreeCount": 0, "likes": {"groups": [], "count": 0}, "id": "57ffb1c4498ef9b228fa1805", "text": "Dim sum's really good (I especially loved the BBQ pork buns/char siu bao)", "type": "user", "user": {"id": "352929735", "photo": {"prefix": "https://igx.4sqi.net/img/user/", "default": true, "suffix": "/blank_girl.png"}, "firstName": "Arabella", "gender": "female"}, "canonicalUrl": "https://foursquare.com/item/57ffb1c4498ef9b228fa1805", "todo": {"count": 0}, "disagreeCount": 0}, {"logView": true, "lang": "en", "createdAt": 1368237215, "agreeCount": 0, "likes": {"groups": [], "count": 0}, "id": "518da49f498e15ff86e2ae9a", "text": "Recommended restaurant for lunch or dinner. Chicken and pork were superb!", "type": "user", "user": {"gender": "female", "id": "13116983", "photo": {"prefix": "https://igx.4sqi.net/img/user/", "suffix": "/5V2SSHMD044E2GY2.jpg"}, "firstName": "Tjia Lin", "lastName": "Astuti"}, "canonicalUrl": "https://foursquare.com/item/518da49f498e15ff86e2ae9a", "todo": {"count": 0}, "disagreeCount": 0}, {"logView": true, "lang": "en", "createdAt": 1368237048, "agreeCount": 0, "likes": {"groups": [], "count": 0}, "id": "518da3f8498eae0e52427daf", "text": "Best cuisine @ Paragon.", "type": "user", "user": {"gender": "female", "id": "13116983", "photo": {"prefix": "https://igx.4sqi.net/img/user/", "suffix": "/5V2SSHMD044E2GY2.jpg"}, "firstName": "Tjia Lin", "lastName": "Astuti"}, "canonicalUrl": "https://foursquare.com/item/518da3f8498eae0e52427daf", "todo": {"count": 0}, "disagreeCount": 0}, {"logView": true, "lang": "en", "createdAt": 1270186026, "agreeCount": 0, "likes": {"groups": [{"items": [], "count": 1, "type": "others"}], "summary": "1 like", "count": 1}, "id": "4bb5802a70c603bb447a96b4", "text": "Prawns with salted egg yolk. Best! Cholestorol hell. But you'll be in heaven. Lemon tea is horrible.", "type": "user", "user": {"gender": "male", "id": "512602", "photo": {"prefix": "https://igx.4sqi.net/img/user/", "suffix": "/TTI5NJMFRQSDZVYM.jpg"}, "firstName": "Martin", "lastName": "Loo"}, "canonicalUrl": "https://foursquare.com/item/4bb5802a70c603bb447a96b4", "todo": {"count": 0}, "disagreeCount": 0}, {"logView": true, "lang": "en", "photo": {"id": "54965da1498e5f2d2749a089", "visibility": "public", "source": {"name": "Foursquare for Android", "url": "https://foursquare.com/download/#/android"}, "suffix": "/8005622_aheWZaUM9BxiV8t2RJEKpQ9XDyWrlKtz6ikWVlNPs_k.jpg", "createdAt": 1419140513, "prefix": "https://igx.4sqi.net/img/general/", "width": 3920, "height": 2204}, "createdAt": 1419140486, "todo": {"count": 0}, "agreeCount": 0, "likes": {"groups": [], "count": 0}, "id": "54965d86498ec94b657bfba5", "text": "Love this pomfret fillet congee <3", "disagreeCount": 0, "user": {"gender": "female", "id": "8005622", "photo": {"prefix": "https://igx.4sqi.net/img/user/", "suffix": "/8005622-JNWUUTHQPS52XUHG.jpg"}, "firstName": "Morgan", "lastName": "Lefay"}, "canonicalUrl": "https://foursquare.com/item/54965d86498ec94b657bfba5", "type": "user", "photourl": "https://igx.4sqi.net/img/general/original/8005622_aheWZaUM9BxiV8t2RJEKpQ9XDyWrlKtz6ikWVlNPs_k.jpg"}, {"logView": true, "lang": "en", "createdAt": 1299667008, "agreeCount": 0, "likes": {"groups": [{"items": [], "count": 1, "type": "others"}], "summary": "1 like", "count": 1}, "id": "4d7758403915721ea5b7fe82", "text": "Don't leave until you tried the Peking duck.", "type": "user", "user": {"gender": "male", "id": "789920", "photo": {"prefix": "https://igx.4sqi.net/img/user/", "suffix": "/LA1VLWHGQYEMSZWL.jpg"}, "firstName": "Jonathan Walter", "lastName": "Rao"}, "canonicalUrl": "https://foursquare.com/item/4d7758403915721ea5b7fe82", "todo": {"count": 0}, "disagreeCount": 0}, {"logView": true, "lang": "en", "photo": {"id": "579179a4498e31ddea0aa927", "visibility": "public", "source": {"name": "Foursquare Web", "url": "https://foursquare.com"}, "suffix": "/234324_qbm3XeALMF3Ew1kiuszukSJTIUoVIRJ2SN_k2Pd9uKg.jpg", "createdAt": 1469151652, "prefix": "https://igx.4sqi.net/img/general/", "width": 1150, "height": 1150}, "createdAt": 1469151648, "todo": {"count": 0}, "agreeCount": 2, "likes": {"groups": [], "count": 0}, "id": "579179a0498e0eef228b1606", "text": "Crystal Jade Golden Palace was awarded a Michelin Star in The Michelin Guide Singapore 2016.", "disagreeCount": 0, "user": {"gender": "male", "id": "234324", "photo": {"prefix": "https://igx.4sqi.net/img/user/", "suffix": "/FIH1ERWONCZI4K3D.jpg"}, "firstName": "gerard", "lastName": "t"}, "canonicalUrl": "https://foursquare.com/item/579179a0498e0eef228b1606", "type": "user", "photourl": "https://igx.4sqi.net/img/general/original/234324_qbm3XeALMF3Ew1kiuszukSJTIUoVIRJ2SN_k2Pd9uKg.jpg"}, {"logView": true, "lang": "en", "createdAt": 1345268370, "agreeCount": 0, "likes": {"groups": [], "count": 0}, "id": "502f2a92e4b0c65b4aac7245", "text": "Carrot cake w xo not that bad. Teochew fish porridge must get the one w scallops n the liu sa bao not bad either. Char siew pau decent. But all cannot compare to MBS Imperial treasure", "type": "user", "user": {"gender": "male", "id": "1065156", "photo": {"prefix": "https://igx.4sqi.net/img/user/", "suffix": "/WVSC3CADRLJH1U5K.png"}, "firstName": "Benson", "lastName": "Toh"}, "canonicalUrl": "https://foursquare.com/item/502f2a92e4b0c65b4aac7245", "todo": {"count": 0}, "disagreeCount": 0}, {"logView": true, "lang": "en", "createdAt": 1385677567, "agreeCount": 0, "likes": {"groups": [], "count": 0}, "id": "5297c2ff498e42dd7c75baeb", "text": "Dim Sum available only for lunch.", "type": "user", "user": {"gender": "male", "id": "42351888", "photo": {"prefix": "https://igx.4sqi.net/img/user/", "suffix": "/B2VZFQS3HF2Z5R5S.jpg"}, "firstName": "Amit", "lastName": "Saberwal"}, "canonicalUrl": "https://foursquare.com/item/5297c2ff498e42dd7c75baeb", "todo": {"count": 0}, "disagreeCount": 0}, {"logView": true, "lang": "en", "createdAt": 1300027091, "agreeCount": 0, "likes": {"groups": [], "count": 0}, "id": "4d7cd6d3da568cfac1716dff", "text": "Try the roast pork!!!!", "type": "user", "user": {"gender": "female", "id": "7388588", "photo": {"prefix": "https://igx.4sqi.net/img/user/", "suffix": "/JRMWU1SQDGU01MH2.jpg"}, "firstName": "Tricia", "lastName": "Ho"}, "canonicalUrl": "https://foursquare.com/item/4d7cd6d3da568cfac1716dff", "todo": {"count": 0}, "disagreeCount": 0}, {"authorInteractionType": "disliked", "logView": true, "lang": "en", "createdAt": 1497747066, "agreeCount": 0, "likes": {"groups": [], "count": 0}, "id": "5945ce7ab9ac381d0968a768", "text": "The food is ordinary, the waitress is friendly.", "type": "user", "user": {"gender": "male", "id": "46571461", "photo": {"prefix": "https://igx.4sqi.net/img/user/", "suffix": "/46571461_62ZT0NI7_SjV2xV5V8eBXZ_v8vZWfFjVfwh9WETs-1VNjMct8YvPOr5PPdNjMHT9OaD6MlTfm.jpg"}, "firstName": "IDWN ARTHA", "lastName": "WIJAYA B"}, "canonicalUrl": "https://foursquare.com/item/5945ce7ab9ac381d0968a768", "todo": {"count": 0}, "disagreeCount": 0}, {"logView": true, "lang": "en", "createdAt": 1304751856, "agreeCount": 0, "likes": {"groups": [], "count": 0}, "id": "4dc4eef0fa76d685cdd3f3e1", "text": "<3  roast pork!", "type": "user", "user": {"id": "5419816", "photo": {"prefix": "https://igx.4sqi.net/img/user/", "suffix": "/OTQTGB53SDSN3S31.jpg"}, "firstName": "Evelyn", "gender": "female"}, "canonicalUrl": "https://foursquare.com/item/4dc4eef0fa76d685cdd3f3e1", "todo": {"count": 0}, "disagreeCount": 0}, {"logView": true, "lang": "en", "createdAt": 1293774279, "agreeCount": 0, "likes": {"groups": [], "count": 0}, "id": "4d1d6dc76e8c37047db4dc9f", "text": "This place taste like ur fase", "type": "user", "user": {"gender": "male", "id": "3923967", "photo": {"prefix": "https://igx.4sqi.net/img/user/", "suffix": "/PHZFZOQJODEAKMJL.jpg"}, "firstName": "Kevin", "lastName": "Cheo"}, "canonicalUrl": "https://foursquare.com/item/4d1d6dc76e8c37047db4dc9f", "todo": {"count": 0}, "disagreeCount": 0}, {"logView": true, "lang": "en", "createdAt": 1365950353, "agreeCount": 0, "likes": {"groups": [], "count": 0}, "id": "516abf91498ee0be1ebeadb9", "text": "Great Peking duck & special short grain rice ..", "type": "user", "user": {"id": "1660746", "photo": {"prefix": "https://igx.4sqi.net/img/user/", "suffix": "/004LSI0L5QDTGCL1.jpg"}, "firstName": "Lyndon", "gender": "male"}, "canonicalUrl": "https://foursquare.com/item/516abf91498ee0be1ebeadb9", "todo": {"count": 0}, "disagreeCount": 0}, {"logView": true, "lang": "en", "createdAt": 1394274440, "agreeCount": 0, "likes": {"groups": [], "count": 0}, "id": "531af08811d2d3eb445ca6d7", "text": "Frog and century egg porridge here is pretty good.", "type": "user", "user": {"gender": "male", "id": "386373", "photo": {"prefix": "https://igx.4sqi.net/img/user/", "suffix": "/QQEOIVMXEKODRAB5.jpg"}, "firstName": "Weng", "lastName": "Koh"}, "canonicalUrl": "https://foursquare.com/item/531af08811d2d3eb445ca6d7", "todo": {"count": 0}, "disagreeCount": 0}, {"authorInteractionType": "meh", "logView": true, "lang": "en", "createdAt": 1438784768, "agreeCount": 0, "likes": {"groups": [], "count": 0}, "id": "55c21d00498e2535c6345a94", "text": "Definitely style over substance.", "type": "user", "user": {"gender": "male", "id": "52814316", "photo": {"prefix": "https://igx.4sqi.net/img/user/", "suffix": "/52814316-RAUJWNGOZYE4ZM4R"}, "firstName": "Jack", "lastName": "Sung"}, "canonicalUrl": "https://foursquare.com/item/55c21d00498e2535c6345a94", "todo": {"count": 0}, "disagreeCount": 0}, {"logView": true, "lang": "en", "createdAt": 1388058985, "agreeCount": 0, "likes": {"groups": [], "count": 0}, "id": "52bc1969498efbcf270eb818", "text": "The roast pork (\u70e7\u8089\uff09is good! Crispy skin and tender meat.", "type": "user", "user": {"gender": "female", "id": "4446395", "photo": {"prefix": "https://igx.4sqi.net/img/user/", "suffix": "/L1WD4I0JJJ45AYWH.jpg"}, "firstName": "Selene", "lastName": "Goh"}, "canonicalUrl": "https://foursquare.com/item/52bc1969498efbcf270eb818", "todo": {"count": 0}, "disagreeCount": 0}, {"logView": true, "lang": "en", "createdAt": 1406086509, "agreeCount": 0, "likes": {"groups": [], "count": 0}, "id": "53cf2d6d11d25c13e2f0dea9", "text": "Really nice Chinese food", "type": "user", "user": {"gender": "male", "id": "12040522", "photo": {"prefix": "https://igx.4sqi.net/img/user/", "suffix": "/S5GDPRWAVZSE5NO4.jpg"}, "firstName": "Lingga", "lastName": "Wang"}, "canonicalUrl": "https://foursquare.com/item/53cf2d6d11d25c13e2f0dea9", "todo": {"count": 0}, "disagreeCount": 0}, {"logView": true, "lang": "en", "createdAt": 1265893877, "agreeCount": 0, "likes": {"groups": [], "count": 0}, "id": "4b7401f570c603bba1ff91b4", "text": "Great Food and Ambience..", "type": "user", "user": {"id": "370440", "photo": {"prefix": "https://igx.4sqi.net/img/user/", "suffix": "/RDKEWT11BYJGD0QU.jpg"}, "firstName": "Androidpod", "gender": "none"}, "canonicalUrl": "https://foursquare.com/item/4b7401f570c603bba1ff91b4", "todo": {"count": 0}, "disagreeCount": 0}, {"logView": true, "lang": "en", "createdAt": 1385677426, "agreeCount": 0, "likes": {"groups": [], "count": 0}, "id": "5297c27211d2904f1dfb533c", "text": "The braised beef with mushrooms was phenomenal. The meat- was succulent and juicy - loved it.", "type": "user", "user": {"gender": "male", "id": "42351888", "photo": {"prefix": "https://igx.4sqi.net/img/user/", "suffix": "/B2VZFQS3HF2Z5R5S.jpg"}, "firstName": "Amit", "lastName": "Saberwal"}, "canonicalUrl": "https://foursquare.com/item/5297c27211d2904f1dfb533c", "todo": {"count": 0}, "disagreeCount": 0}, {"logView": true, "lang": "en", "photo": {"id": "520939e38bbda91885a07ece", "visibility": "public", "source": {"name": "Foursquare Web", "url": "https://foursquare.com"}, "suffix": "/1584594_GWVxDP1mj3F7UFIDRJjBBt57-8v1HHLdJJHEswxjukE.jpg", "createdAt": 1376336355, "prefix": "https://igx.4sqi.net/img/general/", "width": 1102, "height": 755}, "createdAt": 1376336335, "todo": {"count": 0}, "agreeCount": 0, "likes": {"groups": [], "count": 0}, "id": "520939cf11d295a40e194cf5", "text": "sweet and sour pork r delicious", "disagreeCount": 0, "user": {"gender": "female", "id": "1584594", "photo": {"prefix": "https://igx.4sqi.net/img/user/", "suffix": "/S3YTHOBWVNVLAVIV.jpg"}, "firstName": "Amanda", "lastName": "Kohar"}, "canonicalUrl": "https://foursquare.com/item/520939cf11d295a40e194cf5", "type": "user", "photourl": "https://igx.4sqi.net/img/general/original/1584594_GWVxDP1mj3F7UFIDRJjBBt57-8v1HHLdJJHEswxjukE.jpg"}, {"logView": true, "lang": "en", "createdAt": 1307704435, "agreeCount": 0, "likes": {"groups": [], "count": 0}, "id": "4df1fc7388772e1f814d52ba", "text": "Environment is nice, quiet, light in comfortable volume. The buffer package is small dishes but many chooses.. Including abalone, rice, vege, duck, dessert.. etc..", "type": "user", "user": {"id": "8046888", "photo": {"prefix": "https://igx.4sqi.net/img/user/", "suffix": "/FQVWDFRJNV0HDYCJ.jpg"}, "firstName": "Ayco Jacinta", "gender": "female"}, "canonicalUrl": "https://foursquare.com/item/4df1fc7388772e1f814d52ba", "todo": {"count": 0}, "disagreeCount": 0}, {"logView": true, "lang": "en", "createdAt": 1411787603, "agreeCount": 0, "likes": {"groups": [], "count": 0}, "id": "54262b53498eb5d35291aa1d", "text": "Best dim sum IMHO", "type": "user", "user": {"gender": "female", "id": "658101", "photo": {"prefix": "https://igx.4sqi.net/img/user/", "suffix": "/658101-MH4CHKVOJVHU3OTI"}, "firstName": "Pauline", "lastName": "Yoong"}, "canonicalUrl": "https://foursquare.com/item/54262b53498eb5d35291aa1d", "todo": {"count": 0}, "disagreeCount": 0}, {"authorInteractionType": "liked", "logView": true, "lang": "en", "photo": {"id": "581437d838fab433a802896d", "visibility": "public", "source": {"name": "Foursquare for iOS", "url": "https://foursquare.com/download/#/iphone"}, "suffix": "/55390456_Cn7JoURfhKbQHws0qEcLNu1ShQ_T40fAaB5MX06qcg0.jpg", "createdAt": 1477720024, "prefix": "https://igx.4sqi.net/img/general/", "width": 1440, "height": 1920}, "createdAt": 1477720021, "todo": {"count": 0}, "agreeCount": 0, "likes": {"groups": [], "count": 0}, "id": "581437d538fa033f9915c4c2", "text": "Great example of dimsum that is tasty yet not salty. Everything we tried were good. No doubt these delicately made morsels of yums are rated as one of the best in Singapore! Well deserved star.", "disagreeCount": 0, "user": {"id": "55390456", "photo": {"prefix": "https://igx.4sqi.net/img/user/", "suffix": "/55390456_xjGWfjYZ_UAMBNliBjCxql6WleMj7JVZzY9y3t2_6WtR-3ecn7WlfLcMpWqn7tIYj_11T_fb-.jpg"}, "firstName": "Ting", "gender": "female"}, "canonicalUrl": "https://foursquare.com/item/581437d538fa033f9915c4c2", "type": "user", "photourl": "https://igx.4sqi.net/img/general/original/55390456_Cn7JoURfhKbQHws0qEcLNu1ShQ_T40fAaB5MX06qcg0.jpg"}], "count": 42}}}