{"meta": {"code": 200, "requestId": "595a54d8351e3d64b1810ca8"}, "response": {"tips": {"items": [{"logView": true, "lang": "en", "createdAt": 1271503857, "agreeCount": 1, "likes": {"groups": [{"items": [{"id": "34831888", "photo": {"prefix": "https://igx.4sqi.net/img/user/", "suffix": "/34831888_j-pVv5D8_iIZAzbEaWT4AjAXR7wvhLV5-AiGZRhs9Q-dLthckTZwZ8Px6lLacVPtipszTO0Ml.jpg"}, "firstName": "\u5218 \u6587 \u6210", "gender": "male"}], "count": 1, "type": "others"}], "summary": "1 like", "count": 1}, "id": "4bc99bf170c603bbea2898b4", "text": "Located inside the foodcourt, it's menu is exactly the same as it's larger branches. It's fried yam cake with duck is awesome!", "type": "user", "user": {"gender": "male", "id": "251135", "photo": {"prefix": "https://igx.4sqi.net/img/user/", "suffix": "/251135-C400DRZJAO3Q1BIA.jpg"}, "firstName": "M", "lastName": "Ling"}, "canonicalUrl": "https://foursquare.com/item/4bc99bf170c603bbea2898b4", "todo": {"count": 1}, "disagreeCount": 0}, {"authorInteractionType": "liked", "logView": true, "lang": "en", "createdAt": 1475337246, "agreeCount": 0, "likes": {"groups": [], "count": 0}, "id": "57efdc1e498e5ca04ba99818", "text": "Bee Hoon, Vegetable with Century Egg, Cockles, Fried Tenggiri, Angle gourd. Everything was very good.", "type": "user", "user": {"gender": "male", "id": "13335165", "photo": {"prefix": "https://igx.4sqi.net/img/user/", "suffix": "/EK302NQYV1KWE0K0.jpg"}, "firstName": "Vin", "lastName": "Prasad"}, "canonicalUrl": "https://foursquare.com/item/57efdc1e498e5ca04ba99818", "todo": {"count": 0}, "disagreeCount": 0}, {"authorInteractionType": "liked", "logView": true, "lang": "en", "photo": {"id": "5782035e498edde586463a28", "visibility": "public", "source": {"name": "Foursquare for iOS", "url": "https://foursquare.com/download/#/iphone"}, "suffix": "/87874967_GBBw8tlEi9btVH7hAN2WoL29aynO8j7Dove8Joq1htk.jpg", "createdAt": 1468138334, "prefix": "https://igx.4sqi.net/img/general/", "width": 1920, "height": 1440}, "createdAt": 1468138332, "todo": {"count": 0}, "agreeCount": 0, "likes": {"groups": [], "count": 0}, "id": "5782035c498e75cfe021174e", "text": "Their sweet and sour pork with lychee is yummy !", "disagreeCount": 0, "user": {"gender": "male", "id": "87874967", "photo": {"prefix": "https://igx.4sqi.net/img/user/", "suffix": "/87874967-WTTBAWJNPIBVTZD4.jpg"}, "firstName": "Ivan", "lastName": "N"}, "canonicalUrl": "https://foursquare.com/item/5782035c498e75cfe021174e", "type": "user", "photourl": "https://igx.4sqi.net/img/general/original/87874967_GBBw8tlEi9btVH7hAN2WoL29aynO8j7Dove8Joq1htk.jpg"}, {"authorInteractionType": "meh", "logView": true, "lang": "en", "createdAt": 1362979203, "agreeCount": 0, "likes": {"groups": [], "count": 0}, "id": "513d6983e4b090bbbd592961", "text": "New Putien Restaurant at Vivocity were open on Saturday, 16 March 2013", "type": "user", "user": {"gender": "male", "id": "3954011", "photo": {"prefix": "https://igx.4sqi.net/img/user/", "suffix": "/3954011-YUIMSTRPOPD2ITIN.jpg"}, "firstName": "\u9673\u6770\u502b", "lastName": "(\u30b8\u30a7\u30a4\u30fb\u30c1\u30a7\u30f3)"}, "canonicalUrl": "https://foursquare.com/item/513d6983e4b090bbbd592961", "todo": {"count": 0}, "disagreeCount": 0}, {"authorInteractionType": "liked", "logView": true, "lang": "en", "createdAt": 1458114471, "agreeCount": 0, "likes": {"groups": [], "count": 0}, "id": "56e90fa7498e1d56ca1e0483", "text": "Chilli concoction \ud83d\ude3b", "type": "user", "user": {"id": "727343", "photo": {"prefix": "https://igx.4sqi.net/img/user/", "suffix": "/EVWQFM3AHWJSPXNO.jpg"}, "firstName": "Edd", "gender": "male"}, "canonicalUrl": "https://foursquare.com/item/56e90fa7498e1d56ca1e0483", "todo": {"count": 0}, "disagreeCount": 0}, {"logView": true, "lang": "en", "createdAt": 1323689474, "agreeCount": 2, "likes": {"groups": [{"items": [{"id": "34831888", "photo": {"prefix": "https://igx.4sqi.net/img/user/", "suffix": "/34831888_j-pVv5D8_iIZAzbEaWT4AjAXR7wvhLV5-AiGZRhs9Q-dLthckTZwZ8Px6lLacVPtipszTO0Ml.jpg"}, "firstName": "\u5218 \u6587 \u6210", "gender": "male"}, {"gender": "male", "id": "40033180", "photo": {"prefix": "https://igx.4sqi.net/img/user/", "suffix": "/4GXAHN4F4VGEFGLB.jpg"}, "firstName": "KT", "lastName": "Ling"}], "count": 2, "type": "others"}], "summary": "2 likes", "count": 2}, "id": "4ee5e6029adf398200d2cb41", "text": "If you can't get a seat elsewhere... Food is not bad either...", "type": "user", "user": {"gender": "male", "id": "4369616", "photo": {"prefix": "https://igx.4sqi.net/img/user/", "suffix": "/YTWOE5GAITD3V14F.jpg"}, "firstName": "Jin", "lastName": "Ooi"}, "canonicalUrl": "https://foursquare.com/item/4ee5e6029adf398200d2cb41", "todo": {"count": 1}, "disagreeCount": 0}, {"authorInteractionType": "liked", "logView": true, "lang": "en", "createdAt": 1420275609, "agreeCount": 0, "likes": {"groups": [], "count": 0}, "id": "54a7af99498e71a1c9b9cae3", "text": "Loh mee is the best", "type": "user", "user": {"gender": "female", "id": "61118856", "photo": {"prefix": "https://igx.4sqi.net/img/user/", "suffix": "/61118856-QFVMTOCVLWOTEI4O.jpg"}, "firstName": "Jonny", "lastName": "Sow"}, "canonicalUrl": "https://foursquare.com/item/54a7af99498e71a1c9b9cae3", "todo": {"count": 0}, "disagreeCount": 0}, {"logView": true, "lang": "en", "createdAt": 1322658267, "agreeCount": 0, "likes": {"groups": [], "count": 0}, "id": "4ed629db0e61cbb9396a4904", "text": "Stick to the large pot soup. tastier than the individual serving soup.", "type": "user", "user": {"gender": "female", "id": "11755606", "photo": {"prefix": "https://igx.4sqi.net/img/user/", "suffix": "/E2DT2XGARVK5VKMM.jpg"}, "firstName": "Stacy", "lastName": "Seah"}, "canonicalUrl": "https://foursquare.com/item/4ed629db0e61cbb9396a4904", "todo": {"count": 0}, "disagreeCount": 0}, {"logView": true, "lang": "zh", "createdAt": 1294749780, "agreeCount": 0, "likes": {"groups": [], "count": 0}, "id": "4d2c5054849f3704dc8a9941", "text": "\u51b0\u93ae\u82e6\u74dc and \u8208\u5316\u7c73\u7c89 are good... Must try!!!", "type": "user", "user": {"gender": "female", "id": "305362", "photo": {"prefix": "https://igx.4sqi.net/img/user/", "suffix": "/AEKDKEK42FZSQZYE.jpg"}, "firstName": "Chloe", "lastName": "Leow"}, "canonicalUrl": "https://foursquare.com/item/4d2c5054849f3704dc8a9941", "todo": {"count": 0}, "disagreeCount": 0}, {"logView": true, "lang": "en", "createdAt": 1300108409, "agreeCount": 0, "likes": {"groups": [], "count": 0}, "id": "4d7e1479dd4a6ea875a36225", "text": "Fried egg plant, yam stuffed with duck and lor mee are must-trys. Very yummy !", "type": "user", "user": {"gender": "female", "id": "4621745", "photo": {"prefix": "https://igx.4sqi.net/img/user/", "default": true, "suffix": "/blank_girl.png"}, "firstName": "pin", "lastName": "lee"}, "canonicalUrl": "https://foursquare.com/item/4d7e1479dd4a6ea875a36225", "todo": {"count": 0}, "disagreeCount": 0}, {"logView": true, "lang": "en", "createdAt": 1311406510, "todo": {"count": 1}, "agreeCount": 1, "likes": {"groups": [{"items": [{"id": "34831888", "photo": {"prefix": "https://igx.4sqi.net/img/user/", "suffix": "/34831888_j-pVv5D8_iIZAzbEaWT4AjAXR7wvhLV5-AiGZRhs9Q-dLthckTZwZ8Px6lLacVPtipszTO0Ml.jpg"}, "firstName": "\u5218 \u6587 \u6210", "gender": "male"}], "count": 1, "type": "others"}], "summary": "1 like", "count": 1}, "id": "4e2a79aecc3f93e196e48e44", "text": "Try the organic Momotaro tomato, century egg, and lor mee with thick noodles and 12 ingredients ranging from seafood to vegetables. See photos and full review on Sparklette at http://sparklette.net/fo", "entities": [{"indices": [176, 200], "type": "url", "object": {"url": "http://sparklette.net/fo"}}], "disagreeCount": 0, "url": "http://sparklette.net/food/putien-restaurant/", "user": {"id": "286427", "photo": {"prefix": "https://igx.4sqi.net/img/user/", "suffix": "/BQODELOYU34CMCTJ.jpg"}, "firstName": "Veron @ Sparklette.net", "gender": "female"}, "canonicalUrl": "https://foursquare.com/item/4e2a79aecc3f93e196e48e44", "type": "user"}, {"authorInteractionType": "liked", "logView": true, "lang": "en", "createdAt": 1443954835, "agreeCount": 0, "likes": {"groups": [], "count": 0}, "id": "56110093498e60f5289688df", "text": "Fried yam, bamboo prawn soup. And a delicious house chilli sauce that you can buy in jars at the entrance!", "type": "user", "user": {"gender": "female", "id": "75913725", "photo": {"prefix": "https://igx.4sqi.net/img/user/", "suffix": "/75913725-JIHDFYQCVEJLKDUS.jpg"}, "firstName": "Yiling", "lastName": "Ding"}, "canonicalUrl": "https://foursquare.com/item/56110093498e60f5289688df", "todo": {"count": 0}, "disagreeCount": 0}, {"logView": true, "lang": "en", "createdAt": 1342506325, "agreeCount": 3, "likes": {"groups": [{"items": [{"id": "34831888", "photo": {"prefix": "https://igx.4sqi.net/img/user/", "suffix": "/34831888_j-pVv5D8_iIZAzbEaWT4AjAXR7wvhLV5-AiGZRhs9Q-dLthckTZwZ8Px6lLacVPtipszTO0Ml.jpg"}, "firstName": "\u5218 \u6587 \u6210", "gender": "male"}, {"gender": "female", "id": "10889001", "photo": {"prefix": "https://igx.4sqi.net/img/user/", "suffix": "/BOKQUQDLQLI5XSZC.png"}, "firstName": "Keilya", "lastName": "Jan"}, {"gender": "male", "id": "54838402", "photo": {"prefix": "https://igx.4sqi.net/img/user/", "suffix": "/QU3B2PMRLQ3AJ1WA.jpg"}, "firstName": "Terence", "lastName": "Tan"}], "count": 3, "type": "others"}], "summary": "3 likes", "count": 3}, "id": "50050555e4b08293c27ad8c6", "text": "Fried pig trotter and fried hinghwa beehoon is the must try", "type": "user", "user": {"gender": "female", "id": "538393", "photo": {"prefix": "https://igx.4sqi.net/img/user/", "suffix": "/PXCQGULLH1JXCUMN.jpg"}, "firstName": "Flona", "lastName": "Hakim"}, "canonicalUrl": "https://foursquare.com/item/50050555e4b08293c27ad8c6", "todo": {"count": 1}, "disagreeCount": 0}, {"logView": true, "lang": "en", "createdAt": 1293017632, "agreeCount": 0, "likes": {"groups": [], "count": 0}, "id": "4d11e2206360a35d4c328d88", "text": "Their fried yam, lor mee = scrumptious!", "type": "user", "user": {"id": "2689635", "photo": {"prefix": "https://igx.4sqi.net/img/user/", "suffix": "/IYWNR2W0VRUMXPH5.jpg"}, "firstName": "Anne Velysia", "gender": "female"}, "canonicalUrl": "https://foursquare.com/item/4d11e2206360a35d4c328d88", "todo": {"count": 0}, "disagreeCount": 0}, {"logView": true, "lang": "zh", "createdAt": 1297940743, "agreeCount": 0, "likes": {"groups": [], "count": 0}, "id": "4d5d01073f92236a35c2e41d", "text": "\u4e5d\u4f20\u5c0f\u80a0\uff0c\u597d\u5403\uff01", "type": "user", "user": {"gender": "female", "id": "6203285", "photo": {"prefix": "https://igx.4sqi.net/img/user/", "suffix": "/25QWYVZMNRGVWM3F.jpg"}, "firstName": "AnGeL", "lastName": "ToH"}, "canonicalUrl": "https://foursquare.com/item/4d5d01073f92236a35c2e41d", "todo": {"count": 0}, "disagreeCount": 0}, {"authorInteractionType": "liked", "logView": true, "lang": "en", "photo": {"id": "56b6a5e9498e9dee0c5c8041", "visibility": "public", "source": {"name": "Foursquare for iOS", "url": "https://foursquare.com/download/#/iphone"}, "suffix": "/45371521_uVFsVbMCbnPkr6PZZMYql8Q7mF96uDLdeV9K-rgnPVc.jpg", "createdAt": 1454810601, "prefix": "https://igx.4sqi.net/img/general/", "width": 1920, "height": 1440}, "createdAt": 1454810598, "todo": {"count": 0}, "agreeCount": 0, "likes": {"groups": [], "count": 0}, "id": "56b6a5e6498ee2d9cc1b0697", "text": "Drunken cockles\u2764\ufe0f it's very similar to the dish in Korea that I love. \uaf2c\ub9c9\ubb34\uce68. This one's smaller though.", "disagreeCount": 0, "user": {"gender": "female", "id": "45371521", "photo": {"prefix": "https://igx.4sqi.net/img/user/", "suffix": "/45371521-SUK14ZTOXTY1VGE2.jpg"}, "firstName": "HaeAn", "lastName": "Sung"}, "canonicalUrl": "https://foursquare.com/item/56b6a5e6498ee2d9cc1b0697", "type": "user", "photourl": "https://igx.4sqi.net/img/general/original/45371521_uVFsVbMCbnPkr6PZZMYql8Q7mF96uDLdeV9K-rgnPVc.jpg"}, {"authorInteractionType": "liked", "logView": true, "lang": "en", "photo": {"id": "5903385f5d891b426aee666b", "visibility": "public", "source": {"name": "Foursquare for iOS", "url": "https://foursquare.com/download/#/iphone"}, "suffix": "/5267474_2AZytvSaXkdDIN0ildDvE6fpTfkzjmZHI7Gb_MzvvaU.jpg", "createdAt": 1493383263, "prefix": "https://igx.4sqi.net/img/general/", "width": 1440, "height": 1920}, "createdAt": 1493383261, "todo": {"count": 0}, "agreeCount": 0, "likes": {"groups": [], "count": 0}, "id": "5903385d4382ab10a7c4bcf4", "text": "Decent and authentic Putien cuisine. Try the meat dumpling (\u6241\u8089\u71d5).", "disagreeCount": 0, "user": {"gender": "male", "id": "5267474", "photo": {"prefix": "https://igx.4sqi.net/img/user/", "suffix": "/-V3F2A0HIO3O2HXGS.jpg"}, "firstName": "Nelson", "lastName": "Zhao"}, "canonicalUrl": "https://foursquare.com/item/5903385d4382ab10a7c4bcf4", "type": "user", "photourl": "https://igx.4sqi.net/img/general/original/5267474_2AZytvSaXkdDIN0ildDvE6fpTfkzjmZHI7Gb_MzvvaU.jpg"}, {"logView": true, "lang": "en", "createdAt": 1278159387, "agreeCount": 0, "likes": {"groups": [], "count": 0}, "id": "4c2f2a1b452620a15e011d0f", "text": "All-time fav dishes - braised intestine, lor mee & pumpkin cream!", "type": "user", "user": {"gender": "female", "id": "1821615", "photo": {"prefix": "https://igx.4sqi.net/img/user/", "suffix": "/TW1SAKXMFG0A51RZ.jpg"}, "firstName": "Jocelyn", "lastName": "Oh"}, "canonicalUrl": "https://foursquare.com/item/4c2f2a1b452620a15e011d0f", "todo": {"count": 0}, "disagreeCount": 0}, {"logView": true, "lang": "en", "createdAt": 1298033612, "agreeCount": 0, "likes": {"groups": [], "count": 0}, "id": "4d5e6bccef378cfa856b61a6", "text": "The garlic soy sauce dip pairs well with the meat buns. Nothing spectacular about the seafood fried rice though.", "type": "user", "user": {"gender": "female", "id": "3595710", "photo": {"prefix": "https://igx.4sqi.net/img/user/", "suffix": "/3POB4IABOOPHCXLG.jpg"}, "firstName": "Karen", "lastName": "L."}, "canonicalUrl": "https://foursquare.com/item/4d5e6bccef378cfa856b61a6", "todo": {"count": 0}, "disagreeCount": 0}, {"logView": true, "lang": "en", "createdAt": 1278477324, "agreeCount": 0, "likes": {"groups": [], "count": 0}, "id": "4c34040c16adc928a89dc49c", "text": "The Loh Mee is great!", "type": "user", "user": {"gender": "male", "id": "1658155", "photo": {"prefix": "https://igx.4sqi.net/img/user/", "suffix": "/NHO1G4G3WOC30LFG.jpg"}, "firstName": "Patrck", "lastName": "\ud83c\ude35\ud83c\ude35\ud83c\ude35"}, "canonicalUrl": "https://foursquare.com/item/4c34040c16adc928a89dc49c", "todo": {"count": 1}, "disagreeCount": 0}, {"logView": true, "lang": "en", "createdAt": 1276776070, "agreeCount": 2, "likes": {"groups": [{"items": [{"id": "34831888", "photo": {"prefix": "https://igx.4sqi.net/img/user/", "suffix": "/34831888_j-pVv5D8_iIZAzbEaWT4AjAXR7wvhLV5-AiGZRhs9Q-dLthckTZwZ8Px6lLacVPtipszTO0Ml.jpg"}, "firstName": "\u5218 \u6587 \u6210", "gender": "male"}, {"gender": "female", "id": "10889001", "photo": {"prefix": "https://igx.4sqi.net/img/user/", "suffix": "/BOKQUQDLQLI5XSZC.png"}, "firstName": "Keilya", "lastName": "Jan"}], "count": 2, "type": "others"}], "summary": "2 likes", "count": 2}, "id": "4c1a0e866a21c9b62d69cb97", "text": "Fried yam stuffed w duck is their best dish!", "type": "user", "user": {"gender": "male", "id": "144518", "photo": {"prefix": "https://igx.4sqi.net/img/user/", "suffix": "/PV4DLQ3YR1XLUBLI.jpg"}, "firstName": "Joseph", "lastName": "Lee"}, "canonicalUrl": "https://foursquare.com/item/4c1a0e866a21c9b62d69cb97", "todo": {"count": 1}, "disagreeCount": 0}, {"authorInteractionType": "meh", "logView": true, "lang": "en", "createdAt": 1363372751, "agreeCount": 1, "likes": {"groups": [{"items": [{"id": "34831888", "photo": {"prefix": "https://igx.4sqi.net/img/user/", "suffix": "/34831888_j-pVv5D8_iIZAzbEaWT4AjAXR7wvhLV5-AiGZRhs9Q-dLthckTZwZ8Px6lLacVPtipszTO0Ml.jpg"}, "firstName": "\u5218 \u6587 \u6210", "gender": "male"}], "count": 1, "type": "others"}], "summary": "1 like", "count": 1}, "id": "51436acfe4b0601fdfaf44d0", "text": "Putien Restaurant is now officially opened at #02-131/132. First day of opening is at 11:30am.", "type": "user", "user": {"gender": "male", "id": "3954011", "photo": {"prefix": "https://igx.4sqi.net/img/user/", "suffix": "/3954011-YUIMSTRPOPD2ITIN.jpg"}, "firstName": "\u9673\u6770\u502b", "lastName": "(\u30b8\u30a7\u30a4\u30fb\u30c1\u30a7\u30f3)"}, "canonicalUrl": "https://foursquare.com/item/51436acfe4b0601fdfaf44d0", "todo": {"count": 1}, "disagreeCount": 0}, {"logView": true, "lang": "en", "createdAt": 1437647612, "agreeCount": 0, "likes": {"groups": [], "count": 0}, "id": "55b0c2fc498ea74b3b91f828", "text": "My favourite is the fragrant Fried Xin Hua Bee Hoon. The Bee Hoon is especially fine texture, different type from those commonly used in SG.", "type": "user", "user": {"gender": "female", "id": "6306884", "photo": {"prefix": "https://igx.4sqi.net/img/user/", "suffix": "/6306884-L21LWV3MMZFIVU5F"}, "firstName": "Jess", "lastName": "Thia"}, "canonicalUrl": "https://foursquare.com/item/55b0c2fc498ea74b3b91f828", "todo": {"count": 0}, "disagreeCount": 0}], "count": 23}}}