{"meta": {"code": 200, "requestId": "595a4b286a6071143d87a7a3"}, "response": {"tips": {"items": [{"logView": true, "lang": "en", "createdAt": 1342855712, "agreeCount": 0, "likes": {"groups": [], "count": 0}, "id": "500a5a20e4b02ee07acc9fe3", "text": "So so beef noodles at $6.50.  Nothing special. The one from Scott's n now in ion is so much better.", "type": "user", "user": {"id": "5129469", "photo": {"prefix": "https://igx.4sqi.net/img/user/", "suffix": "/5129469-EV4S2V00N3GSZII1.jpg"}, "firstName": "Shuzhen", "gender": "female"}, "canonicalUrl": "https://foursquare.com/item/500a5a20e4b02ee07acc9fe3", "todo": {"count": 0}, "disagreeCount": 0}, {"logView": true, "lang": "en", "createdAt": 1473577230, "agreeCount": 0, "likes": {"groups": [], "count": 0}, "id": "57d5010e498e2c3f0e1dd8af", "text": "Go for the soup rather than the dry mixed beef noodles!", "type": "user", "user": {"gender": "male", "id": "1860260", "photo": {"prefix": "https://igx.4sqi.net/img/user/", "suffix": "/1860260-UE5J2G2EQ5FSZIVH.jpg"}, "firstName": "Matthew", "lastName": "Mark Aloysious"}, "canonicalUrl": "https://foursquare.com/item/57d5010e498e2c3f0e1dd8af", "todo": {"count": 0}, "disagreeCount": 0}, {"logView": true, "lang": "en", "createdAt": 1306576543, "agreeCount": 0, "likes": {"groups": [{"items": [], "count": 1, "type": "others"}], "summary": "1 like", "count": 1}, "id": "4de0c69f1f6ece647382ba06", "text": "Beef ball soup !! Yummy", "type": "user", "user": {"gender": "female", "id": "1918694", "photo": {"prefix": "https://igx.4sqi.net/img/user/", "suffix": "/ZSXWGHEHSG1XBFUV.jpg"}, "firstName": "Ally", "lastName": "Yong"}, "canonicalUrl": "https://foursquare.com/item/4de0c69f1f6ece647382ba06", "todo": {"count": 0}, "disagreeCount": 0}, {"logView": true, "lang": "en", "createdAt": 1294547684, "agreeCount": 0, "likes": {"groups": [], "count": 0}, "id": "4d293ae4ebacb1f79a28f94f", "text": "Great beef noodles in soup. Healthy too!", "type": "user", "user": {"id": "5150457", "photo": {"prefix": "https://igx.4sqi.net/img/user/", "suffix": "/A45BMKOTOO2OVH0O.jpg"}, "firstName": "Wenxi", "gender": "none"}, "canonicalUrl": "https://foursquare.com/item/4d293ae4ebacb1f79a28f94f", "todo": {"count": 0}, "disagreeCount": 0}, {"logView": true, "lang": "en", "createdAt": 1286944843, "agreeCount": 0, "likes": {"groups": [], "count": 0}, "id": "4cb5384b1b0af04d12f7c725", "text": "Light healthy beef soup. Get in early to beat the line!", "type": "user", "user": {"gender": "female", "id": "665951", "photo": {"prefix": "https://igx.4sqi.net/img/user/", "suffix": "/2UUXCY05O5YXSH1X.jpg"}, "firstName": "Meera", "lastName": "Navaratnam"}, "canonicalUrl": "https://foursquare.com/item/4cb5384b1b0af04d12f7c725", "todo": {"count": 2}, "disagreeCount": 0}, {"logView": true, "lang": "en", "createdAt": 1363431341, "agreeCount": 0, "likes": {"groups": [], "count": 0}, "id": "51444fade4b0a40e39619a56", "text": "best beef noodle!", "type": "user", "user": {"gender": "male", "id": "1020126", "photo": {"prefix": "https://igx.4sqi.net/img/user/", "suffix": "/R5PWHQWWANQZXE0Y.jpg"}, "firstName": "Tei", "lastName": "S."}, "canonicalUrl": "https://foursquare.com/item/51444fade4b0a40e39619a56", "todo": {"count": 0}, "disagreeCount": 0}, {"authorInteractionType": "meh", "logView": true, "lang": "en", "createdAt": 1468242899, "agreeCount": 0, "likes": {"groups": [], "count": 0}, "id": "57839bd3498edbb88b138276", "text": "Very small portion. Herbal soup indeed taste a bit like Chinese medicine. Try if it's your first time.", "type": "user", "user": {"gender": "male", "id": "5267474", "photo": {"prefix": "https://igx.4sqi.net/img/user/", "suffix": "/-V3F2A0HIO3O2HXGS.jpg"}, "firstName": "Nelson", "lastName": "Zhao"}, "canonicalUrl": "https://foursquare.com/item/57839bd3498edbb88b138276", "todo": {"count": 0}, "disagreeCount": 0}, {"logView": true, "lang": "en", "createdAt": 1315459446, "agreeCount": 0, "likes": {"groups": [], "count": 0}, "id": "4e685176b99320740fdcbf40", "text": "Long queue during lunch time (weekdays).  Must try their mixed beef soup. A bit expensive but worth trying :D", "type": "user", "user": {"gender": "male", "id": "1961353", "photo": {"prefix": "https://igx.4sqi.net/img/user/", "suffix": "/U5W2MBWSALNRZS1R.jpg"}, "firstName": "July", "lastName": "de Leon"}, "canonicalUrl": "https://foursquare.com/item/4e685176b99320740fdcbf40", "todo": {"count": 0}, "disagreeCount": 0}, {"logView": true, "lang": "en", "createdAt": 1359117450, "agreeCount": 0, "likes": {"groups": [], "count": 0}, "id": "51027c8ae4b0b31995fe3675", "text": "Service charge is mentioned on the order slip but only GST is levied on final bill.", "type": "user", "user": {"gender": "none", "id": "12315697", "photo": {"prefix": "https://igx.4sqi.net/img/user/", "suffix": "/0L1DM442MIBJNEAE.jpg"}, "firstName": "A Sunny", "lastName": "Gal"}, "canonicalUrl": "https://foursquare.com/item/51027c8ae4b0b31995fe3675", "todo": {"count": 0}, "disagreeCount": 0}, {"logView": true, "lang": "en", "createdAt": 1405841830, "agreeCount": 0, "likes": {"groups": [], "count": 0}, "id": "53cb71a6498ed5d7bd583eba", "text": "Was a fan but not anymore. Not worth the trip. Better off eating beef noodles from anywhere else.", "type": "user", "user": {"gender": "male", "id": "1187648", "photo": {"prefix": "https://igx.4sqi.net/img/user/", "suffix": "/AT4AJDXDVWIROXYQ.jpg"}, "firstName": "Richard", "lastName": "Sim"}, "canonicalUrl": "https://foursquare.com/item/53cb71a6498ed5d7bd583eba", "todo": {"count": 0}, "disagreeCount": 0}, {"authorInteractionType": "liked", "logView": true, "lang": "en", "createdAt": 1414038949, "agreeCount": 0, "likes": {"groups": [], "count": 0}, "id": "544885a5498eb0ed3ef07ae2", "text": "They no longer serve braised peanuts with every bowl of beef noodles, due to \"increased supplier prices\".", "type": "user", "user": {"gender": "male", "id": "1589670", "photo": {"prefix": "https://igx.4sqi.net/img/user/", "suffix": "/1589670-XXKNJRVFD53LZBEI.jpg"}, "firstName": "Ronald", "lastName": "Ip"}, "canonicalUrl": "https://foursquare.com/item/544885a5498eb0ed3ef07ae2", "todo": {"count": 0}, "disagreeCount": 0}, {"logView": true, "lang": "en", "createdAt": 1287461758, "agreeCount": 0, "likes": {"groups": [{"items": [], "count": 1, "type": "others"}], "summary": "1 like", "count": 1}, "id": "4cbd1b7ea33bb1f76c989dfd", "text": "Fresh beef but must beat lunch crowd!", "type": "user", "user": {"gender": "female", "id": "3274987", "photo": {"prefix": "https://igx.4sqi.net/img/user/", "suffix": "/UEA5HQFRQHNN404H.jpg"}, "firstName": "Julie", "lastName": "Ong"}, "canonicalUrl": "https://foursquare.com/item/4cbd1b7ea33bb1f76c989dfd", "todo": {"count": 0}, "disagreeCount": 0}, {"logView": true, "lang": "en", "createdAt": 1388040205, "agreeCount": 1, "likes": {"groups": [{"items": [{"gender": "male", "id": "187334", "photo": {"prefix": "https://igx.4sqi.net/img/user/", "suffix": "/187334-0EH23LJZV2BIF5ZV.jpg"}, "firstName": "Mark", "lastName": "Ashworth"}], "count": 1, "type": "others"}], "summary": "1 like", "count": 1}, "id": "52bbd00d11d28a062a857ff1", "text": "They've gone upmarket. No more $6.50 beef noodles. After ++, now min is about $9, and the qty of beef has shrunk. Kitchen has moved behind so now you don't get to see your beef being cooked.", "type": "user", "user": {"gender": "male", "id": "12114185", "photo": {"prefix": "https://igx.4sqi.net/img/user/", "suffix": "/NTDDOC4AIXEFJRJB.jpg"}, "firstName": "Christopher", "lastName": "Ng"}, "canonicalUrl": "https://foursquare.com/item/52bbd00d11d28a062a857ff1", "todo": {"count": 0}, "disagreeCount": 0}, {"logView": true, "lang": "en", "createdAt": 1295667253, "agreeCount": 0, "likes": {"groups": [], "count": 0}, "id": "4d3a5035325ff04d9a241b45", "text": "100 year anniversary this year! True quality, hand made ingredients :)", "type": "user", "user": {"gender": "male", "id": "4694324", "photo": {"prefix": "https://igx.4sqi.net/img/user/", "suffix": "/WG2K42HBPMRR2IQF.jpg"}, "firstName": "David", "lastName": "Isaac"}, "canonicalUrl": "https://foursquare.com/item/4d3a5035325ff04d9a241b45", "todo": {"count": 1}, "disagreeCount": 0}, {"logView": true, "lang": "en", "createdAt": 1280899110, "agreeCount": 0, "likes": {"groups": [], "count": 0}, "id": "4c58f826d3aee21e13456755", "text": "The best beef noodle in Singapore after the Seah St one closed", "type": "user", "user": {"gender": "female", "id": "538393", "photo": {"prefix": "https://igx.4sqi.net/img/user/", "suffix": "/PXCQGULLH1JXCUMN.jpg"}, "firstName": "Flona", "lastName": "Hakim"}, "canonicalUrl": "https://foursquare.com/item/4c58f826d3aee21e13456755", "todo": {"count": 0}, "disagreeCount": 0}, {"logView": true, "lang": "en", "createdAt": 1385631249, "agreeCount": 0, "likes": {"groups": [], "count": 0}, "id": "52970e1111d2830450bead32", "text": "Free-flow of hard-boiled eggs.", "type": "user", "user": {"gender": "male", "id": "8826344", "photo": {"prefix": "https://igx.4sqi.net/img/user/", "suffix": "/8826344-Q3LNVPPRY1VBNEIB.jpg"}, "firstName": "Ming Siu", "lastName": "Goh"}, "canonicalUrl": "https://foursquare.com/item/52970e1111d2830450bead32", "todo": {"count": 0}, "disagreeCount": 0}, {"logView": true, "lang": "en", "createdAt": 1423979832, "agreeCount": 0, "likes": {"groups": [], "count": 0}, "id": "54e03538498e088356729ec5", "text": "Quick lunch with dearie....", "type": "user", "user": {"gender": "male", "id": "3972792", "photo": {"prefix": "https://igx.4sqi.net/img/user/", "suffix": "/BCKVQ2FGXEGM5OT3.jpg"}, "firstName": "Jeremy", "lastName": "Wong"}, "canonicalUrl": "https://foursquare.com/item/54e03538498e088356729ec5", "todo": {"count": 0}, "disagreeCount": 0}, {"logView": true, "lang": "en", "createdAt": 1381047112, "agreeCount": 0, "likes": {"groups": [], "count": 0}, "id": "52511b4811d2dd386f5b60e6", "text": "My favorite beef kway teow stall", "type": "user", "user": {"gender": "male", "id": "54876097", "photo": {"prefix": "https://igx.4sqi.net/img/user/", "suffix": "/D0LWUO2KFL4BYXQR.jpg"}, "firstName": "Winston", "lastName": "Chua"}, "canonicalUrl": "https://foursquare.com/item/52511b4811d2dd386f5b60e6", "todo": {"count": 0}, "disagreeCount": 0}, {"logView": true, "lang": "en", "createdAt": 1313058626, "agreeCount": 0, "likes": {"groups": [], "count": 0}, "id": "4e43af42887703085fd669bf", "text": "My fav beef noodle but it's so expensive now. Cheapest is $6.50", "type": "user", "user": {"gender": "male", "id": "7931783", "photo": {"prefix": "https://igx.4sqi.net/img/user/", "suffix": "/WBBGBUXVVBLZRSZA.jpg"}, "firstName": "Wh", "lastName": "Yau"}, "canonicalUrl": "https://foursquare.com/item/4e43af42887703085fd669bf", "todo": {"count": 0}, "disagreeCount": 0}, {"logView": true, "lang": "en", "createdAt": 1316485553, "agreeCount": 0, "likes": {"groups": [], "count": 0}, "id": "4e77f9b1ae60e5ae000ad429", "text": "100th year celebration party October 8th, 2011.  With the 987 dj's, the muttons, jack and rai, an eating competition and balloonist for the kids ( and young at heart)", "type": "user", "user": {"gender": "male", "id": "4694324", "photo": {"prefix": "https://igx.4sqi.net/img/user/", "suffix": "/WG2K42HBPMRR2IQF.jpg"}, "firstName": "David", "lastName": "Isaac"}, "canonicalUrl": "https://foursquare.com/item/4e77f9b1ae60e5ae000ad429", "todo": {"count": 0}, "disagreeCount": 0}, {"logView": true, "lang": "en", "createdAt": 1300355836, "agreeCount": 0, "likes": {"groups": [], "count": 0}, "id": "4d81dafc59d16dcb3fd4001c", "text": "So yummy but quite expensive for lunch. Cheapest bowl is now $6.50", "type": "user", "user": {"gender": "female", "id": "257529", "photo": {"prefix": "https://igx.4sqi.net/img/user/", "suffix": "/23ZLH1W02C0H10WQ.jpg"}, "firstName": "melissa", "lastName": "hie"}, "canonicalUrl": "https://foursquare.com/item/4d81dafc59d16dcb3fd4001c", "todo": {"count": 0}, "disagreeCount": 0}, {"authorInteractionType": "liked", "logView": true, "lang": "en", "createdAt": 1474030938, "agreeCount": 0, "likes": {"groups": [], "count": 0}, "id": "57dbed5a498e7ea1d668d446", "text": "Best Beef Noodle in Singapore", "type": "user", "user": {"gender": "male", "id": "57147877", "photo": {"prefix": "https://igx.4sqi.net/img/user/", "suffix": "/57147877-1N4WZD3YFNPGEXQO.jpg"}, "firstName": "Iwan", "lastName": "Dharmawan"}, "canonicalUrl": "https://foursquare.com/item/57dbed5a498e7ea1d668d446", "todo": {"count": 0}, "disagreeCount": 0}, {"authorInteractionType": "liked", "logView": true, "lang": "en", "createdAt": 1497680722, "agreeCount": 0, "likes": {"groups": [], "count": 0}, "id": "5944cb525455b2504e893b6f", "text": "Beef noodle is very tasty !", "type": "user", "user": {"gender": "male", "id": "200175388", "photo": {"prefix": "https://igx.4sqi.net/img/user/", "suffix": "/200175388-NGZKTHPLSKEUAVBC.jpg"}, "firstName": "Soo", "lastName": "Ian"}, "canonicalUrl": "https://foursquare.com/item/5944cb525455b2504e893b6f", "todo": {"count": 0}, "disagreeCount": 0}, {"logView": true, "lang": "en", "createdAt": 1326005473, "agreeCount": 0, "likes": {"groups": [], "count": 0}, "id": "4f093ce1e4b0aa2dc73d3ebb", "text": "Best beef ever!!", "type": "user", "user": {"gender": "none", "id": "4544216", "photo": {"prefix": "https://igx.4sqi.net/img/user/", "suffix": "/CLIQ3IC4KAWAQ245.jpg"}, "firstName": "Joanne", "lastName": "Diong"}, "canonicalUrl": "https://foursquare.com/item/4f093ce1e4b0aa2dc73d3ebb", "todo": {"count": 0}, "disagreeCount": 0}, {"logView": true, "lang": "en", "createdAt": 1297922159, "todo": {"count": 0}, "agreeCount": 0, "likes": {"groups": [], "count": 0}, "id": "4d5cb86f1fd188bf9e350b00", "text": "http://www.hocklambeef.com", "entities": [{"indices": [0, 26], "type": "url", "object": {"url": "http://www.hocklambeef.com"}}], "disagreeCount": 0, "user": {"gender": "male", "id": "3085519", "photo": {"prefix": "https://igx.4sqi.net/img/user/", "suffix": "/HOXQO2JNZB2O3SBG.jpg"}, "firstName": "Eugene", "lastName": "Yeo"}, "canonicalUrl": "https://foursquare.com/item/4d5cb86f1fd188bf9e350b00", "type": "user"}], "count": 25}}}