{"meta": {"code": 200, "requestId": "595a48d5db04f562ee87aa98"}, "response": {"tips": {"items": [{"logView": true, "lang": "en", "createdAt": 1289105230, "agreeCount": 0, "likes": {"groups": [{"items": [], "count": 1, "type": "others"}], "summary": "1 like", "count": 1}, "id": "4cd62f4e94848cfaf4baebb1", "text": "Butter chicken is finger lickin' good!", "type": "user", "user": {"gender": "female", "id": "4117214", "photo": {"prefix": "https://igx.4sqi.net/img/user/", "default": true, "suffix": "/blank_girl.png"}, "firstName": "Wei-Shan", "lastName": "Chua"}, "canonicalUrl": "https://foursquare.com/item/4cd62f4e94848cfaf4baebb1", "todo": {"count": 0}, "disagreeCount": 0}, {"logView": true, "lang": "en", "createdAt": 1275656133, "agreeCount": 0, "likes": {"groups": [{"items": [], "count": 2, "type": "others"}], "summary": "2 likes", "count": 2}, "id": "4c08f7c5ffb8c9b628056961", "text": "Best curry in Singapore", "type": "user", "user": {"gender": "male", "id": "1497492", "photo": {"prefix": "https://igx.4sqi.net/img/user/", "suffix": "/1497492-3QXFNWS35YX4SNUI.jpg"}, "firstName": "Drew", "lastName": "Graham"}, "canonicalUrl": "https://foursquare.com/item/4c08f7c5ffb8c9b628056961", "todo": {"count": 0}, "disagreeCount": 0}, {"logView": true, "lang": "en", "createdAt": 1391320282, "agreeCount": 0, "likes": {"groups": [], "count": 0}, "id": "52eddcda498e05ecb3e155db", "text": "North Indian curry house is back in Pasir Panjang. Between Barrels and Rachels Place. Three doors up from Cafe 99 Buona Vista.", "type": "user", "user": {"gender": "male", "id": "13273134", "photo": {"prefix": "https://igx.4sqi.net/img/user/", "suffix": "/13273134-PC00O5PMLGAZJQV5.jpg"}, "firstName": "Jonathan", "lastName": "Caines"}, "canonicalUrl": "https://foursquare.com/item/52eddcda498e05ecb3e155db", "todo": {"count": 0}, "disagreeCount": 0}], "count": 3}}}