{"meta": {"code": 200, "requestId": "595a4f7af594df3c73ee7a47"}, "response": {"tips": {"items": [{"logView": true, "lang": "en", "createdAt": 1328376349, "agreeCount": 1, "likes": {"groups": [{"items": [{"gender": "female", "id": "5910122", "photo": {"prefix": "https://igx.4sqi.net/img/user/", "suffix": "/AJDLET5SHWXU5YTG.jpg"}, "firstName": "Amelia", "lastName": "Chen"}], "count": 1, "type": "others"}], "summary": "1 like", "count": 1}, "id": "4f2d6a1de4b062ad2b00352e", "text": "After 11 years the food still sucks...", "type": "user", "user": {"gender": "male", "id": "21082723", "photo": {"prefix": "https://igx.4sqi.net/img/user/", "suffix": "/KB3G42134QLAPGJ4.jpg"}, "firstName": "Frederick", "lastName": "Kam"}, "canonicalUrl": "https://foursquare.com/item/4f2d6a1de4b062ad2b00352e", "todo": {"count": 0}, "disagreeCount": 0}, {"logView": true, "lang": "en", "createdAt": 1325262157, "agreeCount": 0, "likes": {"groups": [], "count": 0}, "id": "4efde54d7ee5f14f38ca709c", "text": "TRY THE LAKSA! N IF YR HUNGRY GET $3!!", "type": "user", "user": {"gender": "male", "id": "14639279", "photo": {"prefix": "https://igx.4sqi.net/img/user/", "suffix": "/R2FBSPFLFP414PJ1.jpg"}, "firstName": "Marcus", "lastName": "Lee"}, "canonicalUrl": "https://foursquare.com/item/4efde54d7ee5f14f38ca709c", "todo": {"count": 0}, "disagreeCount": 0}, {"logView": true, "lang": "en", "createdAt": 1308055356, "agreeCount": 0, "likes": {"groups": [], "count": 0}, "id": "4df7573cd22df20cc2d707f5", "text": "Latest update. Mixed rice - sucks. Nazi lemak - sucks. Chicken rice - sucks. Tze cha - sucks.", "type": "user", "user": {"id": "9418038", "photo": {"prefix": "https://igx.4sqi.net/img/user/", "suffix": "/D1VRAP2RYOH3S0WR.jpg"}, "firstName": "GoldFinger", "gender": "none"}, "canonicalUrl": "https://foursquare.com/item/4df7573cd22df20cc2d707f5", "todo": {"count": 0}, "disagreeCount": 0}, {"logView": true, "lang": "en", "createdAt": 1324792978, "agreeCount": 0, "likes": {"groups": [{"items": [], "count": 3, "type": "others"}], "summary": "3 likes", "count": 3}, "id": "4ef6bc92c512f22778179a63", "text": "BAK CHOR MEE!!", "type": "user", "user": {"gender": "male", "id": "7199858", "photo": {"prefix": "https://igx.4sqi.net/img/user/", "suffix": "/7199858-G2QR3ZSCXFSBSB45.jpg"}, "firstName": "Ryan", "lastName": "Sebastian"}, "canonicalUrl": "https://foursquare.com/item/4ef6bc92c512f22778179a63", "todo": {"count": 0}, "disagreeCount": 0}, {"logView": true, "lang": "en", "createdAt": 1293511051, "agreeCount": 0, "likes": {"groups": [], "count": 0}, "id": "4d19698bcc216ea84a6b7dd3", "text": "The chicken rice is no longer as nice after the renovation.", "type": "user", "user": {"gender": "female", "id": "3802560", "photo": {"prefix": "https://igx.4sqi.net/img/user/", "suffix": "/UG5QGDLDJKC1V1OX.jpg"}, "firstName": "Jin", "lastName": "."}, "canonicalUrl": "https://foursquare.com/item/4d19698bcc216ea84a6b7dd3", "todo": {"count": 0}, "disagreeCount": 0}, {"logView": true, "lang": "en", "createdAt": 1296434130, "agreeCount": 0, "likes": {"groups": [], "count": 0}, "id": "4d4603d21928a35dd8d9c870", "text": "Coffee here sucks!", "type": "user", "user": {"gender": "male", "id": "4724482", "photo": {"prefix": "https://igx.4sqi.net/img/user/", "suffix": "/GEHZ1QFAJAFM1EHB.jpg"}, "firstName": "Abraham", "lastName": "Tang"}, "canonicalUrl": "https://foursquare.com/item/4d4603d21928a35dd8d9c870", "todo": {"count": 0}, "disagreeCount": 0}, {"authorInteractionType": "disliked", "logView": true, "lang": "en", "createdAt": 1333059771, "agreeCount": 1, "likes": {"groups": [{"items": [{"gender": "female", "id": "24417597", "photo": {"prefix": "https://igx.4sqi.net/img/user/", "suffix": "/ZV01ODWXJIGJYJUH.jpg"}, "firstName": "Shayna", "lastName": "Lim"}], "count": 1, "type": "others"}], "summary": "1 like", "count": 1}, "id": "4f74e0bbe4b02c4c6dae2cd9", "text": "Think of Mobile Phones and you will think of us... Mobile, Laptops, Repair, Jailbreak, Accs. We provide doorstep service*.Instant Replacement for iPhone Cracked Screen.Call 81000272 or 84235589", "type": "user", "user": {"gender": "male", "id": "5661943", "photo": {"prefix": "https://igx.4sqi.net/img/user/", "suffix": "/GUZ4RLCX4JBC3CYW.jpg"}, "firstName": "C", "lastName": "Mobile"}, "canonicalUrl": "https://foursquare.com/item/4f74e0bbe4b02c4c6dae2cd9", "todo": {"count": 0}, "disagreeCount": 0}, {"authorInteractionType": "meh", "logView": true, "lang": "en", "createdAt": 1286632576, "agreeCount": 0, "likes": {"groups": [], "count": 0}, "id": "4cb07480db32f04db6abbf4d", "text": "The ban mian here is great. Especially the fried fish ban mian.", "type": "user", "user": {"id": "130907", "photo": {"prefix": "https://igx.4sqi.net/img/user/", "suffix": "/130907_1259465568737.png"}, "firstName": "Chu Yeow", "gender": "male"}, "canonicalUrl": "https://foursquare.com/item/4cb07480db32f04db6abbf4d", "todo": {"count": 0}, "disagreeCount": 0}, {"logView": true, "lang": "en", "createdAt": 1291391512, "agreeCount": 0, "likes": {"groups": [], "count": 0}, "id": "4cf912184464b60c97fd63f8", "text": "Reopen for business!", "type": "user", "user": {"gender": "male", "id": "4925512", "photo": {"prefix": "https://igx.4sqi.net/img/user/", "suffix": "/HWUEV0KXD1TGBRSQ.jpg"}, "firstName": "Lawrence", "lastName": "Lim"}, "canonicalUrl": "https://foursquare.com/item/4cf912184464b60c97fd63f8", "todo": {"count": 0}, "disagreeCount": 0}, {"logView": true, "lang": "en", "createdAt": 1296434324, "agreeCount": 0, "likes": {"groups": [], "count": 0}, "id": "4d460494bf61a1cd290619ac", "text": "Coffee got no kick! Order kook-gou (coffee strong) but taste like kopi-po (coffee light) .....  the bar-chor Mee can try ...", "type": "user", "user": {"gender": "male", "id": "4724482", "photo": {"prefix": "https://igx.4sqi.net/img/user/", "suffix": "/GEHZ1QFAJAFM1EHB.jpg"}, "firstName": "Abraham", "lastName": "Tang"}, "canonicalUrl": "https://foursquare.com/item/4d460494bf61a1cd290619ac", "todo": {"count": 0}, "disagreeCount": 0}, {"logView": true, "lang": "en", "createdAt": 1278933704, "agreeCount": 0, "likes": {"groups": [], "count": 0}, "id": "4c3afac8e927b713f93a5eb2", "text": "@Golden Rooster, must try: Spring chicken, chicken chop.", "type": "user", "user": {"id": "280771", "photo": {"prefix": "https://igx.4sqi.net/img/user/", "suffix": "/K5XTZYVVDJLVVMQ4.jpg"}, "firstName": "SS", "gender": "female"}, "canonicalUrl": "https://foursquare.com/item/4c3afac8e927b713f93a5eb2", "todo": {"count": 0}, "disagreeCount": 0}, {"logView": true, "lang": "en", "createdAt": 1293339815, "agreeCount": 0, "likes": {"groups": [], "count": 0}, "id": "4d16cca76d103704478c32bd", "text": "Dabao the laksa, then quantity is a lot!", "type": "user", "user": {"gender": "female", "id": "5018841", "photo": {"prefix": "https://igx.4sqi.net/img/user/", "suffix": "/X2FPOQHMUYEMSUWL.jpg"}, "firstName": "Grace", "lastName": "Lee"}, "canonicalUrl": "https://foursquare.com/item/4d16cca76d103704478c32bd", "todo": {"count": 1}, "disagreeCount": 0}, {"logView": true, "lang": "en", "createdAt": 1329317723, "agreeCount": 0, "likes": {"groups": [], "count": 0}, "id": "4f3bc75be4b0aedfcfdaa0d9", "text": "Zhi char stall's hokkien mee is not black and it don't taste good. Try others :)", "type": "user", "user": {"gender": "female", "id": "3802560", "photo": {"prefix": "https://igx.4sqi.net/img/user/", "suffix": "/UG5QGDLDJKC1V1OX.jpg"}, "firstName": "Jin", "lastName": "."}, "canonicalUrl": "https://foursquare.com/item/4f3bc75be4b0aedfcfdaa0d9", "todo": {"count": 0}, "disagreeCount": 0}, {"logView": true, "lang": "en", "createdAt": 1289200951, "agreeCount": 0, "likes": {"groups": [{"items": [], "count": 4, "type": "others"}], "summary": "4 likes", "count": 4}, "id": "4cd7a537b97060fca0cef27b", "text": "shld try the bar chou mee =P", "type": "user", "user": {"gender": "male", "id": "3292361", "photo": {"prefix": "https://igx.4sqi.net/img/user/", "suffix": "/OW1GFS0DWGAPIRF3.jpg"}, "firstName": "Goh", "lastName": "Seng how"}, "canonicalUrl": "https://foursquare.com/item/4cd7a537b97060fca0cef27b", "todo": {"count": 0}, "disagreeCount": 0}, {"logView": true, "lang": "en", "createdAt": 1327237514, "agreeCount": 0, "likes": {"groups": [], "count": 0}, "id": "4f1c098ae4b0f67a9758a189", "text": "Toilet is disgusting", "type": "user", "user": {"gender": "female", "id": "19726927", "photo": {"prefix": "https://igx.4sqi.net/img/user/", "suffix": "/HXVLBZGIV5UFGQOP.jpg"}, "firstName": "Karen", "lastName": "Goh"}, "canonicalUrl": "https://foursquare.com/item/4f1c098ae4b0f67a9758a189", "todo": {"count": 0}, "disagreeCount": 0}, {"logView": true, "lang": "en", "createdAt": 1308403018, "agreeCount": 0, "likes": {"groups": [], "count": 0}, "id": "4dfca54a149599f28fcb4799", "text": "Laixi pan mian -          2.5 out of 5 stars,.", "type": "user", "user": {"id": "9418038", "photo": {"prefix": "https://igx.4sqi.net/img/user/", "suffix": "/D1VRAP2RYOH3S0WR.jpg"}, "firstName": "GoldFinger", "gender": "none"}, "canonicalUrl": "https://foursquare.com/item/4dfca54a149599f28fcb4799", "todo": {"count": 0}, "disagreeCount": 0}, {"logView": true, "lang": "en", "createdAt": 1287726062, "agreeCount": 0, "likes": {"groups": [], "count": 0}, "id": "4cc123ee43646dcb46b2438c", "text": "The Thai fried rice at Seafood Delicacies store is yummy!", "type": "user", "user": {"gender": "male", "id": "4100585", "photo": {"prefix": "https://igx.4sqi.net/img/user/", "suffix": "/53DUOEQQUHYGJTJD.jpg"}, "firstName": "Jeremy", "lastName": "Huang"}, "canonicalUrl": "https://foursquare.com/item/4cc123ee43646dcb46b2438c", "todo": {"count": 0}, "disagreeCount": 0}, {"authorInteractionType": "liked", "logView": true, "lang": "en", "createdAt": 1484888320, "agreeCount": 0, "likes": {"groups": [], "count": 0}, "id": "5881990015fb43210baf766c", "text": "The delicious Hong Ji Roasted Delight stall has relocated to elsewhere. Not sure where.", "type": "user", "user": {"gender": "none", "id": "13433931", "photo": {"prefix": "https://igx.4sqi.net/img/user/", "suffix": "/WOJ4GNKWOEWZRZRZ.jpg"}, "firstName": "J", "lastName": "F"}, "canonicalUrl": "https://foursquare.com/item/5881990015fb43210baf766c", "todo": {"count": 0}, "disagreeCount": 0}, {"logView": true, "lang": "en", "createdAt": 1293338551, "agreeCount": 0, "likes": {"groups": [], "count": 0}, "id": "4d16c7b7b15cb1f798efaf21", "text": "Were is this?", "type": "user", "user": {"gender": "male", "id": "5400391", "photo": {"prefix": "https://igx.4sqi.net/img/user/", "suffix": "/PPFNSSSPNA2UKCQH.jpg"}, "firstName": "Jojo", "lastName": "Tan"}, "canonicalUrl": "https://foursquare.com/item/4d16c7b7b15cb1f798efaf21", "todo": {"count": 0}, "disagreeCount": 0}, {"logView": true, "lang": "en", "createdAt": 1293770516, "agreeCount": 0, "likes": {"groups": [], "count": 0}, "id": "4d1d5f145acaa35d6670ad35", "text": "Free tissue packs with every drink ordered during lunch time", "type": "user", "user": {"gender": "female", "id": "2818587", "photo": {"prefix": "https://igx.4sqi.net/img/user/", "suffix": "/HVUTEXD0BL3ENFEK.jpg"}, "firstName": "E", "lastName": "L"}, "canonicalUrl": "https://foursquare.com/item/4d1d5f145acaa35d6670ad35", "todo": {"count": 0}, "disagreeCount": 0}, {"logView": true, "lang": "en", "createdAt": 1300280271, "agreeCount": 0, "likes": {"groups": [{"items": [], "count": 3, "type": "others"}], "summary": "3 likes", "count": 3}, "id": "4d80b3cf1013236a05bf8c35", "text": "Ba chor mee is tasty!", "type": "user", "user": {"gender": "female", "id": "5018841", "photo": {"prefix": "https://igx.4sqi.net/img/user/", "suffix": "/X2FPOQHMUYEMSUWL.jpg"}, "firstName": "Grace", "lastName": "Lee"}, "canonicalUrl": "https://foursquare.com/item/4d80b3cf1013236a05bf8c35", "todo": {"count": 0}, "disagreeCount": 0}, {"logView": true, "lang": "en", "createdAt": 1413511045, "agreeCount": 0, "likes": {"groups": [], "count": 0}, "id": "54407785498e039b9f35ae44", "text": "Very affordable $2.80 ban mian. Not bad. Taste quite standard with most other ban mian stores.", "type": "user", "user": {"id": "1222769", "photo": {"prefix": "https://igx.4sqi.net/img/user/", "suffix": "/O0MPHMF2RMHD03MD.jpg"}, "firstName": "Alicia", "gender": "female"}, "canonicalUrl": "https://foursquare.com/item/54407785498e039b9f35ae44", "todo": {"count": 0}, "disagreeCount": 0}, {"logView": true, "lang": "en", "createdAt": 1284107912, "agreeCount": 0, "likes": {"groups": [], "count": 0}, "id": "4c89ee881797236ac02d5d88", "text": "Best western food in the west!", "type": "user", "user": {"id": "3256169", "photo": {"prefix": "https://igx.4sqi.net/img/user/", "suffix": "/ANH1DNJDV0S3KP2H.jpg"}, "firstName": "andy", "gender": "male"}, "canonicalUrl": "https://foursquare.com/item/4c89ee881797236ac02d5d88", "todo": {"count": 0}, "disagreeCount": 0}, {"logView": true, "lang": "en", "createdAt": 1263124176, "agreeCount": 0, "likes": {"groups": [], "count": 0}, "id": "4b49bed070c603bb8e7890b4", "text": "Try the chilli crabs! Yummy", "type": "user", "user": {"gender": "female", "id": "189858", "photo": {"prefix": "https://igx.4sqi.net/img/user/", "default": true, "suffix": "/blank_girl.png"}, "firstName": "Shirley", "lastName": "Onh"}, "canonicalUrl": "https://foursquare.com/item/4b49bed070c603bb8e7890b4", "todo": {"count": 1}, "disagreeCount": 0}, {"logView": true, "lang": "en", "createdAt": 1304705545, "agreeCount": 0, "likes": {"groups": [], "count": 0}, "id": "4dc43a09d22dafda2f85e5a6", "text": "The Ba Chor mee rocks", "type": "user", "user": {"gender": "female", "id": "4626910", "photo": {"prefix": "https://igx.4sqi.net/img/user/", "suffix": "/RKNX5MSI1SAZUVKB.jpg"}, "firstName": "Adelaide", "lastName": "Ng"}, "canonicalUrl": "https://foursquare.com/item/4dc43a09d22dafda2f85e5a6", "todo": {"count": 0}, "disagreeCount": 0}, {"logView": true, "lang": "en", "createdAt": 1288240538, "agreeCount": 0, "likes": {"groups": [], "count": 0}, "id": "4cc8fd9a5c7e8cfadfd84166", "text": "Bak chor mee is well known and tasty!", "type": "user", "user": {"gender": "female", "id": "2818587", "photo": {"prefix": "https://igx.4sqi.net/img/user/", "suffix": "/HVUTEXD0BL3ENFEK.jpg"}, "firstName": "E", "lastName": "L"}, "canonicalUrl": "https://foursquare.com/item/4cc8fd9a5c7e8cfadfd84166", "todo": {"count": 0}, "disagreeCount": 0}, {"logView": true, "lang": "en", "photo": {"id": "5629d463498e823846fd6b5f", "visibility": "public", "source": {"name": "Foursquare for iOS", "url": "https://foursquare.com/download/#/iphone"}, "suffix": "/83962501_zV1hTjSh3RkpNjO1fGNTPD5DXrdVYNTL-IuEfIKFUzY.jpg", "createdAt": 1445581923, "prefix": "https://igx.4sqi.net/img/general/", "width": 1440, "height": 1440}, "createdAt": 1445581918, "todo": {"count": 0}, "agreeCount": 0, "likes": {"groups": [], "count": 0}, "id": "5629d45e498e644f98b84a22", "text": "best duck rice ever! start your lunch before 12pm to try their noodles and wanton soup, or else it'll get sold out pretty early. Go after 2pm and risk the stall being closed.", "disagreeCount": 0, "user": {"gender": "female", "id": "83962501", "photo": {"prefix": "https://igx.4sqi.net/img/user/", "suffix": "/83962501-I300JQBUPAOH1GIE.jpg"}, "firstName": "Kristie", "lastName": "Sim"}, "canonicalUrl": "https://foursquare.com/item/5629d45e498e644f98b84a22", "type": "user", "photourl": "https://igx.4sqi.net/img/general/original/83962501_zV1hTjSh3RkpNjO1fGNTPD5DXrdVYNTL-IuEfIKFUzY.jpg"}, {"logView": true, "lang": "en", "createdAt": 1378183188, "agreeCount": 0, "likes": {"groups": [], "count": 0}, "id": "5225681411d27e4a9bbb2d26", "text": "Must try the char stew and roast pork", "type": "user", "user": {"gender": "female", "id": "4759090", "photo": {"prefix": "https://igx.4sqi.net/img/user/", "suffix": "/PKFPJ3L4MD12RZW0.jpg"}, "firstName": "Shawna", "lastName": "Liu"}, "canonicalUrl": "https://foursquare.com/item/5225681411d27e4a9bbb2d26", "todo": {"count": 0}, "disagreeCount": 0}, {"logView": true, "lang": "en", "createdAt": 1275458924, "agreeCount": 0, "likes": {"groups": [], "count": 0}, "id": "4c05f56c70c603bbbd089eb4", "text": "very tasty tenderfresh chicken!", "type": "user", "user": {"gender": "male", "id": "397600", "photo": {"prefix": "https://igx.4sqi.net/img/user/", "suffix": "/0NWDETXBMCHQG351.jpg"}, "firstName": "Jeff", "lastName": "Shi"}, "canonicalUrl": "https://foursquare.com/item/4c05f56c70c603bbbd089eb4", "todo": {"count": 1}, "disagreeCount": 0}, {"logView": true, "lang": "en", "createdAt": 1296434840, "agreeCount": 0, "likes": {"groups": [], "count": 0}, "id": "4d4606983616b60c9e3cf4c2", "text": "The kaya + butter toast bread is crap!!", "type": "user", "user": {"gender": "male", "id": "4724482", "photo": {"prefix": "https://igx.4sqi.net/img/user/", "suffix": "/GEHZ1QFAJAFM1EHB.jpg"}, "firstName": "Abraham", "lastName": "Tang"}, "canonicalUrl": "https://foursquare.com/item/4d4606983616b60c9e3cf4c2", "todo": {"count": 0}, "disagreeCount": 0}, {"authorInteractionType": "meh", "logView": true, "lang": "en", "createdAt": 1291722678, "agreeCount": 0, "likes": {"groups": [], "count": 0}, "id": "4cfe1fb6feec6dcbbdf55536", "text": "Recently renovated. Much brighter and cleaner now.", "type": "user", "user": {"id": "130907", "photo": {"prefix": "https://igx.4sqi.net/img/user/", "suffix": "/130907_1259465568737.png"}, "firstName": "Chu Yeow", "gender": "male"}, "canonicalUrl": "https://foursquare.com/item/4cfe1fb6feec6dcbbdf55536", "todo": {"count": 0}, "disagreeCount": 0}, {"logView": true, "lang": "en", "createdAt": 1272951486, "agreeCount": 0, "likes": {"groups": [], "count": 0}, "id": "4bdfb2be70c603bb8b369ab4", "text": "Go to tzechar stall & order Singapore Beehoon (xin zhou mee fen): Quality & quantity at a low price!", "type": "user", "user": {"gender": "female", "id": "350606", "photo": {"prefix": "https://igx.4sqi.net/img/user/", "suffix": "/H253G4MEO3EKZIGT.jpg"}, "firstName": "Jolene", "lastName": "Shark"}, "canonicalUrl": "https://foursquare.com/item/4bdfb2be70c603bb8b369ab4", "todo": {"count": 1}, "disagreeCount": 0}], "count": 32}}}