{"meta": {"code": 200, "requestId": "595a4c14db04f562ef733906"}, "response": {"tips": {"items": [{"logView": true, "lang": "en", "createdAt": 1316520348, "agreeCount": 0, "likes": {"groups": [{"items": [], "count": 1, "type": "others"}], "summary": "1 like", "count": 1}, "id": "4e78819c22714e6e5effc4c6", "text": "King Sambal is spicy, but tasty.  A tad pricey for simple food and casual interior. Try some of the unusual dishes!", "type": "user", "user": {"id": "159313", "photo": {"prefix": "https://igx.4sqi.net/img/user/", "suffix": "/BYVBZXVFEVAJS15K.jpg"}, "firstName": "sheepie", "gender": "male"}, "canonicalUrl": "https://foursquare.com/item/4e78819c22714e6e5effc4c6", "todo": {"count": 0}, "disagreeCount": 0}, {"authorInteractionType": "liked", "logView": true, "lang": "en", "photo": {"id": "569a1d5e498e2f39601d4cbf", "visibility": "public", "source": {"name": "Foursquare for iOS", "url": "https://foursquare.com/download/#/iphone"}, "suffix": "/5336359_3XPD4-6AdAOYe0CCUPM5aYii9g_oiVUTc_9UYOv5Uok.jpg", "createdAt": 1452940638, "prefix": "https://igx.4sqi.net/img/general/", "width": 1920, "height": 1080}, "createdAt": 1452940635, "todo": {"count": 0}, "agreeCount": 0, "likes": {"groups": [], "count": 0}, "id": "569a1d5b498e0e56aa047ec5", "text": "Fantastic \u7334\u5934\u83c7\u3002many of the dishes are worth trying. Very close to non-veg one. \ud83d\udc4d\ud83c\udffb", "disagreeCount": 0, "user": {"gender": "male", "id": "5336359", "photo": {"prefix": "https://igx.4sqi.net/img/user/", "suffix": "/T5OC0ZZATBKDDHJU.jpg"}, "firstName": "Choon Heng", "lastName": "Lim"}, "canonicalUrl": "https://foursquare.com/item/569a1d5b498e0e56aa047ec5", "type": "user", "photourl": "https://igx.4sqi.net/img/general/original/5336359_3XPD4-6AdAOYe0CCUPM5aYii9g_oiVUTc_9UYOv5Uok.jpg"}, {"logView": true, "lang": "en", "createdAt": 1303551859, "agreeCount": 0, "likes": {"groups": [], "count": 0}, "id": "4db29f735da3944066bb7cc4", "text": "Cereal tofu a must-try", "type": "user", "user": {"gender": "male", "id": "4270945", "photo": {"prefix": "https://igx.4sqi.net/img/user/", "suffix": "/4270945-00FTEAHXZ0ATCOSD.jpg"}, "firstName": "Felix", "lastName": "A."}, "canonicalUrl": "https://foursquare.com/item/4db29f735da3944066bb7cc4", "todo": {"count": 0}, "disagreeCount": 0}, {"logView": true, "lang": "en", "createdAt": 1420975239, "agreeCount": 0, "likes": {"groups": [], "count": 0}, "id": "54b25c87498ed5118e7fa4e0", "text": "Curry and the brown rice.. Excellent!", "type": "user", "user": {"gender": "female", "id": "4768948", "photo": {"prefix": "https://igx.4sqi.net/img/user/", "suffix": "/4768948-SDYJRY5OLIZD534B.jpg"}, "firstName": "Dre", "lastName": "Michelotti"}, "canonicalUrl": "https://foursquare.com/item/54b25c87498ed5118e7fa4e0", "todo": {"count": 0}, "disagreeCount": 0}, {"authorInteractionType": "liked", "logView": true, "lang": "en", "createdAt": 1387457021, "agreeCount": 1, "likes": {"groups": [{"items": [{"gender": "male", "id": "12041885", "photo": {"prefix": "https://igx.4sqi.net/img/user/", "suffix": "/GJVYO2XHEIOZEALW.jpg"}, "firstName": "Sanjay", "lastName": "Mehta"}], "count": 1, "type": "others"}], "summary": "1 like", "count": 1}, "id": "52b2e9fd11d2cca4e26f104a", "text": "This place is awesome. The food is delicious - try the sweet & sour, and the duck style 'crispy delight' - wonderfully prepared food, and my carnivore partner loved it too.", "type": "user", "user": {"gender": "male", "id": "1119319", "photo": {"prefix": "https://igx.4sqi.net/img/user/", "suffix": "/1119319_nv1aKbzu_d1vyE4igDcs8UBpNVinNfbxbW64iKdjjfGJEY0Mvu7VFbOR-ir8vwAoj3uSwRFcw.jpg"}, "firstName": "Jon", "lastName": "Bills"}, "canonicalUrl": "https://foursquare.com/item/52b2e9fd11d2cca4e26f104a", "todo": {"count": 0}, "disagreeCount": 0}, {"logView": true, "lang": "en", "createdAt": 1412145983, "agreeCount": 0, "likes": {"groups": [], "count": 0}, "id": "542ba33f498e77ab1dcd13ae", "text": "Claim to be the only vegetarian Thai & Peranakan place. Not hard! The beauty enzyme is a great low alcohol health drink, Penang rendang is great as is all the food really, shame the service ruins it!", "type": "user", "user": {"gender": "female", "id": "94967994", "photo": {"prefix": "https://igx.4sqi.net/img/user/", "suffix": "/94967994-CXBEUY34IEV5AYI1.jpg"}, "firstName": "Elika", "lastName": "Mather"}, "canonicalUrl": "https://foursquare.com/item/542ba33f498e77ab1dcd13ae", "todo": {"count": 0}, "disagreeCount": 0}, {"logView": true, "lang": "en", "createdAt": 1472628198, "agreeCount": 0, "likes": {"groups": [], "count": 0}, "id": "57c685e6498ef0482940b86f", "text": "One of the yummiest veg food option in town.", "type": "user", "user": {"gender": "female", "id": "16293643", "photo": {"prefix": "https://igx.4sqi.net/img/user/", "suffix": "/16293643-AWW2SLZLTQKSHPPZ.jpg"}, "firstName": "Joey", "lastName": "Lim"}, "canonicalUrl": "https://foursquare.com/item/57c685e6498ef0482940b86f", "todo": {"count": 0}, "disagreeCount": 0}, {"logView": true, "lang": "en", "createdAt": 1313500477, "agreeCount": 0, "likes": {"groups": [], "count": 0}, "id": "4e4a6d3dfa76a0c058cf83a7", "text": "Pricing a little on the high side. Serving is average, a fair meal for two can easily cost around 70-80. It is simple food, not tasty. Overall experience 6/10.", "type": "user", "user": {"gender": "male", "id": "3298999", "photo": {"prefix": "https://igx.4sqi.net/img/user/", "suffix": "/LLTSM5FJRBCZJHDG.jpg"}, "firstName": "Eric", "lastName": "Nakitas"}, "canonicalUrl": "https://foursquare.com/item/4e4a6d3dfa76a0c058cf83a7", "todo": {"count": 0}, "disagreeCount": 0}, {"authorInteractionType": "liked", "logView": true, "lang": "en", "createdAt": 1398638297, "agreeCount": 1, "likes": {"groups": [{"items": [{"gender": "male", "id": "1339539", "photo": {"prefix": "https://igx.4sqi.net/img/user/", "suffix": "/1339539-AIRJPNFKHLZSMUDJ.jpg"}, "firstName": "Ian", "lastName": "Thomtori"}], "count": 1, "type": "others"}], "summary": "1 like", "count": 1}, "id": "535d86d9498ed0c0ead940e4", "text": "Penang rendang, sambal kangkong & olive brown rice were awesome :))", "type": "user", "user": {"id": "726572", "photo": {"prefix": "https://igx.4sqi.net/img/user/", "suffix": "/726572-DPDCKVWWB5HI4LYQ.jpg"}, "firstName": "cui", "gender": "none"}, "canonicalUrl": "https://foursquare.com/item/535d86d9498ed0c0ead940e4", "todo": {"count": 0}, "disagreeCount": 0}, {"authorInteractionType": "liked", "logView": true, "lang": "en", "photo": {"id": "56616dff498ec4e6d381b59f", "visibility": "public", "source": {"name": "Foursquare for iOS", "url": "https://foursquare.com/download/#/iphone"}, "suffix": "/9187957_9LZFjx0fWToBZomnysSkkVwEntaSaD_U0-FDhndDn3M.jpg", "createdAt": 1449225727, "prefix": "https://igx.4sqi.net/img/general/", "width": 1440, "height": 1920}, "createdAt": 1449225677, "todo": {"count": 0}, "agreeCount": 0, "likes": {"groups": [], "count": 0}, "id": "56616dcd498e1eab4031ad1c", "text": "This place is amazing. Try the broccoli with monkeyhead mushrooms and the olive brown rice. For desert try the golden pumpkin with coconut milk.", "disagreeCount": 0, "user": {"gender": "male", "id": "9187957", "photo": {"prefix": "https://igx.4sqi.net/img/user/", "suffix": "/9187957-IHKVXXSGSL05QSX3.jpg"}, "firstName": "Shady", "lastName": "ElAsra"}, "canonicalUrl": "https://foursquare.com/item/56616dcd498e1eab4031ad1c", "type": "user", "photourl": "https://igx.4sqi.net/img/general/original/9187957_9LZFjx0fWToBZomnysSkkVwEntaSaD_U0-FDhndDn3M.jpg"}, {"logView": true, "lang": "en", "createdAt": 1292821143, "agreeCount": 0, "likes": {"groups": [{"items": [], "count": 1, "type": "others"}], "summary": "1 like", "count": 1}, "id": "4d0ee297e23654817f3f6fea", "text": "I like the Olive Rice and abalone mushroom with veggie", "type": "user", "user": {"gender": "female", "id": "4706963", "photo": {"prefix": "https://igx.4sqi.net/img/user/", "suffix": "/OJINFL2ZKNGBJ421.jpg"}, "firstName": "Melissa", "lastName": "Ng"}, "canonicalUrl": "https://foursquare.com/item/4d0ee297e23654817f3f6fea", "todo": {"count": 0}, "disagreeCount": 0}, {"logView": true, "lang": "en", "createdAt": 1313501506, "agreeCount": 0, "likes": {"groups": [{"items": [], "count": 2, "type": "others"}], "summary": "2 likes", "count": 2}, "id": "4e4a714262847afcaf15cf46", "text": "Lemongrass tea is nice, curry is nice n Tom Yam Soup...", "type": "user", "user": {"gender": "female", "id": "12581967", "photo": {"prefix": "https://igx.4sqi.net/img/user/", "suffix": "/SWTBHGJRGKLW4TQ2.jpg"}, "firstName": "Lee", "lastName": "Clara"}, "canonicalUrl": "https://foursquare.com/item/4e4a714262847afcaf15cf46", "todo": {"count": 0}, "disagreeCount": 0}, {"logView": true, "lang": "en", "createdAt": 1272332026, "agreeCount": 0, "likes": {"groups": [], "count": 0}, "id": "4bd63efa70c603bb795b99b4", "text": "Lunch is nice and relaxing. The crispy seaweed appetizer is great.", "type": "user", "user": {"gender": "male", "id": "1028297", "photo": {"prefix": "https://igx.4sqi.net/img/user/", "suffix": "/2KPPS4UQRELQG5BK.jpg"}, "firstName": "Wayne", "lastName": "Ma"}, "canonicalUrl": "https://foursquare.com/item/4bd63efa70c603bb795b99b4", "todo": {"count": 0}, "disagreeCount": 0}, {"logView": true, "lang": "en", "createdAt": 1328880110, "agreeCount": 0, "likes": {"groups": [{"items": [], "count": 1, "type": "others"}], "summary": "1 like", "count": 1}, "id": "4f3519eee4b0d361ebc85c86", "text": "Good food but massively over-priced! :-(", "type": "user", "user": {"gender": "female", "id": "4422877", "photo": {"prefix": "https://igx.4sqi.net/img/user/", "suffix": "/UVKOBNAHSEBUHOSK.jpg"}, "firstName": "Evelyn", "lastName": "Woo"}, "canonicalUrl": "https://foursquare.com/item/4f3519eee4b0d361ebc85c86", "todo": {"count": 0}, "disagreeCount": 0}, {"authorInteractionType": "liked", "logView": true, "lang": "en", "createdAt": 1429194592, "agreeCount": 0, "likes": {"groups": [], "count": 0}, "id": "552fc760498e30a22b2ea8f3", "text": "One of my favorite vegetarian restaurants. Peranakan, thai and other options.. Recommend olive brown rice, sambal... Get it spicy!", "type": "user", "user": {"gender": "male", "id": "90561018", "photo": {"prefix": "https://igx.4sqi.net/img/user/", "suffix": "/90561018-QMZGFTF3W2KTUAU3.jpg"}, "firstName": "John", "lastName": "Antos"}, "canonicalUrl": "https://foursquare.com/item/552fc760498e30a22b2ea8f3", "todo": {"count": 0}, "disagreeCount": 0}, {"logView": true, "lang": "en", "createdAt": 1309868076, "agreeCount": 0, "likes": {"groups": [], "count": 0}, "id": "4e13002c6284edb6bae4d993", "text": "Crispy seaweed is nice", "type": "user", "user": {"gender": "male", "id": "2016878", "photo": {"prefix": "https://igx.4sqi.net/img/user/", "suffix": "/2016878-2X3GDDBLWXAUET1U"}, "firstName": "Elvin", "lastName": "Yeo"}, "canonicalUrl": "https://foursquare.com/item/4e13002c6284edb6bae4d993", "todo": {"count": 0}, "disagreeCount": 0}, {"authorInteractionType": "meh", "logView": true, "lang": "en", "createdAt": 1471666806, "agreeCount": 0, "likes": {"groups": [], "count": 0}, "id": "57b7da76498e435079d97c0f", "text": "If you're a hardcore vegetarian this must be a dream. I was definitely impressed with the faux meats in the curry and rendang we ordered. But the flavors somehow came across as adjusted to me.", "type": "user", "user": {"gender": "male", "id": "15009", "photo": {"prefix": "https://igx.4sqi.net/img/user/", "suffix": "/15009-MI4OIOYSN1GRXT53.jpg"}, "firstName": "Kars", "lastName": "Alfrink"}, "canonicalUrl": "https://foursquare.com/item/57b7da76498e435079d97c0f", "todo": {"count": 0}, "disagreeCount": 0}, {"authorInteractionType": "liked", "logView": true, "lang": "en", "createdAt": 1449225708, "agreeCount": 0, "likes": {"groups": [], "count": 0}, "id": "56616dec498e606426d01378", "text": "Vegan food", "type": "user", "user": {"gender": "male", "id": "9187957", "photo": {"prefix": "https://igx.4sqi.net/img/user/", "suffix": "/9187957-IHKVXXSGSL05QSX3.jpg"}, "firstName": "Shady", "lastName": "ElAsra"}, "canonicalUrl": "https://foursquare.com/item/56616dec498e606426d01378", "todo": {"count": 0}, "disagreeCount": 0}, {"authorInteractionType": "liked", "logView": true, "lang": "en", "createdAt": 1457790604, "agreeCount": 0, "likes": {"groups": [], "count": 0}, "id": "56e41e8c498e50e857be6d19", "text": "Tom yum fried rice and golden nuggets \ud83d\udc4c\ud83c\udffc", "type": "user", "user": {"gender": "female", "id": "194818", "photo": {"prefix": "https://igx.4sqi.net/img/user/", "suffix": "/194818-LPREZBDOHMWVZVRG.jpg"}, "firstName": "Amy", "lastName": "Pak"}, "canonicalUrl": "https://foursquare.com/item/56e41e8c498e50e857be6d19", "todo": {"count": 0}, "disagreeCount": 0}, {"logView": true, "lang": "en", "createdAt": 1393746078, "agreeCount": 0, "likes": {"groups": [], "count": 0}, "id": "5312e09e498e8dc1344685b1", "text": "Great place to get your green on. Food is good too. Carnivores, don't even for a moment expect all that mock meat to taste like the real thing but do come here with an open mind.", "type": "user", "user": {"gender": "female", "id": "20593720", "photo": {"prefix": "https://igx.4sqi.net/img/user/", "suffix": "/20593720-QSFYCJSHDJ3PANNG.jpg"}, "firstName": "Natasha", "lastName": "Mitter"}, "canonicalUrl": "https://foursquare.com/item/5312e09e498e8dc1344685b1", "todo": {"count": 0}, "disagreeCount": 0}, {"authorInteractionType": "liked", "logView": true, "lang": "en", "photo": {"id": "59465011002f4c4e8544e513", "visibility": "friends", "source": {"name": "Swarm for iOS", "url": "https://www.swarmapp.com"}, "suffix": "/727343_U9EfiGe_94DUJYbN4N2qLmvvpE7rgLdI_aHYc8MYm1Y.jpg", "createdAt": 1497780241, "prefix": "https://igx.4sqi.net/img/general/", "width": 1920, "height": 1440}, "createdAt": 1498226456, "todo": {"count": 0}, "agreeCount": 0, "likes": {"groups": [], "count": 0}, "id": "594d1f184940bc4eb156ef50", "text": "The Penang Curry is legit vegetarian curry that tastes like real chicken curry, down to the texture. Also love the different kinds of mushroom they use.  Dinner reservations on weekends required.", "disagreeCount": 0, "user": {"id": "727343", "photo": {"prefix": "https://igx.4sqi.net/img/user/", "suffix": "/EVWQFM3AHWJSPXNO.jpg"}, "firstName": "Edd", "gender": "male"}, "canonicalUrl": "https://foursquare.com/item/594d1f184940bc4eb156ef50", "type": "user", "photourl": "https://igx.4sqi.net/img/general/original/727343_U9EfiGe_94DUJYbN4N2qLmvvpE7rgLdI_aHYc8MYm1Y.jpg"}, {"logView": true, "lang": "en", "createdAt": 1270734262, "agreeCount": 1, "likes": {"groups": [{"items": [{"gender": "male", "id": "20713344", "photo": {"prefix": "https://igx.4sqi.net/img/user/", "suffix": "/20713344-5HCVVZFGRDODMWNY.jpg"}, "firstName": "Kingsley", "lastName": "Younger"}], "count": 1, "type": "others"}], "summary": "1 like", "count": 1}, "id": "4bbdddb670c603bb902397b4", "text": "Food is fantastic but don't go after 8:30pm.  The bill arrives in the middle of your meal, the air con off before you've finished eating and plates snatched away as soon as the last mouthful gone!", "type": "user", "user": {"gender": "male", "id": "660687", "photo": {"prefix": "https://igx.4sqi.net/img/user/", "suffix": "/LH5GN0YLRHZJ045P.jpg"}, "firstName": "Toby", "lastName": "Phipps"}, "canonicalUrl": "https://foursquare.com/item/4bbdddb670c603bb902397b4", "todo": {"count": 0}, "disagreeCount": 0}, {"logView": true, "lang": "en", "photo": {"id": "58fe3912f0ca9540b11b2ee6", "visibility": "public", "source": {"name": "Foursquare for iOS", "url": "https://foursquare.com/download/#/iphone"}, "suffix": "/40079244_6q1bllfXgk3JWj6GQcdNX9chfMz70zZGV7e_UBDmbL4.jpg", "createdAt": 1493055762, "prefix": "https://igx.4sqi.net/img/general/", "width": 1440, "height": 1440}, "createdAt": 1493055753, "todo": {"count": 0}, "agreeCount": 0, "likes": {"groups": [], "count": 0}, "id": "58fe3909d0a1490c47088bc4", "text": "It's one of my favorite vegetarian spot in Singapore.There''a Asian,Chinese, Vegan,GlutenFreeOptions.Pick at random, everything will be tasty.Works quite uncomfortable fr11-15pm &17-22. Price f2-$80", "disagreeCount": 0, "user": {"gender": "female", "id": "40079244", "photo": {"prefix": "https://igx.4sqi.net/img/user/", "suffix": "/40079244_qa8uTAMe_xwUQ7XbAjvBach18gooQuzGv-r_cbjkcsu2lltzUCp4YRB_yCNb3hKYzKqlZbtZM.jpg"}, "firstName": "Natalya", "lastName": "Shanty"}, "canonicalUrl": "https://foursquare.com/item/58fe3909d0a1490c47088bc4", "type": "user", "photourl": "https://igx.4sqi.net/img/general/original/40079244_6q1bllfXgk3JWj6GQcdNX9chfMz70zZGV7e_UBDmbL4.jpg"}, {"logView": true, "lang": "en", "createdAt": 1283587350, "agreeCount": 0, "likes": {"groups": [{"items": [], "count": 3, "type": "others"}], "summary": "3 likes", "count": 3}, "id": "4c81fd16d8086dcb05797252", "text": "I love the crispy seaweed appetizer!", "type": "user", "user": {"gender": "female", "id": "1028360", "photo": {"prefix": "https://igx.4sqi.net/img/user/", "suffix": "/KI2GFWOJ2GOYBNDV.jpg"}, "firstName": "Mei", "lastName": "Leong"}, "canonicalUrl": "https://foursquare.com/item/4c81fd16d8086dcb05797252", "todo": {"count": 0}, "disagreeCount": 0}, {"logView": true, "lang": "en", "createdAt": 1334908765, "agreeCount": 0, "likes": {"groups": [], "count": 0}, "id": "4f91175de4b079cca3d66028", "text": "Home made fish ball soup with sour plum is tasty. Large portions. But everything is overpriced.", "type": "user", "user": {"id": "4328623", "photo": {"prefix": "https://igx.4sqi.net/img/user/", "suffix": "/-DVYUBGV2Q2OL3Y2V.jpg"}, "firstName": "natasha", "gender": "female"}, "canonicalUrl": "https://foursquare.com/item/4f91175de4b079cca3d66028", "todo": {"count": 0}, "disagreeCount": 0}, {"authorInteractionType": "liked", "logView": true, "lang": "en", "createdAt": 1457870774, "agreeCount": 0, "likes": {"groups": [], "count": 0}, "id": "56e557b6498e5c0ffa511915", "text": "Sambal aubergine changed my life.", "type": "user", "user": {"gender": "female", "id": "79813991", "photo": {"prefix": "https://igx.4sqi.net/img/user/", "suffix": "/79813991-4CAHRPH24LSQJEGJ.jpg"}, "firstName": "Alice", "lastName": "Fulwood"}, "canonicalUrl": "https://foursquare.com/item/56e557b6498e5c0ffa511915", "todo": {"count": 0}, "disagreeCount": 0}, {"authorInteractionType": "liked", "logView": true, "lang": "en", "createdAt": 1479141395, "agreeCount": 0, "likes": {"groups": [], "count": 0}, "id": "5829e8137622bc2822adbdfc", "text": "Delicious  vegetarian mock up of most favourite south east asian dishes. Try the \"beef\" rendang", "type": "user", "user": {"gender": "male", "id": "18415077", "photo": {"prefix": "https://igx.4sqi.net/img/user/", "suffix": "/XMAP3G3TNB53NX4P.jpg"}, "firstName": "Amiro", "lastName": "P."}, "canonicalUrl": "https://foursquare.com/item/5829e8137622bc2822adbdfc", "todo": {"count": 0}, "disagreeCount": 0}, {"logView": true, "lang": "en", "createdAt": 1307002096, "todo": {"count": 6}, "agreeCount": 2, "likes": {"groups": [{"items": [{"gender": "female", "id": "92314315", "photo": {"prefix": "https://igx.4sqi.net/img/user/", "suffix": "/92314315-KA1SFJVJXKFFMJ0Y.jpg"}, "firstName": "Enteen", "lastName": "Yap"}, {"id": "12305570", "photo": {"prefix": "https://igx.4sqi.net/img/user/", "suffix": "/12305570-J3K4UGYLG55R2V4G.jpg"}, "firstName": "Saudade", "gender": "female"}], "count": 2, "type": "others"}], "summary": "2 likes", "count": 2}, "id": "4de744f06365894c51200df6", "text": "A two storey vegetarian restaurant with a topographythemed wall entices a forest-like theme to the place. Try their meat-impersonating Penang Rendang, using mushrooms to pass off as beef strips.", "disagreeCount": 0, "url": "http://www.timeoutsingapore.com/restaurants/vegetarian/whole-earth", "user": {"id": "8600365", "photo": {"prefix": "https://igx.4sqi.net/img/user/", "suffix": "/QUK2HJNZBYJPUI43.jpg"}, "firstName": "Time Out Singapore", "type": "page", "gender": "none"}, "canonicalUrl": "https://foursquare.com/item/4de744f06365894c51200df6", "type": "user"}, {"logView": true, "lang": "en", "createdAt": 1403322079, "agreeCount": 0, "likes": {"groups": [], "count": 0}, "id": "53a4fedf498ed511ebe4b5e1", "text": "Olive rice and Tom yum soup are yummy.", "type": "user", "user": {"gender": "female", "id": "2956319", "photo": {"prefix": "https://igx.4sqi.net/img/user/", "suffix": "/QX12F0JJ3LJGJIO4.jpg"}, "firstName": "Kai", "lastName": "Ong"}, "canonicalUrl": "https://foursquare.com/item/53a4fedf498ed511ebe4b5e1", "todo": {"count": 0}, "disagreeCount": 0}, {"authorInteractionType": "liked", "logView": true, "lang": "en", "createdAt": 1438172877, "agreeCount": 0, "likes": {"groups": [], "count": 0}, "id": "55b8c6cd498e2684f3c367cc", "text": "Loved the cereal tofu and sambal oyster mushroom! Flavorful and filling! \ud83d\udc4d\ud83c\udffc", "type": "user", "user": {"id": "1207840", "photo": {"prefix": "https://igx.4sqi.net/img/user/", "suffix": "/1207840-3ELJWEZZUVAHNCNO.jpg"}, "firstName": "joahnna", "gender": "female"}, "canonicalUrl": "https://foursquare.com/item/55b8c6cd498e2684f3c367cc", "todo": {"count": 0}, "disagreeCount": 0}, {"authorInteractionType": "liked", "logView": true, "lang": "en", "createdAt": 1430146824, "agreeCount": 0, "likes": {"groups": [], "count": 0}, "id": "553e4f08498e7d7b944d8cc0", "text": "Awesome thai and peranakan vegetarian food. Penang rendang, ngoh hiang and monkeyhead mushroom nuggets w oats were so delicious. Prices not that cheap tho.", "type": "user", "user": {"gender": "female", "id": "42668193", "photo": {"prefix": "https://igx.4sqi.net/img/user/", "suffix": "/TD0GT2403DBIQDT5.jpg"}, "firstName": "Elizabeth", "lastName": "Lee"}, "canonicalUrl": "https://foursquare.com/item/553e4f08498e7d7b944d8cc0", "todo": {"count": 0}, "disagreeCount": 0}, {"authorInteractionType": "liked", "logView": true, "lang": "en", "photo": {"id": "5613b9d5498e18c9777f40f2", "visibility": "friends", "source": {"name": "Swarm for iOS", "url": "https://www.swarmapp.com"}, "suffix": "/74608336_0WyuftUvXMdvvGe2_p9rjUwfQJVNppnW-9H1XlcITw0.jpg", "createdAt": 1444133333, "prefix": "https://igx.4sqi.net/img/general/", "width": 1920, "height": 1440}, "createdAt": 1444133333, "todo": {"count": 0}, "agreeCount": 1, "likes": {"groups": [{"items": [{"gender": "male", "id": "15675936", "photo": {"prefix": "https://igx.4sqi.net/img/user/", "suffix": "/QHOL4XDQ0XGUGYB3.jpg"}, "firstName": "Gilbert", "lastName": "Mnz"}], "count": 1, "type": "others"}], "summary": "1 like", "count": 1}, "id": "5613b9d5498e18c9777f40f3", "text": "Love everything i order from penang rendang, olive brown rice, monkeyhead, soup till lemongrass \ud83d\ude0d\ud83d\ude0d\ud83d\ude0d\ud83d\ude0d\ud83d\ude0d", "disagreeCount": 0, "user": {"gender": "female", "id": "74608336", "photo": {"prefix": "https://igx.4sqi.net/img/user/", "suffix": "/74608336-WD1FW220PGMRMONG.jpg"}, "firstName": "Aryani K.", "lastName": "Putri"}, "canonicalUrl": "https://foursquare.com/item/5613b9d5498e18c9777f40f3", "type": "user", "photourl": "https://igx.4sqi.net/img/general/original/74608336_0WyuftUvXMdvvGe2_p9rjUwfQJVNppnW-9H1XlcITw0.jpg"}, {"logView": true, "lang": "en", "createdAt": 1291556367, "agreeCount": 0, "likes": {"groups": [{"items": [], "count": 1, "type": "others"}], "summary": "1 like", "count": 1}, "id": "4cfb960fa6c76a31b93e9f5f", "text": "Good range of Peranakan and Thai style vegetarian dishes.  Loved the Sambal King!  The brown rice olive rice was really tasty too.", "type": "user", "user": {"gender": "male", "id": "59364", "photo": {"prefix": "https://igx.4sqi.net/img/user/", "suffix": "/59364_1259999760639.jpg"}, "firstName": "Vinoaj", "lastName": "Vijeyakumaar"}, "canonicalUrl": "https://foursquare.com/item/4cfb960fa6c76a31b93e9f5f", "todo": {"count": 1}, "disagreeCount": 0}, {"logView": true, "lang": "en", "createdAt": 1324526286, "agreeCount": 0, "likes": {"groups": [], "count": 0}, "id": "4ef2aaceb8f7f381f73afcab", "text": "Rendang is the BEST EVER vegan thing.", "type": "user", "user": {"id": "1419769", "photo": {"prefix": "https://igx.4sqi.net/img/user/", "suffix": "/21L5H1AYOL2MRFDA.jpg"}, "firstName": "femmefauxpas", "gender": "female"}, "canonicalUrl": "https://foursquare.com/item/4ef2aaceb8f7f381f73afcab", "todo": {"count": 0}, "disagreeCount": 0}], "count": 34}}}