{"meta": {"code": 200, "requestId": "595a4d4adb04f562ef7d20c6"}, "response": {"tips": {"items": [{"logView": true, "lang": "en", "createdAt": 1302427530, "agreeCount": 0, "likes": {"groups": [{"items": [], "count": 2, "type": "others"}], "summary": "2 likes", "count": 2}, "id": "4da1778a63b5a35dae17e919", "text": "24hours! Good study place!(;", "type": "user", "user": {"gender": "none", "id": "5038703", "photo": {"prefix": "https://igx.4sqi.net/img/user/", "suffix": "/BCISHQI2EFGCEVVY.jpg"}, "firstName": "angiee", "lastName": "yeo"}, "canonicalUrl": "https://foursquare.com/item/4da1778a63b5a35dae17e919", "todo": {"count": 0}, "disagreeCount": 0}, {"logView": true, "lang": "en", "createdAt": 1299947571, "agreeCount": 0, "likes": {"groups": [], "count": 0}, "id": "4d7ba03334f7721ee8b0b525", "text": "Unique Iced Mocha taste that might not suit your taste bud.", "type": "user", "user": {"gender": "male", "id": "114103", "photo": {"prefix": "https://igx.4sqi.net/img/user/", "suffix": "/EI2TMDGVJ1U2QMP5.jpg"}, "firstName": "Jeffrey", "lastName": "Ning"}, "canonicalUrl": "https://foursquare.com/item/4d7ba03334f7721ee8b0b525", "todo": {"count": 0}, "disagreeCount": 0}, {"logView": true, "lang": "en", "createdAt": 1295177531, "agreeCount": 0, "likes": {"groups": [{"items": [], "count": 3, "type": "others"}], "summary": "3 likes", "count": 3}, "id": "4d32d73beefa8cfa980d3bb3", "text": "A cozy place to have a cuppa but the air con way too cold", "type": "user", "user": {"gender": "male", "id": "4621191", "photo": {"prefix": "https://igx.4sqi.net/img/user/", "suffix": "/VE1C24QXIFAPOXXH.jpg"}, "firstName": "Yazid", "lastName": "Jaffar"}, "canonicalUrl": "https://foursquare.com/item/4d32d73beefa8cfa980d3bb3", "todo": {"count": 0}, "disagreeCount": 0}, {"logView": true, "lang": "en", "createdAt": 1307376669, "agreeCount": 0, "likes": {"groups": [], "count": 0}, "id": "4decfc1de4cd5dfe5a5c08d7", "text": "Bring back spicy nuggets please!", "type": "user", "user": {"gender": "female", "id": "9938458", "photo": {"prefix": "https://igx.4sqi.net/img/user/", "suffix": "/MLJRQEXT3ZMOUNX3.jpg"}, "firstName": "Shu", "lastName": "Yuan"}, "canonicalUrl": "https://foursquare.com/item/4decfc1de4cd5dfe5a5c08d7", "todo": {"count": 0}, "disagreeCount": 0}, {"logView": true, "lang": "en", "createdAt": 1364484400, "agreeCount": 0, "likes": {"groups": [], "count": 0}, "id": "51546130e4b0ac96a6552a96", "text": "Nice place to relax with friends after a long day at work", "type": "user", "user": {"gender": "female", "id": "51716779", "photo": {"prefix": "https://igx.4sqi.net/img/user/", "suffix": "/JEGJKWMD3CXBXAWE.jpg"}, "firstName": "Len", "lastName": "Guillen"}, "canonicalUrl": "https://foursquare.com/item/51546130e4b0ac96a6552a96", "todo": {"count": 0}, "disagreeCount": 0}, {"logView": true, "lang": "en", "createdAt": 1314607660, "agreeCount": 0, "likes": {"groups": [], "count": 0}, "id": "4e5b522cd164da2b277aae6a", "text": "Cinnamon Melt and Hot Drink for a rainy afternoon. Nice!", "type": "user", "user": {"gender": "male", "id": "12041885", "photo": {"prefix": "https://igx.4sqi.net/img/user/", "suffix": "/GJVYO2XHEIOZEALW.jpg"}, "firstName": "Sanjay", "lastName": "Mehta"}, "canonicalUrl": "https://foursquare.com/item/4e5b522cd164da2b277aae6a", "todo": {"count": 0}, "disagreeCount": 0}, {"logView": true, "lang": "en", "createdAt": 1317300361, "agreeCount": 0, "likes": {"groups": [], "count": 0}, "id": "4e846889cc215fc8e6fb394e", "text": "Large fries with barbercue sauce...", "type": "user", "user": {"gender": "male", "id": "11327459", "photo": {"prefix": "https://igx.4sqi.net/img/user/", "suffix": "/AST5V4FGHDBT4UQH.jpg"}, "firstName": "Zaid", "lastName": "Hashim"}, "canonicalUrl": "https://foursquare.com/item/4e846889cc215fc8e6fb394e", "todo": {"count": 0}, "disagreeCount": 0}, {"logView": true, "lang": "en", "createdAt": 1301391701, "agreeCount": 0, "likes": {"groups": [], "count": 0}, "id": "4d91a95556a3f04daaf2e741", "text": "Come early and there will be more seats.", "type": "user", "user": {"gender": "female", "id": "6009072", "photo": {"prefix": "https://igx.4sqi.net/img/user/", "suffix": "/JKIS1NIL43O22G0S.jpg"}, "firstName": "Miaojun", "lastName": "Lim"}, "canonicalUrl": "https://foursquare.com/item/4d91a95556a3f04daaf2e741", "todo": {"count": 0}, "disagreeCount": 0}, {"logView": true, "lang": "en", "createdAt": 1298984549, "agreeCount": 1, "likes": {"groups": [{"items": [{"gender": "male", "id": "1527424", "photo": {"prefix": "https://igx.4sqi.net/img/user/", "suffix": "/VEHG3SXMBODC2DOD.jpg"}, "firstName": "Jason", "lastName": "Zhang"}], "count": 1, "type": "others"}], "summary": "1 like", "count": 1}, "id": "4d6cee65edc26dcb9b3bc1a4", "text": "Mc spicy is still the bestt", "type": "user", "user": {"gender": "female", "id": "4109789", "photo": {"prefix": "https://igx.4sqi.net/img/user/", "suffix": "/FBMMDI3NKVZC3RL5.jpg"}, "firstName": "Fana.", "lastName": "M"}, "canonicalUrl": "https://foursquare.com/item/4d6cee65edc26dcb9b3bc1a4", "todo": {"count": 0}, "disagreeCount": 0}, {"logView": true, "lang": "en", "createdAt": 1291703283, "agreeCount": 1, "likes": {"groups": [{"items": [{"gender": "none", "id": "43277889", "photo": {"prefix": "https://igx.4sqi.net/img/user/", "suffix": "/43277889-NFGJKMFMNQYQ1AFF.jpg"}, "firstName": "Shan", "lastName": "Osorio"}], "count": 1, "type": "others"}], "summary": "1 like", "count": 1}, "id": "4cfdd3f32d80a1438d3659d8", "text": "After shopping it's great to take a chill and have a McCafe coffee/frappe/tea/smoothies/cake to smoothens your nerve and let your leg relax.", "type": "user", "user": {"gender": "female", "id": "4440230", "photo": {"prefix": "https://igx.4sqi.net/img/user/", "suffix": "/H5BU3XL4DFWDRC1H.jpg"}, "firstName": "Teo", "lastName": "Manru"}, "canonicalUrl": "https://foursquare.com/item/4cfdd3f32d80a1438d3659d8", "todo": {"count": 0}, "disagreeCount": 0}, {"logView": true, "lang": "en", "createdAt": 1295765353, "agreeCount": 0, "likes": {"groups": [], "count": 0}, "id": "4d3bcf69af8ca143c2c1fbf6", "text": "Double mac spicy is also available for mac value lunch!", "type": "user", "user": {"id": "3086679", "photo": {"prefix": "https://igx.4sqi.net/img/user/", "suffix": "/2AP0YDWVUZHRT1WS.jpg"}, "firstName": "Alex", "gender": "male"}, "canonicalUrl": "https://foursquare.com/item/4d3bcf69af8ca143c2c1fbf6", "todo": {"count": 0}, "disagreeCount": 0}, {"logView": true, "lang": "en", "createdAt": 1290439556, "agreeCount": 0, "likes": {"groups": [{"items": [], "count": 9, "type": "others"}], "summary": "9 likes", "count": 9}, "id": "4cea8b849f776ea84d686922", "text": "Mcspicy is really hot! My nose is melting!", "type": "user", "user": {"gender": "male", "id": "4346600", "photo": {"prefix": "https://igx.4sqi.net/img/user/", "suffix": "/FFYPTBSKTI4CWXBD.jpg"}, "firstName": "Daryl", "lastName": "Tecson"}, "canonicalUrl": "https://foursquare.com/item/4cea8b849f776ea84d686922", "todo": {"count": 1}, "disagreeCount": 0}, {"logView": true, "lang": "en", "createdAt": 1354188160, "agreeCount": 4, "likes": {"groups": [{"items": [{"gender": "female", "id": "20461210", "photo": {"prefix": "https://igx.4sqi.net/img/user/", "suffix": "/PPEKYYZRSAIKFQ5Y.jpg"}, "firstName": "Sharis", "lastName": "Loh"}, {"id": "35922797", "photo": {"prefix": "https://igx.4sqi.net/img/user/", "suffix": "/35922797_FL3Cojdk_3Amj2KKDzTh1v5YmW__AoQ4pCfpzMIE5lY5b4WiCbE0GRJEElpscDjedyOILMxAP.jpg"}, "firstName": "Jiayiii", "gender": "female"}, {"gender": "male", "id": "41130262", "photo": {"prefix": "https://igx.4sqi.net/img/user/", "suffix": "/STZO3O4AP5TFGTL4.jpg"}, "firstName": "\u2764Sim", "lastName": "Mick \ud83d\udc63"}, {"gender": "male", "id": "7837124", "photo": {"prefix": "https://igx.4sqi.net/img/user/", "default": true, "suffix": "/blank_boy.png"}, "firstName": "Ong", "lastName": "Yik tatt"}], "count": 4, "type": "others"}], "summary": "4 likes", "count": 4}, "id": "50b74580e4b0c66a2124d946", "text": "no wifi,refill nid $ -.-", "type": "user", "user": {"gender": "male", "id": "10364474", "photo": {"prefix": "https://igx.4sqi.net/img/user/", "suffix": "/10364474-IZ2OLOCGQISDARKQ.jpg"}, "firstName": "Yik Ching", "lastName": "Chee"}, "canonicalUrl": "https://foursquare.com/item/50b74580e4b0c66a2124d946", "todo": {"count": 0}, "disagreeCount": 0}, {"logView": true, "lang": "en", "createdAt": 1372227423, "agreeCount": 0, "likes": {"groups": [], "count": 0}, "id": "51ca875f498e9fd00c8a9090", "text": "The auntie staff here is rude! Will talk bad about you after you order.", "type": "user", "user": {"gender": "female", "id": "25592088", "photo": {"prefix": "https://igx.4sqi.net/img/user/", "suffix": "/25592088-4I1BSZCJLP1KPPSB.jpg"}, "firstName": "Eunice", "lastName": "Estipona"}, "canonicalUrl": "https://foursquare.com/item/51ca875f498e9fd00c8a9090", "todo": {"count": 0}, "disagreeCount": 0}, {"logView": true, "lang": "en", "createdAt": 1321942345, "agreeCount": 0, "likes": {"groups": [], "count": 0}, "id": "4ecb3d490e61aaf0376dbf79", "text": "Double chocolate frapp \uf44d\uf44d", "type": "user", "user": {"gender": "female", "id": "1753931", "photo": {"prefix": "https://igx.4sqi.net/img/user/", "suffix": "/ZJSUOYL1U2DO4EG5.jpg"}, "firstName": "natalie", "lastName": "tan"}, "canonicalUrl": "https://foursquare.com/item/4ecb3d490e61aaf0376dbf79", "todo": {"count": 1}, "disagreeCount": 0}, {"logView": true, "lang": "en", "createdAt": 1313571063, "agreeCount": 1, "likes": {"groups": [{"items": [{"gender": "male", "id": "24359957", "photo": {"prefix": "https://igx.4sqi.net/img/user/", "suffix": "/24359957-UY2XVMAI2MH40YGJ.jpg"}, "firstName": "Ash", "lastName": "Snow"}], "count": 1, "type": "others"}], "summary": "1 like", "count": 1}, "id": "4e4b80f7fa7671a85cea5b4c", "text": "Chocolate melts ! A musts try :)", "type": "user", "user": {"gender": "female", "id": "11479591", "photo": {"prefix": "https://igx.4sqi.net/img/user/", "suffix": "/K15HVSE5KTH1YEEH.jpg"}, "firstName": "Jay-Anne", "lastName": "Lee"}, "canonicalUrl": "https://foursquare.com/item/4e4b80f7fa7671a85cea5b4c", "todo": {"count": 1}, "disagreeCount": 0}, {"logView": true, "lang": "en", "createdAt": 1318043628, "agreeCount": 0, "likes": {"groups": [], "count": 0}, "id": "4e8fbfec49013919da912f4a", "text": "Orea cheesecake is nice... But prefer cheesecake.... Mocha chip is too sweet.. But caramel macchiatto is nicer", "type": "user", "user": {"gender": "female", "id": "12215266", "photo": {"prefix": "https://igx.4sqi.net/img/user/", "suffix": "/VGTRQE1W5CQMUNPH.jpg"}, "firstName": "Wendy", "lastName": "Quek"}, "canonicalUrl": "https://foursquare.com/item/4e8fbfec49013919da912f4a", "todo": {"count": 0}, "disagreeCount": 0}, {"logView": true, "lang": "en", "createdAt": 1446210690, "agreeCount": 0, "likes": {"groups": [], "count": 0}, "id": "56336c82498ede4cb14debfe", "text": "this may seem rlly creepy and awkward but anyone knows the surname of the Edwin working there", "type": "user", "user": {"gender": "female", "id": "144516721", "photo": {"prefix": "https://igx.4sqi.net/img/user/", "default": true, "suffix": "/blank_girl.png"}, "firstName": "Literally", "lastName": "May"}, "canonicalUrl": "https://foursquare.com/item/56336c82498ede4cb14debfe", "todo": {"count": 0}, "disagreeCount": 0}, {"logView": true, "lang": "en", "createdAt": 1298813143, "agreeCount": 0, "likes": {"groups": [], "count": 0}, "id": "4d6a50d70a25b60c21e62f90", "text": "Ice milo good for health!", "type": "user", "user": {"gender": "male", "id": "7010694", "photo": {"prefix": "https://igx.4sqi.net/img/user/", "suffix": "/OJZARR0NX4CGH23H.jpg"}, "firstName": "Brian", "lastName": "Wong"}, "canonicalUrl": "https://foursquare.com/item/4d6a50d70a25b60c21e62f90", "todo": {"count": 0}, "disagreeCount": 0}, {"logView": true, "lang": "en", "createdAt": 1339661744, "agreeCount": 0, "likes": {"groups": [], "count": 0}, "id": "4fd99db0e4b0e967fcffa96d", "text": "Gooooooooooooooood", "type": "user", "user": {"gender": "male", "id": "25582059", "photo": {"prefix": "https://igx.4sqi.net/img/user/", "suffix": "/25582059-BXR2UKZXXSUZSNOX.jpg"}, "firstName": "\u2605kiss the city\u2605\u592a\u5b50\u2605", "lastName": "\u2605\u98ce\u4e91\u2605BLUE SKY\u2605"}, "canonicalUrl": "https://foursquare.com/item/4fd99db0e4b0e967fcffa96d", "todo": {"count": 0}, "disagreeCount": 0}, {"logView": true, "lang": "en", "createdAt": 1295271422, "agreeCount": 0, "likes": {"groups": [], "count": 0}, "id": "4d3445fe72a8b1f7d4f8aed0", "text": "Trays are always not cleared and you can't clear them yourself either \ue406", "type": "user", "user": {"gender": "female", "id": "5316667", "photo": {"prefix": "https://igx.4sqi.net/img/user/", "suffix": "/F24JH5F5ZB5ISAXM.jpg"}, "firstName": "Janice", "lastName": "Tan"}, "canonicalUrl": "https://foursquare.com/item/4d3445fe72a8b1f7d4f8aed0", "todo": {"count": 0}, "disagreeCount": 0}, {"logView": true, "lang": "la", "createdAt": 1374054827, "agreeCount": 0, "likes": {"groups": [], "count": 0}, "id": "51e669ab498e329155248e15", "text": "Cinnamon melts, love it!!! \ud83d\ude0d\u2764\ud83d\udc97\u2764", "type": "user", "user": {"gender": "female", "id": "51716779", "photo": {"prefix": "https://igx.4sqi.net/img/user/", "suffix": "/JEGJKWMD3CXBXAWE.jpg"}, "firstName": "Len", "lastName": "Guillen"}, "canonicalUrl": "https://foursquare.com/item/51e669ab498e329155248e15", "todo": {"count": 0}, "disagreeCount": 0}, {"logView": true, "lang": "en", "createdAt": 1413029089, "agreeCount": 0, "likes": {"groups": [], "count": 0}, "id": "54391ce1498ecc2297285abd", "text": "no seat... =(", "type": "user", "user": {"gender": "male", "id": "22865644", "photo": {"prefix": "https://igx.4sqi.net/img/user/", "suffix": "/22865644_B1U-0tU9_aD-YHwoG1xD-tsZEGq16RGTl8k2NqpS6w1i_7m9JzlvsXIgeVxaq33VHqLwJKXvl.jpg"}, "firstName": "Ayeez", "lastName": "Dollah"}, "canonicalUrl": "https://foursquare.com/item/54391ce1498ecc2297285abd", "todo": {"count": 0}, "disagreeCount": 0}, {"logView": true, "lang": "en", "createdAt": 1308386844, "agreeCount": 0, "likes": {"groups": [], "count": 0}, "id": "4dfc661c45ddebdfeaaa6520", "text": "Very helpful staff! Found a seat for me n help me keep an eye on my girl while I ordered. Even fetched straw, sauce n tissue for us! \ue00e\ue00e\ue00e", "type": "user", "user": {"id": "3224502", "photo": {"prefix": "https://igx.4sqi.net/img/user/", "suffix": "/DSNBSSORPRKR5K2F.jpg"}, "firstName": "zann", "gender": "female"}, "canonicalUrl": "https://foursquare.com/item/4dfc661c45ddebdfeaaa6520", "todo": {"count": 0}, "disagreeCount": 0}, {"logView": true, "lang": "en", "createdAt": 1321588634, "agreeCount": 0, "likes": {"groups": [], "count": 0}, "id": "4ec5d79a8b81dcfdc18c3278", "text": "Double chocolate frappe = AWESOMENESS. Waiting for 12pm so I can go buy food @ $4.50. XD", "type": "user", "user": {"gender": "female", "id": "8980952", "photo": {"prefix": "https://igx.4sqi.net/img/user/", "suffix": "/WNI0PHF1WI04XMDU.jpg"}, "firstName": "Christina", "lastName": "Cheong"}, "canonicalUrl": "https://foursquare.com/item/4ec5d79a8b81dcfdc18c3278", "todo": {"count": 0}, "disagreeCount": 0}, {"logView": true, "lang": "en", "createdAt": 1295362870, "agreeCount": 1, "likes": {"groups": [{"items": [{"gender": "male", "id": "3018155", "photo": {"prefix": "https://igx.4sqi.net/img/user/", "suffix": "/B3MVTMT1OZCY51XA.jpg"}, "firstName": "Gerald", "lastName": "Rappa"}], "count": 1, "type": "others"}], "summary": "1 like", "count": 1}, "id": "4d35ab36eefa8cfa66e556b3", "text": "Nice place to chill but drinks can be improved.", "type": "user", "user": {"gender": "female", "id": "5255082", "photo": {"prefix": "https://igx.4sqi.net/img/user/", "suffix": "/P5ZDN0N5AVBD5BRC.jpg"}, "firstName": "Melissa", "lastName": "Chang"}, "canonicalUrl": "https://foursquare.com/item/4d35ab36eefa8cfa66e556b3", "todo": {"count": 0}, "disagreeCount": 0}, {"logView": true, "lang": "en", "createdAt": 1304942725, "agreeCount": 0, "likes": {"groups": [], "count": 0}, "id": "4dc7d885ae608779d173a2a9", "text": "Curldazzle lashes for only SGD$11.90! visit curldazzle-lashes.blogspot.com         or add FB: Curl Dazzle \ue418", "type": "user", "user": {"gender": "female", "id": "1672648", "photo": {"prefix": "https://igx.4sqi.net/img/user/", "suffix": "/GTJKVYQXTN5ZHFOP.jpg"}, "firstName": "Rebekah", "lastName": "Lee"}, "canonicalUrl": "https://foursquare.com/item/4dc7d885ae608779d173a2a9", "todo": {"count": 0}, "disagreeCount": 0}, {"authorInteractionType": "liked", "logView": true, "lang": "en", "createdAt": 1425457349, "agreeCount": 0, "likes": {"groups": [], "count": 0}, "id": "54f6c0c511d281defe2eecfe", "text": "Nice and yummy", "type": "user", "user": {"gender": "male", "id": "65131717", "photo": {"prefix": "https://igx.4sqi.net/img/user/", "suffix": "/65131717-ANYWW1JKSB1GILS5.jpg"}, "firstName": "Sarfaraz", "lastName": "Shaikh"}, "canonicalUrl": "https://foursquare.com/item/54f6c0c511d281defe2eecfe", "todo": {"count": 0}, "disagreeCount": 0}, {"logView": true, "lang": "en", "createdAt": 1301586340, "agreeCount": 0, "likes": {"groups": [{"items": [], "count": 2, "type": "others"}], "summary": "2 likes", "count": 2}, "id": "4d94a1a414a654819c83154c", "text": "Sucky drink", "type": "user", "user": {"gender": "female", "id": "3552036", "photo": {"prefix": "https://igx.4sqi.net/img/user/", "suffix": "/U50SKGXF2EUMCSGM.jpg"}, "firstName": "Atiqah", "lastName": "Razak"}, "canonicalUrl": "https://foursquare.com/item/4d94a1a414a654819c83154c", "todo": {"count": 0}, "disagreeCount": 0}, {"logView": true, "lang": "en", "createdAt": 1291698205, "agreeCount": 0, "likes": {"groups": [], "count": 0}, "id": "4cfdc01ddccef04d6c3dc79c", "text": "Spacious & gd air-condition area to chill out. De coffee deco well done u feel dun wanna drink it coz too nice for Mochacino !", "type": "user", "user": {"id": "1912249", "photo": {"prefix": "https://igx.4sqi.net/img/user/", "suffix": "/1B54AAFFFPATHJ5Q.jpg"}, "firstName": "Fyd", "gender": "female"}, "canonicalUrl": "https://foursquare.com/item/4cfdc01ddccef04d6c3dc79c", "todo": {"count": 0}, "disagreeCount": 0}, {"logView": true, "lang": "en", "createdAt": 1304171345, "agreeCount": 0, "likes": {"groups": [], "count": 0}, "id": "4dbc135193a08f9274b3aa2f", "text": "Love the Iced Chocolate! ^.^", "type": "user", "user": {"id": "3473583", "photo": {"prefix": "https://igx.4sqi.net/img/user/", "suffix": "/3473583-VPJ4GRMVMG3QVCRV.jpg"}, "firstName": "IHWS\u2655", "gender": "female"}, "canonicalUrl": "https://foursquare.com/item/4dbc135193a08f9274b3aa2f", "todo": {"count": 1}, "disagreeCount": 0}, {"logView": true, "lang": "en", "createdAt": 1295249731, "agreeCount": 0, "likes": {"groups": [{"items": [], "count": 1, "type": "others"}], "summary": "1 like", "count": 1}, "id": "4d33f14372a8b1f7233eacd0", "text": "Everytime so crowded!! >.<", "type": "user", "user": {"id": "3735056", "photo": {"prefix": "https://igx.4sqi.net/img/user/", "suffix": "/3735056-N1G1NUP3LO0E3G25.jpg"}, "firstName": "Mabel", "gender": "female"}, "canonicalUrl": "https://foursquare.com/item/4d33f14372a8b1f7233eacd0", "todo": {"count": 0}, "disagreeCount": 0}, {"logView": true, "lang": "en", "createdAt": 1340416270, "agreeCount": 0, "likes": {"groups": [], "count": 0}, "id": "4fe5210ee4b05d1edba507cd", "text": "Morning sun is so sunny here!! All the seats are facing the sun!! OMG!! I'm gg Macdonalds instead, no sun ther.", "type": "user", "user": {"gender": "female", "id": "8300159", "photo": {"prefix": "https://igx.4sqi.net/img/user/", "suffix": "/Z1ULLNT0MBQOHJFO.jpg"}, "firstName": "Shai", "lastName": "Abby"}, "canonicalUrl": "https://foursquare.com/item/4fe5210ee4b05d1edba507cd", "todo": {"count": 0}, "disagreeCount": 0}, {"logView": true, "lang": "en", "createdAt": 1305349107, "agreeCount": 2, "likes": {"groups": [{"items": [{"gender": "male", "id": "10186035", "photo": {"prefix": "https://igx.4sqi.net/img/user/", "suffix": "/10186035-U5Y5IJ2PPKJHPYIC.jpg"}, "firstName": "Nitithorn", "lastName": "Phromphor"}, {"gender": "male", "id": "35187327", "photo": {"prefix": "https://igx.4sqi.net/img/user/", "suffix": "/QYLMNCELBHSVNZVI.jpg"}, "firstName": "Edwin", "lastName": "Ang"}], "count": 2, "type": "others"}], "summary": "2 likes", "count": 2}, "id": "4dce0bf37d8b975f18c5d243", "text": "The mocha chip taste almost as good as starbucks dark mocha:(", "type": "user", "user": {"gender": "male", "id": "3835857", "photo": {"prefix": "https://igx.4sqi.net/img/user/", "suffix": "/GVSM0B03ZY22UNXJ.jpg"}, "firstName": "Matthew", "lastName": "Tong"}, "canonicalUrl": "https://foursquare.com/item/4dce0bf37d8b975f18c5d243", "todo": {"count": 4}, "disagreeCount": 0}, {"logView": true, "lang": "en", "createdAt": 1337239244, "agreeCount": 0, "likes": {"groups": [], "count": 0}, "id": "4fb4a6cce4b0292fd32e8506", "text": "Dffffgtfgfff", "type": "user", "user": {"gender": "male", "id": "25582059", "photo": {"prefix": "https://igx.4sqi.net/img/user/", "suffix": "/25582059-BXR2UKZXXSUZSNOX.jpg"}, "firstName": "\u2605kiss the city\u2605\u592a\u5b50\u2605", "lastName": "\u2605\u98ce\u4e91\u2605BLUE SKY\u2605"}, "canonicalUrl": "https://foursquare.com/item/4fb4a6cce4b0292fd32e8506", "todo": {"count": 0}, "disagreeCount": 0}, {"logView": true, "lang": "en", "createdAt": 1291728237, "agreeCount": 0, "likes": {"groups": [{"items": [], "count": 2, "type": "others"}], "summary": "2 likes", "count": 2}, "id": "4cfe356d34c1a0930f49540e", "text": "07 December 2010: Try out the limited time Samurai Burger!!", "type": "user", "user": {"gender": "male", "id": "4669639", "photo": {"prefix": "https://igx.4sqi.net/img/user/", "suffix": "/UKFDEDBZV4PJUC0B.jpg"}, "firstName": "Nur Azzahar", "lastName": "Bin Buhari"}, "canonicalUrl": "https://foursquare.com/item/4cfe356d34c1a0930f49540e", "todo": {"count": 0}, "disagreeCount": 0}, {"logView": true, "lang": "en", "createdAt": 1293013412, "agreeCount": 0, "likes": {"groups": [], "count": 0}, "id": "4d11d1a43e33b60c689a38af", "text": "The air-con is way too cold... Gr~r~r~~rr", "type": "user", "user": {"id": "5166668", "photo": {"prefix": "https://igx.4sqi.net/img/user/", "suffix": "/IPYMHJU4ES5INNOW.jpg"}, "firstName": "Vertigo", "gender": "male"}, "canonicalUrl": "https://foursquare.com/item/4d11d1a43e33b60c689a38af", "todo": {"count": 0}, "disagreeCount": 0}, {"logView": true, "lang": "en", "createdAt": 1325440804, "agreeCount": 0, "likes": {"groups": [], "count": 0}, "id": "4f009f246da1cd03598ce745", "text": "Twisted Fries! Try it!", "type": "user", "user": {"gender": "male", "id": "15615410", "photo": {"prefix": "https://igx.4sqi.net/img/user/", "suffix": "/0RRK0HSVP5YREMFB.jpg"}, "firstName": "Ryan", "lastName": "Azryn"}, "canonicalUrl": "https://foursquare.com/item/4f009f246da1cd03598ce745", "todo": {"count": 0}, "disagreeCount": 0}, {"logView": true, "lang": "en", "createdAt": 1296130067, "agreeCount": 0, "likes": {"groups": [], "count": 0}, "id": "4d416013c5eaa1cd2c0baa50", "text": "Refurbished... Nicely decorated... Friendly staff...", "type": "user", "user": {"gender": "female", "id": "4575399", "photo": {"prefix": "https://igx.4sqi.net/img/user/", "suffix": "/SFSL141DPJ0DUAT3.jpg"}, "firstName": "Jean", "lastName": "Chai"}, "canonicalUrl": "https://foursquare.com/item/4d416013c5eaa1cd2c0baa50", "todo": {"count": 0}, "disagreeCount": 0}, {"logView": true, "lang": "en", "createdAt": 1302427609, "agreeCount": 0, "likes": {"groups": [], "count": 0}, "id": "4da177d9b521224b4c20f5ed", "text": "Check out their new Oreo cookie frappe!", "type": "user", "user": {"gender": "none", "id": "5038703", "photo": {"prefix": "https://igx.4sqi.net/img/user/", "suffix": "/BCISHQI2EFGCEVVY.jpg"}, "firstName": "angiee", "lastName": "yeo"}, "canonicalUrl": "https://foursquare.com/item/4da177d9b521224b4c20f5ed", "todo": {"count": 0}, "disagreeCount": 0}, {"logView": true, "lang": "en", "createdAt": 1304905811, "todo": {"count": 0}, "agreeCount": 0, "likes": {"groups": [], "count": 0}, "id": "4dc748531fc72e86376e7a7a", "text": "Please visit www.aceeconomics.net for tuition in economics for all levels!", "entities": [{"indices": [13, 33], "type": "url", "object": {"url": "http://www.aceeconomics.net"}}], "disagreeCount": 0, "user": {"gender": "male", "id": "1392276", "photo": {"prefix": "https://igx.4sqi.net/img/user/", "suffix": "/OAH125ZJ3AEE0XOM.jpg"}, "firstName": "Jeffrey", "lastName": "Teo"}, "canonicalUrl": "https://foursquare.com/item/4dc748531fc72e86376e7a7a", "type": "user"}, {"logView": true, "lang": "en", "createdAt": 1305349110, "agreeCount": 2, "likes": {"groups": [{"items": [{"gender": "male", "id": "10186035", "photo": {"prefix": "https://igx.4sqi.net/img/user/", "suffix": "/10186035-U5Y5IJ2PPKJHPYIC.jpg"}, "firstName": "Nitithorn", "lastName": "Phromphor"}, {"gender": "female", "id": "36456969", "photo": {"prefix": "https://igx.4sqi.net/img/user/", "suffix": "/TOV3ALQOFYXUIYYZ.jpg"}, "firstName": "Cloee", "lastName": "\u00c9pico"}], "count": 2, "type": "others"}], "summary": "2 likes", "count": 2}, "id": "4dce0bf645ddbe15f8801b7f", "text": "The mocha chip taste almost as good as starbucks dark mocha:)", "type": "user", "user": {"gender": "male", "id": "3835857", "photo": {"prefix": "https://igx.4sqi.net/img/user/", "suffix": "/GVSM0B03ZY22UNXJ.jpg"}, "firstName": "Matthew", "lastName": "Tong"}, "canonicalUrl": "https://foursquare.com/item/4dce0bf645ddbe15f8801b7f", "todo": {"count": 1}, "disagreeCount": 0}, {"logView": true, "lang": "en", "createdAt": 1294223360, "agreeCount": 0, "likes": {"groups": [], "count": 0}, "id": "4d24480014f2b1f7bdd96cbe", "text": "Great chill out place when waiting for the rain to stop", "type": "user", "user": {"gender": "male", "id": "3522935", "photo": {"prefix": "https://igx.4sqi.net/img/user/", "suffix": "/30JI3DUI3KI2DSYZ.jpg"}, "firstName": "Technically", "lastName": "Genius"}, "canonicalUrl": "https://foursquare.com/item/4d24480014f2b1f7bdd96cbe", "todo": {"count": 0}, "disagreeCount": 0}, {"logView": true, "lang": "en", "createdAt": 1321930461, "agreeCount": 0, "likes": {"groups": [], "count": 0}, "id": "4ecb0edde3002c01b7ec604b", "text": "Nice Fries", "type": "user", "user": {"gender": "female", "id": "16973660", "photo": {"prefix": "https://igx.4sqi.net/img/user/", "suffix": "/16973660-X5KA44Q5COFO0VUD.jpg"}, "firstName": "Celine", "lastName": "Ong"}, "canonicalUrl": "https://foursquare.com/item/4ecb0edde3002c01b7ec604b", "todo": {"count": 0}, "disagreeCount": 0}, {"logView": true, "lang": "en", "photo": {"id": "56c6cc1acd10ae308e473238", "visibility": "public", "source": {"name": "Foursquare for Android", "url": "https://foursquare.com/download/#/android"}, "suffix": "/22865644_H2i--qZrHlFchOD32444_f_fo10H1lgADARhfnYNlLA.jpg", "createdAt": 1455868954, "prefix": "https://igx.4sqi.net/img/general/", "width": 1080, "height": 1920}, "createdAt": 1455868952, "todo": {"count": 0}, "agreeCount": 0, "likes": {"groups": [], "count": 0}, "id": "56c6cc18498e9455d921ecdb", "text": "new McD burger! Breaded Salmon with Paella Spice Mix... \ud83c\udf54\ud83c\udf54\ud83c\udf54", "disagreeCount": 0, "user": {"gender": "male", "id": "22865644", "photo": {"prefix": "https://igx.4sqi.net/img/user/", "suffix": "/22865644_B1U-0tU9_aD-YHwoG1xD-tsZEGq16RGTl8k2NqpS6w1i_7m9JzlvsXIgeVxaq33VHqLwJKXvl.jpg"}, "firstName": "Ayeez", "lastName": "Dollah"}, "canonicalUrl": "https://foursquare.com/item/56c6cc18498e9455d921ecdb", "type": "user", "photourl": "https://igx.4sqi.net/img/general/original/22865644_H2i--qZrHlFchOD32444_f_fo10H1lgADARhfnYNlLA.jpg"}, {"logView": true, "lang": "en", "createdAt": 1333248676, "agreeCount": 0, "likes": {"groups": [], "count": 0}, "id": "4f77c2a4e4b0488e2f446d91", "text": "They can't handle crowd", "type": "user", "user": {"gender": "female", "id": "5241033", "photo": {"prefix": "https://igx.4sqi.net/img/user/", "suffix": "/5241033-Q2013AIG0FY1S5WU.jpg"}, "firstName": "May Fang", "lastName": "Chin"}, "canonicalUrl": "https://foursquare.com/item/4f77c2a4e4b0488e2f446d91", "todo": {"count": 0}, "disagreeCount": 0}, {"logView": true, "lang": "en", "createdAt": 1299947866, "agreeCount": 0, "likes": {"groups": [], "count": 0}, "id": "4d7ba15a7498a1cdf5a06dfc", "text": "Oreo Cheesecake is rich and yummy in taste.", "type": "user", "user": {"gender": "male", "id": "114103", "photo": {"prefix": "https://igx.4sqi.net/img/user/", "suffix": "/EI2TMDGVJ1U2QMP5.jpg"}, "firstName": "Jeffrey", "lastName": "Ning"}, "canonicalUrl": "https://foursquare.com/item/4d7ba15a7498a1cdf5a06dfc", "todo": {"count": 0}, "disagreeCount": 0}, {"logView": true, "lang": "en", "createdAt": 1470885040, "agreeCount": 0, "likes": {"groups": [], "count": 0}, "id": "57abecb0498e6abefe5275a3", "text": "Mushroom soup from a packet. Tastes salty", "type": "user", "user": {"gender": "female", "id": "29835054", "photo": {"prefix": "https://igx.4sqi.net/img/user/", "suffix": "/29835054-GQ3BNR5DRELJOLUW.jpg"}, "firstName": "Zed", "lastName": "Librodo"}, "canonicalUrl": "https://foursquare.com/item/57abecb0498e6abefe5275a3", "todo": {"count": 0}, "disagreeCount": 0}, {"logView": true, "lang": "en", "photo": {"id": "55c15421498e28b4e45a0264", "visibility": "friends", "source": {"name": "Path", "url": "https://path.com/"}, "suffix": "/22865644_vtBRd0_fWb77J3j1wNh_uWK3GGzJ2hCPgjmXZhiVBi8.jpg", "createdAt": 1438733345, "prefix": "https://igx.4sqi.net/img/general/", "width": 887, "height": 581}, "createdAt": 1438733345, "todo": {"count": 0}, "agreeCount": 0, "likes": {"groups": [], "count": 0}, "id": "55c15421498e28b4e45a0266", "text": "Sunrise Roll for a morning person like me...not...", "disagreeCount": 0, "user": {"gender": "male", "id": "22865644", "photo": {"prefix": "https://igx.4sqi.net/img/user/", "suffix": "/22865644_B1U-0tU9_aD-YHwoG1xD-tsZEGq16RGTl8k2NqpS6w1i_7m9JzlvsXIgeVxaq33VHqLwJKXvl.jpg"}, "firstName": "Ayeez", "lastName": "Dollah"}, "canonicalUrl": "https://foursquare.com/item/55c15421498e28b4e45a0266", "type": "user", "photourl": "https://igx.4sqi.net/img/general/original/22865644_vtBRd0_fWb77J3j1wNh_uWK3GGzJ2hCPgjmXZhiVBi8.jpg"}, {"logView": true, "lang": "en", "createdAt": 1351428329, "agreeCount": 0, "likes": {"groups": [], "count": 0}, "id": "508d28e9e4b07020069e0d6f", "text": "Easy breakfast for sunday and an amazing lunch all day thank you macdonald", "type": "user", "user": {"gender": "female", "id": "34742149", "photo": {"prefix": "https://igx.4sqi.net/img/user/", "suffix": "/PDNTWSHK15XSULZY.jpg"}, "firstName": "Hoo", "lastName": "Yuqing"}, "canonicalUrl": "https://foursquare.com/item/508d28e9e4b07020069e0d6f", "todo": {"count": 0}, "disagreeCount": 0}, {"logView": true, "lang": "en", "createdAt": 1324529446, "agreeCount": 0, "likes": {"groups": [], "count": 0}, "id": "4ef2b726722eb49f5303a433", "text": "Have a drink wif hubby", "type": "user", "user": {"id": "4779029", "photo": {"prefix": "https://igx.4sqi.net/img/user/", "suffix": "/CCO3Q4CUZUCMDUKC.jpg"}, "firstName": "Rafidah", "gender": "female"}, "canonicalUrl": "https://foursquare.com/item/4ef2b726722eb49f5303a433", "todo": {"count": 0}, "disagreeCount": 0}, {"logView": true, "lang": "en", "createdAt": 1394870203, "agreeCount": 0, "likes": {"groups": [], "count": 0}, "id": "532407bb498e00afde9752c8", "text": "No outdoor seating no my choice", "type": "user", "user": {"gender": "male", "id": "4922624", "photo": {"prefix": "https://igx.4sqi.net/img/user/", "suffix": "/4922624-533QQQRHTPUWJTEH.jpg"}, "firstName": ",7TOMA\u2122\u00ae\ud83c\uddf8\ud83c\uddec", "lastName": "Sumarto Hj Kamsir\u2122\u00ae"}, "canonicalUrl": "https://foursquare.com/item/532407bb498e00afde9752c8", "todo": {"count": 0}, "disagreeCount": 0}, {"logView": true, "lang": "en", "createdAt": 1298083734, "agreeCount": 0, "likes": {"groups": [], "count": 0}, "id": "4d5f2f962910594182dde546", "text": "Big Breakfast !!!", "type": "user", "user": {"gender": "male", "id": "6954501", "photo": {"prefix": "https://igx.4sqi.net/img/user/", "suffix": "/4X2RUD4LOMEJW41R.jpg"}, "firstName": "Mohamad Ridhwan", "lastName": "Bin Saad"}, "canonicalUrl": "https://foursquare.com/item/4d5f2f962910594182dde546", "todo": {"count": 0}, "disagreeCount": 0}, {"logView": true, "lang": "en", "createdAt": 1295765406, "agreeCount": 0, "likes": {"groups": [], "count": 0}, "id": "4d3bcf9ed625224bfd9f8bfa", "text": "Mac value lunch from 12pm to 3pm also available on weekends!", "type": "user", "user": {"id": "3086679", "photo": {"prefix": "https://igx.4sqi.net/img/user/", "suffix": "/2AP0YDWVUZHRT1WS.jpg"}, "firstName": "Alex", "gender": "male"}, "canonicalUrl": "https://foursquare.com/item/4d3bcf9ed625224bfd9f8bfa", "todo": {"count": 0}, "disagreeCount": 0}, {"logView": true, "lang": "en", "createdAt": 1296752575, "agreeCount": 1, "likes": {"groups": [{"items": [{"gender": "female", "id": "24164634", "photo": {"prefix": "https://igx.4sqi.net/img/user/", "suffix": "/24164634-SHJ5O1APSXT000FS.jpg"}, "firstName": "chelle", "lastName": "cabriga"}], "count": 1, "type": "others"}], "summary": "1 like", "count": 1}, "id": "4d4adfbf83eda1cd2016b7b1", "text": "Double fortune fillet burger thingy is epic. A delicious, full-bodied burger from Mackers! Lickin' good.", "type": "user", "user": {"gender": "female", "id": "1824156", "photo": {"prefix": "https://igx.4sqi.net/img/user/", "suffix": "/1824156-UWXNXNNGULS5HFTX.jpg"}, "firstName": "Belinda", "lastName": "Au Yong"}, "canonicalUrl": "https://foursquare.com/item/4d4adfbf83eda1cd2016b7b1", "todo": {"count": 0}, "disagreeCount": 0}], "count": 55}}}