{"meta": {"code": 200, "requestId": "595a4e0f351e3d64ae48d0e2"}, "response": {"tips": {"items": [{"logView": true, "lang": "en", "createdAt": 1321070776, "agreeCount": 0, "likes": {"groups": [], "count": 0}, "id": "4ebdf0b89911a2ec5b27354d", "text": "Awesome Paper Wrapped Curry Chicken in Dim Sum Menu...", "type": "user", "user": {"gender": "male", "id": "15756433", "photo": {"prefix": "https://igx.4sqi.net/img/user/", "suffix": "/15756433-KLPYKIHGC4ZUBIJR.jpg"}, "firstName": "Rohan", "lastName": "Thomas"}, "canonicalUrl": "https://foursquare.com/item/4ebdf0b89911a2ec5b27354d", "todo": {"count": 0}, "disagreeCount": 0}, {"authorInteractionType": "liked", "logView": true, "lang": "en", "createdAt": 1331786332, "agreeCount": 0, "likes": {"groups": [], "count": 0}, "id": "4f61725ce4b0233fb3516a2b", "text": "Yummy 'Phoenix Prawn' (if you like spicy) and for dessert I'd suggest a 'Lemon Grass with Lychee'..you betcha I'm coming back for one of those later to cool down. ;)", "type": "user", "user": {"gender": "male", "id": "1903017", "photo": {"prefix": "https://igx.4sqi.net/img/user/", "suffix": "/ATAPS0XAE3YNDWT1.jpg"}, "firstName": "John", "lastName": "Reyes"}, "canonicalUrl": "https://foursquare.com/item/4f61725ce4b0233fb3516a2b", "todo": {"count": 1}, "disagreeCount": 0}, {"authorInteractionType": "disliked", "logView": true, "lang": "en", "createdAt": 1440807229, "agreeCount": 0, "likes": {"groups": [], "count": 0}, "id": "55e0f93d498e308d74f1c3e4", "text": "Food were lousy and don't even talk about service....so dissapointed", "type": "user", "user": {"gender": "female", "id": "34737099", "photo": {"prefix": "https://igx.4sqi.net/img/user/", "suffix": "/DAM11DTGRDF2W02P.jpg"}, "firstName": "Spice lady", "lastName": "Spicelady"}, "canonicalUrl": "https://foursquare.com/item/55e0f93d498e308d74f1c3e4", "todo": {"count": 0}, "disagreeCount": 0}, {"logView": true, "lang": "en", "createdAt": 1325304145, "agreeCount": 1, "likes": {"groups": [{"items": [{"gender": "male", "id": "3784550", "photo": {"prefix": "https://igx.4sqi.net/img/user/", "suffix": "/EAXGOD1YTPF1BW5T.jpg"}, "firstName": "Kyle", "lastName": "Tan"}], "count": 1, "type": "others"}], "summary": "1 like", "count": 1}, "id": "4efe8951c5126f14b656361d", "text": "Good porridge", "type": "user", "user": {"gender": "male", "id": "15756433", "photo": {"prefix": "https://igx.4sqi.net/img/user/", "suffix": "/15756433-KLPYKIHGC4ZUBIJR.jpg"}, "firstName": "Rohan", "lastName": "Thomas"}, "canonicalUrl": "https://foursquare.com/item/4efe8951c5126f14b656361d", "todo": {"count": 0}, "disagreeCount": 0}, {"logView": true, "lang": "en", "createdAt": 1298681463, "agreeCount": 4, "likes": {"groups": [{"items": [{"gender": "female", "id": "5383766", "photo": {"prefix": "https://igx.4sqi.net/img/user/", "suffix": "/5383766-JDHKBRAGEYKDO324.jpg"}, "firstName": "K.", "lastName": "King"}, {"gender": "male", "id": "87568077", "photo": {"prefix": "https://igx.4sqi.net/img/user/", "suffix": "/87568077-Y5YTBRPA2DBDYTDS.jpg"}, "firstName": "John", "lastName": "Choo"}, {"id": "34525480", "photo": {"prefix": "https://igx.4sqi.net/img/user/", "suffix": "/34525480-WOXJDIDT2BV51PEX.jpg"}, "firstName": "Izzat_Daley17", "gender": "male"}, {"gender": "female", "id": "274634", "photo": {"prefix": "https://igx.4sqi.net/img/user/", "suffix": "/274634-CZZYVAZVOQFZGTYI.jpg"}, "firstName": "Glynis", "lastName": "Tan"}], "count": 4, "type": "others"}], "summary": "4 likes", "count": 4}, "id": "4d684e77342b8cfa294cb82c", "text": "Operating 24hrs,a nice place to have dim sum & tea", "type": "user", "user": {"gender": "male", "id": "6505785", "photo": {"prefix": "https://igx.4sqi.net/img/user/", "suffix": "/RPGWGAFYKXMJ1YBQ.jpg"}, "firstName": "Ken", "lastName": "Chan"}, "canonicalUrl": "https://foursquare.com/item/4d684e77342b8cfa294cb82c", "todo": {"count": 0}, "disagreeCount": 0}, {"logView": true, "lang": "en", "createdAt": 1276003080, "agreeCount": 2, "likes": {"groups": [{"items": [{"gender": "male", "id": "47291144", "photo": {"prefix": "https://igx.4sqi.net/img/user/", "suffix": "/AMNHQNKN0YFVF4I0.jpg"}, "firstName": "Meraj", "lastName": "Dulal"}, {"gender": "male", "id": "4483591", "photo": {"prefix": "https://igx.4sqi.net/img/user/", "suffix": "/EJCYCXCOBUO4NV0T.jpg"}, "firstName": "Robert", "lastName": "Baring"}], "count": 2, "type": "others"}], "summary": "2 likes", "count": 2}, "id": "4c0e4308b1b676b0d8bae186", "text": "Yes I agree...! Anything with prawns go! Congee is great too.. Feeling adventurous..? Milk tea with Gula Melaka gives it a unique taste, n adds dimension to the flvr! Somewhat chendol like..", "type": "user", "user": {"gender": "female", "id": "1492938", "photo": {"prefix": "https://igx.4sqi.net/img/user/", "suffix": "/1492938-TBUH2IOFTP15J03L.jpg"}, "firstName": "Bridget", "lastName": "Lee"}, "canonicalUrl": "https://foursquare.com/item/4c0e4308b1b676b0d8bae186", "todo": {"count": 1}, "disagreeCount": 0}, {"logView": true, "lang": "en", "createdAt": 1302705841, "agreeCount": 1, "likes": {"groups": [{"items": [{"id": "3677242", "photo": {"prefix": "https://igx.4sqi.net/img/user/", "suffix": "/3677242-VALLGDQHMG0MJRE3.jpg"}, "firstName": "Stanley \u8f89", "gender": "male"}], "count": 1, "type": "others"}], "summary": "1 like", "count": 1}, "id": "4da5b6b1cda1c55f755be8a1", "text": "Try their Shrimp Chee Cheong Fan :) its nice n tender.", "type": "user", "user": {"id": "4582444", "photo": {"prefix": "https://igx.4sqi.net/img/user/", "suffix": "/4582444-BH0Q33JC2QABIJVN.jpg"}, "firstName": "Joean\u52e4", "gender": "female"}, "canonicalUrl": "https://foursquare.com/item/4da5b6b1cda1c55f755be8a1", "todo": {"count": 0}, "disagreeCount": 0}, {"authorInteractionType": "liked", "logView": true, "lang": "en", "createdAt": 1433401234, "agreeCount": 0, "likes": {"groups": [], "count": 0}, "id": "556ff792498e08636c5e249d", "text": "Comes in generous portions, not that sophisticated a taste as compared to others...", "type": "user", "user": {"gender": "female", "id": "942443", "photo": {"prefix": "https://igx.4sqi.net/img/user/", "suffix": "/ITQR3IXBDMGMIM0J.jpg"}, "firstName": "Lexelle", "lastName": "de Charmaine"}, "canonicalUrl": "https://foursquare.com/item/556ff792498e08636c5e249d", "todo": {"count": 0}, "disagreeCount": 0}, {"logView": true, "lang": "en", "createdAt": 1330363122, "agreeCount": 0, "likes": {"groups": [], "count": 0}, "id": "4f4bbaf2e4b0156c323127cf", "text": "My fave is their thai style tofu, mongkok dimsum and yangzhou rice. Add up some lime juice for drinks!", "type": "user", "user": {"gender": "female", "id": "21995398", "photo": {"prefix": "https://igx.4sqi.net/img/user/", "suffix": "/21995398-G1RW0NR1RNNKKUED.jpg"}, "firstName": "Kimy", "lastName": "Calingasan"}, "canonicalUrl": "https://foursquare.com/item/4f4bbaf2e4b0156c323127cf", "todo": {"count": 0}, "disagreeCount": 0}, {"logView": true, "lang": "en", "createdAt": 1268013419, "agreeCount": 0, "likes": {"groups": [], "count": 0}, "id": "4b94596b70c603bbafca93b4", "text": "Get anything with prawns here. Big and juicy prawns.", "type": "user", "user": {"gender": "male", "id": "463397", "photo": {"prefix": "https://igx.4sqi.net/img/user/", "suffix": "/GGMOVB3K5VOFBVQK.jpg"}, "firstName": "Marcus", "lastName": "Luc"}, "canonicalUrl": "https://foursquare.com/item/4b94596b70c603bbafca93b4", "todo": {"count": 1}, "disagreeCount": 0}, {"logView": true, "lang": "en", "createdAt": 1325303783, "agreeCount": 0, "likes": {"groups": [], "count": 0}, "id": "4efe87e76da1cd0357acab27", "text": "Good Dim Sum, nice \u5c0f\u7b3c\u5305 which doesn't stick to the paper below due to smart carrot slices :-)", "type": "user", "user": {"gender": "male", "id": "15756433", "photo": {"prefix": "https://igx.4sqi.net/img/user/", "suffix": "/15756433-KLPYKIHGC4ZUBIJR.jpg"}, "firstName": "Rohan", "lastName": "Thomas"}, "canonicalUrl": "https://foursquare.com/item/4efe87e76da1cd0357acab27", "todo": {"count": 1}, "disagreeCount": 0}, {"logView": true, "lang": "en", "createdAt": 1321222046, "agreeCount": 0, "likes": {"groups": [{"items": [], "count": 2, "type": "others"}], "summary": "2 likes", "count": 2}, "id": "4ec03f9e30f82a2e1356b9c5", "text": "Malay fried noodle is nice!", "type": "user", "user": {"gender": "female", "id": "1248611", "photo": {"prefix": "https://igx.4sqi.net/img/user/", "suffix": "/LKCEAMTBI5GHZ3GH.jpg"}, "firstName": "Linda", "lastName": "Tan"}, "canonicalUrl": "https://foursquare.com/item/4ec03f9e30f82a2e1356b9c5", "todo": {"count": 0}, "disagreeCount": 0}, {"logView": true, "lang": "en", "createdAt": 1296411160, "agreeCount": 1, "likes": {"groups": [{"items": [{"gender": "male", "id": "266748", "photo": {"prefix": "https://igx.4sqi.net/img/user/", "suffix": "/I4K1PKVLYVXZOVR4.jpg"}, "firstName": "Tomoyuki", "lastName": "Nezu"}], "count": 1, "type": "others"}], "summary": "1 like", "count": 1}, "id": "4d45aa18019d594179febb8d", "text": "one of the best dim sum ...", "type": "user", "user": {"id": "6415279", "photo": {"prefix": "https://igx.4sqi.net/img/user/", "suffix": "/L34RHDMSACDNSROE.jpg"}, "firstName": "Raymond Lim", "gender": "male"}, "canonicalUrl": "https://foursquare.com/item/4d45aa18019d594179febb8d", "todo": {"count": 0}, "disagreeCount": 0}, {"logView": true, "lang": "en", "createdAt": 1335643759, "agreeCount": 0, "likes": {"groups": [], "count": 0}, "id": "4f9c4e6fe4b033ffd3e12a09", "text": "I think the staffs r all changed! Weirdly the yuan yang tasted great, siew mai, bao are all gd too compared to few mths ago", "type": "user", "user": {"id": "10750497", "photo": {"prefix": "https://igx.4sqi.net/img/user/", "suffix": "/UYSCJE1YBD0WL2KC.jpg"}, "firstName": "Dannica", "gender": "male"}, "canonicalUrl": "https://foursquare.com/item/4f9c4e6fe4b033ffd3e12a09", "todo": {"count": 0}, "disagreeCount": 0}, {"logView": true, "lang": "en", "createdAt": 1384666144, "agreeCount": 0, "likes": {"groups": [], "count": 0}, "id": "5288542011d2aa92d131c221", "text": "\u732a\u80a0\u7c89is the best I have tried!", "type": "user", "user": {"gender": "female", "id": "38074017", "photo": {"prefix": "https://igx.4sqi.net/img/user/", "suffix": "/N52AKIKFJI4BLJAC.jpg"}, "firstName": "Hazel", "lastName": "Han"}, "canonicalUrl": "https://foursquare.com/item/5288542011d2aa92d131c221", "todo": {"count": 0}, "disagreeCount": 0}, {"logView": true, "lang": "en", "createdAt": 1285564653, "agreeCount": 0, "likes": {"groups": [], "count": 0}, "id": "4ca028ed7d69b7131a7e3bc2", "text": "They have the best chicken feet! And good selection of dimsum and dumplings.", "type": "user", "user": {"gender": "male", "id": "1673482", "photo": {"prefix": "https://igx.4sqi.net/img/user/", "suffix": "/KSOPSZPI4YOJLT1H.jpg"}, "firstName": "Christian", "lastName": "Abulencia"}, "canonicalUrl": "https://foursquare.com/item/4ca028ed7d69b7131a7e3bc2", "todo": {"count": 0}, "disagreeCount": 0}, {"logView": true, "lang": "en", "createdAt": 1291385273, "agreeCount": 0, "likes": {"groups": [], "count": 0}, "id": "4cf8f9b901568cfa886323e7", "text": "Try the various dim sum and 3 Color Milk Tea.", "type": "user", "user": {"gender": "male", "id": "4835922", "photo": {"prefix": "https://igx.4sqi.net/img/user/", "suffix": "/NYID2JZZXGYV0OKQ.jpg"}, "firstName": "Ryan", "lastName": "Lim"}, "canonicalUrl": "https://foursquare.com/item/4cf8f9b901568cfa886323e7", "todo": {"count": 1}, "disagreeCount": 0}, {"logView": true, "lang": "en", "createdAt": 1289007969, "agreeCount": 0, "likes": {"groups": [], "count": 0}, "id": "4cd4b3617da9a35d6765e5b9", "text": "Dun forget to order their prawn Chee Cheong fun! I am addicted to it, lol. The food is Way yummy and better that 126 :-P", "type": "user", "user": {"gender": "male", "id": "679464", "photo": {"prefix": "https://igx.4sqi.net/img/user/", "suffix": "/W0RPXO0S2LHDX0TD.jpg"}, "firstName": "Loong", "lastName": "loong"}, "canonicalUrl": "https://foursquare.com/item/4cd4b3617da9a35d6765e5b9", "todo": {"count": 0}, "disagreeCount": 0}, {"logView": true, "lang": "en", "createdAt": 1376055616, "agreeCount": 0, "likes": {"groups": [], "count": 0}, "id": "5204f140498e991ff3a83d4c", "text": "Beef hor fun is a must have. Standard is better than the geylang Lor 9 branch.", "type": "user", "user": {"gender": "female", "id": "2557752", "photo": {"prefix": "https://igx.4sqi.net/img/user/", "suffix": "/0VED1CQTPC5GJZBH.gif"}, "firstName": "Grace", "lastName": "Seow"}, "canonicalUrl": "https://foursquare.com/item/5204f140498e991ff3a83d4c", "todo": {"count": 0}, "disagreeCount": 0}, {"logView": true, "lang": "en", "createdAt": 1407509934, "agreeCount": 0, "likes": {"groups": [], "count": 0}, "id": "53e4e5ae498e15271ef6efaf", "text": "Best affordable dimsum in Singapore!", "type": "user", "user": {"gender": "female", "id": "7730090", "photo": {"prefix": "https://igx.4sqi.net/img/user/", "suffix": "/F30CP0NNNF1DIAAG.jpg"}, "firstName": "JamJam", "lastName": "Bequilla"}, "canonicalUrl": "https://foursquare.com/item/53e4e5ae498e15271ef6efaf", "todo": {"count": 0}, "disagreeCount": 0}, {"logView": true, "lang": "en", "createdAt": 1336896372, "agreeCount": 0, "likes": {"groups": [], "count": 0}, "id": "4faf6b74e4b0f4503a990525", "text": "Slow service: There is a reason, we observed. They steamed all our orders at 1 go, so we received our dimsum heated just right :-)", "type": "user", "user": {"gender": "male", "id": "231366", "photo": {"prefix": "https://igx.4sqi.net/img/user/", "suffix": "/231366-Q2ZSAEF50GYUXPDA.jpg"}, "firstName": "Cheen", "lastName": "The Curious"}, "canonicalUrl": "https://foursquare.com/item/4faf6b74e4b0f4503a990525", "todo": {"count": 0}, "disagreeCount": 0}, {"logView": true, "lang": "en", "createdAt": 1400671580, "agreeCount": 0, "likes": {"groups": [], "count": 0}, "id": "537c8d5c11d255114e1c6797", "text": "Cheong fun is okay but they don't put the filling inside, instead plopping it on top which kind of defeats the point. Not the way it should be served!", "type": "user", "user": {"gender": "male", "id": "8880174", "photo": {"prefix": "https://igx.4sqi.net/img/user/", "suffix": "/TOGJUNLRLGPLTTR3.jpg"}, "firstName": "Jay", "lastName": "V"}, "canonicalUrl": "https://foursquare.com/item/537c8d5c11d255114e1c6797", "todo": {"count": 0}, "disagreeCount": 0}, {"logView": true, "lang": "en", "createdAt": 1444439834, "agreeCount": 0, "likes": {"groups": [], "count": 0}, "id": "5618671a498ee7cbc6d994b8", "text": "Great Dim Sum", "type": "user", "user": {"gender": "male", "id": "457664", "photo": {"prefix": "https://igx.4sqi.net/img/user/", "suffix": "/457664-VYGMPLCMACA2BYT5.jpg"}, "firstName": "Mark", "lastName": "Phayta"}, "canonicalUrl": "https://foursquare.com/item/5618671a498ee7cbc6d994b8", "todo": {"count": 0}, "disagreeCount": 0}, {"logView": true, "lang": "en", "createdAt": 1296752756, "agreeCount": 0, "likes": {"groups": [{"items": [], "count": 1, "type": "others"}], "summary": "1 like", "count": 1}, "id": "4d4ae0744509721e54ae32b0", "text": "The siao long pao is so juicy", "type": "user", "user": {"gender": "male", "id": "6510929", "photo": {"prefix": "https://igx.4sqi.net/img/user/", "suffix": "/OQVRZ5TAFXEC14DD.jpg"}, "firstName": "Shawn", "lastName": "Hoon"}, "canonicalUrl": "https://foursquare.com/item/4d4ae0744509721e54ae32b0", "todo": {"count": 0}, "disagreeCount": 0}, {"logView": true, "lang": "en", "createdAt": 1313763470, "agreeCount": 0, "likes": {"groups": [{"items": [], "count": 2, "type": "others"}], "summary": "2 likes", "count": 2}, "id": "4e4e708ed4c0b6da5d6ee662", "text": "Good Tim sum ! Slightly pricey but totally worth it !", "type": "user", "user": {"gender": "male", "id": "1054401", "photo": {"prefix": "https://igx.4sqi.net/img/user/", "suffix": "/ALHCRAP3XDHSSJ5I.jpg"}, "firstName": "Nigel", "lastName": "Sng"}, "canonicalUrl": "https://foursquare.com/item/4e4e708ed4c0b6da5d6ee662", "todo": {"count": 0}, "disagreeCount": 0}, {"logView": true, "lang": "en", "createdAt": 1289943233, "agreeCount": 0, "likes": {"groups": [], "count": 0}, "id": "4ce2f8c1fd685941fa28da4e", "text": "xiao long bao good stuff.. the meat is well marinated! sufficient soup n smooth skin!", "type": "user", "user": {"gender": "male", "id": "108147", "photo": {"prefix": "https://igx.4sqi.net/img/user/", "suffix": "/WPJYVEPFECQ2LBMC.jpg"}, "firstName": "Jim Defcon", "lastName": "Chua"}, "canonicalUrl": "https://foursquare.com/item/4ce2f8c1fd685941fa28da4e", "todo": {"count": 1}, "disagreeCount": 0}, {"authorInteractionType": "liked", "logView": true, "lang": "en", "createdAt": 1331908645, "agreeCount": 0, "likes": {"groups": [], "count": 0}, "id": "4f635025e4b0788a8e27c9bc", "text": "If you need something to cool ya down after a long hot day trekking throughout Singapore, consider an Iced Cold Mango Treat OR Iced Cold Lemon Grass Jelly with Lychee! Simply Outstanding refresher!!:D", "type": "user", "user": {"gender": "male", "id": "1903017", "photo": {"prefix": "https://igx.4sqi.net/img/user/", "suffix": "/ATAPS0XAE3YNDWT1.jpg"}, "firstName": "John", "lastName": "Reyes"}, "canonicalUrl": "https://foursquare.com/item/4f635025e4b0788a8e27c9bc", "todo": {"count": 0}, "disagreeCount": 0}, {"authorInteractionType": "liked", "logView": true, "lang": "en", "photo": {"id": "58108a1738faeb2244d12881", "visibility": "public", "source": {"name": "Foursquare for iOS", "url": "https://foursquare.com/download/#/iphone"}, "suffix": "/29765645_ralSE2snKurBhu8HMSBIUWTpvtCVBZRO-U6l56kMi5k.jpg", "createdAt": 1477478935, "prefix": "https://igx.4sqi.net/img/general/", "width": 1920, "height": 1440}, "createdAt": 1477478926, "todo": {"count": 0}, "agreeCount": 0, "likes": {"groups": [], "count": 0}, "id": "58108a0e38fa669e635f5573", "text": "Dim Sum and Porridge", "disagreeCount": 0, "user": {"gender": "male", "id": "29765645", "photo": {"prefix": "https://igx.4sqi.net/img/user/", "suffix": "/29765645-NXP4UFKK22MNGRPR.jpg"}, "firstName": "Phyo", "lastName": "Latt"}, "canonicalUrl": "https://foursquare.com/item/58108a0e38fa669e635f5573", "type": "user", "photourl": "https://igx.4sqi.net/img/general/original/29765645_ralSE2snKurBhu8HMSBIUWTpvtCVBZRO-U6l56kMi5k.jpg"}, {"logView": true, "lang": "en", "createdAt": 1314452988, "agreeCount": 0, "likes": {"groups": [], "count": 0}, "id": "4e58f5fcae6099fc00c05ae8", "text": "hairy cheong fun available. see photo.", "type": "user", "user": {"gender": "male", "id": "12716118", "photo": {"prefix": "https://igx.4sqi.net/img/user/", "suffix": "/AHRVW1Y0OCXEV5UM.jpg"}, "firstName": "jason", "lastName": "law"}, "canonicalUrl": "https://foursquare.com/item/4e58f5fcae6099fc00c05ae8", "todo": {"count": 0}, "disagreeCount": 0}, {"logView": true, "lang": "en", "createdAt": 1309860068, "agreeCount": 0, "likes": {"groups": [{"items": [], "count": 1, "type": "others"}], "summary": "1 like", "count": 1}, "id": "4e12e0e48877ac23b66d4536", "text": "Food suck big time", "type": "user", "user": {"gender": "male", "id": "5114728", "photo": {"prefix": "https://igx.4sqi.net/img/user/", "suffix": "/UYUD3ACHSD2VPFAE.jpg"}, "firstName": "Keno", "lastName": "Keno"}, "canonicalUrl": "https://foursquare.com/item/4e12e0e48877ac23b66d4536", "todo": {"count": 0}, "disagreeCount": 0}, {"logView": true, "lang": "en", "createdAt": 1312389923, "agreeCount": 0, "likes": {"groups": [], "count": 0}, "id": "4e397b23483b6aaecd630c4e", "text": "The Har Gow is nice. Mango Prawn also nice! :D", "type": "user", "user": {"gender": "female", "id": "6831036", "photo": {"prefix": "https://igx.4sqi.net/img/user/", "suffix": "/H3QYBYJIBBIKVQ5R.jpg"}, "firstName": "Kim", "lastName": "Kim"}, "canonicalUrl": "https://foursquare.com/item/4e397b23483b6aaecd630c4e", "todo": {"count": 0}, "disagreeCount": 0}, {"logView": true, "lang": "en", "createdAt": 1306157837, "agreeCount": 0, "likes": {"groups": [{"items": [], "count": 3, "type": "others"}], "summary": "3 likes", "count": 3}, "id": "4dda630dc65bee535af7d921", "text": "Standard has gone down. Steam Prawn dumpling n steam chicken black bean taste bad...", "type": "user", "user": {"gender": "female", "id": "3762791", "photo": {"prefix": "https://igx.4sqi.net/img/user/", "suffix": "/DSBZAQEGSBP1HO3H.jpg"}, "firstName": "Apr", "lastName": "K"}, "canonicalUrl": "https://foursquare.com/item/4dda630dc65bee535af7d921", "todo": {"count": 0}, "disagreeCount": 0}, {"logView": true, "lang": "en", "createdAt": 1269006830, "agreeCount": 0, "likes": {"groups": [{"items": [], "count": 3, "type": "others"}], "summary": "3 likes", "count": 3}, "id": "4ba381ee70c603bb0ffa94b4", "text": "great har gao!", "type": "user", "user": {"id": "197376", "photo": {"prefix": "https://igx.4sqi.net/img/user/", "suffix": "/SGKLFL21MEBVN5G4.jpg"}, "firstName": "KC", "gender": "male"}, "canonicalUrl": "https://foursquare.com/item/4ba381ee70c603bb0ffa94b4", "todo": {"count": 3}, "disagreeCount": 0}, {"logView": true, "lang": "en", "createdAt": 1337174209, "agreeCount": 0, "likes": {"groups": [], "count": 0}, "id": "4fb3a8c1e4b00e09e226b284", "text": "Paper wrapper curry chicken awful ... Prawns dumplings & charsiew bao gd! Prawn & mango not bad...", "type": "user", "user": {"gender": "female", "id": "26825344", "photo": {"prefix": "https://igx.4sqi.net/img/user/", "suffix": "/U1B2Q2YDH0JHFWCP.jpg"}, "firstName": "Jaye", "lastName": "Yeo"}, "canonicalUrl": "https://foursquare.com/item/4fb3a8c1e4b00e09e226b284", "todo": {"count": 0}, "disagreeCount": 0}, {"authorInteractionType": "liked", "logView": true, "lang": "en", "photo": {"id": "50b778afe4b05fd7014bbb21", "visibility": "public", "source": {"name": "Foursquare for BlackBerry", "url": "https://foursquare.com/download/#/blackberry"}, "suffix": "/1903017_rk1Lrtjif2FDNLwa8oxEqP3z_PAfsnLnrR_dIXDq2eM.jpg", "createdAt": 1354201263, "prefix": "https://igx.4sqi.net/img/general/", "width": 640, "height": 480}, "createdAt": 1354201217, "todo": {"count": 0}, "agreeCount": 0, "likes": {"groups": [], "count": 0}, "id": "50b77881e4b0b5250bb0d4b9", "text": "Mango shaved ice with mango cubes is refreshing. :)", "disagreeCount": 0, "user": {"gender": "male", "id": "1903017", "photo": {"prefix": "https://igx.4sqi.net/img/user/", "suffix": "/ATAPS0XAE3YNDWT1.jpg"}, "firstName": "John", "lastName": "Reyes"}, "canonicalUrl": "https://foursquare.com/item/50b77881e4b0b5250bb0d4b9", "type": "user", "photourl": "https://igx.4sqi.net/img/general/original/1903017_rk1Lrtjif2FDNLwa8oxEqP3z_PAfsnLnrR_dIXDq2eM.jpg"}, {"logView": true, "lang": "en", "createdAt": 1399170156, "agreeCount": 0, "likes": {"groups": [], "count": 0}, "id": "5365a46c498e0a332fb19080", "text": "Average dim sum. But still enjoyable", "type": "user", "user": {"gender": "male", "id": "36766494", "photo": {"prefix": "https://igx.4sqi.net/img/user/", "suffix": "/5RZAH0Q5OYCA4GT1.jpg"}, "firstName": "Sky", "lastName": "Chew"}, "canonicalUrl": "https://foursquare.com/item/5365a46c498e0a332fb19080", "todo": {"count": 0}, "disagreeCount": 0}, {"authorInteractionType": "liked", "logView": true, "lang": "en", "createdAt": 1387333320, "agreeCount": 1, "likes": {"groups": [{"items": [{"gender": "male", "id": "67294739", "photo": {"prefix": "https://igx.4sqi.net/img/user/", "suffix": "/DBYPE54UW0DRLXC5.jpg"}, "firstName": "Vincent Titus", "lastName": "Wong"}], "count": 1, "type": "others"}], "summary": "1 like", "count": 1}, "id": "52b106c8498efd2dedda423c", "text": "Steamed rice rolls (Cheong fun) are good!", "type": "user", "user": {"gender": "male", "id": "1589670", "photo": {"prefix": "https://igx.4sqi.net/img/user/", "suffix": "/1589670-XXKNJRVFD53LZBEI.jpg"}, "firstName": "Ronald", "lastName": "Ip"}, "canonicalUrl": "https://foursquare.com/item/52b106c8498efd2dedda423c", "todo": {"count": 0}, "disagreeCount": 0}, {"logView": true, "lang": "en", "createdAt": 1336898894, "agreeCount": 0, "likes": {"groups": [], "count": 0}, "id": "4faf754ee4b01cbf3091edfb", "text": "Vege dumplings: Interesting choices, all yummy. Spinach, crystal chives, vegetarian", "type": "user", "user": {"gender": "male", "id": "231366", "photo": {"prefix": "https://igx.4sqi.net/img/user/", "suffix": "/231366-Q2ZSAEF50GYUXPDA.jpg"}, "firstName": "Cheen", "lastName": "The Curious"}, "canonicalUrl": "https://foursquare.com/item/4faf754ee4b01cbf3091edfb", "todo": {"count": 0}, "disagreeCount": 0}, {"logView": true, "lang": "en", "createdAt": 1323520393, "agreeCount": 1, "likes": {"groups": [{"items": [{"gender": "male", "id": "3954011", "photo": {"prefix": "https://igx.4sqi.net/img/user/", "suffix": "/3954011-YUIMSTRPOPD2ITIN.jpg"}, "firstName": "\u9673\u6770\u502b", "lastName": "(\u30b8\u30a7\u30a4\u30fb\u30c1\u30a7\u30f3)"}], "count": 1, "type": "others"}], "summary": "1 like", "count": 1}, "id": "4ee35189e30005f8b6bb7e47", "text": "Try their 3 colour milk tea, it's awesome!", "type": "user", "user": {"gender": "female", "id": "4860534", "photo": {"prefix": "https://igx.4sqi.net/img/user/", "suffix": "/CE3XGQMKL3P0D1TH.jpg"}, "firstName": "Joli", "lastName": "Toh"}, "canonicalUrl": "https://foursquare.com/item/4ee35189e30005f8b6bb7e47", "todo": {"count": 0}, "disagreeCount": 0}, {"authorInteractionType": "liked", "logView": true, "lang": "en", "photo": {"id": "55c4bff7498ed8c60cc34002", "visibility": "public", "source": {"name": "Foursquare for iOS", "url": "https://foursquare.com/download/#/iphone"}, "suffix": "/17965456_WIIetNnv2EuyokOYe3pr0pFK7Xe7Ct1Rw1OnDIDikWI.jpg", "createdAt": 1438957559, "prefix": "https://igx.4sqi.net/img/general/", "width": 1440, "height": 1920}, "createdAt": 1438957555, "todo": {"count": 0}, "agreeCount": 0, "likes": {"groups": [], "count": 0}, "id": "55c4bff3498e17dd82c34b9c", "text": "After 3 years I'm back in this place again. I will definitely dine here more often! Great food with a very reasonable prices.\ud83d\udc4d\ud83d\ude0a", "disagreeCount": 0, "user": {"gender": "female", "id": "17965456", "photo": {"prefix": "https://igx.4sqi.net/img/user/", "suffix": "/17965456-QAIDV1EYMSLSWT3G.jpg"}, "firstName": "Grezy", "lastName": "Buagas"}, "canonicalUrl": "https://foursquare.com/item/55c4bff3498e17dd82c34b9c", "type": "user", "photourl": "https://igx.4sqi.net/img/general/original/17965456_WIIetNnv2EuyokOYe3pr0pFK7Xe7Ct1Rw1OnDIDikWI.jpg"}, {"logView": true, "lang": "en", "createdAt": 1378180986, "agreeCount": 0, "likes": {"groups": [], "count": 0}, "id": "52255f7a11d2397c9900e040", "text": "I find the Dim Sum here is much nicer than 126  Dim Sum", "type": "user", "user": {"gender": "female", "id": "14944471", "photo": {"prefix": "https://igx.4sqi.net/img/user/", "suffix": "/14944471_xGg3MlFv_hpA2mjcLhyEIVHUEJEWgly0wbK-qxsABlDUlyhRN-rtc4AyuP0LetmImbTPUiGwH.jpg"}, "firstName": "\ud83c\udf40Jessie Agnes Ng\ud83c\udf1f", "lastName": "\u9ec4\u7f9a\u699b"}, "canonicalUrl": "https://foursquare.com/item/52255f7a11d2397c9900e040", "todo": {"count": 0}, "disagreeCount": 0}, {"logView": true, "lang": "en", "createdAt": 1435464720, "agreeCount": 0, "likes": {"groups": [], "count": 0}, "id": "558f7410498e1706a11e3385", "text": "The skin of the steamed dumplings is so thin. Hongkonger's recommendation!", "type": "user", "user": {"gender": "female", "id": "7319511", "photo": {"prefix": "https://igx.4sqi.net/img/user/", "suffix": "/7319511_9in1aQ6I_tdh3NsLmgJUDiMsMQOkN8mjxPMeECLgplz7LnxruedORweOnkJTKs8AIjllD-CHy.jpg"}, "firstName": "Nat", "lastName": "IP"}, "canonicalUrl": "https://foursquare.com/item/558f7410498e1706a11e3385", "todo": {"count": 0}, "disagreeCount": 0}, {"authorInteractionType": "meh", "logView": true, "lang": "en", "createdAt": 1428834757, "agreeCount": 0, "likes": {"groups": [], "count": 0}, "id": "552a49c5498efdab2f7bfb17", "text": "Please note, this place no longer serves beer.", "type": "user", "user": {"gender": "male", "id": "58112", "photo": {"prefix": "https://igx.4sqi.net/img/user/", "suffix": "/58112-42ERCNY0NXZYUXJX.jpg"}, "firstName": "Paul", "lastName": "Rasmussen"}, "canonicalUrl": "https://foursquare.com/item/552a49c5498efdab2f7bfb17", "todo": {"count": 0}, "disagreeCount": 0}, {"authorInteractionType": "liked", "logView": true, "lang": "en", "createdAt": 1354869595, "todo": {"count": 0}, "agreeCount": 0, "likes": {"groups": [], "count": 0}, "id": "50c1ab5be4b0de95d247c25a", "text": "Love their 3 yolk crab porridge! And their dim sum are made with fresh ingredients! http://www.foodesteem.blogspot.sg/2012/12/mongkok-dim-sum.html", "entities": [{"indices": [84, 146], "type": "url", "object": {"url": "http://www.foodesteem.blogspot.sg/2012/12/mongkok-dim-sum.html"}}], "disagreeCount": 0, "user": {"id": "42860341", "photo": {"prefix": "https://igx.4sqi.net/img/user/", "suffix": "/EWZGOTSF0DS01QHK.jpg"}, "firstName": "Food Esteem", "gender": "none"}, "canonicalUrl": "https://foursquare.com/item/50c1ab5be4b0de95d247c25a", "type": "user"}, {"logView": true, "lang": "en", "photo": {"id": "54d79631498e903dcccff62c", "visibility": "public", "source": {"name": "Foursquare for iOS", "url": "https://foursquare.com/download/#/iphone"}, "suffix": "/4577195_EpWBzEZ9tzaNmNtv0ilUa_WVMAmLh6_4G9JRhr3nOy4.jpg", "createdAt": 1423414833, "prefix": "https://igx.4sqi.net/img/general/", "width": 1439, "height": 1920}, "createdAt": 1423414829, "todo": {"count": 0}, "agreeCount": 0, "likes": {"groups": [], "count": 0}, "id": "54d7962d498ed54224cda761", "text": "Fried shrimp dumping and crispy noodle", "disagreeCount": 0, "user": {"gender": "female", "id": "4577195", "photo": {"prefix": "https://igx.4sqi.net/img/user/", "suffix": "/4577195-DPUTTIGBPK5PPDYG.jpg"}, "firstName": "Tay", "lastName": "Adara"}, "canonicalUrl": "https://foursquare.com/item/54d7962d498ed54224cda761", "type": "user", "photourl": "https://igx.4sqi.net/img/general/original/4577195_EpWBzEZ9tzaNmNtv0ilUa_WVMAmLh6_4G9JRhr3nOy4.jpg"}, {"logView": true, "lang": "en", "createdAt": 1300129178, "agreeCount": 0, "likes": {"groups": [{"items": [], "count": 3, "type": "others"}], "summary": "3 likes", "count": 3}, "id": "4d7e659a43c2cbffb08286c9", "text": "Cheung Fun totally the most awesome ones around in town!", "type": "user", "user": {"gender": "female", "id": "1532504", "photo": {"prefix": "https://igx.4sqi.net/img/user/", "suffix": "/UVO1SAW4VEF5ZDI0.jpg"}, "firstName": "Amanda", "lastName": "Leung"}, "canonicalUrl": "https://foursquare.com/item/4d7e659a43c2cbffb08286c9", "todo": {"count": 1}, "disagreeCount": 0}, {"logView": true, "lang": "en", "createdAt": 1343182768, "agreeCount": 0, "likes": {"groups": [], "count": 0}, "id": "500f57b0e4b010e9616862b2", "text": "Standard has dropped. \u867e\u80f6 skin breaks too easily and the size of prawn has shrunk.", "type": "user", "user": {"gender": "male", "id": "313851", "photo": {"prefix": "https://igx.4sqi.net/img/user/", "suffix": "/R2K2T2MGMLDYVM5U.png"}, "firstName": "Alex", "lastName": "Lee"}, "canonicalUrl": "https://foursquare.com/item/500f57b0e4b010e9616862b2", "todo": {"count": 0}, "disagreeCount": 0}, {"logView": true, "lang": "en", "createdAt": 1288688055, "agreeCount": 0, "likes": {"groups": [], "count": 0}, "id": "4ccfd1b701eaf04d0508b55d", "text": "Everything is nice juz dun try the law mai Kai here... :)", "type": "user", "user": {"gender": "male", "id": "1574373", "photo": {"prefix": "https://igx.4sqi.net/img/user/", "suffix": "/PYLH2DIQYSBQJMZ3.jpg"}, "firstName": "Freddy", "lastName": "Lee"}, "canonicalUrl": "https://foursquare.com/item/4ccfd1b701eaf04d0508b55d", "todo": {"count": 0}, "disagreeCount": 0}, {"logView": true, "lang": "en", "createdAt": 1330860957, "agreeCount": 0, "likes": {"groups": [], "count": 0}, "id": "4f53539de4b02cf6bec7fab1", "text": "Standard has dropped so much today disappointed. Katong outlet seems to taste better now", "type": "user", "user": {"gender": "female", "id": "21734790", "photo": {"prefix": "https://igx.4sqi.net/img/user/", "suffix": "/ZXOWTIDFCAEGA3KP.jpg"}, "firstName": "Sarah", "lastName": "Hiew"}, "canonicalUrl": "https://foursquare.com/item/4f53539de4b02cf6bec7fab1", "todo": {"count": 0}, "disagreeCount": 0}, {"logView": true, "lang": "en", "createdAt": 1295725936, "agreeCount": 2, "likes": {"groups": [{"items": [{"gender": "male", "id": "6039597", "photo": {"prefix": "https://igx.4sqi.net/img/user/", "suffix": "/1AOSRHORJKOA13XA.jpg"}, "firstName": "Keith", "lastName": "Lim"}, {"gender": "female", "id": "4512594", "photo": {"prefix": "https://igx.4sqi.net/img/user/", "suffix": "/L5SUTXP3UBKLLQDB.jpg"}, "firstName": "joyceline", "lastName": "yap"}], "count": 2, "type": "others"}], "summary": "2 likes", "count": 2}, "id": "4d3b357034ee3704fe78809b", "text": "Try the special handmade chee cheong fan n the beef Kway teow from the same boss opp lor famous lor 9 beef keow teow king!!!!!", "type": "user", "user": {"gender": "male", "id": "5793437", "photo": {"prefix": "https://igx.4sqi.net/img/user/", "suffix": "/KF2MEJHWBMQRPXAE.jpg"}, "firstName": "Tay", "lastName": "Leslie"}, "canonicalUrl": "https://foursquare.com/item/4d3b357034ee3704fe78809b", "todo": {"count": 1}, "disagreeCount": 0}, {"authorInteractionType": "liked", "logView": true, "lang": "en", "photo": {"id": "5432030711d222eec5b76252", "visibility": "public", "source": {"name": "Foursquare for Android", "url": "https://foursquare.com/download/#/android"}, "suffix": "/1156235_eQi7Qf3lzRuHUdeSolRrQ7XYWWc1jKiA111tUHrMnVk.jpg", "createdAt": 1412563719, "prefix": "https://igx.4sqi.net/img/general/", "width": 1874, "height": 1874}, "createdAt": 1412563715, "todo": {"count": 1}, "agreeCount": 1, "likes": {"groups": [{"items": [{"gender": "female", "id": "17965456", "photo": {"prefix": "https://igx.4sqi.net/img/user/", "suffix": "/17965456-QAIDV1EYMSLSWT3G.jpg"}, "firstName": "Grezy", "lastName": "Buagas"}], "count": 1, "type": "others"}], "summary": "1 like", "count": 1}, "id": "54320303498e30aedc02f8e8", "text": "Awesome dimsum that's open all day long! Great supper place!", "disagreeCount": 0, "user": {"gender": "female", "id": "1156235", "photo": {"prefix": "https://igx.4sqi.net/img/user/", "suffix": "/1156235-YO5AUT0DVEWGWWAX.jpg"}, "firstName": "Jess", "lastName": "C"}, "canonicalUrl": "https://foursquare.com/item/54320303498e30aedc02f8e8", "type": "user", "photourl": "https://igx.4sqi.net/img/general/original/1156235_eQi7Qf3lzRuHUdeSolRrQ7XYWWc1jKiA111tUHrMnVk.jpg"}, {"logView": true, "lang": "th", "photo": {"id": "52385d7a11d269a17a05c65b", "visibility": "public", "source": {"name": "Foursquare for iOS", "url": "https://foursquare.com/download/#/iphone"}, "suffix": "/48625168_65Wmxwr2u2dqy6mr2mbRfuSUp0YkhlSVuumwyZBDtEw.jpg", "createdAt": 1379425658, "prefix": "https://igx.4sqi.net/img/general/", "width": 959, "height": 640}, "createdAt": 1379425646, "todo": {"count": 0}, "agreeCount": 0, "likes": {"groups": [], "count": 0}, "id": "52385d6e498eb3ac914b7c4c", "text": "\u0e02\u0e32\u0e01\u0e1a\u0e2d\u0e23\u0e48\u0e2d\u0e22 \u0e41\u0e0b\u0e48\u0e1a\u0e14\u0e35\u0e41\u0e17\u0e49 \u0e0a\u0e32\u0e21\u0e30\u0e19\u0e32\u0e27\u0e2d\u0e22\u0e48\u0e32\u0e2a\u0e31\u0e48\u0e07 \u0e44\u0e21\u0e48\u0e44\u0e2b\u0e27", "disagreeCount": 0, "user": {"gender": "male", "id": "48625168", "photo": {"prefix": "https://igx.4sqi.net/img/user/", "suffix": "/4SRPHFNEAF3PH3CP.jpg"}, "firstName": "Artyt", "lastName": "Lerdrakmongkol"}, "canonicalUrl": "https://foursquare.com/item/52385d6e498eb3ac914b7c4c", "type": "user", "photourl": "https://igx.4sqi.net/img/general/original/48625168_65Wmxwr2u2dqy6mr2mbRfuSUp0YkhlSVuumwyZBDtEw.jpg"}, {"logView": true, "lang": "en", "createdAt": 1333821322, "agreeCount": 0, "likes": {"groups": [], "count": 0}, "id": "4f807f8ae4b05766b1b1f3d5", "text": "Die die must try the dried chilli frog", "type": "user", "user": {"gender": "female", "id": "22935210", "photo": {"prefix": "https://igx.4sqi.net/img/user/", "suffix": "/52CIE0MCINZSVQDL.jpg"}, "firstName": "Tan", "lastName": "Pau Cen"}, "canonicalUrl": "https://foursquare.com/item/4f807f8ae4b05766b1b1f3d5", "todo": {"count": 0}, "disagreeCount": 0}, {"logView": true, "lang": "en", "createdAt": 1380951736, "agreeCount": 0, "likes": {"groups": [], "count": 0}, "id": "524fa6b811d270d47124b967", "text": "Porridge & fried prawn dumpling FTW!", "type": "user", "user": {"gender": "female", "id": "4728616", "photo": {"prefix": "https://igx.4sqi.net/img/user/", "suffix": "/AOMWIRWP1QCEJ3R4.jpg"}, "firstName": "pamee", "lastName": "merencilla"}, "canonicalUrl": "https://foursquare.com/item/524fa6b811d270d47124b967", "todo": {"count": 0}, "disagreeCount": 0}, {"authorInteractionType": "liked", "logView": true, "lang": "en", "createdAt": 1375102128, "agreeCount": 2, "likes": {"groups": [{"items": [{"gender": "male", "id": "47291144", "photo": {"prefix": "https://igx.4sqi.net/img/user/", "suffix": "/AMNHQNKN0YFVF4I0.jpg"}, "firstName": "Meraj", "lastName": "Dulal"}, {"gender": "male", "id": "1339539", "photo": {"prefix": "https://igx.4sqi.net/img/user/", "suffix": "/1339539-AIRJPNFKHLZSMUDJ.jpg"}, "firstName": "Ian", "lastName": "Thomtori"}], "count": 2, "type": "others"}], "summary": "2 likes", "count": 2}, "id": "51f664b0498e43dc88c4e48b", "text": "Aside from serving Siew Mai, they also serve delicious hot clay pot porridge. You should give it a try.", "type": "user", "user": {"gender": "female", "id": "5383766", "photo": {"prefix": "https://igx.4sqi.net/img/user/", "suffix": "/5383766-JDHKBRAGEYKDO324.jpg"}, "firstName": "K.", "lastName": "King"}, "canonicalUrl": "https://foursquare.com/item/51f664b0498e43dc88c4e48b", "todo": {"count": 0}, "disagreeCount": 0}, {"logView": true, "lang": "en", "createdAt": 1336896525, "agreeCount": 2, "likes": {"groups": [{"items": [{"gender": "female", "id": "5383766", "photo": {"prefix": "https://igx.4sqi.net/img/user/", "suffix": "/5383766-JDHKBRAGEYKDO324.jpg"}, "firstName": "K.", "lastName": "King"}, {"gender": "male", "id": "50252", "photo": {"prefix": "https://igx.4sqi.net/img/user/", "suffix": "/50252_1259979403368.jpg"}, "firstName": "Nicholas Aaron", "lastName": "Khoo"}], "count": 2, "type": "others"}], "summary": "2 likes", "count": 2}, "id": "4faf6c0de4b03338fb3c9b5f", "text": "Chee cheong fun (steamed rice rolls): As wif d rest of 4SQ entries, theirs were freshly made. We had 5 orders in d end!!!", "type": "user", "user": {"gender": "male", "id": "231366", "photo": {"prefix": "https://igx.4sqi.net/img/user/", "suffix": "/231366-Q2ZSAEF50GYUXPDA.jpg"}, "firstName": "Cheen", "lastName": "The Curious"}, "canonicalUrl": "https://foursquare.com/item/4faf6c0de4b03338fb3c9b5f", "todo": {"count": 0}, "disagreeCount": 0}, {"logView": true, "lang": "en", "createdAt": 1326507767, "agreeCount": 0, "likes": {"groups": [], "count": 0}, "id": "4f10e6f7e4b09e81d823a2e4", "text": "Good porridge!", "type": "user", "user": {"gender": "male", "id": "15756433", "photo": {"prefix": "https://igx.4sqi.net/img/user/", "suffix": "/15756433-KLPYKIHGC4ZUBIJR.jpg"}, "firstName": "Rohan", "lastName": "Thomas"}, "canonicalUrl": "https://foursquare.com/item/4f10e6f7e4b09e81d823a2e4", "todo": {"count": 0}, "disagreeCount": 0}, {"logView": true, "lang": "en", "createdAt": 1374324952, "agreeCount": 0, "likes": {"groups": [], "count": 0}, "id": "51ea88d8498e082a43adf936", "text": "Rating 7/10", "type": "user", "user": {"gender": "male", "id": "25463480", "photo": {"prefix": "https://igx.4sqi.net/img/user/", "suffix": "/CFQRZYAIAPOSIX1Q.jpg"}, "firstName": "J", "lastName": "OH"}, "canonicalUrl": "https://foursquare.com/item/51ea88d8498e082a43adf936", "todo": {"count": 0}, "disagreeCount": 0}, {"logView": true, "lang": "en", "createdAt": 1300521939, "agreeCount": 1, "likes": {"groups": [{"items": [{"id": "3677242", "photo": {"prefix": "https://igx.4sqi.net/img/user/", "suffix": "/3677242-VALLGDQHMG0MJRE3.jpg"}, "firstName": "Stanley \u8f89", "gender": "male"}], "count": 1, "type": "others"}], "summary": "1 like", "count": 1}, "id": "4d8463d302eb5481c9b32df5", "text": "Have tried most of their dim sum, not bad! Their chicken feet, crystal prawn dumpling, crystal chives, pork rib. Wat i like is they are freshly made when u ordered!", "type": "user", "user": {"id": "4582444", "photo": {"prefix": "https://igx.4sqi.net/img/user/", "suffix": "/4582444-BH0Q33JC2QABIJVN.jpg"}, "firstName": "Joean\u52e4", "gender": "female"}, "canonicalUrl": "https://foursquare.com/item/4d8463d302eb5481c9b32df5", "todo": {"count": 2}, "disagreeCount": 0}, {"logView": true, "lang": "en", "createdAt": 1336896414, "agreeCount": 0, "likes": {"groups": [], "count": 0}, "id": "4faf6b9ee4b0861eacf9ff4e", "text": "Porridge: Njoyed their century egg porridge. Tasty yet not too salty", "type": "user", "user": {"gender": "male", "id": "231366", "photo": {"prefix": "https://igx.4sqi.net/img/user/", "suffix": "/231366-Q2ZSAEF50GYUXPDA.jpg"}, "firstName": "Cheen", "lastName": "The Curious"}, "canonicalUrl": "https://foursquare.com/item/4faf6b9ee4b0861eacf9ff4e", "todo": {"count": 0}, "disagreeCount": 0}, {"logView": true, "lang": "en", "createdAt": 1324222416, "agreeCount": 0, "likes": {"groups": [], "count": 0}, "id": "4eee07d00aaf1d45b28d61e8", "text": "Nice place for dim sum. Loving it.", "type": "user", "user": {"gender": "male", "id": "4354913", "photo": {"prefix": "https://igx.4sqi.net/img/user/", "suffix": "/OS2EH2ODKCWYAZH5.jpg"}, "firstName": "Jacky Winson", "lastName": "Sim"}, "canonicalUrl": "https://foursquare.com/item/4eee07d00aaf1d45b28d61e8", "todo": {"count": 0}, "disagreeCount": 0}, {"logView": true, "lang": "en", "createdAt": 1297802646, "agreeCount": 0, "likes": {"groups": [{"items": [], "count": 2, "type": "others"}], "summary": "2 likes", "count": 2}, "id": "4d5ae59635966dcb7c736628", "text": "New in the menu! try their Frog Leg,taste great man!!", "type": "user", "user": {"gender": "male", "id": "6505785", "photo": {"prefix": "https://igx.4sqi.net/img/user/", "suffix": "/RPGWGAFYKXMJ1YBQ.jpg"}, "firstName": "Ken", "lastName": "Chan"}, "canonicalUrl": "https://foursquare.com/item/4d5ae59635966dcb7c736628", "todo": {"count": 0}, "disagreeCount": 0}, {"logView": true, "lang": "en", "createdAt": 1427922001, "todo": {"count": 0}, "agreeCount": 0, "likes": {"groups": [], "count": 0}, "id": "551c5c51498e2eb5fe0ce56b", "text": "I've been here 4 times & have tried 17 dishes. LOVED: 1) Steamed Rice Roll w Shrimp 2) House Special Prawn Dumpling. FAILED: Steamed Rice w Spare Pork Ribs. See Top 10 dishes on Foodmento:", "disagreeCount": 0, "url": "http://foodmento.com/place/562", "user": {"gender": "male", "id": "91136", "photo": {"prefix": "https://igx.4sqi.net/img/user/", "suffix": "/91136-RDBUW0U02K2NAUK1.jpg"}, "firstName": "Jeff", "lastName": "Woo"}, "canonicalUrl": "https://foursquare.com/item/551c5c51498e2eb5fe0ce56b", "type": "user"}, {"logView": true, "lang": "en", "createdAt": 1339513366, "todo": {"count": 0}, "agreeCount": 1, "likes": {"groups": [{"items": [{"gender": "male", "id": "14321828", "photo": {"prefix": "https://igx.4sqi.net/img/user/", "suffix": "/14321828-ZYRE3U4B150AUG4Y"}, "firstName": "Zeus", "lastName": "N"}], "count": 1, "type": "others"}], "summary": "1 like", "count": 1}, "id": "4fd75a16e4b00c40bb3e51d9", "text": "Http://gemart.aipte.org", "entities": [{"indices": [0, 23], "type": "url", "object": {"url": "http://Http://gemart.aipte.org"}}], "disagreeCount": 0, "user": {"gender": "male", "id": "17121325", "photo": {"prefix": "https://igx.4sqi.net/img/user/", "suffix": "/1S1311VXZXXS1H0D.jpg"}, "firstName": "pulp", "lastName": "paper"}, "canonicalUrl": "https://foursquare.com/item/4fd75a16e4b00c40bb3e51d9", "type": "user"}, {"logView": true, "lang": "en", "createdAt": 1306157870, "agreeCount": 0, "likes": {"groups": [], "count": 0}, "id": "4dda632ed1647fcf3e8fecd5", "text": "Standard has gone down.", "type": "user", "user": {"gender": "female", "id": "3762791", "photo": {"prefix": "https://igx.4sqi.net/img/user/", "suffix": "/DSBZAQEGSBP1HO3H.jpg"}, "firstName": "Apr", "lastName": "K"}, "canonicalUrl": "https://foursquare.com/item/4dda632ed1647fcf3e8fecd5", "todo": {"count": 0}, "disagreeCount": 0}, {"logView": true, "lang": "en", "createdAt": 1358056543, "agreeCount": 1, "likes": {"groups": [{"items": [{"gender": "none", "id": "6375221", "photo": {"prefix": "https://igx.4sqi.net/img/user/", "suffix": "/T3CRDK3JWVSUVOR2.jpg"}, "firstName": "Joyce", "lastName": "Chan"}], "count": 1, "type": "others"}], "summary": "1 like", "count": 1}, "id": "50f24c5fe4b09fca7fb426b7", "text": "The ice milk coffee is really horrid. One of the worst I've tried. All else ok!", "type": "user", "user": {"gender": "male", "id": "185746", "photo": {"prefix": "https://igx.4sqi.net/img/user/", "suffix": "/185746-A1V1ADPZB5DYPQDQ.jpg"}, "firstName": "Weeteck", "lastName": "Yeoh"}, "canonicalUrl": "https://foursquare.com/item/50f24c5fe4b09fca7fb426b7", "todo": {"count": 0}, "disagreeCount": 0}, {"logView": true, "lang": "en", "createdAt": 1309191964, "agreeCount": 0, "likes": {"groups": [], "count": 0}, "id": "4e08af1c1f6e21103394308d", "text": "Very bad attitude china male server..!! Zzz!!", "type": "user", "user": {"gender": "female", "id": "2904202", "photo": {"prefix": "https://igx.4sqi.net/img/user/", "suffix": "/XBLBVOPFVAJ2RZWZ.jpg"}, "firstName": "Ellie", "lastName": "Tan"}, "canonicalUrl": "https://foursquare.com/item/4e08af1c1f6e21103394308d", "todo": {"count": 0}, "disagreeCount": 0}, {"logView": true, "lang": "en", "createdAt": 1390051875, "agreeCount": 0, "likes": {"groups": [], "count": 0}, "id": "52da822311d2b19e6584d8f4", "text": "You can no longer have beer on the tables on the street. :(", "type": "user", "user": {"gender": "male", "id": "1244138", "photo": {"prefix": "https://igx.4sqi.net/img/user/", "suffix": "/1244138-QRVPWG3HJSUOC2Y2.jpg"}, "firstName": "Keith", "lastName": "Bryk"}, "canonicalUrl": "https://foursquare.com/item/52da822311d2b19e6584d8f4", "todo": {"count": 0}, "disagreeCount": 0}, {"logView": true, "lang": "en", "createdAt": 1320708056, "agreeCount": 0, "likes": {"groups": [], "count": 0}, "id": "4eb867d8be7bfc284b90be3c", "text": "nice egg tarts.", "type": "user", "user": {"gender": "male", "id": "6253040", "photo": {"prefix": "https://igx.4sqi.net/img/user/", "suffix": "/TVCGJC5CHZAH5GSL.jpg"}, "firstName": "nel", "lastName": "seah"}, "canonicalUrl": "https://foursquare.com/item/4eb867d8be7bfc284b90be3c", "todo": {"count": 0}, "disagreeCount": 0}, {"logView": true, "lang": "en", "createdAt": 1363459529, "agreeCount": 0, "likes": {"groups": [], "count": 0}, "id": "5144bdc9e4b0c11f76020457", "text": "Bad Service", "type": "user", "user": {"gender": "female", "id": "5107438", "photo": {"prefix": "https://igx.4sqi.net/img/user/", "suffix": "/QY0EJEE05CQYO3NG.jpg"}, "firstName": "Xiang xiang", "lastName": "Lok"}, "canonicalUrl": "https://foursquare.com/item/5144bdc9e4b0c11f76020457", "todo": {"count": 0}, "disagreeCount": 0}, {"logView": true, "lang": "en", "createdAt": 1301601326, "agreeCount": 0, "likes": {"groups": [], "count": 0}, "id": "4d94dc2e1231b60c089983a1", "text": "Frog leg porridge and chee cheong fun must try! Look out for big fluffly dog.", "type": "user", "user": {"gender": "female", "id": "7609860", "photo": {"prefix": "https://igx.4sqi.net/img/user/", "suffix": "/TPLAEPCOKCFXALWF.jpg"}, "firstName": "ruai", "lastName": "fu"}, "canonicalUrl": "https://foursquare.com/item/4d94dc2e1231b60c089983a1", "todo": {"count": 0}, "disagreeCount": 0}, {"logView": true, "lang": "en", "createdAt": 1302040274, "agreeCount": 0, "likes": {"groups": [], "count": 0}, "id": "4d9b8ed2cbc96ea8f478ee25", "text": "Egg Tarts are AWESOME!! ^^", "type": "user", "user": {"gender": "male", "id": "4408472", "photo": {"prefix": "https://igx.4sqi.net/img/user/", "suffix": "/U2KCHV3HNPMK4O3A.jpg"}, "firstName": "Lex", "lastName": "Xiong"}, "canonicalUrl": "https://foursquare.com/item/4d9b8ed2cbc96ea8f478ee25", "todo": {"count": 0}, "disagreeCount": 0}], "count": 72}}}