{"meta": {"code": 200, "requestId": "595a4d3edb04f562eeabf2d7"}, "response": {"tips": {"items": [{"logView": true, "lang": "en", "createdAt": 1299583556, "agreeCount": 0, "likes": {"groups": [], "count": 0}, "id": "4d761244d94ea35d287aafaf", "text": "So disappointed that they stop having Salmon & Ama Ebi Don with spring onions....", "type": "user", "user": {"gender": "female", "id": "3744640", "photo": {"prefix": "https://igx.4sqi.net/img/user/", "suffix": "/AWXDSB0DVMPU4MBQ.jpg"}, "firstName": "Vivien", "lastName": "Ho"}, "canonicalUrl": "https://foursquare.com/item/4d761244d94ea35d287aafaf", "todo": {"count": 0}, "disagreeCount": 0}, {"logView": true, "lang": "en", "createdAt": 1355665118, "agreeCount": 1, "likes": {"groups": [{"items": [{"gender": "male", "id": "51701206", "photo": {"prefix": "https://igx.4sqi.net/img/user/", "suffix": "/0BUQEXVEN2QYQZQ3.jpg"}, "firstName": "Evgeniy", "lastName": "Kozlov"}], "count": 1, "type": "others"}], "summary": "1 like", "count": 1}, "id": "50cdcedee4b0956d3a16a8b7", "text": "Nothing better than sesame ice-cream", "type": "user", "user": {"gender": "male", "id": "4161504", "photo": {"prefix": "https://igx.4sqi.net/img/user/", "suffix": "/B5TPNQWG4CJF5P2M.jpg"}, "firstName": "Arseny", "lastName": "Chernov"}, "canonicalUrl": "https://foursquare.com/item/50cdcedee4b0956d3a16a8b7", "todo": {"count": 0}, "disagreeCount": 0}, {"authorInteractionType": "liked", "logView": true, "lang": "en", "photo": {"id": "57ebb04fcd101585ec615d2e", "visibility": "public", "source": {"name": "Foursquare for iOS", "url": "https://foursquare.com/download/#/iphone"}, "suffix": "/74738121_cK7kQVNDeqZf5owSV0qERLabqGj58-gs074Luoj58aw.jpg", "createdAt": 1475063887, "prefix": "https://igx.4sqi.net/img/general/", "width": 1920, "height": 1440}, "createdAt": 1475063884, "todo": {"count": 0}, "agreeCount": 0, "likes": {"groups": [], "count": 0}, "id": "57ebb04c498e8cd26ab5607c", "text": "Try the Tan Tan Sezchuan Ramen for yummy spicy soup to bring out the inner adventurer in you!", "disagreeCount": 0, "user": {"gender": "female", "id": "74738121", "photo": {"prefix": "https://igx.4sqi.net/img/user/", "suffix": "/74738121_P-2WvveL_Sos3EMuL8TzLbjgllJ_ekZ0mWPQKfXg47bD9sioX40IMhzbFpkJXTooTUu-GV6A7.jpg"}, "firstName": "Jette", "lastName": "S"}, "canonicalUrl": "https://foursquare.com/item/57ebb04c498e8cd26ab5607c", "type": "user", "photourl": "https://igx.4sqi.net/img/general/original/74738121_cK7kQVNDeqZf5owSV0qERLabqGj58-gs074Luoj58aw.jpg"}, {"logView": true, "lang": "en", "createdAt": 1333631821, "agreeCount": 1, "likes": {"groups": [{"items": [{"gender": "female", "id": "6135832", "photo": {"prefix": "https://igx.4sqi.net/img/user/", "suffix": "/6135832-2OGYEEHPERA0CWDD.jpg"}, "firstName": "Rungthiwa", "lastName": "Suwannahong"}], "count": 1, "type": "others"}], "summary": "1 like", "count": 1}, "id": "4f7d9b4de4b02b9fc81635ef", "text": "Needed to wait 20 minutes for a sushi, \uf645", "type": "user", "user": {"id": "16016277", "photo": {"prefix": "https://igx.4sqi.net/img/user/", "suffix": "/JMCN31ZEQPOLFTPV.jpg"}, "firstName": "Sam", "gender": "male"}, "canonicalUrl": "https://foursquare.com/item/4f7d9b4de4b02b9fc81635ef", "todo": {"count": 0}, "disagreeCount": 0}, {"logView": true, "lang": "en", "createdAt": 1393648851, "agreeCount": 2, "likes": {"groups": [{"items": [{"gender": "male", "id": "4601615", "photo": {"prefix": "https://igx.4sqi.net/img/user/", "suffix": "/4601615-KOHCNVGBDCJQMFG2.jpg"}, "firstName": "Mr 3O6", "lastName": "(Sulaimi B Zakariah)"}, {"gender": "female", "id": "76170520", "photo": {"prefix": "https://igx.4sqi.net/img/user/", "suffix": "/76170520-2YYZCC5J3JMYNTZJ.jpg"}, "firstName": "Michelle \u738b\u5c0f\u71d5", "lastName": "Wong"}], "count": 2, "type": "others"}], "summary": "2 likes", "count": 2}, "id": "531164d311d2929c66a31c6c", "text": "One of of the best Sashimi I had in Singapore. Very fresh!", "type": "user", "user": {"gender": "male", "id": "7935896", "photo": {"prefix": "https://igx.4sqi.net/img/user/", "suffix": "/CXBA024WPYWBFQXD.jpg"}, "firstName": "Patrick", "lastName": "Weinert"}, "canonicalUrl": "https://foursquare.com/item/531164d311d2929c66a31c6c", "todo": {"count": 1}, "disagreeCount": 0}, {"logView": true, "lang": "en", "createdAt": 1267875604, "agreeCount": 1, "likes": {"groups": [{"items": [{"gender": "female", "id": "76170520", "photo": {"prefix": "https://igx.4sqi.net/img/user/", "suffix": "/76170520-2YYZCC5J3JMYNTZJ.jpg"}, "firstName": "Michelle \u738b\u5c0f\u71d5", "lastName": "Wong"}], "count": 6, "type": "others"}], "summary": "6 likes", "count": 6}, "id": "4b923f1470c603bba9aa93b4", "text": "Sushi rox", "type": "user", "user": {"gender": "male", "id": "457886", "photo": {"prefix": "https://igx.4sqi.net/img/user/", "suffix": "/5YFLJGNQG1LZ4KBY.jpg"}, "firstName": "Kheeyong", "lastName": "Chong"}, "canonicalUrl": "https://foursquare.com/item/4b923f1470c603bba9aa93b4", "todo": {"count": 0}, "disagreeCount": 0}, {"logView": true, "lang": "en", "createdAt": 1317205825, "agreeCount": 0, "likes": {"groups": [], "count": 0}, "id": "4e82f7417ee6cb77878b6a8b", "text": "Food here sucks. Sweet potato was as hard as a carrot", "type": "user", "user": {"gender": "female", "id": "12625104", "photo": {"prefix": "https://igx.4sqi.net/img/user/", "suffix": "/ZT0GETHPZMOBRJM4.jpg"}, "firstName": "Joy", "lastName": "Ling"}, "canonicalUrl": "https://foursquare.com/item/4e82f7417ee6cb77878b6a8b", "todo": {"count": 0}, "disagreeCount": 0}, {"logView": true, "lang": "en", "createdAt": 1303126673, "agreeCount": 0, "likes": {"groups": [], "count": 0}, "id": "4dac229143a11281971e7eda", "text": "Love the wafuu salad!!!", "type": "user", "user": {"gender": "female", "id": "1718488", "photo": {"prefix": "https://igx.4sqi.net/img/user/", "suffix": "/OGGCBIQ3GK3UNC2Y.jpg"}, "firstName": "Adeline", "lastName": "Ng"}, "canonicalUrl": "https://foursquare.com/item/4dac229143a11281971e7eda", "todo": {"count": 0}, "disagreeCount": 0}, {"logView": true, "lang": "en", "createdAt": 1317097231, "agreeCount": 0, "likes": {"groups": [{"items": [], "count": 1, "type": "others"}], "summary": "1 like", "count": 1}, "id": "4e814f0fe5fa74b506624e4d", "text": "It's very cramp here", "type": "user", "user": {"gender": "male", "id": "6440532", "photo": {"prefix": "https://igx.4sqi.net/img/user/", "suffix": "/5BOIBVITIAI1AVZW.jpg"}, "firstName": "Damien Dominic", "lastName": "Wong"}, "canonicalUrl": "https://foursquare.com/item/4e814f0fe5fa74b506624e4d", "todo": {"count": 0}, "disagreeCount": 0}, {"authorInteractionType": "disliked", "logView": true, "lang": "en", "createdAt": 1373799629, "agreeCount": 0, "likes": {"groups": [], "count": 0}, "id": "51e284cd498e8fa685dce060", "text": "My tip is 'Dont eat here!'... Half our order didn't come, manager not interested!.... Had to pay a service charge for dreadful service.... Poor", "type": "user", "user": {"gender": "male", "id": "47438839", "photo": {"prefix": "https://igx.4sqi.net/img/user/", "suffix": "/47438839-0JYCQPWAIHPKHY2R.jpg"}, "firstName": "Damian", "lastName": "Foster"}, "canonicalUrl": "https://foursquare.com/item/51e284cd498e8fa685dce060", "todo": {"count": 0}, "disagreeCount": 0}, {"authorInteractionType": "liked", "logView": true, "lang": "en", "createdAt": 1299137213, "agreeCount": 0, "likes": {"groups": [], "count": 0}, "id": "4d6f42bd27316ea893f3adaa", "text": "Favorite!!! Love their ootoro sushi!! Yums! \ue344", "type": "user", "user": {"gender": "female", "id": "2758336", "photo": {"prefix": "https://igx.4sqi.net/img/user/", "suffix": "/CQRQBVSAQXNOSXC0.jpg"}, "firstName": "Jessica", "lastName": "\uc81c\uc2dc\uae4c"}, "canonicalUrl": "https://foursquare.com/item/4d6f42bd27316ea893f3adaa", "todo": {"count": 0}, "disagreeCount": 0}, {"authorInteractionType": "liked", "logView": true, "lang": "en", "createdAt": 1306131218, "agreeCount": 0, "likes": {"groups": [], "count": 0}, "id": "4dd9fb121f6ee14683607791", "text": "Salmon belly sashimi available upon order.", "type": "user", "user": {"gender": "female", "id": "2758336", "photo": {"prefix": "https://igx.4sqi.net/img/user/", "suffix": "/CQRQBVSAQXNOSXC0.jpg"}, "firstName": "Jessica", "lastName": "\uc81c\uc2dc\uae4c"}, "canonicalUrl": "https://foursquare.com/item/4dd9fb121f6ee14683607791", "todo": {"count": 0}, "disagreeCount": 0}, {"logView": true, "lang": "en", "createdAt": 1302790328, "agreeCount": 0, "likes": {"groups": [], "count": 0}, "id": "4da700b893a04785b90bdbf9", "text": "There's an awful lot of salt & msg in everything. Tough meal to finish.", "type": "user", "user": {"gender": "female", "id": "1824156", "photo": {"prefix": "https://igx.4sqi.net/img/user/", "suffix": "/1824156-UWXNXNNGULS5HFTX.jpg"}, "firstName": "Belinda", "lastName": "Au Yong"}, "canonicalUrl": "https://foursquare.com/item/4da700b893a04785b90bdbf9", "todo": {"count": 0}, "disagreeCount": 0}, {"logView": true, "lang": "en", "createdAt": 1296122957, "agreeCount": 0, "likes": {"groups": [], "count": 0}, "id": "4d41444d90f9224b56f60d1e", "text": "Price of \u9c7c\u751f has gone up. $36.80 + GST this year.", "type": "user", "user": {"gender": "male", "id": "2295549", "photo": {"prefix": "https://igx.4sqi.net/img/user/", "suffix": "/IMGXSOQSLJOZPRW5.jpg"}, "firstName": "Andy", "lastName": "H"}, "canonicalUrl": "https://foursquare.com/item/4d41444d90f9224b56f60d1e", "todo": {"count": 0}, "disagreeCount": 0}, {"logView": true, "lang": "en", "createdAt": 1288684036, "agreeCount": 0, "likes": {"groups": [], "count": 0}, "id": "4ccfc2047f56a1430d7ec9a6", "text": "This is by far the worst Sushi Tei outlet that I have been to. The food was simply not up to standard", "type": "user", "user": {"gender": "female", "id": "3429874", "photo": {"prefix": "https://igx.4sqi.net/img/user/", "suffix": "/DKBBYKHCEO22AFY4.jpg"}, "firstName": "Christine", "lastName": "Tan"}, "canonicalUrl": "https://foursquare.com/item/4ccfc2047f56a1430d7ec9a6", "todo": {"count": 0}, "disagreeCount": 0}, {"logView": true, "lang": "en", "createdAt": 1380901201, "agreeCount": 1, "likes": {"groups": [{"items": [{"gender": "female", "id": "76170520", "photo": {"prefix": "https://igx.4sqi.net/img/user/", "suffix": "/76170520-2YYZCC5J3JMYNTZJ.jpg"}, "firstName": "Michelle \u738b\u5c0f\u71d5", "lastName": "Wong"}], "count": 1, "type": "others"}], "summary": "1 like", "count": 1}, "id": "524ee15111d29d4e8e72e015", "text": "Super big portion of sashimi. But too thick slices. If they are sliced the sashimi thinner into more pieces, it will probably be better.", "type": "user", "user": {"gender": "female", "id": "6749070", "photo": {"prefix": "https://igx.4sqi.net/img/user/", "suffix": "/6749070-Z21U1DFUDR3GRBBI.jpg"}, "firstName": "Lina", "lastName": "Lim"}, "canonicalUrl": "https://foursquare.com/item/524ee15111d29d4e8e72e015", "todo": {"count": 0}, "disagreeCount": 0}, {"logView": true, "lang": "en", "createdAt": 1272858708, "agreeCount": 1, "likes": {"groups": [{"items": [{"gender": "female", "id": "76170520", "photo": {"prefix": "https://igx.4sqi.net/img/user/", "suffix": "/76170520-2YYZCC5J3JMYNTZJ.jpg"}, "firstName": "Michelle \u738b\u5c0f\u71d5", "lastName": "Wong"}], "count": 1, "type": "others"}], "summary": "1 like", "count": 1}, "id": "4bde485470c603bbd0159ab4", "text": "Yummy sashimi!!!", "type": "user", "user": {"gender": "male", "id": "1030915", "photo": {"prefix": "https://igx.4sqi.net/img/user/", "suffix": "/0O1CDTD1PO4AP23N.jpg"}, "firstName": "Stanley", "lastName": "Tung"}, "canonicalUrl": "https://foursquare.com/item/4bde485470c603bbd0159ab4", "todo": {"count": 0}, "disagreeCount": 0}, {"authorInteractionType": "liked", "logView": true, "lang": "en", "photo": {"id": "57ebb074498e85e8713db42e", "visibility": "public", "source": {"name": "Foursquare for iOS", "url": "https://foursquare.com/download/#/iphone"}, "suffix": "/74738121_cB8c1iyVY0Ni6CQtxAwfG5DpaBBoMoiAhSHs3oQ8FTc.jpg", "createdAt": 1475063924, "prefix": "https://igx.4sqi.net/img/general/", "width": 1920, "height": 1440}, "createdAt": 1475063922, "todo": {"count": 0}, "agreeCount": 0, "likes": {"groups": [], "count": 0}, "id": "57ebb072498e8cd26ab59ee0", "text": "Get the Asahi Clam soup for a lighter yummy soup base for lots of iron! \u263a\ufe0f\ud83d\udc4d\ud83c\udffb", "disagreeCount": 0, "user": {"gender": "female", "id": "74738121", "photo": {"prefix": "https://igx.4sqi.net/img/user/", "suffix": "/74738121_P-2WvveL_Sos3EMuL8TzLbjgllJ_ekZ0mWPQKfXg47bD9sioX40IMhzbFpkJXTooTUu-GV6A7.jpg"}, "firstName": "Jette", "lastName": "S"}, "canonicalUrl": "https://foursquare.com/item/57ebb072498e8cd26ab59ee0", "type": "user", "photourl": "https://igx.4sqi.net/img/general/original/74738121_cB8c1iyVY0Ni6CQtxAwfG5DpaBBoMoiAhSHs3oQ8FTc.jpg"}, {"logView": true, "lang": "en", "createdAt": 1325998921, "agreeCount": 1, "likes": {"groups": [{"items": [{"gender": "male", "id": "4352771", "photo": {"prefix": "https://igx.4sqi.net/img/user/", "suffix": "/4352771-QVFROLXKSG3CBNNS.jpg"}, "firstName": "Wayne", "lastName": "Jacob"}], "count": 1, "type": "others"}], "summary": "1 like", "count": 1}, "id": "4f092349e4b0ad9c26012f70", "text": "Food here is not as good as Paragon's Sushi Tei!", "type": "user", "user": {"gender": "female", "id": "6741530", "photo": {"prefix": "https://igx.4sqi.net/img/user/", "suffix": "/GKJZY4UMVW5K5VPC.jpg"}, "firstName": "Audrey", "lastName": "Goh"}, "canonicalUrl": "https://foursquare.com/item/4f092349e4b0ad9c26012f70", "todo": {"count": 0}, "disagreeCount": 0}, {"logView": true, "lang": "en", "createdAt": 1324793504, "agreeCount": 0, "likes": {"groups": [], "count": 0}, "id": "4ef6bea061af4546fdd016c0", "text": "The pork cutlet is too dry, dull and hard. I don't recommend it. Try something else", "type": "user", "user": {"gender": "female", "id": "13246047", "photo": {"prefix": "https://igx.4sqi.net/img/user/", "suffix": "/EOQ5MI1YJUT4ORSM.jpg"}, "firstName": "Perle", "lastName": "Shulynn"}, "canonicalUrl": "https://foursquare.com/item/4ef6bea061af4546fdd016c0", "todo": {"count": 0}, "disagreeCount": 0}, {"logView": true, "lang": "en", "createdAt": 1328168246, "agreeCount": 0, "likes": {"groups": [], "count": 0}, "id": "4f2a3d36e4b02f0aff9cfdde", "text": "My all time favourite got to be Ikura chawanmushi!", "type": "user", "user": {"gender": "female", "id": "1384733", "photo": {"prefix": "https://igx.4sqi.net/img/user/", "suffix": "/AYK1X05DL4AEWVF3.jpg"}, "firstName": "Ann", "lastName": "Heng"}, "canonicalUrl": "https://foursquare.com/item/4f2a3d36e4b02f0aff9cfdde", "todo": {"count": 0}, "disagreeCount": 0}, {"logView": true, "lang": "en", "createdAt": 1292054904, "agreeCount": 1, "likes": {"groups": [{"items": [{"gender": "female", "id": "76170520", "photo": {"prefix": "https://igx.4sqi.net/img/user/", "suffix": "/76170520-2YYZCC5J3JMYNTZJ.jpg"}, "firstName": "Michelle \u738b\u5c0f\u71d5", "lastName": "Wong"}], "count": 1, "type": "others"}], "summary": "1 like", "count": 1}, "id": "4d03317826adb1f75f09cb70", "text": "Salmon don portion getting smaller liao but still I like sushi tei best :)", "type": "user", "user": {"gender": "male", "id": "2016878", "photo": {"prefix": "https://igx.4sqi.net/img/user/", "suffix": "/2016878-2X3GDDBLWXAUET1U"}, "firstName": "Elvin", "lastName": "Yeo"}, "canonicalUrl": "https://foursquare.com/item/4d03317826adb1f75f09cb70", "todo": {"count": 0}, "disagreeCount": 0}, {"authorInteractionType": "meh", "logView": true, "lang": "en", "createdAt": 1494724068, "agreeCount": 0, "likes": {"groups": [], "count": 0}, "id": "5917ade48a6f170bad125d1b", "text": "Do NOT try the pork and chicken katsu. Hard n tasteless. V disappointed.", "type": "user", "user": {"gender": "female", "id": "13250476", "photo": {"prefix": "https://igx.4sqi.net/img/user/", "suffix": "/13250476-2MSJWDTBRRSNWYBJ.jpg"}, "firstName": "Yi Min", "lastName": "Tan"}, "canonicalUrl": "https://foursquare.com/item/5917ade48a6f170bad125d1b", "todo": {"count": 0}, "disagreeCount": 0}, {"logView": true, "lang": "en", "createdAt": 1313845948, "agreeCount": 0, "likes": {"groups": [], "count": 0}, "id": "4e4fb2bc2271a1bdc3e16528", "text": "Gonna love the Dragon Roll...", "type": "user", "user": {"gender": "female", "id": "11174951", "photo": {"prefix": "https://igx.4sqi.net/img/user/", "suffix": "/ZBOCPCVEQBUDRWNK.jpg"}, "firstName": "Yvonne", "lastName": "Yeo"}, "canonicalUrl": "https://foursquare.com/item/4e4fb2bc2271a1bdc3e16528", "todo": {"count": 0}, "disagreeCount": 0}, {"logView": true, "lang": "en", "createdAt": 1285682997, "agreeCount": 1, "likes": {"groups": [{"items": [{"gender": "female", "id": "76170520", "photo": {"prefix": "https://igx.4sqi.net/img/user/", "suffix": "/76170520-2YYZCC5J3JMYNTZJ.jpg"}, "firstName": "Michelle \u738b\u5c0f\u71d5", "lastName": "Wong"}], "count": 1, "type": "others"}], "summary": "1 like", "count": 1}, "id": "4ca1f73554c8a1cd396eac4b", "text": "Everything is nice cause it's cook by me:D", "type": "user", "user": {"gender": "male", "id": "3611865", "photo": {"prefix": "https://igx.4sqi.net/img/user/", "suffix": "/240TB1DJXK3X2CAF.jpg"}, "firstName": "Ahchun", "lastName": "Mylife"}, "canonicalUrl": "https://foursquare.com/item/4ca1f73554c8a1cd396eac4b", "todo": {"count": 0}, "disagreeCount": 0}], "count": 25}}}