{"meta": {"code": 200, "requestId": "595a4c5b4c1f677020ecf61b"}, "response": {"tips": {"items": [{"logView": true, "lang": "en", "createdAt": 1288353911, "agreeCount": 0, "likes": {"groups": [], "count": 0}, "id": "4ccab877b878a093f3c97d9a", "text": "The Buta Bara (pork belly) is great.", "type": "user", "user": {"gender": "male", "id": "3914046", "photo": {"prefix": "https://igx.4sqi.net/img/user/", "suffix": "/3XCJPPADDM5AN0R0.jpg"}, "firstName": "Michael", "lastName": "Chan"}, "canonicalUrl": "https://foursquare.com/item/4ccab877b878a093f3c97d9a", "todo": {"count": 0}, "disagreeCount": 0}, {"todo": {"count": 0}, "authorInteractionType": "liked", "logView": true, "lang": "en", "createdAt": 1376541034, "editedAt": 1376541093, "agreeCount": 1, "likes": {"groups": [{"items": [{"id": "14885998", "photo": {"prefix": "https://igx.4sqi.net/img/user/", "suffix": "/14885998-3RV12JTEIM0XK3QF.jpg"}, "firstName": "JuriaTRM", "gender": "male"}], "count": 1, "type": "others"}], "summary": "1 like", "count": 1}, "id": "520c596a498e384572d52509", "text": "Love it. The charcoal grilled meats, cabbage, udon, goose liver. Mmmm.", "disagreeCount": 0, "user": {"id": "14885998", "photo": {"prefix": "https://igx.4sqi.net/img/user/", "suffix": "/14885998-3RV12JTEIM0XK3QF.jpg"}, "firstName": "JuriaTRM", "gender": "male"}, "canonicalUrl": "https://foursquare.com/item/520c596a498e384572d52509", "type": "user"}, {"logView": true, "lang": "en", "createdAt": 1324385394, "agreeCount": 0, "likes": {"groups": [], "count": 0}, "id": "4ef0847229c22c6c76c039a5", "text": "Wonderful grilled stuff that makes good vegetarian fare!", "type": "user", "user": {"gender": "male", "id": "582847", "photo": {"prefix": "https://igx.4sqi.net/img/user/", "suffix": "/582847_SKZ798J-_MsqnDNYwpAaDll3FpkkAHYGajC-c6cYNFX06lMhJe-9GA6M8mvAyGPlaT6Qsn_uZ.jpg"}, "firstName": "Dinesh", "lastName": "Bhatia"}, "canonicalUrl": "https://foursquare.com/item/4ef0847229c22c6c76c039a5", "todo": {"count": 0}, "disagreeCount": 0}, {"logView": true, "lang": "en", "photo": {"id": "54709ef0498eea2ceab7c53d", "visibility": "public", "source": {"name": "Foursquare for iOS", "url": "https://foursquare.com/download/#/iphone"}, "suffix": "/3726996_vfMpp6VZXALYPBfgwPT50ymc18eb3_PZInew3obMoq8.jpg", "createdAt": 1416666864, "prefix": "https://igx.4sqi.net/img/general/", "width": 1440, "height": 1920}, "createdAt": 1416666632, "todo": {"count": 0}, "agreeCount": 0, "likes": {"groups": [], "count": 0}, "id": "54709e08498ef0e2044f0092", "text": "Goose Liver! Ask the wait staff for what kind of sake would good.", "disagreeCount": 0, "user": {"gender": "female", "id": "3726996", "photo": {"prefix": "https://igx.4sqi.net/img/user/", "suffix": "/3726996_zgSdm-Xz_8yGEAClGHvjBreJRQg35guCj9yK_1SyEk9soXSsn8k_QDrnetMvL4WW0clUQWJYs.jpg"}, "firstName": "Bianca", "lastName": "Bueno"}, "canonicalUrl": "https://foursquare.com/item/54709e08498ef0e2044f0092", "type": "user", "photourl": "https://igx.4sqi.net/img/general/original/3726996_vfMpp6VZXALYPBfgwPT50ymc18eb3_PZInew3obMoq8.jpg"}, {"authorInteractionType": "liked", "logView": true, "lang": "en", "createdAt": 1335078010, "agreeCount": 1, "likes": {"groups": [{"items": [{"gender": "male", "id": "30480352", "photo": {"prefix": "https://igx.4sqi.net/img/user/", "suffix": "/4VF0NPGX03BE1CSR.jpg"}, "firstName": "Andy", "lastName": "Winter"}], "count": 1, "type": "others"}], "summary": "1 like", "count": 1}, "id": "4f93ac7ae4b0532d5df23499", "text": "Love the fresh cabbage, grilled stingray and almost everything we ordered was good. Like the sake which the waitress recommended. Only minus was when it got more crowded, it was hard to get attention", "type": "user", "user": {"id": "12305570", "photo": {"prefix": "https://igx.4sqi.net/img/user/", "suffix": "/12305570-J3K4UGYLG55R2V4G.jpg"}, "firstName": "Saudade", "gender": "female"}, "canonicalUrl": "https://foursquare.com/item/4f93ac7ae4b0532d5df23499", "todo": {"count": 0}, "disagreeCount": 0}, {"authorInteractionType": "liked", "logView": true, "lang": "en", "createdAt": 1460764408, "agreeCount": 0, "likes": {"groups": [], "count": 0}, "id": "57117ef8498e278745f1c0e7", "text": "Great place for izakaya, well worth it if you are looking for quality but the waiting time is rather long. Not for the impatient and hungry souls.", "type": "user", "user": {"gender": "female", "id": "129491502", "photo": {"prefix": "https://igx.4sqi.net/img/user/", "suffix": "/129491502-JUY23AGYKIQJ1USY.jpg"}, "firstName": "Celine", "lastName": "Ong"}, "canonicalUrl": "https://foursquare.com/item/57117ef8498e278745f1c0e7", "todo": {"count": 0}, "disagreeCount": 0}, {"logView": true, "lang": "en", "createdAt": 1370693709, "agreeCount": 0, "likes": {"groups": [], "count": 0}, "id": "51b3204d498eaf13812e89bb", "text": "Goose liver melts in your mouth! Must try!", "type": "user", "user": {"gender": "female", "id": "4373049", "photo": {"prefix": "https://igx.4sqi.net/img/user/", "suffix": "/D0CJ01RL2IUYJ0MP.jpg"}, "firstName": "Jean", "lastName": "Yew"}, "canonicalUrl": "https://foursquare.com/item/51b3204d498eaf13812e89bb", "todo": {"count": 0}, "disagreeCount": 0}, {"logView": true, "lang": "en", "createdAt": 1313933779, "agreeCount": 0, "likes": {"groups": [], "count": 0}, "id": "4e5109d3d164978659e005d4", "text": "The paper pot beef is great!", "type": "user", "user": {"gender": "male", "id": "10177432", "photo": {"prefix": "https://igx.4sqi.net/img/user/", "suffix": "/10177432_3EILNULC_Lyy03pEX9ORY9_Mei0RVKSOl507Jli3aZaXpZ131NERIuICyei6Z1r41NGH5wMPm.jpg"}, "firstName": "Andi", "lastName": "Tan"}, "canonicalUrl": "https://foursquare.com/item/4e5109d3d164978659e005d4", "todo": {"count": 0}, "disagreeCount": 0}, {"logView": true, "lang": "en", "createdAt": 1298116763, "agreeCount": 0, "likes": {"groups": [], "count": 0}, "id": "4d5fb09b865a224bae9fa185", "text": "I like the charcoal grilled scallop", "type": "user", "user": {"gender": "male", "id": "5403424", "photo": {"prefix": "https://igx.4sqi.net/img/user/", "suffix": "/OGKMFQ25UY0XHEGE.jpg"}, "firstName": "Kenneth", "lastName": "Koh"}, "canonicalUrl": "https://foursquare.com/item/4d5fb09b865a224bae9fa185", "todo": {"count": 0}, "disagreeCount": 0}, {"logView": true, "lang": "en", "photo": {"id": "5513f752498ea47d63ec19c3", "visibility": "public", "source": {"name": "Foursquare for iOS", "url": "https://foursquare.com/download/#/iphone"}, "suffix": "/3726996_dUebC9WGEBwhTWf2V64XqyDScXgmI7dY9o3aczZmIFE.jpg", "createdAt": 1427371858, "prefix": "https://igx.4sqi.net/img/general/", "width": 1440, "height": 1920}, "createdAt": 1427371855, "todo": {"count": 0}, "agreeCount": 0, "likes": {"groups": [], "count": 0}, "id": "5513f74f498ec902ddde378f", "text": "No Line if you come early. Skewers are perfect!", "disagreeCount": 0, "user": {"gender": "female", "id": "3726996", "photo": {"prefix": "https://igx.4sqi.net/img/user/", "suffix": "/3726996_zgSdm-Xz_8yGEAClGHvjBreJRQg35guCj9yK_1SyEk9soXSsn8k_QDrnetMvL4WW0clUQWJYs.jpg"}, "firstName": "Bianca", "lastName": "Bueno"}, "canonicalUrl": "https://foursquare.com/item/5513f74f498ec902ddde378f", "type": "user", "photourl": "https://igx.4sqi.net/img/general/original/3726996_dUebC9WGEBwhTWf2V64XqyDScXgmI7dY9o3aczZmIFE.jpg"}, {"logView": true, "lang": "en", "createdAt": 1462542743, "agreeCount": 0, "likes": {"groups": [], "count": 0}, "id": "572ca197cd10bace1069dc58", "text": "The chef gave us a tasty free salad because the waitresses were too busy to take our orders. Sashimi was fresh and we enjoyed our dinner.", "type": "user", "user": {"id": "19093907", "photo": {"prefix": "https://igx.4sqi.net/img/user/", "suffix": "/19093907-A0PUMNBCTRHPZID2.jpg"}, "firstName": "Povege", "gender": "female"}, "canonicalUrl": "https://foursquare.com/item/572ca197cd10bace1069dc58", "todo": {"count": 0}, "disagreeCount": 0}, {"authorInteractionType": "disliked", "logView": true, "lang": "en", "createdAt": 1496476518, "agreeCount": 0, "likes": {"groups": [], "count": 0}, "id": "59326b66772fbc29a8aee261", "text": "Overpriced", "type": "user", "user": {"id": "29643363", "photo": {"prefix": "https://igx.4sqi.net/img/user/", "suffix": "/29643363-K401315IVR13WNQI.jpg"}, "firstName": "Tra Xanh", "gender": "male"}, "canonicalUrl": "https://foursquare.com/item/59326b66772fbc29a8aee261", "todo": {"count": 0}, "disagreeCount": 0}, {"authorInteractionType": "liked", "logView": true, "lang": "en", "createdAt": 1486732249, "agreeCount": 0, "likes": {"groups": [], "count": 0}, "id": "589dbbd97b88a70fcf100d5a", "text": "Awesome place for a happy hour. Seats outside, delicious grilled options ( foie grad and cheese rolled with pork are my favorites) and super nice sake menu.", "type": "user", "user": {"gender": "female", "id": "111995", "photo": {"prefix": "https://igx.4sqi.net/img/user/", "suffix": "/111995-UXQJXS0SNYEHPJHK.jpg"}, "firstName": "Larissa", "lastName": "Vaz"}, "canonicalUrl": "https://foursquare.com/item/589dbbd97b88a70fcf100d5a", "todo": {"count": 0}, "disagreeCount": 0}, {"logView": true, "lang": "en", "createdAt": 1278305071, "agreeCount": 0, "likes": {"groups": [], "count": 0}, "id": "4c31632fa0ced13a39a6136e", "text": "Try asahi black. Goes well with the food", "type": "user", "user": {"gender": "female", "id": "1209667", "photo": {"prefix": "https://igx.4sqi.net/img/user/", "suffix": "/NUZGXZ0NHCYVCWYO.jpg"}, "firstName": "Shuk", "lastName": "Hsu"}, "canonicalUrl": "https://foursquare.com/item/4c31632fa0ced13a39a6136e", "todo": {"count": 0}, "disagreeCount": 0}, {"logView": true, "lang": "en", "createdAt": 1333257923, "agreeCount": 0, "likes": {"groups": [], "count": 0}, "id": "4f77e6c3e4b06ff836a807da", "text": "The sashimi is fresh, the charcoal grilled stuff oh so yummy. The udon is alright.", "type": "user", "user": {"gender": "male", "id": "2387524", "photo": {"prefix": "https://igx.4sqi.net/img/user/", "suffix": "/KA23BHWK1SE2Z3ZY.jpg"}, "firstName": "Gerald", "lastName": "Cheng"}, "canonicalUrl": "https://foursquare.com/item/4f77e6c3e4b06ff836a807da", "todo": {"count": 0}, "disagreeCount": 0}, {"logView": true, "lang": "en", "createdAt": 1292946444, "agreeCount": 0, "likes": {"groups": [], "count": 0}, "id": "4d10cc0c9fb42c0f0c05a94c", "text": "Nice grilled salmon...and would be nice if they have the Australian wine that I prefer... never! never order the softshell crab... the crab ran away during the deep frying and all I got is FLOUR!!!", "type": "user", "user": {"gender": "female", "id": "5094098", "photo": {"prefix": "https://igx.4sqi.net/img/user/", "suffix": "/5GABD1JNLJWS4PZ0.jpg"}, "firstName": "Audrey", "lastName": "Ong"}, "canonicalUrl": "https://foursquare.com/item/4d10cc0c9fb42c0f0c05a94c", "todo": {"count": 0}, "disagreeCount": 0}, {"logView": true, "lang": "en", "createdAt": 1476459949, "agreeCount": 0, "likes": {"groups": [], "count": 0}, "id": "5800fdad498ec4af25b7c085", "text": "The grilled food is generally good. Sake and the golden ale are good too. Had the truffles angel hair pasta and squid too. Both are excellent, especially the former. Highly recommended.", "type": "user", "user": {"gender": "male", "id": "57357488", "photo": {"prefix": "https://igx.4sqi.net/img/user/", "default": true, "suffix": "/blank_boy.png"}, "firstName": "Kin Hoe", "lastName": "Lee"}, "canonicalUrl": "https://foursquare.com/item/5800fdad498ec4af25b7c085", "todo": {"count": 0}, "disagreeCount": 0}, {"logView": true, "lang": "en", "createdAt": 1405088026, "agreeCount": 0, "likes": {"groups": [], "count": 0}, "id": "53bff11a498e3019cad8cbe3", "text": "Nice izakaya style food.", "type": "user", "user": {"gender": "none", "id": "86634149", "photo": {"prefix": "https://igx.4sqi.net/img/user/", "suffix": "/86634149-QMHFBLNQ0KM1ZBCN.jpg"}, "firstName": "C", "lastName": "Chan"}, "canonicalUrl": "https://foursquare.com/item/53bff11a498e3019cad8cbe3", "todo": {"count": 0}, "disagreeCount": 0}, {"logView": true, "lang": "en", "createdAt": 1373169008, "agreeCount": 0, "likes": {"groups": [], "count": 0}, "id": "51d8e570498eeedbc319c756", "text": "If you like salt, this is the best place to eat. All the meat is salty. If you want extra salt, dip into the sauces. Very good if you have high blood pressure. Chicken balls is dry, tori q is better.", "type": "user", "user": {"gender": "male", "id": "3627211", "photo": {"prefix": "https://igx.4sqi.net/img/user/", "suffix": "/3627211-NS0XY05KXTECVSKU.jpg"}, "firstName": "w", "lastName": "w"}, "canonicalUrl": "https://foursquare.com/item/51d8e570498eeedbc319c756", "todo": {"count": 0}, "disagreeCount": 0}, {"logView": true, "lang": "en", "createdAt": 1292327248, "agreeCount": 0, "likes": {"groups": [], "count": 0}, "id": "4d07595028926ea811e179c2", "text": "Must try: udon to wafu gomadare (wheat noodles with sesame sauce). Really good!!!", "type": "user", "user": {"gender": "none", "id": "4935743", "photo": {"prefix": "https://igx.4sqi.net/img/user/", "suffix": "/1YNPQONO0K4J3MWZ.jpg"}, "firstName": "Sara", "lastName": "V"}, "canonicalUrl": "https://foursquare.com/item/4d07595028926ea811e179c2", "todo": {"count": 0}, "disagreeCount": 0}, {"logView": true, "lang": "en", "createdAt": 1346063863, "agreeCount": 0, "likes": {"groups": [], "count": 0}, "id": "503b4df7e4b04042f6a0e9e9", "text": "Try the suntory premium malt. Who sais Japs can not make beer? :)", "type": "user", "user": {"gender": "male", "id": "33741945", "photo": {"prefix": "https://igx.4sqi.net/img/user/", "suffix": "/AH1KXXRH4KYDXVIT.jpg"}, "firstName": "Hans Jorn", "lastName": "Petersen"}, "canonicalUrl": "https://foursquare.com/item/503b4df7e4b04042f6a0e9e9", "todo": {"count": 0}, "disagreeCount": 0}, {"authorInteractionType": "liked", "logView": true, "lang": "en", "createdAt": 1407934933, "agreeCount": 0, "likes": {"groups": [], "count": 0}, "id": "53eb61d511d24be219989f19", "text": "My favourite izakaya!", "type": "user", "user": {"id": "3994472", "photo": {"prefix": "https://igx.4sqi.net/img/user/", "suffix": "/UFVVG4WCYZDKJXA1.jpg"}, "firstName": "S", "gender": "female"}, "canonicalUrl": "https://foursquare.com/item/53eb61d511d24be219989f19", "todo": {"count": 0}, "disagreeCount": 0}, {"logView": true, "lang": "en", "createdAt": 1282800313, "agreeCount": 0, "likes": {"groups": [], "count": 0}, "id": "4c75fab95db9bfb7a6a24713", "text": "Try the fish porridge. Great for when you're not feeling well.", "type": "user", "user": {"gender": "male", "id": "106441", "photo": {"prefix": "https://igx.4sqi.net/img/user/", "suffix": "/RKOLFKJ0DBBHL2VE.png"}, "firstName": "Steven", "lastName": "Gong"}, "canonicalUrl": "https://foursquare.com/item/4c75fab95db9bfb7a6a24713", "todo": {"count": 0}, "disagreeCount": 0}, {"authorInteractionType": "disliked", "logView": true, "lang": "en", "createdAt": 1366981679, "agreeCount": 0, "likes": {"groups": [], "count": 0}, "id": "517a7c2fe4b09a892e5bafb3", "text": "Dreadful service..... Ordered, was left waiting for 30 minutes with no food..... When asked they hadn't put order into the system.... No apology and didn't want us to leave..... Never again!!", "type": "user", "user": {"gender": "male", "id": "47438839", "photo": {"prefix": "https://igx.4sqi.net/img/user/", "suffix": "/47438839-0JYCQPWAIHPKHY2R.jpg"}, "firstName": "Damian", "lastName": "Foster"}, "canonicalUrl": "https://foursquare.com/item/517a7c2fe4b09a892e5bafb3", "todo": {"count": 0}, "disagreeCount": 0}, {"authorInteractionType": "liked", "logView": true, "lang": "en", "createdAt": 1490509602, "agreeCount": 0, "likes": {"groups": [], "count": 0}, "id": "58d75f22c0c89b181cfa081f", "text": "Lovely Japanese cuisine.", "type": "user", "user": {"gender": "male", "id": "107604885", "photo": {"prefix": "https://igx.4sqi.net/img/user/", "suffix": "/107604885-K0PP242A4B2NDI2M.jpg"}, "firstName": "Tino", "lastName": "Buranasilapin"}, "canonicalUrl": "https://foursquare.com/item/58d75f22c0c89b181cfa081f", "todo": {"count": 0}, "disagreeCount": 0}], "count": 25}}}