{"meta": {"code": 200, "requestId": "595a4f79351e3d64b2f0937a"}, "response": {"tips": {"items": [{"logView": true, "lang": "en", "createdAt": 1325331492, "agreeCount": 0, "likes": {"groups": [], "count": 0}, "id": "4efef424f790570bd14ee267", "text": "Tom yam ramen my fravourite:)", "type": "user", "user": {"gender": "male", "id": "13579841", "photo": {"prefix": "https://igx.4sqi.net/img/user/", "suffix": "/CA5CADRLJHHUURGX.jpg"}, "firstName": "choon chuan", "lastName": "goh"}, "canonicalUrl": "https://foursquare.com/item/4efef424f790570bd14ee267", "todo": {"count": 0}, "disagreeCount": 0}, {"authorInteractionType": "disliked", "logView": true, "lang": "en", "createdAt": 1462238484, "agreeCount": 0, "likes": {"groups": [], "count": 0}, "id": "5727fd14498e2ca326d60b25", "text": "Very average ramen", "type": "user", "user": {"gender": "male", "id": "8405070", "photo": {"prefix": "https://igx.4sqi.net/img/user/", "suffix": "/S0FNYJ1WO4331KMI.jpg"}, "firstName": "ZhiWei", "lastName": "Lim"}, "canonicalUrl": "https://foursquare.com/item/5727fd14498e2ca326d60b25", "todo": {"count": 0}, "disagreeCount": 0}, {"logView": true, "lang": "en", "createdAt": 1322390727, "agreeCount": 0, "likes": {"groups": [], "count": 0}, "id": "4ed214c7775bbb5f34e7eb04", "text": "Standard & quality of food has dropped", "type": "user", "user": {"gender": "female", "id": "5378036", "photo": {"prefix": "https://igx.4sqi.net/img/user/", "suffix": "/5378036-JF2Z0FEIM4WDHUKN.jpg"}, "firstName": "Evonne", "lastName": "Tay"}, "canonicalUrl": "https://foursquare.com/item/4ed214c7775bbb5f34e7eb04", "todo": {"count": 0}, "disagreeCount": 0}, {"logView": true, "lang": "en", "createdAt": 1331618179, "agreeCount": 1, "likes": {"groups": [{"items": [{"id": "846184", "photo": {"prefix": "https://igx.4sqi.net/img/user/", "suffix": "/846184-KGPMZ5GENIAFMTPP"}, "firstName": "D\u00f6na\u0142d \u0295 \u2022\u1d25\u2022\u0294", "gender": "male"}], "count": 1, "type": "others"}], "summary": "1 like", "count": 1}, "id": "4f5ee183e4b06ca37d22f635", "text": "Seafood Ramen! For those non-spicy and seafood lovers. Le yum :)", "type": "user", "user": {"id": "846184", "photo": {"prefix": "https://igx.4sqi.net/img/user/", "suffix": "/846184-KGPMZ5GENIAFMTPP"}, "firstName": "D\u00f6na\u0142d \u0295 \u2022\u1d25\u2022\u0294", "gender": "male"}, "canonicalUrl": "https://foursquare.com/item/4f5ee183e4b06ca37d22f635", "todo": {"count": 1}, "disagreeCount": 0}, {"logView": true, "lang": "en", "createdAt": 1295612877, "agreeCount": 0, "likes": {"groups": [], "count": 0}, "id": "4d397bcd49cb236a3f5db047", "text": "Never eat here. Lousy service. Small portions of food. Chopsticks in basket were all dirty. Child set didn't have child cutlery.", "type": "user", "user": {"gender": "male", "id": "787778", "photo": {"prefix": "https://igx.4sqi.net/img/user/", "suffix": "/O0GSKV1TWZBGPNAP.jpg"}, "firstName": "Herk", "lastName": "Ng"}, "canonicalUrl": "https://foursquare.com/item/4d397bcd49cb236a3f5db047", "todo": {"count": 0}, "disagreeCount": 0}, {"logView": true, "lang": "en", "createdAt": 1393068925, "agreeCount": 0, "likes": {"groups": [], "count": 0}, "id": "53088b7d498e95ae1c9bed2d", "text": "Drink options for kids meals are ice lemon tea and green tea. Not appropriate for young kids at all!", "type": "user", "user": {"gender": "male", "id": "38428943", "photo": {"prefix": "https://igx.4sqi.net/img/user/", "suffix": "/IZIEGKQUKWUD0JID.jpg"}, "firstName": "Benjamin", "lastName": "Chan"}, "canonicalUrl": "https://foursquare.com/item/53088b7d498e95ae1c9bed2d", "todo": {"count": 0}, "disagreeCount": 0}, {"logView": true, "lang": "en", "createdAt": 1457490387, "agreeCount": 0, "likes": {"groups": [], "count": 0}, "id": "56df89d3498e2aca422c9a28", "text": "It is quiet unbelievable, each outlet of Ajisen Ramen is different, is it franchised ?", "type": "user", "user": {"gender": "none", "id": "165586112", "photo": {"prefix": "https://igx.4sqi.net/img/user/", "default": true, "suffix": "/blank_boy.png"}, "firstName": "hirohito", "lastName": "kinjyo"}, "canonicalUrl": "https://foursquare.com/item/56df89d3498e2aca422c9a28", "todo": {"count": 0}, "disagreeCount": 0}, {"logView": true, "lang": "en", "createdAt": 1305801906, "agreeCount": 0, "likes": {"groups": [], "count": 0}, "id": "4dd4f4b2d22d8e00fcd4af94", "text": "Try the tom yam ramen!!!!", "type": "user", "user": {"gender": "female", "id": "5087655", "photo": {"prefix": "https://igx.4sqi.net/img/user/", "suffix": "/4OA2E4ANOOZFSZLH.jpg"}, "firstName": "Joyce", "lastName": "Lee"}, "canonicalUrl": "https://foursquare.com/item/4dd4f4b2d22d8e00fcd4af94", "todo": {"count": 0}, "disagreeCount": 0}, {"logView": true, "lang": "en", "createdAt": 1367393851, "agreeCount": 1, "likes": {"groups": [{"items": [{"gender": "male", "id": "54228379", "photo": {"prefix": "https://igx.4sqi.net/img/user/", "suffix": "/BVI4VKC5TTKAC3T0.jpg"}, "firstName": "Blackiie", "lastName": "Biersack"}], "count": 1, "type": "others"}], "summary": "1 like", "count": 1}, "id": "5180c63b498e034faf70b178", "text": "Inflexible staff...", "type": "user", "user": {"gender": "male", "id": "3733990", "photo": {"prefix": "https://igx.4sqi.net/img/user/", "suffix": "/TDUJTHNBWMGDIAEQ.jpg"}, "firstName": "Winfield", "lastName": "Zheng"}, "canonicalUrl": "https://foursquare.com/item/5180c63b498e034faf70b178", "todo": {"count": 0}, "disagreeCount": 0}, {"logView": true, "lang": "en", "createdAt": 1396599165, "agreeCount": 0, "likes": {"groups": [], "count": 0}, "id": "533e697d11d2e09061adf028", "text": "Try lunch set! S$10-11 for a meal.", "type": "user", "user": {"gender": "male", "id": "6447663", "photo": {"prefix": "https://igx.4sqi.net/img/user/", "suffix": "/6447663-TIEPI1Z2ELFDDJ1O.jpg"}, "firstName": "G\u1ea5u", "lastName": "Goku"}, "canonicalUrl": "https://foursquare.com/item/533e697d11d2e09061adf028", "todo": {"count": 0}, "disagreeCount": 0}, {"logView": true, "lang": "en", "createdAt": 1286425394, "agreeCount": 0, "likes": {"groups": [{"items": [], "count": 2, "type": "others"}], "summary": "2 likes", "count": 2}, "id": "4cad4b322776b60c942c590d", "text": "The waiter is rude!", "type": "user", "user": {"gender": "female", "id": "1706612", "photo": {"prefix": "https://igx.4sqi.net/img/user/", "suffix": "/1706612-DE2BGGMWECP2BQR0.jpg"}, "firstName": "Kristin", "lastName": "Cai"}, "canonicalUrl": "https://foursquare.com/item/4cad4b322776b60c942c590d", "todo": {"count": 1}, "disagreeCount": 0}, {"logView": true, "lang": "en", "createdAt": 1288344076, "agreeCount": 0, "likes": {"groups": [{"items": [], "count": 13, "type": "others"}], "summary": "13 likes", "count": 13}, "id": "4cca920c33d3721ea5962a8b", "text": "Matcha parfait is lovessss", "type": "user", "user": {"gender": "female", "id": "2818587", "photo": {"prefix": "https://igx.4sqi.net/img/user/", "suffix": "/HVUTEXD0BL3ENFEK.jpg"}, "firstName": "E", "lastName": "L"}, "canonicalUrl": "https://foursquare.com/item/4cca920c33d3721ea5962a8b", "todo": {"count": 2}, "disagreeCount": 0}, {"authorInteractionType": "disliked", "logView": true, "lang": "en", "createdAt": 1313496936, "agreeCount": 0, "likes": {"groups": [], "count": 0}, "id": "4e4a5f6818a83cda37dabf65", "text": "Be careful! Staff may forget your order, and you will still pay for it!", "type": "user", "user": {"gender": "female", "id": "8169667", "photo": {"prefix": "https://igx.4sqi.net/img/user/", "suffix": "/8169667-ZULVSZPFELPD52TC.jpg"}, "firstName": "Momo", "lastName": "Hui Shan"}, "canonicalUrl": "https://foursquare.com/item/4e4a5f6818a83cda37dabf65", "todo": {"count": 0}, "disagreeCount": 0}, {"logView": true, "lang": "en", "createdAt": 1356420418, "agreeCount": 0, "likes": {"groups": [], "count": 0}, "id": "50d95542e4b0afbc29585af1", "text": "They serve wide range of ramen in different soup base. Nice. Love their ramen set. Worth the price.", "type": "user", "user": {"gender": "female", "id": "1406745", "photo": {"prefix": "https://igx.4sqi.net/img/user/", "suffix": "/1406745-40SG4LKWMDNKXM40.jpg"}, "firstName": "Shirley", "lastName": "Tan"}, "canonicalUrl": "https://foursquare.com/item/50d95542e4b0afbc29585af1", "todo": {"count": 0}, "disagreeCount": 0}], "count": 14}}}