{"meta": {"code": 200, "requestId": "595a4e044434b96bff5583a5"}, "response": {"tips": {"items": [{"authorInteractionType": "liked", "logView": true, "lang": "en", "createdAt": 1413391368, "agreeCount": 0, "likes": {"groups": [], "count": 0}, "id": "543ea408498effac00338809", "text": "Nice spread of food, very fresh sashimi! Probably more worth it for lunch than dinner", "type": "user", "user": {"gender": "female", "id": "1156235", "photo": {"prefix": "https://igx.4sqi.net/img/user/", "suffix": "/1156235-YO5AUT0DVEWGWWAX.jpg"}, "firstName": "Jess", "lastName": "C"}, "canonicalUrl": "https://foursquare.com/item/543ea408498effac00338809", "todo": {"count": 0}, "disagreeCount": 0}, {"authorInteractionType": "meh", "logView": true, "lang": "en", "createdAt": 1435330884, "agreeCount": 0, "likes": {"groups": [], "count": 0}, "id": "558d6944498e7bcd0572d818", "text": "Service & food downgraded, not consistent. Disappointed.", "type": "user", "user": {"gender": "female", "id": "69036109", "photo": {"prefix": "https://igx.4sqi.net/img/user/", "suffix": "/D35UOWABTEH2MN4X.jpg"}, "firstName": "Nicole", "lastName": "Tse"}, "canonicalUrl": "https://foursquare.com/item/558d6944498e7bcd0572d818", "todo": {"count": 0}, "disagreeCount": 0}, {"logView": true, "lang": "en", "createdAt": 1413643886, "agreeCount": 0, "likes": {"groups": [], "count": 0}, "id": "54427e6e11d2325ee4b6a590", "text": "Ala carte buffet at affordable price. Not bad Japanese food. It's best to make a reservation though.", "type": "user", "user": {"gender": "female", "id": "16504035", "photo": {"prefix": "https://igx.4sqi.net/img/user/", "suffix": "/16504035-Y240Y2NOOU022AVR.jpg"}, "firstName": "Jasmine", "lastName": "Pang"}, "canonicalUrl": "https://foursquare.com/item/54427e6e11d2325ee4b6a590", "todo": {"count": 0}, "disagreeCount": 0}, {"logView": true, "lang": "en", "createdAt": 1278566284, "agreeCount": 0, "likes": {"groups": [], "count": 0}, "id": "4c355f8c452620a1e3bf260f", "text": "Must have the soft shell crab!", "type": "user", "user": {"gender": "female", "id": "1874926", "photo": {"prefix": "https://igx.4sqi.net/img/user/", "suffix": "/DMFQLQGD5JRLIRRX.jpg"}, "firstName": "Sarah", "lastName": "Lin"}, "canonicalUrl": "https://foursquare.com/item/4c355f8c452620a1e3bf260f", "todo": {"count": 1}, "disagreeCount": 0}, {"logView": true, "lang": "en", "createdAt": 1305267241, "todo": {"count": 1}, "agreeCount": 1, "likes": {"groups": [{"items": [{"gender": "male", "id": "1339539", "photo": {"prefix": "https://igx.4sqi.net/img/user/", "suffix": "/1339539-AIRJPNFKHLZSMUDJ.jpg"}, "firstName": "Ian", "lastName": "Thomtori"}], "count": 8, "type": "others"}], "summary": "8 likes", "count": 8}, "id": "4dcccc291fc7fc68cd49c36c", "text": "Dive in, but perhaps go easy on the tuna!", "disagreeCount": 0, "url": "http://www.timeoutsingapore.com/restaurants/japanese/shin-yuu", "user": {"id": "8600365", "photo": {"prefix": "https://igx.4sqi.net/img/user/", "suffix": "/QUK2HJNZBYJPUI43.jpg"}, "firstName": "Time Out Singapore", "type": "page", "gender": "none"}, "canonicalUrl": "https://foursquare.com/item/4dcccc291fc7fc68cd49c36c", "type": "user"}, {"logView": true, "lang": "en", "createdAt": 1316091966, "agreeCount": 0, "likes": {"groups": [], "count": 0}, "id": "4e71f83eaeb79ea0952ba818", "text": "Their so called recommended \"Ebi Miso Mayo Yaki\" is waaayyy too oily.", "type": "user", "user": {"gender": "male", "id": "3685956", "photo": {"prefix": "https://igx.4sqi.net/img/user/", "suffix": "/PZ0GHZGWMM0RYCGE.jpg"}, "firstName": "Sean", "lastName": "CSW"}, "canonicalUrl": "https://foursquare.com/item/4e71f83eaeb79ea0952ba818", "todo": {"count": 0}, "disagreeCount": 0}, {"logView": true, "lang": "en", "createdAt": 1351810670, "agreeCount": 1, "likes": {"groups": [{"items": [{"gender": "male", "id": "1521958", "photo": {"prefix": "https://igx.4sqi.net/img/user/", "suffix": "/H41BJYIVTJL2UKMK.jpg"}, "firstName": "Jaycen", "lastName": "Teo"}], "count": 1, "type": "others"}], "summary": "1 like", "count": 1}, "id": "5092fe6ee4b03c3d2d9eef70", "text": "decent spread for buffet.. just too bad no desserts.. sashimi is fresh!", "type": "user", "user": {"gender": "male", "id": "108147", "photo": {"prefix": "https://igx.4sqi.net/img/user/", "suffix": "/WPJYVEPFECQ2LBMC.jpg"}, "firstName": "Jim Defcon", "lastName": "Chua"}, "canonicalUrl": "https://foursquare.com/item/5092fe6ee4b03c3d2d9eef70", "todo": {"count": 0}, "disagreeCount": 0}, {"logView": true, "lang": "en", "createdAt": 1293280978, "agreeCount": 0, "likes": {"groups": [], "count": 0}, "id": "4d15e6d2302da1cdc2b6b293", "text": "Great food, great service! Ask for their special dishes.. :)", "type": "user", "user": {"gender": "female", "id": "5130972", "photo": {"prefix": "https://igx.4sqi.net/img/user/", "suffix": "/AUWHTAYQKZTLGLDO.jpg"}, "firstName": "Olivia", "lastName": "Jap"}, "canonicalUrl": "https://foursquare.com/item/4d15e6d2302da1cdc2b6b293", "todo": {"count": 0}, "disagreeCount": 0}, {"logView": true, "lang": "en", "createdAt": 1323404099, "agreeCount": 1, "likes": {"groups": [{"items": [{"gender": "male", "id": "231366", "photo": {"prefix": "https://igx.4sqi.net/img/user/", "suffix": "/231366-Q2ZSAEF50GYUXPDA.jpg"}, "firstName": "Cheen", "lastName": "The Curious"}], "count": 1, "type": "others"}], "summary": "1 like", "count": 1}, "id": "4ee18b430e61689f5323247a", "text": "Fresh Sushi and Sashimi! Buffet deal is truly worth it.fast service too!:)", "type": "user", "user": {"id": "13079003", "photo": {"prefix": "https://igx.4sqi.net/img/user/", "suffix": "/XX3HJPRXHZ50CGOJ.jpg"}, "firstName": "Jun", "gender": "male"}, "canonicalUrl": "https://foursquare.com/item/4ee18b430e61689f5323247a", "todo": {"count": 0}, "disagreeCount": 0}, {"logView": true, "lang": "en", "createdAt": 1402836426, "agreeCount": 0, "likes": {"groups": [], "count": 0}, "id": "539d95ca498eedc986c17450", "text": "Food is so so only n for the same price, u get more bang for your buck at places like Zen japanese restaurant at robertson quay. Some of the food that came out looked different from the menu. Hmmm...", "type": "user", "user": {"gender": "female", "id": "81846692", "photo": {"prefix": "https://igx.4sqi.net/img/user/", "suffix": "/81846692-QHQLAZJRBRTQVZ5S.jpg"}, "firstName": "Larissa", "lastName": "Tan"}, "canonicalUrl": "https://foursquare.com/item/539d95ca498eedc986c17450", "todo": {"count": 0}, "disagreeCount": 0}, {"logView": true, "lang": "en", "createdAt": 1314795608, "agreeCount": 0, "likes": {"groups": [], "count": 0}, "id": "4e5e305888771c94688d314d", "text": "Aburi sushi is nice!", "type": "user", "user": {"gender": "female", "id": "12880298", "photo": {"prefix": "https://igx.4sqi.net/img/user/", "suffix": "/HUFKAEX0V3X43HRX.jpg"}, "firstName": "Jel", "lastName": "Lee"}, "canonicalUrl": "https://foursquare.com/item/4e5e305888771c94688d314d", "todo": {"count": 0}, "disagreeCount": 0}, {"logView": true, "lang": "en", "createdAt": 1286085714, "agreeCount": 0, "likes": {"groups": [], "count": 0}, "id": "4ca81c52d971b1f702a111e1", "text": "Aburi salmon nigiri, unagi/avocado maki, negitoro handrolls, and all the sashimi = excellent", "type": "user", "user": {"gender": "male", "id": "113345", "photo": {"prefix": "https://igx.4sqi.net/img/user/", "suffix": "/113345_1258827925989.gif"}, "firstName": "Brandon", "lastName": "Lee"}, "canonicalUrl": "https://foursquare.com/item/4ca81c52d971b1f702a111e1", "todo": {"count": 2}, "disagreeCount": 0}, {"logView": true, "lang": "en", "createdAt": 1319376295, "todo": {"count": 0}, "agreeCount": 1, "likes": {"groups": [{"items": [{"gender": "male", "id": "12270764", "photo": {"prefix": "https://igx.4sqi.net/img/user/", "suffix": "/0RKZGICHKNCB5PKR.jpg"}, "firstName": "Phern-Chern", "lastName": "Tor"}], "count": 1, "type": "others"}], "summary": "1 like", "count": 1}, "lastVoteText": "Upvoted 3 weeks ago", "id": "4ea415a79a527d6517bd83ae", "text": "Excellent sashimi n sushi!", "disagreeCount": 0, "lastUpvoteTimestamp": 1496722998, "user": {"gender": "female", "id": "4615996", "photo": {"prefix": "https://igx.4sqi.net/img/user/", "suffix": "/WSYYBCSBC5RQ0HKI.jpg"}, "firstName": "Jen", "lastName": "Lee"}, "canonicalUrl": "https://foursquare.com/item/4ea415a79a527d6517bd83ae", "type": "user"}, {"logView": true, "lang": "en", "createdAt": 1359855394, "agreeCount": 0, "likes": {"groups": [], "count": 0}, "id": "510dbf22e4b0bb3c62caeeb6", "text": "Go with an empty stomach and order everything on the menu... TWICE!", "type": "user", "user": {"gender": "female", "id": "15923758", "photo": {"prefix": "https://igx.4sqi.net/img/user/", "suffix": "/0NBYYWKOUDRY2NL4.jpg"}, "firstName": "Ruth", "lastName": "Chua"}, "canonicalUrl": "https://foursquare.com/item/510dbf22e4b0bb3c62caeeb6", "todo": {"count": 0}, "disagreeCount": 0}, {"authorInteractionType": "liked", "logView": true, "lang": "en", "createdAt": 1435147883, "agreeCount": 0, "likes": {"groups": [], "count": 0}, "id": "558a9e6b498ec8fca8880ee4", "text": "Service degraded. Not value for money", "type": "user", "user": {"gender": "male", "id": "6547101", "photo": {"prefix": "https://igx.4sqi.net/img/user/", "default": true, "suffix": "/blank_boy.png"}, "firstName": "Aaron", "lastName": "C"}, "canonicalUrl": "https://foursquare.com/item/558a9e6b498ec8fca8880ee4", "todo": {"count": 0}, "disagreeCount": 0}, {"logView": true, "lang": "en", "createdAt": 1285128671, "agreeCount": 0, "likes": {"groups": [], "count": 0}, "id": "4c9981df7421b713720ff813", "text": "the fresh sashimi, chawanmushi, soft shell crab, cream oysters etc in the buffet... total heaven!", "type": "user", "user": {"gender": "female", "id": "2792539", "photo": {"prefix": "https://igx.4sqi.net/img/user/", "default": true, "suffix": "/blank_girl.png"}, "firstName": "Sharon", "lastName": "Tan"}, "canonicalUrl": "https://foursquare.com/item/4c9981df7421b713720ff813", "todo": {"count": 0}, "disagreeCount": 0}, {"authorInteractionType": "liked", "logView": true, "lang": "en", "photo": {"id": "5702cd16498ea0b216c5a4fd", "visibility": "public", "source": {"name": "Foursquare for iOS", "url": "https://foursquare.com/download/#/iphone"}, "suffix": "/757016_0_t74eCzitB23WESdLH-72ORXHjKto8UkHovT-s-HMY.jpg", "createdAt": 1459801366, "prefix": "https://igx.4sqi.net/img/general/", "width": 1920, "height": 1440}, "createdAt": 1459801363, "todo": {"count": 0}, "agreeCount": 0, "likes": {"groups": [], "count": 0}, "id": "5702cd13498ec55cae1a6fd1", "text": "An amazingly cosy setting hidden in Bukit Timah. The sushi and sashimi are brow-raisingly fresh, and of supreme quality. Quite expensive, but the multiple palate romances will be fondly remembered.", "disagreeCount": 0, "user": {"gender": "male", "id": "757016", "photo": {"prefix": "https://igx.4sqi.net/img/user/", "suffix": "/757016-TF1WQU51BVINYKTO.jpg"}, "firstName": "Peter", "lastName": "W"}, "canonicalUrl": "https://foursquare.com/item/5702cd13498ec55cae1a6fd1", "type": "user", "photourl": "https://igx.4sqi.net/img/general/original/757016_0_t74eCzitB23WESdLH-72ORXHjKto8UkHovT-s-HMY.jpg"}, {"logView": true, "lang": "en", "createdAt": 1335705523, "agreeCount": 0, "likes": {"groups": [], "count": 0}, "id": "4f9d3fb3e4b0ec21f5fa81ed", "text": "Pork ribs r a must try!!", "type": "user", "user": {"gender": "female", "id": "4380660", "photo": {"prefix": "https://igx.4sqi.net/img/user/", "suffix": "/F44RBAEKZ5E2RCUU.jpg"}, "firstName": "debbie", "lastName": "huang"}, "canonicalUrl": "https://foursquare.com/item/4f9d3fb3e4b0ec21f5fa81ed", "todo": {"count": 0}, "disagreeCount": 0}, {"logView": true, "lang": "en", "createdAt": 1381671386, "agreeCount": 1, "likes": {"groups": [{"items": [{"gender": "male", "id": "1339539", "photo": {"prefix": "https://igx.4sqi.net/img/user/", "suffix": "/1339539-AIRJPNFKHLZSMUDJ.jpg"}, "firstName": "Ian", "lastName": "Thomtori"}], "count": 1, "type": "others"}], "summary": "1 like", "count": 1}, "id": "525aa1da11d23b10fb0a5807", "text": "$50plus per person but worth. Got sashimi and cook food. But need to have to transport to get there...", "type": "user", "user": {"gender": "male", "id": "2391853", "photo": {"prefix": "https://igx.4sqi.net/img/user/", "suffix": "/BCUVNMW5WOBYOOX2.jpg"}, "firstName": "David", "lastName": "\u9e4f\u4f1f"}, "canonicalUrl": "https://foursquare.com/item/525aa1da11d23b10fb0a5807", "todo": {"count": 0}, "disagreeCount": 0}, {"authorInteractionType": "liked", "logView": true, "lang": "en", "createdAt": 1473269685, "agreeCount": 0, "likes": {"groups": [], "count": 0}, "id": "57d04fb5498ef0483b7d7f95", "text": "Everything. The food, the atmosphere, the staff", "type": "user", "user": {"gender": "male", "id": "4611966", "photo": {"prefix": "https://igx.4sqi.net/img/user/", "suffix": "/SOF1WTCCO4DRYZZH.jpg"}, "firstName": "Silaqui", "lastName": "Escaflowne"}, "canonicalUrl": "https://foursquare.com/item/57d04fb5498ef0483b7d7f95", "todo": {"count": 0}, "disagreeCount": 0}, {"authorInteractionType": "disliked", "logView": true, "lang": "en", "createdAt": 1407564153, "agreeCount": 0, "likes": {"groups": [], "count": 0}, "id": "53e5b979498e8abf78ae09d6", "text": "Rather disappointing buffet style Japanese food. Glad I had it for lunch, coz dinner prices ain't that worth it.", "type": "user", "user": {"gender": "female", "id": "42668193", "photo": {"prefix": "https://igx.4sqi.net/img/user/", "suffix": "/TD0GT2403DBIQDT5.jpg"}, "firstName": "Elizabeth", "lastName": "Lee"}, "canonicalUrl": "https://foursquare.com/item/53e5b979498e8abf78ae09d6", "todo": {"count": 0}, "disagreeCount": 0}, {"authorInteractionType": "liked", "logView": true, "lang": "en", "photo": {"id": "59572e03033693555b0fb753", "visibility": "public", "source": {"name": "Foursquare for iOS", "url": "https://foursquare.com/download/#/iphone"}, "suffix": "/332837594_G91Kl6dAzopXR_7VHxkAVcWAIQE6EZZTpVvO3VXUHxk.jpg", "createdAt": 1498885635, "prefix": "https://igx.4sqi.net/img/general/", "width": 1920, "height": 1440}, "createdAt": 1498885632, "todo": {"count": 0}, "agreeCount": 0, "likes": {"groups": [], "count": 0}, "id": "59572e004420d879304adc74", "text": "Good food , nice environment . Will come again if I got hit by sushi bugs again .", "disagreeCount": 0, "user": {"gender": "male", "id": "332837594", "photo": {"prefix": "https://igx.4sqi.net/img/user/", "suffix": "/332837594-PMQTS35OPYRVIOJY.jpg"}, "firstName": "Chris", "lastName": "Tan"}, "canonicalUrl": "https://foursquare.com/item/59572e004420d879304adc74", "type": "user", "photourl": "https://igx.4sqi.net/img/general/original/332837594_G91Kl6dAzopXR_7VHxkAVcWAIQE6EZZTpVvO3VXUHxk.jpg"}], "count": 22}}}