{"meta": {"code": 200, "requestId": "595a4a13f594df3c73c1a4de"}, "response": {"tips": {"items": [{"logView": true, "lang": "en", "createdAt": 1265243716, "agreeCount": 0, "likes": {"groups": [{"items": [], "count": 7, "type": "others"}], "summary": "7 likes", "count": 7}, "id": "4b6a164470c603bbad7291b4", "text": "Closed on Thursdays", "type": "user", "user": {"gender": "male", "id": "329280", "photo": {"prefix": "https://igx.4sqi.net/img/user/", "suffix": "/VGXHFSSCH5U32TL2.jpg"}, "firstName": "Adrian", "lastName": "Tan"}, "canonicalUrl": "https://foursquare.com/item/4b6a164470c603bbad7291b4", "todo": {"count": 1}, "disagreeCount": 0}, {"logView": true, "lang": "en", "createdAt": 1307365710, "agreeCount": 1, "likes": {"groups": [{"items": [{"gender": "female", "id": "52837186", "photo": {"prefix": "https://igx.4sqi.net/img/user/", "default": true, "suffix": "/blank_girl.png"}, "firstName": "Vivienne", "lastName": "Barwick"}], "count": 1, "type": "others"}], "summary": "1 like", "count": 1}, "id": "4decd14e45dd3993a8c6c75c", "text": "Decided to give a try after years later. Thou improved, it's still nt e best. Nasi nt fragrant, chix has e reused oil aftertaste, chilli nt power. Can do better.", "type": "user", "user": {"id": "463315", "photo": {"prefix": "https://igx.4sqi.net/img/user/", "suffix": "/KPUAEF4QSN0XSSDQ.jpg"}, "firstName": "momo-chan", "gender": "female"}, "canonicalUrl": "https://foursquare.com/item/4decd14e45dd3993a8c6c75c", "todo": {"count": 0}, "disagreeCount": 0}, {"logView": true, "lang": "en", "createdAt": 1322068581, "agreeCount": 0, "likes": {"groups": [], "count": 0}, "id": "4ecd2a6530f84584a06f024e", "text": "Actually, the Nasi Lemak here is only slightly above average. Not the best.... Can give it a miss to try the Yan Kee dry Mee Sua instead :)))", "type": "user", "user": {"gender": "female", "id": "17088757", "photo": {"prefix": "https://igx.4sqi.net/img/user/", "suffix": "/UUOI2Y351ALO523S.jpg"}, "firstName": "Jerlyn", "lastName": "Tan"}, "canonicalUrl": "https://foursquare.com/item/4ecd2a6530f84584a06f024e", "todo": {"count": 0}, "disagreeCount": 0}, {"authorInteractionType": "liked", "logView": true, "lang": "en", "createdAt": 1476618901, "agreeCount": 0, "likes": {"groups": [], "count": 0}, "id": "58036a95d67cabc581af0969", "text": "Highly recommended, will come back for sure! (9/10)", "type": "user", "user": {"gender": "male", "id": "145302995", "photo": {"prefix": "https://igx.4sqi.net/img/user/", "suffix": "/145302995-4PR1D55QDDU5YGEV.jpg"}, "firstName": "George", "lastName": "Oetomo"}, "canonicalUrl": "https://foursquare.com/item/58036a95d67cabc581af0969", "todo": {"count": 0}, "disagreeCount": 0}, {"logView": true, "lang": "en", "createdAt": 1379757567, "agreeCount": 0, "likes": {"groups": [], "count": 0}, "id": "523d6dff498e14f04edad648", "text": "4 side dishes for 5.60! but for its taste and quality it's above the rest of the nasi lemaks I've had. worth a try.", "type": "user", "user": {"gender": "female", "id": "4045992", "photo": {"prefix": "https://igx.4sqi.net/img/user/", "suffix": "/4045992-SPZGSUQUZWUWJFQC.jpg"}, "firstName": "Christina", "lastName": "Koh"}, "canonicalUrl": "https://foursquare.com/item/523d6dff498e14f04edad648", "todo": {"count": 0}, "disagreeCount": 0}, {"logView": true, "lang": "en", "createdAt": 1321279773, "agreeCount": 0, "likes": {"groups": [{"items": [], "count": 3, "type": "others"}], "summary": "3 likes", "count": 3}, "id": "4ec1211df5b93923c21362f5", "text": "Very rude PRC!!! Here to eat and not to put up with these!!", "type": "user", "user": {"gender": "female", "id": "1767183", "photo": {"prefix": "https://igx.4sqi.net/img/user/", "suffix": "/W1ZKRUTDWSZSJTOF.jpg"}, "firstName": "Jermain", "lastName": "Wu"}, "canonicalUrl": "https://foursquare.com/item/4ec1211df5b93923c21362f5", "todo": {"count": 0}, "disagreeCount": 0}, {"logView": true, "lang": "en", "createdAt": 1275834321, "agreeCount": 0, "likes": {"groups": [{"items": [], "count": 4, "type": "others"}], "summary": "4 likes", "count": 4}, "id": "4c0bafd17e3fc9289198f582", "text": "The nasi lemak store ppl juz told me that they dun provide cutting of chicken wing !!!", "type": "user", "user": {"gender": "male", "id": "1534763", "photo": {"prefix": "https://igx.4sqi.net/img/user/", "suffix": "/FS3SJJMHRARNOUBY.jpg"}, "firstName": "Wee", "lastName": "Li"}, "canonicalUrl": "https://foursquare.com/item/4c0bafd17e3fc9289198f582", "todo": {"count": 1}, "disagreeCount": 0}, {"logView": true, "lang": "en", "createdAt": 1345983151, "agreeCount": 0, "likes": {"groups": [], "count": 0}, "id": "503a12afe4b0fd3717e3f295", "text": "Better than the other branch hands down", "type": "user", "user": {"gender": "female", "id": "4618911", "photo": {"prefix": "https://igx.4sqi.net/img/user/", "suffix": "/4618911-1ZUOJYCIJYR5UTYN.jpg"}, "firstName": "Ruth", "lastName": "Tai"}, "canonicalUrl": "https://foursquare.com/item/503a12afe4b0fd3717e3f295", "todo": {"count": 0}, "disagreeCount": 0}, {"authorInteractionType": "liked", "logView": true, "lang": "en", "photo": {"id": "541c148d11d2b806d65010e4", "visibility": "public", "source": {"name": "Foursquare for iOS", "url": "https://foursquare.com/download/#/iphone"}, "suffix": "/736567_9Yz7aJsQHpdF9eli2dpZvileZO64X0M5hjHrMMzMZ-E.jpg", "createdAt": 1411126413, "prefix": "https://igx.4sqi.net/img/general/", "width": 720, "height": 960}, "createdAt": 1411126408, "todo": {"count": 0}, "agreeCount": 0, "likes": {"groups": [], "count": 0}, "id": "541c1488498e98ee9d897d78", "text": "Best in town! Forever long Q. Try the otak otak and fried chicken!", "disagreeCount": 0, "user": {"id": "736567", "photo": {"prefix": "https://igx.4sqi.net/img/user/", "suffix": "/736567-U5MV54ZR0YO4ROGT.jpg"}, "firstName": "Vian", "gender": "female"}, "canonicalUrl": "https://foursquare.com/item/541c1488498e98ee9d897d78", "type": "user", "photourl": "https://igx.4sqi.net/img/general/original/736567_9Yz7aJsQHpdF9eli2dpZvileZO64X0M5hjHrMMzMZ-E.jpg"}, {"logView": true, "lang": "en", "createdAt": 1382334057, "agreeCount": 0, "likes": {"groups": [], "count": 0}, "id": "5264be69498ebb8d6b72357e", "text": "The chicken wings are a MUST!!!", "type": "user", "user": {"gender": "male", "id": "9804691", "photo": {"prefix": "https://igx.4sqi.net/img/user/", "suffix": "/N0IXO24EDJK3B0FT.jpg"}, "firstName": "Lawrence", "lastName": "Eng"}, "canonicalUrl": "https://foursquare.com/item/5264be69498ebb8d6b72357e", "todo": {"count": 0}, "disagreeCount": 0}, {"logView": true, "lang": "fr", "createdAt": 1335868969, "agreeCount": 0, "likes": {"groups": [{"items": [], "count": 1, "type": "others"}], "summary": "1 like", "count": 1}, "id": "4f9fbe29e4b02b7fdaae35c4", "text": "LONG queue!!", "type": "user", "user": {"gender": "male", "id": "4166144", "photo": {"prefix": "https://igx.4sqi.net/img/user/", "suffix": "/4CVMUQ4CHNAQA2H2.jpg"}, "firstName": "erick", "lastName": "onasis"}, "canonicalUrl": "https://foursquare.com/item/4f9fbe29e4b02b7fdaae35c4", "todo": {"count": 0}, "disagreeCount": 0}, {"logView": true, "lang": "en", "createdAt": 1288185473, "agreeCount": 0, "likes": {"groups": [], "count": 0}, "id": "4cc82681caa5a1cde8be9be7", "text": "Must try, but long queue!!", "type": "user", "user": {"id": "4038715", "photo": {"prefix": "https://igx.4sqi.net/img/user/", "suffix": "/H5QZJG31HTCJM5PP.jpg"}, "firstName": "PriNceSs JoeY", "gender": "female"}, "canonicalUrl": "https://foursquare.com/item/4cc82681caa5a1cde8be9be7", "todo": {"count": 0}, "disagreeCount": 0}, {"logView": true, "lang": "en", "createdAt": 1299248240, "agreeCount": 0, "likes": {"groups": [{"items": [], "count": 2, "type": "others"}], "summary": "2 likes", "count": 2}, "id": "4d70f470cbc58cfa051a7a72", "text": "They got very crispy Ikan billis.", "type": "user", "user": {"gender": "male", "id": "178250", "photo": {"prefix": "https://igx.4sqi.net/img/user/", "suffix": "/2VXJVVUJTONRDHHG.jpg"}, "firstName": "Elliot", "lastName": "Teo"}, "canonicalUrl": "https://foursquare.com/item/4d70f470cbc58cfa051a7a72", "todo": {"count": 0}, "disagreeCount": 0}, {"logView": true, "lang": "en", "createdAt": 1325420350, "agreeCount": 0, "likes": {"groups": [], "count": 0}, "id": "4f004f3e0e618ea7671a94fe", "text": "parking is a nightmare", "type": "user", "user": {"gender": "female", "id": "3545971", "photo": {"prefix": "https://igx.4sqi.net/img/user/", "suffix": "/RWDYAQSOJZHU2ZIU.jpg"}, "firstName": "denise", "lastName": "tan"}, "canonicalUrl": "https://foursquare.com/item/4f004f3e0e618ea7671a94fe", "todo": {"count": 0}, "disagreeCount": 0}, {"logView": true, "lang": "en", "photo": {"id": "5422ce44498ee4b21d81ffd9", "visibility": "public", "source": {"name": "Foursquare for Android", "url": "https://foursquare.com/download/#/android"}, "suffix": "/1472993_zDvohZx1Xh0kXQHuC8tMdGWfrUbwICmZ13pkpzuEVZA.jpg", "createdAt": 1411567172, "prefix": "https://igx.4sqi.net/img/general/", "width": 540, "height": 960}, "createdAt": 1411566744, "todo": {"count": 0}, "agreeCount": 0, "likes": {"groups": [], "count": 0}, "id": "5422cc98498ea9c468b2523e", "text": "Standard.... Not OT special. But you have many choices of side dish. The add a little bit glutinous rice.", "disagreeCount": 0, "user": {"gender": "male", "id": "1472993", "photo": {"prefix": "https://igx.4sqi.net/img/user/", "suffix": "/A3UP00X14ORU15SN.jpg"}, "firstName": "aldy", "lastName": "heriwardito"}, "canonicalUrl": "https://foursquare.com/item/5422cc98498ea9c468b2523e", "type": "user", "photourl": "https://igx.4sqi.net/img/general/original/1472993_zDvohZx1Xh0kXQHuC8tMdGWfrUbwICmZ13pkpzuEVZA.jpg"}, {"authorInteractionType": "liked", "logView": true, "lang": "en", "createdAt": 1476617291, "agreeCount": 0, "likes": {"groups": [], "count": 0}, "id": "5803644bd67c06b34ed5f078", "text": "Nasi Lemak with etc all good! Line is not too slow.. recommended", "type": "user", "user": {"gender": "male", "id": "145302995", "photo": {"prefix": "https://igx.4sqi.net/img/user/", "suffix": "/145302995-4PR1D55QDDU5YGEV.jpg"}, "firstName": "George", "lastName": "Oetomo"}, "canonicalUrl": "https://foursquare.com/item/5803644bd67c06b34ed5f078", "todo": {"count": 0}, "disagreeCount": 0}, {"logView": true, "lang": "en", "createdAt": 1359978575, "agreeCount": 1, "likes": {"groups": [{"items": [{"gender": "female", "id": "52837186", "photo": {"prefix": "https://igx.4sqi.net/img/user/", "default": true, "suffix": "/blank_girl.png"}, "firstName": "Vivienne", "lastName": "Barwick"}], "count": 1, "type": "others"}], "summary": "1 like", "count": 1}, "id": "510fa04fe4b0256d87a27341", "text": "I have no idea why there's a queue. The chicken is tasteless and overused oil. The rice is not the least bit fragrant.", "type": "user", "user": {"gender": "female", "id": "19354904", "photo": {"prefix": "https://igx.4sqi.net/img/user/", "suffix": "/XWNWYJVPPWROX0G5.jpg"}, "firstName": "Laura", "lastName": "Lee"}, "canonicalUrl": "https://foursquare.com/item/510fa04fe4b0256d87a27341", "todo": {"count": 0}, "disagreeCount": 0}, {"logView": true, "lang": "en", "createdAt": 1312117022, "agreeCount": 0, "likes": {"groups": [], "count": 0}, "id": "4e35511ea8092599ee033f9b", "text": "Park at the pte estate", "type": "user", "user": {"gender": "male", "id": "7672276", "photo": {"prefix": "https://igx.4sqi.net/img/user/", "suffix": "/5AHM5JPEUNW1YZTY.jpg"}, "firstName": "Benjamin", "lastName": "Thomas"}, "canonicalUrl": "https://foursquare.com/item/4e35511ea8092599ee033f9b", "todo": {"count": 0}, "disagreeCount": 0}, {"logView": true, "lang": "en", "createdAt": 1394287417, "agreeCount": 0, "likes": {"groups": [], "count": 0}, "id": "531b233911d274d267eaa44b", "text": "Pretty good nasi lemak. Come during off peak hours cause I don't think it's worth the wait", "type": "user", "user": {"gender": "male", "id": "5762738", "photo": {"prefix": "https://igx.4sqi.net/img/user/", "suffix": "/FT2NMNRQBKKNMRMA.jpg"}, "firstName": "Samuel", "lastName": "Chuah"}, "canonicalUrl": "https://foursquare.com/item/531b233911d274d267eaa44b", "todo": {"count": 0}, "disagreeCount": 0}, {"logView": true, "lang": "en", "createdAt": 1374384397, "agreeCount": 2, "likes": {"groups": [{"items": [{"gender": "female", "id": "37390605", "photo": {"prefix": "https://igx.4sqi.net/img/user/", "suffix": "/37390605-ONHOPXBSL5RQTPRG.jpg"}, "firstName": "Sofi", "lastName": "Bella"}, {"gender": "male", "id": "60973037", "photo": {"prefix": "https://igx.4sqi.net/img/user/", "suffix": "/B0JESK0JUL4LZ45L.jpg"}, "firstName": "Hiroshi", "lastName": "Nakada"}], "count": 2, "type": "others"}], "summary": "2 likes", "count": 2}, "id": "51eb710d498e394aef1e1720", "text": "Best Nasi Lemak in Singapore", "type": "user", "user": {"gender": "female", "id": "32111152", "photo": {"prefix": "https://igx.4sqi.net/img/user/", "suffix": "/32111152-IN3WDGQE1SWQV5JM.jpg"}, "firstName": "Apeboneeee", "lastName": "\u2193"}, "canonicalUrl": "https://foursquare.com/item/51eb710d498e394aef1e1720", "todo": {"count": 0}, "disagreeCount": 0}, {"logView": true, "lang": "en", "createdAt": 1324812671, "agreeCount": 0, "likes": {"groups": [], "count": 0}, "id": "4ef7097fe30093066fd063bb", "text": "Rude workers. Fried stuff over cooked till very hard and chilli no taste.", "type": "user", "user": {"gender": "female", "id": "495375", "photo": {"prefix": "https://igx.4sqi.net/img/user/", "suffix": "/0GFYD3KKJ4NJY4Q5.jpg"}, "firstName": "Mel", "lastName": "Chua"}, "canonicalUrl": "https://foursquare.com/item/4ef7097fe30093066fd063bb", "todo": {"count": 0}, "disagreeCount": 0}, {"logView": true, "lang": "en", "photo": {"id": "53652d78498e06316115683f", "visibility": "public", "source": {"name": "Foursquare for iOS", "url": "https://foursquare.com/download/#/iphone"}, "suffix": "/83977695_0BzpOtA_WTVtl1tee_6UYo44gs9PsGnoE-T33bpDHtQ.jpg", "createdAt": 1399139704, "prefix": "https://igx.4sqi.net/img/general/", "width": 720, "height": 720}, "createdAt": 1399139701, "todo": {"count": 0}, "agreeCount": 0, "likes": {"groups": [], "count": 0}, "id": "53652d7511d23054e0e54794", "text": "The sambal is seriously divine and so are the crunchy ikan bilis the rest are odd mix", "disagreeCount": 0, "user": {"gender": "male", "id": "83977695", "photo": {"prefix": "https://igx.4sqi.net/img/user/", "suffix": "/83977695-V0SNV3BIEIAGNZPQ.jpg"}, "firstName": "Jean", "lastName": "Ng"}, "canonicalUrl": "https://foursquare.com/item/53652d7511d23054e0e54794", "type": "user", "photourl": "https://igx.4sqi.net/img/general/original/83977695_0BzpOtA_WTVtl1tee_6UYo44gs9PsGnoE-T33bpDHtQ.jpg"}, {"logView": true, "lang": "en", "createdAt": 1359216745, "agreeCount": 1, "likes": {"groups": [{"items": [{"gender": "male", "id": "9135014", "photo": {"prefix": "https://igx.4sqi.net/img/user/", "suffix": "/9135014-M2B4XY1N2SYGRNUJ.jpg"}, "firstName": "Jp", "lastName": "Fernandez"}], "count": 1, "type": "others"}], "summary": "1 like", "count": 1}, "id": "51040069e4b01dd7f4b496ce", "text": "This is the best Nasi Lemak ever in Singapore. You must try the beans it is so tasty..", "type": "user", "user": {"gender": "female", "id": "26811457", "photo": {"prefix": "https://igx.4sqi.net/img/user/", "suffix": "/26811457-0P15UBBU0O0C5YIP.jpg"}, "firstName": "Jesselyn", "lastName": "Chiang"}, "canonicalUrl": "https://foursquare.com/item/51040069e4b01dd7f4b496ce", "todo": {"count": 0}, "disagreeCount": 0}, {"logView": true, "lang": "en", "createdAt": 1276532121, "agreeCount": 1, "likes": {"groups": [{"items": [{"gender": "male", "id": "5168148", "photo": {"prefix": "https://igx.4sqi.net/img/user/", "suffix": "/F134KQC5KMBVOL0J.jpg"}, "firstName": "Nic", "lastName": "Tan"}], "count": 1, "type": "others"}], "summary": "1 like", "count": 1}, "id": "4c16559982a3c9b6222000f9", "text": "Chicken wing is a must order!!!!!", "type": "user", "user": {"id": "1357142", "photo": {"prefix": "https://igx.4sqi.net/img/user/", "suffix": "/FWPD0IP2AOE3DRMS.jpg"}, "firstName": "Jonathan", "gender": "male"}, "canonicalUrl": "https://foursquare.com/item/4c16559982a3c9b6222000f9", "todo": {"count": 0}, "disagreeCount": 0}, {"logView": true, "lang": "en", "createdAt": 1379673334, "agreeCount": 2, "likes": {"groups": [{"items": [{"gender": "male", "id": "4622199", "photo": {"prefix": "https://igx.4sqi.net/img/user/", "suffix": "/DUJL0NLNL1TTLPUB.jpg"}, "firstName": "James", "lastName": "Single"}, {"gender": "male", "id": "3430697", "photo": {"prefix": "https://igx.4sqi.net/img/user/", "suffix": "/3430697-1QDTECWNY0BOPPXL.jpg"}, "firstName": "Sunny.", "lastName": "Lim"}], "count": 2, "type": "others"}], "summary": "2 likes", "count": 2}, "id": "523c24f611d21f3a2fb073ca", "text": "So long Q .. But the food smell very nice", "type": "user", "user": {"gender": "female", "id": "6831335", "photo": {"prefix": "https://igx.4sqi.net/img/user/", "suffix": "/QQTCYOKHXSNXCJZG.jpg"}, "firstName": "Phar", "lastName": "Nuk"}, "canonicalUrl": "https://foursquare.com/item/523c24f611d21f3a2fb073ca", "todo": {"count": 0}, "disagreeCount": 0}, {"logView": true, "lang": "en", "createdAt": 1326101606, "agreeCount": 0, "likes": {"groups": [], "count": 0}, "id": "4f0ab466e4b05f830fc6556a", "text": "Open 5.30pm - 2.30am, closed on Thursday's. Not the best around but quite an institution for tanjong katong road", "type": "user", "user": {"gender": "male", "id": "1535277", "photo": {"prefix": "https://igx.4sqi.net/img/user/", "suffix": "/KSXSBZ3RGIR4XCYQ.jpg"}, "firstName": "Yee", "lastName": "Yeong"}, "canonicalUrl": "https://foursquare.com/item/4f0ab466e4b05f830fc6556a", "todo": {"count": 0}, "disagreeCount": 0}, {"logView": true, "lang": "en", "createdAt": 1453551828, "agreeCount": 0, "likes": {"groups": [], "count": 0}, "id": "56a370d4498ef068a536d754", "text": "Wide variety but it's overrated.", "type": "user", "user": {"gender": "male", "id": "92425099", "photo": {"prefix": "https://igx.4sqi.net/img/user/", "default": true, "suffix": "/blank_boy.png"}, "firstName": "Bellyman", "lastName": "O"}, "canonicalUrl": "https://foursquare.com/item/56a370d4498ef068a536d754", "todo": {"count": 0}, "disagreeCount": 0}, {"logView": true, "lang": "en", "createdAt": 1296229086, "agreeCount": 0, "likes": {"groups": [], "count": 0}, "id": "4d42e2deeb2f2c0fde8572f4", "text": "hahahahahahahaaa", "type": "user", "user": {"gender": "male", "id": "6387843", "photo": {"prefix": "https://igx.4sqi.net/img/user/", "default": true, "suffix": "/blank_boy.png"}, "firstName": "Lee", "lastName": "Voon"}, "canonicalUrl": "https://foursquare.com/item/4d42e2deeb2f2c0fde8572f4", "todo": {"count": 0}, "disagreeCount": 0}, {"logView": true, "lang": "en", "photo": {"id": "50db1064e4b0ca0babfcac8d", "visibility": "public", "source": {"name": "Foursquare for iOS", "url": "https://foursquare.com/download/#/iphone"}, "suffix": "/41966205_ydFUDqV-ggtFyVehKw67ucmU_sJtGyLHA3_h3-HQSgI.jpg", "createdAt": 1356533860, "prefix": "https://igx.4sqi.net/img/general/", "width": 720, "height": 540}, "createdAt": 1356533858, "todo": {"count": 0}, "agreeCount": 0, "likes": {"groups": [], "count": 0}, "id": "50db1062e4b0aceb331b3ace", "text": "Open late, perfect for supper!", "disagreeCount": 0, "user": {"gender": "female", "id": "41966205", "photo": {"prefix": "https://igx.4sqi.net/img/user/", "suffix": "/GRUC5FB2WJCCPAH5.jpg"}, "firstName": "Jennifer", "lastName": "K"}, "canonicalUrl": "https://foursquare.com/item/50db1062e4b0aceb331b3ace", "type": "user", "photourl": "https://igx.4sqi.net/img/general/original/41966205_ydFUDqV-ggtFyVehKw67ucmU_sJtGyLHA3_h3-HQSgI.jpg"}, {"logView": true, "lang": "en", "createdAt": 1307724573, "agreeCount": 1, "likes": {"groups": [{"items": [{"gender": "female", "id": "41966205", "photo": {"prefix": "https://igx.4sqi.net/img/user/", "suffix": "/GRUC5FB2WJCCPAH5.jpg"}, "firstName": "Jennifer", "lastName": "K"}], "count": 1, "type": "others"}], "summary": "1 like", "count": 1}, "id": "4df24b1dd1649c8a28de5fd7", "text": "Good Nasi Lemak, but not sure it's worth the wait!!", "type": "user", "user": {"gender": "female", "id": "741183", "photo": {"prefix": "https://igx.4sqi.net/img/user/", "suffix": "/A3MWJAQ4EB0ACTDT.jpg"}, "firstName": "EV", "lastName": "Low"}, "canonicalUrl": "https://foursquare.com/item/4df24b1dd1649c8a28de5fd7", "todo": {"count": 0}, "disagreeCount": 0}, {"logView": true, "lang": "en", "createdAt": 1289967430, "agreeCount": 0, "likes": {"groups": [], "count": 0}, "id": "4ce3574605f7a0936009a028", "text": "I could Gorge their chicken wings and curry vegetables anytime.", "type": "user", "user": {"gender": "female", "id": "522378", "photo": {"prefix": "https://igx.4sqi.net/img/user/", "suffix": "/WVDJ4HFMO5QFWASA.jpg"}, "firstName": "Eunice", "lastName": "Ng"}, "canonicalUrl": "https://foursquare.com/item/4ce3574605f7a0936009a028", "todo": {"count": 0}, "disagreeCount": 0}, {"authorInteractionType": "liked", "logView": true, "lang": "en", "photo": {"id": "561e2890498e792d5b100d3b", "visibility": "public", "source": {"name": "Foursquare for iOS", "url": "https://foursquare.com/download/#/iphone"}, "suffix": "/4414657_z2xmNt5Fi-jNR8VkniHBpoyF6SiJ_Pv67k9DIAqMMbc.jpg", "createdAt": 1444817040, "prefix": "https://igx.4sqi.net/img/general/", "width": 1441, "height": 1440}, "createdAt": 1444817037, "todo": {"count": 0}, "agreeCount": 0, "likes": {"groups": [], "count": 0}, "id": "561e288d498eecc10cb704e6", "text": "Long queue as usual. If you like sweet and spicy sambas, then this is a place for you! Comes with variety choices of dishes as well as their famous fried chicken wings.", "disagreeCount": 0, "user": {"gender": "female", "id": "4414657", "photo": {"prefix": "https://igx.4sqi.net/img/user/", "suffix": "/ERNUW2RCDHOLQ2EX.jpg"}, "firstName": "Adeline Annastasia", "lastName": "Tui"}, "canonicalUrl": "https://foursquare.com/item/561e288d498eecc10cb704e6", "type": "user", "photourl": "https://igx.4sqi.net/img/general/original/4414657_z2xmNt5Fi-jNR8VkniHBpoyF6SiJ_Pv67k9DIAqMMbc.jpg"}, {"logView": true, "lang": "en", "createdAt": 1345977335, "agreeCount": 0, "likes": {"groups": [], "count": 0}, "id": "5039fbf7e4b0975cc303ef51", "text": "The nhor hiang here is nice too !", "type": "user", "user": {"gender": "male", "id": "6795031", "photo": {"prefix": "https://igx.4sqi.net/img/user/", "suffix": "/KKOKKOP3DH2ANKZJ.jpg"}, "firstName": "Jerrold", "lastName": "Tan"}, "canonicalUrl": "https://foursquare.com/item/5039fbf7e4b0975cc303ef51", "todo": {"count": 0}, "disagreeCount": 0}, {"logView": true, "lang": "en", "createdAt": 1294572361, "agreeCount": 0, "likes": {"groups": [], "count": 0}, "id": "4d299b49467d6ea88d33d195", "text": "Breakfast lunch dinner supper anything can do!", "type": "user", "user": {"gender": "male", "id": "5339563", "photo": {"prefix": "https://igx.4sqi.net/img/user/", "suffix": "/3DPEZIJ0U04USC1L.jpg"}, "firstName": "Philip", "lastName": "Tan"}, "canonicalUrl": "https://foursquare.com/item/4d299b49467d6ea88d33d195", "todo": {"count": 0}, "disagreeCount": 0}, {"logView": true, "lang": "en", "createdAt": 1292909303, "agreeCount": 0, "likes": {"groups": [], "count": 0}, "id": "4d103af7d0a860fcfd413648", "text": "the best nasi lemak in Singapore!!", "type": "user", "user": {"gender": "male", "id": "1982753", "photo": {"prefix": "https://igx.4sqi.net/img/user/", "suffix": "/LCOYZ1WGAL5CEPXH.jpg"}, "firstName": "Davin", "lastName": "Soendoro"}, "canonicalUrl": "https://foursquare.com/item/4d103af7d0a860fcfd413648", "todo": {"count": 0}, "disagreeCount": 0}, {"logView": true, "lang": "en", "createdAt": 1325508640, "agreeCount": 1, "likes": {"groups": [{"items": [{"gender": "female", "id": "52837186", "photo": {"prefix": "https://igx.4sqi.net/img/user/", "default": true, "suffix": "/blank_girl.png"}, "firstName": "Vivienne", "lastName": "Barwick"}], "count": 1, "type": "others"}], "summary": "1 like", "count": 1}, "id": "4f01a8200e618ea7684f1e49", "text": "Fried stuff seriously overcooked", "type": "user", "user": {"gender": "male", "id": "4165949", "photo": {"prefix": "https://igx.4sqi.net/img/user/", "suffix": "/4165949-PC3N15JKPIPHGZBH.jpg"}, "firstName": "Joseph", "lastName": "Teo"}, "canonicalUrl": "https://foursquare.com/item/4f01a8200e618ea7684f1e49", "todo": {"count": 0}, "disagreeCount": 0}, {"logView": true, "lang": "en", "createdAt": 1324639574, "agreeCount": 1, "likes": {"groups": [{"items": [{"id": "2872578", "photo": {"prefix": "https://igx.4sqi.net/img/user/", "suffix": "/2872578-YTSZBE5LGX1F5JDX.jpg"}, "firstName": "Melvin K.", "gender": "male"}], "count": 1, "type": "others"}], "summary": "1 like", "count": 1}, "id": "4ef4655693ad743f5f43bdff", "text": "Standard hv drop chili is the big joke I call it colour paste wtf", "type": "user", "user": {"gender": "male", "id": "4821368", "photo": {"prefix": "https://igx.4sqi.net/img/user/", "suffix": "/LLNYQSQ5Y1ABABHP.jpg"}, "firstName": "AS", "lastName": "Tan"}, "canonicalUrl": "https://foursquare.com/item/4ef4655693ad743f5f43bdff", "todo": {"count": 0}, "disagreeCount": 0}, {"logView": true, "lang": "en", "createdAt": 1364642917, "agreeCount": 0, "likes": {"groups": [], "count": 0}, "id": "5156cc65e4b03712a0f2a07e", "text": "Must order: Chicken wings!!", "type": "user", "user": {"gender": "female", "id": "977806", "photo": {"prefix": "https://igx.4sqi.net/img/user/", "suffix": "/LNZQXVOK2M01IL2F.jpg"}, "firstName": "Lina", "lastName": "Yong"}, "canonicalUrl": "https://foursquare.com/item/5156cc65e4b03712a0f2a07e", "todo": {"count": 0}, "disagreeCount": 0}, {"authorInteractionType": "liked", "logView": true, "lang": "ja", "createdAt": 1470239150, "agreeCount": 0, "likes": {"groups": [], "count": 0}, "id": "57a211ae498ec735355e5723", "text": "Chicken wings!!!!\u7279\u5225\u306a\u5473\u3067\u3068\u3066\u3082\u3046\u307e\u3044\u203c\ufe0f\u305c\u3072\u98df\u3079\u3066\u307f\u3066\u203c\ufe0f", "type": "user", "user": {"gender": "male", "id": "225304017", "photo": {"prefix": "https://igx.4sqi.net/img/user/", "suffix": "/225304017-2KQNZQNX5QEM5CC4.jpg"}, "firstName": "Satoshi", "lastName": "Lau"}, "canonicalUrl": "https://foursquare.com/item/57a211ae498ec735355e5723", "todo": {"count": 0}, "disagreeCount": 0}, {"logView": true, "lang": "en", "createdAt": 1293444131, "agreeCount": 0, "likes": {"groups": [], "count": 0}, "id": "4d1864236d10370415803ebd", "text": "The chilli sauce... is fawesome!", "type": "user", "user": {"gender": "male", "id": "1134882", "photo": {"prefix": "https://igx.4sqi.net/img/user/", "suffix": "/1134882_I9Zehafy_jDTbeBYUOp0Nqbrfre-KZiB-J8ysrqWhqNNfIeDrO5GXXc8jFnejsU2X__5EF2eC.jpg"}, "firstName": "Chunkiat", "lastName": "Goh"}, "canonicalUrl": "https://foursquare.com/item/4d1864236d10370415803ebd", "todo": {"count": 0}, "disagreeCount": 0}, {"authorInteractionType": "liked", "logView": true, "lang": "en", "createdAt": 1452826501, "agreeCount": 0, "likes": {"groups": [], "count": 0}, "id": "56985f8538fad02d61424989", "text": "Crispy ass chicken wings! How can you go wrong...", "type": "user", "user": {"gender": "male", "id": "85921835", "photo": {"prefix": "https://igx.4sqi.net/img/user/", "suffix": "/85921835-PMDHG2HBT02M4ZRD.jpg"}, "firstName": "Kristian", "lastName": "Lam"}, "canonicalUrl": "https://foursquare.com/item/56985f8538fad02d61424989", "todo": {"count": 0}, "disagreeCount": 0}, {"logView": true, "lang": "en", "createdAt": 1326637036, "agreeCount": 0, "likes": {"groups": [], "count": 0}, "id": "4f12dfece4b07e9ecbdd9663", "text": "Nice chicken wings and otak-otak.", "type": "user", "user": {"gender": "female", "id": "3242076", "photo": {"prefix": "https://igx.4sqi.net/img/user/", "suffix": "/RTJLJUMT2ELJIAHZ.jpg"}, "firstName": "Ann", "lastName": "@pigpigscorner.com"}, "canonicalUrl": "https://foursquare.com/item/4f12dfece4b07e9ecbdd9663", "todo": {"count": 0}, "disagreeCount": 0}, {"logView": true, "lang": "en", "createdAt": 1376061271, "agreeCount": 0, "likes": {"groups": [], "count": 0}, "id": "52050757498e8221a6fa92ef", "text": "Food actually JUST so so only!!!", "type": "user", "user": {"gender": "male", "id": "5524089", "photo": {"prefix": "https://igx.4sqi.net/img/user/", "suffix": "/YLMLDMWFWL1UNKZP.jpg"}, "firstName": "Andrew", "lastName": "WongDX"}, "canonicalUrl": "https://foursquare.com/item/52050757498e8221a6fa92ef", "todo": {"count": 0}, "disagreeCount": 0}, {"logView": true, "lang": "en", "createdAt": 1355232770, "agreeCount": 0, "likes": {"groups": [], "count": 0}, "id": "50c73602e4b0198e2cbb388f", "text": "Come Malaysia, we have a few varieties of nasi lemak which far nicer and cheaper than this...", "type": "user", "user": {"gender": "male", "id": "3956583", "photo": {"prefix": "https://igx.4sqi.net/img/user/", "suffix": "/3956583-ZYJBL4NC0WJINZCN.jpg"}, "firstName": "Wei Loon", "lastName": "Wong"}, "canonicalUrl": "https://foursquare.com/item/50c73602e4b0198e2cbb388f", "todo": {"count": 0}, "disagreeCount": 0}, {"logView": true, "lang": "en", "createdAt": 1290948722, "agreeCount": 1, "likes": {"groups": [{"items": [{"gender": "male", "id": "5168148", "photo": {"prefix": "https://igx.4sqi.net/img/user/", "suffix": "/F134KQC5KMBVOL0J.jpg"}, "firstName": "Nic", "lastName": "Tan"}], "count": 1, "type": "others"}], "summary": "1 like", "count": 1}, "id": "4cf250727e93f04dad515269", "text": "Chicken Wings FTW!", "type": "user", "user": {"gender": "female", "id": "3787708", "photo": {"prefix": "https://igx.4sqi.net/img/user/", "suffix": "/DFUXHGCDAV0DRJ1N.jpg"}, "firstName": "Foongming", "lastName": "\u2764"}, "canonicalUrl": "https://foursquare.com/item/4cf250727e93f04dad515269", "todo": {"count": 0}, "disagreeCount": 0}, {"logView": true, "lang": "en", "createdAt": 1319046065, "agreeCount": 0, "likes": {"groups": [], "count": 0}, "id": "4e9f0bb16c25364827cfdc55", "text": "Just like their chicken wing so much...  always hot and crispy :-)", "type": "user", "user": {"gender": "male", "id": "15218588", "photo": {"prefix": "https://igx.4sqi.net/img/user/", "suffix": "/MTSDYOMVT3554BAG.jpg"}, "firstName": "Winston", "lastName": "TSc"}, "canonicalUrl": "https://foursquare.com/item/4e9f0bb16c25364827cfdc55", "todo": {"count": 0}, "disagreeCount": 0}, {"logView": true, "lang": "en", "createdAt": 1354028901, "agreeCount": 0, "likes": {"groups": [], "count": 0}, "id": "50b4d765e4b0f6a10a97f4f4", "text": "Nap shot chicken wing !!! Must try !!!", "type": "user", "user": {"gender": "male", "id": "5854468", "photo": {"prefix": "https://igx.4sqi.net/img/user/", "suffix": "/3V22INMQX1FIAF2T.jpg"}, "firstName": "Daniel", "lastName": "Poh"}, "canonicalUrl": "https://foursquare.com/item/50b4d765e4b0f6a10a97f4f4", "todo": {"count": 0}, "disagreeCount": 0}, {"logView": true, "lang": "en", "createdAt": 1321850846, "agreeCount": 0, "likes": {"groups": [], "count": 0}, "id": "4ec9d7de722e14379926aac4", "text": "chicken wingss v nice", "type": "user", "user": {"gender": "female", "id": "2637645", "photo": {"prefix": "https://igx.4sqi.net/img/user/", "suffix": "/2637645-GJZJ3MZKXFQAQVQR.jpg"}, "firstName": "Carol", "lastName": "Gani"}, "canonicalUrl": "https://foursquare.com/item/4ec9d7de722e14379926aac4", "todo": {"count": 0}, "disagreeCount": 0}, {"logView": true, "lang": "en", "createdAt": 1298120401, "agreeCount": 0, "likes": {"groups": [], "count": 0}, "id": "4d5fbed1338bb60c638e1fbd", "text": "The chicken wing is a must-try when you patronize this stall.!", "type": "user", "user": {"gender": "female", "id": "1777973", "photo": {"prefix": "https://igx.4sqi.net/img/user/", "suffix": "/MDQZADDCELTNUFLV.jpg"}, "firstName": "Melissa", "lastName": "Siah"}, "canonicalUrl": "https://foursquare.com/item/4d5fbed1338bb60c638e1fbd", "todo": {"count": 0}, "disagreeCount": 0}, {"authorInteractionType": "liked", "logView": true, "lang": "en", "createdAt": 1345816553, "agreeCount": 0, "likes": {"groups": [], "count": 0}, "id": "503787e9e4b0be420eb5ed37", "text": "So far this is the best Nasi Lemak that I have ever had. The queue is long (+fast) but the food is worth it.", "type": "user", "user": {"gender": "female", "id": "2994176", "photo": {"prefix": "https://igx.4sqi.net/img/user/", "suffix": "/2994176_QQgv6rpH_p0vnNKXx746u9BIugvuPeiRYfNinwrlV-JJCv0ILekQx2LLfxf9UlQX3iXWo8zbj.jpg"}, "firstName": "Amanda", "lastName": "Neo"}, "canonicalUrl": "https://foursquare.com/item/503787e9e4b0be420eb5ed37", "todo": {"count": 0}, "disagreeCount": 0}, {"logView": true, "lang": "en", "createdAt": 1294572396, "agreeCount": 0, "likes": {"groups": [], "count": 0}, "id": "4d299b6c467d6ea88134d195", "text": "Not open in the morning ... start 5.30pm til 2.30am ...", "type": "user", "user": {"gender": "female", "id": "4761801", "photo": {"prefix": "https://igx.4sqi.net/img/user/", "suffix": "/4761801-P43QFN2KM10D14UA.jpg"}, "firstName": "Inge", "lastName": "Ardiyanty"}, "canonicalUrl": "https://foursquare.com/item/4d299b6c467d6ea88134d195", "todo": {"count": 0}, "disagreeCount": 0}, {"logView": true, "lang": "en", "createdAt": 1325246433, "agreeCount": 0, "likes": {"groups": [], "count": 0}, "id": "4efda7e15c5c51dd2c3f0bfd", "text": "must try the Blue mussels. Gravy is creamy but light, accented by the herbs.", "type": "user", "user": {"gender": "male", "id": "1339539", "photo": {"prefix": "https://igx.4sqi.net/img/user/", "suffix": "/1339539-AIRJPNFKHLZSMUDJ.jpg"}, "firstName": "Ian", "lastName": "Thomtori"}, "canonicalUrl": "https://foursquare.com/item/4efda7e15c5c51dd2c3f0bfd", "todo": {"count": 0}, "disagreeCount": 0}, {"logView": true, "lang": "en", "createdAt": 1294824414, "agreeCount": 4, "likes": {"groups": [{"items": [{"gender": "female", "id": "1706740", "photo": {"prefix": "https://igx.4sqi.net/img/user/", "suffix": "/OEWVK5VW0BNEG55C.jpg"}, "firstName": "Luisa", "lastName": "Huang"}, {"gender": "male", "id": "1666549", "photo": {"prefix": "https://igx.4sqi.net/img/user/", "suffix": "/ZQST2FYJVAQMBIK1.jpg"}, "firstName": "Terence", "lastName": "T"}, {"gender": "female", "id": "26808474", "photo": {"prefix": "https://igx.4sqi.net/img/user/", "suffix": "/CBR2YDAHFOY5H0CT.jpg"}, "firstName": "Serene", "lastName": "T"}, {"gender": "male", "id": "5458510", "photo": {"prefix": "https://igx.4sqi.net/img/user/", "default": true, "suffix": "/blank_boy.png"}, "firstName": "John", "lastName": "Tan"}], "count": 4, "type": "others"}], "summary": "4 likes", "count": 4}, "id": "4d2d73de12d16a31c52b2c22", "text": "Their chicken wings are the BEST! You should get at least one, together with your nasi lemak.", "type": "user", "user": {"gender": "male", "id": "1666549", "photo": {"prefix": "https://igx.4sqi.net/img/user/", "suffix": "/ZQST2FYJVAQMBIK1.jpg"}, "firstName": "Terence", "lastName": "T"}, "canonicalUrl": "https://foursquare.com/item/4d2d73de12d16a31c52b2c22", "todo": {"count": 0}, "disagreeCount": 0}, {"logView": true, "lang": "en", "createdAt": 1284266600, "agreeCount": 0, "likes": {"groups": [], "count": 0}, "id": "4c8c5a680bcbbfb728f1e0fe", "text": "Delicious .... nasi Lemak", "type": "user", "user": {"gender": "male", "id": "3198116", "photo": {"prefix": "https://igx.4sqi.net/img/user/", "suffix": "/H3BWBPCOD0CTXEZE.jpg"}, "firstName": "Patrick", "lastName": "Troy"}, "canonicalUrl": "https://foursquare.com/item/4c8c5a680bcbbfb728f1e0fe", "todo": {"count": 0}, "disagreeCount": 0}, {"authorInteractionType": "liked", "logView": true, "lang": "en", "createdAt": 1462708134, "agreeCount": 0, "likes": {"groups": [], "count": 0}, "id": "572f27a6498eff49daf39347", "text": "The coconut rice , chicken wings", "type": "user", "user": {"gender": "female", "id": "19958541", "photo": {"prefix": "https://igx.4sqi.net/img/user/", "default": true, "suffix": "/blank_girl.png"}, "firstName": "Prieska", "lastName": "Lie Junnies"}, "canonicalUrl": "https://foursquare.com/item/572f27a6498eff49daf39347", "todo": {"count": 0}, "disagreeCount": 0}], "count": 55}}}