{"meta": {"code": 200, "requestId": "595a55f4db04f562eef52b21"}, "response": {"tips": {"items": [{"logView": true, "lang": "en", "createdAt": 1283586017, "agreeCount": 0, "likes": {"groups": [{"items": [], "count": 1, "type": "others"}], "summary": "1 like", "count": 1}, "id": "4c81f7e1d4e23704f3316388", "text": "Fortunate has closed to become a Teochew seafood restaurant under the same owner. No more 30% discount for dim sum in the afternoons.", "type": "user", "user": {"gender": "female", "id": "444588", "photo": {"prefix": "https://igx.4sqi.net/img/user/", "suffix": "/JQQ3FWKUMTYPFUAM.jpg"}, "firstName": "Winnie", "lastName": "Kwa"}, "canonicalUrl": "https://foursquare.com/item/4c81f7e1d4e23704f3316388", "todo": {"count": 0}, "disagreeCount": 0}, {"logView": true, "lang": "en", "createdAt": 1293334715, "agreeCount": 0, "likes": {"groups": [], "count": 0}, "id": "4d16b8bbbb488cfa5faba7d4", "text": "Be sure to try the Pig Trotters in Vingar! So yummy and generous serving of meat in it!", "type": "user", "user": {"gender": "male", "id": "4968327", "photo": {"prefix": "https://igx.4sqi.net/img/user/", "suffix": "/E3HCXBLNMLJUWKDM.jpg"}, "firstName": "Douglas", "lastName": "Chew"}, "canonicalUrl": "https://foursquare.com/item/4d16b8bbbb488cfa5faba7d4", "todo": {"count": 0}, "disagreeCount": 0}, {"logView": true, "lang": "en", "createdAt": 1293334640, "agreeCount": 0, "likes": {"groups": [], "count": 0}, "id": "4d16b87081cea35d36ece1ec", "text": "Now known as Swatow Seafood Restaurant", "type": "user", "user": {"gender": "male", "id": "4968327", "photo": {"prefix": "https://igx.4sqi.net/img/user/", "suffix": "/E3HCXBLNMLJUWKDM.jpg"}, "firstName": "Douglas", "lastName": "Chew"}, "canonicalUrl": "https://foursquare.com/item/4d16b87081cea35d36ece1ec", "todo": {"count": 0}, "disagreeCount": 0}, {"logView": true, "lang": "en", "createdAt": 1267928271, "agreeCount": 0, "likes": {"groups": [{"items": [], "count": 2, "type": "others"}], "summary": "2 likes", "count": 2}, "id": "4b930ccf70c603bb37b993b4", "text": "Food ok service not what I like.  No place to eat din sum can try try.", "type": "user", "user": {"gender": "male", "id": "448395", "photo": {"prefix": "https://igx.4sqi.net/img/user/", "default": true, "suffix": "/blank_boy.png"}, "firstName": "\u738b\u5b50", "lastName": "\u5496\u5561"}, "canonicalUrl": "https://foursquare.com/item/4b930ccf70c603bb37b993b4", "todo": {"count": 0}, "disagreeCount": 0}], "count": 4}}}