{"meta": {"code": 200, "requestId": "595a5064dd57972d293d2bcd"}, "response": {"tips": {"items": [{"authorInteractionType": "liked", "logView": true, "lang": "en", "createdAt": 1469933884, "agreeCount": 0, "likes": {"groups": [], "count": 0}, "id": "579d693ccd10ba915c1956de", "text": "The young waiter and waitress can be rude when they serve. But the food is totally worth a visit", "type": "user", "user": {"id": "11810684", "photo": {"prefix": "https://igx.4sqi.net/img/user/", "suffix": "/11810684-HVPXMTUS3ECAHBOU.jpg"}, "firstName": "Jane", "gender": "female"}, "canonicalUrl": "https://foursquare.com/item/579d693ccd10ba915c1956de", "todo": {"count": 0}, "disagreeCount": 0}, {"logView": true, "lang": "en", "createdAt": 1297595376, "agreeCount": 1, "likes": {"groups": [{"items": [{"gender": "male", "id": "47662995", "photo": {"prefix": "https://igx.4sqi.net/img/user/", "suffix": "/ZVMTQ3KVLN3IR4I0.jpg"}, "firstName": "Vijay", "lastName": "Mishra"}], "count": 3, "type": "others"}], "summary": "3 likes", "count": 3}, "id": "4d57bbf036d1721eca73eeb1", "text": "Hainanese Pork Chop Rice & Irish Stew here r simply comfort food!", "type": "user", "user": {"gender": "female", "id": "5476576", "photo": {"prefix": "https://igx.4sqi.net/img/user/", "suffix": "/01GSESYQ3TK1ESQ0.jpg"}, "firstName": "Joey", "lastName": "Cheong"}, "canonicalUrl": "https://foursquare.com/item/4d57bbf036d1721eca73eeb1", "todo": {"count": 1}, "disagreeCount": 0}, {"logView": true, "lang": "en", "photo": {"id": "54f01e61498e1ca54f8f98aa", "visibility": "public", "source": {"name": "Foursquare for iOS", "url": "https://foursquare.com/download/#/iphone"}, "suffix": "/234324_Ha4qDiHPEDJ63ZtXGmNp_jG8hMBBIa7BWzB8MX3vtrc.jpg", "createdAt": 1425022561, "prefix": "https://igx.4sqi.net/img/general/", "width": 1920, "height": 1286}, "createdAt": 1425022557, "todo": {"count": 0}, "agreeCount": 0, "likes": {"groups": [], "count": 0}, "id": "54f01e5d498e6db31274a5d0", "text": "Good down-to-Earth Hainanese-Western grub to be had here. The background to why the food is that good is in the menu, between all the pictures of the excellent dishes.", "disagreeCount": 0, "user": {"gender": "male", "id": "234324", "photo": {"prefix": "https://igx.4sqi.net/img/user/", "suffix": "/FIH1ERWONCZI4K3D.jpg"}, "firstName": "gerard", "lastName": "t"}, "canonicalUrl": "https://foursquare.com/item/54f01e5d498e6db31274a5d0", "type": "user", "photourl": "https://igx.4sqi.net/img/general/original/234324_Ha4qDiHPEDJ63ZtXGmNp_jG8hMBBIa7BWzB8MX3vtrc.jpg"}, {"authorInteractionType": "liked", "logView": true, "lang": "en", "createdAt": 1368969923, "agreeCount": 0, "likes": {"groups": [], "count": 0}, "id": "5198d2c3498ee2ba7409cca1", "text": "Pan-seared sea bass in Asian source is awesome. Well balanced taste.", "type": "user", "user": {"gender": "male", "id": "1589670", "photo": {"prefix": "https://igx.4sqi.net/img/user/", "suffix": "/1589670-XXKNJRVFD53LZBEI.jpg"}, "firstName": "Ronald", "lastName": "Ip"}, "canonicalUrl": "https://foursquare.com/item/5198d2c3498ee2ba7409cca1", "todo": {"count": 0}, "disagreeCount": 0}, {"logView": true, "lang": "en", "createdAt": 1295345885, "agreeCount": 0, "likes": {"groups": [{"items": [], "count": 1, "type": "others"}], "summary": "1 like", "count": 1}, "id": "4d3568dd329e5481af68ca1d", "text": "Roast duck & monitor burger is a must try!", "type": "user", "user": {"gender": "male", "id": "1056471", "photo": {"prefix": "https://igx.4sqi.net/img/user/", "suffix": "/WHB0VAPPST2DXKUI.jpg"}, "firstName": "Augustin", "lastName": "Lye"}, "canonicalUrl": "https://foursquare.com/item/4d3568dd329e5481af68ca1d", "todo": {"count": 0}, "disagreeCount": 0}, {"authorInteractionType": "liked", "logView": true, "lang": "en", "createdAt": 1378566885, "agreeCount": 0, "likes": {"groups": [], "count": 0}, "id": "522b42e511d20747efb2ead8", "text": "Good food at good prices!", "type": "user", "user": {"gender": "male", "id": "47438839", "photo": {"prefix": "https://igx.4sqi.net/img/user/", "suffix": "/47438839-0JYCQPWAIHPKHY2R.jpg"}, "firstName": "Damian", "lastName": "Foster"}, "canonicalUrl": "https://foursquare.com/item/522b42e511d20747efb2ead8", "todo": {"count": 0}, "disagreeCount": 0}, {"authorInteractionType": "liked", "logView": true, "lang": "en", "photo": {"id": "5352a1db498e84b80c473d27", "visibility": "public", "source": {"name": "Foursquare for iOS", "url": "https://foursquare.com/download/#/iphone"}, "suffix": "/82725842_LDf7VIZ-3xMCzN3vEEVEXY7V_tBxMSgl-U-68xoyoVE.jpg", "createdAt": 1397924315, "prefix": "https://igx.4sqi.net/img/general/", "width": 960, "height": 720}, "createdAt": 1397924313, "todo": {"count": 0}, "agreeCount": 0, "likes": {"groups": [], "count": 0}, "id": "5352a1d9498ea2a728df1c6e", "text": "Friendly and attentive staff.  Food is good and the music is great. Pretty nice to chill out and have a few drinks.", "disagreeCount": 0, "user": {"gender": "female", "id": "82725842", "photo": {"prefix": "https://igx.4sqi.net/img/user/", "suffix": "/82725842-2BPTP3ZXPQHHKS24.jpg"}, "firstName": "Sharon", "lastName": "Karunakaran"}, "canonicalUrl": "https://foursquare.com/item/5352a1d9498ea2a728df1c6e", "type": "user", "photourl": "https://igx.4sqi.net/img/general/original/82725842_LDf7VIZ-3xMCzN3vEEVEXY7V_tBxMSgl-U-68xoyoVE.jpg"}, {"logView": true, "lang": "en", "createdAt": 1325506868, "agreeCount": 0, "likes": {"groups": [], "count": 0}, "id": "4f01a134d3e364d5fdfe2d24", "text": "the bangers and mash not nice. the mash potato is instant powder and the bangers taste cheap...", "type": "user", "user": {"id": "3945689", "photo": {"prefix": "https://igx.4sqi.net/img/user/", "suffix": "/1JAGHJVPLO0PGAQW.jpg"}, "firstName": "charlieboyy", "gender": "male"}, "canonicalUrl": "https://foursquare.com/item/4f01a134d3e364d5fdfe2d24", "todo": {"count": 0}, "disagreeCount": 0}, {"logView": true, "lang": "en", "createdAt": 1296297946, "agreeCount": 0, "likes": {"groups": [], "count": 0}, "id": "4d43efdabbb1a143ba6c4072", "text": "Roast duck is awesomest! V attentive staff too.", "type": "user", "user": {"gender": "female", "id": "5145350", "photo": {"prefix": "https://igx.4sqi.net/img/user/", "suffix": "/S1CNJMPTEOJE12P3.jpg"}, "firstName": "Hui", "lastName": "Cham"}, "canonicalUrl": "https://foursquare.com/item/4d43efdabbb1a143ba6c4072", "todo": {"count": 0}, "disagreeCount": 0}, {"authorInteractionType": "liked", "logView": true, "lang": "en", "photo": {"id": "523c7d8311d2f58895af2774", "visibility": "public", "source": {"name": "Foursquare for iOS", "url": "https://foursquare.com/download/#/iphone"}, "suffix": "/2816381_zljrw1lehbYDMHZNxQAfgo6zCt7uzDPKRzpxH7eTEXE.jpg", "createdAt": 1379696003, "prefix": "https://igx.4sqi.net/img/general/", "width": 960, "height": 720}, "createdAt": 1379695998, "todo": {"count": 0}, "agreeCount": 0, "likes": {"groups": [], "count": 0}, "id": "523c7d7e11d2737386962b83", "text": "Great HPC - hainanese pork chop", "disagreeCount": 0, "user": {"gender": "female", "id": "2816381", "photo": {"prefix": "https://igx.4sqi.net/img/user/", "suffix": "/2816381_mn4-bVkE_KfaoO7Tjwm0OxPsC6KIcKQKoOZZwKZs3Ick6Oz0yCnHecKM3Y7K9ns8Yn0NudwKM.jpg"}, "firstName": "Edie", "lastName": "Tan"}, "canonicalUrl": "https://foursquare.com/item/523c7d7e11d2737386962b83", "type": "user", "photourl": "https://igx.4sqi.net/img/general/original/2816381_zljrw1lehbYDMHZNxQAfgo6zCt7uzDPKRzpxH7eTEXE.jpg"}, {"authorInteractionType": "liked", "logView": true, "lang": "en", "createdAt": 1379047199, "agreeCount": 0, "likes": {"groups": [], "count": 0}, "id": "5232971f11d259beb3d86cff", "text": "Awesome steak sandwich.", "type": "user", "user": {"gender": "female", "id": "64613044", "photo": {"prefix": "https://igx.4sqi.net/img/user/", "suffix": "/FATECYZP3GXXDKCO.jpg"}, "firstName": "Debra", "lastName": "Chan"}, "canonicalUrl": "https://foursquare.com/item/5232971f11d259beb3d86cff", "todo": {"count": 0}, "disagreeCount": 0}, {"logView": true, "lang": "en", "createdAt": 1408452156, "agreeCount": 0, "likes": {"groups": [], "count": 0}, "id": "53f3463c498ea486771ba6ea", "text": "Roast Duck, Salmon Steak", "type": "user", "user": {"gender": "female", "id": "75815541", "photo": {"prefix": "https://igx.4sqi.net/img/user/", "suffix": "/-J0KVJB2NG0VWMF23.jpg"}, "firstName": "Jessica", "lastName": "Chak"}, "canonicalUrl": "https://foursquare.com/item/53f3463c498ea486771ba6ea", "todo": {"count": 0}, "disagreeCount": 0}, {"logView": true, "lang": "en", "createdAt": 1383140957, "agreeCount": 0, "likes": {"groups": [], "count": 0}, "id": "52710e5d11d2000d12fb7c95", "text": "Ice Fruit Tea, can't go wrong with that.", "type": "user", "user": {"gender": "male", "id": "70233379", "photo": {"prefix": "https://igx.4sqi.net/img/user/", "suffix": "/2BB0XWPHVYVKEQX4.jpg"}, "firstName": "Sean", "lastName": "K.J"}, "canonicalUrl": "https://foursquare.com/item/52710e5d11d2000d12fb7c95", "todo": {"count": 0}, "disagreeCount": 0}, {"logView": true, "lang": "en", "createdAt": 1334496340, "agreeCount": 1, "likes": {"groups": [{"items": [{"gender": "male", "id": "138834", "photo": {"prefix": "https://igx.4sqi.net/img/user/", "suffix": "/138834-3WYPLZN22DBGUE5Z.jpg"}, "firstName": "Julian", "lastName": "Lim"}], "count": 1, "type": "others"}], "summary": "1 like", "count": 1}, "id": "4f8acc54e4b002b90c7a3cee", "text": "Refreshing ice lemon teas! Tender sirloin steak & yummy pork chop!", "type": "user", "user": {"gender": "female", "id": "877733", "photo": {"prefix": "https://igx.4sqi.net/img/user/", "suffix": "/877733-HVLU3KKVIDZH5AIO.jpg"}, "firstName": "Tash", "lastName": "Z"}, "canonicalUrl": "https://foursquare.com/item/4f8acc54e4b002b90c7a3cee", "todo": {"count": 0}, "disagreeCount": 0}, {"authorInteractionType": "liked", "logView": true, "lang": "en", "createdAt": 1326280838, "agreeCount": 1, "likes": {"groups": [{"items": [{"id": "953536", "photo": {"prefix": "https://igx.4sqi.net/img/user/", "default": true, "suffix": "/blank_boy.png"}, "firstName": "Nomad51", "gender": "male"}], "count": 1, "type": "others"}], "summary": "1 like", "count": 1}, "id": "4f0d7086e4b07eb23606c570", "text": "The pumpkin soup is delicious!!", "type": "user", "user": {"gender": "female", "id": "3984924", "photo": {"prefix": "https://igx.4sqi.net/img/user/", "suffix": "/DDDMU12SUZ4OKL5D.jpg"}, "firstName": "Feli", "lastName": "xx"}, "canonicalUrl": "https://foursquare.com/item/4f0d7086e4b07eb23606c570", "todo": {"count": 0}, "disagreeCount": 0}, {"authorInteractionType": "liked", "logView": true, "lang": "en", "photo": {"id": "55fd448f498ecf71644fe686", "visibility": "public", "source": {"name": "Foursquare for Android", "url": "https://foursquare.com/download/#/android"}, "suffix": "/99539465_ZO7CeqE9Fq5qyDLAi0JHrLzET__SUBQJrCA02Pe1VqU.jpg", "createdAt": 1442661519, "prefix": "https://igx.4sqi.net/img/general/", "width": 960, "height": 540}, "createdAt": 1442661517, "todo": {"count": 0}, "agreeCount": 0, "likes": {"groups": [], "count": 0}, "id": "55fd448d498e912ed9d788fd", "text": "Magic mushrooms, roast duck, beef steak, big dandy burger...All well cooked by ex Hyatt chef!", "disagreeCount": 0, "user": {"gender": "male", "id": "99539465", "photo": {"prefix": "https://igx.4sqi.net/img/user/", "suffix": "/99539465-X1OOOUWVHC5VCIQ2.jpg"}, "firstName": "Lee", "lastName": "Soon Guan"}, "canonicalUrl": "https://foursquare.com/item/55fd448d498e912ed9d788fd", "type": "user", "photourl": "https://igx.4sqi.net/img/general/original/99539465_ZO7CeqE9Fq5qyDLAi0JHrLzET__SUBQJrCA02Pe1VqU.jpg"}, {"logView": true, "lang": "en", "createdAt": 1315717537, "agreeCount": 0, "likes": {"groups": [{"items": [], "count": 1, "type": "others"}], "summary": "1 like", "count": 1}, "id": "4e6c41a1d4c09a17a587adde", "text": "ice lemon tea here is good.", "type": "user", "user": {"gender": "male", "id": "138834", "photo": {"prefix": "https://igx.4sqi.net/img/user/", "suffix": "/138834-3WYPLZN22DBGUE5Z.jpg"}, "firstName": "Julian", "lastName": "Lim"}, "canonicalUrl": "https://foursquare.com/item/4e6c41a1d4c09a17a587adde", "todo": {"count": 0}, "disagreeCount": 0}, {"logView": true, "lang": "en", "createdAt": 1396702266, "agreeCount": 0, "likes": {"groups": [], "count": 0}, "id": "533ffc3a11d2e09061b548c3", "text": "Magic mushroom is superb. Steak and hamburger is great. Pity not enough service staff.", "type": "user", "user": {"gender": "male", "id": "82364765", "photo": {"prefix": "https://igx.4sqi.net/img/user/", "suffix": "/82364765-Q1YTB4OB2ANYW1HF.jpg"}, "firstName": "Lee", "lastName": "Soon Guan"}, "canonicalUrl": "https://foursquare.com/item/533ffc3a11d2e09061b548c3", "todo": {"count": 0}, "disagreeCount": 0}, {"logView": true, "lang": "en", "createdAt": 1390143798, "agreeCount": 0, "likes": {"groups": [], "count": 0}, "id": "52dbe936498efea1a00b6ceb", "text": "Fruit tea is good. Try it!", "type": "user", "user": {"gender": "male", "id": "284588", "photo": {"prefix": "https://igx.4sqi.net/img/user/", "suffix": "/284588-VWGGWPBTZADX4OPN.jpg"}, "firstName": "Nicholas", "lastName": "Goh"}, "canonicalUrl": "https://foursquare.com/item/52dbe936498efea1a00b6ceb", "todo": {"count": 0}, "disagreeCount": 0}, {"authorInteractionType": "liked", "logView": true, "lang": "en", "createdAt": 1354104347, "agreeCount": 0, "likes": {"groups": [], "count": 0}, "id": "50b5fe1be4b04756f63a68c6", "text": "The Salmon Steak is fantastic! Very good and balanced taste profile. The Cajun boneless chicken too!", "type": "user", "user": {"gender": "male", "id": "1589670", "photo": {"prefix": "https://igx.4sqi.net/img/user/", "suffix": "/1589670-XXKNJRVFD53LZBEI.jpg"}, "firstName": "Ronald", "lastName": "Ip"}, "canonicalUrl": "https://foursquare.com/item/50b5fe1be4b04756f63a68c6", "todo": {"count": 0}, "disagreeCount": 0}, {"authorInteractionType": "liked", "logView": true, "lang": "en", "createdAt": 1393078898, "agreeCount": 0, "likes": {"groups": [], "count": 0}, "id": "5308b27211d2a9634eb2e6d3", "text": "Oxtail Stew is fantastic!", "type": "user", "user": {"gender": "male", "id": "1589670", "photo": {"prefix": "https://igx.4sqi.net/img/user/", "suffix": "/1589670-XXKNJRVFD53LZBEI.jpg"}, "firstName": "Ronald", "lastName": "Ip"}, "canonicalUrl": "https://foursquare.com/item/5308b27211d2a9634eb2e6d3", "todo": {"count": 0}, "disagreeCount": 0}, {"authorInteractionType": "liked", "logView": true, "lang": "en", "createdAt": 1403973117, "agreeCount": 0, "likes": {"groups": [], "count": 0}, "id": "53aeedfd498e4f91ebdf470e", "text": "Great food!", "type": "user", "user": {"gender": "male", "id": "552025", "photo": {"prefix": "https://igx.4sqi.net/img/user/", "suffix": "/JNV3Q20T2BEHJO3E.jpg"}, "firstName": "Brandon", "lastName": "Lee"}, "canonicalUrl": "https://foursquare.com/item/53aeedfd498e4f91ebdf470e", "todo": {"count": 0}, "disagreeCount": 0}], "count": 22}}}