{"meta": {"code": 200, "requestId": "595a55889fb6b77be264f8f1"}, "response": {"tips": {"items": [{"logView": true, "lang": "en", "createdAt": 1311417938, "agreeCount": 1, "likes": {"groups": [{"items": [{"gender": "male", "id": "4244013", "photo": {"prefix": "https://igx.4sqi.net/img/user/", "suffix": "/X5TLT5CA5CTDYV44.jpg"}, "firstName": "Kevin", "lastName": "Goh"}], "count": 1, "type": "others"}], "summary": "1 like", "count": 1}, "id": "4e2aa652e4cd3bc1668c1e1b", "text": "Ngo Hiang is fresh and tasty", "type": "user", "user": {"gender": "male", "id": "491348", "photo": {"prefix": "https://igx.4sqi.net/img/user/", "suffix": "/J0N1DWJ2GSA0ZWGX.jpg"}, "firstName": "Benedict", "lastName": "Low"}, "canonicalUrl": "https://foursquare.com/item/4e2aa652e4cd3bc1668c1e1b", "todo": {"count": 1}, "disagreeCount": 0}, {"authorInteractionType": "liked", "logView": true, "lang": "en", "createdAt": 1414671439, "agreeCount": 0, "likes": {"groups": [], "count": 0}, "id": "54522c4f498ea1834656c078", "text": "Po.piah..frog porridge,fish head steamboat,stingray", "type": "user", "user": {"id": "6998332", "photo": {"prefix": "https://igx.4sqi.net/img/user/", "suffix": "/BP3MH2JSMBABXGAJ.jpg"}, "firstName": "Martin", "gender": "male"}, "canonicalUrl": "https://foursquare.com/item/54522c4f498ea1834656c078", "todo": {"count": 0}, "disagreeCount": 0}, {"authorInteractionType": "liked", "logView": true, "lang": "en", "createdAt": 1497704122, "agreeCount": 0, "likes": {"groups": [], "count": 0}, "id": "594526ba829b0c1e106baaae", "text": "Frog porridge is good", "type": "user", "user": {"id": "58048026", "photo": {"prefix": "https://igx.4sqi.net/img/user/", "suffix": "/LMVDYUC01MS1AMGE.jpg"}, "firstName": "P Y", "gender": "male"}, "canonicalUrl": "https://foursquare.com/item/594526ba829b0c1e106baaae", "todo": {"count": 0}, "disagreeCount": 0}, {"logView": true, "lang": "en", "createdAt": 1264607197, "agreeCount": 0, "likes": {"groups": [{"items": [], "count": 1, "type": "others"}], "summary": "1 like", "count": 1}, "id": "4b605fdd70c603bb0aef90b4", "text": "Great minced meat noodle.", "type": "user", "user": {"gender": "male", "id": "290075", "photo": {"prefix": "https://igx.4sqi.net/img/user/", "suffix": "/Q0LXUBM5FZ0H5YQZ.jpg"}, "firstName": "Mike", "lastName": "Han"}, "canonicalUrl": "https://foursquare.com/item/4b605fdd70c603bb0aef90b4", "todo": {"count": 0}, "disagreeCount": 0}, {"logView": true, "lang": "en", "createdAt": 1294828467, "agreeCount": 0, "likes": {"groups": [], "count": 0}, "id": "4d2d83b388e23704974b3ac7", "text": "The frog porridge is damn nice ! Is a must try ! :)", "type": "user", "user": {"gender": "female", "id": "4524595", "photo": {"prefix": "https://igx.4sqi.net/img/user/", "suffix": "/4524595-IIVSKGJYFGJWR0YT.jpg"}, "firstName": "Vivian", "lastName": "Tan"}, "canonicalUrl": "https://foursquare.com/item/4d2d83b388e23704974b3ac7", "todo": {"count": 0}, "disagreeCount": 0}, {"logView": true, "lang": "en", "createdAt": 1290961335, "agreeCount": 0, "likes": {"groups": [], "count": 0}, "id": "4cf281b76c29236ae7e06ba2", "text": "Nice chicken curry with toasted crispy French loafs!", "type": "user", "user": {"gender": "female", "id": "2865281", "photo": {"prefix": "https://igx.4sqi.net/img/user/", "suffix": "/CQ2SRZMKRS01PQS5.jpg"}, "firstName": "Jas.", "lastName": "L."}, "canonicalUrl": "https://foursquare.com/item/4cf281b76c29236ae7e06ba2", "todo": {"count": 0}, "disagreeCount": 0}, {"logView": true, "lang": "en", "photo": {"id": "567fac2f498e977a9ea9c25d", "visibility": "public", "source": {"name": "Foursquare for iOS", "url": "https://foursquare.com/download/#/iphone"}, "suffix": "/3107040_EzJKMYJ0H__USJ8q6ZSl3vyCJu9LCcb_GaWe3dZRiUs.jpg", "createdAt": 1451207727, "prefix": "https://igx.4sqi.net/img/general/", "width": 1920, "height": 1440}, "createdAt": 1451207723, "todo": {"count": 0}, "agreeCount": 0, "likes": {"groups": [], "count": 0}, "id": "567fac2b498edf2fc991f490", "text": "Try the Hokkien mee , ORLUA ANS WHITE CARROT CAKE!!! SATAY AND BBQ WINGS", "disagreeCount": 0, "user": {"gender": "female", "id": "3107040", "photo": {"prefix": "https://igx.4sqi.net/img/user/", "suffix": "/3107040-V5LQUHXI1KEHNOMN.jpg"}, "firstName": "Poyo", "lastName": "San"}, "canonicalUrl": "https://foursquare.com/item/567fac2b498edf2fc991f490", "type": "user", "photourl": "https://igx.4sqi.net/img/general/original/3107040_EzJKMYJ0H__USJ8q6ZSl3vyCJu9LCcb_GaWe3dZRiUs.jpg"}, {"logView": true, "lang": "en", "createdAt": 1410380972, "todo": {"count": 0}, "agreeCount": 1, "likes": {"groups": [], "count": 0}, "lastVoteText": "Upvoted May 1", "id": "5410b4ac498e934a63db689e", "text": "CTE exit AMK Ave 5, turn left & left to stopover at this big carpark in front of big coffee shop for a quickie kopi break. Good variety of kopi break snacks here (Popiah, Rojak, Dim Sum, Ngor Hiang).", "disagreeCount": 0, "lastUpvoteTimestamp": 1493631392, "user": {"gender": "female", "id": "6306884", "photo": {"prefix": "https://igx.4sqi.net/img/user/", "suffix": "/6306884-L21LWV3MMZFIVU5F"}, "firstName": "Jess", "lastName": "Thia"}, "canonicalUrl": "https://foursquare.com/item/5410b4ac498e934a63db689e", "type": "user"}, {"logView": true, "lang": "en", "createdAt": 1290603405, "agreeCount": 0, "likes": {"groups": [], "count": 0}, "id": "4ced0b8d8604a1cdb304f0c0", "text": "Their special homemade deep-fried  beancurd is a must try. My family ordered second servings!", "type": "user", "user": {"gender": "female", "id": "4209359", "photo": {"prefix": "https://igx.4sqi.net/img/user/", "suffix": "/5E0RKYUJQBOICORE.jpg"}, "firstName": "Stephanie", "lastName": "Tan"}, "canonicalUrl": "https://foursquare.com/item/4ced0b8d8604a1cdb304f0c0", "todo": {"count": 0}, "disagreeCount": 0}, {"logView": true, "lang": "en", "createdAt": 1287319671, "agreeCount": 0, "likes": {"groups": [], "count": 0}, "id": "4cbaf0774495721eacdf527a", "text": "Love their soup n golden mushrooms! If rice is too heavy for u, they even haf vermicelli as an option! Yumz!", "type": "user", "user": {"gender": "female", "id": "4020848", "photo": {"prefix": "https://igx.4sqi.net/img/user/", "suffix": "/4020848-5PJFHLHQR3ONFZ4N"}, "firstName": "Ashley", "lastName": "Goh"}, "canonicalUrl": "https://foursquare.com/item/4cbaf0774495721eacdf527a", "todo": {"count": 0}, "disagreeCount": 0}, {"authorInteractionType": "meh", "logView": true, "lang": "en", "createdAt": 1376292537, "agreeCount": 0, "likes": {"groups": [], "count": 0}, "id": "52088eb911d272bd61dcc6e7", "text": "Not bad either .. Can try...", "type": "user", "user": {"gender": "male", "id": "4909139", "photo": {"prefix": "https://igx.4sqi.net/img/user/", "suffix": "/4909139-AAXHAN052MBGNBW3.jpg"}, "firstName": "\u30b8\u30e3\u30c3\u30ad\u30fc", "lastName": "\u30bf\u30f3"}, "canonicalUrl": "https://foursquare.com/item/52088eb911d272bd61dcc6e7", "todo": {"count": 0}, "disagreeCount": 0}, {"logView": true, "lang": "en", "photo": {"id": "56c73a1d498e6c006bd72949", "visibility": "public", "source": {"name": "Swarm for iOS", "url": "https://www.swarmapp.com"}, "suffix": "/46819999_-2rknkrj9iZ6wuN9hYwuECeftBOl5oOx2O861QeX8w0.jpg", "createdAt": 1455897117, "prefix": "https://igx.4sqi.net/img/general/", "width": 1440, "height": 1440}, "createdAt": 1455897117, "todo": {"count": 0}, "agreeCount": 2, "likes": {"groups": [{"items": [], "count": 1, "type": "others"}], "summary": "1 like", "count": 1}, "lastVoteText": "Upvoted May 10", "id": "56c73a1d498e6c006bd7294a", "text": "Satay not consistent,gravy was slightly rancid\ud83d\ude01rojak rather small for their portions\ud83d\ude01not all the fried fritters stuff r nice bee hoon & Chilli sauce is acceptable\ud83d\ude01chicken wings also not consistent", "disagreeCount": 0, "lastUpvoteTimestamp": 1494415926, "user": {"gender": "male", "id": "46819999", "photo": {"prefix": "https://igx.4sqi.net/img/user/", "suffix": "/46819999-SSI3RGKO3VGGBRWU.jpg"}, "firstName": "Vincent", "lastName": "Ang"}, "canonicalUrl": "https://foursquare.com/item/56c73a1d498e6c006bd7294a", "type": "user", "photourl": "https://igx.4sqi.net/img/general/original/46819999_-2rknkrj9iZ6wuN9hYwuECeftBOl5oOx2O861QeX8w0.jpg"}, {"logView": true, "lang": "en", "createdAt": 1326548853, "agreeCount": 0, "likes": {"groups": [], "count": 0}, "id": "4f118775e4b0d3f8a5799249", "text": "Chicken wings and satay...YUMMY!", "type": "user", "user": {"gender": "female", "id": "3919840", "photo": {"prefix": "https://igx.4sqi.net/img/user/", "suffix": "/3919840-PO1WTPFC0T00SV5G.jpg"}, "firstName": "chunxiu", "lastName": "ong"}, "canonicalUrl": "https://foursquare.com/item/4f118775e4b0d3f8a5799249", "todo": {"count": 0}, "disagreeCount": 0}, {"logView": true, "lang": "en", "createdAt": 1299675762, "agreeCount": 0, "likes": {"groups": [], "count": 0}, "id": "4d777a727484b60cecc73cd9", "text": "The steam boat fish is good.", "type": "user", "user": {"gender": "male", "id": "3636445", "photo": {"prefix": "https://igx.4sqi.net/img/user/", "suffix": "/ZOYTDSICA03YT25F.jpg"}, "firstName": "Harold", "lastName": "Wong"}, "canonicalUrl": "https://foursquare.com/item/4d777a727484b60cecc73cd9", "todo": {"count": 0}, "disagreeCount": 0}, {"logView": true, "lang": "en", "createdAt": 1320734498, "agreeCount": 0, "likes": {"groups": [], "count": 0}, "id": "4eb8cf2293ad23657196b4da", "text": "This coffeeshop eats people's money number 1 man! 1 can of soft drinks cost 1.70, expensive much?", "type": "user", "user": {"id": "9342374", "photo": {"prefix": "https://igx.4sqi.net/img/user/", "suffix": "/9342374-GRUX5CIDNWBCNIOX.jpg"}, "firstName": "Michelle", "gender": "female"}, "canonicalUrl": "https://foursquare.com/item/4eb8cf2293ad23657196b4da", "todo": {"count": 0}, "disagreeCount": 0}, {"logView": true, "lang": "en", "createdAt": 1295007977, "agreeCount": 0, "likes": {"groups": [], "count": 0}, "id": "4d3040e910e9b1f7c707b9f1", "text": "Very nice frog legs porridge served by friendly staffs. Hard to find good service nowadays. Drinks auntie as usual got a \"owe me 1 million dollars\" face", "type": "user", "user": {"gender": "male", "id": "5817805", "photo": {"prefix": "https://igx.4sqi.net/img/user/", "suffix": "/OFA3NGXTAKJYUSQW.jpg"}, "firstName": "Edwin", "lastName": "Kwek"}, "canonicalUrl": "https://foursquare.com/item/4d3040e910e9b1f7c707b9f1", "todo": {"count": 0}, "disagreeCount": 0}, {"logView": true, "lang": "en", "createdAt": 1368103399, "agreeCount": 0, "likes": {"groups": [], "count": 0}, "id": "518b99e7498e8c5313ca4c83", "text": "LavaRock is good ~", "type": "user", "user": {"gender": "male", "id": "6164892", "photo": {"prefix": "https://igx.4sqi.net/img/user/", "suffix": "/0F23F5525EI5LKK0.jpg"}, "firstName": "Barry", "lastName": "Heng"}, "canonicalUrl": "https://foursquare.com/item/518b99e7498e8c5313ca4c83", "todo": {"count": 0}, "disagreeCount": 0}, {"logView": true, "lang": "en", "createdAt": 1298289417, "agreeCount": 0, "likes": {"groups": [], "count": 0}, "id": "4d625309d7206ea803b209f2", "text": "Frog porridge n Wu Xiang is nice n gd...", "type": "user", "user": {"gender": "male", "id": "5183394", "photo": {"prefix": "https://igx.4sqi.net/img/user/", "suffix": "/MGGELFIZGPWSGHDW.jpg"}, "firstName": "Tommy", "lastName": "Devilin"}, "canonicalUrl": "https://foursquare.com/item/4d625309d7206ea803b209f2", "todo": {"count": 0}, "disagreeCount": 0}, {"logView": true, "lang": "en", "createdAt": 1369315604, "agreeCount": 0, "likes": {"groups": [], "count": 0}, "id": "519e1914498e4bab672d8814", "text": "The soup lousy!!!", "type": "user", "user": {"gender": "male", "id": "4555426", "photo": {"prefix": "https://igx.4sqi.net/img/user/", "suffix": "/WRDVYCXDU4CEJUR1.jpg"}, "firstName": "JUDE", "lastName": "ANG"}, "canonicalUrl": "https://foursquare.com/item/519e1914498e4bab672d8814", "todo": {"count": 0}, "disagreeCount": 0}, {"logView": true, "lang": "en", "createdAt": 1308492277, "agreeCount": 0, "likes": {"groups": [{"items": [], "count": 2, "type": "others"}], "summary": "2 likes", "count": 2}, "id": "4dfe01f5149599f28fcfef62", "text": "Frog porridge is as good as the one in Geylang", "type": "user", "user": {"id": "5683928", "photo": {"prefix": "https://igx.4sqi.net/img/user/", "suffix": "/T5H3SDF20YSFJJ0X.jpg"}, "firstName": "Yappily", "gender": "male"}, "canonicalUrl": "https://foursquare.com/item/4dfe01f5149599f28fcfef62", "todo": {"count": 0}, "disagreeCount": 0}, {"logView": true, "lang": "en", "createdAt": 1285757809, "agreeCount": 0, "likes": {"groups": [{"items": [], "count": 1, "type": "others"}], "summary": "1 like", "count": 1}, "id": "4ca31b71750ca093cda41567", "text": "the good tasting popiah is back again. must try.", "type": "user", "user": {"gender": "male", "id": "3133605", "photo": {"prefix": "https://igx.4sqi.net/img/user/", "suffix": "/3YNON2KCKWVOQKDK.jpg"}, "firstName": "Melvin", "lastName": "Tan"}, "canonicalUrl": "https://foursquare.com/item/4ca31b71750ca093cda41567", "todo": {"count": 0}, "disagreeCount": 0}, {"logView": true, "lang": "en", "createdAt": 1314630846, "agreeCount": 1, "likes": {"groups": [], "count": 0}, "id": "4e5bacbe483b865169fb60f0", "text": "the \u4e94\u9999 ngoh hiang here is the best in Singapore. I can have it for all 3 meals a day.", "type": "user", "user": {"gender": "male", "id": "4244013", "photo": {"prefix": "https://igx.4sqi.net/img/user/", "suffix": "/X5TLT5CA5CTDYV44.jpg"}, "firstName": "Kevin", "lastName": "Goh"}, "canonicalUrl": "https://foursquare.com/item/4e5bacbe483b865169fb60f0", "todo": {"count": 0}, "disagreeCount": 0}, {"logView": true, "lang": "en", "createdAt": 1336831091, "agreeCount": 0, "likes": {"groups": [], "count": 0}, "id": "4fae6c73e4b0fc5eaae816ee", "text": "Meng seafood the best our specialities", "type": "user", "user": {"gender": "male", "id": "12252698", "photo": {"prefix": "https://igx.4sqi.net/img/user/", "suffix": "/FIYAITQI0JMPIZ1I.jpg"}, "firstName": "Leo", "lastName": "Tommy"}, "canonicalUrl": "https://foursquare.com/item/4fae6c73e4b0fc5eaae816ee", "todo": {"count": 0}, "disagreeCount": 0}, {"logView": true, "lang": "en", "createdAt": 1293105661, "agreeCount": 0, "likes": {"groups": [], "count": 0}, "id": "4d1339fd80f6721ed0411deb", "text": "Nice BBQ stingray! Got to try!", "type": "user", "user": {"gender": "female", "id": "3926187", "photo": {"prefix": "https://igx.4sqi.net/img/user/", "suffix": "/RDGB2EWPH5D1V2GI.jpg"}, "firstName": "Sharin", "lastName": "Keong"}, "canonicalUrl": "https://foursquare.com/item/4d1339fd80f6721ed0411deb", "todo": {"count": 0}, "disagreeCount": 0}, {"logView": true, "lang": "en", "createdAt": 1336831153, "agreeCount": 0, "likes": {"groups": [], "count": 0}, "id": "4fae6cb1e4b0771d8287cc6a", "text": "Meng seafood the best thanks for all the support", "type": "user", "user": {"gender": "male", "id": "12252698", "photo": {"prefix": "https://igx.4sqi.net/img/user/", "suffix": "/FIYAITQI0JMPIZ1I.jpg"}, "firstName": "Leo", "lastName": "Tommy"}, "canonicalUrl": "https://foursquare.com/item/4fae6cb1e4b0771d8287cc6a", "todo": {"count": 0}, "disagreeCount": 0}, {"logView": true, "lang": "en", "createdAt": 1324653076, "agreeCount": 0, "likes": {"groups": [], "count": 0}, "id": "4ef49a14f9ab42ef2f6b5353", "text": "The tzi char store serving is either too small or they have too big plates that make the servings look pathetic..", "type": "user", "user": {"gender": "female", "id": "4136657", "photo": {"prefix": "https://igx.4sqi.net/img/user/", "suffix": "/344DU2N5KT2ESDE5.jpg"}, "firstName": "Jastina", "lastName": "Lim"}, "canonicalUrl": "https://foursquare.com/item/4ef49a14f9ab42ef2f6b5353", "todo": {"count": 0}, "disagreeCount": 0}, {"logView": true, "lang": "en", "createdAt": 1291992624, "agreeCount": 0, "likes": {"groups": [], "count": 0}, "id": "4d023e303c89b60c05c6658f", "text": "Love the frog leg porridge, fish head steamboat and Wu Xiang Prawn Crackers.", "type": "user", "user": {"gender": "female", "id": "4337842", "photo": {"prefix": "https://igx.4sqi.net/img/user/", "suffix": "/Z5MUE1DKY2HX40I3.jpg"}, "firstName": "Chris", "lastName": "Chua"}, "canonicalUrl": "https://foursquare.com/item/4d023e303c89b60c05c6658f", "todo": {"count": 0}, "disagreeCount": 0}, {"authorInteractionType": "liked", "logView": true, "lang": "en", "createdAt": 1497704176, "agreeCount": 0, "likes": {"groups": [], "count": 0}, "id": "594526f0826444266814ddea", "text": "Frog porridge and BBQ stingray", "type": "user", "user": {"id": "58048026", "photo": {"prefix": "https://igx.4sqi.net/img/user/", "suffix": "/LMVDYUC01MS1AMGE.jpg"}, "firstName": "P Y", "gender": "male"}, "canonicalUrl": "https://foursquare.com/item/594526f0826444266814ddea", "todo": {"count": 0}, "disagreeCount": 0}, {"logView": true, "lang": "en", "createdAt": 1309693812, "agreeCount": 1, "likes": {"groups": [{"items": [{"gender": "female", "id": "3816168", "photo": {"prefix": "https://igx.4sqi.net/img/user/", "suffix": "/XHXMWPS5LPVE2YLO.jpg"}, "firstName": "Vanessa", "lastName": "Tan"}], "count": 1, "type": "others"}], "summary": "1 like", "count": 1}, "id": "4e10577445dde6c62dc977a2", "text": "Meng Seafood's Fish head steam is good value for money.", "type": "user", "user": {"gender": "male", "id": "4649789", "photo": {"prefix": "https://igx.4sqi.net/img/user/", "suffix": "/KYKENSKJUI2YK4CU.jpg"}, "firstName": "Shaun", "lastName": "Lee"}, "canonicalUrl": "https://foursquare.com/item/4e10577445dde6c62dc977a2", "todo": {"count": 0}, "disagreeCount": 0}, {"logView": true, "lang": "en", "createdAt": 1335355082, "agreeCount": 0, "likes": {"groups": [], "count": 0}, "id": "4f97e6cae4b0bae92693ff63", "text": "Very nice steamboat", "type": "user", "user": {"gender": "female", "id": "26295629", "photo": {"prefix": "https://igx.4sqi.net/img/user/", "default": true, "suffix": "/blank_girl.png"}, "firstName": "Jennifer", "lastName": "Chew"}, "canonicalUrl": "https://foursquare.com/item/4f97e6cae4b0bae92693ff63", "todo": {"count": 0}, "disagreeCount": 0}, {"logView": true, "lang": "en", "createdAt": 1284120583, "agreeCount": 0, "likes": {"groups": [], "count": 0}, "id": "4c8a2007770fb60cd37acfc3", "text": "Try the frog porridge and the chicken wings!", "type": "user", "user": {"gender": "male", "id": "335768", "photo": {"prefix": "https://igx.4sqi.net/img/user/", "suffix": "/335768-R2KJP5BK2VZ1NEZB.jpg"}, "firstName": "Yan Yi", "lastName": "Goh"}, "canonicalUrl": "https://foursquare.com/item/4c8a2007770fb60cd37acfc3", "todo": {"count": 2}, "disagreeCount": 0}, {"logView": true, "lang": "en", "createdAt": 1269088943, "agreeCount": 0, "likes": {"groups": [], "count": 0}, "id": "4ba4c2af70c603bbe21595b4", "text": "Very nice barbecued chicken wings", "type": "user", "user": {"id": "295528", "photo": {"prefix": "https://igx.4sqi.net/img/user/", "suffix": "/VOEDSRTCHYF2TF5V.jpg"}, "firstName": "Alan", "gender": "male"}, "canonicalUrl": "https://foursquare.com/item/4ba4c2af70c603bbe21595b4", "todo": {"count": 0}, "disagreeCount": 0}, {"logView": true, "lang": "en", "createdAt": 1287921441, "agreeCount": 0, "likes": {"groups": [], "count": 0}, "id": "4cc41f21b2beb1f726e51a4c", "text": "Geylang lorong 9 frog porridge and grilled sting ray worth the try for very good seafood", "type": "user", "user": {"gender": "female", "id": "2858597", "photo": {"prefix": "https://igx.4sqi.net/img/user/", "suffix": "/NVFXW04DQUU1EE3A.jpg"}, "firstName": "Adeline", "lastName": "Chung"}, "canonicalUrl": "https://foursquare.com/item/4cc41f21b2beb1f726e51a4c", "todo": {"count": 0}, "disagreeCount": 0}, {"logView": true, "lang": "en", "createdAt": 1305900896, "agreeCount": 0, "likes": {"groups": [], "count": 0}, "id": "4dd6776045ddced8206de2fc", "text": "Fish head steamboat is good", "type": "user", "user": {"id": "3677448", "photo": {"prefix": "https://igx.4sqi.net/img/user/", "suffix": "/3677448-S0WQODRN3Z21IKNM.jpg"}, "firstName": "@--@", "gender": "male"}, "canonicalUrl": "https://foursquare.com/item/4dd6776045ddced8206de2fc", "todo": {"count": 0}, "disagreeCount": 0}, {"logView": true, "lang": "en", "createdAt": 1293888868, "agreeCount": 0, "likes": {"groups": [], "count": 0}, "id": "4d1f2d646e8c3704c46aee9f", "text": "Frog legs porridge!", "type": "user", "user": {"gender": "female", "id": "1258393", "photo": {"prefix": "https://igx.4sqi.net/img/user/", "suffix": "/GX1QZHMUX1DEGSJP.jpg"}, "firstName": "Sheena", "lastName": "Tan"}, "canonicalUrl": "https://foursquare.com/item/4d1f2d646e8c3704c46aee9f", "todo": {"count": 0}, "disagreeCount": 0}, {"logView": true, "lang": "en", "createdAt": 1308728198, "agreeCount": 0, "likes": {"groups": [], "count": 0}, "id": "4e019b86aeb76b6109888a66", "text": "Mee goreng!", "type": "user", "user": {"gender": "male", "id": "6565858", "photo": {"prefix": "https://igx.4sqi.net/img/user/", "suffix": "/OGFL2M41LRZLGEDP.jpg"}, "firstName": "Joseph", "lastName": "Jocular"}, "canonicalUrl": "https://foursquare.com/item/4e019b86aeb76b6109888a66", "todo": {"count": 0}, "disagreeCount": 0}, {"logView": true, "lang": "en", "createdAt": 1396616793, "agreeCount": 0, "likes": {"groups": [], "count": 0}, "id": "533eae59498e0a96269ec5b7", "text": "I would recommend the popiah and the ngor hiang at this S11", "type": "user", "user": {"gender": "male", "id": "29909495", "photo": {"prefix": "https://igx.4sqi.net/img/user/", "suffix": "/QDDY0BLHH5YHLU3D.jpg"}, "firstName": "Richard", "lastName": "Lim Jr"}, "canonicalUrl": "https://foursquare.com/item/533eae59498e0a96269ec5b7", "todo": {"count": 0}, "disagreeCount": 0}, {"logView": true, "lang": "en", "createdAt": 1287314110, "agreeCount": 2, "likes": {"groups": [{"items": [{"gender": "female", "id": "14000200", "photo": {"prefix": "https://igx.4sqi.net/img/user/", "default": true, "suffix": "/blank_girl.png"}, "firstName": "Silvia", "lastName": "Herina"}, {"gender": "male", "id": "17676593", "photo": {"prefix": "https://igx.4sqi.net/img/user/", "suffix": "/NQGV0TCRJ0ZGFYT4.jpg"}, "firstName": "Lawrence", "lastName": "Fernandez"}], "count": 2, "type": "others"}], "summary": "2 likes", "count": 2}, "id": "4cbadabed78f46883a43bf73", "text": "Try their fish steamboat! Yummy soup base with side orders like golden mushrooms!", "type": "user", "user": {"gender": "female", "id": "1422859", "photo": {"prefix": "https://igx.4sqi.net/img/user/", "suffix": "/AFAD5CLFWVOT2AF5.jpg"}, "firstName": "Faith", "lastName": "Chua"}, "canonicalUrl": "https://foursquare.com/item/4cbadabed78f46883a43bf73", "todo": {"count": 0}, "disagreeCount": 0}, {"logView": true, "lang": "en", "createdAt": 1296140053, "agreeCount": 0, "likes": {"groups": [], "count": 0}, "id": "4d4187151bd2a1433b6dfe7c", "text": "Frog porridge!", "type": "user", "user": {"gender": "female", "id": "5904371", "photo": {"prefix": "https://igx.4sqi.net/img/user/", "suffix": "/KBV5V3BVQH2IFJFU.jpg"}, "firstName": "Shirleen", "lastName": "Heng"}, "canonicalUrl": "https://foursquare.com/item/4d4187151bd2a1433b6dfe7c", "todo": {"count": 2}, "disagreeCount": 0}, {"authorInteractionType": "liked", "logView": true, "lang": "en", "createdAt": 1262519370, "agreeCount": 0, "likes": {"groups": [], "count": 0}, "id": "4b40844a70c603bbd0bf8fb4", "text": "Good frog porridge, good satay, good BBQ stingray", "type": "user", "user": {"gender": "male", "id": "129050", "photo": {"prefix": "https://igx.4sqi.net/img/user/", "suffix": "/IJUBQJKSM52HLQXA.jpg"}, "firstName": "Colin", "lastName": "Quek"}, "canonicalUrl": "https://foursquare.com/item/4b40844a70c603bbd0bf8fb4", "todo": {"count": 0}, "disagreeCount": 0}, {"logView": true, "lang": "en", "createdAt": 1349436444, "agreeCount": 0, "likes": {"groups": [], "count": 0}, "id": "506ec41ce4b0a6dae873174f", "text": "The popiah stall auntie is very rude! If u are ordering 1-2pc, she will do her errands 1st, wait for more orders to cme & doing one shot!!! Be prepared to wait at least 10min!!!! I'll NOT patronise !", "type": "user", "user": {"id": "3641874", "photo": {"prefix": "https://igx.4sqi.net/img/user/", "suffix": "/3641874_LRHp4pi3_Pg2HFcGbUD3uYGHuAF27WJgKLemAZSu72EwH_2yCsbk8iQkLk2MNVVcAQnHk33O-.jpg"}, "firstName": "Bear", "gender": "none"}, "canonicalUrl": "https://foursquare.com/item/506ec41ce4b0a6dae873174f", "todo": {"count": 0}, "disagreeCount": 0}], "count": 41}}}