{"meta": {"code": 200, "requestId": "595a4ffa1ed21919fb6fcfe0"}, "response": {"tips": {"items": [{"logView": true, "lang": "en", "createdAt": 1321695600, "agreeCount": 4, "likes": {"groups": [{"items": [{"id": "31352770", "photo": {"prefix": "https://igx.4sqi.net/img/user/", "suffix": "/ZTFJECJYA2CPR00I.jpg"}, "firstName": "Hashim", "gender": "male"}, {"gender": "female", "id": "18104997", "photo": {"prefix": "https://igx.4sqi.net/img/user/", "suffix": "/18104997-EF3ADKAGE0YIO5QP.jpg"}, "firstName": "Naomi", "lastName": "Tam"}, {"id": "846184", "photo": {"prefix": "https://igx.4sqi.net/img/user/", "suffix": "/846184-KGPMZ5GENIAFMTPP"}, "firstName": "D\u00f6na\u0142d \u0295 \u2022\u1d25\u2022\u0294", "gender": "male"}], "count": 4, "type": "others"}], "summary": "4 likes", "count": 4}, "id": "4ec77970be7ba4fc6e6b9885", "text": "I love Fish n' Crisp burger!", "type": "user", "user": {"id": "846184", "photo": {"prefix": "https://igx.4sqi.net/img/user/", "suffix": "/846184-KGPMZ5GENIAFMTPP"}, "firstName": "D\u00f6na\u0142d \u0295 \u2022\u1d25\u2022\u0294", "gender": "male"}, "canonicalUrl": "https://foursquare.com/item/4ec77970be7ba4fc6e6b9885", "todo": {"count": 0}, "disagreeCount": 0}, {"logView": true, "lang": "en", "createdAt": 1412408062, "agreeCount": 0, "likes": {"groups": [], "count": 0}, "id": "542fa2fe498e1126c85e9dda", "text": "You can really build up an appetite while in the queue. But not because of the food.", "type": "user", "user": {"gender": "male", "id": "6746946", "photo": {"prefix": "https://igx.4sqi.net/img/user/", "suffix": "/R11FHTL5SSYDJNK3.jpg"}, "firstName": "Ashley", "lastName": "Tan"}, "canonicalUrl": "https://foursquare.com/item/542fa2fe498e1126c85e9dda", "todo": {"count": 0}, "disagreeCount": 0}, {"logView": true, "lang": "en", "createdAt": 1372587855, "agreeCount": 1, "likes": {"groups": [{"items": [{"id": "31352770", "photo": {"prefix": "https://igx.4sqi.net/img/user/", "suffix": "/ZTFJECJYA2CPR00I.jpg"}, "firstName": "Hashim", "gender": "male"}], "count": 1, "type": "others"}], "summary": "1 like", "count": 1}, "id": "51d0074f498e16046c03676e", "text": "so slow ba", "type": "user", "user": {"id": "35718146", "photo": {"prefix": "https://igx.4sqi.net/img/user/", "suffix": "/35718146_q6g34t5s_kFO4rtVvVnZKhPAHWFKMiAwI5ZklxW1wbi7_5b5y5w8hEIMnUDJNnF4p2x5_gcbg.jpg"}, "firstName": "\ud83c\udf38Winnie\ud83c\udf38", "gender": "female"}, "canonicalUrl": "https://foursquare.com/item/51d0074f498e16046c03676e", "todo": {"count": 0}, "disagreeCount": 0}, {"logView": true, "lang": "en", "createdAt": 1392203684, "agreeCount": 0, "likes": {"groups": [], "count": 0}, "id": "52fb57a4498e76f09272c778", "text": "Retarded with their 2 counter and single queue method. Queue snake all the way out of the restaurant.", "type": "user", "user": {"gender": "male", "id": "1143868", "photo": {"prefix": "https://igx.4sqi.net/img/user/", "suffix": "/LCS4BA0KO25W5G2L.jpg"}, "firstName": "Aryan", "lastName": "Rudran"}, "canonicalUrl": "https://foursquare.com/item/52fb57a4498e76f09272c778", "todo": {"count": 0}, "disagreeCount": 0}, {"logView": true, "lang": "en", "createdAt": 1321695655, "agreeCount": 2, "likes": {"groups": [{"items": [{"gender": "female", "id": "53387443", "photo": {"prefix": "https://igx.4sqi.net/img/user/", "suffix": "/53387443-ZZQVSP2MO4FHQ5BX.jpg"}, "firstName": "Chingyee", "lastName": "\u10da(\u25c9\u25de\u0c6a\u25df\u25c9 )\u10da"}, {"id": "846184", "photo": {"prefix": "https://igx.4sqi.net/img/user/", "suffix": "/846184-KGPMZ5GENIAFMTPP"}, "firstName": "D\u00f6na\u0142d \u0295 \u2022\u1d25\u2022\u0294", "gender": "male"}], "count": 2, "type": "others"}], "summary": "2 likes", "count": 2}, "id": "4ec779a76da1d1092e909e3c", "text": "Black Pepper French Fries! Try it! :)", "type": "user", "user": {"id": "846184", "photo": {"prefix": "https://igx.4sqi.net/img/user/", "suffix": "/846184-KGPMZ5GENIAFMTPP"}, "firstName": "D\u00f6na\u0142d \u0295 \u2022\u1d25\u2022\u0294", "gender": "male"}, "canonicalUrl": "https://foursquare.com/item/4ec779a76da1d1092e909e3c", "todo": {"count": 0}, "disagreeCount": 0}, {"logView": true, "lang": "en", "createdAt": 1327988940, "agreeCount": 0, "likes": {"groups": [], "count": 0}, "id": "4f2780cce4b0c67a18241c85", "text": "$0.50 for 1 vanilla cone!", "type": "user", "user": {"id": "5320082", "photo": {"prefix": "https://igx.4sqi.net/img/user/", "suffix": "/LSTZPZKLEOEVMZLI.jpg"}, "firstName": "alex", "gender": "male"}, "canonicalUrl": "https://foursquare.com/item/4f2780cce4b0c67a18241c85", "todo": {"count": 0}, "disagreeCount": 0}, {"logView": true, "lang": "en", "createdAt": 1317372120, "agreeCount": 0, "likes": {"groups": [], "count": 0}, "id": "4e8580d86da1ec154d15e59d", "text": "Counter slow", "type": "user", "user": {"gender": "none", "id": "5614153", "photo": {"prefix": "https://igx.4sqi.net/img/user/", "suffix": "/HRZ3NFUCQWSOKN32.jpg"}, "firstName": "Stanley", "lastName": "Baybee"}, "canonicalUrl": "https://foursquare.com/item/4e8580d86da1ec154d15e59d", "todo": {"count": 0}, "disagreeCount": 0}, {"logView": true, "lang": "en", "createdAt": 1352686562, "agreeCount": 0, "likes": {"groups": [], "count": 0}, "id": "50a05be2e4b005ec01552e45", "text": "Ask for BBQ sauce!", "type": "user", "user": {"gender": "female", "id": "13747542", "photo": {"prefix": "https://igx.4sqi.net/img/user/", "suffix": "/UAC3N3ZZB0VEHCHQ.jpg"}, "firstName": "Lynette", "lastName": "Lee"}, "canonicalUrl": "https://foursquare.com/item/50a05be2e4b005ec01552e45", "todo": {"count": 0}, "disagreeCount": 0}, {"authorInteractionType": "liked", "logView": true, "lang": "en", "photo": {"id": "5337e730498e4a9768745504", "visibility": "public", "source": {"name": "Foursquare for iOS", "url": "https://foursquare.com/download/#/iphone"}, "suffix": "/6438214_SUpkImz-BzNzF3m3BZwCi6qWMYwBg_AHNHGLmwe2KbY.jpg", "createdAt": 1396172592, "prefix": "https://igx.4sqi.net/img/general/", "width": 720, "height": 720}, "createdAt": 1396172590, "todo": {"count": 0}, "agreeCount": 0, "likes": {"groups": [], "count": 0}, "id": "5337e72e11d2e09061922b3a", "text": "Just had the BK Charcoal Beef. Look different, taste the same. But nicely cooked beef than McDonalds :D", "disagreeCount": 0, "user": {"gender": "male", "id": "6438214", "photo": {"prefix": "https://igx.4sqi.net/img/user/", "suffix": "/6438214-KOAJVUJN225A4VWY.jpg"}, "firstName": "Glen", "lastName": "Chin"}, "canonicalUrl": "https://foursquare.com/item/5337e72e11d2e09061922b3a", "type": "user", "photourl": "https://igx.4sqi.net/img/general/original/6438214_SUpkImz-BzNzF3m3BZwCi6qWMYwBg_AHNHGLmwe2KbY.jpg"}, {"logView": true, "lang": "en", "createdAt": 1376483995, "agreeCount": 0, "likes": {"groups": [], "count": 0}, "id": "520b7a9b11d260950080ec5c", "text": "Counters crawling at the speed of snail!", "type": "user", "user": {"gender": "male", "id": "481864", "photo": {"prefix": "https://igx.4sqi.net/img/user/", "suffix": "/481864-PGTRZOGLRI3WWTLV.jpg"}, "firstName": "Edwin", "lastName": "Ng"}, "canonicalUrl": "https://foursquare.com/item/520b7a9b11d260950080ec5c", "todo": {"count": 0}, "disagreeCount": 0}, {"logView": true, "lang": "en", "createdAt": 1309659185, "agreeCount": 0, "likes": {"groups": [], "count": 0}, "id": "4e0fd03152b1b27c1b94a78c", "text": "E breakfast platter is nt as nice as expected...", "type": "user", "user": {"id": "4103816", "photo": {"prefix": "https://igx.4sqi.net/img/user/", "suffix": "/AQSAXWPH3FINFOCM.jpg"}, "firstName": "Aegis", "gender": "male"}, "canonicalUrl": "https://foursquare.com/item/4e0fd03152b1b27c1b94a78c", "todo": {"count": 0}, "disagreeCount": 0}, {"logView": true, "lang": "en", "createdAt": 1316517833, "agreeCount": 0, "likes": {"groups": [{"items": [], "count": 1, "type": "others"}], "summary": "1 like", "count": 1}, "id": "4e7877c9b0fb305db5d8e3bb", "text": "Glacial speed at counters", "type": "user", "user": {"gender": "male", "id": "3452865", "photo": {"prefix": "https://igx.4sqi.net/img/user/", "suffix": "/GCUNQ0NKXNQ1DIS5.jpg"}, "firstName": "Matthew", "lastName": "Mathiaus"}, "canonicalUrl": "https://foursquare.com/item/4e7877c9b0fb305db5d8e3bb", "todo": {"count": 0}, "disagreeCount": 0}, {"logView": true, "lang": "en", "createdAt": 1287717702, "agreeCount": 0, "likes": {"groups": [], "count": 0}, "id": "4cc10346873c236ae774b623", "text": "The vinila cone is really tasty!@only 50cents", "type": "user", "user": {"gender": "female", "id": "4098154", "photo": {"prefix": "https://igx.4sqi.net/img/user/", "suffix": "/4098154-2UNAQ1SC0K5P3KPE.jpg"}, "firstName": "Cynthia", "lastName": "Sheepy"}, "canonicalUrl": "https://foursquare.com/item/4cc10346873c236ae774b623", "todo": {"count": 0}, "disagreeCount": 0}, {"logView": true, "lang": "en", "createdAt": 1315549136, "agreeCount": 0, "likes": {"groups": [{"items": [], "count": 1, "type": "others"}], "summary": "1 like", "count": 1}, "id": "4e69afd0ae6095095527ec52", "text": "Counter so slow", "type": "user", "user": {"gender": "male", "id": "10140713", "photo": {"prefix": "https://igx.4sqi.net/img/user/", "suffix": "/QBQDM01CS3Y3ASZC.jpg"}, "firstName": "Azhar", "lastName": "White"}, "canonicalUrl": "https://foursquare.com/item/4e69afd0ae6095095527ec52", "todo": {"count": 0}, "disagreeCount": 0}], "count": 14}}}