{"meta": {"code": 200, "requestId": "595a4791dd57972d626f9393"}, "response": {"tips": {"items": [{"logView": true, "lang": "en", "createdAt": 1295174309, "agreeCount": 0, "likes": {"groups": [], "count": 0}, "id": "4d32caa56c7c721e2f94b356", "text": "Cheese brownie me like !!!", "type": "user", "user": {"gender": "female", "id": "5877525", "photo": {"prefix": "https://igx.4sqi.net/img/user/", "suffix": "/R111E0LUDC3SA4X4.jpg"}, "firstName": "jane", "lastName": "jane"}, "canonicalUrl": "https://foursquare.com/item/4d32caa56c7c721e2f94b356", "todo": {"count": 0}, "disagreeCount": 0}, {"logView": true, "lang": "en", "createdAt": 1266030726, "agreeCount": 0, "likes": {"groups": [{"items": [], "count": 4, "type": "others"}], "summary": "4 likes", "count": 4}, "id": "4b76188670c603bb042092b4", "text": "Cheese brownies and royal choc cake are to die for!", "type": "user", "user": {"gender": "female", "id": "364123", "photo": {"prefix": "https://igx.4sqi.net/img/user/", "suffix": "/YRD2IBE34KFM2YGC.jpg"}, "firstName": "LR", "lastName": "Lim"}, "canonicalUrl": "https://foursquare.com/item/4b76188670c603bb042092b4", "todo": {"count": 2}, "disagreeCount": 0}], "count": 2}}}