{"meta": {"code": 200, "requestId": "595a4cd64434b96bff4bcb7a"}, "response": {"tips": {"items": [{"logView": true, "lang": "en", "createdAt": 1286340734, "agreeCount": 0, "likes": {"groups": [], "count": 0}, "id": "4cac007ef47ea1431cca8d21", "text": "Try the \u9c7c\u9762 here! Best arh!!! Soup not oily and their fish noodles are made using real fish paste! Portion a little small but worth the $$! Try it! You won't regret ! 2 thumps up! \ue057", "type": "user", "user": {"gender": "female", "id": "3477045", "photo": {"prefix": "https://igx.4sqi.net/img/user/", "suffix": "/4YYRONVVO2JKRQPX.jpg"}, "firstName": "Sam", "lastName": "Low"}, "canonicalUrl": "https://foursquare.com/item/4cac007ef47ea1431cca8d21", "todo": {"count": 0}, "disagreeCount": 0}, {"logView": true, "lang": "en", "createdAt": 1301745113, "agreeCount": 0, "likes": {"groups": [], "count": 0}, "id": "4d970dd92bd6f04d68324550", "text": "Renovate into high crass zi char restaurant", "type": "user", "user": {"gender": "female", "id": "1369059", "photo": {"prefix": "https://igx.4sqi.net/img/user/", "suffix": "/HPNU1TPPQJHCQGJD.jpg"}, "firstName": "Jennifer", "lastName": "Foo"}, "canonicalUrl": "https://foursquare.com/item/4d970dd92bd6f04d68324550", "todo": {"count": 0}, "disagreeCount": 0}, {"logView": true, "lang": "en", "createdAt": 1297508690, "agreeCount": 0, "likes": {"groups": [], "count": 0}, "id": "4d566952611aa35d51a64039", "text": "Foods not nice and expensive", "type": "user", "user": {"gender": "male", "id": "4976708", "photo": {"prefix": "https://igx.4sqi.net/img/user/", "suffix": "/J3GVYN5J1XCKDHWP.jpg"}, "firstName": "Lim", "lastName": "Mike"}, "canonicalUrl": "https://foursquare.com/item/4d566952611aa35d51a64039", "todo": {"count": 0}, "disagreeCount": 0}, {"logView": true, "lang": "en", "createdAt": 1281785929, "agreeCount": 0, "likes": {"groups": [], "count": 0}, "id": "4c6680497abde21e9f926368", "text": "Ah lam - very decent cooked food!", "type": "user", "user": {"gender": "male", "id": "481526", "photo": {"prefix": "https://igx.4sqi.net/img/user/", "suffix": "/XLJ01LPDZMD3P0NV.jpg"}, "firstName": "whye mun", "lastName": "sun"}, "canonicalUrl": "https://foursquare.com/item/4c6680497abde21e9f926368", "todo": {"count": 0}, "disagreeCount": 0}, {"logView": true, "lang": "en", "createdAt": 1302719658, "agreeCount": 0, "likes": {"groups": [], "count": 0}, "id": "4da5ecaa4df024212d52b7a6", "text": "Try the duck!", "type": "user", "user": {"gender": "female", "id": "1079252", "photo": {"prefix": "https://igx.4sqi.net/img/user/", "suffix": "/HBXX53JPOZBBXME5.jpg"}, "firstName": "Jia An", "lastName": "L."}, "canonicalUrl": "https://foursquare.com/item/4da5ecaa4df024212d52b7a6", "todo": {"count": 0}, "disagreeCount": 0}], "count": 5}}}