{"meta": {"code": 200, "requestId": "595a56be351e3d64b22da198"}, "response": {"tips": {"items": [{"logView": true, "lang": "en", "createdAt": 1291303844, "agreeCount": 0, "likes": {"groups": [], "count": 0}, "id": "4cf7bba41801a1434865f1d4", "text": "Wat the!!! 1 telok bawang $2.30????!!!!!", "type": "user", "user": {"gender": "male", "id": "757853", "photo": {"prefix": "https://igx.4sqi.net/img/user/", "suffix": "/0TBODGMC1TDIY2PW.jpg"}, "firstName": "Aric", "lastName": "Tan"}, "canonicalUrl": "https://foursquare.com/item/4cf7bba41801a1434865f1d4", "todo": {"count": 0}, "disagreeCount": 0}, {"logView": true, "lang": "en", "createdAt": 1278863943, "agreeCount": 0, "likes": {"groups": [{"items": [], "count": 2, "type": "others"}], "summary": "2 likes", "count": 2}, "id": "4c39ea4793db0f47d7232492", "text": "Mee Kuah rocks!!!", "type": "user", "user": {"gender": "male", "id": "757853", "photo": {"prefix": "https://igx.4sqi.net/img/user/", "suffix": "/0TBODGMC1TDIY2PW.jpg"}, "firstName": "Aric", "lastName": "Tan"}, "canonicalUrl": "https://foursquare.com/item/4c39ea4793db0f47d7232492", "todo": {"count": 0}, "disagreeCount": 0}, {"logView": true, "lang": "en", "createdAt": 1299987870, "agreeCount": 0, "likes": {"groups": [], "count": 0}, "id": "4d7c3d9ee04d6ea83e45f8d5", "text": "Nescafe and Teh Tarik berry nice.", "type": "user", "user": {"gender": "male", "id": "2780819", "photo": {"prefix": "https://igx.4sqi.net/img/user/", "suffix": "/B5GJIQL0N5C55H32.jpg"}, "firstName": "Victor", "lastName": "Tai"}, "canonicalUrl": "https://foursquare.com/item/4d7c3d9ee04d6ea83e45f8d5", "todo": {"count": 0}, "disagreeCount": 0}, {"logView": true, "lang": "en", "createdAt": 1364017756, "agreeCount": 1, "likes": {"groups": [{"items": [{"gender": "male", "id": "6625621", "photo": {"prefix": "https://igx.4sqi.net/img/user/", "suffix": "/G0FNLWWV4DWJJGJT.jpg"}, "firstName": "Kenneth", "lastName": "Lim"}], "count": 1, "type": "others"}], "summary": "1 like", "count": 1}, "id": "514d425ce4b067954202f55b", "text": "Very bad service waited for my food for half an hour, my order was vadai. Food here not value for money too expensive and not delicious", "type": "user", "user": {"gender": "male", "id": "8657388", "photo": {"prefix": "https://igx.4sqi.net/img/user/", "suffix": "/SRPVX1B3V45PEBFJ.jpg"}, "firstName": "Gladwin", "lastName": "Tan Wei Hong"}, "canonicalUrl": "https://foursquare.com/item/514d425ce4b067954202f55b", "todo": {"count": 0}, "disagreeCount": 0}, {"authorInteractionType": "liked", "logView": true, "lang": "en", "createdAt": 1354340252, "agreeCount": 0, "likes": {"groups": [], "count": 0}, "id": "50b9979ce4b062ae368c1b43", "text": "Everytime I come here to eat and relax with my families and friends, I ordered Nasi Goreng ikan bilis, it's just sooo delicious !! Come and try!! ;)", "type": "user", "user": {"gender": "male", "id": "41802916", "photo": {"prefix": "https://igx.4sqi.net/img/user/", "suffix": "/VQXBTZHGA0X3TNWJ.jpg"}, "firstName": "Ronalias", "lastName": "Sidek"}, "canonicalUrl": "https://foursquare.com/item/50b9979ce4b062ae368c1b43", "todo": {"count": 0}, "disagreeCount": 0}, {"logView": true, "lang": "en", "createdAt": 1294732931, "agreeCount": 0, "likes": {"groups": [{"items": [], "count": 2, "type": "others"}], "summary": "2 likes", "count": 2}, "id": "4d2c0e83888af04d902ae5af", "text": "The guy likes to run away when I want to place an order wtf", "type": "user", "user": {"gender": "male", "id": "5620113", "photo": {"prefix": "https://igx.4sqi.net/img/user/", "suffix": "/DU1BBJH1ENAVURGP.jpg"}, "firstName": "Kai", "lastName": "G"}, "canonicalUrl": "https://foursquare.com/item/4d2c0e83888af04d902ae5af", "todo": {"count": 0}, "disagreeCount": 0}, {"logView": true, "lang": "en", "createdAt": 1303643117, "agreeCount": 0, "likes": {"groups": [], "count": 0}, "id": "4db403ed6a23c31a030e7e25", "text": "Mee Tom Yam is good while the briyani is average i wud say. The drinks are ok..", "type": "user", "user": {"gender": "male", "id": "8832066", "photo": {"prefix": "https://igx.4sqi.net/img/user/", "suffix": "/S5GVP4PDHAOAH1GX.jpg"}, "firstName": "Louis", "lastName": "Firdaus"}, "canonicalUrl": "https://foursquare.com/item/4db403ed6a23c31a030e7e25", "todo": {"count": 0}, "disagreeCount": 0}, {"authorInteractionType": "liked", "logView": true, "lang": "en", "createdAt": 1361794675, "agreeCount": 0, "likes": {"groups": [], "count": 0}, "id": "512b5673e4b07aedd60a53bc", "text": "Service is slow", "type": "user", "user": {"id": "26379335", "photo": {"prefix": "https://igx.4sqi.net/img/user/", "suffix": "/26379335-TDORH5VL3HOM20KX.jpg"}, "firstName": "Kalanamith", "gender": "male"}, "canonicalUrl": "https://foursquare.com/item/512b5673e4b07aedd60a53bc", "todo": {"count": 0}, "disagreeCount": 0}, {"logView": true, "lang": "en", "createdAt": 1420804080, "agreeCount": 0, "likes": {"groups": [], "count": 0}, "id": "54afbff0498e4edf4fb5fdb2", "text": "Awesome dosai(masala) and curry sauce..", "type": "user", "user": {"gender": "male", "id": "1563581", "photo": {"prefix": "https://igx.4sqi.net/img/user/", "suffix": "/1KMD2F5VOMMCBFGV.jpg"}, "firstName": "Rizal", "lastName": "Sjahril"}, "canonicalUrl": "https://foursquare.com/item/54afbff0498e4edf4fb5fdb2", "todo": {"count": 0}, "disagreeCount": 0}, {"logView": true, "lang": "en", "createdAt": 1297360090, "agreeCount": 0, "likes": {"groups": [], "count": 0}, "id": "4d5424daf5daa093737d6e74", "text": "Evergreen baby Kailan mixed with my maggie mee goreng! Awesomeness", "type": "user", "user": {"gender": "male", "id": "5790273", "photo": {"prefix": "https://igx.4sqi.net/img/user/", "suffix": "/3OG024O4CFUTVRUH.jpg"}, "firstName": "Wilson", "lastName": "WillyWonka"}, "canonicalUrl": "https://foursquare.com/item/4d5424daf5daa093737d6e74", "todo": {"count": 0}, "disagreeCount": 0}, {"logView": true, "lang": "en", "createdAt": 1317727295, "agreeCount": 0, "likes": {"groups": [], "count": 0}, "id": "4e8aec3f8231cd8254281e50", "text": "Mushroom Cheese Prata FTW!", "type": "user", "user": {"gender": "female", "id": "2295713", "photo": {"prefix": "https://igx.4sqi.net/img/user/", "suffix": "/OULHETFFBNYLYI5G.jpg"}, "firstName": "Joyce", "lastName": "Tan"}, "canonicalUrl": "https://foursquare.com/item/4e8aec3f8231cd8254281e50", "todo": {"count": 0}, "disagreeCount": 0}, {"logView": true, "lang": "en", "createdAt": 1320910515, "agreeCount": 0, "likes": {"groups": [], "count": 0}, "id": "4ebb7eb361aff66b6857518e", "text": "quality drop liao", "type": "user", "user": {"gender": "male", "id": "4525241", "photo": {"prefix": "https://igx.4sqi.net/img/user/", "suffix": "/3NEG5B5XZHGH0KHH.jpg"}, "firstName": "Andy", "lastName": "M"}, "canonicalUrl": "https://foursquare.com/item/4ebb7eb361aff66b6857518e", "todo": {"count": 0}, "disagreeCount": 0}, {"authorInteractionType": "liked", "logView": true, "lang": "en", "createdAt": 1353220208, "agreeCount": 0, "likes": {"groups": [], "count": 0}, "id": "50a88070e4b078585049fadb", "text": "Good place to chill at night with friends and families", "type": "user", "user": {"gender": "male", "id": "2648404", "photo": {"prefix": "https://igx.4sqi.net/img/user/", "suffix": "/0LYDGKRZZBHIIO1C.jpg"}, "firstName": "Mr Nor", "lastName": "C"}, "canonicalUrl": "https://foursquare.com/item/50a88070e4b078585049fadb", "todo": {"count": 0}, "disagreeCount": 0}, {"logView": true, "lang": "id", "createdAt": 1326467258, "agreeCount": 0, "likes": {"groups": [], "count": 0}, "id": "4f1048bae4b067f66e51b80e", "text": "hmmmm kes kebul jer... baru mampir...", "type": "user", "user": {"id": "4136827", "photo": {"prefix": "https://igx.4sqi.net/img/user/", "suffix": "/5044DIFUNJ2AOZNU.jpg"}, "firstName": "Aiza pu3salat", "gender": "female"}, "canonicalUrl": "https://foursquare.com/item/4f1048bae4b067f66e51b80e", "todo": {"count": 0}, "disagreeCount": 0}, {"logView": true, "lang": "en", "createdAt": 1294405889, "agreeCount": 0, "likes": {"groups": [], "count": 0}, "id": "4d271101849f3704e4046541", "text": "Service is good. But food is just oh-kay. Don't like the smell of the Mee Kuah. The Maggie Goreng is ok though.", "type": "user", "user": {"gender": "none", "id": "3089409", "photo": {"prefix": "https://igx.4sqi.net/img/user/", "suffix": "/30KLEJU5QGCVBDTG.jpg"}, "firstName": "Kamie", "lastName": "Camelia"}, "canonicalUrl": "https://foursquare.com/item/4d271101849f3704e4046541", "todo": {"count": 0}, "disagreeCount": 0}, {"logView": true, "lang": "en", "createdAt": 1354978095, "agreeCount": 0, "likes": {"groups": [], "count": 0}, "id": "50c3532fe4b0291713603f45", "text": "Mee Hoon Goreng Seafood is damn power woo...", "type": "user", "user": {"gender": "male", "id": "6774970", "photo": {"prefix": "https://igx.4sqi.net/img/user/", "suffix": "/6774970-GYA02FETJULVJAW4.jpg"}, "firstName": "DoriKin", "lastName": "Starr"}, "canonicalUrl": "https://foursquare.com/item/50c3532fe4b0291713603f45", "todo": {"count": 0}, "disagreeCount": 0}, {"logView": true, "lang": "en", "createdAt": 1286792262, "agreeCount": 0, "likes": {"groups": [{"items": [], "count": 1, "type": "others"}], "summary": "1 like", "count": 1}, "id": "4cb2e446b4b0a35dafad5cce", "text": "Try the teh tarik.. Wun regret", "type": "user", "user": {"gender": "male", "id": "2306715", "photo": {"prefix": "https://igx.4sqi.net/img/user/", "suffix": "/ZOMK4GJKGGF1MZX0.jpg"}, "firstName": "JQ", "lastName": "Tan"}, "canonicalUrl": "https://foursquare.com/item/4cb2e446b4b0a35dafad5cce", "todo": {"count": 0}, "disagreeCount": 0}, {"authorInteractionType": "liked", "logView": true, "lang": "en", "createdAt": 1386761557, "agreeCount": 0, "likes": {"groups": [], "count": 0}, "id": "52a84d5511d29477e714cd45", "text": "My favorite Masala Dosai", "type": "user", "user": {"gender": "male", "id": "50216808", "photo": {"prefix": "https://igx.4sqi.net/img/user/", "suffix": "/-RG3GK1LH5Z24RCCS.jpg"}, "firstName": "Stanley", "lastName": "Ang"}, "canonicalUrl": "https://foursquare.com/item/52a84d5511d29477e714cd45", "todo": {"count": 0}, "disagreeCount": 0}, {"authorInteractionType": "liked", "logView": true, "lang": "en", "createdAt": 1353220281, "agreeCount": 1, "likes": {"groups": [{"items": [{"gender": "male", "id": "41678226", "photo": {"prefix": "https://igx.4sqi.net/img/user/", "suffix": "/ZOGF5OKIMYSNVM2H.jpg"}, "firstName": "Muhd", "lastName": "Ezuan"}], "count": 1, "type": "others"}], "summary": "1 like", "count": 1}, "id": "50a880b9e4b02dc98d595b1a", "text": "Try the black pepper beef. Nice!", "type": "user", "user": {"gender": "male", "id": "2648404", "photo": {"prefix": "https://igx.4sqi.net/img/user/", "suffix": "/0LYDGKRZZBHIIO1C.jpg"}, "firstName": "Mr Nor", "lastName": "C"}, "canonicalUrl": "https://foursquare.com/item/50a880b9e4b02dc98d595b1a", "todo": {"count": 0}, "disagreeCount": 0}, {"logView": true, "lang": "en", "createdAt": 1294495841, "agreeCount": 0, "likes": {"groups": [{"items": [], "count": 4, "type": "others"}], "summary": "4 likes", "count": 4}, "id": "4d287061849f370467bb7341", "text": "Maggie goreng here not bad!", "type": "user", "user": {"gender": "male", "id": "145532", "photo": {"prefix": "https://igx.4sqi.net/img/user/", "default": true, "suffix": "/blank_boy.png"}, "firstName": "Huang", "lastName": "Stanley"}, "canonicalUrl": "https://foursquare.com/item/4d287061849f370467bb7341", "todo": {"count": 1}, "disagreeCount": 0}, {"authorInteractionType": "liked", "logView": true, "lang": "en", "createdAt": 1447839415, "agreeCount": 0, "likes": {"groups": [], "count": 0}, "id": "564c46b7498e28d8069a624e", "text": "Power briyani", "type": "user", "user": {"gender": "male", "id": "2648404", "photo": {"prefix": "https://igx.4sqi.net/img/user/", "suffix": "/0LYDGKRZZBHIIO1C.jpg"}, "firstName": "Mr Nor", "lastName": "C"}, "canonicalUrl": "https://foursquare.com/item/564c46b7498e28d8069a624e", "todo": {"count": 0}, "disagreeCount": 0}, {"logView": true, "lang": "en", "createdAt": 1316857018, "agreeCount": 0, "likes": {"groups": [], "count": 0}, "id": "4e7da4ba93ad1649ca2af320", "text": "Awesome Spicy Tom Yam soup! A must to try! Hee Hee! =D (L)", "type": "user", "user": {"gender": "female", "id": "6041709", "photo": {"prefix": "https://igx.4sqi.net/img/user/", "suffix": "/CWLO0HEYFVG12EZ5.jpg"}, "firstName": "Chantel", "lastName": "Ang"}, "canonicalUrl": "https://foursquare.com/item/4e7da4ba93ad1649ca2af320", "todo": {"count": 0}, "disagreeCount": 0}, {"logView": true, "lang": "en", "createdAt": 1301757792, "agreeCount": 0, "likes": {"groups": [], "count": 0}, "id": "4d973f60af3d236af7171ec7", "text": "Poor service n lousy food. Ordered prata plain with onion n prata egg. Ended up they put the onion into the prata egg. Din even apologize n juz push to me expecting me to accept it. Won't come again", "type": "user", "user": {"gender": "male", "id": "926292", "photo": {"prefix": "https://igx.4sqi.net/img/user/", "suffix": "/SQLZRUAK5BWWKDUW.jpg"}, "firstName": "Adrian", "lastName": "Ooi"}, "canonicalUrl": "https://foursquare.com/item/4d973f60af3d236af7171ec7", "todo": {"count": 0}, "disagreeCount": 0}, {"logView": true, "lang": "en", "createdAt": 1286802417, "agreeCount": 0, "likes": {"groups": [{"items": [], "count": 3, "type": "others"}], "summary": "3 likes", "count": 3}, "id": "4cb30bf1db32f04d142fd44d", "text": "Definetly the food here is AWESOME .!! woohoo ..", "type": "user", "user": {"gender": "male", "id": "3793556", "photo": {"prefix": "https://igx.4sqi.net/img/user/", "suffix": "/ADYTOAOCBAE35Q5G.jpg"}, "firstName": "Firiman", "lastName": "Muhammad"}, "canonicalUrl": "https://foursquare.com/item/4cb30bf1db32f04d142fd44d", "todo": {"count": 0}, "disagreeCount": 0}, {"logView": true, "lang": "en", "createdAt": 1338438576, "agreeCount": 0, "likes": {"groups": [], "count": 0}, "id": "4fc6f3b0e4b07853539f4f7d", "text": "Service is so so. Seeing the mood of the people serving you. Sometimes, you get treated like shit man! I used to get that.", "type": "user", "user": {"gender": "male", "id": "3335231", "photo": {"prefix": "https://igx.4sqi.net/img/user/", "suffix": "/3335231-XATGPAAEGDFLZ1SX.jpg"}, "firstName": "Danial", "lastName": "Ariffin"}, "canonicalUrl": "https://foursquare.com/item/4fc6f3b0e4b07853539f4f7d", "todo": {"count": 0}, "disagreeCount": 0}, {"logView": true, "lang": "en", "createdAt": 1299709985, "agreeCount": 0, "likes": {"groups": [], "count": 0}, "id": "4d780021f2c054818aebb1a1", "text": "Try the tomyam.. .different,unique taste. 9/10 for those who doesnt like to stronng of a herbs in their soup.", "type": "user", "user": {"gender": "female", "id": "5275615", "photo": {"prefix": "https://igx.4sqi.net/img/user/", "suffix": "/M1UI10K0TRDIQENV.jpg"}, "firstName": "Zee", "lastName": "Valentine"}, "canonicalUrl": "https://foursquare.com/item/4d780021f2c054818aebb1a1", "todo": {"count": 0}, "disagreeCount": 0}, {"logView": true, "lang": "en", "createdAt": 1293325748, "agreeCount": 0, "likes": {"groups": [], "count": 0}, "id": "4d1695b481cea35d1a19e1ec", "text": "the food is not bad.. but a to compare with Aliff Restaurant, pls aliff are way much BETTA!", "type": "user", "user": {"id": "5188375", "photo": {"prefix": "https://igx.4sqi.net/img/user/", "suffix": "/YYZWAK4XOW25HE4C.jpg"}, "firstName": "Zai", "gender": "male"}, "canonicalUrl": "https://foursquare.com/item/4d1695b481cea35d1a19e1ec", "todo": {"count": 0}, "disagreeCount": 0}, {"logView": true, "lang": "en", "createdAt": 1276307713, "agreeCount": 0, "likes": {"groups": [], "count": 0}, "id": "4c12e901a9c220a17bf2549d", "text": "D food here is def gr8! Tho it can b pretty slow in d evenings,it's worth d wait :)", "type": "user", "user": {"gender": "female", "id": "1560116", "photo": {"prefix": "https://igx.4sqi.net/img/user/", "suffix": "/L0Z3UKYMHEHJWYHI.jpg"}, "firstName": "Shameni", "lastName": "TR"}, "canonicalUrl": "https://foursquare.com/item/4c12e901a9c220a17bf2549d", "todo": {"count": 0}, "disagreeCount": 0}, {"logView": true, "lang": "en", "createdAt": 1280681198, "agreeCount": 0, "likes": {"groups": [], "count": 0}, "id": "4c55a4ee06901b8d3f72d54d", "text": "Tom yum soup!!! Nice!!! Taste even better with an egg :)))", "type": "user", "user": {"gender": "female", "id": "1973749", "photo": {"prefix": "https://igx.4sqi.net/img/user/", "suffix": "/1973749-WB3WNY1TKCHODNIU.jpg"}, "firstName": "Levina", "lastName": "Wong"}, "canonicalUrl": "https://foursquare.com/item/4c55a4ee06901b8d3f72d54d", "todo": {"count": 2}, "disagreeCount": 0}, {"logView": true, "lang": "en", "createdAt": 1308839313, "agreeCount": 0, "likes": {"groups": [], "count": 0}, "id": "4e034d911495525ce2c747df", "text": "Coin prata is awesome!!", "type": "user", "user": {"gender": "female", "id": "5824282", "photo": {"prefix": "https://igx.4sqi.net/img/user/", "suffix": "/WT0BQSMJAS41HXL3.jpg"}, "firstName": "Michelle", "lastName": "Pang"}, "canonicalUrl": "https://foursquare.com/item/4e034d911495525ce2c747df", "todo": {"count": 0}, "disagreeCount": 0}, {"logView": true, "lang": "en", "createdAt": 1290326624, "agreeCount": 0, "likes": {"groups": [{"items": [], "count": 1, "type": "others"}], "summary": "1 like", "count": 1}, "id": "4ce8d260e888f04d5de5446b", "text": "Nasi Pattaya not bad.", "type": "user", "user": {"id": "2536379", "photo": {"prefix": "https://igx.4sqi.net/img/user/", "suffix": "/TJHRAC2RTIJ4MVLT.jpg"}, "firstName": "Jeng", "gender": "male"}, "canonicalUrl": "https://foursquare.com/item/4ce8d260e888f04d5de5446b", "todo": {"count": 0}, "disagreeCount": 0}, {"authorInteractionType": "meh", "logView": true, "lang": "en", "createdAt": 1383083877, "agreeCount": 0, "likes": {"groups": [], "count": 0}, "id": "52702f65498ee297d97e12ea", "text": "The mutton dhal very nice n meaty.....yummy\u2661\u2665\u2661\u2665", "type": "user", "user": {"gender": "female", "id": "8749012", "photo": {"prefix": "https://igx.4sqi.net/img/user/", "suffix": "/8749012-RMW0IN4DVUES3BYY.jpg"}, "firstName": "Mariam", "lastName": "Hamid"}, "canonicalUrl": "https://foursquare.com/item/52702f65498ee297d97e12ea", "todo": {"count": 1}, "disagreeCount": 0}, {"logView": true, "lang": "en", "createdAt": 1291304354, "agreeCount": 0, "likes": {"groups": [{"items": [], "count": 2, "type": "others"}], "summary": "2 likes", "count": 2}, "id": "4cf7bda2d3a8a1cda157d843", "text": "$2.30 for 1 Telok Bawang!!! Am I outdated or its a daylight robbery?", "type": "user", "user": {"gender": "male", "id": "757853", "photo": {"prefix": "https://igx.4sqi.net/img/user/", "suffix": "/0TBODGMC1TDIY2PW.jpg"}, "firstName": "Aric", "lastName": "Tan"}, "canonicalUrl": "https://foursquare.com/item/4cf7bda2d3a8a1cda157d843", "todo": {"count": 0}, "disagreeCount": 0}, {"logView": true, "lang": "en", "createdAt": 1291078665, "agreeCount": 0, "likes": {"groups": [], "count": 0}, "id": "4cf44c09cc61a35d38cb249e", "text": "Sometimes the helper seem very reluctant to return the change to you. Must ask again and again then he sulk and reluctantly give u the change", "type": "user", "user": {"gender": "male", "id": "2572859", "photo": {"prefix": "https://igx.4sqi.net/img/user/", "suffix": "/11AITTHAUQEPD4MP.jpg"}, "firstName": "yangyan", "lastName": "zheng"}, "canonicalUrl": "https://foursquare.com/item/4cf44c09cc61a35d38cb249e", "todo": {"count": 0}, "disagreeCount": 0}, {"logView": true, "lang": "en", "createdAt": 1274795965, "agreeCount": 0, "likes": {"groups": [], "count": 0}, "id": "4bfbd7bd70c603bbc8ec9cb4", "text": "good service and food. definitely better than alif restaurant at gombak.", "type": "user", "user": {"gender": "male", "id": "787886", "photo": {"prefix": "https://igx.4sqi.net/img/user/", "suffix": "/KB2TYQL0PQ44TTBM.jpg"}, "firstName": "Alex", "lastName": "Ooi"}, "canonicalUrl": "https://foursquare.com/item/4bfbd7bd70c603bbc8ec9cb4", "todo": {"count": 3}, "disagreeCount": 0}, {"logView": true, "lang": "en", "createdAt": 1309434154, "agreeCount": 1, "likes": {"groups": [{"items": [{"id": "2416267", "photo": {"prefix": "https://igx.4sqi.net/img/user/", "suffix": "/2416267_KucjsQEM_ScdU_2QSQAUHuzKmBVwkJjI1N_g1HGztwHiU1HR99IuZBaOJaUm2PG-HS1b9ZtFJ.jpg"}, "firstName": "Songhua", "gender": "male"}], "count": 1, "type": "others"}], "summary": "1 like", "count": 1}, "id": "4e0c612a52b1289d1186c81c", "text": "great prata here ! plus the man is very nice ~ hahaha , so friendly .", "type": "user", "user": {"gender": "female", "id": "10494223", "photo": {"prefix": "https://igx.4sqi.net/img/user/", "suffix": "/DAHCF1OGO33RCYFR.jpg"}, "firstName": "Deanna", "lastName": "A."}, "canonicalUrl": "https://foursquare.com/item/4e0c612a52b1289d1186c81c", "todo": {"count": 1}, "disagreeCount": 0}], "count": 36}}}