{"meta": {"code": 200, "requestId": "595a4cdf4c1f67701d327602"}, "response": {"tips": {"items": [{"logView": true, "lang": "en", "createdAt": 1292837887, "agreeCount": 0, "likes": {"groups": [{"items": [], "count": 1, "type": "others"}], "summary": "1 like", "count": 1}, "id": "4d0f23ffc3dc37041cd03074", "text": "Tea masala and the naan is superb", "type": "user", "user": {"id": "4954490", "photo": {"prefix": "https://igx.4sqi.net/img/user/", "suffix": "/RCF2IZHGGB4KWXRX.jpg"}, "firstName": "laela", "gender": "female"}, "canonicalUrl": "https://foursquare.com/item/4d0f23ffc3dc37041cd03074", "todo": {"count": 0}, "disagreeCount": 0}, {"logView": true, "lang": "en", "createdAt": 1289347658, "agreeCount": 0, "likes": {"groups": [], "count": 0}, "id": "4cd9e24a3c21a14384ede858", "text": "Try the egg prata and they can serve vegetarian food yeah!!!", "type": "user", "user": {"gender": "male", "id": "4200650", "photo": {"prefix": "https://igx.4sqi.net/img/user/", "suffix": "/DYBM4PIY3EKRL1K1.jpg"}, "firstName": "Vincent", "lastName": "Choo"}, "canonicalUrl": "https://foursquare.com/item/4cd9e24a3c21a14384ede858", "todo": {"count": 0}, "disagreeCount": 0}, {"logView": true, "lang": "en", "createdAt": 1296742862, "agreeCount": 0, "likes": {"groups": [], "count": 0}, "id": "4d4ab9cef53c8cfac74e2647", "text": "2.50 for plain rice???? My goodness. Where is it from? Heaven?!?!? WTF.", "type": "user", "user": {"gender": "female", "id": "4600097", "photo": {"prefix": "https://igx.4sqi.net/img/user/", "suffix": "/QCPKNKYPQINB2OWJ.jpg"}, "firstName": "Angela", "lastName": "Ang"}, "canonicalUrl": "https://foursquare.com/item/4d4ab9cef53c8cfac74e2647", "todo": {"count": 0}, "disagreeCount": 0}, {"logView": true, "lang": "en", "createdAt": 1294556054, "agreeCount": 0, "likes": {"groups": [], "count": 0}, "id": "4d295b96b818a35dda639e8a", "text": "Masala thosai n Milo dinosaur is superb", "type": "user", "user": {"gender": "female", "id": "2970881", "photo": {"prefix": "https://igx.4sqi.net/img/user/", "suffix": "/24DGZQNGUYCRKGGV.jpg"}, "firstName": "Nadira", "lastName": "Ali"}, "canonicalUrl": "https://foursquare.com/item/4d295b96b818a35dda639e8a", "todo": {"count": 0}, "disagreeCount": 0}, {"logView": true, "lang": "en", "createdAt": 1289715244, "agreeCount": 0, "likes": {"groups": [], "count": 0}, "id": "4cdf7e2c41ed224b3a05e03c", "text": "Everything here is delicious! A must try Teh Tarik!", "type": "user", "user": {"id": "4351776", "photo": {"prefix": "https://igx.4sqi.net/img/user/", "suffix": "/YTCGLBUPEHNBK25A.jpg"}, "firstName": "Annariana", "gender": "female"}, "canonicalUrl": "https://foursquare.com/item/4cdf7e2c41ed224b3a05e03c", "todo": {"count": 0}, "disagreeCount": 0}, {"authorInteractionType": "liked", "logView": true, "lang": "en", "createdAt": 1483853418, "agreeCount": 0, "likes": {"groups": [], "count": 0}, "id": "5871ce6a964d7878e38f477c", "text": "Wholesome South Indian and North Indian food for pretty cheap", "type": "user", "user": {"gender": "male", "id": "379387375", "photo": {"prefix": "https://igx.4sqi.net/img/user/", "suffix": "/379387375-GJSNPSCPC1QBJIIK.jpg"}, "firstName": "Karthik", "lastName": "Thirugnanam"}, "canonicalUrl": "https://foursquare.com/item/5871ce6a964d7878e38f477c", "todo": {"count": 0}, "disagreeCount": 0}, {"logView": true, "lang": "en", "createdAt": 1379340600, "agreeCount": 0, "likes": {"groups": [], "count": 0}, "id": "5237113811d2607f982f6c27", "text": "The thosai and pratas are really good! As for the drink,you should really try the Teh Tarik.overall,it's worth 3.5 stars", "type": "user", "user": {"gender": "male", "id": "64407415", "photo": {"prefix": "https://igx.4sqi.net/img/user/", "suffix": "/64407415-2MOWCW1XZRLY1R5E.jpg"}, "firstName": "Sean", "lastName": "Michael"}, "canonicalUrl": "https://foursquare.com/item/5237113811d2607f982f6c27", "todo": {"count": 0}, "disagreeCount": 0}, {"logView": true, "lang": "en", "createdAt": 1289819849, "agreeCount": 0, "likes": {"groups": [], "count": 0}, "id": "4ce116c970bba1cdef976fc4", "text": "The all india thosai is the best. U try once, and u will ask for more...", "type": "user", "user": {"gender": "female", "id": "3761714", "photo": {"prefix": "https://igx.4sqi.net/img/user/", "suffix": "/BSXTFUN4S0SJSYCJ.jpg"}, "firstName": "Daliah", "lastName": "Salim"}, "canonicalUrl": "https://foursquare.com/item/4ce116c970bba1cdef976fc4", "todo": {"count": 0}, "disagreeCount": 0}], "count": 8}}}