{"meta": {"code": 200, "requestId": "595a4ff56a60711438d2bd7d"}, "response": {"tips": {"items": [{"authorInteractionType": "liked", "logView": true, "lang": "en", "photo": {"id": "55a14740498eceba3ed1a647", "visibility": "public", "source": {"name": "Swarm for Android", "url": "https://www.swarmapp.com"}, "suffix": "/52897947_O07R3-r02FitYOVU6hl6JIubDCxTcZZD5pIAbrMaqp4.jpg", "createdAt": 1436632896, "prefix": "https://igx.4sqi.net/img/general/", "width": 960, "height": 720}, "createdAt": 1436632896, "todo": {"count": 0}, "agreeCount": 0, "likes": {"groups": [], "count": 0}, "id": "55a14740498eceba3ed1a648", "text": "Try their fruit tea", "disagreeCount": 0, "user": {"id": "52897947", "photo": {"prefix": "https://igx.4sqi.net/img/user/", "suffix": "/52897947-4ENTWW45WKDJUE0B.jpg"}, "firstName": "\u30c1\u30e5 \u30ea\u30fc", "gender": "male"}, "canonicalUrl": "https://foursquare.com/item/55a14740498eceba3ed1a648", "type": "user", "photourl": "https://igx.4sqi.net/img/general/original/52897947_O07R3-r02FitYOVU6hl6JIubDCxTcZZD5pIAbrMaqp4.jpg"}, {"logView": true, "lang": "en", "createdAt": 1286954100, "agreeCount": 0, "likes": {"groups": [], "count": 0}, "id": "4cb55c749c7ba35d5a048a06", "text": "Chicken n mushroom fusilli here is great!!", "type": "user", "user": {"gender": "female", "id": "3016402", "photo": {"prefix": "https://igx.4sqi.net/img/user/", "suffix": "/3016402-GYIHFX0OD3YLXHXE.jpg"}, "firstName": "Addictive", "lastName": "L\u00ff"}, "canonicalUrl": "https://foursquare.com/item/4cb55c749c7ba35d5a048a06", "todo": {"count": 0}, "disagreeCount": 0}, {"logView": true, "lang": "en", "createdAt": 1367141166, "agreeCount": 0, "likes": {"groups": [], "count": 0}, "id": "517ceb2ee4b0a2c67030cf30", "text": "How much more is needed to be emphasized tat a diner is a DINING place NOT for long hrs of studying or watching movies!", "type": "user", "user": {"gender": "female", "id": "954690", "photo": {"prefix": "https://igx.4sqi.net/img/user/", "suffix": "/3WGVLZGIHXCVGLUQ.jpg"}, "firstName": "Anne", "lastName": "Raphael"}, "canonicalUrl": "https://foursquare.com/item/517ceb2ee4b0a2c67030cf30", "todo": {"count": 0}, "disagreeCount": 0}, {"authorInteractionType": "meh", "logView": true, "lang": "en", "createdAt": 1451973631, "agreeCount": 0, "likes": {"groups": [], "count": 0}, "id": "568b5bff498eaebe3f52ec64", "text": "Service can be quite variable.", "type": "user", "user": {"gender": "male", "id": "29256609", "photo": {"prefix": "https://igx.4sqi.net/img/user/", "suffix": "/29256609-IWUNDLSK2CKBURTX.jpg"}, "firstName": "David", "lastName": "Kelham"}, "canonicalUrl": "https://foursquare.com/item/568b5bff498eaebe3f52ec64", "todo": {"count": 0}, "disagreeCount": 0}, {"logView": true, "lang": "en", "createdAt": 1327669049, "agreeCount": 0, "likes": {"groups": [], "count": 0}, "id": "4f229f39e4b05d3b9f65a512", "text": "Looking for accurate order taking? Avoid here.", "type": "user", "user": {"gender": "female", "id": "5822427", "photo": {"prefix": "https://igx.4sqi.net/img/user/", "suffix": "/LWXDFIC4CN5JUDI1.jpg"}, "firstName": "Nur Atikah", "lastName": "Hussain"}, "canonicalUrl": "https://foursquare.com/item/4f229f39e4b05d3b9f65a512", "todo": {"count": 0}, "disagreeCount": 0}, {"logView": true, "lang": "en", "createdAt": 1367141361, "agreeCount": 0, "likes": {"groups": [], "count": 0}, "id": "517cebf1e4b0ea421e2f3830", "text": "90% in e cafe studying/watchin movies/idling for long hrs n simply disregarding other waiting patrons who wish to dine in. Pls do sumthin abt tis. Damn appauling!", "type": "user", "user": {"gender": "female", "id": "954690", "photo": {"prefix": "https://igx.4sqi.net/img/user/", "suffix": "/3WGVLZGIHXCVGLUQ.jpg"}, "firstName": "Anne", "lastName": "Raphael"}, "canonicalUrl": "https://foursquare.com/item/517cebf1e4b0ea421e2f3830", "todo": {"count": 0}, "disagreeCount": 0}, {"logView": true, "lang": "en", "photo": {"id": "52c4d470498ea4a15a4c1683", "visibility": "public", "source": {"name": "Foursquare for iOS", "url": "https://foursquare.com/download/#/iphone"}, "suffix": "/10181539_uMfDp_WmnACEEh1SMLMKa-km5RdvuphrciJXi5i8qcc.jpg", "createdAt": 1388631152, "prefix": "https://igx.4sqi.net/img/general/", "width": 720, "height": 720}, "createdAt": 1388631150, "todo": {"count": 0}, "agreeCount": 0, "likes": {"groups": [], "count": 0}, "id": "52c4d46e11d266f86ceb4047", "text": "..hearty breakfast...", "disagreeCount": 0, "user": {"gender": "male", "id": "10181539", "photo": {"prefix": "https://igx.4sqi.net/img/user/", "suffix": "/HP1SGTTG54RG0X1E.jpg"}, "firstName": "Ace", "lastName": "Aidil"}, "canonicalUrl": "https://foursquare.com/item/52c4d46e11d266f86ceb4047", "type": "user", "photourl": "https://igx.4sqi.net/img/general/original/10181539_uMfDp_WmnACEEh1SMLMKa-km5RdvuphrciJXi5i8qcc.jpg"}, {"authorInteractionType": "liked", "logView": true, "lang": "en", "createdAt": 1366088435, "agreeCount": 0, "likes": {"groups": [], "count": 0}, "id": "516cdaf3498e11e30b0f5d8e", "text": "Warmth and excellent service by the staff. Iced-mocha blended is the best!", "type": "user", "user": {"gender": "female", "id": "3997595", "photo": {"prefix": "https://igx.4sqi.net/img/user/", "suffix": "/3997595-XXCILNUI5PJCEWMG.jpg"}, "firstName": "Lhenn", "lastName": "Yango"}, "canonicalUrl": "https://foursquare.com/item/516cdaf3498e11e30b0f5d8e", "todo": {"count": 0}, "disagreeCount": 0}, {"logView": true, "lang": "en", "createdAt": 1313839956, "agreeCount": 0, "likes": {"groups": [], "count": 0}, "id": "4e4f9b54aeb70f1284a240e3", "text": "A place not to be sat alone..", "type": "user", "user": {"gender": "male", "id": "2104020", "photo": {"prefix": "https://igx.4sqi.net/img/user/", "suffix": "/3ZYUTCOKTRLZPLRC.jpg"}, "firstName": "Kaung Htet", "lastName": "Myint"}, "canonicalUrl": "https://foursquare.com/item/4e4f9b54aeb70f1284a240e3", "todo": {"count": 0}, "disagreeCount": 0}, {"logView": true, "lang": "en", "createdAt": 1290585815, "agreeCount": 1, "likes": {"groups": [{"items": [{"gender": "female", "id": "7862432", "photo": {"prefix": "https://igx.4sqi.net/img/user/", "suffix": "/2E0P1TAAOVBBGFGS.jpg"}, "firstName": "Vera", "lastName": "Chionh"}], "count": 1, "type": "others"}], "summary": "1 like", "count": 1}, "id": "4cecc6d78212548181695ba1", "text": "Clueless staff font know their products. Then sarcastic because they don't know.", "type": "user", "user": {"gender": "female", "id": "117967", "photo": {"prefix": "https://igx.4sqi.net/img/user/", "suffix": "/IOFI1JNEMKCYEBVD.jpg"}, "firstName": "Ly-ann", "lastName": "Low"}, "canonicalUrl": "https://foursquare.com/item/4cecc6d78212548181695ba1", "todo": {"count": 0}, "disagreeCount": 0}, {"logView": true, "lang": "en", "createdAt": 1319642116, "agreeCount": 0, "likes": {"groups": [{"items": [], "count": 2, "type": "others"}], "summary": "2 likes", "count": 2}, "id": "4ea82404991142bfaa483631", "text": "Smoke less", "type": "user", "user": {"id": "3856597", "photo": {"prefix": "https://igx.4sqi.net/img/user/", "suffix": "/D4NN1FWHPD5NIWLQ.jpg"}, "firstName": "Lee", "gender": "none"}, "canonicalUrl": "https://foursquare.com/item/4ea82404991142bfaa483631", "todo": {"count": 0}, "disagreeCount": 0}, {"logView": true, "lang": "en", "createdAt": 1380629457, "agreeCount": 0, "likes": {"groups": [], "count": 0}, "id": "524abbd1498e30941729e1bb", "text": "Is it only me who drink brewed coffee?", "type": "user", "user": {"gender": "male", "id": "13112995", "photo": {"prefix": "https://igx.4sqi.net/img/user/", "suffix": "/13112995-MVZ4LBMYUVFONKRO.jpg"}, "firstName": "Hung", "lastName": "Le"}, "canonicalUrl": "https://foursquare.com/item/524abbd1498e30941729e1bb", "todo": {"count": 0}, "disagreeCount": 0}, {"logView": true, "lang": "en", "createdAt": 1325947241, "agreeCount": 1, "likes": {"groups": [{"items": [{"gender": "male", "id": "518931", "photo": {"prefix": "https://igx.4sqi.net/img/user/", "suffix": "/518931_29y7Hj-J_GtgLNBXfoPFvOq457AUNhPqTsu-x_zSMUU2u7jG882hlnE5G4eQQY8U8Sw6UT3k1.jpg"}, "firstName": "Benny", "lastName": "Lim"}], "count": 1, "type": "others"}], "summary": "1 like", "count": 1}, "id": "4f085969e4b0aa2dc63ab340", "text": "Bad service. Got served the wrong cake and delayed my drinks.", "type": "user", "user": {"id": "7228307", "photo": {"prefix": "https://igx.4sqi.net/img/user/", "suffix": "/7228307_2g05TS6r_L8GHihSIIyx2aYA9Sp8GEQO8vtNCCjQNmItMKQHvrrfg4f-YWA62fYGfzLICizXz.jpg"}, "firstName": "Peony", "gender": "female"}, "canonicalUrl": "https://foursquare.com/item/4f085969e4b0aa2dc63ab340", "todo": {"count": 0}, "disagreeCount": 0}, {"logView": true, "lang": "en", "createdAt": 1318068611, "agreeCount": 0, "likes": {"groups": [], "count": 0}, "id": "4e9021830aafb4070bce728d", "text": "Love their apple crumbles:)", "type": "user", "user": {"gender": "female", "id": "2818587", "photo": {"prefix": "https://igx.4sqi.net/img/user/", "suffix": "/HVUTEXD0BL3ENFEK.jpg"}, "firstName": "E", "lastName": "L"}, "canonicalUrl": "https://foursquare.com/item/4e9021830aafb4070bce728d", "todo": {"count": 0}, "disagreeCount": 0}, {"logView": true, "lang": "en", "createdAt": 1377996516, "agreeCount": 2, "likes": {"groups": [{"items": [{"gender": "none", "id": "7336910", "photo": {"prefix": "https://igx.4sqi.net/img/user/", "suffix": "/7336910_SHACTGSb_Og7c3EQbeBagwYduXi06k0HMdKff6hhUjCkhYD0RfWYfOsIL-oiznTsUMk-_Of6c.jpg"}, "firstName": "Trans", "lastName": "Female"}, {"gender": "female", "id": "43936647", "photo": {"prefix": "https://igx.4sqi.net/img/user/", "suffix": "/TUQ4SZZLZOK1DFMK.jpg"}, "firstName": "Noor", "lastName": "Dieyanah"}], "count": 2, "type": "others"}], "summary": "2 likes", "count": 2}, "id": "52228ee411d208742185547e", "text": "I love Iced Blended Double Choc for hot weather & tired", "type": "user", "user": {"gender": "female", "id": "43936647", "photo": {"prefix": "https://igx.4sqi.net/img/user/", "suffix": "/TUQ4SZZLZOK1DFMK.jpg"}, "firstName": "Noor", "lastName": "Dieyanah"}, "canonicalUrl": "https://foursquare.com/item/52228ee411d208742185547e", "todo": {"count": 0}, "disagreeCount": 0}, {"logView": true, "lang": "en", "createdAt": 1275562544, "agreeCount": 0, "likes": {"groups": [{"items": [], "count": 6, "type": "others"}], "summary": "6 likes", "count": 6}, "id": "4c078a30b0a2e0de6f789dba", "text": "Get the coffee card", "type": "user", "user": {"id": "1467868", "photo": {"prefix": "https://igx.4sqi.net/img/user/", "suffix": "/KZY14DQYVDVJPWAQ.jpg"}, "firstName": "Seowpin", "gender": "male"}, "canonicalUrl": "https://foursquare.com/item/4c078a30b0a2e0de6f789dba", "todo": {"count": 0}, "disagreeCount": 0}, {"logView": true, "lang": "en", "createdAt": 1297582820, "agreeCount": 0, "likes": {"groups": [], "count": 0}, "id": "4d578ae45ba05481929b0646", "text": "I like their banana chocolate ice blend", "type": "user", "user": {"id": "999782", "photo": {"prefix": "https://igx.4sqi.net/img/user/", "suffix": "/2MLBETOKKKUR3JR1.jpg"}, "firstName": "Sue Anne", "gender": "female"}, "canonicalUrl": "https://foursquare.com/item/4d578ae45ba05481929b0646", "todo": {"count": 0}, "disagreeCount": 0}, {"logView": true, "lang": "en", "photo": {"id": "54a2e0b7498ec3b299aff9a5", "visibility": "public", "source": {"name": "Foursquare for iOS", "url": "https://foursquare.com/download/#/iphone"}, "suffix": "/4411320_qMxdmfFtCB6_BVP2RwpFm90G2miZJq71nujR5hRg3Jo.jpg", "createdAt": 1419960503, "prefix": "https://igx.4sqi.net/img/general/", "width": 1920, "height": 1058}, "createdAt": 1419960499, "todo": {"count": 0}, "agreeCount": 0, "likes": {"groups": [], "count": 0}, "id": "54a2e0b3498eb194f6f3099e", "text": "Coffee are decent good but it's always hard to find spots as many kids are studying here.", "disagreeCount": 0, "user": {"gender": "female", "id": "4411320", "photo": {"prefix": "https://igx.4sqi.net/img/user/", "suffix": "/4411320-VMOKT33DHIQTGQDN.jpg"}, "firstName": "Hayley", "lastName": "Tan"}, "canonicalUrl": "https://foursquare.com/item/54a2e0b3498eb194f6f3099e", "type": "user", "photourl": "https://igx.4sqi.net/img/general/original/4411320_qMxdmfFtCB6_BVP2RwpFm90G2miZJq71nujR5hRg3Jo.jpg"}, {"logView": true, "lang": "en", "createdAt": 1389699575, "agreeCount": 0, "likes": {"groups": [], "count": 0}, "id": "52d521f7498e7566814c8b6d", "text": "I love their red velvet cake! You should try. :)", "type": "user", "user": {"gender": "male", "id": "12539993", "photo": {"prefix": "https://igx.4sqi.net/img/user/", "suffix": "/12539993-R2PCY1S25MST0X33.jpg"}, "firstName": "paul anthony", "lastName": "javier"}, "canonicalUrl": "https://foursquare.com/item/52d521f7498e7566814c8b6d", "todo": {"count": 0}, "disagreeCount": 0}, {"logView": true, "lang": "en", "createdAt": 1314333483, "todo": {"count": 0}, "agreeCount": 0, "likes": {"groups": [], "count": 0}, "id": "4e57232bcc3f7fcbcedc9896", "text": "Jurong Point in your pocket! Download http://owl.li/6dfZm on your iPhone. App provides info for shoppers on men & women Fashion and Lifestyle in an E-style guide. Have fun with organised shopping!", "entities": [{"indices": [38, 57], "type": "url", "object": {"url": "http://owl.li/6dfZm"}}], "disagreeCount": 0, "user": {"gender": "male", "id": "12724460", "photo": {"prefix": "https://igx.4sqi.net/img/user/", "suffix": "/VHEJZCXQDXPWBDYV.jpg"}, "firstName": "Apostrophe", "lastName": "Digital"}, "canonicalUrl": "https://foursquare.com/item/4e57232bcc3f7fcbcedc9896", "type": "user"}, {"authorInteractionType": "liked", "logView": true, "lang": "en", "createdAt": 1354020859, "agreeCount": 0, "likes": {"groups": [], "count": 0}, "id": "50b4b7fbe4b0ab444b487d08", "text": "Difficult to get empty table.", "type": "user", "user": {"gender": "female", "id": "18638135", "photo": {"prefix": "https://igx.4sqi.net/img/user/", "suffix": "/5R25WMCIZEFRF3TF.jpg"}, "firstName": "Weng", "lastName": "Feliciano"}, "canonicalUrl": "https://foursquare.com/item/50b4b7fbe4b0ab444b487d08", "todo": {"count": 0}, "disagreeCount": 0}, {"logView": true, "lang": "en", "photo": {"id": "5006a1fbe4b0d23ce4c43ce9", "visibility": "public", "source": {"name": "Foursquare for Android", "url": "https://foursquare.com/download/#/android"}, "suffix": "/OaG2Kwgz2r1Iq9Q0MXdEm_wFUsM0cHFqOXrWtgRb-os.jpg", "createdAt": 1342611963, "prefix": "https://igx.4sqi.net/img/general/", "width": 406, "height": 720}, "createdAt": 1342611960, "todo": {"count": 0}, "agreeCount": 0, "likes": {"groups": [], "count": 0}, "id": "5006a1f8e4b0361f0a5bb1d9", "text": "My favorite French Toast with Kaya butter.", "disagreeCount": 0, "user": {"gender": "male", "id": "5339986", "photo": {"prefix": "https://igx.4sqi.net/img/user/", "suffix": "/5339986-GZSQT3QYE3L2WDUE.jpg"}, "firstName": "Zorba", "lastName": "Tamangen"}, "canonicalUrl": "https://foursquare.com/item/5006a1f8e4b0361f0a5bb1d9", "type": "user", "photourl": "https://igx.4sqi.net/img/general/original/OaG2Kwgz2r1Iq9Q0MXdEm_wFUsM0cHFqOXrWtgRb-os.jpg"}, {"logView": true, "lang": "en", "createdAt": 1320493932, "agreeCount": 0, "likes": {"groups": [{"items": [], "count": 1, "type": "others"}], "summary": "1 like", "count": 1}, "id": "4eb5236c4901cef9d863a334", "text": "Double choc peppermint in xmas menu is still the best!!", "type": "user", "user": {"gender": "female", "id": "9031937", "photo": {"prefix": "https://igx.4sqi.net/img/user/", "suffix": "/0FYKOR02Q2JLHSE0.jpg"}, "firstName": "Vega", "lastName": "Highwell"}, "canonicalUrl": "https://foursquare.com/item/4eb5236c4901cef9d863a334", "todo": {"count": 0}, "disagreeCount": 0}], "count": 23}}}