{"meta": {"code": 200, "requestId": "595a54d2db04f562efbc7d05"}, "response": {"tips": {"items": [{"authorInteractionType": "liked", "logView": true, "lang": "en", "createdAt": 1421561158, "agreeCount": 0, "likes": {"groups": [], "count": 0}, "id": "54bb4d46498e4cb7e12fa910", "text": "Love sitting by the windows, their interior rooms are pretty too. This is the outlet of Sushi Tei that I love, none of their food items has disappointed me yet!", "type": "user", "user": {"gender": "female", "id": "1158539", "photo": {"prefix": "https://igx.4sqi.net/img/user/", "suffix": "/1158539-03T20IMZJRSOYGFI"}, "firstName": "Shermin", "lastName": "Wu"}, "canonicalUrl": "https://foursquare.com/item/54bb4d46498e4cb7e12fa910", "todo": {"count": 0}, "disagreeCount": 0}, {"logView": true, "lang": "en", "createdAt": 1308992265, "agreeCount": 2, "likes": {"groups": [{"items": [{"gender": "none", "id": "3081231", "photo": {"prefix": "https://igx.4sqi.net/img/user/", "suffix": "/L2JSBPP22YUUYYT3.jpg"}, "firstName": "My", "lastName": "Too"}, {"gender": "male", "id": "8107105", "photo": {"prefix": "https://igx.4sqi.net/img/user/", "suffix": "/8107105-KU0SLW433X4GQ2J4.jpg"}, "firstName": "Victor", "lastName": "Tey"}], "count": 3, "type": "others"}], "summary": "3 likes", "count": 3}, "id": "4e05a30918a8382643a83bda", "text": "So many seats inside but they make ppl Q for so long, Stupid. When qns, they said they didn't have enff man power. It's a sat!!", "type": "user", "user": {"gender": "female", "id": "3712979", "photo": {"prefix": "https://igx.4sqi.net/img/user/", "suffix": "/3712979-ZAPOCFD1XJLDULIL.jpg"}, "firstName": "Charlotte", "lastName": "Kiew"}, "canonicalUrl": "https://foursquare.com/item/4e05a30918a8382643a83bda", "todo": {"count": 0}, "disagreeCount": 0}, {"logView": true, "lang": "en", "createdAt": 1284869517, "agreeCount": 1, "likes": {"groups": [{"items": [{"gender": "none", "id": "3081231", "photo": {"prefix": "https://igx.4sqi.net/img/user/", "suffix": "/L2JSBPP22YUUYYT3.jpg"}, "firstName": "My", "lastName": "Too"}], "count": 1, "type": "others"}], "summary": "1 like", "count": 1}, "id": "4c958d8d82b56dcb3951daaa", "text": "Salmon Mentaiyaki (grilled salmon with cod roe) is heavenly good.", "type": "user", "user": {"gender": "male", "id": "3408381", "photo": {"prefix": "https://igx.4sqi.net/img/user/", "suffix": "/EBQM2M4L52YOQMZ3.jpg"}, "firstName": "Jonathan", "lastName": "Yuen"}, "canonicalUrl": "https://foursquare.com/item/4c958d8d82b56dcb3951daaa", "todo": {"count": 0}, "disagreeCount": 0}, {"authorInteractionType": "disliked", "logView": true, "lang": "en", "createdAt": 1476704888, "agreeCount": 0, "likes": {"groups": [], "count": 0}, "id": "5804ba7838faf0693a38905c", "text": "If you're here for Oyako Don... better leave! Tasteless and worst than foodcourt! Those conveyor belt sushi also not very fresh at 7:30pm?", "type": "user", "user": {"gender": "male", "id": "49488240", "photo": {"prefix": "https://igx.4sqi.net/img/user/", "suffix": "/49488240-KSEUMAHTRU5N5CY3.jpg"}, "firstName": "Woof", "lastName": "Woof"}, "canonicalUrl": "https://foursquare.com/item/5804ba7838faf0693a38905c", "todo": {"count": 0}, "disagreeCount": 0}, {"authorInteractionType": "liked", "logView": true, "lang": "en", "createdAt": 1454385869, "agreeCount": 0, "likes": {"groups": [], "count": 0}, "id": "56b02acd498e0938e5b6114e", "text": "Crazy queues during the evenings! Do early dinner if you are craving for one.", "type": "user", "user": {"gender": "female", "id": "16504035", "photo": {"prefix": "https://igx.4sqi.net/img/user/", "suffix": "/16504035-Y240Y2NOOU022AVR.jpg"}, "firstName": "Jasmine", "lastName": "Pang"}, "canonicalUrl": "https://foursquare.com/item/56b02acd498e0938e5b6114e", "todo": {"count": 0}, "disagreeCount": 0}, {"authorInteractionType": "liked", "logView": true, "lang": "en", "createdAt": 1388760155, "agreeCount": 0, "likes": {"groups": [], "count": 0}, "id": "52c6cc5b498e6de734f03ee2", "text": "Good food. Try the dragon rolls and the teriyaki beef. The desserts are nice. For Green Tea lovers, there is a nice cream just for you.", "type": "user", "user": {"gender": "male", "id": "28060426", "photo": {"prefix": "https://igx.4sqi.net/img/user/", "suffix": "/28060426-5VYPM1A5UBHMRYX3.jpg"}, "firstName": "Akshay", "lastName": "Kumar"}, "canonicalUrl": "https://foursquare.com/item/52c6cc5b498e6de734f03ee2", "todo": {"count": 0}, "disagreeCount": 0}, {"authorInteractionType": "liked", "logView": true, "lang": "en", "createdAt": 1424330784, "agreeCount": 0, "likes": {"groups": [], "count": 0}, "id": "54e59020498e24f344d832c8", "text": "Very good and a huge selection of sushi/sashimi. The Soba is excellent.", "type": "user", "user": {"gender": "male", "id": "83619214", "photo": {"prefix": "https://igx.4sqi.net/img/user/", "suffix": "/83619214-YQ2Z4UXMAKMOB23B.jpg"}, "firstName": "Mo", "lastName": "Herb"}, "canonicalUrl": "https://foursquare.com/item/54e59020498e24f344d832c8", "todo": {"count": 0}, "disagreeCount": 0}, {"logView": true, "lang": "en", "createdAt": 1351592059, "agreeCount": 0, "likes": {"groups": [], "count": 0}, "id": "508fa87be4b021eeb3f20d7b", "text": "Reception staff was very rude and disrespectful. \"How many\" and just plainly stuffed my SO and I to a very bad table when the restaurant is only 1/4 full at 5pm. Never stepping in again!", "type": "user", "user": {"gender": "female", "id": "1928985", "photo": {"prefix": "https://igx.4sqi.net/img/user/", "suffix": "/DKKV2MHOMCM2MZB4.jpg"}, "firstName": "Apple", "lastName": "Lee"}, "canonicalUrl": "https://foursquare.com/item/508fa87be4b021eeb3f20d7b", "todo": {"count": 0}, "disagreeCount": 0}, {"logView": true, "lang": "en", "createdAt": 1363592563, "agreeCount": 0, "likes": {"groups": [], "count": 0}, "id": "5146c573e4b0e4ce34d88b25", "text": "Great service.", "type": "user", "user": {"gender": "male", "id": "35709402", "photo": {"prefix": "https://igx.4sqi.net/img/user/", "suffix": "/35709402-NWDIOAI3QSTBU4W3.jpg"}, "firstName": "Bevan", "lastName": "Lee"}, "canonicalUrl": "https://foursquare.com/item/5146c573e4b0e4ce34d88b25", "todo": {"count": 0}, "disagreeCount": 0}, {"logView": true, "lang": "en", "createdAt": 1374490287, "agreeCount": 0, "likes": {"groups": [], "count": 0}, "id": "51ed0eaf498edbbbb9af2d11", "text": "Oops... Swallowed an egg shell...", "type": "user", "user": {"gender": "none", "id": "56456454", "photo": {"prefix": "https://igx.4sqi.net/img/user/", "suffix": "/QOGN411H25WONYFF.jpg"}, "firstName": "Kit Ping", "lastName": "Tai"}, "canonicalUrl": "https://foursquare.com/item/51ed0eaf498edbbbb9af2d11", "todo": {"count": 0}, "disagreeCount": 0}, {"logView": true, "lang": "en", "createdAt": 1277734073, "agreeCount": 1, "likes": {"groups": [{"items": [], "count": 4, "type": "others"}], "summary": "4 likes", "count": 4}, "id": "4c28acb9ce3fc928d97c6d88", "text": "Gosh... They even charge my miso soup and yet didn't served... Very very poor services", "type": "user", "user": {"gender": "male", "id": "938977", "photo": {"prefix": "https://igx.4sqi.net/img/user/", "suffix": "/E134QI0EYLCCYLPB.jpg"}, "firstName": "Jeffrey", "lastName": "Linus"}, "canonicalUrl": "https://foursquare.com/item/4c28acb9ce3fc928d97c6d88", "todo": {"count": 0}, "disagreeCount": 0}, {"logView": true, "lang": "en", "createdAt": 1296884968, "agreeCount": 0, "likes": {"groups": [{"items": [], "count": 2, "type": "others"}], "summary": "2 likes", "count": 2}, "id": "4d4ce4e8fe7fb1f7f95a5642", "text": "Dun forget to use your loyalty card for 10% discount.", "type": "user", "user": {"id": "1169016", "photo": {"prefix": "https://igx.4sqi.net/img/user/", "suffix": "/NJ453XAG0OZHZO4B.jpg"}, "firstName": "Mun  Yew", "gender": "male"}, "canonicalUrl": "https://foursquare.com/item/4d4ce4e8fe7fb1f7f95a5642", "todo": {"count": 0}, "disagreeCount": 0}, {"logView": true, "lang": "en", "createdAt": 1347781847, "agreeCount": 0, "likes": {"groups": [], "count": 0}, "id": "505584d7e4b0719d6857e485", "text": "Sashimi salad is great! Big chunks of salmon, squid and tai", "type": "user", "user": {"gender": "female", "id": "944428", "photo": {"prefix": "https://igx.4sqi.net/img/user/", "suffix": "/RHXNTG211HSDC4VB.gif"}, "firstName": "Vivien", "lastName": "Goh"}, "canonicalUrl": "https://foursquare.com/item/505584d7e4b0719d6857e485", "todo": {"count": 0}, "disagreeCount": 0}, {"logView": true, "lang": "en", "createdAt": 1388818646, "agreeCount": 0, "likes": {"groups": [], "count": 0}, "id": "52c7b0d6498e7c81bda6dbf9", "text": "They have e best salmon!", "type": "user", "user": {"id": "32156725", "photo": {"prefix": "https://igx.4sqi.net/img/user/", "suffix": "/32156725-1BDYBZF1F02UW1Z0.jpg"}, "firstName": "Ruimin", "gender": "female"}, "canonicalUrl": "https://foursquare.com/item/52c7b0d6498e7c81bda6dbf9", "todo": {"count": 0}, "disagreeCount": 0}, {"logView": true, "lang": "en", "createdAt": 1320066201, "agreeCount": 1, "likes": {"groups": [{"items": [{"gender": "male", "id": "2425289", "photo": {"prefix": "https://igx.4sqi.net/img/user/", "suffix": "/2425289-KSDDLNSKVKYLIXIQ.jpg"}, "firstName": "Kennieth", "lastName": "Ong"}], "count": 1, "type": "others"}], "summary": "1 like", "count": 1}, "id": "4eae9c99e5fad025f89aa258", "text": "Not bad for japanese, reasonably priced in this country. Uni isn't so fresh tho.", "type": "user", "user": {"gender": "none", "id": "1306234", "photo": {"prefix": "https://igx.4sqi.net/img/user/", "suffix": "/5IMNWDHK2HCCPQQK.jpg"}, "firstName": "Jamie", "lastName": "Koa"}, "canonicalUrl": "https://foursquare.com/item/4eae9c99e5fad025f89aa258", "todo": {"count": 0}, "disagreeCount": 0}, {"logView": true, "lang": "en", "createdAt": 1372089608, "agreeCount": 0, "likes": {"groups": [], "count": 0}, "id": "51c86d08498e16a8ce56be44", "text": "salmon mentaiyaki or whatever is that taste good perfection \ud83d\udc4c\ud83d\udc4c\ud83d\udc4c", "type": "user", "user": {"gender": "male", "id": "27453367", "photo": {"prefix": "https://igx.4sqi.net/img/user/", "suffix": "/AWW2DSEFGNRYGPQ3.jpg"}, "firstName": "Danforth", "lastName": "Villareal"}, "canonicalUrl": "https://foursquare.com/item/51c86d08498e16a8ce56be44", "todo": {"count": 0}, "disagreeCount": 0}, {"logView": true, "lang": "en", "createdAt": 1277733583, "agreeCount": 0, "likes": {"groups": [], "count": 0}, "id": "4c28aacfce3fc9283e796d88", "text": "I wonder why customer come in at 9pm. Once we sitter not awhile. We were ask for last order... This is really terrible... Food wasn't finish and was asked to bill... Bad service attitude...", "type": "user", "user": {"gender": "male", "id": "938977", "photo": {"prefix": "https://igx.4sqi.net/img/user/", "suffix": "/E134QI0EYLCCYLPB.jpg"}, "firstName": "Jeffrey", "lastName": "Linus"}, "canonicalUrl": "https://foursquare.com/item/4c28aacfce3fc9283e796d88", "todo": {"count": 0}, "disagreeCount": 0}, {"logView": true, "lang": "en", "photo": {"id": "50b355fee4b0036cfbef8169", "visibility": "public", "source": {"name": "Foursquare for Android", "url": "https://foursquare.com/download/#/android"}, "suffix": "/12315697_bt-gefGL6wZ65LNwwD89QSwv7sMlCcvEu3QLFc5eYWs.jpg", "createdAt": 1353930238, "prefix": "https://igx.4sqi.net/img/general/", "width": 540, "height": 720}, "createdAt": 1353929994, "todo": {"count": 0}, "agreeCount": 0, "likes": {"groups": [], "count": 0}, "id": "50b3550ae4b07a713e2b4408", "text": "Beef sukiyaki!", "disagreeCount": 0, "user": {"gender": "none", "id": "12315697", "photo": {"prefix": "https://igx.4sqi.net/img/user/", "suffix": "/0L1DM442MIBJNEAE.jpg"}, "firstName": "A Sunny", "lastName": "Gal"}, "canonicalUrl": "https://foursquare.com/item/50b3550ae4b07a713e2b4408", "type": "user", "photourl": "https://igx.4sqi.net/img/general/original/12315697_bt-gefGL6wZ65LNwwD89QSwv7sMlCcvEu3QLFc5eYWs.jpg"}, {"authorInteractionType": "meh", "logView": true, "lang": "en", "createdAt": 1419913073, "agreeCount": 0, "likes": {"groups": [], "count": 0}, "id": "54a22771498ec2b7fd2dd4dd", "text": "This outlet is always full of people. You'll have to be early if you want to miss the long queue. The staffs are quite friendly and nice.", "type": "user", "user": {"gender": "female", "id": "755166", "photo": {"prefix": "https://igx.4sqi.net/img/user/", "suffix": "/AHLCKLUBB1SKADXI.jpg"}, "firstName": "Jasmine", "lastName": "Ho"}, "canonicalUrl": "https://foursquare.com/item/54a22771498ec2b7fd2dd4dd", "todo": {"count": 0}, "disagreeCount": 0}, {"logView": true, "lang": "en", "photo": {"id": "5008f290e4b048dc820ea02f", "visibility": "public", "source": {"name": "Foursquare for iOS", "url": "https://foursquare.com/download/#/iphone"}, "suffix": "/3JlXHpeRXu9-v1KuJVP1DT6-Kbcym3mrlL0t86CD0yA.jpg", "createdAt": 1342763664, "prefix": "https://igx.4sqi.net/img/general/", "width": 537, "height": 720}, "createdAt": 1342763652, "todo": {"count": 0}, "agreeCount": 0, "likes": {"groups": [], "count": 0}, "id": "5008f284e4b0bc1fa4b353fe", "text": "There's no 1 around!", "disagreeCount": 0, "user": {"gender": "male", "id": "4715320", "photo": {"prefix": "https://igx.4sqi.net/img/user/", "suffix": "/4715320-QL25OHZUYBTBDPU3.jpg"}, "firstName": "Rayn", "lastName": "Lim"}, "canonicalUrl": "https://foursquare.com/item/5008f284e4b0bc1fa4b353fe", "type": "user", "photourl": "https://igx.4sqi.net/img/general/original/3JlXHpeRXu9-v1KuJVP1DT6-Kbcym3mrlL0t86CD0yA.jpg"}, {"logView": true, "lang": "en", "photo": {"id": "5055875fe4b096ad9a02f58b", "visibility": "public", "source": {"name": "Foursquare for iOS", "url": "https://foursquare.com/download/#/iphone"}, "suffix": "/944428_pN1O7izGBw8v_B-PTBKpw38rqSNq4nU0NGY4wJX-xPU.jpg", "createdAt": 1347782495, "prefix": "https://igx.4sqi.net/img/general/", "width": 720, "height": 540}, "createdAt": 1347782411, "todo": {"count": 0}, "agreeCount": 0, "likes": {"groups": [], "count": 0}, "id": "5055870be4b09a662dd37811", "text": "The red prawn sushi is fantastic! Very sweet and fresh... Use your sushi tei card during your birthday month and get 20% off!", "disagreeCount": 0, "user": {"gender": "female", "id": "944428", "photo": {"prefix": "https://igx.4sqi.net/img/user/", "suffix": "/RHXNTG211HSDC4VB.gif"}, "firstName": "Vivien", "lastName": "Goh"}, "canonicalUrl": "https://foursquare.com/item/5055870be4b09a662dd37811", "type": "user", "photourl": "https://igx.4sqi.net/img/general/original/944428_pN1O7izGBw8v_B-PTBKpw38rqSNq4nU0NGY4wJX-xPU.jpg"}, {"logView": true, "lang": "en", "createdAt": 1327644246, "agreeCount": 1, "likes": {"groups": [{"items": [], "count": 1, "type": "others"}], "summary": "1 like", "count": 1}, "id": "4f223e56e4b0ed3396233025", "text": "the staff very rude. no training in human interaction. maybe they live in caves outside work.", "type": "user", "user": {"gender": "female", "id": "3853592", "photo": {"prefix": "https://igx.4sqi.net/img/user/", "suffix": "/XWOZCQJQ5DOW2GZ2.jpg"}, "firstName": "yy", "lastName": "wong"}, "canonicalUrl": "https://foursquare.com/item/4f223e56e4b0ed3396233025", "todo": {"count": 0}, "disagreeCount": 0}, {"logView": true, "lang": "en", "createdAt": 1297054927, "agreeCount": 0, "likes": {"groups": [], "count": 0}, "id": "4d4f7ccfc5ff6ea8423c9107", "text": "Sometimes lost order. Especially be careful on trainee. \"on the way\" means just start cooking.", "type": "user", "user": {"gender": "male", "id": "325269", "photo": {"prefix": "https://igx.4sqi.net/img/user/", "suffix": "/RTB23VPHOUBQNFUE.jpg"}, "firstName": "Noriaki", "lastName": "Gotoh"}, "canonicalUrl": "https://foursquare.com/item/4d4f7ccfc5ff6ea8423c9107", "todo": {"count": 0}, "disagreeCount": 0}, {"logView": true, "lang": "en", "createdAt": 1288878669, "agreeCount": 2, "likes": {"groups": [{"items": [{"gender": "male", "id": "8297793", "photo": {"prefix": "https://igx.4sqi.net/img/user/", "suffix": "/8297793-1XCPJSQKOIBR1YND.jpg"}, "firstName": "Neal", "lastName": "Noval"}, {"gender": "male", "id": "28262014", "photo": {"prefix": "https://igx.4sqi.net/img/user/", "suffix": "/4LZM3PLD0WXIQEFQ.jpg"}, "firstName": "John", "lastName": "Yong"}], "count": 2, "type": "others"}], "summary": "2 likes", "count": 2}, "id": "4cd2ba4ddf88a35d1b826aa0", "text": "Salmon sashimi is fresh n tasty... Do try the hotate misomayo it's addictive!", "type": "user", "user": {"gender": "female", "id": "4044328", "photo": {"prefix": "https://igx.4sqi.net/img/user/", "suffix": "/T5HRFOUJSZ4P5NH2.jpg"}, "firstName": "Ice", "lastName": "Princess"}, "canonicalUrl": "https://foursquare.com/item/4cd2ba4ddf88a35d1b826aa0", "todo": {"count": 0}, "disagreeCount": 0}, {"authorInteractionType": "liked", "logView": true, "lang": "it", "createdAt": 1482812634, "agreeCount": 0, "likes": {"groups": [], "count": 0}, "id": "5861ecda13c22349798e25cd", "text": "Sashimi, salad, Dai Dai roll", "type": "user", "user": {"gender": "male", "id": "1368836", "photo": {"prefix": "https://igx.4sqi.net/img/user/", "suffix": "/1368836-NAWIYI5QIVWGBCPK.jpg"}, "firstName": "Keith", "lastName": "Lee"}, "canonicalUrl": "https://foursquare.com/item/5861ecda13c22349798e25cd", "todo": {"count": 0}, "disagreeCount": 0}, {"logView": true, "lang": "en", "createdAt": 1290947600, "agreeCount": 0, "likes": {"groups": [], "count": 0}, "id": "4cf24c10c9af6dcb655c9f7f", "text": "nice food and a cosmopolitan setting. recommended. hint: they sell no sets :(", "type": "user", "user": {"gender": "male", "id": "515459", "photo": {"prefix": "https://igx.4sqi.net/img/user/", "suffix": "/A4WADB45GFV2Z12K.jpg"}, "firstName": "Martin", "lastName": "Brochhaus"}, "canonicalUrl": "https://foursquare.com/item/4cf24c10c9af6dcb655c9f7f", "todo": {"count": 0}, "disagreeCount": 0}, {"logView": true, "lang": "en", "createdAt": 1303211530, "agreeCount": 0, "likes": {"groups": [], "count": 0}, "id": "4dad6e0a8154b108febdccc6", "text": "Service is terrible. The wasabi jar at table had gone bad coz they never wash it. Told the staff who just walked off with it without saying a word. Food is overpriced for very average quality.", "type": "user", "user": {"gender": "male", "id": "6010245", "photo": {"prefix": "https://igx.4sqi.net/img/user/", "suffix": "/CITP2ORQLED0PP3Z.jpg"}, "firstName": "Don", "lastName": "T"}, "canonicalUrl": "https://foursquare.com/item/4dad6e0a8154b108febdccc6", "todo": {"count": 0}, "disagreeCount": 0}, {"logView": true, "lang": "en", "createdAt": 1312259827, "agreeCount": 0, "likes": {"groups": [], "count": 0}, "id": "4e377ef318a8470916cbb307", "text": "Katsu curry rice comes very slow. Have to wait over 20 min.", "type": "user", "user": {"gender": "male", "id": "325269", "photo": {"prefix": "https://igx.4sqi.net/img/user/", "suffix": "/RTB23VPHOUBQNFUE.jpg"}, "firstName": "Noriaki", "lastName": "Gotoh"}, "canonicalUrl": "https://foursquare.com/item/4e377ef318a8470916cbb307", "todo": {"count": 0}, "disagreeCount": 0}, {"logView": true, "lang": "en", "createdAt": 1298207286, "agreeCount": 1, "likes": {"groups": [{"items": [], "count": 1, "type": "others"}], "summary": "1 like", "count": 1}, "id": "4d6112361939a35d162729ee", "text": "Service and food getting from bad to worse. They serve cold and dry salmon mentai. Was very dissatisfied with their standard.", "type": "user", "user": {"gender": "female", "id": "1587702", "photo": {"prefix": "https://igx.4sqi.net/img/user/", "suffix": "/HPK2XRIUIG2WKE3T.jpg"}, "firstName": "Claire", "lastName": "LI"}, "canonicalUrl": "https://foursquare.com/item/4d6112361939a35d162729ee", "todo": {"count": 0}, "disagreeCount": 0}, {"logView": true, "lang": "en", "createdAt": 1362228202, "agreeCount": 0, "likes": {"groups": [], "count": 0}, "id": "5131f3eae4b0d7075e129d36", "text": "For vegetarians (including egg), tasty options... Tamago Maki, Kappa Maki, Oshinko Maki, Potato Croquette...", "type": "user", "user": {"gender": "male", "id": "43783639", "photo": {"prefix": "https://igx.4sqi.net/img/user/", "default": true, "suffix": "/blank_boy.png"}, "firstName": "Himanshu", "lastName": "Gupta"}, "canonicalUrl": "https://foursquare.com/item/5131f3eae4b0d7075e129d36", "todo": {"count": 0}, "disagreeCount": 0}, {"logView": true, "lang": "en", "createdAt": 1288587068, "agreeCount": 0, "likes": {"groups": [], "count": 0}, "id": "4cce473cb571b60c08c5dd65", "text": "there are no napkins placed. And they charge you 20 cents for the wet towel! if you don't want to be charged extra, don't use it.", "type": "user", "user": {"gender": "female", "id": "1232253", "photo": {"prefix": "https://igx.4sqi.net/img/user/", "suffix": "/ZYN1UHTDQKU0WJCG.jpg"}, "firstName": "Yen", "lastName": "SY"}, "canonicalUrl": "https://foursquare.com/item/4cce473cb571b60c08c5dd65", "todo": {"count": 0}, "disagreeCount": 0}, {"authorInteractionType": "liked", "logView": true, "lang": "en", "createdAt": 1457273275, "agreeCount": 1, "likes": {"groups": [{"items": [{"id": "55390456", "photo": {"prefix": "https://igx.4sqi.net/img/user/", "suffix": "/55390456_xjGWfjYZ_UAMBNliBjCxql6WleMj7JVZzY9y3t2_6WtR-3ecn7WlfLcMpWqn7tIYj_11T_fb-.jpg"}, "firstName": "Ting", "gender": "female"}], "count": 1, "type": "others"}], "summary": "1 like", "count": 1}, "id": "56dc39bb498e359a30753d6c", "text": "Sushi tastes amazing , salmon head tastes like heaven and fish eggs taste amazing , like heaven .  \ud83c\udf63", "type": "user", "user": {"gender": "male", "id": "107604885", "photo": {"prefix": "https://igx.4sqi.net/img/user/", "suffix": "/107604885-K0PP242A4B2NDI2M.jpg"}, "firstName": "Tino", "lastName": "Buranasilapin"}, "canonicalUrl": "https://foursquare.com/item/56dc39bb498e359a30753d6c", "todo": {"count": 0}, "disagreeCount": 0}, {"logView": true, "lang": "en", "createdAt": 1377535254, "agreeCount": 0, "likes": {"groups": [], "count": 0}, "id": "521b8516498eb1adc3c0703f", "text": "Some of the staffs are quite rude!", "type": "user", "user": {"gender": "male", "id": "2870076", "photo": {"prefix": "https://igx.4sqi.net/img/user/", "suffix": "/UAPEXHH30RLAFCRG.jpg"}, "firstName": "Calvin", "lastName": "Saputra"}, "canonicalUrl": "https://foursquare.com/item/521b8516498eb1adc3c0703f", "todo": {"count": 0}, "disagreeCount": 0}, {"authorInteractionType": "liked", "logView": true, "lang": "en", "createdAt": 1404970555, "agreeCount": 0, "likes": {"groups": [], "count": 0}, "id": "53be263b498ea62ebb6b2a7d", "text": "A bit over crowded, but fine on working days.", "type": "user", "user": {"gender": "female", "id": "61469507", "photo": {"prefix": "https://igx.4sqi.net/img/user/", "suffix": "/00SSJNE4UT004RLQ.jpg"}, "firstName": "Olga", "lastName": "Anise"}, "canonicalUrl": "https://foursquare.com/item/53be263b498ea62ebb6b2a7d", "todo": {"count": 0}, "disagreeCount": 0}, {"logView": true, "lang": "en", "createdAt": 1372861494, "agreeCount": 0, "likes": {"groups": [], "count": 0}, "id": "51d43436498e668e4cf37634", "text": "Casual quality jap dining", "type": "user", "user": {"gender": "female", "id": "60011109", "photo": {"prefix": "https://igx.4sqi.net/img/user/", "suffix": "/PYY5SHSNUC2NB3QR.jpg"}, "firstName": "Jacinta", "lastName": "Lee"}, "canonicalUrl": "https://foursquare.com/item/51d43436498e668e4cf37634", "todo": {"count": 0}, "disagreeCount": 0}, {"logView": true, "lang": "en", "createdAt": 1393755974, "agreeCount": 0, "likes": {"groups": [], "count": 0}, "id": "5313074611d2929c6703ff5c", "text": "Nama chocolate green tea ice cream, umi sushi, sukiyaki", "type": "user", "user": {"id": "37366015", "photo": {"prefix": "https://igx.4sqi.net/img/user/", "suffix": "/TPZHA3ALSUM5Q041.jpg"}, "firstName": "Jingyan", "gender": "female"}, "canonicalUrl": "https://foursquare.com/item/5313074611d2929c6703ff5c", "todo": {"count": 0}, "disagreeCount": 0}, {"logView": true, "lang": "en", "createdAt": 1414676645, "agreeCount": 0, "likes": {"groups": [], "count": 0}, "id": "545240a5498ea197ed52111e", "text": "Sashimi here is fresh and good. Service is good, food serve on time. Quite efficient.", "type": "user", "user": {"gender": "male", "id": "67091635", "photo": {"prefix": "https://igx.4sqi.net/img/user/", "suffix": "/67091635-WIMPVHRMTMJTEXJZ.jpg"}, "firstName": "Mark", "lastName": "Tan"}, "canonicalUrl": "https://foursquare.com/item/545240a5498ea197ed52111e", "todo": {"count": 0}, "disagreeCount": 0}, {"authorInteractionType": "liked", "logView": true, "lang": "en", "createdAt": 1421581055, "agreeCount": 0, "likes": {"groups": [], "count": 0}, "id": "54bb9aff498e385907d16aa3", "text": "Like it and the receptionist and waitress are friendly", "type": "user", "user": {"gender": "male", "id": "110621885", "photo": {"prefix": "https://igx.4sqi.net/img/user/", "suffix": "/110621885-SLY0DEWCZVMDWJHB.jpg"}, "firstName": "Andy", "lastName": "Seng"}, "canonicalUrl": "https://foursquare.com/item/54bb9aff498e385907d16aa3", "todo": {"count": 0}, "disagreeCount": 0}, {"logView": true, "lang": "en", "createdAt": 1282390696, "agreeCount": 0, "likes": {"groups": [], "count": 0}, "id": "4c6fbaa89c6d6dcbc94fd07a", "text": "Salmon sashimi today is fresh.", "type": "user", "user": {"gender": "male", "id": "2766464", "photo": {"prefix": "https://igx.4sqi.net/img/user/", "suffix": "/FGJAY2VQL53QIGYP.jpg"}, "firstName": "Zachary", "lastName": "Wang"}, "canonicalUrl": "https://foursquare.com/item/4c6fbaa89c6d6dcbc94fd07a", "todo": {"count": 0}, "disagreeCount": 0}, {"logView": true, "lang": "en", "createdAt": 1314185508, "agreeCount": 0, "likes": {"groups": [], "count": 0}, "id": "4e54e12462e1d18443231f44", "text": "be careful! they closed the section if they have not staffs..", "type": "user", "user": {"id": "5441602", "photo": {"prefix": "https://igx.4sqi.net/img/user/", "suffix": "/KPPBAYR2SEIKBK0M.jpg"}, "firstName": "Joy Evian Tan", "gender": "female"}, "canonicalUrl": "https://foursquare.com/item/4e54e12462e1d18443231f44", "todo": {"count": 0}, "disagreeCount": 0}, {"logView": true, "lang": "en", "createdAt": 1300883617, "agreeCount": 0, "likes": {"groups": [], "count": 0}, "id": "4d89e8a126a36ea8c7d0e8ad", "text": "poor quality rice in a Japanese joint - jialatbanana", "type": "user", "user": {"gender": "none", "id": "591944", "photo": {"prefix": "https://igx.4sqi.net/img/user/", "suffix": "/591944_3JSsX51c__YpcqWFRkLEReuu80hJS9jdSUI8bJmXEVVh_wXlg0XGbmt8NN9Kxn0riBVlYYVEZ.jpg"}, "firstName": "Andrea", "lastName": "C"}, "canonicalUrl": "https://foursquare.com/item/4d89e8a126a36ea8c7d0e8ad", "todo": {"count": 0}, "disagreeCount": 0}, {"logView": true, "lang": "en", "createdAt": 1269783775, "agreeCount": 0, "likes": {"groups": [{"items": [], "count": 4, "type": "others"}], "summary": "4 likes", "count": 4}, "id": "4baf5cdf70c603bbfbf795b4", "text": "Awesome service!", "type": "user", "user": {"gender": "female", "id": "205631", "photo": {"prefix": "https://igx.4sqi.net/img/user/", "suffix": "/VA0LMVL1EIK3YJPV.jpg"}, "firstName": "Felicia", "lastName": "Ang"}, "canonicalUrl": "https://foursquare.com/item/4baf5cdf70c603bbfbf795b4", "todo": {"count": 0}, "disagreeCount": 0}, {"logView": true, "lang": "en", "createdAt": 1296972808, "agreeCount": 0, "likes": {"groups": [], "count": 0}, "id": "4d4e3c088975a35d98c30ca8", "text": "Love the otoro sushi, literally melts in your mouth!", "type": "user", "user": {"gender": "female", "id": "3429874", "photo": {"prefix": "https://igx.4sqi.net/img/user/", "suffix": "/DKBBYKHCEO22AFY4.jpg"}, "firstName": "Christine", "lastName": "Tan"}, "canonicalUrl": "https://foursquare.com/item/4d4e3c088975a35d98c30ca8", "todo": {"count": 0}, "disagreeCount": 0}, {"logView": true, "lang": "en", "createdAt": 1323950675, "agreeCount": 1, "likes": {"groups": [{"items": [], "count": 1, "type": "others"}], "summary": "1 like", "count": 1}, "id": "4ee9e253d3e3a60af34db86d", "text": "Bad service.", "type": "user", "user": {"gender": "female", "id": "6375806", "photo": {"prefix": "https://igx.4sqi.net/img/user/", "suffix": "/NWXSDRSWYA4UK1P1.jpg"}, "firstName": "Val", "lastName": "C"}, "canonicalUrl": "https://foursquare.com/item/4ee9e253d3e3a60af34db86d", "todo": {"count": 0}, "disagreeCount": 0}, {"logView": true, "lang": "en", "createdAt": 1333198329, "agreeCount": 4, "likes": {"groups": [{"items": [{"gender": "male", "id": "28262014", "photo": {"prefix": "https://igx.4sqi.net/img/user/", "suffix": "/4LZM3PLD0WXIQEFQ.jpg"}, "firstName": "John", "lastName": "Yong"}, {"gender": "female", "id": "28740622", "photo": {"prefix": "https://igx.4sqi.net/img/user/", "suffix": "/DGOWP5RX01NA5KCJ.jpg"}, "firstName": "Kelly", "lastName": "Yau"}, {"id": "18144366", "photo": {"prefix": "https://igx.4sqi.net/img/user/", "suffix": "/PVB53P543E5F00B3.jpg"}, "firstName": "\u5ca2\u94ed", "gender": "male"}, {"gender": "male", "id": "3934185", "photo": {"prefix": "https://igx.4sqi.net/img/user/", "suffix": "/2X1ILY310LJ33CDJ.jpg"}, "firstName": "Yew", "lastName": "Hwee"}], "count": 4, "type": "others"}], "summary": "4 likes", "count": 4}, "id": "4f76fdf9e4b0e91fa6758738", "text": "Found one plastic inside California maki", "type": "user", "user": {"id": "2997630", "photo": {"prefix": "https://igx.4sqi.net/img/user/", "suffix": "/TGQPU42WMCNZXJPG.jpg"}, "firstName": "\ud83d\udc97Jojoty\ud83d\udc97", "gender": "female"}, "canonicalUrl": "https://foursquare.com/item/4f76fdf9e4b0e91fa6758738", "todo": {"count": 2}, "disagreeCount": 0}, {"authorInteractionType": "disliked", "logView": true, "lang": "en", "createdAt": 1458526230, "agreeCount": 0, "likes": {"groups": [], "count": 0}, "id": "56ef5816498e145d48a57d7f", "text": "Don't order sashimi.", "type": "user", "user": {"gender": "female", "id": "121478341", "photo": {"prefix": "https://igx.4sqi.net/img/user/", "suffix": "/121478341-L2PB0RHAXJ0SB4A1.jpg"}, "firstName": "Steff", "lastName": "Wong"}, "canonicalUrl": "https://foursquare.com/item/56ef5816498e145d48a57d7f", "todo": {"count": 0}, "disagreeCount": 0}, {"logView": true, "lang": "en", "createdAt": 1302150583, "agreeCount": 0, "likes": {"groups": [], "count": 0}, "id": "4d9d3db7c99fb60c24c8c38b", "text": "No curry foods in these days", "type": "user", "user": {"gender": "male", "id": "325269", "photo": {"prefix": "https://igx.4sqi.net/img/user/", "suffix": "/RTB23VPHOUBQNFUE.jpg"}, "firstName": "Noriaki", "lastName": "Gotoh"}, "canonicalUrl": "https://foursquare.com/item/4d9d3db7c99fb60c24c8c38b", "todo": {"count": 0}, "disagreeCount": 0}, {"logView": true, "lang": "en", "createdAt": 1381737480, "agreeCount": 0, "likes": {"groups": [], "count": 0}, "id": "525ba40811d22db7e261ce3a", "text": "Not very single diner friendly. Didn't appear to be happy about \"opening\" a table for one even when it's way past lunch time hours.", "type": "user", "user": {"gender": "female", "id": "8169667", "photo": {"prefix": "https://igx.4sqi.net/img/user/", "suffix": "/8169667-ZULVSZPFELPD52TC.jpg"}, "firstName": "Momo", "lastName": "Hui Shan"}, "canonicalUrl": "https://foursquare.com/item/525ba40811d22db7e261ce3a", "todo": {"count": 0}, "disagreeCount": 0}, {"logView": true, "lang": "en", "createdAt": 1285910884, "agreeCount": 2, "likes": {"groups": [{"items": [{"gender": "male", "id": "2425289", "photo": {"prefix": "https://igx.4sqi.net/img/user/", "suffix": "/2425289-KSDDLNSKVKYLIXIQ.jpg"}, "firstName": "Kennieth", "lastName": "Ong"}, {"gender": "male", "id": "14008316", "photo": {"prefix": "https://igx.4sqi.net/img/user/", "suffix": "/YPI1TBBSXTNDHK1O.jpg"}, "firstName": "Leslie Bobby", "lastName": "Low"}], "count": 2, "type": "others"}], "summary": "2 likes", "count": 2}, "id": "4ca5716414c337049673b63b", "text": "Always long queue at dinner time. Besides, gud fud w reasonable price", "type": "user", "user": {"gender": "male", "id": "1262646", "photo": {"prefix": "https://igx.4sqi.net/img/user/", "suffix": "/QJGTGZ33JMGOVJVT.jpg"}, "firstName": "FENG", "lastName": "CHENG"}, "canonicalUrl": "https://foursquare.com/item/4ca5716414c337049673b63b", "todo": {"count": 0}, "disagreeCount": 0}, {"logView": true, "lang": "en", "createdAt": 1411832145, "agreeCount": 0, "likes": {"groups": [], "count": 0}, "id": "5426d951498e202df09b0938", "text": "Love the handrolls there! Fresh!", "type": "user", "user": {"gender": "female", "id": "10322904", "photo": {"prefix": "https://igx.4sqi.net/img/user/", "suffix": "/10322904-LXD30LRBJ1XM0UNL.jpg"}, "firstName": "Melanie", "lastName": "Liow"}, "canonicalUrl": "https://foursquare.com/item/5426d951498e202df09b0938", "todo": {"count": 0}, "disagreeCount": 0}, {"logView": true, "lang": "en", "createdAt": 1288586938, "agreeCount": 0, "likes": {"groups": [], "count": 0}, "id": "4cce46baaa25a35d52f91f0f", "text": "horrible service. but average Japanese cuisine.", "type": "user", "user": {"gender": "female", "id": "1232253", "photo": {"prefix": "https://igx.4sqi.net/img/user/", "suffix": "/ZYN1UHTDQKU0WJCG.jpg"}, "firstName": "Yen", "lastName": "SY"}, "canonicalUrl": "https://foursquare.com/item/4cce46baaa25a35d52f91f0f", "todo": {"count": 0}, "disagreeCount": 0}, {"logView": true, "lang": "en", "createdAt": 1282886960, "agreeCount": 3, "likes": {"groups": [{"items": [{"gender": "male", "id": "2510593", "photo": {"prefix": "https://igx.4sqi.net/img/user/", "suffix": "/2OC0VTMWULKZBCEE.jpg"}, "firstName": "KeF", "lastName": "TAn"}, {"gender": "male", "id": "28262014", "photo": {"prefix": "https://igx.4sqi.net/img/user/", "suffix": "/4LZM3PLD0WXIQEFQ.jpg"}, "firstName": "John", "lastName": "Yong"}, {"gender": "male", "id": "8107105", "photo": {"prefix": "https://igx.4sqi.net/img/user/", "suffix": "/8107105-KU0SLW433X4GQ2J4.jpg"}, "firstName": "Victor", "lastName": "Tey"}], "count": 3, "type": "others"}], "summary": "3 likes", "count": 3}, "id": "4c774d30b4b4b60c7c73270e", "text": "Ridiculous wait for a table, and the food is not even spectacular for it's prices.", "type": "user", "user": {"gender": "female", "id": "1028360", "photo": {"prefix": "https://igx.4sqi.net/img/user/", "suffix": "/KI2GFWOJ2GOYBNDV.jpg"}, "firstName": "Mei", "lastName": "Leong"}, "canonicalUrl": "https://foursquare.com/item/4c774d30b4b4b60c7c73270e", "todo": {"count": 0}, "disagreeCount": 0}, {"logView": true, "lang": "en", "createdAt": 1314700248, "agreeCount": 0, "likes": {"groups": [], "count": 0}, "id": "4e5cbbd8aeb7a6ca53e3c306", "text": "Shirane...value meal", "type": "user", "user": {"gender": "female", "id": "3955066", "photo": {"prefix": "https://igx.4sqi.net/img/user/", "suffix": "/JOQVIQX3K3WENX4Z.jpg"}, "firstName": "bee yen", "lastName": "sim"}, "canonicalUrl": "https://foursquare.com/item/4e5cbbd8aeb7a6ca53e3c306", "todo": {"count": 0}, "disagreeCount": 0}], "count": 53}}}