{"meta": {"code": 200, "requestId": "595a4ae0f594df3c25883c3a"}, "response": {"tips": {"items": [{"authorInteractionType": "liked", "logView": true, "lang": "en", "createdAt": 1425457244, "agreeCount": 0, "likes": {"groups": [], "count": 0}, "id": "54f6c05c498e7df049a83a98", "text": "Well halal food and the spicy sauce was great", "type": "user", "user": {"gender": "male", "id": "65131717", "photo": {"prefix": "https://igx.4sqi.net/img/user/", "suffix": "/65131717-ANYWW1JKSB1GILS5.jpg"}, "firstName": "Sarfaraz", "lastName": "Shaikh"}, "canonicalUrl": "https://foursquare.com/item/54f6c05c498e7df049a83a98", "todo": {"count": 0}, "disagreeCount": 0}, {"logView": true, "lang": "en", "createdAt": 1319674483, "agreeCount": 0, "likes": {"groups": [], "count": 0}, "id": "4ea8a2737ee5cc41937b3c61", "text": "Chapati .80 each. Keema 3.00 per plate. A bit steep for keema but still worth it. Go for dhal for cheaper version", "type": "user", "user": {"gender": "male", "id": "10879985", "photo": {"prefix": "https://igx.4sqi.net/img/user/", "suffix": "/2DBJVUTIBTIUSIK4.jpg"}, "firstName": "John", "lastName": "Figo"}, "canonicalUrl": "https://foursquare.com/item/4ea8a2737ee5cc41937b3c61", "todo": {"count": 0}, "disagreeCount": 0}, {"authorInteractionType": "liked", "logView": true, "lang": "en", "photo": {"id": "56b5bdb9498eda858a58cea4", "visibility": "public", "source": {"name": "Foursquare for iOS", "url": "https://foursquare.com/download/#/iphone"}, "suffix": "/15009_HSQuY3CMaXd5T1gUteIYBPISpf5j7i8xrn20eM-3ErQ.jpg", "createdAt": 1454751161, "prefix": "https://igx.4sqi.net/img/general/", "width": 1920, "height": 1440}, "createdAt": 1454751141, "todo": {"count": 0}, "agreeCount": 0, "likes": {"groups": [], "count": 0}, "id": "56b5bda5498e7b4dc7ed9b3b", "text": "Delightful if humble fare with good vegetarian options. We had daal and aloo matta with our chapati. Cost next to nothing.", "disagreeCount": 0, "user": {"gender": "male", "id": "15009", "photo": {"prefix": "https://igx.4sqi.net/img/user/", "suffix": "/15009-MI4OIOYSN1GRXT53.jpg"}, "firstName": "Kars", "lastName": "Alfrink"}, "canonicalUrl": "https://foursquare.com/item/56b5bda5498e7b4dc7ed9b3b", "type": "user", "photourl": "https://igx.4sqi.net/img/general/original/15009_HSQuY3CMaXd5T1gUteIYBPISpf5j7i8xrn20eM-3ErQ.jpg"}, {"authorInteractionType": "meh", "logView": true, "lang": "en", "createdAt": 1430715606, "agreeCount": 0, "likes": {"groups": [], "count": 0}, "id": "5546fcd6498ec5920cdcddce", "text": "Freshly made chappati goes well with any curries.", "type": "user", "user": {"id": "55390456", "photo": {"prefix": "https://igx.4sqi.net/img/user/", "suffix": "/55390456_xjGWfjYZ_UAMBNliBjCxql6WleMj7JVZzY9y3t2_6WtR-3ecn7WlfLcMpWqn7tIYj_11T_fb-.jpg"}, "firstName": "Ting", "gender": "female"}, "canonicalUrl": "https://foursquare.com/item/5546fcd6498ec5920cdcddce", "todo": {"count": 0}, "disagreeCount": 0}, {"logView": true, "lang": "en", "createdAt": 1301120929, "agreeCount": 0, "likes": {"groups": [], "count": 0}, "id": "4d8d87a1d265236ab22bf516", "text": "Da best chappati in d world da", "type": "user", "user": {"gender": "male", "id": "5661227", "photo": {"prefix": "https://igx.4sqi.net/img/user/", "suffix": "/1P3S4RBMVFRSFD3U.jpg"}, "firstName": "Amali", "lastName": "Supafly"}, "canonicalUrl": "https://foursquare.com/item/4d8d87a1d265236ab22bf516", "todo": {"count": 0}, "disagreeCount": 0}, {"logView": true, "lang": "en", "createdAt": 1277251706, "agreeCount": 0, "likes": {"groups": [{"items": [], "count": 1, "type": "others"}], "summary": "1 like", "count": 1}, "id": "4c21507a9a67a59302cfda87", "text": "Best chappati & thoseh..", "type": "user", "user": {"id": "1106720", "photo": {"prefix": "https://igx.4sqi.net/img/user/", "suffix": "/X30SPUVKP22MTXSY.jpg"}, "firstName": "M@Nz", "gender": "male"}, "canonicalUrl": "https://foursquare.com/item/4c21507a9a67a59302cfda87", "todo": {"count": 1}, "disagreeCount": 0}, {"logView": true, "lang": "ja", "createdAt": 1351929327, "agreeCount": 0, "likes": {"groups": [], "count": 0}, "id": "5094cdef498ecb7e543f4d9c", "text": "\u6298\u89d2 LittleIndia \u306b\u6765\u305f\u304b\u3089\u306b\u306f\u30ab\u30ec\u30fc\u3092\u98df\u3079\u3066\u5e30\u3089\u306d\u3070\u306a\u308b\u307e\u3044\u3068\u3002\u30de\u30c8\u30f3\u30ab\u30ec\u30fc\u306f\u30b9\u30d1\u30a4\u30b7\u30fc\u3067\u65e8\u304b\u3063\u305f\u3002\u30c1\u30ad\u30f3\u306f\u63da\u3052\u305f\u3066\u3067\u306f\u306a\u304b\u3063\u305f\u3051\u3069\u3001\u5473\u304c\u3057\u3063\u304b\u308a\u4ed8\u3044\u3066\u3044\u3066\u6b8b\u3055\u305a\u5168\u90e8\u98df\u3079\u3066\u3057\u307e\u3063\u305f\u3002", "type": "user", "user": {"id": "491617", "photo": {"prefix": "https://igx.4sqi.net/img/user/", "suffix": "/YT5FJ1SGV3JXOBSC.png"}, "firstName": "turux1", "gender": "female"}, "canonicalUrl": "https://foursquare.com/item/5094cdef498ecb7e543f4d9c", "todo": {"count": 0}, "disagreeCount": 0}, {"logView": true, "lang": "en", "createdAt": 1352630861, "agreeCount": 1, "likes": {"groups": [{"items": [{"gender": "female", "id": "3081403", "photo": {"prefix": "https://igx.4sqi.net/img/user/", "suffix": "/3081403-EUQ5NQVFSALZSCFZ.jpg"}, "firstName": "lexine", "lastName": "iseral"}], "count": 1, "type": "others"}], "summary": "1 like", "count": 1}, "id": "509f824de4b0eaa916768789", "text": "The best chappati in town, must order keema, dhal, aloo masala", "type": "user", "user": {"id": "4000189", "photo": {"prefix": "https://igx.4sqi.net/img/user/", "suffix": "/J0WV4KU0PDQUQZ5L.jpg"}, "firstName": "Ras", "gender": "female"}, "canonicalUrl": "https://foursquare.com/item/509f824de4b0eaa916768789", "todo": {"count": 1}, "disagreeCount": 0}, {"authorInteractionType": "liked", "logView": true, "lang": "en", "photo": {"id": "53f13ee5498ec9d68b0bbff6", "visibility": "public", "source": {"name": "Foursquare for iOS", "url": "https://foursquare.com/download/#/iphone"}, "suffix": "/231366_4PbLi-4JFMGA4TLyKuFM9k1NN8est4LtqqygLFvVCUM.jpg", "createdAt": 1408319205, "prefix": "https://igx.4sqi.net/img/general/", "width": 960, "height": 720}, "createdAt": 1408319202, "todo": {"count": 0}, "agreeCount": 0, "likes": {"groups": [], "count": 0}, "id": "53f13ee2498ec45c98ce5eb8", "text": "The stall next to Azmi (no signage) serves delicious thosai (Indian crepes). For $2.20, u get a masala thosai (vegetarian stuffing), accompanied by 4 different yet tasty chutneys", "disagreeCount": 0, "user": {"gender": "male", "id": "231366", "photo": {"prefix": "https://igx.4sqi.net/img/user/", "suffix": "/231366-Q2ZSAEF50GYUXPDA.jpg"}, "firstName": "Cheen", "lastName": "The Curious"}, "canonicalUrl": "https://foursquare.com/item/53f13ee2498ec45c98ce5eb8", "type": "user", "photourl": "https://igx.4sqi.net/img/general/original/231366_4PbLi-4JFMGA4TLyKuFM9k1NN8est4LtqqygLFvVCUM.jpg"}, {"logView": true, "lang": "en", "photo": {"id": "584bde55f2299508664308ae", "visibility": "public", "source": {"name": "Foursquare for Android", "url": "https://foursquare.com/download/#/android"}, "suffix": "/87618785_NmO-xEkKkLtWWtYuUMaeQCkaGKRFbgW8-_sQmIiha60.jpg", "createdAt": 1481367125, "prefix": "https://igx.4sqi.net/img/general/", "width": 5312, "height": 2988}, "createdAt": 1481367117, "todo": {"count": 0}, "agreeCount": 0, "likes": {"groups": [], "count": 0}, "id": "584bde4d72714f63fcd419ef", "text": "Spectacular keema", "disagreeCount": 0, "user": {"gender": "none", "id": "87618785", "photo": {"prefix": "https://igx.4sqi.net/img/user/", "suffix": "/87618785-IAFODF5KIQGTAKRS.jpg"}, "firstName": "Reza", "lastName": "Dzulkiflee"}, "canonicalUrl": "https://foursquare.com/item/584bde4d72714f63fcd419ef", "type": "user", "photourl": "https://igx.4sqi.net/img/general/original/87618785_NmO-xEkKkLtWWtYuUMaeQCkaGKRFbgW8-_sQmIiha60.jpg"}, {"logView": true, "lang": "en", "createdAt": 1327365169, "agreeCount": 0, "likes": {"groups": [], "count": 0}, "id": "4f1dfc31e4b0718970a7ae2d", "text": "Prata and kopi", "type": "user", "user": {"id": "11035077", "photo": {"prefix": "https://igx.4sqi.net/img/user/", "suffix": "/AFHYOOQEP3MW51IW.jpg"}, "firstName": "\u24d9\u24d4\u24dc", "gender": "none"}, "canonicalUrl": "https://foursquare.com/item/4f1dfc31e4b0718970a7ae2d", "todo": {"count": 0}, "disagreeCount": 0}, {"logView": true, "lang": "en", "createdAt": 1322882055, "agreeCount": 0, "likes": {"groups": [], "count": 0}, "id": "4ed9940702d5244e2f85ac9a", "text": "The best chappati in town", "type": "user", "user": {"id": "7359573", "photo": {"prefix": "https://igx.4sqi.net/img/user/", "suffix": "/04F5QBFNBUQPX3TP.jpg"}, "firstName": "USOP's", "gender": "male"}, "canonicalUrl": "https://foursquare.com/item/4ed9940702d5244e2f85ac9a", "todo": {"count": 0}, "disagreeCount": 0}, {"logView": true, "lang": "en", "photo": {"id": "52712bc211d25f0e0e08db2d", "visibility": "public", "source": {"name": "Foursquare for iOS", "url": "https://foursquare.com/download/#/iphone"}, "suffix": "/6482510_zoJi_429O3k6P_0mbz07OIhbj-x_Y9WMp9s66JDS7Sg.jpg", "createdAt": 1383148482, "prefix": "https://igx.4sqi.net/img/general/", "width": 720, "height": 960}, "createdAt": 1383148479, "todo": {"count": 0}, "agreeCount": 0, "likes": {"groups": [], "count": 0}, "id": "52712bbf11d25ee1079e766b", "text": "Nice chepati to go with the dishes.", "disagreeCount": 0, "user": {"gender": "male", "id": "6482510", "photo": {"prefix": "https://igx.4sqi.net/img/user/", "suffix": "/6482510-BW1QKMOUVDDAJHUA.jpg"}, "firstName": "Woo", "lastName": "Edmund"}, "canonicalUrl": "https://foursquare.com/item/52712bbf11d25ee1079e766b", "type": "user", "photourl": "https://igx.4sqi.net/img/general/original/6482510_zoJi_429O3k6P_0mbz07OIhbj-x_Y9WMp9s66JDS7Sg.jpg"}, {"logView": true, "lang": "en", "createdAt": 1369798699, "agreeCount": 2, "likes": {"groups": [{"items": [{"gender": "male", "id": "1735763", "photo": {"prefix": "https://igx.4sqi.net/img/user/", "suffix": "/LRGGHWHHAMQT0TUD.jpg"}, "firstName": "Peter", "lastName": "Dundas"}], "count": 1, "type": "others"}], "summary": "1 like", "count": 1}, "id": "51a5782b498e955e26a76d7e", "text": "Best chapati, aloo gobi and dhal this side of the Ganges or outside Glasgow. Luar biasa!", "type": "user", "user": {"gender": "male", "id": "1735763", "photo": {"prefix": "https://igx.4sqi.net/img/user/", "suffix": "/LRGGHWHHAMQT0TUD.jpg"}, "firstName": "Peter", "lastName": "Dundas"}, "canonicalUrl": "https://foursquare.com/item/51a5782b498e955e26a76d7e", "todo": {"count": 0}, "disagreeCount": 0}, {"authorInteractionType": "liked", "logView": true, "lang": "en", "photo": {"id": "5654333f498e24bf7fa4f526", "visibility": "public", "source": {"name": "Foursquare for iOS", "url": "https://foursquare.com/download/#/iphone"}, "suffix": "/11089830_DUDoM6oMKipH0Y7RTDFHu-1w_Nx_3COeRvFTO9LVkec.jpg", "createdAt": 1448358719, "prefix": "https://igx.4sqi.net/img/general/", "width": 1440, "height": 1440}, "createdAt": 1448358717, "todo": {"count": 0}, "agreeCount": 0, "likes": {"groups": [], "count": 0}, "id": "5654333d498e7e334e0639f4", "text": "Chappati, dahl and keema is so good. Also thosai in the morning. Yummmm", "disagreeCount": 0, "user": {"gender": "female", "id": "11089830", "photo": {"prefix": "https://igx.4sqi.net/img/user/", "suffix": "/CR2XAL3GLYMDQOW3.jpg"}, "firstName": "Geraldine", "lastName": "Ang"}, "canonicalUrl": "https://foursquare.com/item/5654333d498e7e334e0639f4", "type": "user", "photourl": "https://igx.4sqi.net/img/general/original/11089830_DUDoM6oMKipH0Y7RTDFHu-1w_Nx_3COeRvFTO9LVkec.jpg"}, {"logView": true, "lang": "en", "createdAt": 1397967137, "agreeCount": 0, "likes": {"groups": [], "count": 0}, "id": "53534921498ea2a728e3712b", "text": "Best place to get chapati \ud83d\udc4d \ud83d\udc4d", "type": "user", "user": {"id": "19855514", "photo": {"prefix": "https://igx.4sqi.net/img/user/", "suffix": "/KOG5ANERM332ARAO.jpg"}, "firstName": "Azlan Nalza", "gender": "male"}, "canonicalUrl": "https://foursquare.com/item/53534921498ea2a728e3712b", "todo": {"count": 0}, "disagreeCount": 0}, {"logView": true, "lang": "en", "createdAt": 1265972809, "agreeCount": 1, "likes": {"groups": [{"items": [{"id": "1346262", "photo": {"prefix": "https://igx.4sqi.net/img/user/", "suffix": "/X0CUKMHQCZU4Z14F.jpg"}, "firstName": "Suriana", "gender": "female"}], "count": 1, "type": "others"}], "summary": "1 like", "count": 1}, "id": "4b75364970c603bb011192b4", "text": "Must try the chappati here!", "type": "user", "user": {"gender": "male", "id": "323869", "photo": {"prefix": "https://igx.4sqi.net/img/user/", "suffix": "/FRKKWRW5RZ30RAIR.png"}, "firstName": "Shah", "lastName": "Bakri"}, "canonicalUrl": "https://foursquare.com/item/4b75364970c603bb011192b4", "todo": {"count": 0}, "disagreeCount": 0}, {"logView": true, "lang": "en", "createdAt": 1321669800, "agreeCount": 0, "likes": {"groups": [], "count": 0}, "id": "4ec714a86c251306cb00eb52", "text": "Piping hot chappati.. 2 pieces enough for a whole day", "type": "user", "user": {"id": "7359573", "photo": {"prefix": "https://igx.4sqi.net/img/user/", "suffix": "/04F5QBFNBUQPX3TP.jpg"}, "firstName": "USOP's", "gender": "male"}, "canonicalUrl": "https://foursquare.com/item/4ec714a86c251306cb00eb52", "todo": {"count": 0}, "disagreeCount": 0}, {"authorInteractionType": "liked", "logView": true, "lang": "en", "photo": {"id": "56571afb498e7b9087cbf96f", "visibility": "public", "source": {"name": "Foursquare Web", "url": "https://foursquare.com"}, "suffix": "/231366_ko4cXqT-RVD-3SW4PdY3H1aen4e6Lpt8QVuqf6-70VA.jpg", "createdAt": 1448549115, "prefix": "https://igx.4sqi.net/img/general/", "width": 2448, "height": 3264}, "createdAt": 1448549094, "todo": {"count": 0}, "agreeCount": 0, "likes": {"groups": [], "count": 0}, "id": "56571ae6498e2a2ccc0eb758", "text": "Coolest looking dude in the coffee shop", "disagreeCount": 0, "user": {"gender": "male", "id": "231366", "photo": {"prefix": "https://igx.4sqi.net/img/user/", "suffix": "/231366-Q2ZSAEF50GYUXPDA.jpg"}, "firstName": "Cheen", "lastName": "The Curious"}, "canonicalUrl": "https://foursquare.com/item/56571ae6498e2a2ccc0eb758", "type": "user", "photourl": "https://igx.4sqi.net/img/general/original/231366_ko4cXqT-RVD-3SW4PdY3H1aen4e6Lpt8QVuqf6-70VA.jpg"}, {"logView": true, "lang": "en", "photo": {"id": "529003d111d28cc55c24bf84", "visibility": "public", "source": {"name": "Foursquare for iOS", "url": "https://foursquare.com/download/#/iphone"}, "suffix": "/3348908_pjfJ0Lt238U9wKvnWNfWXrPzTLcPWDYW-iYJ7Ap2Ig0.jpg", "createdAt": 1385169873, "prefix": "https://igx.4sqi.net/img/general/", "width": 720, "height": 960}, "createdAt": 1385169871, "todo": {"count": 0}, "agreeCount": 0, "likes": {"groups": [], "count": 0}, "id": "529003cf11d22867b248ad9a", "text": "I love the mutton curry there. It's very nice. They people there are very friendly too.", "disagreeCount": 0, "user": {"gender": "male", "id": "3348908", "photo": {"prefix": "https://igx.4sqi.net/img/user/", "suffix": "/3348908-4IQRRSJL0N1LF2QX.jpg"}, "firstName": "Alan", "lastName": "Reeves"}, "canonicalUrl": "https://foursquare.com/item/529003cf11d22867b248ad9a", "type": "user", "photourl": "https://igx.4sqi.net/img/general/original/3348908_pjfJ0Lt238U9wKvnWNfWXrPzTLcPWDYW-iYJ7Ap2Ig0.jpg"}, {"authorInteractionType": "liked", "logView": true, "lang": "en", "createdAt": 1412221365, "agreeCount": 0, "likes": {"groups": [], "count": 0}, "id": "542cc9b5498e1126c841ede9", "text": "Mutton briyani is very nice and tasty", "type": "user", "user": {"gender": "male", "id": "4210306", "photo": {"prefix": "https://igx.4sqi.net/img/user/", "suffix": "/Z1FVITIYEAAPCPTD.jpg"}, "firstName": "Wei", "lastName": "Wang"}, "canonicalUrl": "https://foursquare.com/item/542cc9b5498e1126c841ede9", "todo": {"count": 0}, "disagreeCount": 0}, {"logView": true, "lang": "en", "createdAt": 1357732510, "agreeCount": 0, "likes": {"groups": [], "count": 0}, "id": "50ed5a9ee4b0493419884569", "text": "Best thosai masala around", "type": "user", "user": {"gender": "male", "id": "646478", "photo": {"prefix": "https://igx.4sqi.net/img/user/", "suffix": "/-0DEO3ABUDSG4B1H5.jpg"}, "firstName": "master", "lastName": "qmann"}, "canonicalUrl": "https://foursquare.com/item/50ed5a9ee4b0493419884569", "todo": {"count": 0}, "disagreeCount": 0}, {"authorInteractionType": "liked", "logView": true, "lang": "en", "createdAt": 1445939079, "agreeCount": 0, "likes": {"groups": [], "count": 0}, "id": "562f4787498e4764b2d6d5ef", "text": "The channa masala very nice!", "type": "user", "user": {"gender": "female", "id": "15766251", "photo": {"prefix": "https://igx.4sqi.net/img/user/", "suffix": "/15766251-FHF0EMY0QJM514JB.jpg"}, "firstName": "Meega", "lastName": "Sareswathy (Mrs.Nathan)"}, "canonicalUrl": "https://foursquare.com/item/562f4787498e4764b2d6d5ef", "todo": {"count": 0}, "disagreeCount": 0}, {"authorInteractionType": "liked", "logView": true, "lang": "en", "createdAt": 1311471804, "agreeCount": 1, "likes": {"groups": [{"items": [{"id": "1346262", "photo": {"prefix": "https://igx.4sqi.net/img/user/", "suffix": "/X0CUKMHQCZU4Z14F.jpg"}, "firstName": "Suriana", "gender": "female"}], "count": 2, "type": "others"}], "summary": "2 likes", "count": 2}, "id": "4e2b78bc483bb05f059f8bb8", "text": "Thosai is good as well!!", "type": "user", "user": {"gender": "male", "id": "4464740", "photo": {"prefix": "https://igx.4sqi.net/img/user/", "suffix": "/3TSSN5EPCIQ4BESE.jpg"}, "firstName": "\u9648", "lastName": "Joseph"}, "canonicalUrl": "https://foursquare.com/item/4e2b78bc483bb05f059f8bb8", "todo": {"count": 0}, "disagreeCount": 0}, {"authorInteractionType": "liked", "logView": true, "lang": "en", "createdAt": 1444028878, "agreeCount": 0, "likes": {"groups": [], "count": 0}, "id": "561221ce498e45e0e0953d27", "text": "Chappathi with mutton kheema", "type": "user", "user": {"gender": "male", "id": "139712287", "photo": {"prefix": "https://igx.4sqi.net/img/user/", "suffix": "/139712287-Q33QIJPSHOWU2Y0G.jpg"}, "firstName": "Sandeep", "lastName": "Sunder"}, "canonicalUrl": "https://foursquare.com/item/561221ce498e45e0e0953d27", "todo": {"count": 0}, "disagreeCount": 0}, {"logView": true, "lang": "en", "createdAt": 1298724113, "agreeCount": 0, "likes": {"groups": [], "count": 0}, "id": "4d68f511c16554817d93e581", "text": "Taste is not the same as before. Price is steeper too!", "type": "user", "user": {"gender": "male", "id": "6764570", "photo": {"prefix": "https://igx.4sqi.net/img/user/", "default": true, "suffix": "/blank_boy.png"}, "firstName": "Bala", "lastName": "Ganesh"}, "canonicalUrl": "https://foursquare.com/item/4d68f511c16554817d93e581", "todo": {"count": 0}, "disagreeCount": 0}, {"authorInteractionType": "liked", "logView": true, "lang": "en", "createdAt": 1467457619, "agreeCount": 0, "likes": {"groups": [], "count": 0}, "id": "5777a053498e5340f90e5514", "text": "Mutton masala with chapati and potato spinach - awesome!", "type": "user", "user": {"gender": "male", "id": "206819803", "photo": {"prefix": "https://igx.4sqi.net/img/user/", "suffix": "/206819803-SHWRFEPSGWTCNZS5.jpg"}, "firstName": "Dawid", "lastName": "Lis"}, "canonicalUrl": "https://foursquare.com/item/5777a053498e5340f90e5514", "todo": {"count": 0}, "disagreeCount": 0}], "count": 27}}}