{"meta": {"code": 200, "requestId": "595a49504c1f67704e42b4f7"}, "response": {"tips": {"items": [{"logView": true, "lang": "en", "createdAt": 1385104051, "todo": {"count": 0}, "agreeCount": 0, "likes": {"groups": [], "count": 0}, "id": "528f02b311d2297d90e8eddc", "text": "http://www.tripadvisor.com/Restaurant_Review-g294265-d839328-Reviews-Wing_Seong_Fatty_s_Albert_Restaurant-Singapore.html", "entities": [{"indices": [0, 120], "type": "url", "object": {"url": "http://www.tripadvisor.com/Restaurant_Review-g294265-d839328-Reviews-Wing_Seong_Fatty_s_Albert_Restaurant-Singapore.html"}}], "disagreeCount": 0, "user": {"gender": "male", "id": "17678297", "photo": {"prefix": "https://igx.4sqi.net/img/user/", "suffix": "/2MRHBQJLCYC2T43T.png"}, "firstName": "Tour", "lastName": "Explora"}, "canonicalUrl": "https://foursquare.com/item/528f02b311d2297d90e8eddc", "type": "user"}, {"logView": true, "lang": "en", "createdAt": 1368145827, "agreeCount": 1, "likes": {"groups": [{"items": [{"gender": "male", "id": "53785969", "photo": {"prefix": "https://igx.4sqi.net/img/user/", "suffix": "/53785969-CBFXEXFHCTCPUJZR.jpg"}, "firstName": "Scott", "lastName": "Taylor"}], "count": 1, "type": "others"}], "summary": "1 like", "count": 1}, "id": "518c3fa3498ef7d11a2b9c52", "text": "Pepper Prawns are almost the best dish in Singapore!", "type": "user", "user": {"gender": "male", "id": "55069088", "photo": {"prefix": "https://igx.4sqi.net/img/user/", "suffix": "/KHA30BJCNDMNF4BY.jpg"}, "firstName": "Graeme", "lastName": "McCann"}, "canonicalUrl": "https://foursquare.com/item/518c3fa3498ef7d11a2b9c52", "todo": {"count": 0}, "disagreeCount": 0}, {"logView": true, "lang": "en", "createdAt": 1293942653, "agreeCount": 0, "likes": {"groups": [], "count": 0}, "id": "4d1fff7d5acaa35d9659c435", "text": "The roasted pork and duck is a must try item", "type": "user", "user": {"gender": "male", "id": "5071905", "photo": {"prefix": "https://igx.4sqi.net/img/user/", "suffix": "/SQD5YQNXLTPK3DZP.jpg"}, "firstName": "Jeri", "lastName": "Loh"}, "canonicalUrl": "https://foursquare.com/item/4d1fff7d5acaa35d9659c435", "todo": {"count": 0}, "disagreeCount": 0}, {"authorInteractionType": "liked", "logView": true, "lang": "en", "createdAt": 1320758144, "agreeCount": 0, "likes": {"groups": [], "count": 0}, "id": "4eb92b806da1df9ffc0b39b8", "text": "Wonderful place to eat on street!", "type": "user", "user": {"id": "4936874", "photo": {"prefix": "https://igx.4sqi.net/img/user/", "suffix": "/SUWIK0SXLZKIUV5L.png"}, "firstName": "Sebastien", "gender": "male"}, "canonicalUrl": "https://foursquare.com/item/4eb92b806da1df9ffc0b39b8", "todo": {"count": 0}, "disagreeCount": 0}, {"logView": true, "lang": "en", "createdAt": 1410611568, "agreeCount": 0, "likes": {"groups": [], "count": 0}, "id": "54143970498e86639b7e8cd4", "text": "Try the steamed crab.", "type": "user", "user": {"gender": "male", "id": "5508182", "photo": {"prefix": "https://igx.4sqi.net/img/user/", "suffix": "/J14PCQTYFLXCRSNT.jpg"}, "firstName": "P", "lastName": "Fong"}, "canonicalUrl": "https://foursquare.com/item/54143970498e86639b7e8cd4", "todo": {"count": 0}, "disagreeCount": 0}, {"logView": true, "lang": "en", "createdAt": 1382873616, "agreeCount": 0, "likes": {"groups": [], "count": 0}, "id": "526cfa10498ec2986abfa33b", "text": "Delicious Chinese style fare in the heart of Bugis. Fried vegetables with oyster sauce a must! Friendly staff.", "type": "user", "user": {"gender": "female", "id": "4713595", "photo": {"prefix": "https://igx.4sqi.net/img/user/", "suffix": "/4713595-U3GKWKWXRDZYG2EC.jpg"}, "firstName": "Lana", "lastName": "Wilson"}, "canonicalUrl": "https://foursquare.com/item/526cfa10498ec2986abfa33b", "todo": {"count": 0}, "disagreeCount": 0}, {"authorInteractionType": "liked", "logView": true, "lang": "en", "photo": {"id": "532515af498e5a9a707fbd94", "visibility": "public", "source": {"name": "Foursquare for iOS", "url": "https://foursquare.com/download/#/iphone"}, "suffix": "/1535179_SRtA0y7sObbX_2ma9KaqxdXHn32C2DaprBib3Y0KpO8.jpg", "createdAt": 1394939311, "prefix": "https://igx.4sqi.net/img/general/", "width": 960, "height": 720}, "createdAt": 1394939310, "todo": {"count": 2}, "agreeCount": 1, "likes": {"groups": [{"items": [{"gender": "male", "id": "1339539", "photo": {"prefix": "https://igx.4sqi.net/img/user/", "suffix": "/1339539-AIRJPNFKHLZSMUDJ.jpg"}, "firstName": "Ian", "lastName": "Thomtori"}], "count": 1, "type": "others"}], "summary": "1 like", "count": 1}, "id": "532515ae11d269d53eef07b4", "text": "Home style HK food. Sweet sour pork and the beef kway teow are must tries.", "disagreeCount": 0, "user": {"gender": "female", "id": "1535179", "photo": {"prefix": "https://igx.4sqi.net/img/user/", "suffix": "/GSUHGHSYGD3I5HJ5.jpg"}, "firstName": "Denise", "lastName": "L"}, "canonicalUrl": "https://foursquare.com/item/532515ae11d269d53eef07b4", "type": "user", "photourl": "https://igx.4sqi.net/img/general/original/1535179_SRtA0y7sObbX_2ma9KaqxdXHn32C2DaprBib3Y0KpO8.jpg"}, {"authorInteractionType": "liked", "logView": true, "lang": "en", "createdAt": 1366247709, "agreeCount": 0, "likes": {"groups": [], "count": 0}, "id": "516f491d498e3c5df5883147", "text": "Friendly service, casual atmosphere & great local food. Get on the pepper pawns. They are awesome!", "type": "user", "user": {"gender": "male", "id": "7222810", "photo": {"prefix": "https://igx.4sqi.net/img/user/", "suffix": "/40HZZAJB0KJF0JAB.jpg"}, "firstName": "Paul", "lastName": "Canterbury"}, "canonicalUrl": "https://foursquare.com/item/516f491d498e3c5df5883147", "todo": {"count": 0}, "disagreeCount": 0}, {"logView": true, "lang": "en", "createdAt": 1322129481, "agreeCount": 0, "likes": {"groups": [{"items": [], "count": 1, "type": "others"}], "summary": "1 like", "count": 1}, "id": "4ece18498231b9ef85e89d4e", "text": "Horfun is really fun and nice!", "type": "user", "user": {"gender": "male", "id": "3890217", "photo": {"prefix": "https://igx.4sqi.net/img/user/", "suffix": "/3890217-XWRM2JJGY5INFWPX.jpg"}, "firstName": "Sean", "lastName": "Momo"}, "canonicalUrl": "https://foursquare.com/item/4ece18498231b9ef85e89d4e", "todo": {"count": 1}, "disagreeCount": 0}, {"authorInteractionType": "liked", "logView": true, "lang": "en", "photo": {"id": "568a389b498ec14822299d96", "visibility": "public", "source": {"name": "Foursquare for iOS", "url": "https://foursquare.com/download/#/iphone"}, "suffix": "/2242843_bBCf2C-5qdKezjvTdysE5uWdIdHVYnHzmHuLReHxnDk.jpg", "createdAt": 1451899035, "prefix": "https://igx.4sqi.net/img/general/", "width": 1920, "height": 1440}, "createdAt": 1451898989, "todo": {"count": 0}, "agreeCount": 0, "likes": {"groups": [], "count": 0}, "id": "568a386d498e0d8845eb5b09", "text": "Too many good things on the menu to try just one...go as a group and share!", "disagreeCount": 0, "user": {"gender": "male", "id": "2242843", "photo": {"prefix": "https://igx.4sqi.net/img/user/", "suffix": "/2242843_-j7n1Rex_1FZzaclmOCWNIAGZMGOQ5ZWC00CDiy5eA59UOP5j7qfRlIUT70yUvvy33yawQg6a.jpg"}, "firstName": "Tarik", "lastName": "Hart"}, "canonicalUrl": "https://foursquare.com/item/568a386d498e0d8845eb5b09", "type": "user", "photourl": "https://igx.4sqi.net/img/general/original/2242843_bBCf2C-5qdKezjvTdysE5uWdIdHVYnHzmHuLReHxnDk.jpg"}, {"logView": true, "lang": "en", "createdAt": 1295350862, "agreeCount": 0, "likes": {"groups": [{"items": [], "count": 1, "type": "others"}], "summary": "1 like", "count": 1}, "id": "4d357c4e8c42a1cd68d8035e", "text": "Must try the beef hor fun and spare ribs! Yums! :)", "type": "user", "user": {"gender": "female", "id": "1284797", "photo": {"prefix": "https://igx.4sqi.net/img/user/", "suffix": "/1284797-T2PAIT15QFTPYCIS.jpg"}, "firstName": "Casilda", "lastName": "Kwok"}, "canonicalUrl": "https://foursquare.com/item/4d357c4e8c42a1cd68d8035e", "todo": {"count": 0}, "disagreeCount": 0}, {"authorInteractionType": "liked", "logView": true, "lang": "en", "createdAt": 1492355022, "agreeCount": 0, "likes": {"groups": [], "count": 0}, "id": "58f387ce7564f75c340e070d", "text": "Mapo tofu, black pepper beef, roast pork, ginger spring onion beef, all great.", "type": "user", "user": {"gender": "male", "id": "94124429", "photo": {"prefix": "https://igx.4sqi.net/img/user/", "suffix": "/94124429-5G4U2PTYQPGD3SZY.jpg"}, "firstName": "Tomek", "lastName": "Wolny"}, "canonicalUrl": "https://foursquare.com/item/58f387ce7564f75c340e070d", "todo": {"count": 0}, "disagreeCount": 0}, {"logView": true, "lang": "en", "photo": {"id": "525bcd16498eba9ac2248768", "visibility": "public", "source": {"name": "Foursquare for Android", "url": "https://foursquare.com/download/#/android"}, "suffix": "/3890217_y2YUrOe-EhblqfU4ds9UzeqMOia65vACG-bSCKzzdGA.jpg", "createdAt": 1381747990, "prefix": "https://igx.4sqi.net/img/general/", "width": 960, "height": 540}, "createdAt": 1381747984, "todo": {"count": 0}, "agreeCount": 0, "likes": {"groups": [], "count": 0}, "id": "525bcd1011d2040fe164958d", "text": "Teo Siong Ho, u Cbeh ho! Lol", "disagreeCount": 0, "user": {"gender": "male", "id": "3890217", "photo": {"prefix": "https://igx.4sqi.net/img/user/", "suffix": "/3890217-XWRM2JJGY5INFWPX.jpg"}, "firstName": "Sean", "lastName": "Momo"}, "canonicalUrl": "https://foursquare.com/item/525bcd1011d2040fe164958d", "type": "user", "photourl": "https://igx.4sqi.net/img/general/original/3890217_y2YUrOe-EhblqfU4ds9UzeqMOia65vACG-bSCKzzdGA.jpg"}, {"logView": true, "lang": "en", "createdAt": 1264773783, "agreeCount": 0, "likes": {"groups": [], "count": 0}, "id": "4b62ea9770c603bb491091b4", "text": "Shark on menu, bad bad bad!!!", "type": "user", "user": {"gender": "male", "id": "264003", "photo": {"prefix": "https://igx.4sqi.net/img/user/", "default": true, "suffix": "/blank_boy.png"}, "firstName": "Micael", "lastName": "Weckman"}, "canonicalUrl": "https://foursquare.com/item/4b62ea9770c603bb491091b4", "todo": {"count": 0}, "disagreeCount": 0}, {"authorInteractionType": "liked", "logView": true, "lang": "en", "photo": {"id": "55b2fb3d498ed21d8053b3a9", "visibility": "public", "source": {"name": "Instagram", "url": "http://instagram.com"}, "suffix": "/9337891_m0zr8GVXlGd41tEwKsIQmecJQKHCo2Jc6gzo5v4ISyQ.jpg", "createdAt": 1437793085, "prefix": "https://igx.4sqi.net/img/general/", "width": 612, "height": 612}, "createdAt": 1437793085, "todo": {"count": 0}, "agreeCount": 0, "likes": {"groups": [], "count": 0}, "id": "55b2fb3d498ed21d8053b3aa", "text": "Been coming here for 12 years and Amy still serves the best BBQ Pork with smile - must try.  There must be a reason the cabin crew keeps returning.", "disagreeCount": 0, "user": {"gender": "male", "id": "9337891", "photo": {"prefix": "https://igx.4sqi.net/img/user/", "suffix": "/0DYIXSZP2LJSQADR.jpg"}, "firstName": "Michael", "lastName": "Pomponio"}, "canonicalUrl": "https://foursquare.com/item/55b2fb3d498ed21d8053b3aa", "type": "user", "photourl": "https://igx.4sqi.net/img/general/original/9337891_m0zr8GVXlGd41tEwKsIQmecJQKHCo2Jc6gzo5v4ISyQ.jpg"}, {"logView": true, "lang": "en", "createdAt": 1409581832, "agreeCount": 0, "likes": {"groups": [], "count": 0}, "id": "54048308498e8490f827ce1e", "text": "Superb food, superb service and great value for money! We tried 6 different dishes and loved them all.", "type": "user", "user": {"gender": "female", "id": "13780582", "photo": {"prefix": "https://igx.4sqi.net/img/user/", "suffix": "/0XJJ4M54F4I5QXGU.jpg"}, "firstName": "Lea", "lastName": "Savage"}, "canonicalUrl": "https://foursquare.com/item/54048308498e8490f827ce1e", "todo": {"count": 0}, "disagreeCount": 0}, {"authorInteractionType": "disliked", "logView": true, "lang": "en", "createdAt": 1469360601, "agreeCount": 0, "likes": {"groups": [], "count": 0}, "id": "5794a9d9498ed8173073c684", "text": "Poor. The Assam fish was not fresh and smelly. Sweet and sour pork ok but not enough reason to ever return.", "type": "user", "user": {"id": "55390456", "photo": {"prefix": "https://igx.4sqi.net/img/user/", "suffix": "/55390456_xjGWfjYZ_UAMBNliBjCxql6WleMj7JVZzY9y3t2_6WtR-3ecn7WlfLcMpWqn7tIYj_11T_fb-.jpg"}, "firstName": "Ting", "gender": "female"}, "canonicalUrl": "https://foursquare.com/item/5794a9d9498ed8173073c684", "todo": {"count": 0}, "disagreeCount": 0}, {"logView": true, "lang": "en", "createdAt": 1314709529, "agreeCount": 1, "likes": {"groups": [{"items": [{"gender": "male", "id": "1339539", "photo": {"prefix": "https://igx.4sqi.net/img/user/", "suffix": "/1339539-AIRJPNFKHLZSMUDJ.jpg"}, "firstName": "Ian", "lastName": "Thomtori"}], "count": 1, "type": "others"}], "summary": "1 like", "count": 1}, "id": "4e5ce01962e1ef715a51b102", "text": "MUST MUST MUST eat their Beef Hor Fun!!!", "type": "user", "user": {"id": "1219917", "photo": {"prefix": "https://igx.4sqi.net/img/user/", "suffix": "/4RUIS2XFNA1DEYJX.jpg"}, "firstName": "jeslyndatay", "gender": "female"}, "canonicalUrl": "https://foursquare.com/item/4e5ce01962e1ef715a51b102", "todo": {"count": 0}, "disagreeCount": 0}, {"authorInteractionType": "meh", "logView": true, "lang": "en", "createdAt": 1467779988, "agreeCount": 0, "likes": {"groups": [], "count": 0}, "id": "577c8b94498ed8a0a9cbce9b", "text": "Nice if you're a large group and feel like sharing a meal. As I recall the Mongolian beef and the salted egg shrimp were both quite nice.", "type": "user", "user": {"gender": "male", "id": "15009", "photo": {"prefix": "https://igx.4sqi.net/img/user/", "suffix": "/15009-MI4OIOYSN1GRXT53.jpg"}, "firstName": "Kars", "lastName": "Alfrink"}, "canonicalUrl": "https://foursquare.com/item/577c8b94498ed8a0a9cbce9b", "todo": {"count": 0}, "disagreeCount": 1}, {"logView": true, "lang": "en", "createdAt": 1315738502, "agreeCount": 0, "likes": {"groups": [], "count": 0}, "id": "4e6c9386b993061ea8dbb149", "text": "Fried Prawn with Salted Egg is the best in spore", "type": "user", "user": {"gender": "none", "id": "10888391", "photo": {"prefix": "https://igx.4sqi.net/img/user/", "suffix": "/BWK2NGYUABQXJ1DS.jpg"}, "firstName": "Yovita", "lastName": "Sutikno"}, "canonicalUrl": "https://foursquare.com/item/4e6c9386b993061ea8dbb149", "todo": {"count": 0}, "disagreeCount": 0}, {"authorInteractionType": "liked", "logView": true, "lang": "en", "createdAt": 1421733346, "agreeCount": 0, "likes": {"groups": [], "count": 0}, "id": "54bdede2498e4cb7e148f361", "text": "BBQ pork and spring rolls are excellent", "type": "user", "user": {"gender": "male", "id": "6544693", "photo": {"prefix": "https://igx.4sqi.net/img/user/", "suffix": "/LAICEMQS0KLJRKOH.jpg"}, "firstName": "Eamon", "lastName": "F"}, "canonicalUrl": "https://foursquare.com/item/54bdede2498e4cb7e148f361", "todo": {"count": 0}, "disagreeCount": 0}, {"logView": true, "lang": "en", "createdAt": 1419156267, "agreeCount": 0, "likes": {"groups": [], "count": 0}, "id": "54969b2b498e4fc49df11fce", "text": "I love this place: must have the peppered prawns, spring roll, nuclear chicken with steamed rice. AMAZING!!!  Almost forgot the Tiger beer of course.", "type": "user", "user": {"gender": "male", "id": "37727248", "photo": {"prefix": "https://igx.4sqi.net/img/user/", "suffix": "/0FKUHZXM3HPAAXQR.jpg"}, "firstName": "Jason", "lastName": "Lowrey"}, "canonicalUrl": "https://foursquare.com/item/54969b2b498e4fc49df11fce", "todo": {"count": 0}, "disagreeCount": 0}, {"logView": true, "lang": "en", "photo": {"id": "50332610e4b03e64bc1fa737", "visibility": "public", "source": {"name": "Foursquare for BlackBerry", "url": "https://foursquare.com/download/#/blackberry"}, "suffix": "/GHAMnFbPGPGWTbzG4VZEAyTFRHWy-wO6nSSrBuE3nSs.jpg", "createdAt": 1345529360, "prefix": "https://igx.4sqi.net/img/general/", "width": 641, "height": 481}, "createdAt": 1345529331, "todo": {"count": 2}, "agreeCount": 3, "likes": {"groups": [{"items": [{"gender": "male", "id": "27408297", "photo": {"prefix": "https://igx.4sqi.net/img/user/", "suffix": "/27408297-AVRHF1BBDLXVSOXN.jpg"}, "firstName": "Jerriozz", "lastName": "Lee \u674e\u74af\u6c5f"}, {"gender": "male", "id": "3890217", "photo": {"prefix": "https://igx.4sqi.net/img/user/", "suffix": "/3890217-XWRM2JJGY5INFWPX.jpg"}, "firstName": "Sean", "lastName": "Momo"}, {"gender": "male", "id": "44307941", "photo": {"prefix": "https://igx.4sqi.net/img/user/", "suffix": "/LFR10P0ZJKM02LGS.jpg"}, "firstName": "Claudio", "lastName": "Vinicius"}], "count": 3, "type": "others"}], "summary": "3 likes", "count": 3}, "id": "503325f3e4b0a39927c1fab1", "text": "Try the combination of char siew, roasted duck n roasted pork yummy", "disagreeCount": 0, "user": {"gender": "female", "id": "2612344", "photo": {"prefix": "https://igx.4sqi.net/img/user/", "suffix": "/2612344-2SFP13F3KQBRSZLE.jpg"}, "firstName": "angela", "lastName": "husen"}, "canonicalUrl": "https://foursquare.com/item/503325f3e4b0a39927c1fab1", "type": "user", "photourl": "https://igx.4sqi.net/img/general/original/GHAMnFbPGPGWTbzG4VZEAyTFRHWy-wO6nSSrBuE3nSs.jpg"}, {"authorInteractionType": "liked", "logView": true, "lang": "en", "createdAt": 1410090941, "agreeCount": 0, "likes": {"groups": [], "count": 0}, "id": "540c47bd498e708e5a5c21bf", "text": "Cheap n nice", "type": "user", "user": {"gender": "male", "id": "17069233", "photo": {"prefix": "https://igx.4sqi.net/img/user/", "default": true, "suffix": "/blank_boy.png"}, "firstName": "Jerry", "lastName": "Yap"}, "canonicalUrl": "https://foursquare.com/item/540c47bd498e708e5a5c21bf", "todo": {"count": 0}, "disagreeCount": 0}, {"logView": true, "lang": "en", "createdAt": 1414587546, "agreeCount": 0, "likes": {"groups": [], "count": 0}, "id": "5450e49a498eba1851f24127", "text": "Quite an institution. Famous for their roast duck and pork.", "type": "user", "user": {"id": "27954270", "photo": {"prefix": "https://igx.4sqi.net/img/user/", "suffix": "/IFIH2XCMOQ2TJGHX.jpg"}, "firstName": "Joanna", "gender": "female"}, "canonicalUrl": "https://foursquare.com/item/5450e49a498eba1851f24127", "todo": {"count": 0}, "disagreeCount": 0}, {"logView": true, "lang": "en", "createdAt": 1313667318, "agreeCount": 0, "likes": {"groups": [{"items": [], "count": 1, "type": "others"}], "summary": "1 like", "count": 1}, "id": "4e4cf8f6d164e69742d1c43c", "text": "BEST yang chow fried rice that I've ever eaten !", "type": "user", "user": {"gender": "none", "id": "4325232", "photo": {"prefix": "https://igx.4sqi.net/img/user/", "suffix": "/3HWYGQNQXUIQV0NG.jpg"}, "firstName": "Louise Leny", "lastName": "Lihar"}, "canonicalUrl": "https://foursquare.com/item/4e4cf8f6d164e69742d1c43c", "todo": {"count": 0}, "disagreeCount": 0}], "count": 26}}}