{"meta": {"code": 200, "requestId": "595a4a3edd57972d2b1a1572"}, "response": {"tips": {"items": [{"logView": true, "lang": "en", "createdAt": 1298697952, "agreeCount": 0, "likes": {"groups": [], "count": 0}, "id": "4d688ee0edeca0909a20a311", "text": "Very nice makan here .Worth what u pay.Plus excellent service.", "type": "user", "user": {"gender": "male", "id": "4368223", "photo": {"prefix": "https://igx.4sqi.net/img/user/", "suffix": "/0FLHZOYCDBMVYEVC.jpg"}, "firstName": "Raymond", "lastName": "Sim"}, "canonicalUrl": "https://foursquare.com/item/4d688ee0edeca0909a20a311", "todo": {"count": 0}, "disagreeCount": 0}, {"logView": true, "lang": "en", "createdAt": 1314001932, "agreeCount": 0, "likes": {"groups": [], "count": 0}, "id": "4e52140c88775123c0e4344c", "text": "Cheaper than Teh Tarik, more spicy, but B grade.", "type": "user", "user": {"gender": "male", "id": "7898465", "photo": {"prefix": "https://igx.4sqi.net/img/user/", "suffix": "/7898465-S5KLMLIMDKHD0YDL.jpg"}, "firstName": "Arun", "lastName": "Panta"}, "canonicalUrl": "https://foursquare.com/item/4e52140c88775123c0e4344c", "todo": {"count": 0}, "disagreeCount": 0}, {"logView": true, "lang": "en", "createdAt": 1294793386, "agreeCount": 0, "likes": {"groups": [], "count": 0}, "id": "4d2cfaaa853ff04d4d0bc5da", "text": "Nice ambience, reasonable food w free WiFi \ue00e\ue105", "type": "user", "user": {"gender": "male", "id": "4168813", "photo": {"prefix": "https://igx.4sqi.net/img/user/", "suffix": "/X4NGACWACI5K0QTT.jpg"}, "firstName": "Mashimaro", "lastName": "San"}, "canonicalUrl": "https://foursquare.com/item/4d2cfaaa853ff04d4d0bc5da", "todo": {"count": 0}, "disagreeCount": 0}, {"logView": true, "lang": "en", "createdAt": 1287375899, "agreeCount": 0, "likes": {"groups": [], "count": 0}, "id": "4cbbcc1bd78f468849dac473", "text": "Best coffee (with milk) in changi business park. Long queues for mixed rice during lunch - wait is worth it!", "type": "user", "user": {"gender": "female", "id": "280443", "photo": {"prefix": "https://igx.4sqi.net/img/user/", "suffix": "/280443-WWEYEWHLCHCN0HH3.jpg"}, "firstName": "Grace", "lastName": "Choong"}, "canonicalUrl": "https://foursquare.com/item/4cbbcc1bd78f468849dac473", "todo": {"count": 0}, "disagreeCount": 0}, {"logView": true, "lang": "en", "createdAt": 1309253597, "agreeCount": 0, "likes": {"groups": [], "count": 0}, "id": "4e099fdda809495e61a69213", "text": "Free wifi, cheap tzi char food, great perk-me-ups and a larger than most smoking zone: no wonder the IBMers are one unhealthy bunch", "type": "user", "user": {"gender": "male", "id": "1535277", "photo": {"prefix": "https://igx.4sqi.net/img/user/", "suffix": "/KSXSBZ3RGIR4XCYQ.jpg"}, "firstName": "Yee", "lastName": "Yeong"}, "canonicalUrl": "https://foursquare.com/item/4e099fdda809495e61a69213", "todo": {"count": 0}, "disagreeCount": 0}, {"logView": true, "lang": "en", "createdAt": 1338251325, "agreeCount": 0, "likes": {"groups": [], "count": 0}, "id": "4fc4183de4b089f18d01456a", "text": "Best beehon and fried rice and fish soup.", "type": "user", "user": {"gender": "male", "id": "2063118", "photo": {"prefix": "https://igx.4sqi.net/img/user/", "suffix": "/133ZTUUHCDAEEX5B.jpg"}, "firstName": "Fajar", "lastName": "Priyanto"}, "canonicalUrl": "https://foursquare.com/item/4fc4183de4b089f18d01456a", "todo": {"count": 0}, "disagreeCount": 0}], "count": 6}}}