{"meta": {"code": 200, "requestId": "595a4f91dd57972d29360866"}, "response": {"tips": {"items": [{"authorInteractionType": "liked", "logView": true, "lang": "en", "createdAt": 1359612993, "agreeCount": 0, "likes": {"groups": [], "count": 0}, "id": "510a0c41e4b006815fb1cbee", "text": "Their Banana spin is delicious!", "type": "user", "user": {"gender": "male", "id": "71617", "photo": {"prefix": "https://igx.4sqi.net/img/user/", "suffix": "/VZIMAWYY1IKPXNMD.jpg"}, "firstName": "Victor", "lastName": "Mieres"}, "canonicalUrl": "https://foursquare.com/item/510a0c41e4b006815fb1cbee", "todo": {"count": 0}, "disagreeCount": 0}, {"logView": true, "lang": "en", "createdAt": 1303627646, "agreeCount": 0, "likes": {"groups": [], "count": 0}, "id": "4db3c77ea86e8d2707785a90", "text": "The cookies here is great!", "type": "user", "user": {"gender": "male", "id": "7180615", "photo": {"prefix": "https://igx.4sqi.net/img/user/", "suffix": "/5BNWDP05CTQRL3MK.jpg"}, "firstName": "Javier", "lastName": "L"}, "canonicalUrl": "https://foursquare.com/item/4db3c77ea86e8d2707785a90", "todo": {"count": 0}, "disagreeCount": 0}, {"authorInteractionType": "meh", "logView": true, "lang": "en", "createdAt": 1432745431, "agreeCount": 0, "likes": {"groups": [], "count": 0}, "id": "5565f5d7498ef71c35bf89ab", "text": "Falafel wrap here is good.", "type": "user", "user": {"gender": "male", "id": "69312577", "photo": {"prefix": "https://igx.4sqi.net/img/user/", "suffix": "/UBS4R0JBV1S1PXZH.jpg"}, "firstName": "Woo", "lastName": "Nelson"}, "canonicalUrl": "https://foursquare.com/item/5565f5d7498ef71c35bf89ab", "todo": {"count": 0}, "disagreeCount": 0}], "count": 3}}}