{"meta": {"code": 200, "requestId": "595a49254434b96bc8975bc9"}, "response": {"tips": {"items": [{"logView": true, "lang": "en", "createdAt": 1273243674, "agreeCount": 0, "likes": {"groups": [], "count": 0}, "id": "4be4281a70c603bb74919ab4", "text": "Give this a miss, food is only okay & it ain't  no value for mola.", "type": "user", "user": {"gender": "male", "id": "768240", "photo": {"prefix": "https://igx.4sqi.net/img/user/", "suffix": "/ARG3RWNGWB4H5C2M.jpg"}, "firstName": "Nick", "lastName": "Tay"}, "canonicalUrl": "https://foursquare.com/item/4be4281a70c603bb74919ab4", "todo": {"count": 0}, "disagreeCount": 0}, {"logView": true, "lang": "en", "createdAt": 1288761069, "agreeCount": 0, "likes": {"groups": [], "count": 0}, "id": "4cd0eeed7561236ab4392ff3", "text": "The service is very slow! Waited for more than 30mins!!!", "type": "user", "user": {"gender": "female", "id": "3141029", "photo": {"prefix": "https://igx.4sqi.net/img/user/", "suffix": "/FEOPNOK3FZTHNTX5.jpg"}, "firstName": "Tina", "lastName": "Lazaro"}, "canonicalUrl": "https://foursquare.com/item/4cd0eeed7561236ab4392ff3", "todo": {"count": 0}, "disagreeCount": 0}], "count": 2}}}