{"meta": {"code": 200, "requestId": "595a48cf1ed2191a00642409"}, "response": {"tips": {"items": [{"authorInteractionType": "liked", "logView": true, "lang": "en", "createdAt": 1427820162, "todo": {"count": 0}, "agreeCount": 0, "likes": {"groups": [], "count": 0}, "id": "551ace82498eaf5e296a06a9", "text": "I've been here 11 times & have tried 14 dishes. LOVED: 1) Banchan (free side dishes) 2) Yangnyum - Marinated Beef Rib. FAILED: Cold Buckwheat Noodles. See Top 10 dishes on Foodmento:", "disagreeCount": 0, "url": "http://foodmento.com/place/89", "user": {"gender": "male", "id": "91136", "photo": {"prefix": "https://igx.4sqi.net/img/user/", "suffix": "/91136-RDBUW0U02K2NAUK1.jpg"}, "firstName": "Jeff", "lastName": "Woo"}, "canonicalUrl": "https://foursquare.com/item/551ace82498eaf5e296a06a9", "type": "user"}, {"logView": true, "lang": "en", "createdAt": 1393323059, "agreeCount": 0, "likes": {"groups": [], "count": 0}, "id": "530c6c33498e95ae1d956c4c", "text": "Nice Food, nice service, eaten during weekend lunch costed me 35bucks. :)", "type": "user", "user": {"gender": "female", "id": "41330847", "photo": {"prefix": "https://igx.4sqi.net/img/user/", "suffix": "/41330847-FTHQZ5GY1LE4NEED.jpg"}, "firstName": "Joanna", "lastName": "Hwang"}, "canonicalUrl": "https://foursquare.com/item/530c6c33498e95ae1d956c4c", "todo": {"count": 0}, "disagreeCount": 0}, {"logView": true, "lang": "en", "createdAt": 1274160211, "agreeCount": 1, "likes": {"groups": [{"items": [{"gender": "male", "id": "30113789", "photo": {"prefix": "https://igx.4sqi.net/img/user/", "suffix": "/30113789_Pv4tdMuU_V6TpjTpxNFWlrF6s_U_g5VQxGzLlHPCA56GhvB1fUDO4gOcaLb_F-Vci0ADQJAui.jpg"}, "firstName": "Alvin", "lastName": "Toah"}], "count": 5, "type": "others"}], "summary": "5 likes", "count": 5}, "id": "4bf2245370c603bbffef9bb4", "text": "Nice Saba fish", "type": "user", "user": {"gender": "male", "id": "838967", "photo": {"prefix": "https://igx.4sqi.net/img/user/", "suffix": "/CTOZHDD4PDZHFTXG.jpg"}, "firstName": "Eric", "lastName": "Lim"}, "canonicalUrl": "https://foursquare.com/item/4bf2245370c603bbffef9bb4", "todo": {"count": 1}, "disagreeCount": 0}, {"authorInteractionType": "liked", "logView": true, "lang": "en", "createdAt": 1327753347, "agreeCount": 0, "likes": {"groups": [], "count": 0}, "id": "4f23e883e4b0020c2e2fd36f", "text": "Felt so lost initially, but overall the service is impressive!", "type": "user", "user": {"gender": "female", "id": "8169667", "photo": {"prefix": "https://igx.4sqi.net/img/user/", "suffix": "/8169667-ZULVSZPFELPD52TC.jpg"}, "firstName": "Momo", "lastName": "Hui Shan"}, "canonicalUrl": "https://foursquare.com/item/4f23e883e4b0020c2e2fd36f", "todo": {"count": 0}, "disagreeCount": 0}, {"logView": true, "lang": "en", "createdAt": 1287373200, "todo": {"count": 0}, "agreeCount": 0, "likes": {"groups": [], "count": 0}, "id": "4cbbc1900180721e8249a161", "text": "We are skating on sunshine! Enjoy corporate discounts. Bring the team together for corporate skate class. Check out private & weekend classes! Visit www.skate-with-us.com", "entities": [{"indices": [149, 170], "type": "url", "object": {"url": "http://www.skate-with-us.com"}}], "disagreeCount": 0, "user": {"gender": "none", "id": "3956927", "photo": {"prefix": "https://igx.4sqi.net/img/user/", "suffix": "/CIQHB44RICRVN12E.jpg"}, "firstName": "Skate With Us", "lastName": "Singapore"}, "canonicalUrl": "https://foursquare.com/item/4cbbc1900180721e8249a161", "type": "user"}, {"logView": true, "lang": "en", "createdAt": 1399127510, "agreeCount": 0, "likes": {"groups": [], "count": 0}, "id": "5364fdd6498e9771d88cf039", "text": "Value for money", "type": "user", "user": {"gender": "male", "id": "74698695", "photo": {"prefix": "https://igx.4sqi.net/img/user/", "suffix": "/74698695-F0AFJA250I05INGG.jpg"}, "firstName": "Freddie", "lastName": "Tan"}, "canonicalUrl": "https://foursquare.com/item/5364fdd6498e9771d88cf039", "todo": {"count": 0}, "disagreeCount": 0}, {"authorInteractionType": "liked", "logView": true, "lang": "en", "createdAt": 1477192606, "agreeCount": 0, "likes": {"groups": [], "count": 0}, "id": "580c2b9e38fa1a21ab2276a8", "text": "Unpretentious with very generous service and portions for the dinner buffet.", "type": "user", "user": {"gender": "male", "id": "318615", "photo": {"prefix": "https://igx.4sqi.net/img/user/", "suffix": "/PSQKEV3JMATZNESV.jpg"}, "firstName": "VotreX", "lastName": "Tan"}, "canonicalUrl": "https://foursquare.com/item/580c2b9e38fa1a21ab2276a8", "todo": {"count": 0}, "disagreeCount": 0}, {"logView": true, "lang": "en", "createdAt": 1276955251, "agreeCount": 1, "likes": {"groups": [{"items": [{"gender": "male", "id": "107390", "photo": {"prefix": "https://igx.4sqi.net/img/user/", "suffix": "/PKTHLBEBCOFQQ1QD.jpg"}, "firstName": "Wilfred", "lastName": "Phua"}], "count": 1, "type": "others"}], "summary": "1 like", "count": 1}, "id": "4c1cca73b306c928ed5c64b7", "text": "I really quite enjoyed the experience - loads of interesting side dishes, friendly staff, yummy BBQed food. The marinated beef ribs were really good...Pork collar wasn't marinated but meat was sweet!", "type": "user", "user": {"gender": "female", "id": "1575173", "photo": {"prefix": "https://igx.4sqi.net/img/user/", "suffix": "/IZSLWKCQW0PMFQNE.jpg"}, "firstName": "Eunice", "lastName": "Tang"}, "canonicalUrl": "https://foursquare.com/item/4c1cca73b306c928ed5c64b7", "todo": {"count": 2}, "disagreeCount": 0}, {"logView": true, "lang": "en", "createdAt": 1310963762, "agreeCount": 0, "likes": {"groups": [], "count": 0}, "id": "4e23b83218a88345f0640ae4", "text": "Very Good service & Korean BBQ", "type": "user", "user": {"gender": "male", "id": "185273", "photo": {"prefix": "https://igx.4sqi.net/img/user/", "suffix": "/185273-RTOYIX4PALVA4NAV.jpg"}, "firstName": "Jaehong", "lastName": "Chang"}, "canonicalUrl": "https://foursquare.com/item/4e23b83218a88345f0640ae4", "todo": {"count": 0}, "disagreeCount": 0}, {"logView": true, "lang": "en", "createdAt": 1290328336, "agreeCount": 0, "likes": {"groups": [], "count": 0}, "id": "4ce8d910948f224b642af35d", "text": "On Monday lunch, enjoy 1 adult free with 3 paying.", "type": "user", "user": {"gender": "none", "id": "3060228", "photo": {"prefix": "https://igx.4sqi.net/img/user/", "suffix": "/FRD4JFE0K3X5WFFB.jpg"}, "firstName": "Gooyoung", "lastName": "Kang"}, "canonicalUrl": "https://foursquare.com/item/4ce8d910948f224b642af35d", "todo": {"count": 0}, "disagreeCount": 0}, {"logView": true, "lang": "en", "createdAt": 1381585353, "agreeCount": 1, "likes": {"groups": [{"items": [{"id": "13169673", "photo": {"prefix": "https://igx.4sqi.net/img/user/", "suffix": "/13169673-RSONX4QWNP2VCRW0.jpg"}, "firstName": "\u00a3@|z", "gender": "male"}], "count": 1, "type": "others"}], "summary": "1 like", "count": 1}, "id": "525951c911d2a86854e6f343", "text": "Charcoal BBQ?? I don't see a single piece of charcoal!", "type": "user", "user": {"id": "12496239", "photo": {"prefix": "https://igx.4sqi.net/img/user/", "suffix": "/12496239-J4YIPUSZF2AKGGY1.jpg"}, "firstName": "Pearlypearl", "gender": "female"}, "canonicalUrl": "https://foursquare.com/item/525951c911d2a86854e6f343", "todo": {"count": 0}, "disagreeCount": 0}, {"logView": true, "lang": "en", "createdAt": 1318595545, "agreeCount": 0, "likes": {"groups": [], "count": 0}, "id": "4e982bd9e5fab92b21b166c5", "text": "Lettuces which goes tgt with the meat are very fresh!! Beef short ribs is more daebak than wagyu! Panchan yummy to max!! Had 2nd round of refills!! Can also try Seafood pancake n the bean paste soup", "type": "user", "user": {"gender": "female", "id": "7618563", "photo": {"prefix": "https://igx.4sqi.net/img/user/", "suffix": "/YT2AIK2OBXIIBX3Z.jpg"}, "firstName": "Chunyan", "lastName": "Tan"}, "canonicalUrl": "https://foursquare.com/item/4e982bd9e5fab92b21b166c5", "todo": {"count": 0}, "disagreeCount": 0}, {"authorInteractionType": "liked", "logView": true, "lang": "en", "createdAt": 1350197014, "agreeCount": 0, "likes": {"groups": [], "count": 0}, "id": "507a5f16e4b02a5a82fee79d", "text": "Great! It feels like entering a real store in Korea! MUST TRY out their PANCAKE! It's freaking awesome!", "type": "user", "user": {"gender": "male", "id": "12905118", "photo": {"prefix": "https://igx.4sqi.net/img/user/", "suffix": "/VK3BCUGQ44TICYJV.jpg"}, "firstName": "Dustin", "lastName": "Lim"}, "canonicalUrl": "https://foursquare.com/item/507a5f16e4b02a5a82fee79d", "todo": {"count": 0}, "disagreeCount": 0}, {"authorInteractionType": "meh", "logView": true, "lang": "en", "createdAt": 1469280032, "agreeCount": 0, "likes": {"groups": [], "count": 0}, "id": "57936f20498e7da04e6851f7", "text": "A bit pricey.", "type": "user", "user": {"gender": "male", "id": "27153165", "photo": {"prefix": "https://igx.4sqi.net/img/user/", "default": true, "suffix": "/blank_boy.png"}, "firstName": "Daniel", "lastName": "Lim"}, "canonicalUrl": "https://foursquare.com/item/57936f20498e7da04e6851f7", "todo": {"count": 0}, "disagreeCount": 0}, {"logView": true, "lang": "en", "createdAt": 1312113634, "agreeCount": 0, "likes": {"groups": [{"items": [], "count": 2, "type": "others"}], "summary": "2 likes", "count": 2}, "id": "4e3543e21f6e9e21ad4c34b8", "text": "better to make reservation before coming . if not got to wait for 20mins+ (:", "type": "user", "user": {"gender": "female", "id": "7239116", "photo": {"prefix": "https://igx.4sqi.net/img/user/", "suffix": "/7239116-MINKVALLCR4GNNSY.jpg"}, "firstName": "chiuping", "lastName": "yeo"}, "canonicalUrl": "https://foursquare.com/item/4e3543e21f6e9e21ad4c34b8", "todo": {"count": 0}, "disagreeCount": 0}, {"authorInteractionType": "liked", "logView": true, "lang": "en", "createdAt": 1395391563, "agreeCount": 0, "likes": {"groups": [], "count": 0}, "id": "532bfc4b498e4a5dc23128de", "text": "Very busy and fun place in the middle of nowhere. It's not for vegetarians. Even some seafood soups have meat.", "type": "user", "user": {"gender": "female", "id": "81922888", "photo": {"prefix": "https://igx.4sqi.net/img/user/", "default": true, "suffix": "/blank_girl.png"}, "firstName": "Rita", "lastName": "Martinez"}, "canonicalUrl": "https://foursquare.com/item/532bfc4b498e4a5dc23128de", "todo": {"count": 0}, "disagreeCount": 0}, {"logView": true, "lang": "en", "createdAt": 1374321811, "agreeCount": 1, "likes": {"groups": [{"items": [{"gender": "male", "id": "5336359", "photo": {"prefix": "https://igx.4sqi.net/img/user/", "suffix": "/T5OC0ZZATBKDDHJU.jpg"}, "firstName": "Choon Heng", "lastName": "Lim"}], "count": 1, "type": "others"}], "summary": "1 like", "count": 1}, "id": "51ea7c93498e053b1fe2b482", "text": "The Kimchi side dishes here is nice.  Friendly staff, refills chicken soup without having to ask for it.", "type": "user", "user": {"id": "60077020", "photo": {"prefix": "https://igx.4sqi.net/img/user/", "suffix": "/IRLQUDERVSJNKXZM.jpg"}, "firstName": "Viv A", "gender": "female"}, "canonicalUrl": "https://foursquare.com/item/51ea7c93498e053b1fe2b482", "todo": {"count": 0}, "disagreeCount": 0}, {"logView": true, "lang": "en", "createdAt": 1290343763, "agreeCount": 0, "likes": {"groups": [], "count": 0}, "id": "4ce91553b9975481974c0045", "text": "So many side dishes better dun order so much n beef are great just too exp 59bucks 4pcs only. gingseng soup refillable b", "type": "user", "user": {"gender": "female", "id": "3762791", "photo": {"prefix": "https://igx.4sqi.net/img/user/", "suffix": "/DSBZAQEGSBP1HO3H.jpg"}, "firstName": "Apr", "lastName": "K"}, "canonicalUrl": "https://foursquare.com/item/4ce91553b9975481974c0045", "todo": {"count": 0}, "disagreeCount": 0}, {"logView": true, "lang": "en", "createdAt": 1431175071, "agreeCount": 0, "likes": {"groups": [], "count": 0}, "id": "554dff9f498ed9c28bd427ac", "text": "One of the better Korean BBQ in the West.", "type": "user", "user": {"gender": "male", "id": "2497192", "photo": {"prefix": "https://igx.4sqi.net/img/user/", "suffix": "/2497192-DUBYR0EWBSFBZEDI.jpg"}, "firstName": "Farid", "lastName": "Nordin"}, "canonicalUrl": "https://foursquare.com/item/554dff9f498ed9c28bd427ac", "todo": {"count": 0}, "disagreeCount": 0}, {"logView": true, "lang": "en", "createdAt": 1376138407, "agreeCount": 0, "likes": {"groups": [], "count": 0}, "id": "520634a7498efe4cf9d61e15", "text": "For parents: There's a playroom with castle and balls and car rides. Ask to sit at the tables by the room for caregiving convenience. Note that kids might be too distracted to eat ;)", "type": "user", "user": {"gender": "female", "id": "28224563", "photo": {"prefix": "https://igx.4sqi.net/img/user/", "suffix": "/DBGDRFSVGFWAO2QO.jpg"}, "firstName": "Yanni", "lastName": "Cheng"}, "canonicalUrl": "https://foursquare.com/item/520634a7498efe4cf9d61e15", "todo": {"count": 0}, "disagreeCount": 0}, {"logView": true, "lang": "en", "createdAt": 1355759968, "agreeCount": 0, "likes": {"groups": [], "count": 0}, "id": "50cf4160e4b01c69f6ca9b09", "text": "Standard had dropped. The pancake tasted extremely salty compared to the past. What a waste", "type": "user", "user": {"gender": "female", "id": "2437676", "photo": {"prefix": "https://igx.4sqi.net/img/user/", "suffix": "/NKWFEXP03JNUFBZO.jpg"}, "firstName": "Dana", "lastName": "Lim"}, "canonicalUrl": "https://foursquare.com/item/50cf4160e4b01c69f6ca9b09", "todo": {"count": 0}, "disagreeCount": 0}, {"logView": true, "lang": "en", "createdAt": 1294466420, "agreeCount": 0, "likes": {"groups": [], "count": 0}, "id": "4d27fd7477a2a1cdfe515eb7", "text": "Thought the pork was good, but after trying the beef ribs, wow...", "type": "user", "user": {"gender": "male", "id": "729923", "photo": {"prefix": "https://igx.4sqi.net/img/user/", "suffix": "/1UQEYDUABXFWDHY4.jpg"}, "firstName": "Julian", "lastName": "Lee"}, "canonicalUrl": "https://foursquare.com/item/4d27fd7477a2a1cdfe515eb7", "todo": {"count": 0}, "disagreeCount": 0}, {"authorInteractionType": "liked", "logView": true, "lang": "en", "createdAt": 1301750120, "agreeCount": 0, "likes": {"groups": [], "count": 0}, "id": "4d9721680caaa143155489b3", "text": "Beef short rib is heaven: $49 for 350 grams and well worth it! Thick pork belly and beef tongue also good. Don't get too much cuz all the side dishes are great!", "type": "user", "user": {"gender": "male", "id": "91136", "photo": {"prefix": "https://igx.4sqi.net/img/user/", "suffix": "/91136-RDBUW0U02K2NAUK1.jpg"}, "firstName": "Jeff", "lastName": "Woo"}, "canonicalUrl": "https://foursquare.com/item/4d9721680caaa143155489b3", "todo": {"count": 1}, "disagreeCount": 0}, {"authorInteractionType": "liked", "logView": true, "lang": "en", "photo": {"hasSticker": true, "id": "57f0d1ef498e7d88ec242931", "visibility": "friends", "source": {"name": "Swarm for iOS", "url": "https://www.swarmapp.com"}, "suffix": "/2821827_LWwmZMh5rTBzjhUKyVNW641yDpBUp62r_PiemQRJfW8.jpg", "createdAt": 1475400175, "prefix": "https://igx.4sqi.net/img/general/", "width": 1920, "height": 1440}, "createdAt": 1475400175, "todo": {"count": 0}, "agreeCount": 0, "likes": {"groups": [], "count": 0}, "id": "57f0d1ef498e7d88ec242932", "text": "They have so many side dishes and they are great!! \ud83d\udc4d\ud83c\udffb\ud83d\udc4d\ud83c\udffb", "disagreeCount": 0, "user": {"gender": "female", "id": "2821827", "photo": {"prefix": "https://igx.4sqi.net/img/user/", "suffix": "/2821827-NM54G0MSGUMVSSSA.jpg"}, "firstName": "Richa\ud83d\udc52", "lastName": "Fryatt"}, "canonicalUrl": "https://foursquare.com/item/57f0d1ef498e7d88ec242932", "type": "user", "photourl": "https://igx.4sqi.net/img/general/original/2821827_LWwmZMh5rTBzjhUKyVNW641yDpBUp62r_PiemQRJfW8.jpg"}, {"logView": true, "lang": "en", "createdAt": 1413645086, "agreeCount": 0, "likes": {"groups": [], "count": 0}, "id": "5442831e498ee7fe1c4ebccd", "text": "Good value BBQ food!", "type": "user", "user": {"gender": "female", "id": "16504035", "photo": {"prefix": "https://igx.4sqi.net/img/user/", "suffix": "/16504035-Y240Y2NOOU022AVR.jpg"}, "firstName": "Jasmine", "lastName": "Pang"}, "canonicalUrl": "https://foursquare.com/item/5442831e498ee7fe1c4ebccd", "todo": {"count": 0}, "disagreeCount": 0}, {"logView": true, "lang": "en", "createdAt": 1280314720, "agreeCount": 1, "likes": {"groups": [{"items": [{"gender": "male", "id": "240116", "photo": {"prefix": "https://igx.4sqi.net/img/user/", "suffix": "/240116-PUFV2FJ0Z0M3KGEF.jpg"}, "firstName": "Melvin", "lastName": "Chee"}], "count": 2, "type": "others"}], "summary": "2 likes", "count": 2}, "id": "4c500d603a6f2d7fa670e476", "text": "Dinner buffet at $35++ pax from Mon to Thurs!", "type": "user", "user": {"gender": "male", "id": "760642", "photo": {"prefix": "https://igx.4sqi.net/img/user/", "default": true, "suffix": "/blank_boy.png"}, "firstName": "Bar", "lastName": "X"}, "canonicalUrl": "https://foursquare.com/item/4c500d603a6f2d7fa670e476", "todo": {"count": 0}, "disagreeCount": 0}, {"logView": true, "lang": "en", "createdAt": 1288899857, "agreeCount": 0, "likes": {"groups": [], "count": 0}, "id": "4cd30d119828b60c487dd384", "text": "Love the beef tongue and beef bulgogi.", "type": "user", "user": {"gender": "female", "id": "2925184", "photo": {"prefix": "https://igx.4sqi.net/img/user/", "suffix": "/J2M51UCSFMAJAW5V.jpg"}, "firstName": "Tanya", "lastName": "Yunhui"}, "canonicalUrl": "https://foursquare.com/item/4cd30d119828b60c487dd384", "todo": {"count": 0}, "disagreeCount": 0}, {"logView": true, "lang": "en", "createdAt": 1305981159, "agreeCount": 1, "likes": {"groups": [{"items": [{"gender": "female", "id": "89587571", "photo": {"prefix": "https://igx.4sqi.net/img/user/", "suffix": "/89587571-NRDYEREUC4GRAUOP.jpg"}, "firstName": "Adeline", "lastName": "Nah"}], "count": 1, "type": "others"}], "summary": "1 like", "count": 1}, "id": "4dd7b0e752b1a5c64452101e", "text": "Best Korean BBQ restaurant in s'pore, always crowded! A number of choice meats (beef, pork n chix) n other korean dishes. But they need to work on the ventilation :)", "type": "user", "user": {"gender": "female", "id": "3575517", "photo": {"prefix": "https://igx.4sqi.net/img/user/", "suffix": "/KQPCFE3MWF0C4FVQ.jpg"}, "firstName": "Pauline", "lastName": "W"}, "canonicalUrl": "https://foursquare.com/item/4dd7b0e752b1a5c64452101e", "todo": {"count": 0}, "disagreeCount": 0}, {"logView": true, "lang": "en", "createdAt": 1345268778, "agreeCount": 0, "likes": {"groups": [], "count": 0}, "id": "502f2c2ae4b0f8a000a0a28e", "text": "Wide range of appetisers, go for buffet lunch (Everyday) or dinner (Mon - Thurs) if you don't insist to have beef here and wants the best deal. Worth the time to come down. :-)", "type": "user", "user": {"id": "4668474", "photo": {"prefix": "https://igx.4sqi.net/img/user/", "suffix": "/4668474-YLEAU0WC5OEJHPA5.jpg"}, "firstName": "Honglun", "gender": "male"}, "canonicalUrl": "https://foursquare.com/item/502f2c2ae4b0f8a000a0a28e", "todo": {"count": 0}, "disagreeCount": 0}, {"logView": true, "lang": "en", "createdAt": 1300622273, "agreeCount": 0, "likes": {"groups": [], "count": 0}, "id": "4d85ebc161676dcb1d3a94e4", "text": "Nice food and awesome service!", "type": "user", "user": {"gender": "female", "id": "3147428", "photo": {"prefix": "https://igx.4sqi.net/img/user/", "suffix": "/210BJVBIS4JEVWEH.jpg"}, "firstName": "Olivia", "lastName": "Tang"}, "canonicalUrl": "https://foursquare.com/item/4d85ebc161676dcb1d3a94e4", "todo": {"count": 0}, "disagreeCount": 0}, {"logView": true, "lang": "en", "createdAt": 1295619257, "agreeCount": 0, "likes": {"groups": [{"items": [], "count": 1, "type": "others"}], "summary": "1 like", "count": 1}, "id": "4d3994b9bf6d5481c4b0c4e1", "text": "Come here on weekdays to enjoy the buffet lunch/dinner, less Fridays.", "type": "user", "user": {"id": "495986", "photo": {"prefix": "https://igx.4sqi.net/img/user/", "suffix": "/IVJPIQE11WZE2K5D.jpg"}, "firstName": "\u00a9heste\u00ae", "gender": "male"}, "canonicalUrl": "https://foursquare.com/item/4d3994b9bf6d5481c4b0c4e1", "todo": {"count": 1}, "disagreeCount": 0}, {"logView": true, "lang": "en", "createdAt": 1300621262, "agreeCount": 1, "likes": {"groups": [{"items": [{"gender": "female", "id": "47365234", "photo": {"prefix": "https://igx.4sqi.net/img/user/", "suffix": "/47365234-13SHHWTWJMFP53PC.jpg"}, "firstName": "Shirly", "lastName": "Hamra"}], "count": 1, "type": "others"}], "summary": "1 like", "count": 1}, "id": "4d85e7ce81fdb1f7a2c91ac0", "text": "Raw beef is the best I have had in Singapore so far.", "type": "user", "user": {"gender": "female", "id": "2128329", "photo": {"prefix": "https://igx.4sqi.net/img/user/", "suffix": "/HIQAZOPFIYYCUC5O.jpg"}, "firstName": "Bee", "lastName": "C"}, "canonicalUrl": "https://foursquare.com/item/4d85e7ce81fdb1f7a2c91ac0", "todo": {"count": 0}, "disagreeCount": 0}, {"logView": true, "lang": "en", "createdAt": 1290747520, "agreeCount": 0, "likes": {"groups": [{"items": [], "count": 1, "type": "others"}], "summary": "1 like", "count": 1}, "id": "4cef3e8082125481459968a1", "text": "Waited more than 1/2hr & nobody serve the side dish. Seems like intentionally delay to save cost.", "type": "user", "user": {"gender": "male", "id": "3813836", "photo": {"prefix": "https://igx.4sqi.net/img/user/", "suffix": "/5D0VPTB4QXGXC5Y3.jpg"}, "firstName": "Francis", "lastName": "Chua"}, "canonicalUrl": "https://foursquare.com/item/4cef3e8082125481459968a1", "todo": {"count": 0}, "disagreeCount": 0}], "count": 33}}}