{"meta": {"code": 200, "requestId": "595a54d81ed21919fa99aa93"}, "response": {"tips": {"items": [{"authorInteractionType": "liked", "logView": true, "lang": "en", "createdAt": 1418312626, "agreeCount": 0, "likes": {"groups": [], "count": 0}, "id": "5489bbb2498e87dd83818fd4", "text": "Green beans, fish all excellent", "type": "user", "user": {"gender": "male", "id": "45926753", "photo": {"prefix": "https://igx.4sqi.net/img/user/", "suffix": "/45926753-ESPW2J552GO01P4W.jpg"}, "firstName": "Ty", "lastName": "Le"}, "canonicalUrl": "https://foursquare.com/item/5489bbb2498e87dd83818fd4", "todo": {"count": 0}, "disagreeCount": 0}, {"logView": true, "lang": "en", "createdAt": 1276174083, "agreeCount": 0, "likes": {"groups": [{"items": [], "count": 3, "type": "others"}], "summary": "3 likes", "count": 3}, "id": "4c10df033ce120a119b0081c", "text": "Order wheat grass toufu for a change", "type": "user", "user": {"gender": "male", "id": "1599284", "photo": {"prefix": "https://igx.4sqi.net/img/user/", "suffix": "/YOFWLKL1HRCL3MG0.jpg"}, "firstName": "Kenneth", "lastName": "Kong"}, "canonicalUrl": "https://foursquare.com/item/4c10df033ce120a119b0081c", "todo": {"count": 0}, "disagreeCount": 0}, {"authorInteractionType": "liked", "logView": true, "lang": "en", "createdAt": 1412165801, "agreeCount": 0, "likes": {"groups": [], "count": 0}, "id": "542bf0a9498e75a3733e75cb", "text": "Awesome duck", "type": "user", "user": {"id": "30537304", "photo": {"prefix": "https://igx.4sqi.net/img/user/", "suffix": "/MQ4Z4ON1KCXHWI0A.jpg"}, "firstName": "Z", "gender": "none"}, "canonicalUrl": "https://foursquare.com/item/542bf0a9498e75a3733e75cb", "todo": {"count": 0}, "disagreeCount": 0}, {"logView": true, "lang": "en", "createdAt": 1418911339, "agreeCount": 1, "likes": {"groups": [], "count": 0}, "id": "5492de6b498e31f27c8aeb1a", "text": "Value for money sets. Herbed duck is very tasty & mongolian ribs got unique smoky flavour. Table next to us had a hair strand in their veg dish & got gui lin kao as replacement. Water's also charged.", "type": "user", "user": {"gender": "female", "id": "42668193", "photo": {"prefix": "https://igx.4sqi.net/img/user/", "suffix": "/TD0GT2403DBIQDT5.jpg"}, "firstName": "Elizabeth", "lastName": "Lee"}, "canonicalUrl": "https://foursquare.com/item/5492de6b498e31f27c8aeb1a", "todo": {"count": 0}, "disagreeCount": 0}, {"authorInteractionType": "liked", "logView": true, "lang": "en", "createdAt": 1471622184, "agreeCount": 0, "likes": {"groups": [], "count": 0}, "id": "57b72c28498eef2c507f26b7", "text": "Good taste, nice ambiance and environment, service ok.", "type": "user", "user": {"gender": "male", "id": "2809843", "photo": {"prefix": "https://igx.4sqi.net/img/user/", "suffix": "/2809843-XVELMR3S4RBNCHCJ.jpg"}, "firstName": "Chin", "lastName": "HC"}, "canonicalUrl": "https://foursquare.com/item/57b72c28498eef2c507f26b7", "todo": {"count": 0}, "disagreeCount": 0}, {"logView": true, "lang": "zh", "createdAt": 1296211503, "agreeCount": 0, "likes": {"groups": [], "count": 0}, "id": "4d429e2ff2a6a0939969d868", "text": "\u5341\u5168\u70e4\u9e2d\uff0c\u8d5e\uff01", "type": "user", "user": {"gender": "female", "id": "4886643", "photo": {"prefix": "https://igx.4sqi.net/img/user/", "suffix": "/CTIIZ5T4LAZOHNJN.jpg"}, "firstName": "Dawn", "lastName": "Tan"}, "canonicalUrl": "https://foursquare.com/item/4d429e2ff2a6a0939969d868", "todo": {"count": 0}, "disagreeCount": 0}, {"logView": true, "lang": "en", "createdAt": 1263646541, "agreeCount": 0, "likes": {"groups": [], "count": 0}, "id": "4b51b74d70c603bb64e48fb4", "text": "Fresh Roasted Herbal Duck is really very good!", "type": "user", "user": {"gender": "male", "id": "239570", "photo": {"prefix": "https://igx.4sqi.net/img/user/", "suffix": "/JHFHSQDGF0EZWWG1.jpg"}, "firstName": "Jermyn", "lastName": "Toh"}, "canonicalUrl": "https://foursquare.com/item/4b51b74d70c603bb64e48fb4", "todo": {"count": 1}, "disagreeCount": 0}, {"logView": true, "lang": "en", "createdAt": 1263647982, "agreeCount": 0, "likes": {"groups": [{"items": [{"gender": "male", "id": "240112", "photo": {"prefix": "https://igx.4sqi.net/img/user/", "suffix": "/240112-PPFEKYDST3HZ3MUX.jpg"}, "firstName": "Robin", "lastName": "Goh"}], "count": 1, "type": "others"}], "summary": "1 like", "count": 1}, "id": "4b51bcee70c603bb63e48fb4", "text": "If you're looking for a good duck, this one comes with a choice of chinese herbs. Other dishes sampled/savoured include lotus root stir-fried with macadamia nut and braised mushrooms in Chinese wine.", "type": "user", "user": {"gender": "male", "id": "240112", "photo": {"prefix": "https://igx.4sqi.net/img/user/", "suffix": "/240112-PPFEKYDST3HZ3MUX.jpg"}, "firstName": "Robin", "lastName": "Goh"}, "canonicalUrl": "https://foursquare.com/item/4b51bcee70c603bb63e48fb4", "todo": {"count": 0}, "disagreeCount": 0}, {"logView": true, "lang": "en", "createdAt": 1315904726, "agreeCount": 0, "likes": {"groups": [], "count": 0}, "id": "4e6f1cd688779c905dd04e85", "text": "Stir fried crocodile meat and crocodile soup good for cough ! Don't be afraid to try it, taste like chicken !", "type": "user", "user": {"gender": "male", "id": "4596868", "photo": {"prefix": "https://igx.4sqi.net/img/user/", "suffix": "/B4EELQKNIER0OA5X.jpg"}, "firstName": "Janson", "lastName": "Tan"}, "canonicalUrl": "https://foursquare.com/item/4e6f1cd688779c905dd04e85", "todo": {"count": 0}, "disagreeCount": 0}, {"authorInteractionType": "liked", "logView": true, "lang": "en", "createdAt": 1466422935, "agreeCount": 0, "likes": {"groups": [], "count": 0}, "id": "5767d697498eeb7002fefe44", "text": "Roasted duck", "type": "user", "user": {"gender": "male", "id": "141369956", "photo": {"prefix": "https://igx.4sqi.net/img/user/", "suffix": "/141369956-MSU5R0UBUNT1HNMM.jpg"}, "firstName": "Rudy", "lastName": "Sty"}, "canonicalUrl": "https://foursquare.com/item/5767d697498eeb7002fefe44", "todo": {"count": 0}, "disagreeCount": 0}, {"logView": true, "lang": "zh", "createdAt": 1314687702, "agreeCount": 0, "likes": {"groups": [], "count": 0}, "id": "4e5c8ad6aeb7a6ca53e20cad", "text": "Simply love the \u5341\u5168\u70e4\u9e2d", "type": "user", "user": {"gender": "female", "id": "12357300", "photo": {"prefix": "https://igx.4sqi.net/img/user/", "suffix": "/YURQYNJAOQPIVYBU.jpg"}, "firstName": "\ue030Jazz", "lastName": "\ue030"}, "canonicalUrl": "https://foursquare.com/item/4e5c8ad6aeb7a6ca53e20cad", "todo": {"count": 0}, "disagreeCount": 0}, {"logView": true, "lang": "en", "createdAt": 1287479210, "agreeCount": 1, "likes": {"groups": [{"items": [{"gender": "male", "id": "87248849", "photo": {"prefix": "https://igx.4sqi.net/img/user/", "suffix": "/87248849-BGYP0VNFVL1DAGVQ.jpg"}, "firstName": "Hendrick", "lastName": "Ooi"}], "count": 1, "type": "others"}], "summary": "1 like", "count": 1}, "id": "4cbd5faabac93704b69ffd7c", "text": "Do try the duck roast with angelica herbs,deep fried kailan with floss,nestum prawn,mongolian spare ribs,baby kailan with lime,lotus roots with macadamia nuts,xo fried rice and wintermelon soup nice!!", "type": "user", "user": {"id": "2960384", "photo": {"prefix": "https://igx.4sqi.net/img/user/", "suffix": "/CDORPHXVALXYONDE.jpg"}, "firstName": "Silver", "gender": "male"}, "canonicalUrl": "https://foursquare.com/item/4cbd5faabac93704b69ffd7c", "todo": {"count": 1}, "disagreeCount": 0}, {"logView": true, "lang": "en", "createdAt": 1296439943, "agreeCount": 0, "likes": {"groups": [], "count": 0}, "id": "4d461a8714aa8cfac2ae793d", "text": "Salmon Yu Sheng and Abalone Yu Sheng now available during CNY SALMON (s) : $19.80 SALMON (L) : $38.80 ABALONE (s) : $48.80 ABALONE (L) : $88.80", "type": "user", "user": {"gender": "male", "id": "4596868", "photo": {"prefix": "https://igx.4sqi.net/img/user/", "suffix": "/B4EELQKNIER0OA5X.jpg"}, "firstName": "Janson", "lastName": "Tan"}, "canonicalUrl": "https://foursquare.com/item/4d461a8714aa8cfac2ae793d", "todo": {"count": 0}, "disagreeCount": 0}, {"logView": true, "lang": "en", "createdAt": 1287397474, "agreeCount": 0, "likes": {"groups": [], "count": 0}, "id": "4cbc206290c9a143920799d6", "text": ". The roast duck wif Angelica Herb is gooooood . I love it totally .", "type": "user", "user": {"gender": "female", "id": "3583914", "photo": {"prefix": "https://igx.4sqi.net/img/user/", "suffix": "/D1XP4QC1SVVYQR5S.jpg"}, "firstName": "Priscilla", "lastName": "A.C"}, "canonicalUrl": "https://foursquare.com/item/4cbc206290c9a143920799d6", "todo": {"count": 0}, "disagreeCount": 0}, {"logView": true, "lang": "en", "createdAt": 1318678530, "agreeCount": 0, "likes": {"groups": [], "count": 0}, "id": "4e99700230f8e35f55b46d2b", "text": "Quick and warm service", "type": "user", "user": {"gender": "none", "id": "12315697", "photo": {"prefix": "https://igx.4sqi.net/img/user/", "suffix": "/0L1DM442MIBJNEAE.jpg"}, "firstName": "A Sunny", "lastName": "Gal"}, "canonicalUrl": "https://foursquare.com/item/4e99700230f8e35f55b46d2b", "todo": {"count": 0}, "disagreeCount": 0}, {"logView": true, "lang": "th", "createdAt": 1302658140, "agreeCount": 0, "likes": {"groups": [{"items": [], "count": 1, "type": "others"}], "summary": "1 like", "count": 1}, "id": "4da4fc5c5da3d988250dda13", "text": "\u0e40\u0e1b\u0e47\u0e01\u0e40\u0e04\u0e49\u0e32\u0e17\u0e33\u0e44\u0e14\u0e49\u0e2b\u0e19\u0e31\u0e07\u0e01\u0e23\u0e2d\u0e1a\u0e40\u0e19\u0e37\u0e49\u0e2d\u0e19\u0e38\u0e48\u0e21\u0e2d\u0e23\u0e48\u0e2d\u0e22\u0e08\u0e23\u0e34\u0e07\u0e46 \u0e2b\u0e21\u0e39\u0e17\u0e2d\u0e14\u0e02\u0e2d\u0e07\u0e40\u0e04\u0e49\u0e32\u0e01\u0e47\u0e2d\u0e23\u0e48\u0e2d\u0e22\u0e21\u0e32\u0e01\u0e46\u0e46\u0e46\u0e46\u0e46 \u0e08\u0e33\u0e0a\u0e37\u0e48\u0e2d\u0e44\u0e21\u0e48\u0e44\u0e14\u0e49 \u0e40\u0e1b\u0e47\u0e19\u0e0b\u0e35\u0e48\u0e42\u0e04\u0e23\u0e07\u0e2b\u0e21\u0e39\u0e17\u0e2d\u0e14\u0e43\u0e2a\u0e48\u0e0b\u0e2d\u0e2a\u0e14\u0e33\u0e14\u0e33", "type": "user", "user": {"gender": "female", "id": "4311804", "photo": {"prefix": "https://igx.4sqi.net/img/user/", "suffix": "/4311804-WYFUG5LNRQWZGHHQ.jpg"}, "firstName": "Poire", "lastName": "surangrath"}, "canonicalUrl": "https://foursquare.com/item/4da4fc5c5da3d988250dda13", "todo": {"count": 0}, "disagreeCount": 0}, {"logView": true, "lang": "en", "createdAt": 1298099153, "agreeCount": 0, "likes": {"groups": [], "count": 0}, "id": "4d5f6bd11939a35ddf6515ee", "text": "Mongolian Ribs is recommend ^_^", "type": "user", "user": {"id": "3125715", "photo": {"prefix": "https://igx.4sqi.net/img/user/", "suffix": "/FFV2ZVS3HR1OGI0T.jpg"}, "firstName": "Jasmine \u0b9c Moon", "gender": "female"}, "canonicalUrl": "https://foursquare.com/item/4d5f6bd11939a35ddf6515ee", "todo": {"count": 0}, "disagreeCount": 0}, {"authorInteractionType": "liked", "logView": true, "lang": "en", "createdAt": 1398419167, "agreeCount": 0, "likes": {"groups": [], "count": 0}, "id": "535a2edf498ebd95228598b5", "text": "Reopened on Thursday, 17 April 2014.", "type": "user", "user": {"gender": "male", "id": "3954011", "photo": {"prefix": "https://igx.4sqi.net/img/user/", "suffix": "/3954011-YUIMSTRPOPD2ITIN.jpg"}, "firstName": "\u9673\u6770\u502b", "lastName": "(\u30b8\u30a7\u30a4\u30fb\u30c1\u30a7\u30f3)"}, "canonicalUrl": "https://foursquare.com/item/535a2edf498ebd95228598b5", "todo": {"count": 0}, "disagreeCount": 0}, {"logView": true, "lang": "en", "createdAt": 1312121736, "agreeCount": 0, "likes": {"groups": [], "count": 0}, "id": "4e3563881838f85189a59468", "text": "Best Dang Gui duck in Singapore ... Nice roasted aroma in the meat that accompanys the sauce so well....", "type": "user", "user": {"gender": "male", "id": "4911768", "photo": {"prefix": "https://igx.4sqi.net/img/user/", "suffix": "/FEPNSEG1O3VIYBV5.jpg"}, "firstName": "Galvin", "lastName": "Chng"}, "canonicalUrl": "https://foursquare.com/item/4e3563881838f85189a59468", "todo": {"count": 0}, "disagreeCount": 0}, {"logView": true, "lang": "en", "createdAt": 1300164386, "agreeCount": 0, "likes": {"groups": [{"items": [], "count": 1, "type": "others"}], "summary": "1 like", "count": 1}, "id": "4d7eef2295c1a1435f59dbf2", "text": "Xiao Er is slurrp.", "type": "user", "user": {"id": "7038388", "photo": {"prefix": "https://igx.4sqi.net/img/user/", "suffix": "/5OURNA1NJQ03DF1Z.jpg"}, "firstName": "Manic Mourinho", "gender": "male"}, "canonicalUrl": "https://foursquare.com/item/4d7eef2295c1a1435f59dbf2", "todo": {"count": 0}, "disagreeCount": 0}, {"authorInteractionType": "liked", "logView": true, "lang": "en", "createdAt": 1415433733, "agreeCount": 0, "likes": {"groups": [], "count": 0}, "id": "545dce05498e674424a586aa", "text": "Must try the herbal roast duck!", "type": "user", "user": {"id": "100079936", "photo": {"prefix": "https://igx.4sqi.net/img/user/", "default": true, "suffix": "/blank_boy.png"}, "firstName": "Ashley", "gender": "none"}, "canonicalUrl": "https://foursquare.com/item/545dce05498e674424a586aa", "todo": {"count": 0}, "disagreeCount": 0}, {"logView": true, "lang": "en", "createdAt": 1297339527, "agreeCount": 0, "likes": {"groups": [], "count": 0}, "id": "4d53d48708a7b1f75d443692", "text": "Si chuan duck is damn awesome + fried man tous! *screamsss*", "type": "user", "user": {"gender": "female", "id": "5715701", "photo": {"prefix": "https://igx.4sqi.net/img/user/", "suffix": "/Q0XK5USFPGAESWQR.jpg"}, "firstName": "Winter chee", "lastName": "Yunhui"}, "canonicalUrl": "https://foursquare.com/item/4d53d48708a7b1f75d443692", "todo": {"count": 0}, "disagreeCount": 0}, {"authorInteractionType": "liked", "logView": true, "lang": "en", "photo": {"id": "562c9530498e2ce4e000247f", "visibility": "public", "source": {"name": "Foursquare for Android", "url": "https://foursquare.com/download/#/android"}, "suffix": "/55014776_tUNaR4ajQtLe5Znl0NBVw9EGeOK6rZO3YCaL-nO69hE.jpg", "createdAt": 1445762352, "prefix": "https://igx.4sqi.net/img/general/", "width": 960, "height": 540}, "createdAt": 1445762347, "todo": {"count": 0}, "agreeCount": 0, "likes": {"groups": [], "count": 0}, "id": "562c952b498e983a0f32602a", "text": "Love their duck! It's so tender. Chicken lollipop and the spareribs are great to go with it.", "disagreeCount": 0, "user": {"id": "55014776", "photo": {"prefix": "https://igx.4sqi.net/img/user/", "suffix": "/55014776-MUNAMB2BEE01QMWS.jpg"}, "firstName": "A b e l l e  \ud83d\udc19", "gender": "female"}, "canonicalUrl": "https://foursquare.com/item/562c952b498e983a0f32602a", "type": "user", "photourl": "https://igx.4sqi.net/img/general/original/55014776_tUNaR4ajQtLe5Znl0NBVw9EGeOK6rZO3YCaL-nO69hE.jpg"}, {"logView": true, "lang": "en", "createdAt": 1363343256, "agreeCount": 0, "likes": {"groups": [], "count": 0}, "id": "5142f798e4b09f7ddc95a4ee", "text": "Staff here take initiative. Quite impressed.", "type": "user", "user": {"id": "946037", "photo": {"prefix": "https://igx.4sqi.net/img/user/", "suffix": "/PSF5UKNV5OV2BTKR.jpg"}, "firstName": "hao", "gender": "male"}, "canonicalUrl": "https://foursquare.com/item/5142f798e4b09f7ddc95a4ee", "todo": {"count": 0}, "disagreeCount": 0}, {"logView": true, "lang": "en", "createdAt": 1273057983, "agreeCount": 0, "likes": {"groups": [], "count": 0}, "id": "4be152bf70c603bb904e9ab4", "text": "The duck here is so soft it practically melts in your mouth. Choose from a range of herbs to cook yours in.", "type": "user", "user": {"id": "24602", "photo": {"prefix": "https://igx.4sqi.net/img/user/", "suffix": "/PGKZOMIAGCRPHFRQ.jpg"}, "firstName": "Moe Moe", "gender": "female"}, "canonicalUrl": "https://foursquare.com/item/4be152bf70c603bb904e9ab4", "todo": {"count": 0}, "disagreeCount": 0}, {"logView": true, "lang": "en", "createdAt": 1352889175, "agreeCount": 1, "likes": {"groups": [], "count": 0}, "id": "50a37357e4b0684b4ccc2574", "text": "As you can tell from the thread of tips below: The roast duck with Angelica herb is a must try. Really good service from the older staff :) help to tuck paper to stabilise the wobbly table we ate on", "type": "user", "user": {"gender": "female", "id": "877393", "photo": {"prefix": "https://igx.4sqi.net/img/user/", "suffix": "/KETTFFHJ1ZWDL4RY.jpg"}, "firstName": "Inez", "lastName": "Lim"}, "canonicalUrl": "https://foursquare.com/item/50a37357e4b0684b4ccc2574", "todo": {"count": 0}, "disagreeCount": 0}, {"authorInteractionType": "liked", "logView": true, "lang": "en", "photo": {"id": "5499469111d224f456b7638d", "visibility": "public", "source": {"name": "Swarm for iOS", "url": "https://www.swarmapp.com"}, "suffix": "/61564031_edxML_4GvZ7DyP4uom2L414Mwvy4T9BOJuIU3TZWLKw.jpg", "createdAt": 1419331217, "prefix": "https://igx.4sqi.net/img/general/", "width": 1920, "height": 1440}, "createdAt": 1419331217, "todo": {"count": 0}, "agreeCount": 0, "likes": {"groups": [], "count": 0}, "id": "5499469111d224f456b7638e", "text": "The dishes are delicious and not too pricey. Must try their signature dish, ten wonder herbs roast duck!", "disagreeCount": 0, "user": {"gender": "female", "id": "61564031", "photo": {"prefix": "https://igx.4sqi.net/img/user/", "suffix": "/61564031-ENFXK51C44KKVSXI.jpg"}, "firstName": "Lina", "lastName": "Yippy"}, "canonicalUrl": "https://foursquare.com/item/5499469111d224f456b7638e", "type": "user", "photourl": "https://igx.4sqi.net/img/general/original/61564031_edxML_4GvZ7DyP4uom2L414Mwvy4T9BOJuIU3TZWLKw.jpg"}, {"authorInteractionType": "liked", "logView": true, "lang": "zh", "createdAt": 1413200053, "agreeCount": 0, "likes": {"groups": [], "count": 0}, "id": "543bb8b511d24cd01f2f7edb", "text": "\u8499\u53e4\u6392\u9aa8\u597d\u5403\uff01\uff01\uff01\uff01", "type": "user", "user": {"gender": "female", "id": "7860641", "photo": {"prefix": "https://igx.4sqi.net/img/user/", "suffix": "/BU3BCUNN0LBOXRMF.jpg"}, "firstName": "Jene", "lastName": "Leong"}, "canonicalUrl": "https://foursquare.com/item/543bb8b511d24cd01f2f7edb", "todo": {"count": 0}, "disagreeCount": 0}, {"logView": true, "lang": "en", "createdAt": 1280044226, "agreeCount": 0, "likes": {"groups": [{"items": [], "count": 1, "type": "others"}], "summary": "1 like", "count": 1}, "id": "4c4becc242b4d13ab0975a7f", "text": "The herbal duck is nice. Shame about the tiny portions and poor service.", "type": "user", "user": {"gender": "female", "id": "261779", "photo": {"prefix": "https://igx.4sqi.net/img/user/", "suffix": "/261779_42P9RXDn_kszHnn2769y0o3BJDWkaM5ougBte7Jc0lg8xk7IQoAlC5YVB4m0kVhjySgJKHtiZ.jpg"}, "firstName": "Si\u00e2n", "lastName": "Ng"}, "canonicalUrl": "https://foursquare.com/item/4c4becc242b4d13ab0975a7f", "todo": {"count": 0}, "disagreeCount": 0}, {"logView": true, "lang": "en", "createdAt": 1373198476, "agreeCount": 0, "likes": {"groups": [], "count": 0}, "id": "51d9588c498ee4694f157640", "text": "Restaurant has lovely theme of an old wooden hut including the sensation  of  the stool that I sat being on a loose floor board that wobbled each time the waiter went by behind me.", "type": "user", "user": {"gender": "female", "id": "3623935", "photo": {"prefix": "https://igx.4sqi.net/img/user/", "suffix": "/GRSSR30RHH5NP1OJ.jpg"}, "firstName": "Rynnah", "lastName": "Lim"}, "canonicalUrl": "https://foursquare.com/item/51d9588c498ee4694f157640", "todo": {"count": 0}, "disagreeCount": 0}, {"logView": true, "lang": "en", "createdAt": 1301570614, "agreeCount": 0, "likes": {"groups": [], "count": 0}, "id": "4d94643658caa1434837a925", "text": "Gd service and I love their duck!! Yummy!", "type": "user", "user": {"gender": "female", "id": "3739878", "photo": {"prefix": "https://igx.4sqi.net/img/user/", "suffix": "/3739878-KDGFL40L42L114NA.jpg"}, "firstName": "Yenny", "lastName": "Bay"}, "canonicalUrl": "https://foursquare.com/item/4d94643658caa1434837a925", "todo": {"count": 0}, "disagreeCount": 0}, {"logView": true, "lang": "en", "createdAt": 1314121557, "agreeCount": 0, "likes": {"groups": [], "count": 0}, "id": "4e53e755b0fb6cfefec784eb", "text": "1st 10 tables on weekdays 11:30 to 12:30 and 5:30 to 6:30 gets 10% off Ala Carte orders ! Weekends only 11:30 to 12:30 . NOT VALID ON EVE OF PUBLIC HOLIDAYS AND PUBLIC HOLIDAYS", "type": "user", "user": {"gender": "male", "id": "4596868", "photo": {"prefix": "https://igx.4sqi.net/img/user/", "suffix": "/B4EELQKNIER0OA5X.jpg"}, "firstName": "Janson", "lastName": "Tan"}, "canonicalUrl": "https://foursquare.com/item/4e53e755b0fb6cfefec784eb", "todo": {"count": 0}, "disagreeCount": 0}, {"logView": true, "lang": "en", "createdAt": 1278672023, "todo": {"count": 3}, "agreeCount": 1, "likes": {"groups": [{"items": [{"gender": "female", "id": "55890981", "photo": {"prefix": "https://igx.4sqi.net/img/user/", "suffix": "/55890981-0NPQ3OZQ3ZT4E4QV.jpg"}, "firstName": "Vicky", "lastName": "Hung"}], "count": 1, "type": "others"}], "summary": "1 like", "count": 1}, "id": "4c36fc9704cbb7139132ee0d", "text": "Yes, go for their house specialty roast duck :D Pictures and review at http://sparklette.net/food/dian-xiao-er/", "entities": [{"indices": [71, 111], "type": "url", "object": {"url": "http://sparklette.net/food/dian-xiao-er/"}}], "disagreeCount": 0, "url": "http://sparklette.net/food/dian-xiao-er/", "user": {"id": "286427", "photo": {"prefix": "https://igx.4sqi.net/img/user/", "suffix": "/BQODELOYU34CMCTJ.jpg"}, "firstName": "Veron @ Sparklette.net", "gender": "female"}, "canonicalUrl": "https://foursquare.com/item/4c36fc9704cbb7139132ee0d", "type": "user"}, {"logView": true, "lang": "en", "createdAt": 1350823214, "agreeCount": 0, "likes": {"groups": [], "count": 0}, "id": "5083ed2ee4b00dc4a2abc5a4", "text": "The service is good.", "type": "user", "user": {"gender": "male", "id": "32220175", "photo": {"prefix": "https://igx.4sqi.net/img/user/", "suffix": "/BCK3DC114E0VS5KY.jpg"}, "firstName": "Jonathan", "lastName": "Soh"}, "canonicalUrl": "https://foursquare.com/item/5083ed2ee4b00dc4a2abc5a4", "todo": {"count": 0}, "disagreeCount": 0}, {"logView": true, "lang": "en", "createdAt": 1302658195, "agreeCount": 0, "likes": {"groups": [{"items": [], "count": 1, "type": "others"}], "summary": "1 like", "count": 1}, "id": "4da4fc936a233e2e007faad5", "text": "come early between 5:30 to 6:30 to get 10% discount", "type": "user", "user": {"gender": "female", "id": "4311804", "photo": {"prefix": "https://igx.4sqi.net/img/user/", "suffix": "/4311804-WYFUG5LNRQWZGHHQ.jpg"}, "firstName": "Poire", "lastName": "surangrath"}, "canonicalUrl": "https://foursquare.com/item/4da4fc936a233e2e007faad5", "todo": {"count": 0}, "disagreeCount": 0}, {"logView": true, "lang": "en", "createdAt": 1292045888, "agreeCount": 0, "likes": {"groups": [], "count": 0}, "id": "4d030e402f96f04d25c11554", "text": "The usual: lotus root with macadamia (includes my fav water chestnuts and gingko nuts!) HK steam cod, a duck & today tried a new soup... Fish maw soup yum...", "type": "user", "user": {"gender": "female", "id": "1272497", "photo": {"prefix": "https://igx.4sqi.net/img/user/", "suffix": "/2NYYBD2A3WFWLLMK.jpg"}, "firstName": "Javier Yong-En", "lastName": "Li"}, "canonicalUrl": "https://foursquare.com/item/4d030e402f96f04d25c11554", "todo": {"count": 0}, "disagreeCount": 0}, {"logView": true, "lang": "en", "createdAt": 1317122747, "agreeCount": 0, "likes": {"groups": [], "count": 0}, "id": "4e81b2bb4901eb81244cb793", "text": "The set meal like a shiok only. Don't have to crack your brains and decide what you should eat.", "type": "user", "user": {"gender": "male", "id": "13369036", "photo": {"prefix": "https://igx.4sqi.net/img/user/", "suffix": "/4WN5VG1BPE43BAXW.jpg"}, "firstName": "Zen", "lastName": "Keister"}, "canonicalUrl": "https://foursquare.com/item/4e81b2bb4901eb81244cb793", "todo": {"count": 0}, "disagreeCount": 0}, {"authorInteractionType": "liked", "logView": true, "lang": "en", "photo": {"id": "50b0c4dae4b099c54a814900", "visibility": "public", "source": {"name": "Foursquare for Android", "url": "https://foursquare.com/download/#/android"}, "suffix": "/6749070_Vke-4mi2TIfQtcHWn_2ZJoReJ7BmjX-kdCyFZdhT0Qc.jpg", "createdAt": 1353762010, "prefix": "https://igx.4sqi.net/img/general/", "width": 720, "height": 720}, "createdAt": 1353762000, "todo": {"count": 0}, "agreeCount": 0, "likes": {"groups": [], "count": 0}, "id": "50b0c4d0e4b0029e7517571c", "text": "The herbal duck is the best. Lotus root with macadamia nut was quite ex and small-plate, not very worth...", "disagreeCount": 0, "user": {"gender": "female", "id": "6749070", "photo": {"prefix": "https://igx.4sqi.net/img/user/", "suffix": "/6749070-Z21U1DFUDR3GRBBI.jpg"}, "firstName": "Lina", "lastName": "Lim"}, "canonicalUrl": "https://foursquare.com/item/50b0c4d0e4b0029e7517571c", "type": "user", "photourl": "https://igx.4sqi.net/img/general/original/6749070_Vke-4mi2TIfQtcHWn_2ZJoReJ7BmjX-kdCyFZdhT0Qc.jpg"}, {"logView": true, "lang": "en", "createdAt": 1287220137, "agreeCount": 0, "likes": {"groups": [], "count": 0}, "id": "4cb96ba99552b60ca665d38b", "text": "Love their angelica herb roasted duck and cereal prawns. Also, must try their spinach in superior stock! (: yumms.", "type": "user", "user": {"gender": "female", "id": "3545501", "photo": {"prefix": "https://igx.4sqi.net/img/user/", "suffix": "/0QRMKQXHWAOKJMHH.jpg"}, "firstName": "Ashley", "lastName": "Ong"}, "canonicalUrl": "https://foursquare.com/item/4cb96ba99552b60ca665d38b", "todo": {"count": 0}, "disagreeCount": 0}, {"logView": true, "lang": "en", "createdAt": 1289816740, "agreeCount": 0, "likes": {"groups": [{"items": [], "count": 1, "type": "others"}], "summary": "1 like", "count": 1}, "id": "4ce10aa4825e721e23727945", "text": "Famous for roasted duck muz try", "type": "user", "user": {"id": "3512018", "photo": {"prefix": "https://igx.4sqi.net/img/user/", "suffix": "/52MX43ONH2PDPSB0.jpg"}, "firstName": "Ah Huat", "gender": "male"}, "canonicalUrl": "https://foursquare.com/item/4ce10aa4825e721e23727945", "todo": {"count": 0}, "disagreeCount": 0}, {"logView": true, "lang": "en", "createdAt": 1279539171, "agreeCount": 0, "likes": {"groups": [], "count": 0}, "id": "4c4437e38c1f20a13c0b3c99", "text": "Love their herbal roast duck and mongolian spare ribs.", "type": "user", "user": {"gender": "male", "id": "1233660", "photo": {"prefix": "https://igx.4sqi.net/img/user/", "suffix": "/HYLZHPLROAAN5A2A.jpg"}, "firstName": "Ivan", "lastName": "Law"}, "canonicalUrl": "https://foursquare.com/item/4c4437e38c1f20a13c0b3c99", "todo": {"count": 0}, "disagreeCount": 0}, {"authorInteractionType": "liked", "logView": true, "lang": "en", "createdAt": 1460273288, "agreeCount": 0, "likes": {"groups": [], "count": 0}, "id": "570a0088498ecd32f3aca09b", "text": "Nice herbal roast duck .", "type": "user", "user": {"gender": "male", "id": "107604885", "photo": {"prefix": "https://igx.4sqi.net/img/user/", "suffix": "/107604885-K0PP242A4B2NDI2M.jpg"}, "firstName": "Tino", "lastName": "Buranasilapin"}, "canonicalUrl": "https://foursquare.com/item/570a0088498ecd32f3aca09b", "todo": {"count": 0}, "disagreeCount": 0}, {"logView": true, "lang": "en", "photo": {"id": "54366d83498efb3a5ea8799b", "visibility": "public", "source": {"name": "Foursquare for Android", "url": "https://foursquare.com/download/#/android"}, "suffix": "/4580071_lgpHV4Cg1VtHUq4Gz6lQy-mGySTR4-our0Mec-Y4t7g.jpg", "createdAt": 1412853123, "prefix": "https://igx.4sqi.net/img/general/", "width": 720, "height": 960}, "createdAt": 1412853028, "todo": {"count": 0}, "agreeCount": 0, "likes": {"groups": [], "count": 0}, "id": "54366d24498e7e1a35393dcf", "text": "Strongly recommend the duck meat.", "disagreeCount": 0, "user": {"gender": "female", "id": "4580071", "photo": {"prefix": "https://igx.4sqi.net/img/user/", "default": true, "suffix": "/blank_girl.png"}, "firstName": "sofia", "lastName": "yeng"}, "canonicalUrl": "https://foursquare.com/item/54366d24498e7e1a35393dcf", "type": "user", "photourl": "https://igx.4sqi.net/img/general/original/4580071_lgpHV4Cg1VtHUq4Gz6lQy-mGySTR4-our0Mec-Y4t7g.jpg"}, {"authorInteractionType": "meh", "logView": true, "lang": "en", "createdAt": 1419912846, "agreeCount": 0, "likes": {"groups": [], "count": 0}, "id": "54a2268e498ea1645fdceb0e", "text": "This outlet is always packed and tables arrangment are very near to each other. You might bump to other diner if you move too much. They have a few tables by the windows that look over to Sentosa.", "type": "user", "user": {"gender": "female", "id": "755166", "photo": {"prefix": "https://igx.4sqi.net/img/user/", "suffix": "/AHLCKLUBB1SKADXI.jpg"}, "firstName": "Jasmine", "lastName": "Ho"}, "canonicalUrl": "https://foursquare.com/item/54a2268e498ea1645fdceb0e", "todo": {"count": 0}, "disagreeCount": 0}, {"logView": true, "lang": "en", "createdAt": 1318850833, "agreeCount": 0, "likes": {"groups": [{"items": [], "count": 2, "type": "others"}], "summary": "2 likes", "count": 2}, "id": "4e9c1111f5b9d59005289907", "text": "Try their infamous \u5f53\u5f52\u9e2d... A must!", "type": "user", "user": {"gender": "male", "id": "12315492", "photo": {"prefix": "https://igx.4sqi.net/img/user/", "suffix": "/YPBMKO0MEKWC3RMW.jpg"}, "firstName": "Cheng Siong", "lastName": "Lim"}, "canonicalUrl": "https://foursquare.com/item/4e9c1111f5b9d59005289907", "todo": {"count": 0}, "disagreeCount": 0}, {"logView": true, "lang": "en", "createdAt": 1301746235, "agreeCount": 0, "likes": {"groups": [{"items": [], "count": 1, "type": "others"}], "summary": "1 like", "count": 1}, "id": "4d97123bc19fb60c7fab8c65", "text": "Winter melon Soup!!!!! While stocks last!!! \ue34d", "type": "user", "user": {"gender": "male", "id": "3997604", "photo": {"prefix": "https://igx.4sqi.net/img/user/", "suffix": "/3997604-NPU0NJTLLN2NO2FI.jpg"}, "firstName": "Stanley", "lastName": "Liu"}, "canonicalUrl": "https://foursquare.com/item/4d97123bc19fb60c7fab8c65", "todo": {"count": 0}, "disagreeCount": 0}, {"logView": true, "lang": "en", "photo": {"id": "507e99ece4b0274884cbe80c", "visibility": "public", "source": {"name": "Foursquare for iOS", "url": "https://foursquare.com/download/#/iphone"}, "suffix": "/137386_FQgZQRivGZuLBOUx8iOXgozlOPhM2xN7zXf0UskbAv8.jpg", "createdAt": 1350474220, "prefix": "https://igx.4sqi.net/img/general/", "width": 720, "height": 540}, "createdAt": 1350474097, "todo": {"count": 0}, "agreeCount": 0, "likes": {"groups": [], "count": 0}, "id": "507e9971e4b015eaec2fb610", "text": "The Ten Herb Roasted Duck is awesome!", "disagreeCount": 0, "user": {"gender": "male", "id": "137386", "photo": {"prefix": "https://igx.4sqi.net/img/user/", "suffix": "/137386-L5GM5JWCGSNFXUU0.jpg"}, "firstName": "Ken", "lastName": "Ng"}, "canonicalUrl": "https://foursquare.com/item/507e9971e4b015eaec2fb610", "type": "user", "photourl": "https://igx.4sqi.net/img/general/original/137386_FQgZQRivGZuLBOUx8iOXgozlOPhM2xN7zXf0UskbAv8.jpg"}, {"authorInteractionType": "meh", "logView": true, "lang": "en", "createdAt": 1466239085, "agreeCount": 0, "likes": {"groups": [], "count": 0}, "id": "5765086d498efc1fb831dcc5", "text": "Decent vegetarian options - try the lotus root with macadamia nut or ask for the yam ring to be made vegetarian. Meal for 2 will easily be about SGD 60.", "type": "user", "user": {"gender": "male", "id": "198919847", "photo": {"prefix": "https://igx.4sqi.net/img/user/", "suffix": "/198919847-TE5JI35JWLNDPLMI.png"}, "firstName": "Krishna", "lastName": "Nataraj"}, "canonicalUrl": "https://foursquare.com/item/5765086d498efc1fb831dcc5", "todo": {"count": 0}, "disagreeCount": 0}], "count": 48}}}