{"meta": {"code": 200, "requestId": "595a4839f594df3c73b28e24"}, "response": {"tips": {"items": [{"authorInteractionType": "liked", "logView": true, "lang": "en", "photo": {"id": "55a8910f498e27568b9a286c", "visibility": "public", "source": {"name": "Swarm for iOS", "url": "https://www.swarmapp.com"}, "suffix": "/162778_UofIzXKqjJSSMyjCuaS7vZlb0Zlq47FPOTnbRi43a4Y.jpg", "createdAt": 1437110543, "prefix": "https://igx.4sqi.net/img/general/", "width": 1440, "height": 1440}, "createdAt": 1437110543, "todo": {"count": 0}, "agreeCount": 0, "likes": {"groups": [], "count": 0}, "id": "55a8910f498e27568b9a286f", "text": "Famous katong laksa! \ud83d\ude0d", "disagreeCount": 0, "user": {"id": "162778", "photo": {"prefix": "https://igx.4sqi.net/img/user/", "suffix": "/162778-OU0YVP0OEQMT5A2T.jpg"}, "firstName": "huieee", "gender": "female"}, "canonicalUrl": "https://foursquare.com/item/55a8910f498e27568b9a286f", "type": "user", "photourl": "https://igx.4sqi.net/img/general/original/162778_UofIzXKqjJSSMyjCuaS7vZlb0Zlq47FPOTnbRi43a4Y.jpg"}, {"authorInteractionType": "liked", "logView": true, "lang": "en", "photo": {"id": "559b85f9498e62c70fd5229f", "visibility": "public", "source": {"name": "Foursquare for iOS", "url": "https://foursquare.com/download/#/iphone"}, "suffix": "/28596939_UzMK4G05jQgG7WbaKm6Z2Z5SpD7znCOeRGRX_BZlYIo.jpg", "createdAt": 1436255737, "prefix": "https://igx.4sqi.net/img/general/", "width": 1440, "height": 1440}, "createdAt": 1436255730, "todo": {"count": 0}, "agreeCount": 0, "likes": {"groups": [], "count": 0}, "id": "559b85f2498ede7443c035a6", "text": "LAKSA and NASI LEMAK FTW!", "disagreeCount": 0, "user": {"gender": "male", "id": "28596939", "photo": {"prefix": "https://igx.4sqi.net/img/user/", "suffix": "/GGSLMID0MKUYLKVF.jpg"}, "firstName": "Rupert", "lastName": "Consunji"}, "canonicalUrl": "https://foursquare.com/item/559b85f2498ede7443c035a6", "type": "user", "photourl": "https://igx.4sqi.net/img/general/original/28596939_UzMK4G05jQgG7WbaKm6Z2Z5SpD7znCOeRGRX_BZlYIo.jpg"}, {"logView": true, "lang": "en", "createdAt": 1423969477, "agreeCount": 0, "likes": {"groups": [], "count": 0}, "id": "54e00cc5498ec4e12545cf69", "text": "It's isn't worth the extra $1 for a dismal extra 3-5 pieces of cockles. \ud83d\ude02\ud83d\ude02\ud83d\ude02", "type": "user", "user": {"gender": "female", "id": "2665424", "photo": {"prefix": "https://igx.4sqi.net/img/user/", "suffix": "/2665424-GCEK00JIAINGA1B5.jpg"}, "firstName": "Clarina", "lastName": "Seetho"}, "canonicalUrl": "https://foursquare.com/item/54e00cc5498ec4e12545cf69", "todo": {"count": 0}, "disagreeCount": 0}, {"logView": true, "lang": "en", "createdAt": 1347767135, "agreeCount": 1, "likes": {"groups": [{"items": [{"id": "34831888", "photo": {"prefix": "https://igx.4sqi.net/img/user/", "suffix": "/34831888_j-pVv5D8_iIZAzbEaWT4AjAXR7wvhLV5-AiGZRhs9Q-dLthckTZwZ8Px6lLacVPtipszTO0Ml.jpg"}, "firstName": "\u5218 \u6587 \u6210", "gender": "male"}], "count": 1, "type": "others"}], "summary": "1 like", "count": 1}, "id": "50554b5fe4b05888522ca39a", "text": "Laksa (small) with, otah and a drink. $6 only!", "type": "user", "user": {"gender": "male", "id": "8107105", "photo": {"prefix": "https://igx.4sqi.net/img/user/", "suffix": "/8107105-KU0SLW433X4GQ2J4.jpg"}, "firstName": "Victor", "lastName": "Tey"}, "canonicalUrl": "https://foursquare.com/item/50554b5fe4b05888522ca39a", "todo": {"count": 0}, "disagreeCount": 0}, {"logView": true, "lang": "en", "createdAt": 1294734546, "agreeCount": 0, "likes": {"groups": [], "count": 0}, "id": "4d2c14d2fb8e5941cbec5154", "text": "just can't get anough ;) yum!", "type": "user", "user": {"gender": "female", "id": "4869787", "photo": {"prefix": "https://igx.4sqi.net/img/user/", "suffix": "/MXEXM2BZPOV3DRTX.jpg"}, "firstName": "Florianne", "lastName": "Medina"}, "canonicalUrl": "https://foursquare.com/item/4d2c14d2fb8e5941cbec5154", "todo": {"count": 0}, "disagreeCount": 0}, {"logView": true, "lang": "en", "createdAt": 1396764282, "agreeCount": 0, "likes": {"groups": [], "count": 0}, "id": "5340ee7a498ec9e627a7d9ec", "text": "Lol mediocre", "type": "user", "user": {"gender": "male", "id": "14140865", "photo": {"prefix": "https://igx.4sqi.net/img/user/", "suffix": "/14140865-EJTFL45O25SLSHGX.jpg"}, "firstName": "Jeremy", "lastName": "Tay"}, "canonicalUrl": "https://foursquare.com/item/5340ee7a498ec9e627a7d9ec", "todo": {"count": 0}, "disagreeCount": 1}, {"logView": true, "lang": "en", "createdAt": 1461867383, "agreeCount": 1, "likes": {"groups": [], "count": 0}, "id": "57225377498e6a3c99d551a9", "text": "Use the iPads that are available to order, grab the beeper, wait, head to the counter when the beeper vibrates and flashes, foot the bill and enjoy your meal. Brilliant ordering process.", "type": "user", "user": {"gender": "male", "id": "43590376", "photo": {"prefix": "https://igx.4sqi.net/img/user/", "suffix": "/43590376_qHuTJDDM_B-AgC3DPdb0b7JmTis0qGWjtdLQH4NT5lN09sRZs770vprSKLJaxJ1MqI3e2efBA.jpg"}, "firstName": "Lionel", "lastName": "Lim"}, "canonicalUrl": "https://foursquare.com/item/57225377498e6a3c99d551a9", "todo": {"count": 0}, "disagreeCount": 0}, {"logView": true, "lang": "en", "createdAt": 1287379973, "agreeCount": 4, "likes": {"groups": [{"items": [{"gender": "none", "id": "38435582", "photo": {"prefix": "https://igx.4sqi.net/img/user/", "default": true, "suffix": "/blank_boy.png"}, "firstName": "Anthy", "lastName": "Trhee"}, {"gender": "male", "id": "8107105", "photo": {"prefix": "https://igx.4sqi.net/img/user/", "suffix": "/8107105-KU0SLW433X4GQ2J4.jpg"}, "firstName": "Victor", "lastName": "Tey"}, {"gender": "female", "id": "5006886", "photo": {"prefix": "https://igx.4sqi.net/img/user/", "suffix": "/2F41JECHGHNOWU0M.jpg"}, "firstName": "Cheryl", "lastName": "Lye"}], "count": 3, "type": "others"}], "summary": "3 likes", "count": 3}, "id": "4cbbdc054c60a09368694eca", "text": "one of e rare places that we can bring e dogs! laksa is very gd with fresh prawns n ingredients. otah is a must have to go along too! satisfied! =)", "type": "user", "user": {"gender": "male", "id": "3751346", "photo": {"prefix": "https://igx.4sqi.net/img/user/", "suffix": "/3DBNUUXE41BEQCZI.jpg"}, "firstName": "Prince", "lastName": "Arty"}, "canonicalUrl": "https://foursquare.com/item/4cbbdc054c60a09368694eca", "todo": {"count": 0}, "disagreeCount": 0}, {"logView": true, "lang": "en", "createdAt": 1286281695, "agreeCount": 0, "likes": {"groups": [], "count": 0}, "id": "4cab19df2776b60ccad3480d", "text": "Nasi lemak is so-so. Nothing fantastic.", "type": "user", "user": {"id": "1647152", "photo": {"prefix": "https://igx.4sqi.net/img/user/", "suffix": "/DAC0K0TMR0SJBS0A.jpg"}, "firstName": "ady", "gender": "female"}, "canonicalUrl": "https://foursquare.com/item/4cab19df2776b60ccad3480d", "todo": {"count": 0}, "disagreeCount": 0}, {"logView": true, "lang": "en", "createdAt": 1324104570, "agreeCount": 2, "likes": {"groups": [{"items": [{"gender": "female", "id": "5006886", "photo": {"prefix": "https://igx.4sqi.net/img/user/", "suffix": "/2F41JECHGHNOWU0M.jpg"}, "firstName": "Cheryl", "lastName": "Lye"}], "count": 1, "type": "others"}], "summary": "1 like", "count": 1}, "id": "4eec3b7a8b81bbbf5bc084f5", "text": "Really nice laksa! With reasonable price too! :)", "type": "user", "user": {"gender": "female", "id": "4974907", "photo": {"prefix": "https://igx.4sqi.net/img/user/", "suffix": "/MTV1NI0TYYSWNTSK.jpg"}, "firstName": "Xinjie", "lastName": "Bulbasaur"}, "canonicalUrl": "https://foursquare.com/item/4eec3b7a8b81bbbf5bc084f5", "todo": {"count": 0}, "disagreeCount": 0}, {"logView": true, "lang": "en", "createdAt": 1378207644, "agreeCount": 0, "likes": {"groups": [], "count": 0}, "id": "5225c79c11d212380d025084", "text": "Disappointing. Standard drop.", "type": "user", "user": {"gender": "male", "id": "9649223", "photo": {"prefix": "https://igx.4sqi.net/img/user/", "suffix": "/9649223-Z2E2D45CUTYULRBK.jpg"}, "firstName": "Caleb", "lastName": "Pragasam"}, "canonicalUrl": "https://foursquare.com/item/5225c79c11d212380d025084", "todo": {"count": 0}, "disagreeCount": 0}, {"logView": true, "lang": "en", "createdAt": 1380084914, "agreeCount": 0, "likes": {"groups": [], "count": 0}, "id": "52426cb2498e782306ba48c0", "text": "Place your order on iPad. Hi-tech siah!", "type": "user", "user": {"id": "12305570", "photo": {"prefix": "https://igx.4sqi.net/img/user/", "suffix": "/12305570-J3K4UGYLG55R2V4G.jpg"}, "firstName": "Saudade", "gender": "female"}, "canonicalUrl": "https://foursquare.com/item/52426cb2498e782306ba48c0", "todo": {"count": 0}, "disagreeCount": 0}, {"authorInteractionType": "liked", "logView": true, "lang": "en", "photo": {"id": "56d469f4498ee5474333a682", "visibility": "friends", "source": {"name": "Instagram", "url": "http://instagram.com"}, "suffix": "/3110455_u1LWKD_sZ18tZu6PYpBzwrVlBKUQtoDdGadharYEIo8.jpg", "createdAt": 1456761332, "prefix": "https://igx.4sqi.net/img/general/", "width": 1080, "height": 1349}, "createdAt": 1456761332, "todo": {"count": 0}, "agreeCount": 0, "likes": {"groups": [], "count": 0}, "id": "56d469f4498ee5474333a683", "text": "Self service! Save time! :]", "disagreeCount": 0, "user": {"gender": "male", "id": "3110455", "photo": {"prefix": "https://igx.4sqi.net/img/user/", "suffix": "/JJAD5PJDOISCKDFV.jpg"}, "firstName": "Maurice", "lastName": "Lai"}, "canonicalUrl": "https://foursquare.com/item/56d469f4498ee5474333a683", "type": "user", "photourl": "https://igx.4sqi.net/img/general/original/3110455_u1LWKD_sZ18tZu6PYpBzwrVlBKUQtoDdGadharYEIo8.jpg"}, {"authorInteractionType": "liked", "logView": true, "lang": "en", "createdAt": 1428500186, "agreeCount": 0, "likes": {"groups": [], "count": 0}, "id": "55252eda498ecb7c4608e881", "text": "The laksa! Love the electronic queue and ordering function. Sinful indulgence.", "type": "user", "user": {"gender": "male", "id": "41398070", "photo": {"prefix": "https://igx.4sqi.net/img/user/", "suffix": "/PLM3IEL1YNSYNYBH.jpg"}, "firstName": "Malcolm", "lastName": "Lee"}, "canonicalUrl": "https://foursquare.com/item/55252eda498ecb7c4608e881", "todo": {"count": 0}, "disagreeCount": 0}, {"logView": true, "lang": "en", "createdAt": 1384493821, "agreeCount": 0, "likes": {"groups": [], "count": 0}, "id": "5285b2fd498e8c1118ca9a97", "text": "Laksa is very average. One of the cheapest choices in holland village food cluster.", "type": "user", "user": {"id": "55390456", "photo": {"prefix": "https://igx.4sqi.net/img/user/", "suffix": "/55390456_xjGWfjYZ_UAMBNliBjCxql6WleMj7JVZzY9y3t2_6WtR-3ecn7WlfLcMpWqn7tIYj_11T_fb-.jpg"}, "firstName": "Ting", "gender": "female"}, "canonicalUrl": "https://foursquare.com/item/5285b2fd498e8c1118ca9a97", "todo": {"count": 0}, "disagreeCount": 0}, {"logView": true, "lang": "en", "createdAt": 1311770698, "agreeCount": 0, "likes": {"groups": [], "count": 0}, "id": "4e30084a45ddcf0f5c8844d9", "text": "Lasak so so but price is acceptable :)", "type": "user", "user": {"gender": "male", "id": "4863807", "photo": {"prefix": "https://igx.4sqi.net/img/user/", "suffix": "/XZZQW3L5EMKEYUIA.jpg"}, "firstName": "Henry", "lastName": "Chua"}, "canonicalUrl": "https://foursquare.com/item/4e30084a45ddcf0f5c8844d9", "todo": {"count": 0}, "disagreeCount": 0}, {"logView": true, "lang": "en", "photo": {"id": "53e46526498e7e5c5451d644", "visibility": "public", "source": {"name": "Foursquare for iOS", "url": "https://foursquare.com/download/#/iphone"}, "suffix": "/55457013_nCXWCFZguhMOe_nptXKsAYsbpR4FVHgKgFo-w1Uqm-g.jpg", "createdAt": 1407477030, "prefix": "https://igx.4sqi.net/img/general/", "width": 720, "height": 960}, "createdAt": 1407477028, "todo": {"count": 0}, "agreeCount": 1, "likes": {"groups": [{"items": [{"gender": "male", "id": "76442945", "photo": {"prefix": "https://igx.4sqi.net/img/user/", "suffix": "/76442945-4VLZOCFLWL2FNWGT.jpg"}, "firstName": "Chris", "lastName": "Chung"}], "count": 1, "type": "others"}], "summary": "1 like", "count": 1}, "id": "53e46524498e4a604fcf1683", "text": "1st Katong Laksa after 8 months away from S'pore.", "disagreeCount": 1, "user": {"gender": "male", "id": "55457013", "photo": {"prefix": "https://igx.4sqi.net/img/user/", "suffix": "/JVIBP2VXVKJ1GWWY.jpg"}, "firstName": "Chris", "lastName": "Chung Chee Hoe"}, "canonicalUrl": "https://foursquare.com/item/53e46524498e4a604fcf1683", "type": "user", "photourl": "https://igx.4sqi.net/img/general/original/55457013_nCXWCFZguhMOe_nptXKsAYsbpR4FVHgKgFo-w1Uqm-g.jpg"}, {"logView": true, "lang": "en", "createdAt": 1486365194, "agreeCount": 0, "likes": {"groups": [], "count": 0}, "id": "5898220a0593e10d79c9ee3b", "text": "Nasi lemak is disappointing. Chicken is thick with batter. Rice is not coconut-ish. Otah don't bother (3 for $1 is better) Final word, just don't bother about the Nasi lemak.", "type": "user", "user": {"gender": "male", "id": "1860260", "photo": {"prefix": "https://igx.4sqi.net/img/user/", "suffix": "/1860260-UE5J2G2EQ5FSZIVH.jpg"}, "firstName": "Matthew", "lastName": "Mark Aloysious"}, "canonicalUrl": "https://foursquare.com/item/5898220a0593e10d79c9ee3b", "todo": {"count": 0}, "disagreeCount": 0}, {"logView": true, "lang": "en", "createdAt": 1310792653, "agreeCount": 0, "likes": {"groups": [], "count": 0}, "id": "4e211bcdd22d0a3f59f54189", "text": "The nasi lemak is also nice.", "type": "user", "user": {"gender": "female", "id": "8545794", "photo": {"prefix": "https://igx.4sqi.net/img/user/", "suffix": "/SQVYB0OUVJYOQLWC.jpg"}, "firstName": "Ann", "lastName": "Ng"}, "canonicalUrl": "https://foursquare.com/item/4e211bcdd22d0a3f59f54189", "todo": {"count": 0}, "disagreeCount": 0}, {"logView": true, "lang": "en", "createdAt": 1278048511, "agreeCount": 1, "likes": {"groups": [{"items": [{"gender": "male", "id": "3999798", "photo": {"prefix": "https://igx.4sqi.net/img/user/", "suffix": "/3999798_L0nKigO0_XMOuIt3J1JLqSOl4mwQLDLtYZ341H_m9jDo3MGUY1IL2kIC3jKAtMUKLx4itvm-u.jpg"}, "firstName": "Gordon", "lastName": "Tan"}], "count": 1, "type": "others"}], "summary": "1 like", "count": 1}, "id": "4c2d78ff3a4d0f478a05e486", "text": "Food is OK only. Not fantastic. The nasi lemak dishes are cold and fried chicken are hard. But price is reasonable.", "type": "user", "user": {"gender": "female", "id": "999795", "photo": {"prefix": "https://igx.4sqi.net/img/user/", "default": true, "suffix": "/blank_girl.png"}, "firstName": "EP", "lastName": "Lee"}, "canonicalUrl": "https://foursquare.com/item/4c2d78ff3a4d0f478a05e486", "todo": {"count": 0}, "disagreeCount": 0}, {"logView": true, "lang": "en", "createdAt": 1395389966, "agreeCount": 1, "likes": {"groups": [], "count": 0}, "id": "532bf60e498efafb74aac034", "text": "Very clean, has ipad order system, good laksa.", "type": "user", "user": {"gender": "female", "id": "81922888", "photo": {"prefix": "https://igx.4sqi.net/img/user/", "default": true, "suffix": "/blank_girl.png"}, "firstName": "Rita", "lastName": "Martinez"}, "canonicalUrl": "https://foursquare.com/item/532bf60e498efafb74aac034", "todo": {"count": 0}, "disagreeCount": 0}, {"logView": true, "lang": "en", "createdAt": 1324701948, "agreeCount": 0, "likes": {"groups": [], "count": 0}, "id": "4ef558fc93ad743f60453aaf", "text": "Nasi lemak are served cold. Bad first, lunch time visit. =(", "type": "user", "user": {"gender": "male", "id": "418060", "photo": {"prefix": "https://igx.4sqi.net/img/user/", "suffix": "/TYRRCK5XZRM2LSDC.jpg"}, "firstName": "Edwin", "lastName": "Lim"}, "canonicalUrl": "https://foursquare.com/item/4ef558fc93ad743f60453aaf", "todo": {"count": 0}, "disagreeCount": 0}], "count": 22}}}