{"meta": {"code": 200, "requestId": "595a4de0351e3d64b1465b7f"}, "response": {"tips": {"items": [{"logView": true, "lang": "en", "createdAt": 1274164705, "agreeCount": 0, "likes": {"groups": [], "count": 0}, "id": "4bf235e170c603bb80f19bb4", "text": "Like this: just skip the soup, its seriously horrible", "type": "user", "user": {"gender": "male", "id": "1281888", "photo": {"prefix": "https://igx.4sqi.net/img/user/", "suffix": "/2PTRE2H3I03IKHD1.jpg"}, "firstName": "Josiah", "lastName": "Wayne"}, "canonicalUrl": "https://foursquare.com/item/4bf235e170c603bb80f19bb4", "todo": {"count": 0}, "disagreeCount": 0}, {"logView": true, "lang": "pt", "createdAt": 1293264406, "agreeCount": 0, "likes": {"groups": [], "count": 0}, "id": "4d15a616816af04d38c544c2", "text": "X'mas edition cheesy7", "type": "user", "user": {"gender": "male", "id": "3570264", "photo": {"prefix": "https://igx.4sqi.net/img/user/", "suffix": "/LVQKO1NC0VCM3Y41.jpg"}, "firstName": "James", "lastName": "Li Zhiwei"}, "canonicalUrl": "https://foursquare.com/item/4d15a616816af04d38c544c2", "todo": {"count": 0}, "disagreeCount": 0}, {"logView": true, "lang": "en", "createdAt": 1285567852, "agreeCount": 0, "likes": {"groups": [], "count": 0}, "id": "4ca0356c604c76b05574927b", "text": "going to enjoy my lunch there ^^", "type": "user", "user": {"gender": "female", "id": "3588332", "photo": {"prefix": "https://igx.4sqi.net/img/user/", "suffix": "/5ERTJR03QDBMWNEU.jpg"}, "firstName": "Sharon", "lastName": "Leong"}, "canonicalUrl": "https://foursquare.com/item/4ca0356c604c76b05574927b", "todo": {"count": 0}, "disagreeCount": 0}, {"logView": true, "lang": "en", "createdAt": 1327119892, "agreeCount": 0, "likes": {"groups": [], "count": 0}, "id": "4f1a3e14e4b0c74ef0a58016", "text": "Soft shell crabbiata is bad (crab was smelly) and the fish in fish & chips was undercooked", "type": "user", "user": {"gender": "male", "id": "267819", "photo": {"prefix": "https://igx.4sqi.net/img/user/", "suffix": "/267819-E53DKCODHHA3D55Y.jpg"}, "firstName": "Ali", "lastName": "Yilmaz"}, "canonicalUrl": "https://foursquare.com/item/4f1a3e14e4b0c74ef0a58016", "todo": {"count": 0}, "disagreeCount": 0}, {"logView": true, "lang": "en", "createdAt": 1288953537, "agreeCount": 0, "likes": {"groups": [], "count": 0}, "id": "4cd3dec14944721ebacceea6", "text": "Order a  regular cheesy 7 pizza, use Citibank credit card to enjoy 25% off the price...Offer is until 17th Nov.", "type": "user", "user": {"gender": "male", "id": "3803147", "photo": {"prefix": "https://igx.4sqi.net/img/user/", "suffix": "/RSLCWBNZJ4MQSP2E.jpg"}, "firstName": "monokichi", "lastName": "lim"}, "canonicalUrl": "https://foursquare.com/item/4cd3dec14944721ebacceea6", "todo": {"count": 0}, "disagreeCount": 0}, {"logView": true, "lang": "en", "createdAt": 1291444994, "agreeCount": 0, "likes": {"groups": [], "count": 0}, "id": "4cf9e3027945224b79ef7ce7", "text": "sweet 'n spicy drums are <3", "type": "user", "user": {"id": "482585", "photo": {"prefix": "https://igx.4sqi.net/img/user/", "suffix": "/PNEOVKEUZGVXEIFP.jpg"}, "firstName": "jessica chong", "gender": "female"}, "canonicalUrl": "https://foursquare.com/item/4cf9e3027945224b79ef7ce7", "todo": {"count": 0}, "disagreeCount": 0}, {"logView": true, "lang": "en", "createdAt": 1305378607, "agreeCount": 0, "likes": {"groups": [], "count": 0}, "id": "4dce7f2f52b1f8915b972810", "text": "soup is edible, but something you can definitely do without.", "type": "user", "user": {"gender": "female", "id": "8731537", "photo": {"prefix": "https://igx.4sqi.net/img/user/", "suffix": "/GUNRTX2VOWY11LAE.jpg"}, "firstName": "Matilda", "lastName": "Razzle-Dazzle"}, "canonicalUrl": "https://foursquare.com/item/4dce7f2f52b1f8915b972810", "todo": {"count": 0}, "disagreeCount": 0}, {"logView": true, "lang": "en", "createdAt": 1373212373, "agreeCount": 0, "likes": {"groups": [], "count": 0}, "id": "51d98ed5498e3dda687adaa6", "text": "Looks not bad. Maybe can try it next time when I'm back.", "type": "user", "user": {"gender": "female", "id": "755166", "photo": {"prefix": "https://igx.4sqi.net/img/user/", "suffix": "/AHLCKLUBB1SKADXI.jpg"}, "firstName": "Jasmine", "lastName": "Ho"}, "canonicalUrl": "https://foursquare.com/item/51d98ed5498e3dda687adaa6", "todo": {"count": 0}, "disagreeCount": 0}, {"logView": true, "lang": "en", "createdAt": 1401279404, "agreeCount": 0, "likes": {"groups": [], "count": 0}, "id": "5385d3ac498ed601911729c6", "text": "Calm and peaceful place. Staff not very courteous.", "type": "user", "user": {"gender": "female", "id": "35581953", "photo": {"prefix": "https://igx.4sqi.net/img/user/", "suffix": "/VX1ZKN5W1WN1KYJT.jpg"}, "firstName": "Hellows", "lastName": "Diddee"}, "canonicalUrl": "https://foursquare.com/item/5385d3ac498ed601911729c6", "todo": {"count": 0}, "disagreeCount": 0}, {"logView": true, "lang": "en", "createdAt": 1306062102, "agreeCount": 0, "likes": {"groups": [], "count": 0}, "id": "4dd8ed16d4c05d50970e0ae5", "text": "The new pizza hut menu is da bomb! Cheesy mushrooms and cheesy mussels = Fantastic", "type": "user", "user": {"gender": "female", "id": "6965671", "photo": {"prefix": "https://igx.4sqi.net/img/user/", "suffix": "/LQP5D4B3MUOLGFO4.jpg"}, "firstName": "Gladys", "lastName": "Chow"}, "canonicalUrl": "https://foursquare.com/item/4dd8ed16d4c05d50970e0ae5", "todo": {"count": 0}, "disagreeCount": 0}, {"logView": true, "lang": "en", "createdAt": 1289740254, "agreeCount": 0, "likes": {"groups": [], "count": 0}, "id": "4cdfdfde825e721ea45a7345", "text": "the chocolate cake and vanilla is to die for!", "type": "user", "user": {"gender": "male", "id": "2608279", "photo": {"prefix": "https://igx.4sqi.net/img/user/", "suffix": "/2608279-H3RGNS2OAPMEPH4L.jpg"}, "firstName": "Vishnu", "lastName": "R"}, "canonicalUrl": "https://foursquare.com/item/4cdfdfde825e721ea45a7345", "todo": {"count": 0}, "disagreeCount": 0}], "count": 11}}}