{"meta": {"code": 200, "requestId": "595a482d9fb6b77b93ef69f8"}, "response": {"tips": {"items": [{"logView": true, "lang": "en", "createdAt": 1317469632, "agreeCount": 0, "likes": {"groups": [], "count": 0}, "id": "4e86fdc077c8aec59fe87d82", "text": "Scallop capellini: I'd order dis again if there's nothing else dat catches my eye", "type": "user", "user": {"gender": "male", "id": "231366", "photo": {"prefix": "https://igx.4sqi.net/img/user/", "suffix": "/231366-Q2ZSAEF50GYUXPDA.jpg"}, "firstName": "Cheen", "lastName": "The Curious"}, "canonicalUrl": "https://foursquare.com/item/4e86fdc077c8aec59fe87d82", "todo": {"count": 0}, "disagreeCount": 0}, {"logView": true, "lang": "en", "createdAt": 1317469162, "agreeCount": 0, "likes": {"groups": [], "count": 0}, "id": "4e86fbea29c21818c0c30b35", "text": "Lasagne: edible but we felt there was too much cheese", "type": "user", "user": {"gender": "male", "id": "231366", "photo": {"prefix": "https://igx.4sqi.net/img/user/", "suffix": "/231366-Q2ZSAEF50GYUXPDA.jpg"}, "firstName": "Cheen", "lastName": "The Curious"}, "canonicalUrl": "https://foursquare.com/item/4e86fbea29c21818c0c30b35", "todo": {"count": 0}, "disagreeCount": 0}, {"logView": true, "lang": "en", "createdAt": 1426254152, "agreeCount": 0, "likes": {"groups": [], "count": 0}, "id": "5502e948498e7a3af73074aa", "text": "Terrible service", "type": "user", "user": {"gender": "female", "id": "80268392", "photo": {"prefix": "https://igx.4sqi.net/img/user/", "suffix": "/80268392-XRE553LLTLDT0WQJ.jpg"}, "firstName": "Melissa", "lastName": "Ooi"}, "canonicalUrl": "https://foursquare.com/item/5502e948498e7a3af73074aa", "todo": {"count": 0}, "disagreeCount": 0}, {"logView": true, "lang": "en", "createdAt": 1314253267, "agreeCount": 1, "likes": {"groups": [{"items": [{"gender": "none", "id": "680642", "photo": {"prefix": "https://igx.4sqi.net/img/user/", "suffix": "/5OEVKU0OVYRXQK5R.jpg"}, "firstName": "Corby", "lastName": "Tan"}], "count": 1, "type": "others"}], "summary": "1 like", "count": 1}, "id": "4e55e9d31495eb38e2019c66", "text": "Super friendly staff! And amazing tomato soup yummm! $22 set lunch, entree, main & dessert, can't go wrong there!", "type": "user", "user": {"gender": "female", "id": "12660471", "photo": {"prefix": "https://igx.4sqi.net/img/user/", "suffix": "/RJPQ3S4MN4CTRVNQ.jpg"}, "firstName": "Jeslin", "lastName": "K"}, "canonicalUrl": "https://foursquare.com/item/4e55e9d31495eb38e2019c66", "todo": {"count": 0}, "disagreeCount": 0}, {"logView": true, "lang": "en", "createdAt": 1408115294, "agreeCount": 0, "likes": {"groups": [], "count": 0}, "id": "53ee225e498e45a361658c62", "text": "More finesse over at Namly's branch. 'Nuff said.", "type": "user", "user": {"gender": "female", "id": "5967970", "photo": {"prefix": "https://igx.4sqi.net/img/user/", "suffix": "/5967970-EOU42430HRJM34TE.jpg"}, "firstName": "jianhui emma", "lastName": "kwee"}, "canonicalUrl": "https://foursquare.com/item/53ee225e498e45a361658c62", "todo": {"count": 0}, "disagreeCount": 0}, {"logView": true, "lang": "en", "createdAt": 1361503346, "agreeCount": 3, "likes": {"groups": [{"items": [{"gender": "male", "id": "22035473", "photo": {"prefix": "https://igx.4sqi.net/img/user/", "suffix": "/TW4LKQSUHPEOZQEJ.jpg"}, "firstName": "Christopher", "lastName": "Ong"}, {"gender": "male", "id": "1936215", "photo": {"prefix": "https://igx.4sqi.net/img/user/", "suffix": "/VQK3ZXC3ZXZL4F2K.jpg"}, "firstName": "Peter Andreas", "lastName": "Moelgaard"}, {"gender": "female", "id": "10889001", "photo": {"prefix": "https://igx.4sqi.net/img/user/", "suffix": "/BOKQUQDLQLI5XSZC.png"}, "firstName": "Keilya", "lastName": "Jan"}], "count": 3, "type": "others"}], "summary": "3 likes", "count": 3}, "id": "5126e472e4b0c2161ec31480", "text": "Service is way above average, the two waitstaff that attended to us appear to be clear veterans. Food was very flavourful and aerved fast.", "type": "user", "user": {"gender": "male", "id": "8819030", "photo": {"prefix": "https://igx.4sqi.net/img/user/", "suffix": "/30IQZNPI4JZWXKJH.jpg"}, "firstName": "Borovo", "lastName": "Gera"}, "canonicalUrl": "https://foursquare.com/item/5126e472e4b0c2161ec31480", "todo": {"count": 0}, "disagreeCount": 0}, {"authorInteractionType": "liked", "logView": true, "lang": "en", "createdAt": 1382962547, "agreeCount": 0, "likes": {"groups": [], "count": 0}, "id": "526e5573498e3c29a7a05860", "text": "Awesome service, helped us split our  soup without us asking", "type": "user", "user": {"id": "2507864", "photo": {"prefix": "https://igx.4sqi.net/img/user/", "suffix": "/JSZ04QSHO55GF3GM.jpg"}, "firstName": "Laurence", "gender": "male"}, "canonicalUrl": "https://foursquare.com/item/526e5573498e3c29a7a05860", "todo": {"count": 0}, "disagreeCount": 0}, {"logView": true, "lang": "en", "createdAt": 1381239030, "agreeCount": 2, "likes": {"groups": [{"items": [{"gender": "male", "id": "1936215", "photo": {"prefix": "https://igx.4sqi.net/img/user/", "suffix": "/VQK3ZXC3ZXZL4F2K.jpg"}, "firstName": "Peter Andreas", "lastName": "Moelgaard"}, {"gender": "female", "id": "10889001", "photo": {"prefix": "https://igx.4sqi.net/img/user/", "suffix": "/BOKQUQDLQLI5XSZC.png"}, "firstName": "Keilya", "lastName": "Jan"}], "count": 2, "type": "others"}], "summary": "2 likes", "count": 2}, "id": "525408f611d23e8486f9d4f5", "text": "Must try the Signature La Nonna pizza !", "type": "user", "user": {"gender": "female", "id": "36837137", "photo": {"prefix": "https://igx.4sqi.net/img/user/", "suffix": "/36837137-OCG0AAAI0GAWUBKT.jpg"}, "firstName": "Stephanie", "lastName": "Yee"}, "canonicalUrl": "https://foursquare.com/item/525408f611d23e8486f9d4f5", "todo": {"count": 0}, "disagreeCount": 0}, {"logView": true, "lang": "en", "photo": {"id": "53807e22498e54a271ed3c7d", "visibility": "public", "source": {"name": "Foursquare for iOS", "url": "https://foursquare.com/download/#/iphone"}, "suffix": "/4543221_vBk5uyRVMUo-5GPBz60b9WUYtjl-jQqTxc4VnA7ASck.jpg", "createdAt": 1400929826, "prefix": "https://igx.4sqi.net/img/general/", "width": 959, "height": 717}, "createdAt": 1400929816, "todo": {"count": 0}, "agreeCount": 2, "likes": {"groups": [{"items": [{"gender": "male", "id": "1936215", "photo": {"prefix": "https://igx.4sqi.net/img/user/", "suffix": "/VQK3ZXC3ZXZL4F2K.jpg"}, "firstName": "Peter Andreas", "lastName": "Moelgaard"}, {"id": "2205108", "photo": {"prefix": "https://igx.4sqi.net/img/user/", "suffix": "/MJYKBUNO4QRHOSBV.jpg"}, "firstName": "The Senso Group", "gender": "female"}], "count": 2, "type": "others"}], "summary": "2 likes", "count": 2}, "id": "53807e18498e5e44a0d5394c", "text": "Great food & awesome service! They gave a surprise bdae cake for my hubby once i left a notes in the booking. For sure we will come back agaib ;)", "disagreeCount": 0, "user": {"gender": "female", "id": "4543221", "photo": {"prefix": "https://igx.4sqi.net/img/user/", "suffix": "/TA5V5Y5ZSDNOOT22.jpg"}, "firstName": "Evelyn", "lastName": "Tanusaputra"}, "canonicalUrl": "https://foursquare.com/item/53807e18498e5e44a0d5394c", "type": "user", "photourl": "https://igx.4sqi.net/img/general/original/4543221_vBk5uyRVMUo-5GPBz60b9WUYtjl-jQqTxc4VnA7ASck.jpg"}, {"logView": true, "lang": "en", "photo": {"id": "50ee47cde4b09038e3583f4e", "visibility": "public", "source": {"name": "Foursquare for iOS", "url": "https://foursquare.com/download/#/iphone"}, "suffix": "/17924592_81erI5rr_YoDlmPAti8BgBXUbZNOsY849yzLD69243I.jpg", "createdAt": 1357793229, "prefix": "https://igx.4sqi.net/img/general/", "width": 720, "height": 720}, "createdAt": 1357793221, "todo": {"count": 0}, "agreeCount": 2, "likes": {"groups": [{"items": [{"gender": "male", "id": "1936215", "photo": {"prefix": "https://igx.4sqi.net/img/user/", "suffix": "/VQK3ZXC3ZXZL4F2K.jpg"}, "firstName": "Peter Andreas", "lastName": "Moelgaard"}, {"gender": "female", "id": "10889001", "photo": {"prefix": "https://igx.4sqi.net/img/user/", "suffix": "/BOKQUQDLQLI5XSZC.png"}, "firstName": "Keilya", "lastName": "Jan"}], "count": 2, "type": "others"}], "summary": "2 likes", "count": 2}, "id": "50ee47c5e4b00a55ccb235b0", "text": "1-for-1 pasta, pizza and main course during weekday lunch. Good food and value for money.", "disagreeCount": 0, "user": {"gender": "male", "id": "17924592", "photo": {"prefix": "https://igx.4sqi.net/img/user/", "suffix": "/17924592-04MDP2N3E51JKR1Q.jpg"}, "firstName": "Terence", "lastName": "O"}, "canonicalUrl": "https://foursquare.com/item/50ee47c5e4b00a55ccb235b0", "type": "user", "photourl": "https://igx.4sqi.net/img/general/original/17924592_81erI5rr_YoDlmPAti8BgBXUbZNOsY849yzLD69243I.jpg"}, {"logView": true, "lang": "en", "createdAt": 1299387838, "agreeCount": 1, "likes": {"groups": [{"items": [{"gender": "male", "id": "22035473", "photo": {"prefix": "https://igx.4sqi.net/img/user/", "suffix": "/TW4LKQSUHPEOZQEJ.jpg"}, "firstName": "Christopher", "lastName": "Ong"}], "count": 1, "type": "others"}], "summary": "1 like", "count": 1}, "id": "4d7315be8e12b1f7b9754505", "text": "Free pizza for kids, special. Great deal.", "type": "user", "user": {"gender": "male", "id": "508798", "photo": {"prefix": "https://igx.4sqi.net/img/user/", "suffix": "/D5UWUFWBJ1V5WRSS.jpg"}, "firstName": "Rob", "lastName": "Digiovanni"}, "canonicalUrl": "https://foursquare.com/item/4d7315be8e12b1f7b9754505", "todo": {"count": 0}, "disagreeCount": 0}, {"authorInteractionType": "liked", "logView": true, "lang": "en", "createdAt": 1372839715, "agreeCount": 2, "likes": {"groups": [{"items": [{"gender": "male", "id": "1936215", "photo": {"prefix": "https://igx.4sqi.net/img/user/", "suffix": "/VQK3ZXC3ZXZL4F2K.jpg"}, "firstName": "Peter Andreas", "lastName": "Moelgaard"}, {"gender": "female", "id": "10889001", "photo": {"prefix": "https://igx.4sqi.net/img/user/", "suffix": "/BOKQUQDLQLI5XSZC.png"}, "firstName": "Keilya", "lastName": "Jan"}], "count": 2, "type": "others"}], "summary": "2 likes", "count": 2}, "id": "51d3df23498e750d449a229e", "text": "Lunch time 1-for-1 deals are great!", "type": "user", "user": {"id": "55390456", "photo": {"prefix": "https://igx.4sqi.net/img/user/", "suffix": "/55390456_xjGWfjYZ_UAMBNliBjCxql6WleMj7JVZzY9y3t2_6WtR-3ecn7WlfLcMpWqn7tIYj_11T_fb-.jpg"}, "firstName": "Ting", "gender": "female"}, "canonicalUrl": "https://foursquare.com/item/51d3df23498e750d449a229e", "todo": {"count": 0}, "disagreeCount": 0}, {"logView": true, "lang": "en", "photo": {"id": "547db491498efa5e6c2348cd", "visibility": "public", "source": {"name": "Foursquare for iOS", "url": "https://foursquare.com/download/#/iphone"}, "suffix": "/83608823_5UP8t_E9BsPv7kT1Lp2z7ND-Fe5sfbMKpj1AvnbHt7I.jpg", "createdAt": 1417524369, "prefix": "https://igx.4sqi.net/img/general/", "width": 1440, "height": 1920}, "createdAt": 1417524366, "todo": {"count": 0}, "agreeCount": 0, "likes": {"groups": [], "count": 0}, "id": "547db48e498e86d2e9b6d3f4", "text": "Seared Pork Chop on Mash - my main for set lunch. Taste wasn't uniform ... Some parts were yummier than other parts... \ud83d\ude33", "disagreeCount": 0, "user": {"gender": "female", "id": "83608823", "photo": {"prefix": "https://igx.4sqi.net/img/user/", "suffix": "/83608823-WQJ4KTFAVOHFARLI.jpg"}, "firstName": "Dora", "lastName": "Choo"}, "canonicalUrl": "https://foursquare.com/item/547db48e498e86d2e9b6d3f4", "type": "user", "photourl": "https://igx.4sqi.net/img/general/original/83608823_5UP8t_E9BsPv7kT1Lp2z7ND-Fe5sfbMKpj1AvnbHt7I.jpg"}, {"logView": true, "lang": "en", "createdAt": 1317469448, "agreeCount": 0, "likes": {"groups": [], "count": 0}, "id": "4e86fd0846904ed2ab810b0c", "text": "Crab meat linguine: d tomato cream sauce saved dis pasta dish", "type": "user", "user": {"gender": "male", "id": "231366", "photo": {"prefix": "https://igx.4sqi.net/img/user/", "suffix": "/231366-Q2ZSAEF50GYUXPDA.jpg"}, "firstName": "Cheen", "lastName": "The Curious"}, "canonicalUrl": "https://foursquare.com/item/4e86fd0846904ed2ab810b0c", "todo": {"count": 0}, "disagreeCount": 0}, {"logView": true, "lang": "en", "photo": {"id": "547db50e498e542d4d57bd80", "visibility": "public", "source": {"name": "Foursquare for iOS", "url": "https://foursquare.com/download/#/iphone"}, "suffix": "/83608823_GuVj52mqXK62u72IVO1t2SiYwgH3bvat1jO5TVDVkxU.jpg", "createdAt": 1417524494, "prefix": "https://igx.4sqi.net/img/general/", "width": 1920, "height": 1440}, "createdAt": 1417524491, "todo": {"count": 0}, "agreeCount": 0, "likes": {"groups": [], "count": 0}, "id": "547db50b498e89b7d6375d5a", "text": "Lemon Mousse - didn't finish it- was part of my set lunch. Didn't take to it. But make reservations (safer), good attentive service \ud83d\udc4d", "disagreeCount": 0, "user": {"gender": "female", "id": "83608823", "photo": {"prefix": "https://igx.4sqi.net/img/user/", "suffix": "/83608823-WQJ4KTFAVOHFARLI.jpg"}, "firstName": "Dora", "lastName": "Choo"}, "canonicalUrl": "https://foursquare.com/item/547db50b498e89b7d6375d5a", "type": "user", "photourl": "https://igx.4sqi.net/img/general/original/83608823_GuVj52mqXK62u72IVO1t2SiYwgH3bvat1jO5TVDVkxU.jpg"}, {"authorInteractionType": "liked", "logView": true, "lang": "en", "createdAt": 1433337994, "agreeCount": 0, "likes": {"groups": [], "count": 0}, "id": "556f008a498e57a429c42429", "text": "Love the food!! Just dislike the constant staring and mumbling between the pizza chefs... Will come back to try more\ud83d\udc95", "type": "user", "user": {"gender": "female", "id": "8169667", "photo": {"prefix": "https://igx.4sqi.net/img/user/", "suffix": "/8169667-ZULVSZPFELPD52TC.jpg"}, "firstName": "Momo", "lastName": "Hui Shan"}, "canonicalUrl": "https://foursquare.com/item/556f008a498e57a429c42429", "todo": {"count": 0}, "disagreeCount": 0}, {"logView": true, "lang": "en", "createdAt": 1328008680, "agreeCount": 0, "likes": {"groups": [], "count": 0}, "id": "4f27cde8e4b0fa5ce547f46e", "text": "Minus  5 stars... Nuff said", "type": "user", "user": {"gender": "male", "id": "5014463", "photo": {"prefix": "https://igx.4sqi.net/img/user/", "suffix": "/QJSJJZUM5TOBAR2O.jpg"}, "firstName": "Edwin", "lastName": "Chan"}, "canonicalUrl": "https://foursquare.com/item/4f27cde8e4b0fa5ce547f46e", "todo": {"count": 0}, "disagreeCount": 0}, {"logView": true, "lang": "en", "createdAt": 1331699071, "agreeCount": 0, "likes": {"groups": [], "count": 0}, "id": "4f601d7fe4b0f4b0a303d052", "text": "Food is good and value for money. Staff seem partial towards ang moh customers however.", "type": "user", "user": {"id": "6781834", "photo": {"prefix": "https://igx.4sqi.net/img/user/", "suffix": "/2D3UCSRGRB1CLGUF.jpg"}, "firstName": "icebat", "gender": "none"}, "canonicalUrl": "https://foursquare.com/item/4f601d7fe4b0f4b0a303d052", "todo": {"count": 0}, "disagreeCount": 0}, {"logView": true, "lang": "en", "createdAt": 1328008117, "agreeCount": 0, "likes": {"groups": [{"items": [], "count": 1, "type": "others"}], "summary": "1 like", "count": 1}, "id": "4f27cbb5e4b0715242377f66", "text": "This is the most disappointing Italian food I ever had, service so-so only.. Waste my money!!!", "type": "user", "user": {"gender": "female", "id": "4773347", "photo": {"prefix": "https://igx.4sqi.net/img/user/", "suffix": "/34G4GGR3J0QUJBGA.jpg"}, "firstName": "Gim", "lastName": "Lim"}, "canonicalUrl": "https://foursquare.com/item/4f27cbb5e4b0715242377f66", "todo": {"count": 0}, "disagreeCount": 0}, {"authorInteractionType": "disliked", "logView": true, "lang": "en", "createdAt": 1461992044, "agreeCount": 0, "likes": {"groups": [], "count": 0}, "id": "57243a6c498e9802e863314a", "text": "Got served Salmon carpaccio that was still 70% frozen.... And the second time we went there, both of us got some serious food poisoning", "type": "user", "user": {"gender": "none", "id": "106919134", "photo": {"prefix": "https://igx.4sqi.net/img/user/", "default": true, "suffix": "/blank_boy.png"}, "firstName": "safia", "lastName": "r"}, "canonicalUrl": "https://foursquare.com/item/57243a6c498e9802e863314a", "todo": {"count": 0}, "disagreeCount": 0}, {"logView": true, "lang": "en", "createdAt": 1317469953, "agreeCount": 0, "likes": {"groups": [], "count": 0}, "id": "4e86ff019adf0cc6059e79aa", "text": "Spigola (bass fish): Cooked in white wine sauce, it gave off a herbal, aromatic scent dat whetted our appetites :-)", "type": "user", "user": {"gender": "male", "id": "231366", "photo": {"prefix": "https://igx.4sqi.net/img/user/", "suffix": "/231366-Q2ZSAEF50GYUXPDA.jpg"}, "firstName": "Cheen", "lastName": "The Curious"}, "canonicalUrl": "https://foursquare.com/item/4e86ff019adf0cc6059e79aa", "todo": {"count": 0}, "disagreeCount": 0}, {"logView": true, "lang": "en", "createdAt": 1382925287, "agreeCount": 0, "likes": {"groups": [], "count": 0}, "id": "526dc3e711d2de3a93717a1f", "text": "Their Pizza Diavola is a must-try if you can stand the heat. Looks can be deceiving, this pie is loaded with chili! The Apple Tart is superb, too. Best of all, pay by Amex Platinum and get 50% off :)", "type": "user", "user": {"gender": "male", "id": "15492519", "photo": {"prefix": "https://igx.4sqi.net/img/user/", "suffix": "/15492519-MLVQTY5HWHPJI1EK.jpg"}, "firstName": "Christian", "lastName": "W"}, "canonicalUrl": "https://foursquare.com/item/526dc3e711d2de3a93717a1f", "todo": {"count": 0}, "disagreeCount": 0}, {"logView": true, "lang": "en", "createdAt": 1317468549, "agreeCount": 0, "likes": {"groups": [], "count": 0}, "id": "4e86f985cc21774af1e753e0", "text": "Pizza: We had d sausage & mushroom serving. Freshly made, generous toppings", "type": "user", "user": {"gender": "male", "id": "231366", "photo": {"prefix": "https://igx.4sqi.net/img/user/", "suffix": "/231366-Q2ZSAEF50GYUXPDA.jpg"}, "firstName": "Cheen", "lastName": "The Curious"}, "canonicalUrl": "https://foursquare.com/item/4e86f985cc21774af1e753e0", "todo": {"count": 0}, "disagreeCount": 0}, {"logView": true, "lang": "en", "photo": {"id": "50e7c01ae4b044a76862ad98", "visibility": "public", "source": {"name": "Foursquare for iOS", "url": "https://foursquare.com/download/#/iphone"}, "suffix": "/5490723_1BIHxTl2KbPpz3ZbM7x_ORxmtovvCuJfmkJK-f0WRzk.jpg", "createdAt": 1357365274, "prefix": "https://igx.4sqi.net/img/general/", "width": 960, "height": 720}, "createdAt": 1357365270, "todo": {"count": 0}, "agreeCount": 1, "likes": {"groups": [{"items": [{"gender": "male", "id": "1936215", "photo": {"prefix": "https://igx.4sqi.net/img/user/", "suffix": "/VQK3ZXC3ZXZL4F2K.jpg"}, "firstName": "Peter Andreas", "lastName": "Moelgaard"}], "count": 1, "type": "others"}], "summary": "1 like", "count": 1}, "id": "50e7c016e4b0651ebff70899", "text": "The risotto is good, the prawns are fresh. Will come back again for more. The staff are friendly and efficient.", "disagreeCount": 0, "user": {"gender": "female", "id": "5490723", "photo": {"prefix": "https://igx.4sqi.net/img/user/", "suffix": "/5490723-M5UHH5DLLYWPY1AU.jpg"}, "firstName": "Irene", "lastName": "Lok"}, "canonicalUrl": "https://foursquare.com/item/50e7c016e4b0651ebff70899", "type": "user", "photourl": "https://igx.4sqi.net/img/general/original/5490723_1BIHxTl2KbPpz3ZbM7x_ORxmtovvCuJfmkJK-f0WRzk.jpg"}, {"logView": true, "lang": "en", "createdAt": 1288334777, "agreeCount": 0, "likes": {"groups": [{"items": [], "count": 2, "type": "others"}], "summary": "2 likes", "count": 2}, "id": "4cca6db982bfa35ddacf52c9", "text": "Service (y) food (y)", "type": "user", "user": {"gender": "male", "id": "4162830", "photo": {"prefix": "https://igx.4sqi.net/img/user/", "suffix": "/4162830-T4O2PVPZL2PL1AXG.jpg"}, "firstName": "Brian", "lastName": "Toh"}, "canonicalUrl": "https://foursquare.com/item/4cca6db982bfa35ddacf52c9", "todo": {"count": 2}, "disagreeCount": 0}, {"authorInteractionType": "liked", "logView": true, "lang": "en", "createdAt": 1340168758, "agreeCount": 0, "likes": {"groups": [], "count": 0}, "id": "4fe15a36e4b074c0cc30b64c", "text": "1-for-1 pasta, pizzas & main courses for lunch!", "type": "user", "user": {"id": "8970031", "photo": {"prefix": "https://igx.4sqi.net/img/user/", "suffix": "/YG5K5G2B1POOCJF1.jpg"}, "firstName": "Bee", "gender": "female"}, "canonicalUrl": "https://foursquare.com/item/4fe15a36e4b074c0cc30b64c", "todo": {"count": 0}, "disagreeCount": 0}, {"authorInteractionType": "meh", "logView": true, "lang": "en", "createdAt": 1480579913, "agreeCount": 0, "likes": {"groups": [], "count": 0}, "id": "583fdb4904f4d749e9d2b7b7", "text": "Tiramisu is nice!", "type": "user", "user": {"gender": "female", "id": "25580441", "photo": {"prefix": "https://igx.4sqi.net/img/user/", "suffix": "/25580441-K3WJISSVDMDNMIHH.jpg"}, "firstName": "Agnes", "lastName": "Wei"}, "canonicalUrl": "https://foursquare.com/item/583fdb4904f4d749e9d2b7b7", "todo": {"count": 0}, "disagreeCount": 0}, {"authorInteractionType": "liked", "logView": true, "lang": "en", "createdAt": 1265183943, "agreeCount": 1, "likes": {"groups": [{"items": [{"gender": "female", "id": "10889001", "photo": {"prefix": "https://igx.4sqi.net/img/user/", "suffix": "/BOKQUQDLQLI5XSZC.png"}, "firstName": "Keilya", "lastName": "Jan"}], "count": 1, "type": "others"}], "summary": "1 like", "count": 1}, "id": "4b692cc770c603bbfa6691b4", "text": "Great lunch specials and big portions. Come hungry.", "type": "user", "user": {"gender": "male", "id": "315337", "photo": {"prefix": "https://igx.4sqi.net/img/user/", "suffix": "/54KXRKC0HKPI3CXX.jpg"}, "firstName": "Michael", "lastName": "Sullivan"}, "canonicalUrl": "https://foursquare.com/item/4b692cc770c603bbfa6691b4", "todo": {"count": 0}, "disagreeCount": 0}, {"logView": true, "lang": "en", "createdAt": 1423397220, "agreeCount": 0, "likes": {"groups": [], "count": 0}, "id": "54d75164498e052f77ac34da", "text": "Too overwhelming truffle on pizza ... Weird", "type": "user", "user": {"gender": "male", "id": "5594212", "photo": {"prefix": "https://igx.4sqi.net/img/user/", "suffix": "/5594212-FE4SNBLYCOQPUEPJ.jpg"}, "firstName": "Chee Keong", "lastName": "Ang"}, "canonicalUrl": "https://foursquare.com/item/54d75164498e052f77ac34da", "todo": {"count": 0}, "disagreeCount": 0}, {"logView": true, "lang": "en", "createdAt": 1396416753, "agreeCount": 2, "likes": {"groups": [{"items": [{"gender": "male", "id": "240112", "photo": {"prefix": "https://igx.4sqi.net/img/user/", "suffix": "/240112-PPFEKYDST3HZ3MUX.jpg"}, "firstName": "Robin", "lastName": "Goh"}, {"gender": "male", "id": "1936215", "photo": {"prefix": "https://igx.4sqi.net/img/user/", "suffix": "/VQK3ZXC3ZXZL4F2K.jpg"}, "firstName": "Peter Andreas", "lastName": "Moelgaard"}], "count": 2, "type": "others"}], "summary": "2 likes", "count": 2}, "id": "533ba0f111d2e09061a23f0c", "text": "Weekday lunch specials! 12pm till 2.30pm. 1 for 1. Pasta, pizza and main.", "type": "user", "user": {"gender": "male", "id": "3636262", "photo": {"prefix": "https://igx.4sqi.net/img/user/", "suffix": "/3636262-LUBBW5F02N2L4GFL.jpg"}, "firstName": "Jun Kiat", "lastName": "Goh"}, "canonicalUrl": "https://foursquare.com/item/533ba0f111d2e09061a23f0c", "todo": {"count": 0}, "disagreeCount": 0}, {"logView": true, "lang": "en", "createdAt": 1329199162, "agreeCount": 0, "likes": {"groups": [], "count": 0}, "id": "4f39f83ae4b026b7f6b9671c", "text": "1 for 1 deal for main courses during weekday lunchtime. Bruschetta was yummy!", "type": "user", "user": {"gender": "female", "id": "2645623", "photo": {"prefix": "https://igx.4sqi.net/img/user/", "suffix": "/DNXRCUYDTI00AH5M.jpg"}, "firstName": "Nicolette", "lastName": "Soh"}, "canonicalUrl": "https://foursquare.com/item/4f39f83ae4b026b7f6b9671c", "todo": {"count": 0}, "disagreeCount": 0}, {"logView": true, "lang": "en", "createdAt": 1385820831, "todo": {"count": 0}, "agreeCount": 0, "likes": {"groups": [], "count": 0}, "id": "5299f29f498e42dd9793adf0", "text": "tried the one at namly place. great starters, excellent panna cotta but bad pastas and not great service. more pics and details at http://www.eatprayflying.com/la-nonna-namly-place/", "entities": [{"indices": [131, 181], "type": "url", "object": {"url": "http://www.eatprayflying.com/la-nonna-namly-place/"}}], "disagreeCount": 0, "url": "http://www.eatprayflying.com/la-nonna-namly-place/", "user": {"gender": "female", "id": "1783677", "photo": {"prefix": "https://igx.4sqi.net/img/user/", "suffix": "/IQ3RSX2LWLDP0KVC.jpg"}, "firstName": "Beatrice", "lastName": "Liu"}, "canonicalUrl": "https://foursquare.com/item/5299f29f498e42dd9793adf0", "type": "user"}, {"logView": true, "lang": "en", "photo": {"id": "517941abe4b076e1c0e2cf28", "visibility": "public", "source": {"name": "Foursquare for iOS", "url": "https://foursquare.com/download/#/iphone"}, "suffix": "/25551149_cJy-IBWCuDsqYEqYFJrSgeckItrYbyEsilA8OT34WWY.jpg", "createdAt": 1366901163, "prefix": "https://igx.4sqi.net/img/general/", "width": 1440, "height": 1920}, "createdAt": 1366901136, "todo": {"count": 0}, "agreeCount": 0, "likes": {"groups": [], "count": 0}, "id": "51794190e4b02e9309a66bca", "text": "Pizza Caprino. Good choice for 23$.", "disagreeCount": 0, "user": {"gender": "female", "id": "25551149", "photo": {"prefix": "https://igx.4sqi.net/img/user/", "suffix": "/25551149-UVMTRSUWHRBVAJ0F.jpg"}, "firstName": "Martina", "lastName": "Maitan"}, "canonicalUrl": "https://foursquare.com/item/51794190e4b02e9309a66bca", "type": "user", "photourl": "https://igx.4sqi.net/img/general/original/25551149_cJy-IBWCuDsqYEqYFJrSgeckItrYbyEsilA8OT34WWY.jpg"}, {"logView": true, "lang": "en", "photo": {"id": "547db444498ece1a23d59ff3", "visibility": "public", "source": {"name": "Foursquare for iOS", "url": "https://foursquare.com/download/#/iphone"}, "suffix": "/83608823_SYaoRbM1a716x4d1yLVjWfgjjErnh3EX-p65wQhtDqk.jpg", "createdAt": 1417524292, "prefix": "https://igx.4sqi.net/img/general/", "width": 1920, "height": 1440}, "createdAt": 1417524289, "todo": {"count": 0}, "agreeCount": 0, "likes": {"groups": [], "count": 0}, "id": "547db441498eadeb88258838", "text": "Asparagus & Potato soup as part of my set lunch $26 - soup + main + dessert + coffee/tea", "disagreeCount": 0, "user": {"gender": "female", "id": "83608823", "photo": {"prefix": "https://igx.4sqi.net/img/user/", "suffix": "/83608823-WQJ4KTFAVOHFARLI.jpg"}, "firstName": "Dora", "lastName": "Choo"}, "canonicalUrl": "https://foursquare.com/item/547db441498eadeb88258838", "type": "user", "photourl": "https://igx.4sqi.net/img/general/original/83608823_SYaoRbM1a716x4d1yLVjWfgjjErnh3EX-p65wQhtDqk.jpg"}, {"logView": true, "lang": "en", "createdAt": 1330772476, "agreeCount": 2, "likes": {"groups": [{"items": [{"gender": "male", "id": "1936215", "photo": {"prefix": "https://igx.4sqi.net/img/user/", "suffix": "/VQK3ZXC3ZXZL4F2K.jpg"}, "firstName": "Peter Andreas", "lastName": "Moelgaard"}, {"gender": "female", "id": "10889001", "photo": {"prefix": "https://igx.4sqi.net/img/user/", "suffix": "/BOKQUQDLQLI5XSZC.png"}, "firstName": "Keilya", "lastName": "Jan"}], "count": 2, "type": "others"}], "summary": "2 likes", "count": 2}, "id": "4f51f9fce4b0b5d9dd7cab92", "text": "Staff here are extremely friendly, especially with our young kids, and food is good. Don't understand the negative comments here.", "type": "user", "user": {"gender": "male", "id": "22035473", "photo": {"prefix": "https://igx.4sqi.net/img/user/", "suffix": "/TW4LKQSUHPEOZQEJ.jpg"}, "firstName": "Christopher", "lastName": "Ong"}, "canonicalUrl": "https://foursquare.com/item/4f51f9fce4b0b5d9dd7cab92", "todo": {"count": 0}, "disagreeCount": 0}, {"logView": true, "lang": "en", "createdAt": 1495929135, "agreeCount": 0, "likes": {"groups": [], "count": 0}, "id": "592a112fe1791056e0497ecb", "text": "Seafood pizza is good!", "type": "user", "user": {"id": "73513234", "photo": {"prefix": "https://igx.4sqi.net/img/user/", "suffix": "/73513234-X0V4EVYDT3NAFWXN.jpg"}, "firstName": "Rachel", "gender": "female"}, "canonicalUrl": "https://foursquare.com/item/592a112fe1791056e0497ecb", "todo": {"count": 0}, "disagreeCount": 0}, {"logView": true, "lang": "en", "createdAt": 1316930039, "agreeCount": 0, "likes": {"groups": [], "count": 0}, "id": "4e7ec1f7d3e3d6479b55a1e9", "text": "Interesting menu, food is good, fast service, and servings are very large", "type": "user", "user": {"gender": "male", "id": "162498", "photo": {"prefix": "https://igx.4sqi.net/img/user/", "suffix": "/162498_E8-1Do0r_NlJQgSX4Nnihby0ZyR9lB9oHk8TdEZajvEXBpTZfPbgTuB6oLttBzVw03rNMILOU.jpg"}, "firstName": "Cesare", "lastName": "Tagliaferri"}, "canonicalUrl": "https://foursquare.com/item/4e7ec1f7d3e3d6479b55a1e9", "todo": {"count": 0}, "disagreeCount": 0}, {"logView": true, "lang": "en", "createdAt": 1297689512, "agreeCount": 0, "likes": {"groups": [{"items": [], "count": 2, "type": "others"}], "summary": "2 likes", "count": 2}, "id": "4d592ba87e2237045cbbad73", "text": "Poor food and extremely bad service", "type": "user", "user": {"gender": "male", "id": "5485612", "photo": {"prefix": "https://igx.4sqi.net/img/user/", "suffix": "/CV2ZXZ1H4J14QAK2.jpg"}, "firstName": "Shike", "lastName": "You"}, "canonicalUrl": "https://foursquare.com/item/4d592ba87e2237045cbbad73", "todo": {"count": 0}, "disagreeCount": 0}, {"authorInteractionType": "liked", "logView": true, "lang": "en", "createdAt": 1412574182, "agreeCount": 1, "likes": {"groups": [{"items": [{"id": "2205108", "photo": {"prefix": "https://igx.4sqi.net/img/user/", "suffix": "/MJYKBUNO4QRHOSBV.jpg"}, "firstName": "The Senso Group", "gender": "female"}], "count": 1, "type": "others"}], "summary": "1 like", "count": 1}, "id": "54322be6498e92e94dc323de", "text": "1 for 1 weekday lunch promo is really worth it!", "type": "user", "user": {"gender": "female", "id": "1156235", "photo": {"prefix": "https://igx.4sqi.net/img/user/", "suffix": "/1156235-YO5AUT0DVEWGWWAX.jpg"}, "firstName": "Jess", "lastName": "C"}, "canonicalUrl": "https://foursquare.com/item/54322be6498e92e94dc323de", "todo": {"count": 0}, "disagreeCount": 0}, {"logView": true, "lang": "en", "photo": {"id": "50e7bf24e4b049c2367ffc0c", "visibility": "public", "source": {"name": "Foursquare for iOS", "url": "https://foursquare.com/download/#/iphone"}, "suffix": "/15610859_tuZCPs9DzqkPyhCxGx7lBixjFNhKrT7n0kfftrB13VU.jpg", "createdAt": 1357365028, "prefix": "https://igx.4sqi.net/img/general/", "width": 960, "height": 720}, "createdAt": 1357365025, "todo": {"count": 0}, "agreeCount": 2, "likes": {"groups": [{"items": [{"gender": "male", "id": "22035473", "photo": {"prefix": "https://igx.4sqi.net/img/user/", "suffix": "/TW4LKQSUHPEOZQEJ.jpg"}, "firstName": "Christopher", "lastName": "Ong"}, {"gender": "male", "id": "1936215", "photo": {"prefix": "https://igx.4sqi.net/img/user/", "suffix": "/VQK3ZXC3ZXZL4F2K.jpg"}, "firstName": "Peter Andreas", "lastName": "Moelgaard"}], "count": 2, "type": "others"}], "summary": "2 likes", "count": 2}, "id": "50e7bf21e4b002f991507822", "text": "Service is good. Food not bad at all. Ordered ravioli. Generous portion and only for $24", "disagreeCount": 0, "user": {"id": "15610859", "photo": {"prefix": "https://igx.4sqi.net/img/user/", "suffix": "/JHODE2KVDUVWMQJ1.jpg"}, "firstName": "Am1Nobody", "gender": "female"}, "canonicalUrl": "https://foursquare.com/item/50e7bf21e4b002f991507822", "type": "user", "photourl": "https://igx.4sqi.net/img/general/original/15610859_tuZCPs9DzqkPyhCxGx7lBixjFNhKrT7n0kfftrB13VU.jpg"}, {"logView": true, "lang": "en", "createdAt": 1314253158, "agreeCount": 0, "likes": {"groups": [], "count": 0}, "id": "4e55e966ae6040e96dfc4bab", "text": "Really lovely staff and the best tomato soup ever, and pineapple juice is so good. Reasonable serving sizes for the price.", "type": "user", "user": {"gender": "female", "id": "12539590", "photo": {"prefix": "https://igx.4sqi.net/img/user/", "suffix": "/RT3F1F0ST5DB330G.jpg"}, "firstName": "Courtney", "lastName": "Hagen"}, "canonicalUrl": "https://foursquare.com/item/4e55e966ae6040e96dfc4bab", "todo": {"count": 0}, "disagreeCount": 0}], "count": 41}}}