{"meta": {"code": 200, "requestId": "595a4ae9db04f562f0b2f5e7"}, "response": {"tips": {"items": [{"logView": true, "lang": "en", "createdAt": 1294702356, "agreeCount": 0, "likes": {"groups": [{"items": [], "count": 4, "type": "others"}], "summary": "4 likes", "count": 4}, "id": "4d2b9714068e8cfa6450e44c", "text": "Their rava masala thosai and ghee thosai does it for me! Eat them and you won't have eat again for a week!", "type": "user", "user": {"gender": "male", "id": "5525741", "photo": {"prefix": "https://igx.4sqi.net/img/user/", "suffix": "/5AGGJZUKUISLUA1Z.jpg"}, "firstName": "Mohamad Shafiee", "lastName": "Saban"}, "canonicalUrl": "https://foursquare.com/item/4d2b9714068e8cfa6450e44c", "todo": {"count": 0}, "disagreeCount": 0}, {"logView": true, "lang": "en", "photo": {"id": "5106571fe4b0a4e9360560e8", "visibility": "public", "source": {"name": "Foursquare for iOS", "url": "https://foursquare.com/download/#/iphone"}, "suffix": "/24144822_x1HK4XObT1PohLyAjaytzyByBF5SKK1jNSiqkUx-hoQ.jpg", "createdAt": 1359370015, "prefix": "https://igx.4sqi.net/img/general/", "width": 720, "height": 960}, "createdAt": 1359370010, "todo": {"count": 0}, "agreeCount": 2, "likes": {"groups": [{"items": [{"gender": "male", "id": "55347774", "photo": {"prefix": "https://igx.4sqi.net/img/user/", "suffix": "/55347774-4U2ANBCT14XIBMST.jpg"}, "firstName": "Birgen", "lastName": "Maene"}, {"gender": "female", "id": "24144822", "photo": {"prefix": "https://igx.4sqi.net/img/user/", "suffix": "/24144822-2AV01DOPQ2PMGFGH.jpg"}, "firstName": "Mummy", "lastName": "Naia"}], "count": 2, "type": "others"}], "summary": "2 likes", "count": 2}, "id": "5106571ae4b01719c25f39ae", "text": "Never miss Masala Chicken... Masala Dhosai.... Yummy....!", "disagreeCount": 0, "user": {"gender": "female", "id": "24144822", "photo": {"prefix": "https://igx.4sqi.net/img/user/", "suffix": "/24144822-2AV01DOPQ2PMGFGH.jpg"}, "firstName": "Mummy", "lastName": "Naia"}, "canonicalUrl": "https://foursquare.com/item/5106571ae4b01719c25f39ae", "type": "user", "photourl": "https://igx.4sqi.net/img/general/original/24144822_x1HK4XObT1PohLyAjaytzyByBF5SKK1jNSiqkUx-hoQ.jpg"}, {"logView": true, "lang": "en", "photo": {"id": "50ac30ade4b0ecba411d4724", "visibility": "public", "source": {"name": "Foursquare for Android", "url": "https://foursquare.com/download/#/android"}, "suffix": "/2005307_q9LTfNMXtmejuaPZLhHhzc73AtKtHEluVCUR1cknm9g.jpg", "createdAt": 1353461933, "prefix": "https://igx.4sqi.net/img/general/", "width": 720, "height": 406}, "createdAt": 1353461929, "todo": {"count": 0}, "agreeCount": 1, "likes": {"groups": [{"items": [{"gender": "male", "id": "65398369", "photo": {"prefix": "https://igx.4sqi.net/img/user/", "suffix": "/5YC5C5BQMEP4O2Z0.jpg"}, "firstName": "Booshook", "lastName": "Aisha"}], "count": 1, "type": "others"}], "summary": "1 like", "count": 1}, "id": "50ac30a9e4b0d5e82811aeb7", "text": "Worth your money! Filling.", "disagreeCount": 0, "user": {"gender": "male", "id": "2005307", "photo": {"prefix": "https://igx.4sqi.net/img/user/", "default": true, "suffix": "/blank_boy.png"}, "firstName": "Muzakkir", "lastName": "Fitri"}, "canonicalUrl": "https://foursquare.com/item/50ac30a9e4b0d5e82811aeb7", "type": "user", "photourl": "https://igx.4sqi.net/img/general/original/2005307_q9LTfNMXtmejuaPZLhHhzc73AtKtHEluVCUR1cknm9g.jpg"}, {"logView": true, "lang": "en", "createdAt": 1291201883, "agreeCount": 1, "likes": {"groups": [{"items": [{"gender": "male", "id": "2425289", "photo": {"prefix": "https://igx.4sqi.net/img/user/", "suffix": "/2425289-KSDDLNSKVKYLIXIQ.jpg"}, "firstName": "Kennieth", "lastName": "Ong"}], "count": 1, "type": "others"}], "summary": "1 like", "count": 1}, "id": "4cf62d5b1cfea093f40cde39", "text": "Must try e chicken sambal!!! It's awesome... For small eaters always order 1 plate of rice n share with another person !!", "type": "user", "user": {"gender": "female", "id": "4318329", "photo": {"prefix": "https://igx.4sqi.net/img/user/", "suffix": "/MSJZZGFO35X2HZC3.jpg"}, "firstName": "Esther", "lastName": "Malar"}, "canonicalUrl": "https://foursquare.com/item/4cf62d5b1cfea093f40cde39", "todo": {"count": 1}, "disagreeCount": 0}, {"logView": true, "lang": "en", "createdAt": 1289528608, "agreeCount": 0, "likes": {"groups": [{"items": [], "count": 4, "type": "others"}], "summary": "4 likes", "count": 4}, "id": "4cdca52022bd721e48aafc47", "text": "Try the paper thosai! For $2+, can last you the whole day. Caution; you will get a few stares.", "type": "user", "user": {"gender": "male", "id": "3646202", "photo": {"prefix": "https://igx.4sqi.net/img/user/", "suffix": "/5KA2XMTKRKXBPBZK.jpg"}, "firstName": "Mohamad Asri", "lastName": "Sanusi"}, "canonicalUrl": "https://foursquare.com/item/4cdca52022bd721e48aafc47", "todo": {"count": 0}, "disagreeCount": 0}, {"logView": true, "lang": "en", "createdAt": 1369288688, "agreeCount": 0, "likes": {"groups": [], "count": 0}, "id": "519daff0498e4748467fe1df", "text": "Always come here to eat thosai! Air conditioned now!", "type": "user", "user": {"id": "5912902", "photo": {"prefix": "https://igx.4sqi.net/img/user/", "suffix": "/JN4IPMXW5JFP11P4.jpg"}, "firstName": "feeyona", "gender": "female"}, "canonicalUrl": "https://foursquare.com/item/519daff0498e4748467fe1df", "todo": {"count": 0}, "disagreeCount": 0}, {"logView": true, "lang": "en", "createdAt": 1285940641, "agreeCount": 0, "likes": {"groups": [], "count": 0}, "id": "4ca5e5a176d3a09331e7fb6a", "text": "Cheap n so good!", "type": "user", "user": {"gender": "female", "id": "1105274", "photo": {"prefix": "https://igx.4sqi.net/img/user/", "suffix": "/I2KBJXOQCAL33O2P.jpg"}, "firstName": "Edna", "lastName": "Chua"}, "canonicalUrl": "https://foursquare.com/item/4ca5e5a176d3a09331e7fb6a", "todo": {"count": 0}, "disagreeCount": 0}, {"authorInteractionType": "liked", "logView": true, "lang": "en", "createdAt": 1396533763, "agreeCount": 0, "likes": {"groups": [], "count": 0}, "id": "533d6a03498e8dee9698c240", "text": "Masala Chicken is awesome.", "type": "user", "user": {"gender": "male", "id": "15922258", "photo": {"prefix": "https://igx.4sqi.net/img/user/", "suffix": "/OCKYKSIKC5RS5MW5.jpg"}, "firstName": "Wolfgang", "lastName": "P."}, "canonicalUrl": "https://foursquare.com/item/533d6a03498e8dee9698c240", "todo": {"count": 0}, "disagreeCount": 0}, {"logView": true, "lang": "en", "createdAt": 1351994038, "agreeCount": 1, "likes": {"groups": [{"items": [], "count": 1, "type": "others"}], "summary": "1 like", "count": 1}, "id": "5095cab6e4b0147d2e1ccdd2", "text": "Great Indian food.  Don't miss this stop.", "type": "user", "user": {"gender": "male", "id": "11219648", "photo": {"prefix": "https://igx.4sqi.net/img/user/", "suffix": "/11219648-IXLIH233WJGNGWOR.jpg"}, "firstName": "Todd", "lastName": "Bailey"}, "canonicalUrl": "https://foursquare.com/item/5095cab6e4b0147d2e1ccdd2", "todo": {"count": 0}, "disagreeCount": 0}, {"logView": true, "lang": "en", "createdAt": 1320317311, "agreeCount": 0, "likes": {"groups": [], "count": 0}, "id": "4eb2717fb63435b07e17fb39", "text": "Thosai yander papadam!", "type": "user", "user": {"gender": "female", "id": "7414643", "photo": {"prefix": "https://igx.4sqi.net/img/user/", "suffix": "/B51Q2FFGKDXCRJWU.jpg"}, "firstName": "Annabelle", "lastName": "Kittykitkat"}, "canonicalUrl": "https://foursquare.com/item/4eb2717fb63435b07e17fb39", "todo": {"count": 0}, "disagreeCount": 0}, {"logView": true, "lang": "en", "createdAt": 1306054997, "agreeCount": 0, "likes": {"groups": [], "count": 0}, "id": "4dd8d155d22d38ef430ab937", "text": "Suld try d tosai here... 2 thumbs up!!!!", "type": "user", "user": {"gender": "female", "id": "6743631", "photo": {"prefix": "https://igx.4sqi.net/img/user/", "suffix": "/PKGSJHAPNVEED434.jpg"}, "firstName": "d'Yana", "lastName": "muTiara"}, "canonicalUrl": "https://foursquare.com/item/4dd8d155d22d38ef430ab937", "todo": {"count": 0}, "disagreeCount": 0}, {"logView": true, "lang": "en", "createdAt": 1290219235, "agreeCount": 0, "likes": {"groups": [], "count": 0}, "id": "4ce72ee3b997548150def444", "text": "Forever order their egg thosai. One isn't enough. And it's cheap!!", "type": "user", "user": {"gender": "female", "id": "1563603", "photo": {"prefix": "https://igx.4sqi.net/img/user/", "suffix": "/3GBKI3K4QWZL4ZGW.jpg"}, "firstName": "Nourah", "lastName": "J"}, "canonicalUrl": "https://foursquare.com/item/4ce72ee3b997548150def444", "todo": {"count": 1}, "disagreeCount": 0}, {"authorInteractionType": "liked", "logView": true, "lang": "en", "createdAt": 1273809394, "agreeCount": 1, "likes": {"groups": [{"items": [{"gender": "male", "id": "231366", "photo": {"prefix": "https://igx.4sqi.net/img/user/", "suffix": "/231366-Q2ZSAEF50GYUXPDA.jpg"}, "firstName": "Cheen", "lastName": "The Curious"}], "count": 1, "type": "others"}], "summary": "1 like", "count": 1}, "id": "4becc9f270c603bbe6689bb4", "text": "Food is fantabulous!! It's like India rise to the occassion. No kidding. Food portions are rather big. But don't confuse this restaurant with Komalas or Komalas Villas tho.", "type": "user", "user": {"id": "481216", "photo": {"prefix": "https://igx.4sqi.net/img/user/", "suffix": "/481216_G0gmPQVX_vNedai3z08bXcs2Uq8z2hA7lxteyjwGnurbMn1KgjyhrIY0sCbVVLP7_bmxL1iyI.jpg"}, "firstName": "A A L I Y A H", "gender": "female"}, "canonicalUrl": "https://foursquare.com/item/4becc9f270c603bbe6689bb4", "todo": {"count": 0}, "disagreeCount": 0}, {"logView": true, "lang": "en", "createdAt": 1293450684, "agreeCount": 0, "likes": {"groups": [], "count": 0}, "id": "4d187dbcb15cb1f75195bb21", "text": "Not s gd s b4 & its seems to me dat all the gravy is salty.", "type": "user", "user": {"id": "3570218", "photo": {"prefix": "https://igx.4sqi.net/img/user/", "suffix": "/3M4RCF2ENLZ0ZILP.jpg"}, "firstName": "Tze\u00ae", "gender": "none"}, "canonicalUrl": "https://foursquare.com/item/4d187dbcb15cb1f75195bb21", "todo": {"count": 0}, "disagreeCount": 0}, {"logView": true, "lang": "en", "createdAt": 1301828027, "agreeCount": 0, "likes": {"groups": [], "count": 0}, "id": "4d9851bb0caaa143177aa9b3", "text": "Must have one, damn cheap and nice somemore..", "type": "user", "user": {"gender": "male", "id": "5583320", "photo": {"prefix": "https://igx.4sqi.net/img/user/", "suffix": "/JMSQJ4BB4RJZNKTO.jpg"}, "firstName": "Musli", "lastName": "Zulkifly"}, "canonicalUrl": "https://foursquare.com/item/4d9851bb0caaa143177aa9b3", "todo": {"count": 0}, "disagreeCount": 0}, {"logView": true, "lang": "en", "createdAt": 1299820099, "agreeCount": 0, "likes": {"groups": [], "count": 0}, "id": "4d79ae43ceaa224b1e15fe70", "text": "If u getting the biryani and u r not a big eater, share with a friend coz it's a damn big serving.", "type": "user", "user": {"gender": "male", "id": "7106657", "photo": {"prefix": "https://igx.4sqi.net/img/user/", "suffix": "/OM0DZAATFHLIVIXJ.jpg"}, "firstName": "Ali", "lastName": "Khan"}, "canonicalUrl": "https://foursquare.com/item/4d79ae43ceaa224b1e15fe70", "todo": {"count": 0}, "disagreeCount": 0}, {"logView": true, "lang": "en", "createdAt": 1292246886, "agreeCount": 0, "likes": {"groups": [{"items": [], "count": 2, "type": "others"}], "summary": "2 likes", "count": 2}, "id": "4d061f667d9ba35d6a876e23", "text": "Best dosai in town ... Tiz plc have been here foreva ...! Since I was young.", "type": "user", "user": {"gender": "female", "id": "1108163", "photo": {"prefix": "https://igx.4sqi.net/img/user/", "suffix": "/PUPLTER1DMT0U4MA.jpg"}, "firstName": "Suhaila", "lastName": "Hashim"}, "canonicalUrl": "https://foursquare.com/item/4d061f667d9ba35d6a876e23", "todo": {"count": 0}, "disagreeCount": 0}, {"logView": true, "lang": "en", "createdAt": 1293449917, "agreeCount": 0, "likes": {"groups": [], "count": 0}, "id": "4d187abdbb64224b1c89c765", "text": "Not as good as B4", "type": "user", "user": {"gender": "female", "id": "3476989", "photo": {"prefix": "https://igx.4sqi.net/img/user/", "suffix": "/LAEBQ2YYM2HU3DST.jpg"}, "firstName": "nani", "lastName": "shmily\u2122"}, "canonicalUrl": "https://foursquare.com/item/4d187abdbb64224b1c89c765", "todo": {"count": 0}, "disagreeCount": 0}, {"logView": true, "lang": "en", "createdAt": 1291596327, "agreeCount": 0, "likes": {"groups": [{"items": [], "count": 3, "type": "others"}], "summary": "3 likes", "count": 3}, "id": "4cfc3227d7206ea804f14269", "text": "Cheap & good but most importantly large portion! Thumps up!", "type": "user", "user": {"gender": "male", "id": "4705231", "photo": {"prefix": "https://igx.4sqi.net/img/user/", "suffix": "/1PBWTY41MOU1AOWR.jpg"}, "firstName": "Steven", "lastName": "Teo"}, "canonicalUrl": "https://foursquare.com/item/4cfc3227d7206ea804f14269", "todo": {"count": 0}, "disagreeCount": 0}, {"logView": true, "lang": "en", "createdAt": 1289302112, "agreeCount": 0, "likes": {"groups": [{"items": [], "count": 1, "type": "others"}], "summary": "1 like", "count": 1}, "id": "4cd930606e8b5941977f64d2", "text": "tosai masala or rava masala... power!!", "type": "user", "user": {"id": "3671395", "photo": {"prefix": "https://igx.4sqi.net/img/user/", "suffix": "/VDW3YMLYZLXQ4LLU.jpg"}, "firstName": "Sahril\u00ae", "gender": "male"}, "canonicalUrl": "https://foursquare.com/item/4cd930606e8b5941977f64d2", "todo": {"count": 1}, "disagreeCount": 0}, {"logView": true, "lang": "en", "createdAt": 1296697107, "agreeCount": 0, "likes": {"groups": [], "count": 0}, "id": "4d4a0713183f224b885ee4a8", "text": "Tosai here is power!!", "type": "user", "user": {"gender": "female", "id": "1472564", "photo": {"prefix": "https://igx.4sqi.net/img/user/", "suffix": "/5KZXKF21WNMRPD40.jpg"}, "firstName": "Zai", "lastName": "Fadzali"}, "canonicalUrl": "https://foursquare.com/item/4d4a0713183f224b885ee4a8", "todo": {"count": 0}, "disagreeCount": 0}, {"logView": true, "lang": "en", "createdAt": 1291634845, "agreeCount": 0, "likes": {"groups": [{"items": [], "count": 4, "type": "others"}], "summary": "4 likes", "count": 4}, "id": "4cfcc89d0df3236a579500aa", "text": "They changed their system of ordering... U now have to order n pay at the cashier 1st", "type": "user", "user": {"gender": "female", "id": "1105274", "photo": {"prefix": "https://igx.4sqi.net/img/user/", "suffix": "/I2KBJXOQCAL33O2P.jpg"}, "firstName": "Edna", "lastName": "Chua"}, "canonicalUrl": "https://foursquare.com/item/4cfcc89d0df3236a579500aa", "todo": {"count": 0}, "disagreeCount": 0}, {"logView": true, "lang": "en", "createdAt": 1291439386, "agreeCount": 1, "likes": {"groups": [{"items": [{"gender": "male", "id": "55347774", "photo": {"prefix": "https://igx.4sqi.net/img/user/", "suffix": "/55347774-4U2ANBCT14XIBMST.jpg"}, "firstName": "Birgen", "lastName": "Maene"}], "count": 2, "type": "others"}], "summary": "2 likes", "count": 2}, "id": "4cf9cd1ac671721e4cc4b918", "text": "the masala dosay here is the best in Spore!", "type": "user", "user": {"gender": "female", "id": "4883223", "photo": {"prefix": "https://igx.4sqi.net/img/user/", "suffix": "/ZUEUPSU5CKVQU1OJ.jpg"}, "firstName": "\ue327", "lastName": "dewi \ue327"}, "canonicalUrl": "https://foursquare.com/item/4cf9cd1ac671721e4cc4b918", "todo": {"count": 1}, "disagreeCount": 0}, {"logView": true, "lang": "en", "createdAt": 1277375615, "agreeCount": 0, "likes": {"groups": [{"items": [], "count": 5, "type": "others"}], "summary": "5 likes", "count": 5}, "id": "4c23347f11de20a1490086ce", "text": "Chicken Briyani is a must try! Large portion.", "type": "user", "user": {"id": "690105", "photo": {"prefix": "https://igx.4sqi.net/img/user/", "suffix": "/VXYAS3IVDQ0PLZSZ.jpg"}, "firstName": "Mishal", "gender": "female"}, "canonicalUrl": "https://foursquare.com/item/4c23347f11de20a1490086ce", "todo": {"count": 0}, "disagreeCount": 0}, {"logView": true, "lang": "en", "createdAt": 1373878544, "agreeCount": 0, "likes": {"groups": [], "count": 0}, "id": "51e3b910498eb9114f26cb6d", "text": "Fuck tub service by some waiters !! Throw away my drink when I haven't finished it !!!", "type": "user", "user": {"gender": "female", "id": "5225795", "photo": {"prefix": "https://igx.4sqi.net/img/user/", "suffix": "/5225795-3EZEEFVKSBLFGLE4.jpg"}, "firstName": "Yana", "lastName": "Yalito"}, "canonicalUrl": "https://foursquare.com/item/51e3b910498eb9114f26cb6d", "todo": {"count": 0}, "disagreeCount": 0}, {"logView": true, "lang": "en", "createdAt": 1308555495, "agreeCount": 1, "likes": {"groups": [{"items": [{"gender": "male", "id": "55347774", "photo": {"prefix": "https://igx.4sqi.net/img/user/", "suffix": "/55347774-4U2ANBCT14XIBMST.jpg"}, "firstName": "Birgen", "lastName": "Maene"}], "count": 1, "type": "others"}], "summary": "1 like", "count": 1}, "id": "4dfef8e7d164f31b7bcfd99d", "text": "Dosai and masala chicken is a MUST to order !!!! Thumbs up for the dishes here !!! =)", "type": "user", "user": {"gender": "female", "id": "7602870", "photo": {"prefix": "https://igx.4sqi.net/img/user/", "suffix": "/V40TVDAZTZYH12T3.jpg"}, "firstName": "Faith", "lastName": "Lim"}, "canonicalUrl": "https://foursquare.com/item/4dfef8e7d164f31b7bcfd99d", "todo": {"count": 0}, "disagreeCount": 0}, {"logView": true, "lang": "en", "createdAt": 1303614946, "agreeCount": 0, "likes": {"groups": [{"items": [], "count": 2, "type": "others"}], "summary": "2 likes", "count": 2}, "id": "4db395e2a86e8d27077484ea", "text": "Thosai , is a must :)", "type": "user", "user": {"gender": "female", "id": "7297129", "photo": {"prefix": "https://igx.4sqi.net/img/user/", "suffix": "/MO505N3C5AX0RD51.jpg"}, "firstName": "Nadiah", "lastName": "Hidayat"}, "canonicalUrl": "https://foursquare.com/item/4db395e2a86e8d27077484ea", "todo": {"count": 0}, "disagreeCount": 0}, {"logView": true, "lang": "en", "createdAt": 1286022221, "agreeCount": 0, "likes": {"groups": [{"items": [], "count": 2, "type": "others"}], "summary": "2 likes", "count": 2}, "id": "4ca7244db0b8236ab7f6a5e6", "text": "whatever u eat is very nice", "type": "user", "user": {"id": "1286743", "photo": {"prefix": "https://igx.4sqi.net/img/user/", "suffix": "/HCGA1GRANLBPH4SM.jpg"}, "firstName": "H DASH \u2122", "gender": "male"}, "canonicalUrl": "https://foursquare.com/item/4ca7244db0b8236ab7f6a5e6", "todo": {"count": 0}, "disagreeCount": 0}, {"logView": true, "lang": "en", "createdAt": 1310705044, "agreeCount": 0, "likes": {"groups": [], "count": 0}, "id": "4e1fc5941495f18f033d9559", "text": "Try the chicken biriyani here,...... It's awesome, cheap and full of flavor that surprises your taste buds;)", "type": "user", "user": {"gender": "male", "id": "3719366", "photo": {"prefix": "https://igx.4sqi.net/img/user/", "suffix": "/O5MFRPC2FBV5CTIN.jpg"}, "firstName": "Vicneswaren", "lastName": "Deva Dass"}, "canonicalUrl": "https://foursquare.com/item/4e1fc5941495f18f033d9559", "todo": {"count": 0}, "disagreeCount": 0}, {"logView": true, "lang": "en", "createdAt": 1288438991, "agreeCount": 0, "likes": {"groups": [], "count": 0}, "id": "4ccc04cfc0378cfae2fe8248", "text": "Superb. Great food but cheap. Everything taste good even the candy. They are not selfish and will give you a large portion of anything you ordered. The place is also nostalgic. 2 thumps up! :D", "type": "user", "user": {"gender": "male", "id": "3396027", "photo": {"prefix": "https://igx.4sqi.net/img/user/", "suffix": "/WH3J5URRSZSOOXDX.jpg"}, "firstName": "Fauzan", "lastName": "AJ"}, "canonicalUrl": "https://foursquare.com/item/4ccc04cfc0378cfae2fe8248", "todo": {"count": 0}, "disagreeCount": 0}, {"logView": true, "lang": "en", "createdAt": 1365990473, "agreeCount": 0, "likes": {"groups": [], "count": 0}, "id": "516b5c49498ee52d3d9c64de", "text": "CHAPATI!!!", "type": "user", "user": {"gender": "male", "id": "47843971", "photo": {"prefix": "https://igx.4sqi.net/img/user/", "suffix": "/47843971-JKCV4WTXQ3REY1S0.jpg"}, "firstName": "Sam", "lastName": "Ong"}, "canonicalUrl": "https://foursquare.com/item/516b5c49498ee52d3d9c64de", "todo": {"count": 0}, "disagreeCount": 0}, {"logView": true, "lang": "en", "createdAt": 1286795089, "agreeCount": 1, "likes": {"groups": [{"items": [{"gender": "male", "id": "55347774", "photo": {"prefix": "https://igx.4sqi.net/img/user/", "suffix": "/55347774-4U2ANBCT14XIBMST.jpg"}, "firstName": "Birgen", "lastName": "Maene"}], "count": 7, "type": "others"}], "summary": "7 likes", "count": 7}, "id": "4cb2ef51b4b0a35d8df35cce", "text": "I love the Chicken Masala. Eating with Briyani, Thosai or just the chicken alone is so yummy!! Hehe.. I like. *thumbs up*", "type": "user", "user": {"id": "3672115", "photo": {"prefix": "https://igx.4sqi.net/img/user/", "suffix": "/SRGZCKWKV44JCTRN.jpg"}, "firstName": "el.azilron", "gender": "female"}, "canonicalUrl": "https://foursquare.com/item/4cb2ef51b4b0a35d8df35cce", "todo": {"count": 1}, "disagreeCount": 0}, {"authorInteractionType": "meh", "logView": true, "lang": "en", "createdAt": 1445409179, "agreeCount": 0, "likes": {"groups": [], "count": 0}, "id": "5627319b498ee837d8a954c4", "text": "The masala chicken is very good and spicy. Service is quick although cleanliness is not the best.", "type": "user", "user": {"gender": "male", "id": "9258788", "photo": {"prefix": "https://igx.4sqi.net/img/user/", "suffix": "/SESR0UL0RKWSFQR5.jpg"}, "firstName": "Jeremy", "lastName": "Holm"}, "canonicalUrl": "https://foursquare.com/item/5627319b498ee837d8a954c4", "todo": {"count": 0}, "disagreeCount": 0}, {"logView": true, "lang": "en", "photo": {"id": "548afe12498e7a42508734d8", "visibility": "public", "source": {"name": "Swarm for iOS", "url": "https://www.swarmapp.com"}, "suffix": "/55390456_vgwhqZo0WRKQfcqnvseDbMuS_afwSgsKTknatUPpPeg.jpg", "createdAt": 1418395154, "prefix": "https://igx.4sqi.net/img/general/", "width": 1440, "height": 1920}, "createdAt": 1418395154, "todo": {"count": 0}, "agreeCount": 0, "likes": {"groups": [], "count": 0}, "id": "548afe12498e7a42508734d9", "text": "The crispy paper dosai is good! Huge too so definitely can share.", "disagreeCount": 0, "user": {"id": "55390456", "photo": {"prefix": "https://igx.4sqi.net/img/user/", "suffix": "/55390456_xjGWfjYZ_UAMBNliBjCxql6WleMj7JVZzY9y3t2_6WtR-3ecn7WlfLcMpWqn7tIYj_11T_fb-.jpg"}, "firstName": "Ting", "gender": "female"}, "canonicalUrl": "https://foursquare.com/item/548afe12498e7a42508734d9", "type": "user", "photourl": "https://igx.4sqi.net/img/general/original/55390456_vgwhqZo0WRKQfcqnvseDbMuS_afwSgsKTknatUPpPeg.jpg"}, {"logView": true, "lang": "en", "createdAt": 1293976119, "agreeCount": 0, "likes": {"groups": [{"items": [], "count": 5, "type": "others"}], "summary": "5 likes", "count": 5}, "id": "4d2082376e8c37044207fa9f", "text": "Worth the money!", "type": "user", "user": {"gender": "female", "id": "3552036", "photo": {"prefix": "https://igx.4sqi.net/img/user/", "suffix": "/U50SKGXF2EUMCSGM.jpg"}, "firstName": "Atiqah", "lastName": "Razak"}, "canonicalUrl": "https://foursquare.com/item/4d2082376e8c37044207fa9f", "todo": {"count": 0}, "disagreeCount": 0}, {"logView": true, "lang": "en", "createdAt": 1324110425, "agreeCount": 0, "likes": {"groups": [], "count": 0}, "id": "4eec525930f824cfc3a5d1ec", "text": "The masala chicken here is yummehhhhh!!!", "type": "user", "user": {"gender": "female", "id": "2927952", "photo": {"prefix": "https://igx.4sqi.net/img/user/", "suffix": "/2927952-TDPXBF2AS41KMMY5.jpg"}, "firstName": "Shahida", "lastName": "Syed"}, "canonicalUrl": "https://foursquare.com/item/4eec525930f824cfc3a5d1ec", "todo": {"count": 0}, "disagreeCount": 0}, {"logView": true, "lang": "en", "createdAt": 1288400634, "agreeCount": 0, "likes": {"groups": [], "count": 0}, "id": "4ccb6efaba79a1cd577e34cb", "text": "So far the bestest", "type": "user", "user": {"gender": "male", "id": "3802016", "photo": {"prefix": "https://igx.4sqi.net/img/user/", "suffix": "/KRLDJGNI2VVJ4UZA.jpg"}, "firstName": "Safudin", "lastName": "Suhadi"}, "canonicalUrl": "https://foursquare.com/item/4ccb6efaba79a1cd577e34cb", "todo": {"count": 0}, "disagreeCount": 0}, {"logView": true, "lang": "en", "createdAt": 1386662199, "agreeCount": 0, "likes": {"groups": [], "count": 0}, "id": "52a6c937498e6afa4725cd08", "text": "Food is ok but much styrofoam used for dine-in patrons.", "type": "user", "user": {"gender": "female", "id": "849606", "photo": {"prefix": "https://igx.4sqi.net/img/user/", "suffix": "/AXSVSRVWMFBOVQTL.jpg"}, "firstName": "J", "lastName": "Teo"}, "canonicalUrl": "https://foursquare.com/item/52a6c937498e6afa4725cd08", "todo": {"count": 0}, "disagreeCount": 0}, {"logView": true, "lang": "en", "createdAt": 1290818494, "agreeCount": 0, "likes": {"groups": [], "count": 0}, "id": "4cf053be7e0da1cd9dd98a97", "text": "Best thosai n laddooozzzz... *thumb up*", "type": "user", "user": {"gender": "none", "id": "3965190", "photo": {"prefix": "https://igx.4sqi.net/img/user/", "suffix": "/UEGJSYUWTSE1UFPI.jpg"}, "firstName": "MrnMrs", "lastName": "Hafidz"}, "canonicalUrl": "https://foursquare.com/item/4cf053be7e0da1cd9dd98a97", "todo": {"count": 0}, "disagreeCount": 0}, {"logView": true, "lang": "en", "createdAt": 1373863701, "agreeCount": 0, "likes": {"groups": [], "count": 0}, "id": "51e37f15498e10d88ab5f185", "text": "serving sizes have changed, and rice is no longer spooned out in the traditional way. quality and taste have gone down since they renovated.", "type": "user", "user": {"gender": "male", "id": "537630", "photo": {"prefix": "https://igx.4sqi.net/img/user/", "suffix": "/TNWVH10WBZIM0ZTX.jpg"}, "firstName": "Edward", "lastName": "Yong"}, "canonicalUrl": "https://foursquare.com/item/51e37f15498e10d88ab5f185", "todo": {"count": 0}, "disagreeCount": 0}, {"logView": true, "lang": "en", "createdAt": 1305429062, "agreeCount": 0, "likes": {"groups": [], "count": 0}, "id": "4dcf444645ddbe15f89f5d17", "text": "Best thosai in Singapore!", "type": "user", "user": {"gender": "male", "id": "3023368", "photo": {"prefix": "https://igx.4sqi.net/img/user/", "suffix": "/V3CG4EHVLJHRTXKK.jpg"}, "firstName": "Ahmad Nazri", "lastName": "Mohamed Naim"}, "canonicalUrl": "https://foursquare.com/item/4dcf444645ddbe15f89f5d17", "todo": {"count": 0}, "disagreeCount": 0}, {"logView": true, "lang": "en", "createdAt": 1485319200, "agreeCount": 0, "likes": {"groups": [], "count": 0}, "id": "58882c207220e60abed48a2d", "text": "Come here for the famed masala chicken. And eat with your hands!", "type": "user", "user": {"gender": "male", "id": "318615", "photo": {"prefix": "https://igx.4sqi.net/img/user/", "suffix": "/PSQKEV3JMATZNESV.jpg"}, "firstName": "VotreX", "lastName": "Tan"}, "canonicalUrl": "https://foursquare.com/item/58882c207220e60abed48a2d", "todo": {"count": 0}, "disagreeCount": 0}, {"logView": true, "lang": "en", "createdAt": 1299819970, "agreeCount": 0, "likes": {"groups": [{"items": [], "count": 2, "type": "others"}], "summary": "2 likes", "count": 2}, "id": "4d79adc2c307a35dcee54831", "text": "Paper thosai is very delicious.", "type": "user", "user": {"gender": "male", "id": "7106657", "photo": {"prefix": "https://igx.4sqi.net/img/user/", "suffix": "/OM0DZAATFHLIVIXJ.jpg"}, "firstName": "Ali", "lastName": "Khan"}, "canonicalUrl": "https://foursquare.com/item/4d79adc2c307a35dcee54831", "todo": {"count": 0}, "disagreeCount": 0}, {"logView": true, "lang": "en", "createdAt": 1377686669, "agreeCount": 0, "likes": {"groups": [], "count": 0}, "id": "521dd48d498e3488adf3c659", "text": "Masala Thosai workzzz!", "type": "user", "user": {"gender": "male", "id": "3494105", "photo": {"prefix": "https://igx.4sqi.net/img/user/", "suffix": "/E20EXQFEC3TNF0AX.jpg"}, "firstName": "Yan", "lastName": "Chip"}, "canonicalUrl": "https://foursquare.com/item/521dd48d498e3488adf3c659", "todo": {"count": 0}, "disagreeCount": 0}, {"logView": true, "lang": "en", "createdAt": 1298118528, "agreeCount": 0, "likes": {"groups": [], "count": 0}, "id": "4d5fb7801939a35d9b8a18ee", "text": "Masala Tosai is awesome", "type": "user", "user": {"gender": "male", "id": "4571042", "photo": {"prefix": "https://igx.4sqi.net/img/user/", "suffix": "/A00PGLQDUSEISJPP.jpg"}, "firstName": "Eddy", "lastName": "Vlad"}, "canonicalUrl": "https://foursquare.com/item/4d5fb7801939a35d9b8a18ee", "todo": {"count": 0}, "disagreeCount": 0}, {"logView": true, "lang": "en", "createdAt": 1380181922, "agreeCount": 0, "likes": {"groups": [], "count": 0}, "id": "5243e7a2498e7f651d10c2fd", "text": "Beryani Ayam is awesome..", "type": "user", "user": {"gender": "male", "id": "8325175", "photo": {"prefix": "https://igx.4sqi.net/img/user/", "suffix": "/202IO3X0UNGWYYRO.jpg"}, "firstName": "Maliki", "lastName": "Ahmad"}, "canonicalUrl": "https://foursquare.com/item/5243e7a2498e7f651d10c2fd", "todo": {"count": 0}, "disagreeCount": 0}, {"logView": true, "lang": "en", "createdAt": 1377592736, "agreeCount": 0, "likes": {"groups": [], "count": 0}, "id": "521c65a011d25077ed329f1b", "text": "All time favorite Indian food since young! Must try!", "type": "user", "user": {"gender": "female", "id": "8471276", "photo": {"prefix": "https://igx.4sqi.net/img/user/", "suffix": "/34D3GH3VDCBVJRWA.jpg"}, "firstName": "Nur", "lastName": "Nabiha"}, "canonicalUrl": "https://foursquare.com/item/521c65a011d25077ed329f1b", "todo": {"count": 0}, "disagreeCount": 0}, {"logView": true, "lang": "en", "createdAt": 1331826743, "agreeCount": 0, "likes": {"groups": [], "count": 0}, "id": "4f621037e4b02da1e0e6f8a6", "text": "No only the tosai none veges like komala villas  ok you guy wants eat other let me no oK", "type": "user", "user": {"gender": "male", "id": "20120148", "photo": {"prefix": "https://igx.4sqi.net/img/user/", "suffix": "/3UPW4KLALGIYJ3SX.jpg"}, "firstName": "Max", "lastName": "Mamba"}, "canonicalUrl": "https://foursquare.com/item/4f621037e4b02da1e0e6f8a6", "todo": {"count": 0}, "disagreeCount": 0}, {"logView": true, "lang": "en", "createdAt": 1281103266, "agreeCount": 0, "likes": {"groups": [{"items": [], "count": 2, "type": "others"}], "summary": "2 likes", "count": 2}, "id": "4c5c15a29b28d13a51ba5570", "text": "Butter thosai is a must to try... ! They r open till 10 pm...\ue409", "type": "user", "user": {"gender": "female", "id": "2456173", "photo": {"prefix": "https://igx.4sqi.net/img/user/", "suffix": "/MHWNLWBA5FOABVRT.jpg"}, "firstName": "Le", "lastName": "Amor"}, "canonicalUrl": "https://foursquare.com/item/4c5c15a29b28d13a51ba5570", "todo": {"count": 0}, "disagreeCount": 0}, {"authorInteractionType": "disliked", "logView": true, "lang": "en", "createdAt": 1317063723, "agreeCount": 0, "likes": {"groups": [], "count": 0}, "id": "4e80cc2b77c84673e09048bf", "text": "Awesome masala chicken!", "type": "user", "user": {"gender": "female", "id": "13833022", "photo": {"prefix": "https://igx.4sqi.net/img/user/", "suffix": "/BVH0HXNTNWG4AGPR.jpg"}, "firstName": "Faith", "lastName": "Lim"}, "canonicalUrl": "https://foursquare.com/item/4e80cc2b77c84673e09048bf", "todo": {"count": 1}, "disagreeCount": 0}, {"logView": true, "lang": "en", "createdAt": 1326773478, "agreeCount": 0, "likes": {"groups": [], "count": 0}, "id": "4f14f4e6e4b0f2c214e7cfbb", "text": "Yummy thosai love it", "type": "user", "user": {"gender": "male", "id": "18129091", "photo": {"prefix": "https://igx.4sqi.net/img/user/", "suffix": "/NUULDJPKOQAZL0TW.jpg"}, "firstName": "Eddie", "lastName": "San"}, "canonicalUrl": "https://foursquare.com/item/4f14f4e6e4b0f2c214e7cfbb", "todo": {"count": 0}, "disagreeCount": 0}, {"logView": true, "lang": "en", "createdAt": 1297133790, "agreeCount": 1, "likes": {"groups": [{"items": [{"gender": "male", "id": "55347774", "photo": {"prefix": "https://igx.4sqi.net/img/user/", "suffix": "/55347774-4U2ANBCT14XIBMST.jpg"}, "firstName": "Birgen", "lastName": "Maene"}], "count": 1, "type": "others"}], "summary": "1 like", "count": 1}, "id": "4d50b0de4015b1f7b40f69cf", "text": "Chicken masala is fabulous here...", "type": "user", "user": {"gender": "female", "id": "2329862", "photo": {"prefix": "https://igx.4sqi.net/img/user/", "suffix": "/UPUBVJRRHOJ4M0L5.jpg"}, "firstName": "Saleema", "lastName": "Siddeeqa"}, "canonicalUrl": "https://foursquare.com/item/4d50b0de4015b1f7b40f69cf", "todo": {"count": 0}, "disagreeCount": 0}, {"logView": true, "lang": "en", "createdAt": 1296693700, "agreeCount": 0, "likes": {"groups": [], "count": 0}, "id": "4d49f9c47d36f04d792517e5", "text": "Hhhmmmm...... Now need to order first ....", "type": "user", "user": {"gender": "male", "id": "3392245", "photo": {"prefix": "https://igx.4sqi.net/img/user/", "suffix": "/CE5C1AJ4G5IYICDV.jpg"}, "firstName": "Roy", "lastName": "Blacksweet"}, "canonicalUrl": "https://foursquare.com/item/4d49f9c47d36f04d792517e5", "todo": {"count": 0}, "disagreeCount": 0}, {"logView": true, "lang": "en", "photo": {"id": "579230ce498e0a4957465342", "visibility": "public", "source": {"name": "Foursquare Web", "url": "https://foursquare.com"}, "suffix": "/32947466_xAgRBMlZpt9hDP4cHn4TAI_pGNTYx-5WTNiAFByuGUE.jpg", "createdAt": 1469198542, "prefix": "https://igx.4sqi.net/img/general/", "width": 2736, "height": 1824}, "createdAt": 1456128893, "todo": {"count": 0}, "agreeCount": 0, "likes": {"groups": [], "count": 0}, "id": "56cac37d498ec5f3f08c5ff4", "text": "Affordable prices & tasty indian food. Plain Dosai is good. You get a set of 3 sauces for an unlimited use. If you want to use cutlery, you can ask the staff to get you some.", "disagreeCount": 0, "user": {"id": "32947466", "photo": {"prefix": "https://igx.4sqi.net/img/user/", "suffix": "/32947466-OFZK4K5BH0RITJOM.jpg"}, "firstName": "Kasia", "gender": "female"}, "canonicalUrl": "https://foursquare.com/item/56cac37d498ec5f3f08c5ff4", "type": "user", "photourl": "https://igx.4sqi.net/img/general/original/32947466_xAgRBMlZpt9hDP4cHn4TAI_pGNTYx-5WTNiAFByuGUE.jpg"}, {"authorInteractionType": "liked", "logView": true, "lang": "en", "createdAt": 1419922950, "agreeCount": 0, "likes": {"groups": [], "count": 0}, "id": "54a24e06498e4a8012bb38a9", "text": "Masala chicken, the dosais are so good! Food comes quickly & staff are friendly.", "type": "user", "user": {"gender": "female", "id": "2138655", "photo": {"prefix": "https://igx.4sqi.net/img/user/", "suffix": "/WSXSD4ENEQ1M1VML.jpg"}, "firstName": "Jeffrey", "lastName": "James"}, "canonicalUrl": "https://foursquare.com/item/54a24e06498e4a8012bb38a9", "todo": {"count": 0}, "disagreeCount": 0}, {"logView": true, "lang": "en", "createdAt": 1296625879, "agreeCount": 0, "likes": {"groups": [], "count": 0}, "id": "4d48f0d711a36ea8f184221c", "text": "Bahtura!! Power!!", "type": "user", "user": {"gender": "female", "id": "3808171", "photo": {"prefix": "https://igx.4sqi.net/img/user/", "suffix": "/LNCHVQ1DYAZJPGFS.jpg"}, "firstName": "Rozi", "lastName": "Mummygee"}, "canonicalUrl": "https://foursquare.com/item/4d48f0d711a36ea8f184221c", "todo": {"count": 1}, "disagreeCount": 0}, {"logView": true, "lang": "en", "createdAt": 1287403748, "agreeCount": 0, "likes": {"groups": [{"items": [], "count": 1, "type": "others"}], "summary": "1 like", "count": 1}, "id": "4cbc38e4dd41a35de940f2a0", "text": "Better service than restaurants! U get iced water w/o having to ask, served with a straw!", "type": "user", "user": {"gender": "female", "id": "1105274", "photo": {"prefix": "https://igx.4sqi.net/img/user/", "suffix": "/I2KBJXOQCAL33O2P.jpg"}, "firstName": "Edna", "lastName": "Chua"}, "canonicalUrl": "https://foursquare.com/item/4cbc38e4dd41a35de940f2a0", "todo": {"count": 0}, "disagreeCount": 0}, {"logView": true, "lang": "en", "createdAt": 1370148199, "agreeCount": 2, "likes": {"groups": [{"items": [{"gender": "male", "id": "55347774", "photo": {"prefix": "https://igx.4sqi.net/img/user/", "suffix": "/55347774-4U2ANBCT14XIBMST.jpg"}, "firstName": "Birgen", "lastName": "Maene"}, {"gender": "male", "id": "147577", "photo": {"prefix": "https://igx.4sqi.net/img/user/", "suffix": "/RA20YXUDQ4KRTIH2.jpg"}, "firstName": "Dominic", "lastName": "Leong"}], "count": 2, "type": "others"}], "summary": "2 likes", "count": 2}, "id": "51aacd67498e6daa71c3dd09", "text": "Got to try the chicken masala. Good for 2-3 people to share! Perfect place for a cheap and full meal too!", "type": "user", "user": {"gender": "female", "id": "15568460", "photo": {"prefix": "https://igx.4sqi.net/img/user/", "suffix": "/XRSVJ1T5YGSKSV45.jpg"}, "firstName": "Cailin", "lastName": "Lim"}, "canonicalUrl": "https://foursquare.com/item/51aacd67498e6daa71c3dd09", "todo": {"count": 0}, "disagreeCount": 0}, {"authorInteractionType": "disliked", "logView": true, "lang": "en", "createdAt": 1378712686, "agreeCount": 0, "likes": {"groups": [], "count": 0}, "id": "522d7c6e498e950b5264a4e3", "text": "Been patronised this place since I am  small. My favourite paper thosai is no more crispy. Masalah in the thosai is little. Gravy is bad. Masalah chicken is nightmare. Please bring the old taste back.", "type": "user", "user": {"id": "3738095", "photo": {"prefix": "https://igx.4sqi.net/img/user/", "suffix": "/TPFE4DKVKCDZN2HI.jpg"}, "firstName": "dumbass", "gender": "male"}, "canonicalUrl": "https://foursquare.com/item/522d7c6e498e950b5264a4e3", "todo": {"count": 0}, "disagreeCount": 0}, {"logView": true, "lang": "en", "createdAt": 1290138733, "agreeCount": 0, "likes": {"groups": [], "count": 0}, "id": "4ce5f46de1eeb60c573294ae", "text": "Tosai masala is my all time fav. Must try!!", "type": "user", "user": {"gender": "male", "id": "4139370", "photo": {"prefix": "https://igx.4sqi.net/img/user/", "suffix": "/QEXILPYO25AVI1IO.jpg"}, "firstName": "Nizam", "lastName": "Raimi"}, "canonicalUrl": "https://foursquare.com/item/4ce5f46de1eeb60c573294ae", "todo": {"count": 0}, "disagreeCount": 0}, {"logView": true, "lang": "en", "createdAt": 1290328979, "agreeCount": 0, "likes": {"groups": [], "count": 0}, "id": "4ce8db93e888f04dd611456b", "text": "such a big portion for Chicken Briyani, it takes two to finish...!", "type": "user", "user": {"gender": "male", "id": "4147349", "photo": {"prefix": "https://igx.4sqi.net/img/user/", "suffix": "/2CISIMK4IRULY41X.jpg"}, "firstName": "Faizal", "lastName": "Rafi"}, "canonicalUrl": "https://foursquare.com/item/4ce8db93e888f04dd611456b", "todo": {"count": 0}, "disagreeCount": 0}], "count": 61}}}