{"meta": {"code": 200, "requestId": "595a4ed6db04f562f0d37355"}, "response": {"tips": {"items": [{"logView": true, "lang": "en", "createdAt": 1297667121, "agreeCount": 0, "likes": {"groups": [], "count": 0}, "id": "4d58d4319b302d4314691e34", "text": "$1.00 soft serve ice-cream! Available on either cup or cone... (Not sure what flavour it was though; caramel-ish)", "type": "user", "user": {"gender": "male", "id": "5582569", "photo": {"prefix": "https://igx.4sqi.net/img/user/", "suffix": "/1PYW4Q4US23LWSS5.png"}, "firstName": "Hafiz", "lastName": "Ismail"}, "canonicalUrl": "https://foursquare.com/item/4d58d4319b302d4314691e34", "todo": {"count": 0}, "disagreeCount": 0}, {"logView": true, "lang": "en", "createdAt": 1452962558, "agreeCount": 0, "likes": {"groups": [], "count": 0}, "id": "569a72fe498eb1ecaab11ad5", "text": "This fast food chain is no longer in Singapore. Was good while it lasted!", "type": "user", "user": {"id": "2731925", "photo": {"prefix": "https://igx.4sqi.net/img/user/", "suffix": "/2731925-F4ZCC4OQ44UV3WZT.jpg"}, "firstName": "Travis", "gender": "male"}, "canonicalUrl": "https://foursquare.com/item/569a72fe498eb1ecaab11ad5", "todo": {"count": 0}, "disagreeCount": 0}, {"logView": true, "lang": "en", "createdAt": 1300604145, "agreeCount": 0, "likes": {"groups": [{"items": [], "count": 1, "type": "others"}], "summary": "1 like", "count": 1}, "id": "4d85a4f1d5fab60c2a5efc9b", "text": "I FRIGGIN LOVE SUPERDOG'S FISH N CHIPS <3", "type": "user", "user": {"gender": "female", "id": "7889238", "photo": {"prefix": "https://igx.4sqi.net/img/user/", "suffix": "/OTN1KYH3FH34Y5G1.jpg"}, "firstName": "Charlene", "lastName": "Wong"}, "canonicalUrl": "https://foursquare.com/item/4d85a4f1d5fab60c2a5efc9b", "todo": {"count": 0}, "disagreeCount": 0}, {"logView": true, "lang": "en", "createdAt": 1295865655, "agreeCount": 0, "likes": {"groups": [], "count": 0}, "id": "4d3d573705b8721ec2f59337", "text": "Worst fish n chip I ate in superdog!", "type": "user", "user": {"gender": "female", "id": "5634475", "photo": {"prefix": "https://igx.4sqi.net/img/user/", "suffix": "/NOLPBD1G5VMGXHE4.jpg"}, "firstName": "Jamie", "lastName": "Lek"}, "canonicalUrl": "https://foursquare.com/item/4d3d573705b8721ec2f59337", "todo": {"count": 0}, "disagreeCount": 0}], "count": 4}}}