{"meta": {"code": 200, "requestId": "595a4c4af594df3c088ea998"}, "response": {"tips": {"items": [{"logView": true, "lang": "en", "createdAt": 1373541335, "agreeCount": 1, "likes": {"groups": [{"items": [{"gender": "male", "id": "1339539", "photo": {"prefix": "https://igx.4sqi.net/img/user/", "suffix": "/1339539-AIRJPNFKHLZSMUDJ.jpg"}, "firstName": "Ian", "lastName": "Thomtori"}], "count": 1, "type": "others"}], "summary": "1 like", "count": 1}, "id": "51de93d7498eeb4efc35cae7", "text": "Love the roast pork n char siew", "type": "user", "user": {"gender": "male", "id": "23109103", "photo": {"prefix": "https://igx.4sqi.net/img/user/", "suffix": "/23109103-A0VDW4NIIEKHJ1QK.jpg"}, "firstName": "Joseph Quek", "lastName": "Tiramizus that melts in ur mouth"}, "canonicalUrl": "https://foursquare.com/item/51de93d7498eeb4efc35cae7", "todo": {"count": 0}, "disagreeCount": 0}, {"logView": true, "lang": "en", "createdAt": 1272518491, "agreeCount": 4, "likes": {"groups": [{"items": [{"gender": "male", "id": "1023230", "photo": {"prefix": "https://igx.4sqi.net/img/user/", "suffix": "/IV4VVMIEKPSDYMRH.jpg"}, "firstName": "Jzin", "lastName": "T"}, {"gender": "male", "id": "14163889", "photo": {"prefix": "https://igx.4sqi.net/img/user/", "suffix": "/LLAA5RNHHEM34YST.jpg"}, "firstName": "Gary", "lastName": "Shyan"}, {"gender": "male", "id": "1339539", "photo": {"prefix": "https://igx.4sqi.net/img/user/", "suffix": "/1339539-AIRJPNFKHLZSMUDJ.jpg"}, "firstName": "Ian", "lastName": "Thomtori"}], "count": 7, "type": "others"}], "summary": "7 likes", "count": 7}, "id": "4bd9175b70c603bb139d99b4", "text": "Char siew here is grrreat!!! Thick juicy slices unlike the paper-thin, dry ones you get everywhere else in Singapore!", "type": "user", "user": {"gender": "male", "id": "624256", "photo": {"prefix": "https://igx.4sqi.net/img/user/", "suffix": "/AX0YRNR1KTMKXU4T.jpg"}, "firstName": "Kris", "lastName": "Kam"}, "canonicalUrl": "https://foursquare.com/item/4bd9175b70c603bb139d99b4", "todo": {"count": 1}, "disagreeCount": 0}, {"authorInteractionType": "liked", "logView": true, "lang": "en", "createdAt": 1274777597, "agreeCount": 0, "likes": {"groups": [{"items": [], "count": 4, "type": "others"}], "summary": "4 likes", "count": 4}, "id": "4bfb8ffd70c603bb70e69cb4", "text": "The staff here are wild. Lots of excitement, especially during happy hour, when the hanky panky begins.", "type": "user", "user": {"gender": "male", "id": "458000", "photo": {"prefix": "https://igx.4sqi.net/img/user/", "suffix": "/N51ZGL5IFFZQBBTD.jpg"}, "firstName": "Warren", "lastName": "Klass"}, "canonicalUrl": "https://foursquare.com/item/4bfb8ffd70c603bb70e69cb4", "todo": {"count": 1}, "disagreeCount": 0}, {"authorInteractionType": "liked", "logView": true, "lang": "en", "photo": {"id": "56936fb1498ea41fb8dc929f", "visibility": "public", "source": {"name": "Foursquare for iOS", "url": "https://foursquare.com/download/#/iphone"}, "suffix": "/30599435__tWeTZkZh9dQZqAJfJJxxRrCRgPi99g7Y1XY9MKlefU.jpg", "createdAt": 1452502961, "prefix": "https://igx.4sqi.net/img/general/", "width": 1440, "height": 1920}, "createdAt": 1452502955, "todo": {"count": 0}, "agreeCount": 1, "likes": {"groups": [{"items": [{"gender": "female", "id": "147528695", "photo": {"prefix": "https://igx.4sqi.net/img/user/", "suffix": "/147528695-VXSK1IYR21PKD2YK.jpg"}, "firstName": "Jen", "lastName": "Chia"}], "count": 1, "type": "others"}], "summary": "1 like", "count": 1}, "id": "56936fab498e311a9d253f60", "text": "Yummy wanton mee! Noodles springy, wantons were tasty & the char siew thick & juicy! \ud83d\udc4d", "disagreeCount": 0, "user": {"gender": "male", "id": "30599435", "photo": {"prefix": "https://igx.4sqi.net/img/user/", "suffix": "/30599435_VFGwCGkP_KJZtGNkxWuKAloSRzZmkVQ0zaQ22sfzp1GTiHcwkgOeD8Kpzn2YsIzNIAYO3mggB.jpg"}, "firstName": "Jonathan", "lastName": "Lim"}, "canonicalUrl": "https://foursquare.com/item/56936fab498e311a9d253f60", "type": "user", "photourl": "https://igx.4sqi.net/img/general/original/30599435__tWeTZkZh9dQZqAJfJJxxRrCRgPi99g7Y1XY9MKlefU.jpg"}, {"authorInteractionType": "liked", "logView": true, "lang": "en", "createdAt": 1386996665, "agreeCount": 0, "likes": {"groups": [], "count": 0}, "id": "52abe3b9498e04bc8e13405b", "text": "Best in Sg. Die die Must try", "type": "user", "user": {"gender": "female", "id": "5887959", "photo": {"prefix": "https://igx.4sqi.net/img/user/", "suffix": "/LLQPGIFFL4R3UUPD.jpg"}, "firstName": "jinping", "lastName": "toh"}, "canonicalUrl": "https://foursquare.com/item/52abe3b9498e04bc8e13405b", "todo": {"count": 0}, "disagreeCount": 0}, {"logView": true, "lang": "en", "createdAt": 1273206639, "agreeCount": 3, "likes": {"groups": [{"items": [{"gender": "male", "id": "14163889", "photo": {"prefix": "https://igx.4sqi.net/img/user/", "suffix": "/LLAA5RNHHEM34YST.jpg"}, "firstName": "Gary", "lastName": "Shyan"}, {"gender": "male", "id": "1339539", "photo": {"prefix": "https://igx.4sqi.net/img/user/", "suffix": "/1339539-AIRJPNFKHLZSMUDJ.jpg"}, "firstName": "Ian", "lastName": "Thomtori"}, {"gender": "male", "id": "231366", "photo": {"prefix": "https://igx.4sqi.net/img/user/", "suffix": "/231366-Q2ZSAEF50GYUXPDA.jpg"}, "firstName": "Cheen", "lastName": "The Curious"}], "count": 3, "type": "others"}], "summary": "3 likes", "count": 3}, "id": "4be3976f70c603bb85869ab4", "text": "Try the char siew, wanton mee & roast pork! It's famous & delicious! :)", "type": "user", "user": {"gender": "female", "id": "447257", "photo": {"prefix": "https://igx.4sqi.net/img/user/", "suffix": "/X0DOHKJOUBLUOQ11.jpg"}, "firstName": "Jasmine", "lastName": "Chua"}, "canonicalUrl": "https://foursquare.com/item/4be3976f70c603bb85869ab4", "todo": {"count": 2}, "disagreeCount": 0}, {"logView": true, "lang": "en", "createdAt": 1288672088, "agreeCount": 2, "likes": {"groups": [{"items": [{"gender": "male", "id": "1339539", "photo": {"prefix": "https://igx.4sqi.net/img/user/", "suffix": "/1339539-AIRJPNFKHLZSMUDJ.jpg"}, "firstName": "Ian", "lastName": "Thomtori"}, {"gender": "male", "id": "231366", "photo": {"prefix": "https://igx.4sqi.net/img/user/", "suffix": "/231366-Q2ZSAEF50GYUXPDA.jpg"}, "firstName": "Cheen", "lastName": "The Curious"}], "count": 2, "type": "others"}], "summary": "2 likes", "count": 2}, "id": "4ccf935801eaf04d17f4b35d", "text": "Yes, agree with the rest of the folks. The wantan char siew is probably the best in this area.", "type": "user", "user": {"gender": "male", "id": "3855652", "photo": {"prefix": "https://igx.4sqi.net/img/user/", "suffix": "/LBUYMANPEAFDXZ4F.jpg"}, "firstName": "Adrian", "lastName": "Tan"}, "canonicalUrl": "https://foursquare.com/item/4ccf935801eaf04d17f4b35d", "todo": {"count": 0}, "disagreeCount": 0}, {"authorInteractionType": "liked", "logView": true, "lang": "en", "photo": {"id": "56628d3c498e7315a8f2b946", "visibility": "public", "source": {"name": "Foursquare for iOS", "url": "https://foursquare.com/download/#/iphone"}, "suffix": "/12445273_l0JGCR2KHkfTu6ykbgrRxUng20bTryqa0gI1UuwpjEE.jpg", "createdAt": 1449299260, "prefix": "https://igx.4sqi.net/img/general/", "width": 1440, "height": 1440}, "createdAt": 1449299257, "todo": {"count": 0}, "agreeCount": 0, "likes": {"groups": [], "count": 0}, "id": "56628d39498e2529ca54a155", "text": "Love the roast duck and the roast pork over here. So damn good.", "disagreeCount": 0, "user": {"gender": "male", "id": "12445273", "photo": {"prefix": "https://igx.4sqi.net/img/user/", "suffix": "/VN1LI04JNN54ME0Y.png"}, "firstName": "George", "lastName": "Joseph"}, "canonicalUrl": "https://foursquare.com/item/56628d39498e2529ca54a155", "type": "user", "photourl": "https://igx.4sqi.net/img/general/original/12445273_l0JGCR2KHkfTu6ykbgrRxUng20bTryqa0gI1UuwpjEE.jpg"}, {"logView": true, "lang": "en", "createdAt": 1311999854, "agreeCount": 0, "likes": {"groups": [], "count": 0}, "id": "4e33876e62e1733d7aa37e28", "text": "Chicken Rice only $2/- & Roasted Pork is superb", "type": "user", "user": {"gender": "male", "id": "2701731", "photo": {"prefix": "https://igx.4sqi.net/img/user/", "suffix": "/UEIANBOENH5A3QFH.gif"}, "firstName": "Chandra", "lastName": "Jusuf"}, "canonicalUrl": "https://foursquare.com/item/4e33876e62e1733d7aa37e28", "todo": {"count": 0}, "disagreeCount": 0}, {"authorInteractionType": "liked", "logView": true, "lang": "en", "photo": {"id": "5087768ee4b0c4120ecce885", "visibility": "public", "source": {"name": "Foursquare for iOS", "url": "https://foursquare.com/download/#/iphone"}, "suffix": "/1065156_Bi0KHbPi1EaT5PnRCL8INBnT3dFpuAFTmj2zIF2F_yk.jpg", "createdAt": 1351054990, "prefix": "https://igx.4sqi.net/img/general/", "width": 540, "height": 720}, "createdAt": 1351054902, "todo": {"count": 0}, "agreeCount": 4, "likes": {"groups": [{"items": [{"gender": "male", "id": "14163889", "photo": {"prefix": "https://igx.4sqi.net/img/user/", "suffix": "/LLAA5RNHHEM34YST.jpg"}, "firstName": "Gary", "lastName": "Shyan"}, {"gender": "male", "id": "1339539", "photo": {"prefix": "https://igx.4sqi.net/img/user/", "suffix": "/1339539-AIRJPNFKHLZSMUDJ.jpg"}, "firstName": "Ian", "lastName": "Thomtori"}, {"gender": "male", "id": "231366", "photo": {"prefix": "https://igx.4sqi.net/img/user/", "suffix": "/231366-Q2ZSAEF50GYUXPDA.jpg"}, "firstName": "Cheen", "lastName": "The Curious"}, {"gender": "male", "id": "1154230", "photo": {"prefix": "https://igx.4sqi.net/img/user/", "suffix": "/1154230-AOG4JERXY1FFNEER.jpg"}, "firstName": "Ethan", "lastName": "Lin"}], "count": 4, "type": "others"}], "summary": "4 likes", "count": 4}, "id": "50877636e4b0d0efc6653744", "text": "Best char siew in the area.", "disagreeCount": 0, "user": {"gender": "male", "id": "1065156", "photo": {"prefix": "https://igx.4sqi.net/img/user/", "suffix": "/WVSC3CADRLJH1U5K.png"}, "firstName": "Benson", "lastName": "Toh"}, "canonicalUrl": "https://foursquare.com/item/50877636e4b0d0efc6653744", "type": "user", "photourl": "https://igx.4sqi.net/img/general/original/1065156_Bi0KHbPi1EaT5PnRCL8INBnT3dFpuAFTmj2zIF2F_yk.jpg"}, {"authorInteractionType": "liked", "logView": true, "lang": "en", "photo": {"id": "57907e99498ec56d4b43d918", "visibility": "public", "source": {"name": "Foursquare for Android", "url": "https://foursquare.com/download/#/android"}, "suffix": "/1339539_vE8HX4vaCxZg9v8pni5uBZNjMmA5OFeZZC8Vw6n2e8g.jpg", "createdAt": 1469087385, "prefix": "https://igx.4sqi.net/img/general/", "width": 1944, "height": 1944}, "createdAt": 1469087380, "todo": {"count": 0}, "agreeCount": 0, "likes": {"groups": [], "count": 0}, "id": "57907e94498e6eec07b5314c", "text": "Roast pork \u70e7\u8089is fatty & cracklin crispy. I love this the most here over the toast duck and charsiew which I find rather average. Come after lunch peak hour to avoid long Q! #ThomtoriEats #cbdlunchtips", "disagreeCount": 0, "user": {"gender": "male", "id": "1339539", "photo": {"prefix": "https://igx.4sqi.net/img/user/", "suffix": "/1339539-AIRJPNFKHLZSMUDJ.jpg"}, "firstName": "Ian", "lastName": "Thomtori"}, "canonicalUrl": "https://foursquare.com/item/57907e94498e6eec07b5314c", "type": "user", "photourl": "https://igx.4sqi.net/img/general/original/1339539_vE8HX4vaCxZg9v8pni5uBZNjMmA5OFeZZC8Vw6n2e8g.jpg"}, {"logView": true, "lang": "en", "createdAt": 1387385235, "agreeCount": 0, "likes": {"groups": [], "count": 0}, "id": "52b1d19311d2a550aaa8e7ea", "text": "Good food.", "type": "user", "user": {"id": "3165365", "photo": {"prefix": "https://igx.4sqi.net/img/user/", "suffix": "/3165365-KKBW0HP0YTN2SOV5.jpg"}, "firstName": "En Wee", "gender": "male"}, "canonicalUrl": "https://foursquare.com/item/52b1d19311d2a550aaa8e7ea", "todo": {"count": 0}, "disagreeCount": 0}, {"logView": true, "lang": "en", "createdAt": 1315802843, "agreeCount": 1, "likes": {"groups": [{"items": [{"gender": "male", "id": "1339539", "photo": {"prefix": "https://igx.4sqi.net/img/user/", "suffix": "/1339539-AIRJPNFKHLZSMUDJ.jpg"}, "firstName": "Ian", "lastName": "Thomtori"}], "count": 1, "type": "others"}], "summary": "1 like", "count": 1}, "id": "4e6d8edbb0fb62b7784dff7c", "text": "Their char siew standard has dropped. Service is getting from bad to worst too. Be in for nothing but disappointment.", "type": "user", "user": {"gender": "female", "id": "129316", "photo": {"prefix": "https://igx.4sqi.net/img/user/", "suffix": "/129316-OHOYLR02V2UFIS3E.jpg"}, "firstName": "Jesslyn", "lastName": "Teo"}, "canonicalUrl": "https://foursquare.com/item/4e6d8edbb0fb62b7784dff7c", "todo": {"count": 0}, "disagreeCount": 0}, {"authorInteractionType": "liked", "logView": true, "lang": "en", "createdAt": 1430532507, "agreeCount": 0, "likes": {"groups": [], "count": 0}, "id": "5544319b498eca1b1b9b69e4", "text": "Very bz during lunch time peak hours. All the roast items are good. Don't miss the chili sauce.", "type": "user", "user": {"id": "55390456", "photo": {"prefix": "https://igx.4sqi.net/img/user/", "suffix": "/55390456_xjGWfjYZ_UAMBNliBjCxql6WleMj7JVZzY9y3t2_6WtR-3ecn7WlfLcMpWqn7tIYj_11T_fb-.jpg"}, "firstName": "Ting", "gender": "female"}, "canonicalUrl": "https://foursquare.com/item/5544319b498eca1b1b9b69e4", "todo": {"count": 0}, "disagreeCount": 0}, {"authorInteractionType": "liked", "logView": true, "lang": "zh", "photo": {"id": "56c4108ecd103a3a10888327", "visibility": "public", "source": {"name": "Foursquare for iOS", "url": "https://foursquare.com/download/#/iphone"}, "suffix": "/30599435_bTEFw6FpRJIDdprVjQgx_UYgtl88jwSCeQVT5bmh5bY.jpg", "createdAt": 1455689870, "prefix": "https://igx.4sqi.net/img/general/", "width": 1440, "height": 1920}, "createdAt": 1455689867, "todo": {"count": 0}, "agreeCount": 1, "likes": {"groups": [{"items": [{"gender": "female", "id": "147528695", "photo": {"prefix": "https://igx.4sqi.net/img/user/", "suffix": "/147528695-VXSK1IYR21PKD2YK.jpg"}, "firstName": "Jen", "lastName": "Chia"}], "count": 1, "type": "others"}], "summary": "1 like", "count": 1}, "id": "56c4108b498e14e31de7b985", "text": "\u70e7\u8089 very yummy also!", "disagreeCount": 0, "user": {"gender": "male", "id": "30599435", "photo": {"prefix": "https://igx.4sqi.net/img/user/", "suffix": "/30599435_VFGwCGkP_KJZtGNkxWuKAloSRzZmkVQ0zaQ22sfzp1GTiHcwkgOeD8Kpzn2YsIzNIAYO3mggB.jpg"}, "firstName": "Jonathan", "lastName": "Lim"}, "canonicalUrl": "https://foursquare.com/item/56c4108b498e14e31de7b985", "type": "user", "photourl": "https://igx.4sqi.net/img/general/original/30599435_bTEFw6FpRJIDdprVjQgx_UYgtl88jwSCeQVT5bmh5bY.jpg"}, {"logView": true, "lang": "en", "createdAt": 1339656062, "agreeCount": 1, "likes": {"groups": [{"items": [{"gender": "male", "id": "1339539", "photo": {"prefix": "https://igx.4sqi.net/img/user/", "suffix": "/1339539-AIRJPNFKHLZSMUDJ.jpg"}, "firstName": "Ian", "lastName": "Thomtori"}], "count": 1, "type": "others"}], "summary": "1 like", "count": 1}, "id": "4fd9877ee4b0a8dbd212b6da", "text": "The char siew and roast meat rice is a must try!!", "type": "user", "user": {"gender": "male", "id": "21105839", "photo": {"prefix": "https://igx.4sqi.net/img/user/", "suffix": "/21105839-5EJWDHJIMVY1RWGE.jpg"}, "firstName": "Kevin", "lastName": "Wong"}, "canonicalUrl": "https://foursquare.com/item/4fd9877ee4b0a8dbd212b6da", "todo": {"count": 0}, "disagreeCount": 0}, {"authorInteractionType": "liked", "logView": true, "lang": "en", "createdAt": 1400317818, "agreeCount": 0, "likes": {"groups": [], "count": 0}, "id": "5377277a498ed9062bf7dec9", "text": "No contenders anywhere else for best char siew in Singapore man!", "type": "user", "user": {"id": "1078948", "photo": {"prefix": "https://igx.4sqi.net/img/user/", "suffix": "/LSJHFI2B3Y5C4A44.jpg"}, "firstName": "The R", "gender": "male"}, "canonicalUrl": "https://foursquare.com/item/5377277a498ed9062bf7dec9", "todo": {"count": 0}, "disagreeCount": 0}, {"logView": true, "lang": "en", "createdAt": 1372653424, "agreeCount": 0, "likes": {"groups": [], "count": 0}, "id": "51d10770498ee4305450c7a8", "text": "cheapest chicken rice around these days I guess \ud83d\udc4d", "type": "user", "user": {"gender": "male", "id": "4784474", "photo": {"prefix": "https://igx.4sqi.net/img/user/", "suffix": "/4784474-GMBMKR1ZUL5CH0MV.jpg"}, "firstName": "Roy", "lastName": "Soon"}, "canonicalUrl": "https://foursquare.com/item/51d10770498ee4305450c7a8", "todo": {"count": 0}, "disagreeCount": 0}, {"logView": true, "lang": "en", "createdAt": 1331366365, "agreeCount": 1, "likes": {"groups": [{"items": [{"gender": "male", "id": "1339539", "photo": {"prefix": "https://igx.4sqi.net/img/user/", "suffix": "/1339539-AIRJPNFKHLZSMUDJ.jpg"}, "firstName": "Ian", "lastName": "Thomtori"}], "count": 1, "type": "others"}], "summary": "1 like", "count": 1}, "id": "4f5b09dde4b008b155f46f5f", "text": "Try the Char Siew Rice - good mix of fatty and lean meat, generously honeyed and well-smothered. best char siew i ever had!", "type": "user", "user": {"gender": "female", "id": "1179565", "photo": {"prefix": "https://igx.4sqi.net/img/user/", "suffix": "/1179565-IALSSX1RQGYSBZ3Y.jpg"}, "firstName": "Brenda", "lastName": "Then"}, "canonicalUrl": "https://foursquare.com/item/4f5b09dde4b008b155f46f5f", "todo": {"count": 0}, "disagreeCount": 0}, {"authorInteractionType": "liked", "logView": true, "lang": "en", "createdAt": 1361000031, "agreeCount": 4, "likes": {"groups": [{"items": [{"gender": "male", "id": "1533856", "photo": {"prefix": "https://igx.4sqi.net/img/user/", "suffix": "/1533856-2TI5FJVG3MPOIRQZ.jpg"}, "firstName": "Gabriel", "lastName": "Sai"}, {"gender": "female", "id": "1272497", "photo": {"prefix": "https://igx.4sqi.net/img/user/", "suffix": "/2NYYBD2A3WFWLLMK.jpg"}, "firstName": "Javier Yong-En", "lastName": "Li"}, {"gender": "male", "id": "1339539", "photo": {"prefix": "https://igx.4sqi.net/img/user/", "suffix": "/1339539-AIRJPNFKHLZSMUDJ.jpg"}, "firstName": "Ian", "lastName": "Thomtori"}, {"id": "27413333", "photo": {"prefix": "https://igx.4sqi.net/img/user/", "suffix": "/G3PFYPPIORQOP3VF.jpg"}, "firstName": "BenO", "gender": "male"}], "count": 4, "type": "others"}], "summary": "4 likes", "count": 4}, "id": "511f365fe4b0d6060c961daa", "text": "To date the best Char Siew, Roasted Pork and Duck !!! Must try....", "type": "user", "user": {"id": "27413333", "photo": {"prefix": "https://igx.4sqi.net/img/user/", "suffix": "/G3PFYPPIORQOP3VF.jpg"}, "firstName": "BenO", "gender": "male"}, "canonicalUrl": "https://foursquare.com/item/511f365fe4b0d6060c961daa", "todo": {"count": 0}, "disagreeCount": 0}, {"authorInteractionType": "liked", "logView": true, "lang": "en", "createdAt": 1459400910, "agreeCount": 0, "likes": {"groups": [], "count": 0}, "id": "56fcb0ce498efa08a2692f56", "text": "Do try this combination. Char shao, shao rou mian with additional $1 wanton", "type": "user", "user": {"gender": "male", "id": "5316244", "photo": {"prefix": "https://igx.4sqi.net/img/user/", "suffix": "/5HCBXCZJS3DWB5AU.jpg"}, "firstName": "Glenn", "lastName": "Goh"}, "canonicalUrl": "https://foursquare.com/item/56fcb0ce498efa08a2692f56", "todo": {"count": 0}, "disagreeCount": 0}, {"authorInteractionType": "liked", "logView": true, "lang": "en", "createdAt": 1453394291, "agreeCount": 0, "likes": {"groups": [], "count": 0}, "id": "56a10973498ec487e9e02f56", "text": "Good roast pork and char siew", "type": "user", "user": {"gender": "male", "id": "8477673", "photo": {"prefix": "https://igx.4sqi.net/img/user/", "suffix": "/8477673_7d3gntV1__Ewk7J-5bepwOTZ2DG-Vr7-SNB8qvYNMGgEubE2IlWrCMUrDPHUnRTKFONKAd5hq.jpg"}, "firstName": "Melvin", "lastName": "Lim"}, "canonicalUrl": "https://foursquare.com/item/56a10973498ec487e9e02f56", "todo": {"count": 0}, "disagreeCount": 0}, {"logView": true, "lang": "en", "createdAt": 1368619680, "agreeCount": 1, "likes": {"groups": [{"items": [{"gender": "male", "id": "1339539", "photo": {"prefix": "https://igx.4sqi.net/img/user/", "suffix": "/1339539-AIRJPNFKHLZSMUDJ.jpg"}, "firstName": "Ian", "lastName": "Thomtori"}], "count": 1, "type": "others"}], "summary": "1 like", "count": 1}, "id": "51937aa0498e57eaf475f76b", "text": "Char siew rice...the best! Also don't forget the chilli to eat with the char siew...heavenly!", "type": "user", "user": {"id": "295528", "photo": {"prefix": "https://igx.4sqi.net/img/user/", "suffix": "/VOEDSRTCHYF2TF5V.jpg"}, "firstName": "Alan", "gender": "male"}, "canonicalUrl": "https://foursquare.com/item/51937aa0498e57eaf475f76b", "todo": {"count": 0}, "disagreeCount": 0}, {"logView": true, "lang": "en", "createdAt": 1366784183, "agreeCount": 1, "likes": {"groups": [{"items": [{"gender": "male", "id": "30599435", "photo": {"prefix": "https://igx.4sqi.net/img/user/", "suffix": "/30599435_VFGwCGkP_KJZtGNkxWuKAloSRzZmkVQ0zaQ22sfzp1GTiHcwkgOeD8Kpzn2YsIzNIAYO3mggB.jpg"}, "firstName": "Jonathan", "lastName": "Lim"}], "count": 1, "type": "others"}], "summary": "1 like", "count": 1}, "id": "517778b7e4b04e802808a011", "text": "Wantan mee: Possibly top 5 in Singapore (fave still Lavender FC). Noodle was q. Char siew slices were thick & generous. I could taste water chestnut bits in my wantans. Nice touch!", "type": "user", "user": {"gender": "male", "id": "231366", "photo": {"prefix": "https://igx.4sqi.net/img/user/", "suffix": "/231366-Q2ZSAEF50GYUXPDA.jpg"}, "firstName": "Cheen", "lastName": "The Curious"}, "canonicalUrl": "https://foursquare.com/item/517778b7e4b04e802808a011", "todo": {"count": 0}, "disagreeCount": 0}, {"logView": true, "lang": "en", "createdAt": 1293598411, "agreeCount": 1, "likes": {"groups": [{"items": [{"gender": "male", "id": "1339539", "photo": {"prefix": "https://igx.4sqi.net/img/user/", "suffix": "/1339539-AIRJPNFKHLZSMUDJ.jpg"}, "firstName": "Ian", "lastName": "Thomtori"}], "count": 2, "type": "others"}], "summary": "2 likes", "count": 2}, "id": "4d1abecbeab1224b66decce2", "text": "Focus on the Char Siew and roasted meats", "type": "user", "user": {"gender": "male", "id": "5339644", "photo": {"prefix": "https://igx.4sqi.net/img/user/", "suffix": "/2KDOEZAJY5ADTKOC.jpg"}, "firstName": "Ivan", "lastName": "Tan"}, "canonicalUrl": "https://foursquare.com/item/4d1abecbeab1224b66decce2", "todo": {"count": 0}, "disagreeCount": 0}, {"logView": true, "lang": "en", "createdAt": 1289232669, "agreeCount": 0, "likes": {"groups": [], "count": 0}, "id": "4cd8211da99d3704e2a703ce", "text": "They don't serve hot drinks during peak hours, head to tong ah for drinks instead.", "type": "user", "user": {"gender": "female", "id": "1492424", "photo": {"prefix": "https://igx.4sqi.net/img/user/", "suffix": "/UN2TNCY0UC3OKME5.jpg"}, "firstName": "Eileen", "lastName": "Tan"}, "canonicalUrl": "https://foursquare.com/item/4cd8211da99d3704e2a703ce", "todo": {"count": 1}, "disagreeCount": 0}, {"logView": true, "lang": "en", "createdAt": 1380342585, "agreeCount": 1, "likes": {"groups": [{"items": [{"gender": "male", "id": "1339539", "photo": {"prefix": "https://igx.4sqi.net/img/user/", "suffix": "/1339539-AIRJPNFKHLZSMUDJ.jpg"}, "firstName": "Ian", "lastName": "Thomtori"}], "count": 1, "type": "others"}], "summary": "1 like", "count": 1}, "id": "52465b3911d251c62d1d1e31", "text": "Wawawa realy dam nice , e char siew, bbq pork and roasted duck yummy yummy .. Frist time here , wanton mee oso nice ..", "type": "user", "user": {"gender": "female", "id": "49021109", "photo": {"prefix": "https://igx.4sqi.net/img/user/", "suffix": "/49021109-KAWSBS3IWSCOSSGX.jpg"}, "firstName": "Jenny", "lastName": "Toh"}, "canonicalUrl": "https://foursquare.com/item/52465b3911d251c62d1d1e31", "todo": {"count": 0}, "disagreeCount": 0}, {"authorInteractionType": "liked", "logView": true, "lang": "en", "createdAt": 1490245846, "agreeCount": 0, "likes": {"groups": [], "count": 0}, "id": "58d358d691936a307527f69a", "text": "Nice Roasted Duck and Char Siew. Prepare to wait during lunch hour.", "type": "user", "user": {"gender": "male", "id": "1379061", "photo": {"prefix": "https://igx.4sqi.net/img/user/", "suffix": "/1379061-FI44Y2A1SJQ42ZAW.jpg"}, "firstName": "Woo", "lastName": "Kwunsan"}, "canonicalUrl": "https://foursquare.com/item/58d358d691936a307527f69a", "todo": {"count": 0}, "disagreeCount": 0}, {"authorInteractionType": "liked", "logView": true, "lang": "en", "createdAt": 1488841640, "agreeCount": 0, "likes": {"groups": [], "count": 0}, "id": "58bdeba8ac32910c56f08288", "text": "Very popular at lunch. Best to come early or after 230pm.", "type": "user", "user": {"id": "116014624", "photo": {"prefix": "https://igx.4sqi.net/img/user/", "suffix": "/116014624-QBSW0JVBTA3PDD3V"}, "firstName": "singapore butler", "gender": "female"}, "canonicalUrl": "https://foursquare.com/item/58bdeba8ac32910c56f08288", "todo": {"count": 0}, "disagreeCount": 0}, {"logView": true, "lang": "en", "createdAt": 1300074732, "agreeCount": 1, "likes": {"groups": [{"items": [{"gender": "male", "id": "1339539", "photo": {"prefix": "https://igx.4sqi.net/img/user/", "suffix": "/1339539-AIRJPNFKHLZSMUDJ.jpg"}, "firstName": "Ian", "lastName": "Thomtori"}], "count": 1, "type": "others"}], "summary": "1 like", "count": 1}, "id": "4d7d90eccd09224b96403b30", "text": "Try the dumplings soup. 10 pieces for $3. Nice.", "type": "user", "user": {"gender": "male", "id": "675522", "photo": {"prefix": "https://igx.4sqi.net/img/user/", "suffix": "/PRXOP5LZSJAELY1Q.jpg"}, "firstName": "Jieqin", "lastName": "Tay"}, "canonicalUrl": "https://foursquare.com/item/4d7d90eccd09224b96403b30", "todo": {"count": 0}, "disagreeCount": 0}, {"logView": true, "lang": "en", "createdAt": 1335157819, "agreeCount": 1, "likes": {"groups": [{"items": [{"gender": "male", "id": "1339539", "photo": {"prefix": "https://igx.4sqi.net/img/user/", "suffix": "/1339539-AIRJPNFKHLZSMUDJ.jpg"}, "firstName": "Ian", "lastName": "Thomtori"}], "count": 1, "type": "others"}], "summary": "1 like", "count": 1}, "id": "4f94e43be4b0aed820a94fc9", "text": "Roast pork is ok but the chat Siew is good.", "type": "user", "user": {"gender": "male", "id": "3406893", "photo": {"prefix": "https://igx.4sqi.net/img/user/", "suffix": "/KPH53ROXTK0R0YVM.jpg"}, "firstName": "Stanley", "lastName": "Tay"}, "canonicalUrl": "https://foursquare.com/item/4f94e43be4b0aed820a94fc9", "todo": {"count": 0}, "disagreeCount": 0}, {"logView": true, "lang": "en", "createdAt": 1345785635, "agreeCount": 1, "likes": {"groups": [{"items": [{"gender": "male", "id": "1339539", "photo": {"prefix": "https://igx.4sqi.net/img/user/", "suffix": "/1339539-AIRJPNFKHLZSMUDJ.jpg"}, "firstName": "Ian", "lastName": "Thomtori"}], "count": 1, "type": "others"}], "summary": "1 like", "count": 1}, "id": "50370f23e4b0fc42f6988daf", "text": "Peak hours: Weekday lunchtime. Expect to wait 15-30 mins before ur order is served. And when they r busy, drinks r self service (grab a cup, fill w ice, choose ur can drink)", "type": "user", "user": {"gender": "male", "id": "231366", "photo": {"prefix": "https://igx.4sqi.net/img/user/", "suffix": "/231366-Q2ZSAEF50GYUXPDA.jpg"}, "firstName": "Cheen", "lastName": "The Curious"}, "canonicalUrl": "https://foursquare.com/item/50370f23e4b0fc42f6988daf", "todo": {"count": 0}, "disagreeCount": 0}, {"logView": true, "lang": "en", "createdAt": 1339325779, "agreeCount": 0, "likes": {"groups": [], "count": 0}, "id": "4fd47d53e4b02c7fc46d71ac", "text": "Goooooooooo", "type": "user", "user": {"gender": "male", "id": "25582059", "photo": {"prefix": "https://igx.4sqi.net/img/user/", "suffix": "/25582059-BXR2UKZXXSUZSNOX.jpg"}, "firstName": "\u2605kiss the city\u2605\u592a\u5b50\u2605", "lastName": "\u2605\u98ce\u4e91\u2605BLUE SKY\u2605"}, "canonicalUrl": "https://foursquare.com/item/4fd47d53e4b02c7fc46d71ac", "todo": {"count": 0}, "disagreeCount": 0}, {"logView": true, "lang": "en", "createdAt": 1402465631, "agreeCount": 0, "likes": {"groups": [], "count": 0}, "id": "5397ed5f498e7d7991e83bdd", "text": "Food is good but gotta wait. I waited around 30mins sometimes.", "type": "user", "user": {"gender": "male", "id": "3389136", "photo": {"prefix": "https://igx.4sqi.net/img/user/", "suffix": "/50IAKO43UAFWN0Y2.jpg"}, "firstName": "MOTLEY", "lastName": "GUNS"}, "canonicalUrl": "https://foursquare.com/item/5397ed5f498e7d7991e83bdd", "todo": {"count": 0}, "disagreeCount": 0}, {"authorInteractionType": "meh", "logView": true, "lang": "en", "photo": {"id": "556c74eb498e3aa5c92acf79", "visibility": "public", "source": {"name": "Swarm for Android", "url": "https://www.swarmapp.com"}, "suffix": "/2416267_oJDGLF4vtFURfeFUnSIvFYriO5oPefU1gvwFUxu28Eg.jpg", "createdAt": 1433171179, "prefix": "https://igx.4sqi.net/img/general/", "width": 960, "height": 960}, "createdAt": 1433171179, "todo": {"count": 0}, "agreeCount": 0, "likes": {"groups": [], "count": 0}, "id": "556c74eb498e3aa5c92acf7a", "text": "Waiting time during lunchtime was 40 mins. Sorry but I don't see the hype.", "disagreeCount": 0, "user": {"id": "2416267", "photo": {"prefix": "https://igx.4sqi.net/img/user/", "suffix": "/2416267_KucjsQEM_ScdU_2QSQAUHuzKmBVwkJjI1N_g1HGztwHiU1HR99IuZBaOJaUm2PG-HS1b9ZtFJ.jpg"}, "firstName": "Songhua", "gender": "male"}, "canonicalUrl": "https://foursquare.com/item/556c74eb498e3aa5c92acf7a", "type": "user", "photourl": "https://igx.4sqi.net/img/general/original/2416267_oJDGLF4vtFURfeFUnSIvFYriO5oPefU1gvwFUxu28Eg.jpg"}, {"logView": true, "lang": "en", "createdAt": 1407125542, "agreeCount": 1, "likes": {"groups": [], "count": 0}, "id": "53df0826498eb6b9dc2558df", "text": "They opened only whenever they are ready, even it's already 12:30. Snaking queue but people still waiting patiently..", "type": "user", "user": {"gender": "male", "id": "2801015", "photo": {"prefix": "https://igx.4sqi.net/img/user/", "suffix": "/2801015-5VJCZLBHIGX0ALBY.jpg"}, "firstName": "Irvan", "lastName": "Tan"}, "canonicalUrl": "https://foursquare.com/item/53df0826498eb6b9dc2558df", "todo": {"count": 0}, "disagreeCount": 0}, {"authorInteractionType": "liked", "logView": true, "lang": "en", "photo": {"id": "567fbc51498e977a9eb8a346", "visibility": "public", "source": {"name": "Foursquare for iOS", "url": "https://foursquare.com/download/#/iphone"}, "suffix": "/2665424_IFOKJW0MCCINwURHyCs_zKnS87xva1269pzOhBOKz8I.jpg", "createdAt": 1451211857, "prefix": "https://igx.4sqi.net/img/general/", "width": 1920, "height": 1440}, "createdAt": 1451211853, "todo": {"count": 0}, "agreeCount": 1, "likes": {"groups": [{"items": [], "count": 1, "type": "others"}], "summary": "1 like", "count": 1}, "id": "567fbc4d498ece3540d78901", "text": "Love the roasted meat here but service wise, don't expect much. The lady taking orders looks so grouchy and fierce like a disciplinary mistress.", "disagreeCount": 0, "user": {"gender": "female", "id": "2665424", "photo": {"prefix": "https://igx.4sqi.net/img/user/", "suffix": "/2665424-GCEK00JIAINGA1B5.jpg"}, "firstName": "Clarina", "lastName": "Seetho"}, "canonicalUrl": "https://foursquare.com/item/567fbc4d498ece3540d78901", "type": "user", "photourl": "https://igx.4sqi.net/img/general/original/2665424_IFOKJW0MCCINwURHyCs_zKnS87xva1269pzOhBOKz8I.jpg"}, {"authorInteractionType": "liked", "logView": true, "lang": "en", "createdAt": 1453260847, "agreeCount": 0, "likes": {"groups": [], "count": 0}, "id": "569f002f498ed0db65c26764", "text": "Some darn good roast pork and duck. Always hits the spot for me.", "type": "user", "user": {"gender": "female", "id": "2277088", "photo": {"prefix": "https://igx.4sqi.net/img/user/", "suffix": "/2277088-DLG10SYXUDAEAE33.jpg"}, "firstName": "Celine", "lastName": "A"}, "canonicalUrl": "https://foursquare.com/item/569f002f498ed0db65c26764", "todo": {"count": 0}, "disagreeCount": 0}, {"logView": true, "lang": "zh", "createdAt": 1314940853, "agreeCount": 1, "likes": {"groups": [{"items": [{"gender": "male", "id": "1339539", "photo": {"prefix": "https://igx.4sqi.net/img/user/", "suffix": "/1339539-AIRJPNFKHLZSMUDJ.jpg"}, "firstName": "Ian", "lastName": "Thomtori"}], "count": 2, "type": "others"}], "summary": "2 likes", "count": 2}, "id": "4e6067b5483bd9a9736fb6b7", "text": "Roast meat, char siew and \u6cb9\u9e21\u9762 are tops!", "type": "user", "user": {"gender": "female", "id": "6715294", "photo": {"prefix": "https://igx.4sqi.net/img/user/", "suffix": "/TZHEOFBR3YV2EDYM.jpg"}, "firstName": "Pei Ling", "lastName": "Lee"}, "canonicalUrl": "https://foursquare.com/item/4e6067b5483bd9a9736fb6b7", "todo": {"count": 0}, "disagreeCount": 0}, {"logView": true, "lang": "en", "createdAt": 1338621244, "agreeCount": 1, "likes": {"groups": [{"items": [{"gender": "male", "id": "1339539", "photo": {"prefix": "https://igx.4sqi.net/img/user/", "suffix": "/1339539-AIRJPNFKHLZSMUDJ.jpg"}, "firstName": "Ian", "lastName": "Thomtori"}], "count": 1, "type": "others"}], "summary": "1 like", "count": 1}, "id": "4fc9bd3ce4b0ddddfbdc5b49", "text": "One of the best roasted meat...", "type": "user", "user": {"id": "4966591", "photo": {"prefix": "https://igx.4sqi.net/img/user/", "suffix": "/VQDHXPUIVEBOFDRT.jpg"}, "firstName": "Ken", "gender": "male"}, "canonicalUrl": "https://foursquare.com/item/4fc9bd3ce4b0ddddfbdc5b49", "todo": {"count": 0}, "disagreeCount": 0}, {"logView": true, "lang": "en", "createdAt": 1276005042, "agreeCount": 1, "likes": {"groups": [{"items": [{"gender": "male", "id": "1339539", "photo": {"prefix": "https://igx.4sqi.net/img/user/", "suffix": "/1339539-AIRJPNFKHLZSMUDJ.jpg"}, "firstName": "Ian", "lastName": "Thomtori"}], "count": 1, "type": "others"}], "summary": "1 like", "count": 1}, "id": "4c0e4ab2b1b676b008c8e186", "text": "I love foong kee. Everything and anything! They're closed in sundays..", "type": "user", "user": {"id": "1473860", "photo": {"prefix": "https://igx.4sqi.net/img/user/", "suffix": "/BS0WV20FWMGDYIWP.jpg"}, "firstName": "Sandora", "gender": "female"}, "canonicalUrl": "https://foursquare.com/item/4c0e4ab2b1b676b008c8e186", "todo": {"count": 0}, "disagreeCount": 0}, {"logView": true, "lang": "en", "photo": {"id": "564b1a22498e97d529c466c8", "visibility": "public", "source": {"name": "Foursquare for iOS", "url": "https://foursquare.com/download/#/iphone"}, "suffix": "/60942_su5XL9ELyFu3-E5ohB9bBef0JYFHxbHeCvyE4nvNDks.jpg", "createdAt": 1447762466, "prefix": "https://igx.4sqi.net/img/general/", "width": 1439, "height": 1920}, "createdAt": 1447762464, "todo": {"count": 0}, "agreeCount": 0, "likes": {"groups": [], "count": 0}, "id": "564b1a20498ede5d4d6f9da8", "text": "Totally legit", "disagreeCount": 0, "user": {"gender": "male", "id": "60942", "photo": {"prefix": "https://igx.4sqi.net/img/user/", "suffix": "/60942-L0ZBTUWI1XIUJ1N1.jpg"}, "firstName": "Steven", "lastName": "Doyle"}, "canonicalUrl": "https://foursquare.com/item/564b1a20498ede5d4d6f9da8", "type": "user", "photourl": "https://igx.4sqi.net/img/general/original/60942_su5XL9ELyFu3-E5ohB9bBef0JYFHxbHeCvyE4nvNDks.jpg"}, {"authorInteractionType": "liked", "logView": true, "lang": "en", "createdAt": 1283222739, "todo": {"count": 0}, "agreeCount": 1, "likes": {"groups": [], "count": 0}, "lastVoteText": "Upvoted 3 weeks ago", "id": "4c7c6cd383a7bfb72fe593f8", "text": "Cha Siew Wanton Mee of course!", "disagreeCount": 0, "lastUpvoteTimestamp": 1496915424, "user": {"gender": "male", "id": "170624", "photo": {"prefix": "https://igx.4sqi.net/img/user/", "suffix": "/4SQ4G5WHXNVTGXVB.jpg"}, "firstName": "Daniel", "lastName": "Chong"}, "canonicalUrl": "https://foursquare.com/item/4c7c6cd383a7bfb72fe593f8", "type": "user"}], "count": 43}}}