{"meta": {"code": 200, "requestId": "595a47de1ed21919f9fc76c8"}, "response": {"tips": {"items": [{"logView": true, "lang": "en", "createdAt": 1298258254, "agreeCount": 0, "likes": {"groups": [], "count": 0}, "id": "4d61d94e5b276dcb1caf28c6", "text": "The mutton cube is nice but everything is quite expensive", "type": "user", "user": {"gender": "male", "id": "5246355", "photo": {"prefix": "https://igx.4sqi.net/img/user/", "suffix": "/K0AWCX1NHOO5BVW3.jpg"}, "firstName": "Qingfa", "lastName": "Benjamin"}, "canonicalUrl": "https://foursquare.com/item/4d61d94e5b276dcb1caf28c6", "todo": {"count": 0}, "disagreeCount": 0}, {"logView": true, "lang": "en", "createdAt": 1297700031, "agreeCount": 0, "likes": {"groups": [], "count": 0}, "id": "4d5954bfe092a35d66e6fe0b", "text": "Bad Service. Curry not nice n Maggie goreng no color. Will not come unless no food during late night", "type": "user", "user": {"gender": "female", "id": "5634793", "photo": {"prefix": "https://igx.4sqi.net/img/user/", "suffix": "/GOLRH14BYAFSH2AF.jpg"}, "firstName": "Liilii", "lastName": "Yap"}, "canonicalUrl": "https://foursquare.com/item/4d5954bfe092a35d66e6fe0b", "todo": {"count": 0}, "disagreeCount": 0}, {"logView": true, "lang": "en", "createdAt": 1332669413, "agreeCount": 0, "likes": {"groups": [], "count": 0}, "id": "4f6eebe5e4b06892a0e62924", "text": "They specialise in dum briyanis. Try em' :))", "type": "user", "user": {"gender": "female", "id": "22522817", "photo": {"prefix": "https://igx.4sqi.net/img/user/", "suffix": "/0ZWSWKBFL0N1CUVA.jpg"}, "firstName": "Laavanya", "lastName": "Nair"}, "canonicalUrl": "https://foursquare.com/item/4f6eebe5e4b06892a0e62924", "todo": {"count": 0}, "disagreeCount": 0}, {"logView": true, "lang": "en", "createdAt": 1324010958, "agreeCount": 0, "likes": {"groups": [], "count": 0}, "id": "4eeacdce77c8730d38343113", "text": "GET THE CHEESE MUSHROOM(:", "type": "user", "user": {"gender": "female", "id": "9113792", "photo": {"prefix": "https://igx.4sqi.net/img/user/", "suffix": "/WFRLJC2UXQ24LC4P.jpg"}, "firstName": "Lee", "lastName": "Adeline"}, "canonicalUrl": "https://foursquare.com/item/4eeacdce77c8730d38343113", "todo": {"count": 0}, "disagreeCount": 0}, {"logView": true, "lang": "en", "createdAt": 1404257272, "agreeCount": 0, "likes": {"groups": [], "count": 0}, "id": "53b343f8498e093c83cd3842", "text": "It's 24 hours. It's clean and the food is alright. Happens when you can't sleep while in Sg.", "type": "user", "user": {"gender": "male", "id": "89257456", "photo": {"prefix": "https://igx.4sqi.net/img/user/", "suffix": "/-NXSFNSHSQN0PE2N1.png"}, "firstName": "Fawsal", "lastName": "Salleh"}, "canonicalUrl": "https://foursquare.com/item/53b343f8498e093c83cd3842", "todo": {"count": 0}, "disagreeCount": 0}, {"authorInteractionType": "liked", "logView": true, "lang": "en", "createdAt": 1458321320, "agreeCount": 0, "likes": {"groups": [], "count": 0}, "id": "56ec37a8498e6146afff04d0", "text": "Praaaataaaaaa", "type": "user", "user": {"gender": "male", "id": "35933883", "photo": {"prefix": "https://igx.4sqi.net/img/user/", "suffix": "/RHT5SVUE0AGF14T3.jpg"}, "firstName": "Nastassia", "lastName": "Ng"}, "canonicalUrl": "https://foursquare.com/item/56ec37a8498e6146afff04d0", "todo": {"count": 0}, "disagreeCount": 0}, {"authorInteractionType": "liked", "logView": true, "lang": "en", "createdAt": 1421733423, "agreeCount": 0, "likes": {"groups": [], "count": 0}, "id": "54bdee2f498ec3f6767162b1", "text": "The onion roti is awesome!", "type": "user", "user": {"gender": "male", "id": "6544693", "photo": {"prefix": "https://igx.4sqi.net/img/user/", "suffix": "/LAICEMQS0KLJRKOH.jpg"}, "firstName": "Eamon", "lastName": "F"}, "canonicalUrl": "https://foursquare.com/item/54bdee2f498ec3f6767162b1", "todo": {"count": 0}, "disagreeCount": 0}, {"authorInteractionType": "disliked", "logView": true, "lang": "en", "createdAt": 1427450132, "agreeCount": 0, "likes": {"groups": [], "count": 0}, "id": "55152914498e80e518b82862", "text": "Vegetarians beware!!! SOS! This place offers \"vegetarian\" dishes which are actually not vegetarian. First times there the food caused me heartburns, last time I found animal parts in \"vegetarian\" Dahl", "type": "user", "user": {"gender": "male", "id": "122110302", "photo": {"prefix": "https://igx.4sqi.net/img/user/", "suffix": "/122110302-TDP3EIP5F2AJ1CLT.jpg"}, "firstName": "Isidro", "lastName": "Anivdelarev"}, "canonicalUrl": "https://foursquare.com/item/55152914498e80e518b82862", "todo": {"count": 0}, "disagreeCount": 0}, {"authorInteractionType": "meh", "logView": true, "lang": "en", "createdAt": 1416752600, "agreeCount": 0, "likes": {"groups": [], "count": 0}, "id": "5471edd8498e02332c82d2ad", "text": "Prata are good, I like the cheese mushrooms 2,5$ as well try the plain dosai with dhal and chutney for just 1.7$", "type": "user", "user": {"gender": "female", "id": "25551149", "photo": {"prefix": "https://igx.4sqi.net/img/user/", "suffix": "/25551149-UVMTRSUWHRBVAJ0F.jpg"}, "firstName": "Martina", "lastName": "Maitan"}, "canonicalUrl": "https://foursquare.com/item/5471edd8498e02332c82d2ad", "todo": {"count": 0}, "disagreeCount": 0}, {"authorInteractionType": "liked", "logView": true, "lang": "en", "createdAt": 1428726385, "agreeCount": 0, "likes": {"groups": [], "count": 0}, "id": "5528a271498e0073827a4e3a", "text": "Have the Italian Prata here.", "type": "user", "user": {"gender": "male", "id": "2754704", "photo": {"prefix": "https://igx.4sqi.net/img/user/", "default": true, "suffix": "/blank_boy.png"}, "firstName": "Lincoln", "lastName": "Gu"}, "canonicalUrl": "https://foursquare.com/item/5528a271498e0073827a4e3a", "todo": {"count": 0}, "disagreeCount": 0}, {"logView": true, "lang": "en", "createdAt": 1285429684, "agreeCount": 0, "likes": {"groups": [], "count": 0}, "id": "4c9e19b446978cfa43f69d7f", "text": "The mutton keema Thosai and plain prata is so-so, the gravy comes with plain prata is ok only :p", "type": "user", "user": {"gender": "female", "id": "1443656", "photo": {"prefix": "https://igx.4sqi.net/img/user/", "suffix": "/VICBJIVQ3C50ZTB4.jpg"}, "firstName": "Christina", "lastName": "C.H."}, "canonicalUrl": "https://foursquare.com/item/4c9e19b446978cfa43f69d7f", "todo": {"count": 0}, "disagreeCount": 0}, {"logView": true, "lang": "en", "createdAt": 1294757677, "agreeCount": 1, "likes": {"groups": [{"items": [{"gender": "none", "id": "43277889", "photo": {"prefix": "https://igx.4sqi.net/img/user/", "suffix": "/43277889-NFGJKMFMNQYQ1AFF.jpg"}, "firstName": "Shan", "lastName": "Osorio"}], "count": 1, "type": "others"}], "summary": "1 like", "count": 1}, "id": "4d2c6f2d849f370476de9a41", "text": "The Chicken Chop is pretty Delish!", "type": "user", "user": {"id": "1237078", "photo": {"prefix": "https://igx.4sqi.net/img/user/", "suffix": "/P1PYT3GOTKX0ZZNF.jpg"}, "firstName": "*s", "gender": "female"}, "canonicalUrl": "https://foursquare.com/item/4d2c6f2d849f370476de9a41", "todo": {"count": 0}, "disagreeCount": 0}, {"logView": true, "lang": "en", "createdAt": 1390725763, "agreeCount": 0, "likes": {"groups": [], "count": 0}, "id": "52e4ca83498ede63f282f7ad", "text": "maggie prata", "type": "user", "user": {"gender": "male", "id": "4264270", "photo": {"prefix": "https://igx.4sqi.net/img/user/", "suffix": "/XNWJW3YXT5EQMOUG.jpg"}, "firstName": "Hariz", "lastName": "Archibald"}, "canonicalUrl": "https://foursquare.com/item/52e4ca83498ede63f282f7ad", "todo": {"count": 0}, "disagreeCount": 0}, {"logView": true, "lang": "en", "createdAt": 1353924524, "agreeCount": 0, "likes": {"groups": [], "count": 0}, "id": "50b33face4b0428a115ac3d5", "text": "Chicken roti john not nice. booo", "type": "user", "user": {"gender": "male", "id": "2802461", "photo": {"prefix": "https://igx.4sqi.net/img/user/", "suffix": "/SXH525FK1YGJ1R1Z.jpg"}, "firstName": "Sofian", "lastName": "Wahid"}, "canonicalUrl": "https://foursquare.com/item/50b33face4b0428a115ac3d5", "todo": {"count": 0}, "disagreeCount": 0}, {"authorInteractionType": "disliked", "logView": true, "lang": "en", "createdAt": 1434173028, "agreeCount": 0, "likes": {"groups": [], "count": 0}, "id": "557bbe64498ea4dfad2a24b6", "text": "Terrible. dum biryani is very dry. Only two pieces of meat. Had to add extra mutton. Was another two tiny pieces for $4. Also had murtabak- not good either. The place is fine if you only get drinks.", "type": "user", "user": {"gender": "male", "id": "52803701", "photo": {"prefix": "https://igx.4sqi.net/img/user/", "suffix": "/WQQQHXFNEPMG0T3B.jpg"}, "firstName": "Tim", "lastName": "Misir"}, "canonicalUrl": "https://foursquare.com/item/557bbe64498ea4dfad2a24b6", "todo": {"count": 0}, "disagreeCount": 0}, {"logView": true, "lang": "en", "createdAt": 1331977163, "agreeCount": 0, "likes": {"groups": [], "count": 0}, "id": "4f645bcbe4b098610abcac1b", "text": "Nice prata", "type": "user", "user": {"gender": "male", "id": "5016452", "photo": {"prefix": "https://igx.4sqi.net/img/user/", "suffix": "/HE0BJFOSH3LPAQ0Y.jpg"}, "firstName": "Danson", "lastName": "Wen"}, "canonicalUrl": "https://foursquare.com/item/4f645bcbe4b098610abcac1b", "todo": {"count": 0}, "disagreeCount": 0}, {"logView": true, "lang": "en", "createdAt": 1288947163, "agreeCount": 0, "likes": {"groups": [], "count": 0}, "id": "4cd3c5dbecc3a093df1e9c93", "text": "I like the teh-cino. Yums.", "type": "user", "user": {"id": "285363", "photo": {"prefix": "https://igx.4sqi.net/img/user/", "suffix": "/V0NEXMWZDRUMZH1F.jpg"}, "firstName": "Leesh", "gender": "male"}, "canonicalUrl": "https://foursquare.com/item/4cd3c5dbecc3a093df1e9c93", "todo": {"count": 0}, "disagreeCount": 0}, {"logView": true, "lang": "en", "createdAt": 1293013914, "agreeCount": 0, "likes": {"groups": [], "count": 0}, "id": "4d11d39a437c236a6ba5917d", "text": "Must try prata boom! Nicely sweet & buttery.", "type": "user", "user": {"gender": "female", "id": "3169944", "photo": {"prefix": "https://igx.4sqi.net/img/user/", "suffix": "/IVWXIBMRHIKPJ13D.jpg"}, "firstName": "Nur Zahirah", "lastName": "Syed Hamid"}, "canonicalUrl": "https://foursquare.com/item/4d11d39a437c236a6ba5917d", "todo": {"count": 1}, "disagreeCount": 0}, {"logView": true, "lang": "en", "createdAt": 1287318481, "agreeCount": 3, "likes": {"groups": [{"items": [{"gender": "male", "id": "122110302", "photo": {"prefix": "https://igx.4sqi.net/img/user/", "suffix": "/122110302-TDP3EIP5F2AJ1CLT.jpg"}, "firstName": "Isidro", "lastName": "Anivdelarev"}, {"gender": "male", "id": "727975", "photo": {"prefix": "https://igx.4sqi.net/img/user/", "suffix": "/AYUY1YSHJ2CA2OWS.jpg"}, "firstName": "Scott", "lastName": "Bales"}, {"gender": "female", "id": "83121470", "photo": {"prefix": "https://igx.4sqi.net/img/user/", "suffix": "/83121470-PJXNLDA2TXWJSWSR.jpg"}, "firstName": "Nanz", "lastName": "Twig"}], "count": 3, "type": "others"}], "summary": "3 likes", "count": 3}, "id": "4cbaebd14495721e42c8527a", "text": "Fantastic dum mutton briyani, closest you can get to the briyanis in india.", "type": "user", "user": {"gender": "male", "id": "747084", "photo": {"prefix": "https://igx.4sqi.net/img/user/", "suffix": "/1020LU2SAK0ZMLON.jpg"}, "firstName": "Jamshed", "lastName": "Wadia"}, "canonicalUrl": "https://foursquare.com/item/4cbaebd14495721e42c8527a", "todo": {"count": 0}, "disagreeCount": 0}, {"authorInteractionType": "liked", "logView": true, "lang": "en", "createdAt": 1478930072, "agreeCount": 0, "likes": {"groups": [], "count": 0}, "id": "5826ae98a92e7409e71eb97c", "text": "Surprised! The Roti John is not oily at all. Love it \ud83d\udc4d", "type": "user", "user": {"gender": "male", "id": "6965617", "photo": {"prefix": "https://igx.4sqi.net/img/user/", "suffix": "/WZFQZSFRV51AI5H3.png"}, "firstName": "Chin", "lastName": "Cw"}, "canonicalUrl": "https://foursquare.com/item/5826ae98a92e7409e71eb97c", "todo": {"count": 0}, "disagreeCount": 0}, {"logView": true, "lang": "en", "createdAt": 1293725596, "agreeCount": 0, "likes": {"groups": [{"items": [], "count": 1, "type": "others"}], "summary": "1 like", "count": 1}, "id": "4d1caf9cc17ff04d03b2c841", "text": "nak parking susah", "type": "user", "user": {"id": "4162373", "photo": {"prefix": "https://igx.4sqi.net/img/user/", "suffix": "/O0RZFROIQHXQ2OMT.jpg"}, "firstName": "watz", "gender": "female"}, "canonicalUrl": "https://foursquare.com/item/4d1caf9cc17ff04d03b2c841", "todo": {"count": 0}, "disagreeCount": 0}, {"authorInteractionType": "meh", "logView": true, "lang": "en", "createdAt": 1346763721, "agreeCount": 8, "likes": {"groups": [{"items": [{"gender": "male", "id": "21056729", "photo": {"prefix": "https://igx.4sqi.net/img/user/", "suffix": "/KMQLIWAYOF3IFDFO.jpg"}, "firstName": "Anukool", "lastName": "Tan"}, {"gender": "male", "id": "48764472", "photo": {"prefix": "https://igx.4sqi.net/img/user/", "suffix": "/48764472-EMKQ4OV3N3JFMDN3.jpg"}, "firstName": "Monoceros", "lastName": "Kang"}, {"gender": "male", "id": "37105191", "photo": {"prefix": "https://igx.4sqi.net/img/user/", "suffix": "/37105191-VMWTXJ4ED31JS2LD.jpg"}, "firstName": "Syazwan", "lastName": "Jailani"}, {"gender": "male", "id": "31860573", "photo": {"prefix": "https://igx.4sqi.net/img/user/", "suffix": "/31860573_xj5tRlgf_CHg5GJoF-6TGmBDtz2xW5STnVEUoqcNH00eNWuv42GKul8eSMFvhn4Lke1N1SCut.jpg"}, "firstName": "Kamaruddin", "lastName": "Mamu"}], "count": 8, "type": "others"}], "summary": "8 likes", "count": 8}, "id": "5045fbc9e4b0930467a27202", "text": "Students from EvansLodge got 10% dicsount on weekdays! \u30fe(\uff20\u2312\u30fc\u2312\uff20)\u30ce", "type": "user", "user": {"gender": "female", "id": "5055804", "photo": {"prefix": "https://igx.4sqi.net/img/user/", "suffix": "/5055804-GHAPIQP13TH25H5Q.jpg"}, "firstName": "Suzie", "lastName": "Jiang"}, "canonicalUrl": "https://foursquare.com/item/5045fbc9e4b0930467a27202", "todo": {"count": 0}, "disagreeCount": 0}, {"logView": true, "lang": "en", "createdAt": 1306558822, "agreeCount": 0, "likes": {"groups": [{"items": [], "count": 1, "type": "others"}], "summary": "1 like", "count": 1}, "id": "4de0816645dd3eae8770f4db", "text": "Nothing can beat Jalan Kayu's. Service ain't good either.", "type": "user", "user": {"gender": "male", "id": "3513967", "photo": {"prefix": "https://igx.4sqi.net/img/user/", "suffix": "/KXY4VJEXGRZZ5KET.jpg"}, "firstName": "Ong", "lastName": "Sai Keet"}, "canonicalUrl": "https://foursquare.com/item/4de0816645dd3eae8770f4db", "todo": {"count": 0}, "disagreeCount": 0}, {"logView": true, "lang": "en", "createdAt": 1286168331, "agreeCount": 0, "likes": {"groups": [{"items": [], "count": 1, "type": "others"}], "summary": "1 like", "count": 1}, "id": "4ca95f0b14c3370442b3dd3b", "text": "Service slows to a crawl during lunch..be patient.", "type": "user", "user": {"gender": "male", "id": "2438899", "photo": {"prefix": "https://igx.4sqi.net/img/user/", "suffix": "/0WXZTBRYYEKPN2T2.jpg"}, "firstName": "Khairul", "lastName": "Nizam"}, "canonicalUrl": "https://foursquare.com/item/4ca95f0b14c3370442b3dd3b", "todo": {"count": 1}, "disagreeCount": 0}, {"logView": true, "lang": "en", "createdAt": 1285429534, "agreeCount": 0, "likes": {"groups": [], "count": 0}, "id": "4c9e191e2fb1a1434fc4e640", "text": "The Mutton Briyani is Good!! :) tasty & portion just nice.. Gravy/mutton were separated from the rice but put together in a plate.", "type": "user", "user": {"gender": "female", "id": "1443656", "photo": {"prefix": "https://igx.4sqi.net/img/user/", "suffix": "/VICBJIVQ3C50ZTB4.jpg"}, "firstName": "Christina", "lastName": "C.H."}, "canonicalUrl": "https://foursquare.com/item/4c9e191e2fb1a1434fc4e640", "todo": {"count": 0}, "disagreeCount": 0}, {"logView": true, "lang": "en", "createdAt": 1331880161, "agreeCount": 0, "likes": {"groups": [], "count": 0}, "id": "4f62e0e1e4b0ea77cc00fb69", "text": "I always hv mutton curry some dhal on plain rice.", "type": "user", "user": {"gender": "female", "id": "23928103", "photo": {"prefix": "https://igx.4sqi.net/img/user/", "suffix": "/QG5NSGKA3MAYEKR2.jpg"}, "firstName": "Ann", "lastName": "SancheZ"}, "canonicalUrl": "https://foursquare.com/item/4f62e0e1e4b0ea77cc00fb69", "todo": {"count": 0}, "disagreeCount": 0}, {"authorInteractionType": "liked", "logView": true, "lang": "en", "createdAt": 1458351466, "agreeCount": 0, "likes": {"groups": [], "count": 0}, "id": "56ecad6acd106126000210ee", "text": "prata is not bad. not oily. curry not nice.", "type": "user", "user": {"gender": "male", "id": "1697970", "photo": {"prefix": "https://igx.4sqi.net/img/user/", "suffix": "/1697970-QGMMHJOVPRONUAPQ"}, "firstName": "Alex", "lastName": "Chew"}, "canonicalUrl": "https://foursquare.com/item/56ecad6acd106126000210ee", "todo": {"count": 0}, "disagreeCount": 0}, {"authorInteractionType": "meh", "logView": true, "lang": "en", "createdAt": 1453891259, "agreeCount": 0, "likes": {"groups": [], "count": 0}, "id": "56a89ebb498e40a7be4bfd28", "text": "Thosai not bad but Murtabak not nice. This is like a 24hr fastfood-like place... Don't come with high expectations.", "type": "user", "user": {"id": "55390456", "photo": {"prefix": "https://igx.4sqi.net/img/user/", "suffix": "/55390456_xjGWfjYZ_UAMBNliBjCxql6WleMj7JVZzY9y3t2_6WtR-3ecn7WlfLcMpWqn7tIYj_11T_fb-.jpg"}, "firstName": "Ting", "gender": "female"}, "canonicalUrl": "https://foursquare.com/item/56a89ebb498e40a7be4bfd28", "todo": {"count": 0}, "disagreeCount": 0}, {"logView": true, "lang": "en", "createdAt": 1308138869, "agreeCount": 0, "likes": {"groups": [], "count": 0}, "id": "4df89d752271607ac9185b51", "text": "Rats running around at the little road beside the outdoor seating area! :o", "type": "user", "user": {"gender": "female", "id": "4033615", "photo": {"prefix": "https://igx.4sqi.net/img/user/", "suffix": "/CEEB5UKQ3YJVG41K.jpg"}, "firstName": "Lea", "lastName": "Tan"}, "canonicalUrl": "https://foursquare.com/item/4df89d752271607ac9185b51", "todo": {"count": 0}, "disagreeCount": 0}, {"authorInteractionType": "liked", "logView": true, "lang": "en", "photo": {"id": "53774bfa11d282a3cc950ebe", "visibility": "public", "source": {"name": "Foursquare for iOS", "url": "https://foursquare.com/download/#/iphone"}, "suffix": "/727975_U-DOi-HhKBJrIldyXSrEzNrjMOmogmwsc1Huwm7AJpc.jpg", "createdAt": 1400327162, "prefix": "https://igx.4sqi.net/img/general/", "width": 720, "height": 960}, "createdAt": 1400327159, "todo": {"count": 0}, "agreeCount": 0, "likes": {"groups": [], "count": 0}, "id": "53774bf7498ed9062bfd5851", "text": "Like spice. Order the Chili Chicken. Amazing", "disagreeCount": 0, "user": {"gender": "male", "id": "727975", "photo": {"prefix": "https://igx.4sqi.net/img/user/", "suffix": "/AYUY1YSHJ2CA2OWS.jpg"}, "firstName": "Scott", "lastName": "Bales"}, "canonicalUrl": "https://foursquare.com/item/53774bf7498ed9062bfd5851", "type": "user", "photourl": "https://igx.4sqi.net/img/general/original/727975_U-DOi-HhKBJrIldyXSrEzNrjMOmogmwsc1Huwm7AJpc.jpg"}, {"authorInteractionType": "disliked", "logView": true, "lang": "en", "createdAt": 1425052449, "agreeCount": 0, "likes": {"groups": [], "count": 0}, "id": "54f09321498e7bd5bd440560", "text": "The only 24hrs prata in vicinity. No choice \ud83d\ude33", "type": "user", "user": {"id": "966751", "photo": {"prefix": "https://igx.4sqi.net/img/user/", "suffix": "/ZMQ1GDZCPYPB2UHP.jpg"}, "firstName": "iPris", "gender": "female"}, "canonicalUrl": "https://foursquare.com/item/54f09321498e7bd5bd440560", "todo": {"count": 0}, "disagreeCount": 0}, {"logView": true, "lang": "en", "photo": {"id": "51fe6f6b498e407079397f82", "visibility": "public", "source": {"name": "Foursquare for BlackBerry", "url": "https://foursquare.com/download/#/blackberry"}, "suffix": "/47679484_sKu13-3wrgQlgeuLfKRqHhTdaNR2d0ZCoBjVT9KJ2VI.jpg", "createdAt": 1375629163, "prefix": "https://igx.4sqi.net/img/general/", "width": 640, "height": 480}, "createdAt": 1375629148, "todo": {"count": 0}, "agreeCount": 0, "likes": {"groups": [], "count": 0}, "id": "51fe6f5c498ef2e1a30fa620", "text": "Nice looking, crispy yummy funtastic taste MUST try tissue prata w/wo cheese, prata boom, n teh tarik ;p", "disagreeCount": 0, "user": {"gender": "male", "id": "47679484", "photo": {"prefix": "https://igx.4sqi.net/img/user/", "suffix": "/ZKMNZBITPD2CNQ1B.jpg"}, "firstName": "Irwan", "lastName": "Kyu"}, "canonicalUrl": "https://foursquare.com/item/51fe6f5c498ef2e1a30fa620", "type": "user", "photourl": "https://igx.4sqi.net/img/general/original/47679484_sKu13-3wrgQlgeuLfKRqHhTdaNR2d0ZCoBjVT9KJ2VI.jpg"}, {"logView": true, "lang": "en", "createdAt": 1294685625, "agreeCount": 0, "likes": {"groups": [{"items": [], "count": 1, "type": "others"}], "summary": "1 like", "count": 1}, "id": "4d2b55b9c406721e69788bb6", "text": "Bad service at night. Unhappy and not willing to take order!! >=(", "type": "user", "user": {"gender": "male", "id": "1304661", "photo": {"prefix": "https://igx.4sqi.net/img/user/", "suffix": "/1304661-2UVQPH55RKFLGIQY"}, "firstName": "Kamale", "lastName": "Loco"}, "canonicalUrl": "https://foursquare.com/item/4d2b55b9c406721e69788bb6", "todo": {"count": 0}, "disagreeCount": 0}, {"logView": true, "lang": "en", "createdAt": 1378358278, "agreeCount": 0, "likes": {"groups": [], "count": 0}, "id": "5228140611d2823efe6c4a6a", "text": "The murtabak & nasi beriyani was superb...worth e price..", "type": "user", "user": {"id": "3422480", "photo": {"prefix": "https://igx.4sqi.net/img/user/", "suffix": "/XZDUWGGM3LVZO2TZ.jpg"}, "firstName": "Remy Hayden", "gender": "male"}, "canonicalUrl": "https://foursquare.com/item/5228140611d2823efe6c4a6a", "todo": {"count": 0}, "disagreeCount": 0}, {"logView": true, "lang": "en", "createdAt": 1360684562, "agreeCount": 0, "likes": {"groups": [], "count": 0}, "id": "511a6612e4b0810641d3b0b7", "text": "Newly renovated with super expanded menu which includes western, Mediterranean & thai food", "type": "user", "user": {"gender": "female", "id": "5907658", "photo": {"prefix": "https://igx.4sqi.net/img/user/", "suffix": "/CE3QDSV4NYKDA2UC.jpg"}, "firstName": "Chin", "lastName": "Joycelyn"}, "canonicalUrl": "https://foursquare.com/item/511a6612e4b0810641d3b0b7", "todo": {"count": 0}, "disagreeCount": 0}, {"logView": true, "lang": "en", "createdAt": 1288719412, "agreeCount": 0, "likes": {"groups": [], "count": 0}, "id": "4cd04c349d87224bf05a543b", "text": "omg..service was fucked-up and the food was horrible..if im ever gonna come here again maybe i'll just order ice water..wth..", "type": "user", "user": {"gender": "male", "id": "4253112", "photo": {"prefix": "https://igx.4sqi.net/img/user/", "suffix": "/IB15K35TGB1VCQ4U.jpg"}, "firstName": "shameer", "lastName": "boxerbhai"}, "canonicalUrl": "https://foursquare.com/item/4cd04c349d87224bf05a543b", "todo": {"count": 0}, "disagreeCount": 0}, {"logView": true, "lang": "en", "createdAt": 1285429620, "agreeCount": 2, "likes": {"groups": [{"items": [{"gender": "male", "id": "838504", "photo": {"prefix": "https://igx.4sqi.net/img/user/", "default": true, "suffix": "/blank_boy.png"}, "firstName": "Daniel", "lastName": "Chia"}, {"gender": "female", "id": "83608823", "photo": {"prefix": "https://igx.4sqi.net/img/user/", "suffix": "/83608823-WQJ4KTFAVOHFARLI.jpg"}, "firstName": "Dora", "lastName": "Choo"}], "count": 2, "type": "others"}], "summary": "2 likes", "count": 2}, "id": "4c9e1974ca44236a661b2799", "text": "The Chicken 65 which is one of their signature dish is soft, succulent with fresh onion rings and dried chilli. Heard in India, tis dish is popular with drinks. :)", "type": "user", "user": {"gender": "female", "id": "1443656", "photo": {"prefix": "https://igx.4sqi.net/img/user/", "suffix": "/VICBJIVQ3C50ZTB4.jpg"}, "firstName": "Christina", "lastName": "C.H."}, "canonicalUrl": "https://foursquare.com/item/4c9e1974ca44236a661b2799", "todo": {"count": 0}, "disagreeCount": 0}, {"authorInteractionType": "liked", "logView": true, "lang": "en", "photo": {"id": "54e94fb8498e0aa7a3b73bab", "visibility": "public", "source": {"name": "Foursquare for Android", "url": "https://foursquare.com/download/#/android"}, "suffix": "/3470614_VL8VRszBUlszIKBLymxtB4EV7NKr-UkwIDoDAslDSoI.jpg", "createdAt": 1424576440, "prefix": "https://igx.4sqi.net/img/general/", "width": 5312, "height": 2988}, "createdAt": 1424576411, "todo": {"count": 0}, "agreeCount": 0, "likes": {"groups": [], "count": 0}, "id": "54e94f9b498edb052b62db28", "text": "The mushroom soup and baked rice are awesome!", "disagreeCount": 0, "user": {"gender": "male", "id": "3470614", "photo": {"prefix": "https://igx.4sqi.net/img/user/", "suffix": "/3470614-223BAUGXXUNUS340.jpg"}, "firstName": "Aaron", "lastName": "Lin"}, "canonicalUrl": "https://foursquare.com/item/54e94f9b498edb052b62db28", "type": "user", "photourl": "https://igx.4sqi.net/img/general/original/3470614_VL8VRszBUlszIKBLymxtB4EV7NKr-UkwIDoDAslDSoI.jpg"}, {"authorInteractionType": "liked", "logView": true, "lang": "en", "createdAt": 1456633655, "agreeCount": 0, "likes": {"groups": [], "count": 0}, "id": "56d27737498e8b067a41d524", "text": "The butter chicken wasn't creamy or really full flavoured. The Naan was a bit flat and not that warm. Ordering Northern Indian food at a south Indian place is a bad idea", "type": "user", "user": {"gender": "male", "id": "308951", "photo": {"prefix": "https://igx.4sqi.net/img/user/", "suffix": "/3UP0AI4WEWFBWG2M.jpg"}, "firstName": "Gabriel", "lastName": "Seah"}, "canonicalUrl": "https://foursquare.com/item/56d27737498e8b067a41d524", "todo": {"count": 0}, "disagreeCount": 0}, {"logView": true, "lang": "en", "createdAt": 1331382847, "agreeCount": 0, "likes": {"groups": [], "count": 0}, "id": "4f5b4a3fe4b0c4b68899e982", "text": "Try The Restaurant With More Than 20 Varieties Of Roti Prata!", "type": "user", "user": {"gender": "male", "id": "12264211", "photo": {"prefix": "https://igx.4sqi.net/img/user/", "suffix": "/12264211-JTR0OU5JYPFDV0JK.jpg"}, "firstName": "Vikhram", "lastName": "Chandra"}, "canonicalUrl": "https://foursquare.com/item/4f5b4a3fe4b0c4b68899e982", "todo": {"count": 0}, "disagreeCount": 0}, {"logView": true, "lang": "en", "createdAt": 1453197373, "agreeCount": 0, "likes": {"groups": [], "count": 0}, "id": "569e083d498ea43b999231d5", "text": "24/7. Great place for a late night or after work-out snack. I like their thosai & coin prata; their grilled food is not bad.", "type": "user", "user": {"gender": "none", "id": "145860861", "photo": {"prefix": "https://igx.4sqi.net/img/user/", "suffix": "/145860861-2PFFD01LHA0EE5EV.jpg"}, "firstName": "P", "lastName": "C"}, "canonicalUrl": "https://foursquare.com/item/569e083d498ea43b999231d5", "todo": {"count": 0}, "disagreeCount": 0}, {"logView": true, "lang": "en", "createdAt": 1279573024, "agreeCount": 0, "likes": {"groups": [], "count": 0}, "id": "4c44bc202d3ec9b6594b2fae", "text": "Frightfully sweet iced Milo.", "type": "user", "user": {"gender": "female", "id": "1824156", "photo": {"prefix": "https://igx.4sqi.net/img/user/", "suffix": "/1824156-UWXNXNNGULS5HFTX.jpg"}, "firstName": "Belinda", "lastName": "Au Yong"}, "canonicalUrl": "https://foursquare.com/item/4c44bc202d3ec9b6594b2fae", "todo": {"count": 0}, "disagreeCount": 0}, {"logView": true, "lang": "en", "createdAt": 1480772863, "agreeCount": 0, "likes": {"groups": [], "count": 0}, "id": "5842ccff6119f46ba2b20c33", "text": "Wide range of menu items from Indian to western. Do go for their prata or naan sets.", "type": "user", "user": {"gender": "female", "id": "42668193", "photo": {"prefix": "https://igx.4sqi.net/img/user/", "suffix": "/TD0GT2403DBIQDT5.jpg"}, "firstName": "Elizabeth", "lastName": "Lee"}, "canonicalUrl": "https://foursquare.com/item/5842ccff6119f46ba2b20c33", "todo": {"count": 0}, "disagreeCount": 0}, {"logView": true, "lang": "en", "createdAt": 1339647322, "agreeCount": 0, "likes": {"groups": [], "count": 0}, "id": "4fd9655ae4b0a2110cfedd4d", "text": "Great place to relax. Enjoy the prata.", "type": "user", "user": {"gender": "male", "id": "29032462", "photo": {"prefix": "https://igx.4sqi.net/img/user/", "suffix": "/JIUU252ZZFOILVVW.jpg"}, "firstName": "Mohd Rizwan", "lastName": "Rossidi"}, "canonicalUrl": "https://foursquare.com/item/4fd9655ae4b0a2110cfedd4d", "todo": {"count": 0}, "disagreeCount": 0}, {"logView": true, "lang": "en", "photo": {"id": "56bbdd45498ef9f21702fb1b", "visibility": "public", "source": {"name": "Swarm for Android", "url": "https://www.swarmapp.com"}, "suffix": "/1272497_s143xEUgFe59B_5bCAk6KBRlkRgDSH0fEllY0XZaaQ0.jpg", "createdAt": 1455152453, "prefix": "https://igx.4sqi.net/img/general/", "width": 540, "height": 960}, "createdAt": 1455152453, "todo": {"count": 0}, "agreeCount": 0, "likes": {"groups": [], "count": 0}, "id": "56bbdd45498ef9f21702fb1c", "text": "Had a few different pratas, prefer cheese prata (yum! Premium cheese)and italian(ok). Skip plain, egg and onion. Strong teh o halia", "disagreeCount": 0, "user": {"gender": "female", "id": "1272497", "photo": {"prefix": "https://igx.4sqi.net/img/user/", "suffix": "/2NYYBD2A3WFWLLMK.jpg"}, "firstName": "Javier Yong-En", "lastName": "Li"}, "canonicalUrl": "https://foursquare.com/item/56bbdd45498ef9f21702fb1c", "type": "user", "photourl": "https://igx.4sqi.net/img/general/original/1272497_s143xEUgFe59B_5bCAk6KBRlkRgDSH0fEllY0XZaaQ0.jpg"}, {"logView": true, "lang": "en", "createdAt": 1337338916, "agreeCount": 0, "likes": {"groups": [], "count": 0}, "id": "4fb62c24e4b080cd6f694ac2", "text": "Awesome yellow dall", "type": "user", "user": {"gender": "male", "id": "3292025", "photo": {"prefix": "https://igx.4sqi.net/img/user/", "suffix": "/YKZ4BYZWV031ZQP5.png"}, "firstName": "Stefano", "lastName": "Virgilli"}, "canonicalUrl": "https://foursquare.com/item/4fb62c24e4b080cd6f694ac2", "todo": {"count": 0}, "disagreeCount": 0}, {"logView": true, "lang": "en", "createdAt": 1294158526, "agreeCount": 0, "likes": {"groups": [], "count": 0}, "id": "4d234abee56f6ea8d31d8c1d", "text": "dun complain so much.. get ur food, eat, after that still end up bcome shit..", "type": "user", "user": {"gender": "male", "id": "4085931", "photo": {"prefix": "https://igx.4sqi.net/img/user/", "suffix": "/AYFP3WYW4BOPBVVN.jpg"}, "firstName": "Jay", "lastName": "Haikal"}, "canonicalUrl": "https://foursquare.com/item/4d234abee56f6ea8d31d8c1d", "todo": {"count": 0}, "disagreeCount": 0}, {"logView": true, "lang": "en", "createdAt": 1402965592, "agreeCount": 0, "likes": {"groups": [], "count": 0}, "id": "539f8e58498ea2cc630b9c1b", "text": "Plain prata - kosong - was incredibly light, fluffy, possessing both a crispy exterior and chewy interior. Out of this world.", "type": "user", "user": {"gender": "female", "id": "22145316", "photo": {"prefix": "https://igx.4sqi.net/img/user/", "suffix": "/QLERMDJ2CJDGFL4F.jpg"}, "firstName": "D", "lastName": "C"}, "canonicalUrl": "https://foursquare.com/item/539f8e58498ea2cc630b9c1b", "todo": {"count": 0}, "disagreeCount": 0}, {"logView": true, "lang": "en", "createdAt": 1385059824, "agreeCount": 0, "likes": {"groups": [], "count": 0}, "id": "528e55f0498e9af4da854471", "text": "Curry is dope. Kaya prata is apparently the highlight. Maggie goreng pattaya is pretty awesome.", "type": "user", "user": {"gender": "male", "id": "2449612", "photo": {"prefix": "https://igx.4sqi.net/img/user/", "suffix": "/AC2E2BFLROSR52YM.jpg"}, "firstName": "Keith", "lastName": "Tan"}, "canonicalUrl": "https://foursquare.com/item/528e55f0498e9af4da854471", "todo": {"count": 0}, "disagreeCount": 0}, {"logView": true, "lang": "en", "createdAt": 1342509643, "agreeCount": 0, "likes": {"groups": [], "count": 0}, "id": "5005124be4b07528d8888518", "text": "The Teh Cino was disappointing! Perhaps Teh would be better :)", "type": "user", "user": {"id": "8050347", "photo": {"prefix": "https://igx.4sqi.net/img/user/", "suffix": "/WYCHICLEDH23WJKI.jpg"}, "firstName": "Dphn", "gender": "none"}, "canonicalUrl": "https://foursquare.com/item/5005124be4b07528d8888518", "todo": {"count": 0}, "disagreeCount": 0}, {"logView": true, "lang": "en", "createdAt": 1300498692, "agreeCount": 0, "likes": {"groups": [], "count": 0}, "id": "4d8409047e8ef04de08c03be", "text": "I used to come here because it had been consistently good. Now it's consistently bad.", "type": "user", "user": {"gender": "male", "id": "526922", "photo": {"prefix": "https://igx.4sqi.net/img/user/", "suffix": "/5MX2QQKVNRXFA4PU.jpg"}, "firstName": "Chris", "lastName": "Ong"}, "canonicalUrl": "https://foursquare.com/item/4d8409047e8ef04de08c03be", "todo": {"count": 0}, "disagreeCount": 0}, {"logView": true, "lang": "en", "createdAt": 1350352804, "agreeCount": 0, "likes": {"groups": [], "count": 0}, "id": "507cbfa4e4b0163755162c44", "text": "Mr Prata i iorder ur mee goreng n is the worse i ever taste. Hav GST expensive most of ur memu but service is bad .", "type": "user", "user": {"gender": "male", "id": "5134313", "photo": {"prefix": "https://igx.4sqi.net/img/user/", "suffix": "/5134313-1EPVISUDVLQ30R1W.jpg"}, "firstName": "Asm@di", "lastName": "$"}, "canonicalUrl": "https://foursquare.com/item/507cbfa4e4b0163755162c44", "todo": {"count": 0}, "disagreeCount": 0}, {"logView": true, "lang": "en", "createdAt": 1274625810, "agreeCount": 0, "likes": {"groups": [], "count": 0}, "id": "4bf93f1270c603bb53ab9cb4", "text": "If u are allergic to MSG, do not try the Mee Goreng.", "type": "user", "user": {"id": "1317223", "photo": {"prefix": "https://igx.4sqi.net/img/user/", "suffix": "/CKKC4QWBSNOGUCXI.jpg"}, "firstName": "Mechie", "gender": "female"}, "canonicalUrl": "https://foursquare.com/item/4bf93f1270c603bb53ab9cb4", "todo": {"count": 1}, "disagreeCount": 0}, {"logView": true, "lang": "en", "createdAt": 1296673284, "agreeCount": 0, "likes": {"groups": [], "count": 0}, "id": "4d49aa044509721eddd826b0", "text": "Enunciate when you order 'egg onion prata' or you might end up with 'italian prata' (but it was gooood)", "type": "user", "user": {"gender": "male", "id": "5540205", "photo": {"prefix": "https://igx.4sqi.net/img/user/", "suffix": "/OB5LOZVVIMHKODMY.jpg"}, "firstName": "Jon", "lastName": "Ng"}, "canonicalUrl": "https://foursquare.com/item/4d49aa044509721eddd826b0", "todo": {"count": 0}, "disagreeCount": 0}, {"logView": true, "lang": "en", "createdAt": 1325225873, "agreeCount": 0, "likes": {"groups": [], "count": 0}, "id": "4efd57916da1cd035679d70f", "text": "Only downside is parking. All food excellent especially the basic plain prata.", "type": "user", "user": {"gender": "male", "id": "17436188", "photo": {"prefix": "https://igx.4sqi.net/img/user/", "suffix": "/C0XVXRG2HMJTLMC3.jpg"}, "firstName": "Rod", "lastName": "Strother"}, "canonicalUrl": "https://foursquare.com/item/4efd57916da1cd035679d70f", "todo": {"count": 0}, "disagreeCount": 0}, {"logView": true, "lang": "en", "createdAt": 1335789395, "agreeCount": 0, "likes": {"groups": [], "count": 0}, "id": "4f9e8753e4b044503c61f7ff", "text": "Ice cream prata", "type": "user", "user": {"gender": "male", "id": "12947023", "photo": {"prefix": "https://igx.4sqi.net/img/user/", "suffix": "/AZHAOOWULZGOWZ2B.jpg"}, "firstName": "Prakash", "lastName": "Anba"}, "canonicalUrl": "https://foursquare.com/item/4f9e8753e4b044503c61f7ff", "todo": {"count": 0}, "disagreeCount": 0}, {"logView": true, "lang": "en", "createdAt": 1305397730, "agreeCount": 0, "likes": {"groups": [], "count": 0}, "id": "4dcec9e245ddbe15f8923578", "text": "Mutton soup muz try. Very thick gravy.", "type": "user", "user": {"gender": "male", "id": "8795403", "photo": {"prefix": "https://igx.4sqi.net/img/user/", "suffix": "/PAPP1TS3NLDHROEM.jpg"}, "firstName": "Leon", "lastName": "Khoo"}, "canonicalUrl": "https://foursquare.com/item/4dcec9e245ddbe15f8923578", "todo": {"count": 0}, "disagreeCount": 0}, {"logView": true, "lang": "en", "createdAt": 1335590820, "agreeCount": 0, "likes": {"groups": [], "count": 0}, "id": "4f9b7fa4e4b0d2bd624e15b0", "text": "Confusing. Went to order a drink, got directed to the cashier and the cashier asked me to sit down. What a lousy system. Thumbs down.", "type": "user", "user": {"gender": "male", "id": "2089973", "photo": {"prefix": "https://igx.4sqi.net/img/user/", "suffix": "/2089973-ZDM2S44LSB2CSRC0.jpg"}, "firstName": "Bhan", "lastName": "Lam"}, "canonicalUrl": "https://foursquare.com/item/4f9b7fa4e4b0d2bd624e15b0", "todo": {"count": 0}, "disagreeCount": 0}, {"logView": true, "lang": "en", "createdAt": 1274084366, "agreeCount": 0, "likes": {"groups": [], "count": 0}, "id": "4bf0fc0e70c603bbedd39bb4", "text": "YENNY is the mayor!!! SAN is not... haaah.", "type": "user", "user": {"gender": "female", "id": "801975", "photo": {"prefix": "https://igx.4sqi.net/img/user/", "suffix": "/K24MAQ12ATWZLJHQ.jpg"}, "firstName": "Yenny", "lastName": "Hassan"}, "canonicalUrl": "https://foursquare.com/item/4bf0fc0e70c603bbedd39bb4", "todo": {"count": 1}, "disagreeCount": 0}, {"logView": true, "lang": "en", "createdAt": 1286722460, "agreeCount": 1, "likes": {"groups": [{"items": [{"gender": "female", "id": "5202642", "photo": {"prefix": "https://igx.4sqi.net/img/user/", "suffix": "/ZUWVWRVVBO1KJALI.jpg"}, "firstName": "Louise", "lastName": "Fon"}], "count": 1, "type": "others"}], "summary": "1 like", "count": 1}, "id": "4cb1d39caef16dcbac5ebc54", "text": "it a must must thing to try out the butter chicken eat it with garlic naan or butter naan.. yummy yummy ..", "type": "user", "user": {"gender": "male", "id": "1406922", "photo": {"prefix": "https://igx.4sqi.net/img/user/", "suffix": "/BZA2XJKGXLLWBSEW.jpg"}, "firstName": "fauzi", "lastName": "nyet"}, "canonicalUrl": "https://foursquare.com/item/4cb1d39caef16dcbac5ebc54", "todo": {"count": 0}, "disagreeCount": 0}, {"logView": true, "lang": "en", "createdAt": 1312122763, "agreeCount": 0, "likes": {"groups": [], "count": 0}, "id": "4e35678b52b17fb1c6073d2e", "text": "Don't try the Prata kosong as it's instant Prata.. Too hard, cold..", "type": "user", "user": {"gender": "male", "id": "1652159", "photo": {"prefix": "https://igx.4sqi.net/img/user/", "suffix": "/LGZN1MWN14ED1P4I.jpg"}, "firstName": "Zaky", "lastName": "Jailani"}, "canonicalUrl": "https://foursquare.com/item/4e35678b52b17fb1c6073d2e", "todo": {"count": 0}, "disagreeCount": 0}, {"logView": true, "lang": "en", "createdAt": 1342636133, "agreeCount": 0, "likes": {"groups": [], "count": 0}, "id": "50070065e4b0b3c661d06534", "text": "At night only prata & thosai are available.", "type": "user", "user": {"id": "16077360", "photo": {"prefix": "https://igx.4sqi.net/img/user/", "suffix": "/16077360-V5PLBHF05FD3HXDF.jpg"}, "firstName": "Jalaluddin bin Aris", "gender": "male"}, "canonicalUrl": "https://foursquare.com/item/50070065e4b0b3c661d06534", "todo": {"count": 0}, "disagreeCount": 0}, {"logView": true, "lang": "en", "createdAt": 1263963625, "agreeCount": 0, "likes": {"groups": [], "count": 0}, "id": "4b568de970c603bb6f0290b4", "text": "Italian and Seafood Prata is good :) Subjected to GST.", "type": "user", "user": {"id": "246506", "photo": {"prefix": "https://igx.4sqi.net/img/user/", "suffix": "/TAU45EA0BQXM30GF.jpg"}, "firstName": "rahjinoh", "gender": "none"}, "canonicalUrl": "https://foursquare.com/item/4b568de970c603bb6f0290b4", "todo": {"count": 1}, "disagreeCount": 0}, {"logView": true, "lang": "en", "createdAt": 1389449265, "agreeCount": 0, "likes": {"groups": [], "count": 0}, "id": "52d15031498e5e3907d98a82", "text": "Mr Prata renovated. So much nicer now. \ud83d\udc4d They use iPad mini to take order!", "type": "user", "user": {"gender": "male", "id": "3258896", "photo": {"prefix": "https://igx.4sqi.net/img/user/", "suffix": "/3258896_fLq6swlw_p0F-1U3fn0ASA68vcE6smoX9dTVWhVQ5gY9D6Que2MF_m9k-9izwisuqfN3k_9Ye.jpg"}, "firstName": "Wesley", "lastName": "Tee"}, "canonicalUrl": "https://foursquare.com/item/52d15031498e5e3907d98a82", "todo": {"count": 0}, "disagreeCount": 0}, {"logView": true, "lang": "en", "createdAt": 1407616598, "agreeCount": 0, "likes": {"groups": [], "count": 0}, "id": "53e68656498ea5df41f5712e", "text": "Supper ^_^", "type": "user", "user": {"gender": "female", "id": "16914126", "photo": {"prefix": "https://igx.4sqi.net/img/user/", "suffix": "/16914126-CYX34CXNUYOKQJEN.jpg"}, "firstName": "Sheena", "lastName": "Victoria"}, "canonicalUrl": "https://foursquare.com/item/53e68656498ea5df41f5712e", "todo": {"count": 0}, "disagreeCount": 0}], "count": 65}}}