{"meta": {"code": 200, "requestId": "595a494e6a607114389b7aed"}, "response": {"tips": {"items": [{"authorInteractionType": "liked", "logView": true, "lang": "en", "createdAt": 1390444565, "agreeCount": 1, "likes": {"groups": [{"items": [{"gender": "none", "id": "65002211", "photo": {"prefix": "https://igx.4sqi.net/img/user/", "default": true, "suffix": "/blank_boy.png"}, "firstName": "Shane", "lastName": "Chua"}], "count": 1, "type": "others"}], "summary": "1 like", "count": 1}, "id": "52e0801511d230f52c183961", "text": "Excellent. We had the takeout platter and cookies for our party.  Everyone enjoyed the Subway's.", "type": "user", "user": {"gender": "male", "id": "432141", "photo": {"prefix": "https://igx.4sqi.net/img/user/", "suffix": "/432141_j3qtkupb_mK99LYQR2cDk0nY0zwesnWG2O78mdHKTv75T52cFt4RTxkYvDxFXW2kssMR_bqza"}, "firstName": "Roy", "lastName": "Devlin"}, "canonicalUrl": "https://foursquare.com/item/52e0801511d230f52c183961", "todo": {"count": 0}, "disagreeCount": 0}, {"logView": true, "lang": "en", "createdAt": 1306052380, "agreeCount": 1, "likes": {"groups": [{"items": [{"gender": "none", "id": "7939175", "photo": {"prefix": "https://igx.4sqi.net/img/user/", "suffix": "/7939175-GADI4QU05HTJD0KC.jpg"}, "firstName": "Lilly", "lastName": "van der Woodsen"}], "count": 1, "type": "others"}], "summary": "1 like", "count": 1}, "id": "4dd8c71c7d8b322664116c14", "text": "Closed down!!!!", "type": "user", "user": {"gender": "male", "id": "1339539", "photo": {"prefix": "https://igx.4sqi.net/img/user/", "suffix": "/1339539-AIRJPNFKHLZSMUDJ.jpg"}, "firstName": "Ian", "lastName": "Thomtori"}, "canonicalUrl": "https://foursquare.com/item/4dd8c71c7d8b322664116c14", "todo": {"count": 0}, "disagreeCount": 0}, {"logView": true, "lang": "en", "createdAt": 1360908076, "agreeCount": 1, "likes": {"groups": [{"items": [{"gender": "none", "id": "7939175", "photo": {"prefix": "https://igx.4sqi.net/img/user/", "suffix": "/7939175-GADI4QU05HTJD0KC.jpg"}, "firstName": "Lilly", "lastName": "van der Woodsen"}], "count": 1, "type": "others"}], "summary": "1 like", "count": 1}, "id": "511dcf2ce4b07d9c1f2fe327", "text": "The tomato soup is actually not bad!", "type": "user", "user": {"gender": "female", "id": "40060709", "photo": {"prefix": "https://igx.4sqi.net/img/user/", "suffix": "/KYQM35QGILAYE1VK.jpg"}, "firstName": "Karen", "lastName": "Wong"}, "canonicalUrl": "https://foursquare.com/item/511dcf2ce4b07d9c1f2fe327", "todo": {"count": 0}, "disagreeCount": 0}, {"authorInteractionType": "liked", "logView": true, "lang": "en", "createdAt": 1412768269, "agreeCount": 1, "likes": {"groups": [{"items": [{"gender": "none", "id": "65002211", "photo": {"prefix": "https://igx.4sqi.net/img/user/", "default": true, "suffix": "/blank_boy.png"}, "firstName": "Shane", "lastName": "Chua"}], "count": 1, "type": "others"}], "summary": "1 like", "count": 1}, "id": "5435220d498e0d3354351667", "text": "Tuna 6\" cheese on honey oat. Lettuce, capsicum, onion and a packet of plain ruffles. Passion fruit ice tea", "type": "user", "user": {"gender": "male", "id": "22690844", "photo": {"prefix": "https://igx.4sqi.net/img/user/", "suffix": "/22690844-TXIBXMFP0KR1KE30.jpg"}, "firstName": "Dean", "lastName": "Wicks"}, "canonicalUrl": "https://foursquare.com/item/5435220d498e0d3354351667", "todo": {"count": 0}, "disagreeCount": 0}, {"logView": true, "lang": "en", "createdAt": 1384992593, "agreeCount": 1, "likes": {"groups": [{"items": [{"gender": "male", "id": "144714", "photo": {"prefix": "https://igx.4sqi.net/img/user/", "suffix": "/144714-14UQSFZRHT4YXSMH.jpg"}, "firstName": "Richard", "lastName": "M"}], "count": 1, "type": "others"}], "summary": "1 like", "count": 1}, "id": "528d4f5111d26b17ecbe9fdc", "text": "Wifi password is 339339339", "type": "user", "user": {"gender": "female", "id": "2681616", "photo": {"prefix": "https://igx.4sqi.net/img/user/", "suffix": "/2681616-TJ11M15TVOSMPBTU.jpg"}, "firstName": "Juliet", "lastName": "Li"}, "canonicalUrl": "https://foursquare.com/item/528d4f5111d26b17ecbe9fdc", "todo": {"count": 0}, "disagreeCount": 0}, {"logView": true, "lang": "en", "createdAt": 1430228960, "agreeCount": 1, "likes": {"groups": [{"items": [], "count": 1, "type": "others"}], "summary": "1 like", "count": 1}, "id": "553f8fe0498e351bae8cc9fa", "text": "Meatball marinara!!\ud83d\ude0d\ud83d\ude0b\ud83d\ude0b\ud83c\udf54", "type": "user", "user": {"gender": "female", "id": "89735509", "photo": {"prefix": "https://igx.4sqi.net/img/user/", "suffix": "/89735509-FHDJAD3ASHGWMT3S.jpg"}, "firstName": "Jhnn", "lastName": "Wllc"}, "canonicalUrl": "https://foursquare.com/item/553f8fe0498e351bae8cc9fa", "todo": {"count": 0}, "disagreeCount": 0}, {"logView": true, "lang": "en", "createdAt": 1323147570, "agreeCount": 1, "likes": {"groups": [{"items": [{"gender": "none", "id": "7939175", "photo": {"prefix": "https://igx.4sqi.net/img/user/", "suffix": "/7939175-GADI4QU05HTJD0KC.jpg"}, "firstName": "Lilly", "lastName": "van der Woodsen"}], "count": 1, "type": "others"}], "summary": "1 like", "count": 1}, "id": "4edda132d3e346be382eeb7a", "text": "Open again!!", "type": "user", "user": {"gender": "male", "id": "107252", "photo": {"prefix": "https://igx.4sqi.net/img/user/", "suffix": "/107252-OY3PFHIIIB3Z1SYA.jpg"}, "firstName": "Martin", "lastName": "Perry"}, "canonicalUrl": "https://foursquare.com/item/4edda132d3e346be382eeb7a", "todo": {"count": 0}, "disagreeCount": 0}, {"logView": true, "lang": "en", "createdAt": 1328835110, "agreeCount": 1, "likes": {"groups": [{"items": [{"gender": "none", "id": "7939175", "photo": {"prefix": "https://igx.4sqi.net/img/user/", "suffix": "/7939175-GADI4QU05HTJD0KC.jpg"}, "firstName": "Lilly", "lastName": "van der Woodsen"}], "count": 1, "type": "others"}], "summary": "1 like", "count": 1}, "id": "4f346a26e4b03a18766259f0", "text": "Nice and quiet!", "type": "user", "user": {"gender": "male", "id": "14271909", "photo": {"prefix": "https://igx.4sqi.net/img/user/", "suffix": "/50GFU4JCY5B3XHMG.jpg"}, "firstName": "Marouen", "lastName": "Zelleg"}, "canonicalUrl": "https://foursquare.com/item/4f346a26e4b03a18766259f0", "todo": {"count": 0}, "disagreeCount": 0}], "count": 8}}}