{"meta": {"code": 200, "requestId": "595a4afedd57972d628b8d72"}, "response": {"tips": {"items": [{"authorInteractionType": "liked", "logView": true, "lang": "en", "photo": {"id": "592e5c0c4c954c26fd651bf5", "visibility": "public", "source": {"name": "Foursquare for iOS", "url": "https://foursquare.com/download/#/iphone"}, "suffix": "/67580902_gjQCcNMu4DUzv8DdwmVqSAaFfUK68BvbrN9ipauNgYY.jpg", "createdAt": 1496210444, "prefix": "https://igx.4sqi.net/img/general/", "width": 1440, "height": 1920}, "createdAt": 1496210441, "todo": {"count": 0}, "agreeCount": 0, "likes": {"groups": [], "count": 0}, "id": "592e5c09d0a149735865e2d0", "text": "Healthy salads, great hazelnuts choc drink", "disagreeCount": 0, "user": {"gender": "female", "id": "67580902", "photo": {"prefix": "https://igx.4sqi.net/img/user/", "suffix": "/67580902-YTXBQKHB5S5QQ5PA.jpg"}, "firstName": "ocean", "lastName": "blue"}, "canonicalUrl": "https://foursquare.com/item/592e5c09d0a149735865e2d0", "type": "user", "photourl": "https://igx.4sqi.net/img/general/original/67580902_gjQCcNMu4DUzv8DdwmVqSAaFfUK68BvbrN9ipauNgYY.jpg"}, {"logView": true, "lang": "en", "createdAt": 1373414137, "agreeCount": 0, "likes": {"groups": [], "count": 0}, "id": "51dca2f9498e64938ec764b9", "text": "A corner of goodness not to be missed :)", "type": "user", "user": {"gender": "female", "id": "58652835", "photo": {"prefix": "https://igx.4sqi.net/img/user/", "suffix": "/R53VRAKRSV5HH3XM.jpg"}, "firstName": "Joy", "lastName": "Yao"}, "canonicalUrl": "https://foursquare.com/item/51dca2f9498e64938ec764b9", "todo": {"count": 0}, "disagreeCount": 0}, {"logView": true, "lang": "en", "createdAt": 1263986629, "agreeCount": 0, "likes": {"groups": [], "count": 0}, "id": "4b56e7c570c603bba18090b4", "text": "Get the 'All Day Breakfast' sandwich. You won't regret!", "type": "user", "user": {"gender": "male", "id": "233022", "photo": {"prefix": "https://igx.4sqi.net/img/user/", "suffix": "/1C24ZZM4Q0QYZRAE.jpg"}, "firstName": "David", "lastName": "Liem"}, "canonicalUrl": "https://foursquare.com/item/4b56e7c570c603bba18090b4", "todo": {"count": 1}, "disagreeCount": 0}, {"authorInteractionType": "liked", "logView": true, "lang": "en", "createdAt": 1393850676, "agreeCount": 0, "likes": {"groups": [], "count": 0}, "id": "53147934498e8dc134a5df8c", "text": "Pricy, but nice sandwiches and soups. However, steer well clear of their B\u00e1nh m\u00ec. It's disgusting and nothing like a real one!", "type": "user", "user": {"gender": "male", "id": "8880174", "photo": {"prefix": "https://igx.4sqi.net/img/user/", "suffix": "/TOGJUNLRLGPLTTR3.jpg"}, "firstName": "Jay", "lastName": "V"}, "canonicalUrl": "https://foursquare.com/item/53147934498e8dc134a5df8c", "todo": {"count": 0}, "disagreeCount": 0}, {"logView": true, "lang": "en", "createdAt": 1378111811, "agreeCount": 0, "likes": {"groups": [], "count": 0}, "id": "5224514311d2300537d9ff30", "text": "The yoghurt mixes, tripledeck trianglewiches and mango salmon salads are all cleverly layered with careful ingredient selections that are happy to be eaten in, or taken away.", "type": "user", "user": {"gender": "female", "id": "539857", "photo": {"prefix": "https://igx.4sqi.net/img/user/", "suffix": "/FY5QYBDSBICVI25Y.jpg"}, "firstName": "Kristin", "lastName": "MdashO"}, "canonicalUrl": "https://foursquare.com/item/5224514311d2300537d9ff30", "todo": {"count": 0}, "disagreeCount": 0}, {"authorInteractionType": "liked", "logView": true, "lang": "en", "createdAt": 1445403368, "agreeCount": 0, "likes": {"groups": [], "count": 0}, "id": "56271ae8498eda371a964be0", "text": "Spicy tuna sandwich was awesome. Served warm!", "type": "user", "user": {"gender": "female", "id": "66482202", "photo": {"prefix": "https://igx.4sqi.net/img/user/", "suffix": "/66482202-WTNDRNIN04NVAWVU.jpg"}, "firstName": "Tash", "lastName": "Concepcion"}, "canonicalUrl": "https://foursquare.com/item/56271ae8498eda371a964be0", "todo": {"count": 0}, "disagreeCount": 0}, {"authorInteractionType": "liked", "logView": true, "lang": "en", "createdAt": 1450660369, "agreeCount": 0, "likes": {"groups": [], "count": 0}, "id": "56775211498e10f1574b3092", "text": "Pain au chocolat, best I can find in Singapore.  Very good selection of sandwiches and pasta salads and not expensive.", "type": "user", "user": {"gender": "male", "id": "3162630", "photo": {"prefix": "https://igx.4sqi.net/img/user/", "suffix": "/3162630-HHEGFOLDJX2VF3QY.jpg"}, "firstName": "Guy", "lastName": "Blonde"}, "canonicalUrl": "https://foursquare.com/item/56775211498e10f1574b3092", "todo": {"count": 0}, "disagreeCount": 0}, {"authorInteractionType": "liked", "logView": true, "lang": "en", "createdAt": 1476066253, "agreeCount": 0, "likes": {"groups": [], "count": 0}, "id": "57fafbcd498e7cf753b8c92c", "text": "Salmon and avocado sandwich! So good! Plus their Hazelnut Chocolate is so smooth!", "type": "user", "user": {"id": "35616255", "photo": {"prefix": "https://igx.4sqi.net/img/user/", "suffix": "/35616255-BA00BKCNHSG5045W.jpg"}, "firstName": "Marcowesome", "gender": "male"}, "canonicalUrl": "https://foursquare.com/item/57fafbcd498e7cf753b8c92c", "todo": {"count": 0}, "disagreeCount": 0}, {"authorInteractionType": "liked", "logView": true, "lang": "en", "createdAt": 1487587818, "agreeCount": 0, "likes": {"groups": [], "count": 0}, "id": "58aac9eaecb67e34d72687b8", "text": "Pre made packaged but tasty half sandwiches", "type": "user", "user": {"gender": "male", "id": "46572", "photo": {"prefix": "https://igx.4sqi.net/img/user/", "suffix": "/46572-YAHRQ5KS0Y43SWPO.jpg"}, "firstName": "Jeremy", "lastName": "Geiger"}, "canonicalUrl": "https://foursquare.com/item/58aac9eaecb67e34d72687b8", "todo": {"count": 0}, "disagreeCount": 0}, {"logView": true, "lang": "en", "createdAt": 1425966865, "agreeCount": 1, "likes": {"groups": [{"items": [{"gender": "male", "id": "231366", "photo": {"prefix": "https://igx.4sqi.net/img/user/", "suffix": "/231366-Q2ZSAEF50GYUXPDA.jpg"}, "firstName": "Cheen", "lastName": "The Curious"}], "count": 1, "type": "others"}], "summary": "1 like", "count": 1}, "id": "54fe8711498e3b2edc61e85a", "text": "Wide range of yogurt! If u are looking for something healthy and a fast meal. Here it is! Nice and cozy place. Only down side is the food here is abit pricy.", "type": "user", "user": {"gender": "female", "id": "3640993", "photo": {"prefix": "https://igx.4sqi.net/img/user/", "suffix": "/3640993-JLIVA50ARGSHO2SC.jpg"}, "firstName": "Ivy", "lastName": "Lai"}, "canonicalUrl": "https://foursquare.com/item/54fe8711498e3b2edc61e85a", "todo": {"count": 0}, "disagreeCount": 0}, {"authorInteractionType": "liked", "logView": true, "lang": "en", "createdAt": 1371169099, "agreeCount": 0, "likes": {"groups": [], "count": 0}, "id": "51ba614b498e85be48ac8e70", "text": "Best scrambled eggs in Raffles Place.", "type": "user", "user": {"gender": "male", "id": "39396130", "photo": {"prefix": "https://igx.4sqi.net/img/user/", "suffix": "/NH0UFTZNBXVSBAKJ.jpg"}, "firstName": "Jayson", "lastName": "Ng"}, "canonicalUrl": "https://foursquare.com/item/51ba614b498e85be48ac8e70", "todo": {"count": 0}, "disagreeCount": 0}], "count": 11}}}