{"meta": {"code": 200, "requestId": "595a4e4cdb04f562eeb4a990"}, "response": {"tips": {"items": [{"logView": true, "lang": "en", "createdAt": 1283091353, "agreeCount": 0, "likes": {"groups": [], "count": 0}, "id": "4c7a6b99566db60c9ddc470e", "text": "Ngoh hiang and porridge here is awesome! You've got to try it!", "type": "user", "user": {"gender": "male", "id": "387421", "photo": {"prefix": "https://igx.4sqi.net/img/user/", "suffix": "/DXE02MELIRUNLXP1.jpg"}, "firstName": "chris", "lastName": "basil"}, "canonicalUrl": "https://foursquare.com/item/4c7a6b99566db60c9ddc470e", "todo": {"count": 0}, "disagreeCount": 0}, {"logView": true, "lang": "en", "createdAt": 1353742397, "agreeCount": 0, "likes": {"groups": [], "count": 0}, "id": "50b0783de4b03f2ad6c1f06a", "text": "Too many porridge instead of what is inside.", "type": "user", "user": {"gender": "male", "id": "1652995", "photo": {"prefix": "https://igx.4sqi.net/img/user/", "suffix": "/1652995-AFAX03CXSWL1DUID"}, "firstName": "Jesse", "lastName": "Armand"}, "canonicalUrl": "https://foursquare.com/item/50b0783de4b03f2ad6c1f06a", "todo": {"count": 0}, "disagreeCount": 0}, {"authorInteractionType": "liked", "logView": true, "lang": "en", "createdAt": 1448201276, "agreeCount": 0, "likes": {"groups": [], "count": 0}, "id": "5651cc3c38fa9b9f7ed6eb16", "text": "Ask to sit upstairs if it's crowded downstairs. I", "type": "user", "user": {"gender": "male", "id": "187334", "photo": {"prefix": "https://igx.4sqi.net/img/user/", "suffix": "/187334-0EH23LJZV2BIF5ZV.jpg"}, "firstName": "Mark", "lastName": "Ashworth"}, "canonicalUrl": "https://foursquare.com/item/5651cc3c38fa9b9f7ed6eb16", "todo": {"count": 0}, "disagreeCount": 0}, {"logView": true, "lang": "en", "createdAt": 1296051913, "agreeCount": 0, "likes": {"groups": [], "count": 0}, "id": "4d402ec989616dcbe3ca01b5", "text": "Claypot frog porridge is superb!", "type": "user", "user": {"gender": "female", "id": "4760469", "photo": {"prefix": "https://igx.4sqi.net/img/user/", "suffix": "/TFPSOGCQFNOG4DQ0.jpg"}, "firstName": "Olivia", "lastName": "Chia"}, "canonicalUrl": "https://foursquare.com/item/4d402ec989616dcbe3ca01b5", "todo": {"count": 0}, "disagreeCount": 0}, {"authorInteractionType": "liked", "logView": true, "lang": "zh", "photo": {"id": "56b29984498ebefebb226ffa", "visibility": "public", "source": {"name": "Foursquare for iOS", "url": "https://foursquare.com/download/#/iphone"}, "suffix": "/4648808_EunDDXvpuEhU4_RoyqpLFovqWm7rA1-NFr73DDYJjpo.jpg", "createdAt": 1454545284, "prefix": "https://igx.4sqi.net/img/general/", "width": 1440, "height": 1440}, "createdAt": 1454545281, "todo": {"count": 0}, "agreeCount": 0, "likes": {"groups": [], "count": 0}, "id": "56b29981498e18f4b16c7ed9", "text": "\u4ec0\u7ca5 mixed pork organs", "disagreeCount": 0, "user": {"gender": "male", "id": "4648808", "photo": {"prefix": "https://igx.4sqi.net/img/user/", "suffix": "/K4WNGJSDPZSZCZ24.jpg"}, "firstName": "Leong", "lastName": "Steven Wayne"}, "canonicalUrl": "https://foursquare.com/item/56b29981498e18f4b16c7ed9", "type": "user", "photourl": "https://igx.4sqi.net/img/general/original/4648808_EunDDXvpuEhU4_RoyqpLFovqWm7rA1-NFr73DDYJjpo.jpg"}, {"logView": true, "lang": "en", "createdAt": 1313523121, "agreeCount": 0, "likes": {"groups": [], "count": 0}, "id": "4e4ac5b162847afcaf1aaf1c", "text": "Good porridge, was the best.. But standard drop.. Frog leg not as good as geylang.. Raw fish is excellet but no chilli padi!!", "type": "user", "user": {"gender": "male", "id": "1587412", "photo": {"prefix": "https://igx.4sqi.net/img/user/", "suffix": "/NJTDDU5BV3I3NMJ2.jpg"}, "firstName": "Jervis", "lastName": "Shen"}, "canonicalUrl": "https://foursquare.com/item/4e4ac5b162847afcaf1aaf1c", "todo": {"count": 0}, "disagreeCount": 0}, {"logView": true, "lang": "en", "createdAt": 1295438668, "agreeCount": 0, "likes": {"groups": [], "count": 0}, "id": "4d36d34c10248cfaf09d88cf", "text": "Chicken wings nice", "type": "user", "user": {"gender": "female", "id": "3725870", "photo": {"prefix": "https://igx.4sqi.net/img/user/", "suffix": "/NBFWCXF2WB1AJ5OK.jpg"}, "firstName": "Sugar", "lastName": "Ang"}, "canonicalUrl": "https://foursquare.com/item/4d36d34c10248cfaf09d88cf", "todo": {"count": 0}, "disagreeCount": 0}, {"logView": true, "lang": "en", "createdAt": 1422250766, "agreeCount": 0, "likes": {"groups": [], "count": 0}, "id": "54c5d30e498e28bde760f1ed", "text": "All sorts of porridges you could imagine but the hidden gem is actually the fish beehoon in claypot. Heavenly...", "type": "user", "user": {"gender": "male", "id": "987716", "photo": {"prefix": "https://igx.4sqi.net/img/user/", "suffix": "/M0YYMOFYP3KJLE2X.jpg"}, "firstName": "Larry", "lastName": "C"}, "canonicalUrl": "https://foursquare.com/item/54c5d30e498e28bde760f1ed", "todo": {"count": 0}, "disagreeCount": 0}, {"logView": true, "lang": "en", "createdAt": 1312428783, "agreeCount": 0, "likes": {"groups": [], "count": 0}, "id": "4e3a12efaeb7ec6702892feb", "text": "Rmbr to tell e counter staff ur requirements.. Eg.. no eggs", "type": "user", "user": {"gender": "female", "id": "5207502", "photo": {"prefix": "https://igx.4sqi.net/img/user/", "suffix": "/2GZ4XP5HJAIT5RMJ.jpg"}, "firstName": "Sharon", "lastName": "Tan"}, "canonicalUrl": "https://foursquare.com/item/4e3a12efaeb7ec6702892feb", "todo": {"count": 0}, "disagreeCount": 0}, {"logView": true, "lang": "en", "createdAt": 1323957532, "agreeCount": 0, "likes": {"groups": [], "count": 0}, "id": "4ee9fd1cf9ab8fc95e92aba2", "text": "Yu Shang! Raw Fish Slice! Yu Sheng!", "type": "user", "user": {"gender": "male", "id": "1078049", "photo": {"prefix": "https://igx.4sqi.net/img/user/", "suffix": "/KBZNB5R3DWGRRBRI.jpg"}, "firstName": "William", "lastName": "Foong"}, "canonicalUrl": "https://foursquare.com/item/4ee9fd1cf9ab8fc95e92aba2", "todo": {"count": 0}, "disagreeCount": 0}, {"logView": true, "lang": "en", "createdAt": 1342602435, "agreeCount": 1, "likes": {"groups": [{"items": [{"gender": "male", "id": "2425289", "photo": {"prefix": "https://igx.4sqi.net/img/user/", "suffix": "/2425289-KSDDLNSKVKYLIXIQ.jpg"}, "firstName": "Kennieth", "lastName": "Ong"}], "count": 1, "type": "others"}], "summary": "1 like", "count": 1}, "id": "50067cc3e4b0407dc52146b4", "text": "Frog porridge isn't as tasty as raved, blend and tough meat. Those china girls poor service attitude as well. Will not visit a second time.", "type": "user", "user": {"gender": "none", "id": "2425405", "photo": {"prefix": "https://igx.4sqi.net/img/user/", "suffix": "/2425405-5M2UAWZ4HD2VHP1P.jpg"}, "firstName": "Julyen", "lastName": "Z L"}, "canonicalUrl": "https://foursquare.com/item/50067cc3e4b0407dc52146b4", "todo": {"count": 0}, "disagreeCount": 0}, {"logView": true, "lang": "en", "createdAt": 1329729192, "agreeCount": 0, "likes": {"groups": [], "count": 0}, "id": "4f420ea8e4b015f1bc291fa6", "text": "Order the chicken porridge and dried chili frog in claypot, with milk iced tea", "type": "user", "user": {"gender": "female", "id": "1299671", "photo": {"prefix": "https://igx.4sqi.net/img/user/", "suffix": "/QJXDKVTIDFH1L4XR.jpg"}, "firstName": "kianti", "lastName": "darusman"}, "canonicalUrl": "https://foursquare.com/item/4f420ea8e4b015f1bc291fa6", "todo": {"count": 0}, "disagreeCount": 0}, {"logView": true, "lang": "en", "createdAt": 1323279961, "agreeCount": 2, "likes": {"groups": [{"items": [{"id": "3677242", "photo": {"prefix": "https://igx.4sqi.net/img/user/", "suffix": "/3677242-VALLGDQHMG0MJRE3.jpg"}, "firstName": "Stanley \u8f89", "gender": "male"}, {"gender": "female", "id": "5689065", "photo": {"prefix": "https://igx.4sqi.net/img/user/", "suffix": "/5689065-K1AS1JFAWL2MHLIC.jpg"}, "firstName": "Joy", "lastName": "Ho"}], "count": 2, "type": "others"}], "summary": "2 likes", "count": 2}, "id": "4edfa6590aaf167e546bf353", "text": "\u7530\u9e21\u7ca5 too ex n sm portion.Order 2 \u7530\u9e21with 2 porridge seperate@$17 recommend by a bad attitude tomboy cashier.G7 served buy 2 get 1 free at bigger portion compare here. Skip if u want \u7530\u9e21\u7ca5, eat others ok.", "type": "user", "user": {"id": "4582444", "photo": {"prefix": "https://igx.4sqi.net/img/user/", "suffix": "/4582444-BH0Q33JC2QABIJVN.jpg"}, "firstName": "Joean\u52e4", "gender": "female"}, "canonicalUrl": "https://foursquare.com/item/4edfa6590aaf167e546bf353", "todo": {"count": 0}, "disagreeCount": 0}, {"logView": true, "lang": "en", "createdAt": 1291791648, "agreeCount": 0, "likes": {"groups": [], "count": 0}, "id": "4cff2d204f56b60cbd679b37", "text": "For Century Egg lovers: Have double portions of Century Egg with Minced Pork and porridge!", "type": "user", "user": {"gender": "female", "id": "866212", "photo": {"prefix": "https://igx.4sqi.net/img/user/", "suffix": "/SGJ45SFEPUX0P2Z1.jpg"}, "firstName": "Bree", "lastName": "Yek"}, "canonicalUrl": "https://foursquare.com/item/4cff2d204f56b60cbd679b37", "todo": {"count": 0}, "disagreeCount": 0}, {"logView": true, "lang": "en", "createdAt": 1300757075, "agreeCount": 0, "likes": {"groups": [], "count": 0}, "id": "4d87fa537d4c54810f923771", "text": "Still ok ba the food", "type": "user", "user": {"gender": "male", "id": "5362947", "photo": {"prefix": "https://igx.4sqi.net/img/user/", "suffix": "/3VJ0CZH3W2S04NUR.jpg"}, "firstName": "Jeffery", "lastName": "Chong"}, "canonicalUrl": "https://foursquare.com/item/4d87fa537d4c54810f923771", "todo": {"count": 0}, "disagreeCount": 0}, {"authorInteractionType": "liked", "logView": true, "lang": "en", "createdAt": 1423651623, "agreeCount": 0, "likes": {"groups": [], "count": 0}, "id": "54db3327498ef4039f5fb6de", "text": "The go-to place for frog's leg. Love the tofu too.", "type": "user", "user": {"gender": "male", "id": "87794427", "photo": {"prefix": "https://igx.4sqi.net/img/user/", "suffix": "/87794427-ANELZEGPXX5Z3MYL.jpg"}, "firstName": "Edmund", "lastName": "Chew"}, "canonicalUrl": "https://foursquare.com/item/54db3327498ef4039f5fb6de", "todo": {"count": 0}, "disagreeCount": 0}, {"logView": true, "lang": "en", "createdAt": 1435977593, "agreeCount": 0, "likes": {"groups": [], "count": 0}, "id": "55974779498e969a524a9461", "text": "Yes full of MSG......", "type": "user", "user": {"gender": "male", "id": "129834595", "photo": {"prefix": "https://igx.4sqi.net/img/user/", "suffix": "/129834595-4QR1GSFSDOVYDEIN.jpg"}, "firstName": "Chang", "lastName": "Derrick"}, "canonicalUrl": "https://foursquare.com/item/55974779498e969a524a9461", "todo": {"count": 0}, "disagreeCount": 0}, {"logView": true, "lang": "en", "createdAt": 1314611458, "agreeCount": 0, "likes": {"groups": [], "count": 0}, "id": "4e5b61027d8b966a15e17c3e", "text": "Chicken feet Gd!!", "type": "user", "user": {"gender": "female", "id": "5262418", "photo": {"prefix": "https://igx.4sqi.net/img/user/", "suffix": "/X0B0SM14VL0AICXA.jpg"}, "firstName": "Lynn", "lastName": "Dolphiny"}, "canonicalUrl": "https://foursquare.com/item/4e5b61027d8b966a15e17c3e", "todo": {"count": 0}, "disagreeCount": 0}, {"logView": true, "lang": "en", "createdAt": 1348481873, "agreeCount": 0, "likes": {"groups": [], "count": 0}, "id": "50603351e4b0643fc4313451", "text": "The porridge is very nice, DIE DIE MUST TRY", "type": "user", "user": {"gender": "male", "id": "6573047", "photo": {"prefix": "https://igx.4sqi.net/img/user/", "suffix": "/6573047-QB0P4XMURMNV145T.jpg"}, "firstName": "Jason", "lastName": "Tan"}, "canonicalUrl": "https://foursquare.com/item/50603351e4b0643fc4313451", "todo": {"count": 0}, "disagreeCount": 0}, {"logView": true, "lang": "en", "createdAt": 1379652751, "agreeCount": 0, "likes": {"groups": [], "count": 0}, "id": "523bd48f498e5d151821a041", "text": "Theres some good porridge over here", "type": "user", "user": {"gender": "male", "id": "20997274", "photo": {"prefix": "https://igx.4sqi.net/img/user/", "suffix": "/20997274-4K0UZV0GXKNP0UDA.jpg"}, "firstName": "Harry", "lastName": "Nayan"}, "canonicalUrl": "https://foursquare.com/item/523bd48f498e5d151821a041", "todo": {"count": 0}, "disagreeCount": 0}, {"logView": true, "lang": "en", "createdAt": 1326005767, "agreeCount": 0, "likes": {"groups": [], "count": 0}, "id": "4f093e07e4b08f52499d790f", "text": "Standard has dropped a lot over the years.", "type": "user", "user": {"id": "1647152", "photo": {"prefix": "https://igx.4sqi.net/img/user/", "suffix": "/DAC0K0TMR0SJBS0A.jpg"}, "firstName": "ady", "gender": "female"}, "canonicalUrl": "https://foursquare.com/item/4f093e07e4b08f52499d790f", "todo": {"count": 0}, "disagreeCount": 0}, {"logView": true, "lang": "en", "createdAt": 1290177027, "agreeCount": 0, "likes": {"groups": [], "count": 0}, "id": "4ce68a03f86537046f5da3c4", "text": "Closed on alternate Mondays. Raw fish, frog porridge, fish congee, slice fish beehoon, tofu, chickenwings. Opens till late.", "type": "user", "user": {"gender": "male", "id": "3570264", "photo": {"prefix": "https://igx.4sqi.net/img/user/", "suffix": "/LVQKO1NC0VCM3Y41.jpg"}, "firstName": "James", "lastName": "Li Zhiwei"}, "canonicalUrl": "https://foursquare.com/item/4ce68a03f86537046f5da3c4", "todo": {"count": 0}, "disagreeCount": 0}, {"logView": true, "lang": "en", "createdAt": 1295789984, "agreeCount": 0, "likes": {"groups": [], "count": 0}, "id": "4d3c2fa0a2e4b1f7b5fae625", "text": "Frog legs taste better than i imagined it to be, making it worth the wait. And oh, the porridge and raw fish are nice as well. Indeed, for good foods must wait!", "type": "user", "user": {"gender": "female", "id": "6052642", "photo": {"prefix": "https://igx.4sqi.net/img/user/", "suffix": "/AY4NPCJ3SC1DUPXR.jpg"}, "firstName": "Aiza Minelle", "lastName": "Cruz"}, "canonicalUrl": "https://foursquare.com/item/4d3c2fa0a2e4b1f7b5fae625", "todo": {"count": 0}, "disagreeCount": 0}, {"logView": true, "lang": "en", "createdAt": 1289023681, "agreeCount": 1, "likes": {"groups": [{"items": [{"gender": "none", "id": "3553242", "photo": {"prefix": "https://igx.4sqi.net/img/user/", "suffix": "/TTF43IXR45CZZ1FD.jpg"}, "firstName": "Peter", "lastName": "Leong"}], "count": 1, "type": "others"}], "summary": "1 like", "count": 1}, "id": "4cd4f0c1aeb1224ba3c31fff", "text": "The pork porridge here is great! Hence, this eating place is always crowded.", "type": "user", "user": {"gender": "male", "id": "3855652", "photo": {"prefix": "https://igx.4sqi.net/img/user/", "suffix": "/LBUYMANPEAFDXZ4F.jpg"}, "firstName": "Adrian", "lastName": "Tan"}, "canonicalUrl": "https://foursquare.com/item/4cd4f0c1aeb1224ba3c31fff", "todo": {"count": 0}, "disagreeCount": 0}, {"authorInteractionType": "liked", "logView": true, "lang": "en", "photo": {"id": "56af5c80498e64c6eb7d586c", "visibility": "public", "source": {"name": "Foursquare for iOS", "url": "https://foursquare.com/download/#/iphone"}, "suffix": "/15009_Z9rU49G7m4rtRvfbXQfdZMEfQ5y_coKJzdViKsO11kM.jpg", "createdAt": 1454333056, "prefix": "https://igx.4sqi.net/img/general/", "width": 1440, "height": 1440}, "createdAt": 1454333050, "todo": {"count": 0}, "agreeCount": 0, "likes": {"groups": [], "count": 0}, "id": "56af5c7a498e18f4add3ab6d", "text": "The local friend who brought me here insisted on sharing a ginger spring onion frog claypot. Surprisingly tasty when paired with a rice porridge.", "disagreeCount": 0, "user": {"gender": "male", "id": "15009", "photo": {"prefix": "https://igx.4sqi.net/img/user/", "suffix": "/15009-MI4OIOYSN1GRXT53.jpg"}, "firstName": "Kars", "lastName": "Alfrink"}, "canonicalUrl": "https://foursquare.com/item/56af5c7a498e18f4add3ab6d", "type": "user", "photourl": "https://igx.4sqi.net/img/general/original/15009_Z9rU49G7m4rtRvfbXQfdZMEfQ5y_coKJzdViKsO11kM.jpg"}, {"logView": true, "lang": "en", "createdAt": 1304862113, "agreeCount": 2, "likes": {"groups": [{"items": [{"gender": "male", "id": "92360676", "photo": {"prefix": "https://igx.4sqi.net/img/user/", "suffix": "/92360676-PVCITTJKJVTDXSW2.jpg"}, "firstName": "Tuan", "lastName": "Minh Nguyen"}, {"gender": "male", "id": "1496007", "photo": {"prefix": "https://igx.4sqi.net/img/user/", "suffix": "/14J4BJ1455HUCZKL.jpg"}, "firstName": "Alex", "lastName": "Carrausse"}], "count": 2, "type": "others"}], "summary": "2 likes", "count": 2}, "id": "4dc69da1ae608779d157d535", "text": "I always have a dish of raw fish to go with plain porridge. And a plate of Lou Bean Curd.", "type": "user", "user": {"gender": "female", "id": "1214436", "photo": {"prefix": "https://igx.4sqi.net/img/user/", "suffix": "/1214436-XS2PND010ZXK3ECP.jpg"}, "firstName": "Christina", "lastName": "Chung"}, "canonicalUrl": "https://foursquare.com/item/4dc69da1ae608779d157d535", "todo": {"count": 0}, "disagreeCount": 0}, {"logView": true, "lang": "en", "createdAt": 1294561693, "agreeCount": 0, "likes": {"groups": [], "count": 0}, "id": "4d29719df7a9224b99e5fe9f", "text": "Porridge very nice.. Idea places to eat after drinking in pubs. :)", "type": "user", "user": {"gender": "male", "id": "5664522", "photo": {"prefix": "https://igx.4sqi.net/img/user/", "suffix": "/UOPEWPEIKJ1JBTVV.jpg"}, "firstName": "Alex", "lastName": "Teo"}, "canonicalUrl": "https://foursquare.com/item/4d29719df7a9224b99e5fe9f", "todo": {"count": 0}, "disagreeCount": 0}, {"logView": true, "lang": "en", "createdAt": 1295780456, "agreeCount": 0, "likes": {"groups": [{"items": [], "count": 2, "type": "others"}], "summary": "2 likes", "count": 2}, "id": "4d3c0a683ec9a35d860c4581", "text": "Soup is pretty good.. the lettuce is horrible!!!!!", "type": "user", "user": {"gender": "female", "id": "6001615", "photo": {"prefix": "https://igx.4sqi.net/img/user/", "suffix": "/OMRDABZSG5HDXGSH.jpg"}, "firstName": "Dawn", "lastName": "Lum"}, "canonicalUrl": "https://foursquare.com/item/4d3c0a683ec9a35d860c4581", "todo": {"count": 0}, "disagreeCount": 0}, {"logView": true, "lang": "en", "createdAt": 1288968501, "agreeCount": 0, "likes": {"groups": [], "count": 0}, "id": "4cd419356be6a143798b9802", "text": "Best porridge around!!!", "type": "user", "user": {"gender": "male", "id": "4137679", "photo": {"prefix": "https://igx.4sqi.net/img/user/", "suffix": "/ASESZLG5XQA2WHZN.jpg"}, "firstName": "Rayyan", "lastName": "Affan"}, "canonicalUrl": "https://foursquare.com/item/4cd419356be6a143798b9802", "todo": {"count": 0}, "disagreeCount": 0}, {"logView": true, "lang": "en", "createdAt": 1320552616, "agreeCount": 0, "likes": {"groups": [], "count": 0}, "id": "4eb608a86c2590eb8856b305", "text": "The frog porridge is a must try!!", "type": "user", "user": {"gender": "female", "id": "14884329", "photo": {"prefix": "https://igx.4sqi.net/img/user/", "suffix": "/YVFHP0QIUUQKX4N1.jpg"}, "firstName": "Sharon", "lastName": "Phua Qiao Wen"}, "canonicalUrl": "https://foursquare.com/item/4eb608a86c2590eb8856b305", "todo": {"count": 0}, "disagreeCount": 0}, {"logView": true, "lang": "en", "createdAt": 1289938358, "agreeCount": 3, "likes": {"groups": [{"items": [], "count": 11, "type": "others"}], "summary": "11 likes", "count": 11}, "id": "4ce2e5b647d5a143c9dc061d", "text": "Those china worker attitude is dam fuck up!", "type": "user", "user": {"gender": "female", "id": "3891908", "photo": {"prefix": "https://igx.4sqi.net/img/user/", "suffix": "/AZDQY4CMKFR4FNPN.jpg"}, "firstName": "KristenBunchen", "lastName": "Toh"}, "canonicalUrl": "https://foursquare.com/item/4ce2e5b647d5a143c9dc061d", "todo": {"count": 2}, "disagreeCount": 0}, {"logView": true, "lang": "en", "createdAt": 1319382643, "agreeCount": 2, "likes": {"groups": [{"items": [{"id": "96075107", "photo": {"prefix": "https://igx.4sqi.net/img/user/", "default": true, "suffix": "/blank_boy.png"}, "firstName": "Jeffrey", "gender": "male"}, {"gender": "female", "id": "5194467", "photo": {"prefix": "https://igx.4sqi.net/img/user/", "suffix": "/5194467-J3RD52BMZAZNILFU.jpg"}, "firstName": "Sharon", "lastName": "Tan"}], "count": 2, "type": "others"}], "summary": "2 likes", "count": 2}, "id": "4ea42e73490102dac35490e9", "text": "their \u4ec0\u7ca5 is a must try! oh ya! and also their \u70b8\u5927\u80a0! :D", "type": "user", "user": {"gender": "female", "id": "3971925", "photo": {"prefix": "https://igx.4sqi.net/img/user/", "suffix": "/O5KHUNVZ3AILSRYC.jpg"}, "firstName": "Josephine", "lastName": "Tan"}, "canonicalUrl": "https://foursquare.com/item/4ea42e73490102dac35490e9", "todo": {"count": 0}, "disagreeCount": 0}, {"logView": true, "lang": "en", "createdAt": 1294419112, "agreeCount": 0, "likes": {"groups": [], "count": 0}, "id": "4d2744a83c795481e414c39b", "text": "The tofu must try!!!!", "type": "user", "user": {"gender": "female", "id": "5420532", "photo": {"prefix": "https://igx.4sqi.net/img/user/", "suffix": "/T2RPMSK0NCXL1XWL.jpg"}, "firstName": "Eunice", "lastName": "Chua"}, "canonicalUrl": "https://foursquare.com/item/4d2744a83c795481e414c39b", "todo": {"count": 0}, "disagreeCount": 0}, {"authorInteractionType": "disliked", "logView": true, "lang": "en", "createdAt": 1430906135, "agreeCount": 0, "likes": {"groups": [], "count": 0}, "id": "5549e517498ee338369b4c1e", "text": "Nothing is good here! Porridge cannot make, frog clay pot also cannot make it, yam ring (the worst I've ever eaten!!)", "type": "user", "user": {"gender": "female", "id": "7906906", "photo": {"prefix": "https://igx.4sqi.net/img/user/", "suffix": "/7906906-JATHLU1LVPAHMBO0.jpg"}, "firstName": "kristie", "lastName": "annabell"}, "canonicalUrl": "https://foursquare.com/item/5549e517498ee338369b4c1e", "todo": {"count": 0}, "disagreeCount": 0}, {"logView": true, "lang": "en", "createdAt": 1325616527, "agreeCount": 0, "likes": {"groups": [], "count": 0}, "id": "4f034d8f30f89923358dfb04", "text": "Disappointed! Standard drop a lot on the porridge. Like mash rice in water!", "type": "user", "user": {"gender": "male", "id": "8044642", "photo": {"prefix": "https://igx.4sqi.net/img/user/", "suffix": "/TSMQO1RS2MSUQEM4.jpg"}, "firstName": "Oscarr Peter", "lastName": "Yuen"}, "canonicalUrl": "https://foursquare.com/item/4f034d8f30f89923358dfb04", "todo": {"count": 0}, "disagreeCount": 0}, {"logView": true, "lang": "en", "createdAt": 1330767428, "agreeCount": 0, "likes": {"groups": [{"items": [], "count": 1, "type": "others"}], "summary": "1 like", "count": 1}, "id": "4f51e644e4b028a91eba01de", "text": "Porridge is soooo good", "type": "user", "user": {"gender": "male", "id": "2860364", "photo": {"prefix": "https://igx.4sqi.net/img/user/", "suffix": "/AUOES2GMVHCV5C4E.jpg"}, "firstName": "Willy", "lastName": "Bilaro"}, "canonicalUrl": "https://foursquare.com/item/4f51e644e4b028a91eba01de", "todo": {"count": 0}, "disagreeCount": 0}, {"logView": true, "lang": "en", "createdAt": 1314336208, "agreeCount": 0, "likes": {"groups": [], "count": 0}, "id": "4e572dd018a802f9c8b67a70", "text": "Pork porridge is my fav not forgetting raw sliced fish! Thumbs up!!", "type": "user", "user": {"gender": "female", "id": "3739878", "photo": {"prefix": "https://igx.4sqi.net/img/user/", "suffix": "/3739878-KDGFL40L42L114NA.jpg"}, "firstName": "Yenny", "lastName": "Bay"}, "canonicalUrl": "https://foursquare.com/item/4e572dd018a802f9c8b67a70", "todo": {"count": 1}, "disagreeCount": 0}, {"logView": true, "lang": "en", "createdAt": 1285084530, "agreeCount": 1, "likes": {"groups": [{"items": [{"gender": "male", "id": "2425289", "photo": {"prefix": "https://igx.4sqi.net/img/user/", "suffix": "/2425289-KSDDLNSKVKYLIXIQ.jpg"}, "firstName": "Kennieth", "lastName": "Ong"}], "count": 1, "type": "others"}], "summary": "1 like", "count": 1}, "id": "4c98d5722778224be57ba768", "text": "Love the pig organ's porridge and claypot frog!", "type": "user", "user": {"id": "2022130", "photo": {"prefix": "https://igx.4sqi.net/img/user/", "suffix": "/EH5TKEQB1OUM52PL.jpg"}, "firstName": "Medy", "gender": "male"}, "canonicalUrl": "https://foursquare.com/item/4c98d5722778224be57ba768", "todo": {"count": 0}, "disagreeCount": 0}, {"authorInteractionType": "liked", "logView": true, "lang": "en", "createdAt": 1407418468, "agreeCount": 0, "likes": {"groups": [], "count": 0}, "id": "53e38064498e2ac7d61f2396", "text": "Get a bowl of pork ball porridge and the dried chilli frogs, mix the sauce in with the porridge and it would be faaaaaaaaantastic", "type": "user", "user": {"gender": "male", "id": "21239523", "photo": {"prefix": "https://igx.4sqi.net/img/user/", "suffix": "/QFXYK5FPITJ3NVIN.jpg"}, "firstName": "Gabriel\u00ae", "lastName": "Yo"}, "canonicalUrl": "https://foursquare.com/item/53e38064498e2ac7d61f2396", "todo": {"count": 0}, "disagreeCount": 0}, {"authorInteractionType": "disliked", "logView": true, "lang": "en", "createdAt": 1430906061, "agreeCount": 0, "likes": {"groups": [], "count": 0}, "id": "5549e4cd498e831830318ec7", "text": "BAD! Worst place! Porridge and frog clay pot was blend less.", "type": "user", "user": {"gender": "female", "id": "7906906", "photo": {"prefix": "https://igx.4sqi.net/img/user/", "suffix": "/7906906-JATHLU1LVPAHMBO0.jpg"}, "firstName": "kristie", "lastName": "annabell"}, "canonicalUrl": "https://foursquare.com/item/5549e4cd498e831830318ec7", "todo": {"count": 0}, "disagreeCount": 0}, {"logView": true, "lang": "en", "createdAt": 1400462740, "agreeCount": 0, "likes": {"groups": [], "count": 0}, "id": "53795d94498e72d3e202dbc7", "text": "Quite disappointing! The fish porridge was watery and too salty. Fish slices weren't fresh and had lots of small bones in it.", "type": "user", "user": {"gender": "female", "id": "10968789", "photo": {"prefix": "https://igx.4sqi.net/img/user/", "suffix": "/EM113OXBHVKK3NI1.jpg"}, "firstName": "HM", "lastName": "Lee"}, "canonicalUrl": "https://foursquare.com/item/53795d94498e72d3e202dbc7", "todo": {"count": 0}, "disagreeCount": 1}, {"logView": true, "lang": "en", "createdAt": 1351239730, "agreeCount": 0, "likes": {"groups": [], "count": 0}, "id": "508a4832e4b0d26215fa669e", "text": "Must try...but must wait..", "type": "user", "user": {"gender": "female", "id": "10123483", "photo": {"prefix": "https://igx.4sqi.net/img/user/", "suffix": "/3GDKRVEBH3SUN0TF.jpg"}, "firstName": "Hazel", "lastName": "Lee"}, "canonicalUrl": "https://foursquare.com/item/508a4832e4b0d26215fa669e", "todo": {"count": 0}, "disagreeCount": 0}, {"logView": true, "lang": "en", "createdAt": 1289881065, "agreeCount": 0, "likes": {"groups": [], "count": 0}, "id": "4ce205e9f8a4a1433146eebc", "text": "All their porridge is nice. Must try if u happen to be in chinatown", "type": "user", "user": {"id": "3592508", "photo": {"prefix": "https://igx.4sqi.net/img/user/", "suffix": "/5N14EX3MGXXUY5SI.jpg"}, "firstName": "Roland", "gender": "male"}, "canonicalUrl": "https://foursquare.com/item/4ce205e9f8a4a1433146eebc", "todo": {"count": 0}, "disagreeCount": 0}, {"logView": true, "lang": "en", "createdAt": 1294312662, "agreeCount": 0, "likes": {"groups": [], "count": 0}, "id": "4d25a4d6be99b60c75f4f86e", "text": "DX superstars' hangout!", "type": "user", "user": {"gender": "none", "id": "4315659", "photo": {"prefix": "https://igx.4sqi.net/img/user/", "suffix": "/5MEDHOYNRSNQUAJV.jpg"}, "firstName": "Elric", "lastName": "Heng"}, "canonicalUrl": "https://foursquare.com/item/4d25a4d6be99b60c75f4f86e", "todo": {"count": 0}, "disagreeCount": 0}, {"logView": true, "lang": "en", "createdAt": 1295672585, "agreeCount": 0, "likes": {"groups": [{"items": [], "count": 9, "type": "others"}], "summary": "9 likes", "count": 9}, "id": "4d3a65096de7721e9b5dee49", "text": "Waited so long for the frog porridge but it's a disappointment! Not that nice, wasn't that spicy & porridge tasteless.. Won't try again\ue40e", "type": "user", "user": {"id": "3023445", "photo": {"prefix": "https://igx.4sqi.net/img/user/", "suffix": "/HMD2VTTETBF0DLCP.jpg"}, "firstName": "Shirley", "gender": "female"}, "canonicalUrl": "https://foursquare.com/item/4d3a65096de7721e9b5dee49", "todo": {"count": 0}, "disagreeCount": 0}, {"logView": true, "lang": "en", "createdAt": 1295888629, "agreeCount": 1, "likes": {"groups": [{"items": [{"gender": "male", "id": "4957799", "photo": {"prefix": "https://igx.4sqi.net/img/user/", "suffix": "/4957799-QGMXZ53DNPNIP3Y0.jpg"}, "firstName": "\ue414 Ignatius \ue10b", "lastName": "De Souza \ue327"}], "count": 1, "type": "others"}], "summary": "1 like", "count": 1}, "id": "4d3db0f56e0aa1cdd220ee2c", "text": "Add an egg or you tiao , it goes well with the porridge ! (:", "type": "user", "user": {"gender": "female", "id": "4482896", "photo": {"prefix": "https://igx.4sqi.net/img/user/", "suffix": "/5MSY403TXKQQLRUU.jpg"}, "firstName": "Joey", "lastName": "Foo"}, "canonicalUrl": "https://foursquare.com/item/4d3db0f56e0aa1cdd220ee2c", "todo": {"count": 0}, "disagreeCount": 0}, {"logView": true, "lang": "zh", "createdAt": 1344082288, "agreeCount": 0, "likes": {"groups": [], "count": 0}, "id": "501d1170e4b04798bbb44aff", "text": "\u5bae\u4fdd\u7530\u9e21\u3001\u59dc\u8471\u7530\u9e21\uff1a\u4e00\u7ea7\u68d2\uff01^O^", "type": "user", "user": {"gender": "female", "id": "24535274", "photo": {"prefix": "https://igx.4sqi.net/img/user/", "suffix": "/VPG5DXHYF41FZCSA.jpg"}, "firstName": "Charlene", "lastName": "Mooi"}, "canonicalUrl": "https://foursquare.com/item/501d1170e4b04798bbb44aff", "todo": {"count": 0}, "disagreeCount": 0}, {"logView": true, "lang": "en", "createdAt": 1419689623, "agreeCount": 0, "likes": {"groups": [], "count": 0}, "id": "549ebe97498e98bf803a11cd", "text": "Nice porridge here", "type": "user", "user": {"id": "2688109", "photo": {"prefix": "https://igx.4sqi.net/img/user/", "suffix": "/2688109_EcwW26uI_pf49c1vRM7CgnJrjwImR0sfpgtrJypjvq8UP0RP3sMHPlqo_lNIcxw87atMGxsIG.jpg"}, "firstName": "Joshua Toh", "gender": "male"}, "canonicalUrl": "https://foursquare.com/item/549ebe97498e98bf803a11cd", "todo": {"count": 0}, "disagreeCount": 0}, {"authorInteractionType": "meh", "logView": true, "lang": "en", "createdAt": 1380901062, "agreeCount": 0, "likes": {"groups": [], "count": 0}, "id": "524ee0c6498e4320b1402044", "text": "Great supper hangout place. Frog leg porridge, century egg porridge, braised toufu...", "type": "user", "user": {"id": "12305570", "photo": {"prefix": "https://igx.4sqi.net/img/user/", "suffix": "/12305570-J3K4UGYLG55R2V4G.jpg"}, "firstName": "Saudade", "gender": "female"}, "canonicalUrl": "https://foursquare.com/item/524ee0c6498e4320b1402044", "todo": {"count": 0}, "disagreeCount": 0}, {"logView": true, "lang": "en", "createdAt": 1331387392, "agreeCount": 0, "likes": {"groups": [{"items": [], "count": 1, "type": "others"}], "summary": "1 like", "count": 1}, "id": "4f5b5c00e4b01f8f4bceff9c", "text": "Food is not good anymore.. People are now complacent as well.. Wont be back..", "type": "user", "user": {"gender": "female", "id": "3532813", "photo": {"prefix": "https://igx.4sqi.net/img/user/", "suffix": "/2MWU34VLG44DKNM5.jpg"}, "firstName": "Clarie", "lastName": "Tang"}, "canonicalUrl": "https://foursquare.com/item/4f5b5c00e4b01f8f4bceff9c", "todo": {"count": 0}, "disagreeCount": 0}, {"logView": true, "lang": "en", "createdAt": 1338026199, "agreeCount": 1, "likes": {"groups": [{"items": [{"gender": "male", "id": "2425289", "photo": {"prefix": "https://igx.4sqi.net/img/user/", "suffix": "/2425289-KSDDLNSKVKYLIXIQ.jpg"}, "firstName": "Kennieth", "lastName": "Ong"}], "count": 1, "type": "others"}], "summary": "1 like", "count": 1}, "id": "4fc0a8d7e4b03278515179d7", "text": "The fried hoon chang is nice! (Y)", "type": "user", "user": {"gender": "female", "id": "10020318", "photo": {"prefix": "https://igx.4sqi.net/img/user/", "suffix": "/10020318-B0LAHVM1OCCF5LKE.jpg"}, "firstName": "Xiaowei", "lastName": "Lin"}, "canonicalUrl": "https://foursquare.com/item/4fc0a8d7e4b03278515179d7", "todo": {"count": 0}, "disagreeCount": 0}, {"logView": true, "lang": "en", "createdAt": 1264305842, "agreeCount": 0, "likes": {"groups": [], "count": 0}, "id": "4b5bc6b270c603bb12b890b4", "text": "Closed on alternate Mondays. Except that I can't figure out which is the alternate Mondays", "type": "user", "user": {"gender": "male", "id": "175443", "photo": {"prefix": "https://igx.4sqi.net/img/user/", "suffix": "/ZJ01SRPSZEMUIM5R.jpg"}, "firstName": "Kwang Liak", "lastName": "Teo"}, "canonicalUrl": "https://foursquare.com/item/4b5bc6b270c603bb12b890b4", "todo": {"count": 2}, "disagreeCount": 0}, {"logView": true, "lang": "zh", "createdAt": 1314297105, "agreeCount": 0, "likes": {"groups": [], "count": 0}, "id": "4e5695117d8b60849c5164f1", "text": "\u62b1\u96fb\u8a71\u7ca5\uff01\u597d\u597d\u5473\u5416\uff01", "type": "user", "user": {"gender": "male", "id": "3890217", "photo": {"prefix": "https://igx.4sqi.net/img/user/", "suffix": "/3890217-XWRM2JJGY5INFWPX.jpg"}, "firstName": "Sean", "lastName": "Momo"}, "canonicalUrl": "https://foursquare.com/item/4e5695117d8b60849c5164f1", "todo": {"count": 1}, "disagreeCount": 0}, {"logView": true, "lang": "en", "createdAt": 1379730942, "agreeCount": 0, "likes": {"groups": [], "count": 0}, "id": "523d05fe11d241f546761c14", "text": "Normal and nothing spectacular.", "type": "user", "user": {"gender": "male", "id": "51470687", "photo": {"prefix": "https://igx.4sqi.net/img/user/", "suffix": "/KFCOUF555UEVSAN3.jpg"}, "firstName": "Hianmin", "lastName": "Tan"}, "canonicalUrl": "https://foursquare.com/item/523d05fe11d241f546761c14", "todo": {"count": 0}, "disagreeCount": 0}, {"logView": true, "lang": "en", "createdAt": 1452416817, "agreeCount": 0, "likes": {"groups": [], "count": 0}, "id": "56921f31498e0f18f7f334e1", "text": "How their Lemon Tea is done = Teh O Peng + lemon! Tops! The \"home made lemon tea\" served elsewhere via dispenser, made from syrup is just... awful!", "type": "user", "user": {"gender": "female", "id": "4405257", "photo": {"prefix": "https://igx.4sqi.net/img/user/", "suffix": "/EGEOHIDRCNTRLVYJ.jpg"}, "firstName": "Pam", "lastName": "Sia"}, "canonicalUrl": "https://foursquare.com/item/56921f31498e0f18f7f334e1", "todo": {"count": 0}, "disagreeCount": 0}, {"authorInteractionType": "disliked", "logView": true, "lang": "th", "photo": {"id": "572cc088498e72a55ec6e870", "visibility": "public", "source": {"name": "Foursquare for iOS", "url": "https://foursquare.com/download/#/iphone"}, "suffix": "/217401_Zb9LoJWlhKlw9VMOXwPwjgRY7zUR28d8gwZrm8mDX74.jpg", "createdAt": 1462550664, "prefix": "https://igx.4sqi.net/img/general/", "width": 1440, "height": 1440}, "createdAt": 1462550641, "todo": {"count": 0}, "agreeCount": 1, "likes": {"groups": [{"items": [{"gender": "male", "id": "191917", "photo": {"prefix": "https://igx.4sqi.net/img/user/", "suffix": "/191917_1IH6cDbd_AE1ICuzIXM_siNFIMPLhiCP_ydmsbKyChsTbWtMhx-EdkZ_1QfmN2n61bQ7e-_FC.jpg"}, "firstName": "Chutchapol", "lastName": "Youngwiriyakul"}], "count": 1, "type": "others"}], "summary": "1 like", "count": 1}, "id": "572cc071498e379a1b1349b2", "text": "No English speaker, bad service. Try sell but ni explain, pleas skip.\u0e42\u0e08\u0e4a\u0e01\u0e01\u0e1a\u0e44\u0e0a\u0e19\u0e48\u0e32\u0e17\u0e32\u0e27\u0e19\u0e4c\u0e2a\u0e34\u0e07\u0e04\u0e42\u0e1b\u0e23\u0e4c \u0e44\u0e21\u0e48\u0e41\u0e19\u0e30\u0e19\u0e33 \u0e08\u0e37\u0e14\u0e17\u0e35\u0e48\u0e2a\u0e33\u0e04\u0e31\u0e0d\u0e40\u0e02\u0e32\u0e2a\u0e37\u0e48\u0e2d\u0e2a\u0e32\u0e23\u0e2d\u0e31\u0e07\u0e01\u0e24\u0e29\u0e44\u0e21\u0e48\u0e44\u0e14\u0e49 \u0e1a\u0e23\u0e34\u0e01\u0e32\u0e23\u0e41\u0e22\u0e48 \u0e15\u0e49\u0e2d\u0e07\u0e2a\u0e31\u0e48\u0e07\u0e40\u0e2d\u0e07\u0e01\u0e47\u0e44\u0e21\u0e48\u0e1a\u0e2d\u0e01 \u0e1e\u0e22\u0e32\u0e22\u0e32\u0e21\u0e02\u0e32\u0e22\u0e41\u0e15\u0e48\u0e44\u0e21\u0e48\u0e1e\u0e22\u0e32\u0e22\u0e32\u0e21\u0e2d\u0e18\u0e34\u0e1a\u0e32\u0e22\u0e2d\u0e31\u0e19\u0e43\u0e14", "disagreeCount": 0, "user": {"gender": "male", "id": "217401", "photo": {"prefix": "https://igx.4sqi.net/img/user/", "suffix": "/XG1AGWNY53EDPBQ2.jpg"}, "firstName": "Kriangkrai", "lastName": "Santipojana"}, "canonicalUrl": "https://foursquare.com/item/572cc071498e379a1b1349b2", "type": "user", "photourl": "https://igx.4sqi.net/img/general/original/217401_Zb9LoJWlhKlw9VMOXwPwjgRY7zUR28d8gwZrm8mDX74.jpg"}, {"authorInteractionType": "liked", "logView": true, "lang": "en", "createdAt": 1460242942, "agreeCount": 0, "likes": {"groups": [], "count": 0}, "id": "570989fe498e44390ca69c23", "text": "Better than the others", "type": "user", "user": {"gender": "female", "id": "7808805", "photo": {"prefix": "https://igx.4sqi.net/img/user/", "suffix": "/7808805-E5HD2XFJQGELIOUU.jpg"}, "firstName": "M\u00e8o", "lastName": "\u00c1c"}, "canonicalUrl": "https://foursquare.com/item/570989fe498e44390ca69c23", "todo": {"count": 0}, "disagreeCount": 0}, {"logView": true, "lang": "en", "createdAt": 1316609995, "agreeCount": 0, "likes": {"groups": [], "count": 0}, "id": "4e79dfcb52b1fc6a4b184829", "text": "The fish head noodle soup with milk is yumz! Would be better if they had the fine mee hoon as an option. They only have the thick mee hoon", "type": "user", "user": {"gender": "female", "id": "779105", "photo": {"prefix": "https://igx.4sqi.net/img/user/", "suffix": "/779105_iufFoz1p_TGeH3r-6rpWz3-c7QS5QdlM09YjiYPQWAEYBD-M3QQj8XfrrWh0jlDb9J2rOdyr0.jpg"}, "firstName": "Debra", "lastName": "Chang"}, "canonicalUrl": "https://foursquare.com/item/4e79dfcb52b1fc6a4b184829", "todo": {"count": 0}, "disagreeCount": 0}, {"logView": true, "lang": "en", "createdAt": 1301057310, "agreeCount": 0, "likes": {"groups": [], "count": 0}, "id": "4d8c8f1e788c5481f6bf0bfd", "text": "raw fish is good! must try!", "type": "user", "user": {"gender": "female", "id": "6691878", "photo": {"prefix": "https://igx.4sqi.net/img/user/", "suffix": "/NJSJ2NQSMHS0Y0NH.jpg"}, "firstName": "Lee San", "lastName": "Koh"}, "canonicalUrl": "https://foursquare.com/item/4d8c8f1e788c5481f6bf0bfd", "todo": {"count": 0}, "disagreeCount": 0}, {"logView": true, "lang": "en", "createdAt": 1336056586, "agreeCount": 1, "likes": {"groups": [{"items": [{"gender": "female", "id": "21734790", "photo": {"prefix": "https://igx.4sqi.net/img/user/", "suffix": "/ZXOWTIDFCAEGA3KP.jpg"}, "firstName": "Sarah", "lastName": "Hiew"}], "count": 1, "type": "others"}], "summary": "1 like", "count": 1}, "id": "4fa29b0ae4b0b509030f6151", "text": "My first time here. Porridge okay only. Not very fantastic.", "type": "user", "user": {"gender": "female", "id": "11612357", "photo": {"prefix": "https://igx.4sqi.net/img/user/", "suffix": "/11612357-42GFTB4I1D3DORDO.jpg"}, "firstName": "Sheena", "lastName": "T.S.Y"}, "canonicalUrl": "https://foursquare.com/item/4fa29b0ae4b0b509030f6151", "todo": {"count": 0}, "disagreeCount": 0}, {"logView": true, "lang": "en", "createdAt": 1276258513, "agreeCount": 4, "likes": {"groups": [{"items": [{"gender": "female", "id": "18489706", "photo": {"prefix": "https://igx.4sqi.net/img/user/", "suffix": "/18489706-PW1IWXM4GBENVRFS.jpg"}, "firstName": "C.", "lastName": "L."}, {"gender": "male", "id": "133248", "photo": {"prefix": "https://igx.4sqi.net/img/user/", "suffix": "/133248-TQP0VRP1KDAEKABR.jpg"}, "firstName": "Cris", "lastName": "Pearson"}, {"gender": "male", "id": "1481833", "photo": {"prefix": "https://igx.4sqi.net/img/user/", "suffix": "/1481833-2GJDUI3XGUA42J34.jpg"}, "firstName": "Gabriel", "lastName": "Jang"}, {"gender": "male", "id": "3569561", "photo": {"prefix": "https://igx.4sqi.net/img/user/", "suffix": "/3569561-2BVVILTRC1URN42O.jpg"}, "firstName": "Daniel", "lastName": "Seet"}], "count": 4, "type": "others"}], "summary": "4 likes", "count": 4}, "id": "4c1228d17f7f2d7f3eb9dc68", "text": "Come here with the one you love. The porridge will taste nicer", "type": "user", "user": {"gender": "female", "id": "853157", "photo": {"prefix": "https://igx.4sqi.net/img/user/", "suffix": "/ZUMSQC3B13MHEMXU.jpg"}, "firstName": "Wee", "lastName": "Jing Feng"}, "canonicalUrl": "https://foursquare.com/item/4c1228d17f7f2d7f3eb9dc68", "todo": {"count": 1}, "disagreeCount": 0}, {"authorInteractionType": "liked", "logView": true, "lang": "en", "createdAt": 1314160486, "agreeCount": 1, "likes": {"groups": [{"items": [{"gender": "male", "id": "31983753", "photo": {"prefix": "https://igx.4sqi.net/img/user/", "suffix": "/JZSSH55QPSUPP4AG.jpg"}, "firstName": "Suryanto", "lastName": "Tjong"}], "count": 1, "type": "others"}], "summary": "1 like", "count": 1}, "id": "4e547f6652b146870674dcd5", "text": "The best porridge in Singapore.", "type": "user", "user": {"id": "6974596", "photo": {"prefix": "https://igx.4sqi.net/img/user/", "suffix": "/6974596-ZR0PSJRAYXDPWX0E.jpg"}, "firstName": "\u2761race", "gender": "female"}, "canonicalUrl": "https://foursquare.com/item/4e547f6652b146870674dcd5", "todo": {"count": 0}, "disagreeCount": 0}, {"authorInteractionType": "meh", "logView": true, "lang": "en", "createdAt": 1403186270, "agreeCount": 0, "likes": {"groups": [], "count": 0}, "id": "53a2ec5e498e132c494ecab8", "text": "braised chix feet \ud83d\ude0b\ud83d\ude0b\ud83d\ude0b", "type": "user", "user": {"gender": "female", "id": "3240108", "photo": {"prefix": "https://igx.4sqi.net/img/user/", "suffix": "/3240108-IRCEOWELX252AL3V.jpg"}, "firstName": "shAnn", "lastName": "heSter"}, "canonicalUrl": "https://foursquare.com/item/53a2ec5e498e132c494ecab8", "todo": {"count": 0}, "disagreeCount": 0}, {"logView": true, "lang": "en", "createdAt": 1337403191, "agreeCount": 0, "likes": {"groups": [], "count": 0}, "id": "4fb72737e4b0f61106212b54", "text": "Fffhvcvcfffgffff", "type": "user", "user": {"gender": "male", "id": "25582059", "photo": {"prefix": "https://igx.4sqi.net/img/user/", "suffix": "/25582059-BXR2UKZXXSUZSNOX.jpg"}, "firstName": "\u2605kiss the city\u2605\u592a\u5b50\u2605", "lastName": "\u2605\u98ce\u4e91\u2605BLUE SKY\u2605"}, "canonicalUrl": "https://foursquare.com/item/4fb72737e4b0f61106212b54", "todo": {"count": 0}, "disagreeCount": 0}, {"logView": true, "lang": "en", "createdAt": 1390202871, "agreeCount": 0, "likes": {"groups": [], "count": 0}, "id": "52dccff711d2b85aa1889392", "text": "Nice porridge", "type": "user", "user": {"id": "5432269", "photo": {"prefix": "https://igx.4sqi.net/img/user/", "suffix": "/BVRSH54PAWBWJO0A.jpg"}, "firstName": "Rayson", "gender": "male"}, "canonicalUrl": "https://foursquare.com/item/52dccff711d2b85aa1889392", "todo": {"count": 0}, "disagreeCount": 0}, {"logView": true, "lang": "en", "createdAt": 1349704775, "agreeCount": 0, "likes": {"groups": [], "count": 0}, "id": "5072dc47e4b0fee14b6f275a", "text": "Nice porridge n open till late nite.", "type": "user", "user": {"gender": "female", "id": "35145889", "photo": {"prefix": "https://igx.4sqi.net/img/user/", "suffix": "/PNXRGXYDU41JOZLW.jpg"}, "firstName": "Kenix", "lastName": "Ong"}, "canonicalUrl": "https://foursquare.com/item/5072dc47e4b0fee14b6f275a", "todo": {"count": 0}, "disagreeCount": 0}, {"logView": true, "lang": "en", "createdAt": 1403017340, "agreeCount": 0, "likes": {"groups": [], "count": 0}, "id": "53a0587c11d28fdc96e6b1e9", "text": "Fish porridge is nice, but I feel very thirsty after eating it..", "type": "user", "user": {"id": "30562435", "photo": {"prefix": "https://igx.4sqi.net/img/user/", "suffix": "/30562435_hUw1KD7B_ShBcKe1imgkwRIttRjSGO9rGggBEWarx0l83VA3x8LWxHTxNyKMDTzJOlCFgvJC1.jpg"}, "firstName": "minzyiii", "gender": "female"}, "canonicalUrl": "https://foursquare.com/item/53a0587c11d28fdc96e6b1e9", "todo": {"count": 0}, "disagreeCount": 0}, {"logView": true, "lang": "th", "createdAt": 1379866630, "agreeCount": 0, "likes": {"groups": [], "count": 0}, "id": "523f180611d2637725f99abe", "text": "\u0e23\u0e2d\u0e42\u0e08\u0e4a\u0e01\u0e2d\u0e22\u0e39\u0e48 15\u0e19\u0e32\u0e17\u0e35 \u0e44\u0e21\u0e48\u0e23\u0e38\u0e49\u0e17\u0e33\u0e44\u0e21\u0e16\u0e36\u0e07\u0e0a\u0e49\u0e32 \u0e41\u0e15\u0e48\u0e17\u0e48\u0e32\u0e17\u0e32\u0e07\u0e17\u0e38\u0e01\u0e04\u0e19\u0e44\u0e21\u0e48\u0e21\u0e35\u0e43\u0e04\u0e23\u0e40\u0e23\u0e48\u0e07\u0e23\u0e35\u0e1a \u0e04\u0e48\u0e2d\u0e22\u0e46\u0e0b\u0e14\u0e42\u0e08\u0e4a\u0e01\u0e23\u0e49\u0e2d\u0e19\u0e46\u0e43\u0e19\u0e2d\u0e32\u0e01\u0e32\u0e28\u0e23\u0e49\u0e2d\u0e19\u0e46 \u0e23\u0e2a\u0e0a\u0e32\u0e15\u0e34\u0e18\u0e23\u0e23\u0e21\u0e14\u0e32\u0e46 \u0e44\u0e21\u0e48\u0e21\u0e35\u0e2d\u0e30\u0e44\u0e23\u0e1e\u0e34\u0e40\u0e28\u0e29 \u0e08\u0e1a\u0e02\u0e48\u0e32\u0e27", "type": "user", "user": {"gender": "male", "id": "28166353", "photo": {"prefix": "https://igx.4sqi.net/img/user/", "suffix": "/QZBV0PJB0IR4S0WG.jpg"}, "firstName": "Moneymooner", "lastName": "Moo"}, "canonicalUrl": "https://foursquare.com/item/523f180611d2637725f99abe", "todo": {"count": 0}, "disagreeCount": 0}, {"logView": true, "lang": "en", "createdAt": 1295888586, "agreeCount": 1, "likes": {"groups": [{"items": [{"gender": "male", "id": "4957799", "photo": {"prefix": "https://igx.4sqi.net/img/user/", "suffix": "/4957799-QGMXZ53DNPNIP3Y0.jpg"}, "firstName": "\ue414 Ignatius \ue10b", "lastName": "De Souza \ue327"}], "count": 1, "type": "others"}], "summary": "1 like", "count": 1}, "id": "4d3db0cad2c8f04dac736c72", "text": "The frog porridge is great ! Must try (Y)", "type": "user", "user": {"gender": "female", "id": "4482896", "photo": {"prefix": "https://igx.4sqi.net/img/user/", "suffix": "/5MSY403TXKQQLRUU.jpg"}, "firstName": "Joey", "lastName": "Foo"}, "canonicalUrl": "https://foursquare.com/item/4d3db0cad2c8f04dac736c72", "todo": {"count": 1}, "disagreeCount": 0}, {"logView": true, "lang": "en", "createdAt": 1320928832, "agreeCount": 0, "likes": {"groups": [], "count": 0}, "id": "4ebbc64030f8ec57ef13853b", "text": "4 letter to describe \"SUCK\" dun be mistaken by the crowds..it nt worth to Q and eat as their sauce,porridge taste had worsen til no way to save them! Even a normall coffee shop cook better!", "type": "user", "user": {"gender": "male", "id": "7222082", "photo": {"prefix": "https://igx.4sqi.net/img/user/", "default": true, "suffix": "/blank_boy.png"}, "firstName": "Marcus", "lastName": "Koh"}, "canonicalUrl": "https://foursquare.com/item/4ebbc64030f8ec57ef13853b", "todo": {"count": 0}, "disagreeCount": 0}, {"logView": true, "lang": "en", "createdAt": 1411047885, "agreeCount": 0, "likes": {"groups": [], "count": 0}, "id": "541ae1cd498ee3537a57f438", "text": "Everyone is here for the porridge!!", "type": "user", "user": {"gender": "female", "id": "87739875", "photo": {"prefix": "https://igx.4sqi.net/img/user/", "suffix": "/87739875-NGSQFRGZY0LKNKFT.jpg"}, "firstName": "Liou", "lastName": "Yu"}, "canonicalUrl": "https://foursquare.com/item/541ae1cd498ee3537a57f438", "todo": {"count": 0}, "disagreeCount": 0}, {"authorInteractionType": "liked", "logView": true, "lang": "en", "createdAt": 1415813042, "agreeCount": 0, "likes": {"groups": [], "count": 0}, "id": "546397b2498eb1621f3bfe5a", "text": "Wait too long", "type": "user", "user": {"gender": "female", "id": "86102629", "photo": {"prefix": "https://igx.4sqi.net/img/user/", "suffix": "/86102629-W5N4ROE2L3VPC534.jpg"}, "firstName": "H\u01b0\u1edbng D\u01b0\u01a1ng", "lastName": "Vicky"}, "canonicalUrl": "https://foursquare.com/item/546397b2498eb1621f3bfe5a", "todo": {"count": 0}, "disagreeCount": 0}, {"logView": true, "lang": "en", "createdAt": 1330141772, "agreeCount": 0, "likes": {"groups": [], "count": 0}, "id": "4f485a4ce4b0e4755cc98d7a", "text": "My first porridge in town and I love it! U guys hv to try! XD", "type": "user", "user": {"gender": "male", "id": "18731478", "photo": {"prefix": "https://igx.4sqi.net/img/user/", "default": true, "suffix": "/blank_boy.png"}, "firstName": "Davin", "lastName": "Ali"}, "canonicalUrl": "https://foursquare.com/item/4f485a4ce4b0e4755cc98d7a", "todo": {"count": 0}, "disagreeCount": 0}, {"logView": true, "lang": "en", "createdAt": 1390838514, "agreeCount": 0, "likes": {"groups": [], "count": 0}, "id": "52e682f211d29dd261c70e19", "text": "Order the frog clay pot and raw fish then wait for the awesomeness.", "type": "user", "user": {"gender": "male", "id": "787499", "photo": {"prefix": "https://igx.4sqi.net/img/user/", "suffix": "/UCO5EJRC32NUZNYM.jpg"}, "firstName": "Todd", "lastName": "Dragoo"}, "canonicalUrl": "https://foursquare.com/item/52e682f211d29dd261c70e19", "todo": {"count": 0}, "disagreeCount": 0}, {"logView": true, "lang": "en", "createdAt": 1431192388, "agreeCount": 0, "likes": {"groups": [], "count": 0}, "id": "554e4344498e1b4aafed668a", "text": "Serve lots of type of porridge here . The lohnui (egg) is good  . Love the yu pian zhou :)", "type": "user", "user": {"gender": "female", "id": "35334763", "photo": {"prefix": "https://igx.4sqi.net/img/user/", "suffix": "/35334763-NG0IP4FR4FHKB5QG.jpg"}, "firstName": "Aoiwyuu", "lastName": "\u2744"}, "canonicalUrl": "https://foursquare.com/item/554e4344498e1b4aafed668a", "todo": {"count": 0}, "disagreeCount": 0}, {"authorInteractionType": "liked", "logView": true, "lang": "en", "createdAt": 1453619017, "agreeCount": 0, "likes": {"groups": [], "count": 0}, "id": "56a47749498e691afec2e34b", "text": "Be prepared for the long wait on weekends. But the porridge taste damn good.", "type": "user", "user": {"gender": "female", "id": "42668193", "photo": {"prefix": "https://igx.4sqi.net/img/user/", "suffix": "/TD0GT2403DBIQDT5.jpg"}, "firstName": "Elizabeth", "lastName": "Lee"}, "canonicalUrl": "https://foursquare.com/item/56a47749498e691afec2e34b", "todo": {"count": 0}, "disagreeCount": 0}, {"logView": true, "lang": "en", "createdAt": 1312692769, "agreeCount": 0, "likes": {"groups": [], "count": 0}, "id": "4e3e1a21d22d102e854bc743", "text": "How the foods try and you know!", "type": "user", "user": {"id": "3856597", "photo": {"prefix": "https://igx.4sqi.net/img/user/", "suffix": "/D4NN1FWHPD5NIWLQ.jpg"}, "firstName": "Lee", "gender": "none"}, "canonicalUrl": "https://foursquare.com/item/4e3e1a21d22d102e854bc743", "todo": {"count": 0}, "disagreeCount": 0}, {"logView": true, "lang": "en", "createdAt": 1400980915, "agreeCount": 0, "likes": {"groups": [], "count": 0}, "id": "538145b3498e5e44a0fb43df", "text": "Claypot froglegs, raw fish slices and braised tofu is a great combination with plain porridge.", "type": "user", "user": {"id": "73513234", "photo": {"prefix": "https://igx.4sqi.net/img/user/", "suffix": "/73513234-X0V4EVYDT3NAFWXN.jpg"}, "firstName": "Rachel", "gender": "female"}, "canonicalUrl": "https://foursquare.com/item/538145b3498e5e44a0fb43df", "todo": {"count": 1}, "disagreeCount": 0}, {"logView": true, "lang": "en", "createdAt": 1314108184, "agreeCount": 0, "likes": {"groups": [], "count": 0}, "id": "4e53b318e4cd13d10480f0aa", "text": "Upstairs got more sitting area!", "type": "user", "user": {"id": "3856597", "photo": {"prefix": "https://igx.4sqi.net/img/user/", "suffix": "/D4NN1FWHPD5NIWLQ.jpg"}, "firstName": "Lee", "gender": "none"}, "canonicalUrl": "https://foursquare.com/item/4e53b318e4cd13d10480f0aa", "todo": {"count": 0}, "disagreeCount": 0}, {"logView": true, "lang": "en", "createdAt": 1351401773, "agreeCount": 0, "likes": {"groups": [], "count": 0}, "id": "508cc12de4b02ba9b220ea46", "text": "Frog porridge and raw fish must try", "type": "user", "user": {"gender": "female", "id": "31471015", "photo": {"prefix": "https://igx.4sqi.net/img/user/", "suffix": "/MLXA32EDRHZTCX54.jpg"}, "firstName": "Winnie", "lastName": "Phua"}, "canonicalUrl": "https://foursquare.com/item/508cc12de4b02ba9b220ea46", "todo": {"count": 0}, "disagreeCount": 0}, {"logView": true, "lang": "en", "photo": {"id": "522c937911d2118ea1be74c7", "visibility": "public", "source": {"name": "Foursquare for iOS", "url": "https://foursquare.com/download/#/iphone"}, "suffix": "/33309197_SknvtkgZm4j7KLFGhIqaUsGw9bPN9OAyVifNdoFfTlc.jpg", "createdAt": 1378653049, "prefix": "https://igx.4sqi.net/img/general/", "width": 960, "height": 720}, "createdAt": 1378653038, "todo": {"count": 0}, "agreeCount": 0, "likes": {"groups": [], "count": 0}, "id": "522c936e11d2d2dda173bcd5", "text": "I tried the mixed porridge. Pretty good. Be prepared to wait for a bit. The place is always packed, but then it's also the only place around that's open late. 7/10", "disagreeCount": 0, "user": {"gender": "male", "id": "33309197", "photo": {"prefix": "https://igx.4sqi.net/img/user/", "suffix": "/CSCNUWK22WCE2Z55.jpg"}, "firstName": "ming", "lastName": "jen"}, "canonicalUrl": "https://foursquare.com/item/522c936e11d2d2dda173bcd5", "type": "user", "photourl": "https://igx.4sqi.net/img/general/original/33309197_SknvtkgZm4j7KLFGhIqaUsGw9bPN9OAyVifNdoFfTlc.jpg"}, {"logView": true, "lang": "th", "createdAt": 1407435950, "agreeCount": 0, "likes": {"groups": [], "count": 0}, "id": "53e3c4ae498e1550f3abbb95", "text": "\u0e40\u0e1b\u0e34\u0e14\u0e16\u0e36\u0e07\u0e15\u0e35\u0e2a\u0e35\u0e48 \u0e42\u0e08\u0e4a\u0e01\u0e23\u0e27\u0e21\u0e2d\u0e23\u0e48\u0e2d\u0e22\u0e21\u0e32\u0e01\u0e01\u0e01\u0e01", "type": "user", "user": {"gender": "male", "id": "364705", "photo": {"prefix": "https://igx.4sqi.net/img/user/", "suffix": "/K2F2LGHTDEGPYU2J.jpg"}, "firstName": "Mark", "lastName": "VII"}, "canonicalUrl": "https://foursquare.com/item/53e3c4ae498e1550f3abbb95", "todo": {"count": 0}, "disagreeCount": 0}, {"logView": true, "lang": "en", "createdAt": 1335073183, "agreeCount": 0, "likes": {"groups": [], "count": 0}, "id": "4f93999fe4b015eb3dcaae9b", "text": "Much better here at night with Kristin the day service staff here sucks big time ESP  that Tracy Thai", "type": "user", "user": {"id": "1756255", "photo": {"prefix": "https://igx.4sqi.net/img/user/", "suffix": "/VIDRBPHNLK0TGD5Z.jpg"}, "firstName": "Joseph", "gender": "none"}, "canonicalUrl": "https://foursquare.com/item/4f93999fe4b015eb3dcaae9b", "todo": {"count": 0}, "disagreeCount": 0}, {"logView": true, "lang": "en", "createdAt": 1357650330, "agreeCount": 0, "likes": {"groups": [], "count": 0}, "id": "50ec199ae4b04732a9ae1894", "text": "Try the frog porridge, bean curd, fish beehoon!", "type": "user", "user": {"gender": "female", "id": "1790784", "photo": {"prefix": "https://igx.4sqi.net/img/user/", "suffix": "/4BJ2ERMYCAXU2GUW.jpg"}, "firstName": "Lyd", "lastName": "ia"}, "canonicalUrl": "https://foursquare.com/item/50ec199ae4b04732a9ae1894", "todo": {"count": 0}, "disagreeCount": 0}, {"logView": true, "lang": "en", "createdAt": 1417618797, "agreeCount": 1, "likes": {"groups": [{"items": [{"gender": "female", "id": "8195883", "photo": {"prefix": "https://igx.4sqi.net/img/user/", "default": true, "suffix": "/blank_girl.png"}, "firstName": "Nicole", "lastName": "Yong"}], "count": 1, "type": "others"}], "summary": "1 like", "count": 1}, "id": "547f256d498ea511635974b1", "text": "Raw fish + plain porridge + boiled egg w/ gravy (l\u00fc d\u00e0n) FTW! Love their century egg porridge too", "type": "user", "user": {"gender": "female", "id": "4405257", "photo": {"prefix": "https://igx.4sqi.net/img/user/", "suffix": "/EGEOHIDRCNTRLVYJ.jpg"}, "firstName": "Pam", "lastName": "Sia"}, "canonicalUrl": "https://foursquare.com/item/547f256d498ea511635974b1", "todo": {"count": 0}, "disagreeCount": 0}, {"authorInteractionType": "liked", "logView": true, "lang": "en", "createdAt": 1446808726, "agreeCount": 0, "likes": {"groups": [], "count": 0}, "id": "563c8c96cd105c54fa6a72d1", "text": "Porridge and Raw Fish\ud83d\udc4d", "type": "user", "user": {"id": "20063187", "photo": {"prefix": "https://igx.4sqi.net/img/user/", "suffix": "/DBS04TFSZON4KZF0.jpg"}, "firstName": "Droem", "gender": "none"}, "canonicalUrl": "https://foursquare.com/item/563c8c96cd105c54fa6a72d1", "todo": {"count": 0}, "disagreeCount": 0}, {"authorInteractionType": "liked", "logView": true, "lang": "en", "photo": {"id": "58cbcba44bc2f16e37f16d3b", "visibility": "public", "source": {"name": "Foursquare for iOS", "url": "https://foursquare.com/download/#/iphone"}, "suffix": "/20063187_O4jmAljt_VgTABFza4Ut5UppoIvvTHuit_xZfMUNehc.jpg", "createdAt": 1489750948, "prefix": "https://igx.4sqi.net/img/general/", "width": 1920, "height": 1440}, "createdAt": 1489750943, "todo": {"count": 0}, "agreeCount": 0, "likes": {"groups": [], "count": 0}, "id": "58cbcb9fb6e67d6432298e9c", "text": "This is how they served the food  now... Untidy", "disagreeCount": 0, "user": {"id": "20063187", "photo": {"prefix": "https://igx.4sqi.net/img/user/", "suffix": "/DBS04TFSZON4KZF0.jpg"}, "firstName": "Droem", "gender": "none"}, "canonicalUrl": "https://foursquare.com/item/58cbcb9fb6e67d6432298e9c", "type": "user", "photourl": "https://igx.4sqi.net/img/general/original/20063187_O4jmAljt_VgTABFza4Ut5UppoIvvTHuit_xZfMUNehc.jpg"}, {"logView": true, "lang": "en", "createdAt": 1289624774, "agreeCount": 0, "likes": {"groups": [], "count": 0}, "id": "4cde1cc6f8cdb1f7fc478912", "text": "Raw fish, a must-try side dish", "type": "user", "user": {"gender": "female", "id": "4093610", "photo": {"prefix": "https://igx.4sqi.net/img/user/", "suffix": "/5FKBQXE2PKSIIOYA.jpg"}, "firstName": "Tian", "lastName": "Lim"}, "canonicalUrl": "https://foursquare.com/item/4cde1cc6f8cdb1f7fc478912", "todo": {"count": 0}, "disagreeCount": 0}, {"logView": true, "lang": "en", "createdAt": 1289955246, "agreeCount": 0, "likes": {"groups": [], "count": 0}, "id": "4ce327ae11fca093088866a8", "text": "Always long queue at night. I find it...awful. -.-\" but no much to eat ard this area during night time.", "type": "user", "user": {"gender": "female", "id": "4534774", "photo": {"prefix": "https://igx.4sqi.net/img/user/", "suffix": "/0FQO3MTWR5N3EOBR.jpg"}, "firstName": "Angela", "lastName": "Wong"}, "canonicalUrl": "https://foursquare.com/item/4ce327ae11fca093088866a8", "todo": {"count": 0}, "disagreeCount": 0}, {"logView": true, "lang": "en", "createdAt": 1295609653, "agreeCount": 0, "likes": {"groups": [], "count": 0}, "id": "4d396f3549cb236af4dcaf47", "text": "Super crowded at dinner time, after paying can wait for at least 20 mins before food is served", "type": "user", "user": {"gender": "male", "id": "5285309", "photo": {"prefix": "https://igx.4sqi.net/img/user/", "suffix": "/TZ5D0EHC33ERIAHX.jpg"}, "firstName": "Jake", "lastName": "Wood"}, "canonicalUrl": "https://foursquare.com/item/4d396f3549cb236af4dcaf47", "todo": {"count": 0}, "disagreeCount": 0}, {"logView": true, "lang": "en", "createdAt": 1291463122, "agreeCount": 0, "likes": {"groups": [{"items": [], "count": 1, "type": "others"}], "summary": "1 like", "count": 1}, "id": "4cfa29d27945224b2f5b7ee7", "text": "Gong bao frog w porridge + veggie + tofu is damn shiok. \ue00e", "type": "user", "user": {"gender": "none", "id": "2292221", "photo": {"prefix": "https://igx.4sqi.net/img/user/", "suffix": "/2ZHCHYUOH3WOSIXE.jpg"}, "firstName": "Yuhao", "lastName": "Lim"}, "canonicalUrl": "https://foursquare.com/item/4cfa29d27945224b2f5b7ee7", "todo": {"count": 0}, "disagreeCount": 0}], "count": 91}}}