{"meta": {"code": 200, "requestId": "595a4cc14434b96bff4b1e4f"}, "response": {"tips": {"items": [{"logView": true, "lang": "en", "createdAt": 1339304354, "agreeCount": 0, "likes": {"groups": [], "count": 0}, "id": "4fd429a2e4b003bf7ac740e1", "text": "Try the chicken rice at 01-17! Better than Xiang ji.", "type": "user", "user": {"gender": "female", "id": "18171159", "photo": {"prefix": "https://igx.4sqi.net/img/user/", "suffix": "/PB2K2UMUJAGGWOJC.jpg"}, "firstName": "Brenda", "lastName": "Ng"}, "canonicalUrl": "https://foursquare.com/item/4fd429a2e4b003bf7ac740e1", "todo": {"count": 0}, "disagreeCount": 0}, {"logView": true, "lang": "en", "createdAt": 1334881262, "agreeCount": 0, "likes": {"groups": [], "count": 0}, "id": "4f90abeee4b0fd3d6496911d", "text": "Nan Yuan coffee o is still the best.", "type": "user", "user": {"gender": "male", "id": "23741198", "photo": {"prefix": "https://igx.4sqi.net/img/user/", "suffix": "/VG20N2XGKX3X4IOK.jpg"}, "firstName": "EC", "lastName": "Ong"}, "canonicalUrl": "https://foursquare.com/item/4f90abeee4b0fd3d6496911d", "todo": {"count": 0}, "disagreeCount": 0}, {"logView": true, "lang": "en", "createdAt": 1317695001, "agreeCount": 0, "likes": {"groups": [], "count": 0}, "id": "4e8a6e196c25a192d53b968d", "text": "Today then i know the kopiO here just only 60cts", "type": "user", "user": {"id": "4782443", "photo": {"prefix": "https://igx.4sqi.net/img/user/", "suffix": "/FRKAFTOZTY4RIK4F.jpg"}, "firstName": "beng", "gender": "male"}, "canonicalUrl": "https://foursquare.com/item/4e8a6e196c25a192d53b968d", "todo": {"count": 1}, "disagreeCount": 0}, {"logView": true, "lang": "en", "createdAt": 1303863187, "agreeCount": 2, "likes": {"groups": [{"items": [{"gender": "male", "id": "5171359", "photo": {"prefix": "https://igx.4sqi.net/img/user/", "suffix": "/5171359-VURXJXJASLSIRXQY.jpg"}, "firstName": "Alvin", "lastName": "Tay"}, {"gender": "male", "id": "1587612", "photo": {"prefix": "https://igx.4sqi.net/img/user/", "suffix": "/WUQUUGAPXZNRT2CI.jpg"}, "firstName": "Felix", "lastName": "Chia"}], "count": 2, "type": "others"}], "summary": "2 likes", "count": 2}, "id": "4db75f931e7206c23cf245bb", "text": "Guang Liang kueh chup is one of the best kueh chup you can find in Singapore!", "type": "user", "user": {"gender": "male", "id": "6302539", "photo": {"prefix": "https://igx.4sqi.net/img/user/", "suffix": "/C2LYMRHVDWNQDR2C.jpg"}, "firstName": "Jeff", "lastName": "Chua"}, "canonicalUrl": "https://foursquare.com/item/4db75f931e7206c23cf245bb", "todo": {"count": 0}, "disagreeCount": 0}, {"logView": true, "lang": "en", "createdAt": 1304742559, "agreeCount": 0, "likes": {"groups": [], "count": 0}, "id": "4dc4ca9f18387d1bd52d7a60", "text": "Yong Tau Fool #01-16Try the ngo hiong & fish cake", "type": "user", "user": {"id": "8803011", "photo": {"prefix": "https://igx.4sqi.net/img/user/", "suffix": "/5T54GU0TRU04LBMG.jpg"}, "firstName": "Tuck Soon", "gender": "male"}, "canonicalUrl": "https://foursquare.com/item/4dc4ca9f18387d1bd52d7a60", "todo": {"count": 0}, "disagreeCount": 0}, {"logView": true, "lang": "en", "createdAt": 1336887293, "agreeCount": 0, "likes": {"groups": [], "count": 0}, "id": "4faf47fde4b0815908310143", "text": "Yong tao foo is good but disappoibted they increase their prices!", "type": "user", "user": {"gender": "male", "id": "23741198", "photo": {"prefix": "https://igx.4sqi.net/img/user/", "suffix": "/VG20N2XGKX3X4IOK.jpg"}, "firstName": "EC", "lastName": "Ong"}, "canonicalUrl": "https://foursquare.com/item/4faf47fde4b0815908310143", "todo": {"count": 0}, "disagreeCount": 0}, {"logView": true, "lang": "en", "photo": {"id": "5441bb1f498e8134c964ec3a", "visibility": "public", "source": {"name": "Foursquare for iOS", "url": "https://foursquare.com/download/#/iphone"}, "suffix": "/231366_P8SGtEvqkgH-g1dgNmV6n7FkeWZ-P0lvvq3ciKhjS1s.jpg", "createdAt": 1413593887, "prefix": "https://igx.4sqi.net/img/general/", "width": 960, "height": 720}, "createdAt": 1413593884, "todo": {"count": 0}, "agreeCount": 0, "likes": {"groups": [], "count": 0}, "id": "5441bb1c498e51025fc3fb1e", "text": "Parking. There's a basement parking below the wet market for abt 40 cars. Enter fr Bedok Reservoir Rd. If full, plenty of open-air bays nearby", "disagreeCount": 0, "user": {"gender": "male", "id": "231366", "photo": {"prefix": "https://igx.4sqi.net/img/user/", "suffix": "/231366-Q2ZSAEF50GYUXPDA.jpg"}, "firstName": "Cheen", "lastName": "The Curious"}, "canonicalUrl": "https://foursquare.com/item/5441bb1c498e51025fc3fb1e", "type": "user", "photourl": "https://igx.4sqi.net/img/general/original/231366_P8SGtEvqkgH-g1dgNmV6n7FkeWZ-P0lvvq3ciKhjS1s.jpg"}, {"logView": true, "lang": "en", "createdAt": 1306466249, "agreeCount": 0, "likes": {"groups": [], "count": 0}, "id": "4ddf17c9c65bb5e319caa3cc", "text": "The chicken rice awesome!", "type": "user", "user": {"gender": "male", "id": "4793158", "photo": {"prefix": "https://igx.4sqi.net/img/user/", "suffix": "/5SB2BNMPDF20Q4IB.jpg"}, "firstName": "Cornelius", "lastName": "Lee"}, "canonicalUrl": "https://foursquare.com/item/4ddf17c9c65bb5e319caa3cc", "todo": {"count": 0}, "disagreeCount": 0}, {"logView": true, "lang": "en", "createdAt": 1380337965, "agreeCount": 0, "likes": {"groups": [], "count": 0}, "id": "5246492d11d23bcf642fb416", "text": "Not enough tables and chairs. Also it's full of old folks.", "type": "user", "user": {"id": "1165118", "photo": {"prefix": "https://igx.4sqi.net/img/user/", "suffix": "/1165118-QK22Z3ZM4YG3FYKH.jpg"}, "firstName": "Malcolm", "gender": "male"}, "canonicalUrl": "https://foursquare.com/item/5246492d11d23bcf642fb416", "todo": {"count": 0}, "disagreeCount": 0}, {"logView": true, "lang": "en", "createdAt": 1313036457, "agreeCount": 0, "likes": {"groups": [], "count": 0}, "id": "4e4358a97d8bee2823907031", "text": "I like the turtle soup, #01-30. they off o every monday & tuesday.", "type": "user", "user": {"id": "4782443", "photo": {"prefix": "https://igx.4sqi.net/img/user/", "suffix": "/FRKAFTOZTY4RIK4F.jpg"}, "firstName": "beng", "gender": "male"}, "canonicalUrl": "https://foursquare.com/item/4e4358a97d8bee2823907031", "todo": {"count": 1}, "disagreeCount": 0}, {"logView": true, "lang": "en", "createdAt": 1292650634, "agreeCount": 1, "likes": {"groups": [{"items": [{"gender": "male", "id": "44281896", "photo": {"prefix": "https://igx.4sqi.net/img/user/", "suffix": "/BY13F5T2JHUBDMJP.jpg"}, "firstName": "Neu", "lastName": "Tea"}], "count": 1, "type": "others"}], "summary": "1 like", "count": 1}, "id": "4d0c488a1f6bf04d07c77631", "text": "Super awesome chilli Fishball noodles..at #01-25 always my Top choice!! and e chicken rice is BEST! @ #01-26", "type": "user", "user": {"gender": "female", "id": "3149869", "photo": {"prefix": "https://igx.4sqi.net/img/user/", "suffix": "/VAABXLI4VHZRQMB3.jpg"}, "firstName": "Wallis", "lastName": "Night"}, "canonicalUrl": "https://foursquare.com/item/4d0c488a1f6bf04d07c77631", "todo": {"count": 0}, "disagreeCount": 1}, {"authorInteractionType": "liked", "logView": true, "lang": "en", "createdAt": 1423448337, "agreeCount": 1, "likes": {"groups": [{"items": [{"gender": "male", "id": "838688", "photo": {"prefix": "https://igx.4sqi.net/img/user/", "suffix": "/838688-SIB5XGNCAALEBPM4.jpg"}, "firstName": "Patrick", "lastName": "Peh"}], "count": 1, "type": "others"}], "summary": "1 like", "count": 1}, "id": "54d81911498e8a8ee5b9ccb7", "text": "Everything is here! I really love this neighbourhood!", "type": "user", "user": {"gender": "female", "id": "42926737", "photo": {"prefix": "https://igx.4sqi.net/img/user/", "suffix": "/42926737_jtOKUnVl_7ZPVLU293IJrG2wIqo1E6QptB_C7gGx_Jlg2PFZBPnWdP9w7DUUtue9Xzj9TQDAS.jpg"}, "firstName": "Connie", "lastName": "\ud83c\udf40"}, "canonicalUrl": "https://foursquare.com/item/54d81911498e8a8ee5b9ccb7", "todo": {"count": 0}, "disagreeCount": 0}, {"logView": true, "lang": "zh", "createdAt": 1376804110, "agreeCount": 3, "likes": {"groups": [{"items": [{"gender": "male", "id": "838688", "photo": {"prefix": "https://igx.4sqi.net/img/user/", "suffix": "/838688-SIB5XGNCAALEBPM4.jpg"}, "firstName": "Patrick", "lastName": "Peh"}, {"gender": "female", "id": "7041041", "photo": {"prefix": "https://igx.4sqi.net/img/user/", "suffix": "/ZSX1CQHLEQ4GC3CT.jpg"}, "firstName": "Apple", "lastName": "Tan"}, {"gender": "male", "id": "44281896", "photo": {"prefix": "https://igx.4sqi.net/img/user/", "suffix": "/BY13F5T2JHUBDMJP.jpg"}, "firstName": "Neu", "lastName": "Tea"}], "count": 3, "type": "others"}], "summary": "3 likes", "count": 3}, "id": "52105d0e498e8ae7a5967215", "text": "\u5149\u4eae\u7cbf\u6c41Blk 630 Bedok Reservoir Road #01-35 Bedok Reservoir Road Food Centre Open 5:30am to 12:30 pm Rest on Mon", "type": "user", "user": {"gender": "male", "id": "44281896", "photo": {"prefix": "https://igx.4sqi.net/img/user/", "suffix": "/BY13F5T2JHUBDMJP.jpg"}, "firstName": "Neu", "lastName": "Tea"}, "canonicalUrl": "https://foursquare.com/item/52105d0e498e8ae7a5967215", "todo": {"count": 1}, "disagreeCount": 0}, {"logView": true, "lang": "en", "createdAt": 1448411343, "agreeCount": 0, "likes": {"groups": [], "count": 0}, "id": "565500cf498e9c3008883f9f", "text": "#01-19 loh mee is nice", "type": "user", "user": {"gender": "female", "id": "12178386", "photo": {"prefix": "https://igx.4sqi.net/img/user/", "suffix": "/12178386-KI501QNQ4SXEY0E0.jpg"}, "firstName": "Wendy", "lastName": "Lim"}, "canonicalUrl": "https://foursquare.com/item/565500cf498e9c3008883f9f", "todo": {"count": 0}, "disagreeCount": 0}, {"logView": true, "lang": "en", "createdAt": 1298692494, "agreeCount": 0, "likes": {"groups": [], "count": 0}, "id": "4d68798e2acd6ea89e022ec0", "text": "No one recommend the chicken rice that always long q...right beside the noodle store", "type": "user", "user": {"gender": "male", "id": "6517753", "photo": {"prefix": "https://igx.4sqi.net/img/user/", "suffix": "/GCRECEZDGQPQO3CB.jpg"}, "firstName": "Edward", "lastName": "Lim"}, "canonicalUrl": "https://foursquare.com/item/4d68798e2acd6ea89e022ec0", "todo": {"count": 0}, "disagreeCount": 0}, {"logView": true, "lang": "en", "photo": {"id": "53f2aefd498e5ddb265fe9e4", "visibility": "public", "source": {"name": "Foursquare for iOS", "url": "https://foursquare.com/download/#/iphone"}, "suffix": "/1568080_FBgpuNw04GjWdgR3e_nLZUC5_keloQuNttUp32YK8Bw.jpg", "createdAt": 1408413437, "prefix": "https://igx.4sqi.net/img/general/", "width": 720, "height": 960}, "createdAt": 1408413434, "todo": {"count": 0}, "agreeCount": 1, "likes": {"groups": [{"items": [{"gender": "male", "id": "44281896", "photo": {"prefix": "https://igx.4sqi.net/img/user/", "suffix": "/BY13F5T2JHUBDMJP.jpg"}, "firstName": "Neu", "lastName": "Tea"}], "count": 1, "type": "others"}], "summary": "1 like", "count": 1}, "id": "53f2aefa498ee4fa8a280bd6", "text": "Shan Yuan vegetarian food is da bomb! Healthy brown rice w veggies & tofu. My only concern is the sweetness in the sauces. Thumbs up nonetheless!", "disagreeCount": 0, "user": {"gender": "male", "id": "1568080", "photo": {"prefix": "https://igx.4sqi.net/img/user/", "suffix": "/E1CZYJYVT3GAUNJ5.jpg"}, "firstName": "W", "lastName": "Ho"}, "canonicalUrl": "https://foursquare.com/item/53f2aefa498ee4fa8a280bd6", "type": "user", "photourl": "https://igx.4sqi.net/img/general/original/1568080_FBgpuNw04GjWdgR3e_nLZUC5_keloQuNttUp32YK8Bw.jpg"}, {"logView": true, "lang": "en", "createdAt": 1298787859, "agreeCount": 0, "likes": {"groups": [], "count": 0}, "id": "4d69ee1367a8f04d444914be", "text": "If you all didn't try the chicken rice you will regret it is the best even though you ate it many time\ue415\ue15ago there now", "type": "user", "user": {"gender": "male", "id": "6238113", "photo": {"prefix": "https://igx.4sqi.net/img/user/", "suffix": "/1W4YJNFL5JS0X3L1.jpg"}, "firstName": "Aloysius", "lastName": "Lian"}, "canonicalUrl": "https://foursquare.com/item/4d69ee1367a8f04d444914be", "todo": {"count": 0}, "disagreeCount": 0}, {"logView": true, "lang": "en", "createdAt": 1299400464, "agreeCount": 0, "likes": {"groups": [], "count": 0}, "id": "4d734710ff6ba35dacc87a8a", "text": "The Ice kacang here very nice.", "type": "user", "user": {"gender": "female", "id": "3123278", "photo": {"prefix": "https://igx.4sqi.net/img/user/", "suffix": "/XCPPW1NQ50SOJDC0.jpg"}, "firstName": "lyeza", "lastName": "kadir"}, "canonicalUrl": "https://foursquare.com/item/4d734710ff6ba35dacc87a8a", "todo": {"count": 0}, "disagreeCount": 0}, {"logView": true, "lang": "en", "createdAt": 1297917198, "agreeCount": 4, "likes": {"groups": [{"items": [{"gender": "male", "id": "838688", "photo": {"prefix": "https://igx.4sqi.net/img/user/", "suffix": "/838688-SIB5XGNCAALEBPM4.jpg"}, "firstName": "Patrick", "lastName": "Peh"}, {"gender": "male", "id": "44281896", "photo": {"prefix": "https://igx.4sqi.net/img/user/", "suffix": "/BY13F5T2JHUBDMJP.jpg"}, "firstName": "Neu", "lastName": "Tea"}, {"gender": "male", "id": "41183888", "photo": {"prefix": "https://igx.4sqi.net/img/user/", "suffix": "/4PROWDVXAREDQVT1.jpg"}, "firstName": "Daviz", "lastName": "Poh"}, {"gender": "female", "id": "1779315", "photo": {"prefix": "https://igx.4sqi.net/img/user/", "suffix": "/SAESDH4D5UGPHUJN.gif"}, "firstName": "Enie Shiyin", "lastName": "Teo"}], "count": 4, "type": "others"}], "summary": "4 likes", "count": 4}, "id": "4d5ca50ef57ca0909e9681e0", "text": "\"Xiang Ji\" Chicken rice ranked 7th out of 10 nationwide for \"Best Hawker Chicken Rice Stall\"Keng Lock wantan mee. though waiting time varies from 10mins to 45mins. worth a try.", "type": "user", "user": {"id": "2592258", "photo": {"prefix": "https://igx.4sqi.net/img/user/", "suffix": "/2592258-4EKQKBUW1DZ2C2A2.jpg"}, "firstName": "Alittlefatlamb", "gender": "male"}, "canonicalUrl": "https://foursquare.com/item/4d5ca50ef57ca0909e9681e0", "todo": {"count": 1}, "disagreeCount": 0}, {"logView": true, "lang": "en", "createdAt": 1287531637, "agreeCount": 0, "likes": {"groups": [], "count": 0}, "id": "4cbe2c759ca85481c03baf16", "text": "\"630 Vegetarian\" is a must try!! The light yet flavorful variety of vegetarian dishes will definitely revolutionize your taste buds!", "type": "user", "user": {"gender": "female", "id": "3879675", "photo": {"prefix": "https://igx.4sqi.net/img/user/", "suffix": "/UCVGRQ2BIC3H2ECI.jpg"}, "firstName": "Wendy", "lastName": "Kua"}, "canonicalUrl": "https://foursquare.com/item/4cbe2c759ca85481c03baf16", "todo": {"count": 0}, "disagreeCount": 0}, {"logView": true, "lang": "en", "createdAt": 1413690015, "agreeCount": 0, "likes": {"groups": [], "count": 0}, "id": "5443329f498eb102d167524b", "text": "Noodles. Yong Li #01-15 overcooked our noodles, spoiling overall taste of our wantan mee & chicken feet noodles. Wantans were tasty though", "type": "user", "user": {"gender": "male", "id": "231366", "photo": {"prefix": "https://igx.4sqi.net/img/user/", "suffix": "/231366-Q2ZSAEF50GYUXPDA.jpg"}, "firstName": "Cheen", "lastName": "The Curious"}, "canonicalUrl": "https://foursquare.com/item/5443329f498eb102d167524b", "todo": {"count": 0}, "disagreeCount": 0}, {"logView": true, "lang": "en", "createdAt": 1318733817, "agreeCount": 0, "likes": {"groups": [], "count": 0}, "id": "4e9a47f902d5df1b503326d5", "text": "The wet market Yong tau Fu stall at #01-83 is reasonable priced n nice.", "type": "user", "user": {"gender": "female", "id": "4206797", "photo": {"prefix": "https://igx.4sqi.net/img/user/", "suffix": "/RF3QS03UQGDZV5BU.jpg"}, "firstName": "Helen", "lastName": "Sim"}, "canonicalUrl": "https://foursquare.com/item/4e9a47f902d5df1b503326d5", "todo": {"count": 0}, "disagreeCount": 0}, {"logView": true, "lang": "en", "createdAt": 1319942037, "agreeCount": 1, "likes": {"groups": [{"items": [{"gender": "male", "id": "838688", "photo": {"prefix": "https://igx.4sqi.net/img/user/", "suffix": "/838688-SIB5XGNCAALEBPM4.jpg"}, "firstName": "Patrick", "lastName": "Peh"}], "count": 1, "type": "others"}], "summary": "1 like", "count": 1}, "id": "4eacb795b63433968776f1d1", "text": "Try out the wantan mee here. Take note that it's one of the most popular stalls so be prepared to wait", "type": "user", "user": {"gender": "male", "id": "176913", "photo": {"prefix": "https://igx.4sqi.net/img/user/", "suffix": "/1TJOLS0TWO3YCOWG.jpg"}, "firstName": "Julian", "lastName": "Chow"}, "canonicalUrl": "https://foursquare.com/item/4eacb795b63433968776f1d1", "todo": {"count": 1}, "disagreeCount": 0}, {"logView": true, "lang": "en", "photo": {"id": "55444048498ed296e1b5c459", "visibility": "public", "source": {"name": "Foursquare for Android", "url": "https://foursquare.com/download/#/android"}, "suffix": "/121913284_PDvQFyAXCl7KY8KqE1UFzl6bsoS_1je-ZBLpcZShd7Q.jpg", "createdAt": 1430536264, "prefix": "https://igx.4sqi.net/img/general/", "width": 960, "height": 540}, "createdAt": 1430536262, "todo": {"count": 0}, "agreeCount": 0, "likes": {"groups": [], "count": 0}, "id": "55444046498e5f4efc7f430c", "text": "Yong Tau Foo #01-16", "disagreeCount": 0, "user": {"gender": "male", "id": "121913284", "photo": {"prefix": "https://igx.4sqi.net/img/user/", "suffix": "/121913284-5BSOXTZZBUOC2GJJ.jpg"}, "firstName": "Xun Jing", "lastName": "Toh"}, "canonicalUrl": "https://foursquare.com/item/55444046498e5f4efc7f430c", "type": "user", "photourl": "https://igx.4sqi.net/img/general/original/121913284_PDvQFyAXCl7KY8KqE1UFzl6bsoS_1je-ZBLpcZShd7Q.jpg"}, {"logView": true, "lang": "en", "createdAt": 1318733860, "agreeCount": 0, "likes": {"groups": [{"items": [], "count": 1, "type": "others"}], "summary": "1 like", "count": 1}, "id": "4e9a4824cc215f3adcbf398a", "text": "The wet market Yong tau Fu stall at #01-82 is reasonably priced n nice.", "type": "user", "user": {"gender": "female", "id": "4206797", "photo": {"prefix": "https://igx.4sqi.net/img/user/", "suffix": "/RF3QS03UQGDZV5BU.jpg"}, "firstName": "Helen", "lastName": "Sim"}, "canonicalUrl": "https://foursquare.com/item/4e9a4824cc215f3adcbf398a", "todo": {"count": 0}, "disagreeCount": 0}, {"logView": true, "lang": "en", "createdAt": 1340766573, "agreeCount": 0, "likes": {"groups": [{"items": [], "count": 1, "type": "others"}], "summary": "1 like", "count": 1}, "id": "4fea796de4b0164fb0ef49a4", "text": "Fishball Noodles & Meatball Soup is one of the best here. Store facing 7-11.", "type": "user", "user": {"gender": "male", "id": "11415743", "photo": {"prefix": "https://igx.4sqi.net/img/user/", "suffix": "/MZN5BTJVRIXXAVCS.jpg"}, "firstName": "RealJimmy", "lastName": "Wei Fa"}, "canonicalUrl": "https://foursquare.com/item/4fea796de4b0164fb0ef49a4", "todo": {"count": 0}, "disagreeCount": 0}, {"logView": true, "lang": "en", "createdAt": 1291520396, "agreeCount": 0, "likes": {"groups": [], "count": 0}, "id": "4cfb098cd8468cfa5a2df26b", "text": "Try to xing Li shou Shi white carrot cake with lots of chili:)", "type": "user", "user": {"gender": "female", "id": "3169230", "photo": {"prefix": "https://igx.4sqi.net/img/user/", "suffix": "/NTBSQ3XKE0QW5GY4.jpg"}, "firstName": "Karrie", "lastName": "Ngai"}, "canonicalUrl": "https://foursquare.com/item/4cfb098cd8468cfa5a2df26b", "todo": {"count": 1}, "disagreeCount": 0}, {"logView": true, "lang": "en", "createdAt": 1316750099, "agreeCount": 0, "likes": {"groups": [], "count": 0}, "id": "4e7c031314957e40c03c28e2", "text": "Chicken rice at \u9999\u8bb0\u9e21\u996d is one of the best I've had.... Must try", "type": "user", "user": {"gender": "male", "id": "10684697", "photo": {"prefix": "https://igx.4sqi.net/img/user/", "suffix": "/4EZWEMMB5WGY3UXA.jpg"}, "firstName": "Christopher", "lastName": "Thia"}, "canonicalUrl": "https://foursquare.com/item/4e7c031314957e40c03c28e2", "todo": {"count": 0}, "disagreeCount": 0}, {"logView": true, "lang": "en", "createdAt": 1358914884, "agreeCount": 0, "likes": {"groups": [], "count": 0}, "id": "50ff6544e4b05950021902b7", "text": "IMHO, best dried ban mian is located here at stall #01-15...", "type": "user", "user": {"gender": "male", "id": "634908", "photo": {"prefix": "https://igx.4sqi.net/img/user/", "suffix": "/634908-GD4BT5YBJV1Y21DM.jpg"}, "firstName": "Andrew", "lastName": "Teoh"}, "canonicalUrl": "https://foursquare.com/item/50ff6544e4b05950021902b7", "todo": {"count": 0}, "disagreeCount": 0}, {"logView": true, "lang": "en", "createdAt": 1374992499, "agreeCount": 0, "likes": {"groups": [], "count": 0}, "id": "51f4b873498e63e1dd0fb5be", "text": "Supposedly best Chicken Rice is really just average, and the Kway chap that recently went on television tastes plain as hell. Overall, a HUGE disappointment.", "type": "user", "user": {"gender": "female", "id": "53254320", "photo": {"prefix": "https://igx.4sqi.net/img/user/", "suffix": "/OPXZIFEFNPHV5GTL.jpg"}, "firstName": "Jiaqi", "lastName": "Chua"}, "canonicalUrl": "https://foursquare.com/item/51f4b873498e63e1dd0fb5be", "todo": {"count": 0}, "disagreeCount": 0}, {"logView": true, "lang": "en", "createdAt": 1322364588, "agreeCount": 0, "likes": {"groups": [], "count": 0}, "id": "4ed1aeac0e61efa332ab68da", "text": "The kway tiao here is good.", "type": "user", "user": {"gender": "male", "id": "3535946", "photo": {"prefix": "https://igx.4sqi.net/img/user/", "suffix": "/4NQACTGXWNE0CWUX.jpg"}, "firstName": "Terence", "lastName": "Tay"}, "canonicalUrl": "https://foursquare.com/item/4ed1aeac0e61efa332ab68da", "todo": {"count": 0}, "disagreeCount": 0}, {"logView": true, "lang": "en", "photo": {"id": "5441b82a498e16df93191209", "visibility": "public", "source": {"name": "Foursquare for iOS", "url": "https://foursquare.com/download/#/iphone"}, "suffix": "/231366_iAFjy3892GxcnOFfcSsMRBruPQ1ju9Nu7qAkkhKertg.jpg", "createdAt": 1413593130, "prefix": "https://igx.4sqi.net/img/general/", "width": 960, "height": 720}, "createdAt": 1413593127, "todo": {"count": 0}, "agreeCount": 1, "likes": {"groups": [{"items": [{"gender": "male", "id": "44281896", "photo": {"prefix": "https://igx.4sqi.net/img/user/", "suffix": "/BY13F5T2JHUBDMJP.jpg"}, "firstName": "Neu", "lastName": "Tea"}], "count": 1, "type": "others"}], "summary": "1 like", "count": 1}, "id": "5441b827498eb102d152c7fb", "text": "Kopi. Locals in neighbourhood zoom in on Nan Yuan Beverage #01-12. Owner/chief barista has an uncanny skill: he takes orders of 4-5 customers, makes all drinks, & serve them in correct order!", "disagreeCount": 0, "user": {"gender": "male", "id": "231366", "photo": {"prefix": "https://igx.4sqi.net/img/user/", "suffix": "/231366-Q2ZSAEF50GYUXPDA.jpg"}, "firstName": "Cheen", "lastName": "The Curious"}, "canonicalUrl": "https://foursquare.com/item/5441b827498eb102d152c7fb", "type": "user", "photourl": "https://igx.4sqi.net/img/general/original/231366_iAFjy3892GxcnOFfcSsMRBruPQ1ju9Nu7qAkkhKertg.jpg"}, {"logView": true, "lang": "en", "photo": {"id": "5456de14498e1183b84b3e4f", "visibility": "public", "source": {"name": "Foursquare for iOS", "url": "https://foursquare.com/download/#/iphone"}, "suffix": "/231366_K0jk-4ZK5MlYr7wns2Y2LA2KAgvFsEfNeXpHCkNI6DY.jpg", "createdAt": 1414979092, "prefix": "https://igx.4sqi.net/img/general/", "width": 960, "height": 720}, "createdAt": 1414979089, "todo": {"count": 1}, "agreeCount": 2, "likes": {"groups": [{"items": [{"gender": "male", "id": "838688", "photo": {"prefix": "https://igx.4sqi.net/img/user/", "suffix": "/838688-SIB5XGNCAALEBPM4.jpg"}, "firstName": "Patrick", "lastName": "Peh"}, {"gender": "male", "id": "44281896", "photo": {"prefix": "https://igx.4sqi.net/img/user/", "suffix": "/BY13F5T2JHUBDMJP.jpg"}, "firstName": "Neu", "lastName": "Tea"}], "count": 2, "type": "others"}], "summary": "2 likes", "count": 2}, "id": "5456de11498ea8be2642ade4", "text": "Prata was tasty & crispy from Zaafira #01-04. No wonder it's extra busy on weekends", "disagreeCount": 0, "user": {"gender": "male", "id": "231366", "photo": {"prefix": "https://igx.4sqi.net/img/user/", "suffix": "/231366-Q2ZSAEF50GYUXPDA.jpg"}, "firstName": "Cheen", "lastName": "The Curious"}, "canonicalUrl": "https://foursquare.com/item/5456de11498ea8be2642ade4", "type": "user", "photourl": "https://igx.4sqi.net/img/general/original/231366_K0jk-4ZK5MlYr7wns2Y2LA2KAgvFsEfNeXpHCkNI6DY.jpg"}, {"logView": true, "lang": "en", "createdAt": 1333888095, "agreeCount": 0, "likes": {"groups": [], "count": 0}, "id": "4f81845fe4b020c7beef719a", "text": "Thai cuisine is good!", "type": "user", "user": {"gender": "none", "id": "10681316", "photo": {"prefix": "https://igx.4sqi.net/img/user/", "suffix": "/4TCMSLJCLOHHD04N.jpg"}, "firstName": "Kai Wen", "lastName": "Teo"}, "canonicalUrl": "https://foursquare.com/item/4f81845fe4b020c7beef719a", "todo": {"count": 0}, "disagreeCount": 0}, {"logView": true, "lang": "en", "createdAt": 1287286581, "agreeCount": 1, "likes": {"groups": [{"items": [{"gender": "male", "id": "35187327", "photo": {"prefix": "https://igx.4sqi.net/img/user/", "suffix": "/QYLMNCELBHSVNZVI.jpg"}, "firstName": "Edwin", "lastName": "Ang"}], "count": 1, "type": "others"}], "summary": "1 like", "count": 1}, "id": "4cba6f350180721e74599a61", "text": "If you feel like having noodles today, do try out the Noodle Stall #01-03. Their fishballs are tasty and bouncy! ;)", "type": "user", "user": {"gender": "male", "id": "1021608", "photo": {"prefix": "https://igx.4sqi.net/img/user/", "suffix": "/0ZY055PCFOALSXSJ.jpg"}, "firstName": "Lester", "lastName": "Ho"}, "canonicalUrl": "https://foursquare.com/item/4cba6f350180721e74599a61", "todo": {"count": 0}, "disagreeCount": 0}, {"logView": true, "lang": "en", "createdAt": 1288830816, "agreeCount": 0, "likes": {"groups": [], "count": 0}, "id": "4cd1ff605b5ca35d3aee84f0", "text": "Try shan yuan vegetarian food . It's good!!!", "type": "user", "user": {"gender": "male", "id": "4200650", "photo": {"prefix": "https://igx.4sqi.net/img/user/", "suffix": "/DYBM4PIY3EKRL1K1.jpg"}, "firstName": "Vincent", "lastName": "Choo"}, "canonicalUrl": "https://foursquare.com/item/4cd1ff605b5ca35d3aee84f0", "todo": {"count": 1}, "disagreeCount": 0}, {"logView": true, "lang": "en", "createdAt": 1292125269, "agreeCount": 0, "likes": {"groups": [], "count": 0}, "id": "4d0444552f96f04dc0fd1c54", "text": "Guan Liang Cooked Food, #01-35, very yummy kway chup! The garlic infused soup is extremely fragrant! =)", "type": "user", "user": {"gender": "female", "id": "3715676", "photo": {"prefix": "https://igx.4sqi.net/img/user/", "default": true, "suffix": "/blank_girl.png"}, "firstName": "Pamela", "lastName": "Poh"}, "canonicalUrl": "https://foursquare.com/item/4d0444552f96f04dc0fd1c54", "todo": {"count": 0}, "disagreeCount": 0}, {"logView": true, "lang": "en", "photo": {"id": "5441b3fd498e9c234606a466", "visibility": "public", "source": {"name": "Foursquare for iOS", "url": "https://foursquare.com/download/#/iphone"}, "suffix": "/231366_DY-8WYiFV1ebnE19Oo2I-q8aurIS95uty_pYuqOujN0.jpg", "createdAt": 1413592061, "prefix": "https://igx.4sqi.net/img/general/", "width": 960, "height": 720}, "createdAt": 1413592058, "todo": {"count": 1}, "agreeCount": 1, "likes": {"groups": [{"items": [{"gender": "male", "id": "838688", "photo": {"prefix": "https://igx.4sqi.net/img/user/", "suffix": "/838688-SIB5XGNCAALEBPM4.jpg"}, "firstName": "Patrick", "lastName": "Peh"}], "count": 1, "type": "others"}], "summary": "1 like", "count": 1}, "id": "5441b3fa498e47847bd40c3b", "text": "Wantan mee. Nothing noteworthy fr Keng Lock #01-32. Char siew (BBQ pork) slices were butchered. Wantans were haphazardly made. Saving grace was the soup :-P", "disagreeCount": 1, "user": {"gender": "male", "id": "231366", "photo": {"prefix": "https://igx.4sqi.net/img/user/", "suffix": "/231366-Q2ZSAEF50GYUXPDA.jpg"}, "firstName": "Cheen", "lastName": "The Curious"}, "canonicalUrl": "https://foursquare.com/item/5441b3fa498e47847bd40c3b", "type": "user", "photourl": "https://igx.4sqi.net/img/general/original/231366_DY-8WYiFV1ebnE19Oo2I-q8aurIS95uty_pYuqOujN0.jpg"}, {"logView": true, "lang": "en", "createdAt": 1304468803, "agreeCount": 1, "likes": {"groups": [{"items": [{"gender": "male", "id": "44281896", "photo": {"prefix": "https://igx.4sqi.net/img/user/", "suffix": "/BY13F5T2JHUBDMJP.jpg"}, "firstName": "Neu", "lastName": "Tea"}], "count": 1, "type": "others"}], "summary": "1 like", "count": 1}, "id": "4dc09d43d16455f83216939e", "text": "Shun Li hot & cold drink. Coffee power & cheap. #01-31", "type": "user", "user": {"gender": "male", "id": "4752233", "photo": {"prefix": "https://igx.4sqi.net/img/user/", "suffix": "/4N5UUW0A1SJZA0WD.jpg"}, "firstName": "Sincent", "lastName": "Soh"}, "canonicalUrl": "https://foursquare.com/item/4dc09d43d16455f83216939e", "todo": {"count": 0}, "disagreeCount": 0}, {"logView": true, "lang": "en", "createdAt": 1296262616, "agreeCount": 0, "likes": {"groups": [{"items": [], "count": 3, "type": "others"}], "summary": "3 likes", "count": 3}, "id": "4d4365d81ed56dcb99eea254", "text": "The quay chap here and turtle soup is very good", "type": "user", "user": {"gender": "male", "id": "1467395", "photo": {"prefix": "https://igx.4sqi.net/img/user/", "suffix": "/VMF4Z52J4LOBG5RO.jpg"}, "firstName": "Chris", "lastName": "Jang"}, "canonicalUrl": "https://foursquare.com/item/4d4365d81ed56dcb99eea254", "todo": {"count": 0}, "disagreeCount": 0}, {"logView": true, "lang": "en", "createdAt": 1431226832, "agreeCount": 0, "likes": {"groups": [], "count": 0}, "id": "554ec9d0498e4316997227b0", "text": "Only one in the family who's awake......", "type": "user", "user": {"gender": "male", "id": "10499557", "photo": {"prefix": "https://igx.4sqi.net/img/user/", "suffix": "/10499557-11WNY1QSEKNEIF4L.jpg"}, "firstName": "Jingyi", "lastName": "Yeo"}, "canonicalUrl": "https://foursquare.com/item/554ec9d0498e4316997227b0", "todo": {"count": 0}, "disagreeCount": 0}, {"logView": true, "lang": "en", "createdAt": 1394845197, "agreeCount": 2, "likes": {"groups": [{"items": [{"gender": "male", "id": "44281896", "photo": {"prefix": "https://igx.4sqi.net/img/user/", "suffix": "/BY13F5T2JHUBDMJP.jpg"}, "firstName": "Neu", "lastName": "Tea"}, {"id": "83988572", "photo": {"prefix": "https://igx.4sqi.net/img/user/", "default": true, "suffix": "/blank_boy.png"}, "firstName": "Ian", "gender": "none"}], "count": 2, "type": "others"}], "summary": "2 likes", "count": 2}, "id": "5323a60d498e00afde95fd82", "text": "Order fishball mee pok ta from Long Fa yong tau fu stall #01-15. You will not be disappointed", "type": "user", "user": {"gender": "none", "id": "80486212", "photo": {"prefix": "https://igx.4sqi.net/img/user/", "default": true, "suffix": "/blank_boy.png"}, "firstName": "C", "lastName": "Chia"}, "canonicalUrl": "https://foursquare.com/item/5323a60d498e00afde95fd82", "todo": {"count": 1}, "disagreeCount": 0}, {"logView": true, "lang": "en", "createdAt": 1333333274, "agreeCount": 1, "likes": {"groups": [{"items": [{"gender": "male", "id": "44281896", "photo": {"prefix": "https://igx.4sqi.net/img/user/", "suffix": "/BY13F5T2JHUBDMJP.jpg"}, "firstName": "Neu", "lastName": "Tea"}], "count": 1, "type": "others"}], "summary": "1 like", "count": 1}, "id": "4f790d1ae4b0eedfe7948f46", "text": "We always patronize Long Fa Yong Tao Foo stall. They have quite a nice variety and serve the fried items from the rest separately!", "type": "user", "user": {"id": "19988765", "photo": {"prefix": "https://igx.4sqi.net/img/user/", "suffix": "/5F31QKOJQAFSRNCF.jpg"}, "firstName": "missuschewy", "gender": "female"}, "canonicalUrl": "https://foursquare.com/item/4f790d1ae4b0eedfe7948f46", "todo": {"count": 0}, "disagreeCount": 0}], "count": 43}}}