{"meta": {"code": 200, "requestId": "595a47391ed21919f85ea386"}, "response": {"tips": {"items": [{"logView": true, "lang": "en", "createdAt": 1446253289, "agreeCount": 0, "likes": {"groups": [], "count": 0}, "id": "563412e9cd104c6868663444", "text": "Chee cheong fun is yummy. Kopi got oomph!", "type": "user", "user": {"id": "718123", "photo": {"prefix": "https://igx.4sqi.net/img/user/", "suffix": "/CTOS3YPWGE3BK3YM.jpg"}, "firstName": "kisacake", "gender": "female"}, "canonicalUrl": "https://foursquare.com/item/563412e9cd104c6868663444", "todo": {"count": 0}, "disagreeCount": 0}, {"logView": true, "lang": "en", "createdAt": 1298853852, "agreeCount": 1, "likes": {"groups": [{"items": [{"gender": "female", "id": "31665813", "photo": {"prefix": "https://igx.4sqi.net/img/user/", "suffix": "/RU04UHVJLBGGUVUI.jpg"}, "firstName": "Jess", "lastName": "Gaw"}], "count": 2, "type": "others"}], "summary": "2 likes", "count": 2}, "id": "4d6aefdc994f224bc0d10eeb", "text": "Breakfast here is cheap n good :))", "type": "user", "user": {"gender": "male", "id": "6166015", "photo": {"prefix": "https://igx.4sqi.net/img/user/", "suffix": "/NSAB5U3UXF2JDQES.jpg"}, "firstName": "Lawrence", "lastName": "Goh"}, "canonicalUrl": "https://foursquare.com/item/4d6aefdc994f224bc0d10eeb", "todo": {"count": 0}, "disagreeCount": 0}, {"logView": true, "lang": "en", "createdAt": 1282819728, "agreeCount": 0, "likes": {"groups": [], "count": 0}, "id": "4c764690c219224b87b3a428", "text": "Chicken Rice for only $1.50 only!!", "type": "user", "user": {"id": "418844", "photo": {"prefix": "https://igx.4sqi.net/img/user/", "suffix": "/1NUSLG02DLQYEHPY.jpg"}, "firstName": "smerv", "gender": "male"}, "canonicalUrl": "https://foursquare.com/item/4c764690c219224b87b3a428", "todo": {"count": 0}, "disagreeCount": 0}, {"authorInteractionType": "liked", "logView": true, "lang": "en", "createdAt": 1384513672, "agreeCount": 1, "likes": {"groups": [{"items": [{"gender": "female", "id": "71645575", "photo": {"prefix": "https://igx.4sqi.net/img/user/", "suffix": "/71645575-TQSYKZQMPYJKTKWI.jpg"}, "firstName": "Kelly", "lastName": "Tan"}], "count": 1, "type": "others"}], "summary": "1 like", "count": 1}, "id": "5286008811d2287b56c74e85", "text": "Today I went there for lunch, it is the best chicken rice and been hoon I had ever eaten, High standard,value for money,they are generous with their food portions! So yummy!", "type": "user", "user": {"gender": "female", "id": "71645575", "photo": {"prefix": "https://igx.4sqi.net/img/user/", "suffix": "/71645575-TQSYKZQMPYJKTKWI.jpg"}, "firstName": "Kelly", "lastName": "Tan"}, "canonicalUrl": "https://foursquare.com/item/5286008811d2287b56c74e85", "todo": {"count": 0}, "disagreeCount": 0}, {"logView": true, "lang": "en", "createdAt": 1314497865, "agreeCount": 1, "likes": {"groups": [{"items": [{"gender": "female", "id": "31665813", "photo": {"prefix": "https://igx.4sqi.net/img/user/", "suffix": "/RU04UHVJLBGGUVUI.jpg"}, "firstName": "Jess", "lastName": "Gaw"}], "count": 4, "type": "others"}], "summary": "4 likes", "count": 4}, "id": "4e59a54918388cd5cba73a21", "text": "Better option than macs", "type": "user", "user": {"gender": "none", "id": "7284414", "photo": {"prefix": "https://igx.4sqi.net/img/user/", "suffix": "/7284414-22UDMSG5BFD3VPDH.jpg"}, "firstName": "Hed", "lastName": "K"}, "canonicalUrl": "https://foursquare.com/item/4e59a54918388cd5cba73a21", "todo": {"count": 0}, "disagreeCount": 0}, {"authorInteractionType": "liked", "logView": true, "lang": "en", "createdAt": 1384513274, "agreeCount": 0, "likes": {"groups": [], "count": 0}, "id": "5285fefa498eef10bd9eb0d2", "text": "Been hoon/chicken rice!  The serve it hot and it's so yummy! I will definitely go back and eat again even though I live far away :)", "type": "user", "user": {"gender": "female", "id": "71645575", "photo": {"prefix": "https://igx.4sqi.net/img/user/", "suffix": "/71645575-TQSYKZQMPYJKTKWI.jpg"}, "firstName": "Kelly", "lastName": "Tan"}, "canonicalUrl": "https://foursquare.com/item/5285fefa498eef10bd9eb0d2", "todo": {"count": 0}, "disagreeCount": 0}, {"logView": true, "lang": "en", "createdAt": 1308370039, "agreeCount": 1, "likes": {"groups": [{"items": [{"gender": "female", "id": "31665813", "photo": {"prefix": "https://igx.4sqi.net/img/user/", "suffix": "/RU04UHVJLBGGUVUI.jpg"}, "firstName": "Jess", "lastName": "Gaw"}], "count": 1, "type": "others"}], "summary": "1 like", "count": 1}, "id": "4dfc2477d4c001cca36bb04a", "text": "Chicken rice here nice :)", "type": "user", "user": {"gender": "female", "id": "5226637", "photo": {"prefix": "https://igx.4sqi.net/img/user/", "suffix": "/5226637-PNA1KCJLGURQPGHL.jpg"}, "firstName": "Leepeng", "lastName": "Lovestosleep Chong"}, "canonicalUrl": "https://foursquare.com/item/4dfc2477d4c001cca36bb04a", "todo": {"count": 0}, "disagreeCount": 0}, {"logView": true, "lang": "en", "createdAt": 1301036697, "agreeCount": 2, "likes": {"groups": [{"items": [{"gender": "male", "id": "5106085", "photo": {"prefix": "https://igx.4sqi.net/img/user/", "suffix": "/FQSJVWSV4H3GJGNT.gif"}, "firstName": "Shankar", "lastName": "Kamikaze"}, {"gender": "female", "id": "31665813", "photo": {"prefix": "https://igx.4sqi.net/img/user/", "suffix": "/RU04UHVJLBGGUVUI.jpg"}, "firstName": "Jess", "lastName": "Gaw"}], "count": 3, "type": "others"}], "summary": "3 likes", "count": 3}, "id": "4d8c3e99ac798cfa6c7c27e4", "text": "Lasi Na Mak $2.00 with egg, nut, rice n chicken wing one of my fav! :D", "type": "user", "user": {"id": "3355971", "photo": {"prefix": "https://igx.4sqi.net/img/user/", "suffix": "/GJSVCWZPM2GVG53U.jpg"}, "firstName": "BL", "gender": "female"}, "canonicalUrl": "https://foursquare.com/item/4d8c3e99ac798cfa6c7c27e4", "todo": {"count": 0}, "disagreeCount": 0}, {"logView": true, "lang": "en", "createdAt": 1300770769, "agreeCount": 0, "likes": {"groups": [{"items": [], "count": 1, "type": "others"}], "summary": "1 like", "count": 1}, "id": "4d882fd1b799a35dd87b7d63", "text": "Chicken Rice has increased to $1.80", "type": "user", "user": {"id": "3355971", "photo": {"prefix": "https://igx.4sqi.net/img/user/", "suffix": "/GJSVCWZPM2GVG53U.jpg"}, "firstName": "BL", "gender": "female"}, "canonicalUrl": "https://foursquare.com/item/4d882fd1b799a35dd87b7d63", "todo": {"count": 0}, "disagreeCount": 0}], "count": 9}}}