{"meta": {"code": 200, "requestId": "595a4fa2dd57972d2936980c"}, "response": {"tips": {"items": [{"logView": true, "lang": "en", "createdAt": 1273881932, "agreeCount": 0, "likes": {"groups": [], "count": 0}, "id": "4bede54c70c603bbba849bb4", "text": "Tiong Bahru Pau here rocks!", "type": "user", "user": {"gender": "male", "id": "1038407", "photo": {"prefix": "https://igx.4sqi.net/img/user/", "suffix": "/AC0YYUNGRSDOT2TX.jpg"}, "firstName": "Ryan", "lastName": "Lim"}, "canonicalUrl": "https://foursquare.com/item/4bede54c70c603bbba849bb4", "todo": {"count": 1}, "disagreeCount": 0}, {"logView": true, "lang": "en", "createdAt": 1290920649, "agreeCount": 1, "likes": {"groups": [{"items": [], "count": 1, "type": "others"}], "summary": "1 like", "count": 1}, "id": "4cf1e2c91d18a143fac756ec", "text": "Chicken rice damn nice:D", "type": "user", "user": {"gender": "male", "id": "4843939", "photo": {"prefix": "https://igx.4sqi.net/img/user/", "suffix": "/FXJLQKLLDPMDWHAK.jpg"}, "firstName": "Jonathan", "lastName": "Chong"}, "canonicalUrl": "https://foursquare.com/item/4cf1e2c91d18a143fac756ec", "todo": {"count": 0}, "disagreeCount": 0}, {"logView": true, "lang": "en", "createdAt": 1312066475, "agreeCount": 1, "likes": {"groups": [{"items": [{"gender": "male", "id": "370420", "photo": {"prefix": "https://igx.4sqi.net/img/user/", "suffix": "/370420-FMF25TRU5PRNIBGP"}, "firstName": "Jin Jie", "lastName": "Kong"}], "count": 1, "type": "others"}], "summary": "1 like", "count": 1}, "id": "4e348babd4c063434824c13b", "text": "#01-01 's coffee is sex! fuyooo....", "type": "user", "user": {"gender": "male", "id": "6056786", "photo": {"prefix": "https://igx.4sqi.net/img/user/", "suffix": "/TVEGIDDOYPONXU3M.jpg"}, "firstName": "Alex Aggy", "lastName": "Tan"}, "canonicalUrl": "https://foursquare.com/item/4e348babd4c063434824c13b", "todo": {"count": 0}, "disagreeCount": 0}, {"logView": true, "lang": "en", "createdAt": 1329457823, "agreeCount": 0, "likes": {"groups": [], "count": 0}, "id": "4f3dea9fe4b08694117a3b83", "text": "Great ba kut teh!", "type": "user", "user": {"gender": "female", "id": "20304272", "photo": {"prefix": "https://igx.4sqi.net/img/user/", "suffix": "/XIIWIEJ3OSW02NK4.jpg"}, "firstName": "Jolene", "lastName": "Sunbby"}, "canonicalUrl": "https://foursquare.com/item/4f3dea9fe4b08694117a3b83", "todo": {"count": 0}, "disagreeCount": 0}, {"logView": true, "lang": "en", "createdAt": 1341202640, "agreeCount": 3, "likes": {"groups": [{"items": [{"id": "35291901", "photo": {"prefix": "https://igx.4sqi.net/img/user/", "suffix": "/35291901-24WR53QTR0YIGQUF.jpg"}, "firstName": "Ailyn", "gender": "female"}, {"gender": "female", "id": "56406185", "photo": {"prefix": "https://igx.4sqi.net/img/user/", "suffix": "/XPMRQUWUOGYGRH1Y.jpg"}, "firstName": "Stacy", "lastName": "Chen"}, {"gender": "male", "id": "368939", "photo": {"prefix": "https://igx.4sqi.net/img/user/", "suffix": "/OHA0XRX333431ZED.jpg"}, "firstName": "Garry", "lastName": "Goh"}], "count": 3, "type": "others"}], "summary": "3 likes", "count": 3}, "id": "4ff120d0e4b0ccc7761c6286", "text": "$2 bak chor mee! Where to find food of such price nowadays?", "type": "user", "user": {"gender": "male", "id": "370420", "photo": {"prefix": "https://igx.4sqi.net/img/user/", "suffix": "/370420-FMF25TRU5PRNIBGP"}, "firstName": "Jin Jie", "lastName": "Kong"}, "canonicalUrl": "https://foursquare.com/item/4ff120d0e4b0ccc7761c6286", "todo": {"count": 0}, "disagreeCount": 0}, {"logView": true, "lang": "en", "photo": {"id": "5446ff47498e8e9a2bccb1ae", "visibility": "public", "source": {"name": "Foursquare for iOS", "url": "https://foursquare.com/download/#/iphone"}, "suffix": "/231366_d5CT8v08XKfTgouW0H8cfIk869jn1PkGy2NjxaJVr0o.jpg", "createdAt": 1413939015, "prefix": "https://igx.4sqi.net/img/general/", "width": 960, "height": 720}, "createdAt": 1413939012, "todo": {"count": 0}, "agreeCount": 1, "likes": {"groups": [], "count": 0}, "lastVoteText": "Upvoted May 14", "id": "5446ff4411d276c77b533c35", "text": "Prata. West Coast Arifin Ali #01-41 sees long queues on weekends & public hols cos they r d only one selling this popular local snack", "disagreeCount": 0, "lastUpvoteTimestamp": 1494756566, "user": {"gender": "male", "id": "231366", "photo": {"prefix": "https://igx.4sqi.net/img/user/", "suffix": "/231366-Q2ZSAEF50GYUXPDA.jpg"}, "firstName": "Cheen", "lastName": "The Curious"}, "canonicalUrl": "https://foursquare.com/item/5446ff4411d276c77b533c35", "type": "user", "photourl": "https://igx.4sqi.net/img/general/original/231366_d5CT8v08XKfTgouW0H8cfIk869jn1PkGy2NjxaJVr0o.jpg"}, {"logView": true, "lang": "en", "createdAt": 1286766203, "agreeCount": 2, "likes": {"groups": [{"items": [{"gender": "male", "id": "231366", "photo": {"prefix": "https://igx.4sqi.net/img/user/", "suffix": "/231366-Q2ZSAEF50GYUXPDA.jpg"}, "firstName": "Cheen", "lastName": "The Curious"}, {"gender": "female", "id": "83960640", "photo": {"prefix": "https://igx.4sqi.net/img/user/", "default": true, "suffix": "/blank_girl.png"}, "firstName": "LayPeng", "lastName": "Tan"}], "count": 2, "type": "others"}], "summary": "2 likes", "count": 2}, "id": "4cb27e7bcbab236aff4fb173", "text": "Try the wanton noodle at Fei Fei Roasted Noodle. Char siew is gd here.", "type": "user", "user": {"gender": "male", "id": "1355051", "photo": {"prefix": "https://igx.4sqi.net/img/user/", "suffix": "/R5LSEZIDV0XUMOBZ.jpg"}, "firstName": "Bob", "lastName": "Toh"}, "canonicalUrl": "https://foursquare.com/item/4cb27e7bcbab236aff4fb173", "todo": {"count": 2}, "disagreeCount": 0}, {"logView": true, "lang": "en", "createdAt": 1360995397, "agreeCount": 0, "likes": {"groups": [], "count": 0}, "id": "511f2445e4b05d421a716c4d", "text": "The noodles are delicious !", "type": "user", "user": {"gender": "female", "id": "48129570", "photo": {"prefix": "https://igx.4sqi.net/img/user/", "suffix": "/1GRQQ21T3DW0ZNTZ.jpg"}, "firstName": "Yng", "lastName": "Win"}, "canonicalUrl": "https://foursquare.com/item/511f2445e4b05d421a716c4d", "todo": {"count": 0}, "disagreeCount": 0}, {"logView": true, "lang": "en", "createdAt": 1277519900, "agreeCount": 0, "likes": {"groups": [], "count": 0}, "id": "4c25681cb012b713afaf0893", "text": "The cheap and big chin chow drink stall no more!!", "type": "user", "user": {"gender": "male", "id": "1078049", "photo": {"prefix": "https://igx.4sqi.net/img/user/", "suffix": "/KBZNB5R3DWGRRBRI.jpg"}, "firstName": "William", "lastName": "Foong"}, "canonicalUrl": "https://foursquare.com/item/4c25681cb012b713afaf0893", "todo": {"count": 0}, "disagreeCount": 0}, {"logView": true, "lang": "en", "createdAt": 1274936192, "agreeCount": 0, "likes": {"groups": [], "count": 0}, "id": "4bfdfb8070c603bb15259db4", "text": "Recommended - 254 Fishball Minced Meat Noodle. Next to Lee Wee & Brothers Otak.", "type": "user", "user": {"gender": "male", "id": "699983", "photo": {"prefix": "https://igx.4sqi.net/img/user/", "suffix": "/QGOVKXB2ZXYYN4GP.jpg"}, "firstName": "Hanyuan", "lastName": "Chan"}, "canonicalUrl": "https://foursquare.com/item/4bfdfb8070c603bb15259db4", "todo": {"count": 1}, "disagreeCount": 0}, {"logView": true, "lang": "en", "createdAt": 1325159236, "agreeCount": 3, "likes": {"groups": [{"items": [{"gender": "female", "id": "8842395", "photo": {"prefix": "https://igx.4sqi.net/img/user/", "default": true, "suffix": "/blank_girl.png"}, "firstName": "Danielle", "lastName": "Chin"}, {"gender": "male", "id": "78835711", "photo": {"prefix": "https://igx.4sqi.net/img/user/", "suffix": "/78835711-EVUHHAEOW3C5R0UK.jpg"}, "firstName": "Nico", "lastName": "Yeo"}, {"gender": "female", "id": "63166550", "photo": {"prefix": "https://igx.4sqi.net/img/user/", "suffix": "/63166550-H4DE3XS53M344U4F.jpg"}, "firstName": "Wendy", "lastName": "Goh"}], "count": 3, "type": "others"}], "summary": "3 likes", "count": 3}, "id": "4efc53444690a04b13d296f9", "text": "\u300a\u69ae\u52dd\u9b5a\u982d\u7c73\u7c89\u300b(Rong Sheng Fish Head Bee Hoon)  is a must try! a serving of nice fish meat/head bee hoon with tasty soup just for $3. :)", "type": "user", "user": {"gender": "male", "id": "5213239", "photo": {"prefix": "https://igx.4sqi.net/img/user/", "suffix": "/1B55PAFVTYO4E33Y.jpg"}, "firstName": "Dave", "lastName": "Wan"}, "canonicalUrl": "https://foursquare.com/item/4efc53444690a04b13d296f9", "todo": {"count": 0}, "disagreeCount": 0}, {"logView": true, "lang": "en", "createdAt": 1326622630, "agreeCount": 0, "likes": {"groups": [], "count": 0}, "id": "4f12a7a6e4b03f4c00ed9d08", "text": "HOTPLATE BBQ . Love it .", "type": "user", "user": {"gender": "female", "id": "16066382", "photo": {"prefix": "https://igx.4sqi.net/img/user/", "suffix": "/VP0032E2JKH2ZUGQ.jpg"}, "firstName": "Jie Qi", "lastName": "Tan"}, "canonicalUrl": "https://foursquare.com/item/4f12a7a6e4b03f4c00ed9d08", "todo": {"count": 0}, "disagreeCount": 0}, {"logView": true, "lang": "en", "createdAt": 1326083459, "agreeCount": 0, "likes": {"groups": [], "count": 0}, "id": "4f0a6d83e4b0fcefaa9491a1", "text": "Pig's tail with wolfberries is pretty good", "type": "user", "user": {"id": "11644664", "photo": {"prefix": "https://igx.4sqi.net/img/user/", "suffix": "/RYK15YWXIHV2BPWD.jpg"}, "firstName": "E T", "gender": "male"}, "canonicalUrl": "https://foursquare.com/item/4f0a6d83e4b0fcefaa9491a1", "todo": {"count": 0}, "disagreeCount": 0}, {"authorInteractionType": "meh", "logView": true, "lang": "en", "createdAt": 1482323184, "agreeCount": 0, "likes": {"groups": [], "count": 0}, "id": "585a74f013c2234979fc49b1", "text": "Most of the stalls here are closed when i here at 8+ on a wed night.. guess here is only for morning session..", "type": "user", "user": {"id": "5222995", "photo": {"prefix": "https://igx.4sqi.net/img/user/", "suffix": "/31OGGLFEYBDIRMXD.jpg"}, "firstName": "Mavis", "gender": "female"}, "canonicalUrl": "https://foursquare.com/item/585a74f013c2234979fc49b1", "todo": {"count": 0}, "disagreeCount": 0}, {"logView": true, "lang": "en", "createdAt": 1337073863, "agreeCount": 0, "likes": {"groups": [], "count": 0}, "id": "4fb220c7e4b01bca553a3d0e", "text": "Try the newly open stall ( \u8d22\u8bb0 ) that sell beef, fish and prawn hor fen/ stewed rice.", "type": "user", "user": {"gender": "male", "id": "3126466", "photo": {"prefix": "https://igx.4sqi.net/img/user/", "suffix": "/J3CULZEQ2IUOLVK1.jpg"}, "firstName": "Guoliang", "lastName": "Toh"}, "canonicalUrl": "https://foursquare.com/item/4fb220c7e4b01bca553a3d0e", "todo": {"count": 0}, "disagreeCount": 0}, {"logView": true, "lang": "en", "createdAt": 1309474389, "agreeCount": 0, "likes": {"groups": [], "count": 0}, "id": "4e0cfe5518a8bf9784be9ff0", "text": "Tiong Bahru Pau, fan choy V good!", "type": "user", "user": {"gender": "male", "id": "10984003", "photo": {"prefix": "https://igx.4sqi.net/img/user/", "suffix": "/10984003_OPphTXwI_Uc0Cbn7MKRtQB7y1XI5hAw1rUdLI3JG8ALCGWLWOGl_hfs6uGaongD1heDUxvNUv.jpg"}, "firstName": "Sam", "lastName": "Sam"}, "canonicalUrl": "https://foursquare.com/item/4e0cfe5518a8bf9784be9ff0", "todo": {"count": 0}, "disagreeCount": 0}, {"logView": true, "lang": "en", "createdAt": 1313668169, "agreeCount": 0, "likes": {"groups": [], "count": 0}, "id": "4e4cfc49e4cdcf486c71f597", "text": "Zi char recommended by Ronnie", "type": "user", "user": {"gender": "female", "id": "3413485", "photo": {"prefix": "https://igx.4sqi.net/img/user/", "suffix": "/3413485-SB5DOL3RAX1T5Z4O.jpg"}, "firstName": "Doris", "lastName": "Teo"}, "canonicalUrl": "https://foursquare.com/item/4e4cfc49e4cdcf486c71f597", "todo": {"count": 1}, "disagreeCount": 0}, {"logView": true, "lang": "en", "createdAt": 1318915556, "agreeCount": 2, "likes": {"groups": [{"items": [{"id": "3789719", "photo": {"prefix": "https://igx.4sqi.net/img/user/", "suffix": "/SXLVVN4DJZPL42EX.jpg"}, "firstName": "xuannn", "gender": "female"}, {"id": "846184", "photo": {"prefix": "https://igx.4sqi.net/img/user/", "suffix": "/846184-KGPMZ5GENIAFMTPP"}, "firstName": "D\u00f6na\u0142d \u0295 \u2022\u1d25\u2022\u0294", "gender": "male"}], "count": 2, "type": "others"}], "summary": "2 likes", "count": 2}, "id": "4e9d0de45503b4a7c11d406a", "text": "Food varieties more and cheap. Is just like another AMK hub area.", "type": "user", "user": {"id": "846184", "photo": {"prefix": "https://igx.4sqi.net/img/user/", "suffix": "/846184-KGPMZ5GENIAFMTPP"}, "firstName": "D\u00f6na\u0142d \u0295 \u2022\u1d25\u2022\u0294", "gender": "male"}, "canonicalUrl": "https://foursquare.com/item/4e9d0de45503b4a7c11d406a", "todo": {"count": 0}, "disagreeCount": 0}, {"logView": true, "lang": "en", "createdAt": 1291555319, "agreeCount": 1, "likes": {"groups": [{"items": [{"id": "396429", "photo": {"prefix": "https://igx.4sqi.net/img/user/", "suffix": "/R3D3CMQBKGGCFYED.png"}, "firstName": "nvendr", "gender": "none"}], "count": 1, "type": "others"}], "summary": "1 like", "count": 1}, "id": "4cfb91f70df3236a537efaa9", "text": "west coast arifin Ali -mee kuah power", "type": "user", "user": {"gender": "male", "id": "3759915", "photo": {"prefix": "https://igx.4sqi.net/img/user/", "suffix": "/ZLBVQOU2TE0CBFKG.jpg"}, "firstName": "Imran", "lastName": "Mohd"}, "canonicalUrl": "https://foursquare.com/item/4cfb91f70df3236a537efaa9", "todo": {"count": 1}, "disagreeCount": 0}, {"logView": true, "lang": "en", "createdAt": 1464095209, "todo": {"count": 0}, "agreeCount": 2, "likes": {"groups": [{"items": [{"id": "2416267", "photo": {"prefix": "https://igx.4sqi.net/img/user/", "suffix": "/2416267_KucjsQEM_ScdU_2QSQAUHuzKmBVwkJjI1N_g1HGztwHiU1HR99IuZBaOJaUm2PG-HS1b9ZtFJ.jpg"}, "firstName": "Songhua", "gender": "male"}], "count": 1, "type": "others"}], "summary": "1 like", "count": 1}, "lastVoteText": "Upvoted May 14", "id": "574451e9498e99433185314a", "text": "Fish soup. Ron Sheng Fish Head Bee Hoon #01-44. Tried the tasty-looking fried fish slices. It was super crispy & yummy! Zero hint of any baking soda that I taste from many stalls", "disagreeCount": 0, "lastUpvoteTimestamp": 1494756563, "user": {"gender": "male", "id": "231366", "photo": {"prefix": "https://igx.4sqi.net/img/user/", "suffix": "/231366-Q2ZSAEF50GYUXPDA.jpg"}, "firstName": "Cheen", "lastName": "The Curious"}, "canonicalUrl": "https://foursquare.com/item/574451e9498e99433185314a", "type": "user"}, {"logView": true, "lang": "en", "createdAt": 1294828792, "agreeCount": 0, "likes": {"groups": [], "count": 0}, "id": "4d2d84f8a40da35da07a9277", "text": "Try the black chai tao kueh from Seng huat homemade fried carrot cake 01-48!", "type": "user", "user": {"gender": "female", "id": "384392", "photo": {"prefix": "https://igx.4sqi.net/img/user/", "suffix": "/25LWXQ41Y02Z452C.jpg"}, "firstName": "antonia", "lastName": "chen"}, "canonicalUrl": "https://foursquare.com/item/4d2d84f8a40da35da07a9277", "todo": {"count": 0}, "disagreeCount": 0}, {"authorInteractionType": "meh", "logView": true, "lang": "en", "createdAt": 1482323046, "agreeCount": 0, "likes": {"groups": [], "count": 0}, "id": "585a746613c2234979fb9299", "text": "Came here at 8+ on a wed night.. but most of the stalls are closed.. guess here is mostly open in the morning..", "type": "user", "user": {"id": "5222995", "photo": {"prefix": "https://igx.4sqi.net/img/user/", "suffix": "/31OGGLFEYBDIRMXD.jpg"}, "firstName": "Mavis", "gender": "female"}, "canonicalUrl": "https://foursquare.com/item/585a746613c2234979fb9299", "todo": {"count": 0}, "disagreeCount": 0}, {"logView": true, "lang": "en", "createdAt": 1336356083, "agreeCount": 0, "likes": {"groups": [], "count": 0}, "id": "4fa72cf3e4b09d4d46de05ec", "text": "Shouldn't give fei fei roasted noodle a miss :)", "type": "user", "user": {"gender": "male", "id": "24098173", "photo": {"prefix": "https://igx.4sqi.net/img/user/", "suffix": "/0MJPFYVUD34WLYCP.jpg"}, "firstName": "Leon Oh", "lastName": "Yong Jie"}, "canonicalUrl": "https://foursquare.com/item/4fa72cf3e4b09d4d46de05ec", "todo": {"count": 0}, "disagreeCount": 0}, {"authorInteractionType": "liked", "logView": true, "lang": "en", "createdAt": 1496463276, "agreeCount": 0, "likes": {"groups": [], "count": 0}, "id": "593237ac1f8ed65cf63d9a71", "text": "Night food not many ....", "type": "user", "user": {"gender": "male", "id": "423030563", "photo": {"prefix": "https://igx.4sqi.net/img/user/", "suffix": "/423030563_fu0X2qo9_TdJx_cbxVWymjRvllOKC6i_YMIc3ldUOCSMEn2ZW8K-BrQJbjKZpdW_wgLPPZKFO.jpg"}, "firstName": "Calfred", "lastName": "Lor"}, "canonicalUrl": "https://foursquare.com/item/593237ac1f8ed65cf63d9a71", "todo": {"count": 0}, "disagreeCount": 0}, {"logView": true, "lang": "en", "createdAt": 1327675659, "agreeCount": 0, "likes": {"groups": [], "count": 0}, "id": "4f22b90be4b0d10daea43dd6", "text": "Rong sheng fish soup to be frank, is no longer as fabulous.", "type": "user", "user": {"gender": "female", "id": "14233863", "photo": {"prefix": "https://igx.4sqi.net/img/user/", "suffix": "/55BV3IZTYVFOL44I.jpg"}, "firstName": "Angie Gigi", "lastName": "Voon"}, "canonicalUrl": "https://foursquare.com/item/4f22b90be4b0d10daea43dd6", "todo": {"count": 0}, "disagreeCount": 0}, {"logView": true, "lang": "en", "createdAt": 1297041533, "agreeCount": 0, "likes": {"groups": [], "count": 0}, "id": "4d4f487d95b98cfa45838316", "text": "Fei Fei Roasted-Noodle is always having a long queue..so you guys know what I mean yo!", "type": "user", "user": {"gender": "male", "id": "4538768", "photo": {"prefix": "https://igx.4sqi.net/img/user/", "suffix": "/NRHJTNG3R5XONL3U.jpg"}, "firstName": "Vin", "lastName": "Liaw \u6770"}, "canonicalUrl": "https://foursquare.com/item/4d4f487d95b98cfa45838316", "todo": {"count": 0}, "disagreeCount": 0}, {"logView": true, "lang": "en", "createdAt": 1290648184, "agreeCount": 2, "likes": {"groups": [{"items": [{"gender": "male", "id": "231366", "photo": {"prefix": "https://igx.4sqi.net/img/user/", "suffix": "/231366-Q2ZSAEF50GYUXPDA.jpg"}, "firstName": "Cheen", "lastName": "The Curious"}, {"gender": "male", "id": "78835711", "photo": {"prefix": "https://igx.4sqi.net/img/user/", "suffix": "/78835711-EVUHHAEOW3C5R0UK.jpg"}, "firstName": "Nico", "lastName": "Yeo"}], "count": 2, "type": "others"}], "summary": "2 likes", "count": 2}, "id": "4cedba783b03f04d0c2f36dc", "text": "The fei fei roasted noodle shop stall owners only speak chinese and Tuesday is there holiday", "type": "user", "user": {"gender": "female", "id": "4846902", "photo": {"prefix": "https://igx.4sqi.net/img/user/", "suffix": "/SPR3SUI1JJCWJJ5X.jpg"}, "firstName": "Ayaka", "lastName": "Watanabe"}, "canonicalUrl": "https://foursquare.com/item/4cedba783b03f04d0c2f36dc", "todo": {"count": 0}, "disagreeCount": 0}, {"logView": true, "lang": "en", "createdAt": 1297939213, "agreeCount": 0, "likes": {"groups": [], "count": 0}, "id": "4d5cfb0d590b224b34a8a66d", "text": "WAN XING FISHBALL NOODLE #01-57 MINI WOK NOODLE WORTH-IT!!!!! TASTE DELICIOUS!!!!", "type": "user", "user": {"gender": "male", "id": "6693571", "photo": {"prefix": "https://igx.4sqi.net/img/user/", "suffix": "/LTQF5M1FEYN1P3GY.jpg"}, "firstName": "Alvin", "lastName": "Botak"}, "canonicalUrl": "https://foursquare.com/item/4d5cfb0d590b224b34a8a66d", "todo": {"count": 2}, "disagreeCount": 0}, {"logView": true, "lang": "en", "createdAt": 1310190796, "agreeCount": 0, "likes": {"groups": [], "count": 0}, "id": "4e17ecccaeb7eb0120c670f0", "text": "Fish noodles here are good!", "type": "user", "user": {"gender": "none", "id": "4197756", "photo": {"prefix": "https://igx.4sqi.net/img/user/", "suffix": "/SPPBY42X4DIDB4N1.jpg"}, "firstName": "Michelle", "lastName": "Toh"}, "canonicalUrl": "https://foursquare.com/item/4e17ecccaeb7eb0120c670f0", "todo": {"count": 0}, "disagreeCount": 0}, {"logView": true, "lang": "en", "createdAt": 1298166013, "agreeCount": 0, "likes": {"groups": [], "count": 0}, "id": "4d6070fd9f67f04dca1879fb", "text": "Seng huat fried carrot cake is nice. reguardless black or white is good#01-48", "type": "user", "user": {"gender": "male", "id": "6349908", "photo": {"prefix": "https://igx.4sqi.net/img/user/", "suffix": "/VB3QAROZKT0KUL0Y.jpg"}, "firstName": "Jimmy", "lastName": "ong"}, "canonicalUrl": "https://foursquare.com/item/4d6070fd9f67f04dca1879fb", "todo": {"count": 0}, "disagreeCount": 0}, {"logView": true, "lang": "en", "createdAt": 1316347996, "agreeCount": 0, "likes": {"groups": [], "count": 0}, "id": "4e75e05cd1643f93b21c81f8", "text": "Do not eat from Gong Xi Fa Cai Eating House. Be prepare to spare at least 1hr for ur dishes to arrive if u want to. Not worth the wait.", "type": "user", "user": {"gender": "male", "id": "10211072", "photo": {"prefix": "https://igx.4sqi.net/img/user/", "suffix": "/ZI2KO4LIPHP3Y4G3.jpg"}, "firstName": "Daniel", "lastName": "Liang"}, "canonicalUrl": "https://foursquare.com/item/4e75e05cd1643f93b21c81f8", "todo": {"count": 0}, "disagreeCount": 0}, {"logView": true, "lang": "en", "createdAt": 1391009798, "agreeCount": 0, "likes": {"groups": [], "count": 0}, "id": "52e92006498eda40bbaf4470", "text": "prawn mee is good", "type": "user", "user": {"gender": "male", "id": "10955204", "photo": {"prefix": "https://igx.4sqi.net/img/user/", "suffix": "/IUVDRTJKYZKL5KS1.jpg"}, "firstName": "Thaddeus", "lastName": "Ong"}, "canonicalUrl": "https://foursquare.com/item/52e92006498eda40bbaf4470", "todo": {"count": 0}, "disagreeCount": 0}, {"logView": true, "lang": "en", "photo": {"id": "5868470107ac0762ed16bdcc", "visibility": "public", "source": {"name": "Foursquare for iOS", "url": "https://foursquare.com/download/#/iphone"}, "suffix": "/231366_W1GKuBn1W-_lPH8KyjUztTyzvCst04W6R3Gspvl5OUU.jpg", "createdAt": 1483228929, "prefix": "https://igx.4sqi.net/img/general/", "width": 1920, "height": 1440}, "createdAt": 1483229667, "todo": {"count": 0}, "agreeCount": 0, "likes": {"groups": [], "count": 0}, "id": "586849e3040d535b949911aa", "text": "Epok-epok (curry puff). Good ones made by Sri Menanti #01-60. Mee Rebus is average though", "disagreeCount": 0, "user": {"gender": "male", "id": "231366", "photo": {"prefix": "https://igx.4sqi.net/img/user/", "suffix": "/231366-Q2ZSAEF50GYUXPDA.jpg"}, "firstName": "Cheen", "lastName": "The Curious"}, "canonicalUrl": "https://foursquare.com/item/586849e3040d535b949911aa", "type": "user", "photourl": "https://igx.4sqi.net/img/general/original/231366_W1GKuBn1W-_lPH8KyjUztTyzvCst04W6R3Gspvl5OUU.jpg"}, {"logView": true, "lang": "en", "createdAt": 1286414655, "agreeCount": 0, "likes": {"groups": [], "count": 0}, "id": "4cad213f76d3a0931bf6376b", "text": "check out the nasi ayam ....", "type": "user", "user": {"gender": "male", "id": "3713546", "photo": {"prefix": "https://igx.4sqi.net/img/user/", "suffix": "/SJTN4KXK1QKTUGZO.jpg"}, "firstName": "Shahrizal", "lastName": "Chriswayne"}, "canonicalUrl": "https://foursquare.com/item/4cad213f76d3a0931bf6376b", "todo": {"count": 0}, "disagreeCount": 0}, {"logView": true, "lang": "en", "createdAt": 1318394981, "agreeCount": 0, "likes": {"groups": [], "count": 0}, "id": "4e951c655503cac97c1998a5", "text": "Chicken rice is cheap and good!", "type": "user", "user": {"gender": "male", "id": "75215", "photo": {"prefix": "https://igx.4sqi.net/img/user/", "suffix": "/TFOMU1PUED1WJQPR.jpg"}, "firstName": "Francis", "lastName": "Wang"}, "canonicalUrl": "https://foursquare.com/item/4e951c655503cac97c1998a5", "todo": {"count": 0}, "disagreeCount": 0}, {"logView": true, "lang": "en", "createdAt": 1328854138, "agreeCount": 0, "likes": {"groups": [], "count": 0}, "id": "4f34b47ae4b064276ae5717d", "text": "Nice Qing Xiang cooked food-prawn egg & bitter gourd fish head!", "type": "user", "user": {"gender": "female", "id": "20181146", "photo": {"prefix": "https://igx.4sqi.net/img/user/", "suffix": "/ASGOQDVQCTR1RWLY.jpg"}, "firstName": "Regina", "lastName": "sayyhello"}, "canonicalUrl": "https://foursquare.com/item/4f34b47ae4b064276ae5717d", "todo": {"count": 0}, "disagreeCount": 0}, {"logView": true, "lang": "en", "createdAt": 1294722281, "agreeCount": 0, "likes": {"groups": [], "count": 0}, "id": "4d2be4e9068e8cfaac61e74c", "text": "Today (tue) the fei fei roasted noodle nv open...", "type": "user", "user": {"gender": "male", "id": "5640176", "photo": {"prefix": "https://igx.4sqi.net/img/user/", "suffix": "/UY2KDP1R3I3MMGOT.jpg"}, "firstName": "Alex", "lastName": "Tan"}, "canonicalUrl": "https://foursquare.com/item/4d2be4e9068e8cfaac61e74c", "todo": {"count": 3}, "disagreeCount": 0}, {"logView": true, "lang": "en", "createdAt": 1286626971, "agreeCount": 2, "likes": {"groups": [{"items": [{"gender": "female", "id": "70153837", "photo": {"prefix": "https://igx.4sqi.net/img/user/", "default": true, "suffix": "/blank_girl.png"}, "firstName": "Penny", "lastName": "Lee"}, {"gender": "female", "id": "56748240", "photo": {"prefix": "https://igx.4sqi.net/img/user/", "suffix": "/56748240-EXRZEB2IEIW4XAFE.jpg"}, "firstName": "Mj", "lastName": "Ho"}], "count": 2, "type": "others"}], "summary": "2 likes", "count": 2}, "id": "4cb05e9bc5e6a1cd7551d4f6", "text": "Simei Penang delights a must try, pretty authentic kuay teow n assam laksa", "type": "user", "user": {"gender": "female", "id": "3575517", "photo": {"prefix": "https://igx.4sqi.net/img/user/", "suffix": "/KQPCFE3MWF0C4FVQ.jpg"}, "firstName": "Pauline", "lastName": "W"}, "canonicalUrl": "https://foursquare.com/item/4cb05e9bc5e6a1cd7551d4f6", "todo": {"count": 0}, "disagreeCount": 0}, {"logView": true, "lang": "en", "createdAt": 1281004674, "agreeCount": 0, "likes": {"groups": [], "count": 0}, "id": "4c5a948204f9be9a490af260", "text": "The porridge at xiang ji cooked food 01-53 is value for money! Yums!! $2.50 for a piping hot bowl of century egg pork porridge:)", "type": "user", "user": {"gender": "female", "id": "384392", "photo": {"prefix": "https://igx.4sqi.net/img/user/", "suffix": "/25LWXQ41Y02Z452C.jpg"}, "firstName": "antonia", "lastName": "chen"}, "canonicalUrl": "https://foursquare.com/item/4c5a948204f9be9a490af260", "todo": {"count": 1}, "disagreeCount": 0}, {"authorInteractionType": "liked", "logView": true, "lang": "en", "createdAt": 1434252032, "todo": {"count": 0}, "agreeCount": 3, "likes": {"groups": [], "count": 0}, "lastVoteText": "Upvoted May 14", "id": "557cf300498e84d5cb4bbf79", "text": "The porridge was awesome and so is the fried kuey tiaw.. the carrot cake is also awesome! I come here quite often the carrot cake and porridge stall are close together and usually pack with people!", "disagreeCount": 0, "lastUpvoteTimestamp": 1494756529, "user": {"gender": "female", "id": "94880886", "photo": {"prefix": "https://igx.4sqi.net/img/user/", "suffix": "/94880886-ZOL2B4HJDOATIKJ1.jpg"}, "firstName": "Flora", "lastName": "Teo"}, "canonicalUrl": "https://foursquare.com/item/557cf300498e84d5cb4bbf79", "type": "user"}, {"authorInteractionType": "liked", "logView": true, "lang": "en", "createdAt": 1309054674, "agreeCount": 1, "likes": {"groups": [{"items": [{"gender": "male", "id": "44281896", "photo": {"prefix": "https://igx.4sqi.net/img/user/", "suffix": "/BY13F5T2JHUBDMJP.jpg"}, "firstName": "Neu", "lastName": "Tea"}], "count": 1, "type": "others"}], "summary": "1 like", "count": 1}, "id": "4e0696d22271dfa46baa5a43", "text": "Fei Fei Roasted Noodle homemade char siew is the BOMB!", "type": "user", "user": {"gender": "male", "id": "7199858", "photo": {"prefix": "https://igx.4sqi.net/img/user/", "suffix": "/7199858-G2QR3ZSCXFSBSB45.jpg"}, "firstName": "Ryan", "lastName": "Sebastian"}, "canonicalUrl": "https://foursquare.com/item/4e0696d22271dfa46baa5a43", "todo": {"count": 0}, "disagreeCount": 0}, {"authorInteractionType": "liked", "logView": true, "lang": "en", "createdAt": 1346349558, "agreeCount": 1, "likes": {"groups": [{"items": [{"gender": "male", "id": "274713", "photo": {"prefix": "https://igx.4sqi.net/img/user/", "default": true, "suffix": "/blank_boy.png"}, "firstName": "Ashish", "lastName": "Kale"}], "count": 1, "type": "others"}], "summary": "1 like", "count": 1}, "id": "503fa9f6e4b000bf50dabaa0", "text": "One of the chicken rice & prawn noodles stall here at one of the best I've tasted . Have been eating for years .", "type": "user", "user": {"gender": "female", "id": "28431753", "photo": {"prefix": "https://igx.4sqi.net/img/user/", "suffix": "/QTYYJY2O44G1HMYK.jpg"}, "firstName": "Elyvi", "lastName": "Lim"}, "canonicalUrl": "https://foursquare.com/item/503fa9f6e4b000bf50dabaa0", "todo": {"count": 0}, "disagreeCount": 0}, {"logView": true, "lang": "en", "createdAt": 1285387154, "agreeCount": 0, "likes": {"groups": [], "count": 0}, "id": "4c9d739254c8a1cd1751844b", "text": "Love the prawn noodles!", "type": "user", "user": {"gender": "female", "id": "2818587", "photo": {"prefix": "https://igx.4sqi.net/img/user/", "suffix": "/HVUTEXD0BL3ENFEK.jpg"}, "firstName": "E", "lastName": "L"}, "canonicalUrl": "https://foursquare.com/item/4c9d739254c8a1cd1751844b", "todo": {"count": 0}, "disagreeCount": 0}, {"logView": true, "lang": "en", "createdAt": 1323504683, "agreeCount": 0, "likes": {"groups": [], "count": 0}, "id": "4ee3142b722ea7b943d80f75", "text": "Teck kee fried prawn noodle", "type": "user", "user": {"gender": "female", "id": "6125142", "photo": {"prefix": "https://igx.4sqi.net/img/user/", "suffix": "/LZ2JANWCRIJMHIJK.jpg"}, "firstName": "Lois B", "lastName": "Lee"}, "canonicalUrl": "https://foursquare.com/item/4ee3142b722ea7b943d80f75", "todo": {"count": 0}, "disagreeCount": 0}, {"todo": {"count": 0}, "logView": true, "lang": "en", "createdAt": 1413939568, "editedAt": 1434503675, "agreeCount": 0, "likes": {"groups": [], "count": 0}, "id": "54470170498e64f2669348aa", "text": "Vegetarian options: pancakes, vege beehoon, chee cheong fun (rice rolls), yutiao (fried fritters), beancurd, fried carrot cake, popiah, peanut porridge, yam cake, chwee kueh (steamed ricecakes), prata", "disagreeCount": 1, "user": {"gender": "male", "id": "231366", "photo": {"prefix": "https://igx.4sqi.net/img/user/", "suffix": "/231366-Q2ZSAEF50GYUXPDA.jpg"}, "firstName": "Cheen", "lastName": "The Curious"}, "canonicalUrl": "https://foursquare.com/item/54470170498e64f2669348aa", "type": "user"}, {"logView": true, "lang": "en", "createdAt": 1269276296, "agreeCount": 1, "likes": {"groups": [{"items": [{"gender": "male", "id": "78835711", "photo": {"prefix": "https://igx.4sqi.net/img/user/", "suffix": "/78835711-EVUHHAEOW3C5R0UK.jpg"}, "firstName": "Nico", "lastName": "Yeo"}], "count": 1, "type": "others"}], "summary": "1 like", "count": 1}, "id": "4ba79e8870c603bbc96495b4", "text": "Crispy curry puffs are off the hook", "type": "user", "user": {"gender": "male", "id": "443838", "photo": {"prefix": "https://igx.4sqi.net/img/user/", "suffix": "/UTN0D2FDX2NS3NZ2.jpg"}, "firstName": "Michael", "lastName": "Lung"}, "canonicalUrl": "https://foursquare.com/item/4ba79e8870c603bbc96495b4", "todo": {"count": 0}, "disagreeCount": 0}, {"logView": true, "lang": "en", "createdAt": 1302264229, "agreeCount": 0, "likes": {"groups": [], "count": 0}, "id": "4d9ef9a5fca1b60c82adb350", "text": "Must try hot plate BBQ!!", "type": "user", "user": {"gender": "male", "id": "4449247", "photo": {"prefix": "https://igx.4sqi.net/img/user/", "suffix": "/VRMNKQAXHN55KNKN.jpg"}, "firstName": "Walter", "lastName": "Lim"}, "canonicalUrl": "https://foursquare.com/item/4d9ef9a5fca1b60c82adb350", "todo": {"count": 0}, "disagreeCount": 0}, {"logView": true, "lang": "en", "createdAt": 1300885241, "agreeCount": 0, "likes": {"groups": [], "count": 0}, "id": "4d89eef97d4c54818f995d71", "text": "The tulang merah here are nicer and cheaper than beach road...!", "type": "user", "user": {"gender": "female", "id": "4985884", "photo": {"prefix": "https://igx.4sqi.net/img/user/", "suffix": "/HEKANW42WXJ2VFBP.jpg"}, "firstName": "Jiema", "lastName": "Ishak"}, "canonicalUrl": "https://foursquare.com/item/4d89eef97d4c54818f995d71", "todo": {"count": 2}, "disagreeCount": 0}, {"logView": true, "lang": "en", "createdAt": 1337571517, "agreeCount": 0, "likes": {"groups": [], "count": 0}, "id": "4fb9b8bde4b0cfcf1963a066", "text": "try nasi brayani at #01-41.", "type": "user", "user": {"id": "16966208", "photo": {"prefix": "https://igx.4sqi.net/img/user/", "suffix": "/ZNEVGGBFKSQVEZEX.jpg"}, "firstName": "Maskam", "gender": "male"}, "canonicalUrl": "https://foursquare.com/item/4fb9b8bde4b0cfcf1963a066", "todo": {"count": 0}, "disagreeCount": 0}, {"logView": true, "lang": "en", "createdAt": 1368967041, "agreeCount": 0, "likes": {"groups": [], "count": 0}, "id": "5198c781498e6cc07c8f6a88", "text": "\u8d22 01-14 Beef Char kuay tiow is vry good, wok hei is strong & beef tender", "type": "user", "user": {"id": "1477413", "photo": {"prefix": "https://igx.4sqi.net/img/user/", "suffix": "/1BBL3ILUFPSM0NCD.jpg"}, "firstName": "Simon", "gender": "male"}, "canonicalUrl": "https://foursquare.com/item/5198c781498e6cc07c8f6a88", "todo": {"count": 0}, "disagreeCount": 0}, {"logView": true, "lang": "en", "createdAt": 1317450784, "agreeCount": 0, "likes": {"groups": [], "count": 0}, "id": "4e86b42082314b9e8342d53c", "text": "The xing yun chicken rice is nice. Try it..", "type": "user", "user": {"gender": "male", "id": "12979792", "photo": {"prefix": "https://igx.4sqi.net/img/user/", "suffix": "/SELAKXLER4ZOUHY5.jpg"}, "firstName": "Ernest", "lastName": "Gan"}, "canonicalUrl": "https://foursquare.com/item/4e86b42082314b9e8342d53c", "todo": {"count": 0}, "disagreeCount": 0}, {"logView": true, "lang": "en", "createdAt": 1290648126, "todo": {"count": 0}, "agreeCount": 3, "likes": {"groups": [{"items": [{"gender": "female", "id": "70153837", "photo": {"prefix": "https://igx.4sqi.net/img/user/", "default": true, "suffix": "/blank_girl.png"}, "firstName": "Penny", "lastName": "Lee"}, {"gender": "male", "id": "78835711", "photo": {"prefix": "https://igx.4sqi.net/img/user/", "suffix": "/78835711-EVUHHAEOW3C5R0UK.jpg"}, "firstName": "Nico", "lastName": "Yeo"}], "count": 2, "type": "others"}], "summary": "2 likes", "count": 2}, "lastVoteText": "Upvoted May 14", "id": "4cedba3ef368b1f714dd7cf7", "text": "Go to the fei fei roasted noodle shop and order Ya-Mian(duck noodle) it's very nice and Cha-Shaomian(Charsiew noodle) is also nice and remember that Tuesday is the shops holiday.", "disagreeCount": 0, "lastUpvoteTimestamp": 1494756561, "user": {"gender": "female", "id": "4846902", "photo": {"prefix": "https://igx.4sqi.net/img/user/", "suffix": "/SPR3SUI1JJCWJJ5X.jpg"}, "firstName": "Ayaka", "lastName": "Watanabe"}, "canonicalUrl": "https://foursquare.com/item/4cedba3ef368b1f714dd7cf7", "type": "user"}, {"logView": true, "lang": "en", "photo": {"id": "50f159b9e4b0a61f5710d567", "visibility": "public", "source": {"name": "Foursquare for iOS", "url": "https://foursquare.com/download/#/iphone"}, "suffix": "/23197664_CHluRqGps5j5Ehcr8I9ubertuyddLdPQ7OwW9a7dW3Q.jpg", "createdAt": 1357994425, "prefix": "https://igx.4sqi.net/img/general/", "width": 540, "height": 720}, "createdAt": 1357994415, "todo": {"count": 0}, "agreeCount": 0, "likes": {"groups": [], "count": 0}, "id": "50f159afe4b0c27bd50c811d", "text": "Yummy sup and reasonable price. Must try. #01-52", "disagreeCount": 0, "user": {"gender": "male", "id": "23197664", "photo": {"prefix": "https://igx.4sqi.net/img/user/", "suffix": "/JHFKFSD3SUNMNJ4X.jpg"}, "firstName": "Ng", "lastName": "BoonLei"}, "canonicalUrl": "https://foursquare.com/item/50f159afe4b0c27bd50c811d", "type": "user", "photourl": "https://igx.4sqi.net/img/general/original/23197664_CHluRqGps5j5Ehcr8I9ubertuyddLdPQ7OwW9a7dW3Q.jpg"}, {"logView": true, "lang": "en", "createdAt": 1286016277, "agreeCount": 1, "likes": {"groups": [{"items": [{"gender": "male", "id": "5366434", "photo": {"prefix": "https://igx.4sqi.net/img/user/", "suffix": "/IZOZ2QWB5G2TEEGT.jpg"}, "firstName": "Keeboon", "lastName": "Tan"}], "count": 1, "type": "others"}], "summary": "1 like", "count": 1}, "id": "4ca70d15f47ea143968b6621", "text": "Chicken rice with the red plate is nice", "type": "user", "user": {"gender": "male", "id": "3574769", "photo": {"prefix": "https://igx.4sqi.net/img/user/", "suffix": "/BMIRP03PBGPTXFM1.jpg"}, "firstName": "JUNJIE", "lastName": "ONG"}, "canonicalUrl": "https://foursquare.com/item/4ca70d15f47ea143968b6621", "todo": {"count": 0}, "disagreeCount": 0}, {"logView": true, "lang": "en", "createdAt": 1286695628, "agreeCount": 0, "likes": {"groups": [], "count": 0}, "id": "4cb16accc5e6a1cd5ad6ddf6", "text": "Teochew kuey is nice here ;)", "type": "user", "user": {"gender": "female", "id": "3816106", "photo": {"prefix": "https://igx.4sqi.net/img/user/", "suffix": "/TH5IOQ4OWTZSZ3FE.jpg"}, "firstName": "Ruoting", "lastName": "Yeo"}, "canonicalUrl": "https://foursquare.com/item/4cb16accc5e6a1cd5ad6ddf6", "todo": {"count": 0}, "disagreeCount": 0}, {"logView": true, "lang": "en", "createdAt": 1288928555, "agreeCount": 0, "likes": {"groups": [], "count": 0}, "id": "4cd37d2b6be6a143dd139502", "text": "SRI MENANTI's home-made chicken rice its nice... Big portion too... Try it... :)", "type": "user", "user": {"gender": "male", "id": "3369814", "photo": {"prefix": "https://igx.4sqi.net/img/user/", "suffix": "/MLUKZT1SIZ5HILU2.jpg"}, "firstName": "Rasyid", "lastName": "Sani"}, "canonicalUrl": "https://foursquare.com/item/4cd37d2b6be6a143dd139502", "todo": {"count": 0}, "disagreeCount": 0}, {"logView": true, "lang": "en", "createdAt": 1286690096, "agreeCount": 2, "likes": {"groups": [{"items": [{"gender": "female", "id": "16276392", "photo": {"prefix": "https://igx.4sqi.net/img/user/", "suffix": "/16276392-EEXCEQEHOUPSKF0K.jpg"}, "firstName": "Yuya", "lastName": "Pinky"}, {"id": "6249439", "photo": {"prefix": "https://igx.4sqi.net/img/user/", "suffix": "/6249439-PM5WXYLXCJ3CFUMC.jpg"}, "firstName": "Phon", "gender": "male"}], "count": 2, "type": "others"}], "summary": "2 likes", "count": 2}, "id": "4cb1553075ebb60c359fccad", "text": "Try the chicken rice here! 01-51 Hup Hong Chicken Rice. The acha is good, soup's nice too!", "type": "user", "user": {"gender": "female", "id": "127518", "photo": {"prefix": "https://igx.4sqi.net/img/user/", "suffix": "/127518_1259631842716.jpg"}, "firstName": "Shuyun", "lastName": "Cheng"}, "canonicalUrl": "https://foursquare.com/item/4cb1553075ebb60c359fccad", "todo": {"count": 0}, "disagreeCount": 0}, {"logView": true, "lang": "en", "createdAt": 1299903053, "agreeCount": 0, "likes": {"groups": [], "count": 0}, "id": "4d7af24d35793704d4f2765d", "text": "Nice food here!!!", "type": "user", "user": {"id": "6751493", "photo": {"prefix": "https://igx.4sqi.net/img/user/", "suffix": "/ALSP5K5LSAH0GOOR.jpg"}, "firstName": "TingXuan :)", "gender": "female"}, "canonicalUrl": "https://foursquare.com/item/4d7af24d35793704d4f2765d", "todo": {"count": 0}, "disagreeCount": 0}, {"logView": true, "lang": "en", "createdAt": 1377998632, "agreeCount": 0, "likes": {"groups": [], "count": 0}, "id": "52229728498ea0064282b527", "text": "Super long q at fei fei also prawn mee", "type": "user", "user": {"gender": "female", "id": "7643289", "photo": {"prefix": "https://igx.4sqi.net/img/user/", "suffix": "/N2WJV14EMY4OLQHW.jpg"}, "firstName": "Cherie", "lastName": "Yip"}, "canonicalUrl": "https://foursquare.com/item/52229728498ea0064282b527", "todo": {"count": 0}, "disagreeCount": 0}, {"logView": true, "lang": "en", "createdAt": 1301656285, "agreeCount": 1, "likes": {"groups": [{"items": [{"gender": "male", "id": "10955204", "photo": {"prefix": "https://igx.4sqi.net/img/user/", "suffix": "/IUVDRTJKYZKL5KS1.jpg"}, "firstName": "Thaddeus", "lastName": "Ong"}], "count": 1, "type": "others"}], "summary": "1 like", "count": 1}, "id": "4d95b2dd942ba093e50a408c", "text": "Must try the hotplate BBQ at  01-24! :)", "type": "user", "user": {"gender": "female", "id": "4242818", "photo": {"prefix": "https://igx.4sqi.net/img/user/", "suffix": "/4242818-INJKAITL3NSN0DYM.jpg"}, "firstName": "KaiLi", "lastName": "Chew"}, "canonicalUrl": "https://foursquare.com/item/4d95b2dd942ba093e50a408c", "todo": {"count": 0}, "disagreeCount": 0}, {"logView": true, "lang": "en", "createdAt": 1308907908, "agreeCount": 0, "likes": {"groups": [], "count": 0}, "id": "4e0459842271233b767cd72c", "text": "#01-05 ching teng is awesome!", "type": "user", "user": {"gender": "male", "id": "1793353", "photo": {"prefix": "https://igx.4sqi.net/img/user/", "suffix": "/ZUFQ2HSVGBVUGC33.jpg"}, "firstName": "Junior", "lastName": "Ng"}, "canonicalUrl": "https://foursquare.com/item/4e0459842271233b767cd72c", "todo": {"count": 0}, "disagreeCount": 0}, {"logView": true, "lang": "en", "createdAt": 1408274484, "agreeCount": 0, "likes": {"groups": [], "count": 0}, "id": "53f09034498edf4260ca9bfb", "text": "Must haves: soon kueh, teh (the stall behind soon kueh), granny's pancake!", "type": "user", "user": {"gender": "male", "id": "174952", "photo": {"prefix": "https://igx.4sqi.net/img/user/", "suffix": "/MSRL0FLGFE00NNMG.jpg"}, "firstName": "Felix", "lastName": "Ker"}, "canonicalUrl": "https://foursquare.com/item/53f09034498edf4260ca9bfb", "todo": {"count": 0}, "disagreeCount": 0}, {"logView": true, "lang": "en", "photo": {"id": "5447061f498e04295d40cef7", "visibility": "public", "source": {"name": "Foursquare for iOS", "url": "https://foursquare.com/download/#/iphone"}, "suffix": "/231366_pwqNlvJNr_uY8mUA_HKq8ypObyMdgezKORHadmQ0WWk.jpg", "createdAt": 1413940767, "prefix": "https://igx.4sqi.net/img/general/", "width": 720, "height": 960}, "createdAt": 1413940765, "todo": {"count": 0}, "agreeCount": 0, "likes": {"groups": [], "count": 0}, "id": "5447061d498eeeaea2464fcf", "text": "Stall selling local snacks - you tiao, butterfly (hu tie zha), hum chim peng & more. Sheng Huo Gong Shi #01-54", "disagreeCount": 0, "user": {"gender": "male", "id": "231366", "photo": {"prefix": "https://igx.4sqi.net/img/user/", "suffix": "/231366-Q2ZSAEF50GYUXPDA.jpg"}, "firstName": "Cheen", "lastName": "The Curious"}, "canonicalUrl": "https://foursquare.com/item/5447061d498eeeaea2464fcf", "type": "user", "photourl": "https://igx.4sqi.net/img/general/original/231366_pwqNlvJNr_uY8mUA_HKq8ypObyMdgezKORHadmQ0WWk.jpg"}, {"logView": true, "lang": "en", "createdAt": 1296011670, "agreeCount": 1, "likes": {"groups": [], "count": 0}, "id": "4d3f9196de17a093259ef06b", "text": "Sri Menanti Lontong, Mee Rebus and Mee Soto are extremely good! Try it yourself to believe!", "type": "user", "user": {"id": "1706750", "photo": {"prefix": "https://igx.4sqi.net/img/user/", "suffix": "/EERYWEGFFF0B3HBM.jpg"}, "firstName": "RosaBalina", "gender": "female"}, "canonicalUrl": "https://foursquare.com/item/4d3f9196de17a093259ef06b", "todo": {"count": 1}, "disagreeCount": 0}], "count": 64}}}