{"meta": {"code": 200, "requestId": "595a46bedb04f562ef479662"}, "response": {"tips": {"items": [{"logView": true, "lang": "en", "createdAt": 1299307232, "agreeCount": 0, "likes": {"groups": [], "count": 0}, "id": "4d71dae0311f6ea88032d3ea", "text": "Try the malay food. Damn good.", "type": "user", "user": {"gender": "male", "id": "7362665", "photo": {"prefix": "https://igx.4sqi.net/img/user/", "suffix": "/2EZA2MG4L2USU52S.jpg"}, "firstName": "Joo", "lastName": "Choi"}, "canonicalUrl": "https://foursquare.com/item/4d71dae0311f6ea88032d3ea", "todo": {"count": 1}, "disagreeCount": 0}, {"logView": true, "lang": "en", "createdAt": 1299500415, "agreeCount": 0, "likes": {"groups": [], "count": 0}, "id": "4d74cd7f0a22236a561b3a02", "text": "The Xiao long bao still oki. Fresh but abit salty. The Dan Dan ramen is oki. Heavy on taste. The economic rice is below average... Not worth it. Comparing with other kopi Tiam.", "type": "user", "user": {"gender": "male", "id": "4642936", "photo": {"prefix": "https://igx.4sqi.net/img/user/", "suffix": "/GL4UMJC5IPL2TG5M.jpg"}, "firstName": "Thomas", "lastName": "Chan"}, "canonicalUrl": "https://foursquare.com/item/4d74cd7f0a22236a561b3a02", "todo": {"count": 0}, "disagreeCount": 0}, {"logView": true, "lang": "en", "createdAt": 1328764432, "agreeCount": 0, "likes": {"groups": [], "count": 0}, "id": "4f335610e4b0cc4cf79ee7f8", "text": "Try malay food..awesom\uf609", "type": "user", "user": {"gender": "female", "id": "6074185", "photo": {"prefix": "https://igx.4sqi.net/img/user/", "suffix": "/4QF1QXF3MKRYLRCO.jpg"}, "firstName": "|\u2202\uff91", "lastName": "\u03adSc\uff91\u0500\uff91"}, "canonicalUrl": "https://foursquare.com/item/4f335610e4b0cc4cf79ee7f8", "todo": {"count": 0}, "disagreeCount": 0}, {"authorInteractionType": "meh", "logView": true, "lang": "en", "createdAt": 1473990792, "agreeCount": 0, "likes": {"groups": [], "count": 0}, "id": "57db5088498ea711b1b917f1", "text": "Cheap beer at $6.50 a pop now~ All the uncles coming round to drink and make scenes \ud83d\ude13", "type": "user", "user": {"gender": "female", "id": "951387", "photo": {"prefix": "https://igx.4sqi.net/img/user/", "suffix": "/I2YP30PZCNLM5UKH.jpg"}, "firstName": "Pheobe", "lastName": "Tan"}, "canonicalUrl": "https://foursquare.com/item/57db5088498ea711b1b917f1", "todo": {"count": 0}, "disagreeCount": 0}, {"authorInteractionType": "liked", "logView": true, "lang": "en", "createdAt": 1289484157, "agreeCount": 0, "likes": {"groups": [{"items": [], "count": 1, "type": "others"}], "summary": "1 like", "count": 1}, "id": "4cdbf77d22bd721ece6cf847", "text": "Char-Grill Bar. =D~~~", "type": "user", "user": {"gender": "female", "id": "942443", "photo": {"prefix": "https://igx.4sqi.net/img/user/", "suffix": "/ITQR3IXBDMGMIM0J.jpg"}, "firstName": "Lexelle", "lastName": "de Charmaine"}, "canonicalUrl": "https://foursquare.com/item/4cdbf77d22bd721ece6cf847", "todo": {"count": 0}, "disagreeCount": 0}, {"logView": true, "lang": "en", "createdAt": 1391603722, "agreeCount": 0, "likes": {"groups": [], "count": 0}, "id": "52f2300a11d28418bd75b256", "text": "The only oyster stall in the neighborhood!", "type": "user", "user": {"gender": "female", "id": "20372910", "photo": {"prefix": "https://igx.4sqi.net/img/user/", "suffix": "/20372910-AU24VJ23BDCDAS34.jpg"}, "firstName": "Elizabeth Sukhon", "lastName": "Teo"}, "canonicalUrl": "https://foursquare.com/item/52f2300a11d28418bd75b256", "todo": {"count": 0}, "disagreeCount": 0}, {"logView": true, "lang": "en", "createdAt": 1294915954, "agreeCount": 0, "likes": {"groups": [], "count": 0}, "id": "4d2ed97249bb721ef8248295", "text": "Try the Char-Grill Bar. Excellent Western food, especially the Cajun-grilled chicken", "type": "user", "user": {"gender": "male", "id": "689946", "photo": {"prefix": "https://igx.4sqi.net/img/user/", "suffix": "/S2FOSM4U4W0IRGDR.jpg"}, "firstName": "Jason", "lastName": "Lundberg"}, "canonicalUrl": "https://foursquare.com/item/4d2ed97249bb721ef8248295", "todo": {"count": 0}, "disagreeCount": 0}, {"logView": true, "lang": "en", "createdAt": 1340117900, "agreeCount": 0, "likes": {"groups": [], "count": 0}, "id": "4fe0938ce4b08ed98eada456", "text": "Fried Oyster \u30c4", "type": "user", "user": {"gender": "female", "id": "20372910", "photo": {"prefix": "https://igx.4sqi.net/img/user/", "suffix": "/20372910-AU24VJ23BDCDAS34.jpg"}, "firstName": "Elizabeth Sukhon", "lastName": "Teo"}, "canonicalUrl": "https://foursquare.com/item/4fe0938ce4b08ed98eada456", "todo": {"count": 0}, "disagreeCount": 0}, {"logView": true, "lang": "en", "createdAt": 1301137017, "agreeCount": 0, "likes": {"groups": [], "count": 0}, "id": "4d8dc6791716a14388ba20f7", "text": "The chicken rice stall makes great soup, but stay away from their chicken, which is too often undercooked and full of bones.", "type": "user", "user": {"gender": "male", "id": "689946", "photo": {"prefix": "https://igx.4sqi.net/img/user/", "suffix": "/S2FOSM4U4W0IRGDR.jpg"}, "firstName": "Jason", "lastName": "Lundberg"}, "canonicalUrl": "https://foursquare.com/item/4d8dc6791716a14388ba20f7", "todo": {"count": 0}, "disagreeCount": 0}, {"authorInteractionType": "liked", "logView": true, "lang": "en", "createdAt": 1289484110, "agreeCount": 0, "likes": {"groups": [{"items": [], "count": 2, "type": "others"}], "summary": "2 likes", "count": 2}, "id": "4cdbf74e5aeda1cd0bdcbf11", "text": "Char-Grill Bar. Hmmm~", "type": "user", "user": {"gender": "female", "id": "942443", "photo": {"prefix": "https://igx.4sqi.net/img/user/", "suffix": "/ITQR3IXBDMGMIM0J.jpg"}, "firstName": "Lexelle", "lastName": "de Charmaine"}, "canonicalUrl": "https://foursquare.com/item/4cdbf74e5aeda1cd0bdcbf11", "todo": {"count": 0}, "disagreeCount": 0}], "count": 10}}}