{"meta": {"code": 200, "requestId": "595a5772f594df3c3f6d07f9"}, "response": {"tips": {"items": [{"logView": true, "lang": "en", "createdAt": 1294516099, "agreeCount": 0, "likes": {"groups": [], "count": 0}, "id": "4d28bf83467d6ea87d48c995", "text": "Yummy waffles with peanut butter fillings :)", "type": "user", "user": {"gender": "none", "id": "915103", "photo": {"prefix": "https://igx.4sqi.net/img/user/", "suffix": "/NKSOQZKIWQ5LSZQ2.jpg"}, "firstName": "Cal", "lastName": "Yeo"}, "canonicalUrl": "https://foursquare.com/item/4d28bf83467d6ea87d48c995", "todo": {"count": 0}, "disagreeCount": 0}, {"logView": true, "lang": "en", "createdAt": 1330588618, "agreeCount": 0, "likes": {"groups": [], "count": 0}, "id": "4f4f2bcae4b05017c8c6e4bd", "text": "Butter Cream Cake Nice...", "type": "user", "user": {"gender": "male", "id": "9995033", "photo": {"prefix": "https://igx.4sqi.net/img/user/", "suffix": "/SRGC33LVSH4U33RT.jpg"}, "firstName": "Michael", "lastName": "Sim"}, "canonicalUrl": "https://foursquare.com/item/4f4f2bcae4b05017c8c6e4bd", "todo": {"count": 0}, "disagreeCount": 0}, {"logView": true, "lang": "en", "createdAt": 1290590704, "agreeCount": 0, "likes": {"groups": [], "count": 0}, "id": "4cecd9f0d7268cfa6b9ebf4e", "text": "50% discount for students!", "type": "user", "user": {"gender": "female", "id": "3622219", "photo": {"prefix": "https://igx.4sqi.net/img/user/", "suffix": "/3622219_BTK3Ytry_GjX1VbAAGrSs8lUFx_fcF1kGq6IHmoUAmHbY_B7Lr3g6fjSxoTDZgPCdME1IGLj-.jpg"}, "firstName": "\ud83d\udc8bJuWieZy\u2122", "lastName": "VoGueZ \ud83c\udf78"}, "canonicalUrl": "https://foursquare.com/item/4cecd9f0d7268cfa6b9ebf4e", "todo": {"count": 0}, "disagreeCount": 0}, {"logView": true, "lang": "en", "createdAt": 1312983004, "agreeCount": 0, "likes": {"groups": [], "count": 0}, "id": "4e4287dc1495179c014f67b6", "text": "There a offer period starting from 9.30pm", "type": "user", "user": {"gender": "male", "id": "1532237", "photo": {"prefix": "https://igx.4sqi.net/img/user/", "suffix": "/UXCSOH5YFPIXKPSM.jpg"}, "firstName": "Steven", "lastName": "Phua"}, "canonicalUrl": "https://foursquare.com/item/4e4287dc1495179c014f67b6", "todo": {"count": 0}, "disagreeCount": 0}, {"logView": true, "lang": "en", "createdAt": 1329635768, "agreeCount": 0, "likes": {"groups": [], "count": 0}, "id": "4f40a1b8e4b0c868dda808ce", "text": "vanilla yogurt", "type": "user", "user": {"gender": "female", "id": "17673151", "photo": {"prefix": "https://igx.4sqi.net/img/user/", "suffix": "/17673151-HIY0O1V01TOC3QCS.jpg"}, "firstName": "Aireen", "lastName": "Milmed"}, "canonicalUrl": "https://foursquare.com/item/4f40a1b8e4b0c868dda808ce", "todo": {"count": 0}, "disagreeCount": 0}, {"logView": true, "lang": "en", "createdAt": 1315730640, "agreeCount": 0, "likes": {"groups": [], "count": 0}, "id": "4e6c74d0fa76fa0358445992", "text": "Last minute Moon cakes offer. No eggs 4 @ $10. With eggs 4 @ $12. May get even Cheaper by 2moro", "type": "user", "user": {"gender": "male", "id": "9995033", "photo": {"prefix": "https://igx.4sqi.net/img/user/", "suffix": "/SRGC33LVSH4U33RT.jpg"}, "firstName": "Michael", "lastName": "Sim"}, "canonicalUrl": "https://foursquare.com/item/4e6c74d0fa76fa0358445992", "todo": {"count": 0}, "disagreeCount": 0}, {"logView": true, "lang": "en", "createdAt": 1290590678, "agreeCount": 0, "likes": {"groups": [], "count": 0}, "id": "4cecd9d613aea143a37d639f", "text": "Offer $2 buy doughnut n bubble tea promo..", "type": "user", "user": {"gender": "female", "id": "3622219", "photo": {"prefix": "https://igx.4sqi.net/img/user/", "suffix": "/3622219_BTK3Ytry_GjX1VbAAGrSs8lUFx_fcF1kGq6IHmoUAmHbY_B7Lr3g6fjSxoTDZgPCdME1IGLj-.jpg"}, "firstName": "\ud83d\udc8bJuWieZy\u2122", "lastName": "VoGueZ \ud83c\udf78"}, "canonicalUrl": "https://foursquare.com/item/4cecd9d613aea143a37d639f", "todo": {"count": 0}, "disagreeCount": 0}], "count": 7}}}