{"meta": {"code": 200, "requestId": "595a53f71ed21919fb915f4d"}, "response": {"tips": {"items": [{"logView": true, "lang": "en", "createdAt": 1298274899, "agreeCount": 0, "likes": {"groups": [], "count": 0}, "id": "4d621a535c39b1f7ed3c174a", "text": "Heard the lao zhong zhong wu xiang is nice.. Will come again to eat their wu xiang the next trip... ;)) great fishball noodle..", "type": "user", "user": {"gender": "female", "id": "3895314", "photo": {"prefix": "https://igx.4sqi.net/img/user/", "suffix": "/EIKXA1RLWDZBH0HK.jpg"}, "firstName": "Winnie", "lastName": "Wong"}, "canonicalUrl": "https://foursquare.com/item/4d621a535c39b1f7ed3c174a", "todo": {"count": 0}, "disagreeCount": 0}, {"logView": true, "lang": "en", "createdAt": 1298274856, "agreeCount": 0, "likes": {"groups": [], "count": 0}, "id": "4d621a285b276dcb12852bc6", "text": "$4 dollars noodles can make your stomach so full and eat with pleasure! One of the best noodles i ever had;)", "type": "user", "user": {"gender": "male", "id": "4124860", "photo": {"prefix": "https://igx.4sqi.net/img/user/", "suffix": "/1I210ACT0VHISNJJ.jpg"}, "firstName": "Shawn ong", "lastName": "Junhui"}, "canonicalUrl": "https://foursquare.com/item/4d621a285b276dcb12852bc6", "todo": {"count": 0}, "disagreeCount": 0}, {"logView": true, "lang": "en", "createdAt": 1298274691, "agreeCount": 0, "likes": {"groups": [], "count": 0}, "id": "4d6219831ee8721e208bbd21", "text": "Nice fishball noodle i've ever had... Cheap and filling ur stomach...", "type": "user", "user": {"gender": "female", "id": "3895314", "photo": {"prefix": "https://igx.4sqi.net/img/user/", "suffix": "/EIKXA1RLWDZBH0HK.jpg"}, "firstName": "Winnie", "lastName": "Wong"}, "canonicalUrl": "https://foursquare.com/item/4d6219831ee8721e208bbd21", "todo": {"count": 0}, "disagreeCount": 0}, {"logView": true, "lang": "en", "createdAt": 1298274397, "agreeCount": 0, "likes": {"groups": [], "count": 0}, "id": "4d62185d1ee8721e4480bd21", "text": "Nice noodles with spicy chili yummy!!", "type": "user", "user": {"gender": "male", "id": "4124860", "photo": {"prefix": "https://igx.4sqi.net/img/user/", "suffix": "/1I210ACT0VHISNJJ.jpg"}, "firstName": "Shawn ong", "lastName": "Junhui"}, "canonicalUrl": "https://foursquare.com/item/4d62185d1ee8721e4480bd21", "todo": {"count": 0}, "disagreeCount": 0}], "count": 4}}}