{"meta": {"code": 200, "requestId": "595a48244434b96bff253bec"}, "response": {"tips": {"items": [{"logView": true, "lang": "id", "createdAt": 1390295995, "agreeCount": 0, "likes": {"groups": [], "count": 0}, "id": "52de3bbb498ed213829a7abc", "text": "Enak dan mantap. Tp kebanyakan porsinya. Gak habis sekali makan", "type": "user", "user": {"gender": "female", "id": "13760444", "photo": {"prefix": "https://igx.4sqi.net/img/user/", "suffix": "/13760444-BF5SBQJTC4XU5NLU.jpg"}, "firstName": "Silvia", "lastName": "Junaidi"}, "canonicalUrl": "https://foursquare.com/item/52de3bbb498ed213829a7abc", "todo": {"count": 0}, "disagreeCount": 0}, {"logView": true, "lang": "en", "createdAt": 1275461923, "agreeCount": 0, "likes": {"groups": [], "count": 0}, "id": "4c06012370c603bb6a0a9eb4", "text": "I love the grilled vegetables pizza - so healthy and just the right portion. On a nice day, sit outside on the benches to eat.", "type": "user", "user": {"gender": "female", "id": "261779", "photo": {"prefix": "https://igx.4sqi.net/img/user/", "suffix": "/261779_42P9RXDn_kszHnn2769y0o3BJDWkaM5ougBte7Jc0lg8xk7IQoAlC5YVB4m0kVhjySgJKHtiZ.jpg"}, "firstName": "Si\u00e2n", "lastName": "Ng"}, "canonicalUrl": "https://foursquare.com/item/4c06012370c603bb6a0a9eb4", "todo": {"count": 1}, "disagreeCount": 0}, {"logView": true, "lang": "en", "createdAt": 1323347277, "agreeCount": 0, "likes": {"groups": [], "count": 0}, "id": "4ee0ad4daa1ff1449690e229", "text": "TIRAMISU!!!", "type": "user", "user": {"gender": "female", "id": "1451072", "photo": {"prefix": "https://igx.4sqi.net/img/user/", "suffix": "/AYIE23OTCFK02Y0Z.jpg"}, "firstName": "Adelia R.", "lastName": "Rothman"}, "canonicalUrl": "https://foursquare.com/item/4ee0ad4daa1ff1449690e229", "todo": {"count": 0}, "disagreeCount": 0}, {"authorInteractionType": "meh", "logView": true, "lang": "en", "createdAt": 1452393587, "agreeCount": 0, "likes": {"groups": [], "count": 0}, "id": "5691c473498efc0ab152f047", "text": "Mozzarella and basil sandwich has tomato and a large volume of mixed salad in it - this would not be an Italian decision.", "type": "user", "user": {"gender": "none", "id": "7520990", "photo": {"prefix": "https://igx.4sqi.net/img/user/", "default": true, "suffix": "/blank_boy.png"}, "firstName": "David", "lastName": "S."}, "canonicalUrl": "https://foursquare.com/item/5691c473498efc0ab152f047", "todo": {"count": 0}, "disagreeCount": 0}, {"logView": true, "lang": "en", "createdAt": 1300275775, "agreeCount": 0, "likes": {"groups": [], "count": 0}, "id": "4d80a23f8edaa1435d36f239", "text": "Tiramisu!!!!!!! The best", "type": "user", "user": {"gender": "male", "id": "5324414", "photo": {"prefix": "https://igx.4sqi.net/img/user/", "suffix": "/ZDRCVZ0OB5JYAG0A.jpg"}, "firstName": "Nic", "lastName": "Tai"}, "canonicalUrl": "https://foursquare.com/item/4d80a23f8edaa1435d36f239", "todo": {"count": 0}, "disagreeCount": 0}, {"authorInteractionType": "liked", "logView": true, "lang": "en", "createdAt": 1441777250, "agreeCount": 0, "likes": {"groups": [], "count": 0}, "id": "55efc662498ed10fe4258595", "text": "Great place to chillax over desserts and coffee. Food and drinks are decent. \ud83d\udc4d\ud83c\udffc", "type": "user", "user": {"gender": "female", "id": "75815541", "photo": {"prefix": "https://igx.4sqi.net/img/user/", "suffix": "/-J0KVJB2NG0VWMF23.jpg"}, "firstName": "Jessica", "lastName": "Chak"}, "canonicalUrl": "https://foursquare.com/item/55efc662498ed10fe4258595", "todo": {"count": 0}, "disagreeCount": 0}, {"logView": true, "lang": "en", "createdAt": 1395327393, "agreeCount": 0, "likes": {"groups": [], "count": 0}, "id": "532b01a1498e46234d4a76d2", "text": "Black rice with chicken! Highly recommended!", "type": "user", "user": {"gender": "female", "id": "3546141", "photo": {"prefix": "https://igx.4sqi.net/img/user/", "suffix": "/4COIHV5TZTDG3OS0.jpg"}, "firstName": "Len", "lastName": "Urrutia"}, "canonicalUrl": "https://foursquare.com/item/532b01a1498e46234d4a76d2", "todo": {"count": 0}, "disagreeCount": 0}, {"logView": true, "lang": "en", "createdAt": 1308632371, "agreeCount": 0, "likes": {"groups": [], "count": 0}, "id": "4e00253352b10e747799dda3", "text": "Awesome pizzas!!", "type": "user", "user": {"id": "7809950", "photo": {"prefix": "https://igx.4sqi.net/img/user/", "suffix": "/ZKFNZVHXDHAXEGII.jpg"}, "firstName": "Justmargeet", "gender": "male"}, "canonicalUrl": "https://foursquare.com/item/4e00253352b10e747799dda3", "todo": {"count": 0}, "disagreeCount": 0}, {"authorInteractionType": "meh", "logView": true, "lang": "en", "createdAt": 1452393551, "agreeCount": 0, "likes": {"groups": [], "count": 0}, "id": "5691c44f498e0f18f756857b", "text": "Poor flat white. Scaled milk. Cups too big - flat white should not be a latte!", "type": "user", "user": {"gender": "none", "id": "7520990", "photo": {"prefix": "https://igx.4sqi.net/img/user/", "default": true, "suffix": "/blank_boy.png"}, "firstName": "David", "lastName": "S."}, "canonicalUrl": "https://foursquare.com/item/5691c44f498e0f18f756857b", "todo": {"count": 0}, "disagreeCount": 0}, {"logView": true, "lang": "en", "createdAt": 1398389386, "todo": {"count": 0}, "agreeCount": 1, "likes": {"groups": [], "count": 0}, "lastVoteText": "Upvoted Apr 26", "id": "5359ba8a498ebd952271a55e", "text": "Peanut Butter Choc Chunk was really good.. Baked Lemon Tart was not bad too.. Give it a try!", "disagreeCount": 0, "lastUpvoteTimestamp": 1493250749, "user": {"gender": "female", "id": "24440223", "photo": {"prefix": "https://igx.4sqi.net/img/user/", "suffix": "/0O03552WRFMFQQD0.jpg"}, "firstName": "Sing Fui", "lastName": "Loh"}, "canonicalUrl": "https://foursquare.com/item/5359ba8a498ebd952271a55e", "type": "user"}, {"logView": true, "lang": "en", "createdAt": 1384314921, "agreeCount": 0, "likes": {"groups": [], "count": 0}, "id": "5282f82911d21439a4abad33", "text": "Try the chicken + brie sandwhich, very good!", "type": "user", "user": {"gender": "female", "id": "986507", "photo": {"prefix": "https://igx.4sqi.net/img/user/", "suffix": "/986507-AY3IMZM2LMPJU221.jpg"}, "firstName": "Kerry", "lastName": "Smith"}, "canonicalUrl": "https://foursquare.com/item/5282f82911d21439a4abad33", "todo": {"count": 0}, "disagreeCount": 0}, {"authorInteractionType": "liked", "logView": true, "lang": "en", "createdAt": 1475238577, "agreeCount": 0, "likes": {"groups": [], "count": 0}, "id": "57ee5ab1498e8cd26e784b25", "text": "Really nice take away food and cakes. Especially love the tiramisu and triple chocolate mousse.", "type": "user", "user": {"gender": "none", "id": "106919134", "photo": {"prefix": "https://igx.4sqi.net/img/user/", "default": true, "suffix": "/blank_boy.png"}, "firstName": "safia", "lastName": "r"}, "canonicalUrl": "https://foursquare.com/item/57ee5ab1498e8cd26e784b25", "todo": {"count": 0}, "disagreeCount": 0}, {"logView": true, "lang": "en", "createdAt": 1414217351, "agreeCount": 0, "likes": {"groups": [], "count": 0}, "id": "544b3e87498e22862bcc898d", "text": "Good for take aways", "type": "user", "user": {"gender": "female", "id": "92751558", "photo": {"prefix": "https://igx.4sqi.net/img/user/", "suffix": "/92751558-RCMH5B0XYPMWSREX.jpg"}, "firstName": "Clare", "lastName": "Wee-Goh"}, "canonicalUrl": "https://foursquare.com/item/544b3e87498e22862bcc898d", "todo": {"count": 0}, "disagreeCount": 0}, {"logView": true, "lang": "en", "createdAt": 1398970869, "agreeCount": 0, "likes": {"groups": [], "count": 0}, "id": "536299f5498ee0033965b617", "text": "Best place to be! Great food", "type": "user", "user": {"gender": "male", "id": "70176277", "photo": {"prefix": "https://igx.4sqi.net/img/user/", "suffix": "/70176277-0SFPLFG0ZHHZKAQF.jpg"}, "firstName": "Chan", "lastName": "Hugo"}, "canonicalUrl": "https://foursquare.com/item/536299f5498ee0033965b617", "todo": {"count": 0}, "disagreeCount": 0}, {"logView": true, "lang": "en", "createdAt": 1299044322, "agreeCount": 0, "likes": {"groups": [], "count": 0}, "id": "4d6dd7e229586dcb01baa9f1", "text": "Grab a $6 mini wine bottle from the nearby Cold Storage and a lasagna from here and you're all set for a midday picnic", "type": "user", "user": {"gender": "male", "id": "108117", "photo": {"prefix": "https://igx.4sqi.net/img/user/", "suffix": "/TA2JVWB2D3JSZQQA.jpg"}, "firstName": "ikram", "lastName": "choudhury"}, "canonicalUrl": "https://foursquare.com/item/4d6dd7e229586dcb01baa9f1", "todo": {"count": 0}, "disagreeCount": 0}, {"logView": true, "lang": "en", "createdAt": 1394368573, "agreeCount": 0, "likes": {"groups": [], "count": 0}, "id": "531c603d498e03aaf7f3066a", "text": "The tiramisu was great. Pizza was okay and the lasagna was alright. But for a decent to good italian meal, the price was just right. We will come back for more, you can bet on it!", "type": "user", "user": {"gender": "male", "id": "73813234", "photo": {"prefix": "https://igx.4sqi.net/img/user/", "suffix": "/73813234-IZKZ2G0MKYGPP020.jpg"}, "firstName": "Muhammad Imam", "lastName": "Aulia Akbar"}, "canonicalUrl": "https://foursquare.com/item/531c603d498e03aaf7f3066a", "todo": {"count": 0}, "disagreeCount": 0}, {"authorInteractionType": "liked", "logView": true, "lang": "en", "photo": {"id": "54ea02c1498eb07f33979b3e", "visibility": "public", "source": {"name": "Foursquare for iOS", "url": "https://foursquare.com/download/#/iphone"}, "suffix": "/4197458_jBCc5dBcv0FAtkTAgkU3P5GtGfDs8PTEoTo3fF6eagY.jpg", "createdAt": 1424622273, "prefix": "https://igx.4sqi.net/img/general/", "width": 1439, "height": 1920}, "createdAt": 1424622270, "todo": {"count": 0}, "agreeCount": 0, "likes": {"groups": [], "count": 0}, "id": "54ea02be498e9d786ecb8ee4", "text": "Italian gourmet, good selection of wine, fine pastries, what else to add ? Oh yes, they also have cronut !", "disagreeCount": 0, "user": {"gender": "male", "id": "4197458", "photo": {"prefix": "https://igx.4sqi.net/img/user/", "suffix": "/4197458-NFT1R3JEY0C11ZTT.jpg"}, "firstName": "Olivier", "lastName": "Biot"}, "canonicalUrl": "https://foursquare.com/item/54ea02be498e9d786ecb8ee4", "type": "user", "photourl": "https://igx.4sqi.net/img/general/original/4197458_jBCc5dBcv0FAtkTAgkU3P5GtGfDs8PTEoTo3fF6eagY.jpg"}, {"authorInteractionType": "meh", "logView": true, "lang": "en", "createdAt": 1452393607, "agreeCount": 0, "likes": {"groups": [], "count": 0}, "id": "5691c487498efc7180467332", "text": "Good omelettes.", "type": "user", "user": {"gender": "none", "id": "7520990", "photo": {"prefix": "https://igx.4sqi.net/img/user/", "default": true, "suffix": "/blank_boy.png"}, "firstName": "David", "lastName": "S."}, "canonicalUrl": "https://foursquare.com/item/5691c487498efc7180467332", "todo": {"count": 0}, "disagreeCount": 0}], "count": 18}}}