{"meta": {"code": 200, "requestId": "595a47414434b96bc8880673"}, "response": {"tips": {"items": [{"logView": true, "lang": "en", "createdAt": 1290258322, "agreeCount": 0, "likes": {"groups": [], "count": 0}, "id": "4ce7c792baa6a1cd50b4296c", "text": "Reasonable price.. The place here not very big.. A small restaurant just nice for family to eat here!", "type": "user", "user": {"gender": "female", "id": "1980833", "photo": {"prefix": "https://igx.4sqi.net/img/user/", "suffix": "/Q2WOHNAR5QJQZ21E.jpg"}, "firstName": "Chen", "lastName": "Vivian"}, "canonicalUrl": "https://foursquare.com/item/4ce7c792baa6a1cd50b4296c", "todo": {"count": 0}, "disagreeCount": 0}, {"logView": true, "lang": "en", "createdAt": 1317010767, "agreeCount": 0, "likes": {"groups": [], "count": 0}, "id": "4e7ffd4fdab44389441bb221", "text": "Love the food here. Must try at least once. Still at located at fourth level", "type": "user", "user": {"gender": "male", "id": "2801015", "photo": {"prefix": "https://igx.4sqi.net/img/user/", "suffix": "/2801015-5VJCZLBHIGX0ALBY.jpg"}, "firstName": "Irvan", "lastName": "Tan"}, "canonicalUrl": "https://foursquare.com/item/4e7ffd4fdab44389441bb221", "todo": {"count": 0}, "disagreeCount": 0}, {"logView": true, "lang": "en", "createdAt": 1291522478, "agreeCount": 0, "likes": {"groups": [], "count": 0}, "id": "4cfb11ae20fe3704c3ed51f8", "text": "Try the roti prata roll here!", "type": "user", "user": {"gender": "female", "id": "4889770", "photo": {"prefix": "https://igx.4sqi.net/img/user/", "suffix": "/MSF1IA4MI0ITI2GK.jpg"}, "firstName": "Lin", "lastName": "Yu Min"}, "canonicalUrl": "https://foursquare.com/item/4cfb11ae20fe3704c3ed51f8", "todo": {"count": 4}, "disagreeCount": 0}], "count": 3}}}