{"meta": {"code": 200, "requestId": "595a4d769fb6b77b79a27598"}, "response": {"tips": {"items": [{"logView": true, "lang": "en", "createdAt": 1436456079, "agreeCount": 0, "likes": {"groups": [], "count": 0}, "id": "559e948f498e751ec5c5e78b", "text": "frappe again... \u270c", "type": "user", "user": {"gender": "male", "id": "22865644", "photo": {"prefix": "https://igx.4sqi.net/img/user/", "suffix": "/22865644_B1U-0tU9_aD-YHwoG1xD-tsZEGq16RGTl8k2NqpS6w1i_7m9JzlvsXIgeVxaq33VHqLwJKXvl.jpg"}, "firstName": "Ayeez", "lastName": "Dollah"}, "canonicalUrl": "https://foursquare.com/item/559e948f498e751ec5c5e78b", "todo": {"count": 0}, "disagreeCount": 0}, {"logView": true, "lang": "en", "createdAt": 1439310649, "agreeCount": 0, "likes": {"groups": [], "count": 0}, "id": "55ca2339498e30c64931ebac", "text": "supper...hungry...", "type": "user", "user": {"gender": "male", "id": "22865644", "photo": {"prefix": "https://igx.4sqi.net/img/user/", "suffix": "/22865644_B1U-0tU9_aD-YHwoG1xD-tsZEGq16RGTl8k2NqpS6w1i_7m9JzlvsXIgeVxaq33VHqLwJKXvl.jpg"}, "firstName": "Ayeez", "lastName": "Dollah"}, "canonicalUrl": "https://foursquare.com/item/55ca2339498e30c64931ebac", "todo": {"count": 0}, "disagreeCount": 0}, {"logView": true, "lang": "id", "createdAt": 1436870793, "agreeCount": 0, "likes": {"groups": [], "count": 0}, "id": "55a4e889498e1b9939a1473f", "text": "semua xde beli McFrappe then...", "type": "user", "user": {"gender": "male", "id": "22865644", "photo": {"prefix": "https://igx.4sqi.net/img/user/", "suffix": "/22865644_B1U-0tU9_aD-YHwoG1xD-tsZEGq16RGTl8k2NqpS6w1i_7m9JzlvsXIgeVxaq33VHqLwJKXvl.jpg"}, "firstName": "Ayeez", "lastName": "Dollah"}, "canonicalUrl": "https://foursquare.com/item/55a4e889498e1b9939a1473f", "todo": {"count": 0}, "disagreeCount": 0}, {"logView": true, "lang": "en", "createdAt": 1456327018, "agreeCount": 0, "likes": {"groups": [], "count": 0}, "id": "56cdc96a498e19862780c775", "text": "FOREVER HUNGRY", "type": "user", "user": {"gender": "male", "id": "22865644", "photo": {"prefix": "https://igx.4sqi.net/img/user/", "suffix": "/22865644_B1U-0tU9_aD-YHwoG1xD-tsZEGq16RGTl8k2NqpS6w1i_7m9JzlvsXIgeVxaq33VHqLwJKXvl.jpg"}, "firstName": "Ayeez", "lastName": "Dollah"}, "canonicalUrl": "https://foursquare.com/item/56cdc96a498e19862780c775", "todo": {"count": 0}, "disagreeCount": 0}, {"logView": true, "lang": "en", "createdAt": 1301084906, "agreeCount": 1, "likes": {"groups": [{"items": [{"gender": "female", "id": "16871305", "photo": {"prefix": "https://igx.4sqi.net/img/user/", "suffix": "/16871305-ENIPSEC0BHHW45UU.jpg"}, "firstName": "Crem", "lastName": "Enriquez"}], "count": 1, "type": "others"}], "summary": "1 like", "count": 1}, "id": "4d8cfaea788c5481be8416fd", "text": "There is peace when you eating...anytime hungry can just come and eat and epl tv to entertain you", "type": "user", "user": {"gender": "male", "id": "7961133", "photo": {"prefix": "https://igx.4sqi.net/img/user/", "suffix": "/7961133-RBJNPRCGPFCIORIO.jpg"}, "firstName": "Redzuan", "lastName": "Juiceball"}, "canonicalUrl": "https://foursquare.com/item/4d8cfaea788c5481be8416fd", "todo": {"count": 0}, "disagreeCount": 0}, {"authorInteractionType": "disliked", "logView": true, "lang": "en", "createdAt": 1442309921, "agreeCount": 0, "likes": {"groups": [], "count": 0}, "id": "55f7e721498e184e3962dccd", "text": "Should rename to a student study centre.", "type": "user", "user": {"gender": "male", "id": "140062356", "photo": {"prefix": "https://igx.4sqi.net/img/user/", "suffix": "/140062356-E4HCLA3PW3T3ALYN.jpg"}, "firstName": "Andrew", "lastName": "Lim"}, "canonicalUrl": "https://foursquare.com/item/55f7e721498e184e3962dccd", "todo": {"count": 0}, "disagreeCount": 0}, {"logView": true, "lang": "en", "createdAt": 1374124972, "agreeCount": 2, "likes": {"groups": [{"items": [{"gender": "male", "id": "38962700", "photo": {"prefix": "https://igx.4sqi.net/img/user/", "suffix": "/38962700-ENC5UWZICKBIRQEA.jpg"}, "firstName": "Joseph", "lastName": "Franco"}, {"id": "22795309", "photo": {"prefix": "https://igx.4sqi.net/img/user/", "suffix": "/22795309-QPFRR1LZAFRMZDMI.jpg"}, "firstName": "drewmatic", "gender": "male"}], "count": 2, "type": "others"}], "summary": "2 likes", "count": 2}, "id": "51e77bac498e3b78d44a56cb", "text": "Long queue spend 1 hour to get the Despicable Me Toy", "type": "user", "user": {"gender": "male", "id": "60121647", "photo": {"prefix": "https://igx.4sqi.net/img/user/", "suffix": "/YEEQKHJQOUIEUXRU.jpg"}, "firstName": "Richard", "lastName": "Navarro"}, "canonicalUrl": "https://foursquare.com/item/51e77bac498e3b78d44a56cb", "todo": {"count": 0}, "disagreeCount": 0}, {"logView": true, "lang": "en", "photo": {"id": "553264a4498e4088cba2f0f1", "visibility": "public", "source": {"name": "Foursquare for Android", "url": "https://foursquare.com/download/#/android"}, "suffix": "/22865644_IT5-jMWzAPz3cNkxOkje0DyUM_PQ_p2KH-AlWXvdG2g.jpg", "createdAt": 1429365924, "prefix": "https://igx.4sqi.net/img/general/", "width": 2304, "height": 2304}, "createdAt": 1429365919, "todo": {"count": 0}, "agreeCount": 0, "likes": {"groups": [], "count": 0}, "id": "5532649f498e94973844059e", "text": "Caramel Frappe!! Long time never buy this...", "disagreeCount": 0, "user": {"gender": "male", "id": "22865644", "photo": {"prefix": "https://igx.4sqi.net/img/user/", "suffix": "/22865644_B1U-0tU9_aD-YHwoG1xD-tsZEGq16RGTl8k2NqpS6w1i_7m9JzlvsXIgeVxaq33VHqLwJKXvl.jpg"}, "firstName": "Ayeez", "lastName": "Dollah"}, "canonicalUrl": "https://foursquare.com/item/5532649f498e94973844059e", "type": "user", "photourl": "https://igx.4sqi.net/img/general/original/22865644_IT5-jMWzAPz3cNkxOkje0DyUM_PQ_p2KH-AlWXvdG2g.jpg"}, {"logView": true, "lang": "en", "createdAt": 1427032239, "agreeCount": 0, "likes": {"groups": [], "count": 0}, "id": "550ec8af498e6ec94171538f", "text": "supper....", "type": "user", "user": {"gender": "male", "id": "22865644", "photo": {"prefix": "https://igx.4sqi.net/img/user/", "suffix": "/22865644_B1U-0tU9_aD-YHwoG1xD-tsZEGq16RGTl8k2NqpS6w1i_7m9JzlvsXIgeVxaq33VHqLwJKXvl.jpg"}, "firstName": "Ayeez", "lastName": "Dollah"}, "canonicalUrl": "https://foursquare.com/item/550ec8af498e6ec94171538f", "todo": {"count": 0}, "disagreeCount": 0}, {"logView": true, "lang": "en", "createdAt": 1448967734, "agreeCount": 0, "likes": {"groups": [], "count": 0}, "id": "565d7e36498ed4852e4a53cf", "text": "Cinnamon Meltz...", "type": "user", "user": {"gender": "male", "id": "22865644", "photo": {"prefix": "https://igx.4sqi.net/img/user/", "suffix": "/22865644_B1U-0tU9_aD-YHwoG1xD-tsZEGq16RGTl8k2NqpS6w1i_7m9JzlvsXIgeVxaq33VHqLwJKXvl.jpg"}, "firstName": "Ayeez", "lastName": "Dollah"}, "canonicalUrl": "https://foursquare.com/item/565d7e36498ed4852e4a53cf", "todo": {"count": 0}, "disagreeCount": 0}, {"logView": true, "lang": "en", "createdAt": 1445346226, "agreeCount": 0, "likes": {"groups": [], "count": 0}, "id": "56263bb2498e439dacb6361c", "text": "supper...hungreh...", "type": "user", "user": {"gender": "male", "id": "22865644", "photo": {"prefix": "https://igx.4sqi.net/img/user/", "suffix": "/22865644_B1U-0tU9_aD-YHwoG1xD-tsZEGq16RGTl8k2NqpS6w1i_7m9JzlvsXIgeVxaq33VHqLwJKXvl.jpg"}, "firstName": "Ayeez", "lastName": "Dollah"}, "canonicalUrl": "https://foursquare.com/item/56263bb2498e439dacb6361c", "todo": {"count": 0}, "disagreeCount": 0}, {"logView": true, "lang": "en", "createdAt": 1437663184, "agreeCount": 0, "likes": {"groups": [], "count": 0}, "id": "55b0ffd0498edeb5fce08f53", "text": "McTwisties...", "type": "user", "user": {"gender": "male", "id": "22865644", "photo": {"prefix": "https://igx.4sqi.net/img/user/", "suffix": "/22865644_B1U-0tU9_aD-YHwoG1xD-tsZEGq16RGTl8k2NqpS6w1i_7m9JzlvsXIgeVxaq33VHqLwJKXvl.jpg"}, "firstName": "Ayeez", "lastName": "Dollah"}, "canonicalUrl": "https://foursquare.com/item/55b0ffd0498edeb5fce08f53", "todo": {"count": 0}, "disagreeCount": 0}, {"logView": true, "lang": "en", "createdAt": 1313292630, "agreeCount": 0, "likes": {"groups": [], "count": 0}, "id": "4e474156fa76a07fde66003e", "text": "I love McSpicy!:)", "type": "user", "user": {"gender": "male", "id": "4187872", "photo": {"prefix": "https://igx.4sqi.net/img/user/", "suffix": "/4187872-GKJLCCRBO3SUQ1AX.jpg"}, "firstName": "Victor", "lastName": "Tan"}, "canonicalUrl": "https://foursquare.com/item/4e474156fa76a07fde66003e", "todo": {"count": 0}, "disagreeCount": 0}, {"logView": true, "lang": "en", "createdAt": 1422539908, "agreeCount": 0, "likes": {"groups": [], "count": 0}, "id": "54ca3c84498e46682e3555f2", "text": "need save money but too hungry....gotta buy food... \ud83d\ude15", "type": "user", "user": {"gender": "male", "id": "22865644", "photo": {"prefix": "https://igx.4sqi.net/img/user/", "suffix": "/22865644_B1U-0tU9_aD-YHwoG1xD-tsZEGq16RGTl8k2NqpS6w1i_7m9JzlvsXIgeVxaq33VHqLwJKXvl.jpg"}, "firstName": "Ayeez", "lastName": "Dollah"}, "canonicalUrl": "https://foursquare.com/item/54ca3c84498e46682e3555f2", "todo": {"count": 0}, "disagreeCount": 0}, {"logView": true, "lang": "en", "createdAt": 1431844251, "agreeCount": 0, "likes": {"groups": [], "count": 0}, "id": "5558359b498e6f86ec531c69", "text": "new burger!! \ud83c\udf54", "type": "user", "user": {"gender": "male", "id": "22865644", "photo": {"prefix": "https://igx.4sqi.net/img/user/", "suffix": "/22865644_B1U-0tU9_aD-YHwoG1xD-tsZEGq16RGTl8k2NqpS6w1i_7m9JzlvsXIgeVxaq33VHqLwJKXvl.jpg"}, "firstName": "Ayeez", "lastName": "Dollah"}, "canonicalUrl": "https://foursquare.com/item/5558359b498e6f86ec531c69", "todo": {"count": 0}, "disagreeCount": 0}, {"logView": true, "lang": "en", "createdAt": 1354718741, "agreeCount": 0, "likes": {"groups": [], "count": 0}, "id": "50bf5e15e4b0c148fe6c469d", "text": "They should bring back the seaweed shaker fries. Love it! The honey chipotle shaker makes ppl sneeze! Aaaahhhccchhhoooo!!!", "type": "user", "user": {"gender": "female", "id": "21672084", "photo": {"prefix": "https://igx.4sqi.net/img/user/", "suffix": "/M54V5HHGWEP4KFD2.jpg"}, "firstName": "Shez", "lastName": "Aman"}, "canonicalUrl": "https://foursquare.com/item/50bf5e15e4b0c148fe6c469d", "todo": {"count": 0}, "disagreeCount": 0}, {"logView": true, "lang": "en", "createdAt": 1439540941, "agreeCount": 0, "likes": {"groups": [], "count": 0}, "id": "55cda6cd498ec4aabac6fa0c", "text": "cuaca is hot...ice cream i shall get....", "type": "user", "user": {"gender": "male", "id": "22865644", "photo": {"prefix": "https://igx.4sqi.net/img/user/", "suffix": "/22865644_B1U-0tU9_aD-YHwoG1xD-tsZEGq16RGTl8k2NqpS6w1i_7m9JzlvsXIgeVxaq33VHqLwJKXvl.jpg"}, "firstName": "Ayeez", "lastName": "Dollah"}, "canonicalUrl": "https://foursquare.com/item/55cda6cd498ec4aabac6fa0c", "todo": {"count": 0}, "disagreeCount": 0}, {"logView": true, "lang": "en", "createdAt": 1433241752, "agreeCount": 0, "likes": {"groups": [], "count": 0}, "id": "556d8898498e8378cc267288", "text": "01 Oreo McFlurry, 03 Hot Fudge, 01 Strawberry Sundaes & 01 Fruity Loops McFlurry with extra oreo...", "type": "user", "user": {"gender": "male", "id": "22865644", "photo": {"prefix": "https://igx.4sqi.net/img/user/", "suffix": "/22865644_B1U-0tU9_aD-YHwoG1xD-tsZEGq16RGTl8k2NqpS6w1i_7m9JzlvsXIgeVxaq33VHqLwJKXvl.jpg"}, "firstName": "Ayeez", "lastName": "Dollah"}, "canonicalUrl": "https://foursquare.com/item/556d8898498e8378cc267288", "todo": {"count": 0}, "disagreeCount": 0}, {"logView": true, "lang": "en", "createdAt": 1444064886, "agreeCount": 0, "likes": {"groups": [], "count": 0}, "id": "5612ae76498e245128e62e85", "text": "dessert or supperdek?", "type": "user", "user": {"gender": "male", "id": "22865644", "photo": {"prefix": "https://igx.4sqi.net/img/user/", "suffix": "/22865644_B1U-0tU9_aD-YHwoG1xD-tsZEGq16RGTl8k2NqpS6w1i_7m9JzlvsXIgeVxaq33VHqLwJKXvl.jpg"}, "firstName": "Ayeez", "lastName": "Dollah"}, "canonicalUrl": "https://foursquare.com/item/5612ae76498e245128e62e85", "todo": {"count": 0}, "disagreeCount": 0}, {"logView": true, "lang": "en", "createdAt": 1451150454, "agreeCount": 0, "likes": {"groups": [], "count": 0}, "id": "567ecc76498e045d70356e0b", "text": "McSupper....", "type": "user", "user": {"gender": "male", "id": "22865644", "photo": {"prefix": "https://igx.4sqi.net/img/user/", "suffix": "/22865644_B1U-0tU9_aD-YHwoG1xD-tsZEGq16RGTl8k2NqpS6w1i_7m9JzlvsXIgeVxaq33VHqLwJKXvl.jpg"}, "firstName": "Ayeez", "lastName": "Dollah"}, "canonicalUrl": "https://foursquare.com/item/567ecc76498e045d70356e0b", "todo": {"count": 0}, "disagreeCount": 0}, {"logView": true, "lang": "en", "createdAt": 1318954332, "agreeCount": 0, "likes": {"groups": [{"items": [], "count": 3, "type": "others"}], "summary": "3 likes", "count": 3}, "id": "4e9da55c9adfe5e71cd6a8dd", "text": "Im LoVinG iT \ue418", "type": "user", "user": {"id": "6543839", "photo": {"prefix": "https://igx.4sqi.net/img/user/", "suffix": "/6543839-XWZ0TUQIDT4PJV33.jpg"}, "firstName": "RedDragO\ud83d\udc8bSasha", "gender": "female"}, "canonicalUrl": "https://foursquare.com/item/4e9da55c9adfe5e71cd6a8dd", "todo": {"count": 0}, "disagreeCount": 0}, {"logView": true, "lang": "en", "createdAt": 1316965196, "agreeCount": 0, "likes": {"groups": [], "count": 0}, "id": "4e7f4b4c9adf50130f283042", "text": "Iced Caramel Machiato <3", "type": "user", "user": {"gender": "male", "id": "3790570", "photo": {"prefix": "https://igx.4sqi.net/img/user/", "suffix": "/5UGT4L1D02IWIQSO.jpg"}, "firstName": "Peter", "lastName": "Yeo"}, "canonicalUrl": "https://foursquare.com/item/4e7f4b4c9adf50130f283042", "todo": {"count": 0}, "disagreeCount": 0}, {"logView": true, "lang": "en", "createdAt": 1313201754, "agreeCount": 0, "likes": {"groups": [], "count": 0}, "id": "4e45de5a45dd2955e590b367", "text": "Try The Double McSpicy Meal With A Large Iced Lemon Tea. Wow.", "type": "user", "user": {"gender": "male", "id": "12264211", "photo": {"prefix": "https://igx.4sqi.net/img/user/", "suffix": "/12264211-JTR0OU5JYPFDV0JK.jpg"}, "firstName": "Vikhram", "lastName": "Chandra"}, "canonicalUrl": "https://foursquare.com/item/4e45de5a45dd2955e590b367", "todo": {"count": 0}, "disagreeCount": 0}, {"logView": true, "lang": "en", "createdAt": 1436204573, "agreeCount": 0, "likes": {"groups": [], "count": 0}, "id": "559abe1d498ea8736c5c2e7a", "text": "ice cream for Aayeez! \ud83d\ude06", "type": "user", "user": {"gender": "male", "id": "22865644", "photo": {"prefix": "https://igx.4sqi.net/img/user/", "suffix": "/22865644_B1U-0tU9_aD-YHwoG1xD-tsZEGq16RGTl8k2NqpS6w1i_7m9JzlvsXIgeVxaq33VHqLwJKXvl.jpg"}, "firstName": "Ayeez", "lastName": "Dollah"}, "canonicalUrl": "https://foursquare.com/item/559abe1d498ea8736c5c2e7a", "todo": {"count": 0}, "disagreeCount": 0}, {"logView": true, "lang": "en", "createdAt": 1434383767, "agreeCount": 0, "likes": {"groups": [], "count": 0}, "id": "557ef597498eb7f77697d4b5", "text": "ice cream....", "type": "user", "user": {"gender": "male", "id": "22865644", "photo": {"prefix": "https://igx.4sqi.net/img/user/", "suffix": "/22865644_B1U-0tU9_aD-YHwoG1xD-tsZEGq16RGTl8k2NqpS6w1i_7m9JzlvsXIgeVxaq33VHqLwJKXvl.jpg"}, "firstName": "Ayeez", "lastName": "Dollah"}, "canonicalUrl": "https://foursquare.com/item/557ef597498eb7f77697d4b5", "todo": {"count": 0}, "disagreeCount": 0}, {"logView": true, "lang": "en", "createdAt": 1451824792, "agreeCount": 0, "likes": {"groups": [], "count": 0}, "id": "56891698498e0d8844079069", "text": "PROSPERITY BURGER!! \ud83c\udf54\ud83c\udf5f", "type": "user", "user": {"gender": "male", "id": "22865644", "photo": {"prefix": "https://igx.4sqi.net/img/user/", "suffix": "/22865644_B1U-0tU9_aD-YHwoG1xD-tsZEGq16RGTl8k2NqpS6w1i_7m9JzlvsXIgeVxaq33VHqLwJKXvl.jpg"}, "firstName": "Ayeez", "lastName": "Dollah"}, "canonicalUrl": "https://foursquare.com/item/56891698498e0d8844079069", "todo": {"count": 0}, "disagreeCount": 0}, {"logView": true, "lang": "en", "createdAt": 1411137301, "agreeCount": 0, "likes": {"groups": [], "count": 0}, "id": "541c3f15498eb4ed78e99c79", "text": "desserts!!", "type": "user", "user": {"gender": "male", "id": "22865644", "photo": {"prefix": "https://igx.4sqi.net/img/user/", "suffix": "/22865644_B1U-0tU9_aD-YHwoG1xD-tsZEGq16RGTl8k2NqpS6w1i_7m9JzlvsXIgeVxaq33VHqLwJKXvl.jpg"}, "firstName": "Ayeez", "lastName": "Dollah"}, "canonicalUrl": "https://foursquare.com/item/541c3f15498eb4ed78e99c79", "todo": {"count": 0}, "disagreeCount": 0}, {"logView": true, "lang": "en", "createdAt": 1288078499, "agreeCount": 0, "likes": {"groups": [], "count": 0}, "id": "4cc684a3b2beb1f7c5e2284c", "text": "McChicken is my favorite.", "type": "user", "user": {"gender": "male", "id": "4136637", "photo": {"prefix": "https://igx.4sqi.net/img/user/", "suffix": "/TWBKZ3DM21TNKFCP.jpg"}, "firstName": "Jing Yu", "lastName": "Koh"}, "canonicalUrl": "https://foursquare.com/item/4cc684a3b2beb1f7c5e2284c", "todo": {"count": 0}, "disagreeCount": 0}, {"logView": true, "lang": "en", "createdAt": 1410708922, "agreeCount": 0, "likes": {"groups": [], "count": 0}, "id": "5415b5ba498e95846ab7024f", "text": "the last place i would go to if i don't know what to eat...", "type": "user", "user": {"gender": "male", "id": "22865644", "photo": {"prefix": "https://igx.4sqi.net/img/user/", "suffix": "/22865644_B1U-0tU9_aD-YHwoG1xD-tsZEGq16RGTl8k2NqpS6w1i_7m9JzlvsXIgeVxaq33VHqLwJKXvl.jpg"}, "firstName": "Ayeez", "lastName": "Dollah"}, "canonicalUrl": "https://foursquare.com/item/5415b5ba498e95846ab7024f", "todo": {"count": 0}, "disagreeCount": 0}, {"logView": true, "lang": "en", "createdAt": 1436022152, "agreeCount": 0, "likes": {"groups": [], "count": 0}, "id": "5597f588498ed6047ef15d91", "text": "tekak nk mkn ice cream...", "type": "user", "user": {"gender": "male", "id": "22865644", "photo": {"prefix": "https://igx.4sqi.net/img/user/", "suffix": "/22865644_B1U-0tU9_aD-YHwoG1xD-tsZEGq16RGTl8k2NqpS6w1i_7m9JzlvsXIgeVxaq33VHqLwJKXvl.jpg"}, "firstName": "Ayeez", "lastName": "Dollah"}, "canonicalUrl": "https://foursquare.com/item/5597f588498ed6047ef15d91", "todo": {"count": 0}, "disagreeCount": 0}, {"logView": true, "lang": "en", "createdAt": 1287813815, "agreeCount": 0, "likes": {"groups": [], "count": 0}, "id": "4cc27ab7be40a35d9015724c", "text": "Best time to study:1-5AM", "type": "user", "user": {"gender": "male", "id": "4064782", "photo": {"prefix": "https://igx.4sqi.net/img/user/", "suffix": "/QRY45ATUDAMETGTI.jpg"}, "firstName": "Larre", "lastName": "Gou"}, "canonicalUrl": "https://foursquare.com/item/4cc27ab7be40a35d9015724c", "todo": {"count": 0}, "disagreeCount": 0}, {"logView": true, "lang": "en", "createdAt": 1312382020, "agreeCount": 1, "likes": {"groups": [{"items": [{"gender": "male", "id": "11405013", "photo": {"prefix": "https://igx.4sqi.net/img/user/", "suffix": "/11405013-HJEBCSATWIETF025.jpg"}, "firstName": "Prakash", "lastName": "Yalamarthi"}], "count": 1, "type": "others"}], "summary": "1 like", "count": 1}, "id": "4e395c44e4cd799aaeefd5b8", "text": "Wash your hands before enjoy the foods!", "type": "user", "user": {"id": "3856597", "photo": {"prefix": "https://igx.4sqi.net/img/user/", "suffix": "/D4NN1FWHPD5NIWLQ.jpg"}, "firstName": "Lee", "gender": "none"}, "canonicalUrl": "https://foursquare.com/item/4e395c44e4cd799aaeefd5b8", "todo": {"count": 0}, "disagreeCount": 0}, {"logView": true, "lang": "en", "createdAt": 1417608866, "agreeCount": 0, "likes": {"groups": [], "count": 0}, "id": "547efea2498e0f3dd99c4271", "text": "time for ice cream!", "type": "user", "user": {"gender": "male", "id": "22865644", "photo": {"prefix": "https://igx.4sqi.net/img/user/", "suffix": "/22865644_B1U-0tU9_aD-YHwoG1xD-tsZEGq16RGTl8k2NqpS6w1i_7m9JzlvsXIgeVxaq33VHqLwJKXvl.jpg"}, "firstName": "Ayeez", "lastName": "Dollah"}, "canonicalUrl": "https://foursquare.com/item/547efea2498e0f3dd99c4271", "todo": {"count": 0}, "disagreeCount": 0}, {"logView": true, "lang": "en", "createdAt": 1410433654, "agreeCount": 0, "likes": {"groups": [], "count": 0}, "id": "54118276498edfb6ab68b33f", "text": "buying dinner...", "type": "user", "user": {"gender": "male", "id": "22865644", "photo": {"prefix": "https://igx.4sqi.net/img/user/", "suffix": "/22865644_B1U-0tU9_aD-YHwoG1xD-tsZEGq16RGTl8k2NqpS6w1i_7m9JzlvsXIgeVxaq33VHqLwJKXvl.jpg"}, "firstName": "Ayeez", "lastName": "Dollah"}, "canonicalUrl": "https://foursquare.com/item/54118276498edfb6ab68b33f", "todo": {"count": 0}, "disagreeCount": 0}, {"logView": true, "lang": "en", "createdAt": 1454249862, "agreeCount": 0, "likes": {"groups": [], "count": 0}, "id": "56ae1786498e7d6e4ceadeb2", "text": "baby butt & McWings!!", "type": "user", "user": {"gender": "male", "id": "22865644", "photo": {"prefix": "https://igx.4sqi.net/img/user/", "suffix": "/22865644_B1U-0tU9_aD-YHwoG1xD-tsZEGq16RGTl8k2NqpS6w1i_7m9JzlvsXIgeVxaq33VHqLwJKXvl.jpg"}, "firstName": "Ayeez", "lastName": "Dollah"}, "canonicalUrl": "https://foursquare.com/item/56ae1786498e7d6e4ceadeb2", "todo": {"count": 0}, "disagreeCount": 0}, {"id": "56cc78b2498e943c62b60501", "text": "\ud83c\udf66\ud83c\udf66\ud83c\udf66\ud83c\udf66\ud83c\udf66\ud83c\udf66\ud83c\udf66\ud83c\udf66\ud83c\udf66\ud83c\udf66\ud83c\udf66\ud83c\udf66", "disagreeCount": 0, "logView": true, "createdAt": 1456240818, "likes": {"groups": [], "count": 0}, "todo": {"count": 0}, "agreeCount": 0, "canonicalUrl": "https://foursquare.com/item/56cc78b2498e943c62b60501", "type": "user", "user": {"gender": "male", "id": "22865644", "photo": {"prefix": "https://igx.4sqi.net/img/user/", "suffix": "/22865644_B1U-0tU9_aD-YHwoG1xD-tsZEGq16RGTl8k2NqpS6w1i_7m9JzlvsXIgeVxaq33VHqLwJKXvl.jpg"}, "firstName": "Ayeez", "lastName": "Dollah"}}, {"logView": true, "lang": "en", "createdAt": 1325986922, "agreeCount": 0, "likes": {"groups": [], "count": 0}, "id": "4f08f46ae4b071c5761aa048", "text": "Good for Breakfast(:", "type": "user", "user": {"gender": "male", "id": "18527055", "photo": {"prefix": "https://igx.4sqi.net/img/user/", "suffix": "/BOBVOKYXKJJ0N4LF.jpg"}, "firstName": "Gabriel", "lastName": "Choo"}, "canonicalUrl": "https://foursquare.com/item/4f08f46ae4b071c5761aa048", "todo": {"count": 0}, "disagreeCount": 0}, {"logView": true, "lang": "en", "createdAt": 1292315658, "agreeCount": 0, "likes": {"groups": [], "count": 0}, "id": "4d072c0a37036dcb573220fb", "text": "At times to crowded wif school kids!", "type": "user", "user": {"gender": "male", "id": "4777316", "photo": {"prefix": "https://igx.4sqi.net/img/user/", "suffix": "/SCCH1JCMZIFL420C.jpg"}, "firstName": "Md Isa", "lastName": "Rossi"}, "canonicalUrl": "https://foursquare.com/item/4d072c0a37036dcb573220fb", "todo": {"count": 0}, "disagreeCount": 0}, {"logView": true, "lang": "en", "createdAt": 1438614353, "agreeCount": 0, "likes": {"groups": [], "count": 0}, "id": "55bf8351498e5224bf89f4a0", "text": "ice cream & smoothie....", "type": "user", "user": {"gender": "male", "id": "22865644", "photo": {"prefix": "https://igx.4sqi.net/img/user/", "suffix": "/22865644_B1U-0tU9_aD-YHwoG1xD-tsZEGq16RGTl8k2NqpS6w1i_7m9JzlvsXIgeVxaq33VHqLwJKXvl.jpg"}, "firstName": "Ayeez", "lastName": "Dollah"}, "canonicalUrl": "https://foursquare.com/item/55bf8351498e5224bf89f4a0", "todo": {"count": 0}, "disagreeCount": 0}, {"logView": true, "lang": "en", "createdAt": 1414151805, "agreeCount": 0, "likes": {"groups": [], "count": 0}, "id": "544a3e7d498e98208d90a6cb", "text": "Ebi burger!!", "type": "user", "user": {"gender": "male", "id": "22865644", "photo": {"prefix": "https://igx.4sqi.net/img/user/", "suffix": "/22865644_B1U-0tU9_aD-YHwoG1xD-tsZEGq16RGTl8k2NqpS6w1i_7m9JzlvsXIgeVxaq33VHqLwJKXvl.jpg"}, "firstName": "Ayeez", "lastName": "Dollah"}, "canonicalUrl": "https://foursquare.com/item/544a3e7d498e98208d90a6cb", "todo": {"count": 0}, "disagreeCount": 0}, {"logView": true, "lang": "en", "createdAt": 1418869148, "agreeCount": 0, "likes": {"groups": [], "count": 0}, "id": "5492399c498ed44c7853d2cf", "text": "now my breakfast...", "type": "user", "user": {"gender": "male", "id": "22865644", "photo": {"prefix": "https://igx.4sqi.net/img/user/", "suffix": "/22865644_B1U-0tU9_aD-YHwoG1xD-tsZEGq16RGTl8k2NqpS6w1i_7m9JzlvsXIgeVxaq33VHqLwJKXvl.jpg"}, "firstName": "Ayeez", "lastName": "Dollah"}, "canonicalUrl": "https://foursquare.com/item/5492399c498ed44c7853d2cf", "todo": {"count": 0}, "disagreeCount": 0}, {"id": "54aaa199498eb194f73d1d68", "text": "\ud83c\udf68\ud83c\udf67\ud83c\udf66\ud83c\udf66\ud83c\udf67\ud83c\udf68", "disagreeCount": 0, "logView": true, "createdAt": 1420468633, "likes": {"groups": [], "count": 0}, "todo": {"count": 0}, "agreeCount": 0, "canonicalUrl": "https://foursquare.com/item/54aaa199498eb194f73d1d68", "type": "user", "user": {"gender": "male", "id": "22865644", "photo": {"prefix": "https://igx.4sqi.net/img/user/", "suffix": "/22865644_B1U-0tU9_aD-YHwoG1xD-tsZEGq16RGTl8k2NqpS6w1i_7m9JzlvsXIgeVxaq33VHqLwJKXvl.jpg"}, "firstName": "Ayeez", "lastName": "Dollah"}}, {"logView": true, "lang": "en", "createdAt": 1431790332, "agreeCount": 0, "likes": {"groups": [], "count": 0}, "id": "555762fc498e869b4fe3d163", "text": "ice cream! McFlurry!", "type": "user", "user": {"gender": "male", "id": "22865644", "photo": {"prefix": "https://igx.4sqi.net/img/user/", "suffix": "/22865644_B1U-0tU9_aD-YHwoG1xD-tsZEGq16RGTl8k2NqpS6w1i_7m9JzlvsXIgeVxaq33VHqLwJKXvl.jpg"}, "firstName": "Ayeez", "lastName": "Dollah"}, "canonicalUrl": "https://foursquare.com/item/555762fc498e869b4fe3d163", "todo": {"count": 0}, "disagreeCount": 0}, {"logView": true, "lang": "en", "createdAt": 1429250483, "agreeCount": 0, "likes": {"groups": [], "count": 0}, "id": "5530a1b3498edf7481c42f58", "text": "late breakfast aka lunch...", "type": "user", "user": {"gender": "male", "id": "22865644", "photo": {"prefix": "https://igx.4sqi.net/img/user/", "suffix": "/22865644_B1U-0tU9_aD-YHwoG1xD-tsZEGq16RGTl8k2NqpS6w1i_7m9JzlvsXIgeVxaq33VHqLwJKXvl.jpg"}, "firstName": "Ayeez", "lastName": "Dollah"}, "canonicalUrl": "https://foursquare.com/item/5530a1b3498edf7481c42f58", "todo": {"count": 0}, "disagreeCount": 0}, {"logView": true, "lang": "en", "createdAt": 1312555961, "agreeCount": 0, "likes": {"groups": [], "count": 0}, "id": "4e3c03b9aeb73139a1650e2d", "text": "luv the choco melts", "type": "user", "user": {"gender": "female", "id": "10329954", "photo": {"prefix": "https://igx.4sqi.net/img/user/", "suffix": "/SKBF4B3G533D3Q3B.jpg"}, "firstName": "Sasha Lurv", "lastName": "Ril"}, "canonicalUrl": "https://foursquare.com/item/4e3c03b9aeb73139a1650e2d", "todo": {"count": 0}, "disagreeCount": 0}, {"authorInteractionType": "liked", "logView": true, "lang": "en", "createdAt": 1383352915, "agreeCount": 0, "likes": {"groups": [], "count": 0}, "id": "52744a5311d2662a89f604e5", "text": "Samuraiiiii!!!!!!", "type": "user", "user": {"gender": "male", "id": "69572684", "photo": {"prefix": "https://igx.4sqi.net/img/user/", "suffix": "/3E1ZLADPS4OH4EIF.jpg"}, "firstName": "Comot", "lastName": "Giler"}, "canonicalUrl": "https://foursquare.com/item/52744a5311d2662a89f604e5", "todo": {"count": 0}, "disagreeCount": 0}, {"logView": true, "lang": "en", "createdAt": 1457345542, "agreeCount": 0, "likes": {"groups": [], "count": 0}, "id": "56dd5406498e99915d0ae94c", "text": "FOOD!!!!!!!!!!!!!", "type": "user", "user": {"gender": "male", "id": "22865644", "photo": {"prefix": "https://igx.4sqi.net/img/user/", "suffix": "/22865644_B1U-0tU9_aD-YHwoG1xD-tsZEGq16RGTl8k2NqpS6w1i_7m9JzlvsXIgeVxaq33VHqLwJKXvl.jpg"}, "firstName": "Ayeez", "lastName": "Dollah"}, "canonicalUrl": "https://foursquare.com/item/56dd5406498e99915d0ae94c", "todo": {"count": 0}, "disagreeCount": 0}, {"logView": true, "lang": "en", "createdAt": 1444752114, "agreeCount": 0, "likes": {"groups": [], "count": 0}, "id": "561d2af2498edca3de6bd37b", "text": "McDonalds here got order no. now...hmm....", "type": "user", "user": {"gender": "male", "id": "22865644", "photo": {"prefix": "https://igx.4sqi.net/img/user/", "suffix": "/22865644_B1U-0tU9_aD-YHwoG1xD-tsZEGq16RGTl8k2NqpS6w1i_7m9JzlvsXIgeVxaq33VHqLwJKXvl.jpg"}, "firstName": "Ayeez", "lastName": "Dollah"}, "canonicalUrl": "https://foursquare.com/item/561d2af2498edca3de6bd37b", "todo": {"count": 0}, "disagreeCount": 0}, {"logView": true, "lang": "en", "createdAt": 1446126053, "agreeCount": 0, "likes": {"groups": [], "count": 0}, "id": "563221e5498e4b2dc63bb1c8", "text": "ice cream!!!", "type": "user", "user": {"gender": "male", "id": "22865644", "photo": {"prefix": "https://igx.4sqi.net/img/user/", "suffix": "/22865644_B1U-0tU9_aD-YHwoG1xD-tsZEGq16RGTl8k2NqpS6w1i_7m9JzlvsXIgeVxaq33VHqLwJKXvl.jpg"}, "firstName": "Ayeez", "lastName": "Dollah"}, "canonicalUrl": "https://foursquare.com/item/563221e5498e4b2dc63bb1c8", "todo": {"count": 0}, "disagreeCount": 0}, {"logView": true, "lang": "en", "createdAt": 1438091802, "agreeCount": 0, "likes": {"groups": [], "count": 0}, "id": "55b78a1a498e33c9c6996f00", "text": "hungry......", "type": "user", "user": {"gender": "male", "id": "22865644", "photo": {"prefix": "https://igx.4sqi.net/img/user/", "suffix": "/22865644_B1U-0tU9_aD-YHwoG1xD-tsZEGq16RGTl8k2NqpS6w1i_7m9JzlvsXIgeVxaq33VHqLwJKXvl.jpg"}, "firstName": "Ayeez", "lastName": "Dollah"}, "canonicalUrl": "https://foursquare.com/item/55b78a1a498e33c9c6996f00", "todo": {"count": 0}, "disagreeCount": 0}, {"logView": true, "lang": "en", "createdAt": 1317439711, "agreeCount": 0, "likes": {"groups": [], "count": 0}, "id": "4e8688dfdab43a58d78d5da3", "text": "Credit Card with no minimum is cool", "type": "user", "user": {"gender": "male", "id": "13511627", "photo": {"prefix": "https://igx.4sqi.net/img/user/", "suffix": "/NHKF3CJMOT3KSUQ1.jpg"}, "firstName": "Jovi", "lastName": "Teh"}, "canonicalUrl": "https://foursquare.com/item/4e8688dfdab43a58d78d5da3", "todo": {"count": 0}, "disagreeCount": 0}, {"logView": true, "lang": "en", "createdAt": 1436112759, "agreeCount": 0, "likes": {"groups": [], "count": 0}, "id": "55995777498eb30959b90ad1", "text": "McFries!!!", "type": "user", "user": {"gender": "male", "id": "22865644", "photo": {"prefix": "https://igx.4sqi.net/img/user/", "suffix": "/22865644_B1U-0tU9_aD-YHwoG1xD-tsZEGq16RGTl8k2NqpS6w1i_7m9JzlvsXIgeVxaq33VHqLwJKXvl.jpg"}, "firstName": "Ayeez", "lastName": "Dollah"}, "canonicalUrl": "https://foursquare.com/item/55995777498eb30959b90ad1", "todo": {"count": 0}, "disagreeCount": 0}, {"logView": true, "lang": "en", "createdAt": 1438696534, "agreeCount": 0, "likes": {"groups": [], "count": 0}, "id": "55c0c456498e3830a81409ad", "text": "sick of McD but got no other choices left....", "type": "user", "user": {"gender": "male", "id": "22865644", "photo": {"prefix": "https://igx.4sqi.net/img/user/", "suffix": "/22865644_B1U-0tU9_aD-YHwoG1xD-tsZEGq16RGTl8k2NqpS6w1i_7m9JzlvsXIgeVxaq33VHqLwJKXvl.jpg"}, "firstName": "Ayeez", "lastName": "Dollah"}, "canonicalUrl": "https://foursquare.com/item/55c0c456498e3830a81409ad", "todo": {"count": 0}, "disagreeCount": 0}, {"logView": true, "lang": "en", "createdAt": 1309885108, "agreeCount": 0, "likes": {"groups": [], "count": 0}, "id": "4e1342b4e4cdef074b835d8b", "text": "Filet-O-Fish + curry sauce= yummy!! :)", "type": "user", "user": {"gender": "male", "id": "9491825", "photo": {"prefix": "https://igx.4sqi.net/img/user/", "suffix": "/EGEHG0NPGA51TKUX.jpg"}, "firstName": "Ken", "lastName": "Dman"}, "canonicalUrl": "https://foursquare.com/item/4e1342b4e4cdef074b835d8b", "todo": {"count": 0}, "disagreeCount": 0}, {"id": "55ddcd91498e79e059065fe8", "text": "\ud83c\udf66\ud83c\udf66\ud83c\udf66\ud83c\udf66\ud83c\udf66\ud83c\udf66", "disagreeCount": 0, "logView": true, "createdAt": 1440599441, "likes": {"groups": [], "count": 0}, "todo": {"count": 0}, "agreeCount": 0, "canonicalUrl": "https://foursquare.com/item/55ddcd91498e79e059065fe8", "type": "user", "user": {"gender": "male", "id": "22865644", "photo": {"prefix": "https://igx.4sqi.net/img/user/", "suffix": "/22865644_B1U-0tU9_aD-YHwoG1xD-tsZEGq16RGTl8k2NqpS6w1i_7m9JzlvsXIgeVxaq33VHqLwJKXvl.jpg"}, "firstName": "Ayeez", "lastName": "Dollah"}}, {"logView": true, "lang": "en", "createdAt": 1420804923, "agreeCount": 0, "likes": {"groups": [], "count": 0}, "id": "54afc33b498efc96aeae44a6", "text": "McD McD McD", "type": "user", "user": {"gender": "male", "id": "22865644", "photo": {"prefix": "https://igx.4sqi.net/img/user/", "suffix": "/22865644_B1U-0tU9_aD-YHwoG1xD-tsZEGq16RGTl8k2NqpS6w1i_7m9JzlvsXIgeVxaq33VHqLwJKXvl.jpg"}, "firstName": "Ayeez", "lastName": "Dollah"}, "canonicalUrl": "https://foursquare.com/item/54afc33b498efc96aeae44a6", "todo": {"count": 0}, "disagreeCount": 0}, {"logView": true, "lang": "en", "createdAt": 1433159014, "agreeCount": 0, "likes": {"groups": [], "count": 0}, "id": "556c4566498e57a4272fc9f1", "text": "so hungry that i'm walking really, really slow...", "type": "user", "user": {"gender": "male", "id": "22865644", "photo": {"prefix": "https://igx.4sqi.net/img/user/", "suffix": "/22865644_B1U-0tU9_aD-YHwoG1xD-tsZEGq16RGTl8k2NqpS6w1i_7m9JzlvsXIgeVxaq33VHqLwJKXvl.jpg"}, "firstName": "Ayeez", "lastName": "Dollah"}, "canonicalUrl": "https://foursquare.com/item/556c4566498e57a4272fc9f1", "todo": {"count": 0}, "disagreeCount": 0}, {"logView": true, "lang": "en", "createdAt": 1414897781, "agreeCount": 0, "likes": {"groups": [], "count": 0}, "id": "5455a075498e084cc5c8bb94", "text": "Though many many McDis are there in this island, this one is always special. Many birthday parties celebrated, and just downstairs to my apparent.", "type": "user", "user": {"gender": "male", "id": "11405013", "photo": {"prefix": "https://igx.4sqi.net/img/user/", "suffix": "/11405013-HJEBCSATWIETF025.jpg"}, "firstName": "Prakash", "lastName": "Yalamarthi"}, "canonicalUrl": "https://foursquare.com/item/5455a075498e084cc5c8bb94", "todo": {"count": 0}, "disagreeCount": 0}, {"logView": true, "lang": "en", "createdAt": 1432089338, "agreeCount": 0, "likes": {"groups": [], "count": 0}, "id": "555bf2fa498e56b4acd1ae6e", "text": "pancake!!!!", "type": "user", "user": {"gender": "male", "id": "22865644", "photo": {"prefix": "https://igx.4sqi.net/img/user/", "suffix": "/22865644_B1U-0tU9_aD-YHwoG1xD-tsZEGq16RGTl8k2NqpS6w1i_7m9JzlvsXIgeVxaq33VHqLwJKXvl.jpg"}, "firstName": "Ayeez", "lastName": "Dollah"}, "canonicalUrl": "https://foursquare.com/item/555bf2fa498e56b4acd1ae6e", "todo": {"count": 0}, "disagreeCount": 0}, {"logView": true, "lang": "en", "createdAt": 1448890788, "agreeCount": 0, "likes": {"groups": [], "count": 0}, "id": "565c51a4498e22f26409b018", "text": "hungry....", "type": "user", "user": {"gender": "male", "id": "22865644", "photo": {"prefix": "https://igx.4sqi.net/img/user/", "suffix": "/22865644_B1U-0tU9_aD-YHwoG1xD-tsZEGq16RGTl8k2NqpS6w1i_7m9JzlvsXIgeVxaq33VHqLwJKXvl.jpg"}, "firstName": "Ayeez", "lastName": "Dollah"}, "canonicalUrl": "https://foursquare.com/item/565c51a4498e22f26409b018", "todo": {"count": 0}, "disagreeCount": 0}, {"logView": true, "lang": "en", "createdAt": 1291818877, "agreeCount": 0, "likes": {"groups": [], "count": 0}, "id": "4cff977d6edfa093a4a10715", "text": "The Samurai Burger is Awesommee!!!! I'm loving It!!!!", "type": "user", "user": {"gender": "female", "id": "3861344", "photo": {"prefix": "https://igx.4sqi.net/img/user/", "suffix": "/JF35RFYJFGVW04HA.jpg"}, "firstName": "Muse", "lastName": "Nurhazel"}, "canonicalUrl": "https://foursquare.com/item/4cff977d6edfa093a4a10715", "todo": {"count": 0}, "disagreeCount": 0}, {"logView": true, "lang": "en", "createdAt": 1311685545, "agreeCount": 0, "likes": {"groups": [], "count": 0}, "id": "4e2ebba98130c05c18ce908c", "text": "with @_Zilly and the kids.", "type": "user", "user": {"id": "11517959", "photo": {"prefix": "https://igx.4sqi.net/img/user/", "default": true, "suffix": "/blank_girl.png"}, "firstName": "Yul", "gender": "female"}, "canonicalUrl": "https://foursquare.com/item/4e2ebba98130c05c18ce908c", "todo": {"count": 0}, "disagreeCount": 0}, {"logView": true, "lang": "en", "createdAt": 1411138035, "agreeCount": 0, "likes": {"groups": [], "count": 0}, "id": "541c41f3498e05e0db53d93d", "text": "no basic courtesy...stupid people...can say excuse me what instead of pushing...", "type": "user", "user": {"gender": "male", "id": "22865644", "photo": {"prefix": "https://igx.4sqi.net/img/user/", "suffix": "/22865644_B1U-0tU9_aD-YHwoG1xD-tsZEGq16RGTl8k2NqpS6w1i_7m9JzlvsXIgeVxaq33VHqLwJKXvl.jpg"}, "firstName": "Ayeez", "lastName": "Dollah"}, "canonicalUrl": "https://foursquare.com/item/541c41f3498e05e0db53d93d", "todo": {"count": 0}, "disagreeCount": 0}, {"logView": true, "lang": "en", "createdAt": 1288921626, "agreeCount": 0, "likes": {"groups": [], "count": 0}, "id": "4cd3621a04c2236af18acdc7", "text": "Wahhh deluxe Breakfast Deluxe aweeesomme, plus points", "type": "user", "user": {"id": "1463080", "photo": {"prefix": "https://igx.4sqi.net/img/user/", "suffix": "/WWCEUDTMBGTLO3IU.jpg"}, "firstName": "M. Lutfi", "gender": "male"}, "canonicalUrl": "https://foursquare.com/item/4cd3621a04c2236af18acdc7", "todo": {"count": 0}, "disagreeCount": 0}, {"logView": true, "lang": "en", "createdAt": 1424732854, "agreeCount": 0, "likes": {"groups": [], "count": 0}, "id": "54ebb2b6498e9d786eddcdb0", "text": "hungry like the wolf....", "type": "user", "user": {"gender": "male", "id": "22865644", "photo": {"prefix": "https://igx.4sqi.net/img/user/", "suffix": "/22865644_B1U-0tU9_aD-YHwoG1xD-tsZEGq16RGTl8k2NqpS6w1i_7m9JzlvsXIgeVxaq33VHqLwJKXvl.jpg"}, "firstName": "Ayeez", "lastName": "Dollah"}, "canonicalUrl": "https://foursquare.com/item/54ebb2b6498e9d786eddcdb0", "todo": {"count": 0}, "disagreeCount": 0}, {"logView": true, "lang": "en", "createdAt": 1284438866, "agreeCount": 2, "likes": {"groups": [{"items": [{"gender": "female", "id": "42258486", "photo": {"prefix": "https://igx.4sqi.net/img/user/", "suffix": "/O0PR5JTKCKBHOPVF.jpg"}, "firstName": "Uciet", "lastName": "Sangand"}, {"gender": "female", "id": "36256212", "photo": {"prefix": "https://igx.4sqi.net/img/user/", "suffix": "/JNTYCVL1MCIPE5PZ.jpg"}, "firstName": "Knarfgnehc", "lastName": "Oibilsotasnas"}], "count": 2, "type": "others"}], "summary": "2 likes", "count": 2}, "id": "4c8efb52daa937049b5451b1", "text": "24 Hours  is so convenient for people staying around street 32,33. Thumbs ups!", "type": "user", "user": {"gender": "male", "id": "1892027", "photo": {"prefix": "https://igx.4sqi.net/img/user/", "suffix": "/YBKXCRO1ALHPWMHE.jpg"}, "firstName": "Benjamin", "lastName": "Foo"}, "canonicalUrl": "https://foursquare.com/item/4c8efb52daa937049b5451b1", "todo": {"count": 0}, "disagreeCount": 0}, {"logView": true, "lang": "en", "createdAt": 1321202841, "agreeCount": 0, "likes": {"groups": [], "count": 0}, "id": "4ebff499b8f7963bcdc7d926", "text": "NO MORE CURRY SAUCE :'(", "type": "user", "user": {"gender": "female", "id": "4804115", "photo": {"prefix": "https://igx.4sqi.net/img/user/", "suffix": "/21HJWGQRLLW0V415.jpg"}, "firstName": "amirah", "lastName": "nabilah"}, "canonicalUrl": "https://foursquare.com/item/4ebff499b8f7963bcdc7d926", "todo": {"count": 0}, "disagreeCount": 0}, {"logView": true, "lang": "en", "createdAt": 1429539041, "agreeCount": 0, "likes": {"groups": [], "count": 0}, "id": "553508e1498e5c1ca4209746", "text": "time fr ice cream!!", "type": "user", "user": {"gender": "male", "id": "22865644", "photo": {"prefix": "https://igx.4sqi.net/img/user/", "suffix": "/22865644_B1U-0tU9_aD-YHwoG1xD-tsZEGq16RGTl8k2NqpS6w1i_7m9JzlvsXIgeVxaq33VHqLwJKXvl.jpg"}, "firstName": "Ayeez", "lastName": "Dollah"}, "canonicalUrl": "https://foursquare.com/item/553508e1498e5c1ca4209746", "todo": {"count": 0}, "disagreeCount": 0}, {"logView": true, "lang": "en", "createdAt": 1453893638, "agreeCount": 0, "likes": {"groups": [], "count": 0}, "id": "56a8a806498e0ef2c37a1894", "text": "what's good?", "type": "user", "user": {"gender": "male", "id": "22865644", "photo": {"prefix": "https://igx.4sqi.net/img/user/", "suffix": "/22865644_B1U-0tU9_aD-YHwoG1xD-tsZEGq16RGTl8k2NqpS6w1i_7m9JzlvsXIgeVxaq33VHqLwJKXvl.jpg"}, "firstName": "Ayeez", "lastName": "Dollah"}, "canonicalUrl": "https://foursquare.com/item/56a8a806498e0ef2c37a1894", "todo": {"count": 0}, "disagreeCount": 0}, {"logView": true, "lang": "en", "createdAt": 1440858954, "agreeCount": 0, "likes": {"groups": [], "count": 0}, "id": "55e1c34a498e1ca89dbcbced", "text": "Ice cream.......", "type": "user", "user": {"gender": "male", "id": "22865644", "photo": {"prefix": "https://igx.4sqi.net/img/user/", "suffix": "/22865644_B1U-0tU9_aD-YHwoG1xD-tsZEGq16RGTl8k2NqpS6w1i_7m9JzlvsXIgeVxaq33VHqLwJKXvl.jpg"}, "firstName": "Ayeez", "lastName": "Dollah"}, "canonicalUrl": "https://foursquare.com/item/55e1c34a498e1ca89dbcbced", "todo": {"count": 0}, "disagreeCount": 0}, {"logView": true, "lang": "en", "createdAt": 1409404632, "agreeCount": 0, "likes": {"groups": [], "count": 0}, "id": "5401ced8498ebe3e8c7fc770", "text": "ice cream!!", "type": "user", "user": {"gender": "male", "id": "22865644", "photo": {"prefix": "https://igx.4sqi.net/img/user/", "suffix": "/22865644_B1U-0tU9_aD-YHwoG1xD-tsZEGq16RGTl8k2NqpS6w1i_7m9JzlvsXIgeVxaq33VHqLwJKXvl.jpg"}, "firstName": "Ayeez", "lastName": "Dollah"}, "canonicalUrl": "https://foursquare.com/item/5401ced8498ebe3e8c7fc770", "todo": {"count": 0}, "disagreeCount": 0}, {"logView": true, "lang": "en", "createdAt": 1423228222, "agreeCount": 0, "likes": {"groups": [], "count": 0}, "id": "54d4bd3e498e33f4d84c485e", "text": "McDoubles/Twister Fries~~", "type": "user", "user": {"gender": "male", "id": "22865644", "photo": {"prefix": "https://igx.4sqi.net/img/user/", "suffix": "/22865644_B1U-0tU9_aD-YHwoG1xD-tsZEGq16RGTl8k2NqpS6w1i_7m9JzlvsXIgeVxaq33VHqLwJKXvl.jpg"}, "firstName": "Ayeez", "lastName": "Dollah"}, "canonicalUrl": "https://foursquare.com/item/54d4bd3e498e33f4d84c485e", "todo": {"count": 0}, "disagreeCount": 0}, {"logView": true, "lang": "en", "createdAt": 1429363810, "agreeCount": 0, "likes": {"groups": [], "count": 0}, "id": "55325c62498e5c1ca3c7cedb", "text": "still got enough money...let's buy frappe!", "type": "user", "user": {"gender": "male", "id": "22865644", "photo": {"prefix": "https://igx.4sqi.net/img/user/", "suffix": "/22865644_B1U-0tU9_aD-YHwoG1xD-tsZEGq16RGTl8k2NqpS6w1i_7m9JzlvsXIgeVxaq33VHqLwJKXvl.jpg"}, "firstName": "Ayeez", "lastName": "Dollah"}, "canonicalUrl": "https://foursquare.com/item/55325c62498e5c1ca3c7cedb", "todo": {"count": 0}, "disagreeCount": 0}, {"logView": true, "lang": "en", "createdAt": 1274640337, "agreeCount": 1, "likes": {"groups": [{"items": [{"gender": "female", "id": "5879228", "photo": {"prefix": "https://igx.4sqi.net/img/user/", "suffix": "/K1YF3C2FULBG1ZHE.jpg"}, "firstName": "Rachel", "lastName": "Lee"}], "count": 1, "type": "others"}], "summary": "1 like", "count": 1}, "id": "4bf977d170c603bb04b29cb4", "text": "Late night studies in mcdonalds is niceeee. Grab a bite whenever hungry. (Y)", "type": "user", "user": {"gender": "male", "id": "761840", "photo": {"prefix": "https://igx.4sqi.net/img/user/", "suffix": "/1VGYIO12XX5RBGWW.jpg"}, "firstName": "Harald", "lastName": "Lim"}, "canonicalUrl": "https://foursquare.com/item/4bf977d170c603bb04b29cb4", "todo": {"count": 2}, "disagreeCount": 0}, {"logView": true, "lang": "en", "createdAt": 1436541535, "agreeCount": 0, "likes": {"groups": [], "count": 0}, "id": "559fe25f498ea9ab2d995038", "text": "after all that exhaustion, let's treat myself to McDonalds!", "type": "user", "user": {"gender": "male", "id": "22865644", "photo": {"prefix": "https://igx.4sqi.net/img/user/", "suffix": "/22865644_B1U-0tU9_aD-YHwoG1xD-tsZEGq16RGTl8k2NqpS6w1i_7m9JzlvsXIgeVxaq33VHqLwJKXvl.jpg"}, "firstName": "Ayeez", "lastName": "Dollah"}, "canonicalUrl": "https://foursquare.com/item/559fe25f498ea9ab2d995038", "todo": {"count": 0}, "disagreeCount": 0}, {"logView": true, "lang": "en", "createdAt": 1410435299, "agreeCount": 0, "likes": {"groups": [], "count": 0}, "id": "541188e3498eefd3067dc85f", "text": "the service here is slow today cause of a new manager...haizz...", "type": "user", "user": {"gender": "male", "id": "22865644", "photo": {"prefix": "https://igx.4sqi.net/img/user/", "suffix": "/22865644_B1U-0tU9_aD-YHwoG1xD-tsZEGq16RGTl8k2NqpS6w1i_7m9JzlvsXIgeVxaq33VHqLwJKXvl.jpg"}, "firstName": "Ayeez", "lastName": "Dollah"}, "canonicalUrl": "https://foursquare.com/item/541188e3498eefd3067dc85f", "todo": {"count": 0}, "disagreeCount": 0}, {"logView": true, "lang": "en", "createdAt": 1431104578, "agreeCount": 0, "likes": {"groups": [], "count": 0}, "id": "554cec42498eafa1d39d103e", "text": "i'm always hungry at night....", "type": "user", "user": {"gender": "male", "id": "22865644", "photo": {"prefix": "https://igx.4sqi.net/img/user/", "suffix": "/22865644_B1U-0tU9_aD-YHwoG1xD-tsZEGq16RGTl8k2NqpS6w1i_7m9JzlvsXIgeVxaq33VHqLwJKXvl.jpg"}, "firstName": "Ayeez", "lastName": "Dollah"}, "canonicalUrl": "https://foursquare.com/item/554cec42498eafa1d39d103e", "todo": {"count": 0}, "disagreeCount": 0}, {"logView": true, "lang": "en", "createdAt": 1450186721, "agreeCount": 0, "likes": {"groups": [], "count": 0}, "id": "567017e1498e746aa7e7d3cb", "text": "McFlurry!!", "type": "user", "user": {"gender": "male", "id": "22865644", "photo": {"prefix": "https://igx.4sqi.net/img/user/", "suffix": "/22865644_B1U-0tU9_aD-YHwoG1xD-tsZEGq16RGTl8k2NqpS6w1i_7m9JzlvsXIgeVxaq33VHqLwJKXvl.jpg"}, "firstName": "Ayeez", "lastName": "Dollah"}, "canonicalUrl": "https://foursquare.com/item/567017e1498e746aa7e7d3cb", "todo": {"count": 0}, "disagreeCount": 0}, {"logView": true, "lang": "en", "photo": {"id": "5701046e498e6a6f55da078c", "visibility": "friends", "source": {"name": "Path", "url": "https://path.com/"}, "suffix": "/22865644_LXxZSiKbZdSEiddUGRxey2tgycoltNskE_RjxDWddIc.jpg", "createdAt": 1459684462, "prefix": "https://igx.4sqi.net/img/general/", "width": 1920, "height": 1080}, "createdAt": 1459684462, "todo": {"count": 0}, "agreeCount": 0, "likes": {"groups": [], "count": 0}, "id": "5701046e498e6a6f55da078d", "text": "yesterday story with the besties...", "disagreeCount": 0, "user": {"gender": "male", "id": "22865644", "photo": {"prefix": "https://igx.4sqi.net/img/user/", "suffix": "/22865644_B1U-0tU9_aD-YHwoG1xD-tsZEGq16RGTl8k2NqpS6w1i_7m9JzlvsXIgeVxaq33VHqLwJKXvl.jpg"}, "firstName": "Ayeez", "lastName": "Dollah"}, "canonicalUrl": "https://foursquare.com/item/5701046e498e6a6f55da078d", "type": "user", "photourl": "https://igx.4sqi.net/img/general/original/22865644_LXxZSiKbZdSEiddUGRxey2tgycoltNskE_RjxDWddIc.jpg"}, {"logView": true, "lang": "en", "createdAt": 1461231216, "agreeCount": 0, "likes": {"groups": [], "count": 0}, "id": "57189e70498ef893ca58367e", "text": "my lunch & dinner...", "type": "user", "user": {"gender": "male", "id": "22865644", "photo": {"prefix": "https://igx.4sqi.net/img/user/", "suffix": "/22865644_B1U-0tU9_aD-YHwoG1xD-tsZEGq16RGTl8k2NqpS6w1i_7m9JzlvsXIgeVxaq33VHqLwJKXvl.jpg"}, "firstName": "Ayeez", "lastName": "Dollah"}, "canonicalUrl": "https://foursquare.com/item/57189e70498ef893ca58367e", "todo": {"count": 0}, "disagreeCount": 0}, {"logView": true, "lang": "en", "createdAt": 1296732777, "agreeCount": 0, "likes": {"groups": [], "count": 0}, "id": "4d4a926983eda1cd01b8b3b1", "text": "Fillet o fish!", "type": "user", "user": {"gender": "female", "id": "6021404", "photo": {"prefix": "https://igx.4sqi.net/img/user/", "suffix": "/ELPXNRTJREJWE4RT.jpg"}, "firstName": "Ardilla", "lastName": "Ayub"}, "canonicalUrl": "https://foursquare.com/item/4d4a926983eda1cd01b8b3b1", "todo": {"count": 1}, "disagreeCount": 0}], "count": 81}}}