{"meta": {"code": 200, "requestId": "595a4751dd57972d626d8eb0"}, "response": {"tips": {"items": [{"logView": true, "lang": "en", "createdAt": 1288068574, "agreeCount": 0, "likes": {"groups": [], "count": 0}, "id": "4cc65ddebde8f04d31a3b64b", "text": "The prawn noodles here goes down well. Has a unique flavor to it.", "type": "user", "user": {"id": "3187537", "photo": {"prefix": "https://igx.4sqi.net/img/user/", "default": true, "suffix": "/blank_boy.png"}, "firstName": "Kings", "gender": "none"}, "canonicalUrl": "https://foursquare.com/item/4cc65ddebde8f04d31a3b64b", "todo": {"count": 1}, "disagreeCount": 0}, {"logView": true, "lang": "en", "createdAt": 1390619994, "agreeCount": 1, "likes": {"groups": [{"items": [], "count": 1, "type": "others"}], "summary": "1 like", "count": 1}, "id": "52e32d5a498ec25546f96952", "text": "Completely in love with the new Sichuan stall. Noodles perfectly Q-Q & the husband wife team are very polite & courteous Chinese nationals :) try to come early to try their side dishes, too!", "type": "user", "user": {"gender": "female", "id": "2392810", "photo": {"prefix": "https://igx.4sqi.net/img/user/", "suffix": "/TLSS5CX1EEQNSKAQ.jpg"}, "firstName": "Audrey", "lastName": "Tan"}, "canonicalUrl": "https://foursquare.com/item/52e32d5a498ec25546f96952", "todo": {"count": 0}, "disagreeCount": 0}, {"logView": true, "lang": "en", "createdAt": 1265351548, "agreeCount": 0, "likes": {"groups": [], "count": 0}, "id": "4b6bbb7c70c603bb128b91b4", "text": "The bak chor new is delicious!", "type": "user", "user": {"gender": "male", "id": "146182", "photo": {"prefix": "https://igx.4sqi.net/img/user/", "suffix": "/J5NLKDIR23KUZDNT.jpg"}, "firstName": "Shawn", "lastName": "Lim"}, "canonicalUrl": "https://foursquare.com/item/4b6bbb7c70c603bb128b91b4", "todo": {"count": 0}, "disagreeCount": 0}, {"logView": true, "lang": "en", "createdAt": 1303889498, "agreeCount": 0, "likes": {"groups": [], "count": 0}, "id": "4db7c65a0cb6cc307a6624a8", "text": "Nice pancakessssssss  to try :)", "type": "user", "user": {"gender": "female", "id": "5911173", "photo": {"prefix": "https://igx.4sqi.net/img/user/", "suffix": "/QGXH3BLZFEU0D25X.jpg"}, "firstName": "Yan", "lastName": "Siew"}, "canonicalUrl": "https://foursquare.com/item/4db7c65a0cb6cc307a6624a8", "todo": {"count": 0}, "disagreeCount": 0}, {"logView": true, "lang": "en", "createdAt": 1302407380, "agreeCount": 0, "likes": {"groups": [], "count": 0}, "id": "4da128d42939b1f77ff6ef56", "text": "Chicken rice and ice lemon tea is a must have!", "type": "user", "user": {"gender": "female", "id": "8055139", "photo": {"prefix": "https://igx.4sqi.net/img/user/", "suffix": "/GFGLVHFE34UA0ZBY.jpg"}, "firstName": "Eileen", "lastName": "C"}, "canonicalUrl": "https://foursquare.com/item/4da128d42939b1f77ff6ef56", "todo": {"count": 0}, "disagreeCount": 0}, {"logView": true, "lang": "en", "createdAt": 1284268423, "agreeCount": 0, "likes": {"groups": [], "count": 0}, "id": "4c8c6187f87e224b12cc3405", "text": "The meatballs from the mince meat noodle stall is yummy!", "type": "user", "user": {"gender": "male", "id": "2932575", "photo": {"prefix": "https://igx.4sqi.net/img/user/", "suffix": "/BRB31Z3KN2FIDGQ5.jpg"}, "firstName": "Alan", "lastName": "Ho"}, "canonicalUrl": "https://foursquare.com/item/4c8c6187f87e224b12cc3405", "todo": {"count": 0}, "disagreeCount": 0}, {"logView": true, "lang": "en", "createdAt": 1294463771, "agreeCount": 0, "likes": {"groups": [], "count": 0}, "id": "4d27f31b6e27a14305211524", "text": "Halal Western food not bad but be prepared to wait awhile. Price a bit on higher side.", "type": "user", "user": {"gender": "female", "id": "5443861", "photo": {"prefix": "https://igx.4sqi.net/img/user/", "suffix": "/IWFS531NBA2GGFL5.jpg"}, "firstName": "Y", "lastName": "Eu"}, "canonicalUrl": "https://foursquare.com/item/4d27f31b6e27a14305211524", "todo": {"count": 0}, "disagreeCount": 0}, {"logView": true, "lang": "en", "createdAt": 1271585639, "agreeCount": 0, "likes": {"groups": [], "count": 0}, "id": "4bcadb6770c603bbec4998b4", "text": "New seafood stall has nice huge fishballs on a stick.", "type": "user", "user": {"gender": "male", "id": "841089", "photo": {"prefix": "https://igx.4sqi.net/img/user/", "suffix": "/JQ11RI30VNDWQDTO.png"}, "firstName": "Boon Kwee", "lastName": "Tan"}, "canonicalUrl": "https://foursquare.com/item/4bcadb6770c603bbec4998b4", "todo": {"count": 0}, "disagreeCount": 0}, {"logView": true, "lang": "en", "createdAt": 1339695310, "agreeCount": 1, "likes": {"groups": [{"items": [{"gender": "male", "id": "231366", "photo": {"prefix": "https://igx.4sqi.net/img/user/", "suffix": "/231366-Q2ZSAEF50GYUXPDA.jpg"}, "firstName": "Cheen", "lastName": "The Curious"}], "count": 1, "type": "others"}], "summary": "1 like", "count": 1}, "id": "4fda20cee4b05b859303f4f4", "text": "3 thungs are a must try.1. Chicken Rice 2. Fishball Noodle3. Ban Mian", "type": "user", "user": {"id": "22423935", "photo": {"prefix": "https://igx.4sqi.net/img/user/", "suffix": "/5JHJD2V0UYDJNU33.jpg"}, "firstName": "Brian", "gender": "male"}, "canonicalUrl": "https://foursquare.com/item/4fda20cee4b05b859303f4f4", "todo": {"count": 0}, "disagreeCount": 0}, {"logView": true, "lang": "en", "photo": {"id": "52f71af4498eee980e279648", "visibility": "public", "source": {"name": "Foursquare for iOS", "url": "https://foursquare.com/download/#/iphone"}, "suffix": "/231366_VgYpgQM-6VFeyF1HpnsqmvtUt8RKV2f0iaaEFdL4Crg.jpg", "createdAt": 1391926004, "prefix": "https://igx.4sqi.net/img/general/", "width": 960, "height": 720}, "createdAt": 1391926002, "todo": {"count": 0}, "agreeCount": 0, "likes": {"groups": [], "count": 0}, "id": "52f71af2498ec085e3cb488d", "text": "Pancakes: They hv the thin versions, like in Penang (called ban cheng kueh). Various fillings: ground peanuts, corn, choc, cheese, banana, coconut, even egg & sausages!", "disagreeCount": 1, "user": {"gender": "male", "id": "231366", "photo": {"prefix": "https://igx.4sqi.net/img/user/", "suffix": "/231366-Q2ZSAEF50GYUXPDA.jpg"}, "firstName": "Cheen", "lastName": "The Curious"}, "canonicalUrl": "https://foursquare.com/item/52f71af2498ec085e3cb488d", "type": "user", "photourl": "https://igx.4sqi.net/img/general/original/231366_VgYpgQM-6VFeyF1HpnsqmvtUt8RKV2f0iaaEFdL4Crg.jpg"}, {"logView": true, "lang": "en", "createdAt": 1294970563, "agreeCount": 0, "likes": {"groups": [], "count": 0}, "id": "4d2faec35f806dcbc5c611ac", "text": "Fried meatballs are awesome :) the Nasi lemak makes good breakfast", "type": "user", "user": {"gender": "male", "id": "5223490", "photo": {"prefix": "https://igx.4sqi.net/img/user/", "suffix": "/3WJTHVPIFCE3SXD2.jpg"}, "firstName": "Lexus", "lastName": "Lee"}, "canonicalUrl": "https://foursquare.com/item/4d2faec35f806dcbc5c611ac", "todo": {"count": 0}, "disagreeCount": 0}, {"logView": true, "lang": "en", "createdAt": 1295159359, "agreeCount": 0, "likes": {"groups": [], "count": 0}, "id": "4d32903f5c2db60cc89ac36c", "text": "The western food here is GREAT", "type": "user", "user": {"gender": "male", "id": "5994697", "photo": {"prefix": "https://igx.4sqi.net/img/user/", "suffix": "/H0JSVXKPPDRC2WHT.jpg"}, "firstName": "Ernest", "lastName": "Toh"}, "canonicalUrl": "https://foursquare.com/item/4d32903f5c2db60cc89ac36c", "todo": {"count": 0}, "disagreeCount": 0}, {"logView": true, "lang": "en", "createdAt": 1338881149, "agreeCount": 0, "likes": {"groups": [], "count": 0}, "id": "4fcdb47de4b044b229f23725", "text": "the wanton mee shiok sia...", "type": "user", "user": {"gender": "none", "id": "27980771", "photo": {"prefix": "https://igx.4sqi.net/img/user/", "suffix": "/MU3ZJBVEV15YZ5KX.jpg"}, "firstName": "Buvan", "lastName": "--"}, "canonicalUrl": "https://foursquare.com/item/4fcdb47de4b044b229f23725", "todo": {"count": 0}, "disagreeCount": 0}, {"logView": true, "lang": "en", "createdAt": 1318429291, "agreeCount": 0, "likes": {"groups": [], "count": 0}, "id": "4e95a26b6c25df8da7b7bd70", "text": "The only prawn mee soup/dry in central bishan area. The prawn noodle (dry) is slightly above average. Eat if u are craving and there isn't much of a choice.", "type": "user", "user": {"gender": "none", "id": "5213191", "photo": {"prefix": "https://igx.4sqi.net/img/user/", "suffix": "/M23HAC3CPJCNKXNT.jpg"}, "firstName": "Maureen", "lastName": "T"}, "canonicalUrl": "https://foursquare.com/item/4e95a26b6c25df8da7b7bd70", "todo": {"count": 0}, "disagreeCount": 0}, {"logView": true, "lang": "en", "createdAt": 1275218696, "agreeCount": 0, "likes": {"groups": [], "count": 0}, "id": "4c024b0870c603bb839b9db4", "text": "Herbal frog soup and Wanton mee! Yums!", "type": "user", "user": {"gender": "female", "id": "1156556", "photo": {"prefix": "https://igx.4sqi.net/img/user/", "suffix": "/D3RDZO4SR4V1KFPP.jpg"}, "firstName": "Fiona", "lastName": "Sim"}, "canonicalUrl": "https://foursquare.com/item/4c024b0870c603bb839b9db4", "todo": {"count": 0}, "disagreeCount": 0}, {"authorInteractionType": "liked", "logView": true, "lang": "en", "createdAt": 1458351612, "agreeCount": 0, "likes": {"groups": [], "count": 0}, "id": "56ecadfc498e145d457c4742", "text": "chicken rice has free soup, korean is not bad, As of today, AVOID The BANMEE STALL At all cost. even if they give out free food, dont take", "type": "user", "user": {"gender": "male", "id": "1697970", "photo": {"prefix": "https://igx.4sqi.net/img/user/", "suffix": "/1697970-QGMMHJOVPRONUAPQ"}, "firstName": "Alex", "lastName": "Chew"}, "canonicalUrl": "https://foursquare.com/item/56ecadfc498e145d457c4742", "todo": {"count": 0}, "disagreeCount": 0}, {"logView": true, "lang": "en", "createdAt": 1294544269, "agreeCount": 0, "likes": {"groups": [], "count": 0}, "id": "4d292d8d888af04d7908cdaf", "text": "Love the ban mian here!", "type": "user", "user": {"gender": "female", "id": "2556670", "photo": {"prefix": "https://igx.4sqi.net/img/user/", "suffix": "/2556670-LG1CFFJ5VWBNEJYZ.jpg"}, "firstName": "Xiuling", "lastName": "Ng"}, "canonicalUrl": "https://foursquare.com/item/4d292d8d888af04d7908cdaf", "todo": {"count": 0}, "disagreeCount": 0}, {"logView": true, "lang": "en", "createdAt": 1325391214, "agreeCount": 0, "likes": {"groups": [], "count": 0}, "id": "4effdd6ee5faf2869bd7b34b", "text": "The claypot delight stall is a must try !", "type": "user", "user": {"gender": "male", "id": "2153794", "photo": {"prefix": "https://igx.4sqi.net/img/user/", "suffix": "/L521ZN32QYO41PCX.jpg"}, "firstName": "Jonathan", "lastName": "Oen"}, "canonicalUrl": "https://foursquare.com/item/4effdd6ee5faf2869bd7b34b", "todo": {"count": 0}, "disagreeCount": 0}, {"logView": true, "lang": "en", "createdAt": 1301901026, "agreeCount": 0, "likes": {"groups": [], "count": 0}, "id": "4d996ee2b188721e197e3e37", "text": "Qiu Lian Ban Mien is one of the best:)", "type": "user", "user": {"gender": "male", "id": "8108620", "photo": {"prefix": "https://igx.4sqi.net/img/user/", "suffix": "/DU5I0X0DPRHTYKXN.jpg"}, "firstName": "Kevin", "lastName": "Chow"}, "canonicalUrl": "https://foursquare.com/item/4d996ee2b188721e197e3e37", "todo": {"count": 0}, "disagreeCount": 0}, {"logView": true, "lang": "en", "createdAt": 1359984041, "agreeCount": 0, "likes": {"groups": [], "count": 0}, "id": "510fb5a9e4b00af1c803d564", "text": "The Indian rojak here is not bad! The sauce is quite nice.", "type": "user", "user": {"gender": "female", "id": "5857302", "photo": {"prefix": "https://igx.4sqi.net/img/user/", "suffix": "/JQCTJUAI5RT22QBU.jpg"}, "firstName": "Rachel", "lastName": "Ruixian"}, "canonicalUrl": "https://foursquare.com/item/510fb5a9e4b00af1c803d564", "todo": {"count": 0}, "disagreeCount": 0}, {"logView": true, "lang": "en", "photo": {"id": "53803f68498e08078e668563", "visibility": "public", "source": {"name": "Foursquare for iOS", "url": "https://foursquare.com/download/#/iphone"}, "suffix": "/7875727_SN-f4nrjrryISvQeeu4blsVwXy_caHyXg4411hqFrOQ.jpg", "createdAt": 1400913768, "prefix": "https://igx.4sqi.net/img/general/", "width": 720, "height": 720}, "createdAt": 1400913766, "todo": {"count": 0}, "agreeCount": 0, "likes": {"groups": [], "count": 0}, "id": "53803f66498e5e44a0cabd6e", "text": "Like fresh shrimps served with prawn noodles :)", "disagreeCount": 0, "user": {"id": "7875727", "photo": {"prefix": "https://igx.4sqi.net/img/user/", "suffix": "/7875727-JMJFL4P0142JMSL1.jpg"}, "firstName": "JsRockFort", "gender": "none"}, "canonicalUrl": "https://foursquare.com/item/53803f66498e5e44a0cabd6e", "type": "user", "photourl": "https://igx.4sqi.net/img/general/original/7875727_SN-f4nrjrryISvQeeu4blsVwXy_caHyXg4411hqFrOQ.jpg"}, {"authorInteractionType": "liked", "logView": true, "lang": "en", "createdAt": 1361357153, "agreeCount": 0, "likes": {"groups": [], "count": 0}, "id": "5124a961e4b0047c5a895223", "text": "The auntie at the aneka Indonesian stall is mega-heavy on the chilli! You've been warned!", "type": "user", "user": {"gender": "female", "id": "1973074", "photo": {"prefix": "https://igx.4sqi.net/img/user/", "suffix": "/N2TAR4AZM2VDJ5GN.jpg"}, "firstName": "Adrienne", "lastName": "M"}, "canonicalUrl": "https://foursquare.com/item/5124a961e4b0047c5a895223", "todo": {"count": 0}, "disagreeCount": 0}, {"logView": true, "lang": "en", "createdAt": 1295151369, "agreeCount": 0, "likes": {"groups": [], "count": 0}, "id": "4d3271095017a0933e9f499b", "text": "Duck noodles sauce very thick, but makes it a chore instead to finish the food.", "type": "user", "user": {"gender": "male", "id": "729923", "photo": {"prefix": "https://igx.4sqi.net/img/user/", "suffix": "/1UQEYDUABXFWDHY4.jpg"}, "firstName": "Julian", "lastName": "Lee"}, "canonicalUrl": "https://foursquare.com/item/4d3271095017a0933e9f499b", "todo": {"count": 0}, "disagreeCount": 0}, {"logView": true, "lang": "en", "createdAt": 1291531626, "agreeCount": 0, "likes": {"groups": [], "count": 0}, "id": "4cfb356a34c1a0939928450e", "text": "another food introduce by my gf. the prawn noodles here is nice! especially with the chilli!", "type": "user", "user": {"gender": "male", "id": "3738479", "photo": {"prefix": "https://igx.4sqi.net/img/user/", "suffix": "/V2VVS1ZND2C4AXLE.jpg"}, "firstName": "Anthony", "lastName": "Liew"}, "canonicalUrl": "https://foursquare.com/item/4cfb356a34c1a0939928450e", "todo": {"count": 0}, "disagreeCount": 0}, {"logView": true, "lang": "en", "createdAt": 1299499154, "agreeCount": 0, "likes": {"groups": [], "count": 0}, "id": "4d74c89294985481e3022e7e", "text": "The indonesian Bbq stall sux. I ordered ayam penyet gave me chicken long beans clear soup n omlette. When i asked how come it's not ayam penyet the lady said i never order set and refuse to change. :(", "type": "user", "user": {"gender": "none", "id": "4532288", "photo": {"prefix": "https://igx.4sqi.net/img/user/", "suffix": "/GEDDX5GRZ3RGOGJX.jpg"}, "firstName": "Crabby", "lastName": "Jumari"}, "canonicalUrl": "https://foursquare.com/item/4d74c89294985481e3022e7e", "todo": {"count": 0}, "disagreeCount": 0}, {"logView": true, "lang": "en", "createdAt": 1318333307, "agreeCount": 0, "likes": {"groups": [], "count": 0}, "id": "4e942b7b9a5267bd66dca7c8", "text": "Claypot Delight: must try its sesame chicken!", "type": "user", "user": {"gender": "male", "id": "8107105", "photo": {"prefix": "https://igx.4sqi.net/img/user/", "suffix": "/8107105-KU0SLW433X4GQ2J4.jpg"}, "firstName": "Victor", "lastName": "Tey"}, "canonicalUrl": "https://foursquare.com/item/4e942b7b9a5267bd66dca7c8", "todo": {"count": 0}, "disagreeCount": 0}, {"logView": true, "lang": "en", "createdAt": 1315392892, "agreeCount": 0, "likes": {"groups": [], "count": 0}, "id": "4e674d7c7d8b084ac74287c9", "text": "Ayam Penyet sauce from Indonesian BBQ Food stall is quite spicy.", "type": "user", "user": {"gender": "male", "id": "228930", "photo": {"prefix": "https://igx.4sqi.net/img/user/", "suffix": "/WN5GCL3LAFLEKSAY.jpg"}, "firstName": "Thant Zin", "lastName": "Oo"}, "canonicalUrl": "https://foursquare.com/item/4e674d7c7d8b084ac74287c9", "todo": {"count": 0}, "disagreeCount": 0}, {"logView": true, "lang": "en", "createdAt": 1356606183, "agreeCount": 0, "likes": {"groups": [], "count": 0}, "id": "50dc2ae7e4b00499105841c0", "text": "Mixed vegetable rice not bad, cheap and good.", "type": "user", "user": {"gender": "male", "id": "25463480", "photo": {"prefix": "https://igx.4sqi.net/img/user/", "suffix": "/CFQRZYAIAPOSIX1Q.jpg"}, "firstName": "J", "lastName": "OH"}, "canonicalUrl": "https://foursquare.com/item/50dc2ae7e4b00499105841c0", "todo": {"count": 0}, "disagreeCount": 0}, {"logView": true, "lang": "en", "createdAt": 1319198983, "agreeCount": 0, "likes": {"groups": [], "count": 0}, "id": "4ea161079a527d65169782b7", "text": "Pontian wanton mee: highly recommend the 3) Chilli with black sauce version. If you're feeling hungry, get all soup wanton, and add a plate of fried wanton!", "type": "user", "user": {"gender": "male", "id": "8107105", "photo": {"prefix": "https://igx.4sqi.net/img/user/", "suffix": "/8107105-KU0SLW433X4GQ2J4.jpg"}, "firstName": "Victor", "lastName": "Tey"}, "canonicalUrl": "https://foursquare.com/item/4ea161079a527d65169782b7", "todo": {"count": 0}, "disagreeCount": 0}, {"logView": true, "lang": "en", "createdAt": 1295153279, "agreeCount": 0, "likes": {"groups": [], "count": 0}, "id": "4d32787f6c7c721e4bbbb056", "text": "Nice carrot cake ..... Comes with crispy anchovies .... Yum yum :-)", "type": "user", "user": {"id": "5999927", "photo": {"prefix": "https://igx.4sqi.net/img/user/", "default": true, "suffix": "/blank_boy.png"}, "firstName": "Ed", "gender": "none"}, "canonicalUrl": "https://foursquare.com/item/4d32787f6c7c721e4bbbb056", "todo": {"count": 0}, "disagreeCount": 0}, {"logView": true, "lang": "en", "createdAt": 1285239953, "agreeCount": 0, "likes": {"groups": [{"items": [], "count": 3, "type": "others"}], "summary": "3 likes", "count": 3}, "id": "4c9b3491eaa5a143638cd2e4", "text": "pert pert chicks!", "type": "user", "user": {"gender": "male", "id": "3152329", "photo": {"prefix": "https://igx.4sqi.net/img/user/", "suffix": "/3152329-BGN55QBNAQXU35ZW.jpg"}, "firstName": "Aaron", "lastName": "Seah"}, "canonicalUrl": "https://foursquare.com/item/4c9b3491eaa5a143638cd2e4", "todo": {"count": 0}, "disagreeCount": 0}, {"logView": true, "lang": "en", "createdAt": 1322408354, "agreeCount": 0, "likes": {"groups": [], "count": 0}, "id": "4ed259a25c5c9528fb94ceba", "text": "Awesome chicken rice", "type": "user", "user": {"gender": "female", "id": "1708132", "photo": {"prefix": "https://igx.4sqi.net/img/user/", "suffix": "/DTW2F1DOCZKHC3CO.jpg"}, "firstName": "Nicole", "lastName": "Tow"}, "canonicalUrl": "https://foursquare.com/item/4ed259a25c5c9528fb94ceba", "todo": {"count": 0}, "disagreeCount": 0}, {"logView": true, "lang": "en", "createdAt": 1278687658, "agreeCount": 0, "likes": {"groups": [{"items": [], "count": 1, "type": "others"}], "summary": "1 like", "count": 1}, "id": "4c3739aa04cbb7135446ee0d", "text": "dinner with my hubby", "type": "user", "user": {"gender": "female", "id": "1983345", "photo": {"prefix": "https://igx.4sqi.net/img/user/", "suffix": "/YHNY1AOVFIM0GSJ4.jpg"}, "firstName": "Neesya", "lastName": "Arsitaningtyas"}, "canonicalUrl": "https://foursquare.com/item/4c3739aa04cbb7135446ee0d", "todo": {"count": 0}, "disagreeCount": 0}, {"logView": true, "lang": "en", "createdAt": 1299041481, "agreeCount": 0, "likes": {"groups": [], "count": 0}, "id": "4d6dccc9792bb60c65ea59be", "text": "Try the Korean food cheap and secent", "type": "user", "user": {"gender": "male", "id": "4267162", "photo": {"prefix": "https://igx.4sqi.net/img/user/", "suffix": "/J1QTA3I2VSP0JRNC.jpg"}, "firstName": "Benny", "lastName": "Ang"}, "canonicalUrl": "https://foursquare.com/item/4d6dccc9792bb60c65ea59be", "todo": {"count": 0}, "disagreeCount": 0}, {"logView": true, "lang": "en", "createdAt": 1310193922, "agreeCount": 0, "likes": {"groups": [], "count": 0}, "id": "4e17f902a8097d08b232bcd4", "text": "Korean food is one of the nicer food here. Very reasonable price!", "type": "user", "user": {"gender": "female", "id": "11232148", "photo": {"prefix": "https://igx.4sqi.net/img/user/", "suffix": "/N34KW0W0PPBEMSCN.jpg"}, "firstName": "Elaine", "lastName": "Chua"}, "canonicalUrl": "https://foursquare.com/item/4e17f902a8097d08b232bcd4", "todo": {"count": 0}, "disagreeCount": 0}, {"logView": true, "lang": "en", "createdAt": 1264941769, "agreeCount": 0, "likes": {"groups": [{"items": [], "count": 5, "type": "others"}], "summary": "5 likes", "count": 5}, "id": "4b657ac970c603bb223591b4", "text": "New Indonesian food stall's BBQ chicken is yummy", "type": "user", "user": {"gender": "male", "id": "109182", "photo": {"prefix": "https://igx.4sqi.net/img/user/", "suffix": "/0UHP5BR3PX5ULKT0.jpg"}, "firstName": "Ernest", "lastName": "Khoo"}, "canonicalUrl": "https://foursquare.com/item/4b657ac970c603bb223591b4", "todo": {"count": 1}, "disagreeCount": 0}, {"logView": true, "lang": "en", "createdAt": 1299392483, "agreeCount": 0, "likes": {"groups": [], "count": 0}, "id": "4d7327e35f0037042a74eca0", "text": "Try prawn mee or ban mian", "type": "user", "user": {"gender": "female", "id": "7349389", "photo": {"prefix": "https://igx.4sqi.net/img/user/", "suffix": "/BVRS5QZUXYEWSOZE.jpg"}, "firstName": "Jennifer", "lastName": "Ong"}, "canonicalUrl": "https://foursquare.com/item/4d7327e35f0037042a74eca0", "todo": {"count": 0}, "disagreeCount": 0}, {"logView": true, "lang": "en", "createdAt": 1417503467, "agreeCount": 0, "likes": {"groups": [], "count": 0}, "id": "547d62eb498ef6288516c8cc", "text": "May Thai Food! Must try! The phad thai and fried rice! Rmb to take the lime combo fish sauce chilli, shiok!", "type": "user", "user": {"gender": "male", "id": "40651570", "photo": {"prefix": "https://igx.4sqi.net/img/user/", "suffix": "/40651570-DTHEBWNKWJS2JKWF.jpg"}, "firstName": "Ignatius Seth", "lastName": "Tong"}, "canonicalUrl": "https://foursquare.com/item/547d62eb498ef6288516c8cc", "todo": {"count": 0}, "disagreeCount": 0}, {"logView": true, "lang": "en", "createdAt": 1396699173, "agreeCount": 0, "likes": {"groups": [], "count": 0}, "id": "533ff025498ec9e627a383b6", "text": "Do not sit under lights as there are so many flies and flying ants!!!! Urgh!!!!!", "type": "user", "user": {"id": "30535690", "photo": {"prefix": "https://igx.4sqi.net/img/user/", "suffix": "/30535690_DZOCdQS2_fY66OEfKAbOytEXS26RUOYmkTS3cggTBkgcIT2XYvg7a60QWDhKI8MIETb-lDiJ_.jpg"}, "firstName": "My Ugly Cher from ZHSS! Lol", "gender": "none"}, "canonicalUrl": "https://foursquare.com/item/533ff025498ec9e627a383b6", "todo": {"count": 0}, "disagreeCount": 0}, {"logView": true, "lang": "en", "createdAt": 1325407554, "agreeCount": 0, "likes": {"groups": [], "count": 0}, "id": "4f001d42be7bbcd4f3de5f0f", "text": "Avoid the chicken rice, food maybe nice but poor service attitude. The S11 coffee china lady can give you wrong change or pretend not listening your order by telling you that she cannot find you.", "type": "user", "user": {"gender": "male", "id": "5879000", "photo": {"prefix": "https://igx.4sqi.net/img/user/", "suffix": "/QVTO520W4DDQHIBK.jpg"}, "firstName": "Chong", "lastName": "Benedict"}, "canonicalUrl": "https://foursquare.com/item/4f001d42be7bbcd4f3de5f0f", "todo": {"count": 0}, "disagreeCount": 0}, {"logView": true, "lang": "en", "createdAt": 1330668450, "agreeCount": 0, "likes": {"groups": [], "count": 0}, "id": "4f5063a2e4b0390b94e4b70f", "text": "The Prawn Mee here is Superb!! It's a MUST try!!", "type": "user", "user": {"gender": "male", "id": "12726808", "photo": {"prefix": "https://igx.4sqi.net/img/user/", "suffix": "/BOEMCDL5N43I5CTS.jpg"}, "firstName": "Dominic Timothy", "lastName": "Tan"}, "canonicalUrl": "https://foursquare.com/item/4f5063a2e4b0390b94e4b70f", "todo": {"count": 0}, "disagreeCount": 0}, {"logView": true, "lang": "en", "createdAt": 1322376732, "agreeCount": 0, "likes": {"groups": [], "count": 0}, "id": "4ed1de1cbe7b9eece1cc870d", "text": "The bak kut teh here is really traditional. Full of herbs. The adam road prawn mee here is really good too. Love the soup!", "type": "user", "user": {"gender": "male", "id": "16956093", "photo": {"prefix": "https://igx.4sqi.net/img/user/", "suffix": "/DU34UNACBHQRR1WM.jpg"}, "firstName": "Jonathan", "lastName": "Yan"}, "canonicalUrl": "https://foursquare.com/item/4ed1de1cbe7b9eece1cc870d", "todo": {"count": 0}, "disagreeCount": 0}, {"logView": true, "lang": "en", "createdAt": 1322661288, "agreeCount": 0, "likes": {"groups": [], "count": 0}, "id": "4ed635a82c5b3d826e69de37", "text": "Pretty good chicken rice and prawn noodles. Indonesian food is rather authentic too!", "type": "user", "user": {"gender": "female", "id": "5405340", "photo": {"prefix": "https://igx.4sqi.net/img/user/", "suffix": "/4YUVOR013ERP5P2L.jpg"}, "firstName": "Serene", "lastName": "Loo"}, "canonicalUrl": "https://foursquare.com/item/4ed635a82c5b3d826e69de37", "todo": {"count": 0}, "disagreeCount": 0}, {"logView": true, "lang": "en", "createdAt": 1308363375, "agreeCount": 0, "likes": {"groups": [], "count": 0}, "id": "4dfc0a6fd4c001cca36b50fd", "text": "Korean food not bad but remember to ask the guy to go easy on salt(if ure ordering soup) their salt free one,saw him add one huge spoonful of salt into my kimchi soup..salty lyk fk", "type": "user", "user": {"gender": "male", "id": "10705329", "photo": {"prefix": "https://igx.4sqi.net/img/user/", "default": true, "suffix": "/blank_boy.png"}, "firstName": "Koh", "lastName": "Yong xiang"}, "canonicalUrl": "https://foursquare.com/item/4dfc0a6fd4c001cca36b50fd", "todo": {"count": 0}, "disagreeCount": 0}, {"logView": true, "lang": "en", "createdAt": 1394625176, "agreeCount": 0, "likes": {"groups": [], "count": 0}, "id": "53204a98498e4a432733bdaf", "text": "Ayam penyet and Jessica Deli pancakes are great!", "type": "user", "user": {"gender": "female", "id": "80087479", "photo": {"prefix": "https://igx.4sqi.net/img/user/", "suffix": "/80087479-UM0KLCFPOLFOGJPG.jpg"}, "firstName": "Sheryl", "lastName": "Quek"}, "canonicalUrl": "https://foursquare.com/item/53204a98498e4a432733bdaf", "todo": {"count": 0}, "disagreeCount": 0}, {"logView": true, "lang": "en", "createdAt": 1345006719, "agreeCount": 0, "likes": {"groups": [], "count": 0}, "id": "502b2c7fe4b07813ac963801", "text": "Totally tasteless ban mian. Disappointing!", "type": "user", "user": {"gender": "male", "id": "26547769", "photo": {"prefix": "https://igx.4sqi.net/img/user/", "suffix": "/S3SN0FOESBWDMVI5.jpg"}, "firstName": "Jason", "lastName": "Ong"}, "canonicalUrl": "https://foursquare.com/item/502b2c7fe4b07813ac963801", "todo": {"count": 0}, "disagreeCount": 0}, {"logView": true, "lang": "en", "createdAt": 1318334038, "agreeCount": 0, "likes": {"groups": [], "count": 0}, "id": "4e942e568231f4dfcdfa794e", "text": "Claypot delight - ginger & spring onion claypot frog - totally disappointed cos the frog not fresh! Korean food- Saba fish is v nice and a must try! Meat is tender & fresh! ;)", "type": "user", "user": {"gender": "none", "id": "5213191", "photo": {"prefix": "https://igx.4sqi.net/img/user/", "suffix": "/M23HAC3CPJCNKXNT.jpg"}, "firstName": "Maureen", "lastName": "T"}, "canonicalUrl": "https://foursquare.com/item/4e942e568231f4dfcdfa794e", "todo": {"count": 1}, "disagreeCount": 0}, {"logView": true, "lang": "en", "createdAt": 1302244779, "agreeCount": 0, "likes": {"groups": [], "count": 0}, "id": "4d9eadab9bf0a35d354e000b", "text": "Big prawn noodle sucks. Oily n tasteless... :(", "type": "user", "user": {"gender": "male", "id": "4464651", "photo": {"prefix": "https://igx.4sqi.net/img/user/", "suffix": "/QCSOWGNOKBOXW5OX.jpg"}, "firstName": "David", "lastName": "Wong"}, "canonicalUrl": "https://foursquare.com/item/4d9eadab9bf0a35d354e000b", "todo": {"count": 0}, "disagreeCount": 0}, {"logView": true, "lang": "en", "createdAt": 1288860289, "agreeCount": 1, "likes": {"groups": [{"items": [{"gender": "male", "id": "231366", "photo": {"prefix": "https://igx.4sqi.net/img/user/", "suffix": "/231366-Q2ZSAEF50GYUXPDA.jpg"}, "firstName": "Cheen", "lastName": "The Curious"}], "count": 1, "type": "others"}], "summary": "1 like", "count": 1}, "id": "4cd272812b52a09310e81e39", "text": "I like the chicken rice! The soup is huge! Free bowl of rice if you are wearing your uniform!", "type": "user", "user": {"gender": "male", "id": "1653075", "photo": {"prefix": "https://igx.4sqi.net/img/user/", "suffix": "/1653075-ALS4IRCIEEJYRVA5.jpg"}, "firstName": "Emmanuel", "lastName": "Phua"}, "canonicalUrl": "https://foursquare.com/item/4cd272812b52a09310e81e39", "todo": {"count": 2}, "disagreeCount": 0}, {"logView": true, "lang": "en", "createdAt": 1292414773, "agreeCount": 0, "likes": {"groups": [], "count": 0}, "id": "4d08af351657a35d0cdd2de7", "text": "Try western chow ! It's nice and worth it !", "type": "user", "user": {"gender": "male", "id": "3629352", "photo": {"prefix": "https://igx.4sqi.net/img/user/", "suffix": "/SVOYJOIJLO4CJFY2.jpg"}, "firstName": "Rei", "lastName": "Mike Tyler"}, "canonicalUrl": "https://foursquare.com/item/4d08af351657a35d0cdd2de7", "todo": {"count": 1}, "disagreeCount": 0}, {"logView": true, "lang": "en", "createdAt": 1315622631, "agreeCount": 0, "likes": {"groups": [], "count": 0}, "id": "4e6acee7d164c37bf4c1b379", "text": "Must try ayam penyet, batagor goreng Kantin Aneka The Authentic Indonesian taste", "type": "user", "user": {"gender": "female", "id": "12569175", "photo": {"prefix": "https://igx.4sqi.net/img/user/", "suffix": "/IBRMON0JRK1V0USH.jpg"}, "firstName": "Alice", "lastName": "Charles"}, "canonicalUrl": "https://foursquare.com/item/4e6acee7d164c37bf4c1b379", "todo": {"count": 0}, "disagreeCount": 0}, {"logView": true, "lang": "en", "createdAt": 1267677972, "agreeCount": 0, "likes": {"groups": [{"items": [], "count": 10, "type": "others"}], "summary": "10 likes", "count": 10}, "id": "4b8f3b1470c603bb818193b4", "text": "Try pontian wan ton mee", "type": "user", "user": {"gender": "male", "id": "172181", "photo": {"prefix": "https://igx.4sqi.net/img/user/", "suffix": "/172181-RLPTIZ5FY2PT4FXU.jpg"}, "firstName": "Jun Yong", "lastName": "Chong"}, "canonicalUrl": "https://foursquare.com/item/4b8f3b1470c603bb818193b4", "todo": {"count": 0}, "disagreeCount": 0}], "count": 52}}}