{"meta": {"code": 200, "requestId": "595a4d4a9fb6b77b93196a0c"}, "response": {"tips": {"items": [{"logView": true, "lang": "en", "createdAt": 1292831932, "agreeCount": 0, "likes": {"groups": [], "count": 0}, "id": "4d0f0cbc7177b1f7127e4922", "text": "Soft shell crab blk pepper is excellent! Should try!", "type": "user", "user": {"gender": "female", "id": "3766718", "photo": {"prefix": "https://igx.4sqi.net/img/user/", "suffix": "/AM14MGQNWHWY4KHN.jpg"}, "firstName": "Isty", "lastName": "Ailudin"}, "canonicalUrl": "https://foursquare.com/item/4d0f0cbc7177b1f7127e4922", "todo": {"count": 0}, "disagreeCount": 0}, {"authorInteractionType": "disliked", "logView": true, "lang": "en", "createdAt": 1412874366, "agreeCount": 0, "likes": {"groups": [], "count": 0}, "id": "5436c07e498e18026d982a15", "text": "Food is so-so but expensive. Abd they don't serve tap water! Be warned.", "type": "user", "user": {"id": "1241616", "photo": {"prefix": "https://igx.4sqi.net/img/user/", "suffix": "/AXCV3QHKNGK5LWB1.jpg"}, "firstName": "Alex", "gender": "none"}, "canonicalUrl": "https://foursquare.com/item/5436c07e498e18026d982a15", "todo": {"count": 0}, "disagreeCount": 0}, {"logView": true, "lang": "en", "createdAt": 1317531030, "agreeCount": 1, "likes": {"groups": [{"items": [{"gender": "female", "id": "2101347", "photo": {"prefix": "https://igx.4sqi.net/img/user/", "suffix": "/2YXSU3ILZHTJYURA.jpg"}, "firstName": "Denise", "lastName": "Lee"}], "count": 1, "type": "others"}], "summary": "1 like", "count": 1}, "id": "4e87ed9602d593fc4ef81e13", "text": "3223-Thai Sukiyaki Nam is nice toooo!", "type": "user", "user": {"gender": "female", "id": "7310069", "photo": {"prefix": "https://igx.4sqi.net/img/user/", "suffix": "/2NNCBIQXDKAAA2ST.jpg"}, "firstName": "Meishi", "lastName": "Ang"}, "canonicalUrl": "https://foursquare.com/item/4e87ed9602d593fc4ef81e13", "todo": {"count": 0}, "disagreeCount": 0}, {"logView": true, "lang": "en", "createdAt": 1372583903, "agreeCount": 0, "likes": {"groups": [], "count": 0}, "id": "51cff7df498ee9211e51a0e6", "text": "Phat thai is good!", "type": "user", "user": {"gender": "female", "id": "11914775", "photo": {"prefix": "https://igx.4sqi.net/img/user/", "suffix": "/11914775-TNT3T3CIXTRT0BHA.jpg"}, "firstName": "Sharon", "lastName": "Ng"}, "canonicalUrl": "https://foursquare.com/item/51cff7df498ee9211e51a0e6", "todo": {"count": 0}, "disagreeCount": 0}, {"logView": true, "lang": "en", "createdAt": 1359541716, "agreeCount": 0, "likes": {"groups": [], "count": 0}, "id": "5108f5d4e4b0204ca505e75a", "text": "6101 soft shell crab with egg and onion with curry is good!", "type": "user", "user": {"gender": "male", "id": "19953688", "photo": {"prefix": "https://igx.4sqi.net/img/user/", "suffix": "/19953688-J001RUG0JYUEYK33.jpg"}, "firstName": "Yeo", "lastName": "Shan Jin"}, "canonicalUrl": "https://foursquare.com/item/5108f5d4e4b0204ca505e75a", "todo": {"count": 0}, "disagreeCount": 0}, {"logView": true, "lang": "en", "createdAt": 1295701554, "agreeCount": 0, "likes": {"groups": [], "count": 0}, "id": "4d3ad632beb7b1f77853ed71", "text": "For pure vegetarian - Tom yum soup and green curry has non-veg stock! Safest bet is pineapple rice :)", "type": "user", "user": {"gender": "male", "id": "6213195", "photo": {"prefix": "https://igx.4sqi.net/img/user/", "suffix": "/NGQSLGDZNJJZ3QZJ.jpg"}, "firstName": "Balwant", "lastName": "Singraul"}, "canonicalUrl": "https://foursquare.com/item/4d3ad632beb7b1f77853ed71", "todo": {"count": 0}, "disagreeCount": 0}, {"logView": true, "lang": "en", "createdAt": 1286072785, "agreeCount": 0, "likes": {"groups": [], "count": 0}, "id": "4ca7e9d1965c9c748431c9fa", "text": "Start with the chicken wings. For mains, Green Curry Chicken and Phad Thai are my favourites. Finish off your meal with thai iced tea", "type": "user", "user": {"gender": "male", "id": "176913", "photo": {"prefix": "https://igx.4sqi.net/img/user/", "suffix": "/1TJOLS0TWO3YCOWG.jpg"}, "firstName": "Julian", "lastName": "Chow"}, "canonicalUrl": "https://foursquare.com/item/4ca7e9d1965c9c748431c9fa", "todo": {"count": 0}, "disagreeCount": 0}, {"logView": true, "lang": "en", "createdAt": 1265966086, "agreeCount": 0, "likes": {"groups": [{"items": [], "count": 6, "type": "others"}], "summary": "6 likes", "count": 6}, "id": "4b751c0670c603bb771092b4", "text": "Green curry with chicken, lovely!", "type": "user", "user": {"gender": "male", "id": "353739", "photo": {"prefix": "https://igx.4sqi.net/img/user/", "suffix": "/353739-GRCMU1DLC5SNCG1Z.jpg"}, "firstName": "Andrew", "lastName": "Rivlin"}, "canonicalUrl": "https://foursquare.com/item/4b751c0670c603bb771092b4", "todo": {"count": 1}, "disagreeCount": 0}, {"logView": true, "lang": "en", "createdAt": 1308401472, "agreeCount": 0, "likes": {"groups": [], "count": 0}, "id": "4dfc9f40e4cdbe059c39860f", "text": "I simply love the tomyum seafood soup !", "type": "user", "user": {"gender": "female", "id": "6024988", "photo": {"prefix": "https://igx.4sqi.net/img/user/", "suffix": "/RAHWPFPKT0WP2RB2.jpg"}, "firstName": "Sammi", "lastName": "Chan"}, "canonicalUrl": "https://foursquare.com/item/4dfc9f40e4cdbe059c39860f", "todo": {"count": 0}, "disagreeCount": 0}, {"logView": true, "lang": "en", "createdAt": 1289934956, "agreeCount": 0, "likes": {"groups": [], "count": 0}, "id": "4ce2d86c78ddf04df119b398", "text": "Die die must try their tom yum soup n phat thai...", "type": "user", "user": {"gender": "male", "id": "4354913", "photo": {"prefix": "https://igx.4sqi.net/img/user/", "suffix": "/OS2EH2ODKCWYAZH5.jpg"}, "firstName": "Jacky Winson", "lastName": "Sim"}, "canonicalUrl": "https://foursquare.com/item/4ce2d86c78ddf04df119b398", "todo": {"count": 1}, "disagreeCount": 0}, {"logView": true, "lang": "en", "createdAt": 1292914498, "agreeCount": 0, "likes": {"groups": [{"items": [], "count": 1, "type": "others"}], "summary": "1 like", "count": 1}, "id": "4d104f42c3dc37045c633874", "text": "Food is good and at very reasonable price", "type": "user", "user": {"gender": "female", "id": "5181068", "photo": {"prefix": "https://igx.4sqi.net/img/user/", "suffix": "/5YVDRVJHB30XWEES.jpg"}, "firstName": "Eileen", "lastName": "Wai"}, "canonicalUrl": "https://foursquare.com/item/4d104f42c3dc37045c633874", "todo": {"count": 0}, "disagreeCount": 0}, {"logView": true, "lang": "en", "createdAt": 1324279159, "agreeCount": 0, "likes": {"groups": [], "count": 0}, "id": "4eeee577775b3c580f1ead7c", "text": "Seafood BBQ talay is just heavenly!! Especially with the chili & lime dip!!", "type": "user", "user": {"id": "2540105", "photo": {"prefix": "https://igx.4sqi.net/img/user/", "suffix": "/2540105-Q25IXVAGMIWMIB0B.jpg"}, "firstName": "Meilissa", "gender": "female"}, "canonicalUrl": "https://foursquare.com/item/4eeee577775b3c580f1ead7c", "todo": {"count": 0}, "disagreeCount": 0}, {"authorInteractionType": "liked", "logView": true, "lang": "en", "createdAt": 1456067719, "agreeCount": 0, "likes": {"groups": [], "count": 0}, "id": "56c9d487498e1ca2b2369069", "text": "THE PINEAPPLE RICE IS A MUST TRY AHH OMG AND THE TOM YUM SOUP !!!!!!!!! DEFINITELY GONNA BE BACK TO DINE AGN !!!!! LOVE THIS PLACE HEHEHE", "type": "user", "user": {"gender": "female", "id": "147268724", "photo": {"prefix": "https://igx.4sqi.net/img/user/", "suffix": "/147268724-APPPNSLV1VRKZHJW.jpg"}, "firstName": "sim", "lastName": "see min"}, "canonicalUrl": "https://foursquare.com/item/56c9d487498e1ca2b2369069", "todo": {"count": 0}, "disagreeCount": 0}, {"logView": true, "lang": "en", "createdAt": 1328509612, "agreeCount": 0, "likes": {"groups": [], "count": 0}, "id": "4f2f72ace4b0bd78b8efdae7", "text": "The seafood tom yum is nice!!!!!best food ever", "type": "user", "user": {"id": "21053837", "photo": {"prefix": "https://igx.4sqi.net/img/user/", "suffix": "/QKZHMV4DBDPJRDTP.jpg"}, "firstName": "Tan Jun Liang", "gender": "male"}, "canonicalUrl": "https://foursquare.com/item/4f2f72ace4b0bd78b8efdae7", "todo": {"count": 0}, "disagreeCount": 0}, {"logView": true, "lang": "en", "createdAt": 1367027860, "agreeCount": 0, "likes": {"groups": [], "count": 0}, "id": "517b3094e4b060f516f03ce7", "text": "They have a new menu...the fish porridge soup is great.. My son loves it....", "type": "user", "user": {"gender": "male", "id": "27065309", "photo": {"prefix": "https://igx.4sqi.net/img/user/", "suffix": "/27065309_fk-KFBJ9_2CTJxRtfOnSoSGR0dhAGyBwOVX_7VJXAMe8VEBCB2VS-uAN0SUpetgnITlGylsLG.jpg"}, "firstName": "Ken", "lastName": "Chua"}, "canonicalUrl": "https://foursquare.com/item/517b3094e4b060f516f03ce7", "todo": {"count": 0}, "disagreeCount": 0}, {"logView": true, "lang": "en", "createdAt": 1311595548, "agreeCount": 1, "likes": {"groups": [{"items": [{"gender": "male", "id": "4053670", "photo": {"prefix": "https://igx.4sqi.net/img/user/", "suffix": "/UDY1DYCUX32M0RJB.jpg"}, "firstName": "Roy", "lastName": "Phang"}], "count": 2, "type": "others"}], "summary": "2 likes", "count": 2}, "id": "4e2d5c1c1f6ebe5442669a0f", "text": "Waitresses are like standing around chatting while everyone's attempting to get their attention. Dumb as hell. Paid to wait on customers, not to snack and chat! *ps: all of them are snacking! Wtf.", "type": "user", "user": {"gender": "female", "id": "2174373", "photo": {"prefix": "https://igx.4sqi.net/img/user/", "suffix": "/XMGUJLHPER24XKRA.jpg"}, "firstName": "Kimberly", "lastName": "Meagan"}, "canonicalUrl": "https://foursquare.com/item/4e2d5c1c1f6ebe5442669a0f", "todo": {"count": 1}, "disagreeCount": 0}, {"logView": true, "lang": "en", "createdAt": 1290922740, "agreeCount": 0, "likes": {"groups": [], "count": 0}, "id": "4cf1eaf4cc61a35d4629189e", "text": "Try their BBQ seafood platter. It's really really food. Top it up with their avocado milkshake, it's delish!!", "type": "user", "user": {"gender": "male", "id": "3497726", "photo": {"prefix": "https://igx.4sqi.net/img/user/", "suffix": "/3497726-ZXVHODNS04WZIYO3.jpg"}, "firstName": "Mhyke", "lastName": "Basa"}, "canonicalUrl": "https://foursquare.com/item/4cf1eaf4cc61a35d4629189e", "todo": {"count": 0}, "disagreeCount": 0}, {"logView": true, "lang": "th", "createdAt": 1334289540, "agreeCount": 0, "likes": {"groups": [], "count": 0}, "id": "4f87a484e4b060b7f5c7c9cc", "text": "\u0e02\u0e49\u0e32\u0e27\u0e40\u0e17\u0e35\u0e48\u0e22\u0e07", "type": "user", "user": {"gender": "female", "id": "25368842", "photo": {"prefix": "https://igx.4sqi.net/img/user/", "suffix": "/01FDCPNECLEOM0N5.jpg"}, "firstName": "Nuch", "lastName": "Supannee"}, "canonicalUrl": "https://foursquare.com/item/4f87a484e4b060b7f5c7c9cc", "todo": {"count": 0}, "disagreeCount": 0}, {"authorInteractionType": "liked", "logView": true, "lang": "en", "photo": {"id": "57308250498e379a207fae65", "visibility": "public", "source": {"name": "Swarm for iOS", "url": "https://www.swarmapp.com"}, "suffix": "/3747038_2bsGX37w3UNZEW1So528jpGHXBC5jOr9CbME-K93IYQ.jpg", "createdAt": 1462796880, "prefix": "https://igx.4sqi.net/img/general/", "width": 1920, "height": 1440}, "createdAt": 1462796880, "todo": {"count": 0}, "agreeCount": 0, "likes": {"groups": [], "count": 0}, "id": "57308250498e379a207fae66", "text": "Beef noodles - though I feel they give lesser beef than other branches.", "disagreeCount": 0, "user": {"gender": "female", "id": "3747038", "photo": {"prefix": "https://igx.4sqi.net/img/user/", "suffix": "/3747038_reYjiJPg_hqomd7X6pB5m0Mmk55b_XoEREFsPzjEPFm2BCz--G4nwPqqNYdsbfvagQtUn-Tv-.jpg"}, "firstName": "Elise", "lastName": "\u2765"}, "canonicalUrl": "https://foursquare.com/item/57308250498e379a207fae66", "type": "user", "photourl": "https://igx.4sqi.net/img/general/original/3747038_2bsGX37w3UNZEW1So528jpGHXBC5jOr9CbME-K93IYQ.jpg"}, {"logView": true, "lang": "en", "createdAt": 1295006367, "agreeCount": 0, "likes": {"groups": [], "count": 0}, "id": "4d303a9f82fd548108ffb0a8", "text": "The glass noodle there is damm nice to eat lor!!!", "type": "user", "user": {"id": "5667063", "photo": {"prefix": "https://igx.4sqi.net/img/user/", "suffix": "/MI0DVM3ND0NRESI5.jpg"}, "firstName": "Ling", "gender": "female"}, "canonicalUrl": "https://foursquare.com/item/4d303a9f82fd548108ffb0a8", "todo": {"count": 0}, "disagreeCount": 0}, {"authorInteractionType": "disliked", "logView": true, "lang": "en", "createdAt": 1433506529, "agreeCount": 0, "likes": {"groups": [], "count": 0}, "id": "557192e1498e418cb8fa36e7", "text": "Disappointed with the chef, the phat Thai noodle was a disaster compared to other branch.", "type": "user", "user": {"gender": "male", "id": "4728408", "photo": {"prefix": "https://igx.4sqi.net/img/user/", "suffix": "/MB2KXL403VTN0ZDF.jpg"}, "firstName": "Donald", "lastName": "Kee"}, "canonicalUrl": "https://foursquare.com/item/557192e1498e418cb8fa36e7", "todo": {"count": 0}, "disagreeCount": 0}, {"logView": true, "lang": "en", "createdAt": 1305977900, "agreeCount": 0, "likes": {"groups": [], "count": 0}, "id": "4dd7a42c8877f1150fedef6f", "text": "Reasonable price:D and their sets are good:) but this season, the dessert is really tasteless...", "type": "user", "user": {"gender": "female", "id": "9457095", "photo": {"prefix": "https://igx.4sqi.net/img/user/", "suffix": "/CVCQQOUUF51FTV0B.jpg"}, "firstName": "Fiona", "lastName": "Ng"}, "canonicalUrl": "https://foursquare.com/item/4dd7a42c8877f1150fedef6f", "todo": {"count": 0}, "disagreeCount": 0}, {"logView": true, "lang": "en", "createdAt": 1267502076, "agreeCount": 0, "likes": {"groups": [], "count": 0}, "id": "4b8c8bfc70c603bbbe5d93b4", "text": "The best dish here is e Yellow Ginger chicken rice, but only for those who can really take chilli. Not for e fainted hearted!! Best to b armed w a cup of avocado milk shake!", "type": "user", "user": {"gender": "female", "id": "324866", "photo": {"prefix": "https://igx.4sqi.net/img/user/", "suffix": "/50BLUQS2Z2K2P2E5.jpg"}, "firstName": "Andrea", "lastName": "Koh"}, "canonicalUrl": "https://foursquare.com/item/4b8c8bfc70c603bbbe5d93b4", "todo": {"count": 3}, "disagreeCount": 0}, {"logView": true, "lang": "en", "createdAt": 1363866780, "agreeCount": 0, "likes": {"groups": [], "count": 0}, "id": "514af49ce4b0d9e18d34c749", "text": "Thai curry soft shell crab is yumm", "type": "user", "user": {"gender": "female", "id": "5322113", "photo": {"prefix": "https://igx.4sqi.net/img/user/", "suffix": "/X0I50JOCG5HRSDOW.jpg"}, "firstName": "Shooling", "lastName": "Leong"}, "canonicalUrl": "https://foursquare.com/item/514af49ce4b0d9e18d34c749", "todo": {"count": 1}, "disagreeCount": 0}, {"logView": true, "lang": "en", "createdAt": 1346225859, "agreeCount": 0, "likes": {"groups": [], "count": 0}, "id": "503dc6c3e4b083cd233c47e3", "text": "Yellow ginger chicken will drive your cold away", "type": "user", "user": {"gender": "male", "id": "24112980", "photo": {"prefix": "https://igx.4sqi.net/img/user/", "suffix": "/24112980-XCWYKBJESZMDI0AV.jpg"}, "firstName": "Hareesh", "lastName": "Nuthi"}, "canonicalUrl": "https://foursquare.com/item/503dc6c3e4b083cd233c47e3", "todo": {"count": 0}, "disagreeCount": 0}, {"authorInteractionType": "disliked", "logView": true, "lang": "en", "createdAt": 1359373534, "agreeCount": 0, "likes": {"groups": [], "count": 0}, "id": "510664dee4b0ad7f435e0d58", "text": "There is a second floor, the crowd is coming in, so why can't they let us have the upstairs seats instead of splitting a table for 4 up and squeezing us next to an equally bewildered couple?", "type": "user", "user": {"gender": "male", "id": "4053670", "photo": {"prefix": "https://igx.4sqi.net/img/user/", "suffix": "/UDY1DYCUX32M0RJB.jpg"}, "firstName": "Roy", "lastName": "Phang"}, "canonicalUrl": "https://foursquare.com/item/510664dee4b0ad7f435e0d58", "todo": {"count": 0}, "disagreeCount": 0}, {"logView": true, "lang": "en", "createdAt": 1369222877, "agreeCount": 0, "likes": {"groups": [], "count": 0}, "id": "519caedd498e57f2bf11deb2", "text": "Very slow to service. Food takes between 25-40mins to come when the place is packed (every night).", "type": "user", "user": {"id": "30798317", "photo": {"prefix": "https://igx.4sqi.net/img/user/", "default": true, "suffix": "/blank_girl.png"}, "firstName": "Pei wen", "gender": "female"}, "canonicalUrl": "https://foursquare.com/item/519caedd498e57f2bf11deb2", "todo": {"count": 0}, "disagreeCount": 0}, {"logView": true, "lang": "en", "createdAt": 1388132597, "agreeCount": 0, "likes": {"groups": [], "count": 0}, "id": "52bd38f5498eb557b71227d5", "text": "Yellow ginger chicken is most spicier and tasteless, avoid it .. It's like chicken in spice paste. Rather try minces chicken with basil it's the best with optimal spice level", "type": "user", "user": {"gender": "male", "id": "24112980", "photo": {"prefix": "https://igx.4sqi.net/img/user/", "suffix": "/24112980-XCWYKBJESZMDI0AV.jpg"}, "firstName": "Hareesh", "lastName": "Nuthi"}, "canonicalUrl": "https://foursquare.com/item/52bd38f5498eb557b71227d5", "todo": {"count": 0}, "disagreeCount": 0}, {"logView": true, "lang": "en", "createdAt": 1302325664, "agreeCount": 0, "likes": {"groups": [], "count": 0}, "id": "4d9fe9a06fd254815cee539b", "text": "Love their pad si yew", "type": "user", "user": {"gender": "female", "id": "1718488", "photo": {"prefix": "https://igx.4sqi.net/img/user/", "suffix": "/OGGCBIQ3GK3UNC2Y.jpg"}, "firstName": "Adeline", "lastName": "Ng"}, "canonicalUrl": "https://foursquare.com/item/4d9fe9a06fd254815cee539b", "todo": {"count": 0}, "disagreeCount": 0}, {"logView": true, "lang": "en", "createdAt": 1288267880, "agreeCount": 0, "likes": {"groups": [{"items": [], "count": 4, "type": "others"}], "summary": "4 likes", "count": 4}, "id": "4cc96868e7926dcba61e5c77", "text": "Try the Pad Thai. It's the best in town!", "type": "user", "user": {"gender": "female", "id": "3694851", "photo": {"prefix": "https://igx.4sqi.net/img/user/", "suffix": "/TO1C0322GND13Q51.jpg"}, "firstName": "Karla", "lastName": "Reynolds"}, "canonicalUrl": "https://foursquare.com/item/4cc96868e7926dcba61e5c77", "todo": {"count": 0}, "disagreeCount": 0}, {"logView": true, "lang": "en", "createdAt": 1389972615, "agreeCount": 0, "likes": {"groups": [], "count": 0}, "id": "52d94c8711d2b19e6581a066", "text": "The fried beef kway teow here has more beef than kway teow. Just some heads up.", "type": "user", "user": {"gender": "male", "id": "336101", "photo": {"prefix": "https://igx.4sqi.net/img/user/", "suffix": "/GA3B141GCWQXGHZR.jpg"}, "firstName": "Selwyn", "lastName": "Joseph"}, "canonicalUrl": "https://foursquare.com/item/52d94c8711d2b19e6581a066", "todo": {"count": 0}, "disagreeCount": 0}, {"logView": true, "lang": "en", "createdAt": 1386304043, "agreeCount": 0, "likes": {"groups": [], "count": 0}, "id": "52a1522b11d2ebe7777990cb", "text": "Jade green curry seafood with rice is nice.", "type": "user", "user": {"id": "5084611", "photo": {"prefix": "https://igx.4sqi.net/img/user/", "suffix": "/5084611-I3FC5H3OBZWBS32S.jpg"}, "firstName": "Ow Ai Khim", "gender": "female"}, "canonicalUrl": "https://foursquare.com/item/52a1522b11d2ebe7777990cb", "todo": {"count": 0}, "disagreeCount": 0}, {"logView": true, "lang": "en", "createdAt": 1329702871, "agreeCount": 0, "likes": {"groups": [], "count": 0}, "id": "4f41a7d7e4b0c868ded028f3", "text": "The specials, especially the Massaman Curry, is way too oily. Go for pad thai, that's the best bet. And oh, the Pina Colada-type drink (mocktail) is very good too.", "type": "user", "user": {"id": "1009955", "photo": {"prefix": "https://igx.4sqi.net/img/user/", "suffix": "/G0YWZYB4IJRE4GCE.jpg"}, "firstName": "Nags", "gender": "female"}, "canonicalUrl": "https://foursquare.com/item/4f41a7d7e4b0c868ded028f3", "todo": {"count": 0}, "disagreeCount": 0}, {"logView": true, "lang": "en", "createdAt": 1407671273, "agreeCount": 0, "likes": {"groups": [], "count": 0}, "id": "53e75be9498e3f1a1015078d", "text": "After mass before movie night with the champions.", "type": "user", "user": {"gender": "female", "id": "14306786", "photo": {"prefix": "https://igx.4sqi.net/img/user/", "suffix": "/14306786-QBTS4ZHT11XXRHGH.jpg"}, "firstName": "Krissel", "lastName": "Ganaban"}, "canonicalUrl": "https://foursquare.com/item/53e75be9498e3f1a1015078d", "todo": {"count": 0}, "disagreeCount": 0}], "count": 34}}}