{"meta": {"code": 200, "requestId": "595a50b7351e3d64b15ea1bf"}, "response": {"tips": {"items": [{"logView": true, "lang": "en", "createdAt": 1297492125, "agreeCount": 0, "likes": {"groups": [], "count": 0}, "id": "4d56289dc6edf04d0583cda2", "text": "Set B Roasted chx + gizzard!!!", "type": "user", "user": {"gender": "none", "id": "4129874", "photo": {"prefix": "https://igx.4sqi.net/img/user/", "suffix": "/MIHFJJ2PGBEKP4BK.jpg"}, "firstName": "Allan", "lastName": "Tan"}, "canonicalUrl": "https://foursquare.com/item/4d56289dc6edf04d0583cda2", "todo": {"count": 0}, "disagreeCount": 0}, {"logView": true, "lang": "en", "createdAt": 1264307879, "agreeCount": 0, "likes": {"groups": [], "count": 0}, "id": "4b5bcea770c603bb99b890b4", "text": "Try their chicken rice. It's nice.", "type": "user", "user": {"gender": "male", "id": "280501", "photo": {"prefix": "https://igx.4sqi.net/img/user/", "suffix": "/ZHNOCZ5Y1A1X05ZX.jpg"}, "firstName": "Janvier", "lastName": "Anonical"}, "canonicalUrl": "https://foursquare.com/item/4b5bcea770c603bb99b890b4", "todo": {"count": 0}, "disagreeCount": 0}], "count": 2}}}