{"meta": {"code": 200, "requestId": "595a49f1351e3d64b4a6b8ed"}, "response": {"tips": {"items": [{"authorInteractionType": "liked", "logView": true, "lang": "en", "createdAt": 1446515522, "agreeCount": 1, "likes": {"groups": [{"items": [{"gender": "male", "id": "231366", "photo": {"prefix": "https://igx.4sqi.net/img/user/", "suffix": "/231366-Q2ZSAEF50GYUXPDA.jpg"}, "firstName": "Cheen", "lastName": "The Curious"}], "count": 1, "type": "others"}], "summary": "1 like", "count": 1}, "id": "56381342498e3c6c88565cbe", "text": "Hidden in the heart of the estate, it's pretty hard to find. Postal code 432004, you got a GPS, right? =p", "type": "user", "user": {"gender": "female", "id": "942443", "photo": {"prefix": "https://igx.4sqi.net/img/user/", "suffix": "/ITQR3IXBDMGMIM0J.jpg"}, "firstName": "Lexelle", "lastName": "de Charmaine"}, "canonicalUrl": "https://foursquare.com/item/56381342498e3c6c88565cbe", "todo": {"count": 0}, "disagreeCount": 0}, {"logView": true, "lang": "en", "photo": {"id": "54360d13498e4fb532294479", "visibility": "public", "source": {"name": "Foursquare for iOS", "url": "https://foursquare.com/download/#/iphone"}, "suffix": "/2360745_2E3ky-9Y3a7SZk3H84On3AY7Z8xeKI8ApAU1Vro_SuU.jpg", "createdAt": 1412828435, "prefix": "https://igx.4sqi.net/img/general/", "width": 720, "height": 720}, "createdAt": 1412828433, "todo": {"count": 0}, "agreeCount": 1, "likes": {"groups": [{"items": [{"gender": "male", "id": "2832533", "photo": {"prefix": "https://igx.4sqi.net/img/user/", "suffix": "/2832533_0BdFoucg_HvaAT_EWq1SneSZFe1-CX0Bu-RFy7fzF5JtCoqU-KouZi9wMCgkkSwDIUnJ_hdYy.jpg"}, "firstName": "Nigel \u0e44\u0e19\u0e40\u0e08\u0e25", "lastName": "Choi"}], "count": 1, "type": "others"}], "summary": "1 like", "count": 1}, "id": "54360d1111d208ba42094f1f", "text": "Wanton Noodle #01-35", "disagreeCount": 0, "user": {"gender": "male", "id": "2360745", "photo": {"prefix": "https://igx.4sqi.net/img/user/", "suffix": "/OT53ORWYBQZHFZ05.jpg"}, "firstName": "David", "lastName": "Ho"}, "canonicalUrl": "https://foursquare.com/item/54360d1111d208ba42094f1f", "type": "user", "photourl": "https://igx.4sqi.net/img/general/original/2360745_2E3ky-9Y3a7SZk3H84On3AY7Z8xeKI8ApAU1Vro_SuU.jpg"}, {"authorInteractionType": "liked", "logView": true, "lang": "en", "createdAt": 1476235611, "agreeCount": 0, "likes": {"groups": [], "count": 0}, "id": "57fd915b498e326b16716c95", "text": "Stall #01-36 you will find 139 Mix rice. Variety of choices & good price. Best to come before 12noon lunch peak hour.", "type": "user", "user": {"gender": "male", "id": "2832533", "photo": {"prefix": "https://igx.4sqi.net/img/user/", "suffix": "/2832533_0BdFoucg_HvaAT_EWq1SneSZFe1-CX0Bu-RFy7fzF5JtCoqU-KouZi9wMCgkkSwDIUnJ_hdYy.jpg"}, "firstName": "Nigel \u0e44\u0e19\u0e40\u0e08\u0e25", "lastName": "Choi"}, "canonicalUrl": "https://foursquare.com/item/57fd915b498e326b16716c95", "todo": {"count": 0}, "disagreeCount": 0}, {"authorInteractionType": "liked", "logView": true, "lang": "en", "createdAt": 1378257298, "agreeCount": 3, "likes": {"groups": [{"items": [{"gender": "male", "id": "97022374", "photo": {"prefix": "https://igx.4sqi.net/img/user/", "suffix": "/97022374-G1XFXZRAHJCJRXC2.jpg"}, "firstName": "Andy", "lastName": "Eng"}, {"gender": "male", "id": "21171956", "photo": {"prefix": "https://igx.4sqi.net/img/user/", "suffix": "/21171956-0PPQFY1RDUG50WRS.jpg"}, "firstName": "Winston", "lastName": "Chin"}, {"gender": "male", "id": "4844580", "photo": {"prefix": "https://igx.4sqi.net/img/user/", "suffix": "/4844580_0wywW1qZ_igmJjKpbKQxugvC8PRu3g52wUR8BbV4F4VnaZ6YW18DKhZKb_c0uHgMLIYTu6PWx.jpg"}, "firstName": "Mark", "lastName": "\u6797\u5d0d\u8aa0"}], "count": 3, "type": "others"}], "summary": "3 likes", "count": 3}, "id": "5226899211d20e37df4631aa", "text": "Kopitiam Stall #01-26 is the best. Closed on Sunday and Sunday. Open office hour only.", "type": "user", "user": {"gender": "male", "id": "2832533", "photo": {"prefix": "https://igx.4sqi.net/img/user/", "suffix": "/2832533_0BdFoucg_HvaAT_EWq1SneSZFe1-CX0Bu-RFy7fzF5JtCoqU-KouZi9wMCgkkSwDIUnJ_hdYy.jpg"}, "firstName": "Nigel \u0e44\u0e19\u0e40\u0e08\u0e25", "lastName": "Choi"}, "canonicalUrl": "https://foursquare.com/item/5226899211d20e37df4631aa", "todo": {"count": 0}, "disagreeCount": 0}, {"logView": true, "lang": "en", "photo": {"id": "540a89dc498ea6eba9ea0bc7", "visibility": "public", "source": {"name": "Foursquare for Android", "url": "https://foursquare.com/download/#/android"}, "suffix": "/27356332_1rsfLNbonLZ8QcTs3WNamnGyJO3HY2UpRnxKil0Z-r0.jpg", "createdAt": 1409976796, "prefix": "https://igx.4sqi.net/img/general/", "width": 4160, "height": 3120}, "createdAt": 1409976788, "todo": {"count": 0}, "agreeCount": 0, "likes": {"groups": [], "count": 0}, "id": "540a89d4498e02641be85574", "text": "Trying out the famous Tanjong Rhu wanton noodle.", "disagreeCount": 0, "user": {"gender": "male", "id": "27356332", "photo": {"prefix": "https://igx.4sqi.net/img/user/", "suffix": "/UGOKLXQPNLTKXYKC.jpg"}, "firstName": "Sebastian", "lastName": "Lim"}, "canonicalUrl": "https://foursquare.com/item/540a89d4498e02641be85574", "type": "user", "photourl": "https://igx.4sqi.net/img/general/original/27356332_1rsfLNbonLZ8QcTs3WNamnGyJO3HY2UpRnxKil0Z-r0.jpg"}, {"logView": true, "lang": "en", "createdAt": 1343266799, "agreeCount": 1, "likes": {"groups": [{"items": [{"gender": "male", "id": "31015629", "photo": {"prefix": "https://igx.4sqi.net/img/user/", "suffix": "/RWQE03EI3ZB2JGS5.jpg"}, "firstName": "Mseek", "lastName": "Mobi"}], "count": 1, "type": "others"}], "summary": "1 like", "count": 1}, "id": "50109fefe4b034c3de894c3f", "text": "Cheap thrill, 60 cents coffee !  Try it, its good.", "type": "user", "user": {"gender": "male", "id": "31015629", "photo": {"prefix": "https://igx.4sqi.net/img/user/", "suffix": "/RWQE03EI3ZB2JGS5.jpg"}, "firstName": "Mseek", "lastName": "Mobi"}, "canonicalUrl": "https://foursquare.com/item/50109fefe4b034c3de894c3f", "todo": {"count": 0}, "disagreeCount": 0}, {"authorInteractionType": "liked", "logView": true, "lang": "en", "photo": {"id": "593fd6b40ff4f9272a980600", "visibility": "public", "source": {"name": "Foursquare for iOS", "url": "https://foursquare.com/download/#/iphone"}, "suffix": "/370870110_UoD9jw1ili-BilQF5Ta9nMYpjC-hvpm0rp0jmIAhY14.jpg", "createdAt": 1497355956, "prefix": "https://igx.4sqi.net/img/general/", "width": 1920, "height": 1440}, "createdAt": 1497355949, "todo": {"count": 0}, "agreeCount": 0, "likes": {"groups": [], "count": 0}, "id": "593fd6ade4c4594a0a1ec090", "text": "Yummy \ud83d\ude0b and Affordable ZhiCha", "disagreeCount": 0, "user": {"gender": "female", "id": "370870110", "photo": {"prefix": "https://igx.4sqi.net/img/user/", "suffix": "/370870110_2tOzCYV4_99cKX7L5D6B-epIKFl0Bqjw7rSmVDWicp5-OUsamC2sutSNHBQZBol8WvjrdvC3R.jpg"}, "firstName": "Diana", "lastName": "Low"}, "canonicalUrl": "https://foursquare.com/item/593fd6ade4c4594a0a1ec090", "type": "user", "photourl": "https://igx.4sqi.net/img/general/original/370870110_UoD9jw1ili-BilQF5Ta9nMYpjC-hvpm0rp0jmIAhY14.jpg"}, {"logView": true, "lang": "en", "createdAt": 1290249462, "agreeCount": 0, "likes": {"groups": [], "count": 0}, "id": "4ce7a4f6b9975481249bf744", "text": "Chuan Kee Cooked Food !!!! Must have !!!", "type": "user", "user": {"id": "3166381", "photo": {"prefix": "https://igx.4sqi.net/img/user/", "suffix": "/HXSGSQ5R0R2GVGXQ.jpg"}, "firstName": "Andy Fong", "gender": "male"}, "canonicalUrl": "https://foursquare.com/item/4ce7a4f6b9975481249bf744", "todo": {"count": 0}, "disagreeCount": 0}, {"logView": true, "lang": "en", "createdAt": 1374297858, "agreeCount": 2, "likes": {"groups": [{"items": [{"gender": "female", "id": "114097233", "photo": {"prefix": "https://igx.4sqi.net/img/user/", "suffix": "/114097233-JURGDLU0TBPN513J.jpg"}, "firstName": "Julia", "lastName": "Janelle"}, {"gender": "male", "id": "1051066", "photo": {"prefix": "https://igx.4sqi.net/img/user/", "suffix": "/TCXJCMFBQS3CJP0N.jpg"}, "firstName": "Kenn", "lastName": "Tan"}], "count": 2, "type": "others"}], "summary": "2 likes", "count": 2}, "id": "51ea1f02498e9c131993ebb4", "text": "Try the Kim kee wantan mee", "type": "user", "user": {"gender": "male", "id": "4463726", "photo": {"prefix": "https://igx.4sqi.net/img/user/", "suffix": "/GLICL3YYXMAO0EPM.jpg"}, "firstName": "Vincent", "lastName": "Tan"}, "canonicalUrl": "https://foursquare.com/item/51ea1f02498e9c131993ebb4", "todo": {"count": 0}, "disagreeCount": 0}, {"logView": true, "lang": "en", "createdAt": 1422469223, "agreeCount": 1, "likes": {"groups": [{"items": [{"gender": "male", "id": "231366", "photo": {"prefix": "https://igx.4sqi.net/img/user/", "suffix": "/231366-Q2ZSAEF50GYUXPDA.jpg"}, "firstName": "Cheen", "lastName": "The Curious"}], "count": 1, "type": "others"}], "summary": "1 like", "count": 1}, "id": "54c92867498e33f67c7a1093", "text": "Spotted another popular stall here --> \u738b\u8001\u4e94 Chicken Rice stall (previously at Kallang Leisure Park basement).", "type": "user", "user": {"gender": "female", "id": "6306884", "photo": {"prefix": "https://igx.4sqi.net/img/user/", "suffix": "/6306884-L21LWV3MMZFIVU5F"}, "firstName": "Jess", "lastName": "Thia"}, "canonicalUrl": "https://foursquare.com/item/54c92867498e33f67c7a1093", "todo": {"count": 0}, "disagreeCount": 0}, {"logView": true, "lang": "en", "createdAt": 1345115572, "agreeCount": 0, "likes": {"groups": [], "count": 0}, "id": "502cd5b4e4b047efec2b43a1", "text": "Ipoh horfun is ok but check dumplings to make sure they r cooked.", "type": "user", "user": {"gender": "female", "id": "849606", "photo": {"prefix": "https://igx.4sqi.net/img/user/", "suffix": "/AXSVSRVWMFBOVQTL.jpg"}, "firstName": "J", "lastName": "Teo"}, "canonicalUrl": "https://foursquare.com/item/502cd5b4e4b047efec2b43a1", "todo": {"count": 0}, "disagreeCount": 0}, {"authorInteractionType": "liked", "logView": true, "lang": "en", "createdAt": 1365555754, "agreeCount": 1, "likes": {"groups": [{"items": [{"gender": "male", "id": "231366", "photo": {"prefix": "https://igx.4sqi.net/img/user/", "suffix": "/231366-Q2ZSAEF50GYUXPDA.jpg"}, "firstName": "Cheen", "lastName": "The Curious"}], "count": 1, "type": "others"}], "summary": "1 like", "count": 1}, "id": "5164ba2ae4b0764fd4d72bec", "text": "Looking best in class beverage, roti bakar, half boiled egg . Stall #01-26", "type": "user", "user": {"gender": "male", "id": "2832533", "photo": {"prefix": "https://igx.4sqi.net/img/user/", "suffix": "/2832533_0BdFoucg_HvaAT_EWq1SneSZFe1-CX0Bu-RFy7fzF5JtCoqU-KouZi9wMCgkkSwDIUnJ_hdYy.jpg"}, "firstName": "Nigel \u0e44\u0e19\u0e40\u0e08\u0e25", "lastName": "Choi"}, "canonicalUrl": "https://foursquare.com/item/5164ba2ae4b0764fd4d72bec", "todo": {"count": 0}, "disagreeCount": 0}, {"logView": true, "lang": "en", "createdAt": 1288179185, "agreeCount": 0, "likes": {"groups": [], "count": 0}, "id": "4cc80df10fa2721e697c61b1", "text": "Western food is nice but has a looong queue", "type": "user", "user": {"gender": "female", "id": "3299534", "photo": {"prefix": "https://igx.4sqi.net/img/user/", "suffix": "/N55U1UOJRHRCM13I.jpg"}, "firstName": "Amanda", "lastName": "Tan"}, "canonicalUrl": "https://foursquare.com/item/4cc80df10fa2721e697c61b1", "todo": {"count": 0}, "disagreeCount": 0}, {"logView": true, "lang": "en", "createdAt": 1422469192, "agreeCount": 0, "likes": {"groups": [], "count": 0}, "id": "54c92848498ecae9ac66a15e", "text": "Not much weekdays lunch crowd, strong wind from low ceiling fans, decent choices of local food & variety of toast for kopi break.", "type": "user", "user": {"gender": "female", "id": "6306884", "photo": {"prefix": "https://igx.4sqi.net/img/user/", "suffix": "/6306884-L21LWV3MMZFIVU5F"}, "firstName": "Jess", "lastName": "Thia"}, "canonicalUrl": "https://foursquare.com/item/54c92848498ecae9ac66a15e", "todo": {"count": 0}, "disagreeCount": 0}, {"logView": true, "lang": "en", "createdAt": 1341553356, "agreeCount": 0, "likes": {"groups": [], "count": 0}, "id": "4ff67acce4b04619c70c70c6", "text": "The Tg Rhu famous wan tan noodle stall move here #01-18 By 130 pm they sold out already", "type": "user", "user": {"gender": "male", "id": "2127222", "photo": {"prefix": "https://igx.4sqi.net/img/user/", "suffix": "/2127222-L1JAGRK31NZAAHRT.jpg"}, "firstName": "Henry", "lastName": "Yeo"}, "canonicalUrl": "https://foursquare.com/item/4ff67acce4b04619c70c70c6", "todo": {"count": 1}, "disagreeCount": 0}, {"logView": true, "lang": "en", "createdAt": 1401347456, "agreeCount": 0, "likes": {"groups": [], "count": 0}, "id": "5386dd80498eb5407463796d", "text": "Tanjong Rhu Pao...best in the world!", "type": "user", "user": {"gender": "male", "id": "2360745", "photo": {"prefix": "https://igx.4sqi.net/img/user/", "suffix": "/OT53ORWYBQZHFZ05.jpg"}, "firstName": "David", "lastName": "Ho"}, "canonicalUrl": "https://foursquare.com/item/5386dd80498eb5407463796d", "todo": {"count": 0}, "disagreeCount": 0}, {"logView": true, "lang": "en", "createdAt": 1444711998, "agreeCount": 1, "likes": {"groups": [{"items": [{"gender": "male", "id": "231366", "photo": {"prefix": "https://igx.4sqi.net/img/user/", "suffix": "/231366-Q2ZSAEF50GYUXPDA.jpg"}, "firstName": "Cheen", "lastName": "The Curious"}], "count": 1, "type": "others"}], "summary": "1 like", "count": 1}, "id": "561c8e3e498e81e9e2827218", "text": "Wanton Mee: Between Kim Kee and Tanjong Rhu Wanton Mee, my vote goes to Kim Kee. The springy noodles, ketchup sauce and soup are their winning points.", "type": "user", "user": {"id": "2416267", "photo": {"prefix": "https://igx.4sqi.net/img/user/", "suffix": "/2416267_KucjsQEM_ScdU_2QSQAUHuzKmBVwkJjI1N_g1HGztwHiU1HR99IuZBaOJaUm2PG-HS1b9ZtFJ.jpg"}, "firstName": "Songhua", "gender": "male"}, "canonicalUrl": "https://foursquare.com/item/561c8e3e498e81e9e2827218", "todo": {"count": 0}, "disagreeCount": 0}, {"logView": true, "lang": "en", "createdAt": 1298180024, "agreeCount": 3, "likes": {"groups": [{"items": [{"gender": "male", "id": "4844580", "photo": {"prefix": "https://igx.4sqi.net/img/user/", "suffix": "/4844580_0wywW1qZ_igmJjKpbKQxugvC8PRu3g52wUR8BbV4F4VnaZ6YW18DKhZKb_c0uHgMLIYTu6PWx.jpg"}, "firstName": "Mark", "lastName": "\u6797\u5d0d\u8aa0"}, {"gender": "male", "id": "231366", "photo": {"prefix": "https://igx.4sqi.net/img/user/", "suffix": "/231366-Q2ZSAEF50GYUXPDA.jpg"}, "firstName": "Cheen", "lastName": "The Curious"}], "count": 2, "type": "others"}], "summary": "2 likes", "count": 2}, "id": "4d60a7b8922960fcb579728b", "text": "Pork porride with egg or century egg. one of the oldest stall in that market.", "type": "user", "user": {"gender": "male", "id": "6426571", "photo": {"prefix": "https://igx.4sqi.net/img/user/", "suffix": "/JBJPQWCN2ZZAMV1Q.jpg"}, "firstName": "YC", "lastName": "Ngor"}, "canonicalUrl": "https://foursquare.com/item/4d60a7b8922960fcb579728b", "todo": {"count": 0}, "disagreeCount": 0}, {"logView": true, "lang": "en", "photo": {"id": "59433fcfc62b49552e8ee173", "visibility": "public", "source": {"name": "Foursquare for iOS", "url": "https://foursquare.com/download/#/iphone"}, "suffix": "/42742205_Ii0n-deJSVaYt7Hhi3XutvuOVHnd10V1Y4CPiK0QJHI.jpg", "createdAt": 1497579471, "prefix": "https://igx.4sqi.net/img/general/", "width": 1440, "height": 1920}, "createdAt": 1497579468, "todo": {"count": 0}, "agreeCount": 0, "likes": {"groups": [], "count": 0}, "id": "59433fcc5455b2504e87be7b", "text": "Kim Kee #1-18 Overall good, but portion is .......\ud83d\udc4e\ud83c\udffd $4 portion", "disagreeCount": 0, "user": {"gender": "male", "id": "42742205", "photo": {"prefix": "https://igx.4sqi.net/img/user/", "suffix": "/2SH1TJUSFTKZ5KPA.jpg"}, "firstName": "James", "lastName": "Quaky"}, "canonicalUrl": "https://foursquare.com/item/59433fcc5455b2504e87be7b", "type": "user", "photourl": "https://igx.4sqi.net/img/general/original/42742205_Ii0n-deJSVaYt7Hhi3XutvuOVHnd10V1Y4CPiK0QJHI.jpg"}, {"authorInteractionType": "liked", "logView": true, "lang": "en", "createdAt": 1414815877, "agreeCount": 0, "likes": {"groups": [], "count": 0}, "id": "54546085498ec67e8eb037dc", "text": "The economical mix veg rice is tasty.", "type": "user", "user": {"gender": "male", "id": "167365", "photo": {"prefix": "https://igx.4sqi.net/img/user/", "suffix": "/167365-RP1RIFTR4AEFJ4CD.jpg"}, "firstName": "steve", "lastName": "lim"}, "canonicalUrl": "https://foursquare.com/item/54546085498ec67e8eb037dc", "todo": {"count": 0}, "disagreeCount": 0}, {"logView": true, "lang": "en", "createdAt": 1374883105, "agreeCount": 2, "likes": {"groups": [{"items": [{"gender": "male", "id": "21418088", "photo": {"prefix": "https://igx.4sqi.net/img/user/", "suffix": "/IRDXS3K2SKGLNN0I.jpg"}, "firstName": "Kevin", "lastName": "Lam"}, {"gender": "female", "id": "1272497", "photo": {"prefix": "https://igx.4sqi.net/img/user/", "suffix": "/2NYYBD2A3WFWLLMK.jpg"}, "firstName": "Javier Yong-En", "lastName": "Li"}], "count": 2, "type": "others"}], "summary": "2 likes", "count": 2}, "id": "51f30d21498e648df0c01e51", "text": "Wantan mee: Tried both A #01-18 & B #01-35 (both claim same famous Blk 7 pedigree). Both equally tasty silky wantans (dumplings). A sweeter, B saltier. A's charsiew slices thin, B's dry. Order both!", "type": "user", "user": {"gender": "male", "id": "231366", "photo": {"prefix": "https://igx.4sqi.net/img/user/", "suffix": "/231366-Q2ZSAEF50GYUXPDA.jpg"}, "firstName": "Cheen", "lastName": "The Curious"}, "canonicalUrl": "https://foursquare.com/item/51f30d21498e648df0c01e51", "todo": {"count": 0}, "disagreeCount": 0}, {"logView": true, "lang": "en", "createdAt": 1374464055, "agreeCount": 1, "likes": {"groups": [{"items": [{"gender": "male", "id": "231366", "photo": {"prefix": "https://igx.4sqi.net/img/user/", "suffix": "/231366-Q2ZSAEF50GYUXPDA.jpg"}, "firstName": "Cheen", "lastName": "The Curious"}], "count": 1, "type": "others"}], "summary": "1 like", "count": 1}, "id": "51eca837498e411e497f556b", "text": "There's a bigger car park at Kampung Kayu.", "type": "user", "user": {"gender": "male", "id": "106359", "photo": {"prefix": "https://igx.4sqi.net/img/user/", "suffix": "/F0D0CJBDGF05CCUL.jpg"}, "firstName": "Jimmy", "lastName": "Liew"}, "canonicalUrl": "https://foursquare.com/item/51eca837498e411e497f556b", "todo": {"count": 0}, "disagreeCount": 0}, {"logView": true, "lang": "en", "createdAt": 1373964992, "agreeCount": 0, "likes": {"groups": [], "count": 0}, "id": "51e50ac0498e559711ec21cc", "text": "Chicken rice is good especially the soup", "type": "user", "user": {"gender": "male", "id": "39824891", "photo": {"prefix": "https://igx.4sqi.net/img/user/", "suffix": "/4WRGR3RHXP33C4NU.jpg"}, "firstName": "Simon", "lastName": "Owner"}, "canonicalUrl": "https://foursquare.com/item/51e50ac0498e559711ec21cc", "todo": {"count": 0}, "disagreeCount": 0}, {"logView": true, "lang": "en", "createdAt": 1356157128, "agreeCount": 0, "likes": {"groups": [], "count": 0}, "id": "50d550c8e4b0e25331944c34", "text": "Lao Di Fang Ban Mian ! Must eat !", "type": "user", "user": {"gender": "male", "id": "4463726", "photo": {"prefix": "https://igx.4sqi.net/img/user/", "suffix": "/GLICL3YYXMAO0EPM.jpg"}, "firstName": "Vincent", "lastName": "Tan"}, "canonicalUrl": "https://foursquare.com/item/50d550c8e4b0e25331944c34", "todo": {"count": 0}, "disagreeCount": 0}, {"logView": true, "lang": "en", "createdAt": 1463272603, "agreeCount": 1, "likes": {"groups": [], "count": 0}, "id": "5737c49b498ea890f985c3e5", "text": "We enjoyed the fact that the butter is cold, in the kaya toast served by 133 Traditional Coffee & Toast (#01-33). Melts in mouth!", "type": "user", "user": {"gender": "male", "id": "231366", "photo": {"prefix": "https://igx.4sqi.net/img/user/", "suffix": "/231366-Q2ZSAEF50GYUXPDA.jpg"}, "firstName": "Cheen", "lastName": "The Curious"}, "canonicalUrl": "https://foursquare.com/item/5737c49b498ea890f985c3e5", "todo": {"count": 1}, "disagreeCount": 0}, {"logView": true, "lang": "en", "createdAt": 1293963151, "agreeCount": 0, "likes": {"groups": [], "count": 0}, "id": "4d204f8f6e8c3704774ff89f", "text": "Guys, do try out the zhi char (Hock Nguan Kee), the food is nice and the portion quite a lot. Cheers", "type": "user", "user": {"gender": "male", "id": "4273288", "photo": {"prefix": "https://igx.4sqi.net/img/user/", "suffix": "/5ZDUHKG1BDDHMFIW.jpg"}, "firstName": "Kenneth", "lastName": "Fang"}, "canonicalUrl": "https://foursquare.com/item/4d204f8f6e8c3704774ff89f", "todo": {"count": 0}, "disagreeCount": 0}, {"authorInteractionType": "meh", "logView": true, "lang": "id", "createdAt": 1386216705, "agreeCount": 0, "likes": {"groups": [], "count": 0}, "id": "529ffd01498e59e5aae2e622", "text": "Nasi Ayam Goreng!", "type": "user", "user": {"gender": "male", "id": "142862", "photo": {"prefix": "https://igx.4sqi.net/img/user/", "suffix": "/VWURN0NUKG2UFEJV.jpg"}, "firstName": "John", "lastName": "Choo"}, "canonicalUrl": "https://foursquare.com/item/529ffd01498e59e5aae2e622", "todo": {"count": 0}, "disagreeCount": 0}, {"logView": true, "lang": "en", "createdAt": 1297506879, "agreeCount": 0, "likes": {"groups": [], "count": 0}, "id": "4d56623f611aa35db6564039", "text": "You must try the duck . Hong Kee    No 01 - 48", "type": "user", "user": {"gender": "male", "id": "6739504", "photo": {"prefix": "https://igx.4sqi.net/img/user/", "suffix": "/OJGTGIJNLQ4QRS0T.jpg"}, "firstName": "David", "lastName": "Chen"}, "canonicalUrl": "https://foursquare.com/item/4d56623f611aa35db6564039", "todo": {"count": 0}, "disagreeCount": 0}, {"logView": true, "lang": "en", "photo": {"id": "58b23e4dfef5fa7793501c52", "visibility": "public", "source": {"name": "Foursquare for iOS", "url": "https://foursquare.com/download/#/iphone"}, "suffix": "/231366_6eKHuYJ6JlSYF48nv5X73btUNXgJL5Pty4qB9YfN4dI.jpg", "createdAt": 1488076365, "prefix": "https://igx.4sqi.net/img/general/", "width": 1920, "height": 1440}, "createdAt": 1488076695, "todo": {"count": 0}, "agreeCount": 0, "likes": {"groups": [], "count": 0}, "id": "58b23f9792789f2d0215cfd7", "text": "Prata. The default curry from Al-Mahayas 01-13 is thick & full of flavours. Really made the roti enjoyable to eat", "disagreeCount": 0, "user": {"gender": "male", "id": "231366", "photo": {"prefix": "https://igx.4sqi.net/img/user/", "suffix": "/231366-Q2ZSAEF50GYUXPDA.jpg"}, "firstName": "Cheen", "lastName": "The Curious"}, "canonicalUrl": "https://foursquare.com/item/58b23f9792789f2d0215cfd7", "type": "user", "photourl": "https://igx.4sqi.net/img/general/original/231366_6eKHuYJ6JlSYF48nv5X73btUNXgJL5Pty4qB9YfN4dI.jpg"}, {"logView": true, "lang": "en", "createdAt": 1284859943, "agreeCount": 2, "likes": {"groups": [{"items": [{"id": "7081489", "photo": {"prefix": "https://irs0.4sqi.net/img/user/", "suffix": "/HL1NQD40DZWAO4LT.jpg"}, "firstName": "Wei", "gender": "male"}, {"gender": "male", "id": "7615611", "photo": {"prefix": "https://igx.4sqi.net/img/user/", "suffix": "/7615611-3ZORLETXCE2FCUFV.jpg"}, "firstName": "Tan", "lastName": "Feng hui"}], "count": 2, "type": "others"}], "summary": "2 likes", "count": 2}, "id": "4c956827f244b1f7f2bc2b1d", "text": "Lor mee and laksa really CANNOT make it", "type": "user", "user": {"gender": "male", "id": "3237591", "photo": {"prefix": "https://igx.4sqi.net/img/user/", "suffix": "/1FPZIYPYMLVCV3HL.jpg"}, "firstName": "Eng Boon", "lastName": "Tan"}, "canonicalUrl": "https://foursquare.com/item/4c956827f244b1f7f2bc2b1d", "todo": {"count": 0}, "disagreeCount": 0}, {"authorInteractionType": "liked", "logView": true, "lang": "en", "photo": {"id": "5546cb08498eb6ef2fc4ff6c", "visibility": "public", "source": {"name": "Foursquare for Android", "url": "https://foursquare.com/download/#/android"}, "suffix": "/114097233_WlGSUuvvpRWcsQN9oX909v8S5Eas5KlgnWJi3GBmz8M.jpg", "createdAt": 1430702856, "prefix": "https://igx.4sqi.net/img/general/", "width": 960, "height": 720}, "createdAt": 1430702855, "todo": {"count": 0}, "agreeCount": 1, "likes": {"groups": [{"items": [{"gender": "female", "id": "114097233", "photo": {"prefix": "https://igx.4sqi.net/img/user/", "suffix": "/114097233-JURGDLU0TBPN513J.jpg"}, "firstName": "Julia", "lastName": "Janelle"}], "count": 1, "type": "others"}], "summary": "1 like", "count": 1}, "id": "5546cb07498e8aee2c80b059", "text": "My favourite is Kim Kee  ( coffeeshop) #01-18 wanton mee.", "disagreeCount": 0, "user": {"gender": "female", "id": "114097233", "photo": {"prefix": "https://igx.4sqi.net/img/user/", "suffix": "/114097233-JURGDLU0TBPN513J.jpg"}, "firstName": "Julia", "lastName": "Janelle"}, "canonicalUrl": "https://foursquare.com/item/5546cb07498e8aee2c80b059", "type": "user", "photourl": "https://igx.4sqi.net/img/general/original/114097233_WlGSUuvvpRWcsQN9oX909v8S5Eas5KlgnWJi3GBmz8M.jpg"}, {"authorInteractionType": "liked", "logView": true, "lang": "en", "createdAt": 1413780872, "agreeCount": 2, "likes": {"groups": [{"items": [{"gender": "male", "id": "94084918", "photo": {"prefix": "https://igx.4sqi.net/img/user/", "suffix": "/94084918-2NIHJ5AR1BBXSKLY.jpg"}, "firstName": "Gan", "lastName": "Lee"}, {"gender": "female", "id": "4446395", "photo": {"prefix": "https://igx.4sqi.net/img/user/", "suffix": "/L1WD4I0JJJ45AYWH.jpg"}, "firstName": "Selene", "lastName": "Goh"}], "count": 2, "type": "others"}], "summary": "2 likes", "count": 2}, "id": "54449588498ef83aba0ba6e0", "text": "I personally prefer #01-18  wanton for the al dente noodle and the spicy and flavourful chill. Highly recommended. Of course, if queuing is not your preference , I guess #01-35 is a good alternative.", "type": "user", "user": {"gender": "male", "id": "17976046", "photo": {"prefix": "https://igx.4sqi.net/img/user/", "suffix": "/FHQC3QHE4UPYYM0T.jpg"}, "firstName": "Joseph", "lastName": "WT"}, "canonicalUrl": "https://foursquare.com/item/54449588498ef83aba0ba6e0", "todo": {"count": 0}, "disagreeCount": 0}, {"logView": true, "lang": "en", "photo": {"id": "54c9297a11d21aa035a089de", "visibility": "public", "source": {"name": "Foursquare Web", "url": "https://foursquare.com"}, "suffix": "/6306884_YOv75eEMfdHdWvC1zobfm2O49UbpyegtHpk1QtnRbwE.jpg", "createdAt": 1422469498, "prefix": "https://igx.4sqi.net/img/general/", "width": 629, "height": 500}, "createdAt": 1422469496, "todo": {"count": 0}, "agreeCount": 2, "likes": {"groups": [{"items": [{"gender": "female", "id": "114097233", "photo": {"prefix": "https://igx.4sqi.net/img/user/", "suffix": "/114097233-JURGDLU0TBPN513J.jpg"}, "firstName": "Julia", "lastName": "Janelle"}], "count": 2, "type": "others"}], "summary": "2 likes", "count": 2}, "id": "54c92978498e810febc59a37", "text": "Kim Kee (Coffee Shop) Tanjong Rhu Wanton Mee @ #01-18: The only stall that has got queue during weekday lunch, delicious meaty wanton & soup, but noodle with ketchup+chilli sauce tasted so-so.", "disagreeCount": 0, "user": {"gender": "female", "id": "6306884", "photo": {"prefix": "https://igx.4sqi.net/img/user/", "suffix": "/6306884-L21LWV3MMZFIVU5F"}, "firstName": "Jess", "lastName": "Thia"}, "canonicalUrl": "https://foursquare.com/item/54c92978498e810febc59a37", "type": "user", "photourl": "https://igx.4sqi.net/img/general/original/6306884_YOv75eEMfdHdWvC1zobfm2O49UbpyegtHpk1QtnRbwE.jpg"}, {"logView": true, "lang": "en", "createdAt": 1290401997, "agreeCount": 0, "likes": {"groups": [], "count": 0}, "id": "4ce9f8cdf1c6236a097868f0", "text": "The mei hua yuan fishball noodle is nice, once try will come back again! \ue00e", "type": "user", "user": {"gender": "female", "id": "4630829", "photo": {"prefix": "https://igx.4sqi.net/img/user/", "suffix": "/VCMMRJKUZAQCUG5W.jpg"}, "firstName": "Keri", "lastName": "T"}, "canonicalUrl": "https://foursquare.com/item/4ce9f8cdf1c6236a097868f0", "todo": {"count": 0}, "disagreeCount": 0}, {"logView": true, "lang": "en", "createdAt": 1469878366, "agreeCount": 0, "likes": {"groups": [], "count": 0}, "id": "579c905e498e1106e57677ad", "text": "Only few stalls open till dinner time.", "type": "user", "user": {"gender": "male", "id": "2089973", "photo": {"prefix": "https://igx.4sqi.net/img/user/", "suffix": "/2089973-ZDM2S44LSB2CSRC0.jpg"}, "firstName": "Bhan", "lastName": "Lam"}, "canonicalUrl": "https://foursquare.com/item/579c905e498e1106e57677ad", "todo": {"count": 0}, "disagreeCount": 0}, {"logView": true, "lang": "en", "createdAt": 1275222549, "agreeCount": 0, "likes": {"groups": [], "count": 0}, "id": "4c025a1570c603bbf29c9db4", "text": "The queue is equally long too but staffs are friendly :)", "type": "user", "user": {"gender": "female", "id": "1336356", "photo": {"prefix": "https://igx.4sqi.net/img/user/", "suffix": "/EIOF4TKGDH5AMV43.jpg"}, "firstName": "Jan", "lastName": "Jan"}, "canonicalUrl": "https://foursquare.com/item/4c025a1570c603bbf29c9db4", "todo": {"count": 0}, "disagreeCount": 0}], "count": 36}}}