{"meta": {"code": 200, "requestId": "595a56194434b96be5e8f2c0"}, "response": {"tips": {"items": [{"logView": true, "lang": "en", "createdAt": 1288183437, "agreeCount": 0, "likes": {"groups": [], "count": 0}, "id": "4cc81e8dee718cfa72f0b53d", "text": "Must try the bonchon chicken whenever u are at ion orchard!!!", "type": "user", "user": {"id": "1113678", "photo": {"prefix": "https://igx.4sqi.net/img/user/", "suffix": "/JJSMYMB2X2SHYHYN.jpg"}, "firstName": "iamALLENation", "gender": "male"}, "canonicalUrl": "https://foursquare.com/item/4cc81e8dee718cfa72f0b53d", "todo": {"count": 0}, "disagreeCount": 0}, {"authorInteractionType": "meh", "logView": true, "lang": "en", "createdAt": 1418521471, "agreeCount": 1, "likes": {"groups": [{"items": [{"id": "30562435", "photo": {"prefix": "https://igx.4sqi.net/img/user/", "suffix": "/30562435_hUw1KD7B_ShBcKe1imgkwRIttRjSGO9rGggBEWarx0l83VA3x8LWxHTxNyKMDTzJOlCFgvJC1.jpg"}, "firstName": "minzyiii", "gender": "female"}], "count": 1, "type": "others"}], "summary": "1 like", "count": 1}, "id": "548ceb7f498e6e6e1c79cd42", "text": "'twas my 1st time, i kinda liked the saltiness on my first bite but found myself dissapointed finding that same taste on the other pieces, quite inconsistent. I ordered drumstick and wings soy garlic", "type": "user", "user": {"gender": "female", "id": "24173228", "photo": {"prefix": "https://igx.4sqi.net/img/user/", "suffix": "/24173228-PG3SLRTMTHD01TPS.jpg"}, "firstName": "Aura", "lastName": "Alturas"}, "canonicalUrl": "https://foursquare.com/item/548ceb7f498e6e6e1c79cd42", "todo": {"count": 0}, "disagreeCount": 0}, {"logView": true, "lang": "en", "createdAt": 1295520971, "agreeCount": 1, "likes": {"groups": [{"items": [{"gender": "male", "id": "492711", "photo": {"prefix": "https://igx.4sqi.net/img/user/", "suffix": "/492711-C0OD0CKUYOV20FCS.jpg"}, "firstName": "Nicholas", "lastName": "Tay"}], "count": 1, "type": "others"}], "summary": "1 like", "count": 1}, "id": "4d3814cb6eef5481c9303d48", "text": "Indeed the best Soy-Garlic Chix Chop anywhere!", "type": "user", "user": {"gender": "male", "id": "4473708", "photo": {"prefix": "https://igx.4sqi.net/img/user/", "suffix": "/4473708_ElbwsJxe_c2sRYJIGIrIuxl4vrXViMYhnZIOj5S9lo0ATYb-Y835pTp7Hvla5QuI70o5wk6FF.jpg"}, "firstName": "Francis Jay (Bro)", "lastName": "Andaya"}, "canonicalUrl": "https://foursquare.com/item/4d3814cb6eef5481c9303d48", "todo": {"count": 0}, "disagreeCount": 0}, {"logView": true, "lang": "en", "createdAt": 1335607296, "agreeCount": 0, "likes": {"groups": [], "count": 0}, "id": "4f9bc000e4b060642f08fcaf", "text": "Didn't know the wraps were cold:(", "type": "user", "user": {"gender": "male", "id": "905675", "photo": {"prefix": "https://igx.4sqi.net/img/user/", "suffix": "/HVZNUGEKXPSJOQGU.jpg"}, "firstName": "Lars", "lastName": "Voedisch"}, "canonicalUrl": "https://foursquare.com/item/4f9bc000e4b060642f08fcaf", "todo": {"count": 0}, "disagreeCount": 0}, {"authorInteractionType": "meh", "logView": true, "lang": "en", "photo": {"id": "54c8ea07498eeb8791ee97a3", "visibility": "public", "source": {"name": "Foursquare for iOS", "url": "https://foursquare.com/download/#/iphone"}, "suffix": "/2727678_6KBNhaAo-YmNvz4EaW8nQZfr-yAqSIkhx5VxGPJRGTA.jpg", "createdAt": 1422453255, "prefix": "https://igx.4sqi.net/img/general/", "width": 1440, "height": 1440}, "createdAt": 1422453251, "todo": {"count": 0}, "agreeCount": 1, "likes": {"groups": [{"items": [{"id": "30562435", "photo": {"prefix": "https://igx.4sqi.net/img/user/", "suffix": "/30562435_hUw1KD7B_ShBcKe1imgkwRIttRjSGO9rGggBEWarx0l83VA3x8LWxHTxNyKMDTzJOlCFgvJC1.jpg"}, "firstName": "minzyiii", "gender": "female"}], "count": 1, "type": "others"}], "summary": "1 like", "count": 1}, "id": "54c8ea03498e64b8ce1fbd9e", "text": "The place needs to improve on cleanliness. The chicken were really crispy but also very concentrated as well. Felt the msg      Prefer BonChon more.", "disagreeCount": 0, "user": {"gender": "female", "id": "2727678", "photo": {"prefix": "https://igx.4sqi.net/img/user/", "suffix": "/VRSHN5BQKQ2A0AOA.jpg"}, "firstName": "Methiya", "lastName": "F."}, "canonicalUrl": "https://foursquare.com/item/54c8ea03498e64b8ce1fbd9e", "type": "user", "photourl": "https://igx.4sqi.net/img/general/original/2727678_6KBNhaAo-YmNvz4EaW8nQZfr-yAqSIkhx5VxGPJRGTA.jpg"}, {"logView": true, "lang": "en", "createdAt": 1275661419, "agreeCount": 0, "likes": {"groups": [{"items": [], "count": 5, "type": "others"}], "summary": "5 likes", "count": 5}, "id": "4c090c6ba1b32d7f7cef96f0", "text": "Unique taste not enuff to save overall dining experience. Seats are made for midgets & extremely uncomfortable. Slow service makes waiting worse. Katsu chicken has tendon chunks.", "type": "user", "user": {"gender": "male", "id": "931004", "photo": {"prefix": "https://igx.4sqi.net/img/user/", "suffix": "/IUCU25FA1ENCJDZT.jpg"}, "firstName": "Tim", "lastName": "Wu"}, "canonicalUrl": "https://foursquare.com/item/4c090c6ba1b32d7f7cef96f0", "todo": {"count": 1}, "disagreeCount": 0}, {"authorInteractionType": "liked", "logView": true, "lang": "en", "createdAt": 1442309594, "agreeCount": 0, "likes": {"groups": [], "count": 0}, "id": "55f7e5da498e184e39604304", "text": "It's too salty for me", "type": "user", "user": {"gender": "male", "id": "3239225", "photo": {"prefix": "https://igx.4sqi.net/img/user/", "suffix": "/3239225_FUOzfHuU_v9MeuyoYFKrOGjgMAenSfU-GkfQR97hH-kzqT3TUfAsWX-NKYaoySWw-f4Dg4Nya.jpg"}, "firstName": "Samuel", "lastName": "T"}, "canonicalUrl": "https://foursquare.com/item/55f7e5da498e184e39604304", "todo": {"count": 0}, "disagreeCount": 0}, {"authorInteractionType": "meh", "logView": true, "lang": "en", "createdAt": 1409650827, "agreeCount": 0, "likes": {"groups": [], "count": 0}, "id": "5405908b498e9dd89644d558", "text": "RUDE, impatient female filipino cashier, love to SIGH even when it's her goddamn fault.", "type": "user", "user": {"id": "4797383", "photo": {"prefix": "https://igx.4sqi.net/img/user/", "suffix": "/4797383-2NMJEQG35KHUGRMQ.jpg"}, "firstName": "Karen", "gender": "female"}, "canonicalUrl": "https://foursquare.com/item/5405908b498e9dd89644d558", "todo": {"count": 0}, "disagreeCount": 0}, {"logView": true, "lang": "en", "createdAt": 1346566279, "agreeCount": 0, "likes": {"groups": [], "count": 0}, "id": "5042f887e4b003e2b3d0bb6b", "text": "Best chicken wings in singapore", "type": "user", "user": {"gender": "male", "id": "7990042", "photo": {"prefix": "https://igx.4sqi.net/img/user/", "suffix": "/7990042-WHCURBYRHCM2D433.jpg"}, "firstName": "Paul", "lastName": "Banday"}, "canonicalUrl": "https://foursquare.com/item/5042f887e4b003e2b3d0bb6b", "todo": {"count": 0}, "disagreeCount": 0}, {"logView": true, "lang": "en", "createdAt": 1269414373, "agreeCount": 1, "likes": {"groups": [{"items": [{"gender": "male", "id": "8506846", "photo": {"prefix": "https://igx.4sqi.net/img/user/", "suffix": "/8506846-CY51YS53KGFTHGQU.jpg"}, "firstName": "Putra", "lastName": "Shah"}], "count": 1, "type": "others"}], "summary": "1 like", "count": 1}, "id": "4ba9b9e570c603bb128295b4", "text": "Grab the tofu salad plus fries plus drink plus 3-pc soy & garlic chicken, all for $12.90. Heaven.", "type": "user", "user": {"gender": "female", "id": "539857", "photo": {"prefix": "https://igx.4sqi.net/img/user/", "suffix": "/FY5QYBDSBICVI25Y.jpg"}, "firstName": "Kristin", "lastName": "MdashO"}, "canonicalUrl": "https://foursquare.com/item/4ba9b9e570c603bb128295b4", "todo": {"count": 3}, "disagreeCount": 0}, {"logView": true, "lang": "en", "createdAt": 1409116221, "agreeCount": 0, "likes": {"groups": [], "count": 0}, "id": "53fd683d498ea6cd3f45a48a", "text": "The queue is always crazy and the wait for food is loooong. But damn the soy garlic fried chicken is tasty.", "type": "user", "user": {"id": "212095", "photo": {"prefix": "https://igx.4sqi.net/img/user/", "suffix": "/BWQ22VZNEGH5I5Y0.jpg"}, "firstName": "Siew", "gender": "female"}, "canonicalUrl": "https://foursquare.com/item/53fd683d498ea6cd3f45a48a", "todo": {"count": 0}, "disagreeCount": 0}, {"authorInteractionType": "meh", "logView": true, "lang": "en", "createdAt": 1345897824, "agreeCount": 0, "likes": {"groups": [], "count": 0}, "id": "5038c560e4b0b68ee43d7f1f", "text": "They just expanded their seating! 3x more seats avaliable!", "type": "user", "user": {"gender": "male", "id": "34032", "photo": {"prefix": "https://igx.4sqi.net/img/user/", "suffix": "/34032-T2KRHUMOZJZ52GQU.jpg"}, "firstName": "Vishnu", "lastName": "Prem"}, "canonicalUrl": "https://foursquare.com/item/5038c560e4b0b68ee43d7f1f", "todo": {"count": 0}, "disagreeCount": 0}, {"authorInteractionType": "liked", "logView": true, "lang": "en", "createdAt": 1365271905, "agreeCount": 0, "likes": {"groups": [], "count": 0}, "id": "51606561e4b0e58ee9ef1251", "text": "Try the soy garlic chicken wings/drumstick here. It's the best you can get here in SIngapore. Do be prepared to wait between 15-30 minutes during peak hours.", "type": "user", "user": {"gender": "male", "id": "17924592", "photo": {"prefix": "https://igx.4sqi.net/img/user/", "suffix": "/17924592-04MDP2N3E51JKR1Q.jpg"}, "firstName": "Terence", "lastName": "O"}, "canonicalUrl": "https://foursquare.com/item/51606561e4b0e58ee9ef1251", "todo": {"count": 0}, "disagreeCount": 0}, {"logView": true, "lang": "en", "photo": {"id": "51567ff0183fdfa64931ae59", "visibility": "public", "source": {"name": "Foursquare Web", "url": "https://foursquare.com"}, "suffix": "/43864716_FnrrmYAJtWIS9y42OlnLlMllYT1RNZaWuI2mz6_0ubc.jpg", "createdAt": 1364623344, "prefix": "https://igx.4sqi.net/img/general/", "width": 549, "height": 550}, "createdAt": 1364623340, "todo": {"count": 0}, "agreeCount": 2, "likes": {"groups": [{"items": [{"gender": "female", "id": "27538962", "photo": {"prefix": "https://igx.4sqi.net/img/user/", "suffix": "/PCK23ZJBGRZT44HG.jpg"}, "firstName": "Vivienne", "lastName": "KWP"}, {"gender": "male", "id": "21055181", "photo": {"prefix": "https://igx.4sqi.net/img/user/", "suffix": "/21055181-ZPUXJSHF1NW2OQOP.jpg"}, "firstName": "Sascha", "lastName": "Robi"}], "count": 2, "type": "others"}], "summary": "2 likes", "count": 2}, "id": "51567fece4b079b31a2b86c3", "text": "BEST CHICKEN IN SINGAPORE. [Better then bonchon]. Gotta try the spicy chicken wings - absolutely delicious! Katsu Sandwich is great too!", "disagreeCount": 0, "user": {"gender": "female", "id": "43864716", "photo": {"prefix": "https://igx.4sqi.net/img/user/", "suffix": "/WUU4V0HNTGB5HFBM.jpg"}, "firstName": "Azizah", "lastName": "Zahra"}, "canonicalUrl": "https://foursquare.com/item/51567fece4b079b31a2b86c3", "type": "user", "photourl": "https://igx.4sqi.net/img/general/original/43864716_FnrrmYAJtWIS9y42OlnLlMllYT1RNZaWuI2mz6_0ubc.jpg"}, {"logView": true, "lang": "en", "createdAt": 1366977568, "agreeCount": 1, "likes": {"groups": [{"items": [{"gender": "male", "id": "2425289", "photo": {"prefix": "https://igx.4sqi.net/img/user/", "suffix": "/2425289-KSDDLNSKVKYLIXIQ.jpg"}, "firstName": "Kennieth", "lastName": "Ong"}], "count": 1, "type": "others"}], "summary": "1 like", "count": 1}, "id": "517a6c20e4b0964a2a7c82d7", "text": "Super long queue in peak hours. Waited in queue for half an hour. It's worth it.", "type": "user", "user": {"gender": "female", "id": "13844616", "photo": {"prefix": "https://igx.4sqi.net/img/user/", "suffix": "/X1URMBGAOLPJ52ZN.jpg"}, "firstName": "Su Mon", "lastName": "M"}, "canonicalUrl": "https://foursquare.com/item/517a6c20e4b0964a2a7c82d7", "todo": {"count": 0}, "disagreeCount": 0}, {"logView": true, "lang": "en", "createdAt": 1290764080, "agreeCount": 0, "likes": {"groups": [{"items": [], "count": 2, "type": "others"}], "summary": "2 likes", "count": 2}, "id": "4cef7f305de16ea86cb3c096", "text": "Get a 4 chix combo to get 4 chix, all at $6.95 (promo)", "type": "user", "user": {"gender": "female", "id": "387502", "photo": {"prefix": "https://igx.4sqi.net/img/user/", "suffix": "/WCNBMXGPR03X0U5E.gif"}, "firstName": "Sal", "lastName": "Lina"}, "canonicalUrl": "https://foursquare.com/item/4cef7f305de16ea86cb3c096", "todo": {"count": 0}, "disagreeCount": 0}, {"authorInteractionType": "liked", "logView": true, "lang": "en", "createdAt": 1498417234, "agreeCount": 0, "likes": {"groups": [], "count": 0}, "id": "59500852286fda77de822d90", "text": "Soy garlic chicken is yummy!", "type": "user", "user": {"gender": "male", "id": "30599435", "photo": {"prefix": "https://igx.4sqi.net/img/user/", "suffix": "/30599435_VFGwCGkP_KJZtGNkxWuKAloSRzZmkVQ0zaQ22sfzp1GTiHcwkgOeD8Kpzn2YsIzNIAYO3mggB.jpg"}, "firstName": "Jonathan", "lastName": "Lim"}, "canonicalUrl": "https://foursquare.com/item/59500852286fda77de822d90", "todo": {"count": 0}, "disagreeCount": 0}, {"logView": true, "lang": "en", "createdAt": 1367670213, "agreeCount": 2, "likes": {"groups": [{"items": [{"gender": "female", "id": "6041049", "photo": {"prefix": "https://igx.4sqi.net/img/user/", "suffix": "/6041049-JYLWMJRZLSDUZLWV.jpg"}, "firstName": "Jovin", "lastName": "M"}, {"id": "3655380", "photo": {"prefix": "https://igx.4sqi.net/img/user/", "suffix": "/EEX3KTTNUUFFSSZW.jpg"}, "firstName": "Kelvin", "gender": "male"}], "count": 2, "type": "others"}], "summary": "2 likes", "count": 2}, "id": "5184fdc5498ee26c20a245b5", "text": "Hope peeps can be more considerate n get their ass off if they are already done eating..  Note to boss: the seats are really not enuff n uncomfortable even for just awhile!", "type": "user", "user": {"gender": "female", "id": "3411412", "photo": {"prefix": "https://igx.4sqi.net/img/user/", "suffix": "/0PVMWWOV1UM4HDNZ.jpg"}, "firstName": "Teo", "lastName": "PQ"}, "canonicalUrl": "https://foursquare.com/item/5184fdc5498ee26c20a245b5", "todo": {"count": 0}, "disagreeCount": 0}, {"logView": true, "lang": "en", "photo": {"id": "567d3a3e498ee31e8dd6b359", "visibility": "public", "source": {"name": "Foursquare for iOS", "url": "https://foursquare.com/download/#/iphone"}, "suffix": "/85098387_ikvRQQXbcAsxpFVXQOGvxjUwRKhYhKhaaSCVvY7Os8k.jpg", "createdAt": 1451047486, "prefix": "https://igx.4sqi.net/img/general/", "width": 1440, "height": 1440}, "createdAt": 1451047481, "todo": {"count": 0}, "agreeCount": 0, "likes": {"groups": [], "count": 0}, "id": "567d3a39498edf2fc5342448", "text": "For me, garlic soy wings are nicer, less salty.", "disagreeCount": 0, "user": {"id": "85098387", "photo": {"prefix": "https://igx.4sqi.net/img/user/", "suffix": "/85098387_jqo1uSy8_ibx7cq-Ipc8eOmpJtp7cOupUu1L-tgJae1IaYTyHzIh1J7VVFp6lskdkReRfaefu"}, "firstName": "Lili Oxana", "gender": "female"}, "canonicalUrl": "https://foursquare.com/item/567d3a39498edf2fc5342448", "type": "user", "photourl": "https://igx.4sqi.net/img/general/original/85098387_ikvRQQXbcAsxpFVXQOGvxjUwRKhYhKhaaSCVvY7Os8k.jpg"}, {"logView": true, "lang": "en", "createdAt": 1289701679, "agreeCount": 1, "likes": {"groups": [{"items": [{"gender": "male", "id": "11492805", "photo": {"prefix": "https://igx.4sqi.net/img/user/", "suffix": "/4E3TAYLBOSRJSMDJ.jpg"}, "firstName": "Strictly business people think", "lastName": "Rules of life"}], "count": 4, "type": "others"}], "summary": "4 likes", "count": 4}, "id": "4cdf492fc4f6a35da191cf6c", "text": "\u200e\u200b\u2665 the seafood meal", "type": "user", "user": {"gender": "female", "id": "1406933", "photo": {"prefix": "https://igx.4sqi.net/img/user/", "suffix": "/1FFJGVEJVRXJ4BHG.jpg"}, "firstName": "Nevaeh", "lastName": "Quanesha"}, "canonicalUrl": "https://foursquare.com/item/4cdf492fc4f6a35da191cf6c", "todo": {"count": 2}, "disagreeCount": 0}, {"authorInteractionType": "liked", "logView": true, "lang": "en", "createdAt": 1428238993, "agreeCount": 0, "likes": {"groups": [], "count": 0}, "id": "55213291498e5fce70485ef1", "text": "Korean chicken is the bomb!", "type": "user", "user": {"gender": "male", "id": "6978540", "photo": {"prefix": "https://igx.4sqi.net/img/user/", "suffix": "/6978540-BUMDWBMD2V4EXDU5.jpg"}, "firstName": "fayyadh", "lastName": "falikh"}, "canonicalUrl": "https://foursquare.com/item/55213291498e5fce70485ef1", "todo": {"count": 0}, "disagreeCount": 0}, {"logView": true, "lang": "en", "createdAt": 1285173610, "agreeCount": 0, "likes": {"groups": [{"items": [], "count": 1, "type": "others"}], "summary": "1 like", "count": 1}, "id": "4c9a316a971676b0bec053e2", "text": "LOVE THE SPICY FLAVOUR!", "type": "user", "user": {"gender": "female", "id": "1579709", "photo": {"prefix": "https://igx.4sqi.net/img/user/", "suffix": "/4YJOKYJEWLXSVXGE.jpg"}, "firstName": "Kellyn", "lastName": "Ting"}, "canonicalUrl": "https://foursquare.com/item/4c9a316a971676b0bec053e2", "todo": {"count": 0}, "disagreeCount": 0}, {"logView": true, "lang": "en", "createdAt": 1267609479, "agreeCount": 1, "likes": {"groups": [{"items": [{"gender": "female", "id": "2979880", "photo": {"prefix": "https://igx.4sqi.net/img/user/", "suffix": "/LSEHIXO3U0WBO0OG.jpg"}, "firstName": "Maureen", "lastName": "Lo"}], "count": 6, "type": "others"}], "summary": "6 likes", "count": 6}, "id": "4b8e2f8770c603bbb57293b4", "text": "The Tofu Salad's yumz", "type": "user", "user": {"gender": "female", "id": "287025", "photo": {"prefix": "https://igx.4sqi.net/img/user/", "suffix": "/XVAJF14YGTNLHSD3.jpg"}, "firstName": "Tiffany", "lastName": "Yeo"}, "canonicalUrl": "https://foursquare.com/item/4b8e2f8770c603bbb57293b4", "todo": {"count": 0}, "disagreeCount": 0}, {"logView": true, "lang": "en", "createdAt": 1394276529, "agreeCount": 0, "likes": {"groups": [], "count": 0}, "id": "531af8b111d274d267e09526", "text": "The chicken wing taste very good both soy garlic and spicy, although not spicy enough, the skin are very crispy, sweet caramelize, worth to try. Person who taking order is very slowly", "type": "user", "user": {"gender": "female", "id": "2310377", "photo": {"prefix": "https://igx.4sqi.net/img/user/", "suffix": "/2310377-NUWXEQ25QYIZAWRV.jpg"}, "firstName": "Puspita", "lastName": "Kie"}, "canonicalUrl": "https://foursquare.com/item/531af8b111d274d267e09526", "todo": {"count": 0}, "disagreeCount": 0}, {"logView": true, "lang": "en", "createdAt": 1296352054, "agreeCount": 1, "likes": {"groups": [{"items": [{"gender": "male", "id": "73143645", "photo": {"prefix": "https://igx.4sqi.net/img/user/", "suffix": "/73143645-G1ZZ3MFCPBFZEV1J.jpg"}, "firstName": "Jimmy", "lastName": "Tan"}], "count": 1, "type": "others"}], "summary": "1 like", "count": 1}, "id": "4d44c3363616b60ce701e8c2", "text": "Bought home the 18 pc the other day mixed with soy garlic n hot flavor. Now a family fav, so crispy n fragrant! Going back for sandwiches.. Yummy!", "type": "user", "user": {"gender": "female", "id": "3722347", "photo": {"prefix": "https://igx.4sqi.net/img/user/", "suffix": "/5L0GGUBWNVI35EF3.jpg"}, "firstName": "Huan Ling", "lastName": "Yip"}, "canonicalUrl": "https://foursquare.com/item/4d44c3363616b60ce701e8c2", "todo": {"count": 0}, "disagreeCount": 0}, {"logView": true, "lang": "en", "createdAt": 1366029799, "agreeCount": 0, "likes": {"groups": [], "count": 0}, "id": "516bf5e7e4b0c17e61284c32", "text": "Yummy this", "type": "user", "user": {"gender": "male", "id": "18965821", "photo": {"prefix": "https://igx.4sqi.net/img/user/", "suffix": "/RMARVYPCQ1MEHRVI.jpg"}, "firstName": "Richard", "lastName": "Liman"}, "canonicalUrl": "https://foursquare.com/item/516bf5e7e4b0c17e61284c32", "todo": {"count": 0}, "disagreeCount": 0}, {"authorInteractionType": "liked", "logView": true, "lang": "en", "createdAt": 1418667334, "agreeCount": 0, "likes": {"groups": [], "count": 0}, "id": "548f2546498e10aac0a60c2e", "text": "Soy sauce flavor is better than spicy.", "type": "user", "user": {"gender": "female", "id": "45371521", "photo": {"prefix": "https://igx.4sqi.net/img/user/", "suffix": "/45371521-SUK14ZTOXTY1VGE2.jpg"}, "firstName": "HaeAn", "lastName": "Sung"}, "canonicalUrl": "https://foursquare.com/item/548f2546498e10aac0a60c2e", "todo": {"count": 0}, "disagreeCount": 0}, {"logView": true, "lang": "en", "createdAt": 1302799874, "agreeCount": 0, "likes": {"groups": [], "count": 0}, "id": "4da72602432de9d987cd16d8", "text": "Best bonchon chicken I've ever tasted!", "type": "user", "user": {"id": "6732164", "photo": {"prefix": "https://igx.4sqi.net/img/user/", "suffix": "/X0I2Z2M5ENMZMBDZ.jpg"}, "firstName": "belleyrina", "gender": "female"}, "canonicalUrl": "https://foursquare.com/item/4da72602432de9d987cd16d8", "todo": {"count": 0}, "disagreeCount": 0}, {"logView": true, "lang": "en", "createdAt": 1302852628, "agreeCount": 1, "likes": {"groups": [{"items": [{"gender": "male", "id": "11492805", "photo": {"prefix": "https://igx.4sqi.net/img/user/", "suffix": "/4E3TAYLBOSRJSMDJ.jpg"}, "firstName": "Strictly business people think", "lastName": "Rules of life"}], "count": 1, "type": "others"}], "summary": "1 like", "count": 1}, "id": "4da7f4144b22e9f40df9f6dc", "text": "Ion staff get 4 chicken free!!", "type": "user", "user": {"gender": "female", "id": "6800502", "photo": {"prefix": "https://igx.4sqi.net/img/user/", "suffix": "/52CGSAHCLR50FJQI.jpg"}, "firstName": "Tan", "lastName": "Xin Yun"}, "canonicalUrl": "https://foursquare.com/item/4da7f4144b22e9f40df9f6dc", "todo": {"count": 0}, "disagreeCount": 0}, {"logView": true, "lang": "en", "createdAt": 1317832794, "agreeCount": 1, "likes": {"groups": [{"items": [{"gender": "female", "id": "24164634", "photo": {"prefix": "https://igx.4sqi.net/img/user/", "suffix": "/24164634-SHJ5O1APSXT000FS.jpg"}, "firstName": "chelle", "lastName": "cabriga"}], "count": 1, "type": "others"}], "summary": "1 like", "count": 1}, "id": "4e8c885acc2112f675700126", "text": "Best seller goes to the Dope chicken wings! Sides: Tofu salad, try the kimchi coleslaw, hate it or love it. Love the shoestrings fries w ketchup! and the chicken burger & katsu sandwich is nomnomnom!", "type": "user", "user": {"gender": "female", "id": "9458064", "photo": {"prefix": "https://igx.4sqi.net/img/user/", "suffix": "/J4QV3WDLJRSWRWXZ.jpg"}, "firstName": "Jasmine", "lastName": "Shen"}, "canonicalUrl": "https://foursquare.com/item/4e8c885acc2112f675700126", "todo": {"count": 0}, "disagreeCount": 0}, {"logView": true, "lang": "en", "createdAt": 1274847082, "agreeCount": 1, "likes": {"groups": [{"items": [{"id": "75442556", "photo": {"prefix": "https://igx.4sqi.net/img/user/", "suffix": "/75442556-WRDD2AVIPZOLPCHV.jpg"}, "firstName": "Jianshennnn", "gender": "male"}], "count": 1, "type": "others"}], "summary": "1 like", "count": 1}, "id": "4bfc9f6a70c603bb34009db4", "text": "Gotta try the spicy chicken wings - absolutely delicious! Katsu Sandwich is great too!", "type": "user", "user": {"gender": "female", "id": "1189623", "photo": {"prefix": "https://igx.4sqi.net/img/user/", "default": true, "suffix": "/blank_girl.png"}, "firstName": "Bani", "lastName": "Mehta"}, "canonicalUrl": "https://foursquare.com/item/4bfc9f6a70c603bb34009db4", "todo": {"count": 0}, "disagreeCount": 0}, {"logView": true, "lang": "en", "createdAt": 1406972716, "agreeCount": 0, "likes": {"groups": [], "count": 0}, "id": "53dcb32c498e4182c1109ecc", "text": "Shove 2 fingers into your nose for a special discount", "type": "user", "user": {"id": "1075369", "photo": {"prefix": "https://igx.4sqi.net/img/user/", "suffix": "/CAS3XWN3DICAKYWO.jpg"}, "firstName": "Fare", "gender": "male"}, "canonicalUrl": "https://foursquare.com/item/53dcb32c498e4182c1109ecc", "todo": {"count": 0}, "disagreeCount": 0}, {"authorInteractionType": "liked", "logView": true, "lang": "en", "createdAt": 1490511199, "todo": {"count": 0}, "agreeCount": 1, "likes": {"groups": [], "count": 0}, "lastVoteText": "Upvoted Apr 16", "id": "58d7655fea29b87c426369c8", "text": "Best chicken in Singapore, even better than KFC !", "disagreeCount": 0, "lastUpvoteTimestamp": 1492343218, "user": {"gender": "male", "id": "107604885", "photo": {"prefix": "https://igx.4sqi.net/img/user/", "suffix": "/107604885-K0PP242A4B2NDI2M.jpg"}, "firstName": "Tino", "lastName": "Buranasilapin"}, "canonicalUrl": "https://foursquare.com/item/58d7655fea29b87c426369c8", "type": "user"}, {"logView": true, "lang": "en", "createdAt": 1296917146, "agreeCount": 1, "likes": {"groups": [{"items": [{"gender": "male", "id": "2425289", "photo": {"prefix": "https://igx.4sqi.net/img/user/", "suffix": "/2425289-KSDDLNSKVKYLIXIQ.jpg"}, "firstName": "Kennieth", "lastName": "Ong"}], "count": 1, "type": "others"}], "summary": "1 like", "count": 1}, "id": "4d4d629aa7f86ea8eef935de", "text": "All foods are yummy!!!", "type": "user", "user": {"gender": "none", "id": "6526333", "photo": {"prefix": "https://igx.4sqi.net/img/user/", "suffix": "/DF203JMBLVHGOPFM.jpg"}, "firstName": "Rhydon", "lastName": "Yu"}, "canonicalUrl": "https://foursquare.com/item/4d4d629aa7f86ea8eef935de", "todo": {"count": 0}, "disagreeCount": 0}, {"logView": true, "lang": "en", "createdAt": 1339832771, "agreeCount": 0, "likes": {"groups": [], "count": 0}, "id": "4fdc39c3e4b0654045622102", "text": "Best chicken wings in ion", "type": "user", "user": {"gender": "male", "id": "1065156", "photo": {"prefix": "https://igx.4sqi.net/img/user/", "suffix": "/WVSC3CADRLJH1U5K.png"}, "firstName": "Benson", "lastName": "Toh"}, "canonicalUrl": "https://foursquare.com/item/4fdc39c3e4b0654045622102", "todo": {"count": 0}, "disagreeCount": 0}, {"logView": true, "lang": "en", "createdAt": 1307176966, "agreeCount": 0, "likes": {"groups": [], "count": 0}, "id": "4de9f0067d8b6c7a5331815e", "text": "Should plan for a takeaway and eat somewhere in case the place is pack... Believe me.. Its always full..", "type": "user", "user": {"gender": "male", "id": "5583320", "photo": {"prefix": "https://igx.4sqi.net/img/user/", "suffix": "/JMSQJ4BB4RJZNKTO.jpg"}, "firstName": "Musli", "lastName": "Zulkifly"}, "canonicalUrl": "https://foursquare.com/item/4de9f0067d8b6c7a5331815e", "todo": {"count": 0}, "disagreeCount": 0}, {"logView": true, "lang": "en", "createdAt": 1264331237, "agreeCount": 1, "likes": {"groups": [{"items": [{"gender": "male", "id": "492711", "photo": {"prefix": "https://igx.4sqi.net/img/user/", "suffix": "/492711-C0OD0CKUYOV20FCS.jpg"}, "firstName": "Nicholas", "lastName": "Tay"}], "count": 4, "type": "others"}], "summary": "4 likes", "count": 4}, "id": "4b5c29e570c603bb4ebc90b4", "text": "BEST CHICKEN IN SINGAPORE.", "type": "user", "user": {"gender": "male", "id": "274826", "photo": {"prefix": "https://igx.4sqi.net/img/user/", "suffix": "/4Y5FTY1JHWUCZYQD.jpg"}, "firstName": "Jonathan", "lastName": "Yu"}, "canonicalUrl": "https://foursquare.com/item/4b5c29e570c603bb4ebc90b4", "todo": {"count": 1}, "disagreeCount": 0}, {"logView": true, "lang": "en", "createdAt": 1290424883, "agreeCount": 0, "likes": {"groups": [], "count": 0}, "id": "4cea5233f3bda1439d07c5e4", "text": "Best chicken wings in Singapore! Try the promo set 4+4 only $6.95 including small fries and drink!", "type": "user", "user": {"gender": "female", "id": "4215888", "photo": {"prefix": "https://igx.4sqi.net/img/user/", "suffix": "/COBVTEKTYQ2EF0I0.jpg"}, "firstName": "Jasmine", "lastName": "Tay"}, "canonicalUrl": "https://foursquare.com/item/4cea5233f3bda1439d07c5e4", "todo": {"count": 2}, "disagreeCount": 0}, {"logView": true, "lang": "en", "createdAt": 1321422975, "agreeCount": 0, "likes": {"groups": [], "count": 0}, "id": "4ec3507f8b8132e083072dc9", "text": "Bon chon fix. 6pc soy garlic wings meal hits the spot.", "type": "user", "user": {"gender": "none", "id": "1306234", "photo": {"prefix": "https://igx.4sqi.net/img/user/", "suffix": "/5IMNWDHK2HCCPQQK.jpg"}, "firstName": "Jamie", "lastName": "Koa"}, "canonicalUrl": "https://foursquare.com/item/4ec3507f8b8132e083072dc9", "todo": {"count": 0}, "disagreeCount": 0}, {"logView": true, "lang": "en", "createdAt": 1358414605, "agreeCount": 2, "likes": {"groups": [{"items": [{"gender": "male", "id": "308951", "photo": {"prefix": "https://igx.4sqi.net/img/user/", "suffix": "/3UP0AI4WEWFBWG2M.jpg"}, "firstName": "Gabriel", "lastName": "Seah"}, {"gender": "female", "id": "36780440", "photo": {"prefix": "https://igx.4sqi.net/img/user/", "suffix": "/CPQPLWMPAQMJVOEQ.jpg"}, "firstName": "Vivianne", "lastName": "Redsworth"}], "count": 2, "type": "others"}], "summary": "2 likes", "count": 2}, "id": "50f7c30de4b054f600f1d752", "text": "4 fingers up your ass", "type": "user", "user": {"gender": "female", "id": "6640414", "photo": {"prefix": "https://igx.4sqi.net/img/user/", "suffix": "/GYJLCD5WRSTFU4KQ.jpg"}, "firstName": "Belinda", "lastName": "Tan"}, "canonicalUrl": "https://foursquare.com/item/50f7c30de4b054f600f1d752", "todo": {"count": 0}, "disagreeCount": 0}, {"authorInteractionType": "liked", "logView": true, "lang": "en", "createdAt": 1408763095, "agreeCount": 0, "likes": {"groups": [], "count": 0}, "id": "53f804d7498ee05ba8831b75", "text": "Chicken wings. First timers pick the mix so you can figure out if you like soy or hot. I like the hot. As for the French fries the seaweed is my preference. Even the salad is good.", "type": "user", "user": {"gender": "female", "id": "2947534", "photo": {"prefix": "https://igx.4sqi.net/img/user/", "suffix": "/TCGX4GH2QA2J2CI4.jpg"}, "firstName": "D", "lastName": "S"}, "canonicalUrl": "https://foursquare.com/item/53f804d7498ee05ba8831b75", "todo": {"count": 0}, "disagreeCount": 0}, {"logView": true, "lang": "en", "createdAt": 1385276194, "agreeCount": 0, "likes": {"groups": [], "count": 0}, "id": "5291a32211d2707e7d433c5b", "text": "Delicious chicken wings, but almost impossible to engage in decent conversations thanks to the extremely loud music. Might wanna consider turning the volume down a couple of notches.", "type": "user", "user": {"gender": "female", "id": "319207", "photo": {"prefix": "https://igx.4sqi.net/img/user/", "suffix": "/ANCAPVD2TDMPMSO0.jpg"}, "firstName": "Eunice", "lastName": "Ng"}, "canonicalUrl": "https://foursquare.com/item/5291a32211d2707e7d433c5b", "todo": {"count": 0}, "disagreeCount": 0}, {"logView": true, "lang": "en", "createdAt": 1313556566, "agreeCount": 0, "likes": {"groups": [], "count": 0}, "id": "4e4b4856ae600cc1e315a011", "text": "The best chicken ever! \u2665", "type": "user", "user": {"gender": "female", "id": "4775300", "photo": {"prefix": "https://igx.4sqi.net/img/user/", "suffix": "/WJI3KKC33MTGWEOZ.jpg"}, "firstName": "Querra", "lastName": "Mellca"}, "canonicalUrl": "https://foursquare.com/item/4e4b4856ae600cc1e315a011", "todo": {"count": 0}, "disagreeCount": 0}, {"logView": true, "lang": "en", "createdAt": 1289394192, "agreeCount": 1, "likes": {"groups": [{"items": [{"gender": "male", "id": "2425289", "photo": {"prefix": "https://igx.4sqi.net/img/user/", "suffix": "/2425289-KSDDLNSKVKYLIXIQ.jpg"}, "firstName": "Kennieth", "lastName": "Ong"}], "count": 1, "type": "others"}], "summary": "1 like", "count": 1}, "id": "4cda9810930af04da8ab8597", "text": "Get the tofu mushroom salad. Its delicious.", "type": "user", "user": {"gender": "female", "id": "2206126", "photo": {"prefix": "https://igx.4sqi.net/img/user/", "suffix": "/FIN2TH3DD2OI3SDL.jpg"}, "firstName": "Serene", "lastName": "Lim"}, "canonicalUrl": "https://foursquare.com/item/4cda9810930af04da8ab8597", "todo": {"count": 0}, "disagreeCount": 0}, {"logView": true, "lang": "en", "createdAt": 1347110367, "agreeCount": 1, "likes": {"groups": [{"items": [{"gender": "male", "id": "8506846", "photo": {"prefix": "https://igx.4sqi.net/img/user/", "suffix": "/8506846-CY51YS53KGFTHGQU.jpg"}, "firstName": "Putra", "lastName": "Shah"}], "count": 1, "type": "others"}], "summary": "1 like", "count": 1}, "id": "504b45dfe4b0c4f4a3b3b23c", "text": "Try the mix basket but eat the soy & garlic first before the spicy wings else it may spoil your palate.", "type": "user", "user": {"gender": "male", "id": "36269011", "photo": {"prefix": "https://igx.4sqi.net/img/user/", "suffix": "/36269011-CLSDWNDIVVOIPLJO.jpg"}, "firstName": "David", "lastName": "L"}, "canonicalUrl": "https://foursquare.com/item/504b45dfe4b0c4f4a3b3b23c", "todo": {"count": 1}, "disagreeCount": 0}, {"authorInteractionType": "liked", "logView": true, "lang": "en", "createdAt": 1378729780, "agreeCount": 0, "likes": {"groups": [], "count": 0}, "id": "522dbf3411d277bf56610647", "text": "CHICKEN CHOP nuff said....", "type": "user", "user": {"gender": "male", "id": "29522323", "photo": {"prefix": "https://igx.4sqi.net/img/user/", "suffix": "/29522323-B04POA0K3GMFUQ44.jpg"}, "firstName": "CJ", "lastName": "Dayrit"}, "canonicalUrl": "https://foursquare.com/item/522dbf3411d277bf56610647", "todo": {"count": 0}, "disagreeCount": 0}, {"logView": true, "lang": "en", "createdAt": 1362562441, "agreeCount": 0, "likes": {"groups": [], "count": 0}, "id": "51370d89e4b0b7e1c3f69512", "text": "chilli powder on fries doesn't make them kimchi fries!", "type": "user", "user": {"gender": "male", "id": "537630", "photo": {"prefix": "https://igx.4sqi.net/img/user/", "suffix": "/TNWVH10WBZIM0ZTX.jpg"}, "firstName": "Edward", "lastName": "Yong"}, "canonicalUrl": "https://foursquare.com/item/51370d89e4b0b7e1c3f69512", "todo": {"count": 0}, "disagreeCount": 0}, {"logView": true, "lang": "en", "createdAt": 1347251713, "agreeCount": 0, "likes": {"groups": [], "count": 0}, "id": "504d6e01e4b086a8fae725e2", "text": "The seafood is really good must try !", "type": "user", "user": {"gender": "male", "id": "4063456", "photo": {"prefix": "https://igx.4sqi.net/img/user/", "suffix": "/RMA2XBE1PUTS5VRV.jpg"}, "firstName": "Bryan Andrean", "lastName": "Putra"}, "canonicalUrl": "https://foursquare.com/item/504d6e01e4b086a8fae725e2", "todo": {"count": 0}, "disagreeCount": 0}, {"logView": true, "lang": "en", "createdAt": 1364798081, "agreeCount": 0, "likes": {"groups": [], "count": 0}, "id": "51592a81e4b034f6eb027133", "text": "Service attitude is absolutely cocky. And his Tshirt says 'Boss' at the back. Yikes.", "type": "user", "user": {"gender": "female", "id": "24773178", "photo": {"prefix": "https://igx.4sqi.net/img/user/", "suffix": "/24773178-5X0CKWIHKHRIL32E.jpg"}, "firstName": "Kim", "lastName": "T"}, "canonicalUrl": "https://foursquare.com/item/51592a81e4b034f6eb027133", "todo": {"count": 0}, "disagreeCount": 0}, {"logView": true, "lang": "en", "createdAt": 1345861879, "agreeCount": 2, "likes": {"groups": [{"items": [{"gender": "male", "id": "2425289", "photo": {"prefix": "https://igx.4sqi.net/img/user/", "suffix": "/2425289-KSDDLNSKVKYLIXIQ.jpg"}, "firstName": "Kennieth", "lastName": "Ong"}, {"gender": "none", "id": "45728747", "photo": {"prefix": "https://igx.4sqi.net/img/user/", "suffix": "/45728747-50XYV4B21NCTPAQC.jpg"}, "firstName": "Alexa", "lastName": "H"}], "count": 2, "type": "others"}], "summary": "2 likes", "count": 2}, "id": "503838f7e4b02b479d866792", "text": "The best chicken I've tried in SG. must try!", "type": "user", "user": {"gender": "male", "id": "11067883", "photo": {"prefix": "https://igx.4sqi.net/img/user/", "suffix": "/11067883-SP32AKAYDGKOOBUP.jpg"}, "firstName": "Charleston", "lastName": "Claver"}, "canonicalUrl": "https://foursquare.com/item/503838f7e4b02b479d866792", "todo": {"count": 0}, "disagreeCount": 0}, {"logView": true, "lang": "en", "createdAt": 1310729169, "agreeCount": 0, "likes": {"groups": [], "count": 0}, "id": "4e2023d1b0fbdf9ba79bbf7f", "text": "4 fingers in the airrrr~", "type": "user", "user": {"gender": "female", "id": "1883565", "photo": {"prefix": "https://igx.4sqi.net/img/user/", "suffix": "/GF2HH2TBPZVGNUNV.jpg"}, "firstName": "Jazreel", "lastName": "C"}, "canonicalUrl": "https://foursquare.com/item/4e2023d1b0fbdf9ba79bbf7f", "todo": {"count": 0}, "disagreeCount": 0}, {"authorInteractionType": "liked", "logView": true, "lang": "en", "createdAt": 1433079062, "agreeCount": 0, "likes": {"groups": [], "count": 0}, "id": "556b0d16498e4118998a9551", "text": "The tofu salad is excellent", "type": "user", "user": {"gender": "male", "id": "39042428", "photo": {"prefix": "https://igx.4sqi.net/img/user/", "suffix": "/IUXTNAKJVK0CBVZX.jpg"}, "firstName": "Flee", "lastName": "Bird"}, "canonicalUrl": "https://foursquare.com/item/556b0d16498e4118998a9551", "todo": {"count": 0}, "disagreeCount": 0}, {"logView": true, "lang": "en", "createdAt": 1369311759, "agreeCount": 0, "likes": {"groups": [], "count": 0}, "id": "519e0a0f498e3c057a4374fc", "text": "Eat if u have LOTS of time to spare. 30 mins to Q and 20 mins for order to be ready. Servers are rude. Nothing so great after all", "type": "user", "user": {"gender": "female", "id": "3682157", "photo": {"prefix": "https://igx.4sqi.net/img/user/", "suffix": "/3682157-O2YFDJVT05C20GRM.jpg"}, "firstName": "Geri", "lastName": "Soh"}, "canonicalUrl": "https://foursquare.com/item/519e0a0f498e3c057a4374fc", "todo": {"count": 0}, "disagreeCount": 0}, {"logView": true, "lang": "en", "createdAt": 1297075418, "agreeCount": 0, "likes": {"groups": [], "count": 0}, "id": "4d4fccda71548cfa1c86089a", "text": "Now till 15Feb'11!!..15% off normal stuff!!..not alot but still $$$...", "type": "user", "user": {"gender": "female", "id": "4861277", "photo": {"prefix": "https://igx.4sqi.net/img/user/", "suffix": "/J4AQFXD3RO0HH3B0.jpg"}, "firstName": "Lindsey", "lastName": "Lim"}, "canonicalUrl": "https://foursquare.com/item/4d4fccda71548cfa1c86089a", "todo": {"count": 0}, "disagreeCount": 0}, {"logView": true, "lang": "en", "createdAt": 1264322628, "agreeCount": 1, "likes": {"groups": [{"items": [{"gender": "male", "id": "15705544", "photo": {"prefix": "https://igx.4sqi.net/img/user/", "suffix": "/MS0DU2HLH14TUNJF.jpg"}, "firstName": "Joel", "lastName": "Mejia"}], "count": 1, "type": "others"}], "summary": "1 like", "count": 1}, "id": "4b5c084470c603bb5fbb90b4", "text": "One of the best wings in SG. Soy garlic flavor with rice and kimchi slaw!", "type": "user", "user": {"gender": "male", "id": "266843", "photo": {"prefix": "https://igx.4sqi.net/img/user/", "suffix": "/G52GVKJ0KJIMLCNL.jpg"}, "firstName": "Paul", "lastName": "Gervacio"}, "canonicalUrl": "https://foursquare.com/item/4b5c084470c603bb5fbb90b4", "todo": {"count": 0}, "disagreeCount": 0}, {"logView": true, "lang": "en", "createdAt": 1370048081, "agreeCount": 3, "likes": {"groups": [{"items": [{"gender": "male", "id": "194517", "photo": {"prefix": "https://igx.4sqi.net/img/user/", "suffix": "/QOGVFMRHNRHMQV5A.png"}, "firstName": "Joel", "lastName": "Pan"}, {"gender": "male", "id": "24431599", "photo": {"prefix": "https://igx.4sqi.net/img/user/", "suffix": "/IFLGPK1NACVK3RVL.jpg"}, "firstName": "Grag", "lastName": "Fox"}, {"gender": "female", "id": "581651", "photo": {"prefix": "https://igx.4sqi.net/img/user/", "suffix": "/YONV0JBQLXO2GOO4.jpg"}, "firstName": "Ching", "lastName": "S"}], "count": 3, "type": "others"}], "summary": "3 likes", "count": 3}, "id": "51a94651498ec8aca2d65506", "text": "OMG chicken! and kimchi fries! Be prepared to wait though, queue is crazy!", "type": "user", "user": {"gender": "female", "id": "7860893", "photo": {"prefix": "https://igx.4sqi.net/img/user/", "suffix": "/7860893-05QG1FDADFR5HXE2.jpg"}, "firstName": "Anna", "lastName": "Ragen"}, "canonicalUrl": "https://foursquare.com/item/51a94651498ec8aca2d65506", "todo": {"count": 0}, "disagreeCount": 0}, {"authorInteractionType": "liked", "logView": true, "lang": "en", "createdAt": 1352810079, "agreeCount": 4, "likes": {"groups": [{"items": [{"gender": "female", "id": "2979880", "photo": {"prefix": "https://igx.4sqi.net/img/user/", "suffix": "/LSEHIXO3U0WBO0OG.jpg"}, "firstName": "Maureen", "lastName": "Lo"}, {"gender": "female", "id": "25198562", "photo": {"prefix": "https://igx.4sqi.net/img/user/", "suffix": "/25198562-NB12KJJAV2NHSHSJ.jpg"}, "firstName": "Nancy A.", "lastName": "Kraus"}, {"gender": "male", "id": "23714697", "photo": {"prefix": "https://igx.4sqi.net/img/user/", "default": true, "suffix": "/blank_boy.png"}, "firstName": "\u2022 www.vallianatos.dxnnet.com", "lastName": "MIRACLE COFFEE"}, {"gender": "female", "id": "13976820", "photo": {"prefix": "https://igx.4sqi.net/img/user/", "suffix": "/13976820-QF1GXZWOVJI0MMGA.jpg"}, "firstName": "Callie", "lastName": "Wong"}], "count": 4, "type": "others"}], "summary": "4 likes", "count": 4}, "id": "50a23e5fe4b0df55099056b6", "text": "Tofu Salad is AWESOME!!!!! <3", "type": "user", "user": {"gender": "female", "id": "9968444", "photo": {"prefix": "https://igx.4sqi.net/img/user/", "suffix": "/9968444-22MIMIBZHEG3SQYK.jpg"}, "firstName": "Mei", "lastName": "SanN\ud83c\udf88"}, "canonicalUrl": "https://foursquare.com/item/50a23e5fe4b0df55099056b6", "todo": {"count": 0}, "disagreeCount": 0}, {"authorInteractionType": "liked", "logView": true, "lang": "en", "createdAt": 1386502627, "agreeCount": 0, "likes": {"groups": [], "count": 0}, "id": "52a459e3498e1687341435fc", "text": "Management lacks common sense! Limited tables, but they allow people who do not have orders to reserve tables.  Customers should learn to be considerate of others.", "type": "user", "user": {"gender": "male", "id": "70493326", "photo": {"prefix": "https://igx.4sqi.net/img/user/", "suffix": "/0UXB40F0JAUWXAKQ.jpg"}, "firstName": "Jonathan", "lastName": "Condo"}, "canonicalUrl": "https://foursquare.com/item/52a459e3498e1687341435fc", "todo": {"count": 0}, "disagreeCount": 0}, {"logView": true, "lang": "en", "createdAt": 1308228031, "agreeCount": 1, "likes": {"groups": [{"items": [{"gender": "male", "id": "492711", "photo": {"prefix": "https://igx.4sqi.net/img/user/", "suffix": "/492711-C0OD0CKUYOV20FCS.jpg"}, "firstName": "Nicholas", "lastName": "Tay"}], "count": 1, "type": "others"}], "summary": "1 like", "count": 1}, "id": "4df9f9bf2271faf21fedf9e2", "text": "Awesome chicken! Better then kfc!", "type": "user", "user": {"gender": "male", "id": "6176946", "photo": {"prefix": "https://igx.4sqi.net/img/user/", "suffix": "/A11QGXVBXQQQAT1D.jpg"}, "firstName": "Makky", "lastName": "Rawrs"}, "canonicalUrl": "https://foursquare.com/item/4df9f9bf2271faf21fedf9e2", "todo": {"count": 0}, "disagreeCount": 0}, {"logView": true, "lang": "en", "createdAt": 1270198959, "agreeCount": 1, "likes": {"groups": [{"items": [{"gender": "male", "id": "492711", "photo": {"prefix": "https://igx.4sqi.net/img/user/", "suffix": "/492711-C0OD0CKUYOV20FCS.jpg"}, "firstName": "Nicholas", "lastName": "Tay"}], "count": 2, "type": "others"}], "summary": "2 likes", "count": 2}, "id": "4bb5b2af70c603bb777c96b4", "text": "Garlic soy chicken wings are good! U can forget abt kfc!", "type": "user", "user": {"gender": "male", "id": "449007", "photo": {"prefix": "https://igx.4sqi.net/img/user/", "suffix": "/0KGG5LOIOVUBOE5G.jpg"}, "firstName": "Jared", "lastName": "Chan"}, "canonicalUrl": "https://foursquare.com/item/4bb5b2af70c603bb777c96b4", "todo": {"count": 1}, "disagreeCount": 0}, {"authorInteractionType": "liked", "logView": true, "lang": "en", "createdAt": 1485682352, "agreeCount": 0, "likes": {"groups": [], "count": 0}, "id": "588db6b013bb7763d90b7231", "text": "The soy version is really nice, definitely recommended. The spicy version does not taste spicy at all though, a little disappointed with the spicyness.", "type": "user", "user": {"gender": "male", "id": "101352142", "photo": {"prefix": "https://igx.4sqi.net/img/user/", "suffix": "/101352142-EXAF2AHBPQALRE0X.jpg"}, "firstName": "Yuan Sheng", "lastName": "Wong"}, "canonicalUrl": "https://foursquare.com/item/588db6b013bb7763d90b7231", "todo": {"count": 0}, "disagreeCount": 0}, {"authorInteractionType": "liked", "logView": true, "lang": "en", "createdAt": 1455938194, "agreeCount": 0, "likes": {"groups": [], "count": 0}, "id": "56c7da92498eace21d9714ac", "text": "The best wings", "type": "user", "user": {"gender": "male", "id": "4121298", "photo": {"prefix": "https://igx.4sqi.net/img/user/", "suffix": "/NC1XXRGANTJS3ZJB.jpg"}, "firstName": "Kendrick", "lastName": "Chen"}, "canonicalUrl": "https://foursquare.com/item/56c7da92498eace21d9714ac", "todo": {"count": 0}, "disagreeCount": 0}, {"logView": true, "lang": "en", "createdAt": 1389095318, "agreeCount": 2, "likes": {"groups": [{"items": [{"gender": "male", "id": "492711", "photo": {"prefix": "https://igx.4sqi.net/img/user/", "suffix": "/492711-C0OD0CKUYOV20FCS.jpg"}, "firstName": "Nicholas", "lastName": "Tay"}, {"gender": "male", "id": "79409513", "photo": {"prefix": "https://igx.4sqi.net/img/user/", "suffix": "/79409513-OQZBJ0BYQZ4012WE.jpg"}, "firstName": "Aydee", "lastName": "Zurie"}], "count": 2, "type": "others"}], "summary": "2 likes", "count": 2}, "id": "52cbe996498e472fd6bf80a6", "text": "soy garlic chicken is the best!", "type": "user", "user": {"gender": "female", "id": "48220884", "photo": {"prefix": "https://igx.4sqi.net/img/user/", "suffix": "/HQZR4FAP4D200L15.jpg"}, "firstName": "Kimberly", "lastName": "Tomines"}, "canonicalUrl": "https://foursquare.com/item/52cbe996498e472fd6bf80a6", "todo": {"count": 0}, "disagreeCount": 0}, {"logView": true, "lang": "en", "createdAt": 1346327718, "agreeCount": 0, "likes": {"groups": [], "count": 0}, "id": "503f54a6e4b02d868928243b", "text": "Soy/garlic is the way to go! Hands down best fried chicken!", "type": "user", "user": {"gender": "male", "id": "4179526", "photo": {"prefix": "https://igx.4sqi.net/img/user/", "suffix": "/4179526-UIA20WYTOE5HIBHR.jpg"}, "firstName": "Al", "lastName": "Fateh"}, "canonicalUrl": "https://foursquare.com/item/503f54a6e4b02d868928243b", "todo": {"count": 0}, "disagreeCount": 0}, {"logView": true, "lang": "en", "createdAt": 1372049612, "todo": {"count": 0}, "agreeCount": 0, "likes": {"groups": [], "count": 0}, "id": "51c7d0cc498ea39935a1cb69", "text": "Hot, juicy and crispy, the wings are individually hand painted with their special sauce, and will have you licking your lips and reaching for more! :) http://www.gimme4fingers.com/", "entities": [{"indices": [151, 180], "type": "url", "object": {"url": "http://www.gimme4fingers.com/"}}], "disagreeCount": 0, "user": {"gender": "male", "id": "37225693", "photo": {"prefix": "https://igx.4sqi.net/img/user/", "suffix": "/TRO4NNFAHN020I0Q.jpg"}, "firstName": "Marbert", "lastName": "Estillore Gregorio"}, "canonicalUrl": "https://foursquare.com/item/51c7d0cc498ea39935a1cb69", "type": "user"}, {"authorInteractionType": "liked", "logView": true, "lang": "en", "createdAt": 1445311994, "agreeCount": 0, "likes": {"groups": [], "count": 0}, "id": "5625b5fa498e80385d2d0ecd", "text": "The best fried chicken I ever tried.. So addictive and sooo good. Must try the chicken rice box.. The slaw is the best ever", "type": "user", "user": {"gender": "female", "id": "70238947", "photo": {"prefix": "https://igx.4sqi.net/img/user/", "suffix": "/70238947-B3P1L1CWGFNB5L0J.jpg"}, "firstName": "Nadya", "lastName": "Octaverina"}, "canonicalUrl": "https://foursquare.com/item/5625b5fa498e80385d2d0ecd", "todo": {"count": 0}, "disagreeCount": 0}, {"logView": true, "lang": "en", "createdAt": 1292559809, "agreeCount": 1, "likes": {"groups": [{"items": [{"gender": "male", "id": "5668304", "photo": {"prefix": "https://igx.4sqi.net/img/user/", "suffix": "/5668304-VXUC5SNIJAYHC2QB.jpg"}, "firstName": "Alex", "lastName": "Foo"}], "count": 1, "type": "others"}], "summary": "1 like", "count": 1}, "id": "4d0ae5c1d823b1f7ac9ae65c", "text": "The fried chicken is yummy of course but the tofu salad is really good too!!", "type": "user", "user": {"gender": "none", "id": "4935743", "photo": {"prefix": "https://igx.4sqi.net/img/user/", "suffix": "/1YNPQONO0K4J3MWZ.jpg"}, "firstName": "Sara", "lastName": "V"}, "canonicalUrl": "https://foursquare.com/item/4d0ae5c1d823b1f7ac9ae65c", "todo": {"count": 0}, "disagreeCount": 0}, {"authorInteractionType": "liked", "logView": true, "lang": "en", "photo": {"id": "505fd1a4e4b0a0608570d04a", "visibility": "public", "source": {"name": "Foursquare for iOS", "url": "https://foursquare.com/download/#/iphone"}, "suffix": "/14217196_zMdND5vVa49a6toG-1eq3Ta2W7V8pf64gYU-tbYyfDQ.jpg", "createdAt": 1348456868, "prefix": "https://igx.4sqi.net/img/general/", "width": 537, "height": 720}, "createdAt": 1348456853, "todo": {"count": 0}, "agreeCount": 0, "likes": {"groups": [], "count": 0}, "id": "505fd195e4b0d3e560a58d22", "text": "Coaster will light up and beep once your food is ready :)", "disagreeCount": 0, "user": {"gender": "female", "id": "14217196", "photo": {"prefix": "https://igx.4sqi.net/img/user/", "suffix": "/V4MCHVJQA32WNMYL.jpg"}, "firstName": "Van", "lastName": "Nie"}, "canonicalUrl": "https://foursquare.com/item/505fd195e4b0d3e560a58d22", "type": "user", "photourl": "https://igx.4sqi.net/img/general/original/14217196_zMdND5vVa49a6toG-1eq3Ta2W7V8pf64gYU-tbYyfDQ.jpg"}, {"authorInteractionType": "liked", "logView": true, "lang": "en", "createdAt": 1370180008, "agreeCount": 0, "likes": {"groups": [], "count": 0}, "id": "51ab49a8498e2d3dbf50b363", "text": "Go early, and weekdays...", "type": "user", "user": {"gender": "female", "id": "11847213", "photo": {"prefix": "https://igx.4sqi.net/img/user/", "suffix": "/JGUMGLN2E2U2SGSJ.jpg"}, "firstName": "Sheena'e", "lastName": "Tayle"}, "canonicalUrl": "https://foursquare.com/item/51ab49a8498e2d3dbf50b363", "todo": {"count": 0}, "disagreeCount": 0}, {"logView": true, "lang": "en", "photo": {"id": "51b212b3498e85d2f54f25f4", "visibility": "public", "source": {"name": "Foursquare for BlackBerry", "url": "https://foursquare.com/download/#/blackberry"}, "suffix": "/1584594_2_xdVyk-FHNn9-VnTPZUWylBubXz21mRrL7mIXmGf2w.jpg", "createdAt": 1370624691, "prefix": "https://igx.4sqi.net/img/general/", "width": 481, "height": 641}, "createdAt": 1370624651, "todo": {"count": 0}, "agreeCount": 0, "likes": {"groups": [], "count": 0}, "id": "51b2128b498efb02c223e1ea", "text": "The Queue is too long!! So sad", "disagreeCount": 0, "user": {"gender": "female", "id": "1584594", "photo": {"prefix": "https://igx.4sqi.net/img/user/", "suffix": "/S3YTHOBWVNVLAVIV.jpg"}, "firstName": "Amanda", "lastName": "Kohar"}, "canonicalUrl": "https://foursquare.com/item/51b2128b498efb02c223e1ea", "type": "user", "photourl": "https://igx.4sqi.net/img/general/original/1584594_2_xdVyk-FHNn9-VnTPZUWylBubXz21mRrL7mIXmGf2w.jpg"}, {"authorInteractionType": "liked", "logView": true, "lang": "en", "photo": {"id": "54854015498ef8cb2377e427", "visibility": "public", "source": {"name": "Foursquare for iOS", "url": "https://foursquare.com/download/#/iphone"}, "suffix": "/500112_F-7ytsmxFPcGWNWPWhgl9EcDYPxsupUup_pGjZBvBHw.jpg", "createdAt": 1418018837, "prefix": "https://igx.4sqi.net/img/general/", "width": 720, "height": 960}, "createdAt": 1418018832, "todo": {"count": 0}, "agreeCount": 0, "likes": {"groups": [], "count": 0}, "id": "54854010498e279f2cbec8ef", "text": "Crispy chicken wings with soy garlic sauce & seaweed fries. Recommended!", "disagreeCount": 0, "user": {"gender": "female", "id": "500112", "photo": {"prefix": "https://igx.4sqi.net/img/user/", "suffix": "/500112-4CIZ4FVIGKYHGXM0.jpg"}, "firstName": "Stephanie", "lastName": "Jessica"}, "canonicalUrl": "https://foursquare.com/item/54854010498e279f2cbec8ef", "type": "user", "photourl": "https://igx.4sqi.net/img/general/original/500112_F-7ytsmxFPcGWNWPWhgl9EcDYPxsupUup_pGjZBvBHw.jpg"}, {"logView": true, "lang": "en", "createdAt": 1264324968, "agreeCount": 3, "likes": {"groups": [{"items": [{"gender": "female", "id": "4529707", "photo": {"prefix": "https://igx.4sqi.net/img/user/", "suffix": "/Q002VSXTQIBIKAB0.jpg"}, "firstName": "Hidayah", "lastName": "Sis"}, {"gender": "male", "id": "492711", "photo": {"prefix": "https://igx.4sqi.net/img/user/", "suffix": "/492711-C0OD0CKUYOV20FCS.jpg"}, "firstName": "Nicholas", "lastName": "Tay"}, {"gender": "male", "id": "15705544", "photo": {"prefix": "https://igx.4sqi.net/img/user/", "suffix": "/MS0DU2HLH14TUNJF.jpg"}, "firstName": "Joel", "lastName": "Mejia"}], "count": 3, "type": "others"}], "summary": "3 likes", "count": 3}, "id": "4b5c116870c603bb90bb90b4", "text": "Best chicken wings in singapore! Make sure you try the soy garlic flavor together with rice and a side of kim chi slaw! Yum! The fries are great too!", "type": "user", "user": {"gender": "male", "id": "266843", "photo": {"prefix": "https://igx.4sqi.net/img/user/", "suffix": "/G52GVKJ0KJIMLCNL.jpg"}, "firstName": "Paul", "lastName": "Gervacio"}, "canonicalUrl": "https://foursquare.com/item/4b5c116870c603bb90bb90b4", "todo": {"count": 1}, "disagreeCount": 0}, {"logView": true, "lang": "en", "createdAt": 1409461122, "agreeCount": 0, "likes": {"groups": [], "count": 0}, "id": "5402ab82498e622f43c318df", "text": "Opening !!\u263a\ufe0f", "type": "user", "user": {"id": "8654550", "photo": {"prefix": "https://igx.4sqi.net/img/user/", "suffix": "/8654550-2LNF2INQR0WHAQ1X.jpg"}, "firstName": "Patrick Sim Jun Jie", "gender": "male"}, "canonicalUrl": "https://foursquare.com/item/5402ab82498e622f43c318df", "todo": {"count": 0}, "disagreeCount": 0}, {"logView": true, "lang": "en", "createdAt": 1378302752, "agreeCount": 0, "likes": {"groups": [], "count": 0}, "id": "52273b2011d20e3a6823b9b6", "text": "If its spicy, its really spicy so beware :) loved the food! Gonna come back for sure", "type": "user", "user": {"gender": "male", "id": "5402327", "photo": {"prefix": "https://igx.4sqi.net/img/user/", "suffix": "/5402327-CD3KTJ4E3W2RCXUG.jpg"}, "firstName": "Bran", "lastName": "Frish"}, "canonicalUrl": "https://foursquare.com/item/52273b2011d20e3a6823b9b6", "todo": {"count": 0}, "disagreeCount": 0}, {"logView": true, "lang": "en", "createdAt": 1395033839, "agreeCount": 3, "likes": {"groups": [{"items": [{"id": "30562435", "photo": {"prefix": "https://igx.4sqi.net/img/user/", "suffix": "/30562435_hUw1KD7B_ShBcKe1imgkwRIttRjSGO9rGggBEWarx0l83VA3x8LWxHTxNyKMDTzJOlCFgvJC1.jpg"}, "firstName": "minzyiii", "gender": "female"}, {"gender": "male", "id": "2425289", "photo": {"prefix": "https://igx.4sqi.net/img/user/", "suffix": "/2425289-KSDDLNSKVKYLIXIQ.jpg"}, "firstName": "Kennieth", "lastName": "Ong"}, {"gender": "male", "id": "7614627", "photo": {"prefix": "https://igx.4sqi.net/img/user/", "suffix": "/7614627-YGH3F2QFY05XBUYR.jpg"}, "firstName": "Mish", "lastName": "Misbah"}], "count": 3, "type": "others"}], "summary": "3 likes", "count": 3}, "id": "532686ef11d2596f00546c34", "text": "the food is getting a really BAD QUALITY. it seems like the cook are always in a hurry due to the long que leaving the food either too sticky or too salty. DISAPPOINTMENT", "type": "user", "user": {"gender": "female", "id": "28426404", "photo": {"prefix": "https://igx.4sqi.net/img/user/", "suffix": "/JZ2B0B35ZW2TQGVC.jpg"}, "firstName": "Sienna", "lastName": "Sangines"}, "canonicalUrl": "https://foursquare.com/item/532686ef11d2596f00546c34", "todo": {"count": 0}, "disagreeCount": 0}, {"logView": true, "lang": "en", "createdAt": 1387876263, "agreeCount": 0, "likes": {"groups": [], "count": 0}, "id": "52b94fa7498e0438ba33c3ad", "text": "Waited half an hour for my order so don't bother if you haven't got time. Tried all three and my vote goes to the spicy ones.", "type": "user", "user": {"gender": "female", "id": "3784973", "photo": {"prefix": "https://igx.4sqi.net/img/user/", "suffix": "/3784973-EFKHPNZD5HG1BCHO.jpg"}, "firstName": "Tiffany", "lastName": "Teh"}, "canonicalUrl": "https://foursquare.com/item/52b94fa7498e0438ba33c3ad", "todo": {"count": 0}, "disagreeCount": 0}, {"logView": true, "lang": "en", "createdAt": 1294397016, "agreeCount": 0, "likes": {"groups": [], "count": 0}, "id": "4d26ee58342d6dcbeb25e8ca", "text": "Hey guys!!! Try the katsu sandwich, it's really nice!!!", "type": "user", "user": {"gender": "male", "id": "3893002", "photo": {"prefix": "https://igx.4sqi.net/img/user/", "suffix": "/KF30UVSIW2D1ZZO2.jpg"}, "firstName": "Daanish", "lastName": "Muhammad"}, "canonicalUrl": "https://foursquare.com/item/4d26ee58342d6dcbeb25e8ca", "todo": {"count": 0}, "disagreeCount": 0}, {"logView": true, "lang": "en", "createdAt": 1354551587, "agreeCount": 1, "likes": {"groups": [{"items": [{"gender": "male", "id": "31128993", "photo": {"prefix": "https://igx.4sqi.net/img/user/", "suffix": "/31128993-IBWFKEADGURRQ0L1.jpg"}, "firstName": "Adi", "lastName": "ezekiel"}], "count": 1, "type": "others"}], "summary": "1 like", "count": 1}, "id": "50bcd123e4b0f4a5d7ecc29e", "text": "The soy garlic korean style taste! The best!", "type": "user", "user": {"gender": "female", "id": "19795532", "photo": {"prefix": "https://igx.4sqi.net/img/user/", "suffix": "/NJCRDNI4BMM13M0Z.jpg"}, "firstName": "Seety", "lastName": "Jung"}, "canonicalUrl": "https://foursquare.com/item/50bcd123e4b0f4a5d7ecc29e", "todo": {"count": 0}, "disagreeCount": 0}, {"logView": true, "lang": "en", "createdAt": 1464708070, "agreeCount": 0, "likes": {"groups": [], "count": 0}, "id": "574dabe6498e57b0db696f21", "text": "Spicy one is spicy but VERY salty, soy is VERY sweet. Chicken is kind of dry too. the balance is very off and VERY overwhelming. Both food and service quality no QC!", "type": "user", "user": {"id": "30562435", "photo": {"prefix": "https://igx.4sqi.net/img/user/", "suffix": "/30562435_hUw1KD7B_ShBcKe1imgkwRIttRjSGO9rGggBEWarx0l83VA3x8LWxHTxNyKMDTzJOlCFgvJC1.jpg"}, "firstName": "minzyiii", "gender": "female"}, "canonicalUrl": "https://foursquare.com/item/574dabe6498e57b0db696f21", "todo": {"count": 0}, "disagreeCount": 0}, {"logView": true, "lang": "en", "createdAt": 1400314499, "agreeCount": 0, "likes": {"groups": [], "count": 0}, "id": "53771a83498e8233c1799ba1", "text": "Is there serving beer?", "type": "user", "user": {"gender": "female", "id": "86102629", "photo": {"prefix": "https://igx.4sqi.net/img/user/", "suffix": "/86102629-W5N4ROE2L3VPC534.jpg"}, "firstName": "H\u01b0\u1edbng D\u01b0\u01a1ng", "lastName": "Vicky"}, "canonicalUrl": "https://foursquare.com/item/53771a83498e8233c1799ba1", "todo": {"count": 0}, "disagreeCount": 0}, {"logView": true, "lang": "en", "createdAt": 1311611103, "agreeCount": 3, "likes": {"groups": [{"items": [{"gender": "male", "id": "43792068", "photo": {"prefix": "https://igx.4sqi.net/img/user/", "suffix": "/FGLOLGUDO50RMJAZ.jpg"}, "firstName": "Stephan", "lastName": "Huang Jian Ming"}, {"gender": "male", "id": "492711", "photo": {"prefix": "https://igx.4sqi.net/img/user/", "suffix": "/492711-C0OD0CKUYOV20FCS.jpg"}, "firstName": "Nicholas", "lastName": "Tay"}, {"gender": "female", "id": "2979880", "photo": {"prefix": "https://igx.4sqi.net/img/user/", "suffix": "/LSEHIXO3U0WBO0OG.jpg"}, "firstName": "Maureen", "lastName": "Lo"}], "count": 3, "type": "others"}], "summary": "3 likes", "count": 3}, "id": "4e2d98df52b1b8f1987721f4", "text": "Best chicken wings ever! Try the soy garlic!! 12pcs is never enough for one!!", "type": "user", "user": {"gender": "female", "id": "1398787", "photo": {"prefix": "https://igx.4sqi.net/img/user/", "suffix": "/1398787-XIJ0FP1QUJJMF0FI.jpg"}, "firstName": "Qiuting", "lastName": "Lim"}, "canonicalUrl": "https://foursquare.com/item/4e2d98df52b1b8f1987721f4", "todo": {"count": 0}, "disagreeCount": 0}, {"logView": true, "lang": "en", "createdAt": 1264326281, "agreeCount": 0, "likes": {"groups": [], "count": 0}, "id": "4b5c168970c603bbabbb90b4", "text": "NO SOY GARLIC CHICKEN! They replaced it with Teriyaki flava!", "type": "user", "user": {"id": "266805", "photo": {"prefix": "https://igx.4sqi.net/img/user/", "suffix": "/266805-YO2B4OAXWS0OPKF4.jpg"}, "firstName": "Louis", "gender": "male"}, "canonicalUrl": "https://foursquare.com/item/4b5c168970c603bbabbb90b4", "todo": {"count": 1}, "disagreeCount": 0}, {"logView": true, "lang": "en", "createdAt": 1290940779, "agreeCount": 0, "likes": {"groups": [], "count": 0}, "id": "4cf2316bcc61a35d8394199e", "text": "The spicy chicken wing drumlets are to die for. They are a Korean brand and very popular in Manhattan as well. Glad to find them in SG!", "type": "user", "user": {"gender": "female", "id": "4694882", "photo": {"prefix": "https://igx.4sqi.net/img/user/", "suffix": "/F43JOVT0ERR3I0UP.jpg"}, "firstName": "Jihyun", "lastName": "Lee"}, "canonicalUrl": "https://foursquare.com/item/4cf2316bcc61a35d8394199e", "todo": {"count": 0}, "disagreeCount": 0}, {"logView": true, "lang": "en", "createdAt": 1268734748, "agreeCount": 0, "likes": {"groups": [], "count": 0}, "id": "4b9f5b1c70c603bb0f8c94b4", "text": "Get the bonchon teriyaki chicken, add chilli sauce.. Shiok!", "type": "user", "user": {"gender": "male", "id": "490075", "photo": {"prefix": "https://igx.4sqi.net/img/user/", "suffix": "/0IRWXXNY1RG15MWM.jpg"}, "firstName": "Jeremy", "lastName": "Ho"}, "canonicalUrl": "https://foursquare.com/item/4b9f5b1c70c603bb0f8c94b4", "todo": {"count": 0}, "disagreeCount": 0}, {"logView": true, "lang": "en", "createdAt": 1318273714, "agreeCount": 0, "likes": {"groups": [], "count": 0}, "id": "4e9342b26c25b073b80158f2", "text": "$4.95 student meal. Soy Garlic yummmmm!", "type": "user", "user": {"gender": "female", "id": "6450768", "photo": {"prefix": "https://igx.4sqi.net/img/user/", "suffix": "/T15LLX0NIV4PDIMF.jpg"}, "firstName": "Bina", "lastName": "Surya"}, "canonicalUrl": "https://foursquare.com/item/4e9342b26c25b073b80158f2", "todo": {"count": 0}, "disagreeCount": 0}, {"logView": true, "lang": "en", "createdAt": 1292560643, "agreeCount": 0, "likes": {"groups": [], "count": 0}, "id": "4d0ae9039a443704c5a0b667", "text": "must try chix wings! cant get enuf of it!", "type": "user", "user": {"id": "3591418", "photo": {"prefix": "https://igx.4sqi.net/img/user/", "suffix": "/3591418-PLHUELPFNMJSVDYR.jpg"}, "firstName": "chichay", "gender": "female"}, "canonicalUrl": "https://foursquare.com/item/4d0ae9039a443704c5a0b667", "todo": {"count": 0}, "disagreeCount": 0}, {"logView": true, "lang": "en", "createdAt": 1336482694, "agreeCount": 0, "likes": {"groups": [], "count": 0}, "id": "4fa91b86e4b047ccd1876bf2", "text": "garlic soy chicken wings/drumlets... the best best ever...", "type": "user", "user": {"gender": "male", "id": "8824189", "photo": {"prefix": "https://igx.4sqi.net/img/user/", "suffix": "/NAWWJ3UGB4OAQEYG.png"}, "firstName": "rEDdEVILS\u2122", "lastName": "aka HASSAN"}, "canonicalUrl": "https://foursquare.com/item/4fa91b86e4b047ccd1876bf2", "todo": {"count": 0}, "disagreeCount": 0}, {"logView": true, "lang": "en", "createdAt": 1303728762, "agreeCount": 0, "likes": {"groups": [], "count": 0}, "id": "4db5527acda1c57c826b76ad", "text": "Promotion for all DBS and POSB visa and master card user...12 piece chicken meal @ $13.95...usual $16.95", "type": "user", "user": {"gender": "male", "id": "3893002", "photo": {"prefix": "https://igx.4sqi.net/img/user/", "suffix": "/KF30UVSIW2D1ZZO2.jpg"}, "firstName": "Daanish", "lastName": "Muhammad"}, "canonicalUrl": "https://foursquare.com/item/4db5527acda1c57c826b76ad", "todo": {"count": 0}, "disagreeCount": 0}, {"authorInteractionType": "liked", "logView": true, "lang": "en", "createdAt": 1413959792, "agreeCount": 0, "likes": {"groups": [], "count": 0}, "id": "54475070498ef949491ad2ee", "text": "Overrated. The sauce is nice but the chicken is super dry", "type": "user", "user": {"gender": "male", "id": "308951", "photo": {"prefix": "https://igx.4sqi.net/img/user/", "suffix": "/3UP0AI4WEWFBWG2M.jpg"}, "firstName": "Gabriel", "lastName": "Seah"}, "canonicalUrl": "https://foursquare.com/item/54475070498ef949491ad2ee", "todo": {"count": 0}, "disagreeCount": 0}, {"logView": true, "lang": "en", "createdAt": 1356584489, "agreeCount": 0, "likes": {"groups": [], "count": 0}, "id": "50dbd629e4b08a4c2193cbda", "text": "overrated. slow service. lousy dining experience.", "type": "user", "user": {"gender": "female", "id": "1753469", "photo": {"prefix": "https://igx.4sqi.net/img/user/", "suffix": "/WI2VD4POOXWF3FUT.jpg"}, "firstName": "Belinda", "lastName": "Ng"}, "canonicalUrl": "https://foursquare.com/item/50dbd629e4b08a4c2193cbda", "todo": {"count": 0}, "disagreeCount": 0}, {"authorInteractionType": "liked", "logView": true, "lang": "en", "createdAt": 1436425388, "agreeCount": 0, "likes": {"groups": [], "count": 0}, "id": "559e1cac498ece474bd82db6", "text": "Now I know why they are so popular. The spicy chicken wings were so addictive.", "type": "user", "user": {"gender": "female", "id": "71066961", "photo": {"prefix": "https://igx.4sqi.net/img/user/", "suffix": "/71066961_VEr51fUR_VYRGOU4ja872m7DnAFE5n44XYjdtOp6YzGSa4Epzb2sm2fPrBVQcblRmCilNMPen.jpg"}, "firstName": "Diana", "lastName": "T"}, "canonicalUrl": "https://foursquare.com/item/559e1cac498ece474bd82db6", "todo": {"count": 0}, "disagreeCount": 0}, {"logView": true, "lang": "en", "createdAt": 1322373955, "agreeCount": 0, "likes": {"groups": [], "count": 0}, "id": "4ed1d3430aafd18690b1528f", "text": "chicken and seafood meal at its best.", "type": "user", "user": {"gender": "none", "id": "3969911", "photo": {"prefix": "https://igx.4sqi.net/img/user/", "suffix": "/BYA0ER01APM4LZZ1.jpg"}, "firstName": "Euo", "lastName": "Salazar"}, "canonicalUrl": "https://foursquare.com/item/4ed1d3430aafd18690b1528f", "todo": {"count": 0}, "disagreeCount": 0}, {"authorInteractionType": "meh", "logView": true, "lang": "en", "createdAt": 1419719209, "agreeCount": 0, "likes": {"groups": [], "count": 0}, "id": "549f3229498ef0b917a1145e", "text": "just ok. sauce is alright but this place needs better quality and meatier chicken", "type": "user", "user": {"gender": "female", "id": "490615", "photo": {"prefix": "https://igx.4sqi.net/img/user/", "suffix": "/X2MK1XLVR4UV5IZA.jpg"}, "firstName": "Su Ann", "lastName": "Lim"}, "canonicalUrl": "https://foursquare.com/item/549f3229498ef0b917a1145e", "todo": {"count": 0}, "disagreeCount": 0}, {"logView": true, "lang": "en", "createdAt": 1273830352, "agreeCount": 4, "likes": {"groups": [{"items": [{"gender": "male", "id": "30599435", "photo": {"prefix": "https://igx.4sqi.net/img/user/", "suffix": "/30599435_VFGwCGkP_KJZtGNkxWuKAloSRzZmkVQ0zaQ22sfzp1GTiHcwkgOeD8Kpzn2YsIzNIAYO3mggB.jpg"}, "firstName": "Jonathan", "lastName": "Lim"}, {"gender": "female", "id": "2979880", "photo": {"prefix": "https://igx.4sqi.net/img/user/", "suffix": "/LSEHIXO3U0WBO0OG.jpg"}, "firstName": "Maureen", "lastName": "Lo"}, {"gender": "female", "id": "48368322", "photo": {"prefix": "https://igx.4sqi.net/img/user/", "suffix": "/G1YABHXDWFA1FRX0.jpg"}, "firstName": "Linda", "lastName": "Kamsin"}, {"gender": "male", "id": "492711", "photo": {"prefix": "https://igx.4sqi.net/img/user/", "suffix": "/492711-C0OD0CKUYOV20FCS.jpg"}, "firstName": "Nicholas", "lastName": "Tay"}], "count": 4, "type": "others"}], "summary": "4 likes", "count": 4}, "id": "4bed1bd070c603bb4d6f9bb4", "text": "Try their garlic soy chicken wings/drumlets. Best I've ever tried.", "type": "user", "user": {"gender": "male", "id": "1155161", "photo": {"prefix": "https://igx.4sqi.net/img/user/", "suffix": "/HKAQYICLE1XURE15.jpg"}, "firstName": "Derek", "lastName": "Lee"}, "canonicalUrl": "https://foursquare.com/item/4bed1bd070c603bb4d6f9bb4", "todo": {"count": 1}, "disagreeCount": 0}, {"logView": true, "lang": "en", "createdAt": 1292416060, "agreeCount": 0, "likes": {"groups": [], "count": 0}, "id": "4d08b43cc26ba14353bc1a17", "text": "dont ignore the video... its hilarious! :)", "type": "user", "user": {"gender": "female", "id": "2992797", "photo": {"prefix": "https://igx.4sqi.net/img/user/", "suffix": "/KX3EW3DYT22PRJRJ.jpg"}, "firstName": "anne", "lastName": "ulibarri"}, "canonicalUrl": "https://foursquare.com/item/4d08b43cc26ba14353bc1a17", "todo": {"count": 0}, "disagreeCount": 0}, {"logView": true, "lang": "en", "createdAt": 1311735698, "agreeCount": 0, "likes": {"groups": [], "count": 0}, "id": "4e2f7f9245ddcf0f5c83dff1", "text": "I like 4 fingers in my mouth ;)", "type": "user", "user": {"gender": "female", "id": "1511625", "photo": {"prefix": "https://igx.4sqi.net/img/user/", "suffix": "/0J3EJTLI4KU2OLQP.jpg"}, "firstName": "Sheryl", "lastName": "Tham"}, "canonicalUrl": "https://foursquare.com/item/4e2f7f9245ddcf0f5c83dff1", "todo": {"count": 0}, "disagreeCount": 0}, {"authorInteractionType": "liked", "logView": true, "lang": "en", "createdAt": 1453119495, "agreeCount": 0, "likes": {"groups": [], "count": 0}, "id": "569cd807498eae564381a643", "text": "Always order the mix choice for chicken. They are all good.", "type": "user", "user": {"gender": "female", "id": "4529707", "photo": {"prefix": "https://igx.4sqi.net/img/user/", "suffix": "/Q002VSXTQIBIKAB0.jpg"}, "firstName": "Hidayah", "lastName": "Sis"}, "canonicalUrl": "https://foursquare.com/item/569cd807498eae564381a643", "todo": {"count": 0}, "disagreeCount": 0}, {"logView": true, "lang": "en", "createdAt": 1308568237, "agreeCount": 0, "likes": {"groups": [], "count": 0}, "id": "4dff2aad1f6e4f313a763421", "text": "For wings get spicy! U won't regret it(:", "type": "user", "user": {"gender": "male", "id": "6176946", "photo": {"prefix": "https://igx.4sqi.net/img/user/", "suffix": "/A11QGXVBXQQQAT1D.jpg"}, "firstName": "Makky", "lastName": "Rawrs"}, "canonicalUrl": "https://foursquare.com/item/4dff2aad1f6e4f313a763421", "todo": {"count": 1}, "disagreeCount": 0}, {"logView": true, "lang": "en", "createdAt": 1404048067, "agreeCount": 0, "likes": {"groups": [], "count": 0}, "id": "53b012c3498e84338a73b58c", "text": "Awful services", "type": "user", "user": {"gender": "female", "id": "77081342", "photo": {"prefix": "https://igx.4sqi.net/img/user/", "suffix": "/77081342-4JL5T10HCGGZLRYA.jpg"}, "firstName": "k_s_p", "lastName": "Koay"}, "canonicalUrl": "https://foursquare.com/item/53b012c3498e84338a73b58c", "todo": {"count": 0}, "disagreeCount": 0}], "count": 99}}}