{"meta": {"code": 200, "requestId": "595a4f039fb6b77b7671242f"}, "response": {"tips": {"items": [{"logView": true, "lang": "en", "createdAt": 1316925842, "agreeCount": 0, "likes": {"groups": [], "count": 0}, "id": "4e7eb192f790c546a80d1951", "text": "The Prawn Paste chicken is not as fanstatic as Crystal Jade's one! but the XO fish head soup compensate the overall !", "type": "user", "user": {"gender": "male", "id": "1053229", "photo": {"prefix": "https://igx.4sqi.net/img/user/", "suffix": "/HMJX3WF0W0FC2HPV.jpg"}, "firstName": "Ben", "lastName": "Toh"}, "canonicalUrl": "https://foursquare.com/item/4e7eb192f790c546a80d1951", "todo": {"count": 0}, "disagreeCount": 0}, {"logView": true, "lang": "en", "createdAt": 1290612852, "agreeCount": 0, "likes": {"groups": [], "count": 0}, "id": "4ced30747b943704424b2553", "text": "Close at 11pm. Usually by 10.45pm no more soup left for fish head bee hoon.", "type": "user", "user": {"gender": "male", "id": "4550740", "photo": {"prefix": "https://igx.4sqi.net/img/user/", "suffix": "/YQKTZIOEK0N3PDVE.jpg"}, "firstName": "Rave", "lastName": "Tan"}, "canonicalUrl": "https://foursquare.com/item/4ced30747b943704424b2553", "todo": {"count": 0}, "disagreeCount": 0}, {"authorInteractionType": "liked", "logView": true, "lang": "en", "photo": {"id": "5583ca32498ee625919c6557", "visibility": "public", "source": {"name": "Foursquare for iOS", "url": "https://foursquare.com/download/#/iphone"}, "suffix": "/3595710_QDZjU9n6RCn8kJXns4mJCJhEbY1w5C5RGAOkyTRo4jM.jpg", "createdAt": 1434700338, "prefix": "https://igx.4sqi.net/img/general/", "width": 1920, "height": 1439}, "createdAt": 1434700330, "todo": {"count": 0}, "agreeCount": 0, "likes": {"groups": [], "count": 0}, "id": "5583ca2a498e696b8351fcb7", "text": "Prawn paste chicken is great. Kailan and tofu were salty and drenched in starch and oil.", "disagreeCount": 0, "user": {"gender": "female", "id": "3595710", "photo": {"prefix": "https://igx.4sqi.net/img/user/", "suffix": "/3POB4IABOOPHCXLG.jpg"}, "firstName": "Karen", "lastName": "L."}, "canonicalUrl": "https://foursquare.com/item/5583ca2a498e696b8351fcb7", "type": "user", "photourl": "https://igx.4sqi.net/img/general/original/3595710_QDZjU9n6RCn8kJXns4mJCJhEbY1w5C5RGAOkyTRo4jM.jpg"}, {"logView": true, "lang": "en", "createdAt": 1315136479, "agreeCount": 0, "likes": {"groups": [], "count": 0}, "id": "4e6363df45ddda3529f9aa53", "text": "Lime juice is only S$1 of you're thirsty", "type": "user", "user": {"gender": "male", "id": "11382820", "photo": {"prefix": "https://igx.4sqi.net/img/user/", "suffix": "/EMEBSVYDK4AWXP0M.jpg"}, "firstName": "Richard", "lastName": "Busch"}, "canonicalUrl": "https://foursquare.com/item/4e6363df45ddda3529f9aa53", "todo": {"count": 0}, "disagreeCount": 0}, {"authorInteractionType": "liked", "logView": true, "lang": "en", "photo": {"id": "54fd1bbd498e8edb7385d1fd", "visibility": "public", "source": {"name": "Foursquare for iOS", "url": "https://foursquare.com/download/#/iphone"}, "suffix": "/797671_LnA57PUqAT5hXb5jOap5O78jUTuBIXpDkcDWOdKIh9A.jpg", "createdAt": 1425873853, "prefix": "https://igx.4sqi.net/img/general/", "width": 1920, "height": 1440}, "createdAt": 1425873848, "todo": {"count": 0}, "agreeCount": 0, "likes": {"groups": [], "count": 0}, "id": "54fd1bb8498e5eb6c4fed44c", "text": "Xo sliced fish bee hoon is good! Prawn roll is yummy too!", "disagreeCount": 0, "user": {"gender": "female", "id": "797671", "photo": {"prefix": "https://igx.4sqi.net/img/user/", "suffix": "/ONZI4XGBVLNAKQSU.jpg"}, "firstName": "Rachel", "lastName": "Ho"}, "canonicalUrl": "https://foursquare.com/item/54fd1bb8498e5eb6c4fed44c", "type": "user", "photourl": "https://igx.4sqi.net/img/general/original/797671_LnA57PUqAT5hXb5jOap5O78jUTuBIXpDkcDWOdKIh9A.jpg"}, {"logView": true, "lang": "en", "createdAt": 1319885670, "agreeCount": 1, "likes": {"groups": [{"items": [{"id": "151272703", "photo": {"prefix": "https://igx.4sqi.net/img/user/", "default": true, "suffix": "/blank_boy.png"}, "firstName": "Shaun", "gender": "male"}], "count": 1, "type": "others"}], "summary": "1 like", "count": 1}, "id": "4eabdb664690ef1f6c761f5e", "text": "Uncle ordering got a bad attitude. No small size. Everything is big size. Dun order too much.", "type": "user", "user": {"gender": "male", "id": "1565877", "photo": {"prefix": "https://igx.4sqi.net/img/user/", "suffix": "/3AWMW0BBBFEOURDN.jpg"}, "firstName": "Devin", "lastName": "Wong"}, "canonicalUrl": "https://foursquare.com/item/4eabdb664690ef1f6c761f5e", "todo": {"count": 0}, "disagreeCount": 0}, {"logView": true, "lang": "en", "createdAt": 1295612535, "agreeCount": 0, "likes": {"groups": [], "count": 0}, "id": "4d397a77cc48224be9a3334f", "text": "Ha great food very fast n reasonably cheap too enjoy your meal there cheers! :)", "type": "user", "user": {"id": "3666205", "photo": {"prefix": "https://igx.4sqi.net/img/user/", "suffix": "/3666205_mO2J4fUo_K08M2CxFQdxjSo4wVqZZjWBY1pUS5m5T1E-PPyh5eQRghw5ZuUPoT4FJEfZgHiyq.jpg"}, "firstName": "YiJin", "gender": "male"}, "canonicalUrl": "https://foursquare.com/item/4d397a77cc48224be9a3334f", "todo": {"count": 0}, "disagreeCount": 0}, {"logView": true, "lang": "en", "createdAt": 1391501964, "agreeCount": 1, "likes": {"groups": [{"items": [{"id": "151272703", "photo": {"prefix": "https://igx.4sqi.net/img/user/", "default": true, "suffix": "/blank_boy.png"}, "firstName": "Shaun", "gender": "male"}], "count": 1, "type": "others"}], "summary": "1 like", "count": 1}, "id": "52f0a28c11d23e698cf37d25", "text": "Bad service\ud83d\ude24", "type": "user", "user": {"id": "5540047", "photo": {"prefix": "https://igx.4sqi.net/img/user/", "suffix": "/5540047-U2VN1GXSHYRWBLRW.jpg"}, "firstName": "@rocketshipxx", "gender": "female"}, "canonicalUrl": "https://foursquare.com/item/52f0a28c11d23e698cf37d25", "todo": {"count": 0}, "disagreeCount": 0}, {"logView": true, "lang": "en", "createdAt": 1291723251, "agreeCount": 1, "likes": {"groups": [{"items": [{"id": "151272703", "photo": {"prefix": "https://igx.4sqi.net/img/user/", "default": true, "suffix": "/blank_boy.png"}, "firstName": "Shaun", "gender": "male"}], "count": 3, "type": "others"}], "summary": "3 likes", "count": 3}, "id": "4cfe21f32d80a1439bc95ad8", "text": "Standard dropped... Soup taste normal... Dun taste the XO anymore... :((((", "type": "user", "user": {"gender": "male", "id": "1648489", "photo": {"prefix": "https://igx.4sqi.net/img/user/", "suffix": "/RUBB1OTDM2T5ZTDJ.jpg"}, "firstName": "Zavier L\u00f6eve", "lastName": "Chiong"}, "canonicalUrl": "https://foursquare.com/item/4cfe21f32d80a1439bc95ad8", "todo": {"count": 0}, "disagreeCount": 0}, {"logView": true, "lang": "en", "createdAt": 1359194418, "agreeCount": 1, "likes": {"groups": [{"items": [{"id": "151272703", "photo": {"prefix": "https://igx.4sqi.net/img/user/", "default": true, "suffix": "/blank_boy.png"}, "firstName": "Shaun", "gender": "male"}], "count": 1, "type": "others"}], "summary": "1 like", "count": 1}, "id": "5103a932e4b0fc9c259aec7f", "text": "I think they always wake up from the wrong side of bed ...", "type": "user", "user": {"gender": "male", "id": "3429336", "photo": {"prefix": "https://igx.4sqi.net/img/user/", "suffix": "/ABC35QFM0PR4UDYM.jpg"}, "firstName": "Eugene", "lastName": "YS Han"}, "canonicalUrl": "https://foursquare.com/item/5103a932e4b0fc9c259aec7f", "todo": {"count": 0}, "disagreeCount": 0}, {"logView": true, "lang": "en", "photo": {"id": "574bcb40498efef67f32010b", "visibility": "public", "source": {"name": "Foursquare for iOS", "url": "https://foursquare.com/download/#/iphone"}, "suffix": "/75815541_n2wRlAHchs5EoLXwyYlxpnCfGZk6i7u0ilFpkU_Ln9A.jpg", "createdAt": 1464585024, "prefix": "https://igx.4sqi.net/img/general/", "width": 1920, "height": 1440}, "createdAt": 1464585017, "todo": {"count": 0}, "agreeCount": 0, "likes": {"groups": [], "count": 0}, "id": "574bcb39498e56b7a79debae", "text": "Fish Chunks Beehoon Soup \ud83d\udc4d\ud83c\udffc but boss' attitude is \ud83d\udc4e\ud83c\udffc. But I'm a sucker who will put up with bad attitude for good food. \ud83d\ude01", "disagreeCount": 0, "user": {"gender": "female", "id": "75815541", "photo": {"prefix": "https://igx.4sqi.net/img/user/", "suffix": "/-J0KVJB2NG0VWMF23.jpg"}, "firstName": "Jessica", "lastName": "Chak"}, "canonicalUrl": "https://foursquare.com/item/574bcb39498e56b7a79debae", "type": "user", "photourl": "https://igx.4sqi.net/img/general/original/75815541_n2wRlAHchs5EoLXwyYlxpnCfGZk6i7u0ilFpkU_Ln9A.jpg"}, {"authorInteractionType": "meh", "logView": true, "lang": "en", "createdAt": 1441537776, "agreeCount": 0, "likes": {"groups": [], "count": 0}, "id": "55ec1ef0498ece6618f9c446", "text": "Food is nice but hygiene is the main concern", "type": "user", "user": {"gender": "male", "id": "25048043", "photo": {"prefix": "https://igx.4sqi.net/img/user/", "suffix": "/25048043-CMHUI5NVVVM22TTU.jpg"}, "firstName": "Alvin", "lastName": "Loo"}, "canonicalUrl": "https://foursquare.com/item/55ec1ef0498ece6618f9c446", "todo": {"count": 0}, "disagreeCount": 0}, {"logView": true, "lang": "en", "createdAt": 1293274146, "agreeCount": 2, "likes": {"groups": [{"items": [{"id": "151272703", "photo": {"prefix": "https://igx.4sqi.net/img/user/", "default": true, "suffix": "/blank_boy.png"}, "firstName": "Shaun", "gender": "male"}, {"gender": "female", "id": "387976", "photo": {"prefix": "https://igx.4sqi.net/img/user/", "suffix": "/32BFKZP4RY4YHP3O.jpg"}, "firstName": "Michelle", "lastName": "Teo"}], "count": 2, "type": "others"}], "summary": "2 likes", "count": 2}, "id": "4d15cc226d103704954b2cbd", "text": "Best XO fish Bee Hoon so far.. Big crowd and lousy service attitude.. It's either u bear with it or leave.. =(", "type": "user", "user": {"gender": "female", "id": "3932141", "photo": {"prefix": "https://igx.4sqi.net/img/user/", "suffix": "/HXZETCU0KORGMWRO.jpg"}, "firstName": "Jennifer", "lastName": "Cheah"}, "canonicalUrl": "https://foursquare.com/item/4d15cc226d103704954b2cbd", "todo": {"count": 0}, "disagreeCount": 0}, {"logView": true, "lang": "en", "createdAt": 1290429458, "agreeCount": 0, "likes": {"groups": [], "count": 0}, "id": "4cea6412595cb1f74393d314", "text": "Prawn paste chicken is good. try it ; )", "type": "user", "user": {"gender": "female", "id": "2591697", "photo": {"prefix": "https://igx.4sqi.net/img/user/", "suffix": "/5DGECRJ5OTKFOSEB.jpg"}, "firstName": "Chelsea", "lastName": "Ng"}, "canonicalUrl": "https://foursquare.com/item/4cea6412595cb1f74393d314", "todo": {"count": 0}, "disagreeCount": 0}, {"logView": true, "lang": "en", "createdAt": 1398948572, "agreeCount": 0, "likes": {"groups": [], "count": 0}, "id": "536242dc498ee94a21a64efd", "text": "I really love the soup base! Haven't gotten a chance to try their xo crab beehoon thou. Sold out today.", "type": "user", "user": {"gender": "female", "id": "6159430", "photo": {"prefix": "https://igx.4sqi.net/img/user/", "suffix": "/6159430-1ONQDSMTRQ1PI4SE.jpg"}, "firstName": "Jeyla", "lastName": "Keting"}, "canonicalUrl": "https://foursquare.com/item/536242dc498ee94a21a64efd", "todo": {"count": 0}, "disagreeCount": 0}, {"logView": true, "lang": "en", "createdAt": 1269569582, "agreeCount": 0, "likes": {"groups": [], "count": 0}, "id": "4bac182e70c603bba4b595b4", "text": "They have shifted to the mega coffeeshop at 19A Dover Crescent. Already flagged as  current address as incorrect on Foursquare.", "type": "user", "user": {"gender": "male", "id": "486771", "photo": {"prefix": "https://igx.4sqi.net/img/user/", "suffix": "/ICL1SSAWTEB2YY5E.jpg"}, "firstName": "Charles", "lastName": "Chua"}, "canonicalUrl": "https://foursquare.com/item/4bac182e70c603bba4b595b4", "todo": {"count": 1}, "disagreeCount": 0}, {"logView": true, "lang": "en", "createdAt": 1325053149, "agreeCount": 0, "likes": {"groups": [], "count": 0}, "id": "4efab4dd8b81ef98d39889f2", "text": "Tasty XO fish soup!", "type": "user", "user": {"gender": "female", "id": "3149461", "photo": {"prefix": "https://igx.4sqi.net/img/user/", "suffix": "/E05OZ0442MVHZB0U.jpg"}, "firstName": "SHERLYN", "lastName": "LER"}, "canonicalUrl": "https://foursquare.com/item/4efab4dd8b81ef98d39889f2", "todo": {"count": 0}, "disagreeCount": 0}, {"logView": true, "lang": "en", "createdAt": 1290216187, "agreeCount": 0, "likes": {"groups": [], "count": 0}, "id": "4ce722fbfe90a35df37a3a0e", "text": "the fish noodle is good but i recommended the version without XO. The prawn roll is also excellent.", "type": "user", "user": {"gender": "male", "id": "838688", "photo": {"prefix": "https://igx.4sqi.net/img/user/", "suffix": "/838688-SIB5XGNCAALEBPM4.jpg"}, "firstName": "Patrick", "lastName": "Peh"}, "canonicalUrl": "https://foursquare.com/item/4ce722fbfe90a35df37a3a0e", "todo": {"count": 0}, "disagreeCount": 0}, {"logView": true, "lang": "en", "createdAt": 1377433409, "agreeCount": 1, "likes": {"groups": [{"items": [{"id": "151272703", "photo": {"prefix": "https://igx.4sqi.net/img/user/", "default": true, "suffix": "/blank_boy.png"}, "firstName": "Shaun", "gender": "male"}], "count": 1, "type": "others"}], "summary": "1 like", "count": 1}, "id": "5219f74111d2b33a40afb294", "text": "I like the food here, but am not sure if it is worth paying a high price and facing their horrible attitudes.", "type": "user", "user": {"gender": "male", "id": "56640093", "photo": {"prefix": "https://igx.4sqi.net/img/user/", "default": true, "suffix": "/blank_boy.png"}, "firstName": "Bert", "lastName": "Nert"}, "canonicalUrl": "https://foursquare.com/item/5219f74111d2b33a40afb294", "todo": {"count": 0}, "disagreeCount": 0}, {"logView": true, "lang": "en", "createdAt": 1315136576, "agreeCount": 0, "likes": {"groups": [], "count": 0}, "id": "4e636440d164ddd5e62bff7c", "text": "Lime juice is only S$1", "type": "user", "user": {"gender": "male", "id": "11382820", "photo": {"prefix": "https://igx.4sqi.net/img/user/", "suffix": "/EMEBSVYDK4AWXP0M.jpg"}, "firstName": "Richard", "lastName": "Busch"}, "canonicalUrl": "https://foursquare.com/item/4e636440d164ddd5e62bff7c", "todo": {"count": 0}, "disagreeCount": 0}, {"authorInteractionType": "disliked", "logView": true, "lang": "en", "createdAt": 1402380059, "agreeCount": 1, "likes": {"groups": [{"items": [{"id": "151272703", "photo": {"prefix": "https://igx.4sqi.net/img/user/", "default": true, "suffix": "/blank_boy.png"}, "firstName": "Shaun", "gender": "male"}], "count": 1, "type": "others"}], "summary": "1 like", "count": 1}, "id": "53969f1b498ec1d78f46fced", "text": "Lauded as the first XO fish head bee hoon in Singapore, the standards here have obviously dropped. Sadly the San loh hor fun is also v blah. Not coming back.", "type": "user", "user": {"id": "55390456", "photo": {"prefix": "https://igx.4sqi.net/img/user/", "suffix": "/55390456_xjGWfjYZ_UAMBNliBjCxql6WleMj7JVZzY9y3t2_6WtR-3ecn7WlfLcMpWqn7tIYj_11T_fb-.jpg"}, "firstName": "Ting", "gender": "female"}, "canonicalUrl": "https://foursquare.com/item/53969f1b498ec1d78f46fced", "todo": {"count": 0}, "disagreeCount": 0}, {"authorInteractionType": "liked", "logView": true, "lang": "en", "createdAt": 1467902910, "agreeCount": 0, "likes": {"groups": [], "count": 0}, "id": "577e6bbe498ee936f2f6fff3", "text": "XO Fish head bee Hoon is good. Also try the fish slice kuey Teow and prawn paste fried chicken wings", "type": "user", "user": {"gender": "male", "id": "898810", "photo": {"prefix": "https://igx.4sqi.net/img/user/", "suffix": "/240XEW1XMO4NQW0S.jpg"}, "firstName": "Leonard", "lastName": "Lim"}, "canonicalUrl": "https://foursquare.com/item/577e6bbe498ee936f2f6fff3", "todo": {"count": 0}, "disagreeCount": 0}, {"logView": true, "lang": "en", "createdAt": 1293688688, "agreeCount": 0, "likes": {"groups": [{"items": [], "count": 1, "type": "others"}], "summary": "1 like", "count": 1}, "id": "4d1c1f70763fb1f7c3688866", "text": "They close for an afternoon siesta at 2pm so come before then", "type": "user", "user": {"gender": "male", "id": "1219773", "photo": {"prefix": "https://igx.4sqi.net/img/user/", "suffix": "/LZ0J3DVPPYXHRQTH.jpg"}, "firstName": "Hughlyn", "lastName": "Tan"}, "canonicalUrl": "https://foursquare.com/item/4d1c1f70763fb1f7c3688866", "todo": {"count": 0}, "disagreeCount": 0}, {"logView": true, "lang": "en", "createdAt": 1304220630, "agreeCount": 0, "likes": {"groups": [], "count": 0}, "id": "4dbcd3d693a08f9274c8f98e", "text": "Opening hrs 11.30-2.00 & 5-11pm", "type": "user", "user": {"gender": "female", "id": "5683113", "photo": {"prefix": "https://igx.4sqi.net/img/user/", "suffix": "/HIC3TOXOHNXX0FBG.jpg"}, "firstName": "Sally", "lastName": "Chong"}, "canonicalUrl": "https://foursquare.com/item/4dbcd3d693a08f9274c8f98e", "todo": {"count": 0}, "disagreeCount": 0}, {"authorInteractionType": "meh", "logView": true, "lang": "en", "createdAt": 1428499890, "agreeCount": 0, "likes": {"groups": [], "count": 0}, "id": "55252db2498ee2b921627834", "text": "The xo fish head noodles were once my favourite. Over the years the standard has dropped. Ingredients start to fade, tenderness of the fish disappeared but one thing remained, the taste of the soup.", "type": "user", "user": {"gender": "male", "id": "41398070", "photo": {"prefix": "https://igx.4sqi.net/img/user/", "suffix": "/PLM3IEL1YNSYNYBH.jpg"}, "firstName": "Malcolm", "lastName": "Lee"}, "canonicalUrl": "https://foursquare.com/item/55252db2498ee2b921627834", "todo": {"count": 0}, "disagreeCount": 0}, {"logView": true, "lang": "en", "createdAt": 1317049062, "agreeCount": 1, "likes": {"groups": [{"items": [{"id": "22328179", "photo": {"prefix": "https://igx.4sqi.net/img/user/", "suffix": "/22328179_VDb0Avtf_CELzRqbGq95TEPN00r7Ia6fYqnlfERM8ehga5PMgUjY1GNYSteIZC-J4YXzjyGCc.jpg"}, "firstName": "Sethu \ud83c\udfad", "gender": "male"}], "count": 1, "type": "others"}], "summary": "1 like", "count": 1}, "id": "4e8092e6cc21a797e715829d", "text": "Don't ever order the XO fish head Bee Hoon. Ended up so frustrated trying to drink the soup without having all the crushed skull n scales in it. Hardly any meat also.", "type": "user", "user": {"gender": "male", "id": "926292", "photo": {"prefix": "https://igx.4sqi.net/img/user/", "suffix": "/SQLZRUAK5BWWKDUW.jpg"}, "firstName": "Adrian", "lastName": "Ooi"}, "canonicalUrl": "https://foursquare.com/item/4e8092e6cc21a797e715829d", "todo": {"count": 0}, "disagreeCount": 0}, {"authorInteractionType": "liked", "logView": true, "lang": "en", "createdAt": 1488088931, "agreeCount": 0, "likes": {"groups": [], "count": 0}, "id": "58b26f63158bbb39c6a3fd4a", "text": "Tasty broth. Affordable simple fare. Definitely get the one with XO! Prawn paste chicken is very good too, crunchy outside and tender inside.", "type": "user", "user": {"id": "94107302", "photo": {"prefix": "https://igx.4sqi.net/img/user/", "suffix": "/94107302-PIKO5DK524DQWLEG.jpg"}, "firstName": "Y.", "gender": "female"}, "canonicalUrl": "https://foursquare.com/item/58b26f63158bbb39c6a3fd4a", "todo": {"count": 0}, "disagreeCount": 0}, {"authorInteractionType": "liked", "logView": true, "lang": "la", "createdAt": 1447719237, "agreeCount": 0, "likes": {"groups": [], "count": 0}, "id": "564a714538faca6484d69900", "text": "\ud83d\udc4d\ud83c\udffb fried prawn paste chicken \ud83d\udc4d\ud83c\udffb sliced fish hor fun \ud83d\udc4d\ud83c\udffb sambal kang kong \ud83d\udc4e\ud83c\udffb xo sliced fish bee hoon soup", "type": "user", "user": {"id": "5705936", "photo": {"prefix": "https://igx.4sqi.net/img/user/", "suffix": "/G2TFLUIGB2TGKJJZ.jpg"}, "firstName": "Avanna", "gender": "female"}, "canonicalUrl": "https://foursquare.com/item/564a714538faca6484d69900", "todo": {"count": 0}, "disagreeCount": 0}, {"logView": true, "lang": "en", "createdAt": 1427814137, "agreeCount": 1, "likes": {"groups": [{"items": [{"id": "30562435", "photo": {"prefix": "https://igx.4sqi.net/img/user/", "suffix": "/30562435_hUw1KD7B_ShBcKe1imgkwRIttRjSGO9rGggBEWarx0l83VA3x8LWxHTxNyKMDTzJOlCFgvJC1.jpg"}, "firstName": "minzyiii", "gender": "female"}], "count": 1, "type": "others"}], "summary": "1 like", "count": 1}, "id": "551ab6f9498e6cd6d0f7a418", "text": "My favourite XO fish head bee hoon. Highly recommended! Give 5-stars.", "type": "user", "user": {"gender": "male", "id": "102126017", "photo": {"prefix": "https://igx.4sqi.net/img/user/", "suffix": "/102126017-2J2AAEQLAD3YDJJ3.jpg"}, "firstName": "Choo Yao Chuen", "lastName": "Yao Chuen"}, "canonicalUrl": "https://foursquare.com/item/551ab6f9498e6cd6d0f7a418", "todo": {"count": 0}, "disagreeCount": 0}, {"authorInteractionType": "meh", "logView": true, "lang": "en", "createdAt": 1387720986, "agreeCount": 1, "likes": {"groups": [{"items": [{"gender": "male", "id": "77981330", "photo": {"prefix": "https://igx.4sqi.net/img/user/", "suffix": "/77981330-JO1WIF4PM0JMBZ3O.jpg"}, "firstName": "Immanuel", "lastName": "Goh"}], "count": 1, "type": "others"}], "summary": "1 like", "count": 1}, "id": "52b6f11a498e07d1bce45550", "text": "Recommended: xo fish meat bee hoon soup & prawn paste chicken!", "type": "user", "user": {"gender": "male", "id": "709145", "photo": {"prefix": "https://igx.4sqi.net/img/user/", "suffix": "/709145_62OUhHpG_N8yHxbn_KBNcrRYrvwQ4Y52Ysc2RVHbDi998IS86PY4Y0ewXVUAPMUmJxQsIeMYx.jpg"}, "firstName": "Jeffrey", "lastName": "Lim"}, "canonicalUrl": "https://foursquare.com/item/52b6f11a498e07d1bce45550", "todo": {"count": 1}, "disagreeCount": 0}, {"logView": true, "lang": "en", "createdAt": 1290087624, "agreeCount": 2, "likes": {"groups": [{"items": [{"id": "13144426", "photo": {"prefix": "https://igx.4sqi.net/img/user/", "suffix": "/13144426-R4MXG5T4GDE3KM3A.jpg"}, "firstName": "Wai Min", "gender": "female"}, {"gender": "male", "id": "22774283", "photo": {"prefix": "https://igx.4sqi.net/img/user/", "suffix": "/WTRSVGJHN1L1W12R.jpg"}, "firstName": "Leongahkau", "lastName": "Leongthongchoy"}], "count": 2, "type": "others"}], "summary": "2 likes", "count": 2}, "id": "4ce52cc8dfaef04df8866c83", "text": "In addition to the soup, try the shan lao hor fun and prawn paste chicken (ha cheong kai).", "type": "user", "user": {"id": "138791", "photo": {"prefix": "https://igx.4sqi.net/img/user/", "suffix": "/138791-XZ4X04MSTXYGPX4I.jpg"}, "firstName": "David", "gender": "male"}, "canonicalUrl": "https://foursquare.com/item/4ce52cc8dfaef04df8866c83", "todo": {"count": 2}, "disagreeCount": 0}, {"logView": true, "lang": "en", "createdAt": 1388484404, "agreeCount": 1, "likes": {"groups": [{"items": [{"gender": "male", "id": "149405", "photo": {"prefix": "https://igx.4sqi.net/img/user/", "suffix": "/149405-5UP3W0AUI50ZCDMH.jpg"}, "firstName": "Brunold", "lastName": "Loidl"}], "count": 1, "type": "others"}], "summary": "1 like", "count": 1}, "id": "52c29734498e5858abfca563", "text": "Shrimp paste fried chicken is the best in the country", "type": "user", "user": {"gender": "female", "id": "121604", "photo": {"prefix": "https://igx.4sqi.net/img/user/", "suffix": "/JT13BKZ0ZQZKZPBA.jpg"}, "firstName": "jocelyn", "lastName": "L."}, "canonicalUrl": "https://foursquare.com/item/52c29734498e5858abfca563", "todo": {"count": 0}, "disagreeCount": 0}, {"logView": true, "lang": "en", "createdAt": 1317030709, "agreeCount": 1, "likes": {"groups": [{"items": [{"gender": "male", "id": "26801887", "photo": {"prefix": "https://igx.4sqi.net/img/user/", "suffix": "/HLL13X3TIMKPG5HV.jpg"}, "firstName": "Alvin", "lastName": "Chan"}], "count": 1, "type": "others"}], "summary": "1 like", "count": 1}, "id": "4e804b35775ba065280ef2e0", "text": "The chicken cutlet from the Western stall is pretty good :)\ue341", "type": "user", "user": {"gender": "female", "id": "13583762", "photo": {"prefix": "https://igx.4sqi.net/img/user/", "suffix": "/VXW5WFL5ZBTWZELO.jpg"}, "firstName": "Deborah", "lastName": "Ho"}, "canonicalUrl": "https://foursquare.com/item/4e804b35775ba065280ef2e0", "todo": {"count": 0}, "disagreeCount": 0}, {"logView": true, "lang": "en", "createdAt": 1396521704, "agreeCount": 1, "likes": {"groups": [{"items": [{"id": "151272703", "photo": {"prefix": "https://igx.4sqi.net/img/user/", "default": true, "suffix": "/blank_boy.png"}, "firstName": "Shaun", "gender": "male"}], "count": 1, "type": "others"}], "summary": "1 like", "count": 1}, "id": "533d3ae8498e0a96269864b9", "text": "still as corky as ever.", "type": "user", "user": {"gender": "female", "id": "81463617", "photo": {"prefix": "https://igx.4sqi.net/img/user/", "suffix": "/81463617-PVTIQXJ021AQ0UP3.jpg"}, "firstName": "Samantha", "lastName": "Kho"}, "canonicalUrl": "https://foursquare.com/item/533d3ae8498e0a96269864b9", "todo": {"count": 0}, "disagreeCount": 0}, {"logView": true, "lang": "en", "createdAt": 1290732404, "agreeCount": 0, "likes": {"groups": [], "count": 0}, "id": "4cef03747db3224b8f8b2a2e", "text": "Minced Meat Noodle is wonderful .", "type": "user", "user": {"gender": "male", "id": "4821084", "photo": {"prefix": "https://igx.4sqi.net/img/user/", "suffix": "/WLQXXJIPVA05WVQP.jpg"}, "firstName": "Kokwei", "lastName": "Phoon"}, "canonicalUrl": "https://foursquare.com/item/4cef03747db3224b8f8b2a2e", "todo": {"count": 0}, "disagreeCount": 0}, {"logView": true, "lang": "en", "createdAt": 1402812634, "agreeCount": 0, "likes": {"groups": [], "count": 0}, "id": "539d38da11d2c9770ee6d834", "text": "Thought I would give this a try and wasn't familiar with the price and ordering procedure. Aunty was rude and shouting. Food turned out sorely disappointing. Prefer original type", "type": "user", "user": {"gender": "female", "id": "5510076", "photo": {"prefix": "https://igx.4sqi.net/img/user/", "suffix": "/5510076_SpxNT6nQ_mxIyyq9gE_RsLluyWHyIgaVkK2tBHZ43A314UZpuCMw56_CFSpIJ7pAN5H94oZ5G.jpg"}, "firstName": "Wannie", "lastName": "M"}, "canonicalUrl": "https://foursquare.com/item/539d38da11d2c9770ee6d834", "todo": {"count": 0}, "disagreeCount": 0}, {"logView": true, "lang": "en", "createdAt": 1313410818, "agreeCount": 0, "likes": {"groups": [], "count": 0}, "id": "4e490f02d22d12b08be283e5", "text": "Waited almost half an hour", "type": "user", "user": {"gender": "male", "id": "3570264", "photo": {"prefix": "https://igx.4sqi.net/img/user/", "suffix": "/LVQKO1NC0VCM3Y41.jpg"}, "firstName": "James", "lastName": "Li Zhiwei"}, "canonicalUrl": "https://foursquare.com/item/4e490f02d22d12b08be283e5", "todo": {"count": 0}, "disagreeCount": 0}, {"logView": true, "lang": "en", "createdAt": 1374144987, "agreeCount": 1, "likes": {"groups": [{"items": [{"id": "151272703", "photo": {"prefix": "https://igx.4sqi.net/img/user/", "default": true, "suffix": "/blank_boy.png"}, "firstName": "Shaun", "gender": "male"}], "count": 1, "type": "others"}], "summary": "1 like", "count": 1}, "id": "51e7c9db498e2a68e648ce2f", "text": "Boycott bad service!", "type": "user", "user": {"gender": "female", "id": "4572965", "photo": {"prefix": "https://igx.4sqi.net/img/user/", "suffix": "/WSEANCWBNYWHBYOF.jpg"}, "firstName": "Joo chin", "lastName": "Tay"}, "canonicalUrl": "https://foursquare.com/item/51e7c9db498e2a68e648ce2f", "todo": {"count": 0}, "disagreeCount": 0}, {"logView": true, "lang": "en", "createdAt": 1297852479, "agreeCount": 1, "likes": {"groups": [{"items": [{"id": "151272703", "photo": {"prefix": "https://igx.4sqi.net/img/user/", "default": true, "suffix": "/blank_boy.png"}, "firstName": "Shaun", "gender": "male"}], "count": 1, "type": "others"}], "summary": "1 like", "count": 1}, "id": "4d5ba83fddac721efe1c65fe", "text": "The prawn paste chicken is good, but the service... in shambles... rude and disrespectful.", "type": "user", "user": {"gender": "male", "id": "1873486", "photo": {"prefix": "https://igx.4sqi.net/img/user/", "suffix": "/ZHRE2UFRGHAROLWG.jpg"}, "firstName": "Samuel", "lastName": "Chee"}, "canonicalUrl": "https://foursquare.com/item/4d5ba83fddac721efe1c65fe", "todo": {"count": 0}, "disagreeCount": 0}, {"logView": true, "lang": "en", "createdAt": 1385179198, "agreeCount": 1, "likes": {"groups": [{"items": [{"id": "151272703", "photo": {"prefix": "https://igx.4sqi.net/img/user/", "default": true, "suffix": "/blank_boy.png"}, "firstName": "Shaun", "gender": "male"}], "count": 1, "type": "others"}], "summary": "1 like", "count": 1}, "id": "5290283e11d2f23806f35e31", "text": "Lousy service, bad attitudes, once saw the fat rude uncle shouted at a maid for slow ordering , rather eat the chicken rice next door", "type": "user", "user": {"gender": "male", "id": "67157116", "photo": {"prefix": "https://igx.4sqi.net/img/user/", "default": true, "suffix": "/blank_boy.png"}, "firstName": "George", "lastName": "Tan"}, "canonicalUrl": "https://foursquare.com/item/5290283e11d2f23806f35e31", "todo": {"count": 0}, "disagreeCount": 0}, {"logView": true, "lang": "en", "createdAt": 1306758534, "agreeCount": 1, "likes": {"groups": [{"items": [{"id": "6802841", "photo": {"prefix": "https://igx.4sqi.net/img/user/", "suffix": "/U31AOEQPTRBDDSHM.jpg"}, "firstName": "Dhamol", "gender": "male"}], "count": 1, "type": "others"}], "summary": "1 like", "count": 1}, "id": "4de38d861f6e3190cd2998c4", "text": "Best hong kong kai lan. Must try !", "type": "user", "user": {"gender": "female", "id": "5907658", "photo": {"prefix": "https://igx.4sqi.net/img/user/", "suffix": "/CE3QDSV4NYKDA2UC.jpg"}, "firstName": "Chin", "lastName": "Joycelyn"}, "canonicalUrl": "https://foursquare.com/item/4de38d861f6e3190cd2998c4", "todo": {"count": 0}, "disagreeCount": 0}, {"authorInteractionType": "liked", "logView": true, "lang": "en", "createdAt": 1453041983, "agreeCount": 0, "likes": {"groups": [], "count": 0}, "id": "569ba93f498e68330158fc94", "text": "XO fish head noodles and san lor hor fun are their recommended dishes. The latter really got wok hei.", "type": "user", "user": {"gender": "female", "id": "42668193", "photo": {"prefix": "https://igx.4sqi.net/img/user/", "suffix": "/TD0GT2403DBIQDT5.jpg"}, "firstName": "Elizabeth", "lastName": "Lee"}, "canonicalUrl": "https://foursquare.com/item/569ba93f498e68330158fc94", "todo": {"count": 0}, "disagreeCount": 0}], "count": 42}}}