{"meta": {"code": 200, "requestId": "595a4a3b4434b96be585b273"}, "response": {"tips": {"items": [{"logView": true, "lang": "en", "createdAt": 1284612746, "agreeCount": 0, "likes": {"groups": [], "count": 0}, "id": "4c91a28aae45224b5bc0e997", "text": "Shit service. Found hair in soup and staff wasn't even apologetic!", "type": "user", "user": {"gender": "female", "id": "280559", "photo": {"prefix": "https://igx.4sqi.net/img/user/", "suffix": "/1CE3MF3QJ14IVCXF.jpg"}, "firstName": "Check", "lastName": "Girl"}, "canonicalUrl": "https://foursquare.com/item/4c91a28aae45224b5bc0e997", "todo": {"count": 1}, "disagreeCount": 0}, {"logView": true, "lang": "en", "createdAt": 1283249865, "agreeCount": 2, "likes": {"groups": [{"items": [{"gender": "male", "id": "2410258", "photo": {"prefix": "https://igx.4sqi.net/img/user/", "suffix": "/2410258-5N10X3Q02G4KEI0I.jpg"}, "firstName": "Calvin", "lastName": "C."}], "count": 2, "type": "others"}], "summary": "2 likes", "count": 2}, "id": "4c7cd6c9ad90224b912f8b0c", "text": "The berry yoghurt rocks!", "type": "user", "user": {"gender": "male", "id": "3055682", "photo": {"prefix": "https://igx.4sqi.net/img/user/", "suffix": "/ZMWI11HLTAUJPJCF.jpg"}, "firstName": "Atul", "lastName": "Jolly"}, "canonicalUrl": "https://foursquare.com/item/4c7cd6c9ad90224b912f8b0c", "todo": {"count": 0}, "disagreeCount": 0}, {"logView": true, "lang": "en", "createdAt": 1290559280, "agreeCount": 1, "likes": {"groups": [{"items": [{"gender": "male", "id": "21055181", "photo": {"prefix": "https://igx.4sqi.net/img/user/", "suffix": "/21055181-ZPUXJSHF1NW2OQOP.jpg"}, "firstName": "Sascha", "lastName": "Robi"}], "count": 1, "type": "others"}], "summary": "1 like", "count": 1}, "id": "4cec5f303b03f04d8d6a2edc", "text": "I think the unsmiling staff face is her natural face ... Sandwiches are still good! Me likey!!!", "type": "user", "user": {"id": "4780139", "photo": {"prefix": "https://igx.4sqi.net/img/user/", "suffix": "/4780139-RBZUTOH4FRNBFKSW.jpg"}, "firstName": "LuigiGirl", "gender": "female"}, "canonicalUrl": "https://foursquare.com/item/4cec5f303b03f04d8d6a2edc", "todo": {"count": 0}, "disagreeCount": 0}, {"logView": true, "lang": "en", "createdAt": 1284595289, "agreeCount": 0, "likes": {"groups": [], "count": 0}, "id": "4c915e591adc3704e29e2fd1", "text": "Couscous salad is perfect! Must try :) service isn't great though so expect nothing.", "type": "user", "user": {"gender": "female", "id": "280443", "photo": {"prefix": "https://igx.4sqi.net/img/user/", "suffix": "/280443-WWEYEWHLCHCN0HH3.jpg"}, "firstName": "Grace", "lastName": "Choong"}, "canonicalUrl": "https://foursquare.com/item/4c915e591adc3704e29e2fd1", "todo": {"count": 0}, "disagreeCount": 0}, {"logView": true, "lang": "en", "createdAt": 1284687727, "agreeCount": 0, "likes": {"groups": [], "count": 0}, "id": "4c92c76ff600236a393dc032", "text": "Staff don't smile. Why pay so much for shit service.", "type": "user", "user": {"gender": "female", "id": "280559", "photo": {"prefix": "https://igx.4sqi.net/img/user/", "suffix": "/1CE3MF3QJ14IVCXF.jpg"}, "firstName": "Check", "lastName": "Girl"}, "canonicalUrl": "https://foursquare.com/item/4c92c76ff600236a393dc032", "todo": {"count": 0}, "disagreeCount": 0}, {"logView": true, "lang": "en", "createdAt": 1398252157, "agreeCount": 0, "likes": {"groups": [], "count": 0}, "id": "5357a27d498ee6cd520cd523", "text": "The salmon and avocado sandwich is pretty good. Remember to ask them to toast it.", "type": "user", "user": {"gender": "male", "id": "1800723", "photo": {"prefix": "https://igx.4sqi.net/img/user/", "suffix": "/1800723-F0WUFP4XHA0UK4LZ.jpg"}, "firstName": "Leonard", "lastName": "Ong"}, "canonicalUrl": "https://foursquare.com/item/5357a27d498ee6cd520cd523", "todo": {"count": 0}, "disagreeCount": 0}, {"authorInteractionType": "liked", "logView": true, "lang": "en", "createdAt": 1451522590, "agreeCount": 0, "likes": {"groups": [], "count": 0}, "id": "56847a1e498e2aee0efe3136", "text": "The pumpkin falafel couscous hot pot is great!", "type": "user", "user": {"gender": "male", "id": "77930408", "photo": {"prefix": "https://igx.4sqi.net/img/user/", "suffix": "/77930408-UMA5LBILOXN24KIP.jpg"}, "firstName": "Neil", "lastName": "Madhvani"}, "canonicalUrl": "https://foursquare.com/item/56847a1e498e2aee0efe3136", "todo": {"count": 0}, "disagreeCount": 0}], "count": 7}}}