{"meta": {"code": 200, "requestId": "595a4c654434b96be59792b7"}, "response": {"tips": {"items": [{"logView": true, "lang": "en", "createdAt": 1393606322, "agreeCount": 0, "likes": {"groups": [], "count": 0}, "id": "5310beb2498e230cd253e966", "text": "The Moscow Mule we had were badly made", "type": "user", "user": {"gender": "female", "id": "11571608", "photo": {"prefix": "https://igx.4sqi.net/img/user/", "suffix": "/DNY1EH0QZRTU1F3X.jpg"}, "firstName": "Caroline", "lastName": "Gritte"}, "canonicalUrl": "https://foursquare.com/item/5310beb2498e230cd253e966", "todo": {"count": 0}, "disagreeCount": 0}, {"logView": true, "lang": "en", "createdAt": 1326482130, "agreeCount": 0, "likes": {"groups": [], "count": 0}, "id": "4f1082d2e4b067840fc3549b", "text": "Best Mojito (1 litre) in Cuba Libre bar!", "type": "user", "user": {"gender": "male", "id": "4244531", "photo": {"prefix": "https://igx.4sqi.net/img/user/", "suffix": "/045BMBPSRBYEEJI5.jpg"}, "firstName": "Dmitry", "lastName": "K"}, "canonicalUrl": "https://foursquare.com/item/4f1082d2e4b067840fc3549b", "todo": {"count": 0}, "disagreeCount": 0}, {"logView": true, "lang": "en", "createdAt": 1396144440, "agreeCount": 0, "likes": {"groups": [], "count": 0}, "id": "5337793811d2e09061908b6d", "text": "Mojitos are the best!", "type": "user", "user": {"id": "3612488", "photo": {"prefix": "https://igx.4sqi.net/img/user/", "suffix": "/3612488-EKY0JMT1PFTR5AH1.jpg"}, "firstName": "Badderflyy", "gender": "female"}, "canonicalUrl": "https://foursquare.com/item/5337793811d2e09061908b6d", "todo": {"count": 0}, "disagreeCount": 0}, {"authorInteractionType": "liked", "logView": true, "lang": "ru", "createdAt": 1445288558, "agreeCount": 0, "likes": {"groups": [], "count": 0}, "id": "56255a6e498e26a1fb76bfe6", "text": "\u041c\u0430\u043b\u0435\u043d\u044c\u043a\u0438\u0439, \u043d\u043e \u043e\u0447\u0435\u043d\u044c  \u0430\u0442\u043c\u043e\u0441\u0444\u0435\u0440\u043d\u044b\u0439 \u0431\u0430\u0440-\u043a\u043b\u0443\u0431, \u0436\u0438\u0432\u0430\u044f \u043c\u0443\u0437\u044b\u043a\u0430, \u0437\u0430\u0436\u0438\u0433\u0430\u0442\u0435\u043b\u044c\u043d\u044b\u0435 \u0442\u0430\u043d\u0446\u044b!!\ud83d\udc83\ud83d\udc83\ud83d\udc83", "type": "user", "user": {"gender": "female", "id": "28884571", "photo": {"prefix": "https://igx.4sqi.net/img/user/", "suffix": "/ZWF05AFWYMJYND1T.jpg"}, "firstName": "\u0422\u0430\u0442\u044c\u044f\u043d\u043a\u0430", "lastName": "\u042f."}, "canonicalUrl": "https://foursquare.com/item/56255a6e498e26a1fb76bfe6", "todo": {"count": 0}, "disagreeCount": 0}, {"logView": true, "lang": "en", "createdAt": 1315459527, "agreeCount": 0, "likes": {"groups": [], "count": 0}, "id": "4e6851c72271685ed966dd8e", "text": "Glenfidditch is THE drink to get!", "type": "user", "user": {"gender": "female", "id": "7169143", "photo": {"prefix": "https://igx.4sqi.net/img/user/", "suffix": "/EE2OVZF54NARMYP0.jpg"}, "firstName": "Yah", "lastName": "Harhar"}, "canonicalUrl": "https://foursquare.com/item/4e6851c72271685ed966dd8e", "todo": {"count": 0}, "disagreeCount": 0}, {"logView": true, "lang": "en", "createdAt": 1273768259, "agreeCount": 0, "likes": {"groups": [{"items": [], "count": 1, "type": "others"}], "summary": "1 like", "count": 1}, "id": "4bec294370c603bb31579bb4", "text": "Have dinner here", "type": "user", "user": {"gender": "female", "id": "941117", "photo": {"prefix": "https://igx.4sqi.net/img/user/", "suffix": "/RVXA5VWI3VUF0RSB.jpg"}, "firstName": "Siti", "lastName": "Saad"}, "canonicalUrl": "https://foursquare.com/item/4bec294370c603bb31579bb4", "todo": {"count": 0}, "disagreeCount": 0}, {"logView": true, "lang": "en", "createdAt": 1313676790, "agreeCount": 0, "likes": {"groups": [], "count": 0}, "id": "4e4d1df6a809b3dab3b2ac16", "text": "The service is horrible! Drinks are good though", "type": "user", "user": {"gender": "female", "id": "2455158", "photo": {"prefix": "https://igx.4sqi.net/img/user/", "suffix": "/WJ2XABAQO2HM3ZSQ.jpg"}, "firstName": "Jennifer", "lastName": "C"}, "canonicalUrl": "https://foursquare.com/item/4e4d1df6a809b3dab3b2ac16", "todo": {"count": 0}, "disagreeCount": 0}, {"authorInteractionType": "meh", "logView": true, "lang": "en", "createdAt": 1458919570, "agreeCount": 0, "likes": {"groups": [], "count": 0}, "id": "56f55892cd10878cb30332e0", "text": "Mojito was great but Frozen Margarita disappointed me. A lot :(", "type": "user", "user": {"gender": "female", "id": "19567528", "photo": {"prefix": "https://igx.4sqi.net/img/user/", "suffix": "/19567528-TUG2ZIZLQNIBI4A2.jpg"}, "firstName": "Liza", "lastName": "Tripsget"}, "canonicalUrl": "https://foursquare.com/item/56f55892cd10878cb30332e0", "todo": {"count": 0}, "disagreeCount": 0}, {"logView": true, "lang": "en", "createdAt": 1393253674, "agreeCount": 1, "likes": {"groups": [{"items": [{"gender": "male", "id": "3865342", "photo": {"prefix": "https://igx.4sqi.net/img/user/", "suffix": "/3865342-NANPAM0LH0FZMQYD.jpg"}, "firstName": "Kobi", "lastName": "Rehm"}], "count": 1, "type": "others"}], "summary": "1 like", "count": 1}, "id": "530b5d2a498e69fe87681f5f", "text": "They have a live bad playing to no one on Mondays....", "type": "user", "user": {"gender": "female", "id": "4768948", "photo": {"prefix": "https://igx.4sqi.net/img/user/", "suffix": "/4768948-SDYJRY5OLIZD534B.jpg"}, "firstName": "Dre", "lastName": "Michelotti"}, "canonicalUrl": "https://foursquare.com/item/530b5d2a498e69fe87681f5f", "todo": {"count": 0}, "disagreeCount": 0}, {"logView": true, "lang": "en", "createdAt": 1264835168, "todo": {"count": 0}, "agreeCount": 2, "likes": {"groups": [{"items": [{"gender": "female", "id": "33142955", "photo": {"prefix": "https://igx.4sqi.net/img/user/", "suffix": "/33142955-KOXQSSGM3BPRNLMI.jpg"}, "firstName": "Dora", "lastName": "Ayala"}, {"gender": "none", "id": "43277889", "photo": {"prefix": "https://igx.4sqi.net/img/user/", "suffix": "/43277889-NFGJKMFMNQYQ1AFF.jpg"}, "firstName": "Shan", "lastName": "Osorio"}, {"gender": "male", "id": "21489952", "photo": {"prefix": "https://igx.4sqi.net/img/user/", "suffix": "/JJMURQUNAZS4YBCH.jpg"}, "firstName": "Hyungjoon", "lastName": "Cho"}], "count": 2, "type": "others"}], "summary": "2 likes", "count": 2}, "id": "4b63da6070c603bb891f91b4", "text": "best Brazilian Mojitos in Singapore ever! And they're 2 for the price of 1 during Happy Hours :D", "disagreeCount": 0, "url": "http://www.cubalibre.com.sg", "user": {"gender": "female", "id": "172357", "photo": {"prefix": "https://igx.4sqi.net/img/user/", "suffix": "/2JINUBJMPVL04BLM.jpg"}, "firstName": "Nadia", "lastName": "Daeng"}, "canonicalUrl": "https://foursquare.com/item/4b63da6070c603bb891f91b4", "type": "user"}, {"logView": true, "lang": "en", "createdAt": 1396458525, "agreeCount": 0, "likes": {"groups": [], "count": 0}, "id": "533c441d11d2e09061a53ae1", "text": "Informed: Salsa nights are on Sundays.", "type": "user", "user": {"gender": "male", "id": "28250461", "photo": {"prefix": "https://igx.4sqi.net/img/user/", "suffix": "/QOXZH0SMZ0PCVT35.jpg"}, "firstName": "PH", "lastName": "Tan"}, "canonicalUrl": "https://foursquare.com/item/533c441d11d2e09061a53ae1", "todo": {"count": 0}, "disagreeCount": 0}, {"logView": true, "lang": "en", "createdAt": 1348332604, "agreeCount": 0, "likes": {"groups": [], "count": 0}, "id": "505dec3ce4b03a383a90c293", "text": "Great tasting Taco!", "type": "user", "user": {"gender": "male", "id": "1151942", "photo": {"prefix": "https://igx.4sqi.net/img/user/", "suffix": "/0YAOVPHLDE55TDMA.jpg"}, "firstName": "poi", "lastName": "hierro"}, "canonicalUrl": "https://foursquare.com/item/505dec3ce4b03a383a90c293", "todo": {"count": 0}, "disagreeCount": 0}, {"logView": true, "lang": "en", "createdAt": 1325162035, "agreeCount": 0, "likes": {"groups": [], "count": 0}, "id": "4efc5e339adf02fe6a210d80", "text": "Good music. Food not so grea", "type": "user", "user": {"gender": "female", "id": "2569371", "photo": {"prefix": "https://igx.4sqi.net/img/user/", "suffix": "/DPLVC1HTFYSBKHG4.jpg"}, "firstName": "Melissa", "lastName": "Ortiz"}, "canonicalUrl": "https://foursquare.com/item/4efc5e339adf02fe6a210d80", "todo": {"count": 0}, "disagreeCount": 0}, {"logView": true, "lang": "en", "createdAt": 1291475262, "agreeCount": 1, "likes": {"groups": [{"items": [{"id": "6051398", "photo": {"prefix": "https://igx.4sqi.net/img/user/", "suffix": "/6051398_mhMkjaem_Y4gA77SYFjtTUhPHL5sES3Z34YDm9s7RiJeyZwLyLeJvEJ1xr_211_xFAUK3Ut_4.jpg"}, "firstName": "Tango\ud83c\udf2a", "gender": "male"}], "count": 1, "type": "others"}], "summary": "1 like", "count": 1}, "id": "4cfa593ec671721e68cdbc18", "text": "awesome mojitos!", "type": "user", "user": {"gender": "female", "id": "4232363", "photo": {"prefix": "https://igx.4sqi.net/img/user/", "suffix": "/RDZ3KNTRGWKVP0LB.jpg"}, "firstName": "Jolene", "lastName": "Choo"}, "canonicalUrl": "https://foursquare.com/item/4cfa593ec671721e68cdbc18", "todo": {"count": 0}, "disagreeCount": 0}, {"logView": true, "lang": "en", "createdAt": 1297261264, "agreeCount": 1, "likes": {"groups": [{"items": [{"gender": "male", "id": "63533197", "photo": {"prefix": "https://igx.4sqi.net/img/user/", "suffix": "/T0TOCPLJNE33NQBG.jpg"}, "firstName": "Boboi", "lastName": "Kay"}], "count": 1, "type": "others"}], "summary": "1 like", "count": 1}, "id": "4d52a2d0a9dd2d43982806b4", "text": "the best place to hang out. they play my favorite latin songs. Mojito + meatballs... awesome!", "type": "user", "user": {"gender": "male", "id": "6702100", "photo": {"prefix": "https://igx.4sqi.net/img/user/", "suffix": "/ZANEH1QDFIKRQCZ4.jpg"}, "firstName": "Manni", "lastName": "Spain"}, "canonicalUrl": "https://foursquare.com/item/4d52a2d0a9dd2d43982806b4", "todo": {"count": 1}, "disagreeCount": 0}, {"logView": true, "lang": "en", "createdAt": 1327458964, "agreeCount": 0, "likes": {"groups": [], "count": 0}, "id": "4f1f6a94e4b00ee7508a4c54", "text": "Don't miss the mojito", "type": "user", "user": {"gender": "female", "id": "646332", "photo": {"prefix": "https://igx.4sqi.net/img/user/", "suffix": "/QCXNIM3DRZKHPW3X.jpg"}, "firstName": "Sundus", "lastName": "Rasheed"}, "canonicalUrl": "https://foursquare.com/item/4f1f6a94e4b00ee7508a4c54", "todo": {"count": 0}, "disagreeCount": 0}, {"authorInteractionType": "liked", "logView": true, "lang": "en", "photo": {"id": "520a3ab6498e9224d95f5d84", "visibility": "public", "source": {"name": "Foursquare for Android", "url": "https://foursquare.com/download/#/android"}, "suffix": "/63533197_982w9B-tzYu5ggsy9OdnL-xRp3HCOZRJwHn3PE6FJa8.jpg", "createdAt": 1376402102, "prefix": "https://igx.4sqi.net/img/general/", "width": 720, "height": 960}, "createdAt": 1376402099, "todo": {"count": 0}, "agreeCount": 1, "likes": {"groups": [{"items": [{"gender": "male", "id": "63533197", "photo": {"prefix": "https://igx.4sqi.net/img/user/", "suffix": "/T0TOCPLJNE33NQBG.jpg"}, "firstName": "Boboi", "lastName": "Kay"}], "count": 1, "type": "others"}], "summary": "1 like", "count": 1}, "id": "520a3ab311d26d65c1edfca8", "text": "Supppaaaa....", "disagreeCount": 0, "user": {"gender": "male", "id": "63533197", "photo": {"prefix": "https://igx.4sqi.net/img/user/", "suffix": "/T0TOCPLJNE33NQBG.jpg"}, "firstName": "Boboi", "lastName": "Kay"}, "canonicalUrl": "https://foursquare.com/item/520a3ab311d26d65c1edfca8", "type": "user", "photourl": "https://igx.4sqi.net/img/general/original/63533197_982w9B-tzYu5ggsy9OdnL-xRp3HCOZRJwHn3PE6FJa8.jpg"}, {"logView": true, "lang": "en", "createdAt": 1425310052, "agreeCount": 0, "likes": {"groups": [], "count": 0}, "id": "54f48164498ecba134ab16e9", "text": "Cool place to samba. Mojitos here is great!!!", "type": "user", "user": {"gender": "male", "id": "102126017", "photo": {"prefix": "https://igx.4sqi.net/img/user/", "suffix": "/102126017-2J2AAEQLAD3YDJJ3.jpg"}, "firstName": "Choo Yao Chuen", "lastName": "Yao Chuen"}, "canonicalUrl": "https://foursquare.com/item/54f48164498ecba134ab16e9", "todo": {"count": 0}, "disagreeCount": 0}, {"logView": true, "lang": "en", "createdAt": 1305995524, "agreeCount": 0, "likes": {"groups": [], "count": 0}, "id": "4dd7e904d1647fcf3e5618d9", "text": "Excellent band, mojitos not so great but good, the food i tried not value its price. Anyway great place for dance and drink.", "type": "user", "user": {"gender": "male", "id": "5848661", "photo": {"prefix": "https://igx.4sqi.net/img/user/", "default": true, "suffix": "/blank_boy.png"}, "firstName": "Arnaud", "lastName": "Gautier"}, "canonicalUrl": "https://foursquare.com/item/4dd7e904d1647fcf3e5618d9", "todo": {"count": 0}, "disagreeCount": 0}, {"logView": true, "lang": "en", "createdAt": 1266259324, "agreeCount": 0, "likes": {"groups": [{"items": [], "count": 2, "type": "others"}], "summary": "2 likes", "count": 2}, "id": "4b79957c70c603bbc55192b4", "text": "1 for 1 sun, Mon n tue for spirits, beers wines n mojitos!", "type": "user", "user": {"gender": "female", "id": "377500", "photo": {"prefix": "https://igx.4sqi.net/img/user/", "suffix": "/C4TKZS3Y3RILQND1.jpg"}, "firstName": "Jules", "lastName": "Wei"}, "canonicalUrl": "https://foursquare.com/item/4b79957c70c603bbc55192b4", "todo": {"count": 2}, "disagreeCount": 0}, {"logView": true, "lang": "en", "createdAt": 1286030278, "agreeCount": 5, "likes": {"groups": [{"items": [{"gender": "male", "id": "63533197", "photo": {"prefix": "https://igx.4sqi.net/img/user/", "suffix": "/T0TOCPLJNE33NQBG.jpg"}, "firstName": "Boboi", "lastName": "Kay"}, {"gender": "male", "id": "2223380", "photo": {"prefix": "https://igx.4sqi.net/img/user/", "suffix": "/-OO3DXFZ5K2H40MP0.jpg"}, "firstName": "tonie", "lastName": "Buramyakorn"}, {"gender": "male", "id": "6440290", "photo": {"prefix": "https://igx.4sqi.net/img/user/", "suffix": "/RKVQNWMUB1LREEQV.jpg"}, "firstName": "Chandresh", "lastName": "Trivedi"}, {"id": "2445063", "photo": {"prefix": "https://igx.4sqi.net/img/user/", "suffix": "/2445063-QNLC2G3KF0D3SD50.jpg"}, "firstName": "vOn", "gender": "female"}], "count": 5, "type": "others"}], "summary": "5 likes", "count": 5}, "id": "4ca743c644a8224b60330b40", "text": "The best Mojito in town.", "type": "user", "user": {"id": "278978", "photo": {"prefix": "https://igx.4sqi.net/img/user/", "suffix": "/278978-12FOWW0A3SZDORA1.jpg"}, "firstName": "Musxzart", "gender": "male"}, "canonicalUrl": "https://foursquare.com/item/4ca743c644a8224b60330b40", "todo": {"count": 0}, "disagreeCount": 0}, {"logView": true, "lang": "en", "createdAt": 1289305577, "agreeCount": 0, "likes": {"groups": [], "count": 0}, "id": "4cd93de91891236a8f2d3a0b", "text": "Best mojitos I've had, an comin from a fello mixologist its a v.good compliment!! Service is very good too surprisingly...well done", "type": "user", "user": {"gender": "male", "id": "2917855", "photo": {"prefix": "https://igx.4sqi.net/img/user/", "suffix": "/1052OCGT4EOKYKLK.jpg"}, "firstName": "Mark", "lastName": "Wee"}, "canonicalUrl": "https://foursquare.com/item/4cd93de91891236a8f2d3a0b", "todo": {"count": 0}, "disagreeCount": 0}, {"logView": true, "lang": "en", "createdAt": 1411833243, "agreeCount": 0, "likes": {"groups": [], "count": 0}, "id": "5426dd9b498e4892a27098a2", "text": "It's salsa time \ud83d\ude04\ud83d\udc83\ud83d\udc83", "type": "user", "user": {"gender": "female", "id": "4565354", "photo": {"prefix": "https://igx.4sqi.net/img/user/", "suffix": "/UVPWKX5RTVZINVLF.jpg"}, "firstName": "Dee", "lastName": "Dede"}, "canonicalUrl": "https://foursquare.com/item/5426dd9b498e4892a27098a2", "todo": {"count": 0}, "disagreeCount": 0}, {"logView": true, "lang": "en", "createdAt": 1295760562, "agreeCount": 0, "likes": {"groups": [], "count": 0}, "id": "4d3bbcb2cc4c594179061ce6", "text": "Kool music n Lively crowd :) Nicez", "type": "user", "user": {"gender": "male", "id": "5321587", "photo": {"prefix": "https://igx.4sqi.net/img/user/", "suffix": "/MXKWTO1ZXNQLGVUN.jpg"}, "firstName": "Julian", "lastName": "Pang"}, "canonicalUrl": "https://foursquare.com/item/4d3bbcb2cc4c594179061ce6", "todo": {"count": 0}, "disagreeCount": 0}, {"logView": true, "lang": "en", "createdAt": 1324829118, "agreeCount": 0, "likes": {"groups": [{"items": [], "count": 2, "type": "others"}], "summary": "2 likes", "count": 2}, "id": "4ef749beb63446a508a1b18d", "text": "Yet you're far from Momo", "type": "user", "user": {"gender": "male", "id": "3890217", "photo": {"prefix": "https://igx.4sqi.net/img/user/", "suffix": "/3890217-XWRM2JJGY5INFWPX.jpg"}, "firstName": "Sean", "lastName": "Momo"}, "canonicalUrl": "https://foursquare.com/item/4ef749beb63446a508a1b18d", "todo": {"count": 0}, "disagreeCount": 0}, {"authorInteractionType": "liked", "logView": true, "lang": "en", "photo": {"id": "5522364f498ebeee276a4b8d", "visibility": "public", "source": {"name": "Foursquare for iOS", "url": "https://foursquare.com/download/#/iphone"}, "suffix": "/36604964__NSuD0fZF9uYUwYa0327m6AxFoofjJUUJOpT-Rvw6zc.jpg", "createdAt": 1428305487, "prefix": "https://igx.4sqi.net/img/general/", "width": 1439, "height": 1920}, "createdAt": 1428305474, "todo": {"count": 0}, "agreeCount": 0, "likes": {"groups": [], "count": 0}, "id": "55223642498e9fc7e5224b1e", "text": "Fancy some rum & coke? Cuba Libre is the place to be.\ud83c\udf79", "disagreeCount": 0, "user": {"id": "36604964", "photo": {"prefix": "https://igx.4sqi.net/img/user/", "suffix": "/PMZAQFUGBDQALQ35.jpg"}, "firstName": "Marzylorie", "gender": "none"}, "canonicalUrl": "https://foursquare.com/item/55223642498e9fc7e5224b1e", "type": "user", "photourl": "https://igx.4sqi.net/img/general/original/36604964__NSuD0fZF9uYUwYa0327m6AxFoofjJUUJOpT-Rvw6zc.jpg"}, {"logView": true, "lang": "en", "createdAt": 1286102824, "agreeCount": 0, "likes": {"groups": [], "count": 0}, "id": "4ca85f28b7106dcbdccb71a5", "text": "1-for-1 All night on MOJITOS HOUSE WINES & SPIRITS(bar gun mixers only) and also featuring our local band OCULAR which will be playing every Sunday night for 3 Awesome sets including ya song requests!", "type": "user", "user": {"gender": "male", "id": "2485097", "photo": {"prefix": "https://igx.4sqi.net/img/user/", "suffix": "/CCF4JO3GI4AW1WSL.jpg"}, "firstName": "Izack", "lastName": "Panda"}, "canonicalUrl": "https://foursquare.com/item/4ca85f28b7106dcbdccb71a5", "todo": {"count": 1}, "disagreeCount": 0}, {"authorInteractionType": "liked", "logView": true, "lang": "en", "createdAt": 1384607891, "agreeCount": 1, "likes": {"groups": [{"items": [{"gender": "female", "id": "71393029", "photo": {"prefix": "https://igx.4sqi.net/img/user/", "suffix": "/71393029-NU4BFQQAJV2MTB54.jpg"}, "firstName": "Danella", "lastName": "Kila"}], "count": 1, "type": "others"}], "summary": "1 like", "count": 1}, "id": "52877093498e9f1f525d1811", "text": "Best mojitos in Singapore", "type": "user", "user": {"gender": "female", "id": "66992070", "photo": {"prefix": "https://igx.4sqi.net/img/user/", "suffix": "/66992070-HFYEGCLYJNHHSK0G.jpg"}, "firstName": "Stacey", "lastName": "Chantelle"}, "canonicalUrl": "https://foursquare.com/item/52877093498e9f1f525d1811", "todo": {"count": 0}, "disagreeCount": 0}, {"logView": true, "lang": "en", "createdAt": 1295617740, "agreeCount": 0, "likes": {"groups": [], "count": 0}, "id": "4d398ecc6de7721e3ab3e549", "text": "Yummy mojitos they have here!", "type": "user", "user": {"gender": "female", "id": "1030899", "photo": {"prefix": "https://igx.4sqi.net/img/user/", "suffix": "/JMEG4LQ5TM1RT2VF.jpg"}, "firstName": "Melissa", "lastName": "Clare"}, "canonicalUrl": "https://foursquare.com/item/4d398ecc6de7721e3ab3e549", "todo": {"count": 1}, "disagreeCount": 0}, {"logView": true, "lang": "en", "createdAt": 1416718642, "agreeCount": 0, "likes": {"groups": [], "count": 0}, "id": "54716932498ef482f06e8acd", "text": "Mojito is not so good at all and costs 28$!!!", "type": "user", "user": {"gender": "male", "id": "24676300", "photo": {"prefix": "https://igx.4sqi.net/img/user/", "suffix": "/24676300-V2YTPWRIQPSFOD5D.jpg"}, "firstName": "BoBo", "lastName": "Velev"}, "canonicalUrl": "https://foursquare.com/item/54716932498ef482f06e8acd", "todo": {"count": 0}, "disagreeCount": 0}, {"authorInteractionType": "liked", "logView": true, "lang": "en", "createdAt": 1371921195, "agreeCount": 0, "likes": {"groups": [], "count": 0}, "id": "51c5db2b498e3a8ed324747d", "text": "my fav n only place in sg. lets dance!", "type": "user", "user": {"gender": "female", "id": "35335589", "photo": {"prefix": "https://igx.4sqi.net/img/user/", "suffix": "/35335589-4OMFU4IKVIZ3M5RG.jpg"}, "firstName": "Lucy", "lastName": "W\u00e1ng"}, "canonicalUrl": "https://foursquare.com/item/51c5db2b498e3a8ed324747d", "todo": {"count": 0}, "disagreeCount": 0}], "count": 31}}}