{"meta": {"code": 200, "requestId": "595a557ddd57972d2db7e04a"}, "response": {"tips": {"items": [{"logView": true, "lang": "en", "createdAt": 1316260516, "agreeCount": 0, "likes": {"groups": [], "count": 0}, "id": "4e748aa41838f918896f1765", "text": "The new local delight food sucks , food uncooked n not hot food sucks", "type": "user", "user": {"gender": "male", "id": "4282270", "photo": {"prefix": "https://igx.4sqi.net/img/user/", "suffix": "/SQOA14JIUGBBFDRQ.jpg"}, "firstName": "Tan", "lastName": "Colvis"}, "canonicalUrl": "https://foursquare.com/item/4e748aa41838f918896f1765", "todo": {"count": 0}, "disagreeCount": 0}, {"logView": true, "lang": "en", "createdAt": 1315392660, "agreeCount": 0, "likes": {"groups": [], "count": 0}, "id": "4e674c9445dde0f9e25951bb", "text": "New stall open serves fried hokkien mee, fried kway teow, carrot cake", "type": "user", "user": {"gender": "male", "id": "9134411", "photo": {"prefix": "https://igx.4sqi.net/img/user/", "suffix": "/2X0IMLD4UH2YSFXH.jpg"}, "firstName": "Terence", "lastName": "Sim"}, "canonicalUrl": "https://foursquare.com/item/4e674c9445dde0f9e25951bb", "todo": {"count": 0}, "disagreeCount": 0}, {"authorInteractionType": "liked", "logView": true, "lang": "en", "createdAt": 1384946217, "agreeCount": 0, "likes": {"groups": [], "count": 0}, "id": "528c9a2911d2a311a19d8e4a", "text": "So sad that the western food close already.", "type": "user", "user": {"gender": "male", "id": "12447428", "photo": {"prefix": "https://igx.4sqi.net/img/user/", "suffix": "/12447428-55LERLKFA0FOK1EJ.jpg"}, "firstName": "HongCai", "lastName": "Zhuo"}, "canonicalUrl": "https://foursquare.com/item/528c9a2911d2a311a19d8e4a", "todo": {"count": 0}, "disagreeCount": 0}, {"logView": true, "lang": "en", "createdAt": 1390218470, "agreeCount": 0, "likes": {"groups": [], "count": 0}, "id": "52dd0ce6498edeeed08a6377", "text": "Abalone noodles are nice.", "type": "user", "user": {"gender": "male", "id": "6619323", "photo": {"prefix": "https://igx.4sqi.net/img/user/", "suffix": "/KIWIJVXW1UKDSD1Q.jpg"}, "firstName": "Willie", "lastName": "Chan"}, "canonicalUrl": "https://foursquare.com/item/52dd0ce6498edeeed08a6377", "todo": {"count": 0}, "disagreeCount": 0}, {"logView": true, "lang": "en", "createdAt": 1325224009, "agreeCount": 0, "likes": {"groups": [], "count": 0}, "id": "4efd504930f899232fe0170a", "text": "Nice home cooked food @ Rafeah Muslim Stall and very reasonably priced too", "type": "user", "user": {"id": "7875727", "photo": {"prefix": "https://igx.4sqi.net/img/user/", "suffix": "/7875727-JMJFL4P0142JMSL1.jpg"}, "firstName": "JsRockFort", "gender": "none"}, "canonicalUrl": "https://foursquare.com/item/4efd504930f899232fe0170a", "todo": {"count": 0}, "disagreeCount": 0}, {"authorInteractionType": "meh", "logView": true, "lang": "en", "createdAt": 1384060344, "agreeCount": 2, "likes": {"groups": [{"items": [{"gender": "male", "id": "33421758", "photo": {"prefix": "https://igx.4sqi.net/img/user/", "default": true, "suffix": "/blank_boy.png"}, "firstName": "Aung Thu Rha", "lastName": "Hein"}, {"gender": "male", "id": "12447428", "photo": {"prefix": "https://igx.4sqi.net/img/user/", "suffix": "/12447428-55LERLKFA0FOK1EJ.jpg"}, "firstName": "HongCai", "lastName": "Zhuo"}], "count": 2, "type": "others"}], "summary": "2 likes", "count": 2}, "id": "527f15b8498e30297abcb557", "text": "The famous western food shop has closed.", "type": "user", "user": {"gender": "male", "id": "41581431", "photo": {"prefix": "https://igx.4sqi.net/img/user/", "suffix": "/CM30OUC1ZN5Y0LZ2.jpg"}, "firstName": "Win Min", "lastName": "Soe"}, "canonicalUrl": "https://foursquare.com/item/527f15b8498e30297abcb557", "todo": {"count": 0}, "disagreeCount": 0}, {"logView": true, "lang": "en", "createdAt": 1322974073, "agreeCount": 0, "likes": {"groups": [], "count": 0}, "id": "4edafb790e61d46ad8cb94e6", "text": "Local delight is from Long house at Thomson", "type": "user", "user": {"gender": "male", "id": "675612", "photo": {"prefix": "https://igx.4sqi.net/img/user/", "suffix": "/675612-WTRAA1RJJHD4TV0N.jpg"}, "firstName": "Johnny", "lastName": "Quah"}, "canonicalUrl": "https://foursquare.com/item/4edafb790e61d46ad8cb94e6", "todo": {"count": 0}, "disagreeCount": 0}, {"logView": true, "lang": "en", "createdAt": 1295679575, "agreeCount": 0, "likes": {"groups": [], "count": 0}, "id": "4d3a805749cb236a0ce4ba47", "text": "Attitude problem stall selling noodles and Ban Mien.", "type": "user", "user": {"gender": "female", "id": "4936941", "photo": {"prefix": "https://igx.4sqi.net/img/user/", "suffix": "/XRDF41CEBIJITEBY.jpg"}, "firstName": "Fion", "lastName": "Neo"}, "canonicalUrl": "https://foursquare.com/item/4d3a805749cb236a0ce4ba47", "todo": {"count": 0}, "disagreeCount": 0}, {"logView": true, "lang": "en", "createdAt": 1325598029, "agreeCount": 0, "likes": {"groups": [], "count": 0}, "id": "4f03054dc5126f14ba6b9c4d", "text": "The seafood stall is very rude and the food not nice! I tried a few all cannot make it", "type": "user", "user": {"gender": "none", "id": "9100859", "photo": {"prefix": "https://igx.4sqi.net/img/user/", "default": true, "suffix": "/blank_boy.png"}, "firstName": "Kong", "lastName": "Yi"}, "canonicalUrl": "https://foursquare.com/item/4f03054dc5126f14ba6b9c4d", "todo": {"count": 0}, "disagreeCount": 0}, {"logView": true, "lang": "en", "createdAt": 1317304920, "agreeCount": 0, "likes": {"groups": [], "count": 0}, "id": "4e847a589a5250b89c2f2fd3", "text": "Soup at \"Hougang Fishball Minced Meat Noodle\" is tasteless. Noodles are ok though.", "type": "user", "user": {"id": "164120", "photo": {"prefix": "https://igx.4sqi.net/img/user/", "suffix": "/WLEMVVK2HA5OY1J4.jpg"}, "firstName": "Joelle", "gender": "female"}, "canonicalUrl": "https://foursquare.com/item/4e847a589a5250b89c2f2fd3", "todo": {"count": 0}, "disagreeCount": 0}, {"logView": true, "lang": "en", "createdAt": 1301538622, "agreeCount": 0, "likes": {"groups": [], "count": 0}, "id": "4d93e73e4f78f04d81c1edb9", "text": "Attitude problem with the noodles stall!!!", "type": "user", "user": {"gender": "female", "id": "5168454", "photo": {"prefix": "https://igx.4sqi.net/img/user/", "suffix": "/J0V4HKVPDZLLO2NL.jpg"}, "firstName": "Priscilla", "lastName": "Tan"}, "canonicalUrl": "https://foursquare.com/item/4d93e73e4f78f04d81c1edb9", "todo": {"count": 0}, "disagreeCount": 0}, {"authorInteractionType": "disliked", "logView": true, "lang": "en", "photo": {"id": "5911baf159fe5c67942bfd2a", "visibility": "public", "source": {"name": "Foursquare for iOS", "url": "https://foursquare.com/download/#/iphone"}, "suffix": "/2605527_R5o2qh4eUkP0fH_UOiHuhaBJp2kalK-wn4RqYYZesb4.jpg", "createdAt": 1494334193, "prefix": "https://igx.4sqi.net/img/general/", "width": 1080, "height": 1920}, "createdAt": 1494333705, "todo": {"count": 0}, "agreeCount": 0, "likes": {"groups": [], "count": 0}, "id": "5911b90950a6f03106a0a079", "text": "The zichar lady's really slow, tortoise slow and clueless about customer svc  (younger one), the HK noodle is horrid. Wet, soggy, no wok hei, too salty, no flavour.", "disagreeCount": 0, "user": {"gender": "female", "id": "2605527", "photo": {"prefix": "https://igx.4sqi.net/img/user/", "suffix": "/2VYTAG3S232LFR43.jpg"}, "firstName": "Christina", "lastName": "Teh"}, "canonicalUrl": "https://foursquare.com/item/5911b90950a6f03106a0a079", "type": "user", "photourl": "https://igx.4sqi.net/img/general/original/2605527_R5o2qh4eUkP0fH_UOiHuhaBJp2kalK-wn4RqYYZesb4.jpg"}, {"authorInteractionType": "meh", "logView": true, "lang": "en", "createdAt": 1384526127, "agreeCount": 2, "likes": {"groups": [{"items": [{"gender": "male", "id": "33421758", "photo": {"prefix": "https://igx.4sqi.net/img/user/", "default": true, "suffix": "/blank_boy.png"}, "firstName": "Aung Thu Rha", "lastName": "Hein"}], "count": 2, "type": "others"}], "summary": "2 likes", "count": 2}, "id": "5286312f11d2b7059e98cc46", "text": "Mini work noodle shop is tasteless. It ruined my dinner \ud83d\ude23", "type": "user", "user": {"gender": "male", "id": "41581431", "photo": {"prefix": "https://igx.4sqi.net/img/user/", "suffix": "/CM30OUC1ZN5Y0LZ2.jpg"}, "firstName": "Win Min", "lastName": "Soe"}, "canonicalUrl": "https://foursquare.com/item/5286312f11d2b7059e98cc46", "todo": {"count": 0}, "disagreeCount": 0}], "count": 13}}}