{"meta": {"code": 200, "requestId": "595a4df11ed21919fa5faa4c"}, "response": {"tips": {"items": [{"logView": true, "lang": "en", "createdAt": 1325683205, "agreeCount": 0, "likes": {"groups": [], "count": 0}, "id": "4f0452058b81d71b4c5c87fb", "text": "Good food BAD Service!!!! Really really bad service!!!!", "type": "user", "user": {"gender": "male", "id": "15756433", "photo": {"prefix": "https://igx.4sqi.net/img/user/", "suffix": "/15756433-KLPYKIHGC4ZUBIJR.jpg"}, "firstName": "Rohan", "lastName": "Thomas"}, "canonicalUrl": "https://foursquare.com/item/4f0452058b81d71b4c5c87fb", "todo": {"count": 0}, "disagreeCount": 0}, {"logView": true, "lang": "en", "createdAt": 1280725380, "agreeCount": 0, "likes": {"groups": [], "count": 0}, "id": "4c5651841ec2952168fdcbfc", "text": "The Strawberry Strudel is delicioussss, mwaaaah :-*", "type": "user", "user": {"gender": "female", "id": "2408164", "photo": {"prefix": "https://igx.4sqi.net/img/user/", "suffix": "/2408164-UCCPBWIIFA25GZGN.jpg"}, "firstName": "Joey", "lastName": "Koa"}, "canonicalUrl": "https://foursquare.com/item/4c5651841ec2952168fdcbfc", "todo": {"count": 0}, "disagreeCount": 0}, {"authorInteractionType": "liked", "logView": true, "lang": "en", "createdAt": 1468347514, "agreeCount": 0, "likes": {"groups": [], "count": 0}, "id": "5785347a498ea20fd0557c1e", "text": "They have one of the best Strudels in Town. Reminds me of Perth's famous  Corica Apple Strudels.", "type": "user", "user": {"id": "3257939", "photo": {"prefix": "https://igx.4sqi.net/img/user/", "suffix": "/3257939-OGEUEREYQDQUODR1.jpg"}, "firstName": "IG @antskong", "gender": "male"}, "canonicalUrl": "https://foursquare.com/item/5785347a498ea20fd0557c1e", "todo": {"count": 0}, "disagreeCount": 0}, {"logView": true, "lang": "en", "createdAt": 1290758786, "agreeCount": 0, "likes": {"groups": [], "count": 0}, "id": "4cef6a820acea35d205aeeae", "text": "Love the peach strudel!", "type": "user", "user": {"gender": "female", "id": "2818587", "photo": {"prefix": "https://igx.4sqi.net/img/user/", "suffix": "/HVUTEXD0BL3ENFEK.jpg"}, "firstName": "E", "lastName": "L"}, "canonicalUrl": "https://foursquare.com/item/4cef6a820acea35d205aeeae", "todo": {"count": 0}, "disagreeCount": 0}, {"authorInteractionType": "liked", "logView": true, "lang": "en", "createdAt": 1296380289, "agreeCount": 0, "likes": {"groups": [], "count": 0}, "id": "4d4531814e5d3704ceb1f493", "text": "Amazing strawberry strudel! Check out the durian too", "type": "user", "user": {"gender": "female", "id": "1156235", "photo": {"prefix": "https://igx.4sqi.net/img/user/", "suffix": "/1156235-YO5AUT0DVEWGWWAX.jpg"}, "firstName": "Jess", "lastName": "C"}, "canonicalUrl": "https://foursquare.com/item/4d4531814e5d3704ceb1f493", "todo": {"count": 0}, "disagreeCount": 0}, {"logView": true, "lang": "en", "createdAt": 1272336942, "agreeCount": 0, "likes": {"groups": [], "count": 0}, "id": "4bd6522e70c603bb345d99b4", "text": "Want mango strudel", "type": "user", "user": {"gender": "male", "id": "118011", "photo": {"prefix": "https://igx.4sqi.net/img/user/", "suffix": "/118011_1258950785001.jpg"}, "firstName": "Alvin", "lastName": "Liga"}, "canonicalUrl": "https://foursquare.com/item/4bd6522e70c603bb345d99b4", "todo": {"count": 0}, "disagreeCount": 0}, {"logView": true, "lang": "en", "createdAt": 1362099817, "agreeCount": 0, "likes": {"groups": [], "count": 0}, "id": "512ffe69e4b016451d991cff", "text": "All yummy!", "type": "user", "user": {"gender": "female", "id": "35974346", "photo": {"prefix": "https://igx.4sqi.net/img/user/", "suffix": "/31LX3GCJMFCQLSEP.jpg"}, "firstName": "Arvie", "lastName": "Mondres"}, "canonicalUrl": "https://foursquare.com/item/512ffe69e4b016451d991cff", "todo": {"count": 0}, "disagreeCount": 0}, {"logView": true, "lang": "en", "createdAt": 1264907561, "agreeCount": 0, "likes": {"groups": [], "count": 0}, "id": "4b64f52970c603bb6d2f91b4", "text": "free box for every 12 tags collected from the box", "type": "user", "user": {"gender": "female", "id": "147384", "photo": {"prefix": "https://igx.4sqi.net/img/user/", "suffix": "/147384_1260254442288.png"}, "firstName": "christina", "lastName": "ng"}, "canonicalUrl": "https://foursquare.com/item/4b64f52970c603bb6d2f91b4", "todo": {"count": 0}, "disagreeCount": 0}, {"logView": true, "lang": "en", "createdAt": 1290260099, "agreeCount": 0, "likes": {"groups": [], "count": 0}, "id": "4ce7ce83678aa093e08de4ea", "text": "Love the strudel but service here is atrocious!", "type": "user", "user": {"id": "4440311", "photo": {"prefix": "https://igx.4sqi.net/img/user/", "suffix": "/CP331CQYYSWSJJDO.jpg"}, "firstName": "Amanda", "gender": "female"}, "canonicalUrl": "https://foursquare.com/item/4ce7ce83678aa093e08de4ea", "todo": {"count": 0}, "disagreeCount": 0}], "count": 9}}}