{"meta": {"code": 200, "requestId": "595a4d6f1ed21919f89153e8"}, "response": {"tips": {"items": [{"logView": true, "lang": "en", "createdAt": 1269170004, "todo": {"count": 6}, "agreeCount": 0, "likes": {"groups": [{"items": [], "count": 2, "type": "others"}], "summary": "2 likes", "count": 2}, "id": "4ba5ff5470c603bb7f2095b4", "text": "One of the best Mee Rebus in town. Huge portion even for the cheaper version. Pictures and review at http://sparklette.net/food/katrina/", "entities": [{"indices": [101, 136], "type": "url", "object": {"url": "http://sparklette.net/food/katrina/"}}], "disagreeCount": 0, "url": "http://sparklette.net/food/katrina/", "user": {"id": "286427", "photo": {"prefix": "https://igx.4sqi.net/img/user/", "suffix": "/BQODELOYU34CMCTJ.jpg"}, "firstName": "Veron @ Sparklette.net", "gender": "female"}, "canonicalUrl": "https://foursquare.com/item/4ba5ff5470c603bb7f2095b4", "type": "user"}, {"logView": true, "lang": "en", "createdAt": 1294288652, "agreeCount": 0, "likes": {"groups": [{"items": [], "count": 1, "type": "others"}], "summary": "1 like", "count": 1}, "id": "4d25470cbe99b60c3a6af66e", "text": "Rendang Also best!", "type": "user", "user": {"gender": "male", "id": "1031694", "photo": {"prefix": "https://igx.4sqi.net/img/user/", "suffix": "/0SVST1W05QQAFBBG.jpg"}, "firstName": "Edwin", "lastName": "Tan"}, "canonicalUrl": "https://foursquare.com/item/4d25470cbe99b60c3a6af66e", "todo": {"count": 0}, "disagreeCount": 0}, {"logView": true, "lang": "en", "createdAt": 1298104625, "agreeCount": 0, "likes": {"groups": [], "count": 0}, "id": "4d5f81311ee8721e5b6b9f21", "text": "Love their mee rebus & tahu telur!", "type": "user", "user": {"id": "1773788", "photo": {"prefix": "https://igx.4sqi.net/img/user/", "suffix": "/4RM20PVWNSYEPGHA.jpg"}, "firstName": "Rainnabe", "gender": "male"}, "canonicalUrl": "https://foursquare.com/item/4d5f81311ee8721e5b6b9f21", "todo": {"count": 0}, "disagreeCount": 0}, {"logView": true, "lang": "en", "createdAt": 1286280168, "agreeCount": 0, "likes": {"groups": [{"items": [], "count": 4, "type": "others"}], "summary": "4 likes", "count": 4}, "id": "4cab13e897c8a1cd62cb97a5", "text": "Must try their Tahu Telor... Best!", "type": "user", "user": {"gender": "female", "id": "2151514", "photo": {"prefix": "https://igx.4sqi.net/img/user/", "suffix": "/2151514-JMBJ10PU4RHNZQ01.jpg"}, "firstName": "Nurie", "lastName": "Shariff"}, "canonicalUrl": "https://foursquare.com/item/4cab13e897c8a1cd62cb97a5", "todo": {"count": 1}, "disagreeCount": 0}], "count": 4}}}