{"meta": {"code": 200, "requestId": "595a4a9ddd57972d2d5cda34"}, "response": {"tips": {"items": [{"logView": true, "lang": "en", "createdAt": 1279863696, "agreeCount": 0, "likes": {"groups": [{"items": [], "count": 1, "type": "others"}], "summary": "1 like", "count": 1}, "id": "4c492b906594be9a2df7b824", "text": "Astonishingly expensive for Changi airport.", "type": "user", "user": {"gender": "male", "id": "286243", "photo": {"prefix": "https://igx.4sqi.net/img/user/", "suffix": "/L51GCWKPGUBA3YBX.jpg"}, "firstName": "Ian", "lastName": "Fitzgerald"}, "canonicalUrl": "https://foursquare.com/item/4c492b906594be9a2df7b824", "todo": {"count": 0}, "disagreeCount": 0}, {"logView": true, "lang": "en", "createdAt": 1285915602, "agreeCount": 0, "likes": {"groups": [], "count": 0}, "id": "4ca583d2931bb60c2dd38ae2", "text": "Don't try the sandwiches ! Too dry, expensive and not worth the price. Starbucks sandwiches r far better and right around the corner !", "type": "user", "user": {"gender": "male", "id": "506722", "photo": {"prefix": "https://igx.4sqi.net/img/user/", "suffix": "/ASIZM2CHVT2FLVJ2.jpg"}, "firstName": "Sai", "lastName": "Sundar"}, "canonicalUrl": "https://foursquare.com/item/4ca583d2931bb60c2dd38ae2", "todo": {"count": 0}, "disagreeCount": 0}, {"logView": true, "lang": "en", "createdAt": 1272280125, "agreeCount": 0, "likes": {"groups": [], "count": 0}, "id": "4bd5743d70c603bb334699b4", "text": "$14 for 1/4 pizza? Even by airport standards that's daylight robbery.", "type": "user", "user": {"gender": "male", "id": "116137", "photo": {"prefix": "https://igx.4sqi.net/img/user/", "suffix": "/116137_1260184997403.jpg"}, "firstName": "Haikal", "lastName": "Saadh"}, "canonicalUrl": "https://foursquare.com/item/4bd5743d70c603bb334699b4", "todo": {"count": 0}, "disagreeCount": 0}], "count": 3}}}