{"meta": {"code": 200, "requestId": "595a495d351e3d64b12133c9"}, "response": {"tips": {"items": [{"logView": true, "lang": "en", "createdAt": 1462512500, "agreeCount": 0, "likes": {"groups": [], "count": 0}, "id": "572c2b74498e379a1a48e21d", "text": "They charge $1 per glass of water", "type": "user", "user": {"gender": "male", "id": "231366", "photo": {"prefix": "https://igx.4sqi.net/img/user/", "suffix": "/231366-Q2ZSAEF50GYUXPDA.jpg"}, "firstName": "Cheen", "lastName": "The Curious"}, "canonicalUrl": "https://foursquare.com/item/572c2b74498e379a1a48e21d", "todo": {"count": 0}, "disagreeCount": 0}, {"logView": true, "lang": "en", "photo": {"id": "572d3d6e498ec11c79b7e227", "visibility": "public", "source": {"name": "Foursquare for iOS", "url": "https://foursquare.com/download/#/iphone"}, "suffix": "/231366_aDIynbQTKkQ-2HSJRFJSAn1Rq3PRxmOzSoGYFFS1A6w.jpg", "createdAt": 1462582638, "prefix": "https://igx.4sqi.net/img/general/", "width": 1920, "height": 1440}, "createdAt": 1462582638, "todo": {"count": 0}, "agreeCount": 1, "likes": {"groups": [], "count": 0}, "lastVoteText": "Upvoted May 9", "id": "572d3d6e498ec11c79b7e228", "text": "The base crepe itself already has an exquisite texture and fragrance. You can't go wrong with any of the \"<someone's> favourite\". Hehe\ud83d\ude01", "disagreeCount": 0, "lastUpvoteTimestamp": 1494314106, "user": {"gender": "male", "id": "231366", "photo": {"prefix": "https://igx.4sqi.net/img/user/", "suffix": "/231366-Q2ZSAEF50GYUXPDA.jpg"}, "firstName": "Cheen", "lastName": "The Curious"}, "canonicalUrl": "https://foursquare.com/item/572d3d6e498ec11c79b7e228", "type": "user", "photourl": "https://igx.4sqi.net/img/general/original/231366_aDIynbQTKkQ-2HSJRFJSAn1Rq3PRxmOzSoGYFFS1A6w.jpg"}, {"logView": true, "lang": "en", "createdAt": 1396598987, "agreeCount": 0, "likes": {"groups": [], "count": 0}, "id": "533e68cb11d2cfa327c5e6e3", "text": "Love the salted caramel cr\u00e9pes! Absolutely not to be missed.", "type": "user", "user": {"gender": "female", "id": "3430802", "photo": {"prefix": "https://igx.4sqi.net/img/user/", "suffix": "/3430802_YhVC7Rbl_E0kv7Ihn9ZtoPQGdF016Ld9hCw-elY48XELA2EFqBI0GrTTKh6piY7dx0BJGINAG.jpg"}, "firstName": "Mandy", "lastName": "Lynn"}, "canonicalUrl": "https://foursquare.com/item/533e68cb11d2cfa327c5e6e3", "todo": {"count": 0}, "disagreeCount": 0}, {"logView": true, "lang": "en", "createdAt": 1266734994, "agreeCount": 2, "likes": {"groups": [{"items": [{"gender": "female", "id": "9650212", "photo": {"prefix": "https://igx.4sqi.net/img/user/", "suffix": "/2TMYVDNOSJDVLDGW.jpg"}, "firstName": "Jessie", "lastName": "Koh"}, {"gender": "male", "id": "308951", "photo": {"prefix": "https://igx.4sqi.net/img/user/", "suffix": "/3UP0AI4WEWFBWG2M.jpg"}, "firstName": "Gabriel", "lastName": "Seah"}], "count": 4, "type": "others"}], "summary": "4 likes", "count": 4}, "id": "4b80d79270c603bbedba92b4", "text": "Order the salted butter caramel crepe. The simplest dessert is perfection.", "type": "user", "user": {"gender": "female", "id": "7209", "photo": {"prefix": "https://igx.4sqi.net/img/user/", "suffix": "/7209-YJKVQ23UTMFBDNLW.jpg"}, "firstName": "Timi", "lastName": "Siytangco"}, "canonicalUrl": "https://foursquare.com/item/4b80d79270c603bbedba92b4", "todo": {"count": 2}, "disagreeCount": 0}, {"logView": true, "lang": "en", "createdAt": 1293948933, "agreeCount": 0, "likes": {"groups": [], "count": 0}, "id": "4d201805756e8cfa2d536954", "text": "Came here for lunch. Nice simple place. Good coffee. Ordered egg n ham n mushroom cream sauce - 7/10. Roast chicken, caramel onion n mustard - 8/10.", "type": "user", "user": {"gender": "male", "id": "5318650", "photo": {"prefix": "https://igx.4sqi.net/img/user/", "suffix": "/HSX53SI0LLVTQRN5.jpg"}, "firstName": "Josh", "lastName": "Q."}, "canonicalUrl": "https://foursquare.com/item/4d201805756e8cfa2d536954", "todo": {"count": 1}, "disagreeCount": 0}, {"logView": true, "lang": "en", "createdAt": 1392547331, "agreeCount": 1, "likes": {"groups": [{"items": [{"gender": "male", "id": "308951", "photo": {"prefix": "https://igx.4sqi.net/img/user/", "suffix": "/3UP0AI4WEWFBWG2M.jpg"}, "firstName": "Gabriel", "lastName": "Seah"}], "count": 1, "type": "others"}], "summary": "1 like", "count": 1}, "id": "5300960311d24ed4822bff7f", "text": "Remember to have enough cash. This place is cash only.", "type": "user", "user": {"gender": "male", "id": "154956", "photo": {"prefix": "https://igx.4sqi.net/img/user/", "suffix": "/DQXO324T4BX5U3GA.jpg"}, "firstName": "Soohan", "lastName": "Han"}, "canonicalUrl": "https://foursquare.com/item/5300960311d24ed4822bff7f", "todo": {"count": 0}, "disagreeCount": 0}, {"authorInteractionType": "liked", "logView": true, "lang": "en", "createdAt": 1366368231, "agreeCount": 0, "likes": {"groups": [], "count": 0}, "id": "51711fe7498ecaa68acc1ab1", "text": "Their daughter's name is faustine", "type": "user", "user": {"gender": "male", "id": "308951", "photo": {"prefix": "https://igx.4sqi.net/img/user/", "suffix": "/3UP0AI4WEWFBWG2M.jpg"}, "firstName": "Gabriel", "lastName": "Seah"}, "canonicalUrl": "https://foursquare.com/item/51711fe7498ecaa68acc1ab1", "todo": {"count": 0}, "disagreeCount": 0}, {"authorInteractionType": "liked", "logView": true, "lang": "en", "createdAt": 1484984672, "agreeCount": 0, "likes": {"groups": [], "count": 0}, "id": "58831160a55db07420c83846", "text": "Good cr\u00eaperie with a mix of traditional Brittany recipes and some more \"experimental\" one. Overall good place.", "type": "user", "user": {"id": "92743060", "photo": {"prefix": "https://igx.4sqi.net/img/user/", "default": true, "suffix": "/blank_boy.png"}, "firstName": "Camille", "gender": "male"}, "canonicalUrl": "https://foursquare.com/item/58831160a55db07420c83846", "todo": {"count": 0}, "disagreeCount": 0}, {"logView": true, "lang": "en", "createdAt": 1306581926, "agreeCount": 0, "likes": {"groups": [], "count": 0}, "id": "4de0dba645dd3eae87783d9b", "text": "Geraldine's Favorite is a must try!", "type": "user", "user": {"id": "929138", "photo": {"prefix": "https://igx.4sqi.net/img/user/", "suffix": "/OLB4V3UCHEE2UVMS.jpg"}, "firstName": "dmcruz", "gender": "female"}, "canonicalUrl": "https://foursquare.com/item/4de0dba645dd3eae87783d9b", "todo": {"count": 0}, "disagreeCount": 0}, {"logView": true, "lang": "en", "createdAt": 1430974919, "agreeCount": 0, "likes": {"groups": [], "count": 0}, "id": "554af1c7498eb4e7827ec35e", "text": "The bread that was served with the cream of mushroom soup was amazing.", "type": "user", "user": {"gender": "male", "id": "43590376", "photo": {"prefix": "https://igx.4sqi.net/img/user/", "suffix": "/43590376_qHuTJDDM_B-AgC3DPdb0b7JmTis0qGWjtdLQH4NT5lN09sRZs770vprSKLJaxJ1MqI3e2efBA.jpg"}, "firstName": "Lionel", "lastName": "Lim"}, "canonicalUrl": "https://foursquare.com/item/554af1c7498eb4e7827ec35e", "todo": {"count": 0}, "disagreeCount": 0}, {"logView": true, "lang": "en", "createdAt": 1393325217, "agreeCount": 0, "likes": {"groups": [], "count": 0}, "id": "530c74a1498e5c7a2b1ec8d1", "text": "The gallettes were thin and too crunchy. Filling inside was not generous. The lemon and sugar crepe was also thin and unsatisfying. Overall, not a great creperie despite the charming decor.", "type": "user", "user": {"gender": "female", "id": "1207635", "photo": {"prefix": "https://igx.4sqi.net/img/user/", "suffix": "/T03U25ELMSZCNBZI.jpg"}, "firstName": "Caitlin", "lastName": "Nguyen-Ferrante"}, "canonicalUrl": "https://foursquare.com/item/530c74a1498e5c7a2b1ec8d1", "todo": {"count": 0}, "disagreeCount": 0}, {"logView": true, "lang": "en", "createdAt": 1462512329, "agreeCount": 0, "likes": {"groups": [], "count": 0}, "id": "572c2ac9498e0250707f4ce4", "text": "It's now a cash-only establishment, due to issues with the bank. Inconvenient & discourages diners from spending more", "type": "user", "user": {"gender": "male", "id": "231366", "photo": {"prefix": "https://igx.4sqi.net/img/user/", "suffix": "/231366-Q2ZSAEF50GYUXPDA.jpg"}, "firstName": "Cheen", "lastName": "The Curious"}, "canonicalUrl": "https://foursquare.com/item/572c2ac9498e0250707f4ce4", "todo": {"count": 0}, "disagreeCount": 0}, {"logView": true, "lang": "en", "photo": {"id": "58cc184ef776b00cf6519ca8", "visibility": "public", "source": {"name": "Foursquare for iOS", "url": "https://foursquare.com/download/#/iphone"}, "suffix": "/40079244_H_6faAf2UpuRaWhrCmR42Z_NneeqWm83N40J6fQZLDM.jpg", "createdAt": 1489770574, "prefix": "https://igx.4sqi.net/img/general/", "width": 1440, "height": 1440}, "createdAt": 1489770570, "todo": {"count": 0}, "agreeCount": 1, "likes": {"groups": [], "count": 0}, "lastVoteText": "Upvoted May 9", "id": "58cc184aa9133064a534e7f2", "text": "Nice tiny place with wonderful atmosphere.The cr\u00eapes \ud83e\udd5e are made from different types of flour. My favorite \ud83e\udd5e from buckwheat flour with different fillings.The Cidre BTL Kerne \ud83d\udc4dAverage bill f2-$60.", "disagreeCount": 0, "lastUpvoteTimestamp": 1494314133, "user": {"gender": "female", "id": "40079244", "photo": {"prefix": "https://igx.4sqi.net/img/user/", "suffix": "/40079244_qa8uTAMe_xwUQ7XbAjvBach18gooQuzGv-r_cbjkcsu2lltzUCp4YRB_yCNb3hKYzKqlZbtZM.jpg"}, "firstName": "Natalya", "lastName": "Shanty"}, "canonicalUrl": "https://foursquare.com/item/58cc184aa9133064a534e7f2", "type": "user", "photourl": "https://igx.4sqi.net/img/general/original/40079244_H_6faAf2UpuRaWhrCmR42Z_NneeqWm83N40J6fQZLDM.jpg"}, {"logView": true, "lang": "en", "createdAt": 1330616068, "agreeCount": 2, "likes": {"groups": [{"items": [{"gender": "female", "id": "39127389", "photo": {"prefix": "https://igx.4sqi.net/img/user/", "suffix": "/WFX2IIB1QG5ENUID.jpg"}, "firstName": "Mandy", "lastName": "B."}, {"gender": "male", "id": "308951", "photo": {"prefix": "https://igx.4sqi.net/img/user/", "suffix": "/3UP0AI4WEWFBWG2M.jpg"}, "firstName": "Gabriel", "lastName": "Seah"}], "count": 2, "type": "others"}], "summary": "2 likes", "count": 2}, "id": "4f4f9704e4b0c3e279289ebc", "text": "Homemade salted butter caramel to die for! I need the recipe now!!!", "type": "user", "user": {"gender": "male", "id": "12549909", "photo": {"prefix": "https://igx.4sqi.net/img/user/", "suffix": "/12549909-VBWXOIO13YVIRM2T.jpg"}, "firstName": "Alaric", "lastName": "Sng"}, "canonicalUrl": "https://foursquare.com/item/4f4f9704e4b0c3e279289ebc", "todo": {"count": 0}, "disagreeCount": 0}, {"logView": true, "lang": "en", "createdAt": 1289973272, "agreeCount": 0, "likes": {"groups": [], "count": 0}, "id": "4ce36e18748d6ea89ffbca50", "text": "Best mushroom soup ever. So creamy. Friendly service.", "type": "user", "user": {"gender": "none", "id": "3274544", "photo": {"prefix": "https://igx.4sqi.net/img/user/", "suffix": "/Y2GSKASXGGRUSR0T.jpg"}, "firstName": "Jiayi", "lastName": "Xian"}, "canonicalUrl": "https://foursquare.com/item/4ce36e18748d6ea89ffbca50", "todo": {"count": 0}, "disagreeCount": 0}, {"authorInteractionType": "liked", "logView": true, "lang": "en", "createdAt": 1390284332, "todo": {"count": 0}, "agreeCount": 2, "likes": {"groups": [{"items": [{"gender": "male", "id": "308951", "photo": {"prefix": "https://igx.4sqi.net/img/user/", "suffix": "/3UP0AI4WEWFBWG2M.jpg"}, "firstName": "Gabriel", "lastName": "Seah"}], "count": 1, "type": "others"}], "summary": "1 like", "count": 1}, "lastVoteText": "Upvoted May 9", "id": "52de0e2c498e238281a212ef", "text": "Lovely crepes and savory buckwheat galettes found here. Do not miss the salted caramel for dessert. Leave your name and and join the mailing list for special promotions.", "disagreeCount": 0, "lastUpvoteTimestamp": 1494314234, "user": {"id": "55390456", "photo": {"prefix": "https://igx.4sqi.net/img/user/", "suffix": "/55390456_xjGWfjYZ_UAMBNliBjCxql6WleMj7JVZzY9y3t2_6WtR-3ecn7WlfLcMpWqn7tIYj_11T_fb-.jpg"}, "firstName": "Ting", "gender": "female"}, "canonicalUrl": "https://foursquare.com/item/52de0e2c498e238281a212ef", "type": "user"}, {"authorInteractionType": "liked", "logView": true, "lang": "en", "createdAt": 1307544388, "agreeCount": 0, "likes": {"groups": [{"items": [], "count": 1, "type": "others"}], "summary": "1 like", "count": 1}, "id": "4def8b4431515b40632c319b", "text": "Salted caramel is the best so far. Kinda expensive so you can eat caifan nearby and come in for dessert", "type": "user", "user": {"gender": "male", "id": "308951", "photo": {"prefix": "https://igx.4sqi.net/img/user/", "suffix": "/3UP0AI4WEWFBWG2M.jpg"}, "firstName": "Gabriel", "lastName": "Seah"}, "canonicalUrl": "https://foursquare.com/item/4def8b4431515b40632c319b", "todo": {"count": 2}, "disagreeCount": 0}, {"logView": true, "lang": "en", "createdAt": 1419751937, "agreeCount": 0, "likes": {"groups": [], "count": 0}, "id": "549fb201498ebc48f3a5c09c", "text": "Really good authentic crepes. Try the salted caramel and the ham, cheese and egg with some cider. Delicious.", "type": "user", "user": {"gender": "male", "id": "56037197", "photo": {"prefix": "https://igx.4sqi.net/img/user/", "suffix": "/56037197-WV3UVFSMGQCVR2GV.jpg"}, "firstName": "Jean-Michel", "lastName": "Wu"}, "canonicalUrl": "https://foursquare.com/item/549fb201498ebc48f3a5c09c", "todo": {"count": 0}, "disagreeCount": 0}, {"logView": true, "lang": "en", "createdAt": 1333188653, "agreeCount": 1, "likes": {"groups": [{"items": [{"gender": "male", "id": "308951", "photo": {"prefix": "https://igx.4sqi.net/img/user/", "suffix": "/3UP0AI4WEWFBWG2M.jpg"}, "firstName": "Gabriel", "lastName": "Seah"}], "count": 1, "type": "others"}], "summary": "1 like", "count": 1}, "id": "4f76d82de4b0a84b13515b14", "text": "Good ambience, operated by a Caucasian couple", "type": "user", "user": {"id": "3614912", "photo": {"prefix": "https://igx.4sqi.net/img/user/", "suffix": "/YVP2TMKQ5MMXVQ3W.jpg"}, "firstName": "\uc81c\ub2c8", "gender": "female"}, "canonicalUrl": "https://foursquare.com/item/4f76d82de4b0a84b13515b14", "todo": {"count": 0}, "disagreeCount": 0}, {"logView": true, "lang": "en", "createdAt": 1267967023, "agreeCount": 0, "likes": {"groups": [], "count": 0}, "id": "4b93a42f70c603bb34c093b4", "text": "Had one of the best mushroom cream soup ever. The escargot were delicious morsels of earth, herb and butter. The buckwheat crepe fluffy and beyond fragrant. The service, personal yet unintrusive.", "type": "user", "user": {"gender": "male", "id": "345862", "photo": {"prefix": "https://igx.4sqi.net/img/user/", "suffix": "/VC23SQINMYCWX1X5.jpg"}, "firstName": "Morgan", "lastName": "Awyong"}, "canonicalUrl": "https://foursquare.com/item/4b93a42f70c603bb34c093b4", "todo": {"count": 2}, "disagreeCount": 0}, {"authorInteractionType": "liked", "logView": true, "lang": "en", "createdAt": 1417692565, "agreeCount": 0, "likes": {"groups": [], "count": 0}, "id": "54804595498ecb75ad98d6a3", "text": "Business is so good they have a local worker now", "type": "user", "user": {"gender": "male", "id": "308951", "photo": {"prefix": "https://igx.4sqi.net/img/user/", "suffix": "/3UP0AI4WEWFBWG2M.jpg"}, "firstName": "Gabriel", "lastName": "Seah"}, "canonicalUrl": "https://foursquare.com/item/54804595498ecb75ad98d6a3", "todo": {"count": 0}, "disagreeCount": 0}, {"authorInteractionType": "liked", "logView": true, "lang": "en", "createdAt": 1417693674, "agreeCount": 0, "likes": {"groups": [], "count": 0}, "id": "548049ea498ee9883d5c21eb", "text": "The smoothie is very weird. Banana, apple and salted caramel doesn't work. And it's $8.50. You're better off getting $9 cider", "type": "user", "user": {"gender": "male", "id": "308951", "photo": {"prefix": "https://igx.4sqi.net/img/user/", "suffix": "/3UP0AI4WEWFBWG2M.jpg"}, "firstName": "Gabriel", "lastName": "Seah"}, "canonicalUrl": "https://foursquare.com/item/548049ea498ee9883d5c21eb", "todo": {"count": 0}, "disagreeCount": 0}, {"logView": true, "lang": "en", "createdAt": 1382789014, "agreeCount": 0, "likes": {"groups": [], "count": 0}, "id": "526baf9611d296faa55420c7", "text": "Awesome salted caramel crepes! Crepes are made nice, thin and crispy at the edges!", "type": "user", "user": {"gender": "female", "id": "19354904", "photo": {"prefix": "https://igx.4sqi.net/img/user/", "suffix": "/XWNWYJVPPWROX0G5.jpg"}, "firstName": "Laura", "lastName": "Lee"}, "canonicalUrl": "https://foursquare.com/item/526baf9611d296faa55420c7", "todo": {"count": 0}, "disagreeCount": 0}, {"logView": true, "lang": "en", "createdAt": 1392547313, "agreeCount": 0, "likes": {"groups": [], "count": 0}, "id": "530095f1498ec085e3fca856", "text": "The salted caramel crepe is amazing! Make sure you order it!", "type": "user", "user": {"gender": "male", "id": "154956", "photo": {"prefix": "https://igx.4sqi.net/img/user/", "suffix": "/DQXO324T4BX5U3GA.jpg"}, "firstName": "Soohan", "lastName": "Han"}, "canonicalUrl": "https://foursquare.com/item/530095f1498ec085e3fca856", "todo": {"count": 0}, "disagreeCount": 0}, {"logView": true, "lang": "en", "createdAt": 1288516478, "agreeCount": 0, "likes": {"groups": [{"items": [], "count": 1, "type": "others"}], "summary": "1 like", "count": 1}, "id": "4ccd337e2b889c7463c7a35c", "text": "Tried the egg tomato crepe, nice and light. Service is friendly.. didn't try their dessert crepe but looks nice too :)", "type": "user", "user": {"gender": "male", "id": "4300683", "photo": {"prefix": "https://igx.4sqi.net/img/user/", "suffix": "/C4B1VOSUHMMKDCY2.jpg"}, "firstName": "Victor", "lastName": "Darmawan"}, "canonicalUrl": "https://foursquare.com/item/4ccd337e2b889c7463c7a35c", "todo": {"count": 0}, "disagreeCount": 0}, {"authorInteractionType": "liked", "logView": true, "lang": "en", "createdAt": 1282459104, "agreeCount": 1, "likes": {"groups": [{"items": [{"gender": "male", "id": "308951", "photo": {"prefix": "https://igx.4sqi.net/img/user/", "suffix": "/3UP0AI4WEWFBWG2M.jpg"}, "firstName": "Gabriel", "lastName": "Seah"}], "count": 2, "type": "others"}], "summary": "2 likes", "count": 2}, "id": "4c70c5e0d274b60c90dfda0d", "text": "Great crepes although kinda expensive. Charming ambience.", "type": "user", "user": {"gender": "female", "id": "261779", "photo": {"prefix": "https://igx.4sqi.net/img/user/", "suffix": "/261779_42P9RXDn_kszHnn2769y0o3BJDWkaM5ougBte7Jc0lg8xk7IQoAlC5YVB4m0kVhjySgJKHtiZ.jpg"}, "firstName": "Si\u00e2n", "lastName": "Ng"}, "canonicalUrl": "https://foursquare.com/item/4c70c5e0d274b60c90dfda0d", "todo": {"count": 0}, "disagreeCount": 0}, {"authorInteractionType": "liked", "logView": true, "lang": "en", "photo": {"id": "546855b9498e77404ed479dd", "visibility": "public", "source": {"name": "Foursquare for Android", "url": "https://foursquare.com/download/#/android"}, "suffix": "/94574481_BVA0v68OgN4Qj37sqa6_Js-kU3dVU0JT4ANZjpfGClo.jpg", "createdAt": 1416123833, "prefix": "https://irs0.4sqi.net/img/general/", "width": 1078, "height": 1256}, "createdAt": 1416123830, "todo": {"count": 0}, "agreeCount": 1, "likes": {"groups": [{"items": [{"gender": "male", "id": "94574481", "photo": {"prefix": "https://igx.4sqi.net/img/user/", "suffix": "/94574481-Q2ZBGOW3LL4AQNQD.jpg"}, "firstName": "Samuel", "lastName": "Ngin"}], "count": 1, "type": "others"}], "summary": "1 like", "count": 1}, "id": "546855b6498e8ba234a6dbb4", "text": "Savoury Crepes make with \"heart & soul\". Ordered a \"ham & egg\" and \"banana caramel\".. best crepes I ever eat in Sg! My verdict \ud83d\udc4d\ud83d\udc4d\ud83d\udc4d\ud83d\udc4d & reasonably price. Be back for more\ud83d\ude0a\ud83d\ude0a Adios!", "disagreeCount": 0, "user": {"gender": "male", "id": "94574481", "photo": {"prefix": "https://igx.4sqi.net/img/user/", "suffix": "/94574481-Q2ZBGOW3LL4AQNQD.jpg"}, "firstName": "Samuel", "lastName": "Ngin"}, "canonicalUrl": "https://foursquare.com/item/546855b6498e8ba234a6dbb4", "type": "user", "photourl": "https://irs0.4sqi.net/img/general/original/94574481_BVA0v68OgN4Qj37sqa6_Js-kU3dVU0JT4ANZjpfGClo.jpg"}, {"logView": true, "lang": "en", "createdAt": 1325392026, "agreeCount": 0, "likes": {"groups": [{"items": [], "count": 1, "type": "others"}], "summary": "1 like", "count": 1}, "id": "4effe09ab8f787cad12e335c", "text": "Recommended: Stephane's favorite. And definitely the salted butter caramel crepe!", "type": "user", "user": {"gender": "female", "id": "12242907", "photo": {"prefix": "https://igx.4sqi.net/img/user/", "suffix": "/G14Q3JOKKORU4AWI.jpg"}, "firstName": "Frodine", "lastName": "Lee"}, "canonicalUrl": "https://foursquare.com/item/4effe09ab8f787cad12e335c", "todo": {"count": 0}, "disagreeCount": 0}, {"logView": true, "lang": "en", "createdAt": 1322357731, "agreeCount": 0, "likes": {"groups": [], "count": 0}, "id": "4ed193e38231b9ef8a0cdb3b", "text": "the salted caramel is always good to try. The soup+ bread is pretty amazing.", "type": "user", "user": {"gender": "female", "id": "711454", "photo": {"prefix": "https://igx.4sqi.net/img/user/", "suffix": "/NEHYE2GVYVZJK41D.jpg"}, "firstName": "Nicole", "lastName": "Chen"}, "canonicalUrl": "https://foursquare.com/item/4ed193e38231b9ef8a0cdb3b", "todo": {"count": 0}, "disagreeCount": 0}, {"authorInteractionType": "disliked", "logView": true, "lang": "en", "createdAt": 1449665066, "agreeCount": 0, "likes": {"groups": [], "count": 0}, "id": "5668222a498eb1dbffb29cb0", "text": "Tasty, but not to die for and very overpriced. $10 a crepe.", "type": "user", "user": {"gender": "male", "id": "85138212", "photo": {"prefix": "https://igx.4sqi.net/img/user/", "suffix": "/85138212-TJA42NEMIW52HQN0.jpg"}, "firstName": "James", "lastName": "Baker"}, "canonicalUrl": "https://foursquare.com/item/5668222a498eb1dbffb29cb0", "todo": {"count": 0}, "disagreeCount": 0}], "count": 30}}}