{"meta": {"code": 200, "requestId": "595a4659dd57972d6265ca4a"}, "response": {"tips": {"items": [{"logView": true, "lang": "en", "createdAt": 1330438936, "agreeCount": 0, "likes": {"groups": [], "count": 0}, "id": "4f4ce318e4b063a3e0fa407e", "text": "yippiiii, alhmdulillah", "type": "user", "user": {"gender": "female", "id": "15113599", "photo": {"prefix": "https://igx.4sqi.net/img/user/", "suffix": "/HH3DRALHM0RF2SUQ.jpg"}, "firstName": "ochy", "lastName": "quntrink"}, "canonicalUrl": "https://foursquare.com/item/4f4ce318e4b063a3e0fa407e", "todo": {"count": 0}, "disagreeCount": 0}, {"logView": true, "lang": "en", "createdAt": 1296217982, "agreeCount": 0, "likes": {"groups": [], "count": 0}, "id": "4d42b77e946af04dd3710677", "text": "Samurai burger!!! Awesome!!!", "type": "user", "user": {"gender": "male", "id": "3923781", "photo": {"prefix": "https://igx.4sqi.net/img/user/", "suffix": "/EBL1VD0VINRRNX4S.jpg"}, "firstName": "Mohamad", "lastName": "Affendi"}, "canonicalUrl": "https://foursquare.com/item/4d42b77e946af04dd3710677", "todo": {"count": 0}, "disagreeCount": 0}, {"logView": true, "lang": "en", "createdAt": 1309304289, "agreeCount": 0, "likes": {"groups": [], "count": 0}, "id": "4e0a65e122714194998e431a", "text": "I'm lovin it", "type": "user", "user": {"gender": "male", "id": "4414661", "photo": {"prefix": "https://igx.4sqi.net/img/user/", "suffix": "/GRYTETO4AEDEEZLO.jpg"}, "firstName": "Nesh", "lastName": "Wara"}, "canonicalUrl": "https://foursquare.com/item/4e0a65e122714194998e431a", "todo": {"count": 0}, "disagreeCount": 0}, {"logView": true, "lang": "en", "createdAt": 1335621852, "agreeCount": 0, "likes": {"groups": [], "count": 0}, "id": "4f9bf8dce4b0ec21f507243c", "text": "Good place to study, staff are polite :)", "type": "user", "user": {"gender": "female", "id": "21830277", "photo": {"prefix": "https://igx.4sqi.net/img/user/", "suffix": "/MTNRFWIWIWQ0FHOU.jpg"}, "firstName": "Chenyuan", "lastName": "Rong"}, "canonicalUrl": "https://foursquare.com/item/4f9bf8dce4b0ec21f507243c", "todo": {"count": 0}, "disagreeCount": 0}, {"logView": true, "lang": "en", "createdAt": 1297565918, "agreeCount": 0, "likes": {"groups": [], "count": 0}, "id": "4d5748de48ea6ea84f89eba3", "text": "Everyday crowded... Hmm good business...", "type": "user", "user": {"gender": "female", "id": "6309987", "photo": {"prefix": "https://igx.4sqi.net/img/user/", "suffix": "/PF51DDVLAA3URE0J.jpg"}, "firstName": "Lya", "lastName": "Lyara"}, "canonicalUrl": "https://foursquare.com/item/4d5748de48ea6ea84f89eba3", "todo": {"count": 0}, "disagreeCount": 0}, {"authorInteractionType": "liked", "logView": true, "lang": "en", "createdAt": 1394463157, "agreeCount": 0, "likes": {"groups": [], "count": 0}, "id": "531dd1b511d2d3eb4509b099", "text": "You can sit and study here.", "type": "user", "user": {"gender": "female", "id": "35581953", "photo": {"prefix": "https://igx.4sqi.net/img/user/", "suffix": "/VX1ZKN5W1WN1KYJT.jpg"}, "firstName": "Hellows", "lastName": "Diddee"}, "canonicalUrl": "https://foursquare.com/item/531dd1b511d2d3eb4509b099", "todo": {"count": 0}, "disagreeCount": 0}, {"logView": true, "lang": "en", "createdAt": 1311148587, "agreeCount": 0, "likes": {"groups": [], "count": 0}, "id": "4e268a2b18a81b3b73add6b2", "text": "CHOCOLATE MELTS!", "type": "user", "user": {"gender": "male", "id": "5884132", "photo": {"prefix": "https://igx.4sqi.net/img/user/", "suffix": "/WYWZE2KAFOMTQYMN.jpg"}, "firstName": "Smallveeee", "lastName": "Tong"}, "canonicalUrl": "https://foursquare.com/item/4e268a2b18a81b3b73add6b2", "todo": {"count": 0}, "disagreeCount": 0}, {"logView": true, "lang": "en", "createdAt": 1299278280, "agreeCount": 0, "likes": {"groups": [], "count": 0}, "id": "4d7169c8899d5481469775bc", "text": "Breakfast is awesome!", "type": "user", "user": {"gender": "female", "id": "7006281", "photo": {"prefix": "https://igx.4sqi.net/img/user/", "suffix": "/0CNSRGCAUVQD0P5Q.jpg"}, "firstName": "Huiyi", "lastName": "Ng"}, "canonicalUrl": "https://foursquare.com/item/4d7169c8899d5481469775bc", "todo": {"count": 0}, "disagreeCount": 0}, {"logView": true, "lang": "en", "createdAt": 1461235053, "agreeCount": 0, "likes": {"groups": [], "count": 0}, "id": "5718ad6d498e4af5a91539d2", "text": "This McDonald's is smaller than Lot One I hope in future this outlet McDonald's can have self service kiosk so that we don't need to wait so Long queue during lunch time or dinner time .", "type": "user", "user": {"gender": "male", "id": "15503312", "photo": {"prefix": "https://igx.4sqi.net/img/user/", "suffix": "/15503312-URYTDESY3SVBUP2G.jpg"}, "firstName": "meng", "lastName": "han"}, "canonicalUrl": "https://foursquare.com/item/5718ad6d498e4af5a91539d2", "todo": {"count": 0}, "disagreeCount": 0}, {"logView": true, "lang": "en", "createdAt": 1303969641, "agreeCount": 3, "likes": {"groups": [{"items": [{"id": "9926957", "photo": {"prefix": "https://igx.4sqi.net/img/user/", "suffix": "/9926957-V51DFRURSGY0ROMB.jpg"}, "firstName": "Jakey_Jake", "gender": "male"}, {"gender": "male", "id": "9298284", "photo": {"prefix": "https://igx.4sqi.net/img/user/", "suffix": "/1PKCSESGMWJGRAPM.jpg"}, "firstName": "Firr", "lastName": "Cole"}, {"gender": "female", "id": "6536470", "photo": {"prefix": "https://igx.4sqi.net/img/user/", "suffix": "/XAUI5OZDGQZXPHOD.jpg"}, "firstName": "Yaya", "lastName": "Shf"}], "count": 3, "type": "others"}], "summary": "3 likes", "count": 3}, "id": "4db8ff69a86ee4fa7d2f2ec6", "text": "Seaweed shaker fries are back!", "type": "user", "user": {"gender": "female", "id": "6697889", "photo": {"prefix": "https://igx.4sqi.net/img/user/", "suffix": "/6697889-GEMGUH5OC2BCGJTU.jpg"}, "firstName": "Fashioncancer", "lastName": "Gladys"}, "canonicalUrl": "https://foursquare.com/item/4db8ff69a86ee4fa7d2f2ec6", "todo": {"count": 0}, "disagreeCount": 0}, {"logView": true, "lang": "en", "createdAt": 1382713609, "agreeCount": 1, "likes": {"groups": [{"items": [{"gender": "female", "id": "6106590", "photo": {"prefix": "https://igx.4sqi.net/img/user/", "suffix": "/6106590-MUSSTUYPWBCIIQIG.jpg"}, "firstName": "Atika", "lastName": "\ud6a8\ub9b0"}], "count": 1, "type": "others"}], "summary": "1 like", "count": 1}, "id": "526a890911d2c92f562dcae7", "text": "The cashier's voice sounds like cartoon. N bitch don't talk too much I'm not done with my order. Thx.", "type": "user", "user": {"id": "5343649", "photo": {"prefix": "https://igx.4sqi.net/img/user/", "suffix": "/5343649-0GMSBALBWUYW0MK5.jpg"}, "firstName": "Filla", "gender": "female"}, "canonicalUrl": "https://foursquare.com/item/526a890911d2c92f562dcae7", "todo": {"count": 0}, "disagreeCount": 0}, {"logView": true, "lang": "en", "createdAt": 1291874778, "agreeCount": 0, "likes": {"groups": [], "count": 0}, "id": "4d0071da6923721e81dfc43b", "text": "Friendly staff!", "type": "user", "user": {"gender": "female", "id": "1447558", "photo": {"prefix": "https://igx.4sqi.net/img/user/", "suffix": "/4URCKJZAH2VVWQBH.jpg"}, "firstName": "Syaza", "lastName": "Lim"}, "canonicalUrl": "https://foursquare.com/item/4d0071da6923721e81dfc43b", "todo": {"count": 0}, "disagreeCount": 0}, {"logView": true, "lang": "en", "createdAt": 1302098763, "agreeCount": 0, "likes": {"groups": [], "count": 0}, "id": "4d9c734bd19f8eecdd5797e1", "text": "chocolate milkshake after every meal !", "type": "user", "user": {"gender": "female", "id": "6536470", "photo": {"prefix": "https://igx.4sqi.net/img/user/", "suffix": "/XAUI5OZDGQZXPHOD.jpg"}, "firstName": "Yaya", "lastName": "Shf"}, "canonicalUrl": "https://foursquare.com/item/4d9c734bd19f8eecdd5797e1", "todo": {"count": 0}, "disagreeCount": 0}, {"logView": true, "lang": "en", "createdAt": 1374299772, "agreeCount": 1, "likes": {"groups": [{"items": [{"gender": "male", "id": "60973037", "photo": {"prefix": "https://igx.4sqi.net/img/user/", "suffix": "/B0JESK0JUL4LZ45L.jpg"}, "firstName": "Hiroshi", "lastName": "Nakada"}], "count": 1, "type": "others"}], "summary": "1 like", "count": 1}, "id": "51ea267c498e6d1f4cfaa4ff", "text": "recently renovated!!! ;)", "type": "user", "user": {"gender": "female", "id": "18860494", "photo": {"prefix": "https://igx.4sqi.net/img/user/", "suffix": "/K5WVEG1LPVVWEPVM.jpg"}, "firstName": "Min", "lastName": "Min"}, "canonicalUrl": "https://foursquare.com/item/51ea267c498e6d1f4cfaa4ff", "todo": {"count": 0}, "disagreeCount": 0}, {"logView": true, "lang": "en", "createdAt": 1329446299, "agreeCount": 0, "likes": {"groups": [], "count": 0}, "id": "4f3dbd9be4b090fd16653c9c", "text": "People who study here are cunt faggot Assbags", "type": "user", "user": {"gender": "male", "id": "14192795", "photo": {"prefix": "https://igx.4sqi.net/img/user/", "suffix": "/TFNY1NIXSEIRYI12.jpg"}, "firstName": "Dan", "lastName": "Choong"}, "canonicalUrl": "https://foursquare.com/item/4f3dbd9be4b090fd16653c9c", "todo": {"count": 0}, "disagreeCount": 0}, {"logView": true, "lang": "en", "createdAt": 1311073466, "agreeCount": 1, "likes": {"groups": [{"items": [{"gender": "none", "id": "2380701", "photo": {"prefix": "https://igx.4sqi.net/img/user/", "suffix": "/OMMAP5C5HPDTEDKI.jpg"}, "firstName": "o", "lastName": "o"}], "count": 1, "type": "others"}], "summary": "1 like", "count": 1}, "id": "4e2564ba227197a9df08872b", "text": "Service staff here are friendly!!", "type": "user", "user": {"gender": "female", "id": "1447558", "photo": {"prefix": "https://igx.4sqi.net/img/user/", "suffix": "/4URCKJZAH2VVWQBH.jpg"}, "firstName": "Syaza", "lastName": "Lim"}, "canonicalUrl": "https://foursquare.com/item/4e2564ba227197a9df08872b", "todo": {"count": 0}, "disagreeCount": 0}, {"logView": true, "lang": "en", "createdAt": 1310314052, "agreeCount": 0, "likes": {"groups": [], "count": 0}, "id": "4e19ce4418a8166f73996d65", "text": "Luv E Fudge Sundae.......", "type": "user", "user": {"gender": "female", "id": "10302659", "photo": {"prefix": "https://igx.4sqi.net/img/user/", "suffix": "/I045VALDEQTWIGLT.jpg"}, "firstName": "Sudha", "lastName": "Sasidharn"}, "canonicalUrl": "https://foursquare.com/item/4e19ce4418a8166f73996d65", "todo": {"count": 0}, "disagreeCount": 0}, {"logView": true, "lang": "en", "createdAt": 1329572694, "agreeCount": 0, "likes": {"groups": [], "count": 0}, "id": "4f3fab56e4b00b52581f3af4", "text": "Don't forget to request for addons! Awesome pricing for those", "type": "user", "user": {"gender": "male", "id": "5512711", "photo": {"prefix": "https://igx.4sqi.net/img/user/", "suffix": "/AEGASY31WSQ3CLJH.jpg"}, "firstName": "Wen Hong", "lastName": "Ng"}, "canonicalUrl": "https://foursquare.com/item/4f3fab56e4b00b52581f3af4", "todo": {"count": 0}, "disagreeCount": 0}, {"logView": true, "lang": "en", "createdAt": 1327161047, "agreeCount": 0, "likes": {"groups": [], "count": 0}, "id": "4f1aded7e4b0e2eeeab81332", "text": "Loving the meal at a cheaper price", "type": "user", "user": {"gender": "male", "id": "5692400", "photo": {"prefix": "https://igx.4sqi.net/img/user/", "suffix": "/OWOS0EV24ZU00JNF.jpg"}, "firstName": "Muqtasid", "lastName": "Jj"}, "canonicalUrl": "https://foursquare.com/item/4f1aded7e4b0e2eeeab81332", "todo": {"count": 0}, "disagreeCount": 0}, {"logView": true, "lang": "en", "createdAt": 1304316185, "agreeCount": 5, "likes": {"groups": [{"items": [{"gender": "male", "id": "50265389", "photo": {"prefix": "https://igx.4sqi.net/img/user/", "suffix": "/50265389-QNOHUDSTOO5XLE3J.jpg"}, "firstName": "Prabhakaran", "lastName": "Balaji"}, {"gender": "male", "id": "4714309", "photo": {"prefix": "https://igx.4sqi.net/img/user/", "suffix": "/X3CIWLYKCJUTOABE.jpg"}, "firstName": "Goh", "lastName": "Poh Guan"}, {"gender": "male", "id": "5295751", "photo": {"prefix": "https://igx.4sqi.net/img/user/", "suffix": "/5295751-I13WJCG5ZFUUIXTR.jpg"}, "firstName": "Wilson", "lastName": "Tan"}, {"gender": "none", "id": "3793385", "photo": {"prefix": "https://igx.4sqi.net/img/user/", "suffix": "/Z4FJFAU3GOSP4OCC.jpg"}, "firstName": "Wan", "lastName": "Aifah"}], "count": 5, "type": "others"}], "summary": "5 likes", "count": 5}, "id": "4dbe49195da3ff58ec76f6f0", "text": "Observe the scary people using their babies to reserve seats", "type": "user", "user": {"gender": "female", "id": "1474043", "photo": {"prefix": "https://igx.4sqi.net/img/user/", "suffix": "/ZOWEB3RFDHFPM4ZT.jpg"}, "firstName": "Jean", "lastName": "Lee"}, "canonicalUrl": "https://foursquare.com/item/4dbe49195da3ff58ec76f6f0", "todo": {"count": 0}, "disagreeCount": 0}, {"logView": true, "lang": "en", "createdAt": 1330437576, "agreeCount": 0, "likes": {"groups": [], "count": 0}, "id": "4f4cddc8e4b05b49b4194da1", "text": "dinner with ayyi & cobain", "type": "user", "user": {"gender": "female", "id": "15113599", "photo": {"prefix": "https://igx.4sqi.net/img/user/", "suffix": "/HH3DRALHM0RF2SUQ.jpg"}, "firstName": "ochy", "lastName": "quntrink"}, "canonicalUrl": "https://foursquare.com/item/4f4cddc8e4b05b49b4194da1", "todo": {"count": 0}, "disagreeCount": 0}, {"logView": true, "lang": "en", "createdAt": 1310454756, "agreeCount": 0, "likes": {"groups": [], "count": 0}, "id": "4e1bf3e462e11cdc743df86c", "text": "12-3pm is there place to be..", "type": "user", "user": {"id": "6274712", "photo": {"prefix": "https://igx.4sqi.net/img/user/", "suffix": "/K0GAT2S1UMXIUNCW.jpg"}, "firstName": "Mohammad\"Rampage\"Saini", "gender": "male"}, "canonicalUrl": "https://foursquare.com/item/4e1bf3e462e11cdc743df86c", "todo": {"count": 0}, "disagreeCount": 0}, {"logView": true, "lang": "en", "createdAt": 1330872002, "agreeCount": 0, "likes": {"groups": [], "count": 0}, "id": "4f537ec2e4b092980efcca59", "text": "Not the same anymore bro. Curry sauce & Maple syrup're extinct. What's left is the imitation. My childhood is GONE. 8'O", "type": "user", "user": {"gender": "female", "id": "5381562", "photo": {"prefix": "https://igx.4sqi.net/img/user/", "suffix": "/N4SSIKNBX2UPF4B2.jpg"}, "firstName": "Syidah Ain", "lastName": "Vee"}, "canonicalUrl": "https://foursquare.com/item/4f537ec2e4b092980efcca59", "todo": {"count": 0}, "disagreeCount": 0}, {"logView": true, "lang": "en", "createdAt": 1362053617, "agreeCount": 0, "likes": {"groups": [], "count": 0}, "id": "512f49f1e4b01d8d1f80c379", "text": "Filled with students most of the time :)", "type": "user", "user": {"id": "14138255", "photo": {"prefix": "https://igx.4sqi.net/img/user/", "suffix": "/TAXANLJMSZWHKJPH.jpg"}, "firstName": "Sunantha \u265a", "gender": "female"}, "canonicalUrl": "https://foursquare.com/item/512f49f1e4b01d8d1f80c379", "todo": {"count": 0}, "disagreeCount": 0}, {"logView": true, "lang": "en", "createdAt": 1296277935, "agreeCount": 0, "likes": {"groups": [], "count": 0}, "id": "4d43a1af59ca2d43bb6c150f", "text": "I am studying!", "type": "user", "user": {"gender": "female", "id": "5955354", "photo": {"prefix": "https://igx.4sqi.net/img/user/", "suffix": "/KW1R4SWAQOTNHUVQ.jpg"}, "firstName": "Liew", "lastName": "Sau Teng"}, "canonicalUrl": "https://foursquare.com/item/4d43a1af59ca2d43bb6c150f", "todo": {"count": 0}, "disagreeCount": 0}, {"authorInteractionType": "liked", "logView": true, "lang": "en", "createdAt": 1403929099, "agreeCount": 0, "likes": {"groups": [], "count": 0}, "id": "53ae420b498ef044da932e2a", "text": "i want work here", "type": "user", "user": {"gender": "female", "id": "89176499", "photo": {"prefix": "https://igx.4sqi.net/img/user/", "default": true, "suffix": "/blank_girl.png"}, "firstName": "Chai", "lastName": "Jia En Samantha"}, "canonicalUrl": "https://foursquare.com/item/53ae420b498ef044da932e2a", "todo": {"count": 0}, "disagreeCount": 0}, {"logView": true, "lang": "en", "createdAt": 1310813961, "agreeCount": 0, "likes": {"groups": [], "count": 0}, "id": "4e216f09d4c0d32590eea5fa", "text": "Thumb ups for twister fries...", "type": "user", "user": {"gender": "female", "id": "4669881", "photo": {"prefix": "https://igx.4sqi.net/img/user/", "suffix": "/LGMFPYDDCQZMKJWA.jpg"}, "firstName": "Tiffany", "lastName": "Li"}, "canonicalUrl": "https://foursquare.com/item/4e216f09d4c0d32590eea5fa", "todo": {"count": 0}, "disagreeCount": 0}, {"logView": true, "lang": "en", "createdAt": 1311034756, "agreeCount": 0, "likes": {"groups": [], "count": 0}, "id": "4e24cd84483b052d522302f4", "text": "Staff are very polite and do so with an honest smile.", "type": "user", "user": {"gender": "male", "id": "5570481", "photo": {"prefix": "https://igx.4sqi.net/img/user/", "suffix": "/Y0AYG2IRHXTCQWCQ.jpg"}, "firstName": "John", "lastName": "Cislowski"}, "canonicalUrl": "https://foursquare.com/item/4e24cd84483b052d522302f4", "todo": {"count": 0}, "disagreeCount": 0}], "count": 28}}}