{"meta": {"code": 200, "requestId": "595a49ba351e3d64b0dab308"}, "response": {"tips": {"items": [{"logView": true, "lang": "en", "photo": {"id": "525575c111d2aeb78a065945", "visibility": "public", "source": {"name": "Foursquare for iOS", "url": "https://foursquare.com/download/#/iphone"}, "suffix": "/944428_CjBZN1jECTLbV_HeENIqlWy9afPX3VlhX1TjUk1NMJg.jpg", "createdAt": 1381332417, "prefix": "https://igx.4sqi.net/img/general/", "width": 720, "height": 960}, "createdAt": 1381332414, "todo": {"count": 0}, "agreeCount": 0, "likes": {"groups": [], "count": 0}, "id": "525575be11d23d3532075c73", "text": "The whopper junior here is bigger than those in other outlets... Super mix of lettuce, tomato, pickles and patty!", "disagreeCount": 0, "user": {"gender": "female", "id": "944428", "photo": {"prefix": "https://igx.4sqi.net/img/user/", "suffix": "/RHXNTG211HSDC4VB.gif"}, "firstName": "Vivien", "lastName": "Goh"}, "canonicalUrl": "https://foursquare.com/item/525575be11d23d3532075c73", "type": "user", "photourl": "https://igx.4sqi.net/img/general/original/944428_CjBZN1jECTLbV_HeENIqlWy9afPX3VlhX1TjUk1NMJg.jpg"}, {"logView": true, "lang": "en", "createdAt": 1324047482, "agreeCount": 0, "likes": {"groups": [], "count": 0}, "id": "4eeb5c7a8231035d6c338987", "text": "Try the Spicy Panini Tendercrisp Chicken Sandwich", "type": "user", "user": {"gender": "male", "id": "18114284", "photo": {"prefix": "https://igx.4sqi.net/img/user/", "suffix": "/E1ULFUPWAWR4F4LZ.jpg"}, "firstName": "ABurn", "lastName": "Mustikin"}, "canonicalUrl": "https://foursquare.com/item/4eeb5c7a8231035d6c338987", "todo": {"count": 0}, "disagreeCount": 0}, {"logView": true, "lang": "en", "createdAt": 1386069041, "agreeCount": 0, "likes": {"groups": [], "count": 0}, "id": "529dbc31498e8141422d94ec", "text": "It's supposed to be FAST food. Yet the service is so slow! Took me 15 minutes to place my order and another 10 minutes to wait for the food!! :-(", "type": "user", "user": {"gender": "male", "id": "26547769", "photo": {"prefix": "https://igx.4sqi.net/img/user/", "suffix": "/S3SN0FOESBWDMVI5.jpg"}, "firstName": "Jason", "lastName": "Ong"}, "canonicalUrl": "https://foursquare.com/item/529dbc31498e8141422d94ec", "todo": {"count": 0}, "disagreeCount": 0}, {"authorInteractionType": "liked", "logView": true, "lang": "en", "createdAt": 1278689459, "agreeCount": 0, "likes": {"groups": [], "count": 0}, "id": "4c3740b3c44a952178ae3d52", "text": "They serve ice cream and sundaes here!", "type": "user", "user": {"gender": "female", "id": "942443", "photo": {"prefix": "https://igx.4sqi.net/img/user/", "suffix": "/ITQR3IXBDMGMIM0J.jpg"}, "firstName": "Lexelle", "lastName": "de Charmaine"}, "canonicalUrl": "https://foursquare.com/item/4c3740b3c44a952178ae3d52", "todo": {"count": 0}, "disagreeCount": 0}, {"logView": true, "lang": "en", "createdAt": 1305897481, "agreeCount": 0, "likes": {"groups": [], "count": 0}, "id": "4dd66a092271c5d36d2108f0", "text": "Ridiculously SLOW SERVICE", "type": "user", "user": {"gender": "male", "id": "6604132", "photo": {"prefix": "https://igx.4sqi.net/img/user/", "suffix": "/0JUAM5BAWRZJCX2I.jpg"}, "firstName": "Ryan", "lastName": "Basil"}, "canonicalUrl": "https://foursquare.com/item/4dd66a092271c5d36d2108f0", "todo": {"count": 0}, "disagreeCount": 0}, {"logView": true, "lang": "en", "createdAt": 1274712419, "agreeCount": 0, "likes": {"groups": [], "count": 0}, "id": "4bfa916370c603bbcacd9cb4", "text": "BLT is delish! Crispy bacon in a sandwich!", "type": "user", "user": {"gender": "female", "id": "1024182", "photo": {"prefix": "https://igx.4sqi.net/img/user/", "default": true, "suffix": "/blank_girl.png"}, "firstName": "Denise", "lastName": "Ee"}, "canonicalUrl": "https://foursquare.com/item/4bfa916370c603bbcacd9cb4", "todo": {"count": 0}, "disagreeCount": 0}, {"logView": true, "lang": "en", "createdAt": 1266393686, "agreeCount": 0, "likes": {"groups": [], "count": 0}, "id": "4b7ba25670c603bb736f92b4", "text": "Great place with lots of power points for your phone or laptop.", "type": "user", "user": {"gender": "male", "id": "112245", "photo": {"prefix": "https://igx.4sqi.net/img/user/", "suffix": "/112245_1259133849630.jpg"}, "firstName": "Lucian", "lastName": "Teo"}, "canonicalUrl": "https://foursquare.com/item/4b7ba25670c603bb736f92b4", "todo": {"count": 1}, "disagreeCount": 0}, {"logView": true, "lang": "en", "createdAt": 1304999542, "agreeCount": 0, "likes": {"groups": [], "count": 0}, "id": "4dc8b6761838e695fbd92c4a", "text": "Disappointed with the powerpoints here. No power supply. Asked two staff but they insist there is electricity. Hmm... Pls go check your circuit breakers.", "type": "user", "user": {"gender": "male", "id": "3861306", "photo": {"prefix": "https://igx.4sqi.net/img/user/", "suffix": "/0VVF3YHTW5WD3U2D.jpg"}, "firstName": "Alester", "lastName": "Tan"}, "canonicalUrl": "https://foursquare.com/item/4dc8b6761838e695fbd92c4a", "todo": {"count": 0}, "disagreeCount": 0}, {"logView": true, "lang": "en", "createdAt": 1320578607, "agreeCount": 0, "likes": {"groups": [], "count": 0}, "id": "4eb66e2f8b81a81f90f7af74", "text": "Eating burger.. ;D omnyomnyom! :-)", "type": "user", "user": {"gender": "male", "id": "15851971", "photo": {"prefix": "https://igx.4sqi.net/img/user/", "default": true, "suffix": "/blank_boy.png"}, "firstName": "Syahrul", "lastName": "Rezza"}, "canonicalUrl": "https://foursquare.com/item/4eb66e2f8b81a81f90f7af74", "todo": {"count": 0}, "disagreeCount": 0}, {"logView": true, "lang": "en", "createdAt": 1295094534, "agreeCount": 0, "likes": {"groups": [{"items": [], "count": 1, "type": "others"}], "summary": "1 like", "count": 1}, "id": "4d319306f8c9224b8a30a8d2", "text": "Is it me or BK's fries are getting nicer nowadays!", "type": "user", "user": {"gender": "female", "id": "5863141", "photo": {"prefix": "https://igx.4sqi.net/img/user/", "suffix": "/UI5UDH4OQZ4UW4ZU.jpg"}, "firstName": "Cetrina", "lastName": "Ruan Sim"}, "canonicalUrl": "https://foursquare.com/item/4d319306f8c9224b8a30a8d2", "todo": {"count": 0}, "disagreeCount": 0}, {"logView": true, "lang": "en", "createdAt": 1289224995, "agreeCount": 0, "likes": {"groups": [], "count": 0}, "id": "4cd80323d2f62d437af37d6e", "text": "Not sure if it was due to takeaway or the burger wasn't great. I took away the single mushroom swiss, beef was so dry & BK so stingy on the mushrooms! :(", "type": "user", "user": {"gender": "female", "id": "3550595", "photo": {"prefix": "https://igx.4sqi.net/img/user/", "suffix": "/3550595-OUII5EBAAY0U5SAZ.jpg"}, "firstName": "Chong", "lastName": "YJ"}, "canonicalUrl": "https://foursquare.com/item/4cd80323d2f62d437af37d6e", "todo": {"count": 0}, "disagreeCount": 0}, {"logView": true, "lang": "en", "createdAt": 1294666517, "agreeCount": 0, "likes": {"groups": [], "count": 0}, "id": "4d2b0b15342d6dcb6c3112cb", "text": "Awesome amount of PowerPoint but frigging cold", "type": "user", "user": {"gender": "female", "id": "5863141", "photo": {"prefix": "https://igx.4sqi.net/img/user/", "suffix": "/UI5UDH4OQZ4UW4ZU.jpg"}, "firstName": "Cetrina", "lastName": "Ruan Sim"}, "canonicalUrl": "https://foursquare.com/item/4d2b0b15342d6dcb6c3112cb", "todo": {"count": 0}, "disagreeCount": 0}, {"logView": true, "lang": "en", "createdAt": 1372158882, "agreeCount": 0, "likes": {"groups": [], "count": 0}, "id": "51c97ba2498e283f8b19b154", "text": "This place is always freaking crowded!!", "type": "user", "user": {"gender": "female", "id": "3203736", "photo": {"prefix": "https://igx.4sqi.net/img/user/", "suffix": "/3203736-WUAYNGFD3HYNN20F.jpg"}, "firstName": "Aslinda", "lastName": "Wati"}, "canonicalUrl": "https://foursquare.com/item/51c97ba2498e283f8b19b154", "todo": {"count": 0}, "disagreeCount": 0}, {"logView": true, "lang": "en", "createdAt": 1289224819, "agreeCount": 0, "likes": {"groups": [], "count": 0}, "id": "4cd80273d2f62d4309f37d6e", "text": "And never have BK's barley drink from their machine. Tasted like some medication syrup. yeek!", "type": "user", "user": {"gender": "female", "id": "3550595", "photo": {"prefix": "https://igx.4sqi.net/img/user/", "suffix": "/3550595-OUII5EBAAY0U5SAZ.jpg"}, "firstName": "Chong", "lastName": "YJ"}, "canonicalUrl": "https://foursquare.com/item/4cd80273d2f62d4309f37d6e", "todo": {"count": 0}, "disagreeCount": 0}, {"logView": true, "lang": "en", "createdAt": 1291632758, "agreeCount": 0, "likes": {"groups": [], "count": 0}, "id": "4cfcc0767f2db1f73d4834d4", "text": "So cold here!", "type": "user", "user": {"gender": "male", "id": "4712712", "photo": {"prefix": "https://igx.4sqi.net/img/user/", "default": true, "suffix": "/blank_boy.png"}, "firstName": "Weichean", "lastName": "Ewe"}, "canonicalUrl": "https://foursquare.com/item/4cfcc0767f2db1f73d4834d4", "todo": {"count": 0}, "disagreeCount": 0}, {"logView": true, "lang": "en", "createdAt": 1305813014, "agreeCount": 0, "likes": {"groups": [], "count": 0}, "id": "4dd52016c65be32e5f944e64", "text": "The staff were nice to me. I Think individual personal experiences should not be ignored but don't judge things by one single comment. Having said that if others also have trouble with staff do post.", "type": "user", "user": {"gender": "male", "id": "5642369", "photo": {"prefix": "https://igx.4sqi.net/img/user/", "suffix": "/5642369-HAKPWVRV0U1CN1RD.jpg"}, "firstName": "Amitabha", "lastName": "Das"}, "canonicalUrl": "https://foursquare.com/item/4dd52016c65be32e5f944e64", "todo": {"count": 0}, "disagreeCount": 0}, {"logView": true, "lang": "en", "createdAt": 1293338664, "agreeCount": 0, "likes": {"groups": [], "count": 0}, "id": "4d16c8288312236afdb259ba", "text": "The funnel cake sticks is great!", "type": "user", "user": {"gender": "female", "id": "3576399", "photo": {"prefix": "https://igx.4sqi.net/img/user/", "suffix": "/XTTRNL0IXQ5T42SU.jpg"}, "firstName": "Nana", "lastName": "Read"}, "canonicalUrl": "https://foursquare.com/item/4d16c8288312236afdb259ba", "todo": {"count": 0}, "disagreeCount": 0}, {"logView": true, "lang": "en", "createdAt": 1287904076, "agreeCount": 0, "likes": {"groups": [], "count": 0}, "id": "4cc3db4c38aaa093efc80f62", "text": "Powerpoints plentiful, but there is a server by the name Santha who is very unfriendly and impatient to customers when taking orders. Can the manager do something about it?", "type": "user", "user": {"gender": "male", "id": "3861306", "photo": {"prefix": "https://igx.4sqi.net/img/user/", "suffix": "/0VVF3YHTW5WD3U2D.jpg"}, "firstName": "Alester", "lastName": "Tan"}, "canonicalUrl": "https://foursquare.com/item/4cc3db4c38aaa093efc80f62", "todo": {"count": 0}, "disagreeCount": 0}], "count": 18}}}