{"meta": {"code": 200, "requestId": "595a4a65dd57972d2b1b59c1"}, "response": {"tips": {"items": [{"logView": true, "lang": "en", "photo": {"id": "502b7ada3950547bf38712b4", "visibility": "public", "source": {"name": "Foursquare Web", "url": "https://foursquare.com"}, "suffix": "/fPeB2ol3ZU9Z_k2vYwgYoq8wnUguxg37ODa2RtdjQEk.jpg", "createdAt": 1345026778, "prefix": "https://igx.4sqi.net/img/general/", "width": 800, "height": 600}, "createdAt": 1345026775, "todo": {"count": 0}, "agreeCount": 0, "likes": {"groups": [], "count": 0}, "id": "502b7ad7e4b050746e3c1e85", "text": "Spicy Cajun Beef & Avocado Sandwich - Cedele (Plaza 8)", "disagreeCount": 0, "user": {"gender": "male", "id": "3345354", "photo": {"prefix": "https://igx.4sqi.net/img/user/", "suffix": "/-ELNUANLSKLIMH5HF.jpg"}, "firstName": "Mark", "lastName": "Dickenson"}, "canonicalUrl": "https://foursquare.com/item/502b7ad7e4b050746e3c1e85", "type": "user", "photourl": "https://igx.4sqi.net/img/general/original/fPeB2ol3ZU9Z_k2vYwgYoq8wnUguxg37ODa2RtdjQEk.jpg"}, {"logView": true, "lang": "en", "photo": {"id": "50378971582fd2f83e0da65a", "visibility": "public", "source": {"name": "Foursquare Web", "url": "https://foursquare.com"}, "suffix": "/fLzaB9IUlSMh460FKj31Ynjsf6BP_jtrEAL0uhYPghI.jpg", "createdAt": 1345816945, "prefix": "https://igx.4sqi.net/img/general/", "width": 800, "height": 600}, "createdAt": 1345816943, "todo": {"count": 0}, "agreeCount": 0, "likes": {"groups": [], "count": 0}, "id": "5037896fe4b0d83460161f89", "text": "Turkey w Cranberry Sandwich - Cedele (Plaza 8)", "disagreeCount": 0, "user": {"gender": "male", "id": "3345354", "photo": {"prefix": "https://igx.4sqi.net/img/user/", "suffix": "/-ELNUANLSKLIMH5HF.jpg"}, "firstName": "Mark", "lastName": "Dickenson"}, "canonicalUrl": "https://foursquare.com/item/5037896fe4b0d83460161f89", "type": "user", "photourl": "https://igx.4sqi.net/img/general/original/fLzaB9IUlSMh460FKj31Ynjsf6BP_jtrEAL0uhYPghI.jpg"}, {"logView": true, "lang": "en", "createdAt": 1265957254, "agreeCount": 0, "likes": {"groups": [{"items": [], "count": 1, "type": "others"}], "summary": "1 like", "count": 1}, "id": "4b74f98670c603bb550f92b4", "text": "love the mango lassi tho it's overpriced!", "type": "user", "user": {"gender": "female", "id": "138875", "photo": {"prefix": "https://igx.4sqi.net/img/user/", "suffix": "/OKB4C0PNU2A0D4UT.jpg"}, "firstName": "sLesTa", "lastName": "sLesTa"}, "canonicalUrl": "https://foursquare.com/item/4b74f98670c603bb550f92b4", "todo": {"count": 0}, "disagreeCount": 0}], "count": 3}}}