{"meta": {"code": 200, "requestId": "595a4aaf351e3d64b12c0cb3"}, "response": {"tips": {"items": [{"logView": true, "lang": "en", "createdAt": 1290767402, "agreeCount": 0, "likes": {"groups": [{"items": [], "count": 1, "type": "others"}], "summary": "1 like", "count": 1}, "id": "4cef8c2ad7268cfa27c0cf4e", "text": "Try the beef pizza! It's really good.", "type": "user", "user": {"id": "4849487", "photo": {"prefix": "https://igx.4sqi.net/img/user/", "suffix": "/U3GL2RS4A1XAGUT0.jpg"}, "firstName": "Bertrand", "gender": "male"}, "canonicalUrl": "https://foursquare.com/item/4cef8c2ad7268cfa27c0cf4e", "todo": {"count": 0}, "disagreeCount": 0}, {"logView": true, "lang": "en", "createdAt": 1434242943, "agreeCount": 0, "likes": {"groups": [], "count": 0}, "id": "557ccf7f498e8135057fb0df", "text": "Excellent pizza, especially the Quattro Stagioni, and friendly Italian service. Not too fancy but a solidly good, homely, local Italian restaurant.", "type": "user", "user": {"id": "103588877", "photo": {"prefix": "https://igx.4sqi.net/img/user/", "default": true, "suffix": "/blank_boy.png"}, "firstName": "mat", "gender": "male"}, "canonicalUrl": "https://foursquare.com/item/557ccf7f498e8135057fb0df", "todo": {"count": 0}, "disagreeCount": 0}, {"authorInteractionType": "meh", "logView": true, "lang": "en", "createdAt": 1451468631, "todo": {"count": 0}, "agreeCount": 1, "likes": {"groups": [], "count": 0}, "lastVoteText": "Upvoted May 22", "id": "5683a757498eb71a5662a716", "text": "Corner of Alocassia apartments, this is a decent Italian joint. Enjoyed the homemade sausage with olive pizza and freshly made tagliatelle in squid ink. Outdoor seatings r dog-friendly too!", "disagreeCount": 0, "lastUpvoteTimestamp": 1495442030, "user": {"id": "55390456", "photo": {"prefix": "https://igx.4sqi.net/img/user/", "suffix": "/55390456_xjGWfjYZ_UAMBNliBjCxql6WleMj7JVZzY9y3t2_6WtR-3ecn7WlfLcMpWqn7tIYj_11T_fb-.jpg"}, "firstName": "Ting", "gender": "female"}, "canonicalUrl": "https://foursquare.com/item/5683a757498eb71a5662a716", "type": "user"}, {"logView": true, "lang": "en", "createdAt": 1298119071, "agreeCount": 0, "likes": {"groups": [], "count": 0}, "id": "4d5fb99fd7206ea88a0decf1", "text": "Foie gras ravioli and steak done just the way I like it.  Claustrophobic place with awkward corners though.", "type": "user", "user": {"gender": "female", "id": "6592543", "photo": {"prefix": "https://igx.4sqi.net/img/user/", "suffix": "/RESKZTIGUQA3AHST.jpg"}, "firstName": "Daisy", "lastName": "Ng"}, "canonicalUrl": "https://foursquare.com/item/4d5fb99fd7206ea88a0decf1", "todo": {"count": 0}, "disagreeCount": 0}, {"logView": true, "lang": "en", "createdAt": 1410332473, "agreeCount": 0, "likes": {"groups": [], "count": 0}, "id": "540ff739498e435c2e5b4786", "text": "Great food, Italian service (in the good way) and a nice vibe. Perfect neighborhood restaurant. Tasty pizzas, good pastas and also a nice house wine.", "type": "user", "user": {"gender": "male", "id": "83131", "photo": {"prefix": "https://igx.4sqi.net/img/user/", "suffix": "/83131_1256833160783.jpg"}, "firstName": "Fredrik", "lastName": "Stenbeck"}, "canonicalUrl": "https://foursquare.com/item/540ff739498e435c2e5b4786", "todo": {"count": 0}, "disagreeCount": 0}, {"authorInteractionType": "liked", "logView": true, "lang": "en", "createdAt": 1484311462, "agreeCount": 0, "likes": {"groups": [], "count": 0}, "id": "5878cba6b792070a5142b046", "text": "Melt in the mouth BBQ lamb, nice pizza and pasta. Real comfort food for the right price :-)", "type": "user", "user": {"gender": "none", "id": "219959463", "photo": {"prefix": "https://igx.4sqi.net/img/user/", "suffix": "/219959463-M4PXCR1W0THDBE1K.jpg"}, "firstName": "Kate", "lastName": "673"}, "canonicalUrl": "https://foursquare.com/item/5878cba6b792070a5142b046", "todo": {"count": 0}, "disagreeCount": 0}, {"logView": true, "lang": "en", "createdAt": 1336451747, "agreeCount": 0, "likes": {"groups": [], "count": 0}, "id": "4fa8a2a3e4b06344eec3afe8", "text": "the best food...", "type": "user", "user": {"gender": "male", "id": "8824189", "photo": {"prefix": "https://igx.4sqi.net/img/user/", "suffix": "/NAWWJ3UGB4OAQEYG.png"}, "firstName": "rEDdEVILS\u2122", "lastName": "aka HASSAN"}, "canonicalUrl": "https://foursquare.com/item/4fa8a2a3e4b06344eec3afe8", "todo": {"count": 0}, "disagreeCount": 0}, {"logView": true, "lang": "en", "photo": {"id": "5205bd8811d262b89c4af31f", "visibility": "public", "source": {"name": "Foursquare for iOS", "url": "https://foursquare.com/download/#/iphone"}, "suffix": "/1031694_LtS3HWmrJnZvfTgehkwdWLPb78z4PZEvfSLACINip_Q.jpg", "createdAt": 1376107912, "prefix": "https://igx.4sqi.net/img/general/", "width": 679, "height": 960}, "createdAt": 1376107909, "todo": {"count": 0}, "agreeCount": 0, "likes": {"groups": [], "count": 0}, "id": "5205bd8511d20aea3d1a794d", "text": "Student lunch special @ $7.50", "disagreeCount": 0, "user": {"gender": "male", "id": "1031694", "photo": {"prefix": "https://igx.4sqi.net/img/user/", "suffix": "/0SVST1W05QQAFBBG.jpg"}, "firstName": "Edwin", "lastName": "Tan"}, "canonicalUrl": "https://foursquare.com/item/5205bd8511d20aea3d1a794d", "type": "user", "photourl": "https://igx.4sqi.net/img/general/original/1031694_LtS3HWmrJnZvfTgehkwdWLPb78z4PZEvfSLACINip_Q.jpg"}, {"logView": true, "lang": "en", "createdAt": 1302071698, "agreeCount": 0, "likes": {"groups": [{"items": [], "count": 1, "type": "others"}], "summary": "1 like", "count": 1}, "id": "4d9c0992a83ba093ff4b134f", "text": "The wildboar pasta was full bodied yet not oily. Great is game meat!", "type": "user", "user": {"gender": "male", "id": "768240", "photo": {"prefix": "https://igx.4sqi.net/img/user/", "suffix": "/ARG3RWNGWB4H5C2M.jpg"}, "firstName": "Nick", "lastName": "Tay"}, "canonicalUrl": "https://foursquare.com/item/4d9c0992a83ba093ff4b134f", "todo": {"count": 0}, "disagreeCount": 0}, {"authorInteractionType": "liked", "logView": true, "lang": "en", "createdAt": 1451878174, "agreeCount": 0, "likes": {"groups": [], "count": 0}, "id": "5689e71e498e1a618b0f7c1c", "text": "Get the pumpkin soup, and the prosciutto funghi pizza! I typically don't go for foods that are easily found back home, but that pizza was awesome, topped with a glass of Montepulciano.", "type": "user", "user": {"gender": "female", "id": "321235", "photo": {"prefix": "https://igx.4sqi.net/img/user/", "suffix": "/CZ0AX3DKXB1DGNWT.jpg"}, "firstName": "Sarah", "lastName": "T."}, "canonicalUrl": "https://foursquare.com/item/5689e71e498e1a618b0f7c1c", "todo": {"count": 0}, "disagreeCount": 0}, {"authorInteractionType": "liked", "logView": true, "lang": "en", "photo": {"id": "59110ff751950e2a430eb47b", "visibility": "public", "source": {"name": "Foursquare for Android", "url": "https://foursquare.com/download/#/android"}, "suffix": "/87566221_9-jp9iNkXKX2ihw6dpj-aRqoaDyVI1j7bVKoWBS69oQ.jpg", "createdAt": 1494290423, "prefix": "https://igx.4sqi.net/img/general/", "width": 1074, "height": 727}, "createdAt": 1494290420, "todo": {"count": 0}, "agreeCount": 0, "likes": {"groups": [], "count": 0}, "id": "59110ff4f870fd49650c23e7", "text": "Really huge pizzas,  good squid ink pasta.  Everyday comfort authentic Italian food", "disagreeCount": 0, "user": {"gender": "none", "id": "87566221", "photo": {"prefix": "https://igx.4sqi.net/img/user/", "suffix": "/87566221-IV0S3PGOI4TLJ013.jpg"}, "firstName": "unskilledmaker", "lastName": "-"}, "canonicalUrl": "https://foursquare.com/item/59110ff4f870fd49650c23e7", "type": "user", "photourl": "https://igx.4sqi.net/img/general/original/87566221_9-jp9iNkXKX2ihw6dpj-aRqoaDyVI1j7bVKoWBS69oQ.jpg"}, {"logView": true, "lang": "en", "createdAt": 1306152692, "agreeCount": 0, "likes": {"groups": [], "count": 0}, "id": "4dda4ef4e4cd37c893ef4c37", "text": "Excellent squid ink pasta with seafood!", "type": "user", "user": {"id": "423644", "photo": {"prefix": "https://igx.4sqi.net/img/user/", "suffix": "/423644-RL3OZR3CVMGEX2JD.jpg"}, "firstName": "MeilinW", "gender": "female"}, "canonicalUrl": "https://foursquare.com/item/4dda4ef4e4cd37c893ef4c37", "todo": {"count": 0}, "disagreeCount": 0}, {"logView": true, "lang": "en", "photo": {"id": "521dfedc11d254ce5171701e", "visibility": "public", "source": {"name": "Foursquare for iOS", "url": "https://foursquare.com/download/#/iphone"}, "suffix": "/19129526_9Kl5UJDE3Qq6kAgCzG9Nr36MxhtsHZ2NJ4dKB5yrYbc.jpg", "createdAt": 1377697500, "prefix": "https://igx.4sqi.net/img/general/", "width": 960, "height": 720}, "createdAt": 1377697496, "todo": {"count": 1}, "agreeCount": 1, "likes": {"groups": [{"items": [{"gender": "male", "id": "1339539", "photo": {"prefix": "https://igx.4sqi.net/img/user/", "suffix": "/1339539-AIRJPNFKHLZSMUDJ.jpg"}, "firstName": "Ian", "lastName": "Thomtori"}], "count": 1, "type": "others"}], "summary": "1 like", "count": 1}, "id": "521dfed811d2107796f58f52", "text": "Get the truffles pasta. I have not seen so much truffles in my life. I finally know what truffles taste like.", "disagreeCount": 0, "user": {"gender": "male", "id": "19129526", "photo": {"prefix": "https://igx.4sqi.net/img/user/", "suffix": "/UQC5FSRQETX33DDP.jpg"}, "firstName": "Meng", "lastName": "Low"}, "canonicalUrl": "https://foursquare.com/item/521dfed811d2107796f58f52", "type": "user", "photourl": "https://igx.4sqi.net/img/general/original/19129526_9Kl5UJDE3Qq6kAgCzG9Nr36MxhtsHZ2NJ4dKB5yrYbc.jpg"}, {"logView": true, "lang": "en", "createdAt": 1278300763, "agreeCount": 0, "likes": {"groups": [], "count": 0}, "id": "4c31525b3ffc9521f30190f5", "text": "Great pasta and fav t bone steak", "type": "user", "user": {"gender": "male", "id": "1529185", "photo": {"prefix": "https://igx.4sqi.net/img/user/", "suffix": "/1529185-XKVJNNWDLLZ1A02T.jpg"}, "firstName": "Anthony", "lastName": "Lau"}, "canonicalUrl": "https://foursquare.com/item/4c31525b3ffc9521f30190f5", "todo": {"count": 0}, "disagreeCount": 0}, {"logView": true, "lang": "en", "createdAt": 1331817288, "agreeCount": 0, "likes": {"groups": [{"items": [], "count": 1, "type": "others"}], "summary": "1 like", "count": 1}, "id": "4f61eb48e4b024e6f760fe91", "text": "Must try: Quattro formaggi pizza", "type": "user", "user": {"gender": "female", "id": "23099452", "photo": {"prefix": "https://igx.4sqi.net/img/user/", "suffix": "/23099452-ZA3QM5FIQCWVPTDK.jpg"}, "firstName": "Jun", "lastName": "Wee"}, "canonicalUrl": "https://foursquare.com/item/4f61eb48e4b024e6f760fe91", "todo": {"count": 0}, "disagreeCount": 0}, {"logView": true, "lang": "en", "createdAt": 1271573681, "agreeCount": 0, "likes": {"groups": [], "count": 0}, "id": "4bcaacb170c603bb554798b4", "text": "Great food, the house red is very good. Terrible, amateurish decor with bad lighting though. The staff polishing glassware at one of the tables as we were finishing off was just the icing on the cake.", "type": "user", "user": {"gender": "male", "id": "170077", "photo": {"prefix": "https://igx.4sqi.net/img/user/", "default": true, "suffix": "/blank_boy.png"}, "firstName": "Salil", "lastName": "Murthy"}, "canonicalUrl": "https://foursquare.com/item/4bcaacb170c603bb554798b4", "todo": {"count": 0}, "disagreeCount": 0}, {"authorInteractionType": "liked", "logView": true, "lang": "en", "createdAt": 1399654177, "agreeCount": 0, "likes": {"groups": [], "count": 0}, "id": "536d0721498ee1a5519f68bb", "text": "Very good Italian", "type": "user", "user": {"gender": "male", "id": "22862392", "photo": {"prefix": "https://igx.4sqi.net/img/user/", "suffix": "/VOQAY30WRXDG4GRU.jpg"}, "firstName": "Thomas", "lastName": "Crozat"}, "canonicalUrl": "https://foursquare.com/item/536d0721498ee1a5519f68bb", "todo": {"count": 0}, "disagreeCount": 0}, {"logView": true, "lang": "en", "photo": {"id": "536248cf498e376bd7375584", "visibility": "public", "source": {"name": "Foursquare for iOS", "url": "https://foursquare.com/download/#/iphone"}, "suffix": "/46509235_fhiyrl3HXvVBIjL6VYHTvqG4DB1tEQoSJTF3jprDKLI.jpg", "createdAt": 1398950095, "prefix": "https://igx.4sqi.net/img/general/", "width": 720, "height": 960}, "createdAt": 1398950093, "todo": {"count": 0}, "agreeCount": 0, "likes": {"groups": [], "count": 0}, "id": "536248cd11d20e4b491f1397", "text": "Most excellent.", "disagreeCount": 0, "user": {"gender": "male", "id": "46509235", "photo": {"prefix": "https://igx.4sqi.net/img/user/", "suffix": "/E5124TLVCQHCYSLF.jpg"}, "firstName": "Joseph", "lastName": "M"}, "canonicalUrl": "https://foursquare.com/item/536248cd11d20e4b491f1397", "type": "user", "photourl": "https://igx.4sqi.net/img/general/original/46509235_fhiyrl3HXvVBIjL6VYHTvqG4DB1tEQoSJTF3jprDKLI.jpg"}, {"logView": true, "lang": "en", "createdAt": 1466337536, "agreeCount": 0, "likes": {"groups": [], "count": 0}, "id": "57668900498e5cc6b633666e", "text": "Terrible service. Children's food orders took over 45 min, but other customers who came later than us had their orders served before us. When the manager was queried, he just blamed the kitchen.", "type": "user", "user": {"gender": "male", "id": "5013402", "photo": {"prefix": "https://igx.4sqi.net/img/user/", "suffix": "/5013402-LH2MA45YOTBJA5FA.jpg"}, "firstName": "Calvin", "lastName": "Chan"}, "canonicalUrl": "https://foursquare.com/item/57668900498e5cc6b633666e", "todo": {"count": 0}, "disagreeCount": 0}, {"logView": true, "lang": "en", "createdAt": 1307342610, "todo": {"count": 1}, "agreeCount": 0, "likes": {"groups": [], "count": 0}, "id": "4dec7712d22da22d4f073385", "text": "When you have a good meal, and you end it off with so-so desserts, you go home feeling a little cheated. Make a pass on the desserts but their wild boar pasta, pizzas, and beef dishes are really good", "disagreeCount": 0, "url": "http://www.goscoville.com", "user": {"gender": "male", "id": "369494", "photo": {"prefix": "https://igx.4sqi.net/img/user/", "suffix": "/KT1FJW4OM0D3KSNX.jpg"}, "firstName": "Jason", "lastName": "Liew"}, "canonicalUrl": "https://foursquare.com/item/4dec7712d22da22d4f073385", "type": "user"}, {"logView": true, "lang": "en", "createdAt": 1336392484, "agreeCount": 0, "likes": {"groups": [], "count": 0}, "id": "4fa7bb24e4b0bbcd4b8ae6c0", "text": "yummy & my tummy is full...", "type": "user", "user": {"gender": "male", "id": "8824189", "photo": {"prefix": "https://igx.4sqi.net/img/user/", "suffix": "/NAWWJ3UGB4OAQEYG.png"}, "firstName": "rEDdEVILS\u2122", "lastName": "aka HASSAN"}, "canonicalUrl": "https://foursquare.com/item/4fa7bb24e4b0bbcd4b8ae6c0", "todo": {"count": 0}, "disagreeCount": 0}, {"authorInteractionType": "liked", "logView": true, "lang": "en", "photo": {"id": "53e6d99c498e8876d371da68", "visibility": "public", "source": {"name": "Foursquare for Android", "url": "https://foursquare.com/download/#/android"}, "suffix": "/5383722_5UTf7rvLehZgJTnclTuV902pf_7QZNwkdnUXlU-2ikw.jpg", "createdAt": 1407637916, "prefix": "https://igx.4sqi.net/img/general/", "width": 960, "height": 540}, "createdAt": 1407637914, "todo": {"count": 0}, "agreeCount": 0, "likes": {"groups": [], "count": 0}, "id": "53e6d99a498e644fe7b3175c", "text": "Quattro stagioni, lobster pasta, seafood soup, calamari, tiramisu.", "disagreeCount": 0, "user": {"gender": "male", "id": "5383722", "photo": {"prefix": "https://igx.4sqi.net/img/user/", "suffix": "/5383722-MJVHBARUJ22AAEUF.jpg"}, "firstName": "Terence", "lastName": "Kong"}, "canonicalUrl": "https://foursquare.com/item/53e6d99a498e644fe7b3175c", "type": "user", "photourl": "https://igx.4sqi.net/img/general/original/5383722_5UTf7rvLehZgJTnclTuV902pf_7QZNwkdnUXlU-2ikw.jpg"}, {"logView": true, "lang": "en", "createdAt": 1346584908, "agreeCount": 0, "likes": {"groups": [], "count": 0}, "id": "5043414ce4b037986818b3b9", "text": "Simple great tasting pizzas and friendly service", "type": "user", "user": {"gender": "male", "id": "27222648", "photo": {"prefix": "https://igx.4sqi.net/img/user/", "suffix": "/MXWXF1X1RZV5OU3W.jpg"}, "firstName": "Darren", "lastName": "Llewellyn"}, "canonicalUrl": "https://foursquare.com/item/5043414ce4b037986818b3b9", "todo": {"count": 0}, "disagreeCount": 0}], "count": 23}}}