{"meta": {"code": 200, "requestId": "595a49c1dd57972d499abe62"}, "response": {"tips": {"items": [{"logView": true, "lang": "en", "createdAt": 1289385615, "agreeCount": 1, "likes": {"groups": [{"items": [{"gender": "female", "id": "8225219", "photo": {"prefix": "https://igx.4sqi.net/img/user/", "suffix": "/8225219-RYQEDJ4PRVAEBNH3.jpg"}, "firstName": "Zoelyn", "lastName": "Mah"}], "count": 6, "type": "others"}], "summary": "6 likes", "count": 6}, "id": "4cda768f22bd721e2a88ef47", "text": "Avoid engaging in conversation with the creepy cleaner uncle. Once he starts, he won't leave you alone!", "type": "user", "user": {"id": "2645416", "photo": {"prefix": "https://igx.4sqi.net/img/user/", "suffix": "/4Z5E2W2X2NDUY34V.jpg"}, "firstName": "Farhana Malek", "gender": "female"}, "canonicalUrl": "https://foursquare.com/item/4cda768f22bd721e2a88ef47", "todo": {"count": 0}, "disagreeCount": 0}, {"logView": true, "lang": "en", "createdAt": 1383397109, "agreeCount": 0, "likes": {"groups": [], "count": 0}, "id": "5274f6f511d2e6039cf1df24", "text": "Worst KFC i've eaten!! Its barely warm and super oily. Usually i eat all the crumbs but for the first time, i've got left over.", "type": "user", "user": {"gender": "female", "id": "4974290", "photo": {"prefix": "https://igx.4sqi.net/img/user/", "suffix": "/NIQ2YHUPJKY0J5KC.jpg"}, "firstName": "Gene", "lastName": "Wong"}, "canonicalUrl": "https://foursquare.com/item/5274f6f511d2e6039cf1df24", "todo": {"count": 0}, "disagreeCount": 0}, {"logView": true, "lang": "en", "createdAt": 1309254509, "agreeCount": 0, "likes": {"groups": [], "count": 0}, "id": "4e09a36d18a8382643c2b1ee", "text": "No more free flow drinks ):", "type": "user", "user": {"gender": "female", "id": "1532504", "photo": {"prefix": "https://igx.4sqi.net/img/user/", "suffix": "/UVO1SAW4VEF5ZDI0.jpg"}, "firstName": "Amanda", "lastName": "Leung"}, "canonicalUrl": "https://foursquare.com/item/4e09a36d18a8382643c2b1ee", "todo": {"count": 0}, "disagreeCount": 0}], "count": 3}}}