{"meta": {"code": 200, "requestId": "595a56aef594df3c732b094f"}, "response": {"tips": {"items": [{"logView": true, "lang": "en", "photo": {"id": "533a854b498ee03b533aab21", "visibility": "public", "source": {"name": "Foursquare for BlackBerry 10", "url": "https://foursquare.com/download/#/blackberry"}, "suffix": "/6561098_tYvoc7PpZ595BkyPB9HOSaIz10DaQrcD_mMZOGgFIdk.jpg", "createdAt": 1396344139, "prefix": "https://igx.4sqi.net/img/general/", "width": 720, "height": 1280}, "createdAt": 1396344135, "todo": {"count": 0}, "agreeCount": 0, "likes": {"groups": [], "count": 0}, "id": "533a8547498ec9e6278ccdf6", "text": "Boneless rice chicken very good. Must Try.....", "disagreeCount": 0, "user": {"gender": "male", "id": "6561098", "photo": {"prefix": "https://igx.4sqi.net/img/user/", "suffix": "/1WZABWXSCKMTCDVY.jpg"}, "firstName": "james", "lastName": "Photography"}, "canonicalUrl": "https://foursquare.com/item/533a8547498ec9e6278ccdf6", "type": "user", "photourl": "https://igx.4sqi.net/img/general/original/6561098_tYvoc7PpZ595BkyPB9HOSaIz10DaQrcD_mMZOGgFIdk.jpg"}, {"logView": true, "lang": "en", "createdAt": 1449392756, "agreeCount": 0, "likes": {"groups": [], "count": 0}, "id": "5663fa74498e34f632e78046", "text": "The rice and chicken were disappointing. However, the soup was pretty good.", "type": "user", "user": {"gender": "male", "id": "43590376", "photo": {"prefix": "https://igx.4sqi.net/img/user/", "suffix": "/43590376_qHuTJDDM_B-AgC3DPdb0b7JmTis0qGWjtdLQH4NT5lN09sRZs770vprSKLJaxJ1MqI3e2efBA.jpg"}, "firstName": "Lionel", "lastName": "Lim"}, "canonicalUrl": "https://foursquare.com/item/5663fa74498e34f632e78046", "todo": {"count": 0}, "disagreeCount": 0}, {"logView": true, "lang": "en", "createdAt": 1285174250, "agreeCount": 0, "likes": {"groups": [], "count": 0}, "id": "4c9a33ea971676b084cd53e2", "text": "Awesome shredded chicken hor fun at an affordable price!", "type": "user", "user": {"gender": "female", "id": "1579709", "photo": {"prefix": "https://igx.4sqi.net/img/user/", "suffix": "/4YJOKYJEWLXSVXGE.jpg"}, "firstName": "Kellyn", "lastName": "Ting"}, "canonicalUrl": "https://foursquare.com/item/4c9a33ea971676b084cd53e2", "todo": {"count": 0}, "disagreeCount": 0}, {"logView": true, "lang": "en", "createdAt": 1394664713, "agreeCount": 1, "likes": {"groups": [{"items": [{"gender": "male", "id": "21299575", "photo": {"prefix": "https://igx.4sqi.net/img/user/", "suffix": "/TDGSV42WUXWGFIOJ.jpg"}, "firstName": "Hirotoshi", "lastName": "Bando"}], "count": 1, "type": "others"}], "summary": "1 like", "count": 1}, "id": "5320e50911d289a2e5f275e7", "text": "I'm so surprised that this restaurant will be closed at 19:30 everyday... Too early for foreigners in my opinion... Take care of this if you want to go !", "type": "user", "user": {"gender": "male", "id": "5075064", "photo": {"prefix": "https://igx.4sqi.net/img/user/", "suffix": "/XN5LAFTKG1VWOIWZ.jpg"}, "firstName": "Yuki", "lastName": "Takayama"}, "canonicalUrl": "https://foursquare.com/item/5320e50911d289a2e5f275e7", "todo": {"count": 0}, "disagreeCount": 0}, {"authorInteractionType": "disliked", "logView": true, "lang": "en", "createdAt": 1480683613, "agreeCount": 0, "likes": {"groups": [], "count": 0}, "id": "5841705d04f4d749e91a018c", "text": "Nothing fantastic and over hype. Premium price for simple chicken rice.", "type": "user", "user": {"gender": "male", "id": "70619391", "photo": {"prefix": "https://igx.4sqi.net/img/user/", "suffix": "/70619391-4AQNFF4N32JLWJYM.jpg"}, "firstName": "Hong Lim", "lastName": "Park"}, "canonicalUrl": "https://foursquare.com/item/5841705d04f4d749e91a018c", "todo": {"count": 0}, "disagreeCount": 0}, {"logView": true, "lang": "en", "createdAt": 1372744168, "agreeCount": 0, "likes": {"groups": [], "count": 0}, "id": "51d269e8498eab153ba1037c", "text": "Nge Lunch...", "type": "user", "user": {"gender": "female", "id": "59163720", "photo": {"prefix": "https://igx.4sqi.net/img/user/", "default": true, "suffix": "/blank_girl.png"}, "firstName": "yaya", "lastName": "Oemar"}, "canonicalUrl": "https://foursquare.com/item/51d269e8498eab153ba1037c", "todo": {"count": 0}, "disagreeCount": 0}, {"authorInteractionType": "disliked", "logView": true, "lang": "en", "createdAt": 1489302562, "agreeCount": 0, "likes": {"groups": [], "count": 0}, "id": "58c4f4225e78961174097da8", "text": "Not so lucky - tough meat, unremarkable rice. Not sure why it was recommended as the top12 chicken rice in Sg. $5 per plate - there are better ones outside.", "type": "user", "user": {"id": "48356920", "photo": {"prefix": "https://igx.4sqi.net/img/user/", "suffix": "/48356920_APWea3Qr_2kJCnTjXjjS776zSTVUilnT6ZWCzibK5TdmGFur0ar41b5iOFETzIPCjv3FOUI2N.jpg"}, "firstName": "C", "gender": "male"}, "canonicalUrl": "https://foursquare.com/item/58c4f4225e78961174097da8", "todo": {"count": 0}, "disagreeCount": 0}, {"logView": true, "lang": "en", "createdAt": 1400070552, "agreeCount": 0, "likes": {"groups": [], "count": 0}, "id": "53736198498e5bb1cd7aee15", "text": "yummy yet very reasonable price", "type": "user", "user": {"gender": "female", "id": "1584594", "photo": {"prefix": "https://igx.4sqi.net/img/user/", "suffix": "/S3YTHOBWVNVLAVIV.jpg"}, "firstName": "Amanda", "lastName": "Kohar"}, "canonicalUrl": "https://foursquare.com/item/53736198498e5bb1cd7aee15", "todo": {"count": 1}, "disagreeCount": 0}, {"logView": true, "lang": "en", "createdAt": 1316929546, "agreeCount": 0, "likes": {"groups": [], "count": 0}, "id": "4e7ec00ae5fadc8374cd97fc", "text": "Half cooked white chicken. Staff poured hot soup over to cook it. Who knows where the soup ends up! Avoid this place.", "type": "user", "user": {"gender": "male", "id": "1889974", "photo": {"prefix": "https://igx.4sqi.net/img/user/", "suffix": "/5GCVTD2KFRUIH5FE.jpg"}, "firstName": "Aik Wee", "lastName": "Ong"}, "canonicalUrl": "https://foursquare.com/item/4e7ec00ae5fadc8374cd97fc", "todo": {"count": 0}, "disagreeCount": 0}, {"authorInteractionType": "liked", "logView": true, "lang": "ja", "createdAt": 1416198490, "agreeCount": 0, "likes": {"groups": [], "count": 0}, "id": "5469795a498e669aac1abee4", "text": "\u5b89\u3044 \u901f\u3044 \u3046\u307e\u3044 \u725b\u4e3c\u3088\u308a", "type": "user", "user": {"id": "54782207", "photo": {"prefix": "https://igx.4sqi.net/img/user/", "suffix": "/DZIHD2WVQMKPVI2H.jpg"}, "firstName": "@k1h", "gender": "male"}, "canonicalUrl": "https://foursquare.com/item/5469795a498e669aac1abee4", "todo": {"count": 0}, "disagreeCount": 0}, {"logView": true, "lang": "en", "createdAt": 1385827410, "agreeCount": 0, "likes": {"groups": [], "count": 0}, "id": "529a0c52498ef27b26dbc439", "text": "Bad etiquette. Does not know when to let customer eat in peace. Never eating here again.", "type": "user", "user": {"id": "4359746", "photo": {"prefix": "https://igx.4sqi.net/img/user/", "suffix": "/0KM1J2GCDASWJUSS.jpg"}, "firstName": "Sharon", "gender": "none"}, "canonicalUrl": "https://foursquare.com/item/529a0c52498ef27b26dbc439", "todo": {"count": 0}, "disagreeCount": 0}, {"authorInteractionType": "meh", "logView": true, "lang": "en", "photo": {"id": "58c66b2e076be1301f3495a9", "visibility": "public", "source": {"name": "Foursquare for iOS", "url": "https://foursquare.com/download/#/iphone"}, "suffix": "/226191137_xn_W5UosbEIGh26fDlB5xBgKL45r1T1uaTqCISuxujw.jpg", "createdAt": 1489398574, "prefix": "https://igx.4sqi.net/img/general/", "width": 1920, "height": 1440}, "createdAt": 1489398571, "todo": {"count": 0}, "agreeCount": 0, "likes": {"groups": [], "count": 0}, "id": "58c66b2bcf445115b842492b", "text": "Popular among tourists. Chicken was so so. Kinda on the bland side. Wouldn't recommend.", "disagreeCount": 0, "user": {"id": "226191137", "photo": {"prefix": "https://igx.4sqi.net/img/user/", "suffix": "/226191137_Au3ljGx6_qnC8iLwjBt__tzyhYJ-rOwdn0nyhos0KfXhpJZmEBurK6mSogZrRhe42nbx5UG1f.jpg"}, "firstName": "Z", "gender": "male"}, "canonicalUrl": "https://foursquare.com/item/58c66b2bcf445115b842492b", "type": "user", "photourl": "https://igx.4sqi.net/img/general/original/226191137_xn_W5UosbEIGh26fDlB5xBgKL45r1T1uaTqCISuxujw.jpg"}, {"authorInteractionType": "liked", "logView": true, "lang": "en", "createdAt": 1373608430, "agreeCount": 0, "likes": {"groups": [], "count": 0}, "id": "51df99ee498e8fc94535b986", "text": "One of the best chicken rice in town. A bit hard to find but worthing the chase! \ud83d\udc13\ud83c\udf5a", "type": "user", "user": {"gender": "female", "id": "38420579", "photo": {"prefix": "https://igx.4sqi.net/img/user/", "suffix": "/02XNAD0JCORHYZMG.jpg"}, "firstName": "Clo", "lastName": "Gallet"}, "canonicalUrl": "https://foursquare.com/item/51df99ee498e8fc94535b986", "todo": {"count": 0}, "disagreeCount": 0}, {"logView": true, "lang": "en", "photo": {"id": "565ad1b538fa57a46eb637d6", "visibility": "friends", "source": {"name": "Path", "url": "https://path.com/"}, "suffix": "/5183343_1Mk2zRW_1Ye-pLgiU8GcNAC_F2dRmQoX2-MLzMSX5pI.jpg", "createdAt": 1448792501, "prefix": "https://igx.4sqi.net/img/general/", "width": 1992, "height": 1304}, "createdAt": 1448792501, "todo": {"count": 0}, "agreeCount": 0, "likes": {"groups": [], "count": 0}, "id": "565ad1b538fa57a46eb637df", "text": "The best hainan chicken rice \ud83d\udc4d\ud83d\udc4d", "disagreeCount": 0, "user": {"gender": "female", "id": "5183343", "photo": {"prefix": "https://igx.4sqi.net/img/user/", "suffix": "/5183343-RZ4SA5JTJ5L3KEYO.jpg"}, "firstName": "Amilia", "lastName": "Lestari"}, "canonicalUrl": "https://foursquare.com/item/565ad1b538fa57a46eb637df", "type": "user", "photourl": "https://igx.4sqi.net/img/general/original/5183343_1Mk2zRW_1Ye-pLgiU8GcNAC_F2dRmQoX2-MLzMSX5pI.jpg"}], "count": 14}}}