{"meta": {"code": 200, "requestId": "595a46704c1f67703aca1f98"}, "response": {"tips": {"items": [{"authorInteractionType": "liked", "logView": true, "lang": "en", "createdAt": 1490851887, "agreeCount": 0, "likes": {"groups": [], "count": 0}, "id": "58dc982f876ade2e2f6760b5", "text": "The noodle store is a must. Just shut up and queue up.", "type": "user", "user": {"gender": "male", "id": "70619391", "photo": {"prefix": "https://igx.4sqi.net/img/user/", "suffix": "/70619391-4AQNFF4N32JLWJYM.jpg"}, "firstName": "Hong Lim", "lastName": "Park"}, "canonicalUrl": "https://foursquare.com/item/58dc982f876ade2e2f6760b5", "todo": {"count": 0}, "disagreeCount": 0}, {"logView": true, "lang": "en", "createdAt": 1422368660, "agreeCount": 0, "likes": {"groups": [], "count": 0}, "id": "54c79f94498e696744c9370e", "text": "Teh o Peng super sweet!", "type": "user", "user": {"gender": "none", "id": "71436488", "photo": {"prefix": "https://igx.4sqi.net/img/user/", "suffix": "/71436488-TVXL25LMAAWKEHCC.jpg"}, "firstName": "Jolly", "lastName": "Shandy"}, "canonicalUrl": "https://foursquare.com/item/54c79f94498e696744c9370e", "todo": {"count": 0}, "disagreeCount": 0}, {"logView": true, "lang": "en", "createdAt": 1314853928, "agreeCount": 0, "likes": {"groups": [], "count": 0}, "id": "4e5f1428fa768fe5f2d0b64e", "text": "If u want a cheaper option for food around CCK central, come here.. The \u4e94\u9999 is nice here..", "type": "user", "user": {"id": "5241963", "photo": {"prefix": "https://igx.4sqi.net/img/user/", "suffix": "/5241963-HCZEAHUS1JOVIR0T.jpg"}, "firstName": "Jean", "gender": "none"}, "canonicalUrl": "https://foursquare.com/item/4e5f1428fa768fe5f2d0b64e", "todo": {"count": 0}, "disagreeCount": 0}, {"authorInteractionType": "liked", "logView": true, "lang": "en", "createdAt": 1418363718, "agreeCount": 2, "likes": {"groups": [{"items": [{"gender": "male", "id": "2142564", "photo": {"prefix": "https://igx.4sqi.net/img/user/", "suffix": "/URDJM1NFABPBPTDU.jpg"}, "firstName": "Shaun", "lastName": "Ling"}, {"gender": "female", "id": "106673705", "photo": {"prefix": "https://igx.4sqi.net/img/user/", "suffix": "/106673705-XJ0NHUACKEBCOQNP.jpg"}, "firstName": "Wari", "lastName": "Lim"}], "count": 2, "type": "others"}], "summary": "2 likes", "count": 2}, "id": "548a8346498e2d752d084df2", "text": "Must queue for the fish ball kway teow stall.", "type": "user", "user": {"gender": "female", "id": "5714494", "photo": {"prefix": "https://igx.4sqi.net/img/user/", "suffix": "/EDQNYGNA5OGLOMQ4.jpg"}, "firstName": "Pindar", "lastName": "Yu"}, "canonicalUrl": "https://foursquare.com/item/548a8346498e2d752d084df2", "todo": {"count": 0}, "disagreeCount": 0}, {"authorInteractionType": "meh", "logView": true, "lang": "en", "createdAt": 1373221351, "agreeCount": 1, "likes": {"groups": [{"items": [{"gender": "male", "id": "43877965", "photo": {"prefix": "https://igx.4sqi.net/img/user/", "suffix": "/LEKIVQM4PFMBSPET.jpg"}, "firstName": "Wel", "lastName": "Wen"}], "count": 1, "type": "others"}], "summary": "1 like", "count": 1}, "id": "51d9b1e7498e87f08b20d444", "text": "They got the best nor hiong. \ud83d\ude02", "type": "user", "user": {"id": "54542304", "photo": {"prefix": "https://igx.4sqi.net/img/user/", "suffix": "/54542304-UDKREAUDFGCEXN3M.jpg"}, "firstName": "NoelleJane", "gender": "female"}, "canonicalUrl": "https://foursquare.com/item/51d9b1e7498e87f08b20d444", "todo": {"count": 0}, "disagreeCount": 0}, {"authorInteractionType": "liked", "logView": true, "lang": "en", "createdAt": 1407413032, "todo": {"count": 0}, "agreeCount": 1, "likes": {"groups": [], "count": 0}, "lastVoteText": "Upvoted Apr 16", "id": "53e36b2811d21e6100fad013", "text": "Great place for late night supper though it may be crowded", "disagreeCount": 0, "lastUpvoteTimestamp": 1492327929, "user": {"id": "5854404", "photo": {"prefix": "https://igx.4sqi.net/img/user/", "suffix": "/KM2JMLU1KCQEZXSJ.jpg"}, "firstName": "Chin Hong", "gender": "male"}, "canonicalUrl": "https://foursquare.com/item/53e36b2811d21e6100fad013", "type": "user"}, {"logView": true, "lang": "en", "createdAt": 1369512111, "agreeCount": 0, "likes": {"groups": [], "count": 0}, "id": "51a118af498ec1fa9a4f4341", "text": "Attitude roast duck/wanton mee uncle at wee hours", "type": "user", "user": {"gender": "female", "id": "4800160", "photo": {"prefix": "https://igx.4sqi.net/img/user/", "suffix": "/DK1DJP3SBHXZG5QT.jpg"}, "firstName": "Ivian", "lastName": "Ng"}, "canonicalUrl": "https://foursquare.com/item/51a118af498ec1fa9a4f4341", "todo": {"count": 0}, "disagreeCount": 0}, {"authorInteractionType": "liked", "logView": true, "lang": "en", "createdAt": 1403415241, "agreeCount": 0, "likes": {"groups": [], "count": 0}, "id": "53a66ac9498ed511ec2828f5", "text": "Most of their food are great except Laksa is soggy. Good that it opens till late like 2am. My supper fix", "type": "user", "user": {"gender": "female", "id": "5510076", "photo": {"prefix": "https://igx.4sqi.net/img/user/", "suffix": "/5510076_SpxNT6nQ_mxIyyq9gE_RsLluyWHyIgaVkK2tBHZ43A314UZpuCMw56_CFSpIJ7pAN5H94oZ5G.jpg"}, "firstName": "Wannie", "lastName": "M"}, "canonicalUrl": "https://foursquare.com/item/53a66ac9498ed511ec2828f5", "todo": {"count": 0}, "disagreeCount": 0}, {"logView": true, "lang": "en", "createdAt": 1334415925, "agreeCount": 0, "likes": {"groups": [], "count": 0}, "id": "4f899235e4b0a95f93ffd81a", "text": "Dun eat the Fish soup stall! The PRC aunt got Attitude problem!!", "type": "user", "user": {"gender": "female", "id": "5068989", "photo": {"prefix": "https://igx.4sqi.net/img/user/", "suffix": "/5068989-CYH1G1BHHPBGPJDV.jpg"}, "firstName": "Joise", "lastName": "Lim"}, "canonicalUrl": "https://foursquare.com/item/4f899235e4b0a95f93ffd81a", "todo": {"count": 0}, "disagreeCount": 0}, {"logView": true, "lang": "en", "createdAt": 1315674034, "agreeCount": 0, "likes": {"groups": [], "count": 0}, "id": "4e6b97b2b3ad3d700bfc2df3", "text": "bean curd now serves strawberry flavour.", "type": "user", "user": {"gender": "male", "id": "2195300", "photo": {"prefix": "https://igx.4sqi.net/img/user/", "suffix": "/2195300-DILL3QIARCSTDMXT.jpg"}, "firstName": "Vincent", "lastName": "Bei"}, "canonicalUrl": "https://foursquare.com/item/4e6b97b2b3ad3d700bfc2df3", "todo": {"count": 0}, "disagreeCount": 0}, {"logView": true, "lang": "en", "createdAt": 1294921445, "agreeCount": 2, "likes": {"groups": [{"items": [{"gender": "female", "id": "103690857", "photo": {"prefix": "https://igx.4sqi.net/img/user/", "suffix": "/103690857-3HPEJYKZFMVCEW5I.jpg"}, "firstName": "Chay Huey", "lastName": "Liew"}, {"gender": "female", "id": "118501921", "photo": {"prefix": "https://igx.4sqi.net/img/user/", "suffix": "/118501921-VCAJ4XU0ARLBILVZ.jpg"}, "firstName": "Michelle", "lastName": "Tam"}], "count": 2, "type": "others"}], "summary": "2 likes", "count": 2}, "id": "4d2eeee5e0435481bf8ab4ed", "text": "The Indian rojak is overpriced!", "type": "user", "user": {"gender": "female", "id": "5070192", "photo": {"prefix": "https://igx.4sqi.net/img/user/", "suffix": "/X0F2YC05BXDMK1SK.jpg"}, "firstName": "Lisa Louis", "lastName": "Wong"}, "canonicalUrl": "https://foursquare.com/item/4d2eeee5e0435481bf8ab4ed", "todo": {"count": 0}, "disagreeCount": 0}, {"logView": true, "lang": "en", "createdAt": 1324058203, "agreeCount": 0, "likes": {"groups": [], "count": 0}, "id": "4eeb865b77c8dc54c62e4837", "text": "Soft drinks now costs $1.50!!!", "type": "user", "user": {"gender": "male", "id": "1078049", "photo": {"prefix": "https://igx.4sqi.net/img/user/", "suffix": "/KBZNB5R3DWGRRBRI.jpg"}, "firstName": "William", "lastName": "Foong"}, "canonicalUrl": "https://foursquare.com/item/4eeb865b77c8dc54c62e4837", "todo": {"count": 0}, "disagreeCount": 0}, {"logView": true, "lang": "en", "createdAt": 1316932827, "agreeCount": 2, "likes": {"groups": [{"items": [{"gender": "female", "id": "103690857", "photo": {"prefix": "https://igx.4sqi.net/img/user/", "suffix": "/103690857-3HPEJYKZFMVCEW5I.jpg"}, "firstName": "Chay Huey", "lastName": "Liew"}, {"gender": "female", "id": "5068989", "photo": {"prefix": "https://igx.4sqi.net/img/user/", "suffix": "/5068989-CYH1G1BHHPBGPJDV.jpg"}, "firstName": "Joise", "lastName": "Lim"}], "count": 2, "type": "others"}], "summary": "2 likes", "count": 2}, "id": "4e7eccdbb8f79f7d0744f02f", "text": "Western delights is nice over here, should try it (:", "type": "user", "user": {"gender": "male", "id": "3777041", "photo": {"prefix": "https://igx.4sqi.net/img/user/", "suffix": "/NHMBL5VYL2DI5SRT.jpg"}, "firstName": "Zenneth", "lastName": "Soh"}, "canonicalUrl": "https://foursquare.com/item/4e7eccdbb8f79f7d0744f02f", "todo": {"count": 2}, "disagreeCount": 0}, {"logView": true, "lang": "en", "createdAt": 1296973315, "agreeCount": 1, "likes": {"groups": [{"items": [{"gender": "female", "id": "3424668", "photo": {"prefix": "https://igx.4sqi.net/img/user/", "suffix": "/GAKVTUSG05JJCUO2.jpg"}, "firstName": "Angela", "lastName": "Oon"}], "count": 1, "type": "others"}], "summary": "1 like", "count": 1}, "id": "4d4e3e03a8fba1432ed5411a", "text": "Try the tow huay here... Nice", "type": "user", "user": {"gender": "male", "id": "1012363", "photo": {"prefix": "https://igx.4sqi.net/img/user/", "suffix": "/VHKMFVHDO4ZGOYFU.jpg"}, "firstName": "Ban Heng", "lastName": "Choy"}, "canonicalUrl": "https://foursquare.com/item/4d4e3e03a8fba1432ed5411a", "todo": {"count": 0}, "disagreeCount": 0}, {"logView": true, "lang": "en", "createdAt": 1305631641, "agreeCount": 1, "likes": {"groups": [{"items": [{"gender": "male", "id": "3770327", "photo": {"prefix": "https://igx.4sqi.net/img/user/", "suffix": "/IWHLOAZHZWZDXOCY.jpg"}, "firstName": "Jasper", "lastName": "G."}], "count": 1, "type": "others"}], "summary": "1 like", "count": 1}, "id": "4dd25b99d22d67839c591526", "text": "Rude cashier auntie at beverages says a torn dollar note cannot be used.", "type": "user", "user": {"gender": "male", "id": "3511355", "photo": {"prefix": "https://igx.4sqi.net/img/user/", "suffix": "/ERBNEZHF3KTB4S40.jpg"}, "firstName": "Douglas", "lastName": "Yeo"}, "canonicalUrl": "https://foursquare.com/item/4dd25b99d22d67839c591526", "todo": {"count": 0}, "disagreeCount": 0}, {"logView": true, "lang": "en", "createdAt": 1326486017, "agreeCount": 0, "likes": {"groups": [], "count": 0}, "id": "4f109201e4b07e9ec977053e", "text": "Good to be here for a super early b.fast so peaceful a table just for me :)", "type": "user", "user": {"gender": "male", "id": "4599300", "photo": {"prefix": "https://igx.4sqi.net/img/user/", "suffix": "/B0RXZQKW021EL33S.jpg"}, "firstName": "Kumaran", "lastName": "PV Malai"}, "canonicalUrl": "https://foursquare.com/item/4f109201e4b07e9ec977053e", "todo": {"count": 0}, "disagreeCount": 0}, {"logView": true, "lang": "en", "createdAt": 1296266562, "agreeCount": 0, "likes": {"groups": [], "count": 0}, "id": "4d437542bbb1a14386c73a72", "text": "The dou hua here is nice..must trt", "type": "user", "user": {"gender": "female", "id": "5401961", "photo": {"prefix": "https://igx.4sqi.net/img/user/", "suffix": "/Q23H5Y1SJDJHLGIT.jpg"}, "firstName": "Jiale", "lastName": "Yeo"}, "canonicalUrl": "https://foursquare.com/item/4d437542bbb1a14386c73a72", "todo": {"count": 0}, "disagreeCount": 0}, {"logView": true, "lang": "en", "createdAt": 1291715561, "agreeCount": 0, "likes": {"groups": [], "count": 0}, "id": "4cfe03e9c6cca35d16cc9932", "text": "Hokkien Mee is good.. Must add chilli!", "type": "user", "user": {"gender": "male", "id": "4357380", "photo": {"prefix": "https://igx.4sqi.net/img/user/", "suffix": "/2AB10AZJXTSIV1NE.jpg"}, "firstName": "Alvin", "lastName": "\u2665"}, "canonicalUrl": "https://foursquare.com/item/4cfe03e9c6cca35d16cc9932", "todo": {"count": 3}, "disagreeCount": 0}, {"logView": true, "lang": "en", "createdAt": 1296930017, "agreeCount": 0, "likes": {"groups": [], "count": 0}, "id": "4d4d94e1a7f86ea8723b38de", "text": "Chikin rais and laksa!", "type": "user", "user": {"gender": "female", "id": "5848148", "photo": {"prefix": "https://igx.4sqi.net/img/user/", "suffix": "/S0XBV1TO4F10O0RG.png"}, "firstName": "Min", "lastName": "Jie"}, "canonicalUrl": "https://foursquare.com/item/4d4d94e1a7f86ea8723b38de", "todo": {"count": 0}, "disagreeCount": 0}, {"logView": true, "lang": "en", "createdAt": 1303481285, "agreeCount": 0, "likes": {"groups": [], "count": 0}, "id": "4db18bc54df03036e8d0745c", "text": "The stupid Wu Xiang stall doesn't have sweet sauce. And the person is rude. Ask me to buy bee hoon when i request for an empty plate. I already order a big plate of dish. And they are rude.", "type": "user", "user": {"gender": "female", "id": "2665151", "photo": {"prefix": "https://igx.4sqi.net/img/user/", "suffix": "/2665151-SW2ZEY1RTYDWNAYM.jpg"}, "firstName": "Kelyn", "lastName": "Adams"}, "canonicalUrl": "https://foursquare.com/item/4db18bc54df03036e8d0745c", "todo": {"count": 0}, "disagreeCount": 0}, {"logView": true, "lang": "en", "createdAt": 1319982797, "agreeCount": 0, "likes": {"groups": [], "count": 0}, "id": "4ead56cde5fad025f813865a", "text": "Cai tau kueh, fishball noodles n more. Its all very nice", "type": "user", "user": {"gender": "male", "id": "5297647", "photo": {"prefix": "https://igx.4sqi.net/img/user/", "suffix": "/CLMNPPTDON05FJND.jpg"}, "firstName": "Damon", "lastName": "Jaxon"}, "canonicalUrl": "https://foursquare.com/item/4ead56cde5fad025f813865a", "todo": {"count": 0}, "disagreeCount": 0}, {"logView": true, "lang": "en", "createdAt": 1301523963, "agreeCount": 1, "likes": {"groups": [{"items": [{"gender": "female", "id": "106673705", "photo": {"prefix": "https://igx.4sqi.net/img/user/", "suffix": "/106673705-XJ0NHUACKEBCOQNP.jpg"}, "firstName": "Wari", "lastName": "Lim"}], "count": 1, "type": "others"}], "summary": "1 like", "count": 1}, "id": "4d93adfbd07eb1f71d62fdbb", "text": "Chwee kwey and miced meat ball noodles is a must eat !!", "type": "user", "user": {"gender": "male", "id": "1598386", "photo": {"prefix": "https://igx.4sqi.net/img/user/", "suffix": "/1598386-AZ0CTIPEOK2JL5SA.jpg"}, "firstName": "aaandric", "lastName": "Chia"}, "canonicalUrl": "https://foursquare.com/item/4d93adfbd07eb1f71d62fdbb", "todo": {"count": 1}, "disagreeCount": 0}, {"logView": true, "lang": "en", "createdAt": 1291426554, "agreeCount": 0, "likes": {"groups": [], "count": 0}, "id": "4cf99afa0df3236a2cc5eea9", "text": "The chwee kueh is nice :)", "type": "user", "user": {"gender": "male", "id": "4622724", "photo": {"prefix": "https://igx.4sqi.net/img/user/", "suffix": "/IKF0VCWRM445AR5K.jpg"}, "firstName": "Kenneth", "lastName": "Tan"}, "canonicalUrl": "https://foursquare.com/item/4cf99afa0df3236a2cc5eea9", "todo": {"count": 1}, "disagreeCount": 0}, {"logView": true, "lang": "en", "createdAt": 1302886771, "agreeCount": 0, "likes": {"groups": [], "count": 0}, "id": "4da879735da3ef8bf15f1e8f", "text": "The tomato guo Tiao fish noodle is worth trying", "type": "user", "user": {"gender": "male", "id": "5733029", "photo": {"prefix": "https://igx.4sqi.net/img/user/", "suffix": "/5KEMMHHCYDNS0MNL.jpg"}, "firstName": "Weejie", "lastName": "Ng"}, "canonicalUrl": "https://foursquare.com/item/4da879735da3ef8bf15f1e8f", "todo": {"count": 0}, "disagreeCount": 0}, {"authorInteractionType": "liked", "logView": true, "lang": "en", "photo": {"id": "585e53e2a37d7241523666e9", "visibility": "public", "source": {"name": "Foursquare for iOS", "url": "https://foursquare.com/download/#/iphone"}, "suffix": "/5607360_v6583vbOCGYgItshN__K2Qv_BVW01-w1r4IUBU6lKFI.jpg", "createdAt": 1482576866, "prefix": "https://igx.4sqi.net/img/general/", "width": 1440, "height": 1920}, "createdAt": 1482576861, "todo": {"count": 0}, "agreeCount": 0, "likes": {"groups": [], "count": 0}, "id": "585e53ddf84085303f8753d0", "text": "The Bak Chor Mee here is super good!! The coffee and tea here is thick and yummy! Quality assured.", "disagreeCount": 0, "user": {"gender": "male", "id": "5607360", "photo": {"prefix": "https://igx.4sqi.net/img/user/", "suffix": "/5607360-PII3SFDSYZEHUKHW.jpg"}, "firstName": "Wong", "lastName": "Seng Wee"}, "canonicalUrl": "https://foursquare.com/item/585e53ddf84085303f8753d0", "type": "user", "photourl": "https://igx.4sqi.net/img/general/original/5607360_v6583vbOCGYgItshN__K2Qv_BVW01-w1r4IUBU6lKFI.jpg"}, {"logView": true, "lang": "en", "createdAt": 1274776832, "agreeCount": 2, "likes": {"groups": [{"items": [{"gender": "male", "id": "1393579", "photo": {"prefix": "https://igx.4sqi.net/img/user/", "suffix": "/1393579-G5UKAPOTOXNNIQMI.jpg"}, "firstName": "Stan", "lastName": "Chang Khin Boon"}, {"gender": "male", "id": "40038555", "photo": {"prefix": "https://igx.4sqi.net/img/user/", "suffix": "/MHCSGBNRDBBGWKP0.jpg"}, "firstName": "Terence", "lastName": "Lee"}], "count": 2, "type": "others"}], "summary": "2 likes", "count": 2}, "id": "4bfb8d0070c603bb35e69cb4", "text": "The chwee kueh here is very nice to eat!", "type": "user", "user": {"gender": "male", "id": "313851", "photo": {"prefix": "https://igx.4sqi.net/img/user/", "suffix": "/R2K2T2MGMLDYVM5U.png"}, "firstName": "Alex", "lastName": "Lee"}, "canonicalUrl": "https://foursquare.com/item/4bfb8d0070c603bb35e69cb4", "todo": {"count": 3}, "disagreeCount": 0}, {"logView": true, "lang": "en", "createdAt": 1303627595, "agreeCount": 0, "likes": {"groups": [], "count": 0}, "id": "4db3c74ba86e8d270778576d", "text": "The Tom yam is awesome must try", "type": "user", "user": {"gender": "female", "id": "8012503", "photo": {"prefix": "https://igx.4sqi.net/img/user/", "suffix": "/OD5RJSKFIS4LRFYN.jpg"}, "firstName": "Jenny", "lastName": "Lok"}, "canonicalUrl": "https://foursquare.com/item/4db3c74ba86e8d270778576d", "todo": {"count": 2}, "disagreeCount": 0}, {"logView": true, "lang": "en", "createdAt": 1278329395, "agreeCount": 2, "likes": {"groups": [{"items": [{"gender": "male", "id": "3720631", "photo": {"prefix": "https://igx.4sqi.net/img/user/", "suffix": "/-HJZJ3VOW5VKLYN4U.jpg"}, "firstName": "Kenneth", "lastName": "Paar"}, {"gender": "male", "id": "4652392", "photo": {"prefix": "https://igx.4sqi.net/img/user/", "suffix": "/EBOSDEFUUHFNWYDH.jpg"}, "firstName": "Rj", "lastName": "Choo"}], "count": 2, "type": "others"}], "summary": "2 likes", "count": 2}, "id": "4c31c233ed37a59391c26a03", "text": "Nicest coffee in cck...i mean for coffeeshops... ;)", "type": "user", "user": {"gender": "male", "id": "1480426", "photo": {"prefix": "https://igx.4sqi.net/img/user/", "suffix": "/1480426-0ZLYEE11G5J5M04V.jpg"}, "firstName": "ONLY G_E_E_K", "lastName": "G_E_T-I.T."}, "canonicalUrl": "https://foursquare.com/item/4c31c233ed37a59391c26a03", "todo": {"count": 3}, "disagreeCount": 0}, {"logView": true, "lang": "en", "createdAt": 1289311907, "agreeCount": 2, "likes": {"groups": [{"items": [{"gender": "female", "id": "103690857", "photo": {"prefix": "https://igx.4sqi.net/img/user/", "suffix": "/103690857-3HPEJYKZFMVCEW5I.jpg"}, "firstName": "Chay Huey", "lastName": "Liew"}, {"id": "14302536", "photo": {"prefix": "https://igx.4sqi.net/img/user/", "suffix": "/ZQKPMCJV3K2CEH20.jpg"}, "firstName": "Magnus", "gender": "male"}], "count": 2, "type": "others"}], "summary": "2 likes", "count": 2}, "id": "4cd956a353a7f04da3a76716", "text": "Over priced 'ngoh hiang' & 'mixed vegetable rice'.", "type": "user", "user": {"gender": "male", "id": "4413439", "photo": {"prefix": "https://igx.4sqi.net/img/user/", "suffix": "/4413439-O5E5345NWRD22IJ2.jpg"}, "firstName": "Lucas", "lastName": "Sia"}, "canonicalUrl": "https://foursquare.com/item/4cd956a353a7f04da3a76716", "todo": {"count": 0}, "disagreeCount": 0}, {"logView": true, "lang": "en", "createdAt": 1292738384, "agreeCount": 0, "likes": {"groups": [], "count": 0}, "id": "4d0d9f50903d3704b480c555", "text": "Siu Bak is the best here.", "type": "user", "user": {"gender": "male", "id": "5213264", "photo": {"prefix": "https://igx.4sqi.net/img/user/", "suffix": "/DO03CLB2MNDVFF5O.jpg"}, "firstName": "Daniel", "lastName": "Leong"}, "canonicalUrl": "https://foursquare.com/item/4d0d9f50903d3704b480c555", "todo": {"count": 0}, "disagreeCount": 0}, {"logView": true, "lang": "en", "createdAt": 1298802942, "agreeCount": 0, "likes": {"groups": [], "count": 0}, "id": "4d6a28fefd7ea35d91bdae4a", "text": "Must try the FishBall Noodle , with chili very nice!", "type": "user", "user": {"gender": "male", "id": "6642262", "photo": {"prefix": "https://igx.4sqi.net/img/user/", "suffix": "/BOGNSGPMHU0OGK1H.jpg"}, "firstName": "HaoEn", "lastName": "Liew"}, "canonicalUrl": "https://foursquare.com/item/4d6a28fefd7ea35d91bdae4a", "todo": {"count": 0}, "disagreeCount": 0}, {"logView": true, "lang": "en", "createdAt": 1295162401, "agreeCount": 1, "likes": {"groups": [{"items": [{"gender": "male", "id": "1393579", "photo": {"prefix": "https://igx.4sqi.net/img/user/", "suffix": "/1393579-G5UKAPOTOXNNIQMI.jpg"}, "firstName": "Stan", "lastName": "Chang Khin Boon"}], "count": 1, "type": "others"}], "summary": "1 like", "count": 1}, "id": "4d329c216c7c721e991bb256", "text": "Fried fish soup is nice!!", "type": "user", "user": {"id": "3023445", "photo": {"prefix": "https://igx.4sqi.net/img/user/", "suffix": "/HMD2VTTETBF0DLCP.jpg"}, "firstName": "Shirley", "gender": "female"}, "canonicalUrl": "https://foursquare.com/item/4d329c216c7c721e991bb256", "todo": {"count": 0}, "disagreeCount": 0}, {"logView": true, "lang": "en", "createdAt": 1294536660, "agreeCount": 2, "likes": {"groups": [{"items": [{"gender": "male", "id": "1393579", "photo": {"prefix": "https://igx.4sqi.net/img/user/", "suffix": "/1393579-G5UKAPOTOXNNIQMI.jpg"}, "firstName": "Stan", "lastName": "Chang Khin Boon"}, {"gender": "female", "id": "1613805", "photo": {"prefix": "https://igx.4sqi.net/img/user/", "suffix": "/5J3WQLZ215S2WUWH.jpg"}, "firstName": "Wana", "lastName": "Zainal"}], "count": 2, "type": "others"}], "summary": "2 likes", "count": 2}, "id": "4d290fd4888af04d96d1cbaf", "text": "Chee cheong fun is awes0me! And of c0urse beancurd with yu tiao!", "type": "user", "user": {"gender": "female", "id": "1613805", "photo": {"prefix": "https://igx.4sqi.net/img/user/", "suffix": "/5J3WQLZ215S2WUWH.jpg"}, "firstName": "Wana", "lastName": "Zainal"}, "canonicalUrl": "https://foursquare.com/item/4d290fd4888af04d96d1cbaf", "todo": {"count": 0}, "disagreeCount": 0}, {"logView": true, "lang": "en", "createdAt": 1294507853, "agreeCount": 0, "likes": {"groups": [], "count": 0}, "id": "4d289f4d6e27a143fcfe1b24", "text": "Eat pig nose", "type": "user", "user": {"gender": "male", "id": "5733029", "photo": {"prefix": "https://igx.4sqi.net/img/user/", "suffix": "/5KEMMHHCYDNS0MNL.jpg"}, "firstName": "Weejie", "lastName": "Ng"}, "canonicalUrl": "https://foursquare.com/item/4d289f4d6e27a143fcfe1b24", "todo": {"count": 0}, "disagreeCount": 0}, {"logView": true, "lang": "en", "createdAt": 1300982249, "agreeCount": 0, "likes": {"groups": [], "count": 0}, "id": "4d8b69e926a36ea85dbc08ae", "text": "Auntie grace from drinks stall always treat me so good:)", "type": "user", "user": {"gender": "male", "id": "3122059", "photo": {"prefix": "https://igx.4sqi.net/img/user/", "suffix": "/40H1EXFJBVDK144L.jpg"}, "firstName": "Ben", "lastName": "Ng"}, "canonicalUrl": "https://foursquare.com/item/4d8b69e926a36ea85dbc08ae", "todo": {"count": 0}, "disagreeCount": 0}, {"logView": true, "lang": "en", "createdAt": 1462287498, "todo": {"count": 0}, "agreeCount": 0, "likes": {"groups": [], "count": 0}, "lastVoteText": "Downvoted Apr 16", "id": "5728bc8a498e7e1c523be65d", "text": "Apparently nobody updates here anymore. What to do..", "disagreeCount": 1, "user": {"gender": "female", "id": "103690857", "photo": {"prefix": "https://igx.4sqi.net/img/user/", "suffix": "/103690857-3HPEJYKZFMVCEW5I.jpg"}, "firstName": "Chay Huey", "lastName": "Liew"}, "canonicalUrl": "https://foursquare.com/item/5728bc8a498e7e1c523be65d", "type": "user", "lastDownvoteTimestamp": 1492327906}, {"logView": true, "lang": "en", "createdAt": 1277520034, "agreeCount": 1, "likes": {"groups": [{"items": [{"id": "14302536", "photo": {"prefix": "https://igx.4sqi.net/img/user/", "suffix": "/ZQKPMCJV3K2CEH20.jpg"}, "firstName": "Magnus", "gender": "male"}], "count": 1, "type": "others"}], "summary": "1 like", "count": 1}, "id": "4c2568a2b012b713cfaf0893", "text": "Chwee Kueh and Pandan Tao Huey!", "type": "user", "user": {"gender": "male", "id": "1078049", "photo": {"prefix": "https://igx.4sqi.net/img/user/", "suffix": "/KBZNB5R3DWGRRBRI.jpg"}, "firstName": "William", "lastName": "Foong"}, "canonicalUrl": "https://foursquare.com/item/4c2568a2b012b713cfaf0893", "todo": {"count": 0}, "disagreeCount": 0}, {"logView": true, "lang": "en", "createdAt": 1303721496, "agreeCount": 0, "likes": {"groups": [], "count": 0}, "id": "4db536186e8179a9138ac768", "text": "Fried Kway teow the best", "type": "user", "user": {"gender": "male", "id": "4609369", "photo": {"prefix": "https://igx.4sqi.net/img/user/", "suffix": "/WA10YHPP5PR5BJWH.jpg"}, "firstName": "Mx", "lastName": "S"}, "canonicalUrl": "https://foursquare.com/item/4db536186e8179a9138ac768", "todo": {"count": 0}, "disagreeCount": 0}, {"logView": true, "lang": "en", "createdAt": 1285154036, "agreeCount": 1, "likes": {"groups": [{"items": [{"gender": "male", "id": "4652392", "photo": {"prefix": "https://igx.4sqi.net/img/user/", "suffix": "/EBOSDEFUUHFNWYDH.jpg"}, "firstName": "Rj", "lastName": "Choo"}], "count": 1, "type": "others"}], "summary": "1 like", "count": 1}, "id": "4c99e4f4a004a1cd4132436e", "text": "The queue for Xiang ji is always very long at night...", "type": "user", "user": {"gender": "female", "id": "3395120", "photo": {"prefix": "https://igx.4sqi.net/img/user/", "default": true, "suffix": "/blank_girl.png"}, "firstName": "Vivian", "lastName": "Yew"}, "canonicalUrl": "https://foursquare.com/item/4c99e4f4a004a1cd4132436e", "todo": {"count": 0}, "disagreeCount": 0}, {"logView": true, "lang": "zh", "createdAt": 1296544443, "agreeCount": 1, "likes": {"groups": [{"items": [{"gender": "male", "id": "40038555", "photo": {"prefix": "https://igx.4sqi.net/img/user/", "suffix": "/MHCSGBNRDBBGWKP0.jpg"}, "firstName": "Terence", "lastName": "Lee"}], "count": 1, "type": "others"}], "summary": "1 like", "count": 1}, "id": "4d47b2bb551db1f7ea439b30", "text": "\u8c46\u82b1 very good.\ue420", "type": "user", "user": {"id": "3555563", "photo": {"prefix": "https://igx.4sqi.net/img/user/", "suffix": "/IZ10ZSR00JC0GXKY.jpg"}, "firstName": "nOel\u2122", "gender": "male"}, "canonicalUrl": "https://foursquare.com/item/4d47b2bb551db1f7ea439b30", "todo": {"count": 0}, "disagreeCount": 0}, {"logView": true, "lang": "en", "createdAt": 1268758201, "agreeCount": 0, "likes": {"groups": [], "count": 0}, "id": "4b9fb6b970c603bb849f94b4", "text": "The fish ball noodles and western food are popular.", "type": "user", "user": {"gender": "male", "id": "454417", "photo": {"prefix": "https://igx.4sqi.net/img/user/", "suffix": "/WN0IV3Z4IZED0DXK.jpg"}, "firstName": "Patrick", "lastName": "Ng"}, "canonicalUrl": "https://foursquare.com/item/4b9fb6b970c603bb849f94b4", "todo": {"count": 0}, "disagreeCount": 0}, {"logView": true, "lang": "en", "createdAt": 1298082201, "agreeCount": 0, "likes": {"groups": [], "count": 0}, "id": "4d5f299929ef236a719d9559", "text": "Hokkien mee is a well kept secret!", "type": "user", "user": {"gender": "male", "id": "2587668", "photo": {"prefix": "https://igx.4sqi.net/img/user/", "suffix": "/VHIDZOKWMFPQWU0R.jpg"}, "firstName": "Kenneth C S", "lastName": "Lim"}, "canonicalUrl": "https://foursquare.com/item/4d5f299929ef236a719d9559", "todo": {"count": 0}, "disagreeCount": 0}, {"logView": true, "lang": "en", "createdAt": 1398348845, "agreeCount": 0, "likes": {"groups": [], "count": 0}, "id": "53591c2d498e641a3c3e6ca8", "text": "Teh bing here is bad and expensive!", "type": "user", "user": {"gender": "male", "id": "3770327", "photo": {"prefix": "https://igx.4sqi.net/img/user/", "suffix": "/IWHLOAZHZWZDXOCY.jpg"}, "firstName": "Jasper", "lastName": "G."}, "canonicalUrl": "https://foursquare.com/item/53591c2d498e641a3c3e6ca8", "todo": {"count": 0}, "disagreeCount": 0}, {"logView": true, "lang": "en", "createdAt": 1271129243, "agreeCount": 0, "likes": {"groups": [], "count": 0}, "id": "4bc3e49b70c603bb22aa97b4", "text": "Gan lao mian here is the best!", "type": "user", "user": {"gender": "male", "id": "895117", "photo": {"prefix": "https://igx.4sqi.net/img/user/", "suffix": "/R2LNA1JOBOTTUB1I.jpg"}, "firstName": "Jazz", "lastName": "Chng"}, "canonicalUrl": "https://foursquare.com/item/4bc3e49b70c603bb22aa97b4", "todo": {"count": 0}, "disagreeCount": 0}, {"logView": true, "lang": "en", "createdAt": 1298082588, "agreeCount": 0, "likes": {"groups": [], "count": 0}, "id": "4d5f2b1c338bb60c5ac218bd", "text": "Drinks are overpriced here but the food is good!", "type": "user", "user": {"gender": "male", "id": "2587668", "photo": {"prefix": "https://igx.4sqi.net/img/user/", "suffix": "/VHIDZOKWMFPQWU0R.jpg"}, "firstName": "Kenneth C S", "lastName": "Lim"}, "canonicalUrl": "https://foursquare.com/item/4d5f2b1c338bb60c5ac218bd", "todo": {"count": 0}, "disagreeCount": 0}, {"logView": true, "lang": "en", "createdAt": 1339248410, "agreeCount": 0, "likes": {"groups": [], "count": 0}, "id": "4fd34f1ae4b0d45a953a445d", "text": "The auntie at the carrot cake and hokkien mee stall is kinda irritating. Looks As if i owe her or steal her money", "type": "user", "user": {"gender": "female", "id": "4419888", "photo": {"prefix": "https://igx.4sqi.net/img/user/", "suffix": "/AYT1LF1XBDUWUPI1.jpg"}, "firstName": "Inge Helena", "lastName": "Ian"}, "canonicalUrl": "https://foursquare.com/item/4fd34f1ae4b0d45a953a445d", "todo": {"count": 0}, "disagreeCount": 0}, {"logView": true, "lang": "en", "createdAt": 1422798111, "agreeCount": 0, "likes": {"groups": [], "count": 0}, "id": "54ce2d1f498ef8aa3766c74b", "text": "Good laksa and bar chor mee\u00a1\u00a1\u00a1", "type": "user", "user": {"gender": "female", "id": "106673705", "photo": {"prefix": "https://igx.4sqi.net/img/user/", "suffix": "/106673705-XJ0NHUACKEBCOQNP.jpg"}, "firstName": "Wari", "lastName": "Lim"}, "canonicalUrl": "https://foursquare.com/item/54ce2d1f498ef8aa3766c74b", "todo": {"count": 0}, "disagreeCount": 0}, {"logView": true, "lang": "en", "createdAt": 1295437934, "agreeCount": 0, "likes": {"groups": [], "count": 0}, "id": "4d36d06e036c5481141a4789", "text": "Korean chicken soup like maggee mee, don't try", "type": "user", "user": {"gender": "male", "id": "324434", "photo": {"prefix": "https://igx.4sqi.net/img/user/", "suffix": "/324434-PUMSIPIEHGR0I05E.jpg"}, "firstName": "Shaun", "lastName": "Chen"}, "canonicalUrl": "https://foursquare.com/item/4d36d06e036c5481141a4789", "todo": {"count": 0}, "disagreeCount": 0}, {"logView": true, "lang": "en", "createdAt": 1299124333, "agreeCount": 2, "likes": {"groups": [{"items": [{"gender": "female", "id": "103690857", "photo": {"prefix": "https://igx.4sqi.net/img/user/", "suffix": "/103690857-3HPEJYKZFMVCEW5I.jpg"}, "firstName": "Chay Huey", "lastName": "Liew"}, {"gender": "female", "id": "106673705", "photo": {"prefix": "https://igx.4sqi.net/img/user/", "suffix": "/106673705-XJ0NHUACKEBCOQNP.jpg"}, "firstName": "Wari", "lastName": "Lim"}], "count": 2, "type": "others"}], "summary": "2 likes", "count": 2}, "id": "4d6f106d56dea093d812bb8c", "text": "Bak chor mee is damn nice!", "type": "user", "user": {"gender": "male", "id": "4451844", "photo": {"prefix": "https://igx.4sqi.net/img/user/", "suffix": "/GDNH41GC2LGTKWNJ.jpg"}, "firstName": "Baofa", "lastName": "Van der huat"}, "canonicalUrl": "https://foursquare.com/item/4d6f106d56dea093d812bb8c", "todo": {"count": 0}, "disagreeCount": 0}, {"logView": true, "lang": "en", "createdAt": 1341895446, "agreeCount": 3, "likes": {"groups": [{"items": [{"gender": "female", "id": "106673705", "photo": {"prefix": "https://igx.4sqi.net/img/user/", "suffix": "/106673705-XJ0NHUACKEBCOQNP.jpg"}, "firstName": "Wari", "lastName": "Lim"}, {"gender": "male", "id": "3720631", "photo": {"prefix": "https://igx.4sqi.net/img/user/", "suffix": "/-HJZJ3VOW5VKLYN4U.jpg"}, "firstName": "Kenneth", "lastName": "Paar"}], "count": 3, "type": "others"}], "summary": "3 likes", "count": 3}, "id": "4ffbb316e4b01adae54ed035", "text": "Suddenly central CCK 302 Coffeehouse known as Frankie's Place Kopi Point? Is this Frankie from Phua Chu Kang taking over Choa Chu Kang now?? ;)", "type": "user", "user": {"gender": "male", "id": "1480426", "photo": {"prefix": "https://igx.4sqi.net/img/user/", "suffix": "/1480426-0ZLYEE11G5J5M04V.jpg"}, "firstName": "ONLY G_E_E_K", "lastName": "G_E_T-I.T."}, "canonicalUrl": "https://foursquare.com/item/4ffbb316e4b01adae54ed035", "todo": {"count": 0}, "disagreeCount": 0}, {"logView": true, "lang": "en", "createdAt": 1376215877, "agreeCount": 0, "likes": {"groups": [], "count": 0}, "id": "5207634511d2ea8c315e78ee", "text": "Must try the Ngoh Hiang and fried mee hoon. 3rd time here already.", "type": "user", "user": {"gender": "female", "id": "2147251", "photo": {"prefix": "https://igx.4sqi.net/img/user/", "default": true, "suffix": "/blank_girl.png"}, "firstName": "Jasmine", "lastName": "Quek"}, "canonicalUrl": "https://foursquare.com/item/5207634511d2ea8c315e78ee", "todo": {"count": 0}, "disagreeCount": 0}, {"logView": true, "lang": "en", "createdAt": 1301455123, "agreeCount": 1, "likes": {"groups": [{"items": [{"gender": "male", "id": "1393579", "photo": {"prefix": "https://igx.4sqi.net/img/user/", "suffix": "/1393579-G5UKAPOTOXNNIQMI.jpg"}, "firstName": "Stan", "lastName": "Chang Khin Boon"}], "count": 1, "type": "others"}], "summary": "1 like", "count": 1}, "id": "4d92a11362ad5481cace704b", "text": "Do not eat the indian muslim food stall... The prata VEry hard n dry... Nt nice.. VEry XXx$$$... 1 pc 90cent..  pppp... No star is given", "type": "user", "user": {"gender": "male", "id": "4469711", "photo": {"prefix": "https://igx.4sqi.net/img/user/", "default": true, "suffix": "/blank_boy.png"}, "firstName": "Almond", "lastName": "Chua"}, "canonicalUrl": "https://foursquare.com/item/4d92a11362ad5481cace704b", "todo": {"count": 0}, "disagreeCount": 0}, {"logView": true, "lang": "en", "createdAt": 1267609100, "agreeCount": 0, "likes": {"groups": [], "count": 0}, "id": "4b8e2e0c70c603bba97293b4", "text": "Little seats when it's dinner time. Try to have Dinner early to have seats.", "type": "user", "user": {"gender": "male", "id": "486296", "photo": {"prefix": "https://igx.4sqi.net/img/user/", "suffix": "/486296-PKOX2UOKOHTJM0XX.jpg"}, "firstName": "Wen Jie", "lastName": "Koh"}, "canonicalUrl": "https://foursquare.com/item/4b8e2e0c70c603bba97293b4", "todo": {"count": 0}, "disagreeCount": 0}, {"authorInteractionType": "liked", "logView": true, "lang": "en", "createdAt": 1275577184, "agreeCount": 1, "likes": {"groups": [{"items": [{"gender": "female", "id": "103690857", "photo": {"prefix": "https://igx.4sqi.net/img/user/", "suffix": "/103690857-3HPEJYKZFMVCEW5I.jpg"}, "firstName": "Chay Huey", "lastName": "Liew"}], "count": 1, "type": "others"}], "summary": "1 like", "count": 1}, "id": "4c07c360b0a2e0de19809dba", "text": "Face supper place, it's open 24hrs. :)", "type": "user", "user": {"gender": "male", "id": "385374", "photo": {"prefix": "https://igx.4sqi.net/img/user/", "suffix": "/385374-1JWEDG5Z4HDS2H0B.jpg"}, "firstName": "Ryan", "lastName": "Kwa"}, "canonicalUrl": "https://foursquare.com/item/4c07c360b0a2e0de19809dba", "todo": {"count": 1}, "disagreeCount": 0}, {"logView": true, "lang": "en", "createdAt": 1371894082, "agreeCount": 0, "likes": {"groups": [], "count": 0}, "id": "51c57142498e8f1d0fcd9ae9", "text": "There's a stall that sells Guo Tie which is homemade and fried to order. Very good.", "type": "user", "user": {"gender": "female", "id": "3424668", "photo": {"prefix": "https://igx.4sqi.net/img/user/", "suffix": "/GAKVTUSG05JJCUO2.jpg"}, "firstName": "Angela", "lastName": "Oon"}, "canonicalUrl": "https://foursquare.com/item/51c57142498e8f1d0fcd9ae9", "todo": {"count": 0}, "disagreeCount": 0}, {"logView": true, "lang": "en", "createdAt": 1312476321, "agreeCount": 0, "likes": {"groups": [], "count": 0}, "id": "4e3acca1aeb7ec670290bc50", "text": "Tomyam is good. A must try", "type": "user", "user": {"gender": "female", "id": "8012503", "photo": {"prefix": "https://igx.4sqi.net/img/user/", "suffix": "/OD5RJSKFIS4LRFYN.jpg"}, "firstName": "Jenny", "lastName": "Lok"}, "canonicalUrl": "https://foursquare.com/item/4e3acca1aeb7ec670290bc50", "todo": {"count": 1}, "disagreeCount": 0}], "count": 56}}}