{"meta": {"code": 200, "requestId": "595a46cf4434b96bc8846e92"}, "response": {"tips": {"items": [{"logView": true, "lang": "en", "photo": {"id": "534a324f498ed73e673db5c5", "visibility": "public", "source": {"name": "Foursquare for iOS", "url": "https://foursquare.com/download/#/iphone"}, "suffix": "/1651128_R6dOd9au_yFrvYZottBGIDJpgRLMUD3w7BjYQBgbiG0.jpg", "createdAt": 1397371471, "prefix": "https://igx.4sqi.net/img/general/", "width": 720, "height": 960}, "createdAt": 1397371469, "todo": {"count": 0}, "agreeCount": 0, "likes": {"groups": [], "count": 0}, "id": "534a324d498e19613d29d9ba", "text": "Closed every Monday to Wednesday. \u661f\u671f\u4e00\uff0c\u4e8c\uff0c\u4e09\u4f11\u606f\u3002", "disagreeCount": 0, "user": {"gender": "female", "id": "1651128", "photo": {"prefix": "https://igx.4sqi.net/img/user/", "suffix": "/YTA52QX0YDZSXDAC.jpg"}, "firstName": "zhao yue", "lastName": "\u10e6ichelle"}, "canonicalUrl": "https://foursquare.com/item/534a324d498e19613d29d9ba", "type": "user", "photourl": "https://igx.4sqi.net/img/general/original/1651128_R6dOd9au_yFrvYZottBGIDJpgRLMUD3w7BjYQBgbiG0.jpg"}, {"logView": true, "lang": "en", "createdAt": 1289726041, "agreeCount": 0, "likes": {"groups": [], "count": 0}, "id": "4cdfa859df986ea88189e316", "text": "Best Char Siew in SG, u can customize your 'fat' level by telling them how much u want", "type": "user", "user": {"gender": "male", "id": "1381947", "photo": {"prefix": "https://igx.4sqi.net/img/user/", "suffix": "/1381947-WNKPZXERQQKXFUQG.jpg"}, "firstName": "Daniel", "lastName": "Tay"}, "canonicalUrl": "https://foursquare.com/item/4cdfa859df986ea88189e316", "todo": {"count": 0}, "disagreeCount": 0}, {"logView": true, "lang": "en", "createdAt": 1428309975, "agreeCount": 0, "likes": {"groups": [], "count": 0}, "id": "552247d7498eee413d46b8dc", "text": "Char siew was disappointing while the roast duck was actually not bad. The soup I had - white radish - was great though I would have preferred if it was served hotter. And yes, it is quite pricey.", "type": "user", "user": {"gender": "male", "id": "43590376", "photo": {"prefix": "https://igx.4sqi.net/img/user/", "suffix": "/43590376_qHuTJDDM_B-AgC3DPdb0b7JmTis0qGWjtdLQH4NT5lN09sRZs770vprSKLJaxJ1MqI3e2efBA.jpg"}, "firstName": "Lionel", "lastName": "Lim"}, "canonicalUrl": "https://foursquare.com/item/552247d7498eee413d46b8dc", "todo": {"count": 0}, "disagreeCount": 0}, {"logView": true, "lang": "en", "createdAt": 1325826134, "agreeCount": 0, "likes": {"groups": [], "count": 0}, "id": "4f06805677c8b25e190a7714", "text": "All e roast duck n roast pork n char siew v nice n e soup but abit x..", "type": "user", "user": {"gender": "male", "id": "18440588", "photo": {"prefix": "https://igx.4sqi.net/img/user/", "suffix": "/DLCK2KXAXMDF1BCM.jpg"}, "firstName": "Tan", "lastName": "WeeMeng"}, "canonicalUrl": "https://foursquare.com/item/4f06805677c8b25e190a7714", "todo": {"count": 0}, "disagreeCount": 0}, {"logView": true, "lang": "en", "createdAt": 1299497858, "agreeCount": 0, "likes": {"groups": [], "count": 0}, "id": "4d74c382fe1b721ed26eb11f", "text": "No doubt they serve Good tasting char Siew.... But I will be safe to price check before ordering... 6 pax eat... $97.... Faint*", "type": "user", "user": {"gender": "male", "id": "2763263", "photo": {"prefix": "https://igx.4sqi.net/img/user/", "suffix": "/XLDL0JX0INK0SFY0.jpg"}, "firstName": "Stanley", "lastName": "Tan"}, "canonicalUrl": "https://foursquare.com/item/4d74c382fe1b721ed26eb11f", "todo": {"count": 0}, "disagreeCount": 0}, {"authorInteractionType": "disliked", "logView": true, "lang": "en", "createdAt": 1393128540, "agreeCount": 0, "likes": {"groups": [], "count": 0}, "id": "5309745c498e69fe86ea1b22", "text": "Char Siew better than the duck. Terrible attitude from the aunties, throwing our rice plates and duck on the table spilling our chilli sauce in the process. Food doesn't justify price and attitude.", "type": "user", "user": {"gender": "male", "id": "718377", "photo": {"prefix": "https://igx.4sqi.net/img/user/", "suffix": "/718377-VXDZYA54I52SUW14.jpg"}, "firstName": "Darren", "lastName": "Teo"}, "canonicalUrl": "https://foursquare.com/item/5309745c498e69fe86ea1b22", "todo": {"count": 0}, "disagreeCount": 0}, {"logView": true, "lang": "en", "createdAt": 1319874276, "agreeCount": 0, "likes": {"groups": [], "count": 0}, "id": "4eabaee4991107f63cb2af48", "text": "The price & quality of food is not worth putting up with the f?!$& up attitude.", "type": "user", "user": {"gender": "male", "id": "5322260", "photo": {"prefix": "https://igx.4sqi.net/img/user/", "suffix": "/FGFBHQCYZYUCDMRN.jpg"}, "firstName": "Daveid", "lastName": "C"}, "canonicalUrl": "https://foursquare.com/item/4eabaee4991107f63cb2af48", "todo": {"count": 0}, "disagreeCount": 0}, {"authorInteractionType": "liked", "logView": true, "lang": "en", "photo": {"id": "56fcae42498ea25a814a5100", "visibility": "public", "source": {"name": "Swarm for iOS", "url": "https://www.swarmapp.com"}, "suffix": "/78067164_IMA6zGJL12AQw2JiZPfJ-axQJ90I_gfw3eb6K8SVHbk.jpg", "createdAt": 1459400258, "prefix": "https://igx.4sqi.net/img/general/", "width": 1440, "height": 1920}, "createdAt": 1459400258, "todo": {"count": 0}, "agreeCount": 0, "likes": {"groups": [], "count": 0}, "id": "56fcae42498ea25a814a5108", "text": "Verdict - Great for those (me) who want the roasted taste and texture for their char siew and roasted duck. Not good for those who prefer only lean (no fat) and no trace of charcoal on their meats.", "disagreeCount": 0, "user": {"gender": "female", "id": "78067164", "photo": {"prefix": "https://igx.4sqi.net/img/user/", "suffix": "/78067164-IMWDH0V31H3V0N2N.jpg"}, "firstName": "Mag", "lastName": "TY"}, "canonicalUrl": "https://foursquare.com/item/56fcae42498ea25a814a5108", "type": "user", "photourl": "https://igx.4sqi.net/img/general/original/78067164_IMA6zGJL12AQw2JiZPfJ-axQJ90I_gfw3eb6K8SVHbk.jpg"}, {"logView": true, "lang": "en", "createdAt": 1299737417, "agreeCount": 0, "likes": {"groups": [], "count": 0}, "id": "4d786b49db7c5481e5e930f2", "text": "Kns! Standard drop!! Don't come here in the afternoon! All the roast duck n Char Siew all burnt as shown on the pic!", "type": "user", "user": {"gender": "male", "id": "1806303", "photo": {"prefix": "https://igx.4sqi.net/img/user/", "suffix": "/K504HXXVTCNKOJJR.jpg"}, "firstName": "Alex", "lastName": "Moo"}, "canonicalUrl": "https://foursquare.com/item/4d786b49db7c5481e5e930f2", "todo": {"count": 0}, "disagreeCount": 0}, {"authorInteractionType": "liked", "logView": true, "lang": "en", "createdAt": 1476453473, "agreeCount": 0, "likes": {"groups": [], "count": 0}, "id": "5800e461498e2f36bcd41af7", "text": "Their soup is better than meat", "type": "user", "user": {"gender": "male", "id": "7992494", "photo": {"prefix": "https://igx.4sqi.net/img/user/", "suffix": "/7992494_K4LaVRle_f3hNZPv-hrmK9-uFfDQMMjpnfFik_TVKwPwVZzd8t-KIy7nZxFTflFY0V1sG0sQQ.jpg"}, "firstName": "Calvin", "lastName": "Chong"}, "canonicalUrl": "https://foursquare.com/item/5800e461498e2f36bcd41af7", "todo": {"count": 0}, "disagreeCount": 0}, {"logView": true, "lang": "en", "createdAt": 1373626983, "agreeCount": 1, "likes": {"groups": [{"items": [{"gender": "female", "id": "1651128", "photo": {"prefix": "https://igx.4sqi.net/img/user/", "suffix": "/YTA52QX0YDZSXDAC.jpg"}, "firstName": "zhao yue", "lastName": "\u10e6ichelle"}], "count": 1, "type": "others"}], "summary": "1 like", "count": 1}, "id": "51dfe267498e5a7e3f9bf640", "text": "Soup options: White radish, winter melon, watercress, lotus roots, bitter gourd, salted vege+duck, peppery pig stomach. Most look like boiled w pork ribs for added flavour :-) Ask what's avail", "type": "user", "user": {"gender": "male", "id": "231366", "photo": {"prefix": "https://igx.4sqi.net/img/user/", "suffix": "/231366-Q2ZSAEF50GYUXPDA.jpg"}, "firstName": "Cheen", "lastName": "The Curious"}, "canonicalUrl": "https://foursquare.com/item/51dfe267498e5a7e3f9bf640", "todo": {"count": 0}, "disagreeCount": 0}, {"logView": true, "lang": "en", "createdAt": 1404643159, "agreeCount": 1, "likes": {"groups": [{"items": [{"id": "7762490", "photo": {"prefix": "https://igx.4sqi.net/img/user/", "suffix": "/7762490-Z0F3PSJ4B130S3LW.jpg"}, "firstName": "MICHAEL", "gender": "male"}], "count": 1, "type": "others"}], "summary": "1 like", "count": 1}, "id": "53b92757498e271cfa5bed4c", "text": "Fabulous Roast Duck & Char Siew", "type": "user", "user": {"gender": "female", "id": "43108777", "photo": {"prefix": "https://igx.4sqi.net/img/user/", "suffix": "/43108777-HKOFQWHSO1V5ZWKP.jpg"}, "firstName": "Sunny", "lastName": "Bee"}, "canonicalUrl": "https://foursquare.com/item/53b92757498e271cfa5bed4c", "todo": {"count": 0}, "disagreeCount": 0}, {"logView": true, "lang": "en", "createdAt": 1295606850, "agreeCount": 0, "likes": {"groups": [], "count": 0}, "id": "4d396442687ca35d76d87ec4", "text": "My fav. Roast duck rice!!! Yum!!!!", "type": "user", "user": {"gender": "male", "id": "5104515", "photo": {"prefix": "https://igx.4sqi.net/img/user/", "suffix": "/TDU5OCJZM3UFEVMT.jpg"}, "firstName": "Elger", "lastName": "Kua"}, "canonicalUrl": "https://foursquare.com/item/4d396442687ca35d76d87ec4", "todo": {"count": 0}, "disagreeCount": 0}, {"authorInteractionType": "liked", "logView": true, "lang": "en", "photo": {"id": "56fcae99498e1b469edacb4f", "visibility": "public", "source": {"name": "Foursquare for iOS", "url": "https://foursquare.com/download/#/iphone"}, "suffix": "/78067164_XI6PR8YxlpQRYNARO2x_U3wQMe4JGfQH51lqkbOoctQ.jpg", "createdAt": 1459400345, "prefix": "https://igx.4sqi.net/img/general/", "width": 1440, "height": 1920}, "createdAt": 1459400342, "todo": {"count": 0}, "agreeCount": 0, "likes": {"groups": [], "count": 0}, "id": "56fcae96498efa08a266dfb4", "text": "Not for those who don't want to pay premium for good food ie. $17 for duck drumstick and another meat.", "disagreeCount": 0, "user": {"gender": "female", "id": "78067164", "photo": {"prefix": "https://igx.4sqi.net/img/user/", "suffix": "/78067164-IMWDH0V31H3V0N2N.jpg"}, "firstName": "Mag", "lastName": "TY"}, "canonicalUrl": "https://foursquare.com/item/56fcae96498efa08a266dfb4", "type": "user", "photourl": "https://igx.4sqi.net/img/general/original/78067164_XI6PR8YxlpQRYNARO2x_U3wQMe4JGfQH51lqkbOoctQ.jpg"}, {"logView": true, "lang": "en", "createdAt": 1285744581, "agreeCount": 0, "likes": {"groups": [], "count": 0}, "id": "4ca2e7c5d7c33704cb6b9c62", "text": "IMHO, the charred duck n sio bah is the best. The char siew is not fatty enough", "type": "user", "user": {"gender": "male", "id": "1155097", "photo": {"prefix": "https://igx.4sqi.net/img/user/", "suffix": "/YHTYU21DVEXA24X4.jpg"}, "firstName": "peter", "lastName": "yeo"}, "canonicalUrl": "https://foursquare.com/item/4ca2e7c5d7c33704cb6b9c62", "todo": {"count": 0}, "disagreeCount": 0}, {"logView": true, "lang": "en", "createdAt": 1393133814, "agreeCount": 0, "likes": {"groups": [], "count": 0}, "id": "530988f6498e95ae1ce152f7", "text": "Char siew has a funny smell", "type": "user", "user": {"gender": "female", "id": "140784", "photo": {"prefix": "https://igx.4sqi.net/img/user/", "suffix": "/YSUJTO1R41UCGIAV.jpg"}, "firstName": "Jona", "lastName": "Neo"}, "canonicalUrl": "https://foursquare.com/item/530988f6498e95ae1ce152f7", "todo": {"count": 0}, "disagreeCount": 0}, {"logView": true, "lang": "en", "createdAt": 1336705475, "agreeCount": 0, "likes": {"groups": [], "count": 0}, "id": "4fac81c3e4b033cf3f2eccf8", "text": "$5 per roast pork rice. The portion is also quite little. Not worth it", "type": "user", "user": {"gender": "male", "id": "22277121", "photo": {"prefix": "https://igx.4sqi.net/img/user/", "suffix": "/AUGYUYYICDFJLMQE.jpg"}, "firstName": "Ashton", "lastName": "Lee"}, "canonicalUrl": "https://foursquare.com/item/4fac81c3e4b033cf3f2eccf8", "todo": {"count": 0}, "disagreeCount": 0}, {"logView": true, "lang": "en", "createdAt": 1283837720, "agreeCount": 0, "likes": {"groups": [{"items": [], "count": 1, "type": "others"}], "summary": "1 like", "count": 1}, "id": "4c85cf182f1c236afe1c5843", "text": "Great food !", "type": "user", "user": {"gender": "female", "id": "2952476", "photo": {"prefix": "https://igx.4sqi.net/img/user/", "suffix": "/LTMD0CLN1Z2CEEHO.jpg"}, "firstName": "Crystelle", "lastName": "Ho"}, "canonicalUrl": "https://foursquare.com/item/4c85cf182f1c236afe1c5843", "todo": {"count": 0}, "disagreeCount": 0}, {"logView": true, "lang": "en", "photo": {"id": "54cd9176498ed864ce1b8040", "visibility": "public", "source": {"name": "Foursquare for Android", "url": "https://foursquare.com/download/#/android"}, "suffix": "/8842395_WlaERmADq-3RozW2xXQeLj_oFfJ3LauNJpD2vZyOPnc.jpg", "createdAt": 1422758262, "prefix": "https://igx.4sqi.net/img/general/", "width": 960, "height": 540}, "createdAt": 1422758260, "todo": {"count": 1}, "agreeCount": 0, "likes": {"groups": [], "count": 0}, "id": "54cd9174498eb0827955ae67", "text": ":-) no queue at 1030am.", "disagreeCount": 0, "user": {"gender": "female", "id": "8842395", "photo": {"prefix": "https://igx.4sqi.net/img/user/", "default": true, "suffix": "/blank_girl.png"}, "firstName": "Danielle", "lastName": "Chin"}, "canonicalUrl": "https://foursquare.com/item/54cd9174498eb0827955ae67", "type": "user", "photourl": "https://igx.4sqi.net/img/general/original/8842395_WlaERmADq-3RozW2xXQeLj_oFfJ3LauNJpD2vZyOPnc.jpg"}, {"authorInteractionType": "liked", "logView": true, "lang": "en", "createdAt": 1419100850, "agreeCount": 0, "likes": {"groups": [], "count": 0}, "id": "5495c2b2498e4fc15f4db2b2", "text": "Come super early at 10.30am - guaranteed seats! No waiting time. Also, go for the char siew. It's heavenly.", "type": "user", "user": {"gender": "male", "id": "73219693", "photo": {"prefix": "https://igx.4sqi.net/img/user/", "suffix": "/73219693-N50M1EFRTMGCPND4.jpg"}, "firstName": "Desmond", "lastName": "Chua"}, "canonicalUrl": "https://foursquare.com/item/5495c2b2498e4fc15f4db2b2", "todo": {"count": 0}, "disagreeCount": 0}, {"authorInteractionType": "liked", "logView": true, "lang": "en", "createdAt": 1428745986, "agreeCount": 0, "likes": {"groups": [], "count": 0}, "id": "5528ef02498e79c95b4a9d47", "text": "The cha shao and roast meat are good!! The watercress soup is also recommended!!", "type": "user", "user": {"id": "76533769", "photo": {"prefix": "https://igx.4sqi.net/img/user/", "suffix": "/76533769-XOXYZXPZ0WNWT5JK.jpg"}, "firstName": "Aaron", "gender": "male"}, "canonicalUrl": "https://foursquare.com/item/5528ef02498e79c95b4a9d47", "todo": {"count": 0}, "disagreeCount": 0}, {"authorInteractionType": "liked", "logView": true, "lang": "en", "createdAt": 1375597159, "agreeCount": 0, "likes": {"groups": [], "count": 0}, "id": "51fdf267498ea18795067ab5", "text": "Great char siew and roast pork. The roast duck was excellent too. Will come back. But parking was difficult.", "type": "user", "user": {"gender": "male", "id": "30366299", "photo": {"prefix": "https://igx.4sqi.net/img/user/", "suffix": "/QXEDXN1Y15VBMWFO.jpg"}, "firstName": "Suan Pin", "lastName": "Foo"}, "canonicalUrl": "https://foursquare.com/item/51fdf267498ea18795067ab5", "todo": {"count": 0}, "disagreeCount": 0}, {"authorInteractionType": "liked", "logView": true, "lang": "en", "createdAt": 1419100668, "agreeCount": 0, "likes": {"groups": [], "count": 0}, "id": "5495c1fc498e7cb1360414bc", "text": "If you only have stomach for one thing, and one thing only - go for the char siew!", "type": "user", "user": {"gender": "male", "id": "73219693", "photo": {"prefix": "https://igx.4sqi.net/img/user/", "suffix": "/73219693-N50M1EFRTMGCPND4.jpg"}, "firstName": "Desmond", "lastName": "Chua"}, "canonicalUrl": "https://foursquare.com/item/5495c1fc498e7cb1360414bc", "todo": {"count": 0}, "disagreeCount": 0}, {"logView": true, "lang": "en", "createdAt": 1312703267, "agreeCount": 0, "likes": {"groups": [], "count": 0}, "id": "4e3e4323e4cdab9b934ed535", "text": "Don't come during lunch time unless you're early or taking away!", "type": "user", "user": {"gender": "female", "id": "4335430", "photo": {"prefix": "https://igx.4sqi.net/img/user/", "suffix": "/4AAJJ2OMGHQRK1EA.jpg"}, "firstName": "Deborahrahrah", "lastName": "Leong"}, "canonicalUrl": "https://foursquare.com/item/4e3e4323e4cdab9b934ed535", "todo": {"count": 0}, "disagreeCount": 0}, {"logView": true, "lang": "en", "createdAt": 1312703057, "agreeCount": 0, "likes": {"groups": [{"items": [], "count": 2, "type": "others"}], "summary": "2 likes", "count": 2}, "id": "4e3e425118a83d5b285003a2", "text": "Old cucumber soup!!!", "type": "user", "user": {"gender": "female", "id": "4335430", "photo": {"prefix": "https://igx.4sqi.net/img/user/", "suffix": "/4AAJJ2OMGHQRK1EA.jpg"}, "firstName": "Deborahrahrah", "lastName": "Leong"}, "canonicalUrl": "https://foursquare.com/item/4e3e425118a83d5b285003a2", "todo": {"count": 0}, "disagreeCount": 0}, {"logView": true, "lang": "en", "createdAt": 1273832342, "agreeCount": 0, "likes": {"groups": [], "count": 0}, "id": "4bed239670c603bbd96f9bb4", "text": "Best char siew in Singapore imo.", "type": "user", "user": {"id": "528500", "photo": {"prefix": "https://igx.4sqi.net/img/user/", "suffix": "/X20WQBSF5VSRMNWW.jpg"}, "firstName": "Steve Lim", "gender": "male"}, "canonicalUrl": "https://foursquare.com/item/4bed239670c603bbd96f9bb4", "todo": {"count": 0}, "disagreeCount": 0}, {"logView": true, "lang": "en", "createdAt": 1265553104, "agreeCount": 3, "likes": {"groups": [{"items": [], "count": 10, "type": "others"}], "summary": "10 likes", "count": 10}, "id": "4b6eced070c603bb96b891b4", "text": "Char siew is a must order!", "type": "user", "user": {"gender": "male", "id": "108147", "photo": {"prefix": "https://igx.4sqi.net/img/user/", "suffix": "/WPJYVEPFECQ2LBMC.jpg"}, "firstName": "Jim Defcon", "lastName": "Chua"}, "canonicalUrl": "https://foursquare.com/item/4b6eced070c603bb96b891b4", "todo": {"count": 2}, "disagreeCount": 0}, {"logView": true, "lang": "en", "createdAt": 1374989281, "agreeCount": 0, "likes": {"groups": [], "count": 0}, "id": "51f4abe1498e954c762fa685", "text": "5 stars! Char siew is good", "type": "user", "user": {"gender": "male", "id": "50922014", "photo": {"prefix": "https://igx.4sqi.net/img/user/", "suffix": "/WS4SVWXX0PLOII0V.jpg"}, "firstName": "Hian", "lastName": "Hong"}, "canonicalUrl": "https://foursquare.com/item/51f4abe1498e954c762fa685", "todo": {"count": 0}, "disagreeCount": 0}, {"authorInteractionType": "liked", "logView": true, "lang": "en", "createdAt": 1404026173, "agreeCount": 0, "likes": {"groups": [], "count": 0}, "id": "53afbd3d498ed34087880b90", "text": "Stick to char siew and soup - they're the best. Roast duck is good but her sister's Mei Mei Roast Duck is better.", "type": "user", "user": {"id": "138791", "photo": {"prefix": "https://igx.4sqi.net/img/user/", "suffix": "/138791-XZ4X04MSTXYGPX4I.jpg"}, "firstName": "David", "gender": "male"}, "canonicalUrl": "https://foursquare.com/item/53afbd3d498ed34087880b90", "todo": {"count": 0}, "disagreeCount": 0}, {"logView": true, "lang": "en", "createdAt": 1268976195, "agreeCount": 0, "likes": {"groups": [{"items": [], "count": 2, "type": "others"}], "summary": "2 likes", "count": 2}, "id": "4ba30a4370c603bb03ef94b4", "text": "Chat sure and roasted meat great. My aunties might have attitude", "type": "user", "user": {"gender": "female", "id": "319318", "photo": {"prefix": "https://igx.4sqi.net/img/user/", "suffix": "/OTDFK1AWWMUBBO3O.jpg"}, "firstName": "Junee", "lastName": "Lim"}, "canonicalUrl": "https://foursquare.com/item/4ba30a4370c603bb03ef94b4", "todo": {"count": 1}, "disagreeCount": 0}, {"logView": true, "lang": "en", "createdAt": 1284693632, "agreeCount": 1, "likes": {"groups": [{"items": [{"gender": "male", "id": "1023230", "photo": {"prefix": "https://igx.4sqi.net/img/user/", "suffix": "/IV4VVMIEKPSDYMRH.jpg"}, "firstName": "Jzin", "lastName": "T"}], "count": 1, "type": "others"}], "summary": "1 like", "count": 1}, "id": "4c92de80f600236ae312c132", "text": "good char siew but foong kee at keong siak has better duck meat. surprisingly expensive too, for the 3 meat combo.", "type": "user", "user": {"gender": "male", "id": "2536911", "photo": {"prefix": "https://igx.4sqi.net/img/user/", "suffix": "/V2ZE01SEAPIOJYH5.jpg"}, "firstName": "Jit", "lastName": "Seng"}, "canonicalUrl": "https://foursquare.com/item/4c92de80f600236ae312c132", "todo": {"count": 0}, "disagreeCount": 0}, {"logView": true, "lang": "en", "createdAt": 1287413205, "agreeCount": 0, "likes": {"groups": [], "count": 0}, "id": "4cbc5dd54495721e8a445a7a", "text": "Try their sweet, juicy and yummy char siew! Best during lunch time.", "type": "user", "user": {"gender": "female", "id": "4002529", "photo": {"prefix": "https://igx.4sqi.net/img/user/", "default": true, "suffix": "/blank_girl.png"}, "firstName": "Evy", "lastName": "Tan"}, "canonicalUrl": "https://foursquare.com/item/4cbc5dd54495721e8a445a7a", "todo": {"count": 0}, "disagreeCount": 0}, {"logView": true, "lang": "en", "createdAt": 1310540948, "agreeCount": 0, "likes": {"groups": [], "count": 0}, "id": "4e1d4494d22dc55c99bada35", "text": "The char siew is a MUST have.", "type": "user", "user": {"gender": "female", "id": "698541", "photo": {"prefix": "https://igx.4sqi.net/img/user/", "suffix": "/J5I4F35EZ5VOQ1BU.jpg"}, "firstName": "J", "lastName": "Lee"}, "canonicalUrl": "https://foursquare.com/item/4e1d4494d22dc55c99bada35", "todo": {"count": 0}, "disagreeCount": 0}, {"logView": true, "lang": "en", "createdAt": 1381142505, "agreeCount": 0, "likes": {"groups": [], "count": 0}, "id": "52528fe9498ef83d6a24b5de", "text": "1 word.. Expensive...", "type": "user", "user": {"gender": "female", "id": "5689065", "photo": {"prefix": "https://igx.4sqi.net/img/user/", "suffix": "/5689065-K1AS1JFAWL2MHLIC.jpg"}, "firstName": "Joy", "lastName": "Ho"}, "canonicalUrl": "https://foursquare.com/item/52528fe9498ef83d6a24b5de", "todo": {"count": 0}, "disagreeCount": 0}, {"authorInteractionType": "disliked", "logView": true, "lang": "en", "createdAt": 1393127175, "agreeCount": 0, "likes": {"groups": [], "count": 0}, "id": "53096f07498ec9d87015e2ed", "text": "I have a low tolerance for bullshit attitude so no thanks, I won't be back.", "type": "user", "user": {"gender": "female", "id": "718245", "photo": {"prefix": "https://igx.4sqi.net/img/user/", "suffix": "/718245-G2KZIHGBSMC1ZVZD.jpg"}, "firstName": "Jade", "lastName": "Yuting Pang"}, "canonicalUrl": "https://foursquare.com/item/53096f07498ec9d87015e2ed", "todo": {"count": 0}, "disagreeCount": 0}, {"logView": true, "lang": "en", "createdAt": 1299498031, "agreeCount": 0, "likes": {"groups": [], "count": 0}, "id": "4d74c42fe278f04d78705bb8", "text": "6 pax, 1 plate roast duck, 1 plate mix char Siew & roast meat, 1 plate char Siew, 4 lotus soup, 6 home made drink, 8 plate rice. COST $97...", "type": "user", "user": {"gender": "male", "id": "2763263", "photo": {"prefix": "https://igx.4sqi.net/img/user/", "suffix": "/XLDL0JX0INK0SFY0.jpg"}, "firstName": "Stanley", "lastName": "Tan"}, "canonicalUrl": "https://foursquare.com/item/4d74c42fe278f04d78705bb8", "todo": {"count": 0}, "disagreeCount": 0}, {"logView": true, "lang": "en", "createdAt": 1401597062, "agreeCount": 0, "likes": {"groups": [], "count": 0}, "id": "538aac86498ef46f58ffa6d4", "text": "Table only accomodates 4 pax", "type": "user", "user": {"gender": "female", "id": "1492424", "photo": {"prefix": "https://igx.4sqi.net/img/user/", "suffix": "/UN2TNCY0UC3OKME5.jpg"}, "firstName": "Eileen", "lastName": "Tan"}, "canonicalUrl": "https://foursquare.com/item/538aac86498ef46f58ffa6d4", "todo": {"count": 0}, "disagreeCount": 0}, {"logView": true, "lang": "en", "createdAt": 1335014708, "agreeCount": 2, "likes": {"groups": [{"items": [{"gender": "male", "id": "30599435", "photo": {"prefix": "https://igx.4sqi.net/img/user/", "suffix": "/30599435_VFGwCGkP_KJZtGNkxWuKAloSRzZmkVQ0zaQ22sfzp1GTiHcwkgOeD8Kpzn2YsIzNIAYO3mggB.jpg"}, "firstName": "Jonathan", "lastName": "Lim"}, {"id": "53113863", "photo": {"prefix": "https://igx.4sqi.net/img/user/", "suffix": "/RLDQYCUFC1QTZLLD.jpg"}, "firstName": "Vinz!", "gender": "male"}], "count": 2, "type": "others"}], "summary": "2 likes", "count": 2}, "id": "4f92b534e4b04c0b8c6df3c3", "text": "Roast duck is disappointing. Very normal. But the char Siew is a must try!", "type": "user", "user": {"gender": "male", "id": "1651295", "photo": {"prefix": "https://igx.4sqi.net/img/user/", "suffix": "/1651295-4RFON2XINJXYV1FE.jpg"}, "firstName": "sf", "lastName": "shen"}, "canonicalUrl": "https://foursquare.com/item/4f92b534e4b04c0b8c6df3c3", "todo": {"count": 0}, "disagreeCount": 0}, {"logView": true, "lang": "en", "createdAt": 1368199551, "agreeCount": 0, "likes": {"groups": [], "count": 0}, "id": "518d117f498ef25064952fbd", "text": "Closed on Mondays and Tuesdays. Better to call before heading down!", "type": "user", "user": {"gender": "female", "id": "1532504", "photo": {"prefix": "https://igx.4sqi.net/img/user/", "suffix": "/UVO1SAW4VEF5ZDI0.jpg"}, "firstName": "Amanda", "lastName": "Leung"}, "canonicalUrl": "https://foursquare.com/item/518d117f498ef25064952fbd", "todo": {"count": 0}, "disagreeCount": 0}, {"logView": true, "lang": "en", "createdAt": 1362113648, "agreeCount": 0, "likes": {"groups": [], "count": 0}, "id": "51303470e4b0211823dafba5", "text": "We re back. Meat meat meat.", "type": "user", "user": {"gender": "male", "id": "1065156", "photo": {"prefix": "https://igx.4sqi.net/img/user/", "suffix": "/WVSC3CADRLJH1U5K.png"}, "firstName": "Benson", "lastName": "Toh"}, "canonicalUrl": "https://foursquare.com/item/51303470e4b0211823dafba5", "todo": {"count": 0}, "disagreeCount": 0}, {"logView": true, "lang": "en", "createdAt": 1378398162, "agreeCount": 0, "likes": {"groups": [], "count": 0}, "id": "5228afd211d2a579014365db", "text": "Too expensive", "type": "user", "user": {"gender": "male", "id": "2867968", "photo": {"prefix": "https://igx.4sqi.net/img/user/", "suffix": "/HD3HU3KSNQL1PNBI.jpg"}, "firstName": "Sinclair", "lastName": "Lim"}, "canonicalUrl": "https://foursquare.com/item/5228afd211d2a579014365db", "todo": {"count": 0}, "disagreeCount": 0}, {"logView": true, "lang": "en", "createdAt": 1282886835, "agreeCount": 0, "likes": {"groups": [{"items": [], "count": 2, "type": "others"}], "summary": "2 likes", "count": 2}, "id": "4c774cb3f2473704a9e265eb", "text": "Heavenly taste of Char Siu!!", "type": "user", "user": {"gender": "male", "id": "1951889", "photo": {"prefix": "https://igx.4sqi.net/img/user/", "suffix": "/QWESJUVGBAHW4EYP.jpg"}, "firstName": "Leonard", "lastName": "Giam"}, "canonicalUrl": "https://foursquare.com/item/4c774cb3f2473704a9e265eb", "todo": {"count": 0}, "disagreeCount": 0}, {"logView": true, "lang": "en", "photo": {"id": "550be080498e868697daf33d", "visibility": "public", "source": {"name": "Foursquare for Android", "url": "https://foursquare.com/download/#/android"}, "suffix": "/12658742_sGEj1MkEU4wKiXCYX2R2gM860GhLLtZdoKJoa0eKCwM.jpg", "createdAt": 1426841728, "prefix": "https://igx.4sqi.net/img/general/", "width": 5312, "height": 2988}, "createdAt": 1426841720, "todo": {"count": 0}, "agreeCount": 0, "likes": {"groups": [], "count": 0}, "id": "550be078498ef1eca789f681", "text": "The colour of dark red almost black of roast pork, at first really skeptical, but after tried, it was so good, less pork fat and crispy and hint of sweetness like caramelized skin than other shops.", "disagreeCount": 0, "user": {"id": "12658742", "photo": {"prefix": "https://igx.4sqi.net/img/user/", "suffix": "/12658742-NZJWEGYIBR2XTAID.jpg"}, "firstName": "Torzin S", "gender": "male"}, "canonicalUrl": "https://foursquare.com/item/550be078498ef1eca789f681", "type": "user", "photourl": "https://igx.4sqi.net/img/general/original/12658742_sGEj1MkEU4wKiXCYX2R2gM860GhLLtZdoKJoa0eKCwM.jpg"}, {"logView": true, "lang": "en", "createdAt": 1278999171, "agreeCount": 0, "likes": {"groups": [], "count": 0}, "id": "4c3bfa83b36ac9281b900386", "text": "Food is good. But aunties have attitude issues here.", "type": "user", "user": {"gender": "male", "id": "303791", "photo": {"prefix": "https://igx.4sqi.net/img/user/", "suffix": "/RJ4NGJNZPXBMT5QS.jpg"}, "firstName": "Roro", "lastName": "Fernandez"}, "canonicalUrl": "https://foursquare.com/item/4c3bfa83b36ac9281b900386", "todo": {"count": 0}, "disagreeCount": 0}, {"authorInteractionType": "liked", "logView": true, "lang": "en", "photo": {"id": "587dbc5a4745864e1c002d72", "visibility": "public", "source": {"name": "Swarm for iOS", "url": "https://www.swarmapp.com"}, "suffix": "/140717761_bsoQJlaiZ0j0Giax8fSW0UyalXZ7izrykjioq_I_Hvw.jpg", "createdAt": 1484635226, "prefix": "https://igx.4sqi.net/img/general/", "width": 1440, "height": 1920}, "createdAt": 1484639992, "todo": {"count": 0}, "agreeCount": 0, "likes": {"groups": [], "count": 0}, "id": "587dcef853f5bb01f15e7edb", "text": "Love their salted vegetable duck soup, Char Siew and roasted duck", "disagreeCount": 0, "user": {"id": "140717761", "photo": {"prefix": "https://igx.4sqi.net/img/user/", "suffix": "/140717761_5wSEpdHQ_YEa5keN40AOhs940iVELgAx0EJ5tJ7c_5cHAIgW-7JFJjmtQE2yNYqo0hXP8YPqB.jpg"}, "firstName": "Diddilicious", "gender": "none"}, "canonicalUrl": "https://foursquare.com/item/587dcef853f5bb01f15e7edb", "type": "user", "photourl": "https://igx.4sqi.net/img/general/original/140717761_bsoQJlaiZ0j0Giax8fSW0UyalXZ7izrykjioq_I_Hvw.jpg"}, {"authorInteractionType": "liked", "logView": true, "lang": "en", "createdAt": 1341993262, "agreeCount": 0, "likes": {"groups": [], "count": 0}, "id": "4ffd312ee4b0b42930606c55", "text": "Best char siew!", "type": "user", "user": {"gender": "male", "id": "1197564", "photo": {"prefix": "https://igx.4sqi.net/img/user/", "suffix": "/LDRKE5CBA1K3F141.jpg"}, "firstName": "Jeremy", "lastName": "Khong"}, "canonicalUrl": "https://foursquare.com/item/4ffd312ee4b0b42930606c55", "todo": {"count": 0}, "disagreeCount": 0}, {"authorInteractionType": "liked", "logView": true, "lang": "en", "createdAt": 1384318930, "agreeCount": 0, "likes": {"groups": [], "count": 0}, "id": "528307d211d26a35151ba834", "text": "Cls till 24 Dec!!!", "type": "user", "user": {"gender": "male", "id": "144731", "photo": {"prefix": "https://igx.4sqi.net/img/user/", "suffix": "/TYGJGLZNKLIY5AIA.jpg"}, "firstName": "Melvin", "lastName": "Lau"}, "canonicalUrl": "https://foursquare.com/item/528307d211d26a35151ba834", "todo": {"count": 0}, "disagreeCount": 0}, {"logView": true, "lang": "en", "createdAt": 1297931034, "agreeCount": 0, "likes": {"groups": [], "count": 0}, "id": "4d5cdb1a524fa35d88134e35", "text": "Order their Char Siew. Tender Juicy and Burnt! Heavenly awesome. Aunties got attitude prob and a bit niao.", "type": "user", "user": {"gender": "female", "id": "1119311", "photo": {"prefix": "https://igx.4sqi.net/img/user/", "suffix": "/H2OYYCVU1BGBRNRG.jpg"}, "firstName": "Ivy", "lastName": "Sng"}, "canonicalUrl": "https://foursquare.com/item/4d5cdb1a524fa35d88134e35", "todo": {"count": 0}, "disagreeCount": 0}, {"logView": true, "lang": "en", "createdAt": 1401610851, "agreeCount": 2, "likes": {"groups": [{"items": [{"gender": "male", "id": "73219693", "photo": {"prefix": "https://igx.4sqi.net/img/user/", "suffix": "/73219693-N50M1EFRTMGCPND4.jpg"}, "firstName": "Desmond", "lastName": "Chua"}, {"gender": "female", "id": "15170212", "photo": {"prefix": "https://igx.4sqi.net/img/user/", "suffix": "/24RKBDJJSNT3HVUG.jpg"}, "firstName": "Andraline", "lastName": "Tan"}], "count": 2, "type": "others"}], "summary": "2 likes", "count": 2}, "id": "538ae263498ecca7d25770f1", "text": "Delicious Char siew! Must try", "type": "user", "user": {"gender": "female", "id": "4312508", "photo": {"prefix": "https://igx.4sqi.net/img/user/", "suffix": "/25SSXOCJYXVMMFYM.jpg"}, "firstName": "Rachel", "lastName": "Han"}, "canonicalUrl": "https://foursquare.com/item/538ae263498ecca7d25770f1", "todo": {"count": 0}, "disagreeCount": 0}], "count": 49}}}