{"meta": {"code": 200, "requestId": "595a53e89fb6b77b769a8f79"}, "response": {"tips": {"items": [{"authorInteractionType": "liked", "logView": true, "lang": "en", "createdAt": 1461998407, "todo": {"count": 0}, "agreeCount": 1, "likes": {"groups": [], "count": 0}, "lastVoteText": "Upvoted Apr 23", "id": "57245347498ea0612c94c883", "text": "Prawn soup is good!", "disagreeCount": 0, "lastUpvoteTimestamp": 1492927962, "user": {"gender": "male", "id": "74698695", "photo": {"prefix": "https://igx.4sqi.net/img/user/", "suffix": "/74698695-F0AFJA250I05INGG.jpg"}, "firstName": "Freddie", "lastName": "Tan"}, "canonicalUrl": "https://foursquare.com/item/57245347498ea0612c94c883", "type": "user"}, {"logView": true, "lang": "en", "photo": {"id": "51830cd2498eb93b9a51ac24", "visibility": "public", "source": {"name": "Foursquare for iOS", "url": "https://foursquare.com/download/#/iphone"}, "suffix": "/140784_Wn2zf67PNw8uSleQvnzDpfSJYx1j2YqqKYJaiB_tqtM.jpg", "createdAt": 1367542994, "prefix": "https://igx.4sqi.net/img/general/", "width": 1440, "height": 1920}, "createdAt": 1367542983, "todo": {"count": 0}, "agreeCount": 0, "likes": {"groups": [], "count": 0}, "id": "51830cc7498eef9230290c28", "text": "Don't come in the morning. Soup is tasteless. Very disappointed. :(", "disagreeCount": 0, "user": {"gender": "female", "id": "140784", "photo": {"prefix": "https://igx.4sqi.net/img/user/", "suffix": "/YSUJTO1R41UCGIAV.jpg"}, "firstName": "Jona", "lastName": "Neo"}, "canonicalUrl": "https://foursquare.com/item/51830cc7498eef9230290c28", "type": "user", "photourl": "https://igx.4sqi.net/img/general/original/140784_Wn2zf67PNw8uSleQvnzDpfSJYx1j2YqqKYJaiB_tqtM.jpg"}, {"logView": true, "lang": "en", "createdAt": 1393653322, "agreeCount": 0, "likes": {"groups": [], "count": 0}, "id": "5311764a498e8dc133f209e4", "text": "Not bad. Prawn a bit too small for the price of $5.50 .", "type": "user", "user": {"gender": "female", "id": "3640993", "photo": {"prefix": "https://igx.4sqi.net/img/user/", "suffix": "/3640993-JLIVA50ARGSHO2SC.jpg"}, "firstName": "Ivy", "lastName": "Lai"}, "canonicalUrl": "https://foursquare.com/item/5311764a498e8dc133f209e4", "todo": {"count": 0}, "disagreeCount": 0}, {"logView": true, "lang": "ja", "createdAt": 1329798503, "agreeCount": 0, "likes": {"groups": [], "count": 0}, "id": "4f431d67e4b0bf8742c83406", "text": "\u624b\u4f5c\u308a\u306e\u85a9\u6469\u63da\u3052\uff1f\u3082\u4e00\u7dd2\u306b\u3069\u3046\u305e", "type": "user", "user": {"gender": "male", "id": "1254144", "photo": {"prefix": "https://igx.4sqi.net/img/user/", "suffix": "/QW3AZFVGUU2Y340Q.jpg"}, "firstName": "kaoru", "lastName": "yoshida"}, "canonicalUrl": "https://foursquare.com/item/4f431d67e4b0bf8742c83406", "todo": {"count": 0}, "disagreeCount": 0}, {"logView": true, "lang": "en", "createdAt": 1368329220, "agreeCount": 0, "likes": {"groups": [], "count": 0}, "id": "518f0c04498e739d0199bc40", "text": "Always undecided between soup or dry version... Want both! :p", "type": "user", "user": {"gender": "female", "id": "54973086", "photo": {"prefix": "https://igx.4sqi.net/img/user/", "suffix": "/04SKLSEUPMLV5P1Z.jpg"}, "firstName": "Mel", "lastName": "Teng"}, "canonicalUrl": "https://foursquare.com/item/518f0c04498e739d0199bc40", "todo": {"count": 0}, "disagreeCount": 0}, {"logView": true, "lang": "en", "createdAt": 1353675831, "todo": {"count": 0}, "agreeCount": 0, "likes": {"groups": [], "count": 0}, "lastVoteText": "Downvoted Apr 23", "id": "50af7437e4b0029e7467d6b1", "text": "Ehh.. taste ok lo.. nt sibeh gud like newspaper say..", "disagreeCount": 1, "user": {"gender": "male", "id": "31946528", "photo": {"prefix": "https://igx.4sqi.net/img/user/", "suffix": "/QB3QOA51MOXNLAOW.jpg"}, "firstName": "David", "lastName": "Lee"}, "canonicalUrl": "https://foursquare.com/item/50af7437e4b0029e7467d6b1", "type": "user", "lastDownvoteTimestamp": 1492927975}, {"logView": true, "lang": "en", "createdAt": 1294898401, "agreeCount": 0, "likes": {"groups": [], "count": 0}, "id": "4d2e94e1e043548118e2b1ed", "text": "Prawn not fresh, soup Above average, noodles n chilli so-so...overall, not as good as Geylang Big Prawn Noodles at Geylang Lorong 1 and Paya Lebar....", "type": "user", "user": {"gender": "female", "id": "5828159", "photo": {"prefix": "https://igx.4sqi.net/img/user/", "suffix": "/GIK1SWZ4W5SW0FVF.jpg"}, "firstName": "Kew", "lastName": "Yukie"}, "canonicalUrl": "https://foursquare.com/item/4d2e94e1e043548118e2b1ed", "todo": {"count": 0}, "disagreeCount": 0}, {"logView": true, "lang": "en", "createdAt": 1390588203, "agreeCount": 0, "likes": {"groups": [], "count": 0}, "id": "52e2b12b498ea1687a3cdb8f", "text": "Customer service here is very bad although the food is nice..", "type": "user", "user": {"id": "7692114", "photo": {"prefix": "https://igx.4sqi.net/img/user/", "suffix": "/7692114-TONB1BTKLONUYQOO.jpg"}, "firstName": "Jun Jie", "gender": "male"}, "canonicalUrl": "https://foursquare.com/item/52e2b12b498ea1687a3cdb8f", "todo": {"count": 0}, "disagreeCount": 0}, {"logView": true, "lang": "en", "createdAt": 1312099072, "agreeCount": 0, "likes": {"groups": [], "count": 0}, "id": "4e350b00d22d86185a683da8", "text": "Standard dropped since our last visit :(", "type": "user", "user": {"gender": "male", "id": "4863807", "photo": {"prefix": "https://igx.4sqi.net/img/user/", "suffix": "/XZZQW3L5EMKEYUIA.jpg"}, "firstName": "Henry", "lastName": "Chua"}, "canonicalUrl": "https://foursquare.com/item/4e350b00d22d86185a683da8", "todo": {"count": 0}, "disagreeCount": 0}, {"authorInteractionType": "liked", "logView": true, "lang": "en", "photo": {"id": "544ccf10498ebb4c049e07c5", "visibility": "public", "source": {"name": "Foursquare for iOS", "url": "https://foursquare.com/download/#/iphone"}, "suffix": "/797407_xyEOTuK3D_HUcpSwmHMEeKdM_vhUdobgXTLcVA3_cKE.jpg", "createdAt": 1414319888, "prefix": "https://igx.4sqi.net/img/general/", "width": 960, "height": 720}, "createdAt": 1414319882, "todo": {"count": 0}, "agreeCount": 0, "likes": {"groups": [], "count": 0}, "id": "544ccf0a498e7743e1875302", "text": "Good soup, nice big prawns.", "disagreeCount": 0, "user": {"gender": "male", "id": "797407", "photo": {"prefix": "https://igx.4sqi.net/img/user/", "suffix": "/GXFRMZ4TS3CCGC1R.jpg"}, "firstName": "Benedict", "lastName": "Tang"}, "canonicalUrl": "https://foursquare.com/item/544ccf0a498e7743e1875302", "type": "user", "photourl": "https://igx.4sqi.net/img/general/original/797407_xyEOTuK3D_HUcpSwmHMEeKdM_vhUdobgXTLcVA3_cKE.jpg"}, {"authorInteractionType": "liked", "logView": true, "lang": "en", "photo": {"id": "578fb217498e0eef1fecab50", "visibility": "public", "source": {"name": "Foursquare for iOS", "url": "https://foursquare.com/download/#/iphone"}, "suffix": "/3257939_jYKE_51FSRXoIt_PlR9f6piCZjmSoslpsOlDFggUJsk.jpg", "createdAt": 1469035031, "prefix": "https://igx.4sqi.net/img/general/", "width": 1920, "height": 1440}, "createdAt": 1469035031, "todo": {"count": 0}, "agreeCount": 0, "likes": {"groups": [], "count": 0}, "id": "578fb217498e0eef1fecab51", "text": "The best prawn noddles in town. Great quality pork meat.", "disagreeCount": 0, "user": {"id": "3257939", "photo": {"prefix": "https://igx.4sqi.net/img/user/", "suffix": "/3257939-OGEUEREYQDQUODR1.jpg"}, "firstName": "IG @antskong", "gender": "male"}, "canonicalUrl": "https://foursquare.com/item/578fb217498e0eef1fecab51", "type": "user", "photourl": "https://igx.4sqi.net/img/general/original/3257939_jYKE_51FSRXoIt_PlR9f6piCZjmSoslpsOlDFggUJsk.jpg"}, {"logView": true, "lang": "en", "createdAt": 1295503726, "agreeCount": 0, "likes": {"groups": [], "count": 0}, "id": "4d37d16e3d958cfa03c0ac71", "text": "Best prawn noodle in Singapore ^_^", "type": "user", "user": {"gender": "male", "id": "3894764", "photo": {"prefix": "https://igx.4sqi.net/img/user/", "suffix": "/4NE0KUP3ZGJDXLUG.jpg"}, "firstName": "Lester", "lastName": "Wab"}, "canonicalUrl": "https://foursquare.com/item/4d37d16e3d958cfa03c0ac71", "todo": {"count": 1}, "disagreeCount": 0}, {"logView": true, "lang": "en", "createdAt": 1288192989, "agreeCount": 0, "likes": {"groups": [], "count": 0}, "id": "4cc843dd73fd6dcb72411b86", "text": "Overall e prawn mee soup can fight w e one at upper east coast road but soup must DIY e chilling powder to ur own taste if nt is too sweet..", "type": "user", "user": {"gender": "female", "id": "3901047", "photo": {"prefix": "https://igx.4sqi.net/img/user/", "suffix": "/UZFYWXESNXFCEU24.jpg"}, "firstName": "Catherine", "lastName": "Chng"}, "canonicalUrl": "https://foursquare.com/item/4cc843dd73fd6dcb72411b86", "todo": {"count": 0}, "disagreeCount": 0}, {"logView": true, "lang": "en", "createdAt": 1326608642, "agreeCount": 1, "likes": {"groups": [{"items": [{"gender": "female", "id": "3833373", "photo": {"prefix": "https://igx.4sqi.net/img/user/", "suffix": "/3833373-O5TVSNEXK0A5PWO5.jpg"}, "firstName": "Hannah Gerlyn", "lastName": "Chia"}], "count": 1, "type": "others"}], "summary": "1 like", "count": 1}, "id": "4f127102c51257ee94431c1e", "text": "Can't compare to Beach Rd Prawn Noodles. Soup needed a whole lot of chilli powder plus cut red chilli for some oomph!", "type": "user", "user": {"id": "16701051", "photo": {"prefix": "https://igx.4sqi.net/img/user/", "suffix": "/DDFSLHMSOVUQ2EKC.jpg"}, "firstName": "Alycia", "gender": "none"}, "canonicalUrl": "https://foursquare.com/item/4f127102c51257ee94431c1e", "todo": {"count": 0}, "disagreeCount": 0}, {"authorInteractionType": "liked", "logView": true, "lang": "en", "createdAt": 1432529829, "agreeCount": 1, "likes": {"groups": [], "count": 0}, "id": "5562aba5498e006cd7e41c67", "text": "One of the better tasting ones, the taste varies from morning to night", "type": "user", "user": {"gender": "female", "id": "942443", "photo": {"prefix": "https://igx.4sqi.net/img/user/", "suffix": "/ITQR3IXBDMGMIM0J.jpg"}, "firstName": "Lexelle", "lastName": "de Charmaine"}, "canonicalUrl": "https://foursquare.com/item/5562aba5498e006cd7e41c67", "todo": {"count": 0}, "disagreeCount": 0}, {"logView": true, "lang": "en", "createdAt": 1397901684, "agreeCount": 0, "likes": {"groups": [], "count": 0}, "id": "5352497411d2a8d00efed1e6", "text": "they dont operate around the clock anymore. Dinner starts 6pm onwards", "type": "user", "user": {"gender": "female", "id": "1492424", "photo": {"prefix": "https://igx.4sqi.net/img/user/", "suffix": "/UN2TNCY0UC3OKME5.jpg"}, "firstName": "Eileen", "lastName": "Tan"}, "canonicalUrl": "https://foursquare.com/item/5352497411d2a8d00efed1e6", "todo": {"count": 0}, "disagreeCount": 0}, {"logView": true, "lang": "en", "createdAt": 1277461426, "agreeCount": 0, "likes": {"groups": [], "count": 0}, "id": "4c2483b2c9bbef3b0741afac", "text": "I went there during lunch with my colleagues and the soup is fantastic. Then I went again on the same evening for dinner with my wife and the soup was normal. Proves to show that quality varies.", "type": "user", "user": {"gender": "male", "id": "1043643", "photo": {"prefix": "https://igx.4sqi.net/img/user/", "suffix": "/PMMI4IREANZFNOTE.jpg"}, "firstName": "Chester", "lastName": "Tan"}, "canonicalUrl": "https://foursquare.com/item/4c2483b2c9bbef3b0741afac", "todo": {"count": 0}, "disagreeCount": 0}, {"logView": true, "lang": "en", "createdAt": 1326604157, "agreeCount": 0, "likes": {"groups": [], "count": 0}, "id": "4f125f7de4b0678411d1cea4", "text": "Dry spare rib noodle add baby clams! the best!! yummy", "type": "user", "user": {"gender": "female", "id": "9110956", "photo": {"prefix": "https://igx.4sqi.net/img/user/", "suffix": "/FQVBUB0ZEROQBFXD.jpg"}, "firstName": "Joanna", "lastName": "Phua"}, "canonicalUrl": "https://foursquare.com/item/4f125f7de4b0678411d1cea4", "todo": {"count": 0}, "disagreeCount": 0}, {"logView": true, "lang": "en", "createdAt": 1290607167, "agreeCount": 0, "likes": {"groups": [{"items": [], "count": 3, "type": "others"}], "summary": "3 likes", "count": 3}, "id": "4ced1a3f8604a1cd735ef0c0", "text": "Try the Prawn Noodles", "type": "user", "user": {"id": "4563783", "photo": {"prefix": "https://igx.4sqi.net/img/user/", "suffix": "/QRRYD2IOXN3KTHZP.png"}, "firstName": "Foodspotting", "gender": "none"}, "canonicalUrl": "https://foursquare.com/item/4ced1a3f8604a1cd735ef0c0", "todo": {"count": 1}, "disagreeCount": 0}, {"logView": true, "lang": "en", "createdAt": 1293510313, "agreeCount": 0, "likes": {"groups": [], "count": 0}, "id": "4d1966a9401db60ccc51faa4", "text": "Five thumbs up!!!", "type": "user", "user": {"gender": "male", "id": "1527424", "photo": {"prefix": "https://igx.4sqi.net/img/user/", "suffix": "/VEHG3SXMBODC2DOD.jpg"}, "firstName": "Jason", "lastName": "Zhang"}, "canonicalUrl": "https://foursquare.com/item/4d1966a9401db60ccc51faa4", "todo": {"count": 0}, "disagreeCount": 0}, {"logView": true, "lang": "en", "createdAt": 1286342536, "agreeCount": 0, "likes": {"groups": [], "count": 0}, "id": "4cac0788d971b1f7254b2de1", "text": "Best spare ribs prawn noodle I ever eaten!! Yummy.. Must try!!", "type": "user", "user": {"id": "3124019", "photo": {"prefix": "https://igx.4sqi.net/img/user/", "suffix": "/LYJSGUOZH3KFKCW0.jpg"}, "firstName": "Freakoley", "gender": "female"}, "canonicalUrl": "https://foursquare.com/item/4cac0788d971b1f7254b2de1", "todo": {"count": 1}, "disagreeCount": 0}, {"logView": true, "lang": "en", "createdAt": 1278819265, "agreeCount": 3, "likes": {"groups": [{"items": [], "count": 15, "type": "others"}], "summary": "15 likes", "count": 15}, "id": "4c393bc12c8020a19f708c00", "text": "Go before 3pm for the real deal. After 3pm, the stall will be taken over by another relative whose skills are very average.", "type": "user", "user": {"gender": "female", "id": "172675", "photo": {"prefix": "https://igx.4sqi.net/img/user/", "suffix": "/S50DYN1LIKKUGNSX.jpg"}, "firstName": "Jenny", "lastName": "Teo"}, "canonicalUrl": "https://foursquare.com/item/4c393bc12c8020a19f708c00", "todo": {"count": 6}, "disagreeCount": 0}, {"logView": true, "lang": "en", "createdAt": 1289105675, "agreeCount": 2, "likes": {"groups": [{"items": [{"gender": "male", "id": "153319", "photo": {"prefix": "https://igx.4sqi.net/img/user/", "suffix": "/153319-DITJPQAEP2FY1IMK.jpg"}, "firstName": "Shei Wah", "lastName": "Tan"}, {"gender": "female", "id": "172675", "photo": {"prefix": "https://igx.4sqi.net/img/user/", "suffix": "/S50DYN1LIKKUGNSX.jpg"}, "firstName": "Jenny", "lastName": "Teo"}], "count": 2, "type": "others"}], "summary": "2 likes", "count": 2}, "id": "4cd6310bab19a093ba0844eb", "text": "Simply superb prawn noodles have it in soup base it's simply delicious", "type": "user", "user": {"gender": "male", "id": "4024782", "photo": {"prefix": "https://igx.4sqi.net/img/user/", "suffix": "/ON14J3DSEZ4U0EYY.jpg"}, "firstName": "Joseph", "lastName": "Track Junkie"}, "canonicalUrl": "https://foursquare.com/item/4cd6310bab19a093ba0844eb", "todo": {"count": 0}, "disagreeCount": 0}, {"logView": true, "lang": "en", "photo": {"id": "542f8b7f498ea27c09a29223", "visibility": "public", "source": {"name": "Foursquare for iOS", "url": "https://foursquare.com/download/#/iphone"}, "suffix": "/83608823_kzEaNgZw9n3_OUK3Ujji_CWbb0cLiV3qWYgiBMk-Y_U.jpg", "createdAt": 1412402047, "prefix": "https://igx.4sqi.net/img/general/", "width": 960, "height": 720}, "createdAt": 1412402045, "todo": {"count": 0}, "agreeCount": 0, "likes": {"groups": [], "count": 0}, "id": "542f8b7d11d2ba992a7b675b", "text": "Woah!!! $10 for the workz ... Clams, prawns, pork ribs, pork tail and intestines... Very filling... But soup can be improved... But good value \u263a\ufe0f", "disagreeCount": 0, "user": {"gender": "female", "id": "83608823", "photo": {"prefix": "https://igx.4sqi.net/img/user/", "suffix": "/83608823-WQJ4KTFAVOHFARLI.jpg"}, "firstName": "Dora", "lastName": "Choo"}, "canonicalUrl": "https://foursquare.com/item/542f8b7d11d2ba992a7b675b", "type": "user", "photourl": "https://igx.4sqi.net/img/general/original/83608823_kzEaNgZw9n3_OUK3Ujji_CWbb0cLiV3qWYgiBMk-Y_U.jpg"}, {"logView": true, "lang": "en", "createdAt": 1281190090, "agreeCount": 0, "likes": {"groups": [], "count": 0}, "id": "4c5d68ca99ff76b01c6dbb9e", "text": "Delicious prawn noodles, you can also choose spare ribs or clams.", "type": "user", "user": {"gender": "female", "id": "2554513", "photo": {"prefix": "https://igx.4sqi.net/img/user/", "suffix": "/0ZDEDNMDJGKMVGF0.jpg"}, "firstName": "Phyleo", "lastName": "Wong"}, "canonicalUrl": "https://foursquare.com/item/4c5d68ca99ff76b01c6dbb9e", "todo": {"count": 0}, "disagreeCount": 0}, {"logView": true, "lang": "en", "createdAt": 1263902480, "agreeCount": 0, "likes": {"groups": [], "count": 0}, "id": "4b559f1070c603bb9e4590b4", "text": "Day shift short vendor is much more 'service oriented' than the night shift guy.Try the albalone and clam prawn noodles $5. The soup base is amazing!", "type": "user", "user": {"gender": "male", "id": "233022", "photo": {"prefix": "https://igx.4sqi.net/img/user/", "suffix": "/1C24ZZM4Q0QYZRAE.jpg"}, "firstName": "David", "lastName": "Liem"}, "canonicalUrl": "https://foursquare.com/item/4b559f1070c603bb9e4590b4", "todo": {"count": 0}, "disagreeCount": 0}, {"logView": true, "lang": "en", "createdAt": 1408250571, "agreeCount": 0, "likes": {"groups": [], "count": 0}, "id": "53f032cb498e8de96afe9e2a", "text": "above average prawn mee. but beach road prawn mee is better!", "type": "user", "user": {"gender": "female", "id": "995210", "photo": {"prefix": "https://igx.4sqi.net/img/user/", "suffix": "/DBQR2W4QQUC24TAJ.jpg"}, "firstName": "Jillene", "lastName": "Chen"}, "canonicalUrl": "https://foursquare.com/item/53f032cb498e8de96afe9e2a", "todo": {"count": 0}, "disagreeCount": 0}, {"logView": true, "lang": "en", "createdAt": 1274939104, "agreeCount": 1, "likes": {"groups": [{"items": [{"gender": "female", "id": "4213412", "photo": {"prefix": "https://igx.4sqi.net/img/user/", "suffix": "/4213412-14LS2BSW3GBRGN1R.jpg"}, "firstName": "\ud83c\udf80 Michelle", "lastName": "Q"}], "count": 1, "type": "others"}], "summary": "1 like", "count": 1}, "id": "4bfe06e070c603bb29269db4", "text": "Prawn mee was above average, but lose to geylang big prawn mee at paya lebar road. Upside is fresh prawn and the chilli powder to be added into the soup!", "type": "user", "user": {"gender": "male", "id": "1392276", "photo": {"prefix": "https://igx.4sqi.net/img/user/", "suffix": "/OAH125ZJ3AEE0XOM.jpg"}, "firstName": "Jeffrey", "lastName": "Teo"}, "canonicalUrl": "https://foursquare.com/item/4bfe06e070c603bb29269db4", "todo": {"count": 0}, "disagreeCount": 0}, {"logView": true, "lang": "en", "createdAt": 1311085497, "agreeCount": 0, "likes": {"groups": [{"items": [], "count": 2, "type": "others"}], "summary": "2 likes", "count": 2}, "id": "4e2593b9091a817e3dd6a3b9", "text": "just went there today again, the morning stall staff are really really rude. its like they take personal offence to you becoming their customer -_-", "type": "user", "user": {"gender": "male", "id": "5466001", "photo": {"prefix": "https://igx.4sqi.net/img/user/", "suffix": "/1WCHARJ54SFPCD0I.jpg"}, "firstName": "Kumaresan", "lastName": "Balakrishnan"}, "canonicalUrl": "https://foursquare.com/item/4e2593b9091a817e3dd6a3b9", "todo": {"count": 0}, "disagreeCount": 0}, {"authorInteractionType": "liked", "logView": true, "lang": "en", "photo": {"id": "56e95b9e498ed3640d0b7f46", "visibility": "public", "source": {"name": "Swarm for iOS", "url": "https://www.swarmapp.com"}, "suffix": "/55390456_G_42t450a_BXop44CjPjGoDQlKl-twK1Gqha2D9Xnsw.jpg", "createdAt": 1458133918, "prefix": "https://igx.4sqi.net/img/general/", "width": 1440, "height": 1920}, "createdAt": 1458133918, "todo": {"count": 0}, "agreeCount": 1, "likes": {"groups": [], "count": 0}, "id": "56e95b9e498ed3640d0b7f47", "text": "An above average prawn noodle. Soup is tasty and not thirsty after. However I find the prawn quite tasteless. Like that they use recycled paper to make small trays to hold bones/ shells. Thumbs up!", "disagreeCount": 0, "user": {"id": "55390456", "photo": {"prefix": "https://igx.4sqi.net/img/user/", "suffix": "/55390456_xjGWfjYZ_UAMBNliBjCxql6WleMj7JVZzY9y3t2_6WtR-3ecn7WlfLcMpWqn7tIYj_11T_fb-.jpg"}, "firstName": "Ting", "gender": "female"}, "canonicalUrl": "https://foursquare.com/item/56e95b9e498ed3640d0b7f47", "type": "user", "photourl": "https://igx.4sqi.net/img/general/original/55390456_G_42t450a_BXop44CjPjGoDQlKl-twK1Gqha2D9Xnsw.jpg"}, {"authorInteractionType": "liked", "logView": true, "lang": "en", "createdAt": 1481944706, "agreeCount": 0, "likes": {"groups": [], "count": 0}, "id": "5854ae8254073d73aab2a18b", "text": "The ribs are great with the soup. If you come after 4pm, there's a slightly different version of the soup (sweeter), for those who prefer it.", "type": "user", "user": {"gender": "male", "id": "60488898", "photo": {"prefix": "https://igx.4sqi.net/img/user/", "suffix": "/QF5C4VI3UEXY1RZE.jpg"}, "firstName": "Kenny", "lastName": "Low"}, "canonicalUrl": "https://foursquare.com/item/5854ae8254073d73aab2a18b", "todo": {"count": 0}, "disagreeCount": 0}, {"logView": true, "lang": "en", "createdAt": 1299600656, "agreeCount": 0, "likes": {"groups": [], "count": 0}, "id": "4d765510bd7354810ad613b3", "text": "the uncle serving at night is so friendly!", "type": "user", "user": {"gender": "male", "id": "5319493", "photo": {"prefix": "https://igx.4sqi.net/img/user/", "suffix": "/P00JJXU1CEDH5VZH.jpg"}, "firstName": "Chuanwah", "lastName": "Chace. T"}, "canonicalUrl": "https://foursquare.com/item/4d765510bd7354810ad613b3", "todo": {"count": 0}, "disagreeCount": 0}, {"authorInteractionType": "liked", "logView": true, "lang": "en", "photo": {"id": "57ecb93d498e8cd26c339146", "visibility": "public", "source": {"name": "Swarm for iOS", "url": "https://www.swarmapp.com"}, "suffix": "/214596519_nd-F_CXFXbLFWkjwFJHYt5N3yvgaicr4fmiBFFofop0.jpg", "createdAt": 1475131709, "prefix": "https://igx.4sqi.net/img/general/", "width": 1440, "height": 1920}, "createdAt": 1475131709, "todo": {"count": 0}, "agreeCount": 0, "likes": {"groups": [], "count": 0}, "id": "57ecb93d498e8cd26c339147", "text": "Recommended by friend ... indeed after I tried the soup is really yummy !", "disagreeCount": 0, "user": {"gender": "female", "id": "214596519", "photo": {"prefix": "https://igx.4sqi.net/img/user/", "suffix": "/214596519-T1U0KV3C4MCROVKF.jpg"}, "firstName": "Grace", "lastName": "Lcm"}, "canonicalUrl": "https://foursquare.com/item/57ecb93d498e8cd26c339147", "type": "user", "photourl": "https://igx.4sqi.net/img/general/original/214596519_nd-F_CXFXbLFWkjwFJHYt5N3yvgaicr4fmiBFFofop0.jpg"}, {"authorInteractionType": "liked", "logView": true, "lang": "en", "createdAt": 1455967619, "agreeCount": 0, "likes": {"groups": [], "count": 0}, "id": "56c84d83498ea3a3aef89aa5", "text": "Broth is great! Always going for the abalone clams with prawns!", "type": "user", "user": {"gender": "female", "id": "151012178", "photo": {"prefix": "https://igx.4sqi.net/img/user/", "suffix": "/151012178-XXKDG3CHB2NP4WIR.jpg"}, "firstName": "Sharon", "lastName": "Chan"}, "canonicalUrl": "https://foursquare.com/item/56c84d83498ea3a3aef89aa5", "todo": {"count": 0}, "disagreeCount": 0}, {"logView": true, "lang": "en", "createdAt": 1288192849, "agreeCount": 0, "likes": {"groups": [], "count": 0}, "id": "4cc84351ee718cfac90bb73d", "text": "The pig intestine nt very fresh..", "type": "user", "user": {"gender": "female", "id": "3901047", "photo": {"prefix": "https://igx.4sqi.net/img/user/", "suffix": "/UZFYWXESNXFCEU24.jpg"}, "firstName": "Catherine", "lastName": "Chng"}, "canonicalUrl": "https://foursquare.com/item/4cc84351ee718cfac90bb73d", "todo": {"count": 0}, "disagreeCount": 0}, {"authorInteractionType": "liked", "logView": true, "lang": "en", "createdAt": 1427290036, "agreeCount": 1, "likes": {"groups": [], "count": 0}, "id": "5512b7b4498e12ff56d22c6a", "text": "Delicious prawn mee, soup is very tasty. Dabao a plate of wu xiang from the opposite coffeshop too (Lao Zhong Zhong) as a side dish, best combination.", "type": "user", "user": {"gender": "male", "id": "30599435", "photo": {"prefix": "https://igx.4sqi.net/img/user/", "suffix": "/30599435_VFGwCGkP_KJZtGNkxWuKAloSRzZmkVQ0zaQ22sfzp1GTiHcwkgOeD8Kpzn2YsIzNIAYO3mggB.jpg"}, "firstName": "Jonathan", "lastName": "Lim"}, "canonicalUrl": "https://foursquare.com/item/5512b7b4498e12ff56d22c6a", "todo": {"count": 1}, "disagreeCount": 0}, {"logView": true, "lang": "en", "createdAt": 1288932294, "agreeCount": 0, "likes": {"groups": [], "count": 0}, "id": "4cd38bc6607a6dcb71411054", "text": "Come before 2pm for the nice soup base and big prawns", "type": "user", "user": {"gender": "female", "id": "4093610", "photo": {"prefix": "https://igx.4sqi.net/img/user/", "suffix": "/5FKBQXE2PKSIIOYA.jpg"}, "firstName": "Tian", "lastName": "Lim"}, "canonicalUrl": "https://foursquare.com/item/4cd38bc6607a6dcb71411054", "todo": {"count": 0}, "disagreeCount": 0}, {"logView": true, "lang": "en", "createdAt": 1311059841, "agreeCount": 0, "likes": {"groups": [], "count": 0}, "id": "4e252f81091a817e3dd67b5a", "text": "overall excellent, however like others have noted the quality is inconsistent. i believe it depends on what time you go, as when a batch of soup is freshly made it is more watery and not so rich", "type": "user", "user": {"gender": "male", "id": "5466001", "photo": {"prefix": "https://igx.4sqi.net/img/user/", "suffix": "/1WCHARJ54SFPCD0I.jpg"}, "firstName": "Kumaresan", "lastName": "Balakrishnan"}, "canonicalUrl": "https://foursquare.com/item/4e252f81091a817e3dd67b5a", "todo": {"count": 0}, "disagreeCount": 0}, {"logView": true, "lang": "en", "createdAt": 1309354876, "agreeCount": 0, "likes": {"groups": [], "count": 0}, "id": "4e0b2b7c45ddb226bd8c14a0", "text": "Self-service for gd taste is not a problem. But cook has lousy attitude (as if you owe him a billion dollars), NO TOPPING UP of SOUP ?! And gave only very little. That is DEFINITELY NOT ACCEPTABLE !!!", "type": "user", "user": {"gender": "male", "id": "9213200", "photo": {"prefix": "https://igx.4sqi.net/img/user/", "suffix": "/OWYP35UKEELWJ3A1.jpg"}, "firstName": "Clein", "lastName": "Luai"}, "canonicalUrl": "https://foursquare.com/item/4e0b2b7c45ddb226bd8c14a0", "todo": {"count": 0}, "disagreeCount": 0}, {"logView": true, "lang": "en", "createdAt": 1373091824, "agreeCount": 0, "likes": {"groups": [], "count": 0}, "id": "51d7b7f0498e124ec1f17880", "text": "Service very bad", "type": "user", "user": {"gender": "male", "id": "52274451", "photo": {"prefix": "https://igx.4sqi.net/img/user/", "suffix": "/RY52XZNBBZVREZVK.jpg"}, "firstName": "Chia Chieh", "lastName": "Cheong"}, "canonicalUrl": "https://foursquare.com/item/51d7b7f0498e124ec1f17880", "todo": {"count": 0}, "disagreeCount": 0}, {"logView": true, "lang": "en", "createdAt": 1288309186, "agreeCount": 0, "likes": {"groups": [], "count": 0}, "id": "4cca09c20a9ab1f7b12d19f4", "text": "Pork rib bee hoon mee in the early morning b4 wrk.     Goods.   Slurp lol", "type": "user", "user": {"id": "2639427", "photo": {"prefix": "https://igx.4sqi.net/img/user/", "suffix": "/PGJGPRMZPN4DOMMH.jpg"}, "firstName": "William Ng", "gender": "male"}, "canonicalUrl": "https://foursquare.com/item/4cca09c20a9ab1f7b12d19f4", "todo": {"count": 0}, "disagreeCount": 0}, {"logView": true, "lang": "en", "createdAt": 1300724730, "agreeCount": 1, "likes": {"groups": [{"items": [{"gender": "female", "id": "172675", "photo": {"prefix": "https://igx.4sqi.net/img/user/", "suffix": "/S50DYN1LIKKUGNSX.jpg"}, "firstName": "Jenny", "lastName": "Teo"}], "count": 1, "type": "others"}], "summary": "1 like", "count": 1}, "id": "4d877bfa5e70224b0e724a09", "text": "Make sure to order a glass of cool and refreshing ice lemon tea while you feast on your noodles! Its d-li-cious!!", "type": "user", "user": {"gender": "male", "id": "52889", "photo": {"prefix": "https://igx.4sqi.net/img/user/", "suffix": "/52889_1254965714345.png"}, "firstName": "Adrian", "lastName": "Pang"}, "canonicalUrl": "https://foursquare.com/item/4d877bfa5e70224b0e724a09", "todo": {"count": 0}, "disagreeCount": 0}, {"logView": true, "lang": "en", "createdAt": 1366697338, "todo": {"count": 0}, "agreeCount": 1, "likes": {"groups": [], "count": 0}, "lastVoteText": "Upvoted Apr 23", "id": "5176257ae4b04270a163c762", "text": "Nice prawn noodles", "disagreeCount": 0, "lastUpvoteTimestamp": 1492927957, "user": {"gender": "female", "id": "331130", "photo": {"prefix": "https://igx.4sqi.net/img/user/", "suffix": "/IWU4LZYI1RG25O3R.jpg"}, "firstName": "Bernie", "lastName": "Chew"}, "canonicalUrl": "https://foursquare.com/item/5176257ae4b04270a163c762", "type": "user"}, {"authorInteractionType": "liked", "logView": true, "lang": "en", "photo": {"id": "54934767498e04ba7c6cc788", "visibility": "public", "source": {"name": "Foursquare for iOS", "url": "https://foursquare.com/download/#/iphone"}, "suffix": "/3257939_jYKE_51FSRXoIt_PlR9f6piCZjmSoslpsOlDFggUJsk.jpg", "createdAt": 1418938215, "prefix": "https://igx.4sqi.net/img/general/", "width": 1920, "height": 1440}, "createdAt": 1418938209, "todo": {"count": 0}, "agreeCount": 0, "likes": {"groups": [], "count": 0}, "id": "54934761498eb4c2e55902f8", "text": "One of the best tasting Prawn Noodle ever! Soup stock is tantalizing. Ingredients are fresh and \"healthy\".", "disagreeCount": 0, "user": {"id": "3257939", "photo": {"prefix": "https://igx.4sqi.net/img/user/", "suffix": "/3257939-OGEUEREYQDQUODR1.jpg"}, "firstName": "IG @antskong", "gender": "male"}, "canonicalUrl": "https://foursquare.com/item/54934761498eb4c2e55902f8", "type": "user", "photourl": "https://igx.4sqi.net/img/general/original/3257939_jYKE_51FSRXoIt_PlR9f6piCZjmSoslpsOlDFggUJsk.jpg"}, {"logView": true, "lang": "en", "createdAt": 1290928122, "agreeCount": 0, "likes": {"groups": [], "count": 0}, "id": "4cf1fffae94254810c096ec5", "text": "Ya after 3 at arnd 4 wil be taken over by th brother...nt v nice as compared to th earlier shift..the ice lemon tea's really good too", "type": "user", "user": {"gender": "female", "id": "4871703", "photo": {"prefix": "https://igx.4sqi.net/img/user/", "suffix": "/OCRDYBA0QIBPX5XN.jpg"}, "firstName": "Vivienne", "lastName": "W"}, "canonicalUrl": "https://foursquare.com/item/4cf1fffae94254810c096ec5", "todo": {"count": 0}, "disagreeCount": 0}, {"logView": true, "lang": "en", "createdAt": 1292646806, "agreeCount": 0, "likes": {"groups": [], "count": 0}, "id": "4d0c39963905b1f79232934b", "text": "So many uncle and auntie zzzz", "type": "user", "user": {"gender": "female", "id": "3859010", "photo": {"prefix": "https://igx.4sqi.net/img/user/", "suffix": "/XIXRSVQPRACYTAIV.jpg"}, "firstName": "Linda", "lastName": "Lim"}, "canonicalUrl": "https://foursquare.com/item/4d0c39963905b1f79232934b", "todo": {"count": 1}, "disagreeCount": 0}, {"logView": true, "lang": "en", "createdAt": 1314684661, "agreeCount": 2, "likes": {"groups": [{"items": [{"id": "4222741", "photo": {"prefix": "https://igx.4sqi.net/img/user/", "suffix": "/HBGIJQDXSSQTT4EE.jpg"}, "firstName": "\uc2e0 \uc591 Shin Yang", "gender": "none"}, {"gender": "male", "id": "3016957", "photo": {"prefix": "https://igx.4sqi.net/img/user/", "suffix": "/3016957-GSPXRFWXYY4IRNE1.jpg"}, "firstName": "Daryl", "lastName": "Tang"}], "count": 2, "type": "others"}], "summary": "2 likes", "count": 2}, "id": "4e5c7ef51f6e89370a2862cd", "text": "The prawn noodle is over rated. The food at the next shop - Wu Xiang's taste is better than prawn noodle.", "type": "user", "user": {"gender": "female", "id": "1451215", "photo": {"prefix": "https://igx.4sqi.net/img/user/", "suffix": "/A3VEFJENSU2ZMJOE.jpg"}, "firstName": "Sandra", "lastName": "Lee"}, "canonicalUrl": "https://foursquare.com/item/4e5c7ef51f6e89370a2862cd", "todo": {"count": 0}, "disagreeCount": 0}, {"logView": true, "lang": "en", "photo": {"id": "570522f2498efb51ba638c11", "visibility": "public", "source": {"name": "Foursquare for iOS", "url": "https://foursquare.com/download/#/iphone"}, "suffix": "/234324_4TwPnmsZNlfrnNSkHLafA8OpWws22wy3s2awKhtp3l8.jpg", "createdAt": 1459954418, "prefix": "https://igx.4sqi.net/img/general/", "width": 1440, "height": 1440}, "createdAt": 1459954416, "todo": {"count": 0}, "agreeCount": 1, "likes": {"groups": [], "count": 0}, "id": "570522f0498e6a6f5aa61053", "text": "The folded paper \"basket\" is for your prawn shells and pai ku bones.", "disagreeCount": 0, "user": {"gender": "male", "id": "234324", "photo": {"prefix": "https://igx.4sqi.net/img/user/", "suffix": "/FIH1ERWONCZI4K3D.jpg"}, "firstName": "gerard", "lastName": "t"}, "canonicalUrl": "https://foursquare.com/item/570522f0498e6a6f5aa61053", "type": "user", "photourl": "https://igx.4sqi.net/img/general/original/234324_4TwPnmsZNlfrnNSkHLafA8OpWws22wy3s2awKhtp3l8.jpg"}, {"authorInteractionType": "liked", "logView": true, "lang": "en", "createdAt": 1363489805, "todo": {"count": 0}, "agreeCount": 1, "likes": {"groups": [], "count": 0}, "lastVoteText": "Upvoted Apr 23", "id": "5145340de4b0136aac5909e4", "text": "Delicious soup! One of the best in Singapore.", "disagreeCount": 0, "lastUpvoteTimestamp": 1492927866, "user": {"id": "978293", "photo": {"prefix": "https://igx.4sqi.net/img/user/", "suffix": "/978293_XYgwq0VU_jO5LLZ2ZnqH10qKitdU6uFkbAsBjZ5Qw1R7z2HmXZcO6FjujLg02g3DgnB82serC.jpg"}, "firstName": "\u30cb\u30b3\u30e9\u30b9", "gender": "male"}, "canonicalUrl": "https://foursquare.com/item/5145340de4b0136aac5909e4", "type": "user"}, {"logView": true, "lang": "en", "createdAt": 1299290083, "agreeCount": 0, "likes": {"groups": [], "count": 0}, "id": "4d7197e3d976236a6362f978", "text": "Big prawn + ipig intestines mee pok + pig tail soup + ice lemon tea....5 stars ratimg", "type": "user", "user": {"gender": "male", "id": "4838213", "photo": {"prefix": "https://igx.4sqi.net/img/user/", "suffix": "/4VXI15YJ3YOHAGWQ.jpg"}, "firstName": "Howie", "lastName": "Yan"}, "canonicalUrl": "https://foursquare.com/item/4d7197e3d976236a6362f978", "todo": {"count": 0}, "disagreeCount": 0}, {"logView": true, "lang": "en", "createdAt": 1293789010, "agreeCount": 0, "likes": {"groups": [], "count": 0}, "id": "4d1da752dd6a236ac0711f38", "text": "Standard has dropped.", "type": "user", "user": {"gender": "female", "id": "3441612", "photo": {"prefix": "https://igx.4sqi.net/img/user/", "suffix": "/GW4BVKRBIQBT5UK2.jpg"}, "firstName": "Tina", "lastName": "Goh"}, "canonicalUrl": "https://foursquare.com/item/4d1da752dd6a236ac0711f38", "todo": {"count": 0}, "disagreeCount": 0}, {"logView": true, "lang": "en", "createdAt": 1326899581, "todo": {"count": 0}, "agreeCount": 0, "likes": {"groups": [], "count": 0}, "lastVoteText": "Downvoted Apr 23", "id": "4f16e17de4b0ac7374468e44", "text": "This is not what a human eat de prawn noodle. Salty!", "disagreeCount": 1, "user": {"gender": "male", "id": "5376474", "photo": {"prefix": "https://igx.4sqi.net/img/user/", "suffix": "/5376474-MO4KPA5AJ3X0OHOM.jpg"}, "firstName": "Ah", "lastName": "Jack"}, "canonicalUrl": "https://foursquare.com/item/4f16e17de4b0ac7374468e44", "type": "user", "lastDownvoteTimestamp": 1492927986}, {"logView": true, "lang": "en", "createdAt": 1314165036, "agreeCount": 0, "likes": {"groups": [], "count": 0}, "id": "4e54912cfa761d3de83e98de", "text": "The prawn me so so only!", "type": "user", "user": {"gender": "female", "id": "3215757", "photo": {"prefix": "https://igx.4sqi.net/img/user/", "suffix": "/45H244WEWGZKP2QK.jpg"}, "firstName": "jk", "lastName": "lee"}, "canonicalUrl": "https://foursquare.com/item/4e54912cfa761d3de83e98de", "todo": {"count": 0}, "disagreeCount": 0}], "count": 53}}}