{"meta": {"code": 200, "requestId": "595a4abcdd57972d2b1e23e9"}, "response": {"tips": {"items": [{"logView": true, "lang": "en", "createdAt": 1379045646, "agreeCount": 0, "likes": {"groups": [], "count": 0}, "id": "5232910e11d28a78f916099a", "text": "Excellent food quality.... Loved their grilled puffer fish! Indoor seatings highly recommended as you may get mozzie bites if sitting outdoors.", "type": "user", "user": {"gender": "female", "id": "5440966", "photo": {"prefix": "https://igx.4sqi.net/img/user/", "suffix": "/P4HBZHYJZAJFVQWN.jpg"}, "firstName": "Sharon", "lastName": "Lum"}, "canonicalUrl": "https://foursquare.com/item/5232910e11d28a78f916099a", "todo": {"count": 0}, "disagreeCount": 0}, {"authorInteractionType": "liked", "logView": true, "lang": "en", "createdAt": 1448981250, "agreeCount": 0, "likes": {"groups": [], "count": 0}, "id": "565db302498e77573430eca4", "text": "Air flown sashimi from Japan prepared by Japanese or highly qualified chefs. The best of the best", "type": "user", "user": {"gender": "male", "id": "71388988", "photo": {"prefix": "https://igx.4sqi.net/img/user/", "suffix": "/71388988_RGjrpN0g_XLHqMYV8QwGpeUzlThl84lNycyMo4_fATICMEAJAcibpM4_3ouHs2hsUqpDv3xbK.jpg"}, "firstName": "Honglim", "lastName": "Lim"}, "canonicalUrl": "https://foursquare.com/item/565db302498e77573430eca4", "todo": {"count": 0}, "disagreeCount": 0}, {"logView": true, "lang": "en", "createdAt": 1293943181, "agreeCount": 3, "likes": {"groups": [{"items": [{"gender": "male", "id": "3219947", "photo": {"prefix": "https://igx.4sqi.net/img/user/", "suffix": "/XUZ5CMPFIP02C3AX.jpg"}, "firstName": "Andrea", "lastName": "Monni"}, {"id": "69629821", "photo": {"prefix": "https://igx.4sqi.net/img/user/", "suffix": "/69629821-B4UXT0DZ3T4ZB30O.jpg"}, "firstName": "Judith", "gender": "female"}, {"gender": "female", "id": "16809496", "photo": {"prefix": "https://igx.4sqi.net/img/user/", "suffix": "/YJIUEAAV43IGK4BE.jpg"}, "firstName": "Wanda", "lastName": "Wang"}], "count": 6, "type": "others"}], "summary": "6 likes", "count": 6}, "id": "4d20018dd7b0b1f75158119f", "text": "Bentos during lunch hours are great for everyone to start enjoying great Japanese food here. They also serve lunches on weekends!", "type": "user", "user": {"gender": "male", "id": "142293", "photo": {"prefix": "https://igx.4sqi.net/img/user/", "suffix": "/HV2KFSR3CMDG55PP.jpg"}, "firstName": "Keng Hoe", "lastName": "Toh"}, "canonicalUrl": "https://foursquare.com/item/4d20018dd7b0b1f75158119f", "todo": {"count": 1}, "disagreeCount": 0}, {"logView": true, "lang": "en", "createdAt": 1285330194, "agreeCount": 1, "likes": {"groups": [{"items": [{"id": "69629821", "photo": {"prefix": "https://igx.4sqi.net/img/user/", "suffix": "/69629821-B4UXT0DZ3T4ZB30O.jpg"}, "firstName": "Judith", "gender": "female"}], "count": 4, "type": "others"}], "summary": "4 likes", "count": 4}, "id": "4c9c9512d3c2b60c5eb2b8bc", "text": "The chirashi don is to die for....", "type": "user", "user": {"gender": "male", "id": "3144395", "photo": {"prefix": "https://igx.4sqi.net/img/user/", "suffix": "/QIBRTRKANVJAJCWV.jpg"}, "firstName": "Rodney", "lastName": "Loh"}, "canonicalUrl": "https://foursquare.com/item/4c9c9512d3c2b60c5eb2b8bc", "todo": {"count": 0}, "disagreeCount": 0}, {"logView": true, "lang": "en", "createdAt": 1457191617, "agreeCount": 0, "likes": {"groups": [], "count": 0}, "id": "56dafac1498efb1254a4f86a", "text": "Lunch sets are reasonably priced for the quality you're getting. Truly one of the best sushi restaurants in Singapore.", "type": "user", "user": {"id": "94107302", "photo": {"prefix": "https://igx.4sqi.net/img/user/", "suffix": "/94107302-PIKO5DK524DQWLEG.jpg"}, "firstName": "Y.", "gender": "female"}, "canonicalUrl": "https://foursquare.com/item/56dafac1498efb1254a4f86a", "todo": {"count": 0}, "disagreeCount": 0}, {"authorInteractionType": "liked", "logView": true, "lang": "en", "photo": {"id": "551bebb2498e6d39f67388d2", "visibility": "public", "source": {"name": "Foursquare for iOS", "url": "https://foursquare.com/download/#/iphone"}, "suffix": "/1435300_Sjxuy7b1vmB-LGvhe0Yjuy3feULcpEJd2e_gApPQUCY.jpg", "createdAt": 1427893170, "prefix": "https://igx.4sqi.net/img/general/", "width": 1440, "height": 1920}, "createdAt": 1427893168, "todo": {"count": 0}, "agreeCount": 0, "likes": {"groups": [], "count": 0}, "id": "551bebb0498eec332c1859fb", "text": "I particularly like the swordfish sushi and ozaki beef literally melts in your mouth", "disagreeCount": 0, "user": {"gender": "female", "id": "1435300", "photo": {"prefix": "https://igx.4sqi.net/img/user/", "suffix": "/SYKUTMDOZMTZLDYE.jpg"}, "firstName": "Michelle", "lastName": "Chai"}, "canonicalUrl": "https://foursquare.com/item/551bebb0498eec332c1859fb", "type": "user", "photourl": "https://igx.4sqi.net/img/general/original/1435300_Sjxuy7b1vmB-LGvhe0Yjuy3feULcpEJd2e_gApPQUCY.jpg"}, {"authorInteractionType": "liked", "logView": true, "lang": "en", "createdAt": 1404667063, "agreeCount": 1, "likes": {"groups": [{"items": [{"gender": "male", "id": "85977782", "photo": {"prefix": "https://igx.4sqi.net/img/user/", "suffix": "/85977782-1MVP3XGBBCSUAIEZ.jpg"}, "firstName": "Hobart", "lastName": "Lim"}], "count": 1, "type": "others"}], "summary": "1 like", "count": 1}, "id": "53b984b7498e3f7f35d4dc44", "text": "chef's choice Aburi Sushi (not on the menu) is amazing. lots of luscious flavors such as truffle oil, yuzu, mentaiko and foie gras", "type": "user", "user": {"gender": "female", "id": "490615", "photo": {"prefix": "https://igx.4sqi.net/img/user/", "suffix": "/X2MK1XLVR4UV5IZA.jpg"}, "firstName": "Su Ann", "lastName": "Lim"}, "canonicalUrl": "https://foursquare.com/item/53b984b7498e3f7f35d4dc44", "todo": {"count": 0}, "disagreeCount": 0}, {"authorInteractionType": "liked", "logView": true, "lang": "en", "photo": {"id": "589fb9619343e07629df02ef", "visibility": "public", "source": {"name": "Foursquare for iOS", "url": "https://foursquare.com/download/#/iphone"}, "suffix": "/194818_cCGcxJB7XUmlPziLlOxHd15vnNEAtcGlbNALiTSRfEs.jpg", "createdAt": 1486862689, "prefix": "https://igx.4sqi.net/img/general/", "width": 1440, "height": 1920}, "createdAt": 1486862687, "todo": {"count": 0}, "agreeCount": 0, "likes": {"groups": [], "count": 0}, "id": "589fb95fd25ded216df5073b", "text": "Their lunch bento sets are amazing value- fresh fish and delicious sides. Highly recommended!", "disagreeCount": 0, "user": {"gender": "female", "id": "194818", "photo": {"prefix": "https://igx.4sqi.net/img/user/", "suffix": "/194818-LPREZBDOHMWVZVRG.jpg"}, "firstName": "Amy", "lastName": "Pak"}, "canonicalUrl": "https://foursquare.com/item/589fb95fd25ded216df5073b", "type": "user", "photourl": "https://igx.4sqi.net/img/general/original/194818_cCGcxJB7XUmlPziLlOxHd15vnNEAtcGlbNALiTSRfEs.jpg"}, {"logView": true, "lang": "en", "createdAt": 1385103621, "todo": {"count": 0}, "agreeCount": 0, "likes": {"groups": [], "count": 0}, "id": "528f0105498eeba3faddffd9", "text": "http://www.tripadvisor.com/Restaurant_Review-g294265-d797517-Reviews-Tatsuya-Singapore.html", "entities": [{"indices": [0, 91], "type": "url", "object": {"url": "http://www.tripadvisor.com/Restaurant_Review-g294265-d797517-Reviews-Tatsuya-Singapore.html"}}], "disagreeCount": 0, "user": {"gender": "male", "id": "17678297", "photo": {"prefix": "https://igx.4sqi.net/img/user/", "suffix": "/2MRHBQJLCYC2T43T.png"}, "firstName": "Tour", "lastName": "Explora"}, "canonicalUrl": "https://foursquare.com/item/528f0105498eeba3faddffd9", "type": "user"}, {"logView": true, "lang": "en", "createdAt": 1298983264, "agreeCount": 0, "likes": {"groups": [], "count": 0}, "id": "4d6ce960183a236a8dd7583a", "text": "Order the set sushi! It is not in the menu! Awesome!!", "type": "user", "user": {"id": "1421365", "photo": {"prefix": "https://igx.4sqi.net/img/user/", "suffix": "/WKIZI2SYGD03F0RI.jpg"}, "firstName": "Suzy Susie", "gender": "female"}, "canonicalUrl": "https://foursquare.com/item/4d6ce960183a236a8dd7583a", "todo": {"count": 0}, "disagreeCount": 0}, {"authorInteractionType": "liked", "logView": true, "lang": "en", "createdAt": 1387971739, "agreeCount": 0, "likes": {"groups": [], "count": 0}, "id": "52bac49b498e5a453bcc4f61", "text": "Sit in front of Andy. Great food and stories.", "type": "user", "user": {"gender": "male", "id": "536955", "photo": {"prefix": "https://igx.4sqi.net/img/user/", "suffix": "/536955-0I3H0I3PWX4OO1AB.jpg"}, "firstName": "Wen", "lastName": "Huang"}, "canonicalUrl": "https://foursquare.com/item/52bac49b498e5a453bcc4f61", "todo": {"count": 0}, "disagreeCount": 0}, {"logView": true, "lang": "en", "photo": {"id": "5518dd0c498e877d317e3cc2", "visibility": "public", "source": {"name": "Foursquare for iOS", "url": "https://foursquare.com/download/#/iphone"}, "suffix": "/3726996_dJ0UI8_dd4EhiaD_4t-czL3sAwkUPk2HRVo0QtQ8Flc.jpg", "createdAt": 1427692812, "prefix": "https://igx.4sqi.net/img/general/", "width": 1920, "height": 1440}, "createdAt": 1427692809, "todo": {"count": 0}, "agreeCount": 0, "likes": {"groups": [], "count": 0}, "id": "5518dd09498eece8eea7246f", "text": "The best seats are at the counter because you get to see the chef in action. Watching them prepare the food is quite beautiful.", "disagreeCount": 0, "user": {"gender": "female", "id": "3726996", "photo": {"prefix": "https://igx.4sqi.net/img/user/", "suffix": "/3726996_zgSdm-Xz_8yGEAClGHvjBreJRQg35guCj9yK_1SyEk9soXSsn8k_QDrnetMvL4WW0clUQWJYs.jpg"}, "firstName": "Bianca", "lastName": "Bueno"}, "canonicalUrl": "https://foursquare.com/item/5518dd09498eece8eea7246f", "type": "user", "photourl": "https://igx.4sqi.net/img/general/original/3726996_dJ0UI8_dd4EhiaD_4t-czL3sAwkUPk2HRVo0QtQ8Flc.jpg"}, {"logView": true, "lang": "en", "photo": {"id": "5596d529498e83520ba6a64f", "visibility": "public", "source": {"name": "Foursquare for iOS", "url": "https://foursquare.com/download/#/iphone"}, "suffix": "/95322271_q-MQNixnv1tzqYuFI7VlKTGwEa6_R2bcokmSAnZRvoE.jpg", "createdAt": 1435948329, "prefix": "https://igx.4sqi.net/img/general/", "width": 1440, "height": 1920}, "createdAt": 1435948294, "todo": {"count": 0}, "agreeCount": 0, "likes": {"groups": [], "count": 0}, "id": "5596d506498e146e2148835b", "text": "Went here for lunch yesterday and WOAH. The lunch bento was delish. And the salmon nigiri was to die for!!", "disagreeCount": 0, "user": {"gender": "female", "id": "95322271", "photo": {"prefix": "https://igx.4sqi.net/img/user/", "suffix": "/95322271-Z2GQWZRTQOY4O35Y.jpg"}, "firstName": "Rebecca", "lastName": "Somer"}, "canonicalUrl": "https://foursquare.com/item/5596d506498e146e2148835b", "type": "user", "photourl": "https://igx.4sqi.net/img/general/original/95322271_q-MQNixnv1tzqYuFI7VlKTGwEa6_R2bcokmSAnZRvoE.jpg"}, {"logView": true, "lang": "en", "createdAt": 1318665409, "agreeCount": 0, "likes": {"groups": [], "count": 0}, "id": "4e993cc16c252a15c158d0a6", "text": "I love the Chirashi Bento! Can't finish it though. Had a slice of Otoro to start the meal.", "type": "user", "user": {"gender": "female", "id": "1638085", "photo": {"prefix": "https://igx.4sqi.net/img/user/", "suffix": "/1638085-WTPAKYW2RTZOIPD2.jpg"}, "firstName": "Karen", "lastName": "Wee"}, "canonicalUrl": "https://foursquare.com/item/4e993cc16c252a15c158d0a6", "todo": {"count": 0}, "disagreeCount": 0}, {"authorInteractionType": "liked", "logView": true, "lang": "fr", "photo": {"id": "53b185e5498e550d6779c62d", "visibility": "public", "source": {"name": "Foursquare for iOS", "url": "https://foursquare.com/download/#/iphone"}, "suffix": "/52513832_H6GlLyj6pudHRATjLJCnn_MWUl4TP-Ye8L23J7x5Xmk.jpg", "createdAt": 1404143077, "prefix": "https://igx.4sqi.net/img/general/", "width": 960, "height": 640}, "createdAt": 1404143075, "todo": {"count": 0}, "agreeCount": 0, "likes": {"groups": [], "count": 0}, "id": "53b185e3498eaf95ecc4a6ff", "text": "On dit que c'est le meilleur japonais en dehors du Japon!", "disagreeCount": 0, "user": {"gender": "male", "id": "52513832", "photo": {"prefix": "https://igx.4sqi.net/img/user/", "suffix": "/JDIJ1H4ZGCABB3IH.jpg"}, "firstName": "Bernard", "lastName": "Buschi"}, "canonicalUrl": "https://foursquare.com/item/53b185e3498eaf95ecc4a6ff", "type": "user", "photourl": "https://igx.4sqi.net/img/general/original/52513832_H6GlLyj6pudHRATjLJCnn_MWUl4TP-Ye8L23J7x5Xmk.jpg"}, {"logView": true, "lang": "en", "createdAt": 1449553933, "agreeCount": 0, "likes": {"groups": [], "count": 0}, "id": "5666700d498ed213860b7819", "text": "Aburi is a MUST \ud83d\ude0b", "type": "user", "user": {"gender": "male", "id": "9880001", "photo": {"prefix": "https://igx.4sqi.net/img/user/", "suffix": "/VOOJK4BNDYUSYPF0.jpg"}, "firstName": "Saud", "lastName": "."}, "canonicalUrl": "https://foursquare.com/item/5666700d498ed213860b7819", "todo": {"count": 0}, "disagreeCount": 0}, {"authorInteractionType": "liked", "logView": true, "lang": "en", "createdAt": 1364343452, "agreeCount": 4, "likes": {"groups": [{"items": [{"id": "11157070", "photo": {"prefix": "https://igx.4sqi.net/img/user/", "suffix": "/HHQYXCRWCPSJTQQB.jpg"}, "firstName": "soul", "gender": "female"}, {"gender": "none", "id": "5976101", "photo": {"prefix": "https://igx.4sqi.net/img/user/", "suffix": "/IOJFUDYHTBYDWDQU.jpg"}, "firstName": "Matthias", "lastName": "Kleinsorge"}, {"gender": "female", "id": "40416597", "photo": {"prefix": "https://igx.4sqi.net/img/user/", "suffix": "/0FEGCKUTEKPVYYB3.jpg"}, "firstName": "Alena", "lastName": "Petruseva"}, {"gender": "female", "id": "23846469", "photo": {"prefix": "https://igx.4sqi.net/img/user/", "suffix": "/23846469-EAFBXO3VL1UA1PIH.jpg"}, "firstName": "Elle", "lastName": "Von Dierer"}], "count": 4, "type": "others"}], "summary": "4 likes", "count": 4}, "id": "51523a9ce4b050673752bed9", "text": "If you die and go to sushi heaven, you would find yourself in Tatsuya in Singapore!!!", "type": "user", "user": {"gender": "female", "id": "23846469", "photo": {"prefix": "https://igx.4sqi.net/img/user/", "suffix": "/23846469-EAFBXO3VL1UA1PIH.jpg"}, "firstName": "Elle", "lastName": "Von Dierer"}, "canonicalUrl": "https://foursquare.com/item/51523a9ce4b050673752bed9", "todo": {"count": 0}, "disagreeCount": 0}, {"logView": true, "lang": "en", "createdAt": 1282454409, "agreeCount": 1, "likes": {"groups": [{"items": [{"gender": "male", "id": "308951", "photo": {"prefix": "https://igx.4sqi.net/img/user/", "suffix": "/3UP0AI4WEWFBWG2M.jpg"}, "firstName": "Gabriel", "lastName": "Seah"}], "count": 1, "type": "others"}], "summary": "1 like", "count": 1}, "id": "4c70b389fa49a1cd4621a7e3", "text": "Good bento boxes for lunch!", "type": "user", "user": {"gender": "none", "id": "2778403", "photo": {"prefix": "https://igx.4sqi.net/img/user/", "default": true, "suffix": "/blank_boy.png"}, "firstName": "Shan Shan", "lastName": "Yap"}, "canonicalUrl": "https://foursquare.com/item/4c70b389fa49a1cd4621a7e3", "todo": {"count": 0}, "disagreeCount": 0}, {"authorInteractionType": "liked", "logView": true, "lang": "en", "createdAt": 1410440652, "agreeCount": 0, "likes": {"groups": [], "count": 0}, "id": "54119dcc498e2bf0149227e4", "text": "Absolutely amazing!", "type": "user", "user": {"gender": "male", "id": "10633661", "photo": {"prefix": "https://igx.4sqi.net/img/user/", "suffix": "/10633661-JC1SWCASWD3JY4LA.jpg"}, "firstName": "Gast\u00f3n", "lastName": "Soto Denegri"}, "canonicalUrl": "https://foursquare.com/item/54119dcc498e2bf0149227e4", "todo": {"count": 0}, "disagreeCount": 0}, {"authorInteractionType": "liked", "logView": true, "lang": "en", "photo": {"id": "53aba872498e28522ce2b69d", "visibility": "public", "source": {"name": "Foursquare for iOS", "url": "https://foursquare.com/download/#/iphone"}, "suffix": "/44021425_dgnbNyhKd-depVOb1vHrB1DwjDdvyQMXvl3CGwcsGiA.jpg", "createdAt": 1403758706, "prefix": "https://igx.4sqi.net/img/general/", "width": 720, "height": 960}, "createdAt": 1403758702, "todo": {"count": 0}, "agreeCount": 0, "likes": {"groups": [], "count": 0}, "id": "53aba86e498e9a5c18e55ed2", "text": "The Aburi sushi is pricey, but not to be missed! Flounder, sea bass, kampachi, toro tuna belly, prawn, salmon belly, swordfish belly, and scallop with fois gras! Yum...", "disagreeCount": 0, "user": {"gender": "male", "id": "44021425", "photo": {"prefix": "https://igx.4sqi.net/img/user/", "suffix": "/44021425-IL5ERODQFTBIXFYN.jpg"}, "firstName": "Michael", "lastName": "Pacella"}, "canonicalUrl": "https://foursquare.com/item/53aba86e498e9a5c18e55ed2", "type": "user", "photourl": "https://igx.4sqi.net/img/general/original/44021425_dgnbNyhKd-depVOb1vHrB1DwjDdvyQMXvl3CGwcsGiA.jpg"}, {"authorInteractionType": "liked", "logView": true, "lang": "en", "photo": {"id": "5363b24611d2479065690196", "visibility": "public", "source": {"name": "Foursquare for iOS", "url": "https://foursquare.com/download/#/iphone"}, "suffix": "/67490872_PUd944i2eU7RD1OqSldywKM3sh-_KIVF8_QNoCrNhts.jpg", "createdAt": 1399042630, "prefix": "https://igx.4sqi.net/img/general/", "width": 720, "height": 720}, "createdAt": 1399042628, "todo": {"count": 0}, "agreeCount": 1, "likes": {"groups": [{"items": [{"id": "72546866", "photo": {"prefix": "https://igx.4sqi.net/img/user/", "suffix": "/72546866-5SAOEM5B1V25OPX4.jpg"}, "firstName": "Lineileen", "gender": "female"}], "count": 1, "type": "others"}], "summary": "1 like", "count": 1}, "id": "5363b244498e5373173d88b4", "text": "A must to try their gyu don", "disagreeCount": 0, "user": {"gender": "female", "id": "67490872", "photo": {"prefix": "https://igx.4sqi.net/img/user/", "suffix": "/67490872-UFWLI45BGSJZFN40.jpg"}, "firstName": "Eileen", "lastName": "Lin"}, "canonicalUrl": "https://foursquare.com/item/5363b244498e5373173d88b4", "type": "user", "photourl": "https://igx.4sqi.net/img/general/original/67490872_PUd944i2eU7RD1OqSldywKM3sh-_KIVF8_QNoCrNhts.jpg"}, {"authorInteractionType": "liked", "logView": true, "lang": "en", "createdAt": 1433156514, "agreeCount": 1, "likes": {"groups": [{"items": [{"gender": "none", "id": "87566221", "photo": {"prefix": "https://igx.4sqi.net/img/user/", "suffix": "/87566221-IV0S3PGOI4TLJ013.jpg"}, "firstName": "unskilledmaker", "lastName": "-"}], "count": 1, "type": "others"}], "summary": "1 like", "count": 1}, "id": "556c3ba2498e1a1de9d46c99", "text": "first bottle free. $40++ for every subsequent bottle. BYO not allowed if restaurant already stocks that wine / sake", "type": "user", "user": {"id": "645339", "photo": {"prefix": "https://igx.4sqi.net/img/user/", "suffix": "/645339-BTAIK1PBOWPDK3OA.jpg"}, "firstName": "Trina", "gender": "female"}, "canonicalUrl": "https://foursquare.com/item/556c3ba2498e1a1de9d46c99", "todo": {"count": 1}, "disagreeCount": 0}, {"authorInteractionType": "liked", "logView": true, "lang": "en", "createdAt": 1271168710, "agreeCount": 3, "likes": {"groups": [{"items": [{"gender": "male", "id": "15702092", "photo": {"prefix": "https://igx.4sqi.net/img/user/", "suffix": "/15702092-IFCPTFOOFRGVRTKJ.jpg"}, "firstName": "Han Shing", "lastName": "Ng"}, {"gender": "male", "id": "3219947", "photo": {"prefix": "https://igx.4sqi.net/img/user/", "suffix": "/XUZ5CMPFIP02C3AX.jpg"}, "firstName": "Andrea", "lastName": "Monni"}, {"gender": "male", "id": "11057021", "photo": {"prefix": "https://igx.4sqi.net/img/user/", "suffix": "/J1R0WHRPGLAVH24J.jpg"}, "firstName": "TY", "lastName": "Heng"}], "count": 3, "type": "others"}], "summary": "3 likes", "count": 3}, "id": "4bc47ec670c603bbdcb397b4", "text": "Omakase! Or just whatever the chefs serve up! Excellent!!", "type": "user", "user": {"id": "645339", "photo": {"prefix": "https://igx.4sqi.net/img/user/", "suffix": "/645339-BTAIK1PBOWPDK3OA.jpg"}, "firstName": "Trina", "gender": "female"}, "canonicalUrl": "https://foursquare.com/item/4bc47ec670c603bbdcb397b4", "todo": {"count": 0}, "disagreeCount": 0}, {"authorInteractionType": "liked", "logView": true, "lang": "en", "photo": {"id": "54a4cb06498e64abf44783ac", "visibility": "public", "source": {"name": "Foursquare for iOS", "url": "https://foursquare.com/download/#/iphone"}, "suffix": "/5006103_EcfucwBZ4A4YFtLbPz6pT9WJBMnZJundQahjwOMKV-U.jpg", "createdAt": 1420086022, "prefix": "https://igx.4sqi.net/img/general/", "width": 720, "height": 720}, "createdAt": 1420086019, "todo": {"count": 0}, "agreeCount": 0, "likes": {"groups": [], "count": 0}, "id": "54a4cb03498e3522a6739e5c", "text": "Lunch bento set selections are great! Very fresh ingredients! Ask to be seated at sushi bar cause you'll have the chance to see the skillful chefs preparing sashimi, sushi and other dishes.", "disagreeCount": 0, "user": {"gender": "female", "id": "5006103", "photo": {"prefix": "https://igx.4sqi.net/img/user/", "suffix": "/5006103-MRMAOOCKRJIZ3K1D.jpg"}, "firstName": "Rachel", "lastName": "Dwiayutia"}, "canonicalUrl": "https://foursquare.com/item/54a4cb03498e3522a6739e5c", "type": "user", "photourl": "https://igx.4sqi.net/img/general/original/5006103_EcfucwBZ4A4YFtLbPz6pT9WJBMnZJundQahjwOMKV-U.jpg"}, {"authorInteractionType": "liked", "logView": true, "lang": "en", "photo": {"id": "5245254e11d21404835fd126", "visibility": "public", "source": {"name": "Foursquare for iOS", "url": "https://foursquare.com/download/#/iphone"}, "suffix": "/67490872_f5evSi-0bYLHrlpd1GBcWiSizpi-Nrb2s-vCUWBkDcM.jpg", "createdAt": 1380263246, "prefix": "https://igx.4sqi.net/img/general/", "width": 720, "height": 720}, "createdAt": 1380263243, "todo": {"count": 0}, "agreeCount": 2, "likes": {"groups": [{"items": [{"id": "72546866", "photo": {"prefix": "https://igx.4sqi.net/img/user/", "suffix": "/72546866-5SAOEM5B1V25OPX4.jpg"}, "firstName": "Lineileen", "gender": "female"}, {"gender": "female", "id": "67490872", "photo": {"prefix": "https://igx.4sqi.net/img/user/", "suffix": "/67490872-UFWLI45BGSJZFN40.jpg"}, "firstName": "Eileen", "lastName": "Lin"}], "count": 2, "type": "others"}], "summary": "2 likes", "count": 2}, "id": "5245254b498e7bdf4eb74baf", "text": "Melts in your mouth tuna belly , Omakase is a must have at Tatsuya", "disagreeCount": 0, "user": {"gender": "female", "id": "67490872", "photo": {"prefix": "https://igx.4sqi.net/img/user/", "suffix": "/67490872-UFWLI45BGSJZFN40.jpg"}, "firstName": "Eileen", "lastName": "Lin"}, "canonicalUrl": "https://foursquare.com/item/5245254b498e7bdf4eb74baf", "type": "user", "photourl": "https://igx.4sqi.net/img/general/original/67490872_f5evSi-0bYLHrlpd1GBcWiSizpi-Nrb2s-vCUWBkDcM.jpg"}, {"authorInteractionType": "liked", "logView": true, "lang": "en", "createdAt": 1428068517, "agreeCount": 0, "likes": {"groups": [], "count": 0}, "id": "551e98a5498ea5a9a56954bd", "text": "Excellent food but pricy. No wonder that outside of it Ferrari and Lamborghini are parking", "type": "user", "user": {"gender": "male", "id": "4961277", "photo": {"prefix": "https://igx.4sqi.net/img/user/", "suffix": "/VJZ32P03YXWS4NNR.jpg"}, "firstName": "Alex", "lastName": "Topalov"}, "canonicalUrl": "https://foursquare.com/item/551e98a5498ea5a9a56954bd", "todo": {"count": 0}, "disagreeCount": 0}, {"authorInteractionType": "liked", "logView": true, "lang": "en", "createdAt": 1359111872, "agreeCount": 0, "likes": {"groups": [], "count": 0}, "id": "510266c0e4b05ffc35e79281", "text": "Double Boiled Soup with Fat Tuna <3", "type": "user", "user": {"gender": "female", "id": "844103", "photo": {"prefix": "https://igx.4sqi.net/img/user/", "suffix": "/844103-QSEOJV55JZ25QFHM.jpg"}, "firstName": "Thais", "lastName": "Bretas"}, "canonicalUrl": "https://foursquare.com/item/510266c0e4b05ffc35e79281", "todo": {"count": 0}, "disagreeCount": 0}, {"logView": true, "lang": "en", "createdAt": 1427565702, "agreeCount": 0, "likes": {"groups": [], "count": 0}, "id": "5516ec86498eeefad2bb73ef", "text": "They claim that all fish are imported from the famous fish market tsukiji in Tokyo.  The fish do taste very fresh and yummy!  in in Singapore.", "type": "user", "user": {"id": "5937870", "photo": {"prefix": "https://igx.4sqi.net/img/user/", "suffix": "/0ABM3L1RV4TV04IM.jpg"}, "firstName": "Sheepie", "gender": "female"}, "canonicalUrl": "https://foursquare.com/item/5516ec86498eeefad2bb73ef", "todo": {"count": 0}, "disagreeCount": 0}, {"authorInteractionType": "liked", "logView": true, "lang": "en", "photo": {"id": "57ebc1adcd105754e037e47a", "visibility": "public", "source": {"name": "Foursquare for iOS", "url": "https://foursquare.com/download/#/iphone"}, "suffix": "/19192977_LX9rePNmv_wrF9tUL9T3RgtOGagkfgAlBJRz9xs8YcU.jpg", "createdAt": 1475068333, "prefix": "https://igx.4sqi.net/img/general/", "width": 1440, "height": 1920}, "createdAt": 1475068327, "todo": {"count": 0}, "agreeCount": 0, "likes": {"groups": [], "count": 0}, "id": "57ebc1a7498eee5d6fafdc93", "text": "This is rated 1 of the best in Sg. Indeed, no joke!!", "disagreeCount": 0, "user": {"gender": "female", "id": "19192977", "photo": {"prefix": "https://igx.4sqi.net/img/user/", "suffix": "/19192977-XTSZHX5BJW5YFMC5.jpg"}, "firstName": "Geraldine", "lastName": "Toh"}, "canonicalUrl": "https://foursquare.com/item/57ebc1a7498eee5d6fafdc93", "type": "user", "photourl": "https://igx.4sqi.net/img/general/original/19192977_LX9rePNmv_wrF9tUL9T3RgtOGagkfgAlBJRz9xs8YcU.jpg"}, {"logView": true, "lang": "en", "photo": {"id": "55139cf2498e37c8553d117c", "visibility": "public", "source": {"name": "Foursquare for iOS", "url": "https://foursquare.com/download/#/iphone"}, "suffix": "/85738281_mP-qAwGDBM5qZH86mSSLTeAU5yi6spA0CEEdpoIymok.jpg", "createdAt": 1427348722, "prefix": "https://igx.4sqi.net/img/general/", "width": 1920, "height": 1440}, "createdAt": 1427348718, "todo": {"count": 0}, "agreeCount": 1, "likes": {"groups": [], "count": 0}, "id": "55139cee498ec902ddd9d231", "text": "Chirashi Lunch Bento :)", "disagreeCount": 0, "user": {"gender": "female", "id": "85738281", "photo": {"prefix": "https://igx.4sqi.net/img/user/", "suffix": "/85738281-BPNMWKXNJQPDC3CI.jpg"}, "firstName": "Sher", "lastName": "T"}, "canonicalUrl": "https://foursquare.com/item/55139cee498ec902ddd9d231", "type": "user", "photourl": "https://igx.4sqi.net/img/general/original/85738281_mP-qAwGDBM5qZH86mSSLTeAU5yi6spA0CEEdpoIymok.jpg"}, {"logView": true, "lang": "en", "createdAt": 1265557902, "agreeCount": 0, "likes": {"groups": [], "count": 0}, "id": "4b6ee18e70c603bb92b991b4", "text": "Do the omakase. Expensive but amazing sashimi, sushi, and other treats", "type": "user", "user": {"gender": "male", "id": "152349", "photo": {"prefix": "https://igx.4sqi.net/img/user/", "suffix": "/ZRWNZ11ZDXDKFDX5.jpg"}, "firstName": "Andrew", "lastName": "Stephen"}, "canonicalUrl": "https://foursquare.com/item/4b6ee18e70c603bb92b991b4", "todo": {"count": 2}, "disagreeCount": 0}, {"logView": true, "lang": "en", "createdAt": 1278257333, "agreeCount": 1, "likes": {"groups": [{"items": [{"gender": "male", "id": "308951", "photo": {"prefix": "https://igx.4sqi.net/img/user/", "suffix": "/3UP0AI4WEWFBWG2M.jpg"}, "firstName": "Gabriel", "lastName": "Seah"}], "count": 1, "type": "others"}], "summary": "1 like", "count": 1}, "id": "4c30a8b53896e21e8dd2e590", "text": "probably the best top quality lunch sets in town", "type": "user", "user": {"gender": "female", "id": "801322", "photo": {"prefix": "https://igx.4sqi.net/img/user/", "suffix": "/N2HG2WSE3F3XHDNO.jpg"}, "firstName": "eileen", "lastName": "lee"}, "canonicalUrl": "https://foursquare.com/item/4c30a8b53896e21e8dd2e590", "todo": {"count": 0}, "disagreeCount": 0}, {"authorInteractionType": "liked", "logView": true, "lang": "en", "createdAt": 1446958869, "agreeCount": 0, "likes": {"groups": [], "count": 0}, "id": "563ed715cd100ea760db6f62", "text": "Service is impeccable , aburi sushi and the sashimi", "type": "user", "user": {"gender": "male", "id": "138374396", "photo": {"prefix": "https://igx.4sqi.net/img/user/", "suffix": "/138374396-CAZA2JXXFN5WQYIT.jpg"}, "firstName": "Nick", "lastName": "Mah"}, "canonicalUrl": "https://foursquare.com/item/563ed715cd100ea760db6f62", "todo": {"count": 0}, "disagreeCount": 0}, {"authorInteractionType": "liked", "logView": true, "lang": "en", "createdAt": 1451896793, "agreeCount": 0, "likes": {"groups": [], "count": 0}, "id": "568a2fd9498eaebe3d4ddbef", "text": "Excellent sashimi quality. Wagyu is good.", "type": "user", "user": {"id": "88151209", "photo": {"prefix": "https://igx.4sqi.net/img/user/", "suffix": "/88151209-IIO42IKOBTQ2XETZ.jpg"}, "firstName": "Qingxun", "gender": "male"}, "canonicalUrl": "https://foursquare.com/item/568a2fd9498eaebe3d4ddbef", "todo": {"count": 0}, "disagreeCount": 0}, {"logView": true, "lang": "en", "createdAt": 1298609791, "agreeCount": 0, "likes": {"groups": [], "count": 0}, "id": "4d67367fb2cfa0902958e0bf", "text": "Shocking service, cramped and noisy, bad attitude, waste of time and money unless watching willing but untrained waitresses from 3rd world countries being screamed at by a Japanese chef.", "type": "user", "user": {"gender": "male", "id": "6857821", "photo": {"prefix": "https://igx.4sqi.net/img/user/", "suffix": "/6857821-AH2HTM13NSFFKXP1.jpg"}, "firstName": "Nick", "lastName": "Raistrick"}, "canonicalUrl": "https://foursquare.com/item/4d67367fb2cfa0902958e0bf", "todo": {"count": 0}, "disagreeCount": 0}, {"logView": true, "lang": "en", "createdAt": 1316522792, "agreeCount": 0, "likes": {"groups": [{"items": [], "count": 1, "type": "others"}], "summary": "1 like", "count": 1}, "id": "4e788b28d22dc865f0fb36a7", "text": "Have lunch here to try it", "type": "user", "user": {"gender": "male", "id": "142293", "photo": {"prefix": "https://igx.4sqi.net/img/user/", "suffix": "/HV2KFSR3CMDG55PP.jpg"}, "firstName": "Keng Hoe", "lastName": "Toh"}, "canonicalUrl": "https://foursquare.com/item/4e788b28d22dc865f0fb36a7", "todo": {"count": 0}, "disagreeCount": 0}, {"authorInteractionType": "liked", "logView": true, "lang": "en", "photo": {"id": "56e606da498ebd595658869a", "visibility": "public", "source": {"name": "Swarm for Android", "url": "https://www.swarmapp.com"}, "suffix": "/18302679_qRAi_R387W5Mbq-p2NvyAZmY_zVr9ZFlLo1FrOb0ZK8.jpg", "createdAt": 1457915610, "prefix": "https://igx.4sqi.net/img/general/", "width": 540, "height": 960}, "createdAt": 1457915610, "todo": {"count": 0}, "agreeCount": 0, "likes": {"groups": [], "count": 0}, "id": "56e606da498ebd595658869b", "text": "By far, one of the best Sushi places I've ever been. Great food and amazing staff. Go with the chef's choice. He'll give you his recommendations and all you have to do is ENJOY!", "disagreeCount": 0, "user": {"gender": "male", "id": "18302679", "photo": {"prefix": "https://igx.4sqi.net/img/user/", "suffix": "/18302679-5KMXSR1HUJNY0MJ4.jpg"}, "firstName": "Feras", "lastName": "Sh"}, "canonicalUrl": "https://foursquare.com/item/56e606da498ebd595658869b", "type": "user", "photourl": "https://igx.4sqi.net/img/general/original/18302679_qRAi_R387W5Mbq-p2NvyAZmY_zVr9ZFlLo1FrOb0ZK8.jpg"}, {"logView": true, "lang": "en", "createdAt": 1276691987, "agreeCount": 1, "likes": {"groups": [{"items": [{"gender": "female", "id": "638391", "photo": {"prefix": "https://igx.4sqi.net/img/user/", "suffix": "/638391-4OVS0URPPHWLPPY1.jpg"}, "firstName": "Nickie", "lastName": "Hwang"}], "count": 3, "type": "others"}], "summary": "3 likes", "count": 3}, "id": "4c18c613834e2d7f49472980", "text": "Salmon roe season starts in October. The earlier batch will be more tender. It gets crunchier after the 3rd week..", "type": "user", "user": {"gender": "male", "id": "1245718", "photo": {"prefix": "https://igx.4sqi.net/img/user/", "suffix": "/KUV5LRNGAMHL1CZQ.jpg"}, "firstName": "Alvin", "lastName": "Chen"}, "canonicalUrl": "https://foursquare.com/item/4c18c613834e2d7f49472980", "todo": {"count": 0}, "disagreeCount": 0}, {"authorInteractionType": "liked", "logView": true, "lang": "en", "photo": {"id": "53beee30498ee1e83cbc358c", "visibility": "public", "source": {"name": "Foursquare for iOS", "url": "https://foursquare.com/download/#/iphone"}, "suffix": "/67490872_xhQusZI8ism_gyGZaCyBP2r-vFxFlA3KTCvM1egRpk0.jpg", "createdAt": 1405021744, "prefix": "https://igx.4sqi.net/img/general/", "width": 720, "height": 720}, "createdAt": 1405021738, "todo": {"count": 0}, "agreeCount": 1, "likes": {"groups": [{"items": [{"id": "72546866", "photo": {"prefix": "https://igx.4sqi.net/img/user/", "suffix": "/72546866-5SAOEM5B1V25OPX4.jpg"}, "firstName": "Lineileen", "gender": "female"}], "count": 1, "type": "others"}], "summary": "1 like", "count": 1}, "id": "53beee2a498eb096f6e05038", "text": "Best sushi !", "disagreeCount": 0, "user": {"gender": "female", "id": "67490872", "photo": {"prefix": "https://igx.4sqi.net/img/user/", "suffix": "/67490872-UFWLI45BGSJZFN40.jpg"}, "firstName": "Eileen", "lastName": "Lin"}, "canonicalUrl": "https://foursquare.com/item/53beee2a498eb096f6e05038", "type": "user", "photourl": "https://igx.4sqi.net/img/general/original/67490872_xhQusZI8ism_gyGZaCyBP2r-vFxFlA3KTCvM1egRpk0.jpg"}, {"authorInteractionType": "liked", "logView": true, "lang": "en", "photo": {"id": "5841133906f1a34af89305e7", "visibility": "public", "source": {"name": "Foursquare for iOS", "url": "https://foursquare.com/download/#/iphone"}, "suffix": "/66648100_Ng6D7aM-pTndojXHd-Wtc7AagT7oKKu7U30J_ZE0AHM.jpg", "createdAt": 1480659769, "prefix": "https://igx.4sqi.net/img/general/", "width": 1440, "height": 1920}, "createdAt": 1480659765, "todo": {"count": 1}, "agreeCount": 1, "likes": {"groups": [], "count": 0}, "id": "584113352896a2502e46c73c", "text": "Best Japanese restaurant in Singapore. The Simmered Sea Bream Head was amazing. The Sashimi and Sushi worth the visit. \ud83c\udf1f\ud83c\udf1f\ud83c\udf1f\ud83c\udf1f", "disagreeCount": 0, "user": {"gender": "male", "id": "66648100", "photo": {"prefix": "https://igx.4sqi.net/img/user/", "suffix": "/66648100-H3RJRERCXJZC5Y5S.jpg"}, "firstName": "Jim", "lastName": "Bailey"}, "canonicalUrl": "https://foursquare.com/item/584113352896a2502e46c73c", "type": "user", "photourl": "https://igx.4sqi.net/img/general/original/66648100_Ng6D7aM-pTndojXHd-Wtc7AagT7oKKu7U30J_ZE0AHM.jpg"}, {"logView": true, "lang": "en", "createdAt": 1302840758, "agreeCount": 1, "likes": {"groups": [{"items": [{"gender": "female", "id": "638391", "photo": {"prefix": "https://igx.4sqi.net/img/user/", "suffix": "/638391-4OVS0URPPHWLPPY1.jpg"}, "firstName": "Nickie", "lastName": "Hwang"}], "count": 1, "type": "others"}], "summary": "1 like", "count": 1}, "id": "4da7c5b681541df437aeb83a", "text": "For the past 8 years, the trademark here is excellent service which is why I always come back.The owner Ronnie Chia takes pride in quality and service.", "type": "user", "user": {"gender": "male", "id": "1245718", "photo": {"prefix": "https://igx.4sqi.net/img/user/", "suffix": "/KUV5LRNGAMHL1CZQ.jpg"}, "firstName": "Alvin", "lastName": "Chen"}, "canonicalUrl": "https://foursquare.com/item/4da7c5b681541df437aeb83a", "todo": {"count": 0}, "disagreeCount": 0}, {"authorInteractionType": "liked", "logView": true, "lang": "en", "createdAt": 1409294869, "agreeCount": 0, "likes": {"groups": [], "count": 0}, "id": "54002215498e008a3916f7ec", "text": "Bento boxes are a great option for lunch.", "type": "user", "user": {"gender": "male", "id": "3219947", "photo": {"prefix": "https://igx.4sqi.net/img/user/", "suffix": "/XUZ5CMPFIP02C3AX.jpg"}, "firstName": "Andrea", "lastName": "Monni"}, "canonicalUrl": "https://foursquare.com/item/54002215498e008a3916f7ec", "todo": {"count": 0}, "disagreeCount": 0}, {"authorInteractionType": "liked", "logView": true, "lang": "en", "photo": {"id": "55427f23498e85fbad41f6c5", "visibility": "public", "source": {"name": "Foursquare for iOS", "url": "https://foursquare.com/download/#/iphone"}, "suffix": "/67490872_fQhv8FWhOM8LMpVKttijlqa-FWJeblqavBM-BI-ddVc.jpg", "createdAt": 1430421283, "prefix": "https://igx.4sqi.net/img/general/", "width": 1440, "height": 1440}, "createdAt": 1392034847, "todo": {"count": 0}, "agreeCount": 0, "likes": {"groups": [], "count": 0}, "id": "52f8c41f498e76f09265d97e", "text": "Simply the best !!", "disagreeCount": 0, "user": {"gender": "female", "id": "67490872", "photo": {"prefix": "https://igx.4sqi.net/img/user/", "suffix": "/67490872-UFWLI45BGSJZFN40.jpg"}, "firstName": "Eileen", "lastName": "Lin"}, "canonicalUrl": "https://foursquare.com/item/52f8c41f498e76f09265d97e", "type": "user", "photourl": "https://igx.4sqi.net/img/general/original/67490872_fQhv8FWhOM8LMpVKttijlqa-FWJeblqavBM-BI-ddVc.jpg"}, {"logView": true, "lang": "en", "createdAt": 1315023561, "agreeCount": 1, "likes": {"groups": [{"items": [{"gender": "male", "id": "308951", "photo": {"prefix": "https://igx.4sqi.net/img/user/", "suffix": "/3UP0AI4WEWFBWG2M.jpg"}, "firstName": "Gabriel", "lastName": "Seah"}], "count": 2, "type": "others"}], "summary": "2 likes", "count": 2}, "id": "4e61aac9aeb73603149801f6", "text": "Go for the lunch bentos, the best way to get to know the restaurant. Dinner will cost much more", "type": "user", "user": {"gender": "male", "id": "142293", "photo": {"prefix": "https://igx.4sqi.net/img/user/", "suffix": "/HV2KFSR3CMDG55PP.jpg"}, "firstName": "Keng Hoe", "lastName": "Toh"}, "canonicalUrl": "https://foursquare.com/item/4e61aac9aeb73603149801f6", "todo": {"count": 1}, "disagreeCount": 0}, {"authorInteractionType": "liked", "logView": true, "lang": "en", "photo": {"id": "55427f8f498e924b5b9b2e19", "visibility": "public", "source": {"name": "Foursquare for iOS", "url": "https://foursquare.com/download/#/iphone"}, "suffix": "/67490872_dm5-beLtjkqMfrq93KQkZr5goMLa2oIqeS6TCVwwBSg.jpg", "createdAt": 1430421391, "prefix": "https://igx.4sqi.net/img/general/", "width": 1440, "height": 1440}, "createdAt": 1386360637, "todo": {"count": 0}, "agreeCount": 1, "likes": {"groups": [{"items": [{"id": "72546866", "photo": {"prefix": "https://igx.4sqi.net/img/user/", "suffix": "/72546866-5SAOEM5B1V25OPX4.jpg"}, "firstName": "Lineileen", "gender": "female"}], "count": 1, "type": "others"}], "summary": "1 like", "count": 1}, "id": "52a22f3d11d28bd43f93bb36", "text": "Gyu don & their seared sushi ~ extremely gratifying at Tatsuya !!!", "disagreeCount": 0, "user": {"gender": "female", "id": "67490872", "photo": {"prefix": "https://igx.4sqi.net/img/user/", "suffix": "/67490872-UFWLI45BGSJZFN40.jpg"}, "firstName": "Eileen", "lastName": "Lin"}, "canonicalUrl": "https://foursquare.com/item/52a22f3d11d28bd43f93bb36", "type": "user", "photourl": "https://igx.4sqi.net/img/general/original/67490872_dm5-beLtjkqMfrq93KQkZr5goMLa2oIqeS6TCVwwBSg.jpg"}, {"logView": true, "lang": "en", "createdAt": 1340011814, "todo": {"count": 0}, "agreeCount": 4, "likes": {"groups": [{"items": [{"id": "69629821", "photo": {"prefix": "https://igx.4sqi.net/img/user/", "suffix": "/69629821-B4UXT0DZ3T4ZB30O.jpg"}, "firstName": "Judith", "gender": "female"}, {"gender": "female", "id": "43587444", "photo": {"prefix": "https://igx.4sqi.net/img/user/", "suffix": "/QQMDA3NI1WDCAKZM.jpg"}, "firstName": "Brenda", "lastName": "\u00c1lvarez Saporta"}, {"gender": "male", "id": "308951", "photo": {"prefix": "https://igx.4sqi.net/img/user/", "suffix": "/3UP0AI4WEWFBWG2M.jpg"}, "firstName": "Gabriel", "lastName": "Seah"}, {"gender": "female", "id": "16809496", "photo": {"prefix": "https://igx.4sqi.net/img/user/", "suffix": "/YJIUEAAV43IGK4BE.jpg"}, "firstName": "Wanda", "lastName": "Wang"}], "count": 4, "type": "others"}], "summary": "4 likes", "count": 4}, "id": "4fdef526e4b0027c8ab7c5af", "text": "The lunchtime Bento set ($30) was included in Time Out\u2019s 2012 best dishes list for Best Sushi.", "disagreeCount": 0, "url": "http://www.timeoutsingapore.com/restaurants/feature/singapores-best-dishes-international-dishes", "user": {"gender": "male", "id": "12673438", "photo": {"prefix": "https://igx.4sqi.net/img/user/", "default": true, "suffix": "/blank_boy.png"}, "firstName": "Time Out Singapore", "lastName": "Manager"}, "canonicalUrl": "https://foursquare.com/item/4fdef526e4b0027c8ab7c5af", "type": "user"}, {"authorInteractionType": "liked", "logView": true, "lang": "ru", "photo": {"id": "54bbbfe4498e83d1539eb77e", "visibility": "public", "source": {"name": "Foursquare for Android", "url": "https://foursquare.com/download/#/android"}, "suffix": "/84506135_cHnAW5ze6aY7LQo5ioViyhWqV4h-J2st8xXHTavvbRs.jpg", "createdAt": 1421590500, "prefix": "https://igx.4sqi.net/img/general/", "width": 2688, "height": 1520}, "createdAt": 1421590494, "todo": {"count": 0}, "agreeCount": 0, "likes": {"groups": [], "count": 0}, "id": "54bbbfde498e4cb7e1345646", "text": "\u0425\u043e\u0447\u0435\u0442\u0441\u044f \u043e\u0431\u0440\u0430\u0442\u0438\u0442\u044c\u0441\u044f \u043a\u043e \u0432\u0441\u0435\u043c \u043e\u0442\u0435\u0447\u0435\u0441\u0442\u0432\u0435\u043d\u043d\u044b\u043c \u043b\u044e\u0431\u0438\u0442\u0435\u043b\u044f\u043c \u0441\u0443\u0448\u0438: \u0440\u0430\u0441\u043a\u0430\u0448\u0435\u043b\u044c\u0442\u0435\u0441\u044c \u0445\u043e\u0442\u044f \u0431\u044b \u043d\u0430 \u043e\u0434\u0438\u043d \u0443\u0436\u0438\u043d \u0437\u0434\u0435\u0441\u044c, \u0447\u0442\u043e\u0431\u044b \u0443\u0437\u043d\u0430\u0442\u044c \u043d\u0430\u043a\u043e\u043d\u0435\u0446, \u043a\u0430\u043a\u0438\u043c\u0438 \u0434\u043e\u043b\u0436\u043d\u044b \u0431\u044b\u0442\u044c \u043d\u0430\u0441\u0442\u043e\u044f\u0449\u0438\u0435 \u044f\u043f\u043e\u043d\u0441\u043a\u0438\u0435 \u0441\u0443\u0441\u0438. \u041e\u0442\u043b\u0438\u0447\u043d\u043e\u0435 \u043c\u0435\u0441\u0442\u043e.", "disagreeCount": 0, "user": {"id": "84506135", "photo": {"prefix": "https://igx.4sqi.net/img/user/", "default": true, "suffix": "/blank_boy.png"}, "firstName": "Lyubov", "gender": "none"}, "canonicalUrl": "https://foursquare.com/item/54bbbfde498e4cb7e1345646", "type": "user", "photourl": "https://igx.4sqi.net/img/general/original/84506135_cHnAW5ze6aY7LQo5ioViyhWqV4h-J2st8xXHTavvbRs.jpg"}, {"logView": true, "lang": "en", "createdAt": 1380428878, "agreeCount": 0, "likes": {"groups": [], "count": 0}, "id": "5247ac4e498e9f74606e712a", "text": "Not an intimidating setting. Food is alright but a little too much condiments ie mayonnaise or chilli flakes. Omakase should be live, fresh, \u539f\u6c41\u539f\u5473\u3002", "type": "user", "user": {"id": "34572979", "photo": {"prefix": "https://igx.4sqi.net/img/user/", "suffix": "/34572979-SSQTDQMYI3LR31MZ.jpg"}, "firstName": "Chen", "gender": "female"}, "canonicalUrl": "https://foursquare.com/item/5247ac4e498e9f74606e712a", "todo": {"count": 0}, "disagreeCount": 0}, {"authorInteractionType": "liked", "logView": true, "lang": "en", "createdAt": 1317800874, "agreeCount": 2, "likes": {"groups": [{"items": [{"gender": "female", "id": "259462", "photo": {"prefix": "https://igx.4sqi.net/img/user/", "suffix": "/DGQXZZHDOL2PEHGD.jpg"}, "firstName": "Christel", "lastName": "Quek"}, {"gender": "male", "id": "308951", "photo": {"prefix": "https://igx.4sqi.net/img/user/", "suffix": "/3UP0AI4WEWFBWG2M.jpg"}, "firstName": "Gabriel", "lastName": "Seah"}], "count": 2, "type": "others"}], "summary": "2 likes", "count": 2}, "id": "4e8c0baae5e8c735f8fd0d47", "text": "Amazing Aburi", "type": "user", "user": {"gender": "male", "id": "308951", "photo": {"prefix": "https://igx.4sqi.net/img/user/", "suffix": "/3UP0AI4WEWFBWG2M.jpg"}, "firstName": "Gabriel", "lastName": "Seah"}, "canonicalUrl": "https://foursquare.com/item/4e8c0baae5e8c735f8fd0d47", "todo": {"count": 1}, "disagreeCount": 0}, {"logView": true, "lang": "en", "createdAt": 1325136894, "agreeCount": 0, "likes": {"groups": [{"items": [], "count": 1, "type": "others"}], "summary": "1 like", "count": 1}, "id": "4efbfbfee300d0dc3057b692", "text": "Ask for the umeshu jelly dessert! Delicious!!!", "type": "user", "user": {"gender": "female", "id": "814696", "photo": {"prefix": "https://igx.4sqi.net/img/user/", "suffix": "/1PSNL2I1MN0OIFB0.jpg"}, "firstName": "Alicia", "lastName": "Tan"}, "canonicalUrl": "https://foursquare.com/item/4efbfbfee300d0dc3057b692", "todo": {"count": 0}, "disagreeCount": 0}, {"authorInteractionType": "liked", "logView": true, "lang": "en", "createdAt": 1450925837, "agreeCount": 0, "likes": {"groups": [], "count": 0}, "id": "567b5f0d38fae7db7ac4f6ed", "text": "Sashimi is very fresh!", "type": "user", "user": {"gender": "male", "id": "718377", "photo": {"prefix": "https://igx.4sqi.net/img/user/", "suffix": "/718377-VXDZYA54I52SUW14.jpg"}, "firstName": "Darren", "lastName": "Teo"}, "canonicalUrl": "https://foursquare.com/item/567b5f0d38fae7db7ac4f6ed", "todo": {"count": 0}, "disagreeCount": 0}, {"logView": true, "lang": "en", "createdAt": 1306317304, "agreeCount": 0, "likes": {"groups": [], "count": 0}, "id": "4ddcd1f8ae60d6fc1594b229", "text": "Very fresh sashimi!!! Yums!!!", "type": "user", "user": {"gender": "female", "id": "2758336", "photo": {"prefix": "https://igx.4sqi.net/img/user/", "suffix": "/CQRQBVSAQXNOSXC0.jpg"}, "firstName": "Jessica", "lastName": "\uc81c\uc2dc\uae4c"}, "canonicalUrl": "https://foursquare.com/item/4ddcd1f8ae60d6fc1594b229", "todo": {"count": 0}, "disagreeCount": 0}, {"logView": true, "lang": "en", "createdAt": 1287984313, "agreeCount": 0, "likes": {"groups": [{"items": [], "count": 1, "type": "others"}], "summary": "1 like", "count": 1}, "id": "4cc514b906c254815c9e9a47", "text": "Best set lunch in town. Try their premium sashimi too. Better still.. Get tatsuya's omakase dinner set", "type": "user", "user": {"gender": "male", "id": "3570264", "photo": {"prefix": "https://igx.4sqi.net/img/user/", "suffix": "/LVQKO1NC0VCM3Y41.jpg"}, "firstName": "James", "lastName": "Li Zhiwei"}, "canonicalUrl": "https://foursquare.com/item/4cc514b906c254815c9e9a47", "todo": {"count": 0}, "disagreeCount": 0}, {"authorInteractionType": "liked", "logView": true, "lang": "en", "photo": {"id": "540c999d498e1948366fb333", "visibility": "public", "source": {"name": "Foursquare for iOS", "url": "https://foursquare.com/download/#/iphone"}, "suffix": "/67490872_V7EhZ0MWgfbxIkCL6GgrQnJW7lcR1_lbpEGzSTKMzNk.jpg", "createdAt": 1410111901, "prefix": "https://igx.4sqi.net/img/general/", "width": 720, "height": 720}, "createdAt": 1410111898, "todo": {"count": 0}, "agreeCount": 0, "likes": {"groups": [], "count": 0}, "id": "540c999a498ea9e11d7f330a", "text": "Gyu don - a must try for the mini bowl ! So gooood !!! Not on the menu, so tell the chef to top with an egg !", "disagreeCount": 0, "user": {"gender": "female", "id": "67490872", "photo": {"prefix": "https://igx.4sqi.net/img/user/", "suffix": "/67490872-UFWLI45BGSJZFN40.jpg"}, "firstName": "Eileen", "lastName": "Lin"}, "canonicalUrl": "https://foursquare.com/item/540c999a498ea9e11d7f330a", "type": "user", "photourl": "https://igx.4sqi.net/img/general/original/67490872_V7EhZ0MWgfbxIkCL6GgrQnJW7lcR1_lbpEGzSTKMzNk.jpg"}, {"logView": true, "lang": "en", "photo": {"id": "543149a9498e366d1b9b6a34", "visibility": "public", "source": {"name": "Foursquare for iOS", "url": "https://foursquare.com/download/#/iphone"}, "suffix": "/84062387_TipXjSItQ7Lt-RZmBCqgQ_zBuvGJunL_wvfHNcOkWpg.jpg", "createdAt": 1412516265, "prefix": "https://igx.4sqi.net/img/general/", "width": 960, "height": 720}, "createdAt": 1412516239, "todo": {"count": 1}, "agreeCount": 0, "likes": {"groups": [], "count": 0}, "id": "5431498f498e37ca770b9765", "text": "Melt-in-your-mouth Fatty Tuna Belly, exquisite assortment of Sushi, punctuated by Foie Gras and caviar, succulent sashimi, perfectly seared Wagyu fillet..this is heaven. Go for Chef's Omakase. Enjoy!", "disagreeCount": 0, "user": {"gender": "male", "id": "84062387", "photo": {"prefix": "https://igx.4sqi.net/img/user/", "suffix": "/84062387-KZYY55DOIZBNIN0S.jpg"}, "firstName": "Richard", "lastName": "Foo"}, "canonicalUrl": "https://foursquare.com/item/5431498f498e37ca770b9765", "type": "user", "photourl": "https://igx.4sqi.net/img/general/original/84062387_TipXjSItQ7Lt-RZmBCqgQ_zBuvGJunL_wvfHNcOkWpg.jpg"}, {"logView": true, "lang": "en", "createdAt": 1434718150, "agreeCount": 0, "likes": {"groups": [], "count": 0}, "id": "55840fc6498e6f1cff936832", "text": "Amazing sushi. And also melt in your mouth wagyu beef and toro sashimi", "type": "user", "user": {"gender": "male", "id": "15702092", "photo": {"prefix": "https://igx.4sqi.net/img/user/", "suffix": "/15702092-IFCPTFOOFRGVRTKJ.jpg"}, "firstName": "Han Shing", "lastName": "Ng"}, "canonicalUrl": "https://foursquare.com/item/55840fc6498e6f1cff936832", "todo": {"count": 0}, "disagreeCount": 0}, {"logView": true, "lang": "pt", "createdAt": 1283152995, "agreeCount": 0, "likes": {"groups": [{"items": [], "count": 1, "type": "others"}], "summary": "1 like", "count": 1}, "id": "4c7b5c63566db60c4a9f4a0e", "text": "Joevios in operation!!", "type": "user", "user": {"gender": "male", "id": "2920146", "photo": {"prefix": "https://igx.4sqi.net/img/user/", "suffix": "/BG00YFRM0QDP5TG1.jpg"}, "firstName": "Joe", "lastName": "Vios"}, "canonicalUrl": "https://foursquare.com/item/4c7b5c63566db60c4a9f4a0e", "todo": {"count": 0}, "disagreeCount": 0}, {"logView": true, "lang": "en", "createdAt": 1435736690, "agreeCount": 0, "likes": {"groups": [], "count": 0}, "id": "55939a72498e10017f9d7755", "text": "kind of on the pricey side but worth the money. the lunch deals are great.", "type": "user", "user": {"gender": "female", "id": "45457172", "photo": {"prefix": "https://igx.4sqi.net/img/user/", "suffix": "/45457172-WWDASDPTBYTIUTIQ.jpg"}, "firstName": "Jisun", "lastName": "Yu"}, "canonicalUrl": "https://foursquare.com/item/55939a72498e10017f9d7755", "todo": {"count": 0}, "disagreeCount": 0}, {"authorInteractionType": "liked", "logView": true, "lang": "en", "createdAt": 1420686022, "agreeCount": 0, "likes": {"groups": [], "count": 0}, "id": "54adf2c6498ecc0e2926a57d", "text": "Amazing Omakase!!! Wooo...", "type": "user", "user": {"gender": "male", "id": "69178326", "photo": {"prefix": "https://igx.4sqi.net/img/user/", "suffix": "/0TH4JQD4EEYC3JT0.jpg"}, "firstName": "Raymond", "lastName": "Zhang"}, "canonicalUrl": "https://foursquare.com/item/54adf2c6498ecc0e2926a57d", "todo": {"count": 0}, "disagreeCount": 0}, {"logView": true, "lang": "en", "createdAt": 1325473110, "agreeCount": 0, "likes": {"groups": [], "count": 0}, "id": "4f011d565c5c51dd2f918510", "text": "Expensive albeit high quality. Bookings almost always a must!", "type": "user", "user": {"gender": "male", "id": "19075465", "photo": {"prefix": "https://igx.4sqi.net/img/user/", "default": true, "suffix": "/blank_boy.png"}, "firstName": "Ben", "lastName": "Ong"}, "canonicalUrl": "https://foursquare.com/item/4f011d565c5c51dd2f918510", "todo": {"count": 0}, "disagreeCount": 0}, {"logView": true, "lang": "en", "createdAt": 1373020987, "agreeCount": 0, "likes": {"groups": [], "count": 0}, "id": "51d6a33b498e14890c8d7396", "text": "Have to make reservations early if you do not want to seat by the counter.", "type": "user", "user": {"gender": "male", "id": "2111952", "photo": {"prefix": "https://igx.4sqi.net/img/user/", "suffix": "/W3OK003YIJYRR3F5.jpg"}, "firstName": "Jonathan Matthew", "lastName": "Tan"}, "canonicalUrl": "https://foursquare.com/item/51d6a33b498e14890c8d7396", "todo": {"count": 0}, "disagreeCount": 0}, {"authorInteractionType": "liked", "logView": true, "lang": "en", "photo": {"id": "5769190f498ea9f4e7fc2766", "visibility": "public", "source": {"name": "Foursquare for iOS", "url": "https://foursquare.com/download/#/iphone"}, "suffix": "/137010297_NClk_qzBeGi-UgJnGOo2gira1ULsExbfiq45MCTZD7Y.jpg", "createdAt": 1466505487, "prefix": "https://igx.4sqi.net/img/general/", "width": 1440, "height": 1920}, "createdAt": 1466505483, "todo": {"count": 0}, "agreeCount": 0, "likes": {"groups": [], "count": 0}, "id": "5769190b498ee2042b0c46a8", "text": "Can do no wrong with Ronnie and team. LOVE.", "disagreeCount": 0, "user": {"gender": "male", "id": "137010297", "photo": {"prefix": "https://igx.4sqi.net/img/user/", "suffix": "/137010297_gjLA4iHv_KfMlvLI_V_4tWyRMTpmbCQtfowQ_TgFv0M8SCGb8MFHMG5mPS01EZ4FdriTtdDJT.jpg"}, "firstName": "Nigel", "lastName": "Kong"}, "canonicalUrl": "https://foursquare.com/item/5769190b498ee2042b0c46a8", "type": "user", "photourl": "https://igx.4sqi.net/img/general/original/137010297_NClk_qzBeGi-UgJnGOo2gira1ULsExbfiq45MCTZD7Y.jpg"}, {"authorInteractionType": "liked", "logView": true, "lang": "en", "photo": {"id": "53bea905498eb25410ce8af7", "visibility": "public", "source": {"name": "Foursquare for iOS", "url": "https://foursquare.com/download/#/iphone"}, "suffix": "/67490872_pDOoM6a4meqYigCvndV3w86qbctdVxx6yNcbFh4rwJo.jpg", "createdAt": 1405004037, "prefix": "https://igx.4sqi.net/img/general/", "width": 960, "height": 720}, "createdAt": 1405004034, "todo": {"count": 0}, "agreeCount": 1, "likes": {"groups": [{"items": [{"id": "72546866", "photo": {"prefix": "https://igx.4sqi.net/img/user/", "suffix": "/72546866-5SAOEM5B1V25OPX4.jpg"}, "firstName": "Lineileen", "gender": "female"}], "count": 1, "type": "others"}], "summary": "1 like", "count": 1}, "id": "53bea902498e3019ca66ce3d", "text": "Sushi is definitely Salivating & to die for", "disagreeCount": 0, "user": {"gender": "female", "id": "67490872", "photo": {"prefix": "https://igx.4sqi.net/img/user/", "suffix": "/67490872-UFWLI45BGSJZFN40.jpg"}, "firstName": "Eileen", "lastName": "Lin"}, "canonicalUrl": "https://foursquare.com/item/53bea902498e3019ca66ce3d", "type": "user", "photourl": "https://igx.4sqi.net/img/general/original/67490872_pDOoM6a4meqYigCvndV3w86qbctdVxx6yNcbFh4rwJo.jpg"}, {"logView": true, "lang": "en", "createdAt": 1346907843, "agreeCount": 0, "likes": {"groups": [], "count": 0}, "id": "50482ec3e4b06096d260cac1", "text": "Salmon skin handroll is to die for :) must try if they have it in stock!!", "type": "user", "user": {"gender": "female", "id": "16809496", "photo": {"prefix": "https://igx.4sqi.net/img/user/", "suffix": "/YJIUEAAV43IGK4BE.jpg"}, "firstName": "Wanda", "lastName": "Wang"}, "canonicalUrl": "https://foursquare.com/item/50482ec3e4b06096d260cac1", "todo": {"count": 0}, "disagreeCount": 0}], "count": 64}}}