{"meta": {"code": 200, "requestId": "595a48df9fb6b77bc7af5b0a"}, "response": {"tips": {"items": [{"logView": true, "lang": "en", "createdAt": 1279966631, "agreeCount": 0, "likes": {"groups": [], "count": 0}, "id": "4c4abda79e6dbe9ac250000b", "text": "Try the pig liver!!!", "type": "user", "user": {"gender": "male", "id": "757853", "photo": {"prefix": "https://igx.4sqi.net/img/user/", "suffix": "/0TBODGMC1TDIY2PW.jpg"}, "firstName": "Aric", "lastName": "Tan"}, "canonicalUrl": "https://foursquare.com/item/4c4abda79e6dbe9ac250000b", "todo": {"count": 0}, "disagreeCount": 0}, {"authorInteractionType": "liked", "logView": true, "lang": "en", "createdAt": 1385132415, "agreeCount": 0, "likes": {"groups": [], "count": 0}, "id": "528f717f11d243600395526e", "text": "The beef brisket and the paper wrapped chicken were good. Prices were reasonable.", "type": "user", "user": {"gender": "male", "id": "30366299", "photo": {"prefix": "https://igx.4sqi.net/img/user/", "suffix": "/QXEDXN1Y15VBMWFO.jpg"}, "firstName": "Suan Pin", "lastName": "Foo"}, "canonicalUrl": "https://foursquare.com/item/528f717f11d243600395526e", "todo": {"count": 0}, "disagreeCount": 0}, {"logView": true, "lang": "en", "createdAt": 1390271071, "todo": {"count": 0}, "agreeCount": 0, "likes": {"groups": [], "count": 0}, "lastVoteText": "Downvoted 3 weeks ago", "id": "52ddda5f11d2b19e65900d3e", "text": "Fish head soup is so delicious", "disagreeCount": 1, "user": {"gender": "male", "id": "10339116", "photo": {"prefix": "https://igx.4sqi.net/img/user/", "suffix": "/5L4EESCU1L4MITW2.jpg"}, "firstName": "TK", "lastName": "S"}, "canonicalUrl": "https://foursquare.com/item/52ddda5f11d2b19e65900d3e", "type": "user", "lastDownvoteTimestamp": 1496744371}, {"logView": true, "lang": "en", "createdAt": 1317550484, "agreeCount": 0, "likes": {"groups": [], "count": 0}, "id": "4e8839947ee63ecf91d0fe1b", "text": "Really great claypot chicken!", "type": "user", "user": {"gender": "male", "id": "2764927", "photo": {"prefix": "https://igx.4sqi.net/img/user/", "suffix": "/WQ3RZAAKFI4OGGO5.jpg"}, "firstName": "Eugene", "lastName": "Goh"}, "canonicalUrl": "https://foursquare.com/item/4e8839947ee63ecf91d0fe1b", "todo": {"count": 0}, "disagreeCount": 0}, {"logView": true, "lang": "en", "createdAt": 1279279235, "agreeCount": 0, "likes": {"groups": [], "count": 0}, "id": "4c4040837beab71391419555", "text": "An old classic!", "type": "user", "user": {"gender": "male", "id": "202433", "photo": {"prefix": "https://igx.4sqi.net/img/user/", "suffix": "/AE2KDHKT4PEKZRXH.jpg"}, "firstName": "Danesh", "lastName": "Daryanani"}, "canonicalUrl": "https://foursquare.com/item/4c4040837beab71391419555", "todo": {"count": 0}, "disagreeCount": 0}, {"authorInteractionType": "meh", "logView": true, "lang": "en", "createdAt": 1413644800, "agreeCount": 0, "likes": {"groups": [], "count": 0}, "id": "5442820011d2d89636b804cf", "text": "Claypot noodles & paper wrapped chicken are a must! :)", "type": "user", "user": {"gender": "female", "id": "16504035", "photo": {"prefix": "https://igx.4sqi.net/img/user/", "suffix": "/16504035-Y240Y2NOOU022AVR.jpg"}, "firstName": "Jasmine", "lastName": "Pang"}, "canonicalUrl": "https://foursquare.com/item/5442820011d2d89636b804cf", "todo": {"count": 0}, "disagreeCount": 0}, {"logView": true, "lang": "en", "createdAt": 1295180934, "agreeCount": 0, "likes": {"groups": [], "count": 0}, "id": "4d32e4865017a0930f9b4d9b", "text": "Superb claypot dishes!", "type": "user", "user": {"gender": "male", "id": "3791563", "photo": {"prefix": "https://igx.4sqi.net/img/user/", "suffix": "/WH1EIXWYBYXKKYKJ.jpg"}, "firstName": "Jeffrey", "lastName": "Low"}, "canonicalUrl": "https://foursquare.com/item/4d32e4865017a0930f9b4d9b", "todo": {"count": 0}, "disagreeCount": 0}, {"logView": true, "lang": "en", "createdAt": 1273325130, "agreeCount": 0, "likes": {"groups": [{"items": [], "count": 1, "type": "others"}], "summary": "1 like", "count": 1}, "id": "4be5664a70c603bb42b09ab4", "text": "Excellent fried pork ribs", "type": "user", "user": {"id": "990513", "photo": {"prefix": "https://igx.4sqi.net/img/user/", "suffix": "/53E421J5COUVLHHR.jpg"}, "firstName": "Cyr18n", "gender": "none"}, "canonicalUrl": "https://foursquare.com/item/4be5664a70c603bb42b09ab4", "todo": {"count": 0}, "disagreeCount": 0}, {"logView": true, "lang": "en", "createdAt": 1297315933, "agreeCount": 3, "likes": {"groups": [{"items": [{"gender": "male", "id": "281148", "photo": {"prefix": "https://igx.4sqi.net/img/user/", "suffix": "/281148-CGE4HUDUJIQPC3FK.jpg"}, "firstName": "Dinastik", "lastName": "K."}, {"id": "2199423", "photo": {"prefix": "https://igx.4sqi.net/img/user/", "suffix": "/KOXV15AICHERIQOX.jpg"}, "firstName": "BK", "gender": "male"}, {"id": "108873", "photo": {"prefix": "https://igx.4sqi.net/img/user/", "suffix": "/JDN5XNDIBVXZWCV1.jpg"}, "firstName": "cheryl", "gender": "female"}], "count": 3, "type": "others"}], "summary": "3 likes", "count": 3}, "id": "4d53785dbbbf3704206a3578", "text": "Must try the paper wrapped chicken. Superb!!", "type": "user", "user": {"gender": "female", "id": "3281217", "photo": {"prefix": "https://igx.4sqi.net/img/user/", "suffix": "/NVW4EF0E1TVXDBHW.jpg"}, "firstName": "Cindy", "lastName": "Wong"}, "canonicalUrl": "https://foursquare.com/item/4d53785dbbbf3704206a3578", "todo": {"count": 0}, "disagreeCount": 0}, {"logView": true, "lang": "en", "createdAt": 1379243717, "agreeCount": 0, "likes": {"groups": [], "count": 0}, "id": "523596c5498ea8a7796ebe8b", "text": "Super like their prawn!!!!!", "type": "user", "user": {"gender": "female", "id": "10194778", "photo": {"prefix": "https://igx.4sqi.net/img/user/", "suffix": "/10194778-P1J4HMZ3X2HPRQKC.jpg"}, "firstName": "Yang", "lastName": "Joan"}, "canonicalUrl": "https://foursquare.com/item/523596c5498ea8a7796ebe8b", "todo": {"count": 0}, "disagreeCount": 0}, {"logView": true, "lang": "en", "createdAt": 1292589622, "agreeCount": 0, "likes": {"groups": [], "count": 0}, "id": "4d0b5a36d823b1f796d8e85c", "text": "Apple soup nice.", "type": "user", "user": {"id": "3735056", "photo": {"prefix": "https://igx.4sqi.net/img/user/", "suffix": "/3735056-N1G1NUP3LO0E3G25.jpg"}, "firstName": "Mabel", "gender": "female"}, "canonicalUrl": "https://foursquare.com/item/4d0b5a36d823b1f796d8e85c", "todo": {"count": 0}, "disagreeCount": 0}], "count": 11}}}