{"meta": {"code": 200, "requestId": "595a57a14c1f67705a7bcbe5"}, "response": {"tips": {"items": [{"logView": true, "lang": "en", "createdAt": 1267835332, "agreeCount": 0, "likes": {"groups": [], "count": 0}, "id": "4b91a1c470c603bb42a293b4", "text": "Real nice to have a maccas just next to the pool. Coffee is ahhhhh.....", "type": "user", "user": {"gender": "male", "id": "247225", "photo": {"prefix": "https://igx.4sqi.net/img/user/", "suffix": "/3L12AZVHXPDLF2JX.jpg"}, "firstName": "Paul", "lastName": "Chan"}, "canonicalUrl": "https://foursquare.com/item/4b91a1c470c603bb42a293b4", "todo": {"count": 0}, "disagreeCount": 0}, {"logView": true, "lang": "en", "createdAt": 1327412114, "agreeCount": 0, "likes": {"groups": [], "count": 0}, "id": "4f1eb392e4b072d9c5079136", "text": "It'd be perfect if this place is open 24 hours.", "type": "user", "user": {"gender": "female", "id": "274634", "photo": {"prefix": "https://igx.4sqi.net/img/user/", "suffix": "/274634-CZZYVAZVOQFZGTYI.jpg"}, "firstName": "Glynis", "lastName": "Tan"}, "canonicalUrl": "https://foursquare.com/item/4f1eb392e4b072d9c5079136", "todo": {"count": 0}, "disagreeCount": 0}, {"logView": true, "lang": "en", "createdAt": 1292939430, "agreeCount": 0, "likes": {"groups": [], "count": 0}, "id": "4d10b0a671e8a1cd372e82bd", "text": "Comfy seats for eat in and convenient drive through for take away !", "type": "user", "user": {"gender": "female", "id": "4687627", "photo": {"prefix": "https://igx.4sqi.net/img/user/", "suffix": "/HKBUFV4KVIWVO0MR.jpg"}, "firstName": "Chloe", "lastName": "Tan"}, "canonicalUrl": "https://foursquare.com/item/4d10b0a671e8a1cd372e82bd", "todo": {"count": 0}, "disagreeCount": 0}, {"authorInteractionType": "liked", "logView": true, "lang": "en", "createdAt": 1350139407, "agreeCount": 1, "likes": {"groups": [{"items": [{"gender": "male", "id": "8479415", "photo": {"prefix": "https://igx.4sqi.net/img/user/", "suffix": "/2D42CE2J2L1EXP1N.jpg"}, "firstName": "Iyan", "lastName": "Bloodvein"}], "count": 1, "type": "others"}], "summary": "1 like", "count": 1}, "id": "50797e0fe4b0dad8223ec3a3", "text": "The Drive-thru is 24hrs, but the dining is not.", "type": "user", "user": {"gender": "male", "id": "31370083", "photo": {"prefix": "https://igx.4sqi.net/img/user/", "suffix": "/31370083-IZWAWMAFFI23IEXF.jpg"}, "firstName": "Coke", "lastName": "Chiong"}, "canonicalUrl": "https://foursquare.com/item/50797e0fe4b0dad8223ec3a3", "todo": {"count": 0}, "disagreeCount": 0}, {"logView": true, "lang": "en", "createdAt": 1322992370, "agreeCount": 0, "likes": {"groups": [], "count": 0}, "id": "4edb42f25c5c96a2ff50eed3", "text": "Baristas take pride in my Macchiato :-) Love the taste.", "type": "user", "user": {"gender": "male", "id": "5339986", "photo": {"prefix": "https://igx.4sqi.net/img/user/", "suffix": "/5339986-GZSQT3QYE3L2WDUE.jpg"}, "firstName": "Zorba", "lastName": "Tamangen"}, "canonicalUrl": "https://foursquare.com/item/4edb42f25c5c96a2ff50eed3", "todo": {"count": 0}, "disagreeCount": 0}, {"logView": true, "lang": "en", "createdAt": 1266505320, "agreeCount": 0, "likes": {"groups": [], "count": 0}, "id": "4b7d566870c603bb618592b4", "text": "I like the Mcdonalds here. It's also next to the swimming pool. Kidz loves it.", "type": "user", "user": {"id": "396489", "photo": {"prefix": "https://igx.4sqi.net/img/user/", "suffix": "/396489-XEQJECYTYDH2SKZG.jpg"}, "firstName": "JK", "gender": "male"}, "canonicalUrl": "https://foursquare.com/item/4b7d566870c603bb618592b4", "todo": {"count": 0}, "disagreeCount": 0}, {"logView": true, "lang": "en", "createdAt": 1282450732, "agreeCount": 0, "likes": {"groups": [], "count": 0}, "id": "4c70a52cb3ce224b90bf74c6", "text": "Ample seating. Parking is a killer, esp on weekends.", "type": "user", "user": {"gender": "male", "id": "2295549", "photo": {"prefix": "https://igx.4sqi.net/img/user/", "suffix": "/IMGXSOQSLJOZPRW5.jpg"}, "firstName": "Andy", "lastName": "H"}, "canonicalUrl": "https://foursquare.com/item/4c70a52cb3ce224b90bf74c6", "todo": {"count": 0}, "disagreeCount": 0}, {"logView": true, "lang": "en", "createdAt": 1359859872, "agreeCount": 0, "likes": {"groups": [], "count": 0}, "id": "510dd0a0e4b01a7ac6c00a37", "text": "The parking here sucks especially on the weekends.", "type": "user", "user": {"gender": "male", "id": "19034668", "photo": {"prefix": "https://igx.4sqi.net/img/user/", "suffix": "/4YJX0VDQUNSFLTG1.jpg"}, "firstName": "Doulet Khan", "lastName": "Khaled Johari"}, "canonicalUrl": "https://foursquare.com/item/510dd0a0e4b01a7ac6c00a37", "todo": {"count": 0}, "disagreeCount": 0}, {"logView": true, "lang": "en", "createdAt": 1289746444, "agreeCount": 0, "likes": {"groups": [], "count": 0}, "id": "4cdff80cf8a4a1434393e1bc", "text": "This place is not 24 hours! Don't stay there thinking u can study or chat overnight! Only the drive thru is 24 hours", "type": "user", "user": {"gender": "male", "id": "2974423", "photo": {"prefix": "https://igx.4sqi.net/img/user/", "suffix": "/33J0MBAIGFVYDLNG.jpg"}, "firstName": "Lesnar", "lastName": "Chen"}, "canonicalUrl": "https://foursquare.com/item/4cdff80cf8a4a1434393e1bc", "todo": {"count": 0}, "disagreeCount": 0}, {"authorInteractionType": "liked", "logView": true, "lang": "en", "createdAt": 1467481821, "agreeCount": 0, "likes": {"groups": [], "count": 0}, "id": "5777fedd498e0548e0ee1b5e", "text": "Free wifi!", "type": "user", "user": {"gender": "male", "id": "6526830", "photo": {"prefix": "https://igx.4sqi.net/img/user/", "suffix": "/6526830-E5GYUYB1RHPCEC11.jpg"}, "firstName": "Jan", "lastName": "Sundstr\u00f6m"}, "canonicalUrl": "https://foursquare.com/item/5777fedd498e0548e0ee1b5e", "todo": {"count": 0}, "disagreeCount": 0}, {"logView": true, "lang": "en", "createdAt": 1288191031, "agreeCount": 0, "likes": {"groups": [], "count": 0}, "id": "4cc83c37be874688c32b83af", "text": "Short n sweet service..!", "type": "user", "user": {"gender": "female", "id": "4161214", "photo": {"prefix": "https://igx.4sqi.net/img/user/", "suffix": "/NRQO53D1LVGSHSDZ.jpg"}, "firstName": "Jr", "lastName": "Shariff"}, "canonicalUrl": "https://foursquare.com/item/4cc83c37be874688c32b83af", "todo": {"count": 0}, "disagreeCount": 0}, {"logView": true, "lang": "en", "createdAt": 1403250965, "agreeCount": 0, "likes": {"groups": [], "count": 0}, "id": "53a3e91511d2ac600b20246c", "text": "Terrible and slow service here on most counters especially at mccafe... 3 customers left and they are still on the very first customer...", "type": "user", "user": {"gender": "male", "id": "39334854", "photo": {"prefix": "https://igx.4sqi.net/img/user/", "suffix": "/UEYT200DGQULRIN2.jpg"}, "firstName": "Jason", "lastName": "Chua"}, "canonicalUrl": "https://foursquare.com/item/53a3e91511d2ac600b20246c", "todo": {"count": 0}, "disagreeCount": 0}, {"logView": true, "lang": "en", "createdAt": 1299712841, "agreeCount": 0, "likes": {"groups": [], "count": 0}, "id": "4d780b49fbbc224b4d1a0e32", "text": "Great place to hv your breakfast on weekdays. No crowd. Quiet but cosy.", "type": "user", "user": {"gender": "male", "id": "3595325", "photo": {"prefix": "https://igx.4sqi.net/img/user/", "suffix": "/KSRCLSQ3POOLHEWH.jpg"}, "firstName": "Natural", "lastName": "Raisins"}, "canonicalUrl": "https://foursquare.com/item/4d780b49fbbc224b4d1a0e32", "todo": {"count": 0}, "disagreeCount": 0}, {"logView": true, "lang": "en", "createdAt": 1288181965, "agreeCount": 0, "likes": {"groups": [], "count": 0}, "id": "4cc818cd8c5b236a6c16fd6d", "text": "Try the Mc value meals to fulfill your appetite.", "type": "user", "user": {"gender": "male", "id": "4066313", "photo": {"prefix": "https://igx.4sqi.net/img/user/", "suffix": "/IXF0TH2H3TMZC3SW.jpg"}, "firstName": "Iswan", "lastName": "Mohamed"}, "canonicalUrl": "https://foursquare.com/item/4cc818cd8c5b236a6c16fd6d", "todo": {"count": 0}, "disagreeCount": 0}, {"logView": true, "lang": "en", "createdAt": 1292983230, "agreeCount": 0, "likes": {"groups": [], "count": 0}, "id": "4d115bbee8aff04d3b19711a", "text": "The drive thru is very narrow. Big cars be careful when turning.", "type": "user", "user": {"gender": "male", "id": "5170898", "photo": {"prefix": "https://igx.4sqi.net/img/user/", "suffix": "/S5MPIVCGFBYST5RE.jpg"}, "firstName": "Jeremy", "lastName": "Koh"}, "canonicalUrl": "https://foursquare.com/item/4d115bbee8aff04d3b19711a", "todo": {"count": 0}, "disagreeCount": 0}, {"logView": true, "lang": "en", "createdAt": 1302321838, "agreeCount": 0, "likes": {"groups": [], "count": 0}, "id": "4d9fdaaec41ca143a0293ba3", "text": "Service crew @ Mc Cafe \ue421", "type": "user", "user": {"gender": "female", "id": "5128995", "photo": {"prefix": "https://igx.4sqi.net/img/user/", "suffix": "/OTDE44IG55CMQQVB.jpg"}, "firstName": "Jas", "lastName": "L"}, "canonicalUrl": "https://foursquare.com/item/4d9fdaaec41ca143a0293ba3", "todo": {"count": 0}, "disagreeCount": 0}, {"logView": true, "lang": "en", "createdAt": 1295948432, "agreeCount": 0, "likes": {"groups": [], "count": 0}, "id": "4d3e9a90d2c8f04d5d427472", "text": "After a gd exercise n swimming if u feel hungry there's always a 7-11 and mac", "type": "user", "user": {"gender": "male", "id": "1283735", "photo": {"prefix": "https://igx.4sqi.net/img/user/", "suffix": "/H3ALQNI4RLZLHDEC.jpg"}, "firstName": "Fairul", "lastName": "Mohamad"}, "canonicalUrl": "https://foursquare.com/item/4d3e9a90d2c8f04d5d427472", "todo": {"count": 0}, "disagreeCount": 0}, {"logView": true, "lang": "pl", "createdAt": 1364660991, "agreeCount": 0, "likes": {"groups": [], "count": 0}, "id": "515712ffe4b0c70f556b8bd0", "text": "Cozy place...", "type": "user", "user": {"gender": "male", "id": "48246219", "photo": {"prefix": "https://igx.4sqi.net/img/user/", "suffix": "/O100ZVP2VKKU3R3U.jpg"}, "firstName": "Nino", "lastName": "Cortes"}, "canonicalUrl": "https://foursquare.com/item/515712ffe4b0c70f556b8bd0", "todo": {"count": 0}, "disagreeCount": 0}, {"logView": true, "lang": "en", "createdAt": 1291426510, "agreeCount": 0, "likes": {"groups": [], "count": 0}, "id": "4cf99ace084f548168277609", "text": "love the layout and space. ample seats.", "type": "user", "user": {"gender": "female", "id": "3366458", "photo": {"prefix": "https://igx.4sqi.net/img/user/", "suffix": "/SRGBMELPYV5Q4VNX.jpg"}, "firstName": "Zairina", "lastName": "M Zen"}, "canonicalUrl": "https://foursquare.com/item/4cf99ace084f548168277609", "todo": {"count": 0}, "disagreeCount": 0}, {"logView": true, "lang": "en", "createdAt": 1302321786, "agreeCount": 0, "likes": {"groups": [], "count": 0}, "id": "4d9fda7a58c2224b4a534679", "text": "New Oreo frappe is not bad but servic", "type": "user", "user": {"gender": "female", "id": "5128995", "photo": {"prefix": "https://igx.4sqi.net/img/user/", "suffix": "/OTDE44IG55CMQQVB.jpg"}, "firstName": "Jas", "lastName": "L"}, "canonicalUrl": "https://foursquare.com/item/4d9fda7a58c2224b4a534679", "todo": {"count": 0}, "disagreeCount": 0}, {"logView": true, "lang": "en", "createdAt": 1290639773, "agreeCount": 0, "likes": {"groups": [], "count": 0}, "id": "4ced999d7db3224b9001232e", "text": "Drive through rocks", "type": "user", "user": {"gender": "male", "id": "4838213", "photo": {"prefix": "https://igx.4sqi.net/img/user/", "suffix": "/4VXI15YJ3YOHAGWQ.jpg"}, "firstName": "Howie", "lastName": "Yan"}, "canonicalUrl": "https://foursquare.com/item/4ced999d7db3224b9001232e", "todo": {"count": 0}, "disagreeCount": 0}, {"logView": true, "lang": "en", "createdAt": 1298788518, "agreeCount": 0, "likes": {"groups": [], "count": 0}, "id": "4d69f0a667a8f04d246814be", "text": "Got summoned.", "type": "user", "user": {"gender": "female", "id": "4778296", "photo": {"prefix": "https://igx.4sqi.net/img/user/", "suffix": "/QWGR5OKMKEEKIB00.jpg"}, "firstName": "Angie", "lastName": "Ng"}, "canonicalUrl": "https://foursquare.com/item/4d69f0a667a8f04d246814be", "todo": {"count": 0}, "disagreeCount": 0}, {"logView": true, "lang": "en", "createdAt": 1303535225, "agreeCount": 0, "likes": {"groups": [], "count": 0}, "id": "4db25e79043733cda523e9d4", "text": "Meeting ~", "type": "user", "user": {"id": "4997009", "photo": {"prefix": "https://igx.4sqi.net/img/user/", "suffix": "/HC5251QDMKHENCBP.jpg"}, "firstName": "Glennyuen", "gender": "male"}, "canonicalUrl": "https://foursquare.com/item/4db25e79043733cda523e9d4", "todo": {"count": 0}, "disagreeCount": 0}, {"logView": true, "lang": "en", "createdAt": 1316220920, "agreeCount": 0, "likes": {"groups": [], "count": 0}, "id": "4e73eff8fa76059700549b1f", "text": "Better check your order before driving off. Either they don't give you the required condiments, or they get the orders wrong!!!", "type": "user", "user": {"gender": "male", "id": "5485688", "photo": {"prefix": "https://igx.4sqi.net/img/user/", "suffix": "/5485688-PMWIZNOGNDPGPA1I.jpg"}, "firstName": "Vincent", "lastName": "A"}, "canonicalUrl": "https://foursquare.com/item/4e73eff8fa76059700549b1f", "todo": {"count": 0}, "disagreeCount": 0}, {"authorInteractionType": "liked", "logView": true, "lang": "en", "createdAt": 1330654020, "agreeCount": 0, "likes": {"groups": [], "count": 0}, "id": "4f502b44e4b07d8c87aa4fc1", "text": "Have your coffee fix here!", "type": "user", "user": {"gender": "female", "id": "4418066", "photo": {"prefix": "https://igx.4sqi.net/img/user/", "suffix": "/4418066-BO13J33O3KRUDREP.jpg"}, "firstName": "Jacqueline", "lastName": "Kwek"}, "canonicalUrl": "https://foursquare.com/item/4f502b44e4b07d8c87aa4fc1", "todo": {"count": 0}, "disagreeCount": 0}, {"logView": true, "lang": "en", "createdAt": 1396304582, "agreeCount": 0, "likes": {"groups": [], "count": 0}, "id": "5339eac6498e0a96268bf49b", "text": "Near swimming pool. And there's water play @the pool. Gd for family outings.", "type": "user", "user": {"gender": "male", "id": "7539312", "photo": {"prefix": "https://igx.4sqi.net/img/user/", "suffix": "/7539312-N2EFISHDQNZIP3VM.jpg"}, "firstName": "hashim", "lastName": "suhadi"}, "canonicalUrl": "https://foursquare.com/item/5339eac6498e0a96268bf49b", "todo": {"count": 0}, "disagreeCount": 0}, {"logView": true, "lang": "en", "createdAt": 1270963767, "agreeCount": 2, "likes": {"groups": [{"items": [{"gender": "male", "id": "4861741", "photo": {"prefix": "https://igx.4sqi.net/img/user/", "suffix": "/4861741-2NVUXAT2JV5CR3EB"}, "firstName": "Siang Hwee", "lastName": "Foo"}, {"gender": "male", "id": "47592493", "photo": {"prefix": "https://igx.4sqi.net/img/user/", "suffix": "/47592493-MV5ARK2QXSTBH2NM.jpg"}, "firstName": "Filbert", "lastName": "Lam"}], "count": 2, "type": "others"}], "summary": "2 likes", "count": 2}, "id": "4bc15e3770c603bb7e7597b4", "text": "Love the drive-thru here! Slowly fattening the Sengkangians!", "type": "user", "user": {"gender": "female", "id": "585541", "photo": {"prefix": "https://igx.4sqi.net/img/user/", "suffix": "/E0THUGS1CKRFU10H.jpg"}, "firstName": "Sheena", "lastName": "Chan"}, "canonicalUrl": "https://foursquare.com/item/4bc15e3770c603bb7e7597b4", "todo": {"count": 0}, "disagreeCount": 0}, {"logView": true, "lang": "en", "createdAt": 1323956760, "agreeCount": 0, "likes": {"groups": [], "count": 0}, "id": "4ee9fa1861aff2afce219863", "text": "Parking is not free here!", "type": "user", "user": {"id": "4779145", "photo": {"prefix": "https://igx.4sqi.net/img/user/", "suffix": "/WEHYDZTLERDKQEXD.jpg"}, "firstName": "Alvin", "gender": "male"}, "canonicalUrl": "https://foursquare.com/item/4ee9fa1861aff2afce219863", "todo": {"count": 0}, "disagreeCount": 0}, {"logView": true, "lang": "en", "createdAt": 1279886413, "agreeCount": 0, "likes": {"groups": [], "count": 0}, "id": "4c49844da3ace21ecbfab23b", "text": "More parking space please!!", "type": "user", "user": {"gender": "female", "id": "1882924", "photo": {"prefix": "https://igx.4sqi.net/img/user/", "suffix": "/TDCQBMDJUEAVGOSN.jpg"}, "firstName": "Poppy", "lastName": "Love"}, "canonicalUrl": "https://foursquare.com/item/4c49844da3ace21ecbfab23b", "todo": {"count": 1}, "disagreeCount": 0}, {"logView": true, "lang": "en", "createdAt": 1299994411, "agreeCount": 0, "likes": {"groups": [], "count": 0}, "id": "4d7c572bffce2d4384fc8f3c", "text": "Mac here should have open 24Hrs.", "type": "user", "user": {"id": "4779145", "photo": {"prefix": "https://igx.4sqi.net/img/user/", "suffix": "/WEHYDZTLERDKQEXD.jpg"}, "firstName": "Alvin", "gender": "male"}, "canonicalUrl": "https://foursquare.com/item/4d7c572bffce2d4384fc8f3c", "todo": {"count": 0}, "disagreeCount": 0}, {"logView": true, "lang": "en", "createdAt": 1296746741, "agreeCount": 0, "likes": {"groups": [], "count": 0}, "id": "4d4ac8f57d36f04df0181fe5", "text": "Love the fact that e Mac & e 7-eleven are open for 24 hrs!t", "type": "user", "user": {"gender": "male", "id": "5020392", "photo": {"prefix": "https://igx.4sqi.net/img/user/", "suffix": "/3LBIZUXLBKDHYZNO.jpg"}, "firstName": "Chye Long", "lastName": "Yang"}, "canonicalUrl": "https://foursquare.com/item/4d4ac8f57d36f04df0181fe5", "todo": {"count": 0}, "disagreeCount": 0}, {"logView": true, "lang": "en", "photo": {"id": "540121d4498edcb21a4b5100", "visibility": "public", "source": {"name": "Foursquare for Android", "url": "https://foursquare.com/download/#/android"}, "suffix": "/16546128_-Cw2nyV-VsrBvFVweeCJfFcnWukPeIY5Jnq3AuJYQcc.jpg", "createdAt": 1409360340, "prefix": "https://igx.4sqi.net/img/general/", "width": 960, "height": 639}, "createdAt": 1409360338, "todo": {"count": 0}, "agreeCount": 0, "likes": {"groups": [], "count": 0}, "id": "540121d2498ef788117441c4", "text": "It's a nice place for family breakfast .... Right ?!!", "disagreeCount": 0, "user": {"gender": "male", "id": "16546128", "photo": {"prefix": "https://igx.4sqi.net/img/user/", "suffix": "/CTJNDWJOJ1HOBN4L.jpg"}, "firstName": "Alex", "lastName": "Ho"}, "canonicalUrl": "https://foursquare.com/item/540121d2498ef788117441c4", "type": "user", "photourl": "https://igx.4sqi.net/img/general/original/16546128_-Cw2nyV-VsrBvFVweeCJfFcnWukPeIY5Jnq3AuJYQcc.jpg"}, {"logView": true, "lang": "en", "createdAt": 1328271883, "agreeCount": 0, "likes": {"groups": [], "count": 0}, "id": "4f2bd20be4b0aa4f6c9a447b", "text": "No more 7-11 here!", "type": "user", "user": {"id": "4779145", "photo": {"prefix": "https://igx.4sqi.net/img/user/", "suffix": "/WEHYDZTLERDKQEXD.jpg"}, "firstName": "Alvin", "gender": "male"}, "canonicalUrl": "https://foursquare.com/item/4f2bd20be4b0aa4f6c9a447b", "todo": {"count": 0}, "disagreeCount": 0}, {"logView": true, "lang": "en", "createdAt": 1410229962, "agreeCount": 0, "likes": {"groups": [], "count": 0}, "id": "540e66ca498ea2adba80c389", "text": "\"Would you like that drink in regular or medium?\"\"Have you guys heard of these words: 'small', ''large', and 'annoyingly synonymous'?\"", "type": "user", "user": {"id": "109897", "photo": {"prefix": "https://igx.4sqi.net/img/user/", "suffix": "/1AGEFZ5053DJLMIQ.jpg"}, "firstName": "yjsoon", "gender": "male"}, "canonicalUrl": "https://foursquare.com/item/540e66ca498ea2adba80c389", "todo": {"count": 0}, "disagreeCount": 0}, {"logView": true, "lang": "en", "createdAt": 1293895987, "agreeCount": 0, "likes": {"groups": [], "count": 0}, "id": "4d1f4933bdd7a0930297e4ce", "text": "one lousy toilet far away. think they close the nearby toilets after xx.xxpm. wtf.", "type": "user", "user": {"gender": "male", "id": "138834", "photo": {"prefix": "https://igx.4sqi.net/img/user/", "suffix": "/138834-3WYPLZN22DBGUE5Z.jpg"}, "firstName": "Julian", "lastName": "Lim"}, "canonicalUrl": "https://foursquare.com/item/4d1f4933bdd7a0930297e4ce", "todo": {"count": 0}, "disagreeCount": 0}, {"logView": true, "lang": "en", "createdAt": 1321781742, "agreeCount": 0, "likes": {"groups": [], "count": 0}, "id": "4ec8c9eef79041351e4d990e", "text": "Try the new McCafe Caramel Machiato with Mc Fries you will love it... The baristas take pride in your coffee ;-)", "type": "user", "user": {"gender": "male", "id": "5339986", "photo": {"prefix": "https://igx.4sqi.net/img/user/", "suffix": "/5339986-GZSQT3QYE3L2WDUE.jpg"}, "firstName": "Zorba", "lastName": "Tamangen"}, "canonicalUrl": "https://foursquare.com/item/4ec8c9eef79041351e4d990e", "todo": {"count": 0}, "disagreeCount": 0}, {"logView": true, "lang": "en", "createdAt": 1311395683, "agreeCount": 0, "likes": {"groups": [], "count": 0}, "id": "4e2a4f6362e144b5d3a084db", "text": "The drive-thru here is the slowest I've ever encountered!", "type": "user", "user": {"gender": "male", "id": "7900288", "photo": {"prefix": "https://igx.4sqi.net/img/user/", "suffix": "/2XL5SNPZKWFQBDAK.jpg"}, "firstName": "Matthew", "lastName": "A"}, "canonicalUrl": "https://foursquare.com/item/4e2a4f6362e144b5d3a084db", "todo": {"count": 0}, "disagreeCount": 0}, {"logView": true, "lang": "en", "createdAt": 1297594154, "agreeCount": 0, "likes": {"groups": [], "count": 0}, "id": "4d57b72ade8f6dcb9a710291", "text": "The counter staff work very slowly here!", "type": "user", "user": {"gender": "male", "id": "5506307", "photo": {"prefix": "https://igx.4sqi.net/img/user/", "suffix": "/IKXXIRO03OF32HBF.jpg"}, "firstName": "Joseph", "lastName": "Wei"}, "canonicalUrl": "https://foursquare.com/item/4d57b72ade8f6dcb9a710291", "todo": {"count": 0}, "disagreeCount": 0}, {"logView": true, "lang": "en", "createdAt": 1296746739, "agreeCount": 0, "likes": {"groups": [], "count": 0}, "id": "4d4ac8f35241236a5f4d8304", "text": "Love the fact that e Mac & e 7-eleven are open for 24 hrs!", "type": "user", "user": {"gender": "male", "id": "5020392", "photo": {"prefix": "https://igx.4sqi.net/img/user/", "suffix": "/3LBIZUXLBKDHYZNO.jpg"}, "firstName": "Chye Long", "lastName": "Yang"}, "canonicalUrl": "https://foursquare.com/item/4d4ac8f35241236a5f4d8304", "todo": {"count": 0}, "disagreeCount": 0}, {"logView": true, "lang": "en", "createdAt": 1303630627, "agreeCount": 0, "likes": {"groups": [], "count": 0}, "id": "4db3d32381543d71da398ca3", "text": "Good place to study or do your own stuff, a quiet and spacious place.", "type": "user", "user": {"gender": "male", "id": "1868969", "photo": {"prefix": "https://igx.4sqi.net/img/user/", "suffix": "/1KAJI3YLTVANDEIA.jpg"}, "firstName": "Alvin", "lastName": "Wong"}, "canonicalUrl": "https://foursquare.com/item/4db3d32381543d71da398ca3", "todo": {"count": 0}, "disagreeCount": 0}], "count": 40}}}