{"meta": {"code": 200, "requestId": "595a4f9e9fb6b77b79b49fba"}, "response": {"tips": {"items": [{"logView": true, "lang": "en", "createdAt": 1364966324, "agreeCount": 0, "likes": {"groups": [], "count": 0}, "id": "515bbbb4e4b0359a15ad07bc", "text": "The Muslim stall at the far end has the best ingredients eaten w rice \u263a", "type": "user", "user": {"gender": "male", "id": "49000277", "photo": {"prefix": "https://igx.4sqi.net/img/user/", "suffix": "/243OTOG1K00HE3A5.jpg"}, "firstName": "Faiz", "lastName": "Smadi"}, "canonicalUrl": "https://foursquare.com/item/515bbbb4e4b0359a15ad07bc", "todo": {"count": 0}, "disagreeCount": 0}, {"logView": true, "lang": "en", "createdAt": 1307851055, "agreeCount": 1, "likes": {"groups": [{"items": [{"gender": "male", "id": "368939", "photo": {"prefix": "https://igx.4sqi.net/img/user/", "suffix": "/OHA0XRX333431ZED.jpg"}, "firstName": "Garry", "lastName": "Goh"}], "count": 1, "type": "others"}], "summary": "1 like", "count": 1}, "id": "4df4392f1f6e818dae03b85d", "text": "Penang kuey teow & Penang laksa sold here! Gd food!", "type": "user", "user": {"id": "3612488", "photo": {"prefix": "https://igx.4sqi.net/img/user/", "suffix": "/3612488-EKY0JMT1PFTR5AH1.jpg"}, "firstName": "Badderflyy", "gender": "female"}, "canonicalUrl": "https://foursquare.com/item/4df4392f1f6e818dae03b85d", "todo": {"count": 0}, "disagreeCount": 0}, {"logView": true, "lang": "en", "createdAt": 1338151966, "agreeCount": 1, "likes": {"groups": [{"items": [{"gender": "male", "id": "3187293", "photo": {"prefix": "https://igx.4sqi.net/img/user/", "suffix": "/VIPS5ZMQSI4Y2QPF.jpg"}, "firstName": "JunHan", "lastName": "Yee"}], "count": 1, "type": "others"}], "summary": "1 like", "count": 1}, "id": "4fc2941ee4b00f3597c82cda", "text": "*takenote ! -----> 28may2012 springcleaning !", "type": "user", "user": {"id": "4315419", "photo": {"prefix": "https://igx.4sqi.net/img/user/", "suffix": "/4315419-K1IFGNFOTVKRRJZB.jpg"}, "firstName": "Peiyu", "gender": "female"}, "canonicalUrl": "https://foursquare.com/item/4fc2941ee4b00f3597c82cda", "todo": {"count": 0}, "disagreeCount": 0}, {"logView": true, "lang": "en", "createdAt": 1325105715, "agreeCount": 0, "likes": {"groups": [], "count": 0}, "id": "4efb82339a52109188bc06af", "text": "Makan! Breakfast,wohoo~", "type": "user", "user": {"gender": "male", "id": "11959063", "photo": {"prefix": "https://igx.4sqi.net/img/user/", "suffix": "/GNXURCDEAX0ASGQK.jpg"}, "firstName": "YangJie", "lastName": "Salvatore"}, "canonicalUrl": "https://foursquare.com/item/4efb82339a52109188bc06af", "todo": {"count": 0}, "disagreeCount": 0}, {"logView": true, "lang": "en", "createdAt": 1393560186, "agreeCount": 0, "likes": {"groups": [], "count": 0}, "id": "53100a7a498e8d8ed380b734", "text": "Bak kut teh is good", "type": "user", "user": {"gender": "male", "id": "76255043", "photo": {"prefix": "https://igx.4sqi.net/img/user/", "suffix": "/76255043-PSKETVK335UTC1N3.jpg"}, "firstName": "Dennis", "lastName": "Tay"}, "canonicalUrl": "https://foursquare.com/item/53100a7a498e8d8ed380b734", "todo": {"count": 0}, "disagreeCount": 0}, {"logView": true, "lang": "en", "createdAt": 1271612237, "agreeCount": 3, "likes": {"groups": [{"items": [{"gender": "male", "id": "368939", "photo": {"prefix": "https://igx.4sqi.net/img/user/", "suffix": "/OHA0XRX333431ZED.jpg"}, "firstName": "Garry", "lastName": "Goh"}, {"gender": "male", "id": "536955", "photo": {"prefix": "https://igx.4sqi.net/img/user/", "suffix": "/536955-0I3H0I3PWX4OO1AB.jpg"}, "firstName": "Wen", "lastName": "Huang"}], "count": 3, "type": "others"}], "summary": "3 likes", "count": 3}, "id": "4bcb434d70c603bb7a5398b4", "text": "There's 2 bak kut teh stalls here that's famous. Different styles too. Light and dark. The pork trotter is something you must try. Only from the light side.", "type": "user", "user": {"gender": "male", "id": "766601", "photo": {"prefix": "https://igx.4sqi.net/img/user/", "suffix": "/GKWKGP1CXMEOY1QT.jpg"}, "firstName": "^_^", "lastName": "Ee"}, "canonicalUrl": "https://foursquare.com/item/4bcb434d70c603bb7a5398b4", "todo": {"count": 1}, "disagreeCount": 0}, {"logView": true, "lang": "en", "createdAt": 1295057608, "agreeCount": 0, "likes": {"groups": [], "count": 0}, "id": "4d3102c8c75a6ea84d3200ae", "text": "Lai Heng Handmade Teochew Kueh is great :)", "type": "user", "user": {"gender": "female", "id": "5049404", "photo": {"prefix": "https://igx.4sqi.net/img/user/", "suffix": "/ATW25MV0GIIM3SLR.jpg"}, "firstName": "Bernadine", "lastName": "Lye"}, "canonicalUrl": "https://foursquare.com/item/4d3102c8c75a6ea84d3200ae", "todo": {"count": 1}, "disagreeCount": 1}, {"logView": true, "lang": "en", "createdAt": 1407117347, "agreeCount": 0, "likes": {"groups": [], "count": 0}, "id": "53dee823498e2c1a0e2802d7", "text": "Get your coffee fix at Nan Feng Coffee Stall. Best coffee stall in the area.", "type": "user", "user": {"id": "2416267", "photo": {"prefix": "https://igx.4sqi.net/img/user/", "suffix": "/2416267_KucjsQEM_ScdU_2QSQAUHuzKmBVwkJjI1N_g1HGztwHiU1HR99IuZBaOJaUm2PG-HS1b9ZtFJ.jpg"}, "firstName": "Songhua", "gender": "male"}, "canonicalUrl": "https://foursquare.com/item/53dee823498e2c1a0e2802d7", "todo": {"count": 0}, "disagreeCount": 0}, {"authorInteractionType": "liked", "logView": true, "lang": "en", "createdAt": 1265671371, "agreeCount": 0, "likes": {"groups": [], "count": 0}, "id": "4b709ccb70c603bb3ed091b4", "text": "Nan Feng coffee stall serve nice kopi-o", "type": "user", "user": {"gender": "male", "id": "368939", "photo": {"prefix": "https://igx.4sqi.net/img/user/", "suffix": "/OHA0XRX333431ZED.jpg"}, "firstName": "Garry", "lastName": "Goh"}, "canonicalUrl": "https://foursquare.com/item/4b709ccb70c603bb3ed091b4", "todo": {"count": 0}, "disagreeCount": 0}, {"logView": true, "lang": "en", "createdAt": 1390703819, "agreeCount": 0, "likes": {"groups": [], "count": 0}, "id": "52e474cb498ea1687a4235a4", "text": "Bak kut teh that is not too bad @ hua xing bak kut teh", "type": "user", "user": {"gender": "male", "id": "66499541", "photo": {"prefix": "https://igx.4sqi.net/img/user/", "default": true, "suffix": "/blank_boy.png"}, "firstName": "Daryl", "lastName": "Lim"}, "canonicalUrl": "https://foursquare.com/item/52e474cb498ea1687a4235a4", "todo": {"count": 0}, "disagreeCount": 0}, {"logView": true, "lang": "en", "createdAt": 1312618284, "agreeCount": 0, "likes": {"groups": [], "count": 0}, "id": "4e3cf72c18a83d5b283de3b3", "text": "Try the soya bean drink and pancake. Good for breakfast + is cheap", "type": "user", "user": {"gender": "male", "id": "8968482", "photo": {"prefix": "https://igx.4sqi.net/img/user/", "suffix": "/ITH3V4HBZTZBPAKE.jpg"}, "firstName": "Gary", "lastName": "Loo"}, "canonicalUrl": "https://foursquare.com/item/4e3cf72c18a83d5b283de3b3", "todo": {"count": 0}, "disagreeCount": 0}, {"logView": true, "lang": "en", "createdAt": 1398600711, "agreeCount": 0, "likes": {"groups": [], "count": 0}, "id": "535cf40711d263e074268f2c", "text": "Chicken rice is nice. (Boneless chicken)", "type": "user", "user": {"gender": "male", "id": "4974222", "photo": {"prefix": "https://igx.4sqi.net/img/user/", "suffix": "/WYQCMR1VL0FO4JGQ.jpg"}, "firstName": "Darshan", "lastName": "Rahul"}, "canonicalUrl": "https://foursquare.com/item/535cf40711d263e074268f2c", "todo": {"count": 0}, "disagreeCount": 0}, {"logView": true, "lang": "en", "createdAt": 1334377072, "agreeCount": 0, "likes": {"groups": [], "count": 0}, "id": "4f88fa70e4b03a0f25077ab4", "text": "Must try Shun Fa Fresh Fruit Juice #01-184. Fresh and cheap :D", "type": "user", "user": {"gender": "male", "id": "24857654", "photo": {"prefix": "https://igx.4sqi.net/img/user/", "suffix": "/4GICQG011J3JFVSM.jpg"}, "firstName": "Ann", "lastName": "Soon"}, "canonicalUrl": "https://foursquare.com/item/4f88fa70e4b03a0f25077ab4", "todo": {"count": 0}, "disagreeCount": 0}, {"logView": true, "lang": "en", "createdAt": 1302580957, "agreeCount": 0, "likes": {"groups": [], "count": 0}, "id": "4da3ceddbf22a143d196d0f8", "text": "Must eat Xing Yun Han Chicken!", "type": "user", "user": {"gender": "female", "id": "7304238", "photo": {"prefix": "https://igx.4sqi.net/img/user/", "suffix": "/CXDNSRKAY0PWNU0K.jpg"}, "firstName": "ShiQi", "lastName": "Chua"}, "canonicalUrl": "https://foursquare.com/item/4da3ceddbf22a143d196d0f8", "todo": {"count": 0}, "disagreeCount": 0}, {"logView": true, "lang": "en", "createdAt": 1293937718, "agreeCount": 1, "likes": {"groups": [{"items": [{"gender": "male", "id": "536955", "photo": {"prefix": "https://igx.4sqi.net/img/user/", "suffix": "/536955-0I3H0I3PWX4OO1AB.jpg"}, "firstName": "Wen", "lastName": "Huang"}], "count": 1, "type": "others"}], "summary": "1 like", "count": 1}, "id": "4d1fec366e8c370454cbf49f", "text": "Hua xing's bak ku teh is nice! Usually the food finish before 12 noon! :O", "type": "user", "user": {"gender": "female", "id": "3389523", "photo": {"prefix": "https://igx.4sqi.net/img/user/", "suffix": "/WAMSD5ICQU2QS5MS.jpg"}, "firstName": "Michelle", "lastName": "Chua"}, "canonicalUrl": "https://foursquare.com/item/4d1fec366e8c370454cbf49f", "todo": {"count": 0}, "disagreeCount": 0}, {"logView": true, "lang": "en", "photo": {"id": "54349736498e37aff7abc068", "visibility": "public", "source": {"name": "Foursquare for iOS", "url": "https://foursquare.com/download/#/iphone"}, "suffix": "/45512403_x-hAIy_hH5zTagitzlknWbdnm4b0J9gkWWurVLuT01w.jpg", "createdAt": 1412732726, "prefix": "https://igx.4sqi.net/img/general/", "width": 960, "height": 720}, "createdAt": 1412732718, "todo": {"count": 0}, "agreeCount": 0, "likes": {"groups": [], "count": 0}, "id": "5434972e498e2166c1ffcf24", "text": "\"AHGUGU APPARELS\".          Opening hours:8am-2pm,Every Monday Close.Free Visit Me:)", "disagreeCount": 0, "user": {"gender": "female", "id": "45512403", "photo": {"prefix": "https://igx.4sqi.net/img/user/", "suffix": "/45512403-UQK4RQOOYZXTWVI3.jpg"}, "firstName": "Christina", "lastName": "Lingling"}, "canonicalUrl": "https://foursquare.com/item/5434972e498e2166c1ffcf24", "type": "user", "photourl": "https://igx.4sqi.net/img/general/original/45512403_x-hAIy_hH5zTagitzlknWbdnm4b0J9gkWWurVLuT01w.jpg"}, {"logView": true, "lang": "en", "createdAt": 1291605521, "agreeCount": 0, "likes": {"groups": [], "count": 0}, "id": "4cfc5611c51fa1cd0694eb2b", "text": "The vegetarian food @stall 195 is good! Great variety", "type": "user", "user": {"gender": "male", "id": "4469064", "photo": {"prefix": "https://igx.4sqi.net/img/user/", "suffix": "/DO0FTH5XG5TJG4ZB.jpg"}, "firstName": "Kenny", "lastName": "Ng"}, "canonicalUrl": "https://foursquare.com/item/4cfc5611c51fa1cd0694eb2b", "todo": {"count": 0}, "disagreeCount": 0}, {"logView": true, "lang": "en", "createdAt": 1307850503, "agreeCount": 1, "likes": {"groups": [{"items": [], "count": 1, "type": "others"}], "summary": "1 like", "count": 1}, "id": "4df4370718386ecb4e337d1c", "text": "Queue for the fried dough sticks 'you tiao' or 'yucharkuay'. It's warm, freshly fried, and not too salty. Enjoy it with a hot cup of kopi!", "type": "user", "user": {"id": "3967551", "photo": {"prefix": "https://igx.4sqi.net/img/user/", "suffix": "/3967551-FTQGUKO5ERUD3TSD.jpg"}, "firstName": "Siang", "gender": "male"}, "canonicalUrl": "https://foursquare.com/item/4df4370718386ecb4e337d1c", "todo": {"count": 0}, "disagreeCount": 0}, {"logView": true, "lang": "en", "createdAt": 1284874016, "agreeCount": 0, "likes": {"groups": [], "count": 0}, "id": "4c959f2058d4b60ccd713429", "text": "Joo Siah Bak Kut Teh, free refill of soup.", "type": "user", "user": {"gender": "male", "id": "3187293", "photo": {"prefix": "https://igx.4sqi.net/img/user/", "suffix": "/VIPS5ZMQSI4Y2QPF.jpg"}, "firstName": "JunHan", "lastName": "Yee"}, "canonicalUrl": "https://foursquare.com/item/4c959f2058d4b60ccd713429", "todo": {"count": 0}, "disagreeCount": 0}, {"logView": true, "lang": "en", "createdAt": 1275278357, "agreeCount": 2, "likes": {"groups": [{"items": [{"gender": "male", "id": "22008247", "photo": {"prefix": "https://igx.4sqi.net/img/user/", "suffix": "/FYFBQGU4BGXRSMZJ.jpg"}, "firstName": "Cris", "lastName": "Landrito"}, {"gender": "male", "id": "368939", "photo": {"prefix": "https://igx.4sqi.net/img/user/", "suffix": "/OHA0XRX333431ZED.jpg"}, "firstName": "Garry", "lastName": "Goh"}], "count": 2, "type": "others"}], "summary": "2 likes", "count": 2}, "id": "4c03341570c603bb1bb79db4", "text": "Xing yun hainanese boneless chicken rice is argubly one of the best there is in Singapore. Period. Try it and you will never be the same again!", "type": "user", "user": {"gender": "male", "id": "1355060", "photo": {"prefix": "https://igx.4sqi.net/img/user/", "suffix": "/FRI5OKUFZJREPWAC.jpg"}, "firstName": "Melvin", "lastName": "Cheng"}, "canonicalUrl": "https://foursquare.com/item/4c03341570c603bb1bb79db4", "todo": {"count": 1}, "disagreeCount": 0}, {"logView": true, "lang": "en", "createdAt": 1293256308, "agreeCount": 0, "likes": {"groups": [], "count": 0}, "id": "4d1586746d103704cd862abd", "text": "Super nice prawn Mee @ $2.50 only.", "type": "user", "user": {"gender": "male", "id": "5130547", "photo": {"prefix": "https://igx.4sqi.net/img/user/", "suffix": "/HWGTX5W52DU2GO34.jpg"}, "firstName": "Dennis", "lastName": "Yee"}, "canonicalUrl": "https://foursquare.com/item/4d1586746d103704cd862abd", "todo": {"count": 0}, "disagreeCount": 0}, {"logView": true, "lang": "en", "photo": {"id": "542a651f498e8ef78237c084", "visibility": "public", "source": {"name": "Foursquare for iOS", "url": "https://foursquare.com/download/#/iphone"}, "suffix": "/94286115_CCQVOEtz_G8eMROjQtqP7LYa8mTMJzTyacAnD0zks5E.jpg", "createdAt": 1412064543, "prefix": "https://igx.4sqi.net/img/general/", "width": 720, "height": 960}, "createdAt": 1412064538, "todo": {"count": 0}, "agreeCount": 0, "likes": {"groups": [], "count": 0}, "id": "542a651a498e4044bf0d5cc8", "text": "Chocolate ice kachang?! It tastes good when you're really thirsty on a hot day.", "disagreeCount": 0, "user": {"gender": "female", "id": "94286115", "photo": {"prefix": "https://igx.4sqi.net/img/user/", "suffix": "/94286115-ODWZ4A4YQ35IWREF.jpg"}, "firstName": "Rachel", "lastName": "Andrea"}, "canonicalUrl": "https://foursquare.com/item/542a651a498e4044bf0d5cc8", "type": "user", "photourl": "https://igx.4sqi.net/img/general/original/94286115_CCQVOEtz_G8eMROjQtqP7LYa8mTMJzTyacAnD0zks5E.jpg"}, {"logView": true, "lang": "en", "createdAt": 1379777557, "agreeCount": 0, "likes": {"groups": [], "count": 0}, "id": "523dbc15498e698431c13a85", "text": "Got La Che noodle store here. Rare!", "type": "user", "user": {"gender": "male", "id": "10418729", "photo": {"prefix": "https://igx.4sqi.net/img/user/", "suffix": "/HAO0EHLBMUQRRDLA.jpg"}, "firstName": "Jared", "lastName": "Yeo"}, "canonicalUrl": "https://foursquare.com/item/523dbc15498e698431c13a85", "todo": {"count": 0}, "disagreeCount": 0}, {"logView": true, "lang": "en", "createdAt": 1418299403, "agreeCount": 1, "likes": {"groups": [{"items": [], "count": 1, "type": "others"}], "summary": "1 like", "count": 1}, "id": "5489880b498e2881c0329b1c", "text": "Pho Lee Hung #01-225 great viet in hawker centre", "type": "user", "user": {"gender": "female", "id": "6020569", "photo": {"prefix": "https://igx.4sqi.net/img/user/", "suffix": "/6020569-H2XC5XSPG2NSAWRT.jpg"}, "firstName": "Vanessa", "lastName": "Quek"}, "canonicalUrl": "https://foursquare.com/item/5489880b498e2881c0329b1c", "todo": {"count": 0}, "disagreeCount": 0}, {"logView": true, "lang": "en", "createdAt": 1293082630, "agreeCount": 1, "likes": {"groups": [{"items": [{"gender": "female", "id": "50236392", "photo": {"prefix": "https://igx.4sqi.net/img/user/", "suffix": "/50236392-KHX40J55YUGXS1CU.jpg"}, "firstName": "Shufei's", "lastName": "Impresionante"}], "count": 1, "type": "others"}], "summary": "1 like", "count": 1}, "id": "4d12e006957fa1cd3a6a719f", "text": "Try the laksa!! Nice n cheap", "type": "user", "user": {"gender": "male", "id": "5172747", "photo": {"prefix": "https://igx.4sqi.net/img/user/", "suffix": "/2M4IYCGP1VNQNPYQ.jpg"}, "firstName": "Dantez", "lastName": "Lum"}, "canonicalUrl": "https://foursquare.com/item/4d12e006957fa1cd3a6a719f", "todo": {"count": 0}, "disagreeCount": 0}, {"authorInteractionType": "liked", "logView": true, "lang": "en", "createdAt": 1423276617, "agreeCount": 2, "likes": {"groups": [{"items": [{"gender": "male", "id": "231366", "photo": {"prefix": "https://igx.4sqi.net/img/user/", "suffix": "/231366-Q2ZSAEF50GYUXPDA.jpg"}, "firstName": "Cheen", "lastName": "The Curious"}], "count": 2, "type": "others"}], "summary": "2 likes", "count": 2}, "id": "54d57a49498ed115236d1839", "text": "Recommended food: joo Siah bak kut Teh, teochew handmade kueh, penang laksa & char Kway tiao, chicken rice", "type": "user", "user": {"id": "223260", "photo": {"prefix": "https://igx.4sqi.net/img/user/", "suffix": "/223260-2QXYO2EZWMVBVSR1.jpg"}, "firstName": "Sengaporean", "gender": "female"}, "canonicalUrl": "https://foursquare.com/item/54d57a49498ed115236d1839", "todo": {"count": 0}, "disagreeCount": 0}, {"logView": true, "lang": "en", "photo": {"id": "515bbbebe4b0c64c193321ec", "visibility": "public", "source": {"name": "Foursquare for iOS", "url": "https://foursquare.com/download/#/iphone"}, "suffix": "/49000277_iksoXYpjc6OBMNcXXI4XCKUFlrh92cHapheXFmkSa18.jpg", "createdAt": 1364966379, "prefix": "https://igx.4sqi.net/img/general/", "width": 720, "height": 960}, "createdAt": 1364966375, "todo": {"count": 0}, "agreeCount": 0, "likes": {"groups": [], "count": 0}, "id": "515bbbe7e4b0deb7cdfdcb82", "text": "Powerrrrrrrrr", "disagreeCount": 0, "user": {"gender": "male", "id": "49000277", "photo": {"prefix": "https://igx.4sqi.net/img/user/", "suffix": "/243OTOG1K00HE3A5.jpg"}, "firstName": "Faiz", "lastName": "Smadi"}, "canonicalUrl": "https://foursquare.com/item/515bbbe7e4b0deb7cdfdcb82", "type": "user", "photourl": "https://igx.4sqi.net/img/general/original/49000277_iksoXYpjc6OBMNcXXI4XCKUFlrh92cHapheXFmkSa18.jpg"}, {"authorInteractionType": "liked", "logView": true, "lang": "en", "createdAt": 1437839921, "agreeCount": 0, "likes": {"groups": [], "count": 0}, "id": "55b3b231498e94b430a7ad62", "text": "Cheap and good food haunt.", "type": "user", "user": {"gender": "female", "id": "129491502", "photo": {"prefix": "https://igx.4sqi.net/img/user/", "suffix": "/129491502-JUY23AGYKIQJ1USY.jpg"}, "firstName": "Celine", "lastName": "Ong"}, "canonicalUrl": "https://foursquare.com/item/55b3b231498e94b430a7ad62", "todo": {"count": 0}, "disagreeCount": 0}, {"logView": true, "lang": "en", "createdAt": 1292024918, "agreeCount": 0, "likes": {"groups": [], "count": 0}, "id": "4d02bc5654d0236aba9ce4d5", "text": "Nan Feng Coffee Stall, coffee is power \ue415", "type": "user", "user": {"gender": "male", "id": "4752233", "photo": {"prefix": "https://igx.4sqi.net/img/user/", "suffix": "/4N5UUW0A1SJZA0WD.jpg"}, "firstName": "Sincent", "lastName": "Soh"}, "canonicalUrl": "https://foursquare.com/item/4d02bc5654d0236aba9ce4d5", "todo": {"count": 0}, "disagreeCount": 0}, {"logView": true, "lang": "en", "createdAt": 1291605485, "agreeCount": 2, "likes": {"groups": [{"items": [{"gender": "male", "id": "41469071", "photo": {"prefix": "https://igx.4sqi.net/img/user/", "suffix": "/5G3DZWSSJSZPGTML.jpg"}, "firstName": "Marcus", "lastName": "Leong"}, {"gender": "male", "id": "368939", "photo": {"prefix": "https://igx.4sqi.net/img/user/", "suffix": "/OHA0XRX333431ZED.jpg"}, "firstName": "Garry", "lastName": "Goh"}], "count": 2, "type": "others"}], "summary": "2 likes", "count": 2}, "id": "4cfc55edd8468cfa05f3f96b", "text": "Try the Chee kweh it's 10cents per piece only !", "type": "user", "user": {"gender": "male", "id": "4469064", "photo": {"prefix": "https://igx.4sqi.net/img/user/", "suffix": "/DO0FTH5XG5TJG4ZB.jpg"}, "firstName": "Kenny", "lastName": "Ng"}, "canonicalUrl": "https://foursquare.com/item/4cfc55edd8468cfa05f3f96b", "todo": {"count": 0}, "disagreeCount": 0}, {"logView": true, "lang": "en", "photo": {"id": "54e7fb7a498e9cb25c007748", "visibility": "public", "source": {"name": "Foursquare for iOS", "url": "https://foursquare.com/download/#/iphone"}, "suffix": "/231366_em_Bh1j8JURPqmxYQw5CT6UYXGCw_4wDYt4m6U8EjlE.jpg", "createdAt": 1424489338, "prefix": "https://igx.4sqi.net/img/general/", "width": 1920, "height": 1440}, "createdAt": 1424489335, "todo": {"count": 0}, "agreeCount": 0, "likes": {"groups": [], "count": 0}, "id": "54e7fb77498e187cd499abd1", "text": "Penang food. Glad to chance on Simei Penang Laksa Specialty #01-199. A welcome addition to the rows & rows of usual local fare. Laksa sauce was light but still punchy. Will try char kway teow next", "disagreeCount": 0, "user": {"gender": "male", "id": "231366", "photo": {"prefix": "https://igx.4sqi.net/img/user/", "suffix": "/231366-Q2ZSAEF50GYUXPDA.jpg"}, "firstName": "Cheen", "lastName": "The Curious"}, "canonicalUrl": "https://foursquare.com/item/54e7fb77498e187cd499abd1", "type": "user", "photourl": "https://igx.4sqi.net/img/general/original/231366_em_Bh1j8JURPqmxYQw5CT6UYXGCw_4wDYt4m6U8EjlE.jpg"}, {"logView": true, "lang": "en", "photo": {"id": "54e7fcb8498ea04a30adc7d1", "visibility": "public", "source": {"name": "Foursquare for iOS", "url": "https://foursquare.com/download/#/iphone"}, "suffix": "/231366_M86nRDBO6lmgZFhmjMYx1g0lCgEZV0b3UsDO5qlbw4Y.jpg", "createdAt": 1424489656, "prefix": "https://igx.4sqi.net/img/general/", "width": 1920, "height": 1440}, "createdAt": 1424489653, "todo": {"count": 0}, "agreeCount": 0, "likes": {"groups": [], "count": 0}, "id": "54e7fcb5498e9d786eb4dc64", "text": "Handmade Teochew kueh. Lai Heng #01-218 is so busy on weekends that their kuehs fly off the stove when made & cooked on the spot. Enjoyed soon kueh & guchai kueh. Png kueh filling cd be tastier", "disagreeCount": 0, "user": {"gender": "male", "id": "231366", "photo": {"prefix": "https://igx.4sqi.net/img/user/", "suffix": "/231366-Q2ZSAEF50GYUXPDA.jpg"}, "firstName": "Cheen", "lastName": "The Curious"}, "canonicalUrl": "https://foursquare.com/item/54e7fcb5498e9d786eb4dc64", "type": "user", "photourl": "https://igx.4sqi.net/img/general/original/231366_M86nRDBO6lmgZFhmjMYx1g0lCgEZV0b3UsDO5qlbw4Y.jpg"}, {"logView": true, "lang": "en", "createdAt": 1323828440, "agreeCount": 0, "likes": {"groups": [], "count": 0}, "id": "4ee804d8991154b31baf6f6a", "text": "Xing Yun Boneless Chicken Rice is damn shiok!!!", "type": "user", "user": {"gender": "male", "id": "17974322", "photo": {"prefix": "https://igx.4sqi.net/img/user/", "suffix": "/17974322-QXXPFBB3OY5NXT4I.jpg"}, "firstName": "Nigel", "lastName": "Koh"}, "canonicalUrl": "https://foursquare.com/item/4ee804d8991154b31baf6f6a", "todo": {"count": 0}, "disagreeCount": 0}, {"logView": true, "lang": "en", "photo": {"id": "54066a18498e288517109a79", "visibility": "public", "source": {"name": "Foursquare for Android", "url": "https://foursquare.com/download/#/android"}, "suffix": "/2416267_4pV6Lw1nzUgv4O_FsDxhmcO5WHBk7SRE6Va2yZ2SxBA.jpg", "createdAt": 1409706520, "prefix": "https://igx.4sqi.net/img/general/", "width": 2178, "height": 2180}, "createdAt": 1409706515, "todo": {"count": 0}, "agreeCount": 0, "likes": {"groups": [], "count": 0}, "id": "54066a13498ee6cf85805fa8", "text": "Famous Sungei Road Trishaw Laksa can also be found here in Jurong!", "disagreeCount": 0, "user": {"id": "2416267", "photo": {"prefix": "https://igx.4sqi.net/img/user/", "suffix": "/2416267_KucjsQEM_ScdU_2QSQAUHuzKmBVwkJjI1N_g1HGztwHiU1HR99IuZBaOJaUm2PG-HS1b9ZtFJ.jpg"}, "firstName": "Songhua", "gender": "male"}, "canonicalUrl": "https://foursquare.com/item/54066a13498ee6cf85805fa8", "type": "user", "photourl": "https://igx.4sqi.net/img/general/original/2416267_4pV6Lw1nzUgv4O_FsDxhmcO5WHBk7SRE6Va2yZ2SxBA.jpg"}, {"logView": true, "lang": "en", "createdAt": 1311218638, "agreeCount": 0, "likes": {"groups": [], "count": 0}, "id": "4e279bced4c0e361d9d66bec", "text": "Xing yun boneless chicken rice + sugar cane drink = power!", "type": "user", "user": {"gender": "male", "id": "7798741", "photo": {"prefix": "https://igx.4sqi.net/img/user/", "suffix": "/DCG4SVRMFQWALXD2.jpg"}, "firstName": "Albert", "lastName": "Chan"}, "canonicalUrl": "https://foursquare.com/item/4e279bced4c0e361d9d66bec", "todo": {"count": 0}, "disagreeCount": 0}], "count": 35}}}