{"meta": {"code": 200, "requestId": "595a4dfe4434b96be5a4b2ff"}, "response": {"tips": {"items": [{"logView": true, "lang": "en", "createdAt": 1365337019, "agreeCount": 1, "likes": {"groups": [{"items": [{"id": "2977559", "photo": {"prefix": "https://igx.4sqi.net/img/user/", "suffix": "/IAQVPGHO2WOGGH0W.jpg"}, "firstName": "coco ny", "gender": "female"}], "count": 1, "type": "others"}], "summary": "1 like", "count": 1}, "id": "516163bbe4b09c0b67964592", "text": "Expect slow service on crowded times. For all other times, the bosses are quite friendly. Also, very nice salted egg crab and hotplate tofu..", "type": "user", "user": {"id": "1617070", "photo": {"prefix": "https://igx.4sqi.net/img/user/", "suffix": "/EY0SHD2PXV3UJ4T5.jpg"}, "firstName": "Adidharma", "gender": "male"}, "canonicalUrl": "https://foursquare.com/item/516163bbe4b09c0b67964592", "todo": {"count": 0}, "disagreeCount": 0}, {"logView": true, "lang": "en", "createdAt": 1288525601, "agreeCount": 0, "likes": {"groups": [], "count": 0}, "id": "4ccd572172106dcb093ea299", "text": "Great curry fish-head, herbal chicken, pepper/chilli crabs. Always crowded on weekends", "type": "user", "user": {"gender": "male", "id": "3570264", "photo": {"prefix": "https://igx.4sqi.net/img/user/", "suffix": "/LVQKO1NC0VCM3Y41.jpg"}, "firstName": "James", "lastName": "Li Zhiwei"}, "canonicalUrl": "https://foursquare.com/item/4ccd572172106dcb093ea299", "todo": {"count": 0}, "disagreeCount": 0}, {"logView": true, "lang": "en", "createdAt": 1361708782, "agreeCount": 0, "likes": {"groups": [], "count": 0}, "id": "512a06eee4b0738044968a40", "text": "Drinks like lime juice are very diluted...", "type": "user", "user": {"gender": "male", "id": "3413111", "photo": {"prefix": "https://igx.4sqi.net/img/user/", "suffix": "/RCPXX1MQLLALP0QP.jpg"}, "firstName": "Kenji", "lastName": "Takeshiro"}, "canonicalUrl": "https://foursquare.com/item/512a06eee4b0738044968a40", "todo": {"count": 0}, "disagreeCount": 0}, {"logView": true, "lang": "en", "createdAt": 1295174736, "agreeCount": 0, "likes": {"groups": [], "count": 0}, "id": "4d32cc5072a8b1f787e4a1d0", "text": "Make reservation before coming here for weekend dinner", "type": "user", "user": {"gender": "male", "id": "3673374", "photo": {"prefix": "https://igx.4sqi.net/img/user/", "suffix": "/LAE2E30HR3C1FWZS.jpg"}, "firstName": "Billy", "lastName": "Cheng"}, "canonicalUrl": "https://foursquare.com/item/4d32cc5072a8b1f787e4a1d0", "todo": {"count": 0}, "disagreeCount": 0}, {"logView": true, "lang": "en", "createdAt": 1288449462, "agreeCount": 0, "likes": {"groups": [], "count": 0}, "id": "4ccc2db62dc437047925c508", "text": "The salted egg crab is wonderful", "type": "user", "user": {"gender": "female", "id": "538393", "photo": {"prefix": "https://igx.4sqi.net/img/user/", "suffix": "/PXCQGULLH1JXCUMN.jpg"}, "firstName": "Flona", "lastName": "Hakim"}, "canonicalUrl": "https://foursquare.com/item/4ccc2db62dc437047925c508", "todo": {"count": 0}, "disagreeCount": 0}, {"logView": true, "lang": "en", "createdAt": 1297532615, "agreeCount": 0, "likes": {"groups": [], "count": 0}, "id": "4d56c6c758856dcb5a955c6d", "text": "They r extremely rude! Bad service!!!", "type": "user", "user": {"gender": "male", "id": "6209071", "photo": {"prefix": "https://igx.4sqi.net/img/user/", "suffix": "/4S0FRYXRNVEJVYDN.jpg"}, "firstName": "Jeremy", "lastName": "Teo"}, "canonicalUrl": "https://foursquare.com/item/4d56c6c758856dcb5a955c6d", "todo": {"count": 0}, "disagreeCount": 0}, {"logView": true, "lang": "en", "createdAt": 1337513505, "agreeCount": 0, "likes": {"groups": [], "count": 0}, "id": "4fb8d621e4b04abe15c1dbba", "text": "Be prepared for a 40+ min wait for anything...even noodles.", "type": "user", "user": {"gender": "male", "id": "1088618", "photo": {"prefix": "https://igx.4sqi.net/img/user/", "suffix": "/YQBLUXFETBCJ2M0V.jpg"}, "firstName": "Nate", "lastName": "T"}, "canonicalUrl": "https://foursquare.com/item/4fb8d621e4b04abe15c1dbba", "todo": {"count": 0}, "disagreeCount": 0}, {"logView": true, "lang": "en", "createdAt": 1293026781, "agreeCount": 0, "likes": {"groups": [], "count": 0}, "id": "4d1205dd957fa1cd49e76a9f", "text": "The herbal chicken is the best in town... In my opinion!", "type": "user", "user": {"gender": "male", "id": "5398384", "photo": {"prefix": "https://igx.4sqi.net/img/user/", "suffix": "/220EIBU54XHYCT1Q.jpg"}, "firstName": "Daniel", "lastName": "Choong"}, "canonicalUrl": "https://foursquare.com/item/4d1205dd957fa1cd49e76a9f", "todo": {"count": 0}, "disagreeCount": 0}, {"logView": true, "lang": "en", "photo": {"id": "4fe49688e4b0b1bb7ed8e911", "visibility": "public", "source": {"name": "Foursquare for iOS", "url": "https://foursquare.com/download/#/iphone"}, "suffix": "/buCxojJsX6wMrTM6asDnkjwshY6TP2COsods7nCjISc.jpg", "createdAt": 1340380808, "prefix": "https://igx.4sqi.net/img/general/", "width": 540, "height": 720}, "createdAt": 1340380803, "todo": {"count": 0}, "agreeCount": 0, "likes": {"groups": [], "count": 0}, "id": "4fe49683e4b090323d90aa75", "text": "Meal for two, prefer the chili crab", "disagreeCount": 0, "user": {"gender": "female", "id": "13761808", "photo": {"prefix": "https://igx.4sqi.net/img/user/", "suffix": "/UJZF1VWZHMTRSFSE.jpg"}, "firstName": "Ivy", "lastName": "Yao"}, "canonicalUrl": "https://foursquare.com/item/4fe49683e4b090323d90aa75", "type": "user", "photourl": "https://igx.4sqi.net/img/general/original/buCxojJsX6wMrTM6asDnkjwshY6TP2COsods7nCjISc.jpg"}, {"logView": true, "lang": "en", "createdAt": 1314016895, "agreeCount": 0, "likes": {"groups": [{"items": [], "count": 1, "type": "others"}], "summary": "1 like", "count": 1}, "id": "4e524e7f7d8b864c451811d7", "text": "Chilli crabs & deepfried mantous", "type": "user", "user": {"gender": "male", "id": "3570264", "photo": {"prefix": "https://igx.4sqi.net/img/user/", "suffix": "/LVQKO1NC0VCM3Y41.jpg"}, "firstName": "James", "lastName": "Li Zhiwei"}, "canonicalUrl": "https://foursquare.com/item/4e524e7f7d8b864c451811d7", "todo": {"count": 0}, "disagreeCount": 0}, {"logView": true, "lang": "en", "createdAt": 1281789708, "agreeCount": 0, "likes": {"groups": [{"items": [], "count": 1, "type": "others"}], "summary": "1 like", "count": 1}, "id": "4c668f0ce75ac9286fc4f7da", "text": "Order the salted egg yolk crab, some seriously good stuff!", "type": "user", "user": {"gender": "female", "id": "686920", "photo": {"prefix": "https://igx.4sqi.net/img/user/", "suffix": "/G1O2EYSKB4N3JVMM.jpg"}, "firstName": "cheryl", "lastName": "Tan"}, "canonicalUrl": "https://foursquare.com/item/4c668f0ce75ac9286fc4f7da", "todo": {"count": 1}, "disagreeCount": 0}, {"logView": true, "lang": "en", "createdAt": 1289149396, "agreeCount": 0, "likes": {"groups": [{"items": [], "count": 3, "type": "others"}], "summary": "3 likes", "count": 3}, "id": "4cd6dbd4fb718eec1a6e4c88", "text": "Excellent food a must eat", "type": "user", "user": {"gender": "male", "id": "3961056", "photo": {"prefix": "https://igx.4sqi.net/img/user/", "suffix": "/EXWDTIE012HXPIKZ.jpg"}, "firstName": "Chad", "lastName": "Yip"}, "canonicalUrl": "https://foursquare.com/item/4cd6dbd4fb718eec1a6e4c88", "todo": {"count": 0}, "disagreeCount": 0}, {"logView": true, "lang": "en", "createdAt": 1361708748, "agreeCount": 0, "likes": {"groups": [], "count": 0}, "id": "512a06cce4b0fd50ba968416", "text": "Not a good dining experience... Table is big but there is no rotating panel to move the dishes around for people to take. You got to stand most of the time to reach for food.", "type": "user", "user": {"gender": "male", "id": "3413111", "photo": {"prefix": "https://igx.4sqi.net/img/user/", "suffix": "/RCPXX1MQLLALP0QP.jpg"}, "firstName": "Kenji", "lastName": "Takeshiro"}, "canonicalUrl": "https://foursquare.com/item/512a06cce4b0fd50ba968416", "todo": {"count": 0}, "disagreeCount": 0}, {"logView": true, "lang": "en", "createdAt": 1292764364, "agreeCount": 0, "likes": {"groups": [], "count": 0}, "id": "4d0e04ccbe6d6ea8443308b5", "text": "The boss has an attitude problem. Service is really SLOW! Waited an hour for black pepper crab! Food's pretty average, although the crabs are done really well.", "type": "user", "user": {"gender": "female", "id": "3179840", "photo": {"prefix": "https://igx.4sqi.net/img/user/", "suffix": "/GWAWB1CHFOPDML2W.jpg"}, "firstName": "Manuela", "lastName": "Forster"}, "canonicalUrl": "https://foursquare.com/item/4d0e04ccbe6d6ea8443308b5", "todo": {"count": 0}, "disagreeCount": 0}, {"authorInteractionType": "disliked", "logView": true, "lang": "en", "createdAt": 1390970782, "agreeCount": 0, "likes": {"groups": [], "count": 0}, "id": "52e8879e498ed16db0e77bf9", "text": "Super ultra long wait despite being there earlier (1130am) than the lunch crowd. Horrible service. Very bad experience. Dont come.", "type": "user", "user": {"gender": "male", "id": "8107105", "photo": {"prefix": "https://igx.4sqi.net/img/user/", "suffix": "/8107105-KU0SLW433X4GQ2J4.jpg"}, "firstName": "Victor", "lastName": "Tey"}, "canonicalUrl": "https://foursquare.com/item/52e8879e498ed16db0e77bf9", "todo": {"count": 0}, "disagreeCount": 0}, {"authorInteractionType": "liked", "logView": true, "lang": "en", "photo": {"id": "520f643c11d2f3e74d54971c", "visibility": "public", "source": {"name": "Foursquare for BlackBerry 10", "url": "https://foursquare.com/download/#/blackberry"}, "suffix": "/359076__0ufic74TbcMhKK3XFM_pVZRwS57DUwdcIadEZsFVqc.jpg", "createdAt": 1376740412, "prefix": "https://igx.4sqi.net/img/general/", "width": 1280, "height": 720}, "createdAt": 1376740402, "todo": {"count": 0}, "agreeCount": 1, "likes": {"groups": [{"items": [{"gender": "male", "id": "359076", "photo": {"prefix": "https://igx.4sqi.net/img/user/", "suffix": "/359076-YD5IQDK1CNZKG1IB.jpg"}, "firstName": "Frank", "lastName": "S."}], "count": 1, "type": "others"}], "summary": "1 like", "count": 1}, "id": "520f643211d2dfc90bafd194", "text": "Simply the best in Spore. Go for the soft shell crabs, the crabs in corn flakes and the huge crabs. Also, give the beef mongolian style a try", "disagreeCount": 0, "user": {"gender": "male", "id": "359076", "photo": {"prefix": "https://igx.4sqi.net/img/user/", "suffix": "/359076-YD5IQDK1CNZKG1IB.jpg"}, "firstName": "Frank", "lastName": "S."}, "canonicalUrl": "https://foursquare.com/item/520f643211d2dfc90bafd194", "type": "user", "photourl": "https://igx.4sqi.net/img/general/original/359076__0ufic74TbcMhKK3XFM_pVZRwS57DUwdcIadEZsFVqc.jpg"}, {"logView": true, "lang": "en", "createdAt": 1421584834, "agreeCount": 0, "likes": {"groups": [], "count": 0}, "id": "54bba9c2498ee03638d71507", "text": "I don't mind waiting, but when you stretch your 20min waiting time to 40min with no sheepishness or explanation... THAT, I have a #%?!$ issue with.", "type": "user", "user": {"id": "17297664", "photo": {"prefix": "https://igx.4sqi.net/img/user/", "suffix": "/17297664_nZ-OyeY9_NUF3NeIAD2VVeDe84tEsLV9dZxZpUUBnZXx4iXBgmPVHUCG4NK0lyw3yu9JHc-qO.jpg"}, "firstName": "A.", "gender": "female"}, "canonicalUrl": "https://foursquare.com/item/54bba9c2498ee03638d71507", "todo": {"count": 0}, "disagreeCount": 0}, {"logView": true, "lang": "en", "createdAt": 1392433803, "agreeCount": 2, "likes": {"groups": [{"items": [{"gender": "male", "id": "16833414", "photo": {"prefix": "https://igx.4sqi.net/img/user/", "suffix": "/16833414-3KKDFOJGMVYTW1U1.jpg"}, "firstName": "fivefingers", "lastName": "walkabout"}, {"id": "3917888", "photo": {"prefix": "https://igx.4sqi.net/img/user/", "suffix": "/KNJ2JPJH0IVEGA0Z.gif"}, "firstName": "Ghost", "gender": "none"}], "count": 2, "type": "others"}], "summary": "2 likes", "count": 2}, "id": "52feda8b498ec085e3f2e3e2", "text": "Look carefully at the sign. It's \"Forture\". Not \"Fortune\".", "type": "user", "user": {"gender": "male", "id": "234324", "photo": {"prefix": "https://igx.4sqi.net/img/user/", "suffix": "/FIH1ERWONCZI4K3D.jpg"}, "firstName": "gerard", "lastName": "t"}, "canonicalUrl": "https://foursquare.com/item/52feda8b498ec085e3f2e3e2", "todo": {"count": 0}, "disagreeCount": 0}, {"logView": true, "lang": "en", "createdAt": 1293193141, "agreeCount": 0, "likes": {"groups": [], "count": 0}, "id": "4d148fb56d103704305622bd", "text": "Herbal chicken.. Coffee pork ribs.. Curry fish head.. Service damn slow.. Waited more than half an hr for the chilli crab", "type": "user", "user": {"gender": "female", "id": "4893908", "photo": {"prefix": "https://igx.4sqi.net/img/user/", "default": true, "suffix": "/blank_girl.png"}, "firstName": "Vincy", "lastName": "Teo"}, "canonicalUrl": "https://foursquare.com/item/4d148fb56d103704305622bd", "todo": {"count": 0}, "disagreeCount": 0}, {"logView": true, "lang": "en", "createdAt": 1356614108, "agreeCount": 3, "likes": {"groups": [{"items": [{"gender": "male", "id": "359076", "photo": {"prefix": "https://igx.4sqi.net/img/user/", "suffix": "/359076-YD5IQDK1CNZKG1IB.jpg"}, "firstName": "Frank", "lastName": "S."}, {"id": "102426", "photo": {"prefix": "https://igx.4sqi.net/img/user/", "suffix": "/5MEYEKIH5K45LC2L.jpg"}, "firstName": "c0uP", "gender": "male"}, {"gender": "male", "id": "297143", "photo": {"prefix": "https://igx.4sqi.net/img/user/", "suffix": "/K5N2XS332BAEMAXY.jpg"}, "firstName": "Howard", "lastName": "T"}], "count": 3, "type": "others"}], "summary": "3 likes", "count": 3}, "id": "50dc49dce4b0e6875fe4cf8e", "text": "Bring your own tissue box. They don't provide any.", "type": "user", "user": {"gender": "male", "id": "137299", "photo": {"prefix": "https://igx.4sqi.net/img/user/", "suffix": "/D0FF1H0VSGANWW5C.jpg"}, "firstName": "Jordan", "lastName": "Sim"}, "canonicalUrl": "https://foursquare.com/item/50dc49dce4b0e6875fe4cf8e", "todo": {"count": 0}, "disagreeCount": 0}, {"authorInteractionType": "liked", "logView": true, "lang": "en", "createdAt": 1345902646, "agreeCount": 1, "likes": {"groups": [{"items": [{"gender": "male", "id": "359076", "photo": {"prefix": "https://igx.4sqi.net/img/user/", "suffix": "/359076-YD5IQDK1CNZKG1IB.jpg"}, "firstName": "Frank", "lastName": "S."}], "count": 1, "type": "others"}], "summary": "1 like", "count": 1}, "id": "5038d836e4b03509a993ce23", "text": "excellent. By far the best hawker in SIN   MUSTGO!!", "type": "user", "user": {"gender": "male", "id": "359076", "photo": {"prefix": "https://igx.4sqi.net/img/user/", "suffix": "/359076-YD5IQDK1CNZKG1IB.jpg"}, "firstName": "Frank", "lastName": "S."}, "canonicalUrl": "https://foursquare.com/item/5038d836e4b03509a993ce23", "todo": {"count": 0}, "disagreeCount": 0}, {"logView": true, "lang": "en", "createdAt": 1365417333, "agreeCount": 0, "likes": {"groups": [], "count": 0}, "id": "51629d75e4b0a8ecbfcb8d10", "text": "Indo-crab S$48/kg and Sri-Lankan S$58/kg. We ordered the Indo-crab and it was badly cooked and tasted like dead-crab meat.", "type": "user", "user": {"gender": "male", "id": "52841153", "photo": {"prefix": "https://igx.4sqi.net/img/user/", "default": true, "suffix": "/blank_boy.png"}, "firstName": "Peh", "lastName": "Lim"}, "canonicalUrl": "https://foursquare.com/item/51629d75e4b0a8ecbfcb8d10", "todo": {"count": 0}, "disagreeCount": 0}, {"logView": true, "lang": "en", "createdAt": 1288754523, "agreeCount": 0, "likes": {"groups": [{"items": [], "count": 1, "type": "others"}], "summary": "1 like", "count": 1}, "id": "4cd0d55b6449a093b91dcdcf", "text": "The economical rice between 11am and 2pm is simply superb.......for me!", "type": "user", "user": {"gender": "male", "id": "3917079", "photo": {"prefix": "https://igx.4sqi.net/img/user/", "suffix": "/1TIMUNRXOEWUIUS3.jpg"}, "firstName": "Tommy", "lastName": "K"}, "canonicalUrl": "https://foursquare.com/item/4cd0d55b6449a093b91dcdcf", "todo": {"count": 0}, "disagreeCount": 0}, {"logView": true, "lang": "en", "createdAt": 1287922051, "agreeCount": 0, "likes": {"groups": [], "count": 0}, "id": "4cc421831e596dcbde57cf67", "text": "The Mongolian pork ribs are a must!", "type": "user", "user": {"gender": "male", "id": "647304", "photo": {"prefix": "https://igx.4sqi.net/img/user/", "default": true, "suffix": "/blank_boy.png"}, "firstName": "Shaun", "lastName": "Chong"}, "canonicalUrl": "https://foursquare.com/item/4cc421831e596dcbde57cf67", "todo": {"count": 0}, "disagreeCount": 0}, {"logView": true, "lang": "en", "createdAt": 1399723620, "agreeCount": 0, "likes": {"groups": [], "count": 0}, "id": "536e1664498ece4982348ef2", "text": "Long waiting time. Waited for@more than an hour for food to arrive.", "type": "user", "user": {"gender": "male", "id": "82612899", "photo": {"prefix": "https://igx.4sqi.net/img/user/", "suffix": "/82612899-2NDO02XIENRS3SW0.jpg"}, "firstName": "Shen", "lastName": "Shen"}, "canonicalUrl": "https://foursquare.com/item/536e1664498ece4982348ef2", "todo": {"count": 0}, "disagreeCount": 0}, {"logView": true, "lang": "en", "createdAt": 1292157683, "agreeCount": 0, "likes": {"groups": [{"items": [], "count": 1, "type": "others"}], "summary": "1 like", "count": 1}, "id": "4d04c2f39d33a143cb12bd78", "text": "The food here is relatively nice. Salted York crab is good but service is slow on weekends with the crowd. They can do better.", "type": "user", "user": {"gender": "male", "id": "3815100", "photo": {"prefix": "https://igx.4sqi.net/img/user/", "suffix": "/QEEERYPFEEITMKPA.jpg"}, "firstName": "Zixiong", "lastName": "Sng"}, "canonicalUrl": "https://foursquare.com/item/4d04c2f39d33a143cb12bd78", "todo": {"count": 0}, "disagreeCount": 0}, {"logView": true, "lang": "en", "createdAt": 1304171248, "agreeCount": 0, "likes": {"groups": [], "count": 0}, "id": "4dbc12f0316a78b90c2239c5", "text": "the fish was stale. Unexpected for the crowd there.", "type": "user", "user": {"id": "1877167", "photo": {"prefix": "https://igx.4sqi.net/img/user/", "suffix": "/LMUC2VK0O5HOCD5R.jpg"}, "firstName": "Janell", "gender": "female"}, "canonicalUrl": "https://foursquare.com/item/4dbc12f0316a78b90c2239c5", "todo": {"count": 0}, "disagreeCount": 0}, {"logView": true, "lang": "en", "createdAt": 1370430346, "agreeCount": 0, "likes": {"groups": [], "count": 0}, "id": "51af1b8a498e8252487e21fc", "text": "Mongolian pork ribs are awesome.", "type": "user", "user": {"gender": "male", "id": "53383945", "photo": {"prefix": "https://igx.4sqi.net/img/user/", "suffix": "/HANOZNAQMY3YODKY.jpg"}, "firstName": "Richard", "lastName": "France"}, "canonicalUrl": "https://foursquare.com/item/51af1b8a498e8252487e21fc", "todo": {"count": 0}, "disagreeCount": 0}, {"logView": true, "lang": "en", "createdAt": 1324554621, "agreeCount": 0, "likes": {"groups": [], "count": 0}, "id": "4ef3197d93adff223f2f0290", "text": "Cheap beer", "type": "user", "user": {"gender": "male", "id": "17223019", "photo": {"prefix": "https://igx.4sqi.net/img/user/", "default": true, "suffix": "/blank_boy.png"}, "firstName": "Check woei", "lastName": "Foo"}, "canonicalUrl": "https://foursquare.com/item/4ef3197d93adff223f2f0290", "todo": {"count": 0}, "disagreeCount": 0}, {"logView": true, "lang": "en", "createdAt": 1267200723, "agreeCount": 0, "likes": {"groups": [{"items": [], "count": 1, "type": "others"}], "summary": "1 like", "count": 1}, "id": "4b87f2d370c603bb341a93b4", "text": "Good zhi char", "type": "user", "user": {"gender": "male", "id": "185192", "photo": {"prefix": "https://igx.4sqi.net/img/user/", "suffix": "/QCF5IKNBBB5CSJJN.jpg"}, "firstName": "Zaizhi", "lastName": "Cheng"}, "canonicalUrl": "https://foursquare.com/item/4b87f2d370c603bb341a93b4", "todo": {"count": 1}, "disagreeCount": 0}, {"logView": true, "lang": "en", "createdAt": 1333714891, "agreeCount": 0, "likes": {"groups": [], "count": 0}, "id": "4f7edfcbe4b04cc2fb9538c1", "text": "Bad Service. 4 common  dishes served in 40min during off peak hour. Never patron again!", "type": "user", "user": {"gender": "male", "id": "6056786", "photo": {"prefix": "https://igx.4sqi.net/img/user/", "suffix": "/TVEGIDDOYPONXU3M.jpg"}, "firstName": "Alex Aggy", "lastName": "Tan"}, "canonicalUrl": "https://foursquare.com/item/4f7edfcbe4b04cc2fb9538c1", "todo": {"count": 0}, "disagreeCount": 0}, {"logView": true, "lang": "en", "createdAt": 1355368066, "agreeCount": 0, "likes": {"groups": [], "count": 0}, "id": "50c94682e4b0f3044a2e22db", "text": "Chilli crabs & deepfried mantous", "type": "user", "user": {"gender": "female", "id": "43189937", "photo": {"prefix": "https://igx.4sqi.net/img/user/", "suffix": "/EPB1FGRH4REAV3EN.jpg"}, "firstName": "shakira", "lastName": "alabama"}, "canonicalUrl": "https://foursquare.com/item/50c94682e4b0f3044a2e22db", "todo": {"count": 0}, "disagreeCount": 0}], "count": 32}}}