{"meta": {"code": 200, "requestId": "595a47e96a6071143d6d2425"}, "response": {"tips": {"items": [{"logView": true, "lang": "en", "createdAt": 1307557103, "agreeCount": 1, "likes": {"groups": [{"items": [{"gender": "female", "id": "274634", "photo": {"prefix": "https://igx.4sqi.net/img/user/", "suffix": "/274634-CZZYVAZVOQFZGTYI.jpg"}, "firstName": "Glynis", "lastName": "Tan"}], "count": 1, "type": "others"}], "summary": "1 like", "count": 1}, "id": "4defbcefae609ae4fa50244d", "text": "Me dare not eat Saba fish except from this stall", "type": "user", "user": {"gender": "female", "id": "4831377", "photo": {"prefix": "https://igx.4sqi.net/img/user/", "suffix": "/4831377-Z0SULWALJD1KYHSP.jpg"}, "firstName": "Andorra", "lastName": "Ooi"}, "canonicalUrl": "https://foursquare.com/item/4defbcefae609ae4fa50244d", "todo": {"count": 0}, "disagreeCount": 0}, {"logView": true, "lang": "en", "createdAt": 1357116708, "agreeCount": 0, "likes": {"groups": [], "count": 0}, "id": "50e3f524e4b0a2ae3e391012", "text": "Best Korean food in town!", "type": "user", "user": {"gender": "female", "id": "849606", "photo": {"prefix": "https://igx.4sqi.net/img/user/", "suffix": "/AXSVSRVWMFBOVQTL.jpg"}, "firstName": "J", "lastName": "Teo"}, "canonicalUrl": "https://foursquare.com/item/50e3f524e4b0a2ae3e391012", "todo": {"count": 0}, "disagreeCount": 0}, {"logView": true, "lang": "en", "createdAt": 1480338886, "agreeCount": 0, "likes": {"groups": [], "count": 0}, "id": "583c2dc6916802433358a603", "text": "The best value in the world. All the food is delicious.", "type": "user", "user": {"gender": "none", "id": "92835597", "photo": {"prefix": "https://igx.4sqi.net/img/user/", "default": true, "suffix": "/blank_boy.png"}, "firstName": "Dolores", "lastName": "Hazlewood"}, "canonicalUrl": "https://foursquare.com/item/583c2dc6916802433358a603", "todo": {"count": 0}, "disagreeCount": 0}, {"logView": true, "lang": "en", "createdAt": 1287315103, "agreeCount": 0, "likes": {"groups": [{"items": [], "count": 1, "type": "others"}], "summary": "1 like", "count": 1}, "id": "4cbade9ff50e224bde4cf6fb", "text": "Best kimchi fried rice in town!", "type": "user", "user": {"gender": "male", "id": "3182092", "photo": {"prefix": "https://igx.4sqi.net/img/user/", "suffix": "/OUFHACT0JDH3L34H.jpg"}, "firstName": "Alvin", "lastName": "Ng"}, "canonicalUrl": "https://foursquare.com/item/4cbade9ff50e224bde4cf6fb", "todo": {"count": 0}, "disagreeCount": 0}, {"logView": true, "lang": "ko", "createdAt": 1452311815, "agreeCount": 1, "likes": {"groups": [{"items": [{"id": "85543288", "photo": {"prefix": "https://igx.4sqi.net/img/user/", "suffix": "/85543288_OSDUpMea_KTMAmRVxzSRRAzdoXxEJR-GCWmMCh1d0PynIp-uFVaKHo4wdxMCQrKHR8F-l7wSl.jpg"}, "firstName": "\ud83c\udf6b", "gender": "female"}], "count": 1, "type": "others"}], "summary": "1 like", "count": 1}, "id": "56908507498e0d8850ea94be", "text": "\ud68c\uc0ac\uc55e \ubc31\ubc18\uc9d1\uc758 \uadf8\ub9db~", "type": "user", "user": {"gender": "male", "id": "150680303", "photo": {"prefix": "https://igx.4sqi.net/img/user/", "default": true, "suffix": "/blank_boy.png"}, "firstName": "Eugene", "lastName": "Hwang"}, "canonicalUrl": "https://foursquare.com/item/56908507498e0d8850ea94be", "todo": {"count": 1}, "disagreeCount": 0}, {"logView": true, "lang": "en", "createdAt": 1295177189, "agreeCount": 1, "likes": {"groups": [{"items": [{"gender": "female", "id": "274634", "photo": {"prefix": "https://igx.4sqi.net/img/user/", "suffix": "/274634-CZZYVAZVOQFZGTYI.jpg"}, "firstName": "Glynis", "lastName": "Tan"}], "count": 3, "type": "others"}], "summary": "3 likes", "count": 3}, "id": "4d32d5e5329e5481d15ab41d", "text": "Nice korean food... Always have long queue.", "type": "user", "user": {"gender": "male", "id": "3417953", "photo": {"prefix": "https://igx.4sqi.net/img/user/", "suffix": "/RHW1T2ILFP2BQ10X.jpg"}, "firstName": "Deric", "lastName": "Lim"}, "canonicalUrl": "https://foursquare.com/item/4d32d5e5329e5481d15ab41d", "todo": {"count": 0}, "disagreeCount": 0}, {"logView": true, "lang": "en", "createdAt": 1294999797, "agreeCount": 2, "likes": {"groups": [{"items": [{"gender": "female", "id": "3268934", "photo": {"prefix": "https://igx.4sqi.net/img/user/", "suffix": "/WKNMDTNS2DQXRFTR.jpg"}, "firstName": "Zhenyu", "lastName": "Lau"}, {"gender": "female", "id": "274634", "photo": {"prefix": "https://igx.4sqi.net/img/user/", "suffix": "/274634-CZZYVAZVOQFZGTYI.jpg"}, "firstName": "Glynis", "lastName": "Tan"}], "count": 2, "type": "others"}], "summary": "2 likes", "count": 2}, "id": "4d3020f5236aa1431e1451eb", "text": "Best korean food in Singapore!! Must try!!!", "type": "user", "user": {"gender": "male", "id": "4480243", "photo": {"prefix": "https://igx.4sqi.net/img/user/", "suffix": "/TE3VR5TM0XD0CBQA.jpg"}, "firstName": "Nicolas", "lastName": "T."}, "canonicalUrl": "https://foursquare.com/item/4d3020f5236aa1431e1451eb", "todo": {"count": 2}, "disagreeCount": 0}, {"logView": true, "lang": "ko", "photo": {"id": "56934a1b498e979c84a3e3fb", "visibility": "public", "source": {"name": "Foursquare for iOS", "url": "https://foursquare.com/download/#/iphone"}, "suffix": "/85543288_Gk4oWwGZFnifkg9LpwTSklViM_uthFGbRfySBMEjjEw.jpg", "createdAt": 1452493339, "prefix": "https://igx.4sqi.net/img/general/", "width": 1920, "height": 1440}, "createdAt": 1452311842, "todo": {"count": 0}, "agreeCount": 0, "likes": {"groups": [], "count": 0}, "id": "56908522498e0d8850eabbf5", "text": "\uc721\uac1c\uc7a5. \ub3cc\uc1a5\ube44\ube54\ubc25 \uc644\uc804 \ud55c\uad6d\uc758 \ub9db. \uc2f8\uace0 \ub9db\uc788\uc5b4\uc694!  \uc74c\ub8cc\uc218\ub294 \uc606\uc5d0 \ub9e4\uc810\ucc98\ub7fc \ud574\ub193\uace0 \ud310\ub9e4 \u314b\u314b \ub5a1\ubcf6\uc774\ub294 \uc0dd\uac01\ubcf4\ub2e4\ub294 \ud3c9\ubc94 \uc804\ubc18\uc801\uc73c\ub85c \uac00\uaca9\ub300\ube44 \ud6cc\ub96d", "disagreeCount": 0, "user": {"id": "85543288", "photo": {"prefix": "https://igx.4sqi.net/img/user/", "suffix": "/85543288_OSDUpMea_KTMAmRVxzSRRAzdoXxEJR-GCWmMCh1d0PynIp-uFVaKHo4wdxMCQrKHR8F-l7wSl.jpg"}, "firstName": "\ud83c\udf6b", "gender": "female"}, "canonicalUrl": "https://foursquare.com/item/56908522498e0d8850eabbf5", "type": "user", "photourl": "https://igx.4sqi.net/img/general/original/85543288_Gk4oWwGZFnifkg9LpwTSklViM_uthFGbRfySBMEjjEw.jpg"}, {"logView": true, "lang": "en", "createdAt": 1367814874, "agreeCount": 1, "likes": {"groups": [{"items": [{"id": "56376715", "photo": {"prefix": "https://igx.4sqi.net/img/user/", "suffix": "/56376715-1A4I1PCHGXVXOC3P.jpg"}, "firstName": "iSteve\u2122", "gender": "male"}], "count": 1, "type": "others"}], "summary": "1 like", "count": 1}, "id": "518732da498eee9ac8df9476", "text": "The best Yukgaejang (Spicy Beef Soup) in Singapore.", "type": "user", "user": {"gender": "male", "id": "1572161", "photo": {"prefix": "https://igx.4sqi.net/img/user/", "suffix": "/-CNQHT2YDAY1U2WGF.png"}, "firstName": "FRANCIS", "lastName": "PARK"}, "canonicalUrl": "https://foursquare.com/item/518732da498eee9ac8df9476", "todo": {"count": 0}, "disagreeCount": 0}, {"authorInteractionType": "liked", "logView": true, "lang": "en", "photo": {"id": "56273a19498edb5c2ebecc11", "visibility": "public", "source": {"name": "Foursquare for iOS", "url": "https://foursquare.com/download/#/iphone"}, "suffix": "/11627236_MvjQ5C3KdvnNiJPxowFGkzXDCPvIYjHJihwTs9mWA9I.jpg", "createdAt": 1445411353, "prefix": "https://igx.4sqi.net/img/general/", "width": 1920, "height": 1439}, "createdAt": 1445411351, "todo": {"count": 0}, "agreeCount": 0, "likes": {"groups": [], "count": 0}, "id": "56273a17498ed05f77035450", "text": "Kimchi soup is good. Not too salty or spicy.", "disagreeCount": 0, "user": {"gender": "male", "id": "11627236", "photo": {"prefix": "https://igx.4sqi.net/img/user/", "suffix": "/ZHT02M4CS4YURRJL.jpg"}, "firstName": "Feng Run", "lastName": "Chouw"}, "canonicalUrl": "https://foursquare.com/item/56273a17498ed05f77035450", "type": "user", "photourl": "https://igx.4sqi.net/img/general/original/11627236_MvjQ5C3KdvnNiJPxowFGkzXDCPvIYjHJihwTs9mWA9I.jpg"}, {"logView": true, "lang": "en", "createdAt": 1393995197, "agreeCount": 0, "likes": {"groups": [], "count": 0}, "id": "5316adbd498e8927d2920ed6", "text": "Love this korean food! But they r moving soon...", "type": "user", "user": {"gender": "female", "id": "19673549", "photo": {"prefix": "https://igx.4sqi.net/img/user/", "suffix": "/19673549-Z4P1LRVX2SEBPU1W.jpg"}, "firstName": "Kathy", "lastName": "Chan"}, "canonicalUrl": "https://foursquare.com/item/5316adbd498e8927d2920ed6", "todo": {"count": 0}, "disagreeCount": 0}, {"authorInteractionType": "liked", "logView": true, "lang": "en", "photo": {"id": "5479a543498e8c8dbf36a500", "visibility": "public", "source": {"name": "Swarm for iOS", "url": "https://www.swarmapp.com"}, "suffix": "/40033180_PITTWgL9rps2XuLx8OOdSNxuD5nPMJQPdG_sAdn1Z-g.jpg", "createdAt": 1417258307, "prefix": "https://igx.4sqi.net/img/general/", "width": 960, "height": 720}, "createdAt": 1417258307, "todo": {"count": 0}, "agreeCount": 1, "likes": {"groups": [{"items": [{"gender": "male", "id": "15009", "photo": {"prefix": "https://igx.4sqi.net/img/user/", "suffix": "/15009-MI4OIOYSN1GRXT53.jpg"}, "firstName": "Kars", "lastName": "Alfrink"}], "count": 1, "type": "others"}], "summary": "1 like", "count": 1}, "id": "5479a543498e8c8dbf36a501", "text": "Bibimbap is delicious...", "disagreeCount": 0, "user": {"gender": "male", "id": "40033180", "photo": {"prefix": "https://igx.4sqi.net/img/user/", "suffix": "/4GXAHN4F4VGEFGLB.jpg"}, "firstName": "KT", "lastName": "Ling"}, "canonicalUrl": "https://foursquare.com/item/5479a543498e8c8dbf36a501", "type": "user", "photourl": "https://igx.4sqi.net/img/general/original/40033180_PITTWgL9rps2XuLx8OOdSNxuD5nPMJQPdG_sAdn1Z-g.jpg"}, {"logView": true, "lang": "en", "createdAt": 1424950253, "agreeCount": 0, "likes": {"groups": [], "count": 0}, "id": "54ef03ed498e4c6769052ee7", "text": "Great value, lovely lovely food. Located on floor 2 now, not in the level 1 food court, which is under renovation. The building is kind of sketchy.", "type": "user", "user": {"gender": "none", "id": "92835597", "photo": {"prefix": "https://igx.4sqi.net/img/user/", "default": true, "suffix": "/blank_boy.png"}, "firstName": "Dolores", "lastName": "Hazlewood"}, "canonicalUrl": "https://foursquare.com/item/54ef03ed498e4c6769052ee7", "todo": {"count": 0}, "disagreeCount": 0}, {"logView": true, "lang": "en", "createdAt": 1283684589, "agreeCount": 2, "likes": {"groups": [{"items": [{"gender": "female", "id": "274634", "photo": {"prefix": "https://igx.4sqi.net/img/user/", "suffix": "/274634-CZZYVAZVOQFZGTYI.jpg"}, "firstName": "Glynis", "lastName": "Tan"}], "count": 2, "type": "others"}], "summary": "2 likes", "count": 2}, "id": "4c8378ede602b1f7fb08a67a", "text": "The renowned korean food. A must try!! :)", "type": "user", "user": {"gender": "male", "id": "2695390", "photo": {"prefix": "https://igx.4sqi.net/img/user/", "suffix": "/2695390_J4HaS22d_vGz9NRC_cZMPf0EY7s11PMRaGUR1Dyf0Jk4mfw-oNgkWM7RgVAgtNJxk-rW1Ptpw.jpg"}, "firstName": "Jeong Min", "lastName": "Kim"}, "canonicalUrl": "https://foursquare.com/item/4c8378ede602b1f7fb08a67a", "todo": {"count": 1}, "disagreeCount": 0}, {"logView": true, "lang": "en", "createdAt": 1303724359, "agreeCount": 1, "likes": {"groups": [{"items": [{"gender": "female", "id": "274634", "photo": {"prefix": "https://igx.4sqi.net/img/user/", "suffix": "/274634-CZZYVAZVOQFZGTYI.jpg"}, "firstName": "Glynis", "lastName": "Tan"}], "count": 1, "type": "others"}], "summary": "1 like", "count": 1}, "id": "4db5414743a1369cb5caae2f", "text": "Don't judge this stall simply because it's in a food court!! One of the best tasting Korean food at very reasonable prices right in Orchard!", "type": "user", "user": {"gender": "male", "id": "3143989", "photo": {"prefix": "https://igx.4sqi.net/img/user/", "suffix": "/R4FTU4BT0VNZHH5C.jpg"}, "firstName": "Vincent", "lastName": "Siow"}, "canonicalUrl": "https://foursquare.com/item/4db5414743a1369cb5caae2f", "todo": {"count": 0}, "disagreeCount": 0}, {"logView": true, "lang": "en", "createdAt": 1459005998, "agreeCount": 0, "likes": {"groups": [], "count": 0}, "id": "56f6aa2e498ef7ebe19ec863", "text": "Cheap & good, all set meals are $10 and below.", "type": "user", "user": {"gender": "male", "id": "30599435", "photo": {"prefix": "https://igx.4sqi.net/img/user/", "suffix": "/30599435_VFGwCGkP_KJZtGNkxWuKAloSRzZmkVQ0zaQ22sfzp1GTiHcwkgOeD8Kpzn2YsIzNIAYO3mggB.jpg"}, "firstName": "Jonathan", "lastName": "Lim"}, "canonicalUrl": "https://foursquare.com/item/56f6aa2e498ef7ebe19ec863", "todo": {"count": 0}, "disagreeCount": 0}, {"logView": true, "lang": "en", "createdAt": 1273059091, "agreeCount": 2, "likes": {"groups": [{"items": [{"gender": "male", "id": "4533127", "photo": {"prefix": "https://igx.4sqi.net/img/user/", "suffix": "/HIBPRQ4KE42TME0Q.jpg"}, "firstName": "\uc564\ub514 Goh", "lastName": "\u54e5"}, {"gender": "female", "id": "274634", "photo": {"prefix": "https://igx.4sqi.net/img/user/", "suffix": "/274634-CZZYVAZVOQFZGTYI.jpg"}, "firstName": "Glynis", "lastName": "Tan"}], "count": 5, "type": "others"}], "summary": "5 likes", "count": 5}, "id": "4be1571370c603bbf94e9ab4", "text": "Yummy korean food in sg!!!", "type": "user", "user": {"gender": "male", "id": "1030915", "photo": {"prefix": "https://igx.4sqi.net/img/user/", "suffix": "/0O1CDTD1PO4AP23N.jpg"}, "firstName": "Stanley", "lastName": "Tung"}, "canonicalUrl": "https://foursquare.com/item/4be1571370c603bbf94e9ab4", "todo": {"count": 2}, "disagreeCount": 0}, {"authorInteractionType": "liked", "logView": true, "lang": "en", "createdAt": 1478877088, "agreeCount": 0, "likes": {"groups": [], "count": 0}, "id": "5825dfa00b08c76e2a988f45", "text": "own shop space now with plenty of tables and seats. price is very reasonable for such close-to-authentic food. my favourites are the kimchi soup (pork) and potato pancake", "type": "user", "user": {"id": "5013310", "photo": {"prefix": "https://igx.4sqi.net/img/user/", "suffix": "/5013310-FAKFWKKSO5XNS5H3.jpg"}, "firstName": "FireIce", "gender": "female"}, "canonicalUrl": "https://foursquare.com/item/5825dfa00b08c76e2a988f45", "todo": {"count": 0}, "disagreeCount": 0}, {"logView": true, "lang": "en", "createdAt": 1415772302, "agreeCount": 0, "likes": {"groups": [], "count": 0}, "id": "5462f88e498e2f85cc67fc52", "text": "Why I feel it is over rated\uff1f", "type": "user", "user": {"gender": "female", "id": "21788221", "photo": {"prefix": "https://igx.4sqi.net/img/user/", "suffix": "/21788221-VUHPJYYCYJLJYR3B.jpg"}, "firstName": "Yolanda", "lastName": "Zhang"}, "canonicalUrl": "https://foursquare.com/item/5462f88e498e2f85cc67fc52", "todo": {"count": 0}, "disagreeCount": 0}, {"logView": true, "lang": "en", "createdAt": 1307555663, "agreeCount": 0, "likes": {"groups": [{"items": [], "count": 1, "type": "others"}], "summary": "1 like", "count": 1}, "id": "4defb74ffa76c1ceac994c9c", "text": "1st time i tasted their Glass Noodles.... Mmmmm.....Very nice.....Next time I shall try their Fried Udon \ue057", "type": "user", "user": {"gender": "female", "id": "4831377", "photo": {"prefix": "https://igx.4sqi.net/img/user/", "suffix": "/4831377-Z0SULWALJD1KYHSP.jpg"}, "firstName": "Andorra", "lastName": "Ooi"}, "canonicalUrl": "https://foursquare.com/item/4defb74ffa76c1ceac994c9c", "todo": {"count": 0}, "disagreeCount": 0}, {"logView": true, "lang": "en", "createdAt": 1308998690, "agreeCount": 2, "likes": {"groups": [{"items": [{"id": "28489036", "photo": {"prefix": "https://igx.4sqi.net/img/user/", "suffix": "/GNLP2UN3MDELR4WB.jpg"}, "firstName": "Jacky", "gender": "male"}, {"gender": "female", "id": "274634", "photo": {"prefix": "https://igx.4sqi.net/img/user/", "suffix": "/274634-CZZYVAZVOQFZGTYI.jpg"}, "firstName": "Glynis", "lastName": "Tan"}], "count": 2, "type": "others"}], "summary": "2 likes", "count": 2}, "id": "4e05bc22fa767637fd1fbdb9", "text": "Korean food here is the bombz", "type": "user", "user": {"gender": "male", "id": "5339644", "photo": {"prefix": "https://igx.4sqi.net/img/user/", "suffix": "/2KDOEZAJY5ADTKOC.jpg"}, "firstName": "Ivan", "lastName": "Tan"}, "canonicalUrl": "https://foursquare.com/item/4e05bc22fa767637fd1fbdb9", "todo": {"count": 0}, "disagreeCount": 0}, {"logView": true, "lang": "en", "createdAt": 1292997290, "agreeCount": 0, "likes": {"groups": [], "count": 0}, "id": "4d1192aae212a1cd8bd1476f", "text": "Love their kim chi soup (:", "type": "user", "user": {"gender": "female", "id": "5272693", "photo": {"prefix": "https://igx.4sqi.net/img/user/", "suffix": "/V2MPWNVLUO3R1Y3F.jpg"}, "firstName": "tan", "lastName": "xiao wei"}, "canonicalUrl": "https://foursquare.com/item/4d1192aae212a1cd8bd1476f", "todo": {"count": 0}, "disagreeCount": 0}, {"logView": true, "lang": "en", "createdAt": 1267102383, "agreeCount": 1, "likes": {"groups": [{"items": [{"gender": "female", "id": "274634", "photo": {"prefix": "https://igx.4sqi.net/img/user/", "suffix": "/274634-CZZYVAZVOQFZGTYI.jpg"}, "firstName": "Glynis", "lastName": "Tan"}], "count": 1, "type": "others"}], "summary": "1 like", "count": 1}, "id": "4b8672af70c603bb930593b4", "text": "This is the best Korean food in SG.", "type": "user", "user": {"gender": "male", "id": "321931", "photo": {"prefix": "https://igx.4sqi.net/img/user/", "suffix": "/321931-R3LHDUOS4AWJJJRA.jpg"}, "firstName": "Tien Beng", "lastName": "Chew"}, "canonicalUrl": "https://foursquare.com/item/4b8672af70c603bb930593b4", "todo": {"count": 0}, "disagreeCount": 0}, {"logView": true, "lang": "en", "createdAt": 1440917866, "agreeCount": 0, "likes": {"groups": [], "count": 0}, "id": "55e2a96a498eeaa74ce0e5da", "text": "Great kimchi soup but worst steam dumpling I've eaten. Red bean rice is glutinous", "type": "user", "user": {"gender": "female", "id": "5170139", "photo": {"prefix": "https://igx.4sqi.net/img/user/", "suffix": "/XRIQUY1ZIMUSLUZY.jpg"}, "firstName": "Appie", "lastName": "Tiffie"}, "canonicalUrl": "https://foursquare.com/item/55e2a96a498eeaa74ce0e5da", "todo": {"count": 0}, "disagreeCount": 0}, {"authorInteractionType": "liked", "logView": true, "lang": "en", "createdAt": 1476373280, "agreeCount": 0, "likes": {"groups": [], "count": 0}, "id": "57ffab20cd10986db261bf1e", "text": "Pretty cheap for Korean food and for an Orchard restaurant. The spicy chicken and pork sets are really good (though not that spicy) and come with a side. Would for sure recommend", "type": "user", "user": {"id": "352929735", "photo": {"prefix": "https://igx.4sqi.net/img/user/", "default": true, "suffix": "/blank_girl.png"}, "firstName": "Arabella", "gender": "female"}, "canonicalUrl": "https://foursquare.com/item/57ffab20cd10986db261bf1e", "todo": {"count": 0}, "disagreeCount": 0}, {"logView": true, "lang": "en", "createdAt": 1293963674, "agreeCount": 1, "likes": {"groups": [{"items": [{"gender": "female", "id": "274634", "photo": {"prefix": "https://igx.4sqi.net/img/user/", "suffix": "/274634-CZZYVAZVOQFZGTYI.jpg"}, "firstName": "Glynis", "lastName": "Tan"}], "count": 1, "type": "others"}], "summary": "1 like", "count": 1}, "id": "4d20519af7a9a143b7eb2b9f", "text": "Yummy Korean food!", "type": "user", "user": {"gender": "female", "id": "5468536", "photo": {"prefix": "https://igx.4sqi.net/img/user/", "suffix": "/NSLLAGTATTUX1K41.jpg"}, "firstName": "Zhiping", "lastName": "Tan"}, "canonicalUrl": "https://foursquare.com/item/4d20519af7a9a143b7eb2b9f", "todo": {"count": 0}, "disagreeCount": 0}, {"logView": true, "lang": "en", "createdAt": 1282391480, "agreeCount": 0, "likes": {"groups": [], "count": 0}, "id": "4c6fbdb8d7fab1f785375cc9", "text": "woah e korean food here is awesome n reasonable price... like e spicy chicken soup n e spicy pork!!! power!!!", "type": "user", "user": {"gender": "female", "id": "1674574", "photo": {"prefix": "https://igx.4sqi.net/img/user/", "suffix": "/D1W2KDKYRUP0NIFZ.jpg"}, "firstName": "lili", "lastName": "yeo"}, "canonicalUrl": "https://foursquare.com/item/4c6fbdb8d7fab1f785375cc9", "todo": {"count": 2}, "disagreeCount": 0}, {"logView": true, "lang": "en", "createdAt": 1293798937, "agreeCount": 1, "likes": {"groups": [{"items": [{"gender": "female", "id": "274634", "photo": {"prefix": "https://igx.4sqi.net/img/user/", "suffix": "/274634-CZZYVAZVOQFZGTYI.jpg"}, "firstName": "Glynis", "lastName": "Tan"}], "count": 1, "type": "others"}], "summary": "1 like", "count": 1}, "id": "4d1dce19f7a9a143fc7a139f", "text": "easily the best authentic Korean food in Singapore. variety, price, flavour n location", "type": "user", "user": {"gender": "male", "id": "5347797", "photo": {"prefix": "https://igx.4sqi.net/img/user/", "suffix": "/L2ITUIGCNDH1SZS3.jpg"}, "firstName": "benjamin", "lastName": "tang"}, "canonicalUrl": "https://foursquare.com/item/4d1dce19f7a9a143fc7a139f", "todo": {"count": 0}, "disagreeCount": 0}, {"logView": true, "lang": "en", "photo": {"id": "5038b976e4b00c877ab586dd", "visibility": "public", "source": {"name": "Foursquare for iOS", "url": "https://foursquare.com/download/#/iphone"}, "suffix": "/U8bwsiWXMgyu2ygICnRQokQ1VMZW55vrXjkL8xQ06OQ.jpg", "createdAt": 1345894774, "prefix": "https://igx.4sqi.net/img/general/", "width": 405, "height": 540}, "createdAt": 1345894757, "todo": {"count": 0}, "agreeCount": 0, "likes": {"groups": [], "count": 0}, "id": "5038b965e4b07299a522ccab", "text": "Love their Brown (purple) rice...", "disagreeCount": 0, "user": {"id": "2554370", "photo": {"prefix": "https://igx.4sqi.net/img/user/", "suffix": "/LPEAB1USYSS1V3NO.jpg"}, "firstName": "hyc", "gender": "male"}, "canonicalUrl": "https://foursquare.com/item/5038b965e4b07299a522ccab", "type": "user", "photourl": "https://igx.4sqi.net/img/general/original/U8bwsiWXMgyu2ygICnRQokQ1VMZW55vrXjkL8xQ06OQ.jpg"}, {"logView": true, "lang": "en", "createdAt": 1302436650, "agreeCount": 0, "likes": {"groups": [], "count": 0}, "id": "4da19b2a63b5a35db49beb19", "text": "Try the potato pancake!!Definitely one of the best korean food in SG. Expect queue during meal hours.", "type": "user", "user": {"id": "2554370", "photo": {"prefix": "https://igx.4sqi.net/img/user/", "suffix": "/LPEAB1USYSS1V3NO.jpg"}, "firstName": "hyc", "gender": "male"}, "canonicalUrl": "https://foursquare.com/item/4da19b2a63b5a35db49beb19", "todo": {"count": 0}, "disagreeCount": 0}, {"logView": true, "lang": "en", "createdAt": 1395745917, "agreeCount": 0, "likes": {"groups": [], "count": 0}, "id": "5331647d498e366386dd774c", "text": "Really nice lady tending the stall. Gave me a replacement soup for free after I spilled mine. The food is, as they say, delish! Kimchi fried rice + potato pancake.", "type": "user", "user": {"id": "13082652", "photo": {"prefix": "https://igx.4sqi.net/img/user/", "suffix": "/PE2W2NN4IF40JFDI.jpg"}, "firstName": "Elissa", "gender": "female"}, "canonicalUrl": "https://foursquare.com/item/5331647d498e366386dd774c", "todo": {"count": 1}, "disagreeCount": 0}, {"logView": true, "lang": "en", "createdAt": 1312698369, "agreeCount": 0, "likes": {"groups": [], "count": 0}, "id": "4e3e30018877b00cfc523449", "text": "Tried all the dishes!", "type": "user", "user": {"gender": "male", "id": "3470614", "photo": {"prefix": "https://igx.4sqi.net/img/user/", "suffix": "/3470614-223BAUGXXUNUS340.jpg"}, "firstName": "Aaron", "lastName": "Lin"}, "canonicalUrl": "https://foursquare.com/item/4e3e30018877b00cfc523449", "todo": {"count": 0}, "disagreeCount": 0}, {"authorInteractionType": "liked", "logView": true, "lang": "en", "photo": {"id": "53e47770498e7f7f713c5d5c", "visibility": "public", "source": {"name": "Foursquare for iOS", "url": "https://foursquare.com/download/#/iphone"}, "suffix": "/2600028_P3Rvai2dOoO8bCXmzhqNln6hx_jM7HHqn8MXokNnpvk.jpg", "createdAt": 1407481712, "prefix": "https://igx.4sqi.net/img/general/", "width": 720, "height": 960}, "createdAt": 1407481709, "todo": {"count": 0}, "agreeCount": 1, "likes": {"groups": [{"items": [], "count": 1, "type": "others"}], "summary": "1 like", "count": 1}, "id": "53e4776d498e644fe78c889c", "text": "cripsy potato pancake. yummy spicy pork hotplate with red bean rice. \ud83d\ude0b\ud83d\ude0b\ud83d\ude0b\ud83d\ude0b\ud83d\ude0b  most importantly price is reasonable! \ud83d\udc4d", "disagreeCount": 0, "user": {"gender": "female", "id": "2600028", "photo": {"prefix": "https://igx.4sqi.net/img/user/", "suffix": "/JQRJ11X5TXOJW0LI.jpg"}, "firstName": "Patricia", "lastName": "Tan"}, "canonicalUrl": "https://foursquare.com/item/53e4776d498e644fe78c889c", "type": "user", "photourl": "https://igx.4sqi.net/img/general/original/2600028_P3Rvai2dOoO8bCXmzhqNln6hx_jM7HHqn8MXokNnpvk.jpg"}, {"authorInteractionType": "liked", "logView": true, "lang": "en", "photo": {"id": "503d1204e4b0188aa3fa7515", "visibility": "public", "source": {"name": "Foursquare for iOS", "url": "https://foursquare.com/download/#/iphone"}, "suffix": "/QIHkGkC-ifRsl07LDFcJI5n0tMnE-F29ycFEvxOU0Ek.jpg", "createdAt": 1346179588, "prefix": "https://igx.4sqi.net/img/general/", "width": 720, "height": 388}, "createdAt": 1346179585, "todo": {"count": 0}, "agreeCount": 2, "likes": {"groups": [{"items": [{"gender": "male", "id": "8659612", "photo": {"prefix": "https://igx.4sqi.net/img/user/", "suffix": "/8659612-HW22RUOV1EQ44TRG.jpg"}, "firstName": "Pawit147", "lastName": "S"}], "count": 1, "type": "others"}], "summary": "1 like", "count": 1}, "id": "503d1201e4b089d2363f10d5", "text": "I expected the bibimbap to come in the traditional stone bowls but this is good enough. It's so good and it's only $6.50, damn worth it!! <3", "disagreeCount": 0, "user": {"gender": "female", "id": "274634", "photo": {"prefix": "https://igx.4sqi.net/img/user/", "suffix": "/274634-CZZYVAZVOQFZGTYI.jpg"}, "firstName": "Glynis", "lastName": "Tan"}, "canonicalUrl": "https://foursquare.com/item/503d1201e4b089d2363f10d5", "type": "user", "photourl": "https://igx.4sqi.net/img/general/original/QIHkGkC-ifRsl07LDFcJI5n0tMnE-F29ycFEvxOU0Ek.jpg"}, {"logView": true, "lang": "en", "createdAt": 1337229249, "agreeCount": 0, "likes": {"groups": [], "count": 0}, "id": "4fb47fc1e4b0c2c27f4f895a", "text": "You want authentic Korean....tis is it", "type": "user", "user": {"gender": "none", "id": "13295911", "photo": {"prefix": "https://igx.4sqi.net/img/user/", "suffix": "/00FYXYUD5KEN5S4J.jpg"}, "firstName": "Kee Wee", "lastName": "Tay"}, "canonicalUrl": "https://foursquare.com/item/4fb47fc1e4b0c2c27f4f895a", "todo": {"count": 0}, "disagreeCount": 0}, {"logView": true, "lang": "en", "createdAt": 1265686024, "agreeCount": 0, "likes": {"groups": [], "count": 0}, "id": "4b70d60870c603bb8ed391b4", "text": "The Tender Beef Sliced Set is a must-try!", "type": "user", "user": {"gender": "male", "id": "323813", "photo": {"prefix": "https://igx.4sqi.net/img/user/", "suffix": "/WQ5COZQPLWBKINBK.png"}, "firstName": "Jonathan", "lastName": "Yang"}, "canonicalUrl": "https://foursquare.com/item/4b70d60870c603bb8ed391b4", "todo": {"count": 0}, "disagreeCount": 0}, {"logView": true, "lang": "en", "createdAt": 1297073314, "agreeCount": 0, "likes": {"groups": [], "count": 0}, "id": "4d4fc4a29d4937045be2b939", "text": "The best authetic and affordable Korean food!!! Although it may be in a foodcourt, it cab even compete with those in fancy restaurants", "type": "user", "user": {"id": "4671351", "photo": {"prefix": "https://igx.4sqi.net/img/user/", "suffix": "/NQPNJKG40IOKOEX2.jpg"}, "firstName": "bevvyashleyx", "gender": "female"}, "canonicalUrl": "https://foursquare.com/item/4d4fc4a29d4937045be2b939", "todo": {"count": 0}, "disagreeCount": 0}, {"authorInteractionType": "liked", "logView": true, "lang": "en", "createdAt": 1380098617, "agreeCount": 0, "likes": {"groups": [], "count": 0}, "id": "5242a239498e4931908f5417", "text": "Love the kimchi fried rice. Kimchi soup is good too.", "type": "user", "user": {"id": "12305570", "photo": {"prefix": "https://igx.4sqi.net/img/user/", "suffix": "/12305570-J3K4UGYLG55R2V4G.jpg"}, "firstName": "Saudade", "gender": "female"}, "canonicalUrl": "https://foursquare.com/item/5242a239498e4931908f5417", "todo": {"count": 0}, "disagreeCount": 0}, {"authorInteractionType": "liked", "logView": true, "lang": "en", "createdAt": 1426931630, "agreeCount": 0, "likes": {"groups": [], "count": 0}, "id": "550d3fae498ee0bfdb9bdfe5", "text": "All Korean food", "type": "user", "user": {"id": "418844", "photo": {"prefix": "https://igx.4sqi.net/img/user/", "suffix": "/1NUSLG02DLQYEHPY.jpg"}, "firstName": "smerv", "gender": "male"}, "canonicalUrl": "https://foursquare.com/item/550d3fae498ee0bfdb9bdfe5", "todo": {"count": 0}, "disagreeCount": 0}, {"logView": true, "lang": "en", "createdAt": 1403260921, "agreeCount": 2, "likes": {"groups": [{"items": [{"gender": "male", "id": "15009", "photo": {"prefix": "https://igx.4sqi.net/img/user/", "suffix": "/15009-MI4OIOYSN1GRXT53.jpg"}, "firstName": "Kars", "lastName": "Alfrink"}, {"id": "88808128", "photo": {"prefix": "https://igx.4sqi.net/img/user/", "suffix": "/88808128-3POAXUC0NRR3MMYJ.jpg"}, "firstName": "Roana", "gender": "female"}], "count": 2, "type": "others"}], "summary": "2 likes", "count": 2}, "id": "53a40ff9498e2d4e0ea63248", "text": "Now at #02-17. Go up the stairs, turn right and go all the way to the end.", "type": "user", "user": {"gender": "female", "id": "849606", "photo": {"prefix": "https://igx.4sqi.net/img/user/", "suffix": "/AXSVSRVWMFBOVQTL.jpg"}, "firstName": "J", "lastName": "Teo"}, "canonicalUrl": "https://foursquare.com/item/53a40ff9498e2d4e0ea63248", "todo": {"count": 0}, "disagreeCount": 0}, {"logView": true, "lang": "en", "createdAt": 1379909699, "agreeCount": 0, "likes": {"groups": [], "count": 0}, "id": "523fc04311d2beb0b5bdf536", "text": "Closed on first and third Monday of the month.", "type": "user", "user": {"gender": "female", "id": "5734824", "photo": {"prefix": "https://igx.4sqi.net/img/user/", "suffix": "/KTPEQWHQTNHSTLNE.jpg"}, "firstName": "Pamela", "lastName": "Ong"}, "canonicalUrl": "https://foursquare.com/item/523fc04311d2beb0b5bdf536", "todo": {"count": 0}, "disagreeCount": 0}, {"authorInteractionType": "liked", "logView": true, "lang": "en", "createdAt": 1430568409, "agreeCount": 0, "likes": {"groups": [], "count": 0}, "id": "5544bdd9498e9845cc32cbb0", "text": "Everything is cheap and nice here! :)", "type": "user", "user": {"gender": "male", "id": "3551855", "photo": {"prefix": "https://igx.4sqi.net/img/user/", "suffix": "/WGVQ0F53OQ1DWCRR.jpg"}, "firstName": "Jackson", "lastName": "Tan"}, "canonicalUrl": "https://foursquare.com/item/5544bdd9498e9845cc32cbb0", "todo": {"count": 0}, "disagreeCount": 0}, {"logView": true, "lang": "en", "createdAt": 1374663498, "agreeCount": 0, "likes": {"groups": [], "count": 0}, "id": "51efb34a498e892843defb86", "text": "Their spicy beef soup is something u should try", "type": "user", "user": {"id": "30780147", "photo": {"prefix": "https://igx.4sqi.net/img/user/", "suffix": "/AMYV2515TR31FJRN.jpg"}, "firstName": "Wilson", "gender": "male"}, "canonicalUrl": "https://foursquare.com/item/51efb34a498e892843defb86", "todo": {"count": 0}, "disagreeCount": 0}, {"logView": true, "lang": "en", "createdAt": 1272192234, "agreeCount": 0, "likes": {"groups": [{"items": [], "count": 1, "type": "others"}], "summary": "1 like", "count": 1}, "id": "4bd41cea70c603bb202699b4", "text": "Spicy beef soup is the best.", "type": "user", "user": {"gender": "male", "id": "50104", "photo": {"prefix": "https://igx.4sqi.net/img/user/", "suffix": "/3FB2FRZYJ11NBKIU.jpg"}, "firstName": "Noel", "lastName": "Yeo"}, "canonicalUrl": "https://foursquare.com/item/4bd41cea70c603bb202699b4", "todo": {"count": 0}, "disagreeCount": 0}, {"authorInteractionType": "liked", "logView": true, "lang": "en", "createdAt": 1378029090, "agreeCount": 0, "likes": {"groups": [], "count": 0}, "id": "52230e22498e5bad6bce1349", "text": "I won't miss them for sure whenever I'm here.", "type": "user", "user": {"id": "4247110", "photo": {"prefix": "https://igx.4sqi.net/img/user/", "suffix": "/4247110-Q35TD1ISO4OMYVNH.jpg"}, "firstName": "\ud83d\udc8e\ud83d\udc8e \ud83d\udc8e", "gender": "female"}, "canonicalUrl": "https://foursquare.com/item/52230e22498e5bad6bce1349", "todo": {"count": 0}, "disagreeCount": 0}, {"logView": true, "lang": "en", "createdAt": 1312459833, "agreeCount": 1, "likes": {"groups": [{"items": [{"gender": "female", "id": "274634", "photo": {"prefix": "https://igx.4sqi.net/img/user/", "suffix": "/274634-CZZYVAZVOQFZGTYI.jpg"}, "firstName": "Glynis", "lastName": "Tan"}], "count": 1, "type": "others"}], "summary": "1 like", "count": 1}, "id": "4e3a8c392271ead2c0f11b98", "text": "My friend referred me here and I love it!!! Esp the fried saba", "type": "user", "user": {"gender": "none", "id": "3614796", "photo": {"prefix": "https://igx.4sqi.net/img/user/", "suffix": "/TGR2XKKF1T3UX0XR.jpg"}, "firstName": "Sue", "lastName": "Semana"}, "canonicalUrl": "https://foursquare.com/item/4e3a8c392271ead2c0f11b98", "todo": {"count": 0}, "disagreeCount": 0}, {"authorInteractionType": "liked", "logView": true, "lang": "en", "createdAt": 1409060945, "agreeCount": 1, "likes": {"groups": [{"items": [{"gender": "female", "id": "29161892", "photo": {"prefix": "https://igx.4sqi.net/img/user/", "suffix": "/29161892-DCKWDAZQMCQU0DCR.jpg"}, "firstName": "Pei", "lastName": "Wen"}], "count": 1, "type": "others"}], "summary": "1 like", "count": 1}, "id": "53fc9051498eb158c97bf4fc", "text": "The kimchi soup is full with ingredients, dumpling soup taste superb! The price is so cheap too!", "type": "user", "user": {"gender": "female", "id": "75344759", "photo": {"prefix": "https://igx.4sqi.net/img/user/", "suffix": "/75344759-A2C15T1BLZTZNPNZ.jpg"}, "firstName": "Samantha", "lastName": "Wong"}, "canonicalUrl": "https://foursquare.com/item/53fc9051498eb158c97bf4fc", "todo": {"count": 0}, "disagreeCount": 0}, {"logView": true, "lang": "en", "createdAt": 1307555404, "agreeCount": 0, "likes": {"groups": [], "count": 0}, "id": "4defb64cd22ddfee16fe63f6", "text": "My Favorite!!!!!!", "type": "user", "user": {"gender": "female", "id": "4831377", "photo": {"prefix": "https://igx.4sqi.net/img/user/", "suffix": "/4831377-Z0SULWALJD1KYHSP.jpg"}, "firstName": "Andorra", "lastName": "Ooi"}, "canonicalUrl": "https://foursquare.com/item/4defb64cd22ddfee16fe63f6", "todo": {"count": 0}, "disagreeCount": 0}, {"logView": true, "lang": "en", "createdAt": 1376124727, "agreeCount": 0, "likes": {"groups": [], "count": 0}, "id": "5205ff3711d20dd32ade61b1", "text": "Totally love this place. Must come when I'm in town n wants Korean! Reasonable pricing tooo!!", "type": "user", "user": {"gender": "female", "id": "3268934", "photo": {"prefix": "https://igx.4sqi.net/img/user/", "suffix": "/WKNMDTNS2DQXRFTR.jpg"}, "firstName": "Zhenyu", "lastName": "Lau"}, "canonicalUrl": "https://foursquare.com/item/5205ff3711d20dd32ade61b1", "todo": {"count": 0}, "disagreeCount": 0}, {"logView": true, "lang": "en", "createdAt": 1315132674, "agreeCount": 0, "likes": {"groups": [], "count": 0}, "id": "4e6355027d8b85408a0a8330", "text": "Best fried saba fish!", "type": "user", "user": {"gender": "female", "id": "4190133", "photo": {"prefix": "https://igx.4sqi.net/img/user/", "suffix": "/GYSCD0HP2J4BPRBF.jpg"}, "firstName": "Felicia", "lastName": "Octora"}, "canonicalUrl": "https://foursquare.com/item/4e6355027d8b85408a0a8330", "todo": {"count": 0}, "disagreeCount": 0}, {"authorInteractionType": "liked", "logView": true, "lang": "en", "createdAt": 1482926890, "agreeCount": 0, "likes": {"groups": [], "count": 0}, "id": "5863ab2a040d535b948f314c", "text": "The food is soso good !! Plus its cheaper than restaurants pricing which is a bonus :)) definitely will be back here again !!", "type": "user", "user": {"gender": "female", "id": "171498295", "photo": {"prefix": "https://igx.4sqi.net/img/user/", "suffix": "/171498295-0UMMDU5L43LHIV5U.jpg"}, "firstName": "Ashley", "lastName": "Teo"}, "canonicalUrl": "https://foursquare.com/item/5863ab2a040d535b948f314c", "todo": {"count": 0}, "disagreeCount": 0}, {"logView": true, "lang": "en", "createdAt": 1332992547, "agreeCount": 2, "likes": {"groups": [{"items": [{"id": "88808128", "photo": {"prefix": "https://igx.4sqi.net/img/user/", "suffix": "/88808128-3POAXUC0NRR3MMYJ.jpg"}, "firstName": "Roana", "gender": "female"}, {"gender": "female", "id": "274634", "photo": {"prefix": "https://igx.4sqi.net/img/user/", "suffix": "/274634-CZZYVAZVOQFZGTYI.jpg"}, "firstName": "Glynis", "lastName": "Tan"}], "count": 2, "type": "others"}], "summary": "2 likes", "count": 2}, "id": "4f73da23e4b0250b70cd82b6", "text": "The best Korean food in food courts. Been a follower for many years.", "type": "user", "user": {"gender": "female", "id": "9040379", "photo": {"prefix": "https://igx.4sqi.net/img/user/", "suffix": "/WTZPG1WD3BS1SJNN.jpg"}, "firstName": "Matilda", "lastName": "Lim"}, "canonicalUrl": "https://foursquare.com/item/4f73da23e4b0250b70cd82b6", "todo": {"count": 0}, "disagreeCount": 0}, {"logView": true, "lang": "en", "createdAt": 1273141522, "agreeCount": 0, "likes": {"groups": [{"items": [], "count": 1, "type": "others"}], "summary": "1 like", "count": 1}, "id": "4be2991270c603bb716d9ab4", "text": "Try the famous beef bulgogi.", "type": "user", "user": {"gender": "male", "id": "1021060", "photo": {"prefix": "https://igx.4sqi.net/img/user/", "suffix": "/SQRSPJFSTJY3NVMY.jpg"}, "firstName": "John", "lastName": "Michaels"}, "canonicalUrl": "https://foursquare.com/item/4be2991270c603bb716d9ab4", "todo": {"count": 0}, "disagreeCount": 0}, {"logView": true, "lang": "en", "createdAt": 1380273011, "agreeCount": 0, "likes": {"groups": [], "count": 0}, "id": "52454b73498e6d1055b1c239", "text": "Affordable and worth the money. Only $7 in city center for a spicy shrimp set wiz black rice and 1 appetizer. Although only 5 shrimps in the poor soup,cannot blame coz it's a haker place and no ++", "type": "user", "user": {"gender": "none", "id": "52945906", "photo": {"prefix": "https://igx.4sqi.net/img/user/", "suffix": "/52945906-OA0G4EBLIPZAMK1C.jpg"}, "firstName": "melody", "lastName": "ju"}, "canonicalUrl": "https://foursquare.com/item/52454b73498e6d1055b1c239", "todo": {"count": 0}, "disagreeCount": 0}, {"logView": true, "lang": "en", "createdAt": 1371435355, "agreeCount": 0, "likes": {"groups": [], "count": 0}, "id": "51be715b498e2ac5053618d4", "text": "One of the best \"food court\" standard Korean food. Even beat some those \"authentic\" Korean restaurant. Get their kimchi / anchovies, taste really great.", "type": "user", "user": {"gender": "male", "id": "370444", "photo": {"prefix": "https://igx.4sqi.net/img/user/", "suffix": "/370444-YLSQFXMYWAQ5QJUA.jpg"}, "firstName": "Albert", "lastName": "Gunawan"}, "canonicalUrl": "https://foursquare.com/item/51be715b498e2ac5053618d4", "todo": {"count": 0}, "disagreeCount": 0}, {"authorInteractionType": "liked", "logView": true, "lang": "en", "createdAt": 1403952930, "agreeCount": 2, "likes": {"groups": [{"items": [{"gender": "male", "id": "15009", "photo": {"prefix": "https://igx.4sqi.net/img/user/", "suffix": "/15009-MI4OIOYSN1GRXT53.jpg"}, "firstName": "Kars", "lastName": "Alfrink"}, {"id": "88808128", "photo": {"prefix": "https://igx.4sqi.net/img/user/", "suffix": "/88808128-3POAXUC0NRR3MMYJ.jpg"}, "firstName": "Roana", "gender": "female"}], "count": 2, "type": "others"}], "summary": "2 likes", "count": 2}, "id": "53ae9f22498e3cdfa6915945", "text": "This Korean food stall is now reopened at level 2, #02-17/18. Closed on every Monday. \ud83c\udf74\ud83c\uddf0\ud83c\uddf7", "type": "user", "user": {"gender": "male", "id": "3954011", "photo": {"prefix": "https://igx.4sqi.net/img/user/", "suffix": "/3954011-YUIMSTRPOPD2ITIN.jpg"}, "firstName": "\u9673\u6770\u502b", "lastName": "(\u30b8\u30a7\u30a4\u30fb\u30c1\u30a7\u30f3)"}, "canonicalUrl": "https://foursquare.com/item/53ae9f22498e3cdfa6915945", "todo": {"count": 0}, "disagreeCount": 0}, {"logView": true, "lang": "en", "createdAt": 1339417325, "agreeCount": 3, "likes": {"groups": [{"items": [{"gender": "female", "id": "19673549", "photo": {"prefix": "https://igx.4sqi.net/img/user/", "suffix": "/19673549-Z4P1LRVX2SEBPU1W.jpg"}, "firstName": "Kathy", "lastName": "Chan"}, {"gender": "male", "id": "49483466", "photo": {"prefix": "https://igx.4sqi.net/img/user/", "suffix": "/4Y1J2LGA4B2L4SGQ.jpg"}, "firstName": "Preorder", "lastName": "Instocks"}, {"gender": "female", "id": "274634", "photo": {"prefix": "https://igx.4sqi.net/img/user/", "suffix": "/274634-CZZYVAZVOQFZGTYI.jpg"}, "firstName": "Glynis", "lastName": "Tan"}], "count": 3, "type": "others"}], "summary": "3 likes", "count": 3}, "id": "4fd5e2ede4b0d45a9650f59f", "text": "the kimchi soup n spicy chicken set thumbs up\ue00e\ue00e", "type": "user", "user": {"gender": "female", "id": "28779883", "photo": {"prefix": "https://igx.4sqi.net/img/user/", "suffix": "/54J2NNIT25MGRYZ3.jpg"}, "firstName": "Mizzay", "lastName": "Frikitona"}, "canonicalUrl": "https://foursquare.com/item/4fd5e2ede4b0d45a9650f59f", "todo": {"count": 0}, "disagreeCount": 0}, {"logView": true, "lang": "en", "createdAt": 1361798520, "agreeCount": 0, "likes": {"groups": [], "count": 0}, "id": "512b6578e4b01bb7670a8acc", "text": "People rave about this place as if it is the best, most authentic Korean food around... but it is merely mediocre mall fare. Don't go out of your way unless cheap and sufficient is what you seek.", "type": "user", "user": {"gender": "male", "id": "31714549", "photo": {"prefix": "https://igx.4sqi.net/img/user/", "suffix": "/5G5O0NYTL0RP1EGI.jpg"}, "firstName": "Alexander", "lastName": "S."}, "canonicalUrl": "https://foursquare.com/item/512b6578e4b01bb7670a8acc", "todo": {"count": 0}, "disagreeCount": 0}], "count": 58}}}