{"meta": {"code": 200, "requestId": "595a49a2dd57972d410b353a"}, "response": {"tips": {"items": [{"logView": true, "lang": "en", "createdAt": 1313927434, "agreeCount": 1, "likes": {"groups": [{"items": [{"gender": "male", "id": "1948754", "photo": {"prefix": "https://igx.4sqi.net/img/user/", "suffix": "/C132KWJ4ISPBDA3P.jpg"}, "firstName": "Karthik", "lastName": "K"}], "count": 1, "type": "others"}], "summary": "1 like", "count": 1}, "id": "4e50f10a2271a1bdc3f328ed", "text": "Fried tofu w garlic dip is awesome...!", "type": "user", "user": {"gender": "male", "id": "9132736", "photo": {"prefix": "https://igx.4sqi.net/img/user/", "suffix": "/UAYPDFLRRYDDNQ1P.jpg"}, "firstName": "Jason", "lastName": "Z"}, "canonicalUrl": "https://foursquare.com/item/4e50f10a2271a1bdc3f328ed", "todo": {"count": 0}, "disagreeCount": 0}, {"authorInteractionType": "liked", "logView": true, "lang": "en", "photo": {"id": "555fddc5498e27bf0898ee9e", "visibility": "public", "source": {"name": "Swarm for Android", "url": "https://www.swarmapp.com"}, "suffix": "/91649806_EW7EiawgOrH8ssZbsuqqql8RPGicXBVRcfoFX9ZpaN0.jpg", "createdAt": 1432346053, "prefix": "https://igx.4sqi.net/img/general/", "width": 960, "height": 720}, "createdAt": 1432346053, "todo": {"count": 0}, "agreeCount": 0, "likes": {"groups": [], "count": 0}, "id": "555fddc5498e27bf0898ee9f", "text": "Good food, but don't buy their chilly crab, its too sweet and gives a bad name to other Singaporean Chilly Crabs.", "disagreeCount": 0, "user": {"gender": "male", "id": "91649806", "photo": {"prefix": "https://igx.4sqi.net/img/user/", "suffix": "/91649806-DGJ33DHMGV3DKNNW.jpg"}, "firstName": "Chandra", "lastName": "Marsono"}, "canonicalUrl": "https://foursquare.com/item/555fddc5498e27bf0898ee9f", "type": "user", "photourl": "https://igx.4sqi.net/img/general/original/91649806_EW7EiawgOrH8ssZbsuqqql8RPGicXBVRcfoFX9ZpaN0.jpg"}, {"logView": true, "lang": "en", "createdAt": 1310473725, "agreeCount": 0, "likes": {"groups": [], "count": 0}, "id": "4e1c3dfd18386ff9be68202b", "text": "Ol' skool. Yummy.", "type": "user", "user": {"gender": "female", "id": "8919978", "photo": {"prefix": "https://igx.4sqi.net/img/user/", "suffix": "/QT3XZPRFKN1G2QWT.jpg"}, "firstName": "Regina", "lastName": "Ng"}, "canonicalUrl": "https://foursquare.com/item/4e1c3dfd18386ff9be68202b", "todo": {"count": 0}, "disagreeCount": 0}, {"logView": true, "lang": "en", "createdAt": 1307245815, "agreeCount": 0, "likes": {"groups": [], "count": 0}, "id": "4deafcf722713dd973a3ae99", "text": "Best Chicken Rice in town!! must Try", "type": "user", "user": {"id": "6750092", "photo": {"prefix": "https://igx.4sqi.net/img/user/", "suffix": "/6750092-WYOQBHOQMCTNFEGD.jpg"}, "firstName": "Eric", "gender": "male"}, "canonicalUrl": "https://foursquare.com/item/4deafcf722713dd973a3ae99", "todo": {"count": 0}, "disagreeCount": 0}, {"authorInteractionType": "meh", "logView": true, "lang": "en", "createdAt": 1417340307, "agreeCount": 0, "likes": {"groups": [], "count": 0}, "id": "547ae593498eac0ff5d7e2fa", "text": "Decent steamboat. But standard dropped.", "type": "user", "user": {"gender": "male", "id": "93120299", "photo": {"prefix": "https://igx.4sqi.net/img/user/", "suffix": "/93120299_KvmoccMg_9ECrAczpP3CQbVfQiYMKWuIAVdgS_u_23PjhT_hG6XgsUvZMmePnhK4KGjX4sq4S.jpg"}, "firstName": "Tuck-Fatt", "lastName": "Tong"}, "canonicalUrl": "https://foursquare.com/item/547ae593498eac0ff5d7e2fa", "todo": {"count": 0}, "disagreeCount": 0}, {"authorInteractionType": "liked", "logView": true, "lang": "th", "photo": {"id": "56b38014498e5ac0136bc891", "visibility": "public", "source": {"name": "Foursquare for iOS", "url": "https://foursquare.com/download/#/iphone"}, "suffix": "/5903799_cnGrFLX7caUZrIz0l5_B3jrZZI8t0Yfwjpmwx9JIGNY.jpg", "createdAt": 1454604308, "prefix": "https://igx.4sqi.net/img/general/", "width": 1440, "height": 1920}, "createdAt": 1454604302, "todo": {"count": 0}, "agreeCount": 0, "likes": {"groups": [], "count": 0}, "id": "56b3800e498ed0db84afe67a", "text": "\u0e44\u0e21\u0e48\u0e0a\u0e2d\u0e1a\u0e40\u0e25\u0e22 \u0e40\u0e02\u0e32\u0e1a\u0e2d\u0e01\u0e2d\u0e23\u0e48\u0e2d\u0e22\u0e2a\u0e33\u0e2b\u0e23\u0e31\u0e1a\u0e40\u0e23\u0e32\u0e19\u0e30\u0e44\u0e21\u0e48\u0e2d\u0e23\u0e48\u0e2d\u0e22", "disagreeCount": 0, "user": {"gender": "female", "id": "5903799", "photo": {"prefix": "https://igx.4sqi.net/img/user/", "suffix": "/5903799-TQ0D2MT2AIYSO1QS.jpg"}, "firstName": "JOY", "lastName": "RODJANAKUNSUWAN"}, "canonicalUrl": "https://foursquare.com/item/56b3800e498ed0db84afe67a", "type": "user", "photourl": "https://igx.4sqi.net/img/general/original/5903799_cnGrFLX7caUZrIz0l5_B3jrZZI8t0Yfwjpmwx9JIGNY.jpg"}, {"authorInteractionType": "liked", "logView": true, "lang": "en", "createdAt": 1365772876, "agreeCount": 0, "likes": {"groups": [], "count": 0}, "id": "51680a4ce4b081b085367f04", "text": "Chicken rice with fried mixed vegetables", "type": "user", "user": {"gender": "male", "id": "48661828", "photo": {"prefix": "https://igx.4sqi.net/img/user/", "suffix": "/N4G13MEMY3T5YV4P.jpg"}, "firstName": "Alberto", "lastName": "Piovezani"}, "canonicalUrl": "https://foursquare.com/item/51680a4ce4b081b085367f04", "todo": {"count": 0}, "disagreeCount": 0}, {"logView": true, "lang": "en", "createdAt": 1281697344, "agreeCount": 0, "likes": {"groups": [], "count": 0}, "id": "4c652640c74c1b8dab45b383", "text": "Their satay are nice too!", "type": "user", "user": {"gender": "female", "id": "1695908", "photo": {"prefix": "https://igx.4sqi.net/img/user/", "suffix": "/LPIUONKD4QWIBSN0.jpg"}, "firstName": "Wen", "lastName": "Ng"}, "canonicalUrl": "https://foursquare.com/item/4c652640c74c1b8dab45b383", "todo": {"count": 0}, "disagreeCount": 0}, {"logView": true, "lang": "en", "createdAt": 1337849542, "agreeCount": 0, "likes": {"groups": [], "count": 0}, "id": "4fbdf6c6e4b0accea5e86d6f", "text": "nice steam chicken", "type": "user", "user": {"gender": "male", "id": "27226330", "photo": {"prefix": "https://igx.4sqi.net/img/user/", "suffix": "/YSJE4IUZZWBARW4D.jpg"}, "firstName": "Sam", "lastName": "Ng"}, "canonicalUrl": "https://foursquare.com/item/4fbdf6c6e4b0accea5e86d6f", "todo": {"count": 0}, "disagreeCount": 0}, {"logView": true, "lang": "en", "photo": {"id": "5850cad4f7f8dd196fb8fadf", "visibility": "public", "source": {"name": "Swarm for iOS", "url": "https://www.swarmapp.com"}, "suffix": "/46819999_PM349gInn0MgabOBpGy4TXuTBXUvjDLcSQmx-xEI8d4.jpg", "createdAt": 1481689812, "prefix": "https://igx.4sqi.net/img/general/", "width": 1280, "height": 1920}, "createdAt": 1482596676, "todo": {"count": 0}, "agreeCount": 0, "likes": {"groups": [], "count": 0}, "id": "585ea1448cb34e16e9737326", "text": "I didn't like the \"steam\" ( actually it's boiled ) chicken ... the chicken didn't feel it's was fresh or probably soaked in water after cooking for too long . The chicken was quite tasteless \ud83d\ude13", "disagreeCount": 0, "user": {"gender": "male", "id": "46819999", "photo": {"prefix": "https://igx.4sqi.net/img/user/", "suffix": "/46819999-SSI3RGKO3VGGBRWU.jpg"}, "firstName": "Vincent", "lastName": "Ang"}, "canonicalUrl": "https://foursquare.com/item/585ea1448cb34e16e9737326", "type": "user", "photourl": "https://igx.4sqi.net/img/general/original/46819999_PM349gInn0MgabOBpGy4TXuTBXUvjDLcSQmx-xEI8d4.jpg"}, {"authorInteractionType": "liked", "logView": true, "lang": "en", "createdAt": 1379347188, "agreeCount": 0, "likes": {"groups": [], "count": 0}, "id": "52372af411d2ebd948d864b9", "text": "Fav steamboat place since childhood. Order extra servings of cockles and beef. Their zi char are also not bad. Love the stir fried bittergourd. Their chili is chicken rice Hainanese type. Yums!", "type": "user", "user": {"id": "12305570", "photo": {"prefix": "https://igx.4sqi.net/img/user/", "suffix": "/12305570-J3K4UGYLG55R2V4G.jpg"}, "firstName": "Saudade", "gender": "female"}, "canonicalUrl": "https://foursquare.com/item/52372af411d2ebd948d864b9", "todo": {"count": 0}, "disagreeCount": 0}, {"authorInteractionType": "liked", "logView": true, "lang": "en", "createdAt": 1491710086, "agreeCount": 0, "likes": {"groups": [], "count": 0}, "id": "58e9b0869465dd2961052bee", "text": "Food is good , come early as always crowded on weekend", "type": "user", "user": {"id": "399438", "photo": {"prefix": "https://igx.4sqi.net/img/user/", "suffix": "/399438-LHIRN0IGI1YNBGID.jpg"}, "firstName": "Amelialing", "gender": "female"}, "canonicalUrl": "https://foursquare.com/item/58e9b0869465dd2961052bee", "todo": {"count": 0}, "disagreeCount": 0}, {"logView": true, "lang": "en", "createdAt": 1293712176, "agreeCount": 0, "likes": {"groups": [], "count": 0}, "id": "4d1c7b30c17ff04dfedfc641", "text": "fav steamboat place... EVER!!!", "type": "user", "user": {"gender": "female", "id": "4890406", "photo": {"prefix": "https://igx.4sqi.net/img/user/", "suffix": "/OHZU2I5D0XXSQS2O.jpg"}, "firstName": "Ashlyn", "lastName": "Koh"}, "canonicalUrl": "https://foursquare.com/item/4d1c7b30c17ff04dfedfc641", "todo": {"count": 0}, "disagreeCount": 0}, {"logView": true, "lang": "en", "photo": {"id": "54d0810b498e7a57e48861bd", "visibility": "public", "source": {"name": "Swarm for iOS", "url": "https://www.swarmapp.com"}, "suffix": "/104163253_9-6m6iwV6AVCb4Nhja6bVOw7XaII-xVY8Z7tLkv8reY.jpg", "createdAt": 1422950667, "prefix": "https://igx.4sqi.net/img/general/", "width": 1920, "height": 1440}, "createdAt": 1422950667, "todo": {"count": 0}, "agreeCount": 0, "likes": {"groups": [], "count": 0}, "id": "54d0810b498e7a57e48861bf", "text": "Come here for chicken rice but not steamboat.", "disagreeCount": 0, "user": {"gender": "male", "id": "104163253", "photo": {"prefix": "https://igx.4sqi.net/img/user/", "suffix": "/104163253-IB3YNOTUKMSDLMNH.jpg"}, "firstName": "KC", "lastName": "Koo"}, "canonicalUrl": "https://foursquare.com/item/54d0810b498e7a57e48861bf", "type": "user", "photourl": "https://igx.4sqi.net/img/general/original/104163253_9-6m6iwV6AVCb4Nhja6bVOw7XaII-xVY8Z7tLkv8reY.jpg"}, {"logView": true, "lang": "en", "createdAt": 1377426261, "agreeCount": 0, "likes": {"groups": [], "count": 0}, "id": "5219db5511d265d404020ecd", "text": "deterioration in service, vegetables always sold out, prices keep increasing. nothing fantastic to shout about anymore...can find better steamboat places", "type": "user", "user": {"gender": "female", "id": "1490178", "photo": {"prefix": "https://igx.4sqi.net/img/user/", "suffix": "/2WFNTUFHATY2ONKU.jpg"}, "firstName": "Esther", "lastName": "C"}, "canonicalUrl": "https://foursquare.com/item/5219db5511d265d404020ecd", "todo": {"count": 0}, "disagreeCount": 0}, {"logView": true, "lang": "en", "createdAt": 1312280661, "agreeCount": 0, "likes": {"groups": [{"items": [], "count": 1, "type": "others"}], "summary": "1 like", "count": 1}, "id": "4e37d05522713b80b9ff925a", "text": "Everything is awesome.. it is a everything must try..", "type": "user", "user": {"id": "12075515", "photo": {"prefix": "https://igx.4sqi.net/img/user/", "suffix": "/12075515-JZP4MRGVAPT3SMLX.jpg"}, "firstName": "jayxtgyy", "gender": "female"}, "canonicalUrl": "https://foursquare.com/item/4e37d05522713b80b9ff925a", "todo": {"count": 0}, "disagreeCount": 0}, {"logView": true, "lang": "en", "createdAt": 1314622034, "agreeCount": 0, "likes": {"groups": [{"items": [], "count": 1, "type": "others"}], "summary": "1 like", "count": 1}, "id": "4e5b8a5262e1de72f70c4117", "text": "A lot of people here but steamboat is so so only. Nothing fantastic.", "type": "user", "user": {"gender": "female", "id": "2145611", "photo": {"prefix": "https://igx.4sqi.net/img/user/", "suffix": "/VHGYCUCALU2HXO1P.jpg"}, "firstName": "Irene", "lastName": "Low"}, "canonicalUrl": "https://foursquare.com/item/4e5b8a5262e1de72f70c4117", "todo": {"count": 0}, "disagreeCount": 0}, {"logView": true, "lang": "en", "createdAt": 1308310983, "agreeCount": 0, "likes": {"groups": [], "count": 0}, "id": "4dfb3dc745dd0d640c66f4d7", "text": "When they don't open up the extra rooms, tables are hard to come by. Be prepared to wait a long time!", "type": "user", "user": {"gender": "male", "id": "8595389", "photo": {"prefix": "https://igx.4sqi.net/img/user/", "suffix": "/5CRFHV0UWQHJHZYB.jpg"}, "firstName": "Bruce", "lastName": "Tan"}, "canonicalUrl": "https://foursquare.com/item/4dfb3dc745dd0d640c66f4d7", "todo": {"count": 0}, "disagreeCount": 0}, {"logView": true, "lang": "en", "createdAt": 1326535434, "agreeCount": 0, "likes": {"groups": [], "count": 0}, "id": "4f11530ae4b067f66f75876c", "text": "Beside the steamboat, chicken rice, hainanese pork chop & satay are a must.", "type": "user", "user": {"gender": "male", "id": "17583234", "photo": {"prefix": "https://igx.4sqi.net/img/user/", "suffix": "/ZEW2V0WIBIWL2NN2.jpg"}, "firstName": "Darren", "lastName": "Wee"}, "canonicalUrl": "https://foursquare.com/item/4f11530ae4b067f66f75876c", "todo": {"count": 0}, "disagreeCount": 0}, {"authorInteractionType": "liked", "logView": true, "lang": "en", "createdAt": 1466006329, "agreeCount": 0, "likes": {"groups": [], "count": 0}, "id": "57617b39498eb21b62bb81a1", "text": "Steamboat. Chicken rice. Satay. That is all.", "type": "user", "user": {"gender": "female", "id": "42668193", "photo": {"prefix": "https://igx.4sqi.net/img/user/", "suffix": "/TD0GT2403DBIQDT5.jpg"}, "firstName": "Elizabeth", "lastName": "Lee"}, "canonicalUrl": "https://foursquare.com/item/57617b39498eb21b62bb81a1", "todo": {"count": 0}, "disagreeCount": 0}, {"logView": true, "lang": "en", "createdAt": 1295763532, "agreeCount": 0, "likes": {"groups": [], "count": 0}, "id": "4d3bc84cfb4c548136ddce14", "text": "The food is not fantastic!!", "type": "user", "user": {"gender": "female", "id": "3516530", "photo": {"prefix": "https://igx.4sqi.net/img/user/", "suffix": "/5XFWKXJ4WPVQUPWG.jpg"}, "firstName": "Madeline", "lastName": "Chen"}, "canonicalUrl": "https://foursquare.com/item/4d3bc84cfb4c548136ddce14", "todo": {"count": 0}, "disagreeCount": 0}, {"logView": true, "lang": "en", "createdAt": 1301228684, "agreeCount": 0, "likes": {"groups": [], "count": 0}, "id": "4d8f2c8cd0855941e7880f87", "text": "the chicken is very white boneless and meaty..the chili sauce is nice..overall the food is satisfactory..rating 6.5/10", "type": "user", "user": {"gender": "male", "id": "7404709", "photo": {"prefix": "https://igx.4sqi.net/img/user/", "suffix": "/C43UC53JAE12GPXA.jpg"}, "firstName": "Mad", "lastName": "Fly"}, "canonicalUrl": "https://foursquare.com/item/4d8f2c8cd0855941e7880f87", "todo": {"count": 0}, "disagreeCount": 0}, {"logView": true, "lang": "en", "createdAt": 1418388856, "agreeCount": 0, "likes": {"groups": [], "count": 0}, "id": "548ae57811d2f627e63df18b", "text": "Lime Juice home make is so concentrate!!\ud83d\udc4d\ud83d\udc4d\ud83d\udc4d\ud83d\udc4d", "type": "user", "user": {"gender": "female", "id": "4067165", "photo": {"prefix": "https://igx.4sqi.net/img/user/", "suffix": "/MAJ5GICFMCAQ4TED.jpg"}, "firstName": "Aris", "lastName": "Sara"}, "canonicalUrl": "https://foursquare.com/item/548ae57811d2f627e63df18b", "todo": {"count": 0}, "disagreeCount": 0}, {"logView": true, "lang": "en", "createdAt": 1333714541, "agreeCount": 0, "likes": {"groups": [], "count": 0}, "id": "4f7ede6de4b0683814139a2d", "text": "Good food at good price. Pork chop n satay are must.", "type": "user", "user": {"gender": "male", "id": "1895160", "photo": {"prefix": "https://igx.4sqi.net/img/user/", "suffix": "/MFLEJSZO2RCP5NNT.jpg"}, "firstName": "Jeremy Loh", "lastName": "Kin Wah"}, "canonicalUrl": "https://foursquare.com/item/4f7ede6de4b0683814139a2d", "todo": {"count": 0}, "disagreeCount": 0}, {"logView": true, "lang": "en", "createdAt": 1342347689, "agreeCount": 0, "likes": {"groups": [], "count": 0}, "id": "500299a9e4b077d3504084b9", "text": "I like the chicken rice ! Its really good :)", "type": "user", "user": {"gender": "female", "id": "4204038", "photo": {"prefix": "https://igx.4sqi.net/img/user/", "suffix": "/ZGAGUALSBJTFBNVZ.jpg"}, "firstName": "Sinni", "lastName": "Koh"}, "canonicalUrl": "https://foursquare.com/item/500299a9e4b077d3504084b9", "todo": {"count": 0}, "disagreeCount": 0}, {"logView": true, "lang": "en", "createdAt": 1406724681, "agreeCount": 0, "likes": {"groups": [], "count": 0}, "id": "53d8ea49498ee8f4cfbf2755", "text": "Overrated! Really blant and mediocre flavor \ud83d\udc4e", "type": "user", "user": {"id": "2471222", "photo": {"prefix": "https://igx.4sqi.net/img/user/", "suffix": "/2471222-25UM5UNGP4UGPDSH.jpg"}, "firstName": "Sylvie Valentine", "gender": "female"}, "canonicalUrl": "https://foursquare.com/item/53d8ea49498ee8f4cfbf2755", "todo": {"count": 0}, "disagreeCount": 0}, {"logView": true, "lang": "af", "createdAt": 1318328721, "agreeCount": 0, "likes": {"groups": [{"items": [], "count": 1, "type": "others"}], "summary": "1 like", "count": 1}, "id": "4e941991b803d7c29306063a", "text": "Die die must try pork chop!", "type": "user", "user": {"id": "3666205", "photo": {"prefix": "https://igx.4sqi.net/img/user/", "suffix": "/3666205_mO2J4fUo_K08M2CxFQdxjSo4wVqZZjWBY1pUS5m5T1E-PPyh5eQRghw5ZuUPoT4FJEfZgHiyq.jpg"}, "firstName": "YiJin", "gender": "male"}, "canonicalUrl": "https://foursquare.com/item/4e941991b803d7c29306063a", "todo": {"count": 0}, "disagreeCount": 0}, {"logView": true, "lang": "en", "createdAt": 1377416274, "agreeCount": 1, "likes": {"groups": [{"items": [{"gender": "female", "id": "73623541", "photo": {"prefix": "https://igx.4sqi.net/img/user/", "suffix": "/73623541-T4GWWQOW2JHUZD1M.jpg"}, "firstName": "HUI", "lastName": "CHING"}], "count": 1, "type": "others"}], "summary": "1 like", "count": 1}, "id": "5219b45211d2aa6ed04f5ea5", "text": "Traditional family styled hainanese steamboat, chicken rice and satay.", "type": "user", "user": {"gender": "male", "id": "6220877", "photo": {"prefix": "https://igx.4sqi.net/img/user/", "suffix": "/433EFHJYZ2AOVNSW.jpg"}, "firstName": "Yew wing", "lastName": "Yip"}, "canonicalUrl": "https://foursquare.com/item/5219b45211d2aa6ed04f5ea5", "todo": {"count": 0}, "disagreeCount": 0}, {"logView": true, "lang": "en", "createdAt": 1288439918, "agreeCount": 0, "likes": {"groups": [], "count": 0}, "id": "4ccc086e063a721eb67f8b9a", "text": "Consistent great taste since when I was young. :)", "type": "user", "user": {"gender": "male", "id": "3570264", "photo": {"prefix": "https://igx.4sqi.net/img/user/", "suffix": "/LVQKO1NC0VCM3Y41.jpg"}, "firstName": "James", "lastName": "Li Zhiwei"}, "canonicalUrl": "https://foursquare.com/item/4ccc086e063a721eb67f8b9a", "todo": {"count": 0}, "disagreeCount": 0}, {"logView": true, "lang": "en", "createdAt": 1306257270, "todo": {"count": 0}, "agreeCount": 2, "likes": {"groups": [{"items": [{"gender": "female", "id": "6057930", "photo": {"prefix": "https://igx.4sqi.net/img/user/", "suffix": "/DQNOVGZCMM522R5H.jpg"}, "firstName": "Carol", "lastName": "Chan"}, {"gender": "female", "id": "5425461", "photo": {"prefix": "https://igx.4sqi.net/img/user/", "suffix": "/F0G01PQYQYYXVNJA.jpg"}, "firstName": "Daphne Adrienne", "lastName": "Chua"}], "count": 2, "type": "others"}], "summary": "2 likes", "count": 2}, "id": "4ddbe77622719ef54b544580", "text": "Old-school. Rowdy. Crowded. Rude. And delicious.", "disagreeCount": 0, "url": "http://www.goscoville.com", "user": {"gender": "male", "id": "271024", "photo": {"prefix": "https://igx.4sqi.net/img/user/", "suffix": "/X3SBT00THGFSPEYV.jpg"}, "firstName": "Michael", "lastName": "Feng"}, "canonicalUrl": "https://foursquare.com/item/4ddbe77622719ef54b544580", "type": "user"}, {"logView": true, "lang": "en", "createdAt": 1448373007, "agreeCount": 0, "likes": {"groups": [], "count": 0}, "id": "56546b0f498e744f3d4570a5", "text": "Nothing too special about the food here actually. The fried batter prawns were good though", "type": "user", "user": {"id": "30562435", "photo": {"prefix": "https://igx.4sqi.net/img/user/", "suffix": "/30562435_hUw1KD7B_ShBcKe1imgkwRIttRjSGO9rGggBEWarx0l83VA3x8LWxHTxNyKMDTzJOlCFgvJC1.jpg"}, "firstName": "minzyiii", "gender": "female"}, "canonicalUrl": "https://foursquare.com/item/56546b0f498e744f3d4570a5", "todo": {"count": 0}, "disagreeCount": 0}, {"logView": true, "lang": "en", "createdAt": 1314621129, "agreeCount": 0, "likes": {"groups": [{"items": [], "count": 1, "type": "others"}], "summary": "1 like", "count": 1}, "id": "4e5b86c9b99373257a0475d6", "text": "The service staff r rude n the food is so so. Nothing fantastic.", "type": "user", "user": {"gender": "female", "id": "4312252", "photo": {"prefix": "https://igx.4sqi.net/img/user/", "suffix": "/BTH0ZPCPPVH4GQON.jpg"}, "firstName": "Eileen", "lastName": "Teo"}, "canonicalUrl": "https://foursquare.com/item/4e5b86c9b99373257a0475d6", "todo": {"count": 0}, "disagreeCount": 0}, {"logView": true, "lang": "en", "createdAt": 1275802852, "agreeCount": 1, "likes": {"groups": [{"items": [{"gender": "male", "id": "2832533", "photo": {"prefix": "https://igx.4sqi.net/img/user/", "suffix": "/2832533_0BdFoucg_HvaAT_EWq1SneSZFe1-CX0Bu-RFy7fzF5JtCoqU-KouZi9wMCgkkSwDIUnJ_hdYy.jpg"}, "firstName": "Nigel \u0e44\u0e19\u0e40\u0e08\u0e25", "lastName": "Choi"}], "count": 9, "type": "others"}], "summary": "9 likes", "count": 9}, "id": "4c0b34e4ffb8c9b662056d61", "text": "The 'chicken' rice is full of flavour.", "type": "user", "user": {"gender": "male", "id": "156194", "photo": {"prefix": "https://igx.4sqi.net/img/user/", "suffix": "/156194-13DFYMAAO2K0DKPO.jpg"}, "firstName": "Wee Liat", "lastName": "Tan"}, "canonicalUrl": "https://foursquare.com/item/4c0b34e4ffb8c9b662056d61", "todo": {"count": 0}, "disagreeCount": 0}, {"logView": true, "lang": "en", "createdAt": 1271592330, "agreeCount": 1, "likes": {"groups": [{"items": [{"gender": "male", "id": "2832533", "photo": {"prefix": "https://igx.4sqi.net/img/user/", "suffix": "/2832533_0BdFoucg_HvaAT_EWq1SneSZFe1-CX0Bu-RFy7fzF5JtCoqU-KouZi9wMCgkkSwDIUnJ_hdYy.jpg"}, "firstName": "Nigel \u0e44\u0e19\u0e40\u0e08\u0e25", "lastName": "Choi"}], "count": 1, "type": "others"}], "summary": "1 like", "count": 1}, "id": "4bcaf58a70c603bbb84b98b4", "text": "Steamboat here is gd stuff! And the hainanese chicken and pork chops!", "type": "user", "user": {"gender": "male", "id": "241442", "photo": {"prefix": "https://igx.4sqi.net/img/user/", "suffix": "/241442-PFB2QR3YPC3FX25V.jpg"}, "firstName": "LH", "lastName": "Sim"}, "canonicalUrl": "https://foursquare.com/item/4bcaf58a70c603bbb84b98b4", "todo": {"count": 2}, "disagreeCount": 0}, {"logView": true, "lang": "zh", "createdAt": 1315521555, "agreeCount": 0, "likes": {"groups": [], "count": 0}, "id": "4e6944131495d5f7212dd280", "text": "\u8c6c\u8089\u6c99\u7239\uff0c\u6d77\u5357\u70b8\u8c6c\u6392\uff0c\u767d\u65ac\u96de\uff0c\u71d2\u8089\uff01\u8d0a\uff01\u6e6f\u982d\u4e5f\u8d85\u8d0a\uff01\u50f9\u9322\u5927\u4f17\u5316\uff01\u508d\u665a\uff17\u9ede\u904e\u5f8c\u5f9e\u9ec3\u91d1\u5ee3\u5834\u5e95\u5c64\u7684\u9580\u6703\u95dc\u4e86\uff0c\u5fc5\u9808\u5f9e\u53e6\u4e00\u500b\u5ee3\u5834\u7684\u9580\u53e3\u901a\u904e\u53bb\u5730\u5c64\u3002", "type": "user", "user": {"gender": "female", "id": "4726043", "photo": {"prefix": "https://igx.4sqi.net/img/user/", "suffix": "/5OFWCPE453CMRU5T.jpg"}, "firstName": "Jessie", "lastName": "Low"}, "canonicalUrl": "https://foursquare.com/item/4e6944131495d5f7212dd280", "todo": {"count": 0}, "disagreeCount": 0}, {"logView": true, "lang": "en", "photo": {"id": "57c07ec1cd10e5cf7fb604de", "visibility": "public", "source": {"name": "Foursquare for iOS", "url": "https://foursquare.com/download/#/iphone"}, "suffix": "/46819999_7-1DgtbhYqH5QLdkETOa5KIAlPl9ZsoIu96n1I5JL3g.jpg", "createdAt": 1472233153, "prefix": "https://igx.4sqi.net/img/general/", "width": 1440, "height": 1920}, "createdAt": 1472233150, "todo": {"count": 0}, "agreeCount": 0, "likes": {"groups": [], "count": 0}, "id": "57c07ebe498e295cc00e776f", "text": "The Hainanese Pork Chop here isn't bad , the sauce lack the taste of tomato ketchup. Sadly to me it had too much starch in the gravy \ud83d\ude2c", "disagreeCount": 0, "user": {"gender": "male", "id": "46819999", "photo": {"prefix": "https://igx.4sqi.net/img/user/", "suffix": "/46819999-SSI3RGKO3VGGBRWU.jpg"}, "firstName": "Vincent", "lastName": "Ang"}, "canonicalUrl": "https://foursquare.com/item/57c07ebe498e295cc00e776f", "type": "user", "photourl": "https://igx.4sqi.net/img/general/original/46819999_7-1DgtbhYqH5QLdkETOa5KIAlPl9ZsoIu96n1I5JL3g.jpg"}, {"logView": true, "lang": "id", "createdAt": 1381761574, "agreeCount": 0, "likes": {"groups": [], "count": 0}, "id": "525c0226498ea76cbd4da690", "text": "Makan sampi lebam hihuu", "type": "user", "user": {"id": "50960391", "photo": {"prefix": "https://igx.4sqi.net/img/user/", "suffix": "/2TYZX4ST4X5FFHCF.jpg"}, "firstName": "panjanglh", "gender": "male"}, "canonicalUrl": "https://foursquare.com/item/525c0226498ea76cbd4da690", "todo": {"count": 0}, "disagreeCount": 0}, {"logView": true, "lang": "en", "createdAt": 1407845517, "agreeCount": 0, "likes": {"groups": [], "count": 0}, "id": "53ea048d498e16924122e77e", "text": "Order the beef for the steamboat and ask for a raw egg and some fermented beancurd. Mix all together, cook and enjoy!", "type": "user", "user": {"gender": "male", "id": "212152", "photo": {"prefix": "https://igx.4sqi.net/img/user/", "suffix": "/CFWWQ5511BZ3DN5W.png"}, "firstName": "Bjorn", "lastName": "Yeo"}, "canonicalUrl": "https://foursquare.com/item/53ea048d498e16924122e77e", "todo": {"count": 0}, "disagreeCount": 0}, {"logView": true, "lang": "en", "createdAt": 1312715569, "agreeCount": 0, "likes": {"groups": [], "count": 0}, "id": "4e3e7331ae6045423672a999", "text": "Normal dishes. Will rate 5/10. More for family meal. Combination of chicken and steam boat reminds me of reunion dinner", "type": "user", "user": {"id": "5150457", "photo": {"prefix": "https://igx.4sqi.net/img/user/", "suffix": "/A45BMKOTOO2OVH0O.jpg"}, "firstName": "Wenxi", "gender": "none"}, "canonicalUrl": "https://foursquare.com/item/4e3e7331ae6045423672a999", "todo": {"count": 0}, "disagreeCount": 0}, {"authorInteractionType": "liked", "logView": true, "lang": "en", "createdAt": 1346246538, "agreeCount": 0, "likes": {"groups": [], "count": 0}, "id": "503e178ae4b01c9b2b0c146e", "text": "i like this...", "type": "user", "user": {"gender": "female", "id": "36073101", "photo": {"prefix": "https://igx.4sqi.net/img/user/", "suffix": "/SD5SITS3HJTCJANA.jpg"}, "firstName": "Roljaydeb", "lastName": "libres Campaner"}, "canonicalUrl": "https://foursquare.com/item/503e178ae4b01c9b2b0c146e", "todo": {"count": 0}, "disagreeCount": 0}, {"authorInteractionType": "liked", "logView": true, "lang": "en", "createdAt": 1392332168, "agreeCount": 0, "likes": {"groups": [], "count": 0}, "id": "52fd4d8811d24ed4821a317f", "text": "Hainanese chicken rice is good. Not yet reach heavenly level. Tips over here over rated. Service level at normal par.", "type": "user", "user": {"gender": "male", "id": "2832533", "photo": {"prefix": "https://igx.4sqi.net/img/user/", "suffix": "/2832533_0BdFoucg_HvaAT_EWq1SneSZFe1-CX0Bu-RFy7fzF5JtCoqU-KouZi9wMCgkkSwDIUnJ_hdYy.jpg"}, "firstName": "Nigel \u0e44\u0e19\u0e40\u0e08\u0e25", "lastName": "Choi"}, "canonicalUrl": "https://foursquare.com/item/52fd4d8811d24ed4821a317f", "todo": {"count": 0}, "disagreeCount": 0}, {"logView": true, "lang": "en", "createdAt": 1300621865, "agreeCount": 1, "likes": {"groups": [{"items": [{"gender": "female", "id": "67490872", "photo": {"prefix": "https://igx.4sqi.net/img/user/", "suffix": "/67490872-UFWLI45BGSJZFN40.jpg"}, "firstName": "Eileen", "lastName": "Lin"}], "count": 1, "type": "others"}], "summary": "1 like", "count": 1}, "id": "4d85ea298de9721e68ef4f51", "text": "Fantastic Pork Satay. The coffee is 9/10 - Hainan Boy", "type": "user", "user": {"gender": "male", "id": "897415", "photo": {"prefix": "https://igx.4sqi.net/img/user/", "suffix": "/CAG5P3M522OFTBE1.jpg"}, "firstName": "Melvyn", "lastName": "Lim"}, "canonicalUrl": "https://foursquare.com/item/4d85ea298de9721e68ef4f51", "todo": {"count": 0}, "disagreeCount": 0}, {"logView": true, "lang": "en", "createdAt": 1300186268, "agreeCount": 0, "likes": {"groups": [{"items": [], "count": 2, "type": "others"}], "summary": "2 likes", "count": 2}, "id": "4d7f449c870037044eab8099", "text": "What can I say!", "type": "user", "user": {"gender": "male", "id": "4556163", "photo": {"prefix": "https://igx.4sqi.net/img/user/", "suffix": "/QOBHOFNOQK3OVCJV.jpg"}, "firstName": "I-finishing", "lastName": "Jeffrey"}, "canonicalUrl": "https://foursquare.com/item/4d7f449c870037044eab8099", "todo": {"count": 0}, "disagreeCount": 0}, {"authorInteractionType": "liked", "logView": true, "lang": "en", "createdAt": 1386359775, "agreeCount": 3, "likes": {"groups": [{"items": [{"gender": "female", "id": "67490872", "photo": {"prefix": "https://igx.4sqi.net/img/user/", "suffix": "/67490872-UFWLI45BGSJZFN40.jpg"}, "firstName": "Eileen", "lastName": "Lin"}, {"gender": "male", "id": "72282353", "photo": {"prefix": "https://igx.4sqi.net/img/user/", "suffix": "/72282353-SFWNAW3CH3WTU3PN.jpg"}, "firstName": "Jopi", "lastName": "Ong"}, {"id": "72546866", "photo": {"prefix": "https://igx.4sqi.net/img/user/", "suffix": "/72546866-5SAOEM5B1V25OPX4.jpg"}, "firstName": "Lineileen", "gender": "female"}], "count": 3, "type": "others"}], "summary": "3 likes", "count": 3}, "id": "52a22bdf498ec1d8588d29ec", "text": "Don't forget to order their pork satay !! Yummmy ! And ask for ' dao ju 'to add in the soup .. & end off the meal with their roasted hainanese kopi .. All will be awesome :)", "type": "user", "user": {"gender": "female", "id": "67490872", "photo": {"prefix": "https://igx.4sqi.net/img/user/", "suffix": "/67490872-UFWLI45BGSJZFN40.jpg"}, "firstName": "Eileen", "lastName": "Lin"}, "canonicalUrl": "https://foursquare.com/item/52a22bdf498ec1d8588d29ec", "todo": {"count": 0}, "disagreeCount": 0}, {"logView": true, "lang": "en", "createdAt": 1315736853, "agreeCount": 0, "likes": {"groups": [], "count": 0}, "id": "4e6c8d15483b1f5ebe1eb05e", "text": "Chicken rice is heavenly... Chicken chop is nicely fried ... Wif e pupp", "type": "user", "user": {"id": "4446342", "photo": {"prefix": "https://igx.4sqi.net/img/user/", "suffix": "/4446342-HQQKDORF0SWS4QOQ.jpg"}, "firstName": "Lavin", "gender": "female"}, "canonicalUrl": "https://foursquare.com/item/4e6c8d15483b1f5ebe1eb05e", "todo": {"count": 0}, "disagreeCount": 0}, {"logView": true, "lang": "en", "createdAt": 1325241726, "agreeCount": 0, "likes": {"groups": [], "count": 0}, "id": "4efd957e4690f6ece80a0aba", "text": "Love the steamboat n chix rice!!yummy! Where can u find such fresh n delicious steamboat nowadays? Am sick of the ah tiong style steAmboat buffet", "type": "user", "user": {"id": "18235991", "photo": {"prefix": "https://igx.4sqi.net/img/user/", "suffix": "/B15O4SFEKNISNB5Z.jpg"}, "firstName": "Ryan's Mommy", "gender": "female"}, "canonicalUrl": "https://foursquare.com/item/4efd957e4690f6ece80a0aba", "todo": {"count": 0}, "disagreeCount": 0}, {"logView": true, "lang": "en", "photo": {"id": "57c07fd2498e34ec23da8310", "visibility": "public", "source": {"name": "Foursquare for iOS", "url": "https://foursquare.com/download/#/iphone"}, "suffix": "/46819999_CEut1sawpQx3EdbIG7piV7UGycAosJSC-Y3wLrit45U.jpg", "createdAt": 1472233426, "prefix": "https://igx.4sqi.net/img/general/", "width": 1440, "height": 1920}, "createdAt": 1472233424, "todo": {"count": 0}, "agreeCount": 0, "likes": {"groups": [], "count": 0}, "id": "57c07fd0498e21cd5753e52d", "text": "In my opinion, the chicken isn't that great but it's ok . The chilli sauce was quite disappointing, it wasn't spicy plus it lacked the dash of vinegar . Rice was ok \ud83d\udc4d", "disagreeCount": 0, "user": {"gender": "male", "id": "46819999", "photo": {"prefix": "https://igx.4sqi.net/img/user/", "suffix": "/46819999-SSI3RGKO3VGGBRWU.jpg"}, "firstName": "Vincent", "lastName": "Ang"}, "canonicalUrl": "https://foursquare.com/item/57c07fd0498e21cd5753e52d", "type": "user", "photourl": "https://igx.4sqi.net/img/general/original/46819999_CEut1sawpQx3EdbIG7piV7UGycAosJSC-Y3wLrit45U.jpg"}, {"logView": true, "lang": "en", "createdAt": 1419522494, "agreeCount": 0, "likes": {"groups": [], "count": 0}, "id": "549c31be498e4a801279d059", "text": "Noisy, messy, crowded - just the right place for a traditional steamboat with friends and family.", "type": "user", "user": {"gender": "male", "id": "318615", "photo": {"prefix": "https://igx.4sqi.net/img/user/", "suffix": "/PSQKEV3JMATZNESV.jpg"}, "firstName": "VotreX", "lastName": "Tan"}, "canonicalUrl": "https://foursquare.com/item/549c31be498e4a801279d059", "todo": {"count": 0}, "disagreeCount": 0}, {"authorInteractionType": "liked", "logView": true, "lang": "en", "createdAt": 1491710146, "todo": {"count": 0}, "agreeCount": 1, "likes": {"groups": [{"items": [], "count": 1, "type": "others"}], "summary": "1 like", "count": 1}, "lastVoteText": "Upvoted May 4", "id": "58e9b0c230ecc66c015feb2c", "text": "The chicken rice smell so good.. normally I don't eat rice but here it makes me add rice", "disagreeCount": 0, "lastUpvoteTimestamp": 1493886095, "user": {"id": "399438", "photo": {"prefix": "https://igx.4sqi.net/img/user/", "suffix": "/399438-LHIRN0IGI1YNBGID.jpg"}, "firstName": "Amelialing", "gender": "female"}, "canonicalUrl": "https://foursquare.com/item/58e9b0c230ecc66c015feb2c", "type": "user"}, {"logView": true, "lang": "en", "createdAt": 1283477755, "agreeCount": 0, "likes": {"groups": [], "count": 0}, "id": "4c8050fbe63376b07009a53d", "text": "The Hainanese pork chops are simply the best I've ever had! Do order the satay as well, the sauce is great.", "type": "user", "user": {"gender": "female", "id": "1766108", "photo": {"prefix": "https://igx.4sqi.net/img/user/", "suffix": "/A33A5211RL1GDHDT.jpg"}, "firstName": "Weiru", "lastName": "T"}, "canonicalUrl": "https://foursquare.com/item/4c8050fbe63376b07009a53d", "todo": {"count": 0}, "disagreeCount": 0}, {"logView": true, "lang": "en", "createdAt": 1338549915, "agreeCount": 0, "likes": {"groups": [], "count": 0}, "id": "4fc8a69be4b031d74b74ac6a", "text": "Chilli sauce taste funny", "type": "user", "user": {"gender": "male", "id": "1366249", "photo": {"prefix": "https://igx.4sqi.net/img/user/", "suffix": "/RRW3AD5WGDSKLJX4.jpg"}, "firstName": "Hu", "lastName": "Tianfa"}, "canonicalUrl": "https://foursquare.com/item/4fc8a69be4b031d74b74ac6a", "todo": {"count": 0}, "disagreeCount": 0}, {"logView": true, "lang": "en", "createdAt": 1283652471, "agreeCount": 4, "likes": {"groups": [{"items": [{"gender": "male", "id": "24956782", "photo": {"prefix": "https://igx.4sqi.net/img/user/", "suffix": "/24956782-SUEO5KX01RXDHYVI.jpg"}, "firstName": "Kharlitos", "lastName": "Barabas"}, {"id": "7081489", "photo": {"prefix": "https://irs0.4sqi.net/img/user/", "suffix": "/HL1NQD40DZWAO4LT.jpg"}, "firstName": "Wei", "gender": "male"}, {"id": "5006232", "photo": {"prefix": "https://igx.4sqi.net/img/user/", "suffix": "/4YNO30Z4QXGWUGY1.jpg"}, "firstName": "SHERYLLLLL.", "gender": "female"}, {"gender": "male", "id": "2114752", "photo": {"prefix": "https://igx.4sqi.net/img/user/", "suffix": "/VXSBY2UPCSZOA1OK.jpg"}, "firstName": "Jason", "lastName": "Wong"}], "count": 4, "type": "others"}], "summary": "4 likes", "count": 4}, "id": "4c82fb7747cc224b49ad8b9f", "text": "Chicken rice with steamboat~superb! Love the garlic chilli sauce too! Always pack of ppl on weekends..;)", "type": "user", "user": {"gender": "female", "id": "1250796", "photo": {"prefix": "https://igx.4sqi.net/img/user/", "suffix": "/SEHDDQ4TZFY4REWE.jpg"}, "firstName": "Gar", "lastName": "Gar"}, "canonicalUrl": "https://foursquare.com/item/4c82fb7747cc224b49ad8b9f", "todo": {"count": 5}, "disagreeCount": 0}, {"logView": true, "lang": "en", "createdAt": 1374927392, "agreeCount": 0, "likes": {"groups": [], "count": 0}, "id": "51f3ba20498e42cc37b00661", "text": "2 years later: food is still awesome. Kopi still very Hainan. Thank you...", "type": "user", "user": {"gender": "male", "id": "897415", "photo": {"prefix": "https://igx.4sqi.net/img/user/", "suffix": "/CAG5P3M522OFTBE1.jpg"}, "firstName": "Melvyn", "lastName": "Lim"}, "canonicalUrl": "https://foursquare.com/item/51f3ba20498e42cc37b00661", "todo": {"count": 0}, "disagreeCount": 0}, {"authorInteractionType": "liked", "logView": true, "lang": "en", "photo": {"id": "55427b57498e54afe6916ed2", "visibility": "public", "source": {"name": "Foursquare for iOS", "url": "https://foursquare.com/download/#/iphone"}, "suffix": "/67490872_Q374JYY07zc_D53tr1CniGJfhJjl27DmtsOSVfJzy-A.jpg", "createdAt": 1430420311, "prefix": "https://igx.4sqi.net/img/general/", "width": 1440, "height": 1440}, "createdAt": 1411843098, "todo": {"count": 0}, "agreeCount": 1, "likes": {"groups": [{"items": [{"gender": "male", "id": "96913344", "photo": {"prefix": "https://igx.4sqi.net/img/user/", "suffix": "/96913344-SMGAR0IIJHFCFFPF.jpg"}, "firstName": "Nyi", "lastName": "Shein"}], "count": 1, "type": "others"}], "summary": "1 like", "count": 1}, "id": "5427041a498e9fd7425ed3f9", "text": "Pork satay & authentic hainanese chicken rice .. The rice is sooo good ! Steamboat soup starts from $45 .. All thumbs up !!! Their hainanese kopi is great too !", "disagreeCount": 0, "user": {"gender": "female", "id": "67490872", "photo": {"prefix": "https://igx.4sqi.net/img/user/", "suffix": "/67490872-UFWLI45BGSJZFN40.jpg"}, "firstName": "Eileen", "lastName": "Lin"}, "canonicalUrl": "https://foursquare.com/item/5427041a498e9fd7425ed3f9", "type": "user", "photourl": "https://igx.4sqi.net/img/general/original/67490872_Q374JYY07zc_D53tr1CniGJfhJjl27DmtsOSVfJzy-A.jpg"}, {"logView": true, "lang": "en", "createdAt": 1312025469, "agreeCount": 0, "likes": {"groups": [], "count": 0}, "id": "4e33eb7d7d8b6946c1f38791", "text": "Best to reach before 7p on weekends.else it hard to even get a table for 2.Roast pork so so only.most ppl are here for steamboat :)", "type": "user", "user": {"gender": "male", "id": "760642", "photo": {"prefix": "https://igx.4sqi.net/img/user/", "default": true, "suffix": "/blank_boy.png"}, "firstName": "Bar", "lastName": "X"}, "canonicalUrl": "https://foursquare.com/item/4e33eb7d7d8b6946c1f38791", "todo": {"count": 0}, "disagreeCount": 0}, {"logView": true, "lang": "en", "createdAt": 1411906425, "agreeCount": 0, "likes": {"groups": [], "count": 0}, "id": "5427fb79498ed25dfe982de4", "text": "Food here sucks. Service sucks.", "type": "user", "user": {"gender": "female", "id": "4475333", "photo": {"prefix": "https://igx.4sqi.net/img/user/", "suffix": "/TUV2QXRPGRZXCVJH.jpg"}, "firstName": "Cheryl", "lastName": "Yap"}, "canonicalUrl": "https://foursquare.com/item/5427fb79498ed25dfe982de4", "todo": {"count": 0}, "disagreeCount": 0}, {"logView": true, "lang": "en", "photo": {"id": "53f9e45d11d2f25635b6209c", "visibility": "public", "source": {"name": "Foursquare for iOS", "url": "https://foursquare.com/download/#/iphone"}, "suffix": "/4334678_M_R1DgMJsTTYFuY9N8m2LSfRar0rLmqnd1WFZ4LBiYo.jpg", "createdAt": 1408885853, "prefix": "https://igx.4sqi.net/img/general/", "width": 960, "height": 581}, "createdAt": 1408885846, "todo": {"count": 0}, "agreeCount": 0, "likes": {"groups": [], "count": 0}, "id": "53f9e456498e91728cd004f9", "text": "Dinz with the boy and famz !", "disagreeCount": 0, "user": {"gender": "female", "id": "4334678", "photo": {"prefix": "https://igx.4sqi.net/img/user/", "suffix": "/4334678-QHAFB52I13CVE4A0.jpg"}, "firstName": "Juvena", "lastName": "Chia"}, "canonicalUrl": "https://foursquare.com/item/53f9e456498e91728cd004f9", "type": "user", "photourl": "https://igx.4sqi.net/img/general/original/4334678_M_R1DgMJsTTYFuY9N8m2LSfRar0rLmqnd1WFZ4LBiYo.jpg"}], "count": 57}}}