{"meta": {"code": 200, "requestId": "595a48376a6071143892a91f"}, "response": {"tips": {"items": [{"logView": true, "lang": "en", "createdAt": 1364536080, "agreeCount": 0, "likes": {"groups": [], "count": 0}, "id": "51552b10e4b0e4124c3c2503", "text": "Set lunch on weekdays great value", "type": "user", "user": {"gender": "male", "id": "25219261", "photo": {"prefix": "https://igx.4sqi.net/img/user/", "suffix": "/DFG2NUUNSYAPT3UI.jpg"}, "firstName": "Danesha", "lastName": "Marasinghe"}, "canonicalUrl": "https://foursquare.com/item/51552b10e4b0e4124c3c2503", "todo": {"count": 0}, "disagreeCount": 0}, {"logView": true, "lang": "en", "createdAt": 1379337914, "agreeCount": 0, "likes": {"groups": [], "count": 0}, "id": "523706ba11d29ab4fa47fbc5", "text": "Daily set lunch at $30++ is pretty decent with good variety of choices. Creme br\u00fbl\u00e9e too sweet though.", "type": "user", "user": {"id": "55390456", "photo": {"prefix": "https://igx.4sqi.net/img/user/", "suffix": "/55390456_xjGWfjYZ_UAMBNliBjCxql6WleMj7JVZzY9y3t2_6WtR-3ecn7WlfLcMpWqn7tIYj_11T_fb-.jpg"}, "firstName": "Ting", "gender": "female"}, "canonicalUrl": "https://foursquare.com/item/523706ba11d29ab4fa47fbc5", "todo": {"count": 0}, "disagreeCount": 0}, {"authorInteractionType": "liked", "logView": true, "lang": "en", "photo": {"id": "54324340498e415b7090fe49", "visibility": "public", "source": {"name": "Foursquare for Android", "url": "https://foursquare.com/download/#/android"}, "suffix": "/1156235_JKkN9zKlXOFPo_F9_m9oqrL_fTut2ccm8OQmSmL2tGE.jpg", "createdAt": 1412580160, "prefix": "https://igx.4sqi.net/img/general/", "width": 1520, "height": 1520}, "createdAt": 1412580156, "todo": {"count": 0}, "agreeCount": 0, "likes": {"groups": [], "count": 0}, "id": "5432433c498e331724eb17b8", "text": "Excellent beef goulash and chicken mains from the lunch set menu. Only $30++ for a 3 course lunch everyday!", "disagreeCount": 0, "user": {"gender": "female", "id": "1156235", "photo": {"prefix": "https://igx.4sqi.net/img/user/", "suffix": "/1156235-YO5AUT0DVEWGWWAX.jpg"}, "firstName": "Jess", "lastName": "C"}, "canonicalUrl": "https://foursquare.com/item/5432433c498e331724eb17b8", "type": "user", "photourl": "https://igx.4sqi.net/img/general/original/1156235_JKkN9zKlXOFPo_F9_m9oqrL_fTut2ccm8OQmSmL2tGE.jpg"}, {"logView": true, "lang": "en", "createdAt": 1281200800, "agreeCount": 0, "likes": {"groups": [{"items": [], "count": 3, "type": "others"}], "summary": "3 likes", "count": 3}, "id": "4c5d92a0d25320a1a04fc67a", "text": "the mark of a good resto is its ability to deliver consistency. petit salut does it for me. escargot, onglet beef, choux buns. DEElicious...", "type": "user", "user": {"gender": "female", "id": "801322", "photo": {"prefix": "https://igx.4sqi.net/img/user/", "suffix": "/N2HG2WSE3F3XHDNO.jpg"}, "firstName": "eileen", "lastName": "lee"}, "canonicalUrl": "https://foursquare.com/item/4c5d92a0d25320a1a04fc67a", "todo": {"count": 1}, "disagreeCount": 0}, {"logView": true, "lang": "en", "createdAt": 1360994748, "agreeCount": 0, "likes": {"groups": [], "count": 0}, "id": "511f21bce4b0293c6e75765e", "text": "Service is not only slow, but poor.", "type": "user", "user": {"id": "9067512", "photo": {"prefix": "https://igx.4sqi.net/img/user/", "suffix": "/4O1DJOSU4OOQ2GBI.jpg"}, "firstName": "\u6369\u82b1", "gender": "male"}, "canonicalUrl": "https://foursquare.com/item/511f21bce4b0293c6e75765e", "todo": {"count": 0}, "disagreeCount": 0}, {"logView": true, "lang": "en", "createdAt": 1306155100, "agreeCount": 0, "likes": {"groups": [{"items": [], "count": 1, "type": "others"}], "summary": "1 like", "count": 1}, "id": "4dda585c45ddced820cb74ed", "text": "Never order their beef - especially medium rare black angus. They'll give you cooked beef.", "type": "user", "user": {"gender": "female", "id": "2462991", "photo": {"prefix": "https://igx.4sqi.net/img/user/", "suffix": "/HMMNPUIHWIT5BQ4Y.jpg"}, "firstName": "Ron", "lastName": "Ho"}, "canonicalUrl": "https://foursquare.com/item/4dda585c45ddced820cb74ed", "todo": {"count": 0}, "disagreeCount": 0}, {"logView": true, "lang": "en", "createdAt": 1276149214, "agreeCount": 0, "likes": {"groups": [], "count": 0}, "id": "4c107ddece57c928790882d2", "text": "The pasta set lunch is awesome !!", "type": "user", "user": {"gender": "male", "id": "952812", "photo": {"prefix": "https://igx.4sqi.net/img/user/", "suffix": "/AYHA2OUCYJB4JFUJ.jpg"}, "firstName": "Anselm", "lastName": "Chelliah"}, "canonicalUrl": "https://foursquare.com/item/4c107ddece57c928790882d2", "todo": {"count": 0}, "disagreeCount": 0}, {"logView": true, "lang": "en", "createdAt": 1329480644, "agreeCount": 0, "likes": {"groups": [], "count": 0}, "id": "4f3e43c4e4b01fd858b26032", "text": "Choux Buns are delicious!", "type": "user", "user": {"gender": "none", "id": "1196854", "photo": {"prefix": "https://igx.4sqi.net/img/user/", "suffix": "/RO4V2S5F30LQBIFO.jpg"}, "firstName": "B", "lastName": "A"}, "canonicalUrl": "https://foursquare.com/item/4f3e43c4e4b01fd858b26032", "todo": {"count": 0}, "disagreeCount": 0}, {"logView": true, "lang": "en", "createdAt": 1428492974, "agreeCount": 0, "likes": {"groups": [], "count": 0}, "id": "552512ae498effa8e0bc3ee0", "text": "This place has closed in Chip Bee.", "type": "user", "user": {"id": "1647152", "photo": {"prefix": "https://igx.4sqi.net/img/user/", "suffix": "/DAC0K0TMR0SJBS0A.jpg"}, "firstName": "ady", "gender": "female"}, "canonicalUrl": "https://foursquare.com/item/552512ae498effa8e0bc3ee0", "todo": {"count": 0}, "disagreeCount": 0}, {"logView": true, "lang": "en", "createdAt": 1302578768, "agreeCount": 0, "likes": {"groups": [], "count": 0}, "id": "4da3c6500f578cfa38dfc018", "text": "Come here for an affordable lunch or dinner..very reasonable price with big portions of food!!", "type": "user", "user": {"gender": "male", "id": "6548019", "photo": {"prefix": "https://igx.4sqi.net/img/user/", "suffix": "/5H0FGTGYWVXGZ5V3.jpg"}, "firstName": "Ab", "lastName": "Dilly"}, "canonicalUrl": "https://foursquare.com/item/4da3c6500f578cfa38dfc018", "todo": {"count": 0}, "disagreeCount": 0}, {"logView": true, "lang": "en", "createdAt": 1285948418, "agreeCount": 0, "likes": {"groups": [], "count": 0}, "id": "4ca60402d971b1f7fcd3fbe0", "text": "Very decently priced set lunch & dinner here. Never disappoints including the choux buns which you would have to try if you love dessert.", "type": "user", "user": {"id": "1647152", "photo": {"prefix": "https://igx.4sqi.net/img/user/", "suffix": "/DAC0K0TMR0SJBS0A.jpg"}, "firstName": "ady", "gender": "female"}, "canonicalUrl": "https://foursquare.com/item/4ca60402d971b1f7fcd3fbe0", "todo": {"count": 0}, "disagreeCount": 0}, {"logView": true, "lang": "en", "createdAt": 1301639537, "agreeCount": 0, "likes": {"groups": [], "count": 0}, "id": "4d957171647d8cfae238a03d", "text": "The pork rillette entree and the onglet beef mains were great. And ended wonderfully with Creme br\u00fbl\u00e9e.", "type": "user", "user": {"gender": "male", "id": "5322987", "photo": {"prefix": "https://igx.4sqi.net/img/user/", "suffix": "/FJEICMN3TBAXLN5A.jpg"}, "firstName": "Derek", "lastName": "Teng"}, "canonicalUrl": "https://foursquare.com/item/4d957171647d8cfae238a03d", "todo": {"count": 0}, "disagreeCount": 0}, {"logView": true, "lang": "en", "createdAt": 1281201110, "agreeCount": 0, "likes": {"groups": [], "count": 0}, "id": "4c5d93d69b28d13a29e85970", "text": "set lunch menu is 5 bucks cheaper than its Dempsey cousin's!!", "type": "user", "user": {"gender": "female", "id": "801322", "photo": {"prefix": "https://igx.4sqi.net/img/user/", "suffix": "/N2HG2WSE3F3XHDNO.jpg"}, "firstName": "eileen", "lastName": "lee"}, "canonicalUrl": "https://foursquare.com/item/4c5d93d69b28d13a29e85970", "todo": {"count": 0}, "disagreeCount": 0}], "count": 13}}}