{"meta": {"code": 200, "requestId": "595a5601351e3d64b22776e7"}, "response": {"tips": {"items": [{"authorInteractionType": "liked", "logView": true, "lang": "en", "createdAt": 1377783278, "agreeCount": 0, "likes": {"groups": [], "count": 0}, "id": "521f4dee498e9641621a2cf8", "text": "Jest zywiec jest impreza! Oryginal beer from Poland! Highly recomendet!!!", "type": "user", "user": {"gender": "male", "id": "3265438", "photo": {"prefix": "https://igx.4sqi.net/img/user/", "suffix": "/L4X0RQ0EPEUW41W0.jpg"}, "firstName": "Pawel", "lastName": "Sokolowski"}, "canonicalUrl": "https://foursquare.com/item/521f4dee498e9641621a2cf8", "todo": {"count": 0}, "disagreeCount": 0}, {"logView": true, "lang": "en", "createdAt": 1295595034, "agreeCount": 0, "likes": {"groups": [], "count": 0}, "id": "4d39361a9ca8236ad27ab2e8", "text": "Ordered Pork Knuckle was advised to order something - got nothing", "type": "user", "user": {"id": "127157", "photo": {"prefix": "https://igx.4sqi.net/img/user/", "suffix": "/1WA0D4VQBE1YVW4I.jpg"}, "firstName": "nickjgordon", "gender": "male"}, "canonicalUrl": "https://foursquare.com/item/4d39361a9ca8236ad27ab2e8", "todo": {"count": 0}, "disagreeCount": 0}, {"authorInteractionType": "liked", "logView": true, "lang": "en", "createdAt": 1280068003, "agreeCount": 0, "likes": {"groups": [{"items": [], "count": 4, "type": "others"}], "summary": "4 likes", "count": 4}, "id": "4c4c49a342b4d13a5824df7f", "text": "Pork knuckle, beer and the sausages.", "type": "user", "user": {"gender": "male", "id": "409533", "photo": {"prefix": "https://igx.4sqi.net/img/user/", "suffix": "/409533-YA4ALVNL30N3UFGJ.jpg"}, "firstName": "Eugene", "lastName": "Yap"}, "canonicalUrl": "https://foursquare.com/item/4c4c49a342b4d13a5824df7f", "todo": {"count": 1}, "disagreeCount": 0}, {"logView": true, "lang": "en", "createdAt": 1314026367, "agreeCount": 1, "likes": {"groups": [{"items": [{"gender": "male", "id": "4992725", "photo": {"prefix": "https://igx.4sqi.net/img/user/", "suffix": "/NMGWE5ZLMKHLETL2.jpg"}, "firstName": "Vignesh", "lastName": "Kathiravelu"}], "count": 1, "type": "others"}], "summary": "1 like", "count": 1}, "id": "4e52737f18381362f72ea708", "text": "FOUR SMALL SAUSAGES DOES NOT A SAUSAGE PLATTER MAKE", "type": "user", "user": {"gender": "female", "id": "3257100", "photo": {"prefix": "https://igx.4sqi.net/img/user/", "suffix": "/VJWFN5S1VI2XJDKL.jpg"}, "firstName": "Debbie", "lastName": "Ding"}, "canonicalUrl": "https://foursquare.com/item/4e52737f18381362f72ea708", "todo": {"count": 0}, "disagreeCount": 0}, {"authorInteractionType": "liked", "logView": true, "lang": "en", "createdAt": 1410405256, "agreeCount": 0, "likes": {"groups": [], "count": 0}, "id": "54111388498edfb6ab645bff", "text": "If you like EPL, this is the place to watch it", "type": "user", "user": {"gender": "male", "id": "6092292", "photo": {"prefix": "https://igx.4sqi.net/img/user/", "suffix": "/6092292-SDL3QTX0XLNVFUL0.jpg"}, "firstName": "Ian", "lastName": "Nicolson"}, "canonicalUrl": "https://foursquare.com/item/54111388498edfb6ab645bff", "todo": {"count": 0}, "disagreeCount": 0}, {"logView": true, "lang": "en", "createdAt": 1321099787, "agreeCount": 0, "likes": {"groups": [], "count": 0}, "id": "4ebe620bf7907411601ffdd2", "text": "My favorite drink - Belgian Floris Framboise", "type": "user", "user": {"id": "16496539", "photo": {"prefix": "https://igx.4sqi.net/img/user/", "default": true, "suffix": "/blank_girl.png"}, "firstName": "Janet Low", "gender": "female"}, "canonicalUrl": "https://foursquare.com/item/4ebe620bf7907411601ffdd2", "todo": {"count": 0}, "disagreeCount": 0}, {"logView": true, "lang": "en", "createdAt": 1275917552, "agreeCount": 0, "likes": {"groups": [], "count": 0}, "id": "4c0cf4f07189c9281034d6b6", "text": "Pork knuckle is a must-try! Crispy and yummy", "type": "user", "user": {"gender": "none", "id": "1238289", "photo": {"prefix": "https://igx.4sqi.net/img/user/", "default": true, "suffix": "/blank_boy.png"}, "firstName": "Evelyn", "lastName": "Tan"}, "canonicalUrl": "https://foursquare.com/item/4c0cf4f07189c9281034d6b6", "todo": {"count": 0}, "disagreeCount": 0}, {"logView": true, "lang": "en", "createdAt": 1337347291, "agreeCount": 1, "likes": {"groups": [{"items": [{"gender": "male", "id": "4992725", "photo": {"prefix": "https://igx.4sqi.net/img/user/", "suffix": "/NMGWE5ZLMKHLETL2.jpg"}, "firstName": "Vignesh", "lastName": "Kathiravelu"}], "count": 1, "type": "others"}], "summary": "1 like", "count": 1}, "id": "4fb64cdbe4b0ec527a8d4182", "text": "Happy hour deal: Until 8:30pm. 40% off house pour, special price for a jug of Tiger beer", "type": "user", "user": {"gender": "male", "id": "231366", "photo": {"prefix": "https://igx.4sqi.net/img/user/", "suffix": "/231366-Q2ZSAEF50GYUXPDA.jpg"}, "firstName": "Cheen", "lastName": "The Curious"}, "canonicalUrl": "https://foursquare.com/item/4fb64cdbe4b0ec527a8d4182", "todo": {"count": 0}, "disagreeCount": 0}, {"logView": true, "lang": "en", "photo": {"id": "527f990a11d288a3071beef0", "visibility": "public", "source": {"name": "Foursquare for iOS", "url": "https://foursquare.com/download/#/iphone"}, "suffix": "/24173588_4oZP5BHdT62IlpOl9v29pmJ-7PfYcKGwD3PpnsQqHnc.jpg", "createdAt": 1384093962, "prefix": "https://igx.4sqi.net/img/general/", "width": 959, "height": 717}, "createdAt": 1384093959, "todo": {"count": 0}, "agreeCount": 0, "likes": {"groups": [], "count": 0}, "id": "527f9907498ecf5c6d3659f4", "text": "Awesome beer selection. Even Russian or Ukrainian for the home seek :)", "disagreeCount": 0, "user": {"gender": "male", "id": "24173588", "photo": {"prefix": "https://igx.4sqi.net/img/user/", "suffix": "/MY53LOBLFOKJEXK0.jpg"}, "firstName": "Dmitri", "lastName": "Fedotkin"}, "canonicalUrl": "https://foursquare.com/item/527f9907498ecf5c6d3659f4", "type": "user", "photourl": "https://igx.4sqi.net/img/general/original/24173588_4oZP5BHdT62IlpOl9v29pmJ-7PfYcKGwD3PpnsQqHnc.jpg"}, {"logView": true, "lang": "en", "createdAt": 1291389255, "agreeCount": 0, "likes": {"groups": [{"items": [], "count": 2, "type": "others"}], "summary": "2 likes", "count": 2}, "id": "4cf90947ce1da1cd2047cbe1", "text": "pork knuckle bee join and a Kelly. with chilling padi", "type": "user", "user": {"gender": "male", "id": "175501", "photo": {"prefix": "https://igx.4sqi.net/img/user/", "suffix": "/RJPDVHVK2XEZH5BB.jpg"}, "firstName": "Sherwin", "lastName": "Loh"}, "canonicalUrl": "https://foursquare.com/item/4cf90947ce1da1cd2047cbe1", "todo": {"count": 0}, "disagreeCount": 0}, {"authorInteractionType": "liked", "logView": true, "lang": "en", "createdAt": 1461947199, "agreeCount": 0, "likes": {"groups": [], "count": 0}, "id": "57238b3f498ed6f5cca7fe67", "text": "Pros:* Tasty food* Huge choice of beer", "type": "user", "user": {"gender": "male", "id": "39039758", "photo": {"prefix": "https://igx.4sqi.net/img/user/", "suffix": "/IBMTIZ0P2CYQYBCR.jpg"}, "firstName": "Konstantin", "lastName": "Lysenko"}, "canonicalUrl": "https://foursquare.com/item/57238b3f498ed6f5cca7fe67", "todo": {"count": 0}, "disagreeCount": 0}, {"logView": true, "lang": "en", "createdAt": 1291389295, "agreeCount": 0, "likes": {"groups": [{"items": [], "count": 2, "type": "others"}], "summary": "2 likes", "count": 2}, "id": "4cf9096f5698a093edb508fc", "text": "Pork knuckle with a Kwok, and chilling padi", "type": "user", "user": {"gender": "male", "id": "175501", "photo": {"prefix": "https://igx.4sqi.net/img/user/", "suffix": "/RJPDVHVK2XEZH5BB.jpg"}, "firstName": "Sherwin", "lastName": "Loh"}, "canonicalUrl": "https://foursquare.com/item/4cf9096f5698a093edb508fc", "todo": {"count": 1}, "disagreeCount": 0}, {"logView": true, "lang": "en", "createdAt": 1296305741, "agreeCount": 0, "likes": {"groups": [], "count": 0}, "id": "4d440e4d1928a35ddaa6b470", "text": "Yummy roasted sausages", "type": "user", "user": {"gender": "female", "id": "4704353", "photo": {"prefix": "https://igx.4sqi.net/img/user/", "suffix": "/35T12BAIYU3SBNT1.jpg"}, "firstName": "Kasey", "lastName": "Tan"}, "canonicalUrl": "https://foursquare.com/item/4d440e4d1928a35ddaa6b470", "todo": {"count": 0}, "disagreeCount": 0}, {"authorInteractionType": "meh", "logView": true, "lang": "en", "photo": {"id": "58e9094a2bc5e25437c60a2f", "visibility": "public", "source": {"name": "Foursquare for iOS", "url": "https://foursquare.com/download/#/iphone"}, "suffix": "/445426_b3mE_dgDSKTN7DT9J4LvXhekAYnM5mV17xb7zEKciF4.jpg", "createdAt": 1491667274, "prefix": "https://igx.4sqi.net/img/general/", "width": 1440, "height": 1920}, "createdAt": 1491667272, "todo": {"count": 0}, "agreeCount": 0, "likes": {"groups": [], "count": 0}, "id": "58e909489465dd2961397311", "text": "Business hours. Fri, Sat & PHols 11am till 3am", "disagreeCount": 0, "user": {"gender": "male", "id": "445426", "photo": {"prefix": "https://igx.4sqi.net/img/user/", "suffix": "/445426_u-y1pPrS_u6MllL7mbBUtKOFaQyVXLbqTMEObWhvCBzeMyM6KkgQAznshLKHfOyPfIHB3tqLX.jpg"}, "firstName": "Qaiser", "lastName": "Bachani"}, "canonicalUrl": "https://foursquare.com/item/58e909489465dd2961397311", "type": "user", "photourl": "https://igx.4sqi.net/img/general/original/445426_b3mE_dgDSKTN7DT9J4LvXhekAYnM5mV17xb7zEKciF4.jpg"}, {"logView": true, "lang": "en", "createdAt": 1295525889, "agreeCount": 3, "likes": {"groups": [{"items": [{"gender": "male", "id": "80090158", "photo": {"prefix": "https://igx.4sqi.net/img/user/", "default": true, "suffix": "/blank_boy.png"}, "firstName": "Jojo", "lastName": "Parulan"}, {"gender": "male", "id": "4992725", "photo": {"prefix": "https://igx.4sqi.net/img/user/", "suffix": "/NMGWE5ZLMKHLETL2.jpg"}, "firstName": "Vignesh", "lastName": "Kathiravelu"}, {"id": "32338387", "photo": {"prefix": "https://igx.4sqi.net/img/user/", "suffix": "/UVCERBWPCZNF5D5N.jpg"}, "firstName": "Vijay", "gender": "male"}], "count": 3, "type": "others"}], "summary": "3 likes", "count": 3}, "id": "4d382801159937047238b691", "text": "Good range of German beers n others as well. Food is good too", "type": "user", "user": {"gender": "male", "id": "5820001", "photo": {"prefix": "https://igx.4sqi.net/img/user/", "suffix": "/BEC3DFFJQ32KTAOW.jpg"}, "firstName": "Raoul", "lastName": "Thomas"}, "canonicalUrl": "https://foursquare.com/item/4d382801159937047238b691", "todo": {"count": 0}, "disagreeCount": 0}, {"logView": true, "lang": "en", "createdAt": 1276600495, "agreeCount": 0, "likes": {"groups": [], "count": 0}, "id": "4c1760aff256a5934d6eec3e", "text": "Best collection of beer ! Brrrrr", "type": "user", "user": {"gender": "male", "id": "1599284", "photo": {"prefix": "https://igx.4sqi.net/img/user/", "suffix": "/YOFWLKL1HRCL3MG0.jpg"}, "firstName": "Kenneth", "lastName": "Kong"}, "canonicalUrl": "https://foursquare.com/item/4c1760aff256a5934d6eec3e", "todo": {"count": 0}, "disagreeCount": 0}, {"logView": true, "lang": "en", "createdAt": 1410436328, "agreeCount": 1, "likes": {"groups": [{"items": [{"gender": "male", "id": "17816711", "photo": {"prefix": "https://igx.4sqi.net/img/user/", "suffix": "/17816711-QOS055P3FMC5U4TX.jpg"}, "firstName": "Benjamin", "lastName": "Ngeow"}], "count": 1, "type": "others"}], "summary": "1 like", "count": 1}, "id": "54118ce8498e8be3675eeeb7", "text": "Thumbs up for both their extremely comprehensive list of beer and short list of German snacks.", "type": "user", "user": {"gender": "male", "id": "17816711", "photo": {"prefix": "https://igx.4sqi.net/img/user/", "suffix": "/17816711-QOS055P3FMC5U4TX.jpg"}, "firstName": "Benjamin", "lastName": "Ngeow"}, "canonicalUrl": "https://foursquare.com/item/54118ce8498e8be3675eeeb7", "todo": {"count": 0}, "disagreeCount": 0}, {"logView": true, "lang": "en", "createdAt": 1404921634, "agreeCount": 0, "likes": {"groups": [], "count": 0}, "id": "53bd6722498e397aa291aee1", "text": "good stuff! nice music", "type": "user", "user": {"gender": "none", "id": "9203418", "photo": {"prefix": "https://igx.4sqi.net/img/user/", "default": true, "suffix": "/blank_boy.png"}, "firstName": "pen", "lastName": "lau"}, "canonicalUrl": "https://foursquare.com/item/53bd6722498e397aa291aee1", "todo": {"count": 0}, "disagreeCount": 0}, {"logView": true, "lang": "en", "createdAt": 1287238573, "agreeCount": 0, "likes": {"groups": [{"items": [], "count": 1, "type": "others"}], "summary": "1 like", "count": 1}, "id": "4cb9b3adc7228cfa049311ce", "text": "Asked for apple cider, got pear. Bf ordered a beer. A min later, waitress comes back and asks what he ordered :S", "type": "user", "user": {"gender": "female", "id": "415021", "photo": {"prefix": "https://igx.4sqi.net/img/user/", "suffix": "/SWKBBZN2MOGKWNVX.jpg"}, "firstName": "Selena", "lastName": "Soh"}, "canonicalUrl": "https://foursquare.com/item/4cb9b3adc7228cfa049311ce", "todo": {"count": 0}, "disagreeCount": 0}, {"logView": true, "lang": "en", "createdAt": 1335025136, "agreeCount": 0, "likes": {"groups": [], "count": 0}, "id": "4f92ddf0e4b04d6ccb488355", "text": "Try the Taybeh Beer - #palestine #beer and this is from Palestine.", "type": "user", "user": {"gender": "male", "id": "920227", "photo": {"prefix": "https://igx.4sqi.net/img/user/", "suffix": "/ZCUARU3THMVEMCXO.jpg"}, "firstName": "Manfred", "lastName": "Chua"}, "canonicalUrl": "https://foursquare.com/item/4f92ddf0e4b04d6ccb488355", "todo": {"count": 0}, "disagreeCount": 0}, {"logView": true, "lang": "en", "createdAt": 1444498963, "agreeCount": 0, "likes": {"groups": [], "count": 0}, "id": "56194e13498e3a60bc6de812", "text": "Wow. Been here twice and both times terrible. Is there no manager here. I dare you to take a wiff of their toilets.", "type": "user", "user": {"gender": "male", "id": "21643486", "photo": {"prefix": "https://igx.4sqi.net/img/user/", "suffix": "/N04B0IW3R5Q1VMW1.jpg"}, "firstName": "George", "lastName": "Gally"}, "canonicalUrl": "https://foursquare.com/item/56194e13498e3a60bc6de812", "todo": {"count": 0}, "disagreeCount": 0}, {"logView": true, "lang": "en", "createdAt": 1295437445, "agreeCount": 1, "likes": {"groups": [{"items": [{"gender": "male", "id": "4992725", "photo": {"prefix": "https://igx.4sqi.net/img/user/", "suffix": "/NMGWE5ZLMKHLETL2.jpg"}, "firstName": "Vignesh", "lastName": "Kathiravelu"}], "count": 1, "type": "others"}], "summary": "1 like", "count": 1}, "id": "4d36ce8576b3236afc7db479", "text": "The pork knuckle bee hoon is an unexpected winner. You can't find Sierra Nevada beer anywhere else either!", "type": "user", "user": {"gender": "none", "id": "5656007", "photo": {"prefix": "https://igx.4sqi.net/img/user/", "suffix": "/HPC0K1SQMOXITHUT.jpg"}, "firstName": "His Royal Hancurness", "lastName": "hancurman"}, "canonicalUrl": "https://foursquare.com/item/4d36ce8576b3236afc7db479", "todo": {"count": 0}, "disagreeCount": 0}, {"logView": true, "lang": "en", "createdAt": 1299241585, "agreeCount": 0, "likes": {"groups": [], "count": 0}, "id": "4d70da71430137043102fbb8", "text": "Pork knuckle and pick any beer highlighted. Awesome", "type": "user", "user": {"gender": "male", "id": "4058617", "photo": {"prefix": "https://igx.4sqi.net/img/user/", "suffix": "/D0JEMG2KBV52RJWO.jpg"}, "firstName": "Ryan", "lastName": "Tan"}, "canonicalUrl": "https://foursquare.com/item/4d70da71430137043102fbb8", "todo": {"count": 0}, "disagreeCount": 0}, {"logView": true, "lang": "en", "createdAt": 1338822749, "agreeCount": 0, "likes": {"groups": [], "count": 0}, "id": "4fccd05de4b0131cb47a95fb", "text": "Try the Egyptian beer, quite herbally", "type": "user", "user": {"gender": "male", "id": "26348382", "photo": {"prefix": "https://igx.4sqi.net/img/user/", "suffix": "/26348382-VPLPHLZSSWX124ZG.jpg"}, "firstName": "Barry", "lastName": "Evans"}, "canonicalUrl": "https://foursquare.com/item/4fccd05de4b0131cb47a95fb", "todo": {"count": 0}, "disagreeCount": 0}, {"logView": true, "lang": "en", "createdAt": 1377234586, "agreeCount": 0, "likes": {"groups": [], "count": 0}, "id": "5216ee9a498ee6d8a12a67f9", "text": "Fantastic selections of beer.", "type": "user", "user": {"gender": "male", "id": "29842917", "photo": {"prefix": "https://igx.4sqi.net/img/user/", "suffix": "/ELM5ACH4DUNV3YOI.jpg"}, "firstName": "Ah Lai", "lastName": "Huat Ah"}, "canonicalUrl": "https://foursquare.com/item/5216ee9a498ee6d8a12a67f9", "todo": {"count": 0}, "disagreeCount": 0}, {"authorInteractionType": "liked", "logView": true, "lang": "en", "createdAt": 1382351199, "agreeCount": 1, "likes": {"groups": [{"items": [{"id": "1334083", "photo": {"prefix": "https://igx.4sqi.net/img/user/", "suffix": "/FOVJMZVO4LRKJT4V.jpg"}, "firstName": "TravisD", "gender": "male"}], "count": 1, "type": "others"}], "summary": "1 like", "count": 1}, "id": "5265015f11d2d29646183f1f", "text": "If you want WiFi United Square has it free", "type": "user", "user": {"gender": "male", "id": "6092292", "photo": {"prefix": "https://igx.4sqi.net/img/user/", "suffix": "/6092292-SDL3QTX0XLNVFUL0.jpg"}, "firstName": "Ian", "lastName": "Nicolson"}, "canonicalUrl": "https://foursquare.com/item/5265015f11d2d29646183f1f", "todo": {"count": 0}, "disagreeCount": 0}, {"logView": true, "lang": "en", "createdAt": 1286122182, "agreeCount": 0, "likes": {"groups": [], "count": 0}, "id": "4ca8aac6f47ea143a6437721", "text": "Girls, check out the poster in the ladies': 26 good reasons why sausage is better than man. Lol", "type": "user", "user": {"gender": "female", "id": "415021", "photo": {"prefix": "https://igx.4sqi.net/img/user/", "suffix": "/SWKBBZN2MOGKWNVX.jpg"}, "firstName": "Selena", "lastName": "Soh"}, "canonicalUrl": "https://foursquare.com/item/4ca8aac6f47ea143a6437721", "todo": {"count": 1}, "disagreeCount": 0}, {"logView": true, "lang": "en", "createdAt": 1385205034, "agreeCount": 0, "likes": {"groups": [], "count": 0}, "id": "52908d2a11d20505fe33fafc", "text": "good food and drink selection. slightly pricey.", "type": "user", "user": {"gender": "none", "id": "9203418", "photo": {"prefix": "https://igx.4sqi.net/img/user/", "default": true, "suffix": "/blank_boy.png"}, "firstName": "pen", "lastName": "lau"}, "canonicalUrl": "https://foursquare.com/item/52908d2a11d20505fe33fafc", "todo": {"count": 0}, "disagreeCount": 0}, {"logView": true, "lang": "en", "createdAt": 1303473221, "agreeCount": 0, "likes": {"groups": [], "count": 0}, "id": "4db16c450437a93f7f87ae3c", "text": "The chocolate beer here is da bomb!", "type": "user", "user": {"gender": "female", "id": "2554982", "photo": {"prefix": "https://igx.4sqi.net/img/user/", "suffix": "/ZGFP0OCW2L54I4R1.jpg"}, "firstName": "Eleen", "lastName": "Por"}, "canonicalUrl": "https://foursquare.com/item/4db16c450437a93f7f87ae3c", "todo": {"count": 0}, "disagreeCount": 0}, {"logView": true, "lang": "en", "createdAt": 1296305811, "agreeCount": 0, "likes": {"groups": [], "count": 0}, "id": "4d440e93bbb1a143b1cd4172", "text": "Sweet Apple Beer", "type": "user", "user": {"gender": "female", "id": "4704353", "photo": {"prefix": "https://igx.4sqi.net/img/user/", "suffix": "/35T12BAIYU3SBNT1.jpg"}, "firstName": "Kasey", "lastName": "Tan"}, "canonicalUrl": "https://foursquare.com/item/4d440e93bbb1a143b1cd4172", "todo": {"count": 0}, "disagreeCount": 0}, {"logView": true, "lang": "en", "createdAt": 1313727155, "agreeCount": 1, "likes": {"groups": [{"items": [{"gender": "male", "id": "6092292", "photo": {"prefix": "https://igx.4sqi.net/img/user/", "suffix": "/6092292-SDL3QTX0XLNVFUL0.jpg"}, "firstName": "Ian", "lastName": "Nicolson"}], "count": 1, "type": "others"}], "summary": "1 like", "count": 1}, "id": "4e4de2b318a8af30fd6ffc5a", "text": "Franziskaner Kristal: clear light gold, with a huge and reasonably long-lasting white head. Muted banana notes, a easy-drinker.", "type": "user", "user": {"gender": "male", "id": "108271", "photo": {"prefix": "https://igx.4sqi.net/img/user/", "suffix": "/108271_Wh2gPzih_LOkonLzDWBJ38jzzOktQeiA38PoquiCuUSC2z0lMt2eySMmC-pHlekss_5CmnG-i.jpg"}, "firstName": "Damian", "lastName": "Koh"}, "canonicalUrl": "https://foursquare.com/item/4e4de2b318a8af30fd6ffc5a", "todo": {"count": 0}, "disagreeCount": 0}, {"authorInteractionType": "liked", "logView": true, "lang": "en", "createdAt": 1362140935, "agreeCount": 0, "likes": {"groups": [], "count": 0}, "id": "51309f07e4b0ef4e03d26c1b", "text": "Great selection of beers, try the Belgian Kwak. A strong Belgian ale with a very distinctive glass, like a mini yard glass (maybe a foot glass)", "type": "user", "user": {"gender": "male", "id": "6092292", "photo": {"prefix": "https://igx.4sqi.net/img/user/", "suffix": "/6092292-SDL3QTX0XLNVFUL0.jpg"}, "firstName": "Ian", "lastName": "Nicolson"}, "canonicalUrl": "https://foursquare.com/item/51309f07e4b0ef4e03d26c1b", "todo": {"count": 0}, "disagreeCount": 0}, {"logView": true, "lang": "en", "createdAt": 1397178193, "agreeCount": 0, "likes": {"groups": [], "count": 0}, "id": "53473f51498e19613d19ca67", "text": "Good beer selection, they Even have Lapinkulta here!", "type": "user", "user": {"gender": "male", "id": "12349927", "photo": {"prefix": "https://igx.4sqi.net/img/user/", "default": true, "suffix": "/blank_boy.png"}, "firstName": "Jari", "lastName": "Kuusela"}, "canonicalUrl": "https://foursquare.com/item/53473f51498e19613d19ca67", "todo": {"count": 0}, "disagreeCount": 0}, {"logView": true, "lang": "en", "createdAt": 1321099658, "agreeCount": 0, "likes": {"groups": [], "count": 0}, "id": "4ebe618af5b93923c0d8b5ac", "text": "My favourite drink - Be", "type": "user", "user": {"id": "16496539", "photo": {"prefix": "https://igx.4sqi.net/img/user/", "default": true, "suffix": "/blank_girl.png"}, "firstName": "Janet Low", "gender": "female"}, "canonicalUrl": "https://foursquare.com/item/4ebe618af5b93923c0d8b5ac", "todo": {"count": 0}, "disagreeCount": 0}, {"logView": true, "lang": "en", "createdAt": 1297602947, "agreeCount": 1, "likes": {"groups": [{"items": [{"gender": "male", "id": "4992725", "photo": {"prefix": "https://igx.4sqi.net/img/user/", "suffix": "/NMGWE5ZLMKHLETL2.jpg"}, "firstName": "Vignesh", "lastName": "Kathiravelu"}], "count": 1, "type": "others"}], "summary": "1 like", "count": 1}, "id": "4d57d983380ab1f74b1601f5", "text": "Wide selection of imported beers", "type": "user", "user": {"gender": "female", "id": "708366", "photo": {"prefix": "https://igx.4sqi.net/img/user/", "suffix": "/708366-AVMF3TNSEEMO0NSA.jpg"}, "firstName": "Vivien", "lastName": "Loh"}, "canonicalUrl": "https://foursquare.com/item/4d57d983380ab1f74b1601f5", "todo": {"count": 0}, "disagreeCount": 0}, {"logView": true, "lang": "en", "createdAt": 1286801757, "agreeCount": 1, "likes": {"groups": [{"items": [{"gender": "male", "id": "4992725", "photo": {"prefix": "https://igx.4sqi.net/img/user/", "suffix": "/NMGWE5ZLMKHLETL2.jpg"}, "firstName": "Vignesh", "lastName": "Kathiravelu"}], "count": 1, "type": "others"}], "summary": "1 like", "count": 1}, "id": "4cb3095def1b3704593b4f00", "text": "180 beer selections from all over the globe n must try the home made english mustard with sausages.", "type": "user", "user": {"gender": "male", "id": "3902465", "photo": {"prefix": "https://igx.4sqi.net/img/user/", "suffix": "/4PCKNOQB0IXCL03U.jpg"}, "firstName": "Kamran", "lastName": "Sathar"}, "canonicalUrl": "https://foursquare.com/item/4cb3095def1b3704593b4f00", "todo": {"count": 0}, "disagreeCount": 0}, {"logView": true, "lang": "en", "createdAt": 1327283722, "agreeCount": 1, "likes": {"groups": [{"items": [{"gender": "male", "id": "156017", "photo": {"prefix": "https://igx.4sqi.net/img/user/", "suffix": "/NBDGK3R4OT4LCC4R.jpg"}, "firstName": "Howard", "lastName": "Lo"}], "count": 1, "type": "others"}], "summary": "1 like", "count": 1}, "id": "4f1cbe0ae4b0d1a6570aa410", "text": "Pork knuckle bee hoon: Clever combo of German & local faves. D std dish I always order every visit", "type": "user", "user": {"gender": "male", "id": "231366", "photo": {"prefix": "https://igx.4sqi.net/img/user/", "suffix": "/231366-Q2ZSAEF50GYUXPDA.jpg"}, "firstName": "Cheen", "lastName": "The Curious"}, "canonicalUrl": "https://foursquare.com/item/4f1cbe0ae4b0d1a6570aa410", "todo": {"count": 0}, "disagreeCount": 0}, {"logView": true, "lang": "en", "createdAt": 1311500130, "agreeCount": 2, "likes": {"groups": [{"items": [{"id": "1334083", "photo": {"prefix": "https://igx.4sqi.net/img/user/", "suffix": "/FOVJMZVO4LRKJT4V.jpg"}, "firstName": "TravisD", "gender": "male"}, {"gender": "male", "id": "6885168", "photo": {"prefix": "https://igx.4sqi.net/img/user/", "suffix": "/KF5E33EGEHHOZVQJ.jpg"}, "firstName": "James", "lastName": "S"}], "count": 4, "type": "others"}], "summary": "4 likes", "count": 4}, "id": "4e2be76262e144b5d3b1715f", "text": "Better to sit outside so you don't have to hear the depressing music. Otherwise, a fabulous place", "type": "user", "user": {"gender": "male", "id": "3573265", "photo": {"prefix": "https://igx.4sqi.net/img/user/", "suffix": "/3573265-3TJUYY2LKHBPOKCE.jpg"}, "firstName": "Michael", "lastName": "Netzley"}, "canonicalUrl": "https://foursquare.com/item/4e2be76262e144b5d3b1715f", "todo": {"count": 0}, "disagreeCount": 0}, {"authorInteractionType": "liked", "logView": true, "lang": "en", "createdAt": 1462624730, "agreeCount": 0, "likes": {"groups": [], "count": 0}, "id": "572de1dacd10bace122b2fb5", "text": "Beer, sausages, pork knuckle", "type": "user", "user": {"gender": "none", "id": "74617042", "photo": {"prefix": "https://igx.4sqi.net/img/user/", "default": true, "suffix": "/blank_boy.png"}, "firstName": "Ramsey", "lastName": "Khalaf"}, "canonicalUrl": "https://foursquare.com/item/572de1dacd10bace122b2fb5", "todo": {"count": 0}, "disagreeCount": 0}, {"authorInteractionType": "liked", "logView": true, "lang": "en", "createdAt": 1407396514, "agreeCount": 0, "likes": {"groups": [], "count": 0}, "id": "53e32aa2498e7ebb6c08641a", "text": "Great local hangout with possibility to sit outside if you can take the heat.", "type": "user", "user": {"gender": "male", "id": "116431", "photo": {"prefix": "https://igx.4sqi.net/img/user/", "suffix": "/OKQWW43VA3H5KI2X.jpg"}, "firstName": "Martin", "lastName": "Frojd"}, "canonicalUrl": "https://foursquare.com/item/53e32aa2498e7ebb6c08641a", "todo": {"count": 0}, "disagreeCount": 0}, {"logView": true, "lang": "en", "createdAt": 1302354070, "agreeCount": 1, "likes": {"groups": [{"items": [{"gender": "male", "id": "4992725", "photo": {"prefix": "https://igx.4sqi.net/img/user/", "suffix": "/NMGWE5ZLMKHLETL2.jpg"}, "firstName": "Vignesh", "lastName": "Kathiravelu"}], "count": 1, "type": "others"}], "summary": "1 like", "count": 1}, "id": "4da0589658c2224b83f24f79", "text": "Large selection of beer!", "type": "user", "user": {"gender": "female", "id": "3680560", "photo": {"prefix": "https://igx.4sqi.net/img/user/", "suffix": "/GUIQMNPJGFSGEDTG.jpg"}, "firstName": "Yen Yen", "lastName": "Toh"}, "canonicalUrl": "https://foursquare.com/item/4da0589658c2224b83f24f79", "todo": {"count": 0}, "disagreeCount": 0}, {"authorInteractionType": "liked", "logView": true, "lang": "en", "photo": {"id": "552c62ac498efdab2f9502bc", "visibility": "public", "source": {"name": "Swarm for iOS", "url": "https://www.swarmapp.com"}, "suffix": "/55390456_-arqGgFtgApo5M6KRn2i1JlRomF4CX-3ICG_dMXubzQ.jpg", "createdAt": 1428972204, "prefix": "https://igx.4sqi.net/img/general/", "width": 1440, "height": 1920}, "createdAt": 1428972204, "todo": {"count": 0}, "agreeCount": 0, "likes": {"groups": [], "count": 0}, "id": "552c62ac498efdab2f9502bd", "text": "Huge selection of beer from all over the world, some exclusive to them. Try the Peruvian Cusque\u00f1a beer! Outdoor big screen showing football during match days and good service r a plus!", "disagreeCount": 0, "user": {"id": "55390456", "photo": {"prefix": "https://igx.4sqi.net/img/user/", "suffix": "/55390456_xjGWfjYZ_UAMBNliBjCxql6WleMj7JVZzY9y3t2_6WtR-3ecn7WlfLcMpWqn7tIYj_11T_fb-.jpg"}, "firstName": "Ting", "gender": "female"}, "canonicalUrl": "https://foursquare.com/item/552c62ac498efdab2f9502bd", "type": "user", "photourl": "https://igx.4sqi.net/img/general/original/55390456_-arqGgFtgApo5M6KRn2i1JlRomF4CX-3ICG_dMXubzQ.jpg"}, {"logView": true, "lang": "en", "createdAt": 1284377158, "agreeCount": 0, "likes": {"groups": [{"items": [], "count": 2, "type": "others"}], "summary": "2 likes", "count": 2}, "id": "4c8e0a461992a1cda9fdd9fb", "text": "Pork knuckle bee hoon is my all-time fav!", "type": "user", "user": {"gender": "female", "id": "1952773", "photo": {"prefix": "https://igx.4sqi.net/img/user/", "suffix": "/Q2RCXPRN5LVTDXYU.jpg"}, "firstName": "Aileen", "lastName": "Chan"}, "canonicalUrl": "https://foursquare.com/item/4c8e0a461992a1cda9fdd9fb", "todo": {"count": 1}, "disagreeCount": 0}, {"logView": true, "lang": "en", "createdAt": 1307241661, "agreeCount": 0, "likes": {"groups": [], "count": 0}, "id": "4deaecbd091af39272691c77", "text": "it's ok for me to go down there once a while to lack down on the arn-chair and enjoy the kilkenny on snail pace...", "type": "user", "user": {"gender": "male", "id": "1875875", "photo": {"prefix": "https://igx.4sqi.net/img/user/", "suffix": "/1875875-P4I4OV4JUOHXXGCA.jpg"}, "firstName": "Pohui", "lastName": "Ko"}, "canonicalUrl": "https://foursquare.com/item/4deaecbd091af39272691c77", "todo": {"count": 0}, "disagreeCount": 0}, {"logView": true, "lang": "en", "createdAt": 1382783905, "agreeCount": 0, "likes": {"groups": [], "count": 0}, "id": "526b9ba1498e923cb633fd72", "text": "A lots of different types of beer but the food is ordinary.", "type": "user", "user": {"gender": "male", "id": "51470687", "photo": {"prefix": "https://igx.4sqi.net/img/user/", "suffix": "/KFCOUF555UEVSAN3.jpg"}, "firstName": "Hianmin", "lastName": "Tan"}, "canonicalUrl": "https://foursquare.com/item/526b9ba1498e923cb633fd72", "todo": {"count": 0}, "disagreeCount": 0}, {"authorInteractionType": "meh", "logView": true, "lang": "en", "photo": {"id": "533d4e0b11d2209d346851f3", "visibility": "public", "source": {"name": "Foursquare for iOS", "url": "https://foursquare.com/download/#/iphone"}, "suffix": "/445426_gDI1tHXVIS-kH2I66ONuV-pI_c0fA3FTTcYk10K3_rg.jpg", "createdAt": 1396526603, "prefix": "https://igx.4sqi.net/img/general/", "width": 720, "height": 960}, "createdAt": 1396526600, "todo": {"count": 0}, "agreeCount": 0, "likes": {"groups": [], "count": 0}, "id": "533d4e0811d2e09061a92e3e", "text": "Every beer, I mean almost every beer under the sun in one place. All the beers from around the world.", "disagreeCount": 0, "user": {"gender": "male", "id": "445426", "photo": {"prefix": "https://igx.4sqi.net/img/user/", "suffix": "/445426_u-y1pPrS_u6MllL7mbBUtKOFaQyVXLbqTMEObWhvCBzeMyM6KkgQAznshLKHfOyPfIHB3tqLX.jpg"}, "firstName": "Qaiser", "lastName": "Bachani"}, "canonicalUrl": "https://foursquare.com/item/533d4e0811d2e09061a92e3e", "type": "user", "photourl": "https://igx.4sqi.net/img/general/original/445426_gDI1tHXVIS-kH2I66ONuV-pI_c0fA3FTTcYk10K3_rg.jpg"}, {"logView": true, "lang": "en", "createdAt": 1335018615, "agreeCount": 0, "likes": {"groups": [], "count": 0}, "id": "4f92c477e4b0f63924bc2b28", "text": "Try the Akosombo Beer - #ghana #beer", "type": "user", "user": {"gender": "male", "id": "920227", "photo": {"prefix": "https://igx.4sqi.net/img/user/", "suffix": "/ZCUARU3THMVEMCXO.jpg"}, "firstName": "Manfred", "lastName": "Chua"}, "canonicalUrl": "https://foursquare.com/item/4f92c477e4b0f63924bc2b28", "todo": {"count": 0}, "disagreeCount": 0}, {"logView": true, "lang": "en", "createdAt": 1378561351, "agreeCount": 0, "likes": {"groups": [], "count": 0}, "id": "522b2d4711d239b35af78d1e", "text": "Great selection of beers!", "type": "user", "user": {"gender": "male", "id": "12137572", "photo": {"prefix": "https://igx.4sqi.net/img/user/", "suffix": "/5ONSG0RTJSRDCVMC.jpg"}, "firstName": "Hc", "lastName": "Pek"}, "canonicalUrl": "https://foursquare.com/item/522b2d4711d239b35af78d1e", "todo": {"count": 0}, "disagreeCount": 0}, {"logView": true, "lang": "en", "createdAt": 1386902131, "agreeCount": 0, "likes": {"groups": [], "count": 0}, "id": "52aa727311d2ca799784eb95", "text": "Ordered Fillet Steak Medium Rare. It tasted really great and was cooked perfectly.", "type": "user", "user": {"gender": "male", "id": "1482870", "photo": {"prefix": "https://igx.4sqi.net/img/user/", "suffix": "/-NJ5O1WLYIG0QSMAT.jpg"}, "firstName": "Dnyan", "lastName": "Dharkar"}, "canonicalUrl": "https://foursquare.com/item/52aa727311d2ca799784eb95", "todo": {"count": 0}, "disagreeCount": 0}, {"logView": true, "lang": "en", "createdAt": 1296302630, "agreeCount": 1, "likes": {"groups": [{"items": [{"gender": "male", "id": "4992725", "photo": {"prefix": "https://igx.4sqi.net/img/user/", "suffix": "/NMGWE5ZLMKHLETL2.jpg"}, "firstName": "Vignesh", "lastName": "Kathiravelu"}], "count": 2, "type": "others"}], "summary": "2 likes", "count": 2}, "id": "4d4402264e5d37049d29e693", "text": "Not into beer?!? Try Apple beer then cos its sweet.. When it's out of stock, you'll have to wait for even months...", "type": "user", "user": {"gender": "female", "id": "4704353", "photo": {"prefix": "https://igx.4sqi.net/img/user/", "suffix": "/35T12BAIYU3SBNT1.jpg"}, "firstName": "Kasey", "lastName": "Tan"}, "canonicalUrl": "https://foursquare.com/item/4d4402264e5d37049d29e693", "todo": {"count": 0}, "disagreeCount": 0}], "count": 50}}}