{"meta": {"code": 200, "requestId": "595a53fe6a607114395cf7ce"}, "response": {"tips": {"items": [{"logView": true, "lang": "en", "createdAt": 1315142213, "agreeCount": 0, "likes": {"groups": [], "count": 0}, "id": "4e637a452271573ad80d8d18", "text": "Good food but Worst.Service.Ever", "type": "user", "user": {"gender": "female", "id": "3889174", "photo": {"prefix": "https://igx.4sqi.net/img/user/", "suffix": "/0103KLF0AP0R2Z1I.jpg"}, "firstName": "Eunice", "lastName": "Ng"}, "canonicalUrl": "https://foursquare.com/item/4e637a452271573ad80d8d18", "todo": {"count": 0}, "disagreeCount": 0}, {"authorInteractionType": "liked", "logView": true, "lang": "en", "createdAt": 1294565713, "agreeCount": 1, "likes": {"groups": [{"items": [{"gender": "female", "id": "6085167", "photo": {"prefix": "https://igx.4sqi.net/img/user/", "suffix": "/NZMNVBJCGRRIIKOQ.jpg"}, "firstName": "Vannessa", "lastName": "Sunaly"}], "count": 1, "type": "others"}], "summary": "1 like", "count": 1}, "id": "4d298151ebacb1f7109ffb4f", "text": "Great tasting fish steamboat. Don't expect service.", "type": "user", "user": {"gender": "male", "id": "240116", "photo": {"prefix": "https://igx.4sqi.net/img/user/", "suffix": "/240116-PUFV2FJ0Z0M3KGEF.jpg"}, "firstName": "Melvin", "lastName": "Chee"}, "canonicalUrl": "https://foursquare.com/item/4d298151ebacb1f7109ffb4f", "todo": {"count": 0}, "disagreeCount": 0}, {"logView": true, "lang": "en", "photo": {"id": "530e38ab498eff0b996ef414", "visibility": "public", "source": {"name": "Foursquare for iOS", "url": "https://foursquare.com/download/#/iphone"}, "suffix": "/67490872_sO9Z68_7fEdvsyfgZ-gquM9eNB4JlL3jwFJ4TkMmcc4.jpg", "createdAt": 1393440939, "prefix": "https://igx.4sqi.net/img/general/", "width": 720, "height": 720}, "createdAt": 1393440932, "todo": {"count": 0}, "agreeCount": 0, "likes": {"groups": [], "count": 0}, "id": "530e38a411d2bfb85c2f9492", "text": "Do head early to avoid crowds !!", "disagreeCount": 0, "user": {"gender": "female", "id": "67490872", "photo": {"prefix": "https://igx.4sqi.net/img/user/", "suffix": "/67490872-UFWLI45BGSJZFN40.jpg"}, "firstName": "Eileen", "lastName": "Lin"}, "canonicalUrl": "https://foursquare.com/item/530e38a411d2bfb85c2f9492", "type": "user", "photourl": "https://igx.4sqi.net/img/general/original/67490872_sO9Z68_7fEdvsyfgZ-gquM9eNB4JlL3jwFJ4TkMmcc4.jpg"}, {"logView": true, "lang": "en", "photo": {"id": "5411a00a498eea65b5f95414", "visibility": "public", "source": {"name": "Foursquare for iOS", "url": "https://foursquare.com/download/#/iphone"}, "suffix": "/30599435_3B_rI_jRN-SjL2Aa9XbbsXICcKbhQKPQ0NrolhtLUDE.jpg", "createdAt": 1410441226, "prefix": "https://igx.4sqi.net/img/general/", "width": 720, "height": 720}, "createdAt": 1410440955, "todo": {"count": 0}, "agreeCount": 1, "likes": {"groups": [{"items": [{"id": "2416267", "photo": {"prefix": "https://igx.4sqi.net/img/user/", "suffix": "/2416267_KucjsQEM_ScdU_2QSQAUHuzKmBVwkJjI1N_g1HGztwHiU1HR99IuZBaOJaUm2PG-HS1b9ZtFJ.jpg"}, "firstName": "Songhua", "gender": "male"}], "count": 1, "type": "others"}], "summary": "1 like", "count": 1}, "id": "54119efb498ec7b5326926ba", "text": "Fantastic garoupa fish head steamboat; fish is fresh, soup very tasty & flavorful. Their hei zhou, sambal sweet potato leaf & prawn paste chicken are good too. Come early to avoid dinner crowd.", "disagreeCount": 0, "user": {"gender": "male", "id": "30599435", "photo": {"prefix": "https://igx.4sqi.net/img/user/", "suffix": "/30599435_VFGwCGkP_KJZtGNkxWuKAloSRzZmkVQ0zaQ22sfzp1GTiHcwkgOeD8Kpzn2YsIzNIAYO3mggB.jpg"}, "firstName": "Jonathan", "lastName": "Lim"}, "canonicalUrl": "https://foursquare.com/item/54119efb498ec7b5326926ba", "type": "user", "photourl": "https://igx.4sqi.net/img/general/original/30599435_3B_rI_jRN-SjL2Aa9XbbsXICcKbhQKPQ0NrolhtLUDE.jpg"}, {"logView": true, "lang": "en", "createdAt": 1374639394, "agreeCount": 0, "likes": {"groups": [], "count": 0}, "id": "51ef5522498e7b5a6bed6c43", "text": "\ud83d\udcaa Tasty soup!", "type": "user", "user": {"gender": "female", "id": "19316824", "photo": {"prefix": "https://igx.4sqi.net/img/user/", "suffix": "/D5OATCTNDGOSKOWU.jpg"}, "firstName": "Suyi", "lastName": "Goh"}, "canonicalUrl": "https://foursquare.com/item/51ef5522498e7b5a6bed6c43", "todo": {"count": 0}, "disagreeCount": 0}, {"logView": true, "lang": "en", "createdAt": 1319634376, "agreeCount": 0, "likes": {"groups": [], "count": 0}, "id": "4ea805c8e5fa472d646993ae", "text": "Seriously got good until have to wait one hour for the food to come ornot. Good food but I won't come again to wait.", "type": "user", "user": {"gender": "female", "id": "4822442", "photo": {"prefix": "https://igx.4sqi.net/img/user/", "suffix": "/ZJUQ125ECSRMN35U.jpg"}, "firstName": "Renee", "lastName": "Lim"}, "canonicalUrl": "https://foursquare.com/item/4ea805c8e5fa472d646993ae", "todo": {"count": 0}, "disagreeCount": 0}, {"authorInteractionType": "disliked", "logView": true, "lang": "en", "createdAt": 1403700308, "agreeCount": 0, "likes": {"groups": [], "count": 0}, "id": "53aac454498e40499ee555b5", "text": "Terribad service as warned haha only reason u shd come back is if u like to be made to feel abused n ignored by surly non-responsive n overworked servers. Elsewise, there r plenty other gd stalls ard", "type": "user", "user": {"gender": "female", "id": "2392810", "photo": {"prefix": "https://igx.4sqi.net/img/user/", "suffix": "/TLSS5CX1EEQNSKAQ.jpg"}, "firstName": "Audrey", "lastName": "Tan"}, "canonicalUrl": "https://foursquare.com/item/53aac454498e40499ee555b5", "todo": {"count": 0}, "disagreeCount": 0}, {"logView": true, "lang": "en", "createdAt": 1287258160, "agreeCount": 3, "likes": {"groups": [{"items": [{"gender": "male", "id": "5586756", "photo": {"prefix": "https://igx.4sqi.net/img/user/", "suffix": "/L5ZNN2C5JHMWXWS0.jpg"}, "firstName": "Kenneth", "lastName": "Tan"}, {"gender": "none", "id": "2360091", "photo": {"prefix": "https://igx.4sqi.net/img/user/", "suffix": "/2360091-LLET1C3FTSNVP32F.jpg"}, "firstName": "Thomasina", "lastName": "Owch"}, {"gender": "male", "id": "5492787", "photo": {"prefix": "https://igx.4sqi.net/img/user/", "suffix": "/E2DFA4KJBY1CZ0PC.jpg"}, "firstName": "Samuel", "lastName": "Yourtypicalboy"}], "count": 7, "type": "others"}], "summary": "7 likes", "count": 7}, "id": "4cba00307148f04d6fe9d9ab", "text": "Good food, bad service!", "type": "user", "user": {"gender": "male", "id": "3987390", "photo": {"prefix": "https://igx.4sqi.net/img/user/", "suffix": "/VI1SXQPJWMU00PX2.jpg"}, "firstName": "Alton", "lastName": "Keh"}, "canonicalUrl": "https://foursquare.com/item/4cba00307148f04d6fe9d9ab", "todo": {"count": 0}, "disagreeCount": 0}, {"logView": true, "lang": "en", "createdAt": 1290783349, "agreeCount": 0, "likes": {"groups": [], "count": 0}, "id": "4cefca7528abb60cae83c409", "text": "The sambal kang kong... Wow! Nice\ue057", "type": "user", "user": {"gender": "female", "id": "4630628", "photo": {"prefix": "https://igx.4sqi.net/img/user/", "suffix": "/1FRSZOTXQ5NQMMKP.jpg"}, "firstName": "Ong", "lastName": "Xue er"}, "canonicalUrl": "https://foursquare.com/item/4cefca7528abb60cae83c409", "todo": {"count": 0}, "disagreeCount": 0}, {"authorInteractionType": "meh", "logView": true, "lang": "en", "createdAt": 1436009068, "agreeCount": 0, "likes": {"groups": [], "count": 0}, "id": "5597c26c498ea9b97cb62d11", "text": "Food: The food here is nice especially the fish head steamboat. Service: Sucks like hell. Ignore us many times and waiting time is very long, plus near the roadside so its kinda smelly when u eat", "type": "user", "user": {"gender": "female", "id": "19562456", "photo": {"prefix": "https://igx.4sqi.net/img/user/", "suffix": "/19562456_3OKtpypm_ujDgi-3V2J6K_13MSPlvq_bbnNKR591K7EcOLGlTV8p-K-ektSflskLzL6oCNbpS.jpg"}, "firstName": "Emvlyn", "lastName": "Ong"}, "canonicalUrl": "https://foursquare.com/item/5597c26c498ea9b97cb62d11", "todo": {"count": 0}, "disagreeCount": 0}, {"logView": true, "lang": "en", "createdAt": 1314796980, "agreeCount": 0, "likes": {"groups": [], "count": 0}, "id": "4e5e35b418a8c46e0831f0e7", "text": "Steamboat and ngoh hiang are good. But service is the shittiest that you can expect. 'take it or leave it' attitude", "type": "user", "user": {"gender": "female", "id": "1235933", "photo": {"prefix": "https://igx.4sqi.net/img/user/", "suffix": "/MFS1UFU3QRXTCRNN.jpg"}, "firstName": "Sandra", "lastName": "Koh"}, "canonicalUrl": "https://foursquare.com/item/4e5e35b418a8c46e0831f0e7", "todo": {"count": 0}, "disagreeCount": 0}, {"logView": true, "lang": "en", "createdAt": 1391684050, "agreeCount": 0, "likes": {"groups": [], "count": 0}, "id": "52f369d2498e9c16d057a4f2", "text": "Lousy service and attitude from staff and boss. Food isnt great either. Whampoa food centre has better fish head steamboat. Never coming back.", "type": "user", "user": {"gender": "male", "id": "8969006", "photo": {"prefix": "https://igx.4sqi.net/img/user/", "suffix": "/CXNQ41T1EZJPMPGS.jpg"}, "firstName": "Matthewww", "lastName": "C"}, "canonicalUrl": "https://foursquare.com/item/52f369d2498e9c16d057a4f2", "todo": {"count": 0}, "disagreeCount": 0}, {"logView": true, "lang": "en", "createdAt": 1366298599, "agreeCount": 0, "likes": {"groups": [], "count": 0}, "id": "51700fe7e4b0ef1e1f978fb6", "text": "Very bad service. Got scolded by aunty because it was my first time and i did not know i had to remember the table number. Scolded by cleaning uncle for waiting at wrong place while he set up table", "type": "user", "user": {"gender": "female", "id": "4800160", "photo": {"prefix": "https://igx.4sqi.net/img/user/", "suffix": "/DK1DJP3SBHXZG5QT.jpg"}, "firstName": "Ivian", "lastName": "Ng"}, "canonicalUrl": "https://foursquare.com/item/51700fe7e4b0ef1e1f978fb6", "todo": {"count": 0}, "disagreeCount": 0}, {"logView": true, "lang": "en", "createdAt": 1368446232, "agreeCount": 0, "likes": {"groups": [{"items": [], "count": 1, "type": "others"}], "summary": "1 like", "count": 1}, "id": "5190d518498e2b077cf74f03", "text": "More seats at the Backlane.", "type": "user", "user": {"gender": "female", "id": "140784", "photo": {"prefix": "https://igx.4sqi.net/img/user/", "suffix": "/YSUJTO1R41UCGIAV.jpg"}, "firstName": "Jona", "lastName": "Neo"}, "canonicalUrl": "https://foursquare.com/item/5190d518498e2b077cf74f03", "todo": {"count": 0}, "disagreeCount": 0}, {"logView": true, "lang": "en", "createdAt": 1318855038, "agreeCount": 0, "likes": {"groups": [], "count": 0}, "id": "4e9c217e61afc418ba59f83d", "text": "OMG tofu prawns?? Mad overated! Had the fish steamboat, that was good! Can ask to refill soup base, but got to wait for it. Prawn paste chicken, also so-so only. If I'll come back, it be for steamboat", "type": "user", "user": {"gender": "female", "id": "1756857", "photo": {"prefix": "https://igx.4sqi.net/img/user/", "suffix": "/HEZ3V2KUXWVCMXO0.jpg"}, "firstName": "Charmaine", "lastName": "Ngium"}, "canonicalUrl": "https://foursquare.com/item/4e9c217e61afc418ba59f83d", "todo": {"count": 0}, "disagreeCount": 0}, {"logView": true, "lang": "en", "createdAt": 1279633831, "agreeCount": 0, "likes": {"groups": [{"items": [], "count": 1, "type": "others"}], "summary": "1 like", "count": 1}, "id": "4c45a9a72d3ec9b6d88630ae", "text": "Its pretty dirty here", "type": "user", "user": {"gender": "male", "id": "2149669", "photo": {"prefix": "https://igx.4sqi.net/img/user/", "default": true, "suffix": "/blank_boy.png"}, "firstName": "jeremy", "lastName": "seah"}, "canonicalUrl": "https://foursquare.com/item/4c45a9a72d3ec9b6d88630ae", "todo": {"count": 0}, "disagreeCount": 0}, {"logView": true, "lang": "en", "createdAt": 1290333778, "agreeCount": 1, "likes": {"groups": [{"items": [{"gender": "male", "id": "24643403", "photo": {"prefix": "https://igx.4sqi.net/img/user/", "default": true, "suffix": "/blank_boy.png"}, "firstName": "Hancong", "lastName": "Leong"}], "count": 1, "type": "others"}], "summary": "1 like", "count": 1}, "id": "4ce8ee52d99f721e3999b373", "text": "Awesome steamboat place! But no aircon!", "type": "user", "user": {"id": "3449473", "photo": {"prefix": "https://igx.4sqi.net/img/user/", "default": true, "suffix": "/blank_boy.png"}, "firstName": "noti.nino", "gender": "none"}, "canonicalUrl": "https://foursquare.com/item/4ce8ee52d99f721e3999b373", "todo": {"count": 0}, "disagreeCount": 0}, {"authorInteractionType": "liked", "logView": true, "lang": "en", "createdAt": 1289221929, "agreeCount": 0, "likes": {"groups": [], "count": 0}, "id": "4cd7f729145fa1cd66ea03bd", "text": "Good n nice!! Budget too.. Been eating here since 20yrs ago.. Still taste e same Yummy..", "type": "user", "user": {"id": "3124019", "photo": {"prefix": "https://igx.4sqi.net/img/user/", "suffix": "/LYJSGUOZH3KFKCW0.jpg"}, "firstName": "Freakoley", "gender": "female"}, "canonicalUrl": "https://foursquare.com/item/4cd7f729145fa1cd66ea03bd", "todo": {"count": 0}, "disagreeCount": 0}, {"logView": true, "lang": "en", "createdAt": 1339841718, "agreeCount": 0, "likes": {"groups": [], "count": 0}, "id": "4fdc5cb6e4b05dcaeb2504e2", "text": "Tofu prawn is overated!", "type": "user", "user": {"id": "397210", "photo": {"prefix": "https://igx.4sqi.net/img/user/", "suffix": "/RBPMIAZZTCB4O4US.jpg"}, "firstName": "Wilfred", "gender": "male"}, "canonicalUrl": "https://foursquare.com/item/4fdc5cb6e4b05dcaeb2504e2", "todo": {"count": 0}, "disagreeCount": 0}, {"logView": true, "lang": "en", "createdAt": 1293967741, "agreeCount": 0, "likes": {"groups": [], "count": 0}, "id": "4d20617de56f6ea8ffa7741d", "text": "good steamboat fish and charcoal.. service quality so so..", "type": "user", "user": {"gender": "male", "id": "5112642", "photo": {"prefix": "https://igx.4sqi.net/img/user/", "suffix": "/JFL4R1MHGEDDOJEZ.jpg"}, "firstName": "Chris", "lastName": "Char"}, "canonicalUrl": "https://foursquare.com/item/4d20617de56f6ea8ffa7741d", "todo": {"count": 0}, "disagreeCount": 0}, {"logView": true, "lang": "en", "createdAt": 1319634512, "agreeCount": 0, "likes": {"groups": [], "count": 0}, "id": "4ea80650be7b572daacfc030", "text": "They lost the order and totally forgot about us. We waited close to 2hrs. Bullshit place.", "type": "user", "user": {"gender": "female", "id": "4822442", "photo": {"prefix": "https://igx.4sqi.net/img/user/", "suffix": "/ZJUQ125ECSRMN35U.jpg"}, "firstName": "Renee", "lastName": "Lim"}, "canonicalUrl": "https://foursquare.com/item/4ea80650be7b572daacfc030", "todo": {"count": 0}, "disagreeCount": 0}, {"logView": true, "lang": "en", "createdAt": 1381667141, "agreeCount": 0, "likes": {"groups": [], "count": 0}, "id": "525a914511d2cf480aba398a", "text": "Do yourself a favour and don't come on weekends and peak hours. The staff cannot handle full capacity.", "type": "user", "user": {"gender": "female", "id": "4572965", "photo": {"prefix": "https://igx.4sqi.net/img/user/", "suffix": "/WSEANCWBNYWHBYOF.jpg"}, "firstName": "Joo chin", "lastName": "Tay"}, "canonicalUrl": "https://foursquare.com/item/525a914511d2cf480aba398a", "todo": {"count": 0}, "disagreeCount": 0}, {"logView": true, "lang": "en", "createdAt": 1375248195, "agreeCount": 0, "likes": {"groups": [], "count": 0}, "id": "51f89f43498ea32698380484", "text": "Always reach before 6pm if you wanna get seats!", "type": "user", "user": {"id": "5934512", "photo": {"prefix": "https://igx.4sqi.net/img/user/", "suffix": "/N3MR2XJ2HMEI5RZ2.jpg"}, "firstName": "Shawo", "gender": "female"}, "canonicalUrl": "https://foursquare.com/item/51f89f43498ea32698380484", "todo": {"count": 0}, "disagreeCount": 0}, {"logView": true, "lang": "en", "createdAt": 1300014992, "agreeCount": 0, "likes": {"groups": [], "count": 0}, "id": "4d7ca7905a396dcba6f878fb", "text": "Try the prawn paste chicken and tofu prawn", "type": "user", "user": {"gender": "male", "id": "7370074", "photo": {"prefix": "https://igx.4sqi.net/img/user/", "suffix": "/FIJCMBDIDV3LTJDS.jpg"}, "firstName": "Derick", "lastName": "Tan"}, "canonicalUrl": "https://foursquare.com/item/4d7ca7905a396dcba6f878fb", "todo": {"count": 0}, "disagreeCount": 0}, {"logView": true, "lang": "en", "createdAt": 1341745416, "agreeCount": 1, "likes": {"groups": [{"items": [{"gender": "female", "id": "1918888", "photo": {"prefix": "https://igx.4sqi.net/img/user/", "suffix": "/RBQ2CXTRZEJDZLKO.jpg"}, "firstName": "Ashley", "lastName": "Chen"}], "count": 1, "type": "others"}], "summary": "1 like", "count": 1}, "id": "4ff96908e4b058e16605f4df", "text": "The \u8c46\u8150\u867e is a must", "type": "user", "user": {"gender": "male", "id": "22277121", "photo": {"prefix": "https://igx.4sqi.net/img/user/", "suffix": "/AUGYUYYICDFJLMQE.jpg"}, "firstName": "Ashton", "lastName": "Lee"}, "canonicalUrl": "https://foursquare.com/item/4ff96908e4b058e16605f4df", "todo": {"count": 0}, "disagreeCount": 0}, {"logView": true, "lang": "en", "createdAt": 1410441117, "agreeCount": 0, "likes": {"groups": [], "count": 0}, "id": "54119f9d498eefd3067ece55", "text": "Felt their tofu prawn was quite average though; the gravy was diluted and quite bland.", "type": "user", "user": {"gender": "male", "id": "30599435", "photo": {"prefix": "https://igx.4sqi.net/img/user/", "suffix": "/30599435_VFGwCGkP_KJZtGNkxWuKAloSRzZmkVQ0zaQ22sfzp1GTiHcwkgOeD8Kpzn2YsIzNIAYO3mggB.jpg"}, "firstName": "Jonathan", "lastName": "Lim"}, "canonicalUrl": "https://foursquare.com/item/54119f9d498eefd3067ece55", "todo": {"count": 0}, "disagreeCount": 0}, {"logView": true, "lang": "en", "createdAt": 1293967563, "agreeCount": 0, "likes": {"groups": [], "count": 0}, "id": "4d2060cb5acaa35ded57c735", "text": "Superb food n generous portion but service definitely sucks!", "type": "user", "user": {"id": "5059707", "photo": {"prefix": "https://igx.4sqi.net/img/user/", "suffix": "/031DBPYMIS2DQZFA.jpg"}, "firstName": "mez", "gender": "female"}, "canonicalUrl": "https://foursquare.com/item/4d2060cb5acaa35ded57c735", "todo": {"count": 0}, "disagreeCount": 0}, {"logView": true, "lang": "en", "createdAt": 1300012282, "agreeCount": 0, "likes": {"groups": [], "count": 0}, "id": "4d7c9cfacf3f370431495440", "text": "Try the back alley seating, very old school", "type": "user", "user": {"gender": "male", "id": "6721551", "photo": {"prefix": "https://igx.4sqi.net/img/user/", "suffix": "/DUKF24K12GTMLVQ3.jpg"}, "firstName": "Slayer", "lastName": "Fong"}, "canonicalUrl": "https://foursquare.com/item/4d7c9cfacf3f370431495440", "todo": {"count": 0}, "disagreeCount": 0}, {"authorInteractionType": "meh", "logView": true, "lang": "en", "photo": {"id": "579cc6b6498ed7939fc03556", "visibility": "public", "source": {"name": "Swarm for iOS", "url": "https://www.swarmapp.com"}, "suffix": "/129491502_MhFoqNtpkOcpDcNcdpP_J0cT3mm5bCCwzm737TzEkRk.jpg", "createdAt": 1469892278, "prefix": "https://igx.4sqi.net/img/general/", "width": 1440, "height": 1920}, "createdAt": 1469892278, "todo": {"count": 0}, "agreeCount": 0, "likes": {"groups": [], "count": 0}, "id": "579cc6b6498ed7939fc03557", "text": "Surprisingly my favourite were the zi char dishes will prawn rolls, fried chicken wings and the pork chop King. Best to seat in the open area for a nice cool breeze.", "disagreeCount": 0, "user": {"gender": "female", "id": "129491502", "photo": {"prefix": "https://igx.4sqi.net/img/user/", "suffix": "/129491502-JUY23AGYKIQJ1USY.jpg"}, "firstName": "Celine", "lastName": "Ong"}, "canonicalUrl": "https://foursquare.com/item/579cc6b6498ed7939fc03557", "type": "user", "photourl": "https://igx.4sqi.net/img/general/original/129491502_MhFoqNtpkOcpDcNcdpP_J0cT3mm5bCCwzm737TzEkRk.jpg"}, {"logView": true, "lang": "en", "createdAt": 1396549018, "agreeCount": 0, "likes": {"groups": [], "count": 0}, "id": "533da59a498e8dee9699f929", "text": "Service. Sorry doesn't actually exist. Order at the counter with your table number. When youre done and haven't paid the bill. You can probably walk off. It means they didn't register anything.", "type": "user", "user": {"gender": "none", "id": "2360091", "photo": {"prefix": "https://igx.4sqi.net/img/user/", "suffix": "/2360091-LLET1C3FTSNVP32F.jpg"}, "firstName": "Thomasina", "lastName": "Owch"}, "canonicalUrl": "https://foursquare.com/item/533da59a498e8dee9699f929", "todo": {"count": 0}, "disagreeCount": 0}, {"authorInteractionType": "liked", "logView": true, "lang": "en", "createdAt": 1424005001, "agreeCount": 0, "likes": {"groups": [], "count": 0}, "id": "54e09789498e04e7e2188366", "text": "Hay-chor is good!", "type": "user", "user": {"gender": "female", "id": "10879545", "photo": {"prefix": "https://igx.4sqi.net/img/user/", "suffix": "/FV2OT2YUM44ZS2OT.jpg"}, "firstName": "Lin", "lastName": "Li"}, "canonicalUrl": "https://foursquare.com/item/54e09789498e04e7e2188366", "todo": {"count": 0}, "disagreeCount": 0}, {"logView": true, "lang": "en", "createdAt": 1301832850, "agreeCount": 0, "likes": {"groups": [], "count": 0}, "id": "4d986492942ba093ee91838c", "text": "Food is good, but service is bad, better grab the lady boss inside and order your food fast, if not you will kena upside down by her", "type": "user", "user": {"gender": "male", "id": "4504306", "photo": {"prefix": "https://igx.4sqi.net/img/user/", "suffix": "/N5XYSPRSM24FB4XN.jpg"}, "firstName": "Wee Kiat", "lastName": "Tay"}, "canonicalUrl": "https://foursquare.com/item/4d986492942ba093ee91838c", "todo": {"count": 0}, "disagreeCount": 0}, {"logView": true, "lang": "en", "createdAt": 1397049272, "agreeCount": 0, "likes": {"groups": [], "count": 0}, "id": "534547b811d22c65ce689119", "text": "Yay cheap good food.", "type": "user", "user": {"gender": "female", "id": "4994694", "photo": {"prefix": "https://igx.4sqi.net/img/user/", "suffix": "/4994694-MLS31KTPLRMPR4QL.jpg"}, "firstName": "Emily", "lastName": "Low"}, "canonicalUrl": "https://foursquare.com/item/534547b811d22c65ce689119", "todo": {"count": 0}, "disagreeCount": 0}, {"logView": true, "lang": "en", "createdAt": 1313928699, "agreeCount": 0, "likes": {"groups": [], "count": 0}, "id": "4e50f5fb52b1e893ad7005ca", "text": "Good food. Please don't expect restaurant service here!!!", "type": "user", "user": {"gender": "male", "id": "6721551", "photo": {"prefix": "https://igx.4sqi.net/img/user/", "suffix": "/DUKF24K12GTMLVQ3.jpg"}, "firstName": "Slayer", "lastName": "Fong"}, "canonicalUrl": "https://foursquare.com/item/4e50f5fb52b1e893ad7005ca", "todo": {"count": 0}, "disagreeCount": 0}, {"logView": true, "lang": "en", "createdAt": 1265802134, "agreeCount": 0, "likes": {"groups": [], "count": 0}, "id": "4b729b9670c603bb09ec91b4", "text": "Try the salt baked chicken! $16.50", "type": "user", "user": {"gender": "female", "id": "286772", "photo": {"prefix": "https://igx.4sqi.net/img/user/", "suffix": "/ATWR4KLG0IH5KSBQ.jpg"}, "firstName": "Geraldine Gigi", "lastName": "Guo"}, "canonicalUrl": "https://foursquare.com/item/4b729b9670c603bb09ec91b4", "todo": {"count": 1}, "disagreeCount": 0}, {"logView": true, "lang": "en", "createdAt": 1375530262, "agreeCount": 0, "likes": {"groups": [], "count": 0}, "id": "51fced16498e359d79e9d6cd", "text": "Good n cheap", "type": "user", "user": {"gender": "male", "id": "54985585", "photo": {"prefix": "https://igx.4sqi.net/img/user/", "suffix": "/CZVPXRXP5RCZOFI2.jpg"}, "firstName": "Neo", "lastName": "Ah Hock"}, "canonicalUrl": "https://foursquare.com/item/51fced16498e359d79e9d6cd", "todo": {"count": 0}, "disagreeCount": 0}, {"logView": true, "lang": "en", "createdAt": 1313930771, "agreeCount": 0, "likes": {"groups": [], "count": 0}, "id": "4e50fe13ae6051db8de1a005", "text": "Service is fucking slow", "type": "user", "user": {"gender": "male", "id": "8903723", "photo": {"prefix": "https://igx.4sqi.net/img/user/", "suffix": "/L3BV3EVCJFNVW440.jpg"}, "firstName": "Justin", "lastName": "Lee"}, "canonicalUrl": "https://foursquare.com/item/4e50fe13ae6051db8de1a005", "todo": {"count": 0}, "disagreeCount": 0}, {"logView": true, "lang": "en", "createdAt": 1289138033, "agreeCount": 0, "likes": {"groups": [], "count": 0}, "id": "4cd6af7176ab721eb03d746a", "text": "Awesome fish head steamboat!!!", "type": "user", "user": {"gender": "female", "id": "728185", "photo": {"prefix": "https://igx.4sqi.net/img/user/", "suffix": "/1B1YPSCCRI2MNSYJ.jpg"}, "firstName": "xinxiu", "lastName": "Hong"}, "canonicalUrl": "https://foursquare.com/item/4cd6af7176ab721eb03d746a", "todo": {"count": 0}, "disagreeCount": 0}, {"logView": true, "lang": "en", "createdAt": 1294918560, "agreeCount": 0, "likes": {"groups": [], "count": 0}, "id": "4d2ee3a06fc6f04d7b168545", "text": "Ceral prawns fantastic, sweet and sour pork ribs marvellous", "type": "user", "user": {"id": "4551878", "photo": {"prefix": "https://igx.4sqi.net/img/user/", "suffix": "/1HYYEQMF3HOBDNEJ.jpg"}, "firstName": "Gary", "gender": "male"}, "canonicalUrl": "https://foursquare.com/item/4d2ee3a06fc6f04d7b168545", "todo": {"count": 0}, "disagreeCount": 0}, {"logView": true, "lang": "en", "createdAt": 1303141010, "agreeCount": 0, "likes": {"groups": [], "count": 0}, "id": "4dac5a928154abafc2d58737", "text": "MSG ladled food. If only less artificial flavoring was used. No system in their operations and service is bad to the max.", "type": "user", "user": {"gender": "female", "id": "75176", "photo": {"prefix": "https://igx.4sqi.net/img/user/", "suffix": "/EVCYLVF1QRVRRIGY.jpg"}, "firstName": "Annie", "lastName": "Soh"}, "canonicalUrl": "https://foursquare.com/item/4dac5a928154abafc2d58737", "todo": {"count": 0}, "disagreeCount": 0}, {"logView": true, "lang": "en", "createdAt": 1395744578, "agreeCount": 0, "likes": {"groups": [], "count": 0}, "id": "53315f4211d25a7984f8b9a7", "text": "Fuyong egg has prawn, fried rice has prawn, fried beehoon has prawn. Allergic to prawn? Sorry.", "type": "user", "user": {"gender": "none", "id": "2360091", "photo": {"prefix": "https://igx.4sqi.net/img/user/", "suffix": "/2360091-LLET1C3FTSNVP32F.jpg"}, "firstName": "Thomasina", "lastName": "Owch"}, "canonicalUrl": "https://foursquare.com/item/53315f4211d25a7984f8b9a7", "todo": {"count": 0}, "disagreeCount": 0}, {"logView": true, "lang": "en", "createdAt": 1301661533, "agreeCount": 0, "likes": {"groups": [], "count": 0}, "id": "4d95c75d61a3a1cdaaaa8a42", "text": "Service stinks. Food comes late and when you ask the darn manager, she dares to ask which food hasn't been served yet. Atrocious!", "type": "user", "user": {"id": "5718691", "photo": {"prefix": "https://igx.4sqi.net/img/user/", "suffix": "/5718691-TSMBACA0YCKWULNH.jpg"}, "firstName": "TheDebbieJude", "gender": "female"}, "canonicalUrl": "https://foursquare.com/item/4d95c75d61a3a1cdaaaa8a42", "todo": {"count": 0}, "disagreeCount": 0}, {"logView": true, "lang": "zh", "createdAt": 1315522427, "agreeCount": 0, "likes": {"groups": [], "count": 0}, "id": "4e69477b18a8968577901f46", "text": "\u8c46\u8150\u8766\uff0c\u662f\u771f\u7684\u8c46\u8150\u8207\u8766\u716e\u5728\u4e00\u8d77\uff0c\u6709\u9ede\u8fa3\uff0c\u9084\u883b\u5275\u65b0\u7684\u4e00\u9053\u6599\u7406\u3002\u8766\u91ac\u96de\u4e5f\u4e0d\u932f\u3002\u5c31\u662fparking\u96e3\u627e\u3002", "type": "user", "user": {"gender": "female", "id": "4726043", "photo": {"prefix": "https://igx.4sqi.net/img/user/", "suffix": "/5OFWCPE453CMRU5T.jpg"}, "firstName": "Jessie", "lastName": "Low"}, "canonicalUrl": "https://foursquare.com/item/4e69477b18a8968577901f46", "todo": {"count": 0}, "disagreeCount": 0}, {"logView": true, "lang": "en", "createdAt": 1441533904, "agreeCount": 0, "likes": {"groups": [], "count": 0}, "id": "55ec0fd0498ece6618e2ba5b", "text": "Rude PRC staff and always crowded", "type": "user", "user": {"gender": "none", "id": "12652885", "photo": {"prefix": "https://igx.4sqi.net/img/user/", "suffix": "/12652885-2OYLQATVHBAAZ1PC.jpg"}, "firstName": "M", "lastName": "S"}, "canonicalUrl": "https://foursquare.com/item/55ec0fd0498ece6618e2ba5b", "todo": {"count": 0}, "disagreeCount": 0}, {"logView": true, "lang": "en", "createdAt": 1354883761, "agreeCount": 0, "likes": {"groups": [], "count": 0}, "id": "50c1e2b1e4b0e64f1d1a52a1", "text": "A lot of people. Need to wait for table. The food is nice! Worth wait!", "type": "user", "user": {"gender": "female", "id": "4835276", "photo": {"prefix": "https://igx.4sqi.net/img/user/", "suffix": "/P4CJCUFAP1TXYQAA.jpg"}, "firstName": "Adrienne", "lastName": "Loh"}, "canonicalUrl": "https://foursquare.com/item/50c1e2b1e4b0e64f1d1a52a1", "todo": {"count": 0}, "disagreeCount": 0}], "count": 45}}}