{"meta": {"code": 200, "requestId": "595a46c9351e3d64b48d21ef"}, "response": {"tips": {"items": [{"logView": true, "lang": "en", "createdAt": 1350624100, "agreeCount": 0, "likes": {"groups": [], "count": 0}, "id": "5080e364e4b0361f655789fe", "text": "Try the wan tan mee , handmade noodle. Yummy!", "type": "user", "user": {"gender": "male", "id": "20131519", "photo": {"prefix": "https://igx.4sqi.net/img/user/", "suffix": "/Q30WU22SA5WMVZ2P.jpg"}, "firstName": "Joel", "lastName": "Tong"}, "canonicalUrl": "https://foursquare.com/item/5080e364e4b0361f655789fe", "todo": {"count": 0}, "disagreeCount": 0}, {"logView": true, "lang": "en", "createdAt": 1402372695, "agreeCount": 0, "likes": {"groups": [], "count": 0}, "id": "53968257498ec1d78f41b007", "text": "Newly opened Malay Halal foodstall operating 9th June 2014. Previously from TechLink, Kaki Bukit. (HAWA KARIM NASI PADANG & NOODLES)", "type": "user", "user": {"gender": "female", "id": "666795", "photo": {"prefix": "https://igx.4sqi.net/img/user/", "suffix": "/666795-0LPZYURYOFLIHT51.jpg"}, "firstName": "Nuriati", "lastName": "Ahmad"}, "canonicalUrl": "https://foursquare.com/item/53968257498ec1d78f41b007", "todo": {"count": 0}, "disagreeCount": 0}, {"logView": true, "lang": "en", "createdAt": 1350450049, "agreeCount": 1, "likes": {"groups": [{"items": [{"gender": "female", "id": "5882676", "photo": {"prefix": "https://igx.4sqi.net/img/user/", "suffix": "/TR5R5OOXET0FNXP4.jpg"}, "firstName": "Cindy", "lastName": "Fusta"}], "count": 1, "type": "others"}], "summary": "1 like", "count": 1}, "id": "507e3b81e4b0efb1474889d4", "text": "Wantan mee dry vy salty! But the wantan not bad also big. Shld hv taken the soup one! (Mayb vy BZ give double portion seasoning)", "type": "user", "user": {"gender": "female", "id": "5931716", "photo": {"prefix": "https://igx.4sqi.net/img/user/", "suffix": "/T1ZEHRO0FGA5HD5W.jpg"}, "firstName": "Audrey", "lastName": "Heng"}, "canonicalUrl": "https://foursquare.com/item/507e3b81e4b0efb1474889d4", "todo": {"count": 0}, "disagreeCount": 0}, {"logView": true, "lang": "en", "createdAt": 1331171109, "agreeCount": 1, "likes": {"groups": [{"items": [{"gender": "female", "id": "369529", "photo": {"prefix": "https://igx.4sqi.net/img/user/", "suffix": "/V2FIYA2UBA12RGFU.gif"}, "firstName": "Jasmine", "lastName": "Chye"}], "count": 1, "type": "others"}], "summary": "1 like", "count": 1}, "id": "4f580f25e4b059140dd5e812", "text": "The Korean food was one of the worst I ever tasted. The chef took the rice from the next stall to make binbinbak because ran out of rice...", "type": "user", "user": {"gender": "male", "id": "23379690", "photo": {"prefix": "https://igx.4sqi.net/img/user/", "suffix": "/ALD3QGZDLN0F2TNL.jpg"}, "firstName": "Gourmet Master King", "lastName": "Quality Assurance Specialist"}, "canonicalUrl": "https://foursquare.com/item/4f580f25e4b059140dd5e812", "todo": {"count": 0}, "disagreeCount": 0}, {"logView": true, "lang": "en", "createdAt": 1328917259, "agreeCount": 0, "likes": {"groups": [], "count": 0}, "id": "4f35ab0be4b053246742619a", "text": "Plenty of stalls vacant after the big reno. Foodcourt prices but no aircon. Gotta use the 10% rebate via store value card", "type": "user", "user": {"gender": "male", "id": "2308074", "photo": {"prefix": "https://igx.4sqi.net/img/user/", "suffix": "/DRK11K2KUMH3JAON.jpg"}, "firstName": "alvin-can", "lastName": "tan"}, "canonicalUrl": "https://foursquare.com/item/4f35ab0be4b053246742619a", "todo": {"count": 0}, "disagreeCount": 0}, {"logView": true, "lang": "en", "createdAt": 1331171650, "agreeCount": 0, "likes": {"groups": [], "count": 0}, "id": "4f581142e4b0e48a87498dac", "text": "Seem like this newly setup food center has alot of room for improvement in term of food and services with customers.", "type": "user", "user": {"gender": "male", "id": "23379690", "photo": {"prefix": "https://igx.4sqi.net/img/user/", "suffix": "/ALD3QGZDLN0F2TNL.jpg"}, "firstName": "Gourmet Master King", "lastName": "Quality Assurance Specialist"}, "canonicalUrl": "https://foursquare.com/item/4f581142e4b0e48a87498dac", "todo": {"count": 0}, "disagreeCount": 0}, {"logView": true, "lang": "en", "createdAt": 1328849936, "agreeCount": 1, "likes": {"groups": [{"items": [{"gender": "female", "id": "369529", "photo": {"prefix": "https://igx.4sqi.net/img/user/", "suffix": "/V2FIYA2UBA12RGFU.gif"}, "firstName": "Jasmine", "lastName": "Chye"}], "count": 1, "type": "others"}], "summary": "1 like", "count": 1}, "id": "4f34a410e4b0b80ede6596b1", "text": "The new korean stall sucks. Everything is tasteless!", "type": "user", "user": {"gender": "female", "id": "369529", "photo": {"prefix": "https://igx.4sqi.net/img/user/", "suffix": "/V2FIYA2UBA12RGFU.gif"}, "firstName": "Jasmine", "lastName": "Chye"}, "canonicalUrl": "https://foursquare.com/item/4f34a410e4b0b80ede6596b1", "todo": {"count": 0}, "disagreeCount": 0}, {"logView": true, "lang": "en", "createdAt": 1328234161, "agreeCount": 0, "likes": {"groups": [], "count": 0}, "id": "4f2b3eb1e4b03d6f91f194ce", "text": "Never order set A breakfast for take away. They give u eggs in a bag, literally.", "type": "user", "user": {"gender": "female", "id": "2641775", "photo": {"prefix": "https://igx.4sqi.net/img/user/", "suffix": "/HNTH52LRR0R3L0FY.jpg"}, "firstName": "Joycelyn", "lastName": "Liew"}, "canonicalUrl": "https://foursquare.com/item/4f2b3eb1e4b03d6f91f194ce", "todo": {"count": 0}, "disagreeCount": 0}, {"logView": true, "lang": "en", "createdAt": 1388378872, "agreeCount": 0, "likes": {"groups": [], "count": 0}, "id": "52c0faf811d2c74ea433fe38", "text": "Ban Mian Fish Soup stall soup is tasteless. Plain water would be a better choice.", "type": "user", "user": {"gender": "female", "id": "6150788", "photo": {"prefix": "https://igx.4sqi.net/img/user/", "suffix": "/SYFV1CQE0NXSTA5M.jpg"}, "firstName": "Shermaine", "lastName": "Wong"}, "canonicalUrl": "https://foursquare.com/item/52c0faf811d2c74ea433fe38", "todo": {"count": 0}, "disagreeCount": 0}, {"logView": true, "lang": "en", "createdAt": 1328312557, "agreeCount": 0, "likes": {"groups": [], "count": 0}, "id": "4f2c70ede4b010c5f4c485b7", "text": "Use the stored value card for 10% rebate on all purchases. Applicable for outlets island wide", "type": "user", "user": {"gender": "male", "id": "2308074", "photo": {"prefix": "https://igx.4sqi.net/img/user/", "suffix": "/DRK11K2KUMH3JAON.jpg"}, "firstName": "alvin-can", "lastName": "tan"}, "canonicalUrl": "https://foursquare.com/item/4f2c70ede4b010c5f4c485b7", "todo": {"count": 0}, "disagreeCount": 0}, {"logView": true, "lang": "en", "createdAt": 1332308956, "agreeCount": 0, "likes": {"groups": [], "count": 0}, "id": "4f696bdce4b039c9e5b5eeed", "text": "Try the Japanese cuisine not bad.", "type": "user", "user": {"gender": "female", "id": "17742349", "photo": {"prefix": "https://igx.4sqi.net/img/user/", "suffix": "/ELH44BO5UWQOI4M1.jpg"}, "firstName": "Law", "lastName": "Angeline"}, "canonicalUrl": "https://foursquare.com/item/4f696bdce4b039c9e5b5eeed", "todo": {"count": 0}, "disagreeCount": 0}, {"logView": true, "lang": "en", "createdAt": 1334553982, "agreeCount": 1, "likes": {"groups": [{"items": [{"gender": "male", "id": "7297720", "photo": {"prefix": "https://igx.4sqi.net/img/user/", "suffix": "/7297720-QMREZDYEDB4CKGOL.jpg"}, "firstName": "KM", "lastName": "Tin"}], "count": 1, "type": "others"}], "summary": "1 like", "count": 1}, "id": "4f8bad7ee4b01f95a4f2dad0", "text": "malay food not that nice. and  expensive.", "type": "user", "user": {"id": "3574156", "photo": {"prefix": "https://igx.4sqi.net/img/user/", "suffix": "/PBFKE52KTVKKFKOT.jpg"}, "firstName": "Adda Rashidah", "gender": "female"}, "canonicalUrl": "https://foursquare.com/item/4f8bad7ee4b01f95a4f2dad0", "todo": {"count": 0}, "disagreeCount": 0}, {"logView": true, "lang": "en", "createdAt": 1365406513, "agreeCount": 0, "likes": {"groups": [], "count": 0}, "id": "51627331e4b0533023662d5d", "text": "Japanese cuisine is good", "type": "user", "user": {"id": "29584991", "photo": {"prefix": "https://igx.4sqi.net/img/user/", "suffix": "/29584991-UTR51DIYVFZLYMNL.jpg"}, "firstName": "Jasbir", "gender": "male"}, "canonicalUrl": "https://foursquare.com/item/51627331e4b0533023662d5d", "todo": {"count": 0}, "disagreeCount": 0}], "count": 13}}}