{"meta": {"code": 200, "requestId": "595a4f8cdb04f562eebf4589"}, "response": {"tips": {"items": [{"logView": true, "lang": "en", "createdAt": 1285811374, "agreeCount": 0, "likes": {"groups": [], "count": 0}, "id": "4ca3ecaed695199ca66348e7", "text": "became a food tester...excellent taste,, very nice..", "type": "user", "user": {"gender": "female", "id": "2012016", "photo": {"prefix": "https://igx.4sqi.net/img/user/", "suffix": "/U0MS2BVXDNYLSLF3.jpg"}, "firstName": "Angelina", "lastName": "---"}, "canonicalUrl": "https://foursquare.com/item/4ca3ecaed695199ca66348e7", "todo": {"count": 0}, "disagreeCount": 0}, {"logView": true, "lang": "en", "createdAt": 1300538404, "agreeCount": 0, "likes": {"groups": [], "count": 0}, "id": "4d84a4245e70224b596c1009", "text": "You think the dempsey outlet is bad? This is worse!!!! Chili crab is sweet & very starchy, award winning pepper crab sucks so bad. Standard drop. Fried rice has no taste, even when drinking the tea...", "type": "user", "user": {"gender": "female", "id": "6020569", "photo": {"prefix": "https://igx.4sqi.net/img/user/", "suffix": "/6020569-H2XC5XSPG2NSAWRT.jpg"}, "firstName": "Vanessa", "lastName": "Quek"}, "canonicalUrl": "https://foursquare.com/item/4d84a4245e70224b596c1009", "todo": {"count": 0}, "disagreeCount": 0}, {"logView": true, "lang": "en", "createdAt": 1287930874, "agreeCount": 1, "likes": {"groups": [{"items": [{"gender": "none", "id": "63393488", "photo": {"prefix": "https://igx.4sqi.net/img/user/", "suffix": "/63393488-GJDLB4V3GB0HIWOV.jpg"}, "firstName": "Albert", "lastName": "Au"}], "count": 4, "type": "others"}], "summary": "4 likes", "count": 4}, "id": "4cc443fa82388cfa92af6d35", "text": "The crabs aren't firm nor fresh. Drunken prawns n peking duck not much better.. Go Jumbo for better quality", "type": "user", "user": {"gender": "male", "id": "3570264", "photo": {"prefix": "https://igx.4sqi.net/img/user/", "suffix": "/LVQKO1NC0VCM3Y41.jpg"}, "firstName": "James", "lastName": "Li Zhiwei"}, "canonicalUrl": "https://foursquare.com/item/4cc443fa82388cfa92af6d35", "todo": {"count": 0}, "disagreeCount": 0}, {"logView": true, "lang": "en", "createdAt": 1457491210, "agreeCount": 0, "likes": {"groups": [], "count": 0}, "id": "56df8d0a498e71f26caa9507", "text": "I have been using this restaurant for many years, 5th to 1st to 3rd floor, what is next", "type": "user", "user": {"gender": "none", "id": "165586112", "photo": {"prefix": "https://igx.4sqi.net/img/user/", "default": true, "suffix": "/blank_boy.png"}, "firstName": "hirohito", "lastName": "kinjyo"}, "canonicalUrl": "https://foursquare.com/item/56df8d0a498e71f26caa9507", "todo": {"count": 0}, "disagreeCount": 0}, {"logView": true, "lang": "en", "createdAt": 1326862103, "agreeCount": 0, "likes": {"groups": [], "count": 0}, "id": "4f164f17e4b0678415aa5507", "text": "Chinese restaurant, but only the foreigners working here have a smiling face, the Chinese all 'bitter gourd' face..", "type": "user", "user": {"gender": "female", "id": "19616010", "photo": {"prefix": "https://igx.4sqi.net/img/user/", "default": true, "suffix": "/blank_girl.png"}, "firstName": "Brenda", "lastName": "Khaw"}, "canonicalUrl": "https://foursquare.com/item/4f164f17e4b0678415aa5507", "todo": {"count": 0}, "disagreeCount": 0}, {"authorInteractionType": "liked", "logView": true, "lang": "en", "createdAt": 1293103257, "agreeCount": 0, "likes": {"groups": [], "count": 0}, "id": "4d1330999844b60c9ecdc0d4", "text": "The crab is still the best , also the miso soup. I like it", "type": "user", "user": {"gender": "male", "id": "4113960", "photo": {"prefix": "https://igx.4sqi.net/img/user/", "suffix": "/4113960-ZGX3QWCBXWO23ELC.jpg"}, "firstName": "Kimo", "lastName": "Taisu"}, "canonicalUrl": "https://foursquare.com/item/4d1330999844b60c9ecdc0d4", "todo": {"count": 0}, "disagreeCount": 0}, {"authorInteractionType": "liked", "logView": true, "lang": "en", "createdAt": 1447126025, "agreeCount": 0, "likes": {"groups": [], "count": 0}, "id": "56416409498eade719d98a14", "text": "Dim Sum served at lunch time", "type": "user", "user": {"gender": "none", "id": "13433931", "photo": {"prefix": "https://igx.4sqi.net/img/user/", "suffix": "/WOJ4GNKWOEWZRZRZ.jpg"}, "firstName": "J", "lastName": "F"}, "canonicalUrl": "https://foursquare.com/item/56416409498eade719d98a14", "todo": {"count": 0}, "disagreeCount": 0}, {"logView": true, "lang": "en", "createdAt": 1381651360, "agreeCount": 0, "likes": {"groups": [], "count": 0}, "id": "525a53a0498ea6508c0db12b", "text": "Dim sum was bad.", "type": "user", "user": {"gender": "male", "id": "2195300", "photo": {"prefix": "https://igx.4sqi.net/img/user/", "suffix": "/2195300-DILL3QIARCSTDMXT.jpg"}, "firstName": "Vincent", "lastName": "Bei"}, "canonicalUrl": "https://foursquare.com/item/525a53a0498ea6508c0db12b", "todo": {"count": 0}, "disagreeCount": 0}, {"logView": true, "lang": "en", "photo": {"id": "5827f341abffa17aebf606d9", "visibility": "public", "source": {"name": "Foursquare for Android", "url": "https://foursquare.com/download/#/android"}, "suffix": "/16293643_4HQI33JDtysO1VGpTiM7-PX_2qMF9MPQpPW6IkyiGgc.jpg", "createdAt": 1479013185, "prefix": "https://igx.4sqi.net/img/general/", "width": 3264, "height": 1836}, "createdAt": 1479013179, "todo": {"count": 0}, "agreeCount": 0, "likes": {"groups": [], "count": 0}, "id": "5827f33b9e41df696ebd9199", "text": "The Alaska King Crab.... delicious and great service .. they even help you to cut up the crab so you can eat with a lot of ease.", "disagreeCount": 0, "user": {"gender": "female", "id": "16293643", "photo": {"prefix": "https://igx.4sqi.net/img/user/", "suffix": "/16293643-AWW2SLZLTQKSHPPZ.jpg"}, "firstName": "Joey", "lastName": "Lim"}, "canonicalUrl": "https://foursquare.com/item/5827f33b9e41df696ebd9199", "type": "user", "photourl": "https://igx.4sqi.net/img/general/original/16293643_4HQI33JDtysO1VGpTiM7-PX_2qMF9MPQpPW6IkyiGgc.jpg"}, {"logView": true, "lang": "en", "createdAt": 1287732841, "agreeCount": 0, "likes": {"groups": [], "count": 0}, "id": "4cc13e6956bda09331daea35", "text": "Damn good food at a damn good price.", "type": "user", "user": {"gender": "male", "id": "419311", "photo": {"prefix": "https://igx.4sqi.net/img/user/", "suffix": "/JV5JTT2YY5SJF04P.jpg"}, "firstName": "C", "lastName": "Y"}, "canonicalUrl": "https://foursquare.com/item/4cc13e6956bda09331daea35", "todo": {"count": 0}, "disagreeCount": 0}, {"logView": true, "lang": "en", "createdAt": 1414946062, "agreeCount": 0, "likes": {"groups": [], "count": 0}, "id": "54565d0e498eb4d8b142e904", "text": "Very good service here. Helpful if one speaks mandarin. The manager goes the extra mile to bring me to the customer service counter at the mall. Food is delicious. Will return", "type": "user", "user": {"gender": "female", "id": "5510076", "photo": {"prefix": "https://igx.4sqi.net/img/user/", "suffix": "/5510076_SpxNT6nQ_mxIyyq9gE_RsLluyWHyIgaVkK2tBHZ43A314UZpuCMw56_CFSpIJ7pAN5H94oZ5G.jpg"}, "firstName": "Wannie", "lastName": "M"}, "canonicalUrl": "https://foursquare.com/item/54565d0e498eb4d8b142e904", "todo": {"count": 0}, "disagreeCount": 0}, {"logView": true, "lang": "en", "createdAt": 1409067049, "agreeCount": 0, "likes": {"groups": [], "count": 0}, "id": "53fca829498ef6109a984fc7", "text": "Prawns in fried garlic. Superb!", "type": "user", "user": {"gender": "male", "id": "174952", "photo": {"prefix": "https://igx.4sqi.net/img/user/", "suffix": "/MSRL0FLGFE00NNMG.jpg"}, "firstName": "Felix", "lastName": "Ker"}, "canonicalUrl": "https://foursquare.com/item/53fca829498ef6109a984fc7", "todo": {"count": 0}, "disagreeCount": 0}, {"logView": true, "lang": "en", "createdAt": 1313146198, "agreeCount": 0, "likes": {"groups": [], "count": 0}, "id": "4e4505561fc752e91040931a", "text": "High class 7th month dinner siol!", "type": "user", "user": {"gender": "male", "id": "4837089", "photo": {"prefix": "https://igx.4sqi.net/img/user/", "suffix": "/MPVMKK3XLOBOJQ2G.jpg"}, "firstName": "Marcus", "lastName": "Teh"}, "canonicalUrl": "https://foursquare.com/item/4e4505561fc752e91040931a", "todo": {"count": 0}, "disagreeCount": 0}, {"logView": true, "lang": "en", "createdAt": 1307278048, "agreeCount": 0, "likes": {"groups": [], "count": 0}, "id": "4deb7ae0e4cdc079f49e89b6", "text": "Inattentive service.. Especially from SENIOR captain Simon Chan.. Peak meantime n lots of things on e menu dun have?!", "type": "user", "user": {"gender": "female", "id": "9502708", "photo": {"prefix": "https://igx.4sqi.net/img/user/", "suffix": "/NB5OKQMNRCXSW1MJ.jpg"}, "firstName": "Jasmine", "lastName": "Toh"}, "canonicalUrl": "https://foursquare.com/item/4deb7ae0e4cdc079f49e89b6", "todo": {"count": 0}, "disagreeCount": 0}, {"logView": true, "lang": "en", "createdAt": 1319173762, "agreeCount": 0, "likes": {"groups": [], "count": 0}, "id": "4ea0fe82d5fb57c09dd97fbf", "text": "Live Alaskan Hokikai Sashimi..  Massima Tellin Clam Sashimi..  White Jade Live Boston Lobster..  Butter Live Crayfish..", "type": "user", "user": {"id": "12980489", "photo": {"prefix": "https://igx.4sqi.net/img/user/", "suffix": "/VANOETFCX2TS1TAA.jpg"}, "firstName": "\ue327\ue327Joselyn Belle \ue327\ue327", "gender": "female"}, "canonicalUrl": "https://foursquare.com/item/4ea0fe82d5fb57c09dd97fbf", "todo": {"count": 0}, "disagreeCount": 0}], "count": 15}}}