{"meta": {"code": 200, "requestId": "595a57659fb6b77b7744e207"}, "response": {"tips": {"items": [{"logView": true, "lang": "en", "createdAt": 1312615263, "agreeCount": 0, "likes": {"groups": [], "count": 0}, "id": "4e3ceb5fd22d102e853b1573", "text": "Salted eggs crab! Best ever!", "type": "user", "user": {"gender": "male", "id": "12275905", "photo": {"prefix": "https://igx.4sqi.net/img/user/", "suffix": "/3KRMF10JEPQC2BJM.jpg"}, "firstName": "Alvin", "lastName": "Loh"}, "canonicalUrl": "https://foursquare.com/item/4e3ceb5fd22d102e853b1573", "todo": {"count": 0}, "disagreeCount": 0}, {"logView": true, "lang": "en", "createdAt": 1288067123, "agreeCount": 0, "likes": {"groups": [], "count": 0}, "id": "4cc658333ed5199c0fba4b1e", "text": "Good food and reasonable pricing!", "type": "user", "user": {"gender": "male", "id": "3939055", "photo": {"prefix": "https://igx.4sqi.net/img/user/", "suffix": "/RJMR0COZHHYCVHSM.jpg"}, "firstName": "Henry", "lastName": "Tan"}, "canonicalUrl": "https://foursquare.com/item/4cc658333ed5199c0fba4b1e", "todo": {"count": 0}, "disagreeCount": 0}, {"logView": true, "lang": "en", "createdAt": 1269184636, "agreeCount": 0, "likes": {"groups": [], "count": 0}, "id": "4ba6387c70c603bb162595b4", "text": "Master crab so so only... The only chi cha store that fetch gst! Not worth if u only order hor fun !", "type": "user", "user": {"id": "457198", "photo": {"prefix": "https://igx.4sqi.net/img/user/", "suffix": "/PPTVQA5U5YJ2PRAY.jpg"}, "firstName": "William", "gender": "male"}, "canonicalUrl": "https://foursquare.com/item/4ba6387c70c603bb162595b4", "todo": {"count": 2}, "disagreeCount": 0}, {"logView": true, "lang": "en", "createdAt": 1280234514, "agreeCount": 0, "likes": {"groups": [], "count": 0}, "id": "4c4ed4129efabe9ac6d7b76a", "text": "The chilli & black pepper crabs are good", "type": "user", "user": {"gender": "male", "id": "1089157", "photo": {"prefix": "https://igx.4sqi.net/img/user/", "suffix": "/SZ2ADFZ3MTRPMXZQ.jpg"}, "firstName": "Bernard", "lastName": "Cheang"}, "canonicalUrl": "https://foursquare.com/item/4c4ed4129efabe9ac6d7b76a", "todo": {"count": 0}, "disagreeCount": 0}, {"logView": true, "lang": "en", "createdAt": 1267542170, "agreeCount": 0, "likes": {"groups": [], "count": 0}, "id": "4b8d289a70c603bbbb6393b4", "text": "The fried rice with salted dish is gooooood.", "type": "user", "user": {"gender": "female", "id": "456718", "photo": {"prefix": "https://igx.4sqi.net/img/user/", "suffix": "/EEIIB21XKT0EIV2F.jpg"}, "firstName": "Leah", "lastName": "Francisco"}, "canonicalUrl": "https://foursquare.com/item/4b8d289a70c603bbbb6393b4", "todo": {"count": 0}, "disagreeCount": 0}, {"logView": true, "lang": "en", "createdAt": 1295604966, "agreeCount": 0, "likes": {"groups": [], "count": 0}, "id": "4d395ce60333a09328094a34", "text": "The Crab Bee Hoon soup is the best!", "type": "user", "user": {"gender": "female", "id": "129416", "photo": {"prefix": "https://igx.4sqi.net/img/user/", "suffix": "/129416-CE2O03KIZRMARIQW.jpg"}, "firstName": "Daphne Maia", "lastName": "Loo"}, "canonicalUrl": "https://foursquare.com/item/4d395ce60333a09328094a34", "todo": {"count": 0}, "disagreeCount": 0}, {"logView": true, "lang": "en", "createdAt": 1275157874, "agreeCount": 0, "likes": {"groups": [], "count": 0}, "id": "4c015d7270c603bb44809db4", "text": "Ever since they started collecting gst, I hav stopped eating there. But still biz v gd. I bet even if they sell fried rice for 8 bucks still can hv the same supporters buying.", "type": "user", "user": {"gender": "male", "id": "1379527", "photo": {"prefix": "https://igx.4sqi.net/img/user/", "suffix": "/3VIANHSDM4DAN4BQ.jpg"}, "firstName": "Shawn", "lastName": "L"}, "canonicalUrl": "https://foursquare.com/item/4c015d7270c603bb44809db4", "todo": {"count": 0}, "disagreeCount": 0}, {"logView": true, "lang": "en", "createdAt": 1295547486, "agreeCount": 0, "likes": {"groups": [], "count": 0}, "id": "4d387c5ed60c6dcbe5ab78bc", "text": "Love the \"Xien Chai Soup\" $6 enough for 3 person \ue404", "type": "user", "user": {"gender": "female", "id": "5847398", "photo": {"prefix": "https://igx.4sqi.net/img/user/", "suffix": "/OSFTKZ1KMHYDAYPY.jpg"}, "firstName": "Wilce", "lastName": "Oei"}, "canonicalUrl": "https://foursquare.com/item/4d387c5ed60c6dcbe5ab78bc", "todo": {"count": 0}, "disagreeCount": 0}], "count": 8}}}