{"meta": {"code": 200, "requestId": "595a54dd9fb6b77b76a27589"}, "response": {"tips": {"items": [{"logView": true, "lang": "en", "createdAt": 1419293608, "agreeCount": 0, "likes": {"groups": [], "count": 0}, "id": "5498b3a8498ebc48f35e0fbb", "text": "Wear sunglasses. If u r seated at the restaurant edge and facing Sentosa on a bright sunny day, the piercing glare can affect ur meal", "type": "user", "user": {"gender": "male", "id": "231366", "photo": {"prefix": "https://igx.4sqi.net/img/user/", "suffix": "/231366-Q2ZSAEF50GYUXPDA.jpg"}, "firstName": "Cheen", "lastName": "The Curious"}, "canonicalUrl": "https://foursquare.com/item/5498b3a8498ebc48f35e0fbb", "todo": {"count": 0}, "disagreeCount": 0}, {"logView": true, "lang": "en", "photo": {"id": "5391dc9b498ee7aecda0297f", "visibility": "public", "source": {"name": "Foursquare for iOS", "url": "https://foursquare.com/download/#/iphone"}, "suffix": "/68412423_TsqqQFD1HQ-iB5yCaEfUmfoMnoaci3enZywCEOm7U_k.jpg", "createdAt": 1402068123, "prefix": "https://igx.4sqi.net/img/general/", "width": 720, "height": 720}, "createdAt": 1402068121, "todo": {"count": 0}, "agreeCount": 0, "likes": {"groups": [], "count": 0}, "id": "5391dc99498e18844f800770", "text": "Very friendly staff, cozy place, food was great and fast, and the prices, reasonable!\ud83d\udc4d hope you'll accept AMEX cards soon though.", "disagreeCount": 0, "user": {"gender": "female", "id": "68412423", "photo": {"prefix": "https://igx.4sqi.net/img/user/", "suffix": "/P0NSH1FVUNKYRNEC.jpg"}, "firstName": "Yoki", "lastName": "Boki"}, "canonicalUrl": "https://foursquare.com/item/5391dc99498e18844f800770", "type": "user", "photourl": "https://igx.4sqi.net/img/general/original/68412423_TsqqQFD1HQ-iB5yCaEfUmfoMnoaci3enZywCEOm7U_k.jpg"}, {"logView": true, "lang": "en", "createdAt": 1313843116, "agreeCount": 0, "likes": {"groups": [], "count": 0}, "id": "4e4fa7ac62e14b77e39e8201", "text": "Nice thick Tom yam soup. Must try!", "type": "user", "user": {"gender": "female", "id": "12729123", "photo": {"prefix": "https://igx.4sqi.net/img/user/", "suffix": "/1ALVU10AXJXUZQD4.jpg"}, "firstName": "Belinda", "lastName": "Khoo"}, "canonicalUrl": "https://foursquare.com/item/4e4fa7ac62e14b77e39e8201", "todo": {"count": 0}, "disagreeCount": 0}, {"logView": true, "lang": "en", "createdAt": 1328252180, "agreeCount": 0, "likes": {"groups": [], "count": 0}, "id": "4f2b8514e4b0e6b070450c29", "text": "Try their mango salad and honey pork ribs. Nom... Nom...", "type": "user", "user": {"gender": "female", "id": "6078319", "photo": {"prefix": "https://igx.4sqi.net/img/user/", "suffix": "/HNG1EEEGEVPXXRVX.jpg"}, "firstName": "Junette", "lastName": "Miranda"}, "canonicalUrl": "https://foursquare.com/item/4f2b8514e4b0e6b070450c29", "todo": {"count": 0}, "disagreeCount": 0}, {"logView": true, "lang": "en", "createdAt": 1283151928, "agreeCount": 0, "likes": {"groups": [{"items": [], "count": 2, "type": "others"}], "summary": "2 likes", "count": 2}, "id": "4c7b58382d3ba14322dd93d0", "text": "Thai iced tea is awesome!", "type": "user", "user": {"gender": "male", "id": "1919121", "photo": {"prefix": "https://igx.4sqi.net/img/user/", "suffix": "/SNZ12JZRBSIXRJHH.jpg"}, "firstName": "shawn", "lastName": "chin"}, "canonicalUrl": "https://foursquare.com/item/4c7b58382d3ba14322dd93d0", "todo": {"count": 0}, "disagreeCount": 0}, {"logView": true, "lang": "en", "createdAt": 1371724970, "agreeCount": 0, "likes": {"groups": [], "count": 0}, "id": "51c2dcaa498e9ef6006ca6e3", "text": "Fish cake is nice. Seafood is not fresh. They use those tasteless \"plastic prawns\". Won't come again for this kind of plastic seafood.", "type": "user", "user": {"id": "33899731", "photo": {"prefix": "https://igx.4sqi.net/img/user/", "suffix": "/PC5Y2QENPEUMZKWN.jpg"}, "firstName": "Kin-Soon", "gender": "male"}, "canonicalUrl": "https://foursquare.com/item/51c2dcaa498e9ef6006ca6e3", "todo": {"count": 0}, "disagreeCount": 0}, {"logView": true, "lang": "en", "createdAt": 1331382983, "agreeCount": 0, "likes": {"groups": [], "count": 0}, "id": "4f5b4ac7e4b0c839825edff9", "text": "The giant pawns glass noodles is delicious!", "type": "user", "user": {"gender": "female", "id": "5320808", "photo": {"prefix": "https://igx.4sqi.net/img/user/", "suffix": "/5320808-VPB0N5ZF2MOHOINF.jpg"}, "firstName": "Jaslyn", "lastName": "shannen"}, "canonicalUrl": "https://foursquare.com/item/4f5b4ac7e4b0c839825edff9", "todo": {"count": 0}, "disagreeCount": 0}, {"logView": true, "lang": "en", "createdAt": 1309349516, "agreeCount": 0, "likes": {"groups": [], "count": 0}, "id": "4e0b168c22713e13018e902f", "text": "Tom yam soup is too hot!", "type": "user", "user": {"id": "6021621", "photo": {"prefix": "https://igx.4sqi.net/img/user/", "suffix": "/GFDCAMOORVDCSGZB.jpg"}, "firstName": "khng", "gender": "male"}, "canonicalUrl": "https://foursquare.com/item/4e0b168c22713e13018e902f", "todo": {"count": 0}, "disagreeCount": 0}, {"authorInteractionType": "liked", "logView": true, "lang": "en", "createdAt": 1407393740, "agreeCount": 0, "likes": {"groups": [], "count": 0}, "id": "53e31fcc498e871f21933942", "text": "Hot hot steer beef with hot basil!!", "type": "user", "user": {"gender": "male", "id": "38299301", "photo": {"prefix": "https://igx.4sqi.net/img/user/", "suffix": "/WYJKC22ZJKLB4QKK.jpg"}, "firstName": "Adrian", "lastName": "Latorre Crespo"}, "canonicalUrl": "https://foursquare.com/item/53e31fcc498e871f21933942", "todo": {"count": 0}, "disagreeCount": 0}, {"logView": true, "lang": "en", "createdAt": 1297991724, "agreeCount": 0, "likes": {"groups": [], "count": 0}, "id": "4d5dc82c338bb60cb5fa07bd", "text": "Try green curry chix, THAI ICE TEA,mango salad, tomyum clear base, kangkong w/ shrimp paste, claypot beancurd, sizzling beef platter, pandan chicken, chicken cashew nuts. ETC ETC of Thai exotic food.", "type": "user", "user": {"gender": "male", "id": "6611856", "photo": {"prefix": "https://igx.4sqi.net/img/user/", "suffix": "/BN2TTBLIQ3DFQCND.jpg"}, "firstName": "Joy", "lastName": "Mah"}, "canonicalUrl": "https://foursquare.com/item/4d5dc82c338bb60cb5fa07bd", "todo": {"count": 0}, "disagreeCount": 0}, {"logView": true, "lang": "en", "createdAt": 1299423668, "agreeCount": 0, "likes": {"groups": [], "count": 0}, "id": "4d73a1b4bce5721e2b7cde15", "text": "e food not as nice as THAI EXPRESS. I prefer T.E :)", "type": "user", "user": {"gender": "female", "id": "1554280", "photo": {"prefix": "https://igx.4sqi.net/img/user/", "suffix": "/IQIKBT5Z4MIZKEZG.jpg"}, "firstName": "Quinz", "lastName": "Zhao"}, "canonicalUrl": "https://foursquare.com/item/4d73a1b4bce5721e2b7cde15", "todo": {"count": 0}, "disagreeCount": 0}, {"logView": true, "lang": "en", "createdAt": 1300152060, "agreeCount": 0, "likes": {"groups": [], "count": 0}, "id": "4d7ebefc6174a35d07d58e03", "text": "Green curry,tomyam clear base(recommended),fish cake,pandan chix,kangkong w shrimp paste,steam seabass,mango stick rice,thai ice tea ! MUST TRY!", "type": "user", "user": {"gender": "male", "id": "6611856", "photo": {"prefix": "https://igx.4sqi.net/img/user/", "suffix": "/BN2TTBLIQ3DFQCND.jpg"}, "firstName": "Joy", "lastName": "Mah"}, "canonicalUrl": "https://foursquare.com/item/4d7ebefc6174a35d07d58e03", "todo": {"count": 0}, "disagreeCount": 0}, {"logView": true, "lang": "en", "createdAt": 1315025981, "agreeCount": 0, "likes": {"groups": [], "count": 0}, "id": "4e61b43db61cd780883dfad9", "text": "Try the mango salad, tom yum souce, pad thai, honey pork ribs, crab meat fried rice, red curry chicken, pepper beef and the appetizer combo. Everything is great! Best Thai Resto in Singapore!!!", "type": "user", "user": {"gender": "female", "id": "6025500", "photo": {"prefix": "https://igx.4sqi.net/img/user/", "suffix": "/1RQ0MTVKADP3A1ZO.jpg"}, "firstName": "Pauee", "lastName": "Ocampo"}, "canonicalUrl": "https://foursquare.com/item/4e61b43db61cd780883dfad9", "todo": {"count": 0}, "disagreeCount": 0}, {"authorInteractionType": "liked", "logView": true, "lang": "en", "createdAt": 1456582080, "agreeCount": 0, "likes": {"groups": [], "count": 0}, "id": "56d1adc0498e7566bde5d017", "text": "Coconut soup was good. Everything was nice and quick. Pretty popular. Good after movie option", "type": "user", "user": {"gender": "male", "id": "79114258", "photo": {"prefix": "https://igx.4sqi.net/img/user/", "suffix": "/79114258-3RKFRQUMPIEZHYOQ.jpg"}, "firstName": "Ben", "lastName": "Mayson"}, "canonicalUrl": "https://foursquare.com/item/56d1adc0498e7566bde5d017", "todo": {"count": 0}, "disagreeCount": 0}, {"authorInteractionType": "liked", "logView": true, "lang": "en", "createdAt": 1464938612, "agreeCount": 0, "likes": {"groups": [], "count": 0}, "id": "57513074498e069e75ee6df3", "text": "Thai food is as good as the ones in Thailand", "type": "user", "user": {"gender": "male", "id": "1023230", "photo": {"prefix": "https://igx.4sqi.net/img/user/", "suffix": "/IV4VVMIEKPSDYMRH.jpg"}, "firstName": "Jzin", "lastName": "T"}, "canonicalUrl": "https://foursquare.com/item/57513074498e069e75ee6df3", "todo": {"count": 0}, "disagreeCount": 0}, {"logView": true, "lang": "en", "createdAt": 1291612710, "agreeCount": 0, "likes": {"groups": [], "count": 0}, "id": "4cfc7226feec6dcb4e894c36", "text": "Must try: Green Curry!", "type": "user", "user": {"gender": "female", "id": "1031111", "photo": {"prefix": "https://igx.4sqi.net/img/user/", "suffix": "/AKX0LOGJPF3IVBZP.jpg"}, "firstName": "Apple", "lastName": "Lim"}, "canonicalUrl": "https://foursquare.com/item/4cfc7226feec6dcb4e894c36", "todo": {"count": 0}, "disagreeCount": 0}, {"authorInteractionType": "meh", "logView": true, "lang": "en", "createdAt": 1471529766, "agreeCount": 0, "likes": {"groups": [], "count": 0}, "id": "57b5c326498e62d8d9100ae7", "text": "This is an average Thai restaurant that is pricey as well as not authentic.", "type": "user", "user": {"gender": "none", "id": "103731975", "photo": {"prefix": "https://igx.4sqi.net/img/user/", "suffix": "/103731975-RALDMP1FBFX2AV5O.jpg"}, "firstName": "Jeffrey", "lastName": "Stanley"}, "canonicalUrl": "https://foursquare.com/item/57b5c326498e62d8d9100ae7", "todo": {"count": 0}, "disagreeCount": 0}, {"authorInteractionType": "liked", "logView": true, "lang": "en", "createdAt": 1460422625, "agreeCount": 0, "likes": {"groups": [], "count": 0}, "id": "570c47e1498e189ef274e1d0", "text": "Clear Tom yum soup, Claypot glass noodles", "type": "user", "user": {"gender": "none", "id": "106919134", "photo": {"prefix": "https://igx.4sqi.net/img/user/", "default": true, "suffix": "/blank_boy.png"}, "firstName": "safia", "lastName": "r"}, "canonicalUrl": "https://foursquare.com/item/570c47e1498e189ef274e1d0", "todo": {"count": 0}, "disagreeCount": 0}, {"authorInteractionType": "liked", "logView": true, "lang": "id", "createdAt": 1429712503, "agreeCount": 0, "likes": {"groups": [], "count": 0}, "id": "5537ae77498ea5c71d98ef0c", "text": "Pat thai nya harus di coba :)", "type": "user", "user": {"gender": "male", "id": "18241914", "photo": {"prefix": "https://igx.4sqi.net/img/user/", "suffix": "/NYEVMR3K5MVTPCVJ.jpg"}, "firstName": "Victor", "lastName": "Alexander"}, "canonicalUrl": "https://foursquare.com/item/5537ae77498ea5c71d98ef0c", "todo": {"count": 0}, "disagreeCount": 0}, {"logView": true, "lang": "en", "createdAt": 1419293486, "agreeCount": 0, "likes": {"groups": [], "count": 0}, "id": "5498b32e498eb9647d5ee284", "text": "Beef noodle soup. I'd give it a pass. Beef slices had tenderiser powder aftertaste. Noodle was the hard & firm type - not a comforting bowl for me :-(", "type": "user", "user": {"gender": "male", "id": "231366", "photo": {"prefix": "https://igx.4sqi.net/img/user/", "suffix": "/231366-Q2ZSAEF50GYUXPDA.jpg"}, "firstName": "Cheen", "lastName": "The Curious"}, "canonicalUrl": "https://foursquare.com/item/5498b32e498eb9647d5ee284", "todo": {"count": 0}, "disagreeCount": 0}, {"authorInteractionType": "liked", "logView": true, "lang": "en", "photo": {"id": "52d391d9498eeff835446ff1", "visibility": "public", "source": {"name": "Foursquare for iOS", "url": "https://foursquare.com/download/#/iphone"}, "suffix": "/69315415__35uhKeF5e9UwQJ7UP8zwgq8WUWXUzqiKU0fLL-zjVQ.jpg", "createdAt": 1389597145, "prefix": "https://igx.4sqi.net/img/general/", "width": 960, "height": 720}, "createdAt": 1389597143, "todo": {"count": 0}, "agreeCount": 0, "likes": {"groups": [], "count": 0}, "id": "52d391d7498e4bb582d6e423", "text": "Food here is quite original Thai flavor. And they have a view to sentosa island.", "disagreeCount": 0, "user": {"gender": "female", "id": "69315415", "photo": {"prefix": "https://igx.4sqi.net/img/user/", "suffix": "/W5TGWPPFJNHULZLQ.jpg"}, "firstName": "Elena", "lastName": "Lee"}, "canonicalUrl": "https://foursquare.com/item/52d391d7498e4bb582d6e423", "type": "user", "photourl": "https://igx.4sqi.net/img/general/original/69315415__35uhKeF5e9UwQJ7UP8zwgq8WUWXUzqiKU0fLL-zjVQ.jpg"}, {"authorInteractionType": "liked", "logView": true, "lang": "en", "createdAt": 1403698681, "agreeCount": 0, "likes": {"groups": [], "count": 0}, "id": "53aabdf911d258938f425d1c", "text": "Very nice green curry, basically everything is nice. Authentic Thai cuisine.", "type": "user", "user": {"gender": "male", "id": "1257254", "photo": {"prefix": "https://igx.4sqi.net/img/user/", "suffix": "/1257254-U50WFWFMHHLZBKTR.jpg"}, "firstName": "Irawan", "lastName": "Johan"}, "canonicalUrl": "https://foursquare.com/item/53aabdf911d258938f425d1c", "todo": {"count": 0}, "disagreeCount": 0}, {"logView": true, "lang": "en", "createdAt": 1407495571, "agreeCount": 0, "likes": {"groups": [], "count": 0}, "id": "53e4ad93498e079142c939fa", "text": "Dinner with cousins! :)", "type": "user", "user": {"id": "73632508", "photo": {"prefix": "https://igx.4sqi.net/img/user/", "suffix": "/73632508-II5XZBU4P55JM5XR.jpg"}, "firstName": "hellosoulmat", "gender": "female"}, "canonicalUrl": "https://foursquare.com/item/53e4ad93498e079142c939fa", "todo": {"count": 0}, "disagreeCount": 0}, {"authorInteractionType": "liked", "logView": true, "lang": "en", "createdAt": 1411651420, "agreeCount": 0, "likes": {"groups": [], "count": 0}, "id": "5424175c498e9340afaf43cc", "text": "Green curry is good, hot basil chicken rice is great.", "type": "user", "user": {"gender": "male", "id": "26173180", "photo": {"prefix": "https://igx.4sqi.net/img/user/", "suffix": "/26173180-ZNJGQ4CR0JX2QYQ5.jpg"}, "firstName": "Himanshu", "lastName": "Deshpande"}, "canonicalUrl": "https://foursquare.com/item/5424175c498e9340afaf43cc", "todo": {"count": 0}, "disagreeCount": 0}, {"authorInteractionType": "liked", "logView": true, "lang": "en", "createdAt": 1390722662, "agreeCount": 0, "likes": {"groups": [], "count": 0}, "id": "52e4be66498eda40bba35566", "text": "You can't go wrong with the Mango Sticky Rice. Best way to end your meal.", "type": "user", "user": {"id": "4198354", "photo": {"prefix": "https://igx.4sqi.net/img/user/", "suffix": "/4198354-MNG1TYLHJQDA4X1O.jpg"}, "firstName": "- supermamon -", "gender": "male"}, "canonicalUrl": "https://foursquare.com/item/52e4be66498eda40bba35566", "todo": {"count": 0}, "disagreeCount": 0}, {"logView": true, "lang": "en", "createdAt": 1407422224, "agreeCount": 0, "likes": {"groups": [], "count": 0}, "id": "53e38f10498eefdb1b366279", "text": "Try their Pad Thai.\ud83d\ude4c\ud83d\udc4c", "type": "user", "user": {"gender": "female", "id": "80240690", "photo": {"prefix": "https://igx.4sqi.net/img/user/", "suffix": "/80240690-FWK3AZLW23T45LJS.jpg"}, "firstName": "April", "lastName": "Aya-ay"}, "canonicalUrl": "https://foursquare.com/item/53e38f10498eefdb1b366279", "todo": {"count": 0}, "disagreeCount": 0}, {"logView": true, "lang": "en", "createdAt": 1283318847, "agreeCount": 0, "likes": {"groups": [], "count": 0}, "id": "4c7de43f9221236abbba803d", "text": "Team of very young wait staff that doesn't bother greeting you at the door but waves you in from the back of the restaurant instead, and brings you the cheque before you're even done eating.", "type": "user", "user": {"gender": "female", "id": "1028360", "photo": {"prefix": "https://igx.4sqi.net/img/user/", "suffix": "/KI2GFWOJ2GOYBNDV.jpg"}, "firstName": "Mei", "lastName": "Leong"}, "canonicalUrl": "https://foursquare.com/item/4c7de43f9221236abbba803d", "todo": {"count": 1}, "disagreeCount": 0}, {"logView": true, "lang": "en", "createdAt": 1419292884, "agreeCount": 0, "likes": {"groups": [], "count": 0}, "id": "5498b0d4498e3219de1aab84", "text": "Tom yum fans, get rdy for some sweat-inducing action. Their clear seafood version is deceivingly spicy!", "type": "user", "user": {"gender": "male", "id": "231366", "photo": {"prefix": "https://igx.4sqi.net/img/user/", "suffix": "/231366-Q2ZSAEF50GYUXPDA.jpg"}, "firstName": "Cheen", "lastName": "The Curious"}, "canonicalUrl": "https://foursquare.com/item/5498b0d4498e3219de1aab84", "todo": {"count": 0}, "disagreeCount": 0}, {"logView": true, "lang": "en", "createdAt": 1364661862, "agreeCount": 0, "likes": {"groups": [], "count": 0}, "id": "51571666e4b0dc046f80c78e", "text": "Quite a disappointment, only their fish cake and tom-yum is good. Otherwise, not worth the value", "type": "user", "user": {"gender": "female", "id": "2913496", "photo": {"prefix": "https://igx.4sqi.net/img/user/", "suffix": "/2913496-1XP3BX2RHIZPMFVM.jpg"}, "firstName": "Jolyn", "lastName": "Chung"}, "canonicalUrl": "https://foursquare.com/item/51571666e4b0dc046f80c78e", "todo": {"count": 0}, "disagreeCount": 0}, {"authorInteractionType": "liked", "logView": true, "lang": "en", "createdAt": 1464938580, "agreeCount": 0, "likes": {"groups": [], "count": 0}, "id": "57513054498e2c292b8268c1", "text": "Olive rice with honey chix", "type": "user", "user": {"gender": "male", "id": "1023230", "photo": {"prefix": "https://igx.4sqi.net/img/user/", "suffix": "/IV4VVMIEKPSDYMRH.jpg"}, "firstName": "Jzin", "lastName": "T"}, "canonicalUrl": "https://foursquare.com/item/57513054498e2c292b8268c1", "todo": {"count": 0}, "disagreeCount": 0}, {"logView": true, "lang": "en", "createdAt": 1284441042, "agreeCount": 1, "likes": {"groups": [{"items": [{"gender": "male", "id": "57224697", "photo": {"prefix": "https://igx.4sqi.net/img/user/", "suffix": "/3GFEZXFXCLYZH2TX.jpg"}, "firstName": "Edric", "lastName": "Wiraputra"}], "count": 1, "type": "others"}], "summary": "1 like", "count": 1}, "id": "4c8f03d2a8de224b13632c01", "text": "Green curry and honey baked ribs are awesome!", "type": "user", "user": {"gender": "none", "id": "3310308", "photo": {"prefix": "https://igx.4sqi.net/img/user/", "default": true, "suffix": "/blank_boy.png"}, "firstName": "HonWeng", "lastName": "Yee"}, "canonicalUrl": "https://foursquare.com/item/4c8f03d2a8de224b13632c01", "todo": {"count": 0}, "disagreeCount": 0}, {"logView": true, "lang": "en", "createdAt": 1300152142, "agreeCount": 0, "likes": {"groups": [{"items": [], "count": 1, "type": "others"}], "summary": "1 like", "count": 1}, "id": "4d7ebf4e4219a1cd5ab068d3", "text": "Weekends(Fri,Sat,Sun) do rvsp earlier to get seats as queue is based first come first serve.", "type": "user", "user": {"gender": "male", "id": "6611856", "photo": {"prefix": "https://igx.4sqi.net/img/user/", "suffix": "/BN2TTBLIQ3DFQCND.jpg"}, "firstName": "Joy", "lastName": "Mah"}, "canonicalUrl": "https://foursquare.com/item/4d7ebf4e4219a1cd5ab068d3", "todo": {"count": 0}, "disagreeCount": 0}, {"logView": true, "lang": "en", "createdAt": 1294058083, "agreeCount": 0, "likes": {"groups": [], "count": 0}, "id": "4d21c2630901721e96539da5", "text": "Nice pineapple fried rice. \ue00e", "type": "user", "user": {"gender": "female", "id": "4996574", "photo": {"prefix": "https://igx.4sqi.net/img/user/", "suffix": "/00TBSJEIPC0OF4PK.jpg"}, "firstName": "Jez", "lastName": "Ong"}, "canonicalUrl": "https://foursquare.com/item/4d21c2630901721e96539da5", "todo": {"count": 0}, "disagreeCount": 0}, {"authorInteractionType": "liked", "logView": true, "lang": "en", "createdAt": 1345740128, "agreeCount": 0, "likes": {"groups": [], "count": 0}, "id": "50365d60e4b0bb9297d1b384", "text": "Excellent Thai food. Both the red and green curries are fantastic. Just a curry with a plain rice make for a truly satisfying Thai meal.", "type": "user", "user": {"gender": "male", "id": "1165860", "photo": {"prefix": "https://igx.4sqi.net/img/user/", "suffix": "/3OWGJFIYVVEVQBO2.jpg"}, "firstName": "Kwun Tsun", "lastName": "Chan"}, "canonicalUrl": "https://foursquare.com/item/50365d60e4b0bb9297d1b384", "todo": {"count": 0}, "disagreeCount": 0}, {"logView": true, "lang": "en", "createdAt": 1466663458, "agreeCount": 0, "likes": {"groups": [], "count": 0}, "id": "576b8222498ef368a67447ec", "text": "Take Tom Yum in a large bowl! Really fresh and full of flavour.", "type": "user", "user": {"gender": "none", "id": "4007316", "photo": {"prefix": "https://igx.4sqi.net/img/user/", "suffix": "/D5TB2P2N53SZKRWD.jpg"}, "firstName": "Jakub", "lastName": "K"}, "canonicalUrl": "https://foursquare.com/item/576b8222498ef368a67447ec", "todo": {"count": 0}, "disagreeCount": 0}, {"authorInteractionType": "liked", "logView": true, "lang": "en", "createdAt": 1464938550, "agreeCount": 0, "likes": {"groups": [], "count": 0}, "id": "57513036498efd11f3a33129", "text": "The olive rice with honey chix is yummy. I wanted more of it so I added an egg, which was ex...$1.50.", "type": "user", "user": {"gender": "male", "id": "1023230", "photo": {"prefix": "https://igx.4sqi.net/img/user/", "suffix": "/IV4VVMIEKPSDYMRH.jpg"}, "firstName": "Jzin", "lastName": "T"}, "canonicalUrl": "https://foursquare.com/item/57513036498efd11f3a33129", "todo": {"count": 0}, "disagreeCount": 0}, {"logView": true, "lang": "en", "createdAt": 1279279178, "agreeCount": 0, "likes": {"groups": [{"items": [], "count": 3, "type": "others"}], "summary": "3 likes", "count": 3}, "id": "4c40404a3735be9afc8216a4", "text": "The green curry is ultimate!", "type": "user", "user": {"gender": "female", "id": "1639641", "photo": {"prefix": "https://igx.4sqi.net/img/user/", "suffix": "/WBDMORI0D4HZGKVR.jpg"}, "firstName": "Frances", "lastName": "Huang"}, "canonicalUrl": "https://foursquare.com/item/4c40404a3735be9afc8216a4", "todo": {"count": 1}, "disagreeCount": 0}, {"logView": true, "lang": "en", "createdAt": 1388842076, "agreeCount": 0, "likes": {"groups": [], "count": 0}, "id": "52c80c5c498ed41cb619ca93", "text": "Authentic Pad Thai with chili! so love it! \u2764\ufe0f", "type": "user", "user": {"gender": "female", "id": "55006450", "photo": {"prefix": "https://igx.4sqi.net/img/user/", "suffix": "/55006450-REWRR51V1R35OJX3.jpg"}, "firstName": "Joy", "lastName": "Panlilio"}, "canonicalUrl": "https://foursquare.com/item/52c80c5c498ed41cb619ca93", "todo": {"count": 0}, "disagreeCount": 0}, {"authorInteractionType": "liked", "logView": true, "lang": "en", "createdAt": 1493471769, "agreeCount": 0, "likes": {"groups": [], "count": 0}, "id": "5904921912c8f02d90b28f15", "text": "Not bad for a shopping mall food", "type": "user", "user": {"gender": "female", "id": "335520544", "photo": {"prefix": "https://igx.4sqi.net/img/user/", "suffix": "/335520544_Yo-l71Nt_iz3XXSlH0Pd1sCpLOhSGq9DIZwPD9JNQ7i39BIPnWlMXYX4-9DdPKY-wOZRdfbGJ.jpg"}, "firstName": "JuanJuan", "lastName": "Yao"}, "canonicalUrl": "https://foursquare.com/item/5904921912c8f02d90b28f15", "todo": {"count": 0}, "disagreeCount": 0}, {"logView": true, "lang": "en", "createdAt": 1310964824, "agreeCount": 0, "likes": {"groups": [], "count": 0}, "id": "4e23bc5888774a43b7814240", "text": "Red Chicken Curry was very good. Nice spice.... Large bowl two people could share", "type": "user", "user": {"gender": "male", "id": "996833", "photo": {"prefix": "https://igx.4sqi.net/img/user/", "suffix": "/WTWGOVQPOGKOXTPU.jpg"}, "firstName": "Brian", "lastName": "Goldman"}, "canonicalUrl": "https://foursquare.com/item/4e23bc5888774a43b7814240", "todo": {"count": 0}, "disagreeCount": 0}, {"authorInteractionType": "liked", "logView": true, "lang": "en", "createdAt": 1464938476, "agreeCount": 0, "likes": {"groups": [], "count": 0}, "id": "57512fec498eb005d2e00ba5", "text": "Good Thai food. Defo better than Thai Express. Bit ex though. Portions were alright. Service in. Decor and ambience naiise", "type": "user", "user": {"gender": "male", "id": "1023230", "photo": {"prefix": "https://igx.4sqi.net/img/user/", "suffix": "/IV4VVMIEKPSDYMRH.jpg"}, "firstName": "Jzin", "lastName": "T"}, "canonicalUrl": "https://foursquare.com/item/57512fec498eb005d2e00ba5", "todo": {"count": 0}, "disagreeCount": 0}, {"logView": true, "lang": "en", "createdAt": 1315025973, "agreeCount": 0, "likes": {"groups": [], "count": 0}, "id": "4e61b43552b1260c12d0d251", "text": "Thai Mango Salad!!!!", "type": "user", "user": {"gender": "male", "id": "5822879", "photo": {"prefix": "https://igx.4sqi.net/img/user/", "suffix": "/IARLLM1WOG2D405Y.jpg"}, "firstName": "Chris", "lastName": "San Buenaventura"}, "canonicalUrl": "https://foursquare.com/item/4e61b43552b1260c12d0d251", "todo": {"count": 0}, "disagreeCount": 0}, {"logView": true, "lang": "en", "createdAt": 1447935862, "agreeCount": 0, "likes": {"groups": [], "count": 0}, "id": "564dbf76498ef7efc0d3b32b", "text": "New decor, New menu but still as good!", "type": "user", "user": {"gender": "female", "id": "11755606", "photo": {"prefix": "https://igx.4sqi.net/img/user/", "suffix": "/E2DT2XGARVK5VKMM.jpg"}, "firstName": "Stacy", "lastName": "Seah"}, "canonicalUrl": "https://foursquare.com/item/564dbf76498ef7efc0d3b32b", "todo": {"count": 0}, "disagreeCount": 0}, {"logView": true, "lang": "en", "createdAt": 1295220255, "agreeCount": 0, "likes": {"groups": [], "count": 0}, "id": "4d337e1ff8c9224b1aefbad2", "text": "Minced pork with basil not bad, but give the pineapple rice a miss. Tasteless rice & the chicken was bad. Honey baked pork ribs were soft, a little sweet, other than that, tasteless. Won't be back agn", "type": "user", "user": {"gender": "female", "id": "1066422", "photo": {"prefix": "https://igx.4sqi.net/img/user/", "suffix": "/O1FY1V0CD5NPKP4W.jpg"}, "firstName": "Apple", "lastName": "Lim"}, "canonicalUrl": "https://foursquare.com/item/4d337e1ff8c9224b1aefbad2", "todo": {"count": 0}, "disagreeCount": 0}, {"logView": true, "lang": "en", "createdAt": 1379998857, "agreeCount": 0, "likes": {"groups": [], "count": 0}, "id": "52411c89498ed7016bd2a510", "text": "The pad Thai noodles with the chilli in it is the spiciest food. Lived it.", "type": "user", "user": {"gender": "male", "id": "1321537", "photo": {"prefix": "https://igx.4sqi.net/img/user/", "suffix": "/HMW5LT0H3QWXJZ4Y.jpg"}, "firstName": "Srinivas", "lastName": "Rowdur"}, "canonicalUrl": "https://foursquare.com/item/52411c89498ed7016bd2a510", "todo": {"count": 0}, "disagreeCount": 0}, {"logView": true, "lang": "en", "createdAt": 1358836841, "agreeCount": 0, "likes": {"groups": [], "count": 0}, "id": "50fe3469e4b01d666df605f6", "text": "The pandan leaf chicken is SHIOK.", "type": "user", "user": {"gender": "female", "id": "10968789", "photo": {"prefix": "https://igx.4sqi.net/img/user/", "suffix": "/EM113OXBHVKK3NI1.jpg"}, "firstName": "HM", "lastName": "Lee"}, "canonicalUrl": "https://foursquare.com/item/50fe3469e4b01d666df605f6", "todo": {"count": 0}, "disagreeCount": 0}, {"logView": true, "lang": "en", "createdAt": 1335876654, "agreeCount": 0, "likes": {"groups": [], "count": 0}, "id": "4f9fdc2ee4b0bf270c3a42f7", "text": "Green curry good!", "type": "user", "user": {"gender": "female", "id": "3149461", "photo": {"prefix": "https://igx.4sqi.net/img/user/", "suffix": "/E05OZ0442MVHZB0U.jpg"}, "firstName": "SHERLYN", "lastName": "LER"}, "canonicalUrl": "https://foursquare.com/item/4f9fdc2ee4b0bf270c3a42f7", "todo": {"count": 0}, "disagreeCount": 0}, {"logView": true, "lang": "en", "createdAt": 1422880130, "agreeCount": 0, "likes": {"groups": [], "count": 0}, "id": "54cf6d82498ec2636e7e1d9b", "text": "Quite decent food, prices not bad as well", "type": "user", "user": {"gender": "male", "id": "45926753", "photo": {"prefix": "https://igx.4sqi.net/img/user/", "suffix": "/45926753-ESPW2J552GO01P4W.jpg"}, "firstName": "Ty", "lastName": "Le"}, "canonicalUrl": "https://foursquare.com/item/54cf6d82498ec2636e7e1d9b", "todo": {"count": 0}, "disagreeCount": 0}, {"logView": true, "lang": "en", "createdAt": 1333279598, "agreeCount": 0, "likes": {"groups": [], "count": 0}, "id": "4f783b6ee4b08f9be64b4c52", "text": "Steamed Seabass with lime and chilly", "type": "user", "user": {"gender": "male", "id": "11691686", "photo": {"prefix": "https://igx.4sqi.net/img/user/", "suffix": "/RRTBCHXNPX1ION2N.jpg"}, "firstName": "Bithin", "lastName": "Talukdar"}, "canonicalUrl": "https://foursquare.com/item/4f783b6ee4b08f9be64b4c52", "todo": {"count": 0}, "disagreeCount": 0}, {"logView": true, "lang": "en", "createdAt": 1293105466, "agreeCount": 0, "likes": {"groups": [], "count": 0}, "id": "4d13393a37f1236a509c7f1b", "text": "Home made beancurd is nice.. But the rest soso.. No 2nd time for me ba..", "type": "user", "user": {"gender": "female", "id": "5085699", "photo": {"prefix": "https://igx.4sqi.net/img/user/", "suffix": "/XM252AC24UAUTL1Q.jpg"}, "firstName": "Elaine", "lastName": "Thng"}, "canonicalUrl": "https://foursquare.com/item/4d13393a37f1236a509c7f1b", "todo": {"count": 0}, "disagreeCount": 0}, {"logView": true, "lang": "en", "createdAt": 1337407023, "agreeCount": 0, "likes": {"groups": [], "count": 0}, "id": "4fb7362fe4b0636b70bfadc7", "text": "Avoid the steamed rice - too wet!", "type": "user", "user": {"id": "9067512", "photo": {"prefix": "https://igx.4sqi.net/img/user/", "suffix": "/4O1DJOSU4OOQ2GBI.jpg"}, "firstName": "\u6369\u82b1", "gender": "male"}, "canonicalUrl": "https://foursquare.com/item/4fb7362fe4b0636b70bfadc7", "todo": {"count": 0}, "disagreeCount": 0}, {"authorInteractionType": "liked", "logView": true, "lang": "en", "createdAt": 1454540271, "agreeCount": 0, "likes": {"groups": [], "count": 0}, "id": "56b285ef498e0938e832d1fb", "text": "Love their massaman curry. Got to try it. One of my Favourite Thai restaurant.", "type": "user", "user": {"gender": "male", "id": "124438", "photo": {"prefix": "https://igx.4sqi.net/img/user/", "suffix": "/ZNLXXD42SWDOWPIY.jpg"}, "firstName": "Mickey", "lastName": "Cheong"}, "canonicalUrl": "https://foursquare.com/item/56b285ef498e0938e832d1fb", "todo": {"count": 0}, "disagreeCount": 0}, {"logView": true, "lang": "en", "createdAt": 1299673510, "agreeCount": 0, "likes": {"groups": [], "count": 0}, "id": "4d7771a67484b60c2b313cd9", "text": "Die die must try their Baked Honey Pork Rib - tasty, soft meat that melt in your mouth. Slurp!", "type": "user", "user": {"gender": "male", "id": "5237802", "photo": {"prefix": "https://igx.4sqi.net/img/user/", "suffix": "/ANWMB2LE4CABFM4R.jpg"}, "firstName": "Neil", "lastName": "Tan"}, "canonicalUrl": "https://foursquare.com/item/4d7771a67484b60c2b313cd9", "todo": {"count": 0}, "disagreeCount": 0}, {"logView": true, "lang": "en", "createdAt": 1305895987, "agreeCount": 0, "likes": {"groups": [], "count": 0}, "id": "4dd664337d8b322663d51d18", "text": "MUST TRYs: Green Curry and Mango Tango!!!", "type": "user", "user": {"gender": "male", "id": "6615179", "photo": {"prefix": "https://igx.4sqi.net/img/user/", "suffix": "/PVVGYBPN3SV0OJEQ.jpg"}, "firstName": "Shafik", "lastName": "Basir"}, "canonicalUrl": "https://foursquare.com/item/4dd664337d8b322663d51d18", "todo": {"count": 0}, "disagreeCount": 0}, {"logView": true, "lang": "en", "createdAt": 1293798558, "agreeCount": 0, "likes": {"groups": [], "count": 0}, "id": "4d1dcc9e0901721e3d937ba5", "text": "Must try the signature dish--> steam seabass with lime n chilli, sure you will WOW after try it!", "type": "user", "user": {"gender": "female", "id": "3854080", "photo": {"prefix": "https://igx.4sqi.net/img/user/", "suffix": "/34G1HBPK1AJNSANE.jpg"}, "firstName": "cheRRie", "lastName": "L."}, "canonicalUrl": "https://foursquare.com/item/4d1dcc9e0901721e3d937ba5", "todo": {"count": 0}, "disagreeCount": 0}, {"authorInteractionType": "liked", "logView": true, "lang": "en", "createdAt": 1449230739, "agreeCount": 0, "likes": {"groups": [], "count": 0}, "id": "56618193498eb5c06757274c", "text": "Good food, personable service!", "type": "user", "user": {"gender": "male", "id": "7659322", "photo": {"prefix": "https://igx.4sqi.net/img/user/", "suffix": "/15OJGQK5CVO5TCY4.jpg"}, "firstName": "Alan", "lastName": "Lee"}, "canonicalUrl": "https://foursquare.com/item/56618193498eb5c06757274c", "todo": {"count": 0}, "disagreeCount": 0}], "count": 56}}}