{"meta": {"code": 200, "requestId": "595a54d5db04f562eeebc7dc"}, "response": {"tips": {"items": [{"authorInteractionType": "liked", "logView": true, "lang": "en", "createdAt": 1416172967, "agreeCount": 1, "likes": {"groups": [{"items": [{"gender": "male", "id": "3219947", "photo": {"prefix": "https://igx.4sqi.net/img/user/", "suffix": "/XUZ5CMPFIP02C3AX.jpg"}, "firstName": "Andrea", "lastName": "Monni"}], "count": 1, "type": "others"}], "summary": "1 like", "count": 1}, "id": "546915a7498ef3956e0fe24b", "text": "Grab a pretzel and a pilsner and watch the world go by.", "type": "user", "user": {"gender": "male", "id": "187334", "photo": {"prefix": "https://igx.4sqi.net/img/user/", "suffix": "/187334-0EH23LJZV2BIF5ZV.jpg"}, "firstName": "Mark", "lastName": "Ashworth"}, "canonicalUrl": "https://foursquare.com/item/546915a7498ef3956e0fe24b", "todo": {"count": 0}, "disagreeCount": 0}, {"authorInteractionType": "meh", "logView": true, "lang": "en", "createdAt": 1472305866, "agreeCount": 0, "likes": {"groups": [], "count": 0}, "id": "57c19acacd101fd8952bc494", "text": "vibe , beer, food good. Service is slow and reluctant", "type": "user", "user": {"gender": "none", "id": "3106302", "photo": {"prefix": "https://igx.4sqi.net/img/user/", "suffix": "/CYVUDHITMBC2BT13.jpg"}, "firstName": "Ser", "lastName": "Wong"}, "canonicalUrl": "https://foursquare.com/item/57c19acacd101fd8952bc494", "todo": {"count": 0}, "disagreeCount": 0}, {"logView": true, "lang": "de", "createdAt": 1288451428, "agreeCount": 0, "likes": {"groups": [], "count": 0}, "id": "4ccc35646fd695211a83fc5f", "text": "Habe noch nie ein Bier getrunken so gut wie dieses Bier", "type": "user", "user": {"gender": "male", "id": "629638", "photo": {"prefix": "https://igx.4sqi.net/img/user/", "suffix": "/1YBGSLRK2KOL2ORE.jpg"}, "firstName": "CHRIS", "lastName": "Hs"}, "canonicalUrl": "https://foursquare.com/item/4ccc35646fd695211a83fc5f", "todo": {"count": 0}, "disagreeCount": 0}, {"authorInteractionType": "disliked", "logView": true, "lang": "en", "createdAt": 1382111265, "agreeCount": 0, "likes": {"groups": [], "count": 0}, "id": "52615821498e60a4e481c1f3", "text": "service sucks ttm.", "type": "user", "user": {"gender": "female", "id": "3240108", "photo": {"prefix": "https://igx.4sqi.net/img/user/", "suffix": "/3240108-IRCEOWELX252AL3V.jpg"}, "firstName": "shAnn", "lastName": "heSter"}, "canonicalUrl": "https://foursquare.com/item/52615821498e60a4e481c1f3", "todo": {"count": 0}, "disagreeCount": 0}, {"logView": true, "lang": "en", "createdAt": 1296387347, "agreeCount": 0, "likes": {"groups": [], "count": 0}, "id": "4d454d137e2e5481a855698f", "text": "Try on Sundays the Schnitzel day.", "type": "user", "user": {"gender": "male", "id": "2082866", "photo": {"prefix": "https://igx.4sqi.net/img/user/", "default": true, "suffix": "/blank_boy.png"}, "firstName": "Rene", "lastName": "VonReth"}, "canonicalUrl": "https://foursquare.com/item/4d454d137e2e5481a855698f", "todo": {"count": 0}, "disagreeCount": 0}, {"authorInteractionType": "liked", "logView": true, "lang": "en", "createdAt": 1441364404, "agreeCount": 1, "likes": {"groups": [{"items": [{"gender": "male", "id": "25723392", "photo": {"prefix": "https://igx.4sqi.net/img/user/", "suffix": "/MLCYRWUPZILG5DHX.gif"}, "firstName": "Bj\u00f6rn", "lastName": "G"}], "count": 1, "type": "others"}], "summary": "1 like", "count": 1}, "id": "55e979b4498e200d8fd454ab", "text": "The nicer staff of the whole Brotzeit Restarutants is here! Smiles and kindness", "type": "user", "user": {"gender": "female", "id": "25551149", "photo": {"prefix": "https://igx.4sqi.net/img/user/", "suffix": "/25551149-UVMTRSUWHRBVAJ0F.jpg"}, "firstName": "Martina", "lastName": "Maitan"}, "canonicalUrl": "https://foursquare.com/item/55e979b4498e200d8fd454ab", "todo": {"count": 0}, "disagreeCount": 0}, {"authorInteractionType": "liked", "logView": true, "lang": "en", "photo": {"id": "50e51202e4b070387a8841c9", "visibility": "public", "source": {"name": "Foursquare for iOS", "url": "https://foursquare.com/download/#/iphone"}, "suffix": "/250752_cpqM2xRKQFXLAKW9pPbiEGDxgjTw6UsrVPHF5f6ERnw.jpg", "createdAt": 1357189634, "prefix": "https://igx.4sqi.net/img/general/", "width": 717, "height": 959}, "createdAt": 1357189627, "todo": {"count": 0}, "agreeCount": 1, "likes": {"groups": [{"items": [{"id": "967505", "photo": {"prefix": "https://igx.4sqi.net/img/user/", "suffix": "/513X05K04CS4325A.jpg"}, "firstName": "rachel", "gender": "female"}], "count": 1, "type": "others"}], "summary": "1 like", "count": 1}, "id": "50e511fbe4b00f24ae380b9f", "text": "The beer is always excellent here.", "disagreeCount": 0, "user": {"id": "250752", "photo": {"prefix": "https://igx.4sqi.net/img/user/", "suffix": "/-5XQFZRYCEI0L02M2.jpg"}, "firstName": "MrAniki", "gender": "male"}, "canonicalUrl": "https://foursquare.com/item/50e511fbe4b00f24ae380b9f", "type": "user", "photourl": "https://igx.4sqi.net/img/general/original/250752_cpqM2xRKQFXLAKW9pPbiEGDxgjTw6UsrVPHF5f6ERnw.jpg"}, {"logView": true, "lang": "en", "createdAt": 1356010660, "agreeCount": 0, "likes": {"groups": [], "count": 0}, "id": "50d314a4e4b00e9dcf149836", "text": "Do not sit indoors! Insanely noisy. Gets worse when the glass panels are shut!", "type": "user", "user": {"gender": "female", "id": "11755606", "photo": {"prefix": "https://igx.4sqi.net/img/user/", "suffix": "/E2DT2XGARVK5VKMM.jpg"}, "firstName": "Stacy", "lastName": "Seah"}, "canonicalUrl": "https://foursquare.com/item/50d314a4e4b00e9dcf149836", "todo": {"count": 0}, "disagreeCount": 0}, {"logView": true, "lang": "en", "createdAt": 1312011945, "agreeCount": 0, "likes": {"groups": [{"items": [], "count": 1, "type": "others"}], "summary": "1 like", "count": 1}, "id": "4e33b6a962845cff5a425509", "text": "Bad service. Waitresses here are so obsessed about babies that they don't even bother to give the other patrons attention. Rude & never coming back.", "type": "user", "user": {"gender": "male", "id": "4761147", "photo": {"prefix": "https://igx.4sqi.net/img/user/", "suffix": "/CG3RSIL4QQNPLL0R.jpg"}, "firstName": "Rajen", "lastName": "Krishna"}, "canonicalUrl": "https://foursquare.com/item/4e33b6a962845cff5a425509", "todo": {"count": 0}, "disagreeCount": 0}, {"logView": true, "lang": "en", "createdAt": 1290076748, "agreeCount": 0, "likes": {"groups": [], "count": 0}, "id": "4ce5024c302d54815ccacb5f", "text": "The mango beer is a must try :)", "type": "user", "user": {"gender": "female", "id": "3130906", "photo": {"prefix": "https://igx.4sqi.net/img/user/", "suffix": "/4XSWKTFNTFXQXREA.jpg"}, "firstName": "Geri", "lastName": "Lim"}, "canonicalUrl": "https://foursquare.com/item/4ce5024c302d54815ccacb5f", "todo": {"count": 1}, "disagreeCount": 0}, {"authorInteractionType": "meh", "logView": true, "lang": "en", "createdAt": 1427030848, "agreeCount": 0, "likes": {"groups": [], "count": 0}, "id": "550ec340498e7430f24f11b3", "text": "Brotzeit is always a sure bet, you never go wrong. Don't forget to order the sausage platter.", "type": "user", "user": {"gender": "male", "id": "3219947", "photo": {"prefix": "https://igx.4sqi.net/img/user/", "suffix": "/XUZ5CMPFIP02C3AX.jpg"}, "firstName": "Andrea", "lastName": "Monni"}, "canonicalUrl": "https://foursquare.com/item/550ec340498e7430f24f11b3", "todo": {"count": 0}, "disagreeCount": 0}, {"logView": true, "lang": "en", "createdAt": 1290277895, "agreeCount": 1, "likes": {"groups": [{"items": [{"id": "273911", "photo": {"prefix": "https://igx.4sqi.net/img/user/", "suffix": "/JSXLLVDNRPX4GMHY.jpg"}, "firstName": "Jeffrey Yeo", "gender": "male"}], "count": 1, "type": "others"}], "summary": "1 like", "count": 1}, "id": "4ce81407f1c6236a6c8c5df0", "text": "chicken salad + schweinemedallions + radler. awesome meal. feels like home...", "type": "user", "user": {"gender": "male", "id": "515459", "photo": {"prefix": "https://igx.4sqi.net/img/user/", "suffix": "/A4WADB45GFV2Z12K.jpg"}, "firstName": "Martin", "lastName": "Brochhaus"}, "canonicalUrl": "https://foursquare.com/item/4ce81407f1c6236a6c8c5df0", "todo": {"count": 0}, "disagreeCount": 0}, {"logView": true, "lang": "en", "createdAt": 1378613030, "agreeCount": 1, "likes": {"groups": [{"items": [{"gender": "male", "id": "3219947", "photo": {"prefix": "https://igx.4sqi.net/img/user/", "suffix": "/XUZ5CMPFIP02C3AX.jpg"}, "firstName": "Andrea", "lastName": "Monni"}], "count": 1, "type": "others"}], "summary": "1 like", "count": 1}, "id": "522bf72611d23cc6c8871e00", "text": "Service makes u feel unwelcome.", "type": "user", "user": {"gender": "male", "id": "2089973", "photo": {"prefix": "https://igx.4sqi.net/img/user/", "suffix": "/2089973-ZDM2S44LSB2CSRC0.jpg"}, "firstName": "Bhan", "lastName": "Lam"}, "canonicalUrl": "https://foursquare.com/item/522bf72611d23cc6c8871e00", "todo": {"count": 0}, "disagreeCount": 0}, {"logView": true, "lang": "en", "createdAt": 1330772876, "agreeCount": 0, "likes": {"groups": [], "count": 0}, "id": "4f51fb8ce4b00615140b0d6c", "text": "best pork nugget", "type": "user", "user": {"gender": "male", "id": "19803835", "photo": {"prefix": "https://igx.4sqi.net/img/user/", "suffix": "/EGCR5NA4PSTTQG1E.jpg"}, "firstName": "Benny", "lastName": "Yap"}, "canonicalUrl": "https://foursquare.com/item/4f51fb8ce4b00615140b0d6c", "todo": {"count": 0}, "disagreeCount": 0}, {"logView": true, "lang": "en", "createdAt": 1291524231, "agreeCount": 0, "likes": {"groups": [], "count": 0}, "id": "4cfb1887ee9cb60c387f8ead", "text": "Set meal for 2 is worth $. The food is nice & big portion.\ue105", "type": "user", "user": {"gender": "male", "id": "4752233", "photo": {"prefix": "https://igx.4sqi.net/img/user/", "suffix": "/4N5UUW0A1SJZA0WD.jpg"}, "firstName": "Sincent", "lastName": "Soh"}, "canonicalUrl": "https://foursquare.com/item/4cfb1887ee9cb60c387f8ead", "todo": {"count": 0}, "disagreeCount": 0}, {"authorInteractionType": "liked", "logView": true, "lang": "en", "createdAt": 1454643685, "agreeCount": 0, "likes": {"groups": [], "count": 0}, "id": "56b419e5498ec48705b79166", "text": "Sauerkraut, sausages and Beers, difficult to be disappointed by the classics, be sure to be hungry!", "type": "user", "user": {"gender": "male", "id": "4197458", "photo": {"prefix": "https://igx.4sqi.net/img/user/", "suffix": "/4197458-NFT1R3JEY0C11ZTT.jpg"}, "firstName": "Olivier", "lastName": "Biot"}, "canonicalUrl": "https://foursquare.com/item/56b419e5498ec48705b79166", "todo": {"count": 0}, "disagreeCount": 0}, {"authorInteractionType": "liked", "logView": true, "lang": "tr", "createdAt": 1427009254, "agreeCount": 0, "likes": {"groups": [], "count": 0}, "id": "550e6ee6498e4116b9d30b6c", "text": "Salad ve pizza harika", "type": "user", "user": {"gender": "male", "id": "72104748", "photo": {"prefix": "https://igx.4sqi.net/img/user/", "suffix": "/72104748_Zqk52IZy_lUyb-VfP_hWtEcFc2tbYeinUvKfzZfiGRAJ6eUb4IfLNRh8lPRE_SWTKaKJ6KyDV.jpg"}, "firstName": "\u00dcmit", "lastName": "Yi\u011fit"}, "canonicalUrl": "https://foursquare.com/item/550e6ee6498e4116b9d30b6c", "todo": {"count": 0}, "disagreeCount": 0}, {"logView": true, "lang": "en", "photo": {"id": "5936a61b1bc7043acb521e2a", "visibility": "public", "source": {"name": "Foursquare for Android", "url": "https://foursquare.com/download/#/android"}, "suffix": "/11755606_V0IXhuzkoPVQW8M8GeLe2006r_w9AFI96QQzDcKvY9Q.jpg", "createdAt": 1496753691, "prefix": "https://igx.4sqi.net/img/general/", "width": 3264, "height": 2448}, "createdAt": 1496753684, "todo": {"count": 0}, "agreeCount": 0, "likes": {"groups": [], "count": 0}, "id": "5936a614c9f90758fafd6244", "text": "White asparagus is season!", "disagreeCount": 0, "user": {"gender": "female", "id": "11755606", "photo": {"prefix": "https://igx.4sqi.net/img/user/", "suffix": "/E2DT2XGARVK5VKMM.jpg"}, "firstName": "Stacy", "lastName": "Seah"}, "canonicalUrl": "https://foursquare.com/item/5936a614c9f90758fafd6244", "type": "user", "photourl": "https://igx.4sqi.net/img/general/original/11755606_V0IXhuzkoPVQW8M8GeLe2006r_w9AFI96QQzDcKvY9Q.jpg"}, {"authorInteractionType": "liked", "logView": true, "lang": "en", "createdAt": 1417786834, "agreeCount": 0, "likes": {"groups": [], "count": 0}, "id": "5481b5d2498eeff4e44d2886", "text": "Here Weissbeer", "type": "user", "user": {"gender": "male", "id": "52747203", "photo": {"prefix": "https://igx.4sqi.net/img/user/", "default": true, "suffix": "/blank_boy.png"}, "firstName": "Leo", "lastName": "Wan"}, "canonicalUrl": "https://foursquare.com/item/5481b5d2498eeff4e44d2886", "todo": {"count": 0}, "disagreeCount": 0}, {"authorInteractionType": "liked", "logView": true, "lang": "en", "createdAt": 1407650953, "agreeCount": 1, "likes": {"groups": [{"items": [{"gender": "male", "id": "3219947", "photo": {"prefix": "https://igx.4sqi.net/img/user/", "suffix": "/XUZ5CMPFIP02C3AX.jpg"}, "firstName": "Andrea", "lastName": "Monni"}], "count": 1, "type": "others"}], "summary": "1 like", "count": 1}, "id": "53e70c89498eaddd70a824e1", "text": "Schnitzels, beer, pork knuckle.", "type": "user", "user": {"gender": "male", "id": "7268722", "photo": {"prefix": "https://igx.4sqi.net/img/user/", "suffix": "/7268722-BHRQB44PRSMWGS45.jpg"}, "firstName": "Anh", "lastName": "Han"}, "canonicalUrl": "https://foursquare.com/item/53e70c89498eaddd70a824e1", "todo": {"count": 0}, "disagreeCount": 0}, {"authorInteractionType": "liked", "logView": true, "lang": "en", "createdAt": 1442969618, "agreeCount": 0, "likes": {"groups": [], "count": 0}, "id": "5601f812498e60b35a8a5b87", "text": "Mmmm sauerkraut!", "type": "user", "user": {"gender": "female", "id": "1973074", "photo": {"prefix": "https://igx.4sqi.net/img/user/", "suffix": "/N2TAR4AZM2VDJ5GN.jpg"}, "firstName": "Adrienne", "lastName": "M"}, "canonicalUrl": "https://foursquare.com/item/5601f812498e60b35a8a5b87", "todo": {"count": 0}, "disagreeCount": 0}, {"authorInteractionType": "liked", "logView": true, "lang": "en", "createdAt": 1354875138, "agreeCount": 2, "likes": {"groups": [{"items": [{"id": "21284359", "photo": {"prefix": "https://igx.4sqi.net/img/user/", "suffix": "/CSGKAQLY1WCO2OE4.jpg"}, "firstName": "Miico", "gender": "none"}, {"gender": "male", "id": "2766085", "photo": {"prefix": "https://igx.4sqi.net/img/user/", "suffix": "/2766085-1B2POWWKVFFUIBSQ.jpg"}, "firstName": "Dx", "lastName": "Lin"}], "count": 2, "type": "others"}], "summary": "2 likes", "count": 2}, "id": "50c1c102e4b0d2e170a262c9", "text": "Pork kunckles,  Wild Mushroom Soup n Mango Beer", "type": "user", "user": {"id": "21284359", "photo": {"prefix": "https://igx.4sqi.net/img/user/", "suffix": "/CSGKAQLY1WCO2OE4.jpg"}, "firstName": "Miico", "gender": "none"}, "canonicalUrl": "https://foursquare.com/item/50c1c102e4b0d2e170a262c9", "todo": {"count": 0}, "disagreeCount": 0}, {"logView": true, "lang": "en", "createdAt": 1379132940, "agreeCount": 1, "likes": {"groups": [{"items": [{"gender": "male", "id": "3219947", "photo": {"prefix": "https://igx.4sqi.net/img/user/", "suffix": "/XUZ5CMPFIP02C3AX.jpg"}, "firstName": "Andrea", "lastName": "Monni"}], "count": 1, "type": "others"}], "summary": "1 like", "count": 1}, "id": "5233e60c11d2ec3c498a6a95", "text": "Great food! Must try: beef with spinach, chicken breast with mashed potato and salad, chocolate lava cake with vanilla ice cream. And of course, great beer!", "type": "user", "user": {"gender": "female", "id": "57797245", "photo": {"prefix": "https://igx.4sqi.net/img/user/", "suffix": "/2H510LDIHJJGJZ1U.jpg"}, "firstName": "Sam", "lastName": "Chen"}, "canonicalUrl": "https://foursquare.com/item/5233e60c11d2ec3c498a6a95", "todo": {"count": 0}, "disagreeCount": 0}, {"logView": true, "lang": "en", "createdAt": 1305375314, "agreeCount": 0, "likes": {"groups": [{"items": [], "count": 1, "type": "others"}], "summary": "1 like", "count": 1}, "id": "4dce725222718eed7a378f80", "text": "Kind of disappointed with their new menu... Yes it has pictures but variety was reduced by a lot!", "type": "user", "user": {"gender": "female", "id": "4695041", "photo": {"prefix": "https://igx.4sqi.net/img/user/", "suffix": "/V4NZ11JTGXWCA3JY.jpg"}, "firstName": "Yulia", "lastName": "Guzhavina"}, "canonicalUrl": "https://foursquare.com/item/4dce725222718eed7a378f80", "todo": {"count": 0}, "disagreeCount": 0}, {"logView": true, "lang": "en", "createdAt": 1275057796, "agreeCount": 0, "likes": {"groups": [], "count": 0}, "id": "4bffd68470c603bb66549db4", "text": "enjoy a good wheat beer (Erdinger) and german food by the waterfront with views of the IR and Universal Studio...might get to see fireworks if u're lucky..", "type": "user", "user": {"gender": "male", "id": "1409556", "photo": {"prefix": "https://igx.4sqi.net/img/user/", "default": true, "suffix": "/blank_boy.png"}, "firstName": "Alan", "lastName": "Choy"}, "canonicalUrl": "https://foursquare.com/item/4bffd68470c603bb66549db4", "todo": {"count": 0}, "disagreeCount": 0}, {"logView": true, "lang": "en", "createdAt": 1316859604, "agreeCount": 0, "likes": {"groups": [], "count": 0}, "id": "4e7daed430f8dd8a0ff4bf1c", "text": "here is the place gd food n gd drink", "type": "user", "user": {"gender": "female", "id": "4563854", "photo": {"prefix": "https://igx.4sqi.net/img/user/", "suffix": "/XTM02WMIAB5F3PXC.jpg"}, "firstName": "angel", "lastName": "smilelip"}, "canonicalUrl": "https://foursquare.com/item/4e7daed430f8dd8a0ff4bf1c", "todo": {"count": 0}, "disagreeCount": 0}, {"logView": true, "lang": "en", "createdAt": 1274768856, "agreeCount": 0, "likes": {"groups": [], "count": 0}, "id": "4bfb6dd870c603bba2e39cb4", "text": "One of the best German bar in town. The view is cool n there r smoking tables around. Paulaner beer in its best n the pork knuckle is really nice... Give a try to the currywurst sausage!", "type": "user", "user": {"gender": "male", "id": "1367526", "photo": {"prefix": "https://igx.4sqi.net/img/user/", "suffix": "/LZNMF33XHKHMX0O1.jpg"}, "firstName": "Marcio", "lastName": "Cacao"}, "canonicalUrl": "https://foursquare.com/item/4bfb6dd870c603bba2e39cb4", "todo": {"count": 0}, "disagreeCount": 0}, {"logView": true, "lang": "en", "createdAt": 1290197424, "agreeCount": 1, "likes": {"groups": [{"items": [{"gender": "female", "id": "10717944", "photo": {"prefix": "https://igx.4sqi.net/img/user/", "suffix": "/AAMGXFLNWPYRLXZ4.jpg"}, "firstName": "Vivi", "lastName": "Viona"}], "count": 1, "type": "others"}], "summary": "1 like", "count": 1}, "id": "4ce6d9b0678aa093fbbddeea", "text": "The pork sausages are delicious...", "type": "user", "user": {"gender": "male", "id": "3160411", "photo": {"prefix": "https://igx.4sqi.net/img/user/", "suffix": "/3FRMIVSEH1DHGX5S.jpg"}, "firstName": "Kenji \ucf04\uc9c0", "lastName": "Garyk"}, "canonicalUrl": "https://foursquare.com/item/4ce6d9b0678aa093fbbddeea", "todo": {"count": 0}, "disagreeCount": 0}, {"logView": true, "lang": "en", "createdAt": 1353118305, "agreeCount": 0, "likes": {"groups": [], "count": 0}, "id": "50a6f261e4b0db20c06e7a1d", "text": "Large portion but..not as tasty as I thought", "type": "user", "user": {"gender": "male", "id": "13757249", "photo": {"prefix": "https://igx.4sqi.net/img/user/", "suffix": "/KWR04TMXOV4TYGXQ.jpg"}, "firstName": "Raymond", "lastName": "Leong"}, "canonicalUrl": "https://foursquare.com/item/50a6f261e4b0db20c06e7a1d", "todo": {"count": 0}, "disagreeCount": 0}, {"logView": true, "lang": "en", "createdAt": 1299927998, "agreeCount": 0, "likes": {"groups": [], "count": 0}, "id": "4d7b53be136bf04d57de498d", "text": "Best pork knuckle", "type": "user", "user": {"id": "3257939", "photo": {"prefix": "https://igx.4sqi.net/img/user/", "suffix": "/3257939-OGEUEREYQDQUODR1.jpg"}, "firstName": "IG @antskong", "gender": "male"}, "canonicalUrl": "https://foursquare.com/item/4d7b53be136bf04d57de498d", "todo": {"count": 0}, "disagreeCount": 0}, {"logView": true, "lang": "en", "createdAt": 1293444449, "agreeCount": 0, "likes": {"groups": [], "count": 0}, "id": "4d1865616d10370416883ebd", "text": "Brotzeit salads are Awesome!", "type": "user", "user": {"gender": "male", "id": "5482589", "photo": {"prefix": "https://igx.4sqi.net/img/user/", "suffix": "/FICERL1VYA0UV4F2.jpg"}, "firstName": "Jonathan", "lastName": "O"}, "canonicalUrl": "https://foursquare.com/item/4d1865616d10370416883ebd", "todo": {"count": 0}, "disagreeCount": 0}, {"logView": true, "lang": "en", "createdAt": 1302340918, "agreeCount": 0, "likes": {"groups": [], "count": 0}, "id": "4da025365970b1f79856531e", "text": "Try the Weissbier with mango juice!", "type": "user", "user": {"gender": "female", "id": "1335167", "photo": {"prefix": "https://igx.4sqi.net/img/user/", "suffix": "/3X0G1QBV3QGNEBSK.jpg"}, "firstName": "Noelle", "lastName": "Tong-er"}, "canonicalUrl": "https://foursquare.com/item/4da025365970b1f79856531e", "todo": {"count": 0}, "disagreeCount": 0}, {"logView": true, "lang": "en", "createdAt": 1343823273, "agreeCount": 1, "likes": {"groups": [{"items": [{"id": "21284359", "photo": {"prefix": "https://igx.4sqi.net/img/user/", "suffix": "/CSGKAQLY1WCO2OE4.jpg"}, "firstName": "Miico", "gender": "none"}], "count": 1, "type": "others"}], "summary": "1 like", "count": 1}, "id": "50191da9e4b0728256d7fec6", "text": "Try the Wild Mushroom Soup", "type": "user", "user": {"gender": "male", "id": "3600455", "photo": {"prefix": "https://igx.4sqi.net/img/user/", "suffix": "/QH4TMTOZ3FGZRNTU.jpg"}, "firstName": "Jeremy", "lastName": "Ong"}, "canonicalUrl": "https://foursquare.com/item/50191da9e4b0728256d7fec6", "todo": {"count": 0}, "disagreeCount": 0}, {"logView": true, "lang": "en", "createdAt": 1286368444, "agreeCount": 1, "likes": {"groups": [{"items": [{"id": "250752", "photo": {"prefix": "https://igx.4sqi.net/img/user/", "suffix": "/-5XQFZRYCEI0L02M2.jpg"}, "firstName": "MrAniki", "gender": "male"}], "count": 1, "type": "others"}], "summary": "1 like", "count": 1}, "id": "4cac6cbcf47ea1436deb9021", "text": "Must try: the pork knuckles which is not on the menu", "type": "user", "user": {"gender": "female", "id": "3296547", "photo": {"prefix": "https://igx.4sqi.net/img/user/", "suffix": "/F110JU0FWJJVU3OC.jpg"}, "firstName": "Shelley", "lastName": "Ho"}, "canonicalUrl": "https://foursquare.com/item/4cac6cbcf47ea1436deb9021", "todo": {"count": 0}, "disagreeCount": 0}, {"logView": true, "lang": "en", "createdAt": 1419258114, "agreeCount": 0, "likes": {"groups": [], "count": 0}, "id": "54982902498e4fc49dfff3b5", "text": "So good ,but service is slow comes with free delivery", "type": "user", "user": {"gender": "male", "id": "107604885", "photo": {"prefix": "https://igx.4sqi.net/img/user/", "suffix": "/107604885-K0PP242A4B2NDI2M.jpg"}, "firstName": "Tino", "lastName": "Buranasilapin"}, "canonicalUrl": "https://foursquare.com/item/54982902498e4fc49dfff3b5", "todo": {"count": 0}, "disagreeCount": 0}, {"logView": true, "lang": "en", "createdAt": 1293688298, "agreeCount": 0, "likes": {"groups": [], "count": 0}, "id": "4d1c1deafd7bb60c859d9be1", "text": "Want something refreshing on a hot day?Try the Radler.", "type": "user", "user": {"gender": "male", "id": "3774385", "photo": {"prefix": "https://igx.4sqi.net/img/user/", "suffix": "/T2RRZWAO5E5ZOZM4.jpg"}, "firstName": "Russell", "lastName": "Schooling"}, "canonicalUrl": "https://foursquare.com/item/4d1c1deafd7bb60c859d9be1", "todo": {"count": 1}, "disagreeCount": 0}, {"authorInteractionType": "meh", "logView": true, "lang": "en", "createdAt": 1425119013, "agreeCount": 0, "likes": {"groups": [], "count": 0}, "id": "54f19725498efce7e9994aef", "text": "The least German thing is the service - they just don't give a shit. I actually got a hand to the face at one point. Good beer, decent food, horrible location, disastrous service.", "type": "user", "user": {"gender": "male", "id": "1497492", "photo": {"prefix": "https://igx.4sqi.net/img/user/", "suffix": "/1497492-3QXFNWS35YX4SNUI.jpg"}, "firstName": "Drew", "lastName": "Graham"}, "canonicalUrl": "https://foursquare.com/item/54f19725498efce7e9994aef", "todo": {"count": 0}, "disagreeCount": 0}, {"logView": true, "lang": "en", "photo": {"id": "51149b07e4b069ad8cbea97d", "visibility": "public", "source": {"name": "Foursquare for iOS", "url": "https://foursquare.com/download/#/iphone"}, "suffix": "/10783730_sw8JEvFfmFW1gYKhB0qqVlxw0u7_ldGGZQEXGvK1Eio.jpg", "createdAt": 1360304903, "prefix": "https://igx.4sqi.net/img/general/", "width": 960, "height": 720}, "createdAt": 1360304895, "todo": {"count": 0}, "agreeCount": 0, "likes": {"groups": [], "count": 0}, "id": "51149affe4b08d16e1dc3979", "text": "House beer is very nice", "disagreeCount": 0, "user": {"gender": "male", "id": "10783730", "photo": {"prefix": "https://igx.4sqi.net/img/user/", "suffix": "/M1YQASJ5J2J5V52C.jpg"}, "firstName": "Eli", "lastName": "Jang"}, "canonicalUrl": "https://foursquare.com/item/51149affe4b08d16e1dc3979", "type": "user", "photourl": "https://igx.4sqi.net/img/general/original/10783730_sw8JEvFfmFW1gYKhB0qqVlxw0u7_ldGGZQEXGvK1Eio.jpg"}, {"logView": true, "lang": "en", "photo": {"id": "50bc9503e4b05df4c2b801ef", "visibility": "public", "source": {"name": "Foursquare for Android", "url": "https://foursquare.com/download/#/android"}, "suffix": "/3098990_dhl5cFYdvHxbL-k4nfTZU5_gCZYyzo4QooQminLBsnw.jpg", "createdAt": 1354536195, "prefix": "https://igx.4sqi.net/img/general/", "width": 720, "height": 540}, "createdAt": 1354536191, "todo": {"count": 0}, "agreeCount": 0, "likes": {"groups": [], "count": 0}, "id": "50bc94ffe4b01518224a15f4", "text": "Awesome spread!", "disagreeCount": 0, "user": {"gender": "male", "id": "3098990", "photo": {"prefix": "https://igx.4sqi.net/img/user/", "suffix": "/RLTF1QC34S3MTIDX.jpg"}, "firstName": "Ivan", "lastName": "Maminta"}, "canonicalUrl": "https://foursquare.com/item/50bc94ffe4b01518224a15f4", "type": "user", "photourl": "https://igx.4sqi.net/img/general/original/3098990_dhl5cFYdvHxbL-k4nfTZU5_gCZYyzo4QooQminLBsnw.jpg"}, {"logView": true, "lang": "en", "createdAt": 1373180103, "agreeCount": 0, "likes": {"groups": [], "count": 0}, "id": "51d910c7498e9e403ebca547", "text": "One Haxe is enough for two.", "type": "user", "user": {"gender": "male", "id": "12134270", "photo": {"prefix": "https://igx.4sqi.net/img/user/", "suffix": "/WBL2TZNJEDSRGALL.jpg"}, "firstName": "Nan", "lastName": "Xiao"}, "canonicalUrl": "https://foursquare.com/item/51d910c7498e9e403ebca547", "todo": {"count": 0}, "disagreeCount": 0}, {"logView": true, "lang": "en", "createdAt": 1322817371, "agreeCount": 0, "likes": {"groups": [], "count": 0}, "id": "4ed8975b77c8274efae76549", "text": "Quite nice, food is quite traditional, the 88$ set meal is really big and worthy.. I try nunberg sausage, not bad, the view in vivocity store is also nice. 30$ per person", "type": "user", "user": {"gender": "male", "id": "12210520", "photo": {"prefix": "https://igx.4sqi.net/img/user/", "suffix": "/T5DTWEYV4FMQQBCX.jpg"}, "firstName": "Tang", "lastName": "Muzhi Tom"}, "canonicalUrl": "https://foursquare.com/item/4ed8975b77c8274efae76549", "todo": {"count": 0}, "disagreeCount": 0}, {"logView": true, "lang": "en", "photo": {"id": "543a61d8498eb4d29628516b", "visibility": "public", "source": {"name": "Foursquare for Android", "url": "https://foursquare.com/download/#/android"}, "suffix": "/1249106_TfB9QsqYFFAQrgU4cYN3cie7mJVKLK2TZCFXbQuwmDs.jpg", "createdAt": 1413112280, "prefix": "https://igx.4sqi.net/img/general/", "width": 960, "height": 720}, "createdAt": 1413112278, "todo": {"count": 0}, "agreeCount": 1, "likes": {"groups": [{"items": [{"gender": "male", "id": "3219947", "photo": {"prefix": "https://igx.4sqi.net/img/user/", "suffix": "/XUZ5CMPFIP02C3AX.jpg"}, "firstName": "Andrea", "lastName": "Monni"}], "count": 1, "type": "others"}], "summary": "1 like", "count": 1}, "id": "543a61d6498e9e235710b72a", "text": "Oktoberfest at German pubs are always crazy ;)", "disagreeCount": 0, "user": {"gender": "male", "id": "1249106", "photo": {"prefix": "https://igx.4sqi.net/img/user/", "suffix": "/1249106-QNM2ALSM4QOJVEAR.jpg"}, "firstName": "Christopher", "lastName": "Pestano"}, "canonicalUrl": "https://foursquare.com/item/543a61d6498e9e235710b72a", "type": "user", "photourl": "https://igx.4sqi.net/img/general/original/1249106_TfB9QsqYFFAQrgU4cYN3cie7mJVKLK2TZCFXbQuwmDs.jpg"}, {"logView": true, "lang": "en", "photo": {"id": "54734235498ee0c76d6f1cd2", "visibility": "public", "source": {"name": "Foursquare for Android", "url": "https://foursquare.com/download/#/android"}, "suffix": "/36838117_Hn9aQpzYaQVT4mOb-1aova9MG0-QJqtwySM8qgbOpn0.jpg", "createdAt": 1416839733, "prefix": "https://igx.4sqi.net/img/general/", "width": 1152, "height": 1152}, "createdAt": 1416839726, "todo": {"count": 0}, "agreeCount": 1, "likes": {"groups": [{"items": [{"gender": "male", "id": "3219947", "photo": {"prefix": "https://igx.4sqi.net/img/user/", "suffix": "/XUZ5CMPFIP02C3AX.jpg"}, "firstName": "Andrea", "lastName": "Monni"}], "count": 1, "type": "others"}], "summary": "1 like", "count": 1}, "id": "5473422e498e77bc5da2cdc3", "text": "Nice place, great food", "disagreeCount": 0, "user": {"gender": "female", "id": "36838117", "photo": {"prefix": "https://igx.4sqi.net/img/user/", "suffix": "/LCGD5EVMZBBDQXRK.jpg"}, "firstName": "Agnes Dorothy", "lastName": "Amanse"}, "canonicalUrl": "https://foursquare.com/item/5473422e498e77bc5da2cdc3", "type": "user", "photourl": "https://igx.4sqi.net/img/general/original/36838117_Hn9aQpzYaQVT4mOb-1aova9MG0-QJqtwySM8qgbOpn0.jpg"}, {"authorInteractionType": "liked", "logView": true, "lang": "en", "photo": {"id": "5736ccaa498e63e3059651da", "visibility": "public", "source": {"name": "Foursquare for iOS", "url": "https://foursquare.com/download/#/iphone"}, "suffix": "/5317163_X0hSo0iGO-Nm4Fi43F-NvjGAxYnx9BMdXnESl6SvKFA.jpg", "createdAt": 1463209130, "prefix": "https://igx.4sqi.net/img/general/", "width": 1920, "height": 1440}, "createdAt": 1463209130, "todo": {"count": 0}, "agreeCount": 0, "likes": {"groups": [], "count": 0}, "id": "5736ccaa498e63e3059651db", "text": "Careful with 'German purity', especially in law \ud83d\ude01", "disagreeCount": 0, "user": {"id": "5317163", "photo": {"prefix": "https://igx.4sqi.net/img/user/", "suffix": "/TLZGGELMTYWAVM42.jpg"}, "firstName": "Syl", "gender": "none"}, "canonicalUrl": "https://foursquare.com/item/5736ccaa498e63e3059651db", "type": "user", "photourl": "https://igx.4sqi.net/img/general/original/5317163_X0hSo0iGO-Nm4Fi43F-NvjGAxYnx9BMdXnESl6SvKFA.jpg"}, {"logView": true, "lang": "en", "photo": {"id": "5536720a498e34e3caf86815", "visibility": "public", "source": {"name": "Foursquare for iOS", "url": "https://foursquare.com/download/#/iphone"}, "suffix": "/94299636_uoJMIC2nqTZhV6rLsosGNh5lQL23ksctLqzhNAgaDDM.jpg", "createdAt": 1429631498, "prefix": "https://igx.4sqi.net/img/general/", "width": 1440, "height": 1920}, "createdAt": 1429631491, "todo": {"count": 0}, "agreeCount": 0, "likes": {"groups": [], "count": 0}, "id": "55367203498eb9dae1557d99", "text": "One of the must go if you are a sausage lover. Better bring a companion, or two. Decent portion of food is served.", "disagreeCount": 0, "user": {"gender": "none", "id": "94299636", "photo": {"prefix": "https://igx.4sqi.net/img/user/", "suffix": "/94299636-WSYPUKGUL4XAJZUH.jpg"}, "firstName": "Sniper", "lastName": "Food Hunt"}, "canonicalUrl": "https://foursquare.com/item/55367203498eb9dae1557d99", "type": "user", "photourl": "https://igx.4sqi.net/img/general/original/94299636_uoJMIC2nqTZhV6rLsosGNh5lQL23ksctLqzhNAgaDDM.jpg"}, {"authorInteractionType": "liked", "logView": true, "lang": "en", "createdAt": 1463209081, "agreeCount": 0, "likes": {"groups": [], "count": 0}, "id": "5736cc79498e63e30596029f", "text": "R\u00f6sti, mashed potatoes, mozzarella salad, beer-batter apples", "type": "user", "user": {"id": "5317163", "photo": {"prefix": "https://igx.4sqi.net/img/user/", "suffix": "/TLZGGELMTYWAVM42.jpg"}, "firstName": "Syl", "gender": "none"}, "canonicalUrl": "https://foursquare.com/item/5736cc79498e63e30596029f", "todo": {"count": 0}, "disagreeCount": 0}, {"logView": true, "lang": "en", "createdAt": 1365109216, "agreeCount": 1, "likes": {"groups": [{"items": [{"gender": "male", "id": "3219947", "photo": {"prefix": "https://igx.4sqi.net/img/user/", "suffix": "/XUZ5CMPFIP02C3AX.jpg"}, "firstName": "Andrea", "lastName": "Monni"}], "count": 1, "type": "others"}], "summary": "1 like", "count": 1}, "id": "515de9e0e4b0944d8bca82e5", "text": "This is a place where I got my German Restaurant Ausgtationate", "type": "user", "user": {"gender": "male", "id": "13078929", "photo": {"prefix": "https://igx.4sqi.net/img/user/", "suffix": "/ZZYEERH0NEVNJS4P.jpg"}, "firstName": "Skarlos", "lastName": "Ma-under"}, "canonicalUrl": "https://foursquare.com/item/515de9e0e4b0944d8bca82e5", "todo": {"count": 0}, "disagreeCount": 0}, {"logView": true, "lang": "en", "createdAt": 1361213830, "agreeCount": 1, "likes": {"groups": [{"items": [{"gender": "male", "id": "3219947", "photo": {"prefix": "https://igx.4sqi.net/img/user/", "suffix": "/XUZ5CMPFIP02C3AX.jpg"}, "firstName": "Andrea", "lastName": "Monni"}], "count": 1, "type": "others"}], "summary": "1 like", "count": 1}, "id": "51227986e4b0e474d7c43b7d", "text": "Best beer in the towni", "type": "user", "user": {"gender": "male", "id": "14892477", "photo": {"prefix": "https://igx.4sqi.net/img/user/", "suffix": "/LVINKHX05GXM1WNA.jpg"}, "firstName": "Davin", "lastName": "Chua"}, "canonicalUrl": "https://foursquare.com/item/51227986e4b0e474d7c43b7d", "todo": {"count": 0}, "disagreeCount": 0}, {"logView": true, "lang": "en", "createdAt": 1334494845, "agreeCount": 0, "likes": {"groups": [], "count": 0}, "id": "4f8ac67de4b076717c02730b", "text": "Come with 5 people and have the $88 platter of pork knuckles, sausages and schnitzel. Guaranteed fats and happiness \uf60d Dont forget the beer \uf37b Have yet to try desserts!", "type": "user", "user": {"gender": "female", "id": "5817821", "photo": {"prefix": "https://igx.4sqi.net/img/user/", "suffix": "/JFFESFXGWEBPSQKQ.jpg"}, "firstName": "Jillian", "lastName": "W."}, "canonicalUrl": "https://foursquare.com/item/4f8ac67de4b076717c02730b", "todo": {"count": 0}, "disagreeCount": 0}, {"authorInteractionType": "liked", "logView": true, "lang": "en", "createdAt": 1431775802, "agreeCount": 0, "likes": {"groups": [], "count": 0}, "id": "55572a3a498e55d7db37fcdd", "text": "Bratwurst, Saugages, Cold Cuts and Beers!", "type": "user", "user": {"gender": "male", "id": "8481209", "photo": {"prefix": "https://igx.4sqi.net/img/user/", "suffix": "/8481209-WJFELJFPBEXFR2XF.jpg"}, "firstName": "Brecht", "lastName": "De Weirdt"}, "canonicalUrl": "https://foursquare.com/item/55572a3a498e55d7db37fcdd", "todo": {"count": 0}, "disagreeCount": 0}, {"logView": true, "lang": "en", "createdAt": 1279711679, "agreeCount": 0, "likes": {"groups": [], "count": 0}, "id": "4c46d9bf417b20a10ca8dba9", "text": "Great beer from paulaner", "type": "user", "user": {"gender": "male", "id": "906441", "photo": {"prefix": "https://igx.4sqi.net/img/user/", "suffix": "/0SQPTJAQH1U20CRD.jpg"}, "firstName": "Adrian", "lastName": "Khoo"}, "canonicalUrl": "https://foursquare.com/item/4c46d9bf417b20a10ca8dba9", "todo": {"count": 0}, "disagreeCount": 0}, {"logView": true, "lang": "en", "createdAt": 1283162900, "agreeCount": 0, "likes": {"groups": [{"items": [], "count": 3, "type": "others"}], "summary": "3 likes", "count": 3}, "id": "4c7b831483a7bfb7b4d68bf8", "text": "the currywurst tastes really as it come from germany... :-)", "type": "user", "user": {"gender": "male", "id": "1342214", "photo": {"prefix": "https://igx.4sqi.net/img/user/", "suffix": "/LMQG13BJGU4W5VK4.jpg"}, "firstName": "M", "lastName": "D"}, "canonicalUrl": "https://foursquare.com/item/4c7b831483a7bfb7b4d68bf8", "todo": {"count": 0}, "disagreeCount": 0}, {"logView": true, "lang": "en", "createdAt": 1301236311, "agreeCount": 0, "likes": {"groups": [], "count": 0}, "id": "4d8f4a57788c54817fa14bfd", "text": "Must try - pork knuckle, German potato salad, salmon bread and of course their beers! But not all at once unless you are in a big group ;))", "type": "user", "user": {"gender": "female", "id": "4695041", "photo": {"prefix": "https://igx.4sqi.net/img/user/", "suffix": "/V4NZ11JTGXWCA3JY.jpg"}, "firstName": "Yulia", "lastName": "Guzhavina"}, "canonicalUrl": "https://foursquare.com/item/4d8f4a57788c54817fa14bfd", "todo": {"count": 0}, "disagreeCount": 0}, {"logView": true, "lang": "en", "createdAt": 1305472467, "agreeCount": 6, "likes": {"groups": [{"items": [{"gender": "female", "id": "25638375", "photo": {"prefix": "https://igx.4sqi.net/img/user/", "suffix": "/H3EUB1NGOGVNFS1E.jpg"}, "firstName": "Beatrice Cynthia", "lastName": "Walter"}, {"id": "21284359", "photo": {"prefix": "https://igx.4sqi.net/img/user/", "suffix": "/CSGKAQLY1WCO2OE4.jpg"}, "firstName": "Miico", "gender": "none"}, {"gender": "female", "id": "1706740", "photo": {"prefix": "https://igx.4sqi.net/img/user/", "suffix": "/OEWVK5VW0BNEG55C.jpg"}, "firstName": "Luisa", "lastName": "Huang"}, {"gender": "male", "id": "1666549", "photo": {"prefix": "https://igx.4sqi.net/img/user/", "suffix": "/ZQST2FYJVAQMBIK1.jpg"}, "firstName": "Terence", "lastName": "T"}], "count": 6, "type": "others"}], "summary": "6 likes", "count": 6}, "id": "4dcfedd315200a4d1868bcdf", "text": "Take a seat outdoor, and enjoy the view of Sentosa. And you have to try their pork knuckles! You won't regret!", "type": "user", "user": {"gender": "male", "id": "1666549", "photo": {"prefix": "https://igx.4sqi.net/img/user/", "suffix": "/ZQST2FYJVAQMBIK1.jpg"}, "firstName": "Terence", "lastName": "T"}, "canonicalUrl": "https://foursquare.com/item/4dcfedd315200a4d1868bcdf", "todo": {"count": 1}, "disagreeCount": 0}, {"logView": true, "lang": "en", "createdAt": 1367917546, "agreeCount": 2, "likes": {"groups": [{"items": [{"gender": "male", "id": "3219947", "photo": {"prefix": "https://igx.4sqi.net/img/user/", "suffix": "/XUZ5CMPFIP02C3AX.jpg"}, "firstName": "Andrea", "lastName": "Monni"}, {"gender": "female", "id": "16123678", "photo": {"prefix": "https://igx.4sqi.net/img/user/", "suffix": "/16123678-FHMK3ZQIXONTDFYF.jpg"}, "firstName": "TeeeeeJaaaaay", "lastName": "Chee"}], "count": 2, "type": "others"}], "summary": "2 likes", "count": 2}, "id": "5188c3ea498e26e7952894b5", "text": "If you feel like going away of Asian food , this is the right place to be. Great menu, good German bier and touch of Bayerisch K\u00fcche .", "type": "user", "user": {"gender": "male", "id": "38173018", "photo": {"prefix": "https://igx.4sqi.net/img/user/", "suffix": "/38173018-WVJFAIAFGZCAT0EV.jpg"}, "firstName": "ALLI", "lastName": "TAASKIN"}, "canonicalUrl": "https://foursquare.com/item/5188c3ea498e26e7952894b5", "todo": {"count": 0}, "disagreeCount": 0}, {"logView": true, "lang": "en", "photo": {"id": "54b25a47498ebcd70c1ad2f8", "visibility": "public", "source": {"name": "Foursquare for Android", "url": "https://foursquare.com/download/#/android"}, "suffix": "/78478137_27de3MtA7qnvpKuu0dAbdFiVJCUPxklkjeILCcb3Fog.jpg", "createdAt": 1420974663, "prefix": "https://igx.4sqi.net/img/general/", "width": 1080, "height": 1440}, "createdAt": 1420974660, "todo": {"count": 0}, "agreeCount": 1, "likes": {"groups": [{"items": [{"gender": "male", "id": "3219947", "photo": {"prefix": "https://igx.4sqi.net/img/user/", "suffix": "/XUZ5CMPFIP02C3AX.jpg"}, "firstName": "Andrea", "lastName": "Monni"}], "count": 1, "type": "others"}], "summary": "1 like", "count": 1}, "id": "54b25a44498e2fd871106c19", "text": "German beer  of course! !", "disagreeCount": 0, "user": {"gender": "female", "id": "78478137", "photo": {"prefix": "https://igx.4sqi.net/img/user/", "suffix": "/78478137-VA2WRW2HN5IV5BYS.jpg"}, "firstName": "Jane", "lastName": "Ang"}, "canonicalUrl": "https://foursquare.com/item/54b25a44498e2fd871106c19", "type": "user", "photourl": "https://igx.4sqi.net/img/general/original/78478137_27de3MtA7qnvpKuu0dAbdFiVJCUPxklkjeILCcb3Fog.jpg"}, {"logView": true, "lang": "en", "createdAt": 1315049169, "agreeCount": 0, "likes": {"groups": [], "count": 0}, "id": "4e620ed1b993678bb63851c7", "text": "duh! table for 4 expect us to squeeze 5 persons in??", "type": "user", "user": {"gender": "male", "id": "2149138", "photo": {"prefix": "https://igx.4sqi.net/img/user/", "suffix": "/3JW4YIFW4M05R0HA.jpg"}, "firstName": "Michael", "lastName": "Shee"}, "canonicalUrl": "https://foursquare.com/item/4e620ed1b993678bb63851c7", "todo": {"count": 0}, "disagreeCount": 0}, {"logView": true, "lang": "en", "createdAt": 1417666766, "agreeCount": 2, "likes": {"groups": [{"items": [{"gender": "male", "id": "3219947", "photo": {"prefix": "https://igx.4sqi.net/img/user/", "suffix": "/XUZ5CMPFIP02C3AX.jpg"}, "firstName": "Andrea", "lastName": "Monni"}, {"gender": "male", "id": "23307356", "photo": {"prefix": "https://igx.4sqi.net/img/user/", "suffix": "/23307356-3VNHRPZZJBBSDBOE.jpg"}, "firstName": "Parthan", "lastName": "Ari"}], "count": 2, "type": "others"}], "summary": "2 likes", "count": 2}, "id": "547fe0ce498e0578873dc5b5", "text": "Good bier!!", "type": "user", "user": {"gender": "female", "id": "3836952", "photo": {"prefix": "https://igx.4sqi.net/img/user/", "suffix": "/3836952-NSQ3NQWEPOBNA14O.jpg"}, "firstName": "Piyanuch", "lastName": "Krittayanawach"}, "canonicalUrl": "https://foursquare.com/item/547fe0ce498e0578873dc5b5", "todo": {"count": 0}, "disagreeCount": 0}, {"logView": true, "lang": "en", "createdAt": 1313584237, "agreeCount": 0, "likes": {"groups": [], "count": 0}, "id": "4e4bb46dd22d8354d6efd93e", "text": "Power pom pi pi !", "type": "user", "user": {"gender": "male", "id": "4750106", "photo": {"prefix": "https://igx.4sqi.net/img/user/", "suffix": "/YGBS0KTARZCOSEUP.jpg"}, "firstName": "Damien", "lastName": "Pom Pi Pi"}, "canonicalUrl": "https://foursquare.com/item/4e4bb46dd22d8354d6efd93e", "todo": {"count": 0}, "disagreeCount": 0}, {"logView": true, "lang": "en", "createdAt": 1301928497, "agreeCount": 0, "likes": {"groups": [], "count": 0}, "id": "4d99da31744f3704e6a91058", "text": "The Russ'n Mass is awesome!!! Must-order for those who don't like the gassiness of beer.", "type": "user", "user": {"gender": "female", "id": "2554982", "photo": {"prefix": "https://igx.4sqi.net/img/user/", "suffix": "/ZGFP0OCW2L54I4R1.jpg"}, "firstName": "Eleen", "lastName": "Por"}, "canonicalUrl": "https://foursquare.com/item/4d99da31744f3704e6a91058", "todo": {"count": 0}, "disagreeCount": 0}, {"logView": true, "lang": "en", "createdAt": 1366033691, "agreeCount": 0, "likes": {"groups": [], "count": 0}, "id": "516c051b498ed741f6731f12", "text": "Under rated dish: tafalspitz, if you love beef you gotta try.", "type": "user", "user": {"gender": "male", "id": "1223103", "photo": {"prefix": "https://igx.4sqi.net/img/user/", "suffix": "/WYSSJQYBWISPH2OC.jpg"}, "firstName": "Zj", "lastName": "Long"}, "canonicalUrl": "https://foursquare.com/item/516c051b498ed741f6731f12", "todo": {"count": 0}, "disagreeCount": 0}, {"authorInteractionType": "liked", "logView": true, "lang": "en", "photo": {"id": "56c59e12498e0a01afdcfd89", "visibility": "friends", "source": {"name": "Instagram", "url": "http://instagram.com"}, "suffix": "/2229928_wCvQSxjxq5EVefMBROQHmhaS2LILVs38z4F3ZJ8opN4.jpg", "createdAt": 1455791634, "prefix": "https://igx.4sqi.net/img/general/", "width": 1080, "height": 1080}, "createdAt": 1455791634, "todo": {"count": 0}, "agreeCount": 0, "likes": {"groups": [], "count": 0}, "id": "56c59e12498e0a01afdcfd8a", "text": "Prom knuckles and beer are real good", "disagreeCount": 0, "user": {"gender": "male", "id": "2229928", "photo": {"prefix": "https://igx.4sqi.net/img/user/", "suffix": "/ICUNM40KMOHW1V14.jpg"}, "firstName": "Kwek", "lastName": "Edmund"}, "canonicalUrl": "https://foursquare.com/item/56c59e12498e0a01afdcfd8a", "type": "user", "photourl": "https://igx.4sqi.net/img/general/original/2229928_wCvQSxjxq5EVefMBROQHmhaS2LILVs38z4F3ZJ8opN4.jpg"}, {"logView": true, "lang": "en", "createdAt": 1346842740, "agreeCount": 0, "likes": {"groups": [], "count": 0}, "id": "50473074e4b0451520372484", "text": "Zfcfxgcsx dg", "type": "user", "user": {"gender": "male", "id": "6296382", "photo": {"prefix": "https://igx.4sqi.net/img/user/", "suffix": "/V52MUCEWRQIT3WWB.jpg"}, "firstName": "Lincoln", "lastName": "Benjamin"}, "canonicalUrl": "https://foursquare.com/item/50473074e4b0451520372484", "todo": {"count": 0}, "disagreeCount": 0}, {"logView": true, "lang": "en", "createdAt": 1410350165, "agreeCount": 1, "likes": {"groups": [{"items": [{"gender": "male", "id": "3219947", "photo": {"prefix": "https://igx.4sqi.net/img/user/", "suffix": "/XUZ5CMPFIP02C3AX.jpg"}, "firstName": "Andrea", "lastName": "Monni"}], "count": 1, "type": "others"}], "summary": "1 like", "count": 1}, "id": "54103c55498e08a7f2f74a18", "text": "Happy hour opening till 7pm only.", "type": "user", "user": {"gender": "male", "id": "5888350", "photo": {"prefix": "https://igx.4sqi.net/img/user/", "suffix": "/5888350-N4J5ZR3P1WQQC3G2.jpg"}, "firstName": "Fuad", "lastName": "Huat"}, "canonicalUrl": "https://foursquare.com/item/54103c55498e08a7f2f74a18", "todo": {"count": 0}, "disagreeCount": 0}, {"logView": true, "lang": "en", "createdAt": 1387963521, "agreeCount": 1, "likes": {"groups": [{"items": [{"gender": "male", "id": "3219947", "photo": {"prefix": "https://igx.4sqi.net/img/user/", "suffix": "/XUZ5CMPFIP02C3AX.jpg"}, "firstName": "Andrea", "lastName": "Monni"}], "count": 1, "type": "others"}], "summary": "1 like", "count": 1}, "id": "52baa481498ebe1f05092b4b", "text": "Bayrischer long drink must try", "type": "user", "user": {"gender": "female", "id": "21475638", "photo": {"prefix": "https://igx.4sqi.net/img/user/", "default": true, "suffix": "/blank_girl.png"}, "firstName": "Aditi", "lastName": "Sharma"}, "canonicalUrl": "https://foursquare.com/item/52baa481498ebe1f05092b4b", "todo": {"count": 0}, "disagreeCount": 0}, {"logView": true, "lang": "en", "photo": {"id": "5203be43498e8f79463e0876", "visibility": "public", "source": {"name": "Foursquare for Android", "url": "https://foursquare.com/download/#/android"}, "suffix": "/51458355_MErGSNEDFtdV2tF7ttUJrkdSaZNBXjgIp78ZI-qL88w.jpg", "createdAt": 1375977027, "prefix": "https://igx.4sqi.net/img/general/", "width": 720, "height": 960}, "createdAt": 1375977024, "todo": {"count": 0}, "agreeCount": 1, "likes": {"groups": [{"items": [{"gender": "male", "id": "3219947", "photo": {"prefix": "https://igx.4sqi.net/img/user/", "suffix": "/XUZ5CMPFIP02C3AX.jpg"}, "firstName": "Andrea", "lastName": "Monni"}], "count": 1, "type": "others"}], "summary": "1 like", "count": 1}, "id": "5203be40498e05270e917bb7", "text": "The pork knuckle is awesome", "disagreeCount": 0, "user": {"gender": "female", "id": "51458355", "photo": {"prefix": "https://igx.4sqi.net/img/user/", "suffix": "/JCI2X4CIYQIHBK3J.jpg"}, "firstName": "Esa", "lastName": "Dora"}, "canonicalUrl": "https://foursquare.com/item/5203be40498e05270e917bb7", "type": "user", "photourl": "https://igx.4sqi.net/img/general/original/51458355_MErGSNEDFtdV2tF7ttUJrkdSaZNBXjgIp78ZI-qL88w.jpg"}, {"logView": true, "lang": "en", "createdAt": 1389283266, "agreeCount": 2, "likes": {"groups": [{"items": [{"gender": "male", "id": "3219947", "photo": {"prefix": "https://igx.4sqi.net/img/user/", "suffix": "/XUZ5CMPFIP02C3AX.jpg"}, "firstName": "Andrea", "lastName": "Monni"}, {"gender": "female", "id": "3370521", "photo": {"prefix": "https://igx.4sqi.net/img/user/", "suffix": "/L4OFV54DY133BVYC.jpg"}, "firstName": "Oon", "lastName": "Zenith"}], "count": 2, "type": "others"}], "summary": "2 likes", "count": 2}, "id": "52cec7c211d25db28f5d6e2e", "text": "Food here is delicious! \ud83d\ude18 And most importantly I have a great time here with my 2 friends.. \ud83d\ude0a", "type": "user", "user": {"gender": "female", "id": "3370521", "photo": {"prefix": "https://igx.4sqi.net/img/user/", "suffix": "/L4OFV54DY133BVYC.jpg"}, "firstName": "Oon", "lastName": "Zenith"}, "canonicalUrl": "https://foursquare.com/item/52cec7c211d25db28f5d6e2e", "todo": {"count": 0}, "disagreeCount": 0}, {"logView": true, "lang": "en", "createdAt": 1405336510, "agreeCount": 1, "likes": {"groups": [{"items": [{"gender": "male", "id": "3219947", "photo": {"prefix": "https://igx.4sqi.net/img/user/", "suffix": "/XUZ5CMPFIP02C3AX.jpg"}, "firstName": "Andrea", "lastName": "Monni"}], "count": 1, "type": "others"}], "summary": "1 like", "count": 1}, "id": "53c3bbbe11d25ec01b944db1", "text": "World cup promo: happy hour all day", "type": "user", "user": {"gender": "female", "id": "6749070", "photo": {"prefix": "https://igx.4sqi.net/img/user/", "suffix": "/6749070-Z21U1DFUDR3GRBBI.jpg"}, "firstName": "Lina", "lastName": "Lim"}, "canonicalUrl": "https://foursquare.com/item/53c3bbbe11d25ec01b944db1", "todo": {"count": 0}, "disagreeCount": 0}, {"logView": true, "lang": "en", "createdAt": 1301922884, "agreeCount": 0, "likes": {"groups": [], "count": 0}, "id": "4d99c44497d06ea882de500b", "text": "Must try: pork knuckles", "type": "user", "user": {"gender": "male", "id": "3570264", "photo": {"prefix": "https://igx.4sqi.net/img/user/", "suffix": "/LVQKO1NC0VCM3Y41.jpg"}, "firstName": "James", "lastName": "Li Zhiwei"}, "canonicalUrl": "https://foursquare.com/item/4d99c44497d06ea882de500b", "todo": {"count": 0}, "disagreeCount": 0}, {"logView": true, "lang": "en", "createdAt": 1287151956, "agreeCount": 0, "likes": {"groups": [], "count": 0}, "id": "4cb86154f50e224bf41be6fb", "text": "Enjoy October month with Oktoberfest. Awesome beer", "type": "user", "user": {"gender": "male", "id": "1019928", "photo": {"prefix": "https://igx.4sqi.net/img/user/", "suffix": "/XVFEHBO3GNTURHBM.jpg"}, "firstName": "Sriram", "lastName": "Sivakumar"}, "canonicalUrl": "https://foursquare.com/item/4cb86154f50e224bf41be6fb", "todo": {"count": 0}, "disagreeCount": 0}, {"logView": true, "lang": "ru", "photo": {"id": "50e97fd2e4b0d6d8b809b96b", "visibility": "public", "source": {"name": "Foursquare for Android", "url": "https://foursquare.com/download/#/android"}, "suffix": "/22974835_hSQ-sOrc4yx53DuOl3Udzmy5m_iV9IjLajDg7WhV868.jpg", "createdAt": 1357479890, "prefix": "https://igx.4sqi.net/img/general/", "width": 720, "height": 540}, "createdAt": 1357479885, "todo": {"count": 0}, "agreeCount": 0, "likes": {"groups": [], "count": 0}, "id": "50e97fcde4b0b57b978f57e2", "text": "\u041f\u0438\u0432\u043e \u043d\u0430 \u043b\u044e\u0431\u0438\u0442\u0435\u043b\u044f, \u043a\u043e\u043b\u0431\u0430\u0441\u043a\u0438 \u043d\u0430 \u0443\u0440\u0430! \u0426\u0435\u043d\u044b \u043d\u0430 \u0432\u044b\u0441\u043e\u0442\u0435, \u043d\u043e \u0432\u0441\u0451 \u0436\u0435 - \u043d\u0430\u0431\u0435\u0440\u0435\u0436\u043d\u0430\u044f.", "disagreeCount": 0, "user": {"gender": "male", "id": "22974835", "photo": {"prefix": "https://igx.4sqi.net/img/user/", "suffix": "/ORATH301UEL3IESJ.jpg"}, "firstName": "\u042e\u0440\u0430", "lastName": "Kyzmi4"}, "canonicalUrl": "https://foursquare.com/item/50e97fcde4b0b57b978f57e2", "type": "user", "photourl": "https://igx.4sqi.net/img/general/original/22974835_hSQ-sOrc4yx53DuOl3Udzmy5m_iV9IjLajDg7WhV868.jpg"}, {"logView": true, "lang": "en", "createdAt": 1385892932, "agreeCount": 0, "likes": {"groups": [], "count": 0}, "id": "529b0c4411d239bbb05888e1", "text": "Service very slow but food & drinks + location are good", "type": "user", "user": {"gender": "male", "id": "7457748", "photo": {"prefix": "https://igx.4sqi.net/img/user/", "suffix": "/7457748-M3Z0B3EOPYZUAZ1R.jpg"}, "firstName": "!v@n", "lastName": "L3E"}, "canonicalUrl": "https://foursquare.com/item/529b0c4411d239bbb05888e1", "todo": {"count": 0}, "disagreeCount": 0}, {"logView": true, "lang": "en", "createdAt": 1324895730, "agreeCount": 0, "likes": {"groups": [], "count": 0}, "id": "4ef84df261af4546fefc6ebf", "text": "Awesomely moist pork knuckles when they're in season & yummily seasoned bowl of fries!", "type": "user", "user": {"gender": "female", "id": "3575517", "photo": {"prefix": "https://igx.4sqi.net/img/user/", "suffix": "/KQPCFE3MWF0C4FVQ.jpg"}, "firstName": "Pauline", "lastName": "W"}, "canonicalUrl": "https://foursquare.com/item/4ef84df261af4546fefc6ebf", "todo": {"count": 0}, "disagreeCount": 0}, {"logView": true, "lang": "en", "createdAt": 1363798263, "agreeCount": 1, "likes": {"groups": [{"items": [{"gender": "male", "id": "3219947", "photo": {"prefix": "https://igx.4sqi.net/img/user/", "suffix": "/XUZ5CMPFIP02C3AX.jpg"}, "firstName": "Andrea", "lastName": "Monni"}], "count": 1, "type": "others"}], "summary": "1 like", "count": 1}, "id": "5149e8f7e4b04f8305066388", "text": "A nice place to chill out with frienda with all the variety of German beers. The pork knuckles and the German sausage is a must try if you visit this place.", "type": "user", "user": {"id": "3677242", "photo": {"prefix": "https://igx.4sqi.net/img/user/", "suffix": "/3677242-VALLGDQHMG0MJRE3.jpg"}, "firstName": "Stanley \u8f89", "gender": "male"}, "canonicalUrl": "https://foursquare.com/item/5149e8f7e4b04f8305066388", "todo": {"count": 0}, "disagreeCount": 0}, {"logView": true, "lang": "en", "createdAt": 1321189619, "agreeCount": 0, "likes": {"groups": [], "count": 0}, "id": "4ebfc0f330f82a2e131aa213", "text": "cheese pork sausages and potato salad rules. service doesn't. just feedback!", "type": "user", "user": {"gender": "female", "id": "2090379", "photo": {"prefix": "https://igx.4sqi.net/img/user/", "suffix": "/2090379-VXTQVBATXSXGL0DH.jpg"}, "firstName": "dawn olivia", "lastName": "chua"}, "canonicalUrl": "https://foursquare.com/item/4ebfc0f330f82a2e131aa213", "todo": {"count": 0}, "disagreeCount": 0}, {"logView": true, "lang": "en", "createdAt": 1425108573, "agreeCount": 1, "likes": {"groups": [{"items": [{"gender": "male", "id": "3219947", "photo": {"prefix": "https://igx.4sqi.net/img/user/", "suffix": "/XUZ5CMPFIP02C3AX.jpg"}, "firstName": "Andrea", "lastName": "Monni"}], "count": 1, "type": "others"}], "summary": "1 like", "count": 1}, "id": "54f16e5d498e3a108fbeb45f", "text": "Order their craft beers", "type": "user", "user": {"gender": "female", "id": "3726996", "photo": {"prefix": "https://igx.4sqi.net/img/user/", "suffix": "/3726996_zgSdm-Xz_8yGEAClGHvjBreJRQg35guCj9yK_1SyEk9soXSsn8k_QDrnetMvL4WW0clUQWJYs.jpg"}, "firstName": "Bianca", "lastName": "Bueno"}, "canonicalUrl": "https://foursquare.com/item/54f16e5d498e3a108fbeb45f", "todo": {"count": 0}, "disagreeCount": 0}, {"logView": true, "lang": "en", "createdAt": 1323178848, "agreeCount": 1, "likes": {"groups": [{"items": [{"gender": "male", "id": "1154413", "photo": {"prefix": "https://igx.4sqi.net/img/user/", "suffix": "/N30YGXBGZSDXMLLO.jpg"}, "firstName": "Kyzer", "lastName": "Wong"}], "count": 1, "type": "others"}], "summary": "1 like", "count": 1}, "id": "4ede1b60e300851bfdd915de", "text": "Wifi password : 15161516", "type": "user", "user": {"gender": "male", "id": "16605422", "photo": {"prefix": "https://igx.4sqi.net/img/user/", "suffix": "/SNMIEXLI55BXZSC5.jpg"}, "firstName": "Nico", "lastName": "Business Man - Travel Lover"}, "canonicalUrl": "https://foursquare.com/item/4ede1b60e300851bfdd915de", "todo": {"count": 0}, "disagreeCount": 0}, {"logView": true, "lang": "en", "createdAt": 1408705312, "agreeCount": 2, "likes": {"groups": [{"items": [{"gender": "male", "id": "3219947", "photo": {"prefix": "https://igx.4sqi.net/img/user/", "suffix": "/XUZ5CMPFIP02C3AX.jpg"}, "firstName": "Andrea", "lastName": "Monni"}, {"gender": "male", "id": "64975096", "photo": {"prefix": "https://igx.4sqi.net/img/user/", "suffix": "/64975096-PMHVKSIMSG3HWTJX.jpg"}, "firstName": "Ryan Amboy", "lastName": "Lara"}], "count": 2, "type": "others"}], "summary": "2 likes", "count": 2}, "id": "53f72320498e97b6171cfef5", "text": "Gourmet dinner with myelly!", "type": "user", "user": {"gender": "female", "id": "4996093", "photo": {"prefix": "https://igx.4sqi.net/img/user/", "suffix": "/O244U5Q0LXVCJ1TO.jpg"}, "firstName": "Che anne", "lastName": "Julve"}, "canonicalUrl": "https://foursquare.com/item/53f72320498e97b6171cfef5", "todo": {"count": 0}, "disagreeCount": 0}, {"logView": true, "lang": "en", "createdAt": 1321873658, "agreeCount": 0, "likes": {"groups": [], "count": 0}, "id": "4eca30fa49010f98cfa4a372", "text": "Try the German Sausages - Very good food to go down with nice mug of beer!", "type": "user", "user": {"gender": "male", "id": "142293", "photo": {"prefix": "https://igx.4sqi.net/img/user/", "suffix": "/HV2KFSR3CMDG55PP.jpg"}, "firstName": "Keng Hoe", "lastName": "Toh"}, "canonicalUrl": "https://foursquare.com/item/4eca30fa49010f98cfa4a372", "todo": {"count": 0}, "disagreeCount": 0}, {"logView": true, "lang": "en", "createdAt": 1312452511, "agreeCount": 0, "likes": {"groups": [], "count": 0}, "id": "4e3a6f9fb0fbca6e84b45ff2", "text": "Great place for drinks and food after work... Friendly staff", "type": "user", "user": {"gender": "male", "id": "5287924", "photo": {"prefix": "https://igx.4sqi.net/img/user/", "suffix": "/AQGVRDZYRINHHPBV.jpg"}, "firstName": "Horacio", "lastName": "Miranda"}, "canonicalUrl": "https://foursquare.com/item/4e3a6f9fb0fbca6e84b45ff2", "todo": {"count": 0}, "disagreeCount": 0}], "count": 80}}}