{"meta": {"code": 200, "requestId": "595a49d44c1f677020d81c55"}, "response": {"tips": {"items": [{"logView": true, "lang": "en", "createdAt": 1315827800, "agreeCount": 0, "likes": {"groups": [], "count": 0}, "id": "4e6df0588877d6d0b0fd4a8b", "text": "Get a family meal for 4 it's worth it than the others!!! Btw no more free flow of drinks :(", "type": "user", "user": {"gender": "none", "id": "13481607", "photo": {"prefix": "https://igx.4sqi.net/img/user/", "suffix": "/UNV53A1STAAMO42M.jpg"}, "firstName": "Chewy", "lastName": "Bummy"}, "canonicalUrl": "https://foursquare.com/item/4e6df0588877d6d0b0fd4a8b", "todo": {"count": 0}, "disagreeCount": 0}, {"logView": true, "lang": "en", "createdAt": 1269867423, "agreeCount": 0, "likes": {"groups": [{"items": [], "count": 10, "type": "others"}], "summary": "10 likes", "count": 10}, "id": "4bb0a39f70c603bbf91296b4", "text": "No more free flow soft drinks?", "type": "user", "user": {"gender": "male", "id": "486522", "photo": {"prefix": "https://igx.4sqi.net/img/user/", "suffix": "/GFKYE3OEGSZZHKO1.jpg"}, "firstName": "Wayne", "lastName": "Koh"}, "canonicalUrl": "https://foursquare.com/item/4bb0a39f70c603bbf91296b4", "todo": {"count": 0}, "disagreeCount": 0}, {"logView": true, "lang": "en", "createdAt": 1319689898, "agreeCount": 0, "likes": {"groups": [], "count": 0}, "id": "4ea8deaa0aaff9d3d54344da", "text": "crispy chicken&warm rice&milk shake", "type": "user", "user": {"gender": "female", "id": "5108526", "photo": {"prefix": "https://igx.4sqi.net/img/user/", "suffix": "/KC55FXKPNONFBTSM.jpg"}, "firstName": "Nophek", "lastName": "Larasaty"}, "canonicalUrl": "https://foursquare.com/item/4ea8deaa0aaff9d3d54344da", "todo": {"count": 0}, "disagreeCount": 0}, {"logView": true, "lang": "en", "createdAt": 1301832632, "agreeCount": 0, "likes": {"groups": [], "count": 0}, "id": "4d9863b80caaa1435509abb3", "text": "No more free parking. 30mins free parking coupled with slow staff. Forces you to gobble food.", "type": "user", "user": {"gender": "male", "id": "786641", "photo": {"prefix": "https://igx.4sqi.net/img/user/", "suffix": "/XNAAPGAXYZ20LFSH.jpg"}, "firstName": "Keith", "lastName": "Lee"}, "canonicalUrl": "https://foursquare.com/item/4d9863b80caaa1435509abb3", "todo": {"count": 0}, "disagreeCount": 0}, {"logView": true, "lang": "en", "createdAt": 1342353367, "agreeCount": 0, "likes": {"groups": [], "count": 0}, "id": "5002afd7e4b0004dbe9fbd87", "text": "Cheese fries? Change ur side to regular fries and purchase $1 cheese sauce. Saves u $0.70 if u trade up to cheese fries. Less the mayo and spring onion though.", "type": "user", "user": {"gender": "male", "id": "2089973", "photo": {"prefix": "https://igx.4sqi.net/img/user/", "suffix": "/2089973-ZDM2S44LSB2CSRC0.jpg"}, "firstName": "Bhan", "lastName": "Lam"}, "canonicalUrl": "https://foursquare.com/item/5002afd7e4b0004dbe9fbd87", "todo": {"count": 0}, "disagreeCount": 0}, {"logView": true, "lang": "en", "createdAt": 1315051408, "agreeCount": 0, "likes": {"groups": [], "count": 0}, "id": "4e621790a80951b318562647", "text": "The largest side for side dishes is only Medium, where got enough...", "type": "user", "user": {"gender": "male", "id": "4728408", "photo": {"prefix": "https://igx.4sqi.net/img/user/", "suffix": "/MB2KXL403VTN0ZDF.jpg"}, "firstName": "Donald", "lastName": "Kee"}, "canonicalUrl": "https://foursquare.com/item/4e621790a80951b318562647", "todo": {"count": 0}, "disagreeCount": 0}, {"logView": true, "lang": "en", "createdAt": 1295498950, "agreeCount": 0, "likes": {"groups": [], "count": 0}, "id": "4d37bec60f81b60c07ec393a", "text": "Don't order from the auntie who works in the morning.. Damn rude and unhelpful..", "type": "user", "user": {"gender": "male", "id": "3145905", "photo": {"prefix": "https://igx.4sqi.net/img/user/", "suffix": "/SPONXB1VVOGXSXTC.jpg"}, "firstName": "Ananda", "lastName": "Manjie"}, "canonicalUrl": "https://foursquare.com/item/4d37bec60f81b60c07ec393a", "todo": {"count": 0}, "disagreeCount": 0}, {"logView": true, "lang": "en", "createdAt": 1287761812, "agreeCount": 0, "likes": {"groups": [{"items": [], "count": 2, "type": "others"}], "summary": "2 likes", "count": 2}, "id": "4cc1af9422ce4688801b3f47", "text": "KFC chicken is getting worse and worse.. But e cheese fries is good...!!!!!", "type": "user", "user": {"gender": "female", "id": "3606468", "photo": {"prefix": "https://igx.4sqi.net/img/user/", "suffix": "/DNV134MBCQMCKPAB.jpg"}, "firstName": "Jeslin", "lastName": "Kok"}, "canonicalUrl": "https://foursquare.com/item/4cc1af9422ce4688801b3f47", "todo": {"count": 0}, "disagreeCount": 0}, {"logView": true, "lang": "en", "createdAt": 1303440405, "agreeCount": 0, "likes": {"groups": [], "count": 0}, "id": "4db0ec154b22ba776d7987d8", "text": "pls b extra patient! they are always secondary to Macs! blood boils early in e morning!", "type": "user", "user": {"gender": "female", "id": "4057328", "photo": {"prefix": "https://igx.4sqi.net/img/user/", "suffix": "/1A5ASOYSE0ZROZV4.jpg"}, "firstName": "Stella", "lastName": "Tet"}, "canonicalUrl": "https://foursquare.com/item/4db0ec154b22ba776d7987d8", "todo": {"count": 0}, "disagreeCount": 0}, {"authorInteractionType": "liked", "logView": true, "lang": "en", "createdAt": 1431042110, "agreeCount": 0, "likes": {"groups": [], "count": 0}, "id": "554bf83e498edadb36a73b9e", "text": "Closed for renovations from 14/4/2015 till 22/5/2015", "type": "user", "user": {"gender": "female", "id": "942443", "photo": {"prefix": "https://igx.4sqi.net/img/user/", "suffix": "/ITQR3IXBDMGMIM0J.jpg"}, "firstName": "Lexelle", "lastName": "de Charmaine"}, "canonicalUrl": "https://foursquare.com/item/554bf83e498edadb36a73b9e", "todo": {"count": 0}, "disagreeCount": 0}, {"logView": true, "lang": "en", "createdAt": 1293956554, "agreeCount": 0, "likes": {"groups": [{"items": [], "count": 1, "type": "others"}], "summary": "1 like", "count": 1}, "id": "4d2035ca8629224b884f1187", "text": "Carpark only free for 30 mins only now :(", "type": "user", "user": {"gender": "female", "id": "4514025", "photo": {"prefix": "https://igx.4sqi.net/img/user/", "suffix": "/OQNX1ACASTJ0LGWU.jpg"}, "firstName": "Anjelita", "lastName": "MK"}, "canonicalUrl": "https://foursquare.com/item/4d2035ca8629224b884f1187", "todo": {"count": 0}, "disagreeCount": 0}, {"logView": true, "lang": "en", "createdAt": 1284283717, "agreeCount": 0, "likes": {"groups": [{"items": [], "count": 3, "type": "others"}], "summary": "3 likes", "count": 3}, "id": "4c8c9d45cf3ea14341faf651", "text": "Rubbish.. No more free flow... Not coming here again..", "type": "user", "user": {"gender": "male", "id": "3164610", "photo": {"prefix": "https://igx.4sqi.net/img/user/", "suffix": "/1FIZE45DTYUYU5EK.jpg"}, "firstName": "Vipe", "lastName": "Teo"}, "canonicalUrl": "https://foursquare.com/item/4c8c9d45cf3ea14341faf651", "todo": {"count": 0}, "disagreeCount": 0}, {"logView": true, "lang": "en", "photo": {"id": "527f8c8611d2b3a7a68d9ba4", "visibility": "public", "source": {"name": "Foursquare for iOS", "url": "https://foursquare.com/download/#/iphone"}, "suffix": "/20129171_phmKC6fIfkN9npiNlnv1409G6o-tlaFukWsNDPOkEA0.jpg", "createdAt": 1384090758, "prefix": "https://igx.4sqi.net/img/general/", "width": 960, "height": 720}, "createdAt": 1384090757, "todo": {"count": 0}, "agreeCount": 0, "likes": {"groups": [], "count": 0}, "id": "527f8c85498eec0da4f545a0", "text": "It's finger lickin good!", "disagreeCount": 0, "user": {"gender": "male", "id": "20129171", "photo": {"prefix": "https://igx.4sqi.net/img/user/", "suffix": "/4TAABHB3SIREPHJ3.jpg"}, "firstName": "Abdullah", "lastName": "Wan"}, "canonicalUrl": "https://foursquare.com/item/527f8c85498eec0da4f545a0", "type": "user", "photourl": "https://igx.4sqi.net/img/general/original/20129171_phmKC6fIfkN9npiNlnv1409G6o-tlaFukWsNDPOkEA0.jpg"}, {"logView": true, "lang": "en", "createdAt": 1290271668, "agreeCount": 0, "likes": {"groups": [], "count": 0}, "id": "4ce7fbb4fe90a35d31bc3f0e", "text": "Try e new roasta burger,niceee", "type": "user", "user": {"gender": "male", "id": "3303720", "photo": {"prefix": "https://igx.4sqi.net/img/user/", "suffix": "/KHGG4SM5YZQ4YSYP.jpg"}, "firstName": "Aziz", "lastName": "Kadir"}, "canonicalUrl": "https://foursquare.com/item/4ce7fbb4fe90a35d31bc3f0e", "todo": {"count": 0}, "disagreeCount": 0}, {"logView": true, "lang": "en", "createdAt": 1291289541, "agreeCount": 0, "likes": {"groups": [], "count": 0}, "id": "4cf783c571538cfa3dcdbb2e", "text": "Even the carpark at the sport council started to charge already", "type": "user", "user": {"gender": "female", "id": "951387", "photo": {"prefix": "https://igx.4sqi.net/img/user/", "suffix": "/I2YP30PZCNLM5UKH.jpg"}, "firstName": "Pheobe", "lastName": "Tan"}, "canonicalUrl": "https://foursquare.com/item/4cf783c571538cfa3dcdbb2e", "todo": {"count": 0}, "disagreeCount": 0}, {"logView": true, "lang": "en", "createdAt": 1295623336, "agreeCount": 0, "likes": {"groups": [], "count": 0}, "id": "4d39a4a8fa736ea8be7a0e8a", "text": "very nice lollipop seats. can sit here for hours bo wen tuay.", "type": "user", "user": {"gender": "male", "id": "953888", "photo": {"prefix": "https://igx.4sqi.net/img/user/", "suffix": "/ACQNW1XZUZMZFF21.jpg"}, "firstName": "henry", "lastName": "kwang"}, "canonicalUrl": "https://foursquare.com/item/4d39a4a8fa736ea8be7a0e8a", "todo": {"count": 0}, "disagreeCount": 0}, {"logView": true, "lang": "en", "createdAt": 1305426681, "agreeCount": 0, "likes": {"groups": [], "count": 0}, "id": "4dcf3af97d8b975f18e40b19", "text": "Parking now chargeable. First 30mins free. Then $1 per hr", "type": "user", "user": {"gender": "male", "id": "2595190", "photo": {"prefix": "https://igx.4sqi.net/img/user/", "suffix": "/2595190-VWJHWT5NAHGWUKD4.jpg"}, "firstName": "Adrian", "lastName": "Soh"}, "canonicalUrl": "https://foursquare.com/item/4dcf3af97d8b975f18e40b19", "todo": {"count": 0}, "disagreeCount": 0}, {"logView": true, "lang": "en", "createdAt": 1301455298, "agreeCount": 0, "likes": {"groups": [], "count": 0}, "id": "4d92a1c2d176a1cdf73228f0", "text": "The local aunties at the counter does nt seem to know customer service, dnt smile and do nt exert effort so that customers feel at home at kfc. Think the young foreign worker (ladies) more cheerful.", "type": "user", "user": {"gender": "male", "id": "1658219", "photo": {"prefix": "https://igx.4sqi.net/img/user/", "suffix": "/EFXAUVCWPXOCRYJN.jpg"}, "firstName": "Reymund", "lastName": "Navarro"}, "canonicalUrl": "https://foursquare.com/item/4d92a1c2d176a1cdf73228f0", "todo": {"count": 0}, "disagreeCount": 0}, {"logView": true, "lang": "en", "createdAt": 1316008367, "agreeCount": 0, "likes": {"groups": [{"items": [], "count": 1, "type": "others"}], "summary": "1 like", "count": 1}, "id": "4e70b1afa8098087a0355c0f", "text": "Free car park only for the first 30 minutes!", "type": "user", "user": {"id": "3220915", "photo": {"prefix": "https://igx.4sqi.net/img/user/", "suffix": "/3220915-YAUB03DVIB1NMABZ.jpg"}, "firstName": "Danny Lee", "gender": "male"}, "canonicalUrl": "https://foursquare.com/item/4e70b1afa8098087a0355c0f", "todo": {"count": 0}, "disagreeCount": 0}, {"logView": true, "lang": "en", "createdAt": 1296732176, "agreeCount": 0, "likes": {"groups": [], "count": 0}, "id": "4d4a901011a36ea81b7b321c", "text": "No go for drive thru sure regret damn long u might as well park buy n get away faster then u think...cny", "type": "user", "user": {"gender": "male", "id": "5793437", "photo": {"prefix": "https://igx.4sqi.net/img/user/", "suffix": "/KF2MEJHWBMQRPXAE.jpg"}, "firstName": "Tay", "lastName": "Leslie"}, "canonicalUrl": "https://foursquare.com/item/4d4a901011a36ea81b7b321c", "todo": {"count": 0}, "disagreeCount": 0}, {"logView": true, "lang": "en", "createdAt": 1371952494, "agreeCount": 0, "likes": {"groups": [], "count": 0}, "id": "51c6556e498eccfea6fc3eac", "text": "If you are driving, just park at public carpark next to KFC. Its cheaper.", "type": "user", "user": {"id": "6564842", "photo": {"prefix": "https://igx.4sqi.net/img/user/", "suffix": "/V2J222QSD3S3GRK0.jpg"}, "firstName": "Ismail", "gender": "none"}, "canonicalUrl": "https://foursquare.com/item/51c6556e498eccfea6fc3eac", "todo": {"count": 0}, "disagreeCount": 0}, {"logView": true, "lang": "en", "createdAt": 1300527399, "agreeCount": 1, "likes": {"groups": [{"items": [{"gender": "female", "id": "3622219", "photo": {"prefix": "https://igx.4sqi.net/img/user/", "suffix": "/3622219_BTK3Ytry_GjX1VbAAGrSs8lUFx_fcF1kGq6IHmoUAmHbY_B7Lr3g6fjSxoTDZgPCdME1IGLj-.jpg"}, "firstName": "\ud83d\udc8bJuWieZy\u2122", "lastName": "VoGueZ \ud83c\udf78"}], "count": 1, "type": "others"}], "summary": "1 like", "count": 1}, "id": "4d847927f9f3a1cdb343b664", "text": "They provide Today newspaper during breakfast while stock lasts...so be early!", "type": "user", "user": {"gender": "male", "id": "1658219", "photo": {"prefix": "https://igx.4sqi.net/img/user/", "suffix": "/EFXAUVCWPXOCRYJN.jpg"}, "firstName": "Reymund", "lastName": "Navarro"}, "canonicalUrl": "https://foursquare.com/item/4d847927f9f3a1cdb343b664", "todo": {"count": 0}, "disagreeCount": 0}, {"authorInteractionType": "liked", "logView": true, "lang": "en", "photo": {"id": "530592fa11d2a2cd677e8311", "visibility": "public", "source": {"name": "Foursquare for iOS", "url": "https://foursquare.com/download/#/iphone"}, "suffix": "/3622219_Ko0dN2QSDVsg5pldHNzRMTZKrm-PCaNklXl-rkKCVDU.jpg", "createdAt": 1392874234, "prefix": "https://igx.4sqi.net/img/general/", "width": 720, "height": 960}, "createdAt": 1392874209, "todo": {"count": 0}, "agreeCount": 2, "likes": {"groups": [{"items": [{"gender": "male", "id": "149405", "photo": {"prefix": "https://igx.4sqi.net/img/user/", "suffix": "/149405-5UP3W0AUI50ZCDMH.jpg"}, "firstName": "Brunold", "lastName": "Loidl"}, {"gender": "female", "id": "3622219", "photo": {"prefix": "https://igx.4sqi.net/img/user/", "suffix": "/3622219_BTK3Ytry_GjX1VbAAGrSs8lUFx_fcF1kGq6IHmoUAmHbY_B7Lr3g6fjSxoTDZgPCdME1IGLj-.jpg"}, "firstName": "\ud83d\udc8bJuWieZy\u2122", "lastName": "VoGueZ \ud83c\udf78"}], "count": 2, "type": "others"}], "summary": "2 likes", "count": 2}, "id": "530592e1498ec93755def680", "text": "Halal certified restaurant opening hours. No outside food to be permitted!", "disagreeCount": 0, "user": {"gender": "female", "id": "3622219", "photo": {"prefix": "https://igx.4sqi.net/img/user/", "suffix": "/3622219_BTK3Ytry_GjX1VbAAGrSs8lUFx_fcF1kGq6IHmoUAmHbY_B7Lr3g6fjSxoTDZgPCdME1IGLj-.jpg"}, "firstName": "\ud83d\udc8bJuWieZy\u2122", "lastName": "VoGueZ \ud83c\udf78"}, "canonicalUrl": "https://foursquare.com/item/530592e1498ec93755def680", "type": "user", "photourl": "https://igx.4sqi.net/img/general/original/3622219_Ko0dN2QSDVsg5pldHNzRMTZKrm-PCaNklXl-rkKCVDU.jpg"}, {"logView": true, "lang": "en", "createdAt": 1293953598, "agreeCount": 2, "likes": {"groups": [{"items": [{"gender": "female", "id": "3622219", "photo": {"prefix": "https://igx.4sqi.net/img/user/", "suffix": "/3622219_BTK3Ytry_GjX1VbAAGrSs8lUFx_fcF1kGq6IHmoUAmHbY_B7Lr3g6fjSxoTDZgPCdME1IGLj-.jpg"}, "firstName": "\ud83d\udc8bJuWieZy\u2122", "lastName": "VoGueZ \ud83c\udf78"}, {"gender": "male", "id": "4992725", "photo": {"prefix": "https://igx.4sqi.net/img/user/", "suffix": "/NMGWE5ZLMKHLETL2.jpg"}, "firstName": "Vignesh", "lastName": "Kathiravelu"}], "count": 3, "type": "others"}], "summary": "3 likes", "count": 3}, "id": "4d202a3ebdd7a093ce74ebce", "text": "Even KFC also need to pay carpark... Moreover, only free for half an hour... Worse than Mac...", "type": "user", "user": {"gender": "male", "id": "4646832", "photo": {"prefix": "https://igx.4sqi.net/img/user/", "suffix": "/IHA14TZLAUXXUQCI.jpg"}, "firstName": "Jason", "lastName": "Lee"}, "canonicalUrl": "https://foursquare.com/item/4d202a3ebdd7a093ce74ebce", "todo": {"count": 0}, "disagreeCount": 0}, {"logView": true, "lang": "en", "createdAt": 1290912016, "agreeCount": 0, "likes": {"groups": [], "count": 0}, "id": "4cf1c11094feb1f7998619ba", "text": "Yummy biscuit", "type": "user", "user": {"gender": "male", "id": "3350712", "photo": {"prefix": "https://igx.4sqi.net/img/user/", "suffix": "/UPXNYW1IR1FVWF5E.jpg"}, "firstName": "Momok", "lastName": "Kings"}, "canonicalUrl": "https://foursquare.com/item/4cf1c11094feb1f7998619ba", "todo": {"count": 0}, "disagreeCount": 0}, {"logView": true, "lang": "en", "createdAt": 1380550844, "agreeCount": 0, "likes": {"groups": [], "count": 0}, "id": "524988bc498e2e72bf02b3eb", "text": "The ice Tea is no longer the freshly brew liao ... Now is the instant type ... Not nice anymore.", "type": "user", "user": {"gender": "female", "id": "3281750", "photo": {"prefix": "https://igx.4sqi.net/img/user/", "suffix": "/IUUSCFIVYYGLQDIM.jpg"}, "firstName": "Mak", "lastName": "Tai Sah"}, "canonicalUrl": "https://foursquare.com/item/524988bc498e2e72bf02b3eb", "todo": {"count": 0}, "disagreeCount": 0}, {"logView": true, "lang": "en", "createdAt": 1320050336, "agreeCount": 0, "likes": {"groups": [{"items": [], "count": 1, "type": "others"}], "summary": "1 like", "count": 1}, "id": "4eae5ea07ee59f160952fbc0", "text": "The worst kfc fried chicken!", "type": "user", "user": {"gender": "female", "id": "7657016", "photo": {"prefix": "https://igx.4sqi.net/img/user/", "suffix": "/XG1R21ZST5YRZA1W.jpg"}, "firstName": "Jennifer", "lastName": "Tham"}, "canonicalUrl": "https://foursquare.com/item/4eae5ea07ee59f160952fbc0", "todo": {"count": 0}, "disagreeCount": 0}, {"logView": true, "lang": "en", "createdAt": 1370084512, "agreeCount": 0, "likes": {"groups": [], "count": 0}, "id": "51a9d4a0498ea50bcd4327da", "text": "It's dinner time. Long Q. And service staff is extremely slow.", "type": "user", "user": {"gender": "male", "id": "646081", "photo": {"prefix": "https://igx.4sqi.net/img/user/", "suffix": "/646081-HWS0KKG1ZHBCW2E0.jpg"}, "firstName": "Ted", "lastName": "Choo"}, "canonicalUrl": "https://foursquare.com/item/51a9d4a0498ea50bcd4327da", "todo": {"count": 0}, "disagreeCount": 0}, {"logView": true, "lang": "en", "createdAt": 1396102903, "agreeCount": 0, "likes": {"groups": [], "count": 0}, "id": "5336d6f7498e513bed035458", "text": "Avoid this outlet during weekend especially night till mid night period. Super human jammed. The queue could be until outside the restaurant.  Only 2 counters are open.", "type": "user", "user": {"gender": "male", "id": "2832533", "photo": {"prefix": "https://igx.4sqi.net/img/user/", "suffix": "/2832533_0BdFoucg_HvaAT_EWq1SneSZFe1-CX0Bu-RFy7fzF5JtCoqU-KouZi9wMCgkkSwDIUnJ_hdYy.jpg"}, "firstName": "Nigel \u0e44\u0e19\u0e40\u0e08\u0e25", "lastName": "Choi"}, "canonicalUrl": "https://foursquare.com/item/5336d6f7498e513bed035458", "todo": {"count": 0}, "disagreeCount": 0}, {"logView": true, "lang": "en", "createdAt": 1325220815, "agreeCount": 0, "likes": {"groups": [], "count": 0}, "id": "4efd43cfc5126f14b51775b9", "text": "Carpark with so little cars", "type": "user", "user": {"gender": "female", "id": "9524247", "photo": {"prefix": "https://igx.4sqi.net/img/user/", "suffix": "/9524247-15MNOXNZSKGETQL5.jpg"}, "firstName": "Ho", "lastName": "Yong"}, "canonicalUrl": "https://foursquare.com/item/4efd43cfc5126f14b51775b9", "todo": {"count": 0}, "disagreeCount": 0}, {"logView": true, "lang": "en", "createdAt": 1315991982, "agreeCount": 0, "likes": {"groups": [], "count": 0}, "id": "4e7071ae14950bb0d70f6d87", "text": "Layout look like MCD !", "type": "user", "user": {"gender": "female", "id": "5925666", "photo": {"prefix": "https://igx.4sqi.net/img/user/", "suffix": "/5925666-Z0323DNYTYS0DB0W.jpg"}, "firstName": "Aliah", "lastName": "Selamat"}, "canonicalUrl": "https://foursquare.com/item/4e7071ae14950bb0d70f6d87", "todo": {"count": 1}, "disagreeCount": 0}, {"logView": true, "lang": "en", "createdAt": 1294492347, "agreeCount": 0, "likes": {"groups": [{"items": [], "count": 1, "type": "others"}], "summary": "1 like", "count": 1}, "id": "4d2862bb068e8cfaa2cbc44c", "text": "No more free carpark after 30 mins. No longer good meetup place", "type": "user", "user": {"gender": "female", "id": "5823763", "photo": {"prefix": "https://igx.4sqi.net/img/user/", "suffix": "/OVVOIL2Z4JTIBM4Q.jpg"}, "firstName": "Jazzie", "lastName": "Chew"}, "canonicalUrl": "https://foursquare.com/item/4d2862bb068e8cfaa2cbc44c", "todo": {"count": 0}, "disagreeCount": 0}, {"logView": true, "lang": "en", "createdAt": 1315051463, "agreeCount": 0, "likes": {"groups": [], "count": 0}, "id": "4e6217c7aeb7360314c077bb", "text": "Egg tart taste better than the chocolate one for me.", "type": "user", "user": {"gender": "male", "id": "4728408", "photo": {"prefix": "https://igx.4sqi.net/img/user/", "suffix": "/MB2KXL403VTN0ZDF.jpg"}, "firstName": "Donald", "lastName": "Kee"}, "canonicalUrl": "https://foursquare.com/item/4e6217c7aeb7360314c077bb", "todo": {"count": 0}, "disagreeCount": 0}, {"logView": true, "lang": "en", "createdAt": 1292034363, "agreeCount": 0, "likes": {"groups": [{"items": [], "count": 1, "type": "others"}], "summary": "1 like", "count": 1}, "id": "4d02e13b7d9ba35db7765c23", "text": "Do not order from the centre counter. AC blowing directly at you.", "type": "user", "user": {"id": "1165118", "photo": {"prefix": "https://igx.4sqi.net/img/user/", "suffix": "/1165118-QK22Z3ZM4YG3FYKH.jpg"}, "firstName": "Malcolm", "gender": "male"}, "canonicalUrl": "https://foursquare.com/item/4d02e13b7d9ba35db7765c23", "todo": {"count": 0}, "disagreeCount": 0}, {"logView": true, "lang": "en", "createdAt": 1355185744, "agreeCount": 0, "likes": {"groups": [], "count": 0}, "id": "50c67e50e4b020728fd2dac1", "text": "For breakfast, try the a.m twister meal original..its delish!", "type": "user", "user": {"gender": "male", "id": "4324104", "photo": {"prefix": "https://igx.4sqi.net/img/user/", "suffix": "/XWTSHH5GGCKTNYJG.jpg"}, "firstName": "Zameen", "lastName": "Zahari"}, "canonicalUrl": "https://foursquare.com/item/50c67e50e4b020728fd2dac1", "todo": {"count": 0}, "disagreeCount": 0}, {"logView": true, "lang": "en", "createdAt": 1309402223, "agreeCount": 0, "likes": {"groups": [], "count": 0}, "id": "4e0be46fa809638b00f290d4", "text": "Original Twister is yummy!!!", "type": "user", "user": {"id": "1912249", "photo": {"prefix": "https://igx.4sqi.net/img/user/", "suffix": "/1B54AAFFFPATHJ5Q.jpg"}, "firstName": "Fyd", "gender": "female"}, "canonicalUrl": "https://foursquare.com/item/4e0be46fa809638b00f290d4", "todo": {"count": 0}, "disagreeCount": 0}, {"authorInteractionType": "liked", "logView": true, "lang": "en", "photo": {"id": "5302e40a498e224c53951a59", "visibility": "public", "source": {"name": "Foursquare for iOS", "url": "https://foursquare.com/download/#/iphone"}, "suffix": "/3622219_FahSBWBYiv_18jxLScmWTDEJXCTY4KoSqVEjX3Ak4Rw.jpg", "createdAt": 1392698378, "prefix": "https://igx.4sqi.net/img/general/", "width": 720, "height": 960}, "createdAt": 1392698366, "todo": {"count": 0}, "agreeCount": 2, "likes": {"groups": [{"items": [{"gender": "male", "id": "149405", "photo": {"prefix": "https://igx.4sqi.net/img/user/", "suffix": "/149405-5UP3W0AUI50ZCDMH.jpg"}, "firstName": "Brunold", "lastName": "Loidl"}, {"gender": "female", "id": "3622219", "photo": {"prefix": "https://igx.4sqi.net/img/user/", "suffix": "/3622219_BTK3Ytry_GjX1VbAAGrSs8lUFx_fcF1kGq6IHmoUAmHbY_B7Lr3g6fjSxoTDZgPCdME1IGLj-.jpg"}, "firstName": "\ud83d\udc8bJuWieZy\u2122", "lastName": "VoGueZ \ud83c\udf78"}], "count": 2, "type": "others"}], "summary": "2 likes", "count": 2}, "id": "5302e3fe498eb13ce1edafc8", "text": "Drive thru!! KFC Porridge still the best in the world!", "disagreeCount": 0, "user": {"gender": "female", "id": "3622219", "photo": {"prefix": "https://igx.4sqi.net/img/user/", "suffix": "/3622219_BTK3Ytry_GjX1VbAAGrSs8lUFx_fcF1kGq6IHmoUAmHbY_B7Lr3g6fjSxoTDZgPCdME1IGLj-.jpg"}, "firstName": "\ud83d\udc8bJuWieZy\u2122", "lastName": "VoGueZ \ud83c\udf78"}, "canonicalUrl": "https://foursquare.com/item/5302e3fe498eb13ce1edafc8", "type": "user", "photourl": "https://igx.4sqi.net/img/general/original/3622219_FahSBWBYiv_18jxLScmWTDEJXCTY4KoSqVEjX3Ak4Rw.jpg"}, {"authorInteractionType": "liked", "logView": true, "lang": "en", "createdAt": 1273719595, "agreeCount": 1, "likes": {"groups": [{"items": [{"gender": "female", "id": "3622219", "photo": {"prefix": "https://igx.4sqi.net/img/user/", "suffix": "/3622219_BTK3Ytry_GjX1VbAAGrSs8lUFx_fcF1kGq6IHmoUAmHbY_B7Lr3g6fjSxoTDZgPCdME1IGLj-.jpg"}, "firstName": "\ud83d\udc8bJuWieZy\u2122", "lastName": "VoGueZ \ud83c\udf78"}], "count": 1, "type": "others"}], "summary": "1 like", "count": 1}, "id": "4beb6b2b70c603bb0d469bb4", "text": "Free flow drinks have been discontinued. Nice place to chill if you have a vehicle. Or it's Bus 11.", "type": "user", "user": {"gender": "female", "id": "942443", "photo": {"prefix": "https://igx.4sqi.net/img/user/", "suffix": "/ITQR3IXBDMGMIM0J.jpg"}, "firstName": "Lexelle", "lastName": "de Charmaine"}, "canonicalUrl": "https://foursquare.com/item/4beb6b2b70c603bb0d469bb4", "todo": {"count": 1}, "disagreeCount": 0}, {"logView": true, "lang": "en", "createdAt": 1302095571, "agreeCount": 0, "likes": {"groups": [], "count": 0}, "id": "4d9c66d3c540236a2e29774b", "text": "no free first hour parking for KFC side.. juz opp mac Donald side is free first hour ..", "type": "user", "user": {"gender": "female", "id": "6691878", "photo": {"prefix": "https://igx.4sqi.net/img/user/", "suffix": "/NJSJ2NQSMHS0Y0NH.jpg"}, "firstName": "Lee San", "lastName": "Koh"}, "canonicalUrl": "https://foursquare.com/item/4d9c66d3c540236a2e29774b", "todo": {"count": 0}, "disagreeCount": 0}], "count": 39}}}