{"meta": {"code": 200, "requestId": "595a49be9fb6b77b77d2bdc1"}, "response": {"tips": {"items": [{"logView": true, "lang": "en", "createdAt": 1369979562, "agreeCount": 0, "likes": {"groups": [], "count": 0}, "id": "51a83aaa498e35a06d524bd3", "text": "If u want to drink iced cappuccino head to level 2 Koufu", "type": "user", "user": {"gender": "male", "id": "1065156", "photo": {"prefix": "https://igx.4sqi.net/img/user/", "suffix": "/WVSC3CADRLJH1U5K.png"}, "firstName": "Benson", "lastName": "Toh"}, "canonicalUrl": "https://foursquare.com/item/51a83aaa498e35a06d524bd3", "todo": {"count": 0}, "disagreeCount": 0}, {"logView": true, "lang": "en", "createdAt": 1347619954, "agreeCount": 0, "likes": {"groups": [], "count": 0}, "id": "50530c72e4b0001ed2c6de5b", "text": "good service, good food, good ambience...", "type": "user", "user": {"gender": "none", "id": "5481841", "photo": {"prefix": "https://igx.4sqi.net/img/user/", "suffix": "/KMY453UVYBBAPPYQ.jpg"}, "firstName": "eizy", "lastName": "syah"}, "canonicalUrl": "https://foursquare.com/item/50530c72e4b0001ed2c6de5b", "todo": {"count": 0}, "disagreeCount": 0}, {"logView": true, "lang": "en", "createdAt": 1331456740, "agreeCount": 0, "likes": {"groups": [], "count": 0}, "id": "4f5c6ae4e4b02628c1f65bab", "text": "Have never tasted anything worst than the chicken risotto here", "type": "user", "user": {"gender": "female", "id": "5303564", "photo": {"prefix": "https://igx.4sqi.net/img/user/", "suffix": "/EJK02E2RGUC3DTXD.jpg"}, "firstName": "Bonita", "lastName": "Ma"}, "canonicalUrl": "https://foursquare.com/item/4f5c6ae4e4b02628c1f65bab", "todo": {"count": 0}, "disagreeCount": 0}, {"logView": true, "lang": "en", "createdAt": 1285125315, "agreeCount": 0, "likes": {"groups": [], "count": 0}, "id": "4c9974c3775abfb717db4467", "text": "Spicy Tuna Linguine is simply awesome! Chunky tomatoes, chilli padi, generous shredded cheese ... a hot dish indeed!", "type": "user", "user": {"gender": "female", "id": "3405605", "photo": {"prefix": "https://igx.4sqi.net/img/user/", "suffix": "/1JZG5XI2CH22I1UF.jpg"}, "firstName": "Yan", "lastName": "Akira"}, "canonicalUrl": "https://foursquare.com/item/4c9974c3775abfb717db4467", "todo": {"count": 0}, "disagreeCount": 0}, {"logView": true, "lang": "en", "createdAt": 1277884946, "agreeCount": 0, "likes": {"groups": [{"items": [], "count": 1, "type": "others"}], "summary": "1 like", "count": 1}, "id": "4c2afa12d1a10f47c442f764", "text": "Oohh so big n uncrowded I like awesome", "type": "user", "user": {"gender": "male", "id": "952812", "photo": {"prefix": "https://igx.4sqi.net/img/user/", "suffix": "/AYHA2OUCYJB4JFUJ.jpg"}, "firstName": "Anselm", "lastName": "Chelliah"}, "canonicalUrl": "https://foursquare.com/item/4c2afa12d1a10f47c442f764", "todo": {"count": 0}, "disagreeCount": 0}, {"logView": true, "lang": "en", "createdAt": 1290692148, "agreeCount": 0, "likes": {"groups": [], "count": 0}, "id": "4cee66348604a1cd7eeef7c0", "text": "Asst mgr n staff has good service but California salad dressing is too salty...", "type": "user", "user": {"id": "3632332", "photo": {"prefix": "https://igx.4sqi.net/img/user/", "suffix": "/3NU0JETX42WTYMJA.jpg"}, "firstName": "iRyNee", "gender": "none"}, "canonicalUrl": "https://foursquare.com/item/4cee66348604a1cd7eeef7c0", "todo": {"count": 0}, "disagreeCount": 0}, {"logView": true, "lang": "en", "createdAt": 1276339060, "agreeCount": 0, "likes": {"groups": [], "count": 0}, "id": "4c13637482a3c9b6c860fbf8", "text": "Moroccan mint latte is a hlittle known yet delicious drink at CBTL. One of the rare Coffee Bean with power outlets. Also, it's less crowded than Starbucks.", "type": "user", "user": {"gender": "male", "id": "1588472", "photo": {"prefix": "https://igx.4sqi.net/img/user/", "suffix": "/Q3JOQ0DQGRTUZKDJ.jpg"}, "firstName": "Isaac", "lastName": "Yeo"}, "canonicalUrl": "https://foursquare.com/item/4c13637482a3c9b6c860fbf8", "todo": {"count": 0}, "disagreeCount": 0}, {"logView": true, "lang": "en", "createdAt": 1314705169, "agreeCount": 0, "likes": {"groups": [], "count": 0}, "id": "4e5ccf1162e1ef715a50a1ab", "text": "Forget about using broadband here", "type": "user", "user": {"gender": "male", "id": "11729684", "photo": {"prefix": "https://igx.4sqi.net/img/user/", "suffix": "/DP533P2OF4VT55OQ.jpg"}, "firstName": "Alvin", "lastName": "Ling"}, "canonicalUrl": "https://foursquare.com/item/4e5ccf1162e1ef715a50a1ab", "todo": {"count": 0}, "disagreeCount": 0}, {"logView": true, "lang": "en", "createdAt": 1271475538, "agreeCount": 1, "likes": {"groups": [{"items": [{"gender": "male", "id": "45303845", "photo": {"prefix": "https://igx.4sqi.net/img/user/", "suffix": "/1DRZTYFJDRUSAFMF.jpg"}, "firstName": "Han", "lastName": "Bun"}], "count": 2, "type": "others"}], "summary": "2 likes", "count": 2}, "id": "4bc92d5270c603bbca2098b4", "text": "Usually less crowded than the nearby Starbucks, but fewer power ports for laptops", "type": "user", "user": {"gender": "male", "id": "858390", "photo": {"prefix": "https://igx.4sqi.net/img/user/", "suffix": "/1WJVRSVCGSZEH1UO.jpg"}, "firstName": "Snehal", "lastName": "Patel"}, "canonicalUrl": "https://foursquare.com/item/4bc92d5270c603bbca2098b4", "todo": {"count": 0}, "disagreeCount": 0}, {"logView": true, "lang": "en", "createdAt": 1417312309, "agreeCount": 0, "likes": {"groups": [], "count": 0}, "id": "547a7835498e61ba8c9a126d", "text": "Good place to study. There is also a Starbucks nearby if you can't find seats.", "type": "user", "user": {"gender": "female", "id": "21607126", "photo": {"prefix": "https://igx.4sqi.net/img/user/", "suffix": "/21607126-3G2UPCI1HBF0Z44Z.jpg"}, "firstName": "Nicole", "lastName": "Tay"}, "canonicalUrl": "https://foursquare.com/item/547a7835498e61ba8c9a126d", "todo": {"count": 0}, "disagreeCount": 0}, {"logView": true, "lang": "en", "createdAt": 1297361574, "agreeCount": 0, "likes": {"groups": [{"items": [], "count": 2, "type": "others"}], "summary": "2 likes", "count": 2}, "id": "4d542aa6f9f9b60cf5552be6", "text": "Order a cheese cake to go with ur coffee", "type": "user", "user": {"gender": "male", "id": "2016878", "photo": {"prefix": "https://igx.4sqi.net/img/user/", "suffix": "/2016878-2X3GDDBLWXAUET1U"}, "firstName": "Elvin", "lastName": "Yeo"}, "canonicalUrl": "https://foursquare.com/item/4d542aa6f9f9b60cf5552be6", "todo": {"count": 0}, "disagreeCount": 0}, {"logView": true, "lang": "en", "createdAt": 1299478836, "agreeCount": 0, "likes": {"groups": [], "count": 0}, "id": "4d747934548bb60c222ab6ff", "text": "Get 1 FREE 1 Latte/ Coffee/ Tea promo! Frm 1/3/11 - 30/9/11 For UOB Visa 1 Card w/ Visa payWave. Enjoy ;)", "type": "user", "user": {"gender": "female", "id": "3550595", "photo": {"prefix": "https://igx.4sqi.net/img/user/", "suffix": "/3550595-OUII5EBAAY0U5SAZ.jpg"}, "firstName": "Chong", "lastName": "YJ"}, "canonicalUrl": "https://foursquare.com/item/4d747934548bb60c222ab6ff", "todo": {"count": 0}, "disagreeCount": 0}, {"logView": true, "lang": "en", "createdAt": 1294568240, "agreeCount": 0, "likes": {"groups": [{"items": [], "count": 4, "type": "others"}], "summary": "4 likes", "count": 4}, "id": "4d298b303c79548142cfd89b", "text": "Think cakes are 50% off here at late night.", "type": "user", "user": {"gender": "male", "id": "2016878", "photo": {"prefix": "https://igx.4sqi.net/img/user/", "suffix": "/2016878-2X3GDDBLWXAUET1U"}, "firstName": "Elvin", "lastName": "Yeo"}, "canonicalUrl": "https://foursquare.com/item/4d298b303c79548142cfd89b", "todo": {"count": 0}, "disagreeCount": 0}], "count": 13}}}