{"meta": {"code": 200, "requestId": "595a492a9fb6b77b7640c3d9"}, "response": {"tips": {"items": [{"logView": true, "lang": "en", "createdAt": 1304314648, "agreeCount": 0, "likes": {"groups": [{"items": [], "count": 1, "type": "others"}], "summary": "1 like", "count": 1}, "id": "4dbe43186e810768bf89d76f", "text": "food here is AVERAGE! service here is BAD!! tey throw e plate instead of placing e plate nicely~", "type": "user", "user": {"gender": "female", "id": "3299449", "photo": {"prefix": "https://igx.4sqi.net/img/user/", "suffix": "/LHQCZ0OGBLEJFUKE.jpg"}, "firstName": "Alinda", "lastName": "Yeo"}, "canonicalUrl": "https://foursquare.com/item/4dbe43186e810768bf89d76f", "todo": {"count": 0}, "disagreeCount": 0}, {"logView": true, "lang": "en", "createdAt": 1307189052, "agreeCount": 1, "likes": {"groups": [{"items": [{"gender": "male", "id": "43064359", "photo": {"prefix": "https://igx.4sqi.net/img/user/", "suffix": "/URCRIBMTPV30GCRN.jpg"}, "firstName": "Ryan", "lastName": "TJong"}], "count": 1, "type": "others"}], "summary": "1 like", "count": 1}, "id": "4dea1f3c45dd3993a8824ce3", "text": "I actually found the food quite good. For eg. stir fried beef with bitter gourd, and the kailan fried with belachan.", "type": "user", "user": {"gender": "male", "id": "5322260", "photo": {"prefix": "https://igx.4sqi.net/img/user/", "suffix": "/FGFBHQCYZYUCDMRN.jpg"}, "firstName": "Daveid", "lastName": "C"}, "canonicalUrl": "https://foursquare.com/item/4dea1f3c45dd3993a8824ce3", "todo": {"count": 1}, "disagreeCount": 0}, {"logView": true, "lang": "en", "createdAt": 1346857597, "agreeCount": 0, "todo": {"count": 0}, "photo": {"id": "50476a7ff136225d1c8a3d7e", "visibility": "public", "source": {"name": "Foursquare Web", "url": "https://foursquare.com"}, "suffix": "/ALfQLDcN2Z6MiCfLnKlI9BFN8Ej5qAb8oDwZZnLA9Y8.jpg", "createdAt": 1346857599, "prefix": "https://igx.4sqi.net/img/general/", "width": 560, "height": 420}, "likes": {"groups": [], "count": 0}, "id": "50476a7de4b0bc62e42ec1dc", "text": "They have Angry Birds mooncakes for Mid-Autumn Festival 2012! See pictures and review at http://sparklette.net/food/peony-jade-mooncakes-2012/", "entities": [{"indices": [89, 142], "type": "url", "object": {"url": "http://sparklette.net/food/peony-jade-mooncakes-2012/"}}], "disagreeCount": 0, "url": "http://sparklette.net/food/peony-jade-mooncakes-2012/", "user": {"id": "286427", "photo": {"prefix": "https://igx.4sqi.net/img/user/", "suffix": "/BQODELOYU34CMCTJ.jpg"}, "firstName": "Veron @ Sparklette.net", "gender": "female"}, "canonicalUrl": "https://foursquare.com/item/50476a7de4b0bc62e42ec1dc", "type": "user", "photourl": "https://igx.4sqi.net/img/general/original/ALfQLDcN2Z6MiCfLnKlI9BFN8Ej5qAb8oDwZZnLA9Y8.jpg"}, {"logView": true, "lang": "en", "createdAt": 1289997344, "agreeCount": 0, "likes": {"groups": [], "count": 0}, "id": "4ce3cc20c36ba35d61aa71f6", "text": "Definitely not one of the best dim sum buffet; but custard buns on the dimsum menu is worth a try!", "type": "user", "user": {"gender": "male", "id": "1392276", "photo": {"prefix": "https://igx.4sqi.net/img/user/", "suffix": "/OAH125ZJ3AEE0XOM.jpg"}, "firstName": "Jeffrey", "lastName": "Teo"}, "canonicalUrl": "https://foursquare.com/item/4ce3cc20c36ba35d61aa71f6", "todo": {"count": 0}, "disagreeCount": 0}, {"logView": true, "lang": "en", "createdAt": 1281766057, "agreeCount": 0, "likes": {"groups": [], "count": 0}, "id": "4c6632a99cb82d7fb92390d2", "text": "The dim sum buffet is good!", "type": "user", "user": {"gender": "female", "id": "2407840", "photo": {"prefix": "https://igx.4sqi.net/img/user/", "suffix": "/KSXYN2PQUFETRWFL.jpg"}, "firstName": "Nicole", "lastName": "Yao"}, "canonicalUrl": "https://foursquare.com/item/4c6632a99cb82d7fb92390d2", "todo": {"count": 2}, "disagreeCount": 0}, {"logView": true, "lang": "en", "createdAt": 1301747065, "agreeCount": 0, "likes": {"groups": [], "count": 0}, "id": "4d97157961a3a1cd094eab42", "text": "Wow. Good food. But worst service ever. Took almost 1 hour for first dish to be served and really rude staff. We are NOT paying the service charge tonight.", "type": "user", "user": {"gender": "male", "id": "8190357", "photo": {"prefix": "https://igx.4sqi.net/img/user/", "suffix": "/WPVHINJYS0VGLRT5.jpg"}, "firstName": "Justin", "lastName": "Hammond"}, "canonicalUrl": "https://foursquare.com/item/4d97157961a3a1cd094eab42", "todo": {"count": 0}, "disagreeCount": 0}, {"logView": true, "lang": "en", "createdAt": 1375101171, "agreeCount": 0, "likes": {"groups": [], "count": 0}, "id": "51f660f3498e7d5876de2615", "text": "Service of waitress very bad. Need to remind them to change plates, re-fill water, clear dishes, etc. When customers leave, nobody greet you at all!", "type": "user", "user": {"gender": "female", "id": "10879545", "photo": {"prefix": "https://igx.4sqi.net/img/user/", "suffix": "/FV2OT2YUM44ZS2OT.jpg"}, "firstName": "Lin", "lastName": "Li"}, "canonicalUrl": "https://foursquare.com/item/51f660f3498e7d5876de2615", "todo": {"count": 0}, "disagreeCount": 0}, {"logView": true, "lang": "en", "createdAt": 1334406211, "agreeCount": 0, "likes": {"groups": [], "count": 0}, "id": "4f896c43e4b076717ac1344e", "text": "The roast duck is really really good. Meat is firm and springy.  Most of the fat under the skin is gone.", "type": "user", "user": {"gender": "male", "id": "3019117", "photo": {"prefix": "https://igx.4sqi.net/img/user/", "suffix": "/1E4TOXQTLWEWJHWR.jpg"}, "firstName": "Bernard", "lastName": "Ng"}, "canonicalUrl": "https://foursquare.com/item/4f896c43e4b076717ac1344e", "todo": {"count": 0}, "disagreeCount": 0}, {"authorInteractionType": "disliked", "logView": true, "lang": "en", "createdAt": 1393647981, "agreeCount": 0, "likes": {"groups": [], "count": 0}, "id": "5311616d498e8927d15deca7", "text": "Worst service staff here. Manager's not any better. Gave briefing to staff when guests have arrived for wedding lunch.", "type": "user", "user": {"gender": "male", "id": "8073537", "photo": {"prefix": "https://igx.4sqi.net/img/user/", "suffix": "/A20NLC5VMNC4GEHH.jpg"}, "firstName": "Sam", "lastName": "Koh"}, "canonicalUrl": "https://foursquare.com/item/5311616d498e8927d15deca7", "todo": {"count": 0}, "disagreeCount": 0}, {"logView": true, "lang": "en", "createdAt": 1363414251, "agreeCount": 0, "likes": {"groups": [], "count": 0}, "id": "51440cebe4b0bb73953c5b01", "text": "Great food. Great service.", "type": "user", "user": {"gender": "male", "id": "8321567", "photo": {"prefix": "https://igx.4sqi.net/img/user/", "suffix": "/8321567-1GDI0R1INVCMPOM2.jpg"}, "firstName": "Daniel", "lastName": "Lim"}, "canonicalUrl": "https://foursquare.com/item/51440cebe4b0bb73953c5b01", "todo": {"count": 1}, "disagreeCount": 0}, {"logView": true, "lang": "en", "createdAt": 1307783321, "agreeCount": 0, "likes": {"groups": [], "count": 0}, "id": "4df33099091ae30fd67b2b33", "text": "Not using preservatives or the like is not an excuse for food that lacks in the taste department.", "type": "user", "user": {"id": "1877167", "photo": {"prefix": "https://igx.4sqi.net/img/user/", "suffix": "/LMUC2VK0O5HOCD5R.jpg"}, "firstName": "Janell", "gender": "female"}, "canonicalUrl": "https://foursquare.com/item/4df33099091ae30fd67b2b33", "todo": {"count": 0}, "disagreeCount": 0}, {"logView": true, "lang": "en", "createdAt": 1345786836, "agreeCount": 0, "likes": {"groups": [], "count": 0}, "id": "503713d4e4b06ff8766a73dc", "text": "Not worth walking all the way inside here, even if you drive in the food is not particularly outstanding.", "type": "user", "user": {"id": "30925417", "photo": {"prefix": "https://igx.4sqi.net/img/user/", "suffix": "/SNIUF5TZLVMTL0AF.jpg"}, "firstName": "Beale", "gender": "male"}, "canonicalUrl": "https://foursquare.com/item/503713d4e4b06ff8766a73dc", "todo": {"count": 0}, "disagreeCount": 0}, {"logView": true, "lang": "en", "createdAt": 1379310675, "agreeCount": 1, "likes": {"groups": [{"items": [{"gender": "none", "id": "2474571", "photo": {"prefix": "https://igx.4sqi.net/img/user/", "suffix": "/4T1D1EVAHIK33IP0.jpg"}, "firstName": "cheez", "lastName": "555"}], "count": 1, "type": "others"}], "summary": "1 like", "count": 1}, "id": "52369c5311d2f50ae93b6fff", "text": "Service #fail. Items ordered were served wrongly or weren't served at all.", "type": "user", "user": {"gender": "male", "id": "472738", "photo": {"prefix": "https://igx.4sqi.net/img/user/", "suffix": "/472738-E5O1LNV3YEKICJHI.jpg"}, "firstName": "Cruz", "lastName": "Teng"}, "canonicalUrl": "https://foursquare.com/item/52369c5311d2f50ae93b6fff", "todo": {"count": 0}, "disagreeCount": 0}, {"logView": true, "lang": "en", "createdAt": 1299216519, "agreeCount": 0, "likes": {"groups": [], "count": 0}, "id": "4d70788776f3f04dc9c25d48", "text": "U must not miss the black pepper beef cubes! It's super tender and tasty.", "type": "user", "user": {"gender": "male", "id": "2422799", "photo": {"prefix": "https://igx.4sqi.net/img/user/", "suffix": "/2BFV4LAJWNCB3TKM.jpg"}, "firstName": "Isaac Matthew", "lastName": "Ho"}, "canonicalUrl": "https://foursquare.com/item/4d70788776f3f04dc9c25d48", "todo": {"count": 0}, "disagreeCount": 0}, {"authorInteractionType": "liked", "logView": true, "lang": "en", "createdAt": 1455934814, "agreeCount": 0, "likes": {"groups": [], "count": 0}, "id": "56c7cd5e498e439d28aedda3", "text": "King-sized prawns - be prepared to use your hands... :)", "type": "user", "user": {"gender": "male", "id": "40033180", "photo": {"prefix": "https://igx.4sqi.net/img/user/", "suffix": "/4GXAHN4F4VGEFGLB.jpg"}, "firstName": "KT", "lastName": "Ling"}, "canonicalUrl": "https://foursquare.com/item/56c7cd5e498e439d28aedda3", "todo": {"count": 0}, "disagreeCount": 0}], "count": 15}}}