{"meta": {"code": 200, "requestId": "595a506a9fb6b77bc7ee194d"}, "response": {"tips": {"items": [{"logView": true, "lang": "en", "createdAt": 1266338268, "agreeCount": 3, "likes": {"groups": [{"items": [{"gender": "male", "id": "21562312", "photo": {"prefix": "https://igx.4sqi.net/img/user/", "suffix": "/21562312-3QHLDDT4WOKRQIIC.jpg"}, "firstName": "Selespeed", "lastName": "Tan"}, {"gender": "male", "id": "8626838", "photo": {"prefix": "https://igx.4sqi.net/img/user/", "suffix": "/8626838-OOPJACMZPXTFW211.jpg"}, "firstName": "Larry", "lastName": "Lim"}, {"id": "30798317", "photo": {"prefix": "https://igx.4sqi.net/img/user/", "default": true, "suffix": "/blank_girl.png"}, "firstName": "Pei wen", "gender": "female"}], "count": 3, "type": "others"}], "summary": "3 likes", "count": 3}, "id": "4b7ac9dc70c603bb3a6292b4", "text": "Try the fishball noodles. They make their own chilli. The old man (father) cooks better than the young man (son) but both are goooooooood....", "type": "user", "user": {"gender": "female", "id": "414705", "photo": {"prefix": "https://igx.4sqi.net/img/user/", "suffix": "/HEIARS13MTECLPEK.jpg"}, "firstName": "Jacqueline Julz", "lastName": "Ng"}, "canonicalUrl": "https://foursquare.com/item/4b7ac9dc70c603bb3a6292b4", "todo": {"count": 4}, "disagreeCount": 0}, {"logView": true, "lang": "en", "createdAt": 1323178967, "agreeCount": 1, "likes": {"groups": [{"items": [{"gender": "male", "id": "8626838", "photo": {"prefix": "https://igx.4sqi.net/img/user/", "suffix": "/8626838-OOPJACMZPXTFW211.jpg"}, "firstName": "Larry", "lastName": "Lim"}], "count": 1, "type": "others"}], "summary": "1 like", "count": 1}, "id": "4ede1bd79911a3e7916e8cad", "text": "The western food not bad, but consumes much of your time. The key chap is good.", "type": "user", "user": {"gender": "female", "id": "9374225", "photo": {"prefix": "https://igx.4sqi.net/img/user/", "suffix": "/VO0CZJT2TVB14PAH.jpg"}, "firstName": "Tan", "lastName": "Yan"}, "canonicalUrl": "https://foursquare.com/item/4ede1bd79911a3e7916e8cad", "todo": {"count": 0}, "disagreeCount": 0}, {"logView": true, "lang": "en", "createdAt": 1492307496, "agreeCount": 0, "likes": {"groups": [], "count": 0}, "id": "58f2ce28d69ed05b2e02ef20", "text": "Kaya toast is nice too.  My boy likes it.", "type": "user", "user": {"gender": "female", "id": "135424796", "photo": {"prefix": "https://igx.4sqi.net/img/user/", "suffix": "/135424796-FH2MRQFFT3RKCFVA.jpg"}, "firstName": "Ivy", "lastName": "Tan"}, "canonicalUrl": "https://foursquare.com/item/58f2ce28d69ed05b2e02ef20", "todo": {"count": 0}, "disagreeCount": 0}, {"logView": true, "lang": "en", "createdAt": 1357394454, "agreeCount": 2, "likes": {"groups": [{"items": [{"gender": "female", "id": "33083037", "photo": {"prefix": "https://igx.4sqi.net/img/user/", "suffix": "/33083037-3NFLI2TXPOYF3N4N.jpg"}, "firstName": "\u30c1\u30a7\u5229\u6075", "lastName": "Cleopatra"}, {"gender": "male", "id": "8626838", "photo": {"prefix": "https://igx.4sqi.net/img/user/", "suffix": "/8626838-OOPJACMZPXTFW211.jpg"}, "firstName": "Larry", "lastName": "Lim"}], "count": 2, "type": "others"}], "summary": "2 likes", "count": 2}, "id": "50e83216e4b00654482f85c4", "text": "do pay exact amount when u order Kim's fried hokkien prawn mee cos the TKB won't come back w your change.", "type": "user", "user": {"gender": "male", "id": "3829361", "photo": {"prefix": "https://igx.4sqi.net/img/user/", "suffix": "/A10ABKL21KXJQMAW.jpg"}, "firstName": "Ed", "lastName": "Win"}, "canonicalUrl": "https://foursquare.com/item/50e83216e4b00654482f85c4", "todo": {"count": 0}, "disagreeCount": 0}, {"logView": true, "lang": "en", "createdAt": 1316271762, "agreeCount": 1, "likes": {"groups": [{"items": [{"gender": "male", "id": "8626838", "photo": {"prefix": "https://igx.4sqi.net/img/user/", "suffix": "/8626838-OOPJACMZPXTFW211.jpg"}, "firstName": "Larry", "lastName": "Lim"}], "count": 1, "type": "others"}], "summary": "1 like", "count": 1}, "id": "4e74b692d1643f93b193f35b", "text": "Fried tofu from zi char stall is (Y) !!", "type": "user", "user": {"gender": "none", "id": "6766377", "photo": {"prefix": "https://igx.4sqi.net/img/user/", "suffix": "/TI031HOXIMIEL4WN.jpg"}, "firstName": "Jan ht", "lastName": "Lim"}, "canonicalUrl": "https://foursquare.com/item/4e74b692d1643f93b193f35b", "todo": {"count": 0}, "disagreeCount": 0}, {"logView": true, "lang": "en", "createdAt": 1344088711, "agreeCount": 2, "likes": {"groups": [{"items": [{"gender": "male", "id": "8626838", "photo": {"prefix": "https://igx.4sqi.net/img/user/", "suffix": "/8626838-OOPJACMZPXTFW211.jpg"}, "firstName": "Larry", "lastName": "Lim"}, {"gender": "female", "id": "414705", "photo": {"prefix": "https://igx.4sqi.net/img/user/", "suffix": "/HEIARS13MTECLPEK.jpg"}, "firstName": "Jacqueline Julz", "lastName": "Ng"}], "count": 2, "type": "others"}], "summary": "2 likes", "count": 2}, "id": "501d2a87e4b0125d26f0cfbb", "text": "Absolutely should try the fishball noodles! They have been selling at the same spot for more than 2 decades now!", "type": "user", "user": {"id": "30925417", "photo": {"prefix": "https://igx.4sqi.net/img/user/", "suffix": "/SNIUF5TZLVMTL0AF.jpg"}, "firstName": "Beale", "gender": "male"}, "canonicalUrl": "https://foursquare.com/item/501d2a87e4b0125d26f0cfbb", "todo": {"count": 0}, "disagreeCount": 0}, {"logView": true, "lang": "en", "createdAt": 1492307402, "agreeCount": 0, "likes": {"groups": [], "count": 0}, "id": "58f2cdca9411f24831a5716b", "text": "Fishball noodles'katong laksa is nice.", "type": "user", "user": {"gender": "female", "id": "135424796", "photo": {"prefix": "https://igx.4sqi.net/img/user/", "suffix": "/135424796-FH2MRQFFT3RKCFVA.jpg"}, "firstName": "Ivy", "lastName": "Tan"}, "canonicalUrl": "https://foursquare.com/item/58f2cdca9411f24831a5716b", "todo": {"count": 0}, "disagreeCount": 0}, {"logView": true, "lang": "en", "createdAt": 1286882048, "agreeCount": 1, "likes": {"groups": [{"items": [{"gender": "male", "id": "8626838", "photo": {"prefix": "https://igx.4sqi.net/img/user/", "suffix": "/8626838-OOPJACMZPXTFW211.jpg"}, "firstName": "Larry", "lastName": "Lim"}], "count": 5, "type": "others"}], "summary": "5 likes", "count": 5}, "id": "4cb44300ef1b370490435700", "text": "For late nite suppers. The zi char stall is open till late.", "type": "user", "user": {"gender": "male", "id": "2555137", "photo": {"prefix": "https://igx.4sqi.net/img/user/", "suffix": "/M4HIPEM1UBMCUSQS.jpg"}, "firstName": "Leon", "lastName": "Noel"}, "canonicalUrl": "https://foursquare.com/item/4cb44300ef1b370490435700", "todo": {"count": 1}, "disagreeCount": 0}, {"logView": true, "lang": "en", "createdAt": 1299350460, "agreeCount": 1, "likes": {"groups": [{"items": [{"gender": "male", "id": "8626838", "photo": {"prefix": "https://igx.4sqi.net/img/user/", "suffix": "/8626838-OOPJACMZPXTFW211.jpg"}, "firstName": "Larry", "lastName": "Lim"}], "count": 1, "type": "others"}], "summary": "1 like", "count": 1}, "id": "4d7283bcff6ba35d06666f8a", "text": "The best meepok! Those old school days!", "type": "user", "user": {"gender": "male", "id": "6696198", "photo": {"prefix": "https://igx.4sqi.net/img/user/", "suffix": "/CQOCQNWBRUC0REIO.jpg"}, "firstName": "kee chee", "lastName": "toh"}, "canonicalUrl": "https://foursquare.com/item/4d7283bcff6ba35d06666f8a", "todo": {"count": 0}, "disagreeCount": 0}, {"logView": true, "lang": "en", "createdAt": 1318133692, "agreeCount": 1, "likes": {"groups": [{"items": [{"gender": "male", "id": "8626838", "photo": {"prefix": "https://igx.4sqi.net/img/user/", "suffix": "/8626838-OOPJACMZPXTFW211.jpg"}, "firstName": "Larry", "lastName": "Lim"}], "count": 2, "type": "others"}], "summary": "2 likes", "count": 2}, "id": "4e911fbc9a52db7dba8b75c5", "text": "The DO&ME auntie is super duper slow.... But the food there is nt bad.", "type": "user", "user": {"gender": "female", "id": "3151647", "photo": {"prefix": "https://igx.4sqi.net/img/user/", "suffix": "/334J0YKKCEVW35MM.jpg"}, "firstName": "Teddi", "lastName": "Tan"}, "canonicalUrl": "https://foursquare.com/item/4e911fbc9a52db7dba8b75c5", "todo": {"count": 0}, "disagreeCount": 0}, {"logView": true, "lang": "en", "createdAt": 1298206259, "agreeCount": 1, "likes": {"groups": [{"items": [{"gender": "male", "id": "8626838", "photo": {"prefix": "https://igx.4sqi.net/img/user/", "suffix": "/8626838-OOPJACMZPXTFW211.jpg"}, "firstName": "Larry", "lastName": "Lim"}], "count": 1, "type": "others"}], "summary": "1 like", "count": 1}, "id": "4d610e33196ba09331472156", "text": "The Do n me uncle very blur!", "type": "user", "user": {"gender": "none", "id": "3122786", "photo": {"prefix": "https://igx.4sqi.net/img/user/", "suffix": "/OTZ4ORQBOCC555ZM.jpg"}, "firstName": "James", "lastName": "Lor"}, "canonicalUrl": "https://foursquare.com/item/4d610e33196ba09331472156", "todo": {"count": 1}, "disagreeCount": 0}, {"logView": true, "lang": "en", "createdAt": 1293935012, "agreeCount": 2, "likes": {"groups": [{"items": [{"gender": "male", "id": "8626838", "photo": {"prefix": "https://igx.4sqi.net/img/user/", "suffix": "/8626838-OOPJACMZPXTFW211.jpg"}, "firstName": "Larry", "lastName": "Lim"}, {"gender": "male", "id": "12447428", "photo": {"prefix": "https://igx.4sqi.net/img/user/", "suffix": "/12447428-55LERLKFA0FOK1EJ.jpg"}, "firstName": "HongCai", "lastName": "Zhuo"}], "count": 4, "type": "others"}], "summary": "4 likes", "count": 4}, "id": "4d1fe1a4bdd7a093af12e9ce", "text": "Fried carrot cake is good! Try the 'white' one. It's better than the 'black'.", "type": "user", "user": {"gender": "female", "id": "3473878", "photo": {"prefix": "https://igx.4sqi.net/img/user/", "suffix": "/XLMUBDJRM5VQCRWZ.jpg"}, "firstName": "You", "lastName": "Rightside"}, "canonicalUrl": "https://foursquare.com/item/4d1fe1a4bdd7a093af12e9ce", "todo": {"count": 0}, "disagreeCount": 0}, {"logView": true, "lang": "en", "createdAt": 1286891606, "agreeCount": 1, "likes": {"groups": [{"items": [], "count": 10, "type": "others"}], "summary": "10 likes", "count": 10}, "id": "4cb468561168a093e15d4823", "text": "The Do&Me auntie very fierce.", "type": "user", "user": {"gender": "female", "id": "1528963", "photo": {"prefix": "https://igx.4sqi.net/img/user/", "suffix": "/3WA0VXUVOIWMMA15.jpg"}, "firstName": "Jillene", "lastName": "Tan"}, "canonicalUrl": "https://foursquare.com/item/4cb468561168a093e15d4823", "todo": {"count": 0}, "disagreeCount": 0}, {"logView": true, "lang": "en", "createdAt": 1357394202, "agreeCount": 2, "likes": {"groups": [{"items": [{"gender": "female", "id": "33083037", "photo": {"prefix": "https://igx.4sqi.net/img/user/", "suffix": "/33083037-3NFLI2TXPOYF3N4N.jpg"}, "firstName": "\u30c1\u30a7\u5229\u6075", "lastName": "Cleopatra"}, {"gender": "male", "id": "8626838", "photo": {"prefix": "https://igx.4sqi.net/img/user/", "suffix": "/8626838-OOPJACMZPXTFW211.jpg"}, "firstName": "Larry", "lastName": "Lim"}], "count": 2, "type": "others"}], "summary": "2 likes", "count": 2}, "id": "50e8311ae4b0c29c7d20276a", "text": "The fish noodle soup from the stall name \"Serangoon\" sucks !!!! Worserest ever!!", "type": "user", "user": {"gender": "male", "id": "3829361", "photo": {"prefix": "https://igx.4sqi.net/img/user/", "suffix": "/A10ABKL21KXJQMAW.jpg"}, "firstName": "Ed", "lastName": "Win"}, "canonicalUrl": "https://foursquare.com/item/50e8311ae4b0c29c7d20276a", "todo": {"count": 0}, "disagreeCount": 0}, {"logView": true, "lang": "en", "createdAt": 1295680336, "agreeCount": 1, "likes": {"groups": [{"items": [{"gender": "male", "id": "8626838", "photo": {"prefix": "https://igx.4sqi.net/img/user/", "suffix": "/8626838-OOPJACMZPXTFW211.jpg"}, "firstName": "Larry", "lastName": "Lim"}], "count": 1, "type": "others"}], "summary": "1 like", "count": 1}, "id": "4d3a83501fc36dcbfd5467f5", "text": "The chicken rice chili is awesome!", "type": "user", "user": {"gender": "male", "id": "6148288", "photo": {"prefix": "https://igx.4sqi.net/img/user/", "suffix": "/2B0VN0APYX0HDIDD.jpg"}, "firstName": "KimMy", "lastName": "Kwek"}, "canonicalUrl": "https://foursquare.com/item/4d3a83501fc36dcbfd5467f5", "todo": {"count": 0}, "disagreeCount": 0}, {"logView": true, "lang": "en", "createdAt": 1295276164, "agreeCount": 1, "likes": {"groups": [{"items": [{"gender": "male", "id": "8626838", "photo": {"prefix": "https://igx.4sqi.net/img/user/", "suffix": "/8626838-OOPJACMZPXTFW211.jpg"}, "firstName": "Larry", "lastName": "Lim"}], "count": 1, "type": "others"}], "summary": "1 like", "count": 1}, "id": "4d345884280e2c0fef0c59bc", "text": "Must try Authentic Hainanese Chicken Rice!! Roast Chicken my favourite and also the Deep Fried Tofu!", "type": "user", "user": {"gender": "male", "id": "5635705", "photo": {"prefix": "https://igx.4sqi.net/img/user/", "suffix": "/TEVLP3FKJT52RY1Y.jpg"}, "firstName": "Terry", "lastName": "Chua"}, "canonicalUrl": "https://foursquare.com/item/4d345884280e2c0fef0c59bc", "todo": {"count": 0}, "disagreeCount": 0}], "count": 16}}}