{"meta": {"code": 200, "requestId": "595a4878f594df3c0b042aba"}, "response": {"tips": {"items": [{"authorInteractionType": "disliked", "logView": true, "lang": "en", "createdAt": 1363428822, "agreeCount": 0, "likes": {"groups": [], "count": 0}, "id": "514445d6e4b0e4ce21197418", "text": "I asked for hot water but the staff said they dont have, and only distilled water at $2, I asked her how do u make tea then? She then gave me a cup -_-", "type": "user", "user": {"gender": "male", "id": "324434", "photo": {"prefix": "https://igx.4sqi.net/img/user/", "suffix": "/324434-PUMSIPIEHGR0I05E.jpg"}, "firstName": "Shaun", "lastName": "Chen"}, "canonicalUrl": "https://foursquare.com/item/514445d6e4b0e4ce21197418", "todo": {"count": 0}, "disagreeCount": 0}, {"logView": true, "lang": "en", "createdAt": 1337501915, "agreeCount": 1, "likes": {"groups": [{"items": [{"id": "16701051", "photo": {"prefix": "https://igx.4sqi.net/img/user/", "suffix": "/DDFSLHMSOVUQ2EKC.jpg"}, "firstName": "Alycia", "gender": "none"}], "count": 1, "type": "others"}], "summary": "1 like", "count": 1}, "id": "4fb8a8dbe4b0d09acd2fe300", "text": "Try the garlic focaccia, nicely toasted and very tasty.", "type": "user", "user": {"id": "14069703", "photo": {"prefix": "https://igx.4sqi.net/img/user/", "suffix": "/14069703-TYOOYII1YMRUBKZ5.jpg"}, "firstName": "Rebecca", "gender": "none"}, "canonicalUrl": "https://foursquare.com/item/4fb8a8dbe4b0d09acd2fe300", "todo": {"count": 0}, "disagreeCount": 0}, {"logView": true, "lang": "en", "createdAt": 1331108041, "agreeCount": 0, "likes": {"groups": [], "count": 0}, "id": "4f5718c9e4b0377eee9cec7f", "text": "Less crowd in the evening. A nice place to have dinner after work.", "type": "user", "user": {"gender": "male", "id": "501850", "photo": {"prefix": "https://igx.4sqi.net/img/user/", "suffix": "/0P5TGIBCCNGIFGOW.jpg"}, "firstName": "Phyoe", "lastName": "Wai"}, "canonicalUrl": "https://foursquare.com/item/4f5718c9e4b0377eee9cec7f", "todo": {"count": 0}, "disagreeCount": 0}, {"logView": true, "lang": "en", "createdAt": 1300084894, "agreeCount": 0, "likes": {"groups": [], "count": 0}, "id": "4d7db89ecd09224b8b8e3d30", "text": "The chicken tikka wrap? Is amazing.", "type": "user", "user": {"gender": "female", "id": "7567912", "photo": {"prefix": "https://igx.4sqi.net/img/user/", "suffix": "/DYUYOMWOPIJKS10F.jpg"}, "firstName": "JY", "lastName": "Yang"}, "canonicalUrl": "https://foursquare.com/item/4d7db89ecd09224b8b8e3d30", "todo": {"count": 0}, "disagreeCount": 0}, {"logView": true, "lang": "en", "createdAt": 1345208892, "agreeCount": 0, "likes": {"groups": [], "count": 0}, "id": "502e423ce4b060c1a4cce08e", "text": "Tasty Tokyo Chicken Stew at 177 cal only!", "type": "user", "user": {"id": "14069703", "photo": {"prefix": "https://igx.4sqi.net/img/user/", "suffix": "/14069703-TYOOYII1YMRUBKZ5.jpg"}, "firstName": "Rebecca", "gender": "none"}, "canonicalUrl": "https://foursquare.com/item/502e423ce4b060c1a4cce08e", "todo": {"count": 0}, "disagreeCount": 0}, {"logView": true, "lang": "en", "createdAt": 1312616863, "agreeCount": 0, "likes": {"groups": [], "count": 0}, "id": "4e3cf19f45dd68e32732e636", "text": "Service on Saturday sucks here", "type": "user", "user": {"gender": "female", "id": "4440440", "photo": {"prefix": "https://igx.4sqi.net/img/user/", "suffix": "/1V1AEL32Z3NZ41ZW.jpg"}, "firstName": "Lynn", "lastName": "Tan"}, "canonicalUrl": "https://foursquare.com/item/4e3cf19f45dd68e32732e636", "todo": {"count": 0}, "disagreeCount": 0}, {"logView": true, "lang": "en", "photo": {"id": "563ddfc4498e4b05a21bb646", "visibility": "public", "source": {"name": "Foursquare Web", "url": "https://foursquare.com"}, "suffix": "/6306884_IZ5EOJqxpvq_kesB41Ur-d20YCCRvIr9lXmARHbHdqA.jpg", "createdAt": 1446895556, "prefix": "https://igx.4sqi.net/img/general/", "width": 1600, "height": 1600}, "createdAt": 1446895539, "todo": {"count": 0}, "agreeCount": 0, "likes": {"groups": [], "count": 0}, "id": "563ddfb3cd10d692513231d1", "text": "Liquid food: delicious & nutritious wholesome soup. Its compliment multi-grain bun is pretty soft too. Didn't appreciate the importance of such soup meal eateries until the 1st day after tooth implant", "disagreeCount": 0, "user": {"gender": "female", "id": "6306884", "photo": {"prefix": "https://igx.4sqi.net/img/user/", "suffix": "/6306884-L21LWV3MMZFIVU5F"}, "firstName": "Jess", "lastName": "Thia"}, "canonicalUrl": "https://foursquare.com/item/563ddfb3cd10d692513231d1", "type": "user", "photourl": "https://igx.4sqi.net/img/general/original/6306884_IZ5EOJqxpvq_kesB41Ur-d20YCCRvIr9lXmARHbHdqA.jpg"}, {"logView": true, "lang": "en", "createdAt": 1278393013, "agreeCount": 0, "likes": {"groups": [], "count": 0}, "id": "4c32bab57cc0c9b602cdf09a", "text": "I like coming here for the soup set meals. Not experimental with flavours so the mushroom soup has got to be the best out of the rest!", "type": "user", "user": {"gender": "female", "id": "1918603", "photo": {"prefix": "https://igx.4sqi.net/img/user/", "suffix": "/HWTJLYGBMKG50BSM.jpg"}, "firstName": "Barffie", "lastName": "Meowzilla"}, "canonicalUrl": "https://foursquare.com/item/4c32bab57cc0c9b602cdf09a", "todo": {"count": 0}, "disagreeCount": 0}, {"authorInteractionType": "liked", "logView": true, "lang": "en", "createdAt": 1375685626, "agreeCount": 1, "likes": {"groups": [{"items": [{"gender": "male", "id": "53127744", "photo": {"prefix": "https://igx.4sqi.net/img/user/", "suffix": "/53127744-0ZXXGLGV4BH3NRJM.jpg"}, "firstName": "Pascal", "lastName": "Pixel"}], "count": 1, "type": "others"}], "summary": "1 like", "count": 1}, "id": "51ff4bfa498e240fa92e8a1f", "text": "The lamb meatball soup + teriyaki sandwich are my favourites!", "type": "user", "user": {"gender": "female", "id": "3212820", "photo": {"prefix": "https://igx.4sqi.net/img/user/", "suffix": "/3212820-4EVWKKRLV2GOVJO1.jpg"}, "firstName": "Jenny", "lastName": "S"}, "canonicalUrl": "https://foursquare.com/item/51ff4bfa498e240fa92e8a1f", "todo": {"count": 0}, "disagreeCount": 0}, {"authorInteractionType": "disliked", "logView": true, "lang": "en", "createdAt": 1385100447, "agreeCount": 0, "likes": {"groups": [], "count": 0}, "id": "528ef49f498e55fd2438d4f8", "text": "Soup spoon standard has dropped. Not yummy anymore.", "type": "user", "user": {"id": "55390456", "photo": {"prefix": "https://igx.4sqi.net/img/user/", "suffix": "/55390456_xjGWfjYZ_UAMBNliBjCxql6WleMj7JVZzY9y3t2_6WtR-3ecn7WlfLcMpWqn7tIYj_11T_fb-.jpg"}, "firstName": "Ting", "gender": "female"}, "canonicalUrl": "https://foursquare.com/item/528ef49f498e55fd2438d4f8", "todo": {"count": 0}, "disagreeCount": 0}, {"logView": true, "lang": "en", "createdAt": 1346476876, "agreeCount": 0, "likes": {"groups": [], "count": 0}, "id": "50419b4ce4b01c1809522735", "text": "Tangy sauce for Asian Tofu salad, tasty and filling, even for half a portion.", "type": "user", "user": {"id": "14069703", "photo": {"prefix": "https://igx.4sqi.net/img/user/", "suffix": "/14069703-TYOOYII1YMRUBKZ5.jpg"}, "firstName": "Rebecca", "gender": "none"}, "canonicalUrl": "https://foursquare.com/item/50419b4ce4b01c1809522735", "todo": {"count": 0}, "disagreeCount": 0}, {"logView": true, "lang": "en", "createdAt": 1334857867, "agreeCount": 1, "likes": {"groups": [{"items": [{"gender": "male", "id": "25723392", "photo": {"prefix": "https://igx.4sqi.net/img/user/", "suffix": "/MLCYRWUPZILG5DHX.gif"}, "firstName": "Bj\u00f6rn", "lastName": "G"}], "count": 1, "type": "others"}], "summary": "1 like", "count": 1}, "id": "4f90508be4b07a23fe947edc", "text": "Honestly I love their Tokyo soup the most. I guess it's like a whole pot of goodness. Mushroom was alright but each to their own!", "type": "user", "user": {"gender": "female", "id": "21413119", "photo": {"prefix": "https://igx.4sqi.net/img/user/", "suffix": "/1BXR44UUAMTK0DD5.jpg"}, "firstName": "Valarie", "lastName": "Lee"}, "canonicalUrl": "https://foursquare.com/item/4f90508be4b07a23fe947edc", "todo": {"count": 0}, "disagreeCount": 0}, {"logView": true, "lang": "en", "createdAt": 1341738429, "agreeCount": 0, "likes": {"groups": [], "count": 0}, "id": "4ff94dbde4b09751a86a2f85", "text": "Roasted eggplant with pumpkin... Tasty although I don't know the difference between this and the usual pumpkin...", "type": "user", "user": {"id": "14069703", "photo": {"prefix": "https://igx.4sqi.net/img/user/", "suffix": "/14069703-TYOOYII1YMRUBKZ5.jpg"}, "firstName": "Rebecca", "gender": "none"}, "canonicalUrl": "https://foursquare.com/item/4ff94dbde4b09751a86a2f85", "todo": {"count": 0}, "disagreeCount": 0}, {"authorInteractionType": "liked", "logView": true, "lang": "en", "createdAt": 1486985643, "agreeCount": 0, "likes": {"groups": [], "count": 0}, "id": "58a199abe6160c1b2218d4df", "text": "One of the only places to get decent soup! Vegan options as well. the menu is worth the couple extra dollars. Pumpkin soup is recommended, so good!", "type": "user", "user": {"gender": "male", "id": "96466169", "photo": {"prefix": "https://igx.4sqi.net/img/user/", "suffix": "/96466169-J0KIKKKIBSUFC3O0.jpg"}, "firstName": "Kasper", "lastName": "Nurmi"}, "canonicalUrl": "https://foursquare.com/item/58a199abe6160c1b2218d4df", "todo": {"count": 0}, "disagreeCount": 0}, {"logView": true, "lang": "en", "createdAt": 1322288515, "agreeCount": 0, "likes": {"groups": [], "count": 0}, "id": "4ed08583cc219860f79b51b3", "text": "The pie pot is too messy to eat!", "type": "user", "user": {"id": "14069703", "photo": {"prefix": "https://igx.4sqi.net/img/user/", "suffix": "/14069703-TYOOYII1YMRUBKZ5.jpg"}, "firstName": "Rebecca", "gender": "none"}, "canonicalUrl": "https://foursquare.com/item/4ed08583cc219860f79b51b3", "todo": {"count": 0}, "disagreeCount": 0}, {"logView": true, "lang": "en", "photo": {"id": "563ddff7498e4b05a21bb987", "visibility": "public", "source": {"name": "Foursquare Web", "url": "https://foursquare.com"}, "suffix": "/6306884_zk08za652DcY_GGXdX2ftTtsiKa3wocxNao8--XET8E.jpg", "createdAt": 1446895607, "prefix": "https://igx.4sqi.net/img/general/", "width": 1600, "height": 1600}, "createdAt": 1446895590, "todo": {"count": 0}, "agreeCount": 0, "likes": {"groups": [], "count": 0}, "id": "563ddfe6cd100461e315f10b", "text": "Liquid Food: Roasted Pumpkin with Green Apple and various other vegs blendered soup. Nice that they have this chilled vacuum-packed ones for people to buy home to heat it up when required.", "disagreeCount": 0, "user": {"gender": "female", "id": "6306884", "photo": {"prefix": "https://igx.4sqi.net/img/user/", "suffix": "/6306884-L21LWV3MMZFIVU5F"}, "firstName": "Jess", "lastName": "Thia"}, "canonicalUrl": "https://foursquare.com/item/563ddfe6cd100461e315f10b", "type": "user", "photourl": "https://igx.4sqi.net/img/general/original/6306884_zk08za652DcY_GGXdX2ftTtsiKa3wocxNao8--XET8E.jpg"}], "count": 16}}}