{"meta": {"code": 200, "requestId": "595a56231ed2191a00d2f8f3"}, "response": {"tips": {"items": [{"logView": true, "lang": "en", "createdAt": 1280932659, "agreeCount": 1, "likes": {"groups": [{"items": [{"gender": "female", "id": "8661523", "photo": {"prefix": "https://igx.4sqi.net/img/user/", "suffix": "/8661523-INK3LRU3ZRWEXM12.jpg"}, "firstName": "Lee", "lastName": "Casia"}], "count": 3, "type": "others"}], "summary": "3 likes", "count": 3}, "id": "4c597b337b049521b5e8881f", "text": "prawn n dumpling!!!hell yess", "type": "user", "user": {"gender": "male", "id": "1673469", "photo": {"prefix": "https://igx.4sqi.net/img/user/", "suffix": "/BTQVKXFVW5C0BQ43.jpg"}, "firstName": "Rafael", "lastName": "Hendra \u82f1\u4fca"}, "canonicalUrl": "https://foursquare.com/item/4c597b337b049521b5e8881f", "todo": {"count": 0}, "disagreeCount": 0}, {"authorInteractionType": "liked", "logView": true, "lang": "en", "photo": {"id": "54fde3d6498efd7bffbf5266", "visibility": "public", "source": {"name": "Foursquare for iOS", "url": "https://foursquare.com/download/#/iphone"}, "suffix": "/95274489_Zcb8PTvb6LluKFuLFv5VuVur4zSWktewhu6GvgxoKYY.jpg", "createdAt": 1425925078, "prefix": "https://igx.4sqi.net/img/general/", "width": 1440, "height": 1440}, "createdAt": 1425925076, "todo": {"count": 0}, "agreeCount": 0, "likes": {"groups": [], "count": 0}, "id": "54fde3d4498ef3855867805c", "text": "Truffle xiao long bao is amazing. The xiao long bao in general is why everyone comes here. Other dumplings and dishes are good too but that is where they really shine. Xiao long bao. Do it.", "disagreeCount": 0, "user": {"gender": "male", "id": "95274489", "photo": {"prefix": "https://igx.4sqi.net/img/user/", "suffix": "/95274489-D3DUPQE4WYXC300E.jpg"}, "firstName": "Raffy", "lastName": "Tesoro"}, "canonicalUrl": "https://foursquare.com/item/54fde3d4498ef3855867805c", "type": "user", "photourl": "https://igx.4sqi.net/img/general/original/95274489_Zcb8PTvb6LluKFuLFv5VuVur4zSWktewhu6GvgxoKYY.jpg"}, {"logView": true, "lang": "en", "createdAt": 1335591031, "agreeCount": 0, "likes": {"groups": [], "count": 0}, "id": "4f9b8077e4b0ad385529ac9f", "text": "The menu here is not as extensive as the branch in Paragon.", "type": "user", "user": {"gender": "male", "id": "2636736", "photo": {"prefix": "https://igx.4sqi.net/img/user/", "suffix": "/0ECYLXWRROS0I3Z4.jpg"}, "firstName": "Ton-ton", "lastName": "Yulo"}, "canonicalUrl": "https://foursquare.com/item/4f9b8077e4b0ad385529ac9f", "todo": {"count": 0}, "disagreeCount": 0}, {"authorInteractionType": "liked", "logView": true, "lang": "en", "createdAt": 1440075801, "agreeCount": 0, "likes": {"groups": [], "count": 0}, "id": "55d5d019498e7cace6053840", "text": "The chili crab dumplings are amazing.", "type": "user", "user": {"gender": "female", "id": "36196677", "photo": {"prefix": "https://igx.4sqi.net/img/user/", "suffix": "/36196677_Zhf9GTkV_1lO3BMDQr5rlCzWP8GLBlhEbBEc_mwS_nbHqy-hJgzE1emuFPBuo23I7YJeoaUPI.jpg"}, "firstName": "Tanya", "lastName": "A"}, "canonicalUrl": "https://foursquare.com/item/55d5d019498e7cace6053840", "todo": {"count": 0}, "disagreeCount": 0}, {"authorInteractionType": "disliked", "logView": true, "lang": "en", "createdAt": 1399699735, "agreeCount": 0, "likes": {"groups": [], "count": 0}, "id": "536db917498ee964c7962cb7", "text": "For those who've visited in Hong Kong or Shanghai - this franchise is less exciting with slight different menu", "type": "user", "user": {"gender": "male", "id": "56017164", "photo": {"prefix": "https://igx.4sqi.net/img/user/", "suffix": "/IDQIKM2LIZKI2KSK.jpg"}, "firstName": "Mark", "lastName": "Kilian"}, "canonicalUrl": "https://foursquare.com/item/536db917498ee964c7962cb7", "todo": {"count": 1}, "disagreeCount": 0}, {"logView": true, "lang": "en", "photo": {"id": "53452ff6498efaf9ac214ad9", "visibility": "public", "source": {"name": "Foursquare for iOS", "url": "https://foursquare.com/download/#/iphone"}, "suffix": "/58774648_X6ridCq4ccfdHIOhlVxaHxLEXuGao3AyGxILn8Pv8q8.jpg", "createdAt": 1397043190, "prefix": "https://igx.4sqi.net/img/general/", "width": 720, "height": 960}, "createdAt": 1397043187, "todo": {"count": 0}, "agreeCount": 0, "likes": {"groups": [], "count": 0}, "id": "53452ff311d22c65ce681e10", "text": "Xiao long bao! The best!:))", "disagreeCount": 0, "user": {"gender": "none", "id": "58774648", "photo": {"prefix": "https://igx.4sqi.net/img/user/", "suffix": "/3UB5JZK4XTXTD1H5.jpg"}, "firstName": "Jona", "lastName": "Santos"}, "canonicalUrl": "https://foursquare.com/item/53452ff311d22c65ce681e10", "type": "user", "photourl": "https://igx.4sqi.net/img/general/original/58774648_X6ridCq4ccfdHIOhlVxaHxLEXuGao3AyGxILn8Pv8q8.jpg"}, {"logView": true, "lang": "en", "createdAt": 1263968590, "agreeCount": 0, "likes": {"groups": [], "count": 0}, "id": "4b56a14e70c603bb311e90b4", "text": "Finest xiaolong bao!", "type": "user", "user": {"gender": "male", "id": "250790", "photo": {"prefix": "https://igx.4sqi.net/img/user/", "suffix": "/CQHIXRBBLFBZXTXC.jpg"}, "firstName": "Nicholas", "lastName": "Cho"}, "canonicalUrl": "https://foursquare.com/item/4b56a14e70c603bb311e90b4", "todo": {"count": 1}, "disagreeCount": 0}, {"logView": true, "lang": "en", "createdAt": 1296300342, "agreeCount": 0, "likes": {"groups": [], "count": 0}, "id": "4d43f9362e326ea85c28dfa6", "text": "Crazy Q@@", "type": "user", "user": {"gender": "male", "id": "5435799", "photo": {"prefix": "https://igx.4sqi.net/img/user/", "suffix": "/CGAH0NOQ0HYXTZJR.jpg"}, "firstName": "chen", "lastName": "Chee Loon"}, "canonicalUrl": "https://foursquare.com/item/4d43f9362e326ea85c28dfa6", "todo": {"count": 0}, "disagreeCount": 0}, {"authorInteractionType": "liked", "logView": true, "lang": "en", "createdAt": 1365570205, "agreeCount": 1, "likes": {"groups": [{"items": [{"gender": "male", "id": "182282", "photo": {"prefix": "https://igx.4sqi.net/img/user/", "suffix": "/2ZW4KVLAN2M0QCJO.png"}, "firstName": "Anil", "lastName": "De Mello"}], "count": 1, "type": "others"}], "summary": "1 like", "count": 1}, "id": "5164f29de4b04adac87cec3f", "text": "The dumplings are amazing! Also recommend the coconut and peanut rice balls and the yam dumplings", "type": "user", "user": {"gender": "female", "id": "52939601", "photo": {"prefix": "https://igx.4sqi.net/img/user/", "suffix": "/WMNAG4FG0I5XTACO.jpg"}, "firstName": "Sonia", "lastName": "De Mello"}, "canonicalUrl": "https://foursquare.com/item/5164f29de4b04adac87cec3f", "todo": {"count": 0}, "disagreeCount": 0}, {"logView": true, "lang": "en", "createdAt": 1379468213, "agreeCount": 1, "likes": {"groups": [{"items": [{"id": "1611606", "photo": {"prefix": "https://igx.4sqi.net/img/user/", "suffix": "/LOGW3KCBLHTTFDGL.gif"}, "firstName": "kiptrip", "gender": "female"}], "count": 1, "type": "others"}], "summary": "1 like", "count": 1}, "id": "523903b511d262a080544ccd", "text": "Love it! And my group of visiting Swedes loved it as well. Their verdict was \" the best food experience in Singapore so far\"", "type": "user", "user": {"gender": "male", "id": "3779408", "photo": {"prefix": "https://igx.4sqi.net/img/user/", "suffix": "/DAVJ5IKEDMO5QCOF.jpg"}, "firstName": "John", "lastName": "Brekke"}, "canonicalUrl": "https://foursquare.com/item/523903b511d262a080544ccd", "todo": {"count": 0}, "disagreeCount": 0}, {"logView": true, "lang": "en", "createdAt": 1269760117, "agreeCount": 0, "likes": {"groups": [], "count": 0}, "id": "4baf007570c603bb86f395b4", "text": "Must-haves: Crab & pork dumpling and minced red bean dumpling for dessert.", "type": "user", "user": {"gender": "female", "id": "232016", "photo": {"prefix": "https://igx.4sqi.net/img/user/", "suffix": "/AHZNA4HQ2NIQZLI5.jpg"}, "firstName": "Audrey", "lastName": "Tang"}, "canonicalUrl": "https://foursquare.com/item/4baf007570c603bb86f395b4", "todo": {"count": 1}, "disagreeCount": 0}, {"authorInteractionType": "liked", "logView": true, "lang": "en", "photo": {"id": "52c5659f498e29012afe71dd", "visibility": "public", "source": {"name": "Foursquare for iOS", "url": "https://foursquare.com/download/#/iphone"}, "suffix": "/28060426_4BkKtzLfVS31LCNXhulgIAaaI6HlDMB-xyD_MytTfyQ.jpg", "createdAt": 1388668319, "prefix": "https://igx.4sqi.net/img/general/", "width": 720, "height": 960}, "createdAt": 1388668317, "todo": {"count": 0}, "agreeCount": 0, "likes": {"groups": [], "count": 0}, "id": "52c5659d498ee86ad5065833", "text": "Best Dumplings ever. And the food overall is a joy !", "disagreeCount": 0, "user": {"gender": "male", "id": "28060426", "photo": {"prefix": "https://igx.4sqi.net/img/user/", "suffix": "/28060426-5VYPM1A5UBHMRYX3.jpg"}, "firstName": "Akshay", "lastName": "Kumar"}, "canonicalUrl": "https://foursquare.com/item/52c5659d498ee86ad5065833", "type": "user", "photourl": "https://igx.4sqi.net/img/general/original/28060426_4BkKtzLfVS31LCNXhulgIAaaI6HlDMB-xyD_MytTfyQ.jpg"}, {"logView": true, "lang": "en", "createdAt": 1325936108, "agreeCount": 0, "likes": {"groups": [], "count": 0}, "id": "4f082dece4b08f52486f1c56", "text": "Really nice food", "type": "user", "user": {"gender": "male", "id": "17229601", "photo": {"prefix": "https://igx.4sqi.net/img/user/", "suffix": "/VZLCL30Q2GQ4HTCR.jpg"}, "firstName": "Yuan", "lastName": "Simon"}, "canonicalUrl": "https://foursquare.com/item/4f082dece4b08f52486f1c56", "todo": {"count": 0}, "disagreeCount": 0}, {"logView": true, "lang": "en", "createdAt": 1351764643, "agreeCount": 0, "likes": {"groups": [], "count": 0}, "id": "50924aa3e4b067004bf449f8", "text": "The minced pork & crab meat dumpling is good.", "type": "user", "user": {"gender": "male", "id": "22078259", "photo": {"prefix": "https://igx.4sqi.net/img/user/", "suffix": "/22078259-O0HKLVTMKT30AUBR.jpg"}, "firstName": "Daniel", "lastName": "Hendry"}, "canonicalUrl": "https://foursquare.com/item/50924aa3e4b067004bf449f8", "todo": {"count": 0}, "disagreeCount": 0}, {"authorInteractionType": "liked", "logView": true, "lang": "en", "createdAt": 1328986535, "agreeCount": 0, "likes": {"groups": [], "count": 0}, "id": "4f36b9a7e4b0948a814df3c3", "text": "Food standard's way better @ Paragon outlet. \u9178\u8fa3\u6e6f is usually diluted and \u5c0f\u83dc too oily @wisma atria & raffles city outlets.", "type": "user", "user": {"id": "3142261", "photo": {"prefix": "https://igx.4sqi.net/img/user/", "suffix": "/AM51DNQP1ED5JZNS.jpg"}, "firstName": "grannypurse", "gender": "female"}, "canonicalUrl": "https://foursquare.com/item/4f36b9a7e4b0948a814df3c3", "todo": {"count": 0}, "disagreeCount": 0}, {"authorInteractionType": "disliked", "logView": true, "lang": "en", "createdAt": 1399700972, "agreeCount": 0, "likes": {"groups": [], "count": 0}, "id": "536dbdec498ee964c796c9c1", "text": "Not good.  Lousy.", "type": "user", "user": {"gender": "none", "id": "83484718", "photo": {"prefix": "https://igx.4sqi.net/img/user/", "default": true, "suffix": "/blank_boy.png"}, "firstName": "Rajiv", "lastName": "VIETNAM"}, "canonicalUrl": "https://foursquare.com/item/536dbdec498ee964c796c9c1", "todo": {"count": 0}, "disagreeCount": 0}, {"authorInteractionType": "liked", "logView": true, "lang": "en", "photo": {"id": "592104615d891b595ce783cd", "visibility": "public", "source": {"name": "Swarm for iOS", "url": "https://www.swarmapp.com"}, "suffix": "/55390456_wX3zcleT3NGCVRPvZhaT-5sRdVWKbEhN1hhUEuanl_Q.jpg", "createdAt": 1495336033, "prefix": "https://igx.4sqi.net/img/general/", "width": 1440, "height": 1920}, "createdAt": 1495336135, "todo": {"count": 0}, "agreeCount": 0, "likes": {"groups": [], "count": 0}, "id": "592104c7e7a23735d8b72536", "text": "This outlet has a nice view of orchard road. Standards also consistent. Other than their famous XLB dumplings, try their sesame buns. Fragrant and not sweet.", "disagreeCount": 0, "user": {"id": "55390456", "photo": {"prefix": "https://igx.4sqi.net/img/user/", "suffix": "/55390456_xjGWfjYZ_UAMBNliBjCxql6WleMj7JVZzY9y3t2_6WtR-3ecn7WlfLcMpWqn7tIYj_11T_fb-.jpg"}, "firstName": "Ting", "gender": "female"}, "canonicalUrl": "https://foursquare.com/item/592104c7e7a23735d8b72536", "type": "user", "photourl": "https://igx.4sqi.net/img/general/original/55390456_wX3zcleT3NGCVRPvZhaT-5sRdVWKbEhN1hhUEuanl_Q.jpg"}, {"logView": true, "lang": "en", "createdAt": 1368193323, "agreeCount": 0, "likes": {"groups": [], "count": 0}, "id": "518cf92b498e90064aa23898", "text": "Best xiao long bao ever!", "type": "user", "user": {"gender": "male", "id": "19096595", "photo": {"prefix": "https://igx.4sqi.net/img/user/", "suffix": "/19096595-PJULIMGTERL2MUN1.jpg"}, "firstName": "Don", "lastName": "UyCana"}, "canonicalUrl": "https://foursquare.com/item/518cf92b498e90064aa23898", "todo": {"count": 0}, "disagreeCount": 0}, {"logView": true, "lang": "en", "createdAt": 1329640687, "agreeCount": 0, "likes": {"groups": [], "count": 0}, "id": "4f40b4efe4b0f960362e49f4", "text": "has the best xiao long bao ever!!", "type": "user", "user": {"gender": "female", "id": "1128473", "photo": {"prefix": "https://igx.4sqi.net/img/user/", "suffix": "/1128473-YHNAPDPMJQ4R1NRY.jpg"}, "firstName": "Apriliani", "lastName": "Thio"}, "canonicalUrl": "https://foursquare.com/item/4f40b4efe4b0f960362e49f4", "todo": {"count": 0}, "disagreeCount": 0}, {"logView": true, "lang": "en", "createdAt": 1288092589, "agreeCount": 0, "likes": {"groups": [], "count": 0}, "id": "4cc6bbad82388cfac2877d35", "text": "cooling red dates and longan drink is a must try apart from their signature xiao long bao(:", "type": "user", "user": {"gender": "female", "id": "3804993", "photo": {"prefix": "https://igx.4sqi.net/img/user/", "suffix": "/OY4UQQY0XGCXBMFB.jpg"}, "firstName": "claudia", "lastName": "koh"}, "canonicalUrl": "https://foursquare.com/item/4cc6bbad82388cfac2877d35", "todo": {"count": 1}, "disagreeCount": 0}, {"logView": true, "lang": "ru", "createdAt": 1359008537, "agreeCount": 1, "likes": {"groups": [{"items": [{"gender": "male", "id": "15644313", "photo": {"prefix": "https://igx.4sqi.net/img/user/", "suffix": "/QHUBSHJE2KP0FAXP.jpg"}, "firstName": "Sergei", "lastName": "Li"}], "count": 1, "type": "others"}], "summary": "1 like", "count": 1}, "id": "5100d319e4b0c4c51f9cb826", "text": "\u041f\u0435\u043b\u044c\u043c\u0435\u0448\u043a\u0438 \u0431\u0435\u0437 \u0441\u043f\u0435\u0448\u043a\u0438 )))", "type": "user", "user": {"id": "29790253", "photo": {"prefix": "https://igx.4sqi.net/img/user/", "suffix": "/29790253-VTWCALGBZ3SANGMV.jpg"}, "firstName": "Oleg", "gender": "male"}, "canonicalUrl": "https://foursquare.com/item/5100d319e4b0c4c51f9cb826", "todo": {"count": 0}, "disagreeCount": 0}, {"logView": true, "lang": "en", "createdAt": 1330746260, "agreeCount": 0, "likes": {"groups": [], "count": 0}, "id": "4f519394e4b0d9ab7988c0c4", "text": "Dumpling order original flavor best.", "type": "user", "user": {"gender": "male", "id": "826293", "photo": {"prefix": "https://igx.4sqi.net/img/user/", "suffix": "/GTSWBVILX0DF1CCN.jpg"}, "firstName": "Nicky", "lastName": "Wong"}, "canonicalUrl": "https://foursquare.com/item/4f519394e4b0d9ab7988c0c4", "todo": {"count": 0}, "disagreeCount": 0}, {"logView": true, "lang": "en", "createdAt": 1370078821, "agreeCount": 0, "likes": {"groups": [], "count": 0}, "id": "51a9be65498ec7046c942c2c", "text": "Service sux ttm!!! Wont come here ever again!! Told the staff 3person she bought me to table for 2.. I say I didnt tell her 3!!! Wth!! I think she can't count! Or my friend is invisible!", "type": "user", "user": {"id": "3437502", "photo": {"prefix": "https://igx.4sqi.net/img/user/", "suffix": "/WOCBK3RNXM5CGXVS.jpg"}, "firstName": "YiLinn", "gender": "female"}, "canonicalUrl": "https://foursquare.com/item/51a9be65498ec7046c942c2c", "todo": {"count": 0}, "disagreeCount": 0}, {"logView": true, "lang": "en", "createdAt": 1362447609, "agreeCount": 0, "likes": {"groups": [], "count": 0}, "id": "51354cf9e4b0afede78b5e70", "text": "Be sure to try their famous pork siao long bao \u8c5a\u8089\u306e\u5c0f\u9f8d\u5305! They have other varieties too like chicken and mixed.", "type": "user", "user": {"id": "47526458", "photo": {"prefix": "https://igx.4sqi.net/img/user/", "suffix": "/550VCATVNLSX3LMT.jpg"}, "firstName": "TheEagerTraveller.com", "gender": "female"}, "canonicalUrl": "https://foursquare.com/item/51354cf9e4b0afede78b5e70", "todo": {"count": 0}, "disagreeCount": 0}, {"logView": true, "lang": "en", "createdAt": 1387724098, "agreeCount": 0, "likes": {"groups": [], "count": 0}, "id": "52b6fd4211d2814c227b9b87", "text": "The shrimp noodles and Xiao long baos are a must try!", "type": "user", "user": {"gender": "male", "id": "41398070", "photo": {"prefix": "https://igx.4sqi.net/img/user/", "suffix": "/PLM3IEL1YNSYNYBH.jpg"}, "firstName": "Malcolm", "lastName": "Lee"}, "canonicalUrl": "https://foursquare.com/item/52b6fd4211d2814c227b9b87", "todo": {"count": 0}, "disagreeCount": 0}, {"logView": true, "lang": "en", "createdAt": 1324995609, "agreeCount": 0, "likes": {"groups": [], "count": 0}, "id": "4ef9d41930f894d86a7ce932", "text": "Dumplings are not as good as the DTFs in China; broth is not salty & flavorful enough", "type": "user", "user": {"gender": "male", "id": "3972163", "photo": {"prefix": "https://igx.4sqi.net/img/user/", "suffix": "/K25L0REPBALWEJJV.jpg"}, "firstName": "Paul", "lastName": "Ark"}, "canonicalUrl": "https://foursquare.com/item/4ef9d41930f894d86a7ce932", "todo": {"count": 0}, "disagreeCount": 0}, {"authorInteractionType": "liked", "logView": true, "lang": "en", "createdAt": 1487522017, "agreeCount": 0, "likes": {"groups": [], "count": 0}, "id": "58a9c8e19435a94bbbd2e908", "text": "Loved the pork and prawn har gau and the lava custard dumpling is a must", "type": "user", "user": {"gender": "none", "id": "138040327", "photo": {"prefix": "https://igx.4sqi.net/img/user/", "suffix": "/138040327_ORTzckUw_bLLF3ojhSzATCapnK3vnO3nRnF3I7AyjyVldDz6j38nfVjjtYcayXyKROu1OoSUF.jpg"}, "firstName": "Alex", "lastName": "G"}, "canonicalUrl": "https://foursquare.com/item/58a9c8e19435a94bbbd2e908", "todo": {"count": 0}, "disagreeCount": 0}, {"logView": true, "lang": "en", "createdAt": 1297748770, "agreeCount": 0, "likes": {"groups": [], "count": 0}, "id": "4d5a1322296d548198d55fb1", "text": "Mediocre", "type": "user", "user": {"gender": "male", "id": "6766780", "photo": {"prefix": "https://igx.4sqi.net/img/user/", "suffix": "/U5RBDK5TSV42BLHT.jpg"}, "firstName": "Joal", "lastName": "Ong"}, "canonicalUrl": "https://foursquare.com/item/4d5a1322296d548198d55fb1", "todo": {"count": 0}, "disagreeCount": 0}, {"logView": true, "lang": "en", "createdAt": 1378532001, "agreeCount": 0, "likes": {"groups": [], "count": 0}, "id": "522abaa1498e950b38325dc5", "text": "The quality of the food here is not as good as the Paragon branch, which is Michelin-starred.", "type": "user", "user": {"gender": "female", "id": "7860893", "photo": {"prefix": "https://igx.4sqi.net/img/user/", "suffix": "/7860893-05QG1FDADFR5HXE2.jpg"}, "firstName": "Anna", "lastName": "Ragen"}, "canonicalUrl": "https://foursquare.com/item/522abaa1498e950b38325dc5", "todo": {"count": 0}, "disagreeCount": 0}, {"authorInteractionType": "liked", "logView": true, "lang": "ja", "createdAt": 1416199390, "agreeCount": 0, "likes": {"groups": [], "count": 0}, "id": "54697cde498ee2db5204f416", "text": "\u4e0a\u6d77\u306e\u65b9\u306f\u5b89\u3044\u304c\u4ed5\u65b9\u306a\u3044", "type": "user", "user": {"id": "54782207", "photo": {"prefix": "https://igx.4sqi.net/img/user/", "suffix": "/DZIHD2WVQMKPVI2H.jpg"}, "firstName": "@k1h", "gender": "male"}, "canonicalUrl": "https://foursquare.com/item/54697cde498ee2db5204f416", "todo": {"count": 0}, "disagreeCount": 0}, {"logView": true, "lang": "en", "createdAt": 1299677230, "agreeCount": 0, "likes": {"groups": [], "count": 0}, "id": "4d77802e9ee9a35d6866b3f8", "text": "Xio-long-pao is very cool", "type": "user", "user": {"id": "7517808", "photo": {"prefix": "https://igx.4sqi.net/img/user/", "suffix": "/ZI4MTYNBELCYHJIN.jpg"}, "firstName": "Tom Bhudit", "gender": "male"}, "canonicalUrl": "https://foursquare.com/item/4d77802e9ee9a35d6866b3f8", "todo": {"count": 0}, "disagreeCount": 0}, {"logView": true, "lang": "zh", "createdAt": 1289792918, "agreeCount": 0, "likes": {"groups": [{"items": [], "count": 5, "type": "others"}], "summary": "5 likes", "count": 5}, "id": "4ce0ad967e2e236a409f8c1b", "text": "\u5c0f\u9f99\u5305 FTW!! \ue00e\ue409", "type": "user", "user": {"gender": "female", "id": "4148352", "photo": {"prefix": "https://igx.4sqi.net/img/user/", "suffix": "/PMCOFDA0DJ2TASFF.jpg"}, "firstName": "Claire", "lastName": "Leaw"}, "canonicalUrl": "https://foursquare.com/item/4ce0ad967e2e236a409f8c1b", "todo": {"count": 0}, "disagreeCount": 0}, {"logView": true, "lang": "ro", "createdAt": 1408635533, "agreeCount": 0, "likes": {"groups": [], "count": 0}, "id": "53f6128d498e4c28b5edab18", "text": "Din, din. #edukare #apothekar", "type": "user", "user": {"gender": "female", "id": "539857", "photo": {"prefix": "https://igx.4sqi.net/img/user/", "suffix": "/FY5QYBDSBICVI25Y.jpg"}, "firstName": "Kristin", "lastName": "MdashO"}, "canonicalUrl": "https://foursquare.com/item/53f6128d498e4c28b5edab18", "todo": {"count": 0}, "disagreeCount": 0}, {"logView": true, "lang": "en", "createdAt": 1419271223, "agreeCount": 0, "likes": {"groups": [], "count": 0}, "id": "54985c37498e3219de17a8e5", "text": "Fried rice hehehehe", "type": "user", "user": {"gender": "female", "id": "11231968", "photo": {"prefix": "https://igx.4sqi.net/img/user/", "suffix": "/11231968-RTEBL1F015S1UMZF.jpg"}, "firstName": "Minnhwei", "lastName": "Chew"}, "canonicalUrl": "https://foursquare.com/item/54985c37498e3219de17a8e5", "todo": {"count": 0}, "disagreeCount": 0}, {"logView": true, "lang": "en", "createdAt": 1463802659, "agreeCount": 0, "likes": {"groups": [], "count": 0}, "id": "573fdb23498e14b1a8b8ab9c", "text": "Never hold back on the fried rice with pork chop! It's great!", "type": "user", "user": {"gender": "male", "id": "12445273", "photo": {"prefix": "https://igx.4sqi.net/img/user/", "suffix": "/VN1LI04JNN54ME0Y.png"}, "firstName": "George", "lastName": "Joseph"}, "canonicalUrl": "https://foursquare.com/item/573fdb23498e14b1a8b8ab9c", "todo": {"count": 0}, "disagreeCount": 0}, {"logView": true, "lang": "en", "createdAt": 1348811149, "agreeCount": 0, "likes": {"groups": [], "count": 0}, "id": "5065398de4b0175f2f48be47", "text": "Less queue than the one at the Paragon", "type": "user", "user": {"gender": "female", "id": "13145577", "photo": {"prefix": "https://igx.4sqi.net/img/user/", "suffix": "/ENG35UV3WQTHLAD2.jpg"}, "firstName": "Alexandra", "lastName": "R."}, "canonicalUrl": "https://foursquare.com/item/5065398de4b0175f2f48be47", "todo": {"count": 0}, "disagreeCount": 0}, {"authorInteractionType": "liked", "logView": true, "lang": "en", "createdAt": 1416600501, "agreeCount": 0, "likes": {"groups": [], "count": 0}, "id": "546f9bb5498e4d2ca7bb8c95", "text": "dumplings dumplings and some more dumplings please ;) yum yum", "type": "user", "user": {"gender": "female", "id": "101347231", "photo": {"prefix": "https://igx.4sqi.net/img/user/", "suffix": "/101347231-SRDMHIJ4VGW2P4I0.jpg"}, "firstName": "Lina", "lastName": "A."}, "canonicalUrl": "https://foursquare.com/item/546f9bb5498e4d2ca7bb8c95", "todo": {"count": 0}, "disagreeCount": 0}, {"logView": true, "lang": "en", "photo": {"id": "52b52046498e0e64d7716508", "visibility": "public", "source": {"name": "Foursquare for iOS", "url": "https://foursquare.com/download/#/iphone"}, "suffix": "/25141637_-VEpBdbn0kQ3VimpHfE6Z2plCusBZloxANaXvzE8RGk.jpg", "createdAt": 1387601990, "prefix": "https://igx.4sqi.net/img/general/", "width": 960, "height": 720}, "createdAt": 1387601979, "todo": {"count": 0}, "agreeCount": 0, "likes": {"groups": [], "count": 0}, "id": "52b5203b11d202785d7a4e91", "text": "Truffle XLB n original XLB! Nomnom", "disagreeCount": 0, "user": {"gender": "female", "id": "25141637", "photo": {"prefix": "https://igx.4sqi.net/img/user/", "suffix": "/25141637_1cvk7mIe_pDv1oWXrAKNa93TD5FZFIstbHBeFchnRKSFwaWCVXhECflefQK0LWbei6HrApXP-.jpg"}, "firstName": "Maggie", "lastName": "L"}, "canonicalUrl": "https://foursquare.com/item/52b5203b11d202785d7a4e91", "type": "user", "photourl": "https://igx.4sqi.net/img/general/original/25141637_-VEpBdbn0kQ3VimpHfE6Z2plCusBZloxANaXvzE8RGk.jpg"}, {"logView": true, "lang": "en", "createdAt": 1370231633, "agreeCount": 0, "likes": {"groups": [], "count": 0}, "id": "51ac1351498ef79858b344a1", "text": "Usually has shorter lines than other din tai fungs!", "type": "user", "user": {"gender": "male", "id": "321811", "photo": {"prefix": "https://igx.4sqi.net/img/user/", "suffix": "/RGOIGJMPCS544ZJM.jpg"}, "firstName": "michael", "lastName": "yang"}, "canonicalUrl": "https://foursquare.com/item/51ac1351498ef79858b344a1", "todo": {"count": 0}, "disagreeCount": 0}, {"logView": true, "lang": "en", "createdAt": 1384323230, "agreeCount": 0, "likes": {"groups": [], "count": 0}, "id": "5283189e11d2324bb74f0202", "text": "Disappointing Xiao Long Pau ... :-(", "type": "user", "user": {"gender": "female", "id": "31602745", "photo": {"prefix": "https://igx.4sqi.net/img/user/", "suffix": "/OPT10EAQS4FXB5KD.jpg"}, "firstName": "Emmanuelle", "lastName": "Tesniere"}, "canonicalUrl": "https://foursquare.com/item/5283189e11d2324bb74f0202", "todo": {"count": 0}, "disagreeCount": 0}, {"authorInteractionType": "disliked", "logView": true, "lang": "en", "createdAt": 1385644625, "agreeCount": 0, "likes": {"groups": [], "count": 0}, "id": "52974251498eee0bb6c14c9b", "text": "Disappointed by comparison to other branches. Generally, why do the rice dishes always take so long to arrive!?", "type": "user", "user": {"gender": "none", "id": "42529638", "photo": {"prefix": "https://igx.4sqi.net/img/user/", "default": true, "suffix": "/blank_boy.png"}, "firstName": "luc", "lastName": "t"}, "canonicalUrl": "https://foursquare.com/item/52974251498eee0bb6c14c9b", "todo": {"count": 0}, "disagreeCount": 0}, {"logView": true, "lang": "en", "createdAt": 1355312758, "agreeCount": 0, "likes": {"groups": [], "count": 0}, "id": "50c86e76e4b0f65db954dccb", "text": "It's now at Level 4!", "type": "user", "user": {"gender": "female", "id": "22577025", "photo": {"prefix": "https://igx.4sqi.net/img/user/", "suffix": "/21MB42FTNPDEQBDD.jpg"}, "firstName": "Melissa", "lastName": "Guo"}, "canonicalUrl": "https://foursquare.com/item/50c86e76e4b0f65db954dccb", "todo": {"count": 0}, "disagreeCount": 0}, {"logView": true, "lang": "en", "createdAt": 1315546853, "agreeCount": 0, "likes": {"groups": [], "count": 0}, "id": "4e69a6e57d8b143eb6c375f8", "text": "I adore this place. It's clean, the food and is clean and whether it is Taiwan, Tokyo or Singapore, the quality is always high. I always have the dumplings, dumpling soup and fried rice. Divine.", "type": "user", "user": {"gender": "female", "id": "493805", "photo": {"prefix": "https://igx.4sqi.net/img/user/", "suffix": "/TXJCAPMXFBT2HBTL.jpg"}, "firstName": "Kate", "lastName": "Rose"}, "canonicalUrl": "https://foursquare.com/item/4e69a6e57d8b143eb6c375f8", "todo": {"count": 0}, "disagreeCount": 0}, {"logView": true, "lang": "en", "createdAt": 1385356998, "todo": {"count": 0}, "agreeCount": 0, "likes": {"groups": [], "count": 0}, "id": "5292dec611d2a386de487459", "text": "http://www.tripadvisor.com/Restaurant_Review-g294265-d817554-Reviews-Din_Tai_Fung_Wisma_Atria-Singapore.html", "entities": [{"indices": [0, 108], "type": "url", "object": {"url": "http://www.tripadvisor.com/Restaurant_Review-g294265-d817554-Reviews-Din_Tai_Fung_Wisma_Atria-Singapore.html"}}], "disagreeCount": 0, "user": {"gender": "male", "id": "17678297", "photo": {"prefix": "https://igx.4sqi.net/img/user/", "suffix": "/2MRHBQJLCYC2T43T.png"}, "firstName": "Tour", "lastName": "Explora"}, "canonicalUrl": "https://foursquare.com/item/5292dec611d2a386de487459", "type": "user"}, {"logView": true, "lang": "en", "createdAt": 1295703534, "agreeCount": 0, "likes": {"groups": [], "count": 0}, "id": "4d3addeebeb7b1f7eaa2ed71", "text": "The \"Original Shanghainese Drunken Chicken\" tasted perfectly fantastic here... Oh, think I'm gg to drunk soon... ;p", "type": "user", "user": {"gender": "none", "id": "2952223", "photo": {"prefix": "https://igx.4sqi.net/img/user/", "suffix": "/5V4TCFTFR5OQ2ZCU.jpg"}, "firstName": "Cailing", "lastName": "Teng"}, "canonicalUrl": "https://foursquare.com/item/4d3addeebeb7b1f7eaa2ed71", "todo": {"count": 0}, "disagreeCount": 0}, {"logView": true, "lang": "en", "createdAt": 1342876687, "agreeCount": 1, "likes": {"groups": [{"items": [{"gender": "male", "id": "37954140", "photo": {"prefix": "https://igx.4sqi.net/img/user/", "suffix": "/3UHS0JOSEG0SM420.jpg"}, "firstName": "Edwiin's", "lastName": "LemonTea"}], "count": 1, "type": "others"}], "summary": "1 like", "count": 1}, "id": "500aac0fe4b067574e5b673c", "text": "It's nw shifted to e 4th flr..beside Fd Republic", "type": "user", "user": {"id": "4901101", "photo": {"prefix": "https://igx.4sqi.net/img/user/", "suffix": "/PMKWO0DSJZM5Q0G0.jpg"}, "firstName": "Jen", "gender": "female"}, "canonicalUrl": "https://foursquare.com/item/500aac0fe4b067574e5b673c", "todo": {"count": 0}, "disagreeCount": 0}, {"logView": true, "lang": "en", "createdAt": 1412221664, "agreeCount": 0, "likes": {"groups": [], "count": 0}, "id": "542ccae0498e7ef576bcc87e", "text": "Must try their fried rice with prawn, delicious", "type": "user", "user": {"gender": "male", "id": "582525", "photo": {"prefix": "https://igx.4sqi.net/img/user/", "suffix": "/LTWIFH5EIQPIYICH.jpg"}, "firstName": "Riyan", "lastName": "Pradiyar"}, "canonicalUrl": "https://foursquare.com/item/542ccae0498e7ef576bcc87e", "todo": {"count": 0}, "disagreeCount": 0}, {"logView": true, "lang": "en", "createdAt": 1298740687, "agreeCount": 0, "likes": {"groups": [], "count": 0}, "id": "4d6935cf82cba093dcbcd7d8", "text": "Favorite fried rice!", "type": "user", "user": {"gender": "female", "id": "921056", "photo": {"prefix": "https://igx.4sqi.net/img/user/", "suffix": "/BXRBCF32KEWTPZDZ.jpg"}, "firstName": "Sonia", "lastName": "Hui"}, "canonicalUrl": "https://foursquare.com/item/4d6935cf82cba093dcbcd7d8", "todo": {"count": 0}, "disagreeCount": 0}, {"logView": true, "lang": "en", "createdAt": 1315281673, "agreeCount": 1, "likes": {"groups": [{"items": [{"gender": "female", "id": "8661523", "photo": {"prefix": "https://igx.4sqi.net/img/user/", "suffix": "/8661523-INK3LRU3ZRWEXM12.jpg"}, "firstName": "Lee", "lastName": "Casia"}], "count": 3, "type": "others"}], "summary": "3 likes", "count": 3}, "id": "4e659b09aeb736031645402b", "text": "You'll never go wrong exploring the Dumplings", "type": "user", "user": {"gender": "male", "id": "727975", "photo": {"prefix": "https://igx.4sqi.net/img/user/", "suffix": "/AYUY1YSHJ2CA2OWS.jpg"}, "firstName": "Scott", "lastName": "Bales"}, "canonicalUrl": "https://foursquare.com/item/4e659b09aeb736031645402b", "todo": {"count": 0}, "disagreeCount": 0}, {"authorInteractionType": "liked", "logView": true, "lang": "en", "createdAt": 1426087799, "agreeCount": 0, "likes": {"groups": [], "count": 0}, "id": "55005f77498e126a7f508251", "text": "XLB, pork chop rice <3", "type": "user", "user": {"gender": "male", "id": "41183938", "photo": {"prefix": "https://igx.4sqi.net/img/user/", "suffix": "/UAJMUZ1OE3XAOSUR.jpg"}, "firstName": "Tj", "lastName": "Quiogue"}, "canonicalUrl": "https://foursquare.com/item/55005f77498e126a7f508251", "todo": {"count": 0}, "disagreeCount": 0}, {"logView": true, "lang": "en", "createdAt": 1375400991, "agreeCount": 0, "likes": {"groups": [], "count": 0}, "id": "51faf41f498e7fa8cf1ac219", "text": "The dumplings, specially the pork and prawn shao-mai, are alqats a great choice!", "type": "user", "user": {"gender": "male", "id": "46150218", "photo": {"prefix": "https://igx.4sqi.net/img/user/", "suffix": "/EBILFG2BG0FHEZYB.jpg"}, "firstName": "Fernando Braz", "lastName": "Scherr Brandi"}, "canonicalUrl": "https://foursquare.com/item/51faf41f498e7fa8cf1ac219", "todo": {"count": 0}, "disagreeCount": 0}, {"logView": true, "lang": "en", "createdAt": 1361852340, "agreeCount": 0, "likes": {"groups": [], "count": 0}, "id": "512c37b4e4b0674c45ade3c9", "text": "Service is bad.....", "type": "user", "user": {"gender": "male", "id": "5581472", "photo": {"prefix": "https://igx.4sqi.net/img/user/", "suffix": "/1VTVVI1ROENYAGHB.jpg"}, "firstName": "K k", "lastName": "Chee"}, "canonicalUrl": "https://foursquare.com/item/512c37b4e4b0674c45ade3c9", "todo": {"count": 0}, "disagreeCount": 0}, {"authorInteractionType": "liked", "logView": true, "lang": "en", "createdAt": 1297854923, "agreeCount": 0, "likes": {"groups": [], "count": 0}, "id": "4d5bb1cb9ac9a093a6236894", "text": "The Yam Pau over here is a must-order. The filling isn't too sweet which makes the pau too tasty to reject!", "type": "user", "user": {"gender": "male", "id": "174952", "photo": {"prefix": "https://igx.4sqi.net/img/user/", "suffix": "/MSRL0FLGFE00NNMG.jpg"}, "firstName": "Felix", "lastName": "Ker"}, "canonicalUrl": "https://foursquare.com/item/4d5bb1cb9ac9a093a6236894", "todo": {"count": 0}, "disagreeCount": 0}], "count": 53}}}