{"meta": {"code": 200, "requestId": "595a4ad29fb6b77b93050572"}, "response": {"tips": {"items": [{"logView": true, "lang": "en", "createdAt": 1324645820, "agreeCount": 0, "likes": {"groups": [], "count": 0}, "id": "4ef47dbc6c25074226499f66", "text": "Old skool steamboat. Chicken wings, fried bee hoon is nice here.", "type": "user", "user": {"gender": "female", "id": "9040379", "photo": {"prefix": "https://igx.4sqi.net/img/user/", "suffix": "/WTZPG1WD3BS1SJNN.jpg"}, "firstName": "Matilda", "lastName": "Lim"}, "canonicalUrl": "https://foursquare.com/item/4ef47dbc6c25074226499f66", "todo": {"count": 0}, "disagreeCount": 0}, {"logView": true, "lang": "en", "createdAt": 1324645893, "agreeCount": 0, "likes": {"groups": [], "count": 0}, "id": "4ef47e05d3e32dc399c7e6d6", "text": "The chicken wing and fried bee hoon is nice ! They have chilli crabs here too.", "type": "user", "user": {"gender": "female", "id": "9040379", "photo": {"prefix": "https://igx.4sqi.net/img/user/", "suffix": "/WTZPG1WD3BS1SJNN.jpg"}, "firstName": "Matilda", "lastName": "Lim"}, "canonicalUrl": "https://foursquare.com/item/4ef47e05d3e32dc399c7e6d6", "todo": {"count": 0}, "disagreeCount": 0}, {"logView": true, "lang": "en", "createdAt": 1316327523, "agreeCount": 0, "likes": {"groups": [], "count": 0}, "id": "4e759063d22d80eb33456665", "text": "Steamboat buffet", "type": "user", "user": {"id": "5083132", "photo": {"prefix": "https://igx.4sqi.net/img/user/", "suffix": "/NSTJAYKOD103ABAE.jpg"}, "firstName": "Gerald", "gender": "male"}, "canonicalUrl": "https://foursquare.com/item/4e759063d22d80eb33456665", "todo": {"count": 0}, "disagreeCount": 0}], "count": 3}}}