{"meta": {"code": 200, "requestId": "595a48654434b96bc8913df4"}, "response": {"tips": {"items": [{"logView": true, "lang": "en", "createdAt": 1293971447, "agreeCount": 0, "likes": {"groups": [{"items": [], "count": 1, "type": "others"}], "summary": "1 like", "count": 1}, "id": "4d206ff7d7b0b1f707c6149f", "text": "Going to try it", "type": "user", "user": {"gender": "male", "id": "3637752", "photo": {"prefix": "https://igx.4sqi.net/img/user/", "suffix": "/B2XOFT2JBKZGVY5S.jpg"}, "firstName": "Jerry", "lastName": "Tan"}, "canonicalUrl": "https://foursquare.com/item/4d206ff7d7b0b1f707c6149f", "todo": {"count": 0}, "disagreeCount": 0}, {"authorInteractionType": "liked", "logView": true, "lang": "en", "createdAt": 1375331250, "agreeCount": 0, "likes": {"groups": [], "count": 0}, "id": "51f9e3b2498ee36131308098", "text": "The set menu is not bad. $136 and four of us had a feast. The crab is quite substantial.", "type": "user", "user": {"gender": "female", "id": "774016", "photo": {"prefix": "https://igx.4sqi.net/img/user/", "suffix": "/3EOOBR0EUJQ2PUOQ.jpg"}, "firstName": "Ai Ling", "lastName": "Chia"}, "canonicalUrl": "https://foursquare.com/item/51f9e3b2498ee36131308098", "todo": {"count": 0}, "disagreeCount": 0}, {"logView": true, "lang": "en", "createdAt": 1321239416, "agreeCount": 3, "likes": {"groups": [{"items": [{"gender": "male", "id": "6115579", "photo": {"prefix": "https://igx.4sqi.net/img/user/", "suffix": "/6115579-DDW4NLIYJ4WDZ5ZQ.jpg"}, "firstName": "Andrey", "lastName": "Chertolyas"}, {"id": "5407047", "photo": {"prefix": "https://igx.4sqi.net/img/user/", "suffix": "/5407047-5Q0LXG0R05GRXTOM.jpg"}, "firstName": "Missy Teo", "gender": "female"}, {"gender": "male", "id": "45366076", "photo": {"prefix": "https://igx.4sqi.net/img/user/", "suffix": "/N5WNVJDO5H2ZLXJ0.jpg"}, "firstName": "Way", "lastName": "Lo"}], "count": 3, "type": "others"}], "summary": "3 likes", "count": 3}, "id": "4ec08378a17c8cdeb92ceac8", "text": "$40 per crab - don't argue with them on sitting arrangement, because they will mix in a crab that is not fresh into your order.let this place be your last last choice.", "type": "user", "user": {"gender": "female", "id": "16592113", "photo": {"prefix": "https://igx.4sqi.net/img/user/", "default": true, "suffix": "/blank_girl.png"}, "firstName": "AAA", "lastName": "BBB"}, "canonicalUrl": "https://foursquare.com/item/4ec08378a17c8cdeb92ceac8", "todo": {"count": 0}, "disagreeCount": 0}, {"logView": true, "lang": "en", "createdAt": 1372856670, "agreeCount": 0, "likes": {"groups": [], "count": 0}, "id": "51d4215e498e712ddd1ce3d3", "text": "crabs are not fresh and the other food were so so.. not really worth it", "type": "user", "user": {"id": "5407047", "photo": {"prefix": "https://igx.4sqi.net/img/user/", "suffix": "/5407047-5Q0LXG0R05GRXTOM.jpg"}, "firstName": "Missy Teo", "gender": "female"}, "canonicalUrl": "https://foursquare.com/item/51d4215e498e712ddd1ce3d3", "todo": {"count": 0}, "disagreeCount": 0}, {"logView": true, "lang": "en", "createdAt": 1373125248, "agreeCount": 1, "likes": {"groups": [{"items": [{"gender": "female", "id": "6306884", "photo": {"prefix": "https://igx.4sqi.net/img/user/", "suffix": "/6306884-L21LWV3MMZFIVU5F"}, "firstName": "Jess", "lastName": "Thia"}], "count": 1, "type": "others"}], "summary": "1 like", "count": 1}, "id": "51d83a80498e0d1c23526fba", "text": "The salted-egg grab was delicious!! Loving it....", "type": "user", "user": {"gender": "female", "id": "51163071", "photo": {"prefix": "https://igx.4sqi.net/img/user/", "suffix": "/O1S52MBW2AKD2URJ.jpg"}, "firstName": "Shelly", "lastName": "Selly"}, "canonicalUrl": "https://foursquare.com/item/51d83a80498e0d1c23526fba", "todo": {"count": 0}, "disagreeCount": 0}, {"authorInteractionType": "meh", "logView": true, "lang": "en", "createdAt": 1380813339, "agreeCount": 0, "likes": {"groups": [], "count": 0}, "id": "524d8a1b498e5de8afce69f6", "text": "Pepper crab is delicious but it's annoying that you have to take minimum of two crabs per flavour.", "type": "user", "user": {"gender": "male", "id": "64146965", "photo": {"prefix": "https://igx.4sqi.net/img/user/", "suffix": "/64146965-CPACGSXQQDVUD3LZ.jpg"}, "firstName": "Get My Grub On!", "lastName": "www.getmygrubon.co"}, "canonicalUrl": "https://foursquare.com/item/524d8a1b498e5de8afce69f6", "todo": {"count": 0}, "disagreeCount": 0}, {"logView": true, "lang": "en", "createdAt": 1401540795, "agreeCount": 1, "likes": {"groups": [{"items": [{"gender": "male", "id": "90572988", "photo": {"prefix": "https://igx.4sqi.net/img/user/", "suffix": "/90572988-MGD1GOELDQNGQ04J.jpg"}, "firstName": "Lee", "lastName": "Chin Tung"}], "count": 1, "type": "others"}], "summary": "1 like", "count": 1}, "id": "5389d0bb498ecca7d22d632b", "text": "Their salted egg crabs are good. The rest are not as impressive", "type": "user", "user": {"id": "223260", "photo": {"prefix": "https://igx.4sqi.net/img/user/", "suffix": "/223260-2QXYO2EZWMVBVSR1.jpg"}, "firstName": "Sengaporean", "gender": "female"}, "canonicalUrl": "https://foursquare.com/item/5389d0bb498ecca7d22d632b", "todo": {"count": 0}, "disagreeCount": 0}, {"logView": true, "lang": "en", "createdAt": 1295024223, "agreeCount": 1, "likes": {"groups": [{"items": [{"id": "5407047", "photo": {"prefix": "https://igx.4sqi.net/img/user/", "suffix": "/5407047-5Q0LXG0R05GRXTOM.jpg"}, "firstName": "Missy Teo", "gender": "female"}], "count": 1, "type": "others"}], "summary": "1 like", "count": 1}, "id": "4d30805f82fd548103e0b3a8", "text": "Food so so but expensive", "type": "user", "user": {"gender": "male", "id": "5961065", "photo": {"prefix": "https://igx.4sqi.net/img/user/", "suffix": "/5961065-N4Y21KDEEIV2PK3I.jpg"}, "firstName": "Jeff", "lastName": "Chan"}, "canonicalUrl": "https://foursquare.com/item/4d30805f82fd548103e0b3a8", "todo": {"count": 0}, "disagreeCount": 0}, {"logView": true, "lang": "en", "createdAt": 1321359778, "agreeCount": 0, "likes": {"groups": [], "count": 0}, "id": "4ec259a24690d2338a7a0d09", "text": "Price at $50 per crab now", "type": "user", "user": {"id": "8351959", "photo": {"prefix": "https://igx.4sqi.net/img/user/", "suffix": "/DHQWIFFMLJLS0XOB.jpg"}, "firstName": "Bunnyroar!", "gender": "female"}, "canonicalUrl": "https://foursquare.com/item/4ec259a24690d2338a7a0d09", "todo": {"count": 0}, "disagreeCount": 0}, {"logView": true, "lang": "en", "photo": {"id": "5257754a498e94e861bae2b0", "visibility": "public", "source": {"name": "Foursquare for iOS", "url": "https://foursquare.com/download/#/iphone"}, "suffix": "/2112169_i1qt8yJNHtVmXKF1PeuovliBhtErWelpO2qxDCh718E.jpg", "createdAt": 1381463370, "prefix": "https://igx.4sqi.net/img/general/", "width": 720, "height": 720}, "createdAt": 1381463367, "todo": {"count": 0}, "agreeCount": 0, "likes": {"groups": [], "count": 0}, "id": "5257754711d27f1acd10a9bd", "text": "Make sure you ask for Sri Lankan crabs, sometimes they rip you off with unfresh Vietnamese crabs and frozen prawns!", "disagreeCount": 0, "user": {"gender": "female", "id": "2112169", "photo": {"prefix": "https://igx.4sqi.net/img/user/", "suffix": "/2UD4UQGXS1FE1O4C.jpg"}, "firstName": "Vanessa", "lastName": "Wong"}, "canonicalUrl": "https://foursquare.com/item/5257754711d27f1acd10a9bd", "type": "user", "photourl": "https://igx.4sqi.net/img/general/original/2112169_i1qt8yJNHtVmXKF1PeuovliBhtErWelpO2qxDCh718E.jpg"}, {"logView": true, "lang": "en", "createdAt": 1302354379, "agreeCount": 0, "likes": {"groups": [], "count": 0}, "id": "4da059cb6fd25481bc4a5c9b", "text": "Salted egg crab is yummeh!", "type": "user", "user": {"id": "462692", "photo": {"prefix": "https://igx.4sqi.net/img/user/", "suffix": "/0UKQJ3QRVZU5BX15.jpg"}, "firstName": "Hon Wai", "gender": "male"}, "canonicalUrl": "https://foursquare.com/item/4da059cb6fd25481bc4a5c9b", "todo": {"count": 0}, "disagreeCount": 0}, {"logView": true, "lang": "en", "createdAt": 1334485726, "agreeCount": 0, "likes": {"groups": [], "count": 0}, "id": "4f8aa2dee4b0b1c4b0d5a4a6", "text": "Besides the chilli crab, the prawn roll is rather delicious too", "type": "user", "user": {"gender": "female", "id": "25589092", "photo": {"prefix": "https://igx.4sqi.net/img/user/", "suffix": "/B1GTQZ55FW1SP0RP.jpg"}, "firstName": "Yvonne", "lastName": "Chan"}, "canonicalUrl": "https://foursquare.com/item/4f8aa2dee4b0b1c4b0d5a4a6", "todo": {"count": 0}, "disagreeCount": 0}, {"logView": true, "lang": "en", "createdAt": 1298033501, "agreeCount": 0, "likes": {"groups": [], "count": 0}, "id": "4d5e6b5d5b276dcb9879f9c5", "text": "Fu PI Chuen is also yummy!", "type": "user", "user": {"gender": "female", "id": "1294299", "photo": {"prefix": "https://igx.4sqi.net/img/user/", "suffix": "/QH4QMR2JSX43WLXK.jpg"}, "firstName": "Li Lian", "lastName": "Mah"}, "canonicalUrl": "https://foursquare.com/item/4d5e6b5d5b276dcb9879f9c5", "todo": {"count": 1}, "disagreeCount": 0}, {"logView": true, "lang": "en", "createdAt": 1372868972, "agreeCount": 0, "likes": {"groups": [], "count": 0}, "id": "51d4516c498ec834ee9849de", "text": "they insist that every crab dish ordered must minimum have 2 crabs which despite having small ones cost me 40 each.. adding on the crabs wasnt fresh which is a pity as the salted eggs were good", "type": "user", "user": {"id": "5407047", "photo": {"prefix": "https://igx.4sqi.net/img/user/", "suffix": "/5407047-5Q0LXG0R05GRXTOM.jpg"}, "firstName": "Missy Teo", "gender": "female"}, "canonicalUrl": "https://foursquare.com/item/51d4516c498ec834ee9849de", "todo": {"count": 0}, "disagreeCount": 0}, {"logView": true, "lang": "en", "createdAt": 1319902907, "agreeCount": 0, "likes": {"groups": [], "count": 0}, "id": "4eac1ebb61af01ea2b11afdc", "text": "\uff0437 per crab", "type": "user", "user": {"gender": "male", "id": "8180469", "photo": {"prefix": "https://igx.4sqi.net/img/user/", "default": true, "suffix": "/blank_boy.png"}, "firstName": "wee", "lastName": "chong"}, "canonicalUrl": "https://foursquare.com/item/4eac1ebb61af01ea2b11afdc", "todo": {"count": 0}, "disagreeCount": 0}, {"logView": true, "lang": "en", "createdAt": 1329999358, "agreeCount": 0, "likes": {"groups": [], "count": 0}, "id": "4f462dfee4b0f37b085db933", "text": "Try their Black Pepper crab! (:", "type": "user", "user": {"gender": "female", "id": "19390876", "photo": {"prefix": "https://igx.4sqi.net/img/user/", "suffix": "/H2OHYXM001CGMXUB.jpg"}, "firstName": "Winnie", "lastName": "Ng"}, "canonicalUrl": "https://foursquare.com/item/4f462dfee4b0f37b085db933", "todo": {"count": 0}, "disagreeCount": 0}, {"authorInteractionType": "meh", "logView": true, "lang": "en", "createdAt": 1460860406, "agreeCount": 0, "likes": {"groups": [], "count": 0}, "id": "5712f5f6498e579f2ebbf55c", "text": "Salted egg yolk crab was good. However, they are not very flexible - if you want to buy 3 crabs and have each one in a different flavour, they won't let you. It must be at least 1.5 crabs per flavour.", "type": "user", "user": {"gender": "none", "id": "106919134", "photo": {"prefix": "https://igx.4sqi.net/img/user/", "default": true, "suffix": "/blank_boy.png"}, "firstName": "safia", "lastName": "r"}, "canonicalUrl": "https://foursquare.com/item/5712f5f6498e579f2ebbf55c", "todo": {"count": 0}, "disagreeCount": 0}, {"logView": true, "lang": "en", "createdAt": 1316956796, "agreeCount": 0, "likes": {"groups": [], "count": 0}, "id": "4e7f2a7c722edb7e4f19b0ea", "text": "Must try the Salted egg crab!", "type": "user", "user": {"gender": "male", "id": "14036409", "photo": {"prefix": "https://igx.4sqi.net/img/user/", "suffix": "/CYJ2NFJVLTZNIBBG.jpg"}, "firstName": "Andy", "lastName": "Chai"}, "canonicalUrl": "https://foursquare.com/item/4e7f2a7c722edb7e4f19b0ea", "todo": {"count": 0}, "disagreeCount": 0}, {"logView": true, "lang": "en", "createdAt": 1286804837, "agreeCount": 0, "likes": {"groups": [], "count": 0}, "id": "4cb31565aef16dcb1dc6c554", "text": "Really great pepper & chilli crabs at reasonable prices. Fish soup bee hoon & seafood fried rice are gd too", "type": "user", "user": {"gender": "male", "id": "3570264", "photo": {"prefix": "https://igx.4sqi.net/img/user/", "suffix": "/LVQKO1NC0VCM3Y41.jpg"}, "firstName": "James", "lastName": "Li Zhiwei"}, "canonicalUrl": "https://foursquare.com/item/4cb31565aef16dcb1dc6c554", "todo": {"count": 0}, "disagreeCount": 0}, {"logView": true, "lang": "en", "createdAt": 1381318619, "agreeCount": 1, "likes": {"groups": [{"items": [{"gender": "female", "id": "6306884", "photo": {"prefix": "https://igx.4sqi.net/img/user/", "suffix": "/6306884-L21LWV3MMZFIVU5F"}, "firstName": "Jess", "lastName": "Thia"}], "count": 1, "type": "others"}], "summary": "1 like", "count": 1}, "id": "52553fdb11d2a4ca86536133", "text": "The salted egg crab is good!", "type": "user", "user": {"gender": "male", "id": "5981865", "photo": {"prefix": "https://igx.4sqi.net/img/user/", "suffix": "/5981865-XVNVUMNFQUMSKDLX.jpg"}, "firstName": "Christopher", "lastName": "Lim"}, "canonicalUrl": "https://foursquare.com/item/52553fdb11d2a4ca86536133", "todo": {"count": 0}, "disagreeCount": 0}, {"logView": true, "lang": "en", "photo": {"id": "53122b8411d2709a4d5b5c5f", "visibility": "public", "source": {"name": "Foursquare Web", "url": "https://foursquare.com"}, "suffix": "/6306884_PjT-pj_HGmj84Q8il5S5EQUoGtWJ24OTuU6IZFjhIN4.jpg", "createdAt": 1393699716, "prefix": "https://igx.4sqi.net/img/general/", "width": 1019, "height": 999}, "createdAt": 1393699711, "todo": {"count": 0}, "agreeCount": 0, "likes": {"groups": [], "count": 0}, "id": "53122b7f498e8927d18c099d", "text": "Woah, Salted Egg Crab here is yummy, better texture, cheap & good than other branded seafood restaurants :-9 Its other dishes were not bad, but ingredients might not be as much as branded restaurants.", "disagreeCount": 0, "user": {"gender": "female", "id": "6306884", "photo": {"prefix": "https://igx.4sqi.net/img/user/", "suffix": "/6306884-L21LWV3MMZFIVU5F"}, "firstName": "Jess", "lastName": "Thia"}, "canonicalUrl": "https://foursquare.com/item/53122b7f498e8927d18c099d", "type": "user", "photourl": "https://igx.4sqi.net/img/general/original/6306884_PjT-pj_HGmj84Q8il5S5EQUoGtWJ24OTuU6IZFjhIN4.jpg"}, {"logView": true, "lang": "en", "createdAt": 1285399496, "agreeCount": 0, "likes": {"groups": [{"items": [], "count": 1, "type": "others"}], "summary": "1 like", "count": 1}, "id": "4c9da3c82fb1a1431abde240", "text": "Chili crab n pepper crab also very very good!! Luv it !", "type": "user", "user": {"gender": "none", "id": "3204806", "photo": {"prefix": "https://igx.4sqi.net/img/user/", "suffix": "/W5HW1F3C4OCKQOSH.jpg"}, "firstName": "Jenn", "lastName": "Law"}, "canonicalUrl": "https://foursquare.com/item/4c9da3c82fb1a1431abde240", "todo": {"count": 0}, "disagreeCount": 0}, {"logView": true, "lang": "en", "createdAt": 1296384650, "agreeCount": 0, "likes": {"groups": [], "count": 0}, "id": "4d45428a2e326ea81ea4eca6", "text": "Salted egg crabs~~~ deadly~~~ must try~~~~", "type": "user", "user": {"gender": "male", "id": "4002025", "photo": {"prefix": "https://igx.4sqi.net/img/user/", "suffix": "/UNGHEVKRHAALYIUI.jpg"}, "firstName": "Simon", "lastName": "Tay"}, "canonicalUrl": "https://foursquare.com/item/4d45428a2e326ea81ea4eca6", "todo": {"count": 0}, "disagreeCount": 0}, {"logView": true, "lang": "en", "createdAt": 1303578810, "agreeCount": 0, "likes": {"groups": [], "count": 0}, "id": "4db308ba7abad708f2440183", "text": "The salted eggs crab is the best!", "type": "user", "user": {"id": "280771", "photo": {"prefix": "https://igx.4sqi.net/img/user/", "suffix": "/K5XTZYVVDJLVVMQ4.jpg"}, "firstName": "SS", "gender": "female"}, "canonicalUrl": "https://foursquare.com/item/4db308ba7abad708f2440183", "todo": {"count": 0}, "disagreeCount": 0}, {"authorInteractionType": "liked", "logView": true, "lang": "en", "createdAt": 1424621916, "agreeCount": 0, "likes": {"groups": [], "count": 0}, "id": "54ea015c498e081e6c0f7481", "text": "Less crowdy and more friendly than the Jumbo Sea Food chain, and yet really yummy crab :)", "type": "user", "user": {"gender": "male", "id": "4197458", "photo": {"prefix": "https://igx.4sqi.net/img/user/", "suffix": "/4197458-NFT1R3JEY0C11ZTT.jpg"}, "firstName": "Olivier", "lastName": "Biot"}, "canonicalUrl": "https://foursquare.com/item/54ea015c498e081e6c0f7481", "todo": {"count": 0}, "disagreeCount": 0}, {"logView": true, "lang": "en", "createdAt": 1377851704, "agreeCount": 0, "likes": {"groups": [], "count": 0}, "id": "5220593811d241be95a53d14", "text": "SALTED EGG CRAB.... nothing else...", "type": "user", "user": {"gender": "male", "id": "29522323", "photo": {"prefix": "https://igx.4sqi.net/img/user/", "suffix": "/29522323-B04POA0K3GMFUQ44.jpg"}, "firstName": "CJ", "lastName": "Dayrit"}, "canonicalUrl": "https://foursquare.com/item/5220593811d241be95a53d14", "todo": {"count": 0}, "disagreeCount": 0}, {"logView": true, "lang": "en", "createdAt": 1313159620, "agreeCount": 0, "likes": {"groups": [{"items": [], "count": 1, "type": "others"}], "summary": "1 like", "count": 1}, "id": "4e4539c4cc3f08423c1274c5", "text": "Salted egg crab. Enough said.", "type": "user", "user": {"gender": "female", "id": "3595710", "photo": {"prefix": "https://igx.4sqi.net/img/user/", "suffix": "/3POB4IABOOPHCXLG.jpg"}, "firstName": "Karen", "lastName": "L."}, "canonicalUrl": "https://foursquare.com/item/4e4539c4cc3f08423c1274c5", "todo": {"count": 0}, "disagreeCount": 0}, {"logView": true, "lang": "en", "createdAt": 1372869160, "agreeCount": 0, "likes": {"groups": [], "count": 0}, "id": "51d45228498eef354f9846fd", "text": "other than crabs, we had prawn paste chicken, hotplate tofu, mushrooms, you tiao and ribs.. was generally okay, nothing memorable.. i have a feeling i wont be back anytime soon", "type": "user", "user": {"id": "5407047", "photo": {"prefix": "https://igx.4sqi.net/img/user/", "suffix": "/5407047-5Q0LXG0R05GRXTOM.jpg"}, "firstName": "Missy Teo", "gender": "female"}, "canonicalUrl": "https://foursquare.com/item/51d45228498eef354f9846fd", "todo": {"count": 0}, "disagreeCount": 0}, {"logView": true, "lang": "en", "createdAt": 1275401209, "agreeCount": 0, "likes": {"groups": [{"items": [], "count": 7, "type": "others"}], "summary": "7 likes", "count": 7}, "id": "4c0513f970c603bb4fea9db4", "text": "Try salted egg crab", "type": "user", "user": {"id": "1465107", "photo": {"prefix": "https://igx.4sqi.net/img/user/", "suffix": "/YQWZWCM0V4GKFS5U.jpg"}, "firstName": "Beibeijo", "gender": "female"}, "canonicalUrl": "https://foursquare.com/item/4c0513f970c603bb4fea9db4", "todo": {"count": 3}, "disagreeCount": 0}, {"logView": true, "lang": "en", "createdAt": 1302281260, "agreeCount": 0, "likes": {"groups": [], "count": 0}, "id": "4d9f3c2c7f1b721e9c56990f", "text": "Salted egg crab n chillie crab yummy, stream crab is good provided u eat it b4 the salted egg and chillie crab", "type": "user", "user": {"gender": "male", "id": "4317523", "photo": {"prefix": "https://igx.4sqi.net/img/user/", "suffix": "/5ID5SEECPT3ZPLSU.jpg"}, "firstName": "Johnny", "lastName": "Lim"}, "canonicalUrl": "https://foursquare.com/item/4d9f3c2c7f1b721e9c56990f", "todo": {"count": 0}, "disagreeCount": 0}], "count": 30}}}