{"meta": {"code": 200, "requestId": "595a56b44c1f67702043ba39"}, "response": {"tips": {"items": [{"logView": true, "lang": "th", "createdAt": 1417883142, "agreeCount": 0, "likes": {"groups": [], "count": 0}, "id": "54832e06498ecaae9096d017", "text": "\u0e2d\u0e23\u0e48\u0e2d\u0e22 \u0e0b\u0e35\u0e1f\u0e39\u0e49\u0e14\u0e2a\u0e14\u0e21\u0e32\u0e01 \u0e1e\u0e19\u0e31\u0e01\u0e07\u0e32\u0e19\u0e1a\u0e23\u0e34\u0e01\u0e32\u0e23\u0e21\u0e37\u0e2d\u0e2d\u0e32\u0e0a\u0e35\u0e1e \u0e41\u0e15\u0e48\u0e25\u0e49\u0e07\u0e40\u0e25\u0e49\u0e07\u0e40\u0e2a\u0e35\u0e22\u0e07\u0e14\u0e31\u0e07\u0e08\u0e32\u0e01\u0e25\u0e39\u0e01\u0e04\u0e49\u0e32\u0e40\u0e1b\u0e47\u0e19\u0e17\u0e35\u0e48\u0e2a\u0e38\u0e14", "type": "user", "user": {"gender": "female", "id": "8479685", "photo": {"prefix": "https://igx.4sqi.net/img/user/", "suffix": "/OTWBGAMO4D0GZRWM.jpg"}, "firstName": "Tan", "lastName": "\ue418"}, "canonicalUrl": "https://foursquare.com/item/54832e06498ecaae9096d017", "todo": {"count": 0}, "disagreeCount": 0}, {"logView": true, "lang": "en", "createdAt": 1296034115, "agreeCount": 0, "likes": {"groups": [], "count": 0}, "id": "4d3fe943c1d4721e138a0bc7", "text": "Roast Pork Rib here is YUM!", "type": "user", "user": {"gender": "male", "id": "2996530", "photo": {"prefix": "https://igx.4sqi.net/img/user/", "suffix": "/F0BMT0YIJOA5HL02.jpg"}, "firstName": "Lawrence", "lastName": "Leong"}, "canonicalUrl": "https://foursquare.com/item/4d3fe943c1d4721e138a0bc7", "todo": {"count": 0}, "disagreeCount": 0}, {"logView": true, "lang": "en", "createdAt": 1373379825, "agreeCount": 0, "likes": {"groups": [], "count": 0}, "id": "51dc1cf1498e9700904ad8ec", "text": "Lap Mei Rice is excellent. The prawn wrapped in fish skin is exquisite! No corkage if you BYO", "type": "user", "user": {"gender": "male", "id": "27405511", "photo": {"prefix": "https://igx.4sqi.net/img/user/", "suffix": "/27405511-VVJ3JN2PKFRZ203N.jpg"}, "firstName": "David", "lastName": "Lim"}, "canonicalUrl": "https://foursquare.com/item/51dc1cf1498e9700904ad8ec", "todo": {"count": 0}, "disagreeCount": 0}, {"logView": true, "lang": "en", "createdAt": 1297436153, "agreeCount": 0, "likes": {"groups": [], "count": 0}, "id": "4d554df9c6edf04d211ac3a2", "text": "The steam meat with water chest nut & salted fish is YUM!!", "type": "user", "user": {"gender": "male", "id": "2996530", "photo": {"prefix": "https://igx.4sqi.net/img/user/", "suffix": "/F0BMT0YIJOA5HL02.jpg"}, "firstName": "Lawrence", "lastName": "Leong"}, "canonicalUrl": "https://foursquare.com/item/4d554df9c6edf04d211ac3a2", "todo": {"count": 0}, "disagreeCount": 0}, {"logView": true, "lang": "en", "createdAt": 1292954527, "agreeCount": 0, "likes": {"groups": [], "count": 0}, "id": "4d10eb9f59606dcbb196783e", "text": "Braised Turtle here is YUM!!", "type": "user", "user": {"gender": "male", "id": "2996530", "photo": {"prefix": "https://igx.4sqi.net/img/user/", "suffix": "/F0BMT0YIJOA5HL02.jpg"}, "firstName": "Lawrence", "lastName": "Leong"}, "canonicalUrl": "https://foursquare.com/item/4d10eb9f59606dcbb196783e", "todo": {"count": 0}, "disagreeCount": 0}, {"logView": true, "lang": "en", "createdAt": 1438485951, "agreeCount": 0, "likes": {"groups": [], "count": 0}, "id": "55bd8dbf498ef6e5520f8b46", "text": "Food critic Tan Hsueh Yun's fave: Shun Tak Yu Wat Lou Meen, a simple noodles dish  topped with strips of raw wolf herring and dressed with shallot oil & soy-based sauce. Source: Sunday Times", "type": "user", "user": {"gender": "male", "id": "231366", "photo": {"prefix": "https://igx.4sqi.net/img/user/", "suffix": "/231366-Q2ZSAEF50GYUXPDA.jpg"}, "firstName": "Cheen", "lastName": "The Curious"}, "canonicalUrl": "https://foursquare.com/item/55bd8dbf498ef6e5520f8b46", "todo": {"count": 0}, "disagreeCount": 0}, {"logView": true, "lang": "en", "createdAt": 1303036748, "agreeCount": 0, "likes": {"groups": [], "count": 0}, "id": "4daac34ca86e771ea72aaacc", "text": "Cantonese style Claypot beef belly with white carrot is YUM!!", "type": "user", "user": {"gender": "male", "id": "2996530", "photo": {"prefix": "https://igx.4sqi.net/img/user/", "suffix": "/F0BMT0YIJOA5HL02.jpg"}, "firstName": "Lawrence", "lastName": "Leong"}, "canonicalUrl": "https://foursquare.com/item/4daac34ca86e771ea72aaacc", "todo": {"count": 0}, "disagreeCount": 0}, {"logView": true, "lang": "en", "createdAt": 1293713518, "agreeCount": 0, "likes": {"groups": [], "count": 0}, "id": "4d1c806ec68aa1cd6615a3e2", "text": "Goose Liver with Tofu is YUM here !", "type": "user", "user": {"gender": "male", "id": "2996530", "photo": {"prefix": "https://igx.4sqi.net/img/user/", "suffix": "/F0BMT0YIJOA5HL02.jpg"}, "firstName": "Lawrence", "lastName": "Leong"}, "canonicalUrl": "https://foursquare.com/item/4d1c806ec68aa1cd6615a3e2", "todo": {"count": 0}, "disagreeCount": 0}, {"logView": true, "lang": "en", "createdAt": 1283747064, "agreeCount": 0, "likes": {"groups": [], "count": 0}, "id": "4c846cf82f1c236aad674c43", "text": "Nice Dim Sum here.. Have been coming here like once a week for lunch!", "type": "user", "user": {"id": "3023445", "photo": {"prefix": "https://igx.4sqi.net/img/user/", "suffix": "/HMD2VTTETBF0DLCP.jpg"}, "firstName": "Shirley", "gender": "female"}, "canonicalUrl": "https://foursquare.com/item/4c846cf82f1c236aad674c43", "todo": {"count": 0}, "disagreeCount": 0}, {"logView": true, "lang": "en", "createdAt": 1293278854, "agreeCount": 0, "likes": {"groups": [], "count": 0}, "id": "4d15de868312236ad0a454ba", "text": "Steam Mantis prawn is YUM", "type": "user", "user": {"gender": "male", "id": "2996530", "photo": {"prefix": "https://igx.4sqi.net/img/user/", "suffix": "/F0BMT0YIJOA5HL02.jpg"}, "firstName": "Lawrence", "lastName": "Leong"}, "canonicalUrl": "https://foursquare.com/item/4d15de868312236ad0a454ba", "todo": {"count": 0}, "disagreeCount": 0}, {"logView": true, "lang": "en", "createdAt": 1351169774, "agreeCount": 0, "likes": {"groups": [], "count": 0}, "id": "508936eee4b09b0239c2529a", "text": "The clay pot rice is very good", "type": "user", "user": {"id": "39427879", "photo": {"prefix": "https://igx.4sqi.net/img/user/", "suffix": "/39427879-EYD5ZOSQ115L1FKD.jpg"}, "firstName": "Ah Jar", "gender": "male"}, "canonicalUrl": "https://foursquare.com/item/508936eee4b09b0239c2529a", "todo": {"count": 0}, "disagreeCount": 0}, {"authorInteractionType": "liked", "logView": true, "lang": "en", "createdAt": 1433156421, "agreeCount": 0, "likes": {"groups": [], "count": 0}, "id": "556c3b45498e8b2ff42bba82", "text": "corkage free all week", "type": "user", "user": {"id": "645339", "photo": {"prefix": "https://igx.4sqi.net/img/user/", "suffix": "/645339-BTAIK1PBOWPDK3OA.jpg"}, "firstName": "Trina", "gender": "female"}, "canonicalUrl": "https://foursquare.com/item/556c3b45498e8b2ff42bba82", "todo": {"count": 0}, "disagreeCount": 0}, {"authorInteractionType": "meh", "logView": true, "lang": "en", "createdAt": 1402811316, "agreeCount": 0, "likes": {"groups": [], "count": 0}, "id": "539d33b4498eedc986b12432", "text": "6/10. So so food. Have tasted better", "type": "user", "user": {"gender": "male", "id": "40188052", "photo": {"prefix": "https://igx.4sqi.net/img/user/", "suffix": "/S1XH2PSTWMSDWFLQ.jpg"}, "firstName": "Siew Hong", "lastName": "Wong"}, "canonicalUrl": "https://foursquare.com/item/539d33b4498eedc986b12432", "todo": {"count": 0}, "disagreeCount": 0}, {"logView": true, "lang": "en", "createdAt": 1293130470, "agreeCount": 0, "likes": {"groups": [], "count": 0}, "id": "4d139ae680f6721e684a20eb", "text": "The cold crab is Yum!!", "type": "user", "user": {"gender": "male", "id": "2996530", "photo": {"prefix": "https://igx.4sqi.net/img/user/", "suffix": "/F0BMT0YIJOA5HL02.jpg"}, "firstName": "Lawrence", "lastName": "Leong"}, "canonicalUrl": "https://foursquare.com/item/4d139ae680f6721e684a20eb", "todo": {"count": 0}, "disagreeCount": 0}, {"logView": true, "lang": "en", "createdAt": 1293893874, "agreeCount": 0, "likes": {"groups": [], "count": 0}, "id": "4d1f40f28629224babc10987", "text": "The Bai Fan fish deep fried is YUM here!!", "type": "user", "user": {"gender": "male", "id": "2996530", "photo": {"prefix": "https://igx.4sqi.net/img/user/", "suffix": "/F0BMT0YIJOA5HL02.jpg"}, "firstName": "Lawrence", "lastName": "Leong"}, "canonicalUrl": "https://foursquare.com/item/4d1f40f28629224babc10987", "todo": {"count": 0}, "disagreeCount": 0}, {"logView": true, "lang": "en", "createdAt": 1293713638, "agreeCount": 0, "likes": {"groups": [], "count": 0}, "id": "4d1c80e6fd7bb60c00679ee1", "text": "Claypot turtle skin, goose web, mushroom & Veg is YUM here!!", "type": "user", "user": {"gender": "male", "id": "2996530", "photo": {"prefix": "https://igx.4sqi.net/img/user/", "suffix": "/F0BMT0YIJOA5HL02.jpg"}, "firstName": "Lawrence", "lastName": "Leong"}, "canonicalUrl": "https://foursquare.com/item/4d1c80e6fd7bb60c00679ee1", "todo": {"count": 0}, "disagreeCount": 0}, {"logView": true, "lang": "en", "createdAt": 1457256506, "agreeCount": 0, "likes": {"groups": [], "count": 0}, "id": "56dbf83a498e10acbde4a0f6", "text": "We had frog legs, fin soup, pork neck, fish, chicken etc. Actually felt over priced because nothing was really outstanding.", "type": "user", "user": {"gender": "male", "id": "4709695", "photo": {"prefix": "https://igx.4sqi.net/img/user/", "suffix": "/U3GRSF4RJTZPRQKY.jpg"}, "firstName": "Romeo", "lastName": "Hsueh"}, "canonicalUrl": "https://foursquare.com/item/56dbf83a498e10acbde4a0f6", "todo": {"count": 0}, "disagreeCount": 0}, {"logView": true, "lang": "en", "createdAt": 1292955460, "agreeCount": 0, "likes": {"groups": [], "count": 0}, "id": "4d10ef4471e8a1cd4bd183bd", "text": "Dec is the seasons for Hokeido scallop is YUM!!", "type": "user", "user": {"gender": "male", "id": "2996530", "photo": {"prefix": "https://igx.4sqi.net/img/user/", "suffix": "/F0BMT0YIJOA5HL02.jpg"}, "firstName": "Lawrence", "lastName": "Leong"}, "canonicalUrl": "https://foursquare.com/item/4d10ef4471e8a1cd4bd183bd", "todo": {"count": 0}, "disagreeCount": 0}, {"authorInteractionType": "liked", "logView": true, "lang": "en", "createdAt": 1461975597, "agreeCount": 0, "likes": {"groups": [], "count": 0}, "id": "5723fa2d498ed6f5cd438659", "text": "No corkage. Move stemware", "type": "user", "user": {"gender": "male", "id": "4728639", "photo": {"prefix": "https://igx.4sqi.net/img/user/", "suffix": "/4728639-T2KPFUDJWRPCQMPP.jpg"}, "firstName": "Peter", "lastName": "Tan"}, "canonicalUrl": "https://foursquare.com/item/5723fa2d498ed6f5cd438659", "todo": {"count": 0}, "disagreeCount": 0}, {"logView": true, "lang": "en", "createdAt": 1438486009, "agreeCount": 0, "likes": {"groups": [], "count": 0}, "id": "55bd8df9498e642627d2ecf4", "text": "There r now six private rooms, seating betw 8-12 ppl each. Some of the rooms can be combined to host up to 40pax", "type": "user", "user": {"gender": "male", "id": "231366", "photo": {"prefix": "https://igx.4sqi.net/img/user/", "suffix": "/231366-Q2ZSAEF50GYUXPDA.jpg"}, "firstName": "Cheen", "lastName": "The Curious"}, "canonicalUrl": "https://foursquare.com/item/55bd8df9498e642627d2ecf4", "todo": {"count": 0}, "disagreeCount": 0}, {"logView": true, "lang": "en", "createdAt": 1402724326, "agreeCount": 0, "likes": {"groups": [], "count": 0}, "id": "539bdfe6498e17d999e4e921", "text": "Nice food:)", "type": "user", "user": {"gender": "female", "id": "73355407", "photo": {"prefix": "https://igx.4sqi.net/img/user/", "suffix": "/73355407-D2NSY5GIM5MSB5RM.jpg"}, "firstName": "Sunia", "lastName": "Shine"}, "canonicalUrl": "https://foursquare.com/item/539bdfe6498e17d999e4e921", "todo": {"count": 0}, "disagreeCount": 0}, {"logView": true, "lang": "en", "createdAt": 1293279028, "agreeCount": 0, "likes": {"groups": [], "count": 0}, "id": "4d15df34cc216ea8430f66d3", "text": "Claypot pig vein is YUM", "type": "user", "user": {"gender": "male", "id": "2996530", "photo": {"prefix": "https://igx.4sqi.net/img/user/", "suffix": "/F0BMT0YIJOA5HL02.jpg"}, "firstName": "Lawrence", "lastName": "Leong"}, "canonicalUrl": "https://foursquare.com/item/4d15df34cc216ea8430f66d3", "todo": {"count": 0}, "disagreeCount": 0}, {"logView": true, "lang": "en", "createdAt": 1293279148, "agreeCount": 0, "likes": {"groups": [], "count": 0}, "id": "4d15dfac401db60c03a5e2a4", "text": "Steam Tiger Fish head is YUM!!", "type": "user", "user": {"gender": "male", "id": "2996530", "photo": {"prefix": "https://igx.4sqi.net/img/user/", "suffix": "/F0BMT0YIJOA5HL02.jpg"}, "firstName": "Lawrence", "lastName": "Leong"}, "canonicalUrl": "https://foursquare.com/item/4d15dfac401db60c03a5e2a4", "todo": {"count": 0}, "disagreeCount": 0}, {"logView": true, "lang": "en", "createdAt": 1302878608, "agreeCount": 0, "likes": {"groups": [], "count": 0}, "id": "4da85990a86e68edb7dab23a", "text": "Cantonese roast duck drum here is YUM!!", "type": "user", "user": {"gender": "male", "id": "2996530", "photo": {"prefix": "https://igx.4sqi.net/img/user/", "suffix": "/F0BMT0YIJOA5HL02.jpg"}, "firstName": "Lawrence", "lastName": "Leong"}, "canonicalUrl": "https://foursquare.com/item/4da85990a86e68edb7dab23a", "todo": {"count": 0}, "disagreeCount": 0}, {"authorInteractionType": "liked", "logView": true, "lang": "en", "createdAt": 1324982977, "agreeCount": 0, "likes": {"groups": [], "count": 0}, "id": "4ef9a2c1f9ab2e6683ddc510", "text": "Best Chinese restaurant for wine and dine. Excellent food and wine selections. Best of all no corkage and they uses riedel glass.", "type": "user", "user": {"id": "3165365", "photo": {"prefix": "https://igx.4sqi.net/img/user/", "suffix": "/3165365-KKBW0HP0YTN2SOV5.jpg"}, "firstName": "En Wee", "gender": "male"}, "canonicalUrl": "https://foursquare.com/item/4ef9a2c1f9ab2e6683ddc510", "todo": {"count": 0}, "disagreeCount": 0}, {"logView": true, "lang": "en", "createdAt": 1308407806, "agreeCount": 0, "likes": {"groups": [], "count": 0}, "id": "4dfcb7fee4cdbe059c39df92", "text": "Steamboat here is Shiok!!", "type": "user", "user": {"gender": "male", "id": "2996530", "photo": {"prefix": "https://igx.4sqi.net/img/user/", "suffix": "/F0BMT0YIJOA5HL02.jpg"}, "firstName": "Lawrence", "lastName": "Leong"}, "canonicalUrl": "https://foursquare.com/item/4dfcb7fee4cdbe059c39df92", "todo": {"count": 0}, "disagreeCount": 0}, {"logView": true, "lang": "en", "createdAt": 1302878384, "agreeCount": 0, "likes": {"groups": [], "count": 0}, "id": "4da858b081541df437ba6302", "text": "Cantonese crispy beef belly is YUM!!", "type": "user", "user": {"gender": "male", "id": "2996530", "photo": {"prefix": "https://igx.4sqi.net/img/user/", "suffix": "/F0BMT0YIJOA5HL02.jpg"}, "firstName": "Lawrence", "lastName": "Leong"}, "canonicalUrl": "https://foursquare.com/item/4da858b081541df437ba6302", "todo": {"count": 0}, "disagreeCount": 0}, {"logView": true, "lang": "en", "createdAt": 1404232347, "agreeCount": 0, "likes": {"groups": [], "count": 0}, "id": "53b2e29b498efda46d096fe8", "text": "The food is very good.", "type": "user", "user": {"gender": "male", "id": "11421170", "photo": {"prefix": "https://igx.4sqi.net/img/user/", "suffix": "/11421170-VLIDUAQVSBZU2CB1.jpg"}, "firstName": "Gunawan", "lastName": "Tedjo"}, "canonicalUrl": "https://foursquare.com/item/53b2e29b498efda46d096fe8", "todo": {"count": 0}, "disagreeCount": 0}, {"logView": true, "lang": "en", "createdAt": 1292942083, "agreeCount": 0, "likes": {"groups": [], "count": 0}, "id": "4d10bb03cf09a14378fb2d0f", "text": "Try the salted Pork Chop and is YUM!!", "type": "user", "user": {"gender": "male", "id": "2996530", "photo": {"prefix": "https://igx.4sqi.net/img/user/", "suffix": "/F0BMT0YIJOA5HL02.jpg"}, "firstName": "Lawrence", "lastName": "Leong"}, "canonicalUrl": "https://foursquare.com/item/4d10bb03cf09a14378fb2d0f", "todo": {"count": 0}, "disagreeCount": 0}, {"logView": true, "lang": "en", "createdAt": 1418671060, "agreeCount": 0, "likes": {"groups": [], "count": 0}, "id": "548f33d4498e7536a74b575c", "text": "Food here is consistently delicious with wide variety of wine. BYO also allowed.", "type": "user", "user": {"gender": "male", "id": "102126017", "photo": {"prefix": "https://igx.4sqi.net/img/user/", "suffix": "/102126017-2J2AAEQLAD3YDJJ3.jpg"}, "firstName": "Choo Yao Chuen", "lastName": "Yao Chuen"}, "canonicalUrl": "https://foursquare.com/item/548f33d4498e7536a74b575c", "todo": {"count": 0}, "disagreeCount": 0}, {"logView": true, "lang": "en", "createdAt": 1308407975, "agreeCount": 0, "likes": {"groups": [], "count": 0}, "id": "4dfcb8a7227185f38b95a522", "text": "Yellow Eel for steamboat is YUM!!", "type": "user", "user": {"gender": "male", "id": "2996530", "photo": {"prefix": "https://igx.4sqi.net/img/user/", "suffix": "/F0BMT0YIJOA5HL02.jpg"}, "firstName": "Lawrence", "lastName": "Leong"}, "canonicalUrl": "https://foursquare.com/item/4dfcb8a7227185f38b95a522", "todo": {"count": 0}, "disagreeCount": 0}, {"logView": true, "lang": "en", "createdAt": 1308783954, "agreeCount": 1, "likes": {"groups": [{"items": [{"gender": "male", "id": "76713217", "photo": {"prefix": "https://igx.4sqi.net/img/user/", "suffix": "/76713217-C3OPUILJWVHBMLI2.jpg"}, "firstName": "\ud83c\udd70LI\ud83c\udde7\ud83c\uddfe\ud83e\udd14", "lastName": "\ud83c\udd70LANTYEV\ud83c\uddf0\ud83c\uddff\u269c\ufe0f"}], "count": 1, "type": "others"}], "summary": "1 like", "count": 1}, "id": "4e02755262e189f23d661c87", "text": "V good \"Lap Mei fan\", geoduck sashimi, and fried frogs legs.", "type": "user", "user": {"gender": "male", "id": "4130743", "photo": {"prefix": "https://igx.4sqi.net/img/user/", "suffix": "/JR3TXWO2QSFHNM13.jpg"}, "firstName": "Ronnie", "lastName": "Wee"}, "canonicalUrl": "https://foursquare.com/item/4e02755262e189f23d661c87", "todo": {"count": 0}, "disagreeCount": 0}, {"logView": true, "lang": "en", "createdAt": 1292954586, "agreeCount": 0, "likes": {"groups": [{"items": [], "count": 1, "type": "others"}], "summary": "1 like", "count": 1}, "id": "4d10ebda71e8a1cd4fb983bd", "text": "3 color base eggs with yuen choi is YUM!!", "type": "user", "user": {"gender": "male", "id": "2996530", "photo": {"prefix": "https://igx.4sqi.net/img/user/", "suffix": "/F0BMT0YIJOA5HL02.jpg"}, "firstName": "Lawrence", "lastName": "Leong"}, "canonicalUrl": "https://foursquare.com/item/4d10ebda71e8a1cd4fb983bd", "todo": {"count": 0}, "disagreeCount": 0}, {"authorInteractionType": "liked", "logView": true, "lang": "en", "createdAt": 1460383127, "agreeCount": 0, "likes": {"groups": [], "count": 0}, "id": "570bad97498e596112bb365d", "text": "Amazing durian mochi", "type": "user", "user": {"gender": "male", "id": "363098", "photo": {"prefix": "https://igx.4sqi.net/img/user/", "suffix": "/HUNXVZZUBBUG2WSF.jpg"}, "firstName": "Vincent", "lastName": "Tan"}, "canonicalUrl": "https://foursquare.com/item/570bad97498e596112bb365d", "todo": {"count": 0}, "disagreeCount": 0}, {"logView": true, "lang": "en", "createdAt": 1302886590, "agreeCount": 0, "likes": {"groups": [], "count": 0}, "id": "4da878befa8c4175d0ba9001", "text": "Sashimi Bamboo Clams is YUM!!", "type": "user", "user": {"gender": "male", "id": "2996530", "photo": {"prefix": "https://igx.4sqi.net/img/user/", "suffix": "/F0BMT0YIJOA5HL02.jpg"}, "firstName": "Lawrence", "lastName": "Leong"}, "canonicalUrl": "https://foursquare.com/item/4da878befa8c4175d0ba9001", "todo": {"count": 0}, "disagreeCount": 0}, {"logView": true, "lang": "en", "createdAt": 1293130404, "agreeCount": 0, "likes": {"groups": [], "count": 0}, "id": "4d139aa440e65481469f981a", "text": "The La Wei rice is Yum!!!", "type": "user", "user": {"gender": "male", "id": "2996530", "photo": {"prefix": "https://igx.4sqi.net/img/user/", "suffix": "/F0BMT0YIJOA5HL02.jpg"}, "firstName": "Lawrence", "lastName": "Leong"}, "canonicalUrl": "https://foursquare.com/item/4d139aa440e65481469f981a", "todo": {"count": 0}, "disagreeCount": 0}, {"logView": true, "lang": "en", "createdAt": 1308408157, "agreeCount": 0, "likes": {"groups": [], "count": 0}, "id": "4dfcb95dae6033b2a475689b", "text": "Seabass fillet for steamboat is YUM!!", "type": "user", "user": {"gender": "male", "id": "2996530", "photo": {"prefix": "https://igx.4sqi.net/img/user/", "suffix": "/F0BMT0YIJOA5HL02.jpg"}, "firstName": "Lawrence", "lastName": "Leong"}, "canonicalUrl": "https://foursquare.com/item/4dfcb95dae6033b2a475689b", "todo": {"count": 0}, "disagreeCount": 0}, {"authorInteractionType": "disliked", "logView": true, "lang": "en", "createdAt": 1413690262, "agreeCount": 0, "likes": {"groups": [], "count": 0}, "id": "54433396498e37af8c67e39d", "text": "Stay away from the beef ball (\u5c71\u7af9\u725b\u8089\u7403) dim sum. Not good at all! \ud83d\ude35", "type": "user", "user": {"gender": "male", "id": "65452571", "photo": {"prefix": "https://igx.4sqi.net/img/user/", "suffix": "/65452571-JYFGYNW02QVDB54L.jpg"}, "firstName": "Andrew", "lastName": "C."}, "canonicalUrl": "https://foursquare.com/item/54433396498e37af8c67e39d", "todo": {"count": 0}, "disagreeCount": 0}, {"logView": true, "lang": "en", "createdAt": 1308408194, "agreeCount": 0, "likes": {"groups": [], "count": 0}, "id": "4dfcb982d22d879302f62585", "text": "Wanton for steamboat is YUM!!", "type": "user", "user": {"gender": "male", "id": "2996530", "photo": {"prefix": "https://igx.4sqi.net/img/user/", "suffix": "/F0BMT0YIJOA5HL02.jpg"}, "firstName": "Lawrence", "lastName": "Leong"}, "canonicalUrl": "https://foursquare.com/item/4dfcb982d22d879302f62585", "todo": {"count": 0}, "disagreeCount": 0}, {"logView": true, "lang": "en", "createdAt": 1293448937, "agreeCount": 0, "likes": {"groups": [], "count": 0}, "id": "4d1876e985fc6dcb4d49b54e", "text": "Try the white TE KOKO 2007 is a good one!!", "type": "user", "user": {"gender": "male", "id": "2996530", "photo": {"prefix": "https://igx.4sqi.net/img/user/", "suffix": "/F0BMT0YIJOA5HL02.jpg"}, "firstName": "Lawrence", "lastName": "Leong"}, "canonicalUrl": "https://foursquare.com/item/4d1876e985fc6dcb4d49b54e", "todo": {"count": 0}, "disagreeCount": 0}, {"logView": true, "lang": "en", "createdAt": 1303036993, "agreeCount": 0, "likes": {"groups": [], "count": 0}, "id": "4daac4411e72c1ab9bfb6977", "text": "Claypot Crabs Porridge is YUM!!", "type": "user", "user": {"gender": "male", "id": "2996530", "photo": {"prefix": "https://igx.4sqi.net/img/user/", "suffix": "/F0BMT0YIJOA5HL02.jpg"}, "firstName": "Lawrence", "lastName": "Leong"}, "canonicalUrl": "https://foursquare.com/item/4daac4411e72c1ab9bfb6977", "todo": {"count": 0}, "disagreeCount": 0}, {"authorInteractionType": "liked", "logView": true, "lang": "en", "createdAt": 1407773621, "agreeCount": 0, "likes": {"groups": [], "count": 0}, "id": "53e8ebb5498ea5df421508e4", "text": "Food, service except noise", "type": "user", "user": {"id": "966751", "photo": {"prefix": "https://igx.4sqi.net/img/user/", "suffix": "/ZMQ1GDZCPYPB2UHP.jpg"}, "firstName": "iPris", "gender": "female"}, "canonicalUrl": "https://foursquare.com/item/53e8ebb5498ea5df421508e4", "todo": {"count": 0}, "disagreeCount": 0}, {"logView": true, "lang": "en", "createdAt": 1294549757, "agreeCount": 0, "likes": {"groups": [], "count": 0}, "id": "4d2942fd77a2a1cddf9e6ab7", "text": "Custard bun here is fantastic! Must have!", "type": "user", "user": {"gender": "male", "id": "5652548", "photo": {"prefix": "https://igx.4sqi.net/img/user/", "suffix": "/5TOIBI3NIPM1SONU.jpg"}, "firstName": "Sebastien", "lastName": "Sim"}, "canonicalUrl": "https://foursquare.com/item/4d2942fd77a2a1cddf9e6ab7", "todo": {"count": 0}, "disagreeCount": 0}, {"authorInteractionType": "disliked", "logView": true, "lang": "en", "createdAt": 1413698430, "agreeCount": 0, "likes": {"groups": [], "count": 0}, "id": "5443537e498ecb4a7f48bb25", "text": "I feel like the quality overall has gone down... \ud83d\ude15", "type": "user", "user": {"gender": "male", "id": "65452571", "photo": {"prefix": "https://igx.4sqi.net/img/user/", "suffix": "/65452571-JYFGYNW02QVDB54L.jpg"}, "firstName": "Andrew", "lastName": "C."}, "canonicalUrl": "https://foursquare.com/item/5443537e498ecb4a7f48bb25", "todo": {"count": 0}, "disagreeCount": 0}, {"authorInteractionType": "liked", "logView": true, "lang": "en", "createdAt": 1326593841, "agreeCount": 2, "likes": {"groups": [{"items": [{"gender": "male", "id": "5206831", "photo": {"prefix": "https://igx.4sqi.net/img/user/", "suffix": "/NKDBOWSL1KVMMFJF.jpg"}, "firstName": "SY", "lastName": "Chou"}, {"gender": "male", "id": "77415376", "photo": {"prefix": "https://igx.4sqi.net/img/user/", "suffix": "/77415376-FGGSSKIT0OJOQTSM.jpg"}, "firstName": "Keith", "lastName": "Tan"}], "count": 2, "type": "others"}], "summary": "2 likes", "count": 2}, "id": "4f123731e4b0d59e20def37f", "text": "Best BYO restaurant in Singapore and with a very balanced priced wine menu to boot! Good Cantonese dishes.", "type": "user", "user": {"gender": "male", "id": "5206831", "photo": {"prefix": "https://igx.4sqi.net/img/user/", "suffix": "/NKDBOWSL1KVMMFJF.jpg"}, "firstName": "SY", "lastName": "Chou"}, "canonicalUrl": "https://foursquare.com/item/4f123731e4b0d59e20def37f", "todo": {"count": 0}, "disagreeCount": 0}, {"authorInteractionType": "meh", "logView": true, "lang": "en", "createdAt": 1411481505, "agreeCount": 0, "likes": {"groups": [], "count": 0}, "id": "54217fa1498e251deddc2d73", "text": "Used to be one of my favorite Chinese restaurants. Quality seems to have declined in the past year.", "type": "user", "user": {"gender": "male", "id": "536955", "photo": {"prefix": "https://igx.4sqi.net/img/user/", "suffix": "/536955-0I3H0I3PWX4OO1AB.jpg"}, "firstName": "Wen", "lastName": "Huang"}, "canonicalUrl": "https://foursquare.com/item/54217fa1498e251deddc2d73", "todo": {"count": 0}, "disagreeCount": 0}, {"logView": true, "lang": "en", "createdAt": 1348419135, "agreeCount": 0, "likes": {"groups": [], "count": 0}, "id": "505f3e3fe4b0adefc40f0f60", "text": "Food here is good!", "type": "user", "user": {"gender": "none", "id": "30553602", "photo": {"prefix": "https://igx.4sqi.net/img/user/", "suffix": "/BA3DZUXGG11JFQAL.jpg"}, "firstName": "Jee", "lastName": "Wong"}, "canonicalUrl": "https://foursquare.com/item/505f3e3fe4b0adefc40f0f60", "todo": {"count": 0}, "disagreeCount": 0}, {"logView": true, "lang": "en", "createdAt": 1271398059, "todo": {"count": 0}, "agreeCount": 0, "likes": {"groups": [], "count": 0}, "id": "4bc7feab70c603bbeb0198b4", "text": "Excellent Chinese food. This is a must-visit during the hairy crab season. Try their shark bone soup too!", "disagreeCount": 0, "url": "http://www.jadepalace.com.sg/", "user": {"id": "646224", "photo": {"prefix": "https://igx.4sqi.net/img/user/", "suffix": "/646224-VJTVTWH5DD3G33XC.jpg"}, "firstName": "Jem", "gender": "female"}, "canonicalUrl": "https://foursquare.com/item/4bc7feab70c603bbeb0198b4", "type": "user"}, {"logView": true, "lang": "en", "createdAt": 1308407886, "agreeCount": 0, "likes": {"groups": [], "count": 0}, "id": "4dfcb84e227185f38b95a3dc", "text": "Snow Crab for steamboat.. YUM!!", "type": "user", "user": {"gender": "male", "id": "2996530", "photo": {"prefix": "https://igx.4sqi.net/img/user/", "suffix": "/F0BMT0YIJOA5HL02.jpg"}, "firstName": "Lawrence", "lastName": "Leong"}, "canonicalUrl": "https://foursquare.com/item/4dfcb84e227185f38b95a3dc", "todo": {"count": 0}, "disagreeCount": 0}, {"logView": true, "lang": "en", "createdAt": 1325830056, "agreeCount": 0, "likes": {"groups": [], "count": 0}, "id": "4f068fa80e016a89e84439ed", "text": "mamamia...", "type": "user", "user": {"gender": "female", "id": "19159401", "photo": {"prefix": "https://igx.4sqi.net/img/user/", "suffix": "/MXYKKKWCPPGHLB1T.jpg"}, "firstName": "Angel", "lastName": "Moetz"}, "canonicalUrl": "https://foursquare.com/item/4f068fa80e016a89e84439ed", "todo": {"count": 0}, "disagreeCount": 0}], "count": 50}}}