{"meta": {"code": 200, "requestId": "595a5743351e3d64b04bc9d4"}, "response": {"tips": {"items": [{"logView": true, "lang": "en", "createdAt": 1337167227, "agreeCount": 2, "likes": {"groups": [{"items": [{"gender": "female", "id": "50037990", "photo": {"prefix": "https://igx.4sqi.net/img/user/", "suffix": "/50037990-BA252GOUHD0IGCZD.jpg"}, "firstName": "Lovey", "lastName": "Siti"}, {"gender": "male", "id": "3348908", "photo": {"prefix": "https://igx.4sqi.net/img/user/", "suffix": "/3348908-4IQRRSJL0N1LF2QX.jpg"}, "firstName": "Alan", "lastName": "Reeves"}], "count": 2, "type": "others"}], "summary": "2 likes", "count": 2}, "id": "4fb38d7be4b06ee05afd8c76", "text": "The service here is slow during peak hrs! N if u come in 2 they won't serve u e bigger table! Suck! My hubby is carrying helmet they expect him to put on floor!!!", "type": "user", "user": {"id": "5647884", "photo": {"prefix": "https://igx.4sqi.net/img/user/", "suffix": "/T1AVBL4DROUGMLJZ.jpg"}, "firstName": "Babyytears", "gender": "female"}, "canonicalUrl": "https://foursquare.com/item/4fb38d7be4b06ee05afd8c76", "todo": {"count": 0}, "disagreeCount": 0}, {"authorInteractionType": "liked", "logView": true, "lang": "en", "photo": {"id": "556ab29c498e6e6a22be433d", "visibility": "public", "source": {"name": "Foursquare for iOS", "url": "https://foursquare.com/download/#/iphone"}, "suffix": "/2637421_PK4s1IScH_jJmzz1aahNWNqb08JFRlABflrzjeRvzw8.jpg", "createdAt": 1433055900, "prefix": "https://igx.4sqi.net/img/general/", "width": 1440, "height": 1440}, "createdAt": 1433055886, "todo": {"count": 0}, "agreeCount": 0, "likes": {"groups": [], "count": 0}, "id": "556ab28e498efdf0d24c5cf3", "text": "The Pasta Set Lunch is value for money. Student meal is less than $10. Main course + soup + drink. Worth the money.", "disagreeCount": 0, "user": {"gender": "male", "id": "2637421", "photo": {"prefix": "https://igx.4sqi.net/img/user/", "suffix": "/2637421-BID0O40Y4IOARM2V.jpg"}, "firstName": "Richard", "lastName": "Jang"}, "canonicalUrl": "https://foursquare.com/item/556ab28e498efdf0d24c5cf3", "type": "user", "photourl": "https://igx.4sqi.net/img/general/original/2637421_PK4s1IScH_jJmzz1aahNWNqb08JFRlABflrzjeRvzw8.jpg"}, {"logView": true, "lang": "en", "createdAt": 1320042372, "agreeCount": 0, "likes": {"groups": [], "count": 0}, "id": "4eae3f84b63433968813b701", "text": "Standards drop way down low. 2 thumbs down", "type": "user", "user": {"gender": "none", "id": "12284831", "photo": {"prefix": "https://igx.4sqi.net/img/user/", "suffix": "/2LQJKQCHQQF5CITW.jpg"}, "firstName": "Yeo", "lastName": "Bao Wen"}, "canonicalUrl": "https://foursquare.com/item/4eae3f84b63433968813b701", "todo": {"count": 0}, "disagreeCount": 0}, {"logView": true, "lang": "en", "createdAt": 1381491462, "agreeCount": 0, "likes": {"groups": [], "count": 0}, "id": "5257e306498e13deee90a34d", "text": "Eating dinner with friend!", "type": "user", "user": {"gender": "female", "id": "62637157", "photo": {"prefix": "https://igx.4sqi.net/img/user/", "suffix": "/62637157-EKWO5K3KMPGCRYUV.jpg"}, "firstName": "Wong", "lastName": "Jiaqi"}, "canonicalUrl": "https://foursquare.com/item/5257e306498e13deee90a34d", "todo": {"count": 0}, "disagreeCount": 0}, {"logView": true, "lang": "en", "createdAt": 1382115830, "agreeCount": 0, "likes": {"groups": [], "count": 0}, "id": "526169f6498e0ba9f794220a", "text": "There's a supervisor named Mervin who offers poor service. Hopefully, you don't get to be served by him.", "type": "user", "user": {"gender": "male", "id": "6025393", "photo": {"prefix": "https://igx.4sqi.net/img/user/", "suffix": "/6025393_saegm2t3_u59apDqL4_BldcRe1F19_5LfwTfcsatzWiZLr0sovqs1OKjVm7hIAvf39Lnx1KaK.jpg"}, "firstName": "K", "lastName": "T"}, "canonicalUrl": "https://foursquare.com/item/526169f6498e0ba9f794220a", "todo": {"count": 0}, "disagreeCount": 0}, {"logView": true, "lang": "en", "createdAt": 1365334083, "agreeCount": 0, "likes": {"groups": [], "count": 0}, "id": "51615843e4b01371393c88c2", "text": "Service is super slow esp during wkends!!!", "type": "user", "user": {"gender": "female", "id": "50037990", "photo": {"prefix": "https://igx.4sqi.net/img/user/", "suffix": "/50037990-BA252GOUHD0IGCZD.jpg"}, "firstName": "Lovey", "lastName": "Siti"}, "canonicalUrl": "https://foursquare.com/item/51615843e4b01371393c88c2", "todo": {"count": 0}, "disagreeCount": 0}, {"logView": true, "lang": "en", "createdAt": 1271934781, "agreeCount": 0, "likes": {"groups": [], "count": 0}, "id": "4bd02f3d70c603bb76c398b4", "text": "$12.90 for 5 course dinner special. Consist of soup of the day, starter (criss cross fries), one main course, beverage and dessert of the day.", "type": "user", "user": {"gender": "male", "id": "174952", "photo": {"prefix": "https://igx.4sqi.net/img/user/", "suffix": "/MSRL0FLGFE00NNMG.jpg"}, "firstName": "Felix", "lastName": "Ker"}, "canonicalUrl": "https://foursquare.com/item/4bd02f3d70c603bb76c398b4", "todo": {"count": 1}, "disagreeCount": 0}, {"logView": true, "lang": "en", "createdAt": 1381491131, "agreeCount": 0, "likes": {"groups": [], "count": 0}, "id": "5257e1bb11d2fc94d9eba0d6", "text": "Now eating dinner with friend!", "type": "user", "user": {"gender": "female", "id": "62637157", "photo": {"prefix": "https://igx.4sqi.net/img/user/", "suffix": "/62637157-EKWO5K3KMPGCRYUV.jpg"}, "firstName": "Wong", "lastName": "Jiaqi"}, "canonicalUrl": "https://foursquare.com/item/5257e1bb11d2fc94d9eba0d6", "todo": {"count": 0}, "disagreeCount": 0}, {"logView": true, "lang": "en", "createdAt": 1367993881, "agreeCount": 0, "likes": {"groups": [], "count": 0}, "id": "5189ee19498e9d6cd5770130", "text": "Good food!", "type": "user", "user": {"gender": "female", "id": "55337948", "photo": {"prefix": "https://igx.4sqi.net/img/user/", "suffix": "/0MVMX5VYPWHGNDDF.jpg"}, "firstName": "Maria", "lastName": "Alabastro"}, "canonicalUrl": "https://foursquare.com/item/5189ee19498e9d6cd5770130", "todo": {"count": 0}, "disagreeCount": 0}, {"logView": true, "lang": "en", "createdAt": 1329630464, "agreeCount": 0, "likes": {"groups": [], "count": 0}, "id": "4f408d00e4b01e824dbfc87b", "text": "Warm water comes in a nice cup!!", "type": "user", "user": {"gender": "male", "id": "18924704", "photo": {"prefix": "https://igx.4sqi.net/img/user/", "suffix": "/Z5BLB2LYGI2HTCQL.jpg"}, "firstName": "Ashwin", "lastName": "Jeeva"}, "canonicalUrl": "https://foursquare.com/item/4f408d00e4b01e824dbfc87b", "todo": {"count": 0}, "disagreeCount": 0}, {"authorInteractionType": "liked", "logView": true, "lang": "en", "photo": {"id": "55f16032498e0e0f82b0e7a4", "visibility": "public", "source": {"name": "Swarm for iOS", "url": "https://www.swarmapp.com"}, "suffix": "/25043100_0EGNtweQdXiB-WXY8g_S1YDrDOcVyJ89F2suVpTtb4M.jpg", "createdAt": 1441882162, "prefix": "https://igx.4sqi.net/img/general/", "width": 1440, "height": 1920}, "createdAt": 1441882162, "todo": {"count": 0}, "agreeCount": 0, "likes": {"groups": [], "count": 0}, "id": "55f16032498e0e0f82b0e7a5", "text": "Eating with some one special", "disagreeCount": 0, "user": {"gender": "male", "id": "25043100", "photo": {"prefix": "https://igx.4sqi.net/img/user/", "suffix": "/25043100-XVH4WHAORFHYPNZB.jpg"}, "firstName": "Theng Sin", "lastName": "Chong"}, "canonicalUrl": "https://foursquare.com/item/55f16032498e0e0f82b0e7a5", "type": "user", "photourl": "https://igx.4sqi.net/img/general/original/25043100_0EGNtweQdXiB-WXY8g_S1YDrDOcVyJ89F2suVpTtb4M.jpg"}, {"logView": true, "lang": "en", "createdAt": 1333263777, "agreeCount": 0, "likes": {"groups": [], "count": 0}, "id": "4f77fda1e4b055c7612f0072", "text": "Fucked up service ever! Worst pizza hut joint experience!!!", "type": "user", "user": {"gender": "female", "id": "6742462", "photo": {"prefix": "https://igx.4sqi.net/img/user/", "suffix": "/VTRTLVU3N0CGP3LP.jpg"}, "firstName": "Nana", "lastName": "Anuar"}, "canonicalUrl": "https://foursquare.com/item/4f77fda1e4b055c7612f0072", "todo": {"count": 0}, "disagreeCount": 0}], "count": 12}}}