{"meta": {"code": 200, "requestId": "595a4d96351e3d64b143f942"}, "response": {"tips": {"items": [{"authorInteractionType": "liked", "logView": true, "lang": "en", "createdAt": 1412519247, "agreeCount": 0, "likes": {"groups": [], "count": 0}, "id": "5431554f498ed3bcb27c33c9", "text": "Foie gras: 10 points!!", "type": "user", "user": {"gender": "male", "id": "10633661", "photo": {"prefix": "https://igx.4sqi.net/img/user/", "suffix": "/10633661-JC1SWCASWD3JY4LA.jpg"}, "firstName": "Gast\u00f3n", "lastName": "Soto Denegri"}, "canonicalUrl": "https://foursquare.com/item/5431554f498ed3bcb27c33c9", "todo": {"count": 0}, "disagreeCount": 0}, {"logView": true, "lang": "en", "photo": {"id": "5443cd10498e09e9dff627aa", "visibility": "public", "source": {"name": "Foursquare for iOS", "url": "https://foursquare.com/download/#/iphone"}, "suffix": "/83608823_yjzzXr_62dCuGNmXJrMOxEh-BxILlQwrOGL3ExDaxB8.jpg", "createdAt": 1413729552, "prefix": "https://igx.4sqi.net/img/general/", "width": 720, "height": 960}, "createdAt": 1413729550, "todo": {"count": 0}, "agreeCount": 0, "likes": {"groups": [], "count": 0}, "id": "5443cd0e498ecb4a7f4fd2ab", "text": "The Kong Bak Pau I liked! Thick cuts of pork belly that has been stewed! I liked that it was not overly spiced! Try it!", "disagreeCount": 0, "user": {"gender": "female", "id": "83608823", "photo": {"prefix": "https://igx.4sqi.net/img/user/", "suffix": "/83608823-WQJ4KTFAVOHFARLI.jpg"}, "firstName": "Dora", "lastName": "Choo"}, "canonicalUrl": "https://foursquare.com/item/5443cd0e498ecb4a7f4fd2ab", "type": "user", "photourl": "https://igx.4sqi.net/img/general/original/83608823_yjzzXr_62dCuGNmXJrMOxEh-BxILlQwrOGL3ExDaxB8.jpg"}, {"logView": true, "lang": "en", "createdAt": 1387371809, "agreeCount": 0, "likes": {"groups": [], "count": 0}, "id": "52b19d21498e43ad80209234", "text": "Crab is good!!!", "type": "user", "user": {"gender": "male", "id": "70792222", "photo": {"prefix": "https://igx.4sqi.net/img/user/", "suffix": "/5MCQAINGWZ2NRAAV.jpg"}, "firstName": "Cj", "lastName": "Lim"}, "canonicalUrl": "https://foursquare.com/item/52b19d21498e43ad80209234", "todo": {"count": 0}, "disagreeCount": 0}, {"logView": true, "lang": "en", "photo": {"id": "57f7fee1498ede0c75981159", "visibility": "public", "source": {"name": "Foursquare Web", "url": "https://foursquare.com"}, "suffix": "/6306884_C3Bzr7MgjAh1R6DVjkVMsMI5Mt9zNhWCk88WAWQ6W7o.jpg", "createdAt": 1475870433, "prefix": "https://igx.4sqi.net/img/general/", "width": 640, "height": 640}, "createdAt": 1475870419, "todo": {"count": 0}, "agreeCount": 0, "likes": {"groups": [], "count": 0}, "id": "57f7fed3498ec4af1898b48f", "text": "Happened to come across this drinks promotion (applicable on Facebook) while we were seated at the table facing this notice written at one of the pillar \ud83d\ude03", "disagreeCount": 0, "user": {"gender": "female", "id": "6306884", "photo": {"prefix": "https://igx.4sqi.net/img/user/", "suffix": "/6306884-L21LWV3MMZFIVU5F"}, "firstName": "Jess", "lastName": "Thia"}, "canonicalUrl": "https://foursquare.com/item/57f7fed3498ec4af1898b48f", "type": "user", "photourl": "https://igx.4sqi.net/img/general/original/6306884_C3Bzr7MgjAh1R6DVjkVMsMI5Mt9zNhWCk88WAWQ6W7o.jpg"}, {"logView": true, "lang": "en", "createdAt": 1407065218, "agreeCount": 0, "likes": {"groups": [], "count": 0}, "id": "53de1c82498efd5f11a7b6bb", "text": "Don't bother coming here, the service suck and the food are mediocre. Ordered their black angus beef and it's not bad. The rest are just blah.", "type": "user", "user": {"gender": "female", "id": "13628231", "photo": {"prefix": "https://igx.4sqi.net/img/user/", "suffix": "/13628231-4J1K2XVNV1HI3AE5.jpg"}, "firstName": "Michelle", "lastName": "Evangeline"}, "canonicalUrl": "https://foursquare.com/item/53de1c82498efd5f11a7b6bb", "todo": {"count": 0}, "disagreeCount": 0}, {"logView": true, "lang": "en", "createdAt": 1449297011, "agreeCount": 0, "likes": {"groups": [], "count": 0}, "id": "56628473498e2529ca46a49e", "text": "Try the garlic crab", "type": "user", "user": {"gender": "male", "id": "44036359", "photo": {"prefix": "https://igx.4sqi.net/img/user/", "suffix": "/OQ5HQF1A3ZDM1ZIL.jpg"}, "firstName": "Anthony", "lastName": "Yeap"}, "canonicalUrl": "https://foursquare.com/item/56628473498e2529ca46a49e", "todo": {"count": 0}, "disagreeCount": 0}, {"logView": true, "lang": "en", "createdAt": 1426526476, "agreeCount": 0, "likes": {"groups": [], "count": 0}, "id": "5507110c498e2409ff77c892", "text": "what to eat", "type": "user", "user": {"gender": "male", "id": "121917298", "photo": {"prefix": "https://igx.4sqi.net/img/user/", "suffix": "/121917298-2TH2Z1SDRARXCI3D.jpg"}, "firstName": "Zin", "lastName": "Min"}, "canonicalUrl": "https://foursquare.com/item/5507110c498e2409ff77c892", "todo": {"count": 0}, "disagreeCount": 0}, {"logView": true, "lang": "en", "photo": {"id": "5443c9f5498e16df933edaff", "visibility": "public", "source": {"name": "Foursquare for iOS", "url": "https://foursquare.com/download/#/iphone"}, "suffix": "/83608823_F6flXLHsGHi-dNzacSwEgj26isL_er5hJNL_rWfDO1c.jpg", "createdAt": 1413728757, "prefix": "https://igx.4sqi.net/img/general/", "width": 960, "height": 720}, "createdAt": 1413728752, "todo": {"count": 1}, "agreeCount": 0, "likes": {"groups": [], "count": 0}, "id": "5443c9f0498e94ab1d8c05b0", "text": "The Foie Gras satay is almost melt in your mouth!!! \ud83d\ude0d", "disagreeCount": 0, "user": {"gender": "female", "id": "83608823", "photo": {"prefix": "https://igx.4sqi.net/img/user/", "suffix": "/83608823-WQJ4KTFAVOHFARLI.jpg"}, "firstName": "Dora", "lastName": "Choo"}, "canonicalUrl": "https://foursquare.com/item/5443c9f0498e94ab1d8c05b0", "type": "user", "photourl": "https://igx.4sqi.net/img/general/original/83608823_F6flXLHsGHi-dNzacSwEgj26isL_er5hJNL_rWfDO1c.jpg"}, {"authorInteractionType": "liked", "logView": true, "lang": "en", "createdAt": 1401153371, "agreeCount": 0, "likes": {"groups": [], "count": 0}, "id": "5383e75b498e5e44a16a1252", "text": "My favorite restaurant in Singapore hands down. The fried beef is a must. Egg yolk squid is also great as is the foie gras skewer. Jumbo sri lankan crabs are great--regular crabs mediocre.", "type": "user", "user": {"gender": "female", "id": "721286", "photo": {"prefix": "https://igx.4sqi.net/img/user/", "suffix": "/YABBZJGXOPXEGYA5.jpg"}, "firstName": "Angelica", "lastName": "Z"}, "canonicalUrl": "https://foursquare.com/item/5383e75b498e5e44a16a1252", "todo": {"count": 0}, "disagreeCount": 0}, {"authorInteractionType": "liked", "logView": true, "lang": "en", "photo": {"id": "53fdfa6f498ecac7e5d95046", "visibility": "public", "source": {"name": "Foursquare for iOS", "url": "https://foursquare.com/download/#/iphone"}, "suffix": "/46819999_8JWAc_B0ifrk2VA23xcLaMjyMUUJyE-ZrRJRxnNxCsU.jpg", "createdAt": 1409153647, "prefix": "https://igx.4sqi.net/img/general/", "width": 720, "height": 960}, "createdAt": 1409153643, "todo": {"count": 0}, "agreeCount": 0, "likes": {"groups": [], "count": 0}, "id": "53fdfa6b498ee05ba8c5523d", "text": "Another one of my favorites here \ud83d\ude0a Fragrant sambal with a good balance of acidity from the Assam \ud83d\udc4d\ud83d\udc4d\ud83d\udc4d", "disagreeCount": 0, "user": {"gender": "male", "id": "46819999", "photo": {"prefix": "https://igx.4sqi.net/img/user/", "suffix": "/46819999-SSI3RGKO3VGGBRWU.jpg"}, "firstName": "Vincent", "lastName": "Ang"}, "canonicalUrl": "https://foursquare.com/item/53fdfa6b498ee05ba8c5523d", "type": "user", "photourl": "https://igx.4sqi.net/img/general/original/46819999_8JWAc_B0ifrk2VA23xcLaMjyMUUJyE-ZrRJRxnNxCsU.jpg"}, {"authorInteractionType": "liked", "logView": true, "lang": "en", "createdAt": 1495202861, "agreeCount": 0, "likes": {"groups": [], "count": 0}, "id": "591efc2df96b2c6eb2aa975c", "text": "Salted egg crabs, chicken/pork satay, black angus beef steak and the durian can boleh! (creme br\u00fbl\u00e9e)", "type": "user", "user": {"id": "3142261", "photo": {"prefix": "https://igx.4sqi.net/img/user/", "suffix": "/AM51DNQP1ED5JZNS.jpg"}, "firstName": "grannypurse", "gender": "female"}, "canonicalUrl": "https://foursquare.com/item/591efc2df96b2c6eb2aa975c", "todo": {"count": 0}, "disagreeCount": 0}, {"logView": true, "lang": "en", "photo": {"id": "522b2d1e498eb2b23148bba7", "visibility": "public", "source": {"name": "Foursquare for iOS", "url": "https://foursquare.com/download/#/iphone"}, "suffix": "/728185_tRSQmSmuXD6K374vQ_s3SWuAdigYLdJ0WnniPfSKmqU.jpg", "createdAt": 1378561310, "prefix": "https://igx.4sqi.net/img/general/", "width": 720, "height": 720}, "createdAt": 1378561308, "todo": {"count": 0}, "agreeCount": 0, "likes": {"groups": [], "count": 0}, "id": "522b2d1c498e3247676e8f71", "text": "Must try their steak which comes with a beef fried rice too !", "disagreeCount": 0, "user": {"gender": "female", "id": "728185", "photo": {"prefix": "https://igx.4sqi.net/img/user/", "suffix": "/1B1YPSCCRI2MNSYJ.jpg"}, "firstName": "xinxiu", "lastName": "Hong"}, "canonicalUrl": "https://foursquare.com/item/522b2d1c498e3247676e8f71", "type": "user", "photourl": "https://igx.4sqi.net/img/general/original/728185_tRSQmSmuXD6K374vQ_s3SWuAdigYLdJ0WnniPfSKmqU.jpg"}, {"logView": true, "lang": "en", "createdAt": 1463147851, "agreeCount": 0, "likes": {"groups": [], "count": 0}, "id": "5735dd4b498eb441dd0476ef", "text": "Angka prawn with salted egg, lamb rack & heart attack rice with Angus beef are excellent", "type": "user", "user": {"id": "10224886", "photo": {"prefix": "https://igx.4sqi.net/img/user/", "suffix": "/WSTGKEHIUX033DCU.jpg"}, "firstName": "MAC", "gender": "none"}, "canonicalUrl": "https://foursquare.com/item/5735dd4b498eb441dd0476ef", "todo": {"count": 0}, "disagreeCount": 1}, {"authorInteractionType": "liked", "logView": true, "lang": "en", "createdAt": 1353227345, "agreeCount": 1, "likes": {"groups": [{"items": [{"gender": "male", "id": "552025", "photo": {"prefix": "https://igx.4sqi.net/img/user/", "suffix": "/JNV3Q20T2BEHJO3E.jpg"}, "firstName": "Brandon", "lastName": "Lee"}], "count": 1, "type": "others"}], "summary": "1 like", "count": 1}, "id": "50a89c51e4b069239e10b6db", "text": "don't order the steak + rice. it's all mine!", "type": "user", "user": {"gender": "male", "id": "29112", "photo": {"prefix": "https://igx.4sqi.net/img/user/", "suffix": "/NONXP5RXX2PIHTMF.jpg"}, "firstName": "Rocky", "lastName": "Chang"}, "canonicalUrl": "https://foursquare.com/item/50a89c51e4b069239e10b6db", "todo": {"count": 0}, "disagreeCount": 0}, {"authorInteractionType": "liked", "logView": true, "lang": "en", "photo": {"id": "58280032eaf46a4e328be4d4", "visibility": "public", "source": {"name": "Foursquare for iOS", "url": "https://foursquare.com/download/#/iphone"}, "suffix": "/61429677_kxgaN6bKdtSoX-XXMIj2VLwwbqIpNhg_cLb14nH2xuU.jpg", "createdAt": 1479016498, "prefix": "https://igx.4sqi.net/img/general/", "width": 1440, "height": 1440}, "createdAt": 1479016488, "todo": {"count": 0}, "agreeCount": 0, "likes": {"groups": [], "count": 0}, "id": "5828002887d6d904cfb8fbc7", "text": "Tucked away in the middle of an industrial estate but really worth the trek. Fantastic crab, good steak and the beef rice is dangerously good.", "disagreeCount": 0, "user": {"gender": "male", "id": "61429677", "photo": {"prefix": "https://igx.4sqi.net/img/user/", "suffix": "/61429677-3NIIK1XZJS3DQAKI.jpg"}, "firstName": "Mohamed", "lastName": "Vakil"}, "canonicalUrl": "https://foursquare.com/item/5828002887d6d904cfb8fbc7", "type": "user", "photourl": "https://igx.4sqi.net/img/general/original/61429677_kxgaN6bKdtSoX-XXMIj2VLwwbqIpNhg_cLb14nH2xuU.jpg"}, {"logView": true, "lang": "en", "photo": {"id": "5443ca3c498e8dcddf9a1788", "visibility": "public", "source": {"name": "Foursquare for iOS", "url": "https://foursquare.com/download/#/iphone"}, "suffix": "/83608823_Rb2K-LFmZzgwInCtODwXB55W4QG9NTvE-Ntu6cmUNJ0.jpg", "createdAt": 1413728828, "prefix": "https://igx.4sqi.net/img/general/", "width": 960, "height": 720}, "createdAt": 1413728819, "todo": {"count": 0}, "agreeCount": 1, "likes": {"groups": [{"items": [{"gender": "female", "id": "58270326", "photo": {"prefix": "https://igx.4sqi.net/img/user/", "suffix": "/UMT5VT5EFJZPQQ1P.jpg"}, "firstName": "Charm", "lastName": "H"}], "count": 1, "type": "others"}], "summary": "1 like", "count": 1}, "id": "5443ca33498ee7fe1c61177e", "text": "Give this a skip to make room for other things ... Oyster Omelette with huge huge oysters !!!", "disagreeCount": 0, "user": {"gender": "female", "id": "83608823", "photo": {"prefix": "https://igx.4sqi.net/img/user/", "suffix": "/83608823-WQJ4KTFAVOHFARLI.jpg"}, "firstName": "Dora", "lastName": "Choo"}, "canonicalUrl": "https://foursquare.com/item/5443ca33498ee7fe1c61177e", "type": "user", "photourl": "https://igx.4sqi.net/img/general/original/83608823_Rb2K-LFmZzgwInCtODwXB55W4QG9NTvE-Ntu6cmUNJ0.jpg"}, {"logView": true, "lang": "en", "createdAt": 1285421886, "agreeCount": 0, "likes": {"groups": [], "count": 0}, "id": "4c9dfb3e03133704cbe363d5", "text": "The crab beehoon and pork knuckles shldnt be missed! Don't go for the prawn-paste fried chix tho...", "type": "user", "user": {"gender": "female", "id": "3514332", "photo": {"prefix": "https://igx.4sqi.net/img/user/", "suffix": "/RAJYKEFYW53ZQG05.jpg"}, "firstName": "Kitty", "lastName": "Kuan"}, "canonicalUrl": "https://foursquare.com/item/4c9dfb3e03133704cbe363d5", "todo": {"count": 0}, "disagreeCount": 0}, {"authorInteractionType": "liked", "logView": true, "lang": "es", "photo": {"id": "526671c1498e0506a75aeaea", "visibility": "public", "source": {"name": "Foursquare for iOS", "url": "https://foursquare.com/download/#/iphone"}, "suffix": "/766676_MSDAkuR2CZWTSEiFMAjaYF2H-N7MxVDo8GJPKSYim_I.jpg", "createdAt": 1382445505, "prefix": "https://igx.4sqi.net/img/general/", "width": 720, "height": 960}, "createdAt": 1382445500, "todo": {"count": 0}, "agreeCount": 0, "likes": {"groups": [], "count": 0}, "id": "526671bc11d2aaa075168fdd", "text": "X'mas promo.. 2 + 1 seafood promo...", "disagreeCount": 0, "user": {"gender": "female", "id": "766676", "photo": {"prefix": "https://igx.4sqi.net/img/user/", "suffix": "/PVZ3VMJJQAVYMCSF.jpg"}, "firstName": "Belle", "lastName": "Chua"}, "canonicalUrl": "https://foursquare.com/item/526671bc11d2aaa075168fdd", "type": "user", "photourl": "https://igx.4sqi.net/img/general/original/766676_MSDAkuR2CZWTSEiFMAjaYF2H-N7MxVDo8GJPKSYim_I.jpg"}, {"logView": true, "lang": "en", "createdAt": 1490546877, "agreeCount": 0, "likes": {"groups": [], "count": 0}, "id": "58d7f0bdc0c89b181cab2f3c", "text": "They moved from Sin Ming but the food was still great. Try their ribeye steak.", "type": "user", "user": {"gender": "male", "id": "43590376", "photo": {"prefix": "https://igx.4sqi.net/img/user/", "suffix": "/43590376_qHuTJDDM_B-AgC3DPdb0b7JmTis0qGWjtdLQH4NT5lN09sRZs770vprSKLJaxJ1MqI3e2efBA.jpg"}, "firstName": "Lionel", "lastName": "Lim"}, "canonicalUrl": "https://foursquare.com/item/58d7f0bdc0c89b181cab2f3c", "todo": {"count": 0}, "disagreeCount": 0}, {"authorInteractionType": "liked", "logView": true, "lang": "en", "createdAt": 1394957451, "agreeCount": 0, "likes": {"groups": [], "count": 0}, "id": "53255c8b498e00afde9de32d", "text": "This is a gem in the midst of car repair shops. Their lamb is perfectly grilled and tender. Try their shovelnose ray head for something unique.", "type": "user", "user": {"gender": "male", "id": "27481005", "photo": {"prefix": "https://igx.4sqi.net/img/user/", "suffix": "/27481005-K1QE14PTJ05JVMLL.jpg"}, "firstName": "Philip", "lastName": "Wong"}, "canonicalUrl": "https://foursquare.com/item/53255c8b498e00afde9de32d", "todo": {"count": 0}, "disagreeCount": 0}, {"logView": true, "lang": "en", "photo": {"id": "5443cc0d498e88739cd91d09", "visibility": "public", "source": {"name": "Foursquare for iOS", "url": "https://foursquare.com/download/#/iphone"}, "suffix": "/83608823_2TUYFtaErqGdrFrLJj6nUz95hXJvV8gvAR_sOsxXajg.jpg", "createdAt": 1413729293, "prefix": "https://igx.4sqi.net/img/general/", "width": 960, "height": 720}, "createdAt": 1413729289, "todo": {"count": 0}, "agreeCount": 0, "likes": {"groups": [], "count": 0}, "id": "5443cc09498e37af8c70bcd2", "text": "This dish has to be preordered as it takes 60mins to slow-cook. The taste is simple yet rich .. Even the salt used has deeper tones than normal. The taste of the egg is juxtaposed with the liver \ud83d\ude0d", "disagreeCount": 0, "user": {"gender": "female", "id": "83608823", "photo": {"prefix": "https://igx.4sqi.net/img/user/", "suffix": "/83608823-WQJ4KTFAVOHFARLI.jpg"}, "firstName": "Dora", "lastName": "Choo"}, "canonicalUrl": "https://foursquare.com/item/5443cc09498e37af8c70bcd2", "type": "user", "photourl": "https://igx.4sqi.net/img/general/original/83608823_2TUYFtaErqGdrFrLJj6nUz95hXJvV8gvAR_sOsxXajg.jpg"}, {"logView": true, "lang": "en", "createdAt": 1426526495, "agreeCount": 0, "likes": {"groups": [], "count": 0}, "id": "5507111f498e913aa7c0ead2", "text": "expensive?", "type": "user", "user": {"gender": "male", "id": "121917298", "photo": {"prefix": "https://igx.4sqi.net/img/user/", "suffix": "/121917298-2TH2Z1SDRARXCI3D.jpg"}, "firstName": "Zin", "lastName": "Min"}, "canonicalUrl": "https://foursquare.com/item/5507111f498e913aa7c0ead2", "todo": {"count": 0}, "disagreeCount": 0}, {"authorInteractionType": "liked", "logView": true, "lang": "en", "photo": {"id": "56fe79fd498efebb29a5437e", "visibility": "public", "source": {"name": "Foursquare for iOS", "url": "https://foursquare.com/download/#/iphone"}, "suffix": "/46819999_Ld4OMu6vaUb8mmZF1LhUDc3woCRI1oWn1PB4zuZSpQU.jpg", "createdAt": 1459517949, "prefix": "https://igx.4sqi.net/img/general/", "width": 1440, "height": 1920}, "createdAt": 1459517947, "todo": {"count": 0}, "agreeCount": 0, "likes": {"groups": [], "count": 0}, "id": "56fe79fb498ed2edc2bf0eb4", "text": "Fish Roe !! Was ok but was better before \ud83d\ude0a", "disagreeCount": 0, "user": {"gender": "male", "id": "46819999", "photo": {"prefix": "https://igx.4sqi.net/img/user/", "suffix": "/46819999-SSI3RGKO3VGGBRWU.jpg"}, "firstName": "Vincent", "lastName": "Ang"}, "canonicalUrl": "https://foursquare.com/item/56fe79fb498ed2edc2bf0eb4", "type": "user", "photourl": "https://igx.4sqi.net/img/general/original/46819999_Ld4OMu6vaUb8mmZF1LhUDc3woCRI1oWn1PB4zuZSpQU.jpg"}, {"authorInteractionType": "liked", "logView": true, "lang": "en", "photo": {"id": "55056a5b498e6d88e1fecab4", "visibility": "public", "source": {"name": "Foursquare for iOS", "url": "https://foursquare.com/download/#/iphone"}, "suffix": "/67490872_pwK857jFX7sA2RWUZ3AQkQtFy5ywC9IlmhQjjskNQno.jpg", "createdAt": 1426418267, "prefix": "https://igx.4sqi.net/img/general/", "width": 1440, "height": 1440}, "createdAt": 1426418264, "todo": {"count": 0}, "agreeCount": 0, "likes": {"groups": [], "count": 0}, "id": "55056a58498e53a8bb9a1e6b", "text": "Buy two crab , and get one more free :) lotsa flavor to choose how you want do your crab ! Salted egg yolk, chili, black pepper .. Cream sauce, and more :)", "disagreeCount": 0, "user": {"gender": "female", "id": "67490872", "photo": {"prefix": "https://igx.4sqi.net/img/user/", "suffix": "/67490872-UFWLI45BGSJZFN40.jpg"}, "firstName": "Eileen", "lastName": "Lin"}, "canonicalUrl": "https://foursquare.com/item/55056a58498e53a8bb9a1e6b", "type": "user", "photourl": "https://igx.4sqi.net/img/general/original/67490872_pwK857jFX7sA2RWUZ3AQkQtFy5ywC9IlmhQjjskNQno.jpg"}, {"logView": true, "lang": "en", "photo": {"id": "56ffa8c0498e3bf1ced3fbdf", "visibility": "public", "source": {"name": "Foursquare for iOS", "url": "https://foursquare.com/download/#/iphone"}, "suffix": "/231366_nZhq25wbmOUqTl1rgkvcZpRTIlI_v-auJJUEuHwkpZs.jpg", "createdAt": 1459595456, "prefix": "https://igx.4sqi.net/img/general/", "width": 1920, "height": 1440}, "createdAt": 1459595454, "todo": {"count": 0}, "agreeCount": 0, "likes": {"groups": [], "count": 0}, "id": "56ffa8be498e4d6b2071ba2b", "text": "For directions, look for the lighted crab sign amidst the sea of car workshops", "disagreeCount": 0, "user": {"gender": "male", "id": "231366", "photo": {"prefix": "https://igx.4sqi.net/img/user/", "suffix": "/231366-Q2ZSAEF50GYUXPDA.jpg"}, "firstName": "Cheen", "lastName": "The Curious"}, "canonicalUrl": "https://foursquare.com/item/56ffa8be498e4d6b2071ba2b", "type": "user", "photourl": "https://igx.4sqi.net/img/general/original/231366_nZhq25wbmOUqTl1rgkvcZpRTIlI_v-auJJUEuHwkpZs.jpg"}, {"logView": true, "lang": "en", "createdAt": 1408271425, "agreeCount": 0, "likes": {"groups": [], "count": 0}, "id": "53f08441498e1f1189e6a5b6", "text": "The worst. All the food came cold. Must say the angus was quite tender though cold, but tastes like it has been pounded. Crab Beehoon, brinjal all bad. Boss Beehoon passable but no ingredients", "type": "user", "user": {"gender": "female", "id": "55441617", "photo": {"prefix": "https://igx.4sqi.net/img/user/", "suffix": "/55441617-EXENB3J1AE30GPUE.jpg"}, "firstName": "Valerie", "lastName": "Oon"}, "canonicalUrl": "https://foursquare.com/item/53f08441498e1f1189e6a5b6", "todo": {"count": 0}, "disagreeCount": 0}, {"authorInteractionType": "liked", "logView": true, "lang": "en", "createdAt": 1433156457, "agreeCount": 0, "likes": {"groups": [], "count": 0}, "id": "556c3b69498e8b2ff42bc97d", "text": "corkage free all week", "type": "user", "user": {"id": "645339", "photo": {"prefix": "https://igx.4sqi.net/img/user/", "suffix": "/645339-BTAIK1PBOWPDK3OA.jpg"}, "firstName": "Trina", "gender": "female"}, "canonicalUrl": "https://foursquare.com/item/556c3b69498e8b2ff42bc97d", "todo": {"count": 2}, "disagreeCount": 0}, {"logView": true, "lang": "en", "createdAt": 1412744009, "agreeCount": 0, "likes": {"groups": [], "count": 0}, "id": "5434c349498e17a58529ce1c", "text": "crabs ... buy 2 get 1 ... yum yum", "type": "user", "user": {"gender": "male", "id": "3499793", "photo": {"prefix": "https://igx.4sqi.net/img/user/", "suffix": "/3499793-OFVTC5JNNEP2OVKG.jpg"}, "firstName": "Ben", "lastName": "Chung"}, "canonicalUrl": "https://foursquare.com/item/5434c349498e17a58529ce1c", "todo": {"count": 0}, "disagreeCount": 0}, {"authorInteractionType": "liked", "logView": true, "lang": "en", "photo": {"id": "55f85d3e498ed7e4d112f00a", "visibility": "public", "source": {"name": "Swarm for iOS", "url": "https://www.swarmapp.com"}, "suffix": "/25232212_YuKKHrvZvkosCfKkQIFFnmHhd79qJOW7_EwRipfrmMs.jpg", "createdAt": 1442340158, "prefix": "https://igx.4sqi.net/img/general/", "width": 1920, "height": 1440}, "createdAt": 1442340158, "todo": {"count": 0}, "agreeCount": 0, "likes": {"groups": [], "count": 0}, "id": "55f85d3e498ed7e4d112f00b", "text": "Been here twice & the food never fails. Try the foie gras in this photo and you will love it! Salted egg dishes are winner!!!", "disagreeCount": 0, "user": {"gender": "female", "id": "25232212", "photo": {"prefix": "https://igx.4sqi.net/img/user/", "suffix": "/25232212-ZBTEMOU0OQRJ2331.jpg"}, "firstName": "Patty", "lastName": "C"}, "canonicalUrl": "https://foursquare.com/item/55f85d3e498ed7e4d112f00b", "type": "user", "photourl": "https://igx.4sqi.net/img/general/original/25232212_YuKKHrvZvkosCfKkQIFFnmHhd79qJOW7_EwRipfrmMs.jpg"}, {"logView": true, "lang": "en", "photo": {"id": "5443ca94498e58db0b09fd28", "visibility": "public", "source": {"name": "Foursquare for iOS", "url": "https://foursquare.com/download/#/iphone"}, "suffix": "/83608823_s9PLnfWn8xezC7TkzpAQh1YwgYOYP1t2VHTHbsq7oaM.jpg", "createdAt": 1413728916, "prefix": "https://igx.4sqi.net/img/general/", "width": 720, "height": 960}, "createdAt": 1413728914, "todo": {"count": 0}, "agreeCount": 0, "likes": {"groups": [], "count": 0}, "id": "5443ca92498eb102d1703001", "text": "The Angus Beef Platter is also a MUST EAT!! We ordered 2 in the end ... It's abt $75+ a platter!", "disagreeCount": 0, "user": {"gender": "female", "id": "83608823", "photo": {"prefix": "https://igx.4sqi.net/img/user/", "suffix": "/83608823-WQJ4KTFAVOHFARLI.jpg"}, "firstName": "Dora", "lastName": "Choo"}, "canonicalUrl": "https://foursquare.com/item/5443ca92498eb102d1703001", "type": "user", "photourl": "https://igx.4sqi.net/img/general/original/83608823_s9PLnfWn8xezC7TkzpAQh1YwgYOYP1t2VHTHbsq7oaM.jpg"}, {"logView": true, "lang": "en", "createdAt": 1334669366, "agreeCount": 3, "likes": {"groups": [{"items": [{"gender": "male", "id": "71787038", "photo": {"prefix": "https://igx.4sqi.net/img/user/", "suffix": "/71787038-CI302EMSWYTZPIZR.jpg"}, "firstName": "Aldo_Cool", "lastName": "Tarigan"}, {"id": "1369074", "photo": {"prefix": "https://igx.4sqi.net/img/user/", "suffix": "/1369074-HTHNI3XJF4N01KPC.jpg"}, "firstName": "tyn", "gender": "female"}, {"gender": "male", "id": "29112", "photo": {"prefix": "https://igx.4sqi.net/img/user/", "suffix": "/NONXP5RXX2PIHTMF.jpg"}, "firstName": "Rocky", "lastName": "Chang"}], "count": 3, "type": "others"}], "summary": "3 likes", "count": 3}, "id": "4f8d7036e4b081011603163b", "text": "Must order \"boss bee hoon\" and crispy fried eggplant", "type": "user", "user": {"gender": "female", "id": "21608297", "photo": {"prefix": "https://igx.4sqi.net/img/user/", "suffix": "/DLZPOMTOUTB3WWYU.jpg"}, "firstName": "Danielle", "lastName": "Yong"}, "canonicalUrl": "https://foursquare.com/item/4f8d7036e4b081011603163b", "todo": {"count": 0}, "disagreeCount": 0}, {"logView": true, "lang": "en", "createdAt": 1413729664, "agreeCount": 0, "likes": {"groups": [], "count": 0}, "id": "5443cd80498e37af8c70d145", "text": "Parking could be a problem. Park near Block 26 and walk to the restaurant. They allow BYO as in u can bring your own wines even tho they have cellars full \ud83d\ude1d", "type": "user", "user": {"gender": "female", "id": "83608823", "photo": {"prefix": "https://igx.4sqi.net/img/user/", "suffix": "/83608823-WQJ4KTFAVOHFARLI.jpg"}, "firstName": "Dora", "lastName": "Choo"}, "canonicalUrl": "https://foursquare.com/item/5443cd80498e37af8c70d145", "todo": {"count": 0}, "disagreeCount": 0}, {"authorInteractionType": "liked", "logView": true, "lang": "en", "createdAt": 1429369234, "agreeCount": 0, "likes": {"groups": [], "count": 0}, "id": "55327192498e21d02e5c6ece", "text": "The name is ironic. Avoid the seafood & dive face first into the BBQ pork ribs, steak & amazing fried rice & the chicken pot pie", "type": "user", "user": {"id": "40415054", "photo": {"prefix": "https://igx.4sqi.net/img/user/", "suffix": "/LIBID0KOCTQ4TVTN.jpg"}, "firstName": "Aaron", "gender": "male"}, "canonicalUrl": "https://foursquare.com/item/55327192498e21d02e5c6ece", "todo": {"count": 0}, "disagreeCount": 0}, {"logView": true, "lang": "en", "photo": {"id": "5443ccba498e77da3e3530fe", "visibility": "public", "source": {"name": "Foursquare for iOS", "url": "https://foursquare.com/download/#/iphone"}, "suffix": "/83608823_QAB6wRTn586_VkWDWljqitnbBvrWMbvEdxim4ODLx0w.jpg", "createdAt": 1413729466, "prefix": "https://igx.4sqi.net/img/general/", "width": 960, "height": 720}, "createdAt": 1413729464, "todo": {"count": 0}, "agreeCount": 0, "likes": {"groups": [], "count": 0}, "id": "5443ccb8498e3d2f2246e5f5", "text": "Mee Goreng not great either ... Was overly charred (wok hei gone wrong)... No spice ... No kick! No need to order this.", "disagreeCount": 0, "user": {"gender": "female", "id": "83608823", "photo": {"prefix": "https://igx.4sqi.net/img/user/", "suffix": "/83608823-WQJ4KTFAVOHFARLI.jpg"}, "firstName": "Dora", "lastName": "Choo"}, "canonicalUrl": "https://foursquare.com/item/5443ccb8498e3d2f2246e5f5", "type": "user", "photourl": "https://igx.4sqi.net/img/general/original/83608823_QAB6wRTn586_VkWDWljqitnbBvrWMbvEdxim4ODLx0w.jpg"}, {"authorInteractionType": "liked", "logView": true, "lang": "en", "photo": {"id": "553b33a7498e2e281a7f9b7e", "visibility": "public", "source": {"name": "Foursquare for iOS", "url": "https://foursquare.com/download/#/iphone"}, "suffix": "/3249039_Vfs8eOikD0JwDJud0agx3rpLw-Wp9zJBu4b1CvEcr3g.jpg", "createdAt": 1429943207, "prefix": "https://igx.4sqi.net/img/general/", "width": 1440, "height": 1920}, "createdAt": 1429943203, "todo": {"count": 0}, "agreeCount": 0, "likes": {"groups": [], "count": 0}, "id": "553b33a3498efed740d1fc36", "text": "The Garlic butter crab is yummy. The garlic was fantastic", "disagreeCount": 0, "user": {"gender": "female", "id": "3249039", "photo": {"prefix": "https://igx.4sqi.net/img/user/", "suffix": "/3249039-YKE3LLVVSNZ5HJP4.jpg"}, "firstName": "Jacqueline", "lastName": "May"}, "canonicalUrl": "https://foursquare.com/item/553b33a3498efed740d1fc36", "type": "user", "photourl": "https://igx.4sqi.net/img/general/original/3249039_Vfs8eOikD0JwDJud0agx3rpLw-Wp9zJBu4b1CvEcr3g.jpg"}, {"authorInteractionType": "liked", "logView": true, "lang": "en", "photo": {"id": "5826e9d9bcf73e19ea70bbd6", "visibility": "friends", "source": {"name": "Swarm for iOS", "url": "https://www.swarmapp.com"}, "suffix": "/49687352_eF2tPt220jObjAmaDc9jhQRtPaBDO9woSzrzlAOP1ek.jpg", "createdAt": 1478945241, "prefix": "https://igx.4sqi.net/img/general/", "width": 1440, "height": 1920}, "createdAt": 1479521627, "todo": {"count": 0}, "agreeCount": 0, "likes": {"groups": [], "count": 0}, "id": "582fb55bf68d8d7c3819844e", "text": "Amazing seafood and meat dishes. Squid in salted egg yolk! Foie Gras on slowly poached egg!", "disagreeCount": 0, "user": {"gender": "male", "id": "49687352", "photo": {"prefix": "https://igx.4sqi.net/img/user/", "suffix": "/49687352-AYVJCY4KVRROOFZS.jpg"}, "firstName": "Andreas", "lastName": "Reuther"}, "canonicalUrl": "https://foursquare.com/item/582fb55bf68d8d7c3819844e", "type": "user", "photourl": "https://igx.4sqi.net/img/general/original/49687352_eF2tPt220jObjAmaDc9jhQRtPaBDO9woSzrzlAOP1ek.jpg"}, {"logView": true, "lang": "en", "photo": {"id": "549bbf66498e1fb1cabf1044", "visibility": "public", "source": {"name": "Foursquare for iOS", "url": "https://foursquare.com/download/#/iphone"}, "suffix": "/1154134_1cNkrDf207Juo6BhDxMQhNqswB5JvEyloXv38DlaM4w.jpg", "createdAt": 1419493222, "prefix": "https://igx.4sqi.net/img/general/", "width": 1920, "height": 1406}, "createdAt": 1419493217, "todo": {"count": 0}, "agreeCount": 0, "likes": {"groups": [], "count": 0}, "id": "549bbf61498e56390dd09b10", "text": "Order the steak and that's all", "disagreeCount": 0, "user": {"gender": "female", "id": "1154134", "photo": {"prefix": "https://igx.4sqi.net/img/user/", "suffix": "/M2GMCFLQMRAAADIT.jpg"}, "firstName": "Jessica", "lastName": "Chan"}, "canonicalUrl": "https://foursquare.com/item/549bbf61498e56390dd09b10", "type": "user", "photourl": "https://igx.4sqi.net/img/general/original/1154134_1cNkrDf207Juo6BhDxMQhNqswB5JvEyloXv38DlaM4w.jpg"}, {"logView": true, "lang": "ko", "createdAt": 1452268916, "agreeCount": 0, "likes": {"groups": [], "count": 0}, "id": "568fdd74498ed4aaf4448fe6", "text": "\uc678\uc2dd\uacc4\uc758 \ubc31\ud654\uc810. \ub2e4\ud310\ub2e4. \ud06c\ub7a9\ub3c4 \uc810\ubcf4\ub098 \ub178\uc2f8\uc778\ubcf4\ub4dc\ubcf4\ub2e4 \ud6cc\ub96d", "type": "user", "user": {"gender": "male", "id": "150680303", "photo": {"prefix": "https://igx.4sqi.net/img/user/", "default": true, "suffix": "/blank_boy.png"}, "firstName": "Eugene", "lastName": "Hwang"}, "canonicalUrl": "https://foursquare.com/item/568fdd74498ed4aaf4448fe6", "todo": {"count": 0}, "disagreeCount": 0}, {"authorInteractionType": "liked", "logView": true, "lang": "en", "createdAt": 1420348560, "agreeCount": 0, "likes": {"groups": [], "count": 0}, "id": "54a8cc90498e71a1c9c4a61f", "text": "Maybe too much MSG... Was super thirsty and had pounding headache afterwards...", "type": "user", "user": {"gender": "male", "id": "65452571", "photo": {"prefix": "https://igx.4sqi.net/img/user/", "suffix": "/65452571-JYFGYNW02QVDB54L.jpg"}, "firstName": "Andrew", "lastName": "C."}, "canonicalUrl": "https://foursquare.com/item/54a8cc90498e71a1c9c4a61f", "todo": {"count": 0}, "disagreeCount": 0}, {"authorInteractionType": "liked", "logView": true, "lang": "en", "createdAt": 1457139704, "agreeCount": 0, "likes": {"groups": [], "count": 0}, "id": "56da2ff8498ee48df29e7f7c", "text": "Steak. Satay.", "type": "user", "user": {"gender": "female", "id": "3649607", "photo": {"prefix": "https://igx.4sqi.net/img/user/", "suffix": "/4LUWAM1CC0LY0BLN.jpg"}, "firstName": "Mong", "lastName": "Jie"}, "canonicalUrl": "https://foursquare.com/item/56da2ff8498ee48df29e7f7c", "todo": {"count": 0}, "disagreeCount": 0}, {"authorInteractionType": "liked", "logView": true, "lang": "en", "createdAt": 1354023753, "agreeCount": 0, "likes": {"groups": [], "count": 0}, "id": "50b4c349e4b0eb094bfcf09f", "text": "Garlic baked crab is different and mild, but yummy. Steamed baby squid is yum! Brinjal delight also a winner!", "type": "user", "user": {"gender": "female", "id": "1973074", "photo": {"prefix": "https://igx.4sqi.net/img/user/", "suffix": "/N2TAR4AZM2VDJ5GN.jpg"}, "firstName": "Adrienne", "lastName": "M"}, "canonicalUrl": "https://foursquare.com/item/50b4c349e4b0eb094bfcf09f", "todo": {"count": 0}, "disagreeCount": 0}, {"logView": true, "lang": "en", "createdAt": 1292156272, "agreeCount": 0, "likes": {"groups": [], "count": 0}, "id": "4d04bd709d33a14332f5bc78", "text": "their signature bbq pork ribs, salted egg prawns, and the huge pork knuckles!", "type": "user", "user": {"gender": "female", "id": "3540536", "photo": {"prefix": "https://igx.4sqi.net/img/user/", "suffix": "/3540536-3HLNASL1CKSPAQ5S.jpg"}, "firstName": "Jervenne", "lastName": "Ong"}, "canonicalUrl": "https://foursquare.com/item/4d04bd709d33a14332f5bc78", "todo": {"count": 0}, "disagreeCount": 0}, {"logView": true, "lang": "en", "createdAt": 1285512949, "agreeCount": 4, "likes": {"groups": [{"items": [{"gender": "male", "id": "1483050", "photo": {"prefix": "https://igx.4sqi.net/img/user/", "suffix": "/1483050-3TBIMT1QCTBJVO4B.jpg"}, "firstName": "Chi Hian", "lastName": "Foo"}, {"gender": "female", "id": "1638085", "photo": {"prefix": "https://igx.4sqi.net/img/user/", "suffix": "/1638085-WTPAKYW2RTZOIPD2.jpg"}, "firstName": "Karen", "lastName": "Wee"}, {"gender": "male", "id": "29112", "photo": {"prefix": "https://igx.4sqi.net/img/user/", "suffix": "/NONXP5RXX2PIHTMF.jpg"}, "firstName": "Rocky", "lastName": "Chang"}], "count": 4, "type": "others"}], "summary": "4 likes", "count": 4}, "id": "4c9f5ef5e9a7ef3b24ff4716", "text": "Salted egg prawns/crab is da bomb! Have to agree, the pork knuckle is pretty good too.", "type": "user", "user": {"gender": "female", "id": "2938407", "photo": {"prefix": "https://igx.4sqi.net/img/user/", "suffix": "/H3GVKSLD5MKBLKWY.jpg"}, "firstName": "Sophie", "lastName": "Lim"}, "canonicalUrl": "https://foursquare.com/item/4c9f5ef5e9a7ef3b24ff4716", "todo": {"count": 2}, "disagreeCount": 1}, {"authorInteractionType": "liked", "logView": true, "lang": "en", "createdAt": 1451001712, "agreeCount": 0, "likes": {"groups": [], "count": 0}, "id": "567c8770498e10f160fb96ce", "text": "The food is excellent. You have to try the prawns cooked and encrusted with salted eggs. It is delicious.", "type": "user", "user": {"gender": "male", "id": "58763813", "photo": {"prefix": "https://igx.4sqi.net/img/user/", "suffix": "/58763813-WTJFZF51GSL4IMAC.jpg"}, "firstName": "Robin", "lastName": "Wulff"}, "canonicalUrl": "https://foursquare.com/item/567c8770498e10f160fb96ce", "todo": {"count": 0}, "disagreeCount": 0}, {"logView": true, "lang": "en", "createdAt": 1337348661, "agreeCount": 0, "likes": {"groups": [], "count": 0}, "id": "4fb65235e4b07f06a79a689c", "text": "BYO savvy !! Able to Bring - Your - Own wines. Best of all , they have the necessary wine glasses for your needs.", "type": "user", "user": {"gender": "male", "id": "3685956", "photo": {"prefix": "https://igx.4sqi.net/img/user/", "suffix": "/PZ0GHZGWMM0RYCGE.jpg"}, "firstName": "Sean", "lastName": "CSW"}, "canonicalUrl": "https://foursquare.com/item/4fb65235e4b07f06a79a689c", "todo": {"count": 0}, "disagreeCount": 0}, {"authorInteractionType": "liked", "logView": true, "lang": "en", "createdAt": 1345903094, "agreeCount": 2, "likes": {"groups": [{"items": [{"gender": "male", "id": "777003", "photo": {"prefix": "https://igx.4sqi.net/img/user/", "suffix": "/HNIT43GC2TVQY5NY.jpg"}, "firstName": "Jtkv", "lastName": "Koh"}, {"gender": "male", "id": "670590", "photo": {"prefix": "https://igx.4sqi.net/img/user/", "suffix": "/1UHOEQLM2VP45HGX.jpg"}, "firstName": "Weiye", "lastName": "Loh"}], "count": 2, "type": "others"}], "summary": "2 likes", "count": 2}, "id": "5038d9f6e4b03c716d40721b", "text": "Deep fried baby squid alright but better at Jumbo. Almost everything else I've tried is awesome", "type": "user", "user": {"gender": "male", "id": "308951", "photo": {"prefix": "https://igx.4sqi.net/img/user/", "suffix": "/3UP0AI4WEWFBWG2M.jpg"}, "firstName": "Gabriel", "lastName": "Seah"}, "canonicalUrl": "https://foursquare.com/item/5038d9f6e4b03c716d40721b", "todo": {"count": 0}, "disagreeCount": 0}, {"logView": true, "lang": "en", "createdAt": 1303048890, "agreeCount": 0, "likes": {"groups": [], "count": 0}, "id": "4daaf2ba6a2303012f1877c2", "text": "The food here is great!! The chilli crab, bee hoon and the pork is a must to eat. Trust me.", "type": "user", "user": {"gender": "male", "id": "5161772", "photo": {"prefix": "https://igx.4sqi.net/img/user/", "suffix": "/QI3BFLAVBV3AWOOV.jpg"}, "firstName": "Bobby", "lastName": "Tan"}, "canonicalUrl": "https://foursquare.com/item/4daaf2ba6a2303012f1877c2", "todo": {"count": 0}, "disagreeCount": 0}, {"authorInteractionType": "liked", "logView": true, "lang": "en", "createdAt": 1443254214, "agreeCount": 0, "likes": {"groups": [], "count": 0}, "id": "56064fc6498e858cc559b1da", "text": "Believe it or not but go here for the steaks. Trust me", "type": "user", "user": {"gender": "male", "id": "140495223", "photo": {"prefix": "https://igx.4sqi.net/img/user/", "suffix": "/140495223-FEGEPG4UEEBJUKIN.jpg"}, "firstName": "Krishna", "lastName": "Zulkarnain"}, "canonicalUrl": "https://foursquare.com/item/56064fc6498e858cc559b1da", "todo": {"count": 0}, "disagreeCount": 0}, {"authorInteractionType": "liked", "logView": true, "lang": "en", "photo": {"id": "53fdf9c5498efd48f9f324ee", "visibility": "public", "source": {"name": "Foursquare for iOS", "url": "https://foursquare.com/download/#/iphone"}, "suffix": "/46819999_9xYpqOpqyqFRD6juxgLwR2feEfEoG05E-m7mqu_pPA4.jpg", "createdAt": 1409153477, "prefix": "https://igx.4sqi.net/img/general/", "width": 720, "height": 960}, "createdAt": 1409153474, "todo": {"count": 0}, "agreeCount": 0, "likes": {"groups": [], "count": 0}, "id": "53fdf9c2498e04454e65c117", "text": "This salted egg crab is one of the better ones I've tried . Good flavor, not too salty & not oily ... Hopefully the next time will be exactly the same \ud83d\udc4d\ud83d\udc4d\ud83d\udc4d", "disagreeCount": 0, "user": {"gender": "male", "id": "46819999", "photo": {"prefix": "https://igx.4sqi.net/img/user/", "suffix": "/46819999-SSI3RGKO3VGGBRWU.jpg"}, "firstName": "Vincent", "lastName": "Ang"}, "canonicalUrl": "https://foursquare.com/item/53fdf9c2498e04454e65c117", "type": "user", "photourl": "https://igx.4sqi.net/img/general/original/46819999_9xYpqOpqyqFRD6juxgLwR2feEfEoG05E-m7mqu_pPA4.jpg"}, {"todo": {"count": 1}, "logView": true, "lang": "en", "createdAt": 1357044896, "agreeCount": 1, "editedAt": 1357049904, "photo": {"id": "50e2dca4e4b092e9b8d56e23", "visibility": "public", "source": {"name": "Foursquare for iOS", "url": "https://foursquare.com/download/#/iphone"}, "suffix": "/234324_9ybtqjMNV9QHsrit4XRaezV0a6sdtQo-BWyI18jT4U4.jpg", "createdAt": 1357044900, "prefix": "https://igx.4sqi.net/img/general/", "width": 917, "height": 720}, "likes": {"groups": [{"items": [{"gender": "male", "id": "57731038", "photo": {"prefix": "https://igx.4sqi.net/img/user/", "default": true, "suffix": "/blank_boy.png"}, "firstName": "Kenny", "lastName": "Tay"}], "count": 1, "type": "others"}], "summary": "1 like", "count": 1}, "id": "50e2dca0498edccafb1815eb", "text": "Want wine with your food but unsure which wine is good? Check out their wine pairing recommendations on the blackboard out front. Of course ... they'll have those bottles on their menu.", "disagreeCount": 0, "user": {"gender": "male", "id": "234324", "photo": {"prefix": "https://igx.4sqi.net/img/user/", "suffix": "/FIH1ERWONCZI4K3D.jpg"}, "firstName": "gerard", "lastName": "t"}, "canonicalUrl": "https://foursquare.com/item/50e2dca0498edccafb1815eb", "type": "user", "photourl": "https://igx.4sqi.net/img/general/original/234324_9ybtqjMNV9QHsrit4XRaezV0a6sdtQo-BWyI18jT4U4.jpg"}, {"logView": true, "lang": "en", "createdAt": 1345719656, "agreeCount": 0, "likes": {"groups": [], "count": 0}, "id": "50360d68e4b0aab52c0a5748", "text": "Good food, reasonable price and free corkage", "type": "user", "user": {"gender": "male", "id": "665929", "photo": {"prefix": "https://igx.4sqi.net/img/user/", "suffix": "/RRXEPMS3RCHNUH52.jpg"}, "firstName": "Edwin", "lastName": "Chong"}, "canonicalUrl": "https://foursquare.com/item/50360d68e4b0aab52c0a5748", "todo": {"count": 0}, "disagreeCount": 0}, {"logView": true, "lang": "en", "photo": {"id": "5443c9c5498eadbd850eac8c", "visibility": "public", "source": {"name": "Foursquare for iOS", "url": "https://foursquare.com/download/#/iphone"}, "suffix": "/83608823_gqLU1UOjfBnUF-KaH0UjCtVvQMhi8fzoVEJ-mwHeEk0.jpg", "createdAt": 1413728709, "prefix": "https://igx.4sqi.net/img/general/", "width": 960, "height": 720}, "createdAt": 1413728703, "todo": {"count": 1}, "agreeCount": 0, "likes": {"groups": [], "count": 0}, "id": "5443c9bf498e51025fe15f83", "text": "Must eat!! The small plate is $12. Tasty!!", "disagreeCount": 0, "user": {"gender": "female", "id": "83608823", "photo": {"prefix": "https://igx.4sqi.net/img/user/", "suffix": "/83608823-WQJ4KTFAVOHFARLI.jpg"}, "firstName": "Dora", "lastName": "Choo"}, "canonicalUrl": "https://foursquare.com/item/5443c9bf498e51025fe15f83", "type": "user", "photourl": "https://igx.4sqi.net/img/general/original/83608823_gqLU1UOjfBnUF-KaH0UjCtVvQMhi8fzoVEJ-mwHeEk0.jpg"}, {"logView": true, "lang": "en", "createdAt": 1459600157, "agreeCount": 0, "likes": {"groups": [], "count": 0}, "id": "56ffbb1d498ee63036a653b0", "text": "Discovered an old favourite: chai por (chopped preserved turnip) hor fun. Full of wok hei (breath of the wok)!", "type": "user", "user": {"gender": "male", "id": "231366", "photo": {"prefix": "https://igx.4sqi.net/img/user/", "suffix": "/231366-Q2ZSAEF50GYUXPDA.jpg"}, "firstName": "Cheen", "lastName": "The Curious"}, "canonicalUrl": "https://foursquare.com/item/56ffbb1d498ee63036a653b0", "todo": {"count": 0}, "disagreeCount": 0}, {"authorInteractionType": "liked", "logView": true, "lang": "en", "createdAt": 1443355064, "agreeCount": 0, "likes": {"groups": [], "count": 0}, "id": "5607d9b8498e1309d2908d9d", "text": "Order the Steak. Trust me", "type": "user", "user": {"gender": "male", "id": "126257047", "photo": {"prefix": "https://igx.4sqi.net/img/user/", "suffix": "/126257047-BIVHA2FTSLXOC5V4.jpg"}, "firstName": "Krishna", "lastName": "Zulkarnain"}, "canonicalUrl": "https://foursquare.com/item/5607d9b8498e1309d2908d9d", "todo": {"count": 0}, "disagreeCount": 0}, {"authorInteractionType": "liked", "logView": true, "lang": "en", "createdAt": 1408195567, "agreeCount": 0, "likes": {"groups": [], "count": 0}, "id": "53ef5bef498e3a762f61d32d", "text": "Mmmmmmmmm ribs", "type": "user", "user": {"gender": "male", "id": "29871", "photo": {"prefix": "https://igx.4sqi.net/img/user/", "suffix": "/PYQOTXUTYK0ELIVS.jpg"}, "firstName": "Andrew", "lastName": "Davison"}, "canonicalUrl": "https://foursquare.com/item/53ef5bef498e3a762f61d32d", "todo": {"count": 0}, "disagreeCount": 0}, {"authorInteractionType": "meh", "logView": true, "lang": "en", "createdAt": 1466781908, "agreeCount": 0, "likes": {"groups": [], "count": 0}, "id": "576d50d4498e8cbf593f04e1", "text": "Food standards have been dropping each time I visit :( Might not return !", "type": "user", "user": {"gender": "female", "id": "877733", "photo": {"prefix": "https://igx.4sqi.net/img/user/", "suffix": "/877733-HVLU3KKVIDZH5AIO.jpg"}, "firstName": "Tash", "lastName": "Z"}, "canonicalUrl": "https://foursquare.com/item/576d50d4498e8cbf593f04e1", "todo": {"count": 0}, "disagreeCount": 0}, {"logView": true, "lang": "en", "createdAt": 1418217162, "agreeCount": 1, "likes": {"groups": [{"items": [{"gender": "male", "id": "105129612", "photo": {"prefix": "https://igx.4sqi.net/img/user/", "default": true, "suffix": "/blank_boy.png"}, "firstName": "zabeth", "lastName": "boyzen"}], "count": 1, "type": "others"}], "summary": "1 like", "count": 1}, "id": "548846ca498e4473824d31c2", "text": "Incredible seafood for a place with great steak. Incredible steak for a place with great seafood. Cheap good wine. Must have: crab, salted egg squid, flower clams, STEAK.", "type": "user", "user": {"gender": "male", "id": "24776", "photo": {"prefix": "https://igx.4sqi.net/img/user/", "suffix": "/HQ5CJIBITGV5QIGU.jpg"}, "firstName": "Ari", "lastName": "B"}, "canonicalUrl": "https://foursquare.com/item/548846ca498e4473824d31c2", "todo": {"count": 0}, "disagreeCount": 0}, {"authorInteractionType": "liked", "logView": true, "lang": "en", "createdAt": 1421395160, "agreeCount": 0, "likes": {"groups": [], "count": 0}, "id": "54b8c4d8498e825424ad1cff", "text": "That fish egg dish, man, unforgettable! There are bucket lists and last meal lists. Put this on both. If I could only remember the name of it.", "type": "user", "user": {"gender": "female", "id": "84696", "photo": {"prefix": "https://igx.4sqi.net/img/user/", "suffix": "/84696-XKB4YHT5ONFEXPGQ.jpg"}, "firstName": "Carolyn", "lastName": "Chan\u2122"}, "canonicalUrl": "https://foursquare.com/item/54b8c4d8498e825424ad1cff", "todo": {"count": 0}, "disagreeCount": 0}, {"authorInteractionType": "liked", "logView": true, "lang": "en", "createdAt": 1444550661, "agreeCount": 0, "likes": {"groups": [], "count": 0}, "id": "561a1805498eadfa147c8649", "text": "Everything is yummy. Reservation is a challenge.", "type": "user", "user": {"gender": "female", "id": "6887848", "photo": {"prefix": "https://igx.4sqi.net/img/user/", "suffix": "/04MP0ZX2X2DWZHXT.jpg"}, "firstName": "Helen", "lastName": "C"}, "canonicalUrl": "https://foursquare.com/item/561a1805498eadfa147c8649", "todo": {"count": 0}, "disagreeCount": 0}, {"logView": true, "lang": "en", "createdAt": 1470483844, "agreeCount": 0, "likes": {"groups": [], "count": 0}, "id": "57a5cd84498e12e6d59b5fe2", "text": "Salted egg squid is too heavy. Deep fried brinjal is crispy and not bad", "type": "user", "user": {"gender": "female", "id": "5170139", "photo": {"prefix": "https://igx.4sqi.net/img/user/", "suffix": "/XRIQUY1ZIMUSLUZY.jpg"}, "firstName": "Appie", "lastName": "Tiffie"}, "canonicalUrl": "https://foursquare.com/item/57a5cd84498e12e6d59b5fe2", "todo": {"count": 0}, "disagreeCount": 0}, {"authorInteractionType": "liked", "logView": true, "lang": "en", "createdAt": 1408423337, "agreeCount": 0, "likes": {"groups": [], "count": 0}, "id": "53f2d5a9498e7f38003bcea9", "text": "Beef steak, crab", "type": "user", "user": {"gender": "male", "id": "66990581", "photo": {"prefix": "https://igx.4sqi.net/img/user/", "suffix": "/66990581-IX3NNHNR2M4T3EZ4.jpg"}, "firstName": "Chong Wei", "lastName": "LIM"}, "canonicalUrl": "https://foursquare.com/item/53f2d5a9498e7f38003bcea9", "todo": {"count": 0}, "disagreeCount": 0}, {"logView": true, "lang": "en", "createdAt": 1475870382, "agreeCount": 0, "likes": {"groups": [], "count": 0}, "id": "57f7feaecd10b5b9f4669bcb", "text": "Crowded place with many regular customers, remember to call to make reservation few days to a week earlier, especially for weekends dinner.", "type": "user", "user": {"gender": "female", "id": "6306884", "photo": {"prefix": "https://igx.4sqi.net/img/user/", "suffix": "/6306884-L21LWV3MMZFIVU5F"}, "firstName": "Jess", "lastName": "Thia"}, "canonicalUrl": "https://foursquare.com/item/57f7feaecd10b5b9f4669bcb", "todo": {"count": 0}, "disagreeCount": 0}, {"authorInteractionType": "liked", "logView": true, "lang": "en", "createdAt": 1474641774, "agreeCount": 0, "likes": {"groups": [], "count": 0}, "id": "57e53f6e498ea711c346684d", "text": "Food is great and I would recommend friends. But huge caveat: they use MSG here. You will be very thirsty after eating here.", "type": "user", "user": {"gender": "male", "id": "1547571", "photo": {"prefix": "https://igx.4sqi.net/img/user/", "suffix": "/SMQIMAHHI5C5XKTN.jpg"}, "firstName": "Leo", "lastName": "C."}, "canonicalUrl": "https://foursquare.com/item/57e53f6e498ea711c346684d", "todo": {"count": 0}, "disagreeCount": 0}, {"logView": true, "lang": "en", "createdAt": 1463234091, "agreeCount": 0, "likes": {"groups": [], "count": 0}, "id": "57372e2b498ea890f8cb025e", "text": "Smoke pork rice taste not very nice. I like the burn smell of Hokkien noodle and love the  foie gras w egg", "type": "user", "user": {"gender": "female", "id": "5170139", "photo": {"prefix": "https://igx.4sqi.net/img/user/", "suffix": "/XRIQUY1ZIMUSLUZY.jpg"}, "firstName": "Appie", "lastName": "Tiffie"}, "canonicalUrl": "https://foursquare.com/item/57372e2b498ea890f8cb025e", "todo": {"count": 0}, "disagreeCount": 0}, {"logView": true, "lang": "en", "photo": {"id": "53e58043498ee8195a079d88", "visibility": "public", "source": {"name": "Foursquare for Android", "url": "https://foursquare.com/download/#/android"}, "suffix": "/2643494_MLHj7fX84K9M6jjDF7uZYp2h2I1vVPnhtFhd4vTnHeQ.jpg", "createdAt": 1407549507, "prefix": "https://igx.4sqi.net/img/general/", "width": 640, "height": 640}, "createdAt": 1407549505, "todo": {"count": 2}, "agreeCount": 2, "likes": {"groups": [{"items": [{"gender": "male", "id": "115688486", "photo": {"prefix": "https://igx.4sqi.net/img/user/", "suffix": "/115688486-B3L1CSS31UIIC1ZK.jpg"}, "firstName": "Winston", "lastName": "Tay"}], "count": 2, "type": "others"}], "summary": "2 likes", "count": 2}, "id": "53e58041498e4a604fe32173", "text": "Must have steak, pork knuckles and garlic baked crabs!", "disagreeCount": 0, "user": {"gender": "female", "id": "2643494", "photo": {"prefix": "https://igx.4sqi.net/img/user/", "suffix": "/C4ECQC22MAOV35ZO.jpg"}, "firstName": "Labelle", "lastName": "Luo"}, "canonicalUrl": "https://foursquare.com/item/53e58041498e4a604fe32173", "type": "user", "photourl": "https://igx.4sqi.net/img/general/original/2643494_MLHj7fX84K9M6jjDF7uZYp2h2I1vVPnhtFhd4vTnHeQ.jpg"}, {"authorInteractionType": "liked", "logView": true, "lang": "en", "createdAt": 1386360967, "agreeCount": 2, "likes": {"groups": [{"items": [{"gender": "male", "id": "5586134", "photo": {"prefix": "https://igx.4sqi.net/img/user/", "suffix": "/A5XPL0PX2NOBW2VE.jpg"}, "firstName": "Danny", "lastName": "Lee"}, {"id": "72546866", "photo": {"prefix": "https://igx.4sqi.net/img/user/", "suffix": "/72546866-5SAOEM5B1V25OPX4.jpg"}, "firstName": "Lineileen", "gender": "female"}], "count": 2, "type": "others"}], "summary": "2 likes", "count": 2}, "id": "52a23087498e1f9453ab8a0a", "text": "Every dish at ubin seafood is just damn good !!! Yes .. Crabs, steak, pork ribs, Claypot chicken, deep fried baby squids, beef fried rice & more .. spoilt for choices indeed !! :)", "type": "user", "user": {"gender": "female", "id": "67490872", "photo": {"prefix": "https://igx.4sqi.net/img/user/", "suffix": "/67490872-UFWLI45BGSJZFN40.jpg"}, "firstName": "Eileen", "lastName": "Lin"}, "canonicalUrl": "https://foursquare.com/item/52a23087498e1f9453ab8a0a", "todo": {"count": 0}, "disagreeCount": 1}, {"logView": true, "lang": "en", "photo": {"id": "56cc1238498e3f7aa1d6a5d7", "visibility": "public", "source": {"name": "Foursquare Web", "url": "https://foursquare.com"}, "suffix": "/6306884_3JkzLiM7uz4CEKkRfTWZQ5UKKVAVdPEYo-n1SrH2UBw.jpg", "createdAt": 1456214584, "prefix": "https://igx.4sqi.net/img/general/", "width": 900, "height": 900}, "createdAt": 1456214576, "todo": {"count": 0}, "agreeCount": 0, "likes": {"groups": [], "count": 0}, "id": "56cc123038fa1315c5ec8c6a", "text": "The flavour of this Tze Char restaurant's version of Prawn Paste Chicken ( \u867e\u9171\u9e21 / Har Cheong Gai ) is just nice and tender meat soft enough for me to chew. Delicious :-9", "disagreeCount": 0, "user": {"gender": "female", "id": "6306884", "photo": {"prefix": "https://igx.4sqi.net/img/user/", "suffix": "/6306884-L21LWV3MMZFIVU5F"}, "firstName": "Jess", "lastName": "Thia"}, "canonicalUrl": "https://foursquare.com/item/56cc123038fa1315c5ec8c6a", "type": "user", "photourl": "https://igx.4sqi.net/img/general/original/6306884_3JkzLiM7uz4CEKkRfTWZQ5UKKVAVdPEYo-n1SrH2UBw.jpg"}, {"authorInteractionType": "liked", "logView": true, "lang": "en", "createdAt": 1459666032, "agreeCount": 0, "likes": {"groups": [], "count": 0}, "id": "5700bc70498ea0ecc1a82720", "text": "Crayfish is excellent", "type": "user", "user": {"id": "137212306", "photo": {"prefix": "https://igx.4sqi.net/img/user/", "default": true, "suffix": "/blank_boy.png"}, "firstName": "UncleJ", "gender": "none"}, "canonicalUrl": "https://foursquare.com/item/5700bc70498ea0ecc1a82720", "todo": {"count": 0}, "disagreeCount": 0}, {"logView": true, "lang": "en", "photo": {"id": "5443cbaf498e7e9ea8d5ab8c", "visibility": "public", "source": {"name": "Foursquare for iOS", "url": "https://foursquare.com/download/#/iphone"}, "suffix": "/83608823_GtEeBPSvrerQPIEWq1VxsqNFK8pcaW88FenpB6-3_qA.jpg", "createdAt": 1413729199, "prefix": "https://igx.4sqi.net/img/general/", "width": 960, "height": 720}, "createdAt": 1413729197, "todo": {"count": 0}, "agreeCount": 0, "likes": {"groups": [], "count": 0}, "id": "5443cbad498e7cfb8d35d2f0", "text": "The beef fried rice is an accompaniment to the Angus Beef Platter - it comes whether u can stomach it or not! It's fried with the beef fat and taste like claypot rice.", "disagreeCount": 0, "user": {"gender": "female", "id": "83608823", "photo": {"prefix": "https://igx.4sqi.net/img/user/", "suffix": "/83608823-WQJ4KTFAVOHFARLI.jpg"}, "firstName": "Dora", "lastName": "Choo"}, "canonicalUrl": "https://foursquare.com/item/5443cbad498e7cfb8d35d2f0", "type": "user", "photourl": "https://igx.4sqi.net/img/general/original/83608823_GtEeBPSvrerQPIEWq1VxsqNFK8pcaW88FenpB6-3_qA.jpg"}, {"authorInteractionType": "liked", "logView": true, "lang": "en", "photo": {"id": "53fc2ce3498ea2d9a4156c04", "visibility": "public", "source": {"name": "Foursquare for iOS", "url": "https://foursquare.com/download/#/iphone"}, "suffix": "/67294206_0DZlEIiW4PHrPaHZAoZ5cZCc-6KIi-qHKNMsCOmzLOg.jpg", "createdAt": 1409035491, "prefix": "https://igx.4sqi.net/img/general/", "width": 720, "height": 720}, "createdAt": 1409035489, "todo": {"count": 0}, "agreeCount": 0, "likes": {"groups": [], "count": 0}, "id": "53fc2ce1498edce7e9cdecf5", "text": "Foei grais on sticks and the steak is a must have!", "disagreeCount": 0, "user": {"gender": "female", "id": "67294206", "photo": {"prefix": "https://igx.4sqi.net/img/user/", "suffix": "/67294206-XXWDZ0D5CXMX4JOW.jpg"}, "firstName": "Julianne Danielle", "lastName": "Lim"}, "canonicalUrl": "https://foursquare.com/item/53fc2ce1498edce7e9cdecf5", "type": "user", "photourl": "https://igx.4sqi.net/img/general/original/67294206_0DZlEIiW4PHrPaHZAoZ5cZCc-6KIi-qHKNMsCOmzLOg.jpg"}, {"logView": true, "lang": "en", "createdAt": 1406044972, "agreeCount": 0, "likes": {"groups": [], "count": 0}, "id": "53ce8b2c498ea31016084ff0", "text": "Very crowded during weekends. Better reserve or risk making a fruitless trip. Seems to be the IT restaurant in this area.", "type": "user", "user": {"id": "55390456", "photo": {"prefix": "https://igx.4sqi.net/img/user/", "suffix": "/55390456_xjGWfjYZ_UAMBNliBjCxql6WleMj7JVZzY9y3t2_6WtR-3ecn7WlfLcMpWqn7tIYj_11T_fb-.jpg"}, "firstName": "Ting", "gender": "female"}, "canonicalUrl": "https://foursquare.com/item/53ce8b2c498ea31016084ff0", "todo": {"count": 0}, "disagreeCount": 0}, {"authorInteractionType": "liked", "logView": true, "lang": "en", "createdAt": 1420085325, "agreeCount": 0, "likes": {"groups": [], "count": 0}, "id": "54a4c84d498edb9d1d84bc65", "text": "lamb n hokkien mee", "type": "user", "user": {"gender": "female", "id": "20945653", "photo": {"prefix": "https://igx.4sqi.net/img/user/", "default": true, "suffix": "/blank_girl.png"}, "firstName": "Stacey", "lastName": "Ching"}, "canonicalUrl": "https://foursquare.com/item/54a4c84d498edb9d1d84bc65", "todo": {"count": 0}, "disagreeCount": 0}, {"logView": true, "lang": "en", "createdAt": 1458322085, "agreeCount": 0, "likes": {"groups": [], "count": 0}, "id": "56ec3aa5498ed0fa8517a6c5", "text": "Salted egg crab \ud83d\udc4d\ud83c\udffc crab beehoon soup is a miss though...", "type": "user", "user": {"id": "30562435", "photo": {"prefix": "https://igx.4sqi.net/img/user/", "suffix": "/30562435_hUw1KD7B_ShBcKe1imgkwRIttRjSGO9rGggBEWarx0l83VA3x8LWxHTxNyKMDTzJOlCFgvJC1.jpg"}, "firstName": "minzyiii", "gender": "female"}, "canonicalUrl": "https://foursquare.com/item/56ec3aa5498ed0fa8517a6c5", "todo": {"count": 1}, "disagreeCount": 0}, {"logView": true, "lang": "en", "createdAt": 1297340933, "agreeCount": 0, "likes": {"groups": [], "count": 0}, "id": "4d53da05c8d0f04d1f39bbd4", "text": "The Ubin Fried Rice is good", "type": "user", "user": {"gender": "male", "id": "5981865", "photo": {"prefix": "https://igx.4sqi.net/img/user/", "suffix": "/5981865-XVNVUMNFQUMSKDLX.jpg"}, "firstName": "Christopher", "lastName": "Lim"}, "canonicalUrl": "https://foursquare.com/item/4d53da05c8d0f04d1f39bbd4", "todo": {"count": 0}, "disagreeCount": 0}, {"authorInteractionType": "liked", "logView": true, "lang": "en", "createdAt": 1400765023, "agreeCount": 0, "likes": {"groups": [], "count": 0}, "id": "537dfa5f498e6b170857ceb9", "text": "Ribeye steak yeah. And of course the crabs.", "type": "user", "user": {"gender": "male", "id": "5115047", "photo": {"prefix": "https://igx.4sqi.net/img/user/", "suffix": "/5115047-B34BSTOAQTDX4NOA.jpg"}, "firstName": "Cedric", "lastName": "Tan"}, "canonicalUrl": "https://foursquare.com/item/537dfa5f498e6b170857ceb9", "todo": {"count": 0}, "disagreeCount": 0}, {"logView": true, "lang": "en", "createdAt": 1399980703, "agreeCount": 0, "likes": {"groups": [], "count": 0}, "id": "5372029f498eacc07e3407c0", "text": "Good service here !", "type": "user", "user": {"gender": "male", "id": "43592780", "photo": {"prefix": "https://igx.4sqi.net/img/user/", "suffix": "/43592780-FDZK5C0AGPKB41T2.jpg"}, "firstName": "Ryan", "lastName": "L"}, "canonicalUrl": "https://foursquare.com/item/5372029f498eacc07e3407c0", "todo": {"count": 0}, "disagreeCount": 0}, {"logView": true, "lang": "en", "createdAt": 1287495780, "agreeCount": 0, "likes": {"groups": [], "count": 0}, "id": "4cbda06443ec6dcb9e07b831", "text": "Pork knuckle & Fried Hokkien Noddle are must try !!", "type": "user", "user": {"gender": "male", "id": "3710437", "photo": {"prefix": "https://igx.4sqi.net/img/user/", "suffix": "/55MMCHMHJUODPEYE.jpg"}, "firstName": "Nelson", "lastName": "Chua"}, "canonicalUrl": "https://foursquare.com/item/4cbda06443ec6dcb9e07b831", "todo": {"count": 0}, "disagreeCount": 0}, {"authorInteractionType": "liked", "logView": true, "lang": "en", "photo": {"id": "54455bea11d2e5279813559a", "visibility": "public", "source": {"name": "Foursquare for iOS", "url": "https://foursquare.com/download/#/iphone"}, "suffix": "/67490872_NGSPym5pttXo0q76gM52K_N9Csn88gw8oLfcQdCfQ3w.jpg", "createdAt": 1413831658, "prefix": "https://igx.4sqi.net/img/general/", "width": 720, "height": 720}, "createdAt": 1413831654, "todo": {"count": 0}, "agreeCount": 1, "likes": {"groups": [{"items": [{"gender": "female", "id": "88075299", "photo": {"prefix": "https://igx.4sqi.net/img/user/", "suffix": "/88075299-KA4RT5IDIIWKLYUA.jpg"}, "firstName": "Vidula", "lastName": "Verma"}], "count": 1, "type": "others"}], "summary": "1 like", "count": 1}, "id": "54455be6498e7224e59b95d5", "text": "New item ! Foiegras + sodt boiled egg ! Yum !! A cuppa to start ! Nice !", "disagreeCount": 0, "user": {"gender": "female", "id": "67490872", "photo": {"prefix": "https://igx.4sqi.net/img/user/", "suffix": "/67490872-UFWLI45BGSJZFN40.jpg"}, "firstName": "Eileen", "lastName": "Lin"}, "canonicalUrl": "https://foursquare.com/item/54455be6498e7224e59b95d5", "type": "user", "photourl": "https://igx.4sqi.net/img/general/original/67490872_NGSPym5pttXo0q76gM52K_N9Csn88gw8oLfcQdCfQ3w.jpg"}, {"authorInteractionType": "disliked", "logView": true, "lang": "en", "createdAt": 1474111215, "agreeCount": 0, "likes": {"groups": [], "count": 0}, "id": "57dd26ef498ea711b4d3ffb1", "text": "Food is served cold nowadays...\ud83d\ude13", "type": "user", "user": {"gender": "female", "id": "138931510", "photo": {"prefix": "https://igx.4sqi.net/img/user/", "suffix": "/138931510-GXR4QFABM4LLUMDL.jpg"}, "firstName": "Serena", "lastName": "Cheu"}, "canonicalUrl": "https://foursquare.com/item/57dd26ef498ea711b4d3ffb1", "todo": {"count": 0}, "disagreeCount": 0}, {"authorInteractionType": "liked", "logView": true, "lang": "en", "createdAt": 1388917482, "agreeCount": 0, "likes": {"groups": [], "count": 0}, "id": "52c932ea498eda7fdfc0df82", "text": "Must try the Angus Beef set - beef, and fried rice \ud83d\udc4d", "type": "user", "user": {"gender": "male", "id": "66990581", "photo": {"prefix": "https://igx.4sqi.net/img/user/", "suffix": "/66990581-IX3NNHNR2M4T3EZ4.jpg"}, "firstName": "Chong Wei", "lastName": "LIM"}, "canonicalUrl": "https://foursquare.com/item/52c932ea498eda7fdfc0df82", "todo": {"count": 0}, "disagreeCount": 0}, {"logView": true, "lang": "en", "photo": {"id": "5443cb48498e45491bae1e24", "visibility": "public", "source": {"name": "Foursquare for iOS", "url": "https://foursquare.com/download/#/iphone"}, "suffix": "/83608823_oetIudJMvB92Kom33QsaFNgDq7YVM9MHkYJRWzCcLI0.jpg", "createdAt": 1413729096, "prefix": "https://igx.4sqi.net/img/general/", "width": 960, "height": 720}, "createdAt": 1413729094, "todo": {"count": 0}, "agreeCount": 0, "likes": {"groups": [], "count": 0}, "id": "5443cb46498e7224e584160c", "text": "The baked spare ribs tasted as if they were baked slowly... Very tender and the BBQ sauce was served on the side if u need more....", "disagreeCount": 0, "user": {"gender": "female", "id": "83608823", "photo": {"prefix": "https://igx.4sqi.net/img/user/", "suffix": "/83608823-WQJ4KTFAVOHFARLI.jpg"}, "firstName": "Dora", "lastName": "Choo"}, "canonicalUrl": "https://foursquare.com/item/5443cb46498e7224e584160c", "type": "user", "photourl": "https://igx.4sqi.net/img/general/original/83608823_oetIudJMvB92Kom33QsaFNgDq7YVM9MHkYJRWzCcLI0.jpg"}, {"logView": true, "lang": "en", "createdAt": 1350271093, "agreeCount": 0, "likes": {"groups": [], "count": 0}, "id": "507b8075e4b02bab1ac703b6", "text": "The baked garlic crabs are a tasty and healthier alternative to the rest.", "type": "user", "user": {"gender": "female", "id": "3595710", "photo": {"prefix": "https://igx.4sqi.net/img/user/", "suffix": "/3POB4IABOOPHCXLG.jpg"}, "firstName": "Karen", "lastName": "L."}, "canonicalUrl": "https://foursquare.com/item/507b8075e4b02bab1ac703b6", "todo": {"count": 0}, "disagreeCount": 0}, {"logView": true, "lang": "en", "createdAt": 1412952329, "agreeCount": 0, "likes": {"groups": [], "count": 0}, "id": "5437f109498ed5e297982655", "text": "Surprisingly delicious fusion tze char. Loved the cereal prawns, har cheong gai and salted egg crab. Special mention for the excellent beef steak!", "type": "user", "user": {"id": "718123", "photo": {"prefix": "https://igx.4sqi.net/img/user/", "suffix": "/CTOS3YPWGE3BK3YM.jpg"}, "firstName": "kisacake", "gender": "female"}, "canonicalUrl": "https://foursquare.com/item/5437f109498ed5e297982655", "todo": {"count": 0}, "disagreeCount": 1}, {"logView": true, "lang": "en", "createdAt": 1333464095, "agreeCount": 5, "likes": {"groups": [{"items": [{"gender": "female", "id": "88075299", "photo": {"prefix": "https://igx.4sqi.net/img/user/", "suffix": "/88075299-KA4RT5IDIIWKLYUA.jpg"}, "firstName": "Vidula", "lastName": "Verma"}, {"gender": "female", "id": "446560", "photo": {"prefix": "https://igx.4sqi.net/img/user/", "suffix": "/FLB1YUXWOMNYIOMB.jpg"}, "firstName": "Keri-Lee", "lastName": "Beasley"}, {"gender": "female", "id": "1973074", "photo": {"prefix": "https://igx.4sqi.net/img/user/", "suffix": "/N2TAR4AZM2VDJ5GN.jpg"}, "firstName": "Adrienne", "lastName": "M"}, {"gender": "male", "id": "29112", "photo": {"prefix": "https://igx.4sqi.net/img/user/", "suffix": "/NONXP5RXX2PIHTMF.jpg"}, "firstName": "Rocky", "lastName": "Chang"}], "count": 5, "type": "others"}], "summary": "5 likes", "count": 5}, "id": "4f7b0c1fe4b0f90957ff7014", "text": "Buy 2 crab get 1 free!", "type": "user", "user": {"gender": "male", "id": "25056718", "photo": {"prefix": "https://igx.4sqi.net/img/user/", "suffix": "/25056718-YH42RXLP3K4FA5AJ.jpg"}, "firstName": "Jack", "lastName": "Chua"}, "canonicalUrl": "https://foursquare.com/item/4f7b0c1fe4b0f90957ff7014", "todo": {"count": 0}, "disagreeCount": 1}, {"authorInteractionType": "liked", "logView": true, "lang": "en", "photo": {"id": "57857e98498e43175f1fae29", "visibility": "public", "source": {"name": "Foursquare for Android", "url": "https://foursquare.com/download/#/android"}, "suffix": "/145860861__JFpUjkb5UGXcFDs8wKBdHUP0vINuOQ93qRmDg9gA7g.jpg", "createdAt": 1468366488, "prefix": "https://igx.4sqi.net/img/general/", "width": 2976, "height": 2976}, "createdAt": 1468366480, "todo": {"count": 0}, "agreeCount": 0, "likes": {"groups": [], "count": 0}, "id": "57857e90cd107a35ef47c144", "text": "Seafood is not the only thing they serve here. The non seafood dishes are awesome, especially the ribeye and lamb rack. They serve oysters too.", "disagreeCount": 0, "user": {"gender": "none", "id": "145860861", "photo": {"prefix": "https://igx.4sqi.net/img/user/", "suffix": "/145860861-2PFFD01LHA0EE5EV.jpg"}, "firstName": "P", "lastName": "C"}, "canonicalUrl": "https://foursquare.com/item/57857e90cd107a35ef47c144", "type": "user", "photourl": "https://igx.4sqi.net/img/general/original/145860861__JFpUjkb5UGXcFDs8wKBdHUP0vINuOQ93qRmDg9gA7g.jpg"}, {"authorInteractionType": "liked", "logView": true, "lang": "en", "createdAt": 1420296238, "agreeCount": 0, "likes": {"groups": [], "count": 0}, "id": "54a8002e498ea16460146c83", "text": "Beef steak, garlic crab!!", "type": "user", "user": {"gender": "male", "id": "65452571", "photo": {"prefix": "https://igx.4sqi.net/img/user/", "suffix": "/65452571-JYFGYNW02QVDB54L.jpg"}, "firstName": "Andrew", "lastName": "C."}, "canonicalUrl": "https://foursquare.com/item/54a8002e498ea16460146c83", "todo": {"count": 0}, "disagreeCount": 0}, {"logView": true, "lang": "en", "createdAt": 1391344865, "agreeCount": 0, "likes": {"groups": [], "count": 0}, "id": "52ee3ce111d201100b71f484", "text": "Had the signature beef and fried rice, curry fish head, supreme ribs, nai bai vege and salted yolk prawns. Beef is juicy and tender. Fish head is fantastic though you hardly see any recommendations.", "type": "user", "user": {"gender": "male", "id": "27078708", "photo": {"prefix": "https://igx.4sqi.net/img/user/", "suffix": "/27078708-SQA1WPHJCK02AHIQ.jpg"}, "firstName": "Eric", "lastName": "Neo"}, "canonicalUrl": "https://foursquare.com/item/52ee3ce111d201100b71f484", "todo": {"count": 0}, "disagreeCount": 0}, {"authorInteractionType": "liked", "logView": true, "lang": "en", "createdAt": 1389490392, "agreeCount": 0, "likes": {"groups": [], "count": 0}, "id": "52d1f0d8498ef33ab43e6d1e", "text": "Pork Knuckle is overrated. Steak is very good and rest of dishes are of standard.", "type": "user", "user": {"gender": "male", "id": "170624", "photo": {"prefix": "https://igx.4sqi.net/img/user/", "suffix": "/4SQ4G5WHXNVTGXVB.jpg"}, "firstName": "Daniel", "lastName": "Chong"}, "canonicalUrl": "https://foursquare.com/item/52d1f0d8498ef33ab43e6d1e", "todo": {"count": 0}, "disagreeCount": 0}, {"logView": true, "lang": "en", "createdAt": 1269607095, "agreeCount": 5, "likes": {"groups": [{"items": [{"gender": "male", "id": "374547", "photo": {"prefix": "https://igx.4sqi.net/img/user/", "suffix": "/PMTJQRVVKGG5MFZC.jpg"}, "firstName": "Jeremy", "lastName": "Soh"}, {"gender": "male", "id": "3796997", "photo": {"prefix": "https://igx.4sqi.net/img/user/", "suffix": "/3796997-YSXF5P4OGPB4RLUD.jpg"}, "firstName": "Soetopo", "lastName": "Prasetio"}, {"gender": "male", "id": "71787038", "photo": {"prefix": "https://igx.4sqi.net/img/user/", "suffix": "/71787038-CI302EMSWYTZPIZR.jpg"}, "firstName": "Aldo_Cool", "lastName": "Tarigan"}, {"id": "1369074", "photo": {"prefix": "https://igx.4sqi.net/img/user/", "suffix": "/1369074-HTHNI3XJF4N01KPC.jpg"}, "firstName": "tyn", "gender": "female"}], "count": 5, "type": "others"}], "summary": "5 likes", "count": 5}, "id": "4bacaab770c603bbf9bd95b4", "text": "Must try the roasted beef and onions!", "type": "user", "user": {"gender": "male", "id": "374547", "photo": {"prefix": "https://igx.4sqi.net/img/user/", "suffix": "/PMTJQRVVKGG5MFZC.jpg"}, "firstName": "Jeremy", "lastName": "Soh"}, "canonicalUrl": "https://foursquare.com/item/4bacaab770c603bbf9bd95b4", "todo": {"count": 0}, "disagreeCount": 1}, {"authorInteractionType": "liked", "logView": true, "lang": "en", "createdAt": 1461132518, "agreeCount": 0, "likes": {"groups": [], "count": 0}, "id": "57171ce6498e4af5a71367fc", "text": "Beef steak & fried rice!!!!", "type": "user", "user": {"id": "15493060", "photo": {"prefix": "https://igx.4sqi.net/img/user/", "suffix": "/TE0LFGD1N3U42ZJ3.jpg"}, "firstName": "\ue01dCheeky jess\u2708", "gender": "female"}, "canonicalUrl": "https://foursquare.com/item/57171ce6498e4af5a71367fc", "todo": {"count": 0}, "disagreeCount": 0}, {"authorInteractionType": "liked", "logView": true, "lang": "en", "createdAt": 1453934193, "agreeCount": 0, "likes": {"groups": [], "count": 0}, "id": "56a94671498eb2a7a6a5661e", "text": "Used to be better", "type": "user", "user": {"gender": "female", "id": "1392670", "photo": {"prefix": "https://igx.4sqi.net/img/user/", "suffix": "/QG0GBUYFK4FKQM2U.jpg"}, "firstName": "Susanne", "lastName": "Tan"}, "canonicalUrl": "https://foursquare.com/item/56a94671498eb2a7a6a5661e", "todo": {"count": 0}, "disagreeCount": 0}, {"logView": true, "lang": "en", "createdAt": 1492150876, "agreeCount": 0, "likes": {"groups": [], "count": 0}, "id": "58f06a5cdec1d65d99cc5740", "text": "Avoid Seafood! Try steak and rib.", "type": "user", "user": {"gender": "male", "id": "70619391", "photo": {"prefix": "https://igx.4sqi.net/img/user/", "suffix": "/70619391-4AQNFF4N32JLWJYM.jpg"}, "firstName": "Hong Lim", "lastName": "Park"}, "canonicalUrl": "https://foursquare.com/item/58f06a5cdec1d65d99cc5740", "todo": {"count": 0}, "disagreeCount": 0}, {"logView": true, "lang": "en", "photo": {"id": "57372d49498e4ad305fc4175", "visibility": "public", "source": {"name": "Foursquare for iOS", "url": "https://foursquare.com/download/#/iphone"}, "suffix": "/5170139_wOQMIwO7NUuXYO3IcJWAsmVDMfyoVZceRU4MQBHUaos.jpg", "createdAt": 1463233865, "prefix": "https://igx.4sqi.net/img/general/", "width": 1920, "height": 1440}, "createdAt": 1463233861, "todo": {"count": 0}, "agreeCount": 0, "likes": {"groups": [], "count": 0}, "id": "57372d45498ea74f0775ca58", "text": "Hokkien mee, foie gras w egg is what I like", "disagreeCount": 0, "user": {"gender": "female", "id": "5170139", "photo": {"prefix": "https://igx.4sqi.net/img/user/", "suffix": "/XRIQUY1ZIMUSLUZY.jpg"}, "firstName": "Appie", "lastName": "Tiffie"}, "canonicalUrl": "https://foursquare.com/item/57372d45498ea74f0775ca58", "type": "user", "photourl": "https://igx.4sqi.net/img/general/original/5170139_wOQMIwO7NUuXYO3IcJWAsmVDMfyoVZceRU4MQBHUaos.jpg"}, {"authorInteractionType": "liked", "logView": true, "lang": "en", "createdAt": 1479783681, "agreeCount": 0, "likes": {"groups": [], "count": 0}, "id": "5833b5014f1069627a1b7b8f", "text": "EVERYTHING IS AWESOME!", "type": "user", "user": {"gender": "male", "id": "65452571", "photo": {"prefix": "https://igx.4sqi.net/img/user/", "suffix": "/65452571-JYFGYNW02QVDB54L.jpg"}, "firstName": "Andrew", "lastName": "C."}, "canonicalUrl": "https://foursquare.com/item/5833b5014f1069627a1b7b8f", "todo": {"count": 0}, "disagreeCount": 0}, {"authorInteractionType": "liked", "logView": true, "lang": "en", "createdAt": 1455255205, "agreeCount": 0, "likes": {"groups": [], "count": 0}, "id": "56bd6ea5498e14e317ec0e30", "text": "Steak is great", "type": "user", "user": {"gender": "female", "id": "7372460", "photo": {"prefix": "https://igx.4sqi.net/img/user/", "suffix": "/7372460-J33KCEANBD5MI5EH.jpg"}, "firstName": "Thao", "lastName": "Pham"}, "canonicalUrl": "https://foursquare.com/item/56bd6ea5498e14e317ec0e30", "todo": {"count": 0}, "disagreeCount": 0}, {"logView": true, "lang": "en", "photo": {"id": "5443cc71498e7a32f1654f78", "visibility": "public", "source": {"name": "Foursquare for iOS", "url": "https://foursquare.com/download/#/iphone"}, "suffix": "/83608823_7VEKjVIUceOve2BA0XO0ZvxIbszYGkC9glwNDqYrP70.jpg", "createdAt": 1413729393, "prefix": "https://igx.4sqi.net/img/general/", "width": 960, "height": 720}, "createdAt": 1413729383, "todo": {"count": 0}, "agreeCount": 0, "likes": {"groups": [], "count": 0}, "id": "5443cc67498e76b60981acca", "text": "The crispy shrimp didn't cause fireworks to occur. Like eating prawn keropok!", "disagreeCount": 0, "user": {"gender": "female", "id": "83608823", "photo": {"prefix": "https://igx.4sqi.net/img/user/", "suffix": "/83608823-WQJ4KTFAVOHFARLI.jpg"}, "firstName": "Dora", "lastName": "Choo"}, "canonicalUrl": "https://foursquare.com/item/5443cc67498e76b60981acca", "type": "user", "photourl": "https://igx.4sqi.net/img/general/original/83608823_7VEKjVIUceOve2BA0XO0ZvxIbszYGkC9glwNDqYrP70.jpg"}, {"logView": true, "lang": "en", "createdAt": 1372511091, "agreeCount": 1, "likes": {"groups": [{"items": [{"gender": "male", "id": "1339539", "photo": {"prefix": "https://igx.4sqi.net/img/user/", "suffix": "/1339539-AIRJPNFKHLZSMUDJ.jpg"}, "firstName": "Ian", "lastName": "Thomtori"}], "count": 1, "type": "others"}], "summary": "1 like", "count": 1}, "id": "51cedb73498e55d010b0c6cd", "text": "Must try the salted egg crab!", "type": "user", "user": {"gender": "male", "id": "768240", "photo": {"prefix": "https://igx.4sqi.net/img/user/", "suffix": "/ARG3RWNGWB4H5C2M.jpg"}, "firstName": "Nick", "lastName": "Tay"}, "canonicalUrl": "https://foursquare.com/item/51cedb73498e55d010b0c6cd", "todo": {"count": 0}, "disagreeCount": 0}, {"logView": true, "lang": "en", "createdAt": 1470561949, "agreeCount": 0, "likes": {"groups": [], "count": 0}, "id": "57a6fe9d498e2ce73504b4ed", "text": "Skip seafood and go for the kurobuta Pork ribs", "type": "user", "user": {"gender": "male", "id": "8721174", "photo": {"prefix": "https://igx.4sqi.net/img/user/", "suffix": "/8721174-QEYUIZD11QONU12X.jpg"}, "firstName": "Sean", "lastName": "Soo"}, "canonicalUrl": "https://foursquare.com/item/57a6fe9d498e2ce73504b4ed", "todo": {"count": 0}, "disagreeCount": 0}, {"logView": true, "lang": "en", "photo": {"id": "57f7fe8b498ede0c75980cf1", "visibility": "public", "source": {"name": "Foursquare Web", "url": "https://foursquare.com"}, "suffix": "/6306884_VgWyWKbRmbzcb_FpJ-pmpzE_Z9f_uSS2LJ3f6c_Wa28.jpg", "createdAt": 1475870347, "prefix": "https://igx.4sqi.net/img/general/", "width": 900, "height": 900}, "createdAt": 1475870323, "todo": {"count": 0}, "agreeCount": 0, "likes": {"groups": [], "count": 0}, "id": "57f7fe73498e8f889ba0fd66", "text": "OMG! Delicious lamb steak is tender and easily chewable or cuttable by metal spoon \ud83d\ude0d\ud83d\udc4d\ud83d\udc4d Eventhough its at S$7 per piece, but its flavour and texture is done much nicer than many other restaurants.", "disagreeCount": 0, "user": {"gender": "female", "id": "6306884", "photo": {"prefix": "https://igx.4sqi.net/img/user/", "suffix": "/6306884-L21LWV3MMZFIVU5F"}, "firstName": "Jess", "lastName": "Thia"}, "canonicalUrl": "https://foursquare.com/item/57f7fe73498e8f889ba0fd66", "type": "user", "photourl": "https://igx.4sqi.net/img/general/original/6306884_VgWyWKbRmbzcb_FpJ-pmpzE_Z9f_uSS2LJ3f6c_Wa28.jpg"}, {"authorInteractionType": "liked", "logView": true, "lang": "en", "createdAt": 1450916724, "agreeCount": 1, "likes": {"groups": [{"items": [{"gender": "male", "id": "45195140", "photo": {"prefix": "https://igx.4sqi.net/img/user/", "suffix": "/ODSE4A1GWISRRYTA.jpg"}, "firstName": "Phuan", "lastName": "Kok Wai"}], "count": 1, "type": "others"}], "summary": "1 like", "count": 1}, "id": "567b3b74498ea39ab67efd88", "text": "Too awesome food here? The satay foie gras is really crazily awesome", "type": "user", "user": {"gender": "male", "id": "137386", "photo": {"prefix": "https://igx.4sqi.net/img/user/", "suffix": "/137386-L5GM5JWCGSNFXUU0.jpg"}, "firstName": "Ken", "lastName": "Ng"}, "canonicalUrl": "https://foursquare.com/item/567b3b74498ea39ab67efd88", "todo": {"count": 0}, "disagreeCount": 0}, {"logView": true, "lang": "en", "createdAt": 1460220056, "agreeCount": 0, "likes": {"groups": [], "count": 0}, "id": "57093098498eacf382504d1a", "text": "If your purchase two crabs, you get another free. However, the quality of crabs here has unfortunately worsened over the last few years.", "type": "user", "user": {"gender": "male", "id": "43590376", "photo": {"prefix": "https://igx.4sqi.net/img/user/", "suffix": "/43590376_qHuTJDDM_B-AgC3DPdb0b7JmTis0qGWjtdLQH4NT5lN09sRZs770vprSKLJaxJ1MqI3e2efBA.jpg"}, "firstName": "Lionel", "lastName": "Lim"}, "canonicalUrl": "https://foursquare.com/item/57093098498eacf382504d1a", "todo": {"count": 0}, "disagreeCount": 0}, {"logView": true, "lang": "en", "photo": {"id": "56cc11f7498e3f7aa1d6a1f8", "visibility": "public", "source": {"name": "Foursquare Web", "url": "https://foursquare.com"}, "suffix": "/6306884_HLkFWARDoE06_4Hcp3Z2l6RmAv619j24_FhNrkb-K-g.jpg", "createdAt": 1456214519, "prefix": "https://igx.4sqi.net/img/general/", "width": 900, "height": 900}, "createdAt": 1456214511, "todo": {"count": 0}, "agreeCount": 0, "likes": {"groups": [], "count": 0}, "id": "56cc11ef498ecc5cd22f084f", "text": "This Tze Char restaurant's version of \u4e09\u8272\u86cb (assorted eggs) in broth comes with Spinach, Mushroom and Wolfberries. Its colourful and nice. I like :-)", "disagreeCount": 0, "user": {"gender": "female", "id": "6306884", "photo": {"prefix": "https://igx.4sqi.net/img/user/", "suffix": "/6306884-L21LWV3MMZFIVU5F"}, "firstName": "Jess", "lastName": "Thia"}, "canonicalUrl": "https://foursquare.com/item/56cc11ef498ecc5cd22f084f", "type": "user", "photourl": "https://igx.4sqi.net/img/general/original/6306884_HLkFWARDoE06_4Hcp3Z2l6RmAv619j24_FhNrkb-K-g.jpg"}, {"logView": true, "lang": "en", "photo": {"id": "5443cac711d2fca32f5d105a", "visibility": "public", "source": {"name": "Foursquare for iOS", "url": "https://foursquare.com/download/#/iphone"}, "suffix": "/83608823_XoMTUWYpmbX6WA1Pk9ILbCtVQyqYL7GbaPoN0Nvfahg.jpg", "createdAt": 1413728967, "prefix": "https://igx.4sqi.net/img/general/", "width": 960, "height": 720}, "createdAt": 1413728961, "todo": {"count": 0}, "agreeCount": 0, "likes": {"groups": [], "count": 0}, "id": "5443cac1498e530737b958fa", "text": "5 mutton 5 pork - give this a miss to make room for other dishes !!! \ud83d\ude01", "disagreeCount": 0, "user": {"gender": "female", "id": "83608823", "photo": {"prefix": "https://igx.4sqi.net/img/user/", "suffix": "/83608823-WQJ4KTFAVOHFARLI.jpg"}, "firstName": "Dora", "lastName": "Choo"}, "canonicalUrl": "https://foursquare.com/item/5443cac1498e530737b958fa", "type": "user", "photourl": "https://igx.4sqi.net/img/general/original/83608823_XoMTUWYpmbX6WA1Pk9ILbCtVQyqYL7GbaPoN0Nvfahg.jpg"}, {"logView": true, "lang": "en", "createdAt": 1383396464, "agreeCount": 0, "likes": {"groups": [], "count": 0}, "id": "5274f470498e88a717d853e0", "text": "The beef platter is surprisingly good for a seafood Resturant", "type": "user", "user": {"gender": "female", "id": "36837137", "photo": {"prefix": "https://igx.4sqi.net/img/user/", "suffix": "/36837137-OCG0AAAI0GAWUBKT.jpg"}, "firstName": "Stephanie", "lastName": "Yee"}, "canonicalUrl": "https://foursquare.com/item/5274f470498e88a717d853e0", "todo": {"count": 0}, "disagreeCount": 0}, {"logView": true, "lang": "en", "createdAt": 1404644290, "agreeCount": 0, "likes": {"groups": [], "count": 0}, "id": "53b92bc2498e5b4bdf48441e", "text": "Delicious pork knuckle, hk style live marble goby. However give the kl style hokkien noodles a miss, way too heavy on the salt", "type": "user", "user": {"gender": "female", "id": "74118987", "photo": {"prefix": "https://igx.4sqi.net/img/user/", "suffix": "/74118987-L11X51BK2DNDFWO0.jpg"}, "firstName": "Joey", "lastName": "Lim"}, "canonicalUrl": "https://foursquare.com/item/53b92bc2498e5b4bdf48441e", "todo": {"count": 0}, "disagreeCount": 0}, {"authorInteractionType": "liked", "logView": true, "lang": "en", "photo": {"id": "54cdbf58498e1bfecc695133", "visibility": "public", "source": {"name": "Foursquare for Android", "url": "https://foursquare.com/download/#/android"}, "suffix": "/5550924_EU1W2X2qiNM2zQzofteKJXctnqyuRXiv_QOS6dEWDbM.jpg", "createdAt": 1422770008, "prefix": "https://igx.4sqi.net/img/general/", "width": 3264, "height": 1836}, "createdAt": 1422770003, "todo": {"count": 0}, "agreeCount": 0, "likes": {"groups": [], "count": 0}, "id": "54cdbf53498e3df0c212be65", "text": "This fried eggplant is a must try!", "disagreeCount": 0, "user": {"id": "5550924", "photo": {"prefix": "https://igx.4sqi.net/img/user/", "suffix": "/SOJO3AGXO1EIMB02.jpg"}, "firstName": "Poompook", "gender": "female"}, "canonicalUrl": "https://foursquare.com/item/54cdbf53498e3df0c212be65", "type": "user", "photourl": "https://igx.4sqi.net/img/general/original/5550924_EU1W2X2qiNM2zQzofteKJXctnqyuRXiv_QOS6dEWDbM.jpg"}, {"logView": true, "lang": "en", "createdAt": 1484877628, "agreeCount": 0, "likes": {"groups": [], "count": 0}, "id": "58816f3c25911e7f089b811b", "text": "Shifted from Sin Ming to Bukit Batok end of 2016", "type": "user", "user": {"gender": "male", "id": "231366", "photo": {"prefix": "https://igx.4sqi.net/img/user/", "suffix": "/231366-Q2ZSAEF50GYUXPDA.jpg"}, "firstName": "Cheen", "lastName": "The Curious"}, "canonicalUrl": "https://foursquare.com/item/58816f3c25911e7f089b811b", "todo": {"count": 0}, "disagreeCount": 0}, {"logView": true, "lang": "en", "createdAt": 1406647260, "agreeCount": 0, "likes": {"groups": [], "count": 0}, "id": "53d7bbdc498edfa572280355", "text": "Love the beef steak with potatoe wedges n fried rice, fried brinjal, crab braised beehoon n hk Kai lan. Yums.", "type": "user", "user": {"gender": "female", "id": "4621745", "photo": {"prefix": "https://igx.4sqi.net/img/user/", "default": true, "suffix": "/blank_girl.png"}, "firstName": "pin", "lastName": "lee"}, "canonicalUrl": "https://foursquare.com/item/53d7bbdc498edfa572280355", "todo": {"count": 0}, "disagreeCount": 0}, {"logView": true, "lang": "en", "createdAt": 1339944078, "agreeCount": 1, "likes": {"groups": [{"items": [{"gender": "female", "id": "4353992", "photo": {"prefix": "https://igx.4sqi.net/img/user/", "suffix": "/GWYIT1MZ2SG4B4ZY.jpg"}, "firstName": "Tseng", "lastName": "Estherine"}], "count": 1, "type": "others"}], "summary": "1 like", "count": 1}, "id": "4fddec8ee4b065404611e083", "text": "Food is ok but service sucks big time the guy taking the order got serious attitude problem", "type": "user", "user": {"gender": "male", "id": "4024782", "photo": {"prefix": "https://igx.4sqi.net/img/user/", "suffix": "/ON14J3DSEZ4U0EYY.jpg"}, "firstName": "Joseph", "lastName": "Track Junkie"}, "canonicalUrl": "https://foursquare.com/item/4fddec8ee4b065404611e083", "todo": {"count": 0}, "disagreeCount": 0}, {"logView": true, "lang": "en", "createdAt": 1400420774, "agreeCount": 0, "likes": {"groups": [], "count": 0}, "id": "5378b9a611d292bbdffffa3d", "text": "Beef steak and black peeper crab are highly recommended", "type": "user", "user": {"id": "612313", "photo": {"prefix": "https://igx.4sqi.net/img/user/", "suffix": "/612313-0MSBKVV3HBKGRI4E.jpg"}, "firstName": "NungNing \ud83c\udf80", "gender": "female"}, "canonicalUrl": "https://foursquare.com/item/5378b9a611d292bbdffffa3d", "todo": {"count": 0}, "disagreeCount": 0}, {"logView": true, "lang": "en", "createdAt": 1298808576, "agreeCount": 0, "likes": {"groups": [], "count": 0}, "id": "4d6a3f000a25b60c441e2f90", "text": "What to order: pork ribs, knuckles, beef steak cubes, satay, mee goreng. Best ALL ROUNDER restaurant!", "type": "user", "user": {"gender": "male", "id": "5860103", "photo": {"prefix": "https://igx.4sqi.net/img/user/", "suffix": "/Q5NLL1FZD2YF5OE3.jpg"}, "firstName": "Joel", "lastName": "Tang"}, "canonicalUrl": "https://foursquare.com/item/4d6a3f000a25b60c441e2f90", "todo": {"count": 0}, "disagreeCount": 0}, {"logView": true, "lang": "en", "createdAt": 1431251929, "agreeCount": 0, "likes": {"groups": [], "count": 0}, "id": "554f2bd9498e48c51d9b58e5", "text": "I love the beef", "type": "user", "user": {"gender": "male", "id": "115688486", "photo": {"prefix": "https://igx.4sqi.net/img/user/", "suffix": "/115688486-B3L1CSS31UIIC1ZK.jpg"}, "firstName": "Winston", "lastName": "Tay"}, "canonicalUrl": "https://foursquare.com/item/554f2bd9498e48c51d9b58e5", "todo": {"count": 0}, "disagreeCount": 0}, {"logView": true, "lang": "en", "createdAt": 1475563183, "agreeCount": 0, "likes": {"groups": [], "count": 0}, "id": "57f34eaf498e7cbda068c29d", "text": "Overheard: \"They have two dishes you must have: 1) The grilled steak along with the fried rice that they fry in the steak fat. HOLY COW! 2) The boss bee hoon.\"", "type": "user", "user": {"gender": "male", "id": "1777157", "photo": {"prefix": "https://igx.4sqi.net/img/user/", "suffix": "/1777157-CQ5XE1AGUJUMEMMW.jpg"}, "firstName": "Justin", "lastName": "Searls"}, "canonicalUrl": "https://foursquare.com/item/57f34eaf498e7cbda068c29d", "todo": {"count": 0}, "disagreeCount": 0}, {"authorInteractionType": "liked", "logView": true, "lang": "en", "photo": {"id": "54fc1fea498edbe9572e5cea", "visibility": "public", "source": {"name": "Foursquare for iOS", "url": "https://foursquare.com/download/#/iphone"}, "suffix": "/67490872_i-9uU9KLoxJEOo-xiOmTO9tSBDXCuevmIP513IWqGlo.jpg", "createdAt": 1425809386, "prefix": "https://igx.4sqi.net/img/general/", "width": 1920, "height": 1440}, "createdAt": 1425809382, "todo": {"count": 2}, "agreeCount": 1, "likes": {"groups": [{"items": [{"gender": "none", "id": "7520990", "photo": {"prefix": "https://igx.4sqi.net/img/user/", "default": true, "suffix": "/blank_boy.png"}, "firstName": "David", "lastName": "S."}], "count": 1, "type": "others"}], "summary": "1 like", "count": 1}, "id": "54fc1fe6498e3c4eba3d4883", "text": "Super yummy US Black Angus Ribeye Steak with fried rice, wedges & onions !! $12.00 per 100 gram \ud83d\udc4d\ud83d\udc4d - no 1 selling dish !", "disagreeCount": 0, "user": {"gender": "female", "id": "67490872", "photo": {"prefix": "https://igx.4sqi.net/img/user/", "suffix": "/67490872-UFWLI45BGSJZFN40.jpg"}, "firstName": "Eileen", "lastName": "Lin"}, "canonicalUrl": "https://foursquare.com/item/54fc1fe6498e3c4eba3d4883", "type": "user", "photourl": "https://igx.4sqi.net/img/general/original/67490872_i-9uU9KLoxJEOo-xiOmTO9tSBDXCuevmIP513IWqGlo.jpg"}, {"authorInteractionType": "liked", "logView": true, "lang": "en", "createdAt": 1407613279, "agreeCount": 0, "likes": {"groups": [], "count": 0}, "id": "53e6795f498ef3c011690752", "text": "The salted egg crab dish is wicked. So is the sambal oyster omelet. Really like the background music choice. When I was there, it was New Orleans jazz. :))", "type": "user", "user": {"gender": "female", "id": "58270326", "photo": {"prefix": "https://igx.4sqi.net/img/user/", "suffix": "/UMT5VT5EFJZPQQ1P.jpg"}, "firstName": "Charm", "lastName": "H"}, "canonicalUrl": "https://foursquare.com/item/53e6795f498ef3c011690752", "todo": {"count": 0}, "disagreeCount": 0}, {"authorInteractionType": "liked", "logView": true, "lang": "en", "createdAt": 1445210131, "agreeCount": 1, "likes": {"groups": [], "count": 0}, "id": "56242813498e766b280b605c", "text": "steak and har jiong gai. fried brinjal and salted egg squid wasnt fantastic", "type": "user", "user": {"gender": "male", "id": "297771", "photo": {"prefix": "https://igx.4sqi.net/img/user/", "suffix": "/297771-B42SX4FL3UIEE5ZV.jpg"}, "firstName": "bear", "lastName": "bear"}, "canonicalUrl": "https://foursquare.com/item/56242813498e766b280b605c", "todo": {"count": 0}, "disagreeCount": 0}, {"logView": true, "lang": "en", "createdAt": 1296971939, "agreeCount": 2, "likes": {"groups": [{"items": [{"gender": "male", "id": "29112", "photo": {"prefix": "https://igx.4sqi.net/img/user/", "suffix": "/NONXP5RXX2PIHTMF.jpg"}, "firstName": "Rocky", "lastName": "Chang"}, {"gender": "male", "id": "308951", "photo": {"prefix": "https://igx.4sqi.net/img/user/", "suffix": "/3UP0AI4WEWFBWG2M.jpg"}, "firstName": "Gabriel", "lastName": "Seah"}], "count": 2, "type": "others"}], "summary": "2 likes", "count": 2}, "id": "4d4e38a38af6721e765e0e88", "text": "Salted egg fried oyster and rib eye steak must try!", "type": "user", "user": {"id": "3242288", "photo": {"prefix": "https://igx.4sqi.net/img/user/", "suffix": "/YEYW0BFRMRDX5ZXI.jpg"}, "firstName": "Joyce", "gender": "female"}, "canonicalUrl": "https://foursquare.com/item/4d4e38a38af6721e765e0e88", "todo": {"count": 0}, "disagreeCount": 0}, {"logView": true, "lang": "en", "photo": {"id": "53eb1407498eacff8427c08d", "visibility": "public", "source": {"name": "Foursquare for Android", "url": "https://foursquare.com/download/#/android"}, "suffix": "/10846274_wKXqUVUfiIU1Ifa9XZPSurFyfL4N-1JAn9T4uFqm7Wk.jpg", "createdAt": 1407915015, "prefix": "https://igx.4sqi.net/img/general/", "width": 960, "height": 540}, "createdAt": 1407915013, "todo": {"count": 1}, "agreeCount": 1, "likes": {"groups": [{"items": [{"gender": "none", "id": "7520990", "photo": {"prefix": "https://igx.4sqi.net/img/user/", "default": true, "suffix": "/blank_boy.png"}, "firstName": "David", "lastName": "S."}], "count": 1, "type": "others"}], "summary": "1 like", "count": 1}, "id": "53eb1405498e78558f2952ef", "text": "BBQ beef med rare among the better items on the menu. There's also a wine selection though there's no corkage if you byo", "disagreeCount": 0, "user": {"gender": "male", "id": "10846274", "photo": {"prefix": "https://igx.4sqi.net/img/user/", "suffix": "/10846274-HO5L2K2D2COAY2RQ.jpg"}, "firstName": "Andrew", "lastName": "Wong"}, "canonicalUrl": "https://foursquare.com/item/53eb1405498e78558f2952ef", "type": "user", "photourl": "https://igx.4sqi.net/img/general/original/10846274_wKXqUVUfiIU1Ifa9XZPSurFyfL4N-1JAn9T4uFqm7Wk.jpg"}, {"logView": true, "lang": "en", "photo": {"id": "5443cb06498e6e012917a635", "visibility": "public", "source": {"name": "Foursquare for iOS", "url": "https://foursquare.com/download/#/iphone"}, "suffix": "/83608823_y8OmIimK3q92rMeGFoVZ3jlww2k_WHi5jMaaR5VaOMY.jpg", "createdAt": 1413729030, "prefix": "https://igx.4sqi.net/img/general/", "width": 960, "height": 720}, "createdAt": 1413729027, "todo": {"count": 0}, "agreeCount": 0, "likes": {"groups": [], "count": 0}, "id": "5443cb03498eb2658a66777d", "text": "My son loved this dish - Fried Fish Roe with Chincalok and Petai...", "disagreeCount": 0, "user": {"gender": "female", "id": "83608823", "photo": {"prefix": "https://igx.4sqi.net/img/user/", "suffix": "/83608823-WQJ4KTFAVOHFARLI.jpg"}, "firstName": "Dora", "lastName": "Choo"}, "canonicalUrl": "https://foursquare.com/item/5443cb03498eb2658a66777d", "type": "user", "photourl": "https://igx.4sqi.net/img/general/original/83608823_y8OmIimK3q92rMeGFoVZ3jlww2k_WHi5jMaaR5VaOMY.jpg"}, {"logView": true, "lang": "en", "createdAt": 1364694743, "agreeCount": 0, "likes": {"groups": [], "count": 0}, "id": "515796d7e4b04d6d8ff31200", "text": "Beef and onions was succulent.", "type": "user", "user": {"gender": "male", "id": "5508182", "photo": {"prefix": "https://igx.4sqi.net/img/user/", "suffix": "/J14PCQTYFLXCRSNT.jpg"}, "firstName": "P", "lastName": "Fong"}, "canonicalUrl": "https://foursquare.com/item/515796d7e4b04d6d8ff31200", "todo": {"count": 0}, "disagreeCount": 0}, {"logView": true, "lang": "en", "createdAt": 1408271577, "agreeCount": 0, "likes": {"groups": [], "count": 0}, "id": "53f084d9498ec3df842ce576", "text": "Grossly overpriced. Can get MUCH BETTER steak elsewhere for the ridiculous price. Snooty service. Plus for all the hoops u have to jump through to get a reservation, completely upsetting", "type": "user", "user": {"gender": "female", "id": "55441617", "photo": {"prefix": "https://igx.4sqi.net/img/user/", "suffix": "/55441617-EXENB3J1AE30GPUE.jpg"}, "firstName": "Valerie", "lastName": "Oon"}, "canonicalUrl": "https://foursquare.com/item/53f084d9498ec3df842ce576", "todo": {"count": 0}, "disagreeCount": 0}, {"authorInteractionType": "liked", "logView": true, "lang": "en", "createdAt": 1443583227, "agreeCount": 0, "likes": {"groups": [], "count": 0}, "id": "560b54fb498ee68ef539dac5", "text": "The steak is surprisingly good!", "type": "user", "user": {"gender": "female", "id": "726583", "photo": {"prefix": "https://igx.4sqi.net/img/user/", "suffix": "/726583-1WKEF024YQXAGVIS.jpg"}, "firstName": "Catherine", "lastName": "Ling"}, "canonicalUrl": "https://foursquare.com/item/560b54fb498ee68ef539dac5", "todo": {"count": 0}, "disagreeCount": 0}], "count": 122}}}