{"meta": {"code": 200, "requestId": "595a4d999fb6b77be22223f4"}, "response": {"tips": {"items": [{"logView": true, "lang": "en", "createdAt": 1294567779, "agreeCount": 0, "likes": {"groups": [], "count": 0}, "id": "4d298963068e8cfa3137d14c", "text": "Cold cut trio is yummy! :)", "type": "user", "user": {"gender": "female", "id": "4925245", "photo": {"prefix": "https://igx.4sqi.net/img/user/", "suffix": "/PKUYCGVFLHWAWCKC.jpg"}, "firstName": "Tan", "lastName": "Yu wei"}, "canonicalUrl": "https://foursquare.com/item/4d298963068e8cfa3137d14c", "todo": {"count": 0}, "disagreeCount": 0}, {"logView": true, "lang": "en", "photo": {"id": "5233fea111d2be5d3e544624", "visibility": "public", "source": {"name": "Foursquare for Android", "url": "https://foursquare.com/download/#/android"}, "suffix": "/56172519_sJCiiBbOgBBjg_KxO0q87Flwf71jotR-ef48zIXEdkE.jpg", "createdAt": 1379139233, "prefix": "https://igx.4sqi.net/img/general/", "width": 960, "height": 960}, "createdAt": 1379139196, "todo": {"count": 0}, "agreeCount": 0, "likes": {"groups": [], "count": 0}, "id": "5233fe7c11d29b9f551c4c0e", "text": "Yummy!!!!!!", "disagreeCount": 0, "user": {"gender": "female", "id": "56172519", "photo": {"prefix": "https://igx.4sqi.net/img/user/", "suffix": "/56172519-HXHCX0Z0S42EGBYT.jpg"}, "firstName": "Mila", "lastName": "Fernandez"}, "canonicalUrl": "https://foursquare.com/item/5233fe7c11d29b9f551c4c0e", "type": "user", "photourl": "https://igx.4sqi.net/img/general/original/56172519_sJCiiBbOgBBjg_KxO0q87Flwf71jotR-ef48zIXEdkE.jpg"}, {"logView": true, "lang": "en", "createdAt": 1353567938, "agreeCount": 2, "likes": {"groups": [{"items": [{"gender": "none", "id": "45944352", "photo": {"prefix": "https://igx.4sqi.net/img/user/", "default": true, "suffix": "/blank_boy.png"}, "firstName": "Titus", "lastName": "Teo"}, {"gender": "male", "id": "41597272", "photo": {"prefix": "https://igx.4sqi.net/img/user/", "suffix": "/41597272_NzmJPRUj_iZkJBMym6BTsoxvlLlBJ0mFlNholflt_AlfigScox9DQf3KlpubRrH8bM0ZkoDgG.jpg"}, "firstName": "Desmond", "lastName": "Teo"}], "count": 2, "type": "others"}], "summary": "2 likes", "count": 2}, "id": "50adcec2e4b0062752ab402a", "text": "The food there is delicious:)", "type": "user", "user": {"gender": "male", "id": "40204698", "photo": {"prefix": "https://igx.4sqi.net/img/user/", "suffix": "/40204698-JLSQU1AQEJD3G5QC.jpg"}, "firstName": "Timothy", "lastName": "Teo"}, "canonicalUrl": "https://foursquare.com/item/50adcec2e4b0062752ab402a", "todo": {"count": 0}, "disagreeCount": 0}, {"logView": true, "lang": "en", "createdAt": 1376651453, "agreeCount": 1, "likes": {"groups": [{"items": [{"gender": "male", "id": "10384222", "photo": {"prefix": "https://igx.4sqi.net/img/user/", "suffix": "/10384222-CWOE0OJ3AX5TNBW3.jpg"}, "firstName": "Jes\u00e9", "lastName": "Luna"}], "count": 1, "type": "others"}], "summary": "1 like", "count": 1}, "id": "520e08bd498e4f857cc49632", "text": "Delicious!", "type": "user", "user": {"gender": "female", "id": "56172519", "photo": {"prefix": "https://igx.4sqi.net/img/user/", "suffix": "/56172519-HXHCX0Z0S42EGBYT.jpg"}, "firstName": "Mila", "lastName": "Fernandez"}, "canonicalUrl": "https://foursquare.com/item/520e08bd498e4f857cc49632", "todo": {"count": 0}, "disagreeCount": 0}, {"logView": true, "lang": "en", "createdAt": 1420350667, "agreeCount": 0, "likes": {"groups": [], "count": 0}, "id": "54a8d4cb498ee4679f6ccfa5", "text": "Turkey on honey oat sub with everything and pepper for me", "type": "user", "user": {"gender": "male", "id": "106861519", "photo": {"prefix": "https://igx.4sqi.net/img/user/", "suffix": "/106861519-GVZ2USAREYVQGCF3.jpg"}, "firstName": "Marvin", "lastName": "Lew"}, "canonicalUrl": "https://foursquare.com/item/54a8d4cb498ee4679f6ccfa5", "todo": {"count": 0}, "disagreeCount": 0}, {"logView": true, "lang": "en", "createdAt": 1409386490, "agreeCount": 0, "likes": {"groups": [], "count": 0}, "id": "540187fa498e7bcfadb4dea4", "text": "Am surprised that staff stop people frm taking picture of the Subway logo outside the shop.  A group of people believed playing treasue hunt n needs to take pic as proof.", "type": "user", "user": {"gender": "male", "id": "27356332", "photo": {"prefix": "https://igx.4sqi.net/img/user/", "suffix": "/UGOKLXQPNLTKXYKC.jpg"}, "firstName": "Sebastian", "lastName": "Lim"}, "canonicalUrl": "https://foursquare.com/item/540187fa498e7bcfadb4dea4", "todo": {"count": 0}, "disagreeCount": 0}], "count": 6}}}