{"meta": {"code": 200, "requestId": "595a558d9fb6b77be265256a"}, "response": {"tips": {"items": [{"logView": true, "lang": "en", "createdAt": 1304157679, "agreeCount": 0, "likes": {"groups": [], "count": 0}, "id": "4dbbddef815439392f96a408", "text": "Seaweed shaker fries & spicy nuggets are bbb-ack!", "type": "user", "user": {"gender": "female", "id": "3900669", "photo": {"prefix": "https://igx.4sqi.net/img/user/", "suffix": "/245GF0GFST0UZL4Y.jpg"}, "firstName": "sarah", "lastName": "ali"}, "canonicalUrl": "https://foursquare.com/item/4dbbddef815439392f96a408", "todo": {"count": 0}, "disagreeCount": 0}, {"logView": true, "lang": "en", "createdAt": 1295959328, "agreeCount": 0, "likes": {"groups": [], "count": 0}, "id": "4d3ec520af8ca14334a818f7", "text": "The name changed!!! It's no longer Big Mac Centre, used to be 2 levels of McDonald's. Now it's called 51@AMK!, and they only occupy a small corner..", "type": "user", "user": {"gender": "male", "id": "2866326", "photo": {"prefix": "https://igx.4sqi.net/img/user/", "suffix": "/R1PHEMH1X4ZA2IXT.jpg"}, "firstName": "Eric Efficious", "lastName": "Chew"}, "canonicalUrl": "https://foursquare.com/item/4d3ec520af8ca14334a818f7", "todo": {"count": 0}, "disagreeCount": 0}, {"logView": true, "lang": "en", "createdAt": 1320806022, "agreeCount": 0, "likes": {"groups": [], "count": 0}, "id": "4eb9e686722edc0eaefb6de3", "text": "Some idiot didn't know how to spell?", "type": "user", "user": {"gender": "female", "id": "5953680", "photo": {"prefix": "https://igx.4sqi.net/img/user/", "suffix": "/Y5DDKDJNVUO4SS1L.jpg"}, "firstName": "KaySha", "lastName": "Aw"}, "canonicalUrl": "https://foursquare.com/item/4eb9e686722edc0eaefb6de3", "todo": {"count": 0}, "disagreeCount": 0}, {"logView": true, "lang": "en", "createdAt": 1298302851, "agreeCount": 1, "likes": {"groups": [{"items": [{"gender": "female", "id": "23934613", "photo": {"prefix": "https://igx.4sqi.net/img/user/", "suffix": "/NKPLMTTYWTJT1HCI.jpg"}, "firstName": "Shirley", "lastName": "\u30c4"}], "count": 1, "type": "others"}], "summary": "1 like", "count": 1}, "id": "4d62878314963704a88fff94", "text": "Just hanging out with friends in here. Nice place to chat.", "type": "user", "user": {"gender": "female", "id": "6133155", "photo": {"prefix": "https://igx.4sqi.net/img/user/", "suffix": "/XSLWKPE135H2FTPG.jpg"}, "firstName": "Laurice", "lastName": "Lebiano"}, "canonicalUrl": "https://foursquare.com/item/4d62878314963704a88fff94", "todo": {"count": 0}, "disagreeCount": 0}, {"logView": true, "lang": "en", "createdAt": 1456474742, "agreeCount": 0, "likes": {"groups": [], "count": 0}, "id": "56d00a76498e6258e8c58b93", "text": "Total there is 7 Self Service Kiosks at this outlet... \ud83d\udcbb\ud83d\udcbb\ud83d\udcbb\ud83d\udcbb\ud83d\udcbb\ud83d\udcbb\ud83d\udcbb", "type": "user", "user": {"gender": "male", "id": "3954011", "photo": {"prefix": "https://igx.4sqi.net/img/user/", "suffix": "/3954011-YUIMSTRPOPD2ITIN.jpg"}, "firstName": "\u9673\u6770\u502b", "lastName": "(\u30b8\u30a7\u30a4\u30fb\u30c1\u30a7\u30f3)"}, "canonicalUrl": "https://foursquare.com/item/56d00a76498e6258e8c58b93", "todo": {"count": 0}, "disagreeCount": 0}, {"logView": true, "lang": "en", "createdAt": 1328933495, "agreeCount": 0, "likes": {"groups": [], "count": 0}, "id": "4f35ea77e4b039c3c0ddddec", "text": "Mac everything is good :P", "type": "user", "user": {"gender": "male", "id": "14892112", "photo": {"prefix": "https://igx.4sqi.net/img/user/", "suffix": "/14892112_uAyCLz9D_7qDiTojtmZMJpQx5g2IhiA2ZewFSiWOIOvjTwTiWkHUBdKALdyDy9lGzUv-_pKUG"}, "firstName": "Leonard", "lastName": "Wong"}, "canonicalUrl": "https://foursquare.com/item/4f35ea77e4b039c3c0ddddec", "todo": {"count": 0}, "disagreeCount": 0}, {"logView": true, "lang": "en", "createdAt": 1313466540, "agreeCount": 0, "likes": {"groups": [], "count": 0}, "id": "4e49e8acae6014a2fdcc60a3", "text": "Wild berry smoothie is a must", "type": "user", "user": {"gender": "male", "id": "12577918", "photo": {"prefix": "https://igx.4sqi.net/img/user/", "suffix": "/SOIYI2ICKMUOOES3.jpg"}, "firstName": "Andre", "lastName": "Van Buuren"}, "canonicalUrl": "https://foursquare.com/item/4e49e8acae6014a2fdcc60a3", "todo": {"count": 0}, "disagreeCount": 0}, {"logView": true, "lang": "en", "createdAt": 1284222138, "agreeCount": 0, "likes": {"groups": [], "count": 0}, "id": "4c8bacba6418a143a65aebce", "text": "Lots of mosquito here!!", "type": "user", "user": {"gender": "female", "id": "3064967", "photo": {"prefix": "https://igx.4sqi.net/img/user/", "suffix": "/IIQCOLXB1EB1QNP4.jpg"}, "firstName": "JieXin", "lastName": "Chua"}, "canonicalUrl": "https://foursquare.com/item/4c8bacba6418a143a65aebce", "todo": {"count": 0}, "disagreeCount": 0}, {"logView": true, "lang": "en", "createdAt": 1324840136, "agreeCount": 3, "likes": {"groups": [{"items": [{"gender": "male", "id": "5898220", "photo": {"prefix": "https://igx.4sqi.net/img/user/", "suffix": "/154QV1W3WJXP4KPC.jpg"}, "firstName": "Caasi", "lastName": "Oast"}, {"id": "21683111", "photo": {"prefix": "https://igx.4sqi.net/img/user/", "suffix": "/21683111-3YDYZ02VZU0JY2QS.jpg"}, "firstName": "Rachel", "gender": "female"}, {"gender": "male", "id": "4533127", "photo": {"prefix": "https://igx.4sqi.net/img/user/", "suffix": "/HIBPRQ4KE42TME0Q.jpg"}, "firstName": "\uc564\ub514 Goh", "lastName": "\u54e5"}], "count": 3, "type": "others"}], "summary": "3 likes", "count": 3}, "id": "4ef774c8f790731251fef1d1", "text": "Small Mac Centre", "type": "user", "user": {"gender": "male", "id": "3890217", "photo": {"prefix": "https://igx.4sqi.net/img/user/", "suffix": "/3890217-XWRM2JJGY5INFWPX.jpg"}, "firstName": "Sean", "lastName": "Momo"}, "canonicalUrl": "https://foursquare.com/item/4ef774c8f790731251fef1d1", "todo": {"count": 0}, "disagreeCount": 0}, {"logView": true, "lang": "en", "createdAt": 1291896156, "agreeCount": 0, "likes": {"groups": [], "count": 0}, "id": "4d00c55cf7b38cfab513d1c3", "text": "Had the chocolate raspberry cake for the first time, a lil tooooo sweet :/", "type": "user", "user": {"gender": "female", "id": "3511679", "photo": {"prefix": "https://igx.4sqi.net/img/user/", "suffix": "/QA04ZW1LMMS4WUR1.jpg"}, "firstName": "Edwyna", "lastName": "Yeo"}, "canonicalUrl": "https://foursquare.com/item/4d00c55cf7b38cfab513d1c3", "todo": {"count": 0}, "disagreeCount": 0}, {"logView": true, "lang": "en", "createdAt": 1349362978, "agreeCount": 0, "likes": {"groups": [], "count": 0}, "id": "506da522e4b02c3daba8033b", "text": "Nice place", "type": "user", "user": {"gender": "male", "id": "6023884", "photo": {"prefix": "https://igx.4sqi.net/img/user/", "suffix": "/6023884-WIDT0T1GZ50TOS3K.jpg"}, "firstName": "Marudut Marhalim", "lastName": "Sibuea"}, "canonicalUrl": "https://foursquare.com/item/506da522e4b02c3daba8033b", "todo": {"count": 0}, "disagreeCount": 0}, {"logView": true, "lang": "en", "createdAt": 1288148902, "agreeCount": 1, "likes": {"groups": [{"items": [{"id": "4901101", "photo": {"prefix": "https://igx.4sqi.net/img/user/", "suffix": "/PMKWO0DSJZM5Q0G0.jpg"}, "firstName": "Jen", "gender": "female"}], "count": 1, "type": "others"}], "summary": "1 like", "count": 1}, "id": "4cc797a65b7aa1437241307d", "text": "Take care of your personal belonging. Beware of unknown person sitting around your bags!", "type": "user", "user": {"id": "3856597", "photo": {"prefix": "https://igx.4sqi.net/img/user/", "suffix": "/D4NN1FWHPD5NIWLQ.jpg"}, "firstName": "Lee", "gender": "none"}, "canonicalUrl": "https://foursquare.com/item/4cc797a65b7aa1437241307d", "todo": {"count": 3}, "disagreeCount": 0}, {"logView": true, "lang": "en", "createdAt": 1289152401, "agreeCount": 0, "likes": {"groups": [], "count": 0}, "id": "4cd6e791b6962c0fd5762f96", "text": "The newly renovated Macs is awesome. Especially when you wanna catch the EPL games, the seatings good.", "type": "user", "user": {"gender": "female", "id": "4226950", "photo": {"prefix": "https://igx.4sqi.net/img/user/", "suffix": "/YBDVTMVC4Y33ASB2.jpg"}, "firstName": "Farhana", "lastName": "Riduan"}, "canonicalUrl": "https://foursquare.com/item/4cd6e791b6962c0fd5762f96", "todo": {"count": 1}, "disagreeCount": 0}, {"logView": true, "lang": "en", "createdAt": 1423914121, "agreeCount": 0, "likes": {"groups": [], "count": 0}, "id": "54df3489498e224449329699", "text": "This outlet decided to go 3rd world, stop trusting customers and removed all the napkin dispensers. Just like the 3rd world BK outlet nearby. Shame.", "type": "user", "user": {"id": "6886342", "photo": {"prefix": "https://igx.4sqi.net/img/user/", "suffix": "/6886342-HQLGSCTZRANW3WLQ.jpg"}, "firstName": "c.s.", "gender": "none"}, "canonicalUrl": "https://foursquare.com/item/54df3489498e224449329699", "todo": {"count": 0}, "disagreeCount": 0}, {"logView": true, "lang": "en", "createdAt": 1296401877, "agreeCount": 0, "likes": {"groups": [], "count": 0}, "id": "4d4585d514aa8cfaa423733d", "text": "Mcdonalds here has become a slping place @ 3am xD", "type": "user", "user": {"gender": "male", "id": "4661048", "photo": {"prefix": "https://igx.4sqi.net/img/user/", "suffix": "/VYW3MJP2ILQ3Z0PN.jpg"}, "firstName": "Khairul", "lastName": "Chuni"}, "canonicalUrl": "https://foursquare.com/item/4d4585d514aa8cfaa423733d", "todo": {"count": 0}, "disagreeCount": 0}, {"logView": true, "lang": "en", "createdAt": 1323664164, "agreeCount": 0, "likes": {"groups": [], "count": 0}, "id": "4ee583244690f88941894045", "text": "Horlicks marry me!!! Why you're so yummy! ^^", "type": "user", "user": {"gender": "male", "id": "4770386", "photo": {"prefix": "https://igx.4sqi.net/img/user/", "suffix": "/4770386-IYLIXUKT1LNW25GV.jpg"}, "firstName": "Zee", "lastName": "Cee"}, "canonicalUrl": "https://foursquare.com/item/4ee583244690f88941894045", "todo": {"count": 0}, "disagreeCount": 0}, {"logView": true, "lang": "en", "createdAt": 1296365909, "agreeCount": 0, "likes": {"groups": [], "count": 0}, "id": "4d44f9551928a35daefebe70", "text": "The mac value lunch is really worth eating", "type": "user", "user": {"gender": "female", "id": "5848250", "photo": {"prefix": "https://igx.4sqi.net/img/user/", "suffix": "/Z1VNINJYNLOKOM22.jpg"}, "firstName": "Silei", "lastName": "Lee"}, "canonicalUrl": "https://foursquare.com/item/4d44f9551928a35daefebe70", "todo": {"count": 0}, "disagreeCount": 0}, {"logView": true, "lang": "en", "createdAt": 1300806635, "agreeCount": 0, "likes": {"groups": [], "count": 0}, "id": "4d88bbeba0afdcb3528d99ab", "text": "Nice place", "type": "user", "user": {"gender": "female", "id": "5823339", "photo": {"prefix": "https://igx.4sqi.net/img/user/", "suffix": "/YCI0ZILMXDRKK1LD.jpg"}, "firstName": "Jenny", "lastName": "Yong"}, "canonicalUrl": "https://foursquare.com/item/4d88bbeba0afdcb3528d99ab", "todo": {"count": 0}, "disagreeCount": 0}, {"authorInteractionType": "liked", "logView": true, "lang": "en", "photo": {"id": "572e0187498ed619e5955136", "visibility": "public", "source": {"name": "Foursquare for iOS", "url": "https://foursquare.com/download/#/iphone"}, "suffix": "/468816_bokd85-3vDujiW7vPn75aRMxCM5XsPdUfBJgbSmeIfM.jpg", "createdAt": 1462632839, "prefix": "https://igx.4sqi.net/img/general/", "width": 1440, "height": 1920}, "createdAt": 1462632836, "todo": {"count": 0}, "agreeCount": 0, "likes": {"groups": [], "count": 0}, "id": "572e0184cd10bace125ef0fb", "text": "Love the Himalayan Tea Latte!", "disagreeCount": 0, "user": {"gender": "male", "id": "468816", "photo": {"prefix": "https://igx.4sqi.net/img/user/", "suffix": "/OFXTOB4LXB4BDDVD.jpg"}, "firstName": "Leo", "lastName": "Goh"}, "canonicalUrl": "https://foursquare.com/item/572e0184cd10bace125ef0fb", "type": "user", "photourl": "https://igx.4sqi.net/img/general/original/468816_bokd85-3vDujiW7vPn75aRMxCM5XsPdUfBJgbSmeIfM.jpg"}, {"authorInteractionType": "liked", "logView": true, "lang": "en", "createdAt": 1398311504, "agreeCount": 2, "likes": {"groups": [{"items": [{"gender": "male", "id": "2439037", "photo": {"prefix": "https://igx.4sqi.net/img/user/", "suffix": "/OLFPBY2GJYW25SXT.jpg"}, "firstName": "Tiang Lim", "lastName": "Foo"}, {"id": "84299417", "photo": {"prefix": "https://igx.4sqi.net/img/user/", "suffix": "/84299417_d7Vh01nX_3u3Bs6dcuYeNP71VVEWr-k6NL0DAHHzDMynVrxfQ_nGdyvWPZckY5OF4dj6M6uQ7.jpg"}, "firstName": "Bacon \ud83c\udf6d", "gender": "male"}], "count": 2, "type": "others"}], "summary": "2 likes", "count": 2}, "id": "53588a50498e811da3934e9a", "text": "Buy two mcdoubles, combine them into mcquadruple goodness for $4 only", "type": "user", "user": {"id": "1441424", "photo": {"prefix": "https://igx.4sqi.net/img/user/", "suffix": "/LSJBXSANLMMCHW14.jpg"}, "firstName": "Aditya", "gender": "male"}, "canonicalUrl": "https://foursquare.com/item/53588a50498e811da3934e9a", "todo": {"count": 0}, "disagreeCount": 0}, {"logView": true, "lang": "en", "photo": {"id": "506bd222e4b04f6e053bb683", "visibility": "public", "source": {"name": "Foursquare for iOS", "url": "https://foursquare.com/download/#/iphone"}, "suffix": "/5113048_6hbeRxn-8I3YJBmuHL-ECmcxzxQ6CfjXdb8DTBD_QJ8.jpg", "createdAt": 1349243426, "prefix": "https://igx.4sqi.net/img/general/", "width": 540, "height": 720}, "createdAt": 1349243423, "todo": {"count": 0}, "agreeCount": 0, "likes": {"groups": [], "count": 0}, "id": "506bd21fe4b07dd43ede0246", "text": "The ice-cream cone got root beer flavour!  Now selling at 80 cents only!", "disagreeCount": 0, "user": {"id": "5113048", "photo": {"prefix": "https://igx.4sqi.net/img/user/", "suffix": "/DAYRZF0ZBVVVDR14.jpg"}, "firstName": "Nancy", "gender": "none"}, "canonicalUrl": "https://foursquare.com/item/506bd21fe4b07dd43ede0246", "type": "user", "photourl": "https://igx.4sqi.net/img/general/original/5113048_6hbeRxn-8I3YJBmuHL-ECmcxzxQ6CfjXdb8DTBD_QJ8.jpg"}, {"logView": true, "lang": "en", "createdAt": 1321718451, "agreeCount": 0, "likes": {"groups": [], "count": 0}, "id": "4ec7d2b3d3e3e131f2a02a87", "text": "its sad there's no more curry sauce.. :(", "type": "user", "user": {"gender": "female", "id": "6094612", "photo": {"prefix": "https://igx.4sqi.net/img/user/", "suffix": "/RVX53ZUWD4UFJVTU.jpg"}, "firstName": "Andre", "lastName": "Andri"}, "canonicalUrl": "https://foursquare.com/item/4ec7d2b3d3e3e131f2a02a87", "todo": {"count": 0}, "disagreeCount": 0}, {"logView": true, "lang": "en", "createdAt": 1293437888, "agreeCount": 0, "likes": {"groups": [], "count": 0}, "id": "4d184bc06d1037048eea3dbd", "text": "The place has become more noisy, few seat for single/couple customer, mostly for larger group.", "type": "user", "user": {"gender": "male", "id": "5458645", "photo": {"prefix": "https://igx.4sqi.net/img/user/", "suffix": "/LSWV4FZCHDXXRL4G.jpg"}, "firstName": "Tian Guan", "lastName": "Lee"}, "canonicalUrl": "https://foursquare.com/item/4d184bc06d1037048eea3dbd", "todo": {"count": 0}, "disagreeCount": 0}, {"logView": true, "lang": "en", "createdAt": 1295964373, "agreeCount": 0, "likes": {"groups": [], "count": 0}, "id": "4d3ed8d58edf370419dcc7a5", "text": "Very rowdy crowd. Don't understand why people like to study here.", "type": "user", "user": {"gender": "male", "id": "1615964", "photo": {"prefix": "https://igx.4sqi.net/img/user/", "suffix": "/1GHVQ13Q33YDRVT0.jpg"}, "firstName": "Louis", "lastName": "Lee"}, "canonicalUrl": "https://foursquare.com/item/4d3ed8d58edf370419dcc7a5", "todo": {"count": 0}, "disagreeCount": 0}, {"authorInteractionType": "disliked", "logView": true, "lang": "en", "createdAt": 1369573907, "agreeCount": 0, "likes": {"groups": [], "count": 0}, "id": "51a20a13498eae4ebe95df72", "text": "Hot chocolate too sweet! ;(", "type": "user", "user": {"gender": "male", "id": "51897636", "photo": {"prefix": "https://igx.4sqi.net/img/user/", "suffix": "/51897636-WEWEZFHDUKGADBJA.jpg"}, "firstName": "Yap", "lastName": "Chuan"}, "canonicalUrl": "https://foursquare.com/item/51a20a13498eae4ebe95df72", "todo": {"count": 0}, "disagreeCount": 0}, {"logView": true, "lang": "en", "createdAt": 1295669520, "agreeCount": 0, "likes": {"groups": [], "count": 0}, "id": "4d3a59101fc36dcbee7c65f5", "text": "Lunch time...", "type": "user", "user": {"gender": "male", "id": "5991321", "photo": {"prefix": "https://igx.4sqi.net/img/user/", "default": true, "suffix": "/blank_boy.png"}, "firstName": "Lee", "lastName": "Eddie"}, "canonicalUrl": "https://foursquare.com/item/4d3a59101fc36dcbee7c65f5", "todo": {"count": 0}, "disagreeCount": 0}, {"logView": true, "lang": "en", "createdAt": 1329786054, "agreeCount": 0, "likes": {"groups": [], "count": 0}, "id": "4f42ecc6e4b06fe3bc4a3480", "text": "Big Big Breakfast.....!!!!!", "type": "user", "user": {"gender": "female", "id": "22055970", "photo": {"prefix": "https://igx.4sqi.net/img/user/", "suffix": "/GHT1COBALUKDI2XC.jpg"}, "firstName": "Siti", "lastName": "Syahirah"}, "canonicalUrl": "https://foursquare.com/item/4f42ecc6e4b06fe3bc4a3480", "todo": {"count": 0}, "disagreeCount": 0}, {"logView": true, "lang": "en", "createdAt": 1314535943, "agreeCount": 0, "likes": {"groups": [], "count": 0}, "id": "4e5a3a072271886714fdb492", "text": "Try family meal :) 5 pm onwards", "type": "user", "user": {"gender": "male", "id": "8430436", "photo": {"prefix": "https://igx.4sqi.net/img/user/", "suffix": "/1J0U0EFEH2UT321K.jpg"}, "firstName": "Chhayly", "lastName": "Charles"}, "canonicalUrl": "https://foursquare.com/item/4e5a3a072271886714fdb492", "todo": {"count": 0}, "disagreeCount": 0}, {"logView": true, "lang": "en", "createdAt": 1301072335, "agreeCount": 2, "likes": {"groups": [{"items": [{"gender": "male", "id": "5898220", "photo": {"prefix": "https://igx.4sqi.net/img/user/", "suffix": "/154QV1W3WJXP4KPC.jpg"}, "firstName": "Caasi", "lastName": "Oast"}, {"id": "21683111", "photo": {"prefix": "https://igx.4sqi.net/img/user/", "suffix": "/21683111-3YDYZ02VZU0JY2QS.jpg"}, "firstName": "Rachel", "gender": "female"}], "count": 2, "type": "others"}], "summary": "2 likes", "count": 2}, "id": "4d8cc9cfd265236accdae216", "text": "Wifi here sux", "type": "user", "user": {"gender": "female", "id": "3622219", "photo": {"prefix": "https://igx.4sqi.net/img/user/", "suffix": "/3622219_BTK3Ytry_GjX1VbAAGrSs8lUFx_fcF1kGq6IHmoUAmHbY_B7Lr3g6fjSxoTDZgPCdME1IGLj-.jpg"}, "firstName": "\ud83d\udc8bJuWieZy\u2122", "lastName": "VoGueZ \ud83c\udf78"}, "canonicalUrl": "https://foursquare.com/item/4d8cc9cfd265236accdae216", "todo": {"count": 4}, "disagreeCount": 0}, {"logView": true, "lang": "en", "createdAt": 1308495771, "agreeCount": 0, "likes": {"groups": [], "count": 0}, "id": "4dfe0f9b62e1a52ce9162d66", "text": "Extremely crowded if you are trying to catch one of the big soccer matches. Be sure to come earlier and get a good seat. No FA cup matche though :(", "type": "user", "user": {"gender": "male", "id": "6078527", "photo": {"prefix": "https://igx.4sqi.net/img/user/", "suffix": "/1UFVXDHNRZR2HGI5.jpg"}, "firstName": "Melvin", "lastName": "Kan"}, "canonicalUrl": "https://foursquare.com/item/4dfe0f9b62e1a52ce9162d66", "todo": {"count": 0}, "disagreeCount": 0}, {"logView": true, "lang": "en", "createdAt": 1456474856, "agreeCount": 0, "likes": {"groups": [], "count": 0}, "id": "56d00ae8498e5e99b940c5ed", "text": "Create Your Taste: Bulid your own beef burger here!! (YUM YUM!!) \ud83d\udc04\ud83d\udc04\ud83d\udc04\ud83c\udf54\ud83c\udf5f\ud83c\udf79", "type": "user", "user": {"gender": "male", "id": "3954011", "photo": {"prefix": "https://igx.4sqi.net/img/user/", "suffix": "/3954011-YUIMSTRPOPD2ITIN.jpg"}, "firstName": "\u9673\u6770\u502b", "lastName": "(\u30b8\u30a7\u30a4\u30fb\u30c1\u30a7\u30f3)"}, "canonicalUrl": "https://foursquare.com/item/56d00ae8498e5e99b940c5ed", "todo": {"count": 0}, "disagreeCount": 0}, {"logView": true, "lang": "en", "createdAt": 1286871337, "agreeCount": 0, "likes": {"groups": [], "count": 0}, "id": "4cb41929ef1b37043f555600", "text": "Good friendly staffs", "type": "user", "user": {"gender": "male", "id": "3446172", "photo": {"prefix": "https://igx.4sqi.net/img/user/", "suffix": "/SG4YTPYOIUGI43PY.jpg"}, "firstName": "Alvin", "lastName": "Nivla"}, "canonicalUrl": "https://foursquare.com/item/4cb41929ef1b37043f555600", "todo": {"count": 0}, "disagreeCount": 0}, {"logView": true, "lang": "en", "createdAt": 1333212532, "agreeCount": 0, "likes": {"groups": [], "count": 0}, "id": "4f773574e4b040208bf79d8c", "text": "Too crowded...", "type": "user", "user": {"gender": "female", "id": "22544365", "photo": {"prefix": "https://igx.4sqi.net/img/user/", "suffix": "/3QYKOK2YPXL3RODL.jpg"}, "firstName": "Lynn", "lastName": "Teo"}, "canonicalUrl": "https://foursquare.com/item/4f773574e4b040208bf79d8c", "todo": {"count": 0}, "disagreeCount": 0}, {"logView": true, "lang": "en", "createdAt": 1324840006, "agreeCount": 1, "likes": {"groups": [{"items": [{"id": "28751677", "photo": {"prefix": "https://igx.4sqi.net/img/user/", "suffix": "/28751677_cqkSBTQE_znKvlgrhhCUjBllRX97Gb_718hZ3WQOGoV8u7E4AkWnN94i7CmOUtcizwCgmj92p.jpg"}, "firstName": "fatahbunehneh", "gender": "female"}], "count": 1, "type": "others"}], "summary": "1 like", "count": 1}, "id": "4ef774467ee5bf799415ea90", "text": "Puffing is good!", "type": "user", "user": {"gender": "male", "id": "3890217", "photo": {"prefix": "https://igx.4sqi.net/img/user/", "suffix": "/3890217-XWRM2JJGY5INFWPX.jpg"}, "firstName": "Sean", "lastName": "Momo"}, "canonicalUrl": "https://foursquare.com/item/4ef774467ee5bf799415ea90", "todo": {"count": 0}, "disagreeCount": 0}, {"logView": true, "lang": "en", "createdAt": 1293453161, "agreeCount": 0, "likes": {"groups": [], "count": 0}, "id": "4d1887696c8b548121e0f1cc", "text": "The Wild Berry Smoothies is so berry Nice ;)", "type": "user", "user": {"id": "3861956", "photo": {"prefix": "https://igx.4sqi.net/img/user/", "suffix": "/DLHXT0CYLPVCOPR1.jpg"}, "firstName": "Nur Ayumie", "gender": "female"}, "canonicalUrl": "https://foursquare.com/item/4d1887696c8b548121e0f1cc", "todo": {"count": 0}, "disagreeCount": 0}, {"logView": true, "lang": "en", "createdAt": 1318688313, "agreeCount": 0, "likes": {"groups": [], "count": 0}, "id": "4e999639dab4e743ae4041b6", "text": "Main city VS A villa", "type": "user", "user": {"gender": "female", "id": "4991734", "photo": {"prefix": "https://igx.4sqi.net/img/user/", "suffix": "/EZYHNDYWNXIYPUYV.jpg"}, "firstName": "May", "lastName": "Hwee"}, "canonicalUrl": "https://foursquare.com/item/4e999639dab4e743ae4041b6", "todo": {"count": 0}, "disagreeCount": 0}, {"logView": true, "lang": "en", "createdAt": 1293818859, "agreeCount": 3, "likes": {"groups": [{"items": [], "count": 18, "type": "others"}], "summary": "18 likes", "count": 18}, "id": "4d1e1beb16cfb60c847d4561", "text": "It's opened 24 hours!!", "type": "user", "user": {"gender": "female", "id": "2647882", "photo": {"prefix": "https://igx.4sqi.net/img/user/", "suffix": "/Y5QS5MDGSCXV4JT5.jpg"}, "firstName": "Vanessa", "lastName": "Tan \ue327"}, "canonicalUrl": "https://foursquare.com/item/4d1e1beb16cfb60c847d4561", "todo": {"count": 1}, "disagreeCount": 0}, {"logView": true, "lang": "en", "createdAt": 1365143223, "agreeCount": 0, "likes": {"groups": [], "count": 0}, "id": "515e6eb7e4b0374e55fa8fe6", "text": "Super crowded... grab your seat before ordering..", "type": "user", "user": {"gender": "male", "id": "8350886", "photo": {"prefix": "https://igx.4sqi.net/img/user/", "suffix": "/8350886-30IVPAESRC2CZ1ZZ.jpg"}, "firstName": "Isaac", "lastName": "Romulus"}, "canonicalUrl": "https://foursquare.com/item/515e6eb7e4b0374e55fa8fe6", "todo": {"count": 0}, "disagreeCount": 0}, {"logView": true, "lang": "en", "createdAt": 1293679384, "agreeCount": 0, "likes": {"groups": [], "count": 0}, "id": "4d1bfb1809546dcb8339ce38", "text": "Eh wrong spelling laaaaaa", "type": "user", "user": {"gender": "male", "id": "4761147", "photo": {"prefix": "https://igx.4sqi.net/img/user/", "suffix": "/CG3RSIL4QQNPLL0R.jpg"}, "firstName": "Rajen", "lastName": "Krishna"}, "canonicalUrl": "https://foursquare.com/item/4d1bfb1809546dcb8339ce38", "todo": {"count": 0}, "disagreeCount": 0}, {"logView": true, "lang": "en", "createdAt": 1301072493, "agreeCount": 0, "likes": {"groups": [], "count": 0}, "id": "4d8cca6d788c5481f2cf11fd", "text": "Atmosphere is great after renovation n mc cafe implemented here! But too many pple start to fall asleep here n there at night.. N wifi connection here sucks!", "type": "user", "user": {"gender": "female", "id": "3622219", "photo": {"prefix": "https://igx.4sqi.net/img/user/", "suffix": "/3622219_BTK3Ytry_GjX1VbAAGrSs8lUFx_fcF1kGq6IHmoUAmHbY_B7Lr3g6fjSxoTDZgPCdME1IGLj-.jpg"}, "firstName": "\ud83d\udc8bJuWieZy\u2122", "lastName": "VoGueZ \ud83c\udf78"}, "canonicalUrl": "https://foursquare.com/item/4d8cca6d788c5481f2cf11fd", "todo": {"count": 1}, "disagreeCount": 0}, {"logView": true, "lang": "en", "createdAt": 1312324872, "agreeCount": 0, "likes": {"groups": [], "count": 0}, "id": "4e387d08d4c046ee86b0cff3", "text": "Try to enjoy the air-con", "type": "user", "user": {"gender": "male", "id": "8430436", "photo": {"prefix": "https://igx.4sqi.net/img/user/", "suffix": "/1J0U0EFEH2UT321K.jpg"}, "firstName": "Chhayly", "lastName": "Charles"}, "canonicalUrl": "https://foursquare.com/item/4e387d08d4c046ee86b0cff3", "todo": {"count": 0}, "disagreeCount": 0}, {"logView": true, "lang": "en", "createdAt": 1321116065, "agreeCount": 0, "likes": {"groups": [], "count": 0}, "id": "4ebea1a14690d23388d037aa", "text": "if u're here for a chill, better change ur mind as its really noisy..", "type": "user", "user": {"gender": "female", "id": "6094612", "photo": {"prefix": "https://igx.4sqi.net/img/user/", "suffix": "/RVX53ZUWD4UFJVTU.jpg"}, "firstName": "Andre", "lastName": "Andri"}, "canonicalUrl": "https://foursquare.com/item/4ebea1a14690d23388d037aa", "todo": {"count": 0}, "disagreeCount": 0}, {"logView": true, "lang": "en", "createdAt": 1271588880, "agreeCount": 0, "likes": {"groups": [], "count": 0}, "id": "4bcae81070c603bbb64a98b4", "text": "I'm loving it", "type": "user", "user": {"gender": "male", "id": "945031", "photo": {"prefix": "https://igx.4sqi.net/img/user/", "suffix": "/5CPAI04LETL44MIH.jpg"}, "firstName": "Timothy", "lastName": "Ley"}, "canonicalUrl": "https://foursquare.com/item/4bcae81070c603bbb64a98b4", "todo": {"count": 0}, "disagreeCount": 0}, {"logView": true, "lang": "en", "createdAt": 1289316969, "agreeCount": 0, "likes": {"groups": [{"items": [], "count": 3, "type": "others"}], "summary": "3 likes", "count": 3}, "id": "4cd96a699a1a2c0f5cb51272", "text": "lets go makan!!!", "type": "user", "user": {"gender": "male", "id": "1859678", "photo": {"prefix": "https://igx.4sqi.net/img/user/", "suffix": "/3QM1I03V5PH0JFQQ.jpg"}, "firstName": "See", "lastName": "Kai Xiang"}, "canonicalUrl": "https://foursquare.com/item/4cd96a699a1a2c0f5cb51272", "todo": {"count": 0}, "disagreeCount": 0}, {"authorInteractionType": "liked", "logView": true, "lang": "en", "createdAt": 1374158690, "agreeCount": 0, "likes": {"groups": [], "count": 0}, "id": "51e7ff62498eb2f286c75777", "text": "Nice place.. Big MAC!!", "type": "user", "user": {"gender": "female", "id": "5941054", "photo": {"prefix": "https://igx.4sqi.net/img/user/", "suffix": "/5941054-2ZRY1FD4WIIWZIEH.jpg"}, "firstName": "\u52a0\u85aa\u8fbe", "lastName": "T."}, "canonicalUrl": "https://foursquare.com/item/51e7ff62498eb2f286c75777", "todo": {"count": 0}, "disagreeCount": 0}, {"logView": true, "lang": "en", "createdAt": 1294216168, "agreeCount": 0, "likes": {"groups": [], "count": 0}, "id": "4d242be814f2b1f76d246cbe", "text": "Large fries are now $2.75 and a med costs $2.45. Price increased much.", "type": "user", "user": {"gender": "female", "id": "3860057", "photo": {"prefix": "https://igx.4sqi.net/img/user/", "suffix": "/ZCQ0BPA2KGRY4LEX.jpg"}, "firstName": "Rachel", "lastName": "Tay"}, "canonicalUrl": "https://foursquare.com/item/4d242be814f2b1f76d246cbe", "todo": {"count": 0}, "disagreeCount": 0}, {"logView": true, "lang": "en", "createdAt": 1375710847, "agreeCount": 0, "likes": {"groups": [], "count": 0}, "id": "51ffae7f498e3831b2e15e9c", "text": "A lot of weirdos here. Be wary.", "type": "user", "user": {"id": "154378", "photo": {"prefix": "https://igx.4sqi.net/img/user/", "suffix": "/JB3NHKLPUXDEWYOD.jpg"}, "firstName": "yesPecan", "gender": "female"}, "canonicalUrl": "https://foursquare.com/item/51ffae7f498e3831b2e15e9c", "todo": {"count": 0}, "disagreeCount": 0}, {"logView": true, "lang": "en", "createdAt": 1327475122, "agreeCount": 0, "likes": {"groups": [], "count": 0}, "id": "4f1fa9b2e4b017841bef4783", "text": "During the lunch hours, too many uniform kids! So crowded & hence they give wrong orders !", "type": "user", "user": {"gender": "female", "id": "4570189", "photo": {"prefix": "https://igx.4sqi.net/img/user/", "suffix": "/4570189-NUPLSRPZI0LDVIYG.jpg"}, "firstName": "abby", "lastName": "barcelona"}, "canonicalUrl": "https://foursquare.com/item/4f1fa9b2e4b017841bef4783", "todo": {"count": 0}, "disagreeCount": 0}, {"logView": true, "lang": "en", "createdAt": 1306936193, "agreeCount": 0, "likes": {"groups": [], "count": 0}, "id": "4de64381d4c09fc98b7a7743", "text": "Dont come here if you wannnnna plug in your laptop to a powerpoint.. :(", "type": "user", "user": {"gender": "male", "id": "9620130", "photo": {"prefix": "https://igx.4sqi.net/img/user/", "suffix": "/0MDTD5EOMILN5GD3.jpg"}, "firstName": "Titan", "lastName": "Lee"}, "canonicalUrl": "https://foursquare.com/item/4de64381d4c09fc98b7a7743", "todo": {"count": 0}, "disagreeCount": 0}, {"logView": true, "lang": "en", "createdAt": 1303487622, "agreeCount": 0, "likes": {"groups": [{"items": [], "count": 1, "type": "others"}], "summary": "1 like", "count": 1}, "id": "4db1a4860f2c0353f5cc6219", "text": "Having supper with bestie!!", "type": "user", "user": {"id": "5946879", "photo": {"prefix": "https://igx.4sqi.net/img/user/", "suffix": "/BHVZQPQBI5ZQKYVS.jpg"}, "firstName": "Fana", "gender": "female"}, "canonicalUrl": "https://foursquare.com/item/4db1a4860f2c0353f5cc6219", "todo": {"count": 0}, "disagreeCount": 0}, {"logView": true, "lang": "en", "createdAt": 1312611507, "agreeCount": 0, "likes": {"groups": [], "count": 0}, "id": "4e3cdcb3c65b4ec275db5f3c", "text": "Ordering counter are a mess. Always hv a hard time finding the right line to q", "type": "user", "user": {"gender": "none", "id": "3016046", "photo": {"prefix": "https://igx.4sqi.net/img/user/", "suffix": "/SIP212QEATTRKL03.jpg"}, "firstName": "Jaime", "lastName": "W"}, "canonicalUrl": "https://foursquare.com/item/4e3cdcb3c65b4ec275db5f3c", "todo": {"count": 0}, "disagreeCount": 0}, {"logView": true, "lang": "en", "createdAt": 1303111829, "agreeCount": 0, "likes": {"groups": [], "count": 0}, "id": "4dabe895ec8e3279166df600", "text": "alone shopping hear", "type": "user", "user": {"gender": "male", "id": "8624049", "photo": {"prefix": "https://igx.4sqi.net/img/user/", "suffix": "/HGS5MPXNERI2XU4S.jpg"}, "firstName": "Ak", "lastName": "Akim"}, "canonicalUrl": "https://foursquare.com/item/4dabe895ec8e3279166df600", "todo": {"count": 1}, "disagreeCount": 0}, {"logView": true, "lang": "en", "createdAt": 1307432577, "agreeCount": 1, "likes": {"groups": [{"items": [{"gender": "male", "id": "35997428", "photo": {"prefix": "https://igx.4sqi.net/img/user/", "suffix": "/U2AKNTFZQZF4CAC2.jpg"}, "firstName": "Arshad", "lastName": "Joe Mw"}], "count": 1, "type": "others"}], "summary": "1 like", "count": 1}, "id": "4dedd681c65bf34fc6de302d", "text": "Very difficult to get wifi connection here.", "type": "user", "user": {"gender": "female", "id": "2387369", "photo": {"prefix": "https://igx.4sqi.net/img/user/", "suffix": "/2387369-QTFFF1JGKICCV3XU.jpg"}, "firstName": "Ainkecik", "lastName": "Fyno"}, "canonicalUrl": "https://foursquare.com/item/4dedd681c65bf34fc6de302d", "todo": {"count": 0}, "disagreeCount": 0}], "count": 53}}}