{"meta": {"code": 200, "requestId": "595a53e56a6071143c4b47b2"}, "response": {"tips": {"items": [{"authorInteractionType": "liked", "logView": true, "lang": "en", "createdAt": 1280635874, "agreeCount": 0, "likes": {"groups": [], "count": 0}, "id": "4c54f3e230f92d7f21f349bb", "text": "Don't come on rainy days. The roof is leaking. =/", "type": "user", "user": {"gender": "female", "id": "942443", "photo": {"prefix": "https://igx.4sqi.net/img/user/", "suffix": "/ITQR3IXBDMGMIM0J.jpg"}, "firstName": "Lexelle", "lastName": "de Charmaine"}, "canonicalUrl": "https://foursquare.com/item/4c54f3e230f92d7f21f349bb", "todo": {"count": 0}, "disagreeCount": 0}, {"logView": true, "lang": "en", "createdAt": 1298720216, "agreeCount": 1, "likes": {"groups": [{"items": [{"gender": "male", "id": "1339539", "photo": {"prefix": "https://igx.4sqi.net/img/user/", "suffix": "/1339539-AIRJPNFKHLZSMUDJ.jpg"}, "firstName": "Ian", "lastName": "Thomtori"}], "count": 1, "type": "others"}], "summary": "1 like", "count": 1}, "id": "4d68e5d882cba093caa3d3d8", "text": "I came during dinner time. The waiting time was ok. 5 mins. Wow!", "type": "user", "user": {"gender": "male", "id": "679464", "photo": {"prefix": "https://igx.4sqi.net/img/user/", "suffix": "/W0RPXO0S2LHDX0TD.jpg"}, "firstName": "Loong", "lastName": "loong"}, "canonicalUrl": "https://foursquare.com/item/4d68e5d882cba093caa3d3d8", "todo": {"count": 0}, "disagreeCount": 0}, {"logView": true, "lang": "en", "createdAt": 1285911116, "agreeCount": 0, "likes": {"groups": [{"items": [], "count": 1, "type": "others"}], "summary": "1 like", "count": 1}, "id": "4ca5724c97c8a1cd124767a5", "text": "Waiting time is very long", "type": "user", "user": {"gender": "male", "id": "2977239", "photo": {"prefix": "https://igx.4sqi.net/img/user/", "suffix": "/BCSSAA4ONILRHMRV.jpg"}, "firstName": "Syvester", "lastName": "Henry"}, "canonicalUrl": "https://foursquare.com/item/4ca5724c97c8a1cd124767a5", "todo": {"count": 1}, "disagreeCount": 0}, {"logView": true, "lang": "en", "photo": {"id": "528b620611d202113a0c2349", "visibility": "public", "source": {"name": "Foursquare for iOS", "url": "https://foursquare.com/download/#/iphone"}, "suffix": "/3918965_uRv3i8ozEGY9JPwLbpm4DTUyBjuK7yTxh9KazUPmnOk.jpg", "createdAt": 1384866310, "prefix": "https://igx.4sqi.net/img/general/", "width": 720, "height": 960}, "createdAt": 1384866308, "todo": {"count": 0}, "agreeCount": 1, "likes": {"groups": [{"items": [{"gender": "male", "id": "3918965", "photo": {"prefix": "https://igx.4sqi.net/img/user/", "suffix": "/SPFNL34ZRJ0RVRB2.jpg"}, "firstName": "Junhao", "lastName": "IsEnjoyingnow"}], "count": 1, "type": "others"}], "summary": "1 like", "count": 1}, "id": "528b620411d226815dbb35d7", "text": "Nice and yummy and cheap , worth eating there", "disagreeCount": 0, "user": {"gender": "male", "id": "3918965", "photo": {"prefix": "https://igx.4sqi.net/img/user/", "suffix": "/SPFNL34ZRJ0RVRB2.jpg"}, "firstName": "Junhao", "lastName": "IsEnjoyingnow"}, "canonicalUrl": "https://foursquare.com/item/528b620411d226815dbb35d7", "type": "user", "photourl": "https://igx.4sqi.net/img/general/original/3918965_uRv3i8ozEGY9JPwLbpm4DTUyBjuK7yTxh9KazUPmnOk.jpg"}, {"logView": true, "lang": "en", "createdAt": 1266903172, "agreeCount": 1, "likes": {"groups": [{"items": [{"gender": "male", "id": "87709895", "photo": {"prefix": "https://igx.4sqi.net/img/user/", "suffix": "/87709895-NVI4SPFXUOHCQ4MW.jpg"}, "firstName": "Alex", "lastName": "Choo"}], "count": 1, "type": "others"}], "summary": "1 like", "count": 1}, "id": "4b83688470c603bbbfde92b4", "text": "Good wanton noodle. Must also order the vegetables and raw fish.", "type": "user", "user": {"id": "396489", "photo": {"prefix": "https://igx.4sqi.net/img/user/", "suffix": "/396489-XEQJECYTYDH2SKZG.jpg"}, "firstName": "JK", "gender": "male"}, "canonicalUrl": "https://foursquare.com/item/4b83688470c603bbbfde92b4", "todo": {"count": 1}, "disagreeCount": 0}, {"authorInteractionType": "liked", "logView": true, "lang": "en", "createdAt": 1410041164, "agreeCount": 1, "likes": {"groups": [{"items": [{"gender": "male", "id": "1339539", "photo": {"prefix": "https://igx.4sqi.net/img/user/", "suffix": "/1339539-AIRJPNFKHLZSMUDJ.jpg"}, "firstName": "Ian", "lastName": "Thomtori"}], "count": 1, "type": "others"}], "summary": "1 like", "count": 1}, "id": "540b854c498ef6d96a1cec3e", "text": "I basically grew up eating their wanton mee from their lorong 13 days till now. Still remains my favorite wanton noodle stall of all time, the taste is one of a kind.", "type": "user", "user": {"gender": "male", "id": "30599435", "photo": {"prefix": "https://igx.4sqi.net/img/user/", "suffix": "/30599435_VFGwCGkP_KJZtGNkxWuKAloSRzZmkVQ0zaQ22sfzp1GTiHcwkgOeD8Kpzn2YsIzNIAYO3mggB.jpg"}, "firstName": "Jonathan", "lastName": "Lim"}, "canonicalUrl": "https://foursquare.com/item/540b854c498ef6d96a1cec3e", "todo": {"count": 1}, "disagreeCount": 0}, {"authorInteractionType": "liked", "logView": true, "lang": "en", "createdAt": 1300531818, "agreeCount": 0, "likes": {"groups": [], "count": 0}, "id": "4d848a6a8de9721e0dba3251", "text": "Rojak or raw fish while you wait. =P~", "type": "user", "user": {"gender": "female", "id": "942443", "photo": {"prefix": "https://igx.4sqi.net/img/user/", "suffix": "/ITQR3IXBDMGMIM0J.jpg"}, "firstName": "Lexelle", "lastName": "de Charmaine"}, "canonicalUrl": "https://foursquare.com/item/4d848a6a8de9721e0dba3251", "todo": {"count": 0}, "disagreeCount": 0}, {"logView": true, "lang": "en", "createdAt": 1397722741, "agreeCount": 0, "likes": {"groups": [], "count": 0}, "id": "534f8e7511d21c8aa7933eaf", "text": "Yummy! But go off-peak to avoid the queues!", "type": "user", "user": {"gender": "male", "id": "615088", "photo": {"prefix": "https://igx.4sqi.net/img/user/", "suffix": "/615088-0APYXY1D2DDZNQRX.jpg"}, "firstName": "Kelvin", "lastName": "Kuan"}, "canonicalUrl": "https://foursquare.com/item/534f8e7511d21c8aa7933eaf", "todo": {"count": 0}, "disagreeCount": 0}, {"authorInteractionType": "liked", "logView": true, "lang": "en", "createdAt": 1338699162, "agreeCount": 0, "likes": {"groups": [], "count": 0}, "id": "4fcaed9ae4b0e6dca7969795", "text": "Closed from 04/06/2012~11/06/2012", "type": "user", "user": {"gender": "female", "id": "942443", "photo": {"prefix": "https://igx.4sqi.net/img/user/", "suffix": "/ITQR3IXBDMGMIM0J.jpg"}, "firstName": "Lexelle", "lastName": "de Charmaine"}, "canonicalUrl": "https://foursquare.com/item/4fcaed9ae4b0e6dca7969795", "todo": {"count": 0}, "disagreeCount": 0}, {"logView": true, "lang": "en", "createdAt": 1383020265, "agreeCount": 1, "likes": {"groups": [{"items": [{"gender": "male", "id": "3159114", "photo": {"prefix": "https://igx.4sqi.net/img/user/", "suffix": "/3159114-2N2ELOOLQSHMLL5O.jpg"}, "firstName": "Alvin", "lastName": "Quek"}], "count": 1, "type": "others"}], "summary": "1 like", "count": 1}, "id": "526f36e911d2b4031ebcde2c", "text": "One of the tastiest Singapore Style wanton noodles", "type": "user", "user": {"gender": "none", "id": "27770959", "photo": {"prefix": "https://igx.4sqi.net/img/user/", "suffix": "/UO5EG0LN3DT4OTQT.jpg"}, "firstName": "Joanna", "lastName": "Lee"}, "canonicalUrl": "https://foursquare.com/item/526f36e911d2b4031ebcde2c", "todo": {"count": 0}, "disagreeCount": 0}, {"authorInteractionType": "meh", "logView": true, "lang": "en", "photo": {"id": "556c6cfc498ecc339632d114", "visibility": "public", "source": {"name": "Swarm for Android", "url": "https://www.swarmapp.com"}, "suffix": "/2416267_slX5gX2BJLUn9TFCI91hTWZKfXZQrRlso9iAVT09-Cw.jpg", "createdAt": 1433169148, "prefix": "https://igx.4sqi.net/img/general/", "width": 960, "height": 960}, "createdAt": 1433169148, "todo": {"count": 0}, "agreeCount": 2, "likes": {"groups": [{"items": [{"gender": "male", "id": "1589670", "photo": {"prefix": "https://igx.4sqi.net/img/user/", "suffix": "/1589670-XXKNJRVFD53LZBEI.jpg"}, "firstName": "Ronald", "lastName": "Ip"}], "count": 1, "type": "others"}], "summary": "1 like", "count": 1}, "lastVoteText": "Upvoted 3 weeks ago", "id": "556c6cfc498ecc339632d115", "text": "I like the texture of the noodles and char siew. I am not impressed with their tiny wantons though. Waiting time during lunchtime was 30 mins.", "disagreeCount": 0, "lastUpvoteTimestamp": 1496811737, "user": {"id": "2416267", "photo": {"prefix": "https://igx.4sqi.net/img/user/", "suffix": "/2416267_KucjsQEM_ScdU_2QSQAUHuzKmBVwkJjI1N_g1HGztwHiU1HR99IuZBaOJaUm2PG-HS1b9ZtFJ.jpg"}, "firstName": "Songhua", "gender": "male"}, "canonicalUrl": "https://foursquare.com/item/556c6cfc498ecc339632d115", "type": "user", "photourl": "https://igx.4sqi.net/img/general/original/2416267_slX5gX2BJLUn9TFCI91hTWZKfXZQrRlso9iAVT09-Cw.jpg"}, {"todo": {"count": 0}, "logView": true, "lang": "en", "createdAt": 1350094189, "editedAt": 1498299587, "agreeCount": 2, "likes": {"groups": [{"items": [{"gender": "male", "id": "1339539", "photo": {"prefix": "https://igx.4sqi.net/img/user/", "suffix": "/1339539-AIRJPNFKHLZSMUDJ.jpg"}, "firstName": "Ian", "lastName": "Thomtori"}], "count": 1, "type": "others"}], "summary": "1 like", "count": 1}, "lastVoteText": "Upvoted 3 weeks ago", "id": "5078cd6de4b069ffd73476ac", "text": "Compared to Sin Hoe Hin @ Kovan, noodle less 'q' (springy) & inconsistent. Mine had virtually no vege. Char siew (BBQ pork) were a mix of overcooked & juicy slices. Wantans were\u00a0forgettable :-(", "disagreeCount": 0, "lastUpvoteTimestamp": 1497262189, "user": {"gender": "male", "id": "231366", "photo": {"prefix": "https://igx.4sqi.net/img/user/", "suffix": "/231366-Q2ZSAEF50GYUXPDA.jpg"}, "firstName": "Cheen", "lastName": "The Curious"}, "canonicalUrl": "https://foursquare.com/item/5078cd6de4b069ffd73476ac", "type": "user"}, {"authorInteractionType": "liked", "logView": true, "lang": "en", "createdAt": 1300531765, "agreeCount": 0, "likes": {"groups": [], "count": 0}, "id": "4d848a35f9f3a1cd0960b764", "text": "Oyster omelette is worth a try, not the prawn mee though.", "type": "user", "user": {"gender": "female", "id": "942443", "photo": {"prefix": "https://igx.4sqi.net/img/user/", "suffix": "/ITQR3IXBDMGMIM0J.jpg"}, "firstName": "Lexelle", "lastName": "de Charmaine"}, "canonicalUrl": "https://foursquare.com/item/4d848a35f9f3a1cd0960b764", "todo": {"count": 0}, "disagreeCount": 0}, {"authorInteractionType": "liked", "logView": true, "lang": "en", "createdAt": 1275186469, "agreeCount": 0, "likes": {"groups": [], "count": 0}, "id": "4c01cd2570c603bb578e9db4", "text": "Moved from Lorong 13 coz the rent was too expensive. Morning and lunch crowd only.", "type": "user", "user": {"gender": "female", "id": "942443", "photo": {"prefix": "https://igx.4sqi.net/img/user/", "suffix": "/ITQR3IXBDMGMIM0J.jpg"}, "firstName": "Lexelle", "lastName": "de Charmaine"}, "canonicalUrl": "https://foursquare.com/item/4c01cd2570c603bb578e9db4", "todo": {"count": 0}, "disagreeCount": 0}, {"authorInteractionType": "liked", "logView": true, "lang": "en", "createdAt": 1381633564, "agreeCount": 0, "likes": {"groups": [], "count": 0}, "id": "525a0e1c11d2ebd2b9103691", "text": "Closed from 21/10/2013-25/10/2013", "type": "user", "user": {"gender": "female", "id": "942443", "photo": {"prefix": "https://igx.4sqi.net/img/user/", "suffix": "/ITQR3IXBDMGMIM0J.jpg"}, "firstName": "Lexelle", "lastName": "de Charmaine"}, "canonicalUrl": "https://foursquare.com/item/525a0e1c11d2ebd2b9103691", "todo": {"count": 0}, "disagreeCount": 0}, {"authorInteractionType": "liked", "logView": true, "lang": "en", "createdAt": 1455984122, "todo": {"count": 0}, "agreeCount": 1, "likes": {"groups": [], "count": 0}, "lastVoteText": "Upvoted May 24", "id": "56c88dfa498eace21e2a8ff3", "text": "Since located at Lor 12 @40yrs ago, I have been a fans. The earliest in this school of wanton noodles that I know of. Remain one of my favorites till today.", "disagreeCount": 0, "lastUpvoteTimestamp": 1495600253, "user": {"gender": "male", "id": "147403499", "photo": {"prefix": "https://igx.4sqi.net/img/user/", "suffix": "/147403499-JDAQMZ0PDRX4TUL1.jpg"}, "firstName": "Herbert", "lastName": "Lee"}, "canonicalUrl": "https://foursquare.com/item/56c88dfa498eace21e2a8ff3", "type": "user"}, {"logView": true, "lang": "en", "createdAt": 1287564331, "agreeCount": 0, "likes": {"groups": [], "count": 0}, "id": "4cbeac2b0adda35d053318e3", "text": "Waiting time still the same even if there is not much ppl", "type": "user", "user": {"gender": "male", "id": "2977239", "photo": {"prefix": "https://igx.4sqi.net/img/user/", "suffix": "/BCSSAA4ONILRHMRV.jpg"}, "firstName": "Syvester", "lastName": "Henry"}, "canonicalUrl": "https://foursquare.com/item/4cbeac2b0adda35d053318e3", "todo": {"count": 0}, "disagreeCount": 0}, {"authorInteractionType": "liked", "logView": true, "lang": "en", "photo": {"id": "54bb218e498ebb7dd25979a2", "visibility": "public", "source": {"name": "Foursquare for Android", "url": "https://foursquare.com/download/#/android"}, "suffix": "/4933168_r9WHZpXH3yKqF__UBAFTxNzjsg0HlWTt4ouwZANQHXA.jpg", "createdAt": 1421549966, "prefix": "https://igx.4sqi.net/img/general/", "width": 540, "height": 960}, "createdAt": 1421549964, "todo": {"count": 0}, "agreeCount": 1, "likes": {"groups": [], "count": 0}, "lastVoteText": "Upvoted May 24", "id": "54bb218c498ee3e2f35b9c9d", "text": "Nice Noodle Texture.... well sliced char sure...tasty chili.....favorite pork crackle......", "disagreeCount": 0, "lastUpvoteTimestamp": 1495600259, "user": {"gender": "male", "id": "4933168", "photo": {"prefix": "https://igx.4sqi.net/img/user/", "suffix": "/D33W2CQAY3SSIDOD.jpg"}, "firstName": "Jonathan", "lastName": "Lee"}, "canonicalUrl": "https://foursquare.com/item/54bb218c498ee3e2f35b9c9d", "type": "user", "photourl": "https://igx.4sqi.net/img/general/original/4933168_r9WHZpXH3yKqF__UBAFTxNzjsg0HlWTt4ouwZANQHXA.jpg"}, {"logView": true, "lang": "en", "createdAt": 1271563727, "agreeCount": 0, "likes": {"groups": [], "count": 0}, "id": "4bca85cf70c603bb2e4498b4", "text": "Long waiting time", "type": "user", "user": {"gender": "male", "id": "849019", "photo": {"prefix": "https://igx.4sqi.net/img/user/", "suffix": "/849019-PF0UVUJUDBWSU1HT.jpg"}, "firstName": "Jason", "lastName": "Nah"}, "canonicalUrl": "https://foursquare.com/item/4bca85cf70c603bb2e4498b4", "todo": {"count": 0}, "disagreeCount": 0}, {"authorInteractionType": "liked", "logView": true, "lang": "en", "createdAt": 1375971417, "agreeCount": 7, "likes": {"groups": [{"items": [{"gender": "male", "id": "1339539", "photo": {"prefix": "https://igx.4sqi.net/img/user/", "suffix": "/1339539-AIRJPNFKHLZSMUDJ.jpg"}, "firstName": "Ian", "lastName": "Thomtori"}, {"gender": "female", "id": "5491272", "photo": {"prefix": "https://igx.4sqi.net/img/user/", "suffix": "/IX03VUMBOPTQXWC3.jpg"}, "firstName": "Jennifer", "lastName": "Ngai"}, {"gender": "male", "id": "2832533", "photo": {"prefix": "https://igx.4sqi.net/img/user/", "suffix": "/2832533_0BdFoucg_HvaAT_EWq1SneSZFe1-CX0Bu-RFy7fzF5JtCoqU-KouZi9wMCgkkSwDIUnJ_hdYy.jpg"}, "firstName": "Nigel \u0e44\u0e19\u0e40\u0e08\u0e25", "lastName": "Choi"}], "count": 7, "type": "others"}], "summary": "7 likes", "count": 7}, "id": "5203a859498ef46a8a3199cc", "text": "Imo, one of the best wanton mee stalls in Singapore, along with Kok Kee & Quan Kee located at Lavender Food Square & Geylang East Market and Food Centre respectively.", "type": "user", "user": {"gender": "male", "id": "30599435", "photo": {"prefix": "https://igx.4sqi.net/img/user/", "suffix": "/30599435_VFGwCGkP_KJZtGNkxWuKAloSRzZmkVQ0zaQ22sfzp1GTiHcwkgOeD8Kpzn2YsIzNIAYO3mggB.jpg"}, "firstName": "Jonathan", "lastName": "Lim"}, "canonicalUrl": "https://foursquare.com/item/5203a859498ef46a8a3199cc", "todo": {"count": 3}, "disagreeCount": 0}, {"logView": true, "lang": "en", "createdAt": 1268197086, "agreeCount": 0, "likes": {"groups": [{"items": [], "count": 2, "type": "others"}], "summary": "2 likes", "count": 2}, "id": "4b9726de70c603bb2bf393b4", "text": "I agree, only setback is waiting time.", "type": "user", "user": {"gender": "male", "id": "486937", "photo": {"prefix": "https://igx.4sqi.net/img/user/", "suffix": "/K4DPK0ZAWRMRRZXU.jpg"}, "firstName": "Anthony", "lastName": "Neo"}, "canonicalUrl": "https://foursquare.com/item/4b9726de70c603bb2bf393b4", "todo": {"count": 0}, "disagreeCount": 0}, {"logView": true, "lang": "en", "createdAt": 1301634905, "todo": {"count": 0}, "agreeCount": 1, "likes": {"groups": [], "count": 0}, "lastVoteText": "Upvoted May 24", "id": "4d955f59af3d236a82a8f0c6", "text": "Nice noodle but got to wait very long as too many customer... \ue415", "disagreeCount": 0, "lastUpvoteTimestamp": 1495600300, "user": {"gender": "male", "id": "7083975", "photo": {"prefix": "https://igx.4sqi.net/img/user/", "suffix": "/OTLSXNZCE5GW4IKM.jpg"}, "firstName": "Ken", "lastName": "Lew"}, "canonicalUrl": "https://foursquare.com/item/4d955f59af3d236a82a8f0c6", "type": "user"}, {"logView": true, "lang": "en", "createdAt": 1402397225, "agreeCount": 0, "likes": {"groups": [], "count": 0}, "id": "5396e22911d24442beac0fd7", "text": "Service is so slowwwwww", "type": "user", "user": {"gender": "female", "id": "200799", "photo": {"prefix": "https://igx.4sqi.net/img/user/", "suffix": "/200799-ANYQ11ULIXXFLBPV.jpg"}, "firstName": "shaz", "lastName": "carvalho"}, "canonicalUrl": "https://foursquare.com/item/5396e22911d24442beac0fd7", "todo": {"count": 0}, "disagreeCount": 0}, {"authorInteractionType": "liked", "logView": true, "lang": "en", "createdAt": 1414911981, "todo": {"count": 0}, "agreeCount": 1, "likes": {"groups": [], "count": 0}, "lastVoteText": "Upvoted May 24", "id": "5455d7ed498e43d4ed74b4cc", "text": "Probably the best Wanton Noodle in Singapore from the perspective of someone who grew up in Bugis Street and loved Wanton Noodle all his life..", "disagreeCount": 0, "lastUpvoteTimestamp": 1495600263, "user": {"gender": "male", "id": "82540798", "photo": {"prefix": "https://igx.4sqi.net/img/user/", "suffix": "/82540798-HUGLLWOCNTHBV4D0.jpg"}, "firstName": "Calvin", "lastName": "Bow \u83ab\u6587\u6d69"}, "canonicalUrl": "https://foursquare.com/item/5455d7ed498e43d4ed74b4cc", "type": "user"}, {"logView": true, "lang": "en", "createdAt": 1291460414, "agreeCount": 0, "likes": {"groups": [], "count": 0}, "id": "4cfa1f3e7f2db1f7d08a25d4", "text": "Finally found the wan tan mee,standard maintain. It nice but price increase. I love the pork lard \ue057", "type": "user", "user": {"gender": "male", "id": "4752233", "photo": {"prefix": "https://igx.4sqi.net/img/user/", "suffix": "/4N5UUW0A1SJZA0WD.jpg"}, "firstName": "Sincent", "lastName": "Soh"}, "canonicalUrl": "https://foursquare.com/item/4cfa1f3e7f2db1f7d08a25d4", "todo": {"count": 0}, "disagreeCount": 0}, {"authorInteractionType": "liked", "logView": true, "lang": "en", "createdAt": 1308390516, "agreeCount": 0, "likes": {"groups": [], "count": 0}, "id": "4dfc7474fa76c83b6e7cb63b", "text": "so so only. nothing to wow about. the noodle was over cooked. too soft. wanton is decent.  not going to make special trip here to eat.", "type": "user", "user": {"id": "3082786", "photo": {"prefix": "https://igx.4sqi.net/img/user/", "suffix": "/3082786-2G5LG5QSEKBHOL1F.jpg"}, "firstName": "Kay", "gender": "male"}, "canonicalUrl": "https://foursquare.com/item/4dfc7474fa76c83b6e7cb63b", "todo": {"count": 0}, "disagreeCount": 0}, {"logView": true, "lang": "en", "createdAt": 1297381152, "agreeCount": 0, "likes": {"groups": [], "count": 0}, "id": "4d547720b4deb1f7cbaaf979", "text": "Came around 7.30in the morning for breakfast. Waited less than 5 mins, seem this is the best time to come if u can wake up.", "type": "user", "user": {"id": "5029165", "photo": {"prefix": "https://igx.4sqi.net/img/user/", "suffix": "/ICNM5X3T051R5QVH.jpg"}, "firstName": "Jerry", "gender": "male"}, "canonicalUrl": "https://foursquare.com/item/4d547720b4deb1f7cbaaf979", "todo": {"count": 0}, "disagreeCount": 0}, {"authorInteractionType": "liked", "logView": true, "lang": "en", "photo": {"id": "54eec755498e9ed365287da3", "visibility": "public", "source": {"name": "Foursquare for Android", "url": "https://foursquare.com/download/#/android"}, "suffix": "/3677242_UTUtGeVzIwZ8BaSAqJvq1LO84wPlnlE7Vqqd29CzptI.jpg", "createdAt": 1424934741, "prefix": "https://igx.4sqi.net/img/general/", "width": 960, "height": 540}, "createdAt": 1424934669, "todo": {"count": 0}, "agreeCount": 0, "likes": {"groups": [], "count": 0}, "id": "54eec70d498ef725e26b2294", "text": "Self service with waiting tag. Waiting time is acceptance ranging from 5-10min. Personally I felt the wanton mee and char siew is average. What's good here is the wanton.", "disagreeCount": 0, "user": {"id": "3677242", "photo": {"prefix": "https://igx.4sqi.net/img/user/", "suffix": "/3677242-VALLGDQHMG0MJRE3.jpg"}, "firstName": "Stanley \u8f89", "gender": "male"}, "canonicalUrl": "https://foursquare.com/item/54eec70d498ef725e26b2294", "type": "user", "photourl": "https://igx.4sqi.net/img/general/original/3677242_UTUtGeVzIwZ8BaSAqJvq1LO84wPlnlE7Vqqd29CzptI.jpg"}, {"logView": true, "lang": "en", "createdAt": 1345872746, "agreeCount": 1, "likes": {"groups": [{"items": [{"gender": "male", "id": "1339539", "photo": {"prefix": "https://igx.4sqi.net/img/user/", "suffix": "/1339539-AIRJPNFKHLZSMUDJ.jpg"}, "firstName": "Ian", "lastName": "Thomtori"}], "count": 1, "type": "others"}], "summary": "1 like", "count": 1}, "id": "5038636ae4b0307ba3228eb9", "text": "So bah-bai! Cannot ask how long is the wait?!? Tsk!", "type": "user", "user": {"gender": "female", "id": "872276", "photo": {"prefix": "https://igx.4sqi.net/img/user/", "suffix": "/XT3L2V4SM4MIV3V0.jpg"}, "firstName": "Eileena", "lastName": "Lee"}, "canonicalUrl": "https://foursquare.com/item/5038636ae4b0307ba3228eb9", "todo": {"count": 0}, "disagreeCount": 0}, {"authorInteractionType": "disliked", "logView": true, "lang": "en", "createdAt": 1481609224, "todo": {"count": 0}, "agreeCount": 0, "likes": {"groups": [], "count": 0}, "lastVoteText": "Downvoted Apr 7", "id": "584f90081e1de55128aa4823", "text": "Awful! Promised so much, delivered so little! Everyday was ORDINARY. NORMAL!! I didn't even bother taking a pic!! \ud83d\ude24", "disagreeCount": 1, "user": {"gender": "male", "id": "330221256", "photo": {"prefix": "https://igx.4sqi.net/img/user/", "suffix": "/330221256-4G20WMWIJUBFOHG4.jpg"}, "firstName": "Bernard", "lastName": "Lim"}, "canonicalUrl": "https://foursquare.com/item/584f90081e1de55128aa4823", "type": "user", "lastDownvoteTimestamp": 1491590702}], "count": 30}}}