{"response": {"totalCount": 36, "photos": {"count": 36, "items": [{"tip": {"todo": {"count": 0}, "type": "user", "agreeCount": 0, "text": "People often ask \"What's so special about Ray's?\" I say \"Go there and you'll know.\" Old school hang serving up the city's BEST fries, shakes, ice cream and more at Reagan-era prices. Ray's a SAINT. GO", "createdAt": 1470958310, "logView": true, "id": "57ad0ae6498e7850aff624a4", "disagreeCount": 0, "canonicalUrl": "https://foursquare.com/item/57ad0ae6498e7850aff624a4", "likes": {"groups": [], "count": 0}, "like": false}, "width": 640, "visibility": "public", "createdAt": 1470958311, "id": "57ad0ae7498ed9953f48e4d5", "source": {"name": "Foursquare Web", "url": "https://foursquare.com"}, "prefix": "https://igx.4sqi.net/img/general/", "suffix": "/10040_yXii2X5KwVVnIFaDeZ242-lx7_gMyJWFlxD4-tVeEog.jpg", "venue": {"contact": {"twitter": "rayscandystore", "facebookName": "Ray's Candy Store", "facebook": "179970415412969", "facebookUsername": "RaysCandyStoreNYC"}, "venuePage": {"id": "38468337"}, "categories": [{"name": "Ice Cream Shop", "shortName": "Ice Cream", "primary": true, "icon": {"prefix": "https://ss3.4sqi.net/img/categories_v2/food/icecream_", "suffix": ".png"}, "id": "4bf58dd8d48988d1c9941735", "pluralName": "Ice Cream Shops"}], "beenHere": {"lastCheckinExpiredAt": 0}, "location": {"country": "United States", "state": "NY", "formattedAddress": ["113 Avenue A (btwn E 7th St. & St. Mark's Pl.)", "New York, NY 10009", "United States"], "cc": "US", "lat": 40.72617225, "labeledLatLngs": [{"lng": -73.983359, "lat": 40.72617225, "label": "display"}], "postalCode": "10009", "address": "113 Avenue A", "lng": -73.983359, "city": "New York", "crossStreet": "btwn E 7th St. & St. Mark's Pl."}, "like": false, "allowMenuUrlEdit": true, "name": "Ray's Candy Store", "url": "http://rayscandystore.com", "stats": {"checkinsCount": 3677, "tipCount": 68, "usersCount": 1871}, "verified": true, "id": "4b30200ef964a5207ff624e3", "storeId": ""}, "height": 640}, {"width": 1440, "visibility": "public", "createdAt": 1461197050, "id": "571818fa498e8c961083c35c", "source": {"name": "Foursquare for iOS", "url": "https://foursquare.com/download/#/iphone"}, "prefix": "https://igx.4sqi.net/img/general/", "suffix": "/10040_Gdinb8Sdq_ldEofOzPq4SXtc0HegSbrAPK0IefTu9AE.jpg", "venue": {"contact": {}, "name": "La Dulcer\u00eda", "categories": [{"name": "Dessert Shop", "shortName": "Desserts", "primary": true, "icon": {"prefix": "https://ss3.4sqi.net/img/categories_v2/food/dessert_", "suffix": ".png"}, "id": "4bf58dd8d48988d1d0941735", "pluralName": "Dessert Shops"}], "beenHere": {"lastCheckinExpiredAt": 0}, "stats": {"checkinsCount": 374, "tipCount": 22, "usersCount": 300}, "verified": false, "id": "515721c7e4b03712a3e4c408", "location": {"country": "Chile", "formattedAddress": ["Miramar", "Valpara\u00edso", "Valpara\u00edso", "Chile"], "cc": "CL", "lat": -33.042423, "labeledLatLngs": [{"lng": -71.630647, "lat": -33.042423, "label": "display"}], "address": "Miramar", "lng": -71.630647, "city": "Valpara\u00edso", "state": "Valpara\u00edso"}, "like": false, "allowMenuUrlEdit": true}, "height": 1440}, {"tip": {"todo": {"count": 0}, "type": "user", "agreeCount": 0, "text": "\"#3\" level spice was perfectly delicious. Nice kick, but still had plenty of flavor. Our server described #4 as \"weird,\" with Chinese red peppers. #5 is meant to be the super hot one. Hours in pic.", "createdAt": 1458284091, "logView": true, "id": "56eba63b498e7f844883fb9b", "disagreeCount": 0, "canonicalUrl": "https://foursquare.com/item/56eba63b498e7f844883fb9b", "likes": {"groups": [], "count": 0}, "like": false}, "width": 1920, "visibility": "public", "createdAt": 1458284098, "id": "56eba642498e3aa6816d775d", "source": {"name": "Foursquare for iOS", "url": "https://foursquare.com/download/#/iphone"}, "prefix": "https://igx.4sqi.net/img/general/", "suffix": "/10040_hHAurmR2z-Lvey4QI9Mu1kJgZqaNdJvJGlvAYriJDMM.jpg", "venue": {"contact": {"facebookName": "\u4e2d\u83ef\u305d\u3070\u300c\u304f\u306b\u307e\u3064\u300d", "phone": "+81822225022", "facebook": "361269823958256", "facebookUsername": "kunimatsu.hiroshima", "twitter": "hirsm_kunimatsu", "formattedPhone": "+81 82-222-5022"}, "name": "Kunimatsu (\u4e2d\u83ef\u305d\u3070 \u570b\u677e)", "categories": [{"name": "Ramen Restaurant", "shortName": "Ramen", "primary": true, "icon": {"prefix": "https://ss3.4sqi.net/img/categories_v2/food/ramen_", "suffix": ".png"}, "id": "55a59bace4b013909087cb24", "pluralName": "Ramen Restaurants"}], "beenHere": {"lastCheckinExpiredAt": 0}, "stats": {"checkinsCount": 1159, "tipCount": 18, "usersCount": 593}, "verified": false, "id": "4b973167f964a520aafb34e3", "location": {"country": "\u65e5\u672c", "state": "\u5e83\u5cf6\u770c", "formattedAddress": ["\u4e2d\u533a\u516b\u4e01\u58008-10 (\u6e05\u6c34\u30d3\u30eb 1F)", "\u5e83\u5cf6\u5e02, \u5e83\u5cf6\u770c", "730-0013", "\u65e5\u672c"], "cc": "JP", "lat": 34.39595486609087, "labeledLatLngs": [{"lng": 132.4619597196579, "lat": 34.39595486609087, "label": "display"}], "postalCode": "730-0013", "address": "\u4e2d\u533a\u516b\u4e01\u58008-10", "lng": 132.4619597196579, "city": "\u5e83\u5cf6\u5e02", "crossStreet": "\u6e05\u6c34\u30d3\u30eb 1F"}, "like": false, "allowMenuUrlEdit": true}, "height": 1440}, {"tip": {"todo": {"count": 0}, "type": "user", "agreeCount": 0, "text": "Carry an umbrella.", "createdAt": 1456417432, "logView": true, "id": "56cf2a98498e9455e01d3c88", "disagreeCount": 0, "canonicalUrl": "https://foursquare.com/item/56cf2a98498e9455e01d3c88", "likes": {"groups": [], "count": 0}, "like": false}, "width": 1670, "visibility": "public", "createdAt": 1456417435, "id": "56cf2a9b498ee97528e8b1be", "source": {"name": "Foursquare for iOS", "url": "https://foursquare.com/download/#/iphone"}, "prefix": "https://igx.4sqi.net/img/general/", "suffix": "/10040_qj2iII4x6YALi0gzuI9k9gkKl8Zbgjpp-_RYJ2_qh1k.jpg", "venue": {"contact": {}, "beenHere": {"lastCheckinExpiredAt": 0}, "name": "Singapore", "categories": [{"name": "Country", "shortName": "Country", "primary": true, "icon": {"prefix": "https://ss3.4sqi.net/img/categories_v2/parks_outdoors/neighborhood_", "suffix": ".png"}, "id": "530e33ccbcbc57f1066bbff7", "pluralName": "Countries"}], "venueRatingBlacklisted": true, "stats": {"checkinsCount": 58428, "tipCount": 60, "usersCount": 15593}, "verified": false, "id": "4f2e6a85e4b040ea003a279c", "location": {"country": "Singapore", "lng": 103.85221481323242, "formattedAddress": ["Singapore"], "cc": "SG", "lat": 1.290955973244459}, "like": false}, "height": 1440}, {"width": 1440, "visibility": "public", "createdAt": 1454055064, "id": "56ab1e98498ee6c0b5c6bbef", "source": {"name": "Swarm for iOS", "url": "https://www.swarmapp.com"}, "prefix": "https://igx.4sqi.net/img/general/", "suffix": "/10040_CB_EqTjj4NtdIjF5w3unJ5DF6BpQuu4zbO73KbH1UPo.jpg", "venue": {"contact": {}, "name": "Ta Prohm", "categories": [{"name": "Historic Site", "shortName": "Historic Site", "primary": true, "icon": {"prefix": "https://ss3.4sqi.net/img/categories_v2/arts_entertainment/historicsite_", "suffix": ".png"}, "id": "4deefb944765f83613cdba6e", "pluralName": "Historic Sites"}], "beenHere": {"lastCheckinExpiredAt": 0}, "stats": {"checkinsCount": 4664, "tipCount": 86, "usersCount": 4323}, "verified": false, "id": "4b7a8edaf964a52017312fe3", "location": {"country": "\u1780\u1798\u17d2\u1796\u17bb\u1787\u17b6", "formattedAddress": ["Petit Circuit Rd.", "Si\u0115mr\u00e9ab", "\u1780\u1798\u17d2\u1796\u17bb\u1787\u17b6"], "cc": "KH", "lat": 13.43477, "labeledLatLngs": [{"lng": 103.889408, "lat": 13.43477, "label": "display"}], "address": "Petit Circuit Rd.", "lng": 103.889408, "city": "Si\u0115mr\u00e9ab", "state": "Siem Reap"}, "like": false}, "height": 1920}, {"width": 1440, "visibility": "public", "createdAt": 1454054686, "id": "56ab1d1e498e0fa6541403ae", "source": {"name": "Swarm for iOS", "url": "https://www.swarmapp.com"}, "prefix": "https://igx.4sqi.net/img/general/", "suffix": "/10040_cqJz8LKQLiw8-P7uRzCH2EBLMQh9zawLFsmQ7lPP0l0.jpg", "venue": {"contact": {}, "name": "Angkor Thom (\u17a2\u1784\u17d2\u1782\u179a\u1792\u17c6)", "categories": [{"name": "Historic Site", "shortName": "Historic Site", "primary": true, "icon": {"prefix": "https://ss3.4sqi.net/img/categories_v2/arts_entertainment/historicsite_", "suffix": ".png"}, "id": "4deefb944765f83613cdba6e", "pluralName": "Historic Sites"}], "beenHere": {"lastCheckinExpiredAt": 0}, "stats": {"checkinsCount": 3573, "tipCount": 44, "usersCount": 3300}, "verified": false, "id": "4c101c5a3708d13ad10c615b", "location": {"country": "\u1780\u1798\u17d2\u1796\u17bb\u1787\u17b6", "formattedAddress": ["The Bayon Complex", "Si\u0115mr\u00e9ab", "\u1780\u1798\u17d2\u1796\u17bb\u1787\u17b6"], "cc": "KH", "lat": 13.441111236923927, "labeledLatLngs": [{"lng": 103.85927438735962, "lat": 13.441111236923927, "label": "display"}], "address": "The Bayon Complex", "lng": 103.85927438735962, "city": "Si\u0115mr\u00e9ab", "state": "Siem Reap"}, "like": false}, "height": 1920}, {"width": 1440, "visibility": "public", "createdAt": 1454054421, "id": "56ab1c15498eba0093e0b40a", "source": {"name": "Swarm for iOS", "url": "https://www.swarmapp.com"}, "prefix": "https://igx.4sqi.net/img/general/", "suffix": "/10040_2gINilHanqub3zq5_-RUp0ygpS8XK3HPn69GSW3Wh7w.jpg", "venue": {"contact": {}, "name": "Angkor Wat (\u17a2\u1784\u17d2\u1782\u179a\u179c\u178f\u17d2\u178f)", "categories": [{"name": "Historic Site", "shortName": "Historic Site", "primary": true, "icon": {"prefix": "https://ss3.4sqi.net/img/categories_v2/arts_entertainment/historicsite_", "suffix": ".png"}, "id": "4deefb944765f83613cdba6e", "pluralName": "Historic Sites"}], "beenHere": {"lastCheckinExpiredAt": 0}, "stats": {"checkinsCount": 20867, "tipCount": 319, "usersCount": 17159}, "verified": false, "url": "http://whc.unesco.org/en/list/668", "id": "4b73697bf964a5203aad2de3", "location": {"country": "\u1780\u1798\u17d2\u1796\u17bb\u1787\u17b6", "formattedAddress": ["Angkor Archaeological Park", "Si\u0115mr\u00e9ab", "\u1780\u1798\u17d2\u1796\u17bb\u1787\u17b6"], "cc": "KH", "lat": 13.412413363616244, "labeledLatLngs": [{"lng": 103.8657546043396, "lat": 13.412413363616244, "label": "display"}], "address": "Angkor Archaeological Park", "lng": 103.8657546043396, "city": "Si\u0115mr\u00e9ab", "state": "Siem Reap"}, "like": false}, "height": 1920}, {"width": 1920, "visibility": "public", "createdAt": 1453002120, "id": "569b0d88498e2a9e0d19fa47", "source": {"name": "Swarm for iOS", "url": "https://www.swarmapp.com"}, "prefix": "https://igx.4sqi.net/img/general/", "suffix": "/10040_P2-uFwGO9NZDrfa5I3W4eLh9hdYCcZTWPRcgX-VPJ6k.jpg", "venue": {"contact": {"facebookName": "Elephant Nature Park", "phone": "+6653272855", "facebook": "302049855542", "facebookUsername": "TheElephantNaturePark", "twitter": "elephantnaturep", "formattedPhone": "+66 53 272 855"}, "name": "Elephant Nature Park", "categories": [{"name": "Park", "shortName": "Park", "primary": true, "icon": {"prefix": "https://ss3.4sqi.net/img/categories_v2/parks_outdoors/park_", "suffix": ".png"}, "id": "4bf58dd8d48988d163941735", "pluralName": "Parks"}], "beenHere": {"lastCheckinExpiredAt": 0}, "stats": {"checkinsCount": 1047, "tipCount": 21, "usersCount": 888}, "verified": false, "url": "http://www.elephantnaturepark.org", "id": "4beb85b7415e20a16f80e6bb", "location": {"country": "\u0e1b\u0e23\u0e30\u0e40\u0e17\u0e28\u0e44\u0e17\u0e22", "formattedAddress": ["209/2 Sridom Chai Road, \u0e40\u0e0a\u0e35\u0e22\u0e07\u0e43\u0e2b\u0e21\u0e48 50100, Thailand", "Kuet Chang", "\u0e40\u0e0a\u0e35\u0e22\u0e07\u0e43\u0e2b\u0e21\u0e48", "\u0e1b\u0e23\u0e30\u0e40\u0e17\u0e28\u0e44\u0e17\u0e22"], "cc": "TH", "lat": 19.214324426405224, "labeledLatLngs": [{"lng": 98.85887747354997, "lat": 19.214324426405224, "label": "display"}], "address": "209/2 Sridom Chai Road, \u0e40\u0e0a\u0e35\u0e22\u0e07\u0e43\u0e2b\u0e21\u0e48 50100, Thailand", "lng": 98.85887747354997, "city": "Kuet Chang", "state": "\u0e40\u0e0a\u0e35\u0e22\u0e07\u0e43\u0e2b\u0e21\u0e48"}, "like": false}, "height": 1440}, {"width": 1440, "visibility": "public", "createdAt": 1450584466, "id": "56762992498e4c310c1a13b6", "source": {"name": "Swarm for iOS", "url": "https://www.swarmapp.com"}, "prefix": "https://igx.4sqi.net/img/general/", "suffix": "/10040_zNNSw06A-edcWlvcV42e8mh4AywESF7-TURHo8MYVCA.jpg", "venue": {"contact": {}, "name": "Taj Mahal", "categories": [{"name": "Historic Site", "shortName": "Historic Site", "primary": true, "icon": {"prefix": "https://ss3.4sqi.net/img/categories_v2/arts_entertainment/historicsite_", "suffix": ".png"}, "id": "4deefb944765f83613cdba6e", "pluralName": "Historic Sites"}], "beenHere": {"lastCheckinExpiredAt": 0}, "stats": {"checkinsCount": 15570, "tipCount": 303, "usersCount": 12535}, "verified": false, "url": "http://www.tajmahal.gov.in", "id": "4b53fce2f964a52014b027e3", "location": {"country": "India", "state": "Uttar Pradesh", "formattedAddress": ["Near Agra Fort (Fatehabad Road)", "\u0100gra 282001", "Uttar Pradesh", "India"], "cc": "IN", "lat": 27.171046784508196, "labeledLatLngs": [{"lng": 78.04218722369076, "lat": 27.171046784508196, "label": "display"}], "postalCode": "282001", "address": "Near Agra Fort", "lng": 78.04218722369076, "city": "\u0100gra", "crossStreet": "Fatehabad Road"}, "like": false}, "height": 1920}, {"width": 1440, "visibility": "public", "createdAt": 1432984574, "id": "55699bfe498e1fd9db4037b3", "source": {"name": "Swarm for iOS", "url": "https://www.swarmapp.com"}, "prefix": "https://igx.4sqi.net/img/general/", "suffix": "/10040_2naK_S067I9y9qXZuJi6Gmlh8RgVHcFANGB2C5B0Xas.jpg", "venue": {"contact": {}, "beenHere": {"lastCheckinExpiredAt": 0}, "name": "\u00der\u00edhn\u00fakag\u00edgur", "categories": [{"name": "Volcano", "shortName": "Volcano", "primary": true, "icon": {"prefix": "https://ss3.4sqi.net/img/categories_v2/parks_outdoors/mountain_", "suffix": ".png"}, "id": "5032848691d4c4b30a586d61", "pluralName": "Volcanoes"}], "venueRatingBlacklisted": true, "stats": {"checkinsCount": 93, "tipCount": 2, "usersCount": 91}, "verified": false, "id": "4e8725fe2c5b4120200728f5", "location": {"country": "\u00cdsland", "formattedAddress": ["\u00cdsland"], "cc": "IS", "lat": 63.99771829001409, "labeledLatLngs": [{"lng": -21.698401378776104, "lat": 63.99771829001409, "label": "display"}], "lng": -21.698401378776104}, "like": false}, "height": 1440}, {"tip": {"todo": {"count": 0}, "type": "user", "agreeCount": 0, "text": "Beautiful estate. Treat yourself to a bottle of Patriarch.", "createdAt": 1418175014, "logView": true, "id": "5487a226498e81f2d3fb877b", "disagreeCount": 0, "canonicalUrl": "https://foursquare.com/item/5487a226498e81f2d3fb877b", "likes": {"groups": [], "count": 0}, "like": false}, "width": 1920, "visibility": "public", "createdAt": 1418175015, "id": "5487a227498e9620891e013f", "source": {"name": "Foursquare for iOS", "url": "https://foursquare.com/download/#/iphone"}, "prefix": "https://igx.4sqi.net/img/general/", "suffix": "/10040_-8Xr-czvZ0NjuOS9_zY7Lx-BpjAd85zWlSTXdbdsFpQ.jpg", "venue": {"contact": {"facebookName": "Regusci Winery", "phone": "+17072540403", "facebook": "140198686017163", "facebookUsername": "regusciwinery", "twitter": "regusciwinery", "formattedPhone": "+1 707-254-0403"}, "venuePage": {"id": "131656788"}, "categories": [{"name": "Winery", "shortName": "Winery", "primary": true, "icon": {"prefix": "https://ss3.4sqi.net/img/categories_v2/food/winery_", "suffix": ".png"}, "id": "4bf58dd8d48988d14b941735", "pluralName": "Wineries"}], "beenHere": {"lastCheckinExpiredAt": 0}, "location": {"country": "United States", "formattedAddress": ["5584 Silverado Trl", "Napa, CA 94558", "United States"], "cc": "US", "lat": 38.397713477702695, "labeledLatLngs": [{"lng": -122.31402077586608, "lat": 38.397713477702695, "label": "display"}], "postalCode": "94558", "address": "5584 Silverado Trl", "lng": -122.31402077586608, "city": "Napa", "state": "CA"}, "like": false, "allowMenuUrlEdit": true, "name": "Regusci Winery", "url": "http://www.regusciwinery.com", "stats": {"checkinsCount": 2191, "tipCount": 27, "usersCount": 1683}, "verified": true, "id": "4bef13abd1b7d13a834bcdec"}, "height": 1440}, {"width": 720, "visibility": "public", "createdAt": 1411311624, "id": "541ee808498e58f129b4c3b2", "source": {"name": "Foursquare for iOS", "url": "https://foursquare.com/download/#/iphone"}, "prefix": "https://igx.4sqi.net/img/general/", "suffix": "/10040_p2f77ccBTEyQ-R6PxPytQFZiTzurPrA0aYpt5gQn_VQ.jpg", "venue": {"contact": {}, "name": "The Barking Claw (roadside)", "categories": [{"name": "Seafood Restaurant", "shortName": "Seafood", "primary": true, "icon": {"prefix": "https://ss3.4sqi.net/img/categories_v2/food/seafood_", "suffix": ".png"}, "id": "4bf58dd8d48988d1ce941735", "pluralName": "Seafood Restaurants"}], "beenHere": {"lastCheckinExpiredAt": 0}, "stats": {"checkinsCount": 50, "tipCount": 2, "usersCount": 45}, "verified": false, "id": "51be1dca498ed21d5fdd887c", "location": {"country": "United States", "formattedAddress": ["Falmouth, MA", "United States"], "cc": "US", "lat": 41.554374213636116, "labeledLatLngs": [{"lng": -70.6227163032372, "lat": 41.554374213636116, "label": "display"}], "state": "MA", "lng": -70.6227163032372, "city": "Falmouth"}, "like": false, "allowMenuUrlEdit": true}, "height": 960}, {"width": 704, "visibility": "public", "createdAt": 1397066865, "id": "53458c71498e837652164407", "source": {"name": "Foursquare for iOS", "url": "https://foursquare.com/download/#/iphone"}, "prefix": "https://igx.4sqi.net/img/general/", "suffix": "/10040_6zPSa_VlFqteQoEw0N03QgSZgjqnFY2jKI0_ke7puy4.jpg", "venue": {"contact": {}, "name": "Arenas Del Mar Beach & Nature Resort", "categories": [{"name": "Resort", "shortName": "Resort", "primary": true, "icon": {"prefix": "https://ss3.4sqi.net/img/categories_v2/travel/resort_", "suffix": ".png"}, "id": "4bf58dd8d48988d12f951735", "pluralName": "Resorts"}], "beenHere": {"lastCheckinExpiredAt": 0}, "stats": {"checkinsCount": 1003, "tipCount": 8, "usersCount": 272}, "verified": false, "id": "4ebbffd09a52d006252020b6", "location": {"country": "Costa Rica", "formattedAddress": ["Manuel Antonio", "Costa Rica"], "cc": "CR", "lat": 9.397898540482235, "labeledLatLngs": [{"lng": -84.16251714610397, "lat": 9.397898540482235, "label": "display"}], "state": "Puntarenas", "lng": -84.16251714610397, "city": "Manuel Antonio"}, "like": false, "allowMenuUrlEdit": true}, "height": 960}, {"width": 960, "visibility": "public", "createdAt": 1384520822, "id": "52861c76498e289a1e90e9b0", "source": {"name": "Foursquare for iOS", "url": "https://foursquare.com/download/#/iphone"}, "prefix": "https://igx.4sqi.net/img/general/", "suffix": "/10040_LZ0NU-WCWoDOFqdAvtfayFDnhGcyN-36M8jTb8JV1PM.jpg", "venue": {"contact": {"facebookName": "Wine In Due Time", "phone": "+19149669669", "facebook": "622758351092039", "facebookUsername": "WineInDueTime", "twitter": "wineinduetime", "formattedPhone": "+1 914-966-9669"}, "venuePage": {"id": "81279295"}, "categories": [{"name": "Wine Shop", "shortName": "Wine Shop", "primary": true, "icon": {"prefix": "https://ss3.4sqi.net/img/categories_v2/shops/food_wineshop_", "suffix": ".png"}, "id": "4bf58dd8d48988d119951735", "pluralName": "Wine Shops"}], "beenHere": {"lastCheckinExpiredAt": 0}, "location": {"country": "United States", "formattedAddress": ["1 Pier Pointe St", "Yonkers, NY 10701", "United States"], "cc": "US", "lat": 40.93471719380738, "labeledLatLngs": [{"lng": -73.90261807445619, "lat": 40.93471719380738, "label": "display"}], "postalCode": "10701", "address": "1 Pier Pointe St", "lng": -73.90261807445619, "city": "Yonkers", "state": "NY"}, "like": false, "allowMenuUrlEdit": true, "name": "Wine In Due Time", "url": "http://www.wineinduetime.com", "stats": {"checkinsCount": 16, "tipCount": 0, "usersCount": 13}, "verified": true, "id": "521a888111d244d6aa86a6ee"}, "height": 310}, {"width": 959, "visibility": "public", "createdAt": 1383689611, "id": "52796d8b11d28e9b1a5f70d6", "source": {"name": "Foursquare for iOS", "url": "https://foursquare.com/download/#/iphone"}, "prefix": "https://igx.4sqi.net/img/general/", "suffix": "/10040_VDJ_AunczNAwUS-7nu7XAFCs2yLfJ-z-Ri06lLGWjus.jpg", "venue": {"contact": {"facebookName": "Crossroads Wine and Spirits", "phone": "+12129249463", "facebook": "555909051167663", "facebookUsername": "CrossroadsWineNYC", "twitter": "crwinesnyc", "formattedPhone": "+1 212-924-9463"}, "name": "Crossroads Wine & Spirits", "categories": [{"name": "Liquor Store", "shortName": "Liquor Store", "primary": true, "icon": {"prefix": "https://ss3.4sqi.net/img/categories_v2/shops/food_liquor_", "suffix": ".png"}, "id": "4bf58dd8d48988d186941735", "pluralName": "Liquor Stores"}], "beenHere": {"lastCheckinExpiredAt": 0}, "stats": {"checkinsCount": 190, "tipCount": 3, "usersCount": 129}, "verified": false, "url": "http://crossroadswines.com", "id": "4bf1c8f4324cc9b69a73cc92", "location": {"country": "United States", "state": "NY", "formattedAddress": ["52 W 14th St (6th Ave)", "New York, NY 10011", "United States"], "cc": "US", "lat": 40.73721203663237, "labeledLatLngs": [{"lng": -73.99607913318412, "lat": 40.73721203663237, "label": "display"}], "postalCode": "10011", "address": "52 W 14th St", "lng": -73.99607913318412, "city": "New York", "crossStreet": "6th Ave"}, "like": false, "allowMenuUrlEdit": true}, "height": 717}, {"width": 959, "visibility": "public", "createdAt": 1377627513, "id": "521ced7911d2ff3e15b41134", "source": {"name": "Foursquare for iOS", "url": "https://foursquare.com/download/#/iphone"}, "prefix": "https://igx.4sqi.net/img/general/", "suffix": "/10040_8drMR3y-EfwNK6zf8QUl3eub5wuzkLlHjwyMcbBFnZ8.jpg", "venue": {"contact": {"twitter": "usopen", "facebookName": "US Open Tennis Championships", "facebookUsername": "usopentennis"}, "name": "Arthur Ashe Stadium - USTA Billie Jean King National Tennis Center", "categories": [{"name": "Tennis Stadium", "shortName": "Tennis", "primary": true, "icon": {"prefix": "https://ss3.4sqi.net/img/categories_v2/arts_entertainment/stadium_tennis_", "suffix": ".png"}, "id": "4e39a891bd410d7aed40cbc2", "pluralName": "Tennis Stadiums"}], "beenHere": {"lastCheckinExpiredAt": 0}, "stats": {"checkinsCount": 36099, "tipCount": 104, "usersCount": 20331}, "verified": true, "url": "http://www.usopen.org", "id": "4bbe1ecf9474c9b66a1bd9b6", "location": {"country": "United States", "formattedAddress": ["Flushing Meadows - Corona Park", "Flushing, NY 11368", "United States"], "cc": "US", "lat": 40.749892455368936, "labeledLatLngs": [{"lng": -73.84703725576, "lat": 40.749892455368936, "label": "display"}], "postalCode": "11368", "address": "Flushing Meadows - Corona Park", "lng": -73.84703725576, "city": "Flushing", "state": "NY"}, "like": false, "storeId": ""}, "height": 717}, {"width": 959, "visibility": "public", "createdAt": 1376769571, "id": "520fd62311d2423195da0c79", "source": {"name": "Foursquare for iOS", "url": "https://foursquare.com/download/#/iphone"}, "prefix": "https://igx.4sqi.net/img/general/", "suffix": "/10040_sSKK8wzCvtrRz5FYAXMO--i9uZK51bUqLZBXIkAa1RQ.jpg", "venue": {"contact": {}, "name": "Stuyvesant Cove Park", "categories": [{"name": "Park", "shortName": "Park", "primary": true, "icon": {"prefix": "https://ss3.4sqi.net/img/categories_v2/parks_outdoors/park_", "suffix": ".png"}, "id": "4bf58dd8d48988d163941735", "pluralName": "Parks"}], "beenHere": {"lastCheckinExpiredAt": 0}, "stats": {"checkinsCount": 2912, "tipCount": 14, "usersCount": 1111}, "verified": false, "id": "4a7b69a3f964a520edea1fe3", "location": {"country": "United States", "state": "NY", "formattedAddress": ["20th St and FDR (at E 20th St)", "New York, NY 10009", "United States"], "cc": "US", "lat": 40.73251294059505, "labeledLatLngs": [{"lng": -73.97387623786926, "lat": 40.73251294059505, "label": "display"}], "postalCode": "10009", "address": "20th St and FDR", "lng": -73.97387623786926, "city": "New York", "crossStreet": "at E 20th St"}, "like": false}, "height": 717}, {"width": 717, "visibility": "public", "createdAt": 1372540477, "id": "51cf4e3d498e59e8196bf316", "source": {"name": "Foursquare for iOS", "url": "https://foursquare.com/download/#/iphone"}, "prefix": "https://igx.4sqi.net/img/general/", "suffix": "/10040_Kx7JtkiZOaeOhYwRz-7VW6nHiienpMC1IKz-IJ6xMlU.jpg", "venue": {"contact": {}, "name": "Holgate Beach LBI", "categories": [{"name": "Beach", "shortName": "Beach", "primary": true, "icon": {"prefix": "https://ss3.4sqi.net/img/categories_v2/parks_outdoors/beach_", "suffix": ".png"}, "id": "4bf58dd8d48988d1e2941735", "pluralName": "Beaches"}], "beenHere": {"lastCheckinExpiredAt": 0}, "stats": {"checkinsCount": 1358, "tipCount": 9, "usersCount": 384}, "verified": false, "id": "4c9e33ed542b224bdb9ef19f", "location": {"country": "United States", "formattedAddress": ["2 inlet", "Beach Haven, NJ", "United States"], "cc": "US", "lat": 39.53781048006621, "labeledLatLngs": [{"lng": -74.2585362748215, "lat": 39.53781048006621, "label": "display"}], "address": "2 inlet", "lng": -74.2585362748215, "city": "Beach Haven", "state": "NJ"}, "like": false}, "height": 959}, {"width": 960, "visibility": "public", "createdAt": 1356645963, "id": "50dcc64be4b0992edad620b2", "source": {"name": "Foursquare for iOS", "url": "https://foursquare.com/download/#/iphone"}, "prefix": "https://igx.4sqi.net/img/general/", "suffix": "/10040_PgrizolMbjgdmtHnyrwYdcW9lXQn841R7A07Q6_8UYk.jpg", "venue": {"contact": {"phone": "+15045939090", "formattedPhone": "+1 504-593-9090"}, "name": "Photo Works New Orleans", "categories": [{"name": "Art Gallery", "shortName": "Art Gallery", "primary": true, "icon": {"prefix": "https://ss3.4sqi.net/img/categories_v2/arts_entertainment/artgallery_", "suffix": ".png"}, "id": "4bf58dd8d48988d1e2931735", "pluralName": "Art Galleries"}], "beenHere": {"lastCheckinExpiredAt": 0}, "stats": {"checkinsCount": 56, "tipCount": 1, "usersCount": 56}, "verified": false, "id": "4dfe5c53483b4f9e78482073", "location": {"country": "United States", "state": "LA", "formattedAddress": ["521 Saint Ann St (On Jackson Square)", "New Orleans, LA 70116", "United States"], "cc": "US", "lat": 29.957786044843395, "labeledLatLngs": [{"lng": -90.06262258757751, "lat": 29.957786044843395, "label": "display"}], "postalCode": "70116", "address": "521 Saint Ann St", "lng": -90.06262258757751, "city": "New Orleans", "crossStreet": "On Jackson Square"}, "like": false, "allowMenuUrlEdit": true}, "height": 642}, {"width": 537, "visibility": "public", "createdAt": 1354216353, "id": "50b7b3a1e4b0bf1905d2df13", "source": {"name": "Foursquare for iOS", "url": "https://foursquare.com/download/#/iphone"}, "prefix": "https://igx.4sqi.net/img/general/", "suffix": "/10040_ng6pphl3uXGizQXGmgNovK3kA9LKWZYYH7S5VIOTwtA.jpg", "venue": {"contact": {}, "venuePage": {"id": "42530195"}, "categories": [{"name": "Gift Shop", "shortName": "Gift Shop", "primary": true, "icon": {"prefix": "https://ss3.4sqi.net/img/categories_v2/shops/giftshop_", "suffix": ".png"}, "id": "4bf58dd8d48988d128951735", "pluralName": "Gift Shops"}], "closed": true, "beenHere": {"lastCheckinExpiredAt": 0}, "location": {"country": "United States", "state": "NY", "formattedAddress": ["131 Greene St (Houston/Prince)", "New York, NY 10012", "United States"], "cc": "US", "lat": 40.725775453687476, "postalCode": "10012", "address": "131 Greene St", "lng": -73.99893127313712, "city": "New York", "crossStreet": "Houston/Prince"}, "like": false, "allowMenuUrlEdit": true, "name": "Etsy Holiday Shop", "stats": {"checkinsCount": 1016, "tipCount": 9, "usersCount": 909}, "verified": true, "id": "50b10a73e4b0a2172e0209a6"}, "height": 720}, {"width": 720, "visibility": "public", "createdAt": 1350784913, "id": "50835791e4b0fedebe4eb7a6", "source": {"name": "Foursquare for iOS", "url": "https://foursquare.com/download/#/iphone"}, "prefix": "https://igx.4sqi.net/img/general/", "suffix": "/10040_YfWnx59NTVjw5beuT6rNMUqr1CdomwW0hXv_vXWlNoY.jpg", "venue": {"contact": {"twitter": "opry", "phone": "+16158716779", "formattedPhone": "+1 615-871-6779"}, "venuePage": {"id": "43623751"}, "categories": [{"name": "Concert Hall", "shortName": "Concert Hall", "primary": true, "icon": {"prefix": "https://ss3.4sqi.net/img/categories_v2/arts_entertainment/musicvenue_", "suffix": ".png"}, "id": "5032792091d4c4b30a586d5c", "pluralName": "Concert Halls"}], "beenHere": {"lastCheckinExpiredAt": 0}, "location": {"country": "United States", "state": "TN", "formattedAddress": ["2804 Opryland Dr (at Briley Pkwy)", "Nashville, TN 37214", "United States"], "cc": "US", "lat": 36.206604463628416, "postalCode": "37214", "address": "2804 Opryland Dr", "lng": -86.69283389729274, "city": "Nashville", "crossStreet": "at Briley Pkwy"}, "like": false, "allowMenuUrlEdit": true, "name": "Grand Ole Opry House", "url": "http://www.opry.com", "stats": {"checkinsCount": 21653, "tipCount": 93, "usersCount": 16748}, "verified": true, "id": "4b058673f964a520f16222e3", "storeId": ""}, "height": 537}, {"width": 720, "visibility": "public", "createdAt": 1338595273, "id": "4fc957c9e4b0f70aa715310b", "source": {"name": "Foursquare for iOS", "url": "https://foursquare.com/download/#/iphone"}, "prefix": "https://igx.4sqi.net/img/general/", "suffix": "/Ebs9PjAeLuaYpoV187HYyF9beVFwBUrgsvowIrWcHVM.jpg", "venue": {"contact": {"facebookName": "New York Mets", "phone": "+17184581841", "facebook": "94421890077", "facebookUsername": "Mets", "twitter": "mlb", "formattedPhone": "+1 718-458-1841"}, "name": "Citi Field", "categories": [{"name": "Baseball Stadium", "shortName": "Baseball", "primary": true, "icon": {"prefix": "https://ss3.4sqi.net/img/categories_v2/arts_entertainment/stadium_baseball_", "suffix": ".png"}, "id": "4bf58dd8d48988d18c941735", "pluralName": "Baseball Stadiums"}], "beenHere": {"lastCheckinExpiredAt": 0}, "stats": {"checkinsCount": 200909, "tipCount": 624, "usersCount": 76511}, "verified": true, "url": "http://mets.com", "id": "49d60947f964a520a85c1fe3", "location": {"country": "United States", "state": "NY", "formattedAddress": ["12301 Roosevelt Ave (at 126th St)", "Flushing, NY 11368", "United States"], "cc": "US", "lat": 40.75677200649124, "postalCode": "11368", "address": "12301 Roosevelt Ave", "lng": -73.84608455221226, "city": "Flushing", "crossStreet": "at 126th St"}, "like": false}, "height": 537}, {"width": 537, "visibility": "public", "createdAt": 1334689653, "id": "4f8dbf75e4b07efba1cb9040", "source": {"name": "Foursquare for iOS", "url": "https://foursquare.com/download/#/iphone"}, "prefix": "https://igx.4sqi.net/img/general/", "suffix": "/iQHDLSp7j_uwoeUG_DnjYv7tC4biPQB86SHBZouCf3I.jpg", "venue": {"contact": {"facebookName": "Tompkins Square Bagels", "phone": "+16463516520", "facebook": "122153347879182", "facebookUsername": "TSBagels", "twitter": "tsbagels", "formattedPhone": "+1 646-351-6520"}, "venuePage": {"id": "65269089"}, "categories": [{"name": "Bagel Shop", "shortName": "Bagels", "primary": true, "icon": {"prefix": "https://ss3.4sqi.net/img/categories_v2/food/bagels_", "suffix": ".png"}, "id": "4bf58dd8d48988d179941735", "pluralName": "Bagel Shops"}], "menu": {"type": "Menu", "url": "https://foursquare.com/v/tompkins-square-bagels/4d38f531a558a1cde4c1cd43/menu", "anchor": "View Menu", "mobileUrl": "https://foursquare.com/v/4d38f531a558a1cde4c1cd43/device_menu", "label": "Menu"}, "beenHere": {"lastCheckinExpiredAt": 0}, "location": {"country": "United States", "state": "NY", "formattedAddress": ["165 Avenue A (btwn E 10th St & E 11th St)", "New York, NY 10009", "United States"], "cc": "US", "lat": 40.72824255908608, "labeledLatLngs": [{"lng": -73.98212671279907, "lat": 40.72824255908608, "label": "display"}], "postalCode": "10009", "address": "165 Avenue A", "lng": -73.98212671279907, "city": "New York", "crossStreet": "btwn E 10th St & E 11th St"}, "like": false, "hasMenu": true, "name": "Tompkins Square Bagels", "url": "http://tompkinssquarebagels.com", "allowMenuUrlEdit": true, "stats": {"checkinsCount": 19405, "tipCount": 311, "usersCount": 6642}, "verified": true, "id": "4d38f531a558a1cde4c1cd43", "delivery": {"id": "45468", "url": "http://www.seamless.com/food-delivery/restaurant.45468.r?a=1026&utm_source=Foursquare&utm_medium=affiliate&utm_campaign=SeamlessOrderDeliveryLink", "provider": {"name": "seamless"}}}, "height": 720}, {"width": 537, "visibility": "public", "createdAt": 1331857638, "id": "4f6288e6e4b086a3356c9585", "source": {"name": "Foursquare for iOS", "url": "https://foursquare.com/download/#/iphone"}, "prefix": "https://igx.4sqi.net/img/general/", "suffix": "/kWZsyD2PjBu7kKRTvRY2FOPhFVgqndsaN9fZ5ZmfqW8.jpg", "venue": {"contact": {"twitter": "lunasapub", "phone": "+12122288580", "formattedPhone": "+1 212-228-8580"}, "venuePage": {"id": "36580349"}, "categories": [{"name": "Bar", "shortName": "Bar", "primary": true, "icon": {"prefix": "https://ss3.4sqi.net/img/categories_v2/nightlife/pub_", "suffix": ".png"}, "id": "4bf58dd8d48988d116941735", "pluralName": "Bars"}], "closed": true, "beenHere": {"lastCheckinExpiredAt": 0}, "location": {"country": "United States", "state": "NY", "formattedAddress": ["126 1st Ave (btwn E 7th St & St. Marks Pl)", "New York, NY 10009", "United States"], "cc": "US", "lat": 40.72729914025132, "postalCode": "10009", "address": "126 1st Ave", "lng": -73.98542770834685, "city": "New York", "crossStreet": "btwn E 7th St & St. Marks Pl"}, "like": false, "allowMenuUrlEdit": true, "name": "Lunasa", "url": "http://www.lunasabar.com", "stats": {"checkinsCount": 10565, "tipCount": 32, "usersCount": 4830}, "verified": true, "id": "3fd66200f964a52044e51ee3"}, "height": 720}, {"width": 720, "visibility": "public", "createdAt": 1330459752, "id": "4f4d3468e4b0774b561fe170", "source": {"name": "Foursquare for iOS", "url": "https://foursquare.com/download/#/iphone"}, "prefix": "https://igx.4sqi.net/img/general/", "suffix": "/WwbDboX6XFQPZ5Sx2X7zDLFzFBBf9W35vflUH2c0k7E.jpg", "venue": {"contact": {"phone": "+17328420215", "formattedPhone": "+1 732-842-0215"}, "name": "Sea Bright Beach", "categories": [{"name": "Beach", "shortName": "Beach", "primary": true, "icon": {"prefix": "https://ss3.4sqi.net/img/categories_v2/parks_outdoors/beach_", "suffix": ".png"}, "id": "4bf58dd8d48988d1e2941735", "pluralName": "Beaches"}], "beenHere": {"lastCheckinExpiredAt": 0}, "stats": {"checkinsCount": 3756, "tipCount": 17, "usersCount": 2101}, "verified": false, "id": "4a85b823f964a5200bff1fe3", "location": {"country": "United States", "formattedAddress": ["999 Ocean Ave", "Sea Bright, NJ 07760", "United States"], "cc": "US", "lat": 40.36283012095233, "labeledLatLngs": [{"lng": -73.97337527608217, "lat": 40.36283012095233, "label": "display"}], "postalCode": "07760", "address": "999 Ocean Ave", "lng": -73.97337527608217, "city": "Sea Bright", "state": "NJ"}, "like": false, "storeId": ""}, "height": 537}, {"width": 720, "visibility": "public", "createdAt": 1330232015, "id": "4f49bacfe4b0156c3016f457", "source": {"name": "Foursquare for iOS", "url": "https://foursquare.com/download/#/iphone"}, "prefix": "https://igx.4sqi.net/img/general/", "suffix": "/SA_xz55p20BiktcOt61N2IZZrifnQsQNbVLdCOPRuXo.jpg", "venue": {"contact": {"twitter": "rayscandystore", "facebookName": "Ray's Candy Store", "facebook": "179970415412969", "facebookUsername": "RaysCandyStoreNYC"}, "venuePage": {"id": "38468337"}, "categories": [{"name": "Ice Cream Shop", "shortName": "Ice Cream", "primary": true, "icon": {"prefix": "https://ss3.4sqi.net/img/categories_v2/food/icecream_", "suffix": ".png"}, "id": "4bf58dd8d48988d1c9941735", "pluralName": "Ice Cream Shops"}], "beenHere": {"lastCheckinExpiredAt": 0}, "location": {"country": "United States", "state": "NY", "formattedAddress": ["113 Avenue A (btwn E 7th St. & St. Mark's Pl.)", "New York, NY 10009", "United States"], "cc": "US", "lat": 40.72617225, "labeledLatLngs": [{"lng": -73.983359, "lat": 40.72617225, "label": "display"}], "postalCode": "10009", "address": "113 Avenue A", "lng": -73.983359, "city": "New York", "crossStreet": "btwn E 7th St. & St. Mark's Pl."}, "like": false, "allowMenuUrlEdit": true, "name": "Ray's Candy Store", "url": "http://rayscandystore.com", "stats": {"checkinsCount": 3677, "tipCount": 68, "usersCount": 1871}, "verified": true, "id": "4b30200ef964a5207ff624e3", "storeId": ""}, "height": 540}, {"width": 540, "visibility": "public", "createdAt": 1315359273, "id": "4e66ca298877dfcf2fe8b39b", "source": {"name": "Foursquare for iOS", "url": "https://foursquare.com/download/#/iphone"}, "prefix": "https://igx.4sqi.net/img/general/", "suffix": "/YYRDOOBR32NZAFNXWEJZEE5GCI5VLSWQWNJO5DY3X1TDX0DM.jpg", "venue": {"contact": {"twitter": "rayscandystore", "facebookName": "Ray's Candy Store", "facebook": "179970415412969", "facebookUsername": "RaysCandyStoreNYC"}, "venuePage": {"id": "38468337"}, "categories": [{"name": "Ice Cream Shop", "shortName": "Ice Cream", "primary": true, "icon": {"prefix": "https://ss3.4sqi.net/img/categories_v2/food/icecream_", "suffix": ".png"}, "id": "4bf58dd8d48988d1c9941735", "pluralName": "Ice Cream Shops"}], "beenHere": {"lastCheckinExpiredAt": 0}, "location": {"country": "United States", "state": "NY", "formattedAddress": ["113 Avenue A (btwn E 7th St. & St. Mark's Pl.)", "New York, NY 10009", "United States"], "cc": "US", "lat": 40.72617225, "labeledLatLngs": [{"lng": -73.983359, "lat": 40.72617225, "label": "display"}], "postalCode": "10009", "address": "113 Avenue A", "lng": -73.983359, "city": "New York", "crossStreet": "btwn E 7th St. & St. Mark's Pl."}, "like": false, "allowMenuUrlEdit": true, "name": "Ray's Candy Store", "url": "http://rayscandystore.com", "stats": {"checkinsCount": 3677, "tipCount": 68, "usersCount": 1871}, "verified": true, "id": "4b30200ef964a5207ff624e3", "storeId": ""}, "height": 540}, {"width": 537, "visibility": "public", "createdAt": 1311896503, "id": "4e31f3b752b131dcebb35664", "source": {"name": "Foursquare for iOS", "url": "https://foursquare.com/download/#/iphone"}, "prefix": "https://igx.4sqi.net/img/general/", "suffix": "/MIS5ZR45ZYCHHQMTP1L0W5ZMK42EI5LVHSRM1WRDBE0XY0W5.jpg", "venue": {"contact": {"twitter": "rayscandystore", "facebookName": "Ray's Candy Store", "facebook": "179970415412969", "facebookUsername": "RaysCandyStoreNYC"}, "venuePage": {"id": "38468337"}, "categories": [{"name": "Ice Cream Shop", "shortName": "Ice Cream", "primary": true, "icon": {"prefix": "https://ss3.4sqi.net/img/categories_v2/food/icecream_", "suffix": ".png"}, "id": "4bf58dd8d48988d1c9941735", "pluralName": "Ice Cream Shops"}], "beenHere": {"lastCheckinExpiredAt": 0}, "location": {"country": "United States", "state": "NY", "formattedAddress": ["113 Avenue A (btwn E 7th St. & St. Mark's Pl.)", "New York, NY 10009", "United States"], "cc": "US", "lat": 40.72617225, "labeledLatLngs": [{"lng": -73.983359, "lat": 40.72617225, "label": "display"}], "postalCode": "10009", "address": "113 Avenue A", "lng": -73.983359, "city": "New York", "crossStreet": "btwn E 7th St. & St. Mark's Pl."}, "like": false, "allowMenuUrlEdit": true, "name": "Ray's Candy Store", "url": "http://rayscandystore.com", "stats": {"checkinsCount": 3677, "tipCount": 68, "usersCount": 1871}, "verified": true, "id": "4b30200ef964a5207ff624e3", "storeId": ""}, "height": 720}, {"width": 720, "visibility": "public", "createdAt": 1308696158, "id": "4e011e5e40a372c33b355940", "source": {"name": "Foursquare for iOS", "url": "https://foursquare.com/download/#/iphone"}, "prefix": "https://igx.4sqi.net/img/general/", "suffix": "/TL1CJFAIBGEVP4VMFTOQ44V2XYETKECPOT2HNUDVKBNOYQAJ.jpg", "venue": {"contact": {"twitter": "rayscandystore", "facebookName": "Ray's Candy Store", "facebook": "179970415412969", "facebookUsername": "RaysCandyStoreNYC"}, "venuePage": {"id": "38468337"}, "categories": [{"name": "Ice Cream Shop", "shortName": "Ice Cream", "primary": true, "icon": {"prefix": "https://ss3.4sqi.net/img/categories_v2/food/icecream_", "suffix": ".png"}, "id": "4bf58dd8d48988d1c9941735", "pluralName": "Ice Cream Shops"}], "beenHere": {"lastCheckinExpiredAt": 0}, "location": {"country": "United States", "state": "NY", "formattedAddress": ["113 Avenue A (btwn E 7th St. & St. Mark's Pl.)", "New York, NY 10009", "United States"], "cc": "US", "lat": 40.72617225, "labeledLatLngs": [{"lng": -73.983359, "lat": 40.72617225, "label": "display"}], "postalCode": "10009", "address": "113 Avenue A", "lng": -73.983359, "city": "New York", "crossStreet": "btwn E 7th St. & St. Mark's Pl."}, "like": false, "allowMenuUrlEdit": true, "name": "Ray's Candy Store", "url": "http://rayscandystore.com", "stats": {"checkinsCount": 3677, "tipCount": 68, "usersCount": 1871}, "verified": true, "id": "4b30200ef964a5207ff624e3", "storeId": ""}, "height": 537}, {"width": 720, "visibility": "public", "createdAt": 1308696094, "id": "4e011e1ea12db1129557f72d", "source": {"name": "Foursquare for iOS", "url": "https://foursquare.com/download/#/iphone"}, "prefix": "https://igx.4sqi.net/img/general/", "suffix": "/ITG4L0RUH11AHS5NJVDY55MSEQVNOREQ1YSEH1TKZGCC2TVX.jpg", "venue": {"contact": {"twitter": "rayscandystore", "facebookName": "Ray's Candy Store", "facebook": "179970415412969", "facebookUsername": "RaysCandyStoreNYC"}, "venuePage": {"id": "38468337"}, "categories": [{"name": "Ice Cream Shop", "shortName": "Ice Cream", "primary": true, "icon": {"prefix": "https://ss3.4sqi.net/img/categories_v2/food/icecream_", "suffix": ".png"}, "id": "4bf58dd8d48988d1c9941735", "pluralName": "Ice Cream Shops"}], "beenHere": {"lastCheckinExpiredAt": 0}, "location": {"country": "United States", "state": "NY", "formattedAddress": ["113 Avenue A (btwn E 7th St. & St. Mark's Pl.)", "New York, NY 10009", "United States"], "cc": "US", "lat": 40.72617225, "labeledLatLngs": [{"lng": -73.983359, "lat": 40.72617225, "label": "display"}], "postalCode": "10009", "address": "113 Avenue A", "lng": -73.983359, "city": "New York", "crossStreet": "btwn E 7th St. & St. Mark's Pl."}, "like": false, "allowMenuUrlEdit": true, "name": "Ray's Candy Store", "url": "http://rayscandystore.com", "stats": {"checkinsCount": 3677, "tipCount": 68, "usersCount": 1871}, "verified": true, "id": "4b30200ef964a5207ff624e3", "storeId": ""}, "height": 478}, {"width": 537, "visibility": "public", "createdAt": 1307673978, "id": "4df1857aa12def8f60992adb", "source": {"name": "Foursquare for iOS", "url": "https://foursquare.com/download/#/iphone"}, "prefix": "https://igx.4sqi.net/img/general/", "suffix": "/2OTZLRA5O3EBQLXRSL5LVV3JE0SP1SUMJDSBYAOGWVISEZXQ.jpg", "venue": {"contact": {"twitter": "rayscandystore", "facebookName": "Ray's Candy Store", "facebook": "179970415412969", "facebookUsername": "RaysCandyStoreNYC"}, "venuePage": {"id": "38468337"}, "categories": [{"name": "Ice Cream Shop", "shortName": "Ice Cream", "primary": true, "icon": {"prefix": "https://ss3.4sqi.net/img/categories_v2/food/icecream_", "suffix": ".png"}, "id": "4bf58dd8d48988d1c9941735", "pluralName": "Ice Cream Shops"}], "beenHere": {"lastCheckinExpiredAt": 0}, "location": {"country": "United States", "state": "NY", "formattedAddress": ["113 Avenue A (btwn E 7th St. & St. Mark's Pl.)", "New York, NY 10009", "United States"], "cc": "US", "lat": 40.72617225, "labeledLatLngs": [{"lng": -73.983359, "lat": 40.72617225, "label": "display"}], "postalCode": "10009", "address": "113 Avenue A", "lng": -73.983359, "city": "New York", "crossStreet": "btwn E 7th St. & St. Mark's Pl."}, "like": false, "allowMenuUrlEdit": true, "name": "Ray's Candy Store", "url": "http://rayscandystore.com", "stats": {"checkinsCount": 3677, "tipCount": 68, "usersCount": 1871}, "verified": true, "id": "4b30200ef964a5207ff624e3", "storeId": ""}, "height": 720}, {"width": 612, "visibility": "public", "createdAt": 1306033075, "id": "4dd87bb3a12d431f8bab80c2", "source": {"name": "Foursquare for iOS", "url": "https://foursquare.com/download/#/iphone"}, "prefix": "https://igx.4sqi.net/img/general/", "suffix": "/PPCPRH3IX1WWC1ZHLCFFPMPUF20IM5NCAZMMU4MZY5RLR2SD.jpg", "venue": {"contact": {"twitter": "rayscandystore", "facebookName": "Ray's Candy Store", "facebook": "179970415412969", "facebookUsername": "RaysCandyStoreNYC"}, "venuePage": {"id": "38468337"}, "categories": [{"name": "Ice Cream Shop", "shortName": "Ice Cream", "primary": true, "icon": {"prefix": "https://ss3.4sqi.net/img/categories_v2/food/icecream_", "suffix": ".png"}, "id": "4bf58dd8d48988d1c9941735", "pluralName": "Ice Cream Shops"}], "beenHere": {"lastCheckinExpiredAt": 0}, "location": {"country": "United States", "state": "NY", "formattedAddress": ["113 Avenue A (btwn E 7th St. & St. Mark's Pl.)", "New York, NY 10009", "United States"], "cc": "US", "lat": 40.72617225, "labeledLatLngs": [{"lng": -73.983359, "lat": 40.72617225, "label": "display"}], "postalCode": "10009", "address": "113 Avenue A", "lng": -73.983359, "city": "New York", "crossStreet": "btwn E 7th St. & St. Mark's Pl."}, "like": false, "allowMenuUrlEdit": true, "name": "Ray's Candy Store", "url": "http://rayscandystore.com", "stats": {"checkinsCount": 3677, "tipCount": 68, "usersCount": 1871}, "verified": true, "id": "4b30200ef964a5207ff624e3", "storeId": ""}, "height": 540}, {"width": 720, "visibility": "public", "createdAt": 1300564138, "id": "4d8508aac937a3404fe696f2", "source": {"name": "Foursquare for iOS", "url": "https://foursquare.com/download/#/iphone"}, "prefix": "https://igx.4sqi.net/img/general/", "suffix": "/ONE1ONUS52LJD0ZCXUGJ1ZNNOGQOBZU4B3QKQEBY033A3VWV.jpg", "venue": {"contact": {"facebookName": "Bartow-Pell Mansion Museum", "phone": "+12123877685", "facebook": "104475634308", "facebookUsername": "BartowPell", "twitter": "nycparks", "formattedPhone": "+1 212-387-7685"}, "name": "Tompkins Square Park", "categories": [{"name": "Park", "shortName": "Park", "primary": true, "icon": {"prefix": "https://ss3.4sqi.net/img/categories_v2/parks_outdoors/park_", "suffix": ".png"}, "id": "4bf58dd8d48988d163941735", "pluralName": "Parks"}], "beenHere": {"lastCheckinExpiredAt": 0}, "stats": {"checkinsCount": 48677, "tipCount": 152, "usersCount": 17397}, "verified": true, "url": "http://www.nycgovparks.org/parks/tompkinssquarepark", "id": "408c5100f964a520c6f21ee3", "location": {"country": "United States", "state": "NY", "formattedAddress": ["E 7th St to E 10th St (btwn Ave A & B)", "New York, NY 10009", "United States"], "cc": "US", "lat": 40.72645429554324, "postalCode": "10009", "address": "E 7th St to E 10th St", "lng": -73.98220232195828, "city": "New York", "crossStreet": "btwn Ave A & B"}, "like": false, "allowMenuUrlEdit": true}, "height": 537}, {"width": 720, "visibility": "public", "createdAt": 1298845789, "id": "4d6ad05dc53b2da1d7f78867", "source": {"name": "Foursquare for iOS", "url": "https://foursquare.com/download/#/iphone"}, "prefix": "https://igx.4sqi.net/img/general/", "suffix": "/N04A1RRMMCTJA3CJ2UP0HPPMUZ55ZXTDAG5B5IXT5EMEGJ5V.jpg", "venue": {"contact": {}, "beenHere": {"lastCheckinExpiredAt": 0}, "name": "Lake Wallenpaupack", "categories": [{"name": "Lake", "shortName": "Lake", "primary": true, "icon": {"prefix": "https://ss3.4sqi.net/img/categories_v2/parks_outdoors/lake_", "suffix": ".png"}, "id": "4bf58dd8d48988d161941735", "pluralName": "Lakes"}], "venueRatingBlacklisted": true, "stats": {"checkinsCount": 3651, "tipCount": 17, "usersCount": 1329}, "verified": false, "id": "4c31317a66e40f47e5b4c48b", "location": {"country": "United States", "formattedAddress": ["Hawley, PA 18428", "United States"], "cc": "US", "lat": 41.44227, "labeledLatLngs": [{"lng": -75.178866, "lat": 41.44227, "label": "display"}], "postalCode": "18428", "state": "PA", "lng": -75.178866, "city": "Hawley"}, "like": false}, "height": 537}, {"width": 720, "visibility": "public", "createdAt": 1298099276, "id": "4d5f6c4c7b72a3401a2d5eda", "source": {"name": "Foursquare for iOS", "url": "https://foursquare.com/download/#/iphone"}, "prefix": "https://igx.4sqi.net/img/general/", "suffix": "/FF3Y2XEMZH3ZZSQY5RQ2Y4YC4UUEYAZGWMQEQ1O4EXZ31UPQ.jpg", "venue": {"contact": {"twitter": "lunasapub", "phone": "+12122288580", "formattedPhone": "+1 212-228-8580"}, "venuePage": {"id": "36580349"}, "categories": [{"name": "Bar", "shortName": "Bar", "primary": true, "icon": {"prefix": "https://ss3.4sqi.net/img/categories_v2/nightlife/pub_", "suffix": ".png"}, "id": "4bf58dd8d48988d116941735", "pluralName": "Bars"}], "closed": true, "beenHere": {"lastCheckinExpiredAt": 0}, "location": {"country": "United States", "state": "NY", "formattedAddress": ["126 1st Ave (btwn E 7th St & St. Marks Pl)", "New York, NY 10009", "United States"], "cc": "US", "lat": 40.72729914025132, "postalCode": "10009", "address": "126 1st Ave", "lng": -73.98542770834685, "city": "New York", "crossStreet": "btwn E 7th St & St. Marks Pl"}, "like": false, "allowMenuUrlEdit": true, "name": "Lunasa", "url": "http://www.lunasabar.com", "stats": {"checkinsCount": 10565, "tipCount": 32, "usersCount": 4830}, "verified": true, "id": "3fd66200f964a52044e51ee3"}, "height": 537}, {"width": 537, "visibility": "public", "createdAt": 1298064191, "id": "4d5ee33f7b72a340f1015eda", "source": {"name": "Foursquare for iOS", "url": "https://foursquare.com/download/#/iphone"}, "prefix": "https://igx.4sqi.net/img/general/", "suffix": "/IAR5YSZXGH3LUGGIOBT3RSOHATRCYCBFFOQJ3AJUAZAYADHW.jpg", "venue": {"contact": {"phone": "+12127770798", "formattedPhone": "+1 212-777-0798"}, "venuePage": {"id": "53433311"}, "categories": [{"name": "Salon / Barbershop", "shortName": "Salon / Barbershop", "primary": true, "icon": {"prefix": "https://ss3.4sqi.net/img/categories_v2/shops/salon_barber_", "suffix": ".png"}, "id": "4bf58dd8d48988d110951735", "pluralName": "Salons / Barbershops"}], "stats": {"checkinsCount": 2874, "tipCount": 32, "usersCount": 782}, "beenHere": {"lastCheckinExpiredAt": 0}, "location": {"country": "United States", "state": "NY", "formattedAddress": ["439 E 9th St (btw 1st & A)", "New York, NY 10009", "United States"], "cc": "US", "lat": 40.72749172201348, "labeledLatLngs": [{"lng": -73.98313206522678, "lat": 40.72749172201348, "label": "display"}], "postalCode": "10009", "address": "439 E 9th St", "lng": -73.98313206522678, "city": "New York", "crossStreet": "btw 1st & A"}, "like": false, "hasMenu": true, "name": "Neighborhood Barbers", "url": "http://www.neighborhoodbarbers.com", "allowMenuUrlEdit": true, "menu": {"type": "Products", "url": "http://www.neighborhoodbarbers.com", "anchor": "View Products", "mobileUrl": "http://www.neighborhoodbarbers.com", "externalUrl": "http://www.neighborhoodbarbers.com", "label": "Products"}, "verified": true, "id": "4a663c57f964a52042c81fe3", "storeId": ""}, "height": 720}]}}, "notifications": [{"type": "notificationTray", "item": {"unreadCount": 0}}], "meta": {"requestId": "595b78ccdb04f562ee57db9a", "code": 200}}