{"response": {"photos": {"items": [{"id": "51011d1ae4b0c4c5214dae6e", "createdAt": 1359027482, "height": 960, "visibility": "public", "source": {"url": "https://foursquare.com/download/#/iphone", "name": "Foursquare for iOS"}, "prefix": "https://igx.4sqi.net/img/general/", "venue": {"id": "4c90bbdbae45224b617ee197", "like": false, "stats": {"checkinsCount": 1049, "tipCount": 20, "usersCount": 655}, "beenHere": {"lastCheckinExpiredAt": 0}, "categories": [{"id": "4bf58dd8d48988d149941735", "primary": true, "icon": {"prefix": "https://ss3.4sqi.net/img/categories_v2/food/thai_", "suffix": ".png"}, "pluralName": "Thai Restaurants", "shortName": "Thai", "name": "Thai Restaurant"}], "verified": false, "allowMenuUrlEdit": true, "location": {"crossStreet": "North Bridge Road", "labeledLatLngs": [{"lng": 103.85903287664408, "label": "display", "lat": 1.3034961457839405}], "lat": 1.3034961457839405, "postalCode": "198711", "city": "Singapore", "formattedAddress": ["743 North Bridge Rd. (North Bridge Road)", "198711", "Singapore"], "lng": 103.85903287664408, "address": "743 North Bridge Rd.", "country": "Singapore", "cc": "SG"}, "contact": {"formattedPhone": "+65 6392 2172", "phone": "+6563922172"}, "name": "Koh Nangkam Southern Thai Restaurant"}, "width": 720, "suffix": "/1006389_E5tpDJoHBVTAK_vidsDNX7PEfrBDrbXy75EpwGQxGpo.jpg"}, {"id": "50ec11c8e4b0beb12d79ca82", "createdAt": 1357648328, "height": 960, "visibility": "public", "source": {"url": "https://foursquare.com/download/#/iphone", "name": "Foursquare for iOS"}, "prefix": "https://igx.4sqi.net/img/general/", "venue": {"id": "4ca82f4444a8224b246e1540", "like": false, "stats": {"checkinsCount": 30900, "tipCount": 67, "usersCount": 11007}, "url": "http://www.cathaycineplexes.com.sg", "beenHere": {"lastCheckinExpiredAt": 0}, "categories": [{"id": "4bf58dd8d48988d180941735", "primary": true, "icon": {"prefix": "https://ss3.4sqi.net/img/categories_v2/arts_entertainment/movietheater_", "suffix": ".png"}, "pluralName": "Multiplexes", "shortName": "Cineplex", "name": "Multiplex"}], "verified": false, "allowMenuUrlEdit": true, "location": {"crossStreet": "1 Pasir Ris Cl", "lat": 1.3758669372013559, "postalCode": "519599", "city": "Singapore", "formattedAddress": ["Level 4, E!hub Downtown East (1 Pasir Ris Cl)", "519599", "Singapore"], "lng": 103.95563309768052, "address": "Level 4, E!hub Downtown East", "country": "Singapore", "cc": "SG"}, "contact": {"twitter": "cathaycineplex"}, "name": "Cathay Cineplex"}, "width": 720, "suffix": "/1006389_lZxsudP_Qjs2hX3dN7DlmcddXvEh_7ztzv0RsMAIwZg.jpg"}, {"id": "50151547e4b0adaeb15b4fb7", "createdAt": 1343558983, "height": 540, "visibility": "public", "source": {"url": "https://foursquare.com/download/#/iphone", "name": "Foursquare for iOS"}, "prefix": "https://igx.4sqi.net/img/general/", "venue": {"id": "4b0d4e8df964a520004623e3", "like": false, "stats": {"checkinsCount": 1167, "tipCount": 18, "usersCount": 1030}, "beenHere": {"lastCheckinExpiredAt": 0}, "categories": [{"id": "4bf58dd8d48988d115941735", "primary": true, "icon": {"prefix": "https://ss3.4sqi.net/img/categories_v2/food/middleeastern_", "suffix": ".png"}, "pluralName": "Middle Eastern Restaurants", "shortName": "Middle Eastern", "name": "Middle Eastern Restaurant"}], "verified": false, "allowMenuUrlEdit": true, "location": {"address": "14 Bussorah Street", "lat": 1.3010958393306868, "postalCode": "199435", "city": "Singapore", "formattedAddress": ["14 Bussorah Street", "199435", "Singapore"], "lng": 103.8599104957073, "labeledLatLngs": [{"lng": 103.8599104957073, "label": "display", "lat": 1.3010958393306868}], "country": "Singapore", "cc": "SG"}, "contact": {}, "name": "Amirah's Grill Restaurant & Caf\u00e9"}, "width": 405, "suffix": "/4pUqvHElte6UAKD2thrsaddHJKadq0_QHfsVc5wcyIc.jpg"}, {"id": "4fa0bf1ae4b03a10303e38d0", "createdAt": 1335934746, "height": 720, "visibility": "public", "source": {"url": "https://foursquare.com/download/#/iphone", "name": "Foursquare for iOS"}, "prefix": "https://igx.4sqi.net/img/general/", "venue": {"id": "4baeee54f964a52084e23be3", "like": false, "stats": {"checkinsCount": 2021, "tipCount": 35, "usersCount": 1689}, "beenHere": {"lastCheckinExpiredAt": 0}, "categories": [{"id": "4bf58dd8d48988d149941735", "primary": true, "icon": {"prefix": "https://ss3.4sqi.net/img/categories_v2/food/thai_", "suffix": ".png"}, "pluralName": "Thai Restaurants", "shortName": "Thai", "name": "Thai Restaurant"}], "verified": false, "allowMenuUrlEdit": true, "location": {"crossStreet": "201 Victoria St", "labeledLatLngs": [{"lng": 103.85438203811646, "label": "display", "lat": 1.299472492548351}], "lat": 1.299472492548351, "postalCode": "188067", "city": "Singapore", "formattedAddress": ["#04-06, Bugis+ (201 Victoria St)", "188067", "Singapore"], "lng": 103.85438203811646, "address": "#04-06, Bugis+", "country": "Singapore", "cc": "SG"}, "contact": {}, "name": "ThaiExpress"}, "width": 540, "suffix": "/zfBFza5cxkuar6YUkglCMMS6ZCgLGMASmbPvLxe0HCo.jpg"}, {"id": "4f9a2998e4b0f8dafd1cf01b", "createdAt": 1335503256, "height": 720, "visibility": "public", "source": {"url": "https://foursquare.com/download/#/iphone", "name": "Foursquare for iOS"}, "prefix": "https://igx.4sqi.net/img/general/", "venue": {"id": "4baeee54f964a52084e23be3", "like": false, "stats": {"checkinsCount": 2021, "tipCount": 35, "usersCount": 1689}, "beenHere": {"lastCheckinExpiredAt": 0}, "categories": [{"id": "4bf58dd8d48988d149941735", "primary": true, "icon": {"prefix": "https://ss3.4sqi.net/img/categories_v2/food/thai_", "suffix": ".png"}, "pluralName": "Thai Restaurants", "shortName": "Thai", "name": "Thai Restaurant"}], "verified": false, "allowMenuUrlEdit": true, "location": {"crossStreet": "201 Victoria St", "labeledLatLngs": [{"lng": 103.85438203811646, "label": "display", "lat": 1.299472492548351}], "lat": 1.299472492548351, "postalCode": "188067", "city": "Singapore", "formattedAddress": ["#04-06, Bugis+ (201 Victoria St)", "188067", "Singapore"], "lng": 103.85438203811646, "address": "#04-06, Bugis+", "country": "Singapore", "cc": "SG"}, "contact": {}, "name": "ThaiExpress"}, "width": 540, "suffix": "/tA2nOAZrhyTfrNfDAUlASkDzkFVI5ZJ8x9Cug8I8HAU.jpg"}, {"id": "4f9a0f3fe4b0dc1e09953a34", "createdAt": 1335496511, "height": 540, "visibility": "public", "source": {"url": "https://foursquare.com/download/#/iphone", "name": "Foursquare for iOS"}, "prefix": "https://igx.4sqi.net/img/general/", "venue": {"id": "4c3aead7d94dc9b67fe8fee7", "like": false, "stats": {"checkinsCount": 271, "tipCount": 0, "usersCount": 92}, "beenHere": {"lastCheckinExpiredAt": 0}, "categories": [{"id": "4bf58dd8d48988d1af941735", "primary": true, "icon": {"prefix": "https://ss3.4sqi.net/img/categories_v2/building/auditorium_", "suffix": ".png"}, "pluralName": "College Auditoriums", "shortName": "Auditorium", "name": "College Auditorium"}], "verified": false, "location": {"crossStreet": "100 Victoria Street", "labeledLatLngs": [{"lng": 103.85430515520606, "label": "display", "lat": 1.2979092445626474}], "lat": 1.2979092445626474, "city": "Singapore", "formattedAddress": ["Lv 5, National Library Building (100 Victoria Street)", "Singapore"], "lng": 103.85430515520606, "address": "Lv 5, National Library Building", "country": "Singapore", "cc": "SG"}, "contact": {}, "venueRatingBlacklisted": true, "name": "Possibility Room \u00ab National Library"}, "width": 720, "suffix": "/W-FWEXSCyV2XF7PZRlksbwxOI_qtztk72645ClbUd_s.jpg"}, {"id": "4f8e4c94e4b01e2e18cee183", "createdAt": 1334725780, "height": 720, "visibility": "public", "source": {"url": "https://foursquare.com/download/#/iphone", "name": "Foursquare for iOS"}, "prefix": "https://igx.4sqi.net/img/general/", "venue": {"id": "4d6b1fb4dc858cfacb436e73", "closed": true, "stats": {"checkinsCount": 900, "tipCount": 10, "usersCount": 574}, "like": false, "beenHere": {"lastCheckinExpiredAt": 0}, "categories": [{"id": "4deefc054765f83613cdba6f", "primary": true, "icon": {"prefix": "https://ss3.4sqi.net/img/categories_v2/food/indonesian_", "suffix": ".png"}, "pluralName": "Indonesian Restaurants", "shortName": "Indonesian", "name": "Indonesian Restaurant"}], "verified": false, "allowMenuUrlEdit": true, "location": {"lat": 1.2981075989071906, "postalCode": "189022", "city": "Singapore", "formattedAddress": ["1 Liang Seah St. #01-12", "189022", "Singapore"], "lng": 103.85626763105392, "address": "1 Liang Seah St. #01-12", "country": "Singapore", "cc": "SG"}, "contact": {"formattedPhone": "+65 6337 1452", "phone": "+6563371452"}, "name": "Waroeng Penyet"}, "width": 540, "suffix": "/FSbbjgUT0BZWElP8PKBcAx-ChhdkhqoaobMSI3SQJas.jpg"}, {"id": "4f8ba627e4b024e856ae0406", "createdAt": 1334552103, "height": 540, "visibility": "public", "source": {"url": "https://foursquare.com/download/#/iphone", "name": "Foursquare for iOS"}, "prefix": "https://igx.4sqi.net/img/general/", "venue": {"id": "4b56f8aaf964a520322128e3", "like": false, "stats": {"checkinsCount": 20139, "tipCount": 200, "usersCount": 8993}, "beenHere": {"lastCheckinExpiredAt": 0}, "categories": [{"id": "4bf58dd8d48988d120951735", "primary": true, "icon": {"prefix": "https://ss3.4sqi.net/img/categories_v2/shops/food_foodcourt_", "suffix": ".png"}, "pluralName": "Food Courts", "shortName": "Food Court", "name": "Food Court"}], "verified": false, "allowMenuUrlEdit": true, "location": {"address": "270 Queen St.", "lat": 1.3010587565362748, "postalCode": "180270", "city": "Singapore", "formattedAddress": ["270 Queen St.", "180270", "Singapore"], "lng": 103.85441839212218, "labeledLatLngs": [{"lng": 103.85441839212218, "label": "display", "lat": 1.3010587565362748}], "country": "Singapore", "cc": "SG"}, "contact": {}, "name": "Albert Centre Market & Food Centre"}, "width": 720, "suffix": "/LvmSPpSLvupDJKYdaiM6I-mo1pzcpaYVt5PREGtaPaA.jpg"}, {"id": "4f896038e4b05ae888be252a", "createdAt": 1334403128, "height": 720, "visibility": "public", "source": {"url": "https://foursquare.com/download/#/iphone", "name": "Foursquare for iOS"}, "prefix": "https://igx.4sqi.net/img/general/", "venue": {"id": "4d8d69312d86d7ce3e1176cb", "like": false, "stats": {"checkinsCount": 1940, "tipCount": 44, "usersCount": 1427}, "beenHere": {"lastCheckinExpiredAt": 0}, "categories": [{"id": "4bf58dd8d48988d10f941735", "primary": true, "icon": {"prefix": "https://ss3.4sqi.net/img/categories_v2/food/indian_", "suffix": ".png"}, "pluralName": "Indian Restaurants", "shortName": "Indian", "name": "Indian Restaurant"}], "verified": false, "allowMenuUrlEdit": true, "location": {"crossStreet": "Mustafa Centre (New Extension)", "labeledLatLngs": [{"lng": 103.85654726369232, "label": "display", "lat": 1.3091197228129063}], "lat": 1.3091197228129063, "postalCode": "207704", "city": "Singapore", "formattedAddress": ["Rooftop@#07-00, 171 Syed Alwi Rd (Mustafa Centre (New Extension))", "207704", "Singapore"], "lng": 103.85654726369232, "address": "Rooftop@#07-00, 171 Syed Alwi Rd", "country": "Singapore", "cc": "SG"}, "contact": {}, "name": "Kebabs 'n Curries"}, "width": 540, "suffix": "/t_xsnKb4k1q6VJpca12R3a3EQMmZflhZ_0gkFLGIu98.jpg"}, {"id": "4f841814e4b07f6eb9260e7e", "createdAt": 1334056980, "height": 720, "visibility": "public", "source": {"url": "https://foursquare.com/download/#/iphone", "name": "Foursquare for iOS"}, "prefix": "https://igx.4sqi.net/img/general/", "venue": {"id": "4b17cff9f964a5206dc823e3", "like": false, "stats": {"checkinsCount": 15286, "tipCount": 144, "usersCount": 6919}, "beenHere": {"lastCheckinExpiredAt": 0}, "categories": [{"id": "4bf58dd8d48988d156941735", "primary": true, "icon": {"prefix": "https://ss3.4sqi.net/img/categories_v2/food/malaysian_", "suffix": ".png"}, "pluralName": "Malay Restaurants", "shortName": "Malay", "name": "Malay Restaurant"}], "verified": false, "allowMenuUrlEdit": true, "location": {"address": "17 Bussorah St.", "lat": 1.3013109952161612, "postalCode": "199438", "city": "Singapore", "formattedAddress": ["17 Bussorah St.", "199438", "Singapore"], "lng": 103.85988784740228, "labeledLatLngs": [{"lng": 103.85988784740228, "label": "display", "lat": 1.3013109952161612}], "country": "Singapore", "cc": "SG"}, "contact": {}, "name": "Kampong Glam Cafe"}, "width": 540, "suffix": "/CkrRRLpf83Wn86L0wqL1q7RU87mIlPAZoAvI2Lw1XFU.jpg"}, {"id": "4f7591f9e4b062e51d197120", "createdAt": 1333105145, "height": 720, "visibility": "public", "source": {"url": "https://foursquare.com/download/#/iphone", "name": "Foursquare for iOS"}, "prefix": "https://igx.4sqi.net/img/general/", "venue": {"id": "4b16fdb2f964a52094c023e3", "like": false, "stats": {"checkinsCount": 13028, "tipCount": 152, "usersCount": 6397}, "venuePage": {"id": "114329479"}, "beenHere": {"lastCheckinExpiredAt": 0}, "categories": [{"id": "4bf58dd8d48988d120951735", "primary": true, "icon": {"prefix": "https://ss3.4sqi.net/img/categories_v2/shops/food_foodcourt_", "suffix": ".png"}, "pluralName": "Food Courts", "shortName": "Food Court", "name": "Food Court"}], "verified": true, "allowMenuUrlEdit": true, "location": {"crossStreet": "at Upper East Coast Rd", "labeledLatLngs": [{"lng": 103.955361128318, "label": "display", "lat": 1.320592873150442}], "lat": 1.320592873150442, "postalCode": "469572", "city": "Singapore", "formattedAddress": ["1 Bedok Rd (at Upper East Coast Rd)", "469572", "Singapore"], "lng": 103.955361128318, "address": "1 Bedok Rd", "country": "Singapore", "cc": "SG"}, "contact": {}, "name": "Bedok Food Centre (Bedok Corner)"}, "width": 540, "suffix": "/4jVxGyJLuXo8Qy92Ys5t9koygdZfDj3_N5CHdxUHXVI.jpg"}, {"id": "4f758302e4b049954217e68c", "createdAt": 1333101314, "height": 540, "visibility": "public", "source": {"url": "https://foursquare.com/download/#/iphone", "name": "Foursquare for iOS"}, "prefix": "https://igx.4sqi.net/img/general/", "venue": {"like": false, "location": {"formattedAddress": ["Singapore Changi Airport (80 Airport Boulevard)", "819643", "Singapore"], "crossStreet": "80 Airport Boulevard", "labeledLatLngs": [{"lng": 103.99003744125366, "label": "display", "lat": 1.3620047337924648}], "lat": 1.3620047337924648, "postalCode": "819643", "city": "Singapore", "neighborhood": "Singapore Changi Airport", "lng": 103.99003744125366, "address": "Singapore Changi Airport", "country": "Singapore", "cc": "SG"}, "storeId": "", "id": "4b1baa6bf964a52087fc23e3", "beenHere": {"lastCheckinExpiredAt": 0}, "stats": {"checkinsCount": 244398, "tipCount": 472, "usersCount": 98608}, "url": "http://www.changiairport.com", "categories": [{"id": "4bf58dd8d48988d1eb931735", "primary": true, "icon": {"prefix": "https://ss3.4sqi.net/img/categories_v2/travel/airport_gate_", "suffix": ".png"}, "pluralName": "Airport Terminals", "shortName": "Terminal", "name": "Airport Terminal"}], "verified": true, "contact": {"facebook": "113770598597", "facebookName": "Changi Airport", "formattedPhone": "+65 6595 6868", "phone": "+6565956868", "facebookUsername": "changiairport", "twitter": "changiairport"}, "venueRatingBlacklisted": true, "name": "Terminal 1"}, "width": 720, "suffix": "/kCEYG7Tl0i26J7FzFTOhg3D7_66fQ6axxaL9DuGAl74.jpg"}, {"id": "4f745570e4b0f112e13af3cd", "createdAt": 1333024112, "height": 540, "visibility": "public", "source": {"url": "https://foursquare.com/download/#/iphone", "name": "Foursquare for iOS"}, "prefix": "https://igx.4sqi.net/img/general/", "venue": {"id": "4c07b223cf8c76b0f85d3c65", "like": false, "stats": {"checkinsCount": 5673, "tipCount": 57, "usersCount": 3565}, "beenHere": {"lastCheckinExpiredAt": 0}, "categories": [{"id": "4bf58dd8d48988d1d0941735", "primary": true, "icon": {"prefix": "https://ss3.4sqi.net/img/categories_v2/food/dessert_", "suffix": ".png"}, "pluralName": "Dessert Shops", "shortName": "Desserts", "name": "Dessert Shop"}], "verified": false, "allowMenuUrlEdit": true, "location": {"crossStreet": "Bugis", "labeledLatLngs": [{"lng": 103.85653027788304, "label": "display", "lat": 1.2978782489283278}], "lat": 1.2978782489283278, "postalCode": "189029", "city": "Singapore", "formattedAddress": ["8 Liang Seah St. (Bugis)", "189029", "Singapore"], "lng": 103.85653027788304, "address": "8 Liang Seah St.", "country": "Singapore", "cc": "SG"}, "contact": {}, "name": "Dessert First \u7cd6\u6c34\u5148"}, "width": 720, "suffix": "/bRv8lOCHLd9PoMPgjUuCF4VypJmmlXTUFCGYjTLruFo.jpg"}, {"id": "4f7299b0e4b0adf5aba43ea1", "createdAt": 1332910512, "height": 720, "visibility": "public", "source": {"url": "https://foursquare.com/download/#/iphone", "name": "Foursquare for iOS"}, "prefix": "https://igx.4sqi.net/img/general/", "venue": {"id": "4bc00ad32a89ef3b4b1bf088", "like": false, "stats": {"checkinsCount": 14631, "tipCount": 61, "usersCount": 9283}, "url": "http://www.starbucks.com.sg", "beenHere": {"lastCheckinExpiredAt": 0}, "categories": [{"id": "4bf58dd8d48988d1e0931735", "primary": true, "icon": {"prefix": "https://ss3.4sqi.net/img/categories_v2/food/coffeeshop_", "suffix": ".png"}, "pluralName": "Coffee Shops", "shortName": "Coffee Shop", "name": "Coffee Shop"}], "verified": false, "allowMenuUrlEdit": true, "location": {"crossStreet": "230 Victoria St", "labeledLatLngs": [{"lng": 103.85564804077148, "label": "display", "lat": 1.2994081360867449}], "lat": 1.2994081360867449, "postalCode": "188024", "city": "Singapore", "formattedAddress": ["#01-15, Bugis Junction (230 Victoria St)", "188024", "Singapore"], "lng": 103.85564804077148, "address": "#01-15, Bugis Junction", "country": "Singapore", "cc": "SG"}, "contact": {"twitter": "sg_starbucks", "formattedPhone": "+65 6334 7671", "phone": "+6563347671"}, "name": "Starbucks"}, "width": 540, "suffix": "/6SQUDSua57J-psVum3gO3pcaQJQsXVJXAMqip-Oc7NY.jpg"}, {"id": "4f617c5ee4b0a20e1dde879d", "createdAt": 1331788894, "height": 540, "visibility": "public", "source": {"url": "https://foursquare.com/download/#/iphone", "name": "Foursquare for iOS"}, "prefix": "https://igx.4sqi.net/img/general/", "venue": {"id": "4c07b223cf8c76b0f85d3c65", "like": false, "stats": {"checkinsCount": 5673, "tipCount": 57, "usersCount": 3565}, "beenHere": {"lastCheckinExpiredAt": 0}, "categories": [{"id": "4bf58dd8d48988d1d0941735", "primary": true, "icon": {"prefix": "https://ss3.4sqi.net/img/categories_v2/food/dessert_", "suffix": ".png"}, "pluralName": "Dessert Shops", "shortName": "Desserts", "name": "Dessert Shop"}], "verified": false, "allowMenuUrlEdit": true, "location": {"crossStreet": "Bugis", "labeledLatLngs": [{"lng": 103.85653027788304, "label": "display", "lat": 1.2978782489283278}], "lat": 1.2978782489283278, "postalCode": "189029", "city": "Singapore", "formattedAddress": ["8 Liang Seah St. (Bugis)", "189029", "Singapore"], "lng": 103.85653027788304, "address": "8 Liang Seah St.", "country": "Singapore", "cc": "SG"}, "contact": {}, "name": "Dessert First \u7cd6\u6c34\u5148"}, "width": 720, "suffix": "/D2SxvpZkzxZy7D1drAvBaOilvpCtZYI9_X_ZTQm1DRM.jpg"}, {"id": "4f5d813ce4b03a6a1356611e", "createdAt": 1331527996, "height": 720, "visibility": "public", "source": {"url": "https://foursquare.com/download/#/iphone", "name": "Foursquare for iOS"}, "prefix": "https://igx.4sqi.net/img/general/", "venue": {"id": "4c46a36489a6c9b6f6d19788", "like": false, "stats": {"checkinsCount": 924, "tipCount": 10, "usersCount": 502}, "beenHere": {"lastCheckinExpiredAt": 0}, "categories": [{"id": "4bf58dd8d48988d142941735", "primary": true, "icon": {"prefix": "https://ss3.4sqi.net/img/categories_v2/food/asian_", "suffix": ".png"}, "pluralName": "Asian Restaurants", "shortName": "Asian", "name": "Asian Restaurant"}], "verified": false, "allowMenuUrlEdit": true, "location": {"address": "490 North Bridge Road", "lat": 1.2983687283034508, "postalCode": "188736", "city": "Singapore", "formattedAddress": ["490 North Bridge Road", "188736", "Singapore"], "lng": 103.85543752861001, "labeledLatLngs": [{"lng": 103.85543752861001, "label": "display", "lat": 1.2983687283034508}], "country": "Singapore", "cc": "SG"}, "contact": {}, "name": "Naj Restaurant"}, "width": 540, "suffix": "/blpsUBvUHpthKeHOxVvp9r8JkybswmeuUGAG7B1xdgg.jpg"}, {"id": "4f598350e4b072fe9d3efae4", "createdAt": 1331266384, "height": 540, "visibility": "public", "source": {"url": "https://foursquare.com/download/#/iphone", "name": "Foursquare for iOS"}, "prefix": "https://igx.4sqi.net/img/general/", "venue": {"id": "4bb031bcf964a520e13b3ce3", "like": false, "stats": {"checkinsCount": 456, "tipCount": 5, "usersCount": 168}, "beenHere": {"lastCheckinExpiredAt": 0}, "categories": [{"id": "4bf58dd8d48988d156941735", "primary": true, "icon": {"prefix": "https://ss3.4sqi.net/img/categories_v2/food/malaysian_", "suffix": ".png"}, "pluralName": "Malay Restaurants", "shortName": "Malay", "name": "Malay Restaurant"}], "verified": false, "allowMenuUrlEdit": true, "location": {"crossStreet": "Waterloo Street", "labeledLatLngs": [{"lng": 103.85190455477392, "label": "display", "lat": 1.300281009418715}], "lat": 1.300281009418715, "country": "Singapore", "lng": 103.85190455477392, "address": "Middle Road", "formattedAddress": ["Middle Road (Waterloo Street)", "Singapore"], "cc": "SG"}, "contact": {}, "name": "Syam Corners Muslim Food"}, "width": 720, "suffix": "/ATtzdnNW0inWFWUPg6cveToIDV6HZfTxn7DCi9V4EEM.jpg"}, {"id": "4f59704fe4b09f2e8f8064da", "createdAt": 1331261519, "height": 720, "visibility": "public", "source": {"url": "https://foursquare.com/download/#/iphone", "name": "Foursquare for iOS"}, "prefix": "https://igx.4sqi.net/img/general/", "venue": {"id": "4d993a890caaa143cbbbc0b3", "like": false, "stats": {"checkinsCount": 59, "tipCount": 0, "usersCount": 13}, "beenHere": {"lastCheckinExpiredAt": 0}, "categories": [{"id": "4bf58dd8d48988d174941735", "primary": true, "icon": {"prefix": "https://ss3.4sqi.net/img/categories_v2/building/office_coworkingspace_", "suffix": ".png"}, "pluralName": "Coworking Spaces", "shortName": "Coworking Space", "name": "Coworking Space"}], "verified": false, "location": {"address": "100 Victoria Street Level 9", "lat": 1.2975221846278289, "city": "Singapore", "formattedAddress": ["100 Victoria Street Level 9", "Singapore"], "lng": 103.85424287494239, "labeledLatLngs": [{"lng": 103.85424287494239, "label": "display", "lat": 1.2975221846278289}], "country": "Singapore", "cc": "SG"}, "contact": {}, "venueRatingBlacklisted": true, "name": "Kba @ National Library Building"}, "width": 540, "suffix": "/nQ22y9rj2lqKMJxX4TYGmAtnlIU2GJi9bRkKePSooPE.jpg"}, {"id": "4f56e315e4b01888b2cfb265", "createdAt": 1331094293, "height": 720, "visibility": "public", "source": {"url": "https://foursquare.com/download/#/iphone", "name": "Foursquare for iOS"}, "prefix": "https://igx.4sqi.net/img/general/", "venue": {"id": "4b5adf39f964a5203ad828e3", "closed": true, "stats": {"checkinsCount": 12153, "tipCount": 98, "usersCount": 5913}, "like": false, "beenHere": {"lastCheckinExpiredAt": 0}, "categories": [{"id": "4bf58dd8d48988d1e0931735", "primary": true, "icon": {"prefix": "https://ss3.4sqi.net/img/categories_v2/food/coffeeshop_", "suffix": ".png"}, "pluralName": "Coffee Shops", "shortName": "Coffee Shop", "name": "Coffee Shop"}], "verified": false, "allowMenuUrlEdit": true, "location": {"crossStreet": "Liang Seah St.", "lat": 1.2985851531865682, "postalCode": "188739", "city": "Singapore", "formattedAddress": ["496 North Bridge Rd (Liang Seah St.)", "188739", "Singapore"], "lng": 103.85591312825098, "address": "496 North Bridge Rd", "country": "Singapore", "cc": "SG"}, "contact": {"formattedPhone": "+65 6338 0163", "phone": "+6563380163"}, "name": "Tong Seng Coffee Shop"}, "width": 540, "suffix": "/7DzqWWPAUsAFXmc_pGQreX0AyyuTmOEBhK4VdvJRo0A.jpg"}, {"id": "4f559696e4b0b51e1c8477e2", "createdAt": 1331009174, "height": 540, "visibility": "public", "source": {"url": "https://foursquare.com/download/#/iphone", "name": "Foursquare for iOS"}, "prefix": "https://igx.4sqi.net/img/general/", "venue": {"like": false, "allowMenuUrlEdit": true, "location": {"crossStreet": "200 Victoria St.", "labeledLatLngs": [{"lng": 103.85474681854248, "label": "display", "lat": 1.298973729928018}], "lat": 1.298973729928018, "postalCode": "188021", "city": "Singapore", "formattedAddress": ["#01-85/87, Bugis Junction (200 Victoria St.)", "188021", "Singapore"], "lng": 103.85474681854248, "address": "#01-85/87, Bugis Junction", "country": "Singapore", "cc": "SG"}, "storeId": "", "id": "4bd07cd5a8b3a593fef2635f", "beenHere": {"lastCheckinExpiredAt": 0}, "stats": {"checkinsCount": 7534, "tipCount": 117, "usersCount": 5702}, "url": "http://www.nandos.com.sg", "categories": [{"id": "4def73e84765ae376e57713a", "primary": true, "icon": {"prefix": "https://ss3.4sqi.net/img/categories_v2/food/portuguese_", "suffix": ".png"}, "pluralName": "Portuguese Restaurants", "shortName": "Portuguese", "name": "Portuguese Restaurant"}], "verified": true, "contact": {"twitter": "nandossg", "formattedPhone": "+65 6338 6555", "phone": "+6563386555"}, "name": "Nando's"}, "width": 720, "suffix": "/F6YE-hxjDpX49cMsiTOhzSaS9aW1zvwAnqdBOHTjkNk.jpg"}, {"id": "4f50c1dce4b0b5f8688aff99", "createdAt": 1330692572, "height": 720, "visibility": "public", "source": {"url": "https://foursquare.com/download/#/iphone", "name": "Foursquare for iOS"}, "prefix": "https://igx.4sqi.net/img/general/", "venue": {"id": "4b058805f964a520eeac22e3", "like": false, "stats": {"checkinsCount": 192449, "tipCount": 324, "usersCount": 76914}, "url": "http://www.sungeiwang.com", "beenHere": {"lastCheckinExpiredAt": 0}, "categories": [{"id": "4bf58dd8d48988d1fd941735", "primary": true, "icon": {"prefix": "https://ss3.4sqi.net/img/categories_v2/shops/mall_", "suffix": ".png"}, "pluralName": "Shopping Malls", "shortName": "Mall", "name": "Shopping Mall"}], "verified": false, "location": {"state": "Kuala Lumpur", "lat": 3.1448443101268193, "postalCode": "55100", "city": "Kuala Lumpur", "formattedAddress": ["99, Jln Sultan Ismail", "55100 Kuala Lumpur, Kuala Lumpur", "Malaysia"], "lng": 101.71118564291915, "address": "99, Jln Sultan Ismail", "country": "Malaysia", "cc": "MY"}, "contact": {"formattedPhone": "+60 3-2144 9988", "phone": "+60321449988"}, "name": "Sungei Wang Plaza"}, "width": 540, "suffix": "/CdVARiHVaSxcHgfV3f7Ai32bVVVrlpDQi_ZZVQOv6-Y.jpg"}, {"id": "4f4dae76e4b0577d810cb6aa", "createdAt": 1330490998, "height": 720, "visibility": "public", "source": {"url": "https://foursquare.com/download/#/iphone", "name": "Foursquare for iOS"}, "prefix": "https://igx.4sqi.net/img/general/", "venue": {"id": "4d6b1fb4dc858cfacb436e73", "closed": true, "stats": {"checkinsCount": 900, "tipCount": 10, "usersCount": 574}, "like": false, "beenHere": {"lastCheckinExpiredAt": 0}, "categories": [{"id": "4deefc054765f83613cdba6f", "primary": true, "icon": {"prefix": "https://ss3.4sqi.net/img/categories_v2/food/indonesian_", "suffix": ".png"}, "pluralName": "Indonesian Restaurants", "shortName": "Indonesian", "name": "Indonesian Restaurant"}], "verified": false, "allowMenuUrlEdit": true, "location": {"lat": 1.2981075989071906, "postalCode": "189022", "city": "Singapore", "formattedAddress": ["1 Liang Seah St. #01-12", "189022", "Singapore"], "lng": 103.85626763105392, "address": "1 Liang Seah St. #01-12", "country": "Singapore", "cc": "SG"}, "contact": {"formattedPhone": "+65 6337 1452", "phone": "+6563371452"}, "name": "Waroeng Penyet"}, "width": 540, "suffix": "/KL8z366NcjaRzWp7ncheXpMfaEWHshbGdhEVaynWdXs.jpg"}, {"id": "4f4c5ac1e4b051dc473c9fa8", "createdAt": 1330404033, "height": 540, "visibility": "public", "source": {"url": "https://foursquare.com/download/#/iphone", "name": "Foursquare for iOS"}, "prefix": "https://igx.4sqi.net/img/general/", "venue": {"id": "4ca18dbb54c8a1cd153aa94b", "like": false, "stats": {"checkinsCount": 2680, "tipCount": 28, "usersCount": 1641}, "url": "http://www.qiji.com.sg", "beenHere": {"lastCheckinExpiredAt": 0}, "categories": [{"id": "4bf58dd8d48988d142941735", "primary": true, "icon": {"prefix": "https://ss3.4sqi.net/img/categories_v2/food/asian_", "suffix": ".png"}, "pluralName": "Asian Restaurants", "shortName": "Asian", "name": "Asian Restaurant"}], "verified": false, "allowMenuUrlEdit": true, "location": {"crossStreet": "160 Rochor Rd.", "labeledLatLngs": [{"lng": 103.85517142001262, "label": "display", "lat": 1.3013278888245663}], "lat": 1.3013278888245663, "postalCode": "188435", "city": "Singapore", "formattedAddress": ["Bugis Village (160 Rochor Rd.)", "188435", "Singapore"], "lng": 103.85517142001262, "address": "Bugis Village", "country": "Singapore", "cc": "SG"}, "contact": {}, "name": "Qiji"}, "width": 720, "suffix": "/_ay9gqexMuGfdWdMbKRIeDu1QtgQvnlLOlGDiq6b8z8.jpg"}, {"id": "4f3e39b0e4b00c683d085850", "createdAt": 1329478064, "height": 720, "visibility": "public", "source": {"url": "https://foursquare.com/download/#/iphone", "name": "Foursquare for iOS"}, "prefix": "https://igx.4sqi.net/img/general/", "venue": {"id": "4c07b223cf8c76b0f85d3c65", "like": false, "stats": {"checkinsCount": 5673, "tipCount": 57, "usersCount": 3565}, "beenHere": {"lastCheckinExpiredAt": 0}, "categories": [{"id": "4bf58dd8d48988d1d0941735", "primary": true, "icon": {"prefix": "https://ss3.4sqi.net/img/categories_v2/food/dessert_", "suffix": ".png"}, "pluralName": "Dessert Shops", "shortName": "Desserts", "name": "Dessert Shop"}], "verified": false, "allowMenuUrlEdit": true, "location": {"crossStreet": "Bugis", "labeledLatLngs": [{"lng": 103.85653027788304, "label": "display", "lat": 1.2978782489283278}], "lat": 1.2978782489283278, "postalCode": "189029", "city": "Singapore", "formattedAddress": ["8 Liang Seah St. (Bugis)", "189029", "Singapore"], "lng": 103.85653027788304, "address": "8 Liang Seah St.", "country": "Singapore", "cc": "SG"}, "contact": {}, "name": "Dessert First \u7cd6\u6c34\u5148"}, "width": 540, "suffix": "/EieXPX7y1Aj4vQuXg1WbFNR_rgQQpsfgOe1PawBGRZw.jpg"}, {"id": "4e070e59a12d09aa8819b833", "createdAt": 1309085273, "height": 720, "visibility": "public", "source": {"url": "https://foursquare.com/download/#/iphone", "name": "Foursquare for iOS"}, "prefix": "https://igx.4sqi.net/img/general/", "venue": {"like": false, "allowMenuUrlEdit": true, "location": {"crossStreet": "Opp Shell Simpang Bedok", "lat": 1.331444789320048, "postalCode": "469512", "city": "Singapore", "formattedAddress": ["336 Bedok Rd. (Opp Shell Simpang Bedok)", "469512", "Singapore"], "lng": 103.94812580704937, "address": "336 Bedok Rd.", "country": "Singapore", "cc": "SG"}, "storeId": "", "id": "4b3758eff964a520974025e3", "beenHere": {"lastCheckinExpiredAt": 0}, "stats": {"checkinsCount": 31907, "tipCount": 194, "usersCount": 13474}, "url": "http://www.spize.com.sg", "categories": [{"id": "4bf58dd8d48988d1c4941735", "primary": true, "icon": {"prefix": "https://ss3.4sqi.net/img/categories_v2/food/default_", "suffix": ".png"}, "pluralName": "Restaurants", "shortName": "Restaurant", "name": "Restaurant"}], "venuePage": {"id": "33757258"}, "verified": true, "contact": {"twitter": "spizebedok", "formattedPhone": "+65 6445 3211", "phone": "+6564453211"}, "name": "Spize"}, "width": 540, "suffix": "/VXDFTDTWMMGI0SIER4PSSZOIZHXGUVY5TQG5FYDNO3ZZEWKJ.jpg"}], "count": 25}, "totalCount": 25}, "meta": {"code": 200, "requestId": "595a84694c1f677020cca477"}, "notifications": [{"item": {"unreadCount": 0}, "type": "notificationTray"}]}