{"meta": {"code": 200, "requestId": "595af291db04f562eb963454"}, "notifications": [{"item": {"unreadCount": 0}, "type": "notificationTray"}], "response": {"photos": {"items": [{"height": 800, "source": {"url": "http://www.foodspotting.com", "name": "Foodspotting"}, "width": 800, "prefix": "https://igx.4sqi.net/img/general/", "createdAt": 1344684640, "id": "50264260e4b0a9bbcd8079d9", "venue": {"like": false, "location": {"formattedAddress": ["33-1 Jalan PJU 8/5a", "47820 Petaling Jaya, Selangor", "Malaysia"], "city": "Petaling Jaya", "lng": 101.60565393561446, "cc": "MY", "state": "Selangor", "lat": 3.165544793781644, "address": "33-1 Jalan PJU 8/5a", "labeledLatLngs": [{"label": "display", "lat": 3.165544793781644, "lng": 101.60565393561446}], "postalCode": "47820", "country": "Malaysia"}, "categories": [{"icon": {"prefix": "https://ss3.4sqi.net/img/categories_v2/food/malaysian_", "suffix": ".png"}, "name": "Malay Restaurant", "id": "4bf58dd8d48988d156941735", "pluralName": "Malay Restaurants", "primary": true, "shortName": "Malay"}], "verified": false, "contact": {"formattedPhone": "+60 3-7727 8443", "phone": "+60377278443"}, "allowMenuUrlEdit": true, "stats": {"tipCount": 119, "usersCount": 3687, "checkinsCount": 6937}, "id": "4b7a6241f964a5203f2b2fe3", "name": "Mum's Place", "beenHere": {"lastCheckinExpiredAt": 0}}, "suffix": "/5bpLZ9iSeePW4DbVrwtjpOiTP5ZYD4OoBlYmwxgV8Yo.jpg", "visibility": "public"}], "count": 1}, "totalCount": 1}}