{"meta": {"code": 200, "requestId": "595af5714c1f67703ae1719f"}, "notifications": [{"item": {"unreadCount": 0}, "type": "notificationTray"}], "response": {"photos": {"items": [{"height": 957, "source": {"url": "https://www.swarmapp.com", "name": "Swarm for iOS"}, "width": 720, "prefix": "https://igx.4sqi.net/img/general/", "createdAt": 1408742795, "id": "53f7b58b498ebb1ba040e39b", "venue": {"like": false, "location": {"formattedAddress": ["97 Anzac Ave.", "Auckland 1010", "New Zealand"], "city": "Auckland", "lng": 174.77312564849854, "cc": "NZ", "state": "Auckland", "lat": -36.84830713884687, "address": "97 Anzac Ave.", "labeledLatLngs": [{"label": "display", "lat": -36.84830713884687, "lng": 174.77312564849854}], "postalCode": "1010", "country": "New Zealand"}, "categories": [{"icon": {"prefix": "https://ss3.4sqi.net/img/categories_v2/food/cafe_", "suffix": ".png"}, "name": "Caf\u00e9", "id": "4bf58dd8d48988d16d941735", "pluralName": "Caf\u00e9s", "primary": true, "shortName": "Caf\u00e9"}], "verified": false, "contact": {"formattedPhone": "+64 9-303 0393", "phone": "+6493030393"}, "allowMenuUrlEdit": true, "stats": {"tipCount": 3, "usersCount": 95, "checkinsCount": 314}, "id": "4bb3aac2a32876b0030a02fe", "name": "Gloria Cafe & Espresso Bar", "beenHere": {"lastCheckinExpiredAt": 0}}, "suffix": "/1012363_cBV-6vj9U8R7YyfKDfpECe6yQ5sBOgIW274xY_0NeIk.jpg", "visibility": "public"}, {"height": 720, "source": {"url": "https://www.swarmapp.com", "name": "Swarm for iOS"}, "width": 957, "prefix": "https://igx.4sqi.net/img/general/", "createdAt": 1408240658, "id": "53f00c12498e040694b7e856", "venue": {"url": "http://www.elliottstables.co.nz", "like": false, "location": {"formattedAddress": ["39 Elliott St (at Wellesley St W)", "Auckland 1010", "New Zealand"], "city": "Auckland", "lng": 174.76349036517018, "cc": "NZ", "state": "Auckland", "crossStreet": "at Wellesley St W", "lat": -36.85044172498553, "address": "39 Elliott St", "labeledLatLngs": [{"label": "display", "lat": -36.85044172498553, "lng": 174.76349036517018}], "postalCode": "1010", "country": "New Zealand"}, "categories": [{"icon": {"prefix": "https://ss3.4sqi.net/img/categories_v2/food/breakfast_", "suffix": ".png"}, "name": "Breakfast Spot", "id": "4bf58dd8d48988d143941735", "pluralName": "Breakfast Spots", "primary": true, "shortName": "Breakfast"}], "verified": false, "contact": {"formattedPhone": "+64 9-308 4714", "twitter": "elliott_stables", "phone": "+6493084714"}, "allowMenuUrlEdit": true, "stats": {"tipCount": 58, "usersCount": 1874, "checkinsCount": 3801}, "id": "4b6b34a3f964a52082f92be3", "name": "Elliott Stables", "beenHere": {"lastCheckinExpiredAt": 0}}, "suffix": "/1012363_1v8X_1Xy_7Sqeo6o0k5tEEjahEXWvaJG_bfFy4J432w.jpg", "visibility": "public"}, {"height": 720, "source": {"url": "https://foursquare.com/download/#/iphone", "name": "Foursquare for iOS"}, "width": 957, "prefix": "https://igx.4sqi.net/img/general/", "createdAt": 1402715240, "id": "539bbc68498e9e8103c1be62", "venue": {"like": false, "location": {"cc": "NZ", "country": "New Zealand", "lat": -36.631667, "lng": 174.762925, "labeledLatLngs": [{"label": "display", "lat": -36.631667, "lng": 174.762925}], "formattedAddress": ["New Zealand"]}, "categories": [], "verified": false, "contact": {}, "beenHere": {"lastCheckinExpiredAt": 0}, "stats": {"tipCount": 3, "usersCount": 22, "checkinsCount": 31}, "id": "4d2257fbf7a9a143c75c3e9f", "name": "Local Cafe"}, "suffix": "/1012363_JM3ul9JIYmlvpjtQOLKn8pSK7H5J12XAAR2E-m9wR3M.jpg", "visibility": "public"}, {"height": 720, "source": {"url": "https://foursquare.com/download/#/iphone", "name": "Foursquare for iOS"}, "width": 957, "prefix": "https://igx.4sqi.net/img/general/", "createdAt": 1402715216, "id": "539bbc5011d26f5f6dd63e24", "venue": {"like": false, "location": {"cc": "NZ", "country": "New Zealand", "lat": -36.631667, "lng": 174.762925, "labeledLatLngs": [{"label": "display", "lat": -36.631667, "lng": 174.762925}], "formattedAddress": ["New Zealand"]}, "categories": [], "verified": false, "contact": {}, "beenHere": {"lastCheckinExpiredAt": 0}, "stats": {"tipCount": 3, "usersCount": 22, "checkinsCount": 31}, "id": "4d2257fbf7a9a143c75c3e9f", "name": "Local Cafe"}, "suffix": "/1012363_JM3ul9JIYmlvpjtQOLKn8pSK7H5J12XAAR2E-m9wR3M.jpg", "visibility": "public"}, {"height": 720, "source": {"url": "https://foursquare.com/download/#/iphone", "name": "Foursquare for iOS"}, "width": 957, "prefix": "https://igx.4sqi.net/img/general/", "createdAt": 1399085233, "id": "536458b1498e578af08e1cd2", "venue": {"like": false, "location": {"city": "Paeroa", "state": "Waikato", "cc": "NZ", "country": "New Zealand", "lat": -37.37927352321321, "lng": 175.66967665647203, "labeledLatLngs": [{"label": "display", "lat": -37.37927352321321, "lng": 175.66967665647203}], "formattedAddress": ["Paeroa", "New Zealand"]}, "categories": [{"icon": {"prefix": "https://ss3.4sqi.net/img/categories_v2/food/cafe_", "suffix": ".png"}, "name": "Caf\u00e9", "id": "4bf58dd8d48988d16d941735", "pluralName": "Caf\u00e9s", "primary": true, "shortName": "Caf\u00e9"}], "verified": false, "contact": {}, "allowMenuUrlEdit": true, "stats": {"tipCount": 1, "usersCount": 10, "checkinsCount": 14}, "id": "4d96502861a3a1cd83ed9842", "name": "The Bakehouse", "beenHere": {"lastCheckinExpiredAt": 0}}, "suffix": "/1012363_2oDXAscH7fGWdRi-mZ1bIQXkosub55ZOjGGsT5rVVNk.jpg", "visibility": "public"}, {"height": 720, "source": {"url": "https://foursquare.com/download/#/iphone", "name": "Foursquare for iOS"}, "tip": {"agreeCount": 0, "canonicalUrl": "https://foursquare.com/item/5364589f498e9771d8714004", "todo": {"count": 0}, "logView": true, "disagreeCount": 0, "createdAt": 1399085215, "id": "5364589f498e9771d8714004", "text": "Clean and nice place to stop along the journey. Coffee is quite good and prices are reasonable.", "likes": {"groups": [], "count": 0}, "like": false, "type": "user"}, "width": 957, "prefix": "https://igx.4sqi.net/img/general/", "createdAt": 1399085216, "id": "536458a0498e5b725e2b98d4", "venue": {"like": false, "location": {"city": "Paeroa", "state": "Waikato", "cc": "NZ", "country": "New Zealand", "lat": -37.37927352321321, "lng": 175.66967665647203, "labeledLatLngs": [{"label": "display", "lat": -37.37927352321321, "lng": 175.66967665647203}], "formattedAddress": ["Paeroa", "New Zealand"]}, "categories": [{"icon": {"prefix": "https://ss3.4sqi.net/img/categories_v2/food/cafe_", "suffix": ".png"}, "name": "Caf\u00e9", "id": "4bf58dd8d48988d16d941735", "pluralName": "Caf\u00e9s", "primary": true, "shortName": "Caf\u00e9"}], "verified": false, "contact": {}, "allowMenuUrlEdit": true, "stats": {"tipCount": 1, "usersCount": 10, "checkinsCount": 14}, "id": "4d96502861a3a1cd83ed9842", "name": "The Bakehouse", "beenHere": {"lastCheckinExpiredAt": 0}}, "suffix": "/1012363_2oDXAscH7fGWdRi-mZ1bIQXkosub55ZOjGGsT5rVVNk.jpg", "visibility": "public"}, {"height": 720, "source": {"url": "https://foursquare.com/download/#/iphone", "name": "Foursquare for iOS"}, "width": 957, "prefix": "https://igx.4sqi.net/img/general/", "createdAt": 1398303910, "id": "53586ca6498e1a2b4f376140", "venue": {"like": false, "location": {"city": "Auckland", "lng": 174.76647299742692, "cc": "NZ", "state": "Auckland", "crossStreet": "Auckland", "lat": -36.8547184770852, "address": "15 Mount Street", "labeledLatLngs": [{"label": "display", "lat": -36.8547184770852, "lng": 174.76647299742692}], "formattedAddress": ["15 Mount Street (Auckland)", "Auckland", "New Zealand"], "country": "New Zealand"}, "categories": [{"icon": {"prefix": "https://ss3.4sqi.net/img/categories_v2/food/japanese_", "suffix": ".png"}, "name": "Japanese Restaurant", "id": "4bf58dd8d48988d111941735", "pluralName": "Japanese Restaurants", "primary": true, "shortName": "Japanese"}], "verified": false, "contact": {"formattedPhone": "+64 9-368 1900", "phone": "+6493681900"}, "allowMenuUrlEdit": true, "stats": {"tipCount": 8, "usersCount": 123, "checkinsCount": 499}, "id": "4b68bae6f964a520a5892be3", "name": "Bien Japanese Cuisine", "beenHere": {"lastCheckinExpiredAt": 0}}, "suffix": "/1012363_GMNTj-v0iqkLbb-Wxy85RYUefqTnQQ3D0tUU3iN2630.jpg", "visibility": "public"}, {"height": 720, "source": {"url": "https://foursquare.com/download/#/iphone", "name": "Foursquare for iOS"}, "width": 957, "prefix": "https://igx.4sqi.net/img/general/", "createdAt": 1393380899, "id": "530d4e23498e900478aa419d", "venue": {"closed": true, "like": false, "location": {"formattedAddress": ["Downtown Shopping Centre (11-19 Customs St W)", "Auckland 1010", "New Zealand"], "city": "Auckland", "lng": 174.76628065109253, "cc": "NZ", "state": "Auckland", "crossStreet": "11-19 Customs St W", "lat": -36.84373951961948, "address": "Downtown Shopping Centre", "labeledLatLngs": [{"label": "display", "lat": -36.84373951961948, "lng": 174.76628065109253}], "postalCode": "1010", "country": "New Zealand"}, "categories": [{"icon": {"prefix": "https://ss3.4sqi.net/img/categories_v2/shops/food_foodcourt_", "suffix": ".png"}, "name": "Food Court", "id": "4bf58dd8d48988d120951735", "pluralName": "Food Courts", "primary": true, "shortName": "Food Court"}], "verified": false, "contact": {}, "allowMenuUrlEdit": true, "stats": {"tipCount": 7, "usersCount": 391, "checkinsCount": 1351}, "id": "4b9446cff964a5208a7234e3", "name": "Downtown Food Court", "beenHere": {"lastCheckinExpiredAt": 0}}, "suffix": "/1012363_uaj1Rxb5sNecgn8irypF05H-SDvtE5Otdr4isyEyPiA.jpg", "visibility": "public"}, {"height": 720, "source": {"url": "https://foursquare.com/download/#/iphone", "name": "Foursquare for iOS"}, "width": 957, "prefix": "https://igx.4sqi.net/img/general/", "createdAt": 1390809411, "id": "52e61143498e26e61d8ed4d8", "venue": {"like": false, "location": {"city": "Oneroa", "state": "Waiheke Island", "cc": "NZ", "country": "New Zealand", "lat": -36.782685, "lng": 175.010156, "labeledLatLngs": [{"label": "display", "lat": -36.782685, "lng": 175.010156}], "formattedAddress": ["Oneroa", "New Zealand"]}, "categories": [{"icon": {"prefix": "https://ss3.4sqi.net/img/categories_v2/food/mediterranean_", "suffix": ".png"}, "name": "Mediterranean Restaurant", "id": "4bf58dd8d48988d1c0941735", "pluralName": "Mediterranean Restaurants", "primary": true, "shortName": "Mediterranean"}], "verified": false, "contact": {}, "allowMenuUrlEdit": true, "stats": {"tipCount": 5, "usersCount": 177, "checkinsCount": 194}, "id": "4bd29e15462cb713f2c6dc07", "name": "Vino Vino", "beenHere": {"lastCheckinExpiredAt": 0}}, "suffix": "/1012363_G8DJUve2C6W7qBy7YBKSY-yW8lDiXcvIW4Pvyiapvc0.jpg", "visibility": "public"}, {"height": 720, "source": {"url": "https://foursquare.com/download/#/iphone", "name": "Foursquare for iOS"}, "width": 957, "prefix": "https://igx.4sqi.net/img/general/", "createdAt": 1389158402, "id": "52cce002498e9e42d9eca3ee", "venue": {"like": false, "location": {"formattedAddress": ["25 Victoria Street West", "Auckland 1010", "New Zealand"], "city": "Auckland", "lng": 174.7644489032911, "cc": "NZ", "state": "Auckland", "lat": -36.84903434522843, "address": "25 Victoria Street West", "labeledLatLngs": [{"label": "display", "lat": -36.84903434522843, "lng": 174.7644489032911}], "postalCode": "1010", "country": "New Zealand"}, "categories": [{"icon": {"prefix": "https://ss3.4sqi.net/img/categories_v2/food/japanese_", "suffix": ".png"}, "name": "Japanese Restaurant", "id": "4bf58dd8d48988d111941735", "pluralName": "Japanese Restaurants", "primary": true, "shortName": "Japanese"}], "verified": false, "contact": {}, "allowMenuUrlEdit": true, "stats": {"tipCount": 9, "usersCount": 411, "checkinsCount": 791}, "id": "4b579d66f964a5207e3928e3", "name": "Daikoku", "beenHere": {"lastCheckinExpiredAt": 0}}, "suffix": "/1012363_z5FtIgy94TjxPkCxe89_mVl4MR-P4bTx0ypvYajaBT4.jpg", "visibility": "public"}, {"height": 960, "source": {"url": "https://foursquare.com/download/#/iphone", "name": "Foursquare for iOS"}, "width": 720, "prefix": "https://igx.4sqi.net/img/general/", "createdAt": 1387525911, "id": "52b3f717498e1bf64e0a90f4", "venue": {"url": "http://splitpointlighthouse.com.au", "like": false, "location": {"city": "Fairhaven", "lng": 144.104662736936, "cc": "AU", "state": "VIC", "lat": -38.46727529133393, "address": "1 Federal St", "labeledLatLngs": [{"label": "display", "lat": -38.46727529133393, "lng": 144.104662736936}], "formattedAddress": ["1 Federal St", "Fairhaven VIC", "Australia"], "country": "Australia"}, "categories": [{"icon": {"prefix": "https://ss3.4sqi.net/img/categories_v2/parks_outdoors/lighthouse_", "suffix": ".png"}, "name": "Lighthouse", "id": "4bf58dd8d48988d15d941735", "pluralName": "Lighthouses", "primary": true, "shortName": "Lighthouse"}], "verified": false, "contact": {}, "beenHere": {"lastCheckinExpiredAt": 0}, "stats": {"tipCount": 16, "usersCount": 1706, "checkinsCount": 1883}, "id": "4bd4e3a04e32d13aca23c080", "name": "Split Point Lighthouse"}, "suffix": "/1012363_fYLsRf67jbfcf5YQ6AIlsRmo9dlVKQhsGFstG326Heo.jpg", "visibility": "public"}, {"height": 720, "source": {"url": "https://foursquare.com/download/#/iphone", "name": "Foursquare for iOS"}, "tip": {"agreeCount": 1, "canonicalUrl": "https://foursquare.com/item/52ae545d11d2b6f24a37ba25", "todo": {"count": 0}, "logView": true, "disagreeCount": 0, "createdAt": 1387156573, "id": "52ae545d11d2b6f24a37ba25", "text": "The pies are excellent. Nice pastry n good fillings.", "likes": {"groups": [{"items": [{"photo": {"prefix": "https://igx.4sqi.net/img/user/", "suffix": "/U3QGRF5KFK2DSS0S.jpg"}, "id": "39887589", "firstName": "Pirmin", "gender": "male", "lastName": "Schuermann"}], "count": 1, "type": "others"}], "count": 1, "summary": "1 like"}, "like": false, "type": "user"}, "width": 960, "prefix": "https://igx.4sqi.net/img/general/", "createdAt": 1387156578, "id": "52ae546211d28fabdde39e45", "venue": {"like": false, "location": {"formattedAddress": ["55 Burgess St.", "Bicheno TAS 7215", "Australia"], "city": "Bicheno", "lng": 148.30414295196533, "cc": "AU", "state": "TAS", "lat": -41.87600794924056, "address": "55 Burgess St.", "labeledLatLngs": [{"label": "display", "lat": -41.87600794924056, "lng": 148.30414295196533}], "postalCode": "7215", "country": "Australia"}, "categories": [{"icon": {"prefix": "https://ss3.4sqi.net/img/categories_v2/food/bakery_", "suffix": ".png"}, "name": "Bakery", "id": "4bf58dd8d48988d16a941735", "pluralName": "Bakeries", "primary": true, "shortName": "Bakery"}], "verified": false, "contact": {"formattedPhone": "+61 3 6375 1972", "phone": "+61363751972"}, "allowMenuUrlEdit": true, "stats": {"tipCount": 10, "usersCount": 117, "checkinsCount": 134}, "id": "4c771c9793faa093760df0fb", "name": "Blue Edge Bakery", "beenHere": {"lastCheckinExpiredAt": 0}}, "suffix": "/1012363_U7vASHw2JKUKJ0-7zwBqdcEtiZW44T6AfARC2cUM7u4.jpg", "visibility": "public"}, {"height": 720, "source": {"url": "https://foursquare.com/download/#/iphone", "name": "Foursquare for iOS"}, "width": 957, "prefix": "https://igx.4sqi.net/img/general/", "createdAt": 1382062661, "id": "52609a45498e0ba9eecbd7d6", "venue": {"like": false, "location": {"city": "Auckland", "lng": 174.76860918017294, "cc": "NZ", "state": "Auckland", "lat": -36.851812089600344, "address": "34 Princes St, Auckland Central", "labeledLatLngs": [{"label": "display", "lat": -36.851812089600344, "lng": 174.76860918017294}], "formattedAddress": ["34 Princes St, Auckland Central", "Auckland", "New Zealand"], "country": "New Zealand"}, "categories": [{"icon": {"prefix": "https://ss3.4sqi.net/img/categories_v2/food/cafe_", "suffix": ".png"}, "name": "Caf\u00e9", "id": "4bf58dd8d48988d16d941735", "pluralName": "Caf\u00e9s", "primary": true, "shortName": "Caf\u00e9"}], "verified": false, "contact": {}, "allowMenuUrlEdit": true, "stats": {"tipCount": 7, "usersCount": 165, "checkinsCount": 737}, "id": "4b53820af964a52044a027e3", "name": "Relax Coffee Lounge", "beenHere": {"lastCheckinExpiredAt": 0}}, "suffix": "/1012363_f8eZ1CDnjb-lDm1Y_rGAZvD7MO9CFGSra84e3BblyKs.jpg", "visibility": "public"}, {"height": 720, "source": {"url": "https://foursquare.com/download/#/iphone", "name": "Foursquare for iOS"}, "width": 957, "prefix": "https://igx.4sqi.net/img/general/", "createdAt": 1381694461, "id": "525afbfd11d23b10fff1c980", "venue": {"url": "http://www.sierracoffee.co.nz", "like": false, "location": {"city": "Auckland", "lng": 174.797643, "cc": "NZ", "state": "Auckland", "lat": -36.880775, "address": "367 Remuera Road", "labeledLatLngs": [{"label": "display", "lat": -36.880775, "lng": 174.797643}], "formattedAddress": ["367 Remuera Road", "Auckland", "New Zealand"], "country": "New Zealand"}, "categories": [{"icon": {"prefix": "https://ss3.4sqi.net/img/categories_v2/food/cafe_", "suffix": ".png"}, "name": "Caf\u00e9", "id": "4bf58dd8d48988d16d941735", "pluralName": "Caf\u00e9s", "primary": true, "shortName": "Caf\u00e9"}], "verified": false, "contact": {"formattedPhone": "+64 9-523 1527", "phone": "+6495231527"}, "allowMenuUrlEdit": true, "stats": {"tipCount": 1, "usersCount": 62, "checkinsCount": 84}, "id": "4b412d4ff964a520adc225e3", "name": "Sierra Cafe", "beenHere": {"lastCheckinExpiredAt": 0}}, "suffix": "/1012363_Pvnw52kibxEu3SdcH4nCx8T9fY6IklXXHkS7tmrF1OU.jpg", "visibility": "public"}, {"height": 957, "source": {"url": "https://foursquare.com/download/#/iphone", "name": "Foursquare for iOS"}, "width": 720, "prefix": "https://igx.4sqi.net/img/general/", "createdAt": 1381694016, "id": "525afa4011d2a0480294c12a", "venue": {"url": "http://www.sierracoffee.co.nz", "like": false, "location": {"city": "Auckland", "lng": 174.797643, "cc": "NZ", "state": "Auckland", "lat": -36.880775, "address": "367 Remuera Road", "labeledLatLngs": [{"label": "display", "lat": -36.880775, "lng": 174.797643}], "formattedAddress": ["367 Remuera Road", "Auckland", "New Zealand"], "country": "New Zealand"}, "categories": [{"icon": {"prefix": "https://ss3.4sqi.net/img/categories_v2/food/cafe_", "suffix": ".png"}, "name": "Caf\u00e9", "id": "4bf58dd8d48988d16d941735", "pluralName": "Caf\u00e9s", "primary": true, "shortName": "Caf\u00e9"}], "verified": false, "contact": {"formattedPhone": "+64 9-523 1527", "phone": "+6495231527"}, "allowMenuUrlEdit": true, "stats": {"tipCount": 1, "usersCount": 62, "checkinsCount": 84}, "id": "4b412d4ff964a520adc225e3", "name": "Sierra Cafe", "beenHere": {"lastCheckinExpiredAt": 0}}, "suffix": "/1012363_C-4spuYMeGPgHA0mtMw0EHi_ZFrlUEJcpCq5V2ADHsM.jpg", "visibility": "public"}, {"height": 720, "source": {"url": "https://foursquare.com/download/#/iphone", "name": "Foursquare for iOS"}, "width": 957, "prefix": "https://igx.4sqi.net/img/general/", "createdAt": 1381454691, "id": "52575363498e5d0c773f962d", "venue": {"location": {"formattedAddress": ["10 Roberts St", "Taupo 3330", "New Zealand"], "city": "Taupo", "lng": 176.0695796843526, "cc": "NZ", "state": "Waikato", "lat": -38.689616643108415, "address": "10 Roberts St", "labeledLatLngs": [{"label": "display", "lat": -38.689616643108415, "lng": 176.0695796843526}], "postalCode": "3330", "country": "New Zealand"}, "contact": {"formattedPhone": "+64 7-377 0086", "phone": "+6473770086"}, "verified": true, "allowMenuUrlEdit": true, "stats": {"tipCount": 18, "usersCount": 250, "checkinsCount": 351}, "id": "4b5bd9bdf964a520c81929e3", "storeId": "", "like": false, "categories": [{"icon": {"prefix": "https://ss3.4sqi.net/img/categories_v2/food/cafe_", "suffix": ".png"}, "name": "Caf\u00e9", "id": "4bf58dd8d48988d16d941735", "pluralName": "Caf\u00e9s", "primary": true, "shortName": "Caf\u00e9"}], "beenHere": {"lastCheckinExpiredAt": 0}, "name": "Taste Cafe", "venuePage": {"id": "90487395"}}, "suffix": "/1012363_cwNQKhFZGT2sliBo4xUiFlbYQBLUZdy3mcMViNx6AHM.jpg", "visibility": "public"}, {"height": 720, "source": {"url": "https://foursquare.com/download/#/iphone", "name": "Foursquare for iOS"}, "width": 958, "prefix": "https://igx.4sqi.net/img/general/", "createdAt": 1378432936, "id": "522937a8498eb2052f83e92c", "venue": {"like": false, "location": {"formattedAddress": ["off Tamaki Drive", "Auckland 1000", "New Zealand"], "city": "Auckland", "lng": 174.82600631958536, "cc": "NZ", "state": "Auckland", "lat": -36.84668120263524, "address": "off Tamaki Drive", "labeledLatLngs": [{"label": "display", "lat": -36.84668120263524, "lng": 174.82600631958536}], "postalCode": "1000", "country": "New Zealand"}, "categories": [{"icon": {"prefix": "https://ss3.4sqi.net/img/categories_v2/parks_outdoors/sceniclookout_", "suffix": ".png"}, "name": "Scenic Lookout", "id": "4bf58dd8d48988d165941735", "pluralName": "Scenic Lookouts", "primary": true, "shortName": "Scenic Lookout"}], "verified": false, "contact": {"twitter": "peeyooshchandra"}, "beenHere": {"lastCheckinExpiredAt": 0}, "stats": {"tipCount": 2, "usersCount": 111, "checkinsCount": 230}, "id": "4b81cc47f964a520a3be30e3", "name": "Bastion Point"}, "suffix": "/1012363_7j2ntsVdKWmkICVqqngq8CG_kR-e9fbplrJuu8pXlXU.jpg", "visibility": "public"}, {"height": 809, "source": {"url": "https://foursquare.com/download/#/iphone", "name": "Foursquare for iOS"}, "width": 720, "prefix": "https://igx.4sqi.net/img/general/", "createdAt": 1378253538, "id": "52267ae211d2ad5c472d2c9e", "venue": {"like": false, "location": {"city": "Mission Bay", "lng": 174.832196, "cc": "NZ", "state": "Auckland", "lat": -36.848251819610596, "address": "85 Tamaki Dr.", "labeledLatLngs": [{"label": "display", "lat": -36.848251819610596, "lng": 174.832196}], "formattedAddress": ["85 Tamaki Dr.", "Mission Bay", "New Zealand"], "country": "New Zealand"}, "categories": [{"icon": {"prefix": "https://ss3.4sqi.net/img/categories_v2/food/cafe_", "suffix": ".png"}, "name": "Caf\u00e9", "id": "4bf58dd8d48988d16d941735", "pluralName": "Caf\u00e9s", "primary": true, "shortName": "Caf\u00e9"}], "verified": false, "contact": {}, "allowMenuUrlEdit": true, "stats": {"tipCount": 19, "usersCount": 455, "checkinsCount": 815}, "id": "4b71ce44f964a5207e5d2de3", "name": "Mission Bay Cafe", "beenHere": {"lastCheckinExpiredAt": 0}}, "suffix": "/1012363_pgSYaCqViaD4x_Jg5lYDIuVV1JToZBDGM4w66WWdmv4.jpg", "visibility": "public"}, {"height": 720, "source": {"url": "https://foursquare.com/download/#/iphone", "name": "Foursquare for iOS"}, "width": 957, "prefix": "https://igx.4sqi.net/img/general/", "createdAt": 1364263116, "id": "515100cce4b0cd7e5e1c4977", "venue": {"like": false, "location": {"formattedAddress": ["#01-116 Old Airport Rd. Market & Food Centre (51 Old Airport Rd.)", "390051", "Singapore"], "city": "Singapore", "lng": 103.88624735952823, "cc": "SG", "country": "Singapore", "crossStreet": "51 Old Airport Rd.", "lat": 1.3080391600065608, "address": "#01-116 Old Airport Rd. Market & Food Centre", "labeledLatLngs": [{"label": "display", "lat": 1.3080391600065608, "lng": 103.88624735952823}], "postalCode": "390051"}, "categories": [{"icon": {"prefix": "https://ss3.4sqi.net/img/categories_v2/food/asian_", "suffix": ".png"}, "name": "Chinese Restaurant", "id": "4bf58dd8d48988d145941735", "pluralName": "Chinese Restaurants", "primary": true, "shortName": "Chinese"}], "verified": false, "contact": {}, "allowMenuUrlEdit": true, "stats": {"tipCount": 18, "usersCount": 342, "checkinsCount": 579}, "id": "4ca7dfadb0b8236a2e1eaee6", "name": "Xin Mei Xiang Lor Mee", "beenHere": {"lastCheckinExpiredAt": 0}}, "suffix": "/1012363_7hnAyNBZaj7WyxyOqoDgMguG0_bJ4OZIeE8LTF3EfNc.jpg", "visibility": "public"}, {"height": 729, "source": {"url": "https://foursquare.com/download/#/iphone", "name": "Foursquare for iOS"}, "width": 720, "prefix": "https://igx.4sqi.net/img/general/", "createdAt": 1363786600, "id": "5149bb68e4b061d1a947f91f", "venue": {"like": false, "location": {"formattedAddress": ["Great World City, #B1-10 (Kim Seng Promenade)", "237994", "Singapore"], "city": "Singapore", "lng": 103.83180119146752, "cc": "SG", "country": "Singapore", "crossStreet": "Kim Seng Promenade", "lat": 1.2935728386350693, "address": "Great World City, #B1-10", "labeledLatLngs": [{"label": "display", "lat": 1.2935728386350693, "lng": 103.83180119146752}], "postalCode": "237994"}, "categories": [{"icon": {"prefix": "https://ss3.4sqi.net/img/categories_v2/food/frozenyogurt_", "suffix": ".png"}, "name": "Frozen Yogurt Shop", "id": "512e7cae91d4cbb4e5efe0af", "pluralName": "Frozen Yogurt Shops", "primary": true, "shortName": "Yogurt"}], "verified": false, "contact": {}, "allowMenuUrlEdit": true, "stats": {"tipCount": 6, "usersCount": 83, "checkinsCount": 219}, "id": "4bea46324f5576b0e41db396", "name": "Whyogurt", "beenHere": {"lastCheckinExpiredAt": 0}}, "suffix": "/1012363_8eshvmYPsiQJ_9FTDqZSNKyIrJtCcORxQGm216yZUTY.jpg", "visibility": "public"}, {"height": 720, "source": {"url": "https://foursquare.com/download/#/iphone", "name": "Foursquare for iOS"}, "width": 957, "prefix": "https://igx.4sqi.net/img/general/", "createdAt": 1363607432, "id": "5146ff88e4b0c80a431860ba", "venue": {"location": {"formattedAddress": ["#02-34 Jurong Point (JP1) (1 Jurong West Central 2)", "648886", "Singapore"], "city": "Singapore", "lng": 103.70644780354566, "cc": "SG", "country": "Singapore", "crossStreet": "1 Jurong West Central 2", "lat": 1.340339522787505, "address": "#02-34 Jurong Point (JP1)", "labeledLatLngs": [{"label": "display", "lat": 1.340339522787505, "lng": 103.70644780354566}], "postalCode": "648886"}, "contact": {"twitter": "putien_sg", "facebookName": "PUTIEN RESTAURANT", "formattedPhone": "+65 6795 2338", "phone": "+6567952338", "facebookUsername": "PUTIEN.RESTAURANT", "facebook": "265812522802"}, "verified": true, "allowMenuUrlEdit": true, "stats": {"tipCount": 23, "usersCount": 1042, "checkinsCount": 1518}, "id": "4c0bddb84d49ef3bf6fa5b6a", "storeId": "", "url": "http://www.putien.com", "like": false, "categories": [{"icon": {"prefix": "https://ss3.4sqi.net/img/categories_v2/food/asian_", "suffix": ".png"}, "name": "Chinese Restaurant", "id": "4bf58dd8d48988d145941735", "pluralName": "Chinese Restaurants", "primary": true, "shortName": "Chinese"}], "beenHere": {"lastCheckinExpiredAt": 0}, "name": "PUTIEN Restaurant \u8386\u7530\u83dc\u9986"}, "suffix": "/1012363_8oBfH9gmEVYbG-chGD7sAgJOEor3SrIN5wFPK_rCNEQ.jpg", "visibility": "public"}, {"height": 720, "source": {"url": "https://foursquare.com/download/#/iphone", "name": "Foursquare for iOS"}, "width": 952, "prefix": "https://igx.4sqi.net/img/general/", "createdAt": 1363185839, "id": "514090afe4b016127cc20bf4", "venue": {"location": {"formattedAddress": ["#02-205 Marina Square (6 Raffles Boulevard)", "039594", "Singapore"], "city": "Singapore", "lng": 103.85890831181635, "cc": "SG", "country": "Singapore", "crossStreet": "6 Raffles Boulevard", "lat": 1.2914802833925119, "address": "#02-205 Marina Square", "labeledLatLngs": [{"label": "display", "lat": 1.2914802833925119, "lng": 103.85890831181635}], "postalCode": "039594"}, "contact": {"twitter": "putien_sg", "facebookName": "PUTIEN RESTAURANT", "formattedPhone": "+65 6336 4068", "phone": "+6563364068", "facebookUsername": "PUTIEN.RESTAURANT", "facebook": "265812522802"}, "verified": true, "allowMenuUrlEdit": true, "stats": {"tipCount": 12, "usersCount": 1328, "checkinsCount": 1724}, "id": "4d08ad7e9232236a4c1abf53", "storeId": "", "url": "http://www.putien.com", "like": false, "categories": [{"icon": {"prefix": "https://ss3.4sqi.net/img/categories_v2/food/asian_", "suffix": ".png"}, "name": "Chinese Restaurant", "id": "4bf58dd8d48988d145941735", "pluralName": "Chinese Restaurants", "primary": true, "shortName": "Chinese"}], "beenHere": {"lastCheckinExpiredAt": 0}, "name": "PUTIEN Restaurant \u8386\u7530\u83dc\u9986"}, "suffix": "/1012363_JpL7qtedf5FcPCwQQh-uMekgnIVHvvFDmnMWO5XlkYg.jpg", "visibility": "public"}, {"height": 639, "source": {"url": "https://foursquare.com/download/#/iphone", "name": "Foursquare for iOS"}, "width": 960, "prefix": "https://igx.4sqi.net/img/general/", "createdAt": 1362636841, "id": "51383029e4b0a107b3e06b75", "venue": {"like": false, "location": {"city": "Singapore", "lng": 103.864094834719, "cc": "SG", "country": "Singapore", "crossStreet": "Gardens by the Bay", "lat": 1.2816219668520876, "address": "Supertree Grove Casual Dining", "labeledLatLngs": [{"label": "display", "lat": 1.2816219668520876, "lng": 103.864094834719}], "formattedAddress": ["Supertree Grove Casual Dining (Gardens by the Bay)", "Singapore"]}, "categories": [{"icon": {"prefix": "https://ss3.4sqi.net/img/categories_v2/food/asian_", "suffix": ".png"}, "name": "Asian Restaurant", "id": "4bf58dd8d48988d142941735", "pluralName": "Asian Restaurants", "primary": true, "shortName": "Asian"}], "verified": false, "contact": {"formattedPhone": "+65 6636 3323", "phone": "+6566363323"}, "allowMenuUrlEdit": true, "stats": {"tipCount": 24, "usersCount": 687, "checkinsCount": 862}, "id": "4ff91753e4b0a7f7416d13e0", "name": "Hill Street Coffee Shop", "beenHere": {"lastCheckinExpiredAt": 0}}, "suffix": "/1012363_OuUZnWSPsCuKMkFvjHr29-vkKWHTCRBQX3JUa-gZGNk.jpg", "visibility": "public"}, {"height": 720, "source": {"url": "https://foursquare.com/download/#/iphone", "name": "Foursquare for iOS"}, "width": 960, "prefix": "https://igx.4sqi.net/img/general/", "createdAt": 1362011439, "id": "512ea52fe4b00b113e243c31", "venue": {"like": false, "location": {"city": "Singapore", "lng": 103.72157746685136, "cc": "SG", "country": "Singapore", "crossStreet": "Blk 3 Yung Sheng Rd", "lat": 1.3345859688214181, "address": "#03-146 Taman Jurong Food Centre", "labeledLatLngs": [{"label": "display", "lat": 1.3345859688214181, "lng": 103.72157746685136}], "formattedAddress": ["#03-146 Taman Jurong Food Centre (Blk 3 Yung Sheng Rd)", "Singapore"]}, "categories": [{"icon": {"prefix": "https://ss3.4sqi.net/img/categories_v2/food/ramen_", "suffix": ".png"}, "name": "Noodle House", "id": "4bf58dd8d48988d1d1941735", "pluralName": "Noodle Houses", "primary": true, "shortName": "Noodles"}], "verified": false, "contact": {}, "allowMenuUrlEdit": true, "stats": {"tipCount": 5, "usersCount": 56, "checkinsCount": 76}, "id": "4db0d7af8154905aadb59642", "name": "Feng Zhen Lor Mee", "beenHere": {"lastCheckinExpiredAt": 0}}, "suffix": "/1012363_3NK-yk944QvGDmTOv5K_bbhtG0QrtS-wbUZlEZPLhcQ.jpg", "visibility": "public"}, {"height": 720, "source": {"url": "https://foursquare.com/download/#/iphone", "name": "Foursquare for iOS"}, "width": 960, "prefix": "https://igx.4sqi.net/img/general/", "createdAt": 1360822940, "id": "511c829ce4b017a41d4c38fa", "venue": {"like": false, "location": {"city": "Auckland", "lng": 174.76647299742692, "cc": "NZ", "state": "Auckland", "crossStreet": "Auckland", "lat": -36.8547184770852, "address": "15 Mount Street", "labeledLatLngs": [{"label": "display", "lat": -36.8547184770852, "lng": 174.76647299742692}], "formattedAddress": ["15 Mount Street (Auckland)", "Auckland", "New Zealand"], "country": "New Zealand"}, "categories": [{"icon": {"prefix": "https://ss3.4sqi.net/img/categories_v2/food/japanese_", "suffix": ".png"}, "name": "Japanese Restaurant", "id": "4bf58dd8d48988d111941735", "pluralName": "Japanese Restaurants", "primary": true, "shortName": "Japanese"}], "verified": false, "contact": {"formattedPhone": "+64 9-368 1900", "phone": "+6493681900"}, "allowMenuUrlEdit": true, "stats": {"tipCount": 8, "usersCount": 123, "checkinsCount": 499}, "id": "4b68bae6f964a520a5892be3", "name": "Bien Japanese Cuisine", "beenHere": {"lastCheckinExpiredAt": 0}}, "suffix": "/1012363_EZYY67r9hrfT1INQvILSeEpYN3sC9cot8np0ju654ZY.jpg", "visibility": "public"}, {"height": 720, "source": {"url": "https://foursquare.com/download/#/iphone", "name": "Foursquare for iOS"}, "width": 960, "prefix": "https://igx.4sqi.net/img/general/", "createdAt": 1359425630, "id": "5107305ee4b0f2083284d36c", "venue": {"like": false, "location": {"formattedAddress": ["21 Chancery St", "Auckland 1010", "New Zealand"], "city": "Auckland", "lng": 174.767494, "cc": "NZ", "state": "Auckland", "lat": -36.8479683, "address": "21 Chancery St", "labeledLatLngs": [{"label": "display", "lat": -36.8479683, "lng": 174.767494}], "postalCode": "1010", "country": "New Zealand"}, "categories": [{"icon": {"prefix": "https://ss3.4sqi.net/img/categories_v2/food/malaysian_", "suffix": ".png"}, "name": "Malay Restaurant", "id": "4bf58dd8d48988d156941735", "pluralName": "Malay Restaurants", "primary": true, "shortName": "Malay"}], "verified": true, "contact": {"formattedPhone": "+64 9-948 6479", "phone": "+6499486479"}, "allowMenuUrlEdit": true, "stats": {"tipCount": 32, "usersCount": 572, "checkinsCount": 1317}, "id": "4db241fd043733cda52136bf", "name": "Mamak Malaysian Restaurant", "beenHere": {"lastCheckinExpiredAt": 0}}, "suffix": "/1012363_Vb8qeb7vsdgtEoOgo_wZe0Iy31n9sQH3zuJRH3GcwAk.jpg", "visibility": "public"}, {"height": 720, "source": {"url": "https://foursquare.com/download/#/iphone", "name": "Foursquare for iOS"}, "width": 960, "prefix": "https://igx.4sqi.net/img/general/", "createdAt": 1358037572, "id": "50f20244e4b09d1e7308df39", "venue": {"like": false, "location": {"city": "Auckland", "lng": 174.745553, "cc": "NZ", "state": "Auckland", "lat": -36.801871, "address": "4-10 Kilham Avenue", "labeledLatLngs": [{"label": "display", "lat": -36.801871, "lng": 174.745553}], "formattedAddress": ["4-10 Kilham Avenue", "Auckland", "New Zealand"], "country": "New Zealand"}, "categories": [{"icon": {"prefix": "https://ss3.4sqi.net/img/categories_v2/food/asian_", "suffix": ".png"}, "name": "Chinese Restaurant", "id": "4bf58dd8d48988d145941735", "pluralName": "Chinese Restaurants", "primary": true, "shortName": "Chinese"}], "verified": false, "contact": {}, "allowMenuUrlEdit": true, "stats": {"tipCount": 0, "usersCount": 6, "checkinsCount": 46}, "id": "5094c49be4b0c953ed52b2bc", "name": "Fu-u roast n BBQ", "beenHere": {"lastCheckinExpiredAt": 0}}, "suffix": "/1012363_wdGHUN0HJHhFIgPREKJ_-IlZzcX4N9roLsS_i49r2zQ.jpg", "visibility": "public"}, {"height": 960, "source": {"url": "https://foursquare.com/download/#/iphone", "name": "Foursquare for iOS"}, "width": 720, "prefix": "https://igx.4sqi.net/img/general/", "createdAt": 1357344689, "id": "50e76fb1e4b037d24505f575", "venue": {"like": false, "location": {"formattedAddress": ["Anzac Sq", "Dunedin 9016", "New Zealand"], "city": "Dunedin", "lng": 170.5088746547699, "cc": "NZ", "state": "Otago", "lat": -45.87528741545133, "address": "Anzac Sq", "labeledLatLngs": [{"label": "display", "lat": -45.87528741545133, "lng": 170.5088746547699}], "postalCode": "9016", "country": "New Zealand"}, "categories": [{"icon": {"prefix": "https://ss3.4sqi.net/img/categories_v2/travel/trainstation_", "suffix": ".png"}, "name": "Train Station", "id": "4bf58dd8d48988d129951735", "pluralName": "Train Stations", "primary": true, "shortName": "Train Station"}], "verified": false, "contact": {}, "beenHere": {"lastCheckinExpiredAt": 0}, "stats": {"tipCount": 8, "usersCount": 919, "checkinsCount": 1157}, "id": "4b311b73f964a520580025e3", "name": "Dunedin Railway Station"}, "suffix": "/1012363_C7_fuxIAhDQwA4WuDouRSd2KInqxNOcQfUayMK0X95s.jpg", "visibility": "public"}, {"height": 960, "source": {"url": "https://foursquare.com/download/#/iphone", "name": "Foursquare for iOS"}, "width": 720, "prefix": "https://igx.4sqi.net/img/general/", "createdAt": 1357344682, "id": "50e76faae4b0e017c8bb7088", "venue": {"like": false, "location": {"formattedAddress": ["Anzac Sq", "Dunedin 9016", "New Zealand"], "city": "Dunedin", "lng": 170.5088746547699, "cc": "NZ", "state": "Otago", "lat": -45.87528741545133, "address": "Anzac Sq", "labeledLatLngs": [{"label": "display", "lat": -45.87528741545133, "lng": 170.5088746547699}], "postalCode": "9016", "country": "New Zealand"}, "categories": [{"icon": {"prefix": "https://ss3.4sqi.net/img/categories_v2/travel/trainstation_", "suffix": ".png"}, "name": "Train Station", "id": "4bf58dd8d48988d129951735", "pluralName": "Train Stations", "primary": true, "shortName": "Train Station"}], "verified": false, "contact": {}, "beenHere": {"lastCheckinExpiredAt": 0}, "stats": {"tipCount": 8, "usersCount": 919, "checkinsCount": 1157}, "id": "4b311b73f964a520580025e3", "name": "Dunedin Railway Station"}, "suffix": "/1012363_h14-SPNiB4ZziJ2qmwh_o-xEFyg0ARiGWHSL9IEUQ68.jpg", "visibility": "public"}, {"height": 960, "source": {"url": "https://foursquare.com/download/#/iphone", "name": "Foursquare for iOS"}, "width": 720, "prefix": "https://igx.4sqi.net/img/general/", "createdAt": 1357344670, "id": "50e76f9ee4b0e26344f10407", "venue": {"like": false, "location": {"formattedAddress": ["Anzac Sq", "Dunedin 9016", "New Zealand"], "city": "Dunedin", "lng": 170.5088746547699, "cc": "NZ", "state": "Otago", "lat": -45.87528741545133, "address": "Anzac Sq", "labeledLatLngs": [{"label": "display", "lat": -45.87528741545133, "lng": 170.5088746547699}], "postalCode": "9016", "country": "New Zealand"}, "categories": [{"icon": {"prefix": "https://ss3.4sqi.net/img/categories_v2/travel/trainstation_", "suffix": ".png"}, "name": "Train Station", "id": "4bf58dd8d48988d129951735", "pluralName": "Train Stations", "primary": true, "shortName": "Train Station"}], "verified": false, "contact": {}, "beenHere": {"lastCheckinExpiredAt": 0}, "stats": {"tipCount": 8, "usersCount": 919, "checkinsCount": 1157}, "id": "4b311b73f964a520580025e3", "name": "Dunedin Railway Station"}, "suffix": "/1012363_cVhAPbP8yIfRrGEi-RlFPrGmcoI862erhJPmIulEflE.jpg", "visibility": "public"}, {"height": 960, "source": {"url": "https://foursquare.com/download/#/iphone", "name": "Foursquare for iOS"}, "width": 720, "prefix": "https://igx.4sqi.net/img/general/", "createdAt": 1357344246, "id": "50e76df6e4b00a3cd5ac6aa4", "venue": {"location": {"city": "Dunedin", "lng": 170.5061025848784, "cc": "NZ", "state": "Otago", "lat": -45.876845897079114, "address": "31 Queens Gardens", "labeledLatLngs": [{"label": "display", "lat": -45.876845897079114, "lng": 170.5061025848784}], "formattedAddress": ["31 Queens Gardens", "Dunedin", "New Zealand"], "country": "New Zealand"}, "contact": {"formattedPhone": "+64 3-477 5052", "phone": "+6434775052"}, "verified": true, "allowMenuUrlEdit": true, "stats": {"tipCount": 7, "usersCount": 302, "checkinsCount": 375}, "id": "4b36b3f6f964a520f63a25e3", "storeId": "", "like": false, "categories": [{"icon": {"prefix": "https://ss3.4sqi.net/img/categories_v2/arts_entertainment/museum_history_", "suffix": ".png"}, "name": "History Museum", "id": "4bf58dd8d48988d190941735", "pluralName": "History Museums", "primary": true, "shortName": "History Museum"}], "beenHere": {"lastCheckinExpiredAt": 0}, "name": "Toit\u016b Otago Settlers Museum", "venuePage": {"id": "55689225"}}, "suffix": "/1012363_1UDatFZBtK1smoxexOFwBYLa4fRLVzrEdYTxdz00gTk.jpg", "visibility": "public"}, {"height": 720, "source": {"url": "https://foursquare.com/download/#/iphone", "name": "Foursquare for iOS"}, "tip": {"agreeCount": 0, "canonicalUrl": "https://foursquare.com/item/50e76da5e4b040817bf40bcc", "todo": {"count": 0}, "logView": true, "disagreeCount": 0, "createdAt": 1357344165, "id": "50e76da5e4b040817bf40bcc", "text": "It's a very nicely laid out museum with interesting historical tidbits of early Otago. It's a rather immersive experience!", "likes": {"groups": [], "count": 0}, "like": false, "type": "user"}, "width": 960, "prefix": "https://igx.4sqi.net/img/general/", "createdAt": 1357344173, "id": "50e76dade4b079e6db7178bd", "venue": {"location": {"city": "Dunedin", "lng": 170.5061025848784, "cc": "NZ", "state": "Otago", "lat": -45.876845897079114, "address": "31 Queens Gardens", "labeledLatLngs": [{"label": "display", "lat": -45.876845897079114, "lng": 170.5061025848784}], "formattedAddress": ["31 Queens Gardens", "Dunedin", "New Zealand"], "country": "New Zealand"}, "contact": {"formattedPhone": "+64 3-477 5052", "phone": "+6434775052"}, "verified": true, "allowMenuUrlEdit": true, "stats": {"tipCount": 7, "usersCount": 302, "checkinsCount": 375}, "id": "4b36b3f6f964a520f63a25e3", "storeId": "", "like": false, "categories": [{"icon": {"prefix": "https://ss3.4sqi.net/img/categories_v2/arts_entertainment/museum_history_", "suffix": ".png"}, "name": "History Museum", "id": "4bf58dd8d48988d190941735", "pluralName": "History Museums", "primary": true, "shortName": "History Museum"}], "beenHere": {"lastCheckinExpiredAt": 0}, "name": "Toit\u016b Otago Settlers Museum", "venuePage": {"id": "55689225"}}, "suffix": "/1012363_euG6U0v-AevRhu5gEAy99HE1IZvOtc4FastD45JqdoM.jpg", "visibility": "public"}, {"height": 960, "source": {"url": "https://foursquare.com/download/#/iphone", "name": "Foursquare for iOS"}, "width": 720, "prefix": "https://igx.4sqi.net/img/general/", "createdAt": 1357336888, "id": "50e75138e4b0112deb88af32", "venue": {"venueRatingBlacklisted": true, "like": false, "location": {"isFuzzed": true, "cc": "NZ", "country": "New Zealand", "lat": -45.86758280436213, "lng": 170.51330756830376, "formattedAddress": ["New Zealand"]}, "categories": [{"icon": {"prefix": "https://ss3.4sqi.net/img/categories_v2/building/home_", "suffix": ".png"}, "name": "Home (private)", "id": "4bf58dd8d48988d103941735", "pluralName": "Homes (private)", "primary": true, "shortName": "Home"}], "verified": false, "contact": {}, "beenHere": {"lastCheckinExpiredAt": 0}, "stats": {"tipCount": 0, "usersCount": 1, "checkinsCount": 3}, "id": "50e563cee4b02660bbd5b9f7", "name": "26 Forth Street"}, "suffix": "/1012363_XWvv-ITKW3KXXpUk7n1GwVJ7LUlzr7UBBOfRXJfEULQ.jpg", "visibility": "public"}, {"height": 720, "source": {"url": "https://foursquare.com/download/#/iphone", "name": "Foursquare for iOS"}, "width": 960, "prefix": "https://igx.4sqi.net/img/general/", "createdAt": 1357255641, "id": "50e613d9e4b0f98a935d9d4d", "venue": {"url": "http://cadbury.co.nz/cadbury-world/", "like": false, "location": {"city": "Dunedin", "lng": 170.50695426858425, "cc": "NZ", "state": "Otago", "lat": -45.87419639929097, "address": "280 Cumberland St", "labeledLatLngs": [{"label": "display", "lat": -45.87419639929097, "lng": 170.50695426858425}], "formattedAddress": ["280 Cumberland St", "Dunedin", "New Zealand"], "country": "New Zealand"}, "categories": [{"icon": {"prefix": "https://ss3.4sqi.net/img/categories_v2/shops/candystore_", "suffix": ".png"}, "name": "Candy Store", "id": "4bf58dd8d48988d117951735", "pluralName": "Candy Stores", "primary": true, "shortName": "Candy Store"}], "verified": false, "contact": {"formattedPhone": "+64 800 223 2879", "phone": "+648002232879"}, "allowMenuUrlEdit": true, "stats": {"tipCount": 16, "usersCount": 831, "checkinsCount": 898}, "id": "4c0eda492466a5932ac67921", "name": "Cadbury World", "beenHere": {"lastCheckinExpiredAt": 0}}, "suffix": "/1012363_kLo6qdcWu9PtjleitJ2tCc0pMID2T9QAamSdOChQooE.jpg", "visibility": "public"}, {"height": 720, "source": {"url": "https://foursquare.com/download/#/iphone", "name": "Foursquare for iOS"}, "width": 960, "prefix": "https://igx.4sqi.net/img/general/", "createdAt": 1357252313, "id": "50e606d9e4b02f9800769dc9", "venue": {"like": false, "location": {"cc": "NZ", "country": "New Zealand", "lat": -45.867178, "lng": 170.511698, "labeledLatLngs": [{"label": "display", "lat": -45.867178, "lng": 170.511698}], "formattedAddress": ["New Zealand"]}, "categories": [{"icon": {"prefix": "https://ss3.4sqi.net/img/categories_v2/food/cafe_", "suffix": ".png"}, "name": "Caf\u00e9", "id": "4bf58dd8d48988d16d941735", "pluralName": "Caf\u00e9s", "primary": true, "shortName": "Caf\u00e9"}], "verified": false, "contact": {}, "allowMenuUrlEdit": true, "stats": {"tipCount": 1, "usersCount": 18, "checkinsCount": 28}, "id": "4ba01712f964a520255937e3", "name": "Green Acorn", "beenHere": {"lastCheckinExpiredAt": 0}}, "suffix": "/1012363_S7TdmebxgbfdN5KENm545VHOT4UtRb8qDVmipxzKvMQ.jpg", "visibility": "public"}, {"height": 720, "source": {"url": "https://foursquare.com/download/#/iphone", "name": "Foursquare for iOS"}, "width": 960, "prefix": "https://igx.4sqi.net/img/general/", "createdAt": 1357167977, "id": "50e4bd69e4b0dfa8e1121a3f", "venue": {"like": false, "location": {"city": "Portobello", "state": "Otago", "cc": "NZ", "country": "New Zealand", "lat": -45.839722, "lng": 170.651193, "labeledLatLngs": [{"label": "display", "lat": -45.839722, "lng": 170.651193}], "formattedAddress": ["Portobello", "New Zealand"]}, "categories": [{"icon": {"prefix": "https://ss3.4sqi.net/img/categories_v2/travel/hotel_bar_", "suffix": ".png"}, "name": "Hotel Bar", "id": "4bf58dd8d48988d1d5941735", "pluralName": "Hotel Bars", "primary": true, "shortName": "Hotel Bar"}], "verified": false, "contact": {}, "allowMenuUrlEdit": true, "stats": {"tipCount": 1, "usersCount": 50, "checkinsCount": 52}, "id": "4e4df7cad22daf51d261aa36", "name": "Portobello Hotel & Bistro", "beenHere": {"lastCheckinExpiredAt": 0}}, "suffix": "/1012363_M5wwQk9FwZFZTGrSaF-WrRye_mkmaHrJ2Zbo7kABARQ.jpg", "visibility": "public"}, {"height": 960, "source": {"url": "https://foursquare.com/download/#/iphone", "name": "Foursquare for iOS"}, "width": 720, "prefix": "https://igx.4sqi.net/img/general/", "createdAt": 1357000658, "id": "50e22fd2e4b0b781b65066ec", "venue": {"like": false, "location": {"lng": 174.79031315699402, "cc": "NZ", "country": "New Zealand", "lat": -37.00635820270226, "address": "Auckland Airport", "labeledLatLngs": [{"label": "display", "lat": -37.00635820270226, "lng": 174.79031315699402}], "formattedAddress": ["Auckland Airport", "New Zealand"]}, "categories": [{"icon": {"prefix": "https://ss3.4sqi.net/img/categories_v2/food/coffeeshop_", "suffix": ".png"}, "name": "Coffee Shop", "id": "4bf58dd8d48988d1e0931735", "pluralName": "Coffee Shops", "primary": true, "shortName": "Coffee Shop"}], "verified": false, "contact": {}, "allowMenuUrlEdit": true, "stats": {"tipCount": 5, "usersCount": 189, "checkinsCount": 318}, "id": "4b561dc7f964a520260128e3", "name": "Take off Espresso", "beenHere": {"lastCheckinExpiredAt": 0}}, "suffix": "/1012363_BPJbcL5CZn9gPTwNIpsUm8B1VVg9NBzGC86ryvFVfZA.jpg", "visibility": "public"}, {"height": 960, "source": {"url": "https://foursquare.com/download/#/iphone", "name": "Foursquare for iOS"}, "width": 720, "prefix": "https://igx.4sqi.net/img/general/", "createdAt": 1356658108, "id": "50dcf5bce4b021301bd480a3", "venue": {"like": false, "location": {"city": "Auckland", "lng": 174.765759, "cc": "NZ", "state": "Auckland", "lat": -36.849589, "address": "8 Lorne St", "labeledLatLngs": [{"label": "display", "lat": -36.849589, "lng": 174.765759}], "formattedAddress": ["8 Lorne St", "Auckland", "New Zealand"], "country": "New Zealand"}, "categories": [{"icon": {"prefix": "https://ss3.4sqi.net/img/categories_v2/food/vietnamese_", "suffix": ".png"}, "name": "Vietnamese Restaurant", "id": "4bf58dd8d48988d14a941735", "pluralName": "Vietnamese Restaurants", "primary": true, "shortName": "Vietnamese"}], "verified": false, "contact": {}, "allowMenuUrlEdit": true, "stats": {"tipCount": 4, "usersCount": 119, "checkinsCount": 202}, "id": "4f3f0663e4b08b2471720dad", "name": "Pho Saigon", "beenHere": {"lastCheckinExpiredAt": 0}}, "suffix": "/1012363_-qi8fWeO0PdJO1kMuX72a-8fGZXEnCkjhTJpdrTMRCM.jpg", "visibility": "public"}, {"height": 960, "source": {"url": "https://foursquare.com/download/#/iphone", "name": "Foursquare for iOS"}, "width": 720, "prefix": "https://igx.4sqi.net/img/general/", "createdAt": 1356582354, "id": "50dbcdd2e4b03ac47f799007", "venue": {"url": "http://www.chocolateboutique.co.nz", "like": false, "location": {"formattedAddress": ["323 Parnell Rd.", "Parnell 1052", "New Zealand"], "city": "Parnell", "lng": 174.78124620107792, "cc": "NZ", "state": "Auckland", "lat": -36.85721878820785, "address": "323 Parnell Rd.", "labeledLatLngs": [{"label": "display", "lat": -36.85721878820785, "lng": 174.78124620107792}], "postalCode": "1052", "country": "New Zealand"}, "categories": [{"icon": {"prefix": "https://ss3.4sqi.net/img/categories_v2/food/dessert_", "suffix": ".png"}, "name": "Dessert Shop", "id": "4bf58dd8d48988d1d0941735", "pluralName": "Dessert Shops", "primary": true, "shortName": "Desserts"}], "verified": false, "contact": {"formattedPhone": "+64 9-377 8550", "phone": "+6493778550"}, "allowMenuUrlEdit": true, "stats": {"tipCount": 35, "usersCount": 947, "checkinsCount": 1531}, "id": "4b1376e0f964a520349723e3", "name": "Chocolate Boutique", "beenHere": {"lastCheckinExpiredAt": 0}}, "suffix": "/1012363_UQX___8f8zS5SQVyplSEAqPCGM1x1xiV_Fx_Zu4yFw8.jpg", "visibility": "public"}, {"height": 720, "source": {"url": "https://foursquare.com/download/#/iphone", "name": "Foursquare for iOS"}, "width": 960, "prefix": "https://igx.4sqi.net/img/general/", "createdAt": 1356582350, "id": "50dbcdcee4b0b8da10310082", "venue": {"url": "http://www.chocolateboutique.co.nz", "like": false, "location": {"formattedAddress": ["323 Parnell Rd.", "Parnell 1052", "New Zealand"], "city": "Parnell", "lng": 174.78124620107792, "cc": "NZ", "state": "Auckland", "lat": -36.85721878820785, "address": "323 Parnell Rd.", "labeledLatLngs": [{"label": "display", "lat": -36.85721878820785, "lng": 174.78124620107792}], "postalCode": "1052", "country": "New Zealand"}, "categories": [{"icon": {"prefix": "https://ss3.4sqi.net/img/categories_v2/food/dessert_", "suffix": ".png"}, "name": "Dessert Shop", "id": "4bf58dd8d48988d1d0941735", "pluralName": "Dessert Shops", "primary": true, "shortName": "Desserts"}], "verified": false, "contact": {"formattedPhone": "+64 9-377 8550", "phone": "+6493778550"}, "allowMenuUrlEdit": true, "stats": {"tipCount": 35, "usersCount": 947, "checkinsCount": 1531}, "id": "4b1376e0f964a520349723e3", "name": "Chocolate Boutique", "beenHere": {"lastCheckinExpiredAt": 0}}, "suffix": "/1012363_2rSBW9AQAyCAGYf-OHDK7_U2admBgUPcDiVBMB2h09A.jpg", "visibility": "public"}, {"height": 960, "source": {"url": "https://foursquare.com/download/#/iphone", "name": "Foursquare for iOS"}, "width": 720, "prefix": "https://igx.4sqi.net/img/general/", "createdAt": 1356574916, "id": "50dbb0c4e4b0d0460152430b", "venue": {"like": false, "location": {"formattedAddress": ["99 Parnell Rd.", "Parnell 1052", "New Zealand"], "city": "Parnell", "lng": 174.77883, "cc": "NZ", "state": "Auckland", "lat": -36.852984, "address": "99 Parnell Rd.", "labeledLatLngs": [{"label": "display", "lat": -36.852984, "lng": 174.77883}], "postalCode": "1052", "country": "New Zealand"}, "categories": [{"icon": {"prefix": "https://ss3.4sqi.net/img/categories_v2/food/cafe_", "suffix": ".png"}, "name": "Caf\u00e9", "id": "4bf58dd8d48988d16d941735", "pluralName": "Caf\u00e9s", "primary": true, "shortName": "Caf\u00e9"}], "verified": false, "contact": {}, "allowMenuUrlEdit": true, "stats": {"tipCount": 12, "usersCount": 397, "checkinsCount": 899}, "id": "4b2eba88f964a520c8e524e3", "name": "Mink Cafe", "beenHere": {"lastCheckinExpiredAt": 0}}, "suffix": "/1012363_NoTUS5DXojHoYWoJ0WLpqUbPxuaBqK9GGxkqjHAJ-8Y.jpg", "visibility": "public"}, {"height": 718, "source": {"url": "https://foursquare.com/download/#/iphone", "name": "Foursquare for iOS"}, "width": 540, "prefix": "https://igx.4sqi.net/img/general/", "createdAt": 1355775613, "id": "50cf7e7de4b05e62db464727", "venue": {"like": false, "location": {"formattedAddress": ["770 New North Rd", "Mount Albert 1025", "New Zealand"], "city": "Mount Albert", "lng": 174.72507119178772, "cc": "NZ", "state": "Auckland", "lat": -36.880272832442515, "address": "770 New North Rd", "labeledLatLngs": [{"label": "display", "lat": -36.880272832442515, "lng": 174.72507119178772}], "postalCode": "1025", "country": "New Zealand"}, "categories": [{"icon": {"prefix": "https://ss3.4sqi.net/img/categories_v2/food/cafe_", "suffix": ".png"}, "name": "Caf\u00e9", "id": "4bf58dd8d48988d16d941735", "pluralName": "Caf\u00e9s", "primary": true, "shortName": "Caf\u00e9"}], "verified": false, "contact": {}, "allowMenuUrlEdit": true, "stats": {"tipCount": 10, "usersCount": 113, "checkinsCount": 311}, "id": "4ce050eaaba88cfa27974ed7", "name": "Parkside Cafe", "beenHere": {"lastCheckinExpiredAt": 0}}, "suffix": "/1012363__tqFZangvwJ21tI5fni4QCv3rtiqi_VGAifMnQX1IoE.jpg", "visibility": "public"}, {"height": 540, "source": {"url": "https://foursquare.com/download/#/iphone", "name": "Foursquare for iOS"}, "width": 540, "prefix": "https://igx.4sqi.net/img/general/", "createdAt": 1355732725, "id": "50ced6f5e4b05e3e05245d75", "venue": {"location": {"formattedAddress": ["77 Tamaki Dr. (at Patteson Ave.)", "Mission Bay 1071", "New Zealand"], "city": "Mission Bay", "lng": 174.83191905278335, "cc": "NZ", "state": "Auckland", "crossStreet": "at Patteson Ave.", "lat": -36.84837006705499, "address": "77 Tamaki Dr.", "labeledLatLngs": [{"label": "display", "lat": -36.84837006705499, "lng": 174.83191905278335}], "postalCode": "1071", "country": "New Zealand"}, "contact": {"formattedPhone": "+64 9-578 3327", "phone": "+6495783327", "facebookName": "De Fontein Belgian Beer Cafe", "facebookUsername": "defonteinbbc", "facebook": "179541882063165"}, "verified": true, "allowMenuUrlEdit": true, "stats": {"tipCount": 35, "usersCount": 1164, "checkinsCount": 1905}, "id": "4b480681f964a5207c4626e3", "storeId": "", "url": "http://www.defontein.co.nz", "like": false, "categories": [{"icon": {"prefix": "https://ss3.4sqi.net/img/categories_v2/nightlife/pub_", "suffix": ".png"}, "name": "Pub", "id": "4bf58dd8d48988d11b941735", "pluralName": "Pubs", "primary": true, "shortName": "Pub"}], "beenHere": {"lastCheckinExpiredAt": 0}, "name": "De Fontein", "venuePage": {"id": "39892748"}}, "suffix": "/1012363_mynamxKclTM5nZNtV_02gkWEYsQle_NXm5fw1esHdsI.jpg", "visibility": "public"}, {"height": 540, "source": {"url": "https://foursquare.com/download/#/iphone", "name": "Foursquare for iOS"}, "width": 720, "prefix": "https://igx.4sqi.net/img/general/", "createdAt": 1355529840, "id": "50cbbe70e4b012788e402cf2", "venue": {"like": false, "location": {"city": "Wanganui", "lng": 175.053721, "cc": "NZ", "state": "Manawatu-Wanganui", "lat": -39.933921, "address": "51 Victoria Ave", "labeledLatLngs": [{"label": "display", "lat": -39.933921, "lng": 175.053721}], "formattedAddress": ["51 Victoria Ave", "Wanganui", "New Zealand"], "country": "New Zealand"}, "categories": [{"icon": {"prefix": "https://ss3.4sqi.net/img/categories_v2/nightlife/pub_", "suffix": ".png"}, "name": "Bar", "id": "4bf58dd8d48988d116941735", "pluralName": "Bars", "primary": true, "shortName": "Bar"}], "verified": false, "contact": {}, "allowMenuUrlEdit": true, "stats": {"tipCount": 1, "usersCount": 26, "checkinsCount": 33}, "id": "4bb7e480314e9521e8e1479d", "name": "Ceramic Lounge", "beenHere": {"lastCheckinExpiredAt": 0}}, "suffix": "/1012363_i2O-enw60Sa3kMcTYLD6bOXs3Ky4DZC2n538P5MOIp0.jpg", "visibility": "public"}, {"height": 720, "source": {"url": "https://foursquare.com/download/#/iphone", "name": "Foursquare for iOS"}, "width": 540, "prefix": "https://igx.4sqi.net/img/general/", "createdAt": 1355529806, "id": "50cbbe4ee4b09d9534ebea1e", "venue": {"like": false, "location": {"city": "Wanganui", "lng": 175.053721, "cc": "NZ", "state": "Manawatu-Wanganui", "lat": -39.933921, "address": "51 Victoria Ave", "labeledLatLngs": [{"label": "display", "lat": -39.933921, "lng": 175.053721}], "formattedAddress": ["51 Victoria Ave", "Wanganui", "New Zealand"], "country": "New Zealand"}, "categories": [{"icon": {"prefix": "https://ss3.4sqi.net/img/categories_v2/nightlife/pub_", "suffix": ".png"}, "name": "Bar", "id": "4bf58dd8d48988d116941735", "pluralName": "Bars", "primary": true, "shortName": "Bar"}], "verified": false, "contact": {}, "allowMenuUrlEdit": true, "stats": {"tipCount": 1, "usersCount": 26, "checkinsCount": 33}, "id": "4bb7e480314e9521e8e1479d", "name": "Ceramic Lounge", "beenHere": {"lastCheckinExpiredAt": 0}}, "suffix": "/1012363_5gAA6JYORPA0FImGVUticKyXe6rvVgHdG6zdhto9jcA.jpg", "visibility": "public"}, {"height": 540, "source": {"url": "https://foursquare.com/download/#/iphone", "name": "Foursquare for iOS"}, "width": 720, "prefix": "https://igx.4sqi.net/img/general/", "createdAt": 1355515212, "id": "50cb854ce4b05e3eeee394c2", "venue": {"url": "http://fidelscafe.com", "like": false, "location": {"city": "Te Aro", "lng": 174.77419142835808, "cc": "NZ", "state": "Wellington", "lat": -41.295858456709176, "address": "234 Cuba St", "labeledLatLngs": [{"label": "display", "lat": -41.295858456709176, "lng": 174.77419142835808}], "formattedAddress": ["234 Cuba St", "Te Aro", "New Zealand"], "country": "New Zealand"}, "categories": [{"icon": {"prefix": "https://ss3.4sqi.net/img/categories_v2/food/cafe_", "suffix": ".png"}, "name": "Caf\u00e9", "id": "4bf58dd8d48988d16d941735", "pluralName": "Caf\u00e9s", "primary": true, "shortName": "Caf\u00e9"}], "verified": false, "contact": {"formattedPhone": "+64 4-801 6868", "phone": "+6448016868"}, "allowMenuUrlEdit": true, "stats": {"tipCount": 68, "usersCount": 1350, "checkinsCount": 3030}, "id": "4b0630cff964a52096e922e3", "name": "Fidel's Cafe", "beenHere": {"lastCheckinExpiredAt": 0}}, "suffix": "/1012363_Om2ilBidru0HrEZ637UAw2-Z1Pfv1afiD8x6kD0kCGE.jpg", "visibility": "public"}, {"height": 540, "source": {"url": "https://foursquare.com/download/#/iphone", "name": "Foursquare for iOS"}, "width": 720, "prefix": "https://igx.4sqi.net/img/general/", "createdAt": 1355515178, "id": "50cb852ae4b0c76966feeb2e", "venue": {"url": "http://fidelscafe.com", "like": false, "location": {"city": "Te Aro", "lng": 174.77419142835808, "cc": "NZ", "state": "Wellington", "lat": -41.295858456709176, "address": "234 Cuba St", "labeledLatLngs": [{"label": "display", "lat": -41.295858456709176, "lng": 174.77419142835808}], "formattedAddress": ["234 Cuba St", "Te Aro", "New Zealand"], "country": "New Zealand"}, "categories": [{"icon": {"prefix": "https://ss3.4sqi.net/img/categories_v2/food/cafe_", "suffix": ".png"}, "name": "Caf\u00e9", "id": "4bf58dd8d48988d16d941735", "pluralName": "Caf\u00e9s", "primary": true, "shortName": "Caf\u00e9"}], "verified": false, "contact": {"formattedPhone": "+64 4-801 6868", "phone": "+6448016868"}, "allowMenuUrlEdit": true, "stats": {"tipCount": 68, "usersCount": 1350, "checkinsCount": 3030}, "id": "4b0630cff964a52096e922e3", "name": "Fidel's Cafe", "beenHere": {"lastCheckinExpiredAt": 0}}, "suffix": "/1012363_z7VBKrWQyzlGXCtGt6_V7D5dwqiO34N1W_LtIUThZeI.jpg", "visibility": "public"}, {"height": 540, "source": {"url": "https://foursquare.com/download/#/iphone", "name": "Foursquare for iOS"}, "width": 720, "prefix": "https://igx.4sqi.net/img/general/", "createdAt": 1355515158, "id": "50cb8516e4b02693616ca553", "venue": {"url": "http://fidelscafe.com", "like": false, "location": {"city": "Te Aro", "lng": 174.77419142835808, "cc": "NZ", "state": "Wellington", "lat": -41.295858456709176, "address": "234 Cuba St", "labeledLatLngs": [{"label": "display", "lat": -41.295858456709176, "lng": 174.77419142835808}], "formattedAddress": ["234 Cuba St", "Te Aro", "New Zealand"], "country": "New Zealand"}, "categories": [{"icon": {"prefix": "https://ss3.4sqi.net/img/categories_v2/food/cafe_", "suffix": ".png"}, "name": "Caf\u00e9", "id": "4bf58dd8d48988d16d941735", "pluralName": "Caf\u00e9s", "primary": true, "shortName": "Caf\u00e9"}], "verified": false, "contact": {"formattedPhone": "+64 4-801 6868", "phone": "+6448016868"}, "allowMenuUrlEdit": true, "stats": {"tipCount": 68, "usersCount": 1350, "checkinsCount": 3030}, "id": "4b0630cff964a52096e922e3", "name": "Fidel's Cafe", "beenHere": {"lastCheckinExpiredAt": 0}}, "suffix": "/1012363_z368dRu7VG6Wu_zQpnc3bAd_7PRTuWVMisijeaEpfvA.jpg", "visibility": "public"}, {"height": 720, "source": {"url": "https://foursquare.com/download/#/iphone", "name": "Foursquare for iOS"}, "width": 540, "prefix": "https://igx.4sqi.net/img/general/", "createdAt": 1355468911, "id": "50cad06fe4b0a73cc6e2e1d6", "venue": {"like": false, "location": {"city": "Wellington", "lng": 174.77631747722626, "cc": "NZ", "state": "Wellington", "lat": -41.29222744342643, "address": "Cuba Mall", "labeledLatLngs": [{"label": "display", "lat": -41.29222744342643, "lng": 174.77631747722626}], "formattedAddress": ["Cuba Mall", "Wellington", "New Zealand"], "country": "New Zealand"}, "categories": [{"icon": {"prefix": "https://ss3.4sqi.net/img/categories_v2/parks_outdoors/sculpture_", "suffix": ".png"}, "name": "Outdoor Sculpture", "id": "52e81612bcbc57f1066b79ed", "pluralName": "Outdoor Sculptures", "primary": true, "shortName": "Outdoor Sculpture"}], "verified": false, "contact": {}, "beenHere": {"lastCheckinExpiredAt": 0}, "stats": {"tipCount": 3, "usersCount": 422, "checkinsCount": 1182}, "id": "4b05d75bf964a5202ae422e3", "name": "Bucket Fountain"}, "suffix": "/1012363_TQBahcetQ-t-Lyo-wLUO0Ic0bxwZg_6xonh_SIT34QU.jpg", "visibility": "public"}, {"height": 540, "source": {"url": "https://foursquare.com/download/#/iphone", "name": "Foursquare for iOS"}, "width": 720, "prefix": "https://igx.4sqi.net/img/general/", "createdAt": 1355465131, "id": "50cac1abe4b0d870c1a8a24e", "venue": {"like": false, "location": {"city": "Wellington", "lng": 174.77523654699326, "cc": "NZ", "state": "Wellington", "lat": -41.29389406494968, "address": "148 Cuba St", "labeledLatLngs": [{"label": "display", "lat": -41.29389406494968, "lng": 174.77523654699326}], "formattedAddress": ["148 Cuba St", "Wellington", "New Zealand"], "country": "New Zealand"}, "categories": [{"icon": {"prefix": "https://ss3.4sqi.net/img/categories_v2/food/ramen_", "suffix": ".png"}, "name": "Noodle House", "id": "4bf58dd8d48988d1d1941735", "pluralName": "Noodle Houses", "primary": true, "shortName": "Noodles"}], "verified": false, "contact": {}, "allowMenuUrlEdit": true, "stats": {"tipCount": 14, "usersCount": 154, "checkinsCount": 346}, "id": "4b7f99c4f964a520333630e3", "name": "R & S Satay Noodle House", "beenHere": {"lastCheckinExpiredAt": 0}}, "suffix": "/1012363_CjZLTdanKcE9mREoeEm403d7rN5D7CROcZBOpslK7q8.jpg", "visibility": "public"}, {"height": 540, "source": {"url": "https://foursquare.com/download/#/iphone", "name": "Foursquare for iOS"}, "width": 720, "prefix": "https://igx.4sqi.net/img/general/", "createdAt": 1355464717, "id": "50cac00de4b046174734eb42", "venue": {"like": false, "location": {"city": "Wellington", "lng": 174.77523654699326, "cc": "NZ", "state": "Wellington", "lat": -41.29389406494968, "address": "148 Cuba St", "labeledLatLngs": [{"label": "display", "lat": -41.29389406494968, "lng": 174.77523654699326}], "formattedAddress": ["148 Cuba St", "Wellington", "New Zealand"], "country": "New Zealand"}, "categories": [{"icon": {"prefix": "https://ss3.4sqi.net/img/categories_v2/food/ramen_", "suffix": ".png"}, "name": "Noodle House", "id": "4bf58dd8d48988d1d1941735", "pluralName": "Noodle Houses", "primary": true, "shortName": "Noodles"}], "verified": false, "contact": {}, "allowMenuUrlEdit": true, "stats": {"tipCount": 14, "usersCount": 154, "checkinsCount": 346}, "id": "4b7f99c4f964a520333630e3", "name": "R & S Satay Noodle House", "beenHere": {"lastCheckinExpiredAt": 0}}, "suffix": "/1012363_RWVpJgoXcBbU9D-o8NGVvcibZoyn5nJEISStRywncVw.jpg", "visibility": "public"}, {"height": 540, "source": {"url": "https://foursquare.com/download/#/iphone", "name": "Foursquare for iOS"}, "width": 718, "prefix": "https://igx.4sqi.net/img/general/", "createdAt": 1355166327, "id": "50c63277e4b02917157313b1", "venue": {"like": false, "location": {"city": "Rotorua", "lng": 176.252995, "cc": "NZ", "state": "Bay of Plenty", "lat": -38.135681, "address": "Haupapa Street", "labeledLatLngs": [{"label": "display", "lat": -38.135681, "lng": 176.252995}], "formattedAddress": ["Haupapa Street", "Rotorua", "New Zealand"], "country": "New Zealand"}, "categories": [{"icon": {"prefix": "https://ss3.4sqi.net/img/categories_v2/food/cafe_", "suffix": ".png"}, "name": "Caf\u00e9", "id": "4bf58dd8d48988d16d941735", "pluralName": "Caf\u00e9s", "primary": true, "shortName": "Caf\u00e9"}], "verified": false, "contact": {}, "allowMenuUrlEdit": true, "stats": {"tipCount": 0, "usersCount": 31, "checkinsCount": 45}, "id": "4c0d92a998102d7fb670e206", "name": "Library Cafe", "beenHere": {"lastCheckinExpiredAt": 0}}, "suffix": "/1012363_7iuKlJzPC8Ji-kipe9lrqSXNJNIwToVeFgN7KxZPoHs.jpg", "visibility": "public"}, {"height": 540, "source": {"url": "https://foursquare.com/download/#/iphone", "name": "Foursquare for iOS"}, "width": 718, "prefix": "https://igx.4sqi.net/img/general/", "createdAt": 1355095576, "id": "50c51e18e4b0e0fa35c860ca", "venue": {"like": false, "location": {"cc": "NZ", "country": "New Zealand", "lat": -36.848842, "lng": 174.74396499999997, "labeledLatLngs": [{"label": "display", "lat": -36.848842, "lng": 174.74396499999997}], "formattedAddress": ["New Zealand"]}, "categories": [{"icon": {"prefix": "https://ss3.4sqi.net/img/categories_v2/food/cafe_", "suffix": ".png"}, "name": "Caf\u00e9", "id": "4bf58dd8d48988d16d941735", "pluralName": "Caf\u00e9s", "primary": true, "shortName": "Caf\u00e9"}], "verified": false, "contact": {}, "allowMenuUrlEdit": true, "stats": {"tipCount": 13, "usersCount": 346, "checkinsCount": 662}, "id": "4bee1f99767dc9b6d513d4e9", "name": "Cafe Cezanne", "beenHere": {"lastCheckinExpiredAt": 0}}, "suffix": "/1012363_7ReMw_83VBoFR11gsrvUR8VJ4XVLyaW8Comef0_ENGw.jpg", "visibility": "public"}, {"height": 540, "source": {"url": "https://foursquare.com/download/#/iphone", "name": "Foursquare for iOS"}, "width": 718, "prefix": "https://igx.4sqi.net/img/general/", "createdAt": 1355095374, "id": "50c51d4ee4b0fb7144aa1d5b", "venue": {"like": false, "location": {"cc": "NZ", "country": "New Zealand", "lat": -36.848842, "lng": 174.74396499999997, "labeledLatLngs": [{"label": "display", "lat": -36.848842, "lng": 174.74396499999997}], "formattedAddress": ["New Zealand"]}, "categories": [{"icon": {"prefix": "https://ss3.4sqi.net/img/categories_v2/food/cafe_", "suffix": ".png"}, "name": "Caf\u00e9", "id": "4bf58dd8d48988d16d941735", "pluralName": "Caf\u00e9s", "primary": true, "shortName": "Caf\u00e9"}], "verified": false, "contact": {}, "allowMenuUrlEdit": true, "stats": {"tipCount": 13, "usersCount": 346, "checkinsCount": 662}, "id": "4bee1f99767dc9b6d513d4e9", "name": "Cafe Cezanne", "beenHere": {"lastCheckinExpiredAt": 0}}, "suffix": "/1012363_Fa_-AXpkZwNzWnEHhZeKNAFJ7HE5WOoGymZVnCQMDnc.jpg", "visibility": "public"}, {"height": 540, "source": {"url": "https://foursquare.com/download/#/iphone", "name": "Foursquare for iOS"}, "width": 720, "prefix": "https://igx.4sqi.net/img/general/", "createdAt": 1354845560, "id": "50c14d78e4b04522b2054bcc", "venue": {"like": false, "location": {"formattedAddress": ["10 Durham St East", "Auckland 1010", "New Zealand"], "city": "Auckland", "lng": 174.76615179836048, "cc": "NZ", "state": "Auckland", "lat": -36.84825235106558, "address": "10 Durham St East", "labeledLatLngs": [{"label": "display", "lat": -36.84825235106558, "lng": 174.76615179836048}], "postalCode": "1010", "country": "New Zealand"}, "categories": [{"icon": {"prefix": "https://ss3.4sqi.net/img/categories_v2/food/japanese_", "suffix": ".png"}, "name": "Japanese Restaurant", "id": "4bf58dd8d48988d111941735", "pluralName": "Japanese Restaurants", "primary": true, "shortName": "Japanese"}], "verified": false, "contact": {"formattedPhone": "+64 9-377 5131", "phone": "+6493775131"}, "allowMenuUrlEdit": true, "stats": {"tipCount": 9, "usersCount": 379, "checkinsCount": 957}, "id": "4b567010f964a520591028e3", "name": "Renkon", "beenHere": {"lastCheckinExpiredAt": 0}}, "suffix": "/1012363_vCVwGz5KCt57WoNeor0m64rdnyhQrmPExdoeS_Cx9fo.jpg", "visibility": "public"}, {"height": 540, "source": {"url": "https://foursquare.com/download/#/iphone", "name": "Foursquare for iOS"}, "width": 720, "prefix": "https://igx.4sqi.net/img/general/", "createdAt": 1351207950, "id": "5089cc0ee4b0ad933aa732a5", "venue": {"like": false, "location": {"formattedAddress": ["1 Wellesley St", "Auckland 1010", "New Zealand"], "city": "Auckland", "lng": 174.7641888759228, "cc": "NZ", "state": "Auckland", "lat": -36.8509488171421, "address": "1 Wellesley St", "labeledLatLngs": [{"label": "display", "lat": -36.8509488171421, "lng": 174.7641888759228}], "postalCode": "1010", "country": "New Zealand"}, "categories": [{"icon": {"prefix": "https://ss3.4sqi.net/img/categories_v2/food/coffeeshop_", "suffix": ".png"}, "name": "Coffee Shop", "id": "4bf58dd8d48988d1e0931735", "pluralName": "Coffee Shops", "primary": true, "shortName": "Coffee Shop"}], "verified": false, "contact": {"formattedPhone": "+64 9-377 1030", "phone": "+6493771030", "facebookName": "Remedy Coffee", "facebookUsername": "RemedyCoffeeNZ", "facebook": "134703853265719"}, "allowMenuUrlEdit": true, "stats": {"tipCount": 42, "usersCount": 515, "checkinsCount": 1153}, "id": "4d467cb359ca2d430f192d0f", "name": "Remedy Coffee", "beenHere": {"lastCheckinExpiredAt": 0}}, "suffix": "/1012363_cvHS_tEOy49u8SVP8wEP4q47O9jxZFFctY1ThEGhRXE.jpg", "visibility": "public"}, {"height": 540, "source": {"url": "https://foursquare.com/download/#/iphone", "name": "Foursquare for iOS"}, "width": 720, "prefix": "https://igx.4sqi.net/img/general/", "createdAt": 1347677403, "id": "5053ecdbe4b04ed4f04d328c", "venue": {"url": "http://www.ramendo.co.nz", "like": false, "location": {"formattedAddress": ["167 Symonds St", "Newton 1010", "New Zealand"], "city": "Auckland", "lng": 174.76147126416143, "cc": "NZ", "state": "Auckland", "lat": -36.86260855878372, "address": "167 Symonds St", "labeledLatLngs": [{"label": "display", "lat": -36.86260855878372, "lng": 174.76147126416143}], "postalCode": "1010", "country": "New Zealand"}, "categories": [{"icon": {"prefix": "https://ss3.4sqi.net/img/categories_v2/food/ramen_", "suffix": ".png"}, "name": "Noodle House", "id": "4bf58dd8d48988d1d1941735", "pluralName": "Noodle Houses", "primary": true, "shortName": "Noodles"}], "verified": false, "contact": {"formattedPhone": "+64 9-377 1313", "phone": "+6493771313"}, "allowMenuUrlEdit": true, "stats": {"tipCount": 14, "usersCount": 195, "checkinsCount": 400}, "id": "4d6222635c39b1f7c486174a", "name": "RAMEN DO", "beenHere": {"lastCheckinExpiredAt": 0}}, "suffix": "/1012363_56L0HPbU5yVUCPBGHA72Rx5ThrRgWCG8gvq93wse5ug.jpg", "visibility": "public"}, {"height": 540, "source": {"url": "https://foursquare.com/download/#/iphone", "name": "Foursquare for iOS"}, "width": 720, "prefix": "https://igx.4sqi.net/img/general/", "createdAt": 1339109000, "id": "4fd12e88e4b0087426ee1c1a", "venue": {"like": false, "location": {"cc": "NZ", "country": "New Zealand", "lat": -36.86314299236594, "lng": 174.76207802171282, "labeledLatLngs": [{"label": "display", "lat": -36.86314299236594, "lng": 174.76207802171282}], "formattedAddress": ["New Zealand"]}, "categories": [{"icon": {"prefix": "https://ss3.4sqi.net/img/categories_v2/parks_outdoors/park_", "suffix": ".png"}, "name": "Park", "id": "4bf58dd8d48988d163941735", "pluralName": "Parks", "primary": true, "shortName": "Park"}], "verified": false, "contact": {}, "beenHere": {"lastCheckinExpiredAt": 0}, "stats": {"tipCount": 0, "usersCount": 17, "checkinsCount": 555}, "id": "4f1c9e79e4b0c74ef31bc6e7", "name": "Glenside Reserve South"}, "suffix": "/mBT5MWZcgaid0mCnfQ4ZnNr9IQeQjATZC6_6DlMefEY.jpg", "visibility": "public"}, {"height": 540, "source": {"url": "https://foursquare.com/download/#/iphone", "name": "Foursquare for iOS"}, "width": 720, "prefix": "https://igx.4sqi.net/img/general/", "createdAt": 1334807224, "id": "4f8f8ab8e4b0d414c30456e5", "venue": {"like": false, "location": {"city": "Mount Ruapehu", "lng": 175.40135551493856, "cc": "NZ", "country": "New Zealand", "lat": -39.17259866207876, "address": "Cnr SH 4 & Millar St", "labeledLatLngs": [{"label": "display", "lat": -39.17259866207876, "lng": 175.40135551493856}], "formattedAddress": ["Cnr SH 4 & Millar St", "Mount Ruapehu", "New Zealand"]}, "categories": [{"icon": {"prefix": "https://ss3.4sqi.net/img/categories_v2/travel/hotel_", "suffix": ".png"}, "name": "Hotel", "id": "4bf58dd8d48988d1fa931735", "pluralName": "Hotels", "primary": true, "shortName": "Hotel"}], "verified": false, "contact": {}, "allowMenuUrlEdit": true, "stats": {"tipCount": 6, "usersCount": 135, "checkinsCount": 229}, "id": "4bd888ca2ecdce7253ced0f2", "name": "The Park Traveller's Lodge", "beenHere": {"lastCheckinExpiredAt": 0}}, "suffix": "/9WIEbfyZ8hLAfDcBhoz2joRvdVG2kOEege2X38ieuUk.jpg", "visibility": "public"}, {"height": 720, "source": {"url": "https://foursquare.com/download/#/iphone", "name": "Foursquare for iOS"}, "width": 540, "prefix": "https://igx.4sqi.net/img/general/", "createdAt": 1325750329, "id": "4f05583902d5265072d71c08", "venue": {"like": false, "location": {"city": "Mission Bay", "state": "Auckland", "cc": "NZ", "country": "New Zealand", "lat": -36.84753053695474, "lng": 174.83051212170403, "labeledLatLngs": [{"label": "display", "lat": -36.84753053695474, "lng": 174.83051212170403}], "formattedAddress": ["Mission Bay", "New Zealand"]}, "categories": [{"icon": {"prefix": "https://ss3.4sqi.net/img/categories_v2/parks_outdoors/park_", "suffix": ".png"}, "name": "Park", "id": "4bf58dd8d48988d163941735", "pluralName": "Parks", "primary": true, "shortName": "Park"}], "verified": false, "contact": {}, "beenHere": {"lastCheckinExpiredAt": 0}, "stats": {"tipCount": 12, "usersCount": 306, "checkinsCount": 619}, "id": "4d8b0e81f607a093527b0b87", "name": "Mission Bay Fountain"}, "suffix": "/TGA1TOPMZ5JYZVXNQY0RPGCSQQK3F2PVA5OTBI4KX45QKMHE.jpg", "visibility": "public"}, {"height": 720, "source": {"url": "https://foursquare.com/download/#/iphone", "name": "Foursquare for iOS"}, "width": 540, "prefix": "https://igx.4sqi.net/img/general/", "createdAt": 1305535257, "id": "4dd0e319a12d1f77845bc708", "venue": {"like": false, "location": {"city": "Singapore", "lng": 103.82200251889759, "cc": "SG", "country": "Singapore", "crossStreet": "1 HarbourFront Walk", "lat": 1.2652547394895137, "address": "Vivocity", "labeledLatLngs": [{"label": "display", "lat": 1.2652547394895137, "lng": 103.82200251889759}], "formattedAddress": ["Vivocity (1 HarbourFront Walk)", "Singapore"]}, "categories": [{"icon": {"prefix": "https://ss3.4sqi.net/img/categories_v2/food/dessert_", "suffix": ".png"}, "name": "Dessert Shop", "id": "4bf58dd8d48988d1d0941735", "pluralName": "Dessert Shops", "primary": true, "shortName": "Desserts"}], "verified": false, "contact": {}, "allowMenuUrlEdit": true, "stats": {"tipCount": 1, "usersCount": 58, "checkinsCount": 92}, "id": "4d3a961a039eb60c6bf3ec9c", "name": "Papitto Gelato", "beenHere": {"lastCheckinExpiredAt": 0}}, "suffix": "/WF25LVL5BJ5IC0YBTLCDS04MOWWVKKUVWYVQIDGYACGSWZYB.jpg", "visibility": "public"}, {"height": 540, "source": {"url": "https://foursquare.com/download/#/iphone", "name": "Foursquare for iOS"}, "width": 720, "prefix": "https://igx.4sqi.net/img/general/", "createdAt": 1303795289, "id": "4db65659fd284867839fd266", "venue": {"like": false, "location": {"city": "Singapore", "lng": 103.7900075227587, "cc": "SG", "country": "Singapore", "lat": 1.3047586851191972, "address": "11 Slim Barracks Rise #08-02", "labeledLatLngs": [{"label": "display", "lat": 1.3047586851191972, "lng": 103.7900075227587}], "formattedAddress": ["11 Slim Barracks Rise #08-02", "Singapore"]}, "categories": [{"icon": {"prefix": "https://ss3.4sqi.net/img/categories_v2/food/default_", "suffix": ".png"}, "name": "Restaurant", "id": "4bf58dd8d48988d1c4941735", "pluralName": "Restaurants", "primary": true, "shortName": "Restaurant"}], "verified": false, "contact": {"formattedPhone": "+65 6774 4123", "phone": "+6567744123"}, "allowMenuUrlEdit": true, "stats": {"tipCount": 2, "usersCount": 105, "checkinsCount": 302}, "id": "4cf8d4b85698a093596107fc", "name": "The Tanjong Restaurant & Bar @ One-North", "beenHere": {"lastCheckinExpiredAt": 0}}, "suffix": "/BSHIWQG2NGD0MX1FCQ1DBSF1TW1SYGNX0XNWCZJZKPEDAABE.jpg", "visibility": "public"}, {"height": 540, "source": {"url": "https://foursquare.com/download/#/iphone", "name": "Foursquare for iOS"}, "width": 720, "prefix": "https://igx.4sqi.net/img/general/", "createdAt": 1302172758, "id": "4d9d94560b1928fd08d7d578", "venue": {"closed": true, "like": false, "location": {"formattedAddress": ["#02-138J, Marina Square (6 Raffles Blvd)", "039392", "Singapore"], "city": "Singapore", "lng": 103.8573431968689, "cc": "SG", "country": "Singapore", "lat": 1.2905483809236606, "address": "#02-138J, Marina Square", "crossStreet": "6 Raffles Blvd", "postalCode": "039392"}, "categories": [{"icon": {"prefix": "https://ss3.4sqi.net/img/categories_v2/food/asian_", "suffix": ".png"}, "name": "Chinese Restaurant", "id": "4bf58dd8d48988d145941735", "pluralName": "Chinese Restaurants", "primary": true, "shortName": "Chinese"}], "verified": false, "contact": {"formattedPhone": "+65 6338 2212", "phone": "+6563382212"}, "allowMenuUrlEdit": true, "stats": {"tipCount": 20, "usersCount": 1111, "checkinsCount": 1516}, "id": "4c2344c799282d7faf5468b0", "name": "Imperial Treasure La Mian Xiao Long Bao", "beenHere": {"lastCheckinExpiredAt": 0}}, "suffix": "/JWTFBVCKSBA3NOFGWPYJNC0OKGJF5HUZLLLTAKLAMEYXJKD1.jpg", "visibility": "public"}, {"height": 540, "source": {"url": "https://foursquare.com/download/#/iphone", "name": "Foursquare for iOS"}, "width": 720, "prefix": "https://igx.4sqi.net/img/general/", "createdAt": 1302139527, "id": "4d9d1287ee71a340ebf211f6", "venue": {"closed": true, "like": false, "location": {"formattedAddress": ["44 Rochester Park (8A Biomedical Grove)", "138648", "Singapore"], "city": "Singapore", "lng": 103.7887059233288, "cc": "SG", "country": "Singapore", "crossStreet": "8A Biomedical Grove", "lat": 1.305188110120006, "address": "44 Rochester Park", "labeledLatLngs": [{"label": "display", "lat": 1.305188110120006, "lng": 103.7887059233288}], "postalCode": "138648"}, "categories": [{"icon": {"prefix": "https://ss3.4sqi.net/img/categories_v2/food/vegetarian_", "suffix": ".png"}, "name": "Vegetarian / Vegan Restaurant", "id": "4bf58dd8d48988d1d3941735", "pluralName": "Vegetarian / Vegan Restaurants", "primary": true, "shortName": "Vegetarian / Vegan"}], "verified": false, "contact": {"formattedPhone": "+65 6464 2007", "phone": "+6564642007"}, "allowMenuUrlEdit": true, "stats": {"tipCount": 2, "usersCount": 82, "checkinsCount": 641}, "id": "4c7e32663b22a1cd84fd609e", "name": "Onaka", "beenHere": {"lastCheckinExpiredAt": 0}}, "suffix": "/MOADUX0T2UUHEFYYYAC1YTPFWRUWOHT1N2SSWDTRIUP4WXHE.jpg", "visibility": "public"}, {"height": 540, "source": {"url": "https://foursquare.com/download/#/iphone", "name": "Foursquare for iOS"}, "width": 540, "prefix": "https://igx.4sqi.net/img/general/", "createdAt": 1297506341, "id": "4d566025a70c2da1dd2e90fc", "venue": {"like": false, "location": {"formattedAddress": ["Ngee Ann Alumni Clubhouse", "599489", "Singapore"], "city": "Singapore", "lng": 103.77526760101318, "cc": "SG", "country": "Singapore", "lat": 1.330856796706907, "address": "Ngee Ann Alumni Clubhouse", "labeledLatLngs": [{"label": "display", "lat": 1.330856796706907, "lng": 103.77526760101318}], "postalCode": "599489"}, "categories": [{"icon": {"prefix": "https://ss3.4sqi.net/img/categories_v2/food/cafe_", "suffix": ".png"}, "name": "Caf\u00e9", "id": "4bf58dd8d48988d16d941735", "pluralName": "Caf\u00e9s", "primary": true, "shortName": "Caf\u00e9"}], "verified": false, "contact": {}, "allowMenuUrlEdit": true, "stats": {"tipCount": 18, "usersCount": 1463, "checkinsCount": 3608}, "id": "4c00a0b79cf52d7f0a2814e7", "name": "Pines Cafe", "beenHere": {"lastCheckinExpiredAt": 0}}, "suffix": "/MIJEPAKT2XDRYPI1VBZC4I1JASJI0PBKPWKQOX1NVA3OJJTT.jpg", "visibility": "public"}, {"height": 479, "source": {"url": "https://foursquare.com/download/#/iphone", "name": "Foursquare for iOS"}, "width": 720, "prefix": "https://igx.4sqi.net/img/general/", "createdAt": 1297310966, "id": "4d5364f613072da14cd3c362", "venue": {"closed": true, "like": false, "location": {"formattedAddress": ["#03-16/17/18/19, Tampines 1 (10 Tampines Central 1)", "529536", "Singapore"], "city": "Singapore", "lng": 103.94490771259635, "cc": "SG", "country": "Singapore", "lat": 1.3542053435809451, "address": "#03-16/17/18/19, Tampines 1", "crossStreet": "10 Tampines Central 1", "postalCode": "529536"}, "categories": [{"icon": {"prefix": "https://ss3.4sqi.net/img/categories_v2/food/japanese_", "suffix": ".png"}, "name": "Japanese Restaurant", "id": "4bf58dd8d48988d111941735", "pluralName": "Japanese Restaurants", "primary": true, "shortName": "Japanese"}], "verified": false, "contact": {"formattedPhone": "+65 6789 6810", "phone": "+6567896810"}, "allowMenuUrlEdit": true, "stats": {"tipCount": 35, "usersCount": 2119, "checkinsCount": 3732}, "id": "4b64f874f964a520fadc2ae3", "name": "Manpuku Japanese Gourmet Town", "beenHere": {"lastCheckinExpiredAt": 0}}, "suffix": "/IKK2TKNXID3IUVASPCM3CHVC1UNCN31023FVZBA1WLUEEMNF.jpg", "visibility": "public"}, {"height": 540, "source": {"url": "https://foursquare.com/download/#/iphone", "name": "Foursquare for iOS"}, "width": 540, "prefix": "https://igx.4sqi.net/img/general/", "createdAt": 1297251785, "id": "4d527dc9c18f2da188aafe1e", "venue": {"url": "http://www.kuishinbo.com.sg", "like": false, "location": {"formattedAddress": ["#03-334 to 337 Suntec City Mall (3 Temasek Blvd)", "038983", "Singapore"], "city": "Singapore", "lng": 103.85895927014118, "cc": "SG", "country": "Singapore", "crossStreet": "3 Temasek Blvd", "lat": 1.2955752120291475, "address": "#03-334 to 337 Suntec City Mall", "labeledLatLngs": [{"label": "display", "lat": 1.2955752120291475, "lng": 103.85895927014118}], "postalCode": "038983"}, "categories": [{"icon": {"prefix": "https://ss3.4sqi.net/img/categories_v2/food/japanese_", "suffix": ".png"}, "name": "Japanese Restaurant", "id": "4bf58dd8d48988d111941735", "pluralName": "Japanese Restaurants", "primary": true, "shortName": "Japanese"}], "verified": false, "contact": {"formattedPhone": "+65 6341 9200", "phone": "+6563419200", "facebookName": "Kuishin Bo", "facebookUsername": "KuishinBoSingapore", "facebook": "356240047772219"}, "allowMenuUrlEdit": true, "stats": {"tipCount": 23, "usersCount": 2531, "checkinsCount": 3011}, "id": "4b72318bf964a52062732de3", "name": "Kuishin Bo Dining", "beenHere": {"lastCheckinExpiredAt": 0}}, "suffix": "/EFVQRFQAICKSK0C4AYF3HFXM2CGHYTBEWKP1MXFWQ11LMRS5.jpg", "visibility": "public"}, {"height": 540, "source": {"url": "https://foursquare.com/download/#/iphone", "name": "Foursquare for iOS"}, "width": 540, "prefix": "https://igx.4sqi.net/img/general/", "createdAt": 1296973297, "id": "4d4e3df158c92da139545819", "venue": {"like": false, "location": {"formattedAddress": ["302 Choa Chu Kang Ave 4", "680302", "Singapore"], "city": "Singapore", "lng": 103.74330639839172, "cc": "SG", "country": "Singapore", "lat": 1.3848130492927977, "address": "302 Choa Chu Kang Ave 4", "labeledLatLngs": [{"label": "display", "lat": 1.3848130492927977, "lng": 103.74330639839172}], "postalCode": "680302"}, "categories": [{"icon": {"prefix": "https://ss3.4sqi.net/img/categories_v2/shops/food_foodcourt_", "suffix": ".png"}, "name": "Food Court", "id": "4bf58dd8d48988d120951735", "pluralName": "Food Courts", "primary": true, "shortName": "Food Court"}], "verified": false, "contact": {}, "allowMenuUrlEdit": true, "stats": {"tipCount": 56, "usersCount": 3191, "checkinsCount": 11847}, "id": "4b6ece37f964a5205dcb2ce3", "name": "CCK 302 Coffeehouse", "beenHere": {"lastCheckinExpiredAt": 0}}, "suffix": "/DTPKFO5E044MPD2EBTNOHOR4GDIU01DO2YXLCGI5OQMQG3K1.jpg", "visibility": "public"}, {"height": 540, "source": {"url": "https://foursquare.com/download/#/iphone", "name": "Foursquare for iOS"}, "width": 540, "prefix": "https://igx.4sqi.net/img/general/", "createdAt": 1296716148, "id": "4d4a51744cf328fd5f8560d2", "venue": {"closed": true, "like": false, "location": {"formattedAddress": ["#01-104/105, VivoCity (1 HarbourFront Walk)", "098585", "Singapore"], "city": "Singapore", "lng": 103.822512, "cc": "SG", "country": "Singapore", "lat": 1.263324, "address": "#01-104/105, VivoCity", "crossStreet": "1 HarbourFront Walk", "postalCode": "098585"}, "categories": [{"icon": {"prefix": "https://ss3.4sqi.net/img/categories_v2/food/japanese_", "suffix": ".png"}, "name": "Japanese Restaurant", "id": "4bf58dd8d48988d111941735", "pluralName": "Japanese Restaurants", "primary": true, "shortName": "Japanese"}], "verified": false, "contact": {"formattedPhone": "+65 6376 9518", "phone": "+6563769518"}, "allowMenuUrlEdit": true, "stats": {"tipCount": 31, "usersCount": 1386, "checkinsCount": 1635}, "id": "4b9ca3b0f964a520067436e3", "name": "AOBA Hokkaido Ramen", "beenHere": {"lastCheckinExpiredAt": 0}}, "suffix": "/W4CC3GLLT33PVJCI401BIBQILM2CAJOBJKFFZAXDXAJS3MZV.jpg", "visibility": "public"}, {"height": 540, "source": {"url": "https://foursquare.com/download/#/iphone", "name": "Foursquare for iOS"}, "width": 540, "prefix": "https://igx.4sqi.net/img/general/", "createdAt": 1296274137, "id": "4d4392d96bb82da10dc7667d", "venue": {"url": "http://www.peachgarden.com.sg", "like": false, "location": {"formattedAddress": ["#01-88, Thomson Plaza (301 Upper Thomson Road)", "574408", "Singapore"], "city": "Singapore", "lng": 103.83124076301439, "cc": "SG", "country": "Singapore", "crossStreet": "301 Upper Thomson Road", "lat": 1.3546778296044817, "address": "#01-88, Thomson Plaza", "labeledLatLngs": [{"label": "display", "lat": 1.3546778296044817, "lng": 103.83124076301439}], "postalCode": "574408"}, "categories": [{"icon": {"prefix": "https://ss3.4sqi.net/img/categories_v2/food/asian_", "suffix": ".png"}, "name": "Chinese Restaurant", "id": "4bf58dd8d48988d145941735", "pluralName": "Chinese Restaurants", "primary": true, "shortName": "Chinese"}], "verified": false, "contact": {"formattedPhone": "+65 6451 3223", "phone": "+6564513223"}, "allowMenuUrlEdit": true, "stats": {"tipCount": 23, "usersCount": 1776, "checkinsCount": 2807}, "id": "4c15c1b5a9c220a155ab599d", "name": "Peach Garden", "beenHere": {"lastCheckinExpiredAt": 0}}, "suffix": "/3Y2BG1VSHY40L0PIVITXI4IOSNEIMY53JNZAVBHBLJZBDQBV.jpg", "visibility": "public"}, {"height": 540, "source": {"url": "https://foursquare.com/download/#/iphone", "name": "Foursquare for iOS"}, "width": 720, "prefix": "https://igx.4sqi.net/img/general/", "createdAt": 1296191896, "id": "4d425198ac2ba340e47e2978", "venue": {"like": false, "location": {"formattedAddress": ["3 Yung Sheng Rd.", "610399", "Singapore"], "city": "Singapore", "lng": 103.72146434150845, "cc": "SG", "country": "Singapore", "lat": 1.3346114927170818, "address": "3 Yung Sheng Rd.", "labeledLatLngs": [{"label": "display", "lat": 1.3346114927170818, "lng": 103.72146434150845}], "postalCode": "610399"}, "categories": [{"icon": {"prefix": "https://ss3.4sqi.net/img/categories_v2/shops/food_foodcourt_", "suffix": ".png"}, "name": "Food Court", "id": "4bf58dd8d48988d120951735", "pluralName": "Food Courts", "primary": true, "shortName": "Food Court"}], "verified": false, "contact": {}, "allowMenuUrlEdit": true, "stats": {"tipCount": 122, "usersCount": 3369, "checkinsCount": 12344}, "id": "4b50443bf964a520631f27e3", "name": "Taman Jurong Market & Food Centre", "beenHere": {"lastCheckinExpiredAt": 0}}, "suffix": "/IG2S3OLS5LLFC1SSNEGIBDASBZQF2POGU3DGZBHCOVPVVJ5K.jpg", "visibility": "public"}], "count": 71}, "totalCount": 71}}