{"response": {"photos": {"items": [{"id": "5944b9d693bd637616646b6d", "createdAt": 1497676246, "height": 1440, "visibility": "public", "source": {"url": "https://www.swarmapp.com", "name": "Swarm for iOS"}, "prefix": "https://igx.4sqi.net/img/general/", "venue": {"id": "5531f2d7498ee5b6052cc878", "like": false, "stats": {"checkinsCount": 72, "tipCount": 0, "usersCount": 45}, "beenHere": {"lastCheckinExpiredAt": 0}, "categories": [{"id": "5453de49498eade8af355881", "primary": true, "icon": {"prefix": "https://ss3.4sqi.net/img/categories_v2/building/default_", "suffix": ".png"}, "pluralName": "Business Services", "shortName": "Business Services", "name": "Business Service"}], "verified": false, "allowMenuUrlEdit": true, "location": {"address": "996 Bendemeer Road", "lat": 1.3192008477169301, "city": "Singapore", "formattedAddress": ["996 Bendemeer Road", "Singapore"], "lng": 103.86541414553588, "labeledLatLngs": [{"lng": 103.86541414553588, "label": "display", "lat": 1.3192008477169301}], "country": "Singapore", "cc": "SG"}, "contact": {}, "name": "AfterShock PC Service Center"}, "width": 1920, "suffix": "/1016454_leZBATymcw7pDHF0b1UVYZ3_X6joCZSOjnH8iUZ85cI.jpg"}, {"id": "5944b9cf4382ab30b2d7be68", "createdAt": 1497676239, "height": 1440, "visibility": "public", "source": {"url": "https://www.swarmapp.com", "name": "Swarm for iOS"}, "prefix": "https://igx.4sqi.net/img/general/", "venue": {"id": "5531f2d7498ee5b6052cc878", "like": false, "stats": {"checkinsCount": 72, "tipCount": 0, "usersCount": 45}, "beenHere": {"lastCheckinExpiredAt": 0}, "categories": [{"id": "5453de49498eade8af355881", "primary": true, "icon": {"prefix": "https://ss3.4sqi.net/img/categories_v2/building/default_", "suffix": ".png"}, "pluralName": "Business Services", "shortName": "Business Services", "name": "Business Service"}], "verified": false, "allowMenuUrlEdit": true, "location": {"address": "996 Bendemeer Road", "lat": 1.3192008477169301, "city": "Singapore", "formattedAddress": ["996 Bendemeer Road", "Singapore"], "lng": 103.86541414553588, "labeledLatLngs": [{"lng": 103.86541414553588, "label": "display", "lat": 1.3192008477169301}], "country": "Singapore", "cc": "SG"}, "contact": {}, "name": "AfterShock PC Service Center"}, "width": 1920, "suffix": "/1016454_8IB5I-l9gW9f95eN3IL7r8c_jcQmGpqkiQCRLxvHr_o.jpg"}, {"id": "59438a7da4236221add1a4c7", "createdAt": 1497598589, "height": 1440, "visibility": "public", "source": {"url": "https://www.swarmapp.com", "name": "Swarm for iOS"}, "prefix": "https://igx.4sqi.net/img/general/", "venue": {"id": "4ca5bb5d965c9c744ca7c7fa", "like": false, "stats": {"checkinsCount": 508560, "tipCount": 1563, "usersCount": 160128}, "url": "http://www.airport.kr", "venuePage": {"id": "141353430"}, "beenHere": {"lastCheckinExpiredAt": 0}, "categories": [{"id": "4bf58dd8d48988d1ed931735", "primary": true, "icon": {"prefix": "https://ss3.4sqi.net/img/categories_v2/travel/airport_", "suffix": ".png"}, "pluralName": "Airports", "shortName": "Airport", "name": "Airport"}], "verified": false, "location": {"state": "\uc778\ucc9c\uad11\uc5ed\uc2dc", "lat": 37.448879707086355, "postalCode": "22382", "city": "\uc778\ucc9c\uad11\uc5ed\uc2dc", "formattedAddress": ["\uc911\uad6c \uacf5\ud56d\ub85c 272", "\uc778\ucc9c\uad11\uc5ed\uc2dc", "\uc778\ucc9c\uad11\uc5ed\uc2dc", "22382", "\ub300\ud55c\ubbfc\uad6d"], "lng": 126.45089003111191, "address": "\uc911\uad6c \uacf5\ud56d\ub85c 272", "country": "\ub300\ud55c\ubbfc\uad6d", "cc": "KR"}, "contact": {"facebook": "352598114842688", "facebookName": "Incheon International Airport", "formattedPhone": "+82 1577-2600", "phone": "+8215772600", "facebookUsername": "incheonairport", "twitter": "incheonairport1"}, "name": "Incheon International Airport (ICN) (\uc778\ucc9c\uad6d\uc81c\uacf5\ud56d)"}, "width": 1920, "suffix": "/1016454_ZeE3HGQDBn4OF_5uaFVcVuGoARgYyNi0i7G7_xtVz0k.jpg"}, {"id": "594366f286f4cc401611302c", "createdAt": 1497589490, "tip": {"id": "59437baef79faa70ad609806", "createdAt": 1497594798, "like": false, "todo": {"count": 0}, "text": "the curry is good!", "logView": true, "disagreeCount": 0, "canonicalUrl": "https://foursquare.com/item/59437baef79faa70ad609806", "type": "user", "likes": {"count": 0, "groups": []}, "agreeCount": 0}, "height": 1440, "visibility": "public", "source": {"url": "https://www.swarmapp.com", "name": "Swarm for iOS"}, "prefix": "https://igx.4sqi.net/img/general/", "venue": {"id": "584a7aa1e7f1cf64e96e1499", "like": false, "stats": {"checkinsCount": 8, "tipCount": 1, "usersCount": 8}, "beenHere": {"lastCheckinExpiredAt": 0}, "categories": [{"id": "4bf58dd8d48988d14c941735", "primary": true, "icon": {"prefix": "https://ss3.4sqi.net/img/categories_v2/food/wings_", "suffix": ".png"}, "pluralName": "Wings Joints", "shortName": "Wings", "name": "Wings Joint"}], "verified": false, "allowMenuUrlEdit": true, "location": {"lat": 37.5558398, "formattedAddress": ["\uc11c\uad50\ub3d9", "\ub300\ud55c\ubbfc\uad6d"], "country": "\ub300\ud55c\ubbfc\uad6d", "labeledLatLngs": [{"lng": 126.9239164, "label": "display", "lat": 37.5558398}], "cc": "KR", "lng": 126.9239164}, "contact": {}, "name": "Chicken+Curry"}, "width": 1920, "suffix": "/1016454_cAAvKpS6JeX1R4ewI-Vl6cf2tN5HpPdsy90ckl-VE6c.jpg"}, {"id": "5941308358002c30bf5b2fc0", "createdAt": 1497444483, "height": 1440, "visibility": "public", "source": {"url": "https://www.swarmapp.com", "name": "Swarm for iOS"}, "prefix": "https://igx.4sqi.net/img/general/", "venue": {"id": "5343c83511d20660cd31a173", "like": false, "stats": {"checkinsCount": 246, "tipCount": 2, "usersCount": 201}, "url": "https://store.kakaofriends.com", "beenHere": {"lastCheckinExpiredAt": 0}, "categories": [{"id": "52f2ab2ebcbc57f1066b8b1b", "primary": true, "icon": {"prefix": "https://ss3.4sqi.net/img/categories_v2/shops/default_", "suffix": ".png"}, "pluralName": "Souvenir Shops", "shortName": "Souvenir Shop", "name": "Souvenir Shop"}], "verified": false, "allowMenuUrlEdit": true, "location": {"crossStreet": "\ud604\ub300\ubc31\ud654\uc810\uc2e0\ucd0c\uc810", "labeledLatLngs": [{"lng": 126.93588495254517, "label": "display", "lat": 37.55600941380355}], "state": "\uc11c\uc6b8\ud2b9\ubcc4\uc2dc", "lat": 37.55600941380355, "postalCode": "03789", "city": "\uc11c\uc6b8\ud2b9\ubcc4\uc2dc", "formattedAddress": ["\uc11c\ub300\ubb38\uad6c \uc2e0\ucd0c\ub85c 83 (\ud604\ub300\ubc31\ud654\uc810\uc2e0\ucd0c\uc810)", "\uc2e0\ucd0c\ub3d9", "\uc11c\uc6b8\ud2b9\ubcc4\uc2dc", "\uc11c\uc6b8\ud2b9\ubcc4\uc2dc", "03789", "\ub300\ud55c\ubbfc\uad6d"], "lng": 126.93588495254517, "address": "\uc11c\ub300\ubb38\uad6c \uc2e0\ucd0c\ub85c 83", "country": "\ub300\ud55c\ubbfc\uad6d", "cc": "KR"}, "contact": {"facebookUsername": "kakaofriends", "facebook": "534554896658180", "facebookName": "Kakao Friends", "formattedPhone": "+82 1577-6263", "phone": "+8215776263"}, "name": "KAKAO FRIENDS"}, "width": 1920, "suffix": "/1016454_PP-IVo5SlMh3MqURmeOBqDHAiO3aPnQmeUCuwpC_0PA.jpg"}, {"id": "5940ea656f706a795dcf98a2", "createdAt": 1497426533, "height": 1920, "visibility": "public", "source": {"url": "https://www.swarmapp.com", "name": "Swarm for iOS"}, "prefix": "https://igx.4sqi.net/img/general/", "venue": {"id": "526a579811d26eae08515923", "like": false, "stats": {"checkinsCount": 388, "tipCount": 6, "usersCount": 269}, "beenHere": {"lastCheckinExpiredAt": 0}, "categories": [{"id": "4bf58dd8d48988d16d941735", "primary": true, "icon": {"prefix": "https://ss3.4sqi.net/img/categories_v2/food/cafe_", "suffix": ".png"}, "pluralName": "Caf\u00e9s", "shortName": "Caf\u00e9", "name": "Caf\u00e9"}], "verified": false, "allowMenuUrlEdit": true, "location": {"address": "\uac15\ub0a8\uad6c \uac15\ub0a8\ub300\ub85c102\uae38 38-5", "state": "\uc11c\uc6b8\ud2b9\ubcc4\uc2dc", "lat": 37.50332597179671, "city": "\uc11c\uc6b8\ud2b9\ubcc4\uc2dc", "formattedAddress": ["\uac15\ub0a8\uad6c \uac15\ub0a8\ub300\ub85c102\uae38 38-5", "\uc5ed\uc0bc1\ub3d9", "\uc11c\uc6b8\ud2b9\ubcc4\uc2dc", "\uc11c\uc6b8\ud2b9\ubcc4\uc2dc", "\ub300\ud55c\ubbfc\uad6d"], "lng": 127.02806400974836, "labeledLatLngs": [{"lng": 127.02806400974836, "label": "display", "lat": 37.50332597179671}], "country": "\ub300\ud55c\ubbfc\uad6d", "cc": "KR"}, "contact": {}, "name": "The Lga"}, "width": 1440, "suffix": "/1016454_rF3HzLpR3i19ww5x98YpO27Wchb57MIuq8XuIlDWkAM.jpg"}, {"id": "5940e999f96b2c588ed05389", "createdAt": 1497426329, "height": 1920, "visibility": "public", "source": {"url": "https://www.swarmapp.com", "name": "Swarm for iOS"}, "prefix": "https://igx.4sqi.net/img/general/", "venue": {"id": "542cc8c9498efb1c71738d97", "like": false, "stats": {"checkinsCount": 550, "tipCount": 16, "usersCount": 341}, "url": "http://www.osulloc.com", "beenHere": {"lastCheckinExpiredAt": 0}, "categories": [{"id": "4bf58dd8d48988d1dc931735", "primary": true, "icon": {"prefix": "https://ss3.4sqi.net/img/categories_v2/food/tearoom_", "suffix": ".png"}, "pluralName": "Tea Rooms", "shortName": "Tea Room", "name": "Tea Room"}], "verified": false, "allowMenuUrlEdit": true, "location": {"crossStreet": "\uac15\ub0a8\uc5ed\uc810", "labeledLatLngs": [{"lng": 127.0283575795836, "label": "display", "lat": 37.49623889543696}], "state": "\uc11c\uc6b8\ud2b9\ubcc4\uc2dc", "lat": 37.49623889543696, "postalCode": "137-858", "city": "\uc11c\uc6b8\ud2b9\ubcc4\uc2dc", "formattedAddress": ["\uc11c\ucd08\uad6c \uac15\ub0a8\ub300\ub85c 373 (\uac15\ub0a8\uc5ed\uc810)", "\uc5ed\uc0bc1\ub3d9", "\uc11c\uc6b8\ud2b9\ubcc4\uc2dc", "\uc11c\uc6b8\ud2b9\ubcc4\uc2dc", "137-858", "\ub300\ud55c\ubbfc\uad6d"], "lng": 127.0283575795836, "address": "\uc11c\ucd08\uad6c \uac15\ub0a8\ub300\ub85c 373", "country": "\ub300\ud55c\ubbfc\uad6d", "cc": "KR"}, "contact": {"formattedPhone": "+82 2-3486-6695", "phone": "+82234866695"}, "name": "OSULLOC Tea House (\uc624\uc124\ub85d)"}, "width": 1440, "suffix": "/1016454_zU1FbYkcQfWUxTlDj5cVpvTHhFjMeCmkCAL97COFc3Y.jpg"}, {"id": "5940cf8b061b51336f84b00b", "createdAt": 1497419659, "height": 1440, "visibility": "public", "source": {"url": "https://www.swarmapp.com", "name": "Swarm for iOS"}, "prefix": "https://igx.4sqi.net/img/general/", "venue": {"like": false, "menu": {"mobileUrl": "http://shakeshack.kr/images/sub/menu_160722.jpg", "url": "http://shakeshack.kr/images/sub/menu_160722.jpg", "label": "Menu", "externalUrl": "http://shakeshack.kr/images/sub/menu_160722.jpg", "anchor": "View Menu", "type": "Menu"}, "allowMenuUrlEdit": true, "location": {"crossStreet": "\uac15\ub0a8\uc810", "labeledLatLngs": [{"lng": 127.025527, "label": "display", "lat": 37.503011}], "state": "\uc11c\uc6b8\ud2b9\ubcc4\uc2dc", "lat": 37.503011, "postalCode": "06123", "city": "\uc11c\uc6b8\ud2b9\ubcc4\uc2dc", "formattedAddress": ["\uac15\ub0a8\uad6c \uac15\ub0a8\ub300\ub85c 452 (\uac15\ub0a8\uc810)", "\uc5ed\uc0bc1\ub3d9", "\uac15\ub0a8\uad6c", "\uc11c\uc6b8\ud2b9\ubcc4\uc2dc", "06123", "\ub300\ud55c\ubbfc\uad6d"], "lng": 127.025527, "address": "\uac15\ub0a8\uad6c \uac15\ub0a8\ub300\ub85c 452", "country": "\ub300\ud55c\ubbfc\uad6d", "cc": "KR"}, "id": "576a78de498ee33cb3f65bc5", "beenHere": {"lastCheckinExpiredAt": 0}, "stats": {"checkinsCount": 1982, "tipCount": 43, "usersCount": 1290}, "url": "http://shakeshack.kr", "categories": [{"id": "4bf58dd8d48988d16c941735", "primary": true, "icon": {"prefix": "https://ss3.4sqi.net/img/categories_v2/food/burger_", "suffix": ".png"}, "pluralName": "Burger Joints", "shortName": "Burgers", "name": "Burger Joint"}], "verified": false, "contact": {"facebook": "885036544900343", "facebookName": "Shake Shack Korea - \uc250\uc774\ud06c\uc251", "formattedPhone": "+82 2-553-5576", "phone": "+8225535576", "facebookUsername": "shakeshackkorea", "instagram": "shakeshackkr", "twitter": "shakeshackkr"}, "name": "SHAKE SHACK"}, "width": 1920, "suffix": "/1016454_IG--N_1Uc3UYI9v7ksFP6P3aZEMA_n7PCnShMRdr5HY.jpg"}, {"id": "59408099a9fe122484242f27", "createdAt": 1497399449, "height": 1440, "visibility": "public", "source": {"url": "https://www.swarmapp.com", "name": "Swarm for iOS"}, "prefix": "https://igx.4sqi.net/img/general/", "venue": {"id": "54379c8c498e6d2b74499b58", "like": false, "stats": {"checkinsCount": 52, "tipCount": 0, "usersCount": 48}, "beenHere": {"lastCheckinExpiredAt": 0}, "categories": [{"id": "4bf58dd8d48988d1c5941735", "primary": true, "icon": {"prefix": "https://ss3.4sqi.net/img/categories_v2/food/deli_", "suffix": ".png"}, "pluralName": "Sandwich Places", "shortName": "Sandwiches", "name": "Sandwich Place"}], "verified": false, "allowMenuUrlEdit": true, "location": {"crossStreet": "\ucc3d\ucc9c2\ud638\uc810", "labeledLatLngs": [{"lng": 126.92803996599196, "label": "display", "lat": 37.558488555827154}], "state": "\uc11c\uc6b8\ud2b9\ubcc4\uc2dc", "lat": 37.558488555827154, "postalCode": "03785", "city": "\uc11c\uc6b8\ud2b9\ubcc4\uc2dc", "formattedAddress": ["\uc11c\ub300\ubb38\uad6c \uc2e0\ucd0c\ub85c 9 (\ucc3d\ucc9c2\ud638\uc810)", "\uc2e0\ucd0c\ub3d9", "\uc11c\uc6b8\ud2b9\ubcc4\uc2dc", "\uc11c\uc6b8\ud2b9\ubcc4\uc2dc", "03785", "\ub300\ud55c\ubbfc\uad6d"], "lng": 126.92803996599196, "address": "\uc11c\ub300\ubb38\uad6c \uc2e0\ucd0c\ub85c 9", "country": "\ub300\ud55c\ubbfc\uad6d", "cc": "KR"}, "contact": {"formattedPhone": "+82 2-322-6745", "phone": "+8223226745"}, "name": "Issac Toast (\uc774\uc0ad\ud1a0\uc2a4\ud2b8)"}, "width": 1920, "suffix": "/1016454_lvSilHlyJQl1_lqwRmsoiQsnLplOpRdzHLXtPioU2jU.jpg"}, {"id": "593f6c2a780eee1f192fa6b3", "createdAt": 1497328682, "height": 1440, "visibility": "public", "source": {"url": "https://www.swarmapp.com", "name": "Swarm for iOS"}, "prefix": "https://igx.4sqi.net/img/general/", "venue": {"id": "53d39625498e5d7ed71b3287", "like": false, "stats": {"checkinsCount": 367, "tipCount": 11, "usersCount": 300}, "beenHere": {"lastCheckinExpiredAt": 0}, "categories": [{"id": "4bf58dd8d48988d16a941735", "primary": true, "icon": {"prefix": "https://ss3.4sqi.net/img/categories_v2/food/bakery_", "suffix": ".png"}, "pluralName": "Bakeries", "shortName": "Bakery", "name": "Bakery"}], "verified": false, "allowMenuUrlEdit": true, "location": {"address": "\uc6a9\uc0b0\uad6c \uc18c\uc6d4\ub85c 44\uae38 41", "state": "\uc11c\uc6b8\ud2b9\ubcc4\uc2dc", "lat": 37.5410573767888, "postalCode": "140-856", "city": "\uc11c\uc6b8\ud2b9\ubcc4\uc2dc", "formattedAddress": ["\uc6a9\uc0b0\uad6c \uc18c\uc6d4\ub85c 44\uae38 41", "\uc774\ud0dc\uc6d02\ub3d9", "\uc11c\uc6b8\ud2b9\ubcc4\uc2dc", "\uc11c\uc6b8\ud2b9\ubcc4\uc2dc", "140-856", "\ub300\ud55c\ubbfc\uad6d"], "lng": 126.99270115838802, "labeledLatLngs": [{"lng": 126.99270115838802, "label": "display", "lat": 37.5410573767888}], "country": "\ub300\ud55c\ubbfc\uad6d", "cc": "KR"}, "contact": {"formattedPhone": "+82 70-8156-5459", "phone": "+827081565459"}, "name": "FRANK's"}, "width": 1920, "suffix": "/1016454_w_teNHMmvxoQ_7Kg4Q-Vm_qq-5o6Pf4JJ8jGVrVJgwk.jpg"}, {"id": "593f3b9d4aa3f85c7e3821f1", "createdAt": 1497316253, "height": 1920, "visibility": "public", "source": {"url": "https://www.swarmapp.com", "name": "Swarm for iOS"}, "prefix": "https://igx.4sqi.net/img/general/", "venue": {"id": "54379c8c498e6d2b74499b58", "like": false, "stats": {"checkinsCount": 52, "tipCount": 0, "usersCount": 48}, "beenHere": {"lastCheckinExpiredAt": 0}, "categories": [{"id": "4bf58dd8d48988d1c5941735", "primary": true, "icon": {"prefix": "https://ss3.4sqi.net/img/categories_v2/food/deli_", "suffix": ".png"}, "pluralName": "Sandwich Places", "shortName": "Sandwiches", "name": "Sandwich Place"}], "verified": false, "allowMenuUrlEdit": true, "location": {"crossStreet": "\ucc3d\ucc9c2\ud638\uc810", "labeledLatLngs": [{"lng": 126.92803996599196, "label": "display", "lat": 37.558488555827154}], "state": "\uc11c\uc6b8\ud2b9\ubcc4\uc2dc", "lat": 37.558488555827154, "postalCode": "03785", "city": "\uc11c\uc6b8\ud2b9\ubcc4\uc2dc", "formattedAddress": ["\uc11c\ub300\ubb38\uad6c \uc2e0\ucd0c\ub85c 9 (\ucc3d\ucc9c2\ud638\uc810)", "\uc2e0\ucd0c\ub3d9", "\uc11c\uc6b8\ud2b9\ubcc4\uc2dc", "\uc11c\uc6b8\ud2b9\ubcc4\uc2dc", "03785", "\ub300\ud55c\ubbfc\uad6d"], "lng": 126.92803996599196, "address": "\uc11c\ub300\ubb38\uad6c \uc2e0\ucd0c\ub85c 9", "country": "\ub300\ud55c\ubbfc\uad6d", "cc": "KR"}, "contact": {"formattedPhone": "+82 2-322-6745", "phone": "+8223226745"}, "name": "Issac Toast (\uc774\uc0ad\ud1a0\uc2a4\ud2b8)"}, "width": 1440, "suffix": "/1016454_VjQkjpv_TfnyvHpJ72nJW3AB4boh-cuJM94IBK84K4U.jpg"}, {"id": "593e59bf17556222c0c63b01", "createdAt": 1497258431, "height": 1440, "visibility": "public", "source": {"url": "https://www.swarmapp.com", "name": "Swarm for iOS"}, "prefix": "https://igx.4sqi.net/img/general/", "venue": {"id": "53cb4b3e498eaf3f8a38b500", "like": false, "stats": {"checkinsCount": 63, "tipCount": 1, "usersCount": 62}, "beenHere": {"lastCheckinExpiredAt": 0}, "categories": [{"id": "4bf58dd8d48988d113941735", "primary": true, "icon": {"prefix": "https://ss3.4sqi.net/img/categories_v2/food/korean_", "suffix": ".png"}, "pluralName": "Korean Restaurants", "shortName": "Korean", "name": "Korean Restaurant"}], "verified": false, "allowMenuUrlEdit": true, "location": {"lat": 37.56291768597461, "formattedAddress": ["\uba85\ub3d9", "\ub300\ud55c\ubbfc\uad6d"], "country": "\ub300\ud55c\ubbfc\uad6d", "labeledLatLngs": [{"lng": 126.98529502017097, "label": "display", "lat": 37.56291768597461}], "cc": "KR", "lng": 126.98529502017097}, "contact": {}, "name": "Nolboo Budaejjigae"}, "width": 1920, "suffix": "/1016454_9lr5gXboFs-s5uWH_jViPASpx1d9wwlcE6JLtuHgZt4.jpg"}, {"id": "593e3c0ee7a237489e72be90", "createdAt": 1497250830, "height": 1440, "visibility": "public", "source": {"url": "https://www.swarmapp.com", "name": "Swarm for iOS"}, "prefix": "https://igx.4sqi.net/img/general/", "venue": {"like": false, "allowMenuUrlEdit": true, "location": {"crossStreet": "\uba85\ub3d9\uc810", "labeledLatLngs": [{"lng": 126.98435783390323, "label": "display", "lat": 37.56443421584898}], "state": "\uc11c\uc6b8\ud2b9\ubcc4\uc2dc", "lat": 37.56443421584898, "postalCode": "100-021", "city": "\uc11c\uc6b8\ud2b9\ubcc4\uc2dc", "formattedAddress": ["\uc911\uad6c \uba85\ub3d97\uae38 12 (\uba85\ub3d9\uc810)", "\uba85\ub3d9", "\uc11c\uc6b8\ud2b9\ubcc4\uc2dc", "\uc11c\uc6b8\ud2b9\ubcc4\uc2dc", "100-021", "\ub300\ud55c\ubbfc\uad6d"], "lng": 126.98435783390323, "address": "\uc911\uad6c \uba85\ub3d97\uae38 12", "country": "\ub300\ud55c\ubbfc\uad6d", "cc": "KR"}, "storeId": "", "id": "4b77b5adf964a520cca72ee3", "beenHere": {"lastCheckinExpiredAt": 0}, "stats": {"checkinsCount": 4134, "tipCount": 63, "usersCount": 3100}, "url": "http://www.osullocmall.com", "categories": [{"id": "4bf58dd8d48988d1dc931735", "primary": true, "icon": {"prefix": "https://ss3.4sqi.net/img/categories_v2/food/tearoom_", "suffix": ".png"}, "pluralName": "Tea Rooms", "shortName": "Tea Room", "name": "Tea Room"}], "verified": true, "contact": {"facebookUsername": "Jeju.OSULLOC", "facebook": "171718992863327", "facebookName": "OSULLOC \uc624\uc124\ub85d", "formattedPhone": "+82 2-774-5460", "phone": "+8227745460"}, "name": "OSULLOC Tea House (\uc624\uc124\ub85d)"}, "width": 1920, "suffix": "/1016454_mXAhvmqq76lBglXHovj4VwLhUCzmEDCOV11U9ltc3rM.jpg"}, {"id": "593e2454029a55375ea802ab", "createdAt": 1497244756, "height": 1440, "visibility": "public", "source": {"url": "https://www.swarmapp.com", "name": "Swarm for iOS"}, "prefix": "https://igx.4sqi.net/img/general/", "venue": {"id": "58baace8730a920ed193dde8", "like": false, "stats": {"checkinsCount": 54, "tipCount": 2, "usersCount": 53}, "beenHere": {"lastCheckinExpiredAt": 0}, "categories": [{"id": "4bf58dd8d48988d16d941735", "primary": true, "icon": {"prefix": "https://ss3.4sqi.net/img/categories_v2/food/cafe_", "suffix": ".png"}, "pluralName": "Caf\u00e9s", "shortName": "Caf\u00e9", "name": "Caf\u00e9"}], "verified": false, "allowMenuUrlEdit": true, "location": {"lat": 37.563703, "formattedAddress": ["\uba85\ub3d9", "\ub300\ud55c\ubbfc\uad6d"], "country": "\ub300\ud55c\ubbfc\uad6d", "labeledLatLngs": [{"lng": 126.982616, "label": "display", "lat": 37.563703}], "cc": "KR", "lng": 126.982616}, "contact": {}, "name": "Innisfree Green Cafe"}, "width": 1920, "suffix": "/1016454_qqm_f9COV-pYpDmtXSISZouyslbvNEJAcIzmrg_VPjA.jpg"}, {"id": "593e18a462420b7fecab2d3d", "createdAt": 1497241764, "height": 1440, "visibility": "public", "source": {"url": "https://www.swarmapp.com", "name": "Swarm for iOS"}, "prefix": "https://igx.4sqi.net/img/general/", "venue": {"id": "4b41bca1f964a5209ec825e3", "like": false, "stats": {"checkinsCount": 7089, "tipCount": 82, "usersCount": 4903}, "beenHere": {"lastCheckinExpiredAt": 0}, "categories": [{"id": "4bf58dd8d48988d113941735", "primary": true, "icon": {"prefix": "https://ss3.4sqi.net/img/categories_v2/food/korean_", "suffix": ".png"}, "pluralName": "Korean Restaurants", "shortName": "Korean", "name": "Korean Restaurant"}], "verified": false, "allowMenuUrlEdit": true, "location": {"crossStreet": "\ubd84\uc810", "labeledLatLngs": [{"lng": 126.98507934808731, "label": "display", "lat": 37.563429978908935}], "state": "\uc11c\uc6b8\ud2b9\ubcc4\uc2dc", "lat": 37.563429978908935, "postalCode": "04536", "city": "\uc11c\uc6b8\ud2b9\ubcc4\uc2dc", "formattedAddress": ["\uc911\uad6c \uba85\ub3d910\uae38 8-1 (\ubd84\uc810)", "\uba85\ub3d9", "\uc11c\uc6b8\ud2b9\ubcc4\uc2dc", "\uc11c\uc6b8\ud2b9\ubcc4\uc2dc", "04536", "\ub300\ud55c\ubbfc\uad6d"], "lng": 126.98507934808731, "address": "\uc911\uad6c \uba85\ub3d910\uae38 8-1", "country": "\ub300\ud55c\ubbfc\uad6d", "cc": "KR"}, "contact": {"formattedPhone": "+82 2-776-3424", "phone": "+8227763424"}, "name": "Myeong-dong kyoja (\uba85\ub3d9\uad50\uc790)"}, "width": 1920, "suffix": "/1016454_sb0OT4MxbQ4OkFjRtBc-BIau1FBnGt7P0jKYUVZDYPc.jpg"}, {"id": "593cfeb3cf72a04ed10bca55", "createdAt": 1497169587, "height": 1920, "visibility": "public", "source": {"url": "https://www.swarmapp.com", "name": "Swarm for iOS"}, "prefix": "https://igx.4sqi.net/img/general/", "venue": {"id": "51cfc6b3498ef748742b7039", "like": false, "stats": {"checkinsCount": 160, "tipCount": 2, "usersCount": 95}, "beenHere": {"lastCheckinExpiredAt": 0}, "categories": [{"id": "4bf58dd8d48988d1f3941735", "primary": true, "icon": {"prefix": "https://ss3.4sqi.net/img/categories_v2/shops/toys_", "suffix": ".png"}, "pluralName": "Toy / Game Stores", "shortName": "Toys & Games", "name": "Toy / Game Store"}], "verified": false, "allowMenuUrlEdit": true, "location": {"address": "\ub9c8\ud3ec\uad6c \uc794\ub2e4\ub9ac\ub85c 66", "state": "\uc11c\uc6b8\ud2b9\ubcc4\uc2dc", "lat": 37.553407825993204, "city": "\uc11c\uc6b8\ud2b9\ubcc4\uc2dc", "formattedAddress": ["\ub9c8\ud3ec\uad6c \uc794\ub2e4\ub9ac\ub85c 66", "\uc11c\uad50\ub3d9", "\uc11c\uc6b8\ud2b9\ubcc4\uc2dc", "\uc11c\uc6b8\ud2b9\ubcc4\uc2dc", "\ub300\ud55c\ubbfc\uad6d"], "lng": 126.91929375189946, "labeledLatLngs": [{"lng": 126.91929375189946, "label": "display", "lat": 37.553407825993204}], "country": "\ub300\ud55c\ubbfc\uad6d", "cc": "KR"}, "contact": {}, "name": "Hobby Factory (\ud558\ube44\ud329\ud1a0\ub9ac)"}, "width": 1440, "suffix": "/1016454_ewi3GE7EqTW6hTYTjfeUlacDU3-AitQ-6QmEXy5Q_Pw.jpg"}, {"id": "593cfeafad1ea42b8ae52eea", "createdAt": 1497169583, "height": 1440, "visibility": "public", "source": {"url": "https://www.swarmapp.com", "name": "Swarm for iOS"}, "prefix": "https://igx.4sqi.net/img/general/", "venue": {"id": "51cfc6b3498ef748742b7039", "like": false, "stats": {"checkinsCount": 160, "tipCount": 2, "usersCount": 95}, "beenHere": {"lastCheckinExpiredAt": 0}, "categories": [{"id": "4bf58dd8d48988d1f3941735", "primary": true, "icon": {"prefix": "https://ss3.4sqi.net/img/categories_v2/shops/toys_", "suffix": ".png"}, "pluralName": "Toy / Game Stores", "shortName": "Toys & Games", "name": "Toy / Game Store"}], "verified": false, "allowMenuUrlEdit": true, "location": {"address": "\ub9c8\ud3ec\uad6c \uc794\ub2e4\ub9ac\ub85c 66", "state": "\uc11c\uc6b8\ud2b9\ubcc4\uc2dc", "lat": 37.553407825993204, "city": "\uc11c\uc6b8\ud2b9\ubcc4\uc2dc", "formattedAddress": ["\ub9c8\ud3ec\uad6c \uc794\ub2e4\ub9ac\ub85c 66", "\uc11c\uad50\ub3d9", "\uc11c\uc6b8\ud2b9\ubcc4\uc2dc", "\uc11c\uc6b8\ud2b9\ubcc4\uc2dc", "\ub300\ud55c\ubbfc\uad6d"], "lng": 126.91929375189946, "labeledLatLngs": [{"lng": 126.91929375189946, "label": "display", "lat": 37.553407825993204}], "country": "\ub300\ud55c\ubbfc\uad6d", "cc": "KR"}, "contact": {}, "name": "Hobby Factory (\ud558\ube44\ud329\ud1a0\ub9ac)"}, "width": 1920, "suffix": "/1016454_YTbdabqEjS3ItiDFFe1RvjAqHfm9Sg9-A6-8_4qDvRI.jpg"}, {"id": "593c94872a7ab65ad5423f00", "createdAt": 1497142407, "height": 1440, "visibility": "public", "source": {"url": "https://www.swarmapp.com", "name": "Swarm for iOS"}, "prefix": "https://igx.4sqi.net/img/general/", "venue": {"id": "522d520e498e7b8dd2a01c18", "like": false, "stats": {"checkinsCount": 23, "tipCount": 0, "usersCount": 22}, "beenHere": {"lastCheckinExpiredAt": 0}, "categories": [{"id": "4bf58dd8d48988d16a941735", "primary": true, "icon": {"prefix": "https://ss3.4sqi.net/img/categories_v2/food/bakery_", "suffix": ".png"}, "pluralName": "Bakeries", "shortName": "Bakery", "name": "Bakery"}], "verified": false, "allowMenuUrlEdit": true, "location": {"crossStreet": "\ub3d9\uad50\uc0bc\uac70\ub9ac\uc810", "labeledLatLngs": [{"lng": 126.92902161874503, "label": "display", "lat": 37.55790714442717}], "state": "\uc11c\uc6b8\ud2b9\ubcc4\uc2dc", "lat": 37.55790714442717, "city": "\uc11c\uc6b8\ud2b9\ubcc4\uc2dc", "formattedAddress": ["\uc11c\ub300\ubb38\uad6c \uc2e0\ucd0c\ub85c 21 (\ub3d9\uad50\uc0bc\uac70\ub9ac\uc810)", "\uc2e0\ucd0c\ub3d9", "\uc11c\uc6b8\ud2b9\ubcc4\uc2dc", "\uc11c\uc6b8\ud2b9\ubcc4\uc2dc", "\ub300\ud55c\ubbfc\uad6d"], "lng": 126.92902161874503, "address": "\uc11c\ub300\ubb38\uad6c \uc2e0\ucd0c\ub85c 21", "country": "\ub300\ud55c\ubbfc\uad6d", "cc": "KR"}, "contact": {}, "name": "PARIS BAGUETTE"}, "width": 1920, "suffix": "/1016454_NKWr2nq9BC-8JnYWoMdp6Bz-R6K7iTbq1Cem8BFqIBU.jpg"}, {"id": "593a8ca98c812a1b83e5c6f2", "createdAt": 1497009321, "height": 1440, "visibility": "public", "source": {"url": "https://www.swarmapp.com", "name": "Swarm for iOS"}, "prefix": "https://igx.4sqi.net/img/general/", "venue": {"id": "4c99ab98a004a1cd42c5416e", "like": false, "stats": {"checkinsCount": 18, "tipCount": 1, "usersCount": 15}, "beenHere": {"lastCheckinExpiredAt": 0}, "categories": [{"id": "4bf58dd8d48988d1c7941735", "primary": true, "icon": {"prefix": "https://ss3.4sqi.net/img/categories_v2/food/snacks_", "suffix": ".png"}, "pluralName": "Snack Places", "shortName": "Snacks", "name": "Snack Place"}], "verified": false, "allowMenuUrlEdit": true, "location": {"lat": 37.5524236919293, "formattedAddress": ["\uc11c\uad50\ub3d9", "\ub300\ud55c\ubbfc\uad6d"], "country": "\ub300\ud55c\ubbfc\uad6d", "labeledLatLngs": [{"lng": 126.91864273144984, "label": "display", "lat": 37.5524236919293}], "cc": "KR", "lng": 126.91864273144984}, "contact": {}, "name": "Mimine Korean Snack Bar"}, "width": 1920, "suffix": "/1016454_hE91HCwagW8YDEqNtHY7ZdwrmZpebhf-mmrT5qYjOek.jpg"}, {"id": "5928ff6b31fd147e4709b792", "createdAt": 1495859051, "height": 1920, "visibility": "public", "source": {"url": "https://www.swarmapp.com", "name": "Swarm for iOS"}, "prefix": "https://igx.4sqi.net/img/general/", "venue": {"id": "4b058810f964a52071af22e3", "like": false, "stats": {"checkinsCount": 7577, "tipCount": 53, "usersCount": 5576}, "url": "http://www.acm.org.sg", "beenHere": {"lastCheckinExpiredAt": 0}, "categories": [{"id": "4bf58dd8d48988d190941735", "primary": true, "icon": {"prefix": "https://ss3.4sqi.net/img/categories_v2/arts_entertainment/museum_history_", "suffix": ".png"}, "pluralName": "History Museums", "shortName": "History Museum", "name": "History Museum"}], "verified": true, "allowMenuUrlEdit": true, "location": {"crossStreet": "Fullerton Road", "labeledLatLngs": [{"lng": 103.85194418698414, "label": "display", "lat": 1.287131671524224}], "lat": 1.287131671524224, "postalCode": "179555", "city": "Singapore", "formattedAddress": ["1 Empress Pl. (Fullerton Road)", "179555", "Singapore"], "lng": 103.85194418698414, "address": "1 Empress Pl.", "country": "Singapore", "cc": "SG"}, "contact": {"twitter": "acm_sg", "formattedPhone": "+653327798", "phone": "+653327798"}, "name": "Asian Civilisations Museum"}, "width": 1440, "suffix": "/1016454_9MKwOmxQVZ30ePg6zqwjchZx-UGvCJcQ0MidO7woD0Y.jpg"}, {"id": "5911aa6de96d0c3dd7d6273c", "createdAt": 1494329965, "height": 1920, "visibility": "public", "source": {"url": "https://www.swarmapp.com", "name": "Swarm for iOS"}, "prefix": "https://igx.4sqi.net/img/general/", "venue": {"id": "502f304de4b045d78fc45063", "like": false, "stats": {"checkinsCount": 1639, "tipCount": 67, "usersCount": 1298}, "url": "http://www.thefabulousbakerboy.com", "beenHere": {"lastCheckinExpiredAt": 0}, "categories": [{"id": "4bf58dd8d48988d16a941735", "primary": true, "icon": {"prefix": "https://ss3.4sqi.net/img/categories_v2/food/bakery_", "suffix": ".png"}, "pluralName": "Bakeries", "shortName": "Bakery", "name": "Bakery"}], "verified": false, "allowMenuUrlEdit": true, "location": {"crossStreet": "70 River Valley Rd.", "labeledLatLngs": [{"lng": 103.84596551561518, "label": "display", "lat": 1.2919083979255261}], "lat": 1.2919083979255261, "postalCode": "179037", "city": "Singapore", "formattedAddress": ["The Foothills, #01-15 (70 River Valley Rd.)", "179037", "Singapore"], "lng": 103.84596551561518, "address": "The Foothills, #01-15", "country": "Singapore", "cc": "SG"}, "contact": {"twitter": "fabbakerboy2012", "formattedPhone": "+65 6694 8336", "phone": "+6566948336"}, "name": "The Fabulous Baker Boy"}, "width": 1440, "suffix": "/1016454_PlpQfsycKbU56gSRMwUBcj47Au-tvjsbJ_3-tYst7VU.jpg"}, {"id": "58f9e8e68b98fd3b7e7c8dc4", "createdAt": 1492773094, "height": 1920, "visibility": "public", "source": {"url": "https://www.swarmapp.com", "name": "Swarm for iOS"}, "prefix": "https://igx.4sqi.net/img/general/", "venue": {"id": "4b643d9df964a520e4a52ae3", "like": false, "stats": {"checkinsCount": 2808, "tipCount": 24, "usersCount": 1161}, "url": "http://www.sushitei.com/index.php", "beenHere": {"lastCheckinExpiredAt": 0}, "categories": [{"id": "4bf58dd8d48988d1d2941735", "primary": true, "icon": {"prefix": "https://ss3.4sqi.net/img/categories_v2/food/sushi_", "suffix": ".png"}, "pluralName": "Sushi Restaurants", "shortName": "Sushi", "name": "Sushi Restaurant"}], "verified": false, "allowMenuUrlEdit": true, "location": {"crossStreet": "154 West Coast Rd", "labeledLatLngs": [{"lng": 103.76561164855957, "label": "display", "lat": 1.303516220260834}], "lat": 1.303516220260834, "postalCode": "127371", "city": "Singapore", "formattedAddress": ["#01-69, West Coast Plaza (154 West Coast Rd)", "127371", "Singapore"], "lng": 103.76561164855957, "address": "#01-69, West Coast Plaza", "country": "Singapore", "cc": "SG"}, "contact": {"formattedPhone": "+65 6775 0112", "phone": "+6567750112"}, "name": "Sushi Tei"}, "width": 1440, "suffix": "/1016454_RgsmuW-_iIZGkKW022Gw-ImGoTGIaxNG-RuiuRahbdg.jpg"}, {"id": "58cd6b2324ca6a54f1ab4cb6", "createdAt": 1489857315, "height": 1440, "visibility": "public", "source": {"url": "https://www.swarmapp.com", "name": "Swarm for iOS"}, "prefix": "https://igx.4sqi.net/img/general/", "venue": {"id": "582b0f947532c85d703b7a8a", "like": false, "stats": {"checkinsCount": 20, "tipCount": 1, "usersCount": 15}, "beenHere": {"lastCheckinExpiredAt": 0}, "categories": [{"id": "4bf58dd8d48988d132951735", "primary": true, "icon": {"prefix": "https://ss3.4sqi.net/img/categories_v2/parks_outdoors/pool_", "suffix": ".png"}, "pluralName": "Hotel Pools", "shortName": "Pool", "name": "Hotel Pool"}], "verified": false, "allowMenuUrlEdit": true, "location": {"crossStreet": "Jalan Dato Sulaiman", "lat": 1.487004, "city": "Johor Bahru City Centre", "formattedAddress": ["Jalan Dato Sulaiman", "Johor Bahru City Centre", "Malaysia"], "lng": 103.761474, "labeledLatLngs": [{"lng": 103.761474, "label": "display", "lat": 1.487004}], "country": "Malaysia", "cc": "MY"}, "contact": {}, "venueRatingBlacklisted": true, "name": "Infinity Pool @Holiday Villa Johor Bahru"}, "width": 1920, "suffix": "/1016454_vvavMehdSK1PrwQb-6NoiiYY_iUDYImbiBo0DwLODRk.jpg"}, {"id": "58ccae6115fb433bd07aa81c", "createdAt": 1489808993, "height": 735, "visibility": "public", "source": {"url": "https://www.swarmapp.com", "name": "Swarm for iOS"}, "prefix": "https://igx.4sqi.net/img/general/", "venue": {"id": "4b84a5a9f964a520a43f31e3", "like": false, "stats": {"checkinsCount": 8095, "tipCount": 115, "usersCount": 4491}, "beenHere": {"lastCheckinExpiredAt": 0}, "categories": [{"id": "4bf58dd8d48988d145941735", "primary": true, "icon": {"prefix": "https://ss3.4sqi.net/img/categories_v2/food/asian_", "suffix": ".png"}, "pluralName": "Chinese Restaurants", "shortName": "Chinese", "name": "Chinese Restaurant"}], "verified": false, "allowMenuUrlEdit": true, "location": {"crossStreet": "at Jalan Dhoby", "labeledLatLngs": [{"lng": 103.76430004835129, "label": "display", "lat": 1.4572828123520756}], "state": "Johor", "lat": 1.4572828123520756, "postalCode": "80000", "city": "Johor Bahru", "formattedAddress": ["131 Jalan Trus (at Jalan Dhoby)", "80000 Johor Bahru, Johor", "Malaysia"], "lng": 103.76430004835129, "address": "131 Jalan Trus", "country": "Malaysia", "cc": "MY"}, "contact": {"formattedPhone": "+60 7-224 7364", "phone": "+6072247364"}, "name": "Restoran Hua Mui \u534e\u7f8e\u8336\u9910\u5ba4"}, "width": 1920, "suffix": "/1016454_0O8IlRvzlWFWTjGkjHIlcqtsY_iyfTRsN9KmFuH3StA.jpg"}, {"id": "58ac2a52739d855978b99ccc", "createdAt": 1487678034, "height": 1440, "visibility": "public", "source": {"url": "https://www.swarmapp.com", "name": "Swarm for iOS"}, "prefix": "https://igx.4sqi.net/img/general/", "venue": {"like": false, "menu": {"mobileUrl": "http://www.yayoi.sg/menu.html", "url": "http://www.yayoi.sg/menu.html", "label": "Menu", "externalUrl": "http://www.yayoi.sg/menu.html", "anchor": "View Menu", "type": "Menu"}, "allowMenuUrlEdit": true, "location": {"crossStreet": "1 Vista Exchange Green", "labeledLatLngs": [{"lng": 103.7879023334352, "label": "display", "lat": 1.306893767389889}], "lat": 1.306893767389889, "postalCode": "138067", "city": "Singapore", "formattedAddress": ["#02-01/02 The Star Vista (1 Vista Exchange Green)", "138067", "Singapore"], "lng": 103.7879023334352, "address": "#02-01/02 The Star Vista", "country": "Singapore", "cc": "SG"}, "id": "53ae5631498e8128513734f8", "beenHere": {"lastCheckinExpiredAt": 0}, "stats": {"checkinsCount": 546, "tipCount": 14, "usersCount": 341}, "url": "http://www.yayoi.sg", "categories": [{"id": "4bf58dd8d48988d111941735", "primary": true, "icon": {"prefix": "https://ss3.4sqi.net/img/categories_v2/food/japanese_", "suffix": ".png"}, "pluralName": "Japanese Restaurants", "shortName": "Japanese", "name": "Japanese Restaurant"}], "verified": false, "contact": {"formattedPhone": "+65 6570 2668", "phone": "+6565702668"}, "name": "Yayoi"}, "width": 1920, "suffix": "/1016454_El-iVNtOXu8Fhq5nlnaUICIla6NIAozCKFrPZ9lbkaA.jpg"}, {"id": "58a2d3bb26a9531e05b65b80", "createdAt": 1487066043, "height": 1920, "visibility": "public", "source": {"url": "https://www.swarmapp.com", "name": "Swarm for iOS"}, "prefix": "https://igx.4sqi.net/img/general/", "venue": {"id": "4c5d123a9b28d13af2b85870", "like": false, "stats": {"checkinsCount": 2452, "tipCount": 23, "usersCount": 1333}, "beenHere": {"lastCheckinExpiredAt": 0}, "categories": [{"id": "55a59bace4b013909087cb24", "primary": true, "icon": {"prefix": "https://ss3.4sqi.net/img/categories_v2/food/ramen_", "suffix": ".png"}, "pluralName": "Ramen Restaurants", "shortName": "Ramen", "name": "Ramen Restaurant"}], "verified": false, "allowMenuUrlEdit": true, "location": {"address": "#B1-13 Raffles City Shopping Centre, 252 North Bridge Rd", "lat": 1.2936694868624081, "city": "Singapore", "formattedAddress": ["#B1-13 Raffles City Shopping Centre, 252 North Bridge Rd", "Singapore"], "lng": 103.8539144885692, "labeledLatLngs": [{"lng": 103.8539144885692, "label": "display", "lat": 1.2936694868624081}], "country": "Singapore", "cc": "SG"}, "contact": {"formattedPhone": "+65 6336 7456", "phone": "+6563367456"}, "name": "Daikokuya"}, "width": 1440, "suffix": "/1016454_btVvcg6YYlGiitnxotWvrw5JCU2rjcbC5KVLmW-wmCg.jpg"}, {"id": "5854e8a2f5bfab4aa5b86602", "createdAt": 1481959586, "height": 1440, "visibility": "public", "source": {"url": "https://www.swarmapp.com", "name": "Swarm for iOS"}, "prefix": "https://igx.4sqi.net/img/general/", "venue": {"like": false, "menu": {"mobileUrl": "http://www.dalkomm.com.sg/menu", "url": "http://www.dalkomm.com.sg/menu", "label": "Menu", "externalUrl": "http://www.dalkomm.com.sg/menu", "anchor": "View Menu", "type": "Menu"}, "allowMenuUrlEdit": true, "location": {"crossStreet": "176 Orchard Road", "labeledLatLngs": [{"lng": 103.839517, "label": "display", "lat": 1.300962}], "lat": 1.300962, "postalCode": "238843", "city": "Singapore", "formattedAddress": ["#01-01/02/03/04/05/06, #01-102/103 The Centrepoint (176 Orchard Road)", "238843", "Singapore"], "lng": 103.839517, "address": "#01-01/02/03/04/05/06, #01-102/103 The Centrepoint", "country": "Singapore", "cc": "SG"}, "id": "5842619baf5c144c4e2b676a", "beenHere": {"lastCheckinExpiredAt": 0}, "stats": {"checkinsCount": 443, "tipCount": 4, "usersCount": 348}, "url": "http://www.dalkomm.com.sg", "categories": [{"id": "4bf58dd8d48988d16d941735", "primary": true, "icon": {"prefix": "https://ss3.4sqi.net/img/categories_v2/food/cafe_", "suffix": ".png"}, "pluralName": "Caf\u00e9s", "shortName": "Caf\u00e9", "name": "Caf\u00e9"}], "verified": false, "contact": {"facebook": "650018035169975", "facebookUsername": "dalkommsg", "instagram": "dalkommsg", "facebookName": "Dal.Komm Coffee Singapore", "twitter": "dalkomm_coffee"}, "name": "Dal.komm Coffee"}, "width": 1920, "suffix": "/1016454_2ITm1Zn9Pj7YmZcwLwRRnwdL_9Yo9OZy4Df42ZK9MI8.jpg"}, {"id": "5854e89fce593d5304cdcc3f", "createdAt": 1481959583, "height": 1920, "visibility": "public", "source": {"url": "https://www.swarmapp.com", "name": "Swarm for iOS"}, "prefix": "https://igx.4sqi.net/img/general/", "venue": {"like": false, "menu": {"mobileUrl": "http://www.dalkomm.com.sg/menu", "url": "http://www.dalkomm.com.sg/menu", "label": "Menu", "externalUrl": "http://www.dalkomm.com.sg/menu", "anchor": "View Menu", "type": "Menu"}, "allowMenuUrlEdit": true, "location": {"crossStreet": "176 Orchard Road", "labeledLatLngs": [{"lng": 103.839517, "label": "display", "lat": 1.300962}], "lat": 1.300962, "postalCode": "238843", "city": "Singapore", "formattedAddress": ["#01-01/02/03/04/05/06, #01-102/103 The Centrepoint (176 Orchard Road)", "238843", "Singapore"], "lng": 103.839517, "address": "#01-01/02/03/04/05/06, #01-102/103 The Centrepoint", "country": "Singapore", "cc": "SG"}, "id": "5842619baf5c144c4e2b676a", "beenHere": {"lastCheckinExpiredAt": 0}, "stats": {"checkinsCount": 443, "tipCount": 4, "usersCount": 348}, "url": "http://www.dalkomm.com.sg", "categories": [{"id": "4bf58dd8d48988d16d941735", "primary": true, "icon": {"prefix": "https://ss3.4sqi.net/img/categories_v2/food/cafe_", "suffix": ".png"}, "pluralName": "Caf\u00e9s", "shortName": "Caf\u00e9", "name": "Caf\u00e9"}], "verified": false, "contact": {"facebook": "650018035169975", "facebookUsername": "dalkommsg", "instagram": "dalkommsg", "facebookName": "Dal.Komm Coffee Singapore", "twitter": "dalkomm_coffee"}, "name": "Dal.komm Coffee"}, "width": 1440, "suffix": "/1016454_EOiwncsA0wX26qTtkQpomeC_cmQ9sD9bqkrL_c0An3k.jpg"}, {"id": "5789f30d498e9c000a826cb0", "createdAt": 1468658445, "height": 1920, "visibility": "public", "source": {"url": "https://www.swarmapp.com", "name": "Swarm for iOS"}, "prefix": "https://igx.4sqi.net/img/general/", "venue": {"id": "4d2c2a2a77a2a1cdcd0183b7", "like": false, "stats": {"checkinsCount": 13486, "tipCount": 56, "usersCount": 4784}, "url": "http://www.mcdonalds.com.sg", "beenHere": {"lastCheckinExpiredAt": 0}, "categories": [{"id": "4bf58dd8d48988d16e941735", "primary": true, "icon": {"prefix": "https://ss3.4sqi.net/img/categories_v2/food/fastfood_", "suffix": ".png"}, "pluralName": "Fast Food Restaurants", "shortName": "Fast Food", "name": "Fast Food Restaurant"}], "verified": false, "allowMenuUrlEdit": true, "location": {"crossStreet": "3155 Commonwealth Ave West", "labeledLatLngs": [{"lng": 103.76461386680603, "label": "display", "lat": 1.3155079262502452}], "lat": 1.3155079262502452, "postalCode": "129588", "city": "Singapore", "formattedAddress": ["#01-06/07/09, The Clementi Mall (3155 Commonwealth Ave West)", "129588", "Singapore"], "lng": 103.76461386680603, "address": "#01-06/07/09, The Clementi Mall", "country": "Singapore", "cc": "SG"}, "contact": {"formattedPhone": "+65 6659 0527", "phone": "+6566590527"}, "name": "McDonald's / McCaf\u00e9"}, "width": 1440, "suffix": "/1016454_A1OuK14XayAyaAIJmKVja2gRwwNFp4HjmoibWRGfCrY.jpg"}, {"id": "577f8cc9498e089ee9cecf45", "createdAt": 1467976905, "height": 1920, "visibility": "public", "source": {"url": "https://www.swarmapp.com", "name": "Swarm for iOS"}, "prefix": "https://igx.4sqi.net/img/general/", "venue": {"id": "4c4bc8ef42b4d13a4cfc257f", "like": false, "stats": {"checkinsCount": 1315, "tipCount": 17, "usersCount": 976}, "url": "http://www.ihg.com/holidayinn/hotels/us/en/singapore/sinpv/hoteldetail", "beenHere": {"lastCheckinExpiredAt": 0}, "categories": [{"id": "4bf58dd8d48988d1c4941735", "primary": true, "icon": {"prefix": "https://ss3.4sqi.net/img/categories_v2/food/default_", "suffix": ".png"}, "pluralName": "Restaurants", "shortName": "Restaurant", "name": "Restaurant"}], "verified": false, "allowMenuUrlEdit": true, "location": {"crossStreet": "11 Cavenagh Rd.", "labeledLatLngs": [{"lng": 103.84120994218986, "label": "display", "lat": 1.3026264297631673}], "lat": 1.3026264297631673, "postalCode": "229616", "city": "Singapore", "formattedAddress": ["Level 2 Holiday Inn Singapore Orchard City Centre (11 Cavenagh Rd.)", "229616", "Singapore"], "lng": 103.84120994218986, "address": "Level 2 Holiday Inn Singapore Orchard City Centre", "country": "Singapore", "cc": "SG"}, "contact": {"formattedPhone": "+65 6733 8333", "phone": "+6567338333"}, "name": "Window On The Park"}, "width": 1440, "suffix": "/1016454_bZuW_mdyg9aXM81favvzpK1KWKQsy5j8lBNciMq7zBE.jpg"}, {"id": "56f37152498ee299c2ee4ce8", "createdAt": 1458794834, "height": 1920, "visibility": "public", "source": {"url": "https://www.swarmapp.com", "name": "Swarm for iOS"}, "prefix": "https://igx.4sqi.net/img/general/", "venue": {"id": "557e57a7498e932274422cb5", "like": false, "stats": {"checkinsCount": 248, "tipCount": 1, "usersCount": 62}, "beenHere": {"lastCheckinExpiredAt": 0}, "categories": [{"id": "52af3b813cf9994f4e043c04", "primary": true, "icon": {"prefix": "https://ss3.4sqi.net/img/categories_v2/food/asian_", "suffix": ".png"}, "pluralName": "Taiwanese Restaurants", "shortName": "Taiwanese", "name": "Taiwanese Restaurant"}], "verified": false, "allowMenuUrlEdit": true, "location": {"crossStreet": "Chevron House", "labeledLatLngs": [{"lng": 103.85081750437008, "label": "display", "lat": 1.2846525087631928}], "lat": 1.2846525087631928, "postalCode": "048622", "city": "Singapore", "formattedAddress": ["30 Raffles Place B1-04 (Chevron House)", "048622", "Singapore"], "lng": 103.85081750437008, "address": "30 Raffles Place B1-04", "country": "Singapore", "cc": "SG"}, "contact": {}, "name": "Tea Valley \u8336\u98df\u574a"}, "width": 1440, "suffix": "/1016454_3kZn2k5h53MTIEihgHLjiZGRQUjt_zN9-CkH0e7q3aA.jpg"}, {"id": "560250b9498efeb285bca57e", "createdAt": 1442992313, "height": 1440, "visibility": "public", "source": {"url": "https://www.swarmapp.com", "name": "Swarm for iOS"}, "prefix": "https://igx.4sqi.net/img/general/", "venue": {"id": "50077ca9e4b09f953c9beb7f", "like": false, "stats": {"checkinsCount": 28, "tipCount": 1, "usersCount": 23}, "beenHere": {"lastCheckinExpiredAt": 0}, "categories": [{"id": "4bf58dd8d48988d115951735", "primary": true, "icon": {"prefix": "https://ss3.4sqi.net/img/categories_v2/shops/bikeshop_", "suffix": ".png"}, "pluralName": "Bike Shops", "shortName": "Bike Shop", "name": "Bike Shop"}], "verified": false, "allowMenuUrlEdit": true, "location": {"address": "\uac15\ub0a8\uad6c \uc555\uad6c\uc815\ub85c 136", "state": "\uc11c\uc6b8\ud2b9\ubcc4\uc2dc", "lat": 37.52469004866119, "city": "\uc11c\uc6b8\ud2b9\ubcc4\uc2dc", "formattedAddress": ["\uac15\ub0a8\uad6c \uc555\uad6c\uc815\ub85c 136", "\uc2e0\uc0ac\ub3d9", "\uc11c\uc6b8\ud2b9\ubcc4\uc2dc", "\uc11c\uc6b8\ud2b9\ubcc4\uc2dc", "\ub300\ud55c\ubbfc\uad6d"], "lng": 127.02358168036916, "labeledLatLngs": [{"lng": 127.02358168036916, "label": "display", "lat": 37.52469004866119}], "country": "\ub300\ud55c\ubbfc\uad6d", "cc": "KR"}, "contact": {}, "name": "CELLO (\uccbc\ub85c\ud64d\ubcf4\uad00)"}, "width": 1920, "suffix": "/1016454_a7K5ixNa8DKwLRXjB1RHXD7qZco1NN53dKtBBkebboA.jpg"}, {"id": "5597d756498e6b7abc3c92c8", "createdAt": 1436014422, "height": 1920, "visibility": "public", "source": {"url": "https://www.swarmapp.com", "name": "Swarm for iOS"}, "prefix": "https://igx.4sqi.net/img/general/", "venue": {"id": "54e32372498e9832a2aa4ac2", "like": false, "stats": {"checkinsCount": 119, "tipCount": 1, "usersCount": 93}, "beenHere": {"lastCheckinExpiredAt": 0}, "categories": [{"id": "4bf58dd8d48988d16d941735", "primary": true, "icon": {"prefix": "https://ss3.4sqi.net/img/categories_v2/food/cafe_", "suffix": ".png"}, "pluralName": "Caf\u00e9s", "shortName": "Caf\u00e9", "name": "Caf\u00e9"}], "verified": false, "allowMenuUrlEdit": true, "location": {"crossStreet": "3151 Commonwealth Avenue", "labeledLatLngs": [{"lng": 103.76540942183499, "label": "display", "lat": 1.3143607108748712}], "lat": 1.3143607108748712, "city": "Singapore", "formattedAddress": ["#01-13/14, CityVibe Mall (3151 Commonwealth Avenue)", "Singapore"], "lng": 103.76540942183499, "address": "#01-13/14, CityVibe Mall", "country": "Singapore", "cc": "SG"}, "contact": {}, "name": "Frozen Korea Ice Dessert Cafe"}, "width": 1440, "suffix": "/1016454_1OnlYg0ZmHVUfkipBKS29CJ5Sf7kr4ntxFnd01Nq5bQ.jpg"}, {"id": "55611605498e01e260f92a99", "createdAt": 1432425989, "height": 1440, "visibility": "public", "source": {"url": "https://www.swarmapp.com", "name": "Swarm for iOS"}, "prefix": "https://igx.4sqi.net/img/general/", "venue": {"id": "4bec2a8561aca593cae38500", "like": false, "stats": {"checkinsCount": 69620, "tipCount": 178, "usersCount": 33462}, "url": "http://www.nparks.gov.sg/cms/index.php?option=com_visitorsguide&task=parks&id=14&Itemid=73", "beenHere": {"lastCheckinExpiredAt": 0}, "categories": [{"id": "4bf58dd8d48988d1e2941735", "primary": true, "icon": {"prefix": "https://ss3.4sqi.net/img/categories_v2/parks_outdoors/beach_", "suffix": ".png"}, "pluralName": "Beaches", "shortName": "Beach", "name": "Beach"}], "verified": false, "location": {"crossStreet": "East Coast Park Service Rd", "lat": 1.3051144026337076, "postalCode": "455511", "city": "Singapore", "formattedAddress": ["Along East Coast Pkwy (East Coast Park Service Rd)", "455511", "Singapore"], "lng": 103.92740249633789, "address": "Along East Coast Pkwy", "country": "Singapore", "cc": "SG"}, "contact": {"formattedPhone": "+65 1800 471 7300", "phone": "+6518004717300"}, "name": "East Coast Park"}, "width": 1920, "suffix": "/1016454_eVyPgFANpkCIeH5dHFGJdV5Dz50yenp01sFU65RVuZ8.jpg"}, {"id": "554e9709498e0b97bde0d3c7", "createdAt": 1431213833, "height": 1440, "visibility": "public", "source": {"url": "https://www.swarmapp.com", "name": "Swarm for iOS"}, "prefix": "https://igx.4sqi.net/img/general/", "venue": {"id": "54190be5498e3bf83a894c02", "like": false, "stats": {"checkinsCount": 972, "tipCount": 7, "usersCount": 585}, "url": "http://www.starbucks.com.sg", "beenHere": {"lastCheckinExpiredAt": 0}, "categories": [{"id": "4bf58dd8d48988d1e0931735", "primary": true, "icon": {"prefix": "https://ss3.4sqi.net/img/categories_v2/food/coffeeshop_", "suffix": ".png"}, "pluralName": "Coffee Shops", "shortName": "Coffee Shop", "name": "Coffee Shop"}], "verified": false, "allowMenuUrlEdit": true, "location": {"crossStreet": "920 East Coast Parkway", "labeledLatLngs": [{"lng": 103.90690816643118, "label": "display", "lat": 1.2986802120772265}], "lat": 1.2986802120772265, "postalCode": "449875", "city": "Singapore", "formattedAddress": ["#01-17 Parkland Green (920 East Coast Parkway)", "449875", "Singapore"], "lng": 103.90690816643118, "address": "#01-17 Parkland Green", "country": "Singapore", "cc": "SG"}, "contact": {}, "name": "Starbucks"}, "width": 1440, "suffix": "/1016454_GlBpsKZCmV_fTtkARoyxJrvqmdnfWObQYuL-WiIRaIo.jpg"}, {"id": "53dc999e11d256f1b35dd416", "createdAt": 1406966174, "height": 960, "visibility": "public", "source": {"url": "https://www.swarmapp.com", "name": "Swarm for iOS"}, "prefix": "https://igx.4sqi.net/img/general/", "venue": {"id": "4bd1e8a4462cb7135d28db07", "like": false, "stats": {"checkinsCount": 16806, "tipCount": 44, "usersCount": 9212}, "beenHere": {"lastCheckinExpiredAt": 0}, "categories": [{"id": "56aa371be4b08b9a8d573562", "primary": true, "icon": {"prefix": "https://ss3.4sqi.net/img/categories_v2/parks_outdoors/river_", "suffix": ".png"}, "pluralName": "Canals", "shortName": "Canal", "name": "Canal"}], "verified": false, "allowMenuUrlEdit": true, "location": {"address": "Boat Quay", "lat": 1.2866377657473904, "city": "Singapore", "formattedAddress": ["Boat Quay", "Singapore"], "lng": 103.8495492898863, "labeledLatLngs": [{"lng": 103.8495492898863, "label": "display", "lat": 1.2866377657473904}], "country": "Singapore", "cc": "SG"}, "contact": {}, "name": "Boat Quay"}, "width": 720, "suffix": "/1016454_YDK3jpsHwKimsxKYZf30IROxMvnm8avcOH7YA_zLI7I.jpg"}, {"id": "539c477b498ef237c20b2b10", "createdAt": 1402750843, "height": 720, "visibility": "public", "source": {"url": "https://www.swarmapp.com", "name": "Swarm for iOS"}, "prefix": "https://igx.4sqi.net/img/general/", "venue": {"id": "507a8c43e4b0753d5a22255b", "like": false, "stats": {"checkinsCount": 1946, "tipCount": 17, "usersCount": 1032}, "beenHere": {"lastCheckinExpiredAt": 0}, "categories": [{"id": "4bf58dd8d48988d14e941735", "primary": true, "icon": {"prefix": "https://ss3.4sqi.net/img/categories_v2/food/default_", "suffix": ".png"}, "pluralName": "American Restaurants", "shortName": "American", "name": "American Restaurant"}], "verified": false, "allowMenuUrlEdit": true, "location": {"crossStreet": "293 Lorong 6 Toa Payoh", "labeledLatLngs": [{"lng": 103.85449199616822, "label": "display", "lat": 1.33028756159255}], "lat": 1.33028756159255, "postalCode": "319387", "city": "Singapore", "formattedAddress": ["#01-05 SAFRA Toa Payoh (293 Lorong 6 Toa Payoh)", "319387", "Singapore"], "lng": 103.85449199616822, "address": "#01-05 SAFRA Toa Payoh", "country": "Singapore", "cc": "SG"}, "contact": {}, "name": "Astons Specialities"}, "width": 720, "suffix": "/1016454_2bsKRBDs-GbzL85RUv-zsJUtuq8cv_1zfufRlzw_3-Y.jpg"}, {"id": "539c2c37498eee11c26aca23", "createdAt": 1402743863, "height": 720, "visibility": "public", "source": {"url": "https://www.swarmapp.com", "name": "Swarm for iOS"}, "prefix": "https://igx.4sqi.net/img/general/", "venue": {"id": "525a368f11d236eeeaf8429d", "like": false, "stats": {"checkinsCount": 3411, "tipCount": 89, "usersCount": 2596}, "url": "http://wheelersyard.com", "beenHere": {"lastCheckinExpiredAt": 0}, "categories": [{"id": "4bf58dd8d48988d16d941735", "primary": true, "icon": {"prefix": "https://ss3.4sqi.net/img/categories_v2/food/cafe_", "suffix": ".png"}, "pluralName": "Caf\u00e9s", "shortName": "Caf\u00e9", "name": "Caf\u00e9"}], "verified": false, "allowMenuUrlEdit": true, "location": {"address": "28 Lorong Ampas", "lat": 1.3266044390225296, "postalCode": "328781", "city": "Singapore", "formattedAddress": ["28 Lorong Ampas", "328781", "Singapore"], "lng": 103.85283874565931, "labeledLatLngs": [{"lng": 103.85283874565931, "label": "display", "lat": 1.3266044390225296}], "country": "Singapore", "cc": "SG"}, "contact": {"formattedPhone": "+65 6254 9128", "phone": "+6562549128"}, "name": "Wheeler's Yard"}, "width": 720, "suffix": "/1016454_4d0aptsSNv1y7arqQFult05wu13rcp5XBN2qZH6XPL8.jpg"}, {"id": "539c2922498e06492034922b", "createdAt": 1402743074, "height": 720, "visibility": "public", "source": {"url": "https://foursquare.com/download/#/iphone", "name": "Foursquare for iOS"}, "prefix": "https://igx.4sqi.net/img/general/", "venue": {"id": "525a368f11d236eeeaf8429d", "like": false, "stats": {"checkinsCount": 3411, "tipCount": 89, "usersCount": 2596}, "url": "http://wheelersyard.com", "beenHere": {"lastCheckinExpiredAt": 0}, "categories": [{"id": "4bf58dd8d48988d16d941735", "primary": true, "icon": {"prefix": "https://ss3.4sqi.net/img/categories_v2/food/cafe_", "suffix": ".png"}, "pluralName": "Caf\u00e9s", "shortName": "Caf\u00e9", "name": "Caf\u00e9"}], "verified": false, "allowMenuUrlEdit": true, "location": {"address": "28 Lorong Ampas", "lat": 1.3266044390225296, "postalCode": "328781", "city": "Singapore", "formattedAddress": ["28 Lorong Ampas", "328781", "Singapore"], "lng": 103.85283874565931, "labeledLatLngs": [{"lng": 103.85283874565931, "label": "display", "lat": 1.3266044390225296}], "country": "Singapore", "cc": "SG"}, "contact": {"formattedPhone": "+65 6254 9128", "phone": "+6562549128"}, "name": "Wheeler's Yard"}, "width": 720, "suffix": "/1016454_4d0aptsSNv1y7arqQFult05wu13rcp5XBN2qZH6XPL8.jpg"}, {"id": "537fd623498e48d312fea4be", "createdAt": 1400886819, "height": 720, "visibility": "public", "source": {"url": "https://foursquare.com/download/#/iphone", "name": "Foursquare for iOS"}, "prefix": "https://igx.4sqi.net/img/general/", "venue": {"id": "4e2a8fe5a809f1b164062159", "like": false, "stats": {"checkinsCount": 3387, "tipCount": 22, "usersCount": 1961}, "url": "http://www.gardensbythebay.org.sg/attractions/bay-east.php", "beenHere": {"lastCheckinExpiredAt": 0}, "categories": [{"id": "4bf58dd8d48988d163941735", "primary": true, "icon": {"prefix": "https://ss3.4sqi.net/img/categories_v2/parks_outdoors/park_", "suffix": ".png"}, "pluralName": "Parks", "shortName": "Park", "name": "Park"}], "verified": false, "location": {"crossStreet": "Gardens by the Bay", "labeledLatLngs": [{"lng": 103.86895179748535, "label": "display", "lat": 1.2895830304297036}], "lat": 1.2895830304297036, "city": "Singapore", "formattedAddress": ["Tanjong Rhu Rd (Gardens by the Bay)", "Singapore"], "lng": 103.86895179748535, "address": "Tanjong Rhu Rd", "country": "Singapore", "cc": "SG"}, "contact": {}, "name": "Bay East (Gardens by the Bay)"}, "width": 960, "suffix": "/1016454_mftxXGivCcUxqlToTZAG2t8b_moUM-F4fWBSCNDHiwM.jpg"}, {"id": "536c4511498e8c541b11399b", "createdAt": 1399604497, "height": 960, "visibility": "public", "source": {"url": "https://foursquare.com/download/#/iphone", "name": "Foursquare for iOS"}, "prefix": "https://igx.4sqi.net/img/general/", "venue": {"id": "525242f08bbd79f3aa042a18", "like": false, "stats": {"checkinsCount": 843, "tipCount": 2, "usersCount": 226}, "url": "http://www.starbucks.com.sg", "beenHere": {"lastCheckinExpiredAt": 0}, "categories": [{"id": "4bf58dd8d48988d1e0931735", "primary": true, "icon": {"prefix": "https://ss3.4sqi.net/img/categories_v2/food/coffeeshop_", "suffix": ".png"}, "pluralName": "Coffee Shops", "shortName": "Coffee Shop", "name": "Coffee Shop"}], "verified": false, "allowMenuUrlEdit": true, "location": {"crossStreet": "10 Collyer Quay", "labeledLatLngs": [{"lng": 103.85155918885972, "label": "display", "lat": 1.2833398170915251}], "lat": 1.2833398170915251, "postalCode": "049315", "city": "Singapore", "formattedAddress": ["#B1-07, Ocean Financial Centre (10 Collyer Quay)", "049315", "Singapore"], "lng": 103.85155918885972, "address": "#B1-07, Ocean Financial Centre", "country": "Singapore", "cc": "SG"}, "contact": {"twitter": "sg_starbucks", "formattedPhone": "+65 6634 7341", "phone": "+6566347341"}, "name": "Starbucks"}, "width": 720, "suffix": "/1016454_gwhrUf7xhzIrWq4FvPN_8Uqp1NPd4v7rqldVB-F0QVU.jpg"}, {"id": "535a2326498e092bb124494a", "createdAt": 1398416166, "height": 720, "visibility": "public", "source": {"url": "https://foursquare.com/download/#/iphone", "name": "Foursquare for iOS"}, "prefix": "https://igx.4sqi.net/img/general/", "venue": {"id": "4d8b0ddc401a224bca4dae18", "closed": true, "stats": {"checkinsCount": 687, "tipCount": 7, "usersCount": 552}, "like": false, "beenHere": {"lastCheckinExpiredAt": 0}, "categories": [{"id": "4bf58dd8d48988d1df931735", "primary": true, "icon": {"prefix": "https://ss3.4sqi.net/img/categories_v2/food/bbqalt_", "suffix": ".png"}, "pluralName": "BBQ Joints", "shortName": "BBQ", "name": "BBQ Joint"}], "verified": false, "allowMenuUrlEdit": true, "location": {"crossStreet": "\uac15\ub0a8\uc5ed\uc810", "state": "\uc11c\uc6b8\ud2b9\ubcc4\uc2dc", "lat": 37.50184031004875, "city": "\uc11c\uc6b8\ud2b9\ubcc4\uc2dc", "formattedAddress": ["\uc11c\ucd08\uad6c \uac15\ub0a8\ub300\ub85c69\uae38 8 (\uac15\ub0a8\uc5ed\uc810)", "\uc11c\ucd084\ub3d9", "\uc11c\uc6b8\ud2b9\ubcc4\uc2dc", "\uc11c\uc6b8\ud2b9\ubcc4\uc2dc", "\ub300\ud55c\ubbfc\uad6d"], "lng": 127.02463924884796, "address": "\uc11c\ucd08\uad6c \uac15\ub0a8\ub300\ub85c69\uae38 8", "country": "\ub300\ud55c\ubbfc\uad6d", "cc": "KR"}, "contact": {"formattedPhone": "+82 2-536-8081", "phone": "+8225368081"}, "name": "\ud314\uc790\ub9c9\ucc3d"}, "width": 960, "suffix": "/1016454_8nSUJGQ6HE_c1Rl0HHJXCub9NS6s2XOdHeoESPf_bjg.jpg"}, {"id": "53578aa711d257fb062469e5", "createdAt": 1398246055, "height": 960, "visibility": "public", "source": {"url": "https://foursquare.com/download/#/iphone", "name": "Foursquare for iOS"}, "prefix": "https://igx.4sqi.net/img/general/", "venue": {"id": "4c6a75728e7c0f47b326e20f", "like": false, "stats": {"checkinsCount": 183, "tipCount": 3, "usersCount": 149}, "beenHere": {"lastCheckinExpiredAt": 0}, "categories": [{"id": "4bf58dd8d48988d102951735", "primary": true, "icon": {"prefix": "https://ss3.4sqi.net/img/categories_v2/shops/apparel_accessories_", "suffix": ".png"}, "pluralName": "Accessories Stores", "shortName": "Accessories", "name": "Accessories Store"}], "verified": false, "allowMenuUrlEdit": true, "location": {"address": "\uacbd\uae30\ub3c4 \uc548\uc591\uc2dc \ub3d9\uc548\uad6c \ud638\uacc4\ub3d9", "lat": 37.56944837801174, "country": "\ub300\ud55c\ubbfc\uad6d", "lng": 126.97685467305763, "labeledLatLngs": [{"lng": 126.97685467305763, "label": "display", "lat": 37.56944837801174}], "formattedAddress": ["\uacbd\uae30\ub3c4 \uc548\uc591\uc2dc \ub3d9\uc548\uad6c \ud638\uacc4\ub3d9", "\uc0ac\uc9c1\ub3d9", "\ub300\ud55c\ubbfc\uad6d"], "cc": "KR"}, "contact": {}, "name": "\ub86f\ub370\ud638\ud154 MCM"}, "width": 720, "suffix": "/1016454_toZlSszoG2KZglmPo8WH6jigJ5NX2ykZgseDcHBHNSI.jpg"}, {"id": "5350879b498e4812b88c852f", "createdAt": 1397786523, "height": 720, "visibility": "public", "source": {"url": "https://foursquare.com/download/#/iphone", "name": "Foursquare for iOS"}, "prefix": "https://igx.4sqi.net/img/general/", "venue": {"id": "4c299350e19720a1f4c1f958", "like": false, "stats": {"checkinsCount": 294, "tipCount": 4, "usersCount": 201}, "url": "http://www.dunkindonuts.co.kr", "beenHere": {"lastCheckinExpiredAt": 0}, "categories": [{"id": "4bf58dd8d48988d148941735", "primary": true, "icon": {"prefix": "https://ss3.4sqi.net/img/categories_v2/food/donuts_", "suffix": ".png"}, "pluralName": "Donut Shops", "shortName": "Donuts", "name": "Donut Shop"}], "verified": false, "allowMenuUrlEdit": true, "location": {"crossStreet": "\uc81c\uc8fc\uacf5\ud56d\uc810, 3F", "labeledLatLngs": [{"lng": 126.49394273757935, "label": "display", "lat": 33.50690611436667}], "state": "\uc81c\uc8fc\ud2b9\ubcc4\uc790\uce58\ub3c4", "lat": 33.50690611436667, "city": "\uc81c\uc8fc\uc2dc", "formattedAddress": ["\uacf5\ud56d\ub85c2, \uc81c\uc8fc\uad6d\uc81c\uacf5\ud56d (\uc81c\uc8fc\uacf5\ud56d\uc810, 3F)", "\uc81c\uc8fc\uc2dc", "\uc81c\uc8fc\ud2b9\ubcc4\uc790\uce58\ub3c4", "\ub300\ud55c\ubbfc\uad6d"], "lng": 126.49394273757935, "address": "\uacf5\ud56d\ub85c2, \uc81c\uc8fc\uad6d\uc81c\uacf5\ud56d", "country": "\ub300\ud55c\ubbfc\uad6d", "cc": "KR"}, "contact": {"formattedPhone": "+82 64-711-0742", "phone": "+82647110742"}, "name": "DUNKIN' DONUTS"}, "width": 960, "suffix": "/1016454_7prhj7LD6bPyBIxXCkL0OJFlzVbe4o61ool-GDavi44.jpg"}, {"id": "534f931f498e0194ed8d8dbd", "createdAt": 1397723935, "height": 720, "visibility": "public", "source": {"url": "https://foursquare.com/download/#/iphone", "name": "Foursquare for iOS"}, "prefix": "https://igx.4sqi.net/img/general/", "venue": {"id": "4fc334fee4b06f6d23d8d595", "like": false, "stats": {"checkinsCount": 715, "tipCount": 10, "usersCount": 699}, "beenHere": {"lastCheckinExpiredAt": 0}, "categories": [{"id": "4bf58dd8d48988d1e2931735", "primary": true, "icon": {"prefix": "https://ss3.4sqi.net/img/categories_v2/arts_entertainment/artgallery_", "suffix": ".png"}, "pluralName": "Art Galleries", "shortName": "Art Gallery", "name": "Art Gallery"}], "verified": false, "allowMenuUrlEdit": true, "location": {"address": "\uc911\ubb38\uad00\uad11\ub85c 42", "state": "\uc81c\uc8fc\ud2b9\ubcc4\uc790\uce58\ub3c4", "lat": 33.254871478319224, "city": "\uc11c\uadc0\ud3ec\uc2dc", "formattedAddress": ["\uc911\ubb38\uad00\uad11\ub85c 42", "\uc11c\uadc0\ud3ec\uc2dc", "\uc81c\uc8fc\ud2b9\ubcc4\uc790\uce58\ub3c4", "\ub300\ud55c\ubbfc\uad6d"], "lng": 126.40905629977256, "labeledLatLngs": [{"lng": 126.40905629977256, "label": "display", "lat": 33.254871478319224}], "country": "\ub300\ud55c\ubbfc\uad6d", "cc": "KR"}, "contact": {"formattedPhone": "+82 64-805-0888", "phone": "+82648050888"}, "name": "Alive Museum (\ubc15\ubb3c\uad00\uc740 \uc0b4\uc544\uc788\ub2e4)"}, "width": 960, "suffix": "/1016454_zRHzXyrt5zQHrFx-8Eml1t2YB4PyrQDM8A3nLew4tIY.jpg"}, {"id": "534f5e84498ea3e0a82b8c7d", "createdAt": 1397710468, "height": 720, "visibility": "public", "source": {"url": "https://foursquare.com/download/#/iphone", "name": "Foursquare for iOS"}, "prefix": "https://igx.4sqi.net/img/general/", "venue": {"id": "4c08cb617e3fc928b0d7f082", "like": false, "stats": {"checkinsCount": 882, "tipCount": 24, "usersCount": 793}, "beenHere": {"lastCheckinExpiredAt": 0}, "categories": [{"id": "4bf58dd8d48988d113941735", "primary": true, "icon": {"prefix": "https://ss3.4sqi.net/img/categories_v2/food/korean_", "suffix": ".png"}, "pluralName": "Korean Restaurants", "shortName": "Korean", "name": "Korean Restaurant"}], "verified": false, "allowMenuUrlEdit": true, "location": {"address": "\ucc9c\uc81c\uc5f0\ub85c 17", "city": "\uc11c\uadc0\ud3ec\uc2dc", "labeledLatLngs": [{"lng": 126.4081787917382, "label": "display", "lat": 33.257641951718014}], "cc": "KR", "crossStreet": "\uc911\ubb38\uc810", "state": "\uc81c\uc8fc\ud2b9\ubcc4\uc790\uce58\ub3c4", "lat": 33.257641951718014, "postalCode": "63534", "lng": 126.4081787917382, "neighborhood": "\uc0c9\ub2ec\ub3d9", "formattedAddress": ["\ucc9c\uc81c\uc5f0\ub85c 17 (\uc911\ubb38\uc810)", "\uc0c9\ub2ec\ub3d9", "\uc11c\uadc0\ud3ec\uc2dc", "\uc81c\uc8fc\ud2b9\ubcc4\uc790\uce58\ub3c4", "63534", "\ub300\ud55c\ubbfc\uad6d"], "country": "\ub300\ud55c\ubbfc\uad6d"}, "contact": {"formattedPhone": "+82 64-738-2550", "phone": "+82647382550"}, "name": "\ub364\uc7a5"}, "width": 960, "suffix": "/1016454_9H1oQagkFNWZKDH0ML5jRDEuwY-P-3sHZPFWQmIXYBc.jpg"}, {"id": "534f501d498ee96317139c4b", "createdAt": 1397706781, "height": 960, "visibility": "public", "source": {"url": "https://foursquare.com/download/#/iphone", "name": "Foursquare for iOS"}, "prefix": "https://igx.4sqi.net/img/general/", "venue": {"id": "4b6f91e3f964a52043f62ce3", "like": false, "stats": {"checkinsCount": 2560, "tipCount": 26, "usersCount": 2420}, "url": "http://www.teddybearmuseum.co.kr", "beenHere": {"lastCheckinExpiredAt": 0}, "categories": [{"id": "4bf58dd8d48988d181941735", "primary": true, "icon": {"prefix": "https://ss3.4sqi.net/img/categories_v2/arts_entertainment/museum_", "suffix": ".png"}, "pluralName": "Museums", "shortName": "Museum", "name": "Museum"}], "verified": false, "allowMenuUrlEdit": true, "location": {"address": "\uc911\ubb38\uad00\uad11\ub85c110\ubc88\uae38 31", "state": "\uc81c\uc8fc\ud2b9\ubcc4\uc790\uce58\ub3c4", "lat": 33.250367, "postalCode": "697-808", "city": "\uc11c\uadc0\ud3ec\uc2dc", "formattedAddress": ["\uc911\ubb38\uad00\uad11\ub85c110\ubc88\uae38 31", "\uc11c\uadc0\ud3ec\uc2dc", "\uc81c\uc8fc\ud2b9\ubcc4\uc790\uce58\ub3c4", "697-808", "\ub300\ud55c\ubbfc\uad6d"], "lng": 126.412162, "labeledLatLngs": [{"lng": 126.412162, "label": "display", "lat": 33.250367}], "country": "\ub300\ud55c\ubbfc\uad6d", "cc": "KR"}, "contact": {"formattedPhone": "+82 64-738-7600", "phone": "+82647387600"}, "name": "Teddy Bear Museum (\ud14c\ub514\ubca0\uc5b4 \ubba4\uc9c0\uc5c4)"}, "width": 720, "suffix": "/1016454_fu_kNd-zaBN7PS_DF8vEFTWpZewwR8cYrvYvUfKnpVo.jpg"}, {"id": "534f496811d2e239174ec23d", "createdAt": 1397705064, "height": 720, "visibility": "public", "source": {"url": "https://foursquare.com/download/#/iphone", "name": "Foursquare for iOS"}, "prefix": "https://igx.4sqi.net/img/general/", "venue": {"id": "4bdec4b96198c9b6eabd14ff", "like": false, "stats": {"checkinsCount": 473, "tipCount": 16, "usersCount": 360}, "url": "http://www.seaes.co.kr", "beenHere": {"lastCheckinExpiredAt": 0}, "categories": [{"id": "4bf58dd8d48988d1fa931735", "primary": true, "icon": {"prefix": "https://ss3.4sqi.net/img/categories_v2/travel/hotel_", "suffix": ".png"}, "pluralName": "Hotels", "shortName": "Hotel", "name": "Hotel"}], "verified": false, "allowMenuUrlEdit": true, "location": {"address": "\uc911\ubb38\uad00\uad11\ub85c 198", "state": "\uc81c\uc8fc\ud2b9\ubcc4\uc790\uce58\ub3c4", "lat": 33.24294168722609, "city": "\uc11c\uadc0\ud3ec\uc2dc", "formattedAddress": ["\uc911\ubb38\uad00\uad11\ub85c 198", "\uc11c\uadc0\ud3ec\uc2dc", "\uc81c\uc8fc\ud2b9\ubcc4\uc790\uce58\ub3c4", "\ub300\ud55c\ubbfc\uad6d"], "lng": 126.41965431610646, "labeledLatLngs": [{"lng": 126.41965431610646, "label": "display", "lat": 33.24294168722609}], "country": "\ub300\ud55c\ubbfc\uad6d", "cc": "KR"}, "contact": {"formattedPhone": "+82 64-735-3000", "phone": "+82647353000"}, "name": "\uc528\uc5d0\uc2a4\ud638\ud154"}, "width": 960, "suffix": "/1016454_nVJKeLrH-UjkRMWP1ZVic2ChIVGAhv-OT4qnfZQPcd4.jpg"}, {"id": "53352d13498eee847fdb051a", "createdAt": 1395993875, "height": 720, "visibility": "public", "source": {"url": "https://foursquare.com/download/#/iphone", "name": "Foursquare for iOS"}, "prefix": "https://igx.4sqi.net/img/general/", "venue": {"id": "4b91b457f964a52045d133e3", "like": false, "stats": {"checkinsCount": 15461, "tipCount": 29, "usersCount": 7943}, "url": "http://www.singaporegp.sg", "beenHere": {"lastCheckinExpiredAt": 0}, "categories": [{"id": "4bf58dd8d48988d171941735", "primary": true, "icon": {"prefix": "https://ss3.4sqi.net/img/categories_v2/building/eventspace_", "suffix": ".png"}, "pluralName": "Event Spaces", "shortName": "Event Space", "name": "Event Space"}], "verified": false, "location": {"crossStreet": "Republic Blvd", "labeledLatLngs": [{"lng": 103.86360788202448, "label": "display", "lat": 1.2910977673376611}], "lat": 1.2910977673376611, "city": "Singapore", "formattedAddress": ["Marina Bay Street Circuit (Republic Blvd)", "Singapore"], "lng": 103.86360788202448, "address": "Marina Bay Street Circuit", "country": "Singapore", "cc": "SG"}, "contact": {}, "venueRatingBlacklisted": true, "name": "F1 Pit Building"}, "width": 960, "suffix": "/1016454_ajaZGdi-9mDcExA7m_9ZV-_XkhOjKUmDmWbEYqY0tgY.jpg"}, {"id": "52fd62d811d28c7d06efc9c7", "createdAt": 1392337624, "height": 720, "visibility": "public", "source": {"url": "https://foursquare.com/download/#/iphone", "name": "Foursquare for iOS"}, "prefix": "https://igx.4sqi.net/img/general/", "venue": {"id": "528430d6498e845d55e9309c", "like": false, "stats": {"checkinsCount": 748, "tipCount": 16, "usersCount": 357}, "url": "http://www.paul-international.com", "beenHere": {"lastCheckinExpiredAt": 0}, "categories": [{"id": "4bf58dd8d48988d16a941735", "primary": true, "icon": {"prefix": "https://ss3.4sqi.net/img/categories_v2/food/bakery_", "suffix": ".png"}, "pluralName": "Bakeries", "shortName": "Bakery", "name": "Bakery"}], "verified": false, "allowMenuUrlEdit": true, "location": {"crossStreet": "10 Collyer Quay", "labeledLatLngs": [{"lng": 103.85124779411551, "label": "display", "lat": 1.283433076779425}], "lat": 1.283433076779425, "postalCode": "049315", "city": "Singapore", "formattedAddress": ["#01-01, Ocean Financial Centre (10 Collyer Quay)", "049315", "Singapore"], "lng": 103.85124779411551, "address": "#01-01, Ocean Financial Centre", "country": "Singapore", "cc": "SG"}, "contact": {"twitter": "paul_singapore", "formattedPhone": "+65 6634 3093", "phone": "+6566343093"}, "name": "PAUL"}, "width": 960, "suffix": "/1016454_J9clI-ZxuN6NurwweiZu6UGjZZBkO6bolywuTkhmqPQ.jpg"}, {"id": "52f66e8811d2a99dc171c80c", "createdAt": 1391881864, "height": 380, "visibility": "public", "source": {"url": "https://foursquare.com/download/#/iphone", "name": "Foursquare for iOS"}, "prefix": "https://igx.4sqi.net/img/general/", "venue": {"id": "52ab0242498e0dc92ce186e4", "like": false, "stats": {"checkinsCount": 404, "tipCount": 1, "usersCount": 138}, "beenHere": {"lastCheckinExpiredAt": 0}, "categories": [{"id": "4bf58dd8d48988d11f941735", "primary": true, "icon": {"prefix": "https://ss3.4sqi.net/img/categories_v2/nightlife/nightclub_", "suffix": ".png"}, "pluralName": "Nightclubs", "shortName": "Nightclub", "name": "Nightclub"}], "verified": false, "allowMenuUrlEdit": true, "location": {"crossStreet": "Bras Basah Road", "labeledLatLngs": [{"lng": 103.8489831265268, "label": "display", "lat": 1.298689716770629}], "lat": 1.298689716770629, "city": "Singapore", "formattedAddress": ["Prinsep Street (Bras Basah Road)", "Singapore"], "lng": 103.8489831265268, "address": "Prinsep Street", "country": "Singapore", "cc": "SG"}, "contact": {}, "name": "Club Password"}, "width": 960, "suffix": "/1016454_zo9JbdJtE9-psmgCKrifhdird5csn_UeYbCQ0OwA3kY.jpg"}, {"id": "52da68d2498e25f0b65812e3", "createdAt": 1390045394, "height": 720, "visibility": "public", "source": {"url": "https://foursquare.com/download/#/iphone", "name": "Foursquare for iOS"}, "prefix": "https://igx.4sqi.net/img/general/", "venue": {"id": "4c5037473a6f2d7f32943077", "like": false, "stats": {"checkinsCount": 31, "tipCount": 1, "usersCount": 18}, "beenHere": {"lastCheckinExpiredAt": 0}, "categories": [{"id": "4bf58dd8d48988d103941735", "primary": true, "icon": {"prefix": "https://ss3.4sqi.net/img/categories_v2/building/home_", "suffix": ".png"}, "pluralName": "Homes (private)", "shortName": "Home", "name": "Home (private)"}], "verified": false, "location": {"lat": 1.3312556345703432, "formattedAddress": ["Singapore"], "country": "Singapore", "cc": "SG", "isFuzzed": true, "lng": 103.8390162070228}, "contact": {}, "venueRatingBlacklisted": true, "name": "Cube 8"}, "width": 960, "suffix": "/1016454_7U0cs8iIpA00-2MCg9OKcOXT14bShVCOIpL3Uh8sb3k.jpg"}, {"id": "52d1c018498e1b46cb2a2b6f", "createdAt": 1389477912, "height": 720, "visibility": "public", "source": {"url": "https://foursquare.com/download/#/iphone", "name": "Foursquare for iOS"}, "prefix": "https://igx.4sqi.net/img/general/", "venue": {"id": "4bd1618d046076b096c07171", "like": false, "stats": {"checkinsCount": 8290, "tipCount": 35, "usersCount": 5242}, "beenHere": {"lastCheckinExpiredAt": 0}, "categories": [{"id": "4bf58dd8d48988d163941735", "primary": true, "icon": {"prefix": "https://ss3.4sqi.net/img/categories_v2/parks_outdoors/park_", "suffix": ".png"}, "pluralName": "Parks", "shortName": "Park", "name": "Park"}], "verified": false, "location": {"address": "Mount Faber Rd", "lat": 1.2727409581382068, "city": "Singapore", "formattedAddress": ["Mount Faber Rd", "Singapore"], "lng": 103.81864022617543, "labeledLatLngs": [{"lng": 103.81864022617543, "label": "display", "lat": 1.2727409581382068}], "country": "Singapore", "cc": "SG"}, "contact": {}, "name": "Mount Faber Park"}, "width": 960, "suffix": "/1016454_gfsJQqUnulFDsFHbOZAnDwTO92wICGzGE57ZD6bAF6c.jpg"}, {"id": "52bf6675498ecad1ab383f45", "createdAt": 1388275317, "height": 960, "visibility": "public", "source": {"url": "https://foursquare.com/download/#/iphone", "name": "Foursquare for iOS"}, "prefix": "https://igx.4sqi.net/img/general/", "venue": {"closed": true, "like": false, "allowMenuUrlEdit": true, "location": {"crossStreet": "East Coast Seafood Centre #01-01", "lat": 1.304942624823794, "postalCode": "449881", "city": "Singapore", "formattedAddress": ["1202 East Coast Parkway (East Coast Seafood Centre #01-01)", "449881", "Singapore"], "lng": 103.92953215194751, "address": "1202 East Coast Parkway", "country": "Singapore", "cc": "SG"}, "id": "4eca446c5c5ce271c0c99682", "beenHere": {"lastCheckinExpiredAt": 0}, "stats": {"checkinsCount": 3557, "tipCount": 14, "usersCount": 2046}, "url": "http://www.mcdonalds.com.sg ", "categories": [{"id": "4bf58dd8d48988d16e941735", "primary": true, "icon": {"prefix": "https://ss3.4sqi.net/img/categories_v2/food/fastfood_", "suffix": ".png"}, "pluralName": "Fast Food Restaurants", "shortName": "Fast Food", "name": "Fast Food Restaurant"}], "verified": false, "contact": {"formattedPhone": "+65 6245 4641", "phone": "+6562454641"}, "name": "McDonald's"}, "width": 720, "suffix": "/1016454_ZCKnranJvWg8nGwGBCZfe-0GyR1hYwF6ySAw_UM6Tbo.jpg"}, {"id": "52bf59d3498e16a97b20eee1", "createdAt": 1388272083, "height": 720, "visibility": "public", "source": {"url": "https://foursquare.com/download/#/iphone", "name": "Foursquare for iOS"}, "prefix": "https://igx.4sqi.net/img/general/", "venue": {"id": "4b949b12f964a5208e7e34e3", "like": false, "stats": {"checkinsCount": 71435, "tipCount": 434, "usersCount": 47777}, "url": "http://www.gardensbythebay.com.sg", "venuePage": {"id": "130967055"}, "beenHere": {"lastCheckinExpiredAt": 0}, "categories": [{"id": "4bf58dd8d48988d15a941735", "primary": true, "icon": {"prefix": "https://ss3.4sqi.net/img/categories_v2/parks_outdoors/garden_", "suffix": ".png"}, "pluralName": "Gardens", "shortName": "Garden", "name": "Garden"}], "verified": true, "location": {"lat": 1.2823953218031166, "postalCode": "018953", "city": "Singapore", "formattedAddress": ["18 Marina Gardens Dr", "018953", "Singapore"], "lng": 103.86407784796779, "address": "18 Marina Gardens Dr", "country": "Singapore", "cc": "SG"}, "contact": {"facebook": "361992263834380", "facebookName": "Gardens by the Bay", "formattedPhone": "+65 6420 6848", "phone": "+6564206848", "facebookUsername": "gardensbythebay", "twitter": "gardensbythebay"}, "name": "Gardens by the Bay"}, "width": 960, "suffix": "/1016454_VlY2lP9F4mCysokiWfEDwiKkRO_XJ3WpKPL4PxOa-6A.jpg"}, {"id": "52a3e4c0498ef8873417f008", "createdAt": 1386472640, "height": 960, "visibility": "public", "source": {"url": "https://foursquare.com/download/#/iphone", "name": "Foursquare for iOS"}, "prefix": "https://igx.4sqi.net/img/general/", "venue": {"id": "4c1b5e4a55e4c9b662294923", "like": false, "stats": {"checkinsCount": 656, "tipCount": 4, "usersCount": 255}, "beenHere": {"lastCheckinExpiredAt": 0}, "categories": [{"id": "4bf58dd8d48988d1f2941735", "primary": true, "icon": {"prefix": "https://ss3.4sqi.net/img/categories_v2/shops/sports_outdoors_", "suffix": ".png"}, "pluralName": "Sporting Goods Shops", "shortName": "Sporting Goods", "name": "Sporting Goods Shop"}], "verified": false, "allowMenuUrlEdit": true, "location": {"address": "14 Jalan Kilang Barat", "lat": 1.2845776073430093, "country": "Singapore", "lng": 103.80817463438966, "labeledLatLngs": [{"lng": 103.80817463438966, "label": "display", "lat": 1.2845776073430093}], "formattedAddress": ["14 Jalan Kilang Barat", "Singapore"], "cc": "SG"}, "contact": {}, "name": "Treknology Bikes 3 Private Limited"}, "width": 720, "suffix": "/1016454_kwvbdUe3rgTDZeasbp2mkwxPtXYFnVBQk_bsC1HpnaA.jpg"}, {"id": "52a2603f11d25cafa47120ca", "createdAt": 1386373183, "height": 720, "visibility": "public", "source": {"url": "https://foursquare.com/download/#/iphone", "name": "Foursquare for iOS"}, "prefix": "https://igx.4sqi.net/img/general/", "venue": {"id": "4ca709a5931bb60c6f2199e2", "like": false, "stats": {"checkinsCount": 354, "tipCount": 1, "usersCount": 173}, "beenHere": {"lastCheckinExpiredAt": 0}, "categories": [{"id": "4bf58dd8d48988d113951735", "primary": true, "icon": {"prefix": "https://ss3.4sqi.net/img/categories_v2/shops/gas_", "suffix": ".png"}, "pluralName": "Gas Stations", "shortName": "Gas Station", "name": "Gas Station"}], "verified": false, "allowMenuUrlEdit": true, "location": {"crossStreet": "Woodlands Rd", "labeledLatLngs": [{"lng": 103.75643594190647, "label": "display", "lat": 1.4113124712159455}], "lat": 1.4113124712159455, "postalCode": "729752", "country": "Singapore", "lng": 103.75643594190647, "address": "695 Mandai Rd", "formattedAddress": ["695 Mandai Rd (Woodlands Rd)", "729752", "Singapore"], "cc": "SG"}, "contact": {"formattedPhone": "+65 6368 2990", "phone": "+6563682990"}, "name": "Shell Woodlands Mandai"}, "width": 960, "suffix": "/1016454_ztNyYr_erzQn0Cr_eUzImgLDl0sf0NfQqYMLR0Ot0UU.jpg"}, {"id": "527d6140498ea8aa43d481b1", "createdAt": 1383948608, "height": 960, "visibility": "public", "source": {"url": "https://foursquare.com/download/#/iphone", "name": "Foursquare for iOS"}, "prefix": "https://igx.4sqi.net/img/general/", "venue": {"id": "4be7bd4688ed2d7f9413cb1d", "like": false, "stats": {"checkinsCount": 2724, "tipCount": 5, "usersCount": 508}, "url": "http://www.scdf.gov.sg", "beenHere": {"lastCheckinExpiredAt": 0}, "categories": [{"id": "4bf58dd8d48988d12c941735", "primary": true, "icon": {"prefix": "https://ss3.4sqi.net/img/categories_v2/building/government_firestation_", "suffix": ".png"}, "pluralName": "Fire Stations", "shortName": "Fire Station", "name": "Fire Station"}], "verified": false, "location": {"crossStreet": "Commonwealth Ave West", "labeledLatLngs": [{"lng": 103.76169774580397, "label": "display", "lat": 1.3218024977233238}], "lat": 1.3218024977233238, "postalCode": "129577", "city": "Singapore", "formattedAddress": ["Clementi Service Rd (Commonwealth Ave West)", "129577", "Singapore"], "lng": 103.76169774580397, "address": "Clementi Service Rd", "country": "Singapore", "cc": "SG"}, "contact": {"formattedPhone": "+65 6848 1524", "phone": "+6568481524"}, "venueRatingBlacklisted": true, "name": "Clementi Fire Station"}, "width": 720, "suffix": "/1016454_hl9sSs-rscLWtpGZDrAKWyAi_85ec4FTUDUh8JyRRew.jpg"}, {"id": "4ea1050129c2abc8de316544", "createdAt": 1319175425, "height": 720, "visibility": "public", "source": {"url": "https://foursquare.com/download/#/iphone", "name": "Foursquare for iOS"}, "prefix": "https://igx.4sqi.net/img/general/", "venue": {"id": "4ba8cb81f964a5206cef39e3", "like": false, "stats": {"checkinsCount": 3758, "tipCount": 42, "usersCount": 2947}, "beenHere": {"lastCheckinExpiredAt": 0}, "categories": [{"id": "4bf58dd8d48988d14e941735", "primary": true, "icon": {"prefix": "https://ss3.4sqi.net/img/categories_v2/food/default_", "suffix": ".png"}, "pluralName": "American Restaurants", "shortName": "American", "name": "American Restaurant"}], "verified": false, "allowMenuUrlEdit": true, "location": {"crossStreet": "6 Raffles Blvd", "labeledLatLngs": [{"lng": 103.85860256226806, "label": "display", "lat": 1.291585203940636}], "lat": 1.291585203940636, "postalCode": "039797", "city": "Singapore", "formattedAddress": ["#01-206/207, Marina Square (6 Raffles Blvd)", "039797", "Singapore"], "lng": 103.85860256226806, "address": "#01-206/207, Marina Square", "country": "Singapore", "cc": "SG"}, "contact": {}, "name": "Swensen's"}, "width": 537, "suffix": "/MVQDBI35SHPLRBPLHZJVWSSNATVYKZNSDKFCP5PTBWSZKEF3.jpg"}], "count": 59}, "totalCount": 59}, "meta": {"code": 200, "requestId": "595a777d4434b96bcae66184"}, "notifications": [{"item": {"unreadCount": 0}, "type": "notificationTray"}]}