{"meta": {"code": 200, "requestId": "595b0fff9fb6b77b79e3e788"}, "notifications": [{"item": {"unreadCount": 0}, "type": "notificationTray"}], "response": {"photos": {"items": [{"height": 960, "source": {"url": "https://foursquare.com/download/#/android", "name": "Foursquare for Android"}, "width": 540, "prefix": "https://igx.4sqi.net/img/general/", "createdAt": 1380714759, "id": "524c0907498e77016eaf93b1", "venue": {"url": "http://www.mexout.com", "like": false, "location": {"formattedAddress": ["#01-01, 39 Pekin St.", "048769", "Singapore"], "city": "Singapore", "lng": 103.8486604144673, "cc": "SG", "country": "Singapore", "lat": 1.2834902041971956, "address": "#01-01, 39 Pekin St.", "labeledLatLngs": [{"label": "display", "lat": 1.2834902041971956, "lng": 103.8486604144673}], "postalCode": "048769"}, "categories": [{"icon": {"prefix": "https://ss3.4sqi.net/img/categories_v2/food/mexican_", "suffix": ".png"}, "name": "Mexican Restaurant", "id": "4bf58dd8d48988d1c1941735", "pluralName": "Mexican Restaurants", "primary": true, "shortName": "Mexican"}], "verified": false, "contact": {}, "allowMenuUrlEdit": true, "stats": {"tipCount": 35, "usersCount": 489, "checkinsCount": 844}, "id": "51387b50e4b057585d9eb386", "name": "Mex Out", "beenHere": {"lastCheckinExpiredAt": 0}}, "suffix": "/1017627_Fv0ZN2_I4CwKo9HMq0P93JJFKOPHPLIy7IHepGNcT5g.jpg", "visibility": "public"}, {"height": 540, "source": {"url": "https://foursquare.com/download/#/android", "name": "Foursquare for Android"}, "width": 960, "prefix": "https://igx.4sqi.net/img/general/", "createdAt": 1373065563, "id": "51d7515b498e3171049525ac", "venue": {"url": "http://www.suntecsingapore.com", "like": false, "location": {"formattedAddress": ["1 Raffles Blvd (at Suntec City)", "039593", "Singapore"], "city": "Singapore", "lng": 103.85774759958505, "cc": "SG", "country": "Singapore", "lat": 1.2932462204282764, "address": "1 Raffles Blvd", "crossStreet": "at Suntec City", "postalCode": "039593"}, "categories": [{"icon": {"prefix": "https://ss3.4sqi.net/img/categories_v2/building/conventioncenter_", "suffix": ".png"}, "name": "Convention Center", "id": "4bf58dd8d48988d1ff931735", "pluralName": "Convention Centers", "primary": true, "shortName": "Convention Center"}], "verified": false, "contact": {"facebookName": "Suntec Singapore Convention & Exhibition Centre", "facebookUsername": "suntecsingapore", "instagram": "suntecsingapore", "facebook": "136876326356360"}, "beenHere": {"lastCheckinExpiredAt": 0}, "stats": {"tipCount": 42, "usersCount": 27297, "checkinsCount": 58640}, "id": "4bc00c1474a9a593a1a3cff6", "name": "Suntec Singapore Convention & Exhibition Centre", "venueRatingBlacklisted": true}, "suffix": "/1017627_qvNjMwuRo1peLaUFn0OIFhXBZBywhW0PaHkL0vXgF9o.jpg", "visibility": "public"}, {"height": 960, "source": {"url": "https://foursquare.com/download/#/android", "name": "Foursquare for Android"}, "width": 540, "prefix": "https://igx.4sqi.net/img/general/", "createdAt": 1373004947, "id": "51d66493498e8c3b4a598a5e", "venue": {"url": "http://www.mexout.com", "like": false, "location": {"formattedAddress": ["#01-01, 39 Pekin St.", "048769", "Singapore"], "city": "Singapore", "lng": 103.8486604144673, "cc": "SG", "country": "Singapore", "lat": 1.2834902041971956, "address": "#01-01, 39 Pekin St.", "labeledLatLngs": [{"label": "display", "lat": 1.2834902041971956, "lng": 103.8486604144673}], "postalCode": "048769"}, "categories": [{"icon": {"prefix": "https://ss3.4sqi.net/img/categories_v2/food/mexican_", "suffix": ".png"}, "name": "Mexican Restaurant", "id": "4bf58dd8d48988d1c1941735", "pluralName": "Mexican Restaurants", "primary": true, "shortName": "Mexican"}], "verified": false, "contact": {}, "allowMenuUrlEdit": true, "stats": {"tipCount": 35, "usersCount": 489, "checkinsCount": 844}, "id": "51387b50e4b057585d9eb386", "name": "Mex Out", "beenHere": {"lastCheckinExpiredAt": 0}}, "suffix": "/1017627_yCh0Sjv3wa_SSpJgCscsrNdfPQRxAYl2LtqLQGZPZ-k.jpg", "visibility": "public"}, {"height": 540, "source": {"url": "https://foursquare.com/download/#/android", "name": "Foursquare for Android"}, "width": 960, "prefix": "https://igx.4sqi.net/img/general/", "createdAt": 1370609522, "id": "51b1d772498ea2b4b060b979", "venue": {"url": "http://www.tpymellben.com", "like": false, "location": {"city": "Singapore", "lng": 103.8540390488243, "cc": "SG", "country": "Singapore", "lat": 1.3404354894222785, "address": "Blk 211 Toa Payoh Lorong 8 #01-21", "labeledLatLngs": [{"label": "display", "lat": 1.3404354894222785, "lng": 103.8540390488243}], "formattedAddress": ["Blk 211 Toa Payoh Lorong 8 #01-21", "Singapore"]}, "categories": [{"icon": {"prefix": "https://ss3.4sqi.net/img/categories_v2/food/seafood_", "suffix": ".png"}, "name": "Seafood Restaurant", "id": "4bf58dd8d48988d1ce941735", "pluralName": "Seafood Restaurants", "primary": true, "shortName": "Seafood"}], "verified": false, "contact": {}, "allowMenuUrlEdit": true, "stats": {"tipCount": 45, "usersCount": 2247, "checkinsCount": 3684}, "id": "4b87beacf964a520d6c931e3", "name": "Mellben Seafood Restaurant", "beenHere": {"lastCheckinExpiredAt": 0}}, "suffix": "/1017627_-laPxGSWfMNdZXCERBOuMw_5QNvm_Vwnr98g24Idk7A.jpg", "visibility": "public"}, {"height": 960, "source": {"url": "https://foursquare.com/download/#/android", "name": "Foursquare for Android"}, "width": 540, "prefix": "https://igx.4sqi.net/img/general/", "createdAt": 1370235450, "id": "51ac223a498ea2ceb9e438f9", "venue": {"url": "http://www.folkscollective.com", "like": false, "location": {"formattedAddress": ["#01-25 China Square Central (20 Cross Street)", "048422", "Singapore"], "city": "Singapore", "lng": 103.84773757543888, "cc": "SG", "country": "Singapore", "crossStreet": "20 Cross Street", "lat": 1.2840894983149842, "address": "#01-25 China Square Central", "labeledLatLngs": [{"label": "display", "lat": 1.2840894983149842, "lng": 103.84773757543888}], "postalCode": "048422"}, "categories": [{"icon": {"prefix": "https://ss3.4sqi.net/img/categories_v2/food/thai_", "suffix": ".png"}, "name": "Thai Restaurant", "id": "4bf58dd8d48988d149941735", "pluralName": "Thai Restaurants", "primary": true, "shortName": "Thai"}], "verified": false, "contact": {"facebookName": "FOLKS COLLECTIVE", "facebookUsername": "folkscollective", "facebook": "444465732306666"}, "allowMenuUrlEdit": true, "stats": {"tipCount": 52, "usersCount": 869, "checkinsCount": 1474}, "id": "515fde1de4b063ace72e056d", "name": "Folks Collective", "beenHere": {"lastCheckinExpiredAt": 0}}, "suffix": "/1017627_hTmLyimkcrSH2oeiS1_WxxshTwJDYoJXtg67Ecd0J8Q.jpg", "visibility": "public"}, {"height": 540, "source": {"url": "https://foursquare.com/download/#/android", "name": "Foursquare for Android"}, "width": 960, "prefix": "https://igx.4sqi.net/img/general/", "createdAt": 1369806500, "id": "51a596a4498e82154f01e4ba", "venue": {"url": "http://www.thehandburger.com", "like": false, "location": {"formattedAddress": ["#B1-65/66, Raffles City Shopping Centre (252 North Bridge Rd)", "179103", "Singapore"], "city": "Singapore", "lng": 103.8538635321341, "cc": "SG", "country": "Singapore", "crossStreet": "252 North Bridge Rd", "lat": 1.2935596420550062, "address": "#B1-65/66, Raffles City Shopping Centre", "labeledLatLngs": [{"label": "display", "lat": 1.2935596420550062, "lng": 103.8538635321341}], "postalCode": "179103"}, "categories": [{"icon": {"prefix": "https://ss3.4sqi.net/img/categories_v2/food/burger_", "suffix": ".png"}, "name": "Burger Joint", "id": "4bf58dd8d48988d16c941735", "pluralName": "Burger Joints", "primary": true, "shortName": "Burgers"}], "verified": false, "contact": {"formattedPhone": "+65 6334 4577", "phone": "+6563344577"}, "allowMenuUrlEdit": true, "stats": {"tipCount": 49, "usersCount": 2237, "checkinsCount": 2963}, "id": "4b135408f964a520669623e3", "name": "The Handburger", "beenHere": {"lastCheckinExpiredAt": 0}}, "suffix": "/1017627_Z9-cpzmbeov9tTeXvVbL6OxaFDftrChQGaEHshq7qT8.jpg", "visibility": "public"}, {"height": 540, "source": {"url": "https://foursquare.com/download/#/android", "name": "Foursquare for Android"}, "width": 960, "prefix": "https://igx.4sqi.net/img/general/", "createdAt": 1368851804, "id": "5197055c498efc426a923952", "venue": {"like": false, "location": {"lng": 103.86080510677047, "cc": "SG", "country": "Singapore", "lat": 1.3015660255795398, "address": "Cathay Cineleisure", "labeledLatLngs": [{"label": "display", "lat": 1.3015660255795398, "lng": 103.86080510677047}], "formattedAddress": ["Cathay Cineleisure", "Singapore"]}, "categories": [{"icon": {"prefix": "https://ss3.4sqi.net/img/categories_v2/shops/mall_", "suffix": ".png"}, "name": "Shopping Mall", "id": "4bf58dd8d48988d1fd941735", "pluralName": "Shopping Malls", "primary": true, "shortName": "Mall"}], "verified": false, "contact": {}, "beenHere": {"lastCheckinExpiredAt": 0}, "stats": {"tipCount": 0, "usersCount": 2, "checkinsCount": 2}, "id": "519704ed498e8d15d3c4bf78", "name": "Sunsilk Pop-Up Salon @ Cineleisure"}, "suffix": "/1017627_FQ2x8ZBrv0NhpNjmAxXWYyVhIFOv3mg_MMt7GekWBU4.jpg", "visibility": "public"}, {"height": 960, "source": {"url": "https://foursquare.com/download/#/android", "name": "Foursquare for Android"}, "width": 540, "prefix": "https://igx.4sqi.net/img/general/", "createdAt": 1368420122, "id": "51906f1a498e8a719091bec5", "venue": {"location": {"formattedAddress": ["#01-18, The Central (6 Eu Tong Sen Street)", "059817", "Singapore"], "city": "Singapore", "lng": 103.8474884665914, "cc": "SG", "country": "Singapore", "crossStreet": "6 Eu Tong Sen Street", "lat": 1.2893500147149166, "address": "#01-18, The Central", "labeledLatLngs": [{"label": "display", "lat": 1.2893500147149166, "lng": 103.8474884665914}], "postalCode": "059817"}, "contact": {"formattedPhone": "+65 6225 1687", "phone": "+6562251687", "facebookName": "Chili's Singapore", "facebookUsername": "ChilisSingapore", "facebook": "94366478676"}, "verified": true, "allowMenuUrlEdit": true, "stats": {"tipCount": 39, "usersCount": 2082, "checkinsCount": 2760}, "id": "5072ad6fe4b0559b4e6869a3", "storeId": "Chili's Central @ Clarke Quay", "url": "http://www.chilis.sg", "like": false, "categories": [{"icon": {"prefix": "https://ss3.4sqi.net/img/categories_v2/food/default_", "suffix": ".png"}, "name": "American Restaurant", "id": "4bf58dd8d48988d14e941735", "pluralName": "American Restaurants", "primary": true, "shortName": "American"}], "beenHere": {"lastCheckinExpiredAt": 0}, "name": "Chili's Grill & Bar"}, "suffix": "/1017627_yWOQSW1fUap3mr_teTMJfRhupz3lDhDS0bPvLKFKB0g.jpg", "visibility": "public"}, {"height": 720, "source": {"url": "https://foursquare.com/download/#/android", "name": "Foursquare for Android"}, "width": 960, "prefix": "https://igx.4sqi.net/img/general/", "createdAt": 1364360093, "id": "51527b9de4b035c11a62ac8b", "venue": {"closed": true, "like": false, "location": {"formattedAddress": ["#B2-37 Ngee Ann City (391 Orchard Rd.)", "238872", "Singapore"], "city": "Singapore", "lng": 103.8345920464367, "cc": "SG", "country": "Singapore", "lat": 1.3031308710024958, "address": "#B2-37 Ngee Ann City", "crossStreet": "391 Orchard Rd.", "postalCode": "238872"}, "categories": [{"icon": {"prefix": "https://ss3.4sqi.net/img/categories_v2/food/italian_", "suffix": ".png"}, "name": "Italian Restaurant", "id": "4bf58dd8d48988d110941735", "pluralName": "Italian Restaurants", "primary": true, "shortName": "Italian"}], "verified": false, "contact": {}, "allowMenuUrlEdit": true, "stats": {"tipCount": 26, "usersCount": 1449, "checkinsCount": 2027}, "id": "4b98ad40f964a520134b35e3", "name": "Domani", "beenHere": {"lastCheckinExpiredAt": 0}}, "suffix": "/1017627_3X1aJ3KU6exYx6nJGNl-epprKR3FcgKa8TjVnnkDBOI.jpg", "visibility": "public"}, {"height": 720, "source": {"url": "https://foursquare.com/download/#/android", "name": "Foursquare for Android"}, "width": 960, "prefix": "https://igx.4sqi.net/img/general/", "createdAt": 1364300434, "id": "51519292e4b092b7a126a53d", "venue": {"location": {"formattedAddress": ["#04-10/11, Plaza Singapura (68 Orchard Rd)", "238839", "Singapore"], "city": "Singapore", "lng": 103.84500503540039, "cc": "SG", "country": "Singapore", "crossStreet": "68 Orchard Rd", "lat": 1.3002447699597008, "address": "#04-10/11, Plaza Singapura", "labeledLatLngs": [{"label": "display", "lat": 1.3002447699597008, "lng": 103.84500503540039}], "postalCode": "238839"}, "contact": {"formattedPhone": "+65 6337 2555", "twitter": "nandossingapore", "phone": "+6563372555"}, "verified": true, "allowMenuUrlEdit": true, "stats": {"tipCount": 65, "usersCount": 4414, "checkinsCount": 6028}, "id": "4cf8c31b466b6ea89941638b", "storeId": "", "url": "http://www.nandos.com.sg", "like": false, "categories": [{"icon": {"prefix": "https://ss3.4sqi.net/img/categories_v2/food/portuguese_", "suffix": ".png"}, "name": "Portuguese Restaurant", "id": "4def73e84765ae376e57713a", "pluralName": "Portuguese Restaurants", "primary": true, "shortName": "Portuguese"}], "beenHere": {"lastCheckinExpiredAt": 0}, "name": "Nando's"}, "suffix": "/1017627_8SvXkI8Qd4J_WRjDd8bS1eYs54doN3Pct7VmW5zIdwo.jpg", "visibility": "public"}, {"height": 960, "source": {"url": "https://foursquare.com/download/#/android", "name": "Foursquare for Android"}, "width": 720, "prefix": "https://igx.4sqi.net/img/general/", "createdAt": 1363953414, "id": "514c4706e4b07ac94f063475", "venue": {"location": {"formattedAddress": ["22 Orange Grove Rd.", "258350", "Singapore"], "city": "Singapore", "lng": 103.82666118703764, "cc": "SG", "country": "Singapore", "lat": 1.3112436137998267, "address": "22 Orange Grove Rd.", "labeledLatLngs": [{"label": "display", "lat": 1.3112436137998267, "lng": 103.82666118703764}], "postalCode": "258350"}, "contact": {"formattedPhone": "+65 6737 3644", "twitter": "shangrilahotels", "phone": "+6567373644"}, "verified": true, "allowMenuUrlEdit": true, "stats": {"tipCount": 98, "usersCount": 10858, "checkinsCount": 22029}, "id": "4b05880bf964a520e7ad22e3", "storeId": "", "url": "http://www.shangri-la.com/singapore", "like": false, "categories": [{"icon": {"prefix": "https://ss3.4sqi.net/img/categories_v2/travel/hotel_", "suffix": ".png"}, "name": "Hotel", "id": "4bf58dd8d48988d1fa931735", "pluralName": "Hotels", "primary": true, "shortName": "Hotel"}], "beenHere": {"lastCheckinExpiredAt": 0}, "name": "Shangri-La Hotel"}, "suffix": "/1017627_tJqu5_Ws9WUbA9QVzTRmPZbbA34Xh2PrV2EAwwp3Zug.jpg", "visibility": "public"}, {"height": 960, "source": {"url": "https://foursquare.com/download/#/android", "name": "Foursquare for Android"}, "width": 720, "prefix": "https://igx.4sqi.net/img/general/", "createdAt": 1363916686, "id": "514bb78ee4b03cb37715b51b", "venue": {"venueRatingBlacklisted": true, "like": false, "location": {"formattedAddress": ["50 Scotts Rd (Anthony Rd)", "228242", "Singapore"], "city": "Singapore", "lng": 103.8371791580162, "cc": "SG", "country": "Singapore", "crossStreet": "Anthony Rd", "lat": 1.3109655387267054, "address": "50 Scotts Rd", "labeledLatLngs": [{"label": "display", "lat": 1.3109655387267054, "lng": 103.8371791580162}], "postalCode": "228242"}, "categories": [{"icon": {"prefix": "https://ss3.4sqi.net/img/categories_v2/building/default_", "suffix": ".png"}, "name": "Office", "id": "4bf58dd8d48988d124941735", "pluralName": "Offices", "primary": true, "shortName": "Office"}], "verified": true, "contact": {}, "beenHere": {"lastCheckinExpiredAt": 0}, "stats": {"tipCount": 7, "usersCount": 763, "checkinsCount": 4719}, "id": "4b147473f964a5205ba323e3", "name": "50 Scotts Road (WPP Building)", "venuePage": {"id": "71896600"}}, "suffix": "/1017627_0Wb3Ni5vvZ70uJD-tVF7sBU6xef-0xXb0gv2kr7u4nc.jpg", "visibility": "public"}, {"height": 960, "source": {"url": "https://foursquare.com/download/#/android", "name": "Foursquare for Android"}, "width": 720, "prefix": "https://igx.4sqi.net/img/general/", "createdAt": 1363866930, "id": "514af532e4b011219bfba13e", "venue": {"location": {"formattedAddress": ["190 Orchard Blvd. (Paterson Rd.)", "248646", "Singapore"], "city": "Singapore", "lng": 103.82890849979208, "cc": "SG", "country": "Singapore", "crossStreet": "Paterson Rd.", "lat": 1.304601289706587, "address": "190 Orchard Blvd.", "labeledLatLngs": [{"label": "display", "lat": 1.304601289706587, "lng": 103.82890849979208}], "postalCode": "248646"}, "contact": {"twitter": "fourseasons", "facebookName": "Four Seasons Hotels and Resorts", "formattedPhone": "+65 6734 1110", "phone": "+6567341110", "facebookUsername": "FourSeasons", "facebook": "106280431030"}, "verified": true, "allowMenuUrlEdit": true, "stats": {"tipCount": 55, "usersCount": 4527, "checkinsCount": 9353}, "id": "4b05880bf964a520d0ad22e3", "storeId": "", "url": "http://www.fourseasons.com/singapore/", "like": false, "categories": [{"icon": {"prefix": "https://ss3.4sqi.net/img/categories_v2/travel/hotel_", "suffix": ".png"}, "name": "Hotel", "id": "4bf58dd8d48988d1fa931735", "pluralName": "Hotels", "primary": true, "shortName": "Hotel"}], "beenHere": {"lastCheckinExpiredAt": 0}, "name": "Four Seasons Hotel Singapore"}, "suffix": "/1017627_yOxxZPMSRN0BXgppCK9EwDWSzT_g7kgdz_IfsLPNqi8.jpg", "visibility": "public"}, {"height": 960, "source": {"url": "https://foursquare.com/download/#/android", "name": "Foursquare for Android"}, "width": 720, "prefix": "https://igx.4sqi.net/img/general/", "createdAt": 1363327511, "id": "5142ba17e4b0373c7229d753", "venue": {"like": false, "location": {"formattedAddress": ["Chinatown Point (133 New Bridge Rd.)", "059413", "Singapore"], "city": "Singapore", "lng": 103.8448954970748, "cc": "SG", "country": "Singapore", "crossStreet": "133 New Bridge Rd.", "lat": 1.2858180387658522, "address": "Chinatown Point", "labeledLatLngs": [{"label": "display", "lat": 1.2858180387658522, "lng": 103.8448954970748}], "postalCode": "059413"}, "categories": [{"icon": {"prefix": "https://ss3.4sqi.net/img/categories_v2/food/asian_", "suffix": ".png"}, "name": "Chinese Restaurant", "id": "4bf58dd8d48988d145941735", "pluralName": "Chinese Restaurants", "primary": true, "shortName": "Chinese"}], "verified": false, "contact": {}, "allowMenuUrlEdit": true, "stats": {"tipCount": 6, "usersCount": 428, "checkinsCount": 800}, "id": "50dea6ebe4b0b7819d579fc9", "name": "Peach Garden", "beenHere": {"lastCheckinExpiredAt": 0}}, "suffix": "/1017627_IGozXF14VORNZ6kfbx6NAU1KzBLxyZAfVTEDgSJ6FdI.jpg", "visibility": "public"}, {"height": 960, "source": {"url": "https://foursquare.com/download/#/android", "name": "Foursquare for Android"}, "width": 720, "prefix": "https://igx.4sqi.net/img/general/", "createdAt": 1363327461, "id": "5142b9e5e4b0145fc973520e", "venue": {"like": false, "location": {"formattedAddress": ["Chinatown Point (133 New Bridge Rd.)", "059413", "Singapore"], "city": "Singapore", "lng": 103.8448954970748, "cc": "SG", "country": "Singapore", "crossStreet": "133 New Bridge Rd.", "lat": 1.2858180387658522, "address": "Chinatown Point", "labeledLatLngs": [{"label": "display", "lat": 1.2858180387658522, "lng": 103.8448954970748}], "postalCode": "059413"}, "categories": [{"icon": {"prefix": "https://ss3.4sqi.net/img/categories_v2/food/asian_", "suffix": ".png"}, "name": "Chinese Restaurant", "id": "4bf58dd8d48988d145941735", "pluralName": "Chinese Restaurants", "primary": true, "shortName": "Chinese"}], "verified": false, "contact": {}, "allowMenuUrlEdit": true, "stats": {"tipCount": 6, "usersCount": 428, "checkinsCount": 800}, "id": "50dea6ebe4b0b7819d579fc9", "name": "Peach Garden", "beenHere": {"lastCheckinExpiredAt": 0}}, "suffix": "/1017627_GQ1Dk4qIi51EljccaViGIK78zorE9F5GicKWl_UlheU.jpg", "visibility": "public"}, {"height": 720, "source": {"url": "https://foursquare.com/download/#/android", "name": "Foursquare for Android"}, "width": 960, "prefix": "https://igx.4sqi.net/img/general/", "createdAt": 1362754561, "id": "5139fc01e4b008122aed46e0", "venue": {"location": {"formattedAddress": ["34B Lorong Mambong", "277691", "Singapore"], "city": "Singapore", "lng": 103.79451794496401, "cc": "SG", "country": "Singapore", "lat": 1.311694909299809, "address": "34B Lorong Mambong", "labeledLatLngs": [{"label": "display", "lat": 1.311694909299809, "lng": 103.79451794496401}], "postalCode": "277691"}, "contact": {"formattedPhone": "+65 6467 2224", "twitter": "crust_pizza", "phone": "+6564672224"}, "verified": true, "allowMenuUrlEdit": true, "stats": {"tipCount": 24, "usersCount": 775, "checkinsCount": 2230}, "id": "50de3a12b0b9a837c22fe3c7", "storeId": "singapore1", "url": "http://www.crust.com.au", "like": false, "categories": [{"icon": {"prefix": "https://ss3.4sqi.net/img/categories_v2/food/pizza_", "suffix": ".png"}, "name": "Pizza Place", "id": "4bf58dd8d48988d1ca941735", "pluralName": "Pizza Places", "primary": true, "shortName": "Pizza"}], "beenHere": {"lastCheckinExpiredAt": 0}, "name": "Crust Gourmet Pizza Bar"}, "suffix": "/1017627_kKv8o6UoStphCgmCy8sm5iBF8bkA3oIIAKtrgRU6-oI.jpg", "visibility": "public"}, {"height": 960, "source": {"url": "https://foursquare.com/download/#/android", "name": "Foursquare for Android"}, "width": 720, "prefix": "https://igx.4sqi.net/img/general/", "createdAt": 1362743491, "id": "5139d0c3e4b09469ff8b4ea4", "venue": {"url": "http://www.thestarvista.com", "like": false, "location": {"formattedAddress": ["1 Vista Exchange Green (next to Buona Vista MRT)", "138617", "Singapore"], "city": "Singapore", "lng": 103.78853049132344, "cc": "SG", "country": "Singapore", "lat": 1.306834349602166, "address": "1 Vista Exchange Green", "crossStreet": "next to Buona Vista MRT", "postalCode": "138617"}, "categories": [{"icon": {"prefix": "https://ss3.4sqi.net/img/categories_v2/shops/mall_", "suffix": ".png"}, "name": "Shopping Mall", "id": "4bf58dd8d48988d1fd941735", "pluralName": "Shopping Malls", "primary": true, "shortName": "Mall"}], "verified": false, "contact": {"formattedPhone": "+65 6694 3111", "phone": "+6566943111"}, "beenHere": {"lastCheckinExpiredAt": 0}, "stats": {"tipCount": 78, "usersCount": 11809, "checkinsCount": 33738}, "id": "4ec4a1b1e5fa74ea530619fc", "name": "The Star Vista"}, "suffix": "/1017627_LGO9Zv2QNdFULy832EvlAmgY8PyQ_m_Wdf4V__6yprY.jpg", "visibility": "public"}, {"height": 960, "source": {"url": "https://foursquare.com/download/#/android", "name": "Foursquare for Android"}, "width": 720, "prefix": "https://igx.4sqi.net/img/general/", "createdAt": 1362113071, "id": "5130322fe4b0cd2aa80f78cc", "venue": {"like": false, "location": {"formattedAddress": ["359 (Beach Road)", "199575", "Singapore"], "city": "Singapore", "lng": 103.862021, "cc": "SG", "country": "Singapore", "crossStreet": "Beach Road", "lat": 1.301419, "address": "359", "labeledLatLngs": [{"label": "display", "lat": 1.301419, "lng": 103.862021}], "postalCode": "199575"}, "categories": [{"icon": {"prefix": "https://ss3.4sqi.net/img/categories_v2/food/deli_", "suffix": ".png"}, "name": "Sandwich Place", "id": "4bf58dd8d48988d1c5941735", "pluralName": "Sandwich Places", "primary": true, "shortName": "Sandwiches"}], "verified": false, "contact": {"formattedPhone": "+65 6292 4916", "twitter": "pitmasters_sg", "phone": "+6562924916"}, "allowMenuUrlEdit": true, "stats": {"tipCount": 0, "usersCount": 10, "checkinsCount": 10}, "id": "50fd6edbe4b07787e0730134", "name": "Pitmasters - Bar & Deli", "beenHere": {"lastCheckinExpiredAt": 0}}, "suffix": "/1017627_1LC4vNye3Psms9EpuNGnjsXS5_emilLFMXqhHUFzDtg.jpg", "visibility": "public"}, {"height": 960, "source": {"url": "https://foursquare.com/download/#/android", "name": "Foursquare for Android"}, "width": 720, "prefix": "https://igx.4sqi.net/img/general/", "createdAt": 1361779342, "id": "512b1a8ee4b0202939408f9b", "venue": {"venueRatingBlacklisted": true, "like": false, "location": {"formattedAddress": ["204 Hougang Street 21", "530204", "Singapore"], "city": "Singapore", "lng": 103.8850241201771, "cc": "SG", "country": "Singapore", "lat": 1.3584914040473004, "address": "204 Hougang Street 21", "labeledLatLngs": [{"label": "display", "lat": 1.3584914040473004, "lng": 103.8850241201771}], "postalCode": "530204"}, "categories": [{"icon": {"prefix": "https://ss3.4sqi.net/img/categories_v2/building/medical_doctorsoffice_", "suffix": ".png"}, "name": "Doctor's Office", "id": "4bf58dd8d48988d177941735", "pluralName": "Doctor's Offices", "primary": true, "shortName": "Doctor's Office"}], "verified": false, "contact": {}, "allowMenuUrlEdit": true, "stats": {"tipCount": 4, "usersCount": 36, "checkinsCount": 210}, "id": "4d26835cf7a9224bea23e39f", "name": "Goh Clinic & Surgery", "beenHere": {"lastCheckinExpiredAt": 0}}, "suffix": "/1017627_C6AAlRfAHUtwx6lzgZbtcM0_tJazYU-o8o3wSVpZoWo.jpg", "visibility": "public"}, {"height": 960, "source": {"url": "https://foursquare.com/download/#/android", "name": "Foursquare for Android"}, "width": 720, "prefix": "https://igx.4sqi.net/img/general/", "createdAt": 1361432517, "id": "5125cfc5e4b0dd22e4810b23", "venue": {"venueRatingBlacklisted": true, "like": false, "location": {"formattedAddress": ["20 Pasir Panjang Road", "117438", "Singapore"], "city": "Singapore", "lng": 103.7995378770094, "cc": "SG", "country": "Singapore", "lat": 1.2748917689097057, "address": "20 Pasir Panjang Road", "labeledLatLngs": [{"label": "display", "lat": 1.2748917689097057, "lng": 103.7995378770094}], "postalCode": "117438"}, "categories": [{"icon": {"prefix": "https://ss3.4sqi.net/img/categories_v2/building/default_", "suffix": ".png"}, "name": "Office", "id": "4bf58dd8d48988d124941735", "pluralName": "Offices", "primary": true, "shortName": "Office"}], "verified": false, "contact": {}, "beenHere": {"lastCheckinExpiredAt": 0}, "stats": {"tipCount": 4, "usersCount": 517, "checkinsCount": 3741}, "id": "4cbfe590021ca1430ef75e0c", "name": "Unilever (Mapletree Business City)"}, "suffix": "/1017627_Gk_gpvN4x_YVcztUe7jeovD-HocC280WBu5HktKTwLc.jpg", "visibility": "public"}, {"height": 540, "source": {"url": "https://foursquare.com/download/#/android", "name": "Foursquare for Android"}, "width": 720, "prefix": "https://igx.4sqi.net/img/general/", "createdAt": 1360298554, "id": "5114823ae4b01c4fc78924d6", "venue": {"venueRatingBlacklisted": true, "like": false, "location": {"formattedAddress": ["20 Pasir Panjang Road", "117438", "Singapore"], "city": "Singapore", "lng": 103.7995378770094, "cc": "SG", "country": "Singapore", "lat": 1.2748917689097057, "address": "20 Pasir Panjang Road", "labeledLatLngs": [{"label": "display", "lat": 1.2748917689097057, "lng": 103.7995378770094}], "postalCode": "117438"}, "categories": [{"icon": {"prefix": "https://ss3.4sqi.net/img/categories_v2/building/default_", "suffix": ".png"}, "name": "Office", "id": "4bf58dd8d48988d124941735", "pluralName": "Offices", "primary": true, "shortName": "Office"}], "verified": false, "contact": {}, "beenHere": {"lastCheckinExpiredAt": 0}, "stats": {"tipCount": 4, "usersCount": 517, "checkinsCount": 3741}, "id": "4cbfe590021ca1430ef75e0c", "name": "Unilever (Mapletree Business City)"}, "suffix": "/1017627_nctDVhCSaITPZmCIV07g1MVgOxCfTTySd5sEKPzKex8.jpg", "visibility": "public"}, {"height": 540, "source": {"url": "https://foursquare.com/download/#/android", "name": "Foursquare for Android"}, "width": 720, "prefix": "https://igx.4sqi.net/img/general/", "createdAt": 1359208940, "id": "5103e1ece4b0a221c95ec19b", "venue": {"location": {"formattedAddress": ["#01-32/33/35 Plaza Singapura (68 Orchard Rd)", "238839", "Singapore"], "city": "Singapore", "lng": 103.84486556053162, "cc": "SG", "country": "Singapore", "lat": 1.3001214201112397, "address": "#01-32/33/35 Plaza Singapura", "crossStreet": "68 Orchard Rd", "postalCode": "238839"}, "contact": {"formattedPhone": "063362862", "phone": "063362862"}, "verified": false, "allowMenuUrlEdit": true, "stats": {"tipCount": 60, "usersCount": 3236, "checkinsCount": 4061}, "id": "4c3ab4fc17689c74d041aa08", "url": "http://www.cafecartel.com.sg", "closed": true, "like": false, "categories": [{"icon": {"prefix": "https://ss3.4sqi.net/img/categories_v2/food/default_", "suffix": ".png"}, "name": "American Restaurant", "id": "4bf58dd8d48988d14e941735", "pluralName": "American Restaurants", "primary": true, "shortName": "American"}], "beenHere": {"lastCheckinExpiredAt": 0}, "name": "Cafe Cartel"}, "suffix": "/1017627_ZdZVyGuWJjoC19sm1nqlO1yKT3o3ZG-tg-MNwEyz5RE.jpg", "visibility": "public"}, {"height": 540, "source": {"url": "https://foursquare.com/download/#/android", "name": "Foursquare for Android"}, "width": 720, "prefix": "https://igx.4sqi.net/img/general/", "createdAt": 1358675292, "id": "50fbbd5ce4b0646ce3495f5e", "venue": {"url": "http://www.pscafe.com/pscafe-petit-at-tiong-bahru/", "like": false, "location": {"formattedAddress": ["#01-41, 78 Guan Chuan St.", "160078", "Singapore"], "city": "Singapore", "lng": 103.83125774566075, "cc": "SG", "country": "Singapore", "lat": 1.2835129788722248, "address": "#01-41, 78 Guan Chuan St.", "labeledLatLngs": [{"label": "display", "lat": 1.2835129788722248, "lng": 103.83125774566075}], "postalCode": "160078"}, "categories": [{"icon": {"prefix": "https://ss3.4sqi.net/img/categories_v2/food/cafe_", "suffix": ".png"}, "name": "Caf\u00e9", "id": "4bf58dd8d48988d16d941735", "pluralName": "Caf\u00e9s", "primary": true, "shortName": "Caf\u00e9"}], "verified": false, "contact": {"formattedPhone": "+65 9226 7088", "phone": "+6592267088", "facebookName": "PS.Cafe", "facebookUsername": "PS.Cafe", "facebook": "165349006863217"}, "allowMenuUrlEdit": true, "stats": {"tipCount": 36, "usersCount": 885, "checkinsCount": 1355}, "id": "507a994be4b0ce42c6f2478c", "name": "PS. Cafe Petit", "beenHere": {"lastCheckinExpiredAt": 0}}, "suffix": "/1017627__bGMGyZ68VSM6iRFbhPHSzSnGNyvFegWGKUsTqAiJTI.jpg", "visibility": "public"}, {"height": 720, "source": {"url": "https://foursquare.com/download/#/android", "name": "Foursquare for Android"}, "width": 540, "prefix": "https://igx.4sqi.net/img/general/", "createdAt": 1358167566, "id": "50f3fe0ee4b0af5bf2635d52", "venue": {"url": "http://www.mcdonalds.com.sg", "like": false, "location": {"formattedAddress": ["208 Hougang St 21 #01-217", "530208", "Singapore"], "city": "Singapore", "lng": 103.88639460204067, "cc": "SG", "country": "Singapore", "lat": 1.3584019851570996, "address": "208 Hougang St 21 #01-217", "labeledLatLngs": [{"label": "display", "lat": 1.3584019851570996, "lng": 103.88639460204067}], "postalCode": "530208"}, "categories": [{"icon": {"prefix": "https://ss3.4sqi.net/img/categories_v2/food/fastfood_", "suffix": ".png"}, "name": "Fast Food Restaurant", "id": "4bf58dd8d48988d16e941735", "pluralName": "Fast Food Restaurants", "primary": true, "shortName": "Fast Food"}], "verified": false, "contact": {"formattedPhone": "+65 6286 5219", "phone": "+6562865219"}, "allowMenuUrlEdit": true, "stats": {"tipCount": 29, "usersCount": 3755, "checkinsCount": 12370}, "id": "4bfe5e7fee20ef3b838a3c5e", "name": "McDonald's", "beenHere": {"lastCheckinExpiredAt": 0}}, "suffix": "/1017627_-jAdUSnH1RDtO5w-jBFxEJqwlSz9CpDa3hgF5vUqSOs.jpg", "visibility": "public"}, {"height": 540, "source": {"url": "https://foursquare.com/download/#/android", "name": "Foursquare for Android"}, "width": 720, "prefix": "https://igx.4sqi.net/img/general/", "createdAt": 1358072348, "id": "50f28a1ce4b09fca80fa95dc", "venue": {"venueRatingBlacklisted": true, "like": false, "location": {"formattedAddress": ["1259 Upper Serangoon Rd.", "534795", "Singapore"], "city": "Singapore", "lng": 103.89832177237088, "cc": "SG", "country": "Singapore", "lat": 1.3734635462537477, "address": "1259 Upper Serangoon Rd.", "labeledLatLngs": [{"label": "display", "lat": 1.3734635462537477, "lng": 103.89832177237088}], "postalCode": "534795"}, "categories": [{"icon": {"prefix": "https://ss3.4sqi.net/img/categories_v2/building/religious_church_", "suffix": ".png"}, "name": "Church", "id": "4bf58dd8d48988d132941735", "pluralName": "Churches", "primary": true, "shortName": "Church"}], "verified": false, "contact": {}, "beenHere": {"lastCheckinExpiredAt": 0}, "stats": {"tipCount": 15, "usersCount": 1189, "checkinsCount": 7141}, "id": "4b644cf3f964a5204fa92ae3", "name": "Church of the Nativity of the Blessed Virgin Mary"}, "suffix": "/1017627_zS-InvlfTrsHdkRWYHytONQbacKK_5-t4i4Qwj4WCTo.jpg", "visibility": "public"}, {"height": 720, "source": {"url": "https://foursquare.com/download/#/android", "name": "Foursquare for Android"}, "width": 540, "prefix": "https://igx.4sqi.net/img/general/", "createdAt": 1357879887, "id": "50ef9a4fe4b00af53655099a", "venue": {"location": {"formattedAddress": ["#02-11/12, TripleOne Somerset (111 Somerset Road)", "238164", "Singapore"], "city": "Singapore", "lng": 103.83785283411676, "cc": "SG", "country": "Singapore", "crossStreet": "111 Somerset Road", "lat": 1.3002169002117239, "address": "#02-11/12, TripleOne Somerset", "labeledLatLngs": [{"label": "display", "lat": 1.3002169002117239, "lng": 103.83785283411676}], "postalCode": "238164"}, "contact": {}, "verified": false, "allowMenuUrlEdit": true, "stats": {"tipCount": 28, "usersCount": 1021, "checkinsCount": 1408}, "id": "4ccbfc06ba79a1cd15df37cb", "url": "http://www.fukuichidining.com.sg", "closed": true, "like": false, "categories": [{"icon": {"prefix": "https://ss3.4sqi.net/img/categories_v2/food/japanese_", "suffix": ".png"}, "name": "Japanese Restaurant", "id": "4bf58dd8d48988d111941735", "pluralName": "Japanese Restaurants", "primary": true, "shortName": "Japanese"}], "beenHere": {"lastCheckinExpiredAt": 0}, "name": "Fukuichi Japanese Dining Restaurant"}, "suffix": "/1017627_rycg4tiPJuiAk6q6xmT5dZ7EA9suKS8iy6FJjv5cDUA.jpg", "visibility": "public"}, {"height": 720, "source": {"url": "https://foursquare.com/download/#/iphone", "name": "Foursquare for iOS"}, "width": 537, "prefix": "https://igx.4sqi.net/img/general/", "createdAt": 1342269262, "id": "5001674ee4b087cfc20ff4fe", "venue": {"like": false, "location": {"city": "Singapore", "lng": 103.852172, "cc": "SG", "country": "Singapore", "lat": 1.295074, "address": "Chijmes", "labeledLatLngs": [{"label": "display", "lat": 1.295074, "lng": 103.852172}], "formattedAddress": ["Chijmes", "Singapore"]}, "categories": [{"icon": {"prefix": "https://ss3.4sqi.net/img/categories_v2/food/italian_", "suffix": ".png"}, "name": "Italian Restaurant", "id": "4bf58dd8d48988d110941735", "pluralName": "Italian Restaurants", "primary": true, "shortName": "Italian"}], "verified": false, "contact": {}, "allowMenuUrlEdit": true, "stats": {"tipCount": 16, "usersCount": 445, "checkinsCount": 517}, "id": "4bd6d3d56798ef3beba2658d", "name": "Pizzeria Giardino", "beenHere": {"lastCheckinExpiredAt": 0}}, "suffix": "/qvFGn1t6ahaN4Wfaj2CpxM62xsPweU0edz42xcWIG4E.jpg", "visibility": "public"}, {"height": 720, "source": {"url": "https://foursquare.com/download/#/iphone", "name": "Foursquare for iOS"}, "width": 537, "prefix": "https://igx.4sqi.net/img/general/", "createdAt": 1338381242, "id": "4fc613bae4b0b745a1c218a1", "venue": {"like": false, "location": {"formattedAddress": ["#04-36/37 nex (23 Serangoon Central)", "556083", "Singapore"], "city": "Singapore", "lng": 103.87280931734735, "cc": "SG", "country": "Singapore", "crossStreet": "23 Serangoon Central", "lat": 1.3502334164934415, "address": "#04-36/37 nex", "labeledLatLngs": [{"label": "display", "lat": 1.3502334164934415, "lng": 103.87280931734735}], "postalCode": "556083"}, "categories": [{"icon": {"prefix": "https://ss3.4sqi.net/img/categories_v2/shops/food_foodcourt_", "suffix": ".png"}, "name": "Food Court", "id": "4bf58dd8d48988d120951735", "pluralName": "Food Courts", "primary": true, "shortName": "Food Court"}], "verified": false, "contact": {}, "allowMenuUrlEdit": true, "stats": {"tipCount": 79, "usersCount": 2958, "checkinsCount": 7435}, "id": "4ce3a625dc1960fc18b4574a", "name": "Food Junction", "beenHere": {"lastCheckinExpiredAt": 0}}, "suffix": "/CeTsfYaTU_8RiVw0WFiNrZ5bAzxQp1duC6OSvCwmTiA.jpg", "visibility": "public"}, {"height": 720, "source": {"url": "https://foursquare.com/download/#/iphone", "name": "Foursquare for iOS"}, "width": 537, "prefix": "https://igx.4sqi.net/img/general/", "createdAt": 1338381224, "id": "4fc613a8e4b01da28df1182f", "venue": {"like": false, "location": {"formattedAddress": ["#04-36/37 nex (23 Serangoon Central)", "556083", "Singapore"], "city": "Singapore", "lng": 103.87280931734735, "cc": "SG", "country": "Singapore", "crossStreet": "23 Serangoon Central", "lat": 1.3502334164934415, "address": "#04-36/37 nex", "labeledLatLngs": [{"label": "display", "lat": 1.3502334164934415, "lng": 103.87280931734735}], "postalCode": "556083"}, "categories": [{"icon": {"prefix": "https://ss3.4sqi.net/img/categories_v2/shops/food_foodcourt_", "suffix": ".png"}, "name": "Food Court", "id": "4bf58dd8d48988d120951735", "pluralName": "Food Courts", "primary": true, "shortName": "Food Court"}], "verified": false, "contact": {}, "allowMenuUrlEdit": true, "stats": {"tipCount": 79, "usersCount": 2958, "checkinsCount": 7435}, "id": "4ce3a625dc1960fc18b4574a", "name": "Food Junction", "beenHere": {"lastCheckinExpiredAt": 0}}, "suffix": "/CeTsfYaTU_8RiVw0WFiNrZ5bAzxQp1duC6OSvCwmTiA.jpg", "visibility": "public"}, {"height": 537, "source": {"url": "https://foursquare.com/download/#/iphone", "name": "Foursquare for iOS"}, "width": 720, "prefix": "https://igx.4sqi.net/img/general/", "createdAt": 1337601642, "id": "4fba2e6ae4b0ad8c87f525cc", "venue": {"location": {"formattedAddress": ["#03-22, ION Orchard (2 Orchard Turn)", "238801", "Singapore"], "city": "Singapore", "lng": 103.83203894969301, "cc": "SG", "country": "Singapore", "crossStreet": "2 Orchard Turn", "lat": 1.3040544208025502, "address": "#03-22, ION Orchard", "labeledLatLngs": [{"label": "display", "lat": 1.3040544208025502, "lng": 103.83203894969301}], "postalCode": "238801"}, "contact": {"twitter": "marmaladesg", "facebookName": "The Marmalade Pantry", "formattedPhone": "+65 6734 2700", "phone": "+6567342700", "facebookUsername": "TheMarmaladePantry", "facebook": "109132695795110"}, "verified": true, "allowMenuUrlEdit": true, "stats": {"tipCount": 125, "usersCount": 4889, "checkinsCount": 7739}, "id": "4b6a9f94f964a52039da2be3", "storeId": "", "url": "http://themarmaladepantry.com.sg", "like": false, "categories": [{"icon": {"prefix": "https://ss3.4sqi.net/img/categories_v2/food/default_", "suffix": ".png"}, "name": "Restaurant", "id": "4bf58dd8d48988d1c4941735", "pluralName": "Restaurants", "primary": true, "shortName": "Restaurant"}], "beenHere": {"lastCheckinExpiredAt": 0}, "name": "The Marmalade Pantry"}, "suffix": "/ZmrEACy_RMOJjXBtuF8y5I_3hA2dFFMzliFjLWWj6K8.jpg", "visibility": "public"}, {"height": 720, "source": {"url": "https://foursquare.com/download/#/iphone", "name": "Foursquare for iOS"}, "width": 537, "prefix": "https://igx.4sqi.net/img/general/", "createdAt": 1336050412, "id": "4fa282ece4b0857bbd768bac", "venue": {"like": false, "location": {"formattedAddress": ["#04-36/37 nex (23 Serangoon Central)", "556083", "Singapore"], "city": "Singapore", "lng": 103.87280931734735, "cc": "SG", "country": "Singapore", "crossStreet": "23 Serangoon Central", "lat": 1.3502334164934415, "address": "#04-36/37 nex", "labeledLatLngs": [{"label": "display", "lat": 1.3502334164934415, "lng": 103.87280931734735}], "postalCode": "556083"}, "categories": [{"icon": {"prefix": "https://ss3.4sqi.net/img/categories_v2/shops/food_foodcourt_", "suffix": ".png"}, "name": "Food Court", "id": "4bf58dd8d48988d120951735", "pluralName": "Food Courts", "primary": true, "shortName": "Food Court"}], "verified": false, "contact": {}, "allowMenuUrlEdit": true, "stats": {"tipCount": 79, "usersCount": 2958, "checkinsCount": 7435}, "id": "4ce3a625dc1960fc18b4574a", "name": "Food Junction", "beenHere": {"lastCheckinExpiredAt": 0}}, "suffix": "/gBxZM6d4mW9RDxzbxOPN-531VIrY0pvlVR_buYSuAuk.jpg", "visibility": "public"}, {"height": 720, "source": {"url": "https://foursquare.com/download/#/iphone", "name": "Foursquare for iOS"}, "width": 537, "prefix": "https://igx.4sqi.net/img/general/", "createdAt": 1336050380, "id": "4fa282cce4b0b226502a8cb1", "venue": {"like": false, "location": {"formattedAddress": ["#04-36/37 nex (23 Serangoon Central)", "556083", "Singapore"], "city": "Singapore", "lng": 103.87280931734735, "cc": "SG", "country": "Singapore", "crossStreet": "23 Serangoon Central", "lat": 1.3502334164934415, "address": "#04-36/37 nex", "labeledLatLngs": [{"label": "display", "lat": 1.3502334164934415, "lng": 103.87280931734735}], "postalCode": "556083"}, "categories": [{"icon": {"prefix": "https://ss3.4sqi.net/img/categories_v2/shops/food_foodcourt_", "suffix": ".png"}, "name": "Food Court", "id": "4bf58dd8d48988d120951735", "pluralName": "Food Courts", "primary": true, "shortName": "Food Court"}], "verified": false, "contact": {}, "allowMenuUrlEdit": true, "stats": {"tipCount": 79, "usersCount": 2958, "checkinsCount": 7435}, "id": "4ce3a625dc1960fc18b4574a", "name": "Food Junction", "beenHere": {"lastCheckinExpiredAt": 0}}, "suffix": "/cPO4Z5vOAJQ6TkIu_VRuC18A379LoYLK4-z6GKzyiSU.jpg", "visibility": "public"}], "count": 32}, "totalCount": 32}}