{"response": {"photos": {"items": [{"id": "525bffb511d2dc48526132a5", "createdAt": 1381760949, "height": 720, "visibility": "public", "source": {"url": "https://foursquare.com/download/#/android", "name": "Foursquare for Android"}, "prefix": "https://igx.4sqi.net/img/general/", "venue": {"id": "4be807cfd837c9b6c0c8a406", "like": false, "stats": {"checkinsCount": 909, "tipCount": 22, "usersCount": 434}, "beenHere": {"lastCheckinExpiredAt": 0}, "categories": [{"id": "4bf58dd8d48988d1c9941735", "primary": true, "icon": {"prefix": "https://ss3.4sqi.net/img/categories_v2/food/icecream_", "suffix": ".png"}, "pluralName": "Ice Cream Shops", "shortName": "Ice Cream", "name": "Ice Cream Shop"}], "verified": false, "allowMenuUrlEdit": true, "location": {"address": "501 West Coast Dr., #01-250", "lat": 1.3121461623176423, "postalCode": "120501", "city": "Singapore", "formattedAddress": ["501 West Coast Dr., #01-250", "120501", "Singapore"], "lng": 103.75921958020675, "labeledLatLngs": [{"lng": 103.75921958020675, "label": "display", "lat": 1.3121461623176423}], "country": "Singapore", "cc": "SG"}, "contact": {}, "name": "Ice Cream Frenzy"}, "width": 960, "suffix": "/1028668_-O820jni7gvX-4pqPi51dvi1GThJGjvL_RWqoau0QjQ.jpg"}, {"id": "51162869e4b0e3bff85b5791", "createdAt": 1360406633, "height": 540, "visibility": "public", "source": {"url": "https://foursquare.com/download/#/android", "name": "Foursquare for Android"}, "prefix": "https://igx.4sqi.net/img/general/", "venue": {"id": "4c2785fec11dc9b626b22a24", "like": false, "stats": {"checkinsCount": 1154, "tipCount": 2, "usersCount": 104}, "beenHere": {"lastCheckinExpiredAt": 0}, "categories": [{"id": "4d954b06a243a5684965b473", "primary": true, "icon": {"prefix": "https://ss3.4sqi.net/img/categories_v2/building/apartment_", "suffix": ".png"}, "pluralName": "Residential Buildings (Apartments / Condos)", "shortName": "Residential", "name": "Residential Building (Apartment / Condo)"}], "verified": false, "location": {"address": "1P Pine Grove", "lat": 1.3186720966855139, "postalCode": "591401", "city": "Singapore", "formattedAddress": ["1P Pine Grove", "591401", "Singapore"], "lng": 103.77389430999756, "labeledLatLngs": [{"lng": 103.77389430999756, "label": "display", "lat": 1.3186720966855139}], "country": "Singapore", "cc": "SG"}, "contact": {}, "venueRatingBlacklisted": true, "name": "Blk 1P Pine Grove"}, "width": 720, "suffix": "/1028668_FSh2R-_1ysg8Mch-GJrKU7fTx4kE_SeHnkixmD-rk2Q.jpg"}, {"id": "4f87f6c9e4b03a0f24060ad3", "createdAt": 1334310601, "height": 720, "visibility": "public", "source": {"url": "https://foursquare.com/download/#/iphone", "name": "Foursquare for iOS"}, "prefix": "https://igx.4sqi.net/img/general/", "venue": {"id": "4b616f10f964a52062132ae3", "like": false, "stats": {"checkinsCount": 19563, "tipCount": 26, "usersCount": 6768}, "url": "http://www.smrt.com.sg", "beenHere": {"lastCheckinExpiredAt": 0}, "categories": [{"id": "4bf58dd8d48988d1fd931735", "primary": true, "icon": {"prefix": "https://ss3.4sqi.net/img/categories_v2/travel/subway_", "suffix": ".png"}, "pluralName": "Metro Stations", "shortName": "Metro", "name": "Metro Station"}], "verified": false, "location": {"address": "70 Airport Blvd.", "lat": 1.35715595977118, "postalCode": "819661", "city": "Singapore", "formattedAddress": ["70 Airport Blvd.", "819661", "Singapore"], "lng": 103.988001275668, "labeledLatLngs": [{"lng": 103.988001275668, "label": "display", "lat": 1.35715595977118}], "country": "Singapore", "cc": "SG"}, "contact": {"twitter": "smrt_singapore", "formattedPhone": "+65 1800 336 8900", "phone": "+6518003368900"}, "venueRatingBlacklisted": true, "name": "Changi Airport MRT Station (CG2)"}, "width": 537, "suffix": "/Bl2eagUmxks5vPq-Z4pL2Lx0sAXkayEYs3q47qilD2g.jpg"}, {"id": "4f844b8be4b07ae1414aacfe", "createdAt": 1334070155, "tip": {"id": "4f844b84e4b062ce215da4f6", "createdAt": 1334070148, "like": false, "todo": {"count": 0}, "text": "Strawberry Mango Fruit Tart!!! Must Try!!!", "logView": true, "disagreeCount": 0, "canonicalUrl": "https://foursquare.com/item/4f844b84e4b062ce215da4f6", "type": "user", "likes": {"count": 0, "groups": []}, "agreeCount": 0}, "height": 537, "visibility": "public", "source": {"url": "https://foursquare.com/download/#/iphone", "name": "Foursquare for iOS"}, "prefix": "https://igx.4sqi.net/img/general/", "venue": {"id": "4b62d9dbf964a5207c552ae3", "like": false, "stats": {"checkinsCount": 1530, "tipCount": 21, "usersCount": 1292}, "beenHere": {"lastCheckinExpiredAt": 0}, "categories": [{"id": "4bf58dd8d48988d1d0941735", "primary": true, "icon": {"prefix": "https://ss3.4sqi.net/img/categories_v2/food/dessert_", "suffix": ".png"}, "pluralName": "Dessert Shops", "shortName": "Desserts", "name": "Dessert Shop"}], "verified": false, "allowMenuUrlEdit": true, "location": {"crossStreet": "252 North Bridge Rd", "labeledLatLngs": [{"lng": 103.85297462850464, "label": "display", "lat": 1.2946028520882245}], "lat": 1.2946028520882245, "postalCode": "179103", "city": "Singapore", "formattedAddress": ["#B1-44F, Raffles City Shopping Centre (252 North Bridge Rd)", "179103", "Singapore"], "lng": 103.85297462850464, "address": "#B1-44F, Raffles City Shopping Centre", "country": "Singapore", "cc": "SG"}, "contact": {}, "name": "Fruit Paradise"}, "width": 720, "suffix": "/2sof_osm_f2EJFEWrGpeqNzhWHgLaNawFYInGds7buU.jpg"}, {"id": "4f84496ee4b08328839a978f", "createdAt": 1334069614, "tip": {"id": "4f844962e4b049ff96dc225f", "createdAt": 1334069602, "like": false, "todo": {"count": 0}, "text": "Very nice Kueh Tu Tu!!!", "logView": true, "disagreeCount": 0, "canonicalUrl": "https://foursquare.com/item/4f844962e4b049ff96dc225f", "type": "user", "likes": {"count": 0, "groups": []}, "agreeCount": 0}, "height": 720, "visibility": "public", "source": {"url": "https://foursquare.com/download/#/iphone", "name": "Foursquare for iOS"}, "prefix": "https://igx.4sqi.net/img/general/", "venue": {"id": "4c0b0cc6009a0f470797eabf", "like": false, "stats": {"checkinsCount": 12664, "tipCount": 95, "usersCount": 3594}, "beenHere": {"lastCheckinExpiredAt": 0}, "categories": [{"id": "4bf58dd8d48988d1fa941735", "primary": true, "icon": {"prefix": "https://ss3.4sqi.net/img/categories_v2/shops/food_farmersmarket_", "suffix": ".png"}, "pluralName": "Farmers Markets", "shortName": "Farmer's Market", "name": "Farmers Market"}], "verified": false, "allowMenuUrlEdit": true, "location": {"address": "505 Jurong West St. 52", "lat": 1.3499263758472941, "postalCode": "640505", "city": "Singapore", "formattedAddress": ["505 Jurong West St. 52", "640505", "Singapore"], "lng": 103.71850049167627, "labeledLatLngs": [{"lng": 103.71850049167627, "label": "display", "lat": 1.3499263758472941}], "country": "Singapore", "cc": "SG"}, "contact": {}, "name": "Blk 505 Market & Food Centre"}, "width": 537, "suffix": "/Jjp4WXF2S_G9DQ2UoysgOg_GMlkqV1n8vF8gVP0A3T8.jpg"}, {"id": "4f844949e4b0522a6cdc0afd", "createdAt": 1334069577, "tip": {"id": "4f84493ee4b05b0094846a7e", "createdAt": 1334069566, "like": false, "todo": {"count": 0}, "text": "Best Fish Soup I have ever tasted!!! The chili is superb and very spicy!!! 128 Fish Porridge.", "logView": true, "disagreeCount": 0, "canonicalUrl": "https://foursquare.com/item/4f84493ee4b05b0094846a7e", "type": "user", "likes": {"count": 0, "groups": []}, "agreeCount": 0}, "height": 720, "visibility": "public", "source": {"url": "https://foursquare.com/download/#/iphone", "name": "Foursquare for iOS"}, "prefix": "https://igx.4sqi.net/img/general/", "venue": {"id": "4c0b0cc6009a0f470797eabf", "like": false, "stats": {"checkinsCount": 12664, "tipCount": 95, "usersCount": 3594}, "beenHere": {"lastCheckinExpiredAt": 0}, "categories": [{"id": "4bf58dd8d48988d1fa941735", "primary": true, "icon": {"prefix": "https://ss3.4sqi.net/img/categories_v2/shops/food_farmersmarket_", "suffix": ".png"}, "pluralName": "Farmers Markets", "shortName": "Farmer's Market", "name": "Farmers Market"}], "verified": false, "allowMenuUrlEdit": true, "location": {"address": "505 Jurong West St. 52", "lat": 1.3499263758472941, "postalCode": "640505", "city": "Singapore", "formattedAddress": ["505 Jurong West St. 52", "640505", "Singapore"], "lng": 103.71850049167627, "labeledLatLngs": [{"lng": 103.71850049167627, "label": "display", "lat": 1.3499263758472941}], "country": "Singapore", "cc": "SG"}, "contact": {}, "name": "Blk 505 Market & Food Centre"}, "width": 537, "suffix": "/L_GCs0ljQWJRDMLgiPzZgBR87t6Ua3L_XKSG9iRcFPM.jpg"}, {"id": "4f8447a5e4b02ab9455f4cdf", "createdAt": 1334069157, "tip": {"id": "4f84478ae4b06fee778ce41c", "createdAt": 1334069130, "like": false, "todo": {"count": 0}, "text": "Yummy Pizza!!!", "logView": true, "disagreeCount": 0, "canonicalUrl": "https://foursquare.com/item/4f84478ae4b06fee778ce41c", "type": "user", "likes": {"count": 0, "groups": []}, "agreeCount": 0}, "height": 537, "visibility": "public", "source": {"url": "https://foursquare.com/download/#/iphone", "name": "Foursquare for iOS"}, "prefix": "https://igx.4sqi.net/img/general/", "venue": {"id": "4b058811f964a520a6af22e3", "like": false, "stats": {"checkinsCount": 2291, "tipCount": 43, "usersCount": 1751}, "beenHere": {"lastCheckinExpiredAt": 0}, "categories": [{"id": "4bf58dd8d48988d110941735", "primary": true, "icon": {"prefix": "https://ss3.4sqi.net/img/categories_v2/food/italian_", "suffix": ".png"}, "pluralName": "Italian Restaurants", "shortName": "Italian", "name": "Italian Restaurant"}], "verified": false, "allowMenuUrlEdit": true, "location": {"crossStreet": "1 Tanglin Rd", "labeledLatLngs": [{"lng": 103.82829147570177, "label": "display", "lat": 1.3067957532741008}], "lat": 1.3067957532741008, "postalCode": "247905", "city": "Singapore", "formattedAddress": ["#01-09/10, Orchard Parade Hotel (1 Tanglin Rd)", "247905", "Singapore"], "lng": 103.82829147570177, "address": "#01-09/10, Orchard Parade Hotel", "country": "Singapore", "cc": "SG"}, "contact": {"formattedPhone": "+65 6235 7808", "phone": "+6562357808"}, "name": "Modesto's"}, "width": 720, "suffix": "/JX68BCYGMRC15fk4C2PcDVuwdDx-c9lvRtHoBiZ0gII.jpg"}, {"id": "4f844606e4b07f5e7773f742", "createdAt": 1334068742, "tip": {"id": "4f8445f5e4b08afde25dea59", "createdAt": 1334068725, "like": false, "todo": {"count": 0}, "text": "Must try the Porterhouse Steak!!! 400grms of meat!!!! Yummy!!!", "logView": true, "disagreeCount": 0, "canonicalUrl": "https://foursquare.com/item/4f8445f5e4b08afde25dea59", "type": "user", "likes": {"summary": "1 like", "count": 1, "groups": [{"items": [], "count": 1, "type": "others"}]}, "agreeCount": 0}, "height": 540, "visibility": "public", "source": {"url": "https://foursquare.com/download/#/iphone", "name": "Foursquare for iOS"}, "prefix": "https://igx.4sqi.net/img/general/", "venue": {"id": "4e0869bcc65b5bf2779576ea", "closed": true, "stats": {"checkinsCount": 279, "tipCount": 4, "usersCount": 175}, "like": false, "beenHere": {"lastCheckinExpiredAt": 0}, "categories": [{"id": "4bf58dd8d48988d123941735", "primary": true, "icon": {"prefix": "https://ss3.4sqi.net/img/categories_v2/food/winery_", "suffix": ".png"}, "pluralName": "Wine Bars", "shortName": "Wine Bar", "name": "Wine Bar"}], "verified": false, "allowMenuUrlEdit": true, "location": {"crossStreet": "86 East Coast Rd", "lat": 1.3046060455916038, "city": "Singapore", "formattedAddress": ["#01-37/39 Katong Village (86 East Coast Rd)", "Singapore"], "lng": 103.90470487807684, "address": "#01-37/39 Katong Village", "country": "Singapore", "cc": "SG"}, "contact": {}, "name": "Wine Bos"}, "width": 720, "suffix": "/hSS0XkQx-_Mg1GHSBnfov-lFdZnlwEY3Q3xgHzkRO1U.jpg"}, {"id": "4db12b38fd28f0dcfa1bccd6", "createdAt": 1303456568, "height": 537, "visibility": "public", "source": {"url": "https://foursquare.com/download/#/iphone", "name": "Foursquare for iOS"}, "prefix": "https://igx.4sqi.net/img/general/", "venue": {"id": "4ca363e1f832a1cd0f239de5", "like": false, "stats": {"checkinsCount": 331, "tipCount": 2, "usersCount": 258}, "beenHere": {"lastCheckinExpiredAt": 0}, "categories": [{"id": "4d954b06a243a5684965b473", "primary": true, "icon": {"prefix": "https://ss3.4sqi.net/img/categories_v2/building/apartment_", "suffix": ".png"}, "pluralName": "Residential Buildings (Apartments / Condos)", "shortName": "Residential", "name": "Residential Building (Apartment / Condo)"}], "verified": false, "location": {"lat": 1.3784721664143693, "formattedAddress": ["Singapore"], "country": "Singapore", "labeledLatLngs": [{"lng": 103.95461888132857, "label": "display", "lat": 1.3784721664143693}], "cc": "SG", "lng": 103.95461888132857}, "contact": {}, "venueRatingBlacklisted": true, "name": "Costa Sands Resort Blk D Downtown East"}, "width": 720, "suffix": "/GHSMOHQI3WK5XNDISBBDUK03TS2TG2WXIY1DNVQBX4NSYAUR.jpg"}, {"id": "4da431a4367328fd4266553c", "createdAt": 1302606244, "height": 720, "visibility": "public", "source": {"url": "https://foursquare.com/download/#/iphone", "name": "Foursquare for iOS"}, "prefix": "https://igx.4sqi.net/img/general/", "venue": {"id": "4b6265f1f964a520e4452ae3", "like": false, "stats": {"checkinsCount": 9904, "tipCount": 43, "usersCount": 5899}, "url": "http://www.swensens.com.sg", "beenHere": {"lastCheckinExpiredAt": 0}, "categories": [{"id": "4bf58dd8d48988d14e941735", "primary": true, "icon": {"prefix": "https://ss3.4sqi.net/img/categories_v2/food/default_", "suffix": ".png"}, "pluralName": "American Restaurants", "shortName": "American", "name": "American Restaurant"}], "verified": false, "allowMenuUrlEdit": true, "location": {"crossStreet": "4 Tampines Central 5", "labeledLatLngs": [{"lng": 103.9454698562622, "label": "display", "lat": 1.3524587486016382}], "lat": 1.3524587486016382, "postalCode": "529510", "city": "Singapore", "formattedAddress": ["#03-30, Tampines Mall (4 Tampines Central 5)", "529510", "Singapore"], "lng": 103.9454698562622, "address": "#03-30, Tampines Mall", "country": "Singapore", "cc": "SG"}, "contact": {}, "name": "Swensen's"}, "width": 480, "suffix": "/QBVRXNGPGK5JGI3KK1RAJSHZYTYGS3KE5OWTRVOBLVTCQU2H.jpg"}], "count": 10}, "totalCount": 10}, "meta": {"code": 200, "requestId": "595a7812351e3d64b0656019"}, "notifications": [{"item": {"unreadCount": 0}, "type": "notificationTray"}]}