{"meta": {"code": 200, "requestId": "595b3b41f594df3c59e6659e"}, "notifications": [{"item": {"unreadCount": 0}, "type": "notificationTray"}], "response": {"photos": {"items": [{"height": 720, "source": {"url": "https://foursquare.com/download/#/iphone", "name": "Foursquare for iOS"}, "tip": {"agreeCount": 2, "canonicalUrl": "https://foursquare.com/item/53620b56498ee94a219c6c0c", "todo": {"count": 0}, "logView": true, "disagreeCount": 0, "createdAt": 1398934358, "id": "53620b56498ee94a219c6c0c", "text": "Awesome customer service even though the place is packed with people. Cake wise, green banana hits the mark for me.", "likes": {"groups": [{"items": [{"photo": {"prefix": "https://igx.4sqi.net/img/user/", "suffix": "/109333179-E1AZKTSHDRIBNOEN.jpg"}, "id": "109333179", "firstName": "John", "gender": "male", "lastName": "Davis"}, {"photo": {"prefix": "https://igx.4sqi.net/img/user/", "suffix": "/PFKQEFVFE3MCVGCB.jpg"}, "id": "27408600", "firstName": "Sally", "gender": "female", "lastName": "Ann"}], "count": 2, "type": "others"}], "count": 2, "summary": "2 likes"}, "like": false, "type": "user"}, "width": 720, "prefix": "https://igx.4sqi.net/img/general/", "createdAt": 1398934362, "id": "53620b5a11d2543adaa6783b", "venue": {"closed": true, "like": false, "location": {"formattedAddress": ["37 Haji Lane (Boon Tat St)", "068600", "Singapore"], "city": "Singapore", "lng": 103.85888000164414, "cc": "SG", "country": "Singapore", "crossStreet": "Boon Tat St", "lat": 1.3009087396893804, "address": "37 Haji Lane", "labeledLatLngs": [{"label": "display", "lat": 1.3009087396893804, "lng": 103.85888000164414}], "postalCode": "068600"}, "categories": [{"icon": {"prefix": "https://ss3.4sqi.net/img/categories_v2/food/cafe_", "suffix": ".png"}, "name": "Caf\u00e9", "id": "4bf58dd8d48988d16d941735", "pluralName": "Caf\u00e9s", "primary": true, "shortName": "Caf\u00e9"}], "verified": false, "contact": {"formattedPhone": "+65 6299 5848", "phone": "+6562995848"}, "allowMenuUrlEdit": true, "stats": {"tipCount": 21, "usersCount": 524, "checkinsCount": 639}, "id": "52b8dd7c498e5d6947a6d2e9", "name": "The Pantry at Shop Wonderland", "beenHere": {"lastCheckinExpiredAt": 0}}, "suffix": "/1030284_Zq0i00O1tKxDEma0sE_EpfQRXP6I8IR7U85F9NAv9u4.jpg", "visibility": "public"}, {"height": 720, "source": {"url": "https://foursquare.com/download/#/iphone", "name": "Foursquare for iOS"}, "width": 960, "prefix": "https://igx.4sqi.net/img/general/", "createdAt": 1383989818, "id": "527e023a498ec9fa3ee88cbb", "venue": {"venueRatingBlacklisted": true, "like": false, "location": {"cc": "SG", "country": "Singapore", "lat": 1.305933, "lng": 103.833578, "labeledLatLngs": [{"label": "display", "lat": 1.305933, "lng": 103.833578}], "formattedAddress": ["Singapore"]}, "categories": [{"icon": {"prefix": "https://ss3.4sqi.net/img/categories_v2/building/apartment_", "suffix": ".png"}, "name": "Residential Building (Apartment / Condo)", "id": "4d954b06a243a5684965b473", "pluralName": "Residential Buildings (Apartments / Condos)", "primary": true, "shortName": "Residential"}], "verified": false, "contact": {}, "beenHere": {"lastCheckinExpiredAt": 0}, "stats": {"tipCount": 0, "usersCount": 1, "checkinsCount": 2}, "id": "527e01aa498e4c2ad7af0c2a", "name": "NERD TOUR HQ aka CLUB HOUSE"}, "suffix": "/1030284_NKi6wkHVhhVxtNaeJNNhI3Ag8RYccp4YF6zTJbjTzKk.jpg", "visibility": "public"}, {"height": 720, "source": {"url": "https://foursquare.com/download/#/iphone", "name": "Foursquare for iOS"}, "width": 960, "prefix": "https://igx.4sqi.net/img/general/", "createdAt": 1383989732, "id": "527e01e411d2e4df3485af7d", "venue": {"venueRatingBlacklisted": true, "like": false, "location": {"cc": "SG", "country": "Singapore", "lat": 1.305933, "lng": 103.833578, "labeledLatLngs": [{"label": "display", "lat": 1.305933, "lng": 103.833578}], "formattedAddress": ["Singapore"]}, "categories": [{"icon": {"prefix": "https://ss3.4sqi.net/img/categories_v2/building/apartment_", "suffix": ".png"}, "name": "Residential Building (Apartment / Condo)", "id": "4d954b06a243a5684965b473", "pluralName": "Residential Buildings (Apartments / Condos)", "primary": true, "shortName": "Residential"}], "verified": false, "contact": {}, "beenHere": {"lastCheckinExpiredAt": 0}, "stats": {"tipCount": 0, "usersCount": 1, "checkinsCount": 2}, "id": "527e01aa498e4c2ad7af0c2a", "name": "NERD TOUR HQ aka CLUB HOUSE"}, "suffix": "/1030284_RO2ScdVK8axN5LJMs_nY1JyMtA7JKk8t-yqkRCSCz8w.jpg", "visibility": "public"}, {"height": 720, "source": {"url": "https://foursquare.com/download/#/iphone", "name": "Foursquare for iOS"}, "tip": {"agreeCount": 0, "canonicalUrl": "https://foursquare.com/item/524a2728498ec934249b217a", "todo": {"count": 0}, "logView": true, "disagreeCount": 0, "createdAt": 1380591400, "id": "524a2728498ec934249b217a", "text": "Check out the Toyota booth using Leap Motion technology", "likes": {"groups": [], "count": 0}, "like": false, "type": "user"}, "width": 960, "prefix": "https://igx.4sqi.net/img/general/", "createdAt": 1380591402, "id": "524a272a498e8aec3425736d", "venue": {"url": "http://www.ceatec.com", "closed": true, "like": false, "location": {"formattedAddress": ["\u4e2d\u702c2-1 (\u5e55\u5f35\u30e1\u30c3\u30bb)", "\u5343\u8449\u5e02\u7f8e\u6d5c\u533a, \u5343\u8449\u770c", "261-0023", "\u65e5\u672c"], "country": "\u65e5\u672c", "lng": 140.03594449996777, "cc": "JP", "state": "\u5343\u8449\u770c", "lat": 35.64732152174208, "address": "\u4e2d\u702c2-1", "crossStreet": "\u5e55\u5f35\u30e1\u30c3\u30bb", "postalCode": "261-0023"}, "categories": [{"icon": {"prefix": "https://ss3.4sqi.net/img/categories_v2/building/fair_", "suffix": ".png"}, "name": "Fair", "id": "4eb1daf44b900d56c88a4600", "pluralName": "Fairs", "primary": true, "shortName": "Fair"}], "verified": false, "contact": {"twitter": "ceatec"}, "beenHere": {"lastCheckinExpiredAt": 0}, "stats": {"tipCount": 3, "usersCount": 563, "checkinsCount": 632}, "id": "524a2488498ec2b33bb71866", "name": "CEATEC JAPAN 2013"}, "suffix": "/1030284_BLJZ-iubpPW5-7BybqVYszgTdeC3X1ne2BD6AV6CKdc.jpg", "visibility": "public"}, {"height": 960, "source": {"url": "https://foursquare.com/download/#/iphone", "name": "Foursquare for iOS"}, "width": 720, "prefix": "https://igx.4sqi.net/img/general/", "createdAt": 1377684420, "id": "521dcbc411d278962352ef5a", "venue": {"venueRatingBlacklisted": true, "like": false, "location": {"country": "Singapore", "lng": 103.846263, "cc": "SG", "state": "Singapore", "crossStreet": "Clarke Quay", "lat": 1.288977, "address": "3D River Valley", "labeledLatLngs": [{"label": "display", "lat": 1.288977, "lng": 103.846263}], "formattedAddress": ["3D River Valley (Clarke Quay)", "Singapore"]}, "categories": [{"icon": {"prefix": "https://ss3.4sqi.net/img/categories_v2/building/eventspace_", "suffix": ".png"}, "name": "Event Space", "id": "4bf58dd8d48988d171941735", "pluralName": "Event Spaces", "primary": true, "shortName": "Event Space"}], "verified": false, "contact": {}, "beenHere": {"lastCheckinExpiredAt": 0}, "stats": {"tipCount": 0, "usersCount": 2, "checkinsCount": 2}, "id": "521dc79b11d2b80291d581e1", "name": "Saatchi Digital Innovation Night"}, "suffix": "/1030284_-YHCnBIy94fJgeXRMuF9SHBfKtXOpmFd7_99ZpDZTs8.jpg", "visibility": "public"}, {"height": 960, "source": {"url": "https://foursquare.com/download/#/iphone", "name": "Foursquare for iOS"}, "width": 720, "prefix": "https://igx.4sqi.net/img/general/", "createdAt": 1377684413, "id": "521dcbbd11d2a47a35e4dc34", "venue": {"venueRatingBlacklisted": true, "like": false, "location": {"country": "Singapore", "lng": 103.846263, "cc": "SG", "state": "Singapore", "crossStreet": "Clarke Quay", "lat": 1.288977, "address": "3D River Valley", "labeledLatLngs": [{"label": "display", "lat": 1.288977, "lng": 103.846263}], "formattedAddress": ["3D River Valley (Clarke Quay)", "Singapore"]}, "categories": [{"icon": {"prefix": "https://ss3.4sqi.net/img/categories_v2/building/eventspace_", "suffix": ".png"}, "name": "Event Space", "id": "4bf58dd8d48988d171941735", "pluralName": "Event Spaces", "primary": true, "shortName": "Event Space"}], "verified": false, "contact": {}, "beenHere": {"lastCheckinExpiredAt": 0}, "stats": {"tipCount": 0, "usersCount": 2, "checkinsCount": 2}, "id": "521dc79b11d2b80291d581e1", "name": "Saatchi Digital Innovation Night"}, "suffix": "/1030284_wCtQkyndMh09vExyUkgh85d56sbbq_qE1LvcLmBi6SI.jpg", "visibility": "public"}, {"height": 960, "source": {"url": "https://foursquare.com/download/#/iphone", "name": "Foursquare for iOS"}, "width": 720, "prefix": "https://igx.4sqi.net/img/general/", "createdAt": 1377684242, "id": "521dcb1211d2bea4776f7d15", "venue": {"venueRatingBlacklisted": true, "like": false, "location": {"country": "Singapore", "lng": 103.846263, "cc": "SG", "state": "Singapore", "crossStreet": "Clarke Quay", "lat": 1.288977, "address": "3D River Valley", "labeledLatLngs": [{"label": "display", "lat": 1.288977, "lng": 103.846263}], "formattedAddress": ["3D River Valley (Clarke Quay)", "Singapore"]}, "categories": [{"icon": {"prefix": "https://ss3.4sqi.net/img/categories_v2/building/eventspace_", "suffix": ".png"}, "name": "Event Space", "id": "4bf58dd8d48988d171941735", "pluralName": "Event Spaces", "primary": true, "shortName": "Event Space"}], "verified": false, "contact": {}, "beenHere": {"lastCheckinExpiredAt": 0}, "stats": {"tipCount": 0, "usersCount": 2, "checkinsCount": 2}, "id": "521dc79b11d2b80291d581e1", "name": "Saatchi Digital Innovation Night"}, "suffix": "/1030284_9sPxpTsT520YRpQKd-SRsuF0xtrvORVLZakufsTebfQ.jpg", "visibility": "public"}, {"height": 960, "source": {"url": "https://foursquare.com/download/#/iphone", "name": "Foursquare for iOS"}, "width": 720, "prefix": "https://igx.4sqi.net/img/general/", "createdAt": 1377684237, "id": "521dcb0d11d2e97a9194b0a8", "venue": {"venueRatingBlacklisted": true, "like": false, "location": {"country": "Singapore", "lng": 103.846263, "cc": "SG", "state": "Singapore", "crossStreet": "Clarke Quay", "lat": 1.288977, "address": "3D River Valley", "labeledLatLngs": [{"label": "display", "lat": 1.288977, "lng": 103.846263}], "formattedAddress": ["3D River Valley (Clarke Quay)", "Singapore"]}, "categories": [{"icon": {"prefix": "https://ss3.4sqi.net/img/categories_v2/building/eventspace_", "suffix": ".png"}, "name": "Event Space", "id": "4bf58dd8d48988d171941735", "pluralName": "Event Spaces", "primary": true, "shortName": "Event Space"}], "verified": false, "contact": {}, "beenHere": {"lastCheckinExpiredAt": 0}, "stats": {"tipCount": 0, "usersCount": 2, "checkinsCount": 2}, "id": "521dc79b11d2b80291d581e1", "name": "Saatchi Digital Innovation Night"}, "suffix": "/1030284_j4m-4jOrcPUEF3edkDaWe0chJmwinL7apv1wksFlM_4.jpg", "visibility": "public"}, {"height": 720, "source": {"url": "https://foursquare.com/download/#/iphone", "name": "Foursquare for iOS"}, "width": 720, "prefix": "https://igx.4sqi.net/img/general/", "createdAt": 1373086246, "id": "51d7a226498e9e4033bec05e", "venue": {"url": "http://www.pscafe.sg", "like": false, "location": {"formattedAddress": ["#02-09A Palais Renaissance (390 Orchard Rd)", "238871", "Singapore"], "city": "Singapore", "lng": 103.82976894174598, "cc": "SG", "country": "Singapore", "crossStreet": "390 Orchard Rd", "lat": 1.3068649349501462, "address": "#02-09A Palais Renaissance", "labeledLatLngs": [{"label": "display", "lat": 1.3068649349501462, "lng": 103.82976894174598}], "postalCode": "238871"}, "categories": [{"icon": {"prefix": "https://ss3.4sqi.net/img/categories_v2/food/cafe_", "suffix": ".png"}, "name": "Caf\u00e9", "id": "4bf58dd8d48988d16d941735", "pluralName": "Caf\u00e9s", "primary": true, "shortName": "Caf\u00e9"}], "verified": false, "contact": {"formattedPhone": "+65 9834 8232", "phone": "+6598348232"}, "allowMenuUrlEdit": true, "stats": {"tipCount": 152, "usersCount": 4230, "checkinsCount": 6211}, "id": "4b9c7db1f964a5202e6c36e3", "name": "PS.Cafe", "beenHere": {"lastCheckinExpiredAt": 0}}, "suffix": "/1030284_Uywj_AkxQG_-wogJevnP7_LV9es3wcJ-zioqa738pfM.jpg", "visibility": "public"}, {"height": 540, "source": {"url": "https://foursquare.com/download/#/iphone", "name": "Foursquare for iOS"}, "width": 720, "prefix": "https://igx.4sqi.net/img/general/", "createdAt": 1352454575, "id": "509cd1afe4b0d459db30315c", "venue": {"url": "http://www.paris.fr", "like": false, "location": {"formattedAddress": ["75018 Paris", "France"], "city": "Paris", "state": "\u00cele-de-France", "cc": "FR", "country": "France", "lat": 48.88694204772288, "lng": 2.3415255546569824, "labeledLatLngs": [{"label": "display", "lat": 48.88694204772288, "lng": 2.3415255546569824}], "postalCode": "75018"}, "categories": [{"icon": {"prefix": "https://ss3.4sqi.net/img/categories_v2/parks_outdoors/neighborhood_", "suffix": ".png"}, "name": "Neighborhood", "id": "4f2a25ac4b909258e854f55f", "pluralName": "Neighborhoods", "primary": true, "shortName": "Neighborhood"}], "verified": true, "contact": {"facebookName": "Ville de Paris", "facebookUsername": "paris", "facebook": "207251779638"}, "beenHere": {"lastCheckinExpiredAt": 0}, "stats": {"tipCount": 190, "usersCount": 33077, "checkinsCount": 50684}, "id": "4c68251df984a593a80b49f4", "name": "Montmartre", "venueRatingBlacklisted": true}, "suffix": "/1030284_ISXYnm7OLODuHQYg8V3q5RrCxcwT09HVECjS4IPbjmc.jpg", "visibility": "public"}, {"height": 540, "source": {"url": "https://foursquare.com/download/#/iphone", "name": "Foursquare for iOS"}, "width": 540, "prefix": "https://igx.4sqi.net/img/general/", "createdAt": 1342346386, "id": "50029492e4b0cad516f712ff", "venue": {"venueRatingBlacklisted": true, "like": false, "location": {"formattedAddress": ["600 North Bridge Rd", "188778", "Singapore"], "city": "Singapore", "lng": 103.85743052869735, "cc": "SG", "country": "Singapore", "lat": 1.3001878394431108, "address": "600 North Bridge Rd", "labeledLatLngs": [{"label": "display", "lat": 1.3001878394431108, "lng": 103.85743052869735}], "postalCode": "188778"}, "categories": [{"icon": {"prefix": "https://ss3.4sqi.net/img/categories_v2/building/default_", "suffix": ".png"}, "name": "Office", "id": "4bf58dd8d48988d124941735", "pluralName": "Offices", "primary": true, "shortName": "Office"}], "verified": false, "contact": {}, "beenHere": {"lastCheckinExpiredAt": 0}, "stats": {"tipCount": 21, "usersCount": 2103, "checkinsCount": 5382}, "id": "4b3e057bf964a520d39725e3", "name": "Parkview Square"}, "suffix": "/Hi0bwCgDtLOHP-kgaqIruQacuULgCGg9gLqJRFywycE.jpg", "visibility": "public"}, {"height": 540, "source": {"url": "https://foursquare.com/download/#/iphone", "name": "Foursquare for iOS"}, "width": 540, "prefix": "https://igx.4sqi.net/img/general/", "createdAt": 1339328786, "id": "4fd48912e4b0b3abb3c50269", "venue": {"location": {"formattedAddress": ["109 Mount Faber Rd", "099203", "Singapore"], "city": "Singapore", "lng": 103.81916664022829, "cc": "SG", "country": "Singapore", "lat": 1.2713629467092922, "address": "109 Mount Faber Rd", "postalCode": "099203"}, "contact": {"formattedPhone": "+65 6377 9688", "phone": "+6563779688"}, "verified": false, "allowMenuUrlEdit": true, "stats": {"tipCount": 23, "usersCount": 2452, "checkinsCount": 3286}, "id": "4cc66c0382388cfa86f07b35", "url": "http://www.mountfaber.com.sg/index.php?option=com_content&view=article&id=37&Itemid=45", "closed": true, "like": false, "categories": [{"icon": {"prefix": "https://ss3.4sqi.net/img/categories_v2/nightlife/pub_", "suffix": ".png"}, "name": "Bar", "id": "4bf58dd8d48988d116941735", "pluralName": "Bars", "primary": true, "shortName": "Bar"}], "beenHere": {"lastCheckinExpiredAt": 0}, "name": "The Jewel Box"}, "suffix": "/-OzeIpphBy6ccBzyFweifVhC02zcwv5vyjcUyUn1UdY.jpg", "visibility": "public"}, {"height": 540, "source": {"url": "https://foursquare.com/download/#/iphone", "name": "Foursquare for iOS"}, "tip": {"agreeCount": 0, "canonicalUrl": "https://foursquare.com/item/4dd7b922c65bee535ab87edf", "todo": {"count": 0}, "logView": true, "disagreeCount": 0, "createdAt": 1305983266, "id": "4dd7b922c65bee535ab87edf", "text": "Didn't Like the peanut butter with roasted banana pie at all!!!", "likes": {"groups": [], "count": 0}, "like": false, "type": "user"}, "width": 540, "prefix": "https://igx.4sqi.net/img/general/", "createdAt": 1305983273, "id": "4dd7b92940a39dd5c93ceb2c", "venue": {"location": {"formattedAddress": ["Bangsar Village (Lot LG-8), Jalan Telawi 1", "59100 Kuala Lumpur, Kuala Lumpur", "Malaysia"], "city": "Kuala Lumpur", "lng": 101.67103869459243, "cc": "MY", "state": "Kuala Lumpur", "neighborhood": "Bangsar", "lat": 3.1299904657005087, "address": "Bangsar Village (Lot LG-8), Jalan Telawi 1", "labeledLatLngs": [{"label": "display", "lat": 3.1299904657005087, "lng": 101.67103869459243}], "postalCode": "59100", "country": "Malaysia"}, "contact": {"formattedPhone": "+60 3-2287 6708", "phone": "+60322876708", "facebookName": "The Daily Grind Gourmet Burgers", "facebookUsername": "Thedailygrindbangsar", "facebook": "122178144519661"}, "verified": false, "allowMenuUrlEdit": true, "stats": {"tipCount": 218, "usersCount": 8135, "checkinsCount": 12729}, "menu": {"url": "http://thedailygrind.com.my/images/the_Daily_Grind_menu.pdf", "label": "Menu", "anchor": "View Menu", "mobileUrl": "http://thedailygrind.com.my/images/the_Daily_Grind_menu.pdf", "type": "Menu", "externalUrl": "http://thedailygrind.com.my/images/the_Daily_Grind_menu.pdf"}, "beenHere": {"lastCheckinExpiredAt": 0}, "url": "http://thedailygrind.com.my", "like": false, "categories": [{"icon": {"prefix": "https://ss3.4sqi.net/img/categories_v2/food/burger_", "suffix": ".png"}, "name": "Burger Joint", "id": "4bf58dd8d48988d16c941735", "pluralName": "Burger Joints", "primary": true, "shortName": "Burgers"}], "id": "4b878274f964a52070c131e3", "name": "The Daily Grind"}, "suffix": "/IJOTTD2LR0BRDQY1SC4GWP1CLT1LSX3MZFHFBH4PZ2WPVAYN.jpg", "visibility": "public"}, {"height": 720, "source": {"url": "https://foursquare.com/download/#/iphone", "name": "Foursquare for iOS"}, "tip": {"agreeCount": 0, "canonicalUrl": "https://foursquare.com/item/4d96d7eee07ea35d483cca02", "todo": {"count": 0}, "logView": true, "disagreeCount": 0, "createdAt": 1301731310, "id": "4d96d7eee07ea35d483cca02", "text": "Finally got my recipe journal by moleskine! Shop owner is nice too!", "likes": {"groups": [{"items": [], "count": 1, "type": "others"}], "count": 1, "summary": "1 like"}, "like": false, "type": "user"}, "width": 540, "prefix": "https://igx.4sqi.net/img/general/", "createdAt": 1301731325, "id": "4d96d7fd470528fd91158aa9", "venue": {"location": {"formattedAddress": ["3 Jalan Telawi 3, Bangsar Baru", "59100 Kuala Lumpur, Kuala Lumpur", "Malaysia"], "city": "Kuala Lumpur", "lng": 101.67117208439834, "cc": "MY", "state": "Kuala Lumpur", "lat": 3.132803768439168, "address": "3 Jalan Telawi 3, Bangsar Baru", "labeledLatLngs": [{"label": "display", "lat": 3.132803768439168, "lng": 101.67117208439834}], "postalCode": "59100", "country": "Malaysia"}, "contact": {"formattedPhone": "+60 3-2287 0699", "phone": "+60322870699", "facebookName": "CzipLee", "facebookUsername": "CzipLee", "facebook": "113762798641118"}, "verified": true, "allowMenuUrlEdit": true, "stats": {"tipCount": 17, "usersCount": 693, "checkinsCount": 1118}, "id": "4c04e8b40d0e0f475c81049a", "storeId": "", "url": "http://www.cziplee.com", "like": false, "categories": [{"icon": {"prefix": "https://ss3.4sqi.net/img/categories_v2/shops/artstore_", "suffix": ".png"}, "name": "Arts & Crafts Store", "id": "4bf58dd8d48988d127951735", "pluralName": "Arts & Crafts Stores", "primary": true, "shortName": "Arts & Crafts"}], "beenHere": {"lastCheckinExpiredAt": 0}, "name": "CzipLee PLUS"}, "suffix": "/YPGYOWJCWAN3SDI1ELRQUMECJCTP0M4XYAFZ0DVNT3PHYCQQ.jpg", "visibility": "public"}, {"height": 720, "source": {"url": "https://foursquare.com/download/#/iphone", "name": "Foursquare for iOS"}, "width": 540, "prefix": "https://igx.4sqi.net/img/general/", "createdAt": 1301731212, "id": "4d96d78c470528fd67158aa9", "venue": {"location": {"formattedAddress": ["3 Jalan Telawi 3, Bangsar Baru", "59100 Kuala Lumpur, Kuala Lumpur", "Malaysia"], "city": "Kuala Lumpur", "lng": 101.67117208439834, "cc": "MY", "state": "Kuala Lumpur", "lat": 3.132803768439168, "address": "3 Jalan Telawi 3, Bangsar Baru", "labeledLatLngs": [{"label": "display", "lat": 3.132803768439168, "lng": 101.67117208439834}], "postalCode": "59100", "country": "Malaysia"}, "contact": {"formattedPhone": "+60 3-2287 0699", "phone": "+60322870699", "facebookName": "CzipLee", "facebookUsername": "CzipLee", "facebook": "113762798641118"}, "verified": true, "allowMenuUrlEdit": true, "stats": {"tipCount": 17, "usersCount": 693, "checkinsCount": 1118}, "id": "4c04e8b40d0e0f475c81049a", "storeId": "", "url": "http://www.cziplee.com", "like": false, "categories": [{"icon": {"prefix": "https://ss3.4sqi.net/img/categories_v2/shops/artstore_", "suffix": ".png"}, "name": "Arts & Crafts Store", "id": "4bf58dd8d48988d127951735", "pluralName": "Arts & Crafts Stores", "primary": true, "shortName": "Arts & Crafts"}], "beenHere": {"lastCheckinExpiredAt": 0}, "name": "CzipLee PLUS"}, "suffix": "/FFX4LDT4U4P5PBDCZFSV4UYTWULYZYIEAPGY0W1CQASTCPQC.jpg", "visibility": "public"}, {"height": 540, "source": {"url": "https://foursquare.com/download/#/iphone", "name": "Foursquare for iOS"}, "width": 540, "prefix": "https://igx.4sqi.net/img/general/", "createdAt": 1299398023, "id": "4d733d87685b2da1aa053e3b", "venue": {"like": false, "location": {"neighborhood": "SS16", "address": "LG 03A, Empire Shopping Gallery", "labeledLatLngs": [{"label": "display", "lat": 3.081723033983558, "lng": 101.58267974853516}], "postalCode": "47500", "city": "Subang Jaya", "state": "Selangor", "cc": "MY", "country": "Malaysia", "lat": 3.081723033983558, "lng": 101.58267974853516, "crossStreet": "Jalan SS16/1", "formattedAddress": ["LG 03A, Empire Shopping Gallery (Jalan SS16/1)", "47500 Subang Jaya, Selangor", "Malaysia"]}, "categories": [{"icon": {"prefix": "https://ss3.4sqi.net/img/categories_v2/food/cafe_", "suffix": ".png"}, "name": "Caf\u00e9", "id": "4bf58dd8d48988d16d941735", "pluralName": "Caf\u00e9s", "primary": true, "shortName": "Caf\u00e9"}], "verified": false, "contact": {"twitter": "whisk_kl", "facebookName": "WHISK Espresso Bar + Bake Shop", "formattedPhone": "+60 3-5022 2060", "phone": "+60350222060", "facebookUsername": "whisk.kl", "facebook": "118373404852565"}, "allowMenuUrlEdit": true, "stats": {"tipCount": 174, "usersCount": 3949, "checkinsCount": 7696}, "id": "4c0b6711340720a1031d8893", "name": "Whisk Espresso Bar & Bake Shop", "beenHere": {"lastCheckinExpiredAt": 0}}, "suffix": "/SCUKMDCVEPASLWLS3HKHV3OFPHVTWC35KQFPPBXTN5ABQJ0T.jpg", "visibility": "public"}], "count": 16}, "totalCount": 16}}