{"response": {"photos": {"items": [{"id": "576c1a8c498e0a8a3e690310", "createdAt": 1466702476, "height": 720, "visibility": "public", "source": {"url": "https://www.swarmapp.com", "name": "Swarm for Android"}, "prefix": "https://igx.4sqi.net/img/general/", "venue": {"like": false, "allowMenuUrlEdit": true, "location": {"address": "Frederikspark 2", "state": "Noord-Holland", "lat": 52.37396063830655, "postalCode": "2012 DA", "city": "Haarlem", "formattedAddress": ["Frederikspark 2", "2012 DA Haarlem", "Nederland"], "lng": 4.631009694798312, "labeledLatLngs": [{"lng": 4.631009694798312, "label": "display", "lat": 52.37396063830655}], "country": "Nederland", "cc": "NL"}, "storeId": "", "id": "4ed3a287e3007feb813e6d0a", "beenHere": {"lastCheckinExpiredAt": 0}, "stats": {"checkinsCount": 698, "tipCount": 2, "usersCount": 393}, "url": "http://www.restaurantparck.nl", "categories": [{"id": "4bf58dd8d48988d10c941735", "primary": true, "icon": {"prefix": "https://ss3.4sqi.net/img/categories_v2/food/french_", "suffix": ".png"}, "pluralName": "French Restaurants", "shortName": "French", "name": "French Restaurant"}], "venuePage": {"id": "34206711"}, "verified": true, "contact": {"twitter": "restaurantparck", "facebook": "324441484273648", "facebookName": "Restaurant Parck", "formattedPhone": "+31 23 542 0911", "phone": "+31235420911"}, "name": "Restaurant Parck"}, "width": 960, "suffix": "/1030855_blFS8HLs7jVSDw09HK521e1xHHBvY1zhOfEeOaKDwgc.jpg"}, {"id": "55d88a52498e6eda7ad93bca", "createdAt": 1440254546, "height": 712, "visibility": "public", "source": {"url": "https://www.swarmapp.com", "name": "Swarm for Android"}, "prefix": "https://igx.4sqi.net/img/general/", "venue": {"id": "5215e925498ec1df7069dc61", "like": false, "stats": {"checkinsCount": 137, "tipCount": 4, "usersCount": 126}, "beenHere": {"lastCheckinExpiredAt": 0}, "categories": [{"id": "4bf58dd8d48988d1e5931735", "primary": true, "icon": {"prefix": "https://ss3.4sqi.net/img/categories_v2/arts_entertainment/musicvenue_", "suffix": ".png"}, "pluralName": "Music Venues", "shortName": "Music Venue", "name": "Music Venue"}], "verified": false, "allowMenuUrlEdit": true, "location": {"state": "Noord-Holland", "lat": 52.37279532230133, "city": "Amsterdam", "formattedAddress": ["Amsterdam", "Nederland"], "lng": 4.882962288613057, "labeledLatLngs": [{"lng": 4.882962288613057, "label": "display", "lat": 52.37279532230133}], "country": "Nederland", "cc": "NL"}, "contact": {}, "name": "Prinsengracht Concert"}, "width": 960, "suffix": "/1030855_63BJYpUJVYqS8j8snUjRXcU7mlah-NgbmUHmbQ_DRpI.jpg"}, {"id": "55632a88498e0c31b39107b4", "createdAt": 1432562312, "height": 720, "visibility": "public", "source": {"url": "https://www.swarmapp.com", "name": "Swarm for Android"}, "prefix": "https://igx.4sqi.net/img/general/", "venue": {"id": "4ddbbfabfa7637ab73e17da8", "like": false, "stats": {"checkinsCount": 626, "tipCount": 6, "usersCount": 308}, "url": "http://www.dagjecenterparcs.nl/zandvoort", "beenHere": {"lastCheckinExpiredAt": 0}, "categories": [{"id": "4bf58dd8d48988d15e941735", "primary": true, "icon": {"prefix": "https://ss3.4sqi.net/img/categories_v2/parks_outdoors/pool_", "suffix": ".png"}, "pluralName": "Pools", "shortName": "Pool", "name": "Pool"}], "verified": false, "allowMenuUrlEdit": true, "location": {"crossStreet": "Vondellaan 60", "labeledLatLngs": [{"lng": 4.536913829378815, "label": "display", "lat": 52.37985974410053}], "state": "Noord-Holland", "lat": 52.37985974410053, "postalCode": "2041 BE", "city": "Zandvoort", "formattedAddress": ["Center Parcs Park Zandvoort (Vondellaan 60)", "2041 BE Zandvoort", "Nederland"], "lng": 4.536913829378815, "address": "Center Parcs Park Zandvoort", "country": "Nederland", "cc": "NL"}, "contact": {"twitter": "centerparcszv", "facebook": "157766597659304", "facebookName": "Center Parcs Park Zandvoort", "formattedPhone": "+31 23 572 0000", "phone": "+31235720000"}, "name": "Aqua Mundo"}, "width": 960, "suffix": "/1030855_wRfJuB3HsbDOLvOoLbMQ_VtqvweL7sjm-mHkrNzyCic.jpg"}, {"id": "556030f4498ee982d1b8b0dd", "createdAt": 1432367348, "height": 720, "visibility": "public", "source": {"url": "https://www.swarmapp.com", "name": "Swarm for Android"}, "prefix": "https://igx.4sqi.net/img/general/", "venue": {"id": "4c0a17dbbbc676b07d4d49d5", "like": false, "stats": {"checkinsCount": 17, "tipCount": 0, "usersCount": 16}, "beenHere": {"lastCheckinExpiredAt": 0}, "categories": [{"id": "4bf58dd8d48988d162941735", "primary": true, "icon": {"prefix": "https://ss3.4sqi.net/img/categories_v2/parks_outdoors/outdoors_", "suffix": ".png"}, "pluralName": "Other Great Outdoors", "shortName": "Other Outdoors", "name": "Other Great Outdoors"}], "verified": false, "location": {"address": "Ringvaartdijk 21", "state": "Noord-Holland", "lat": 52.339064623037984, "postalCode": "1066", "city": "Amsterdam", "formattedAddress": ["Ringvaartdijk 21", "1066 Amsterdam", "Nederland"], "lng": 4.795665604998072, "labeledLatLngs": [{"lng": 4.795665604998072, "label": "display", "lat": 52.339064623037984}], "country": "Nederland", "cc": "NL"}, "contact": {}, "venueRatingBlacklisted": true, "name": "MHC Xenios"}, "width": 960, "suffix": "/1030855_l9bSCO5SUVCvX8vHRX2q1v8dwlFZApagEo9x8MM1NlA.jpg"}, {"id": "54ba378e498e88ff507c44f5", "createdAt": 1421490062, "height": 712, "visibility": "public", "source": {"url": "https://www.swarmapp.com", "name": "Swarm for Android"}, "prefix": "https://igx.4sqi.net/img/general/", "venue": {"id": "4bf404f494af2d7f16103a72", "like": false, "stats": {"checkinsCount": 283, "tipCount": 1, "usersCount": 79}, "beenHere": {"lastCheckinExpiredAt": 0}, "categories": [{"id": "4f452cd44b9081a197eba860", "primary": true, "icon": {"prefix": "https://ss3.4sqi.net/img/categories_v2/arts_entertainment/stadium_hockey_", "suffix": ".png"}, "pluralName": "Hockey Fields", "shortName": "Hockey Field", "name": "Hockey Field"}], "verified": false, "location": {"address": "Boerhavelaan 41", "state": "Noord-Holland", "lat": 52.36921295393425, "postalCode": "2141", "city": "Haarlem", "formattedAddress": ["Boerhavelaan 41", "2141 Haarlem", "Nederland"], "lng": 4.666456548310394, "labeledLatLngs": [{"lng": 4.666456548310394, "label": "display", "lat": 52.36921295393425}], "country": "Nederland", "cc": "NL"}, "contact": {"formattedPhone": "+31 23 533 6633", "phone": "+31235336633"}, "name": "Saxenburg Hockeyclub"}, "width": 960, "suffix": "/1030855_RZ7Z7exBSyrwfyGmkH9SVSSpgAIcAYAH-qbSfQr6Zeo.jpg"}, {"id": "54acdf53498e63644648cdc8", "createdAt": 1420615507, "height": 960, "visibility": "public", "source": {"url": "https://www.swarmapp.com", "name": "Swarm for Android"}, "prefix": "https://igx.4sqi.net/img/general/", "venue": {"id": "4bd14fe677b29c744d778c82", "like": false, "stats": {"checkinsCount": 743, "tipCount": 1, "usersCount": 551}, "url": "http://www.aeroportsdeparis.fr/passagers/acces/paris-charles-de-gaulle", "beenHere": {"lastCheckinExpiredAt": 0}, "categories": [{"id": "4bf58dd8d48988d1f0931735", "primary": true, "icon": {"prefix": "https://ss3.4sqi.net/img/categories_v2/travel/airport_gate_", "suffix": ".png"}, "pluralName": "Airport Gates", "shortName": "Gate", "name": "Airport Gate"}], "verified": false, "location": {"crossStreet": "A\u00e9roport Paris-Charles de Gaulle (CDG)", "labeledLatLngs": [{"lng": 2.574773799008948, "label": "display", "lat": 49.00644655341712}], "state": "\u00cele-de-France", "lat": 49.00644655341712, "postalCode": "93290", "city": "Tremblay-en-France", "formattedAddress": ["Terminal 2F (A\u00e9roport Paris-Charles de Gaulle (CDG))", "93290 Tremblay-en-France", "France"], "lng": 2.574773799008948, "address": "Terminal 2F", "country": "France", "cc": "FR"}, "contact": {"facebookUsername": "aeroportsdeparis", "facebook": "289966983831", "facebookName": "A\u00e9roports de Paris", "twitter": "aeroportsparis"}, "venueRatingBlacklisted": true, "name": "Gate F32"}, "width": 712, "suffix": "/1030855_dypFHFryrkfTS4gHpxSRPStTKBklxf2fRdoruXf_TNs.jpg"}, {"id": "54a2a8c5498e3f3c112811b7", "createdAt": 1419946181, "height": 712, "visibility": "public", "source": {"url": "https://www.swarmapp.com", "name": "Swarm for Android"}, "prefix": "https://igx.4sqi.net/img/general/", "venue": {"id": "4ae742e0f964a520d6a921e3", "like": false, "stats": {"checkinsCount": 4352, "tipCount": 54, "usersCount": 1552}, "url": "http://www.westerpaviljoen.nl", "beenHere": {"lastCheckinExpiredAt": 0}, "categories": [{"id": "4bf58dd8d48988d155941735", "primary": true, "icon": {"prefix": "https://ss3.4sqi.net/img/categories_v2/food/gastropub_", "suffix": ".png"}, "pluralName": "Gastropubs", "shortName": "Gastropub", "name": "Gastropub"}], "verified": false, "allowMenuUrlEdit": true, "location": {"crossStreet": "Mathenesserlaan", "labeledLatLngs": [{"lng": 4.46619987487793, "label": "display", "lat": 51.914811680658616}], "state": "Zuid-Holland", "lat": 51.914811680658616, "postalCode": "3015 BE", "city": "Rotterdam", "formattedAddress": ["Nieuwe Binnenweg 136 (Mathenesserlaan)", "3015 BE Rotterdam", "Nederland"], "lng": 4.46619987487793, "address": "Nieuwe Binnenweg 136", "country": "Nederland", "cc": "NL"}, "contact": {"formattedPhone": "+31 10 436 2645", "phone": "+31104362645"}, "name": "Wester Paviljoen"}, "width": 960, "suffix": "/1030855_5VZfI6pscNucf5OK4NH3yIItRW8rG5jNtGnI1pwt2WY.jpg"}, {"id": "54a15c55498e37a791628d0d", "createdAt": 1419861077, "height": 540, "visibility": "public", "source": {"url": "https://www.swarmapp.com", "name": "Swarm for Android"}, "prefix": "https://igx.4sqi.net/img/general/", "venue": {"like": false, "allowMenuUrlEdit": true, "location": {"crossStreet": "Verlengde Wassenaarseweg", "labeledLatLngs": [{"lng": 4.453089628349067, "label": "display", "lat": 52.17034076251718}], "state": "Zuid-Holland", "lat": 52.17034076251718, "postalCode": "2342 BH", "city": "Oegstgeest", "formattedAddress": ["Willem Einthovenstraat 1 (Verlengde Wassenaarseweg)", "2342 BH Oegstgeest", "Nederland"], "lng": 4.453089628349067, "address": "Willem Einthovenstraat 1", "country": "Nederland", "cc": "NL"}, "storeId": "", "id": "4b8526b5f964a520494e31e3", "beenHere": {"lastCheckinExpiredAt": 0}, "stats": {"checkinsCount": 3656, "tipCount": 22, "usersCount": 2336}, "url": "http://www.corpusexperience.nl", "categories": [{"id": "4bf58dd8d48988d191941735", "primary": true, "icon": {"prefix": "https://ss3.4sqi.net/img/categories_v2/arts_entertainment/museum_science_", "suffix": ".png"}, "pluralName": "Science Museums", "shortName": "Science Museum", "name": "Science Museum"}], "venuePage": {"id": "33688307"}, "verified": true, "contact": {"twitter": "corpus", "formattedPhone": "+31 71 751 0200", "phone": "+31717510200"}, "name": "CORPUS"}, "width": 960, "suffix": "/1030855_sVB7iTDGybQwitWKoNGCGLLqkHvT8oNEpWosI8HaHmo.jpg"}, {"id": "549ff969498e149e4b81b005", "createdAt": 1419770217, "height": 540, "visibility": "public", "source": {"url": "https://www.swarmapp.com", "name": "Swarm for Android"}, "prefix": "https://igx.4sqi.net/img/general/", "venue": {"id": "4b5c2d5ef964a5208e2629e3", "like": false, "stats": {"checkinsCount": 4987, "tipCount": 128, "usersCount": 2929}, "url": "http://www.simonisvis.nl", "beenHere": {"lastCheckinExpiredAt": 0}, "categories": [{"id": "4bf58dd8d48988d1ce941735", "primary": true, "icon": {"prefix": "https://ss3.4sqi.net/img/categories_v2/food/seafood_", "suffix": ".png"}, "pluralName": "Seafood Restaurants", "shortName": "Seafood", "name": "Seafood Restaurant"}], "verified": false, "allowMenuUrlEdit": true, "location": {"address": "Visafslagweg 20", "state": "Zuid-Holland", "lat": 52.100704, "postalCode": "2583 DM", "city": "Den Haag", "formattedAddress": ["Visafslagweg 20", "2583 DM Den Haag", "Nederland"], "lng": 4.26421926, "labeledLatLngs": [{"lng": 4.26421926, "label": "display", "lat": 52.100704}], "country": "Nederland", "cc": "NL"}, "contact": {"facebookUsername": "simonis.vis", "facebook": "432796846770338", "facebookName": "Simonis Den Haag Scheveningen", "formattedPhone": "+31 70 350 0042", "phone": "+31703500042"}, "name": "Simonis aan de Haven"}, "width": 960, "suffix": "/1030855_3JCec0T0E6qkh_0aHyA9aNv33-OmbNtaagL8q_pe_2U.jpg"}, {"id": "5496db1e498e00e485156c6b", "createdAt": 1419172638, "height": 540, "visibility": "public", "source": {"url": "https://www.swarmapp.com", "name": "Swarm for Android"}, "prefix": "https://igx.4sqi.net/img/general/", "venue": {"id": "4b76add7f964a52000582ee3", "like": false, "stats": {"checkinsCount": 2103, "tipCount": 8, "usersCount": 720}, "url": "http://www.ijsbaanhaarlem.nl", "beenHere": {"lastCheckinExpiredAt": 0}, "categories": [{"id": "4bf58dd8d48988d168941735", "primary": true, "icon": {"prefix": "https://ss3.4sqi.net/img/categories_v2/parks_outdoors/skatingrink_", "suffix": ".png"}, "pluralName": "Skating Rinks", "shortName": "Skating Rink", "name": "Skating Rink"}], "verified": false, "allowMenuUrlEdit": true, "location": {"address": "IJsbaanlaan 2", "state": "Noord-Holland", "lat": 52.39905977664735, "postalCode": "2024 AV", "city": "Haarlem", "formattedAddress": ["IJsbaanlaan 2", "2024 AV Haarlem", "Nederland"], "lng": 4.62681719600529, "labeledLatLngs": [{"lng": 4.62681719600529, "label": "display", "lat": 52.39905977664735}], "country": "Nederland", "cc": "NL"}, "contact": {"twitter": "ijsbaanhaarlem", "formattedPhone": "+31 23 525 4000", "phone": "+31235254000"}, "name": "Kunstijsbaan Haarlem"}, "width": 960, "suffix": "/1030855_j85nGaRPIdkPEj9jvZQaVQRRLHeU_yiFSDheYYeJ2GY.jpg"}, {"id": "547dfe69498eb0b9ecf4fa75", "createdAt": 1417543273, "height": 1440, "visibility": "public", "source": {"url": "https://www.swarmapp.com", "name": "Swarm for Android"}, "prefix": "https://igx.4sqi.net/img/general/", "venue": {"id": "4d03656937036dcb5cb009fb", "like": false, "stats": {"checkinsCount": 566, "tipCount": 12, "usersCount": 243}, "beenHere": {"lastCheckinExpiredAt": 0}, "categories": [{"id": "4bf58dd8d48988d116941735", "primary": true, "icon": {"prefix": "https://ss3.4sqi.net/img/categories_v2/nightlife/pub_", "suffix": ".png"}, "pluralName": "Bars", "shortName": "Bar", "name": "Bar"}], "verified": false, "allowMenuUrlEdit": true, "location": {"crossStreet": "Cor van de Meerstraat", "labeledLatLngs": [{"lng": 4.688678736981838, "label": "display", "lat": 52.30216678339321}], "state": "Noord-Holland", "lat": 52.30216678339321, "city": "Hoofddorp", "formattedAddress": ["Hoofdweg Oostzijde (Cor van de Meerstraat)", "Hoofddorp", "Nederland"], "lng": 4.688678736981838, "address": "Hoofdweg Oostzijde", "country": "Nederland", "cc": "NL"}, "contact": {}, "name": "Hoofdvaartkerk"}, "width": 810, "suffix": "/1030855_6Z5AERFT9UoQCAS2OGeFAF4i8dPwEtyQDJySUl5sqXQ.jpg"}, {"id": "547ad61f498ec10089c12ec4", "createdAt": 1417336351, "height": 1440, "visibility": "public", "source": {"url": "https://www.swarmapp.com", "name": "Swarm for Android"}, "prefix": "https://igx.4sqi.net/img/general/", "venue": {"id": "4b6ec6a9f964a52010ca2ce3", "like": false, "stats": {"checkinsCount": 1254, "tipCount": 4, "usersCount": 297}, "url": "http://www.hgcgolf.nl", "beenHere": {"lastCheckinExpiredAt": 0}, "categories": [{"id": "4bf58dd8d48988d1e6941735", "primary": true, "icon": {"prefix": "https://ss3.4sqi.net/img/categories_v2/parks_outdoors/golfcourse_", "suffix": ".png"}, "pluralName": "Golf Courses", "shortName": "Golf Course", "name": "Golf Course"}], "verified": false, "allowMenuUrlEdit": true, "location": {"address": "Spieringweg 745", "state": "Noord-Holland", "lat": 52.3379698736535, "postalCode": "2142 ET", "city": "Cruquius", "formattedAddress": ["Spieringweg 745", "2142 ET Cruquius", "Nederland"], "lng": 4.657626006056135, "labeledLatLngs": [{"lng": 4.657626006056135, "label": "display", "lat": 52.3379698736535}], "country": "Nederland", "cc": "NL"}, "contact": {"twitter": "hgcgolf", "facebook": "604216302927686", "facebookName": "Haarlemmermeersche Golfclub", "formattedPhone": "+31 23 558 9000", "phone": "+31235589000"}, "name": "Haarlemmermeersche Golfclub"}, "width": 810, "suffix": "/1030855_RMTW5WLUGQi56MH9SJsx6-hIzST0V76-xM4lefomqwI.jpg"}, {"id": "543a8d0b498ea2e0fa4e23ca", "createdAt": 1413123339, "height": 540, "visibility": "public", "source": {"url": "https://www.swarmapp.com", "name": "Swarm for Android"}, "prefix": "https://igx.4sqi.net/img/general/", "venue": {"id": "4b6ec6a9f964a52010ca2ce3", "like": false, "stats": {"checkinsCount": 1254, "tipCount": 4, "usersCount": 297}, "url": "http://www.hgcgolf.nl", "beenHere": {"lastCheckinExpiredAt": 0}, "categories": [{"id": "4bf58dd8d48988d1e6941735", "primary": true, "icon": {"prefix": "https://ss3.4sqi.net/img/categories_v2/parks_outdoors/golfcourse_", "suffix": ".png"}, "pluralName": "Golf Courses", "shortName": "Golf Course", "name": "Golf Course"}], "verified": false, "allowMenuUrlEdit": true, "location": {"address": "Spieringweg 745", "state": "Noord-Holland", "lat": 52.3379698736535, "postalCode": "2142 ET", "city": "Cruquius", "formattedAddress": ["Spieringweg 745", "2142 ET Cruquius", "Nederland"], "lng": 4.657626006056135, "labeledLatLngs": [{"lng": 4.657626006056135, "label": "display", "lat": 52.3379698736535}], "country": "Nederland", "cc": "NL"}, "contact": {"twitter": "hgcgolf", "facebook": "604216302927686", "facebookName": "Haarlemmermeersche Golfclub", "formattedPhone": "+31 23 558 9000", "phone": "+31235589000"}, "name": "Haarlemmermeersche Golfclub"}, "width": 960, "suffix": "/1030855_FjuQtTli3MfZh7yJoYmZp_TRtCUrpxseB3-UL9uuRYA.jpg"}, {"id": "53d27c09498e3850c17cbffc", "createdAt": 1406303241, "height": 540, "visibility": "public", "source": {"url": "https://www.swarmapp.com", "name": "Swarm for Android"}, "prefix": "https://igx.4sqi.net/img/general/", "venue": {"id": "5204ad81498e848b1b2d2a1c", "like": false, "stats": {"checkinsCount": 62, "tipCount": 0, "usersCount": 39}, "beenHere": {"lastCheckinExpiredAt": 0}, "categories": [{"id": "50aaa49e4b90af0d42d5de11", "primary": true, "icon": {"prefix": "https://ss3.4sqi.net/img/categories_v2/parks_outdoors/beach_", "suffix": ".png"}, "pluralName": "Castles", "shortName": "Castle", "name": "Castle"}], "verified": false, "location": {"lat": 50.35887803522306, "formattedAddress": ["Belgi\u00eb"], "country": "Belgi\u00eb", "labeledLatLngs": [{"lng": 5.802657310817322, "label": "display", "lat": 50.35887803522306}], "cc": "BE", "lng": 5.802657310817322}, "contact": {}, "name": "Chateau Godin"}, "width": 960, "suffix": "/1030855_20d6-uRo7jrRSzxVthQPrrYJ4o3LOCexjztUfTMAOYg.jpg"}, {"id": "53c14638498e912589aef4ee", "createdAt": 1405175352, "height": 540, "visibility": "public", "source": {"url": "https://www.swarmapp.com", "name": "Swarm for Android"}, "prefix": "https://igx.4sqi.net/img/general/", "venue": {"id": "4a7c684ff964a52086ec1fe3", "like": false, "stats": {"checkinsCount": 1913, "tipCount": 21, "usersCount": 857}, "url": "http://www.vooges.nl", "beenHere": {"lastCheckinExpiredAt": 0}, "categories": [{"id": "4bf58dd8d48988d1ce941735", "primary": true, "icon": {"prefix": "https://ss3.4sqi.net/img/categories_v2/food/seafood_", "suffix": ".png"}, "pluralName": "Seafood Restaurants", "shortName": "Seafood", "name": "Seafood Restaurant"}], "verified": false, "allowMenuUrlEdit": true, "location": {"address": "Boulevard Paulus Loot 1a", "state": "Noord-Holland", "lat": 52.3640110606305, "postalCode": "2042 AD", "city": "Zandvoort", "formattedAddress": ["Boulevard Paulus Loot 1a", "2042 AD Zandvoort", "Nederland"], "lng": 4.5185094340166865, "labeledLatLngs": [{"lng": 4.5185094340166865, "label": "display", "lat": 52.3640110606305}], "country": "Nederland", "cc": "NL"}, "contact": {"formattedPhone": "+31 23 571 6959", "phone": "+31235716959"}, "name": "Vooges"}, "width": 960, "suffix": "/1030855_-txunlN2mvX7BWFjcgDZWTX-eoM06akcy8BLPgyDKBM.jpg"}, {"id": "53973cf7498e9fc47a78028f", "createdAt": 1402420471, "height": 540, "visibility": "public", "source": {"url": "https://foursquare.com/download/#/android", "name": "Foursquare for Android"}, "prefix": "https://igx.4sqi.net/img/general/", "venue": {"id": "4c7b9b6d794e224b50a96b28", "like": false, "stats": {"checkinsCount": 13, "tipCount": 0, "usersCount": 12}, "beenHere": {"lastCheckinExpiredAt": 0}, "categories": [{"id": "4bf58dd8d48988d12d951735", "primary": true, "icon": {"prefix": "https://ss3.4sqi.net/img/categories_v2/travel/boat_", "suffix": ".png"}, "pluralName": "Boats or Ferries", "shortName": "Boat / Ferry", "name": "Boat or Ferry"}], "verified": false, "allowMenuUrlEdit": true, "location": {"lat": 52.08938476, "formattedAddress": ["Nederland"], "country": "Nederland", "labeledLatLngs": [{"lng": 5.120967, "label": "display", "lat": 52.08938476}], "cc": "NL", "lng": 5.120967}, "contact": {}, "venueRatingBlacklisted": true, "name": "Domstad Boot"}, "width": 960, "suffix": "/1030855_Mvf50kvaeHSffKhLPfF6AXl59fGf8CITP0EsR8QL8FA.jpg"}, {"id": "53916490498e1618fc052e96", "createdAt": 1402037392, "height": 540, "visibility": "public", "source": {"url": "https://foursquare.com/download/#/android", "name": "Foursquare for Android"}, "prefix": "https://igx.4sqi.net/img/general/", "venue": {"id": "4b61eb88f964a520502b2ae3", "like": false, "stats": {"checkinsCount": 1321, "tipCount": 6, "usersCount": 444}, "beenHere": {"lastCheckinExpiredAt": 0}, "categories": [{"id": "4bf58dd8d48988d18c941735", "primary": true, "icon": {"prefix": "https://ss3.4sqi.net/img/categories_v2/arts_entertainment/stadium_baseball_", "suffix": ".png"}, "pluralName": "Baseball Stadiums", "shortName": "Baseball", "name": "Baseball Stadium"}], "verified": false, "location": {"address": "Jaap Edenlaan 3", "state": "Noord-Holland", "lat": 52.40782663292338, "postalCode": "2024 BW", "city": "Haarlem", "formattedAddress": ["Jaap Edenlaan 3", "2024 BW Haarlem", "Nederland"], "lng": 4.630689887990729, "labeledLatLngs": [{"lng": 4.630689887990729, "label": "display", "lat": 52.40782663292338}], "country": "Nederland", "cc": "NL"}, "contact": {"formattedPhone": "+31 23 526 6677", "phone": "+31235266677"}, "name": "Pim Mulier Baseball Stadium"}, "width": 960, "suffix": "/1030855_rde5-gKw-JBlPs6JM5Zoyk_X1-S8bexg43cqCn3f27s.jpg"}, {"id": "5389c0a9498e99f053850208", "createdAt": 1401536681, "height": 540, "visibility": "public", "source": {"url": "https://foursquare.com/download/#/android", "name": "Foursquare for Android"}, "prefix": "https://igx.4sqi.net/img/general/", "venue": {"id": "4bd2e3a6046076b08eb97471", "like": false, "stats": {"checkinsCount": 2514, "tipCount": 11, "usersCount": 838}, "beenHere": {"lastCheckinExpiredAt": 0}, "categories": [{"id": "4bf58dd8d48988d163941735", "primary": true, "icon": {"prefix": "https://ss3.4sqi.net/img/categories_v2/parks_outdoors/park_", "suffix": ".png"}, "pluralName": "Parks", "shortName": "Park", "name": "Park"}], "verified": false, "location": {"crossStreet": "Paviljoenslaan", "labeledLatLngs": [{"lng": 4.6301804206536685, "label": "display", "lat": 52.37080661322029}], "state": "Noord-Holland", "lat": 52.37080661322029, "city": "Haarlem", "formattedAddress": ["Dreef (Paviljoenslaan)", "Haarlem", "Nederland"], "lng": 4.6301804206536685, "address": "Dreef", "country": "Nederland", "cc": "NL"}, "contact": {}, "name": "Haarlemmer Hout"}, "width": 960, "suffix": "/1030855_JFD2-3NewuEHny6s7BTXOEVR4SFHpqx9LfJKtGjA3qY.jpg"}, {"id": "5388bec9498e5e121d0e6d28", "createdAt": 1401470665, "height": 540, "visibility": "public", "source": {"url": "https://foursquare.com/download/#/android", "name": "Foursquare for Android"}, "prefix": "https://igx.4sqi.net/img/general/", "venue": {"id": "4b6ec6a9f964a52010ca2ce3", "like": false, "stats": {"checkinsCount": 1254, "tipCount": 4, "usersCount": 297}, "url": "http://www.hgcgolf.nl", "beenHere": {"lastCheckinExpiredAt": 0}, "categories": [{"id": "4bf58dd8d48988d1e6941735", "primary": true, "icon": {"prefix": "https://ss3.4sqi.net/img/categories_v2/parks_outdoors/golfcourse_", "suffix": ".png"}, "pluralName": "Golf Courses", "shortName": "Golf Course", "name": "Golf Course"}], "verified": false, "allowMenuUrlEdit": true, "location": {"address": "Spieringweg 745", "state": "Noord-Holland", "lat": 52.3379698736535, "postalCode": "2142 ET", "city": "Cruquius", "formattedAddress": ["Spieringweg 745", "2142 ET Cruquius", "Nederland"], "lng": 4.657626006056135, "labeledLatLngs": [{"lng": 4.657626006056135, "label": "display", "lat": 52.3379698736535}], "country": "Nederland", "cc": "NL"}, "contact": {"twitter": "hgcgolf", "facebook": "604216302927686", "facebookName": "Haarlemmermeersche Golfclub", "formattedPhone": "+31 23 558 9000", "phone": "+31235589000"}, "name": "Haarlemmermeersche Golfclub"}, "width": 960, "suffix": "/1030855_I_YxkUy6Q4v5bCEiLmwveXsU2WloEt5dhcsPlAZYum8.jpg"}, {"id": "537f848811d2f783d366a232", "createdAt": 1400865928, "height": 540, "visibility": "public", "source": {"url": "https://foursquare.com/download/#/android", "name": "Foursquare for Android"}, "prefix": "https://igx.4sqi.net/img/general/", "venue": {"id": "4a7c684ff964a52086ec1fe3", "like": false, "stats": {"checkinsCount": 1913, "tipCount": 21, "usersCount": 857}, "url": "http://www.vooges.nl", "beenHere": {"lastCheckinExpiredAt": 0}, "categories": [{"id": "4bf58dd8d48988d1ce941735", "primary": true, "icon": {"prefix": "https://ss3.4sqi.net/img/categories_v2/food/seafood_", "suffix": ".png"}, "pluralName": "Seafood Restaurants", "shortName": "Seafood", "name": "Seafood Restaurant"}], "verified": false, "allowMenuUrlEdit": true, "location": {"address": "Boulevard Paulus Loot 1a", "state": "Noord-Holland", "lat": 52.3640110606305, "postalCode": "2042 AD", "city": "Zandvoort", "formattedAddress": ["Boulevard Paulus Loot 1a", "2042 AD Zandvoort", "Nederland"], "lng": 4.5185094340166865, "labeledLatLngs": [{"lng": 4.5185094340166865, "label": "display", "lat": 52.3640110606305}], "country": "Nederland", "cc": "NL"}, "contact": {"formattedPhone": "+31 23 571 6959", "phone": "+31235716959"}, "name": "Vooges"}, "width": 960, "suffix": "/1030855_V-7mfmbFLpf5teZqzm9sOjAtmmu2ka8_ibejSbzUIJE.jpg"}, {"id": "5378d14c498e445b371d6bf9", "createdAt": 1400426828, "height": 540, "visibility": "public", "source": {"url": "https://foursquare.com/download/#/android", "name": "Foursquare for Android"}, "prefix": "https://igx.4sqi.net/img/general/", "venue": {"id": "4a745635f964a520e1dd1fe3", "like": false, "stats": {"checkinsCount": 3034, "tipCount": 10, "usersCount": 909}, "url": "http://www.golfbaanspaarnwoude.nl", "beenHere": {"lastCheckinExpiredAt": 0}, "categories": [{"id": "4bf58dd8d48988d1e6941735", "primary": true, "icon": {"prefix": "https://ss3.4sqi.net/img/categories_v2/parks_outdoors/golfcourse_", "suffix": ".png"}, "pluralName": "Golf Courses", "shortName": "Golf Course", "name": "Golf Course"}], "verified": false, "allowMenuUrlEdit": true, "location": {"address": "Het Hoge Land 2", "state": "Noord-Holland", "lat": 52.43079202254446, "postalCode": "1981 LT", "city": "Velsen", "formattedAddress": ["Het Hoge Land 2", "1981 LT Velsen", "Nederland"], "lng": 4.699027139964948, "labeledLatLngs": [{"lng": 4.699027139964948, "label": "display", "lat": 52.43079202254446}], "country": "Nederland", "cc": "NL"}, "contact": {"formattedPhone": "+31 23 538 5599", "phone": "+31235385599"}, "name": "Golfclub Spaarnwoude"}, "width": 960, "suffix": "/1030855_xfsuZMuyTw8rtmVa-cYMoM4up3PU9QJYcEwyImvjTVQ.jpg"}, {"id": "5372d672498e6f504d4e1a26", "createdAt": 1400034930, "height": 540, "visibility": "public", "source": {"url": "https://foursquare.com/download/#/android", "name": "Foursquare for Android"}, "prefix": "https://igx.4sqi.net/img/general/", "venue": {"like": false, "menu": {"anchor": "View Menu", "url": "https://foursquare.com/v/mangos-tropical-cafe/4af6f0bef964a5203e0422e3/menu", "label": "Menu", "type": "Menu", "mobileUrl": "https://foursquare.com/v/4af6f0bef964a5203e0422e3/device_menu"}, "allowMenuUrlEdit": true, "location": {"crossStreet": "at 9th St", "labeledLatLngs": [{"lng": -80.13095388544671, "label": "display", "lat": 25.77936284343032}], "state": "FL", "lat": 25.77936284343032, "postalCode": "33139", "city": "Miami Beach", "formattedAddress": ["900 Ocean Dr (at 9th St)", "Miami Beach, FL 33139", "United States"], "lng": -80.13095388544671, "address": "900 Ocean Dr", "country": "United States", "cc": "US"}, "name": "Mango's Tropical Cafe", "id": "4af6f0bef964a5203e0422e3", "beenHere": {"lastCheckinExpiredAt": 0}, "stats": {"checkinsCount": 21829, "tipCount": 276, "usersCount": 17659}, "url": "http://www.mangostropicalcafe.com", "categories": [{"id": "4bf58dd8d48988d11f941735", "primary": true, "icon": {"prefix": "https://ss3.4sqi.net/img/categories_v2/nightlife/nightclub_", "suffix": ".png"}, "pluralName": "Nightclubs", "shortName": "Nightclub", "name": "Nightclub"}], "venuePage": {"id": "120465528"}, "verified": true, "hasMenu": true, "contact": {"twitter": "mangostropcafe", "formattedPhone": "+1 305-673-4422", "phone": "+13056734422"}}, "width": 960, "suffix": "/1030855_CpZN44P2Sl03xw9EGSa0KEQytdzxMWHWll5OjNiN9UY.jpg"}, {"id": "5372b96e498e89eb1b3e4fa3", "createdAt": 1400027502, "height": 540, "visibility": "public", "source": {"url": "https://foursquare.com/download/#/android", "name": "Foursquare for Android"}, "prefix": "https://igx.4sqi.net/img/general/", "venue": {"like": false, "allowMenuUrlEdit": true, "location": {"state": "FL", "lat": 25.780126, "city": "Miami Beach", "formattedAddress": ["Miami Beach, FL", "United States"], "lng": -80.130825, "labeledLatLngs": [{"lng": -80.130825, "label": "display", "lat": 25.780126}], "country": "United States", "cc": "US"}, "name": "Ocean's 10", "id": "5157b5d1e4b0dc047467fbcc", "beenHere": {"lastCheckinExpiredAt": 0}, "stats": {"checkinsCount": 176, "tipCount": 3, "usersCount": 169}, "menu": {"anchor": "View Menu", "url": "https://foursquare.com/v/oceans-10/5157b5d1e4b0dc047467fbcc/menu", "label": "Menu", "type": "Menu", "mobileUrl": "https://foursquare.com/v/5157b5d1e4b0dc047467fbcc/device_menu"}, "categories": [{"id": "4bf58dd8d48988d1ce941735", "primary": true, "icon": {"prefix": "https://ss3.4sqi.net/img/categories_v2/food/seafood_", "suffix": ".png"}, "pluralName": "Seafood Restaurants", "shortName": "Seafood", "name": "Seafood Restaurant"}], "verified": false, "hasMenu": true, "contact": {}}, "width": 960, "suffix": "/1030855_WTbn4N-fQhxVHyg2p-3QAIQffUV0v_y6lO-KnsaV9tM.jpg"}, {"id": "53562edb498ea3dc073af28a", "createdAt": 1398157019, "height": 960, "visibility": "public", "source": {"url": "https://foursquare.com/download/#/android", "name": "Foursquare for Android"}, "prefix": "https://igx.4sqi.net/img/general/", "venue": {"id": "4bc089d7f8219c74d3acb110", "like": false, "stats": {"checkinsCount": 3629, "tipCount": 11, "usersCount": 2979}, "url": "http://www.efteling.com", "beenHere": {"lastCheckinExpiredAt": 0}, "categories": [{"id": "5109983191d435c0d71c2bb1", "primary": true, "icon": {"prefix": "https://ss3.4sqi.net/img/categories_v2/arts_entertainment/themepark_", "suffix": ".png"}, "pluralName": "Theme Park Rides/Attractions", "shortName": "Theme Park", "name": "Theme Park Ride / Attraction"}], "verified": true, "location": {"crossStreet": "Efteling", "labeledLatLngs": [{"lng": 5.048933885918814, "label": "display", "lat": 51.64717154184207}], "state": "Noord-Brabant", "lat": 51.64717154184207, "postalCode": "5171 KW", "city": "Kaatsheuvel", "formattedAddress": ["Anderrijk (Efteling)", "5171 KW Kaatsheuvel", "Nederland"], "lng": 5.048933885918814, "address": "Anderrijk", "country": "Nederland", "cc": "NL"}, "contact": {"facebook": "28215638853", "facebookName": "Efteling", "formattedPhone": "+31 416 537 777", "phone": "+31416537777", "facebookUsername": "Efteling", "twitter": "efteling"}, "storeId": "", "name": "Pira\u00f1a"}, "width": 540, "suffix": "/1030855_fRyAN77D8wjWXJpjq8XItTpsDBj5UPeywrBO-bKLOi8.jpg"}, {"id": "534a975711d225d6db203c64", "createdAt": 1397397335, "height": 540, "visibility": "public", "source": {"url": "https://foursquare.com/download/#/android", "name": "Foursquare for Android"}, "prefix": "https://igx.4sqi.net/img/general/", "venue": {"id": "4d0e084c7d28721ed929fc20", "like": false, "stats": {"checkinsCount": 29, "tipCount": 1, "usersCount": 3}, "beenHere": {"lastCheckinExpiredAt": 0}, "categories": [{"id": "4bf58dd8d48988d103941735", "primary": true, "icon": {"prefix": "https://ss3.4sqi.net/img/categories_v2/building/home_", "suffix": ".png"}, "pluralName": "Homes (private)", "shortName": "Home", "name": "Home (private)"}], "verified": false, "location": {"lat": 52.106843286787424, "formattedAddress": ["Nederland"], "country": "Nederland", "cc": "NL", "isFuzzed": true, "lng": 5.11921005363717}, "contact": {}, "venueRatingBlacklisted": true, "name": "Maison Molskaja"}, "width": 960, "suffix": "/1030855_QJeWOLCQVCO6Sp6MFveDLebBrOZKcHsT0SfqRbF70SY.jpg"}, {"id": "5348ed05498ed98253c2739f", "createdAt": 1397288197, "height": 540, "visibility": "public", "source": {"url": "https://foursquare.com/download/#/android", "name": "Foursquare for Android"}, "prefix": "https://igx.4sqi.net/img/general/", "venue": {"id": "4cb1894275ebb60cd5f5cdad", "like": false, "stats": {"checkinsCount": 1401, "tipCount": 5, "usersCount": 219}, "url": "http://www.hchaarlem.nl", "beenHere": {"lastCheckinExpiredAt": 0}, "categories": [{"id": "4f452cd44b9081a197eba860", "primary": true, "icon": {"prefix": "https://ss3.4sqi.net/img/categories_v2/arts_entertainment/stadium_hockey_", "suffix": ".png"}, "pluralName": "Hockey Fields", "shortName": "Hockey Field", "name": "Hockey Field"}], "verified": false, "location": {"address": "Vergierdeweg 265b", "state": "Noord-Holland", "lat": 52.42182528020666, "postalCode": "2026BJ", "city": "Haarlem", "formattedAddress": ["Vergierdeweg 265b", "2026BJ Haarlem", "Nederland"], "lng": 4.655906409990874, "labeledLatLngs": [{"lng": 4.655906409990874, "label": "display", "lat": 52.42182528020666}], "country": "Nederland", "cc": "NL"}, "contact": {"formattedPhone": "+31 23 537 5473", "phone": "+31235375473"}, "name": "Haarlem Hockeyclub"}, "width": 960, "suffix": "/1030855_x2EtFVKuNGJV5ZWQQLhHMHGsDXhRwtvlozNhRNBEH7g.jpg"}, {"id": "531ef949498e37ecdad7aa42", "createdAt": 1394538825, "height": 540, "visibility": "public", "source": {"url": "https://foursquare.com/download/#/android", "name": "Foursquare for Android"}, "prefix": "https://igx.4sqi.net/img/general/", "venue": {"like": false, "allowMenuUrlEdit": true, "location": {"address": "Pirzbichl 21", "state": "Salzburg", "lat": 47.40973261760175, "postalCode": "5771", "city": "Leogang", "formattedAddress": ["Pirzbichl 21", "5771 Leogang", "\u00d6sterreich"], "lng": 12.713784534684468, "labeledLatLngs": [{"lng": 12.713784534684468, "label": "display", "lat": 47.40973261760175}], "country": "\u00d6sterreich", "cc": "AT"}, "storeId": "", "id": "4ee1e5c5f9ab478e58e62fc4", "beenHere": {"lastCheckinExpiredAt": 0}, "stats": {"checkinsCount": 654, "tipCount": 7, "usersCount": 485}, "url": "http://www.krallerhof.com", "categories": [{"id": "50327c8591d4c4b30a586d5d", "primary": true, "icon": {"prefix": "https://ss3.4sqi.net/img/categories_v2/food/brewery_", "suffix": ".png"}, "pluralName": "Breweries", "shortName": "Brewery", "name": "Brewery"}], "verified": true, "contact": {"facebook": "413701250556", "facebookName": "Krallerhof", "formattedPhone": "+43 6583 8246400", "phone": "+4365838246400", "facebookUsername": "krallerhof", "twitter": "krallerhof"}, "name": "AsitzBr\u00e4u"}, "width": 960, "suffix": "/1030855_231e3OLRNDFALxSAWghhnaU1R03Z3nuNziYTHGyyvzM.jpg"}, {"id": "52b34397498e25345060e428", "createdAt": 1387479959, "height": 960, "visibility": "public", "source": {"url": "https://foursquare.com/download/#/android", "name": "Foursquare for Android"}, "prefix": "https://igx.4sqi.net/img/general/", "venue": {"id": "4db4047d81543d71da3cca6e", "like": false, "stats": {"checkinsCount": 78, "tipCount": 1, "usersCount": 59}, "beenHere": {"lastCheckinExpiredAt": 0}, "categories": [{"id": "4bf58dd8d48988d1e0931735", "primary": true, "icon": {"prefix": "https://ss3.4sqi.net/img/categories_v2/food/coffeeshop_", "suffix": ".png"}, "pluralName": "Coffee Shops", "shortName": "Coffee Shop", "name": "Coffee Shop"}], "verified": false, "allowMenuUrlEdit": true, "location": {"address": "Oud-Loosdrechtsedijk 272", "state": "Noord-Holland", "lat": 52.207072499999995, "postalCode": "1231", "city": "Oud-Over", "formattedAddress": ["Oud-Loosdrechtsedijk 272", "1231 Oud-Over", "Nederland"], "lng": 5.071202, "labeledLatLngs": [{"lng": 5.071202, "label": "display", "lat": 52.207072499999995}], "country": "Nederland", "cc": "NL"}, "contact": {}, "name": "Brasserie Daemes"}, "width": 540, "suffix": "/1030855_ppAQLkPboi2kLBEhu7RGLU-mC3ze5EfOzNU6F4u0LF0.jpg"}, {"id": "52910512498eb23b241a1419", "createdAt": 1385235730, "height": 540, "visibility": "public", "source": {"url": "https://foursquare.com/download/#/android", "name": "Foursquare for Android"}, "prefix": "https://igx.4sqi.net/img/general/", "venue": {"id": "4bdc514fc79cc92888f885e9", "like": false, "stats": {"checkinsCount": 167, "tipCount": 1, "usersCount": 4}, "beenHere": {"lastCheckinExpiredAt": 0}, "categories": [{"id": "4bf58dd8d48988d103941735", "primary": true, "icon": {"prefix": "https://ss3.4sqi.net/img/categories_v2/building/home_", "suffix": ".png"}, "pluralName": "Homes (private)", "shortName": "Home", "name": "Home (private)"}], "verified": false, "location": {"state": "Noord-Holland", "lat": 52.371745151797214, "city": "Haarlem", "formattedAddress": ["2012 JD Haarlem", "Nederland"], "isFuzzed": true, "country": "Nederland", "cc": "NL", "lng": 4.6369790645240325}, "contact": {"twitter": "michiel_vd_eijk"}, "venueRatingBlacklisted": true, "name": "Huize van der Eijk"}, "width": 960, "suffix": "/1030855_Nq7kLdHSdet_N2R1HKlVnCyf7HHKlRQxkAR5wopN7hs.jpg"}, {"id": "527df07f498e9c228f90a965", "createdAt": 1383985279, "height": 540, "visibility": "public", "source": {"url": "https://foursquare.com/download/#/android", "name": "Foursquare for Android"}, "prefix": "https://igx.4sqi.net/img/general/", "venue": {"id": "4d7b241ef260a093787f22ba", "like": false, "stats": {"checkinsCount": 403, "tipCount": 1, "usersCount": 71}, "beenHere": {"lastCheckinExpiredAt": 0}, "categories": [{"id": "4bf58dd8d48988d15f941735", "primary": true, "icon": {"prefix": "https://ss3.4sqi.net/img/categories_v2/parks_outdoors/field_", "suffix": ".png"}, "pluralName": "Fields", "shortName": "Field", "name": "Field"}], "verified": false, "location": {"lat": 52.36911177635193, "formattedAddress": ["Nederland"], "country": "Nederland", "labeledLatLngs": [{"lng": 4.666424, "label": "display", "lat": 52.36911177635193}], "cc": "NL", "lng": 4.666424}, "contact": {}, "venueRatingBlacklisted": true, "name": "HMHC Saxenburg"}, "width": 960, "suffix": "/1030855_12QWbhRfhKMe2sdKT1ueXM8tsJS6Mj_lOBFpRz853qU.jpg"}, {"id": "5251908111d27626989c7125", "createdAt": 1381077121, "height": 540, "visibility": "public", "source": {"url": "https://foursquare.com/download/#/android", "name": "Foursquare for Android"}, "prefix": "https://igx.4sqi.net/img/general/", "venue": {"id": "4bdc514fc79cc92888f885e9", "like": false, "stats": {"checkinsCount": 167, "tipCount": 1, "usersCount": 4}, "beenHere": {"lastCheckinExpiredAt": 0}, "categories": [{"id": "4bf58dd8d48988d103941735", "primary": true, "icon": {"prefix": "https://ss3.4sqi.net/img/categories_v2/building/home_", "suffix": ".png"}, "pluralName": "Homes (private)", "shortName": "Home", "name": "Home (private)"}], "verified": false, "location": {"state": "Noord-Holland", "lat": 52.371745151797214, "city": "Haarlem", "formattedAddress": ["2012 JD Haarlem", "Nederland"], "isFuzzed": true, "country": "Nederland", "cc": "NL", "lng": 4.6369790645240325}, "contact": {"twitter": "michiel_vd_eijk"}, "venueRatingBlacklisted": true, "name": "Huize van der Eijk"}, "width": 960, "suffix": "/1030855_pk4pXB_n8gMuQzqtt10RgmCa96108aVN3GSMIa7ADvI.jpg"}, {"id": "5249195311d2142c86761fd3", "createdAt": 1380522323, "height": 540, "visibility": "public", "source": {"url": "https://foursquare.com/download/#/android", "name": "Foursquare for Android"}, "prefix": "https://igx.4sqi.net/img/general/", "venue": {"id": "4bee9c8c3686c9b658ae246e", "like": false, "stats": {"checkinsCount": 747, "tipCount": 4, "usersCount": 255}, "beenHere": {"lastCheckinExpiredAt": 0}, "categories": [{"id": "4bf58dd8d48988d163941735", "primary": true, "icon": {"prefix": "https://ss3.4sqi.net/img/categories_v2/parks_outdoors/park_", "suffix": ".png"}, "pluralName": "Parks", "shortName": "Park", "name": "Park"}], "verified": false, "location": {"address": "Frederikspark", "state": "Noord-Holland", "lat": 52.373435233758954, "city": "Haarlem", "formattedAddress": ["Frederikspark", "Haarlem", "Nederland"], "lng": 4.632544169201731, "labeledLatLngs": [{"lng": 4.632544169201731, "label": "display", "lat": 52.373435233758954}], "country": "Nederland", "cc": "NL"}, "contact": {}, "name": "Frederikspark"}, "width": 960, "suffix": "/1030855_L1sLtLC2W6DcCgiopneypoIr-Q2q2GlXQQWQEh2M4cE.jpg"}, {"id": "5248247811d27a6e65fd9c04", "createdAt": 1380459640, "height": 540, "visibility": "public", "source": {"url": "https://foursquare.com/download/#/android", "name": "Foursquare for Android"}, "prefix": "https://igx.4sqi.net/img/general/", "venue": {"id": "4cc04e938db3b60cc77a7d78", "like": false, "stats": {"checkinsCount": 44, "tipCount": 0, "usersCount": 34}, "url": "http://www.liedehoeve.nl", "beenHere": {"lastCheckinExpiredAt": 0}, "categories": [{"id": "4bf58dd8d48988d15b941735", "primary": true, "icon": {"prefix": "https://ss3.4sqi.net/img/categories_v2/parks_outdoors/farm_", "suffix": ".png"}, "pluralName": "Farms", "shortName": "Farm", "name": "Farm"}], "verified": false, "location": {"address": "Liedeweg 32", "state": "Noord-Holland", "lat": 52.388406481561475, "postalCode": "2065", "city": "Haarlemmerliede", "formattedAddress": ["Liedeweg 32", "2065 Haarlemmerliede", "Nederland"], "lng": 4.690086, "labeledLatLngs": [{"lng": 4.690086, "label": "display", "lat": 52.388406481561475}], "country": "Nederland", "cc": "NL"}, "contact": {}, "name": "Liedehoeve"}, "width": 960, "suffix": "/1030855_2FUsYOI-E5FPnjBw_7jl2Dk1sB-8uaF0WJ0Wh_bF_Qc.jpg"}, {"id": "5216fca0498ed3b29caf5bbb", "createdAt": 1377238176, "height": 540, "visibility": "public", "source": {"url": "https://foursquare.com/download/#/android", "name": "Foursquare for Android"}, "prefix": "https://igx.4sqi.net/img/general/", "venue": {"id": "4bee9c8c3686c9b658ae246e", "like": false, "stats": {"checkinsCount": 747, "tipCount": 4, "usersCount": 255}, "beenHere": {"lastCheckinExpiredAt": 0}, "categories": [{"id": "4bf58dd8d48988d163941735", "primary": true, "icon": {"prefix": "https://ss3.4sqi.net/img/categories_v2/parks_outdoors/park_", "suffix": ".png"}, "pluralName": "Parks", "shortName": "Park", "name": "Park"}], "verified": false, "location": {"address": "Frederikspark", "state": "Noord-Holland", "lat": 52.373435233758954, "city": "Haarlem", "formattedAddress": ["Frederikspark", "Haarlem", "Nederland"], "lng": 4.632544169201731, "labeledLatLngs": [{"lng": 4.632544169201731, "label": "display", "lat": 52.373435233758954}], "country": "Nederland", "cc": "NL"}, "contact": {}, "name": "Frederikspark"}, "width": 960, "suffix": "/1030855_Cd3u0_kGb0dNn-RHmVnYZWddaSCx00GwOIK6asqaQxI.jpg"}, {"id": "52167ff111d2cb4c492c440a", "createdAt": 1377206257, "height": 540, "visibility": "public", "source": {"url": "https://foursquare.com/download/#/android", "name": "Foursquare for Android"}, "prefix": "https://igx.4sqi.net/img/general/", "venue": {"id": "4c5e211b6147be9a67459409", "like": false, "stats": {"checkinsCount": 524, "tipCount": 3, "usersCount": 463}, "url": "http://torontopearson.com", "beenHere": {"lastCheckinExpiredAt": 0}, "categories": [{"id": "4bf58dd8d48988d1f0931735", "primary": true, "icon": {"prefix": "https://ss3.4sqi.net/img/categories_v2/travel/airport_gate_", "suffix": ".png"}, "pluralName": "Airport Gates", "shortName": "Gate", "name": "Airport Gate"}], "verified": false, "location": {"crossStreet": "Toronto Pearson International Airport (YYZ)", "labeledLatLngs": [{"lng": -79.61998790502548, "label": "display", "lat": 43.682074044389005}], "state": "ON", "lat": 43.682074044389005, "postalCode": "L5P 1B2", "city": "Mississauga", "formattedAddress": ["Terminal 3 (Toronto Pearson International Airport (YYZ))", "Mississauga ON L5P 1B2", "Canada"], "lng": -79.61998790502548, "address": "Terminal 3", "country": "Canada", "cc": "CA"}, "contact": {"facebook": "94131184662", "facebookName": "Toronto Pearson International Airport", "formattedPhone": "+1 416-247-7678", "phone": "+14162477678", "facebookUsername": "torontopearson", "twitter": "torontopearson"}, "venueRatingBlacklisted": true, "name": "Gate C34"}, "width": 960, "suffix": "/1030855_j5teIsFRHvBqxucMazRr0rGtELGoVZeoFnqGYZrdUKk.jpg"}, {"id": "5214d16a11d289181949e3e5", "createdAt": 1377096042, "height": 540, "visibility": "public", "source": {"url": "https://foursquare.com/download/#/android", "name": "Foursquare for Android"}, "prefix": "https://igx.4sqi.net/img/general/", "venue": {"id": "4c2d777a987f20a1e09749aa", "like": false, "stats": {"checkinsCount": 1220, "tipCount": 4, "usersCount": 1061}, "beenHere": {"lastCheckinExpiredAt": 0}, "categories": [{"id": "4bf58dd8d48988d1f0931735", "primary": true, "icon": {"prefix": "https://ss3.4sqi.net/img/categories_v2/travel/airport_gate_", "suffix": ".png"}, "pluralName": "Airport Gates", "shortName": "Gate", "name": "Airport Gate"}], "verified": false, "location": {"crossStreet": "SFO Airport", "labeledLatLngs": [{"lng": -122.39153671164037, "label": "display", "lat": 37.6176554675173}], "state": "CA", "lat": 37.6176554675173, "postalCode": "94128", "city": "San Francisco", "formattedAddress": ["International Terminal (SFO Airport)", "San Francisco, CA 94128", "United States"], "lng": -122.39153671164037, "address": "International Terminal", "country": "United States", "cc": "US"}, "contact": {"formattedPhone": "+1 800-435-9736", "phone": "+18004359736"}, "venueRatingBlacklisted": true, "name": "Gate G93"}, "width": 960, "suffix": "/1030855_N-r518tDNIy0MgKapmNJ1G5mF2RVpzWeoRCBaz8OcM8.jpg"}, {"id": "51e3d3c4498e8fa68f3d845f", "createdAt": 1373885380, "height": 540, "visibility": "public", "source": {"url": "https://foursquare.com/download/#/android", "name": "Foursquare for Android"}, "prefix": "https://igx.4sqi.net/img/general/", "venue": {"id": "4c57d04e7329c92821ba8f80", "like": false, "stats": {"checkinsCount": 177, "tipCount": 0, "usersCount": 112}, "beenHere": {"lastCheckinExpiredAt": 0}, "categories": [{"id": "4bf58dd8d48988d1e6941735", "primary": true, "icon": {"prefix": "https://ss3.4sqi.net/img/categories_v2/parks_outdoors/golfcourse_", "suffix": ".png"}, "pluralName": "Golf Courses", "shortName": "Golf Course", "name": "Golf Course"}], "verified": false, "allowMenuUrlEdit": true, "location": {"state": "Languedoc-Roussillon", "lat": 43.571171118803484, "city": "La Grande-Motte", "formattedAddress": ["La Grande-Motte", "France"], "lng": 4.102681405393649, "labeledLatLngs": [{"lng": 4.102681405393649, "label": "display", "lat": 43.571171118803484}], "country": "France", "cc": "FR"}, "contact": {"formattedPhone": "+33 4 67 56 05 00", "phone": "+33467560500"}, "name": "Golf de La Grande Motte"}, "width": 960, "suffix": "/1030855_O6LVcmXhkondCUhV92ZIgToJqwww2K5NzBUIMgjQBuY.jpg"}, {"id": "51e2f651498e328af22f0a02", "createdAt": 1373828689, "height": 540, "visibility": "public", "source": {"url": "https://foursquare.com/download/#/android", "name": "Foursquare for Android"}, "prefix": "https://igx.4sqi.net/img/general/", "venue": {"id": "4bf7e2545ec320a10fa587d3", "like": false, "stats": {"checkinsCount": 101, "tipCount": 2, "usersCount": 37}, "beenHere": {"lastCheckinExpiredAt": 0}, "categories": [{"id": "4bf58dd8d48988d1f6931735", "primary": true, "icon": {"prefix": "https://ss3.4sqi.net/img/categories_v2/travel/default_", "suffix": ".png"}, "pluralName": "General Travel", "shortName": "Travel", "name": "General Travel"}], "verified": false, "location": {"lat": 43.55379622665994, "formattedAddress": ["France"], "country": "France", "labeledLatLngs": [{"lng": 4.107595565675987, "label": "display", "lat": 43.55379622665994}], "cc": "FR", "lng": 4.107595565675987}, "contact": {}, "venueRatingBlacklisted": true, "name": "Camping Du Boucanet"}, "width": 960, "suffix": "/1030855_Kq0I0YM77B_Zd65D6rCc-1IkagGzmID9m4cMl-hWXAk.jpg"}, {"id": "51e03803498ea4a325e60327", "createdAt": 1373648899, "height": 540, "visibility": "public", "source": {"url": "https://foursquare.com/download/#/android", "name": "Foursquare for Android"}, "prefix": "https://igx.4sqi.net/img/general/", "venue": {"id": "4c596a5c04f9be9a242cef60", "like": false, "stats": {"checkinsCount": 155, "tipCount": 10, "usersCount": 120}, "beenHere": {"lastCheckinExpiredAt": 0}, "categories": [{"id": "4bf58dd8d48988d16d941735", "primary": true, "icon": {"prefix": "https://ss3.4sqi.net/img/categories_v2/food/cafe_", "suffix": ".png"}, "pluralName": "Caf\u00e9s", "shortName": "Caf\u00e9", "name": "Caf\u00e9"}], "verified": false, "allowMenuUrlEdit": true, "location": {"address": "Quai Colbert", "state": "Languedoc-Roussillon", "lat": 43.536507, "postalCode": "30240", "city": "Le Grau-du-Roi", "formattedAddress": ["Quai Colbert", "30240 Le Grau-du-Roi", "France"], "lng": 4.136102, "labeledLatLngs": [{"lng": 4.136102, "label": "display", "lat": 43.536507}], "country": "France", "cc": "FR"}, "contact": {"formattedPhone": "+33 4 66 51 40 01", "phone": "+33466514001"}, "name": "Grand Caf\u00e9 de Paris"}, "width": 960, "suffix": "/1030855_7R7yBBlGIQWozDv-QJPSS2hzLUspJfqT8LAkeEasD-I.jpg"}, {"id": "51bdf87e498e5042c3fd8176", "createdAt": 1371404414, "height": 540, "visibility": "public", "source": {"url": "https://foursquare.com/download/#/android", "name": "Foursquare for Android"}, "prefix": "https://igx.4sqi.net/img/general/", "venue": {"id": "4dc2e6e9d1643ed27a5a4b51", "like": false, "stats": {"checkinsCount": 206, "tipCount": 1, "usersCount": 160}, "url": "http://www.centerparcs.nl", "beenHere": {"lastCheckinExpiredAt": 0}, "categories": [{"id": "4bf58dd8d48988d1cc941735", "primary": true, "icon": {"prefix": "https://ss3.4sqi.net/img/categories_v2/food/steakhouse_", "suffix": ".png"}, "pluralName": "Steakhouses", "shortName": "Steakhouse", "name": "Steakhouse"}], "verified": false, "allowMenuUrlEdit": true, "location": {"crossStreet": "Center Parcs Het Meerdal", "labeledLatLngs": [{"lng": 5.95183, "label": "display", "lat": 51.456538}], "state": "Limburg", "lat": 51.456538, "postalCode": "5966 PL", "city": "America", "formattedAddress": ["Laagheideweg 11 (Center Parcs Het Meerdal)", "5966 PL America", "Nederland"], "lng": 5.95183, "address": "Laagheideweg 11", "country": "Nederland", "cc": "NL"}, "contact": {"facebook": "225705260864834", "facebookName": "Center Parcs Het Meerdal", "formattedPhone": "+31 77 464 7272", "phone": "+31774647272", "facebookUsername": "centerparcshetmeerdal", "twitter": "cphetmeerdal"}, "name": "Fuego Adventure Grill"}, "width": 960, "suffix": "/1030855_wnsBUZJkehv8aQFbTLKTXjmw9Qd19b6OcXrwxBaljig.jpg"}, {"id": "51bc39ee498e8d6f72f037ab", "createdAt": 1371290094, "height": 540, "visibility": "public", "source": {"url": "https://foursquare.com/download/#/android", "name": "Foursquare for Android"}, "prefix": "https://igx.4sqi.net/img/general/", "venue": {"id": "4d2306520901721eb593a7a5", "like": false, "stats": {"checkinsCount": 571, "tipCount": 6, "usersCount": 452}, "url": "http://www.toverland.nl", "beenHere": {"lastCheckinExpiredAt": 0}, "categories": [{"id": "5109983191d435c0d71c2bb1", "primary": true, "icon": {"prefix": "https://ss3.4sqi.net/img/categories_v2/arts_entertainment/themepark_", "suffix": ".png"}, "pluralName": "Theme Park Rides/Attractions", "shortName": "Theme Park", "name": "Theme Park Ride / Attraction"}], "verified": false, "location": {"address": "Toverlaan 2", "state": "Limburg", "lat": 51.39682853563791, "postalCode": "5975MR", "city": "Sevenum", "formattedAddress": ["Toverlaan 2", "5975MR Sevenum", "Nederland"], "lng": 5.983648512287993, "labeledLatLngs": [{"lng": 5.983648512287993, "label": "display", "lat": 51.39682853563791}], "country": "Nederland", "cc": "NL"}, "contact": {"twitter": "toverland"}, "name": "Troy"}, "width": 960, "suffix": "/1030855_deYWafTLXkvslnBvDEbSxGhV7T5JwMheykes0GH3xqA.jpg"}, {"id": "518ba448498ec40b9abb5087", "createdAt": 1368106056, "height": 540, "visibility": "public", "source": {"url": "https://foursquare.com/download/#/android", "name": "Foursquare for Android"}, "prefix": "https://igx.4sqi.net/img/general/", "venue": {"id": "4a7c684ff964a52086ec1fe3", "like": false, "stats": {"checkinsCount": 1913, "tipCount": 21, "usersCount": 857}, "url": "http://www.vooges.nl", "beenHere": {"lastCheckinExpiredAt": 0}, "categories": [{"id": "4bf58dd8d48988d1ce941735", "primary": true, "icon": {"prefix": "https://ss3.4sqi.net/img/categories_v2/food/seafood_", "suffix": ".png"}, "pluralName": "Seafood Restaurants", "shortName": "Seafood", "name": "Seafood Restaurant"}], "verified": false, "allowMenuUrlEdit": true, "location": {"address": "Boulevard Paulus Loot 1a", "state": "Noord-Holland", "lat": 52.3640110606305, "postalCode": "2042 AD", "city": "Zandvoort", "formattedAddress": ["Boulevard Paulus Loot 1a", "2042 AD Zandvoort", "Nederland"], "lng": 4.5185094340166865, "labeledLatLngs": [{"lng": 4.5185094340166865, "label": "display", "lat": 52.3640110606305}], "country": "Nederland", "cc": "NL"}, "contact": {"formattedPhone": "+31 23 571 6959", "phone": "+31235716959"}, "name": "Vooges"}, "width": 960, "suffix": "/1030855_GOjjGAYH9R-N0WBlzg7DKQ5FBu5i1AwOcHJpPVnWhKo.jpg"}, {"id": "51861e69498e8e9319eb45f3", "createdAt": 1367744105, "height": 1434, "visibility": "public", "source": {"url": "https://foursquare.com/download/#/iphone", "name": "Foursquare for iOS"}, "prefix": "https://igx.4sqi.net/img/general/", "venue": {"id": "4bf7a046c07c9c7407aebbef", "like": false, "stats": {"checkinsCount": 414, "tipCount": 0, "usersCount": 90}, "url": "http://www.grevelingenhout.nl", "beenHere": {"lastCheckinExpiredAt": 0}, "categories": [{"id": "4bf58dd8d48988d1e6941735", "primary": true, "icon": {"prefix": "https://ss3.4sqi.net/img/categories_v2/parks_outdoors/golfcourse_", "suffix": ".png"}, "pluralName": "Golf Courses", "shortName": "Golf Course", "name": "Golf Course"}], "verified": false, "allowMenuUrlEdit": true, "location": {"address": "Oudendijk 3", "state": "Zeeland", "lat": 51.667695446636145, "postalCode": "4311 NA", "city": "Bruinisse", "formattedAddress": ["Oudendijk 3", "4311 NA Bruinisse", "Nederland"], "lng": 4.067585139170854, "labeledLatLngs": [{"lng": 4.067585139170854, "label": "display", "lat": 51.667695446636145}], "country": "Nederland", "cc": "NL"}, "contact": {"facebookUsername": "Grevelingenhout", "facebook": "289059761127039", "facebookName": "Golfclub Grevelingenhout", "formattedPhone": "+31 111 482 650", "phone": "+31111482650"}, "name": "Golfclub Grevelingenhout"}, "width": 1918, "suffix": "/1030855_0VlSUDNfKfCxGvL3gAadpmCkjkDneFJgOJwYnrdFgN8.jpg"}, {"id": "51851df7498ea9a771eb32b2", "createdAt": 1367678455, "height": 1434, "visibility": "public", "source": {"url": "https://foursquare.com/download/#/iphone", "name": "Foursquare for iOS"}, "prefix": "https://igx.4sqi.net/img/general/", "venue": {"id": "4d691b5fb6f46dcb53631db2", "like": false, "stats": {"checkinsCount": 1503, "tipCount": 12, "usersCount": 972}, "url": "http://www.centerparcs.nl/portzelande", "beenHere": {"lastCheckinExpiredAt": 0}, "categories": [{"id": "4bf58dd8d48988d193941735", "primary": true, "icon": {"prefix": "https://ss3.4sqi.net/img/categories_v2/arts_entertainment/waterpark_", "suffix": ".png"}, "pluralName": "Water Parks", "shortName": "Water Park", "name": "Water Park"}], "verified": false, "allowMenuUrlEdit": true, "location": {"crossStreet": "Port Z\u00e9lande 2", "labeledLatLngs": [{"lng": 3.860268277228862, "label": "display", "lat": 51.75590642116723}], "state": "Zuid-Holland", "lat": 51.75590642116723, "postalCode": "3253 MG", "city": "Ouddorp", "formattedAddress": ["Center Parcs Port Z\u00e9lande (Port Z\u00e9lande 2)", "3253 MG Ouddorp", "Nederland"], "lng": 3.860268277228862, "address": "Center Parcs Port Z\u00e9lande", "country": "Nederland", "cc": "NL"}, "contact": {"twitter": "centerparcs", "formattedPhone": "+31 111 674 000", "phone": "+31111674000"}, "name": "Aqua Mundo"}, "width": 1918, "suffix": "/1030855_FPrCkCLhrZAfI1W3o7TB6yOoWt4-qffY0SEqkJ3c23c.jpg"}, {"id": "516d62cfe4b0ffff5751e3a9", "createdAt": 1366123215, "height": 1434, "visibility": "public", "source": {"url": "https://foursquare.com/download/#/iphone", "name": "Foursquare for iOS"}, "prefix": "https://igx.4sqi.net/img/general/", "venue": {"id": "4b6039eaf964a520d4da29e3", "like": false, "stats": {"checkinsCount": 11542, "tipCount": 118, "usersCount": 5841}, "url": "http://www.overeasy.com.sg", "beenHere": {"lastCheckinExpiredAt": 0}, "categories": [{"id": "4bf58dd8d48988d116941735", "primary": true, "icon": {"prefix": "https://ss3.4sqi.net/img/categories_v2/nightlife/pub_", "suffix": ".png"}, "pluralName": "Bars", "shortName": "Bar", "name": "Bar"}], "verified": false, "allowMenuUrlEdit": true, "location": {"crossStreet": "1 Fullerton Rd", "labeledLatLngs": [{"lng": 103.85427474975586, "label": "display", "lat": 1.2860434088214237}], "lat": 1.2860434088214237, "postalCode": "049213", "city": "Singapore", "formattedAddress": ["#01-06 One Fullerton (1 Fullerton Rd)", "049213", "Singapore"], "lng": 103.85427474975586, "address": "#01-06 One Fullerton", "country": "Singapore", "cc": "SG"}, "contact": {}, "name": "OverEasy"}, "width": 1918, "suffix": "/1030855_Ol6snSEgFyFKarBPYd7rLlZZ5zc0lBvBNQmUceV-ov4.jpg"}, {"id": "511b28e9e4b03a144c3b9138", "createdAt": 1360734441, "height": 959, "visibility": "public", "source": {"url": "https://foursquare.com/download/#/iphone", "name": "Foursquare for iOS"}, "prefix": "https://igx.4sqi.net/img/general/", "venue": {"id": "4b7ba9edf964a5203e6a2fe3", "like": false, "stats": {"checkinsCount": 1748, "tipCount": 3, "usersCount": 1399}, "beenHere": {"lastCheckinExpiredAt": 0}, "categories": [{"id": "4bf58dd8d48988d1f0931735", "primary": true, "icon": {"prefix": "https://ss3.4sqi.net/img/categories_v2/travel/airport_gate_", "suffix": ".png"}, "pluralName": "Airport Gates", "shortName": "Gate", "name": "Airport Gate"}], "verified": false, "location": {"crossStreet": "AMS Airport", "labeledLatLngs": [{"lng": 4.765862457120162, "label": "display", "lat": 52.3057342024429}], "state": "Noord-Holland", "lat": 52.3057342024429, "city": "Schiphol", "formattedAddress": ["Concourse C (AMS Airport)", "Schiphol", "Nederland"], "lng": 4.765862457120162, "address": "Concourse C", "country": "Nederland", "cc": "NL"}, "contact": {}, "venueRatingBlacklisted": true, "name": "Gate C8"}, "width": 717, "suffix": "/1030855_-WxnPWYt-Ix8_cjnBcnDEGzAcuVbV8P4HcwvnvhDV1I.jpg"}, {"id": "50f645b3e4b03f0d25f9f26f", "createdAt": 1358316979, "height": 717, "visibility": "public", "source": {"url": "https://foursquare.com/download/#/iphone", "name": "Foursquare for iOS"}, "prefix": "https://igx.4sqi.net/img/general/", "venue": {"id": "4fa654c8e4b017e938bb88bb", "like": false, "stats": {"checkinsCount": 225, "tipCount": 0, "usersCount": 33}, "beenHere": {"lastCheckinExpiredAt": 0}, "categories": [{"id": "4bf58dd8d48988d1eb931735", "primary": true, "icon": {"prefix": "https://ss3.4sqi.net/img/categories_v2/travel/airport_gate_", "suffix": ".png"}, "pluralName": "Airport Terminals", "shortName": "Terminal", "name": "Airport Terminal"}], "verified": false, "location": {"lat": 52.32171284055712, "formattedAddress": ["Nederland"], "country": "Nederland", "labeledLatLngs": [{"lng": 4.733540047297728, "label": "display", "lat": 52.32171284055712}], "cc": "NL", "lng": 4.733540047297728}, "contact": {}, "venueRatingBlacklisted": true, "name": "P16 buffer de-ice"}, "width": 959, "suffix": "/1030855_-hZdyoShsrBFpz27xx2mR_mpwadzl2ArZf6Ls0xZ15E.jpg"}, {"id": "50d350b6e4b0d14de885a011", "createdAt": 1356026038, "height": 959, "visibility": "public", "source": {"url": "https://foursquare.com/download/#/iphone", "name": "Foursquare for iOS"}, "prefix": "https://igx.4sqi.net/img/general/", "venue": {"id": "4d80fb5823c3530cff7af683", "like": false, "stats": {"checkinsCount": 1358, "tipCount": 5, "usersCount": 1030}, "url": "http://www.bavo.nl", "beenHere": {"lastCheckinExpiredAt": 0}, "categories": [{"id": "4bf58dd8d48988d132941735", "primary": true, "icon": {"prefix": "https://ss3.4sqi.net/img/categories_v2/building/religious_church_", "suffix": ".png"}, "pluralName": "Churches", "shortName": "Church", "name": "Church"}], "verified": false, "location": {"address": "Grote Markt 22", "state": "Noord-Holland", "lat": 52.38132363349558, "postalCode": "2011 HL", "city": "Haarlem", "formattedAddress": ["Grote Markt 22", "2011 HL Haarlem", "Nederland"], "lng": 4.636918670329498, "labeledLatLngs": [{"lng": 4.636918670329498, "label": "display", "lat": 52.38132363349558}], "country": "Nederland", "cc": "NL"}, "contact": {"formattedPhone": "+31 23 553 2040", "phone": "+31235532040"}, "venueRatingBlacklisted": true, "name": "Grote of St. Bavokerk"}, "width": 717, "suffix": "/1030855_Ryu_0e77OccYRjxSaBjbN-z5hDcVWR9EKKJ5LAKgWHI.jpg"}, {"id": "50a9eaede4b0aeb88c240e1a", "createdAt": 1353313005, "height": 537, "visibility": "public", "source": {"url": "https://foursquare.com/download/#/iphone", "name": "Foursquare for iOS"}, "prefix": "https://igx.4sqi.net/img/general/", "venue": {"id": "4fa0f1dbe4b0c5623dd9da08", "like": false, "stats": {"checkinsCount": 1877, "tipCount": 1, "usersCount": 152}, "beenHere": {"lastCheckinExpiredAt": 0}, "categories": [{"id": "4bf58dd8d48988d124941735", "primary": true, "icon": {"prefix": "https://ss3.4sqi.net/img/categories_v2/building/default_", "suffix": ".png"}, "pluralName": "Offices", "shortName": "Office", "name": "Office"}], "verified": false, "location": {"address": "Piet Guilonardweg 17", "state": "Noord-Holland", "lat": 52.306605403691385, "postalCode": "1117 EE", "city": "Schiphol East", "formattedAddress": ["Piet Guilonardweg 17", "1117 EE Schiphol East", "Nederland"], "lng": 4.807873496185039, "labeledLatLngs": [{"lng": 4.807873496185039, "label": "display", "lat": 52.306605403691385}], "country": "Nederland", "cc": "NL"}, "contact": {}, "venueRatingBlacklisted": true, "name": "Air France KLM Martinair Cargo HQ"}, "width": 720, "suffix": "/1030855_5EHEdnLfleA2GLWTQSYPl2_VyxaANkobsLUk7vV_d2Y.jpg"}, {"id": "507022dbe4b04b4e0c7db611", "createdAt": 1349526235, "height": 537, "visibility": "public", "source": {"url": "https://foursquare.com/download/#/iphone", "name": "Foursquare for iOS"}, "prefix": "https://igx.4sqi.net/img/general/", "venue": {"id": "4bee9c8c3686c9b658ae246e", "like": false, "stats": {"checkinsCount": 747, "tipCount": 4, "usersCount": 255}, "beenHere": {"lastCheckinExpiredAt": 0}, "categories": [{"id": "4bf58dd8d48988d163941735", "primary": true, "icon": {"prefix": "https://ss3.4sqi.net/img/categories_v2/parks_outdoors/park_", "suffix": ".png"}, "pluralName": "Parks", "shortName": "Park", "name": "Park"}], "verified": false, "location": {"address": "Frederikspark", "state": "Noord-Holland", "lat": 52.373435233758954, "city": "Haarlem", "formattedAddress": ["Frederikspark", "Haarlem", "Nederland"], "lng": 4.632544169201731, "labeledLatLngs": [{"lng": 4.632544169201731, "label": "display", "lat": 52.373435233758954}], "country": "Nederland", "cc": "NL"}, "contact": {}, "name": "Frederikspark"}, "width": 720, "suffix": "/1030855_dHlANHfcQ45YK4eDjJw57hmz113gJx9gUp7WEVSb87Y.jpg"}, {"id": "504370b6e4b003e2b40197cd", "createdAt": 1346597046, "height": 537, "visibility": "public", "source": {"url": "https://foursquare.com/download/#/iphone", "name": "Foursquare for iOS"}, "prefix": "https://igx.4sqi.net/img/general/", "venue": {"id": "4bee9c8c3686c9b658ae246e", "like": false, "stats": {"checkinsCount": 747, "tipCount": 4, "usersCount": 255}, "beenHere": {"lastCheckinExpiredAt": 0}, "categories": [{"id": "4bf58dd8d48988d163941735", "primary": true, "icon": {"prefix": "https://ss3.4sqi.net/img/categories_v2/parks_outdoors/park_", "suffix": ".png"}, "pluralName": "Parks", "shortName": "Park", "name": "Park"}], "verified": false, "location": {"address": "Frederikspark", "state": "Noord-Holland", "lat": 52.373435233758954, "city": "Haarlem", "formattedAddress": ["Frederikspark", "Haarlem", "Nederland"], "lng": 4.632544169201731, "labeledLatLngs": [{"lng": 4.632544169201731, "label": "display", "lat": 52.373435233758954}], "country": "Nederland", "cc": "NL"}, "contact": {}, "name": "Frederikspark"}, "width": 720, "suffix": "/RY03Ufta03NiMmABFGsaL9KmbPlUn1Pbc42_pmDK5WY.jpg"}, {"id": "504228b6e4b00a580480f8dd", "createdAt": 1346513078, "height": 537, "visibility": "public", "source": {"url": "https://foursquare.com/download/#/iphone", "name": "Foursquare for iOS"}, "prefix": "https://igx.4sqi.net/img/general/", "venue": {"id": "4bdc514fc79cc92888f885e9", "like": false, "stats": {"checkinsCount": 167, "tipCount": 1, "usersCount": 4}, "beenHere": {"lastCheckinExpiredAt": 0}, "categories": [{"id": "4bf58dd8d48988d103941735", "primary": true, "icon": {"prefix": "https://ss3.4sqi.net/img/categories_v2/building/home_", "suffix": ".png"}, "pluralName": "Homes (private)", "shortName": "Home", "name": "Home (private)"}], "verified": false, "location": {"state": "Noord-Holland", "lat": 52.371745151797214, "city": "Haarlem", "formattedAddress": ["2012 JD Haarlem", "Nederland"], "isFuzzed": true, "country": "Nederland", "cc": "NL", "lng": 4.6369790645240325}, "contact": {"twitter": "michiel_vd_eijk"}, "venueRatingBlacklisted": true, "name": "Huize van der Eijk"}, "width": 720, "suffix": "/TwH63BG1YddoXcD1dDsNantak6TlLuy3BcjG8Kfo7m8.jpg"}, {"id": "5038d035e4b0fd0629957e09", "createdAt": 1345900597, "height": 720, "visibility": "public", "source": {"url": "https://foursquare.com/download/#/iphone", "name": "Foursquare for iOS"}, "prefix": "https://igx.4sqi.net/img/general/", "venue": {"id": "4bae298df964a520f88b3be3", "like": false, "stats": {"checkinsCount": 345, "tipCount": 2, "usersCount": 110}, "beenHere": {"lastCheckinExpiredAt": 0}, "categories": [{"id": "4bf58dd8d48988d113951735", "primary": true, "icon": {"prefix": "https://ss3.4sqi.net/img/categories_v2/shops/gas_", "suffix": ".png"}, "pluralName": "Gas Stations", "shortName": "Gas Station", "name": "Gas Station"}], "verified": true, "allowMenuUrlEdit": true, "location": {"address": "leidse vaart 396a", "state": "Noord-Holland", "lat": 52.369053, "city": "Haarlem", "formattedAddress": ["leidse vaart 396a", "Haarlem", "Nederland"], "lng": 4.61607, "labeledLatLngs": [{"lng": 4.61607, "label": "display", "lat": 52.369053}], "country": "Nederland", "cc": "NL"}, "contact": {"formattedPhone": "+31 23 524 4794", "phone": "+31235244794"}, "name": "Shell"}, "width": 537, "suffix": "/DBwig0jOeEjy6gqkHWf2Le6dqWpx-ZPFI8FU-WEpAAM.jpg"}, {"id": "5038cda3e4b06e698fb7536a", "createdAt": 1345899939, "height": 537, "visibility": "public", "source": {"url": "https://foursquare.com/download/#/iphone", "name": "Foursquare for iOS"}, "prefix": "https://igx.4sqi.net/img/general/", "venue": {"id": "4bae298df964a520f88b3be3", "like": false, "stats": {"checkinsCount": 345, "tipCount": 2, "usersCount": 110}, "beenHere": {"lastCheckinExpiredAt": 0}, "categories": [{"id": "4bf58dd8d48988d113951735", "primary": true, "icon": {"prefix": "https://ss3.4sqi.net/img/categories_v2/shops/gas_", "suffix": ".png"}, "pluralName": "Gas Stations", "shortName": "Gas Station", "name": "Gas Station"}], "verified": true, "allowMenuUrlEdit": true, "location": {"address": "leidse vaart 396a", "state": "Noord-Holland", "lat": 52.369053, "city": "Haarlem", "formattedAddress": ["leidse vaart 396a", "Haarlem", "Nederland"], "lng": 4.61607, "labeledLatLngs": [{"lng": 4.61607, "label": "display", "lat": 52.369053}], "country": "Nederland", "cc": "NL"}, "contact": {"formattedPhone": "+31 23 524 4794", "phone": "+31235244794"}, "name": "Shell"}, "width": 720, "suffix": "/8RALo6u68ac3qq7x6z5NAj_w5Fw_LrqKO-5rY5CqZ2E.jpg"}, {"id": "50366477e4b0e3f1e600e7a3", "createdAt": 1345741943, "height": 537, "visibility": "public", "source": {"url": "https://foursquare.com/download/#/iphone", "name": "Foursquare for iOS"}, "prefix": "https://igx.4sqi.net/img/general/", "venue": {"id": "4c0680b2517d0f479810f615", "like": false, "stats": {"checkinsCount": 1869, "tipCount": 24, "usersCount": 1235}, "url": "http://www.dehavenvanzandvoort.nl", "beenHere": {"lastCheckinExpiredAt": 0}, "categories": [{"id": "4bf58dd8d48988d147941735", "primary": true, "icon": {"prefix": "https://ss3.4sqi.net/img/categories_v2/food/diner_", "suffix": ".png"}, "pluralName": "Diners", "shortName": "Diner", "name": "Diner"}], "verified": false, "allowMenuUrlEdit": true, "location": {"crossStreet": "De Haven van Zandvoort", "labeledLatLngs": [{"lng": 4.524190086990487, "label": "display", "lat": 52.372915496318164}], "state": "Noord-Holland", "lat": 52.372915496318164, "postalCode": "2042 AA", "city": "Zandvoort", "formattedAddress": ["Strandafgang Paulus Loot 9 (De Haven van Zandvoort)", "2042 AA Zandvoort", "Nederland"], "lng": 4.524190086990487, "address": "Strandafgang Paulus Loot 9", "country": "Nederland", "cc": "NL"}, "contact": {"formattedPhone": "+31 23 571 8888", "phone": "+31235718888"}, "name": "De Haven van Zandvoort"}, "width": 720, "suffix": "/v7EM_s5DCDqR0MvLcPr0frfKPbIvgBF1iPPHFtYRCMc.jpg"}, {"id": "502f402fe4b0836215678661", "createdAt": 1345273903, "height": 537, "visibility": "public", "source": {"url": "https://foursquare.com/download/#/iphone", "name": "Foursquare for iOS"}, "prefix": "https://igx.4sqi.net/img/general/", "venue": {"id": "4a7c684ff964a52086ec1fe3", "like": false, "stats": {"checkinsCount": 1913, "tipCount": 21, "usersCount": 857}, "url": "http://www.vooges.nl", "beenHere": {"lastCheckinExpiredAt": 0}, "categories": [{"id": "4bf58dd8d48988d1ce941735", "primary": true, "icon": {"prefix": "https://ss3.4sqi.net/img/categories_v2/food/seafood_", "suffix": ".png"}, "pluralName": "Seafood Restaurants", "shortName": "Seafood", "name": "Seafood Restaurant"}], "verified": false, "allowMenuUrlEdit": true, "location": {"address": "Boulevard Paulus Loot 1a", "state": "Noord-Holland", "lat": 52.3640110606305, "postalCode": "2042 AD", "city": "Zandvoort", "formattedAddress": ["Boulevard Paulus Loot 1a", "2042 AD Zandvoort", "Nederland"], "lng": 4.5185094340166865, "labeledLatLngs": [{"lng": 4.5185094340166865, "label": "display", "lat": 52.3640110606305}], "country": "Nederland", "cc": "NL"}, "contact": {"formattedPhone": "+31 23 571 6959", "phone": "+31235716959"}, "name": "Vooges"}, "width": 720, "suffix": "/o6oH5A887tcULXWIKYoyZpQqM6BwgpQjocZ-4tV1Itc.jpg"}, {"id": "5023a5d0e4b02078c5ffe5d5", "createdAt": 1344513488, "height": 540, "visibility": "public", "source": {"url": "https://foursquare.com/download/#/iphone", "name": "Foursquare for iOS"}, "prefix": "https://igx.4sqi.net/img/general/", "venue": {"like": false, "allowMenuUrlEdit": true, "location": {"address": "Rijksstraatweg 4", "state": "Noord-Holland", "lat": 52.325524686544455, "postalCode": "2121 AE", "city": "Bennebroek", "formattedAddress": ["Rijksstraatweg 4", "2121 AE Bennebroek", "Nederland"], "lng": 4.598344491628142, "labeledLatLngs": [{"lng": 4.598344491628142, "label": "display", "lat": 52.325524686544455}], "country": "Nederland", "cc": "NL"}, "storeId": "", "id": "4b882cd1f964a52019e531e3", "beenHere": {"lastCheckinExpiredAt": 0}, "stats": {"checkinsCount": 1784, "tipCount": 25, "usersCount": 1095}, "url": "http://www.linnaeushof.nl", "categories": [{"id": "4bf58dd8d48988d1e7941735", "primary": true, "icon": {"prefix": "https://ss3.4sqi.net/img/categories_v2/parks_outdoors/playground_", "suffix": ".png"}, "pluralName": "Playgrounds", "shortName": "Playground", "name": "Playground"}], "verified": true, "contact": {"twitter": "linnaeushof1", "formattedPhone": "+31 23 584 7624", "phone": "+31235847624"}, "name": "Linnaeushof"}, "width": 402, "suffix": "/cG_nnH9XzMgJDUTuZ-Sgt3iyXzEBRuDFdw0LnDvDZj0.jpg"}, {"id": "500afd0be4b03c6eb3578b9b", "createdAt": 1342897419, "height": 540, "visibility": "public", "source": {"url": "https://foursquare.com/download/#/iphone", "name": "Foursquare for iOS"}, "prefix": "https://igx.4sqi.net/img/general/", "venue": {"id": "4e0f954fb0fb59de67e1dbd6", "like": false, "stats": {"checkinsCount": 45, "tipCount": 1, "usersCount": 33}, "beenHere": {"lastCheckinExpiredAt": 0}, "categories": [], "verified": false, "location": {"state": "Midi-Pyr\u00e9n\u00e9es", "lat": 44.247174, "city": "Lauzerte", "formattedAddress": ["Lauzerte", "France"], "lng": 1.105434, "labeledLatLngs": [{"lng": 1.105434, "label": "display", "lat": 44.247174}], "country": "France", "cc": "FR"}, "contact": {}, "name": "Le Belvedere De Lauzerte"}, "width": 402, "suffix": "/H257eOH8Too8sxqJG3f33_bVXKOgGqquoldv3ZMcOLw.jpg"}, {"id": "500998c0e4b0a62ff3e74071", "createdAt": 1342806208, "height": 537, "visibility": "public", "source": {"url": "https://foursquare.com/download/#/iphone", "name": "Foursquare for iOS"}, "prefix": "https://igx.4sqi.net/img/general/", "venue": {"id": "4e57efd4c65b219786a48339", "like": false, "stats": {"checkinsCount": 3, "tipCount": 0, "usersCount": 1}, "beenHere": {"lastCheckinExpiredAt": 0}, "categories": [{"id": "4bf58dd8d48988d103941735", "primary": true, "icon": {"prefix": "https://ss3.4sqi.net/img/categories_v2/building/home_", "suffix": ".png"}, "pluralName": "Homes (private)", "shortName": "Home", "name": "Home (private)"}], "verified": false, "location": {"state": "\u00cele-de-France", "lat": 48.94556443196177, "city": "Sartrouville", "formattedAddress": ["Sartrouville", "France"], "isFuzzed": true, "country": "France", "cc": "FR", "lng": 2.1549364040860595}, "contact": {}, "venueRatingBlacklisted": true, "name": "Maison Taupin"}, "width": 720, "suffix": "/p_IPuj3EyCLKiYk4EhAuc4ReN5S7sOztvOHndA7ncyk.jpg"}, {"id": "50091a69e4b0bb46c5ccf8d3", "createdAt": 1342773865, "height": 537, "visibility": "public", "source": {"url": "https://foursquare.com/download/#/iphone", "name": "Foursquare for iOS"}, "prefix": "https://igx.4sqi.net/img/general/", "venue": {"id": "4bdc514fc79cc92888f885e9", "like": false, "stats": {"checkinsCount": 167, "tipCount": 1, "usersCount": 4}, "beenHere": {"lastCheckinExpiredAt": 0}, "categories": [{"id": "4bf58dd8d48988d103941735", "primary": true, "icon": {"prefix": "https://ss3.4sqi.net/img/categories_v2/building/home_", "suffix": ".png"}, "pluralName": "Homes (private)", "shortName": "Home", "name": "Home (private)"}], "verified": false, "location": {"state": "Noord-Holland", "lat": 52.371745151797214, "city": "Haarlem", "formattedAddress": ["2012 JD Haarlem", "Nederland"], "isFuzzed": true, "country": "Nederland", "cc": "NL", "lng": 4.6369790645240325}, "contact": {"twitter": "michiel_vd_eijk"}, "venueRatingBlacklisted": true, "name": "Huize van der Eijk"}, "width": 720, "suffix": "/F5-Twb3lT08KPb1qgKOBWPw36X0HZlQqoHmkwhal7zc.jpg"}, {"id": "4fef06fbe4b0a13fa010b23c", "createdAt": 1341064955, "height": 720, "visibility": "public", "source": {"url": "https://foursquare.com/download/#/iphone", "name": "Foursquare for iOS"}, "prefix": "https://igx.4sqi.net/img/general/", "venue": {"id": "4bdc514fc79cc92888f885e9", "like": false, "stats": {"checkinsCount": 167, "tipCount": 1, "usersCount": 4}, "beenHere": {"lastCheckinExpiredAt": 0}, "categories": [{"id": "4bf58dd8d48988d103941735", "primary": true, "icon": {"prefix": "https://ss3.4sqi.net/img/categories_v2/building/home_", "suffix": ".png"}, "pluralName": "Homes (private)", "shortName": "Home", "name": "Home (private)"}], "verified": false, "location": {"state": "Noord-Holland", "lat": 52.371745151797214, "city": "Haarlem", "formattedAddress": ["2012 JD Haarlem", "Nederland"], "isFuzzed": true, "country": "Nederland", "cc": "NL", "lng": 4.6369790645240325}, "contact": {"twitter": "michiel_vd_eijk"}, "venueRatingBlacklisted": true, "name": "Huize van der Eijk"}, "width": 537, "suffix": "/JNc-O2Q-5beCG-CiM1aOijl8w_-Dy_ppPC7qdBSAs7g.jpg"}, {"id": "4fae1c4ae4b09f9a2a3d32df", "createdAt": 1336810570, "height": 537, "visibility": "public", "source": {"url": "https://foursquare.com/download/#/iphone", "name": "Foursquare for iOS"}, "prefix": "https://igx.4sqi.net/img/general/", "venue": {"id": "4cd5292167c7236aa8411177", "like": false, "stats": {"checkinsCount": 589, "tipCount": 0, "usersCount": 119}, "url": "http://www.dsov.nl", "beenHere": {"lastCheckinExpiredAt": 0}, "categories": [{"id": "4cce455aebf7b749d5e191f5", "primary": true, "icon": {"prefix": "https://ss3.4sqi.net/img/categories_v2/arts_entertainment/stadium_soccer_", "suffix": ".png"}, "pluralName": "Soccer Fields", "shortName": "Soccer Field", "name": "Soccer Field"}], "verified": false, "location": {"address": "Zijdewinde 3", "state": "Noord-Holland", "lat": 52.3494019605131, "postalCode": "2141 VA", "city": "Vijfhuizen", "formattedAddress": ["Zijdewinde 3", "2141 VA Vijfhuizen", "Nederland"], "lng": 4.681975362413171, "labeledLatLngs": [{"lng": 4.681975362413171, "label": "display", "lat": 52.3494019605131}], "country": "Nederland", "cc": "NL"}, "contact": {"twitter": "dsov", "formattedPhone": "+31 23 558 1574", "phone": "+31235581574"}, "name": "Voetbalclub DSOV"}, "width": 720, "suffix": "/HUJ8arTbUMlloZtZbg3HRgq8mvhLXaTX21wNAsBICEM.jpg"}, {"id": "4f89184ee4b060b7f71ea88c", "createdAt": 1334384718, "height": 537, "visibility": "public", "source": {"url": "https://foursquare.com/download/#/iphone", "name": "Foursquare for iOS"}, "prefix": "https://igx.4sqi.net/img/general/", "venue": {"id": "4ba4afd0f964a52053ac38e3", "like": false, "stats": {"checkinsCount": 711, "tipCount": 0, "usersCount": 219}, "url": "http://www.dss-honksoftbal.nl", "beenHere": {"lastCheckinExpiredAt": 0}, "categories": [{"id": "4cce455aebf7b749d5e191f5", "primary": true, "icon": {"prefix": "https://ss3.4sqi.net/img/categories_v2/arts_entertainment/stadium_soccer_", "suffix": ".png"}, "pluralName": "Soccer Fields", "shortName": "Soccer Field", "name": "Soccer Field"}], "verified": false, "location": {"crossStreet": "Sportcomplex Pim Mulier", "labeledLatLngs": [{"lng": 4.632076073906745, "label": "display", "lat": 52.40897265708111}], "state": "Noord-Holland", "lat": 52.40897265708111, "postalCode": "2024 BW", "city": "Haarlem", "formattedAddress": ["Jaap Edenlaan 3 (Sportcomplex Pim Mulier)", "2024 BW Haarlem", "Nederland"], "lng": 4.632076073906745, "address": "Jaap Edenlaan 3", "country": "Nederland", "cc": "NL"}, "contact": {"formattedPhone": "+31 23 527 2678", "phone": "+31235272678"}, "name": "Sportvereniging DSS"}, "width": 720, "suffix": "/ZMNoch-9gbo8oR1qKYA2IL5Yllx2O079Oh39Gxyk-ak.jpg"}, {"id": "4f82d29ce4b05766b3dd2e1b", "createdAt": 1333973660, "height": 720, "visibility": "public", "source": {"url": "https://foursquare.com/download/#/iphone", "name": "Foursquare for iOS"}, "prefix": "https://igx.4sqi.net/img/general/", "venue": {"id": "4d0e084c7d28721ed929fc20", "like": false, "stats": {"checkinsCount": 29, "tipCount": 1, "usersCount": 3}, "beenHere": {"lastCheckinExpiredAt": 0}, "categories": [{"id": "4bf58dd8d48988d103941735", "primary": true, "icon": {"prefix": "https://ss3.4sqi.net/img/categories_v2/building/home_", "suffix": ".png"}, "pluralName": "Homes (private)", "shortName": "Home", "name": "Home (private)"}], "verified": false, "location": {"lat": 52.106843286787424, "formattedAddress": ["Nederland"], "country": "Nederland", "cc": "NL", "isFuzzed": true, "lng": 5.11921005363717}, "contact": {}, "venueRatingBlacklisted": true, "name": "Maison Molskaja"}, "width": 537, "suffix": "/w1NupMlffbblolwXcvRcEGBe1zmQvr8eyJgYjol_sU4.jpg"}, {"id": "4f7b4cd8e4b0d859b6bdb50a", "createdAt": 1333480664, "height": 720, "visibility": "public", "source": {"url": "https://foursquare.com/download/#/iphone", "name": "Foursquare for iOS"}, "prefix": "https://igx.4sqi.net/img/general/", "venue": {"id": "4bab49f9f964a520149e3ae3", "like": false, "stats": {"checkinsCount": 28, "tipCount": 0, "usersCount": 26}, "beenHere": {"lastCheckinExpiredAt": 0}, "categories": [{"id": "4bf58dd8d48988d10c941735", "primary": true, "icon": {"prefix": "https://ss3.4sqi.net/img/categories_v2/food/french_", "suffix": ".png"}, "pluralName": "French Restaurants", "shortName": "French", "name": "French Restaurant"}], "verified": false, "allowMenuUrlEdit": true, "location": {"address": "43 Route de Roissy", "state": "\u00cele-de-France", "lat": 48.983632922172546, "postalCode": "93290", "city": "Tremblay-en-France", "formattedAddress": ["43 Route de Roissy", "93290 Tremblay-en-France", "France"], "lng": 2.5506412982940674, "labeledLatLngs": [{"lng": 2.5506412982940674, "label": "display", "lat": 48.983632922172546}], "country": "France", "cc": "FR"}, "contact": {}, "name": "La Jument Verte"}, "width": 537, "suffix": "/aOMQ6q0nT2eSWdxAk8ENlX5820h46rrM_VqkdtZt4Gk.jpg"}, {"id": "4f784a4ae4b0c7b6e2aa29db", "createdAt": 1333283402, "height": 720, "visibility": "public", "source": {"url": "https://foursquare.com/download/#/iphone", "name": "Foursquare for iOS"}, "prefix": "https://igx.4sqi.net/img/general/", "venue": {"id": "4bdc514fc79cc92888f885e9", "like": false, "stats": {"checkinsCount": 167, "tipCount": 1, "usersCount": 4}, "beenHere": {"lastCheckinExpiredAt": 0}, "categories": [{"id": "4bf58dd8d48988d103941735", "primary": true, "icon": {"prefix": "https://ss3.4sqi.net/img/categories_v2/building/home_", "suffix": ".png"}, "pluralName": "Homes (private)", "shortName": "Home", "name": "Home (private)"}], "verified": false, "location": {"state": "Noord-Holland", "lat": 52.371745151797214, "city": "Haarlem", "formattedAddress": ["2012 JD Haarlem", "Nederland"], "isFuzzed": true, "country": "Nederland", "cc": "NL", "lng": 4.6369790645240325}, "contact": {"twitter": "michiel_vd_eijk"}, "venueRatingBlacklisted": true, "name": "Huize van der Eijk"}, "width": 537, "suffix": "/tFrXzxxVnHbBNd0NeAcxcr1vw8R5af9zZpM18Vpcnao.jpg"}, {"id": "4f76b39ee4b03b459cb2fd33", "createdAt": 1333179294, "height": 537, "visibility": "public", "source": {"url": "https://foursquare.com/download/#/iphone", "name": "Foursquare for iOS"}, "prefix": "https://igx.4sqi.net/img/general/", "venue": {"id": "4b9b554df964a520100136e3", "like": false, "stats": {"checkinsCount": 630, "tipCount": 0, "usersCount": 134}, "url": "http://www.rkvv-velsen.nl", "beenHere": {"lastCheckinExpiredAt": 0}, "categories": [{"id": "4cce455aebf7b749d5e191f5", "primary": true, "icon": {"prefix": "https://ss3.4sqi.net/img/categories_v2/arts_entertainment/stadium_soccer_", "suffix": ".png"}, "pluralName": "Soccer Fields", "shortName": "Soccer Field", "name": "Soccer Field"}], "verified": false, "location": {"address": "Wolff en Dekenlaan 144", "state": "Noord-Holland", "lat": 52.441679072361175, "postalCode": "1985 HT", "city": "Driehuis", "formattedAddress": ["Wolff en Dekenlaan 144", "1985 HT Driehuis", "Nederland"], "lng": 4.6357092474997765, "labeledLatLngs": [{"lng": 4.6357092474997765, "label": "display", "lat": 52.441679072361175}], "country": "Nederland", "cc": "NL"}, "contact": {"formattedPhone": "+31 255 513 768", "phone": "+31255513768"}, "name": "RKVV Velsen"}, "width": 720, "suffix": "/kL8h4R-_EXFTQroD2jxEg9qJMbHPUL7VTBRN2vfMgYI.jpg"}, {"id": "4f646a93e4b0aa8f67002589", "createdAt": 1331980947, "height": 537, "visibility": "public", "source": {"url": "https://foursquare.com/download/#/iphone", "name": "Foursquare for iOS"}, "prefix": "https://igx.4sqi.net/img/general/", "venue": {"id": "4d6a78a0342b8cfa9645d72c", "like": false, "stats": {"checkinsCount": 133, "tipCount": 4, "usersCount": 51}, "venuePage": {"id": "49274685"}, "beenHere": {"lastCheckinExpiredAt": 0}, "categories": [{"id": "4bf58dd8d48988d1fa931735", "primary": true, "icon": {"prefix": "https://ss3.4sqi.net/img/categories_v2/travel/hotel_", "suffix": ".png"}, "pluralName": "Hotels", "shortName": "Hotel", "name": "Hotel"}], "verified": true, "allowMenuUrlEdit": true, "location": {"address": "Ellmauweg 35", "state": "Salzburg", "lat": 47.37815896277401, "postalCode": "5754", "city": "Hinterglemm", "formattedAddress": ["Ellmauweg 35", "5754 Hinterglemm", "\u00d6sterreich"], "lng": 12.604425216709975, "labeledLatLngs": [{"lng": 12.604425216709975, "label": "display", "lat": 47.37815896277401}], "country": "\u00d6sterreich", "cc": "AT"}, "contact": {}, "name": "Feriengut Hotel Ellmauhof"}, "width": 720, "suffix": "/seYbpMygVuHAe66OT-u1laaQ4OXoG5ppMIiiydhmMso.jpg"}, {"id": "4f5b1cdee4b01f8f4b9c65a1", "createdAt": 1331371230, "height": 537, "visibility": "public", "source": {"url": "https://foursquare.com/download/#/iphone", "name": "Foursquare for iOS"}, "prefix": "https://igx.4sqi.net/img/general/", "venue": {"id": "4be51df6bcef2d7f4c8003e5", "like": false, "stats": {"checkinsCount": 78, "tipCount": 0, "usersCount": 19}, "beenHere": {"lastCheckinExpiredAt": 0}, "categories": [{"id": "4cce455aebf7b749d5e191f5", "primary": true, "icon": {"prefix": "https://ss3.4sqi.net/img/categories_v2/arts_entertainment/stadium_soccer_", "suffix": ".png"}, "pluralName": "Soccer Fields", "shortName": "Soccer Field", "name": "Soccer Field"}], "verified": false, "location": {"address": "Gerard Roekenspad", "state": "Noord-Holland", "lat": 52.36469901960148, "city": "Haarlem", "formattedAddress": ["Gerard Roekenspad", "Haarlem", "Nederland"], "lng": 4.614536762237549, "labeledLatLngs": [{"lng": 4.614536762237549, "label": "display", "lat": 52.36469901960148}], "country": "Nederland", "cc": "NL"}, "contact": {}, "name": "Voetbalvereniging THB"}, "width": 720, "suffix": "/72tGWy1q5oDs0r75EAIRnExajmwMiVHCGaY2jDM3sqA.jpg"}, {"id": "4e82c230d22d58ee81c1121e", "createdAt": 1317192240, "height": 537, "visibility": "public", "source": {"url": "https://foursquare.com/download/#/iphone", "name": "Foursquare for iOS"}, "prefix": "https://igx.4sqi.net/img/general/", "venue": {"id": "4bbad58f935e952171952890", "like": false, "stats": {"checkinsCount": 1820, "tipCount": 3, "usersCount": 520}, "beenHere": {"lastCheckinExpiredAt": 0}, "categories": [{"id": "4bf58dd8d48988d1f9931735", "primary": true, "icon": {"prefix": "https://ss3.4sqi.net/img/categories_v2/travel/highway_", "suffix": ".png"}, "pluralName": "Roads", "shortName": "Road", "name": "Road"}], "verified": false, "location": {"address": "Rijksweg A9", "state": "Noord-Holland", "lat": 52.365268705532806, "city": "Hoofddorp", "formattedAddress": ["Rijksweg A9", "Hoofddorp", "Nederland"], "lng": 4.72327748801376, "labeledLatLngs": [{"lng": 4.72327748801376, "label": "display", "lat": 52.365268705532806}], "country": "Nederland", "cc": "NL"}, "contact": {}, "venueRatingBlacklisted": true, "name": "A9 (Haarlem-Zuid)"}, "width": 720, "suffix": "/XFLLII4A3B1S3VOW4U2PLQXNMODJMMCBGDRQKAD4BBYDZTAJ.jpg"}, {"id": "4e6b77d8b0fb8b8a84a594ec", "createdAt": 1315665880, "height": 537, "visibility": "public", "source": {"url": "https://foursquare.com/download/#/iphone", "name": "Foursquare for iOS"}, "prefix": "https://igx.4sqi.net/img/general/", "venue": {"id": "4c4341a4ce54e21e3ecf0d1a", "like": false, "stats": {"checkinsCount": 574, "tipCount": 6, "usersCount": 402}, "beenHere": {"lastCheckinExpiredAt": 0}, "categories": [{"id": "4bf58dd8d48988d10c941735", "primary": true, "icon": {"prefix": "https://ss3.4sqi.net/img/categories_v2/food/french_", "suffix": ".png"}, "pluralName": "French Restaurants", "shortName": "French", "name": "French Restaurant"}], "verified": false, "allowMenuUrlEdit": true, "location": {"crossStreet": "Lepelstraat", "labeledLatLngs": [{"lng": 4.637075, "label": "display", "lat": 52.380795}], "state": "Noord-Holland", "lat": 52.380795, "postalCode": "2011 HL", "city": "Haarlem", "formattedAddress": ["Oude Groenmarkt 8 (Lepelstraat)", "2011 HL Haarlem", "Nederland"], "lng": 4.637075, "address": "Oude Groenmarkt 8", "country": "Nederland", "cc": "NL"}, "contact": {"formattedPhone": "+31 23 532 9251", "phone": "+31235329251"}, "name": "Parels"}, "width": 720, "suffix": "/V4ZIQAKZCE0OFO5EK3UC1NMLZRVNFEYNYJBSRJISHIP2JFPX.jpg"}, {"id": "4e4a6361fa76a0c058cef57e", "createdAt": 1313497953, "height": 537, "visibility": "public", "source": {"url": "https://foursquare.com/download/#/iphone", "name": "Foursquare for iOS"}, "prefix": "https://igx.4sqi.net/img/general/", "venue": {"id": "4ea95197b8f7d2a521d1d7ec", "like": false, "stats": {"checkinsCount": 263, "tipCount": 1, "usersCount": 204}, "beenHere": {"lastCheckinExpiredAt": 0}, "categories": [{"id": "5109983191d435c0d71c2bb1", "primary": true, "icon": {"prefix": "https://ss3.4sqi.net/img/categories_v2/arts_entertainment/themepark_", "suffix": ".png"}, "pluralName": "Theme Park Rides/Attractions", "shortName": "Theme Park", "name": "Theme Park Ride / Attraction"}], "verified": false, "location": {"address": "Toverland", "state": "Limburg", "lat": 51.397488628402805, "city": "Sevenum", "formattedAddress": ["Toverland", "Sevenum", "Nederland"], "lng": 5.985641866286664, "labeledLatLngs": [{"lng": 5.985641866286664, "label": "display", "lat": 51.397488628402805}], "country": "Nederland", "cc": "NL"}, "contact": {}, "name": "Backstroke Wildwaterbaan"}, "width": 720, "suffix": "/VBGKE4X1HWAKLQZXTNVRCONRKUWOE11GE0NCC1TJ0TF245Y5.jpg"}, {"id": "4e4a581dd164a7c8b6a48059", "createdAt": 1313495069, "height": 720, "visibility": "public", "source": {"url": "https://foursquare.com/download/#/iphone", "name": "Foursquare for iOS"}, "prefix": "https://igx.4sqi.net/img/general/", "venue": {"id": "4d33087fb6093704b33afddf", "like": false, "stats": {"checkinsCount": 171, "tipCount": 1, "usersCount": 136}, "beenHere": {"lastCheckinExpiredAt": 0}, "categories": [{"id": "5109983191d435c0d71c2bb1", "primary": true, "icon": {"prefix": "https://ss3.4sqi.net/img/categories_v2/arts_entertainment/themepark_", "suffix": ".png"}, "pluralName": "Theme Park Rides/Attractions", "shortName": "Theme Park", "name": "Theme Park Ride / Attraction"}], "verified": false, "location": {"address": "Toverlaan 2", "state": "Limburg", "lat": 51.39751191299957, "postalCode": "5975MR", "city": "Sevenum", "formattedAddress": ["Toverlaan 2", "5975MR Sevenum", "Nederland"], "lng": 5.985975869718485, "labeledLatLngs": [{"lng": 5.985975869718485, "label": "display", "lat": 51.39751191299957}], "country": "Nederland", "cc": "NL"}, "contact": {}, "name": "Woudracer"}, "width": 537, "suffix": "/C20PKOXZATR03WMFRMVRRYFVH1YTXLVDORB2XMCUCUOKGETU.jpg"}, {"id": "4e2681cb8877d0ffee81773b", "createdAt": 1311146443, "height": 720, "visibility": "public", "source": {"url": "https://foursquare.com/download/#/iphone", "name": "Foursquare for iOS"}, "prefix": "https://igx.4sqi.net/img/general/", "venue": {"id": "4c05ddff517d0f471a3af515", "like": false, "stats": {"checkinsCount": 2054, "tipCount": 2, "usersCount": 1308}, "beenHere": {"lastCheckinExpiredAt": 0}, "categories": [{"id": "4bf58dd8d48988d1f0931735", "primary": true, "icon": {"prefix": "https://ss3.4sqi.net/img/categories_v2/travel/airport_gate_", "suffix": ".png"}, "pluralName": "Airport Gates", "shortName": "Gate", "name": "Airport Gate"}], "verified": false, "location": {"crossStreet": "AMS Airport", "labeledLatLngs": [{"lng": 4.765375068767282, "label": "display", "lat": 52.30642586847226}], "state": "Noord-Holland", "lat": 52.30642586847226, "city": "Schiphol", "formattedAddress": ["Concourse C (AMS Airport)", "Schiphol", "Nederland"], "lng": 4.765375068767282, "address": "Concourse C", "country": "Nederland", "cc": "NL"}, "contact": {}, "venueRatingBlacklisted": true, "name": "Gate C5"}, "width": 537, "suffix": "/DRIUZ1CFCNUIDMYSKUNPKPVJMCVZWMQEKAXRU0VY3BAA0IJH.jpg"}, {"id": "4e25cd47b0fbf642a9026b56", "createdAt": 1311100231, "height": 537, "visibility": "public", "source": {"url": "https://foursquare.com/download/#/iphone", "name": "Foursquare for iOS"}, "prefix": "https://igx.4sqi.net/img/general/", "venue": {"id": "4be9b03562c0c928fff3dfd4", "like": false, "stats": {"checkinsCount": 1951, "tipCount": 4, "usersCount": 103}, "beenHere": {"lastCheckinExpiredAt": 0}, "categories": [{"id": "4bf58dd8d48988d176941735", "primary": true, "icon": {"prefix": "https://ss3.4sqi.net/img/categories_v2/building/gym_", "suffix": ".png"}, "pluralName": "Gyms", "shortName": "Gym", "name": "Gym"}], "verified": false, "allowMenuUrlEdit": true, "location": {"address": "Toekanweg 2", "state": "Noord-Holland", "lat": 52.36924189031508, "postalCode": "2035 LC", "city": "Haarlem", "formattedAddress": ["Toekanweg 2", "2035 LC Haarlem", "Nederland"], "lng": 4.647539142785243, "labeledLatLngs": [{"lng": 4.647539142785243, "label": "display", "lat": 52.36924189031508}], "country": "Nederland", "cc": "NL"}, "contact": {"formattedPhone": "+31 23 536 6203", "phone": "+31235366203"}, "name": "Anybody Health Center"}, "width": 720, "suffix": "/WL0LUFT4S4HXYUPYVOBAO4XGYHDXZMJQU54UUA5OXS1ZOCDM.jpg"}], "count": 75}, "totalCount": 75}, "meta": {"code": 200, "requestId": "595a7c7e1ed21919faecf987"}, "notifications": [{"item": {"unreadCount": 0}, "type": "notificationTray"}]}