{"response": {"photos": {"items": [{"id": "512a004be4b0b35364f3ff3e", "createdAt": 1361707083, "height": 540, "visibility": "public", "source": {"url": "https://foursquare.com/download/#/iphone", "name": "Foursquare for iOS"}, "prefix": "https://igx.4sqi.net/img/general/", "venue": {"id": "4cfe3b6ac671721eb4f7d118", "like": false, "stats": {"checkinsCount": 1833, "tipCount": 10, "usersCount": 1122}, "url": "http://www.ichibanya.co.jp", "beenHere": {"lastCheckinExpiredAt": 0}, "categories": [{"id": "55a59bace4b013909087cb30", "primary": true, "icon": {"prefix": "https://ss3.4sqi.net/img/categories_v2/food/default_", "suffix": ".png"}, "pluralName": "Japanese Curry Restaurants", "shortName": "Japanese Curry", "name": "Japanese Curry Restaurant"}], "verified": false, "allowMenuUrlEdit": true, "location": {"address": "\u897f\u65b0\u5bbf1-2-12", "state": "\u6771\u4eac\u90fd", "lat": 35.69326474941099, "postalCode": "160-0023", "city": "\u6771\u4eac", "formattedAddress": ["\u897f\u65b0\u5bbf1-2-12", "\u65b0\u5bbf\u533a, \u6771\u4eac\u90fd", "160-0023", "\u65e5\u672c"], "lng": 139.69936698675156, "labeledLatLngs": [{"lng": 139.69936698675156, "label": "display", "lat": 35.69326474941099}], "country": "\u65e5\u672c", "cc": "JP"}, "contact": {"facebookUsername": "cocoichicurry", "facebook": "195023007245517", "facebookName": "\u30ab\u30ec\u30fc\u30cf\u30a6\u30b9CoCo\u58f1\u756a\u5c4b\uff08\u30b3\u30b3\u30a4\u30c1\uff09", "formattedPhone": "+81 3-3345-0775", "phone": "+81333450775"}, "name": "CoCo Ichibanya (CoCo\u58f1\u756a\u5c4b \u65b0\u5bbf\u99c5\u897f\u53e3\u5e97)"}, "width": 720, "suffix": "/1041741_nC8lC47lierU1hARF0EYI5CLTFbAGgN9fgXgxduIln0.jpg"}, {"id": "4fcac3f1e4b0c4b6a6452909", "createdAt": 1338688497, "height": 720, "visibility": "public", "source": {"url": "https://foursquare.com/download/#/iphone", "name": "Foursquare for iOS"}, "prefix": "https://igx.4sqi.net/img/general/", "venue": {"id": "4bffcb8f2b1bd13aa893f1bf", "like": false, "stats": {"checkinsCount": 6501, "tipCount": 77, "usersCount": 4620}, "url": "http://www.shangri-la.com/singapore/shangrila/dining/restaurants/the-line/", "beenHere": {"lastCheckinExpiredAt": 0}, "categories": [{"id": "52e81612bcbc57f1066b79f4", "primary": true, "icon": {"prefix": "https://ss3.4sqi.net/img/categories_v2/food/default_", "suffix": ".png"}, "pluralName": "Buffets", "shortName": "Buffet", "name": "Buffet"}], "verified": false, "allowMenuUrlEdit": true, "location": {"crossStreet": "22 Orange Grove Rd", "labeledLatLngs": [{"lng": 103.82651400916534, "label": "display", "lat": 1.3116335608599565}], "lat": 1.3116335608599565, "postalCode": "258350", "city": "Singapore", "formattedAddress": ["Shangri-La Hotel, Lower Lobby, Tower Wing (22 Orange Grove Rd)", "258350", "Singapore"], "lng": 103.82651400916534, "address": "Shangri-La Hotel, Lower Lobby, Tower Wing", "country": "Singapore", "cc": "SG"}, "contact": {"facebook": "112990256771", "facebookName": "Shangri-La Hotel, Singapore", "formattedPhone": "+65 6213 4275", "phone": "+6562134275", "facebookUsername": "ShangriLaSingapore", "twitter": "shangrilasg"}, "name": "The Line"}, "width": 540, "suffix": "/pOHiKBbspVicOGdOmBYX-eZEXX4K5dgqHfc8t8Imipw.jpg"}, {"id": "4fc202bce4b04422a158b628", "createdAt": 1338114748, "height": 720, "visibility": "public", "source": {"url": "https://foursquare.com/download/#/iphone", "name": "Foursquare for iOS"}, "prefix": "https://igx.4sqi.net/img/general/", "venue": {"id": "4c9f83bb7c096dcb3c1fdfd1", "like": false, "stats": {"checkinsCount": 2371, "tipCount": 5, "usersCount": 181}, "beenHere": {"lastCheckinExpiredAt": 0}, "categories": [{"id": "4bf58dd8d48988d1a3941735", "primary": true, "icon": {"prefix": "https://ss3.4sqi.net/img/categories_v2/education/residencehall_", "suffix": ".png"}, "pluralName": "College Residence Halls", "shortName": "Residence Hall", "name": "College Residence Hall"}], "verified": false, "location": {"address": "52 Nanyang Walk", "lat": 1.350802415446709, "city": "Singapore", "formattedAddress": ["52 Nanyang Walk", "Singapore"], "lng": 103.68178023971085, "labeledLatLngs": [{"lng": 103.68178023971085, "label": "display", "lat": 1.350802415446709}], "country": "Singapore", "cc": "SG"}, "contact": {}, "venueRatingBlacklisted": true, "name": "Hall of Residence 3"}, "width": 540, "suffix": "/yP01vGOyUehEQSMmLAEPGK1eRxD4Wf-Uyrisv29x_WU.jpg"}, {"id": "4f933ed0e4b01cffa191866d", "createdAt": 1335049936, "height": 720, "visibility": "public", "source": {"url": "https://foursquare.com/download/#/iphone", "name": "Foursquare for iOS"}, "prefix": "https://igx.4sqi.net/img/general/", "venue": {"id": "4b058814f964a5208cb022e3", "like": false, "stats": {"checkinsCount": 32972, "tipCount": 99, "usersCount": 18100}, "beenHere": {"lastCheckinExpiredAt": 0}, "categories": [{"id": "4bf58dd8d48988d184941735", "primary": true, "icon": {"prefix": "https://ss3.4sqi.net/img/categories_v2/arts_entertainment/stadium_", "suffix": ".png"}, "pluralName": "Stadiums", "shortName": "Stadium", "name": "Stadium"}], "verified": false, "allowMenuUrlEdit": true, "location": {"lat": 1.300928048723167, "postalCode": "397691", "city": "Singapore", "formattedAddress": ["2 Stadium Walk", "397691", "Singapore"], "lng": 103.87429859267084, "address": "2 Stadium Walk", "country": "Singapore", "cc": "SG"}, "contact": {"facebook": "159300480788770", "facebookName": "Singapore Indoor Stadium", "formattedPhone": "+65 6344 2660", "phone": "+6563442660", "facebookUsername": "singaporeindoorstadium", "twitter": "sisnow"}, "name": "Singapore Indoor Stadium"}, "width": 540, "suffix": "/9ZBw0U3PjFVoyDsHxZXRQB6zHWUPTS85N3AQ201Emp4.jpg"}, {"id": "4f29f9efe4b07e41d8d65f1b", "createdAt": 1328151023, "height": 540, "visibility": "public", "source": {"url": "https://foursquare.com/download/#/iphone", "name": "Foursquare for iOS"}, "prefix": "https://igx.4sqi.net/img/general/", "venue": {"id": "4c75c235ff1fb60c6f4cf7a7", "like": false, "stats": {"checkinsCount": 255, "tipCount": 3, "usersCount": 99}, "beenHere": {"lastCheckinExpiredAt": 0}, "categories": [{"id": "4bf58dd8d48988d12c951735", "primary": true, "icon": {"prefix": "https://ss3.4sqi.net/img/categories_v2/travel/embassy_", "suffix": ".png"}, "pluralName": "Embassies / Consulates", "shortName": "Embassy", "name": "Embassy / Consulate"}], "verified": false, "location": {"crossStreet": "101 Thomson Road", "labeledLatLngs": [{"lng": 103.84385379400152, "label": "display", "lat": 1.3177596023417968}], "lat": 1.3177596023417968, "postalCode": "307591", "country": "Singapore", "lng": 103.84385379400152, "address": "United Square", "formattedAddress": ["United Square (101 Thomson Road)", "307591", "Singapore"], "cc": "SG"}, "contact": {"formattedPhone": "+65 6256 6001", "phone": "+6562566001"}, "venueRatingBlacklisted": true, "name": "Embassy of Brazil"}, "width": 540, "suffix": "/WzbTbVDSZQonaHU6r8qV6cJ2xfJ8FURzjp02fYliMbM.jpg"}, {"id": "4efc73bfd3e3cbf3b410a067", "createdAt": 1325167551, "height": 720, "visibility": "public", "source": {"url": "https://foursquare.com/download/#/iphone", "name": "Foursquare for iOS"}, "prefix": "https://igx.4sqi.net/img/general/", "venue": {"like": false, "location": {"crossStreet": "75 Airport Boulevard", "neighborhood": "Singapore Changi Airport", "lat": 1.356287561935302, "postalCode": "819643", "city": "Singapore", "formattedAddress": ["Changi International Airport (75 Airport Boulevard)", "819643", "Singapore"], "lng": 103.98677713114739, "address": "Changi International Airport", "country": "Singapore", "cc": "SG"}, "storeId": "", "id": "4b1baa07f964a52084fc23e3", "beenHere": {"lastCheckinExpiredAt": 0}, "stats": {"checkinsCount": 231762, "tipCount": 394, "usersCount": 75942}, "url": "http://www.changiairport.com", "categories": [{"id": "4bf58dd8d48988d1eb931735", "primary": true, "icon": {"prefix": "https://ss3.4sqi.net/img/categories_v2/travel/airport_gate_", "suffix": ".png"}, "pluralName": "Airport Terminals", "shortName": "Terminal", "name": "Airport Terminal"}], "verified": true, "contact": {"facebook": "113770598597", "facebookName": "Changi Airport", "formattedPhone": "+65 6595 6868", "phone": "+6565956868", "facebookUsername": "changiairport", "twitter": "changiairport"}, "venueRatingBlacklisted": true, "name": "Terminal 3"}, "width": 540, "suffix": "/M1ZANXQCUAUOZ3WXAKJJBNSHYQPPKH5VHGZICWNLSVTYUA20.jpg"}, {"id": "4e755bee1838f91889d2090f", "createdAt": 1316314094, "height": 720, "visibility": "public", "source": {"url": "https://foursquare.com/download/#/iphone", "name": "Foursquare for iOS"}, "prefix": "https://igx.4sqi.net/img/general/", "venue": {"id": "4b1f21a6f964a520432424e3", "like": false, "stats": {"checkinsCount": 45968, "tipCount": 398, "usersCount": 19443}, "beenHere": {"lastCheckinExpiredAt": 0}, "categories": [{"id": "4bf58dd8d48988d120951735", "primary": true, "icon": {"prefix": "https://ss3.4sqi.net/img/categories_v2/shops/food_foodcourt_", "suffix": ".png"}, "pluralName": "Food Courts", "shortName": "Food Court", "name": "Food Court"}], "verified": false, "allowMenuUrlEdit": true, "location": {"lat": 1.2803207713690574, "postalCode": "069184", "city": "Singapore", "formattedAddress": ["1 Kadayanallur St", "069184", "Singapore"], "lng": 103.84482755967429, "address": "1 Kadayanallur St", "country": "Singapore", "cc": "SG"}, "contact": {}, "name": "Maxwell Food Centre"}, "width": 540, "suffix": "/Y2STYJ1AA12GR0FRQDS0ANZTVYWMHNFSRYAVGGJFJVSULLXI.jpg"}, {"id": "4e6b3cb6ae60950955d4275f", "createdAt": 1315650742, "height": 720, "visibility": "public", "source": {"url": "https://foursquare.com/download/#/iphone", "name": "Foursquare for iOS"}, "prefix": "https://igx.4sqi.net/img/general/", "venue": {"id": "4c9f83bb7c096dcb3c1fdfd1", "like": false, "stats": {"checkinsCount": 2371, "tipCount": 5, "usersCount": 181}, "beenHere": {"lastCheckinExpiredAt": 0}, "categories": [{"id": "4bf58dd8d48988d1a3941735", "primary": true, "icon": {"prefix": "https://ss3.4sqi.net/img/categories_v2/education/residencehall_", "suffix": ".png"}, "pluralName": "College Residence Halls", "shortName": "Residence Hall", "name": "College Residence Hall"}], "verified": false, "location": {"address": "52 Nanyang Walk", "lat": 1.350802415446709, "city": "Singapore", "formattedAddress": ["52 Nanyang Walk", "Singapore"], "lng": 103.68178023971085, "labeledLatLngs": [{"lng": 103.68178023971085, "label": "display", "lat": 1.350802415446709}], "country": "Singapore", "cc": "SG"}, "contact": {}, "venueRatingBlacklisted": true, "name": "Hall of Residence 3"}, "width": 540, "suffix": "/ZP4U0YL1DURJ14ADHLRWTCFWYJXD3JDEMYWPYKAHEOGPSZZ4.jpg"}], "count": 8}, "totalCount": 8}, "meta": {"code": 200, "requestId": "595a7d6bf594df3c2537c5b8"}, "notifications": [{"item": {"unreadCount": 0}, "type": "notificationTray"}]}