{"meta": {"code": 200, "requestId": "595ae8bc1ed21919fc717ed1"}, "notifications": [{"item": {"unreadCount": 0}, "type": "notificationTray"}], "response": {"photos": {"items": [{"height": 800, "source": {"url": "https://foursquare.com/download/#/android", "name": "Foursquare for Android"}, "width": 600, "prefix": "https://igx.4sqi.net/img/general/", "createdAt": 1362963105, "id": "513d2aa1e4b0812643366a3b", "venue": {"like": false, "location": {"cc": "SG", "country": "Singapore", "lat": 1.3256584337950317, "lng": 103.90152178372313, "labeledLatLngs": [{"label": "display", "lat": 1.3256584337950317, "lng": 103.90152178372313}], "formattedAddress": ["Singapore"]}, "categories": [{"icon": {"prefix": "https://ss3.4sqi.net/img/categories_v2/food/coffeeshop_", "suffix": ".png"}, "name": "Coffee Shop", "id": "4bf58dd8d48988d1e0931735", "pluralName": "Coffee Shops", "primary": true, "shortName": "Coffee Shop"}], "verified": false, "contact": {}, "allowMenuUrlEdit": true, "stats": {"tipCount": 33, "usersCount": 569, "checkinsCount": 2401}, "id": "4c43f54b36d6a593c9e069a8", "name": "Ubi 350 Eating House", "beenHere": {"lastCheckinExpiredAt": 0}}, "suffix": "/1043643_Bvw7gsdvqj8ycs4DT7CGvkuKVg6eHyZL8rjuVv4pUbM.jpg", "visibility": "public"}, {"height": 720, "source": {"url": "https://foursquare.com/download/#/android", "name": "Foursquare for Android"}, "width": 960, "prefix": "https://igx.4sqi.net/img/general/", "createdAt": 1361766652, "id": "512ae8fce4b0173c0038449e", "venue": {"url": "http://www.pizzaiola.com.sg", "like": false, "location": {"formattedAddress": ["15-3 Jalan Riang", "358987", "Singapore"], "city": "Singapore", "lng": 103.86756017626621, "cc": "SG", "country": "Singapore", "lat": 1.3474230851291518, "address": "15-3 Jalan Riang", "labeledLatLngs": [{"label": "display", "lat": 1.3474230851291518, "lng": 103.86756017626621}], "postalCode": "358987"}, "categories": [{"icon": {"prefix": "https://ss3.4sqi.net/img/categories_v2/food/pizza_", "suffix": ".png"}, "name": "Pizza Place", "id": "4bf58dd8d48988d1ca941735", "pluralName": "Pizza Places", "primary": true, "shortName": "Pizza"}], "verified": false, "contact": {"formattedPhone": "+65 6282 5031", "phone": "+6562825031", "facebookName": "La Pizzaiola - Food for Love", "facebookUsername": "lapizzaiolafoodforlove", "facebook": "356152311150301"}, "allowMenuUrlEdit": true, "stats": {"tipCount": 29, "usersCount": 622, "checkinsCount": 894}, "id": "4f96dc0de4b03fde9298aa7c", "name": "La Pizzaiola", "beenHere": {"lastCheckinExpiredAt": 0}}, "suffix": "/1043643_VBOkZkaMKtO8HS1VwLJQEQBKxY4BZ5Ml8N6GDJN8x40.jpg", "visibility": "public"}, {"height": 960, "source": {"url": "https://foursquare.com/download/#/android", "name": "Foursquare for Android"}, "width": 712, "prefix": "https://igx.4sqi.net/img/general/", "createdAt": 1360843211, "id": "511cd1cbe4b096f9627358f4", "venue": {"location": {"formattedAddress": ["#02-02, Chijmes (30 Victoria St)", "187996", "Singapore"], "city": "Singapore", "lng": 103.85244808323544, "cc": "SG", "country": "Singapore", "lat": 1.2949891991102054, "address": "#02-02, Chijmes", "crossStreet": "30 Victoria St", "postalCode": "187996"}, "contact": {"formattedPhone": "+65 6336 3166", "phone": "+6563363166"}, "verified": false, "allowMenuUrlEdit": true, "stats": {"tipCount": 7, "usersCount": 458, "checkinsCount": 582}, "id": "4bbda8c9a0a0c9b6b9d41b0f", "url": "http://www.sundining.com.sg", "closed": true, "like": false, "categories": [{"icon": {"prefix": "https://ss3.4sqi.net/img/categories_v2/food/japanese_", "suffix": ".png"}, "name": "Japanese Restaurant", "id": "4bf58dd8d48988d111941735", "pluralName": "Japanese Restaurants", "primary": true, "shortName": "Japanese"}], "beenHere": {"lastCheckinExpiredAt": 0}, "name": "Japanese Dining SUN"}, "suffix": "/1043643_g6CUu6cUpZpEAk1VWYVRlgk0Fi_ZXfHiEMNZOH2EfcI.jpg", "visibility": "public"}, {"height": 540, "source": {"url": "https://foursquare.com/download/#/android", "name": "Foursquare for Android"}, "width": 720, "prefix": "https://igx.4sqi.net/img/general/", "createdAt": 1349177745, "id": "506ad191e4b09c252f938416", "venue": {"venueRatingBlacklisted": true, "like": false, "location": {"formattedAddress": ["65 Cairnhill Rd.", "048623", "Singapore"], "city": "Singapore", "lng": 103.83626103401184, "cc": "SG", "country": "Singapore", "lat": 1.3080587023989252, "address": "65 Cairnhill Rd.", "labeledLatLngs": [{"label": "display", "lat": 1.3080587023989252, "lng": 103.83626103401184}], "postalCode": "048623"}, "categories": [{"icon": {"prefix": "https://ss3.4sqi.net/img/categories_v2/building/apartment_", "suffix": ".png"}, "name": "Residential Building (Apartment / Condo)", "id": "4d954b06a243a5684965b473", "pluralName": "Residential Buildings (Apartments / Condos)", "primary": true, "shortName": "Residential"}], "verified": false, "contact": {"formattedPhone": "+65 6533 7337", "phone": "+6565337337"}, "beenHere": {"lastCheckinExpiredAt": 0}, "stats": {"tipCount": 1, "usersCount": 202, "checkinsCount": 472}, "id": "4dc17b68d22da015335065f3", "name": "The Ritz-Carlton Residences"}, "suffix": "/1043643_BTKeBq8sIQEoEfswehOSnnhCx7YAzbHg22mCDRBQbl4.jpg", "visibility": "public"}, {"height": 540, "source": {"url": "https://foursquare.com/download/#/android", "name": "Foursquare for Android"}, "width": 720, "prefix": "https://igx.4sqi.net/img/general/", "createdAt": 1346491365, "id": "5041d3e5e4b0364d8543e5a9", "venue": {"closed": true, "like": false, "location": {"formattedAddress": ["#B2-52/53/54/55, Marina Bay Link Mall (8A Marina Blvd.)", "018984", "Singapore"], "city": "Singapore", "lng": 103.8532350710044, "cc": "SG", "country": "Singapore", "crossStreet": "8A Marina Blvd.", "lat": 1.280673051753522, "address": "#B2-52/53/54/55, Marina Bay Link Mall", "labeledLatLngs": [{"label": "display", "lat": 1.280673051753522, "lng": 103.8532350710044}], "postalCode": "018984"}, "categories": [{"icon": {"prefix": "https://ss3.4sqi.net/img/categories_v2/shops/mobilephoneshop_", "suffix": ".png"}, "name": "Mobile Phone Shop", "id": "4f04afc02fb6e1c99f3db0bc", "pluralName": "Mobile Phone Shops", "primary": true, "shortName": "Mobile Phones"}], "verified": false, "contact": {}, "allowMenuUrlEdit": true, "stats": {"tipCount": 3, "usersCount": 232, "checkinsCount": 547}, "id": "4d13ff6f85fc6dcb34db934e", "name": "StarHub", "beenHere": {"lastCheckinExpiredAt": 0}}, "suffix": "/mxoqNydArUNt4_Y3QqhXu-3G-dHT3bMnYwinmE1Fgfc.jpg", "visibility": "public"}, {"height": 540, "source": {"url": "https://foursquare.com/download/#/android", "name": "Foursquare for Android"}, "width": 720, "prefix": "https://igx.4sqi.net/img/general/", "createdAt": 1346115562, "id": "503c17eae4b081ce9e83f46e", "venue": {"like": false, "location": {"city": "Singapore", "lng": 103.89929294586182, "cc": "SG", "country": "Singapore", "lat": 1.3338600586126377, "address": "1 Ubi Rd 4", "labeledLatLngs": [{"label": "display", "lat": 1.3338600586126377, "lng": 103.89929294586182}], "formattedAddress": ["1 Ubi Rd 4", "Singapore"]}, "categories": [{"icon": {"prefix": "https://ss3.4sqi.net/img/categories_v2/shops/automotive_", "suffix": ".png"}, "name": "Auto Dealership", "id": "4eb1c1623b7b52c0e1adc2ec", "pluralName": "Auto Dealerships", "primary": true, "shortName": "Auto Dealer"}], "verified": false, "contact": {}, "allowMenuUrlEdit": true, "stats": {"tipCount": 1, "usersCount": 56, "checkinsCount": 70}, "id": "4ce0f0957e2e236ae7c08d1b", "name": "Alpine Motors (Chevrolet)", "beenHere": {"lastCheckinExpiredAt": 0}}, "suffix": "/_tpqwQwM5gCk0yM9A2hfpPsVRSXR3a3H6EeYAZoXFJA.jpg", "visibility": "public"}, {"height": 720, "source": {"url": "https://foursquare.com/download/#/android", "name": "Foursquare for Android"}, "width": 540, "prefix": "https://igx.4sqi.net/img/general/", "createdAt": 1345604364, "id": "50344b0ce4b0bd1965b5ec99", "venue": {"closed": true, "like": false, "location": {"city": "\u5c16\u6c99\u5480", "lng": 114.17233425861747, "cc": "HK", "state": "Kowloon City", "lat": 22.296534092689463, "address": "Shop 203, 2/F, CKE Shopping Mall, 36-44 Nathan Rd", "formattedAddress": ["Shop 203, 2/F, CKE Shopping Mall, 36-44 Nathan Rd", "Kowloon City", "\u9999\u6e2f"], "country": "\u9999\u6e2f"}, "categories": [{"icon": {"prefix": "https://ss3.4sqi.net/img/categories_v2/food/bakery_", "suffix": ".png"}, "name": "Bakery", "id": "4bf58dd8d48988d16a941735", "pluralName": "Bakeries", "primary": true, "shortName": "Bakery"}], "verified": false, "contact": {"formattedPhone": "+852 2311 8070", "phone": "+85223118070"}, "allowMenuUrlEdit": true, "stats": {"tipCount": 9, "usersCount": 150, "checkinsCount": 177}, "id": "4d0daa41be6d6ea83b9106b5", "name": "Jenny Bakery \u73cd\u59ae\u9905\u5e97", "beenHere": {"lastCheckinExpiredAt": 0}}, "suffix": "/vK3Shm7oP9kWdYtxBvH130hjN84x8hisYsZ0N2WrxlY.jpg", "visibility": "public"}, {"height": 720, "source": {"url": "https://foursquare.com/download/#/android", "name": "Foursquare for Android"}, "width": 540, "prefix": "https://igx.4sqi.net/img/general/", "createdAt": 1345599889, "id": "50343991e4b047ee92127d99", "venue": {"closed": true, "like": false, "location": {"city": "\u5c16\u6c99\u5480", "lng": 114.1731818719898, "cc": "HK", "state": "Kowloon City", "lat": 22.29795870224628, "address": "4B-6H Carnarvon Rd", "formattedAddress": ["4B-6H Carnarvon Rd", "Kowloon City", "\u9999\u6e2f"], "country": "\u9999\u6e2f"}, "categories": [{"icon": {"prefix": "https://ss3.4sqi.net/img/categories_v2/food/asian_", "suffix": ".png"}, "name": "Chinese Restaurant", "id": "4bf58dd8d48988d145941735", "pluralName": "Chinese Restaurants", "primary": true, "shortName": "Chinese"}], "verified": false, "contact": {"formattedPhone": "+852 2723 4551", "phone": "+85227234551"}, "allowMenuUrlEdit": true, "stats": {"tipCount": 0, "usersCount": 29, "checkinsCount": 52}, "id": "4d2d591bfd2e236a63a7efde", "name": "\u9673\u8aa0\u8a18\u8336\u9910\u5ef3", "beenHere": {"lastCheckinExpiredAt": 0}}, "suffix": "/c9i_K36KJycfW_qIHKObh0YJ8A7li6XeRasoNiuuB0g.jpg", "visibility": "public"}, {"height": 540, "source": {"url": "https://foursquare.com/download/#/android", "name": "Foursquare for Android"}, "tip": {"agreeCount": 0, "canonicalUrl": "https://foursquare.com/item/5033925ce4b020d49f14e9d3", "todo": {"count": 0}, "logView": true, "disagreeCount": 0, "createdAt": 1345557084, "id": "5033925ce4b020d49f14e9d3", "text": "As new outlet for dessert lovers. Must try their house dessert, mango, grapefruit and sago.", "likes": {"groups": [], "count": 0}, "like": false, "type": "user"}, "width": 720, "prefix": "https://igx.4sqi.net/img/general/", "createdAt": 1345557089, "id": "50339261e4b00095ef625972", "venue": {"closed": true, "like": false, "location": {"city": "\u5c16\u6c99\u5480", "lng": 114.17402948373588, "cc": "HK", "state": "Kowloon City", "lat": 22.29848188819712, "address": "22-24 Prat Ave", "formattedAddress": ["22-24 Prat Ave", "Kowloon City", "\u9999\u6e2f"], "country": "\u9999\u6e2f"}, "categories": [{"icon": {"prefix": "https://ss3.4sqi.net/img/categories_v2/food/dessert_", "suffix": ".png"}, "name": "Dessert Shop", "id": "4bf58dd8d48988d1d0941735", "pluralName": "Dessert Shops", "primary": true, "shortName": "Desserts"}], "verified": false, "contact": {"formattedPhone": "+852 2396 6928", "phone": "+85223966928"}, "allowMenuUrlEdit": true, "stats": {"tipCount": 1, "usersCount": 80, "checkinsCount": 99}, "id": "4f89340be4b0202c0601fdbe", "name": "Lucky Dessert \u767c\u8a18\u751c\u54c1", "beenHere": {"lastCheckinExpiredAt": 0}}, "suffix": "/KKZ_oPyzErFpwRwb6iNL4k9NleejBB5ZmCsLB9v-NOU.jpg", "visibility": "public"}, {"height": 720, "source": {"url": "https://foursquare.com/download/#/android", "name": "Foursquare for Android"}, "width": 540, "prefix": "https://igx.4sqi.net/img/general/", "createdAt": 1345542773, "id": "50335a75e4b0d660de6aea51", "venue": {"location": {"city": "\u94dc\u9523\u6e7e", "lng": 114.183813, "cc": "HK", "country": "\u9999\u6e2f", "lat": 22.279809, "address": "8-10/F, Hysan Place, 500 Hennessy Rd", "labeledLatLngs": [{"label": "display", "lat": 22.279809, "lng": 114.183813}], "formattedAddress": ["8-10/F, Hysan Place, 500 Hennessy Rd", "\u9999\u6e2f"]}, "contact": {"formattedPhone": "+852 3419 6789", "phone": "+85234196789", "facebookName": "\u8aa0\u54c1\u9999\u6e2f eslite@HK", "facebookUsername": "eslitehk", "facebook": "402614929781053"}, "verified": true, "allowMenuUrlEdit": true, "stats": {"tipCount": 54, "usersCount": 3898, "checkinsCount": 8745}, "id": "4ff44a45f31c307dc1999e9f", "storeId": "BK01", "url": "http://facebook.com/eslite.member", "like": false, "categories": [{"icon": {"prefix": "https://ss3.4sqi.net/img/categories_v2/shops/bookstore_", "suffix": ".png"}, "name": "Bookstore", "id": "4bf58dd8d48988d114951735", "pluralName": "Bookstores", "primary": true, "shortName": "Bookstore"}], "beenHere": {"lastCheckinExpiredAt": 0}, "name": "Eslite Bookstore (\u8aa0\u54c1\u66f8\u5e97)"}, "suffix": "/oRtM05FI0FXLtlmRWExwUhIg_2HbBJ_MNjlZ3UGh6Nw.jpg", "visibility": "public"}, {"height": 720, "source": {"url": "https://foursquare.com/download/#/android", "name": "Foursquare for Android"}, "width": 540, "prefix": "https://igx.4sqi.net/img/general/", "createdAt": 1345538798, "id": "50334aeee4b03e0d621af475", "venue": {"url": "http://www.yungkee.com.hk", "like": false, "location": {"city": "\u4e2d\u74b0", "lng": 114.155653, "cc": "HK", "state": "\u4e2d\u897f\u5340", "neighborhood": "Central", "lat": 22.281452, "address": "32-40 Wellington St", "labeledLatLngs": [{"label": "display", "lat": 22.281452, "lng": 114.155653}], "formattedAddress": ["32-40 Wellington St", "\u4e2d\u897f\u5340", "\u9999\u6e2f"], "country": "\u9999\u6e2f"}, "categories": [{"icon": {"prefix": "https://ss3.4sqi.net/img/categories_v2/food/asian_", "suffix": ".png"}, "name": "Hong Kong Restaurant", "id": "52af3add3cf9994f4e043bf5", "pluralName": "Hong Kong Restaurants", "primary": true, "shortName": "Hong Kong"}], "verified": false, "contact": {"formattedPhone": "+852 2522 1624", "phone": "+85225221624"}, "allowMenuUrlEdit": true, "stats": {"tipCount": 140, "usersCount": 6024, "checkinsCount": 7928}, "id": "4b0588d8f964a520d7dc22e3", "name": "Yung Kee Restaurant (\u93de\u8a18\u9152\u5bb6)", "beenHere": {"lastCheckinExpiredAt": 0}}, "suffix": "/HHRC46QAakbDOx2lT3hEGzIgaA_GF00QqFklF9n1GF0.jpg", "visibility": "public"}, {"height": 540, "source": {"url": "https://foursquare.com/download/#/android", "name": "Foursquare for Android"}, "width": 720, "prefix": "https://igx.4sqi.net/img/general/", "createdAt": 1345536986, "id": "503343dae4b00095ef3b48ef", "venue": {"like": false, "location": {"city": "\u4e2d\u74b0", "lng": 114.15458625535999, "cc": "HK", "state": "\u4e2d\u897f\u5340", "lat": 22.28309434665138, "address": "77 Wellington St", "labeledLatLngs": [{"label": "display", "lat": 22.28309434665138, "lng": 114.15458625535999}], "formattedAddress": ["77 Wellington St", "\u4e2d\u897f\u5340", "\u9999\u6e2f"], "country": "\u9999\u6e2f"}, "categories": [{"icon": {"prefix": "https://ss3.4sqi.net/img/categories_v2/food/ramen_", "suffix": ".png"}, "name": "Noodle House", "id": "4bf58dd8d48988d1d1941735", "pluralName": "Noodle Houses", "primary": true, "shortName": "Noodles"}], "verified": false, "contact": {"formattedPhone": "+852 2854 3810", "phone": "+85228543810"}, "allowMenuUrlEdit": true, "stats": {"tipCount": 80, "usersCount": 2154, "checkinsCount": 2787}, "id": "4cededaf62ef6dcb450bf659", "name": "Mak's Noodle (\u9ea5\u5940\u96f2\u541e\u9eb5\u4e16\u5bb6)", "beenHere": {"lastCheckinExpiredAt": 0}}, "suffix": "/ZzsNoxfF0DwUoijX9i6M5-MaX1Ap74wJi3m9prar8E0.jpg", "visibility": "public"}, {"height": 540, "source": {"url": "https://foursquare.com/download/#/android", "name": "Foursquare for Android"}, "width": 720, "prefix": "https://igx.4sqi.net/img/general/", "createdAt": 1345524635, "id": "5033139be4b0d660de51a180", "venue": {"like": false, "location": {"city": "\u4e2d\u74b0", "lng": 114.15534100988515, "cc": "HK", "state": "\u4e2d\u897f\u5340", "neighborhood": "Central", "lat": 22.28260313775357, "address": "G/F, 34-38 Stanley St", "labeledLatLngs": [{"label": "display", "lat": 22.28260313775357, "lng": 114.15534100988515}], "formattedAddress": ["G/F, 34-38 Stanley St", "\u4e2d\u897f\u5340", "\u9999\u6e2f"], "country": "\u9999\u6e2f"}, "categories": [{"icon": {"prefix": "https://ss3.4sqi.net/img/categories_v2/food/asian_", "suffix": ".png"}, "name": "Cantonese Restaurant", "id": "52af3a7c3cf9994f4e043bed", "pluralName": "Cantonese Restaurants", "primary": true, "shortName": "Cantonese"}], "verified": false, "contact": {"formattedPhone": "+852 2524 3882", "phone": "+85225243882"}, "allowMenuUrlEdit": true, "stats": {"tipCount": 115, "usersCount": 2652, "checkinsCount": 3732}, "id": "4ed70871be7b3567163a9b79", "name": "Yat Lok Restaurant \u4e00\u6a02\u71d2\u9d5d (\u4e00\u6a02\u71d2\u9d5d)", "beenHere": {"lastCheckinExpiredAt": 0}}, "suffix": "/n7ei4Tq5_GZS3Di1wyY_52pX1EvrQ418bOYavIyhUI8.jpg", "visibility": "public"}, {"height": 540, "source": {"url": "https://foursquare.com/download/#/android", "name": "Foursquare for Android"}, "width": 720, "prefix": "https://igx.4sqi.net/img/general/", "createdAt": 1345515431, "id": "5032efa7e4b063168b2ee346", "venue": {"like": false, "location": {"city": "Ap Lei Chau", "lng": 114.1489894203492, "cc": "HK", "country": "\u9999\u6e2f", "lat": 22.243440468161037, "address": "2/F, Marina Square", "labeledLatLngs": [{"label": "display", "lat": 22.243440468161037, "lng": 114.1489894203492}], "formattedAddress": ["2/F, Marina Square", "\u9999\u6e2f"]}, "categories": [{"icon": {"prefix": "https://ss3.4sqi.net/img/categories_v2/shops/apparel_accessories_", "suffix": ".png"}, "name": "Accessories Store", "id": "4bf58dd8d48988d102951735", "pluralName": "Accessories Stores", "primary": true, "shortName": "Accessories"}], "verified": false, "contact": {"formattedPhone": "+852 2814 9576", "phone": "+85228149576"}, "allowMenuUrlEdit": true, "stats": {"tipCount": 21, "usersCount": 841, "checkinsCount": 1361}, "id": "4bcad012b6c49c74652d9191", "name": "Prada Space Outlet", "beenHere": {"lastCheckinExpiredAt": 0}}, "suffix": "/ER7gCqCNAmiHXkeMMKMipHWrO4VBKj6Qe0x0kjaBs5E.jpg", "visibility": "public"}, {"height": 720, "source": {"url": "https://foursquare.com/download/#/android", "name": "Foursquare for Android"}, "width": 540, "prefix": "https://igx.4sqi.net/img/general/", "createdAt": 1345451363, "id": "5031f563e4b0b49bb6856473", "venue": {"url": "http://www.isquare.hk", "like": false, "location": {"city": "\u5c16\u6c99\u5480", "lng": 114.1720613964325, "cc": "HK", "country": "\u9999\u6e2f", "lat": 22.2966863783281, "address": "63 Nathan Rd", "crossStreet": "at Peking Rd", "formattedAddress": ["63 Nathan Rd (at Peking Rd)", "\u9999\u6e2f"]}, "categories": [{"icon": {"prefix": "https://ss3.4sqi.net/img/categories_v2/shops/mall_", "suffix": ".png"}, "name": "Shopping Mall", "id": "4bf58dd8d48988d1fd941735", "pluralName": "Shopping Malls", "primary": true, "shortName": "Mall"}], "verified": false, "contact": {"formattedPhone": "+852 3665 3333", "phone": "+85236653333", "facebookName": "iSQUARE", "facebookUsername": "iSQUARE", "facebook": "216209152244"}, "beenHere": {"lastCheckinExpiredAt": 0}, "stats": {"tipCount": 96, "usersCount": 14286, "checkinsCount": 25959}, "id": "4b3db69ef964a520759625e3", "name": "iSQUARE"}, "suffix": "/SgWGmmGCatuV6Qm_jmN0LqqjcQN5Vtg5L-PNg-fAmLg.jpg", "visibility": "public"}, {"height": 540, "source": {"url": "https://foursquare.com/download/#/android", "name": "Foursquare for Android"}, "width": 720, "prefix": "https://igx.4sqi.net/img/general/", "createdAt": 1345432693, "id": "5031ac75e4b0dea803a178d0", "venue": {"venueRatingBlacklisted": true, "like": false, "location": {"city": "Lai Chi Kok", "state": "Sham Shui Po", "cc": "HK", "country": "\u9999\u6e2f", "lat": 22.33976579477473, "lng": 114.1358679345547, "labeledLatLngs": [{"label": "display", "lat": 22.33976579477473, "lng": 114.1358679345547}], "formattedAddress": ["Sham Shui Po", "\u9999\u6e2f"]}, "categories": [{"icon": {"prefix": "https://ss3.4sqi.net/img/categories_v2/parks_outdoors/neighborhood_", "suffix": ".png"}, "name": "Neighborhood", "id": "4f2a25ac4b909258e854f55f", "pluralName": "Neighborhoods", "primary": true, "shortName": "Neighborhood"}], "verified": false, "contact": {}, "beenHere": {"lastCheckinExpiredAt": 0}, "stats": {"tipCount": 0, "usersCount": 377, "checkinsCount": 833}, "id": "4bb960e4935e9521b31d2790", "name": "Lai Chi Kok \u8354\u679d\u89d2"}, "suffix": "/fn3S1_y_O5CuYa47m5_jCmlHQ5YAj1sFmoZUkpPm_Us.jpg", "visibility": "public"}, {"height": 540, "source": {"url": "https://foursquare.com/download/#/android", "name": "Foursquare for Android"}, "width": 720, "prefix": "https://igx.4sqi.net/img/general/", "createdAt": 1345382903, "id": "5030e9f7e4b0b66653629a92", "venue": {"like": false, "location": {"city": "\u5c16\u6c99\u5480", "lng": 114.17152147714452, "cc": "HK", "state": "Kowloon City", "lat": 22.297967804688792, "address": "52 Lock Rd", "labeledLatLngs": [{"label": "display", "lat": 22.297967804688792, "lng": 114.17152147714452}], "formattedAddress": ["52 Lock Rd", "Kowloon City", "\u9999\u6e2f"], "country": "\u9999\u6e2f"}, "categories": [{"icon": {"prefix": "https://ss3.4sqi.net/img/categories_v2/food/ramen_", "suffix": ".png"}, "name": "Noodle House", "id": "4bf58dd8d48988d1d1941735", "pluralName": "Noodle Houses", "primary": true, "shortName": "Noodles"}], "verified": false, "contact": {"formattedPhone": "+852 2368 2528", "phone": "+85223682528"}, "allowMenuUrlEdit": true, "stats": {"tipCount": 16, "usersCount": 827, "checkinsCount": 1052}, "id": "4c6e354e06ed6dcb2f2ea622", "name": "Chee Kei (Chee Kei \u6c60\u8a18)", "beenHere": {"lastCheckinExpiredAt": 0}}, "suffix": "/Yj0ywTKqdyy7S-_nRmVYSjp3cN73uHaWyoAL04WBMCE.jpg", "visibility": "public"}, {"height": 540, "source": {"url": "https://foursquare.com/download/#/android", "name": "Foursquare for Android"}, "width": 720, "prefix": "https://igx.4sqi.net/img/general/", "createdAt": 1343953909, "id": "501b1bf5e4b06599d26e0691", "venue": {"location": {"formattedAddress": ["185/187/189/191 Jln Besar", "208879", "Singapore"], "city": "Singapore", "lng": 103.85696624765926, "cc": "SG", "country": "Singapore", "lat": 1.3080327981536433, "address": "185/187/189/191 Jln Besar", "postalCode": "208879"}, "contact": {"formattedPhone": "+65 6225 7788", "phone": "+6562257788"}, "verified": false, "allowMenuUrlEdit": true, "stats": {"tipCount": 236, "usersCount": 17819, "checkinsCount": 44691}, "menu": {"url": "http://www.sweechoon.com/en/menu_1.htm", "label": "Menu", "anchor": "View Menu", "mobileUrl": "http://www.sweechoon.com/en/menu_1.htm", "type": "Menu", "externalUrl": "http://www.sweechoon.com/en/menu_1.htm"}, "beenHere": {"lastCheckinExpiredAt": 0}, "url": "http://www.sweechoon.com", "like": false, "categories": [{"icon": {"prefix": "https://ss3.4sqi.net/img/categories_v2/food/dimsum_", "suffix": ".png"}, "name": "Dim Sum Restaurant", "id": "4bf58dd8d48988d1f5931735", "pluralName": "Dim Sum Restaurants", "primary": true, "shortName": "Dim Sum"}], "id": "4bb610c81344b71318e99c04", "name": "Swee Choon Tim Sum Restaurant"}, "suffix": "/0oubl0Crod0LEUXpxEcYiakwT52i4y0hQ8Ah7fvQp1g.jpg", "visibility": "public"}, {"height": 720, "source": {"url": "https://foursquare.com/download/#/android", "name": "Foursquare for Android"}, "width": 540, "prefix": "https://igx.4sqi.net/img/general/", "createdAt": 1338776904, "id": "4fcc1d48e4b0dc2778d679b3", "venue": {"like": false, "location": {"formattedAddress": ["19 Tanglin Rd", "247909", "Singapore"], "city": "Singapore", "lng": 103.82703479312387, "cc": "SG", "country": "Singapore", "lat": 1.3064658233716175, "address": "19 Tanglin Rd", "labeledLatLngs": [{"label": "display", "lat": 1.3064658233716175, "lng": 103.82703479312387}], "postalCode": "247909"}, "categories": [{"icon": {"prefix": "https://ss3.4sqi.net/img/categories_v2/shops/mall_", "suffix": ".png"}, "name": "Shopping Mall", "id": "4bf58dd8d48988d1fd941735", "pluralName": "Shopping Malls", "primary": true, "shortName": "Mall"}], "verified": false, "contact": {}, "beenHere": {"lastCheckinExpiredAt": 0}, "stats": {"tipCount": 14, "usersCount": 2128, "checkinsCount": 4562}, "id": "4b058814f964a5209fb022e3", "name": "Tanglin Shopping Centre"}, "suffix": "/rtgskmDNpX3V_qJbYb82aRWKXbvo3FOcMZTbmKWYCjA.jpg", "visibility": "public"}, {"height": 540, "source": {"url": "https://foursquare.com/download/#/android", "name": "Foursquare for Android"}, "width": 720, "prefix": "https://igx.4sqi.net/img/general/", "createdAt": 1329476899, "id": "4f3e3523e4b02744e46a5b36", "venue": {"like": false, "location": {"formattedAddress": ["30 Seng Poh Rd", "168898", "Singapore"], "city": "Singapore", "lng": 103.83244653619246, "cc": "SG", "country": "Singapore", "lat": 1.2849011392236278, "address": "30 Seng Poh Rd", "postalCode": "168898"}, "categories": [{"icon": {"prefix": "https://ss3.4sqi.net/img/categories_v2/shops/food_foodcourt_", "suffix": ".png"}, "name": "Food Court", "id": "4bf58dd8d48988d120951735", "pluralName": "Food Courts", "primary": true, "shortName": "Food Court"}], "verified": false, "contact": {}, "allowMenuUrlEdit": true, "stats": {"tipCount": 276, "usersCount": 9947, "checkinsCount": 25316}, "id": "4b06afa3f964a520a1ee22e3", "name": "Tiong Bahru Market & Food Centre", "beenHere": {"lastCheckinExpiredAt": 0}}, "suffix": "/_bLAr6x27zohfMhTo70gSUGxlBQ5qk6IwO4R6hV9Slc.jpg", "visibility": "public"}, {"height": 540, "source": {"url": "https://foursquare.com/download/#/android", "name": "Foursquare for Android"}, "width": 720, "prefix": "https://igx.4sqi.net/img/general/", "createdAt": 1325849100, "id": "4f06da0ce4b0ca3a5a937313", "venue": {"like": false, "location": {"formattedAddress": ["30 Seng Poh Rd", "168898", "Singapore"], "city": "Singapore", "lng": 103.83244653619246, "cc": "SG", "country": "Singapore", "lat": 1.2849011392236278, "address": "30 Seng Poh Rd", "postalCode": "168898"}, "categories": [{"icon": {"prefix": "https://ss3.4sqi.net/img/categories_v2/shops/food_foodcourt_", "suffix": ".png"}, "name": "Food Court", "id": "4bf58dd8d48988d120951735", "pluralName": "Food Courts", "primary": true, "shortName": "Food Court"}], "verified": false, "contact": {}, "allowMenuUrlEdit": true, "stats": {"tipCount": 276, "usersCount": 9947, "checkinsCount": 25316}, "id": "4b06afa3f964a520a1ee22e3", "name": "Tiong Bahru Market & Food Centre", "beenHere": {"lastCheckinExpiredAt": 0}}, "suffix": "/0EUNFRK0VHRCT1RXWFDHDVVIZ00ITYHLFG2KKA14FBJLTJOL.jpg", "visibility": "public"}, {"height": 540, "source": {"url": "https://foursquare.com/download/#/android", "name": "Foursquare for Android"}, "width": 720, "prefix": "https://igx.4sqi.net/img/general/", "createdAt": 1325133819, "id": "4efbeffbbe7bd3135a08a71f", "venue": {"like": false, "location": {"cc": "SG", "country": "Singapore", "lat": 1.3360413339988213, "lng": 103.9029094225193, "labeledLatLngs": [{"label": "display", "lat": 1.3360413339988213, "lng": 103.9029094225193}], "formattedAddress": ["Singapore"]}, "categories": [{"icon": {"prefix": "https://ss3.4sqi.net/img/categories_v2/shops/automotive_", "suffix": ".png"}, "name": "Automotive Shop", "id": "4bf58dd8d48988d124951735", "pluralName": "Automotive Shops", "primary": true, "shortName": "Automotive"}], "verified": false, "contact": {}, "allowMenuUrlEdit": true, "stats": {"tipCount": 5, "usersCount": 79, "checkinsCount": 189}, "id": "4b91fee5f964a520b1e233e3", "name": "South East Tyre Co", "beenHere": {"lastCheckinExpiredAt": 0}}, "suffix": "/XONSZXTEM35KCO55PTLPSE4VYGF5MATDN4OYVEABQYAW4MUJ.jpg", "visibility": "public"}, {"height": 720, "source": {"url": "https://foursquare.com/download/#/android", "name": "Foursquare for Android"}, "width": 540, "prefix": "https://igx.4sqi.net/img/general/", "createdAt": 1318236165, "id": "4e92b005d22d95ed0d6f04ed", "venue": {"location": {"formattedAddress": ["#01-04, Cineleisure Orchard (8 Grange Rd)", "238165", "Singapore"], "city": "Singapore", "lng": 103.83664701287294, "cc": "SG", "country": "Singapore", "crossStreet": "8 Grange Rd", "lat": 1.3010667564343437, "address": "#01-04, Cineleisure Orchard", "labeledLatLngs": [{"label": "display", "lat": 1.3010667564343437, "lng": 103.83664701287294}], "postalCode": "238165"}, "contact": {"formattedPhone": "+65 6737 4404", "twitter": "oldtown_wcoffee", "phone": "+6567374404"}, "verified": false, "allowMenuUrlEdit": true, "stats": {"tipCount": 68, "usersCount": 5208, "checkinsCount": 9759}, "id": "4b666248f964a520bb1f2be3", "url": "http://www.oldtown.com.my", "closed": true, "like": false, "categories": [{"icon": {"prefix": "https://ss3.4sqi.net/img/categories_v2/food/coffeeshop_", "suffix": ".png"}, "name": "Coffee Shop", "id": "4bf58dd8d48988d1e0931735", "pluralName": "Coffee Shops", "primary": true, "shortName": "Coffee Shop"}], "beenHere": {"lastCheckinExpiredAt": 0}, "name": "OldTown White Coffee"}, "suffix": "/HOAK3Y5S5RUEJYW0WTFONHISOSMWZVR1N2QQAD43WGQFSIGJ.jpg", "visibility": "public"}, {"height": 540, "source": {"url": "https://foursquare.com/download/#/android", "name": "Foursquare for Android"}, "width": 720, "prefix": "https://igx.4sqi.net/img/general/", "createdAt": 1316480819, "id": "4e77e733d22dc865f0b1b365", "venue": {"like": false, "location": {"formattedAddress": ["35 Keong Saik Rd", "089143", "Singapore"], "city": "Singapore", "lng": 103.84154962048238, "cc": "SG", "country": "Singapore", "lat": 1.2801161791484827, "address": "35 Keong Saik Rd", "labeledLatLngs": [{"label": "display", "lat": 1.2801161791484827, "lng": 103.84154962048238}], "postalCode": "089143"}, "categories": [{"icon": {"prefix": "https://ss3.4sqi.net/img/categories_v2/food/coffeeshop_", "suffix": ".png"}, "name": "Coffee Shop", "id": "4bf58dd8d48988d1e0931735", "pluralName": "Coffee Shops", "primary": true, "shortName": "Coffee Shop"}], "verified": false, "contact": {}, "allowMenuUrlEdit": true, "stats": {"tipCount": 54, "usersCount": 1176, "checkinsCount": 2557}, "id": "4b89f35bf964a520375832e3", "name": "Tong Ah Eating House \u4e1c\u4e9a", "beenHere": {"lastCheckinExpiredAt": 0}}, "suffix": "/TRYVLWIZ3YLROALYMHG1JBVMQGIX3FS2HRE2RT2PL1UEMGF4.jpg", "visibility": "public"}, {"height": 720, "source": {"url": "https://foursquare.com/download/#/android", "name": "Foursquare for Android"}, "width": 540, "prefix": "https://igx.4sqi.net/img/general/", "createdAt": 1315020302, "id": "4e619e0ed22d509a3946e95c", "venue": {"like": false, "location": {"formattedAddress": ["#01-14 Jubilee Square (61 Ang Mo Kio Ave 8)", "569814", "Singapore"], "city": "Singapore", "lng": 103.84783382216138, "cc": "SG", "country": "Singapore", "crossStreet": "61 Ang Mo Kio Ave 8", "lat": 1.3715347384405716, "address": "#01-14 Jubilee Square", "labeledLatLngs": [{"label": "display", "lat": 1.3715347384405716, "lng": 103.84783382216138}], "postalCode": "569814"}, "categories": [{"icon": {"prefix": "https://ss3.4sqi.net/img/categories_v2/food/bubble_", "suffix": ".png"}, "name": "Bubble Tea Shop", "id": "52e81612bcbc57f1066b7a0c", "pluralName": "Bubble Tea Shops", "primary": true, "shortName": "Bubble Tea"}], "verified": false, "contact": {"instagram": "liho.sg", "facebookName": "LiHO Singapore", "formattedPhone": "+65 6456 6476", "phone": "+6564566476", "facebookUsername": "lihosg", "facebook": "106945532684605"}, "allowMenuUrlEdit": true, "stats": {"tipCount": 14, "usersCount": 1673, "checkinsCount": 3516}, "id": "4d23ed07836f5481bc403ff7", "name": "LiHO", "beenHere": {"lastCheckinExpiredAt": 0}}, "suffix": "/UGFFMDIQNSYBZ5PXXXLOOSIEGNP5KHDXKW4B5SR250KSYRAP.jpg", "visibility": "public"}, {"height": 540, "source": {"url": "https://foursquare.com/download/#/android", "name": "Foursquare for Android"}, "width": 720, "prefix": "https://igx.4sqi.net/img/general/", "createdAt": 1313557459, "id": "4e4b4bd3d4c0ae552d80f336", "venue": {"like": false, "location": {"lng": 103.89175207214171, "cc": "SG", "country": "Singapore", "lat": 1.3220022493566228, "address": "20 jalan afifi", "labeledLatLngs": [{"label": "display", "lat": 1.3220022493566228, "lng": 103.89175207214171}], "formattedAddress": ["20 jalan afifi", "Singapore"]}, "categories": [{"icon": {"prefix": "https://ss3.4sqi.net/img/categories_v2/food/asian_", "suffix": ".png"}, "name": "Asian Restaurant", "id": "4bf58dd8d48988d142941735", "pluralName": "Asian Restaurants", "primary": true, "shortName": "Asian"}], "verified": false, "contact": {}, "allowMenuUrlEdit": true, "stats": {"tipCount": 2, "usersCount": 85, "checkinsCount": 252}, "id": "4ca2b619750ca09336fa1267", "name": "Canteen @ Certis Cisco", "beenHere": {"lastCheckinExpiredAt": 0}}, "suffix": "/TNWPDSPNFPKS3H50VGG0H4E0WTK3KR5EKF1RESLBK2HSIFGB.jpg", "visibility": "public"}, {"height": 540, "source": {"url": "https://foursquare.com/download/#/android", "name": "Foursquare for Android"}, "width": 720, "prefix": "https://igx.4sqi.net/img/general/", "createdAt": 1305782635, "id": "4dd4a96b40a3fce11ca582e4", "venue": {"closed": true, "like": false, "location": {"country": "Singapore", "lat": 1.373195, "lng": 103.85412, "formattedAddress": ["Singapore"], "cc": "SG"}, "categories": [{"icon": {"prefix": "https://ss3.4sqi.net/img/categories_v2/shops/food_foodcourt_", "suffix": ".png"}, "name": "Food Court", "id": "4bf58dd8d48988d120951735", "pluralName": "Food Courts", "primary": true, "shortName": "Food Court"}], "verified": false, "contact": {}, "allowMenuUrlEdit": true, "stats": {"tipCount": 2, "usersCount": 54, "checkinsCount": 74}, "id": "4cdd08e022bd721eb5b4fe47", "name": "Veri Nice Eating House Blk 531 Botak Jones", "beenHere": {"lastCheckinExpiredAt": 0}}, "suffix": "/XXPTJF04AJPTXEZIEGRCRZ515GG2YXGWJMKACPCF0XQ3TYZB.jpg", "visibility": "public"}, {"height": 540, "source": {"url": "https://foursquare.com/download/#/android", "name": "Foursquare for Android"}, "width": 720, "prefix": "https://igx.4sqi.net/img/general/", "createdAt": 1301184391, "id": "4d8e7f8731732da1473cde35", "venue": {"venueRatingBlacklisted": true, "like": false, "location": {"formattedAddress": ["50 Kg. San Theng (Bishan Ln.)", "576498", "Singapore"], "city": "Singapore", "lng": 103.84405760484364, "cc": "SG", "country": "Singapore", "crossStreet": "Bishan Ln.", "lat": 1.3453884112803673, "address": "50 Kg. San Theng", "labeledLatLngs": [{"label": "display", "lat": 1.3453884112803673, "lng": 103.84405760484364}], "postalCode": "576498"}, "categories": [{"icon": {"prefix": "https://ss3.4sqi.net/img/categories_v2/building/religious_temple_", "suffix": ".png"}, "name": "Temple", "id": "4bf58dd8d48988d13a941735", "pluralName": "Temples", "primary": true, "shortName": "Temple"}], "verified": false, "contact": {}, "beenHere": {"lastCheckinExpiredAt": 0}, "stats": {"tipCount": 1, "usersCount": 1224, "checkinsCount": 2390}, "id": "4bbff0c9abf4952104a8be93", "name": "Kwong Wai Siew Peck San Theng \u78a7\u5c71\u4ead"}, "suffix": "/KMK3FN3RB4522ZYG1FFBI1KKWC3KE1BMW54TAM04T2VKKZKO.jpg", "visibility": "public"}], "count": 28}, "totalCount": 28}}