{"meta": {"code": 200, "requestId": "595b3173db04f562f0a591b9"}, "notifications": [{"item": {"unreadCount": 0}, "type": "notificationTray"}], "response": {"photos": {"items": [{"height": 1440, "source": {"url": "https://www.swarmapp.com", "name": "Swarm for iOS"}, "width": 1440, "prefix": "https://igx.4sqi.net/img/general/", "createdAt": 1498911864, "id": "59579478123a195de6b2c503", "venue": {"like": false, "location": {"lng": 103.94837, "cc": "SG", "country": "Singapore", "lat": 1.3314866, "address": "The Bedok Market Place", "labeledLatLngs": [{"label": "display", "lat": 1.3314866, "lng": 103.94837}], "formattedAddress": ["The Bedok Market Place", "Singapore"]}, "categories": [{"icon": {"prefix": "https://ss3.4sqi.net/img/categories_v2/food/seafood_", "suffix": ".png"}, "name": "Seafood Restaurant", "id": "4bf58dd8d48988d1ce941735", "pluralName": "Seafood Restaurants", "primary": true, "shortName": "Seafood"}], "verified": false, "contact": {}, "allowMenuUrlEdit": true, "stats": {"tipCount": 1, "usersCount": 8, "checkinsCount": 11}, "id": "576e77c5498e585a66d7bab4", "name": "Wholly Crab Seafood BAR", "beenHere": {"lastCheckinExpiredAt": 0}}, "suffix": "/1044816_SDDz4Ybw1q-9gc7Y2IySpguL5qScuWrXTciwhjlXHrs.jpg", "visibility": "public"}, {"height": 1440, "source": {"url": "https://www.swarmapp.com", "name": "Swarm for iOS"}, "width": 1440, "prefix": "https://igx.4sqi.net/img/general/", "createdAt": 1498653761, "id": "5953a44172475029e35a1df9", "venue": {"like": false, "location": {"formattedAddress": ["Block C, Goodman Arts Centre (90 Goodman Rd.)", "439053", "Singapore"], "city": "Singapore", "lng": 103.88473530137347, "cc": "SG", "country": "Singapore", "crossStreet": "90 Goodman Rd.", "lat": 1.304421478194738, "address": "Block C, Goodman Arts Centre", "labeledLatLngs": [{"label": "display", "lat": 1.304421478194738, "lng": 103.88473530137347}], "postalCode": "439053"}, "categories": [{"icon": {"prefix": "https://ss3.4sqi.net/img/categories_v2/food/italian_", "suffix": ".png"}, "name": "Italian Restaurant", "id": "4bf58dd8d48988d110941735", "pluralName": "Italian Restaurants", "primary": true, "shortName": "Italian"}], "verified": false, "contact": {"formattedPhone": "+65 6346 5813", "phone": "+6563465813"}, "allowMenuUrlEdit": true, "stats": {"tipCount": 24, "usersCount": 396, "checkinsCount": 608}, "id": "4e0f215ca8099e15260f6c25", "name": "La Barca Ristorante and Wine Bar", "beenHere": {"lastCheckinExpiredAt": 0}}, "suffix": "/1044816_GTHSiM6SucVfsEmfedauUJZKpE0LlpSLTzeLaRU7fAs.jpg", "visibility": "public"}, {"height": 1440, "source": {"url": "https://www.swarmapp.com", "name": "Swarm for iOS"}, "width": 1920, "prefix": "https://igx.4sqi.net/img/general/", "createdAt": 1498653759, "id": "5953a43f7269fe2ab78f593a", "venue": {"like": false, "location": {"formattedAddress": ["Block C, Goodman Arts Centre (90 Goodman Rd.)", "439053", "Singapore"], "city": "Singapore", "lng": 103.88473530137347, "cc": "SG", "country": "Singapore", "crossStreet": "90 Goodman Rd.", "lat": 1.304421478194738, "address": "Block C, Goodman Arts Centre", "labeledLatLngs": [{"label": "display", "lat": 1.304421478194738, "lng": 103.88473530137347}], "postalCode": "439053"}, "categories": [{"icon": {"prefix": "https://ss3.4sqi.net/img/categories_v2/food/italian_", "suffix": ".png"}, "name": "Italian Restaurant", "id": "4bf58dd8d48988d110941735", "pluralName": "Italian Restaurants", "primary": true, "shortName": "Italian"}], "verified": false, "contact": {"formattedPhone": "+65 6346 5813", "phone": "+6563465813"}, "allowMenuUrlEdit": true, "stats": {"tipCount": 24, "usersCount": 396, "checkinsCount": 608}, "id": "4e0f215ca8099e15260f6c25", "name": "La Barca Ristorante and Wine Bar", "beenHere": {"lastCheckinExpiredAt": 0}}, "suffix": "/1044816_OF_QAgieVMnKM2JBzA6TGIJxjYh7AZLoZ-Hdji4bp1E.jpg", "visibility": "public"}, {"height": 1440, "source": {"url": "https://www.swarmapp.com", "name": "Swarm for iOS"}, "width": 1920, "prefix": "https://igx.4sqi.net/img/general/", "createdAt": 1498653756, "id": "5953a43ceacf45405be8a123", "venue": {"like": false, "location": {"formattedAddress": ["Block C, Goodman Arts Centre (90 Goodman Rd.)", "439053", "Singapore"], "city": "Singapore", "lng": 103.88473530137347, "cc": "SG", "country": "Singapore", "crossStreet": "90 Goodman Rd.", "lat": 1.304421478194738, "address": "Block C, Goodman Arts Centre", "labeledLatLngs": [{"label": "display", "lat": 1.304421478194738, "lng": 103.88473530137347}], "postalCode": "439053"}, "categories": [{"icon": {"prefix": "https://ss3.4sqi.net/img/categories_v2/food/italian_", "suffix": ".png"}, "name": "Italian Restaurant", "id": "4bf58dd8d48988d110941735", "pluralName": "Italian Restaurants", "primary": true, "shortName": "Italian"}], "verified": false, "contact": {"formattedPhone": "+65 6346 5813", "phone": "+6563465813"}, "allowMenuUrlEdit": true, "stats": {"tipCount": 24, "usersCount": 396, "checkinsCount": 608}, "id": "4e0f215ca8099e15260f6c25", "name": "La Barca Ristorante and Wine Bar", "beenHere": {"lastCheckinExpiredAt": 0}}, "suffix": "/1044816_dwEcV5V4TAfCCF4f6K_Afb2k4F4m942bgA_QT2XOwco.jpg", "visibility": "public"}, {"height": 1440, "source": {"url": "https://www.swarmapp.com", "name": "Swarm for iOS"}, "width": 1920, "prefix": "https://igx.4sqi.net/img/general/", "createdAt": 1497339837, "id": "593f97bdff19026384e5b8f2", "venue": {"url": "https://www.gordonramsayrestaurants.com/bread-street-kitchen-singapore", "like": false, "location": {"formattedAddress": ["L1-81 The Shoppes at Marina Bay Sands (2 Bayfront Avenue)", "018956", "Singapore"], "city": "Singapore", "lng": 103.85754943019366, "cc": "SG", "country": "Singapore", "crossStreet": "2 Bayfront Avenue", "lat": 1.2826046987468895, "address": "L1-81 The Shoppes at Marina Bay Sands", "labeledLatLngs": [{"label": "display", "lat": 1.2826046987468895, "lng": 103.85754943019366}], "postalCode": "018956"}, "categories": [{"icon": {"prefix": "https://ss3.4sqi.net/img/categories_v2/food/default_", "suffix": ".png"}, "name": "Restaurant", "id": "4bf58dd8d48988d1c4941735", "pluralName": "Restaurants", "primary": true, "shortName": "Restaurant"}], "verified": false, "contact": {"twitter": "gordonramsaygrp", "instagram": "gordonramsayrestaurants", "facebookName": "Gordon Ramsay Restaurants", "formattedPhone": "+65 6688 5665", "phone": "+6566885665", "facebookUsername": "GordonRamsayRestaurants", "facebook": "835435889811464"}, "allowMenuUrlEdit": true, "stats": {"tipCount": 55, "usersCount": 1624, "checkinsCount": 2066}, "id": "54f99867498e08315e7d686d", "name": "Bread Street Kitchen", "beenHere": {"lastCheckinExpiredAt": 0}}, "suffix": "/1044816_JbuJz2d6CwLsi6mOLnU9B2frBPWBaafWOC8O1Be5zwE.jpg", "visibility": "public"}, {"height": 1024, "source": {"url": "https://www.swarmapp.com", "name": "Swarm for iOS"}, "width": 1920, "prefix": "https://igx.4sqi.net/img/general/", "createdAt": 1496017121, "id": "592b68e13af98844ff7fb9c9", "venue": {"url": "http://www.tongsaibay.co.th", "like": false, "location": {"formattedAddress": ["84 Moo 5", "Koh Samui", "Surat Thani 84320", "\u0e1b\u0e23\u0e30\u0e40\u0e17\u0e28\u0e44\u0e17\u0e22"], "city": "Koh Samui", "lng": 100.07984164343107, "cc": "TH", "state": "Surat Thani", "lat": 9.578821673090118, "address": "84 Moo 5", "labeledLatLngs": [{"label": "display", "lat": 9.578821673090118, "lng": 100.07984164343107}], "postalCode": "84320", "country": "\u0e1b\u0e23\u0e30\u0e40\u0e17\u0e28\u0e44\u0e17\u0e22"}, "categories": [{"icon": {"prefix": "https://ss3.4sqi.net/img/categories_v2/travel/hotel_", "suffix": ".png"}, "name": "Hotel", "id": "4bf58dd8d48988d1fa931735", "pluralName": "Hotels", "primary": true, "shortName": "Hotel"}], "verified": false, "contact": {"formattedPhone": "+66 77 245 480", "phone": "+6677245480"}, "allowMenuUrlEdit": true, "stats": {"tipCount": 17, "usersCount": 424, "checkinsCount": 1008}, "id": "4bc8f42d762beee102bd3d38", "name": "The Tongsai Bay", "beenHere": {"lastCheckinExpiredAt": 0}}, "suffix": "/1044816_XQk5MdObtAUEGn-r5tOtJMHEgM4SU4Fb1b72uG_Ujj4.jpg", "visibility": "public"}, {"height": 1920, "source": {"url": "https://www.swarmapp.com", "name": "Swarm for iOS"}, "width": 1440, "prefix": "https://igx.4sqi.net/img/general/", "createdAt": 1492150496, "id": "58f068e0da5e561607a7d60d", "venue": {"location": {"formattedAddress": ["#01-05, I12 Katong (112 East Coast Road)", "428802", "Singapore"], "city": "Singapore", "lng": 103.90508270263672, "cc": "SG", "country": "Singapore", "crossStreet": "112 East Coast Road", "lat": 1.3057063817977905, "address": "#01-05, I12 Katong", "labeledLatLngs": [{"label": "display", "lat": 1.3057063817977905, "lng": 103.90508270263672}], "postalCode": "428802", "neighborhood": "Katong"}, "contact": {"formattedPhone": "+65 6443 6088", "phone": "+6564436088", "facebookName": "Artisan Boulangerie Co.", "facebookUsername": "artisanboulangerie", "facebook": "158399701017506"}, "verified": false, "allowMenuUrlEdit": true, "stats": {"tipCount": 5, "usersCount": 196, "checkinsCount": 328}, "menu": {"url": "http://artisanbakery.com.sg/full-menu-2/", "label": "Menu", "anchor": "View Menu", "mobileUrl": "http://artisanbakery.com.sg/full-menu-2/", "type": "Menu", "externalUrl": "http://artisanbakery.com.sg/full-menu-2/"}, "beenHere": {"lastCheckinExpiredAt": 0}, "url": "http://artisanbakery.com.sg", "like": false, "categories": [{"icon": {"prefix": "https://ss3.4sqi.net/img/categories_v2/food/default_", "suffix": ".png"}, "name": "Bistro", "id": "52e81612bcbc57f1066b79f1", "pluralName": "Bistros", "primary": true, "shortName": "Bistro"}], "id": "540d8119498e8f0de5840a64", "name": "abc artisan boulangerie company"}, "suffix": "/1044816_UoIcQPHGUAPSPGlGkn2pRuJ2-WJCJTHDmGWpRM5CJY8.jpg", "visibility": "public"}, {"height": 1920, "source": {"url": "https://www.swarmapp.com", "name": "Swarm for iOS"}, "width": 1440, "prefix": "https://igx.4sqi.net/img/general/", "createdAt": 1486704566, "id": "589d4fb604f4d7127743750d", "venue": {"like": false, "location": {"formattedAddress": ["333 Orchard Road (333 Orchard Road)", "238867", "Singapore"], "city": "Singapore", "lng": 103.8366583350883, "cc": "SG", "country": "Singapore", "crossStreet": "333 Orchard Road", "lat": 1.3020003596769683, "address": "333 Orchard Road", "labeledLatLngs": [{"label": "display", "lat": 1.3020003596769683, "lng": 103.8366583350883}], "postalCode": "238867"}, "categories": [{"icon": {"prefix": "https://ss3.4sqi.net/img/categories_v2/food/japanese_", "suffix": ".png"}, "name": "Japanese Restaurant", "id": "4bf58dd8d48988d111941735", "pluralName": "Japanese Restaurants", "primary": true, "shortName": "Japanese"}], "verified": true, "contact": {"formattedPhone": "+65 6831 6262", "phone": "+6568316262", "facebookName": "Shisen Hanten by Mandarin Orchard Singapore", "facebookUsername": "shisenhanten", "facebook": "676141985750695"}, "allowMenuUrlEdit": true, "stats": {"tipCount": 10, "usersCount": 241, "checkinsCount": 329}, "id": "52a7ffa811d2ca4f9d274e51", "name": "Shisen Hanten", "beenHere": {"lastCheckinExpiredAt": 0}, "venuePage": {"id": "73977616"}}, "suffix": "/1044816_pIKCHE2ZPRPT4IrrA6jRT2q5kx61Anlcgf9UGJVMMM4.jpg", "visibility": "public"}, {"height": 1920, "source": {"url": "https://www.swarmapp.com", "name": "Swarm for iOS"}, "width": 1440, "prefix": "https://igx.4sqi.net/img/general/", "createdAt": 1486038126, "id": "5893246e7ff1e438608a9359", "venue": {"location": {"formattedAddress": ["#02-34 Liang Court (177 River Valley Rd.)", "179030", "Singapore"], "city": "Singapore", "lng": 103.84498608032834, "cc": "SG", "country": "Singapore", "crossStreet": "177 River Valley Rd.", "lat": 1.2916998226277885, "address": "#02-34 Liang Court", "labeledLatLngs": [{"label": "display", "lat": 1.2916998226277885, "lng": 103.84498608032834}], "postalCode": "179030"}, "contact": {"formattedPhone": "+65 8307 1995", "phone": "+6583071995"}, "verified": true, "allowMenuUrlEdit": true, "stats": {"tipCount": 13, "usersCount": 285, "checkinsCount": 570}, "id": "506a7a41e4b05499f5c82fb7", "storeId": "", "url": "http://www.thirsty.com.sg", "like": false, "categories": [{"icon": {"prefix": "https://ss3.4sqi.net/img/categories_v2/shops/food_liquor_", "suffix": ".png"}, "name": "Liquor Store", "id": "4bf58dd8d48988d186941735", "pluralName": "Liquor Stores", "primary": true, "shortName": "Liquor Store"}], "beenHere": {"lastCheckinExpiredAt": 0}, "name": "Thirsty The Beer Shop", "venuePage": {"id": "41906138"}}, "suffix": "/1044816_x-8yramnvIz5_aZ0_CQPVQXhPxm7eQQbE-qRM34pSSw.jpg", "visibility": "public"}, {"height": 1440, "source": {"url": "https://foursquare.com/download/#/iphone", "name": "Foursquare for iOS"}, "tip": {"agreeCount": 0, "canonicalUrl": "https://foursquare.com/item/5866fa0265ca0133fdcf1bac", "todo": {"count": 0}, "logView": true, "disagreeCount": 0, "createdAt": 1483143682, "id": "5866fa0265ca0133fdcf1bac", "text": "The ambience, service staff and food - all top notch. Highly recommend the bacon wrapped dates with a\u00efoli and the burrata with sweet potato and Thai basil. Simply divine!", "likes": {"groups": [], "count": 0}, "like": false, "type": "user"}, "width": 1440, "prefix": "https://igx.4sqi.net/img/general/", "createdAt": 1483143684, "id": "5866fa0472714f3f6a1f12ef", "venue": {"like": false, "location": {"formattedAddress": ["110 Telok Ayer St", "068579", "Singapore"], "city": "Singapore", "lng": 103.8483603495557, "cc": "SG", "country": "Singapore", "lat": 1.2822122954297004, "address": "110 Telok Ayer St", "labeledLatLngs": [{"label": "display", "lat": 1.2822122954297004, "lng": 103.8483603495557}], "postalCode": "068579"}, "categories": [{"icon": {"prefix": "https://ss3.4sqi.net/img/categories_v2/food/mediterranean_", "suffix": ".png"}, "name": "Mediterranean Restaurant", "id": "4bf58dd8d48988d1c0941735", "pluralName": "Mediterranean Restaurants", "primary": true, "shortName": "Mediterranean"}], "verified": true, "contact": {"formattedPhone": "+65 6636 8055", "phone": "+6566368055", "facebookName": "Moosehead Kitchen - Bar", "facebookUsername": "MooseheadKitchenBar", "facebook": "451087588321260"}, "allowMenuUrlEdit": true, "stats": {"tipCount": 32, "usersCount": 444, "checkinsCount": 736}, "id": "51e92406498e64318bd8b45e", "name": "Moosehead Kitchen", "beenHere": {"lastCheckinExpiredAt": 0}, "venuePage": {"id": "72443931"}}, "suffix": "/1044816_uOOhFT3CRVf2axsxnTyQ4rMAFjMwUlMHqLUZuXXjWTs.jpg", "visibility": "public"}, {"height": 1440, "source": {"url": "https://www.swarmapp.com", "name": "Swarm for iOS"}, "width": 1440, "prefix": "https://igx.4sqi.net/img/general/", "createdAt": 1483098303, "id": "586648bfb12d9f3e94f96821", "venue": {"like": false, "location": {"formattedAddress": ["110 Telok Ayer St", "068579", "Singapore"], "city": "Singapore", "lng": 103.8483603495557, "cc": "SG", "country": "Singapore", "lat": 1.2822122954297004, "address": "110 Telok Ayer St", "labeledLatLngs": [{"label": "display", "lat": 1.2822122954297004, "lng": 103.8483603495557}], "postalCode": "068579"}, "categories": [{"icon": {"prefix": "https://ss3.4sqi.net/img/categories_v2/food/mediterranean_", "suffix": ".png"}, "name": "Mediterranean Restaurant", "id": "4bf58dd8d48988d1c0941735", "pluralName": "Mediterranean Restaurants", "primary": true, "shortName": "Mediterranean"}], "verified": true, "contact": {"formattedPhone": "+65 6636 8055", "phone": "+6566368055", "facebookName": "Moosehead Kitchen - Bar", "facebookUsername": "MooseheadKitchenBar", "facebook": "451087588321260"}, "allowMenuUrlEdit": true, "stats": {"tipCount": 32, "usersCount": 444, "checkinsCount": 736}, "id": "51e92406498e64318bd8b45e", "name": "Moosehead Kitchen", "beenHere": {"lastCheckinExpiredAt": 0}, "venuePage": {"id": "72443931"}}, "suffix": "/1044816_a9u-wqKg2KzbBxOIJfnWK52tfD_XEP6BKfyANVuHaF0.jpg", "visibility": "public"}, {"height": 1440, "source": {"url": "https://www.swarmapp.com", "name": "Swarm for iOS"}, "width": 1440, "prefix": "https://igx.4sqi.net/img/general/", "createdAt": 1482026260, "id": "5855ed1404aa4f461f8b56aa", "venue": {"url": "http://lanting.com.sg", "like": false, "location": {"formattedAddress": ["#01-02, Springvale (907 East Coast Road)", "459107", "Singapore"], "lng": 103.92467737197875, "cc": "SG", "country": "Singapore", "crossStreet": "907 East Coast Road", "lat": 1.3127298885596623, "address": "#01-02, Springvale", "labeledLatLngs": [{"label": "display", "lat": 1.3127298885596623, "lng": 103.92467737197875}], "postalCode": "459107"}, "categories": [{"icon": {"prefix": "https://ss3.4sqi.net/img/categories_v2/food/dimsum_", "suffix": ".png"}, "name": "Dim Sum Restaurant", "id": "4bf58dd8d48988d1f5931735", "pluralName": "Dim Sum Restaurants", "primary": true, "shortName": "Dim Sum"}], "verified": false, "contact": {"formattedPhone": "+65 6444 0888", "phone": "+6564440888"}, "allowMenuUrlEdit": true, "stats": {"tipCount": 2, "usersCount": 40, "checkinsCount": 58}, "id": "57359d70498e3705d1042d51", "name": "Lan Ting Cuisine & Wine", "beenHere": {"lastCheckinExpiredAt": 0}}, "suffix": "/1044816_c1En8W_3vFRE52uQMYZgFrCoqibtMAvRN-HQszOXm8I.jpg", "visibility": "public"}, {"height": 1440, "source": {"url": "https://www.swarmapp.com", "name": "Swarm for iOS"}, "width": 1440, "prefix": "https://igx.4sqi.net/img/general/", "createdAt": 1479267385, "id": "582bd439c4c9fa42dbe7fdfa", "venue": {"like": false, "location": {"formattedAddress": ["2 First Street (#01-01)", "458278", "Singapore"], "city": "Singapore", "lng": 103.92342546089559, "cc": "SG", "country": "Singapore", "crossStreet": "#01-01", "lat": 1.313033410236581, "address": "2 First Street", "labeledLatLngs": [{"label": "display", "lat": 1.313033410236581, "lng": 103.92342546089559}], "postalCode": "458278"}, "categories": [{"icon": {"prefix": "https://ss3.4sqi.net/img/categories_v2/food/coffeeshop_", "suffix": ".png"}, "name": "Coffee Shop", "id": "4bf58dd8d48988d1e0931735", "pluralName": "Coffee Shops", "primary": true, "shortName": "Coffee Shop"}], "verified": false, "contact": {"formattedPhone": "+65 6538 3145", "phone": "+6565383145"}, "allowMenuUrlEdit": true, "stats": {"tipCount": 30, "usersCount": 615, "checkinsCount": 1167}, "id": "534a5dd011d2903a085881ce", "name": "Craftsmen Specialty Coffee", "beenHere": {"lastCheckinExpiredAt": 0}}, "suffix": "/1044816_e6vGma8fUsHC_2a8O4PcRlwFlrwbNT3ZHOIk1T1xfOU.jpg", "visibility": "public"}, {"height": 1440, "source": {"url": "https://www.swarmapp.com", "name": "Swarm for iOS"}, "width": 1440, "prefix": "https://igx.4sqi.net/img/general/", "createdAt": 1467530159, "id": "5778bbaf498e5a7c125367c2", "venue": {"url": "http://www.nobiro.sg", "like": false, "location": {"formattedAddress": ["108 Faber Drive", "129418", "Singapore"], "lng": 103.75654343906162, "cc": "SG", "country": "Singapore", "lat": 1.320435459499971, "address": "108 Faber Drive", "labeledLatLngs": [{"label": "display", "lat": 1.320435459499971, "lng": 103.75654343906162}], "postalCode": "129418"}, "categories": [{"icon": {"prefix": "https://ss3.4sqi.net/img/categories_v2/food/japanese_", "suffix": ".png"}, "name": "Japanese Restaurant", "id": "4bf58dd8d48988d111941735", "pluralName": "Japanese Restaurants", "primary": true, "shortName": "Japanese"}], "verified": false, "contact": {"formattedPhone": "+65 6873 0095", "phone": "+6568730095"}, "allowMenuUrlEdit": true, "stats": {"tipCount": 2, "usersCount": 33, "checkinsCount": 212}, "id": "556853ec498e362ccb7b7cf8", "name": "Nobiro Japanese Restaurant & Sake bar", "beenHere": {"lastCheckinExpiredAt": 0}}, "suffix": "/1044816_gmZ5UWz3WdCs4w8zYsW8QCrLbGAFhuxnWfQBIo5XTUI.jpg", "visibility": "public"}, {"height": 1920, "source": {"url": "https://www.swarmapp.com", "name": "Swarm for iOS"}, "width": 1440, "prefix": "https://igx.4sqi.net/img/general/", "createdAt": 1466338579, "id": "57668d13498e5783ed3024f3", "venue": {"url": "http://www.deckerbarbecue.com", "like": false, "location": {"city": "Singapore", "lng": 103.83907564970188, "cc": "SG", "country": "Singapore", "crossStreet": "60 Robertson Quay", "lat": 1.290415768860437, "address": "01-17 The Quayside", "labeledLatLngs": [{"label": "display", "lat": 1.290415768860437, "lng": 103.83907564970188}], "formattedAddress": ["01-17 The Quayside (60 Robertson Quay)", "Singapore"]}, "categories": [{"icon": {"prefix": "https://ss3.4sqi.net/img/categories_v2/food/bbqalt_", "suffix": ".png"}, "name": "BBQ Joint", "id": "4bf58dd8d48988d1df931735", "pluralName": "BBQ Joints", "primary": true, "shortName": "BBQ"}], "verified": false, "contact": {"formattedPhone": "+65 6635 8565", "phone": "+6566358565", "facebookName": "Decker Barbecue", "facebookUsername": "deckerbarbecue", "facebook": "1490540987942606"}, "allowMenuUrlEdit": true, "stats": {"tipCount": 10, "usersCount": 124, "checkinsCount": 209}, "id": "5639f618cd10008abf58293f", "name": "Decker Barbecue", "beenHere": {"lastCheckinExpiredAt": 0}}, "suffix": "/1044816_OD1KxKT2aVemDA10JIov4hBQC5XK12TxLsi9Q4SNZJE.jpg", "visibility": "public"}, {"height": 1440, "source": {"url": "https://www.swarmapp.com", "name": "Swarm for iOS"}, "width": 1440, "prefix": "https://igx.4sqi.net/img/general/", "createdAt": 1465455642, "id": "5759141a498e7323ff9ab068", "venue": {"url": "http://www.gardensbythebay.com.sg/en/the-gardens/attractions/flower-dome.html", "like": false, "location": {"formattedAddress": ["Gardens by the Bay (18 Marina Gardens Dr)", "018953", "Singapore"], "city": "Singapore", "lng": 103.86472463607788, "cc": "SG", "country": "Singapore", "crossStreet": "18 Marina Gardens Dr", "lat": 1.2845095712658272, "address": "Gardens by the Bay", "labeledLatLngs": [{"label": "display", "lat": 1.2845095712658272, "lng": 103.86472463607788}], "postalCode": "018953"}, "categories": [{"icon": {"prefix": "https://ss3.4sqi.net/img/categories_v2/parks_outdoors/botanicalgarden_", "suffix": ".png"}, "name": "Botanical Garden", "id": "52e81612bcbc57f1066b7a22", "pluralName": "Botanical Gardens", "primary": true, "shortName": "Botanical Garden"}], "verified": false, "contact": {"formattedPhone": "+65 6420 6848", "phone": "+6564206848"}, "beenHere": {"lastCheckinExpiredAt": 0}, "stats": {"tipCount": 99, "usersCount": 11394, "checkinsCount": 15052}, "id": "4ec776940e6158bafe84d124", "name": "Flower Dome"}, "suffix": "/1044816_yFN-rcm1WiafRUWqjRhskDhW6zr6Gb2G5-Ng8Ov90s4.jpg", "visibility": "public"}, {"height": 1438, "source": {"url": "https://www.swarmapp.com", "name": "Swarm for iOS"}, "width": 1920, "prefix": "https://igx.4sqi.net/img/general/", "createdAt": 1465445427, "id": "5758ec33498e16b16baf6d2b", "venue": {"url": "http://www.gardensbythebay.com.sg/en/the-gardens/attractions/cloud-forest.html", "like": false, "location": {"formattedAddress": ["Gardens By The Bay (18 Marina Gardens Dr.)", "018953", "Singapore"], "city": "Singapore", "lng": 103.86573314666748, "cc": "SG", "country": "Singapore", "crossStreet": "18 Marina Gardens Dr.", "lat": 1.283866002786424, "address": "Gardens By The Bay", "labeledLatLngs": [{"label": "display", "lat": 1.283866002786424, "lng": 103.86573314666748}], "postalCode": "018953"}, "categories": [{"icon": {"prefix": "https://ss3.4sqi.net/img/categories_v2/parks_outdoors/botanicalgarden_", "suffix": ".png"}, "name": "Botanical Garden", "id": "52e81612bcbc57f1066b7a22", "pluralName": "Botanical Gardens", "primary": true, "shortName": "Botanical Garden"}], "verified": false, "contact": {"formattedPhone": "+65 6420 6848", "phone": "+6564206848"}, "beenHere": {"lastCheckinExpiredAt": 0}, "stats": {"tipCount": 109, "usersCount": 9088, "checkinsCount": 10875}, "id": "4ebf36e87beb53400029dd0e", "name": "Cloud Forest"}, "suffix": "/1044816_-AUTj-OvleqkrShrk0vOJV_0wlSng2o2x8XFLoadhKo.jpg", "visibility": "public"}, {"height": 1920, "source": {"url": "https://www.swarmapp.com", "name": "Swarm for iOS"}, "width": 1440, "prefix": "https://igx.4sqi.net/img/general/", "createdAt": 1459065020, "id": "56f790bc498e9eff49bc1413", "venue": {"location": {"formattedAddress": ["B1 Big Hotel, 200 Middle Rd", "188980", "Singapore"], "city": "Singapore", "lng": 103.85152521848934, "cc": "SG", "country": "Singapore", "lat": 1.3005483190015268, "address": "B1 Big Hotel, 200 Middle Rd", "labeledLatLngs": [{"label": "display", "lat": 1.3005483190015268, "lng": 103.85152521848934}], "postalCode": "188980"}, "contact": {"formattedPhone": "+65 6809 7988", "phone": "+6568097988"}, "verified": false, "allowMenuUrlEdit": true, "stats": {"tipCount": 16, "usersCount": 417, "checkinsCount": 529}, "id": "549d5bc7498ef625894fb44e", "url": "http://www.bighotel.com/#!dining-in-singapore/content/details/78/restaurant-dining-cafe-FROTH", "closed": true, "like": false, "categories": [{"icon": {"prefix": "https://ss3.4sqi.net/img/categories_v2/food/diner_", "suffix": ".png"}, "name": "Diner", "id": "4bf58dd8d48988d147941735", "pluralName": "Diners", "primary": true, "shortName": "Diner"}], "beenHere": {"lastCheckinExpiredAt": 0}, "name": "Froth"}, "suffix": "/1044816_2z22b-3pWxLc77NRqg8H_0cWYfVsMbWafkKjinJIuSI.jpg", "visibility": "public"}, {"height": 1440, "source": {"url": "https://www.swarmapp.com", "name": "Swarm for iOS"}, "width": 1440, "prefix": "https://igx.4sqi.net/img/general/", "createdAt": 1459064983, "id": "56f79097498e8cf106d4cf69", "venue": {"location": {"formattedAddress": ["B1 Big Hotel, 200 Middle Rd", "188980", "Singapore"], "city": "Singapore", "lng": 103.85152521848934, "cc": "SG", "country": "Singapore", "lat": 1.3005483190015268, "address": "B1 Big Hotel, 200 Middle Rd", "labeledLatLngs": [{"label": "display", "lat": 1.3005483190015268, "lng": 103.85152521848934}], "postalCode": "188980"}, "contact": {"formattedPhone": "+65 6809 7988", "phone": "+6568097988"}, "verified": false, "allowMenuUrlEdit": true, "stats": {"tipCount": 16, "usersCount": 417, "checkinsCount": 529}, "id": "549d5bc7498ef625894fb44e", "url": "http://www.bighotel.com/#!dining-in-singapore/content/details/78/restaurant-dining-cafe-FROTH", "closed": true, "like": false, "categories": [{"icon": {"prefix": "https://ss3.4sqi.net/img/categories_v2/food/diner_", "suffix": ".png"}, "name": "Diner", "id": "4bf58dd8d48988d147941735", "pluralName": "Diners", "primary": true, "shortName": "Diner"}], "beenHere": {"lastCheckinExpiredAt": 0}, "name": "Froth"}, "suffix": "/1044816_6Qut6N27ntffgYuoH1YsFCUe9eIiYKNqsfbsUoC4_4w.jpg", "visibility": "public"}, {"height": 1440, "source": {"url": "https://www.swarmapp.com", "name": "Swarm for iOS"}, "width": 1440, "prefix": "https://igx.4sqi.net/img/general/", "createdAt": 1448347682, "id": "56540822498eb2b5f7d2452c", "venue": {"venueRatingBlacklisted": true, "like": false, "location": {"formattedAddress": ["Hard Rock Hotel Penang (Batu Ferringhi Beach)", "11100 Batu Ferringhi, Pulau Pinang", "Malaysia"], "city": "Batu Feringgi", "lng": 100.24144531888611, "cc": "MY", "state": "Pulau Pinang", "crossStreet": "Batu Ferringhi Beach", "lat": 5.468028095558065, "address": "Hard Rock Hotel Penang", "labeledLatLngs": [{"label": "display", "lat": 5.468028095558065, "lng": 100.24144531888611}], "postalCode": "11100", "country": "Malaysia"}, "categories": [{"icon": {"prefix": "https://ss3.4sqi.net/img/categories_v2/parks_outdoors/pool_", "suffix": ".png"}, "name": "Hotel Pool", "id": "4bf58dd8d48988d132951735", "pluralName": "Hotel Pools", "primary": true, "shortName": "Pool"}], "verified": false, "contact": {}, "allowMenuUrlEdit": true, "stats": {"tipCount": 10, "usersCount": 1152, "checkinsCount": 1909}, "id": "4cfafacbd7206ea898683c69", "name": "Rockin' Swimming Pool", "beenHere": {"lastCheckinExpiredAt": 0}}, "suffix": "/1044816_Xd8dBmir6LnRnY4ZINpG--0hGgugxlgZH-ja5Hf_UPI.jpg", "visibility": "public"}, {"height": 1440, "source": {"url": "https://www.swarmapp.com", "name": "Swarm for iOS"}, "width": 1440, "prefix": "https://igx.4sqi.net/img/general/", "createdAt": 1443333966, "id": "5607874e498e302feafb4e43", "venue": {"url": "http://www.dintaifung.com.sg", "like": false, "location": {"formattedAddress": ["#01-15 Parkway Parade (80 Marine Parade Rd)", "449269", "Singapore"], "city": "Singapore", "lng": 103.90547517537433, "cc": "SG", "country": "Singapore", "crossStreet": "80 Marine Parade Rd", "lat": 1.3021335098281477, "address": "#01-15 Parkway Parade", "labeledLatLngs": [{"label": "display", "lat": 1.3021335098281477, "lng": 103.90547517537433}], "postalCode": "449269"}, "categories": [{"icon": {"prefix": "https://ss3.4sqi.net/img/categories_v2/food/dumplings_", "suffix": ".png"}, "name": "Dumpling Restaurant", "id": "4bf58dd8d48988d108941735", "pluralName": "Dumpling Restaurants", "primary": true, "shortName": "Dumplings"}], "verified": false, "contact": {"formattedPhone": "+65 6345 7077", "phone": "+6563457077", "facebookName": "Din Tai Fung Singapore", "facebookUsername": "dintaifungsg", "facebook": "216317188388404"}, "allowMenuUrlEdit": true, "stats": {"tipCount": 12, "usersCount": 833, "checkinsCount": 1404}, "id": "50daf1f0e4b025ae087e56ea", "name": "Din Tai Fung \u9f0e\u6cf0\u8c50", "beenHere": {"lastCheckinExpiredAt": 0}}, "suffix": "/1044816_h0cWSOTmpw_0LwDIqjk_f4lyTfM2mQ4JQ8d4H1PkKn0.jpg", "visibility": "public"}, {"height": 1440, "source": {"url": "https://www.swarmapp.com", "name": "Swarm for iOS"}, "width": 1440, "prefix": "https://igx.4sqi.net/img/general/", "createdAt": 1443332050, "id": "56077fd2498ef5c1ee833e20", "venue": {"url": "http://www.dintaifung.com.sg", "like": false, "location": {"formattedAddress": ["#01-15 Parkway Parade (80 Marine Parade Rd)", "449269", "Singapore"], "city": "Singapore", "lng": 103.90547517537433, "cc": "SG", "country": "Singapore", "crossStreet": "80 Marine Parade Rd", "lat": 1.3021335098281477, "address": "#01-15 Parkway Parade", "labeledLatLngs": [{"label": "display", "lat": 1.3021335098281477, "lng": 103.90547517537433}], "postalCode": "449269"}, "categories": [{"icon": {"prefix": "https://ss3.4sqi.net/img/categories_v2/food/dumplings_", "suffix": ".png"}, "name": "Dumpling Restaurant", "id": "4bf58dd8d48988d108941735", "pluralName": "Dumpling Restaurants", "primary": true, "shortName": "Dumplings"}], "verified": false, "contact": {"formattedPhone": "+65 6345 7077", "phone": "+6563457077", "facebookName": "Din Tai Fung Singapore", "facebookUsername": "dintaifungsg", "facebook": "216317188388404"}, "allowMenuUrlEdit": true, "stats": {"tipCount": 12, "usersCount": 833, "checkinsCount": 1404}, "id": "50daf1f0e4b025ae087e56ea", "name": "Din Tai Fung \u9f0e\u6cf0\u8c50", "beenHere": {"lastCheckinExpiredAt": 0}}, "suffix": "/1044816_BgEZsEZcyqeT-dc3B8IOP9LYtUWBRh20ghfH93RHLaM.jpg", "visibility": "public"}, {"height": 1440, "source": {"url": "https://www.swarmapp.com", "name": "Swarm for iOS"}, "width": 1440, "prefix": "https://igx.4sqi.net/img/general/", "createdAt": 1441858669, "id": "55f1046d498e120188bf2b4a", "venue": {"location": {"formattedAddress": ["10 Bayfront Ave. (Marina Bay Sands)", "018956", "Singapore"], "city": "Singapore", "lng": 103.85950282679342, "cc": "SG", "country": "Singapore", "lat": 1.286340919466327, "address": "10 Bayfront Ave.", "crossStreet": "Marina Bay Sands", "postalCode": "018956"}, "contact": {"twitter": "artscimuseum", "facebookUsername": "ArtScienceMuseum", "instagram": "artsciencemuseumsg", "facebookName": "ArtScience Museum"}, "verified": true, "allowMenuUrlEdit": true, "stats": {"tipCount": 128, "usersCount": 14981, "checkinsCount": 21349}, "id": "4b9df38cf964a520ffc336e3", "storeId": "", "url": "http://www.marinabaysands.com/ArtScienceMuseum", "like": false, "categories": [{"icon": {"prefix": "https://ss3.4sqi.net/img/categories_v2/arts_entertainment/museum_art_", "suffix": ".png"}, "name": "Art Museum", "id": "4bf58dd8d48988d18f941735", "pluralName": "Art Museums", "primary": true, "shortName": "Art Museum"}], "beenHere": {"lastCheckinExpiredAt": 0}, "name": "ArtScience Museum", "venuePage": {"id": "39910951"}}, "suffix": "/1044816_plK20RaVMm7ZqjpzB7tRv-mSsnx3WfsN_VrZ9Wcv60U.jpg", "visibility": "public"}, {"height": 960, "source": {"url": "https://www.swarmapp.com", "name": "Swarm for iOS"}, "width": 720, "prefix": "https://igx.4sqi.net/img/general/", "createdAt": 1408016153, "id": "53ec9f19498e33291b32ab78", "venue": {"like": false, "location": {"formattedAddress": ["#B2-42/43, Bedok Mall (311 New Upper Changi Road)", "467360", "Singapore"], "city": "Singapore", "lng": 103.93017795889344, "cc": "SG", "country": "Singapore", "crossStreet": "311 New Upper Changi Road", "lat": 1.3244561417824814, "address": "#B2-42/43, Bedok Mall", "labeledLatLngs": [{"label": "display", "lat": 1.3244561417824814, "lng": 103.93017795889344}], "postalCode": "467360"}, "categories": [{"icon": {"prefix": "https://ss3.4sqi.net/img/categories_v2/food/sushi_", "suffix": ".png"}, "name": "Sushi Restaurant", "id": "4bf58dd8d48988d1d2941735", "pluralName": "Sushi Restaurants", "primary": true, "shortName": "Sushi"}], "verified": false, "contact": {}, "allowMenuUrlEdit": true, "stats": {"tipCount": 13, "usersCount": 665, "checkinsCount": 1206}, "id": "52a3e34c11d251e436771f96", "name": "Itacho Sushi", "beenHere": {"lastCheckinExpiredAt": 0}}, "suffix": "/1044816_VyQIcf-Eg-2ISE3eLgRhiNQEs0StFyeKs4Ygnv_ASHQ.jpg", "visibility": "public"}, {"height": 960, "source": {"url": "https://www.swarmapp.com", "name": "Swarm for iOS"}, "width": 720, "prefix": "https://igx.4sqi.net/img/general/", "createdAt": 1408015089, "id": "53ec9af111d219531e3a5f9f", "venue": {"like": false, "location": {"formattedAddress": ["#B2-42/43, Bedok Mall (311 New Upper Changi Road)", "467360", "Singapore"], "city": "Singapore", "lng": 103.93017795889344, "cc": "SG", "country": "Singapore", "crossStreet": "311 New Upper Changi Road", "lat": 1.3244561417824814, "address": "#B2-42/43, Bedok Mall", "labeledLatLngs": [{"label": "display", "lat": 1.3244561417824814, "lng": 103.93017795889344}], "postalCode": "467360"}, "categories": [{"icon": {"prefix": "https://ss3.4sqi.net/img/categories_v2/food/sushi_", "suffix": ".png"}, "name": "Sushi Restaurant", "id": "4bf58dd8d48988d1d2941735", "pluralName": "Sushi Restaurants", "primary": true, "shortName": "Sushi"}], "verified": false, "contact": {}, "allowMenuUrlEdit": true, "stats": {"tipCount": 13, "usersCount": 665, "checkinsCount": 1206}, "id": "52a3e34c11d251e436771f96", "name": "Itacho Sushi", "beenHere": {"lastCheckinExpiredAt": 0}}, "suffix": "/1044816_Crc0sNkN8ib67XUiI0h1Hx6XBqyzHnq8B2XhfQTg8nw.jpg", "visibility": "public"}, {"height": 720, "source": {"url": "https://www.swarmapp.com", "name": "Swarm for iOS"}, "width": 720, "prefix": "https://igx.4sqi.net/img/general/", "createdAt": 1405855754, "id": "53cba80a498e44a1b637ce54", "venue": {"url": "http://www.dintaifung.com.sg", "like": false, "location": {"formattedAddress": ["#01-15 Parkway Parade (80 Marine Parade Rd)", "449269", "Singapore"], "city": "Singapore", "lng": 103.90547517537433, "cc": "SG", "country": "Singapore", "crossStreet": "80 Marine Parade Rd", "lat": 1.3021335098281477, "address": "#01-15 Parkway Parade", "labeledLatLngs": [{"label": "display", "lat": 1.3021335098281477, "lng": 103.90547517537433}], "postalCode": "449269"}, "categories": [{"icon": {"prefix": "https://ss3.4sqi.net/img/categories_v2/food/dumplings_", "suffix": ".png"}, "name": "Dumpling Restaurant", "id": "4bf58dd8d48988d108941735", "pluralName": "Dumpling Restaurants", "primary": true, "shortName": "Dumplings"}], "verified": false, "contact": {"formattedPhone": "+65 6345 7077", "phone": "+6563457077", "facebookName": "Din Tai Fung Singapore", "facebookUsername": "dintaifungsg", "facebook": "216317188388404"}, "allowMenuUrlEdit": true, "stats": {"tipCount": 12, "usersCount": 833, "checkinsCount": 1404}, "id": "50daf1f0e4b025ae087e56ea", "name": "Din Tai Fung \u9f0e\u6cf0\u8c50", "beenHere": {"lastCheckinExpiredAt": 0}}, "suffix": "/1044816_MuPU4UyTkYUQC55D1SeO9KxzdhjgJsyooHmBEW8aNTs.jpg", "visibility": "public"}, {"height": 960, "source": {"url": "https://foursquare.com/download/#/iphone", "name": "Foursquare for iOS"}, "width": 720, "prefix": "https://igx.4sqi.net/img/general/", "createdAt": 1405129119, "id": "53c0919f498edf10028f1dfc", "venue": {"like": false, "location": {"formattedAddress": ["45 Tanjung Rhu Road", "436899", "Singapore"], "city": "Singapore", "lng": 103.88119024190395, "cc": "SG", "country": "Singapore", "lat": 1.2967461210575382, "address": "45 Tanjung Rhu Road", "labeledLatLngs": [{"label": "display", "lat": 1.2967461210575382, "lng": 103.88119024190395}], "postalCode": "436899"}, "categories": [{"icon": {"prefix": "https://ss3.4sqi.net/img/categories_v2/food/asian_", "suffix": ".png"}, "name": "Asian Restaurant", "id": "4bf58dd8d48988d142941735", "pluralName": "Asian Restaurants", "primary": true, "shortName": "Asian"}], "verified": false, "contact": {}, "allowMenuUrlEdit": true, "stats": {"tipCount": 1, "usersCount": 37, "checkinsCount": 321}, "id": "4dd5ee0afa76ad96d10098d3", "name": "Deli, Singapore Swimming Club", "beenHere": {"lastCheckinExpiredAt": 0}}, "suffix": "/1044816_cqeQmy5LC88tZ4zidK6uR91ajoyzE7fGhj1VYpVADUQ.jpg", "visibility": "public"}, {"height": 960, "source": {"url": "https://foursquare.com/download/#/iphone", "name": "Foursquare for iOS"}, "width": 720, "prefix": "https://igx.4sqi.net/img/general/", "createdAt": 1403744238, "id": "53ab6fee498e70cd9537cc39", "venue": {"like": false, "location": {"cc": "MY", "country": "Malaysia", "lat": 4.84722787679174, "lng": 100.74099595664829, "labeledLatLngs": [{"label": "display", "lat": 4.84722787679174, "lng": 100.74099595664829}], "formattedAddress": ["Malaysia"]}, "categories": [{"icon": {"prefix": "https://ss3.4sqi.net/img/categories_v2/food/ramen_", "suffix": ".png"}, "name": "Noodle House", "id": "4bf58dd8d48988d1d1941735", "pluralName": "Noodle Houses", "primary": true, "shortName": "Noodles"}], "verified": false, "contact": {}, "allowMenuUrlEdit": true, "stats": {"tipCount": 0, "usersCount": 28, "checkinsCount": 87}, "id": "4f6fdec4e4b05c9c2d1137d4", "name": "kopitiam chiu lee", "beenHere": {"lastCheckinExpiredAt": 0}}, "suffix": "/1044816_GwxwvHfrgoaPsXLG-f57ki88G-9sXRRwkJ6_khwYUyQ.jpg", "visibility": "public"}, {"height": 720, "source": {"url": "https://foursquare.com/download/#/iphone", "name": "Foursquare for iOS"}, "width": 960, "prefix": "https://igx.4sqi.net/img/general/", "createdAt": 1401683053, "id": "538bfc6d498e07396ec4ac4b", "venue": {"venueRatingBlacklisted": true, "like": false, "location": {"city": "St. John's Island", "lng": 103.84903974275662, "cc": "SG", "state": "Singapore", "lat": 1.2222068969724407, "address": "St. John's Island", "labeledLatLngs": [{"label": "display", "lat": 1.2222068969724407, "lng": 103.84903974275662}], "formattedAddress": ["St. John's Island", "Singapore"], "country": "Singapore"}, "categories": [{"icon": {"prefix": "https://ss3.4sqi.net/img/categories_v2/parks_outdoors/neighborhood_", "suffix": ".png"}, "name": "Island", "id": "50aaa4314b90af0d42d5de10", "pluralName": "Islands", "primary": true, "shortName": "Island"}], "verified": false, "contact": {}, "beenHere": {"lastCheckinExpiredAt": 0}, "stats": {"tipCount": 8, "usersCount": 1020, "checkinsCount": 1436}, "id": "4b05880ef964a520cdae22e3", "name": "St. John's Island"}, "suffix": "/1044816_78nCwwBYk_AU9KHHnYXEImOUM-uhZsvcgS-za1bI03w.jpg", "visibility": "public"}, {"height": 960, "source": {"url": "https://foursquare.com/download/#/iphone", "name": "Foursquare for iOS"}, "width": 720, "prefix": "https://igx.4sqi.net/img/general/", "createdAt": 1401003240, "id": "53819ce8498e1931ff98df93", "venue": {"closed": true, "like": false, "location": {"formattedAddress": ["#01-05, I12 Katong (112 East Coast Rd.)", "428802", "Singapore"], "city": "Singapore", "lng": 103.90512400989256, "cc": "SG", "country": "Singapore", "lat": 1.3057503019039105, "address": "#01-05, I12 Katong", "crossStreet": "112 East Coast Rd.", "postalCode": "428802"}, "categories": [{"icon": {"prefix": "https://ss3.4sqi.net/img/categories_v2/food/cafe_", "suffix": ".png"}, "name": "Caf\u00e9", "id": "4bf58dd8d48988d16d941735", "pluralName": "Caf\u00e9s", "primary": true, "shortName": "Caf\u00e9"}], "verified": false, "contact": {"formattedPhone": "+65 6345 0616", "phone": "+6563450616"}, "allowMenuUrlEdit": true, "stats": {"tipCount": 13, "usersCount": 835, "checkinsCount": 1228}, "id": "4eeda65930f824cfc5398fdc", "name": "Max Brenner Chocolate Bar", "beenHere": {"lastCheckinExpiredAt": 0}}, "suffix": "/1044816_b13-ZTisG3-KdiPF3-vDw2BXSOS6bOljDoQ-TCCZvYU.jpg", "visibility": "public"}, {"height": 720, "source": {"url": "https://foursquare.com/download/#/iphone", "name": "Foursquare for iOS"}, "width": 720, "prefix": "https://igx.4sqi.net/img/general/", "createdAt": 1397907453, "id": "53525ffd11d2ec246bf0d05a", "venue": {"like": false, "location": {"formattedAddress": ["#01-06 Block B, Playground@Big Splash (902 East Coast Parkway)", "449874", "Singapore"], "city": "Singapore", "lng": 103.90040601905667, "cc": "SG", "country": "Singapore", "crossStreet": "902 East Coast Parkway", "lat": 1.2973712937640502, "address": "#01-06 Block B, Playground@Big Splash", "labeledLatLngs": [{"label": "display", "lat": 1.2973712937640502, "lng": 103.90040601905667}], "postalCode": "449874"}, "categories": [{"icon": {"prefix": "https://ss3.4sqi.net/img/categories_v2/food/sushi_", "suffix": ".png"}, "name": "Sushi Restaurant", "id": "4bf58dd8d48988d1d2941735", "pluralName": "Sushi Restaurants", "primary": true, "shortName": "Sushi"}], "verified": false, "contact": {"formattedPhone": "+65 6348 7077", "phone": "+6563487077"}, "allowMenuUrlEdit": true, "stats": {"tipCount": 27, "usersCount": 1695, "checkinsCount": 3761}, "id": "4b222e40f964a520374424e3", "name": "Sushi Tei", "beenHere": {"lastCheckinExpiredAt": 0}}, "suffix": "/1044816_WzvWUZIGybTub1LioVhWVgNRgT8AtnmFqmc8y2sENKg.jpg", "visibility": "public"}, {"height": 720, "source": {"url": "https://foursquare.com/download/#/iphone", "name": "Foursquare for iOS"}, "width": 720, "prefix": "https://igx.4sqi.net/img/general/", "createdAt": 1397907445, "id": "53525ff5498e42d9a0eec545", "venue": {"like": false, "location": {"formattedAddress": ["#01-06 Block B, Playground@Big Splash (902 East Coast Parkway)", "449874", "Singapore"], "city": "Singapore", "lng": 103.90040601905667, "cc": "SG", "country": "Singapore", "crossStreet": "902 East Coast Parkway", "lat": 1.2973712937640502, "address": "#01-06 Block B, Playground@Big Splash", "labeledLatLngs": [{"label": "display", "lat": 1.2973712937640502, "lng": 103.90040601905667}], "postalCode": "449874"}, "categories": [{"icon": {"prefix": "https://ss3.4sqi.net/img/categories_v2/food/sushi_", "suffix": ".png"}, "name": "Sushi Restaurant", "id": "4bf58dd8d48988d1d2941735", "pluralName": "Sushi Restaurants", "primary": true, "shortName": "Sushi"}], "verified": false, "contact": {"formattedPhone": "+65 6348 7077", "phone": "+6563487077"}, "allowMenuUrlEdit": true, "stats": {"tipCount": 27, "usersCount": 1695, "checkinsCount": 3761}, "id": "4b222e40f964a520374424e3", "name": "Sushi Tei", "beenHere": {"lastCheckinExpiredAt": 0}}, "suffix": "/1044816_6Gl1rBNmztKUU_s4Uy7JLCW2hlzRhzT7xGZrHIRtMdo.jpg", "visibility": "public"}, {"height": 720, "source": {"url": "https://foursquare.com/download/#/iphone", "name": "Foursquare for iOS"}, "width": 720, "prefix": "https://igx.4sqi.net/img/general/", "createdAt": 1397907200, "id": "53525f00498e49cc1979a228", "venue": {"like": false, "location": {"formattedAddress": ["#01-06 Block B, Playground@Big Splash (902 East Coast Parkway)", "449874", "Singapore"], "city": "Singapore", "lng": 103.90040601905667, "cc": "SG", "country": "Singapore", "crossStreet": "902 East Coast Parkway", "lat": 1.2973712937640502, "address": "#01-06 Block B, Playground@Big Splash", "labeledLatLngs": [{"label": "display", "lat": 1.2973712937640502, "lng": 103.90040601905667}], "postalCode": "449874"}, "categories": [{"icon": {"prefix": "https://ss3.4sqi.net/img/categories_v2/food/sushi_", "suffix": ".png"}, "name": "Sushi Restaurant", "id": "4bf58dd8d48988d1d2941735", "pluralName": "Sushi Restaurants", "primary": true, "shortName": "Sushi"}], "verified": false, "contact": {"formattedPhone": "+65 6348 7077", "phone": "+6563487077"}, "allowMenuUrlEdit": true, "stats": {"tipCount": 27, "usersCount": 1695, "checkinsCount": 3761}, "id": "4b222e40f964a520374424e3", "name": "Sushi Tei", "beenHere": {"lastCheckinExpiredAt": 0}}, "suffix": "/1044816_4cmvUJn4A_OX59SEu-5RHKQONgxJOaolUA9Jel3GIyk.jpg", "visibility": "public"}, {"height": 720, "source": {"url": "https://foursquare.com/download/#/iphone", "name": "Foursquare for iOS"}, "width": 720, "prefix": "https://igx.4sqi.net/img/general/", "createdAt": 1396798394, "id": "534173ba498e92e7a92ea43c", "venue": {"location": {"formattedAddress": ["Blk D, #01-25, Big Splash (902 East Coast Parkway)", "449874", "Singapore"], "city": "Singapore", "lng": 103.89946583863257, "cc": "SG", "country": "Singapore", "crossStreet": "902 East Coast Parkway", "lat": 1.297225723994129, "address": "Blk D, #01-25, Big Splash", "labeledLatLngs": [{"label": "display", "lat": 1.297225723994129, "lng": 103.89946583863257}], "postalCode": "449874"}, "contact": {"twitter": "crabindabag", "facebookName": "Crab in da Bag at Big Splash", "formattedPhone": "+65 6440 0083", "phone": "+6564400083", "facebookUsername": "crabindabagbigsplash", "facebook": "435294069925577"}, "verified": false, "allowMenuUrlEdit": true, "stats": {"tipCount": 18, "usersCount": 599, "checkinsCount": 724}, "menu": {"url": "http://crabindabag.com/wp-content/uploads/2015/07/Crabindabag-menu.pdf", "label": "Menu", "anchor": "View Menu", "mobileUrl": "http://crabindabag.com/wp-content/uploads/2015/07/Crabindabag-menu.pdf", "type": "Menu", "externalUrl": "http://crabindabag.com/wp-content/uploads/2015/07/Crabindabag-menu.pdf"}, "beenHere": {"lastCheckinExpiredAt": 0}, "url": "http://www.crabindabag.com", "closed": true, "like": false, "categories": [{"icon": {"prefix": "https://ss3.4sqi.net/img/categories_v2/food/seafood_", "suffix": ".png"}, "name": "Seafood Restaurant", "id": "4bf58dd8d48988d1ce941735", "pluralName": "Seafood Restaurants", "primary": true, "shortName": "Seafood"}], "id": "522dbabb11d2b982c902400d", "name": "Crab in da bag"}, "suffix": "/1044816_j23-p2Solm2UoYAqjXtn8uE7R7-zk2dTvlPk8ef9YH4.jpg", "visibility": "public"}, {"height": 720, "source": {"url": "https://foursquare.com/download/#/iphone", "name": "Foursquare for iOS"}, "width": 720, "prefix": "https://igx.4sqi.net/img/general/", "createdAt": 1392898084, "id": "5305f024498eabc0ca538eea", "venue": {"like": false, "location": {"formattedAddress": ["342 Bedok Rd (Simpang Bedok)", "469520", "Singapore"], "city": "Singapore", "lng": 103.9480861469771, "cc": "SG", "country": "Singapore", "crossStreet": "Simpang Bedok", "lat": 1.3315140340119436, "address": "342 Bedok Rd", "labeledLatLngs": [{"label": "display", "lat": 1.3315140340119436, "lng": 103.9480861469771}], "postalCode": "469520"}, "categories": [{"icon": {"prefix": "https://ss3.4sqi.net/img/categories_v2/food/cafe_", "suffix": ".png"}, "name": "Caf\u00e9", "id": "4bf58dd8d48988d16d941735", "pluralName": "Caf\u00e9s", "primary": true, "shortName": "Caf\u00e9"}], "verified": false, "contact": {"formattedPhone": "+65 6245 1211", "phone": "+6562451211"}, "allowMenuUrlEdit": true, "stats": {"tipCount": 100, "usersCount": 5168, "checkinsCount": 11928}, "id": "4c0f9e85336220a1ef06ce77", "name": "Enak Enak Hongkong Tea House", "beenHere": {"lastCheckinExpiredAt": 0}}, "suffix": "/1044816_vDF_lkH7mepvEG4KYTP6w0_S1s4OiAH_NeOxi5Ixpp0.jpg", "visibility": "public"}, {"height": 720, "source": {"url": "https://foursquare.com/download/#/iphone", "name": "Foursquare for iOS"}, "width": 720, "prefix": "https://igx.4sqi.net/img/general/", "createdAt": 1392380067, "id": "52fe08a3498e1d658a47aac2", "venue": {"like": false, "location": {"cc": "SG", "country": "Singapore", "lat": 1.3920447370255837, "lng": 103.98099092778978, "labeledLatLngs": [{"label": "display", "lat": 1.3920447370255837, "lng": 103.98099092778978}], "formattedAddress": ["Singapore"]}, "categories": [{"icon": {"prefix": "https://ss3.4sqi.net/img/categories_v2/parks_outdoors/campground_", "suffix": ".png"}, "name": "Campground", "id": "4bf58dd8d48988d1e4941735", "pluralName": "Campgrounds", "primary": true, "shortName": "Campground"}], "verified": false, "contact": {}, "beenHere": {"lastCheckinExpiredAt": 0}, "stats": {"tipCount": 0, "usersCount": 49, "checkinsCount": 55}, "id": "4fae1de2e4b05b8b55c79655", "name": "Aloha Changi Bungalow G"}, "suffix": "/1044816_T4E-LNdUPAlFrA9ROMBLiFmZnQaMhQ-MPuUKxqD9T84.jpg", "visibility": "public"}, {"height": 960, "source": {"url": "https://foursquare.com/download/#/iphone", "name": "Foursquare for iOS"}, "width": 720, "prefix": "https://igx.4sqi.net/img/general/", "createdAt": 1391783475, "id": "52f4ee33498e068de0773deb", "venue": {"location": {"formattedAddress": ["The St. Regis Singapore (29 Tanglin Rd.)", "247911", "Singapore"], "city": "Singapore", "lng": 103.82612228393555, "cc": "SG", "country": "Singapore", "crossStreet": "29 Tanglin Rd.", "lat": 1.3058437741174254, "address": "The St. Regis Singapore", "labeledLatLngs": [{"label": "display", "lat": 1.3058437741174254, "lng": 103.82612228393555}], "postalCode": "247911"}, "contact": {"twitter": "spg", "facebookName": "Starwood Preferred Guest\u00ae (SPG)", "formattedPhone": "+65 6506 6887", "phone": "+6565066887", "facebookUsername": "SPG", "facebook": "8038492631"}, "verified": true, "allowMenuUrlEdit": true, "stats": {"tipCount": 20, "usersCount": 735, "checkinsCount": 1109}, "id": "4b866292f964a5202e8831e3", "storeId": "13522", "url": "http://www.yantingrestaurant.com", "like": false, "categories": [{"icon": {"prefix": "https://ss3.4sqi.net/img/categories_v2/food/asian_", "suffix": ".png"}, "name": "Chinese Restaurant", "id": "4bf58dd8d48988d145941735", "pluralName": "Chinese Restaurants", "primary": true, "shortName": "Chinese"}], "beenHere": {"lastCheckinExpiredAt": 0}, "name": "Yan Ting \u5bb4\u5ead"}, "suffix": "/1044816_WKT23wQ4HZ_a4uBV0PNLx9EJIG0Y3zgxDdaV7JoERZg.jpg", "visibility": "public"}, {"height": 720, "source": {"url": "https://foursquare.com/download/#/iphone", "name": "Foursquare for iOS"}, "width": 720, "prefix": "https://igx.4sqi.net/img/general/", "createdAt": 1388478245, "id": "52c27f2511d2259db0c060d5", "venue": {"closed": true, "like": false, "location": {"formattedAddress": ["15-9 Jalan Riang", "358987", "Singapore"], "city": "Singapore", "lng": 103.8679112451968, "cc": "SG", "country": "Singapore", "lat": 1.3472513732316165, "address": "15-9 Jalan Riang", "labeledLatLngs": [{"label": "display", "lat": 1.3472513732316165, "lng": 103.8679112451968}], "postalCode": "358987"}, "categories": [{"icon": {"prefix": "https://ss3.4sqi.net/img/categories_v2/food/cafe_", "suffix": ".png"}, "name": "Caf\u00e9", "id": "4bf58dd8d48988d16d941735", "pluralName": "Caf\u00e9s", "primary": true, "shortName": "Caf\u00e9"}], "verified": false, "contact": {}, "allowMenuUrlEdit": true, "stats": {"tipCount": 40, "usersCount": 882, "checkinsCount": 1164}, "id": "512c84dae4b012002cb9c52e", "name": "Rokeby", "beenHere": {"lastCheckinExpiredAt": 0}}, "suffix": "/1044816_KZZBpLXPTHLLMA-tz5O_mCj71dbUwziDqOKnZcr6qlI.jpg", "visibility": "public"}, {"height": 720, "source": {"url": "https://foursquare.com/download/#/iphone", "name": "Foursquare for iOS"}, "width": 720, "prefix": "https://igx.4sqi.net/img/general/", "createdAt": 1388478231, "id": "52c27f17498e0a21e5391092", "venue": {"closed": true, "like": false, "location": {"formattedAddress": ["15-9 Jalan Riang", "358987", "Singapore"], "city": "Singapore", "lng": 103.8679112451968, "cc": "SG", "country": "Singapore", "lat": 1.3472513732316165, "address": "15-9 Jalan Riang", "labeledLatLngs": [{"label": "display", "lat": 1.3472513732316165, "lng": 103.8679112451968}], "postalCode": "358987"}, "categories": [{"icon": {"prefix": "https://ss3.4sqi.net/img/categories_v2/food/cafe_", "suffix": ".png"}, "name": "Caf\u00e9", "id": "4bf58dd8d48988d16d941735", "pluralName": "Caf\u00e9s", "primary": true, "shortName": "Caf\u00e9"}], "verified": false, "contact": {}, "allowMenuUrlEdit": true, "stats": {"tipCount": 40, "usersCount": 882, "checkinsCount": 1164}, "id": "512c84dae4b012002cb9c52e", "name": "Rokeby", "beenHere": {"lastCheckinExpiredAt": 0}}, "suffix": "/1044816_OSatdunj_DoKihSKE4ruU_vSUplr2FsSd2bQu7a7Vj4.jpg", "visibility": "public"}, {"height": 720, "source": {"url": "https://foursquare.com/download/#/iphone", "name": "Foursquare for iOS"}, "tip": {"agreeCount": 1, "canonicalUrl": "https://foursquare.com/item/52c27f06498eff7b8bdb5cc1", "todo": {"count": 0}, "logView": true, "disagreeCount": 0, "createdAt": 1388478214, "id": "52c27f06498eff7b8bdb5cc1", "text": "Very tight spaces between tables. The Moo Moo burger Part 2 was yummy tho! And so was the fried luncheon meat sticks :)", "likes": {"groups": [{"items": [{"photo": {"prefix": "https://igx.4sqi.net/img/user/", "suffix": "/CSGKAQLY1WCO2OE4.jpg"}, "id": "21284359", "firstName": "Miico", "gender": "none"}], "count": 1, "type": "others"}], "count": 1, "summary": "1 like"}, "like": false, "type": "user"}, "width": 720, "prefix": "https://igx.4sqi.net/img/general/", "createdAt": 1388478217, "id": "52c27f09498e2ff9b69c6b60", "venue": {"closed": true, "like": false, "location": {"formattedAddress": ["15-9 Jalan Riang", "358987", "Singapore"], "city": "Singapore", "lng": 103.8679112451968, "cc": "SG", "country": "Singapore", "lat": 1.3472513732316165, "address": "15-9 Jalan Riang", "labeledLatLngs": [{"label": "display", "lat": 1.3472513732316165, "lng": 103.8679112451968}], "postalCode": "358987"}, "categories": [{"icon": {"prefix": "https://ss3.4sqi.net/img/categories_v2/food/cafe_", "suffix": ".png"}, "name": "Caf\u00e9", "id": "4bf58dd8d48988d16d941735", "pluralName": "Caf\u00e9s", "primary": true, "shortName": "Caf\u00e9"}], "verified": false, "contact": {}, "allowMenuUrlEdit": true, "stats": {"tipCount": 40, "usersCount": 882, "checkinsCount": 1164}, "id": "512c84dae4b012002cb9c52e", "name": "Rokeby", "beenHere": {"lastCheckinExpiredAt": 0}}, "suffix": "/1044816_KZZBpLXPTHLLMA-tz5O_mCj71dbUwziDqOKnZcr6qlI.jpg", "visibility": "public"}, {"height": 960, "source": {"url": "https://foursquare.com/download/#/iphone", "name": "Foursquare for iOS"}, "width": 720, "prefix": "https://igx.4sqi.net/img/general/", "createdAt": 1387073357, "id": "52ad0f4d498e741be0dc0847", "venue": {"like": false, "location": {"cc": "MY", "country": "Malaysia", "lat": 4.84722787679174, "lng": 100.74099595664829, "labeledLatLngs": [{"label": "display", "lat": 4.84722787679174, "lng": 100.74099595664829}], "formattedAddress": ["Malaysia"]}, "categories": [{"icon": {"prefix": "https://ss3.4sqi.net/img/categories_v2/food/ramen_", "suffix": ".png"}, "name": "Noodle House", "id": "4bf58dd8d48988d1d1941735", "pluralName": "Noodle Houses", "primary": true, "shortName": "Noodles"}], "verified": false, "contact": {}, "allowMenuUrlEdit": true, "stats": {"tipCount": 0, "usersCount": 28, "checkinsCount": 87}, "id": "4f6fdec4e4b05c9c2d1137d4", "name": "kopitiam chiu lee", "beenHere": {"lastCheckinExpiredAt": 0}}, "suffix": "/1044816_RHbycD8LUQlquOS7wg8qIZWIZ7MqTyxajGKdG3gwU-8.jpg", "visibility": "public"}, {"height": 960, "source": {"url": "https://foursquare.com/download/#/iphone", "name": "Foursquare for iOS"}, "width": 720, "prefix": "https://igx.4sqi.net/img/general/", "createdAt": 1384562749, "id": "5286c03d498e5db9932b7421", "venue": {"like": false, "location": {"formattedAddress": ["168 (Bedok South avenue 3)", "469294", "Singapore"], "city": "Singapore", "lng": 103.94466975789318, "cc": "SG", "country": "Singapore", "crossStreet": "Bedok South avenue 3", "lat": 1.3193803294157767, "address": "168", "labeledLatLngs": [{"label": "display", "lat": 1.3193803294157767, "lng": 103.94466975789318}], "postalCode": "469294"}, "categories": [{"icon": {"prefix": "https://ss3.4sqi.net/img/categories_v2/food/indian_", "suffix": ".png"}, "name": "Indian Restaurant", "id": "4bf58dd8d48988d10f941735", "pluralName": "Indian Restaurants", "primary": true, "shortName": "Indian"}], "verified": false, "contact": {}, "allowMenuUrlEdit": true, "stats": {"tipCount": 3, "usersCount": 42, "checkinsCount": 562}, "id": "4cd4afdc2944b1f72bb458ec", "name": "Srisun Prata", "beenHere": {"lastCheckinExpiredAt": 0}}, "suffix": "/1044816_9_zBdmeDSxPP7Sv1WN92Wbe1IOxK1cTxhTiXIQvQkog.jpg", "visibility": "public"}, {"height": 720, "source": {"url": "https://foursquare.com/download/#/iphone", "name": "Foursquare for iOS"}, "width": 960, "prefix": "https://igx.4sqi.net/img/general/", "createdAt": 1380373515, "id": "5246d40b498e862355e7fb23", "venue": {"closed": true, "like": false, "location": {"cc": "SG", "country": "Singapore", "lat": 1.2917109613408309, "lng": 103.84121560348777, "labeledLatLngs": [{"label": "display", "lat": 1.2917109613408309, "lng": 103.84121560348777}], "formattedAddress": ["Singapore"]}, "categories": [{"icon": {"prefix": "https://ss3.4sqi.net/img/categories_v2/food/tapas_", "suffix": ".png"}, "name": "Tapas Restaurant", "id": "4bf58dd8d48988d1db931735", "pluralName": "Tapas Restaurants", "primary": true, "shortName": "Tapas"}], "verified": false, "contact": {}, "allowMenuUrlEdit": true, "stats": {"tipCount": 22, "usersCount": 444, "checkinsCount": 643}, "id": "5143083ee4b0ebd4e96b4d53", "name": "Barraka", "beenHere": {"lastCheckinExpiredAt": 0}}, "suffix": "/1044816_vuwMOrc43kAwYoVx9F-uHKA8dSWWJ_aMKWkT6NodLhs.jpg", "visibility": "public"}, {"height": 720, "source": {"url": "https://foursquare.com/download/#/iphone", "name": "Foursquare for iOS"}, "width": 720, "prefix": "https://igx.4sqi.net/img/general/", "createdAt": 1378898378, "id": "523051ca11d20f31bef58f77", "venue": {"url": "http://www.franceminiature.fr", "like": false, "location": {"formattedAddress": ["Boulevard Andr\u00e9 Malraux", "78990 \u00c9lancourt", "France"], "city": "\u00c9lancourt", "lng": 1.9620788097381592, "cc": "FR", "state": "\u00cele-de-France", "lat": 48.77643508648368, "address": "Boulevard Andr\u00e9 Malraux", "labeledLatLngs": [{"label": "display", "lat": 48.77643508648368, "lng": 1.9620788097381592}], "postalCode": "78990", "country": "France"}, "categories": [{"icon": {"prefix": "https://ss3.4sqi.net/img/categories_v2/arts_entertainment/themepark_", "suffix": ".png"}, "name": "Theme Park", "id": "4bf58dd8d48988d182941735", "pluralName": "Theme Parks", "primary": true, "shortName": "Theme Park"}], "verified": false, "contact": {"formattedPhone": "+33 1 30 16 16 30", "phone": "+33130161630"}, "allowMenuUrlEdit": true, "stats": {"tipCount": 11, "usersCount": 348, "checkinsCount": 986}, "id": "4adcda09f964a520f33321e3", "name": "France Miniature", "beenHere": {"lastCheckinExpiredAt": 0}}, "suffix": "/1044816_5PXEo02UD7I1uQpbY_ieXTfhsYuH_-fFqLwc-9CHVn4.jpg", "visibility": "public"}, {"height": 720, "source": {"url": "https://foursquare.com/download/#/iphone", "name": "Foursquare for iOS"}, "width": 960, "prefix": "https://igx.4sqi.net/img/general/", "createdAt": 1378467714, "id": "5229bf8211d2ae7dabbd2437", "venue": {"url": "http://www.crepebar.nl", "like": false, "location": {"formattedAddress": ["Martelaarsgracht 11", "1012 TN Amsterdam", "Nederland"], "city": "Amsterdam", "lng": 4.8964141418007525, "cc": "NL", "state": "Noord-Holland", "lat": 52.37787117171723, "address": "Martelaarsgracht 11", "labeledLatLngs": [{"label": "display", "lat": 52.37787117171723, "lng": 4.8964141418007525}], "postalCode": "1012 TN", "country": "Nederland"}, "categories": [{"icon": {"prefix": "https://ss3.4sqi.net/img/categories_v2/food/breakfast_", "suffix": ".png"}, "name": "Breakfast Spot", "id": "4bf58dd8d48988d143941735", "pluralName": "Breakfast Spots", "primary": true, "shortName": "Breakfast"}], "verified": false, "contact": {"formattedPhone": "+31 20 489 6262", "phone": "+31204896262"}, "allowMenuUrlEdit": true, "stats": {"tipCount": 13, "usersCount": 428, "checkinsCount": 454}, "id": "4feecb99e4b0a13f9ff586fa", "name": "Cr\u00eape Bar", "beenHere": {"lastCheckinExpiredAt": 0}}, "suffix": "/1044816_Bfo1Ml3kqgVS6TiQ5RbXUWRNzkklNGOaLlJ8iVvZZcg.jpg", "visibility": "public"}, {"height": 720, "source": {"url": "https://foursquare.com/download/#/iphone", "name": "Foursquare for iOS"}, "width": 720, "prefix": "https://igx.4sqi.net/img/general/", "createdAt": 1378467622, "id": "5229bf26498e1c2c5c447774", "venue": {"url": "http://www.crepebar.nl", "like": false, "location": {"formattedAddress": ["Martelaarsgracht 11", "1012 TN Amsterdam", "Nederland"], "city": "Amsterdam", "lng": 4.8964141418007525, "cc": "NL", "state": "Noord-Holland", "lat": 52.37787117171723, "address": "Martelaarsgracht 11", "labeledLatLngs": [{"label": "display", "lat": 52.37787117171723, "lng": 4.8964141418007525}], "postalCode": "1012 TN", "country": "Nederland"}, "categories": [{"icon": {"prefix": "https://ss3.4sqi.net/img/categories_v2/food/breakfast_", "suffix": ".png"}, "name": "Breakfast Spot", "id": "4bf58dd8d48988d143941735", "pluralName": "Breakfast Spots", "primary": true, "shortName": "Breakfast"}], "verified": false, "contact": {"formattedPhone": "+31 20 489 6262", "phone": "+31204896262"}, "allowMenuUrlEdit": true, "stats": {"tipCount": 13, "usersCount": 428, "checkinsCount": 454}, "id": "4feecb99e4b0a13f9ff586fa", "name": "Cr\u00eape Bar", "beenHere": {"lastCheckinExpiredAt": 0}}, "suffix": "/1044816_k49hGcCWlBVsu1VmeGcETCqcOigxciCRZFs8365jdsc.jpg", "visibility": "public"}, {"height": 720, "source": {"url": "https://foursquare.com/download/#/iphone", "name": "Foursquare for iOS"}, "width": 720, "prefix": "https://igx.4sqi.net/img/general/", "createdAt": 1378450372, "id": "52297bc411d2d6ed49637ffd", "venue": {"like": false, "location": {"city": "Amsterdam", "lng": 4.896772944237871, "cc": "NL", "state": "Noord-Holland", "lat": 52.377951217060534, "address": "Martelaarsgracht 8", "labeledLatLngs": [{"label": "display", "lat": 52.377951217060534, "lng": 4.896772944237871}], "formattedAddress": ["Martelaarsgracht 8", "Amsterdam", "Nederland"], "country": "Nederland"}, "categories": [{"icon": {"prefix": "https://ss3.4sqi.net/img/categories_v2/food/argentinian_", "suffix": ".png"}, "name": "Argentinian Restaurant", "id": "4bf58dd8d48988d107941735", "pluralName": "Argentinian Restaurants", "primary": true, "shortName": "Argentinian"}], "verified": false, "contact": {}, "allowMenuUrlEdit": true, "stats": {"tipCount": 16, "usersCount": 710, "checkinsCount": 759}, "id": "51a087f8498e6b546f6c584f", "name": "Flame Grill Restaurant", "beenHere": {"lastCheckinExpiredAt": 0}}, "suffix": "/1044816_3t-O7Pm5BdZWJKYn7GpBbnRAc1FBjryMnw6UfZrK-8E.jpg", "visibility": "public"}, {"height": 960, "source": {"url": "https://foursquare.com/download/#/iphone", "name": "Foursquare for iOS"}, "width": 720, "prefix": "https://igx.4sqi.net/img/general/", "createdAt": 1375072034, "id": "51f5ef22498e942eccf1b60f", "venue": {"url": "http://www.sentosa.com.sg/en/attractions/imbiah-lookout/butterfly-park-insect-kingdom", "like": false, "location": {"formattedAddress": ["51 & 51A Cable Car Rd.", "099702", "Singapore"], "city": "Sentosa Island", "lng": 103.81734967135519, "cc": "SG", "country": "Singapore", "lat": 1.2552915263191635, "address": "51 & 51A Cable Car Rd.", "labeledLatLngs": [{"label": "display", "lat": 1.2552915263191635, "lng": 103.81734967135519}], "postalCode": "099702"}, "categories": [{"icon": {"prefix": "https://ss3.4sqi.net/img/categories_v2/arts_entertainment/zoo_", "suffix": ".png"}, "name": "Zoo", "id": "4bf58dd8d48988d17b941735", "pluralName": "Zoos", "primary": true, "shortName": "Zoo"}], "verified": false, "contact": {"formattedPhone": "+65 6736 8672", "twitter": "sentosa_island", "phone": "+6567368672"}, "allowMenuUrlEdit": true, "stats": {"tipCount": 14, "usersCount": 740, "checkinsCount": 1101}, "id": "4b058810f964a52074af22e3", "name": "Butterfly Park & Insect Kingdom", "beenHere": {"lastCheckinExpiredAt": 0}}, "suffix": "/1044816_jN9C-JOFbTxnh3uWIBomCAAmojwzYhQzdeVVIHal4nw.jpg", "visibility": "public"}, {"height": 960, "source": {"url": "https://foursquare.com/download/#/iphone", "name": "Foursquare for iOS"}, "width": 720, "prefix": "https://igx.4sqi.net/img/general/", "createdAt": 1375072010, "id": "51f5ef0a498ec00c02c13ee4", "venue": {"url": "http://www.sentosa.com.sg/en/attractions/imbiah-lookout/butterfly-park-insect-kingdom", "like": false, "location": {"formattedAddress": ["51 & 51A Cable Car Rd.", "099702", "Singapore"], "city": "Sentosa Island", "lng": 103.81734967135519, "cc": "SG", "country": "Singapore", "lat": 1.2552915263191635, "address": "51 & 51A Cable Car Rd.", "labeledLatLngs": [{"label": "display", "lat": 1.2552915263191635, "lng": 103.81734967135519}], "postalCode": "099702"}, "categories": [{"icon": {"prefix": "https://ss3.4sqi.net/img/categories_v2/arts_entertainment/zoo_", "suffix": ".png"}, "name": "Zoo", "id": "4bf58dd8d48988d17b941735", "pluralName": "Zoos", "primary": true, "shortName": "Zoo"}], "verified": false, "contact": {"formattedPhone": "+65 6736 8672", "twitter": "sentosa_island", "phone": "+6567368672"}, "allowMenuUrlEdit": true, "stats": {"tipCount": 14, "usersCount": 740, "checkinsCount": 1101}, "id": "4b058810f964a52074af22e3", "name": "Butterfly Park & Insect Kingdom", "beenHere": {"lastCheckinExpiredAt": 0}}, "suffix": "/1044816_Cd_AfwXLrlpa_OIv-D-AGFY9NQEW_tuVO8VYD_MhB2w.jpg", "visibility": "public"}, {"height": 720, "source": {"url": "https://foursquare.com/download/#/iphone", "name": "Foursquare for iOS"}, "tip": {"agreeCount": 0, "canonicalUrl": "https://foursquare.com/item/51d8b537498e43b76e7ff4b1", "todo": {"count": 0}, "logView": true, "disagreeCount": 0, "createdAt": 1373156663, "id": "51d8b537498e43b76e7ff4b1", "text": "Not your regular selection of food, but yummy nonetheless", "likes": {"groups": [], "count": 0}, "like": false, "type": "user"}, "width": 720, "prefix": "https://igx.4sqi.net/img/general/", "createdAt": 1373156666, "id": "51d8b53a498ea1854e8dd107", "venue": {"like": false, "location": {"formattedAddress": ["#01-30/31, Changi City Point (5 Changi Business Park Central 1)", "486038", "Singapore"], "city": "Singapore", "lng": 103.96250050175952, "cc": "SG", "country": "Singapore", "crossStreet": "5 Changi Business Park Central 1", "lat": 1.3343258099611304, "address": "#01-30/31, Changi City Point", "labeledLatLngs": [{"label": "display", "lat": 1.3343258099611304, "lng": 103.96250050175952}], "postalCode": "486038"}, "categories": [{"icon": {"prefix": "https://ss3.4sqi.net/img/categories_v2/food/japanese_", "suffix": ".png"}, "name": "Japanese Restaurant", "id": "4bf58dd8d48988d111941735", "pluralName": "Japanese Restaurants", "primary": true, "shortName": "Japanese"}], "verified": false, "contact": {"formattedPhone": "+65 6636 1228", "phone": "+6566361228"}, "allowMenuUrlEdit": true, "stats": {"tipCount": 13, "usersCount": 758, "checkinsCount": 1213}, "id": "4ec34e688b8132e083062ef4", "name": "Ootoya Japanese Restaurant \u5927\u6237\u5c4b", "beenHere": {"lastCheckinExpiredAt": 0}}, "suffix": "/1044816_qR79-46Uqe9KYT37Fuz8MeM3X9g1AdYF0XEC-wxOSfw.jpg", "visibility": "public"}, {"height": 720, "source": {"url": "https://foursquare.com/download/#/iphone", "name": "Foursquare for iOS"}, "width": 720, "prefix": "https://igx.4sqi.net/img/general/", "createdAt": 1373088910, "id": "51d7ac8e498e080e4828c725", "venue": {"like": false, "location": {"formattedAddress": ["#01-30/31, Changi City Point (5 Changi Business Park Central 1)", "486038", "Singapore"], "city": "Singapore", "lng": 103.96250050175952, "cc": "SG", "country": "Singapore", "crossStreet": "5 Changi Business Park Central 1", "lat": 1.3343258099611304, "address": "#01-30/31, Changi City Point", "labeledLatLngs": [{"label": "display", "lat": 1.3343258099611304, "lng": 103.96250050175952}], "postalCode": "486038"}, "categories": [{"icon": {"prefix": "https://ss3.4sqi.net/img/categories_v2/food/japanese_", "suffix": ".png"}, "name": "Japanese Restaurant", "id": "4bf58dd8d48988d111941735", "pluralName": "Japanese Restaurants", "primary": true, "shortName": "Japanese"}], "verified": false, "contact": {"formattedPhone": "+65 6636 1228", "phone": "+6566361228"}, "allowMenuUrlEdit": true, "stats": {"tipCount": 13, "usersCount": 758, "checkinsCount": 1213}, "id": "4ec34e688b8132e083062ef4", "name": "Ootoya Japanese Restaurant \u5927\u6237\u5c4b", "beenHere": {"lastCheckinExpiredAt": 0}}, "suffix": "/1044816_qR79-46Uqe9KYT37Fuz8MeM3X9g1AdYF0XEC-wxOSfw.jpg", "visibility": "public"}, {"height": 960, "source": {"url": "https://foursquare.com/download/#/iphone", "name": "Foursquare for iOS"}, "width": 720, "prefix": "https://igx.4sqi.net/img/general/", "createdAt": 1372295092, "id": "51cb8fb4498eedee6d9adc96", "venue": {"like": false, "location": {"formattedAddress": ["45 Tanjung Rhu Road", "436899", "Singapore"], "city": "Singapore", "lng": 103.88119024190395, "cc": "SG", "country": "Singapore", "lat": 1.2967461210575382, "address": "45 Tanjung Rhu Road", "labeledLatLngs": [{"label": "display", "lat": 1.2967461210575382, "lng": 103.88119024190395}], "postalCode": "436899"}, "categories": [{"icon": {"prefix": "https://ss3.4sqi.net/img/categories_v2/food/asian_", "suffix": ".png"}, "name": "Asian Restaurant", "id": "4bf58dd8d48988d142941735", "pluralName": "Asian Restaurants", "primary": true, "shortName": "Asian"}], "verified": false, "contact": {}, "allowMenuUrlEdit": true, "stats": {"tipCount": 1, "usersCount": 37, "checkinsCount": 321}, "id": "4dd5ee0afa76ad96d10098d3", "name": "Deli, Singapore Swimming Club", "beenHere": {"lastCheckinExpiredAt": 0}}, "suffix": "/1044816_Et2qnEfMvIrKQ3Z-YN-WJTQ3nD0ewDF7bnAx4kgOXEU.jpg", "visibility": "public"}, {"height": 720, "source": {"url": "https://foursquare.com/download/#/iphone", "name": "Foursquare for iOS"}, "width": 720, "prefix": "https://igx.4sqi.net/img/general/", "createdAt": 1362534478, "id": "5136a04ee4b08e9b274787d3", "venue": {"url": "http://www.nparks.gov.sg/cms/index.php?option=com_visitorsguide&task=parks&id=14&Itemid=73", "like": false, "location": {"formattedAddress": ["Along East Coast Pkwy (East Coast Park Service Rd)", "455511", "Singapore"], "city": "Singapore", "lng": 103.92740249633789, "cc": "SG", "country": "Singapore", "lat": 1.3051144026337076, "address": "Along East Coast Pkwy", "crossStreet": "East Coast Park Service Rd", "postalCode": "455511"}, "categories": [{"icon": {"prefix": "https://ss3.4sqi.net/img/categories_v2/parks_outdoors/beach_", "suffix": ".png"}, "name": "Beach", "id": "4bf58dd8d48988d1e2941735", "pluralName": "Beaches", "primary": true, "shortName": "Beach"}], "verified": false, "contact": {"formattedPhone": "+65 1800 471 7300", "phone": "+6518004717300"}, "beenHere": {"lastCheckinExpiredAt": 0}, "stats": {"tipCount": 178, "usersCount": 33462, "checkinsCount": 69622}, "id": "4bec2a8561aca593cae38500", "name": "East Coast Park"}, "suffix": "/1044816_yZE4IGa-aLnynBoAGaO93nRWfO8mqq_8rTXnxPmDxIc.jpg", "visibility": "public"}, {"height": 720, "source": {"url": "https://foursquare.com/download/#/iphone", "name": "Foursquare for iOS"}, "width": 720, "prefix": "https://igx.4sqi.net/img/general/", "createdAt": 1359988179, "id": "510fc5d3e4b0f2f1b686bd1c", "venue": {"location": {"formattedAddress": ["#B1-48, The Shoppes at Marina Bay Sands (2 Bayfront Avenue)", "018956", "Singapore"], "city": "Singapore", "lng": 103.85976894386269, "cc": "SG", "country": "Singapore", "crossStreet": "2 Bayfront Avenue", "lat": 1.285910678697409, "address": "#B1-48, The Shoppes at Marina Bay Sands", "labeledLatLngs": [{"label": "display", "lat": 1.285910678697409, "lng": 103.85976894386269}], "postalCode": "018956"}, "contact": {"formattedPhone": "+65 6688 8525", "phone": "+6566888525", "facebookName": "DB Bistro & Oyster Bar", "facebookUsername": "dbBistroOysterBar", "facebook": "112610305476422"}, "verified": true, "allowMenuUrlEdit": true, "stats": {"tipCount": 92, "usersCount": 3419, "checkinsCount": 4596}, "id": "4cf6ef5d1801a143eedbecd4", "storeId": "", "url": "http://www.dbbistro.com/singapore/", "like": false, "categories": [{"icon": {"prefix": "https://ss3.4sqi.net/img/categories_v2/food/default_", "suffix": ".png"}, "name": "Bistro", "id": "52e81612bcbc57f1066b79f1", "pluralName": "Bistros", "primary": true, "shortName": "Bistro"}], "beenHere": {"lastCheckinExpiredAt": 0}, "name": "db Bistro & Oyster Bar", "venuePage": {"id": "34979274"}}, "suffix": "/1044816_wdtkvW_FBIAOenDphTctCtCsaKT90RY9UKFYCU5n_Rw.jpg", "visibility": "public"}, {"height": 960, "source": {"url": "https://foursquare.com/download/#/iphone", "name": "Foursquare for iOS"}, "width": 720, "prefix": "https://igx.4sqi.net/img/general/", "createdAt": 1357261889, "id": "50e62c41e4b0e23d188b91e5", "venue": {"like": false, "location": {"formattedAddress": ["45 Tanjung Rhu Road", "436899", "Singapore"], "city": "Singapore", "lng": 103.88119024190395, "cc": "SG", "country": "Singapore", "lat": 1.2967461210575382, "address": "45 Tanjung Rhu Road", "labeledLatLngs": [{"label": "display", "lat": 1.2967461210575382, "lng": 103.88119024190395}], "postalCode": "436899"}, "categories": [{"icon": {"prefix": "https://ss3.4sqi.net/img/categories_v2/food/asian_", "suffix": ".png"}, "name": "Asian Restaurant", "id": "4bf58dd8d48988d142941735", "pluralName": "Asian Restaurants", "primary": true, "shortName": "Asian"}], "verified": false, "contact": {}, "allowMenuUrlEdit": true, "stats": {"tipCount": 1, "usersCount": 37, "checkinsCount": 321}, "id": "4dd5ee0afa76ad96d10098d3", "name": "Deli, Singapore Swimming Club", "beenHere": {"lastCheckinExpiredAt": 0}}, "suffix": "/1044816_NKo8oXs7CTWB2aRvkXwh-7m_xbrFKWetEdshRTmXWEE.jpg", "visibility": "public"}, {"height": 717, "source": {"url": "https://foursquare.com/download/#/iphone", "name": "Foursquare for iOS"}, "width": 959, "prefix": "https://igx.4sqi.net/img/general/", "createdAt": 1356490110, "id": "50da657ee4b088aa44b766e7", "venue": {"venueRatingBlacklisted": true, "like": false, "location": {"city": "Singapore", "lng": 103.944264, "cc": "SG", "country": "Singapore", "lat": 1.31977, "address": "73 Bedok South Ave 3 #01-462", "labeledLatLngs": [{"label": "display", "lat": 1.31977, "lng": 103.944264}], "formattedAddress": ["73 Bedok South Ave 3 #01-462", "Singapore"]}, "categories": [{"icon": {"prefix": "https://ss3.4sqi.net/img/categories_v2/building/medical_doctorsoffice_", "suffix": ".png"}, "name": "Doctor's Office", "id": "4bf58dd8d48988d177941735", "pluralName": "Doctor's Offices", "primary": true, "shortName": "Doctor's Office"}], "verified": false, "contact": {}, "allowMenuUrlEdit": true, "stats": {"tipCount": 4, "usersCount": 140, "checkinsCount": 454}, "id": "4bfe54b78992a593b952adb0", "name": "Tanamera Clinic", "beenHere": {"lastCheckinExpiredAt": 0}}, "suffix": "/1044816_8efAfm68yxbaMksxkiyCGQ3qMmY6Ju5BTKXFgM9gaNU.jpg", "visibility": "public"}, {"height": 540, "source": {"url": "https://foursquare.com/download/#/iphone", "name": "Foursquare for iOS"}, "width": 540, "prefix": "https://igx.4sqi.net/img/general/", "createdAt": 1355891706, "id": "50d143fae4b01d8199732f6e", "venue": {"like": false, "location": {"lng": 104.40691810713409, "cc": "ID", "country": "Indonesia", "lat": 1.1998087206335923, "address": "Bintan", "labeledLatLngs": [{"label": "display", "lat": 1.1998087206335923, "lng": 104.40691810713409}], "formattedAddress": ["Bintan", "Indonesia"]}, "categories": [{"icon": {"prefix": "https://ss3.4sqi.net/img/categories_v2/parks_outdoors/beach_", "suffix": ".png"}, "name": "Beach", "id": "4bf58dd8d48988d1e2941735", "pluralName": "Beaches", "primary": true, "shortName": "Beach"}], "verified": false, "contact": {}, "beenHere": {"lastCheckinExpiredAt": 0}, "stats": {"tipCount": 1, "usersCount": 110, "checkinsCount": 185}, "id": "4e3fa7dd483b04e17ab235e6", "name": "Beach @ Club Med"}, "suffix": "/1044816_m3hkj_GetebhzteQlsS60sDbMTu_4VyChSYZrbjHak4.jpg", "visibility": "public"}, {"height": 540, "source": {"url": "https://foursquare.com/download/#/iphone", "name": "Foursquare for iOS"}, "width": 540, "prefix": "https://igx.4sqi.net/img/general/", "createdAt": 1355891691, "id": "50d143ebe4b0d53168ab4efb", "venue": {"like": false, "location": {"lng": 104.40691810713409, "cc": "ID", "country": "Indonesia", "lat": 1.1998087206335923, "address": "Bintan", "labeledLatLngs": [{"label": "display", "lat": 1.1998087206335923, "lng": 104.40691810713409}], "formattedAddress": ["Bintan", "Indonesia"]}, "categories": [{"icon": {"prefix": "https://ss3.4sqi.net/img/categories_v2/parks_outdoors/beach_", "suffix": ".png"}, "name": "Beach", "id": "4bf58dd8d48988d1e2941735", "pluralName": "Beaches", "primary": true, "shortName": "Beach"}], "verified": false, "contact": {}, "beenHere": {"lastCheckinExpiredAt": 0}, "stats": {"tipCount": 1, "usersCount": 110, "checkinsCount": 185}, "id": "4e3fa7dd483b04e17ab235e6", "name": "Beach @ Club Med"}, "suffix": "/1044816__lFUGZM3EvTEHnmslCMe7NvjV_NtCOrbOZ3JNvJ-f-M.jpg", "visibility": "public"}, {"height": 720, "source": {"url": "https://foursquare.com/download/#/iphone", "name": "Foursquare for iOS"}, "width": 537, "prefix": "https://igx.4sqi.net/img/general/", "createdAt": 1352786134, "id": "50a1e0d6e4b017f89a50d031", "venue": {"location": {"formattedAddress": ["456 Joo Chiat Road", "427677", "Singapore"], "city": "Singapore", "lng": 103.90458593549793, "cc": "SG", "country": "Singapore", "lat": 1.3066626264271755, "address": "456 Joo Chiat Road", "labeledLatLngs": [{"label": "display", "lat": 1.3066626264271755, "lng": 103.90458593549793}], "postalCode": "427677"}, "contact": {"formattedPhone": "+65 6346 6081", "phone": "+6563466081", "facebookName": "Fatboy's The Burger Bar (Upper Thomson)", "facebookUsername": "FatboysUpperThomson", "facebook": "109961549071335"}, "verified": true, "allowMenuUrlEdit": true, "stats": {"tipCount": 49, "usersCount": 2152, "checkinsCount": 3398}, "id": "4d29a7a2342d6dcbe93a05cb", "storeId": "", "url": "http://www.fatboys.sg", "like": false, "categories": [{"icon": {"prefix": "https://ss3.4sqi.net/img/categories_v2/food/burger_", "suffix": ".png"}, "name": "Burger Joint", "id": "4bf58dd8d48988d16c941735", "pluralName": "Burger Joints", "primary": true, "shortName": "Burgers"}], "beenHere": {"lastCheckinExpiredAt": 0}, "name": "Fatboy's The Burger Bar Katong"}, "suffix": "/1044816_EuRjmmFNMr8vPLW230n9G11OtdHAGbZGfdrdZGgmt4A.jpg", "visibility": "public"}, {"height": 537, "source": {"url": "https://foursquare.com/download/#/iphone", "name": "Foursquare for iOS"}, "width": 720, "prefix": "https://igx.4sqi.net/img/general/", "createdAt": 1352552086, "id": "509e4e96e4b0ca91fae3e65a", "venue": {"url": "http://www.shirazfnb.com", "like": false, "location": {"formattedAddress": ["#01-06, Clarke Quay (3A River Valley Rd)", "179020", "Singapore"], "city": "Singapore", "lng": 103.8453201065979, "cc": "SG", "country": "Singapore", "crossStreet": "3A River Valley Rd", "lat": 1.2898970129978773, "address": "#01-06, Clarke Quay", "labeledLatLngs": [{"label": "display", "lat": 1.2898970129978773, "lng": 103.8453201065979}], "postalCode": "179020"}, "categories": [{"icon": {"prefix": "https://ss3.4sqi.net/img/categories_v2/food/middleeastern_", "suffix": ".png"}, "name": "Middle Eastern Restaurant", "id": "4bf58dd8d48988d115941735", "pluralName": "Middle Eastern Restaurants", "primary": true, "shortName": "Middle Eastern"}], "verified": false, "contact": {"formattedPhone": "+65 6749 0600", "phone": "+6567490600"}, "allowMenuUrlEdit": true, "stats": {"tipCount": 38, "usersCount": 2035, "checkinsCount": 2697}, "id": "4c42d68bd7fad13a7db909da", "name": "Shiraz Authentic Persian Cuisine", "beenHere": {"lastCheckinExpiredAt": 0}}, "suffix": "/1044816_d2Q-qD9sphYE-NyZ-s1kkAnbsewcASmiBqULJr70gEg.jpg", "visibility": "public"}, {"height": 537, "source": {"url": "https://foursquare.com/download/#/iphone", "name": "Foursquare for iOS"}, "width": 720, "prefix": "https://igx.4sqi.net/img/general/", "createdAt": 1352458857, "id": "509ce269e4b0bbf7756e0b91", "venue": {"like": false, "location": {"city": "Singapore", "lng": 103.88153568294821, "cc": "SG", "country": "Singapore", "lat": 1.2970949721780425, "address": "Singapore Swimming Club", "labeledLatLngs": [{"label": "display", "lat": 1.2970949721780425, "lng": 103.88153568294821}], "formattedAddress": ["Singapore Swimming Club", "Singapore"]}, "categories": [{"icon": {"prefix": "https://ss3.4sqi.net/img/categories_v2/food/default_", "suffix": ".png"}, "name": "Restaurant", "id": "4bf58dd8d48988d1c4941735", "pluralName": "Restaurants", "primary": true, "shortName": "Restaurant"}], "verified": false, "contact": {}, "allowMenuUrlEdit": true, "stats": {"tipCount": 6, "usersCount": 271, "checkinsCount": 1057}, "id": "4c89b605a92fa093d14d8bbf", "name": "Palms Cafe", "beenHere": {"lastCheckinExpiredAt": 0}}, "suffix": "/1044816__GnW808aSki6b8HXn9-YuluxdbZqfP8DqSpCFVNyyTE.jpg", "visibility": "public"}, {"height": 720, "source": {"url": "https://foursquare.com/download/#/iphone", "name": "Foursquare for iOS"}, "width": 537, "prefix": "https://igx.4sqi.net/img/general/", "createdAt": 1350132717, "id": "507963ede4b0ce42c639b518", "venue": {"closed": true, "like": false, "location": {"formattedAddress": ["CHIJMES #01-19/20 (30 Victoria St)", "187996", "Singapore"], "city": "Singapore", "lng": 103.85229521563602, "cc": "SG", "country": "Singapore", "lat": 1.294940658734734, "address": "CHIJMES #01-19/20", "crossStreet": "30 Victoria St", "postalCode": "187996"}, "categories": [{"icon": {"prefix": "https://ss3.4sqi.net/img/categories_v2/food/mexican_", "suffix": ".png"}, "name": "Mexican Restaurant", "id": "4bf58dd8d48988d1c1941735", "pluralName": "Mexican Restaurants", "primary": true, "shortName": "Mexican"}], "verified": false, "contact": {"formattedPhone": "+65 6694 2320", "phone": "+6566942320"}, "allowMenuUrlEdit": true, "stats": {"tipCount": 20, "usersCount": 478, "checkinsCount": 634}, "id": "4f23e47ee4b0e120810958eb", "name": "Se\u00f1or Taco Mexican Taqueria @ Chijmes", "beenHere": {"lastCheckinExpiredAt": 0}}, "suffix": "/1044816_4BFODBFJlnjVOuGluJu50bHiwxwXR86z-aISrUalmoE.jpg", "visibility": "public"}, {"height": 537, "source": {"url": "https://foursquare.com/download/#/iphone", "name": "Foursquare for iOS"}, "width": 720, "prefix": "https://igx.4sqi.net/img/general/", "createdAt": 1350026447, "id": "5077c4cfe4b0a4757ce87df7", "venue": {"like": false, "location": {"formattedAddress": ["#01-17A Raffles City Shopping Centre (252 North Bridge Road (opp Raffles Hotel))", "179103", "Singapore"], "city": "Singapore", "lng": 103.8533091545105, "cc": "SG", "country": "Singapore", "crossStreet": "252 North Bridge Road (opp Raffles Hotel)", "lat": 1.2947315621598474, "address": "#01-17A Raffles City Shopping Centre", "labeledLatLngs": [{"label": "display", "lat": 1.2947315621598474, "lng": 103.8533091545105}], "postalCode": "179103"}, "categories": [{"icon": {"prefix": "https://ss3.4sqi.net/img/categories_v2/food/swiss_", "suffix": ".png"}, "name": "Swiss Restaurant", "id": "4bf58dd8d48988d158941735", "pluralName": "Swiss Restaurants", "primary": true, "shortName": "Swiss"}], "verified": false, "contact": {}, "allowMenuUrlEdit": true, "stats": {"tipCount": 32, "usersCount": 1224, "checkinsCount": 1948}, "id": "4fa384de771628be7cb39020", "name": "March\u00e9 Bar & Bistro", "beenHere": {"lastCheckinExpiredAt": 0}}, "suffix": "/1044816_HqxfxHQZve_Iy3sJSEpb7rU_9VrVR5HirWex0T0Q-jk.jpg", "visibility": "public"}, {"height": 720, "source": {"url": "https://foursquare.com/download/#/iphone", "name": "Foursquare for iOS"}, "width": 537, "prefix": "https://igx.4sqi.net/img/general/", "createdAt": 1350023487, "id": "5077b93fe4b0e1c7ac2a000a", "venue": {"like": false, "location": {"formattedAddress": ["#01-17A Raffles City Shopping Centre (252 North Bridge Road (opp Raffles Hotel))", "179103", "Singapore"], "city": "Singapore", "lng": 103.8533091545105, "cc": "SG", "country": "Singapore", "crossStreet": "252 North Bridge Road (opp Raffles Hotel)", "lat": 1.2947315621598474, "address": "#01-17A Raffles City Shopping Centre", "labeledLatLngs": [{"label": "display", "lat": 1.2947315621598474, "lng": 103.8533091545105}], "postalCode": "179103"}, "categories": [{"icon": {"prefix": "https://ss3.4sqi.net/img/categories_v2/food/swiss_", "suffix": ".png"}, "name": "Swiss Restaurant", "id": "4bf58dd8d48988d158941735", "pluralName": "Swiss Restaurants", "primary": true, "shortName": "Swiss"}], "verified": false, "contact": {}, "allowMenuUrlEdit": true, "stats": {"tipCount": 32, "usersCount": 1224, "checkinsCount": 1948}, "id": "4fa384de771628be7cb39020", "name": "March\u00e9 Bar & Bistro", "beenHere": {"lastCheckinExpiredAt": 0}}, "suffix": "/1044816_yBcz7_cxQ-zkMQz-8Angec1w3X53gSu9Fye7E4zP6vM.jpg", "visibility": "public"}, {"height": 540, "source": {"url": "https://foursquare.com/download/#/iphone", "name": "Foursquare for iOS"}, "width": 540, "prefix": "https://igx.4sqi.net/img/general/", "createdAt": 1346553344, "id": "5042c600e4b003e2b3be1a15", "venue": {"like": false, "location": {"city": "Singapore", "lng": 103.86415711949158, "cc": "SG", "country": "Singapore", "crossStreet": "Marina Sourh", "lat": 1.2816510982253975, "address": "Gardens By The Bay", "labeledLatLngs": [{"label": "display", "lat": 1.2816510982253975, "lng": 103.86415711949158}], "formattedAddress": ["Gardens By The Bay (Marina Sourh)", "Singapore"]}, "categories": [{"icon": {"prefix": "https://ss3.4sqi.net/img/categories_v2/food/asian_", "suffix": ".png"}, "name": "Chinese Restaurant", "id": "4bf58dd8d48988d145941735", "pluralName": "Chinese Restaurants", "primary": true, "shortName": "Chinese"}], "verified": false, "contact": {}, "allowMenuUrlEdit": true, "stats": {"tipCount": 10, "usersCount": 539, "checkinsCount": 621}, "id": "4feeaa93e4b0b1e8314e449d", "name": "Peach Garden Noodle House", "beenHere": {"lastCheckinExpiredAt": 0}}, "suffix": "/gKy4FMrleHVaiL5oTAVvCWqw4DzqfcyGhfEDjaIpqpY.jpg", "visibility": "public"}, {"height": 537, "source": {"url": "https://foursquare.com/download/#/iphone", "name": "Foursquare for iOS"}, "width": 720, "prefix": "https://igx.4sqi.net/img/general/", "createdAt": 1344488188, "id": "502342fce4b0566a9c31a9be", "venue": {"location": {"formattedAddress": ["230 Tanjong Katong Rd. (Parkstone Rd.)", "437018", "Singapore"], "city": "Singapore", "lng": 103.89566659927368, "cc": "SG", "country": "Singapore", "crossStreet": "Parkstone Rd.", "lat": 1.306959283036066, "address": "230 Tanjong Katong Rd.", "labeledLatLngs": [{"label": "display", "lat": 1.306959283036066, "lng": 103.89566659927368}], "postalCode": "437018"}, "contact": {"formattedPhone": "+65 6345 9855", "twitter": "smithsfishchips", "phone": "+6563459855"}, "verified": false, "allowMenuUrlEdit": true, "stats": {"tipCount": 58, "usersCount": 1289, "checkinsCount": 1852}, "id": "4ccc1803063a721ec4e58b9a", "url": "http://www.smithsfishandchips.com", "closed": true, "like": false, "categories": [{"icon": {"prefix": "https://ss3.4sqi.net/img/categories_v2/food/seafood_", "suffix": ".png"}, "name": "Seafood Restaurant", "id": "4bf58dd8d48988d1ce941735", "pluralName": "Seafood Restaurants", "primary": true, "shortName": "Seafood"}], "beenHere": {"lastCheckinExpiredAt": 0}, "name": "Smiths Authentic British Fish And Chips"}, "suffix": "/ULbLan4zo83FZZzzX-HlDVzb78PsfrzUmh95m519U9E.jpg", "visibility": "public"}, {"height": 540, "source": {"url": "https://foursquare.com/download/#/iphone", "name": "Foursquare for iOS"}, "width": 540, "prefix": "https://igx.4sqi.net/img/general/", "createdAt": 1341021132, "id": "4fee5bcce4b003445a66be1f", "venue": {"location": {"formattedAddress": ["#01-59/61, Bright Centre (55 Lor L Telok Kurau (off East Coast Rd))", "425500", "Singapore"], "city": "Singapore", "lng": 103.91052186260798, "cc": "SG", "country": "Singapore", "crossStreet": "55 Lor L Telok Kurau (off East Coast Rd)", "lat": 1.3117214218194917, "address": "#01-59/61, Bright Centre", "labeledLatLngs": [{"label": "display", "lat": 1.3117214218194917, "lng": 103.91052186260798}], "postalCode": "425500"}, "contact": {"twitter": "thegardenslug", "facebookName": "The Garden Slug", "formattedPhone": "+65 8688 8575", "phone": "+6586888575", "facebookUsername": "thegardenslug", "facebook": "31818391631"}, "verified": true, "allowMenuUrlEdit": true, "stats": {"tipCount": 96, "usersCount": 2516, "checkinsCount": 5484}, "id": "4b058813f964a52031b022e3", "storeId": "", "url": "http://www.thegardenslug.com", "like": false, "categories": [{"icon": {"prefix": "https://ss3.4sqi.net/img/categories_v2/food/diner_", "suffix": ".png"}, "name": "Diner", "id": "4bf58dd8d48988d147941735", "pluralName": "Diners", "primary": true, "shortName": "Diner"}], "beenHere": {"lastCheckinExpiredAt": 0}, "name": "The Garden Slug", "venuePage": {"id": "33842045"}}, "suffix": "/tScz7GZisIqk9XKtSZeIbOJfyJJURK-rHcmlRwuiNyA.jpg", "visibility": "public"}, {"height": 720, "source": {"url": "https://foursquare.com/download/#/iphone", "name": "Foursquare for iOS"}, "width": 537, "prefix": "https://igx.4sqi.net/img/general/", "createdAt": 1336193996, "id": "4fa4b3cce4b0fd4c3e75bf94", "venue": {"like": false, "location": {"formattedAddress": ["27-29, Jalan Taiping", "34200 Parit Buntar, Perak", "Malaysia"], "city": "Parit Buntar", "lng": 100.48873237741725, "cc": "MY", "state": "Perak", "lat": 5.126167869564815, "address": "27-29, Jalan Taiping", "labeledLatLngs": [{"label": "display", "lat": 5.126167869564815, "lng": 100.48873237741725}], "postalCode": "34200", "country": "Malaysia"}, "categories": [{"icon": {"prefix": "https://ss3.4sqi.net/img/categories_v2/food/asian_", "suffix": ".png"}, "name": "Chinese Restaurant", "id": "4bf58dd8d48988d145941735", "pluralName": "Chinese Restaurants", "primary": true, "shortName": "Chinese"}], "verified": false, "contact": {"formattedPhone": "+60 5-716 4378", "phone": "+6057164378"}, "allowMenuUrlEdit": true, "stats": {"tipCount": 15, "usersCount": 586, "checkinsCount": 1380}, "id": "4cb68fc956fca1cd9b6e5718", "name": "\u9999\u683c\u91cc\u62c9\u4e2d\u897f\u9910\u5385 Shangri-La Restaurant and Caf\u00e8", "beenHere": {"lastCheckinExpiredAt": 0}}, "suffix": "/JUOy8OkZ_UPihlJ7RdXFYt76aUg0nvpzO42wnsCuNoY.jpg", "visibility": "public"}, {"height": 537, "source": {"url": "https://foursquare.com/download/#/iphone", "name": "Foursquare for iOS"}, "width": 720, "prefix": "https://igx.4sqi.net/img/general/", "createdAt": 1329089091, "id": "4f384a43e4b017ad7bf90f9f", "venue": {"like": false, "location": {"formattedAddress": ["3 Binjai Park", "589819", "Singapore"], "city": "Singapore", "lng": 103.7864899635315, "cc": "SG", "country": "Singapore", "lat": 1.3357692732046278, "address": "3 Binjai Park", "labeledLatLngs": [{"label": "display", "lat": 1.3357692732046278, "lng": 103.7864899635315}], "postalCode": "589819"}, "categories": [{"icon": {"prefix": "https://ss3.4sqi.net/img/categories_v2/food/italian_", "suffix": ".png"}, "name": "Italian Restaurant", "id": "4bf58dd8d48988d110941735", "pluralName": "Italian Restaurants", "primary": true, "shortName": "Italian"}], "verified": false, "contact": {"formattedPhone": "+65 6468 4886", "phone": "+6564684886"}, "allowMenuUrlEdit": true, "stats": {"tipCount": 19, "usersCount": 257, "checkinsCount": 795}, "id": "4e2e9cf222717d70585781a8", "name": "Capri Trattoria & Pizza", "beenHere": {"lastCheckinExpiredAt": 0}}, "suffix": "/BPgfg0Y8ga2y5Opokg358Rd_SzFmO87I25kO-endHYw.jpg", "visibility": "public"}, {"height": 720, "source": {"url": "https://foursquare.com/download/#/iphone", "name": "Foursquare for iOS"}, "width": 537, "prefix": "https://igx.4sqi.net/img/general/", "createdAt": 1329089077, "id": "4f384a35e4b09ca12e074aee", "venue": {"like": false, "location": {"formattedAddress": ["3 Binjai Park", "589819", "Singapore"], "city": "Singapore", "lng": 103.7864899635315, "cc": "SG", "country": "Singapore", "lat": 1.3357692732046278, "address": "3 Binjai Park", "labeledLatLngs": [{"label": "display", "lat": 1.3357692732046278, "lng": 103.7864899635315}], "postalCode": "589819"}, "categories": [{"icon": {"prefix": "https://ss3.4sqi.net/img/categories_v2/food/italian_", "suffix": ".png"}, "name": "Italian Restaurant", "id": "4bf58dd8d48988d110941735", "pluralName": "Italian Restaurants", "primary": true, "shortName": "Italian"}], "verified": false, "contact": {"formattedPhone": "+65 6468 4886", "phone": "+6564684886"}, "allowMenuUrlEdit": true, "stats": {"tipCount": 19, "usersCount": 257, "checkinsCount": 795}, "id": "4e2e9cf222717d70585781a8", "name": "Capri Trattoria & Pizza", "beenHere": {"lastCheckinExpiredAt": 0}}, "suffix": "/Hc50bldBh-01LCGYcehmpr_ShU3okjlOsB7myNOC4ZA.jpg", "visibility": "public"}, {"height": 537, "source": {"url": "https://foursquare.com/download/#/iphone", "name": "Foursquare for iOS"}, "width": 720, "prefix": "https://igx.4sqi.net/img/general/", "createdAt": 1329089054, "id": "4f384a1ee4b0f4cfdf851770", "venue": {"like": false, "location": {"formattedAddress": ["3 Binjai Park", "589819", "Singapore"], "city": "Singapore", "lng": 103.7864899635315, "cc": "SG", "country": "Singapore", "lat": 1.3357692732046278, "address": "3 Binjai Park", "labeledLatLngs": [{"label": "display", "lat": 1.3357692732046278, "lng": 103.7864899635315}], "postalCode": "589819"}, "categories": [{"icon": {"prefix": "https://ss3.4sqi.net/img/categories_v2/food/italian_", "suffix": ".png"}, "name": "Italian Restaurant", "id": "4bf58dd8d48988d110941735", "pluralName": "Italian Restaurants", "primary": true, "shortName": "Italian"}], "verified": false, "contact": {"formattedPhone": "+65 6468 4886", "phone": "+6564684886"}, "allowMenuUrlEdit": true, "stats": {"tipCount": 19, "usersCount": 257, "checkinsCount": 795}, "id": "4e2e9cf222717d70585781a8", "name": "Capri Trattoria & Pizza", "beenHere": {"lastCheckinExpiredAt": 0}}, "suffix": "/7JHmdfRMdwFjCrOqflwBR4vam7yGiOqeUJkIsF4yAV8.jpg", "visibility": "public"}, {"height": 720, "source": {"url": "https://foursquare.com/download/#/iphone", "name": "Foursquare for iOS"}, "width": 537, "prefix": "https://igx.4sqi.net/img/general/", "createdAt": 1317427470, "id": "4e86590e61af076853be8eb7", "venue": {"like": false, "location": {"formattedAddress": ["19, Upper East Coast Rd", "455209", "Singapore"], "city": "Siglap", "lng": 103.92609356431483, "cc": "SG", "state": "Singapore", "lat": 1.3129224883107198, "address": "19, Upper East Coast Rd", "labeledLatLngs": [{"label": "display", "lat": 1.3129224883107198, "lng": 103.92609356431483}], "postalCode": "455209", "country": "Singapore"}, "categories": [{"icon": {"prefix": "https://ss3.4sqi.net/img/categories_v2/food/cafe_", "suffix": ".png"}, "name": "Caf\u00e9", "id": "4bf58dd8d48988d16d941735", "pluralName": "Caf\u00e9s", "primary": true, "shortName": "Caf\u00e9"}], "verified": false, "contact": {}, "allowMenuUrlEdit": true, "stats": {"tipCount": 22, "usersCount": 718, "checkinsCount": 1401}, "id": "4d35937662a22d4348a6049b", "name": "The Royals Cafe (Siglap)", "beenHere": {"lastCheckinExpiredAt": 0}}, "suffix": "/V3LVBJBORYXA0YKZ4HJGUOXQC34URZD15Q3XUIHTEUIY1HDP.jpg", "visibility": "public"}, {"height": 720, "source": {"url": "https://foursquare.com/download/#/iphone", "name": "Foursquare for iOS"}, "width": 537, "prefix": "https://igx.4sqi.net/img/general/", "createdAt": 1317427396, "id": "4e8658c4d3e338512350b22d", "venue": {"like": false, "location": {"formattedAddress": ["19, Upper East Coast Rd", "455209", "Singapore"], "city": "Siglap", "lng": 103.92609356431483, "cc": "SG", "state": "Singapore", "lat": 1.3129224883107198, "address": "19, Upper East Coast Rd", "labeledLatLngs": [{"label": "display", "lat": 1.3129224883107198, "lng": 103.92609356431483}], "postalCode": "455209", "country": "Singapore"}, "categories": [{"icon": {"prefix": "https://ss3.4sqi.net/img/categories_v2/food/cafe_", "suffix": ".png"}, "name": "Caf\u00e9", "id": "4bf58dd8d48988d16d941735", "pluralName": "Caf\u00e9s", "primary": true, "shortName": "Caf\u00e9"}], "verified": false, "contact": {}, "allowMenuUrlEdit": true, "stats": {"tipCount": 22, "usersCount": 718, "checkinsCount": 1401}, "id": "4d35937662a22d4348a6049b", "name": "The Royals Cafe (Siglap)", "beenHere": {"lastCheckinExpiredAt": 0}}, "suffix": "/YO5NH4T5QZ4NZR5JDBUQLCDRLT3R2MIFOJ2ENNEASARUJR2C.jpg", "visibility": "public"}], "count": 73}, "totalCount": 73}}