{"meta": {"code": 200, "requestId": "595b01bf6a6071143b76f9ba"}, "notifications": [{"item": {"unreadCount": 0}, "type": "notificationTray"}], "response": {"photos": {"items": [{"height": 720, "source": {"url": "https://foursquare.com/download/#/iphone", "name": "Foursquare for iOS"}, "width": 537, "prefix": "https://igx.4sqi.net/img/general/", "createdAt": 1318088776, "id": "4e907048b8f79f71de7ccd2a", "venue": {"url": "http://www.agrobeach.com", "like": false, "location": {"formattedAddress": ["Jl. Pantai Trikora Km.36", "Bintan Utara", "Kepulauan Riau 29153", "Indonesia"], "city": "Bintan Utara", "lng": 104.65686056951854, "cc": "ID", "state": "Kepulauan Riau", "lat": 1.0322290521551132, "address": "Jl. Pantai Trikora Km.36", "labeledLatLngs": [{"label": "display", "lat": 1.0322290521551132, "lng": 104.65686056951854}], "postalCode": "29153", "country": "Indonesia"}, "categories": [{"icon": {"prefix": "https://ss3.4sqi.net/img/categories_v2/travel/resort_", "suffix": ".png"}, "name": "Resort", "id": "4bf58dd8d48988d12f951735", "pluralName": "Resorts", "primary": true, "shortName": "Resort"}], "verified": false, "contact": {"formattedPhone": "+62 771 317913", "phone": "+62771317913"}, "allowMenuUrlEdit": true, "stats": {"tipCount": 23, "usersCount": 1665, "checkinsCount": 2464}, "id": "4c023b48cbd876b06209f143", "name": "Bintan Agro Beach Resort", "beenHere": {"lastCheckinExpiredAt": 0}}, "suffix": "/0UTZC2XAIBXXKT0OSGF3UL4N02SSJGU4RODNZASYHDYGWWD4.jpg", "visibility": "public"}, {"height": 720, "source": {"url": "https://foursquare.com/download/#/iphone", "name": "Foursquare for iOS"}, "width": 537, "prefix": "https://igx.4sqi.net/img/general/", "createdAt": 1295781921, "id": "4d3c102156182da13cf235bb", "venue": {"like": false, "location": {"formattedAddress": ["#01-13/14 Anchorpoint (370 Alexandra Rd)", "159953", "Singapore"], "city": "Singapore", "lng": 103.80480136590624, "cc": "SG", "country": "Singapore", "crossStreet": "370 Alexandra Rd", "lat": 1.2879318096103893, "address": "#01-13/14 Anchorpoint", "labeledLatLngs": [{"label": "display", "lat": 1.2879318096103893, "lng": 103.80480136590624}], "postalCode": "159953"}, "categories": [{"icon": {"prefix": "https://ss3.4sqi.net/img/categories_v2/food/asian_", "suffix": ".png"}, "name": "Hong Kong Restaurant", "id": "52af3add3cf9994f4e043bf5", "pluralName": "Hong Kong Restaurants", "primary": true, "shortName": "Hong Kong"}], "verified": false, "contact": {"formattedPhone": "+65 6474 4498", "phone": "+6564744498"}, "allowMenuUrlEdit": true, "stats": {"tipCount": 35, "usersCount": 2481, "checkinsCount": 5090}, "id": "4b6bf5d3f964a520671d2ce3", "name": "Xin Wang Hong Kong Caf\u00e9", "beenHere": {"lastCheckinExpiredAt": 0}}, "suffix": "/KIRKU0C32HUTC5OS4DLLP2RKNRDITSW30PHUYKU5HV1NSUZO.jpg", "visibility": "public"}], "count": 2}, "totalCount": 2}}