{"response": {"photos": {"items": [{"id": "5825f1f97c74e11cb17fc222", "createdAt": 1478881785, "tip": {"id": "5825f1f61ff79668daaeca9b", "createdAt": 1478881782, "like": false, "todo": {"count": 0}, "text": "Great flatwhite", "logView": true, "disagreeCount": 0, "canonicalUrl": "https://foursquare.com/item/5825f1f61ff79668daaeca9b", "type": "user", "likes": {"count": 0, "groups": []}, "agreeCount": 0}, "height": 1184, "visibility": "public", "source": {"url": "https://foursquare.com/download/#/android", "name": "Foursquare for Android"}, "prefix": "https://igx.4sqi.net/img/general/", "venue": {"id": "5825f16310a3441bad74a552", "like": false, "stats": {"checkinsCount": 0, "tipCount": 2, "usersCount": 0}, "beenHere": {"lastCheckinExpiredAt": 0}, "categories": [{"id": "4bf58dd8d48988d1e0931735", "primary": true, "icon": {"prefix": "https://ss3.4sqi.net/img/categories_v2/food/coffeeshop_", "suffix": ".png"}, "pluralName": "Coffee Shops", "shortName": "Coffee Shop", "name": "Coffee Shop"}], "verified": false, "allowMenuUrlEdit": true, "location": {"lat": 1.3066723, "postalCode": "138588", "city": "Singapore", "formattedAddress": ["138588", "Singapore"], "lng": 103.79134, "labeledLatLngs": [{"lng": 103.79134, "label": "display", "lat": 1.3066723}], "country": "Singapore", "cc": "SG"}, "contact": {}, "name": "Keffie"}, "width": 1776, "suffix": "/105346_L6SZaDpYe5sK9wgFuAuvklFJJ0XzUZc45vFXwybJAV0.jpg"}, {"id": "5825f1cd7d93993366c7a2c2", "createdAt": 1478881741, "tip": {"id": "5825f1ca16dbbc4293718334", "createdAt": 1478881738, "like": false, "todo": {"count": 0}, "text": "Great specialty coffee. Changing selection of roasters. Nice cold brew as well", "logView": true, "disagreeCount": 0, "canonicalUrl": "https://foursquare.com/item/5825f1ca16dbbc4293718334", "type": "user", "likes": {"count": 0, "groups": []}, "agreeCount": 0}, "height": 1184, "visibility": "public", "source": {"url": "https://foursquare.com/download/#/android", "name": "Foursquare for Android"}, "prefix": "https://igx.4sqi.net/img/general/", "venue": {"id": "5825f16310a3441bad74a552", "like": false, "stats": {"checkinsCount": 0, "tipCount": 2, "usersCount": 0}, "beenHere": {"lastCheckinExpiredAt": 0}, "categories": [{"id": "4bf58dd8d48988d1e0931735", "primary": true, "icon": {"prefix": "https://ss3.4sqi.net/img/categories_v2/food/coffeeshop_", "suffix": ".png"}, "pluralName": "Coffee Shops", "shortName": "Coffee Shop", "name": "Coffee Shop"}], "verified": false, "allowMenuUrlEdit": true, "location": {"lat": 1.3066723, "postalCode": "138588", "city": "Singapore", "formattedAddress": ["138588", "Singapore"], "lng": 103.79134, "labeledLatLngs": [{"lng": 103.79134, "label": "display", "lat": 1.3066723}], "country": "Singapore", "cc": "SG"}, "contact": {}, "name": "Keffie"}, "width": 1776, "suffix": "/105346_85I3Jng50EGg8kQ1VRkxce2F4h578CUdYXDZRqLYboA.jpg"}], "count": 2}, "totalCount": 2}, "meta": {"code": 200, "requestId": "595a82809fb6b77bc79ae790"}, "notifications": [{"item": {"unreadCount": 0}, "type": "notificationTray"}]}