{"response": {"photos": {"items": [{"id": "4d980cbb470528fd4e928aa9", "createdAt": 1301810363, "height": 720, "visibility": "public", "source": {"url": "https://foursquare.com/download/#/iphone", "name": "Foursquare for iOS"}, "prefix": "https://igx.4sqi.net/img/general/", "venue": {"id": "4d5755861270236ab3af8859", "like": false, "stats": {"checkinsCount": 306, "tipCount": 9, "usersCount": 108}, "beenHere": {"lastCheckinExpiredAt": 0}, "categories": [{"id": "4bf58dd8d48988d145941735", "primary": true, "icon": {"prefix": "https://ss3.4sqi.net/img/categories_v2/food/asian_", "suffix": ".png"}, "pluralName": "Chinese Restaurants", "shortName": "Chinese", "name": "Chinese Restaurant"}], "verified": false, "allowMenuUrlEdit": true, "location": {"crossStreet": "48A Tanglin Halt Rd", "labeledLatLngs": [{"lng": 103.79789095650864, "label": "display", "lat": 1.300481624653469}], "lat": 1.300481624653469, "city": "Singapore", "formattedAddress": ["#01-20 Tanglin Halt Market & Food Centre (48A Tanglin Halt Rd)", "Singapore"], "lng": 103.79789095650864, "address": "#01-20 Tanglin Halt Market & Food Centre", "country": "Singapore", "cc": "SG"}, "contact": {}, "name": "Wei Yi Laksa & Prawn Noodle"}, "width": 540, "suffix": "/GGMB4LHFF4NUHY3A5YIZKQX3NATQC4I30ELQGTSRDKWWAPU5.jpg"}, {"id": "4d730cad062528fdf48eada2", "createdAt": 1299385517, "height": 720, "visibility": "public", "source": {"url": "https://foursquare.com/download/#/iphone", "name": "Foursquare for iOS"}, "prefix": "https://igx.4sqi.net/img/general/", "venue": {"id": "4d2d4399a40da35d70a79077", "like": false, "stats": {"checkinsCount": 243, "tipCount": 7, "usersCount": 102}, "beenHere": {"lastCheckinExpiredAt": 0}, "categories": [{"id": "4bf58dd8d48988d149941735", "primary": true, "icon": {"prefix": "https://ss3.4sqi.net/img/categories_v2/food/thai_", "suffix": ".png"}, "pluralName": "Thai Restaurants", "shortName": "Thai", "name": "Thai Restaurant"}], "verified": false, "allowMenuUrlEdit": true, "location": {"address": "517 West Coast Rd.", "lat": 1.3074419550107688, "postalCode": "120517", "city": "Singapore", "formattedAddress": ["517 West Coast Rd.", "120517", "Singapore"], "lng": 103.76036524772644, "labeledLatLngs": [{"lng": 103.76036524772644, "label": "display", "lat": 1.3074419550107688}], "country": "Singapore", "cc": "SG"}, "contact": {}, "name": "Siam Deli"}, "width": 540, "suffix": "/CXUPSQYSW0XUQYT3GV3J4DY0MGHSVLRYXEKSF4AJZFDATLPD.jpg"}, {"id": "4d730ca8062528fdf28eada2", "createdAt": 1299385512, "height": 720, "visibility": "public", "source": {"url": "https://foursquare.com/download/#/iphone", "name": "Foursquare for iOS"}, "prefix": "https://igx.4sqi.net/img/general/", "venue": {"id": "4d2d4399a40da35d70a79077", "like": false, "stats": {"checkinsCount": 243, "tipCount": 7, "usersCount": 102}, "beenHere": {"lastCheckinExpiredAt": 0}, "categories": [{"id": "4bf58dd8d48988d149941735", "primary": true, "icon": {"prefix": "https://ss3.4sqi.net/img/categories_v2/food/thai_", "suffix": ".png"}, "pluralName": "Thai Restaurants", "shortName": "Thai", "name": "Thai Restaurant"}], "verified": false, "allowMenuUrlEdit": true, "location": {"address": "517 West Coast Rd.", "lat": 1.3074419550107688, "postalCode": "120517", "city": "Singapore", "formattedAddress": ["517 West Coast Rd.", "120517", "Singapore"], "lng": 103.76036524772644, "labeledLatLngs": [{"lng": 103.76036524772644, "label": "display", "lat": 1.3074419550107688}], "country": "Singapore", "cc": "SG"}, "contact": {}, "name": "Siam Deli"}, "width": 540, "suffix": "/S13YEMTN2GWH3BF0Q2DMDM2AM23Y550GKSQ2IUGRQLS2PG32.jpg"}, {"id": "4d730b83062528fd8a8eada2", "createdAt": 1299385219, "height": 720, "visibility": "public", "source": {"url": "https://foursquare.com/download/#/iphone", "name": "Foursquare for iOS"}, "prefix": "https://igx.4sqi.net/img/general/", "venue": {"id": "4d2d4399a40da35d70a79077", "like": false, "stats": {"checkinsCount": 243, "tipCount": 7, "usersCount": 102}, "beenHere": {"lastCheckinExpiredAt": 0}, "categories": [{"id": "4bf58dd8d48988d149941735", "primary": true, "icon": {"prefix": "https://ss3.4sqi.net/img/categories_v2/food/thai_", "suffix": ".png"}, "pluralName": "Thai Restaurants", "shortName": "Thai", "name": "Thai Restaurant"}], "verified": false, "allowMenuUrlEdit": true, "location": {"address": "517 West Coast Rd.", "lat": 1.3074419550107688, "postalCode": "120517", "city": "Singapore", "formattedAddress": ["517 West Coast Rd.", "120517", "Singapore"], "lng": 103.76036524772644, "labeledLatLngs": [{"lng": 103.76036524772644, "label": "display", "lat": 1.3074419550107688}], "country": "Singapore", "cc": "SG"}, "contact": {}, "name": "Siam Deli"}, "width": 540, "suffix": "/IYIELIXQ10WZV4PTXNVFTHJHJ0GDOUQIICMDS1Q2JLQXXNK4.jpg"}, {"id": "4d5b78d7bdb928fdfcf8eace", "createdAt": 1297840343, "height": 720, "visibility": "public", "source": {"url": "https://foursquare.com/download/#/iphone", "name": "Foursquare for iOS"}, "prefix": "https://igx.4sqi.net/img/general/", "venue": {"closed": true, "like": false, "allowMenuUrlEdit": true, "location": {"crossStreet": "6 Eu Tong Sen St", "lat": 1.288221356867888, "postalCode": "059817", "city": "Singapore", "formattedAddress": ["#01-30, The Central (6 Eu Tong Sen St)", "059817", "Singapore"], "lng": 103.8469562810383, "address": "#01-30, The Central", "country": "Singapore", "cc": "SG"}, "id": "4d1ee4ef86e15481272dae3a", "beenHere": {"lastCheckinExpiredAt": 0}, "stats": {"checkinsCount": 1322, "tipCount": 25, "usersCount": 913}, "url": "http://www.freshnessburger.com.sg", "categories": [{"id": "4bf58dd8d48988d16c941735", "primary": true, "icon": {"prefix": "https://ss3.4sqi.net/img/categories_v2/food/burger_", "suffix": ".png"}, "pluralName": "Burger Joints", "shortName": "Burgers", "name": "Burger Joint"}], "verified": false, "contact": {}, "name": "Freshness Burger"}, "width": 540, "suffix": "/HZHUWYJSGXMH2I5D45ASFTVJ5OZQUDDYEVH1KUT3NQEPDJQ2.jpg"}, {"id": "4d45596cb8b328fd8438a4a7", "createdAt": 1296390508, "height": 720, "visibility": "public", "source": {"url": "https://foursquare.com/download/#/iphone", "name": "Foursquare for iOS"}, "prefix": "https://igx.4sqi.net/img/general/", "venue": {"id": "4b299c17f964a520aca124e3", "closed": true, "stats": {"checkinsCount": 346, "tipCount": 20, "usersCount": 114}, "like": false, "beenHere": {"lastCheckinExpiredAt": 0}, "categories": [{"id": "4bf58dd8d48988d1e0931735", "primary": true, "icon": {"prefix": "https://ss3.4sqi.net/img/categories_v2/food/coffeeshop_", "suffix": ".png"}, "pluralName": "Coffee Shops", "shortName": "Coffee Shop", "name": "Coffee Shop"}], "verified": false, "allowMenuUrlEdit": true, "location": {"crossStreet": "South Bridge Road", "lat": 1.28242, "postalCode": "058556", "city": "Singapore", "formattedAddress": ["3 Temple Street (South Bridge Road)", "058556", "Singapore"], "lng": 103.844973, "address": "3 Temple Street", "country": "Singapore", "cc": "SG"}, "contact": {"formattedPhone": "+65 6227 8892", "phone": "+6562278892"}, "name": "Cuppa Choice Cafe"}, "width": 540, "suffix": "/P2NH15DOBPUSP3HKFSYSA5MNJVNEMO00HPR2K44KIOGV12KG.jpg"}], "count": 6}, "totalCount": 6}, "meta": {"code": 200, "requestId": "595a81b7351e3d64af3e08d5"}, "notifications": [{"item": {"unreadCount": 0}, "type": "notificationTray"}]}