{"response": {"totalCount": 16, "photos": {"count": 16, "items": [{"width": 1440, "visibility": "public", "createdAt": 1478695386, "id": "582319da3125bf3a9e7c9973", "source": {"name": "Swarm for iOS", "url": "https://www.swarmapp.com"}, "prefix": "https://igx.4sqi.net/img/general/", "suffix": "/1058627_VUK77mBXFFv0fXPe028fFddP2Laje2qgdML8HThZLmA.jpg", "venue": {"contact": {}, "name": "Skinny's Lounge", "categories": [{"name": "Dive Bar", "shortName": "Dive Bar", "primary": true, "icon": {"prefix": "https://ss3.4sqi.net/img/categories_v2/nightlife/divebar_", "suffix": ".png"}, "id": "4bf58dd8d48988d118941735", "pluralName": "Dive Bars"}], "beenHere": {"lastCheckinExpiredAt": 0}, "stats": {"checkinsCount": 259, "tipCount": 3, "usersCount": 152}, "verified": false, "id": "573b2b8d498ef31e9c173625", "location": {"country": "Singapore", "formattedAddress": ["Singapore"], "cc": "SG", "lat": 1.28861, "labeledLatLngs": [{"lng": 103.849399, "lat": 1.28861, "label": "display"}], "lng": 103.849399}, "like": false, "allowMenuUrlEdit": true}, "height": 1920}, {"width": 1440, "visibility": "public", "createdAt": 1474374934, "id": "57e12d16cd10e7ee7228f53f", "source": {"name": "Swarm for iOS", "url": "https://www.swarmapp.com"}, "prefix": "https://igx.4sqi.net/img/general/", "suffix": "/1058627_QjR6cTJchhVL0Yn5C5xLkI9j6uSkQykvp09e9rkyL-o.jpg", "venue": {"contact": {}, "name": "The Star Performing Arts Centre", "categories": [{"name": "Performing Arts Venue", "shortName": "Performing Arts", "primary": true, "icon": {"prefix": "https://ss3.4sqi.net/img/categories_v2/arts_entertainment/performingarts_", "suffix": ".png"}, "id": "4bf58dd8d48988d1f2931735", "pluralName": "Performing Arts Venues"}], "beenHere": {"lastCheckinExpiredAt": 0}, "stats": {"checkinsCount": 4436, "tipCount": 13, "usersCount": 2123}, "verified": false, "url": "http://www.thestar.sg", "id": "4f3e540ce4b0b8bcf286c368", "location": {"country": "Singapore", "formattedAddress": ["1 Vista Exchange Green", "138617", "Singapore"], "cc": "SG", "lat": 1.3066051111329937, "labeledLatLngs": [{"lng": 103.78894926487557, "lat": 1.3066051111329937, "label": "display"}], "postalCode": "138617", "address": "1 Vista Exchange Green", "lng": 103.78894926487557, "city": "Singapore"}, "like": false, "allowMenuUrlEdit": true}, "height": 1920}, {"width": 1440, "visibility": "public", "createdAt": 1419613921, "id": "549d96e1498e30682a73f900", "source": {"name": "Swarm for iOS", "url": "https://www.swarmapp.com"}, "prefix": "https://igx.4sqi.net/img/general/", "suffix": "/1058627_jTkrbfVHtnjS2TKje3qv11TcAPkNylxbDSsuwvDsyX4.jpg", "venue": {"contact": {}, "name": "Swell Surf Camp", "categories": [{"name": "Bed & Breakfast", "shortName": "B & B", "primary": true, "icon": {"prefix": "https://ss3.4sqi.net/img/categories_v2/travel/bedandbreakfast_", "suffix": ".png"}, "id": "4bf58dd8d48988d1f8931735", "pluralName": "Bed & Breakfasts"}], "beenHere": {"lastCheckinExpiredAt": 0}, "stats": {"checkinsCount": 173, "tipCount": 3, "usersCount": 54}, "verified": false, "id": "4d3252415017a093ae50489b", "location": {"country": "Rep\u00fablica Dominicana", "formattedAddress": ["Rep\u00fablica Dominicana"], "cc": "DO", "lat": 19.749467, "labeledLatLngs": [{"lng": -70.415752, "lat": 19.749467, "label": "display"}], "lng": -70.415752}, "like": false, "allowMenuUrlEdit": true}, "height": 1920}, {"width": 960, "visibility": "public", "createdAt": 1400358711, "id": "5377c737498e7942da5c464a", "source": {"name": "Foursquare for iOS", "url": "https://foursquare.com/download/#/iphone"}, "prefix": "https://igx.4sqi.net/img/general/", "suffix": "/1058627_pSDPHFGNWvG1ZBWDHwum3CcRVpDnFp38U1gAz2qzpLc.jpg", "venue": {"contact": {"twitter": "breweryommegang", "phone": "+16075441800", "formattedPhone": "+1 607-544-1800"}, "categories": [{"name": "Brewery", "shortName": "Brewery", "primary": true, "icon": {"prefix": "https://ss3.4sqi.net/img/categories_v2/food/brewery_", "suffix": ".png"}, "id": "50327c8591d4c4b30a586d5d", "pluralName": "Breweries"}], "stats": {"checkinsCount": 6475, "tipCount": 86, "usersCount": 3919}, "beenHere": {"lastCheckinExpiredAt": 0}, "location": {"country": "United States", "formattedAddress": ["656 County Highway 33", "Cooperstown, NY 13326", "United States"], "cc": "US", "lat": 42.626502561187046, "labeledLatLngs": [{"lng": -74.94458104449134, "lat": 42.626502561187046, "label": "display"}], "postalCode": "13326", "address": "656 County Highway 33", "lng": -74.94458104449134, "city": "Cooperstown", "state": "NY"}, "like": false, "hasMenu": true, "name": "Brewery Ommegang", "url": "http://www.ommegang.com", "allowMenuUrlEdit": true, "menu": {"type": "Menu", "url": "https://foursquare.com/v/brewery-ommegang/4b92aff9f964a520801134e3/menu", "anchor": "View Menu", "mobileUrl": "https://foursquare.com/v/4b92aff9f964a520801134e3/device_menu", "label": "Menu"}, "verified": true, "id": "4b92aff9f964a520801134e3"}, "height": 720}, {"width": 720, "visibility": "public", "createdAt": 1396481321, "id": "533c9d29498e7b2ecd187744", "source": {"name": "Foursquare for iOS", "url": "https://foursquare.com/download/#/iphone"}, "prefix": "https://igx.4sqi.net/img/general/", "suffix": "/1058627_WSNdlEQ6JFEbdaFCH091vndBv4mqL2-pYqzb0Mx6orc.jpg", "venue": {"contact": {"facebookName": "The Garden", "phone": "+12124656741", "facebook": "28859306498", "facebookUsername": "TheGarden", "instagram": "madisonsquaregarden", "twitter": "thegarden", "formattedPhone": "+1 212-465-6741"}, "venuePage": {"id": "34845688"}, "categories": [{"name": "Basketball Stadium", "shortName": "Basketball", "primary": true, "icon": {"prefix": "https://ss3.4sqi.net/img/categories_v2/arts_entertainment/stadium_basketball_", "suffix": ".png"}, "id": "4bf58dd8d48988d18b941735", "pluralName": "Basketball Stadiums"}], "beenHere": {"lastCheckinExpiredAt": 0}, "location": {"country": "United States", "state": "NY", "formattedAddress": ["4 Penn Plz (btwn 7th & 8th Ave)", "New York, NY 10121", "United States"], "cc": "US", "lat": 40.75029596084001, "postalCode": "10121", "address": "4 Penn Plz", "lng": -73.99287114236125, "city": "New York", "crossStreet": "btwn 7th & 8th Ave"}, "like": false, "allowMenuUrlEdit": true, "name": "Madison Square Garden", "url": "http://www.thegarden.com", "stats": {"checkinsCount": 379475, "tipCount": 926, "usersCount": 148039}, "verified": true, "id": "4ae6363ef964a520aba521e3", "storeId": ""}, "height": 960}, {"width": 720, "visibility": "public", "createdAt": 1392668254, "id": "53026e5e498e36c77593b0d8", "source": {"name": "Foursquare for iOS", "url": "https://foursquare.com/download/#/iphone"}, "prefix": "https://igx.4sqi.net/img/general/", "suffix": "/1058627_7gW2J5xz1QenGUtAYT5-wHmBEGj1hRb684BV1a2DJWw.jpg", "venue": {"contact": {"phone": "+12125817100", "formattedPhone": "+1 212-581-7100"}, "venuePage": {"id": "79593847"}, "categories": [{"name": "Tea Room", "shortName": "Tea Room", "primary": true, "icon": {"prefix": "https://ss3.4sqi.net/img/categories_v2/food/tearoom_", "suffix": ".png"}, "id": "4bf58dd8d48988d1dc931735", "pluralName": "Tea Rooms"}], "stats": {"checkinsCount": 6245, "tipCount": 98, "usersCount": 5405}, "beenHere": {"lastCheckinExpiredAt": 0}, "location": {"country": "United States", "state": "NY", "formattedAddress": ["150 W 57th St (btwn 6th & 7th Ave)", "New York, NY 10019", "United States"], "cc": "US", "lat": 40.76520766773068, "labeledLatLngs": [{"lng": -73.97921793045865, "lat": 40.76520766773068, "label": "display"}], "postalCode": "10019", "address": "150 W 57th St", "lng": -73.97921793045865, "city": "New York", "crossStreet": "btwn 6th & 7th Ave"}, "like": false, "hasMenu": true, "name": "Russian Tea Room", "url": "http://www.russiantearoomnyc.com", "allowMenuUrlEdit": true, "menu": {"type": "Menu", "url": "https://foursquare.com/v/russian-tea-room/3fd66200f964a520afe71ee3/menu", "anchor": "View Menu", "mobileUrl": "https://foursquare.com/v/3fd66200f964a520afe71ee3/device_menu", "label": "Menu"}, "verified": true, "id": "3fd66200f964a520afe71ee3"}, "height": 960}, {"width": 960, "visibility": "public", "createdAt": 1382905521, "id": "526d76b111d275f748429c7d", "source": {"name": "Foursquare for iOS", "url": "https://foursquare.com/download/#/iphone"}, "prefix": "https://igx.4sqi.net/img/general/", "suffix": "/1058627_Hy5P52wf4BghydUquU9LuxN2fkE1Tpjy2yMyupwqO8M.jpg", "venue": {"contact": {"twitter": "bengals", "facebookName": "Paul Brown Stadium", "phone": "+15136218383", "facebook": "118295781554494", "formattedPhone": "+1 513-621-8383"}, "name": "Paul Brown Stadium", "categories": [{"name": "Football Stadium", "shortName": "Football", "primary": true, "icon": {"prefix": "https://ss3.4sqi.net/img/categories_v2/arts_entertainment/stadium_football_", "suffix": ".png"}, "id": "4bf58dd8d48988d189941735", "pluralName": "Football Stadiums"}], "beenHere": {"lastCheckinExpiredAt": 0}, "stats": {"checkinsCount": 23939, "tipCount": 88, "usersCount": 10465}, "verified": false, "url": "http://www.bengals.com", "id": "4b113aa4f964a520177923e3", "location": {"country": "United States", "formattedAddress": ["1 Paul Brown Stadium", "Cincinnati, OH 45202", "United States"], "cc": "US", "lat": 39.09590152923306, "labeledLatLngs": [{"lng": -84.51556503882274, "lat": 39.09590152923306, "label": "display"}], "postalCode": "45202", "address": "1 Paul Brown Stadium", "lng": -84.51556503882274, "city": "Cincinnati", "state": "OH"}, "like": false}, "height": 720}, {"width": 960, "visibility": "public", "createdAt": 1379977297, "id": "5240c85111d246f12dd4cec5", "source": {"name": "Foursquare for iOS", "url": "https://foursquare.com/download/#/iphone"}, "prefix": "https://igx.4sqi.net/img/general/", "suffix": "/1058627_JjWqyojVlDCRT2iJkBAIBXZ33O3AvMzj7Vq7UsVy3Tg.jpg", "venue": {"contact": {"twitter": "w_barcelona", "phone": "+34932952800", "formattedPhone": "+34 932 95 28 00"}, "name": "W Bar", "categories": [{"name": "Hotel Bar", "shortName": "Hotel Bar", "primary": true, "icon": {"prefix": "https://ss3.4sqi.net/img/categories_v2/travel/hotel_bar_", "suffix": ".png"}, "id": "4bf58dd8d48988d1d5941735", "pluralName": "Hotel Bars"}], "beenHere": {"lastCheckinExpiredAt": 0}, "stats": {"checkinsCount": 5560, "tipCount": 82, "usersCount": 4233}, "verified": false, "id": "4e1d8b3aaeb78c0dfecdbe67", "location": {"country": "Espa\u00f1a", "formattedAddress": ["Pla\u00e7a de la Rosa dels Vents, 1", "08039 Barcelona Catalu\u00f1a", "Espa\u00f1a"], "cc": "ES", "lat": 41.36912217660652, "labeledLatLngs": [{"lng": 2.189635110163903, "lat": 41.36912217660652, "label": "display"}], "postalCode": "08039", "address": "Pla\u00e7a de la Rosa dels Vents, 1", "lng": 2.189635110163903, "city": "Barcelona", "state": "Catalu\u00f1a"}, "like": false, "allowMenuUrlEdit": true}, "height": 720}, {"width": 720, "visibility": "public", "createdAt": 1369520207, "id": "51a1384f498e91a149de6de5", "source": {"name": "Foursquare for iOS", "url": "https://foursquare.com/download/#/iphone"}, "prefix": "https://igx.4sqi.net/img/general/", "suffix": "/1058627_hhVrI9HrvnVnTms9agVhbUwBnPEA8zKz3U0PMdLxtfQ.jpg", "venue": {"contact": {"facebookName": "Oficina Latina", "phone": "+16463812555", "facebook": "111534535552929", "facebookUsername": "OficinaLatinaNY", "twitter": "oficinalatina_", "formattedPhone": "+1 646-381-2555"}, "venuePage": {"id": "54857491"}, "categories": [{"name": "Latin American Restaurant", "shortName": "Latin American", "primary": true, "icon": {"prefix": "https://ss3.4sqi.net/img/categories_v2/food/latinamerican_", "suffix": ".png"}, "id": "4bf58dd8d48988d1be941735", "pluralName": "Latin American Restaurants"}], "menu": {"type": "Menu", "url": "https://foursquare.com/v/oficina-latina/4cb8d53423a4199c9002ed89/menu", "anchor": "View Menu", "mobileUrl": "https://foursquare.com/v/4cb8d53423a4199c9002ed89/device_menu", "label": "Menu"}, "beenHere": {"lastCheckinExpiredAt": 0}, "location": {"country": "United States", "state": "NY", "formattedAddress": ["24 Prince St (btwn Mott & Elizabeth St)", "New York, NY 10012", "United States"], "cc": "US", "lat": 40.722929094439294, "labeledLatLngs": [{"lng": -73.99461574510211, "lat": 40.722929094439294, "label": "display"}], "postalCode": "10012", "address": "24 Prince St", "lng": -73.99461574510211, "city": "New York", "crossStreet": "btwn Mott & Elizabeth St"}, "like": false, "hasMenu": true, "name": "Oficina Latina", "url": "http://www.oficinalatinanyc.com", "allowMenuUrlEdit": true, "stats": {"checkinsCount": 8377, "tipCount": 164, "usersCount": 5730}, "verified": true, "id": "4cb8d53423a4199c9002ed89", "delivery": {"id": "17299", "url": "http://www.seamless.com/food-delivery/restaurant.17299.r?a=1026&utm_source=Foursquare&utm_medium=affiliate&utm_campaign=SeamlessOrderDeliveryLink", "provider": {"name": "seamless"}}}, "height": 960}, {"width": 720, "visibility": "public", "createdAt": 1364944852, "id": "515b67d4e4b0aefd0f5433cb", "source": {"name": "Foursquare for iOS", "url": "https://foursquare.com/download/#/iphone"}, "prefix": "https://igx.4sqi.net/img/general/", "suffix": "/1058627_MKWtJB1dSJZLPviJlyVP7hxDTLmYP34jh4qeK-PF3mI.jpg", "venue": {"contact": {"facebookName": "Momofuku Milk Bar", "phone": "+13475779504", "facebook": "151708921528018", "facebookUsername": "milkbarnyc", "twitter": "milkbarstore", "formattedPhone": "+1 347-577-9504"}, "categories": [{"name": "Dessert Shop", "shortName": "Desserts", "primary": true, "icon": {"prefix": "https://ss3.4sqi.net/img/categories_v2/food/dessert_", "suffix": ".png"}, "id": "4bf58dd8d48988d1d0941735", "pluralName": "Dessert Shops"}], "stats": {"checkinsCount": 14844, "tipCount": 167, "usersCount": 8466}, "beenHere": {"lastCheckinExpiredAt": 0}, "location": {"country": "United States", "state": "NY", "formattedAddress": ["382 Metropolitan Ave (btwn Havemeyer & Marcy)", "Brooklyn, NY 11211", "United States"], "cc": "US", "lat": 40.71404731341298, "labeledLatLngs": [{"lng": -73.95492106676102, "lat": 40.71404731341298, "label": "display"}], "postalCode": "11211", "address": "382 Metropolitan Ave", "lng": -73.95492106676102, "city": "Brooklyn", "crossStreet": "btwn Havemeyer & Marcy"}, "like": false, "hasMenu": true, "name": "Momofuku Milk Bar", "url": "http://www.milkbarstore.com", "allowMenuUrlEdit": true, "menu": {"type": "Menu", "url": "https://foursquare.com/v/momofuku-milk-bar/4cfbed25d8468cfacd6df76b/menu", "anchor": "View Menu", "mobileUrl": "https://foursquare.com/v/4cfbed25d8468cfacd6df76b/device_menu", "label": "Menu"}, "verified": true, "id": "4cfbed25d8468cfacd6df76b", "storeId": ""}, "height": 960}, {"width": 720, "visibility": "public", "createdAt": 1360474681, "id": "51173239e4b0eb6a9c6a832e", "source": {"name": "Foursquare for iOS", "url": "https://foursquare.com/download/#/iphone"}, "prefix": "https://igx.4sqi.net/img/general/", "suffix": "/1058627_52KGOrXQ4VQ0d94B6qwoKlJQHqWLAlMjbqA1SGsqNCY.jpg", "venue": {"contact": {"twitter": "silverliningny", "phone": "+12125131234", "formattedPhone": "+1 212-513-1234"}, "venuePage": {"id": "52423234"}, "categories": [{"name": "Cocktail Bar", "shortName": "Cocktail", "primary": true, "icon": {"prefix": "https://ss3.4sqi.net/img/categories_v2/nightlife/cocktails_", "suffix": ".png"}, "id": "4bf58dd8d48988d11e941735", "pluralName": "Cocktail Bars"}], "closed": true, "menu": {"type": "Menu", "url": "https://foursquare.com/v/silver-lining/4d8c0ad7599b5481655820b2/menu", "anchor": "View Menu", "mobileUrl": "https://foursquare.com/v/4d8c0ad7599b5481655820b2/device_menu", "label": "Menu"}, "beenHere": {"lastCheckinExpiredAt": 0}, "location": {"country": "United States", "state": "NY", "formattedAddress": ["75 Murray St (Basement)", "New York, NY 10007", "United States"], "cc": "US", "lat": 40.71451234565491, "postalCode": "10007", "address": "75 Murray St", "lng": -74.01063206256053, "city": "New York", "crossStreet": "Basement"}, "like": false, "hasMenu": true, "name": "Silver Lining", "url": "http://silverliningbar.com", "allowMenuUrlEdit": true, "stats": {"checkinsCount": 2900, "tipCount": 50, "usersCount": 2076}, "verified": true, "id": "4d8c0ad7599b5481655820b2", "storeId": ""}, "height": 960}, {"width": 612, "visibility": "public", "createdAt": 1359241144, "id": "51045fb8e4b01e27b242f4c8", "source": {"name": "Instagram", "url": "http://instagram.com"}, "prefix": "https://igx.4sqi.net/img/general/", "suffix": "/1058627_5eGvSh8W3qQ-RSaWEWW77KHRTLEkdlt3gvCtS03RBVk.jpg", "venue": {"contact": {"facebookName": "Honolulu International Airport", "phone": "+18088366411", "facebook": "142262745786813", "formattedPhone": "+1 808-836-6411"}, "name": "Daniel K. Inouye International Airport (HNL)", "categories": [{"name": "Airport", "shortName": "Airport", "primary": true, "icon": {"prefix": "https://ss3.4sqi.net/img/categories_v2/travel/airport_", "suffix": ".png"}, "id": "4bf58dd8d48988d1ed931735", "pluralName": "Airports"}], "beenHere": {"lastCheckinExpiredAt": 0}, "stats": {"checkinsCount": 263826, "tipCount": 630, "usersCount": 92931}, "verified": false, "url": "http://hawaii.gov/hnl", "id": "4aa18a65f964a520ea4020e3", "location": {"country": "United States", "state": "HI", "formattedAddress": ["300 Rodgers Blvd (off H-1)", "Honolulu, HI 96819", "United States"], "cc": "US", "lat": 21.332583626687793, "postalCode": "96819", "address": "300 Rodgers Blvd", "lng": -157.92126539221618, "city": "Honolulu", "crossStreet": "off H-1"}, "like": false}, "height": 612}, {"width": 612, "visibility": "public", "createdAt": 1359226473, "id": "51042669e4b040a886f3d9f4", "source": {"name": "Instagram", "url": "http://instagram.com"}, "prefix": "https://igx.4sqi.net/img/general/", "suffix": "/1058627_SII5KFXaq293zW7nhLHveCYmhcMeNbdpoi0mKs9qIaQ.jpg", "venue": {"contact": {"phone": "+18082461400", "formattedPhone": "+1 808-246-1400"}, "name": "Lihue Airport (LIH)", "categories": [{"name": "Airport", "shortName": "Airport", "primary": true, "icon": {"prefix": "https://ss3.4sqi.net/img/categories_v2/travel/airport_", "suffix": ".png"}, "id": "4bf58dd8d48988d1ed931735", "pluralName": "Airports"}], "beenHere": {"lastCheckinExpiredAt": 0}, "stats": {"checkinsCount": 42645, "tipCount": 176, "usersCount": 20920}, "verified": false, "id": "4bbc2610e436ef3bcf485664", "location": {"country": "United States", "formattedAddress": ["3901 Mokulele Loop", "Lihue, HI 96766", "United States"], "cc": "US", "lat": 21.9780054102914, "postalCode": "96766", "address": "3901 Mokulele Loop", "lng": -159.34913471419702, "city": "Lihue", "state": "HI"}, "like": false}, "height": 612}, {"width": 540, "visibility": "public", "createdAt": 1355791130, "id": "50cfbb1ae4b0bcb853a8750a", "source": {"name": "Foursquare for iOS", "url": "https://foursquare.com/download/#/iphone"}, "prefix": "https://igx.4sqi.net/img/general/", "suffix": "/1058627_CtTL0m4K7OBRXrqdsBbD-jrHOlUEwZlSoNIDpb2szC4.jpg", "venue": {"contact": {"facebookName": "Barclays Center", "phone": "+18777725849", "facebook": "111562862219231", "facebookUsername": "barclayscenter", "twitter": "barclayscenter", "formattedPhone": "+1 877-772-5849"}, "name": "Barclays Center", "categories": [{"name": "Basketball Stadium", "shortName": "Basketball", "primary": true, "icon": {"prefix": "https://ss3.4sqi.net/img/categories_v2/arts_entertainment/stadium_basketball_", "suffix": ".png"}, "id": "4bf58dd8d48988d18b941735", "pluralName": "Basketball Stadiums"}], "beenHere": {"lastCheckinExpiredAt": 0}, "stats": {"checkinsCount": 164541, "tipCount": 483, "usersCount": 72798}, "verified": true, "url": "http://www.brooklynnets.com", "id": "4b992b04f964a520726635e3", "location": {"country": "United States", "state": "NY", "formattedAddress": ["620 Atlantic Ave (at Flatbush Ave)", "Brooklyn, NY 11217", "United States"], "cc": "US", "lat": 40.68292250937348, "postalCode": "11217", "address": "620 Atlantic Ave", "lng": -73.97598096115453, "city": "Brooklyn", "crossStreet": "at Flatbush Ave"}, "like": false, "allowMenuUrlEdit": true}, "height": 720}, {"width": 540, "visibility": "public", "createdAt": 1346526745, "id": "50425e19e4b0350e025e289f", "source": {"name": "Foursquare for iOS", "url": "https://foursquare.com/download/#/iphone"}, "prefix": "https://igx.4sqi.net/img/general/", "suffix": "/01SnfofXPFe8V8GdKrOCrSlrAJr3_l9EiaOx_tQTmJ0.jpg", "venue": {"contact": {"facebookName": "MoMA PS1", "phone": "+17187842084", "facebook": "38511202495", "facebookUsername": "MoMAPS1", "twitter": "museummodernart", "formattedPhone": "+1 718-784-2084"}, "categories": [{"name": "Art Museum", "shortName": "Art Museum", "primary": true, "icon": {"prefix": "https://ss3.4sqi.net/img/categories_v2/arts_entertainment/museum_art_", "suffix": ".png"}, "id": "4bf58dd8d48988d18f941735", "pluralName": "Art Museums"}], "beenHere": {"lastCheckinExpiredAt": 0}, "location": {"country": "United States", "state": "NY", "formattedAddress": ["2225 Jackson Ave (at 46th Ave)", "Long Island City, NY 11101", "United States"], "cc": "US", "lat": 40.745554587184515, "postalCode": "11101", "address": "2225 Jackson Ave", "lng": -73.94763219908617, "city": "Queens", "crossStreet": "at 46th Ave"}, "like": false, "allowMenuUrlEdit": true, "name": "MoMA PS1 Contemporary Art Center", "url": "http://www.moma.org", "stats": {"checkinsCount": 35790, "tipCount": 187, "usersCount": 23616}, "verified": true, "id": "3fd66200f964a52096eb1ee3", "storeId": ""}, "height": 720}, {"width": 540, "visibility": "public", "createdAt": 1341266788, "id": "4ff21b64e4b08202a96cdb1b", "source": {"name": "Foursquare for iOS", "url": "https://foursquare.com/download/#/iphone"}, "prefix": "https://igx.4sqi.net/img/general/", "suffix": "/_xIYmSG2t0u-rxDSB0qbXOlzi0kwHjrHbcjlSRs3CjQ.jpg", "venue": {"contact": {"phone": "+14159316400", "formattedPhone": "+1 415-931-6400"}, "venuePage": {"id": "73479595"}, "categories": [{"name": "Bar", "shortName": "Bar", "primary": true, "icon": {"prefix": "https://ss3.4sqi.net/img/categories_v2/nightlife/pub_", "suffix": ".png"}, "id": "4bf58dd8d48988d116941735", "pluralName": "Bars"}], "beenHere": {"lastCheckinExpiredAt": 0}, "location": {"country": "United States", "state": "CA", "formattedAddress": ["2801 Leavenworth St (btwn Jefferson & Beach)", "San Francisco, CA 94133", "United States"], "cc": "US", "lat": 37.80748490042796, "labeledLatLngs": [{"lng": -122.4197629940899, "lat": 37.80748490042796, "label": "display"}], "postalCode": "94133", "address": "2801 Leavenworth St", "lng": -122.4197629940899, "city": "San Francisco", "crossStreet": "btwn Jefferson & Beach"}, "like": false, "allowMenuUrlEdit": true, "name": "Jacks Cannery Bar", "url": "http://jackscannerybar.com", "stats": {"checkinsCount": 4989, "tipCount": 65, "usersCount": 4282}, "verified": true, "id": "45488086f964a520873c1fe3"}, "height": 720}]}}, "notifications": [{"type": "notificationTray", "item": {"unreadCount": 0}}], "meta": {"requestId": "595b8f034c1f67703a53c215", "code": 200}}