{"response": {"photos": {"items": [{"id": "4d4aac4013732da1b0191ecd", "createdAt": 1296739392, "height": 720, "visibility": "public", "source": {"url": "https://foursquare.com/download/#/iphone", "name": "Foursquare for iOS"}, "prefix": "https://igx.4sqi.net/img/general/", "venue": {"id": "4b05880bf964a520fdad22e3", "like": false, "stats": {"checkinsCount": 9383, "tipCount": 39, "usersCount": 5703}, "url": "http://www.coffeebean.com.sg", "beenHere": {"lastCheckinExpiredAt": 0}, "categories": [{"id": "4bf58dd8d48988d16d941735", "primary": true, "icon": {"prefix": "https://ss3.4sqi.net/img/categories_v2/food/cafe_", "suffix": ".png"}, "pluralName": "Caf\u00e9s", "shortName": "Caf\u00e9", "name": "Caf\u00e9"}], "verified": true, "allowMenuUrlEdit": true, "location": {"crossStreet": "290 Orchard Rd", "labeledLatLngs": [{"lng": 103.83610354764706, "label": "display", "lat": 1.3032857212226485}], "lat": 1.3032857212226485, "postalCode": "238859", "city": "Singapore", "formattedAddress": ["#01-37, Paragon Shopping Centre (290 Orchard Rd)", "238859", "Singapore"], "lng": 103.83610354764706, "address": "#01-37, Paragon Shopping Centre", "country": "Singapore", "cc": "SG"}, "contact": {"formattedPhone": "+65 6235 4618", "phone": "+6562354618"}, "name": "The Coffee Bean & Tea Leaf"}, "width": 540, "suffix": "/B02SJ0J0MBNS25GCL4FXR2DDUA1ZMO5J5XZBQPBQYDOQKRXQ.jpg"}, {"id": "4d1f1a065a70a340e00f2c39", "createdAt": 1293883910, "height": 720, "visibility": "public", "source": {"url": "https://foursquare.com/download/#/iphone", "name": "Foursquare for iOS"}, "prefix": "https://igx.4sqi.net/img/general/", "venue": {"id": "4bdcf495479bc9b689e640eb", "like": false, "stats": {"checkinsCount": 849, "tipCount": 10, "usersCount": 295}, "beenHere": {"lastCheckinExpiredAt": 0}, "categories": [{"id": "4bf58dd8d48988d1d1941735", "primary": true, "icon": {"prefix": "https://ss3.4sqi.net/img/categories_v2/food/ramen_", "suffix": ".png"}, "pluralName": "Noodle Houses", "shortName": "Noodles", "name": "Noodle House"}], "verified": false, "allowMenuUrlEdit": true, "location": {"crossStreet": "84 Marine Parade Central", "labeledLatLngs": [{"lng": 103.90633374452591, "label": "display", "lat": 1.302263952491333}], "lat": 1.302263952491333, "country": "Singapore", "lng": 103.90633374452591, "address": "#01-161 Marine Parade Food Centre", "formattedAddress": ["#01-161 Marine Parade Food Centre (84 Marine Parade Central)", "Singapore"], "cc": "SG"}, "contact": {}, "name": "Qiu Rong Ban Mian"}, "width": 540, "suffix": "/433YLKC1NSQHJ14DXGLZWOZW24EPXNBCIH1OOUKKAHLZ1ZO1.jpg"}, {"id": "4d16bd2355f8a34089b1d76a", "createdAt": 1293335843, "height": 720, "visibility": "public", "source": {"url": "https://foursquare.com/download/#/iphone", "name": "Foursquare for iOS"}, "prefix": "https://igx.4sqi.net/img/general/", "venue": {"id": "4b05880bf964a520e8ad22e3", "like": false, "stats": {"checkinsCount": 25730, "tipCount": 135, "usersCount": 14986}, "url": "http://www.fullertonhotel.com", "beenHere": {"lastCheckinExpiredAt": 0}, "categories": [{"id": "4bf58dd8d48988d1fa931735", "primary": true, "icon": {"prefix": "https://ss3.4sqi.net/img/categories_v2/travel/hotel_", "suffix": ".png"}, "pluralName": "Hotels", "shortName": "Hotel", "name": "Hotel"}], "verified": true, "allowMenuUrlEdit": true, "location": {"crossStreet": "Financial District", "labeledLatLngs": [{"lng": 103.85283708572388, "label": "display", "lat": 1.286279383748174}], "lat": 1.286279383748174, "postalCode": "049178", "city": "Singapore", "formattedAddress": ["1 Fullerton Square (Financial District)", "049178", "Singapore"], "lng": 103.85283708572388, "address": "1 Fullerton Square", "country": "Singapore", "cc": "SG"}, "contact": {"twitter": "fullertonhotels", "formattedPhone": "+65 6733 8388", "phone": "+6567338388"}, "name": "The Fullerton Hotel"}, "width": 540, "suffix": "/0FFZ1ZKNXTE0TY5GDA3DR3TW2STEE2G3MM0GWZPP0IJDXGGG.jpg"}], "count": 3}, "totalCount": 3}, "meta": {"code": 200, "requestId": "595a7e2fdd57972d2bd576dd"}, "notifications": [{"item": {"unreadCount": 0}, "type": "notificationTray"}]}