{"meta": {"code": 200, "requestId": "595b0f7bdd57972d29640441"}, "notifications": [{"item": {"unreadCount": 0}, "type": "notificationTray"}], "response": {"photos": {"items": [{"height": 960, "source": {"url": "https://foursquare.com/download/#/android", "name": "Foursquare for Android"}, "width": 720, "prefix": "https://igx.4sqi.net/img/general/", "createdAt": 1386920872, "id": "52aabba811d2d1c48cdc27f1", "venue": {"like": false, "location": {"cc": "BN", "country": "Brunei", "lat": 4.885869, "lng": 114.931388, "labeledLatLngs": [{"label": "display", "lat": 4.885869, "lng": 114.931388}], "formattedAddress": ["Brunei"]}, "categories": [{"icon": {"prefix": "https://ss3.4sqi.net/img/categories_v2/food/indonesian_", "suffix": ".png"}, "name": "Indonesian Restaurant", "id": "4deefc054765f83613cdba6f", "pluralName": "Indonesian Restaurants", "primary": true, "shortName": "Indonesian"}], "verified": false, "contact": {}, "allowMenuUrlEdit": true, "stats": {"tipCount": 1, "usersCount": 28, "checkinsCount": 36}, "id": "524ba55e498e44f9d0c62acc", "name": "Waroeng Penyet, Plaza Abdul Razak", "beenHere": {"lastCheckinExpiredAt": 0}}, "suffix": "/1064868_xYDJW4e22Lzx1rkAHQfW73Y0x4VTQZn-yJrolzstrxE.jpg", "visibility": "public"}, {"height": 960, "source": {"url": "https://foursquare.com/download/#/android", "name": "Foursquare for Android"}, "width": 720, "prefix": "https://igx.4sqi.net/img/general/", "createdAt": 1378724408, "id": "522daa3811d2d7896c93ec44", "venue": {"like": false, "location": {"city": "Taichung", "lng": 120.58847102459517, "cc": "TW", "country": "\u81fa\u7063", "lat": 24.13676141782717, "address": "\u70cf\u65e5\u5340\u6eab\u6cc9\u8def2 \u865f", "labeledLatLngs": [{"label": "display", "lat": 24.13676141782717, "lng": 120.58847102459517}], "formattedAddress": ["\u70cf\u65e5\u5340\u6eab\u6cc9\u8def2 \u865f", "Taichung", "\u81fa\u7063"]}, "categories": [{"icon": {"prefix": "https://ss3.4sqi.net/img/categories_v2/travel/hotel_", "suffix": ".png"}, "name": "Hotel", "id": "4bf58dd8d48988d1fa931735", "pluralName": "Hotels", "primary": true, "shortName": "Hotel"}], "verified": false, "contact": {}, "allowMenuUrlEdit": true, "stats": {"tipCount": 5, "usersCount": 418, "checkinsCount": 521}, "id": "4bed756dbac3c9b63f4bfee9", "name": "\u6e05\u65b0\u6eab\u6cc9\u98ef\u5e97 Freshfields Resort & Conference", "beenHere": {"lastCheckinExpiredAt": 0}}, "suffix": "/1064868_Fs9TA1UYBQdvLeZvJEy4_xKuWpCnQWZaDA1DuuIwqWo.jpg", "visibility": "public"}, {"height": 960, "source": {"url": "https://foursquare.com/download/#/android", "name": "Foursquare for Android"}, "width": 720, "prefix": "https://igx.4sqi.net/img/general/", "createdAt": 1378694937, "id": "522d371911d234f14f40cf15", "venue": {"venueRatingBlacklisted": true, "like": false, "location": {"city": "\u81fa\u4e2d\u5e02", "lng": 120.61652541160583, "cc": "TW", "country": "\u81fa\u7063", "crossStreet": "Situn District, Taichung City 407", "lat": 24.179291643474258, "address": "No.100, Gongyecyu 1st Rd.", "labeledLatLngs": [{"label": "display", "lat": 24.179291643474258, "lng": 120.61652541160583}], "formattedAddress": ["No.100, Gongyecyu 1st Rd. (Situn District, Taichung City 407)", "\u81fa\u4e2d\u5e02", "\u81fa\u7063"]}, "categories": [{"icon": {"prefix": "https://ss3.4sqi.net/img/categories_v2/education/collegeacademicbuildings_technology_", "suffix": ".png"}, "name": "College Technology Building", "id": "4bf58dd8d48988d19f941735", "pluralName": "College Technology Buildings", "primary": true, "shortName": "Technology"}], "verified": false, "contact": {}, "beenHere": {"lastCheckinExpiredAt": 0}, "stats": {"tipCount": 2, "usersCount": 2, "checkinsCount": 10}, "id": "5056a0e064a43b2f1bc8a0bb", "name": "Central Training Center (CTC)"}, "suffix": "/1064868_SrOJto06zP3M08L_y6BNf2rCS9Vv_zoMEwoBQhVIzp0.jpg", "visibility": "public"}, {"height": 320, "source": {"url": "https://foursquare.com/download/#/android", "name": "Foursquare for Android"}, "width": 240, "prefix": "https://igx.4sqi.net/img/general/", "createdAt": 1355574560, "id": "50cc6d20e4b05e0e4e2cd33b", "venue": {"like": false, "location": {"city": "Bandar Seri Begawan", "lng": 114.83764891973628, "cc": "BN", "state": "Brunei-Muara", "crossStreet": "Jalan Jerudong", "lat": 4.8943590031345465, "address": "Block A", "labeledLatLngs": [{"label": "display", "lat": 4.8943590031345465, "lng": 114.83764891973628}], "formattedAddress": ["Block A (Jalan Jerudong)", "Bandar Seri Begawan", "Brunei"], "country": "Brunei"}, "categories": [{"icon": {"prefix": "https://ss3.4sqi.net/img/categories_v2/food/asian_", "suffix": ".png"}, "name": "Asian Restaurant", "id": "4bf58dd8d48988d142941735", "pluralName": "Asian Restaurants", "primary": true, "shortName": "Asian"}], "verified": false, "contact": {}, "allowMenuUrlEdit": true, "stats": {"tipCount": 17, "usersCount": 447, "checkinsCount": 1223}, "id": "4d7b6df98f89224b263c9026", "name": "Kaka Restaurant Jerudong", "beenHere": {"lastCheckinExpiredAt": 0}}, "suffix": "/1064868_NkfMj9jZu1tcZGDzY1Vps67hroUM2_E3dnSpOwRAiDY.jpg", "visibility": "public"}, {"height": 320, "source": {"url": "https://foursquare.com/download/#/android", "name": "Foursquare for Android"}, "width": 240, "prefix": "https://igx.4sqi.net/img/general/", "createdAt": 1355554955, "id": "50cc208be4b0373cbcf806e1", "venue": {"venueRatingBlacklisted": true, "like": false, "location": {"cc": "BN", "country": "Brunei", "lat": 4.937181, "lng": 114.941921, "labeledLatLngs": [{"label": "display", "lat": 4.937181, "lng": 114.941921}], "formattedAddress": ["Brunei"]}, "categories": [{"icon": {"prefix": "https://ss3.4sqi.net/img/categories_v2/shops/technology_", "suffix": ".png"}, "name": "Tech Startup", "id": "4bf58dd8d48988d125941735", "pluralName": "Tech Startups", "primary": true, "shortName": "Tech Startup"}], "verified": false, "contact": {"twitter": "cooltonesbrunei"}, "beenHere": {"lastCheckinExpiredAt": 0}, "stats": {"tipCount": 1, "usersCount": 3, "checkinsCount": 35}, "id": "4c48e4279e3e2d7fe3df0448", "name": "Cooltones Office"}, "suffix": "/1064868_wVeropWJgTbTgAym_p9kRnG4X0In1YUkY2zP8nVHjh0.jpg", "visibility": "public"}, {"height": 240, "source": {"url": "https://foursquare.com/download/#/android", "name": "Foursquare for Android"}, "width": 320, "prefix": "https://igx.4sqi.net/img/general/", "createdAt": 1355549930, "id": "50cc0ceae4b0ce62a75612af", "venue": {"like": false, "location": {"lng": 114.92056411320557, "cc": "BN", "country": "Brunei", "lat": 4.902154071864488, "address": "Kiulap", "labeledLatLngs": [{"label": "display", "lat": 4.902154071864488, "lng": 114.92056411320557}], "formattedAddress": ["Kiulap", "Brunei"]}, "categories": [{"icon": {"prefix": "https://ss3.4sqi.net/img/categories_v2/food/default_", "suffix": ".png"}, "name": "Restaurant", "id": "4bf58dd8d48988d1c4941735", "pluralName": "Restaurants", "primary": true, "shortName": "Restaurant"}], "verified": false, "contact": {}, "allowMenuUrlEdit": true, "stats": {"tipCount": 0, "usersCount": 11, "checkinsCount": 13}, "id": "508136a0e4b0073ffa29d750", "name": "Hot Pot King", "beenHere": {"lastCheckinExpiredAt": 0}}, "suffix": "/1064868_t9GeWx3LUr8f5fOB-AHkJxWQLUmFOvbm9J-pVnG-vEw.jpg", "visibility": "public"}, {"height": 240, "source": {"url": "https://foursquare.com/download/#/android", "name": "Foursquare for Android"}, "width": 320, "prefix": "https://igx.4sqi.net/img/general/", "createdAt": 1355027878, "id": "50c415a6e4b047e9d489c374", "venue": {"venueRatingBlacklisted": true, "like": false, "location": {"city": "Bandar Seri Begawan", "lng": 114.89281975255405, "cc": "BN", "state": "Brunei and Muara District", "crossStreet": "Rimba", "lat": 4.972282999585981, "address": "Universiti Brunei Darussalam", "labeledLatLngs": [{"label": "display", "lat": 4.972282999585981, "lng": 114.89281975255405}], "formattedAddress": ["Universiti Brunei Darussalam (Rimba)", "Bandar Seri Begawan", "Brunei"], "country": "Brunei"}, "categories": [{"icon": {"prefix": "https://ss3.4sqi.net/img/categories_v2/building/auditorium_", "suffix": ".png"}, "name": "College Auditorium", "id": "4bf58dd8d48988d1af941735", "pluralName": "College Auditoriums", "primary": true, "shortName": "Auditorium"}], "verified": false, "contact": {}, "beenHere": {"lastCheckinExpiredAt": 0}, "stats": {"tipCount": 6, "usersCount": 810, "checkinsCount": 2448}, "id": "4badc173f964a5203f673be3", "name": "UBD Chancellor Hall"}, "suffix": "/1064868_c-0KDw9bxiCGKo7D44EVxN6IOVEZawxYLHU69ct9ctY.jpg", "visibility": "public"}, {"height": 720, "source": {"url": "https://foursquare.com/download/#/android", "name": "Foursquare for Android"}, "width": 540, "prefix": "https://igx.4sqi.net/img/general/", "createdAt": 1351334578, "id": "508bbab2e4b0ba32908f743a", "venue": {"venueRatingBlacklisted": true, "like": false, "location": {"city": "Jerudong", "state": "Brunei-Muara District", "isFuzzed": true, "cc": "BN", "country": "Brunei", "lat": 4.921319450059384, "lng": 114.83894425931473, "formattedAddress": ["Jerudong", "Brunei"]}, "categories": [{"icon": {"prefix": "https://ss3.4sqi.net/img/categories_v2/building/home_", "suffix": ".png"}, "name": "Home (private)", "id": "4bf58dd8d48988d103941735", "pluralName": "Homes (private)", "primary": true, "shortName": "Home"}], "verified": false, "contact": {}, "beenHere": {"lastCheckinExpiredAt": 0}, "stats": {"tipCount": 0, "usersCount": 4, "checkinsCount": 22}, "id": "4d5a57b8f8ff236acac7d44a", "name": "Taman Warisan Seri Nara"}, "suffix": "/1064868_-ZctvmmgmBcj7IVJYsLOkEzYo47o8qYgt7vaU266Tts.jpg", "visibility": "public"}, {"height": 720, "source": {"url": "https://foursquare.com/download/#/android", "name": "Foursquare for Android"}, "width": 540, "prefix": "https://igx.4sqi.net/img/general/", "createdAt": 1346129691, "id": "503c4f1be4b077b3d503275f", "venue": {"like": false, "location": {"city": "Bandar Seri Begawan", "lng": 114.97485280036926, "cc": "BN", "state": "Brunei and Muara District", "lat": 4.959863429249977, "address": "Jalan Muara", "labeledLatLngs": [{"label": "display", "lat": 4.959863429249977, "lng": 114.97485280036926}], "formattedAddress": ["Jalan Muara", "Bandar Seri Begawan", "Brunei"], "country": "Brunei"}, "categories": [{"icon": {"prefix": "https://ss3.4sqi.net/img/categories_v2/food/default_", "suffix": ".png"}, "name": "American Restaurant", "id": "4bf58dd8d48988d14e941735", "pluralName": "American Restaurants", "primary": true, "shortName": "American"}], "verified": false, "contact": {}, "allowMenuUrlEdit": true, "stats": {"tipCount": 1, "usersCount": 248, "checkinsCount": 384}, "id": "4bc29dda74a9a593ec9bd3f6", "name": "Pizza Hut, Sg Tilong", "beenHere": {"lastCheckinExpiredAt": 0}}, "suffix": "/b6dly9upkqrTd58OaCb4MnFGm7j6Ga5kcjEUX_t_wxw.jpg", "visibility": "public"}, {"height": 612, "source": {"url": "http://instagram.com", "name": "Instagram"}, "width": 612, "prefix": "https://igx.4sqi.net/img/general/", "createdAt": 1345986444, "id": "503a1f8ce4b048697749b2f5", "venue": {"like": false, "location": {"city": "Rancangan Perumahan Negara Lam", "lng": 114.95368867484808, "cc": "BN", "state": "Brunei-Muara", "lat": 4.956325545327606, "address": "No 7, simpang 96 kampong madang. Jalan berakas 'b'", "labeledLatLngs": [{"label": "display", "lat": 4.956325545327606, "lng": 114.95368867484808}], "formattedAddress": ["No 7, simpang 96 kampong madang. Jalan berakas 'b'", "Rancangan Perumahan Negara Lam", "Brunei"], "country": "Brunei"}, "categories": [], "verified": false, "contact": {}, "beenHere": {"lastCheckinExpiredAt": 0}, "stats": {"tipCount": 0, "usersCount": 23, "checkinsCount": 221}, "id": "4d1ccd5309546dcb2297d538", "name": "Madang"}, "suffix": "/XBjj3aiQoLcitjtoSsKYRWCWpC-ZO9p1OrY-yUVqFnc.jpg", "visibility": "public"}, {"height": 720, "source": {"url": "https://foursquare.com/download/#/android", "name": "Foursquare for Android"}, "width": 540, "prefix": "https://igx.4sqi.net/img/general/", "createdAt": 1345285991, "id": "502f6f67e4b0504d9e58b434", "venue": {"like": false, "location": {"city": "Bandar Seri Begawan", "state": "Brunei and Muara District", "cc": "BN", "country": "Brunei", "lat": 4.902756605372025, "lng": 114.92857177991465, "labeledLatLngs": [{"label": "display", "lat": 4.902756605372025, "lng": 114.92857177991465}], "formattedAddress": ["Bandar Seri Begawan", "Brunei"]}, "categories": [{"icon": {"prefix": "https://ss3.4sqi.net/img/categories_v2/food/indonesian_", "suffix": ".png"}, "name": "Indonesian Restaurant", "id": "4deefc054765f83613cdba6f", "pluralName": "Indonesian Restaurants", "primary": true, "shortName": "Indonesian"}], "verified": false, "contact": {"formattedPhone": "+673 713 1798", "phone": "+6737131798"}, "allowMenuUrlEdit": true, "stats": {"tipCount": 1, "usersCount": 73, "checkinsCount": 126}, "id": "4ede13177ee5f354d507332e", "name": "Sri Lembayung Authentic Padang Food", "beenHere": {"lastCheckinExpiredAt": 0}}, "suffix": "/OGt_4Zgrh9PGBBiakOmewSQyFhT4pn9wV9wMprsHtqM.jpg", "visibility": "public"}, {"height": 720, "source": {"url": "https://foursquare.com/download/#/android", "name": "Foursquare for Android"}, "width": 540, "prefix": "https://igx.4sqi.net/img/general/", "createdAt": 1343828929, "id": "501933c1e4b0728256e318d8", "venue": {"venueRatingBlacklisted": true, "like": false, "location": {"cc": "BN", "country": "Brunei", "lat": 4.89769975234684, "lng": 114.98643923492637, "labeledLatLngs": [{"label": "display", "lat": 4.89769975234684, "lng": 114.98643923492637}], "formattedAddress": ["Brunei"]}, "categories": [{"icon": {"prefix": "https://ss3.4sqi.net/img/categories_v2/parks_outdoors/harbor_", "suffix": ".png"}, "name": "Harbor / Marina", "id": "4bf58dd8d48988d1e0941735", "pluralName": "Harbors / Marinas", "primary": true, "shortName": "Harbor / Marina"}], "verified": false, "contact": {}, "beenHere": {"lastCheckinExpiredAt": 0}, "stats": {"tipCount": 1, "usersCount": 122, "checkinsCount": 246}, "id": "4bbc6d2be436ef3be07b5664", "name": "Royal Brunei Yacht Club"}, "suffix": "/BCKKOwQv6Hs9oLe7RJVXdjWFjbtX5RwzY9y__qSJTgY.jpg", "visibility": "public"}, {"height": 720, "source": {"url": "https://foursquare.com/download/#/android", "name": "Foursquare for Android"}, "width": 540, "prefix": "https://igx.4sqi.net/img/general/", "createdAt": 1343657137, "id": "501694b1e4b064ddc90cd15a", "venue": {"location": {"formattedAddress": ["Unit 17, Ground Floor, Citis Square (Simpang 13-41, Jalan Airport)", "Bandar Seri Begawan BB2713", "Brunei"], "city": "Bandar Seri Begawan", "lng": 114.94037, "cc": "BN", "state": "Brunei-Muara", "crossStreet": "Simpang 13-41, Jalan Airport", "lat": 4.938978, "address": "Unit 17, Ground Floor, Citis Square", "labeledLatLngs": [{"label": "display", "lat": 4.938978, "lng": 114.94037}], "postalCode": "BB2713", "country": "Brunei"}, "contact": {"formattedPhone": "+673 233 8452", "twitter": "gloriajeansbn", "phone": "+6732338452", "facebook": "253029511442729"}, "verified": true, "allowMenuUrlEdit": true, "stats": {"tipCount": 15, "usersCount": 446, "checkinsCount": 1138}, "id": "4f8cf2c7e4b02aeddff03f67", "storeId": "", "like": false, "categories": [{"icon": {"prefix": "https://ss3.4sqi.net/img/categories_v2/food/cafe_", "suffix": ".png"}, "name": "Caf\u00e9", "id": "4bf58dd8d48988d16d941735", "pluralName": "Caf\u00e9s", "primary": true, "shortName": "Caf\u00e9"}], "beenHere": {"lastCheckinExpiredAt": 0}, "name": "Gloria Jean's Coffees", "venuePage": {"id": "33180052"}}, "suffix": "/FjwiHBcAJDgOHcsyWxMuTNjfb9wE2FS0fJOXIrQeUYc.jpg", "visibility": "public"}, {"height": 720, "source": {"url": "https://foursquare.com/download/#/android", "name": "Foursquare for Android"}, "width": 540, "prefix": "https://igx.4sqi.net/img/general/", "createdAt": 1343555795, "id": "501508d3e4b0dbe158b2290b", "venue": {"like": false, "location": {"city": "Bandar Seri Begawan", "lng": 114.91635740568921, "cc": "MY", "state": "Gadong", "lat": 4.906223202679333, "address": "The Mall Gadong", "labeledLatLngs": [{"label": "display", "lat": 4.906223202679333, "lng": 114.91635740568921}], "formattedAddress": ["The Mall Gadong", "Bandar Seri Begawan, Gadong", "Malaysia"], "country": "Malaysia"}, "categories": [{"icon": {"prefix": "https://ss3.4sqi.net/img/categories_v2/food/default_", "suffix": ".png"}, "name": "American Restaurant", "id": "4bf58dd8d48988d14e941735", "pluralName": "American Restaurants", "primary": true, "shortName": "American"}], "verified": false, "contact": {}, "allowMenuUrlEdit": true, "stats": {"tipCount": 24, "usersCount": 1212, "checkinsCount": 2301}, "id": "4be926c588ed2d7fa9a1cc1d", "name": "Swensens Cafe & Restaurant", "beenHere": {"lastCheckinExpiredAt": 0}}, "suffix": "/9PVfacStc6-F3zc6y18_KptBKYYaO4BTJDtSThH98wU.jpg", "visibility": "public"}, {"height": 720, "source": {"url": "https://foursquare.com/download/#/android", "name": "Foursquare for Android"}, "width": 540, "prefix": "https://igx.4sqi.net/img/general/", "createdAt": 1342598732, "id": "50066e4ce4b094abbfa48018", "venue": {"url": "http://www.civil-aviation.gov.bn/index.php?option=com_content&view=article&id=59&Itemid=77", "like": false, "location": {"formattedAddress": ["Brunei International Airport", "Bandar Seri Begawan BB2713", "Brunei"], "city": "Bandar Seri Begawan", "lng": 114.93456292152673, "cc": "BN", "state": "Brunei and Muara District", "lat": 4.9447724698806015, "address": "Brunei International Airport", "postalCode": "BB2713", "country": "Brunei"}, "categories": [{"icon": {"prefix": "https://ss3.4sqi.net/img/categories_v2/travel/airport_", "suffix": ".png"}, "name": "Airport", "id": "4bf58dd8d48988d1ed931735", "pluralName": "Airports", "primary": true, "shortName": "Airport"}], "verified": false, "contact": {"formattedPhone": "+673 233 0142", "phone": "+6732330142"}, "beenHere": {"lastCheckinExpiredAt": 0}, "stats": {"tipCount": 74, "usersCount": 6827, "checkinsCount": 24860}, "id": "4bc4852bb492d13a461caa60", "name": "Brunei International Airport (BWN)"}, "suffix": "/deHyvWYEOcsouMBSgpFANA0xqOmhkc5aDPYAFHIowGA.jpg", "visibility": "public"}, {"height": 720, "source": {"url": "https://foursquare.com/download/#/android", "name": "Foursquare for Android"}, "width": 540, "prefix": "https://igx.4sqi.net/img/general/", "createdAt": 1342598357, "id": "50066cd5e4b0a69557abab5f", "venue": {"url": "http://www.civil-aviation.gov.bn/index.php?option=com_content&view=article&id=59&Itemid=77", "like": false, "location": {"formattedAddress": ["Brunei International Airport", "Bandar Seri Begawan BB2713", "Brunei"], "city": "Bandar Seri Begawan", "lng": 114.93456292152673, "cc": "BN", "state": "Brunei and Muara District", "lat": 4.9447724698806015, "address": "Brunei International Airport", "postalCode": "BB2713", "country": "Brunei"}, "categories": [{"icon": {"prefix": "https://ss3.4sqi.net/img/categories_v2/travel/airport_", "suffix": ".png"}, "name": "Airport", "id": "4bf58dd8d48988d1ed931735", "pluralName": "Airports", "primary": true, "shortName": "Airport"}], "verified": false, "contact": {"formattedPhone": "+673 233 0142", "phone": "+6732330142"}, "beenHere": {"lastCheckinExpiredAt": 0}, "stats": {"tipCount": 74, "usersCount": 6827, "checkinsCount": 24860}, "id": "4bc4852bb492d13a461caa60", "name": "Brunei International Airport (BWN)"}, "suffix": "/Lmq8eIrNLy6_RgHxyC9iBTrdHjO3DFA1HDfSJLPz7eA.jpg", "visibility": "public"}, {"height": 720, "source": {"url": "https://foursquare.com/download/#/android", "name": "Foursquare for Android"}, "width": 540, "prefix": "https://igx.4sqi.net/img/general/", "createdAt": 1342358888, "id": "5002c568e4b077d350533dac", "venue": {"like": false, "location": {"cc": "BN", "country": "Brunei", "lat": 4.731352282369048, "lng": 114.61575527427756, "labeledLatLngs": [{"label": "display", "lat": 4.731352282369048, "lng": 114.61575527427756}], "formattedAddress": ["Brunei"]}, "categories": [], "verified": false, "contact": {}, "beenHere": {"lastCheckinExpiredAt": 0}, "stats": {"tipCount": 3, "usersCount": 96, "checkinsCount": 224}, "id": "4d4fce40bd6ff04d553be10c", "name": "Perpindahan Bukit Beruang, Tutong."}, "suffix": "/cjkANNLIrIE0UiuaQFl8EQDU3DYU9RqAEz6q1Cv_qNo.jpg", "visibility": "public"}, {"height": 612, "source": {"url": "http://instagram.com", "name": "Instagram"}, "width": 612, "prefix": "https://igx.4sqi.net/img/general/", "createdAt": 1340704288, "id": "4fe98620e4b05ce7739384bf", "venue": {"venueRatingBlacklisted": true, "like": false, "location": {"city": "Batu Bersurat", "lng": 114.9133964552484, "cc": "BN", "state": "Brunei Darussalam", "crossStreet": "Gadong", "lat": 4.916777279881775, "address": "Jalan Batu Bersurat", "labeledLatLngs": [{"label": "display", "lat": 4.916777279881775, "lng": 114.9133964552484}], "formattedAddress": ["Jalan Batu Bersurat (Gadong)", "Batu Bersurat", "Brunei"], "country": "Brunei"}, "categories": [{"icon": {"prefix": "https://ss3.4sqi.net/img/categories_v2/building/government_", "suffix": ".png"}, "name": "Government Building", "id": "4bf58dd8d48988d126941735", "pluralName": "Government Buildings", "primary": true, "shortName": "Government"}], "verified": false, "contact": {}, "beenHere": {"lastCheckinExpiredAt": 0}, "stats": {"tipCount": 2, "usersCount": 731, "checkinsCount": 2127}, "id": "4bdc1ee2c79cc928694385e9", "name": "Batu Bersurat"}, "suffix": "/UoVIVq9NwtW_TN9rFYFH8EKe-eAY898BXCTUIb_Ky68.jpg", "visibility": "public"}, {"height": 612, "source": {"url": "http://instagram.com", "name": "Instagram"}, "width": 612, "prefix": "https://igx.4sqi.net/img/general/", "createdAt": 1340690530, "id": "4fe95062e4b0faf491a4c829", "venue": {"venueRatingBlacklisted": true, "like": false, "location": {"city": "Batu Bersurat", "lng": 114.9133964552484, "cc": "BN", "state": "Brunei Darussalam", "crossStreet": "Gadong", "lat": 4.916777279881775, "address": "Jalan Batu Bersurat", "labeledLatLngs": [{"label": "display", "lat": 4.916777279881775, "lng": 114.9133964552484}], "formattedAddress": ["Jalan Batu Bersurat (Gadong)", "Batu Bersurat", "Brunei"], "country": "Brunei"}, "categories": [{"icon": {"prefix": "https://ss3.4sqi.net/img/categories_v2/building/government_", "suffix": ".png"}, "name": "Government Building", "id": "4bf58dd8d48988d126941735", "pluralName": "Government Buildings", "primary": true, "shortName": "Government"}], "verified": false, "contact": {}, "beenHere": {"lastCheckinExpiredAt": 0}, "stats": {"tipCount": 2, "usersCount": 731, "checkinsCount": 2127}, "id": "4bdc1ee2c79cc928694385e9", "name": "Batu Bersurat"}, "suffix": "/9RwVYK7Ku2t274IgFST1_Q6MgMMFVwwOLLlX4FzxHIY.jpg", "visibility": "public"}, {"height": 612, "source": {"url": "http://instagram.com", "name": "Instagram"}, "width": 612, "prefix": "https://igx.4sqi.net/img/general/", "createdAt": 1339296154, "id": "4fd4099ae4b098b0829db63c", "venue": {"like": false, "location": {"city": "Bandar Seri Begawan", "lng": 114.94597708739215, "cc": "BN", "state": "Brunei-Muara", "crossStreet": "Kg. Delima Satu", "lat": 4.9429519914123565, "address": "unit 23, Ground Floor, Block B, Delima Jaya Comple", "labeledLatLngs": [{"label": "display", "lat": 4.9429519914123565, "lng": 114.94597708739215}], "formattedAddress": ["unit 23, Ground Floor, Block B, Delima Jaya Comple (Kg. Delima Satu)", "Bandar Seri Begawan", "Brunei"], "country": "Brunei"}, "categories": [{"icon": {"prefix": "https://ss3.4sqi.net/img/categories_v2/food/cafe_", "suffix": ".png"}, "name": "Caf\u00e9", "id": "4bf58dd8d48988d16d941735", "pluralName": "Caf\u00e9s", "primary": true, "shortName": "Caf\u00e9"}], "verified": false, "contact": {}, "allowMenuUrlEdit": true, "stats": {"tipCount": 10, "usersCount": 313, "checkinsCount": 752}, "id": "4d94358daf67370421637609", "name": "Ceri Cafe", "beenHere": {"lastCheckinExpiredAt": 0}}, "suffix": "/7TfoPbu2FiVAItdGyq-je_B5SlsK3-eDd0YAA0IYF-M.jpg", "visibility": "public"}, {"height": 612, "source": {"url": "http://instagram.com", "name": "Instagram"}, "width": 612, "prefix": "https://igx.4sqi.net/img/general/", "createdAt": 1339056609, "id": "4fd061e1e4b0c6aa76d1647e", "venue": {"venueRatingBlacklisted": true, "like": false, "location": {"cc": "BN", "country": "Brunei", "lat": 4.937177835170786, "lng": 114.94189236644554, "labeledLatLngs": [{"label": "display", "lat": 4.937177835170786, "lng": 114.94189236644554}], "formattedAddress": ["Brunei"]}, "categories": [{"icon": {"prefix": "https://ss3.4sqi.net/img/categories_v2/building/office_coworkingspace_", "suffix": ".png"}, "name": "Coworking Space", "id": "4bf58dd8d48988d174941735", "pluralName": "Coworking Spaces", "primary": true, "shortName": "Coworking Space"}], "verified": false, "contact": {}, "beenHere": {"lastCheckinExpiredAt": 0}, "stats": {"tipCount": 14, "usersCount": 161, "checkinsCount": 1193}, "id": "4ba70edcf964a520ca7e39e3", "name": "iCentre, BEDB"}, "suffix": "/2F3Q6P4SX2f728E7Xue2bmIfUCcLYJexQ6gTI2v29qs.jpg", "visibility": "public"}, {"height": 612, "source": {"url": "http://instagram.com", "name": "Instagram"}, "width": 612, "prefix": "https://igx.4sqi.net/img/general/", "createdAt": 1338537510, "id": "4fc87626e4b04ec64aeb2771", "venue": {"venueRatingBlacklisted": true, "like": false, "location": {"city": "Batu Bersurat", "lng": 114.9133964552484, "cc": "BN", "state": "Brunei Darussalam", "crossStreet": "Gadong", "lat": 4.916777279881775, "address": "Jalan Batu Bersurat", "labeledLatLngs": [{"label": "display", "lat": 4.916777279881775, "lng": 114.9133964552484}], "formattedAddress": ["Jalan Batu Bersurat (Gadong)", "Batu Bersurat", "Brunei"], "country": "Brunei"}, "categories": [{"icon": {"prefix": "https://ss3.4sqi.net/img/categories_v2/building/government_", "suffix": ".png"}, "name": "Government Building", "id": "4bf58dd8d48988d126941735", "pluralName": "Government Buildings", "primary": true, "shortName": "Government"}], "verified": false, "contact": {}, "beenHere": {"lastCheckinExpiredAt": 0}, "stats": {"tipCount": 2, "usersCount": 731, "checkinsCount": 2127}, "id": "4bdc1ee2c79cc928694385e9", "name": "Batu Bersurat"}, "suffix": "/4aW0j8DHai_4WP9c5mix2IkRGPbJ7U9VmEzJRA8gE5I.jpg", "visibility": "public"}], "count": 22}, "totalCount": 22}}