{"meta": {"code": 200, "requestId": "595b3be0db04f562f0df1ef6"}, "notifications": [{"item": {"unreadCount": 0}, "type": "notificationTray"}], "response": {"photos": {"items": [{"height": 1440, "source": {"url": "https://foursquare.com/download/#/iphone", "name": "Foursquare for iOS"}, "width": 1920, "prefix": "https://igx.4sqi.net/img/general/", "createdAt": 1454067668, "id": "56ab4fd4498eabc42fe4b37d", "venue": {"like": false, "location": {"formattedAddress": ["125 Sukhumvit 55", "\u0e27\u0e31\u0e12\u0e19\u0e32", "\u0e01\u0e23\u0e38\u0e07\u0e40\u0e17\u0e1e\u0e21\u0e2b\u0e32\u0e19\u0e04\u0e23 10110", "\u0e1b\u0e23\u0e30\u0e40\u0e17\u0e28\u0e44\u0e17\u0e22"], "city": "\u0e27\u0e31\u0e12\u0e19\u0e32", "lng": 100.58117641246746, "cc": "TH", "state": "\u0e01\u0e23\u0e38\u0e07\u0e40\u0e17\u0e1e\u0e21\u0e2b\u0e32\u0e19\u0e04\u0e23", "lat": 13.729760582496437, "address": "125 Sukhumvit 55", "labeledLatLngs": [{"label": "display", "lat": 13.729760582496437, "lng": 100.58117641246746}], "postalCode": "10110", "country": "\u0e1b\u0e23\u0e30\u0e40\u0e17\u0e28\u0e44\u0e17\u0e22"}, "categories": [{"icon": {"prefix": "https://ss3.4sqi.net/img/categories_v2/nightlife/cocktails_", "suffix": ".png"}, "name": "Cocktail Bar", "id": "4bf58dd8d48988d11e941735", "pluralName": "Cocktail Bars", "primary": true, "shortName": "Cocktail"}], "verified": false, "contact": {"formattedPhone": "+66 98 969 1335", "phone": "+66989691335"}, "allowMenuUrlEdit": true, "stats": {"tipCount": 16, "usersCount": 394, "checkinsCount": 713}, "id": "566d8fbe498e2a38ebb037e5", "name": "Rabbit Hole", "beenHere": {"lastCheckinExpiredAt": 0}}, "suffix": "/106596_IKxq2qOm7bQPlRzdqKQq3MGv9IVXgLPi20hVOOsQjI0.jpg", "visibility": "public"}, {"height": 1440, "source": {"url": "https://foursquare.com/download/#/iphone", "name": "Foursquare for iOS"}, "tip": {"agreeCount": 1, "canonicalUrl": "https://foursquare.com/item/566185aa498e606426fa4e02", "todo": {"count": 0}, "logView": true, "disagreeCount": 0, "createdAt": 1449231786, "id": "566185aa498e606426fa4e02", "text": "Close to nature but more than comfortable and private, up-scale bungalows.  And the restaurant's Thai food is to die for.", "likes": {"groups": [{"items": [{"photo": {"prefix": "https://igx.4sqi.net/img/user/", "suffix": "/106596-YJCXXHLM4WAGVMJV.jpg"}, "id": "106596", "firstName": "Damien", "gender": "male", "lastName": "Del Porto"}], "count": 1, "type": "others"}], "count": 1, "summary": "1 like"}, "like": false, "type": "user"}, "width": 1920, "prefix": "https://igx.4sqi.net/img/general/", "createdAt": 1449231801, "id": "566185b9498eb04eb7a2a2b6", "venue": {"url": "http://www.anuraklodge.com", "like": false, "location": {"formattedAddress": ["401 Surat Thani \u0e2d.\u0e1e\u0e19\u0e21", "\u0e1e\u0e19\u0e21", "\u0e08\u0e31\u0e07\u0e2b\u0e27\u0e31\u0e14\u0e2a\u0e38\u0e23\u0e32\u0e29\u0e0e\u0e23\u0e4c\u0e18\u0e32\u0e19\u0e35 84250", "\u0e1b\u0e23\u0e30\u0e40\u0e17\u0e28\u0e44\u0e17\u0e22"], "city": "\u0e1e\u0e19\u0e21", "lng": 98.68057250976562, "cc": "TH", "state": "\u0e08\u0e31\u0e07\u0e2b\u0e27\u0e31\u0e14\u0e2a\u0e38\u0e23\u0e32\u0e29\u0e0e\u0e23\u0e4c\u0e18\u0e32\u0e19\u0e35", "lat": 8.884096453749173, "address": "401 Surat Thani \u0e2d.\u0e1e\u0e19\u0e21", "labeledLatLngs": [{"label": "display", "lat": 8.884096453749173, "lng": 98.68057250976562}], "postalCode": "84250", "country": "\u0e1b\u0e23\u0e30\u0e40\u0e17\u0e28\u0e44\u0e17\u0e22"}, "categories": [{"icon": {"prefix": "https://ss3.4sqi.net/img/categories_v2/travel/hotel_", "suffix": ".png"}, "name": "Hotel", "id": "4bf58dd8d48988d1fa931735", "pluralName": "Hotels", "primary": true, "shortName": "Hotel"}], "verified": false, "contact": {"twitter": "anuraklodge", "facebookName": "Anurak Community Lodge", "formattedPhone": "+66 81 734 8848", "phone": "+66817348848", "facebookUsername": "anuraklodge", "facebook": "340915512773235"}, "allowMenuUrlEdit": true, "stats": {"tipCount": 1, "usersCount": 1, "checkinsCount": 1}, "id": "56580cc0498e44c8a2f23f54", "name": "Anurak Community Lodge", "beenHere": {"lastCheckinExpiredAt": 0}}, "suffix": "/106596_dAoP_v9TYgjT3F4OK5sSUDmu2lPH__EL55Dws1Jgz0o.jpg", "visibility": "public"}, {"height": 1440, "source": {"url": "https://www.swarmapp.com", "name": "Swarm for iOS"}, "width": 1920, "prefix": "https://igx.4sqi.net/img/general/", "createdAt": 1420471520, "id": "54aaace0498e189aa2073290", "venue": {"hasMenu": true, "location": {"formattedAddress": ["3 Gateway Blvd S", "Savannah, GA 31419", "United States"], "city": "Savannah", "lng": -81.2822211011582, "cc": "US", "state": "GA", "lat": 32.00349791631677, "address": "3 Gateway Blvd S", "labeledLatLngs": [{"label": "display", "lat": 32.00349791631677, "lng": -81.2822211011582}], "postalCode": "31419", "country": "United States"}, "contact": {"twitter": "eatatperkins", "facebookName": "Perkins Restaurant & Bakery", "formattedPhone": "+1 912-961-0424", "phone": "+19129610424", "facebookUsername": "eatatperkins", "facebook": "119807878043970"}, "verified": false, "allowMenuUrlEdit": true, "stats": {"tipCount": 11, "usersCount": 468, "checkinsCount": 646}, "menu": {"label": "Menu", "anchor": "View Menu", "mobileUrl": "https://foursquare.com/v/4c030cac9a7920a1b26dcf79/device_menu", "url": "https://foursquare.com/v/perkins-restaurant--bakery/4c030cac9a7920a1b26dcf79/menu", "type": "Menu"}, "beenHere": {"lastCheckinExpiredAt": 0}, "url": "http://www.perkinsrestaurants.com", "like": false, "categories": [{"icon": {"prefix": "https://ss3.4sqi.net/img/categories_v2/food/default_", "suffix": ".png"}, "name": "American Restaurant", "id": "4bf58dd8d48988d14e941735", "pluralName": "American Restaurants", "primary": true, "shortName": "American"}], "id": "4c030cac9a7920a1b26dcf79", "name": "Perkins Restaurant & Bakery"}, "suffix": "/106596_13dtvFS6T71g4zKpFvOuiFzzlMLa5d47C-FachbApI0.jpg", "visibility": "public"}, {"height": 1920, "source": {"url": "https://www.swarmapp.com", "name": "Swarm for iOS"}, "width": 1440, "prefix": "https://igx.4sqi.net/img/general/", "createdAt": 1419726721, "id": "549f4f81498ef0779ea35329", "venue": {"hasMenu": true, "location": {"formattedAddress": ["207 W Jackson St Ste D", "Ridgeland, MS 39157", "United States"], "city": "Ridgeland", "lng": -90.13353109359741, "cc": "US", "state": "MS", "lat": 32.428513578258496, "address": "207 W Jackson St Ste D", "labeledLatLngs": [{"label": "display", "lat": 32.428513578258496, "lng": -90.13353109359741}], "postalCode": "39157", "country": "United States"}, "contact": {"formattedPhone": "+1 601-790-9463", "twitter": "krilakis", "phone": "+16017909463"}, "verified": true, "allowMenuUrlEdit": true, "stats": {"tipCount": 13, "usersCount": 188, "checkinsCount": 408}, "menu": {"label": "Menu", "anchor": "View Menu", "mobileUrl": "https://foursquare.com/v/4e3d900da809ba757c0bd4a5/device_menu", "url": "https://foursquare.com/v/krilakis/4e3d900da809ba757c0bd4a5/menu", "type": "Menu"}, "storeId": "", "beenHere": {"lastCheckinExpiredAt": 0}, "url": "http://www.krilakis.com", "like": false, "categories": [{"icon": {"prefix": "https://ss3.4sqi.net/img/categories_v2/food/greek_", "suffix": ".png"}, "name": "Greek Restaurant", "id": "4bf58dd8d48988d10e941735", "pluralName": "Greek Restaurants", "primary": true, "shortName": "Greek"}], "id": "4e3d900da809ba757c0bd4a5", "name": "Krilakis"}, "suffix": "/106596_PmXlNOFw_PRSHe9VjbbcKOY--E9LGfsXaOjWuuxzcow.jpg", "visibility": "public"}, {"height": 1920, "source": {"url": "https://www.swarmapp.com", "name": "Swarm for iOS"}, "width": 1440, "prefix": "https://igx.4sqi.net/img/general/", "createdAt": 1419528671, "id": "549c49df498e24e56fdf6b58", "venue": {"hasMenu": true, "location": {"formattedAddress": ["31015 Cortez Blvd", "Brooksville, FL 34602", "United States"], "city": "Brooksville", "lng": -82.23266106645502, "cc": "US", "state": "FL", "lat": 28.523780329277628, "address": "31015 Cortez Blvd", "labeledLatLngs": [{"label": "display", "lat": 28.523780329277628, "lng": -82.23266106645502}], "postalCode": "34602", "country": "United States"}, "contact": {"twitter": "dennysdiner", "facebookName": "Denny's", "formattedPhone": "+1 352-799-7266", "phone": "+13527997266", "facebookUsername": "DennysBrooksvilleCortezBlvd", "facebook": "304156563006599"}, "verified": true, "allowMenuUrlEdit": true, "stats": {"tipCount": 10, "usersCount": 234, "checkinsCount": 325}, "menu": {"label": "Menu", "anchor": "View Menu", "mobileUrl": "https://foursquare.com/v/4b6ee5b6f964a520b1cf2ce3/device_menu", "url": "https://foursquare.com/v/dennys/4b6ee5b6f964a520b1cf2ce3/menu", "type": "Menu"}, "beenHere": {"lastCheckinExpiredAt": 0}, "url": "http://locations.dennys.com/FL/BROOKSVILLE/246591", "like": false, "categories": [{"icon": {"prefix": "https://ss3.4sqi.net/img/categories_v2/food/diner_", "suffix": ".png"}, "name": "Diner", "id": "4bf58dd8d48988d147941735", "pluralName": "Diners", "primary": true, "shortName": "Diner"}], "id": "4b6ee5b6f964a520b1cf2ce3", "name": "Denny's"}, "suffix": "/106596_jWhxOn_h5L6aC1H_ZouU-JUNPHw0ktB46iuUh3Qvdjk.jpg", "visibility": "public"}, {"height": 1920, "source": {"url": "https://www.swarmapp.com", "name": "Swarm for iOS"}, "width": 1440, "prefix": "https://igx.4sqi.net/img/general/", "createdAt": 1418909837, "id": "5492d88d498ed4c92ecff979", "venue": {"hasMenu": true, "location": {"formattedAddress": ["7110 Gulf Blvd (71st St)", "St. Pete Beach, FL 33706", "United States"], "city": "St. Pete Beach", "lng": -82.75017735962655, "cc": "US", "state": "FL", "crossStreet": "71st St", "lat": 27.73959438352896, "address": "7110 Gulf Blvd", "labeledLatLngs": [{"label": "display", "lat": 27.73959438352896, "lng": -82.75017735962655}], "postalCode": "33706", "country": "United States"}, "contact": {"formattedPhone": "+1 727-367-8322", "phone": "+17273678322"}, "verified": false, "allowMenuUrlEdit": true, "stats": {"tipCount": 12, "usersCount": 171, "checkinsCount": 343}, "menu": {"label": "Menu", "anchor": "View Menu", "mobileUrl": "https://foursquare.com/v/4d05111654d0236a9171f2d5/device_menu", "url": "https://foursquare.com/v/la-casa-del-pane/4d05111654d0236a9171f2d5/menu", "type": "Menu"}, "beenHere": {"lastCheckinExpiredAt": 0}, "url": "http://lacasadelpane.us", "like": false, "categories": [{"icon": {"prefix": "https://ss3.4sqi.net/img/categories_v2/food/bakery_", "suffix": ".png"}, "name": "Bakery", "id": "4bf58dd8d48988d16a941735", "pluralName": "Bakeries", "primary": true, "shortName": "Bakery"}], "id": "4d05111654d0236a9171f2d5", "name": "La Casa del Pane"}, "suffix": "/106596_2mYF_94i06h78dHdqdvDrDiAa3z985-YVOrccpPtFKQ.jpg", "visibility": "public"}, {"height": 481, "source": {"url": "https://foursquare.com/download/#/blackberry", "name": "Foursquare for BlackBerry"}, "width": 641, "prefix": "https://igx.4sqi.net/img/general/", "createdAt": 1385462212, "id": "529479c411d2ca9cecc26c06", "venue": {"url": "http://www.caravellehotel.com/restaurants-and-bars/saigon-saigon-bar", "like": false, "location": {"city": "Th\u00e0nh ph\u1ed1 H\u1ed3 Ch\u00ed Minh", "lng": 106.7032482039189, "cc": "VN", "state": "Th\u00e0nh ph\u1ed1 H\u1ed3 Ch\u00ed Minh", "crossStreet": "Hotel Caravelle rooftop via 9th floor", "lat": 10.77610398121882, "address": "19 Lam Son Square, District 1", "labeledLatLngs": [{"label": "display", "lat": 10.77610398121882, "lng": 106.7032482039189}], "formattedAddress": ["19 Lam Son Square, District 1 (Hotel Caravelle rooftop via 9th floor)", "Th\u00e0nh ph\u1ed1 H\u1ed3 Ch\u00ed Minh", "Th\u00e0nh ph\u1ed1 H\u1ed3 Ch\u00ed Minh", "Vi\u1ec7t Nam"], "country": "Vi\u1ec7t Nam"}, "categories": [{"icon": {"prefix": "https://ss3.4sqi.net/img/categories_v2/travel/hotel_bar_", "suffix": ".png"}, "name": "Hotel Bar", "id": "4bf58dd8d48988d1d5941735", "pluralName": "Hotel Bars", "primary": true, "shortName": "Hotel Bar"}], "verified": false, "contact": {}, "allowMenuUrlEdit": true, "stats": {"tipCount": 41, "usersCount": 1317, "checkinsCount": 1781}, "id": "4c1a2a3a838020a155c2e661", "name": "Saigon Saigon Bar", "beenHere": {"lastCheckinExpiredAt": 0}}, "suffix": "/106596_toHoeFbhATYqT2TxgQrDPEf8vLdGeky0kk8kuC3n30k.jpg", "visibility": "public"}, {"height": 345, "source": {"url": "https://foursquare.com/download/#/blackberry", "name": "Foursquare for BlackBerry"}, "width": 460, "prefix": "https://igx.4sqi.net/img/general/", "createdAt": 1330793683, "id": "4f524cd3e4b0ef9671407322", "venue": {"like": false, "location": {"city": "Miguel Hidalgo", "lng": -99.18133131781659, "cc": "MX", "state": "Distrito Federal", "crossStreet": "Euler", "lat": 19.43186682554384, "address": "Mariano Escobedo 501", "labeledLatLngs": [{"label": "display", "lat": 19.43186682554384, "lng": -99.18133131781659}], "formattedAddress": ["Mariano Escobedo 501 (Euler)", "Miguel Hidalgo, Distrito Federal", "M\u00e9xico"], "country": "M\u00e9xico"}, "categories": [{"icon": {"prefix": "https://ss3.4sqi.net/img/categories_v2/food/taco_", "suffix": ".png"}, "name": "Taco Place", "id": "4bf58dd8d48988d151941735", "pluralName": "Taco Places", "primary": true, "shortName": "Tacos"}], "verified": false, "contact": {"formattedPhone": "+52 55 5545 3970", "phone": "+525555453970"}, "allowMenuUrlEdit": true, "stats": {"tipCount": 71, "usersCount": 1827, "checkinsCount": 3091}, "id": "4b514c76f964a520304a27e3", "name": "Tacos Don G\u00fcero", "beenHere": {"lastCheckinExpiredAt": 0}}, "suffix": "/Dh32DFsXD8dHXCdipvVRNkK9HRY3cdsHyYHe1H9B-6w.jpg", "visibility": "public"}, {"height": 345, "source": {"url": "https://foursquare.com/download/#/blackberry", "name": "Foursquare for BlackBerry"}, "width": 460, "prefix": "https://igx.4sqi.net/img/general/", "createdAt": 1321908527, "id": "4ecab92f6da1d109325c9090", "venue": {"venueRatingBlacklisted": true, "like": false, "location": {"city": "Xochimilco", "lng": -99.09444903832845, "cc": "MX", "state": "Distrito Federal", "crossStreet": "Perif\u00e9rico", "lat": 19.256008646481263, "address": "Antiguo Canal Cuemnaco S/N", "labeledLatLngs": [{"label": "display", "lat": 19.256008646481263, "lng": -99.09444903832845}], "formattedAddress": ["Antiguo Canal Cuemnaco S/N (Perif\u00e9rico)", "Xochimilco, Distrito Federal", "M\u00e9xico"], "country": "M\u00e9xico"}, "categories": [{"icon": {"prefix": "https://ss3.4sqi.net/img/categories_v2/parks_outdoors/lake_", "suffix": ".png"}, "name": "Lake", "id": "4bf58dd8d48988d161941735", "pluralName": "Lakes", "primary": true, "shortName": "Lake"}], "verified": false, "contact": {}, "allowMenuUrlEdit": true, "stats": {"tipCount": 166, "usersCount": 18593, "checkinsCount": 22518}, "id": "4d990d2f647d8cfafc41ff3d", "name": "Trajineras Xochimilco", "beenHere": {"lastCheckinExpiredAt": 0}}, "suffix": "/P3XN3P3CPXSHXMA2UXDXYE2EB2110YUZK30X1RWIZTOWASFG.jpg", "visibility": "public"}, {"height": 345, "source": {"url": "https://foursquare.com/download/#/blackberry", "name": "Foursquare for BlackBerry"}, "width": 460, "prefix": "https://igx.4sqi.net/img/general/", "createdAt": 1321906747, "id": "4ecab23b4690116a8fd9875b", "venue": {"venueRatingBlacklisted": true, "like": false, "location": {"city": "Xochimilco", "lng": -99.09692297903685, "cc": "MX", "state": "Distrito Federal", "lat": 19.261344608485206, "address": "Av. Nuevo Le\u00f3n Barrio Caltongo", "labeledLatLngs": [{"label": "display", "lat": 19.261344608485206, "lng": -99.09692297903685}], "formattedAddress": ["Av. Nuevo Le\u00f3n Barrio Caltongo", "Xochimilco, Distrito Federal", "M\u00e9xico"], "country": "M\u00e9xico"}, "categories": [{"icon": {"prefix": "https://ss3.4sqi.net/img/categories_v2/parks_outdoors/harbor_", "suffix": ".png"}, "name": "Harbor / Marina", "id": "4bf58dd8d48988d1e0941735", "pluralName": "Harbors / Marinas", "primary": true, "shortName": "Harbor / Marina"}], "verified": false, "contact": {}, "beenHere": {"lastCheckinExpiredAt": 0}, "stats": {"tipCount": 30, "usersCount": 1730, "checkinsCount": 2604}, "id": "4eeab910d5fb3647e8dc9d9d", "name": "Embarcadero Caltongo"}, "suffix": "/WKQ2HWVQMXVLHEX20TWTWYJQ5NUPQNXXBQOQ5SC0MHX1NKIR.jpg", "visibility": "public"}, {"height": 345, "source": {"url": "https://foursquare.com/download/#/blackberry", "name": "Foursquare for BlackBerry"}, "width": 460, "prefix": "https://igx.4sqi.net/img/general/", "createdAt": 1321904622, "id": "4ecaa9eef7904135206d5cc9", "venue": {"venueRatingBlacklisted": true, "like": false, "location": {"city": "Ciudad de M\u00e9xico", "state": "Distrito Federal", "cc": "MX", "country": "M\u00e9xico", "lat": 19.263524558169426, "lng": -99.10253014203661, "labeledLatLngs": [{"label": "display", "lat": 19.263524558169426, "lng": -99.10253014203661}], "formattedAddress": ["Ciudad de M\u00e9xico, Distrito Federal", "M\u00e9xico"]}, "categories": [{"icon": {"prefix": "https://ss3.4sqi.net/img/categories_v2/building/religious_church_", "suffix": ".png"}, "name": "Church", "id": "4bf58dd8d48988d132941735", "pluralName": "Churches", "primary": true, "shortName": "Church"}], "verified": false, "contact": {}, "beenHere": {"lastCheckinExpiredAt": 0}, "stats": {"tipCount": 5, "usersCount": 1145, "checkinsCount": 1988}, "id": "4ec9a7782c5b532d0944fc93", "name": "Parroquia de San Bernardino de Siena"}, "suffix": "/LD025NMYJVCSRDS3Y1XUKLSWLIDGNLO4XA5YH5P3S5OJPVPY.jpg", "visibility": "public"}, {"height": 345, "source": {"url": "https://foursquare.com/download/#/blackberry", "name": "Foursquare for BlackBerry"}, "width": 460, "prefix": "https://igx.4sqi.net/img/general/", "createdAt": 1321902565, "id": "4ecaa1e577c8be49264eea9a", "venue": {"like": false, "location": {"state": "Distrito Federal", "cc": "MX", "country": "M\u00e9xico", "lat": 19.262484685872447, "lng": -99.10431284873701, "labeledLatLngs": [{"label": "display", "lat": 19.262484685872447, "lng": -99.10431284873701}], "formattedAddress": ["Distrito Federal", "M\u00e9xico"]}, "categories": [{"icon": {"prefix": "https://ss3.4sqi.net/img/categories_v2/food/mexican_", "suffix": ".png"}, "name": "Mexican Restaurant", "id": "4bf58dd8d48988d1c1941735", "pluralName": "Mexican Restaurants", "primary": true, "shortName": "Mexican"}], "verified": false, "contact": {}, "allowMenuUrlEdit": true, "stats": {"tipCount": 3, "usersCount": 153, "checkinsCount": 229}, "id": "4dd00caf183899ddfafb6768", "name": "Mercado Xochimilco Anexo", "beenHere": {"lastCheckinExpiredAt": 0}}, "suffix": "/PL22CGDRG3MBYJSF3ANAP2GYXX30Z551QYWJDONISLRCFQBE.jpg", "visibility": "public"}, {"height": 345, "source": {"url": "https://foursquare.com/download/#/blackberry", "name": "Foursquare for BlackBerry"}, "width": 460, "prefix": "https://igx.4sqi.net/img/general/", "createdAt": 1321815090, "id": "4ec94c3299115348db214e3e", "venue": {"location": {"formattedAddress": ["Av. Mariano Escobedo 700 (Emmanuel Kant)", "11590 Miguel Hidalgo, Distrito Federal", "M\u00e9xico"], "city": "Miguel Hidalgo", "lng": -99.1788872087775, "cc": "MX", "state": "Distrito Federal", "lat": 19.428306254729872, "address": "Av. Mariano Escobedo 700", "crossStreet": "Emmanuel Kant", "postalCode": "11590", "country": "M\u00e9xico"}, "contact": {"twitter": "caminoreal", "facebookName": "Camino Real", "formattedPhone": "+52 55 5263 8888", "phone": "+525552638888", "facebookUsername": "hotelescaminoreal", "facebook": "160131792116"}, "verified": true, "allowMenuUrlEdit": true, "stats": {"tipCount": 262, "usersCount": 23700, "checkinsCount": 52424}, "id": "4b0586fcf964a520327922e3", "storeId": "MEX", "url": "http://www.porfirios.com.mx", "like": false, "categories": [{"icon": {"prefix": "https://ss3.4sqi.net/img/categories_v2/travel/hotel_", "suffix": ".png"}, "name": "Hotel", "id": "4bf58dd8d48988d1fa931735", "pluralName": "Hotels", "primary": true, "shortName": "Hotel"}], "beenHere": {"lastCheckinExpiredAt": 0}, "name": "Camino Real"}, "suffix": "/WFSHPKVBTASHEZNPZ0GPBF2DO13NGM1Q5DCXNLXQVHWFIUR5.jpg", "visibility": "public"}, {"height": 345, "source": {"url": "https://foursquare.com/download/#/blackberry", "name": "Foursquare for BlackBerry"}, "width": 460, "prefix": "https://igx.4sqi.net/img/general/", "createdAt": 1321727413, "id": "4ec7f5b529c22cc60cf2033f", "venue": {"like": false, "location": {"formattedAddress": ["Plaza de la Constituci\u00f3n s/n", "06060 Cuauht\u00e9moc, CDMX", "M\u00e9xico"], "city": "Cuauht\u00e9moc", "lng": -99.13333335039509, "cc": "MX", "state": "CDMX", "lat": 19.433222813929, "address": "Plaza de la Constituci\u00f3n s/n", "postalCode": "06060", "country": "M\u00e9xico"}, "categories": [{"icon": {"prefix": "https://ss3.4sqi.net/img/categories_v2/parks_outdoors/plaza_", "suffix": ".png"}, "name": "Plaza", "id": "4bf58dd8d48988d164941735", "pluralName": "Plazas", "primary": true, "shortName": "Plaza"}], "verified": false, "contact": {}, "beenHere": {"lastCheckinExpiredAt": 0}, "stats": {"tipCount": 437, "usersCount": 70189, "checkinsCount": 150006}, "id": "4b2e85fdf964a520cee124e3", "name": "Plaza de la Constituci\u00f3n (Z\u00f3calo)"}, "suffix": "/QMEDMFP4HE0YECQNFXVCWW5I5AGDOEZ3J2G2T35GHCLGPOMF.jpg", "visibility": "public"}, {"height": 345, "source": {"url": "https://foursquare.com/download/#/blackberry", "name": "Foursquare for BlackBerry"}, "width": 460, "prefix": "https://igx.4sqi.net/img/general/", "createdAt": 1321725647, "id": "4ec7eecf0e6158baff16cfbc", "venue": {"location": {"formattedAddress": ["Isabel La Cat\u00f3lica 35 (Condesa)", "6000 Cuauht\u00e9moc, Distrito Federal", "M\u00e9xico"], "city": "Cuauhtemoc", "lng": -99.14021855370937, "cc": "MX", "state": "Distrito Federal", "crossStreet": "Condesa", "lat": 19.433952210267478, "address": "Isabel La Cat\u00f3lica 35", "labeledLatLngs": [{"label": "display", "lat": 19.433952210267478, "lng": -99.14021855370937}], "postalCode": "6000", "country": "M\u00e9xico"}, "contact": {"formattedPhone": "+52 55 5518 1038", "twitter": "solosanborns", "phone": "+525555181038"}, "verified": true, "allowMenuUrlEdit": true, "stats": {"tipCount": 332, "usersCount": 13986, "checkinsCount": 19506}, "id": "4bb62e7e46d4a59382d1c5c0", "storeId": "Cadena mexicana de retaurantes y tienda", "url": "http://www.sanborns.com.mx", "like": false, "categories": [{"icon": {"prefix": "https://ss3.4sqi.net/img/categories_v2/food/mexican_", "suffix": ".png"}, "name": "Mexican Restaurant", "id": "4bf58dd8d48988d1c1941735", "pluralName": "Mexican Restaurants", "primary": true, "shortName": "Mexican"}], "beenHere": {"lastCheckinExpiredAt": 0}, "name": "Sanborns"}, "suffix": "/HZ3GAAPFN3KBBGLAVLJ2S21LLRRHNVDXVMQYCTBBZSC5TE5B.jpg", "visibility": "public"}, {"height": 345, "source": {"url": "https://foursquare.com/download/#/blackberry", "name": "Foursquare for BlackBerry"}, "width": 460, "prefix": "https://igx.4sqi.net/img/general/", "createdAt": 1321723094, "id": "4ec7e4d64690116a8c97b25c", "venue": {"like": false, "location": {"city": "Ciudad de M\u00e9xico", "state": "Distrito Federal", "cc": "MX", "country": "M\u00e9xico", "lat": 19.431882406903085, "lng": -99.15881804860803, "labeledLatLngs": [{"label": "display", "lat": 19.431882406903085, "lng": -99.15881804860803}], "formattedAddress": ["Ciudad de M\u00e9xico, Distrito Federal", "M\u00e9xico"]}, "categories": [{"icon": {"prefix": "https://ss3.4sqi.net/img/categories_v2/parks_outdoors/sculpture_", "suffix": ".png"}, "name": "Sculpture Garden", "id": "4bf58dd8d48988d166941735", "pluralName": "Sculpture Gardens", "primary": true, "shortName": "Sculpture"}], "verified": false, "contact": {}, "beenHere": {"lastCheckinExpiredAt": 0}, "stats": {"tipCount": 1, "usersCount": 486, "checkinsCount": 1398}, "id": "4e1c741c52b1c2b69f350d26", "name": "Plaza Luis Pasteur"}, "suffix": "/QCRQMOZBIP4QOJTF1MTK4533OIRJNKRNHZVKSBVG2140IXHC.jpg", "visibility": "public"}, {"height": 345, "source": {"url": "https://foursquare.com/download/#/blackberry", "name": "Foursquare for BlackBerry"}, "width": 460, "prefix": "https://igx.4sqi.net/img/general/", "createdAt": 1321722855, "id": "4ec7e3e70e6158baff0751a8", "venue": {"like": false, "location": {"city": "Cuauhtemoc", "lng": -99.15990463909345, "cc": "MX", "state": "Distrito Federal", "lat": 19.43252154902354, "address": "Insurgentes Centro 11S", "labeledLatLngs": [{"label": "display", "lat": 19.43252154902354, "lng": -99.15990463909345}], "formattedAddress": ["Insurgentes Centro 11S", "Cuauht\u00e9moc, Distrito Federal", "M\u00e9xico"], "country": "M\u00e9xico"}, "categories": [{"icon": {"prefix": "https://ss3.4sqi.net/img/categories_v2/parks_outdoors/sculpture_", "suffix": ".png"}, "name": "Sculpture Garden", "id": "4bf58dd8d48988d166941735", "pluralName": "Sculpture Gardens", "primary": true, "shortName": "Sculpture"}], "verified": false, "contact": {}, "beenHere": {"lastCheckinExpiredAt": 0}, "stats": {"tipCount": 24, "usersCount": 5881, "checkinsCount": 11673}, "id": "4c3f1f2f51dee21ec685eb6e", "name": "Monumento a la Madre"}, "suffix": "/QZDNEUXP1GZCN1SUPZUUEB4DZEQATPASA3N5PFY5TNFLCSFV.jpg", "visibility": "public"}, {"height": 345, "source": {"url": "https://foursquare.com/download/#/blackberry", "name": "Foursquare for BlackBerry"}, "width": 460, "prefix": "https://igx.4sqi.net/img/general/", "createdAt": 1321722599, "id": "4ec7e2e75c5ce271be0a5e2b", "venue": {"like": false, "location": {"formattedAddress": ["James Sullivan (Jos\u00e9 Rosas Moreno)", "06470 Cuauht\u00e9moc, Distrito Federal", "M\u00e9xico"], "city": "Cuauhtemoc", "lng": -99.16169403164278, "cc": "MX", "state": "Distrito Federal", "crossStreet": "Jos\u00e9 Rosas Moreno", "lat": 19.43323585306015, "address": "James Sullivan", "labeledLatLngs": [{"label": "display", "lat": 19.43323585306015, "lng": -99.16169403164278}], "postalCode": "06470", "country": "M\u00e9xico"}, "categories": [{"icon": {"prefix": "https://ss3.4sqi.net/img/categories_v2/parks_outdoors/park_", "suffix": ".png"}, "name": "Park", "id": "4bf58dd8d48988d163941735", "pluralName": "Parks", "primary": true, "shortName": "Park"}], "verified": false, "contact": {}, "allowMenuUrlEdit": true, "stats": {"tipCount": 79, "usersCount": 5309, "checkinsCount": 12198}, "id": "4d41d58df0dba1cd4a612d49", "name": "Jard\u00edn Del Arte", "beenHere": {"lastCheckinExpiredAt": 0}}, "suffix": "/M0KPIDDD1Z23XI5VBKV3V0WKRDY33VMMBXKM4O3FQH3XEDMM.jpg", "visibility": "public"}, {"height": 345, "source": {"url": "https://foursquare.com/download/#/blackberry", "name": "Foursquare for BlackBerry"}, "width": 460, "prefix": "https://igx.4sqi.net/img/general/", "createdAt": 1321722285, "id": "4ec7e1ad0aaf9c3ccccd51a3", "venue": {"like": false, "location": {"city": "Ciudad de M\u00e9xico", "lng": -99.1640078673185, "cc": "MX", "state": "Distrito Federal", "crossStreet": "R\u00edo Rhin", "lat": 19.434291632021583, "address": "Sullivan", "labeledLatLngs": [{"label": "display", "lat": 19.434291632021583, "lng": -99.1640078673185}], "formattedAddress": ["Sullivan (R\u00edo Rhin)", "Ciudad de M\u00e9xico, Distrito Federal", "M\u00e9xico"], "country": "M\u00e9xico"}, "categories": [{"icon": {"prefix": "https://ss3.4sqi.net/img/categories_v2/shops/fleamarket_", "suffix": ".png"}, "name": "Flea Market", "id": "4bf58dd8d48988d1f7941735", "pluralName": "Flea Markets", "primary": true, "shortName": "Flea Market"}], "verified": false, "contact": {}, "allowMenuUrlEdit": true, "stats": {"tipCount": 181, "usersCount": 5484, "checkinsCount": 15096}, "id": "4c4209edd691c9b694b58d0a", "name": "Tianguis de Sullivan", "beenHere": {"lastCheckinExpiredAt": 0}}, "suffix": "/PW2LNLW5CJ1KWIZ4CTBALPHYWATR4DAXVP0RRFQHGJ00ZIHQ.jpg", "visibility": "public"}, {"height": 345, "source": {"url": "https://foursquare.com/download/#/blackberry", "name": "Foursquare for BlackBerry"}, "width": 460, "prefix": "https://igx.4sqi.net/img/general/", "createdAt": 1320792150, "id": "4eb9b056775bf193edbcb059", "venue": {"venueRatingBlacklisted": true, "like": false, "location": {"city": "Miguel Hidalgo", "lng": -99.21234875702328, "cc": "MX", "state": "Distrito Federal", "lat": 19.436316878749192, "address": "Horacio 1855", "labeledLatLngs": [{"label": "display", "lat": 19.436316878749192, "lng": -99.21234875702328}], "formattedAddress": ["Horacio 1855", "Miguel Hidalgo, Distrito Federal", "M\u00e9xico"], "country": "M\u00e9xico"}, "categories": [{"icon": {"prefix": "https://ss3.4sqi.net/img/categories_v2/building/default_", "suffix": ".png"}, "name": "Office", "id": "4bf58dd8d48988d124941735", "pluralName": "Offices", "primary": true, "shortName": "Office"}], "verified": false, "contact": {}, "beenHere": {"lastCheckinExpiredAt": 0}, "stats": {"tipCount": 1, "usersCount": 419, "checkinsCount": 6721}, "id": "4b38f266f964a520ce5225e3", "name": "RCI Latinoam\u00e9rica"}, "suffix": "/XCNM5SGYYNGBWD0BGCRTZ0Z5DGKPKLXRY2W21V5QKEH41QKL.jpg", "visibility": "public"}, {"height": 345, "source": {"url": "https://foursquare.com/download/#/blackberry", "name": "Foursquare for BlackBerry"}, "width": 460, "prefix": "https://igx.4sqi.net/img/general/", "createdAt": 1320606119, "id": "4eb6d9a7b634a04860c1fc64", "venue": {"location": {"city": "Naucalpan de Ju\u00e1rez", "lng": -99.22138095, "cc": "MX", "state": "State of Mexico", "lat": 19.46254736, "address": "Calle Tres #40 Col. San Francisco Cuautlalpan", "formattedAddress": ["Calle Tres #40 Col. San Francisco Cuautlalpan", "Naucalpan de Ju\u00e1rez, State of Mexico", "M\u00e9xico"], "country": "M\u00e9xico"}, "contact": {"twitter": "homedepot", "facebookName": "The Home Depot", "facebookUsername": "homedepot", "facebook": "106485550030"}, "verified": true, "allowMenuUrlEdit": true, "stats": {"tipCount": 14, "usersCount": 1865, "checkinsCount": 3170}, "id": "4b521b5cf964a520606827e3", "storeId": "8725", "url": "http://www.homedepot.com", "closed": true, "like": false, "categories": [{"icon": {"prefix": "https://ss3.4sqi.net/img/categories_v2/shops/hardware_", "suffix": ".png"}, "name": "Hardware Store", "id": "4bf58dd8d48988d112951735", "pluralName": "Hardware Stores", "primary": true, "shortName": "Hardware"}], "beenHere": {"lastCheckinExpiredAt": 0}, "name": "The Home Depot"}, "suffix": "/O3EQSTOAJHBT0WHNIZ4SRD3SM1CDUZEQ2GDCG1FMC0YLQW0X.jpg", "visibility": "public"}, {"height": 345, "source": {"url": "https://foursquare.com/download/#/blackberry", "name": "Foursquare for BlackBerry"}, "width": 460, "prefix": "https://igx.4sqi.net/img/general/", "createdAt": 1320602658, "id": "4eb6cc226c2590eb88a0eb36", "venue": {"location": {"neighborhood": "Periodistas, Ciudad de M\u00e9xico, DF", "address": "Blvd. Manuel \u00c1\u0081vila Camacho (Perif\u00e9rico) 647", "labeledLatLngs": [{"label": "display", "lat": 19.449996919696595, "lng": -99.2180721992079}], "postalCode": "11220", "city": "Miguel Hidalgo", "state": "Distrito Federal", "cc": "MX", "country": "M\u00e9xico", "lat": 19.449996919696595, "lng": -99.2180721992079, "crossStreet": "Esq. Con Rafael Reyes Esp\u00edndola", "formattedAddress": ["Blvd. Manuel \u00c1\u0081vila Camacho (Perif\u00e9rico) 647 (Esq. Con Rafael Reyes Esp\u00edndola)", "11220 Miguel Hidalgo, Distrito Federal", "M\u00e9xico"]}, "contact": {"twitter": "walmartmexico", "facebookName": "Walmart M\u00e9xico", "formattedPhone": "+52 800 710 6352", "phone": "+528007106352", "facebookUsername": "WalmartMexico", "facebook": "116233558420020"}, "verified": true, "allowMenuUrlEdit": true, "stats": {"tipCount": 153, "usersCount": 7891, "checkinsCount": 25323}, "id": "4f8713ade4b0767178a858dd", "storeId": "", "url": "http://www.walmartmexico.com.mx", "like": false, "categories": [{"icon": {"prefix": "https://ss3.4sqi.net/img/categories_v2/shops/default_", "suffix": ".png"}, "name": "Big Box Store", "id": "52f2ab2ebcbc57f1066b8b42", "pluralName": "Big Box Stores", "primary": true, "shortName": "Big Box Store"}], "beenHere": {"lastCheckinExpiredAt": 0}, "name": "Wal*Mart"}, "suffix": "/BFWEE0BIKYZMRHSHGEBXBYARV2BSKNKQWIBVHWNVLGEXZ1L0.jpg", "visibility": "public"}, {"height": 345, "source": {"url": "https://foursquare.com/download/#/blackberry", "name": "Foursquare for BlackBerry"}, "width": 460, "prefix": "https://igx.4sqi.net/img/general/", "createdAt": 1320514775, "id": "4eb574d7e30006eb12219deb", "venue": {"like": false, "location": {"city": "Ciudad de M\u00e9xico", "lng": -99.13238222290917, "cc": "MX", "state": "Distrito Federal", "crossStreet": "Col. Centro", "lat": 19.42816517718661, "address": "Mesones esq. Correo Mayor", "labeledLatLngs": [{"label": "display", "lat": 19.42816517718661, "lng": -99.13238222290917}], "formattedAddress": ["Mesones esq. Correo Mayor (Col. Centro)", "Ciudad de M\u00e9xico, Distrito Federal", "M\u00e9xico"], "country": "M\u00e9xico"}, "categories": [{"icon": {"prefix": "https://ss3.4sqi.net/img/categories_v2/shops/default_", "suffix": ".png"}, "name": "Shop & Service", "id": "4d4b7105d754a06378d81259", "pluralName": "Shops & Services", "primary": true, "shortName": "Shops"}], "verified": false, "contact": {}, "allowMenuUrlEdit": true, "stats": {"tipCount": 3, "usersCount": 27, "checkinsCount": 28}, "id": "4e6a5c0c18381ea1bdde5ea7", "name": "Papeleria Tiger", "beenHere": {"lastCheckinExpiredAt": 0}}, "suffix": "/T2O1OU3I045X2T35TC4KUNEHIJDLTRWA41S4Z5N115MSG5Z3.jpg", "visibility": "public"}, {"height": 345, "source": {"url": "https://foursquare.com/download/#/blackberry", "name": "Foursquare for BlackBerry"}, "width": 460, "prefix": "https://igx.4sqi.net/img/general/", "createdAt": 1319993851, "id": "4ead81fb77c8cdc66d586919", "venue": {"url": "http://www.costco.com.mx", "like": false, "location": {"formattedAddress": ["Centro Comercial Polanco (Blvd. Miguel de Cervantes Saavedra 397)", "11500 Miguel Hidalgo, Distrito Federal", "M\u00e9xico"], "city": "Miguel Hidalgo", "lng": -99.2058576323004, "cc": "MX", "state": "Distrito Federal", "lat": 19.44128017911152, "address": "Centro Comercial Polanco", "crossStreet": "Blvd. Miguel de Cervantes Saavedra 397", "postalCode": "11500", "country": "M\u00e9xico"}, "categories": [{"icon": {"prefix": "https://ss3.4sqi.net/img/categories_v2/shops/default_", "suffix": ".png"}, "name": "Warehouse Store", "id": "52e816a6bcbc57f1066b7a54", "pluralName": "Warehouse Stores", "primary": true, "shortName": "Warehouse Store"}], "verified": false, "contact": {"formattedPhone": "+52 55 2122 0660", "phone": "+525521220660"}, "allowMenuUrlEdit": true, "stats": {"tipCount": 307, "usersCount": 19845, "checkinsCount": 75980}, "id": "4b3d1a5ff964a520048e25e3", "name": "Costco", "beenHere": {"lastCheckinExpiredAt": 0}}, "suffix": "/UMGQYAOCCFJY3BHTKFGELTRG3SSKUSRFF1SJNNZ2Z4VI4SPI.jpg", "visibility": "public"}, {"height": 345, "source": {"url": "https://foursquare.com/download/#/blackberry", "name": "Foursquare for BlackBerry"}, "width": 460, "prefix": "https://igx.4sqi.net/img/general/", "createdAt": 1319928001, "id": "4eac80c12c5bb67b233f61f4", "venue": {"url": "http://bellecuisine.com.mx", "like": false, "location": {"formattedAddress": ["Arqu\u00edmides 26, Col. Polanco.", "11560 Ciudad de M\u00e9xico, Distrito Federal", "M\u00e9xico"], "city": "Ciudad de M\u00e9xico", "lng": -99.19160063262716, "cc": "MX", "state": "Distrito Federal", "lat": 19.42951755645004, "address": "Arqu\u00edmides 26, Col. Polanco.", "labeledLatLngs": [{"label": "display", "lat": 19.42951755645004, "lng": -99.19160063262716}], "postalCode": "11560", "country": "M\u00e9xico"}, "categories": [{"icon": {"prefix": "https://ss3.4sqi.net/img/categories_v2/food/bakery_", "suffix": ".png"}, "name": "Bakery", "id": "4bf58dd8d48988d16a941735", "pluralName": "Bakeries", "primary": true, "shortName": "Bakery"}], "verified": false, "contact": {}, "allowMenuUrlEdit": true, "stats": {"tipCount": 9, "usersCount": 493, "checkinsCount": 777}, "id": "4d4057db90f9224b529e051e", "name": "Belle Cuisine", "beenHere": {"lastCheckinExpiredAt": 0}}, "suffix": "/40PTM3W2TIP1F4OVJ0FY51TYWX42WYKJSI1KK2CBATTDJFHJ.jpg", "visibility": "public"}, {"height": 345, "source": {"url": "https://foursquare.com/download/#/blackberry", "name": "Foursquare for BlackBerry"}, "width": 460, "prefix": "https://igx.4sqi.net/img/general/", "createdAt": 1319914784, "id": "4eac4d2061af01ea2b292989", "venue": {"like": false, "location": {"city": "Miguel Hidalgo", "lng": -99.18133131781659, "cc": "MX", "state": "Distrito Federal", "crossStreet": "Euler", "lat": 19.43186682554384, "address": "Mariano Escobedo 501", "labeledLatLngs": [{"label": "display", "lat": 19.43186682554384, "lng": -99.18133131781659}], "formattedAddress": ["Mariano Escobedo 501 (Euler)", "Miguel Hidalgo, Distrito Federal", "M\u00e9xico"], "country": "M\u00e9xico"}, "categories": [{"icon": {"prefix": "https://ss3.4sqi.net/img/categories_v2/food/taco_", "suffix": ".png"}, "name": "Taco Place", "id": "4bf58dd8d48988d151941735", "pluralName": "Taco Places", "primary": true, "shortName": "Tacos"}], "verified": false, "contact": {"formattedPhone": "+52 55 5545 3970", "phone": "+525555453970"}, "allowMenuUrlEdit": true, "stats": {"tipCount": 71, "usersCount": 1827, "checkinsCount": 3091}, "id": "4b514c76f964a520304a27e3", "name": "Tacos Don G\u00fcero", "beenHere": {"lastCheckinExpiredAt": 0}}, "suffix": "/4S1WFDIQ3QADYK5YPYFZFSRKSZ5RCWOLFGP0KC1WR1YRI44C.jpg", "visibility": "public"}], "count": 26}, "totalCount": 26}}