{"response": {"photos": {"items": [{"id": "50dec094498e2bcb16bc1b26", "createdAt": 1356775572, "height": 720, "visibility": "public", "source": {"url": "https://foursquare.com/download/#/android", "name": "Foursquare for Android"}, "prefix": "https://igx.4sqi.net/img/general/", "venue": {"id": "4e741dcf45ddd4323f24b250", "like": false, "stats": {"checkinsCount": 127, "tipCount": 3, "usersCount": 107}, "beenHere": {"lastCheckinExpiredAt": 0}, "categories": [{"id": "4bf58dd8d48988d147941735", "primary": true, "icon": {"prefix": "https://ss3.4sqi.net/img/categories_v2/food/diner_", "suffix": ".png"}, "pluralName": "Diners", "shortName": "Diner", "name": "Diner"}], "verified": false, "allowMenuUrlEdit": true, "location": {"address": "\u601d\u660e\u533a\u5609\u79be\u8def21\u53f7\u65b0\u666f\u4e2d\u5fc3AB\u680b2\u697c", "state": "\u798f\u5efa\u7701", "lat": 24.482816234650162, "city": "\u53a6\u95e8\u5e02", "formattedAddress": ["\u601d\u660e\u533a\u5609\u79be\u8def21\u53f7\u65b0\u666f\u4e2d\u5fc3AB\u680b2\u697c", "\u53a6\u95e8\u5e02", "\u798f\u5efa\u7701"], "lng": 118.11544249294508, "labeledLatLngs": [{"lng": 118.11544249294508, "label": "display", "lat": 24.482816234650162}], "country": "\u4e2d\u56fd", "cc": "CN"}, "contact": {"formattedPhone": "0592 806 6915", "phone": "05928066915"}, "name": "\u5bb4\u9047 Modern Restaurant"}, "width": 540, "suffix": "/107092_d3be3Eg9QZrtoGZ0LwrgSX3wnVRX5XYH1JbwWI2tpYw.jpg"}, {"id": "50de9ea9e4b0f94bc94bd40c", "createdAt": 1356766889, "height": 720, "visibility": "public", "source": {"url": "https://foursquare.com/download/#/android", "name": "Foursquare for Android"}, "prefix": "https://igx.4sqi.net/img/general/", "venue": {"id": "5053451ce4b0cbb619a925d6", "like": false, "stats": {"checkinsCount": 71, "tipCount": 2, "usersCount": 45}, "beenHere": {"lastCheckinExpiredAt": 0}, "categories": [{"id": "4bf58dd8d48988d116941735", "primary": true, "icon": {"prefix": "https://ss3.4sqi.net/img/categories_v2/nightlife/pub_", "suffix": ".png"}, "pluralName": "Bars", "shortName": "Bar", "name": "Bar"}], "verified": false, "allowMenuUrlEdit": true, "location": {"country": "\u4e2d\u56fd", "lng": 118.09704535546615, "labeledLatLngs": [{"lng": 118.09704535546615, "label": "display", "lat": 24.465021243666637}], "cc": "CN", "lat": 24.465021243666637}, "contact": {}, "name": "Helen's"}, "width": 540, "suffix": "/107092_L9KA_1TWRYc-tXsS3Ce7yimGGjz3LCRPqwQf4vyUoFk.jpg"}, {"id": "4f5fc3cfe4b02862ab824b28", "createdAt": 1331676111, "height": 540, "visibility": "public", "source": {"url": "https://foursquare.com/download/#/android", "name": "Foursquare for Android"}, "prefix": "https://igx.4sqi.net/img/general/", "venue": {"like": false, "allowMenuUrlEdit": true, "location": {"crossStreet": "Vorgartenstr.", "labeledLatLngs": [{"lng": 16.413441550926336, "label": "display", "lat": 48.213176063403125}], "state": "9", "lat": 48.213176063403125, "postalCode": "1020", "city": "Vienna", "formattedAddress": ["Trabrennstrasse 4 (Vorgartenstr.)", "1020 Vienna", "\u00d6sterreich"], "lng": 16.413441550926336, "address": "Trabrennstrasse 4", "country": "\u00d6sterreich", "cc": "AT"}, "storeId": "", "id": "4bd7536a304fce72ec6133ab", "beenHere": {"lastCheckinExpiredAt": 0}, "stats": {"checkinsCount": 2372, "tipCount": 22, "usersCount": 1081}, "url": "http://www.marriott.com/hotels/travel/viefg-courtyard-vienna-prater-messe/", "categories": [{"id": "4bf58dd8d48988d1fa931735", "primary": true, "icon": {"prefix": "https://ss3.4sqi.net/img/categories_v2/travel/hotel_", "suffix": ".png"}, "pluralName": "Hotels", "shortName": "Hotel", "name": "Hotel"}], "venuePage": {"id": "137221734"}, "verified": true, "contact": {"facebook": "849664855047065", "facebookName": "Courtyard Vienna Prater/Messe", "formattedPhone": "+43 1 72730", "phone": "+43172730", "facebookUsername": "courtyard.wien.messe", "twitter": "courtyardwien"}, "name": "Courtyard Vienna Prater/Messe"}, "width": 720, "suffix": "/7spc_uqSR-aBGBoOCjzmQSyNzLl37-N7GE9hdD8412I.jpg"}, {"id": "4f5fc3cae4b0c89e90e251fa", "createdAt": 1331676106, "height": 720, "visibility": "public", "source": {"url": "https://foursquare.com/download/#/android", "name": "Foursquare for Android"}, "prefix": "https://igx.4sqi.net/img/general/", "venue": {"like": false, "allowMenuUrlEdit": true, "location": {"crossStreet": "Vorgartenstr.", "labeledLatLngs": [{"lng": 16.413441550926336, "label": "display", "lat": 48.213176063403125}], "state": "9", "lat": 48.213176063403125, "postalCode": "1020", "city": "Vienna", "formattedAddress": ["Trabrennstrasse 4 (Vorgartenstr.)", "1020 Vienna", "\u00d6sterreich"], "lng": 16.413441550926336, "address": "Trabrennstrasse 4", "country": "\u00d6sterreich", "cc": "AT"}, "storeId": "", "id": "4bd7536a304fce72ec6133ab", "beenHere": {"lastCheckinExpiredAt": 0}, "stats": {"checkinsCount": 2372, "tipCount": 22, "usersCount": 1081}, "url": "http://www.marriott.com/hotels/travel/viefg-courtyard-vienna-prater-messe/", "categories": [{"id": "4bf58dd8d48988d1fa931735", "primary": true, "icon": {"prefix": "https://ss3.4sqi.net/img/categories_v2/travel/hotel_", "suffix": ".png"}, "pluralName": "Hotels", "shortName": "Hotel", "name": "Hotel"}], "venuePage": {"id": "137221734"}, "verified": true, "contact": {"facebook": "849664855047065", "facebookName": "Courtyard Vienna Prater/Messe", "formattedPhone": "+43 1 72730", "phone": "+43172730", "facebookUsername": "courtyard.wien.messe", "twitter": "courtyardwien"}, "name": "Courtyard Vienna Prater/Messe"}, "width": 540, "suffix": "/Gs3LyoCrHvVP3XJ8zDjxPFZ-F88_r2uOHi5nTxgjsLw.jpg"}, {"id": "4d9c4d544387a3403a92e1c4", "createdAt": 1302089044, "height": 720, "visibility": "public", "source": {"url": "https://foursquare.com/download/#/iphone", "name": "Foursquare for iOS"}, "prefix": "https://igx.4sqi.net/img/general/", "venue": {"id": "4d6f67660d996dcb0c83b58e", "like": false, "stats": {"checkinsCount": 76, "tipCount": 1, "usersCount": 35}, "beenHere": {"lastCheckinExpiredAt": 0}, "categories": [{"id": "4bf58dd8d48988d196941735", "primary": true, "icon": {"prefix": "https://ss3.4sqi.net/img/categories_v2/building/medical_", "suffix": ".png"}, "pluralName": "Hospitals", "shortName": "Hospital", "name": "Hospital"}], "verified": false, "location": {"address": "Tan Tock Seng Hospital", "lat": 1.3212462100016573, "country": "Singapore", "lng": 103.84622594468348, "labeledLatLngs": [{"lng": 103.84622594468348, "label": "display", "lat": 1.3212462100016573}], "formattedAddress": ["Tan Tock Seng Hospital", "Singapore"], "cc": "SG"}, "contact": {}, "venueRatingBlacklisted": true, "name": "TTSH Ward 9D"}, "width": 540, "suffix": "/R23CLRDKWWLMKAQP3BVMTLRHE3UUPR04NB0TR5V3QKIPI1CI.jpg"}], "count": 5}, "totalCount": 5}, "meta": {"code": 200, "requestId": "595a82c74c1f67704e2d07ed"}, "notifications": [{"item": {"unreadCount": 0}, "type": "notificationTray"}]}