{"meta": {"code": 200, "requestId": "595b3855f594df3c089ba83f"}, "notifications": [{"item": {"unreadCount": 0}, "type": "notificationTray"}], "response": {"photos": {"items": [{"height": 240, "source": {"url": "https://foursquare.com/download/#/android", "name": "Foursquare for Android"}, "width": 320, "prefix": "https://igx.4sqi.net/img/general/", "createdAt": 1295609784, "id": "4d396fb856182da1605935bb", "venue": {"like": false, "location": {"formattedAddress": ["#01-01 Prinsep Place (66 Prinsep St.)", "188668", "Singapore"], "city": "Singapore", "lng": 103.8499059740138, "cc": "SG", "country": "Singapore", "crossStreet": "66 Prinsep St.", "lat": 1.3000691226535475, "address": "#01-01 Prinsep Place", "labeledLatLngs": [{"label": "display", "lat": 1.3000691226535475, "lng": 103.8499059740138}], "postalCode": "188668"}, "categories": [{"icon": {"prefix": "https://ss3.4sqi.net/img/categories_v2/food/diner_", "suffix": ".png"}, "name": "Diner", "id": "4bf58dd8d48988d147941735", "pluralName": "Diners", "primary": true, "shortName": "Diner"}], "verified": false, "contact": {"formattedPhone": "+65 6336 1702", "phone": "+6563361702"}, "allowMenuUrlEdit": true, "stats": {"tipCount": 34, "usersCount": 2076, "checkinsCount": 3181}, "id": "4ba728fef964a520a38339e3", "name": "MacKenzie Rex Restaurant", "beenHere": {"lastCheckinExpiredAt": 0}}, "suffix": "/WJW5OYCWS45SPXUKSS3QQ1K4110QTB4RYTW0DMP5CHTMWN0C.jpg", "visibility": "public"}], "count": 1}, "totalCount": 1}}