{"response": {"totalCount": 15, "photos": {"count": 15, "items": [{"tip": {"todo": {"count": 0}, "type": "user", "agreeCount": 0, "text": "Piccolo tasted similar to Artistry, Singapore", "createdAt": 1420101920, "logView": true, "id": "54a50920498e08a7d30e75ec", "disagreeCount": 0, "canonicalUrl": "https://foursquare.com/item/54a50920498e08a7d30e75ec", "likes": {"groups": [], "count": 0}, "like": false}, "width": 1440, "visibility": "public", "createdAt": 1420101928, "id": "54a50928498e607e5cdd5c6e", "source": {"name": "Foursquare for iOS", "url": "https://foursquare.com/download/#/iphone"}, "prefix": "https://igx.4sqi.net/img/general/", "suffix": "/1073714_LebEkJkdjzyimbqi64s-pLbdb8z-W7TeJfcfCM95knw.jpg", "venue": {"contact": {"facebookUsername": "feeka.coffeeroasters", "facebookName": "Feeka", "phone": "+60321104599", "facebook": "179911512176518", "formattedPhone": "+60 3-2110 4599"}, "name": "Feeka Coffee Roasters", "categories": [{"name": "Coffee Shop", "shortName": "Coffee Shop", "primary": true, "icon": {"prefix": "https://ss3.4sqi.net/img/categories_v2/food/coffeeshop_", "suffix": ".png"}, "id": "4bf58dd8d48988d1e0931735", "pluralName": "Coffee Shops"}], "beenHere": {"lastCheckinExpiredAt": 0}, "stats": {"checkinsCount": 10601, "tipCount": 303, "usersCount": 6059}, "verified": false, "id": "5289a87f498e3e1c5e2c0c4d", "location": {"country": "Malaysia", "state": "Kuala Lumpur", "formattedAddress": ["19, Jalan Mesui (Changkat Bukit Bintang)", "50200 Kuala Lumpur, Kuala Lumpur", "Malaysia"], "cc": "MY", "lat": 3.1487839437192235, "labeledLatLngs": [{"lng": 101.70843345343599, "lat": 3.1487839437192235, "label": "display"}], "postalCode": "50200", "address": "19, Jalan Mesui", "lng": 101.70843345343599, "city": "Kuala Lumpur", "crossStreet": "Changkat Bukit Bintang"}, "like": false, "allowMenuUrlEdit": true}, "height": 1920}, {"tip": {"todo": {"count": 0}, "type": "user", "agreeCount": 1, "text": "Managed to try their Baked Eggs and Nasi Lemak Goreng. Thumbs up for both!", "createdAt": 1415506870, "logView": true, "id": "545eebb6498ec016069da2c1", "disagreeCount": 0, "canonicalUrl": "https://foursquare.com/item/545eebb6498ec016069da2c1", "likes": {"summary": "1 like", "groups": [{"type": "others", "count": 1, "items": [{"firstName": "Tham", "id": "86667622", "photo": {"default": true, "prefix": "https://igx.4sqi.net/img/user/", "suffix": "/blank_girl.png"}, "gender": "female", "lastName": "Megan"}]}], "count": 1}, "like": false}, "width": 720, "visibility": "public", "createdAt": 1415506873, "id": "545eebb9498e1f04ef297058", "source": {"name": "Foursquare for iOS", "url": "https://foursquare.com/download/#/iphone"}, "prefix": "https://igx.4sqi.net/img/general/", "suffix": "/1073714_fut-svgRpKOrz6T_Cn52hkrSvjTmxEWioZhtaXfu9js.jpg", "venue": {"contact": {"phone": "+60355251309", "formattedPhone": "+60 3-5525 1309"}, "name": "Sips & Bites", "categories": [{"name": "Caf\u00e9", "shortName": "Caf\u00e9", "primary": true, "icon": {"prefix": "https://ss3.4sqi.net/img/categories_v2/food/cafe_", "suffix": ".png"}, "id": "4bf58dd8d48988d16d941735", "pluralName": "Caf\u00e9s"}], "beenHere": {"lastCheckinExpiredAt": 0}, "stats": {"checkinsCount": 1140, "tipCount": 25, "usersCount": 625}, "verified": false, "id": "53ff12e8498e56e70f3ef85b", "location": {"country": "Malaysia", "state": "Selangor", "formattedAddress": ["24-1, Sinaran 2, Jalan Anggerik Vanilla", "40460 Shah Alam, Selangor", "Malaysia"], "cc": "MY", "lat": 3.003587508614102, "labeledLatLngs": [{"lng": 101.53719114654885, "lat": 3.003587508614102, "label": "display"}], "postalCode": "40460", "address": "24-1, Sinaran 2, Jalan Anggerik Vanilla", "lng": 101.53719114654885, "city": "Shah Alam", "neighborhood": "Seksyen 31"}, "like": false, "allowMenuUrlEdit": true}, "height": 720}, {"tip": {"todo": {"count": 0}, "type": "user", "agreeCount": 4, "text": "The goldenish modern classic interior, top notch service and delicious food. Must try their Burgers, Pizza and Desserts. Worth every penny.", "createdAt": 1413981543, "logView": true, "id": "5447a567498e64f266991c16", "disagreeCount": 0, "canonicalUrl": "https://foursquare.com/item/5447a567498e64f266991c16", "likes": {"summary": "4 likes", "groups": [{"type": "others", "count": 4, "items": [{"firstName": "Fiona", "id": "134277768", "photo": {"default": true, "prefix": "https://igx.4sqi.net/img/user/", "suffix": "/blank_girl.png"}, "gender": "female", "lastName": "Lee"}, {"firstName": "Joerg", "id": "132141006", "photo": {"prefix": "https://igx.4sqi.net/img/user/", "suffix": "/132141006-Q2NNYNHHNP2ASSP3.jpg"}, "gender": "male", "lastName": "Hontheim"}, {"firstName": "imgg", "id": "4909430", "photo": {"prefix": "https://igx.4sqi.net/img/user/", "suffix": "/NOCMMIBBEU1KUHK2.jpg"}, "gender": "female"}]}], "count": 4}, "like": false}, "width": 960, "visibility": "public", "createdAt": 1413981546, "id": "5447a56a498eb888b72a0860", "source": {"name": "Foursquare for iOS", "url": "https://foursquare.com/download/#/iphone"}, "prefix": "https://igx.4sqi.net/img/general/", "suffix": "/1073714_9y-_lL0RVbcBerwaUIU5R5K2zCDfMagA5TGda2Berzk.jpg", "venue": {"contact": {"facebookUsername": "quivo.my", "facebookName": "QUIVO", "phone": "+60321417711", "facebook": "1581853942057961", "formattedPhone": "+60 3-2141 7711"}, "categories": [{"name": "Mediterranean Restaurant", "shortName": "Mediterranean", "primary": true, "icon": {"prefix": "https://ss3.4sqi.net/img/categories_v2/food/mediterranean_", "suffix": ".png"}, "id": "4bf58dd8d48988d1c0941735", "pluralName": "Mediterranean Restaurants"}], "stats": {"checkinsCount": 2906, "tipCount": 77, "usersCount": 2116}, "beenHere": {"lastCheckinExpiredAt": 0}, "location": {"country": "Malaysia", "formattedAddress": ["Pavilion KL (Lot 3.09.02, Level 3), Jalan Bukit Bintang", "55100 Kuala Lumpur, Kuala Lumpur", "Malaysia"], "cc": "MY", "lat": 3.148232623608704, "labeledLatLngs": [{"lng": 101.71287035235993, "lat": 3.148232623608704, "label": "display"}], "postalCode": "55100", "address": "Pavilion KL (Lot 3.09.02, Level 3), Jalan Bukit Bintang", "lng": 101.71287035235993, "city": "Kuala Lumpur", "state": "Kuala Lumpur"}, "like": false, "allowMenuUrlEdit": true, "name": "Quivo", "url": "http://quivo.my", "menu": {"type": "Menu", "url": "http://quivo.my/#menu", "anchor": "View Menu", "mobileUrl": "http://quivo.my/#menu", "externalUrl": "http://quivo.my/#menu", "label": "Menu"}, "verified": false, "id": "540d543d498e8f0de57f7b48"}, "height": 720}, {"width": 960, "visibility": "public", "createdAt": 1393913316, "id": "53156de411d26ddeb0536870", "source": {"name": "Foursquare for iOS", "url": "https://foursquare.com/download/#/iphone"}, "prefix": "https://igx.4sqi.net/img/general/", "suffix": "/1073714_aRQf60LSHPteezTLxxyX4LF4dzHWTq0CWQhcvJYsR30.jpg", "venue": {"contact": {}, "beenHere": {"lastCheckinExpiredAt": 0}, "name": "Digma 2014 @ Midvalley Exhibition Centre", "categories": [{"name": "Convention", "shortName": "Convention", "primary": true, "icon": {"prefix": "https://ss3.4sqi.net/img/categories_v2/event/default_", "suffix": ".png"}, "id": "5267e4d9e4b0ec79466e48c9", "pluralName": "Conventions"}], "closed": true, "venueRatingBlacklisted": true, "stats": {"checkinsCount": 6, "tipCount": 2, "usersCount": 4}, "verified": false, "id": "53151cb9498ed1763ef23ecd", "location": {"country": "Malaysia", "lng": 101.66282999388852, "formattedAddress": ["Malaysia"], "cc": "MY", "lat": 3.1148689304067143}, "like": false}, "height": 720}, {"tip": {"todo": {"count": 0}, "type": "user", "agreeCount": 0, "text": "Service is good. Will come back to try their Roasted Chicken, Spicy & Sour Kai Choy and other Braised selections.", "createdAt": 1385792587, "logView": true, "id": "5299844b11d2e90d3ae35cab", "disagreeCount": 0, "canonicalUrl": "https://foursquare.com/item/5299844b11d2e90d3ae35cab", "likes": {"groups": [], "count": 0}, "like": false}, "width": 720, "visibility": "public", "createdAt": 1385792595, "id": "5299845311d2458dd70594fe", "source": {"name": "Foursquare for iOS", "url": "https://foursquare.com/download/#/iphone"}, "prefix": "https://igx.4sqi.net/img/general/", "suffix": "/1073714__Zns-t3yDw770-MC_VLDWPujkWJX6hJhqlU2aqfNhOA.jpg", "venue": {"contact": {}, "name": "Uncle Yap's I \u2764 Char Siew", "categories": [{"name": "BBQ Joint", "shortName": "BBQ", "primary": true, "icon": {"prefix": "https://ss3.4sqi.net/img/categories_v2/food/bbqalt_", "suffix": ".png"}, "id": "4bf58dd8d48988d1df931735", "pluralName": "BBQ Joints"}], "beenHere": {"lastCheckinExpiredAt": 0}, "stats": {"checkinsCount": 26, "tipCount": 2, "usersCount": 22}, "verified": false, "id": "50b9f967e4b0040a84a96a91", "location": {"country": "Malaysia", "formattedAddress": ["22-1, No.8 Jalan Anggerik Vanilla BE 31/BE", "40460 Shah Alam, Selangor", "Malaysia"], "cc": "MY", "lat": 3.0037761672282293, "labeledLatLngs": [{"lng": 101.5370190755406, "lat": 3.0037761672282293, "label": "display"}], "postalCode": "40460", "address": "22-1, No.8 Jalan Anggerik Vanilla BE 31/BE", "lng": 101.5370190755406, "city": "Shah Alam", "state": "Selangor"}, "like": false, "allowMenuUrlEdit": true}, "height": 960}, {"width": 960, "visibility": "public", "createdAt": 1384922092, "id": "528c3bec11d2ff0cf769009b", "source": {"name": "Foursquare for iOS", "url": "https://foursquare.com/download/#/iphone"}, "prefix": "https://igx.4sqi.net/img/general/", "suffix": "/1073714_sl2XHtoqQYmf4YkWhtLJY3yiT-ReRcoeOeTz2g1mD_I.jpg", "venue": {"contact": {}, "name": "Knockbox Coffee Company", "categories": [{"name": "Coffee Shop", "shortName": "Coffee Shop", "primary": true, "icon": {"prefix": "https://ss3.4sqi.net/img/categories_v2/food/coffeeshop_", "suffix": ".png"}, "id": "4bf58dd8d48988d1e0931735", "pluralName": "Coffee Shops"}], "beenHere": {"lastCheckinExpiredAt": 0}, "stats": {"checkinsCount": 1178, "tipCount": 57, "usersCount": 684}, "verified": false, "url": "http://knockboxcoffee.hk", "id": "4e578b70d22d61e8f33afe85", "location": {"country": "\u9999\u6e2f", "formattedAddress": ["21 Hak Po St", "\u9999\u6e2f"], "cc": "HK", "lat": 22.317663444232323, "labeledLatLngs": [{"lng": 114.17281031564318, "lat": 22.317663444232323, "label": "display"}], "address": "21 Hak Po St", "lng": 114.17281031564318, "city": "\u65fa\u89d2"}, "like": false, "allowMenuUrlEdit": true}, "height": 720}, {"width": 540, "visibility": "public", "createdAt": 1332855936, "id": "4f71c480e4b0d1b3a447bfb0", "source": {"name": "Foursquare for iOS", "url": "https://foursquare.com/download/#/iphone"}, "prefix": "https://igx.4sqi.net/img/general/", "suffix": "/9U6auHVa8Q8cu249BhxkP37I-GxO66KOreMH_kLp5g4.jpg", "venue": {"contact": {"facebookUsername": "thesaladbar", "facebookName": "the salad bar", "phone": "+60377312228", "facebook": "279075793942", "formattedPhone": "+60 3-7731 2228"}, "venuePage": {"id": "34067022"}, "categories": [{"name": "Salad Place", "shortName": "Salad", "primary": true, "icon": {"prefix": "https://ss3.4sqi.net/img/categories_v2/food/salad_", "suffix": ".png"}, "id": "4bf58dd8d48988d1bd941735", "pluralName": "Salad Places"}], "closed": true, "beenHere": {"lastCheckinExpiredAt": 0}, "location": {"country": "Malaysia", "formattedAddress": ["41 Jalan SS 21/60, Damansara Utama", "46350 Petaling Jaya, Selangor", "Malaysia"], "cc": "MY", "lat": 3.1330924418146404, "labeledLatLngs": [{"lng": 101.62272954265535, "lat": 3.1330924418146404, "label": "display"}], "postalCode": "46350", "address": "41 Jalan SS 21/60, Damansara Utama", "lng": 101.62272954265535, "city": "Petaling Jaya", "state": "Selangor"}, "like": false, "allowMenuUrlEdit": true, "name": "The Salad Bar", "stats": {"checkinsCount": 3897, "tipCount": 82, "usersCount": 1704}, "verified": true, "id": "4b62ce8ef964a52086532ae3", "storeId": ""}, "height": 540}, {"width": 540, "visibility": "public", "createdAt": 1330865180, "id": "4f53641ce4b09f74b8a14695", "source": {"name": "Foursquare for iOS", "url": "https://foursquare.com/download/#/iphone"}, "prefix": "https://igx.4sqi.net/img/general/", "suffix": "/dGVAOWg02tmddBRrer5QBf5UVLW7d5ShTQVm-g2cs4U.jpg", "venue": {"contact": {}, "name": "\u767e\u5e74\u8001\u706b Steamboat", "categories": [{"name": "Chinese Restaurant", "shortName": "Chinese", "primary": true, "icon": {"prefix": "https://ss3.4sqi.net/img/categories_v2/food/asian_", "suffix": ".png"}, "id": "4bf58dd8d48988d145941735", "pluralName": "Chinese Restaurants"}], "beenHere": {"lastCheckinExpiredAt": 0}, "stats": {"checkinsCount": 9, "tipCount": 0, "usersCount": 7}, "verified": false, "id": "4f53621ee4b028a9205c16fa", "location": {"country": "Malaysia", "formattedAddress": ["Malaysia"], "cc": "MY", "lat": 3.152048, "labeledLatLngs": [{"lng": 101.594806, "lat": 3.152048, "label": "display"}], "lng": 101.594806}, "like": false, "allowMenuUrlEdit": true}, "height": 540}, {"width": 540, "visibility": "public", "createdAt": 1330782393, "id": "4f5220b9e4b07e4c6243a79c", "source": {"name": "Foursquare for iOS", "url": "https://foursquare.com/download/#/iphone"}, "prefix": "https://igx.4sqi.net/img/general/", "suffix": "/2Nm5_vyxg6jKkKniamX0XMOCQLIm2eG5UYo0AnvnJV8.jpg", "venue": {"contact": {"phone": "+60377254017", "formattedPhone": "+60 3-7725 4017"}, "name": "Dave\u2019s Bistro Bar & Grill", "categories": [{"name": "Bar", "shortName": "Bar", "primary": true, "icon": {"prefix": "https://ss3.4sqi.net/img/categories_v2/nightlife/pub_", "suffix": ".png"}, "id": "4bf58dd8d48988d116941735", "pluralName": "Bars"}], "beenHere": {"lastCheckinExpiredAt": 0}, "stats": {"checkinsCount": 7958, "tipCount": 108, "usersCount": 4519}, "verified": false, "url": "http://davesdeli.com.my", "id": "4d33e2c1eefa8cfab59345b3", "location": {"country": "Malaysia", "state": "Selangor", "formattedAddress": ["1 Utama Shopping Centre (G209)", "47800 Petaling Jaya, Selangor", "Malaysia"], "cc": "MY", "lat": 3.1493741024912727, "labeledLatLngs": [{"lng": 101.61695218259786, "lat": 3.1493741024912727, "label": "display"}], "postalCode": "47800", "address": "1 Utama Shopping Centre", "lng": 101.61695218259786, "city": "Petaling Jaya", "crossStreet": "G209"}, "like": false, "allowMenuUrlEdit": true}, "height": 540}, {"width": 540, "visibility": "public", "createdAt": 1319795363, "id": "4eaa7aa3d3e3846cbca768a1", "source": {"name": "Foursquare for iOS", "url": "https://foursquare.com/download/#/iphone"}, "prefix": "https://igx.4sqi.net/img/general/", "suffix": "/TEGR5A4LJ1JOZGDI22Y4X2EWYZSFRXISVFA5TUDRDKRLTEH3.jpg", "venue": {"contact": {"phone": "+6262361737788", "formattedPhone": "+62 623 61737788"}, "name": "The Bali Dream Villa", "categories": [{"name": "Bed & Breakfast", "shortName": "B & B", "primary": true, "icon": {"prefix": "https://ss3.4sqi.net/img/categories_v2/travel/bedandbreakfast_", "suffix": ".png"}, "id": "4bf58dd8d48988d1f8931735", "pluralName": "Bed & Breakfasts"}], "beenHere": {"lastCheckinExpiredAt": 0}, "stats": {"checkinsCount": 517, "tipCount": 8, "usersCount": 285}, "verified": false, "id": "4d201aa96e8c3704b392f69f", "location": {"country": "Indonesia", "formattedAddress": ["Jalan Dedari no.108x", "Seminyak", "Bali", "Indonesia"], "cc": "ID", "lat": -8.682921273919703, "labeledLatLngs": [{"lng": 115.17116163468368, "lat": -8.682921273919703, "label": "display"}], "address": "Jalan Dedari no.108x", "lng": 115.17116163468368, "city": "Seminyak", "state": "Bali"}, "like": false, "allowMenuUrlEdit": true}, "height": 540}, {"width": 720, "visibility": "public", "createdAt": 1305553274, "id": "4dd1297a40a3324246c87d1a", "source": {"name": "Foursquare for iOS", "url": "https://foursquare.com/download/#/iphone"}, "prefix": "https://igx.4sqi.net/img/general/", "suffix": "/VZP3H5GQMNOK3JRN343DGXUPRFM24EEMTH4KVGYCTO4PYSOO.jpg", "venue": {"contact": {}, "name": "\u751c\u54c1\u54e5\u54e5", "categories": [{"name": "Dessert Shop", "shortName": "Desserts", "primary": true, "icon": {"prefix": "https://ss3.4sqi.net/img/categories_v2/food/dessert_", "suffix": ".png"}, "id": "4bf58dd8d48988d1d0941735", "pluralName": "Dessert Shops"}], "closed": true, "beenHere": {"lastCheckinExpiredAt": 0}, "stats": {"checkinsCount": 524, "tipCount": 8, "usersCount": 386}, "verified": true, "id": "4d91cef2608fa1cdcfa29f83", "location": {"country": "Malaysia", "state": "Selangor", "formattedAddress": ["25, Ground Floor, Jln PJU 5/10 (Dataran Sunway)", "47810 Petaling Jaya, Selangor", "Malaysia"], "cc": "MY", "lat": 3.1514824915135344, "postalCode": "47810", "address": "25, Ground Floor, Jln PJU 5/10", "lng": 101.59337946795532, "city": "Petaling Jaya", "crossStreet": "Dataran Sunway"}, "like": false, "allowMenuUrlEdit": true}, "height": 537}, {"width": 720, "visibility": "public", "createdAt": 1305553069, "id": "4dd128ada12d1f77845bd70b", "source": {"name": "Foursquare for iOS", "url": "https://foursquare.com/download/#/iphone"}, "prefix": "https://igx.4sqi.net/img/general/", "suffix": "/3VSNIAJNJFPA0W3LKNQPFQ1NLNOFCPMQCAALROG4EXVKZTL4.jpg", "venue": {"contact": {}, "name": "\u751c\u54c1\u54e5\u54e5", "categories": [{"name": "Dessert Shop", "shortName": "Desserts", "primary": true, "icon": {"prefix": "https://ss3.4sqi.net/img/categories_v2/food/dessert_", "suffix": ".png"}, "id": "4bf58dd8d48988d1d0941735", "pluralName": "Dessert Shops"}], "closed": true, "beenHere": {"lastCheckinExpiredAt": 0}, "stats": {"checkinsCount": 524, "tipCount": 8, "usersCount": 386}, "verified": true, "id": "4d91cef2608fa1cdcfa29f83", "location": {"country": "Malaysia", "state": "Selangor", "formattedAddress": ["25, Ground Floor, Jln PJU 5/10 (Dataran Sunway)", "47810 Petaling Jaya, Selangor", "Malaysia"], "cc": "MY", "lat": 3.1514824915135344, "postalCode": "47810", "address": "25, Ground Floor, Jln PJU 5/10", "lng": 101.59337946795532, "city": "Petaling Jaya", "crossStreet": "Dataran Sunway"}, "like": false, "allowMenuUrlEdit": true}, "height": 537}, {"width": 720, "visibility": "public", "createdAt": 1296963039, "id": "4d4e15df30caa3404433feb8", "source": {"name": "Foursquare for iOS", "url": "https://foursquare.com/download/#/iphone"}, "prefix": "https://igx.4sqi.net/img/general/", "suffix": "/WFNSPBIUXJJSTWOCB4J00CO5BPA4I1TDWU4VPML1MQVTD2F2.jpg", "venue": {"contact": {}, "name": "Kim Kia Pan Mee Specialist", "categories": [{"name": "Restaurant", "shortName": "Restaurant", "primary": true, "icon": {"prefix": "https://ss3.4sqi.net/img/categories_v2/food/default_", "suffix": ".png"}, "id": "4bf58dd8d48988d1c4941735", "pluralName": "Restaurants"}], "beenHere": {"lastCheckinExpiredAt": 0}, "stats": {"checkinsCount": 898, "tipCount": 4, "usersCount": 206}, "verified": false, "id": "4d4e13f88975a35dcbeb0aa8", "location": {"country": "Malaysia", "formattedAddress": ["Malaysia"], "cc": "MY", "lat": 3.199855357882106, "labeledLatLngs": [{"lng": 101.66619787233817, "lat": 3.199855357882106, "label": "display"}], "lng": 101.66619787233817}, "like": false, "allowMenuUrlEdit": true}, "height": 537}, {"width": 720, "visibility": "public", "createdAt": 1296962905, "id": "4d4e155958c92da16f485819", "source": {"name": "Foursquare for iOS", "url": "https://foursquare.com/download/#/iphone"}, "prefix": "https://igx.4sqi.net/img/general/", "suffix": "/2RQAHTRARHPV4KVZENCTUWX2ZVQ3Z3VM4NTJ3ATIT2YZOJKZ.jpg", "venue": {"contact": {}, "name": "Kim Kia Pan Mee Specialist", "categories": [{"name": "Restaurant", "shortName": "Restaurant", "primary": true, "icon": {"prefix": "https://ss3.4sqi.net/img/categories_v2/food/default_", "suffix": ".png"}, "id": "4bf58dd8d48988d1c4941735", "pluralName": "Restaurants"}], "beenHere": {"lastCheckinExpiredAt": 0}, "stats": {"checkinsCount": 898, "tipCount": 4, "usersCount": 206}, "verified": false, "id": "4d4e13f88975a35dcbeb0aa8", "location": {"country": "Malaysia", "formattedAddress": ["Malaysia"], "cc": "MY", "lat": 3.199855357882106, "labeledLatLngs": [{"lng": 101.66619787233817, "lat": 3.199855357882106, "label": "display"}], "lng": 101.66619787233817}, "like": false, "allowMenuUrlEdit": true}, "height": 537}, {"width": 720, "visibility": "public", "createdAt": 1296962767, "id": "4d4e14cf30caa340e932feb8", "source": {"name": "Foursquare for iOS", "url": "https://foursquare.com/download/#/iphone"}, "prefix": "https://igx.4sqi.net/img/general/", "suffix": "/MXQPGXKPILYK543ERRG4JLWCD5QMNVRKQRM3XQAFMOEVLCPC.jpg", "venue": {"contact": {}, "name": "Kim Kia Pan Mee Specialist", "categories": [{"name": "Restaurant", "shortName": "Restaurant", "primary": true, "icon": {"prefix": "https://ss3.4sqi.net/img/categories_v2/food/default_", "suffix": ".png"}, "id": "4bf58dd8d48988d1c4941735", "pluralName": "Restaurants"}], "beenHere": {"lastCheckinExpiredAt": 0}, "stats": {"checkinsCount": 898, "tipCount": 4, "usersCount": 206}, "verified": false, "id": "4d4e13f88975a35dcbeb0aa8", "location": {"country": "Malaysia", "formattedAddress": ["Malaysia"], "cc": "MY", "lat": 3.199855357882106, "labeledLatLngs": [{"lng": 101.66619787233817, "lat": 3.199855357882106, "label": "display"}], "lng": 101.66619787233817}, "like": false, "allowMenuUrlEdit": true}, "height": 537}]}}, "notifications": [{"type": "notificationTray", "item": {"unreadCount": 0}}], "meta": {"requestId": "595b6cbf1ed21919fc15889a", "code": 200}}