{"response": {"photos": {"items": [{"id": "54ba52e1498e72500731b4fd", "createdAt": 1421497057, "height": 1440, "visibility": "public", "source": {"url": "https://www.swarmapp.com", "name": "Swarm for iOS"}, "prefix": "https://igx.4sqi.net/img/general/", "venue": {"id": "54ba519a498e5618f80cfea2", "like": false, "stats": {"checkinsCount": 3, "tipCount": 1, "usersCount": 3}, "beenHere": {"lastCheckinExpiredAt": 0}, "categories": [{"id": "4bf58dd8d48988d1f1931735", "primary": true, "icon": {"prefix": "https://ss3.4sqi.net/img/categories_v2/arts_entertainment/default_", "suffix": ".png"}, "pluralName": "General Entertainment", "shortName": "Entertainment", "name": "General Entertainment"}], "verified": false, "allowMenuUrlEdit": true, "location": {"address": "10 Winstedt Road #01-11", "lat": 1.310021, "postalCode": "227977", "city": "Singapore", "formattedAddress": ["10 Winstedt Road #01-11", "227977", "Singapore"], "lng": 103.842339, "labeledLatLngs": [{"lng": 103.842339, "label": "display", "lat": 1.310021}], "country": "Singapore", "cc": "SG"}, "contact": {}, "name": "The Lumen Room"}, "width": 1440, "suffix": "/107788_u0pIRMR_WSHvlnTlCFRk0-CeNwpeL33779MO3tl85jg.jpg"}, {"id": "54ba521c498e40e6824f0694", "createdAt": 1421496860, "tip": {"id": "54ba5218498e385907c50b1f", "createdAt": 1421496856, "like": false, "todo": {"count": 0}, "text": "Beautiful, charming venue for milongas. There's yoga and belly dance here too", "logView": true, "disagreeCount": 0, "canonicalUrl": "https://foursquare.com/item/54ba5218498e385907c50b1f", "type": "user", "likes": {"count": 0, "groups": []}, "agreeCount": 0}, "height": 1440, "visibility": "public", "source": {"url": "https://foursquare.com/download/#/iphone", "name": "Foursquare for iOS"}, "prefix": "https://igx.4sqi.net/img/general/", "venue": {"id": "54ba519a498e5618f80cfea2", "like": false, "stats": {"checkinsCount": 3, "tipCount": 1, "usersCount": 3}, "beenHere": {"lastCheckinExpiredAt": 0}, "categories": [{"id": "4bf58dd8d48988d1f1931735", "primary": true, "icon": {"prefix": "https://ss3.4sqi.net/img/categories_v2/arts_entertainment/default_", "suffix": ".png"}, "pluralName": "General Entertainment", "shortName": "Entertainment", "name": "General Entertainment"}], "verified": false, "allowMenuUrlEdit": true, "location": {"address": "10 Winstedt Road #01-11", "lat": 1.310021, "postalCode": "227977", "city": "Singapore", "formattedAddress": ["10 Winstedt Road #01-11", "227977", "Singapore"], "lng": 103.842339, "labeledLatLngs": [{"lng": 103.842339, "label": "display", "lat": 1.310021}], "country": "Singapore", "cc": "SG"}, "contact": {}, "name": "The Lumen Room"}, "width": 1440, "suffix": "/107788_7cHoUTQiGLhVflkMh3z0Chs8QKqfPS_wwHG5iXF-MeY.jpg"}], "count": 2}, "totalCount": 2}, "meta": {"code": 200, "requestId": "595a7bc5db04f562f054278b"}, "notifications": [{"item": {"unreadCount": 0}, "type": "notificationTray"}]}