{"meta": {"code": 200, "requestId": "595b3ed4db04f562eed65fd8"}, "notifications": [{"item": {"unreadCount": 0}, "type": "notificationTray"}], "response": {"photos": {"items": [{"height": 640, "source": {"url": "http://instagram.com", "name": "Instagram"}, "width": 640, "prefix": "https://igx.4sqi.net/img/general/", "createdAt": 1414323844, "id": "544cde84498e0225d87ed03d", "venue": {"url": "http://www.thecoastalsettlement.com", "like": false, "location": {"formattedAddress": ["200 Netheravon Rd.", "508529", "Singapore"], "city": "Singapore", "lng": 103.97793640866288, "cc": "SG", "country": "Singapore", "lat": 1.3891136465890346, "address": "200 Netheravon Rd.", "labeledLatLngs": [{"label": "display", "lat": 1.3891136465890346, "lng": 103.97793640866288}], "postalCode": "508529"}, "categories": [{"icon": {"prefix": "https://ss3.4sqi.net/img/categories_v2/food/default_", "suffix": ".png"}, "name": "Restaurant", "id": "4bf58dd8d48988d1c4941735", "pluralName": "Restaurants", "primary": true, "shortName": "Restaurant"}], "verified": false, "contact": {"formattedPhone": "+65 6475 0200", "phone": "+6564750200"}, "allowMenuUrlEdit": true, "stats": {"tipCount": 132, "usersCount": 3839, "checkinsCount": 5370}, "id": "4eace6a8e300f9b9190e1f03", "name": "The Coastal Settlement", "beenHere": {"lastCheckinExpiredAt": 0}}, "suffix": "/1078846_F5FEbRP52qZvxXDbxikZCXyqh7CI2dpz_zl7S-7qARs.jpg", "visibility": "public"}, {"height": 640, "source": {"url": "http://instagram.com", "name": "Instagram"}, "width": 640, "prefix": "https://igx.4sqi.net/img/general/", "createdAt": 1414250796, "id": "544bc12c498e6ee1f2e4bc89", "venue": {"like": false, "location": {"formattedAddress": ["165 Tanjong Pagar Rd", "088539", "Singapore"], "city": "Singapore", "lng": 103.84341786628266, "cc": "SG", "country": "Singapore", "lat": 1.2752040332238923, "address": "165 Tanjong Pagar Rd", "labeledLatLngs": [{"label": "display", "lat": 1.2752040332238923, "lng": 103.84341786628266}], "postalCode": "088539"}, "categories": [{"icon": {"prefix": "https://ss3.4sqi.net/img/categories_v2/travel/hotel_", "suffix": ".png"}, "name": "Hotel", "id": "4bf58dd8d48988d1fa931735", "pluralName": "Hotels", "primary": true, "shortName": "Hotel"}], "verified": false, "contact": {"formattedPhone": "+65 6879 2555", "phone": "+6568792555"}, "allowMenuUrlEdit": true, "stats": {"tipCount": 40, "usersCount": 5740, "checkinsCount": 11227}, "id": "4b05880bf964a520b6ad22e3", "name": "Amara Singapore Hotel \u65b0\u52a0\u5761\u5b89\u570b\u9152\u5e97", "beenHere": {"lastCheckinExpiredAt": 0}}, "suffix": "/1078846_yS_Mhm9PtgCkm48dk2Wbdcj82fMgEERn6vWL_rTnYUI.jpg", "visibility": "public"}, {"height": 640, "source": {"url": "http://instagram.com", "name": "Instagram"}, "width": 640, "prefix": "https://igx.4sqi.net/img/general/", "createdAt": 1414250621, "id": "544bc07d498e3b8fa1b60160", "venue": {"like": false, "location": {"formattedAddress": ["165 Tanjong Pagar Rd", "088539", "Singapore"], "city": "Singapore", "lng": 103.84341786628266, "cc": "SG", "country": "Singapore", "lat": 1.2752040332238923, "address": "165 Tanjong Pagar Rd", "labeledLatLngs": [{"label": "display", "lat": 1.2752040332238923, "lng": 103.84341786628266}], "postalCode": "088539"}, "categories": [{"icon": {"prefix": "https://ss3.4sqi.net/img/categories_v2/travel/hotel_", "suffix": ".png"}, "name": "Hotel", "id": "4bf58dd8d48988d1fa931735", "pluralName": "Hotels", "primary": true, "shortName": "Hotel"}], "verified": false, "contact": {"formattedPhone": "+65 6879 2555", "phone": "+6568792555"}, "allowMenuUrlEdit": true, "stats": {"tipCount": 40, "usersCount": 5740, "checkinsCount": 11227}, "id": "4b05880bf964a520b6ad22e3", "name": "Amara Singapore Hotel \u65b0\u52a0\u5761\u5b89\u570b\u9152\u5e97", "beenHere": {"lastCheckinExpiredAt": 0}}, "suffix": "/1078846_uGG6kSyQ8APeF4ct5BT4daKpnYrA1YDqHLLOzvomTBw.jpg", "visibility": "public"}, {"height": 640, "source": {"url": "http://instagram.com", "name": "Instagram"}, "width": 640, "prefix": "https://igx.4sqi.net/img/general/", "createdAt": 1413721881, "id": "5443af19498ee9e07477bc80", "venue": {"venueRatingBlacklisted": true, "like": false, "location": {"isFuzzed": true, "cc": "SG", "country": "Singapore", "lat": 1.340625862508555, "lng": 103.8390162070228, "formattedAddress": ["Singapore"]}, "categories": [{"icon": {"prefix": "https://ss3.4sqi.net/img/categories_v2/building/home_", "suffix": ".png"}, "name": "Home (private)", "id": "4bf58dd8d48988d103941735", "pluralName": "Homes (private)", "primary": true, "shortName": "Home"}], "verified": false, "contact": {}, "beenHere": {"lastCheckinExpiredAt": 0}, "stats": {"tipCount": 0, "usersCount": 34, "checkinsCount": 37}, "id": "4e47044162845e1d3c9a772c", "name": "Mac ritchie Reservoir"}, "suffix": "/1078846_I0xkKg1GpcS3R_v6-cQkTJlRgJRXats1weWqjRG18Zk.jpg", "visibility": "public"}, {"height": 640, "source": {"url": "http://instagram.com", "name": "Instagram"}, "width": 640, "prefix": "https://igx.4sqi.net/img/general/", "createdAt": 1413721343, "id": "5443acff498e24486f06389c", "venue": {"venueRatingBlacklisted": true, "like": false, "location": {"city": "Singapore", "lng": 103.81144523620605, "cc": "SG", "country": "Singapore", "lat": 1.3610608627797531, "address": "MacRitchie Reservoir Park", "labeledLatLngs": [{"label": "display", "lat": 1.3610608627797531, "lng": 103.81144523620605}], "formattedAddress": ["MacRitchie Reservoir Park", "Singapore"]}, "categories": [{"icon": {"prefix": "https://ss3.4sqi.net/img/categories_v2/parks_outdoors/bridge_", "suffix": ".png"}, "name": "Bridge", "id": "4bf58dd8d48988d1df941735", "pluralName": "Bridges", "primary": true, "shortName": "Bridge"}], "verified": false, "contact": {}, "beenHere": {"lastCheckinExpiredAt": 0}, "stats": {"tipCount": 26, "usersCount": 1841, "checkinsCount": 2306}, "id": "4b058810f964a52066af22e3", "name": "HSBC TreeTop Walk"}, "suffix": "/1078846_SDTOHi9iDN6NdVlCXggBDpTdCX5LLC4s7b5fEdYJIHI.jpg", "visibility": "public"}, {"height": 640, "source": {"url": "http://instagram.com", "name": "Instagram"}, "width": 640, "prefix": "https://igx.4sqi.net/img/general/", "createdAt": 1413721199, "id": "5443ac6f498ef324af6e19a3", "venue": {"venueRatingBlacklisted": true, "like": false, "location": {"isFuzzed": true, "cc": "SG", "country": "Singapore", "lat": 1.340625862508555, "lng": 103.8390162070228, "formattedAddress": ["Singapore"]}, "categories": [{"icon": {"prefix": "https://ss3.4sqi.net/img/categories_v2/building/home_", "suffix": ".png"}, "name": "Home (private)", "id": "4bf58dd8d48988d103941735", "pluralName": "Homes (private)", "primary": true, "shortName": "Home"}], "verified": false, "contact": {}, "beenHere": {"lastCheckinExpiredAt": 0}, "stats": {"tipCount": 0, "usersCount": 34, "checkinsCount": 37}, "id": "4e47044162845e1d3c9a772c", "name": "Mac ritchie Reservoir"}, "suffix": "/1078846_VtFXD3Q1Xb6pZSwCrwapwCUFzVVq9YhZ3UrjCjUO8io.jpg", "visibility": "public"}, {"height": 640, "source": {"url": "http://instagram.com", "name": "Instagram"}, "width": 640, "prefix": "https://igx.4sqi.net/img/general/", "createdAt": 1413720993, "id": "5443aba1498ea66282e1c653", "venue": {"venueRatingBlacklisted": true, "like": false, "location": {"isFuzzed": true, "cc": "SG", "country": "Singapore", "lat": 1.340625862508555, "lng": 103.8390162070228, "formattedAddress": ["Singapore"]}, "categories": [{"icon": {"prefix": "https://ss3.4sqi.net/img/categories_v2/building/home_", "suffix": ".png"}, "name": "Home (private)", "id": "4bf58dd8d48988d103941735", "pluralName": "Homes (private)", "primary": true, "shortName": "Home"}], "verified": false, "contact": {}, "beenHere": {"lastCheckinExpiredAt": 0}, "stats": {"tipCount": 0, "usersCount": 34, "checkinsCount": 37}, "id": "4e47044162845e1d3c9a772c", "name": "Mac ritchie Reservoir"}, "suffix": "/1078846_6g_-NpXuSBy-Waqso9_f6plzxFjJk1VKeiBBSiqoCNA.jpg", "visibility": "public"}, {"height": 640, "source": {"url": "http://instagram.com", "name": "Instagram"}, "width": 640, "prefix": "https://igx.4sqi.net/img/general/", "createdAt": 1412568314, "id": "543214fa498e4aa0ef493fc8", "venue": {"url": "http://www.catcafe.com.sg", "like": false, "location": {"formattedAddress": ["2/F 54A Boat Quay", "049843", "Singapore"], "city": "Singapore", "lng": 103.84926438331604, "cc": "SG", "country": "Singapore", "lat": 1.287164289529153, "address": "2/F 54A Boat Quay", "labeledLatLngs": [{"label": "display", "lat": 1.287164289529153, "lng": 103.84926438331604}], "postalCode": "049843"}, "categories": [{"icon": {"prefix": "https://ss3.4sqi.net/img/categories_v2/parks_outdoors/dogrun_", "suffix": ".png"}, "name": "Pet Caf\u00e9", "id": "56aa371be4b08b9a8d573508", "pluralName": "Pet Caf\u00e9s", "primary": true, "shortName": "Pet Caf\u00e9"}], "verified": false, "contact": {"formattedPhone": "+65 6536 5319", "phone": "+6565365319"}, "allowMenuUrlEdit": true, "stats": {"tipCount": 21, "usersCount": 616, "checkinsCount": 747}, "id": "5270f932498e3ff3a9e981dc", "name": "Cat Caf\u00e9 Neko no Niwa", "beenHere": {"lastCheckinExpiredAt": 0}}, "suffix": "/1078846_FAqosgwqCopthURd4bnTqhvnPfLgI-3lTh4SssL0OqE.jpg", "visibility": "public"}, {"height": 640, "source": {"url": "http://instagram.com", "name": "Instagram"}, "width": 640, "prefix": "https://igx.4sqi.net/img/general/", "createdAt": 1412568032, "id": "543213e0498ea27c09c23e16", "venue": {"url": "http://www.catcafe.com.sg", "like": false, "location": {"formattedAddress": ["2/F 54A Boat Quay", "049843", "Singapore"], "city": "Singapore", "lng": 103.84926438331604, "cc": "SG", "country": "Singapore", "lat": 1.287164289529153, "address": "2/F 54A Boat Quay", "labeledLatLngs": [{"label": "display", "lat": 1.287164289529153, "lng": 103.84926438331604}], "postalCode": "049843"}, "categories": [{"icon": {"prefix": "https://ss3.4sqi.net/img/categories_v2/parks_outdoors/dogrun_", "suffix": ".png"}, "name": "Pet Caf\u00e9", "id": "56aa371be4b08b9a8d573508", "pluralName": "Pet Caf\u00e9s", "primary": true, "shortName": "Pet Caf\u00e9"}], "verified": false, "contact": {"formattedPhone": "+65 6536 5319", "phone": "+6565365319"}, "allowMenuUrlEdit": true, "stats": {"tipCount": 21, "usersCount": 616, "checkinsCount": 747}, "id": "5270f932498e3ff3a9e981dc", "name": "Cat Caf\u00e9 Neko no Niwa", "beenHere": {"lastCheckinExpiredAt": 0}}, "suffix": "/1078846_PZpPv_PiUR7TXrpWIk2PdtGCNAXFFaGI8xffiaEeepw.jpg", "visibility": "public"}, {"height": 640, "source": {"url": "http://instagram.com", "name": "Instagram"}, "width": 640, "prefix": "https://igx.4sqi.net/img/general/", "createdAt": 1412538136, "id": "54319f18498eac70c4f67935", "venue": {"url": "http://www.catcafe.com.sg", "like": false, "location": {"formattedAddress": ["2/F 54A Boat Quay", "049843", "Singapore"], "city": "Singapore", "lng": 103.84926438331604, "cc": "SG", "country": "Singapore", "lat": 1.287164289529153, "address": "2/F 54A Boat Quay", "labeledLatLngs": [{"label": "display", "lat": 1.287164289529153, "lng": 103.84926438331604}], "postalCode": "049843"}, "categories": [{"icon": {"prefix": "https://ss3.4sqi.net/img/categories_v2/parks_outdoors/dogrun_", "suffix": ".png"}, "name": "Pet Caf\u00e9", "id": "56aa371be4b08b9a8d573508", "pluralName": "Pet Caf\u00e9s", "primary": true, "shortName": "Pet Caf\u00e9"}], "verified": false, "contact": {"formattedPhone": "+65 6536 5319", "phone": "+6565365319"}, "allowMenuUrlEdit": true, "stats": {"tipCount": 21, "usersCount": 616, "checkinsCount": 747}, "id": "5270f932498e3ff3a9e981dc", "name": "Cat Caf\u00e9 Neko no Niwa", "beenHere": {"lastCheckinExpiredAt": 0}}, "suffix": "/1078846_4SAdULTxLWPm6u3Zrpo2XcE7cu-P99g2Sft8YKzAv-w.jpg", "visibility": "public"}, {"height": 640, "source": {"url": "http://instagram.com", "name": "Instagram"}, "width": 640, "prefix": "https://igx.4sqi.net/img/general/", "createdAt": 1412524912, "id": "54316b70498eebe45aabd56c", "venue": {"url": "http://www.catcafe.com.sg", "like": false, "location": {"formattedAddress": ["2/F 54A Boat Quay", "049843", "Singapore"], "city": "Singapore", "lng": 103.84926438331604, "cc": "SG", "country": "Singapore", "lat": 1.287164289529153, "address": "2/F 54A Boat Quay", "labeledLatLngs": [{"label": "display", "lat": 1.287164289529153, "lng": 103.84926438331604}], "postalCode": "049843"}, "categories": [{"icon": {"prefix": "https://ss3.4sqi.net/img/categories_v2/parks_outdoors/dogrun_", "suffix": ".png"}, "name": "Pet Caf\u00e9", "id": "56aa371be4b08b9a8d573508", "pluralName": "Pet Caf\u00e9s", "primary": true, "shortName": "Pet Caf\u00e9"}], "verified": false, "contact": {"formattedPhone": "+65 6536 5319", "phone": "+6565365319"}, "allowMenuUrlEdit": true, "stats": {"tipCount": 21, "usersCount": 616, "checkinsCount": 747}, "id": "5270f932498e3ff3a9e981dc", "name": "Cat Caf\u00e9 Neko no Niwa", "beenHere": {"lastCheckinExpiredAt": 0}}, "suffix": "/1078846_ONNDUEmyJefuMnJAohvlTlobe3x8DJQHtv3lgvCdghM.jpg", "visibility": "public"}, {"height": 640, "source": {"url": "http://instagram.com", "name": "Instagram"}, "width": 640, "prefix": "https://irs0.4sqi.net/img/general/", "createdAt": 1412490724, "id": "5430e5e4498e118c3915ef67", "venue": {"like": false, "location": {"formattedAddress": ["Blk 1 Everton Park. #01-27.", "081001", "Singapore"], "city": "Singapore", "lng": 103.84025884749269, "cc": "SG", "country": "Singapore", "lat": 1.2777234787473022, "address": "Blk 1 Everton Park. #01-27.", "labeledLatLngs": [{"label": "display", "lat": 1.2777234787473022, "lng": 103.84025884749269}], "postalCode": "081001"}, "categories": [{"icon": {"prefix": "https://ss3.4sqi.net/img/categories_v2/food/cafe_", "suffix": ".png"}, "name": "Caf\u00e9", "id": "4bf58dd8d48988d16d941735", "pluralName": "Caf\u00e9s", "primary": true, "shortName": "Caf\u00e9"}], "verified": false, "contact": {"formattedPhone": "+65 6225 8115", "twitter": "jwceverton", "phone": "+6562258115"}, "allowMenuUrlEdit": true, "stats": {"tipCount": 17, "usersCount": 469, "checkinsCount": 831}, "id": "50beed74e4b0b1f5d5b7dfb6", "name": "Just Want Coffee", "beenHere": {"lastCheckinExpiredAt": 0}}, "suffix": "/1078846_r9zl1Hco_RcqKAL3zlqkckDJ7qhu8Vn8M1QEg8SRvTk.jpg", "visibility": "public"}, {"height": 640, "source": {"url": "http://instagram.com", "name": "Instagram"}, "width": 640, "prefix": "https://igx.4sqi.net/img/general/", "createdAt": 1412474610, "id": "5430a6f2498e118c3914463f", "venue": {"url": "http://www.catcafe.com.sg", "like": false, "location": {"formattedAddress": ["2/F 54A Boat Quay", "049843", "Singapore"], "city": "Singapore", "lng": 103.84926438331604, "cc": "SG", "country": "Singapore", "lat": 1.287164289529153, "address": "2/F 54A Boat Quay", "labeledLatLngs": [{"label": "display", "lat": 1.287164289529153, "lng": 103.84926438331604}], "postalCode": "049843"}, "categories": [{"icon": {"prefix": "https://ss3.4sqi.net/img/categories_v2/parks_outdoors/dogrun_", "suffix": ".png"}, "name": "Pet Caf\u00e9", "id": "56aa371be4b08b9a8d573508", "pluralName": "Pet Caf\u00e9s", "primary": true, "shortName": "Pet Caf\u00e9"}], "verified": false, "contact": {"formattedPhone": "+65 6536 5319", "phone": "+6565365319"}, "allowMenuUrlEdit": true, "stats": {"tipCount": 21, "usersCount": 616, "checkinsCount": 747}, "id": "5270f932498e3ff3a9e981dc", "name": "Cat Caf\u00e9 Neko no Niwa", "beenHere": {"lastCheckinExpiredAt": 0}}, "suffix": "/1078846_UdBi8LrLqpIUZBTCOXqztjawOmc3yhYho-ZFJBKleTU.jpg", "visibility": "public"}, {"height": 640, "source": {"url": "http://instagram.com", "name": "Instagram"}, "width": 640, "prefix": "https://igx.4sqi.net/img/general/", "createdAt": 1412474051, "id": "5430a4c311d267fe3d46e7f9", "venue": {"url": "http://www.catcafe.com.sg", "like": false, "location": {"formattedAddress": ["2/F 54A Boat Quay", "049843", "Singapore"], "city": "Singapore", "lng": 103.84926438331604, "cc": "SG", "country": "Singapore", "lat": 1.287164289529153, "address": "2/F 54A Boat Quay", "labeledLatLngs": [{"label": "display", "lat": 1.287164289529153, "lng": 103.84926438331604}], "postalCode": "049843"}, "categories": [{"icon": {"prefix": "https://ss3.4sqi.net/img/categories_v2/parks_outdoors/dogrun_", "suffix": ".png"}, "name": "Pet Caf\u00e9", "id": "56aa371be4b08b9a8d573508", "pluralName": "Pet Caf\u00e9s", "primary": true, "shortName": "Pet Caf\u00e9"}], "verified": false, "contact": {"formattedPhone": "+65 6536 5319", "phone": "+6565365319"}, "allowMenuUrlEdit": true, "stats": {"tipCount": 21, "usersCount": 616, "checkinsCount": 747}, "id": "5270f932498e3ff3a9e981dc", "name": "Cat Caf\u00e9 Neko no Niwa", "beenHere": {"lastCheckinExpiredAt": 0}}, "suffix": "/1078846_tcY_dffAUVW-nIvvdh0rHVmiDtJuAkDwgc_tJ-MC_nU.jpg", "visibility": "public"}, {"height": 640, "source": {"url": "http://instagram.com", "name": "Instagram"}, "width": 640, "prefix": "https://igx.4sqi.net/img/general/", "createdAt": 1412468145, "id": "54308db1498e0724c621d4e9", "venue": {"url": "http://www.catcafe.com.sg", "like": false, "location": {"formattedAddress": ["2/F 54A Boat Quay", "049843", "Singapore"], "city": "Singapore", "lng": 103.84926438331604, "cc": "SG", "country": "Singapore", "lat": 1.287164289529153, "address": "2/F 54A Boat Quay", "labeledLatLngs": [{"label": "display", "lat": 1.287164289529153, "lng": 103.84926438331604}], "postalCode": "049843"}, "categories": [{"icon": {"prefix": "https://ss3.4sqi.net/img/categories_v2/parks_outdoors/dogrun_", "suffix": ".png"}, "name": "Pet Caf\u00e9", "id": "56aa371be4b08b9a8d573508", "pluralName": "Pet Caf\u00e9s", "primary": true, "shortName": "Pet Caf\u00e9"}], "verified": false, "contact": {"formattedPhone": "+65 6536 5319", "phone": "+6565365319"}, "allowMenuUrlEdit": true, "stats": {"tipCount": 21, "usersCount": 616, "checkinsCount": 747}, "id": "5270f932498e3ff3a9e981dc", "name": "Cat Caf\u00e9 Neko no Niwa", "beenHere": {"lastCheckinExpiredAt": 0}}, "suffix": "/1078846_hh7aTWPMV_aeBI1IDDskD0RgFGhiD-C6q6dm6Ef_CLw.jpg", "visibility": "public"}, {"height": 640, "source": {"url": "http://instagram.com", "name": "Instagram"}, "width": 640, "prefix": "https://igx.4sqi.net/img/general/", "createdAt": 1412452836, "id": "543051e4498edddb3233060b", "venue": {"url": "http://www.catcafe.com.sg", "like": false, "location": {"formattedAddress": ["2/F 54A Boat Quay", "049843", "Singapore"], "city": "Singapore", "lng": 103.84926438331604, "cc": "SG", "country": "Singapore", "lat": 1.287164289529153, "address": "2/F 54A Boat Quay", "labeledLatLngs": [{"label": "display", "lat": 1.287164289529153, "lng": 103.84926438331604}], "postalCode": "049843"}, "categories": [{"icon": {"prefix": "https://ss3.4sqi.net/img/categories_v2/parks_outdoors/dogrun_", "suffix": ".png"}, "name": "Pet Caf\u00e9", "id": "56aa371be4b08b9a8d573508", "pluralName": "Pet Caf\u00e9s", "primary": true, "shortName": "Pet Caf\u00e9"}], "verified": false, "contact": {"formattedPhone": "+65 6536 5319", "phone": "+6565365319"}, "allowMenuUrlEdit": true, "stats": {"tipCount": 21, "usersCount": 616, "checkinsCount": 747}, "id": "5270f932498e3ff3a9e981dc", "name": "Cat Caf\u00e9 Neko no Niwa", "beenHere": {"lastCheckinExpiredAt": 0}}, "suffix": "/1078846_uxMD7usLgxH538d7wmSNhpHiOvIUdESnFu6Z44A3NPw.jpg", "visibility": "public"}, {"height": 640, "source": {"url": "http://instagram.com", "name": "Instagram"}, "width": 640, "prefix": "https://igx.4sqi.net/img/general/", "createdAt": 1412417841, "id": "542fc93111d206e42a6082d9", "venue": {"url": "http://www.catcafe.com.sg", "like": false, "location": {"formattedAddress": ["2/F 54A Boat Quay", "049843", "Singapore"], "city": "Singapore", "lng": 103.84926438331604, "cc": "SG", "country": "Singapore", "lat": 1.287164289529153, "address": "2/F 54A Boat Quay", "labeledLatLngs": [{"label": "display", "lat": 1.287164289529153, "lng": 103.84926438331604}], "postalCode": "049843"}, "categories": [{"icon": {"prefix": "https://ss3.4sqi.net/img/categories_v2/parks_outdoors/dogrun_", "suffix": ".png"}, "name": "Pet Caf\u00e9", "id": "56aa371be4b08b9a8d573508", "pluralName": "Pet Caf\u00e9s", "primary": true, "shortName": "Pet Caf\u00e9"}], "verified": false, "contact": {"formattedPhone": "+65 6536 5319", "phone": "+6565365319"}, "allowMenuUrlEdit": true, "stats": {"tipCount": 21, "usersCount": 616, "checkinsCount": 747}, "id": "5270f932498e3ff3a9e981dc", "name": "Cat Caf\u00e9 Neko no Niwa", "beenHere": {"lastCheckinExpiredAt": 0}}, "suffix": "/1078846_p94yV4ZYazuBv2qScXus9hIigT2ZeDMJ_Uey_NykxDY.jpg", "visibility": "public"}, {"height": 640, "source": {"url": "http://instagram.com", "name": "Instagram"}, "width": 640, "prefix": "https://igx.4sqi.net/img/general/", "createdAt": 1412417243, "id": "542fc6db498efcc4b4d77e60", "venue": {"url": "http://www.catcafe.com.sg", "like": false, "location": {"formattedAddress": ["2/F 54A Boat Quay", "049843", "Singapore"], "city": "Singapore", "lng": 103.84926438331604, "cc": "SG", "country": "Singapore", "lat": 1.287164289529153, "address": "2/F 54A Boat Quay", "labeledLatLngs": [{"label": "display", "lat": 1.287164289529153, "lng": 103.84926438331604}], "postalCode": "049843"}, "categories": [{"icon": {"prefix": "https://ss3.4sqi.net/img/categories_v2/parks_outdoors/dogrun_", "suffix": ".png"}, "name": "Pet Caf\u00e9", "id": "56aa371be4b08b9a8d573508", "pluralName": "Pet Caf\u00e9s", "primary": true, "shortName": "Pet Caf\u00e9"}], "verified": false, "contact": {"formattedPhone": "+65 6536 5319", "phone": "+6565365319"}, "allowMenuUrlEdit": true, "stats": {"tipCount": 21, "usersCount": 616, "checkinsCount": 747}, "id": "5270f932498e3ff3a9e981dc", "name": "Cat Caf\u00e9 Neko no Niwa", "beenHere": {"lastCheckinExpiredAt": 0}}, "suffix": "/1078846_8Ci0LUUkveJuY0plWQQuM0wTZlCPtajtT-zvHTWG7S8.jpg", "visibility": "public"}, {"height": 640, "source": {"url": "http://instagram.com", "name": "Instagram"}, "width": 640, "prefix": "https://igx.4sqi.net/img/general/", "createdAt": 1412416999, "id": "542fc5e7498ed2c16b947396", "venue": {"url": "http://www.catcafe.com.sg", "like": false, "location": {"formattedAddress": ["2/F 54A Boat Quay", "049843", "Singapore"], "city": "Singapore", "lng": 103.84926438331604, "cc": "SG", "country": "Singapore", "lat": 1.287164289529153, "address": "2/F 54A Boat Quay", "labeledLatLngs": [{"label": "display", "lat": 1.287164289529153, "lng": 103.84926438331604}], "postalCode": "049843"}, "categories": [{"icon": {"prefix": "https://ss3.4sqi.net/img/categories_v2/parks_outdoors/dogrun_", "suffix": ".png"}, "name": "Pet Caf\u00e9", "id": "56aa371be4b08b9a8d573508", "pluralName": "Pet Caf\u00e9s", "primary": true, "shortName": "Pet Caf\u00e9"}], "verified": false, "contact": {"formattedPhone": "+65 6536 5319", "phone": "+6565365319"}, "allowMenuUrlEdit": true, "stats": {"tipCount": 21, "usersCount": 616, "checkinsCount": 747}, "id": "5270f932498e3ff3a9e981dc", "name": "Cat Caf\u00e9 Neko no Niwa", "beenHere": {"lastCheckinExpiredAt": 0}}, "suffix": "/1078846_NIIePEchwVpuw780UgC2a3xLa64N-MFM8qYu9BJYH8o.jpg", "visibility": "public"}, {"height": 640, "source": {"url": "http://instagram.com", "name": "Instagram"}, "width": 640, "prefix": "https://igx.4sqi.net/img/general/", "createdAt": 1412399608, "id": "542f81f8498e17c36b4cfba9", "venue": {"like": false, "location": {"formattedAddress": ["106 Clementi Street 12. #01-64 (Sunset Way)", "120106", "Singapore"], "city": "Clementi", "lng": 103.7702465057373, "cc": "SG", "country": "Singapore", "crossStreet": "Sunset Way", "lat": 1.3219757008475947, "address": "106 Clementi Street 12. #01-64", "labeledLatLngs": [{"label": "display", "lat": 1.3219757008475947, "lng": 103.7702465057373}], "postalCode": "120106"}, "categories": [{"icon": {"prefix": "https://ss3.4sqi.net/img/categories_v2/food/japanese_", "suffix": ".png"}, "name": "Japanese Restaurant", "id": "4bf58dd8d48988d111941735", "pluralName": "Japanese Restaurants", "primary": true, "shortName": "Japanese"}], "verified": false, "contact": {"formattedPhone": "+65 6779 1411", "phone": "+6567791411"}, "allowMenuUrlEdit": true, "stats": {"tipCount": 23, "usersCount": 491, "checkinsCount": 1327}, "id": "4ba8b0eef964a52053e739e3", "name": "Megumi Japanese Restaurant", "beenHere": {"lastCheckinExpiredAt": 0}}, "suffix": "/1078846_wY9QGTLunQ69bKRNRHFsWHq2gxy-sHz12a-AtnT_N3U.jpg", "visibility": "public"}, {"height": 2448, "source": {"url": "https://foursquare.com/download/#/android", "name": "Foursquare for Android"}, "tip": {"agreeCount": 1, "canonicalUrl": "https://foursquare.com/item/54200c4d498e040d4e3a394e", "todo": {"count": 0}, "logView": true, "disagreeCount": 0, "createdAt": 1411386445, "id": "54200c4d498e040d4e3a394e", "text": "Caf\u00e9 with cats, coffee, soft drinks & patisserie.", "likes": {"groups": [{"items": [{"photo": {"prefix": "https://igx.4sqi.net/img/user/", "suffix": "/96029229-LWOP5FUAMOXNZYCO.jpg"}, "id": "96029229", "firstName": "Emmie", "gender": "female", "lastName": "Devine"}], "count": 1, "type": "others"}], "count": 1, "summary": "1 like"}, "like": false, "type": "user"}, "width": 2448, "prefix": "https://igx.4sqi.net/img/general/", "createdAt": 1411386480, "id": "54200c70498e4bfb6f28f611", "venue": {"location": {"formattedAddress": ["241B Victoria Street Level 3", "188030", "Singapore"], "city": "Singapore", "lng": 103.85540355727072, "cc": "SG", "country": "Singapore", "lat": 1.3002208642822655, "address": "241B Victoria Street Level 3", "labeledLatLngs": [{"label": "display", "lat": 1.3002208642822655, "lng": 103.85540355727072}], "postalCode": "188030"}, "contact": {"twitter": "sgcatcafe", "facebookName": "The Cat Cafe", "formattedPhone": "+65 6338 6815", "phone": "+6563386815", "facebookUsername": "sgcatcafe", "facebook": "236009259889884"}, "verified": true, "allowMenuUrlEdit": true, "stats": {"tipCount": 11, "usersCount": 529, "checkinsCount": 598}, "id": "539eebf8498e792cf126cb26", "url": "http://thecatcafe.sg", "like": false, "categories": [{"icon": {"prefix": "https://ss3.4sqi.net/img/categories_v2/parks_outdoors/dogrun_", "suffix": ".png"}, "name": "Pet Caf\u00e9", "id": "56aa371be4b08b9a8d573508", "pluralName": "Pet Caf\u00e9s", "primary": true, "shortName": "Pet Caf\u00e9"}], "beenHere": {"lastCheckinExpiredAt": 0}, "name": "TheCatCafe", "venuePage": {"id": "88302023"}}, "suffix": "/1078846_zWuXbLGM5xUFlYTixr3QgTp4oXhC8ra0rNAtVaD9nl4.jpg", "visibility": "public"}, {"height": 640, "source": {"url": "http://instagram.com", "name": "Instagram"}, "width": 640, "prefix": "https://igx.4sqi.net/img/general/", "createdAt": 1410887524, "id": "54186f64498ec5c5553f022d", "venue": {"venueRatingBlacklisted": true, "like": false, "location": {"city": "Singapore", "lng": 103.91065780288191, "cc": "SG", "country": "Singapore", "crossStreet": "At the end of Punggol Road", "lat": 1.4214349286948182, "address": "Punggol Road", "labeledLatLngs": [{"label": "display", "lat": 1.4214349286948182, "lng": 103.91065780288191}], "formattedAddress": ["Punggol Road (At the end of Punggol Road)", "Singapore"]}, "categories": [{"icon": {"prefix": "https://ss3.4sqi.net/img/categories_v2/travel/ferry_pier_", "suffix": ".png"}, "name": "Pier", "id": "4e74f6cabd41c4836eac4c31", "pluralName": "Piers", "primary": true, "shortName": "Piers"}], "verified": false, "contact": {}, "beenHere": {"lastCheckinExpiredAt": 0}, "stats": {"tipCount": 12, "usersCount": 2037, "checkinsCount": 3560}, "id": "4bd278fc462cb7137990dc07", "name": "Punggol Jetty"}, "suffix": "/1078846_An0jgNAVRVP6lojGzkB9q_3oBD-8QW7_BGJfh4QEee0.jpg", "visibility": "public"}, {"height": 640, "source": {"url": "http://instagram.com", "name": "Instagram"}, "width": 640, "prefix": "https://igx.4sqi.net/img/general/", "createdAt": 1410887384, "id": "54186ed8498ea9f6050980ba", "venue": {"venueRatingBlacklisted": true, "like": false, "location": {"city": "Singapore", "lng": 103.91065780288191, "cc": "SG", "country": "Singapore", "crossStreet": "At the end of Punggol Road", "lat": 1.4214349286948182, "address": "Punggol Road", "labeledLatLngs": [{"label": "display", "lat": 1.4214349286948182, "lng": 103.91065780288191}], "formattedAddress": ["Punggol Road (At the end of Punggol Road)", "Singapore"]}, "categories": [{"icon": {"prefix": "https://ss3.4sqi.net/img/categories_v2/travel/ferry_pier_", "suffix": ".png"}, "name": "Pier", "id": "4e74f6cabd41c4836eac4c31", "pluralName": "Piers", "primary": true, "shortName": "Piers"}], "verified": false, "contact": {}, "beenHere": {"lastCheckinExpiredAt": 0}, "stats": {"tipCount": 12, "usersCount": 2037, "checkinsCount": 3560}, "id": "4bd278fc462cb7137990dc07", "name": "Punggol Jetty"}, "suffix": "/1078846_QSsG-QCRljqOfxIXZ1DjbC38bP0ee_Yg-pGEQE3Os2g.jpg", "visibility": "public"}, {"height": 640, "source": {"url": "http://instagram.com", "name": "Instagram"}, "width": 640, "prefix": "https://igx.4sqi.net/img/general/", "createdAt": 1410887125, "id": "54186dd5498ef446c1792429", "venue": {"venueRatingBlacklisted": true, "like": false, "location": {"city": "Singapore", "lng": 103.91065780288191, "cc": "SG", "country": "Singapore", "crossStreet": "At the end of Punggol Road", "lat": 1.4214349286948182, "address": "Punggol Road", "labeledLatLngs": [{"label": "display", "lat": 1.4214349286948182, "lng": 103.91065780288191}], "formattedAddress": ["Punggol Road (At the end of Punggol Road)", "Singapore"]}, "categories": [{"icon": {"prefix": "https://ss3.4sqi.net/img/categories_v2/travel/ferry_pier_", "suffix": ".png"}, "name": "Pier", "id": "4e74f6cabd41c4836eac4c31", "pluralName": "Piers", "primary": true, "shortName": "Piers"}], "verified": false, "contact": {}, "beenHere": {"lastCheckinExpiredAt": 0}, "stats": {"tipCount": 12, "usersCount": 2037, "checkinsCount": 3560}, "id": "4bd278fc462cb7137990dc07", "name": "Punggol Jetty"}, "suffix": "/1078846_HqqZgYejxceOrdeisRDqm5Fb_FIt6qJl9v0O9SdE8e8.jpg", "visibility": "public"}, {"height": 640, "source": {"url": "http://instagram.com", "name": "Instagram"}, "width": 640, "prefix": "https://igx.4sqi.net/img/general/", "createdAt": 1410886939, "id": "54186d1b498ea1012726865b", "venue": {"like": false, "location": {"cc": "SG", "country": "Singapore", "lat": 1.416047, "lng": 103.898793, "labeledLatLngs": [{"label": "display", "lat": 1.416047, "lng": 103.898793}], "formattedAddress": ["Singapore"]}, "categories": [{"icon": {"prefix": "https://ss3.4sqi.net/img/categories_v2/food/steakhouse_", "suffix": ".png"}, "name": "Steakhouse", "id": "4bf58dd8d48988d1cc941735", "pluralName": "Steakhouses", "primary": true, "shortName": "Steakhouse"}], "verified": false, "contact": {}, "allowMenuUrlEdit": true, "stats": {"tipCount": 3, "usersCount": 117, "checkinsCount": 276}, "id": "4d53c49a65586ea89dd96ec8", "name": "Channel Sam", "beenHere": {"lastCheckinExpiredAt": 0}}, "suffix": "/1078846_dM6ckBxU-IyXB_2hHCwaVaAJ0i2rBKK7qFez-HheMm4.jpg", "visibility": "public"}, {"height": 640, "source": {"url": "http://instagram.com", "name": "Instagram"}, "width": 640, "prefix": "https://igx.4sqi.net/img/general/", "createdAt": 1410886795, "id": "54186c8b498e7eb128a8db6c", "venue": {"like": false, "location": {"cc": "SG", "country": "Singapore", "lat": 1.416047, "lng": 103.898793, "labeledLatLngs": [{"label": "display", "lat": 1.416047, "lng": 103.898793}], "formattedAddress": ["Singapore"]}, "categories": [{"icon": {"prefix": "https://ss3.4sqi.net/img/categories_v2/food/steakhouse_", "suffix": ".png"}, "name": "Steakhouse", "id": "4bf58dd8d48988d1cc941735", "pluralName": "Steakhouses", "primary": true, "shortName": "Steakhouse"}], "verified": false, "contact": {}, "allowMenuUrlEdit": true, "stats": {"tipCount": 3, "usersCount": 117, "checkinsCount": 276}, "id": "4d53c49a65586ea89dd96ec8", "name": "Channel Sam", "beenHere": {"lastCheckinExpiredAt": 0}}, "suffix": "/1078846_wJp1qOC2k6H8NW84pg0i9v2FQzSvU9tujlitT3Fu-1E.jpg", "visibility": "public"}, {"height": 2448, "source": {"url": "https://foursquare.com/download/#/android", "name": "Foursquare for Android"}, "tip": {"agreeCount": 1, "canonicalUrl": "https://foursquare.com/item/5402087e498e19691d43b7b3", "todo": {"count": 0}, "logView": true, "disagreeCount": 0, "createdAt": 1409419390, "id": "5402087e498e19691d43b7b3", "text": "Must try their beef bulgogi & steamed egg!", "likes": {"groups": [{"items": [{"photo": {"default": true, "prefix": "https://igx.4sqi.net/img/user/", "suffix": "/blank_girl.png"}, "id": "4692006", "firstName": "Joan", "gender": "female", "lastName": "Lee"}], "count": 1, "type": "others"}], "count": 1, "summary": "1 like"}, "like": false, "type": "user"}, "width": 2448, "prefix": "https://igx.4sqi.net/img/general/", "createdAt": 1409419396, "id": "54020884498e31d60fb2795e", "venue": {"like": false, "location": {"city": "Singapore", "lng": 103.84832637998483, "cc": "SG", "country": "Singapore", "lat": 1.2813630068381314, "address": "17 Boon Tat Street", "labeledLatLngs": [{"label": "display", "lat": 1.2813630068381314, "lng": 103.84832637998483}], "formattedAddress": ["17 Boon Tat Street", "Singapore"]}, "categories": [{"icon": {"prefix": "https://ss3.4sqi.net/img/categories_v2/food/korean_", "suffix": ".png"}, "name": "Korean Restaurant", "id": "4bf58dd8d48988d113941735", "pluralName": "Korean Restaurants", "primary": true, "shortName": "Korean"}], "verified": false, "contact": {}, "allowMenuUrlEdit": true, "stats": {"tipCount": 11, "usersCount": 402, "checkinsCount": 703}, "id": "4d89a9f7bc848cfafa7cc72b", "name": "Dal In Korean Restaurant", "beenHere": {"lastCheckinExpiredAt": 0}}, "suffix": "/1078846_udLre7Q5cKbjJIO-j-GABdPX-zE1ZRDpIBLdTBw3qbA.jpg", "visibility": "public"}, {"height": 640, "source": {"url": "http://instagram.com", "name": "Instagram"}, "width": 640, "prefix": "https://igx.4sqi.net/img/general/", "createdAt": 1409117035, "id": "53fd6b6b498e5b3052e749a2", "venue": {"url": "http://www.afteryoudessertcafe.com", "like": false, "location": {"formattedAddress": ["CentralWorld (7th Fl)", "\u0e1b\u0e17\u0e38\u0e21\u0e27\u0e31\u0e19", "\u0e01\u0e23\u0e38\u0e07\u0e40\u0e17\u0e1e\u0e21\u0e2b\u0e32\u0e19\u0e04\u0e23 10330", "\u0e1b\u0e23\u0e30\u0e40\u0e17\u0e28\u0e44\u0e17\u0e22"], "city": "\u0e1b\u0e17\u0e38\u0e21\u0e27\u0e31\u0e19", "lng": 100.53941454853666, "cc": "TH", "state": "\u0e01\u0e23\u0e38\u0e07\u0e40\u0e17\u0e1e\u0e21\u0e2b\u0e32\u0e19\u0e04\u0e23", "crossStreet": "7th Fl", "lat": 13.746514980554963, "address": "CentralWorld", "labeledLatLngs": [{"label": "display", "lat": 13.746514980554963, "lng": 100.53941454853666}], "postalCode": "10330", "country": "\u0e1b\u0e23\u0e30\u0e40\u0e17\u0e28\u0e44\u0e17\u0e22"}, "categories": [{"icon": {"prefix": "https://ss3.4sqi.net/img/categories_v2/food/dessert_", "suffix": ".png"}, "name": "Dessert Shop", "id": "4bf58dd8d48988d1d0941735", "pluralName": "Dessert Shops", "primary": true, "shortName": "Desserts"}], "verified": false, "contact": {"formattedPhone": "+66 2 252 5434", "twitter": "afteryoucafe", "phone": "+6622525434", "instagram": "afteryoudessertcafe"}, "allowMenuUrlEdit": true, "stats": {"tipCount": 71, "usersCount": 8703, "checkinsCount": 11813}, "id": "5200e196498ef38aaf0d12a7", "name": "After You (\u0e2d\u0e32\u0e1f\u0e40\u0e15\u0e2d\u0e23\u0e4c \u0e22\u0e39)", "beenHere": {"lastCheckinExpiredAt": 0}}, "suffix": "/1078846_4TOvRuJXeoYFqPq1KlPuyrc_JkWkPSqi-nAqjh_9COA.jpg", "visibility": "public"}, {"height": 640, "source": {"url": "http://instagram.com", "name": "Instagram"}, "width": 640, "prefix": "https://igx.4sqi.net/img/general/", "createdAt": 1409116717, "id": "53fd6a2d11d2af6ce37bddfb", "venue": {"url": "http://www.afteryoudessertcafe.com", "like": false, "location": {"formattedAddress": ["CentralWorld (7th Fl)", "\u0e1b\u0e17\u0e38\u0e21\u0e27\u0e31\u0e19", "\u0e01\u0e23\u0e38\u0e07\u0e40\u0e17\u0e1e\u0e21\u0e2b\u0e32\u0e19\u0e04\u0e23 10330", "\u0e1b\u0e23\u0e30\u0e40\u0e17\u0e28\u0e44\u0e17\u0e22"], "city": "\u0e1b\u0e17\u0e38\u0e21\u0e27\u0e31\u0e19", "lng": 100.53941454853666, "cc": "TH", "state": "\u0e01\u0e23\u0e38\u0e07\u0e40\u0e17\u0e1e\u0e21\u0e2b\u0e32\u0e19\u0e04\u0e23", "crossStreet": "7th Fl", "lat": 13.746514980554963, "address": "CentralWorld", "labeledLatLngs": [{"label": "display", "lat": 13.746514980554963, "lng": 100.53941454853666}], "postalCode": "10330", "country": "\u0e1b\u0e23\u0e30\u0e40\u0e17\u0e28\u0e44\u0e17\u0e22"}, "categories": [{"icon": {"prefix": "https://ss3.4sqi.net/img/categories_v2/food/dessert_", "suffix": ".png"}, "name": "Dessert Shop", "id": "4bf58dd8d48988d1d0941735", "pluralName": "Dessert Shops", "primary": true, "shortName": "Desserts"}], "verified": false, "contact": {"formattedPhone": "+66 2 252 5434", "twitter": "afteryoucafe", "phone": "+6622525434", "instagram": "afteryoudessertcafe"}, "allowMenuUrlEdit": true, "stats": {"tipCount": 71, "usersCount": 8703, "checkinsCount": 11813}, "id": "5200e196498ef38aaf0d12a7", "name": "After You (\u0e2d\u0e32\u0e1f\u0e40\u0e15\u0e2d\u0e23\u0e4c \u0e22\u0e39)", "beenHere": {"lastCheckinExpiredAt": 0}}, "suffix": "/1078846_MFOg79scSrqb2xk0PP-Bz8-HZQ55QkBDa9nxtsSMg4s.jpg", "visibility": "public"}, {"height": 640, "source": {"url": "http://instagram.com", "name": "Instagram"}, "width": 640, "prefix": "https://igx.4sqi.net/img/general/", "createdAt": 1409116373, "id": "53fd68d5498ecc4243133672", "venue": {"url": "http://www.afteryoudessertcafe.com", "like": false, "location": {"formattedAddress": ["CentralWorld (7th Fl)", "\u0e1b\u0e17\u0e38\u0e21\u0e27\u0e31\u0e19", "\u0e01\u0e23\u0e38\u0e07\u0e40\u0e17\u0e1e\u0e21\u0e2b\u0e32\u0e19\u0e04\u0e23 10330", "\u0e1b\u0e23\u0e30\u0e40\u0e17\u0e28\u0e44\u0e17\u0e22"], "city": "\u0e1b\u0e17\u0e38\u0e21\u0e27\u0e31\u0e19", "lng": 100.53941454853666, "cc": "TH", "state": "\u0e01\u0e23\u0e38\u0e07\u0e40\u0e17\u0e1e\u0e21\u0e2b\u0e32\u0e19\u0e04\u0e23", "crossStreet": "7th Fl", "lat": 13.746514980554963, "address": "CentralWorld", "labeledLatLngs": [{"label": "display", "lat": 13.746514980554963, "lng": 100.53941454853666}], "postalCode": "10330", "country": "\u0e1b\u0e23\u0e30\u0e40\u0e17\u0e28\u0e44\u0e17\u0e22"}, "categories": [{"icon": {"prefix": "https://ss3.4sqi.net/img/categories_v2/food/dessert_", "suffix": ".png"}, "name": "Dessert Shop", "id": "4bf58dd8d48988d1d0941735", "pluralName": "Dessert Shops", "primary": true, "shortName": "Desserts"}], "verified": false, "contact": {"formattedPhone": "+66 2 252 5434", "twitter": "afteryoucafe", "phone": "+6622525434", "instagram": "afteryoudessertcafe"}, "allowMenuUrlEdit": true, "stats": {"tipCount": 71, "usersCount": 8703, "checkinsCount": 11813}, "id": "5200e196498ef38aaf0d12a7", "name": "After You (\u0e2d\u0e32\u0e1f\u0e40\u0e15\u0e2d\u0e23\u0e4c \u0e22\u0e39)", "beenHere": {"lastCheckinExpiredAt": 0}}, "suffix": "/1078846_ip_ehYem2j5cRIq9Wwxt9bXW1MRjyWEvUMRkBBMbBVU.jpg", "visibility": "public"}, {"height": 640, "source": {"url": "http://instagram.com", "name": "Instagram"}, "width": 640, "prefix": "https://igx.4sqi.net/img/general/", "createdAt": 1408806922, "id": "53f8b00a498ef1b720eb85a4", "venue": {"venueRatingBlacklisted": true, "like": false, "location": {"formattedAddress": ["\u0e08\u0e31\u0e07\u0e2b\u0e27\u0e31\u0e14\u0e1b\u0e23\u0e30\u0e08\u0e27\u0e1a\u0e04\u0e35\u0e23\u0e35\u0e02\u0e31\u0e19\u0e18\u0e4c 77110", "\u0e1b\u0e23\u0e30\u0e40\u0e17\u0e28\u0e44\u0e17\u0e22"], "state": "\u0e08\u0e31\u0e07\u0e2b\u0e27\u0e31\u0e14\u0e1b\u0e23\u0e30\u0e08\u0e27\u0e1a\u0e04\u0e35\u0e23\u0e35\u0e02\u0e31\u0e19\u0e18\u0e4c", "cc": "TH", "country": "\u0e1b\u0e23\u0e30\u0e40\u0e17\u0e28\u0e44\u0e17\u0e22", "lat": 12.571903986052762, "lng": 99.9554826606897, "postalCode": "77110"}, "categories": [{"icon": {"prefix": "https://ss3.4sqi.net/img/categories_v2/parks_outdoors/neighborhood_", "suffix": ".png"}, "name": "City", "id": "50aa9e094b90af0d42d5de0d", "pluralName": "Cities", "primary": true, "shortName": "City"}], "verified": false, "contact": {}, "beenHere": {"lastCheckinExpiredAt": 0}, "stats": {"tipCount": 78, "usersCount": 18449, "checkinsCount": 34446}, "id": "4bdd0718d33f2d7fbb268a3c", "name": "Amphoe Hua Hin (\u0e2d\u0e33\u0e40\u0e20\u0e2d\u0e2b\u0e31\u0e27\u0e2b\u0e34\u0e19)", "storeId": "4644568"}, "suffix": "/1078846_8NOJomjaa4Y2BeX46FOV2b4oZAyg1JBPTu1P7gj20jY.jpg", "visibility": "public"}], "count": 31}, "totalCount": 31}}