{"meta": {"code": 200, "requestId": "595ae78a1ed21919f834e54f"}, "notifications": [{"item": {"unreadCount": 0}, "type": "notificationTray"}], "response": {"photos": {"items": [{"height": 960, "source": {"url": "https://foursquare.com/download/#/android", "name": "Foursquare for Android"}, "width": 960, "prefix": "https://igx.4sqi.net/img/general/", "createdAt": 1380351036, "id": "52467c3c11d281a086f6ca4e", "venue": {"url": "http://www.qianhu.com", "like": false, "location": {"formattedAddress": ["71 Jalan Lekar", "698950", "Singapore"], "city": "Singapore", "lng": 103.72172452994042, "cc": "SG", "country": "Singapore", "lat": 1.385197310965415, "address": "71 Jalan Lekar", "labeledLatLngs": [{"label": "display", "lat": 1.385197310965415, "lng": 103.72172452994042}], "postalCode": "698950"}, "categories": [{"icon": {"prefix": "https://ss3.4sqi.net/img/categories_v2/parks_outdoors/farm_", "suffix": ".png"}, "name": "Farm", "id": "4bf58dd8d48988d15b941735", "pluralName": "Farms", "primary": true, "shortName": "Farm"}], "verified": false, "contact": {"formattedPhone": "+65 6766 7087", "phone": "+6567667087"}, "allowMenuUrlEdit": true, "stats": {"tipCount": 13, "usersCount": 1673, "checkinsCount": 2297}, "id": "4b9ea8fdf964a5208bf736e3", "name": "Qian Hu Fish Farm", "beenHere": {"lastCheckinExpiredAt": 0}}, "suffix": "/1078049_0V_NQjUAPZ-p19Qko7Fc7eTrAKcIMWGGyaQW1Vdi8yY.jpg", "visibility": "public"}, {"height": 720, "source": {"url": "https://foursquare.com/download/#/android", "name": "Foursquare for Android"}, "tip": {"agreeCount": 1, "canonicalUrl": "https://foursquare.com/item/509e4142e4b0642592a31cb5", "todo": {"count": 0}, "logView": true, "disagreeCount": 0, "createdAt": 1352548674, "id": "509e4142e4b0642592a31cb5", "text": "Pig trotters, mango salad, tom yum soup", "likes": {"groups": [{"items": [{"photo": {"prefix": "https://igx.4sqi.net/img/user/", "suffix": "/NAUAR1PVYTDGDQLI.jpg"}, "id": "38988017", "firstName": "Chanothai", "gender": "male", "lastName": "Puangplub"}], "count": 1, "type": "others"}], "count": 1, "summary": "1 like"}, "like": false, "type": "user"}, "width": 540, "prefix": "https://igx.4sqi.net/img/general/", "createdAt": 1352548681, "id": "509e4149e4b044f764131a3a", "venue": {"like": false, "location": {"formattedAddress": ["50/3 Kimpradij Road, Hat Yai", "\u0e2b\u0e32\u0e14\u0e43\u0e2b\u0e0d\u0e48", "\u0e2a\u0e07\u0e02\u0e25\u0e32 90110", "\u0e1b\u0e23\u0e30\u0e40\u0e17\u0e28\u0e44\u0e17\u0e22"], "city": "\u0e2b\u0e32\u0e14\u0e43\u0e2b\u0e0d\u0e48", "lng": 100.47343611717224, "cc": "TH", "state": "\u0e2a\u0e07\u0e02\u0e25\u0e32", "lat": 7.003125741105524, "address": "50/3 Kimpradij Road, Hat Yai", "labeledLatLngs": [{"label": "display", "lat": 7.003125741105524, "lng": 100.47343611717224}], "postalCode": "90110", "country": "\u0e1b\u0e23\u0e30\u0e40\u0e17\u0e28\u0e44\u0e17\u0e22"}, "categories": [{"icon": {"prefix": "https://ss3.4sqi.net/img/categories_v2/food/thai_", "suffix": ".png"}, "name": "Thai Restaurant", "id": "4bf58dd8d48988d149941735", "pluralName": "Thai Restaurants", "primary": true, "shortName": "Thai"}], "verified": false, "contact": {}, "allowMenuUrlEdit": true, "stats": {"tipCount": 52, "usersCount": 1461, "checkinsCount": 1908}, "id": "4ba06eb9f964a5207b6d37e3", "name": "Kan Eng Restaurant (\u0e23\u0e49\u0e32\u0e19\u0e01\u0e31\u0e19\u0e40\u0e2d\u0e07)", "beenHere": {"lastCheckinExpiredAt": 0}}, "suffix": "/1078049_Zj5g1Y8ya9daj_8DB8tMgh09H7NdPw_Sw6xIxGXok6E.jpg", "visibility": "public"}], "count": 2}, "totalCount": 2}}