{"response": {"photos": {"items": [{"id": "58e8e75efb9d897d4b9380af", "createdAt": 1491658590, "height": 1440, "visibility": "public", "source": {"url": "https://www.swarmapp.com", "name": "Swarm for iOS"}, "prefix": "https://igx.4sqi.net/img/general/", "venue": {"id": "570f3830498e3ab01ad5ef00", "like": false, "stats": {"checkinsCount": 147, "tipCount": 1, "usersCount": 122}, "beenHere": {"lastCheckinExpiredAt": 0}, "categories": [{"id": "4bf58dd8d48988d111941735", "primary": true, "icon": {"prefix": "https://ss3.4sqi.net/img/categories_v2/food/japanese_", "suffix": ".png"}, "pluralName": "Japanese Restaurants", "shortName": "Japanese", "name": "Japanese Restaurant"}], "verified": false, "allowMenuUrlEdit": true, "location": {"crossStreet": "MH. Thamrin no. 1", "labeledLatLngs": [{"lng": 106.82143568994819, "label": "display", "lat": -6.194934522176472}], "state": "Jakarta", "lat": -6.194934522176472, "postalCode": "10310", "city": "Central Jakarta", "formattedAddress": ["Hotel Indonesia Kempinski (MH. Thamrin no. 1)", "Central Jakarta", "Jakarta 10310", "Indonesia"], "lng": 106.82143568994819, "address": "Hotel Indonesia Kempinski", "country": "Indonesia", "cc": "ID"}, "contact": {"twitter": "okujakarta", "formattedPhone": "+62 21 23583896", "phone": "+622123583896"}, "name": "Oku Restaurant"}, "width": 1440, "suffix": "/1089484_ZirpiOeh2JhkTiN1UXHYMGcSp8EskCTGXLi27pUbaS4.jpg"}, {"id": "58818186727ba3235c19bd54", "createdAt": 1484882310, "height": 1920, "visibility": "public", "source": {"url": "https://www.swarmapp.com", "name": "Swarm for iOS"}, "prefix": "https://igx.4sqi.net/img/general/", "venue": {"id": "5221bf3e11d26e3380c6a519", "like": false, "stats": {"checkinsCount": 283, "tipCount": 2, "usersCount": 174}, "url": "http://www.coffeebean.com", "beenHere": {"lastCheckinExpiredAt": 0}, "categories": [{"id": "4bf58dd8d48988d16d941735", "primary": true, "icon": {"prefix": "https://ss3.4sqi.net/img/categories_v2/food/cafe_", "suffix": ".png"}, "pluralName": "Caf\u00e9s", "shortName": "Caf\u00e9", "name": "Caf\u00e9"}], "verified": false, "allowMenuUrlEdit": true, "location": {"crossStreet": "Jl. Mohammad Husni Thamrin No. 1", "labeledLatLngs": [{"lng": 106.82065789881014, "label": "display", "lat": -6.194533464597574}], "state": "Jakarta", "lat": -6.194533464597574, "postalCode": "10310", "city": "Jakarta Pusat", "formattedAddress": ["Grand Indonesia Shopping Town, West Mall, Level 1, ED 02A (Jl. Mohammad Husni Thamrin No. 1)", "Jakarta Pusat", "Jakarta 10310", "Indonesia"], "lng": 106.82065789881014, "address": "Grand Indonesia Shopping Town, West Mall, Level 1, ED 02A", "country": "Indonesia", "cc": "ID"}, "contact": {"formattedPhone": "+62 21 23580512", "phone": "+622123580512"}, "name": "The Coffee Bean & Tea Leaf"}, "width": 1080, "suffix": "/1089484_tC8sTH6bgebgZpgTXAxeccMUvpDqkS3wfkLnPNQdukE.jpg"}, {"id": "57b3f2f4cd1018df4d52909a", "createdAt": 1471410932, "height": 1243, "visibility": "public", "source": {"url": "https://www.swarmapp.com", "name": "Swarm for iOS"}, "prefix": "https://igx.4sqi.net/img/general/", "venue": {"id": "4c7880d797028cfaef42d8fe", "like": false, "stats": {"checkinsCount": 243, "tipCount": 4, "usersCount": 90}, "beenHere": {"lastCheckinExpiredAt": 0}, "categories": [{"id": "4bf58dd8d48988d145941735", "primary": true, "icon": {"prefix": "https://ss3.4sqi.net/img/categories_v2/food/asian_", "suffix": ".png"}, "pluralName": "Chinese Restaurants", "shortName": "Chinese", "name": "Chinese Restaurant"}], "verified": false, "allowMenuUrlEdit": true, "location": {"address": "Jalan Pulau Laki Blok N1/53", "state": "DKI", "lat": -6.174006317321535, "postalCode": "11610", "city": "Jakarta", "formattedAddress": ["Jalan Pulau Laki Blok N1/53", "Jakarta", "DKI 11610", "Indonesia"], "lng": 106.73930168151855, "labeledLatLngs": [{"lng": 106.73930168151855, "label": "display", "lat": -6.174006317321535}], "country": "Indonesia", "cc": "ID"}, "contact": {}, "name": "Bakmi Pulau Laki"}, "width": 1920, "suffix": "/1089484_bNQEwrPwUJx8UhUtyZ-mzYHUULLGydz4Gna3teYACuI.jpg"}, {"id": "56dbc7a6cd10b39f8a65b962", "createdAt": 1457244070, "height": 1920, "visibility": "public", "source": {"url": "https://www.swarmapp.com", "name": "Swarm for iOS"}, "prefix": "https://igx.4sqi.net/img/general/", "venue": {"id": "500aa079e4b08ffd5992e441", "like": false, "stats": {"checkinsCount": 3369, "tipCount": 26, "usersCount": 2561}, "url": "http://www.roppan.com", "beenHere": {"lastCheckinExpiredAt": 0}, "categories": [{"id": "4bf58dd8d48988d1c7941735", "primary": true, "icon": {"prefix": "https://ss3.4sqi.net/img/categories_v2/food/snacks_", "suffix": ".png"}, "pluralName": "Snack Places", "shortName": "Snacks", "name": "Snack Place"}], "verified": false, "allowMenuUrlEdit": true, "location": {"crossStreet": "Jalan TB Simatupang Kav. 17", "labeledLatLngs": [{"lng": 106.79965279184914, "label": "display", "lat": -6.291434664656985}], "state": "Jakarta", "lat": -6.291434664656985, "postalCode": "12430", "city": "Jakarta", "formattedAddress": ["Cilandak Town Square (Jalan TB Simatupang Kav. 17)", "Jakarta Selatan", "Jakarta 12430", "Indonesia"], "lng": 106.79965279184914, "address": "Cilandak Town Square", "country": "Indonesia", "cc": "ID"}, "contact": {"twitter": "roppanista", "formattedPhone": "+62 815-1195-8000", "phone": "+6281511958000"}, "name": "roppan (\u30ed\u30c3\u30d1\u30f3) (roppan)"}, "width": 1440, "suffix": "/1089484_wJyPa5kN6uQ2txz5O_yBOlCiJQVG1AX9do68zfKb9zM.jpg"}, {"id": "569f1bb5498e5a685e790343", "createdAt": 1453267893, "height": 1920, "visibility": "public", "source": {"url": "https://www.swarmapp.com", "name": "Swarm for iOS"}, "prefix": "https://igx.4sqi.net/img/general/", "venue": {"id": "4d26e6ab3c795481857bbf9b", "like": false, "stats": {"checkinsCount": 491, "tipCount": 1, "usersCount": 226}, "beenHere": {"lastCheckinExpiredAt": 0}, "categories": [{"id": "4bf58dd8d48988d1e2931735", "primary": true, "icon": {"prefix": "https://ss3.4sqi.net/img/categories_v2/arts_entertainment/artgallery_", "suffix": ".png"}, "pluralName": "Art Galleries", "shortName": "Art Gallery", "name": "Art Gallery"}], "verified": false, "allowMenuUrlEdit": true, "location": {"address": "Jl. Wijaya Timur I no.2", "state": "Jakarta", "lat": -6.239173347556031, "city": "Jakarta", "formattedAddress": ["Jl. Wijaya Timur I no.2", "Jakarta", "Jakarta", "Indonesia"], "lng": 106.8163944987181, "labeledLatLngs": [{"lng": 106.8163944987181, "label": "display", "lat": -6.239173347556031}], "country": "Indonesia", "cc": "ID"}, "contact": {}, "name": "Obscura"}, "width": 1080, "suffix": "/1089484_R81WbOkC55wuGPpoV4xlKH_8NwzoB8Y1HfnbS6yHwHI.jpg"}, {"id": "5663e985498e78581b5da1f3", "createdAt": 1449388421, "height": 1440, "visibility": "public", "source": {"url": "https://www.swarmapp.com", "name": "Swarm for iOS"}, "prefix": "https://igx.4sqi.net/img/general/", "venue": {"id": "4c32c0ce213c2d7f33f9355d", "like": false, "stats": {"checkinsCount": 3016, "tipCount": 41, "usersCount": 1506}, "beenHere": {"lastCheckinExpiredAt": 0}, "categories": [{"id": "4bf58dd8d48988d1d1941735", "primary": true, "icon": {"prefix": "https://ss3.4sqi.net/img/categories_v2/food/ramen_", "suffix": ".png"}, "pluralName": "Noodle Houses", "shortName": "Noodles", "name": "Noodle House"}], "verified": false, "allowMenuUrlEdit": true, "location": {"crossStreet": "Telp 5604148", "labeledLatLngs": [{"lng": 106.77369006046914, "label": "display", "lat": -6.169318902381852}], "state": "Jakarta", "lat": -6.169318902381852, "city": "Jakarta", "formattedAddress": ["Green Ville Blok B1 No. 16 (Telp 5604148)", "Jakarta Barat", "Jakarta", "Indonesia"], "lng": 106.77369006046914, "address": "Green Ville Blok B1 No. 16", "country": "Indonesia", "cc": "ID"}, "contact": {"formattedPhone": "+62 21 5633363", "phone": "+62215633363"}, "name": "Mie Udang Singapore MiMi"}, "width": 1920, "suffix": "/1089484_uvVlf66ZtvtzyC9gbBXCIZ6xPzKfwbmyfAiwNrTkQCw.jpg"}, {"id": "563b03abcd1085af9b1e9180", "createdAt": 1446708139, "height": 1440, "visibility": "public", "source": {"url": "https://www.swarmapp.com", "name": "Swarm for iOS"}, "prefix": "https://igx.4sqi.net/img/general/", "venue": {"id": "55745017498ef7e241bf162e", "like": false, "stats": {"checkinsCount": 122, "tipCount": 0, "usersCount": 78}, "beenHere": {"lastCheckinExpiredAt": 0}, "categories": [{"id": "4bf58dd8d48988d150941735", "primary": true, "icon": {"prefix": "https://ss3.4sqi.net/img/categories_v2/food/spanish_", "suffix": ".png"}, "pluralName": "Spanish Restaurants", "shortName": "Spanish", "name": "Spanish Restaurant"}], "verified": false, "allowMenuUrlEdit": true, "location": {"address": "Plaza Indonesia", "state": "Jakarta", "lat": -6.194586782672143, "city": "Jakarta", "formattedAddress": ["Plaza Indonesia", "Jakarta", "Jakarta", "Indonesia"], "lng": 106.82122827871598, "labeledLatLngs": [{"lng": 106.82122827871598, "label": "display", "lat": -6.194586782672143}], "country": "Indonesia", "cc": "ID"}, "contact": {}, "name": "BAM!"}, "width": 1440, "suffix": "/1089484_-o2MyRsvEZX_L8lXnNxVeqn7i6XaDUclpuh8dGRIolU.jpg"}, {"id": "55877363498e541fbce7f691", "createdAt": 1434940259, "height": 640, "visibility": "public", "source": {"url": "http://instagram.com", "name": "Instagram"}, "prefix": "https://igx.4sqi.net/img/general/", "venue": {"id": "4bad6e7ef964a520c94f3be3", "like": false, "stats": {"checkinsCount": 28706, "tipCount": 160, "usersCount": 16936}, "url": "http://www.starbucks.co.id", "beenHere": {"lastCheckinExpiredAt": 0}, "categories": [{"id": "4bf58dd8d48988d1e0931735", "primary": true, "icon": {"prefix": "https://ss3.4sqi.net/img/categories_v2/food/coffeeshop_", "suffix": ".png"}, "pluralName": "Coffee Shops", "shortName": "Coffee Shop", "name": "Coffee Shop"}], "verified": false, "allowMenuUrlEdit": true, "location": {"crossStreet": "Jalan Mohammad Husni Thamrin No. 1", "state": "Jakarta", "lat": -6.1945753882231465, "postalCode": "10310", "city": "Jakarta Pusat", "formattedAddress": ["Grand Indonesia West Mall, G Floor (Jalan Mohammad Husni Thamrin No. 1)", "Jakarta Pusat", "Jakarta 10310", "Indonesia"], "lng": 106.81966117778873, "address": "Grand Indonesia West Mall, G Floor", "country": "Indonesia", "cc": "ID"}, "contact": {"twitter": "sbuxindonesia"}, "name": "Starbucks"}, "width": 640, "suffix": "/1089484_DnB_IuioK8SjsOrpHNDrqCPjmx3zo_y0gK-lJ2XUvKI.jpg"}, {"id": "552a4262498e6e7257941b9d", "createdAt": 1428832866, "height": 1440, "visibility": "public", "source": {"url": "https://www.swarmapp.com", "name": "Swarm for iOS"}, "prefix": "https://igx.4sqi.net/img/general/", "venue": {"id": "522e101611d255e78092a37a", "like": false, "stats": {"checkinsCount": 1188, "tipCount": 11, "usersCount": 918}, "beenHere": {"lastCheckinExpiredAt": 0}, "categories": [{"id": "4bf58dd8d48988d1c4941735", "primary": true, "icon": {"prefix": "https://ss3.4sqi.net/img/categories_v2/food/default_", "suffix": ".png"}, "pluralName": "Restaurants", "shortName": "Restaurant", "name": "Restaurant"}], "verified": false, "allowMenuUrlEdit": true, "location": {"lat": 41.01744288760845, "formattedAddress": ["T\u00fcrkiye"], "country": "T\u00fcrkiye", "labeledLatLngs": [{"lng": 28.957614958428753, "label": "display", "lat": 41.01744288760845}], "cc": "TR", "lng": 28.957614958428753}, "contact": {}, "name": "Vefa Cafe & Restaurant"}, "width": 1440, "suffix": "/1089484_uoya2zToMOESrab1LXtiILdQvIa684gDhIiD_TrxgR4.jpg"}, {"id": "55281a0a498e1ba05c6b6ce1", "createdAt": 1428691466, "height": 1440, "visibility": "public", "source": {"url": "https://www.swarmapp.com", "name": "Swarm for iOS"}, "prefix": "https://igx.4sqi.net/img/general/", "venue": {"like": false, "allowMenuUrlEdit": true, "location": {"address": "Ergenekon Cad. No:62a Bomonti \u015ei\u015fli", "state": "\u0130stanbul", "lat": 41.054427071187206, "postalCode": "34373", "city": "\u0130stanbul", "formattedAddress": ["Ergenekon Cad. No:62a Bomonti \u015ei\u015fli", "34373 \u0130stanbul", "T\u00fcrkiye"], "lng": 28.98203851242009, "labeledLatLngs": [{"lng": 28.98203851242009, "label": "display", "lat": 41.054427071187206}], "country": "T\u00fcrkiye", "cc": "TR"}, "id": "53a970f8498e49b7c78cea73", "beenHere": {"lastCheckinExpiredAt": 0}, "stats": {"checkinsCount": 5639, "tipCount": 17, "usersCount": 1986}, "url": "http://www.imperialhotelsistanbul.com", "categories": [{"id": "4bf58dd8d48988d1fa931735", "primary": true, "icon": {"prefix": "https://ss3.4sqi.net/img/categories_v2/travel/hotel_", "suffix": ".png"}, "pluralName": "Hotels", "shortName": "Hotel", "name": "Hotel"}], "venuePage": {"id": "88900972"}, "verified": true, "contact": {"twitter": "imperialbomonti", "formattedPhone": "+90 212 386 66 66", "phone": "+902123866666"}, "name": "Imperial Business Hotel Bomonti"}, "width": 1920, "suffix": "/1089484_ITLu2sSLes1Er9bLK1IpGzVJgmk4SzU9d0_SoyLlpdM.jpg"}, {"id": "5526136f498eaf54e20b568f", "createdAt": 1428558703, "height": 640, "visibility": "public", "source": {"url": "http://instagram.com", "name": "Instagram"}, "prefix": "https://igx.4sqi.net/img/general/", "venue": {"id": "51154706e4b06f50c555ac71", "like": false, "stats": {"checkinsCount": 21, "tipCount": 0, "usersCount": 16}, "beenHere": {"lastCheckinExpiredAt": 0}, "categories": [{"id": "4d954b06a243a5684965b473", "primary": true, "icon": {"prefix": "https://ss3.4sqi.net/img/categories_v2/building/apartment_", "suffix": ".png"}, "pluralName": "Residential Buildings (Apartments / Condos)", "shortName": "Residential", "name": "Residential Building (Apartment / Condo)"}], "verified": false, "location": {"state": "\u062f\u0628\u064a", "lat": 25.258684419029013, "city": "Bur Dubai", "formattedAddress": ["Bur Dubai", "\u0627\u0644\u0625\u0645\u0627\u0631\u0627\u062a \u0627\u0644\u0639\u0631\u0628\u064a\u0629 \u0627\u0644\u0645\u062a\u062d\u062f\u0629"], "lng": 55.29771054645549, "labeledLatLngs": [{"lng": 55.29771054645549, "label": "display", "lat": 25.258684419029013}], "country": "\u0627\u0644\u0625\u0645\u0627\u0631\u0627\u062a \u0627\u0644\u0639\u0631\u0628\u064a\u0629 \u0627\u0644\u0645\u062a\u062d\u062f\u0629", "cc": "AE"}, "contact": {}, "venueRatingBlacklisted": true, "name": "Abdallah Building"}, "width": 640, "suffix": "/1089484_AtogmmOuEUMsxRhGmMNbOdl_ijvZ_maqjd-60_Cak9g.jpg"}, {"id": "5524cfe0498ed7d6f1064038", "createdAt": 1428475872, "height": 1440, "visibility": "public", "source": {"url": "https://www.swarmapp.com", "name": "Swarm for iOS"}, "prefix": "https://igx.4sqi.net/img/general/", "venue": {"id": "4b891d95f964a5209b1d32e3", "like": false, "stats": {"checkinsCount": 17597, "tipCount": 265, "usersCount": 13200}, "url": "http://www.szgmc.ae/en/", "beenHere": {"lastCheckinExpiredAt": 0}, "categories": [{"id": "4bf58dd8d48988d138941735", "primary": true, "icon": {"prefix": "https://ss3.4sqi.net/img/categories_v2/building/religious_mosque_", "suffix": ".png"}, "pluralName": "Mosques", "shortName": "Mosque", "name": "Mosque"}], "verified": false, "location": {"crossStreet": "\u0634\u0627\u0631\u0639 \u0627\u0644\u0645\u0637\u0627\u0631", "labeledLatLngs": [{"lng": 54.475141230825244, "label": "display", "lat": 24.411928757919632}], "state": "\u0623\u0628\u0648\u0638\u0628\u064a", "lat": 24.411928757919632, "city": "\u0623\u0628\u0648\u0638\u0628\u064a", "formattedAddress": ["Airport Rd. (\u0634\u0627\u0631\u0639 \u0627\u0644\u0645\u0637\u0627\u0631)", "\u0623\u0628\u0648\u0638\u0628\u064a", "\u0627\u0644\u0625\u0645\u0627\u0631\u0627\u062a \u0627\u0644\u0639\u0631\u0628\u064a\u0629 \u0627\u0644\u0645\u062a\u062d\u062f\u0629"], "lng": 54.475141230825244, "address": "Airport Rd.", "country": "\u0627\u0644\u0625\u0645\u0627\u0631\u0627\u062a \u0627\u0644\u0639\u0631\u0628\u064a\u0629 \u0627\u0644\u0645\u062a\u062d\u062f\u0629", "cc": "AE"}, "contact": {}, "venueRatingBlacklisted": true, "name": "Sheikh Zayed Grand Mosque (\u0645\u0633\u062c\u062f \u0627\u0644\u0634\u064a\u062e \u0632\u0627\u064a\u062f)"}, "width": 1899, "suffix": "/1089484_r6GZ1cAAQKHcdK_xNTteB2OVqlJ77TeBeiFGq7OSqWQ.jpg"}, {"id": "551010d8498eb0ae3f3e88da", "createdAt": 1427116248, "height": 640, "visibility": "public", "source": {"url": "http://instagram.com", "name": "Instagram"}, "prefix": "https://igx.4sqi.net/img/general/", "venue": {"id": "4f7bfb19e4b06978a75e63cc", "like": false, "stats": {"checkinsCount": 60, "tipCount": 0, "usersCount": 49}, "beenHere": {"lastCheckinExpiredAt": 0}, "categories": [{"id": "4bf58dd8d48988d16a941735", "primary": true, "icon": {"prefix": "https://ss3.4sqi.net/img/categories_v2/food/bakery_", "suffix": ".png"}, "pluralName": "Bakeries", "shortName": "Bakery", "name": "Bakery"}], "verified": false, "allowMenuUrlEdit": true, "location": {"lat": -6.193062447251421, "formattedAddress": ["Indonesia"], "country": "Indonesia", "labeledLatLngs": [{"lng": 106.82145873565243, "label": "display", "lat": -6.193062447251421}], "cc": "ID", "lng": 106.82145873565243}, "contact": {}, "name": "Cafe Ohlala @ Plaza Indonesia"}, "width": 640, "suffix": "/1089484_mZl5MpxyiVKiiLbYHtttzLc3I1w22K5BrZfKPeJVeTg.jpg"}, {"id": "550a66f0498ee015bd3a3194", "createdAt": 1426745072, "height": 1440, "visibility": "public", "source": {"url": "https://www.swarmapp.com", "name": "Swarm for iOS"}, "prefix": "https://igx.4sqi.net/img/general/", "venue": {"id": "54d0c99e498e3c4a6d3f654e", "like": false, "stats": {"checkinsCount": 16, "tipCount": 0, "usersCount": 1}, "beenHere": {"lastCheckinExpiredAt": 0}, "categories": [], "verified": false, "location": {"lat": -6.179362011290194, "formattedAddress": ["Indonesia"], "country": "Indonesia", "labeledLatLngs": [{"lng": 106.74090540767085, "label": "display", "lat": -6.179362011290194}], "cc": "ID", "lng": 106.74090540767085}, "contact": {}, "name": "\u03d1un\u03b7's"}, "width": 1920, "suffix": "/1089484_jPkvpOiHZlSLoSvswIrweEmUzQYkSFFQnWLdmE8C5mY.jpg"}, {"id": "54ed809e498eb3bb17ac631c", "createdAt": 1424851102, "height": 1440, "visibility": "public", "source": {"url": "https://www.swarmapp.com", "name": "Swarm for iOS"}, "prefix": "https://igx.4sqi.net/img/general/", "venue": {"id": "54ed8047498ef860b6de9043", "like": false, "stats": {"checkinsCount": 1, "tipCount": 0, "usersCount": 1}, "beenHere": {"lastCheckinExpiredAt": 0}, "categories": [{"id": "4bf58dd8d48988d103941735", "primary": true, "icon": {"prefix": "https://ss3.4sqi.net/img/categories_v2/building/home_", "suffix": ".png"}, "pluralName": "Homes (private)", "shortName": "Home", "name": "Home (private)"}], "verified": false, "location": {"lat": -6.26906972718029, "formattedAddress": ["Starling Barat 1", "Indonesia"], "country": "Indonesia", "cc": "ID", "isFuzzed": true, "lng": 106.6468147895209}, "contact": {}, "venueRatingBlacklisted": true, "name": "The Springs Summarecon - Starling"}, "width": 1440, "suffix": "/1089484_vC_2wQz1W-vUZAO5HYQp16n0S2E-ORkHTDfEyKGidnY.jpg"}, {"id": "53f73277498e1263a03a380d", "createdAt": 1408709239, "height": 720, "visibility": "public", "source": {"url": "https://www.swarmapp.com", "name": "Swarm for iOS"}, "prefix": "https://igx.4sqi.net/img/general/", "venue": {"id": "4bd45714caff95214a7dd6f0", "like": false, "stats": {"checkinsCount": 11304, "tipCount": 32, "usersCount": 5173}, "beenHere": {"lastCheckinExpiredAt": 0}, "categories": [{"id": "4bf58dd8d48988d1e2941735", "primary": true, "icon": {"prefix": "https://ss3.4sqi.net/img/categories_v2/parks_outdoors/beach_", "suffix": ".png"}, "pluralName": "Beaches", "shortName": "Beach", "name": "Beach"}], "verified": false, "location": {"crossStreet": "Pluit", "labeledLatLngs": [{"lng": 106.79124784201622, "label": "display", "lat": -6.106400297550254}], "state": "Jakarta", "lat": -6.106400297550254, "postalCode": "14440", "city": "Jakarta Pusat", "formattedAddress": ["Jalan Pantai Mutiara (Pluit)", "Jakarta Utara", "Jakarta 14440", "Indonesia"], "lng": 106.79124784201622, "address": "Jalan Pantai Mutiara", "country": "Indonesia", "cc": "ID"}, "contact": {"facebook": "848810088521576", "facebookName": "Propertindo Jabodetabek", "twitter": "1jabodetabek"}, "name": "Pantai Mutiara"}, "width": 960, "suffix": "/1089484_0VTHpH_1VTJBcsejr_SzbsAyNGsuXzvGXxZNO6jqMt4.jpg"}, {"id": "53a546cd498e0a5a0232ee7a", "createdAt": 1403340493, "height": 720, "visibility": "public", "source": {"url": "https://foursquare.com/download/#/iphone", "name": "Foursquare for iOS"}, "prefix": "https://igx.4sqi.net/img/general/", "venue": {"id": "51f4c9b7498e4c221ec3fd0d", "like": false, "stats": {"checkinsCount": 96, "tipCount": 1, "usersCount": 94}, "beenHere": {"lastCheckinExpiredAt": 0}, "categories": [{"id": "4bf58dd8d48988d142941735", "primary": true, "icon": {"prefix": "https://ss3.4sqi.net/img/categories_v2/food/asian_", "suffix": ".png"}, "pluralName": "Asian Restaurants", "shortName": "Asian", "name": "Asian Restaurant"}], "verified": false, "allowMenuUrlEdit": true, "location": {"crossStreet": "Kedonganan , Badung", "labeledLatLngs": [{"lng": 115.1678439889462, "label": "display", "lat": -8.68944427972046}], "lat": -8.68944427972046, "country": "Indonesia", "lng": 115.1678439889462, "address": "Kedonganan , Badung", "formattedAddress": ["Kedonganan , Badung (Kedonganan , Badung)", "Indonesia"], "cc": "ID"}, "contact": {}, "name": "Warung Made"}, "width": 960, "suffix": "/1089484_MUT7xmE1gDhimZoK9ByocpKCaSV2BtOp3BTGnzQQLCU.jpg"}, {"id": "538411ef498e0a1e5fdab1b6", "createdAt": 1401164271, "height": 720, "visibility": "public", "source": {"url": "https://foursquare.com/download/#/iphone", "name": "Foursquare for iOS"}, "prefix": "https://igx.4sqi.net/img/general/", "venue": {"id": "53841155498e5da6508dc7ce", "like": false, "stats": {"checkinsCount": 1, "tipCount": 0, "usersCount": 1}, "beenHere": {"lastCheckinExpiredAt": 0}, "categories": [{"id": "4bf58dd8d48988d1d1941735", "primary": true, "icon": {"prefix": "https://ss3.4sqi.net/img/categories_v2/food/ramen_", "suffix": ".png"}, "pluralName": "Noodle Houses", "shortName": "Noodles", "name": "Noodle House"}], "verified": false, "allowMenuUrlEdit": true, "location": {"crossStreet": "Taman Permata Buana", "labeledLatLngs": [{"lng": 106.743887, "label": "display", "lat": -6.173405}], "state": "Jakarta", "lat": -6.173405, "postalCode": "11610", "city": "Jakarta", "formattedAddress": ["Jl Pulau Panjang 4 Blok M6/29 (Taman Permata Buana)", "Jakarta Barat", "Jakarta 11610", "Indonesia"], "lng": 106.743887, "address": "Jl Pulau Panjang 4 Blok M6/29", "country": "Indonesia", "cc": "ID"}, "contact": {"formattedPhone": "+62 21 5819357", "phone": "+62215819357"}, "name": "Mie Ayam Citra"}, "width": 960, "suffix": "/1089484_Y_FXNHSIIuPGVwp0WXpsdyWi-ZW2Z9JT823cvSlmXrw.jpg"}, {"id": "537189d0498e2c8c5a27b00b", "createdAt": 1399949776, "height": 720, "visibility": "public", "source": {"url": "https://foursquare.com/download/#/iphone", "name": "Foursquare for iOS"}, "prefix": "https://igx.4sqi.net/img/general/", "venue": {"id": "524bb36b498e188435c53c7f", "like": false, "stats": {"checkinsCount": 5, "tipCount": 0, "usersCount": 4}, "beenHere": {"lastCheckinExpiredAt": 0}, "categories": [{"id": "4bf58dd8d48988d103941735", "primary": true, "icon": {"prefix": "https://ss3.4sqi.net/img/categories_v2/building/home_", "suffix": ".png"}, "pluralName": "Homes (private)", "shortName": "Home", "name": "Home (private)"}], "verified": false, "location": {"state": "Jakarta", "lat": -6.224329961621205, "city": "Jakarta", "formattedAddress": ["Jl Magnolia", "Jakarta Barat", "Jakarta", "Indonesia"], "isFuzzed": true, "country": "Indonesia", "cc": "ID", "lng": 106.76474752754879}, "contact": {}, "venueRatingBlacklisted": true, "name": "Green Permata Mediterania"}, "width": 960, "suffix": "/1089484_5Vx-QbbdWuVqo5zgMLDRz9HnRAB1BxBfa0aeyEj6mbs.jpg"}, {"id": "528f91f811d27807a6e6178b", "createdAt": 1385140728, "height": 640, "visibility": "public", "source": {"url": "http://instagram.com", "name": "Instagram"}, "prefix": "https://igx.4sqi.net/img/general/", "venue": {"id": "52752cce498e88a71abd7f82", "like": false, "stats": {"checkinsCount": 3961, "tipCount": 38, "usersCount": 1655}, "url": "http://colosseum.co.id", "beenHere": {"lastCheckinExpiredAt": 0}, "categories": [{"id": "4bf58dd8d48988d11f941735", "primary": true, "icon": {"prefix": "https://ss3.4sqi.net/img/categories_v2/nightlife/nightclub_", "suffix": ".png"}, "pluralName": "Nightclubs", "shortName": "Nightclub", "name": "Nightclub"}], "verified": false, "allowMenuUrlEdit": true, "location": {"crossStreet": "Jalan Kunir No. 7", "labeledLatLngs": [{"lng": 106.81400933436709, "label": "display", "lat": -6.133078433050369}], "state": "Jakarta", "lat": -6.133078433050369, "postalCode": "11110", "city": "Jakarta", "formattedAddress": ["1001 Hotel (Jalan Kunir No. 7)", "Jakarta Barat", "Jakarta 11110", "Indonesia"], "lng": 106.81400933436709, "address": "1001 Hotel", "country": "Indonesia", "cc": "ID"}, "contact": {"facebook": "620815221304640", "facebookName": "Colosseum Jakarta", "formattedPhone": "+62 21 6909999", "phone": "+62216909999", "facebookUsername": "colosseum.jakarta", "twitter": "colosseumjkt"}, "name": "Colosseum Club"}, "width": 640, "suffix": "/1089484_kSnye8M3vqNuN6pkBziG4EArTEL_lDflAg3AADHmZpw.jpg"}, {"id": "5285eb8511d22cd8c0ec1556", "createdAt": 1384508293, "height": 720, "visibility": "public", "source": {"url": "https://foursquare.com/download/#/iphone", "name": "Foursquare for iOS"}, "prefix": "https://igx.4sqi.net/img/general/", "venue": {"id": "4bdd677bb0f5c928d3494ce3", "like": false, "stats": {"checkinsCount": 2443, "tipCount": 5, "usersCount": 278}, "beenHere": {"lastCheckinExpiredAt": 0}, "categories": [{"id": "4d954b06a243a5684965b473", "primary": true, "icon": {"prefix": "https://ss3.4sqi.net/img/categories_v2/building/apartment_", "suffix": ".png"}, "pluralName": "Residential Buildings (Apartments / Condos)", "shortName": "Residential", "name": "Residential Building (Apartment / Condo)"}], "verified": false, "location": {"crossStreet": "Kebon Jeruk", "labeledLatLngs": [{"lng": 106.75174713134766, "label": "display", "lat": -6.179808919892201}], "state": "Jakarta", "lat": -6.179808919892201, "postalCode": "11520", "city": "Jakarta", "formattedAddress": ["Jl. Raya Kedoya Garden (Kebon Jeruk)", "Jakarta", "Jakarta 11520", "Indonesia"], "lng": 106.75174713134766, "address": "Jl. Raya Kedoya Garden", "country": "Indonesia", "cc": "ID"}, "contact": {}, "venueRatingBlacklisted": true, "name": "Kondominium Wesling Kedoya"}, "width": 960, "suffix": "/1089484_notcqCv4FeiCQ5U-SZzW-unGpSNRDsQpGHZx6D5zFlU.jpg"}, {"id": "5271e51611d2ae893ab8e0c2", "createdAt": 1383195926, "height": 720, "visibility": "public", "source": {"url": "https://foursquare.com/download/#/iphone", "name": "Foursquare for iOS"}, "prefix": "https://igx.4sqi.net/img/general/", "venue": {"id": "4e696a921f6e1e74e3c99e2d", "like": false, "stats": {"checkinsCount": 121, "tipCount": 1, "usersCount": 18}, "beenHere": {"lastCheckinExpiredAt": 0}, "categories": [{"id": "4bf58dd8d48988d124941735", "primary": true, "icon": {"prefix": "https://ss3.4sqi.net/img/categories_v2/building/default_", "suffix": ".png"}, "pluralName": "Offices", "shortName": "Office", "name": "Office"}], "verified": false, "location": {"address": "Plaza BII, 2nd Tower, 25th Floor.", "state": "Jakarta", "lat": -6.189884107344194, "city": "Jakarta", "formattedAddress": ["Plaza BII, 2nd Tower, 25th Floor.", "Jakarta", "Jakarta", "Indonesia"], "lng": 106.82376331795572, "labeledLatLngs": [{"lng": 106.82376331795572, "label": "display", "lat": -6.189884107344194}], "country": "Indonesia", "cc": "ID"}, "contact": {}, "venueRatingBlacklisted": true, "name": "Ray White Indonesia"}, "width": 720, "suffix": "/1089484_h-XRv3f8kUjGxoZ3Lf-99QqRcnAFiBtfKbsSDVNZXCo.jpg"}, {"id": "5263bf8111d2d296382653fd", "createdAt": 1382268801, "height": 640, "visibility": "public", "source": {"url": "http://instagram.com", "name": "Instagram"}, "prefix": "https://igx.4sqi.net/img/general/", "venue": {"id": "4c604791924b76b0398deeb9", "like": false, "stats": {"checkinsCount": 13728, "tipCount": 82, "usersCount": 6105}, "url": "http://www.grandtropic.com", "beenHere": {"lastCheckinExpiredAt": 0}, "categories": [{"id": "4bf58dd8d48988d1fa931735", "primary": true, "icon": {"prefix": "https://ss3.4sqi.net/img/categories_v2/travel/hotel_", "suffix": ".png"}, "pluralName": "Hotels", "shortName": "Hotel", "name": "Hotel"}], "verified": false, "allowMenuUrlEdit": true, "location": {"address": "Jalan Letjen S. Parman Kav. 3", "state": "Jakarta", "lat": -6.1715503252995445, "postalCode": "11470", "city": "Jakarta", "formattedAddress": ["Jalan Letjen S. Parman Kav. 3", "Jakarta Barat", "Jakarta 11470", "Indonesia"], "lng": 106.78788989782333, "labeledLatLngs": [{"lng": 106.78788989782333, "label": "display", "lat": -6.1715503252995445}], "country": "Indonesia", "cc": "ID"}, "contact": {"twitter": "gtropicsuites", "facebook": "413286118735594", "facebookName": "Grand Tropic Suites Hotel", "formattedPhone": "+62 21 5641555", "phone": "+62215641555"}, "name": "Grand Tropic Suites Hotel"}, "width": 640, "suffix": "/1089484_dQT1KK9p05AStDCWI_SVXS0L6KXZ8oqiav3OY8p7q7Q.jpg"}, {"id": "51590f50e4b028506e299ffc", "createdAt": 1364791120, "height": 960, "visibility": "public", "source": {"url": "https://foursquare.com/download/#/iphone", "name": "Foursquare for iOS"}, "prefix": "https://igx.4sqi.net/img/general/", "venue": {"id": "51034d51e4b08206d2785db8", "like": false, "stats": {"checkinsCount": 1162, "tipCount": 7, "usersCount": 567}, "beenHere": {"lastCheckinExpiredAt": 0}, "categories": [{"id": "4bf58dd8d48988d1d1941735", "primary": true, "icon": {"prefix": "https://ss3.4sqi.net/img/categories_v2/food/ramen_", "suffix": ".png"}, "pluralName": "Noodle Houses", "shortName": "Noodles", "name": "Noodle House"}], "verified": false, "allowMenuUrlEdit": true, "location": {"address": "Jl. Puri Kembangan No.8C", "state": "Jakarta", "lat": -6.184148395265856, "city": "Jakarta", "formattedAddress": ["Jl. Puri Kembangan No.8C", "Jakarta", "Jakarta", "Indonesia"], "lng": 106.75337475663288, "labeledLatLngs": [{"lng": 106.75337475663288, "label": "display", "lat": -6.184148395265856}], "country": "Indonesia", "cc": "ID"}, "contact": {"formattedPhone": "+62 21 58359061", "phone": "+622158359061"}, "name": "Bakmie Aloi"}, "width": 720, "suffix": "/1089484_74Kt5qohVfM1P9hB3ssSfgkYojVrle41HsRZ91ys-1Q.jpg"}, {"id": "51513194e4b099ac8085ee07", "createdAt": 1364275604, "height": 720, "visibility": "public", "source": {"url": "https://foursquare.com/download/#/iphone", "name": "Foursquare for iOS"}, "prefix": "https://igx.4sqi.net/img/general/", "venue": {"id": "4bd64f44637ba593131bf870", "like": false, "stats": {"checkinsCount": 771, "tipCount": 28, "usersCount": 530}, "beenHere": {"lastCheckinExpiredAt": 0}, "categories": [{"id": "4bf58dd8d48988d128941735", "primary": true, "icon": {"prefix": "https://ss3.4sqi.net/img/categories_v2/education/cafeteria_", "suffix": ".png"}, "pluralName": "Cafeterias", "shortName": "Cafeteria", "name": "Cafeteria"}], "verified": false, "allowMenuUrlEdit": true, "location": {"address": "Jalan Metro Duta Kav. UE", "state": "Jakarta", "lat": -6.283971537064598, "city": "Jakarta", "formattedAddress": ["Jalan Metro Duta Kav. UE", "Jakarta", "Jakarta", "Indonesia"], "lng": 106.78193882043018, "labeledLatLngs": [{"lng": 106.78193882043018, "label": "display", "lat": -6.283971537064598}], "country": "Indonesia", "cc": "ID"}, "contact": {}, "venueRatingBlacklisted": true, "name": "Cafetaria RS Pondok Indah"}, "width": 960, "suffix": "/1089484_B2tBtK5sBnwhpJAITsDPKWBbpiGiUPuWlbeAx4BY-2g.jpg"}, {"id": "514ef195e4b08debec2599e5", "createdAt": 1364128149, "height": 720, "visibility": "public", "source": {"url": "https://foursquare.com/download/#/iphone", "name": "Foursquare for iOS"}, "prefix": "https://igx.4sqi.net/img/general/", "venue": {"id": "5139d2cde4b01171b5a94f11", "like": false, "stats": {"checkinsCount": 2071, "tipCount": 19, "usersCount": 1387}, "beenHere": {"lastCheckinExpiredAt": 0}, "categories": [{"id": "4bf58dd8d48988d145941735", "primary": true, "icon": {"prefix": "https://ss3.4sqi.net/img/categories_v2/food/asian_", "suffix": ".png"}, "pluralName": "Chinese Restaurants", "shortName": "Chinese", "name": "Chinese Restaurant"}], "verified": false, "allowMenuUrlEdit": true, "location": {"address": "Puri Indah Mall, 2nd floor", "state": "Jakarta", "lat": -6.188279252373168, "city": "Jakarta", "formattedAddress": ["Puri Indah Mall, 2nd floor", "Jakarta Barat", "Jakarta", "Indonesia"], "lng": 106.73409795710842, "labeledLatLngs": [{"lng": 106.73409795710842, "label": "display", "lat": -6.188279252373168}], "country": "Indonesia", "cc": "ID"}, "contact": {}, "name": "Din Tai Fung"}, "width": 720, "suffix": "/1089484_CgFvE_EloFe9hKnDGn8dTaxaL5QL0o1lV7IBv-iwbbo.jpg"}, {"id": "514ebbffe4b022f3486377f0", "createdAt": 1364114431, "height": 720, "visibility": "public", "source": {"url": "https://foursquare.com/download/#/iphone", "name": "Foursquare for iOS"}, "prefix": "https://igx.4sqi.net/img/general/", "venue": {"id": "4cd37f6fbaf2f04d8c64afa3", "like": false, "stats": {"checkinsCount": 5996, "tipCount": 42, "usersCount": 2849}, "url": "http://clauer@foursquare.com", "beenHere": {"lastCheckinExpiredAt": 0}, "categories": [{"id": "4bf58dd8d48988d1e0931735", "primary": true, "icon": {"prefix": "https://ss3.4sqi.net/img/categories_v2/food/coffeeshop_", "suffix": ".png"}, "pluralName": "Coffee Shops", "shortName": "Coffee Shop", "name": "Coffee Shop"}], "verified": true, "allowMenuUrlEdit": true, "location": {"crossStreet": "Jl. Puri Agung", "labeledLatLngs": [{"lng": 106.7340000511381, "label": "display", "lat": -6.187806731461736}], "state": "Jakarta", "lat": -6.187806731461736, "postalCode": "11610", "city": "Jakarta", "formattedAddress": ["Puri Indah Mall, Lt. Dasar (Jl. Puri Agung)", "Jakarta Barat", "Jakarta 11610", "Indonesia"], "lng": 106.7340000511381, "address": "Puri Indah Mall, Lt. Dasar", "country": "Indonesia", "cc": "ID"}, "contact": {"twitter": "excelsocoffee", "formattedPhone": "+62 21 5822509", "phone": "+62215822509"}, "name": "EXCELSO"}, "width": 960, "suffix": "/1089484_isFNFnVkbaGZzEPwnenX-3cKgU3M58fPxyGrh4TDIbo.jpg"}, {"id": "514e9778e4b08d281c16195e", "createdAt": 1364105080, "height": 720, "visibility": "public", "source": {"url": "https://foursquare.com/download/#/iphone", "name": "Foursquare for iOS"}, "prefix": "https://igx.4sqi.net/img/general/", "venue": {"like": false, "allowMenuUrlEdit": true, "location": {"crossStreet": "Puri Indah", "labeledLatLngs": [{"lng": 106.75557496378, "label": "display", "lat": -6.187864733907374}], "state": "Jakarta", "lat": -6.187864733907374, "city": "Jakarta", "formattedAddress": ["Jalan Pesanggrahan Raya No. 168M (Puri Indah)", "Jakarta Barat", "Jakarta", "Indonesia"], "lng": 106.75557496378, "address": "Jalan Pesanggrahan Raya No. 168M", "country": "Indonesia", "cc": "ID"}, "id": "50739de4e4b0a48a884115f9", "beenHere": {"lastCheckinExpiredAt": 0}, "stats": {"checkinsCount": 5423, "tipCount": 23, "usersCount": 2915}, "url": "http://www.ikkudo.com", "categories": [{"id": "4bf58dd8d48988d1d1941735", "primary": true, "icon": {"prefix": "https://ss3.4sqi.net/img/categories_v2/food/ramen_", "suffix": ".png"}, "pluralName": "Noodle Houses", "shortName": "Noodles", "name": "Noodle House"}], "venuePage": {"id": "56798324"}, "verified": true, "contact": {"formattedPhone": "+62 21 58302121", "phone": "+622158302121"}, "name": "Ikkudo Ichi"}, "width": 960, "suffix": "/1089484_ftIbPzZj3etRybUOrwj7Mnrlx8KudTbZi1P-akeM9OE.jpg"}, {"id": "511385dbe4b058fe07c98ae0", "createdAt": 1360233947, "height": 720, "visibility": "public", "source": {"url": "https://foursquare.com/download/#/iphone", "name": "Foursquare for iOS"}, "prefix": "https://igx.4sqi.net/img/general/", "venue": {"id": "4c272d84905a0f47267e6460", "like": false, "stats": {"checkinsCount": 63, "tipCount": 2, "usersCount": 33}, "beenHere": {"lastCheckinExpiredAt": 0}, "categories": [], "verified": false, "location": {"state": "Jakarta", "lat": -6.183374806055221, "city": "Jakarta", "formattedAddress": ["Jakarta", "Jakarta", "Indonesia"], "lng": 106.74964827741938, "labeledLatLngs": [{"lng": 106.74964827741938, "label": "display", "lat": -6.183374806055221}], "country": "Indonesia", "cc": "ID"}, "contact": {}, "name": "Nasi goreng cak hery"}, "width": 720, "suffix": "/1089484_gKXTUcwjybx_t_roOTZw3ct_R3CUXhyVdESNVSzJK-A.jpg"}, {"id": "510f7312e4b0ab88ac4330b6", "createdAt": 1359966994, "height": 720, "visibility": "public", "source": {"url": "https://foursquare.com/download/#/iphone", "name": "Foursquare for iOS"}, "prefix": "https://igx.4sqi.net/img/general/", "venue": {"id": "4e33a85ed4c0c083094ebe64", "like": false, "stats": {"checkinsCount": 55, "tipCount": 1, "usersCount": 42}, "beenHere": {"lastCheckinExpiredAt": 0}, "categories": [], "verified": false, "location": {"address": "Jalan perumahan puri indah Blok A 9 No. 1", "state": "Jakarta", "lat": -6.183124602683943, "city": "Jakarta", "formattedAddress": ["Jalan perumahan puri indah Blok A 9 No. 1", "Jakarta", "Jakarta", "Indonesia"], "lng": 106.75047041392739, "labeledLatLngs": [{"lng": 106.75047041392739, "label": "display", "lat": -6.183124602683943}], "country": "Indonesia", "cc": "ID"}, "contact": {}, "name": "Bakmi Bangka 777"}, "width": 960, "suffix": "/1089484_uiBJhHRZSuB33cfLm2Toz_rR92GNnF7d7sZDHK0u8CA.jpg"}, {"id": "5100027ae4b0c5476e54f26b", "createdAt": 1358955130, "height": 960, "visibility": "public", "source": {"url": "https://foursquare.com/download/#/iphone", "name": "Foursquare for iOS"}, "prefix": "https://igx.4sqi.net/img/general/", "venue": {"id": "4baeefd7f964a520dfe23be3", "like": false, "stats": {"checkinsCount": 4989, "tipCount": 47, "usersCount": 3201}, "url": "http://www.blackcatjakarta.com", "beenHere": {"lastCheckinExpiredAt": 0}, "categories": [{"id": "4bf58dd8d48988d1e7931735", "primary": true, "icon": {"prefix": "https://ss3.4sqi.net/img/categories_v2/arts_entertainment/musicvenue_jazzclub_", "suffix": ".png"}, "pluralName": "Jazz Clubs", "shortName": "Jazz Club", "name": "Jazz Club"}], "verified": false, "allowMenuUrlEdit": true, "location": {"crossStreet": "Jl. New Delhi No. 9, Pintu 1 Senayan", "labeledLatLngs": [{"lng": 106.80129826068878, "label": "display", "lat": -6.225208883724933}], "state": "Jakarta", "lat": -6.225208883724933, "postalCode": "10270", "city": "Jakarta Pusat", "formattedAddress": ["Plaza Senayan Acardia, Unit X 208/209 (Jl. New Delhi No. 9, Pintu 1 Senayan)", "Jakarta Pusat", "Jakarta 10270", "Indonesia"], "lng": 106.80129826068878, "address": "Plaza Senayan Acardia, Unit X 208/209", "country": "Indonesia", "cc": "ID"}, "contact": {"twitter": "blackcatjakarta", "formattedPhone": "+62 21 57901264", "phone": "+622157901264"}, "name": "BlackCat Jazz & Blues Club"}, "width": 720, "suffix": "/1089484_RDW1xkWT8jddpAMBW8qWHCmNZO3lhLgy2LO3dZcGRro.jpg"}, {"id": "50e7f60ee4b0ce7473b794e3", "createdAt": 1357379086, "height": 720, "visibility": "public", "source": {"url": "https://foursquare.com/download/#/iphone", "name": "Foursquare for iOS"}, "prefix": "https://igx.4sqi.net/img/general/", "venue": {"id": "4bb6feff941ad13ad33620e3", "like": false, "stats": {"checkinsCount": 9104, "tipCount": 63, "usersCount": 5122}, "url": "http://jasamargalive.com", "beenHere": {"lastCheckinExpiredAt": 0}, "categories": [{"id": "4bf58dd8d48988d130941735", "primary": true, "icon": {"prefix": "https://ss3.4sqi.net/img/categories_v2/building/default_", "suffix": ".png"}, "pluralName": "Buildings", "shortName": "Building", "name": "Building"}], "verified": false, "location": {"crossStreet": "Cikupa", "labeledLatLngs": [{"lng": 106.52227878570557, "label": "display", "lat": -6.205535868388968}], "state": "Banten", "lat": -6.205535868388968, "city": "Tangerang", "formattedAddress": ["Jalan Tol Tangerang - Merak KM. 31 (Cikupa)", "Tangerang", "Banten", "Indonesia"], "lng": 106.52227878570557, "address": "Jalan Tol Tangerang - Merak KM. 31", "country": "Indonesia", "cc": "ID"}, "contact": {"twitter": "jasamarga"}, "venueRatingBlacklisted": true, "name": "Gerbang Tol Cikupa"}, "width": 960, "suffix": "/1089484_kBDu59ARZQ1-ICleHsmy9kVPDA6xpIOMonjZNAob_cM.jpg"}, {"id": "50e04d69e4b0748c78a2ba9a", "createdAt": 1356877161, "height": 720, "visibility": "public", "source": {"url": "https://foursquare.com/download/#/iphone", "name": "Foursquare for iOS"}, "prefix": "https://igx.4sqi.net/img/general/", "venue": {"id": "4c011d1ede3376b01a44f9a4", "like": false, "stats": {"checkinsCount": 11933, "tipCount": 102, "usersCount": 6467}, "beenHere": {"lastCheckinExpiredAt": 0}, "categories": [{"id": "4bf58dd8d48988d113941735", "primary": true, "icon": {"prefix": "https://ss3.4sqi.net/img/categories_v2/food/korean_", "suffix": ".png"}, "pluralName": "Korean Restaurants", "shortName": "Korean", "name": "Korean Restaurant"}], "verified": false, "allowMenuUrlEdit": true, "location": {"address": "Jl. Darmawangsa III No. 2", "state": "Jakarta", "lat": -6.253717182503608, "postalCode": "12160", "city": "Jakarta", "formattedAddress": ["Jl. Darmawangsa III No. 2", "Jakarta Selatan", "Jakarta 12160", "Indonesia"], "lng": 106.79902911186218, "labeledLatLngs": [{"lng": 106.79902911186218, "label": "display", "lat": -6.253717182503608}], "country": "Indonesia", "cc": "ID"}, "contact": {"formattedPhone": "+62 21 7261924", "phone": "+62217261924"}, "name": "Chung Gi Wa \uccad\uae30\uc640"}, "width": 720, "suffix": "/1089484_-oCV0IjyR2pjzPYUPCevGLKFqIjzqQoYNSIx4IGHvCA.jpg"}, {"id": "50de1140e4b01e17de832574", "createdAt": 1356730688, "height": 720, "visibility": "public", "source": {"url": "https://foursquare.com/download/#/iphone", "name": "Foursquare for iOS"}, "prefix": "https://igx.4sqi.net/img/general/", "venue": {"id": "4e67e7d1b0fbcbb044516bed", "like": false, "stats": {"checkinsCount": 37, "tipCount": 0, "usersCount": 34}, "beenHere": {"lastCheckinExpiredAt": 0}, "categories": [{"id": "4bf58dd8d48988d12e941735", "primary": true, "icon": {"prefix": "https://ss3.4sqi.net/img/categories_v2/building/government_policestation_", "suffix": ".png"}, "pluralName": "Police Stations", "shortName": "Police Station", "name": "Police Station"}], "verified": false, "location": {"address": "Pancoran", "state": "Jakarta", "lat": -6.242654996164887, "city": "Jakarta", "formattedAddress": ["Pancoran", "Jakarta", "Jakarta", "Indonesia"], "lng": 106.84674704980621, "labeledLatLngs": [{"lng": 106.84674704980621, "label": "display", "lat": -6.242654996164887}], "country": "Indonesia", "cc": "ID"}, "contact": {}, "venueRatingBlacklisted": true, "name": "LakaLantas Pancoran"}, "width": 960, "suffix": "/1089484_xpAJMEJv2Ko98C5LRb8qJYYF5NohMrzCwUKPZMTUdYU.jpg"}, {"id": "50dc6076e4b042f44d676e03", "createdAt": 1356619894, "height": 720, "visibility": "public", "source": {"url": "https://foursquare.com/download/#/iphone", "name": "Foursquare for iOS"}, "prefix": "https://igx.4sqi.net/img/general/", "venue": {"id": "4b9cd30df964a520717d36e3", "like": false, "stats": {"checkinsCount": 3531, "tipCount": 34, "usersCount": 1838}, "beenHere": {"lastCheckinExpiredAt": 0}, "categories": [{"id": "4bf58dd8d48988d1cb941735", "primary": true, "icon": {"prefix": "https://ss3.4sqi.net/img/categories_v2/food/streetfood_", "suffix": ".png"}, "pluralName": "Food Trucks", "shortName": "Food Truck", "name": "Food Truck"}], "verified": false, "allowMenuUrlEdit": true, "location": {"address": "Jalan Radio Dalam", "state": "Jakarta", "lat": -6.258162148410061, "postalCode": "12140", "city": "Jakarta", "formattedAddress": ["Jalan Radio Dalam", "Jakarta Selatan", "Jakarta 12140", "Indonesia"], "lng": 106.76820065641192, "labeledLatLngs": [{"lng": 106.76820065641192, "label": "display", "lat": -6.258162148410061}], "country": "Indonesia", "cc": "ID"}, "contact": {}, "name": "Bakmi Roxy"}, "width": 960, "suffix": "/1089484_CWeVGc1ksJevwp9NDrgz0p9vtvTJJDalUMXxJLYi5Jg.jpg"}, {"id": "50d83558e4b025aef8b38f68", "createdAt": 1356346712, "height": 720, "visibility": "public", "source": {"url": "https://foursquare.com/download/#/iphone", "name": "Foursquare for iOS"}, "prefix": "https://igx.4sqi.net/img/general/", "venue": {"id": "4baf5076f964a52051f73be3", "like": false, "stats": {"checkinsCount": 2337, "tipCount": 20, "usersCount": 1505}, "beenHere": {"lastCheckinExpiredAt": 0}, "categories": [{"id": "4bf58dd8d48988d145941735", "primary": true, "icon": {"prefix": "https://ss3.4sqi.net/img/categories_v2/food/asian_", "suffix": ".png"}, "pluralName": "Chinese Restaurants", "shortName": "Chinese", "name": "Chinese Restaurant"}], "verified": false, "allowMenuUrlEdit": true, "location": {"address": "Pluit Sakti Raya 39", "state": "Jakarta", "lat": -6.122364044204634, "city": "Jakarta", "formattedAddress": ["Pluit Sakti Raya 39", "Jakarta Utara", "Jakarta", "Indonesia"], "lng": 106.78999202322284, "labeledLatLngs": [{"lng": 106.78999202322284, "label": "display", "lat": -6.122364044204634}], "country": "Indonesia", "cc": "ID"}, "contact": {}, "name": "Emie Acuan 12"}, "width": 960, "suffix": "/1089484_v662MeHL-xKXocqML-sDxGlVGsAouE7u6_4PEytM4yc.jpg"}, {"id": "50d709f6e4b0ab0edf7d2f66", "createdAt": 1356270070, "height": 960, "visibility": "public", "source": {"url": "https://foursquare.com/download/#/iphone", "name": "Foursquare for iOS"}, "prefix": "https://igx.4sqi.net/img/general/", "venue": {"id": "4bab579cf964a520dfa13ae3", "like": false, "stats": {"checkinsCount": 7795, "tipCount": 168, "usersCount": 6591}, "beenHere": {"lastCheckinExpiredAt": 0}, "categories": [{"id": "4bf58dd8d48988d1ce941735", "primary": true, "icon": {"prefix": "https://ss3.4sqi.net/img/categories_v2/food/seafood_", "suffix": ".png"}, "pluralName": "Seafood Restaurants", "shortName": "Seafood", "name": "Seafood Restaurant"}], "verified": false, "allowMenuUrlEdit": true, "location": {"address": "Jalan Kartika Plaza No. 8X", "state": "Bali", "lat": -8.727785763032179, "postalCode": "80361", "city": "Kuta", "formattedAddress": ["Jalan Kartika Plaza No. 8X", "Kuta", "Bali 80361", "Indonesia"], "lng": 115.16964554786682, "labeledLatLngs": [{"lng": 115.16964554786682, "label": "display", "lat": -8.727785763032179}], "country": "Indonesia", "cc": "ID"}, "contact": {"formattedPhone": "+62 361 754028", "phone": "+62361754028"}, "name": "Bubba Gump Shrimp Co."}, "width": 720, "suffix": "/1089484_dX29uvjr4bkAkrvdQ6qLssf4c8Zi39JP5pMeg7tUhzU.jpg"}, {"id": "50d6e484e4b004dcdfe9af03", "createdAt": 1356260484, "height": 958, "visibility": "public", "source": {"url": "https://foursquare.com/download/#/iphone", "name": "Foursquare for iOS"}, "prefix": "https://igx.4sqi.net/img/general/", "venue": {"id": "4d04c17e7ee8a090be8ff154", "like": false, "stats": {"checkinsCount": 2652, "tipCount": 88, "usersCount": 1998}, "beenHere": {"lastCheckinExpiredAt": 0}, "categories": [{"id": "4bf58dd8d48988d110941735", "primary": true, "icon": {"prefix": "https://ss3.4sqi.net/img/categories_v2/food/italian_", "suffix": ".png"}, "pluralName": "Italian Restaurants", "shortName": "Italian", "name": "Italian Restaurant"}], "verified": false, "allowMenuUrlEdit": true, "location": {"crossStreet": "Jalan Petitenget", "labeledLatLngs": [{"lng": 115.1519912481308, "label": "display", "lat": -8.682854021588213}], "state": "Bali", "lat": -8.682854021588213, "postalCode": "80361", "city": "Badung", "formattedAddress": ["Jalan Kayu Aya (Jalan Petitenget)", "Badung", "Bali 80361", "Indonesia"], "lng": 115.1519912481308, "address": "Jalan Kayu Aya", "country": "Indonesia", "cc": "ID"}, "contact": {"formattedPhone": "+62 361 730838", "phone": "+62361730838"}, "name": "La Lucciola"}, "width": 720, "suffix": "/1089484_bd6sYr5TEXXUuUvCWAdz19jPbnMFDYJP5yFF4Ba4fEA.jpg"}, {"id": "50d56dc2e4b0487c2ef30421", "createdAt": 1356164546, "height": 720, "visibility": "public", "source": {"url": "https://foursquare.com/download/#/iphone", "name": "Foursquare for iOS"}, "prefix": "https://igx.4sqi.net/img/general/", "venue": {"id": "4bb2d466a32876b05f2201fe", "like": false, "stats": {"checkinsCount": 16880, "tipCount": 262, "usersCount": 12287}, "url": "http://www.madeswarung.com", "beenHere": {"lastCheckinExpiredAt": 0}, "categories": [{"id": "52960eda3cf9994f4e043acb", "primary": true, "icon": {"prefix": "https://ss3.4sqi.net/img/categories_v2/food/indonesian_", "suffix": ".png"}, "pluralName": "Balinese Restaurants", "shortName": "Balinese", "name": "Balinese Restaurant"}], "verified": false, "allowMenuUrlEdit": true, "location": {"address": "Jl. Raya Seminyak", "state": "Bali", "lat": -8.689225446295696, "postalCode": "80361", "city": "Seminyak", "formattedAddress": ["Jl. Raya Seminyak", "Seminyak", "Bali 80361", "Indonesia"], "lng": 115.16775995492935, "labeledLatLngs": [{"lng": 115.16775995492935, "label": "display", "lat": -8.689225446295696}], "country": "Indonesia", "cc": "ID"}, "contact": {"formattedPhone": "+62 361 732130", "phone": "+62361732130"}, "name": "Made's Warung"}, "width": 960, "suffix": "/1089484_SCUlke6T2QSAst755R8bnlNA98UBWHA5doTzzwEMN14.jpg"}, {"id": "50d472bee4b0c0db4fd4a6ac", "createdAt": 1356100286, "height": 720, "visibility": "public", "source": {"url": "https://foursquare.com/download/#/iphone", "name": "Foursquare for iOS"}, "prefix": "https://igx.4sqi.net/img/general/", "venue": {"like": false, "allowMenuUrlEdit": true, "location": {"address": "Jl. Sunset Road Barat 1689", "state": "Bali", "lat": -8.685364953861017, "postalCode": "80361", "city": "Seminyak", "formattedAddress": ["Jl. Sunset Road Barat 1689", "Seminyak", "Bali 80361", "Indonesia"], "lng": 115.16942024230957, "labeledLatLngs": [{"lng": 115.16942024230957, "label": "display", "lat": -8.685364953861017}], "country": "Indonesia", "cc": "ID"}, "storeId": "", "id": "4b71026df964a52041372de3", "beenHere": {"lastCheckinExpiredAt": 0}, "stats": {"checkinsCount": 4868, "tipCount": 102, "usersCount": 3842}, "categories": [{"id": "4bf58dd8d48988d1df931735", "primary": true, "icon": {"prefix": "https://ss3.4sqi.net/img/categories_v2/food/bbqalt_", "suffix": ".png"}, "pluralName": "BBQ Joints", "shortName": "BBQ", "name": "BBQ Joint"}], "verified": true, "venuePage": {"id": "85888431"}, "contact": {"facebook": "237368923498", "facebookName": "Waroeng WAHAHA", "formattedPhone": "+62 361 8475655", "phone": "+623618475655", "facebookUsername": "WaroengWAHAHA", "twitter": "waroeng_wahaha"}, "name": "WAHAHA Pork Ribs"}, "width": 960, "suffix": "/1089484_DXQlUY7DWZ7vTZbYr1UhPVRdS4HeZxmxPJondJC0Ge4.jpg"}, {"id": "50d4375ae4b0d4529155d45e", "createdAt": 1356085082, "height": 720, "visibility": "public", "source": {"url": "https://foursquare.com/download/#/iphone", "name": "Foursquare for iOS"}, "prefix": "https://igx.4sqi.net/img/general/", "venue": {"id": "4ba7556bf964a520478c39e3", "like": false, "stats": {"checkinsCount": 22619, "tipCount": 277, "usersCount": 17156}, "beenHere": {"lastCheckinExpiredAt": 0}, "categories": [{"id": "4deefc054765f83613cdba6f", "primary": true, "icon": {"prefix": "https://ss3.4sqi.net/img/categories_v2/food/indonesian_", "suffix": ".png"}, "pluralName": "Indonesian Restaurants", "shortName": "Indonesian", "name": "Indonesian Restaurant"}], "verified": false, "allowMenuUrlEdit": true, "location": {"crossStreet": "Tuban", "labeledLatLngs": [{"lng": 115.17666220664978, "label": "display", "lat": -8.727043440251759}], "state": "Bali", "lat": -8.727043440251759, "postalCode": "80361", "city": "Badung", "formattedAddress": ["Jalan Raya Kuta Gang Kubu No. 120C (Tuban)", "Badung", "Bali 80361", "Indonesia"], "lng": 115.17666220664978, "address": "Jalan Raya Kuta Gang Kubu No. 120C", "country": "Indonesia", "cc": "ID"}, "contact": {}, "name": "Nasi Pedas Ibu Andika"}, "width": 960, "suffix": "/1089484_0ukISDBlEqZ0G6EnoP5l5U7C1dkGbS8oPRYsCjsGY2A.jpg"}, {"id": "50a3b345e4b023198aaf23a9", "createdAt": 1352905541, "height": 540, "visibility": "public", "source": {"url": "https://foursquare.com/download/#/iphone", "name": "Foursquare for iOS"}, "prefix": "https://igx.4sqi.net/img/general/", "venue": {"id": "4f62c20ae4b09987cfc8b7b9", "like": false, "stats": {"checkinsCount": 252, "tipCount": 5, "usersCount": 176}, "beenHere": {"lastCheckinExpiredAt": 0}, "categories": [{"id": "4bf58dd8d48988d149941735", "primary": true, "icon": {"prefix": "https://ss3.4sqi.net/img/categories_v2/food/thai_", "suffix": ".png"}, "pluralName": "Thai Restaurants", "shortName": "Thai", "name": "Thai Restaurant"}], "verified": false, "allowMenuUrlEdit": true, "location": {"address": "PX Pavilion", "lat": -6.187931746524984, "country": "Indonesia", "lng": 106.7382676397567, "labeledLatLngs": [{"lng": 106.7382676397567, "label": "display", "lat": -6.187931746524984}], "formattedAddress": ["PX Pavilion", "Indonesia"], "cc": "ID"}, "contact": {}, "name": "Somboon"}, "width": 720, "suffix": "/1089484_YMGlwWF04JMQ_2uZfjvVxtvXYC85Uso_mxJ_4gURSHY.jpg"}, {"id": "50a0f3a1e4b09f0186849bf0", "createdAt": 1352725409, "height": 720, "visibility": "public", "source": {"url": "https://foursquare.com/download/#/iphone", "name": "Foursquare for iOS"}, "prefix": "https://igx.4sqi.net/img/general/", "venue": {"id": "4c011d1ede3376b01a44f9a4", "like": false, "stats": {"checkinsCount": 11933, "tipCount": 102, "usersCount": 6467}, "beenHere": {"lastCheckinExpiredAt": 0}, "categories": [{"id": "4bf58dd8d48988d113941735", "primary": true, "icon": {"prefix": "https://ss3.4sqi.net/img/categories_v2/food/korean_", "suffix": ".png"}, "pluralName": "Korean Restaurants", "shortName": "Korean", "name": "Korean Restaurant"}], "verified": false, "allowMenuUrlEdit": true, "location": {"address": "Jl. Darmawangsa III No. 2", "state": "Jakarta", "lat": -6.253717182503608, "postalCode": "12160", "city": "Jakarta", "formattedAddress": ["Jl. Darmawangsa III No. 2", "Jakarta Selatan", "Jakarta 12160", "Indonesia"], "lng": 106.79902911186218, "labeledLatLngs": [{"lng": 106.79902911186218, "label": "display", "lat": -6.253717182503608}], "country": "Indonesia", "cc": "ID"}, "contact": {"formattedPhone": "+62 21 7261924", "phone": "+62217261924"}, "name": "Chung Gi Wa \uccad\uae30\uc640"}, "width": 540, "suffix": "/1089484_UpwkjYnOAwldGVGldswB2bT-0cx22LO2qKNDE2gemhc.jpg"}, {"id": "509927e8e4b09da43ebc2241", "createdAt": 1352214504, "height": 540, "visibility": "public", "source": {"url": "https://foursquare.com/download/#/iphone", "name": "Foursquare for iOS"}, "prefix": "https://igx.4sqi.net/img/general/", "venue": {"id": "4bdd677bb0f5c928d3494ce3", "like": false, "stats": {"checkinsCount": 2443, "tipCount": 5, "usersCount": 278}, "beenHere": {"lastCheckinExpiredAt": 0}, "categories": [{"id": "4d954b06a243a5684965b473", "primary": true, "icon": {"prefix": "https://ss3.4sqi.net/img/categories_v2/building/apartment_", "suffix": ".png"}, "pluralName": "Residential Buildings (Apartments / Condos)", "shortName": "Residential", "name": "Residential Building (Apartment / Condo)"}], "verified": false, "location": {"crossStreet": "Kebon Jeruk", "labeledLatLngs": [{"lng": 106.75174713134766, "label": "display", "lat": -6.179808919892201}], "state": "Jakarta", "lat": -6.179808919892201, "postalCode": "11520", "city": "Jakarta", "formattedAddress": ["Jl. Raya Kedoya Garden (Kebon Jeruk)", "Jakarta", "Jakarta 11520", "Indonesia"], "lng": 106.75174713134766, "address": "Jl. Raya Kedoya Garden", "country": "Indonesia", "cc": "ID"}, "contact": {}, "venueRatingBlacklisted": true, "name": "Kondominium Wesling Kedoya"}, "width": 720, "suffix": "/1089484_-8q07htNv-TTFTz2pH9Nk7g1gV4_GWmY9HJWtcAvAI0.jpg"}, {"id": "50988e40e4b0171c1523fcb0", "createdAt": 1352175168, "height": 540, "visibility": "public", "source": {"url": "https://foursquare.com/download/#/iphone", "name": "Foursquare for iOS"}, "prefix": "https://igx.4sqi.net/img/general/", "venue": {"id": "50988df7e4b0ffe17353fb92", "like": false, "stats": {"checkinsCount": 25, "tipCount": 0, "usersCount": 4}, "beenHere": {"lastCheckinExpiredAt": 0}, "categories": [{"id": "4f4533814b9074f6e4fb0107", "primary": true, "icon": {"prefix": "https://ss3.4sqi.net/img/categories_v2/building/school_", "suffix": ".png"}, "pluralName": "Nursery Schools", "shortName": "Nursery School", "name": "Nursery School"}], "verified": false, "location": {"crossStreet": "Taman Permata Buana", "labeledLatLngs": [{"lng": 106.74162532794281, "label": "display", "lat": -6.174959892794186}], "state": "Jakarta", "lat": -6.174959892794186, "city": "Jakarta", "formattedAddress": ["Jl Pulau Laki Raya N5/6 (Taman Permata Buana)", "Jakarta Barat", "Jakarta", "Indonesia"], "lng": 106.74162532794281, "address": "Jl Pulau Laki Raya N5/6", "country": "Indonesia", "cc": "ID"}, "contact": {"formattedPhone": "+62 21 5808570", "phone": "+62215808570"}, "venueRatingBlacklisted": true, "name": "Bumble Bee Preschool & Kindergarten"}, "width": 720, "suffix": "/1089484_BYbI_9qHcLbc8leiosgC6WkCJJzSfTzL-NTqfNMX2nU.jpg"}, {"id": "500800f8e4b040ee69472e88", "createdAt": 1342701816, "height": 540, "visibility": "public", "source": {"url": "https://foursquare.com/download/#/iphone", "name": "Foursquare for iOS"}, "prefix": "https://igx.4sqi.net/img/general/", "venue": {"id": "4bdd677bb0f5c928d3494ce3", "like": false, "stats": {"checkinsCount": 2443, "tipCount": 5, "usersCount": 278}, "beenHere": {"lastCheckinExpiredAt": 0}, "categories": [{"id": "4d954b06a243a5684965b473", "primary": true, "icon": {"prefix": "https://ss3.4sqi.net/img/categories_v2/building/apartment_", "suffix": ".png"}, "pluralName": "Residential Buildings (Apartments / Condos)", "shortName": "Residential", "name": "Residential Building (Apartment / Condo)"}], "verified": false, "location": {"crossStreet": "Kebon Jeruk", "labeledLatLngs": [{"lng": 106.75174713134766, "label": "display", "lat": -6.179808919892201}], "state": "Jakarta", "lat": -6.179808919892201, "postalCode": "11520", "city": "Jakarta", "formattedAddress": ["Jl. Raya Kedoya Garden (Kebon Jeruk)", "Jakarta", "Jakarta 11520", "Indonesia"], "lng": 106.75174713134766, "address": "Jl. Raya Kedoya Garden", "country": "Indonesia", "cc": "ID"}, "contact": {}, "venueRatingBlacklisted": true, "name": "Kondominium Wesling Kedoya"}, "width": 720, "suffix": "/GDk3pm-KeM_tnf5Y3unZqwxlVwfyqzCzGpGojk_Matw.jpg"}, {"id": "5000229fe4b045a2f5acdebf", "createdAt": 1342186143, "height": 540, "visibility": "public", "source": {"url": "https://foursquare.com/download/#/iphone", "name": "Foursquare for iOS"}, "prefix": "https://igx.4sqi.net/img/general/", "venue": {"id": "4bf69eb2bfeac9287ca29436", "closed": true, "stats": {"checkinsCount": 563, "tipCount": 6, "usersCount": 302}, "like": false, "beenHere": {"lastCheckinExpiredAt": 0}, "categories": [{"id": "4bf58dd8d48988d1c4941735", "primary": true, "icon": {"prefix": "https://ss3.4sqi.net/img/categories_v2/food/default_", "suffix": ".png"}, "pluralName": "Restaurants", "shortName": "Restaurant", "name": "Restaurant"}], "verified": false, "allowMenuUrlEdit": true, "location": {"crossStreet": "Pantai Indah Kapuk", "labeledLatLngs": [{"lng": 106.74170019978519, "label": "display", "lat": -6.11122721068756}], "state": "Jakarta", "lat": -6.11122721068756, "postalCode": "14450", "city": "Jakarta", "formattedAddress": ["Rukan Cordoba Blok B No 8 (Pantai Indah Kapuk)", "Jakarta Utara", "Jakarta 14450", "Indonesia"], "lng": 106.74170019978519, "address": "Rukan Cordoba Blok B No 8", "country": "Indonesia", "cc": "ID"}, "contact": {}, "name": "Lenggok Betawi"}, "width": 720, "suffix": "/qTWbdKAapwMM9Y7XucLFsR1TDQ9T8wiOP8shSjru0w8.jpg"}, {"id": "4fd1fedce4b0ce6ecadeced1", "createdAt": 1339162332, "height": 540, "visibility": "public", "source": {"url": "https://foursquare.com/download/#/iphone", "name": "Foursquare for iOS"}, "prefix": "https://igx.4sqi.net/img/general/", "venue": {"id": "4f62c20ae4b09987cfc8b7b9", "like": false, "stats": {"checkinsCount": 252, "tipCount": 5, "usersCount": 176}, "beenHere": {"lastCheckinExpiredAt": 0}, "categories": [{"id": "4bf58dd8d48988d149941735", "primary": true, "icon": {"prefix": "https://ss3.4sqi.net/img/categories_v2/food/thai_", "suffix": ".png"}, "pluralName": "Thai Restaurants", "shortName": "Thai", "name": "Thai Restaurant"}], "verified": false, "allowMenuUrlEdit": true, "location": {"address": "PX Pavilion", "lat": -6.187931746524984, "country": "Indonesia", "lng": 106.7382676397567, "labeledLatLngs": [{"lng": 106.7382676397567, "label": "display", "lat": -6.187931746524984}], "formattedAddress": ["PX Pavilion", "Indonesia"], "cc": "ID"}, "contact": {}, "name": "Somboon"}, "width": 720, "suffix": "/NQw_rhw9V388CRTt7EWfnBE9ENndQl6AW_WwZSa-1eI.jpg"}, {"id": "4fcccbb4e4b0ff719b77a341", "createdAt": 1338821556, "height": 540, "visibility": "public", "source": {"url": "https://foursquare.com/download/#/iphone", "name": "Foursquare for iOS"}, "prefix": "https://igx.4sqi.net/img/general/", "venue": {"id": "4eea213d0aafda6d14c4f717", "like": false, "stats": {"checkinsCount": 8, "tipCount": 0, "usersCount": 1}, "beenHere": {"lastCheckinExpiredAt": 0}, "categories": [{"id": "4bf58dd8d48988d103941735", "primary": true, "icon": {"prefix": "https://ss3.4sqi.net/img/categories_v2/building/home_", "suffix": ".png"}, "pluralName": "Homes (private)", "shortName": "Home", "name": "Home (private)"}], "verified": false, "location": {"lat": -6.183839432427608, "formattedAddress": ["Indonesia"], "country": "Indonesia", "cc": "ID", "isFuzzed": true, "lng": 106.75295142084269}, "contact": {}, "venueRatingBlacklisted": true, "name": "\u03d1un\u03b7's home"}, "width": 720, "suffix": "/yJu6qvIx7DRj41kd1d_neq0GDYbzUgedoIv70peM0Go.jpg"}, {"id": "4f969dfae4b00557e61fb207", "createdAt": 1335270906, "height": 540, "visibility": "public", "source": {"url": "https://foursquare.com/download/#/iphone", "name": "Foursquare for iOS"}, "prefix": "https://igx.4sqi.net/img/general/", "venue": {"id": "4bdd677bb0f5c928d3494ce3", "like": false, "stats": {"checkinsCount": 2443, "tipCount": 5, "usersCount": 278}, "beenHere": {"lastCheckinExpiredAt": 0}, "categories": [{"id": "4d954b06a243a5684965b473", "primary": true, "icon": {"prefix": "https://ss3.4sqi.net/img/categories_v2/building/apartment_", "suffix": ".png"}, "pluralName": "Residential Buildings (Apartments / Condos)", "shortName": "Residential", "name": "Residential Building (Apartment / Condo)"}], "verified": false, "location": {"crossStreet": "Kebon Jeruk", "labeledLatLngs": [{"lng": 106.75174713134766, "label": "display", "lat": -6.179808919892201}], "state": "Jakarta", "lat": -6.179808919892201, "postalCode": "11520", "city": "Jakarta", "formattedAddress": ["Jl. Raya Kedoya Garden (Kebon Jeruk)", "Jakarta", "Jakarta 11520", "Indonesia"], "lng": 106.75174713134766, "address": "Jl. Raya Kedoya Garden", "country": "Indonesia", "cc": "ID"}, "contact": {}, "venueRatingBlacklisted": true, "name": "Kondominium Wesling Kedoya"}, "width": 540, "suffix": "/tWWNopJ4LUS7AyjdunZIZ7LVrbsQ_tSZI4ZgrJz8MSo.jpg"}, {"id": "4f94204ee4b0b2dfd104801c", "createdAt": 1335107662, "height": 540, "visibility": "public", "source": {"url": "https://foursquare.com/download/#/iphone", "name": "Foursquare for iOS"}, "prefix": "https://igx.4sqi.net/img/general/", "venue": {"id": "4eea213d0aafda6d14c4f717", "like": false, "stats": {"checkinsCount": 8, "tipCount": 0, "usersCount": 1}, "beenHere": {"lastCheckinExpiredAt": 0}, "categories": [{"id": "4bf58dd8d48988d103941735", "primary": true, "icon": {"prefix": "https://ss3.4sqi.net/img/categories_v2/building/home_", "suffix": ".png"}, "pluralName": "Homes (private)", "shortName": "Home", "name": "Home (private)"}], "verified": false, "location": {"lat": -6.183839432427608, "formattedAddress": ["Indonesia"], "country": "Indonesia", "cc": "ID", "isFuzzed": true, "lng": 106.75295142084269}, "contact": {}, "venueRatingBlacklisted": true, "name": "\u03d1un\u03b7's home"}, "width": 542, "suffix": "/cRGvxMxDUkj6wF9yDbigHZxlV1c9BTXdfAbhmHENrbU.jpg"}, {"id": "4f8d3913e4b07efba144211c", "createdAt": 1334655251, "height": 540, "visibility": "public", "source": {"url": "https://foursquare.com/download/#/iphone", "name": "Foursquare for iOS"}, "prefix": "https://igx.4sqi.net/img/general/", "venue": {"id": "4bdd677bb0f5c928d3494ce3", "like": false, "stats": {"checkinsCount": 2443, "tipCount": 5, "usersCount": 278}, "beenHere": {"lastCheckinExpiredAt": 0}, "categories": [{"id": "4d954b06a243a5684965b473", "primary": true, "icon": {"prefix": "https://ss3.4sqi.net/img/categories_v2/building/apartment_", "suffix": ".png"}, "pluralName": "Residential Buildings (Apartments / Condos)", "shortName": "Residential", "name": "Residential Building (Apartment / Condo)"}], "verified": false, "location": {"crossStreet": "Kebon Jeruk", "labeledLatLngs": [{"lng": 106.75174713134766, "label": "display", "lat": -6.179808919892201}], "state": "Jakarta", "lat": -6.179808919892201, "postalCode": "11520", "city": "Jakarta", "formattedAddress": ["Jl. Raya Kedoya Garden (Kebon Jeruk)", "Jakarta", "Jakarta 11520", "Indonesia"], "lng": 106.75174713134766, "address": "Jl. Raya Kedoya Garden", "country": "Indonesia", "cc": "ID"}, "contact": {}, "venueRatingBlacklisted": true, "name": "Kondominium Wesling Kedoya"}, "width": 540, "suffix": "/dPRPHjsHwQRAgyxBw-V7mb1J7wLeZdS69g8pgK7g_9M.jpg"}, {"id": "4f8b904ee4b055d231ef776a", "createdAt": 1334546510, "height": 540, "visibility": "public", "source": {"url": "https://foursquare.com/download/#/iphone", "name": "Foursquare for iOS"}, "prefix": "https://igx.4sqi.net/img/general/", "venue": {"id": "4bdd677bb0f5c928d3494ce3", "like": false, "stats": {"checkinsCount": 2443, "tipCount": 5, "usersCount": 278}, "beenHere": {"lastCheckinExpiredAt": 0}, "categories": [{"id": "4d954b06a243a5684965b473", "primary": true, "icon": {"prefix": "https://ss3.4sqi.net/img/categories_v2/building/apartment_", "suffix": ".png"}, "pluralName": "Residential Buildings (Apartments / Condos)", "shortName": "Residential", "name": "Residential Building (Apartment / Condo)"}], "verified": false, "location": {"crossStreet": "Kebon Jeruk", "labeledLatLngs": [{"lng": 106.75174713134766, "label": "display", "lat": -6.179808919892201}], "state": "Jakarta", "lat": -6.179808919892201, "postalCode": "11520", "city": "Jakarta", "formattedAddress": ["Jl. Raya Kedoya Garden (Kebon Jeruk)", "Jakarta", "Jakarta 11520", "Indonesia"], "lng": 106.75174713134766, "address": "Jl. Raya Kedoya Garden", "country": "Indonesia", "cc": "ID"}, "contact": {}, "venueRatingBlacklisted": true, "name": "Kondominium Wesling Kedoya"}, "width": 540, "suffix": "/lp8IS3DkBiQCiHp7_oC4Vt930enAB-AzteVfMnpHUU8.jpg"}, {"id": "4f71d3a9e4b0be64212dbacb", "createdAt": 1332859817, "height": 537, "visibility": "public", "source": {"url": "https://foursquare.com/download/#/iphone", "name": "Foursquare for iOS"}, "prefix": "https://igx.4sqi.net/img/general/", "venue": {"id": "4bdd677bb0f5c928d3494ce3", "like": false, "stats": {"checkinsCount": 2443, "tipCount": 5, "usersCount": 278}, "beenHere": {"lastCheckinExpiredAt": 0}, "categories": [{"id": "4d954b06a243a5684965b473", "primary": true, "icon": {"prefix": "https://ss3.4sqi.net/img/categories_v2/building/apartment_", "suffix": ".png"}, "pluralName": "Residential Buildings (Apartments / Condos)", "shortName": "Residential", "name": "Residential Building (Apartment / Condo)"}], "verified": false, "location": {"crossStreet": "Kebon Jeruk", "labeledLatLngs": [{"lng": 106.75174713134766, "label": "display", "lat": -6.179808919892201}], "state": "Jakarta", "lat": -6.179808919892201, "postalCode": "11520", "city": "Jakarta", "formattedAddress": ["Jl. Raya Kedoya Garden (Kebon Jeruk)", "Jakarta", "Jakarta 11520", "Indonesia"], "lng": 106.75174713134766, "address": "Jl. Raya Kedoya Garden", "country": "Indonesia", "cc": "ID"}, "contact": {}, "venueRatingBlacklisted": true, "name": "Kondominium Wesling Kedoya"}, "width": 720, "suffix": "/in_xMY4Cb0cteFL1rlQCBuZLeLpZ1vlo7IyBtg9_T8Q.jpg"}, {"id": "4f71d371e4b04c3d16b4915f", "createdAt": 1332859761, "height": 537, "visibility": "public", "source": {"url": "https://foursquare.com/download/#/iphone", "name": "Foursquare for iOS"}, "prefix": "https://igx.4sqi.net/img/general/", "venue": {"id": "4bdd677bb0f5c928d3494ce3", "like": false, "stats": {"checkinsCount": 2443, "tipCount": 5, "usersCount": 278}, "beenHere": {"lastCheckinExpiredAt": 0}, "categories": [{"id": "4d954b06a243a5684965b473", "primary": true, "icon": {"prefix": "https://ss3.4sqi.net/img/categories_v2/building/apartment_", "suffix": ".png"}, "pluralName": "Residential Buildings (Apartments / Condos)", "shortName": "Residential", "name": "Residential Building (Apartment / Condo)"}], "verified": false, "location": {"crossStreet": "Kebon Jeruk", "labeledLatLngs": [{"lng": 106.75174713134766, "label": "display", "lat": -6.179808919892201}], "state": "Jakarta", "lat": -6.179808919892201, "postalCode": "11520", "city": "Jakarta", "formattedAddress": ["Jl. Raya Kedoya Garden (Kebon Jeruk)", "Jakarta", "Jakarta 11520", "Indonesia"], "lng": 106.75174713134766, "address": "Jl. Raya Kedoya Garden", "country": "Indonesia", "cc": "ID"}, "contact": {}, "venueRatingBlacklisted": true, "name": "Kondominium Wesling Kedoya"}, "width": 720, "suffix": "/in_xMY4Cb0cteFL1rlQCBuZLeLpZ1vlo7IyBtg9_T8Q.jpg"}], "count": 55}, "totalCount": 55}, "meta": {"code": 200, "requestId": "595a826c9fb6b77bc79a3457"}, "notifications": [{"item": {"unreadCount": 0}, "type": "notificationTray"}]}