{"response": {"photos": {"items": [{"id": "50a700aae4b0b9c730f3a956", "createdAt": 1353121962, "height": 431, "visibility": "public", "source": {"url": "https://foursquare.com/download/#/android", "name": "Foursquare for Android"}, "prefix": "https://igx.4sqi.net/img/general/", "venue": {"id": "4bd8fef82e6f0f471b820908", "like": false, "stats": {"checkinsCount": 5510, "tipCount": 30, "usersCount": 4436}, "beenHere": {"lastCheckinExpiredAt": 0}, "categories": [{"id": "4bf58dd8d48988d1e2941735", "primary": true, "icon": {"prefix": "https://ss3.4sqi.net/img/categories_v2/parks_outdoors/beach_", "suffix": ".png"}, "pluralName": "Beaches", "shortName": "Beach", "name": "Beach"}], "verified": false, "allowMenuUrlEdit": true, "location": {"address": "Bandar Penawar", "state": "Johor", "lat": 1.5476568113978946, "postalCode": "81900", "city": "Kota Tinggi", "formattedAddress": ["Bandar Penawar", "81900 Kota Tinggi, Johor", "Malaysia"], "lng": 104.2621553924342, "labeledLatLngs": [{"lng": 104.2621553924342, "label": "display", "lat": 1.5476568113978946}], "country": "Malaysia", "cc": "MY"}, "contact": {}, "name": "Desaru Beach"}, "width": 720, "suffix": "/109103_nDbOfeFBGcTPu5urje4ndmDxhVWqa5zqxuTPhBqSb0s.jpg"}, {"id": "50a1c619e4b07e7f574af8b7", "createdAt": 1352779289, "height": 720, "visibility": "public", "source": {"url": "https://foursquare.com/download/#/iphone", "name": "Foursquare for iOS"}, "prefix": "https://igx.4sqi.net/img/general/", "venue": {"like": false, "allowMenuUrlEdit": true, "location": {"address": "Jalan Teluk Datai", "state": "Kedah", "lat": 6.4288860371968495, "postalCode": "7000", "city": "Kuah", "formattedAddress": ["Jalan Teluk Datai", "7000 Langkawi, Kedah", "Malaysia"], "lng": 99.67546610013481, "labeledLatLngs": [{"lng": 99.67546610013481, "label": "display", "lat": 6.4288860371968495}], "country": "Malaysia", "cc": "MY"}, "storeId": "3528", "id": "4b8609d8f964a520467e31e3", "beenHere": {"lastCheckinExpiredAt": 0}, "stats": {"checkinsCount": 3163, "tipCount": 54, "usersCount": 1519}, "url": "http://www.spg.com/foursquare/", "categories": [{"id": "4bf58dd8d48988d12f951735", "primary": true, "icon": {"prefix": "https://ss3.4sqi.net/img/categories_v2/travel/resort_", "suffix": ".png"}, "pluralName": "Resorts", "shortName": "Resort", "name": "Resort"}], "verified": true, "contact": {"facebook": "8038492631", "facebookName": "Starwood Preferred Guest\u00ae (SPG)", "formattedPhone": "+60 4-959 1088", "phone": "+6049591088", "facebookUsername": "SPG", "twitter": "spg"}, "name": "The Andaman"}, "width": 540, "suffix": "/109103_VrVII8t_IIz6KBS-Z8l0Cu8DKcM5a1N4oWElyCHrIug.jpg"}, {"id": "509de88ce4b0d60e8d6185ef", "createdAt": 1352525964, "height": 720, "visibility": "public", "source": {"url": "https://foursquare.com/download/#/iphone", "name": "Foursquare for iOS"}, "prefix": "https://igx.4sqi.net/img/general/", "venue": {"like": false, "allowMenuUrlEdit": true, "location": {"address": "Jalan Teluk Datai", "state": "Kedah", "lat": 6.4288860371968495, "postalCode": "7000", "city": "Kuah", "formattedAddress": ["Jalan Teluk Datai", "7000 Langkawi, Kedah", "Malaysia"], "lng": 99.67546610013481, "labeledLatLngs": [{"lng": 99.67546610013481, "label": "display", "lat": 6.4288860371968495}], "country": "Malaysia", "cc": "MY"}, "storeId": "3528", "id": "4b8609d8f964a520467e31e3", "beenHere": {"lastCheckinExpiredAt": 0}, "stats": {"checkinsCount": 3163, "tipCount": 54, "usersCount": 1519}, "url": "http://www.spg.com/foursquare/", "categories": [{"id": "4bf58dd8d48988d12f951735", "primary": true, "icon": {"prefix": "https://ss3.4sqi.net/img/categories_v2/travel/resort_", "suffix": ".png"}, "pluralName": "Resorts", "shortName": "Resort", "name": "Resort"}], "verified": true, "contact": {"facebook": "8038492631", "facebookName": "Starwood Preferred Guest\u00ae (SPG)", "formattedPhone": "+60 4-959 1088", "phone": "+6049591088", "facebookUsername": "SPG", "twitter": "spg"}, "name": "The Andaman"}, "width": 540, "suffix": "/109103_lXFzUHifzXJCdMvujnMP2ZQ1fGZdP4HbBZeeW6NIbWo.jpg"}, {"id": "509cf609e4b0eaa9150548d3", "createdAt": 1352463881, "height": 720, "visibility": "public", "source": {"url": "https://foursquare.com/download/#/android", "name": "Foursquare for Android"}, "prefix": "https://igx.4sqi.net/img/general/", "venue": {"id": "4ff80d25e4b048eef81d6ace", "like": false, "stats": {"checkinsCount": 13, "tipCount": 0, "usersCount": 13}, "beenHere": {"lastCheckinExpiredAt": 0}, "categories": [{"id": "4bf58dd8d48988d111941735", "primary": true, "icon": {"prefix": "https://ss3.4sqi.net/img/categories_v2/food/japanese_", "suffix": ".png"}, "pluralName": "Japanese Restaurants", "shortName": "Japanese", "name": "Japanese Restaurant"}], "verified": false, "allowMenuUrlEdit": true, "location": {"lat": 1.3104814704263046, "formattedAddress": ["Singapore"], "country": "Singapore", "labeledLatLngs": [{"lng": 103.79482920927559, "label": "display", "lat": 1.3104814704263046}], "cc": "SG", "lng": 103.79482920927559}, "contact": {}, "name": "Hakushika Sake"}, "width": 431, "suffix": "/109103_Qh8B7GlXeMAPJrn4Sc7FpUQrOfVeXZzHPnH6M8dkWSU.jpg"}, {"id": "4fcac233e4b0ac24474d3a70", "createdAt": 1338688051, "height": 430, "visibility": "public", "source": {"url": "http://www.lightbox.com", "name": "Lightbox"}, "prefix": "https://igx.4sqi.net/img/general/", "venue": {"id": "4b058810f964a52040af22e3", "like": false, "stats": {"checkinsCount": 31329, "tipCount": 106, "usersCount": 20049}, "url": "http://www.pub.gov.sg/Marina", "beenHere": {"lastCheckinExpiredAt": 0}, "categories": [{"id": "4bf58dd8d48988d165941735", "primary": true, "icon": {"prefix": "https://ss3.4sqi.net/img/categories_v2/parks_outdoors/sceniclookout_", "suffix": ".png"}, "pluralName": "Scenic Lookouts", "shortName": "Scenic Lookout", "name": "Scenic Lookout"}], "verified": false, "location": {"lat": 1.280415059872261, "postalCode": "018951", "city": "Singapore", "formattedAddress": ["8 Marina Gardens Dr.", "018951", "Singapore"], "lng": 103.87078777953288, "address": "8 Marina Gardens Dr.", "country": "Singapore", "cc": "SG"}, "contact": {"formattedPhone": "+65 6514 5959", "phone": "+6565145959"}, "name": "Marina Barrage"}, "width": 720, "suffix": "/wL_M3lB0w2s7CHM6i7qlwgQrye3DIia3AU66XL4QPJk"}, {"id": "4f912833e4b048b2e42b087a", "createdAt": 1334913075, "height": 720, "visibility": "public", "source": {"url": "https://foursquare.com/download/#/iphone", "name": "Foursquare for iOS"}, "prefix": "https://igx.4sqi.net/img/general/", "venue": {"id": "4e97cd4d8b810941da739018", "like": false, "stats": {"checkinsCount": 2081, "tipCount": 29, "usersCount": 1139}, "url": "http://www.mercurekrabideevana.com", "beenHere": {"lastCheckinExpiredAt": 0}, "categories": [{"id": "4bf58dd8d48988d1fa931735", "primary": true, "icon": {"prefix": "https://ss3.4sqi.net/img/categories_v2/travel/hotel_", "suffix": ".png"}, "pluralName": "Hotels", "shortName": "Hotel", "name": "Hotel"}], "verified": false, "allowMenuUrlEdit": true, "location": {"address": "186 Moo 3 Ao Nang Soi 8", "state": "\u0e08\u0e31\u0e07\u0e2b\u0e27\u0e31\u0e14\u0e01\u0e23\u0e30\u0e1a\u0e35\u0e48", "lat": 8.04251061244339, "postalCode": "81000", "city": "Ao Nang", "formattedAddress": ["186 Moo 3 Ao Nang Soi 8", "Ao Nang", "\u0e08\u0e31\u0e07\u0e2b\u0e27\u0e31\u0e14\u0e01\u0e23\u0e30\u0e1a\u0e35\u0e48 81000", "\u0e1b\u0e23\u0e30\u0e40\u0e17\u0e28\u0e44\u0e17\u0e22"], "lng": 98.81799680739164, "labeledLatLngs": [{"lng": 98.81799680739164, "label": "display", "lat": 8.04251061244339}], "country": "\u0e1b\u0e23\u0e30\u0e40\u0e17\u0e28\u0e44\u0e17\u0e22", "cc": "TH"}, "contact": {"formattedPhone": "+66 75 639 999", "phone": "+6675639999"}, "name": "Mercure Krabi Deevana"}, "width": 540, "suffix": "/XHwRsW9iWKKn-F0WXSoyV3qpjBfQkVs7eT6QDHBHhrA.jpg"}, {"id": "4f9127fce4b0d7edb476fbe4", "createdAt": 1334913020, "height": 720, "visibility": "public", "source": {"url": "https://foursquare.com/download/#/iphone", "name": "Foursquare for iOS"}, "prefix": "https://igx.4sqi.net/img/general/", "venue": {"id": "4e97cd4d8b810941da739018", "like": false, "stats": {"checkinsCount": 2081, "tipCount": 29, "usersCount": 1139}, "url": "http://www.mercurekrabideevana.com", "beenHere": {"lastCheckinExpiredAt": 0}, "categories": [{"id": "4bf58dd8d48988d1fa931735", "primary": true, "icon": {"prefix": "https://ss3.4sqi.net/img/categories_v2/travel/hotel_", "suffix": ".png"}, "pluralName": "Hotels", "shortName": "Hotel", "name": "Hotel"}], "verified": false, "allowMenuUrlEdit": true, "location": {"address": "186 Moo 3 Ao Nang Soi 8", "state": "\u0e08\u0e31\u0e07\u0e2b\u0e27\u0e31\u0e14\u0e01\u0e23\u0e30\u0e1a\u0e35\u0e48", "lat": 8.04251061244339, "postalCode": "81000", "city": "Ao Nang", "formattedAddress": ["186 Moo 3 Ao Nang Soi 8", "Ao Nang", "\u0e08\u0e31\u0e07\u0e2b\u0e27\u0e31\u0e14\u0e01\u0e23\u0e30\u0e1a\u0e35\u0e48 81000", "\u0e1b\u0e23\u0e30\u0e40\u0e17\u0e28\u0e44\u0e17\u0e22"], "lng": 98.81799680739164, "labeledLatLngs": [{"lng": 98.81799680739164, "label": "display", "lat": 8.04251061244339}], "country": "\u0e1b\u0e23\u0e30\u0e40\u0e17\u0e28\u0e44\u0e17\u0e22", "cc": "TH"}, "contact": {"formattedPhone": "+66 75 639 999", "phone": "+6675639999"}, "name": "Mercure Krabi Deevana"}, "width": 540, "suffix": "/BGU1f5j8b0oazRVvZ35th2SMpgEE1CFwnVHONLFQdZg.jpg"}, {"id": "4f529a98e4b0639bb9784d01", "createdAt": 1330813592, "height": 430, "visibility": "public", "source": {"url": "http://www.lightbox.com", "name": "Lightbox"}, "prefix": "https://igx.4sqi.net/img/general/", "venue": {"id": "4f4c4593e4b0acb46643ebcf", "closed": true, "stats": {"checkinsCount": 166, "tipCount": 0, "usersCount": 117}, "like": false, "beenHere": {"lastCheckinExpiredAt": 0}, "categories": [{"id": "4bf58dd8d48988d1f4931735", "primary": true, "icon": {"prefix": "https://ss3.4sqi.net/img/categories_v2/arts_entertainment/racetrack_", "suffix": ".png"}, "pluralName": "Racetracks", "shortName": "Racetrack", "name": "Racetrack"}], "verified": false, "allowMenuUrlEdit": true, "location": {"lat": 1.2914604234127744, "city": "Singapore", "formattedAddress": ["F1 Pit Building", "Singapore"], "lng": 103.8633134463563, "address": "F1 Pit Building", "country": "Singapore", "cc": "SG"}, "contact": {}, "name": "OCBC Cycle Singapore 2012"}, "width": 720, "suffix": "/mi5S8mrvU7bLL4HPD9LSyDfrxPl7QLy558b5xLHTuRg"}, {"id": "4f3f006fe4b0ae0654a2d3b3", "createdAt": 1329528943, "height": 430, "visibility": "public", "source": {"url": "http://www.lightbox.com", "name": "Lightbox"}, "prefix": "https://igx.4sqi.net/img/general/", "venue": {"id": "4b05880ef964a520c6ae22e3", "like": false, "stats": {"checkinsCount": 9470, "tipCount": 61, "usersCount": 4269}, "beenHere": {"lastCheckinExpiredAt": 0}, "categories": [{"id": "56aa371be4b08b9a8d573541", "primary": true, "icon": {"prefix": "https://ss3.4sqi.net/img/categories_v2/parks_outdoors/lake_", "suffix": ".png"}, "pluralName": "Reservoirs", "shortName": "Reservoir", "name": "Reservoir"}], "verified": false, "location": {"crossStreet": "off Lornie Rd", "labeledLatLngs": [{"lng": 103.83428069060174, "label": "display", "lat": 1.3417271098473882}], "lat": 1.3417271098473882, "city": "Singapore", "formattedAddress": ["Reservoir Rd (off Lornie Rd)", "Singapore"], "lng": 103.83428069060174, "address": "Reservoir Rd", "country": "Singapore", "cc": "SG"}, "contact": {}, "name": "MacRitchie Reservoir Park"}, "width": 720, "suffix": "/cWXkLD78FkOOL-Qs9-N_nsmwvi5k7q0hEBOL-LCezY4"}, {"id": "4f28cbd3e4b0a2a2c35ca7d6", "createdAt": 1328073683, "height": 430, "visibility": "public", "source": {"url": "http://www.lightbox.com", "name": "Lightbox"}, "prefix": "https://igx.4sqi.net/img/general/", "venue": {"id": "4b7bd4fbf964a520ca6f2fe3", "closed": true, "stats": {"checkinsCount": 1399, "tipCount": 12, "usersCount": 924}, "like": false, "beenHere": {"lastCheckinExpiredAt": 0}, "categories": [{"id": "4bf58dd8d48988d162941735", "primary": true, "icon": {"prefix": "https://ss3.4sqi.net/img/categories_v2/parks_outdoors/outdoors_", "suffix": ".png"}, "pluralName": "Other Great Outdoors", "shortName": "Other Outdoors", "name": "Other Great Outdoors"}], "verified": false, "location": {"crossStreet": "Area E Car Park E2", "lat": 1.3061218298485213, "postalCode": "449886", "city": "Singapore", "formattedAddress": ["1212 East Coast Parkway (Area E Car Park E2)", "449886", "Singapore"], "lng": 103.93475534420946, "address": "1212 East Coast Parkway", "country": "Singapore", "cc": "SG"}, "contact": {"twitter": "manamanafaith", "formattedPhone": "+65 6339 8878", "phone": "+6563398878"}, "venueRatingBlacklisted": true, "name": "Mana Mana Beach Club"}, "width": 720, "suffix": "/EEJHXJKB0HJHBZCVMMYV0WINJCFDUUBPXTHUKZXRSKLMY2VY"}, {"id": "4f1cd242e4b035290fb42637", "createdAt": 1327288898, "height": 720, "visibility": "public", "source": {"url": "http://www.lightbox.com", "name": "Lightbox"}, "prefix": "https://igx.4sqi.net/img/general/", "venue": {"id": "4cea22fbfe90a35dab3c4c0e", "like": false, "stats": {"checkinsCount": 6138, "tipCount": 65, "usersCount": 3630}, "url": "http://www.lonepinehotel.com", "beenHere": {"lastCheckinExpiredAt": 0}, "categories": [{"id": "4bf58dd8d48988d1fa931735", "primary": true, "icon": {"prefix": "https://ss3.4sqi.net/img/categories_v2/travel/hotel_", "suffix": ".png"}, "pluralName": "Hotels", "shortName": "Hotel", "name": "Hotel"}], "verified": false, "allowMenuUrlEdit": true, "location": {"address": "97, Jalan Batu Ferringhi", "state": "Pulau Pinang", "lat": 5.475986557387153, "postalCode": "11100", "city": "Batu Feringgi", "formattedAddress": ["97, Jalan Batu Ferringhi", "11100 Batu Ferringhi, Pulau Pinang", "Malaysia"], "lng": 100.25018513202667, "labeledLatLngs": [{"lng": 100.25018513202667, "label": "display", "lat": 5.475986557387153}], "country": "Malaysia", "cc": "MY"}, "contact": {"formattedPhone": "+60 4-886 8686", "phone": "+6048868686"}, "name": "Lone Pine Hotel"}, "width": 430, "suffix": "/22HRL4VDMNCAC1NLTAPA0W1YYDWIRZZ5W4P3CEO5SRBRTFFL"}, {"id": "4f1528c0e4b0725fef525b78", "createdAt": 1326786752, "height": 720, "visibility": "public", "source": {"url": "http://www.lightbox.com", "name": "Lightbox"}, "prefix": "https://igx.4sqi.net/img/general/", "venue": {"id": "4b247077f964a5208b6724e3", "like": false, "stats": {"checkinsCount": 6579, "tipCount": 30, "usersCount": 2434}, "url": "http://www.starbucks.com.sg", "beenHere": {"lastCheckinExpiredAt": 0}, "categories": [{"id": "4bf58dd8d48988d1e0931735", "primary": true, "icon": {"prefix": "https://ss3.4sqi.net/img/categories_v2/food/coffeeshop_", "suffix": ".png"}, "pluralName": "Coffee Shops", "shortName": "Coffee Shop", "name": "Coffee Shop"}], "verified": false, "allowMenuUrlEdit": true, "location": {"crossStreet": "587 Bukit Timah Rd", "labeledLatLngs": [{"lng": 103.8103187084198, "label": "display", "lat": 1.3236918571197003}], "lat": 1.3236918571197003, "postalCode": "269707", "city": "Singapore", "formattedAddress": ["#01-03, Coronation Plaza (587 Bukit Timah Rd)", "269707", "Singapore"], "lng": 103.8103187084198, "address": "#01-03, Coronation Plaza", "country": "Singapore", "cc": "SG"}, "contact": {"twitter": "sg_starbucks", "formattedPhone": "+65 6463 5492", "phone": "+6564635492"}, "name": "Starbucks"}, "width": 430, "suffix": "/RJN2XIAXKJCSAO032UFIXFL4YTZQTSI5BUDSNK5ISJELXCCD"}, {"id": "4efdc4645c5c51dd2c5a80c9", "createdAt": 1325253732, "height": 431, "visibility": "public", "source": {"url": "https://foursquare.com/download/#/android", "name": "Foursquare for Android"}, "prefix": "https://igx.4sqi.net/img/general/", "venue": {"id": "4caf1098c5e6a1cd7e80c9f6", "like": false, "stats": {"checkinsCount": 5633, "tipCount": 118, "usersCount": 4170}, "beenHere": {"lastCheckinExpiredAt": 0}, "categories": [{"id": "4bf58dd8d48988d11e941735", "primary": true, "icon": {"prefix": "https://ss3.4sqi.net/img/categories_v2/nightlife/cocktails_", "suffix": ".png"}, "pluralName": "Cocktail Bars", "shortName": "Cocktail", "name": "Cocktail Bar"}], "verified": false, "allowMenuUrlEdit": true, "location": {"crossStreet": "80 Collyer Quay", "labeledLatLngs": [{"lng": 103.85377294296326, "label": "display", "lat": 1.2833037113265051}], "lat": 1.2833037113265051, "postalCode": "049326", "city": "Singapore", "formattedAddress": ["The Fullerton Bay Hotel (80 Collyer Quay)", "049326", "Singapore"], "lng": 103.85377294296326, "address": "The Fullerton Bay Hotel", "country": "Singapore", "cc": "SG"}, "contact": {}, "name": "Lantern"}, "width": 720, "suffix": "/MJDG1S5RYPJKFALYPIVUNUIFNKPXP0UCAKLBDDTM1S4OS0EM.jpg"}, {"id": "4e86fcfdcc21774af1e8722d", "createdAt": 1317469437, "height": 720, "visibility": "public", "source": {"url": "https://foursquare.com/download/#/android", "name": "Foursquare for Android"}, "prefix": "https://irs0.4sqi.net/img/general/", "venue": {"id": "4e2e9cf222717d70585781a8", "like": false, "stats": {"checkinsCount": 795, "tipCount": 19, "usersCount": 257}, "beenHere": {"lastCheckinExpiredAt": 0}, "categories": [{"id": "4bf58dd8d48988d110941735", "primary": true, "icon": {"prefix": "https://ss3.4sqi.net/img/categories_v2/food/italian_", "suffix": ".png"}, "pluralName": "Italian Restaurants", "shortName": "Italian", "name": "Italian Restaurant"}], "verified": false, "allowMenuUrlEdit": true, "location": {"address": "3 Binjai Park", "lat": 1.3357692732046278, "postalCode": "589819", "city": "Singapore", "formattedAddress": ["3 Binjai Park", "589819", "Singapore"], "lng": 103.7864899635315, "labeledLatLngs": [{"lng": 103.7864899635315, "label": "display", "lat": 1.3357692732046278}], "country": "Singapore", "cc": "SG"}, "contact": {"formattedPhone": "+65 6468 4886", "phone": "+6564684886"}, "name": "Capri Trattoria & Pizza"}, "width": 431, "suffix": "/EPPNP41I3BS1NNQR5VCYSPPP0P0NU3ZJFEQ4TBVKRR2PFC5G.jpg"}, {"id": "4e86a2dcdab40d37cda2f9aa", "createdAt": 1317446364, "height": 720, "visibility": "public", "source": {"url": "https://foursquare.com/download/#/android", "name": "Foursquare for Android"}, "prefix": "https://igx.4sqi.net/img/general/", "venue": {"id": "4cb9a92b0180721e04529561", "closed": true, "stats": {"checkinsCount": 3739, "tipCount": 27, "usersCount": 2307}, "like": false, "beenHere": {"lastCheckinExpiredAt": 0}, "categories": [{"id": "4bf58dd8d48988d1d0941735", "primary": true, "icon": {"prefix": "https://ss3.4sqi.net/img/categories_v2/food/dessert_", "suffix": ".png"}, "pluralName": "Dessert Shops", "shortName": "Desserts", "name": "Dessert Shop"}], "verified": false, "allowMenuUrlEdit": true, "location": {"crossStreet": "313 Orchard Rd", "labeledLatLngs": [{"lng": 103.83856773376465, "label": "display", "lat": 1.3010384992751693}], "lat": 1.3010384992751693, "postalCode": "238895", "city": "Singapore", "formattedAddress": ["#04-20 & #04-32, 313@Somerset (313 Orchard Rd)", "238895", "Singapore"], "lng": 103.83856773376465, "address": "#04-20 & #04-32, 313@Somerset", "country": "Singapore", "cc": "SG"}, "contact": {"formattedPhone": "+65 6509 0027", "phone": "+6565090027"}, "name": "Honeymoon Dessert \u9999\u6e2f\u6ee1\u8bb0\u751c\u54c1"}, "width": 431, "suffix": "/HT5MYFSRCXIOEXAMLID4Z2H31MIQCUU4DUOXAUIU1P2MAPSJ.jpg"}, {"id": "4e5e33ceb0fb27e2bd35bd49", "createdAt": 1314796494, "height": 720, "visibility": "public", "source": {"url": "https://foursquare.com/download/#/android", "name": "Foursquare for Android"}, "prefix": "https://igx.4sqi.net/img/general/", "venue": {"id": "4b5299ddf964a520928327e3", "closed": true, "stats": {"checkinsCount": 2524, "tipCount": 32, "usersCount": 1766}, "like": false, "beenHere": {"lastCheckinExpiredAt": 0}, "categories": [{"id": "4bf58dd8d48988d1d0941735", "primary": true, "icon": {"prefix": "https://ss3.4sqi.net/img/categories_v2/food/dessert_", "suffix": ".png"}, "pluralName": "Dessert Shops", "shortName": "Desserts", "name": "Dessert Shop"}], "verified": false, "allowMenuUrlEdit": true, "location": {"crossStreet": "252 North Bridge Road", "lat": 1.2934809376249723, "postalCode": "179103", "city": "Singapore", "formattedAddress": ["252 North Bridge Road #B1-46/47 Raffles City Shopping Centre (252 North Bridge Road)", "179103", "Singapore"], "lng": 103.85325771820187, "address": "252 North Bridge Road #B1-46/47 Raffles City Shopping Centre", "country": "Singapore", "cc": "SG"}, "contact": {}, "name": "Canele Patisserie Chocolaterie"}, "width": 431, "suffix": "/XIKIIA3YZ201VJDT4IPJSTQTNGJOO0354E0P1JBIMREJXVXY.jpg"}, {"id": "4e50ffe2e4cdc76dc9c68592", "createdAt": 1313931234, "height": 431, "visibility": "public", "source": {"url": "https://foursquare.com/download/#/android", "name": "Foursquare for Android"}, "prefix": "https://igx.4sqi.net/img/general/", "venue": {"id": "4bd122a4a8b3a5936b66655f", "closed": true, "stats": {"checkinsCount": 2809, "tipCount": 60, "usersCount": 2036}, "like": false, "beenHere": {"lastCheckinExpiredAt": 0}, "categories": [{"id": "4bf58dd8d48988d14e941735", "primary": true, "icon": {"prefix": "https://ss3.4sqi.net/img/categories_v2/food/default_", "suffix": ".png"}, "pluralName": "American Restaurants", "shortName": "American", "name": "American Restaurant"}], "verified": false, "allowMenuUrlEdit": true, "location": {"crossStreet": "111 Somerset Rd", "lat": 1.3005504630364297, "postalCode": "238164", "city": "Singapore", "formattedAddress": ["#01-11/12 TripleOne Somerset (111 Somerset Rd)", "238164", "Singapore"], "lng": 103.83725345134735, "address": "#01-11/12 TripleOne Somerset", "country": "Singapore", "cc": "SG"}, "contact": {"formattedPhone": "+65 6735 9671", "phone": "+6567359671"}, "name": "Applebee's"}, "width": 720, "suffix": "/BZRAE53MBHX03VHS52BUROOOJCOUKGJ1HOBWCGPP5JWEXQ1M.jpg"}, {"id": "4e48ab42183849317e94f9a4", "createdAt": 1313385282, "height": 431, "visibility": "public", "source": {"url": "https://foursquare.com/download/#/android", "name": "Foursquare for Android"}, "prefix": "https://igx.4sqi.net/img/general/", "venue": {"id": "4e256401a80967678ca3d6f2", "like": false, "stats": {"checkinsCount": 243, "tipCount": 1, "usersCount": 87}, "beenHere": {"lastCheckinExpiredAt": 0}, "categories": [{"id": "4bf58dd8d48988d16d941735", "primary": true, "icon": {"prefix": "https://ss3.4sqi.net/img/categories_v2/food/cafe_", "suffix": ".png"}, "pluralName": "Caf\u00e9s", "shortName": "Caf\u00e9", "name": "Caf\u00e9"}], "verified": false, "allowMenuUrlEdit": true, "location": {"lat": 1.2772222089625151, "formattedAddress": ["Singapore"], "country": "Singapore", "labeledLatLngs": [{"lng": 103.84663923531674, "label": "display", "lat": 1.2772222089625151}], "cc": "SG", "lng": 103.84663923531674}, "contact": {}, "name": "Da Pai Dang \u5927\u724c\u6863"}, "width": 720, "suffix": "/4MI3BLCR1ZGVA5UH5DGCGRBIGZ0PRMUN1O01WDW51QLSC34S.jpg"}], "count": 18}, "totalCount": 18}, "meta": {"code": 200, "requestId": "595a77071ed21919f8f365e8"}, "notifications": [{"item": {"unreadCount": 0}, "type": "notificationTray"}]}