{"response": {"totalCount": 2, "photos": {"count": 2, "items": [{"width": 960, "visibility": "public", "createdAt": 1387795130, "id": "52b812ba11d24d1a81e1700d", "source": {"name": "Foursquare for iOS", "url": "https://foursquare.com/download/#/iphone"}, "prefix": "https://igx.4sqi.net/img/general/", "suffix": "/1101721_Afx8QcOt4KO_c-TflZXJAac7bsnu3DlCfrzjG_gckpA.jpg", "venue": {"contact": {"twitter": "stirlinghighway", "phone": "+6564649607", "formattedPhone": "+65 6464 9607"}, "name": "Stirling Highway", "categories": [{"name": "Caf\u00e9", "shortName": "Caf\u00e9", "primary": true, "icon": {"prefix": "https://ss3.4sqi.net/img/categories_v2/food/cafe_", "suffix": ".png"}, "id": "4bf58dd8d48988d16d941735", "pluralName": "Caf\u00e9s"}], "beenHere": {"lastCheckinExpiredAt": 0}, "stats": {"checkinsCount": 136, "tipCount": 8, "usersCount": 70}, "verified": false, "id": "52a18884498e069268fb485a", "location": {"country": "Singapore", "formattedAddress": ["Unit #G1, Ridgewood Condominium (5 Ridgewood Cl.)", "276696", "Singapore"], "cc": "SG", "lat": 1.316827224920041, "labeledLatLngs": [{"lng": 103.778657913208, "lat": 1.316827224920041, "label": "display"}], "postalCode": "276696", "address": "Unit #G1, Ridgewood Condominium", "lng": 103.778657913208, "city": "Singapore", "crossStreet": "5 Ridgewood Cl."}, "like": false, "allowMenuUrlEdit": true}, "height": 720}, {"tip": {"todo": {"count": 0}, "type": "user", "agreeCount": 0, "text": "Limited free parking by the entrance. Come for their pulled pork pancakes!", "createdAt": 1387795056, "logView": true, "id": "52b8127011d2649fa6a3ec58", "disagreeCount": 0, "canonicalUrl": "https://foursquare.com/item/52b8127011d2649fa6a3ec58", "likes": {"groups": [], "count": 0}, "like": false}, "width": 720, "visibility": "public", "createdAt": 1387795058, "id": "52b81272498edbe6f468abe6", "source": {"name": "Foursquare for iOS", "url": "https://foursquare.com/download/#/iphone"}, "prefix": "https://igx.4sqi.net/img/general/", "suffix": "/1101721_SX4Demo_6XH7V-wUr30GMPmfaB9u2WwchPIsoQIsa1c.jpg", "venue": {"contact": {"twitter": "stirlinghighway", "phone": "+6564649607", "formattedPhone": "+65 6464 9607"}, "name": "Stirling Highway", "categories": [{"name": "Caf\u00e9", "shortName": "Caf\u00e9", "primary": true, "icon": {"prefix": "https://ss3.4sqi.net/img/categories_v2/food/cafe_", "suffix": ".png"}, "id": "4bf58dd8d48988d16d941735", "pluralName": "Caf\u00e9s"}], "beenHere": {"lastCheckinExpiredAt": 0}, "stats": {"checkinsCount": 136, "tipCount": 8, "usersCount": 70}, "verified": false, "id": "52a18884498e069268fb485a", "location": {"country": "Singapore", "formattedAddress": ["Unit #G1, Ridgewood Condominium (5 Ridgewood Cl.)", "276696", "Singapore"], "cc": "SG", "lat": 1.316827224920041, "labeledLatLngs": [{"lng": 103.778657913208, "lat": 1.316827224920041, "label": "display"}], "postalCode": "276696", "address": "Unit #G1, Ridgewood Condominium", "lng": 103.778657913208, "city": "Singapore", "crossStreet": "5 Ridgewood Cl."}, "like": false, "allowMenuUrlEdit": true}, "height": 960}]}}, "notifications": [{"type": "notificationTray", "item": {"unreadCount": 0}}], "meta": {"requestId": "595b8617db04f562ef8abcd4", "code": 200}}