{"meta": {"code": 200, "requestId": "595b03ea4434b96bc8cf6084"}, "notifications": [{"item": {"unreadCount": 0}, "type": "notificationTray"}], "response": {"photos": {"items": [{"height": 720, "source": {"url": "https://foursquare.com/download/#/android", "name": "Foursquare for Android"}, "width": 540, "prefix": "https://igx.4sqi.net/img/general/", "createdAt": 1325128473, "id": "4efbdb1993ad9a27983bbcdc", "venue": {"url": "http://www.caffe-d-oro.com", "like": false, "location": {"formattedAddress": ["41 Moo 13 Bang Na-Trat Rd (inbound, km 6, at Shell)", "Bang Phli", "\u0e2a\u0e21\u0e38\u0e17\u0e23\u0e1b\u0e23\u0e32\u0e01\u0e32\u0e23 10540", "\u0e1b\u0e23\u0e30\u0e40\u0e17\u0e28\u0e44\u0e17\u0e22"], "city": "Bang Phli", "lng": 100.66738643589314, "cc": "TH", "state": "\u0e2a\u0e21\u0e38\u0e17\u0e23\u0e1b\u0e23\u0e32\u0e01\u0e32\u0e23", "crossStreet": "inbound, km 6, at Shell", "lat": 13.657184971766325, "address": "41 Moo 13 Bang Na-Trat Rd", "labeledLatLngs": [{"label": "display", "lat": 13.657184971766325, "lng": 100.66738643589314}], "postalCode": "10540", "country": "\u0e1b\u0e23\u0e30\u0e40\u0e17\u0e28\u0e44\u0e17\u0e22"}, "categories": [{"icon": {"prefix": "https://ss3.4sqi.net/img/categories_v2/food/coffeeshop_", "suffix": ".png"}, "name": "Coffee Shop", "id": "4bf58dd8d48988d1e0931735", "pluralName": "Coffee Shops", "primary": true, "shortName": "Coffee Shop"}], "verified": true, "contact": {"twitter": "caffe_d_oro", "facebookName": "Caff\u00e8 D\u00b4 Oro", "formattedPhone": "+66 2 740 2063", "phone": "+6627402063", "facebookUsername": "caffe.d.oro", "facebook": "283758570247"}, "allowMenuUrlEdit": true, "stats": {"tipCount": 6, "usersCount": 486, "checkinsCount": 1013}, "id": "4d32aab65c2db60ccb83c46c", "name": "Caff\u00e8 D\u00b4Oro (\u0e04\u0e32\u0e40\u0e1f \u0e14\u0e34\u0e42\u0e2d\u0e42\u0e23\u0e48)", "beenHere": {"lastCheckinExpiredAt": 0}}, "suffix": "/QMOYCMFZ2VOFHHEX0IAEUGIUDBH41WZWJGRREBNIY5U4QRXO.jpg", "visibility": "public"}, {"height": 720, "source": {"url": "https://foursquare.com/download/#/android", "name": "Foursquare for Android"}, "width": 540, "prefix": "https://igx.4sqi.net/img/general/", "createdAt": 1323684076, "id": "4ee5d0ec77c8e8931964c7fe", "venue": {"location": {"formattedAddress": ["CentralWorld (6th Fl., Beacon Zone)", "\u0e1b\u0e17\u0e38\u0e21\u0e27\u0e31\u0e19", "\u0e01\u0e23\u0e38\u0e07\u0e40\u0e17\u0e1e\u0e21\u0e2b\u0e32\u0e19\u0e04\u0e23 10330", "\u0e1b\u0e23\u0e30\u0e40\u0e17\u0e28\u0e44\u0e17\u0e22"], "city": "\u0e1b\u0e17\u0e38\u0e21\u0e27\u0e31\u0e19", "lng": 100.53972323288338, "cc": "TH", "state": "\u0e01\u0e23\u0e38\u0e07\u0e40\u0e17\u0e1e\u0e21\u0e2b\u0e32\u0e19\u0e04\u0e23", "lat": 13.746902611914154, "address": "CentralWorld", "crossStreet": "6th Fl., Beacon Zone", "postalCode": "10330", "country": "\u0e1b\u0e23\u0e30\u0e40\u0e17\u0e28\u0e44\u0e17\u0e22"}, "contact": {"twitter": "sfree_parferio"}, "verified": false, "allowMenuUrlEdit": true, "stats": {"tipCount": 42, "usersCount": 2777, "checkinsCount": 4155}, "id": "4cf749c2dc40a35d67d64c54", "url": "http://www.sfree.co.th", "closed": true, "like": false, "categories": [{"icon": {"prefix": "https://ss3.4sqi.net/img/categories_v2/food/dessert_", "suffix": ".png"}, "name": "Dessert Shop", "id": "4bf58dd8d48988d1d0941735", "pluralName": "Dessert Shops", "primary": true, "shortName": "Desserts"}], "beenHere": {"lastCheckinExpiredAt": 0}, "name": "Parferio (\u0e1e\u0e32\u0e23\u0e4c\u0e40\u0e1f\u0e23\u0e34\u0e42\u0e2d\u0e49)"}, "suffix": "/JQ4HIZ0KL4OTPW5BQWYPJKP3UAP04NFOWEW1EUWVN15VA0RG.jpg", "visibility": "public"}, {"height": 720, "source": {"url": "https://foursquare.com/download/#/android", "name": "Foursquare for Android"}, "width": 540, "prefix": "https://igx.4sqi.net/img/general/", "createdAt": 1323683989, "id": "4ee5d095991194490249f527", "venue": {"location": {"formattedAddress": ["CentralWorld (6th Fl., Beacon Zone)", "\u0e1b\u0e17\u0e38\u0e21\u0e27\u0e31\u0e19", "\u0e01\u0e23\u0e38\u0e07\u0e40\u0e17\u0e1e\u0e21\u0e2b\u0e32\u0e19\u0e04\u0e23 10330", "\u0e1b\u0e23\u0e30\u0e40\u0e17\u0e28\u0e44\u0e17\u0e22"], "city": "\u0e1b\u0e17\u0e38\u0e21\u0e27\u0e31\u0e19", "lng": 100.53972323288338, "cc": "TH", "state": "\u0e01\u0e23\u0e38\u0e07\u0e40\u0e17\u0e1e\u0e21\u0e2b\u0e32\u0e19\u0e04\u0e23", "lat": 13.746902611914154, "address": "CentralWorld", "crossStreet": "6th Fl., Beacon Zone", "postalCode": "10330", "country": "\u0e1b\u0e23\u0e30\u0e40\u0e17\u0e28\u0e44\u0e17\u0e22"}, "contact": {"twitter": "sfree_parferio"}, "verified": false, "allowMenuUrlEdit": true, "stats": {"tipCount": 42, "usersCount": 2777, "checkinsCount": 4155}, "id": "4cf749c2dc40a35d67d64c54", "url": "http://www.sfree.co.th", "closed": true, "like": false, "categories": [{"icon": {"prefix": "https://ss3.4sqi.net/img/categories_v2/food/dessert_", "suffix": ".png"}, "name": "Dessert Shop", "id": "4bf58dd8d48988d1d0941735", "pluralName": "Dessert Shops", "primary": true, "shortName": "Desserts"}], "beenHere": {"lastCheckinExpiredAt": 0}, "name": "Parferio (\u0e1e\u0e32\u0e23\u0e4c\u0e40\u0e1f\u0e23\u0e34\u0e42\u0e2d\u0e49)"}, "suffix": "/JQ4HIZ0KL4OTPW5BQWYPJKP3UAP04NFOWEW1EUWVN15VA0RG.jpg", "visibility": "public"}, {"height": 370, "source": {"url": "https://foursquare.com/download/#/blackberry", "name": "Foursquare for BlackBerry"}, "width": 370, "prefix": "https://igx.4sqi.net/img/general/", "createdAt": 1311488640, "id": "4e2bba80483bb05f05a223cd", "venue": {"like": false, "location": {"formattedAddress": ["Central Chidlom (6th Fl.)", "\u0e1b\u0e17\u0e38\u0e21\u0e27\u0e31\u0e19", "\u0e01\u0e23\u0e38\u0e07\u0e40\u0e17\u0e1e\u0e21\u0e2b\u0e32\u0e19\u0e04\u0e23 10330", "\u0e1b\u0e23\u0e30\u0e40\u0e17\u0e28\u0e44\u0e17\u0e22"], "city": "\u0e1b\u0e17\u0e38\u0e21\u0e27\u0e31\u0e19", "lng": 100.5443425607202, "cc": "TH", "state": "\u0e01\u0e23\u0e38\u0e07\u0e40\u0e17\u0e1e\u0e21\u0e2b\u0e32\u0e19\u0e04\u0e23", "crossStreet": "6th Fl.", "lat": 13.744876134293763, "address": "Central Chidlom", "labeledLatLngs": [{"label": "display", "lat": 13.744876134293763, "lng": 100.5443425607202}], "postalCode": "10330", "country": "\u0e1b\u0e23\u0e30\u0e40\u0e17\u0e28\u0e44\u0e17\u0e22"}, "categories": [{"icon": {"prefix": "https://ss3.4sqi.net/img/categories_v2/food/thai_", "suffix": ".png"}, "name": "Thai Restaurant", "id": "4bf58dd8d48988d149941735", "pluralName": "Thai Restaurants", "primary": true, "shortName": "Thai"}], "verified": false, "contact": {}, "allowMenuUrlEdit": true, "stats": {"tipCount": 69, "usersCount": 4643, "checkinsCount": 8151}, "id": "4bd3d665a8b3a59357f96a5f", "name": "The Terrace (\u0e40\u0e14\u0e2d\u0e30 \u0e40\u0e17\u0e2d\u0e40\u0e23\u0e2a)", "beenHere": {"lastCheckinExpiredAt": 0}}, "suffix": "/SM00QXGW5WIGTGE2LGNKGOJ5D21BHDDDYAOK0ILF5OM0AQJD.jpg", "visibility": "public"}, {"height": 370, "source": {"url": "https://foursquare.com/download/#/blackberry", "name": "Foursquare for BlackBerry"}, "width": 370, "prefix": "https://igx.4sqi.net/img/general/", "createdAt": 1311488619, "id": "4e2bba6b45dd3272c81689bc", "venue": {"like": false, "location": {"formattedAddress": ["Central Chidlom (6th Fl.)", "\u0e1b\u0e17\u0e38\u0e21\u0e27\u0e31\u0e19", "\u0e01\u0e23\u0e38\u0e07\u0e40\u0e17\u0e1e\u0e21\u0e2b\u0e32\u0e19\u0e04\u0e23 10330", "\u0e1b\u0e23\u0e30\u0e40\u0e17\u0e28\u0e44\u0e17\u0e22"], "city": "\u0e1b\u0e17\u0e38\u0e21\u0e27\u0e31\u0e19", "lng": 100.5443425607202, "cc": "TH", "state": "\u0e01\u0e23\u0e38\u0e07\u0e40\u0e17\u0e1e\u0e21\u0e2b\u0e32\u0e19\u0e04\u0e23", "crossStreet": "6th Fl.", "lat": 13.744876134293763, "address": "Central Chidlom", "labeledLatLngs": [{"label": "display", "lat": 13.744876134293763, "lng": 100.5443425607202}], "postalCode": "10330", "country": "\u0e1b\u0e23\u0e30\u0e40\u0e17\u0e28\u0e44\u0e17\u0e22"}, "categories": [{"icon": {"prefix": "https://ss3.4sqi.net/img/categories_v2/food/thai_", "suffix": ".png"}, "name": "Thai Restaurant", "id": "4bf58dd8d48988d149941735", "pluralName": "Thai Restaurants", "primary": true, "shortName": "Thai"}], "verified": false, "contact": {}, "allowMenuUrlEdit": true, "stats": {"tipCount": 69, "usersCount": 4643, "checkinsCount": 8151}, "id": "4bd3d665a8b3a59357f96a5f", "name": "The Terrace (\u0e40\u0e14\u0e2d\u0e30 \u0e40\u0e17\u0e2d\u0e40\u0e23\u0e2a)", "beenHere": {"lastCheckinExpiredAt": 0}}, "suffix": "/0E34ORYN2DRVV52RQQ2Y5DFGOGOK3SRCKVQDOPUVYB3TOWXN.jpg", "visibility": "public"}], "count": 5}, "totalCount": 5}}