{"meta": {"code": 200, "requestId": "595ad9229fb6b77bc73b5fa4"}, "notifications": [{"item": {"unreadCount": 0}, "type": "notificationTray"}], "response": {"photos": {"items": [{"height": 540, "source": {"url": "https://www.swarmapp.com", "name": "Swarm for Android"}, "width": 960, "prefix": "https://igx.4sqi.net/img/general/", "createdAt": 1433125464, "id": "556bc258498e9df887eceeed", "venue": {"location": {"formattedAddress": ["33 Jalan Seladang, Taman Abad (Taman Abad)", "80250 Johor Bahru, Johor", "Malaysia"], "city": "Johor Bahru", "lng": 103.76277842137999, "cc": "MY", "state": "Johor", "crossStreet": "Taman Abad", "lat": 1.486050555460922, "address": "33 Jalan Seladang, Taman Abad", "labeledLatLngs": [{"label": "display", "lat": 1.486050555460922, "lng": 103.76277842137999}], "postalCode": "80250", "country": "Malaysia"}, "contact": {"formattedPhone": "+60 7-288 2999", "phone": "+6072882999"}, "verified": true, "allowMenuUrlEdit": true, "stats": {"tipCount": 114, "usersCount": 8782, "checkinsCount": 15237}, "id": "51de5ce5ccda86a6009d167f", "storeId": "", "url": "http://www.kslresorts.com.my", "like": false, "categories": [{"icon": {"prefix": "https://ss3.4sqi.net/img/categories_v2/travel/hotel_", "suffix": ".png"}, "name": "Hotel", "id": "4bf58dd8d48988d1fa931735", "pluralName": "Hotels", "primary": true, "shortName": "Hotel"}], "beenHere": {"lastCheckinExpiredAt": 0}, "name": "KSL Hotel & Resort", "venuePage": {"id": "60581618"}}, "suffix": "/1106720_tfDQf8a7ZqU1DOf-7kaujFSLkQhoxK55LlypxNcu5nM.jpg", "visibility": "public"}, {"height": 1920, "source": {"url": "https://www.swarmapp.com", "name": "Swarm for iOS"}, "width": 1440, "prefix": "https://igx.4sqi.net/img/general/", "createdAt": 1423719463, "id": "54dc3c27498e8a059a3b9cf6", "venue": {"like": false, "location": {"formattedAddress": ["Level 4, Civil Service Club Bukit Batok (91 Bukit Batok West Avenue 2)", "659206", "Singapore"], "city": "Singapore", "lng": 103.74971471192819, "cc": "SG", "country": "Singapore", "crossStreet": "91 Bukit Batok West Avenue 2", "lat": 1.352476722712032, "address": "Level 4, Civil Service Club Bukit Batok", "labeledLatLngs": [{"label": "display", "lat": 1.352476722712032, "lng": 103.74971471192819}], "postalCode": "659206"}, "categories": [{"icon": {"prefix": "https://ss3.4sqi.net/img/categories_v2/arts_entertainment/bowling_", "suffix": ".png"}, "name": "Bowling Alley", "id": "4bf58dd8d48988d1e4931735", "pluralName": "Bowling Alleys", "primary": true, "shortName": "Bowling Alley"}], "verified": false, "contact": {}, "allowMenuUrlEdit": true, "stats": {"tipCount": 7, "usersCount": 1698, "checkinsCount": 4209}, "id": "4c281b15fe6e2d7f8edc523c", "name": "Westwood Bowl", "beenHere": {"lastCheckinExpiredAt": 0}}, "suffix": "/1106720_1Y1J-0KevZT_poksKfHzHRMx7TB7R3wYcRh8ahQVYvc.jpg", "visibility": "public"}, {"height": 960, "source": {"url": "https://www.swarmapp.com", "name": "Swarm for iOS"}, "width": 720, "prefix": "https://igx.4sqi.net/img/general/", "createdAt": 1414972541, "id": "5456c47d498ef31dfd87bfef", "venue": {"like": false, "location": {"formattedAddress": ["665 Buffalo Rd.", "210665", "Singapore"], "city": "Singapore", "lng": 103.85078919588194, "cc": "SG", "country": "Singapore", "lat": 1.3058911408362486, "address": "665 Buffalo Rd.", "labeledLatLngs": [{"label": "display", "lat": 1.3058911408362486, "lng": 103.85078919588194}], "postalCode": "210665"}, "categories": [{"icon": {"prefix": "https://ss3.4sqi.net/img/categories_v2/shops/market_", "suffix": ".png"}, "name": "Market", "id": "50be8ee891d4fa8dcc7199a7", "pluralName": "Markets", "primary": true, "shortName": "Market"}], "verified": false, "contact": {}, "allowMenuUrlEdit": true, "stats": {"tipCount": 133, "usersCount": 6939, "checkinsCount": 16334}, "id": "4b058818f964a520a2b122e3", "name": "Tekka Centre \u7af9\u811a\u4e2d\u5fc3", "beenHere": {"lastCheckinExpiredAt": 0}}, "suffix": "/1106720_SwpZaki9sH30a0GeyqFRdwhR7mW_Oe_goIJuS9swd2A.jpg", "visibility": "public"}, {"height": 960, "source": {"url": "https://www.swarmapp.com", "name": "Swarm for iOS"}, "width": 720, "prefix": "https://igx.4sqi.net/img/general/", "createdAt": 1410757328, "id": "541672d0498eabf2e0086d46", "venue": {"url": "http://bedokmall.com.sg", "like": false, "location": {"formattedAddress": ["311 New Upper Changi Rd.", "467360", "Singapore"], "city": "Singapore", "lng": 103.92936050891876, "cc": "SG", "country": "Singapore", "lat": 1.3249843365280987, "address": "311 New Upper Changi Rd.", "labeledLatLngs": [{"label": "display", "lat": 1.3249843365280987, "lng": 103.92936050891876}], "postalCode": "467360"}, "categories": [{"icon": {"prefix": "https://ss3.4sqi.net/img/categories_v2/shops/mall_", "suffix": ".png"}, "name": "Shopping Mall", "id": "4bf58dd8d48988d1fd941735", "pluralName": "Shopping Malls", "primary": true, "shortName": "Mall"}], "verified": false, "contact": {"formattedPhone": "+65 6826 5450", "phone": "+6568265450"}, "beenHere": {"lastCheckinExpiredAt": 0}, "stats": {"tipCount": 66, "usersCount": 8977, "checkinsCount": 38175}, "id": "5277d0ab11d23d421217454c", "name": "Bedok Mall"}, "suffix": "/1106720_laeFNKJpWSOEXDP5jVxrGZvB08u8yrvM2goGNytSivc.jpg", "visibility": "public"}, {"height": 960, "source": {"url": "https://www.swarmapp.com", "name": "Swarm for iOS"}, "width": 720, "prefix": "https://igx.4sqi.net/img/general/", "createdAt": 1410333434, "id": "540ffafa498e1551c2ce269e", "venue": {"location": {"formattedAddress": ["Inside Kidz Amaze @ Level 1 (333 Boon Lay Way)", "649848", "Singapore"], "city": "Singapore", "lng": 103.7062724791911, "cc": "SG", "country": "Singapore", "crossStreet": "333 Boon Lay Way", "lat": 1.3351126536446762, "address": "Inside Kidz Amaze @ Level 1", "labeledLatLngs": [{"label": "display", "lat": 1.3351126536446762, "lng": 103.7062724791911}], "postalCode": "649848"}, "contact": {"instagram": "gelaresg", "facebookName": "Gel\u00e1re SG", "formattedPhone": "+65 6795 7827", "phone": "+6567957827", "facebookUsername": "GelareSG", "facebook": "401038620672"}, "verified": false, "allowMenuUrlEdit": true, "stats": {"tipCount": 2, "usersCount": 46, "checkinsCount": 62}, "menu": {"url": "http://www.gelare.com.sg/?papp=product", "label": "Menu", "anchor": "View Menu", "mobileUrl": "http://www.gelare.com.sg/?papp=product", "type": "Menu", "externalUrl": "http://www.gelare.com.sg/?papp=product"}, "beenHere": {"lastCheckinExpiredAt": 0}, "url": "http://www.gelare.com.sg", "like": false, "categories": [{"icon": {"prefix": "https://ss3.4sqi.net/img/categories_v2/food/dessert_", "suffix": ".png"}, "name": "Dessert Shop", "id": "4bf58dd8d48988d1d0941735", "pluralName": "Dessert Shops", "primary": true, "shortName": "Desserts"}], "id": "51beaab1498e121aba9511d3", "name": "Gel\u00e0re"}, "suffix": "/1106720_C-JoQnyO9ue_XHaLbvNMgqpBjiwiLnTct3rFDUde2Rw.jpg", "visibility": "public"}, {"height": 960, "source": {"url": "https://www.swarmapp.com", "name": "Swarm for iOS"}, "width": 720, "prefix": "https://igx.4sqi.net/img/general/", "createdAt": 1409277274, "id": "53ffdd5a498ea4c4707dfcc3", "venue": {"venueRatingBlacklisted": true, "like": false, "location": {"formattedAddress": ["8 Jurong Town Hall Rd.", "609434", "Singapore"], "city": "Singapore", "lng": 103.74181509017944, "cc": "SG", "country": "Singapore", "lat": 1.3312214787049923, "address": "8 Jurong Town Hall Rd.", "labeledLatLngs": [{"label": "display", "lat": 1.3312214787049923, "lng": 103.74181509017944}], "postalCode": "609434"}, "categories": [{"icon": {"prefix": "https://ss3.4sqi.net/img/categories_v2/building/default_", "suffix": ".png"}, "name": "Office", "id": "4bf58dd8d48988d124941735", "pluralName": "Offices", "primary": true, "shortName": "Office"}], "verified": false, "contact": {}, "beenHere": {"lastCheckinExpiredAt": 0}, "stats": {"tipCount": 5, "usersCount": 1082, "checkinsCount": 4734}, "id": "4b9e0edcf964a52078c836e3", "name": "The JTC Summit"}, "suffix": "/1106720_2Z9079ZdNq8okvv9euwRWCAl6IfPCu01W8ICoGEBAwI.jpg", "visibility": "public"}, {"height": 960, "source": {"url": "https://foursquare.com/download/#/iphone", "name": "Foursquare for iOS"}, "width": 720, "prefix": "https://igx.4sqi.net/img/general/", "createdAt": 1399513553, "id": "536ae1d1498ed457ea96fb1e", "venue": {"venueRatingBlacklisted": true, "like": false, "location": {"lng": 103.71079705248306, "cc": "SG", "country": "Singapore", "lat": 1.3097644767481686, "address": "18 Jurong Pier Road", "labeledLatLngs": [{"label": "display", "lat": 1.3097644767481686, "lng": 103.71079705248306}], "formattedAddress": ["18 Jurong Pier Road", "Singapore"]}, "categories": [{"icon": {"prefix": "https://ss3.4sqi.net/img/categories_v2/building/default_", "suffix": ".png"}, "name": "Building", "id": "4bf58dd8d48988d130941735", "pluralName": "Buildings", "primary": true, "shortName": "Building"}], "verified": false, "contact": {}, "beenHere": {"lastCheckinExpiredAt": 0}, "stats": {"tipCount": 5, "usersCount": 1101, "checkinsCount": 5651}, "id": "4c91e551ae45224b5774eb97", "name": "Jurong Island Checkpoint"}, "suffix": "/1106720_ZXs__vR1GdC9vfXtSnhgcs2g1q2rDLKQ8f_0FSMvFx8.jpg", "visibility": "public"}, {"height": 960, "source": {"url": "https://foursquare.com/download/#/iphone", "name": "Foursquare for iOS"}, "width": 720, "prefix": "https://igx.4sqi.net/img/general/", "createdAt": 1397110569, "id": "53463729498e2b82dbbb2478", "venue": {"venueRatingBlacklisted": true, "like": false, "location": {"city": "Singapore", "lng": 103.79847388483468, "cc": "SG", "country": "Singapore", "lat": 1.4584613203217924, "address": "Senoko Loop", "labeledLatLngs": [{"label": "display", "lat": 1.4584613203217924, "lng": 103.79847388483468}], "formattedAddress": ["Senoko Loop", "Singapore"]}, "categories": [{"icon": {"prefix": "https://ss3.4sqi.net/img/categories_v2/travel/highway_", "suffix": ".png"}, "name": "Road", "id": "4bf58dd8d48988d1f9931735", "pluralName": "Roads", "primary": true, "shortName": "Road"}], "verified": false, "contact": {}, "beenHere": {"lastCheckinExpiredAt": 0}, "stats": {"tipCount": 0, "usersCount": 29, "checkinsCount": 84}, "id": "4cd0c4ae7561236a24642ef3", "name": "Senoko Loop"}, "suffix": "/1106720_Kee_wqIoAvhgGfhTXH6Yf31jgS8gv3zHP6dasj9r4-Y.jpg", "visibility": "public"}, {"height": 720, "source": {"url": "https://foursquare.com/download/#/iphone", "name": "Foursquare for iOS"}, "width": 960, "prefix": "https://igx.4sqi.net/img/general/", "createdAt": 1378958123, "id": "52313b2b11d279f8cfd77392", "venue": {"like": false, "location": {"lng": 103.740141, "cc": "SG", "country": "Singapore", "lat": 1.333278, "address": "JCube", "labeledLatLngs": [{"label": "display", "lat": 1.333278, "lng": 103.740141}], "formattedAddress": ["JCube", "Singapore"]}, "categories": [{"icon": {"prefix": "https://ss3.4sqi.net/img/categories_v2/food/indonesian_", "suffix": ".png"}, "name": "Indonesian Restaurant", "id": "4deefc054765f83613cdba6f", "pluralName": "Indonesian Restaurants", "primary": true, "shortName": "Indonesian"}], "verified": false, "contact": {}, "allowMenuUrlEdit": true, "stats": {"tipCount": 0, "usersCount": 2, "checkinsCount": 4}, "id": "52313ae3498e48045fea0df6", "name": "Indonesia BBQ", "beenHere": {"lastCheckinExpiredAt": 0}}, "suffix": "/1106720_I3QO_FCXRAL8tBmTO3lqXAuJgczWbjSIZHv-OKaY_Ek.jpg", "visibility": "public"}, {"height": 720, "source": {"url": "https://foursquare.com/download/#/iphone", "name": "Foursquare for iOS"}, "width": 960, "prefix": "https://igx.4sqi.net/img/general/", "createdAt": 1376784822, "id": "521011b611d2188132df2960", "venue": {"like": false, "location": {"cc": "SG", "country": "Singapore", "lat": 1.350494, "lng": 103.718309, "labeledLatLngs": [{"label": "display", "lat": 1.350494, "lng": 103.718309}], "formattedAddress": ["Singapore"]}, "categories": [], "verified": false, "contact": {}, "beenHere": {"lastCheckinExpiredAt": 0}, "stats": {"tipCount": 0, "usersCount": 8, "checkinsCount": 43}, "id": "4d3ebcc884d46ea809b7115d", "name": "Kumon @ Blk 502 Jurong West"}, "suffix": "/1106720_xcB5wGmRmj4WTfwECfbLWf-7YyJj-_qqIxsW5SMHHUI.jpg", "visibility": "public"}, {"height": 960, "source": {"url": "https://foursquare.com/download/#/iphone", "name": "Foursquare for iOS"}, "width": 720, "prefix": "https://igx.4sqi.net/img/general/", "createdAt": 1369882162, "id": "51a6be32498e3788da4c6b92", "venue": {"venueRatingBlacklisted": true, "like": false, "location": {"city": "Singapore", "lng": 103.84732428146437, "cc": "SG", "country": "Singapore", "crossStreet": "100 Bukit Timah Road", "lat": 1.3102136569933103, "address": "KK Women's & Children's Hospital", "labeledLatLngs": [{"label": "display", "lat": 1.3102136569933103, "lng": 103.84732428146437}], "formattedAddress": ["KK Women's & Children's Hospital (100 Bukit Timah Road)", "Singapore"]}, "categories": [{"icon": {"prefix": "https://ss3.4sqi.net/img/categories_v2/building/medical_", "suffix": ".png"}, "name": "Hospital", "id": "4bf58dd8d48988d196941735", "pluralName": "Hospitals", "primary": true, "shortName": "Hospital"}], "verified": false, "contact": {}, "beenHere": {"lastCheckinExpiredAt": 0}, "stats": {"tipCount": 0, "usersCount": 123, "checkinsCount": 211}, "id": "4d0efea3d21db60c30022218", "name": "KKH Cardiac Centre"}, "suffix": "/1106720_6NVDYW9luHhApyFpyKLsr8ex1Hr52FKlFxjKz4zY8Nc.jpg", "visibility": "public"}, {"height": 720, "source": {"url": "https://foursquare.com/download/#/iphone", "name": "Foursquare for iOS"}, "width": 960, "prefix": "https://igx.4sqi.net/img/general/", "createdAt": 1369119693, "id": "519b1bcd498eb307df090cd7", "venue": {"venueRatingBlacklisted": true, "like": false, "location": {"isFuzzed": true, "cc": "SG", "country": "Singapore", "lat": 1.4534521198691641, "lng": 103.8042382193897, "formattedAddress": ["Singapore"]}, "categories": [{"icon": {"prefix": "https://ss3.4sqi.net/img/categories_v2/building/home_", "suffix": ".png"}, "name": "Home (private)", "id": "4bf58dd8d48988d103941735", "pluralName": "Homes (private)", "primary": true, "shortName": "Home"}], "verified": false, "contact": {}, "beenHere": {"lastCheckinExpiredAt": 0}, "stats": {"tipCount": 0, "usersCount": 2, "checkinsCount": 2}, "id": "4d64938e89238cfa37bd8e36", "name": "15 Woodlands Link"}, "suffix": "/1106720_8oT498ECy_i5R9fDhKEyndRB0iMeayZFRGJ43yB-_7c.jpg", "visibility": "public"}, {"height": 960, "source": {"url": "https://foursquare.com/download/#/iphone", "name": "Foursquare for iOS"}, "width": 720, "prefix": "https://igx.4sqi.net/img/general/", "createdAt": 1369119515, "id": "519b1b1b498ec2ce87395516", "venue": {"venueRatingBlacklisted": true, "like": false, "location": {"isFuzzed": true, "cc": "SG", "country": "Singapore", "lat": 1.4534521198691641, "lng": 103.8042382193897, "formattedAddress": ["Singapore"]}, "categories": [{"icon": {"prefix": "https://ss3.4sqi.net/img/categories_v2/building/home_", "suffix": ".png"}, "name": "Home (private)", "id": "4bf58dd8d48988d103941735", "pluralName": "Homes (private)", "primary": true, "shortName": "Home"}], "verified": false, "contact": {}, "beenHere": {"lastCheckinExpiredAt": 0}, "stats": {"tipCount": 0, "usersCount": 2, "checkinsCount": 2}, "id": "4d64938e89238cfa37bd8e36", "name": "15 Woodlands Link"}, "suffix": "/1106720_LrC8kc22HmCnmyAQX92bQtSzn-xevAJIeL8yQvMWetE.jpg", "visibility": "public"}, {"height": 960, "source": {"url": "https://foursquare.com/download/#/iphone", "name": "Foursquare for iOS"}, "width": 720, "prefix": "https://igx.4sqi.net/img/general/", "createdAt": 1359617603, "id": "510a1e43e4b0f4aaf634e0df", "venue": {"url": "http://www.schindler.sg", "like": false, "location": {"lng": 103.908721, "cc": "SG", "country": "Singapore", "lat": 1.33645, "address": "No 1 Kaki Bukit View @ Tech View Bldg Lvl 4", "labeledLatLngs": [{"label": "display", "lat": 1.33645, "lng": 103.908721}], "formattedAddress": ["No 1 Kaki Bukit View @ Tech View Bldg Lvl 4", "Singapore"]}, "categories": [{"icon": {"prefix": "https://ss3.4sqi.net/img/categories_v2/building/default_", "suffix": ".png"}, "name": "Building", "id": "4bf58dd8d48988d130941735", "pluralName": "Buildings", "primary": true, "shortName": "Building"}], "verified": false, "contact": {}, "beenHere": {"lastCheckinExpiredAt": 0}, "stats": {"tipCount": 0, "usersCount": 3, "checkinsCount": 5}, "id": "510a1e1ce4b00681600f3691", "name": "Schindler Lifts (Singapore) Pte Ltd", "venueRatingBlacklisted": true}, "suffix": "/1106720_UXyu2DGGEjHGo8JtMhhXUtC6mz6rWr6una8rFil-pwc.jpg", "visibility": "public"}, {"height": 540, "source": {"url": "https://foursquare.com/download/#/iphone", "name": "Foursquare for iOS"}, "width": 720, "prefix": "https://igx.4sqi.net/img/general/", "createdAt": 1354414341, "id": "50bab905e4b011c4a85c1467", "venue": {"like": false, "location": {"formattedAddress": ["KK Women's & Children's Hospital (100 Bukit Timah Rd.)", "229899", "Singapore"], "city": "Singapore", "lng": 103.84611271459244, "cc": "SG", "country": "Singapore", "crossStreet": "100 Bukit Timah Rd.", "lat": 1.310576869753125, "address": "KK Women's & Children's Hospital", "labeledLatLngs": [{"label": "display", "lat": 1.310576869753125, "lng": 103.84611271459244}], "postalCode": "229899"}, "categories": [{"icon": {"prefix": "https://ss3.4sqi.net/img/categories_v2/shops/food_foodcourt_", "suffix": ".png"}, "name": "Food Court", "id": "4bf58dd8d48988d120951735", "pluralName": "Food Courts", "primary": true, "shortName": "Food Court"}], "verified": false, "contact": {}, "allowMenuUrlEdit": true, "stats": {"tipCount": 27, "usersCount": 1507, "checkinsCount": 3074}, "id": "4c7f2fe9fb74236a4492f9b9", "name": "Kopitiam", "beenHere": {"lastCheckinExpiredAt": 0}}, "suffix": "/1106720_lU4EKSYsmaHe6GaW54bVCLZpEYEC5_K8eXSrzrrHJH8.jpg", "visibility": "public"}, {"height": 720, "source": {"url": "https://foursquare.com/download/#/iphone", "name": "Foursquare for iOS"}, "width": 540, "prefix": "https://igx.4sqi.net/img/general/", "createdAt": 1354330228, "id": "50b97074e4b09e57619dcae6", "venue": {"like": false, "location": {"formattedAddress": ["Lv 1, KK Women\u2019s and Children\u2019s Hospital (100 Bukit Timah Rd.))", "229899", "Singapore"], "city": "Singapore", "lng": 103.84710348108912, "cc": "SG", "country": "Singapore", "crossStreet": "100 Bukit Timah Rd.)", "lat": 1.3107825938017534, "address": "Lv 1, KK Women\u2019s and Children\u2019s Hospital", "labeledLatLngs": [{"label": "display", "lat": 1.3107825938017534, "lng": 103.84710348108912}], "postalCode": "229899"}, "categories": [{"icon": {"prefix": "https://ss3.4sqi.net/img/categories_v2/shops/giftshop_", "suffix": ".png"}, "name": "Gift Shop", "id": "4bf58dd8d48988d128951735", "pluralName": "Gift Shops", "primary": true, "shortName": "Gift Shop"}], "verified": false, "contact": {}, "allowMenuUrlEdit": true, "stats": {"tipCount": 0, "usersCount": 12, "checkinsCount": 14}, "id": "4c6ccdbca437224b317b2bb1", "name": "The Choice Gift House", "beenHere": {"lastCheckinExpiredAt": 0}}, "suffix": "/1106720_iYYhTZfq4hjszmB-KJ4uevdSCfQGCqh5IBuUPyPchFM.jpg", "visibility": "public"}, {"height": 720, "source": {"url": "https://foursquare.com/download/#/iphone", "name": "Foursquare for iOS"}, "width": 540, "prefix": "https://igx.4sqi.net/img/general/", "createdAt": 1343800129, "id": "5018c341e4b00312af995d1b", "venue": {"venueRatingBlacklisted": true, "like": false, "location": {"formattedAddress": ["Jln Mempurong", "759055", "Singapore"], "city": "Singapore", "lng": 103.84182136372836, "cc": "SG", "country": "Singapore", "lat": 1.4589298333377698, "address": "Jln Mempurong", "labeledLatLngs": [{"label": "display", "lat": 1.4589298333377698, "lng": 103.84182136372836}], "postalCode": "759055"}, "categories": [{"icon": {"prefix": "https://ss3.4sqi.net/img/categories_v2/building/religious_mosque_", "suffix": ".png"}, "name": "Mosque", "id": "4bf58dd8d48988d138941735", "pluralName": "Mosques", "primary": true, "shortName": "Mosque"}], "verified": false, "contact": {}, "beenHere": {"lastCheckinExpiredAt": 0}, "stats": {"tipCount": 7, "usersCount": 511, "checkinsCount": 1994}, "id": "4c807847309aef3bbd69b581", "name": "Masjid Pertempatan Melayu Sembawang (Mosque)"}, "suffix": "/V9nYMG8VXWk5YiE_Dqv0wlNnegKkcj2mLKf7p9fPZSM.jpg", "visibility": "public"}, {"height": 540, "source": {"url": "https://foursquare.com/download/#/iphone", "name": "Foursquare for iOS"}, "width": 720, "prefix": "https://igx.4sqi.net/img/general/", "createdAt": 1341539724, "id": "4ff6458ce4b00ee3e5ae1a30", "venue": {"venueRatingBlacklisted": true, "like": false, "location": {"cc": "SG", "country": "Singapore", "lat": 1.386928, "lng": 103.693771, "labeledLatLngs": [{"label": "display", "lat": 1.386928, "lng": 103.693771}], "formattedAddress": ["Singapore"]}, "categories": [{"icon": {"prefix": "https://ss3.4sqi.net/img/categories_v2/parks_outdoors/cemetery_", "suffix": ".png"}, "name": "Cemetery", "id": "4bf58dd8d48988d15c941735", "pluralName": "Cemeteries", "primary": true, "shortName": "Cemetery"}], "verified": false, "contact": {}, "beenHere": {"lastCheckinExpiredAt": 0}, "stats": {"tipCount": 0, "usersCount": 1, "checkinsCount": 10}, "id": "4f4efe37e4b05223bafe68ff", "name": "Pusara Abadi (Ayah) N-1-3 #6700"}, "suffix": "/nhbcpEIwCxVNOUVLjDGTY_lVp284DV7EZ5J1bfpHAdY.jpg", "visibility": "public"}, {"height": 540, "source": {"url": "https://foursquare.com/download/#/iphone", "name": "Foursquare for iOS"}, "width": 540, "prefix": "https://irs0.4sqi.net/img/general/", "createdAt": 1336819680, "id": "4fae3fe0e4b0085e224bb87f", "venue": {"url": "http://www.pub.gov.sg/Marina", "like": false, "location": {"formattedAddress": ["Marina Barrage (8 Marina Gardens Dr.)", "018951", "Singapore"], "city": "Singapore", "lng": 103.87093500536439, "cc": "SG", "country": "Singapore", "crossStreet": "8 Marina Gardens Dr.", "lat": 1.2807809724667574, "address": "Marina Barrage", "labeledLatLngs": [{"label": "display", "lat": 1.2807809724667574, "lng": 103.87093500536439}], "postalCode": "018951"}, "categories": [{"icon": {"prefix": "https://ss3.4sqi.net/img/categories_v2/parks_outdoors/sceniclookout_", "suffix": ".png"}, "name": "Scenic Lookout", "id": "4bf58dd8d48988d165941735", "pluralName": "Scenic Lookouts", "primary": true, "shortName": "Scenic Lookout"}], "verified": false, "contact": {"formattedPhone": "+65 6514 5959", "twitter": "pubsingapore", "phone": "+6565145959"}, "beenHere": {"lastCheckinExpiredAt": 0}, "stats": {"tipCount": 31, "usersCount": 5274, "checkinsCount": 6968}, "id": "4c7157b834443704f093265f", "name": "Marina Barrage Roof Top"}, "suffix": "/yL4aMWSlRuowLgXRzUqGjqVdsZkb9HHLKL_jYRTXvOQ.jpg", "visibility": "public"}, {"height": 720, "source": {"url": "https://foursquare.com/download/#/iphone", "name": "Foursquare for iOS"}, "width": 540, "prefix": "https://igx.4sqi.net/img/general/", "createdAt": 1335003143, "id": "4f928807e4b03330a99e22e5", "venue": {"url": "http://sedapcorner.com", "like": false, "location": {"formattedAddress": ["282 Bedok Rd (Simpang Bedok)", "469438", "Singapore"], "city": "Singapore", "lng": 103.94818246431524, "cc": "SG", "country": "Singapore", "crossStreet": "Simpang Bedok", "lat": 1.3318604513710808, "address": "282 Bedok Rd", "labeledLatLngs": [{"label": "display", "lat": 1.3318604513710808, "lng": 103.94818246431524}], "postalCode": "469438"}, "categories": [{"icon": {"prefix": "https://ss3.4sqi.net/img/categories_v2/food/asian_", "suffix": ".png"}, "name": "Asian Restaurant", "id": "4bf58dd8d48988d142941735", "pluralName": "Asian Restaurants", "primary": true, "shortName": "Asian"}], "verified": false, "contact": {"formattedPhone": "+65 6445 9987", "phone": "+6564459987"}, "allowMenuUrlEdit": true, "stats": {"tipCount": 14, "usersCount": 789, "checkinsCount": 1054}, "id": "4bcae1de68f976b0891d6083", "name": "Sedap Corner", "beenHere": {"lastCheckinExpiredAt": 0}}, "suffix": "/9WIf1ZLjQiF8VHke9lWC4sDn6m3uAmvMaOqZqwJK_I4.jpg", "visibility": "public"}, {"height": 540, "source": {"url": "https://foursquare.com/download/#/iphone", "name": "Foursquare for iOS"}, "width": 540, "prefix": "https://igx.4sqi.net/img/general/", "createdAt": 1334735647, "id": "4f8e731fe4b0e2528653739d", "venue": {"like": false, "location": {"cc": "SG", "country": "Singapore", "lat": 1.440308, "lng": 103.801141, "labeledLatLngs": [{"label": "display", "lat": 1.440308, "lng": 103.801141}], "formattedAddress": ["Singapore"]}, "categories": [{"icon": {"prefix": "https://ss3.4sqi.net/img/categories_v2/food/dessert_", "suffix": ".png"}, "name": "Dessert Shop", "id": "4bf58dd8d48988d1d0941735", "pluralName": "Dessert Shops", "primary": true, "shortName": "Desserts"}], "verified": false, "contact": {}, "allowMenuUrlEdit": true, "stats": {"tipCount": 1, "usersCount": 1, "checkinsCount": 5}, "id": "4f868b9fe4b0fa91a1651ece", "name": "Dessert Stall @ Foodfare", "beenHere": {"lastCheckinExpiredAt": 0}}, "suffix": "/sXcOBIjouk6Ljosi_fD9PbbTm1pT5QdWCosAs0jTkvA.jpg", "visibility": "public"}, {"height": 720, "source": {"url": "https://foursquare.com/download/#/iphone", "name": "Foursquare for iOS"}, "width": 540, "prefix": "https://igx.4sqi.net/img/general/", "createdAt": 1334708424, "id": "4f8e08c8e4b0db470233fb69", "venue": {"like": false, "location": {"city": "Singapore", "lng": 103.82557433882701, "cc": "SG", "country": "Singapore", "crossStreet": "Sembawang Rd", "lat": 1.4255476327989662, "address": "243 Jalan Mata Ayer", "labeledLatLngs": [{"label": "display", "lat": 1.4255476327989662, "lng": 103.82557433882701}], "formattedAddress": ["243 Jalan Mata Ayer (Sembawang Rd)", "Singapore"]}, "categories": [{"icon": {"prefix": "https://ss3.4sqi.net/img/categories_v2/food/indian_", "suffix": ".png"}, "name": "Indian Restaurant", "id": "4bf58dd8d48988d10f941735", "pluralName": "Indian Restaurants", "primary": true, "shortName": "Indian"}], "verified": false, "contact": {}, "allowMenuUrlEdit": true, "stats": {"tipCount": 53, "usersCount": 2013, "checkinsCount": 4131}, "id": "4c95e9b66b35a143414f29dc", "name": "A&A Banana Leaf Muslim Restaurant", "beenHere": {"lastCheckinExpiredAt": 0}}, "suffix": "/_fVQk03maqML2Bckq0HZ2yH-hjSZDVs9lzArd9ujcJA.jpg", "visibility": "public"}, {"height": 540, "source": {"url": "https://foursquare.com/download/#/iphone", "name": "Foursquare for iOS"}, "width": 540, "prefix": "https://igx.4sqi.net/img/general/", "createdAt": 1334646079, "id": "4f8d153fe4b021137a2bc3ad", "venue": {"like": false, "location": {"cc": "SG", "country": "Singapore", "lat": 1.440308, "lng": 103.801141, "labeledLatLngs": [{"label": "display", "lat": 1.440308, "lng": 103.801141}], "formattedAddress": ["Singapore"]}, "categories": [{"icon": {"prefix": "https://ss3.4sqi.net/img/categories_v2/food/dessert_", "suffix": ".png"}, "name": "Dessert Shop", "id": "4bf58dd8d48988d1d0941735", "pluralName": "Dessert Shops", "primary": true, "shortName": "Desserts"}], "verified": false, "contact": {}, "allowMenuUrlEdit": true, "stats": {"tipCount": 1, "usersCount": 1, "checkinsCount": 5}, "id": "4f868b9fe4b0fa91a1651ece", "name": "Dessert Stall @ Foodfare", "beenHere": {"lastCheckinExpiredAt": 0}}, "suffix": "/yfdL5VK1FHf94oGshP5-Z0l9kbqTSoPEasxMz_z9JLU.jpg", "visibility": "public"}, {"height": 720, "source": {"url": "https://foursquare.com/download/#/iphone", "name": "Foursquare for iOS"}, "width": 540, "prefix": "https://igx.4sqi.net/img/general/", "createdAt": 1334303491, "id": "4f87db03e4b0b1c4ae4181a3", "venue": {"like": false, "location": {"cc": "SG", "country": "Singapore", "lat": 1.440308, "lng": 103.801141, "labeledLatLngs": [{"label": "display", "lat": 1.440308, "lng": 103.801141}], "formattedAddress": ["Singapore"]}, "categories": [{"icon": {"prefix": "https://ss3.4sqi.net/img/categories_v2/food/dessert_", "suffix": ".png"}, "name": "Dessert Shop", "id": "4bf58dd8d48988d1d0941735", "pluralName": "Dessert Shops", "primary": true, "shortName": "Desserts"}], "verified": false, "contact": {}, "allowMenuUrlEdit": true, "stats": {"tipCount": 1, "usersCount": 1, "checkinsCount": 5}, "id": "4f868b9fe4b0fa91a1651ece", "name": "Dessert Stall @ Foodfare", "beenHere": {"lastCheckinExpiredAt": 0}}, "suffix": "/iEVkTACloX5jjQ7zyF-N7mZk9z0p1ph1Qo1PuxdWU4s.jpg", "visibility": "public"}, {"height": 720, "source": {"url": "https://foursquare.com/download/#/iphone", "name": "Foursquare for iOS"}, "width": 540, "prefix": "https://igx.4sqi.net/img/general/", "createdAt": 1334292781, "id": "4f87b12de4b055d22e5ad41b", "venue": {"venueRatingBlacklisted": true, "like": false, "location": {"formattedAddress": ["Jln Mempurong", "759055", "Singapore"], "city": "Singapore", "lng": 103.84182136372836, "cc": "SG", "country": "Singapore", "lat": 1.4589298333377698, "address": "Jln Mempurong", "labeledLatLngs": [{"label": "display", "lat": 1.4589298333377698, "lng": 103.84182136372836}], "postalCode": "759055"}, "categories": [{"icon": {"prefix": "https://ss3.4sqi.net/img/categories_v2/building/religious_mosque_", "suffix": ".png"}, "name": "Mosque", "id": "4bf58dd8d48988d138941735", "pluralName": "Mosques", "primary": true, "shortName": "Mosque"}], "verified": false, "contact": {}, "beenHere": {"lastCheckinExpiredAt": 0}, "stats": {"tipCount": 7, "usersCount": 511, "checkinsCount": 1994}, "id": "4c807847309aef3bbd69b581", "name": "Masjid Pertempatan Melayu Sembawang (Mosque)"}, "suffix": "/51vSkuGBXT5kbFMWHGTdxq1UcQFXqkU3DTN6GntDvSc.jpg", "visibility": "public"}, {"height": 720, "source": {"url": "https://foursquare.com/download/#/iphone", "name": "Foursquare for iOS"}, "width": 540, "prefix": "https://igx.4sqi.net/img/general/", "createdAt": 1334103807, "id": "4f84ceffe4b06f8467fc0a72", "venue": {"like": false, "location": {"city": "Singapore", "lng": 103.82557433882701, "cc": "SG", "country": "Singapore", "crossStreet": "Sembawang Rd", "lat": 1.4255476327989662, "address": "243 Jalan Mata Ayer", "labeledLatLngs": [{"label": "display", "lat": 1.4255476327989662, "lng": 103.82557433882701}], "formattedAddress": ["243 Jalan Mata Ayer (Sembawang Rd)", "Singapore"]}, "categories": [{"icon": {"prefix": "https://ss3.4sqi.net/img/categories_v2/food/indian_", "suffix": ".png"}, "name": "Indian Restaurant", "id": "4bf58dd8d48988d10f941735", "pluralName": "Indian Restaurants", "primary": true, "shortName": "Indian"}], "verified": false, "contact": {}, "allowMenuUrlEdit": true, "stats": {"tipCount": 53, "usersCount": 2013, "checkinsCount": 4131}, "id": "4c95e9b66b35a143414f29dc", "name": "A&A Banana Leaf Muslim Restaurant", "beenHere": {"lastCheckinExpiredAt": 0}}, "suffix": "/h-zzblpY1JGZVQBfuTRMtaMGqyfFV-VzUl5-uhtP-5s.jpg", "visibility": "public"}, {"height": 720, "source": {"url": "https://foursquare.com/download/#/iphone", "name": "Foursquare for iOS"}, "width": 540, "prefix": "https://igx.4sqi.net/img/general/", "createdAt": 1333931119, "id": "4f822c6fe4b085b99cab1702", "venue": {"like": false, "location": {"formattedAddress": ["592 Sembawang Rd", "758451", "Singapore"], "city": "Singapore", "lng": 103.82493468744607, "cc": "SG", "country": "Singapore", "lat": 1.4405387481823997, "address": "592 Sembawang Rd", "labeledLatLngs": [{"label": "display", "lat": 1.4405387481823997, "lng": 103.82493468744607}], "postalCode": "758451"}, "categories": [{"icon": {"prefix": "https://ss3.4sqi.net/img/categories_v2/food/indian_", "suffix": ".png"}, "name": "Indian Restaurant", "id": "4bf58dd8d48988d10f941735", "pluralName": "Indian Restaurants", "primary": true, "shortName": "Indian"}], "verified": false, "contact": {"formattedPhone": "+65 6752 9947", "phone": "+6567529947"}, "allowMenuUrlEdit": true, "stats": {"tipCount": 95, "usersCount": 3345, "checkinsCount": 8832}, "id": "4b63bf63f964a5209c8f2ae3", "name": "D'Rubinah Restaurant", "beenHere": {"lastCheckinExpiredAt": 0}}, "suffix": "/QG7qumetnJQByEn9zZiELG1csdV6Z5kZeEsqyAtW5_4.jpg", "visibility": "public"}, {"height": 720, "source": {"url": "https://foursquare.com/download/#/iphone", "name": "Foursquare for iOS"}, "width": 540, "prefix": "https://igx.4sqi.net/img/general/", "createdAt": 1333499420, "id": "4f7b961ce4b0be9caaed43e6", "venue": {"closed": true, "like": false, "location": {"formattedAddress": ["126 Casuarina Rd", "579514", "Singapore"], "city": "Singapore", "lng": 103.82792918763677, "cc": "SG", "country": "Singapore", "lat": 1.376996011710175, "address": "126 Casuarina Rd", "postalCode": "579514"}, "categories": [{"icon": {"prefix": "https://ss3.4sqi.net/img/categories_v2/food/indian_", "suffix": ".png"}, "name": "Indian Restaurant", "id": "4bf58dd8d48988d10f941735", "pluralName": "Indian Restaurants", "primary": true, "shortName": "Indian"}], "verified": false, "contact": {}, "allowMenuUrlEdit": true, "stats": {"tipCount": 15, "usersCount": 333, "checkinsCount": 776}, "id": "4b78cebcf964a5201ae32ee3", "name": "Shibly Muslim Food Restaurant", "beenHere": {"lastCheckinExpiredAt": 0}}, "suffix": "/BVQ2d_KxOIuar80CxcaEJkyZN607oFfZQuGRrO4LKrs.jpg", "visibility": "public"}, {"height": 540, "source": {"url": "https://foursquare.com/download/#/iphone", "name": "Foursquare for iOS"}, "width": 720, "prefix": "https://igx.4sqi.net/img/general/", "createdAt": 1332304915, "id": "4f695c13e4b0de871301c462", "venue": {"venueRatingBlacklisted": true, "like": false, "location": {"cc": "SG", "country": "Singapore", "lat": 1.383239, "lng": 103.692058, "labeledLatLngs": [{"label": "display", "lat": 1.383239, "lng": 103.692058}], "formattedAddress": ["Singapore"]}, "categories": [{"icon": {"prefix": "https://ss3.4sqi.net/img/categories_v2/parks_outdoors/cemetery_", "suffix": ".png"}, "name": "Cemetery", "id": "4bf58dd8d48988d15c941735", "pluralName": "Cemeteries", "primary": true, "shortName": "Cemetery"}], "verified": false, "contact": {}, "beenHere": {"lastCheckinExpiredAt": 0}, "stats": {"tipCount": 0, "usersCount": 4, "checkinsCount": 6}, "id": "4f695bd2e4b0b58057f7d90b", "name": "Pusara Abadi Blk 26 Plot 652"}, "suffix": "/9gxDudKPi_hYLxl9LtFrIiFk1M7Z4EETslVki_24QbE.jpg", "visibility": "public"}, {"height": 720, "source": {"url": "https://foursquare.com/download/#/iphone", "name": "Foursquare for iOS"}, "width": 540, "prefix": "https://igx.4sqi.net/img/general/", "createdAt": 1332304332, "id": "4f6959cce4b07dcd55d20b15", "venue": {"venueRatingBlacklisted": true, "like": false, "location": {"cc": "SG", "country": "Singapore", "lat": 1.386928, "lng": 103.693771, "labeledLatLngs": [{"label": "display", "lat": 1.386928, "lng": 103.693771}], "formattedAddress": ["Singapore"]}, "categories": [{"icon": {"prefix": "https://ss3.4sqi.net/img/categories_v2/parks_outdoors/cemetery_", "suffix": ".png"}, "name": "Cemetery", "id": "4bf58dd8d48988d15c941735", "pluralName": "Cemeteries", "primary": true, "shortName": "Cemetery"}], "verified": false, "contact": {}, "beenHere": {"lastCheckinExpiredAt": 0}, "stats": {"tipCount": 0, "usersCount": 1, "checkinsCount": 10}, "id": "4f4efe37e4b05223bafe68ff", "name": "Pusara Abadi (Ayah) N-1-3 #6700"}, "suffix": "/kqZ70BEw76NVH8AIWq5TyCoDQLY8eS5uxthvdRd6Uz8.jpg", "visibility": "public"}, {"height": 720, "source": {"url": "https://foursquare.com/download/#/iphone", "name": "Foursquare for iOS"}, "width": 540, "prefix": "https://igx.4sqi.net/img/general/", "createdAt": 1331169768, "id": "4f5809e8e4b098e01d2470f4", "venue": {"venueRatingBlacklisted": true, "like": false, "location": {"cc": "SG", "country": "Singapore", "lat": 1.3104864311941722, "lng": 103.84756772844787, "labeledLatLngs": [{"label": "display", "lat": 1.3104864311941722, "lng": 103.84756772844787}], "formattedAddress": ["Singapore"]}, "categories": [{"icon": {"prefix": "https://ss3.4sqi.net/img/categories_v2/education/lab_", "suffix": ".png"}, "name": "Medical Lab", "id": "4f4531b14b9074f6e4fb0103", "pluralName": "Medical Labs", "primary": true, "shortName": "Medical Lab"}], "verified": false, "contact": {}, "beenHere": {"lastCheckinExpiredAt": 0}, "stats": {"tipCount": 0, "usersCount": 9, "checkinsCount": 14}, "id": "4f58092ae4b08e27a0619291", "name": "KKH Angiography Suite"}, "suffix": "/XRISIOxM5lyuosmUqzkcGPwGjMJfRCZdIPs3KHCckaI.jpg", "visibility": "public"}, {"height": 720, "source": {"url": "https://foursquare.com/download/#/iphone", "name": "Foursquare for iOS"}, "width": 540, "prefix": "https://igx.4sqi.net/img/general/", "createdAt": 1320126029, "id": "4eaf864d6da1b66bf6b44325", "venue": {"like": false, "location": {"formattedAddress": ["235 Jurong East St 21 #01-320 (opp Al Mukminin Mosque)", "600235", "Singapore"], "city": "Singapore", "lng": 103.7424054739789, "cc": "SG", "country": "Singapore", "crossStreet": "opp Al Mukminin Mosque", "lat": 1.3397691669666119, "address": "235 Jurong East St 21 #01-320", "labeledLatLngs": [{"label": "display", "lat": 1.3397691669666119, "lng": 103.7424054739789}], "postalCode": "600235"}, "categories": [{"icon": {"prefix": "https://ss3.4sqi.net/img/categories_v2/food/cafe_", "suffix": ".png"}, "name": "Caf\u00e9", "id": "4bf58dd8d48988d16d941735", "pluralName": "Caf\u00e9s", "primary": true, "shortName": "Caf\u00e9"}], "verified": false, "contact": {}, "allowMenuUrlEdit": true, "stats": {"tipCount": 54, "usersCount": 2870, "checkinsCount": 8471}, "id": "4bbebfbd98f49521c0c2d163", "name": "Aiman Cafe", "beenHere": {"lastCheckinExpiredAt": 0}}, "suffix": "/GKMTFBWDPG4SNRX22L5ZIF0J42ZURV1I5OR0BDPPPAOXUK33.jpg", "visibility": "public"}, {"height": 720, "source": {"url": "https://foursquare.com/download/#/iphone", "name": "Foursquare for iOS"}, "width": 540, "prefix": "https://igx.4sqi.net/img/general/", "createdAt": 1310897380, "id": "4e22b4e41f6effe84f7e47a2", "venue": {"venueRatingBlacklisted": true, "like": false, "location": {"city": "Singapore", "lng": 103.84627123674633, "cc": "SG", "country": "Singapore", "lat": 1.310165424724472, "address": "100 Bt Timah", "labeledLatLngs": [{"label": "display", "lat": 1.310165424724472, "lng": 103.84627123674633}], "formattedAddress": ["100 Bt Timah", "Singapore"]}, "categories": [{"icon": {"prefix": "https://ss3.4sqi.net/img/categories_v2/building/medical_", "suffix": ".png"}, "name": "Medical Center", "id": "4bf58dd8d48988d104941735", "pluralName": "Medical Centers", "primary": true, "shortName": "Medical"}], "verified": false, "contact": {}, "allowMenuUrlEdit": true, "stats": {"tipCount": 0, "usersCount": 10, "checkinsCount": 106}, "id": "4d4d0290b1fa236a9fce8929", "name": "KKH Children's Step Down Unit", "beenHere": {"lastCheckinExpiredAt": 0}}, "suffix": "/MKG1PX4E3SACOXIDD2K31G4QP1HU52CRUAAQ3CGWFJYONYNT.jpg", "visibility": "public"}, {"height": 720, "source": {"url": "https://foursquare.com/download/#/iphone", "name": "Foursquare for iOS"}, "width": 540, "prefix": "https://igx.4sqi.net/img/general/", "createdAt": 1310266657, "id": "4e19152152b123a586dda337", "venue": {"like": false, "location": {"cc": "SG", "country": "Singapore", "lat": 1.310351, "lng": 103.847555, "labeledLatLngs": [{"label": "display", "lat": 1.310351, "lng": 103.847555}], "formattedAddress": ["Singapore"]}, "categories": [{"icon": {"prefix": "https://ss3.4sqi.net/img/categories_v2/parks_outdoors/playground_", "suffix": ".png"}, "name": "Playground", "id": "4bf58dd8d48988d1e7941735", "pluralName": "Playgrounds", "primary": true, "shortName": "Playground"}], "verified": false, "contact": {}, "beenHere": {"lastCheckinExpiredAt": 0}, "stats": {"tipCount": 1, "usersCount": 23, "checkinsCount": 36}, "id": "4d5a533dc88da1cd3b804368", "name": "Kkh Playground Children Tower"}, "suffix": "/1JXZ4BXSDFG3EVK3RWDE0II2RGQNHYLG3UIRPND0YRONVNXX.jpg", "visibility": "public"}, {"height": 720, "source": {"url": "https://foursquare.com/download/#/iphone", "name": "Foursquare for iOS"}, "width": 540, "prefix": "https://igx.4sqi.net/img/general/", "createdAt": 1298853989, "id": "4d6af0650574a34028c9ffac", "venue": {"like": false, "location": {"formattedAddress": ["Changi Rd", "419882", "Singapore"], "city": "Singapore", "lng": 103.91255531661336, "cc": "SG", "country": "Singapore", "lat": 1.3192036205218733, "address": "Changi Rd", "labeledLatLngs": [{"label": "display", "lat": 1.3192036205218733, "lng": 103.91255531661336}], "postalCode": "419882"}, "categories": [{"icon": {"prefix": "https://ss3.4sqi.net/img/categories_v2/food/indian_", "suffix": ".png"}, "name": "Indian Restaurant", "id": "4bf58dd8d48988d10f941735", "pluralName": "Indian Restaurants", "primary": true, "shortName": "Indian"}], "verified": false, "contact": {"formattedPhone": "+65 6841 3543", "phone": "+6568413543"}, "allowMenuUrlEdit": true, "stats": {"tipCount": 26, "usersCount": 1023, "checkinsCount": 2055}, "id": "4bb20581f964a5209bb23ce3", "name": "Alsalam Restaurant", "beenHere": {"lastCheckinExpiredAt": 0}}, "suffix": "/LEXTFNICUF021WICM5JY1UX03YOUSAAUSXXYZIPTXSAXFSB2.jpg", "visibility": "public"}, {"height": 720, "source": {"url": "https://foursquare.com/download/#/iphone", "name": "Foursquare for iOS"}, "width": 540, "prefix": "https://igx.4sqi.net/img/general/", "createdAt": 1297856685, "id": "4d5bb8adb3f9a3406dca88cf", "venue": {"like": false, "location": {"lng": 103.74221878813991, "cc": "SG", "country": "Singapore", "lat": 1.3277043145795393, "address": "9 Jurong Town Hall", "labeledLatLngs": [{"label": "display", "lat": 1.3277043145795393, "lng": 103.74221878813991}], "formattedAddress": ["9 Jurong Town Hall", "Singapore"]}, "categories": [{"icon": {"prefix": "https://ss3.4sqi.net/img/categories_v2/parks_outdoors/basketballcourt_", "suffix": ".png"}, "name": "Basketball Court", "id": "4bf58dd8d48988d1e1941735", "pluralName": "Basketball Courts", "primary": true, "shortName": "Basketball Court"}], "verified": false, "contact": {}, "beenHere": {"lastCheckinExpiredAt": 0}, "stats": {"tipCount": 1, "usersCount": 20, "checkinsCount": 64}, "id": "4ce64add678aa0939f56dbea", "name": "iHub Recreation Club"}, "suffix": "/3I4KLODIS1TT1KXDC1B0WLRQGJSTRK5SEEKONB5KRULMJL3T.jpg", "visibility": "public"}, {"height": 720, "source": {"url": "https://foursquare.com/download/#/iphone", "name": "Foursquare for iOS"}, "width": 540, "prefix": "https://igx.4sqi.net/img/general/", "createdAt": 1297856590, "id": "4d5bb84edb0d28fd99b6e088", "venue": {"like": false, "location": {"lng": 103.74221878813991, "cc": "SG", "country": "Singapore", "lat": 1.3277043145795393, "address": "9 Jurong Town Hall", "labeledLatLngs": [{"label": "display", "lat": 1.3277043145795393, "lng": 103.74221878813991}], "formattedAddress": ["9 Jurong Town Hall", "Singapore"]}, "categories": [{"icon": {"prefix": "https://ss3.4sqi.net/img/categories_v2/parks_outdoors/basketballcourt_", "suffix": ".png"}, "name": "Basketball Court", "id": "4bf58dd8d48988d1e1941735", "pluralName": "Basketball Courts", "primary": true, "shortName": "Basketball Court"}], "verified": false, "contact": {}, "beenHere": {"lastCheckinExpiredAt": 0}, "stats": {"tipCount": 1, "usersCount": 20, "checkinsCount": 64}, "id": "4ce64add678aa0939f56dbea", "name": "iHub Recreation Club"}, "suffix": "/AE5KEP3ADMTSDR5MN34TOPNTGI1X44A42SOZNPA0SLB1HCEM.jpg", "visibility": "public"}, {"height": 720, "source": {"url": "https://foursquare.com/download/#/iphone", "name": "Foursquare for iOS"}, "width": 540, "prefix": "https://igx.4sqi.net/img/general/", "createdAt": 1297856515, "id": "4d5bb803db0d28fd83b6e088", "venue": {"like": false, "location": {"lng": 103.74221878813991, "cc": "SG", "country": "Singapore", "lat": 1.3277043145795393, "address": "9 Jurong Town Hall", "labeledLatLngs": [{"label": "display", "lat": 1.3277043145795393, "lng": 103.74221878813991}], "formattedAddress": ["9 Jurong Town Hall", "Singapore"]}, "categories": [{"icon": {"prefix": "https://ss3.4sqi.net/img/categories_v2/parks_outdoors/basketballcourt_", "suffix": ".png"}, "name": "Basketball Court", "id": "4bf58dd8d48988d1e1941735", "pluralName": "Basketball Courts", "primary": true, "shortName": "Basketball Court"}], "verified": false, "contact": {}, "beenHere": {"lastCheckinExpiredAt": 0}, "stats": {"tipCount": 1, "usersCount": 20, "checkinsCount": 64}, "id": "4ce64add678aa0939f56dbea", "name": "iHub Recreation Club"}, "suffix": "/CEZQ1KIGS3PVOSP2VEVTV4L2F5MR2TSYSL3K22BOXHIBA1T0.jpg", "visibility": "public"}, {"height": 540, "source": {"url": "https://foursquare.com/download/#/iphone", "name": "Foursquare for iOS"}, "width": 720, "prefix": "https://igx.4sqi.net/img/general/", "createdAt": 1297856484, "id": "4d5bb7e4db0d28fd7db6e088", "venue": {"like": false, "location": {"lng": 103.74221878813991, "cc": "SG", "country": "Singapore", "lat": 1.3277043145795393, "address": "9 Jurong Town Hall", "labeledLatLngs": [{"label": "display", "lat": 1.3277043145795393, "lng": 103.74221878813991}], "formattedAddress": ["9 Jurong Town Hall", "Singapore"]}, "categories": [{"icon": {"prefix": "https://ss3.4sqi.net/img/categories_v2/parks_outdoors/basketballcourt_", "suffix": ".png"}, "name": "Basketball Court", "id": "4bf58dd8d48988d1e1941735", "pluralName": "Basketball Courts", "primary": true, "shortName": "Basketball Court"}], "verified": false, "contact": {}, "beenHere": {"lastCheckinExpiredAt": 0}, "stats": {"tipCount": 1, "usersCount": 20, "checkinsCount": 64}, "id": "4ce64add678aa0939f56dbea", "name": "iHub Recreation Club"}, "suffix": "/YQZIPJYSSHEBU4PAOB35JBANUMIC2PO0NN1ZYFBJ3Q00PZYY.jpg", "visibility": "public"}, {"height": 540, "source": {"url": "https://foursquare.com/download/#/iphone", "name": "Foursquare for iOS"}, "width": 720, "prefix": "https://igx.4sqi.net/img/general/", "createdAt": 1297856464, "id": "4d5bb7d020f32da1e1d83709", "venue": {"like": false, "location": {"lng": 103.74221878813991, "cc": "SG", "country": "Singapore", "lat": 1.3277043145795393, "address": "9 Jurong Town Hall", "labeledLatLngs": [{"label": "display", "lat": 1.3277043145795393, "lng": 103.74221878813991}], "formattedAddress": ["9 Jurong Town Hall", "Singapore"]}, "categories": [{"icon": {"prefix": "https://ss3.4sqi.net/img/categories_v2/parks_outdoors/basketballcourt_", "suffix": ".png"}, "name": "Basketball Court", "id": "4bf58dd8d48988d1e1941735", "pluralName": "Basketball Courts", "primary": true, "shortName": "Basketball Court"}], "verified": false, "contact": {}, "beenHere": {"lastCheckinExpiredAt": 0}, "stats": {"tipCount": 1, "usersCount": 20, "checkinsCount": 64}, "id": "4ce64add678aa0939f56dbea", "name": "iHub Recreation Club"}, "suffix": "/FO12MCTHM0UHGZXNZZI4FOCAOW11ITPCXIQXZ0TC5WDOPRBP.jpg", "visibility": "public"}, {"height": 720, "source": {"url": "https://foursquare.com/download/#/iphone", "name": "Foursquare for iOS"}, "width": 540, "prefix": "https://igx.4sqi.net/img/general/", "createdAt": 1297856445, "id": "4d5bb7bddb0d28fd71b6e088", "venue": {"like": false, "location": {"lng": 103.74221878813991, "cc": "SG", "country": "Singapore", "lat": 1.3277043145795393, "address": "9 Jurong Town Hall", "labeledLatLngs": [{"label": "display", "lat": 1.3277043145795393, "lng": 103.74221878813991}], "formattedAddress": ["9 Jurong Town Hall", "Singapore"]}, "categories": [{"icon": {"prefix": "https://ss3.4sqi.net/img/categories_v2/parks_outdoors/basketballcourt_", "suffix": ".png"}, "name": "Basketball Court", "id": "4bf58dd8d48988d1e1941735", "pluralName": "Basketball Courts", "primary": true, "shortName": "Basketball Court"}], "verified": false, "contact": {}, "beenHere": {"lastCheckinExpiredAt": 0}, "stats": {"tipCount": 1, "usersCount": 20, "checkinsCount": 64}, "id": "4ce64add678aa0939f56dbea", "name": "iHub Recreation Club"}, "suffix": "/1VWVLI5KTUY52LG15CVSC2AREAGG344MQMU1XRU5XZADLXGV.jpg", "visibility": "public"}, {"height": 720, "source": {"url": "https://foursquare.com/download/#/iphone", "name": "Foursquare for iOS"}, "width": 540, "prefix": "https://igx.4sqi.net/img/general/", "createdAt": 1297856405, "id": "4d5bb79520f32da1d1d83709", "venue": {"like": false, "location": {"lng": 103.74221878813991, "cc": "SG", "country": "Singapore", "lat": 1.3277043145795393, "address": "9 Jurong Town Hall", "labeledLatLngs": [{"label": "display", "lat": 1.3277043145795393, "lng": 103.74221878813991}], "formattedAddress": ["9 Jurong Town Hall", "Singapore"]}, "categories": [{"icon": {"prefix": "https://ss3.4sqi.net/img/categories_v2/parks_outdoors/basketballcourt_", "suffix": ".png"}, "name": "Basketball Court", "id": "4bf58dd8d48988d1e1941735", "pluralName": "Basketball Courts", "primary": true, "shortName": "Basketball Court"}], "verified": false, "contact": {}, "beenHere": {"lastCheckinExpiredAt": 0}, "stats": {"tipCount": 1, "usersCount": 20, "checkinsCount": 64}, "id": "4ce64add678aa0939f56dbea", "name": "iHub Recreation Club"}, "suffix": "/S3WUSMMNMW0KELTKNBDC3OFLLGFMCIPZSI43MNTEKYA00XOB.jpg", "visibility": "public"}, {"height": 720, "source": {"url": "https://foursquare.com/download/#/iphone", "name": "Foursquare for iOS"}, "width": 540, "prefix": "https://igx.4sqi.net/img/general/", "createdAt": 1297856374, "id": "4d5bb776b3f9a34019ca88cf", "venue": {"like": false, "location": {"lng": 103.74221878813991, "cc": "SG", "country": "Singapore", "lat": 1.3277043145795393, "address": "9 Jurong Town Hall", "labeledLatLngs": [{"label": "display", "lat": 1.3277043145795393, "lng": 103.74221878813991}], "formattedAddress": ["9 Jurong Town Hall", "Singapore"]}, "categories": [{"icon": {"prefix": "https://ss3.4sqi.net/img/categories_v2/parks_outdoors/basketballcourt_", "suffix": ".png"}, "name": "Basketball Court", "id": "4bf58dd8d48988d1e1941735", "pluralName": "Basketball Courts", "primary": true, "shortName": "Basketball Court"}], "verified": false, "contact": {}, "beenHere": {"lastCheckinExpiredAt": 0}, "stats": {"tipCount": 1, "usersCount": 20, "checkinsCount": 64}, "id": "4ce64add678aa0939f56dbea", "name": "iHub Recreation Club"}, "suffix": "/HMYUKY5N2EXE5HNMGYKSCBDGPKUVWVIZPXPBFINDCRV53E1Z.jpg", "visibility": "public"}, {"height": 720, "source": {"url": "https://foursquare.com/download/#/iphone", "name": "Foursquare for iOS"}, "width": 540, "prefix": "https://igx.4sqi.net/img/general/", "createdAt": 1296348300, "id": "4d44b48c6bb82da1e710677d", "venue": {"url": "http://www.imm.sg", "like": false, "location": {"formattedAddress": ["2 Jurong East St 21", "609601", "Singapore"], "city": "Singapore", "lng": 103.74647868432935, "cc": "SG", "country": "Singapore", "lat": 1.3350967701980703, "address": "2 Jurong East St 21", "postalCode": "609601"}, "categories": [{"icon": {"prefix": "https://ss3.4sqi.net/img/categories_v2/shops/mall_", "suffix": ".png"}, "name": "Shopping Mall", "id": "4bf58dd8d48988d1fd941735", "pluralName": "Shopping Malls", "primary": true, "shortName": "Mall"}], "verified": false, "contact": {"formattedPhone": "+65 6665 8268", "phone": "+6566658268", "facebookName": "IMM Shopping Mall", "facebook": "132125130158680"}, "beenHere": {"lastCheckinExpiredAt": 0}, "stats": {"tipCount": 184, "usersCount": 28157, "checkinsCount": 89182}, "id": "4b3075def964a520b5f924e3", "name": "IMM Building"}, "suffix": "/LMGZP1Y20A24JRW5AHIJHDGLNLVO413H50LGBWAMVLQQ1T4Z.jpg", "visibility": "public"}, {"height": 720, "source": {"url": "https://foursquare.com/download/#/iphone", "name": "Foursquare for iOS"}, "width": 540, "prefix": "https://igx.4sqi.net/img/general/", "createdAt": 1295588863, "id": "4d391dff6e5728fd0f20ac0c", "venue": {"url": "http://www.hotelsericosta.com", "like": false, "location": {"formattedAddress": ["Jalan PM 8, Plaza Mahkota", "75000 Melaka, Melaka", "Malaysia"], "city": "Melaka", "lng": 102.24611647779886, "cc": "MY", "state": "Melaka", "lat": 2.189805479922127, "address": "Jalan PM 8, Plaza Mahkota", "labeledLatLngs": [{"label": "display", "lat": 2.189805479922127, "lng": 102.24611647779886}], "postalCode": "75000", "country": "Malaysia"}, "categories": [{"icon": {"prefix": "https://ss3.4sqi.net/img/categories_v2/travel/hotel_", "suffix": ".png"}, "name": "Motel", "id": "4bf58dd8d48988d1fb931735", "pluralName": "Motels", "primary": true, "shortName": "Motel"}], "verified": false, "contact": {"formattedPhone": "+60 6-281 6666", "phone": "+6062816666"}, "allowMenuUrlEdit": true, "stats": {"tipCount": 27, "usersCount": 1646, "checkinsCount": 2301}, "id": "4be192298dd062b5ea5c3e3c", "name": "Hotel Seri Costa Melaka", "beenHere": {"lastCheckinExpiredAt": 0}}, "suffix": "/BH4B3RGYL1WHC244VJA1NS455ZN5D4LDKZRTO00PXLYG2J2F.jpg", "visibility": "public"}, {"height": 720, "source": {"url": "https://foursquare.com/download/#/iphone", "name": "Foursquare for iOS"}, "width": 540, "prefix": "https://igx.4sqi.net/img/general/", "createdAt": 1295588842, "id": "4d391deabaee2da1535a3e5c", "venue": {"url": "http://www.hotelsericosta.com", "like": false, "location": {"formattedAddress": ["Jalan PM 8, Plaza Mahkota", "75000 Melaka, Melaka", "Malaysia"], "city": "Melaka", "lng": 102.24611647779886, "cc": "MY", "state": "Melaka", "lat": 2.189805479922127, "address": "Jalan PM 8, Plaza Mahkota", "labeledLatLngs": [{"label": "display", "lat": 2.189805479922127, "lng": 102.24611647779886}], "postalCode": "75000", "country": "Malaysia"}, "categories": [{"icon": {"prefix": "https://ss3.4sqi.net/img/categories_v2/travel/hotel_", "suffix": ".png"}, "name": "Motel", "id": "4bf58dd8d48988d1fb931735", "pluralName": "Motels", "primary": true, "shortName": "Motel"}], "verified": false, "contact": {"formattedPhone": "+60 6-281 6666", "phone": "+6062816666"}, "allowMenuUrlEdit": true, "stats": {"tipCount": 27, "usersCount": 1646, "checkinsCount": 2301}, "id": "4be192298dd062b5ea5c3e3c", "name": "Hotel Seri Costa Melaka", "beenHere": {"lastCheckinExpiredAt": 0}}, "suffix": "/HZVAOMKNQYPGYG32NPE0MU5EZRDQIOIFMRUD1IJKMUWRJNWA.jpg", "visibility": "public"}, {"height": 720, "source": {"url": "https://foursquare.com/download/#/iphone", "name": "Foursquare for iOS"}, "width": 540, "prefix": "https://igx.4sqi.net/img/general/", "createdAt": 1295588826, "id": "4d391dda6e5728fd0920ac0c", "venue": {"url": "http://www.hotelsericosta.com", "like": false, "location": {"formattedAddress": ["Jalan PM 8, Plaza Mahkota", "75000 Melaka, Melaka", "Malaysia"], "city": "Melaka", "lng": 102.24611647779886, "cc": "MY", "state": "Melaka", "lat": 2.189805479922127, "address": "Jalan PM 8, Plaza Mahkota", "labeledLatLngs": [{"label": "display", "lat": 2.189805479922127, "lng": 102.24611647779886}], "postalCode": "75000", "country": "Malaysia"}, "categories": [{"icon": {"prefix": "https://ss3.4sqi.net/img/categories_v2/travel/hotel_", "suffix": ".png"}, "name": "Motel", "id": "4bf58dd8d48988d1fb931735", "pluralName": "Motels", "primary": true, "shortName": "Motel"}], "verified": false, "contact": {"formattedPhone": "+60 6-281 6666", "phone": "+6062816666"}, "allowMenuUrlEdit": true, "stats": {"tipCount": 27, "usersCount": 1646, "checkinsCount": 2301}, "id": "4be192298dd062b5ea5c3e3c", "name": "Hotel Seri Costa Melaka", "beenHere": {"lastCheckinExpiredAt": 0}}, "suffix": "/G135ZGCTK5VZQNSXRGR21O51MIZE13T2D32T3ZWPC5YJLXQ1.jpg", "visibility": "public"}, {"height": 720, "source": {"url": "https://foursquare.com/download/#/iphone", "name": "Foursquare for iOS"}, "width": 540, "prefix": "https://igx.4sqi.net/img/general/", "createdAt": 1295071194, "id": "4d3137dad24e28fd577dfb59", "venue": {"venueRatingBlacklisted": true, "closed": true, "like": false, "location": {"city": "Singapore", "lng": 103.681283, "cc": "SG", "country": "Singapore", "lat": 1.327606, "address": "60 Benoi Road", "formattedAddress": ["60 Benoi Road", "Singapore"]}, "categories": [{"icon": {"prefix": "https://ss3.4sqi.net/img/categories_v2/building/default_", "suffix": ".png"}, "name": "Building", "id": "4bf58dd8d48988d130941735", "pluralName": "Buildings", "primary": true, "shortName": "Building"}], "verified": false, "contact": {}, "beenHere": {"lastCheckinExpiredAt": 0}, "stats": {"tipCount": 1, "usersCount": 100, "checkinsCount": 118}, "id": "4cd35347793d224bf2824810", "name": "Harvey Norman Warehouse Sale"}, "suffix": "/IOSLAQLBCYHDAOYABIJOH21ZVSYZP54PIFYXM5UNM5A2EIBW.jpg", "visibility": "public"}, {"height": 720, "source": {"url": "https://foursquare.com/download/#/iphone", "name": "Foursquare for iOS"}, "width": 540, "prefix": "https://igx.4sqi.net/img/general/", "createdAt": 1294978155, "id": "4d2fcc6b73eba340fe928b55", "venue": {"like": false, "location": {"lng": 103.74402908603682, "cc": "SG", "country": "Singapore", "lat": 1.328283694439791, "address": "Jurong Town Hall Road", "labeledLatLngs": [{"label": "display", "lat": 1.328283694439791, "lng": 103.74402908603682}], "formattedAddress": ["Jurong Town Hall Road", "Singapore"]}, "categories": [{"icon": {"prefix": "https://ss3.4sqi.net/img/categories_v2/parks_outdoors/skate_park_", "suffix": ".png"}, "name": "Skate Park", "id": "4bf58dd8d48988d167941735", "pluralName": "Skate Parks", "primary": true, "shortName": "Skate Park"}], "verified": false, "contact": {}, "beenHere": {"lastCheckinExpiredAt": 0}, "stats": {"tipCount": 3, "usersCount": 90, "checkinsCount": 475}, "id": "4c922a33ae45224b3cc2ed97", "name": "Garden Of Fame"}, "suffix": "/KAZXMH2XJLH03BIZLWMUBRZNCK0ADMF50QIMFAUNVBC4Z2UK.jpg", "visibility": "public"}, {"height": 720, "source": {"url": "https://foursquare.com/download/#/iphone", "name": "Foursquare for iOS"}, "width": 540, "prefix": "https://igx.4sqi.net/img/general/", "createdAt": 1294907341, "id": "4d2eb7cd6d6a2da1f31e648e", "venue": {"url": "http://www.manhattanfishmarket.com/my", "like": false, "location": {"formattedAddress": ["AEON Terbau City Shopping Centre (G26)", "81100 Johor Bahru, Johor", "Malaysia"], "city": "Johor Bahru", "lng": 103.79631762854915, "cc": "MY", "state": "Johor", "crossStreet": "G26", "lat": 1.5500249781952857, "address": "AEON Terbau City Shopping Centre", "labeledLatLngs": [{"label": "display", "lat": 1.5500249781952857, "lng": 103.79631762854915}], "postalCode": "81100", "country": "Malaysia"}, "categories": [{"icon": {"prefix": "https://ss3.4sqi.net/img/categories_v2/food/seafood_", "suffix": ".png"}, "name": "Seafood Restaurant", "id": "4bf58dd8d48988d1ce941735", "pluralName": "Seafood Restaurants", "primary": true, "shortName": "Seafood"}], "verified": false, "contact": {"formattedPhone": "+60 7-354 9303", "twitter": "mfmmalaysia", "phone": "+6073549303"}, "allowMenuUrlEdit": true, "stats": {"tipCount": 49, "usersCount": 2713, "checkinsCount": 3807}, "id": "4c9ae7c878ffa093afb97075", "name": "The Manhattan Fish Market", "beenHere": {"lastCheckinExpiredAt": 0}}, "suffix": "/5AYMCDBAMNR3LMW5GYLL1J1LFQUGULKEESTWUZ4M5RZ5MU2K.jpg", "visibility": "public"}, {"height": 720, "source": {"url": "https://foursquare.com/download/#/iphone", "name": "Foursquare for iOS"}, "width": 540, "prefix": "https://igx.4sqi.net/img/general/", "createdAt": 1294907335, "id": "4d2eb7c7ab6fa340dbe5f089", "venue": {"url": "http://www.manhattanfishmarket.com/my", "like": false, "location": {"formattedAddress": ["AEON Terbau City Shopping Centre (G26)", "81100 Johor Bahru, Johor", "Malaysia"], "city": "Johor Bahru", "lng": 103.79631762854915, "cc": "MY", "state": "Johor", "crossStreet": "G26", "lat": 1.5500249781952857, "address": "AEON Terbau City Shopping Centre", "labeledLatLngs": [{"label": "display", "lat": 1.5500249781952857, "lng": 103.79631762854915}], "postalCode": "81100", "country": "Malaysia"}, "categories": [{"icon": {"prefix": "https://ss3.4sqi.net/img/categories_v2/food/seafood_", "suffix": ".png"}, "name": "Seafood Restaurant", "id": "4bf58dd8d48988d1ce941735", "pluralName": "Seafood Restaurants", "primary": true, "shortName": "Seafood"}], "verified": false, "contact": {"formattedPhone": "+60 7-354 9303", "twitter": "mfmmalaysia", "phone": "+6073549303"}, "allowMenuUrlEdit": true, "stats": {"tipCount": 49, "usersCount": 2713, "checkinsCount": 3807}, "id": "4c9ae7c878ffa093afb97075", "name": "The Manhattan Fish Market", "beenHere": {"lastCheckinExpiredAt": 0}}, "suffix": "/3Z33G3LVBA4QFYQ204HRQVK4C3CGBEA4D5L531RDFQQL2LMF.jpg", "visibility": "public"}, {"height": 720, "source": {"url": "https://foursquare.com/download/#/iphone", "name": "Foursquare for iOS"}, "width": 540, "prefix": "https://igx.4sqi.net/img/general/", "createdAt": 1294365201, "id": "4d2672117c5028fdd898e987", "venue": {"closed": true, "like": false, "location": {"formattedAddress": ["73A Ayer Rajah Crescent (btw Ayer Rajah Ave and Ayer Rajah Crescent)", "139957", "Singapore"], "city": "Singapore", "lng": 103.78635741703226, "cc": "SG", "country": "Singapore", "lat": 1.2974601135145545, "address": "73A Ayer Rajah Crescent", "crossStreet": "btw Ayer Rajah Ave and Ayer Rajah Crescent", "postalCode": "139957"}, "categories": [{"icon": {"prefix": "https://ss3.4sqi.net/img/categories_v2/shops/food_foodcourt_", "suffix": ".png"}, "name": "Food Court", "id": "4bf58dd8d48988d120951735", "pluralName": "Food Courts", "primary": true, "shortName": "Food Court"}], "verified": false, "contact": {}, "allowMenuUrlEdit": true, "stats": {"tipCount": 24, "usersCount": 480, "checkinsCount": 3432}, "id": "4c0352f73f03b713e6f05141", "name": "Ayer Rajah Food Centre I", "beenHere": {"lastCheckinExpiredAt": 0}}, "suffix": "/B2ILDGWD2ES1WXBO4EEHMMSX51HYCBYHRTQLPYEQ2U2ZPKEP.jpg", "visibility": "public"}, {"height": 720, "source": {"url": "https://foursquare.com/download/#/iphone", "name": "Foursquare for iOS"}, "width": 540, "prefix": "https://igx.4sqi.net/img/general/", "createdAt": 1294118183, "id": "4d22ad2724762da1c4bba488", "venue": {"venueRatingBlacklisted": true, "like": false, "location": {"formattedAddress": ["30 Jurong West St 61", "648368", "Singapore"], "city": "Singapore", "lng": 103.69854712543754, "cc": "SG", "country": "Singapore", "lat": 1.3390628673089235, "address": "30 Jurong West St 61", "labeledLatLngs": [{"label": "display", "lat": 1.3390628673089235, "lng": 103.69854712543754}], "postalCode": "648368"}, "categories": [{"icon": {"prefix": "https://ss3.4sqi.net/img/categories_v2/building/school_", "suffix": ".png"}, "name": "School", "id": "4bf58dd8d48988d13b941735", "pluralName": "Schools", "primary": true, "shortName": "School"}], "verified": false, "contact": {"formattedPhone": "+65 6793 3419", "phone": "+6567933419"}, "beenHere": {"lastCheckinExpiredAt": 0}, "stats": {"tipCount": 1, "usersCount": 243, "checkinsCount": 1152}, "id": "4bfa5d39b182c9b6662b7a5a", "name": "Jurong West Primary School"}, "suffix": "/X2VYSPLEK4KFKVW1SLURRF23EGSU0CQ5OJFGE1SFWT4FZWON.jpg", "visibility": "public"}, {"height": 540, "source": {"url": "https://foursquare.com/download/#/iphone", "name": "Foursquare for iOS"}, "width": 405, "prefix": "https://igx.4sqi.net/img/general/", "createdAt": 1294013431, "id": "4d2113f75a70a340bc772c39", "venue": {"venueRatingBlacklisted": true, "like": false, "location": {"city": "Novena", "lng": 103.84205347818167, "cc": "SG", "state": "North East Community Development Region", "lat": 1.3196590680793718, "address": "55 Newton Road, Revenue House", "labeledLatLngs": [{"label": "display", "lat": 1.3196590680793718, "lng": 103.84205347818167}], "formattedAddress": ["55 Newton Road, Revenue House", "Singapore"], "country": "Singapore"}, "categories": [{"icon": {"prefix": "https://ss3.4sqi.net/img/categories_v2/education/other_", "suffix": ".png"}, "name": "General College & University", "id": "4bf58dd8d48988d1a8941735", "pluralName": "General Colleges & Universities", "primary": true, "shortName": "Education"}], "verified": false, "contact": {}, "beenHere": {"lastCheckinExpiredAt": 0}, "stats": {"tipCount": 0, "usersCount": 17, "checkinsCount": 195}, "id": "4be294a7f07b0f47e1b2f543", "name": "Learning Vision @ IRAS"}, "suffix": "/WZWWNWHLKYYDJPR1IOS12IHDN3ID3REGAI3QOSNVGEBIIECX.jpg", "visibility": "public"}, {"height": 720, "source": {"url": "https://foursquare.com/download/#/iphone", "name": "Foursquare for iOS"}, "width": 540, "prefix": "https://igx.4sqi.net/img/general/", "createdAt": 1293868728, "id": "4d1edeb824762da1af03a488", "venue": {"like": false, "location": {"cc": "SG", "country": "Singapore", "lat": 1.402625, "lng": 103.74527, "labeledLatLngs": [{"label": "display", "lat": 1.402625, "lng": 103.74527}], "formattedAddress": ["Singapore"]}, "categories": [], "verified": false, "contact": {}, "beenHere": {"lastCheckinExpiredAt": 0}, "stats": {"tipCount": 0, "usersCount": 26, "checkinsCount": 58}, "id": "4d1edc95dd6a236af66a2b38", "name": "678B multi purpose hall"}, "suffix": "/SGQ2BTFUEQ1MIKSLB52QLGN0O5TX0LYIGWVIAFEL1DAPC35Z.jpg", "visibility": "public"}, {"height": 720, "source": {"url": "https://foursquare.com/download/#/iphone", "name": "Foursquare for iOS"}, "width": 540, "prefix": "https://igx.4sqi.net/img/general/", "createdAt": 1293805180, "id": "4d1de67c24762da1e1c2a388", "venue": {"venueRatingBlacklisted": true, "like": false, "location": {"formattedAddress": ["8 Jurong Town Hall Rd.", "609434", "Singapore"], "city": "Singapore", "lng": 103.74181509017944, "cc": "SG", "country": "Singapore", "lat": 1.3312214787049923, "address": "8 Jurong Town Hall Rd.", "labeledLatLngs": [{"label": "display", "lat": 1.3312214787049923, "lng": 103.74181509017944}], "postalCode": "609434"}, "categories": [{"icon": {"prefix": "https://ss3.4sqi.net/img/categories_v2/building/default_", "suffix": ".png"}, "name": "Office", "id": "4bf58dd8d48988d124941735", "pluralName": "Offices", "primary": true, "shortName": "Office"}], "verified": false, "contact": {}, "beenHere": {"lastCheckinExpiredAt": 0}, "stats": {"tipCount": 5, "usersCount": 1082, "checkinsCount": 4734}, "id": "4b9e0edcf964a52078c836e3", "name": "The JTC Summit"}, "suffix": "/KFQXOR3BFORYFF3HB2ZHN1E253C4BK0OJJZRO3SK5LAJVSXN.jpg", "visibility": "public"}, {"height": 720, "source": {"url": "https://foursquare.com/download/#/iphone", "name": "Foursquare for iOS"}, "width": 540, "prefix": "https://igx.4sqi.net/img/general/", "createdAt": 1293796847, "id": "4d1dc5ef0ebe28fd49faf532", "venue": {"like": false, "location": {"formattedAddress": ["11/11A Cheong Chin Nam Rd", "599736", "Singapore"], "city": "Singapore", "lng": 103.77525687217712, "cc": "SG", "country": "Singapore", "lat": 1.3429556294180167, "address": "11/11A Cheong Chin Nam Rd", "postalCode": "599736"}, "categories": [{"icon": {"prefix": "https://ss3.4sqi.net/img/categories_v2/food/indian_", "suffix": ".png"}, "name": "Indian Restaurant", "id": "4bf58dd8d48988d10f941735", "pluralName": "Indian Restaurants", "primary": true, "shortName": "Indian"}], "verified": false, "contact": {"formattedPhone": "+65 6466 5052", "phone": "+6564665052"}, "allowMenuUrlEdit": true, "stats": {"tipCount": 218, "usersCount": 11833, "checkinsCount": 30990}, "id": "4b0ac826f964a520bd2723e3", "name": "Al-Azhar Eating Restaurant", "beenHere": {"lastCheckinExpiredAt": 0}}, "suffix": "/YUAEN4Z5VGG0YQPL3DFVJR33IMO1LUMUAGFXBU2KTMGUH0WF.jpg", "visibility": "public"}, {"height": 720, "source": {"url": "https://foursquare.com/download/#/iphone", "name": "Foursquare for iOS"}, "width": 540, "prefix": "https://igx.4sqi.net/img/general/", "createdAt": 1293793216, "id": "4d1db7c00ebe28fd74f6f532", "venue": {"url": "http://www.mosque.org.sg/darussalam/default.asp", "like": false, "location": {"formattedAddress": ["3002 Commonwealth Ave West", "129579", "Singapore"], "city": "Singapore", "lng": 103.77101673664716, "cc": "SG", "country": "Singapore", "lat": 1.312407327254602, "address": "3002 Commonwealth Ave West", "labeledLatLngs": [{"label": "display", "lat": 1.312407327254602, "lng": 103.77101673664716}], "postalCode": "129579"}, "categories": [{"icon": {"prefix": "https://ss3.4sqi.net/img/categories_v2/building/religious_mosque_", "suffix": ".png"}, "name": "Mosque", "id": "4bf58dd8d48988d138941735", "pluralName": "Mosques", "primary": true, "shortName": "Mosque"}], "verified": false, "contact": {}, "beenHere": {"lastCheckinExpiredAt": 0}, "stats": {"tipCount": 15, "usersCount": 1232, "checkinsCount": 4598}, "id": "4b875badf964a520eabc31e3", "name": "Masjid Darussalam (Mosque)", "venueRatingBlacklisted": true}, "suffix": "/NTIUQES0RMGQIN5UF3WX0CO3G3VHAWNO03DQTAZVX04AXPWJ.jpg", "visibility": "public"}], "count": 58}, "totalCount": 58}}