{"meta": {"code": 200, "requestId": "595ae7c5f594df3c7384c34f"}, "notifications": [{"item": {"unreadCount": 0}, "type": "notificationTray"}], "response": {"photos": {"items": [{"height": 345, "source": {"url": "https://foursquare.com/download/#/blackberry", "name": "Foursquare for BlackBerry"}, "width": 460, "prefix": "https://igx.4sqi.net/img/general/", "createdAt": 1331628342, "id": "4f5f0936e4b0cd5980c0b997", "venue": {"like": false, "location": {"formattedAddress": ["#B1-26, Bugis Junction Tower (230 Victoria Street)", "188024", "Singapore"], "city": "Singapore", "lng": 103.85566966632226, "cc": "SG", "country": "Singapore", "crossStreet": "230 Victoria Street", "lat": 1.299675808965757, "address": "#B1-26, Bugis Junction Tower", "labeledLatLngs": [{"label": "display", "lat": 1.299675808965757, "lng": 103.85566966632226}], "postalCode": "188024"}, "categories": [{"icon": {"prefix": "https://ss3.4sqi.net/img/categories_v2/food/soup_", "suffix": ".png"}, "name": "Soup Place", "id": "4bf58dd8d48988d1dd931735", "pluralName": "Soup Places", "primary": true, "shortName": "Soup"}], "verified": false, "contact": {"formattedPhone": "+65 6238 8601", "phone": "+6562388601"}, "allowMenuUrlEdit": true, "stats": {"tipCount": 25, "usersCount": 2366, "checkinsCount": 3394}, "id": "4b5d2673f964a520a25429e3", "name": "The Soup Spoon", "beenHere": {"lastCheckinExpiredAt": 0}}, "suffix": "/-5W3eJkzquV9M0VH5ZM2FYNAkofSIgwXGorrHneOrdY.jpg", "visibility": "public"}, {"height": 345, "source": {"url": "https://foursquare.com/download/#/blackberry", "name": "Foursquare for BlackBerry"}, "width": 460, "prefix": "https://igx.4sqi.net/img/general/", "createdAt": 1331380986, "id": "4f5b42fae4b0b28dd3b397dc", "venue": {"like": false, "location": {"cc": "SG", "country": "Singapore", "lat": 1.32694890960404, "lng": 103.86860206089494, "labeledLatLngs": [{"label": "display", "lat": 1.32694890960404, "lng": 103.86860206089494}], "formattedAddress": ["Singapore"]}, "categories": [{"icon": {"prefix": "https://ss3.4sqi.net/img/categories_v2/food/asian_", "suffix": ".png"}, "name": "Asian Restaurant", "id": "4bf58dd8d48988d142941735", "pluralName": "Asian Restaurants", "primary": true, "shortName": "Asian"}], "verified": false, "contact": {}, "allowMenuUrlEdit": true, "stats": {"tipCount": 0, "usersCount": 15, "checkinsCount": 19}, "id": "4c161e2282a3c9b6adbcfff8", "name": "\u59d1\u5988\u5bb6", "beenHere": {"lastCheckinExpiredAt": 0}}, "suffix": "/uYSrx3F_Bx__nxmO1Z-_Rn2CWl0e5-h_Ld1nAd1A56g.jpg", "visibility": "public"}], "count": 2}, "totalCount": 2}}