{"meta": {"code": 200, "requestId": "595aeba01ed21919f84618ba"}, "notifications": [{"item": {"unreadCount": 0}, "type": "notificationTray"}], "response": {"photos": {"items": [{"height": 720, "source": {"url": "https://foursquare.com/download/#/iphone", "name": "Foursquare for iOS"}, "tip": {"agreeCount": 0, "canonicalUrl": "https://foursquare.com/item/4d1341509844b60cba46c1d4", "todo": {"count": 0}, "logView": true, "disagreeCount": 0, "createdAt": 1293107536, "id": "4d1341509844b60cba46c1d4", "text": "Try the vanilla affogato, the only one in \u589e\u57ce\uff01", "likes": {"groups": [], "count": 0}, "like": false, "type": "user"}, "width": 537, "prefix": "https://igx.4sqi.net/img/general/", "createdAt": 1293107543, "id": "4d13415715b22da1dfeb4672", "venue": {"like": false, "location": {"formattedAddress": ["\u589e\u57ce\u897f\u56ed\u8def31\u53f7", "\u5e7f\u5dde", "\u5e7f\u4e1c, 511300"], "city": "\u5e7f\u5dde", "lng": 113.8339376449585, "cc": "CN", "state": "\u5e7f\u4e1c", "lat": 23.29157402502074, "address": "\u589e\u57ce\u897f\u56ed\u8def31\u53f7", "labeledLatLngs": [{"label": "display", "lat": 23.29157402502074, "lng": 113.8339376449585}], "postalCode": "511300", "country": "\u4e2d\u56fd"}, "categories": [], "verified": false, "contact": {"formattedPhone": "020 8275 9588", "phone": "02082759588"}, "beenHere": {"lastCheckinExpiredAt": 0}, "stats": {"tipCount": 1, "usersCount": 1, "checkinsCount": 3}, "id": "4d133ef5032359413803567d", "name": "ULL Coffee \u60a0\u4e50\u751f\u6d3b\u5496\u5561\u5e97"}, "suffix": "/U01ROQG2N1HM1XDLVN1HHPUU1YW3UHH43VGZXZK2ZRWEEF12.jpg", "visibility": "public"}], "count": 1}, "totalCount": 1}}