{"meta": {"code": 200, "requestId": "595afd904434b96bca7ca24d"}, "notifications": [{"item": {"unreadCount": 0}, "type": "notificationTray"}], "response": {"photos": {"items": [{"height": 4032, "source": {"url": "https://foursquare.com/download/#/android", "name": "Foursquare for Android"}, "tip": {"agreeCount": 0, "canonicalUrl": "https://foursquare.com/item/56723a96498ed7c0f2199d54", "todo": {"count": 0}, "logView": true, "disagreeCount": 0, "createdAt": 1450326678, "id": "56723a96498ed7c0f2199d54", "text": "Ang Ku Kueh!", "likes": {"groups": [], "count": 0}, "like": false, "type": "user"}, "width": 3024, "prefix": "https://igx.4sqi.net/img/general/", "createdAt": 1450326682, "id": "56723a9a498e3c333302f1a7", "venue": {"like": false, "location": {"city": "Singapore", "lng": 103.90189559523918, "cc": "SG", "country": "Singapore", "lat": 1.3135591222811442, "address": "60 Joo Chiat Pl", "labeledLatLngs": [{"label": "display", "lat": 1.3135591222811442, "lng": 103.90189559523918}], "formattedAddress": ["60 Joo Chiat Pl", "Singapore"]}, "categories": [{"icon": {"prefix": "https://ss3.4sqi.net/img/categories_v2/food/snacks_", "suffix": ".png"}, "name": "Snack Place", "id": "4bf58dd8d48988d1c7941735", "pluralName": "Snack Places", "primary": true, "shortName": "Snacks"}], "verified": false, "contact": {}, "allowMenuUrlEdit": true, "stats": {"tipCount": 13, "usersCount": 284, "checkinsCount": 715}, "id": "4b7ecb8df964a5200a0030e3", "name": "Kim Choo Kueh Chang", "beenHere": {"lastCheckinExpiredAt": 0}}, "suffix": "/1120376_xqjdgaFSeJPhUE4MEmQ9pbVGNrtAwOfELVY1oKlLlpY.jpg", "visibility": "public"}, {"height": 720, "source": {"url": "https://foursquare.com/download/#/iphone", "name": "Foursquare for iOS"}, "width": 537, "prefix": "https://igx.4sqi.net/img/general/", "createdAt": 1347730612, "id": "5054bcb4e4b0244dde4847c0", "venue": {"like": false, "location": {"formattedAddress": ["1301 Williamson St", "Madison, WI 53703", "United States"], "city": "Madison", "lng": -89.362076, "cc": "US", "state": "WI", "lat": 43.084654, "address": "1301 Williamson St", "labeledLatLngs": [{"label": "display", "lat": 43.084654, "lng": -89.362076}], "postalCode": "53703", "country": "United States"}, "categories": [{"icon": {"prefix": "https://ss3.4sqi.net/img/categories_v2/shops/default_", "suffix": ".png"}, "name": "Thrift / Vintage Store", "id": "4bf58dd8d48988d101951735", "pluralName": "Thrift / Vintage Stores", "primary": true, "shortName": "Thrift / Vintage"}], "verified": false, "contact": {"formattedPhone": "+1 608-257-0673", "phone": "+16082570673"}, "allowMenuUrlEdit": true, "stats": {"tipCount": 11, "usersCount": 607, "checkinsCount": 1368}, "id": "4b23d77cf964a520ff5a24e3", "name": "St Vincent de Paul Thrift Store", "beenHere": {"lastCheckinExpiredAt": 0}}, "suffix": "/1120376_pSAhPJQ_uOlFLQ7WfrlHjV2xQuxgM7ksIuHFkcgRR58.jpg", "visibility": "public"}, {"height": 540, "source": {"url": "https://foursquare.com/download/#/iphone", "name": "Foursquare for iOS"}, "width": 540, "prefix": "https://igx.4sqi.net/img/general/", "createdAt": 1345286515, "id": "502f7173e4b0b0259470a01f", "venue": {"like": false, "location": {"city": "Brooklyn", "lng": -74.033577, "cc": "US", "state": "NY", "crossStreet": "95th st", "lat": 40.617653, "address": "3rd ave", "labeledLatLngs": [{"label": "display", "lat": 40.617653, "lng": -74.033577}], "formattedAddress": ["3rd ave (95th st)", "Brooklyn, NY", "United States"], "country": "United States"}, "categories": [{"icon": {"prefix": "https://ss3.4sqi.net/img/categories_v2/shops/food_farmersmarket_", "suffix": ".png"}, "name": "Farmers Market", "id": "4bf58dd8d48988d1fa941735", "pluralName": "Farmers Markets", "primary": true, "shortName": "Farmer's Market"}], "verified": false, "contact": {"twitter": "grownyc"}, "allowMenuUrlEdit": true, "stats": {"tipCount": 4, "usersCount": 62, "checkinsCount": 146}, "id": "4c137dd5a9c220a131ca559d", "name": "Bay Ridge Greenmarket", "beenHere": {"lastCheckinExpiredAt": 0}}, "suffix": "/lDoMBqjBufW56FLQx4gAbXfuevGEcmV3i4M-RBfXwM8.jpg", "visibility": "public"}, {"height": 540, "source": {"url": "https://foursquare.com/download/#/iphone", "name": "Foursquare for iOS"}, "width": 540, "prefix": "https://igx.4sqi.net/img/general/", "createdAt": 1342451265, "id": "50042e41e4b07b957747949e", "venue": {"like": false, "location": {"formattedAddress": ["Riverhead, NY 11901", "United States"], "city": "Riverhead", "state": "NY", "cc": "US", "country": "United States", "lat": 40.97078163, "lng": -72.61700042, "labeledLatLngs": [{"label": "display", "lat": 40.97078163, "lng": -72.61700042}], "postalCode": "11901"}, "categories": [{"icon": {"prefix": "https://ss3.4sqi.net/img/categories_v2/shops/food_farmersmarket_", "suffix": ".png"}, "name": "Farmers Market", "id": "4bf58dd8d48988d1fa941735", "pluralName": "Farmers Markets", "primary": true, "shortName": "Farmer's Market"}], "verified": false, "contact": {}, "allowMenuUrlEdit": true, "stats": {"tipCount": 2, "usersCount": 66, "checkinsCount": 67}, "id": "4c4f223cfb742d7faa6a722f", "name": "Northville Farms", "beenHere": {"lastCheckinExpiredAt": 0}}, "suffix": "/pBfP0brvdIrrUPYN2zS1uv0qWMtqC9S9EcOR2MLCWm8.jpg", "visibility": "public"}, {"height": 540, "source": {"url": "https://foursquare.com/download/#/iphone", "name": "Foursquare for iOS"}, "width": 540, "prefix": "https://igx.4sqi.net/img/general/", "createdAt": 1342130603, "id": "4fff49abe4b09d12b1238c5a", "venue": {"closed": true, "like": false, "location": {"formattedAddress": ["Brooklyn, NY 11201", "United States"], "city": "Brooklyn", "state": "NY", "cc": "US", "country": "United States", "lat": 40.699938955308454, "lng": -73.99669317897325, "postalCode": "11201"}, "categories": [{"icon": {"prefix": "https://ss3.4sqi.net/img/categories_v2/parks_outdoors/pool_", "suffix": ".png"}, "name": "Pool", "id": "4bf58dd8d48988d15e941735", "pluralName": "Pools", "primary": true, "shortName": "Pool"}], "verified": false, "contact": {}, "beenHere": {"lastCheckinExpiredAt": 0}, "stats": {"tipCount": 13, "usersCount": 605, "checkinsCount": 998}, "id": "4ff6de22e4b02ca33c0a04fb", "name": "Brooklyn Bridge Park Pop Up Pool"}, "suffix": "/P3W3dlQIiqdSodHTmHjojatntFrFkreL3FZhpd_uz6g.jpg", "visibility": "public"}, {"height": 540, "source": {"url": "https://foursquare.com/download/#/iphone", "name": "Foursquare for iOS"}, "width": 540, "prefix": "https://igx.4sqi.net/img/general/", "createdAt": 1342031166, "id": "4ffdc53ee4b0b71305854f43", "venue": {"hasMenu": true, "location": {"formattedAddress": ["284 Van Brunt St (btwn Verona St & Visitation Pl)", "Brooklyn, NY 11231", "United States"], "city": "Brooklyn", "lng": -74.010122, "cc": "US", "state": "NY", "crossStreet": "btwn Verona St & Visitation Pl", "lat": 40.67975, "address": "284 Van Brunt St", "labeledLatLngs": [{"label": "display", "lat": 40.67975, "lng": -74.010122}], "postalCode": "11231", "country": "United States"}, "contact": {"twitter": "redhooklobster", "facebookName": "Red Hook Lobster Pound", "formattedPhone": "+1 718-858-7650", "phone": "+17188587650", "facebookUsername": "redhooklobster", "facebook": "406440635914"}, "verified": true, "allowMenuUrlEdit": true, "stats": {"tipCount": 146, "usersCount": 4879, "checkinsCount": 7042}, "menu": {"label": "Menu", "anchor": "View Menu", "mobileUrl": "https://foursquare.com/v/49fce21ff964a520ec6e1fe3/device_menu", "url": "https://foursquare.com/v/red-hook-lobster-pound/49fce21ff964a520ec6e1fe3/menu", "type": "Menu"}, "storeId": "", "beenHere": {"lastCheckinExpiredAt": 0}, "url": "http://redhooklobster.com", "like": false, "categories": [{"icon": {"prefix": "https://ss3.4sqi.net/img/categories_v2/food/seafood_", "suffix": ".png"}, "name": "Seafood Restaurant", "id": "4bf58dd8d48988d1ce941735", "pluralName": "Seafood Restaurants", "primary": true, "shortName": "Seafood"}], "id": "49fce21ff964a520ec6e1fe3", "name": "Red Hook Lobster Pound"}, "suffix": "/i5FmqHAutm9AjKp8gNaL-LoZqe2tw-x33eH39b7ZwzM.jpg", "visibility": "public"}, {"height": 537, "source": {"url": "https://foursquare.com/download/#/iphone", "name": "Foursquare for iOS"}, "width": 720, "prefix": "https://igx.4sqi.net/img/general/", "createdAt": 1341756354, "id": "4ff993c2e4b0aeae9f76f1a8", "venue": {"like": false, "location": {"formattedAddress": ["18th Ave (Milestone Park) (Btw 81st & 82nd Street)", "Brooklyn, NY 11214", "United States"], "city": "Brooklyn", "lng": -73.999585480339, "cc": "US", "state": "NY", "crossStreet": "Btw 81st & 82nd Street", "lat": 40.609485827700816, "address": "18th Ave (Milestone Park)", "labeledLatLngs": [{"label": "display", "lat": 40.609485827700816, "lng": -73.999585480339}], "postalCode": "11214", "country": "United States"}, "categories": [{"icon": {"prefix": "https://ss3.4sqi.net/img/categories_v2/shops/food_farmersmarket_", "suffix": ".png"}, "name": "Farmers Market", "id": "4bf58dd8d48988d1fa941735", "pluralName": "Farmers Markets", "primary": true, "shortName": "Farmer's Market"}], "verified": false, "contact": {"twitter": "nycgreenmarkets"}, "allowMenuUrlEdit": true, "stats": {"tipCount": 3, "usersCount": 20, "checkinsCount": 50}, "id": "4ff982e5e4b0f33163ae8df3", "name": "Bensonhurst Greenmarket", "beenHere": {"lastCheckinExpiredAt": 0}}, "suffix": "/KtgMf0ehAtfHlmlroEqv1yWnC7BvwPWqiLD4M9UwRfE.jpg", "visibility": "public"}, {"height": 540, "source": {"url": "https://foursquare.com/download/#/iphone", "name": "Foursquare for iOS"}, "width": 540, "prefix": "https://igx.4sqi.net/img/general/", "createdAt": 1341526747, "id": "4ff612dbe4b03705cdc64bdc", "venue": {"url": "http://nyc.gov/parks", "like": false, "location": {"formattedAddress": ["Main St (Plymouth St)", "Brooklyn, NY 11201", "United States"], "city": "Brooklyn", "lng": -73.99509206480221, "cc": "US", "state": "NY", "neighborhood": "DUMBO, Brooklyn, NY", "lat": 40.70313637616743, "address": "Main St", "crossStreet": "Plymouth St", "postalCode": "11201", "country": "United States"}, "categories": [{"icon": {"prefix": "https://ss3.4sqi.net/img/categories_v2/parks_outdoors/park_", "suffix": ".png"}, "name": "Park", "id": "4bf58dd8d48988d163941735", "pluralName": "Parks", "primary": true, "shortName": "Park"}], "verified": true, "contact": {"twitter": "nycparks", "facebookName": "Bartow-Pell Mansion Museum", "formattedPhone": "+1 212-803-3822", "phone": "+12128033822", "facebookUsername": "BartowPell", "facebook": "104475634308"}, "beenHere": {"lastCheckinExpiredAt": 0}, "stats": {"tipCount": 353, "usersCount": 30210, "checkinsCount": 53562}, "id": "430d0a00f964a5203e271fe3", "name": "Brooklyn Bridge Park"}, "suffix": "/xDYIppM__TonsniCC4Ksi4TLsfYkYl2S8TrJlPwfwbA.jpg", "visibility": "public"}, {"height": 540, "source": {"url": "https://foursquare.com/download/#/iphone", "name": "Foursquare for iOS"}, "width": 540, "prefix": "https://igx.4sqi.net/img/general/", "createdAt": 1341513722, "id": "4ff5dffae4b055f89688bdfc", "venue": {"location": {"formattedAddress": ["95-19 Rockaway Beach Blvd (at Beach 96th St)", "Rockaway Beach, NY 11693", "United States"], "city": "Queens", "lng": -73.8179179640859, "cc": "US", "state": "NY", "lat": 40.585130207186786, "address": "95-19 Rockaway Beach Blvd", "crossStreet": "at Beach 96th St", "postalCode": "11693", "country": "United States"}, "contact": {"formattedPhone": "+1 347-213-7466", "twitter": "rockawaytaco", "phone": "+13472137466"}, "verified": false, "allowMenuUrlEdit": true, "stats": {"tipCount": 140, "usersCount": 5933, "checkinsCount": 8987}, "id": "4a414e0ff964a5200fa51fe3", "url": "http://rockawaytaco.com", "closed": true, "like": false, "categories": [{"icon": {"prefix": "https://ss3.4sqi.net/img/categories_v2/food/taco_", "suffix": ".png"}, "name": "Taco Place", "id": "4bf58dd8d48988d151941735", "pluralName": "Taco Places", "primary": true, "shortName": "Tacos"}], "beenHere": {"lastCheckinExpiredAt": 0}, "name": "Rockaway Taco"}, "suffix": "/oXujC3oliNy3qufXydEOn7TiZD5JJ6eRzfF8IMW1mCQ.jpg", "visibility": "public"}, {"height": 678, "source": {"url": "https://foursquare.com/download/#/iphone", "name": "Foursquare for iOS"}, "width": 540, "prefix": "https://igx.4sqi.net/img/general/", "createdAt": 1341052500, "id": "4feed654e4b053eae0b0cbe1", "venue": {"like": false, "location": {"city": "Brooklyn", "lng": -74.033577, "cc": "US", "state": "NY", "crossStreet": "95th st", "lat": 40.617653, "address": "3rd ave", "labeledLatLngs": [{"label": "display", "lat": 40.617653, "lng": -74.033577}], "formattedAddress": ["3rd ave (95th st)", "Brooklyn, NY", "United States"], "country": "United States"}, "categories": [{"icon": {"prefix": "https://ss3.4sqi.net/img/categories_v2/shops/food_farmersmarket_", "suffix": ".png"}, "name": "Farmers Market", "id": "4bf58dd8d48988d1fa941735", "pluralName": "Farmers Markets", "primary": true, "shortName": "Farmer's Market"}], "verified": false, "contact": {"twitter": "grownyc"}, "allowMenuUrlEdit": true, "stats": {"tipCount": 4, "usersCount": 62, "checkinsCount": 146}, "id": "4c137dd5a9c220a131ca559d", "name": "Bay Ridge Greenmarket", "beenHere": {"lastCheckinExpiredAt": 0}}, "suffix": "/QXIOEjk2TSOaYrtQVH3oT4Va-BbcIk5RsamoWgOPHfk.jpg", "visibility": "public"}, {"height": 720, "source": {"url": "https://foursquare.com/download/#/iphone", "name": "Foursquare for iOS"}, "width": 537, "prefix": "https://igx.4sqi.net/img/general/", "createdAt": 1339503018, "id": "4fd731aae4b02f54a4da1ea9", "venue": {"like": false, "location": {"formattedAddress": ["E. 10th St. & Second Ave. (2nd Avenue)", "New York, NY 10003", "United States"], "city": "New York", "lng": -73.98695468902588, "cc": "US", "state": "NY", "crossStreet": "2nd Avenue", "lat": 40.729958061792885, "address": "E. 10th St. & Second Ave.", "labeledLatLngs": [{"label": "display", "lat": 40.729958061792885, "lng": -73.98695468902588}], "postalCode": "10003", "country": "United States"}, "categories": [{"icon": {"prefix": "https://ss3.4sqi.net/img/categories_v2/shops/food_farmersmarket_", "suffix": ".png"}, "name": "Farmers Market", "id": "4bf58dd8d48988d1fa941735", "pluralName": "Farmers Markets", "primary": true, "shortName": "Farmer's Market"}], "verified": false, "contact": {}, "allowMenuUrlEdit": true, "stats": {"tipCount": 3, "usersCount": 94, "checkinsCount": 235}, "id": "4c9931c29f259eb077f54885", "name": "St. Mark's Church Greenmarket", "beenHere": {"lastCheckinExpiredAt": 0}}, "suffix": "/4Pux79WJGbwM8_ItZ1W89Jd3FP4Ytni0EJrT3A_Fuw8.jpg", "visibility": "public"}, {"height": 540, "source": {"url": "https://foursquare.com/download/#/iphone", "name": "Foursquare for iOS"}, "width": 540, "prefix": "https://igx.4sqi.net/img/general/", "createdAt": 1336819227, "id": "4fae3e1be4b085f6b28cdee7", "venue": {"like": false, "location": {"city": "Brooklyn", "lng": -74.033577, "cc": "US", "state": "NY", "crossStreet": "95th st", "lat": 40.617653, "address": "3rd ave", "labeledLatLngs": [{"label": "display", "lat": 40.617653, "lng": -74.033577}], "formattedAddress": ["3rd ave (95th st)", "Brooklyn, NY", "United States"], "country": "United States"}, "categories": [{"icon": {"prefix": "https://ss3.4sqi.net/img/categories_v2/shops/food_farmersmarket_", "suffix": ".png"}, "name": "Farmers Market", "id": "4bf58dd8d48988d1fa941735", "pluralName": "Farmers Markets", "primary": true, "shortName": "Farmer's Market"}], "verified": false, "contact": {"twitter": "grownyc"}, "allowMenuUrlEdit": true, "stats": {"tipCount": 4, "usersCount": 62, "checkinsCount": 146}, "id": "4c137dd5a9c220a131ca559d", "name": "Bay Ridge Greenmarket", "beenHere": {"lastCheckinExpiredAt": 0}}, "suffix": "/9HXXUcbh9lCVuRgJ1yo8S-4u7VStc99T4vPXC109wg0.jpg", "visibility": "public"}, {"height": 540, "source": {"url": "https://foursquare.com/download/#/iphone", "name": "Foursquare for iOS"}, "width": 540, "prefix": "https://igx.4sqi.net/img/general/", "createdAt": 1333469460, "id": "4f7b2114e4b0118787f3bc4f", "venue": {"like": false, "location": {"formattedAddress": ["630 Bedford Rd", "Tarrytown, NY 10591", "United States"], "city": "Tarrytown", "lng": -73.82904953002115, "cc": "US", "state": "NY", "lat": 41.103722755067174, "address": "630 Bedford Rd", "labeledLatLngs": [{"label": "display", "lat": 41.103722755067174, "lng": -73.82904953002115}], "postalCode": "10591", "country": "United States"}, "categories": [{"icon": {"prefix": "https://ss3.4sqi.net/img/categories_v2/parks_outdoors/farm_", "suffix": ".png"}, "name": "Farm", "id": "4bf58dd8d48988d15b941735", "pluralName": "Farms", "primary": true, "shortName": "Farm"}], "verified": false, "contact": {"formattedPhone": "+1 914-366-6200", "phone": "+19143666200"}, "beenHere": {"lastCheckinExpiredAt": 0}, "stats": {"tipCount": 17, "usersCount": 2105, "checkinsCount": 3012}, "id": "4a59f9e2f964a5209bb91fe3", "name": "Stone Barns Center For Food And Agriculture"}, "suffix": "/33Ovkv7aPss_F2BBUuunPGAQd8kkmvr8sSr7h_XMKiY.jpg", "visibility": "public"}, {"height": 720, "source": {"url": "https://foursquare.com/download/#/iphone", "name": "Foursquare for iOS"}, "width": 537, "prefix": "https://igx.4sqi.net/img/general/", "createdAt": 1332613411, "id": "4f6e1123e4b01d94fd3fbe82", "venue": {"hasMenu": true, "location": {"formattedAddress": ["4009 30th Ave (btwn Steinway & 41st St.)", "Astoria, NY 11103", "United States"], "city": "Astoria", "lng": -73.9146576902629, "cc": "US", "state": "NY", "crossStreet": "btwn Steinway & 41st St.", "lat": 40.76376210528366, "address": "4009 30th Ave", "labeledLatLngs": [{"label": "display", "lat": 40.76376210528366, "lng": -73.9146576902629}], "postalCode": "11103", "country": "United States"}, "contact": {"formattedPhone": "+1 718-728-2350", "twitter": "queenscomfortny", "phone": "+17187282350"}, "verified": true, "allowMenuUrlEdit": true, "stats": {"tipCount": 212, "usersCount": 5460, "checkinsCount": 10045}, "menu": {"label": "Menu", "anchor": "View Menu", "mobileUrl": "https://foursquare.com/v/4d63e25f95b28cfa8bd151fa/device_menu", "url": "https://foursquare.com/v/queens-comfort/4d63e25f95b28cfa8bd151fa/menu", "type": "Menu"}, "beenHere": {"lastCheckinExpiredAt": 0}, "url": "http://queenscomfort.com", "like": false, "categories": [{"icon": {"prefix": "https://ss3.4sqi.net/img/categories_v2/food/default_", "suffix": ".png"}, "name": "American Restaurant", "id": "4bf58dd8d48988d14e941735", "pluralName": "American Restaurants", "primary": true, "shortName": "American"}], "id": "4d63e25f95b28cfa8bd151fa", "name": "Queens Comfort"}, "suffix": "/89SysZcdyA1d-j6aFAQT5cCCEPxvo4l86ibBeRLvdvI.jpg", "visibility": "public"}, {"height": 537, "source": {"url": "https://foursquare.com/download/#/iphone", "name": "Foursquare for iOS"}, "width": 720, "prefix": "https://igx.4sqi.net/img/general/", "createdAt": 1330548603, "id": "4f4e8f7be4b0dcea9251d5ac", "venue": {"like": false, "location": {"cc": "BR", "country": "Brasil", "lat": -22.75303334697451, "lng": -50.348523688711765, "labeledLatLngs": [{"label": "display", "lat": -22.75303334697451, "lng": -50.348523688711765}], "formattedAddress": ["Brasil"]}, "categories": [{"icon": {"prefix": "https://ss3.4sqi.net/img/categories_v2/parks_outdoors/farm_", "suffix": ".png"}, "name": "Farm", "id": "4bf58dd8d48988d15b941735", "pluralName": "Farms", "primary": true, "shortName": "Farm"}], "verified": false, "contact": {}, "beenHere": {"lastCheckinExpiredAt": 0}, "stats": {"tipCount": 0, "usersCount": 2, "checkinsCount": 18}, "id": "4f4e8f20e4b008082b59abad", "name": "Fazenda Entre-Rios"}, "suffix": "/ZzCFp3y_uJl3_13HMFTz-YmKgbFRDIZQVwxBCeaRwJY.jpg", "visibility": "public"}, {"height": 720, "source": {"url": "https://foursquare.com/download/#/iphone", "name": "Foursquare for iOS"}, "width": 537, "prefix": "https://igx.4sqi.net/img/general/", "createdAt": 1329844603, "id": "4f43d17be4b059a7f25f0564", "venue": {"location": {"formattedAddress": ["R. Haddock Lobo, 728", "S\u00e3o Paulo, SP", "01414-000", "Brasil"], "city": "S\u00e3o Paulo", "lng": -46.662623, "cc": "BR", "state": "SP", "lat": -23.558945, "address": "R. Haddock Lobo, 728", "labeledLatLngs": [{"label": "display", "lat": -23.558945, "lng": -46.662623}], "postalCode": "01414-000", "country": "Brasil"}, "contact": {"formattedPhone": "+55 11 3062-9635", "phone": "+551130629635", "facebookName": "Cantina do Piero il Vero", "facebookUsername": "cantina.do.piero", "facebook": "181302785253511"}, "verified": true, "allowMenuUrlEdit": true, "stats": {"tipCount": 125, "usersCount": 3407, "checkinsCount": 4601}, "id": "4b7abbe3f964a520d8392fe3", "storeId": "", "url": "http://www.cantinadopieroilvero.com.br", "like": false, "categories": [{"icon": {"prefix": "https://ss3.4sqi.net/img/categories_v2/food/italian_", "suffix": ".png"}, "name": "Italian Restaurant", "id": "4bf58dd8d48988d110941735", "pluralName": "Italian Restaurants", "primary": true, "shortName": "Italian"}], "beenHere": {"lastCheckinExpiredAt": 0}, "name": "Cantina do Piero il Vero", "venuePage": {"id": "45859641"}}, "suffix": "/7ynnmzvD6EIi3gE8kBQx5VnhF56uvg6VLEngwu4s3Jo.jpg", "visibility": "public"}, {"height": 540, "source": {"url": "https://foursquare.com/download/#/iphone", "name": "Foursquare for iOS"}, "width": 540, "prefix": "https://igx.4sqi.net/img/general/", "createdAt": 1329745189, "id": "4f424d25e4b0bf54cae58472", "venue": {"url": "http://www.oportaldomercadao.com.br", "like": false, "location": {"formattedAddress": ["R. da Cantareira, 306 (Av. do Estado)", "S\u00e3o Paulo, SP", "01024-000", "Brasil"], "city": "S\u00e3o Paulo", "lng": -46.629393452793366, "cc": "BR", "state": "SP", "lat": -23.541657120989235, "address": "R. da Cantareira, 306", "crossStreet": "Av. do Estado", "postalCode": "01024-000", "country": "Brasil"}, "categories": [{"icon": {"prefix": "https://ss3.4sqi.net/img/categories_v2/shops/market_", "suffix": ".png"}, "name": "Market", "id": "50be8ee891d4fa8dcc7199a7", "pluralName": "Markets", "primary": true, "shortName": "Market"}], "verified": false, "contact": {"twitter": "portalmercadao", "instagram": "mercadaosaopaulo", "facebookName": "Portal do Mercad\u00e3o", "formattedPhone": "+55 11 3313-3365", "phone": "+551133133365", "facebookUsername": "portaldomercadao", "facebook": "202088406473061"}, "allowMenuUrlEdit": true, "stats": {"tipCount": 1856, "usersCount": 92875, "checkinsCount": 146747}, "id": "4b05bc5ef964a520fee122e3", "name": "Mercado Municipal Paulistano", "beenHere": {"lastCheckinExpiredAt": 0}}, "suffix": "/rNBKKQgKUAsbXzjjlJOOTVBfkzbmfKjaHmzBPVraLPU.jpg", "visibility": "public"}, {"height": 537, "source": {"url": "https://foursquare.com/download/#/iphone", "name": "Foursquare for iOS"}, "width": 720, "prefix": "https://igx.4sqi.net/img/general/", "createdAt": 1304787500, "id": "4dc57a2ca12d4e083502b740", "venue": {"location": {"formattedAddress": ["235 Bowery (btwn Stanton & Rivington St.)", "New York, NY 10002", "United States"], "city": "New York", "lng": -73.9931638235344, "cc": "US", "state": "NY", "lat": 40.72241283071901, "address": "235 Bowery", "crossStreet": "btwn Stanton & Rivington St.", "postalCode": "10002", "country": "United States"}, "contact": {"formattedPhone": "+1 212-219-1222", "twitter": "newmuseum", "phone": "+12122191222"}, "verified": true, "allowMenuUrlEdit": true, "stats": {"tipCount": 197, "usersCount": 18343, "checkinsCount": 26666}, "id": "4750accef964a520b24c1fe3", "storeId": "", "url": "http://www.newmuseum.org", "like": false, "categories": [{"icon": {"prefix": "https://ss3.4sqi.net/img/categories_v2/arts_entertainment/museum_art_", "suffix": ".png"}, "name": "Art Museum", "id": "4bf58dd8d48988d18f941735", "pluralName": "Art Museums", "primary": true, "shortName": "Art Museum"}], "beenHere": {"lastCheckinExpiredAt": 0}, "name": "New Museum", "venuePage": {"id": "37679937"}}, "suffix": "/VFM5W2SOJ2QYXXLEI0OE5UK0IVOREPVSBEIELITU3OFC5R34.jpg", "visibility": "public"}, {"height": 720, "source": {"url": "https://foursquare.com/download/#/iphone", "name": "Foursquare for iOS"}, "width": 537, "prefix": "https://igx.4sqi.net/img/general/", "createdAt": 1303945285, "id": "4db8a045fd28bcd1ffd2ed71", "venue": {"hasMenu": true, "location": {"formattedAddress": ["359 Metropolitan Ave (at Havemeyer St)", "Brooklyn, NY 11211", "United States"], "city": "Brooklyn", "lng": -73.95588642919986, "cc": "US", "state": "NY", "crossStreet": "at Havemeyer St", "lat": 40.71416108630139, "address": "359 Metropolitan Ave", "labeledLatLngs": [{"label": "display", "lat": 40.71416108630139, "lng": -73.95588642919986}], "postalCode": "11211", "country": "United States"}, "contact": {"formattedPhone": "+1 718-963-4140", "phone": "+17189634140"}, "verified": true, "allowMenuUrlEdit": true, "stats": {"tipCount": 171, "usersCount": 9332, "checkinsCount": 17759}, "menu": {"label": "Menu", "anchor": "View Menu", "mobileUrl": "https://foursquare.com/v/40807380f964a52080f21ee3/device_menu", "url": "https://foursquare.com/v/spuyten-duyvil/40807380f964a52080f21ee3/menu", "type": "Menu"}, "beenHere": {"lastCheckinExpiredAt": 0}, "url": "http://www.spuytenduyvilnyc.com", "like": false, "categories": [{"icon": {"prefix": "https://ss3.4sqi.net/img/categories_v2/nightlife/beergarden_", "suffix": ".png"}, "name": "Beer Garden", "id": "4bf58dd8d48988d117941735", "pluralName": "Beer Gardens", "primary": true, "shortName": "Beer Garden"}], "id": "40807380f964a52080f21ee3", "name": "Spuyten Duyvil", "venuePage": {"id": "81191939"}}, "suffix": "/HQGWUK1ZLKFVNJJGJPEISXM1B0A1PJTXOMIFY25NVRB41TVC.jpg", "visibility": "public"}], "count": 19}, "totalCount": 19}}