{"meta": {"code": 200, "requestId": "595aec261ed21919fb116ce0"}, "notifications": [{"item": {"unreadCount": 0}, "type": "notificationTray"}], "response": {"photos": {"items": [{"height": 345, "source": {"url": "https://foursquare.com/download/#/blackberry", "name": "Foursquare for BlackBerry"}, "width": 460, "prefix": "https://igx.4sqi.net/img/general/", "createdAt": 1331993198, "id": "4f649a6ee4b014afeb3d89ee", "venue": {"like": false, "location": {"formattedAddress": ["222/3 Prabaramee Rd. (Kalim Beach)", "\u0e2b\u0e32\u0e14\u0e1b\u0e48\u0e32 \u0e15\u0e2d\u0e07", "\u0e20\u0e39\u0e40\u0e01\u0e47\u0e15 83150", "\u0e1b\u0e23\u0e30\u0e40\u0e17\u0e28\u0e44\u0e17\u0e22"], "city": "\u0e2b\u0e32\u0e14\u0e1b\u0e48\u0e32 \u0e15\u0e2d\u0e07", "lng": 98.29675912857056, "cc": "TH", "state": "\u0e20\u0e39\u0e40\u0e01\u0e47\u0e15", "crossStreet": "Kalim Beach", "lat": 7.907628927254409, "address": "222/3 Prabaramee Rd.", "labeledLatLngs": [{"label": "display", "lat": 7.907628927254409, "lng": 98.29675912857056}], "postalCode": "83150", "country": "\u0e1b\u0e23\u0e30\u0e40\u0e17\u0e28\u0e44\u0e17\u0e22"}, "categories": [{"icon": {"prefix": "https://ss3.4sqi.net/img/categories_v2/nightlife/pub_", "suffix": ".png"}, "name": "Bar", "id": "4bf58dd8d48988d116941735", "pluralName": "Bars", "primary": true, "shortName": "Bar"}], "verified": false, "contact": {"formattedPhone": "+66 76 618 245", "phone": "+6676618245"}, "allowMenuUrlEdit": true, "stats": {"tipCount": 21, "usersCount": 612, "checkinsCount": 748}, "id": "4b53d6fdf964a520deac27e3", "name": "Joe's Downstairs", "beenHere": {"lastCheckinExpiredAt": 0}}, "suffix": "/xG2ega-QNjtcRZT40cKwGhr9HnwFmcd5nnKip2-YU88.jpg", "visibility": "public"}, {"height": 343, "source": {"url": "https://foursquare.com/download/#/blackberry", "name": "Foursquare for BlackBerry"}, "width": 460, "prefix": "https://igx.4sqi.net/img/general/", "createdAt": 1322891901, "id": "4ed9ba7df790c04544ec2a22", "venue": {"url": "http://sunwayputramall.com", "like": false, "location": {"formattedAddress": ["100 Jalan Putra", "50350 Kuala Lumpur, Kuala Lumpur", "Malaysia"], "city": "Kuala Lumpur", "lng": 101.69244995308794, "cc": "MY", "state": "Kuala Lumpur", "lat": 3.166465167474803, "address": "100 Jalan Putra", "postalCode": "50350", "country": "Malaysia"}, "categories": [{"icon": {"prefix": "https://ss3.4sqi.net/img/categories_v2/shops/mall_", "suffix": ".png"}, "name": "Shopping Mall", "id": "4bf58dd8d48988d1fd941735", "pluralName": "Shopping Malls", "primary": true, "shortName": "Mall"}], "verified": false, "contact": {"formattedPhone": "+60 3-7494 3000", "phone": "+60374943000", "facebookName": "Sunway Putra Mall", "facebookUsername": "sunwayputramall", "facebook": "498404430264737"}, "beenHere": {"lastCheckinExpiredAt": 0}, "stats": {"tipCount": 187, "usersCount": 41183, "checkinsCount": 90346}, "id": "4b058805f964a52030ad22e3", "name": "Sunway Putra Mall"}, "suffix": "/15WGMTOIU1DY50JMVRTJU2Y4PMBJEPCLJWV2UD4T54OKJQU0.jpg", "visibility": "public"}, {"height": 345, "source": {"url": "https://foursquare.com/download/#/blackberry", "name": "Foursquare for BlackBerry"}, "width": 460, "prefix": "https://igx.4sqi.net/img/general/", "createdAt": 1317210232, "id": "4e8308786da182add7ea61d4", "venue": {"like": false, "location": {"formattedAddress": ["101 Killiney Rd", "239544", "Singapore"], "city": "Singapore", "lng": 103.8388548627394, "cc": "SG", "country": "Singapore", "lat": 1.2982927965427995, "address": "101 Killiney Rd", "labeledLatLngs": [{"label": "display", "lat": 1.2982927965427995, "lng": 103.8388548627394}], "postalCode": "239544"}, "categories": [{"icon": {"prefix": "https://ss3.4sqi.net/img/categories_v2/food/thai_", "suffix": ".png"}, "name": "Thai Restaurant", "id": "4bf58dd8d48988d149941735", "pluralName": "Thai Restaurants", "primary": true, "shortName": "Thai"}], "verified": false, "contact": {}, "allowMenuUrlEdit": true, "stats": {"tipCount": 27, "usersCount": 1085, "checkinsCount": 1340}, "id": "4b9b1bbcf964a5204bf335e3", "name": "Suanthai", "beenHere": {"lastCheckinExpiredAt": 0}}, "suffix": "/XMP2KLCW1KBKKETQIRARJDEUZCMUY2CKWRZ0OY3JDSBYNVPO.jpg", "visibility": "public"}, {"height": 345, "source": {"url": "https://foursquare.com/download/#/blackberry", "name": "Foursquare for BlackBerry"}, "width": 460, "prefix": "https://igx.4sqi.net/img/general/", "createdAt": 1315723167, "id": "4e6c579fd4c09a17a5905eba", "venue": {"url": "http://www.ochaandbella.com", "like": false, "location": {"formattedAddress": ["Morrissey Hotel & Apartment (Jalan KH Wahid Hasyim No. 70)", "Jakarta Pusat", "Jakarta 10340", "Indonesia"], "city": "Jakarta Pusat", "lng": 106.82926297187805, "cc": "ID", "state": "Jakarta", "crossStreet": "Jalan KH Wahid Hasyim No. 70", "lat": -6.186934087474971, "address": "Morrissey Hotel & Apartment", "labeledLatLngs": [{"label": "display", "lat": -6.186934087474971, "lng": 106.82926297187805}], "postalCode": "10340", "country": "Indonesia"}, "categories": [{"icon": {"prefix": "https://ss3.4sqi.net/img/categories_v2/food/italian_", "suffix": ".png"}, "name": "Italian Restaurant", "id": "4bf58dd8d48988d110941735", "pluralName": "Italian Restaurants", "primary": true, "shortName": "Italian"}], "verified": false, "contact": {"formattedPhone": "+62 21 3105777", "twitter": "ocha_and_bella", "phone": "+62213105777"}, "allowMenuUrlEdit": true, "stats": {"tipCount": 110, "usersCount": 7008, "checkinsCount": 10122}, "id": "4d874d7261676dcb0447b1e4", "name": "Ocha & Bella", "beenHere": {"lastCheckinExpiredAt": 0}}, "suffix": "/PHIBDLCJJGPQCTKBS40AONZG3QIRECOADZTMBNVKGAZPAERM.jpg", "visibility": "public"}], "count": 4}, "totalCount": 4}}