{"response": {"photos": {"items": [{"id": "51ac2ecb498e3f06f558e332", "createdAt": 1370238667, "height": 960, "visibility": "public", "source": {"url": "https://foursquare.com/download/#/iphone", "name": "Foursquare for iOS"}, "prefix": "https://igx.4sqi.net/img/general/", "venue": {"id": "4ac7ccedf964a520d7b920e3", "like": false, "stats": {"checkinsCount": 77010, "tipCount": 366, "usersCount": 47840}, "url": "http://www.premiumoutlets.com", "beenHere": {"lastCheckinExpiredAt": 0}, "categories": [{"id": "4bf58dd8d48988d1fd941735", "primary": true, "icon": {"prefix": "https://ss3.4sqi.net/img/categories_v2/shops/mall_", "suffix": ".png"}, "pluralName": "Shopping Malls", "shortName": "Mall", "name": "Shopping Mall"}], "verified": true, "location": {"crossStreet": "Ring Rd", "labeledLatLngs": [{"lng": -74.125769, "label": "display", "lat": 41.31628}], "state": "NY", "lat": 41.31628, "postalCode": "10917", "city": "Central Valley", "formattedAddress": ["498 Red Apple Ct (Ring Rd)", "Central Valley, NY 10917", "United States"], "lng": -74.125769, "address": "498 Red Apple Ct", "country": "United States", "cc": "US"}, "contact": {"facebook": "457459524357109", "facebookName": "Woodbury Common Premium Outlets", "formattedPhone": "+1 845-928-4000", "phone": "+18459284000", "facebookUsername": "woodburycommonpo", "twitter": "wcpremoutlets"}, "storeId": "", "name": "Woodbury Common Premium Outlets"}, "width": 720, "suffix": "/1125564_dkjlrbItn1_eK-bBZk_gRTQsZTAOnjzePrF9t7lkJmI.jpg"}, {"id": "51ac2d40498e14e6d5c0405d", "createdAt": 1370238272, "height": 960, "visibility": "public", "source": {"url": "https://foursquare.com/download/#/iphone", "name": "Foursquare for iOS"}, "prefix": "https://igx.4sqi.net/img/general/", "venue": {"like": false, "menu": {"anchor": "View Menu", "url": "https://foursquare.com/v/bubba-gump-shrimp-co/4ad168e3f964a5205ade20e3/menu", "label": "Menu", "type": "Menu", "mobileUrl": "https://foursquare.com/v/4ad168e3f964a5205ade20e3/device_menu"}, "allowMenuUrlEdit": true, "location": {"crossStreet": "btwn 43rd & 44th St", "state": "NY", "lat": 40.756926884631504, "postalCode": "10036", "city": "New York", "formattedAddress": ["1501 Broadway (btwn 43rd & 44th St)", "New York, NY 10036", "United States"], "lng": -73.98616804740166, "address": "1501 Broadway", "country": "United States", "cc": "US"}, "storeId": "", "name": "Bubba Gump Shrimp Co.", "id": "4ad168e3f964a5205ade20e3", "beenHere": {"lastCheckinExpiredAt": 0}, "stats": {"checkinsCount": 28838, "tipCount": 404, "usersCount": 22214}, "url": "http://www.bubbagump.com", "categories": [{"id": "4bf58dd8d48988d1ce941735", "primary": true, "icon": {"prefix": "https://ss3.4sqi.net/img/categories_v2/food/seafood_", "suffix": ".png"}, "pluralName": "Seafood Restaurants", "shortName": "Seafood", "name": "Seafood Restaurant"}], "verified": true, "hasMenu": true, "contact": {"facebook": "14837382209", "facebookName": "Bubba Gump Shrimp Co.", "formattedPhone": "+1 212-391-7100", "phone": "+12123917100", "facebookUsername": "bubbagumprestaurants", "twitter": "bubbagumpco"}}, "width": 720, "suffix": "/1125564_pNPDWDmSAlu-MTdw80F0sTpUknbWl6erd9ib8yYxv3o.jpg"}, {"id": "4d21336b5a70a3404e7d2c39", "createdAt": 1294021483, "tip": {"id": "4d2133630901721ec21c99a5", "createdAt": 1294021475, "like": false, "todo": {"count": 0}, "text": "Dr Yvonne Chan is such a good and caring doctor. Highly recommended!", "logView": true, "disagreeCount": 0, "canonicalUrl": "https://foursquare.com/item/4d2133630901721ec21c99a5", "type": "user", "likes": {"count": 0, "groups": []}, "agreeCount": 0}, "height": 403, "visibility": "public", "source": {"url": "https://foursquare.com/download/#/iphone", "name": "Foursquare for iOS"}, "prefix": "https://igx.4sqi.net/img/general/", "venue": {"like": false, "allowMenuUrlEdit": true, "location": {"address": "339 Thomson Road", "lat": 1.3253291381195296, "postalCode": "307677", "city": "Singapore", "formattedAddress": ["339 Thomson Road", "307677", "Singapore"], "lng": 103.8416571854522, "labeledLatLngs": [{"lng": 103.8416571854522, "label": "display", "lat": 1.3253291381195296}], "country": "Singapore", "cc": "SG"}, "id": "4b4c5c4ff964a52089b126e3", "beenHere": {"lastCheckinExpiredAt": 0}, "stats": {"checkinsCount": 10479, "tipCount": 27, "usersCount": 4836}, "url": "http://www.thomsonmedical.com", "categories": [{"id": "4bf58dd8d48988d196941735", "primary": true, "icon": {"prefix": "https://ss3.4sqi.net/img/categories_v2/building/medical_", "suffix": ".png"}, "pluralName": "Hospitals", "shortName": "Hospital", "name": "Hospital"}], "verified": false, "contact": {"formattedPhone": "+65 6278 7216", "phone": "+6562787216"}, "venueRatingBlacklisted": true, "name": "Thomson Medical Centre"}, "width": 540, "suffix": "/PTCHVM44X3NWWTNY4IW0B5HCZ5L4Z2PMVJULSYZTDVNHNVVA.jpg"}], "count": 3}, "totalCount": 3}, "meta": {"code": 200, "requestId": "595a81c04c1f67704e2430ae"}, "notifications": [{"item": {"unreadCount": 0}, "type": "notificationTray"}]}