{"meta": {"code": 200, "requestId": "595afd65dd57972d49b5c89f"}, "notifications": [{"item": {"unreadCount": 0}, "type": "notificationTray"}], "response": {"photos": {"items": [{"height": 960, "source": {"url": "https://foursquare.com/download/#/android", "name": "Foursquare for Android"}, "width": 540, "prefix": "https://igx.4sqi.net/img/general/", "createdAt": 1405767666, "id": "53ca4ff2498ee28f3c3caaf9", "venue": {"hasMenu": true, "location": {"formattedAddress": ["2150 Harbor Blvd (Harbor and Victoria)", "Costa Mesa, CA 92627", "United States"], "city": "Costa Mesa", "lng": -117.91875856149176, "cc": "US", "state": "CA", "crossStreet": "Harbor and Victoria", "lat": 33.652282474864776, "address": "2150 Harbor Blvd", "labeledLatLngs": [{"label": "display", "lat": 33.652282474864776, "lng": -117.91875856149176}], "postalCode": "92627", "country": "United States"}, "contact": {"formattedPhone": "+1 949-631-0505", "twitter": "normsrestaurant", "phone": "+19496310505"}, "verified": false, "allowMenuUrlEdit": true, "stats": {"tipCount": 34, "usersCount": 1395, "checkinsCount": 2888}, "menu": {"label": "Menu", "anchor": "View Menu", "mobileUrl": "https://foursquare.com/v/4b0058f6f964a520223d22e3/device_menu", "url": "https://foursquare.com/v/norms-restaurant/4b0058f6f964a520223d22e3/menu", "type": "Menu"}, "beenHere": {"lastCheckinExpiredAt": 0}, "url": "http://normsrestaurants.com", "like": false, "categories": [{"icon": {"prefix": "https://ss3.4sqi.net/img/categories_v2/food/default_", "suffix": ".png"}, "name": "American Restaurant", "id": "4bf58dd8d48988d14e941735", "pluralName": "American Restaurants", "primary": true, "shortName": "American"}], "id": "4b0058f6f964a520223d22e3", "name": "Norm's Restaurant"}, "suffix": "/1128473_NlcUby41nHmJkyr8mIGWn_X4thNbzxAuiBBfm5AckYs.jpg", "visibility": "public"}], "count": 1}, "totalCount": 1}}