{"meta": {"code": 200, "requestId": "595af44cf594df3c0b06ced2"}, "notifications": [{"item": {"unreadCount": 0}, "type": "notificationTray"}], "response": {"photos": {"items": [{"height": 960, "source": {"url": "https://foursquare.com/download/#/android", "name": "Foursquare for Android"}, "width": 720, "prefix": "https://igx.4sqi.net/img/general/", "createdAt": 1384021146, "id": "527e7c9a11d25fd07baeb381", "venue": {"like": false, "location": {"formattedAddress": ["#05-04, Tampines 1", "529536", "Singapore"], "city": "Singapore", "lng": 103.94521932056743, "cc": "SG", "country": "Singapore", "lat": 1.3540665886849033, "address": "#05-04, Tampines 1", "labeledLatLngs": [{"label": "display", "lat": 1.3540665886849033, "lng": 103.94521932056743}], "postalCode": "529536"}, "categories": [{"icon": {"prefix": "https://ss3.4sqi.net/img/categories_v2/food/asian_", "suffix": ".png"}, "name": "Asian Restaurant", "id": "4bf58dd8d48988d142941735", "pluralName": "Asian Restaurants", "primary": true, "shortName": "Asian"}], "verified": false, "contact": {"formattedPhone": "+65 6782 8075", "phone": "+6567828075"}, "allowMenuUrlEdit": true, "stats": {"tipCount": 10, "usersCount": 382, "checkinsCount": 556}, "id": "5252362711d2160fc9dafc83", "name": "A-One Claypot House", "beenHere": {"lastCheckinExpiredAt": 0}}, "suffix": "/1131952_AEPUGwM5drwHXoWIEMJhF8kdWu5DwXNrpa55AJfBmyM.jpg", "visibility": "public"}, {"height": 960, "source": {"url": "https://foursquare.com/download/#/android", "name": "Foursquare for Android"}, "width": 720, "prefix": "https://igx.4sqi.net/img/general/", "createdAt": 1376017530, "id": "52045c7a498eedb330024de8", "venue": {"url": "http://www.senaiairport.com", "like": false, "location": {"formattedAddress": ["Jalan Lapangan Terbang", "81250 Johor Bahru, Johor", "Malaysia"], "city": "Johor Bahru", "lng": 103.66626498046371, "cc": "MY", "state": "Johor", "lat": 1.6357627087484727, "address": "Jalan Lapangan Terbang", "postalCode": "81250", "country": "Malaysia"}, "categories": [{"icon": {"prefix": "https://ss3.4sqi.net/img/categories_v2/travel/airport_", "suffix": ".png"}, "name": "Airport", "id": "4bf58dd8d48988d1ed931735", "pluralName": "Airports", "primary": true, "shortName": "Airport"}], "verified": false, "contact": {"formattedPhone": "+60 7-599 4500", "twitter": "my_airports", "phone": "+6075994500"}, "beenHere": {"lastCheckinExpiredAt": 0}, "stats": {"tipCount": 250, "usersCount": 38799, "checkinsCount": 116546}, "id": "4b85281af964a5208d4e31e3", "name": "Senai International Airport (JHB)"}, "suffix": "/1131952_38FaovATF-NdQPv4dDN7GMzJWfSwCp-Fy5EURMBAo04.jpg", "visibility": "public"}, {"height": 960, "source": {"url": "https://foursquare.com/download/#/android", "name": "Foursquare for Android"}, "tip": {"agreeCount": 0, "canonicalUrl": "https://foursquare.com/item/51d52f72498ea1499046956e", "todo": {"count": 0}, "logView": true, "disagreeCount": 0, "createdAt": 1372925810, "id": "51d52f72498ea1499046956e", "text": "Amazing steamed buns!", "likes": {"groups": [], "count": 0}, "like": false, "type": "user"}, "width": 720, "prefix": "https://igx.4sqi.net/img/general/", "createdAt": 1372925827, "id": "51d52f83498eddc3d231e8d7", "venue": {"url": "http://www.baotoday.com", "like": false, "location": {"formattedAddress": ["#02-234 Marina Square (6 Raffles Blvd)", "039594", "Singapore"], "city": "Singapore", "lng": 103.85867050655276, "cc": "SG", "country": "Singapore", "crossStreet": "6 Raffles Blvd", "lat": 1.291299876867109, "address": "#02-234 Marina Square", "labeledLatLngs": [{"label": "display", "lat": 1.291299876867109, "lng": 103.85867050655276}], "postalCode": "039594"}, "categories": [{"icon": {"prefix": "https://ss3.4sqi.net/img/categories_v2/food/asian_", "suffix": ".png"}, "name": "Asian Restaurant", "id": "4bf58dd8d48988d142941735", "pluralName": "Asian Restaurants", "primary": true, "shortName": "Asian"}], "verified": false, "contact": {"formattedPhone": "+65 6336 2237", "phone": "+6563362237"}, "allowMenuUrlEdit": true, "stats": {"tipCount": 41, "usersCount": 1354, "checkinsCount": 1858}, "id": "4d3577ba72a8b1f7ed78b9d0", "name": "Bao Today \u5305\u4eca\u5929", "beenHere": {"lastCheckinExpiredAt": 0}}, "suffix": "/1131952_sZg05QEmbYnAH5s0ZjLJhtmVNrtT1zBEH34mcnewk4Q.jpg", "visibility": "public"}, {"height": 960, "source": {"url": "https://foursquare.com/download/#/android", "name": "Foursquare for Android"}, "width": 720, "prefix": "https://igx.4sqi.net/img/general/", "createdAt": 1364733044, "id": "51582c74e4b044dc7ed58eab", "venue": {"url": "http://www.tgv.com.my", "like": false, "location": {"formattedAddress": ["AEON Bukit Indah Shopping Centre (15/2 Bukit Indah)", "81200 Johor Bahru, Johor", "Malaysia"], "city": "Johor Bahru", "lng": 103.65624096259948, "cc": "MY", "state": "Johor", "crossStreet": "15/2 Bukit Indah", "lat": 1.482023741248928, "address": "AEON Bukit Indah Shopping Centre", "labeledLatLngs": [{"label": "display", "lat": 1.482023741248928, "lng": 103.65624096259948}], "postalCode": "81200", "country": "Malaysia"}, "categories": [{"icon": {"prefix": "https://ss3.4sqi.net/img/categories_v2/arts_entertainment/movietheater_", "suffix": ".png"}, "name": "Multiplex", "id": "4bf58dd8d48988d180941735", "pluralName": "Multiplexes", "primary": true, "shortName": "Cineplex"}], "verified": false, "contact": {"twitter": "tgvcinemas"}, "allowMenuUrlEdit": true, "stats": {"tipCount": 91, "usersCount": 10149, "checkinsCount": 28976}, "id": "4f1d32d4e4b0aa509693181d", "name": "TGV Cinemas", "beenHere": {"lastCheckinExpiredAt": 0}}, "suffix": "/1131952_uPY6WcEhj4ESkFwcHAhPXwqaW64Qeylf0EaXpr4z_V4.jpg", "visibility": "public"}], "count": 4}, "totalCount": 4}}