{"meta": {"code": 200, "requestId": "595af85b4434b96bc731f31f"}, "notifications": [{"item": {"unreadCount": 0}, "type": "notificationTray"}], "response": {"photos": {"items": [{"height": 720, "source": {"url": "https://foursquare.com/download/#/iphone", "name": "Foursquare for iOS"}, "width": 960, "prefix": "https://igx.4sqi.net/img/general/", "createdAt": 1379482440, "id": "52393b4811d29b26c32202b9", "venue": {"url": "http://www.artisanbakery.com.sg", "like": false, "location": {"formattedAddress": ["118 Killiney Rd.", "239555", "Singapore"], "city": "Singapore", "lng": 103.83856048068155, "cc": "SG", "country": "Singapore", "lat": 1.2979134354976187, "address": "118 Killiney Rd.", "labeledLatLngs": [{"label": "display", "lat": 1.2979134354976187, "lng": 103.83856048068155}], "postalCode": "239555"}, "categories": [{"icon": {"prefix": "https://ss3.4sqi.net/img/categories_v2/food/bakery_", "suffix": ".png"}, "name": "Bakery", "id": "4bf58dd8d48988d16a941735", "pluralName": "Bakeries", "primary": true, "shortName": "Bakery"}], "verified": false, "contact": {"formattedPhone": "+65 6444 1986", "phone": "+6564441986"}, "allowMenuUrlEdit": true, "stats": {"tipCount": 40, "usersCount": 721, "checkinsCount": 1307}, "id": "521b0747498ee10632507f08", "name": "artisan boulangerie co.", "beenHere": {"lastCheckinExpiredAt": 0}}, "suffix": "/1132210_ONCHc2d_8lvax8qR3ZeFZ9u-0jyQe9c1afgJBY7mZRg.jpg", "visibility": "public"}, {"height": 960, "source": {"url": "https://foursquare.com/download/#/android", "name": "Foursquare for Android"}, "width": 543, "prefix": "https://igx.4sqi.net/img/general/", "createdAt": 1376796698, "id": "5210401a498e7c57f5d10431", "venue": {"url": "http://www.gardensbythebay.com.sg/en/the-gardens/attractions/cloud-forest.html", "like": false, "location": {"formattedAddress": ["Gardens By The Bay (18 Marina Gardens Dr.)", "018953", "Singapore"], "city": "Singapore", "lng": 103.86573314666748, "cc": "SG", "country": "Singapore", "crossStreet": "18 Marina Gardens Dr.", "lat": 1.283866002786424, "address": "Gardens By The Bay", "labeledLatLngs": [{"label": "display", "lat": 1.283866002786424, "lng": 103.86573314666748}], "postalCode": "018953"}, "categories": [{"icon": {"prefix": "https://ss3.4sqi.net/img/categories_v2/parks_outdoors/botanicalgarden_", "suffix": ".png"}, "name": "Botanical Garden", "id": "52e81612bcbc57f1066b7a22", "pluralName": "Botanical Gardens", "primary": true, "shortName": "Botanical Garden"}], "verified": false, "contact": {"formattedPhone": "+65 6420 6848", "phone": "+6564206848"}, "beenHere": {"lastCheckinExpiredAt": 0}, "stats": {"tipCount": 109, "usersCount": 9088, "checkinsCount": 10875}, "id": "4ebf36e87beb53400029dd0e", "name": "Cloud Forest"}, "suffix": "/1132210_bfBa8kxnJ0lQuTrK25bYx7tHpp1-aD1vjooCTsuMS0M.jpg", "visibility": "public"}, {"height": 720, "source": {"url": "https://foursquare.com/download/#/iphone", "name": "Foursquare for iOS"}, "width": 960, "prefix": "https://igx.4sqi.net/img/general/", "createdAt": 1376401288, "id": "520a378811d2ee4d7753a5ff", "venue": {"url": "http://www.marinabaysands.com", "like": false, "location": {"formattedAddress": ["Gallaeria Level, Marina Bay Sands (10 Bayfront Ave)", "018956", "Singapore"], "city": "Singapore", "lng": 103.85966702662574, "cc": "SG", "country": "Singapore", "crossStreet": "10 Bayfront Ave", "lat": 1.2855082972831504, "address": "Gallaeria Level, Marina Bay Sands", "labeledLatLngs": [{"label": "display", "lat": 1.2855082972831504, "lng": 103.85966702662574}], "postalCode": "018956"}, "categories": [{"icon": {"prefix": "https://ss3.4sqi.net/img/categories_v2/arts_entertainment/performingarts_theater_", "suffix": ".png"}, "name": "Theater", "id": "4bf58dd8d48988d137941735", "pluralName": "Theaters", "primary": true, "shortName": "Theater"}], "verified": false, "contact": {"formattedPhone": "+65 6688 8868", "phone": "+6566888868"}, "allowMenuUrlEdit": true, "stats": {"tipCount": 16, "usersCount": 3128, "checkinsCount": 4468}, "id": "50d1a568e4b03723a8fc40f1", "name": "Mastercard Theatres", "beenHere": {"lastCheckinExpiredAt": 0}}, "suffix": "/1132210_BxN_GPIsznWh7LXvq88BlGOfbGSmBCfoPCGeNQAgWIQ.jpg", "visibility": "public"}, {"height": 960, "source": {"url": "https://foursquare.com/download/#/android", "name": "Foursquare for Android"}, "width": 543, "prefix": "https://igx.4sqi.net/img/general/", "createdAt": 1375616678, "id": "51fe3ea6498e40024aea3997", "venue": {"url": "http://www.mcdonalds.com.sg", "like": false, "location": {"formattedAddress": ["#01-09B, Alocassia Apartments (383 Bukit Timah Rd)", "259727", "Singapore"], "city": "Singapore", "lng": 103.82715225219727, "cc": "SG", "country": "Singapore", "crossStreet": "383 Bukit Timah Rd", "lat": 1.319594532055596, "address": "#01-09B, Alocassia Apartments", "labeledLatLngs": [{"label": "display", "lat": 1.319594532055596, "lng": 103.82715225219727}], "postalCode": "259727"}, "categories": [{"icon": {"prefix": "https://ss3.4sqi.net/img/categories_v2/food/fastfood_", "suffix": ".png"}, "name": "Fast Food Restaurant", "id": "4bf58dd8d48988d16e941735", "pluralName": "Fast Food Restaurants", "primary": true, "shortName": "Fast Food"}], "verified": false, "contact": {"formattedPhone": "+65 6887 4961", "phone": "+6568874961"}, "allowMenuUrlEdit": true, "stats": {"tipCount": 17, "usersCount": 1132, "checkinsCount": 3239}, "id": "4ca7259f76d3a093b72f086b", "name": "McDonald's", "beenHere": {"lastCheckinExpiredAt": 0}}, "suffix": "/1132210_22EjUOrwWfRQA5Bmf8_20RTGSoxVBsnAL422e9kbz3E.jpg", "visibility": "public"}, {"height": 960, "source": {"url": "https://foursquare.com/download/#/android", "name": "Foursquare for Android"}, "width": 543, "prefix": "https://igx.4sqi.net/img/general/", "createdAt": 1375596210, "id": "51fdeeb2498e098ec7dc8074", "venue": {"like": false, "location": {"city": "Singapore", "lng": 103.86536884709855, "cc": "SG", "country": "Singapore", "crossStreet": "18 Marina Gardens Dr.", "lat": 1.2842744048017942, "address": "The Canopy @ Gardens By The Bay", "labeledLatLngs": [{"label": "display", "lat": 1.2842744048017942, "lng": 103.86536884709855}], "formattedAddress": ["The Canopy @ Gardens By The Bay (18 Marina Gardens Dr.)", "Singapore"]}, "categories": [{"icon": {"prefix": "https://ss3.4sqi.net/img/categories_v2/food/icecream_", "suffix": ".png"}, "name": "Ice Cream Shop", "id": "4bf58dd8d48988d1c9941735", "pluralName": "Ice Cream Shops", "primary": true, "shortName": "Ice Cream"}], "verified": false, "contact": {}, "allowMenuUrlEdit": true, "stats": {"tipCount": 4, "usersCount": 184, "checkinsCount": 199}, "id": "4fee83f3e4b0b6774f31d056", "name": "Seventh Heaven", "beenHere": {"lastCheckinExpiredAt": 0}}, "suffix": "/1132210_473eFUc96bZr9ic_qOPd4uvgIsa2p18wqiMW7A_ZKTI.jpg", "visibility": "public"}, {"height": 543, "source": {"url": "https://foursquare.com/download/#/android", "name": "Foursquare for Android"}, "width": 960, "prefix": "https://igx.4sqi.net/img/general/", "createdAt": 1374377858, "id": "51eb5782498e9b67b7c97b50", "venue": {"url": "http://www.gardensbythebay.com.sg/en/the-gardens/attractions/flower-dome.html", "like": false, "location": {"formattedAddress": ["Gardens by the Bay (18 Marina Gardens Dr)", "018953", "Singapore"], "city": "Singapore", "lng": 103.86472463607788, "cc": "SG", "country": "Singapore", "crossStreet": "18 Marina Gardens Dr", "lat": 1.2845095712658272, "address": "Gardens by the Bay", "labeledLatLngs": [{"label": "display", "lat": 1.2845095712658272, "lng": 103.86472463607788}], "postalCode": "018953"}, "categories": [{"icon": {"prefix": "https://ss3.4sqi.net/img/categories_v2/parks_outdoors/botanicalgarden_", "suffix": ".png"}, "name": "Botanical Garden", "id": "52e81612bcbc57f1066b7a22", "pluralName": "Botanical Gardens", "primary": true, "shortName": "Botanical Garden"}], "verified": false, "contact": {"formattedPhone": "+65 6420 6848", "phone": "+6564206848"}, "beenHere": {"lastCheckinExpiredAt": 0}, "stats": {"tipCount": 99, "usersCount": 11394, "checkinsCount": 15052}, "id": "4ec776940e6158bafe84d124", "name": "Flower Dome"}, "suffix": "/1132210_6jAWmPvj5fbA3-FGvWtkAg-dFrc7eOYylHsxzy2beM4.jpg", "visibility": "public"}, {"height": 543, "source": {"url": "https://foursquare.com/download/#/android", "name": "Foursquare for Android"}, "width": 960, "prefix": "https://igx.4sqi.net/img/general/", "createdAt": 1374291645, "id": "51ea06bd498e482614ea63ab", "venue": {"like": false, "location": {"formattedAddress": ["Gardens by the Bay (18 Marina Gardens Drive #01-19)", "018953", "Singapore"], "city": "Singapore", "lng": 103.86863037308844, "cc": "SG", "state": "Marina Bay South", "crossStreet": "18 Marina Gardens Drive #01-19", "lat": 1.2823464825398259, "address": "Gardens by the Bay", "labeledLatLngs": [{"label": "display", "lat": 1.2823464825398259, "lng": 103.86863037308844}], "postalCode": "018953", "country": "Singapore"}, "categories": [{"icon": {"prefix": "https://ss3.4sqi.net/img/categories_v2/shops/food_foodcourt_", "suffix": ".png"}, "name": "Food Court", "id": "4bf58dd8d48988d120951735", "pluralName": "Food Courts", "primary": true, "shortName": "Food Court"}], "verified": false, "contact": {"formattedPhone": "+65 6538 9956", "phone": "+6565389956"}, "allowMenuUrlEdit": true, "stats": {"tipCount": 111, "usersCount": 5355, "checkinsCount": 7736}, "id": "50a9bc28e4b089c951cfd1ca", "name": "Satay By The Bay", "beenHere": {"lastCheckinExpiredAt": 0}}, "suffix": "/1132210_Kz-eL7kx1hAXEkvLyM1EvBnDGCk1A4NI9BzsqxFd0g8.jpg", "visibility": "public"}, {"height": 543, "source": {"url": "https://foursquare.com/download/#/android", "name": "Foursquare for Android"}, "width": 960, "prefix": "https://igx.4sqi.net/img/general/", "createdAt": 1374024461, "id": "51e5f30d498ebc4361b262d8", "venue": {"venueRatingBlacklisted": true, "like": false, "location": {"formattedAddress": ["1 Killiney Rd", "239518", "Singapore"], "city": "Singapore", "lng": 103.84042302407762, "cc": "SG", "country": "Singapore", "lat": 1.300243820956363, "address": "1 Killiney Rd", "labeledLatLngs": [{"label": "display", "lat": 1.300243820956363, "lng": 103.84042302407762}], "postalCode": "239518"}, "categories": [{"icon": {"prefix": "https://ss3.4sqi.net/img/categories_v2/building/postoffice_", "suffix": ".png"}, "name": "Post Office", "id": "4bf58dd8d48988d172941735", "pluralName": "Post Offices", "primary": true, "shortName": "Post Office"}], "verified": false, "contact": {}, "allowMenuUrlEdit": true, "stats": {"tipCount": 11, "usersCount": 1000, "checkinsCount": 1825}, "id": "4b07f7d6f964a520b70123e3", "name": "Killiney Road Post Office", "beenHere": {"lastCheckinExpiredAt": 0}}, "suffix": "/1132210_DHtinY-nV20CWU9M2AaCIzxN_PW6B1pypg-AFzRQEkQ.jpg", "visibility": "public"}, {"height": 720, "source": {"url": "https://foursquare.com/download/#/iphone", "name": "Foursquare for iOS"}, "width": 960, "prefix": "https://igx.4sqi.net/img/general/", "createdAt": 1373695934, "id": "51e0efbe498e61dcc8dd399a", "venue": {"location": {"formattedAddress": ["80 Mandai Lake Rd.", "729826", "Singapore"], "city": "Singapore", "lng": 103.79078848844972, "cc": "SG", "country": "Singapore", "lat": 1.4048708910302568, "address": "80 Mandai Lake Rd.", "postalCode": "729826"}, "contact": {"formattedPhone": "+65 6269 3411", "twitter": "tweetwrs", "phone": "+6562693411"}, "verified": true, "allowMenuUrlEdit": true, "stats": {"tipCount": 290, "usersCount": 29469, "checkinsCount": 41157}, "id": "4b05880ef964a520b8ae22e3", "storeId": "", "url": "http://www.zoo.com.sg", "like": false, "categories": [{"icon": {"prefix": "https://ss3.4sqi.net/img/categories_v2/arts_entertainment/zoo_", "suffix": ".png"}, "name": "Zoo", "id": "4bf58dd8d48988d17b941735", "pluralName": "Zoos", "primary": true, "shortName": "Zoo"}], "beenHere": {"lastCheckinExpiredAt": 0}, "name": "Singapore Zoo", "venuePage": {"id": "49439488"}}, "suffix": "/1132210_n6M1mnxh2zhw4RVA9KINldxAe-HcPpVolkYZzz8M8Os.jpg", "visibility": "public"}, {"height": 960, "source": {"url": "https://foursquare.com/download/#/iphone", "name": "Foursquare for iOS"}, "width": 720, "prefix": "https://igx.4sqi.net/img/general/", "createdAt": 1373442783, "id": "51dd12df498e8a8f1c56b34c", "venue": {"venueRatingBlacklisted": true, "like": false, "location": {"lng": 103.78696859063439, "cc": "SG", "country": "Singapore", "lat": 1.3183011430048024, "address": "7 Ming Teck Park", "labeledLatLngs": [{"label": "display", "lat": 1.3183011430048024, "lng": 103.78696859063439}], "formattedAddress": ["7 Ming Teck Park", "Singapore"]}, "categories": [{"icon": {"prefix": "https://ss3.4sqi.net/img/categories_v2/building/school_", "suffix": ".png"}, "name": "Nursery School", "id": "4f4533814b9074f6e4fb0107", "pluralName": "Nursery Schools", "primary": true, "shortName": "Nursery School"}], "verified": false, "contact": {}, "beenHere": {"lastCheckinExpiredAt": 0}, "stats": {"tipCount": 0, "usersCount": 7, "checkinsCount": 8}, "id": "51dd08b5498e117ce0107a83", "name": "Between Two Trees Preschool"}, "suffix": "/1132210_FcZCYMYJcPdM--LnfQZq-kkNlkYJK67iAKZpwvKIsJU.jpg", "visibility": "public"}, {"height": 540, "source": {"url": "https://foursquare.com/download/#/iphone", "name": "Foursquare for iOS"}, "width": 720, "prefix": "https://igx.4sqi.net/img/general/", "createdAt": 1332668167, "id": "4f6ee707e4b07a4bc5c9ab9c", "venue": {"like": false, "location": {"city": "Singapore", "lng": 103.84153263654757, "cc": "SG", "country": "Singapore", "lat": 1.2802253998216582, "address": "35A Keong Saik Rd.", "labeledLatLngs": [{"label": "display", "lat": 1.2802253998216582, "lng": 103.84153263654757}], "formattedAddress": ["35A Keong Saik Rd.", "Singapore"]}, "categories": [{"icon": {"prefix": "https://ss3.4sqi.net/img/categories_v2/food/french_", "suffix": ".png"}, "name": "French Restaurant", "id": "4bf58dd8d48988d10c941735", "pluralName": "French Restaurants", "primary": true, "shortName": "French"}], "verified": false, "contact": {"formattedPhone": "+65 6221 4506", "phone": "+6562214506"}, "allowMenuUrlEdit": true, "stats": {"tipCount": 19, "usersCount": 446, "checkinsCount": 554}, "id": "4d947c471646a35d861b37a3", "name": "Taratata Bistro", "beenHere": {"lastCheckinExpiredAt": 0}}, "suffix": "/72KXAL1NViYdDSNqtfeIQf2VrsMybqJy0I2DFbgTMXg.jpg", "visibility": "public"}, {"height": 268, "source": {"url": "https://foursquare.com/download/#/android", "name": "Foursquare for Android"}, "width": 268, "prefix": "https://igx.4sqi.net/img/general/", "createdAt": 1325393960, "id": "4effe828f9abd5b390a6b157", "venue": {"like": false, "location": {"city": "Singapore", "lng": 103.80565033494186, "cc": "SG", "country": "Singapore", "crossStreet": "370 Alexandra Rd.", "lat": 1.2887851185454302, "address": "#01-01 Anchorpoint", "labeledLatLngs": [{"label": "display", "lat": 1.2887851185454302, "lng": 103.80565033494186}], "formattedAddress": ["#01-01 Anchorpoint (370 Alexandra Rd.)", "Singapore"]}, "categories": [{"icon": {"prefix": "https://ss3.4sqi.net/img/categories_v2/shops/apparel_", "suffix": ".png"}, "name": "Clothing Store", "id": "4bf58dd8d48988d103951735", "pluralName": "Clothing Stores", "primary": true, "shortName": "Apparel"}], "verified": false, "contact": {}, "allowMenuUrlEdit": true, "stats": {"tipCount": 5, "usersCount": 622, "checkinsCount": 1513}, "id": "4ddb70eb45ddf752bfc14713", "name": "Cotton On", "beenHere": {"lastCheckinExpiredAt": 0}}, "suffix": "/UWKWKWSWON35KQHPETFGBLCUJUBBH2AARNAPGPKSOU5FVBGR.jpg", "visibility": "public"}, {"height": 280, "source": {"url": "https://foursquare.com/download/#/android", "name": "Foursquare for Android"}, "width": 258, "prefix": "https://igx.4sqi.net/img/general/", "createdAt": 1325310771, "id": "4efea333e300fdc047d0562b", "venue": {"like": false, "location": {"city": "Singapore", "lng": 103.96265915869735, "cc": "SG", "country": "Singapore", "crossStreet": "11 Laguna Golf Green", "lat": 1.3235371657431478, "address": "Level 2, Laguna National Golf & Country Club", "labeledLatLngs": [{"label": "display", "lat": 1.3235371657431478, "lng": 103.96265915869735}], "formattedAddress": ["Level 2, Laguna National Golf & Country Club (11 Laguna Golf Green)", "Singapore"]}, "categories": [{"icon": {"prefix": "https://ss3.4sqi.net/img/categories_v2/food/japanese_", "suffix": ".png"}, "name": "Japanese Restaurant", "id": "4bf58dd8d48988d111941735", "pluralName": "Japanese Restaurants", "primary": true, "shortName": "Japanese"}], "verified": false, "contact": {"formattedPhone": "+65 6248 1722", "phone": "+6562481722"}, "allowMenuUrlEdit": true, "stats": {"tipCount": 2, "usersCount": 96, "checkinsCount": 140}, "id": "4df0b271227193bb466c33bf", "name": "Izakaya Enmaru", "beenHere": {"lastCheckinExpiredAt": 0}}, "suffix": "/MGI1MDYOG04W5VUA4WCU5WJGHZRO4WS0PZ54GSWTR45ZH1F2.jpg", "visibility": "public"}, {"height": 431, "source": {"url": "https://foursquare.com/download/#/android", "name": "Foursquare for Android"}, "width": 720, "prefix": "https://igx.4sqi.net/img/general/", "createdAt": 1321781979, "id": "4ec8cadbd3e3e131f3d1cdae", "venue": {"location": {"city": "Singapore", "lng": 103.8632285131088, "cc": "SG", "country": "Singapore", "lat": 1.2924623744655799, "address": "F1 Pit Building", "formattedAddress": ["F1 Pit Building", "Singapore"]}, "contact": {}, "verified": false, "allowMenuUrlEdit": true, "stats": {"tipCount": 0, "usersCount": 193, "checkinsCount": 236}, "id": "4ec4aebf0aaf9233ed7df9d2", "url": "http://affordableartfair.com", "closed": true, "like": false, "categories": [{"icon": {"prefix": "https://ss3.4sqi.net/img/categories_v2/arts_entertainment/artgallery_", "suffix": ".png"}, "name": "Art Gallery", "id": "4bf58dd8d48988d1e2931735", "pluralName": "Art Galleries", "primary": true, "shortName": "Art Gallery"}], "beenHere": {"lastCheckinExpiredAt": 0}, "name": "Affordable Art Fair"}, "suffix": "/I10D3T2E51MOWFFZJPLGVYJ1M4XKXGGIJLYISRWDLAFMGJX0.jpg", "visibility": "public"}, {"height": 345, "source": {"url": "https://foursquare.com/download/#/blackberry", "name": "Foursquare for BlackBerry"}, "width": 460, "prefix": "https://igx.4sqi.net/img/general/", "createdAt": 1319473500, "id": "4ea5915c7ee52a35de31d81e", "venue": {"location": {"formattedAddress": ["L1-85 Bay Level, The Shoppes at Marina Bay Sands (Bayfront Ave)", "018972", "Singapore"], "city": "Singapore", "lng": 103.85880073319325, "cc": "SG", "country": "Singapore", "lat": 1.2848881001969819, "address": "L1-85 Bay Level, The Shoppes at Marina Bay Sands", "crossStreet": "Bayfront Ave", "postalCode": "018972"}, "contact": {"formattedPhone": "+65 6688 7600", "phone": "+6566887600"}, "verified": false, "allowMenuUrlEdit": true, "stats": {"tipCount": 31, "usersCount": 1349, "checkinsCount": 2335}, "id": "4cfe59057f2db1f719d33cd4", "url": "http://www.southcoast.com.sg", "closed": true, "like": false, "categories": [{"icon": {"prefix": "https://ss3.4sqi.net/img/categories_v2/food/australian_", "suffix": ".png"}, "name": "Australian Restaurant", "id": "4bf58dd8d48988d169941735", "pluralName": "Australian Restaurants", "primary": true, "shortName": "Australian"}], "beenHere": {"lastCheckinExpiredAt": 0}, "name": "South Coast"}, "suffix": "/OA4BBJKI4YUOLQ0SAPW0ZT5SMQ30DN0SEWVYW3QALMN3KLM1.jpg", "visibility": "public"}, {"height": 345, "source": {"url": "https://foursquare.com/download/#/blackberry", "name": "Foursquare for BlackBerry"}, "width": 460, "prefix": "https://igx.4sqi.net/img/general/", "createdAt": 1317052531, "id": "4e80a073722efccb37ff1c3c", "venue": {"location": {"formattedAddress": ["L1-85 Bay Level, The Shoppes at Marina Bay Sands (Bayfront Ave)", "018972", "Singapore"], "city": "Singapore", "lng": 103.85880073319325, "cc": "SG", "country": "Singapore", "lat": 1.2848881001969819, "address": "L1-85 Bay Level, The Shoppes at Marina Bay Sands", "crossStreet": "Bayfront Ave", "postalCode": "018972"}, "contact": {"formattedPhone": "+65 6688 7600", "phone": "+6566887600"}, "verified": false, "allowMenuUrlEdit": true, "stats": {"tipCount": 31, "usersCount": 1349, "checkinsCount": 2335}, "id": "4cfe59057f2db1f719d33cd4", "url": "http://www.southcoast.com.sg", "closed": true, "like": false, "categories": [{"icon": {"prefix": "https://ss3.4sqi.net/img/categories_v2/food/australian_", "suffix": ".png"}, "name": "Australian Restaurant", "id": "4bf58dd8d48988d169941735", "pluralName": "Australian Restaurants", "primary": true, "shortName": "Australian"}], "beenHere": {"lastCheckinExpiredAt": 0}, "name": "South Coast"}, "suffix": "/XFTWFXK1K4YEHEG5LL2SXKUXPHIP4NWL3X20ZYAMDYZBEYNL.jpg", "visibility": "public"}, {"height": 345, "source": {"url": "https://foursquare.com/download/#/blackberry", "name": "Foursquare for BlackBerry"}, "width": 460, "prefix": "https://igx.4sqi.net/img/general/", "createdAt": 1317049815, "id": "4e8095d7dab433307b71ff46", "venue": {"like": false, "location": {"formattedAddress": ["MBS Waterfront Promenade / Retail Mall (10 Bayfront Ave)", "179555", "Singapore"], "city": "Marina Bay", "lng": 103.85886669158936, "cc": "SG", "state": "Singapore", "crossStreet": "10 Bayfront Ave", "lat": 1.2839196334992269, "address": "MBS Waterfront Promenade / Retail Mall", "labeledLatLngs": [{"label": "display", "lat": 1.2839196334992269, "lng": 103.85886669158936}], "postalCode": "179555", "country": "Singapore"}, "categories": [{"icon": {"prefix": "https://ss3.4sqi.net/img/categories_v2/parks_outdoors/plaza_", "suffix": ".png"}, "name": "Plaza", "id": "4bf58dd8d48988d164941735", "pluralName": "Plazas", "primary": true, "shortName": "Plaza"}], "verified": false, "contact": {}, "beenHere": {"lastCheckinExpiredAt": 0}, "stats": {"tipCount": 4, "usersCount": 167, "checkinsCount": 241}, "id": "4d2c5a86f7a9224b314f17a0", "name": "Rain Oculus"}, "suffix": "/1IFQVHFQMIW3B3C2TKBZHLFJ3CGVQT34WS1LZHT0BGNAJH15.jpg", "visibility": "public"}, {"height": 431, "source": {"url": "https://foursquare.com/download/#/android", "name": "Foursquare for Android"}, "width": 720, "prefix": "https://igx.4sqi.net/img/general/", "createdAt": 1316917399, "id": "4e7e90970aaf2e6d3b25b4fc", "venue": {"like": false, "location": {"lng": 103.73879626055385, "cc": "SG", "country": "Singapore", "lat": 1.384477286318888, "address": "Warren Golf & Country Club", "labeledLatLngs": [{"label": "display", "lat": 1.384477286318888, "lng": 103.73879626055385}], "formattedAddress": ["Warren Golf & Country Club", "Singapore"]}, "categories": [{"icon": {"prefix": "https://ss3.4sqi.net/img/categories_v2/parks_outdoors/playground_", "suffix": ".png"}, "name": "Playground", "id": "4bf58dd8d48988d1e7941735", "pluralName": "Playgrounds", "primary": true, "shortName": "Playground"}], "verified": false, "contact": {}, "beenHere": {"lastCheckinExpiredAt": 0}, "stats": {"tipCount": 0, "usersCount": 6, "checkinsCount": 7}, "id": "4e7e8ff5b803676fb16d04b7", "name": "Hamster Tubes"}, "suffix": "/1GNAIOAQRTICJKZO25R0BQCQUDHWESDDGIBHAISHHCTPTXUD.jpg", "visibility": "public"}, {"height": 720, "source": {"url": "https://foursquare.com/download/#/android", "name": "Foursquare for Android"}, "width": 431, "prefix": "https://igx.4sqi.net/img/general/", "createdAt": 1316437003, "id": "4e773c0b7d8b917603d5cfe2", "venue": {"like": false, "location": {"formattedAddress": ["Blk 7 Dempsey Road, #01-02", "249671", "Singapore"], "city": "Singapore", "lng": 103.80910634994507, "cc": "SG", "country": "Singapore", "lat": 1.3045137436059147, "address": "Blk 7 Dempsey Road, #01-02", "labeledLatLngs": [{"label": "display", "lat": 1.3045137436059147, "lng": 103.80910634994507}], "postalCode": "249671"}, "categories": [{"icon": {"prefix": "https://ss3.4sqi.net/img/categories_v2/food/spanish_", "suffix": ".png"}, "name": "Spanish Restaurant", "id": "4bf58dd8d48988d150941735", "pluralName": "Spanish Restaurants", "primary": true, "shortName": "Spanish"}], "verified": false, "contact": {"formattedPhone": "+65 6476 2811", "phone": "+6564762811"}, "allowMenuUrlEdit": true, "stats": {"tipCount": 43, "usersCount": 953, "checkinsCount": 1702}, "id": "4c9585ee38dd8cfa19ecd362", "name": "Don Quijote Spanish Restaurant", "beenHere": {"lastCheckinExpiredAt": 0}}, "suffix": "/XSNFWPPF5HGHIJ2P40AHRVUPUA2IWMRNQGQL5WUVF4AZFMSG.jpg", "visibility": "public"}, {"height": 431, "source": {"url": "https://foursquare.com/download/#/android", "name": "Foursquare for Android"}, "width": 720, "prefix": "https://igx.4sqi.net/img/general/", "createdAt": 1316338708, "id": "4e75bc1488775d593e172b1e", "venue": {"venueRatingBlacklisted": true, "closed": true, "like": false, "location": {"city": "Marina Centre", "cc": "SG", "country": "Singapore", "lat": 1.292805, "lng": 103.85711647887324, "formattedAddress": ["Singapore"]}, "categories": [{"icon": {"prefix": "https://ss3.4sqi.net/img/categories_v2/building/eventspace_", "suffix": ".png"}, "name": "Event Space", "id": "4bf58dd8d48988d171941735", "pluralName": "Event Spaces", "primary": true, "shortName": "Event Space"}], "verified": false, "contact": {}, "beenHere": {"lastCheckinExpiredAt": 0}, "stats": {"tipCount": 0, "usersCount": 14, "checkinsCount": 26}, "id": "4e744267fa76059700786974", "name": "Spikes Asia 2011 @ Suntec"}, "suffix": "/VPKJDCDV5Z5QIBEKOYRXUE5LPE3YLWPZ5XLGFEWLBD2DR5G5.jpg", "visibility": "public"}, {"height": 345, "source": {"url": "https://foursquare.com/download/#/blackberry", "name": "Foursquare for BlackBerry"}, "width": 460, "prefix": "https://igx.4sqi.net/img/general/", "createdAt": 1315718071, "id": "4e6c43b7d4c09a17a58890b0", "venue": {"like": false, "location": {"formattedAddress": ["39 Tai Thong Crescent", "347863", "Singapore"], "city": "Singapore", "lng": 103.86983647799366, "cc": "SG", "country": "Singapore", "lat": 1.3286071194138194, "address": "39 Tai Thong Crescent", "labeledLatLngs": [{"label": "display", "lat": 1.3286071194138194, "lng": 103.86983647799366}], "postalCode": "347863"}, "categories": [{"icon": {"prefix": "https://ss3.4sqi.net/img/categories_v2/food/asian_", "suffix": ".png"}, "name": "Chinese Restaurant", "id": "4bf58dd8d48988d145941735", "pluralName": "Chinese Restaurants", "primary": true, "shortName": "Chinese"}], "verified": false, "contact": {}, "allowMenuUrlEdit": true, "stats": {"tipCount": 7, "usersCount": 457, "checkinsCount": 762}, "id": "4bc2ebfc4cdfc9b645a49621", "name": "Ser Seng Herbs (Turtle) Restaurant \u751f\u6210\u5c71\u745e\u88dc\u54c1", "beenHere": {"lastCheckinExpiredAt": 0}}, "suffix": "/V5IT44URJQRSGCPFRYPVWHCZPPHFFJ5HAO03Q31QOFMWILVT.jpg", "visibility": "public"}, {"height": 345, "source": {"url": "https://foursquare.com/download/#/blackberry", "name": "Foursquare for BlackBerry"}, "width": 460, "prefix": "https://igx.4sqi.net/img/general/", "createdAt": 1315652640, "id": "4e6b442018a83989ecd21b66", "venue": {"like": false, "location": {"formattedAddress": ["500 Clemenceau Ave. (Newton Food Centre)", "229495", "Singapore"], "city": "Singapore", "lng": 103.83954553084332, "cc": "SG", "country": "Singapore", "lat": 1.311926768575626, "address": "500 Clemenceau Ave.", "crossStreet": "Newton Food Centre", "postalCode": "229495"}, "categories": [{"icon": {"prefix": "https://ss3.4sqi.net/img/categories_v2/shops/food_foodcourt_", "suffix": ".png"}, "name": "Food Court", "id": "4bf58dd8d48988d120951735", "pluralName": "Food Courts", "primary": true, "shortName": "Food Court"}], "verified": false, "contact": {}, "allowMenuUrlEdit": true, "stats": {"tipCount": 370, "usersCount": 22882, "checkinsCount": 43446}, "id": "4b1e7356f964a5201f1a24e3", "name": "Newton Food Centre", "beenHere": {"lastCheckinExpiredAt": 0}}, "suffix": "/FFFE03QEL02KZD3MPBH5UM0CV1VBGCXO054B5C2VB3JVB52T.jpg", "visibility": "public"}, {"height": 431, "source": {"url": "https://foursquare.com/download/#/android", "name": "Foursquare for Android"}, "width": 720, "prefix": "https://igx.4sqi.net/img/general/", "createdAt": 1315110674, "id": "4e62ff121495676d55ff937a", "venue": {"like": false, "location": {"lng": 103.803733, "cc": "SG", "country": "Singapore", "lat": 1.263538, "address": "Bukit Chermin Road", "labeledLatLngs": [{"label": "display", "lat": 1.263538, "lng": 103.803733}], "formattedAddress": ["Bukit Chermin Road", "Singapore"]}, "categories": [{"icon": {"prefix": "https://ss3.4sqi.net/img/categories_v2/parks_outdoors/playground_", "suffix": ".png"}, "name": "Playground", "id": "4bf58dd8d48988d1e7941735", "pluralName": "Playgrounds", "primary": true, "shortName": "Playground"}], "verified": false, "contact": {}, "beenHere": {"lastCheckinExpiredAt": 0}, "stats": {"tipCount": 0, "usersCount": 6, "checkinsCount": 7}, "id": "4c91f1ef2626a1cd7d26366b", "name": "Playground @ Keppel Club"}, "suffix": "/JE1NDXJIG5DUMFVEE2NHQR3UQHSQERERKVKRTPIR23Q5VQFD.jpg", "visibility": "public"}], "count": 23}, "totalCount": 23}}