{"meta": {"code": 200, "requestId": "595b011e4c1f67701d41a51c"}, "notifications": [{"item": {"unreadCount": 0}, "type": "notificationTray"}], "response": {"photos": {"items": [{"height": 960, "source": {"url": "https://www.swarmapp.com", "name": "Swarm for Android"}, "width": 960, "prefix": "https://igx.4sqi.net/img/general/", "createdAt": 1420345840, "id": "54a8c1f0498e895f6e53f0f2", "venue": {"url": "http://www.ffl.com.sg", "like": false, "location": {"formattedAddress": ["351 Changi Rd", "419818", "Singapore"], "city": "Singapore", "lng": 103.9095738530159, "cc": "SG", "country": "Singapore", "lat": 1.3184924362684272, "address": "351 Changi Rd", "labeledLatLngs": [{"label": "display", "lat": 1.3184924362684272, "lng": 103.9095738530159}], "postalCode": "419818"}, "categories": [{"icon": {"prefix": "https://ss3.4sqi.net/img/categories_v2/food/cafe_", "suffix": ".png"}, "name": "Caf\u00e9", "id": "4bf58dd8d48988d16d941735", "pluralName": "Caf\u00e9s", "primary": true, "shortName": "Caf\u00e9"}], "verified": false, "contact": {"formattedPhone": "+65 6677 6741", "phone": "+6566776741"}, "allowMenuUrlEdit": true, "stats": {"tipCount": 33, "usersCount": 674, "checkinsCount": 835}, "id": "5347f6f7498e401545759231", "name": "FFL (Fresh Fruits Lab)", "beenHere": {"lastCheckinExpiredAt": 0}}, "suffix": "/1133703_Y6zCuSh8HBvGgIqn8qe_XJLnxnVxdSKlp_gz9lo36Tc.jpg", "visibility": "public"}, {"height": 540, "source": {"url": "https://foursquare.com/download/#/android", "name": "Foursquare for Android"}, "width": 960, "prefix": "https://igx.4sqi.net/img/general/", "createdAt": 1394457444, "id": "531dbb64498e46e2e6dd87c9", "venue": {"location": {"city": "Singapore", "lng": 103.8563094625554, "cc": "SG", "country": "Singapore", "lat": 1.2807603861635402, "address": "Marina Bay Waterfront", "labeledLatLngs": [{"label": "display", "lat": 1.2807603861635402, "lng": 103.8563094625554}], "formattedAddress": ["Marina Bay Waterfront", "Singapore"]}, "contact": {"instagram": "ilightmarinabay", "facebookName": "Marina Bay Singapore", "formattedPhone": "+65 6329 3535", "phone": "+6563293535", "facebookUsername": "marinabaysg", "facebook": "82032323742"}, "verified": false, "stats": {"tipCount": 11, "usersCount": 2049, "checkinsCount": 2648}, "id": "4cbd4232985db7137a284d19", "url": "http://www.ilightmarinabay.sg", "closed": true, "like": false, "categories": [{"icon": {"prefix": "https://ss3.4sqi.net/img/categories_v2/event/default_", "suffix": ".png"}, "name": "Festival", "id": "5267e4d9e4b0ec79466e48c7", "pluralName": "Festivals", "primary": true, "shortName": "Festival"}], "venueRatingBlacklisted": true, "beenHere": {"lastCheckinExpiredAt": 0}, "name": "i Light Marina Bay"}, "suffix": "/1133703_ZLF7MTmmKpYik4-5qdLmCqa1TIMfbjKr9a2lQZPixiE.jpg", "visibility": "public"}, {"height": 960, "source": {"url": "https://foursquare.com/download/#/android", "name": "Foursquare for Android"}, "width": 540, "prefix": "https://igx.4sqi.net/img/general/", "createdAt": 1394343564, "id": "531bfe8c498ec4ba093b2139", "venue": {"url": "http://www.tomspalette.com.sg", "like": false, "location": {"formattedAddress": ["#01-25 Shaw Towers (100 Beach Road)", "189702", "Singapore"], "city": "Singapore", "lng": 103.8567567555145, "cc": "SG", "country": "Singapore", "crossStreet": "100 Beach Road", "lat": 1.29599858576298, "address": "#01-25 Shaw Towers", "labeledLatLngs": [{"label": "display", "lat": 1.29599858576298, "lng": 103.8567567555145}], "postalCode": "189702"}, "categories": [{"icon": {"prefix": "https://ss3.4sqi.net/img/categories_v2/food/icecream_", "suffix": ".png"}, "name": "Ice Cream Shop", "id": "4bf58dd8d48988d1c9941735", "pluralName": "Ice Cream Shops", "primary": true, "shortName": "Ice Cream"}], "verified": false, "contact": {"formattedPhone": "+65 6296 5239", "phone": "+6562965239"}, "allowMenuUrlEdit": true, "stats": {"tipCount": 105, "usersCount": 2159, "checkinsCount": 3820}, "id": "4bd811e909ecb7133ffc477c", "name": "Tom's Palette", "beenHere": {"lastCheckinExpiredAt": 0}}, "suffix": "/1133703_47FRpCIGhQlGhywDervcHiYIgu5evPir0GQkkWJOmUg.jpg", "visibility": "public"}, {"height": 960, "source": {"url": "https://foursquare.com/download/#/android", "name": "Foursquare for Android"}, "width": 720, "prefix": "https://igx.4sqi.net/img/general/", "createdAt": 1380111992, "id": "5242d67811d2345b0c576407", "venue": {"like": false, "location": {"city": "Singapore", "lng": 103.86857374870735, "cc": "SG", "country": "Singapore", "crossStreet": "Marina Gardens Dr.", "lat": 1.282150995762728, "address": "Stall 2, Satay by the Bay", "labeledLatLngs": [{"label": "display", "lat": 1.282150995762728, "lng": 103.86857374870735}], "formattedAddress": ["Stall 2, Satay by the Bay (Marina Gardens Dr.)", "Singapore"]}, "categories": [{"icon": {"prefix": "https://ss3.4sqi.net/img/categories_v2/food/seafood_", "suffix": ".png"}, "name": "Seafood Restaurant", "id": "4bf58dd8d48988d1ce941735", "pluralName": "Seafood Restaurants", "primary": true, "shortName": "Seafood"}], "verified": false, "contact": {}, "allowMenuUrlEdit": true, "stats": {"tipCount": 0, "usersCount": 37, "checkinsCount": 39}, "id": "5242d61b498e6a79169c1ff8", "name": "Marina BBQ Seafood", "beenHere": {"lastCheckinExpiredAt": 0}}, "suffix": "/1133703_JiF_-rTuJgTu0Oc_pL11O83XxsO-IxXaCl9CF_8MNSg.jpg", "visibility": "public"}, {"height": 960, "source": {"url": "https://foursquare.com/download/#/android", "name": "Foursquare for Android"}, "width": 720, "prefix": "https://igx.4sqi.net/img/general/", "createdAt": 1374998748, "id": "51f4d0dc498e8ac8c03bfd5f", "venue": {"like": false, "location": {"formattedAddress": ["The Grandstand (200 Turf Club Rd.)", "287994", "Singapore"], "city": "Singapore", "lng": 103.79314839052702, "cc": "SG", "country": "Singapore", "crossStreet": "200 Turf Club Rd.", "lat": 1.338773786262507, "address": "The Grandstand", "labeledLatLngs": [{"label": "display", "lat": 1.338773786262507, "lng": 103.79314839052702}], "postalCode": "287994"}, "categories": [{"icon": {"prefix": "https://ss3.4sqi.net/img/categories_v2/shops/food_farmersmarket_", "suffix": ".png"}, "name": "Farmers Market", "id": "4bf58dd8d48988d1fa941735", "pluralName": "Farmers Markets", "primary": true, "shortName": "Farmer's Market"}], "verified": false, "contact": {"formattedPhone": "+65 6887 0077", "phone": "+6568870077"}, "allowMenuUrlEdit": true, "stats": {"tipCount": 88, "usersCount": 4269, "checkinsCount": 7307}, "id": "51038745e4b00e3877c93644", "name": "PasarBella | A Farmers' Market", "beenHere": {"lastCheckinExpiredAt": 0}}, "suffix": "/1133703_erjNl6j8vUPV1X0UD8uL5NfuIamf7dbDNj6kjDQyurw.jpg", "visibility": "public"}, {"height": 720, "source": {"url": "https://foursquare.com/download/#/android", "name": "Foursquare for Android"}, "width": 540, "prefix": "https://igx.4sqi.net/img/general/", "createdAt": 1355315199, "id": "50c877ffe4b0a80286f9c655", "venue": {"like": false, "location": {"formattedAddress": ["Lobby Level, Grand Park City Hall (10 Coleman St)", "179809", "Singapore"], "city": "Singapore", "lng": 103.85015508729296, "cc": "SG", "country": "Singapore", "crossStreet": "10 Coleman St", "lat": 1.292759071274451, "address": "Lobby Level, Grand Park City Hall", "labeledLatLngs": [{"label": "display", "lat": 1.292759071274451, "lng": 103.85015508729296}], "postalCode": "179809"}, "categories": [{"icon": {"prefix": "https://ss3.4sqi.net/img/categories_v2/food/default_", "suffix": ".png"}, "name": "Restaurant", "id": "4bf58dd8d48988d1c4941735", "pluralName": "Restaurants", "primary": true, "shortName": "Restaurant"}], "verified": false, "contact": {"formattedPhone": "+65 6432 5567", "phone": "+6564325567"}, "allowMenuUrlEdit": true, "stats": {"tipCount": 6, "usersCount": 484, "checkinsCount": 606}, "id": "4bcd865d68f976b028566483", "name": "Indulge At Park", "beenHere": {"lastCheckinExpiredAt": 0}}, "suffix": "/1133703_hZjx8DeMIzbAIZjYQUF-8_Gd5mZUUjRLXaaDJRsBb0U.jpg", "visibility": "public"}, {"height": 720, "source": {"url": "https://foursquare.com/download/#/android", "name": "Foursquare for Android"}, "width": 540, "prefix": "https://igx.4sqi.net/img/general/", "createdAt": 1353848985, "id": "50b21899e4b037e0ed8cc4db", "venue": {"location": {"formattedAddress": ["#036-057, Changi Airport T2 (80 Airport Blvd.)", "819643", "Singapore"], "city": "Singapore", "lng": 103.98838665673702, "cc": "SG", "country": "Singapore", "crossStreet": "80 Airport Blvd.", "lat": 1.35468683785947, "address": "#036-057, Changi Airport T2", "labeledLatLngs": [{"label": "display", "lat": 1.35468683785947, "lng": 103.98838665673702}], "postalCode": "819643"}, "contact": {"formattedPhone": "+65 6214 1121", "phone": "+6562141121"}, "verified": true, "allowMenuUrlEdit": true, "stats": {"tipCount": 27, "usersCount": 1782, "checkinsCount": 2259}, "id": "4b51b077f964a520ae5227e3", "url": "http://www.waraku.com.sg", "like": false, "categories": [{"icon": {"prefix": "https://ss3.4sqi.net/img/categories_v2/food/pizza_", "suffix": ".png"}, "name": "Pizza Place", "id": "4bf58dd8d48988d1ca941735", "pluralName": "Pizza Places", "primary": true, "shortName": "Pizza"}], "beenHere": {"lastCheckinExpiredAt": 0}, "name": "Pasta de WARAKU", "venuePage": {"id": "81244642"}}, "suffix": "/1133703_8fCH4qao1ri6E4duP0OfgRbcbkakoGBnMFtPdTWNmrc.jpg", "visibility": "public"}, {"height": 405, "source": {"url": "https://foursquare.com/download/#/android", "name": "Foursquare for Android"}, "width": 720, "prefix": "https://igx.4sqi.net/img/general/", "createdAt": 1351356976, "id": "508c1230e4b0772b58a69d93", "venue": {"like": false, "location": {"lng": 103.82208742636055, "cc": "SG", "country": "Singapore", "lat": 1.2543455596751543, "address": "Universal Studios Of Singapore", "labeledLatLngs": [{"label": "display", "lat": 1.2543455596751543, "lng": 103.82208742636055}], "formattedAddress": ["Universal Studios Of Singapore", "Singapore"]}, "categories": [{"icon": {"prefix": "https://ss3.4sqi.net/img/categories_v2/arts_entertainment/themepark_", "suffix": ".png"}, "name": "Theme Park", "id": "4bf58dd8d48988d182941735", "pluralName": "Theme Parks", "primary": true, "shortName": "Theme Park"}], "verified": false, "contact": {}, "allowMenuUrlEdit": true, "stats": {"tipCount": 0, "usersCount": 15, "checkinsCount": 15}, "id": "5083f9f7e4b0a0ddb3c02b22", "name": "Death Alley", "beenHere": {"lastCheckinExpiredAt": 0}}, "suffix": "/1133703_0uDAI7J7hnPi22xKVFqUd9UbIqDRq7ULhtopuOsjZ98.jpg", "visibility": "public"}, {"height": 540, "source": {"url": "https://foursquare.com/download/#/android", "name": "Foursquare for Android"}, "width": 720, "prefix": "https://igx.4sqi.net/img/general/", "createdAt": 1351349023, "id": "508bf31fe4b0a1c8476caf7f", "venue": {"like": false, "location": {"lng": 103.82457240835788, "cc": "SG", "country": "Singapore", "lat": 1.2537574467646189, "address": "Universal Studios Of Singapore", "labeledLatLngs": [{"label": "display", "lat": 1.2537574467646189, "lng": 103.82457240835788}], "formattedAddress": ["Universal Studios Of Singapore", "Singapore"]}, "categories": [{"icon": {"prefix": "https://ss3.4sqi.net/img/categories_v2/arts_entertainment/themepark_", "suffix": ".png"}, "name": "Theme Park", "id": "4bf58dd8d48988d182941735", "pluralName": "Theme Parks", "primary": true, "shortName": "Theme Park"}], "verified": false, "contact": {}, "allowMenuUrlEdit": true, "stats": {"tipCount": 0, "usersCount": 28, "checkinsCount": 30}, "id": "5083f5b7e4b0ba1a325a3d02", "name": "The Insanitarium", "beenHere": {"lastCheckinExpiredAt": 0}}, "suffix": "/1133703_8D0Et7R9pOgJNFvbUX-t-ZCri7Dr70Tbh6BPdQPjDFE.jpg", "visibility": "public"}, {"height": 720, "source": {"url": "https://foursquare.com/download/#/android", "name": "Foursquare for Android"}, "width": 540, "prefix": "https://igx.4sqi.net/img/general/", "createdAt": 1349528839, "id": "50702d07e4b01553e67ac9aa", "venue": {"closed": true, "like": false, "location": {"formattedAddress": ["183 Upp Thomson Rd", "574332", "Singapore"], "city": "Singapore", "lng": 103.83556365966797, "cc": "SG", "country": "Singapore", "lat": 1.3510000329439333, "address": "183 Upp Thomson Rd", "postalCode": "574332"}, "categories": [{"icon": {"prefix": "https://ss3.4sqi.net/img/categories_v2/shops/food_foodcourt_", "suffix": ".png"}, "name": "Food Court", "id": "4bf58dd8d48988d120951735", "pluralName": "Food Courts", "primary": true, "shortName": "Food Court"}], "verified": false, "contact": {}, "allowMenuUrlEdit": true, "stats": {"tipCount": 127, "usersCount": 3924, "checkinsCount": 8035}, "id": "4b828be2f964a520aed730e3", "name": "Longhouse Food Centre", "beenHere": {"lastCheckinExpiredAt": 0}}, "suffix": "/1133703_N6u57a54JUQyj-cY4ETxJAYt0QIM1mVfYXIC1hGKb3Y.jpg", "visibility": "public"}, {"height": 720, "source": {"url": "https://foursquare.com/download/#/android", "name": "Foursquare for Android"}, "width": 540, "prefix": "https://igx.4sqi.net/img/general/", "createdAt": 1349073200, "id": "50693930e4b029655d15db55", "venue": {"like": false, "location": {"city": "Singapore", "lng": 103.85362007387434, "cc": "SG", "country": "Singapore", "crossStreet": "328 north bridge road", "lat": 1.2952805387607598, "address": "03-05 raffles hotel arcade", "labeledLatLngs": [{"label": "display", "lat": 1.2952805387607598, "lng": 103.85362007387434}], "formattedAddress": ["03-05 raffles hotel arcade (328 north bridge road)", "Singapore"]}, "categories": [{"icon": {"prefix": "https://ss3.4sqi.net/img/categories_v2/food/cafe_", "suffix": ".png"}, "name": "Caf\u00e9", "id": "4bf58dd8d48988d16d941735", "pluralName": "Caf\u00e9s", "primary": true, "shortName": "Caf\u00e9"}], "verified": false, "contact": {"formattedPhone": "+65 8522 9605", "phone": "+6585229605"}, "allowMenuUrlEdit": true, "stats": {"tipCount": 11, "usersCount": 214, "checkinsCount": 310}, "id": "4ebf6c62cc212562ad0bd50c", "name": "Sunnyhills", "beenHere": {"lastCheckinExpiredAt": 0}}, "suffix": "/1133703_i3I5mnAI1Wk5jWeKXpr53SeR7Nt_XV1J22txm8hL5o0.jpg", "visibility": "public"}, {"height": 720, "source": {"url": "https://foursquare.com/download/#/android", "name": "Foursquare for Android"}, "width": 540, "prefix": "https://igx.4sqi.net/img/general/", "createdAt": 1347787563, "id": "50559b2be4b01eeee62a7430", "venue": {"url": "http://www.tomspalette.com.sg", "like": false, "location": {"formattedAddress": ["#01-25 Shaw Towers (100 Beach Road)", "189702", "Singapore"], "city": "Singapore", "lng": 103.8567567555145, "cc": "SG", "country": "Singapore", "crossStreet": "100 Beach Road", "lat": 1.29599858576298, "address": "#01-25 Shaw Towers", "labeledLatLngs": [{"label": "display", "lat": 1.29599858576298, "lng": 103.8567567555145}], "postalCode": "189702"}, "categories": [{"icon": {"prefix": "https://ss3.4sqi.net/img/categories_v2/food/icecream_", "suffix": ".png"}, "name": "Ice Cream Shop", "id": "4bf58dd8d48988d1c9941735", "pluralName": "Ice Cream Shops", "primary": true, "shortName": "Ice Cream"}], "verified": false, "contact": {"formattedPhone": "+65 6296 5239", "phone": "+6562965239"}, "allowMenuUrlEdit": true, "stats": {"tipCount": 105, "usersCount": 2159, "checkinsCount": 3820}, "id": "4bd811e909ecb7133ffc477c", "name": "Tom's Palette", "beenHere": {"lastCheckinExpiredAt": 0}}, "suffix": "/1133703_qxkQqKvxFOBTzyN4bqjJ0_gWytWpJgCq4OGRcpn72dk.jpg", "visibility": "public"}, {"height": 720, "source": {"url": "https://foursquare.com/download/#/android", "name": "Foursquare for Android"}, "width": 405, "prefix": "https://igx.4sqi.net/img/general/", "createdAt": 1347361492, "id": "504f1ad4e4b0a5a9ea3af278", "venue": {"url": "http://www.fareastplaza.com.sg", "like": false, "location": {"formattedAddress": ["14 Scotts Rd", "228213", "Singapore"], "city": "Singapore", "lng": 103.83335794932573, "cc": "SG", "country": "Singapore", "lat": 1.307316734376448, "address": "14 Scotts Rd", "postalCode": "228213"}, "categories": [{"icon": {"prefix": "https://ss3.4sqi.net/img/categories_v2/shops/mall_", "suffix": ".png"}, "name": "Shopping Mall", "id": "4bf58dd8d48988d1fd941735", "pluralName": "Shopping Malls", "primary": true, "shortName": "Mall"}], "verified": false, "contact": {"formattedPhone": "+65 6734 2325", "phone": "+6567342325"}, "beenHere": {"lastCheckinExpiredAt": 0}, "stats": {"tipCount": 224, "usersCount": 39371, "checkinsCount": 116750}, "id": "4b058814f964a5209bb022e3", "name": "Far East Plaza"}, "suffix": "/T0-7xCKoIk40ii4CqOn-ttRvYdYH0iVGExZl5qTuQdc.jpg", "visibility": "public"}, {"height": 540, "source": {"url": "https://foursquare.com/download/#/android", "name": "Foursquare for Android"}, "width": 720, "prefix": "https://igx.4sqi.net/img/general/", "createdAt": 1325499434, "id": "4f01842a61af974bcf895fb8", "venue": {"like": false, "location": {"formattedAddress": ["#01-341, 212 Hougang St 21", "530212", "Singapore"], "city": "Singapore", "lng": 103.8884050445289, "cc": "SG", "country": "Singapore", "lat": 1.3592970984218253, "address": "#01-341, 212 Hougang St 21", "labeledLatLngs": [{"label": "display", "lat": 1.3592970984218253, "lng": 103.8884050445289}], "postalCode": "530212"}, "categories": [{"icon": {"prefix": "https://ss3.4sqi.net/img/categories_v2/food/thai_", "suffix": ".png"}, "name": "Thai Restaurant", "id": "4bf58dd8d48988d149941735", "pluralName": "Thai Restaurants", "primary": true, "shortName": "Thai"}], "verified": false, "contact": {"formattedPhone": "+65 6286 8785", "phone": "+6562868785"}, "allowMenuUrlEdit": true, "stats": {"tipCount": 108, "usersCount": 3816, "checkinsCount": 7617}, "id": "4bc44c65abf4952126cfc493", "name": "Nakhon Kitchen", "beenHere": {"lastCheckinExpiredAt": 0}}, "suffix": "/EULZYI2MRHOW0TF0SB4QDXUASFLV5DA5JZJGZYOXRXNNXB5V.jpg", "visibility": "public"}, {"height": 720, "source": {"url": "https://foursquare.com/download/#/android", "name": "Foursquare for Android"}, "width": 540, "prefix": "https://igx.4sqi.net/img/general/", "createdAt": 1322913291, "id": "4eda0e0bf790c045454122b5", "venue": {"location": {"formattedAddress": ["#03-085, Viewing Mall, Changi Airport Terminal 2 (60 Airport Blvd)", "819643", "Singapore"], "city": "Singapore", "lng": 103.98911207914352, "cc": "SG", "country": "Singapore", "lat": 1.3561403928585098, "address": "#03-085, Viewing Mall, Changi Airport Terminal 2", "crossStreet": "60 Airport Blvd", "postalCode": "819643"}, "contact": {"formattedPhone": "+65 6546 5383", "twitter": "sakaesushi", "phone": "+6565465383"}, "verified": false, "allowMenuUrlEdit": true, "stats": {"tipCount": 26, "usersCount": 2245, "checkinsCount": 2988}, "id": "4b5fcd21f964a5203fcd29e3", "url": "http://www.sakaesushi.com.sg", "closed": true, "like": false, "categories": [{"icon": {"prefix": "https://ss3.4sqi.net/img/categories_v2/food/sushi_", "suffix": ".png"}, "name": "Sushi Restaurant", "id": "4bf58dd8d48988d1d2941735", "pluralName": "Sushi Restaurants", "primary": true, "shortName": "Sushi"}], "beenHere": {"lastCheckinExpiredAt": 0}, "name": "Sakae Sushi"}, "suffix": "/P144ZP0HLJASELHLWW1LPTC4W1WDXC3O5G25DZAEAAYNKSNZ.jpg", "visibility": "public"}, {"height": 720, "source": {"url": "https://foursquare.com/download/#/android", "name": "Foursquare for Android"}, "width": 540, "prefix": "https://igx.4sqi.net/img/general/", "createdAt": 1322471462, "id": "4ed35026f790d0703be19256", "venue": {"like": false, "location": {"formattedAddress": ["#01-01, Singapore Post Centre (10 Eunos Rd)", "408600", "Singapore"], "city": "Singapore", "lng": 103.89370029515338, "cc": "SG", "country": "Singapore", "crossStreet": "10 Eunos Rd", "lat": 1.3184533396556213, "address": "#01-01, Singapore Post Centre", "labeledLatLngs": [{"label": "display", "lat": 1.3184533396556213, "lng": 103.89370029515338}], "postalCode": "408600"}, "categories": [{"icon": {"prefix": "https://ss3.4sqi.net/img/categories_v2/food/cafe_", "suffix": ".png"}, "name": "Caf\u00e9", "id": "4bf58dd8d48988d16d941735", "pluralName": "Caf\u00e9s", "primary": true, "shortName": "Caf\u00e9"}], "verified": true, "contact": {"formattedPhone": "+65 6748 4441", "phone": "+6567484441"}, "allowMenuUrlEdit": true, "stats": {"tipCount": 22, "usersCount": 2138, "checkinsCount": 4293}, "id": "4b5aa6e5f964a52083cf28e3", "name": "The Coffee Bean & Tea Leaf", "beenHere": {"lastCheckinExpiredAt": 0}}, "suffix": "/0SUUTTXGNSJSAGJZZZUNGWGT1LKYMMODGXIGUKQE0NZJHMXL.jpg", "visibility": "public"}, {"height": 640, "source": {"url": "https://foursquare.com/download/#/android", "name": "Foursquare for Android"}, "width": 480, "prefix": "https://igx.4sqi.net/img/general/", "createdAt": 1322457462, "id": "4ed31976b8f7971d6dda3515", "venue": {"venueRatingBlacklisted": true, "like": false, "location": {"cc": "SG", "country": "Singapore", "lat": 1.3368694336933868, "lng": 103.88807657584698, "labeledLatLngs": [{"label": "display", "lat": 1.3368694336933868, "lng": 103.88807657584698}], "formattedAddress": ["Singapore"]}, "categories": [{"icon": {"prefix": "https://ss3.4sqi.net/img/categories_v2/building/default_", "suffix": ".png"}, "name": "Building", "id": "4bf58dd8d48988d130941735", "pluralName": "Buildings", "primary": true, "shortName": "Building"}], "verified": false, "contact": {}, "beenHere": {"lastCheckinExpiredAt": 0}, "stats": {"tipCount": 1, "usersCount": 50, "checkinsCount": 185}, "id": "4cd2086706b54688c946e494", "name": "16 Tai Seng Street Nobel House"}, "suffix": "/T4HYRFLIGALFSPLOTIH0S3BQFWYA0LAISSBY2VVZ1NL5IT1S.jpg", "visibility": "public"}, {"height": 720, "source": {"url": "https://foursquare.com/download/#/android", "name": "Foursquare for Android"}, "width": 540, "prefix": "https://igx.4sqi.net/img/general/", "createdAt": 1322456921, "id": "4ed31759490168f8d30571b6", "venue": {"venueRatingBlacklisted": true, "like": false, "location": {"cc": "SG", "country": "Singapore", "lat": 1.3368694336933868, "lng": 103.88807657584698, "labeledLatLngs": [{"label": "display", "lat": 1.3368694336933868, "lng": 103.88807657584698}], "formattedAddress": ["Singapore"]}, "categories": [{"icon": {"prefix": "https://ss3.4sqi.net/img/categories_v2/building/default_", "suffix": ".png"}, "name": "Building", "id": "4bf58dd8d48988d130941735", "pluralName": "Buildings", "primary": true, "shortName": "Building"}], "verified": false, "contact": {}, "beenHere": {"lastCheckinExpiredAt": 0}, "stats": {"tipCount": 1, "usersCount": 50, "checkinsCount": 185}, "id": "4cd2086706b54688c946e494", "name": "16 Tai Seng Street Nobel House"}, "suffix": "/YIZIMZME30MM40BXGSECINRQXDYIQAJV3HZDQOIYX5YODDVO.jpg", "visibility": "public"}, {"height": 540, "source": {"url": "https://foursquare.com/download/#/android", "name": "Foursquare for Android"}, "width": 720, "prefix": "https://igx.4sqi.net/img/general/", "createdAt": 1322386286, "id": "4ed2036e99114b488a0a3647", "venue": {"url": "http://www.unitedsquare.com.sg", "like": false, "location": {"formattedAddress": ["101 Thomson Rd.", "307591", "Singapore"], "city": "Singapore", "lng": 103.8439217309149, "cc": "SG", "country": "Singapore", "lat": 1.3174738849535272, "address": "101 Thomson Rd.", "postalCode": "307591"}, "categories": [{"icon": {"prefix": "https://ss3.4sqi.net/img/categories_v2/shops/mall_", "suffix": ".png"}, "name": "Shopping Mall", "id": "4bf58dd8d48988d1fd941735", "pluralName": "Shopping Malls", "primary": true, "shortName": "Mall"}], "verified": true, "contact": {"formattedPhone": "+65 6251 5885", "phone": "+6562515885"}, "beenHere": {"lastCheckinExpiredAt": 0}, "stats": {"tipCount": 36, "usersCount": 11807, "checkinsCount": 33583}, "id": "4bdfbe2389ca76b0e5c45d5e", "name": "United Square"}, "suffix": "/WL0T2LPSOCW21RB2INQGE3CYDTAPRQCYRKNGJFP10LA5HR3I.jpg", "visibility": "public"}, {"height": 540, "source": {"url": "https://foursquare.com/download/#/android", "name": "Foursquare for Android"}, "width": 720, "prefix": "https://igx.4sqi.net/img/general/", "createdAt": 1322280313, "id": "4ed065790e01f1a87fd8a301", "venue": {"like": false, "location": {"formattedAddress": ["109 Killiney Road", "239548", "Singapore"], "city": "Singapore", "lng": 103.838758622381, "cc": "SG", "country": "Singapore", "lat": 1.2982062929617357, "address": "109 Killiney Road", "labeledLatLngs": [{"label": "display", "lat": 1.2982062929617357, "lng": 103.838758622381}], "postalCode": "239548"}, "categories": [{"icon": {"prefix": "https://ss3.4sqi.net/img/categories_v2/food/sushi_", "suffix": ".png"}, "name": "Sushi Restaurant", "id": "4bf58dd8d48988d1d2941735", "pluralName": "Sushi Restaurants", "primary": true, "shortName": "Sushi"}], "verified": false, "contact": {}, "allowMenuUrlEdit": true, "stats": {"tipCount": 25, "usersCount": 1238, "checkinsCount": 1780}, "id": "4b6d653ff964a520b2742ce3", "name": "Senki Japanese Restaurant", "beenHere": {"lastCheckinExpiredAt": 0}}, "suffix": "/H5U431A13OMMVMZBYEBJT15VK54RCGT45GOHBH4VZ21CNRKF.jpg", "visibility": "public"}, {"height": 540, "source": {"url": "https://foursquare.com/download/#/android", "name": "Foursquare for Android"}, "width": 720, "prefix": "https://igx.4sqi.net/img/general/", "createdAt": 1322280262, "id": "4ed06546d3e3521ce5b172e0", "venue": {"like": false, "location": {"formattedAddress": ["109 Killiney Road", "239548", "Singapore"], "city": "Singapore", "lng": 103.838758622381, "cc": "SG", "country": "Singapore", "lat": 1.2982062929617357, "address": "109 Killiney Road", "labeledLatLngs": [{"label": "display", "lat": 1.2982062929617357, "lng": 103.838758622381}], "postalCode": "239548"}, "categories": [{"icon": {"prefix": "https://ss3.4sqi.net/img/categories_v2/food/sushi_", "suffix": ".png"}, "name": "Sushi Restaurant", "id": "4bf58dd8d48988d1d2941735", "pluralName": "Sushi Restaurants", "primary": true, "shortName": "Sushi"}], "verified": false, "contact": {}, "allowMenuUrlEdit": true, "stats": {"tipCount": 25, "usersCount": 1238, "checkinsCount": 1780}, "id": "4b6d653ff964a520b2742ce3", "name": "Senki Japanese Restaurant", "beenHere": {"lastCheckinExpiredAt": 0}}, "suffix": "/UNP04Y0STU3NJRIXQBT0LTD1ZQGXXXPAY1DJG2YC330ZHSDW.jpg", "visibility": "public"}, {"height": 540, "source": {"url": "https://foursquare.com/download/#/android", "name": "Foursquare for Android"}, "width": 720, "prefix": "https://igx.4sqi.net/img/general/", "createdAt": 1316177778, "id": "4e734772fa76812398c51c00", "venue": {"like": false, "location": {"lng": 103.9374519940087, "cc": "SG", "country": "Singapore", "lat": 1.3291396477457649, "address": "Blk 85 bedok north st 4", "labeledLatLngs": [{"label": "display", "lat": 1.3291396477457649, "lng": 103.9374519940087}], "formattedAddress": ["Blk 85 bedok north st 4", "Singapore"]}, "categories": [{"icon": {"prefix": "https://ss3.4sqi.net/img/categories_v2/food/asian_", "suffix": ".png"}, "name": "Chinese Restaurant", "id": "4bf58dd8d48988d145941735", "pluralName": "Chinese Restaurants", "primary": true, "shortName": "Chinese"}], "verified": false, "contact": {}, "allowMenuUrlEdit": true, "stats": {"tipCount": 0, "usersCount": 15, "checkinsCount": 17}, "id": "4c7a354c566db60cf463470e", "name": "Guan Guan Seafood", "beenHere": {"lastCheckinExpiredAt": 0}}, "suffix": "/STZHH40HPCCYVOLZUGT1FCI4UASRKEKZ1VQLTG3DXJMEMXQW.jpg", "visibility": "public"}, {"height": 540, "source": {"url": "https://foursquare.com/download/#/android", "name": "Foursquare for Android"}, "width": 720, "prefix": "https://igx.4sqi.net/img/general/", "createdAt": 1315813688, "id": "4e6db93814955284ba626717", "venue": {"url": "http://www.casadelrio-melaka.com", "like": false, "location": {"formattedAddress": ["88 Jalan Kota Laksamana", "75200 Melaka, Melaka", "Malaysia"], "city": "Melaka", "lng": 102.24658585545428, "cc": "MY", "state": "Melaka", "lat": 2.1938125080603186, "address": "88 Jalan Kota Laksamana", "labeledLatLngs": [{"label": "display", "lat": 2.1938125080603186, "lng": 102.24658585545428}], "postalCode": "75200", "country": "Malaysia"}, "categories": [{"icon": {"prefix": "https://ss3.4sqi.net/img/categories_v2/travel/hotel_", "suffix": ".png"}, "name": "Hotel", "id": "4bf58dd8d48988d1fa931735", "pluralName": "Hotels", "primary": true, "shortName": "Hotel"}], "verified": false, "contact": {"formattedPhone": "+60 6-289 6888", "phone": "+6062896888"}, "allowMenuUrlEdit": true, "stats": {"tipCount": 58, "usersCount": 4732, "checkinsCount": 6660}, "id": "4da45346573d14561198247d", "name": "Casa del Rio", "beenHere": {"lastCheckinExpiredAt": 0}}, "suffix": "/VDRXNNUM3YL4IH1GZNIT3FPWPQHDACLKH04LSF4CFKTEIQVZ.jpg", "visibility": "public"}, {"height": 540, "source": {"url": "https://foursquare.com/download/#/android", "name": "Foursquare for Android"}, "width": 720, "prefix": "https://igx.4sqi.net/img/general/", "createdAt": 1315801198, "id": "4e6d886e8998a706cd851b08", "venue": {"like": false, "location": {"city": "Melaka", "state": "Melaka", "cc": "MY", "country": "Malaysia", "lat": 2.189386788164719, "lng": 102.25221854239389, "labeledLatLngs": [{"label": "display", "lat": 2.189386788164719, "lng": 102.25221854239389}], "formattedAddress": ["Melaka, Melaka", "Malaysia"]}, "categories": [], "verified": false, "contact": {}, "beenHere": {"lastCheckinExpiredAt": 0}, "stats": {"tipCount": 0, "usersCount": 39, "checkinsCount": 69}, "id": "4dbd3df96e810768bf71d603", "name": "Hatten City Show Gallery"}, "suffix": "/WWIUB21H0NSZVU42IR1ILF3VEN2X5CUZ5TZPBTN0GAEZ3B3N.jpg", "visibility": "public"}, {"height": 720, "source": {"url": "https://foursquare.com/download/#/android", "name": "Foursquare for Android"}, "width": 540, "prefix": "https://igx.4sqi.net/img/general/", "createdAt": 1315801090, "id": "4e6d8802b9932d7f638dab3c", "venue": {"url": "http://www.wongkok.com.my", "like": false, "location": {"formattedAddress": ["Dataran Pahlawan Melaka Megamall (Lot BD 81-82)", "75000 Melaka, Melaka", "Malaysia"], "city": "Melaka", "lng": 102.25100033782468, "cc": "MY", "state": "Melaka", "crossStreet": "Lot BD 81-82", "lat": 2.190007240739015, "address": "Dataran Pahlawan Melaka Megamall", "labeledLatLngs": [{"label": "display", "lat": 2.190007240739015, "lng": 102.25100033782468}], "postalCode": "75000", "country": "Malaysia"}, "categories": [{"icon": {"prefix": "https://ss3.4sqi.net/img/categories_v2/food/asian_", "suffix": ".png"}, "name": "Asian Restaurant", "id": "4bf58dd8d48988d142941735", "pluralName": "Asian Restaurants", "primary": true, "shortName": "Asian"}], "verified": false, "contact": {"formattedPhone": "+60 6-281 0211", "phone": "+6062810211"}, "allowMenuUrlEdit": true, "stats": {"tipCount": 27, "usersCount": 1366, "checkinsCount": 2043}, "id": "4cfb0005dccef04d38e7b89c", "name": "Wong Kok Char Chan Teng (\u65fa\u89d2\u8336\u9910\u5385)", "beenHere": {"lastCheckinExpiredAt": 0}}, "suffix": "/SWE1SATKUPVWKY3WAWLFP022WBBZI3YF4WXAT0Y4WMOCIKA2.jpg", "visibility": "public"}, {"height": 540, "source": {"url": "https://foursquare.com/download/#/android", "name": "Foursquare for Android"}, "width": 720, "prefix": "https://igx.4sqi.net/img/general/", "createdAt": 1315749180, "id": "4e6cbd3c2271d308c811ccfa", "venue": {"url": "http://www.geographer.com.my", "like": false, "location": {"formattedAddress": ["83 Jalan Hang Jebat", "75200 Melaka, Melaka", "Malaysia"], "city": "Melaka", "lng": 102.24637351769718, "cc": "MY", "state": "Melaka", "lat": 2.1968011313004965, "address": "83 Jalan Hang Jebat", "labeledLatLngs": [{"label": "display", "lat": 2.1968011313004965, "lng": 102.24637351769718}], "postalCode": "75200", "country": "Malaysia"}, "categories": [{"icon": {"prefix": "https://ss3.4sqi.net/img/categories_v2/nightlife/pub_", "suffix": ".png"}, "name": "Pub", "id": "4bf58dd8d48988d11b941735", "pluralName": "Pubs", "primary": true, "shortName": "Pub"}], "verified": false, "contact": {"formattedPhone": "+60 6-281 6813", "phone": "+6062816813"}, "allowMenuUrlEdit": true, "stats": {"tipCount": 158, "usersCount": 8555, "checkinsCount": 10696}, "id": "4b385af6f964a520b94d25e3", "name": "Geograph\u00e9r Caf\u00e9", "beenHere": {"lastCheckinExpiredAt": 0}}, "suffix": "/F3RXGXYVDN5CB0QJ3T3P0WSOHMBK30WCR3GJFPYHILD3XU5U.jpg", "visibility": "public"}, {"height": 540, "source": {"url": "https://foursquare.com/download/#/android", "name": "Foursquare for Android"}, "width": 720, "prefix": "https://igx.4sqi.net/img/general/", "createdAt": 1315749148, "id": "4e6cbd1cfa76fa0358608cc2", "venue": {"url": "http://www.geographer.com.my", "like": false, "location": {"formattedAddress": ["83 Jalan Hang Jebat", "75200 Melaka, Melaka", "Malaysia"], "city": "Melaka", "lng": 102.24637351769718, "cc": "MY", "state": "Melaka", "lat": 2.1968011313004965, "address": "83 Jalan Hang Jebat", "labeledLatLngs": [{"label": "display", "lat": 2.1968011313004965, "lng": 102.24637351769718}], "postalCode": "75200", "country": "Malaysia"}, "categories": [{"icon": {"prefix": "https://ss3.4sqi.net/img/categories_v2/nightlife/pub_", "suffix": ".png"}, "name": "Pub", "id": "4bf58dd8d48988d11b941735", "pluralName": "Pubs", "primary": true, "shortName": "Pub"}], "verified": false, "contact": {"formattedPhone": "+60 6-281 6813", "phone": "+6062816813"}, "allowMenuUrlEdit": true, "stats": {"tipCount": 158, "usersCount": 8555, "checkinsCount": 10696}, "id": "4b385af6f964a520b94d25e3", "name": "Geograph\u00e9r Caf\u00e9", "beenHere": {"lastCheckinExpiredAt": 0}}, "suffix": "/BVD1JWFVQ4ISVLQWW51W4RFVHB5TQOJYHVNVVSP0D34V2UZN.jpg", "visibility": "public"}, {"height": 720, "source": {"url": "https://foursquare.com/download/#/android", "name": "Foursquare for Android"}, "width": 540, "prefix": "https://igx.4sqi.net/img/general/", "createdAt": 1315658392, "id": "4e6b5a981f6e1e74e49e8303", "venue": {"url": "http://www.geographer.com.my", "like": false, "location": {"formattedAddress": ["83 Jalan Hang Jebat", "75200 Melaka, Melaka", "Malaysia"], "city": "Melaka", "lng": 102.24637351769718, "cc": "MY", "state": "Melaka", "lat": 2.1968011313004965, "address": "83 Jalan Hang Jebat", "labeledLatLngs": [{"label": "display", "lat": 2.1968011313004965, "lng": 102.24637351769718}], "postalCode": "75200", "country": "Malaysia"}, "categories": [{"icon": {"prefix": "https://ss3.4sqi.net/img/categories_v2/nightlife/pub_", "suffix": ".png"}, "name": "Pub", "id": "4bf58dd8d48988d11b941735", "pluralName": "Pubs", "primary": true, "shortName": "Pub"}], "verified": false, "contact": {"formattedPhone": "+60 6-281 6813", "phone": "+6062816813"}, "allowMenuUrlEdit": true, "stats": {"tipCount": 158, "usersCount": 8555, "checkinsCount": 10696}, "id": "4b385af6f964a520b94d25e3", "name": "Geograph\u00e9r Caf\u00e9", "beenHere": {"lastCheckinExpiredAt": 0}}, "suffix": "/WIQV1FKLMI5ANSTW0CAZQZ30U0PF1AUPWAUWGGBKMIQ13CUW.jpg", "visibility": "public"}, {"height": 540, "source": {"url": "https://foursquare.com/download/#/android", "name": "Foursquare for Android"}, "width": 720, "prefix": "https://igx.4sqi.net/img/general/", "createdAt": 1315658290, "id": "4e6b5a3218a83989ecdb6f50", "venue": {"like": false, "location": {"formattedAddress": ["88 Jalan Hang Jebat (Jonker Street)", "75200 Melaka, Melaka", "Malaysia"], "city": "Melaka", "lng": 102.24668741226196, "cc": "MY", "state": "Melaka", "crossStreet": "Jonker Street", "lat": 2.196759404615879, "address": "88 Jalan Hang Jebat", "labeledLatLngs": [{"label": "display", "lat": 2.196759404615879, "lng": 102.24668741226196}], "postalCode": "75200", "country": "Malaysia"}, "categories": [{"icon": {"prefix": "https://ss3.4sqi.net/img/categories_v2/food/asian_", "suffix": ".png"}, "name": "Chinese Restaurant", "id": "4bf58dd8d48988d145941735", "pluralName": "Chinese Restaurants", "primary": true, "shortName": "Chinese"}], "verified": false, "contact": {}, "allowMenuUrlEdit": true, "stats": {"tipCount": 273, "usersCount": 16961, "checkinsCount": 23324}, "id": "4bb6cf272ea19521eb4dac2f", "name": "Jonker 88 (Jonker 88 (\u5927\u5bf6\u5c0f\u98df))", "beenHere": {"lastCheckinExpiredAt": 0}}, "suffix": "/TKVXLLENM1Y5SAXHS0423WEHLXXQABKVW4450TRCGBBBLE4H.jpg", "visibility": "public"}, {"height": 540, "source": {"url": "https://foursquare.com/download/#/android", "name": "Foursquare for Android"}, "width": 720, "prefix": "https://igx.4sqi.net/img/general/", "createdAt": 1315643959, "id": "4e6b223752b1c120601e440f", "venue": {"like": false, "location": {"city": "Melaka", "lng": 102.24968715064512, "cc": "MY", "state": "Melaka", "lat": 2.1891885971672136, "address": "Mahkota Parade", "labeledLatLngs": [{"label": "display", "lat": 2.1891885971672136, "lng": 102.24968715064512}], "formattedAddress": ["Mahkota Parade", "Melaka, Melaka", "Malaysia"], "country": "Malaysia"}, "categories": [{"icon": {"prefix": "https://ss3.4sqi.net/img/categories_v2/food/malaysian_", "suffix": ".png"}, "name": "Malay Restaurant", "id": "4bf58dd8d48988d156941735", "pluralName": "Malay Restaurants", "primary": true, "shortName": "Malay"}], "verified": false, "contact": {"formattedPhone": "+60 6-282 4928", "phone": "+6062824928"}, "allowMenuUrlEdit": true, "stats": {"tipCount": 7, "usersCount": 1386, "checkinsCount": 1722}, "id": "4e5ce49452b19f7d47389afd", "name": "The Chicken Rice Shop", "beenHere": {"lastCheckinExpiredAt": 0}}, "suffix": "/PF4FI2J0DPVAZ0DQOKWR3ELTTS4ES32CRUKOTV2E4NEMIYX1.jpg", "visibility": "public"}, {"height": 540, "source": {"url": "https://foursquare.com/download/#/android", "name": "Foursquare for Android"}, "width": 720, "prefix": "https://igx.4sqi.net/img/general/", "createdAt": 1313228883, "id": "4e464853227128e1e8c8be1e", "venue": {"like": false, "location": {"formattedAddress": ["Johor Bahru City Square (108 Jalan Wong Ah Fook)", "80000 Johor Bahru, Johor", "Malaysia"], "city": "Johor Bahru", "lng": 103.76363844166525, "cc": "MY", "state": "Johor", "crossStreet": "108 Jalan Wong Ah Fook", "lat": 1.4620052219499937, "address": "Johor Bahru City Square", "labeledLatLngs": [{"label": "display", "lat": 1.4620052219499937, "lng": 103.76363844166525}], "postalCode": "80000", "country": "Malaysia"}, "categories": [{"icon": {"prefix": "https://ss3.4sqi.net/img/categories_v2/food/cafe_", "suffix": ".png"}, "name": "Caf\u00e9", "id": "4bf58dd8d48988d16d941735", "pluralName": "Caf\u00e9s", "primary": true, "shortName": "Caf\u00e9"}], "verified": false, "contact": {}, "allowMenuUrlEdit": true, "stats": {"tipCount": 33, "usersCount": 1905, "checkinsCount": 3090}, "id": "4dae7d3aa86e29d01a454c85", "name": "PappaRich", "beenHere": {"lastCheckinExpiredAt": 0}}, "suffix": "/HRNSH1NFABHCY2VBM1TAK0RDSY41BUFESTQLEN3HHFPHFRKV.jpg", "visibility": "public"}], "count": 31}, "totalCount": 31}}