{"meta": {"code": 200, "requestId": "595b2e02db04f562ef494ac9"}, "notifications": [{"item": {"unreadCount": 0}, "type": "notificationTray"}], "response": {"photos": {"items": [{"height": 4000, "source": {"url": "https://foursquare.com/download/#/android", "name": "Foursquare for Android"}, "tip": {"agreeCount": 0, "canonicalUrl": "https://foursquare.com/item/5808717438fa133269c9ec60", "todo": {"count": 0}, "logView": true, "disagreeCount": 0, "createdAt": 1476948340, "id": "5808717438fa133269c9ec60", "text": "Kimchi fries is OK, but it's not Kimchi flavoured fries.  They literally put Kimchi with the fries lol.", "likes": {"groups": [], "count": 0}, "like": false, "type": "user"}, "width": 3000, "prefix": "https://igx.4sqi.net/img/general/", "createdAt": 1476948345, "id": "5808717938faddda1b997e4a", "venue": {"url": "http://www.facebook.com/kgbbangsar", "like": false, "location": {"formattedAddress": ["The Gardens Mall (Lot LG-232B&C, LG Floor)", "59200 , Kuala Lumpur", "Malaysia"], "country": "Malaysia", "lng": 101.67675793651297, "cc": "MY", "state": "Kuala Lumpur", "crossStreet": "Lot LG-232B&C, LG Floor", "lat": 3.118402513453764, "address": "The Gardens Mall", "labeledLatLngs": [{"label": "display", "lat": 3.118402513453764, "lng": 101.67675793651297}], "postalCode": "59200"}, "categories": [{"icon": {"prefix": "https://ss3.4sqi.net/img/categories_v2/food/burger_", "suffix": ".png"}, "name": "Burger Joint", "id": "4bf58dd8d48988d16c941735", "pluralName": "Burger Joints", "primary": true, "shortName": "Burgers"}], "verified": true, "contact": {"formattedPhone": "+60 3-2201 5557", "phone": "+60322015557", "facebookName": "KGB - Killer Gourmet Burgers", "facebookUsername": "KGBBangsar", "facebook": "472120052857537"}, "allowMenuUrlEdit": true, "stats": {"tipCount": 92, "usersCount": 3429, "checkinsCount": 4742}, "id": "52e31ce8498ed0ecda64e8a9", "name": "KGB - Killer Gourmet Burgers", "beenHere": {"lastCheckinExpiredAt": 0}}, "suffix": "/1133888_MWtbADO4sgTrPo7AFI4H6GV7rv2a6QZ3TLsrF7R7xds.jpg", "visibility": "public"}, {"height": 543, "source": {"url": "https://foursquare.com/download/#/android", "name": "Foursquare for Android"}, "width": 960, "prefix": "https://igx.4sqi.net/img/general/", "createdAt": 1377237121, "id": "5216f88111d22a45981f6d3f", "suffix": "/1133888_lRknojDTcX6dNbi9RSnmDoMSrqDk1sdLKepxFPtxAKk.jpg", "visibility": "public"}, {"height": 720, "source": {"url": "https://foursquare.com/download/#/android", "name": "Foursquare for Android"}, "width": 540, "prefix": "https://igx.4sqi.net/img/general/", "createdAt": 1349874328, "id": "50757298e4b0d9eae6c6dde6", "venue": {"location": {"formattedAddress": ["Bangsar Village (Lot LG-8), Jalan Telawi 1", "59100 Kuala Lumpur, Kuala Lumpur", "Malaysia"], "city": "Kuala Lumpur", "lng": 101.67103869459243, "cc": "MY", "state": "Kuala Lumpur", "neighborhood": "Bangsar", "lat": 3.1299904657005087, "address": "Bangsar Village (Lot LG-8), Jalan Telawi 1", "labeledLatLngs": [{"label": "display", "lat": 3.1299904657005087, "lng": 101.67103869459243}], "postalCode": "59100", "country": "Malaysia"}, "contact": {"formattedPhone": "+60 3-2287 6708", "phone": "+60322876708", "facebookName": "The Daily Grind Gourmet Burgers", "facebookUsername": "Thedailygrindbangsar", "facebook": "122178144519661"}, "verified": false, "allowMenuUrlEdit": true, "stats": {"tipCount": 218, "usersCount": 8135, "checkinsCount": 12729}, "menu": {"url": "http://thedailygrind.com.my/images/the_Daily_Grind_menu.pdf", "label": "Menu", "anchor": "View Menu", "mobileUrl": "http://thedailygrind.com.my/images/the_Daily_Grind_menu.pdf", "type": "Menu", "externalUrl": "http://thedailygrind.com.my/images/the_Daily_Grind_menu.pdf"}, "beenHere": {"lastCheckinExpiredAt": 0}, "url": "http://thedailygrind.com.my", "like": false, "categories": [{"icon": {"prefix": "https://ss3.4sqi.net/img/categories_v2/food/burger_", "suffix": ".png"}, "name": "Burger Joint", "id": "4bf58dd8d48988d16c941735", "pluralName": "Burger Joints", "primary": true, "shortName": "Burgers"}], "id": "4b878274f964a52070c131e3", "name": "The Daily Grind"}, "suffix": "/1133888_InTqKacjAavtRqjmaeGMOxFQMxuHpnr-zUS0uq0XBt4.jpg", "visibility": "public"}, {"height": 720, "source": {"url": "https://foursquare.com/download/#/android", "name": "Foursquare for Android"}, "width": 540, "prefix": "https://igx.4sqi.net/img/general/", "createdAt": 1349009389, "id": "50683fede4b08aab607bf2f6", "venue": {"like": false, "location": {"lng": 101.63684099358443, "cc": "MY", "country": "Malaysia", "lat": 3.213815286480573, "address": "Jalan Kepong Baru", "labeledLatLngs": [{"label": "display", "lat": 3.213815286480573, "lng": 101.63684099358443}], "formattedAddress": ["Jalan Kepong Baru", "Malaysia"]}, "categories": [{"icon": {"prefix": "https://ss3.4sqi.net/img/categories_v2/food/asian_", "suffix": ".png"}, "name": "Chinese Restaurant", "id": "4bf58dd8d48988d145941735", "pluralName": "Chinese Restaurants", "primary": true, "shortName": "Chinese"}], "verified": false, "contact": {}, "allowMenuUrlEdit": true, "stats": {"tipCount": 4, "usersCount": 588, "checkinsCount": 1054}, "id": "50819418e4b00dbb9c9c78d3", "name": "\u54c1\u9999\u8089\u9aa8\u8336(\u5206\u884c\uff09", "beenHere": {"lastCheckinExpiredAt": 0}}, "suffix": "/1133888_QWPXFALrr8QroaM_QqBnZCnMmE6uIVA5GD_wNck-2wk.jpg", "visibility": "public"}, {"height": 540, "source": {"url": "https://foursquare.com/download/#/android", "name": "Foursquare for Android"}, "width": 720, "prefix": "https://igx.4sqi.net/img/general/", "createdAt": 1346325376, "id": "503f4b80e4b0476093432211", "venue": {"url": "http://www.casadelmar-langkawi.com/la-sal-cocktail-bar", "like": false, "location": {"formattedAddress": ["Casa Del Mar", "07000 Langkawi, Kedah", "Malaysia"], "city": "Kuah", "lng": 99.72260593066909, "cc": "MY", "state": "Kedah", "lat": 6.296335190077031, "address": "Casa Del Mar", "labeledLatLngs": [{"label": "display", "lat": 6.296335190077031, "lng": 99.72260593066909}], "postalCode": "07000", "country": "Malaysia"}, "categories": [{"icon": {"prefix": "https://ss3.4sqi.net/img/categories_v2/food/default_", "suffix": ".png"}, "name": "Restaurant", "id": "4bf58dd8d48988d1c4941735", "pluralName": "Restaurants", "primary": true, "shortName": "Restaurant"}], "verified": false, "contact": {"formattedPhone": "+60 4-955 2388", "phone": "+6049552388"}, "allowMenuUrlEdit": true, "stats": {"tipCount": 12, "usersCount": 272, "checkinsCount": 841}, "id": "4b979a9cf964a5201c0b35e3", "name": "La Sal", "beenHere": {"lastCheckinExpiredAt": 0}}, "suffix": "/_-ejNxLR1lI4Rno9XaYZrchFJv4yI2lYndNYdaR0MWQ.jpg", "visibility": "public"}, {"height": 720, "source": {"url": "https://foursquare.com/download/#/android", "name": "Foursquare for Android"}, "width": 542, "prefix": "https://igx.4sqi.net/img/general/", "createdAt": 1333087123, "id": "4f754b93e4b04e9a8a2cd8aa", "venue": {"url": "http://www.isetankl.com.my", "like": false, "location": {"formattedAddress": ["The Gardens Mall", "59200 Kuala Lumpur, Kuala Lumpur", "Malaysia"], "city": "Kuala Lumpur", "lng": 101.67548418045044, "cc": "MY", "state": "Kuala Lumpur", "lat": 3.1174834955631088, "address": "The Gardens Mall", "labeledLatLngs": [{"label": "display", "lat": 3.1174834955631088, "lng": 101.67548418045044}], "postalCode": "59200", "country": "Malaysia"}, "categories": [{"icon": {"prefix": "https://ss3.4sqi.net/img/categories_v2/shops/departmentstore_", "suffix": ".png"}, "name": "Department Store", "id": "4bf58dd8d48988d1f6941735", "pluralName": "Department Stores", "primary": true, "shortName": "Department Store"}], "verified": false, "contact": {"formattedPhone": "+60 3-2283 1777", "phone": "+60322831777"}, "allowMenuUrlEdit": true, "stats": {"tipCount": 25, "usersCount": 6193, "checkinsCount": 11898}, "id": "4b3609f3f964a520d32f25e3", "name": "ISETAN", "beenHere": {"lastCheckinExpiredAt": 0}}, "suffix": "/dvuSmgLz7lGXDF2rHQE3XKWQzzhugf3sbaQAqepOywo.jpg", "visibility": "public"}, {"height": 542, "source": {"url": "https://foursquare.com/download/#/android", "name": "Foursquare for Android"}, "width": 720, "prefix": "https://igx.4sqi.net/img/general/", "createdAt": 1332583001, "id": "4f6d9a59e4b0463c93d76ed8", "venue": {"closed": true, "like": false, "location": {"city": "Kuala Lumpur", "lng": 101.6869966668719, "cc": "MY", "state": "Kuala Lumpur", "crossStreet": "Jalan 5/109f, taman danau desa", "lat": 3.0992000130305453, "address": "18 Plaza Danau 2", "labeledLatLngs": [{"label": "display", "lat": 3.0992000130305453, "lng": 101.6869966668719}], "formattedAddress": ["18 Plaza Danau 2 (Jalan 5/109f, taman danau desa)", "Kuala Lumpur, Kuala Lumpur", "Malaysia"], "country": "Malaysia"}, "categories": [{"icon": {"prefix": "https://ss3.4sqi.net/img/categories_v2/food/italian_", "suffix": ".png"}, "name": "Italian Restaurant", "id": "4bf58dd8d48988d110941735", "pluralName": "Italian Restaurants", "primary": true, "shortName": "Italian"}], "verified": false, "contact": {"formattedPhone": "+60 3-7972 3288", "phone": "+60379723288"}, "allowMenuUrlEdit": true, "stats": {"tipCount": 16, "usersCount": 594, "checkinsCount": 1178}, "id": "4f2cad40e4b0b0d0831e94db", "name": "Casa Del Cocco", "beenHere": {"lastCheckinExpiredAt": 0}}, "suffix": "/-ff3qNhZmnk7nuFzHkU_gZwy2MA1SyQE1GDPizjL95Q.jpg", "visibility": "public"}, {"height": 542, "source": {"url": "https://foursquare.com/download/#/android", "name": "Foursquare for Android"}, "width": 720, "prefix": "https://igx.4sqi.net/img/general/", "createdAt": 1325350770, "id": "4eff3f7202d580f8ef585588", "venue": {"like": false, "location": {"formattedAddress": ["14081, Jalan Kuchai Lama", "58200 Kuala Lumpur, Kuala Lumpur", "Malaysia"], "city": "Kuala Lumpur", "lng": 101.68551804735311, "cc": "MY", "state": "Kuala Lumpur", "lat": 3.0922638308192236, "address": "14081, Jalan Kuchai Lama", "labeledLatLngs": [{"label": "display", "lat": 3.0922638308192236, "lng": 101.68551804735311}], "postalCode": "58200", "country": "Malaysia"}, "categories": [{"icon": {"prefix": "https://ss3.4sqi.net/img/categories_v2/arts_entertainment/arcade_", "suffix": ".png"}, "name": "Arcade", "id": "4bf58dd8d48988d1e1931735", "pluralName": "Arcades", "primary": true, "shortName": "Arcade"}], "verified": false, "contact": {"formattedPhone": "+60 3-7983 2272", "phone": "+60379832272"}, "allowMenuUrlEdit": true, "stats": {"tipCount": 12, "usersCount": 843, "checkinsCount": 1798}, "id": "4b5b456cf964a52033f028e3", "name": "Top Two Snooker Centre", "beenHere": {"lastCheckinExpiredAt": 0}}, "suffix": "/LFHBCAOXJLBCNS0V3AHUZTMHHMCCU1XUXNAMK012AXPEMVH3.jpg", "visibility": "public"}, {"height": 542, "source": {"url": "https://foursquare.com/download/#/android", "name": "Foursquare for Android"}, "width": 720, "prefix": "https://igx.4sqi.net/img/general/", "createdAt": 1323519293, "id": "4ee34d3de30005f8b6b7839d", "venue": {"like": false, "location": {"formattedAddress": ["The Scott Garden (Lot LG-68)", "58100 Kuala Lumpur, Kuala Lumpur", "Malaysia"], "city": "Kuala Lumpur", "lng": 101.67516274209383, "cc": "MY", "state": "Kuala Lumpur", "crossStreet": "Lot LG-68", "lat": 3.094834703587988, "address": "The Scott Garden", "labeledLatLngs": [{"label": "display", "lat": 3.094834703587988, "lng": 101.67516274209383}], "postalCode": "58100", "country": "Malaysia"}, "categories": [{"icon": {"prefix": "https://ss3.4sqi.net/img/categories_v2/food/malaysian_", "suffix": ".png"}, "name": "Malay Restaurant", "id": "4bf58dd8d48988d156941735", "pluralName": "Malay Restaurants", "primary": true, "shortName": "Malay"}], "verified": false, "contact": {"formattedPhone": "+60 3-7983 0199", "phone": "+60379830199"}, "allowMenuUrlEdit": true, "stats": {"tipCount": 29, "usersCount": 656, "checkinsCount": 1309}, "id": "4e6c1eac45dd435bc0e9314f", "name": "Master Toast", "beenHere": {"lastCheckinExpiredAt": 0}}, "suffix": "/YI2IVY5FQWH3U2HRQMWGDR1B0YPRYLCTOSDERKBHPZ1F1AHD.jpg", "visibility": "public"}, {"height": 542, "source": {"url": "https://foursquare.com/download/#/android", "name": "Foursquare for Android"}, "width": 720, "prefix": "https://igx.4sqi.net/img/general/", "createdAt": 1323519237, "id": "4ee34d056c25be962f451188", "venue": {"like": false, "location": {"formattedAddress": ["The Scott Garden (Lot LG-68)", "58100 Kuala Lumpur, Kuala Lumpur", "Malaysia"], "city": "Kuala Lumpur", "lng": 101.67516274209383, "cc": "MY", "state": "Kuala Lumpur", "crossStreet": "Lot LG-68", "lat": 3.094834703587988, "address": "The Scott Garden", "labeledLatLngs": [{"label": "display", "lat": 3.094834703587988, "lng": 101.67516274209383}], "postalCode": "58100", "country": "Malaysia"}, "categories": [{"icon": {"prefix": "https://ss3.4sqi.net/img/categories_v2/food/malaysian_", "suffix": ".png"}, "name": "Malay Restaurant", "id": "4bf58dd8d48988d156941735", "pluralName": "Malay Restaurants", "primary": true, "shortName": "Malay"}], "verified": false, "contact": {"formattedPhone": "+60 3-7983 0199", "phone": "+60379830199"}, "allowMenuUrlEdit": true, "stats": {"tipCount": 29, "usersCount": 656, "checkinsCount": 1309}, "id": "4e6c1eac45dd435bc0e9314f", "name": "Master Toast", "beenHere": {"lastCheckinExpiredAt": 0}}, "suffix": "/CXJCJ1LMDZ4S3UPD5KZUPPI5PAXKRG250IHQGDIUBK3IWCWR.jpg", "visibility": "public"}, {"height": 720, "source": {"url": "https://foursquare.com/download/#/android", "name": "Foursquare for Android"}, "width": 542, "prefix": "https://igx.4sqi.net/img/general/", "createdAt": 1321119674, "id": "4ebeafba77c885a64dec214a", "venue": {"url": "http://www.vhotel.sg", "like": false, "location": {"formattedAddress": ["70 Jellicoe Rd", "208767", "Singapore"], "city": "Singapore", "lng": 103.86255741119385, "cc": "SG", "country": "Singapore", "lat": 1.3078602706471059, "address": "70 Jellicoe Rd", "labeledLatLngs": [{"label": "display", "lat": 1.3078602706471059, "lng": 103.86255741119385}], "postalCode": "208767"}, "categories": [{"icon": {"prefix": "https://ss3.4sqi.net/img/categories_v2/travel/hotel_", "suffix": ".png"}, "name": "Hotel", "id": "4bf58dd8d48988d1fa931735", "pluralName": "Hotels", "primary": true, "shortName": "Hotel"}], "verified": false, "contact": {"formattedPhone": "+65 6345 2233", "phone": "+6563452233"}, "allowMenuUrlEdit": true, "stats": {"tipCount": 131, "usersCount": 7065, "checkinsCount": 14235}, "id": "4d89a33276e1236a73db0843", "name": "V Hotel Lavender", "beenHere": {"lastCheckinExpiredAt": 0}}, "suffix": "/VZM2EZYFGLYJSYBJJOA4YTIJ4VBH35TNLIY2PUI0FV25JBVZ.jpg", "visibility": "public"}, {"height": 720, "source": {"url": "https://foursquare.com/download/#/android", "name": "Foursquare for Android"}, "width": 542, "prefix": "https://igx.4sqi.net/img/general/", "createdAt": 1321119662, "id": "4ebeafae5c5c3d470c35f98a", "venue": {"url": "http://www.vhotel.sg", "like": false, "location": {"formattedAddress": ["70 Jellicoe Rd", "208767", "Singapore"], "city": "Singapore", "lng": 103.86255741119385, "cc": "SG", "country": "Singapore", "lat": 1.3078602706471059, "address": "70 Jellicoe Rd", "labeledLatLngs": [{"label": "display", "lat": 1.3078602706471059, "lng": 103.86255741119385}], "postalCode": "208767"}, "categories": [{"icon": {"prefix": "https://ss3.4sqi.net/img/categories_v2/travel/hotel_", "suffix": ".png"}, "name": "Hotel", "id": "4bf58dd8d48988d1fa931735", "pluralName": "Hotels", "primary": true, "shortName": "Hotel"}], "verified": false, "contact": {"formattedPhone": "+65 6345 2233", "phone": "+6563452233"}, "allowMenuUrlEdit": true, "stats": {"tipCount": 131, "usersCount": 7065, "checkinsCount": 14235}, "id": "4d89a33276e1236a73db0843", "name": "V Hotel Lavender", "beenHere": {"lastCheckinExpiredAt": 0}}, "suffix": "/HNW0MWQUVKQZ0PFVK5GKYGAPVDN4CHQHABI44VNNM20MFRF3.jpg", "visibility": "public"}, {"height": 542, "source": {"url": "https://foursquare.com/download/#/android", "name": "Foursquare for Android"}, "width": 720, "prefix": "https://igx.4sqi.net/img/general/", "createdAt": 1318073037, "id": "4e9032cd49013919daba268d", "venue": {"like": false, "location": {"formattedAddress": ["Mid Valley Megamall (Lot T013, Third Floor), Lingkaran Syed Putra", "59200 Kuala Lumpur, Kuala Lumpur", "Malaysia"], "city": "Kuala Lumpur", "lng": 101.67732954025269, "cc": "MY", "state": "Kuala Lumpur", "lat": 3.1180834210787225, "address": "Mid Valley Megamall (Lot T013, Third Floor), Lingkaran Syed Putra", "labeledLatLngs": [{"label": "display", "lat": 3.1180834210787225, "lng": 101.67732954025269}], "postalCode": "59200", "country": "Malaysia"}, "categories": [{"icon": {"prefix": "https://ss3.4sqi.net/img/categories_v2/shops/food_foodcourt_", "suffix": ".png"}, "name": "Food Court", "id": "4bf58dd8d48988d120951735", "pluralName": "Food Courts", "primary": true, "shortName": "Food Court"}], "verified": false, "contact": {"formattedPhone": "+60 3-2283 6439", "phone": "+60322836439"}, "allowMenuUrlEdit": true, "stats": {"tipCount": 130, "usersCount": 8966, "checkinsCount": 14240}, "id": "4d9407d984a6a35df6b34fb8", "name": "Food Junction", "beenHere": {"lastCheckinExpiredAt": 0}}, "suffix": "/4UVFX1F2AWQJGKRWSGX4EEIHALLTFDTUCEBPVXDDPVOKS2WU.jpg", "visibility": "public"}, {"height": 431, "source": {"url": "https://foursquare.com/download/#/android", "name": "Foursquare for Android"}, "tip": {"agreeCount": 0, "canonicalUrl": "https://foursquare.com/item/4e3241efb0fb3bf81098635b", "todo": {"count": 0}, "logView": true, "disagreeCount": 0, "createdAt": 1311916527, "id": "4e3241efb0fb3bf81098635b", "text": "Try the claypot chicken rice! Good portions and staff price if you work in Gardens or MV!", "likes": {"groups": [{"items": [], "count": 1, "type": "others"}], "count": 1, "summary": "1 like"}, "like": false, "type": "user"}, "width": 720, "prefix": "https://igx.4sqi.net/img/general/", "createdAt": 1311916539, "id": "4e3241fbfa76d813b3dac072", "venue": {"like": false, "location": {"formattedAddress": ["The Gardens Mall (T-216A, 3rd Flr.)", "59200 Kuala Lumpur, Kuala Lumpur", "Malaysia"], "city": "Kuala Lumpur", "lng": 101.67595624923706, "cc": "MY", "state": "Kuala Lumpur", "crossStreet": "T-216A, 3rd Flr.", "lat": 3.119240419321028, "address": "The Gardens Mall", "labeledLatLngs": [{"label": "display", "lat": 3.119240419321028, "lng": 101.67595624923706}], "postalCode": "59200", "country": "Malaysia"}, "categories": [{"icon": {"prefix": "https://ss3.4sqi.net/img/categories_v2/shops/food_foodcourt_", "suffix": ".png"}, "name": "Food Court", "id": "4bf58dd8d48988d120951735", "pluralName": "Food Courts", "primary": true, "shortName": "Food Court"}], "verified": false, "contact": {"formattedPhone": "+60 3-2283 2660", "phone": "+60322832660"}, "allowMenuUrlEdit": true, "stats": {"tipCount": 64, "usersCount": 2978, "checkinsCount": 5034}, "id": "4b127432f964a520fb8923e3", "name": "Food Garden", "beenHere": {"lastCheckinExpiredAt": 0}}, "suffix": "/CKEZREWL3QL34YDWGNTBE1S04WPCB4140YGBWU1M3WNYIKSI.jpg", "visibility": "public"}], "count": 14}, "totalCount": 14}}