{"response": {"photos": {"items": [{"id": "508d0d13e4b0ad933c70684a", "createdAt": 1351421203, "height": 432, "visibility": "public", "source": {"url": "https://foursquare.com/download/#/android", "name": "Foursquare for Android"}, "prefix": "https://igx.4sqi.net/img/general/", "venue": {"closed": true, "like": false, "allowMenuUrlEdit": true, "location": {"crossStreet": "1 HarbourFront Walk", "lat": 1.2650938980229467, "postalCode": "098585", "city": "Singapore", "formattedAddress": ["#01-19, VivoCity, National Geographic Singapore Store (1 HarbourFront Walk)", "098585", "Singapore"], "lng": 103.82182704364287, "address": "#01-19, VivoCity, National Geographic Singapore Store", "country": "Singapore", "cc": "SG"}, "storeId": "", "id": "4bc5ae6c41cb76b0d29d3e6f", "beenHere": {"lastCheckinExpiredAt": 0}, "stats": {"checkinsCount": 888, "tipCount": 10, "usersCount": 564}, "url": "http://www.ngsingaporestore.com/singapore.html", "categories": [{"id": "4bf58dd8d48988d16d941735", "primary": true, "icon": {"prefix": "https://ss3.4sqi.net/img/categories_v2/food/cafe_", "suffix": ".png"}, "pluralName": "Caf\u00e9s", "shortName": "Caf\u00e9", "name": "Caf\u00e9"}], "verified": true, "contact": {"formattedPhone": "+65 6376 8078", "phone": "+6563768078"}, "name": "The National Geographic Singapore Store Caf\u00e9"}, "width": 720, "suffix": "/1133700_TYW08JhXe4yL9A75bV4XPsOs_6Ftmv5YwGzd6FQE1QQ.jpg"}, {"id": "506a8985e4b0670d3fa8e07b", "createdAt": 1349159301, "height": 720, "visibility": "public", "source": {"url": "https://foursquare.com/download/#/android", "name": "Foursquare for Android"}, "prefix": "https://igx.4sqi.net/img/general/", "venue": {"id": "4c80f9ffd92ea093cd393c72", "like": false, "stats": {"checkinsCount": 420, "tipCount": 5, "usersCount": 375}, "beenHere": {"lastCheckinExpiredAt": 0}, "categories": [{"id": "4bf58dd8d48988d1c9941735", "primary": true, "icon": {"prefix": "https://ss3.4sqi.net/img/categories_v2/food/icecream_", "suffix": ".png"}, "pluralName": "Ice Cream Shops", "shortName": "Ice Cream", "name": "Ice Cream Shop"}], "verified": false, "allowMenuUrlEdit": true, "location": {"crossStreet": "3 Temasek Blvd", "labeledLatLngs": [{"lng": 103.85787782534227, "label": "display", "lat": 1.29522431389117}], "lat": 1.29522431389117, "postalCode": "038988", "city": "Singapore", "formattedAddress": ["#01-K08, Suntec City Mall (3 Temasek Blvd)", "038988", "Singapore"], "lng": 103.85787782534227, "address": "#01-K08, Suntec City Mall", "country": "Singapore", "cc": "SG"}, "contact": {}, "name": "Andersen's of Denmark"}, "width": 540, "suffix": "/1133700_GLiB_h_3PcnP3HgqI1oWQFKIsNp8jPz6YJzSp5hzmPA.jpg"}, {"id": "5067e1ade4b0b9b4eb1458b9", "createdAt": 1348985261, "height": 540, "visibility": "public", "source": {"url": "https://foursquare.com/download/#/android", "name": "Foursquare for Android"}, "prefix": "https://igx.4sqi.net/img/general/", "venue": {"id": "4d32673c98336dcbeb7523f0", "like": false, "stats": {"checkinsCount": 238, "tipCount": 2, "usersCount": 100}, "beenHere": {"lastCheckinExpiredAt": 0}, "categories": [{"id": "52f2ab2ebcbc57f1066b8b3c", "primary": true, "icon": {"prefix": "https://ss3.4sqi.net/img/categories_v2/shops/spa_", "suffix": ".png"}, "pluralName": "Massage Studios", "shortName": "Massage Studio", "name": "Massage Studio"}], "verified": false, "allowMenuUrlEdit": true, "location": {"address": "Aeon Bukit Indah", "state": "Johor", "lat": 1.4817455325612956, "city": "Johor Bahru", "formattedAddress": ["Aeon Bukit Indah", "Johor Bahru, Johor", "Malaysia"], "lng": 103.65681761987524, "labeledLatLngs": [{"lng": 103.65681761987524, "label": "display", "lat": 1.4817455325612956}], "country": "Malaysia", "cc": "MY"}, "contact": {}, "name": "Thai Odyssey"}, "width": 720, "suffix": "/1133700_Dlsg4DgChEyzeRvKsRKbUtD5phTNyFSJTh5s-Wi5GCc.jpg"}, {"id": "4e1d248ee4cd450a856f0c85", "createdAt": 1310532750, "tip": {"id": "4e1d24832271ff848fe47bfd", "createdAt": 1310532739, "like": false, "todo": {"count": 0}, "text": "Nommy garlic bread.", "logView": true, "disagreeCount": 0, "canonicalUrl": "https://foursquare.com/item/4e1d24832271ff848fe47bfd", "type": "user", "likes": {"count": 0, "groups": []}, "agreeCount": 0}, "height": 720, "visibility": "public", "source": {"url": "https://foursquare.com/download/#/iphone", "name": "Foursquare for iOS"}, "prefix": "https://igx.4sqi.net/img/general/", "venue": {"id": "4bbc6a3fe4529521c9d355a4", "like": false, "stats": {"checkinsCount": 2125, "tipCount": 5, "usersCount": 1531}, "url": "http://www.pastamania.com.sg", "beenHere": {"lastCheckinExpiredAt": 0}, "categories": [{"id": "4bf58dd8d48988d110941735", "primary": true, "icon": {"prefix": "https://ss3.4sqi.net/img/categories_v2/food/italian_", "suffix": ".png"}, "pluralName": "Italian Restaurants", "shortName": "Italian", "name": "Italian Restaurant"}], "verified": false, "allowMenuUrlEdit": true, "location": {"crossStreet": "5 Stadium Walk", "labeledLatLngs": [{"lng": 103.8766656112509, "label": "display", "lat": 1.3020900965245823}], "lat": 1.3020900965245823, "postalCode": "397693", "city": "Singapore", "formattedAddress": ["#01-05, Leisure Park Kallang (5 Stadium Walk)", "397693", "Singapore"], "lng": 103.8766656112509, "address": "#01-05, Leisure Park Kallang", "country": "Singapore", "cc": "SG"}, "contact": {}, "name": "PastaMania"}, "width": 540, "suffix": "/ANOISQAJBBOCNSWSBCXRF1WIYBPCCPUGW0SEFNW5X0UKXF3J.jpg"}, {"id": "4dcfcd74a12d1f77845b81fd", "createdAt": 1305464180, "height": 540, "visibility": "public", "source": {"url": "https://foursquare.com/download/#/iphone", "name": "Foursquare for iOS"}, "prefix": "https://igx.4sqi.net/img/general/", "venue": {"id": "4b05880ef964a520bbae22e3", "like": false, "stats": {"checkinsCount": 9901, "tipCount": 48, "usersCount": 7152}, "url": "http://www.nparks.gov.sg/cms/index.php?option=com_visitorsguide&task=parks&id=16&Itemid=73", "beenHere": {"lastCheckinExpiredAt": 0}, "categories": [{"id": "4bf58dd8d48988d163941735", "primary": true, "icon": {"prefix": "https://ss3.4sqi.net/img/categories_v2/parks_outdoors/park_", "suffix": ".png"}, "pluralName": "Parks", "shortName": "Park", "name": "Park"}], "verified": false, "allowMenuUrlEdit": true, "location": {"crossStreet": "Canning Rise", "labeledLatLngs": [{"lng": 103.84642124176025, "label": "display", "lat": 1.2950747972372088}], "lat": 1.2950747972372088, "postalCode": "179872", "city": "Singapore", "formattedAddress": ["Cox Terrace (Canning Rise)", "179872", "Singapore"], "lng": 103.84642124176025, "address": "Cox Terrace", "country": "Singapore", "cc": "SG"}, "contact": {"formattedPhone": "+65 1800 471 7300", "phone": "+6518004717300"}, "name": "Fort Canning Park"}, "width": 540, "suffix": "/PYYHR33ASHPY0RNU4ELBRRPB5UOMSIZABPPMRZDCFJ0T2G5B.jpg"}, {"id": "4dbd520b40a3a7093d9bafe8", "createdAt": 1304252939, "tip": {"id": "4dbd52016e810768bf736618", "createdAt": 1304252929, "like": false, "todo": {"count": 0}, "text": "Love the milk tea!", "logView": true, "disagreeCount": 0, "canonicalUrl": "https://foursquare.com/item/4dbd52016e810768bf736618", "type": "user", "likes": {"count": 0, "groups": []}, "agreeCount": 0}, "height": 720, "visibility": "public", "source": {"url": "https://foursquare.com/download/#/iphone", "name": "Foursquare for iOS"}, "prefix": "https://igx.4sqi.net/img/general/", "venue": {"id": "4b178b50f964a52047c623e3", "like": false, "stats": {"checkinsCount": 889, "tipCount": 26, "usersCount": 489}, "beenHere": {"lastCheckinExpiredAt": 0}, "categories": [{"id": "4bf58dd8d48988d145941735", "primary": true, "icon": {"prefix": "https://ss3.4sqi.net/img/categories_v2/food/asian_", "suffix": ".png"}, "pluralName": "Chinese Restaurants", "shortName": "Chinese", "name": "Chinese Restaurant"}], "verified": false, "allowMenuUrlEdit": true, "location": {"address": "586 Balestier Road, #01-01", "lat": 1.326709219070339, "postalCode": "329898", "city": "Singapore", "formattedAddress": ["586 Balestier Road, #01-01", "329898", "Singapore"], "lng": 103.84340654350342, "labeledLatLngs": [{"lng": 103.84340654350342, "label": "display", "lat": 1.326709219070339}], "country": "Singapore", "cc": "SG"}, "contact": {"formattedPhone": "+65 6255 3865", "phone": "+6562553865"}, "name": "Cafe de Hong Kong"}, "width": 540, "suffix": "/UFIOEJK10NIJ4FV1F5ZJQAL5X4ZFQE4EIZUV11O0E0CLBR13.jpg"}], "count": 6}, "totalCount": 6}, "meta": {"code": 200, "requestId": "595a7d2d6a6071143b02ad0c"}, "notifications": [{"item": {"unreadCount": 0}, "type": "notificationTray"}]}