{"response": {"photos": {"items": [{"id": "557d881b498ed249cf713748", "createdAt": 1434290203, "height": 640, "visibility": "public", "source": {"url": "http://instagram.com", "name": "Instagram"}, "prefix": "https://igx.4sqi.net/img/general/", "venue": {"id": "4b058810f964a52036af22e3", "like": false, "stats": {"checkinsCount": 2707, "tipCount": 9, "usersCount": 2164}, "url": "http://www.nparks.gov.sg/cms/index.php?option=com_visitorsguide&task=parks&id=15&Itemid=73", "beenHere": {"lastCheckinExpiredAt": 0}, "categories": [{"id": "4bf58dd8d48988d163941735", "primary": true, "icon": {"prefix": "https://ss3.4sqi.net/img/categories_v2/parks_outdoors/park_", "suffix": ".png"}, "pluralName": "Parks", "shortName": "Park", "name": "Park"}], "verified": false, "location": {"crossStreet": "Opp Padang & City Hall", "labeledLatLngs": [{"lng": 103.85358044117562, "label": "display", "lat": 1.2889675708353954}], "lat": 1.2889675708353954, "postalCode": "179558", "city": "Singapore", "formattedAddress": ["Connaught Dr. (Opp Padang & City Hall)", "179558", "Singapore"], "lng": 103.85358044117562, "address": "Connaught Dr.", "country": "Singapore", "cc": "SG"}, "contact": {"formattedPhone": "+65 1800 471 7300", "phone": "+6518004717300"}, "name": "Esplanade Park"}, "width": 640, "suffix": "/1134882_oOksGG6d3k87VupL63ezMzs5tsMWTum_9eCs5ljwE_8.jpg"}, {"id": "554c9f82498e118194493024", "createdAt": 1431084930, "height": 640, "visibility": "public", "source": {"url": "http://instagram.com", "name": "Instagram"}, "prefix": "https://igx.4sqi.net/img/general/", "venue": {"id": "4da0803dbb206ea88004ddfd", "like": false, "stats": {"checkinsCount": 1477, "tipCount": 25, "usersCount": 741}, "url": "http://theprojector.sg", "beenHere": {"lastCheckinExpiredAt": 0}, "categories": [{"id": "4bf58dd8d48988d180941735", "primary": true, "icon": {"prefix": "https://ss3.4sqi.net/img/categories_v2/arts_entertainment/movietheater_", "suffix": ".png"}, "pluralName": "Multiplexes", "shortName": "Cineplex", "name": "Multiplex"}], "verified": false, "allowMenuUrlEdit": true, "location": {"crossStreet": "6001 Beach Road", "labeledLatLngs": [{"lng": 103.86359655756394, "label": "display", "lat": 1.3023594899649054}], "lat": 1.3023594899649054, "postalCode": "199589", "city": "Singapore", "formattedAddress": ["#05-00 Golden Mile Tower (6001 Beach Road)", "199589", "Singapore"], "lng": 103.86359655756394, "address": "#05-00 Golden Mile Tower", "country": "Singapore", "cc": "SG"}, "contact": {"facebookUsername": "TheProjectorSG", "facebook": "1557030314526177", "facebookName": "The Projector", "twitter": "theprojectorsg"}, "name": "The Projector"}, "width": 640, "suffix": "/1134882_Vt0H5o9blonz7H8q1aqgeG5KFhm21tPwRrNBwiL4510.jpg"}, {"id": "55082990498e31f95881cb67", "createdAt": 1426598288, "height": 640, "visibility": "public", "source": {"url": "http://instagram.com", "name": "Instagram"}, "prefix": "https://igx.4sqi.net/img/general/", "venue": {"id": "52d0113411d23828e21c129a", "like": false, "stats": {"checkinsCount": 696, "tipCount": 22, "usersCount": 402}, "beenHere": {"lastCheckinExpiredAt": 0}, "categories": [{"id": "4bf58dd8d48988d11e941735", "primary": true, "icon": {"prefix": "https://ss3.4sqi.net/img/categories_v2/nightlife/cocktails_", "suffix": ".png"}, "pluralName": "Cocktail Bars", "shortName": "Cocktail", "name": "Cocktail Bar"}], "verified": false, "allowMenuUrlEdit": true, "location": {"address": "50 Staunton St", "lat": 22.282806863216088, "city": "\u9999\u6e2f", "formattedAddress": ["50 Staunton St", "\u9999\u6e2f"], "lng": 114.15196782781655, "labeledLatLngs": [{"lng": 114.15196782781655, "label": "display", "lat": 22.282806863216088}], "country": "\u9999\u6e2f", "cc": "HK"}, "contact": {"formattedPhone": "+852 2858 8580", "phone": "+85228588580"}, "name": "Little Lab"}, "width": 640, "suffix": "/1134882_x6_pBPs4njfClllN3RU9KYgu7nh4a_dUHXTyEJRWe0k.jpg"}, {"id": "550828b2498ed7b50547d10d", "createdAt": 1426598066, "height": 640, "visibility": "public", "source": {"url": "http://instagram.com", "name": "Instagram"}, "prefix": "https://igx.4sqi.net/img/general/", "venue": {"id": "4f86ad32e4b05dd5645c7301", "like": false, "stats": {"checkinsCount": 3991, "tipCount": 88, "usersCount": 2264}, "url": "http://www.quinary.hk", "beenHere": {"lastCheckinExpiredAt": 0}, "categories": [{"id": "4bf58dd8d48988d11e941735", "primary": true, "icon": {"prefix": "https://ss3.4sqi.net/img/categories_v2/nightlife/cocktails_", "suffix": ".png"}, "pluralName": "Cocktail Bars", "shortName": "Cocktail", "name": "Cocktail Bar"}], "verified": false, "allowMenuUrlEdit": true, "location": {"address": "56-58 Hollywood Rd", "state": "\u4e2d\u897f\u5340", "lat": 22.282815116737236, "city": "\u4e2d\u74b0", "formattedAddress": ["56-58 Hollywood Rd", "\u4e2d\u897f\u5340", "\u9999\u6e2f"], "lng": 114.15295482005132, "labeledLatLngs": [{"lng": 114.15295482005132, "label": "display", "lat": 22.282815116737236}], "country": "\u9999\u6e2f", "cc": "HK"}, "contact": {"formattedPhone": "+852 2851 3223", "phone": "+85228513223"}, "name": "Quinary"}, "width": 640, "suffix": "/1134882_OBLqb4Mds6lPB4HvJt5e_ICyEH_EEOZdr66UsR08eXw.jpg"}, {"id": "544cd209498eed1bf7f16092", "createdAt": 1414320649, "height": 640, "visibility": "public", "source": {"url": "http://instagram.com", "name": "Instagram"}, "prefix": "https://igx.4sqi.net/img/general/", "venue": {"like": false, "allowMenuUrlEdit": true, "location": {"crossStreet": "17th Fl., CentralWorld", "labeledLatLngs": [{"lng": 100.53934862374447, "label": "display", "lat": 13.745044551878564}], "state": "\u0e01\u0e23\u0e38\u0e07\u0e40\u0e17\u0e1e\u0e21\u0e2b\u0e32\u0e19\u0e04\u0e23", "lat": 13.745044551878564, "postalCode": "10330", "city": "\u0e1b\u0e17\u0e38\u0e21\u0e27\u0e31\u0e19", "formattedAddress": ["ZEN World (17th Fl., CentralWorld)", "\u0e1b\u0e17\u0e38\u0e21\u0e27\u0e31\u0e19", "\u0e01\u0e23\u0e38\u0e07\u0e40\u0e17\u0e1e\u0e21\u0e2b\u0e32\u0e19\u0e04\u0e23 10330", "\u0e1b\u0e23\u0e30\u0e40\u0e17\u0e28\u0e44\u0e17\u0e22"], "lng": 100.53934862374447, "address": "ZEN World", "country": "\u0e1b\u0e23\u0e30\u0e40\u0e17\u0e28\u0e44\u0e17\u0e22", "cc": "TH"}, "storeId": "", "id": "4b062510f964a5202ae922e3", "beenHere": {"lastCheckinExpiredAt": 0}, "stats": {"checkinsCount": 3248, "tipCount": 25, "usersCount": 2165}, "url": "http://www.zensebangkok.com", "categories": [{"id": "4bf58dd8d48988d121941735", "primary": true, "icon": {"prefix": "https://ss3.4sqi.net/img/categories_v2/nightlife/default_", "suffix": ".png"}, "pluralName": "Lounges", "shortName": "Lounge", "name": "Lounge"}], "venuePage": {"id": "41430829"}, "verified": true, "contact": {"formattedPhone": "+66 2 100 9898", "phone": "+6621009898"}, "name": "ZENSE"}, "width": 640, "suffix": "/1134882_wNj5TxjCCc7pg91XfBdYCSO_JiGN0g_A0eWs1OwZe3M.jpg"}, {"id": "5409c06011d283ce70601ec3", "createdAt": 1409925216, "height": 640, "visibility": "public", "source": {"url": "http://instagram.com", "name": "Instagram"}, "prefix": "https://igx.4sqi.net/img/general/", "venue": {"like": false, "allowMenuUrlEdit": true, "location": {"address": "101 Amoy St", "lat": 1.2816349641373617, "postalCode": "069921", "city": "Singapore", "formattedAddress": ["101 Amoy St", "069921", "Singapore"], "lng": 103.84734392166138, "labeledLatLngs": [{"lng": 103.84734392166138, "label": "display", "lat": 1.2816349641373617}], "country": "Singapore", "cc": "SG"}, "id": "4fa3b179e4b09d4d443c710a", "beenHere": {"lastCheckinExpiredAt": 0}, "stats": {"checkinsCount": 2719, "tipCount": 58, "usersCount": 1264}, "url": "http://www.jiggerandpony.com", "categories": [{"id": "4bf58dd8d48988d11e941735", "primary": true, "icon": {"prefix": "https://ss3.4sqi.net/img/categories_v2/nightlife/cocktails_", "suffix": ".png"}, "pluralName": "Cocktail Bars", "shortName": "Cocktail", "name": "Cocktail Bar"}], "venuePage": {"id": "89529664"}, "verified": true, "contact": {"twitter": "jiggerandponysg", "formattedPhone": "+65 6223 9101", "phone": "+6562239101"}, "name": "Jigger & Pony"}, "width": 640, "suffix": "/1134882_UfpNK71J2TnzIIdRYYJWJfVjBW9rK0AozWjLtgDc5os.jpg"}, {"id": "5250e21711d2fcbe6b7db014", "createdAt": 1381032471, "height": 640, "visibility": "public", "source": {"url": "http://instagram.com", "name": "Instagram"}, "prefix": "https://igx.4sqi.net/img/general/", "venue": {"id": "4b058745f964a520118822e3", "like": false, "stats": {"checkinsCount": 2029, "tipCount": 30, "usersCount": 1189}, "url": "http://www.blackcatfitzroy.com", "beenHere": {"lastCheckinExpiredAt": 0}, "categories": [{"id": "4bf58dd8d48988d16d941735", "primary": true, "icon": {"prefix": "https://ss3.4sqi.net/img/categories_v2/food/cafe_", "suffix": ".png"}, "pluralName": "Caf\u00e9s", "shortName": "Caf\u00e9", "name": "Caf\u00e9"}], "verified": false, "allowMenuUrlEdit": true, "location": {"crossStreet": "at Greeves St.", "labeledLatLngs": [{"lng": 144.978401, "label": "display", "lat": -37.799944}], "state": "VIC", "lat": -37.799944, "postalCode": "3065", "city": "Fitzroy", "formattedAddress": ["252 Brunswick St. (at Greeves St.)", "Fitzroy VIC 3065", "Australia"], "lng": 144.978401, "address": "252 Brunswick St.", "country": "Australia", "cc": "AU"}, "contact": {"formattedPhone": "+61 3 9419 6230", "phone": "+61394196230"}, "name": "The Black Cat"}, "width": 640, "suffix": "/1134882_w3DKSv6oYuFYLRzF8SUh2TypBrVSykQHxrMRxjVUWsk.jpg"}, {"id": "524ea30f11d2f999d8075e55", "createdAt": 1380885263, "height": 640, "visibility": "public", "source": {"url": "http://instagram.com", "name": "Instagram"}, "prefix": "https://igx.4sqi.net/img/general/", "venue": {"id": "4b0d0590f964a520474323e3", "like": false, "stats": {"checkinsCount": 2156, "tipCount": 83, "usersCount": 1497}, "url": "http://www.izakayaden.com.au", "beenHere": {"lastCheckinExpiredAt": 0}, "categories": [{"id": "4bf58dd8d48988d111941735", "primary": true, "icon": {"prefix": "https://ss3.4sqi.net/img/categories_v2/food/japanese_", "suffix": ".png"}, "pluralName": "Japanese Restaurants", "shortName": "Japanese", "name": "Japanese Restaurant"}], "verified": false, "allowMenuUrlEdit": true, "location": {"crossStreet": "at Little Collins St", "labeledLatLngs": [{"lng": 144.968672, "label": "display", "lat": -37.813654}], "state": "VIC", "lat": -37.813654, "postalCode": "3000", "city": "Melbourne", "formattedAddress": ["Basement, 114 Russell St (at Little Collins St)", "Melbourne VIC 3000", "Australia"], "lng": 144.968672, "address": "Basement, 114 Russell St", "country": "Australia", "cc": "AU"}, "contact": {"facebook": "157835517573578", "facebookName": "Izakaya Den", "formattedPhone": "+61 3 9654 2977", "phone": "+61396542977", "facebookUsername": "izakayadenmelbourne", "twitter": "master_den_"}, "name": "Izakaya Den"}, "width": 640, "suffix": "/1134882_vmzYm1r4UN59YHl4OnEP0KLWjRVnsSOPjvPZpZqvqYE.jpg"}, {"id": "524e653311d2aa575006e607", "createdAt": 1380869427, "height": 640, "visibility": "public", "source": {"url": "http://instagram.com", "name": "Instagram"}, "prefix": "https://igx.4sqi.net/img/general/", "venue": {"id": "4ec4af0b0e01a510cd29cc9a", "like": false, "stats": {"checkinsCount": 42, "tipCount": 2, "usersCount": 34}, "beenHere": {"lastCheckinExpiredAt": 0}, "categories": [{"id": "4bf58dd8d48988d1e2931735", "primary": true, "icon": {"prefix": "https://ss3.4sqi.net/img/categories_v2/arts_entertainment/artgallery_", "suffix": ".png"}, "pluralName": "Art Galleries", "shortName": "Art Gallery", "name": "Art Gallery"}], "verified": false, "allowMenuUrlEdit": true, "location": {"crossStreet": "Izett St", "labeledLatLngs": [{"lng": 144.99170473824623, "label": "display", "lat": -37.849274701801114}], "state": "VIC", "lat": -37.849274701801114, "postalCode": "3181", "city": "Prahran", "formattedAddress": ["Shop 4/155 Greville St (Izett St)", "Prahran VIC 3181", "Australia"], "lng": 144.99170473824623, "address": "Shop 4/155 Greville St", "country": "Australia", "cc": "AU"}, "contact": {"formattedPhone": "+61 413 921 046", "phone": "+61413921046"}, "name": "Signed & Numbered"}, "width": 640, "suffix": "/1134882_uyr4KEuh8HxxPLhxAe_PXJUu7Us1rMD_c84EyBKIKIA.jpg"}, {"id": "524cd46911d2484f1f2ef1f8", "createdAt": 1380766825, "height": 640, "visibility": "public", "source": {"url": "http://instagram.com", "name": "Instagram"}, "prefix": "https://igx.4sqi.net/img/general/", "venue": {"id": "4bd3f7bf41b9ef3b295601e6", "like": false, "stats": {"checkinsCount": 400, "tipCount": 7, "usersCount": 357}, "beenHere": {"lastCheckinExpiredAt": 0}, "categories": [{"id": "4bf58dd8d48988d165941735", "primary": true, "icon": {"prefix": "https://ss3.4sqi.net/img/categories_v2/parks_outdoors/sceniclookout_", "suffix": ".png"}, "pluralName": "Scenic Lookouts", "shortName": "Scenic Lookout", "name": "Scenic Lookout"}], "verified": false, "location": {"state": "VIC", "lat": -38.55359192552182, "city": "Lorne", "formattedAddress": ["Lorne VIC", "Australia"], "lng": 143.9793220204305, "labeledLatLngs": [{"lng": 143.9793220204305, "label": "display", "lat": -38.55359192552182}], "country": "Australia", "cc": "AU"}, "contact": {}, "name": "Teddy's Lookout"}, "width": 640, "suffix": "/1134882_rK4zfu-hoOKWhkBftd-kgzNAo0KkYKuW7GcZ0yebON8.jpg"}, {"id": "524beb9f498e61ec55bcc714", "createdAt": 1380707231, "height": 640, "visibility": "public", "source": {"url": "http://instagram.com", "name": "Instagram"}, "prefix": "https://igx.4sqi.net/img/general/", "venue": {"id": "4bd573235631c9b6a30ba430", "like": false, "stats": {"checkinsCount": 300, "tipCount": 6, "usersCount": 285}, "beenHere": {"lastCheckinExpiredAt": 0}, "categories": [{"id": "4bf58dd8d48988d159941735", "primary": true, "icon": {"prefix": "https://ss3.4sqi.net/img/categories_v2/parks_outdoors/hikingtrail_", "suffix": ".png"}, "pluralName": "Trails", "shortName": "Trail", "name": "Trail"}], "verified": false, "location": {"address": "360 Phillips Track", "state": "VIC", "lat": -38.64959985580806, "postalCode": "3237", "city": "Beech Forest", "formattedAddress": ["360 Phillips Track", "Beech Forest VIC 3237", "Australia"], "lng": 143.50499713913783, "labeledLatLngs": [{"lng": 143.50499713913783, "label": "display", "lat": -38.64959985580806}], "country": "Australia", "cc": "AU"}, "contact": {}, "name": "Otway Fly Treetop Walk"}, "width": 640, "suffix": "/1134882_S6gI0Xurh-ahf-O-r1a4Ho4JpitLDJud6x-aV2xj7E4.jpg"}, {"id": "524a875511d2c40aefddee4f", "createdAt": 1380616021, "height": 640, "visibility": "public", "source": {"url": "http://instagram.com", "name": "Instagram"}, "prefix": "https://igx.4sqi.net/img/general/", "venue": {"id": "4b58c40df964a520f76928e3", "like": false, "stats": {"checkinsCount": 2272, "tipCount": 14, "usersCount": 2053}, "beenHere": {"lastCheckinExpiredAt": 0}, "categories": [{"id": "4bf58dd8d48988d1e2941735", "primary": true, "icon": {"prefix": "https://ss3.4sqi.net/img/categories_v2/parks_outdoors/beach_", "suffix": ".png"}, "pluralName": "Beaches", "shortName": "Beach", "name": "Beach"}], "verified": false, "location": {"crossStreet": "Hardy Street", "labeledLatLngs": [{"lng": 143.66924559609856, "label": "display", "lat": -38.757062506513286}], "state": "VIC", "lat": -38.757062506513286, "city": "Apollo Beach", "formattedAddress": ["Great Ocean Road (Hardy Street)", "Apollo Beach VIC", "Australia"], "lng": 143.66924559609856, "address": "Great Ocean Road", "country": "Australia", "cc": "AU"}, "contact": {}, "name": "Apollo Bay Beach"}, "width": 640, "suffix": "/1134882_1t1keQkYLrNETQaqjZFCa5KfwkwhJtpycuWBXkZfKO4.jpg"}, {"id": "524a873e11d24056a66fc6db", "createdAt": 1380615998, "height": 640, "visibility": "public", "source": {"url": "http://instagram.com", "name": "Instagram"}, "prefix": "https://igx.4sqi.net/img/general/", "venue": {"id": "4b58c40df964a520f76928e3", "like": false, "stats": {"checkinsCount": 2272, "tipCount": 14, "usersCount": 2053}, "beenHere": {"lastCheckinExpiredAt": 0}, "categories": [{"id": "4bf58dd8d48988d1e2941735", "primary": true, "icon": {"prefix": "https://ss3.4sqi.net/img/categories_v2/parks_outdoors/beach_", "suffix": ".png"}, "pluralName": "Beaches", "shortName": "Beach", "name": "Beach"}], "verified": false, "location": {"crossStreet": "Hardy Street", "labeledLatLngs": [{"lng": 143.66924559609856, "label": "display", "lat": -38.757062506513286}], "state": "VIC", "lat": -38.757062506513286, "city": "Apollo Beach", "formattedAddress": ["Great Ocean Road (Hardy Street)", "Apollo Beach VIC", "Australia"], "lng": 143.66924559609856, "address": "Great Ocean Road", "country": "Australia", "cc": "AU"}, "contact": {}, "name": "Apollo Bay Beach"}, "width": 640, "suffix": "/1134882_lkzOe5zTeVESr6KxIloeBWyTu90RgIx-W7f5J9ErXlQ.jpg"}, {"id": "524a872011d23ccaf3f1f073", "createdAt": 1380615968, "height": 640, "visibility": "public", "source": {"url": "http://instagram.com", "name": "Instagram"}, "prefix": "https://igx.4sqi.net/img/general/", "venue": {"id": "4b58c40df964a520f76928e3", "like": false, "stats": {"checkinsCount": 2272, "tipCount": 14, "usersCount": 2053}, "beenHere": {"lastCheckinExpiredAt": 0}, "categories": [{"id": "4bf58dd8d48988d1e2941735", "primary": true, "icon": {"prefix": "https://ss3.4sqi.net/img/categories_v2/parks_outdoors/beach_", "suffix": ".png"}, "pluralName": "Beaches", "shortName": "Beach", "name": "Beach"}], "verified": false, "location": {"crossStreet": "Hardy Street", "labeledLatLngs": [{"lng": 143.66924559609856, "label": "display", "lat": -38.757062506513286}], "state": "VIC", "lat": -38.757062506513286, "city": "Apollo Beach", "formattedAddress": ["Great Ocean Road (Hardy Street)", "Apollo Beach VIC", "Australia"], "lng": 143.66924559609856, "address": "Great Ocean Road", "country": "Australia", "cc": "AU"}, "contact": {}, "name": "Apollo Bay Beach"}, "width": 640, "suffix": "/1134882_8rBZ8fKUvVGtM6w1BkTvOOw1DHSaXg8kFQu3kIDRUao.jpg"}, {"id": "524a3b48498e965775474ab7", "createdAt": 1380596552, "height": 640, "visibility": "public", "source": {"url": "http://instagram.com", "name": "Instagram"}, "prefix": "https://igx.4sqi.net/img/general/", "venue": {"id": "4db7a94693a04a7c307076c4", "like": false, "stats": {"checkinsCount": 121, "tipCount": 3, "usersCount": 94}, "beenHere": {"lastCheckinExpiredAt": 0}, "categories": [{"id": "4bf58dd8d48988d161941735", "primary": true, "icon": {"prefix": "https://ss3.4sqi.net/img/categories_v2/parks_outdoors/lake_", "suffix": ".png"}, "pluralName": "Lakes", "shortName": "Lake", "name": "Lake"}], "verified": false, "location": {"address": "Bay Rd.", "state": "SA", "lat": -37.835031922976405, "postalCode": "5291", "city": "Moorak", "formattedAddress": ["Bay Rd.", "Moorak SA 5291", "Australia"], "lng": 140.7750978260167, "labeledLatLngs": [{"lng": 140.7750978260167, "label": "display", "lat": -37.835031922976405}], "country": "Australia", "cc": "AU"}, "contact": {}, "venueRatingBlacklisted": true, "name": "Blue Lake"}, "width": 640, "suffix": "/1134882_rs8XugM5jdzEn2TWxFjBVDmrPW8rnjgoKImCBOPMHx4.jpg"}, {"id": "524a3b2d11d2165ddda06b11", "createdAt": 1380596525, "height": 640, "visibility": "public", "source": {"url": "http://instagram.com", "name": "Instagram"}, "prefix": "https://igx.4sqi.net/img/general/", "venue": {"id": "4db7a94693a04a7c307076c4", "like": false, "stats": {"checkinsCount": 121, "tipCount": 3, "usersCount": 94}, "beenHere": {"lastCheckinExpiredAt": 0}, "categories": [{"id": "4bf58dd8d48988d161941735", "primary": true, "icon": {"prefix": "https://ss3.4sqi.net/img/categories_v2/parks_outdoors/lake_", "suffix": ".png"}, "pluralName": "Lakes", "shortName": "Lake", "name": "Lake"}], "verified": false, "location": {"address": "Bay Rd.", "state": "SA", "lat": -37.835031922976405, "postalCode": "5291", "city": "Moorak", "formattedAddress": ["Bay Rd.", "Moorak SA 5291", "Australia"], "lng": 140.7750978260167, "labeledLatLngs": [{"lng": 140.7750978260167, "label": "display", "lat": -37.835031922976405}], "country": "Australia", "cc": "AU"}, "contact": {}, "venueRatingBlacklisted": true, "name": "Blue Lake"}, "width": 640, "suffix": "/1134882_6-4V4mSUA8BCiyoQDAQjLxir5WvZ4QZnqyKL6Le9aB0.jpg"}, {"id": "524a3b0d11d223437e12b76f", "createdAt": 1380596493, "height": 640, "visibility": "public", "source": {"url": "http://instagram.com", "name": "Instagram"}, "prefix": "https://igx.4sqi.net/img/general/", "venue": {"id": "4bee348c946c0f4730a6a363", "like": false, "stats": {"checkinsCount": 583, "tipCount": 6, "usersCount": 528}, "beenHere": {"lastCheckinExpiredAt": 0}, "categories": [{"id": "4bf58dd8d48988d161941735", "primary": true, "icon": {"prefix": "https://ss3.4sqi.net/img/categories_v2/parks_outdoors/lake_", "suffix": ".png"}, "pluralName": "Lakes", "shortName": "Lake", "name": "Lake"}], "verified": false, "location": {"address": "105 Bay Rd.", "state": "SA", "lat": -37.843513664340676, "postalCode": "5290", "city": "Mount Gambier", "formattedAddress": ["105 Bay Rd.", "Mount Gambier SA 5290", "Australia"], "lng": 140.7733906069342, "labeledLatLngs": [{"lng": 140.7733906069342, "label": "display", "lat": -37.843513664340676}], "country": "Australia", "cc": "AU"}, "contact": {}, "venueRatingBlacklisted": true, "name": "Blue Lake"}, "width": 640, "suffix": "/1134882_v5_78Nwr0qRpBHqPbWcCZK_szFcDvAm3sXcm1-OA3zU.jpg"}, {"id": "524a1eb4498ec57524c7c0fc", "createdAt": 1380589236, "height": 640, "visibility": "public", "source": {"url": "http://instagram.com", "name": "Instagram"}, "prefix": "https://igx.4sqi.net/img/general/", "venue": {"id": "4d5b1ba73e6aa1436978ef3b", "like": false, "stats": {"checkinsCount": 23, "tipCount": 1, "usersCount": 20}, "beenHere": {"lastCheckinExpiredAt": 0}, "categories": [{"id": "4bf58dd8d48988d1e3941735", "primary": true, "icon": {"prefix": "https://ss3.4sqi.net/img/categories_v2/parks_outdoors/surfspot_", "suffix": ".png"}, "pluralName": "Surf Spots", "shortName": "Surf Spot", "name": "Surf Spot"}], "verified": false, "location": {"lat": -37.480606293030704, "formattedAddress": ["Australia"], "country": "Australia", "labeledLatLngs": [{"lng": 140.0174939612775, "label": "display", "lat": -37.480606293030704}], "cc": "AU", "lng": 140.0174939612775}, "contact": {}, "name": "Beachport Surf Beach"}, "width": 640, "suffix": "/1134882_x4FvByJenQpcAQG6ML6E5Jq7TK8d-jUV9eia0TD-3TY.jpg"}, {"id": "52451b7411d20369692e0056", "createdAt": 1380260724, "height": 640, "visibility": "public", "source": {"url": "http://instagram.com", "name": "Instagram"}, "prefix": "https://igx.4sqi.net/img/general/", "venue": {"id": "4e7c1f1d775b1336d3f4415a", "like": false, "stats": {"checkinsCount": 1593, "tipCount": 0, "usersCount": 223}, "beenHere": {"lastCheckinExpiredAt": 0}, "categories": [{"id": "4bf58dd8d48988d1f9931735", "primary": true, "icon": {"prefix": "https://ss3.4sqi.net/img/categories_v2/travel/highway_", "suffix": ".png"}, "pluralName": "Roads", "shortName": "Road", "name": "Road"}], "verified": false, "location": {"address": "North Terrace", "state": "SA", "lat": -34.92131929817, "postalCode": "5000", "city": "Adelaide", "formattedAddress": ["North Terrace", "Adelaide SA 5000", "Australia"], "lng": 138.6055274398257, "labeledLatLngs": [{"lng": 138.6055274398257, "label": "display", "lat": -34.92131929817}], "country": "Australia", "cc": "AU"}, "contact": {}, "venueRatingBlacklisted": true, "name": "North Terrace"}, "width": 640, "suffix": "/1134882_vAYDLwjJMWE7i5Loo12sat7vdizJ31O9_RP1aowuJoc.jpg"}, {"id": "5243ca6211d27c106f7480a4", "createdAt": 1380174434, "height": 612, "visibility": "public", "source": {"url": "http://instagram.com", "name": "Instagram"}, "prefix": "https://igx.4sqi.net/img/general/", "width": 612, "suffix": "/1134882_dsfE4BKpl41J4tpvgmcHc159E0KQyewg3EaA1Sm8nAk.jpg"}, {"id": "5235442911d2d7329e466744", "createdAt": 1379222569, "height": 612, "visibility": "public", "source": {"url": "http://instagram.com", "name": "Instagram"}, "prefix": "https://igx.4sqi.net/img/general/", "venue": {"id": "4c9d0045542b224bc4d5e59f", "like": false, "stats": {"checkinsCount": 104, "tipCount": 4, "usersCount": 79}, "beenHere": {"lastCheckinExpiredAt": 0}, "categories": [{"id": "4bf58dd8d48988d165941735", "primary": true, "icon": {"prefix": "https://ss3.4sqi.net/img/categories_v2/parks_outdoors/sceniclookout_", "suffix": ".png"}, "pluralName": "Scenic Lookouts", "shortName": "Scenic Lookout", "name": "Scenic Lookout"}], "verified": false, "location": {"address": "Morialta Conservation Park", "state": "SA", "lat": -34.90301772793712, "postalCode": "5072", "city": "Woodforde", "formattedAddress": ["Morialta Conservation Park", "Woodforde SA 5072", "Australia"], "lng": 138.70162334512938, "labeledLatLngs": [{"lng": 138.70162334512938, "label": "display", "lat": -34.90301772793712}], "country": "Australia", "cc": "AU"}, "contact": {}, "name": "Morialta Falls"}, "width": 612, "suffix": "/1134882_EEXNY8k_n-bR4JpmvdGYumrVMEtw3HcTAccZVbGypXU.jpg"}, {"id": "52301f59498e8dc392565511", "createdAt": 1378885465, "height": 612, "visibility": "public", "source": {"url": "http://instagram.com", "name": "Instagram"}, "prefix": "https://igx.4sqi.net/img/general/", "venue": {"id": "4d0d67f995c1a1cd622c02ff", "like": false, "stats": {"checkinsCount": 187, "tipCount": 0, "usersCount": 57}, "beenHere": {"lastCheckinExpiredAt": 0}, "categories": [{"id": "4bf58dd8d48988d130941735", "primary": true, "icon": {"prefix": "https://ss3.4sqi.net/img/categories_v2/building/default_", "suffix": ".png"}, "pluralName": "Buildings", "shortName": "Building", "name": "Building"}], "verified": false, "location": {"state": "SA", "lat": -34.92361840826579, "city": "mile end", "formattedAddress": ["Mile End SA", "Australia"], "lng": 138.5749469227082, "labeledLatLngs": [{"lng": 138.5749469227082, "label": "display", "lat": -34.92361840826579}], "country": "Australia", "cc": "AU"}, "contact": {}, "venueRatingBlacklisted": true, "name": "Mile End"}, "width": 612, "suffix": "/1134882_JzLqUN-KCwCfPao5YXOhBHPOGxbAT8VBr5eOXp_pGIg.jpg"}, {"id": "5222dd7e498e4ca2445a8bd2", "createdAt": 1378016638, "height": 612, "visibility": "public", "source": {"url": "http://instagram.com", "name": "Instagram"}, "prefix": "https://igx.4sqi.net/img/general/", "venue": {"id": "4bb844c598c7ef3b50003102", "like": false, "stats": {"checkinsCount": 1580, "tipCount": 15, "usersCount": 738}, "beenHere": {"lastCheckinExpiredAt": 0}, "categories": [{"id": "4bf58dd8d48988d1e2941735", "primary": true, "icon": {"prefix": "https://ss3.4sqi.net/img/categories_v2/parks_outdoors/beach_", "suffix": ".png"}, "pluralName": "Beaches", "shortName": "Beach", "name": "Beach"}], "verified": false, "location": {"address": "Esplanade", "state": "SA", "lat": -34.83843283116394, "postalCode": "5019", "city": "Semaphore", "formattedAddress": ["Esplanade", "Semaphore SA 5019", "Australia"], "lng": 138.48046582444445, "labeledLatLngs": [{"lng": 138.48046582444445, "label": "display", "lat": -34.83843283116394}], "country": "Australia", "cc": "AU"}, "contact": {}, "name": "Semaphore Beach"}, "width": 612, "suffix": "/1134882_FuyNDOnAhJQh12o-CDv2hWRDY10n7goRAWJSKCRRle0.jpg"}, {"id": "52062048498e22afd51e6548", "createdAt": 1376133192, "height": 612, "visibility": "public", "source": {"url": "http://instagram.com", "name": "Instagram"}, "prefix": "https://igx.4sqi.net/img/general/", "venue": {"id": "4ba06b7df964a520f56c37e3", "like": false, "stats": {"checkinsCount": 106, "tipCount": 0, "usersCount": 52}, "beenHere": {"lastCheckinExpiredAt": 0}, "categories": [{"id": "4bf58dd8d48988d1f1931735", "primary": true, "icon": {"prefix": "https://ss3.4sqi.net/img/categories_v2/arts_entertainment/default_", "suffix": ".png"}, "pluralName": "General Entertainment", "shortName": "Entertainment", "name": "General Entertainment"}], "verified": false, "allowMenuUrlEdit": true, "location": {"address": "13-15 Carrington St", "state": "SA", "lat": -34.93140819, "postalCode": "5000", "city": "Adelaide", "formattedAddress": ["13-15 Carrington St", "Adelaide SA 5000", "Australia"], "lng": 138.60070882, "labeledLatLngs": [{"lng": 138.60070882, "label": "display", "lat": -34.93140819}], "country": "Australia", "cc": "AU"}, "contact": {"formattedPhone": "+61 8 8212 3767", "phone": "+61882123767"}, "name": "Adelaide Irish Club"}, "width": 612, "suffix": "/1134882_wXQHu3PbRKx5fK8hM8p_EY9N1oSDbsaiZHDp8itqREI.jpg"}, {"id": "51f8b8e4498e21ea5e179542", "createdAt": 1375254756, "height": 612, "visibility": "public", "source": {"url": "http://instagram.com", "name": "Instagram"}, "prefix": "https://igx.4sqi.net/img/general/", "venue": {"like": false, "location": {"address": "35-37 RUNDLE STREET", "state": "SA", "lat": -34.92080488083882, "postalCode": "5067", "city": "Kent Town", "formattedAddress": ["35-37 RUNDLE STREET", "Kent Town SA 5067", "Australia"], "lng": 138.61755298847362, "labeledLatLngs": [{"lng": 138.61755298847362, "label": "display", "lat": -34.92080488083882}], "country": "Australia", "cc": "AU"}, "storeId": "504655", "id": "4e83a6e0239c2998c62fd284", "beenHere": {"lastCheckinExpiredAt": 0}, "stats": {"checkinsCount": 525, "tipCount": 0, "usersCount": 48}, "url": "http://auspost.com.au", "categories": [{"id": "4bf58dd8d48988d172941735", "primary": true, "icon": {"prefix": "https://ss3.4sqi.net/img/categories_v2/building/postoffice_", "suffix": ".png"}, "pluralName": "Post Offices", "shortName": "Post Office", "name": "Post Office"}], "verified": true, "contact": {"facebook": "96085205666", "facebookName": "Australia Post", "formattedPhone": "+61 13 76 78", "phone": "+61137678", "facebookUsername": "australiapost", "twitter": "auspost"}, "venueRatingBlacklisted": true, "name": "Australia Post"}, "width": 612, "suffix": "/1134882_EfkUF0S5eJCEjGgguU4hzr95aobkEtJhUq9443LHYGM.jpg"}, {"id": "51e946c2498ebd2fd2e647e4", "createdAt": 1374242498, "height": 612, "visibility": "public", "source": {"url": "http://instagram.com", "name": "Instagram"}, "prefix": "https://igx.4sqi.net/img/general/", "venue": {"id": "4f6cbd9933bd44f41de7d132", "like": false, "stats": {"checkinsCount": 17, "tipCount": 0, "usersCount": 15}, "url": "http://www.hotelmetro.com.au", "beenHere": {"lastCheckinExpiredAt": 0}, "categories": [{"id": "4bf58dd8d48988d11b941735", "primary": true, "icon": {"prefix": "https://ss3.4sqi.net/img/categories_v2/nightlife/pub_", "suffix": ".png"}, "pluralName": "Pubs", "shortName": "Pub", "name": "Pub"}], "verified": false, "allowMenuUrlEdit": true, "location": {"address": "46 Grote St.", "state": "SA", "lat": -34.92869187968656, "city": "Adelaide", "formattedAddress": ["46 Grote St.", "Adelaide SA", "Australia"], "lng": 138.59772543522124, "labeledLatLngs": [{"lng": 138.59772543522124, "label": "display", "lat": -34.92869187968656}], "country": "Australia", "cc": "AU"}, "contact": {"formattedPhone": "+61 8 8231 5471", "phone": "+61882315471"}, "name": "The Hotel Metropolitian"}, "width": 612, "suffix": "/1134882_zNt3onY55cBg4KtW4J8ibRQFZPeMQZnrf_I6TAe9ecQ.jpg"}, {"id": "51dbcd21498e9434e2240b1e", "createdAt": 1373359393, "height": 612, "visibility": "public", "source": {"url": "http://instagram.com", "name": "Instagram"}, "prefix": "https://igx.4sqi.net/img/general/", "venue": {"id": "4b7a0a01f964a52036202fe3", "like": false, "stats": {"checkinsCount": 5221, "tipCount": 32, "usersCount": 2396}, "url": "http://www.crownmetropolmelbourne.com.au", "beenHere": {"lastCheckinExpiredAt": 0}, "categories": [{"id": "4bf58dd8d48988d1fa931735", "primary": true, "icon": {"prefix": "https://ss3.4sqi.net/img/categories_v2/travel/hotel_", "suffix": ".png"}, "pluralName": "Hotels", "shortName": "Hotel", "name": "Hotel"}], "verified": false, "allowMenuUrlEdit": true, "location": {"crossStreet": "Clarendon St", "labeledLatLngs": [{"lng": 144.9576473236084, "label": "display", "lat": -37.82560331034043}], "state": "VIC", "lat": -37.82560331034043, "postalCode": "3006", "city": "Southbank", "formattedAddress": ["8 Whiteman St (Clarendon St)", "Southbank VIC 3006", "Australia"], "lng": 144.9576473236084, "address": "8 Whiteman St", "country": "Australia", "cc": "AU"}, "contact": {"twitter": "crownmetropol", "formattedPhone": "+61 3 9292 6211", "phone": "+61392926211"}, "name": "Crown Metropol Hotel"}, "width": 612, "suffix": "/1134882_HszF1hmKB9RIRbVcgjHSw-kyQ4EH83Cu5n-gT2Fakhw.jpg"}, {"id": "51dbb638498e40e081c98370", "createdAt": 1373353528, "height": 612, "visibility": "public", "source": {"url": "http://instagram.com", "name": "Instagram"}, "prefix": "https://igx.4sqi.net/img/general/", "venue": {"id": "4b0b8d7ff964a5203c3223e3", "like": false, "stats": {"checkinsCount": 6897, "tipCount": 83, "usersCount": 4519}, "url": "http://curtinhouse.com", "beenHere": {"lastCheckinExpiredAt": 0}, "categories": [{"id": "4bf58dd8d48988d117941735", "primary": true, "icon": {"prefix": "https://ss3.4sqi.net/img/categories_v2/nightlife/beergarden_", "suffix": ".png"}, "pluralName": "Beer Gardens", "shortName": "Beer Garden", "name": "Beer Garden"}], "verified": false, "allowMenuUrlEdit": true, "location": {"crossStreet": "at Lonsdale St.", "labeledLatLngs": [{"lng": 144.96525726152208, "label": "display", "lat": -37.81199123424776}], "state": "VIC", "lat": -37.81199123424776, "postalCode": "3000", "city": "Melbourne", "formattedAddress": ["252 Swanston St. (at Lonsdale St.)", "Melbourne VIC 3000", "Australia"], "lng": 144.96525726152208, "address": "252 Swanston St.", "country": "Australia", "cc": "AU"}, "contact": {"formattedPhone": "+61 3 9654 5394", "phone": "+61396545394"}, "name": "Curtin House Rooftop Bar"}, "width": 612, "suffix": "/1134882_b8rCYEO_M6xUox2xxPNkJxfESFbcq1sXNsy3DWyfc_I.jpg"}, {"id": "51d94274498ee73dcede2ac4", "createdAt": 1373192820, "height": 612, "visibility": "public", "source": {"url": "http://instagram.com", "name": "Instagram"}, "prefix": "https://igx.4sqi.net/img/general/", "venue": {"id": "50f11778e4b0e0c9d0c1680e", "like": false, "stats": {"checkinsCount": 425, "tipCount": 15, "usersCount": 275}, "url": "http://www.rumdiarybar.com.au", "beenHere": {"lastCheckinExpiredAt": 0}, "categories": [{"id": "4bf58dd8d48988d116941735", "primary": true, "icon": {"prefix": "https://ss3.4sqi.net/img/categories_v2/nightlife/pub_", "suffix": ".png"}, "pluralName": "Bars", "shortName": "Bar", "name": "Bar"}], "verified": false, "allowMenuUrlEdit": true, "location": {"address": "334 Brunswick St", "state": "VIC", "lat": -37.79730127139535, "postalCode": "3065", "city": "Melbourne", "formattedAddress": ["334 Brunswick St", "Melbourne VIC 3065", "Australia"], "lng": 144.97878386311407, "labeledLatLngs": [{"lng": 144.97878386311407, "label": "display", "lat": -37.79730127139535}], "country": "Australia", "cc": "AU"}, "contact": {"twitter": "rumdiarybar", "formattedPhone": "+61 3 9939 0616", "phone": "+61399390616"}, "name": "Rum Diary Bar"}, "width": 612, "suffix": "/1134882_LS6Yxh--05AKKUcaeUJVd6HXZGtOCVL8P4LDJfFHo9k.jpg"}, {"id": "51d90183498e3efc84c13ca8", "createdAt": 1373176195, "height": 612, "visibility": "public", "source": {"url": "http://instagram.com", "name": "Instagram"}, "prefix": "https://igx.4sqi.net/img/general/", "venue": {"like": false, "allowMenuUrlEdit": true, "location": {"address": "Birdwood Ave.", "state": "VIC", "lat": -37.82996069396489, "postalCode": "3004", "city": "Melbourne", "formattedAddress": ["Birdwood Ave.", "Melbourne VIC 3004", "Australia"], "lng": 144.97320622954936, "labeledLatLngs": [{"lng": 144.97320622954936, "label": "display", "lat": -37.82996069396489}], "country": "Australia", "cc": "AU"}, "id": "4b05874bf964a520988922e3", "beenHere": {"lastCheckinExpiredAt": 0}, "stats": {"checkinsCount": 5903, "tipCount": 43, "usersCount": 4352}, "url": "http://www.shrine.org.au", "categories": [{"id": "4bf58dd8d48988d12d941735", "primary": true, "icon": {"prefix": "https://ss3.4sqi.net/img/categories_v2/building/government_monument_", "suffix": ".png"}, "pluralName": "Monuments / Landmarks", "shortName": "Landmark", "name": "Monument / Landmark"}], "venuePage": {"id": "49823773"}, "verified": true, "contact": {"facebook": "190880997622334", "facebookName": "Shrine of Remembrance", "formattedPhone": "+61 3 9661 8100", "phone": "+61396618100", "facebookUsername": "shrineofremembrance", "twitter": "shrinemelbourne"}, "venueRatingBlacklisted": true, "name": "Shrine of Remembrance"}, "width": 612, "suffix": "/1134882_9WY_kfDNDReTdtNLX_cDfDw2LrQgQ91po5ZYzte6CSY.jpg"}, {"id": "51d8d51d498e0f9995077f5c", "createdAt": 1373164829, "height": 612, "visibility": "public", "source": {"url": "http://instagram.com", "name": "Instagram"}, "prefix": "https://igx.4sqi.net/img/general/", "venue": {"like": false, "menu": {"mobileUrl": "https://foursquare.com/v/4b10a369f964a520297423e3/device_menu", "url": "https://foursquare.com/v/sensory-lab/4b10a369f964a520297423e3/menu", "label": "Menu", "externalUrl": "http://sensorylab.com.au/collections/coffee-beans", "anchor": "View Menu", "type": "Menu"}, "allowMenuUrlEdit": true, "location": {"address": "297 Little Collins St.", "state": "VIC", "lat": -37.81484779703006, "postalCode": "3000", "city": "Melbourne", "formattedAddress": ["297 Little Collins St.", "Melbourne VIC 3000", "Australia"], "lng": 144.96503676635052, "labeledLatLngs": [{"lng": 144.96503676635052, "label": "display", "lat": -37.81484779703006}], "country": "Australia", "cc": "AU"}, "name": "Sensory Lab", "id": "4b10a369f964a520297423e3", "beenHere": {"lastCheckinExpiredAt": 0}, "stats": {"checkinsCount": 7487, "tipCount": 88, "usersCount": 2503}, "url": "http://www.sensorylab.com.au", "categories": [{"id": "4bf58dd8d48988d1e0931735", "primary": true, "icon": {"prefix": "https://ss3.4sqi.net/img/categories_v2/food/coffeeshop_", "suffix": ".png"}, "pluralName": "Coffee Shops", "shortName": "Coffee Shop", "name": "Coffee Shop"}], "verified": true, "hasMenu": true, "contact": {"facebook": "111858662189042", "facebookName": "Sensory Lab Specialty Coffee", "formattedPhone": "+61 3 9643 2222", "phone": "+61396432222", "facebookUsername": "SensoryLab", "twitter": "sensory_lab"}}, "width": 612, "suffix": "/1134882_FGismaeX2SyIlsaa0RtOqSIP943kCFRO6XCR61XJR9U.jpg"}, {"id": "51d808f5498e124ec4298294", "createdAt": 1373112565, "height": 612, "visibility": "public", "source": {"url": "http://instagram.com", "name": "Instagram"}, "prefix": "https://igx.4sqi.net/img/general/", "venue": {"id": "4dde183352b155583df9b62e", "like": false, "stats": {"checkinsCount": 6915, "tipCount": 241, "usersCount": 4825}, "url": "http://chinchinrestaurant.com.au", "beenHere": {"lastCheckinExpiredAt": 0}, "categories": [{"id": "4bf58dd8d48988d142941735", "primary": true, "icon": {"prefix": "https://ss3.4sqi.net/img/categories_v2/food/asian_", "suffix": ".png"}, "pluralName": "Asian Restaurants", "shortName": "Asian", "name": "Asian Restaurant"}], "verified": false, "allowMenuUrlEdit": true, "location": {"address": "125 Flinders Ln", "city": "Melbourne", "labeledLatLngs": [{"lng": 144.9701405710382, "label": "display", "lat": -37.815475089274386}], "cc": "AU", "crossStreet": "at Higson Ln", "state": "VIC", "lat": -37.815475089274386, "postalCode": "3000", "lng": 144.9701405710382, "neighborhood": "Melbourne CBD", "formattedAddress": ["125 Flinders Ln (at Higson Ln)", "Melbourne VIC 3000", "Australia"], "country": "Australia"}, "contact": {"twitter": "chinchinmelb", "formattedPhone": "+61 3 8663 2000", "phone": "+61386632000"}, "name": "Chin Chin"}, "width": 612, "suffix": "/1134882_Faj3c10kcCJUw9RFIsbVQxmcMtq9pjpFrHMtje3lkYc.jpg"}, {"id": "51d78bea498ef1b39c8edefb", "createdAt": 1373080554, "height": 612, "visibility": "public", "source": {"url": "http://instagram.com", "name": "Instagram"}, "prefix": "https://igx.4sqi.net/img/general/", "venue": {"id": "4b0b8222f964a520fc3123e3", "like": false, "stats": {"checkinsCount": 6372, "tipCount": 127, "usersCount": 2982}, "url": "http://www.auctionroomscafe.com.au", "beenHere": {"lastCheckinExpiredAt": 0}, "categories": [{"id": "4bf58dd8d48988d16d941735", "primary": true, "icon": {"prefix": "https://ss3.4sqi.net/img/categories_v2/food/cafe_", "suffix": ".png"}, "pluralName": "Caf\u00e9s", "shortName": "Caf\u00e9", "name": "Caf\u00e9"}], "verified": false, "allowMenuUrlEdit": true, "location": {"crossStreet": "Queensberry St", "labeledLatLngs": [{"lng": 144.94958728551865, "label": "display", "lat": -37.80251091181261}], "state": "VIC", "lat": -37.80251091181261, "postalCode": "3051", "city": "North Melbourne", "formattedAddress": ["103-107 Errol St (Queensberry St)", "North Melbourne VIC 3051", "Australia"], "lng": 144.94958728551865, "address": "103-107 Errol St", "country": "Australia", "cc": "AU"}, "contact": {"formattedPhone": "+61 3 9326 7749", "phone": "+61393267749"}, "name": "Auction Rooms"}, "width": 612, "suffix": "/1134882_pcCs1C-T9u35ondVDHrwmdWUV3V0e7s73neasJ0ESJA.jpg"}, {"id": "51d62017498e9b70416aeb67", "createdAt": 1372987415, "height": 612, "visibility": "public", "source": {"url": "http://instagram.com", "name": "Instagram"}, "prefix": "https://igx.4sqi.net/img/general/", "venue": {"like": false, "menu": {"anchor": "View Menu", "url": "https://foursquare.com/v/1000--bend/4b19d0aaf964a520ade423e3/menu", "label": "Menu", "type": "Menu", "mobileUrl": "https://foursquare.com/v/4b19d0aaf964a520ade423e3/device_menu"}, "allowMenuUrlEdit": true, "location": {"crossStreet": "Elizabeth St", "labeledLatLngs": [{"lng": 144.96125757694244, "label": "display", "lat": -37.811496149914454}], "state": "VIC", "lat": -37.811496149914454, "postalCode": "3000", "city": "Melbourne", "formattedAddress": ["361 Little Lonsdale St (Elizabeth St)", "Melbourne VIC 3000", "Australia"], "lng": 144.96125757694244, "address": "361 Little Lonsdale St", "country": "Australia", "cc": "AU"}, "name": "1000 \u00a3 Bend", "id": "4b19d0aaf964a520ade423e3", "beenHere": {"lastCheckinExpiredAt": 0}, "stats": {"checkinsCount": 6324, "tipCount": 94, "usersCount": 2736}, "url": "http://thousandpoundbend.com.au", "categories": [{"id": "4bf58dd8d48988d116941735", "primary": true, "icon": {"prefix": "https://ss3.4sqi.net/img/categories_v2/nightlife/pub_", "suffix": ".png"}, "pluralName": "Bars", "shortName": "Bar", "name": "Bar"}], "verified": false, "hasMenu": true, "contact": {"twitter": "1000poundbend", "formattedPhone": "+61 450 258 730", "phone": "+61450258730"}}, "width": 612, "suffix": "/1134882_UiKi4B5XxMccb3d7VkyMkOjFDkN10Qo13ID_mQBcsBU.jpg"}, {"id": "51d521b8498e252709106493", "createdAt": 1372922296, "height": 612, "visibility": "public", "source": {"url": "http://instagram.com", "name": "Instagram"}, "prefix": "https://igx.4sqi.net/img/general/", "venue": {"like": false, "menu": {"mobileUrl": "https://foursquare.com/v/4b0e7e43f964a520015823e3/device_menu", "url": "https://foursquare.com/v/stalactites/4b0e7e43f964a520015823e3/menu", "label": "Menu", "externalUrl": "http://www.stalactites.com.au/menu", "anchor": "View Menu", "type": "Menu"}, "allowMenuUrlEdit": true, "location": {"address": "183 Lonsdale St", "city": "Melbourne", "labeledLatLngs": [{"lng": 144.96705889006984, "label": "display", "lat": -37.810924277943336}], "cc": "AU", "crossStreet": "at Russell St", "state": "VIC", "lat": -37.810924277943336, "postalCode": "3000", "lng": 144.96705889006984, "neighborhood": "Greek Precinct", "formattedAddress": ["183 Lonsdale St (at Russell St)", "Melbourne VIC 3000", "Australia"], "country": "Australia"}, "name": "Stalactites", "id": "4b0e7e43f964a520015823e3", "beenHere": {"lastCheckinExpiredAt": 0}, "stats": {"checkinsCount": 6405, "tipCount": 93, "usersCount": 3873}, "url": "http://www.stalactites.com.au", "categories": [{"id": "4bf58dd8d48988d10e941735", "primary": true, "icon": {"prefix": "https://ss3.4sqi.net/img/categories_v2/food/greek_", "suffix": ".png"}, "pluralName": "Greek Restaurants", "shortName": "Greek", "name": "Greek Restaurant"}], "verified": false, "hasMenu": true, "contact": {"facebook": "150812204959316", "facebookName": "Stalactites Restaurant", "formattedPhone": "+61 3 9663 3316", "phone": "+61396633316", "facebookUsername": "stalactitesrestaurant", "twitter": "stalactitesrest"}}, "width": 612, "suffix": "/1134882_wXkZvCzYPGEC2gJhhstTTkjFQC-DU-DcVYjUIPDS70I.jpg"}, {"id": "51d51707498e74541ea34bf7", "createdAt": 1372919559, "height": 612, "visibility": "public", "source": {"url": "http://instagram.com", "name": "Instagram"}, "prefix": "https://igx.4sqi.net/img/general/", "venue": {"like": false, "allowMenuUrlEdit": true, "location": {"address": "390 Little Bourke St.", "state": "VIC", "lat": -37.81377638739382, "postalCode": "3000", "city": "Melbourne", "formattedAddress": ["390 Little Bourke St.", "Melbourne VIC 3000", "Australia"], "lng": 144.96127230383846, "labeledLatLngs": [{"lng": 144.96127230383846, "label": "display", "lat": -37.81377638739382}], "country": "Australia", "cc": "AU"}, "storeId": "", "id": "4e38c4c4d164102b036bda63", "beenHere": {"lastCheckinExpiredAt": 0}, "stats": {"checkinsCount": 1376, "tipCount": 24, "usersCount": 404}, "url": "http://www.nakedespressobar.com.au", "categories": [{"id": "4bf58dd8d48988d1e0931735", "primary": true, "icon": {"prefix": "https://ss3.4sqi.net/img/categories_v2/food/coffeeshop_", "suffix": ".png"}, "pluralName": "Coffee Shops", "shortName": "Coffee Shop", "name": "Coffee Shop"}], "verified": true, "contact": {"twitter": "nakedespressoco", "formattedPhone": "+61 3 9670 3569", "phone": "+61396703569"}, "name": "Naked Espresso Bar"}, "width": 612, "suffix": "/1134882_6fTObzuNI122aR78NglhYHJb24Vjw2_4zMpAG0qYm9Y.jpg"}, {"id": "51b41853498e781d0bddcd61", "createdAt": 1370757203, "height": 612, "visibility": "public", "source": {"url": "http://instagram.com", "name": "Instagram"}, "prefix": "https://igx.4sqi.net/img/general/", "venue": {"id": "4b7621a2f964a520cd3e2ee3", "like": false, "stats": {"checkinsCount": 81, "tipCount": 2, "usersCount": 77}, "url": "http://www.tapestrywines.com.au", "beenHere": {"lastCheckinExpiredAt": 0}, "categories": [{"id": "4bf58dd8d48988d14b941735", "primary": true, "icon": {"prefix": "https://ss3.4sqi.net/img/categories_v2/food/winery_", "suffix": ".png"}, "pluralName": "Wineries", "shortName": "Winery", "name": "Winery"}], "verified": false, "allowMenuUrlEdit": true, "location": {"crossStreet": "nr Chalk Hill Rd", "labeledLatLngs": [{"lng": 138.54558535127342, "label": "display", "lat": -35.203463290317856}], "state": "SA", "lat": -35.203463290317856, "postalCode": "5171", "city": "McLaren Vale", "formattedAddress": ["Lot 101 Olivers Rd (nr Chalk Hill Rd)", "McLaren Vale SA 5171", "Australia"], "lng": 138.54558535127342, "address": "Lot 101 Olivers Rd", "country": "Australia", "cc": "AU"}, "contact": {"formattedPhone": "+61 8 8323 9196", "phone": "+61883239196"}, "name": "Tapestry Winery"}, "width": 612, "suffix": "/1134882_F8hvdnYuaNaToFKzcntF_q51ASw2J5voJiGDRa86SU8.jpg"}, {"id": "51b3f53b498e0b23b7b67228", "createdAt": 1370748219, "height": 612, "visibility": "public", "source": {"url": "http://instagram.com", "name": "Instagram"}, "prefix": "https://igx.4sqi.net/img/general/", "venue": {"id": "4ee2a4130e61689f542fa50a", "like": false, "stats": {"checkinsCount": 82, "tipCount": 3, "usersCount": 46}, "beenHere": {"lastCheckinExpiredAt": 0}, "categories": [{"id": "4bf58dd8d48988d14b941735", "primary": true, "icon": {"prefix": "https://ss3.4sqi.net/img/categories_v2/food/winery_", "suffix": ".png"}, "pluralName": "Wineries", "shortName": "Winery", "name": "Winery"}], "verified": false, "allowMenuUrlEdit": true, "location": {"address": "Chaffeys Road", "state": "SA", "lat": -35.17635026634476, "city": "Mclaren Vale", "formattedAddress": ["Chaffeys Road", "McLaren Vale SA", "Australia"], "lng": 138.55480224106535, "labeledLatLngs": [{"lng": 138.55480224106535, "label": "display", "lat": -35.17635026634476}], "country": "Australia", "cc": "AU"}, "contact": {}, "name": "Rosemount Estate Cellar Door"}, "width": 612, "suffix": "/1134882_-tDmMAG060MwLuoHbbuuXZsqV_hC_Y93TlwKiC5obZk.jpg"}, {"id": "51b32df9498eab8b3bb3ec4a", "createdAt": 1370697209, "height": 612, "visibility": "public", "source": {"url": "http://instagram.com", "name": "Instagram"}, "prefix": "https://igx.4sqi.net/img/general/", "venue": {"id": "4b5a847ef964a5204cc928e3", "like": false, "stats": {"checkinsCount": 2886, "tipCount": 38, "usersCount": 683}, "url": "http://www.wheatsheafhotel.com.au", "beenHere": {"lastCheckinExpiredAt": 0}, "categories": [{"id": "4bf58dd8d48988d11b941735", "primary": true, "icon": {"prefix": "https://ss3.4sqi.net/img/categories_v2/nightlife/pub_", "suffix": ".png"}, "pluralName": "Pubs", "shortName": "Pub", "name": "Pub"}], "verified": false, "allowMenuUrlEdit": true, "location": {"address": "George St.", "state": "SA", "lat": -34.91883, "postalCode": "5031", "city": "Thebarton", "formattedAddress": ["George St.", "Thebarton SA 5031", "Australia"], "lng": 138.575283, "labeledLatLngs": [{"lng": 138.575283, "label": "display", "lat": -34.91883}], "country": "Australia", "cc": "AU"}, "contact": {"twitter": "thewheaty", "formattedPhone": "+61 8 8443 4546", "phone": "+61884434546"}, "name": "Wheatsheaf Hotel"}, "width": 612, "suffix": "/1134882_-cGqp7NAEnDYWEVdwOfTJSZUpjqdk70cpPy5z3EqUWA.jpg"}, {"id": "51aae82a498ec631642d25ca", "createdAt": 1370155050, "height": 612, "visibility": "public", "source": {"url": "http://instagram.com", "name": "Instagram"}, "prefix": "https://igx.4sqi.net/img/general/", "venue": {"id": "4b5fed10f964a520d3d029e3", "like": false, "stats": {"checkinsCount": 952, "tipCount": 4, "usersCount": 293}, "url": "http://www.adelaide.anglican.com.au", "beenHere": {"lastCheckinExpiredAt": 0}, "categories": [{"id": "4bf58dd8d48988d132941735", "primary": true, "icon": {"prefix": "https://ss3.4sqi.net/img/categories_v2/building/religious_church_", "suffix": ".png"}, "pluralName": "Churches", "shortName": "Church", "name": "Church"}], "verified": true, "location": {"address": "King William Rd.", "state": "SA", "lat": -34.91321257435452, "postalCode": "5006", "city": "North Adelaide", "formattedAddress": ["King William Rd.", "North Adelaide SA 5006", "Australia"], "lng": 138.5986890090599, "labeledLatLngs": [{"lng": 138.5986890090599, "label": "display", "lat": -34.91321257435452}], "country": "Australia", "cc": "AU"}, "contact": {}, "venueRatingBlacklisted": true, "name": "St Peter's Cathedral"}, "width": 612, "suffix": "/1134882_oHZgKomafJpVJJuXmpABkXI8bm6DZR3-o2rdSKjM73w.jpg"}, {"id": "51a5cda5498eb8bf3c0be474", "createdAt": 1369820581, "height": 612, "visibility": "public", "source": {"url": "http://instagram.com", "name": "Instagram"}, "prefix": "https://igx.4sqi.net/img/general/", "venue": {"id": "4fff098ae4b0302c9bbbd89c", "like": false, "stats": {"checkinsCount": 281, "tipCount": 0, "usersCount": 19}, "beenHere": {"lastCheckinExpiredAt": 0}, "categories": [{"id": "4bf58dd8d48988d1b2941735", "primary": true, "icon": {"prefix": "https://ss3.4sqi.net/img/categories_v2/building/gym_", "suffix": ".png"}, "pluralName": "College Gyms", "shortName": "Gym", "name": "College Gym"}], "verified": false, "location": {"crossStreet": "North Tce", "labeledLatLngs": [{"lng": 138.6065938804564, "label": "display", "lat": -34.92022622727803}], "state": "SA", "lat": -34.92022622727803, "postalCode": "5000", "city": "Adelaide", "formattedAddress": ["Corner North Tce and Frome Rd (North Tce)", "Adelaide SA 5000", "Australia"], "lng": 138.6065938804564, "address": "Corner North Tce and Frome Rd", "country": "Australia", "cc": "AU"}, "contact": {"formattedPhone": "83021496", "phone": "83021496"}, "venueRatingBlacklisted": true, "name": "UniSA - Health Science Fitness Centre"}, "width": 612, "suffix": "/1134882_Bh10UUQR2Lo9QEjX2MpH6TbjwHpFKKFA9lyW9V6TkZE.jpg"}, {"id": "51a4696b498e776dbfcdd267", "createdAt": 1369729387, "height": 612, "visibility": "public", "source": {"url": "http://instagram.com", "name": "Instagram"}, "prefix": "https://igx.4sqi.net/img/general/", "venue": {"id": "4e7c1f1d775b1336d3f4415a", "like": false, "stats": {"checkinsCount": 1593, "tipCount": 0, "usersCount": 223}, "beenHere": {"lastCheckinExpiredAt": 0}, "categories": [{"id": "4bf58dd8d48988d1f9931735", "primary": true, "icon": {"prefix": "https://ss3.4sqi.net/img/categories_v2/travel/highway_", "suffix": ".png"}, "pluralName": "Roads", "shortName": "Road", "name": "Road"}], "verified": false, "location": {"address": "North Terrace", "state": "SA", "lat": -34.92131929817, "postalCode": "5000", "city": "Adelaide", "formattedAddress": ["North Terrace", "Adelaide SA 5000", "Australia"], "lng": 138.6055274398257, "labeledLatLngs": [{"lng": 138.6055274398257, "label": "display", "lat": -34.92131929817}], "country": "Australia", "cc": "AU"}, "contact": {}, "venueRatingBlacklisted": true, "name": "North Terrace"}, "width": 612, "suffix": "/1134882_eqdisKi7-S7Nf-5boimAluJrBaQg3bRyepI7i28l4iw.jpg"}, {"id": "51a1a557498ea7254bee1e02", "createdAt": 1369548119, "height": 612, "visibility": "public", "source": {"url": "http://instagram.com", "name": "Instagram"}, "prefix": "https://igx.4sqi.net/img/general/", "venue": {"id": "4bf8dba95ec320a1ce7a89d3", "like": false, "stats": {"checkinsCount": 74, "tipCount": 1, "usersCount": 44}, "beenHere": {"lastCheckinExpiredAt": 0}, "categories": [{"id": "4bf58dd8d48988d15c941735", "primary": true, "icon": {"prefix": "https://ss3.4sqi.net/img/categories_v2/parks_outdoors/cemetery_", "suffix": ".png"}, "pluralName": "Cemeteries", "shortName": "Cemetery", "name": "Cemetery"}], "verified": false, "location": {"address": "West Terrace", "lat": -34.93355625326499, "country": "Australia", "lng": 138.5875526811373, "labeledLatLngs": [{"lng": 138.5875526811373, "label": "display", "lat": -34.93355625326499}], "formattedAddress": ["West Terrace", "Australia"], "cc": "AU"}, "contact": {}, "venueRatingBlacklisted": true, "name": "West Terrace Cemetery"}, "width": 612, "suffix": "/1134882_gDnZeXwX3w60cW0jDIhYIJnPOZd9wHO62uh2M9CSMWU.jpg"}, {"id": "519b629e498ea922c80fc4ef", "createdAt": 1369137822, "height": 612, "visibility": "public", "source": {"url": "http://instagram.com", "name": "Instagram"}, "prefix": "https://igx.4sqi.net/img/general/", "venue": {"id": "4d5e1529196ba0939dbefd55", "like": false, "stats": {"checkinsCount": 4244, "tipCount": 6, "usersCount": 279}, "url": "http://www.urbanest.com.au", "beenHere": {"lastCheckinExpiredAt": 0}, "categories": [{"id": "4bf58dd8d48988d1ee931735", "primary": true, "icon": {"prefix": "https://ss3.4sqi.net/img/categories_v2/travel/hostel_", "suffix": ".png"}, "pluralName": "Hostels", "shortName": "Hostel", "name": "Hostel"}], "verified": false, "allowMenuUrlEdit": true, "location": {"crossStreet": "at 140 North Tce.", "labeledLatLngs": [{"lng": 138.59765695852903, "label": "display", "lat": -34.922183152438315}], "state": "SA", "lat": -34.922183152438315, "postalCode": "5000", "city": "Adelaide", "formattedAddress": ["12 Bank St. (at 140 North Tce.)", "Adelaide SA 5000", "Australia"], "lng": 138.59765695852903, "address": "12 Bank St.", "country": "Australia", "cc": "AU"}, "contact": {"formattedPhone": "+61 2 9285 4163", "phone": "+61292854163"}, "name": "Urbanest"}, "width": 612, "suffix": "/1134882_QifJWnrZz1RjQ06YmJOIuZo8OkRYAVkPl-u1x6JDWc8.jpg"}, {"id": "51917f63498e954653e760e7", "createdAt": 1368489827, "height": 612, "visibility": "public", "source": {"url": "http://instagram.com", "name": "Instagram"}, "prefix": "https://igx.4sqi.net/img/general/", "venue": {"id": "4baeb81cf964a520e9d13be3", "like": false, "stats": {"checkinsCount": 339, "tipCount": 1, "usersCount": 116}, "beenHere": {"lastCheckinExpiredAt": 0}, "categories": [{"id": "4bf58dd8d48988d12d941735", "primary": true, "icon": {"prefix": "https://ss3.4sqi.net/img/categories_v2/building/government_monument_", "suffix": ".png"}, "pluralName": "Monuments / Landmarks", "shortName": "Landmark", "name": "Monument / Landmark"}], "verified": false, "location": {"crossStreet": "King William St", "labeledLatLngs": [{"lng": 138.5995645551191, "label": "display", "lat": -34.92119595619862}], "state": "SA", "lat": -34.92119595619862, "postalCode": "5000", "city": "Adelaide", "formattedAddress": ["North Tce (King William St)", "Adelaide SA 5000", "Australia"], "lng": 138.5995645551191, "address": "North Tce", "country": "Australia", "cc": "AU"}, "contact": {}, "venueRatingBlacklisted": true, "name": "Government House"}, "width": 612, "suffix": "/1134882_jaZtIa5pp_mb2uBudQ2Cc9fm3dXAsnRTei7pju616EA.jpg"}, {"id": "518f428e498ea3bcc446c0e3", "createdAt": 1368343182, "height": 612, "visibility": "public", "source": {"url": "http://instagram.com", "name": "Instagram"}, "prefix": "https://igx.4sqi.net/img/general/", "venue": {"id": "4baeb81cf964a520e9d13be3", "like": false, "stats": {"checkinsCount": 339, "tipCount": 1, "usersCount": 116}, "beenHere": {"lastCheckinExpiredAt": 0}, "categories": [{"id": "4bf58dd8d48988d12d941735", "primary": true, "icon": {"prefix": "https://ss3.4sqi.net/img/categories_v2/building/government_monument_", "suffix": ".png"}, "pluralName": "Monuments / Landmarks", "shortName": "Landmark", "name": "Monument / Landmark"}], "verified": false, "location": {"crossStreet": "King William St", "labeledLatLngs": [{"lng": 138.5995645551191, "label": "display", "lat": -34.92119595619862}], "state": "SA", "lat": -34.92119595619862, "postalCode": "5000", "city": "Adelaide", "formattedAddress": ["North Tce (King William St)", "Adelaide SA 5000", "Australia"], "lng": 138.5995645551191, "address": "North Tce", "country": "Australia", "cc": "AU"}, "contact": {}, "venueRatingBlacklisted": true, "name": "Government House"}, "width": 612, "suffix": "/1134882_d-n6-H0K-AOsPbYuElz6RkqjrWLT_g2qYosFX34_WA8.jpg"}, {"id": "518a0e5b498e3d5dd34e8364", "createdAt": 1368002139, "height": 612, "visibility": "public", "source": {"url": "http://instagram.com", "name": "Instagram"}, "prefix": "https://igx.4sqi.net/img/general/", "venue": {"like": false, "location": {"crossStreet": "Kintore Ave.", "labeledLatLngs": [{"lng": 138.6023820484174, "label": "display", "lat": -34.920850385301414}], "state": "SA", "lat": -34.920850385301414, "postalCode": "5000", "city": "Adelaide", "formattedAddress": ["North Tce. (Kintore Ave.)", "Adelaide SA 5000", "Australia"], "lng": 138.6023820484174, "address": "North Tce.", "country": "Australia", "cc": "AU"}, "storeId": "", "id": "4b973d32f964a52020fd34e3", "beenHere": {"lastCheckinExpiredAt": 0}, "stats": {"checkinsCount": 1878, "tipCount": 15, "usersCount": 782}, "url": "http://www.slsa.sa.gov.au", "categories": [{"id": "4bf58dd8d48988d12f941735", "primary": true, "icon": {"prefix": "https://ss3.4sqi.net/img/categories_v2/building/library_", "suffix": ".png"}, "pluralName": "Libraries", "shortName": "Library", "name": "Library"}], "venuePage": {"id": "34978230"}, "verified": true, "contact": {"facebook": "117655910858", "facebookName": "State Library of South Australia", "formattedPhone": "+61 8 8203 7990", "phone": "+61882037990", "facebookUsername": "StateLibrarySA", "twitter": "slsa"}, "venueRatingBlacklisted": true, "name": "State Library of South Australia"}, "width": 612, "suffix": "/1134882_obbOJuoKKyJZxLVFmNQRA9Y538NUTulg20SLWwzhawE.jpg"}, {"id": "51888980498e9011609369d4", "createdAt": 1367902592, "height": 612, "visibility": "public", "source": {"url": "http://instagram.com", "name": "Instagram"}, "prefix": "https://igx.4sqi.net/img/general/", "venue": {"id": "4b8f0c89f964a520714633e3", "like": false, "stats": {"checkinsCount": 1100, "tipCount": 17, "usersCount": 311}, "beenHere": {"lastCheckinExpiredAt": 0}, "categories": [{"id": "4bf58dd8d48988d145941735", "primary": true, "icon": {"prefix": "https://ss3.4sqi.net/img/categories_v2/food/asian_", "suffix": ".png"}, "pluralName": "Chinese Restaurants", "shortName": "Chinese", "name": "Chinese Restaurant"}], "verified": false, "allowMenuUrlEdit": true, "location": {"address": "21 Austin St.", "state": "SA", "lat": -34.922043, "postalCode": "5000", "city": "Adelaide", "formattedAddress": ["21 Austin St.", "Adelaide SA 5000", "Australia"], "lng": 138.604552, "labeledLatLngs": [{"lng": 138.604552, "label": "display", "lat": -34.922043}], "country": "Australia", "cc": "AU"}, "contact": {}, "name": "NanYang Cafe"}, "width": 612, "suffix": "/1134882_2VeaQuEOxkOU-Ix6Pnjw4QH6kV9vZfmaX1zcRg6o1d8.jpg"}, {"id": "51881bcd498e1ae75e3a0998", "createdAt": 1367874509, "height": 612, "visibility": "public", "source": {"url": "http://instagram.com", "name": "Instagram"}, "prefix": "https://igx.4sqi.net/img/general/", "venue": {"id": "4d5e1529196ba0939dbefd55", "like": false, "stats": {"checkinsCount": 4244, "tipCount": 6, "usersCount": 279}, "url": "http://www.urbanest.com.au", "beenHere": {"lastCheckinExpiredAt": 0}, "categories": [{"id": "4bf58dd8d48988d1ee931735", "primary": true, "icon": {"prefix": "https://ss3.4sqi.net/img/categories_v2/travel/hostel_", "suffix": ".png"}, "pluralName": "Hostels", "shortName": "Hostel", "name": "Hostel"}], "verified": false, "allowMenuUrlEdit": true, "location": {"crossStreet": "at 140 North Tce.", "labeledLatLngs": [{"lng": 138.59765695852903, "label": "display", "lat": -34.922183152438315}], "state": "SA", "lat": -34.922183152438315, "postalCode": "5000", "city": "Adelaide", "formattedAddress": ["12 Bank St. (at 140 North Tce.)", "Adelaide SA 5000", "Australia"], "lng": 138.59765695852903, "address": "12 Bank St.", "country": "Australia", "cc": "AU"}, "contact": {"formattedPhone": "+61 2 9285 4163", "phone": "+61292854163"}, "name": "Urbanest"}, "width": 612, "suffix": "/1134882_dP3nyv-MQiKpCTfebnN-HUyy7spBigtiLRex1hayj_c.jpg"}, {"id": "5181a2a4498eae7a1a23cfc5", "createdAt": 1367450276, "height": 612, "visibility": "public", "source": {"url": "http://instagram.com", "name": "Instagram"}, "prefix": "https://igx.4sqi.net/img/general/", "venue": {"id": "4b88406df964a5207bea31e3", "like": false, "stats": {"checkinsCount": 3687, "tipCount": 4, "usersCount": 466}, "url": "http://www.unisa.edu.au", "beenHere": {"lastCheckinExpiredAt": 0}, "categories": [{"id": "4bf58dd8d48988d198941735", "primary": true, "icon": {"prefix": "https://ss3.4sqi.net/img/categories_v2/education/academicbuilding_", "suffix": ".png"}, "pluralName": "College Academic Buildings", "shortName": "Academic Building", "name": "College Academic Building"}], "verified": false, "location": {"crossStreet": "Frome Road", "labeledLatLngs": [{"lng": 138.60716342926025, "label": "display", "lat": -34.920950587044004}], "state": "SA", "lat": -34.920950587044004, "postalCode": "5000", "city": "Adelaide", "formattedAddress": ["North Terrace (Frome Road)", "Adelaide SA 5000", "Australia"], "lng": 138.60716342926025, "address": "North Terrace", "country": "Australia", "cc": "AU"}, "contact": {"twitter": "universitysa", "formattedPhone": "+61 8 8302 6611", "phone": "+61883026611"}, "venueRatingBlacklisted": true, "name": "UniSA - City East Campus"}, "width": 612, "suffix": "/1134882_8FSDJiUmFkmLllgUUBsR91mHkRUH33DEFZx3JDJAhu0.jpg"}, {"id": "517f7d41e4b0052434af98de", "createdAt": 1367309633, "height": 612, "visibility": "public", "source": {"url": "http://instagram.com", "name": "Instagram"}, "prefix": "https://igx.4sqi.net/img/general/", "venue": {"id": "4d5e1529196ba0939dbefd55", "like": false, "stats": {"checkinsCount": 4244, "tipCount": 6, "usersCount": 279}, "url": "http://www.urbanest.com.au", "beenHere": {"lastCheckinExpiredAt": 0}, "categories": [{"id": "4bf58dd8d48988d1ee931735", "primary": true, "icon": {"prefix": "https://ss3.4sqi.net/img/categories_v2/travel/hostel_", "suffix": ".png"}, "pluralName": "Hostels", "shortName": "Hostel", "name": "Hostel"}], "verified": false, "allowMenuUrlEdit": true, "location": {"crossStreet": "at 140 North Tce.", "labeledLatLngs": [{"lng": 138.59765695852903, "label": "display", "lat": -34.922183152438315}], "state": "SA", "lat": -34.922183152438315, "postalCode": "5000", "city": "Adelaide", "formattedAddress": ["12 Bank St. (at 140 North Tce.)", "Adelaide SA 5000", "Australia"], "lng": 138.59765695852903, "address": "12 Bank St.", "country": "Australia", "cc": "AU"}, "contact": {"formattedPhone": "+61 2 9285 4163", "phone": "+61292854163"}, "name": "Urbanest"}, "width": 612, "suffix": "/1134882_E8MuuKu2S4skeEEowy708nCO9h44FblY3USMt_b8iRE.jpg"}, {"id": "515bae8de4b0bb2fce636f41", "createdAt": 1364962957, "height": 612, "visibility": "public", "source": {"url": "http://instagram.com", "name": "Instagram"}, "prefix": "https://igx.4sqi.net/img/general/", "venue": {"like": false, "location": {"crossStreet": "Kintore Ave.", "labeledLatLngs": [{"lng": 138.6023820484174, "label": "display", "lat": -34.920850385301414}], "state": "SA", "lat": -34.920850385301414, "postalCode": "5000", "city": "Adelaide", "formattedAddress": ["North Tce. (Kintore Ave.)", "Adelaide SA 5000", "Australia"], "lng": 138.6023820484174, "address": "North Tce.", "country": "Australia", "cc": "AU"}, "storeId": "", "id": "4b973d32f964a52020fd34e3", "beenHere": {"lastCheckinExpiredAt": 0}, "stats": {"checkinsCount": 1878, "tipCount": 15, "usersCount": 782}, "url": "http://www.slsa.sa.gov.au", "categories": [{"id": "4bf58dd8d48988d12f941735", "primary": true, "icon": {"prefix": "https://ss3.4sqi.net/img/categories_v2/building/library_", "suffix": ".png"}, "pluralName": "Libraries", "shortName": "Library", "name": "Library"}], "venuePage": {"id": "34978230"}, "verified": true, "contact": {"facebook": "117655910858", "facebookName": "State Library of South Australia", "formattedPhone": "+61 8 8203 7990", "phone": "+61882037990", "facebookUsername": "StateLibrarySA", "twitter": "slsa"}, "venueRatingBlacklisted": true, "name": "State Library of South Australia"}, "width": 612, "suffix": "/1134882_ro0Ak8dk_Bek_QNMkFA8ZdakFJ2QQceSojIiGrFZMkQ.jpg"}, {"id": "514d6cc0e4b045df9c44dcb9", "createdAt": 1364028608, "height": 612, "visibility": "public", "source": {"url": "http://instagram.com", "name": "Instagram"}, "prefix": "https://igx.4sqi.net/img/general/", "venue": {"like": false, "allowMenuUrlEdit": true, "location": {"address": "King William Rd", "state": "SA", "lat": -34.91982168479427, "postalCode": "5171", "city": "Adelaide", "formattedAddress": ["King William Rd", "Adelaide SA 5171", "Australia"], "lng": 138.59801890771587, "labeledLatLngs": [{"lng": 138.59801890771587, "label": "display", "lat": -34.91982168479427}], "country": "Australia", "cc": "AU"}, "storeId": "", "id": "4b692306f964a5200e9a2be3", "beenHere": {"lastCheckinExpiredAt": 0}, "stats": {"checkinsCount": 3879, "tipCount": 14, "usersCount": 1500}, "url": "https://www.facebook.com/FestivalCentre", "categories": [{"id": "4bf58dd8d48988d137941735", "primary": true, "icon": {"prefix": "https://ss3.4sqi.net/img/categories_v2/arts_entertainment/performingarts_theater_", "suffix": ".png"}, "pluralName": "Theaters", "shortName": "Theater", "name": "Theater"}], "verified": true, "contact": {"facebook": "108493079219922", "facebookName": "Adelaide Festival Centre", "formattedPhone": "+61 8 8216 8600", "phone": "+61882168600", "facebookUsername": "FestivalCentre", "twitter": "adelaidefescent"}, "name": "Adelaide Festival Centre"}, "width": 612, "suffix": "/1134882_qzYn4GEEl8Znpat6g0mb85rVP_yoIUkZoSEpS96BtlI.jpg"}, {"id": "5128526be4b0522e534cfebf", "createdAt": 1361597035, "height": 451, "visibility": "public", "source": {"url": "https://foursquare.com/download/#/iphone", "name": "Foursquare for iOS"}, "prefix": "https://igx.4sqi.net/img/general/", "venue": {"id": "4d3b60c3fa736ea8998c1f8a", "like": false, "stats": {"checkinsCount": 1604, "tipCount": 7, "usersCount": 811}, "beenHere": {"lastCheckinExpiredAt": 0}, "categories": [{"id": "4bf58dd8d48988d1e2941735", "primary": true, "icon": {"prefix": "https://ss3.4sqi.net/img/categories_v2/parks_outdoors/beach_", "suffix": ".png"}, "pluralName": "Beaches", "shortName": "Beach", "name": "Beach"}], "verified": false, "location": {"crossStreet": "at Main St", "labeledLatLngs": [{"lng": 138.4941631673264, "label": "display", "lat": -34.919793984863745}], "state": "South Australia", "lat": -34.919793984863745, "postalCode": "5022", "country": "Australia", "lng": 138.4941631673264, "address": "Seaview Rd", "formattedAddress": ["Seaview Rd (at Main St)", "Henley Beach SA 5022", "Australia"], "cc": "AU"}, "contact": {}, "name": "Henley Beach"}, "width": 960, "suffix": "/1134882_ZaGRfQ-FkeV7H_E2pkbHXJahCS9CfPsV5ma3I32uyO8.jpg"}, {"id": "51025cd5e4b058a38680a3b7", "createdAt": 1359109333, "height": 960, "visibility": "public", "source": {"url": "https://foursquare.com/download/#/iphone", "name": "Foursquare for iOS"}, "prefix": "https://igx.4sqi.net/img/general/", "venue": {"id": "4b8a56c2f964a520226932e3", "like": false, "stats": {"checkinsCount": 373797, "tipCount": 255, "usersCount": 92448}, "url": "http://www.siamcenter.co.th", "beenHere": {"lastCheckinExpiredAt": 0}, "categories": [{"id": "4bf58dd8d48988d1fd941735", "primary": true, "icon": {"prefix": "https://ss3.4sqi.net/img/categories_v2/shops/mall_", "suffix": ".png"}, "pluralName": "Shopping Malls", "shortName": "Mall", "name": "Shopping Mall"}], "verified": false, "location": {"state": "\u0e01\u0e23\u0e38\u0e07\u0e40\u0e17\u0e1e\u0e21\u0e2b\u0e32\u0e19\u0e04\u0e23", "lat": 13.746188052330604, "postalCode": "10330", "city": "\u0e1b\u0e17\u0e38\u0e21\u0e27\u0e31\u0e19", "formattedAddress": ["430 Rama I Rd", "\u0e1b\u0e17\u0e38\u0e21\u0e27\u0e31\u0e19", "\u0e01\u0e23\u0e38\u0e07\u0e40\u0e17\u0e1e\u0e21\u0e2b\u0e32\u0e19\u0e04\u0e23 10330", "\u0e1b\u0e23\u0e30\u0e40\u0e17\u0e28\u0e44\u0e17\u0e22"], "lng": 100.53299809067182, "address": "430 Rama I Rd", "country": "\u0e1b\u0e23\u0e30\u0e40\u0e17\u0e28\u0e44\u0e17\u0e22", "cc": "TH"}, "contact": {"facebookUsername": "SiamCenter", "facebook": "149181595103955", "facebookName": "Siam Center", "formattedPhone": "+66 2 658 1000", "phone": "+6626581000"}, "name": "Siam Center (\u0e2a\u0e22\u0e32\u0e21\u0e40\u0e0b\u0e47\u0e19\u0e40\u0e15\u0e2d\u0e23\u0e4c)"}, "width": 720, "suffix": "/1134882_ZkWSIUQDOEElEpSUU0E9OQNH3XrfTURAqhIfxM8wxFE.jpg"}, {"id": "50d44ffde4b07cc78ca3f5d6", "createdAt": 1356091389, "height": 612, "visibility": "public", "source": {"url": "http://instagram.com", "name": "Instagram"}, "prefix": "https://igx.4sqi.net/img/general/", "venue": {"id": "4fafb78fe4b09cca61fede9a", "like": false, "stats": {"checkinsCount": 20751, "tipCount": 53, "usersCount": 16517}, "url": "http://www.chaophrayaexpressboat.com", "beenHere": {"lastCheckinExpiredAt": 0}, "categories": [{"id": "4e74f6cabd41c4836eac4c31", "primary": true, "icon": {"prefix": "https://ss3.4sqi.net/img/categories_v2/travel/ferry_pier_", "suffix": ".png"}, "pluralName": "Piers", "shortName": "Piers", "name": "Pier"}], "verified": false, "location": {"address": "Asiatique The Riverfront", "state": "\u0e01\u0e23\u0e38\u0e07\u0e40\u0e17\u0e1e\u0e21\u0e2b\u0e32\u0e19\u0e04\u0e23", "lat": 13.70499656114174, "postalCode": "10120", "city": "\u0e1a\u0e32\u0e07\u0e04\u0e2d\u0e41\u0e2b\u0e25\u0e21", "formattedAddress": ["Asiatique The Riverfront", "\u0e1a\u0e32\u0e07\u0e04\u0e2d\u0e41\u0e2b\u0e25\u0e21", "\u0e01\u0e23\u0e38\u0e07\u0e40\u0e17\u0e1e\u0e21\u0e2b\u0e32\u0e19\u0e04\u0e23 10120", "\u0e1b\u0e23\u0e30\u0e40\u0e17\u0e28\u0e44\u0e17\u0e22"], "lng": 100.50208123334751, "labeledLatLngs": [{"lng": 100.50208123334751, "label": "display", "lat": 13.70499656114174}], "country": "\u0e1b\u0e23\u0e30\u0e40\u0e17\u0e28\u0e44\u0e17\u0e22", "cc": "TH"}, "contact": {"facebook": "319048254846313", "facebookName": "Asiatique The Riverfront (\u0e40\u0e2d\u0e40\u0e0a\u0e35\u0e22\u0e17\u0e35\u0e04 \u0e40\u0e14\u0e2d\u0e30 \u0e23\u0e34\u0e40\u0e27\u0e2d\u0e23\u0e4c\u0e1f\u0e23\u0e49\u0e2d\u0e19\u0e17\u0e4c ...", "formattedPhone": "+66 2 623 6001", "phone": "+6626236001"}, "venueRatingBlacklisted": true, "name": "Asiatique The Riverfront Pier (\u0e17\u0e48\u0e32\u0e40\u0e23\u0e37\u0e2d\u0e40\u0e2d\u0e40\u0e0a\u0e35\u0e22\u0e17\u0e35\u0e04 \u0e40\u0e14\u0e2d\u0e30 \u0e23\u0e34\u0e40\u0e27\u0e2d\u0e23\u0e4c\u0e1f\u0e23\u0e49\u0e2d\u0e19\u0e17\u0e4c)"}, "width": 612, "suffix": "/1134882_bILWOmW0gwzBmCepjWtH1igOBzbeYqulc4SgU9CKCuE.jpg"}, {"id": "50d282fbe4b03521cb6047a0", "createdAt": 1355973371, "height": 960, "visibility": "public", "source": {"url": "https://foursquare.com/download/#/iphone", "name": "Foursquare for iOS"}, "prefix": "https://igx.4sqi.net/img/general/", "venue": {"id": "4b55aca4f964a52059eb27e3", "like": false, "stats": {"checkinsCount": 63100, "tipCount": 64, "usersCount": 15578}, "url": "http://www.bangkokmetro.co.th", "beenHere": {"lastCheckinExpiredAt": 0}, "categories": [{"id": "4bf58dd8d48988d1fd931735", "primary": true, "icon": {"prefix": "https://ss3.4sqi.net/img/categories_v2/travel/subway_", "suffix": ".png"}, "pluralName": "Metro Stations", "shortName": "Metro", "name": "Metro Station"}], "verified": false, "location": {"crossStreet": "Phetchaburi Rd", "state": "\u0e01\u0e23\u0e38\u0e07\u0e40\u0e17\u0e1e\u0e21\u0e2b\u0e32\u0e19\u0e04\u0e23", "lat": 13.74932918057433, "postalCode": "10400", "city": "\u0e23\u0e32\u0e0a\u0e40\u0e17\u0e27\u0e35", "formattedAddress": ["Asok-Din Daeng Rd (Phetchaburi Rd)", "\u0e23\u0e32\u0e0a\u0e40\u0e17\u0e27\u0e35", "\u0e01\u0e23\u0e38\u0e07\u0e40\u0e17\u0e1e\u0e21\u0e2b\u0e32\u0e19\u0e04\u0e23 10400", "\u0e1b\u0e23\u0e30\u0e40\u0e17\u0e28\u0e44\u0e17\u0e22"], "lng": 100.5635791698686, "address": "Asok-Din Daeng Rd", "country": "\u0e1b\u0e23\u0e30\u0e40\u0e17\u0e28\u0e44\u0e17\u0e22", "cc": "TH"}, "contact": {"facebook": "252903809515", "facebookName": "BEM Metro Business", "formattedPhone": "+66 2 624 5200", "phone": "+6626245200", "facebookUsername": "BEM.MRT", "twitter": "bem_mrt"}, "venueRatingBlacklisted": true, "name": "MRT Phetchaburi (PET) (MRT \u0e40\u0e1e\u0e0a\u0e23\u0e1a\u0e38\u0e23\u0e35)"}, "width": 720, "suffix": "/1134882_8M_6Hbrz-996pf2zp_bNWZ0j5wYqEA6qDSjPPK1_TcU.jpg"}], "count": 57}, "totalCount": 57}, "meta": {"code": 200, "requestId": "595a854cf594df3c73bbedf1"}, "notifications": [{"item": {"unreadCount": 0}, "type": "notificationTray"}]}