{"meta": {"code": 200, "requestId": "595b3f1c6a6071143950142f"}, "notifications": [{"item": {"unreadCount": 0}, "type": "notificationTray"}], "response": {"photos": {"items": [{"height": 960, "source": {"url": "https://foursquare.com/download/#/android", "name": "Foursquare for Android"}, "width": 720, "prefix": "https://igx.4sqi.net/img/general/", "createdAt": 1361544446, "id": "512784fee4b0052c9a70b7a5", "venue": {"url": "http://www.udders.com.sg", "like": false, "location": {"formattedAddress": ["246D Upper Thomson Rd. (Thomson Garden Estate)", "574370", "Singapore"], "city": "Singapore", "lng": 103.83430899564812, "cc": "SG", "country": "Singapore", "crossStreet": "Thomson Garden Estate", "lat": 1.3535481549197061, "address": "246D Upper Thomson Rd.", "labeledLatLngs": [{"label": "display", "lat": 1.3535481549197061, "lng": 103.83430899564812}], "postalCode": "574370"}, "categories": [{"icon": {"prefix": "https://ss3.4sqi.net/img/categories_v2/food/icecream_", "suffix": ".png"}, "name": "Ice Cream Shop", "id": "4bf58dd8d48988d1c9941735", "pluralName": "Ice Cream Shops", "primary": true, "shortName": "Ice Cream"}], "verified": false, "contact": {"formattedPhone": "+65 6452 0803", "phone": "+6564520803", "instagram": "uddersicecream"}, "allowMenuUrlEdit": true, "stats": {"tipCount": 33, "usersCount": 4731, "checkinsCount": 8415}, "id": "4f842c0ae4b0355f6898d865", "name": "Udders", "beenHere": {"lastCheckinExpiredAt": 0}}, "suffix": "/1135714_okNlIH4ZF6FAm4nZk7QMZIHYKUcIU73s4lBs7N2n67o.jpg", "visibility": "public"}], "count": 1}, "totalCount": 1}}