{"meta": {"code": 200, "requestId": "595af223f594df3c59a415d1"}, "notifications": [{"item": {"unreadCount": 0}, "type": "notificationTray"}], "response": {"photos": {"items": [{"height": 720, "source": {"url": "https://foursquare.com/download/#/iphone", "name": "Foursquare for iOS"}, "tip": {"agreeCount": 1, "canonicalUrl": "https://foursquare.com/item/5221a0b511d2da59a04fcf2f", "todo": {"count": 0}, "logView": true, "disagreeCount": 0, "createdAt": 1377935541, "id": "5221a0b511d2da59a04fcf2f", "text": "Try Mango Pie, it's my fave! Crusty bottom with mango toppings :)", "likes": {"groups": [{"items": [{"photo": {"prefix": "https://igx.4sqi.net/img/user/", "suffix": "/2832533_0BdFoucg_HvaAT_EWq1SneSZFe1-CX0Bu-RFy7fzF5JtCoqU-KouZi9wMCgkkSwDIUnJ_hdYy.jpg"}, "id": "2832533", "firstName": "Nigel \u0e44\u0e19\u0e40\u0e08\u0e25", "gender": "male", "lastName": "Choi"}], "count": 1, "type": "others"}], "count": 1, "summary": "1 like"}, "like": false, "type": "user"}, "width": 720, "prefix": "https://igx.4sqi.net/img/general/", "createdAt": 1377935543, "id": "5221a0b711d277a648f33e1b", "venue": {"url": "http://www.cakeflor.com.sg", "like": false, "location": {"formattedAddress": ["2 Duxton Hill, #01-01 (cnr Duxton Rd & Duxton Hill)", "089588", "Singapore"], "city": "Singapore", "lng": 103.84323670192803, "cc": "SG", "country": "Singapore", "crossStreet": "cnr Duxton Rd & Duxton Hill", "lat": 1.2792386695295617, "address": "2 Duxton Hill, #01-01", "labeledLatLngs": [{"label": "display", "lat": 1.2792386695295617, "lng": 103.84323670192803}], "postalCode": "089588"}, "categories": [{"icon": {"prefix": "https://ss3.4sqi.net/img/categories_v2/food/bakery_", "suffix": ".png"}, "name": "Bakery", "id": "4bf58dd8d48988d16a941735", "pluralName": "Bakeries", "primary": true, "shortName": "Bakery"}], "verified": false, "contact": {"formattedPhone": "+65 6223 8628", "phone": "+6562238628"}, "allowMenuUrlEdit": true, "stats": {"tipCount": 47, "usersCount": 1009, "checkinsCount": 1812}, "id": "4c480b2d3194b71312369a13", "name": "Flor Patisserie", "beenHere": {"lastCheckinExpiredAt": 0}}, "suffix": "/1135395_r1RaodHPNfghWVFcYpUpKO6ISRtf07v1prRETxkUH7g.jpg", "visibility": "public"}, {"height": 720, "source": {"url": "https://foursquare.com/download/#/iphone", "name": "Foursquare for iOS"}, "tip": {"agreeCount": 0, "canonicalUrl": "https://foursquare.com/item/5218409e11d238188e15b80a", "todo": {"count": 0}, "logView": true, "disagreeCount": 0, "createdAt": 1377321118, "id": "5218409e11d238188e15b80a", "text": "Organic vege sushi ~ refreshing~", "likes": {"groups": [], "count": 0}, "like": false, "type": "user"}, "width": 720, "prefix": "https://igx.4sqi.net/img/general/", "createdAt": 1377321121, "id": "521840a111d2793e045ab411", "venue": {"location": {"formattedAddress": ["434 Upper Bukit Timah Road (The Rail Mall)", "678060", "Singapore"], "city": "Singapore", "lng": 103.76737280413604, "cc": "SG", "country": "Singapore", "crossStreet": "The Rail Mall", "lat": 1.359248058616488, "address": "434 Upper Bukit Timah Road", "labeledLatLngs": [{"label": "display", "lat": 1.359248058616488, "lng": 103.76737280413604}], "postalCode": "678060", "neighborhood": "Hillview"}, "contact": {"formattedPhone": "+65 6892 2383", "phone": "+6568922383", "facebookName": "SunnyChoice Organics", "facebookUsername": "SunnyChoice", "facebook": "217709215027817"}, "verified": false, "allowMenuUrlEdit": true, "stats": {"tipCount": 21, "usersCount": 148, "checkinsCount": 251}, "menu": {"url": "http://sunnychoice.com.sg/cafe.html", "label": "Products", "anchor": "View Products", "mobileUrl": "http://sunnychoice.com.sg/cafe.html", "type": "Products", "externalUrl": "http://sunnychoice.com.sg/cafe.html"}, "beenHere": {"lastCheckinExpiredAt": 0}, "url": "http://sunnychoice.com.sg", "like": false, "categories": [{"icon": {"prefix": "https://ss3.4sqi.net/img/categories_v2/shops/food_grocery_", "suffix": ".png"}, "name": "Health Food Store", "id": "50aa9e744b90af0d42d5de0e", "pluralName": "Health Food Stores", "primary": true, "shortName": "Health Food Store"}], "id": "4b0a1540f964a520a02123e3", "name": "Sunny Choice"}, "suffix": "/1135395_XEpPQLDrFb-mxM1TPdJXoj5fTzTt7CrgQ37H3w6FCpU.jpg", "visibility": "public"}, {"height": 720, "source": {"url": "https://foursquare.com/download/#/iphone", "name": "Foursquare for iOS"}, "width": 720, "prefix": "https://igx.4sqi.net/img/general/", "createdAt": 1371274961, "id": "51bbfed1498e5879117235a3", "venue": {"like": false, "location": {"city": "Se", "lng": 113.54358614366662, "cc": "MO", "state": "Municipality of Macau", "neighborhood": "Cathedral Parish", "lat": 22.190479066439742, "address": "2/F, Avenida de Lisboa", "labeledLatLngs": [{"label": "display", "lat": 22.190479066439742, "lng": 113.54358614366662}], "formattedAddress": ["2/F, Avenida de Lisboa", "\u6fb3\u95e8"], "country": "\u6fb3\u95e8"}, "categories": [{"icon": {"prefix": "https://ss3.4sqi.net/img/categories_v2/food/asian_", "suffix": ".png"}, "name": "Cantonese Restaurant", "id": "52af3a7c3cf9994f4e043bed", "pluralName": "Cantonese Restaurants", "primary": true, "shortName": "Cantonese"}], "verified": false, "contact": {"formattedPhone": "+853 8803 7788", "phone": "+85388037788"}, "allowMenuUrlEdit": true, "stats": {"tipCount": 21, "usersCount": 405, "checkinsCount": 544}, "id": "4d8f25855091a1cd1d6f9f01", "name": "8\u9910\u5ef3 The Eight", "beenHere": {"lastCheckinExpiredAt": 0}}, "suffix": "/1135395_NFB1H1RQNMnXLk8qZIYabljmHvfOnuR94VlVdv3WYv8.jpg", "visibility": "public"}, {"height": 720, "source": {"url": "https://foursquare.com/download/#/iphone", "name": "Foursquare for iOS"}, "width": 720, "prefix": "https://igx.4sqi.net/img/general/", "createdAt": 1370668444, "id": "51b2bd9c498ee782e96a76a1", "venue": {"closed": true, "like": false, "location": {"formattedAddress": ["22 Lim Tua Tow Road", "547772", "Singapore"], "city": "Singapore", "lng": 103.87699971526756, "cc": "SG", "country": "Singapore", "lat": 1.3538844891168735, "address": "22 Lim Tua Tow Road", "postalCode": "547772"}, "categories": [{"icon": {"prefix": "https://ss3.4sqi.net/img/categories_v2/food/icecream_", "suffix": ".png"}, "name": "Ice Cream Shop", "id": "4bf58dd8d48988d1c9941735", "pluralName": "Ice Cream Shops", "primary": true, "shortName": "Ice Cream"}], "verified": false, "contact": {"formattedPhone": "+65 6283 7680", "phone": "+6562837680"}, "allowMenuUrlEdit": true, "stats": {"tipCount": 19, "usersCount": 335, "checkinsCount": 661}, "id": "4fc9bd1be4b0e0e7c29d6e0e", "name": "The Factory", "beenHere": {"lastCheckinExpiredAt": 0}}, "suffix": "/1135395_MhLWzqH1lz8PdWk-H8fmjiWR9XPtA2ucnIiN13AnZ-4.jpg", "visibility": "public"}, {"height": 1440, "source": {"url": "https://foursquare.com/download/#/iphone", "name": "Foursquare for iOS"}, "width": 1440, "prefix": "https://igx.4sqi.net/img/general/", "createdAt": 1367073797, "id": "517be405e4b0a4828568184b", "venue": {"closed": true, "like": false, "location": {"formattedAddress": ["#01-22/23, Raffles Hotel (1 Beach Rd)", "189673", "Singapore"], "city": "Singapore", "lng": 103.85428816967676, "cc": "SG", "country": "Singapore", "crossStreet": "1 Beach Rd", "lat": 1.2962318676041544, "address": "#01-22/23, Raffles Hotel", "labeledLatLngs": [{"label": "display", "lat": 1.2962318676041544, "lng": 103.85428816967676}], "postalCode": "189673"}, "categories": [{"icon": {"prefix": "https://ss3.4sqi.net/img/categories_v2/food/default_", "suffix": ".png"}, "name": "Restaurant", "id": "4bf58dd8d48988d1c4941735", "pluralName": "Restaurants", "primary": true, "shortName": "Restaurant"}], "verified": false, "contact": {"formattedPhone": "+65 9639 1148", "phone": "+6596391148"}, "allowMenuUrlEdit": true, "stats": {"tipCount": 18, "usersCount": 567, "checkinsCount": 804}, "id": "50816cffe4b00dbb9c7f8282", "name": "Halia Restaurant", "beenHere": {"lastCheckinExpiredAt": 0}}, "suffix": "/1135395_tPQszlAtxha5EZf8QQ25CoPnQKH8jDMdRY9B9VYiEDs.jpg", "visibility": "public"}, {"height": 540, "source": {"url": "https://foursquare.com/download/#/iphone", "name": "Foursquare for iOS"}, "width": 540, "prefix": "https://igx.4sqi.net/img/general/", "createdAt": 1355830380, "id": "50d0546ce4b02a2c23faf2f7", "venue": {"url": "http://tsukadanojo.asia/en", "like": false, "location": {"formattedAddress": ["#03-81 Plaza Singapura (Orchard Road & Oldham Lane)", "238891", "Singapore"], "city": "Singapore", "lng": 103.84499174178369, "cc": "SG", "state": "Singaopore", "crossStreet": "Orchard Road & Oldham Lane", "lat": 1.299650364763309, "address": "#03-81 Plaza Singapura", "labeledLatLngs": [{"label": "display", "lat": 1.299650364763309, "lng": 103.84499174178369}], "postalCode": "238891", "country": "Singapore"}, "categories": [{"icon": {"prefix": "https://ss3.4sqi.net/img/categories_v2/food/japanese_", "suffix": ".png"}, "name": "Japanese Restaurant", "id": "4bf58dd8d48988d111941735", "pluralName": "Japanese Restaurants", "primary": true, "shortName": "Japanese"}], "verified": false, "contact": {"formattedPhone": "+65 6336 5003", "phone": "+6563365003"}, "allowMenuUrlEdit": true, "stats": {"tipCount": 36, "usersCount": 1080, "checkinsCount": 1560}, "id": "506e58eae4b0d410cdc03686", "name": "Tsukada Nojo \u585a\u7530\u8fb2\u5834 Japanese \"Bijin Nabe\" Restaurant", "beenHere": {"lastCheckinExpiredAt": 0}}, "suffix": "/1135395_geSWJxhG8Ca7fd-B2RDQGtpi9yIXgyINANQqW5oHKvA.jpg", "visibility": "public"}, {"height": 540, "source": {"url": "https://foursquare.com/download/#/iphone", "name": "Foursquare for iOS"}, "width": 540, "prefix": "https://igx.4sqi.net/img/general/", "createdAt": 1354423677, "id": "50badd7de4b0e015e5c61567", "venue": {"closed": true, "like": false, "location": {"city": "\u53f0\u5317\u5e02", "lng": 121.537957, "cc": "TW", "country": "\u81fa\u7063", "lat": 25.02735, "address": "\u5efa\u570b\u5357\u8def\u4e8c\u6bb5193\u865f", "formattedAddress": ["\u5efa\u570b\u5357\u8def\u4e8c\u6bb5193\u865f", "\u53f0\u5317\u5e02", "\u81fa\u7063"]}, "categories": [{"icon": {"prefix": "https://ss3.4sqi.net/img/categories_v2/food/cafe_", "suffix": ".png"}, "name": "Caf\u00e9", "id": "4bf58dd8d48988d16d941735", "pluralName": "Caf\u00e9s", "primary": true, "shortName": "Caf\u00e9"}], "verified": false, "contact": {"formattedPhone": "+886 2 2707 8748", "phone": "+886227078748"}, "allowMenuUrlEdit": true, "stats": {"tipCount": 4, "usersCount": 83, "checkinsCount": 217}, "id": "4c302505213c2d7fdc29325d", "name": "\u9662\u5b50\u5496\u5561\u9928", "beenHere": {"lastCheckinExpiredAt": 0}}, "suffix": "/1135395_8pM2f_pmGhyJdvbf9Q14yP1KStEr9ys6iVFrqIImSi8.jpg", "visibility": "public"}, {"height": 540, "source": {"url": "https://foursquare.com/download/#/iphone", "name": "Foursquare for iOS"}, "width": 540, "prefix": "https://igx.4sqi.net/img/general/", "createdAt": 1334231348, "id": "4f86c134e4b0eb95c5096777", "venue": {"url": "http://www.switchmusic.sg", "like": false, "location": {"formattedAddress": ["#01-02/03, NTUC Trade Union House (73 Bras Basah Rd)", "189556", "Singapore"], "city": "Singapore", "lng": 103.85134970504419, "cc": "SG", "country": "Singapore", "crossStreet": "73 Bras Basah Rd", "lat": 1.296490405951383, "address": "#01-02/03, NTUC Trade Union House", "labeledLatLngs": [{"label": "display", "lat": 1.296490405951383, "lng": 103.85134970504419}], "postalCode": "189556"}, "categories": [{"icon": {"prefix": "https://ss3.4sqi.net/img/categories_v2/food/gastropub_", "suffix": ".png"}, "name": "Gastropub", "id": "4bf58dd8d48988d155941735", "pluralName": "Gastropubs", "primary": true, "shortName": "Gastropub"}], "verified": false, "contact": {"formattedPhone": "+65 6336 7739", "phone": "+6563367739"}, "allowMenuUrlEdit": true, "stats": {"tipCount": 39, "usersCount": 3066, "checkinsCount": 5179}, "id": "4eeca7af722ea77616a57fe6", "name": "Switch by Timbre", "beenHere": {"lastCheckinExpiredAt": 0}}, "suffix": "/yI3GCUAvLKwO6SqFWR2HrsQfQmN6Es4xf8mYuWRo5Bs.jpg", "visibility": "public"}, {"height": 540, "source": {"url": "https://foursquare.com/download/#/iphone", "name": "Foursquare for iOS"}, "width": 540, "prefix": "https://igx.4sqi.net/img/general/", "createdAt": 1317789685, "id": "4e8bdff5cc2112f67537f202", "venue": {"closed": true, "like": false, "location": {"lng": 103.85056838987687, "cc": "SG", "country": "Singapore", "lat": 1.2805090269659962, "address": "Lau Pa Sat #31-32", "crossStreet": "18 Raffles Quay", "formattedAddress": ["Lau Pa Sat #31-32 (18 Raffles Quay)", "Singapore"]}, "categories": [{"icon": {"prefix": "https://ss3.4sqi.net/img/categories_v2/food/japanese_", "suffix": ".png"}, "name": "Japanese Restaurant", "id": "4bf58dd8d48988d111941735", "pluralName": "Japanese Restaurants", "primary": true, "shortName": "Japanese"}], "verified": false, "contact": {}, "allowMenuUrlEdit": true, "stats": {"tipCount": 5, "usersCount": 54, "checkinsCount": 213}, "id": "4e60a4c8aeb73603141d1eb1", "name": "UDON FACTORY \u85e4\u4e95\u88fd\u9eba\u6240", "beenHere": {"lastCheckinExpiredAt": 0}}, "suffix": "/AT2RERVKK2VZ5LTXQEYUHWTFMJOZTCG5HAMUHXUEL31WBETJ.jpg", "visibility": "public"}], "count": 9}, "totalCount": 9}}