{"meta": {"code": 200, "requestId": "595b17fc6a6071143987fc38"}, "notifications": [{"item": {"unreadCount": 0}, "type": "notificationTray"}], "response": {"photos": {"items": [{"height": 720, "source": {"url": "https://foursquare.com/download/#/android", "name": "Foursquare for Android"}, "width": 960, "prefix": "https://igx.4sqi.net/img/general/", "createdAt": 1374838758, "id": "51f25fe6498e9a1b2225026f", "venue": {"like": false, "location": {"formattedAddress": ["1 Orchid Club Road, #02-37 (Orchid Country Club)", "769162", "Singapore"], "city": "Singapore", "lng": 103.84358770808466, "cc": "SG", "country": "Singapore", "crossStreet": "Orchid Country Club", "lat": 1.411293590046142, "address": "1 Orchid Club Road, #02-37", "labeledLatLngs": [{"label": "display", "lat": 1.411293590046142, "lng": 103.84358770808466}], "postalCode": "769162"}, "categories": [{"icon": {"prefix": "https://ss3.4sqi.net/img/categories_v2/arts_entertainment/bowling_", "suffix": ".png"}, "name": "Bowling Alley", "id": "4bf58dd8d48988d1e4931735", "pluralName": "Bowling Alleys", "primary": true, "shortName": "Bowling Alley"}], "verified": false, "contact": {"formattedPhone": "+65 6759 4448", "phone": "+6567594448"}, "allowMenuUrlEdit": true, "stats": {"tipCount": 7, "usersCount": 2074, "checkinsCount": 5201}, "id": "4bdab00fc79cc9283d667fe9", "name": "Orchid Bowl", "beenHere": {"lastCheckinExpiredAt": 0}}, "suffix": "/1139458_SLWywNiEi6CW4RBALBRx9Cptg4tGJNGVPWHI67jphvE.jpg", "visibility": "public"}, {"height": 960, "source": {"url": "https://foursquare.com/download/#/android", "name": "Foursquare for Android"}, "width": 720, "prefix": "https://igx.4sqi.net/img/general/", "createdAt": 1369893429, "id": "51a6ea35498eb644e9aaeedb", "venue": {"closed": true, "like": false, "location": {"formattedAddress": ["#04-45-49 Plaza Singapura (68 Orchard Rd.)", "238839", "Singapore"], "city": "Singapore", "lng": 103.8452408460528, "cc": "SG", "country": "Singapore", "lat": 1.2994139783425187, "address": "#04-45-49 Plaza Singapura", "crossStreet": "68 Orchard Rd.", "postalCode": "238839"}, "categories": [{"icon": {"prefix": "https://ss3.4sqi.net/img/categories_v2/food/default_", "suffix": ".png"}, "name": "Buffet", "id": "52e81612bcbc57f1066b79f4", "pluralName": "Buffets", "primary": true, "shortName": "Buffet"}], "verified": false, "contact": {"formattedPhone": "+65 6341 9159", "phone": "+6563419159"}, "allowMenuUrlEdit": true, "stats": {"tipCount": 30, "usersCount": 1808, "checkinsCount": 2172}, "id": "50ab1e38e4b0799986f460e7", "name": "1 Market by Chef Wan", "beenHere": {"lastCheckinExpiredAt": 0}}, "suffix": "/1139458_ULF5iI68-BXPhewMqYQqhLQVDIkN3sV3q6UJqzBbSjk.jpg", "visibility": "public"}, {"height": 720, "source": {"url": "https://foursquare.com/download/#/android", "name": "Foursquare for Android"}, "width": 960, "prefix": "https://igx.4sqi.net/img/general/", "createdAt": 1369715528, "id": "51a43348498e80da546b0411", "venue": {"venueRatingBlacklisted": true, "like": false, "location": {"formattedAddress": ["Blk 73, Ngee Ann Polytechnic, #01-01 (535 Clementi Rd)", "599489", "Singapore"], "city": "Singapore", "lng": 103.7769015566764, "cc": "SG", "country": "Singapore", "crossStreet": "535 Clementi Rd", "lat": 1.33188314145665, "address": "Blk 73, Ngee Ann Polytechnic, #01-01", "labeledLatLngs": [{"label": "display", "lat": 1.33188314145665, "lng": 103.7769015566764}], "postalCode": "599489"}, "categories": [{"icon": {"prefix": "https://ss3.4sqi.net/img/categories_v2/education/cafeteria_", "suffix": ".png"}, "name": "College Cafeteria", "id": "4bf58dd8d48988d1a1941735", "pluralName": "College Cafeterias", "primary": true, "shortName": "Cafeteria"}], "verified": false, "contact": {}, "allowMenuUrlEdit": true, "stats": {"tipCount": 36, "usersCount": 2597, "checkinsCount": 14189}, "id": "4dabbc22a86e771ea74024ca", "name": "Munch (Canteen 1)", "beenHere": {"lastCheckinExpiredAt": 0}}, "suffix": "/1139458_al_aGRBtncBdxrX5Fpzc-TqlBbMty1NvSPLyB95FudM.jpg", "visibility": "public"}, {"height": 720, "source": {"url": "https://foursquare.com/download/#/android", "name": "Foursquare for Android"}, "width": 960, "prefix": "https://igx.4sqi.net/img/general/", "createdAt": 1368838870, "id": "5196d2d6498eebbaf2437c3f", "venue": {"venueRatingBlacklisted": true, "like": false, "location": {"formattedAddress": ["449 Sin Ming Ave.", "570449", "Singapore"], "city": "Singapore", "lng": 103.83077091064216, "cc": "SG", "country": "Singapore", "lat": 1.3585433054609803, "address": "449 Sin Ming Ave.", "labeledLatLngs": [{"label": "display", "lat": 1.3585433054609803, "lng": 103.83077091064216}], "postalCode": "570449"}, "categories": [{"icon": {"prefix": "https://ss3.4sqi.net/img/categories_v2/building/apartment_", "suffix": ".png"}, "name": "Residential Building (Apartment / Condo)", "id": "4d954b06a243a5684965b473", "pluralName": "Residential Buildings (Apartments / Condos)", "primary": true, "shortName": "Residential"}], "verified": false, "contact": {}, "beenHere": {"lastCheckinExpiredAt": 0}, "stats": {"tipCount": 1, "usersCount": 60, "checkinsCount": 264}, "id": "4cc0268ea0c4f04d8ce65831", "name": "Blk 449 Sin Ming Avenue"}, "suffix": "/1139458_sI1aTxlstv5aYPTNXOGBUuB3cGMXDrAMXNZhl1gCVxE.jpg", "visibility": "public"}, {"height": 720, "source": {"url": "https://foursquare.com/download/#/android", "name": "Foursquare for Android"}, "width": 960, "prefix": "https://igx.4sqi.net/img/general/", "createdAt": 1368508404, "id": "5191c7f4498e0416c2cf12d0", "venue": {"url": "http://www.orchidclub.com", "like": false, "location": {"formattedAddress": ["1 Orchid Club Rd (off Yishun Ave 1)", "769162", "Singapore"], "city": "Singapore", "lng": 103.84411421902074, "cc": "SG", "country": "Singapore", "crossStreet": "off Yishun Ave 1", "lat": 1.411394223212464, "address": "1 Orchid Club Rd", "labeledLatLngs": [{"label": "display", "lat": 1.411394223212464, "lng": 103.84411421902074}], "postalCode": "769162"}, "categories": [{"icon": {"prefix": "https://ss3.4sqi.net/img/categories_v2/parks_outdoors/golfcourse_", "suffix": ".png"}, "name": "Golf Course", "id": "4bf58dd8d48988d1e6941735", "pluralName": "Golf Courses", "primary": true, "shortName": "Golf Course"}], "verified": false, "contact": {"formattedPhone": "+65 6755 9811", "phone": "+6567559811"}, "allowMenuUrlEdit": true, "stats": {"tipCount": 28, "usersCount": 6563, "checkinsCount": 17581}, "id": "4b1b3888f964a520c8f923e3", "name": "Orchid Country Club", "beenHere": {"lastCheckinExpiredAt": 0}}, "suffix": "/1139458_XyxZ6Rq_p8D7AT9zRHOz3ZhA3eSDHoyCXf5Pu2f0E-8.jpg", "visibility": "public"}, {"height": 540, "source": {"url": "https://foursquare.com/download/#/android", "name": "Foursquare for Android"}, "width": 720, "prefix": "https://igx.4sqi.net/img/general/", "createdAt": 1339289723, "id": "4fd3f07be4b0296d1eb4fd69", "venue": {"url": "http://www.ras.com.sg", "like": false, "location": {"formattedAddress": ["#01-05A, Clarke Quay (3D River Valley Road)", "179023", "Singapore"], "city": "Singapore", "lng": 103.84565681219101, "cc": "SG", "country": "Singapore", "crossStreet": "3D River Valley Road", "lat": 1.2897144253795811, "address": "#01-05A, Clarke Quay", "labeledLatLngs": [{"label": "display", "lat": 1.2897144253795811, "lng": 103.84565681219101}], "postalCode": "179023"}, "categories": [{"icon": {"prefix": "https://ss3.4sqi.net/img/categories_v2/food/indian_", "suffix": ".png"}, "name": "Indian Restaurant", "id": "4bf58dd8d48988d10f941735", "pluralName": "Indian Restaurants", "primary": true, "shortName": "Indian"}], "verified": false, "contact": {"formattedPhone": "+65 6837 2800", "phone": "+6568372800"}, "allowMenuUrlEdit": true, "stats": {"tipCount": 9, "usersCount": 228, "checkinsCount": 280}, "id": "4b7aa701f964a5207c352fe3", "name": "Ras The Essence of India", "beenHere": {"lastCheckinExpiredAt": 0}}, "suffix": "/CtxAdfAXoATQWKamdf1VxzVPl5Tb-yt0T068_eYllj8.jpg", "visibility": "public"}, {"height": 540, "source": {"url": "https://foursquare.com/download/#/android", "name": "Foursquare for Android"}, "width": 720, "prefix": "https://igx.4sqi.net/img/general/", "createdAt": 1339289711, "id": "4fd3f06fe4b070e01e5a4d96", "venue": {"url": "http://www.ras.com.sg", "like": false, "location": {"formattedAddress": ["#01-05A, Clarke Quay (3D River Valley Road)", "179023", "Singapore"], "city": "Singapore", "lng": 103.84565681219101, "cc": "SG", "country": "Singapore", "crossStreet": "3D River Valley Road", "lat": 1.2897144253795811, "address": "#01-05A, Clarke Quay", "labeledLatLngs": [{"label": "display", "lat": 1.2897144253795811, "lng": 103.84565681219101}], "postalCode": "179023"}, "categories": [{"icon": {"prefix": "https://ss3.4sqi.net/img/categories_v2/food/indian_", "suffix": ".png"}, "name": "Indian Restaurant", "id": "4bf58dd8d48988d10f941735", "pluralName": "Indian Restaurants", "primary": true, "shortName": "Indian"}], "verified": false, "contact": {"formattedPhone": "+65 6837 2800", "phone": "+6568372800"}, "allowMenuUrlEdit": true, "stats": {"tipCount": 9, "usersCount": 228, "checkinsCount": 280}, "id": "4b7aa701f964a5207c352fe3", "name": "Ras The Essence of India", "beenHere": {"lastCheckinExpiredAt": 0}}, "suffix": "/3kwXL38iXK5XqruFGCJZ4UrzCAlNw3UGEaPzyF0mSrM.jpg", "visibility": "public"}, {"height": 720, "source": {"url": "https://foursquare.com/download/#/android", "name": "Foursquare for Android"}, "width": 540, "prefix": "https://igx.4sqi.net/img/general/", "createdAt": 1338714973, "id": "4fcb2b5de4b08fe96ce92994", "venue": {"venueRatingBlacklisted": true, "like": false, "location": {"city": "Singapore", "lng": 103.76716345076628, "cc": "SG", "country": "Singapore", "lat": 1.3681141995013195, "address": "620 Upper Bukit Timah Road", "labeledLatLngs": [{"label": "display", "lat": 1.3681141995013195, "lng": 103.76716345076628}], "formattedAddress": ["620 Upper Bukit Timah Road", "Singapore"]}, "categories": [{"icon": {"prefix": "https://ss3.4sqi.net/img/categories_v2/building/religious_church_", "suffix": ".png"}, "name": "Church", "id": "4bf58dd8d48988d132941735", "pluralName": "Churches", "primary": true, "shortName": "Church"}], "verified": false, "contact": {}, "beenHere": {"lastCheckinExpiredAt": 0}, "stats": {"tipCount": 4, "usersCount": 716, "checkinsCount": 2843}, "id": "4bac59c0f964a52072f13ae3", "name": "Church of St Joseph"}, "suffix": "/oJUbH-Q7ZUlTG5TMuudVA0us2BjP-VzSUIWsFaf9QyI.jpg", "visibility": "public"}, {"height": 720, "source": {"url": "https://foursquare.com/download/#/iphone", "name": "Foursquare for iOS"}, "width": 537, "prefix": "https://igx.4sqi.net/img/general/", "createdAt": 1337408105, "id": "4fb73a69e4b037af18d71829", "venue": {"location": {"formattedAddress": ["2 Jurong Hill", "628925", "Singapore"], "city": "Singapore", "lng": 103.70657222742108, "cc": "SG", "country": "Singapore", "lat": 1.3208340955233555, "address": "2 Jurong Hill", "labeledLatLngs": [{"label": "display", "lat": 1.3208340955233555, "lng": 103.70657222742108}], "postalCode": "628925"}, "contact": {"formattedPhone": "+65 6265 0022", "twitter": "tweetwrs", "phone": "+6562650022"}, "verified": true, "allowMenuUrlEdit": true, "stats": {"tipCount": 85, "usersCount": 8354, "checkinsCount": 10966}, "id": "4b05880ef964a520b5ae22e3", "storeId": "", "url": "http://www.birdpark.com.sg", "like": false, "categories": [{"icon": {"prefix": "https://ss3.4sqi.net/img/categories_v2/arts_entertainment/zoo_", "suffix": ".png"}, "name": "Zoo", "id": "4bf58dd8d48988d17b941735", "pluralName": "Zoos", "primary": true, "shortName": "Zoo"}], "beenHere": {"lastCheckinExpiredAt": 0}, "name": "Jurong Bird Park", "venuePage": {"id": "49737952"}}, "suffix": "/rzWgfNFMTn3o5f-C4X8SXyOAI9wcpRbjZbTIqbHmvtU.jpg", "visibility": "public"}, {"height": 537, "source": {"url": "https://foursquare.com/download/#/iphone", "name": "Foursquare for iOS"}, "width": 720, "prefix": "https://igx.4sqi.net/img/general/", "createdAt": 1318916669, "id": "4e9d123db803b7506d7dcbc1", "venue": {"venueRatingBlacklisted": true, "like": false, "location": {"formattedAddress": ["Blk 51, Ngee Ann Polytechnic (535 Clementi Rd)", "599489", "Singapore"], "city": "Singapore", "lng": 103.77436637878418, "cc": "SG", "country": "Singapore", "lat": 1.3322082650175526, "address": "Blk 51, Ngee Ann Polytechnic", "crossStreet": "535 Clementi Rd", "postalCode": "599489"}, "categories": [{"icon": {"prefix": "https://ss3.4sqi.net/img/categories_v2/education/cafeteria_", "suffix": ".png"}, "name": "College Cafeteria", "id": "4bf58dd8d48988d1a1941735", "pluralName": "College Cafeterias", "primary": true, "shortName": "Cafeteria"}], "verified": false, "contact": {}, "allowMenuUrlEdit": true, "stats": {"tipCount": 91, "usersCount": 4892, "checkinsCount": 26007}, "id": "4b1dd898f964a520dc1524e3", "name": "Makan Place", "beenHere": {"lastCheckinExpiredAt": 0}}, "suffix": "/A11TNBE0NE111E3GCQJCKW4MM0B103TGCZHYM5EVI5EWQ5FR.jpg", "visibility": "public"}, {"height": 720, "source": {"url": "https://foursquare.com/download/#/iphone", "name": "Foursquare for iOS"}, "width": 537, "prefix": "https://igx.4sqi.net/img/general/", "createdAt": 1316261837, "id": "4e748fcdfa7605970096ac07", "venue": {"url": "http://www.junction8.com.sg", "like": false, "location": {"formattedAddress": ["9 Bishan Pl.", "579837", "Singapore"], "city": "Singapore", "lng": 103.84854152074384, "cc": "SG", "country": "Singapore", "lat": 1.3506071113840117, "address": "9 Bishan Pl.", "postalCode": "579837"}, "categories": [{"icon": {"prefix": "https://ss3.4sqi.net/img/categories_v2/shops/mall_", "suffix": ".png"}, "name": "Shopping Mall", "id": "4bf58dd8d48988d1fd941735", "pluralName": "Shopping Malls", "primary": true, "shortName": "Mall"}], "verified": false, "contact": {"formattedPhone": "+65 6354 2955", "phone": "+6563542955"}, "beenHere": {"lastCheckinExpiredAt": 0}, "stats": {"tipCount": 132, "usersCount": 30989, "checkinsCount": 123023}, "id": "4b64483cf964a5202ca82ae3", "name": "Junction 8 Shopping Centre"}, "suffix": "/WN5BWT5COOTVP33E43W0SZLDWCRRZDTMX3SBCNUVUM0HIUZ4.jpg", "visibility": "public"}, {"height": 537, "source": {"url": "https://foursquare.com/download/#/iphone", "name": "Foursquare for iOS"}, "width": 720, "prefix": "https://igx.4sqi.net/img/general/", "createdAt": 1311055060, "id": "4e251cd4c65b85350b5fb357", "venue": {"venueRatingBlacklisted": true, "like": false, "location": {"formattedAddress": ["Blk 51, Ngee Ann Polytechnic (535 Clementi Rd)", "599489", "Singapore"], "city": "Singapore", "lng": 103.77436637878418, "cc": "SG", "country": "Singapore", "lat": 1.3322082650175526, "address": "Blk 51, Ngee Ann Polytechnic", "crossStreet": "535 Clementi Rd", "postalCode": "599489"}, "categories": [{"icon": {"prefix": "https://ss3.4sqi.net/img/categories_v2/education/cafeteria_", "suffix": ".png"}, "name": "College Cafeteria", "id": "4bf58dd8d48988d1a1941735", "pluralName": "College Cafeterias", "primary": true, "shortName": "Cafeteria"}], "verified": false, "contact": {}, "allowMenuUrlEdit": true, "stats": {"tipCount": 91, "usersCount": 4892, "checkinsCount": 26007}, "id": "4b1dd898f964a520dc1524e3", "name": "Makan Place", "beenHere": {"lastCheckinExpiredAt": 0}}, "suffix": "/DY04XNBJPQO04XVTKSSQ114VURPWUGBJ1I1DX5ZVFYS0VQBU.jpg", "visibility": "public"}, {"height": 720, "source": {"url": "https://foursquare.com/download/#/iphone", "name": "Foursquare for iOS"}, "width": 537, "prefix": "https://igx.4sqi.net/img/general/", "createdAt": 1310709816, "id": "4e1fd838aeb70263951f8117", "venue": {"url": "http://www.udders.com.sg", "like": false, "location": {"formattedAddress": ["#01-09, Kilat Court (17 Lor Kilat)", "598139", "Singapore"], "city": "Singapore", "lng": 103.77398014068604, "cc": "SG", "country": "Singapore", "crossStreet": "17 Lor Kilat", "lat": 1.341024968625902, "address": "#01-09, Kilat Court", "labeledLatLngs": [{"label": "display", "lat": 1.341024968625902, "lng": 103.77398014068604}], "postalCode": "598139"}, "categories": [{"icon": {"prefix": "https://ss3.4sqi.net/img/categories_v2/food/icecream_", "suffix": ".png"}, "name": "Ice Cream Shop", "id": "4bf58dd8d48988d1c9941735", "pluralName": "Ice Cream Shops", "primary": true, "shortName": "Ice Cream"}], "verified": false, "contact": {"formattedPhone": "+65 6466 1055", "phone": "+6564661055"}, "allowMenuUrlEdit": true, "stats": {"tipCount": 57, "usersCount": 2911, "checkinsCount": 5354}, "id": "4b4f27edf964a520affb26e3", "name": "Udders", "beenHere": {"lastCheckinExpiredAt": 0}}, "suffix": "/SJIULJAOHUWST44NFQ45W5XV154U5HG0PZQ20LOZESUN2NJE.jpg", "visibility": "public"}], "count": 13}, "totalCount": 13}}