{"meta": {"code": 200, "requestId": "595b17e3db04f562eb24d1b1"}, "notifications": [{"item": {"unreadCount": 0}, "type": "notificationTray"}], "response": {"photos": {"items": [{"height": 720, "source": {"url": "https://foursquare.com/download/#/iphone", "name": "Foursquare for iOS"}, "tip": {"agreeCount": 0, "canonicalUrl": "https://foursquare.com/item/4efbf5a8f790d5546d9b2bed", "todo": {"count": 0}, "logView": true, "disagreeCount": 0, "createdAt": 1325135272, "id": "4efbf5a8f790d5546d9b2bed", "text": "Spinach wrap is fabulous!", "likes": {"groups": [], "count": 0}, "like": false, "type": "user"}, "width": 537, "prefix": "https://igx.4sqi.net/img/general/", "createdAt": 1325135320, "id": "4efbf5d830f8809e762094e6", "venue": {"like": false, "location": {"cc": "SG", "country": "Singapore", "lat": 1.290722, "lng": 103.803035, "labeledLatLngs": [{"label": "display", "lat": 1.290722, "lng": 103.803035}], "formattedAddress": ["Singapore"]}, "categories": [], "verified": false, "contact": {}, "beenHere": {"lastCheckinExpiredAt": 0}, "stats": {"tipCount": 2, "usersCount": 5, "checkinsCount": 8}, "id": "4d9d2776a695721e8d0c0c0d", "name": "Fresh Cafe"}, "suffix": "/UPFDNCASZWJ0BXTJXE1AWZAJ0OX4TTE02VS1OD24ZECREQHG.jpg", "visibility": "public"}, {"height": 720, "source": {"url": "https://foursquare.com/download/#/iphone", "name": "Foursquare for iOS"}, "tip": {"agreeCount": 0, "canonicalUrl": "https://foursquare.com/item/4efbf565f9ab0847f99cf419", "todo": {"count": 0}, "logView": true, "disagreeCount": 0, "createdAt": 1325135205, "id": "4efbf565f9ab0847f99cf419", "text": "Try the panini sandwich and great smoothies!!!", "likes": {"groups": [], "count": 0}, "like": false, "type": "user"}, "width": 537, "prefix": "https://igx.4sqi.net/img/general/", "createdAt": 1325135260, "id": "4efbf59c4690a04b138b2c2d", "venue": {"like": false, "location": {"cc": "SG", "country": "Singapore", "lat": 1.290722, "lng": 103.803035, "labeledLatLngs": [{"label": "display", "lat": 1.290722, "lng": 103.803035}], "formattedAddress": ["Singapore"]}, "categories": [], "verified": false, "contact": {}, "beenHere": {"lastCheckinExpiredAt": 0}, "stats": {"tipCount": 2, "usersCount": 5, "checkinsCount": 8}, "id": "4d9d2776a695721e8d0c0c0d", "name": "Fresh Cafe"}, "suffix": "/ZJKNKG3TPHQQLUXANGAANT5JBZHRJMG1RUJWEWQFGDUDCYQU.jpg", "visibility": "public"}, {"height": 720, "source": {"url": "https://foursquare.com/download/#/iphone", "name": "Foursquare for iOS"}, "width": 537, "prefix": "https://igx.4sqi.net/img/general/", "createdAt": 1319178451, "id": "4ea110d35c5cd12b350e70c4", "venue": {"like": false, "location": {"cc": "SG", "country": "Singapore", "lat": 1.2759347457311714, "lng": 103.84420480175318, "labeledLatLngs": [{"label": "display", "lat": 1.2759347457311714, "lng": 103.84420480175318}], "formattedAddress": ["Singapore"]}, "categories": [{"icon": {"prefix": "https://ss3.4sqi.net/img/categories_v2/food/ramen_", "suffix": ".png"}, "name": "Ramen Restaurant", "id": "55a59bace4b013909087cb24", "pluralName": "Ramen Restaurants", "primary": true, "shortName": "Ramen"}], "verified": false, "contact": {}, "allowMenuUrlEdit": true, "stats": {"tipCount": 1, "usersCount": 50, "checkinsCount": 54}, "id": "4e6c493362e15039f7ee67c7", "name": "Kanezin Japan Singapore", "beenHere": {"lastCheckinExpiredAt": 0}}, "suffix": "/OFLTF5ULTFVCTKDCMKDU43DWFS43VXWSF2LRKVSRENA1KNVK.jpg", "visibility": "public"}, {"height": 720, "source": {"url": "https://foursquare.com/download/#/iphone", "name": "Foursquare for iOS"}, "tip": {"agreeCount": 0, "canonicalUrl": "https://foursquare.com/item/4e781ffa22714e6e5ed4ba68", "todo": {"count": 0}, "logView": true, "disagreeCount": 0, "createdAt": 1316495354, "id": "4e781ffa22714e6e5ed4ba68", "text": "Grilled Pork must try!", "likes": {"groups": [], "count": 0}, "like": false, "type": "user"}, "width": 537, "prefix": "https://igx.4sqi.net/img/general/", "createdAt": 1316495406, "id": "4e78202e18387f86597d800f", "venue": {"like": false, "location": {"formattedAddress": ["01-73/74 Golden Mile Complex", "199588", "Singapore"], "city": "Singapore", "lng": 103.86458745142589, "cc": "SG", "country": "Singapore", "lat": 1.3027887908713467, "address": "01-73/74 Golden Mile Complex", "labeledLatLngs": [{"label": "display", "lat": 1.3027887908713467, "lng": 103.86458745142589}], "postalCode": "199588"}, "categories": [{"icon": {"prefix": "https://ss3.4sqi.net/img/categories_v2/food/thai_", "suffix": ".png"}, "name": "Thai Restaurant", "id": "4bf58dd8d48988d149941735", "pluralName": "Thai Restaurants", "primary": true, "shortName": "Thai"}], "verified": false, "contact": {}, "allowMenuUrlEdit": true, "stats": {"tipCount": 24, "usersCount": 599, "checkinsCount": 1271}, "id": "4bdad5072a3a0f47af27acb6", "name": "Nongkhai \u0e2b\u0e19\u0e2d\u0e07\u0e04\u0e32\u0e22 \u9686\u5f00", "beenHere": {"lastCheckinExpiredAt": 0}}, "suffix": "/EYCSNAOFNH2KJOIOG4MHJD0O1RKYWKPOP0RZ3A4DYV5GFOIV.jpg", "visibility": "public"}, {"height": 720, "source": {"url": "https://foursquare.com/download/#/iphone", "name": "Foursquare for iOS"}, "width": 537, "prefix": "https://igx.4sqi.net/img/general/", "createdAt": 1316261393, "id": "4e748e118998ed82a4083531", "venue": {"like": false, "location": {"formattedAddress": ["22 Lorong 7 Toa Payoh", "310022", "Singapore"], "city": "Singapore", "lng": 103.8569945574333, "cc": "SG", "country": "Singapore", "lat": 1.3354864230399361, "address": "22 Lorong 7 Toa Payoh", "labeledLatLngs": [{"label": "display", "lat": 1.3354864230399361, "lng": 103.8569945574333}], "postalCode": "310022"}, "categories": [{"icon": {"prefix": "https://ss3.4sqi.net/img/categories_v2/shops/market_", "suffix": ".png"}, "name": "Market", "id": "50be8ee891d4fa8dcc7199a7", "pluralName": "Markets", "primary": true, "shortName": "Market"}], "verified": false, "contact": {}, "allowMenuUrlEdit": true, "stats": {"tipCount": 91, "usersCount": 1977, "checkinsCount": 7112}, "id": "4bdbed666547d13ad72b7c26", "name": "Kim Keat Palm Market & Food Centre", "beenHere": {"lastCheckinExpiredAt": 0}}, "suffix": "/5R0PP3HGCSC5BRQUDORIOS2LR0YZZSKGFK300PLR2TF3QT3K.jpg", "visibility": "public"}, {"height": 720, "source": {"url": "https://foursquare.com/download/#/iphone", "name": "Foursquare for iOS"}, "width": 537, "prefix": "https://igx.4sqi.net/img/general/", "createdAt": 1311672511, "id": "4e2e88bffa7614797dd9c4ad", "venue": {"venueRatingBlacklisted": true, "like": false, "location": {"city": "Singapore", "lng": 103.87346618202501, "cc": "SG", "country": "Singapore", "lat": 1.352356446024651, "address": "204 Serangoon Central", "labeledLatLngs": [{"label": "display", "lat": 1.352356446024651, "lng": 103.87346618202501}], "formattedAddress": ["204 Serangoon Central", "Singapore"]}, "categories": [{"icon": {"prefix": "https://ss3.4sqi.net/img/categories_v2/building/apartment_", "suffix": ".png"}, "name": "Residential Building (Apartment / Condo)", "id": "4d954b06a243a5684965b473", "pluralName": "Residential Buildings (Apartments / Condos)", "primary": true, "shortName": "Residential"}], "verified": false, "contact": {}, "beenHere": {"lastCheckinExpiredAt": 0}, "stats": {"tipCount": 2, "usersCount": 102, "checkinsCount": 210}, "id": "4bad86d2f964a520ed583be3", "name": "Blk 204 Serangoon Central"}, "suffix": "/PTRAXSBJB1TXTPZBJ4PRK0E12Z1PSVDASRA5WNTCXWN2CKIU.jpg", "visibility": "public"}, {"height": 720, "source": {"url": "https://foursquare.com/download/#/iphone", "name": "Foursquare for iOS"}, "width": 537, "prefix": "https://igx.4sqi.net/img/general/", "createdAt": 1309163863, "id": "4e084157a12d09aa881a16fb", "venue": {"closed": true, "like": false, "location": {"formattedAddress": ["#02-K2/3/4, NEX (23 Serangoon Central)", "556083", "Singapore"], "city": "Serangoon", "lng": 103.87247085571289, "cc": "SG", "state": "North East Community Development Region", "lat": 1.3501634162155667, "address": "#02-K2/3/4, NEX", "crossStreet": "23 Serangoon Central", "postalCode": "556083", "country": "Singapore"}, "categories": [{"icon": {"prefix": "https://ss3.4sqi.net/img/categories_v2/food/tearoom_", "suffix": ".png"}, "name": "Tea Room", "id": "4bf58dd8d48988d1dc931735", "pluralName": "Tea Rooms", "primary": true, "shortName": "Tea Room"}], "verified": false, "contact": {}, "allowMenuUrlEdit": true, "stats": {"tipCount": 22, "usersCount": 1200, "checkinsCount": 2235}, "id": "4cef8bc962ef6dcbabcbfe59", "name": "Teadot", "beenHere": {"lastCheckinExpiredAt": 0}}, "suffix": "/VKVCYYUPWTN2MBQFJRYJH30RG4OHPCP0XO1D25TZMQZE2B4B.jpg", "visibility": "public"}], "count": 7}, "totalCount": 7}}