{"meta": {"code": 200, "requestId": "595b3f839fb6b77b79cf1795"}, "notifications": [{"item": {"unreadCount": 0}, "type": "notificationTray"}], "response": {"photos": {"items": [{"height": 1920, "source": {"url": "https://foursquare.com/download/#/iphone", "name": "Foursquare for iOS"}, "tip": {"agreeCount": 1, "canonicalUrl": "https://foursquare.com/item/57ee47c8498eee5d73409c98", "todo": {"count": 0}, "logView": true, "disagreeCount": 0, "createdAt": 1475233736, "id": "57ee47c8498eee5d73409c98", "text": "Do not eat here! The uni is not fresh at all!!", "likes": {"groups": [], "count": 0}, "like": false, "type": "user"}, "width": 1440, "prefix": "https://igx.4sqi.net/img/general/", "createdAt": 1475233738, "id": "57ee47ca498ea74944721d6a", "venue": {"like": false, "location": {"city": "\u4eac\u90fd\u5e02", "lng": 135.76884554282321, "cc": "JP", "state": "\u4eac\u90fd\u5e9c", "crossStreet": "\u86f8\u85ac\u5e2b\u901a\u6cb3\u539f\u753a\u897f\u5165", "lat": 35.00586784535407, "address": "\u4e2d\u4eac\u533a\u5948\u826f\u5c4b\u753a306-3", "labeledLatLngs": [{"label": "display", "lat": 35.00586784535407, "lng": 135.76884554282321}], "formattedAddress": ["\u4e2d\u4eac\u533a\u5948\u826f\u5c4b\u753a306-3 (\u86f8\u85ac\u5e2b\u901a\u6cb3\u539f\u753a\u897f\u5165)", "\u4eac\u90fd\u5e02, \u4eac\u90fd\u5e9c", "\u65e5\u672c"], "country": "\u65e5\u672c"}, "categories": [{"icon": {"prefix": "https://ss3.4sqi.net/img/categories_v2/food/japanese_", "suffix": ".png"}, "name": "Japanese Restaurant", "id": "4bf58dd8d48988d111941735", "pluralName": "Japanese Restaurants", "primary": true, "shortName": "Japanese"}], "verified": false, "contact": {"formattedPhone": "+81 75-254-8150", "phone": "+81752548150"}, "allowMenuUrlEdit": true, "stats": {"tipCount": 7, "usersCount": 474, "checkinsCount": 596}, "id": "4f9620d8e4b0d1d5d4757c03", "name": "\u82e5\u72ed\u5bb6 \u6cb3\u539f\u753a\u5e97", "beenHere": {"lastCheckinExpiredAt": 0}}, "suffix": "/1144275_wnuyIXKH9JZapzobgPOYfgxiNbGpdFGvPRotM_AqFg0.jpg", "visibility": "public"}, {"height": 1440, "source": {"url": "https://www.swarmapp.com", "name": "Swarm for iOS"}, "width": 1920, "prefix": "https://igx.4sqi.net/img/general/", "createdAt": 1472299847, "id": "57c18347498e44750d24f69d", "venue": {"like": false, "location": {"formattedAddress": ["Soi Than Tawan", "\u0e1a\u0e32\u0e07\u0e23\u0e31\u0e01", "\u0e01\u0e23\u0e38\u0e07\u0e40\u0e17\u0e1e\u0e21\u0e2b\u0e32\u0e19\u0e04\u0e23 10500", "\u0e1b\u0e23\u0e30\u0e40\u0e17\u0e28\u0e44\u0e17\u0e22"], "city": "\u0e1a\u0e32\u0e07\u0e23\u0e31\u0e01", "lng": 100.52990538634637, "cc": "TH", "state": "\u0e01\u0e23\u0e38\u0e07\u0e40\u0e17\u0e1e\u0e21\u0e2b\u0e32\u0e19\u0e04\u0e23", "lat": 13.728801700320679, "address": "Soi Than Tawan", "labeledLatLngs": [{"label": "display", "lat": 13.728801700320679, "lng": 100.52990538634637}], "postalCode": "10500", "country": "\u0e1b\u0e23\u0e30\u0e40\u0e17\u0e28\u0e44\u0e17\u0e22"}, "categories": [{"icon": {"prefix": "https://ss3.4sqi.net/img/categories_v2/food/japanese_", "suffix": ".png"}, "name": "Japanese Restaurant", "id": "4bf58dd8d48988d111941735", "pluralName": "Japanese Restaurants", "primary": true, "shortName": "Japanese"}], "verified": false, "contact": {}, "allowMenuUrlEdit": true, "stats": {"tipCount": 26, "usersCount": 590, "checkinsCount": 1333}, "id": "4e899201dab449f2b4590639", "name": "Daimasu (Daimasu (\u5927\u67a1))", "beenHere": {"lastCheckinExpiredAt": 0}}, "suffix": "/1144275_-9sP4Of6CxyoE2slVo576RkXs-Zgaxk43NjEsn_6Fok.jpg", "visibility": "public"}, {"height": 1440, "source": {"url": "https://foursquare.com/download/#/iphone", "name": "Foursquare for iOS"}, "tip": {"agreeCount": 0, "canonicalUrl": "https://foursquare.com/item/55a7b290498e4271a3feb09e", "todo": {"count": 0}, "logView": true, "disagreeCount": 0, "createdAt": 1437053584, "id": "55a7b290498e4271a3feb09e", "text": "Waffle needs improvement.. Texture like bread", "likes": {"groups": [], "count": 0}, "like": false, "type": "user"}, "width": 1440, "prefix": "https://igx.4sqi.net/img/general/", "createdAt": 1437053588, "id": "55a7b294498e1a2ab7f8e66a", "venue": {"location": {"formattedAddress": ["31 (Jalan Telawi 3)", "59100 Kuala Lumpur, Kuala Lumpur", "Malaysia"], "city": "Kuala Lumpur", "lng": 101.67109, "cc": "MY", "state": "Kuala Lumpur", "crossStreet": "Jalan Telawi 3", "lat": 3.131662, "address": "31", "labeledLatLngs": [{"label": "display", "lat": 3.131662, "lng": 101.67109}], "postalCode": "59100", "country": "Malaysia"}, "contact": {"formattedPhone": "+60 3-2201 1282", "phone": "+60322011282", "facebookName": "Casa Cacao", "facebookUsername": "CasaCacaoCafe", "facebook": "649923075141459"}, "verified": false, "allowMenuUrlEdit": true, "stats": {"tipCount": 11, "usersCount": 255, "checkinsCount": 275}, "menu": {"url": "https://www.facebook.com/download/preview/1617014625250646", "label": "Menu", "anchor": "View Menu", "mobileUrl": "https://www.facebook.com/download/preview/1617014625250646", "type": "Menu", "externalUrl": "https://www.facebook.com/download/preview/1617014625250646"}, "beenHere": {"lastCheckinExpiredAt": 0}, "closed": true, "like": false, "categories": [{"icon": {"prefix": "https://ss3.4sqi.net/img/categories_v2/food/dessert_", "suffix": ".png"}, "name": "Dessert Shop", "id": "4bf58dd8d48988d1d0941735", "pluralName": "Dessert Shops", "primary": true, "shortName": "Desserts"}], "id": "557a7d6f498e430a441c3b07", "name": "CASA CACAO"}, "suffix": "/1144275_LDZcWGiu2u6ZHho9tZ5jxGTezvK7qPdvIgDiUNl4O_c.jpg", "visibility": "public"}, {"height": 1440, "source": {"url": "https://foursquare.com/download/#/iphone", "name": "Foursquare for iOS"}, "tip": {"agreeCount": 0, "canonicalUrl": "https://foursquare.com/item/5578373b498e4719892af19d", "todo": {"count": 0}, "logView": true, "disagreeCount": 0, "createdAt": 1433941819, "id": "5578373b498e4719892af19d", "text": "The steamboat here is awesome!", "likes": {"groups": [], "count": 0}, "like": false, "type": "user"}, "width": 1440, "prefix": "https://igx.4sqi.net/img/general/", "createdAt": 1433941822, "id": "5578373e498eca2ebbeecf6f", "venue": {"like": false, "location": {"city": "\u5927\u5b89\u5340", "lng": 121.54527100354072, "cc": "TW", "state": "\u81fa\u5317\u5e02", "lat": 25.03995408584693, "address": "\u81fa\u5317\u5e02\u4ec1\u611b\u8def4\u6bb527\u5df716\u5f04", "labeledLatLngs": [{"label": "display", "lat": 25.03995408584693, "lng": 121.54527100354072}], "formattedAddress": ["\u81fa\u5317\u5e02\u4ec1\u611b\u8def4\u6bb527\u5df716\u5f04", "\u5927\u5b89\u5340, \u81fa\u5317\u5e02", "\u81fa\u7063"], "country": "\u81fa\u7063"}, "categories": [{"icon": {"prefix": "https://ss3.4sqi.net/img/categories_v2/food/asian_", "suffix": ".png"}, "name": "Chinese Restaurant", "id": "4bf58dd8d48988d145941735", "pluralName": "Chinese Restaurants", "primary": true, "shortName": "Chinese"}], "verified": false, "contact": {"formattedPhone": "+886 2 2731 3779", "phone": "+886227313779"}, "allowMenuUrlEdit": true, "stats": {"tipCount": 5, "usersCount": 213, "checkinsCount": 298}, "id": "4d7379ee5f003704f896f0a0", "name": "\u6d1b\u795e\u8ce6", "beenHere": {"lastCheckinExpiredAt": 0}}, "suffix": "/1144275_ROElaDlH7mOp_FrgOUVMvsSn0KrMd0oYfO86i2ww3A0.jpg", "visibility": "public"}, {"height": 1920, "source": {"url": "https://foursquare.com/download/#/iphone", "name": "Foursquare for iOS"}, "tip": {"agreeCount": 0, "canonicalUrl": "https://foursquare.com/item/55783591498e235f790ede55", "todo": {"count": 0}, "logView": true, "disagreeCount": 0, "createdAt": 1433941393, "id": "55783591498e235f790ede55", "text": "Yemeni bread and hummus!", "likes": {"groups": [], "count": 0}, "like": false, "type": "user"}, "width": 1440, "prefix": "https://igx.4sqi.net/img/general/", "createdAt": 1433941396, "id": "55783594498e443a3dea46a9", "venue": {"url": "http://www.marhabarestaurant.com.my", "like": false, "location": {"formattedAddress": ["D1 -G4 -1, Publika Solaris Dutamas (No 1, Jalan Dutamas)", "54080 WP Kuala Lumpur, Kuala Lumpur", "Malaysia"], "city": "WP Kuala Lumpur", "lng": 101.66401929819915, "cc": "MY", "state": "Kuala Lumpur", "crossStreet": "No 1, Jalan Dutamas", "lat": 3.1717992900202616, "address": "D1 -G4 -1, Publika Solaris Dutamas", "labeledLatLngs": [{"label": "display", "lat": 3.1717992900202616, "lng": 101.66401929819915}], "postalCode": "54080", "country": "Malaysia"}, "categories": [{"icon": {"prefix": "https://ss3.4sqi.net/img/categories_v2/food/middleeastern_", "suffix": ".png"}, "name": "Middle Eastern Restaurant", "id": "4bf58dd8d48988d115941735", "pluralName": "Middle Eastern Restaurants", "primary": true, "shortName": "Middle Eastern"}], "verified": false, "contact": {"formattedPhone": "+60 3-6207 9222", "phone": "+60362079222"}, "allowMenuUrlEdit": true, "stats": {"tipCount": 24, "usersCount": 864, "checkinsCount": 1160}, "id": "5209f5ee11d2052d28eb3b1d", "name": "Marhaba Yemenis Restaurant", "beenHere": {"lastCheckinExpiredAt": 0}}, "suffix": "/1144275_EK4SQbXwI76owaTRGbg7dJBPGyqRrR-fjMoiG0HNpyc.jpg", "visibility": "public"}, {"height": 1920, "source": {"url": "https://foursquare.com/download/#/iphone", "name": "Foursquare for iOS"}, "tip": {"agreeCount": 0, "canonicalUrl": "https://foursquare.com/item/550b7ac6498e08989862e46e", "todo": {"count": 0}, "logView": true, "disagreeCount": 0, "createdAt": 1426815686, "id": "550b7ac6498e08989862e46e", "text": "My favourite jap restaurant, come on tues n fri when their fresh goods arrive", "likes": {"groups": [], "count": 0}, "like": false, "type": "user"}, "width": 1440, "prefix": "https://igx.4sqi.net/img/general/", "createdAt": 1426815696, "id": "550b7ad0498e7f34bd6a1994", "venue": {"url": "http://www.jayaone.com.my/explore-details.asp?i=Select&b=Hanazen%20Japanese%20Restaurant", "like": false, "location": {"formattedAddress": ["Jaya One (C-G-43)", "46200 Petaling Jaya, Selangor", "Malaysia"], "city": "Petaling Jaya", "lng": 101.63612426316938, "cc": "MY", "state": "Selangor", "crossStreet": "C-G-43", "lat": 3.117904447562122, "address": "Jaya One", "labeledLatLngs": [{"label": "display", "lat": 3.117904447562122, "lng": 101.63612426316938}], "postalCode": "46200", "country": "Malaysia"}, "categories": [{"icon": {"prefix": "https://ss3.4sqi.net/img/categories_v2/food/japanese_", "suffix": ".png"}, "name": "Japanese Restaurant", "id": "4bf58dd8d48988d111941735", "pluralName": "Japanese Restaurants", "primary": true, "shortName": "Japanese"}], "verified": false, "contact": {"formattedPhone": "+60 3-7954 8000", "phone": "+60379548000"}, "allowMenuUrlEdit": true, "stats": {"tipCount": 98, "usersCount": 1527, "checkinsCount": 3295}, "id": "4b5916f8f964a520097c28e3", "name": "Hanazen", "beenHere": {"lastCheckinExpiredAt": 0}}, "suffix": "/1144275_fg32im4GP6A2wB74b-PQe5BcSn_8U3o7AQ3TEfihFnA.jpg", "visibility": "public"}, {"height": 1920, "source": {"url": "https://foursquare.com/download/#/iphone", "name": "Foursquare for iOS"}, "tip": {"agreeCount": 0, "canonicalUrl": "https://foursquare.com/item/54b64217498e6194edf7f64f", "todo": {"count": 0}, "logView": true, "disagreeCount": 0, "createdAt": 1421230615, "id": "54b64217498e6194edf7f64f", "text": "Churros and the durian cake are \ud83d\udc4d", "likes": {"groups": [], "count": 0}, "like": false, "type": "user"}, "width": 1440, "prefix": "https://igx.4sqi.net/img/general/", "createdAt": 1421230618, "id": "54b6421a498ee147a251d283", "venue": {"like": false, "location": {"formattedAddress": ["23, Jalan Telawi 2", "59100 Kuala Lumpur, Kuala Lumpur", "Malaysia"], "city": "Kuala Lumpur", "lng": 101.67165398597717, "cc": "MY", "state": "Kuala Lumpur", "lat": 3.1317851980511104, "address": "23, Jalan Telawi 2", "labeledLatLngs": [{"label": "display", "lat": 3.1317851980511104, "lng": 101.67165398597717}], "postalCode": "59100", "country": "Malaysia"}, "categories": [{"icon": {"prefix": "https://ss3.4sqi.net/img/categories_v2/food/dessert_", "suffix": ".png"}, "name": "Dessert Shop", "id": "4bf58dd8d48988d1d0941735", "pluralName": "Dessert Shops", "primary": true, "shortName": "Desserts"}], "verified": false, "contact": {"facebookName": "Eat Me", "facebookUsername": "eatmedessert", "facebook": "576040629162830"}, "allowMenuUrlEdit": true, "stats": {"tipCount": 51, "usersCount": 1466, "checkinsCount": 1780}, "id": "548ab395498efbecf5bbc8e6", "name": "EAT ME", "beenHere": {"lastCheckinExpiredAt": 0}}, "suffix": "/1144275_l8kMpStXYf5zkz3ZwyiqhHot4tE0rY1mbt3_svy8c7k.jpg", "visibility": "public"}, {"height": 1920, "source": {"url": "https://foursquare.com/download/#/iphone", "name": "Foursquare for iOS"}, "tip": {"agreeCount": 0, "canonicalUrl": "https://foursquare.com/item/54b6419c498e2a97ece4e268", "todo": {"count": 0}, "logView": true, "disagreeCount": 0, "createdAt": 1421230492, "id": "54b6419c498e2a97ece4e268", "text": "Desserts here are great! Try the chocolate passion", "likes": {"groups": [], "count": 0}, "like": false, "type": "user"}, "width": 1440, "prefix": "https://igx.4sqi.net/img/general/", "createdAt": 1421230495, "id": "54b6419f498edba61a51a37c", "venue": {"like": false, "location": {"city": "Kuala Lumpur", "lng": 101.71359873352334, "cc": "MY", "state": "Federal Territory of Kuala Lum", "crossStreet": "Jalan Bukit Bintang", "lat": 3.147754831574114, "address": "Starhill Gallery", "labeledLatLngs": [{"label": "display", "lat": 3.147754831574114, "lng": 101.71359873352334}], "formattedAddress": ["Starhill Gallery (Jalan Bukit Bintang)", "Kuala Lumpur, Federal Territory of Kuala Lum", "Malaysia"], "country": "Malaysia"}, "categories": [{"icon": {"prefix": "https://ss3.4sqi.net/img/categories_v2/food/tearoom_", "suffix": ".png"}, "name": "Tea Room", "id": "4bf58dd8d48988d1dc931735", "pluralName": "Tea Rooms", "primary": true, "shortName": "Tea Room"}], "verified": false, "contact": {}, "allowMenuUrlEdit": true, "stats": {"tipCount": 29, "usersCount": 1734, "checkinsCount": 2556}, "id": "4dc8ffa245dd9aa940b3ca32", "name": "Starhill Tea Salon", "beenHere": {"lastCheckinExpiredAt": 0}}, "suffix": "/1144275__FYsoa_ixt72CHBCE_nQl8VEd8R8z1vCD1GhPGc1B1k.jpg", "visibility": "public"}, {"height": 960, "source": {"url": "https://foursquare.com/download/#/iphone", "name": "Foursquare for iOS"}, "tip": {"agreeCount": 0, "canonicalUrl": "https://foursquare.com/item/541e8c8e498eeb6b13937a46", "todo": {"count": 0}, "logView": true, "disagreeCount": 0, "createdAt": 1411288206, "id": "541e8c8e498eeb6b13937a46", "text": "The tomato soup is insanely delicious! Eggs florentine was also nicely done. Eggs 2 ways: poached and deep fried.", "likes": {"groups": [], "count": 0}, "like": false, "type": "user"}, "width": 720, "prefix": "https://igx.4sqi.net/img/general/", "createdAt": 1411288209, "id": "541e8c91498ee01cf034294f", "venue": {"closed": true, "like": false, "location": {"formattedAddress": ["9 Jalan Kek Chuan", "10300 Georgetown, Pulau Pinang", "Malaysia"], "city": "Georgetown", "lng": 100.32466489219145, "cc": "MY", "state": "Pulau Pinang", "lat": 5.4149704077315794, "address": "9 Jalan Kek Chuan", "labeledLatLngs": [{"label": "display", "lat": 5.4149704077315794, "lng": 100.32466489219145}], "postalCode": "10300", "country": "Malaysia"}, "categories": [{"icon": {"prefix": "https://ss3.4sqi.net/img/categories_v2/food/cafe_", "suffix": ".png"}, "name": "Caf\u00e9", "id": "4bf58dd8d48988d16d941735", "pluralName": "Caf\u00e9s", "primary": true, "shortName": "Caf\u00e9"}], "verified": false, "contact": {"formattedPhone": "+60 4-226 5741", "phone": "+6042265741", "facebookName": "Basil, Le Bistrot", "facebookUsername": "basillebistrot", "facebook": "755321621166724"}, "allowMenuUrlEdit": true, "stats": {"tipCount": 79, "usersCount": 1706, "checkinsCount": 2537}, "id": "538ad041498eed7dcdb2839b", "name": "Basil, Le Bistrot", "beenHere": {"lastCheckinExpiredAt": 0}}, "suffix": "/1144275_k6Cpd0zWJ0ooJCj5DgGlLhnMUTpSSYBL5P7GSw9K_m0.jpg", "visibility": "public"}, {"height": 960, "source": {"url": "https://foursquare.com/download/#/iphone", "name": "Foursquare for iOS"}, "tip": {"agreeCount": 1, "canonicalUrl": "https://foursquare.com/item/5413c995498e30f1702796ac", "todo": {"count": 0}, "logView": true, "disagreeCount": 0, "createdAt": 1410582933, "id": "5413c995498e30f1702796ac", "text": "Fantastic brunch.. But the crowd from 10.30am onwards is kinda overwhelming", "likes": {"groups": [{"items": [{"photo": {"default": true, "prefix": "https://igx.4sqi.net/img/user/", "suffix": "/blank_girl.png"}, "id": "82014775", "firstName": "Angel", "gender": "female", "lastName": "Yap"}], "count": 1, "type": "others"}], "count": 1, "summary": "1 like"}, "like": false, "type": "user"}, "width": 720, "prefix": "https://igx.4sqi.net/img/general/", "createdAt": 1410582939, "id": "5413c99b498eca1b117eb22d", "venue": {"like": false, "location": {"formattedAddress": ["72, Jalan Burhanuddin Helmi (Taman Tun Dr. Ismail)", "60000 Kuala Lumpur, Kuala Lumpur", "Malaysia"], "city": "Kuala Lumpur", "lng": 101.620757426632, "cc": "MY", "state": "Kuala Lumpur", "crossStreet": "Taman Tun Dr. Ismail", "lat": 3.152176554996995, "address": "72, Jalan Burhanuddin Helmi", "labeledLatLngs": [{"label": "display", "lat": 3.152176554996995, "lng": 101.620757426632}], "postalCode": "60000", "country": "Malaysia"}, "categories": [{"icon": {"prefix": "https://ss3.4sqi.net/img/categories_v2/food/cafe_", "suffix": ".png"}, "name": "Caf\u00e9", "id": "4bf58dd8d48988d16d941735", "pluralName": "Caf\u00e9s", "primary": true, "shortName": "Caf\u00e9"}], "verified": false, "contact": {"formattedPhone": "+60 3-7731 2965", "phone": "+60377312965"}, "allowMenuUrlEdit": true, "stats": {"tipCount": 184, "usersCount": 4487, "checkinsCount": 6626}, "id": "53085ea411d229bd1994b0d4", "name": "Frisky Goat", "beenHere": {"lastCheckinExpiredAt": 0}}, "suffix": "/1144275_EU-BoFtmcYC6YBcnxPlfRLVZNzk3qIQBEJEhUQsgcdw.jpg", "visibility": "public"}, {"height": 960, "source": {"url": "https://foursquare.com/download/#/iphone", "name": "Foursquare for iOS"}, "tip": {"agreeCount": 0, "canonicalUrl": "https://foursquare.com/item/5413c7bf498ee34cce58a866", "todo": {"count": 0}, "logView": true, "disagreeCount": 0, "createdAt": 1410582463, "id": "5413c7bf498ee34cce58a866", "text": "Chocolate fudge cake is the best!", "likes": {"groups": [], "count": 0}, "like": false, "type": "user"}, "width": 720, "prefix": "https://igx.4sqi.net/img/general/", "createdAt": 1410582469, "id": "5413c7c5498eaecc2e11cb52", "venue": {"like": false, "location": {"city": "Kuala Lumpur", "lng": 101.66726494576719, "cc": "MY", "state": "Kuala Lumpur", "crossStreet": "Jalan Maarof", "lat": 3.142648965742375, "address": "2nd Floor, Bangsar Shopping Centre", "labeledLatLngs": [{"label": "display", "lat": 3.142648965742375, "lng": 101.66726494576719}], "formattedAddress": ["2nd Floor, Bangsar Shopping Centre (Jalan Maarof)", "Kuala Lumpur, Kuala Lumpur", "Malaysia"], "country": "Malaysia"}, "categories": [{"icon": {"prefix": "https://ss3.4sqi.net/img/categories_v2/food/cafe_", "suffix": ".png"}, "name": "Caf\u00e9", "id": "4bf58dd8d48988d16d941735", "pluralName": "Caf\u00e9s", "primary": true, "shortName": "Caf\u00e9"}], "verified": false, "contact": {}, "allowMenuUrlEdit": true, "stats": {"tipCount": 62, "usersCount": 1641, "checkinsCount": 2612}, "id": "503c9dc7e4b03ade2439109a", "name": "Just Heavenly Caf\u00e9", "beenHere": {"lastCheckinExpiredAt": 0}}, "suffix": "/1144275_HlCCXFJPqGTgLQh-1VIRRCj4pi-JkNkFNc0t7-XMWT8.jpg", "visibility": "public"}, {"height": 720, "source": {"url": "https://foursquare.com/download/#/iphone", "name": "Foursquare for iOS"}, "tip": {"agreeCount": 0, "canonicalUrl": "https://foursquare.com/item/540b0299498e9049b6ab719e", "todo": {"count": 0}, "logView": true, "disagreeCount": 0, "createdAt": 1410007705, "id": "540b0299498e9049b6ab719e", "text": "Excellent service. Get the marinated beef short ribs!", "likes": {"groups": [], "count": 0}, "like": false, "type": "user"}, "width": 960, "prefix": "https://igx.4sqi.net/img/general/", "createdAt": 1410007708, "id": "540b029c498e58c19f9932b2", "venue": {"like": false, "location": {"formattedAddress": ["Solaris Mont Kiara", "50480 KL", "Malaysia"], "city": "KL", "lng": 101.65999572556882, "cc": "MY", "country": "Malaysia", "lat": 3.1742119752208917, "address": "Solaris Mont Kiara", "labeledLatLngs": [{"label": "display", "lat": 3.1742119752208917, "lng": 101.65999572556882}], "postalCode": "50480"}, "categories": [{"icon": {"prefix": "https://ss3.4sqi.net/img/categories_v2/food/korean_", "suffix": ".png"}, "name": "Korean Restaurant", "id": "4bf58dd8d48988d113941735", "pluralName": "Korean Restaurants", "primary": true, "shortName": "Korean"}], "verified": false, "contact": {}, "allowMenuUrlEdit": true, "stats": {"tipCount": 27, "usersCount": 1634, "checkinsCount": 2501}, "id": "510650e5e4b01e27bec3d4cf", "name": "Daorae Plus Korean Bbq Restaurant", "beenHere": {"lastCheckinExpiredAt": 0}}, "suffix": "/1144275_OnulUUkUY9-6OrfH9hgq2hThtLGrKjGAQRfQjTyZcsY.jpg", "visibility": "public"}, {"height": 720, "source": {"url": "https://foursquare.com/download/#/iphone", "name": "Foursquare for iOS"}, "tip": {"agreeCount": 2, "canonicalUrl": "https://foursquare.com/item/540a8bf3498ebc41adc48199", "todo": {"count": 2}, "logView": true, "disagreeCount": 0, "createdAt": 1409977331, "id": "540a8bf3498ebc41adc48199", "text": "Brunch here is really good! Get the lobster roll and also poached egg with iberico ham", "likes": {"groups": [{"items": [{"photo": {"prefix": "https://igx.4sqi.net/img/user/", "suffix": "/10471823_eY-yK7uK_DYaLB8HRaee6BoQBFb05cZpRiM4eXV167yjOuuw4buY_vX7t5B36jNIoeHsFlDYt.jpg"}, "id": "10471823", "firstName": "Debbie", "gender": "female", "lastName": "Teo"}, {"photo": {"default": true, "prefix": "https://igx.4sqi.net/img/user/", "suffix": "/blank_girl.png"}, "id": "86667622", "firstName": "Tham", "gender": "female", "lastName": "Megan"}], "count": 2, "type": "others"}], "count": 2, "summary": "2 likes"}, "like": false, "type": "user"}, "width": 960, "prefix": "https://igx.4sqi.net/img/general/", "createdAt": 1409977333, "id": "540a8bf5498e057a0f5cdc71", "venue": {"like": false, "location": {"formattedAddress": ["122, Jalan Kasah, Medan Damansara", "50490 Kuala Lumpur, Wilayah Perseketuan", "Malaysia"], "city": "Kuala Lumpur", "lng": 101.65761722298834, "cc": "MY", "state": "Wilayah Perseketuan", "lat": 3.140134556498882, "address": "122, Jalan Kasah, Medan Damansara", "labeledLatLngs": [{"label": "display", "lat": 3.140134556498882, "lng": 101.65761722298834}], "postalCode": "50490", "country": "Malaysia"}, "categories": [{"icon": {"prefix": "https://ss3.4sqi.net/img/categories_v2/food/default_", "suffix": ".png"}, "name": "Restaurant", "id": "4bf58dd8d48988d1c4941735", "pluralName": "Restaurants", "primary": true, "shortName": "Restaurant"}], "verified": false, "contact": {"formattedPhone": "+60 3-2011 8008", "phone": "+60320118008"}, "allowMenuUrlEdit": true, "stats": {"tipCount": 16, "usersCount": 709, "checkinsCount": 958}, "id": "53170e4b11d2eb816849f5ee", "name": "The Point", "beenHere": {"lastCheckinExpiredAt": 0}}, "suffix": "/1144275_-Vam-0dt-oy1bVYgzu1nVVUOwY5G0YcoZRIM6PWOJfc.jpg", "visibility": "public"}, {"height": 960, "source": {"url": "https://foursquare.com/download/#/iphone", "name": "Foursquare for iOS"}, "tip": {"agreeCount": 1, "canonicalUrl": "https://foursquare.com/item/5406dbe5498e718cb207ce26", "todo": {"count": 0}, "logView": true, "disagreeCount": 0, "createdAt": 1409735653, "id": "5406dbe5498e718cb207ce26", "text": "Best xiao long bao! Get the desserts wrapped in xiao long bao skins as well", "likes": {"groups": [{"items": [{"photo": {"prefix": "https://igx.4sqi.net/img/user/", "suffix": "/57023881-5SKPOM5XXR5LE33N.jpg"}, "id": "57023881", "firstName": "Cheryl", "gender": "female", "lastName": "Vasquez"}], "count": 1, "type": "others"}], "count": 1, "summary": "1 like"}, "like": false, "type": "user"}, "width": 720, "prefix": "https://igx.4sqi.net/img/general/", "createdAt": 1409735655, "id": "5406dbe711d2880f64f1720e", "venue": {"location": {"city": "\u4e0a\u6d77\u5e02", "lng": 121.45308057221573, "cc": "CN", "state": "\u4e0a\u6d77\u5e02", "crossStreet": "\u8944\u9633\u8def\u3001\u9655\u897f\u8def\u95f4", "lat": 31.217657511659624, "address": "\u6dee\u6d77\u4e2d\u8def999\u53f7\u73af\u8d38\u5e7f\u573aL3-318&319\u5ba4", "labeledLatLngs": [{"label": "display", "lat": 31.217657511659624, "lng": 121.45308057221573}], "formattedAddress": ["\u6dee\u6d77\u4e2d\u8def999\u53f7\u73af\u8d38\u5e7f\u573aL3-318&319\u5ba4 (\u8944\u9633\u8def\u3001\u9655\u897f\u8def\u95f4)", "\u4e0a\u6d77\u5e02", "\u4e0a\u6d77\u5e02"], "country": "\u4e2d\u56fd"}, "contact": {"formattedPhone": "021 5466 8191", "phone": "02154668191", "facebookName": "Din Tai Fung Singapore", "facebookUsername": "dintaifungsg", "facebook": "216317188388404"}, "verified": false, "allowMenuUrlEdit": true, "stats": {"tipCount": 19, "usersCount": 572, "checkinsCount": 1369}, "menu": {"url": "http://www.dintaifung.com.cn/Menu.html", "label": "Menu", "anchor": "View Menu", "mobileUrl": "http://www.dintaifung.com.cn/Menu.html", "type": "Menu", "externalUrl": "http://www.dintaifung.com.cn/Menu.html"}, "beenHere": {"lastCheckinExpiredAt": 0}, "url": "http://www.dintaifung.com.cn", "like": false, "categories": [{"icon": {"prefix": "https://ss3.4sqi.net/img/categories_v2/food/dimsum_", "suffix": ".png"}, "name": "Dim Sum Restaurant", "id": "4bf58dd8d48988d1f5931735", "pluralName": "Dim Sum Restaurants", "primary": true, "shortName": "Dim Sum"}], "id": "5288675a11d21ac6f1607eb0", "name": "Din Tai Fung (\u9f0e\u6cf0\u8c50)"}, "suffix": "/1144275_sO3NLjnkL048OT72NfULxIcLyEaIrjyDeTab80QtcPo.jpg", "visibility": "public"}, {"height": 560, "source": {"url": "https://foursquare.com/download/#/iphone", "name": "Foursquare for iOS"}, "tip": {"agreeCount": 0, "canonicalUrl": "https://foursquare.com/item/5406db86498e9f6246f23676", "todo": {"count": 0}, "logView": true, "disagreeCount": 0, "createdAt": 1409735558, "id": "5406db86498e9f6246f23676", "text": "They have the face changing show there. Love the Szechuan fried chicken dish!", "likes": {"groups": [], "count": 0}, "like": false, "type": "user"}, "width": 960, "prefix": "https://igx.4sqi.net/img/general/", "createdAt": 1409735560, "id": "5406db88498e1e8e0f823efb", "venue": {"like": false, "location": {"city": "\u4e0a\u6d77\u5e02", "state": "\u4e0a\u6d77\u5e02", "cc": "CN", "country": "\u4e2d\u56fd", "lat": 31.1564592807203, "lng": 121.26157758248173, "labeledLatLngs": [{"label": "display", "lat": 31.1564592807203, "lng": 121.26157758248173}], "formattedAddress": ["\u4e0a\u6d77\u5e02", "\u4e0a\u6d77\u5e02"]}, "categories": [], "verified": false, "contact": {}, "beenHere": {"lastCheckinExpiredAt": 0}, "stats": {"tipCount": 1, "usersCount": 7, "checkinsCount": 8}, "id": "4dc60b1ed22dafda2fb57269", "name": "Ba Guo Bu Yi"}, "suffix": "/1144275_tUCuF6LQluWgnwZrE3yB5AVC1sLXS-lbGlf6sFztHHQ.jpg", "visibility": "public"}, {"height": 720, "source": {"url": "https://foursquare.com/download/#/iphone", "name": "Foursquare for iOS"}, "tip": {"agreeCount": 0, "canonicalUrl": "https://foursquare.com/item/53f1eb72498ec3df843efa9e", "todo": {"count": 0}, "logView": true, "disagreeCount": 0, "createdAt": 1408363378, "id": "53f1eb72498ec3df843efa9e", "text": "The grilled pork neck is awesome!", "likes": {"groups": [], "count": 0}, "like": false, "type": "user"}, "width": 960, "prefix": "https://igx.4sqi.net/img/general/", "createdAt": 1408363380, "id": "53f1eb74498e091beb349c14", "venue": {"url": "http://www.awetthai.com.my", "like": false, "location": {"formattedAddress": ["Lot 13544, Jalan Cempaka (Kampung Kayu Ara)", "47400 Petaling Jaya, Selangor", "Malaysia"], "city": "Petaling Jaya", "lng": 101.6118306014658, "cc": "MY", "state": "Selangor", "crossStreet": "Kampung Kayu Ara", "lat": 3.1289632629281194, "address": "Lot 13544, Jalan Cempaka", "labeledLatLngs": [{"label": "display", "lat": 3.1289632629281194, "lng": 101.6118306014658}], "postalCode": "47400", "country": "Malaysia"}, "categories": [{"icon": {"prefix": "https://ss3.4sqi.net/img/categories_v2/food/thai_", "suffix": ".png"}, "name": "Thai Restaurant", "id": "4bf58dd8d48988d149941735", "pluralName": "Thai Restaurants", "primary": true, "shortName": "Thai"}], "verified": false, "contact": {"formattedPhone": "+60 3-7725 0175", "phone": "+60377250175"}, "allowMenuUrlEdit": true, "stats": {"tipCount": 106, "usersCount": 4067, "checkinsCount": 6846}, "id": "4ef6c1e793ad7cf2e9f17e49", "name": "A Wet Thai Restaurant", "beenHere": {"lastCheckinExpiredAt": 0}}, "suffix": "/1144275__VO4dhsIwN9ekdoLLfcDlezftjw-Dhbj8G3LlrJTxH0.jpg", "visibility": "public"}, {"height": 959, "source": {"url": "https://foursquare.com/download/#/iphone", "name": "Foursquare for iOS"}, "width": 717, "prefix": "https://igx.4sqi.net/img/general/", "createdAt": 1400420113, "id": "5378b711498e7bd257572cfa", "venue": {"venueRatingBlacklisted": true, "like": false, "location": {"city": "Ma On Shan Tsuen", "lng": 114.24395555555556, "cc": "HK", "state": "\u6c99\u7530\u5340", "lat": 22.428755555555554, "address": "599 Sai Sha Rd", "labeledLatLngs": [{"label": "display", "lat": 22.428755555555554, "lng": 114.24395555555556}], "formattedAddress": ["599 Sai Sha Rd", "\u6c99\u7530\u5340", "\u9999\u6e2f"], "country": "\u9999\u6e2f"}, "categories": [{"icon": {"prefix": "https://ss3.4sqi.net/img/categories_v2/building/housingdevelopment_", "suffix": ".png"}, "name": "Housing Development", "id": "4f2a210c4b9023bd5841ed28", "pluralName": "Housing Developments", "primary": true, "shortName": "Housing Development"}], "verified": false, "contact": {}, "beenHere": {"lastCheckinExpiredAt": 0}, "stats": {"tipCount": 4, "usersCount": 208, "checkinsCount": 828}, "id": "4b8144dcf964a520e89c30e3", "name": "Lake Silver (\u9280\u6e56\uff0e\u5929\u5cf0)"}, "suffix": "/1144275_8fXC2gT0suraxD35dSxiTqJBs2czOMC6JDbXeH6_xqk.jpg", "visibility": "public"}, {"height": 960, "source": {"url": "https://foursquare.com/download/#/iphone", "name": "Foursquare for iOS"}, "tip": {"agreeCount": 1, "canonicalUrl": "https://foursquare.com/item/52d4fcdc498ec3996aa3fa37", "todo": {"count": 0}, "logView": true, "disagreeCount": 0, "createdAt": 1389690076, "id": "52d4fcdc498ec3996aa3fa37", "text": "Love their squid ink pasta and the pizza was good as well.", "likes": {"groups": [{"items": [{"photo": {"prefix": "https://igx.4sqi.net/img/user/", "suffix": "/73643689-VVST3WOVGSVI4OZF.jpg"}, "id": "73643689", "firstName": "mR", "gender": "male", "lastName": "fRedDa"}], "count": 1, "type": "others"}], "count": 1, "summary": "1 like"}, "like": false, "type": "user"}, "width": 720, "prefix": "https://igx.4sqi.net/img/general/", "createdAt": 1389690091, "id": "52d4fceb498e27305fcbdb5a", "venue": {"closed": true, "like": false, "location": {"formattedAddress": ["Boulevard, Mid Valley City (27-G & 27-1)", "59200 Kuala Lumpur, Kuala Lumpur", "Malaysia"], "city": "Kuala Lumpur", "lng": 101.67661342311638, "cc": "MY", "state": "Kuala Lumpur", "lat": 3.118042810904063, "address": "Boulevard, Mid Valley City", "crossStreet": "27-G & 27-1", "postalCode": "59200", "country": "Malaysia"}, "categories": [{"icon": {"prefix": "https://ss3.4sqi.net/img/categories_v2/food/mediterranean_", "suffix": ".png"}, "name": "Mediterranean Restaurant", "id": "4bf58dd8d48988d1c0941735", "pluralName": "Mediterranean Restaurants", "primary": true, "shortName": "Mediterranean"}], "verified": false, "contact": {"formattedPhone": "+60 3-2201 5081", "phone": "+60322015081"}, "allowMenuUrlEdit": true, "stats": {"tipCount": 61, "usersCount": 1121, "checkinsCount": 1352}, "id": "50f68d72e4b009827816a0ec", "name": "Blu Med", "beenHere": {"lastCheckinExpiredAt": 0}}, "suffix": "/1144275_08fZWG9cfchhothIQLtpkDhoIXIaCx0wjhHGnIDxPsg.jpg", "visibility": "public"}, {"height": 720, "source": {"url": "https://foursquare.com/download/#/iphone", "name": "Foursquare for iOS"}, "width": 960, "prefix": "https://igx.4sqi.net/img/general/", "createdAt": 1385943730, "id": "529bd2b2498e5b8535ddb879", "venue": {"like": false, "location": {"formattedAddress": ["317-E Jalan Burma", "10350 Georgetown, Pulau Pinang", "Malaysia"], "city": "Georgetown", "lng": 100.31254649162292, "cc": "MY", "state": "Pulau Pinang", "lat": 5.430448520331745, "address": "317-E Jalan Burma", "labeledLatLngs": [{"label": "display", "lat": 5.430448520331745, "lng": 100.31254649162292}], "postalCode": "10350", "country": "Malaysia"}, "categories": [{"icon": {"prefix": "https://ss3.4sqi.net/img/categories_v2/food/coffeeshop_", "suffix": ".png"}, "name": "Coffee Shop", "id": "4bf58dd8d48988d1e0931735", "pluralName": "Coffee Shops", "primary": true, "shortName": "Coffee Shop"}], "verified": false, "contact": {}, "allowMenuUrlEdit": true, "stats": {"tipCount": 98, "usersCount": 1723, "checkinsCount": 3070}, "id": "4cfc8a2fd8468cfa7301fb6b", "name": "Swee Kong Coffee Shop (\u745e\u6c5f\u8336\u5ba4)", "beenHere": {"lastCheckinExpiredAt": 0}}, "suffix": "/1144275_8FcofHfEfuoi2-OfDbzU-gKx9TfKR-5_GrH-dLHBZNk.jpg", "visibility": "public"}, {"height": 720, "source": {"url": "https://foursquare.com/download/#/iphone", "name": "Foursquare for iOS"}, "width": 960, "prefix": "https://igx.4sqi.net/img/general/", "createdAt": 1385943394, "id": "529bd162498e0d72166a7e8e", "venue": {"like": false, "location": {"formattedAddress": ["3 Jalan Padang Victoria", "10400 Georgetown, Pulau Pinang", "Malaysia"], "city": "Georgetown", "lng": 100.31846344470978, "cc": "MY", "state": "Pulau Pinang", "lat": 5.424068914607604, "address": "3 Jalan Padang Victoria", "labeledLatLngs": [{"label": "display", "lat": 5.424068914607604, "lng": 100.31846344470978}], "postalCode": "10400", "country": "Malaysia"}, "categories": [{"icon": {"prefix": "https://ss3.4sqi.net/img/categories_v2/food/asian_", "suffix": ".png"}, "name": "Chinese Restaurant", "id": "4bf58dd8d48988d145941735", "pluralName": "Chinese Restaurants", "primary": true, "shortName": "Chinese"}], "verified": false, "contact": {"formattedPhone": "+60 4-228 9787", "phone": "+6042289787"}, "allowMenuUrlEdit": true, "stats": {"tipCount": 54, "usersCount": 3604, "checkinsCount": 7192}, "id": "4ca332425720b1f74c5c2fef", "name": "CRC Restaurant (\u4e2d\u83ef\u6d77\u9bae\u9910\u5ef3)", "beenHere": {"lastCheckinExpiredAt": 0}}, "suffix": "/1144275_uENCCXbh5ujkqcokCniIEcKwOnpEgfy7nQDjSAKl9z8.jpg", "visibility": "public"}, {"height": 960, "source": {"url": "https://foursquare.com/download/#/iphone", "name": "Foursquare for iOS"}, "width": 720, "prefix": "https://igx.4sqi.net/img/general/", "createdAt": 1385943312, "id": "529bd110498e5b8535ccf03f", "venue": {"like": false, "location": {"formattedAddress": ["262 & 264 Lebuh Pantai", "10300 Georgetown, Pulau Pinang", "Malaysia"], "city": "Georgetown", "lng": 100.33837, "cc": "MY", "state": "Pulau Pinang", "lat": 5.414625, "address": "262 & 264 Lebuh Pantai", "labeledLatLngs": [{"label": "display", "lat": 5.414625, "lng": 100.33837}], "postalCode": "10300", "country": "Malaysia"}, "categories": [{"icon": {"prefix": "https://ss3.4sqi.net/img/categories_v2/food/cafe_", "suffix": ".png"}, "name": "Caf\u00e9", "id": "4bf58dd8d48988d16d941735", "pluralName": "Caf\u00e9s", "primary": true, "shortName": "Caf\u00e9"}], "verified": false, "contact": {"formattedPhone": "+60 12-496 7838", "phone": "+60124967838"}, "allowMenuUrlEdit": true, "stats": {"tipCount": 118, "usersCount": 1478, "checkinsCount": 2123}, "id": "51107946e4b0e83bc38e2101", "name": "Cozy In The Rocket / La Cucina", "beenHere": {"lastCheckinExpiredAt": 0}}, "suffix": "/1144275_DdiqCiYHJ-5ngBBa9_REqxr7x7g781V-xLW6sYePk38.jpg", "visibility": "public"}, {"height": 720, "source": {"url": "https://foursquare.com/download/#/iphone", "name": "Foursquare for iOS"}, "width": 960, "prefix": "https://igx.4sqi.net/img/general/", "createdAt": 1385258190, "id": "52915cce11d2d81230d72f61", "venue": {"like": false, "location": {"city": "Bangsar", "lng": 101.67161116038797, "cc": "MY", "state": "Kuala Lumpur", "lat": 3.1328080322236787, "address": "No. 30 Jalan Telawi 5", "labeledLatLngs": [{"label": "display", "lat": 3.1328080322236787, "lng": 101.67161116038797}], "formattedAddress": ["No. 30 Jalan Telawi 5", "Bangsar, Kuala Lumpur", "Malaysia"], "country": "Malaysia"}, "categories": [{"icon": {"prefix": "https://ss3.4sqi.net/img/categories_v2/food/steakhouse_", "suffix": ".png"}, "name": "Steakhouse", "id": "4bf58dd8d48988d1cc941735", "pluralName": "Steakhouses", "primary": true, "shortName": "Steakhouse"}], "verified": false, "contact": {}, "allowMenuUrlEdit": true, "stats": {"tipCount": 44, "usersCount": 1366, "checkinsCount": 1857}, "id": "50d2c4e5e4b08f4893e098e4", "name": "Ril's Bangsar", "beenHere": {"lastCheckinExpiredAt": 0}}, "suffix": "/1144275_is7WCX3HLH-Z5Lu7A6DKeYa79E3wuaD5LIbEboQpPJw.jpg", "visibility": "public"}, {"height": 720, "source": {"url": "https://foursquare.com/download/#/iphone", "name": "Foursquare for iOS"}, "width": 720, "prefix": "https://igx.4sqi.net/img/general/", "createdAt": 1385193479, "id": "5290600711d21dbf31d60c5e", "venue": {"location": {"formattedAddress": ["24G Jalan Telawi 2", "59100 Bangsar, Kuala Lumpur", "Malaysia"], "city": "Bangsar", "lng": 101.67169452945674, "cc": "MY", "state": "Kuala Lumpur", "lat": 3.131958623386642, "address": "24G Jalan Telawi 2", "labeledLatLngs": [{"label": "display", "lat": 3.131958623386642, "lng": 101.67169452945674}], "postalCode": "59100", "country": "Malaysia"}, "contact": {"formattedPhone": "+60 3-2282 0118", "phone": "+60322820118", "facebookName": "Yeast", "facebookUsername": "yeastbistronomy", "facebook": "351724934917371"}, "verified": false, "allowMenuUrlEdit": true, "stats": {"tipCount": 155, "usersCount": 3955, "checkinsCount": 6488}, "menu": {"url": "http://www.yeastbistronomy.com/outlets/#restaurant-yeast-bistronomy", "label": "Menu", "anchor": "View Menu", "mobileUrl": "http://www.yeastbistronomy.com/outlets/#restaurant-yeast-bistronomy", "type": "Menu", "externalUrl": "http://www.yeastbistronomy.com/outlets/#restaurant-yeast-bistronomy"}, "beenHere": {"lastCheckinExpiredAt": 0}, "url": "http://www.yeastbistronomy.com", "like": false, "categories": [{"icon": {"prefix": "https://ss3.4sqi.net/img/categories_v2/food/french_", "suffix": ".png"}, "name": "French Restaurant", "id": "4bf58dd8d48988d10c941735", "pluralName": "French Restaurants", "primary": true, "shortName": "French"}], "id": "50a87687e4b014b7ab45195b", "name": "Yeast"}, "suffix": "/1144275_BtBEBi-iGgIwdFbSvVt4t7iDEkyXgGaOa1E5wwRrRLU.jpg", "visibility": "public"}, {"height": 720, "source": {"url": "https://foursquare.com/download/#/iphone", "name": "Foursquare for iOS"}, "tip": {"agreeCount": 2, "canonicalUrl": "https://foursquare.com/item/52905f15498e19164dd3cdf9", "todo": {"count": 0}, "logView": true, "disagreeCount": 0, "createdAt": 1385193237, "id": "52905f15498e19164dd3cdf9", "text": "Definitely go for the Parisien!", "likes": {"groups": [{"items": [{"photo": {"prefix": "https://igx.4sqi.net/img/user/", "suffix": "/5299023_fFoCBa2b_5VFKlnAM7Lf91YbIunrTIXA1KAKsbI7Sf5pmaMsoBwitp6Og9NBp7X_ywztcJHdO.jpg"}, "id": "5299023", "firstName": "Amanda Loong", "gender": "female"}, {"photo": {"prefix": "https://igx.4sqi.net/img/user/", "suffix": "/48921419_ZrrVqt0p_U1yN8NeZYd6UksKqvILPFVR46zEAfp5U37eYnRq0qf98faPjbRxWcAj8q1xSjmlT.jpg"}, "id": "48921419", "firstName": "Shao", "gender": "female", "lastName": "Min Ng"}], "count": 2, "type": "others"}], "count": 2, "summary": "2 likes"}, "like": false, "type": "user"}, "width": 960, "prefix": "https://igx.4sqi.net/img/general/", "createdAt": 1385193240, "id": "52905f18498e5ab72ed88c39", "venue": {"like": false, "location": {"formattedAddress": ["53, Jalan SS 21/1A, Damansara Uptown", "47400 Petaling Jaya, Selangor", "Malaysia"], "city": "Petaling Jaya", "lng": 101.62102407673457, "cc": "MY", "state": "Selangor", "lat": 3.1352014170474174, "address": "53, Jalan SS 21/1A, Damansara Uptown", "labeledLatLngs": [{"label": "display", "lat": 3.1352014170474174, "lng": 101.62102407673457}], "postalCode": "47400", "country": "Malaysia"}, "categories": [{"icon": {"prefix": "https://ss3.4sqi.net/img/categories_v2/food/cafe_", "suffix": ".png"}, "name": "Caf\u00e9", "id": "4bf58dd8d48988d16d941735", "pluralName": "Caf\u00e9s", "primary": true, "shortName": "Caf\u00e9"}], "verified": false, "contact": {"twitter": "thegoodbatchkl", "facebookName": "The Good Batch", "formattedPhone": "+60 3-7733 2303", "phone": "+60377332303", "facebookUsername": "thegoodbatchkl", "facebook": "580388715347401"}, "allowMenuUrlEdit": true, "stats": {"tipCount": 235, "usersCount": 7023, "checkinsCount": 9625}, "id": "5246836111d289ebdaf65d3f", "name": "The Good Batch", "beenHere": {"lastCheckinExpiredAt": 0}}, "suffix": "/1144275_Fn8orZuGAUS_7LMOe3At6NKkmut5G7W7h5EzSvvaOiE.jpg", "visibility": "public"}, {"height": 720, "source": {"url": "https://foursquare.com/download/#/iphone", "name": "Foursquare for iOS"}, "width": 960, "prefix": "https://igx.4sqi.net/img/general/", "createdAt": 1385192958, "id": "52905dfe11d232c4673f9227", "venue": {"location": {"neighborhood": "Solaris Dutamas", "address": "Publika (Block A2-G1-09), Jalan Dutamas 1", "labeledLatLngs": [{"label": "display", "lat": 3.170507675421595, "lng": 101.66551984180472}], "postalCode": "50480", "city": "Kuala Lumpur", "state": "Kuala Lumpur", "cc": "MY", "country": "Malaysia", "lat": 3.170507675421595, "lng": 101.66551984180472, "crossStreet": "A2-G1-09", "formattedAddress": ["Publika (Block A2-G1-09), Jalan Dutamas 1 (A2-G1-09)", "50480 Kuala Lumpur, Kuala Lumpur", "Malaysia"]}, "contact": {"formattedPhone": "+60 3-6206 3364", "phone": "+60362063364", "facebookName": "ANTE", "facebookUsername": "anteporksteaks", "facebook": "397494956975560"}, "verified": true, "allowMenuUrlEdit": true, "stats": {"tipCount": 158, "usersCount": 4005, "checkinsCount": 5211}, "id": "50814b4be4b0cd9d39c8efad", "storeId": "", "like": false, "categories": [{"icon": {"prefix": "https://ss3.4sqi.net/img/categories_v2/food/default_", "suffix": ".png"}, "name": "Restaurant", "id": "4bf58dd8d48988d1c4941735", "pluralName": "Restaurants", "primary": true, "shortName": "Restaurant"}], "beenHere": {"lastCheckinExpiredAt": 0}, "name": "ANTE", "venuePage": {"id": "66644563"}}, "suffix": "/1144275_vc9hVZt3NFy_3wXZ9bRoGSkQLEZXPp-8iVOyTNhcq60.jpg", "visibility": "public"}, {"height": 720, "source": {"url": "https://foursquare.com/download/#/iphone", "name": "Foursquare for iOS"}, "width": 960, "prefix": "https://igx.4sqi.net/img/general/", "createdAt": 1385192669, "id": "52905cdd498ea4b7436130ea", "venue": {"location": {"formattedAddress": ["Menara Hap Seng (Lot 2.05, Level 2)", "50250 Kuala Lumpur, Kuala Lumpur", "Malaysia"], "city": "Kuala Lumpur", "lng": 101.70691561035272, "cc": "MY", "state": "Kuala Lumpur", "lat": 3.1525262846055573, "address": "Menara Hap Seng", "crossStreet": "Lot 2.05, Level 2", "postalCode": "50250", "country": "Malaysia"}, "contact": {"formattedPhone": "+60 3-2078 9908", "phone": "+60320789908"}, "verified": false, "allowMenuUrlEdit": true, "stats": {"tipCount": 14, "usersCount": 530, "checkinsCount": 1002}, "id": "4b058801f964a520f7ab22e3", "url": "http://www.hakkarepublic.com", "closed": true, "like": false, "categories": [{"icon": {"prefix": "https://ss3.4sqi.net/img/categories_v2/nightlife/pub_", "suffix": ".png"}, "name": "Bar", "id": "4bf58dd8d48988d116941735", "pluralName": "Bars", "primary": true, "shortName": "Bar"}], "beenHere": {"lastCheckinExpiredAt": 0}, "name": "Hakka Republic Wine Bar & Bistro"}, "suffix": "/1144275_UkRQh-HU7BchYK6_RzG_VZrtnzkrOzvXrEoBEnZkTs8.jpg", "visibility": "public"}, {"height": 720, "source": {"url": "https://foursquare.com/download/#/iphone", "name": "Foursquare for iOS"}, "width": 960, "prefix": "https://igx.4sqi.net/img/general/", "createdAt": 1385192244, "id": "52905b3411d2a1429767f439", "venue": {"closed": true, "like": false, "location": {"formattedAddress": ["Jalan Pinang (Jln P Ramlee)", "50450 Kuala Lumpur, Federal Territory of Kuala Lum", "Malaysia"], "city": "Kuala Lumpur", "lng": 101.7097289194265, "cc": "MY", "state": "Federal Territory of Kuala Lum", "lat": 3.1561270973517592, "address": "Jalan Pinang", "crossStreet": "Jln P Ramlee", "postalCode": "50450", "country": "Malaysia"}, "categories": [{"icon": {"prefix": "https://ss3.4sqi.net/img/categories_v2/food/japanese_", "suffix": ".png"}, "name": "Japanese Restaurant", "id": "4bf58dd8d48988d111941735", "pluralName": "Japanese Restaurants", "primary": true, "shortName": "Japanese"}], "verified": false, "contact": {"formattedPhone": "+60 3-2181 4099", "phone": "+60321814099"}, "allowMenuUrlEdit": true, "stats": {"tipCount": 22, "usersCount": 577, "checkinsCount": 906}, "id": "5055cd8fe4b01ef822881e72", "name": "Senya Dining \u9c9c\u5bb6", "beenHere": {"lastCheckinExpiredAt": 0}}, "suffix": "/1144275_bRfqVwdcOECm4511nC1TNgNsiKJT-hg6EIyNKEOkxco.jpg", "visibility": "public"}, {"height": 720, "source": {"url": "https://foursquare.com/download/#/iphone", "name": "Foursquare for iOS"}, "width": 960, "prefix": "https://igx.4sqi.net/img/general/", "createdAt": 1385192185, "id": "52905af911d22aca95f6335b", "venue": {"closed": true, "like": false, "location": {"formattedAddress": ["Jalan Pinang (Jln P Ramlee)", "50450 Kuala Lumpur, Federal Territory of Kuala Lum", "Malaysia"], "city": "Kuala Lumpur", "lng": 101.7097289194265, "cc": "MY", "state": "Federal Territory of Kuala Lum", "lat": 3.1561270973517592, "address": "Jalan Pinang", "crossStreet": "Jln P Ramlee", "postalCode": "50450", "country": "Malaysia"}, "categories": [{"icon": {"prefix": "https://ss3.4sqi.net/img/categories_v2/food/japanese_", "suffix": ".png"}, "name": "Japanese Restaurant", "id": "4bf58dd8d48988d111941735", "pluralName": "Japanese Restaurants", "primary": true, "shortName": "Japanese"}], "verified": false, "contact": {"formattedPhone": "+60 3-2181 4099", "phone": "+60321814099"}, "allowMenuUrlEdit": true, "stats": {"tipCount": 22, "usersCount": 577, "checkinsCount": 906}, "id": "5055cd8fe4b01ef822881e72", "name": "Senya Dining \u9c9c\u5bb6", "beenHere": {"lastCheckinExpiredAt": 0}}, "suffix": "/1144275_c5j17o4C4gXdxSJkzRP4JYpoqaklZyiLHWP7qqY5W64.jpg", "visibility": "public"}, {"height": 720, "source": {"url": "https://foursquare.com/download/#/iphone", "name": "Foursquare for iOS"}, "width": 537, "prefix": "https://igx.4sqi.net/img/general/", "createdAt": 1349242038, "id": "506bccb6e4b07457973cd9d6", "venue": {"like": false, "location": {"city": "Kuala Lumpur", "lng": 101.730915, "cc": "MY", "state": "Federal Territory of Kuala Lum", "crossStreet": "Taman Maluri", "lat": 3.128467, "address": "Opposite Old Town", "labeledLatLngs": [{"label": "display", "lat": 3.128467, "lng": 101.730915}], "formattedAddress": ["Opposite Old Town (Taman Maluri)", "Kuala Lumpur, Federal Territory of Kuala Lum", "Malaysia"], "country": "Malaysia"}, "categories": [{"icon": {"prefix": "https://ss3.4sqi.net/img/categories_v2/food/asian_", "suffix": ".png"}, "name": "Chinese Restaurant", "id": "4bf58dd8d48988d145941735", "pluralName": "Chinese Restaurants", "primary": true, "shortName": "Chinese"}], "verified": false, "contact": {}, "allowMenuUrlEdit": true, "stats": {"tipCount": 14, "usersCount": 417, "checkinsCount": 1053}, "id": "4dbabf190437ffd207ab8cfe", "name": "Yeng Kee Seafood Restaurant", "beenHere": {"lastCheckinExpiredAt": 0}}, "suffix": "/1144275_8B5TTe3HIx3DFTKzV9UtOC9HoxVBlXh3rtWF2DXBzVU.jpg", "visibility": "public"}, {"height": 720, "source": {"url": "https://foursquare.com/download/#/iphone", "name": "Foursquare for iOS"}, "width": 537, "prefix": "https://igx.4sqi.net/img/general/", "createdAt": 1349242030, "id": "506bccaee4b08b16972fada4", "venue": {"like": false, "location": {"city": "Kuala Lumpur", "lng": 101.730915, "cc": "MY", "state": "Federal Territory of Kuala Lum", "crossStreet": "Taman Maluri", "lat": 3.128467, "address": "Opposite Old Town", "labeledLatLngs": [{"label": "display", "lat": 3.128467, "lng": 101.730915}], "formattedAddress": ["Opposite Old Town (Taman Maluri)", "Kuala Lumpur, Federal Territory of Kuala Lum", "Malaysia"], "country": "Malaysia"}, "categories": [{"icon": {"prefix": "https://ss3.4sqi.net/img/categories_v2/food/asian_", "suffix": ".png"}, "name": "Chinese Restaurant", "id": "4bf58dd8d48988d145941735", "pluralName": "Chinese Restaurants", "primary": true, "shortName": "Chinese"}], "verified": false, "contact": {}, "allowMenuUrlEdit": true, "stats": {"tipCount": 14, "usersCount": 417, "checkinsCount": 1053}, "id": "4dbabf190437ffd207ab8cfe", "name": "Yeng Kee Seafood Restaurant", "beenHere": {"lastCheckinExpiredAt": 0}}, "suffix": "/1144275_AqvVihmEdLWf8BEPggTomn_vp9x7P4ImCaepdfJQsbQ.jpg", "visibility": "public"}, {"height": 540, "source": {"url": "https://foursquare.com/download/#/iphone", "name": "Foursquare for iOS"}, "width": 540, "prefix": "https://igx.4sqi.net/img/general/", "createdAt": 1349242019, "id": "506bcca3e4b0af22a8e7cf2c", "venue": {"like": false, "location": {"city": "Kuala Lumpur", "lng": 101.730915, "cc": "MY", "state": "Federal Territory of Kuala Lum", "crossStreet": "Taman Maluri", "lat": 3.128467, "address": "Opposite Old Town", "labeledLatLngs": [{"label": "display", "lat": 3.128467, "lng": 101.730915}], "formattedAddress": ["Opposite Old Town (Taman Maluri)", "Kuala Lumpur, Federal Territory of Kuala Lum", "Malaysia"], "country": "Malaysia"}, "categories": [{"icon": {"prefix": "https://ss3.4sqi.net/img/categories_v2/food/asian_", "suffix": ".png"}, "name": "Chinese Restaurant", "id": "4bf58dd8d48988d145941735", "pluralName": "Chinese Restaurants", "primary": true, "shortName": "Chinese"}], "verified": false, "contact": {}, "allowMenuUrlEdit": true, "stats": {"tipCount": 14, "usersCount": 417, "checkinsCount": 1053}, "id": "4dbabf190437ffd207ab8cfe", "name": "Yeng Kee Seafood Restaurant", "beenHere": {"lastCheckinExpiredAt": 0}}, "suffix": "/1144275__5q8-hCdcWpBaGDy7lxOsds0V2Tq-XVpEkHQ-oNLHbY.jpg", "visibility": "public"}, {"height": 540, "source": {"url": "https://foursquare.com/download/#/iphone", "name": "Foursquare for iOS"}, "tip": {"agreeCount": 0, "canonicalUrl": "https://foursquare.com/item/5029467ee4b0d914666364a4", "todo": {"count": 0}, "logView": true, "disagreeCount": 0, "createdAt": 1344882302, "id": "5029467ee4b0d914666364a4", "text": "Nice Sarawak Kon Lau mee.", "likes": {"groups": [], "count": 0}, "like": false, "type": "user"}, "width": 540, "prefix": "https://igx.4sqi.net/img/general/", "createdAt": 1344882304, "id": "50294680e4b0e6862003dcc3", "venue": {"like": false, "location": {"formattedAddress": ["Lot 26, Ground Floor, Foh Sang Shop Office, Off Jalan Kolam, Luyang (Lorong Kukang)", "88300 Kota Kinabalu, Sabah", "Malaysia"], "city": "Kota Kinabalu", "lng": 116.08819115906954, "cc": "MY", "state": "Sabah", "crossStreet": "Lorong Kukang", "lat": 5.957380751564378, "address": "Lot 26, Ground Floor, Foh Sang Shop Office, Off Jalan Kolam, Luyang", "labeledLatLngs": [{"label": "display", "lat": 5.957380751564378, "lng": 116.08819115906954}], "postalCode": "88300", "country": "Malaysia"}, "categories": [{"icon": {"prefix": "https://ss3.4sqi.net/img/categories_v2/food/asian_", "suffix": ".png"}, "name": "Hakka Restaurant", "id": "52af3ac83cf9994f4e043bf3", "pluralName": "Hakka Restaurants", "primary": true, "shortName": "Hakka"}], "verified": false, "contact": {"formattedPhone": "+60 16-839 1938", "phone": "+60168391938"}, "allowMenuUrlEdit": true, "stats": {"tipCount": 30, "usersCount": 1071, "checkinsCount": 2499}, "id": "4b59cab2f964a5204a9828e3", "name": "How Lee Coffee Shop \u7693\u5229\u8336\u9910\u5ba4", "beenHere": {"lastCheckinExpiredAt": 0}}, "suffix": "/V8QS5Mzdho3XoMsrBtn-hF1EkWyzthGZxJjIJ3aaFts.jpg", "visibility": "public"}, {"height": 479, "source": {"url": "https://foursquare.com/download/#/iphone", "name": "Foursquare for iOS"}, "tip": {"agreeCount": 0, "canonicalUrl": "https://foursquare.com/item/502945d4e4b0dd4acd7cca76", "todo": {"count": 0}, "logView": true, "disagreeCount": 0, "createdAt": 1344882132, "id": "502945d4e4b0dd4acd7cca76", "text": "Chicken rice every tues, thurs & sat", "likes": {"groups": [], "count": 0}, "like": false, "type": "user"}, "width": 720, "prefix": "https://igx.4sqi.net/img/general/", "createdAt": 1344882134, "id": "502945d6e4b05db3afc86550", "venue": {"like": false, "location": {"formattedAddress": ["Towering Business Centre (Off Jln Penampang)", "88200 Penampang, Sabah", "Malaysia"], "city": "Penampang", "lng": 116.08522787004247, "cc": "MY", "state": "Sabah", "crossStreet": "Off Jln Penampang", "lat": 5.931612964060642, "address": "Towering Business Centre", "labeledLatLngs": [{"label": "display", "lat": 5.931612964060642, "lng": 116.08522787004247}], "postalCode": "88200", "country": "Malaysia"}, "categories": [{"icon": {"prefix": "https://ss3.4sqi.net/img/categories_v2/food/coffeeshop_", "suffix": ".png"}, "name": "Coffee Shop", "id": "4bf58dd8d48988d1e0931735", "pluralName": "Coffee Shops", "primary": true, "shortName": "Coffee Shop"}], "verified": false, "contact": {"formattedPhone": "+60 88-726 651", "phone": "+6088726651"}, "allowMenuUrlEdit": true, "stats": {"tipCount": 23, "usersCount": 590, "checkinsCount": 1465}, "id": "4c8f16704e95236a0c6281ca", "name": "Kedai Kopi Syn Lee", "beenHere": {"lastCheckinExpiredAt": 0}}, "suffix": "/hX6Eb0rIgf15Y_Vc0d3l2ml9llspmov4U3dU1Ko_isE.jpg", "visibility": "public"}, {"height": 540, "source": {"url": "https://foursquare.com/download/#/iphone", "name": "Foursquare for iOS"}, "tip": {"agreeCount": 1, "canonicalUrl": "https://foursquare.com/item/502944f1e4b00b8fac2e10dd", "todo": {"count": 0}, "logView": true, "disagreeCount": 0, "createdAt": 1344881905, "id": "502944f1e4b00b8fac2e10dd", "text": "Pretty good herbal base Bak kut teh here. It is full every night.", "likes": {"groups": [{"items": [{"photo": {"prefix": "https://igx.4sqi.net/img/user/", "suffix": "/4VBEIJVVIERR0V3D.jpg"}, "id": "13196458", "firstName": "Jennifer", "gender": "female", "lastName": "Sii"}], "count": 1, "type": "others"}], "count": 1, "summary": "1 like"}, "like": false, "type": "user"}, "width": 540, "prefix": "https://igx.4sqi.net/img/general/", "createdAt": 1344881907, "id": "502944f3e4b00bbc7b38ca89", "venue": {"like": false, "location": {"formattedAddress": ["No. 74, Jalan Gaya (Jalan Gaya)", "88000 Kota Kinabalu, Sabah", "Malaysia"], "city": "Kota Kinabalu", "lng": 116.0776790142751, "cc": "MY", "state": "Sabah", "crossStreet": "Jalan Gaya", "lat": 5.984746679590586, "address": "No. 74, Jalan Gaya", "labeledLatLngs": [{"label": "display", "lat": 5.984746679590586, "lng": 116.0776790142751}], "postalCode": "88000", "country": "Malaysia"}, "categories": [{"icon": {"prefix": "https://ss3.4sqi.net/img/categories_v2/food/asian_", "suffix": ".png"}, "name": "Chinese Restaurant", "id": "4bf58dd8d48988d145941735", "pluralName": "Chinese Restaurants", "primary": true, "shortName": "Chinese"}], "verified": false, "contact": {"formattedPhone": "+60 88-221 192", "phone": "+6088221192"}, "allowMenuUrlEdit": true, "stats": {"tipCount": 64, "usersCount": 1841, "checkinsCount": 3319}, "id": "4ce79b8db9975481486cf744", "name": "Yu Kee Bak Kut Teh (\u4f51\u8a18\u8089\u9aa8\u8336)", "beenHere": {"lastCheckinExpiredAt": 0}}, "suffix": "/jzZZeN3jKRy7sZPJpW5eXy9Zb5cc-MBYGiTKGO3BkjY.jpg", "visibility": "public"}, {"height": 540, "source": {"url": "https://foursquare.com/download/#/iphone", "name": "Foursquare for iOS"}, "tip": {"agreeCount": 0, "canonicalUrl": "https://foursquare.com/item/5029447fe4b040ed53ebca21", "todo": {"count": 0}, "logView": true, "disagreeCount": 0, "createdAt": 1344881791, "id": "5029447fe4b040ed53ebca21", "text": "Best honey roasted pork ribs!", "likes": {"groups": [], "count": 0}, "like": false, "type": "user"}, "width": 540, "prefix": "https://igx.4sqi.net/img/general/", "createdAt": 1344881793, "id": "50294481e4b043587af5c5e3", "venue": {"like": false, "location": {"formattedAddress": ["Lot 6, Ground Floor Block A, Bandar Pasaraya, Bandar Pasaraya, Off Jalan Utara (Lorong Pasaraya A)", "90000 Sandakan, Sabah", "Malaysia"], "city": "Sandakan", "lng": 118.07903497928696, "cc": "MY", "state": "Sabah", "crossStreet": "Lorong Pasaraya A", "lat": 5.8566464291403415, "address": "Lot 6, Ground Floor Block A, Bandar Pasaraya, Bandar Pasaraya, Off Jalan Utara", "labeledLatLngs": [{"label": "display", "lat": 5.8566464291403415, "lng": 118.07903497928696}], "postalCode": "90000", "country": "Malaysia"}, "categories": [{"icon": {"prefix": "https://ss3.4sqi.net/img/categories_v2/food/bbqalt_", "suffix": ".png"}, "name": "BBQ Joint", "id": "4bf58dd8d48988d1df931735", "pluralName": "BBQ Joints", "primary": true, "shortName": "BBQ"}], "verified": false, "contact": {}, "allowMenuUrlEdit": true, "stats": {"tipCount": 2, "usersCount": 137, "checkinsCount": 468}, "id": "4c300009ed37a593c0566803", "name": "Tien Kee Restaurant \u7530\u8a18\u6e2f\u5f0f\u71d2\u814a", "beenHere": {"lastCheckinExpiredAt": 0}}, "suffix": "/YFllgrbT98SD3B3bSG0Ryy1_IVZR0cYRd9-FXxnctN4.jpg", "visibility": "public"}, {"height": 540, "source": {"url": "https://foursquare.com/download/#/iphone", "name": "Foursquare for iOS"}, "tip": {"agreeCount": 0, "canonicalUrl": "https://foursquare.com/item/50294439e4b0f46ccf8bd680", "todo": {"count": 0}, "logView": true, "disagreeCount": 0, "createdAt": 1344881721, "id": "50294439e4b0f46ccf8bd680", "text": "I love their chocolate fondant!", "likes": {"groups": [], "count": 0}, "like": false, "type": "user"}, "width": 540, "prefix": "https://igx.4sqi.net/img/general/", "createdAt": 1344881723, "id": "5029443be4b0f675682f1e12", "venue": {"closed": true, "like": false, "location": {"formattedAddress": ["Lot 21-0, Lorong Lintas Plaza 3 (Lintas Plaza)", "88200 Kota Kinabalu, Sabah", "Malaysia"], "city": "Kota Kinabalu", "lng": 116.08826350865439, "cc": "MY", "state": "Sabah", "lat": 5.946586845122152, "address": "Lot 21-0, Lorong Lintas Plaza 3", "crossStreet": "Lintas Plaza", "postalCode": "88200", "country": "Malaysia"}, "categories": [{"icon": {"prefix": "https://ss3.4sqi.net/img/categories_v2/nightlife/pub_", "suffix": ".png"}, "name": "Bar", "id": "4bf58dd8d48988d116941735", "pluralName": "Bars", "primary": true, "shortName": "Bar"}], "verified": false, "contact": {"formattedPhone": "+60 88-218 210", "phone": "+6088218210"}, "allowMenuUrlEdit": true, "stats": {"tipCount": 55, "usersCount": 1621, "checkinsCount": 3477}, "id": "4ce1149fffcf3704c17f2382", "name": "Party Play", "beenHere": {"lastCheckinExpiredAt": 0}}, "suffix": "/n8QCGtFum8MEuLilWPPYf7w11WlFFdN7dWZxHFSWrt0.jpg", "visibility": "public"}, {"height": 540, "source": {"url": "https://foursquare.com/download/#/iphone", "name": "Foursquare for iOS"}, "tip": {"agreeCount": 0, "canonicalUrl": "https://foursquare.com/item/502943d1e4b00b8fac2d76e6", "todo": {"count": 0}, "logView": true, "disagreeCount": 0, "createdAt": 1344881617, "id": "502943d1e4b00b8fac2d76e6", "text": "Delicious lobster spaghetti. Pasta cooked al dente.", "likes": {"groups": [], "count": 0}, "like": false, "type": "user"}, "width": 540, "prefix": "https://igx.4sqi.net/img/general/", "createdAt": 1344881619, "id": "502943d3e4b08c739caa0568", "venue": {"url": "http://www.grazieristorantekk.com", "like": false, "location": {"formattedAddress": ["3rd Floor, Lot 3-36, next to City Grocer (Suria Sabah Shopping Mall)", "88000 Kota Kinabalu, Sabah", "Malaysia"], "city": "Kota Kinabalu", "lng": 116.07644970688081, "cc": "MY", "state": "Sabah", "crossStreet": "Suria Sabah Shopping Mall", "lat": 5.986727305432497, "address": "3rd Floor, Lot 3-36, next to City Grocer", "labeledLatLngs": [{"label": "display", "lat": 5.986727305432497, "lng": 116.07644970688081}], "postalCode": "88000", "country": "Malaysia"}, "categories": [{"icon": {"prefix": "https://ss3.4sqi.net/img/categories_v2/food/italian_", "suffix": ".png"}, "name": "Italian Restaurant", "id": "4bf58dd8d48988d110941735", "pluralName": "Italian Restaurants", "primary": true, "shortName": "Italian"}], "verified": false, "contact": {"formattedPhone": "+60 19-821 6936", "phone": "+60198216936"}, "allowMenuUrlEdit": true, "stats": {"tipCount": 26, "usersCount": 341, "checkinsCount": 542}, "id": "4cebb1759f776ea8f4316f22", "name": "Grazie Caf\u00e9", "beenHere": {"lastCheckinExpiredAt": 0}}, "suffix": "/oqXgAvqTgoxysRDVGRrVwUtB_LVw1cEFrfVsMnkAxg0.jpg", "visibility": "public"}, {"height": 540, "source": {"url": "https://foursquare.com/download/#/iphone", "name": "Foursquare for iOS"}, "tip": {"agreeCount": 0, "canonicalUrl": "https://foursquare.com/item/502943bae4b05db3afc74927", "todo": {"count": 0}, "logView": true, "disagreeCount": 0, "createdAt": 1344881594, "id": "502943bae4b05db3afc74927", "text": "Mushroom soup. Small portion but good quality!", "likes": {"groups": [], "count": 0}, "like": false, "type": "user"}, "width": 540, "prefix": "https://igx.4sqi.net/img/general/", "createdAt": 1344881595, "id": "502943bbe4b06553e343edab", "venue": {"url": "http://www.grazieristorantekk.com", "like": false, "location": {"formattedAddress": ["3rd Floor, Lot 3-36, next to City Grocer (Suria Sabah Shopping Mall)", "88000 Kota Kinabalu, Sabah", "Malaysia"], "city": "Kota Kinabalu", "lng": 116.07644970688081, "cc": "MY", "state": "Sabah", "crossStreet": "Suria Sabah Shopping Mall", "lat": 5.986727305432497, "address": "3rd Floor, Lot 3-36, next to City Grocer", "labeledLatLngs": [{"label": "display", "lat": 5.986727305432497, "lng": 116.07644970688081}], "postalCode": "88000", "country": "Malaysia"}, "categories": [{"icon": {"prefix": "https://ss3.4sqi.net/img/categories_v2/food/italian_", "suffix": ".png"}, "name": "Italian Restaurant", "id": "4bf58dd8d48988d110941735", "pluralName": "Italian Restaurants", "primary": true, "shortName": "Italian"}], "verified": false, "contact": {"formattedPhone": "+60 19-821 6936", "phone": "+60198216936"}, "allowMenuUrlEdit": true, "stats": {"tipCount": 26, "usersCount": 341, "checkinsCount": 542}, "id": "4cebb1759f776ea8f4316f22", "name": "Grazie Caf\u00e9", "beenHere": {"lastCheckinExpiredAt": 0}}, "suffix": "/eHL5PJJt4CjwhDG7AFdGJ-q6xW5ZIGN5_WRFOn3hPcs.jpg", "visibility": "public"}, {"height": 540, "source": {"url": "https://foursquare.com/download/#/iphone", "name": "Foursquare for iOS"}, "tip": {"agreeCount": 0, "canonicalUrl": "https://foursquare.com/item/5029439ee4b0d14d96a18c50", "todo": {"count": 0}, "logView": true, "disagreeCount": 0, "createdAt": 1344881566, "id": "5029439ee4b0d14d96a18c50", "text": "Beef carpaccio.", "likes": {"groups": [], "count": 0}, "like": false, "type": "user"}, "width": 540, "prefix": "https://igx.4sqi.net/img/general/", "createdAt": 1344881568, "id": "502943a0e4b0f66ff9a7d981", "venue": {"url": "http://www.grazieristorantekk.com", "like": false, "location": {"formattedAddress": ["3rd Floor, Lot 3-36, next to City Grocer (Suria Sabah Shopping Mall)", "88000 Kota Kinabalu, Sabah", "Malaysia"], "city": "Kota Kinabalu", "lng": 116.07644970688081, "cc": "MY", "state": "Sabah", "crossStreet": "Suria Sabah Shopping Mall", "lat": 5.986727305432497, "address": "3rd Floor, Lot 3-36, next to City Grocer", "labeledLatLngs": [{"label": "display", "lat": 5.986727305432497, "lng": 116.07644970688081}], "postalCode": "88000", "country": "Malaysia"}, "categories": [{"icon": {"prefix": "https://ss3.4sqi.net/img/categories_v2/food/italian_", "suffix": ".png"}, "name": "Italian Restaurant", "id": "4bf58dd8d48988d110941735", "pluralName": "Italian Restaurants", "primary": true, "shortName": "Italian"}], "verified": false, "contact": {"formattedPhone": "+60 19-821 6936", "phone": "+60198216936"}, "allowMenuUrlEdit": true, "stats": {"tipCount": 26, "usersCount": 341, "checkinsCount": 542}, "id": "4cebb1759f776ea8f4316f22", "name": "Grazie Caf\u00e9", "beenHere": {"lastCheckinExpiredAt": 0}}, "suffix": "/W7Cqfnou_FUjXiG9nNRTl1H0n0MLyzBs6Jhz31yQg3M.jpg", "visibility": "public"}, {"height": 540, "source": {"url": "https://foursquare.com/download/#/iphone", "name": "Foursquare for iOS"}, "tip": {"agreeCount": 0, "canonicalUrl": "https://foursquare.com/item/5029436fe4b069e8b649116f", "todo": {"count": 0}, "logView": true, "disagreeCount": 0, "createdAt": 1344881519, "id": "5029436fe4b069e8b649116f", "text": "Very, very good Italian food! We had the beef carpaccio, homemade mushroom soup, margarita pizza and lobster spaghetti. Everything was delicious!", "likes": {"groups": [], "count": 0}, "like": false, "type": "user"}, "width": 540, "prefix": "https://igx.4sqi.net/img/general/", "createdAt": 1344881522, "id": "50294372e4b064c42d68fb61", "venue": {"url": "http://www.grazieristorantekk.com", "like": false, "location": {"formattedAddress": ["3rd Floor, Lot 3-36, next to City Grocer (Suria Sabah Shopping Mall)", "88000 Kota Kinabalu, Sabah", "Malaysia"], "city": "Kota Kinabalu", "lng": 116.07644970688081, "cc": "MY", "state": "Sabah", "crossStreet": "Suria Sabah Shopping Mall", "lat": 5.986727305432497, "address": "3rd Floor, Lot 3-36, next to City Grocer", "labeledLatLngs": [{"label": "display", "lat": 5.986727305432497, "lng": 116.07644970688081}], "postalCode": "88000", "country": "Malaysia"}, "categories": [{"icon": {"prefix": "https://ss3.4sqi.net/img/categories_v2/food/italian_", "suffix": ".png"}, "name": "Italian Restaurant", "id": "4bf58dd8d48988d110941735", "pluralName": "Italian Restaurants", "primary": true, "shortName": "Italian"}], "verified": false, "contact": {"formattedPhone": "+60 19-821 6936", "phone": "+60198216936"}, "allowMenuUrlEdit": true, "stats": {"tipCount": 26, "usersCount": 341, "checkinsCount": 542}, "id": "4cebb1759f776ea8f4316f22", "name": "Grazie Caf\u00e9", "beenHere": {"lastCheckinExpiredAt": 0}}, "suffix": "/0OlAq9Vz0edlYDPvu3SlKKXjNqEKaKMCeLWRMOj2XQ8.jpg", "visibility": "public"}, {"height": 540, "source": {"url": "https://foursquare.com/download/#/iphone", "name": "Foursquare for iOS"}, "tip": {"agreeCount": 0, "canonicalUrl": "https://foursquare.com/item/502942f5e4b06553e3438193", "todo": {"count": 0}, "logView": true, "disagreeCount": 0, "createdAt": 1344881397, "id": "502942f5e4b06553e3438193", "text": "Best Tom Yum noodles here, though it has got some coconut milk added.", "likes": {"groups": [], "count": 0}, "like": false, "type": "user"}, "width": 540, "prefix": "https://igx.4sqi.net/img/general/", "createdAt": 1344881399, "id": "502942f7e4b0844f90331be6", "venue": {"like": false, "location": {"formattedAddress": ["Taman Hiltop (Off Jalan Plaza)", "88300 Kota Kinabalu, Sabah", "Malaysia"], "city": "Kota Kinabalu", "lng": 116.09253988842637, "cc": "MY", "state": "Sabah", "crossStreet": "Off Jalan Plaza", "lat": 5.950226519811593, "address": "Taman Hiltop", "labeledLatLngs": [{"label": "display", "lat": 5.950226519811593, "lng": 116.09253988842637}], "postalCode": "88300", "country": "Malaysia"}, "categories": [{"icon": {"prefix": "https://ss3.4sqi.net/img/categories_v2/food/seafood_", "suffix": ".png"}, "name": "Seafood Restaurant", "id": "4bf58dd8d48988d1ce941735", "pluralName": "Seafood Restaurants", "primary": true, "shortName": "Seafood"}], "verified": false, "contact": {}, "allowMenuUrlEdit": true, "stats": {"tipCount": 43, "usersCount": 1048, "checkinsCount": 2047}, "id": "4e2a19c718387cce06643c8d", "name": "Kedai Kopi Janggut \u9b0d\u9b1a\u4f6c\u8336\u9910\u5ba4", "beenHere": {"lastCheckinExpiredAt": 0}}, "suffix": "/bF3pkrX5zaL6oABwNu38YexIvwb-dZZK2v1TwOpiQG4.jpg", "visibility": "public"}, {"height": 540, "source": {"url": "https://foursquare.com/download/#/iphone", "name": "Foursquare for iOS"}, "tip": {"agreeCount": 0, "canonicalUrl": "https://foursquare.com/item/5029410fe4b081bd6e5d2eff", "todo": {"count": 0}, "logView": true, "disagreeCount": 0, "createdAt": 1344880911, "id": "5029410fe4b081bd6e5d2eff", "text": "Best golden custard bun ever! The management has got to work on service though.", "likes": {"groups": [], "count": 0}, "like": false, "type": "user"}, "width": 540, "prefix": "https://igx.4sqi.net/img/general/", "createdAt": 1344880914, "id": "50294112e4b064c42d67b16e", "venue": {"url": "http://www.grandimperial.com.my/index.php?option=com_content&view=article&id=99&Itemid=81.", "like": false, "location": {"formattedAddress": ["Hartamas Shopping Centre (Lot F33-F35, 1st Floor)", "50480 Kuala Lumpur, Kuala Lumpur", "Malaysia"], "city": "Kuala Lumpur", "lng": 101.65615569359547, "cc": "MY", "state": "Kuala Lumpur", "crossStreet": "Lot F33-F35, 1st Floor", "lat": 3.163235010551941, "address": "Hartamas Shopping Centre", "labeledLatLngs": [{"label": "display", "lat": 3.163235010551941, "lng": 101.65615569359547}], "postalCode": "50480", "country": "Malaysia"}, "categories": [{"icon": {"prefix": "https://ss3.4sqi.net/img/categories_v2/food/asian_", "suffix": ".png"}, "name": "Chinese Restaurant", "id": "4bf58dd8d48988d145941735", "pluralName": "Chinese Restaurants", "primary": true, "shortName": "Chinese"}], "verified": false, "contact": {"formattedPhone": "+60 3-6201 3777", "phone": "+60362013777"}, "allowMenuUrlEdit": true, "stats": {"tipCount": 75, "usersCount": 4377, "checkinsCount": 8478}, "id": "4b261b27f964a520867824e3", "name": "Grand Imperial Restaurant", "beenHere": {"lastCheckinExpiredAt": 0}}, "suffix": "/9ge-u1oXhbyIq150gimXWgrLyRtJUZ862B9brMGTI_w.jpg", "visibility": "public"}, {"height": 540, "source": {"url": "https://foursquare.com/download/#/iphone", "name": "Foursquare for iOS"}, "tip": {"agreeCount": 2, "canonicalUrl": "https://foursquare.com/item/5027d5b0e4b098a561f6f6c8", "todo": {"count": 1}, "logView": true, "disagreeCount": 0, "createdAt": 1344787888, "id": "5027d5b0e4b098a561f6f6c8", "text": "Delicious satay!", "likes": {"groups": [{"items": [{"photo": {"prefix": "https://igx.4sqi.net/img/user/", "suffix": "/GT5EIP3ECSE3M54Q.jpg"}, "id": "19010308", "firstName": "KhairiS", "gender": "none", "lastName": "Sanusi"}, {"photo": {"prefix": "https://igx.4sqi.net/img/user/", "suffix": "/19454244-AY5G5SO5IL4CYJKD.jpg"}, "id": "19454244", "firstName": "Reza", "gender": "male", "lastName": "Nizam"}], "count": 2, "type": "others"}], "count": 2, "summary": "2 likes"}, "like": false, "type": "user"}, "width": 540, "prefix": "https://igx.4sqi.net/img/general/", "createdAt": 1344787893, "id": "5027d5b5e4b030d4ed485dee", "venue": {"like": false, "location": {"formattedAddress": ["Kajang", "43000 Kajang, Selangor", "Malaysia"], "city": "Kajang", "lng": 101.78606745716779, "cc": "MY", "state": "Selangor", "lat": 3.00324285620125, "address": "Kajang", "labeledLatLngs": [{"label": "display", "lat": 3.00324285620125, "lng": 101.78606745716779}], "postalCode": "43000", "country": "Malaysia"}, "categories": [{"icon": {"prefix": "https://ss3.4sqi.net/img/categories_v2/food/malaysian_", "suffix": ".png"}, "name": "Malay Restaurant", "id": "4bf58dd8d48988d156941735", "pluralName": "Malay Restaurants", "primary": true, "shortName": "Malay"}], "verified": false, "contact": {}, "allowMenuUrlEdit": true, "stats": {"tipCount": 54, "usersCount": 1831, "checkinsCount": 3048}, "id": "4d4379171928a35d3abdae70", "name": "D'Muar Restoran", "beenHere": {"lastCheckinExpiredAt": 0}}, "suffix": "/lrWDgi1lAQgkS7BVNPIf1usfGzKa9X31UrzCnwifa8Y.jpg", "visibility": "public"}, {"height": 540, "source": {"url": "https://foursquare.com/download/#/iphone", "name": "Foursquare for iOS"}, "width": 540, "prefix": "https://igx.4sqi.net/img/general/", "createdAt": 1344787808, "id": "5027d560e4b057b8a4285f93", "venue": {"like": false, "location": {"formattedAddress": ["Kajang", "43000 Kajang, Selangor", "Malaysia"], "city": "Kajang", "lng": 101.78606745716779, "cc": "MY", "state": "Selangor", "lat": 3.00324285620125, "address": "Kajang", "labeledLatLngs": [{"label": "display", "lat": 3.00324285620125, "lng": 101.78606745716779}], "postalCode": "43000", "country": "Malaysia"}, "categories": [{"icon": {"prefix": "https://ss3.4sqi.net/img/categories_v2/food/malaysian_", "suffix": ".png"}, "name": "Malay Restaurant", "id": "4bf58dd8d48988d156941735", "pluralName": "Malay Restaurants", "primary": true, "shortName": "Malay"}], "verified": false, "contact": {}, "allowMenuUrlEdit": true, "stats": {"tipCount": 54, "usersCount": 1831, "checkinsCount": 3048}, "id": "4d4379171928a35d3abdae70", "name": "D'Muar Restoran", "beenHere": {"lastCheckinExpiredAt": 0}}, "suffix": "/dTzgG6j0PBAIBOLQZXgusa9-2qwukYSygqglpivOgJI.jpg", "visibility": "public"}, {"height": 540, "source": {"url": "https://foursquare.com/download/#/iphone", "name": "Foursquare for iOS"}, "width": 540, "prefix": "https://igx.4sqi.net/img/general/", "createdAt": 1344582018, "id": "5024b182e4b0f83c63eb6d3b", "venue": {"like": false, "location": {"formattedAddress": ["48 Lorong Pokok Kayu Manis 2", "88300 Kota Kinabalu, Sabah", "Malaysia"], "city": "Kota Kinabalu", "lng": 116.09170885671361, "cc": "MY", "state": "Sabah", "lat": 5.962116718888443, "address": "48 Lorong Pokok Kayu Manis 2", "labeledLatLngs": [{"label": "display", "lat": 5.962116718888443, "lng": 116.09170885671361}], "postalCode": "88300", "country": "Malaysia"}, "categories": [{"icon": {"prefix": "https://ss3.4sqi.net/img/categories_v2/food/thai_", "suffix": ".png"}, "name": "Thai Restaurant", "id": "4bf58dd8d48988d149941735", "pluralName": "Thai Restaurants", "primary": true, "shortName": "Thai"}], "verified": false, "contact": {}, "allowMenuUrlEdit": true, "stats": {"tipCount": 25, "usersCount": 363, "checkinsCount": 687}, "id": "4c3c4811933b0f474dcae321", "name": "Nok Thai Restaurant", "beenHere": {"lastCheckinExpiredAt": 0}}, "suffix": "/EmTcpebAqMuc5OwS4-bHUM-XLU_-PC91-J0xrZKC43I.jpg", "visibility": "public"}, {"height": 540, "source": {"url": "https://foursquare.com/download/#/iphone", "name": "Foursquare for iOS"}, "tip": {"agreeCount": 0, "canonicalUrl": "https://foursquare.com/item/501e65b1e4b0d43ab61e7aa8", "todo": {"count": 0}, "logView": true, "disagreeCount": 0, "createdAt": 1344169393, "id": "501e65b1e4b0d43ab61e7aa8", "text": "Love the ABC + avocado here!", "likes": {"groups": [], "count": 0}, "like": false, "type": "user"}, "width": 540, "prefix": "https://igx.4sqi.net/img/general/", "createdAt": 1344169398, "id": "501e65b6e4b05e0d9607183c", "venue": {"like": false, "location": {"city": "Sandakan", "lng": 118.073558910133, "cc": "MY", "state": "Sabah", "lat": 5.857098642723094, "address": "Bandar Prima", "labeledLatLngs": [{"label": "display", "lat": 5.857098642723094, "lng": 118.073558910133}], "formattedAddress": ["Bandar Prima", "Sandakan, Sabah", "Malaysia"], "country": "Malaysia"}, "categories": [{"icon": {"prefix": "https://ss3.4sqi.net/img/categories_v2/food/asian_", "suffix": ".png"}, "name": "Chinese Restaurant", "id": "4bf58dd8d48988d145941735", "pluralName": "Chinese Restaurants", "primary": true, "shortName": "Chinese"}], "verified": false, "contact": {}, "allowMenuUrlEdit": true, "stats": {"tipCount": 2, "usersCount": 31, "checkinsCount": 48}, "id": "4d8827736daeb60ccc0036e0", "name": "Kedai Makan Pin Xiang", "beenHere": {"lastCheckinExpiredAt": 0}}, "suffix": "/uKTEbuSNiDFloSC2GDra0RSnqttIn0lcL9RHz2bh194.jpg", "visibility": "public"}, {"height": 540, "source": {"url": "https://foursquare.com/download/#/iphone", "name": "Foursquare for iOS"}, "tip": {"agreeCount": 1, "canonicalUrl": "https://foursquare.com/item/501e6574e4b04e60b90c2339", "todo": {"count": 0}, "logView": true, "disagreeCount": 0, "createdAt": 1344169332, "id": "501e6574e4b04e60b90c2339", "text": "Gotta try the lobster or tiger prawn yee mee!", "likes": {"groups": [{"items": [{"photo": {"prefix": "https://igx.4sqi.net/img/user/", "suffix": "/12953787-QKOUVJ53P24LDJUO.jpg"}, "id": "12953787", "firstName": "Fadirah", "gender": "female", "lastName": "Baharuddin"}], "count": 1, "type": "others"}], "count": 1, "summary": "1 like"}, "like": false, "type": "user"}, "width": 540, "prefix": "https://igx.4sqi.net/img/general/", "createdAt": 1344169338, "id": "501e657ae4b0a0a800ce90ac", "venue": {"like": false, "location": {"formattedAddress": ["Jalan Bokara (Off Jalan Bokara)", "90000 Sandakan, Sabah", "Malaysia"], "city": "Sandakan", "lng": 118.08320193640287, "cc": "MY", "state": "Sabah", "crossStreet": "Off Jalan Bokara", "lat": 5.822591905794, "address": "Jalan Bokara", "labeledLatLngs": [{"label": "display", "lat": 5.822591905794, "lng": 118.08320193640287}], "postalCode": "90000", "country": "Malaysia"}, "categories": [{"icon": {"prefix": "https://ss3.4sqi.net/img/categories_v2/food/seafood_", "suffix": ".png"}, "name": "Seafood Restaurant", "id": "4bf58dd8d48988d1ce941735", "pluralName": "Seafood Restaurants", "primary": true, "shortName": "Seafood"}], "verified": false, "contact": {}, "allowMenuUrlEdit": true, "stats": {"tipCount": 9, "usersCount": 349, "checkinsCount": 452}, "id": "4db172731e729fcc56519578", "name": "Pusat Makanan Laut Pasir Putih (Baru) \u65b0\u767d\u6c99\u5c97\u6d77\u9c9c\u6a13", "beenHere": {"lastCheckinExpiredAt": 0}}, "suffix": "/6zqRGlon-LU2ZdwqUhC-_Bfyp8t3U3yFIGx_5JFUy0I.jpg", "visibility": "public"}, {"height": 720, "source": {"url": "https://foursquare.com/download/#/iphone", "name": "Foursquare for iOS"}, "tip": {"agreeCount": 0, "canonicalUrl": "https://foursquare.com/item/4e33e15f62e1733d7aa67473", "todo": {"count": 0}, "logView": true, "disagreeCount": 0, "createdAt": 1312022879, "id": "4e33e15f62e1733d7aa67473", "text": "Best fish head curry!", "likes": {"groups": [], "count": 0}, "like": false, "type": "user"}, "width": 537, "prefix": "https://igx.4sqi.net/img/general/", "createdAt": 1312022888, "id": "4e33e168aeb72268626120fa", "venue": {"like": false, "location": {"city": "Sandakan", "lng": 118.07470858097076, "cc": "MY", "state": "Sabah", "lat": 5.85447340456085, "address": "Bandar indah", "labeledLatLngs": [{"label": "display", "lat": 5.85447340456085, "lng": 118.07470858097076}], "formattedAddress": ["Bandar indah", "Sandakan, Sabah", "Malaysia"], "country": "Malaysia"}, "categories": [{"icon": {"prefix": "https://ss3.4sqi.net/img/categories_v2/food/indian_", "suffix": ".png"}, "name": "Indian Restaurant", "id": "4bf58dd8d48988d10f941735", "pluralName": "Indian Restaurants", "primary": true, "shortName": "Indian"}], "verified": false, "contact": {}, "allowMenuUrlEdit": true, "stats": {"tipCount": 5, "usersCount": 128, "checkinsCount": 288}, "id": "4cda0cfbb1d8a090e69454e0", "name": "Sandakan Curry House", "beenHere": {"lastCheckinExpiredAt": 0}}, "suffix": "/S2CM3VJK4FECBRRTQTRUIJFSEZD3PWCBA1XZBRKAJLTLTK10.jpg", "visibility": "public"}, {"height": 720, "source": {"url": "https://foursquare.com/download/#/iphone", "name": "Foursquare for iOS"}, "width": 537, "prefix": "https://igx.4sqi.net/img/general/", "createdAt": 1312022769, "id": "4e33e0f162e1733d7aa6705c", "venue": {"like": false, "location": {"city": "Sandakan", "lng": 118.07309589438051, "cc": "MY", "state": "Sabah", "lat": 5.854289113847485, "address": "taman indah", "labeledLatLngs": [{"label": "display", "lat": 5.854289113847485, "lng": 118.07309589438051}], "formattedAddress": ["taman indah", "Sandakan, Sabah", "Malaysia"], "country": "Malaysia"}, "categories": [{"icon": {"prefix": "https://ss3.4sqi.net/img/categories_v2/food/cafe_", "suffix": ".png"}, "name": "Caf\u00e9", "id": "4bf58dd8d48988d16d941735", "pluralName": "Caf\u00e9s", "primary": true, "shortName": "Caf\u00e9"}], "verified": false, "contact": {}, "allowMenuUrlEdit": true, "stats": {"tipCount": 10, "usersCount": 464, "checkinsCount": 1259}, "id": "4c0374370b8eef3bfdb8b882", "name": "QQ Ice", "beenHere": {"lastCheckinExpiredAt": 0}}, "suffix": "/WN3LSDA4VOB4FPWYFQIGU0VMIQS12UZXLXJV2ILIFGTMOMRM.jpg", "visibility": "public"}, {"height": 720, "source": {"url": "https://foursquare.com/download/#/iphone", "name": "Foursquare for iOS"}, "width": 540, "prefix": "https://igx.4sqi.net/img/general/", "createdAt": 1306748762, "id": "4de3675aa12d480b8d6c11ce", "venue": {"url": "http://www.urbanspoon.com/m/r/71/760153", "like": false, "location": {"formattedAddress": ["Alan Gilbert Building, 161 Barry St (Grattan St)", "Carlton VIC 3053", "Australia"], "city": "Carlton", "lng": 144.959569, "cc": "AU", "state": "VIC", "crossStreet": "Grattan St", "lat": -37.799993, "address": "Alan Gilbert Building, 161 Barry St", "labeledLatLngs": [{"label": "display", "lat": -37.799993, "lng": 144.959569}], "postalCode": "3053", "country": "Australia"}, "categories": [{"icon": {"prefix": "https://ss3.4sqi.net/img/categories_v2/food/coffeeshop_", "suffix": ".png"}, "name": "Coffee Shop", "id": "4bf58dd8d48988d1e0931735", "pluralName": "Coffee Shops", "primary": true, "shortName": "Coffee Shop"}], "verified": false, "contact": {"formattedPhone": "+61 3 9347 2777", "phone": "+61393472777"}, "allowMenuUrlEdit": true, "stats": {"tipCount": 11, "usersCount": 254, "checkinsCount": 757}, "id": "4b058747f964a5207e8822e3", "name": "Baretto Espresso Bar", "beenHere": {"lastCheckinExpiredAt": 0}}, "suffix": "/QHFODGUG0X5KMBFKKBF4AOWEGN23JKVQPWMH1MRBOILE30DZ.jpg", "visibility": "public"}, {"height": 540, "source": {"url": "https://foursquare.com/download/#/iphone", "name": "Foursquare for iOS"}, "width": 720, "prefix": "https://igx.4sqi.net/img/general/", "createdAt": 1297686019, "id": "4d591e03ac4028fd0630b3a6", "venue": {"url": "http://www.laurent.com.au", "like": false, "location": {"formattedAddress": ["306 Little Collins St", "Melbourne VIC 3000", "Australia"], "city": "Melbourne", "lng": 144.964511, "cc": "AU", "state": "VIC", "lat": -37.8149, "address": "306 Little Collins St", "labeledLatLngs": [{"label": "display", "lat": -37.8149, "lng": 144.964511}], "postalCode": "3000", "country": "Australia"}, "categories": [{"icon": {"prefix": "https://ss3.4sqi.net/img/categories_v2/food/cafe_", "suffix": ".png"}, "name": "Caf\u00e9", "id": "4bf58dd8d48988d16d941735", "pluralName": "Caf\u00e9s", "primary": true, "shortName": "Caf\u00e9"}], "verified": false, "contact": {"formattedPhone": "+61 3 9654 1011", "phone": "+61396541011"}, "allowMenuUrlEdit": true, "stats": {"tipCount": 33, "usersCount": 1334, "checkinsCount": 2328}, "id": "4b058753f964a520208c22e3", "name": "Laurent Patisserie", "beenHere": {"lastCheckinExpiredAt": 0}}, "suffix": "/IRFWRGXDXZMASTBOSBMXN5WWLPVBTZC1V5L0YEYUXY0XONHK.jpg", "visibility": "public"}, {"height": 720, "source": {"url": "https://foursquare.com/download/#/iphone", "name": "Foursquare for iOS"}, "width": 540, "prefix": "https://igx.4sqi.net/img/general/", "createdAt": 1297685952, "id": "4d591dc0c975a34045aa4d3e", "venue": {"location": {"formattedAddress": ["560 Chapel St.", "South Yarra VIC 3141", "Australia"], "city": "South Yarra", "lng": 144.99525536740393, "cc": "AU", "state": "VIC", "lat": -37.8406362253357, "address": "560 Chapel St.", "postalCode": "3141", "country": "Australia"}, "contact": {"formattedPhone": "+61 3 9826 2888", "phone": "+61398262888"}, "verified": false, "allowMenuUrlEdit": true, "stats": {"tipCount": 16, "usersCount": 984, "checkinsCount": 1720}, "menu": {"label": "Menu", "anchor": "View Menu", "mobileUrl": "https://foursquare.com/v/4b05874ef964a520ca8a22e3/device_menu", "url": "https://foursquare.com/v/caf%C3%A9-greco/4b05874ef964a520ca8a22e3/menu", "type": "Menu"}, "beenHere": {"lastCheckinExpiredAt": 0}, "hasMenu": true, "closed": true, "like": false, "categories": [{"icon": {"prefix": "https://ss3.4sqi.net/img/categories_v2/food/greek_", "suffix": ".png"}, "name": "Greek Restaurant", "id": "4bf58dd8d48988d10e941735", "pluralName": "Greek Restaurants", "primary": true, "shortName": "Greek"}], "id": "4b05874ef964a520ca8a22e3", "name": "Caf\u00e9 Greco"}, "suffix": "/JVFHTJAFAGEO4EBIPTSVLP44G4CQXKUFBYL00O3Q53LXOJQX.jpg", "visibility": "public"}, {"height": 720, "source": {"url": "https://foursquare.com/download/#/iphone", "name": "Foursquare for iOS"}, "width": 540, "prefix": "https://igx.4sqi.net/img/general/", "createdAt": 1296181306, "id": "4d42283aac2ba340fc762978", "venue": {"hasMenu": true, "location": {"formattedAddress": ["173 Chapel St (High St.)", "Windsor VIC 3181", "Australia"], "city": "Windsor", "lng": 144.99334554070649, "cc": "AU", "state": "VIC", "crossStreet": "High St.", "lat": -37.85212000944072, "address": "173 Chapel St", "labeledLatLngs": [{"label": "display", "lat": -37.85212000944072, "lng": 144.99334554070649}], "postalCode": "3181", "country": "Australia"}, "contact": {"formattedPhone": "+61 3 9530 2694", "phone": "+61395302694"}, "verified": false, "allowMenuUrlEdit": true, "stats": {"tipCount": 55, "usersCount": 1170, "checkinsCount": 1810}, "menu": {"label": "Menu", "anchor": "View Menu", "mobileUrl": "https://foursquare.com/v/4b0bac11f964a520fb3223e3/device_menu", "url": "https://foursquare.com/v/borsch-vodka--tears/4b0bac11f964a520fb3223e3/menu", "type": "Menu"}, "beenHere": {"lastCheckinExpiredAt": 0}, "url": "http://borschvodkaandtears.com", "like": false, "categories": [{"icon": {"prefix": "https://ss3.4sqi.net/img/categories_v2/nightlife/pub_", "suffix": ".png"}, "name": "Bar", "id": "4bf58dd8d48988d116941735", "pluralName": "Bars", "primary": true, "shortName": "Bar"}], "id": "4b0bac11f964a520fb3223e3", "name": "Borsch, Vodka & Tears"}, "suffix": "/WKIGXUAWWPXGNYEHDNKWSVVRYLC50JZPTWTCBINSU2IVQ2R3.jpg", "visibility": "public"}], "count": 53}, "totalCount": 53}}