{"meta": {"code": 200, "requestId": "595ae7b54434b96bca269b7d"}, "notifications": [{"item": {"unreadCount": 0}, "type": "notificationTray"}], "response": {"photos": {"items": [{"height": 720, "source": {"url": "https://foursquare.com/download/#/android", "name": "Foursquare for Android"}, "width": 960, "prefix": "https://igx.4sqi.net/img/general/", "createdAt": 1393060034, "id": "530868c2498eab15e38c0963", "venue": {"url": "http://www.indonesia-osaka.org/ja", "like": false, "location": {"formattedAddress": ["\u5357\u8239\u58344\u4e01\u76ee4-21 (\u308a\u305d\u306a\u9280\u884c\u8239\u5834\u30d3\u30eb 6F)", "\u5927\u962a\u5e02\u4e2d\u592e\u533a, \u5927\u962a\u5e9c", "542-0081", "\u65e5\u672c"], "city": "\u5927\u962a\u5e02\u4e2d\u592e\u533a", "lng": 135.49995839595795, "cc": "JP", "state": "\u5927\u962a\u5e9c", "crossStreet": "\u308a\u305d\u306a\u9280\u884c\u8239\u5834\u30d3\u30eb 6F", "lat": 34.675810780865206, "address": "\u5357\u8239\u58344\u4e01\u76ee4-21", "labeledLatLngs": [{"label": "display", "lat": 34.675810780865206, "lng": 135.49995839595795}], "postalCode": "542-0081", "country": "\u65e5\u672c"}, "categories": [{"icon": {"prefix": "https://ss3.4sqi.net/img/categories_v2/building/default_", "suffix": ".png"}, "name": "Office", "id": "4bf58dd8d48988d124941735", "pluralName": "Offices", "primary": true, "shortName": "Office"}], "verified": false, "contact": {"formattedPhone": "+81 6-6252-9824", "phone": "+81662529824"}, "beenHere": {"lastCheckinExpiredAt": 0}, "stats": {"tipCount": 0, "usersCount": 73, "checkinsCount": 214}, "id": "4d1c5105fd7bb60c1ff79ce1", "name": "Consulate-General of the Republic of Indonesia (\u30a4\u30f3\u30c9\u30cd\u30b7\u30a2\u5171\u548c\u56fd\u7dcf\u9818\u4e8b\u9928)", "venueRatingBlacklisted": true}, "suffix": "/1144137_JOll_LQc6IQ5DgVJoFleco_fV_aZxbZdCkzgbm3tXbg.jpg", "visibility": "public"}, {"height": 960, "source": {"url": "https://foursquare.com/download/#/android", "name": "Foursquare for Android"}, "width": 720, "prefix": "https://igx.4sqi.net/img/general/", "createdAt": 1392966086, "id": "5306f9c6498eceecf6415656", "venue": {"url": "http://www.kuchu-teien.com", "like": false, "location": {"formattedAddress": ["\u5317\u533a\u5927\u6dc0\u4e2d1-1-88 (\u6885\u7530\u30b9\u30ab\u30a4\u30d3\u30eb 39F-RF)", "\u5927\u962a\u5e02, \u5927\u962a\u5e9c", "531-0076", "\u65e5\u672c"], "city": "\u5927\u962a\u5e02", "lng": 135.49014932629072, "cc": "JP", "state": "\u5927\u962a\u5e9c", "crossStreet": "\u6885\u7530\u30b9\u30ab\u30a4\u30d3\u30eb 39F-RF", "lat": 34.705271425257926, "address": "\u5317\u533a\u5927\u6dc0\u4e2d1-1-88", "labeledLatLngs": [{"label": "display", "lat": 34.705271425257926, "lng": 135.49014932629072}], "postalCode": "531-0076", "country": "\u65e5\u672c"}, "categories": [{"icon": {"prefix": "https://ss3.4sqi.net/img/categories_v2/parks_outdoors/sceniclookout_", "suffix": ".png"}, "name": "Scenic Lookout", "id": "4bf58dd8d48988d165941735", "pluralName": "Scenic Lookouts", "primary": true, "shortName": "Scenic Lookout"}], "verified": false, "contact": {"formattedPhone": "+81 6-6440-3855", "phone": "+81664403855", "facebookName": "\u7a7a\u4e2d\u5ead\u5712\u5c55\u671b\u53f0", "facebookUsername": "kuchuteien", "facebook": "112618205489293"}, "beenHere": {"lastCheckinExpiredAt": 0}, "stats": {"tipCount": 62, "usersCount": 5015, "checkinsCount": 5480}, "id": "4b80c926f964a520fd8b30e3", "name": "Kuchu Teien Observatory (\u7a7a\u4e2d\u5ead\u5712\u5c55\u671b\u53f0)"}, "suffix": "/1144137__h-6b0kSPxFfMhmj47iOFnX-Yad2m7bcyuAIGhn23xA.jpg", "visibility": "public"}, {"height": 960, "source": {"url": "https://foursquare.com/download/#/android", "name": "Foursquare for Android"}, "width": 720, "prefix": "https://igx.4sqi.net/img/general/", "createdAt": 1392877645, "id": "5305a04d498e3b15c7bd5711", "venue": {"url": "http://www.nmb48.com/theater/", "like": false, "location": {"formattedAddress": ["\u4e2d\u592e\u533a\u96e3\u6ce2\u5343\u65e5\u524d12-7 (YES-NAMBA\u30d3\u30eb B1F)", "\u5927\u962a\u5e02, \u5927\u962a\u5e9c", "542-0075", "\u65e5\u672c"], "city": "\u5927\u962a\u5e02", "lng": 135.50328010918565, "cc": "JP", "state": "\u5927\u962a\u5e9c", "lat": 34.66487556417384, "address": "\u4e2d\u592e\u533a\u96e3\u6ce2\u5343\u65e5\u524d12-7", "crossStreet": "YES-NAMBA\u30d3\u30eb B1F", "postalCode": "542-0075", "country": "\u65e5\u672c"}, "categories": [{"icon": {"prefix": "https://ss3.4sqi.net/img/categories_v2/arts_entertainment/performingarts_theater_", "suffix": ".png"}, "name": "Theater", "id": "4bf58dd8d48988d137941735", "pluralName": "Theaters", "primary": true, "shortName": "Theater"}], "verified": false, "contact": {"formattedPhone": "+81 6-6643-7848", "twitter": "nmb48_official", "phone": "+81666437848"}, "allowMenuUrlEdit": true, "stats": {"tipCount": 2, "usersCount": 6892, "checkinsCount": 39165}, "id": "4d21b7d10901721e36f99ca5", "name": "NMB48 Theater (NMB48\u5287\u5834)", "beenHere": {"lastCheckinExpiredAt": 0}}, "suffix": "/1144137_sUmXmOWazyNa60NWJQO1hxkWcpRVcOdOkHlgb6pLcP8.jpg", "visibility": "public"}, {"height": 654, "source": {"url": "https://foursquare.com/download/#/android", "name": "Foursquare for Android"}, "width": 654, "prefix": "https://igx.4sqi.net/img/general/", "createdAt": 1392867673, "id": "53057959498e446201eaa4cd", "venue": {"venueRatingBlacklisted": true, "like": false, "location": {"city": "\u5927\u962a\u5e02", "lng": 135.51148353148557, "cc": "JP", "state": "\u5927\u962a\u5e9c", "lat": 34.6871745986183, "address": "\u4e2d\u592e\u533a\u5185\u5e73\u91ce\u753a3-1-3", "labeledLatLngs": [{"label": "display", "lat": 34.6871745986183, "lng": 135.51148353148557}], "formattedAddress": ["\u4e2d\u592e\u533a\u5185\u5e73\u91ce\u753a3-1-3", "\u5927\u962a\u5e02, \u5927\u962a\u5e9c", "\u65e5\u672c"], "country": "\u65e5\u672c"}, "categories": [{"icon": {"prefix": "https://ss3.4sqi.net/img/categories_v2/building/default_", "suffix": ".png"}, "name": "Office", "id": "4bf58dd8d48988d124941735", "pluralName": "Offices", "primary": true, "shortName": "Office"}], "verified": false, "contact": {"twitter": "capcom_jp"}, "allowMenuUrlEdit": true, "stats": {"tipCount": 2, "usersCount": 169, "checkinsCount": 327}, "id": "4b62d2e2f964a5202a542ae3", "name": "\u682a\u5f0f\u4f1a\u793e\u30ab\u30d7\u30b3\u30f3", "beenHere": {"lastCheckinExpiredAt": 0}}, "suffix": "/1144137_U9VveuS_qfuwOCwtdVRZz6V6giFnwpisSxZZWA9TfjE.jpg", "visibility": "public"}, {"height": 960, "source": {"url": "https://foursquare.com/download/#/android", "name": "Foursquare for Android"}, "width": 720, "prefix": "https://igx.4sqi.net/img/general/", "createdAt": 1391674677, "id": "52f34535498e430b150f3cc5", "venue": {"url": "http://www.jetro.go.jp", "like": false, "location": {"formattedAddress": ["\u8d64\u57421-12-32 (\u30a2\u30fc\u30af\u68ee\u30d3\u30eb 6F)", "\u6e2f\u533a, \u6771\u4eac\u90fd", "107-6006", "\u65e5\u672c"], "city": "\u6e2f\u533a", "lng": 139.73947882363444, "cc": "JP", "state": "\u6771\u4eac\u90fd", "crossStreet": "\u30a2\u30fc\u30af\u68ee\u30d3\u30eb 6F", "lat": 35.667294398203296, "address": "\u8d64\u57421-12-32", "labeledLatLngs": [{"label": "display", "lat": 35.667294398203296, "lng": 139.73947882363444}], "postalCode": "107-6006", "country": "\u65e5\u672c"}, "categories": [{"icon": {"prefix": "https://ss3.4sqi.net/img/categories_v2/building/government_", "suffix": ".png"}, "name": "Government Building", "id": "4bf58dd8d48988d126941735", "pluralName": "Government Buildings", "primary": true, "shortName": "Government"}], "verified": false, "contact": {"formattedPhone": "+81 3-3582-5511", "phone": "+81335825511"}, "beenHere": {"lastCheckinExpiredAt": 0}, "stats": {"tipCount": 3, "usersCount": 397, "checkinsCount": 678}, "id": "4bd78d255cf276b06ca09b00", "name": "JETRO - Japan External Trade Organization (\u65e5\u672c\u8cbf\u6613\u632f\u8208\u6a5f\u69cb (JETRO))", "venueRatingBlacklisted": true}, "suffix": "/1144137_4KtqggeH7MFGXgKlohLR9tsJtWd2bTt-kWr7zcEFW3k.jpg", "visibility": "public"}, {"height": 960, "source": {"url": "https://foursquare.com/download/#/android", "name": "Foursquare for Android"}, "width": 720, "prefix": "https://igx.4sqi.net/img/general/", "createdAt": 1391139609, "id": "52eb1b19498e071d7e673c3f", "venue": {"url": "http://www.tokyocamii.org", "like": false, "location": {"formattedAddress": ["\u5927\u5c71\u753a1-19", "\u6e0b\u8c37\u533a, \u6771\u4eac\u90fd", "151-0065", "\u65e5\u672c"], "city": "\u6771\u4eac", "lng": 139.6766489394418, "cc": "JP", "state": "\u6771\u4eac\u90fd", "lat": 35.668286388775726, "address": "\u5927\u5c71\u753a1-19", "labeledLatLngs": [{"label": "display", "lat": 35.668286388775726, "lng": 139.6766489394418}], "postalCode": "151-0065", "country": "\u65e5\u672c"}, "categories": [{"icon": {"prefix": "https://ss3.4sqi.net/img/categories_v2/building/religious_mosque_", "suffix": ".png"}, "name": "Mosque", "id": "4bf58dd8d48988d138941735", "pluralName": "Mosques", "primary": true, "shortName": "Mosque"}], "verified": false, "contact": {"twitter": "tokyocamii", "facebookName": "Tokyo Camii", "formattedPhone": "+81 3-5790-0760", "phone": "+81357900760", "facebookUsername": "tokyocamii", "facebook": "58743082649"}, "beenHere": {"lastCheckinExpiredAt": 0}, "stats": {"tipCount": 17, "usersCount": 1704, "checkinsCount": 2746}, "id": "4b6a7b15f964a52074d62be3", "name": "Tokyo Camii & Turkish Culture Center (\u6771\u4eac\u30b8\u30e3\u30fc\u30df\u30a4 & \u30c8\u30eb\u30b3\u6587\u5316\u30bb\u30f3\u30bf\u30fc)", "venueRatingBlacklisted": true}, "suffix": "/1144137_Vo1CcXpJkwP--nS41tzvzwyEj4Dz66UOjQKSS3-fQmc.jpg", "visibility": "public"}, {"height": 960, "source": {"url": "https://foursquare.com/download/#/android", "name": "Foursquare for Android"}, "width": 720, "prefix": "https://igx.4sqi.net/img/general/", "createdAt": 1390981916, "id": "52e8b31c498e72a2c853272e", "venue": {"url": "http://www.tokyotower.co.jp", "like": false, "location": {"formattedAddress": ["\u829d\u516c\u57124-2-8", "\u6e2f\u533a, \u6771\u4eac\u90fd", "105-0011", "\u65e5\u672c"], "city": "\u6771\u4eac", "lng": 139.74544197320938, "cc": "JP", "state": "\u6771\u4eac\u90fd", "neighborhood": "\u829d\u516c\u5712", "lat": 35.65857854321072, "address": "\u829d\u516c\u57124-2-8", "labeledLatLngs": [{"label": "display", "lat": 35.65857854321072, "lng": 139.74544197320938}], "postalCode": "105-0011", "country": "\u65e5\u672c"}, "categories": [{"icon": {"prefix": "https://ss3.4sqi.net/img/categories_v2/building/government_monument_", "suffix": ".png"}, "name": "Monument / Landmark", "id": "4bf58dd8d48988d12d941735", "pluralName": "Monuments / Landmarks", "primary": true, "shortName": "Landmark"}], "verified": false, "contact": {"twitter": "nopponotouto", "instagram": "tokyotower_official", "facebookName": "\u6771\u4eac\u30bf\u30ef\u30fc\u3000Tokyo Tower", "formattedPhone": "+81 3-3433-5111", "phone": "+81334335111", "facebookUsername": "tokyotower.official", "facebook": "262348270453358"}, "beenHere": {"lastCheckinExpiredAt": 0}, "stats": {"tipCount": 218, "usersCount": 42308, "checkinsCount": 63330}, "id": "4b56a5e8f964a5208e1728e3", "name": "Tokyo Tower (\u6771\u4eac\u30bf\u30ef\u30fc)", "venueRatingBlacklisted": true}, "suffix": "/1144137_bUQGO8S2OwP4a84qDI1m9Cd08cOIZGWwcmjaA6dPgNY.jpg", "visibility": "public"}, {"height": 960, "source": {"url": "https://foursquare.com/download/#/android", "name": "Foursquare for Android"}, "width": 720, "prefix": "https://igx.4sqi.net/img/general/", "createdAt": 1390981312, "id": "52e8b0c011d2f84fa8ba2091", "venue": {"url": "http://www.tokyotower.co.jp", "like": false, "location": {"formattedAddress": ["\u829d\u516c\u57124-2-8", "\u6e2f\u533a, \u6771\u4eac\u90fd", "105-0011", "\u65e5\u672c"], "city": "\u6771\u4eac", "lng": 139.74544197320938, "cc": "JP", "state": "\u6771\u4eac\u90fd", "neighborhood": "\u829d\u516c\u5712", "lat": 35.65857854321072, "address": "\u829d\u516c\u57124-2-8", "labeledLatLngs": [{"label": "display", "lat": 35.65857854321072, "lng": 139.74544197320938}], "postalCode": "105-0011", "country": "\u65e5\u672c"}, "categories": [{"icon": {"prefix": "https://ss3.4sqi.net/img/categories_v2/building/government_monument_", "suffix": ".png"}, "name": "Monument / Landmark", "id": "4bf58dd8d48988d12d941735", "pluralName": "Monuments / Landmarks", "primary": true, "shortName": "Landmark"}], "verified": false, "contact": {"twitter": "nopponotouto", "instagram": "tokyotower_official", "facebookName": "\u6771\u4eac\u30bf\u30ef\u30fc\u3000Tokyo Tower", "formattedPhone": "+81 3-3433-5111", "phone": "+81334335111", "facebookUsername": "tokyotower.official", "facebook": "262348270453358"}, "beenHere": {"lastCheckinExpiredAt": 0}, "stats": {"tipCount": 218, "usersCount": 42308, "checkinsCount": 63330}, "id": "4b56a5e8f964a5208e1728e3", "name": "Tokyo Tower (\u6771\u4eac\u30bf\u30ef\u30fc)", "venueRatingBlacklisted": true}, "suffix": "/1144137_bUQGO8S2OwP4a84qDI1m9Cd08cOIZGWwcmjaA6dPgNY.jpg", "visibility": "public"}, {"height": 720, "source": {"url": "https://foursquare.com/download/#/android", "name": "Foursquare for Android"}, "width": 960, "prefix": "https://igx.4sqi.net/img/general/", "createdAt": 1390977486, "id": "52e8a1ce11d20e4d77f0f8eb", "venue": {"url": "http://akb48cafeshops.com/akihabara/", "like": false, "location": {"formattedAddress": ["\u795e\u7530\u82b1\u5ca1\u753a1-1", "\u5343\u4ee3\u7530\u533a, \u6771\u4eac\u90fd", "101-0028", "\u65e5\u672c"], "city": "\u6771\u4eac", "lng": 139.77259865779087, "cc": "JP", "state": "\u6771\u4eac\u90fd", "lat": 35.699030605129174, "address": "\u795e\u7530\u82b1\u5ca1\u753a1-1", "labeledLatLngs": [{"label": "display", "lat": 35.699030605129174, "lng": 139.77259865779087}], "postalCode": "101-0028", "country": "\u65e5\u672c"}, "categories": [{"icon": {"prefix": "https://ss3.4sqi.net/img/categories_v2/food/cafe_", "suffix": ".png"}, "name": "Caf\u00e9", "id": "4bf58dd8d48988d16d941735", "pluralName": "Caf\u00e9s", "primary": true, "shortName": "Caf\u00e9"}], "verified": false, "contact": {"formattedPhone": "+81 3-5297-4848", "twitter": "akb48cafe", "phone": "+81352974848"}, "allowMenuUrlEdit": true, "stats": {"tipCount": 36, "usersCount": 8695, "checkinsCount": 25955}, "id": "4e7eb53aa17c96ac9dc0d484", "name": "AKB48 CAFE & SHOP AKIHABARA", "beenHere": {"lastCheckinExpiredAt": 0}}, "suffix": "/1144137_jzRFoFA99JoAx7Yqhn3R393bAOvqQVbVEwKTSbAqJew.jpg", "visibility": "public"}, {"height": 720, "source": {"url": "https://foursquare.com/download/#/android", "name": "Foursquare for Android"}, "width": 960, "prefix": "https://igx.4sqi.net/img/general/", "createdAt": 1390977143, "id": "52e8a07711d23cbbe8b76715", "venue": {"url": "http://akb48cafeshops.com/akihabara/", "like": false, "location": {"formattedAddress": ["\u795e\u7530\u82b1\u5ca1\u753a1-1", "\u5343\u4ee3\u7530\u533a, \u6771\u4eac\u90fd", "101-0028", "\u65e5\u672c"], "city": "\u6771\u4eac", "lng": 139.77259865779087, "cc": "JP", "state": "\u6771\u4eac\u90fd", "lat": 35.699030605129174, "address": "\u795e\u7530\u82b1\u5ca1\u753a1-1", "labeledLatLngs": [{"label": "display", "lat": 35.699030605129174, "lng": 139.77259865779087}], "postalCode": "101-0028", "country": "\u65e5\u672c"}, "categories": [{"icon": {"prefix": "https://ss3.4sqi.net/img/categories_v2/food/cafe_", "suffix": ".png"}, "name": "Caf\u00e9", "id": "4bf58dd8d48988d16d941735", "pluralName": "Caf\u00e9s", "primary": true, "shortName": "Caf\u00e9"}], "verified": false, "contact": {"formattedPhone": "+81 3-5297-4848", "twitter": "akb48cafe", "phone": "+81352974848"}, "allowMenuUrlEdit": true, "stats": {"tipCount": 36, "usersCount": 8695, "checkinsCount": 25955}, "id": "4e7eb53aa17c96ac9dc0d484", "name": "AKB48 CAFE & SHOP AKIHABARA", "beenHere": {"lastCheckinExpiredAt": 0}}, "suffix": "/1144137_jzRFoFA99JoAx7Yqhn3R393bAOvqQVbVEwKTSbAqJew.jpg", "visibility": "public"}, {"height": 960, "source": {"url": "https://foursquare.com/download/#/android", "name": "Foursquare for Android"}, "width": 720, "prefix": "https://igx.4sqi.net/img/general/", "createdAt": 1390809836, "id": "52e612ec11d2d23730fc9fa4", "venue": {"url": "http://www.metro.tokyo.jp", "like": false, "location": {"formattedAddress": ["\u897f\u65b0\u5bbf2-8-1", "\u65b0\u5bbf\u533a, \u6771\u4eac\u90fd", "163-8001", "\u65e5\u672c"], "city": "\u6771\u4eac", "lng": 139.69166368246078, "cc": "JP", "state": "\u6771\u4eac\u90fd", "lat": 35.6894830237914, "address": "\u897f\u65b0\u5bbf2-8-1", "labeledLatLngs": [{"label": "display", "lat": 35.6894830237914, "lng": 139.69166368246078}], "postalCode": "163-8001", "country": "\u65e5\u672c"}, "categories": [{"icon": {"prefix": "https://ss3.4sqi.net/img/categories_v2/building/government_", "suffix": ".png"}, "name": "Government Building", "id": "4bf58dd8d48988d126941735", "pluralName": "Government Buildings", "primary": true, "shortName": "Government"}], "verified": false, "contact": {"twitter": "tocho_koho", "instagram": "tocho_koho_official", "facebookName": "\u6771\u4eac\u90fd\u5e81\u5e83\u5831\u8ab2", "formattedPhone": "+81 3-5321-1111", "phone": "+81353211111", "facebookUsername": "tochokoho", "facebook": "117096285124994"}, "beenHere": {"lastCheckinExpiredAt": 0}, "stats": {"tipCount": 100, "usersCount": 18971, "checkinsCount": 32008}, "id": "4b525412f964a520807727e3", "name": "Tokyo Metropolitan Government Building (\u6771\u4eac\u90fd\u5e81)", "venueRatingBlacklisted": true}, "suffix": "/1144137_4HeXfqiLeobQ8Ru158UZnsoQDShtirj9kK99BODZ2ko.jpg", "visibility": "public"}, {"height": 960, "source": {"url": "https://foursquare.com/download/#/android", "name": "Foursquare for Android"}, "width": 720, "prefix": "https://igx.4sqi.net/img/general/", "createdAt": 1390722837, "id": "52e4bf1511d2924c464f2558", "venue": {"venueRatingBlacklisted": true, "like": false, "location": {"city": "\u6771\u4eac", "lng": 139.70702575958444, "cc": "JP", "state": "\u6771\u4eac\u90fd", "lat": 35.670212840524144, "address": "\u795e\u5bae\u524d", "labeledLatLngs": [{"label": "display", "lat": 35.670212840524144, "lng": 139.70702575958444}], "formattedAddress": ["\u795e\u5bae\u524d", "\u6e0b\u8c37\u533a, \u6771\u4eac\u90fd", "\u65e5\u672c"], "country": "\u65e5\u672c"}, "categories": [{"icon": {"prefix": "https://ss3.4sqi.net/img/categories_v2/travel/highway_", "suffix": ".png"}, "name": "Road", "id": "4bf58dd8d48988d1f9931735", "pluralName": "Roads", "primary": true, "shortName": "Road"}], "verified": false, "contact": {}, "beenHere": {"lastCheckinExpiredAt": 0}, "stats": {"tipCount": 10, "usersCount": 1914, "checkinsCount": 2660}, "id": "51f8faf7498ea7ecdec8277c", "name": "Harajuku Street (\u539f\u5bbf\u901a\u308a)"}, "suffix": "/1144137_g0JR2Kr4mXkLeGyAeTAZrNARtlF7d3dLxBFBk9h6ZWA.jpg", "visibility": "public"}, {"height": 960, "source": {"url": "https://foursquare.com/download/#/android", "name": "Foursquare for Android"}, "width": 720, "prefix": "https://igx.4sqi.net/img/general/", "createdAt": 1390536870, "id": "52e1e8a6498e4ffe99e26343", "venue": {"url": "http://assalaamfoundation.org", "like": false, "location": {"formattedAddress": ["\u53f0\u67714-6-7 (\u30a2\u30c3\u30b5\u30e9\u30fc\u30e0\u30d3\u30eb)", "\u53f0\u6771\u533a, \u6771\u4eac\u90fd", "110-0016", "\u65e5\u672c"], "city": "\u53f0\u6771\u533a", "lng": 139.7778657948443, "cc": "JP", "state": "\u6771\u4eac\u90fd", "crossStreet": "\u30a2\u30c3\u30b5\u30e9\u30fc\u30e0\u30d3\u30eb", "lat": 35.70596102070011, "address": "\u53f0\u67714-6-7", "labeledLatLngs": [{"label": "display", "lat": 35.70596102070011, "lng": 139.7778657948443}], "postalCode": "110-0016", "country": "\u65e5\u672c"}, "categories": [{"icon": {"prefix": "https://ss3.4sqi.net/img/categories_v2/building/religious_mosque_", "suffix": ".png"}, "name": "Mosque", "id": "4bf58dd8d48988d138941735", "pluralName": "Mosques", "primary": true, "shortName": "Mosque"}], "verified": false, "contact": {"formattedPhone": "+81 3-3836-3533", "phone": "+81338363533"}, "beenHere": {"lastCheckinExpiredAt": 0}, "stats": {"tipCount": 8, "usersCount": 247, "checkinsCount": 495}, "id": "4c2ee08c16adc928fbb7bc9c", "name": "Masjid As Salam (\u30a2\u30c3\u30b5\u30e9\u30fc\u30e0\u30fb\u30de\u30b9\u30b8\u30c9)", "venueRatingBlacklisted": true}, "suffix": "/1144137_UW8UU_twx23QuozYPmbLthCtgA5fHmfYAtRqT0xS-Ng.jpg", "visibility": "public"}, {"height": 960, "source": {"url": "https://foursquare.com/download/#/android", "name": "Foursquare for Android"}, "width": 720, "prefix": "https://igx.4sqi.net/img/general/", "createdAt": 1390373474, "id": "52df6a62498ed8a3d6fe77c6", "venue": {"like": false, "location": {"formattedAddress": ["\u9053\u7384\u57422-1", "\u6e0b\u8c37\u533a, \u6771\u4eac\u90fd", "150-0043", "\u65e5\u672c"], "city": "\u6e0b\u8c37\u533a", "lng": 139.70061307182795, "cc": "JP", "state": "\u6771\u4eac\u90fd", "lat": 35.65926988083158, "address": "\u9053\u7384\u57422-1", "labeledLatLngs": [{"label": "display", "lat": 35.65926988083158, "lng": 139.70061307182795}], "postalCode": "150-0043", "country": "\u65e5\u672c"}, "categories": [{"icon": {"prefix": "https://ss3.4sqi.net/img/categories_v2/travel/trainstation_", "suffix": ".png"}, "name": "Train Station", "id": "4bf58dd8d48988d129951735", "pluralName": "Train Stations", "primary": true, "shortName": "Train Station"}], "verified": false, "contact": {}, "beenHere": {"lastCheckinExpiredAt": 0}, "stats": {"tipCount": 12, "usersCount": 10237, "checkinsCount": 18002}, "id": "4c9d71e52fb1a143e2f7e040", "name": "Hachiko Gate (\u6e0b\u8c37\u99c5 \u30cf\u30c1\u516c\u53e3)"}, "suffix": "/1144137_DkN2jD-XhNiPguK-MxyEoMe9K93e4k9dH52dcjpwB9k.jpg", "visibility": "public"}, {"height": 720, "source": {"url": "https://foursquare.com/download/#/android", "name": "Foursquare for Android"}, "width": 960, "prefix": "https://igx.4sqi.net/img/general/", "createdAt": 1387081707, "id": "52ad2feb498e04bca28e5b3f", "venue": {"url": "http://www.cha.go.kr", "like": false, "location": {"formattedAddress": ["\uc885\ub85c\uad6c \uc0ac\uc9c1\ub85c 161", "\uccad\uc6b4\ud6a8\uc790\ub3d9", "\uc885\ub85c\uad6c", "\uc11c\uc6b8\ud2b9\ubcc4\uc2dc", "03045", "\ub300\ud55c\ubbfc\uad6d"], "city": "\uc11c\uc6b8\ud2b9\ubcc4\uc2dc", "lng": 126.97695959324332, "cc": "KR", "state": "\uc11c\uc6b8\ud2b9\ubcc4\uc2dc", "neighborhood": "\uc0ac\uc9c1\ub85c", "lat": 37.57702586355774, "address": "\uc885\ub85c\uad6c \uc0ac\uc9c1\ub85c 161", "labeledLatLngs": [{"label": "display", "lat": 37.57702586355774, "lng": 126.97695959324332}], "postalCode": "03045", "country": "\ub300\ud55c\ubbfc\uad6d"}, "categories": [{"icon": {"prefix": "https://ss3.4sqi.net/img/categories_v2/parks_outdoors/default_", "suffix": ".png"}, "name": "Palace", "id": "52e81612bcbc57f1066b7a14", "pluralName": "Palaces", "primary": true, "shortName": "Palace"}], "verified": false, "contact": {"formattedPhone": "+82 1600-0064", "twitter": "chlove_u", "phone": "+8216000064", "facebookName": "Cultural Heritage Administration of Korea", "facebook": "195926370439392"}, "beenHere": {"lastCheckinExpiredAt": 0}, "stats": {"tipCount": 193, "usersCount": 20930, "checkinsCount": 27075}, "id": "4b68220ef964a52087682be3", "name": "Gyeongbokgung (\uacbd\ubcf5\uad81)"}, "suffix": "/1144137_JGM3_YPy-pRaBNW_ZZ0stovOMBJ12K1scUQxC_ss7u0.jpg", "visibility": "public"}, {"height": 720, "source": {"url": "https://foursquare.com/download/#/android", "name": "Foursquare for Android"}, "width": 960, "prefix": "https://igx.4sqi.net/img/general/", "createdAt": 1386561343, "id": "52a53f3f11d2d5f606b240af", "venue": {"like": false, "location": {"city": "Yeouido-dong", "state": "\uc11c\uc6b8\ud2b9\ubcc4\uc2dc", "cc": "KR", "country": "\ub300\ud55c\ubbfc\uad6d", "lat": 37.519013, "lng": 126.931925, "labeledLatLngs": [{"label": "display", "lat": 37.519013, "lng": 126.931925}], "formattedAddress": ["\uc5ec\uc758\ub3c4\ub3d9", "Yeouido-dong", "\uc11c\uc6b8\ud2b9\ubcc4\uc2dc", "\ub300\ud55c\ubbfc\uad6d"]}, "categories": [{"icon": {"prefix": "https://ss3.4sqi.net/img/categories_v2/food/asian_", "suffix": ".png"}, "name": "Asian Restaurant", "id": "4bf58dd8d48988d142941735", "pluralName": "Asian Restaurants", "primary": true, "shortName": "Asian"}], "verified": false, "contact": {}, "allowMenuUrlEdit": true, "stats": {"tipCount": 2, "usersCount": 16, "checkinsCount": 40}, "id": "4c5294749d642d7f58e86cdf", "name": "Cafe Terima Kasih", "beenHere": {"lastCheckinExpiredAt": 0}}, "suffix": "/1144137_d461HWGJQMJs5pgSfLHNK9Z1PtJw2h3Qs9O73pgewGI.jpg", "visibility": "public"}, {"height": 225, "source": {"url": "https://foursquare.com/download/#/android", "name": "Foursquare for Android"}, "width": 960, "prefix": "https://igx.4sqi.net/img/general/", "createdAt": 1386389042, "id": "52a29e3211d291de6c9a798b", "venue": {"url": "http://new.sisul.or.kr/open_content/worldcup/", "like": false, "location": {"formattedAddress": ["\ub9c8\ud3ec\uad6c \uc6d4\ub4dc\ucef5\ub85c 240", "\uc131\uc0b02\ub3d9", "\ub9c8\ud3ec\uad6c", "\uc11c\uc6b8\ud2b9\ubcc4\uc2dc", "03932", "\ub300\ud55c\ubbfc\uad6d"], "city": "\uc11c\uc6b8\ud2b9\ubcc4\uc2dc", "lng": 126.89719676971436, "cc": "KR", "state": "\uc11c\uc6b8\ud2b9\ubcc4\uc2dc", "lat": 37.56832417063367, "address": "\ub9c8\ud3ec\uad6c \uc6d4\ub4dc\ucef5\ub85c 240", "labeledLatLngs": [{"label": "display", "lat": 37.56832417063367, "lng": 126.89719676971436}], "postalCode": "03932", "country": "\ub300\ud55c\ubbfc\uad6d"}, "categories": [{"icon": {"prefix": "https://ss3.4sqi.net/img/categories_v2/arts_entertainment/stadium_soccer_", "suffix": ".png"}, "name": "Soccer Stadium", "id": "4bf58dd8d48988d188941735", "pluralName": "Soccer Stadiums", "primary": true, "shortName": "Soccer"}], "verified": false, "contact": {"formattedPhone": "+82 2-2128-2000", "phone": "+82221282000"}, "beenHere": {"lastCheckinExpiredAt": 0}, "stats": {"tipCount": 37, "usersCount": 7655, "checkinsCount": 17008}, "id": "4b9c7688f964a520806a36e3", "name": "Seoul Worldcup Stadium (\uc11c\uc6b8\uc6d4\ub4dc\ucef5\uacbd\uae30\uc7a5)"}, "suffix": "/1144137_PELFxMX6YcMEy31UdgwUS6L7fefxK9aJJoDFAh53YVA.jpg", "visibility": "public"}, {"height": 720, "source": {"url": "https://foursquare.com/download/#/android", "name": "Foursquare for Android"}, "width": 960, "prefix": "https://igx.4sqi.net/img/general/", "createdAt": 1386307515, "id": "52a15fbb498e4d24dbcb1814", "venue": {"url": "http://www.koreaislam.org", "like": false, "location": {"formattedAddress": ["\uc6a9\uc0b0\uad6c \uc6b0\uc0ac\ub2e8\ub85c10\uae38 39", "\ud55c\ub0a8\ub3d9", "\uc11c\uc6b8\ud2b9\ubcc4\uc2dc", "\uc11c\uc6b8\ud2b9\ubcc4\uc2dc", "140-895", "\ub300\ud55c\ubbfc\uad6d"], "city": "\uc11c\uc6b8\ud2b9\ubcc4\uc2dc", "lng": 126.99750530490348, "cc": "KR", "state": "\uc11c\uc6b8\ud2b9\ubcc4\uc2dc", "lat": 37.53324372979164, "address": "\uc6a9\uc0b0\uad6c \uc6b0\uc0ac\ub2e8\ub85c10\uae38 39", "labeledLatLngs": [{"label": "display", "lat": 37.53324372979164, "lng": 126.99750530490348}], "postalCode": "140-895", "country": "\ub300\ud55c\ubbfc\uad6d"}, "categories": [{"icon": {"prefix": "https://ss3.4sqi.net/img/categories_v2/building/religious_mosque_", "suffix": ".png"}, "name": "Mosque", "id": "4bf58dd8d48988d138941735", "pluralName": "Mosques", "primary": true, "shortName": "Mosque"}], "verified": false, "contact": {"formattedPhone": "+82 2-793-6908", "phone": "+8227936908"}, "beenHere": {"lastCheckinExpiredAt": 0}, "stats": {"tipCount": 32, "usersCount": 2453, "checkinsCount": 3512}, "id": "4bd126a541b9ef3b319dfbe5", "name": "Seoul Central Masjid (\uc11c\uc6b8\uc911\uc559\uc131\uc6d0)", "venueRatingBlacklisted": true}, "suffix": "/1144137_cvqdomiJmYcAKCH1dR8WJ_W9K0S6QYkofxDDAwVKchY.jpg", "visibility": "public"}, {"height": 720, "source": {"url": "https://foursquare.com/download/#/android", "name": "Foursquare for Android"}, "width": 960, "prefix": "https://igx.4sqi.net/img/general/", "createdAt": 1386307429, "id": "52a15f6511d299c22238696e", "venue": {"location": {"formattedAddress": ["\uc774\ud0dc\uc6d0\ub85c 192 (\uc774\ud0dc\uc6d01\ud638\uc810)", "\uc774\ud0dc\uc6d01\ub3d9", "\uc6a9\uc0b0\uad6c", "\uc11c\uc6b8\ud2b9\ubcc4\uc2dc", "04406", "\ub300\ud55c\ubbfc\uad6d"], "city": "\uc11c\uc6b8\ud2b9\ubcc4\uc2dc", "lng": 126.99543368664428, "cc": "KR", "state": "\uc11c\uc6b8\ud2b9\ubcc4\uc2dc", "crossStreet": "\uc774\ud0dc\uc6d01\ud638\uc810", "lat": 37.53461722203726, "address": "\uc774\ud0dc\uc6d0\ub85c 192", "labeledLatLngs": [{"label": "display", "lat": 37.53461722203726, "lng": 126.99543368664428}], "postalCode": "04406", "country": "\ub300\ud55c\ubbfc\uad6d"}, "contact": {"formattedPhone": "+82 2-3463-2356", "phone": "+82234632356"}, "verified": true, "allowMenuUrlEdit": true, "stats": {"tipCount": 35, "usersCount": 1264, "checkinsCount": 1770}, "id": "4b474179f964a520ae2d26e3", "url": "http://www.mrkebab.co.kr", "like": false, "categories": [{"icon": {"prefix": "https://ss3.4sqi.net/img/categories_v2/food/turkish_", "suffix": ".png"}, "name": "Turkish Restaurant", "id": "4f04af1f2fb6e1c99f3db0bb", "pluralName": "Turkish Restaurants", "primary": true, "shortName": "Turkish"}], "beenHere": {"lastCheckinExpiredAt": 0}, "name": "Mr. Kebab Itaewon Halal Food (\ubbf8\uc2a4\ud130\ucf00\ubc25)", "venuePage": {"id": "201064796"}}, "suffix": "/1144137_WaEMH_qIocIOQRSW6ICVrzKEDMqer2mJTTQf2hGoBrU.jpg", "visibility": "public"}, {"height": 720, "source": {"url": "https://foursquare.com/download/#/android", "name": "Foursquare for Android"}, "width": 960, "prefix": "https://igx.4sqi.net/img/general/", "createdAt": 1386138891, "id": "529ecd0b498eeecc9c6cda4a", "venue": {"url": "http://www.trickeye.com", "like": false, "location": {"formattedAddress": ["\ub9c8\ud3ec\uad6c \ud64d\uc775\ub85c3\uae38 20", "\uc11c\uad50\ub3d9", "\uc11c\uc6b8\ud2b9\ubcc4\uc2dc", "\uc11c\uc6b8\ud2b9\ubcc4\uc2dc", "04039", "\ub300\ud55c\ubbfc\uad6d"], "city": "\uc11c\uc6b8\ud2b9\ubcc4\uc2dc", "lng": 126.92199752496686, "cc": "KR", "state": "\uc11c\uc6b8\ud2b9\ubcc4\uc2dc", "lat": 37.55382959087529, "address": "\ub9c8\ud3ec\uad6c \ud64d\uc775\ub85c3\uae38 20", "labeledLatLngs": [{"label": "display", "lat": 37.55382959087529, "lng": 126.92199752496686}], "postalCode": "04039", "country": "\ub300\ud55c\ubbfc\uad6d"}, "categories": [{"icon": {"prefix": "https://ss3.4sqi.net/img/categories_v2/arts_entertainment/museum_art_", "suffix": ".png"}, "name": "Art Museum", "id": "4bf58dd8d48988d18f941735", "pluralName": "Art Museums", "primary": true, "shortName": "Art Museum"}], "verified": false, "contact": {"formattedPhone": "+82 2-3144-6300", "phone": "+82231446300"}, "allowMenuUrlEdit": true, "stats": {"tipCount": 41, "usersCount": 4867, "checkinsCount": 5420}, "id": "4e11827bfa769d21e9edb85d", "name": "Trick Eye Museum (\ud2b8\ub9ad\uc544\uc774\ubbf8\uc220\uad00)", "beenHere": {"lastCheckinExpiredAt": 0}}, "suffix": "/1144137_8UaP5PAlpwRh4yH1iG4OX286bS4K_4WaD1i59sv-0kw.jpg", "visibility": "public"}, {"height": 480, "source": {"url": "https://foursquare.com/download/#/blackberry", "name": "Foursquare for BlackBerry"}, "width": 640, "prefix": "https://igx.4sqi.net/img/general/", "createdAt": 1381991011, "id": "525f826311d27f0c7bf7570a", "venue": {"like": false, "location": {"city": "Lhoknga", "lng": 95.24400004241613, "cc": "ID", "state": "Aceh", "lat": 5.454778511026796, "address": "Jl. Banda Aceh - Meulaboh", "labeledLatLngs": [{"label": "display", "lat": 5.454778511026796, "lng": 95.24400004241613}], "formattedAddress": ["Jl. Banda Aceh - Meulaboh", "Lhoknga", "Aceh", "Indonesia"], "country": "Indonesia"}, "categories": [{"icon": {"prefix": "https://ss3.4sqi.net/img/categories_v2/parks_outdoors/beach_", "suffix": ".png"}, "name": "Beach", "id": "4bf58dd8d48988d1e2941735", "pluralName": "Beaches", "primary": true, "shortName": "Beach"}], "verified": false, "contact": {}, "beenHere": {"lastCheckinExpiredAt": 0}, "stats": {"tipCount": 27, "usersCount": 1509, "checkinsCount": 2198}, "id": "4c95d4a8f244b1f78c632f1d", "name": "Pantai Lhoknga"}, "suffix": "/1144137_BAPlPvbSkwRhg2kMEwIn-aJgQ5HOBENJfu74o3AGOMw.jpg", "visibility": "public"}, {"height": 480, "source": {"url": "https://foursquare.com/download/#/blackberry", "name": "Foursquare for BlackBerry"}, "width": 640, "prefix": "https://igx.4sqi.net/img/general/", "createdAt": 1377261862, "id": "5217592611d2f50a872c35b2", "venue": {"location": {"formattedAddress": ["Pacific Place Mall 3rd floor #325 (Jl. Jendral Sudirman Kav. 52-53)", "Jakarta Selatan", "Jakarta 12190", "Indonesia"], "city": "Jakarta", "lng": 106.80912494659424, "cc": "ID", "state": "Jakarta", "crossStreet": "Jl. Jendral Sudirman Kav. 52-53", "lat": -6.224051667902077, "address": "Pacific Place Mall 3rd floor #325", "labeledLatLngs": [{"label": "display", "lat": -6.224051667902077, "lng": 106.80912494659424}], "postalCode": "12190", "country": "Indonesia"}, "contact": {"twitter": "atamerica", "facebookName": "AtAmerica", "formattedPhone": "+62 21 51402828", "phone": "+622151402828", "facebookUsername": "atamerica", "facebook": "167171199974962"}, "verified": true, "allowMenuUrlEdit": true, "stats": {"tipCount": 89, "usersCount": 5757, "checkinsCount": 9020}, "id": "4cd3ef9e08f48cfa1626a385", "url": "http://www.atamerica.or.id", "like": false, "categories": [{"icon": {"prefix": "https://ss3.4sqi.net/img/categories_v2/building/default_", "suffix": ".png"}, "name": "Cultural Center", "id": "52e81612bcbc57f1066b7a32", "pluralName": "Cultural Centers", "primary": true, "shortName": "Cultural Center"}], "venueRatingBlacklisted": true, "beenHere": {"lastCheckinExpiredAt": 0}, "name": "@america", "venuePage": {"id": "55080641"}}, "suffix": "/1144137_MC7aYg6K-EhSaVNIpagdWI9PCPongWwaYB5ZzUUDlII.jpg", "visibility": "public"}, {"height": 720, "source": {"url": "https://foursquare.com/download/#/android", "name": "Foursquare for Android"}, "width": 960, "prefix": "https://igx.4sqi.net/img/general/", "createdAt": 1372409267, "id": "51cd4db3498e1a76c2f10803", "venue": {"like": false, "location": {"city": "Surakarta", "lng": 110.7923438912492, "cc": "ID", "state": "Jawa Tengah", "crossStreet": "Laweyan", "lat": -7.568972417363609, "address": "Jl. Sidoluhur", "labeledLatLngs": [{"label": "display", "lat": -7.568972417363609, "lng": 110.7923438912492}], "formattedAddress": ["Jl. Sidoluhur (Laweyan)", "Surakarta", "Jawa Tengah", "Indonesia"], "country": "Indonesia"}, "categories": [{"icon": {"prefix": "https://ss3.4sqi.net/img/categories_v2/shops/apparel_boutique_", "suffix": ".png"}, "name": "Boutique", "id": "4bf58dd8d48988d104951735", "pluralName": "Boutiques", "primary": true, "shortName": "Boutique"}], "verified": false, "contact": {}, "allowMenuUrlEdit": true, "stats": {"tipCount": 0, "usersCount": 30, "checkinsCount": 36}, "id": "4ddd0c7cd4c082f960d40860", "name": "Batik Mahkota Laweyan", "beenHere": {"lastCheckinExpiredAt": 0}}, "suffix": "/1144137_n9nD0hkrpVzhBBl7zBqH48QVt5NCFVYcjPRSdq_b7hU.jpg", "visibility": "public"}, {"height": 960, "source": {"url": "https://foursquare.com/download/#/android", "name": "Foursquare for Android"}, "width": 720, "prefix": "https://igx.4sqi.net/img/general/", "createdAt": 1370953100, "id": "51b7158c498e9fa8f353016c", "venue": {"like": false, "location": {"formattedAddress": ["Union St", "Pyrmont NSW 2009", "Australia"], "city": "Pyrmont", "lng": 151.19759, "cc": "AU", "state": "NSW", "lat": -33.87003669, "address": "Union St", "labeledLatLngs": [{"label": "display", "lat": -33.87003669, "lng": 151.19759}], "postalCode": "2009", "country": "Australia"}, "categories": [{"icon": {"prefix": "https://ss3.4sqi.net/img/categories_v2/food/souvlaki_", "suffix": ".png"}, "name": "Souvlaki Shop", "id": "52e81612bcbc57f1066b79f3", "pluralName": "Souvlaki Shops", "primary": true, "shortName": "Souvlaki"}], "verified": false, "contact": {}, "allowMenuUrlEdit": true, "stats": {"tipCount": 2, "usersCount": 114, "checkinsCount": 173}, "id": "4b6e079cf964a520afa42ce3", "name": "Pyrmont Kebabs", "beenHere": {"lastCheckinExpiredAt": 0}}, "suffix": "/1144137_DdtZh-Vw9oeqcEo4bbqeZWwGxeW3hIq-yrVJ3oby9xE.jpg", "visibility": "public"}, {"height": 720, "source": {"url": "https://foursquare.com/download/#/android", "name": "Foursquare for Android"}, "width": 960, "prefix": "https://igx.4sqi.net/img/general/", "createdAt": 1370953062, "id": "51b71566498e4f3bc11f4d67", "venue": {"like": false, "location": {"formattedAddress": ["Union St", "Pyrmont NSW 2009", "Australia"], "city": "Pyrmont", "lng": 151.19759, "cc": "AU", "state": "NSW", "lat": -33.87003669, "address": "Union St", "labeledLatLngs": [{"label": "display", "lat": -33.87003669, "lng": 151.19759}], "postalCode": "2009", "country": "Australia"}, "categories": [{"icon": {"prefix": "https://ss3.4sqi.net/img/categories_v2/food/souvlaki_", "suffix": ".png"}, "name": "Souvlaki Shop", "id": "52e81612bcbc57f1066b79f3", "pluralName": "Souvlaki Shops", "primary": true, "shortName": "Souvlaki"}], "verified": false, "contact": {}, "allowMenuUrlEdit": true, "stats": {"tipCount": 2, "usersCount": 114, "checkinsCount": 173}, "id": "4b6e079cf964a520afa42ce3", "name": "Pyrmont Kebabs", "beenHere": {"lastCheckinExpiredAt": 0}}, "suffix": "/1144137_f2_bNNo3FXND_tD3rNmoPOrQ-QzwrjmbQdhX_oUYNlQ.jpg", "visibility": "public"}, {"height": 720, "source": {"url": "https://foursquare.com/download/#/android", "name": "Foursquare for Android"}, "width": 960, "prefix": "https://igx.4sqi.net/img/general/", "createdAt": 1370953038, "id": "51b7154e498e128d173882a0", "venue": {"like": false, "location": {"formattedAddress": ["Union St", "Pyrmont NSW 2009", "Australia"], "city": "Pyrmont", "lng": 151.19759, "cc": "AU", "state": "NSW", "lat": -33.87003669, "address": "Union St", "labeledLatLngs": [{"label": "display", "lat": -33.87003669, "lng": 151.19759}], "postalCode": "2009", "country": "Australia"}, "categories": [{"icon": {"prefix": "https://ss3.4sqi.net/img/categories_v2/food/souvlaki_", "suffix": ".png"}, "name": "Souvlaki Shop", "id": "52e81612bcbc57f1066b79f3", "pluralName": "Souvlaki Shops", "primary": true, "shortName": "Souvlaki"}], "verified": false, "contact": {}, "allowMenuUrlEdit": true, "stats": {"tipCount": 2, "usersCount": 114, "checkinsCount": 173}, "id": "4b6e079cf964a520afa42ce3", "name": "Pyrmont Kebabs", "beenHere": {"lastCheckinExpiredAt": 0}}, "suffix": "/1144137_FknR_ZaXVXg-3giixVwXibjHxOfdnA81J_VWwEc5fbI.jpg", "visibility": "public"}, {"height": 720, "source": {"url": "https://foursquare.com/download/#/android", "name": "Foursquare for Android"}, "width": 960, "prefix": "https://igx.4sqi.net/img/general/", "createdAt": 1370953013, "id": "51b71535498e4d483103baf3", "venue": {"like": false, "location": {"formattedAddress": ["Union St", "Pyrmont NSW 2009", "Australia"], "city": "Pyrmont", "lng": 151.19759, "cc": "AU", "state": "NSW", "lat": -33.87003669, "address": "Union St", "labeledLatLngs": [{"label": "display", "lat": -33.87003669, "lng": 151.19759}], "postalCode": "2009", "country": "Australia"}, "categories": [{"icon": {"prefix": "https://ss3.4sqi.net/img/categories_v2/food/souvlaki_", "suffix": ".png"}, "name": "Souvlaki Shop", "id": "52e81612bcbc57f1066b79f3", "pluralName": "Souvlaki Shops", "primary": true, "shortName": "Souvlaki"}], "verified": false, "contact": {}, "allowMenuUrlEdit": true, "stats": {"tipCount": 2, "usersCount": 114, "checkinsCount": 173}, "id": "4b6e079cf964a520afa42ce3", "name": "Pyrmont Kebabs", "beenHere": {"lastCheckinExpiredAt": 0}}, "suffix": "/1144137_h7lD1fm-0EJR98kesvea7qnEJ-wGSCmRafxE9X82Hwo.jpg", "visibility": "public"}, {"height": 720, "source": {"url": "https://foursquare.com/download/#/android", "name": "Foursquare for Android"}, "width": 960, "prefix": "https://igx.4sqi.net/img/general/", "createdAt": 1370952836, "id": "51b71484498ea8b35fa62e2f", "venue": {"like": false, "location": {"formattedAddress": ["Union St", "Pyrmont NSW 2009", "Australia"], "city": "Pyrmont", "lng": 151.19759, "cc": "AU", "state": "NSW", "lat": -33.87003669, "address": "Union St", "labeledLatLngs": [{"label": "display", "lat": -33.87003669, "lng": 151.19759}], "postalCode": "2009", "country": "Australia"}, "categories": [{"icon": {"prefix": "https://ss3.4sqi.net/img/categories_v2/food/souvlaki_", "suffix": ".png"}, "name": "Souvlaki Shop", "id": "52e81612bcbc57f1066b79f3", "pluralName": "Souvlaki Shops", "primary": true, "shortName": "Souvlaki"}], "verified": false, "contact": {}, "allowMenuUrlEdit": true, "stats": {"tipCount": 2, "usersCount": 114, "checkinsCount": 173}, "id": "4b6e079cf964a520afa42ce3", "name": "Pyrmont Kebabs", "beenHere": {"lastCheckinExpiredAt": 0}}, "suffix": "/1144137_rKRJDWvtGHKulViqvN-hMqyWnrRlG23Keqdo02x5n5s.jpg", "visibility": "public"}, {"height": 720, "source": {"url": "https://foursquare.com/download/#/android", "name": "Foursquare for Android"}, "width": 960, "prefix": "https://igx.4sqi.net/img/general/", "createdAt": 1367844566, "id": "5187a6d6498efd58e22c90b9", "venue": {"closed": true, "like": false, "location": {"city": "Bandung", "lng": 107.59623527526855, "cc": "ID", "state": "Jawa Barat", "lat": -6.8888502649774415, "address": "Paris Van Java", "crossStreet": "Jl. Sukajadi No. 137-139", "formattedAddress": ["Paris Van Java (Jl. Sukajadi No. 137-139)", "Bandung", "Jawa Barat", "Indonesia"], "country": "Indonesia"}, "categories": [{"icon": {"prefix": "https://ss3.4sqi.net/img/categories_v2/food/italian_", "suffix": ".png"}, "name": "Italian Restaurant", "id": "4bf58dd8d48988d110941735", "pluralName": "Italian Restaurants", "primary": true, "shortName": "Italian"}], "verified": false, "contact": {}, "allowMenuUrlEdit": true, "stats": {"tipCount": 65, "usersCount": 4027, "checkinsCount": 6443}, "id": "4c19a20dfe5a76b00b000415", "name": "Azzura Sip & Dine", "beenHere": {"lastCheckinExpiredAt": 0}}, "suffix": "/1144137_kF7u4XNPknCRw87qFEiYfVcTvp-GPAs0pA77rGz856g.jpg", "visibility": "public"}, {"height": 960, "source": {"url": "https://foursquare.com/download/#/android", "name": "Foursquare for Android"}, "width": 960, "prefix": "https://igx.4sqi.net/img/general/", "createdAt": 1365657900, "id": "5166492ce4b0c1d1334b4b18", "venue": {"url": "http://bandungdigitalvalley.com", "like": false, "location": {"formattedAddress": ["Menara R&D Center 4th Floor (Jalan Gegerkalong Hilir No.47)", "Bandung", "Jawa Barat 40152", "Indonesia"], "city": "Bandung", "lng": 107.58665442466736, "cc": "ID", "state": "Jawa Barat", "crossStreet": "Jalan Gegerkalong Hilir No.47", "lat": -6.87305400350419, "address": "Menara R&D Center 4th Floor", "labeledLatLngs": [{"label": "display", "lat": -6.87305400350419, "lng": 107.58665442466736}], "postalCode": "40152", "country": "Indonesia"}, "categories": [{"icon": {"prefix": "https://ss3.4sqi.net/img/categories_v2/building/office_coworkingspace_", "suffix": ".png"}, "name": "Coworking Space", "id": "4bf58dd8d48988d174941735", "pluralName": "Coworking Spaces", "primary": true, "shortName": "Coworking Space"}], "verified": false, "contact": {"formattedPhone": "+62 22 4572380", "twitter": "telkom_bdv", "phone": "+62224572380"}, "beenHere": {"lastCheckinExpiredAt": 0}, "stats": {"tipCount": 13, "usersCount": 412, "checkinsCount": 1540}, "id": "4eefef3e775b1214729f7d4c", "name": "Bandung Digital Valley", "venueRatingBlacklisted": true}, "suffix": "/1144137_cOpt6LDfZLcJpbedDNn2Qmm1IAtNGAjaqi5ZqslxDwk.jpg", "visibility": "public"}, {"height": 480, "source": {"url": "https://foursquare.com/download/#/blackberry", "name": "Foursquare for BlackBerry"}, "width": 640, "prefix": "https://igx.4sqi.net/img/general/", "createdAt": 1342186908, "id": "5000259ce4b05bf8e6f947fd", "venue": {"url": "http://www.singaporeflyer.com", "like": false, "location": {"formattedAddress": ["30 Raffles Ave", "039803", "Singapore"], "city": "Singapore", "lng": 103.86324549975406, "cc": "SG", "country": "Singapore", "lat": 1.2894447773183417, "address": "30 Raffles Ave", "postalCode": "039803"}, "categories": [{"icon": {"prefix": "https://ss3.4sqi.net/img/categories_v2/arts_entertainment/themepark_", "suffix": ".png"}, "name": "Theme Park Ride / Attraction", "id": "5109983191d435c0d71c2bb1", "pluralName": "Theme Park Rides/Attractions", "primary": true, "shortName": "Theme Park"}], "verified": false, "contact": {"twitter": "sgflyer"}, "beenHere": {"lastCheckinExpiredAt": 0}, "stats": {"tipCount": 275, "usersCount": 30899, "checkinsCount": 45113}, "id": "4b058810f964a52054af22e3", "name": "The Singapore Flyer"}, "suffix": "/W_4X8fLkDBvt_WSmj5o2gEMFWP0UfBdkxk0YR4Cr1J0.jpg", "visibility": "public"}, {"height": 540, "source": {"url": "https://foursquare.com/download/#/android", "name": "Foursquare for Android"}, "width": 720, "prefix": "https://igx.4sqi.net/img/general/", "createdAt": 1340170826, "id": "4fe1624ae4b0fccda11024a5", "venue": {"url": "http://www.imigrasi.go.id", "like": false, "location": {"formattedAddress": ["Jalan Merpati Blok B12 No. 3 (Kemayoran)", "Jakarta Pusat", "Jakarta 10720", "Indonesia"], "city": "Jakarta Pusat", "lng": 106.84210286885333, "cc": "ID", "state": "Jakarta", "crossStreet": "Kemayoran", "lat": -6.153894011011984, "address": "Jalan Merpati Blok B12 No. 3", "labeledLatLngs": [{"label": "display", "lat": -6.153894011011984, "lng": 106.84210286885333}], "postalCode": "10720", "country": "Indonesia"}, "categories": [{"icon": {"prefix": "https://ss3.4sqi.net/img/categories_v2/building/government_", "suffix": ".png"}, "name": "Government Building", "id": "4bf58dd8d48988d126941735", "pluralName": "Government Buildings", "primary": true, "shortName": "Government"}], "verified": false, "contact": {}, "beenHere": {"lastCheckinExpiredAt": 0}, "stats": {"tipCount": 56, "usersCount": 4692, "checkinsCount": 6751}, "id": "4ba86e47f964a520bfda39e3", "name": "Kantor Imigrasi Kelas 1 Jakarta Pusat", "venueRatingBlacklisted": true}, "suffix": "/EmopN5EXxPKUQIw64Vz1JcZSucZSnKoJxIa1TCBfPIU.jpg", "visibility": "public"}, {"height": 540, "source": {"url": "https://foursquare.com/download/#/android", "name": "Foursquare for Android"}, "width": 720, "prefix": "https://igx.4sqi.net/img/general/", "createdAt": 1340159626, "id": "4fe1368ae4b0bc932fbd6da9", "venue": {"url": "http://www.imigrasi.go.id", "like": false, "location": {"formattedAddress": ["Jalan Merpati Blok B12 No. 3 (Kemayoran)", "Jakarta Pusat", "Jakarta 10720", "Indonesia"], "city": "Jakarta Pusat", "lng": 106.84210286885333, "cc": "ID", "state": "Jakarta", "crossStreet": "Kemayoran", "lat": -6.153894011011984, "address": "Jalan Merpati Blok B12 No. 3", "labeledLatLngs": [{"label": "display", "lat": -6.153894011011984, "lng": 106.84210286885333}], "postalCode": "10720", "country": "Indonesia"}, "categories": [{"icon": {"prefix": "https://ss3.4sqi.net/img/categories_v2/building/government_", "suffix": ".png"}, "name": "Government Building", "id": "4bf58dd8d48988d126941735", "pluralName": "Government Buildings", "primary": true, "shortName": "Government"}], "verified": false, "contact": {}, "beenHere": {"lastCheckinExpiredAt": 0}, "stats": {"tipCount": 56, "usersCount": 4692, "checkinsCount": 6751}, "id": "4ba86e47f964a520bfda39e3", "name": "Kantor Imigrasi Kelas 1 Jakarta Pusat", "venueRatingBlacklisted": true}, "suffix": "/OZn2n37EkiCWfv-O96yXtxk7tu9TQIcOPn1RB1xNZTY.jpg", "visibility": "public"}], "count": 33}, "totalCount": 33}}