{"meta": {"code": 200, "requestId": "595b109d9fb6b77b77353a75"}, "notifications": [{"item": {"unreadCount": 0}, "type": "notificationTray"}], "response": {"photos": {"items": [{"height": 960, "source": {"url": "https://foursquare.com/download/#/android", "name": "Foursquare for Android"}, "width": 540, "prefix": "https://igx.4sqi.net/img/general/", "createdAt": 1382171397, "id": "5262430511d21018ddbc864b", "venue": {"like": false, "location": {"formattedAddress": ["#01-14 Orchid Hotel (1 Tras Link)", "078867", "Singapore"], "city": "Singapore", "lng": 103.84357638529124, "cc": "SG", "country": "Singapore", "crossStreet": "1 Tras Link", "lat": 1.2767833480429005, "address": "#01-14 Orchid Hotel", "labeledLatLngs": [{"label": "display", "lat": 1.2767833480429005, "lng": 103.84357638529124}], "postalCode": "078867"}, "categories": [{"icon": {"prefix": "https://ss3.4sqi.net/img/categories_v2/food/ramen_", "suffix": ".png"}, "name": "Noodle House", "id": "4bf58dd8d48988d1d1941735", "pluralName": "Noodle Houses", "primary": true, "shortName": "Noodles"}], "verified": false, "contact": {}, "allowMenuUrlEdit": true, "stats": {"tipCount": 21, "usersCount": 612, "checkinsCount": 1319}, "id": "50c7ccbde4b0af5db85be8f2", "name": "Menya Sanji \u9eba\u5bb6\u4e09\u58eb", "beenHere": {"lastCheckinExpiredAt": 0}}, "suffix": "/1147131_g6YneSWqmqf_J8D70ESIUFHLjumq94R4uRboS6ITJEg.jpg", "visibility": "public"}, {"height": 720, "source": {"url": "https://foursquare.com/download/#/iphone", "name": "Foursquare for iOS"}, "width": 537, "prefix": "https://igx.4sqi.net/img/general/", "createdAt": 1333802885, "id": "4f803785e4b0c2f7652e0a8e", "venue": {"url": "http://culina.com.sg", "like": false, "location": {"formattedAddress": ["Block 8 Dempsey Road #01-03 (Dempsey Hill)", "247696", "Singapore"], "city": "Singapore", "lng": 103.809762, "cc": "SG", "country": "Singapore", "lat": 1.304021, "address": "Block 8 Dempsey Road #01-03 (Dempsey Hill)", "labeledLatLngs": [{"label": "display", "lat": 1.304021, "lng": 103.809762}], "postalCode": "247696"}, "categories": [{"icon": {"prefix": "https://ss3.4sqi.net/img/categories_v2/food/diner_", "suffix": ".png"}, "name": "Diner", "id": "4bf58dd8d48988d147941735", "pluralName": "Diners", "primary": true, "shortName": "Diner"}], "verified": false, "contact": {"formattedPhone": "+65 6474 7338", "phone": "+6564747338"}, "allowMenuUrlEdit": true, "stats": {"tipCount": 46, "usersCount": 1151, "checkinsCount": 2095}, "id": "4c10d666ce640f47387b3a52", "name": "Culina Quality Food & Beverage", "beenHere": {"lastCheckinExpiredAt": 0}}, "suffix": "/XeTBdpTqbTpYTtZNjYx4KKhJ2TUmsevHncd-8P6BGGg.jpg", "visibility": "public"}, {"height": 537, "source": {"url": "https://foursquare.com/download/#/iphone", "name": "Foursquare for iOS"}, "width": 720, "prefix": "https://igx.4sqi.net/img/general/", "createdAt": 1332243235, "id": "4f686b23e4b072f145a1575f", "venue": {"like": false, "location": {"city": "Singapore", "lng": 103.83378252275264, "cc": "SG", "country": "Singapore", "crossStreet": "22 Scotts Rd", "lat": 1.3078940457954218, "address": "Goodwood Park Hotel", "labeledLatLngs": [{"label": "display", "lat": 1.3078940457954218, "lng": 103.83378252275264}], "formattedAddress": ["Goodwood Park Hotel (22 Scotts Rd)", "Singapore"]}, "categories": [{"icon": {"prefix": "https://ss3.4sqi.net/img/categories_v2/food/italian_", "suffix": ".png"}, "name": "Italian Restaurant", "id": "4bf58dd8d48988d110941735", "pluralName": "Italian Restaurants", "primary": true, "shortName": "Italian"}], "verified": false, "contact": {"formattedPhone": "+65 6735 9937", "phone": "+6567359937"}, "allowMenuUrlEdit": true, "stats": {"tipCount": 10, "usersCount": 273, "checkinsCount": 386}, "id": "4dd272ecd22d67839c5b84c4", "name": "GAIA Ristorante & Bar", "beenHere": {"lastCheckinExpiredAt": 0}}, "suffix": "/YaHUExstEt7jtTyFnA1rUFzavST-QJ2pqWAyu9YihtA.jpg", "visibility": "public"}, {"height": 537, "source": {"url": "https://foursquare.com/download/#/iphone", "name": "Foursquare for iOS"}, "width": 720, "prefix": "https://igx.4sqi.net/img/general/", "createdAt": 1320408157, "id": "4eb3d45d775b544c2692642c", "venue": {"url": "http://www.hk-victoria-peak.com", "like": false, "location": {"city": "\u5c71\u9876", "lng": 114.14992997222568, "cc": "HK", "country": "\u9999\u6e2f", "lat": 22.271138338877577, "address": "Peak Rd", "formattedAddress": ["Peak Rd", "\u9999\u6e2f"]}, "categories": [{"icon": {"prefix": "https://ss3.4sqi.net/img/categories_v2/parks_outdoors/mountain_", "suffix": ".png"}, "name": "Mountain", "id": "4eb1d4d54b900d56c88a45fc", "pluralName": "Mountains", "primary": true, "shortName": "Mountain"}], "verified": false, "contact": {"twitter": "victoriapeak_hk"}, "beenHere": {"lastCheckinExpiredAt": 0}, "stats": {"tipCount": 384, "usersCount": 29926, "checkinsCount": 35630}, "id": "4b0588d1f964a52079db22e3", "name": "Victoria Peak (\u592a\u5e73\u5c71)"}, "suffix": "/KFOU23AEJNZJ3T1YMVDPUFWIOHQBNYHHFW0NGKGFC4UUEELG.jpg", "visibility": "public"}, {"height": 720, "source": {"url": "https://foursquare.com/download/#/iphone", "name": "Foursquare for iOS"}, "tip": {"agreeCount": 0, "canonicalUrl": "https://foursquare.com/item/4d1613a7816af04df34547c2", "todo": {"count": 0}, "logView": true, "disagreeCount": 0, "createdAt": 1293292455, "id": "4d1613a7816af04df34547c2", "text": "Don't order stingray from stall 33!! It's not BBQ it's boiled. Grrrrr", "likes": {"groups": [{"items": [], "count": 1, "type": "others"}], "count": 1, "summary": "1 like"}, "like": false, "type": "user"}, "width": 537, "prefix": "https://igx.4sqi.net/img/general/", "createdAt": 1293292462, "id": "4d1613aee9032da142bf03d3", "venue": {"like": false, "location": {"formattedAddress": ["500 Clemenceau Ave. (Newton Food Centre)", "229495", "Singapore"], "city": "Singapore", "lng": 103.83954553084332, "cc": "SG", "country": "Singapore", "lat": 1.311926768575626, "address": "500 Clemenceau Ave.", "crossStreet": "Newton Food Centre", "postalCode": "229495"}, "categories": [{"icon": {"prefix": "https://ss3.4sqi.net/img/categories_v2/shops/food_foodcourt_", "suffix": ".png"}, "name": "Food Court", "id": "4bf58dd8d48988d120951735", "pluralName": "Food Courts", "primary": true, "shortName": "Food Court"}], "verified": false, "contact": {}, "allowMenuUrlEdit": true, "stats": {"tipCount": 370, "usersCount": 22882, "checkinsCount": 43446}, "id": "4b1e7356f964a5201f1a24e3", "name": "Newton Food Centre", "beenHere": {"lastCheckinExpiredAt": 0}}, "suffix": "/SGAD2GLLB3M55GTVCN3SFJ4OEGUMPEXOAAVYI0WWDWPAHOI0.jpg", "visibility": "public"}], "count": 5}, "totalCount": 5}}