{"meta": {"code": 200, "requestId": "595b22c3351e3d64b08b012a"}, "notifications": [{"item": {"unreadCount": 0}, "type": "notificationTray"}], "response": {"photos": {"items": [{"height": 1440, "source": {"url": "https://www.swarmapp.com", "name": "Swarm for iOS"}, "width": 1920, "prefix": "https://igx.4sqi.net/img/general/", "createdAt": 1498907645, "id": "595783fdf62f2b5d4081f001", "venue": {"like": false, "location": {"lng": 103.845469, "cc": "SG", "country": "Singapore", "crossStreet": "3B River Valley Road", "lat": 1.291024, "address": "01-18 Clarke Quay", "labeledLatLngs": [{"label": "display", "lat": 1.291024, "lng": 103.845469}], "formattedAddress": ["01-18 Clarke Quay (3B River Valley Road)", "Singapore"]}, "categories": [{"icon": {"prefix": "https://ss3.4sqi.net/img/categories_v2/food/asian_", "suffix": ".png"}, "name": "Satay Restaurant", "id": "56aa371be4b08b9a8d57350e", "pluralName": "Satay Restaurants", "primary": true, "shortName": "Satay"}], "verified": false, "contact": {}, "allowMenuUrlEdit": true, "stats": {"tipCount": 5, "usersCount": 47, "checkinsCount": 50}, "id": "585b3a4edc332905550336af", "name": "Violet Oon Satay Bar & Grill", "beenHere": {"lastCheckinExpiredAt": 0}}, "suffix": "/1154230_H57m8mwnDlz_XMoEU95pj-Ob8vXg_18K7k1gUpwiwHU.jpg", "visibility": "public"}, {"height": 1440, "source": {"url": "https://www.swarmapp.com", "name": "Swarm for iOS"}, "width": 1920, "prefix": "https://igx.4sqi.net/img/general/", "createdAt": 1498907645, "id": "595783fddb2aeb08860cdb97", "venue": {"like": false, "location": {"lng": 103.845469, "cc": "SG", "country": "Singapore", "crossStreet": "3B River Valley Road", "lat": 1.291024, "address": "01-18 Clarke Quay", "labeledLatLngs": [{"label": "display", "lat": 1.291024, "lng": 103.845469}], "formattedAddress": ["01-18 Clarke Quay (3B River Valley Road)", "Singapore"]}, "categories": [{"icon": {"prefix": "https://ss3.4sqi.net/img/categories_v2/food/asian_", "suffix": ".png"}, "name": "Satay Restaurant", "id": "56aa371be4b08b9a8d57350e", "pluralName": "Satay Restaurants", "primary": true, "shortName": "Satay"}], "verified": false, "contact": {}, "allowMenuUrlEdit": true, "stats": {"tipCount": 5, "usersCount": 47, "checkinsCount": 50}, "id": "585b3a4edc332905550336af", "name": "Violet Oon Satay Bar & Grill", "beenHere": {"lastCheckinExpiredAt": 0}}, "suffix": "/1154230_z8pOJ4ZO-tDN6b5RMt4sCOAtuMD2ShjRT5Y33y7r9LA.jpg", "visibility": "public"}, {"height": 1440, "source": {"url": "https://www.swarmapp.com", "name": "Swarm for iOS"}, "width": 1920, "prefix": "https://igx.4sqi.net/img/general/", "createdAt": 1469365198, "id": "5794bbce498e3900be60e22b", "venue": {"like": false, "location": {"formattedAddress": ["63 East Coast Road", "428776", "Singapore"], "city": "Tanjong Katong", "lng": 103.903334, "cc": "SG", "state": "Singapore", "lat": 1.305202, "address": "63 East Coast Road", "labeledLatLngs": [{"label": "display", "lat": 1.305202, "lng": 103.903334}], "postalCode": "428776", "country": "Singapore"}, "categories": [{"icon": {"prefix": "https://ss3.4sqi.net/img/categories_v2/food/icecream_", "suffix": ".png"}, "name": "Ice Cream Shop", "id": "4bf58dd8d48988d1c9941735", "pluralName": "Ice Cream Shops", "primary": true, "shortName": "Ice Cream"}], "verified": false, "contact": {"formattedPhone": "+65 9678 6092", "phone": "+6596786092", "facebookName": "Birds of Paradise Gelato Boutique", "facebook": "1535236523450923"}, "allowMenuUrlEdit": true, "stats": {"tipCount": 13, "usersCount": 195, "checkinsCount": 281}, "id": "5794bbb9498eaba989965ceb", "name": "Birds of Paradise Gelato Boutique", "beenHere": {"lastCheckinExpiredAt": 0}}, "suffix": "/1154230_DeSmR0p2BIWUh1bIN8HRJUjNldD9WJtfZHx3ff0eNIQ.jpg", "visibility": "public"}, {"height": 1920, "source": {"url": "https://www.swarmapp.com", "name": "Swarm for iOS"}, "width": 1440, "prefix": "https://igx.4sqi.net/img/general/", "createdAt": 1462596976, "id": "572d7570498e9106db39c36e", "venue": {"like": false, "location": {"city": "H\u00e0 N\u1ed9i", "lng": 105.851766, "cc": "VN", "state": "Th\u00e0nh Ph\u1ed1 H\u00e0 N\u1ed9i", "lat": 21.035841, "address": "43 H\u00e0ng Bu\u1ed3m", "labeledLatLngs": [{"label": "display", "lat": 21.035841, "lng": 105.851766}], "formattedAddress": ["43 H\u00e0ng Bu\u1ed3m", "H\u00e0 N\u1ed9i", "Th\u00e0nh Ph\u1ed1 H\u00e0 N\u1ed9i", "Vi\u1ec7t Nam"], "country": "Vi\u1ec7t Nam"}, "categories": [{"icon": {"prefix": "https://ss3.4sqi.net/img/categories_v2/food/vietnamese_", "suffix": ".png"}, "name": "Vietnamese Restaurant", "id": "4bf58dd8d48988d14a941735", "pluralName": "Vietnamese Restaurants", "primary": true, "shortName": "Vietnamese"}], "verified": false, "contact": {}, "allowMenuUrlEdit": true, "stats": {"tipCount": 0, "usersCount": 14, "checkinsCount": 18}, "id": "50079f7ae4b0d3e9fb588a2f", "name": "B\u00fan Ch\u1ea3", "beenHere": {"lastCheckinExpiredAt": 0}}, "suffix": "/1154230_nZxUxlkDqSWN3pTG4Dp9tomyub2MiZTLUHnWrL1YSO0.jpg", "visibility": "public"}, {"height": 1440, "source": {"url": "https://foursquare.com/download/#/iphone", "name": "Foursquare for iOS"}, "tip": {"agreeCount": 0, "canonicalUrl": "https://foursquare.com/item/571a5bd2498e19e9038ad3ca", "todo": {"count": 0}, "logView": true, "disagreeCount": 0, "createdAt": 1461345234, "id": "571a5bd2498e19e9038ad3ca", "text": "pho, Pork nachos and great set lunches", "likes": {"groups": [], "count": 0}, "like": false, "type": "user"}, "width": 1440, "prefix": "https://igx.4sqi.net/img/general/", "createdAt": 1461345237, "id": "571a5bd5498ed5efc89f01be", "venue": {"closed": true, "like": false, "location": {"city": "Singapore", "lng": 103.84550127373174, "cc": "SG", "country": "Singapore", "lat": 1.281161364086685, "address": "14 Ann Siang Rd", "labeledLatLngs": [{"label": "display", "lat": 1.281161364086685, "lng": 103.84550127373174}], "formattedAddress": ["14 Ann Siang Rd", "Singapore"]}, "categories": [{"icon": {"prefix": "https://ss3.4sqi.net/img/categories_v2/food/vietnamese_", "suffix": ".png"}, "name": "Vietnamese Restaurant", "id": "4bf58dd8d48988d14a941735", "pluralName": "Vietnamese Restaurants", "primary": true, "shortName": "Vietnamese"}], "verified": false, "contact": {"formattedPhone": "+65 6221 6784", "phone": "+6562216784"}, "allowMenuUrlEdit": true, "stats": {"tipCount": 6, "usersCount": 76, "checkinsCount": 109}, "id": "5653edd7498e405c3dab7710", "name": "Fat Saigon Boy", "beenHere": {"lastCheckinExpiredAt": 0}}, "suffix": "/1154230_32A4smNVy0RmX4QuIjIMR5sItrRZ3giCg79ROmwxx_8.jpg", "visibility": "public"}, {"height": 1440, "source": {"url": "https://foursquare.com/download/#/iphone", "name": "Foursquare for iOS"}, "tip": {"agreeCount": 0, "canonicalUrl": "https://foursquare.com/item/56fd351c498ef7cb0745c90c", "todo": {"count": 0}, "logView": true, "disagreeCount": 0, "createdAt": 1459434780, "id": "56fd351c498ef7cb0745c90c", "text": "Joseph was friendly and approachable. Great team there !", "likes": {"groups": [], "count": 0}, "like": false, "type": "user"}, "width": 1920, "prefix": "https://igx.4sqi.net/img/general/", "createdAt": 1459434783, "id": "56fd351f498e29d98d2778b6", "venue": {"like": false, "location": {"formattedAddress": ["67 Frankel Ave", "458167", "Singapore"], "country": "Singapore", "lng": 103.9202929130722, "cc": "SG", "state": "Singapore", "lat": 1.319349606496492, "address": "67 Frankel Ave", "labeledLatLngs": [{"label": "display", "lat": 1.319349606496492, "lng": 103.9202929130722}], "postalCode": "458167"}, "categories": [{"icon": {"prefix": "https://ss3.4sqi.net/img/categories_v2/shops/bikeshop_", "suffix": ".png"}, "name": "Bike Shop", "id": "4bf58dd8d48988d115951735", "pluralName": "Bike Shops", "primary": true, "shortName": "Bike Shop"}], "verified": false, "contact": {}, "allowMenuUrlEdit": true, "stats": {"tipCount": 1, "usersCount": 5, "checkinsCount": 7}, "id": "566ab3a2498e58ba348e7aca", "name": "bru2", "beenHere": {"lastCheckinExpiredAt": 0}}, "suffix": "/1154230_EHRu-jner0NLpPYPEREV0jbKqsGBgQjzTt-5EX9r66I.jpg", "visibility": "public"}, {"height": 987, "source": {"url": "https://foursquare.com/download/#/iphone", "name": "Foursquare for iOS"}, "tip": {"agreeCount": 0, "canonicalUrl": "https://foursquare.com/item/560a8358498e70bb73a4de76", "todo": {"count": 0}, "logView": true, "disagreeCount": 0, "createdAt": 1443529560, "id": "560a8358498e70bb73a4de76", "text": "banana cake. croissant. ambience. everything !", "likes": {"groups": [], "count": 0}, "like": false, "type": "user"}, "width": 1920, "prefix": "https://igx.4sqi.net/img/general/", "createdAt": 1443529562, "id": "560a835a498e015622d1fbcd", "venue": {"location": {"formattedAddress": ["Zurriola Hiribidea, 18 (Miguel Imaz Kalea)", "20002 San Sebasti\u00e1n Pa\u00eds Vasco", "Espa\u00f1a"], "city": "San Sebasti\u00e1n", "lng": -1.9768497347831726, "cc": "ES", "state": "Pa\u00eds Vasco", "crossStreet": "Miguel Imaz Kalea", "lat": 43.32452986813848, "address": "Zurriola Hiribidea, 18", "labeledLatLngs": [{"label": "display", "lat": 43.32452986813848, "lng": -1.9768497347831726}], "postalCode": "20002", "country": "Espa\u00f1a"}, "contact": {"twitter": "theloaf_es", "facebookName": "The Loaf", "formattedPhone": "+34 943 26 50 30", "phone": "+34943265030", "facebookUsername": "TheLoaf.es", "facebook": "366056803450666"}, "verified": true, "allowMenuUrlEdit": true, "stats": {"tipCount": 33, "usersCount": 276, "checkinsCount": 367}, "id": "53b02cb6498e6744c3476a21", "storeId": "", "url": "http://www.theloaf.es", "like": false, "categories": [{"icon": {"prefix": "https://ss3.4sqi.net/img/categories_v2/food/bakery_", "suffix": ".png"}, "name": "Bakery", "id": "4bf58dd8d48988d16a941735", "pluralName": "Bakeries", "primary": true, "shortName": "Bakery"}], "beenHere": {"lastCheckinExpiredAt": 0}, "name": "The Loaf", "venuePage": {"id": "93079183"}}, "suffix": "/1154230_CRAYIgWfep2A30xuYWI5Tsx2FXdUmbyAqn_x6YpbjVA.jpg", "visibility": "public"}, {"height": 720, "source": {"url": "https://foursquare.com/download/#/iphone", "name": "Foursquare for iOS"}, "width": 960, "prefix": "https://igx.4sqi.net/img/general/", "createdAt": 1396122773, "id": "53372495498e6a4d4db5d85f", "venue": {"venueRatingBlacklisted": true, "closed": true, "like": false, "location": {"country": "Singapore", "lat": 1.2913858255136679, "lng": 103.86353427304775, "formattedAddress": ["Singapore"], "cc": "SG"}, "categories": [{"icon": {"prefix": "https://ss3.4sqi.net/img/categories_v2/event/default_", "suffix": ".png"}, "name": "Other Event", "id": "5267e4d9e4b0ec79466e48c8", "pluralName": "Other Events", "primary": true, "shortName": "Other Event"}], "verified": false, "contact": {}, "beenHere": {"lastCheckinExpiredAt": 0}, "stats": {"tipCount": 1, "usersCount": 43, "checkinsCount": 53}, "id": "5334ffca11d2a77c6e58c245", "name": "OCBC CYCLE SINGAPORE 2014"}, "suffix": "/1154230_xjMz7xILDyRz5TdkJGURA9vnptaXcLqn4IBEls4o0ck.jpg", "visibility": "public"}, {"height": 640, "source": {"url": "https://foursquare.com/download/#/iphone", "name": "Foursquare for iOS"}, "width": 960, "prefix": "https://igx.4sqi.net/img/general/", "createdAt": 1385995652, "id": "529c9d84498e9200edbbac72", "venue": {"like": false, "location": {"city": "Singapore", "cc": "SG", "country": "Singapore", "lat": 1.3452478072311616, "lng": 103.95832449007227, "labeledLatLngs": [{"label": "display", "lat": 1.3452478072311616, "lng": 103.95832449007227}], "formattedAddress": ["Singapore"]}, "categories": [{"icon": {"prefix": "https://ss3.4sqi.net/img/categories_v2/food/gastropub_", "suffix": ".png"}, "name": "Gastropub", "id": "4bf58dd8d48988d155941735", "pluralName": "Gastropubs", "primary": true, "shortName": "Gastropub"}], "verified": true, "contact": {"facebookName": "Duke's Inn", "facebookUsername": "thedukesinn", "facebook": "378387458927748"}, "allowMenuUrlEdit": true, "stats": {"tipCount": 2, "usersCount": 6, "checkinsCount": 25}, "id": "51971eee498eb4bdf10d1e57", "name": "Duke's Inn", "beenHere": {"lastCheckinExpiredAt": 0}, "venuePage": {"id": "59435536"}}, "suffix": "/1154230_ZwwxlIU3xg4oD4s3wxTKjODst-vk40WP02xJeB6PIcc.jpg", "visibility": "public"}, {"height": 540, "source": {"url": "https://foursquare.com/download/#/iphone", "name": "Foursquare for iOS"}, "width": 960, "prefix": "https://igx.4sqi.net/img/general/", "createdAt": 1384594077, "id": "52873a9d11d26419ca6a1494", "venue": {"like": false, "location": {"city": "Singapore", "cc": "SG", "country": "Singapore", "lat": 1.3452478072311616, "lng": 103.95832449007227, "labeledLatLngs": [{"label": "display", "lat": 1.3452478072311616, "lng": 103.95832449007227}], "formattedAddress": ["Singapore"]}, "categories": [{"icon": {"prefix": "https://ss3.4sqi.net/img/categories_v2/food/gastropub_", "suffix": ".png"}, "name": "Gastropub", "id": "4bf58dd8d48988d155941735", "pluralName": "Gastropubs", "primary": true, "shortName": "Gastropub"}], "verified": true, "contact": {"facebookName": "Duke's Inn", "facebookUsername": "thedukesinn", "facebook": "378387458927748"}, "allowMenuUrlEdit": true, "stats": {"tipCount": 2, "usersCount": 6, "checkinsCount": 25}, "id": "51971eee498eb4bdf10d1e57", "name": "Duke's Inn", "beenHere": {"lastCheckinExpiredAt": 0}, "venuePage": {"id": "59435536"}}, "suffix": "/1154230_zyryaLg-hvHzV2wgaCEeuYmlYZXxoOfJ9IqiWr5U4TQ.jpg", "visibility": "public"}, {"height": 720, "source": {"url": "https://foursquare.com/download/#/iphone", "name": "Foursquare for iOS"}, "width": 960, "prefix": "https://igx.4sqi.net/img/general/", "createdAt": 1380472635, "id": "5248573b498e9cf7b90254ea", "venue": {"like": false, "location": {"city": "Singapore", "cc": "SG", "country": "Singapore", "lat": 1.3452478072311616, "lng": 103.95832449007227, "labeledLatLngs": [{"label": "display", "lat": 1.3452478072311616, "lng": 103.95832449007227}], "formattedAddress": ["Singapore"]}, "categories": [{"icon": {"prefix": "https://ss3.4sqi.net/img/categories_v2/food/gastropub_", "suffix": ".png"}, "name": "Gastropub", "id": "4bf58dd8d48988d155941735", "pluralName": "Gastropubs", "primary": true, "shortName": "Gastropub"}], "verified": true, "contact": {"facebookName": "Duke's Inn", "facebookUsername": "thedukesinn", "facebook": "378387458927748"}, "allowMenuUrlEdit": true, "stats": {"tipCount": 2, "usersCount": 6, "checkinsCount": 25}, "id": "51971eee498eb4bdf10d1e57", "name": "Duke's Inn", "beenHere": {"lastCheckinExpiredAt": 0}, "venuePage": {"id": "59435536"}}, "suffix": "/1154230_NknsRuW952kkiF5ygCyYNsd3ZyIAqaRsWOYYWHdLjOQ.jpg", "visibility": "public"}, {"height": 960, "source": {"url": "https://foursquare.com/download/#/iphone", "name": "Foursquare for iOS"}, "width": 720, "prefix": "https://igx.4sqi.net/img/general/", "createdAt": 1377923742, "id": "5221729e11d257042431c3b5", "venue": {"url": "http://www.qbhouse.com/sg", "like": false, "location": {"formattedAddress": ["#03-09 Eastpoint Mall (3 Simei Street 6)", "528833", "Singapore"], "city": "Singapore", "lng": 103.95333270707313, "cc": "SG", "country": "Singapore", "crossStreet": "3 Simei Street 6", "lat": 1.3426847726739206, "address": "#03-09 Eastpoint Mall", "labeledLatLngs": [{"label": "display", "lat": 1.3426847726739206, "lng": 103.95333270707313}], "postalCode": "528833"}, "categories": [{"icon": {"prefix": "https://ss3.4sqi.net/img/categories_v2/shops/salon_barber_", "suffix": ".png"}, "name": "Salon / Barbershop", "id": "4bf58dd8d48988d110951735", "pluralName": "Salons / Barbershops", "primary": true, "shortName": "Salon / Barbershop"}], "verified": false, "contact": {"formattedPhone": "+65 6323 2144", "phone": "+6563232144"}, "allowMenuUrlEdit": true, "stats": {"tipCount": 3, "usersCount": 87, "checkinsCount": 230}, "id": "4b9523ebf964a520109134e3", "name": "QB House", "beenHere": {"lastCheckinExpiredAt": 0}}, "suffix": "/1154230_4f2i7YWCLETik1wXH3Hi5Xxz1TBsy3O_dShg4ttpRko.jpg", "visibility": "public"}, {"height": 720, "source": {"url": "https://foursquare.com/download/#/iphone", "name": "Foursquare for iOS"}, "width": 959, "prefix": "https://igx.4sqi.net/img/general/", "createdAt": 1377412385, "id": "5219a521498e1a2772fe4564", "venue": {"like": false, "location": {"city": "Singapore", "cc": "SG", "country": "Singapore", "lat": 1.3452478072311616, "lng": 103.95832449007227, "labeledLatLngs": [{"label": "display", "lat": 1.3452478072311616, "lng": 103.95832449007227}], "formattedAddress": ["Singapore"]}, "categories": [{"icon": {"prefix": "https://ss3.4sqi.net/img/categories_v2/food/gastropub_", "suffix": ".png"}, "name": "Gastropub", "id": "4bf58dd8d48988d155941735", "pluralName": "Gastropubs", "primary": true, "shortName": "Gastropub"}], "verified": true, "contact": {"facebookName": "Duke's Inn", "facebookUsername": "thedukesinn", "facebook": "378387458927748"}, "allowMenuUrlEdit": true, "stats": {"tipCount": 2, "usersCount": 6, "checkinsCount": 25}, "id": "51971eee498eb4bdf10d1e57", "name": "Duke's Inn", "beenHere": {"lastCheckinExpiredAt": 0}, "venuePage": {"id": "59435536"}}, "suffix": "/1154230_xxGXg7LkFdeepIXjKqG5aGtsZRt24hqwo-oREvj_CyM.jpg", "visibility": "public"}, {"height": 720, "source": {"url": "https://foursquare.com/download/#/iphone", "name": "Foursquare for iOS"}, "width": 720, "prefix": "https://igx.4sqi.net/img/general/", "createdAt": 1374398703, "id": "51eba8ef498e68dc2d9417f5", "venue": {"like": false, "location": {"city": "Singapore", "cc": "SG", "country": "Singapore", "lat": 1.3452478072311616, "lng": 103.95832449007227, "labeledLatLngs": [{"label": "display", "lat": 1.3452478072311616, "lng": 103.95832449007227}], "formattedAddress": ["Singapore"]}, "categories": [{"icon": {"prefix": "https://ss3.4sqi.net/img/categories_v2/food/gastropub_", "suffix": ".png"}, "name": "Gastropub", "id": "4bf58dd8d48988d155941735", "pluralName": "Gastropubs", "primary": true, "shortName": "Gastropub"}], "verified": true, "contact": {"facebookName": "Duke's Inn", "facebookUsername": "thedukesinn", "facebook": "378387458927748"}, "allowMenuUrlEdit": true, "stats": {"tipCount": 2, "usersCount": 6, "checkinsCount": 25}, "id": "51971eee498eb4bdf10d1e57", "name": "Duke's Inn", "beenHere": {"lastCheckinExpiredAt": 0}, "venuePage": {"id": "59435536"}}, "suffix": "/1154230_63AYdtSuFY3dXtweHiYcD-fbIbMdt0u45-77EyGkYug.jpg", "visibility": "public"}, {"height": 960, "source": {"url": "https://foursquare.com/download/#/iphone", "name": "Foursquare for iOS"}, "width": 640, "prefix": "https://igx.4sqi.net/img/general/", "createdAt": 1374076005, "id": "51e6bc65498e5ffcb84444c3", "venue": {"like": false, "location": {"city": "Singapore", "cc": "SG", "country": "Singapore", "lat": 1.3452478072311616, "lng": 103.95832449007227, "labeledLatLngs": [{"label": "display", "lat": 1.3452478072311616, "lng": 103.95832449007227}], "formattedAddress": ["Singapore"]}, "categories": [{"icon": {"prefix": "https://ss3.4sqi.net/img/categories_v2/food/gastropub_", "suffix": ".png"}, "name": "Gastropub", "id": "4bf58dd8d48988d155941735", "pluralName": "Gastropubs", "primary": true, "shortName": "Gastropub"}], "verified": true, "contact": {"facebookName": "Duke's Inn", "facebookUsername": "thedukesinn", "facebook": "378387458927748"}, "allowMenuUrlEdit": true, "stats": {"tipCount": 2, "usersCount": 6, "checkinsCount": 25}, "id": "51971eee498eb4bdf10d1e57", "name": "Duke's Inn", "beenHere": {"lastCheckinExpiredAt": 0}, "venuePage": {"id": "59435536"}}, "suffix": "/1154230_wNguqRhXyIcqhAR-iwTkps8OYvqr1OiYNjzpZhflgvg.jpg", "visibility": "public"}, {"height": 960, "source": {"url": "https://foursquare.com/download/#/iphone", "name": "Foursquare for iOS"}, "width": 640, "prefix": "https://igx.4sqi.net/img/general/", "createdAt": 1372494438, "id": "51ce9a66498ec2e73ff63205", "venue": {"like": false, "location": {"city": "Singapore", "cc": "SG", "country": "Singapore", "lat": 1.3452478072311616, "lng": 103.95832449007227, "labeledLatLngs": [{"label": "display", "lat": 1.3452478072311616, "lng": 103.95832449007227}], "formattedAddress": ["Singapore"]}, "categories": [{"icon": {"prefix": "https://ss3.4sqi.net/img/categories_v2/food/gastropub_", "suffix": ".png"}, "name": "Gastropub", "id": "4bf58dd8d48988d155941735", "pluralName": "Gastropubs", "primary": true, "shortName": "Gastropub"}], "verified": true, "contact": {"facebookName": "Duke's Inn", "facebookUsername": "thedukesinn", "facebook": "378387458927748"}, "allowMenuUrlEdit": true, "stats": {"tipCount": 2, "usersCount": 6, "checkinsCount": 25}, "id": "51971eee498eb4bdf10d1e57", "name": "Duke's Inn", "beenHere": {"lastCheckinExpiredAt": 0}, "venuePage": {"id": "59435536"}}, "suffix": "/1154230_nnzsRHi2yh177YURk3_ZcbilREPyk-M0jUAKv6vT0sw.jpg", "visibility": "public"}, {"height": 720, "source": {"url": "https://foursquare.com/download/#/iphone", "name": "Foursquare for iOS"}, "width": 720, "prefix": "https://igx.4sqi.net/img/general/", "createdAt": 1372179717, "id": "51c9cd05498e9f37335caf2b", "venue": {"like": false, "location": {"city": "Singapore", "cc": "SG", "country": "Singapore", "lat": 1.3452478072311616, "lng": 103.95832449007227, "labeledLatLngs": [{"label": "display", "lat": 1.3452478072311616, "lng": 103.95832449007227}], "formattedAddress": ["Singapore"]}, "categories": [{"icon": {"prefix": "https://ss3.4sqi.net/img/categories_v2/food/gastropub_", "suffix": ".png"}, "name": "Gastropub", "id": "4bf58dd8d48988d155941735", "pluralName": "Gastropubs", "primary": true, "shortName": "Gastropub"}], "verified": true, "contact": {"facebookName": "Duke's Inn", "facebookUsername": "thedukesinn", "facebook": "378387458927748"}, "allowMenuUrlEdit": true, "stats": {"tipCount": 2, "usersCount": 6, "checkinsCount": 25}, "id": "51971eee498eb4bdf10d1e57", "name": "Duke's Inn", "beenHere": {"lastCheckinExpiredAt": 0}, "venuePage": {"id": "59435536"}}, "suffix": "/1154230_HMAPqwXUdfneUZRuUK7wlKRd7-WszlKjgQtEAcGia-A.jpg", "visibility": "public"}, {"height": 720, "source": {"url": "https://foursquare.com/download/#/iphone", "name": "Foursquare for iOS"}, "width": 720, "prefix": "https://igx.4sqi.net/img/general/", "createdAt": 1372179707, "id": "51c9ccfb498e0066037a35f8", "venue": {"like": false, "location": {"city": "Singapore", "cc": "SG", "country": "Singapore", "lat": 1.3452478072311616, "lng": 103.95832449007227, "labeledLatLngs": [{"label": "display", "lat": 1.3452478072311616, "lng": 103.95832449007227}], "formattedAddress": ["Singapore"]}, "categories": [{"icon": {"prefix": "https://ss3.4sqi.net/img/categories_v2/food/gastropub_", "suffix": ".png"}, "name": "Gastropub", "id": "4bf58dd8d48988d155941735", "pluralName": "Gastropubs", "primary": true, "shortName": "Gastropub"}], "verified": true, "contact": {"facebookName": "Duke's Inn", "facebookUsername": "thedukesinn", "facebook": "378387458927748"}, "allowMenuUrlEdit": true, "stats": {"tipCount": 2, "usersCount": 6, "checkinsCount": 25}, "id": "51971eee498eb4bdf10d1e57", "name": "Duke's Inn", "beenHere": {"lastCheckinExpiredAt": 0}, "venuePage": {"id": "59435536"}}, "suffix": "/1154230_MPeOjYFG75sb7DWso7aGZ-QITg0r5nHcejrsx0wb424.jpg", "visibility": "public"}, {"height": 720, "source": {"url": "https://foursquare.com/download/#/iphone", "name": "Foursquare for iOS"}, "width": 960, "prefix": "https://igx.4sqi.net/img/general/", "createdAt": 1372179691, "id": "51c9cceb498ec7d1f0caaa9e", "venue": {"like": false, "location": {"city": "Singapore", "cc": "SG", "country": "Singapore", "lat": 1.3452478072311616, "lng": 103.95832449007227, "labeledLatLngs": [{"label": "display", "lat": 1.3452478072311616, "lng": 103.95832449007227}], "formattedAddress": ["Singapore"]}, "categories": [{"icon": {"prefix": "https://ss3.4sqi.net/img/categories_v2/food/gastropub_", "suffix": ".png"}, "name": "Gastropub", "id": "4bf58dd8d48988d155941735", "pluralName": "Gastropubs", "primary": true, "shortName": "Gastropub"}], "verified": true, "contact": {"facebookName": "Duke's Inn", "facebookUsername": "thedukesinn", "facebook": "378387458927748"}, "allowMenuUrlEdit": true, "stats": {"tipCount": 2, "usersCount": 6, "checkinsCount": 25}, "id": "51971eee498eb4bdf10d1e57", "name": "Duke's Inn", "beenHere": {"lastCheckinExpiredAt": 0}, "venuePage": {"id": "59435536"}}, "suffix": "/1154230_ZXO8OmvLkEK3I7mcKmo4cPE0IqrDCf8c8GYCoUdJdLM.jpg", "visibility": "public"}, {"height": 1440, "source": {"url": "https://foursquare.com/download/#/iphone", "name": "Foursquare for iOS"}, "width": 1920, "prefix": "https://igx.4sqi.net/img/general/", "createdAt": 1368858452, "id": "51971f54498e730768972480", "venue": {"like": false, "location": {"city": "Singapore", "cc": "SG", "country": "Singapore", "lat": 1.3452478072311616, "lng": 103.95832449007227, "labeledLatLngs": [{"label": "display", "lat": 1.3452478072311616, "lng": 103.95832449007227}], "formattedAddress": ["Singapore"]}, "categories": [{"icon": {"prefix": "https://ss3.4sqi.net/img/categories_v2/food/gastropub_", "suffix": ".png"}, "name": "Gastropub", "id": "4bf58dd8d48988d155941735", "pluralName": "Gastropubs", "primary": true, "shortName": "Gastropub"}], "verified": true, "contact": {"facebookName": "Duke's Inn", "facebookUsername": "thedukesinn", "facebook": "378387458927748"}, "allowMenuUrlEdit": true, "stats": {"tipCount": 2, "usersCount": 6, "checkinsCount": 25}, "id": "51971eee498eb4bdf10d1e57", "name": "Duke's Inn", "beenHere": {"lastCheckinExpiredAt": 0}, "venuePage": {"id": "59435536"}}, "suffix": "/1154230_BmcjHvwXC0LDBBydKJvKEFjlltM0j0n3BTkq1Ptt1rQ.jpg", "visibility": "public"}, {"height": 1920, "source": {"url": "https://foursquare.com/download/#/iphone", "name": "Foursquare for iOS"}, "width": 1440, "prefix": "https://igx.4sqi.net/img/general/", "createdAt": 1368361577, "id": "518f8a69498e32e3d829df7b", "venue": {"like": false, "location": {"cc": "SG", "country": "Singapore", "lat": 1.343296766281128, "lng": 103.95332336425781, "labeledLatLngs": [{"label": "display", "lat": 1.343296766281128, "lng": 103.95332336425781}], "formattedAddress": ["Singapore"]}, "categories": [{"icon": {"prefix": "https://ss3.4sqi.net/img/categories_v2/shops/salon_barber_", "suffix": ".png"}, "name": "Salon / Barbershop", "id": "4bf58dd8d48988d110951735", "pluralName": "Salons / Barbershops", "primary": true, "shortName": "Salon / Barbershop"}], "verified": false, "contact": {}, "allowMenuUrlEdit": true, "stats": {"tipCount": 0, "usersCount": 9, "checkinsCount": 50}, "id": "5143f8b8e4b02de93d2bdeac", "name": "QB House @ Blk 248 Simei St 5", "beenHere": {"lastCheckinExpiredAt": 0}}, "suffix": "/1154230_7qLbe63Jdk987AuHWvbK1OSKrwEhjsqcgwARs0-rduI.jpg", "visibility": "public"}, {"height": 720, "source": {"url": "https://foursquare.com/download/#/iphone", "name": "Foursquare for iOS"}, "width": 960, "prefix": "https://igx.4sqi.net/img/general/", "createdAt": 1365332892, "id": "5161539ce4b06882eecc5bcf", "venue": {"like": false, "location": {"formattedAddress": ["Fei Siong foodcourt, Changi Simei Community Centre (10 Simei St 2)", "529915", "Singapore"], "country": "Singapore", "lng": 103.9549871713202, "cc": "SG", "state": "Singapore", "crossStreet": "10 Simei St 2", "lat": 1.3448687317265955, "address": "Fei Siong foodcourt, Changi Simei Community Centre", "labeledLatLngs": [{"label": "display", "lat": 1.3448687317265955, "lng": 103.9549871713202}], "postalCode": "529915"}, "categories": [{"icon": {"prefix": "https://ss3.4sqi.net/img/categories_v2/food/asian_", "suffix": ".png"}, "name": "Chinese Restaurant", "id": "4bf58dd8d48988d145941735", "pluralName": "Chinese Restaurants", "primary": true, "shortName": "Chinese"}], "verified": false, "contact": {"formattedPhone": "+65 6786 3818", "phone": "+6567863818"}, "allowMenuUrlEdit": true, "stats": {"tipCount": 9, "usersCount": 213, "checkinsCount": 1226}, "id": "4c6bdc0b9c76d13a88e44e0f", "name": "Dynasty Seafood", "beenHere": {"lastCheckinExpiredAt": 0}}, "suffix": "/1154230__slA3iW_P-ET_YoVGgsGzDWHPBpfT2zyMZRf6T_pTtw.jpg", "visibility": "public"}, {"height": 720, "source": {"url": "https://foursquare.com/download/#/iphone", "name": "Foursquare for iOS"}, "tip": {"agreeCount": 4, "canonicalUrl": "https://foursquare.com/item/51106958e4b0d4855fd17716", "todo": {"count": 0}, "logView": true, "disagreeCount": 0, "createdAt": 1360030040, "id": "51106958e4b0d4855fd17716", "text": "Plant yourself at the lobby and connect to HSBC free wifi", "likes": {"groups": [{"items": [{"photo": {"prefix": "https://igx.4sqi.net/img/user/", "suffix": "/134490296-NAJTEWGFV0HXIWQY.jpg"}, "id": "134490296", "firstName": "Dacia", "gender": "female", "lastName": "Lopez"}, {"photo": {"prefix": "https://igx.4sqi.net/img/user/", "suffix": "/88719973_XtuzcTkM_aIcuyRUCQKuP4bimx-SJun3wPfZmDMwfNOPKY2e4NCVKhouRdc4IcGpDG-paNE2w.jpg"}, "id": "88719973", "firstName": "KAALLiiiieccc", "gender": "female"}, {"photo": {"default": true, "prefix": "https://igx.4sqi.net/img/user/", "suffix": "/blank_boy.png"}, "id": "83609570", "firstName": "Trajce", "gender": "male", "lastName": "Simonoski"}, {"photo": {"prefix": "https://igx.4sqi.net/img/user/", "suffix": "/72882629-Q4GIFOPTTMWQYNGG.jpg"}, "id": "72882629", "firstName": "Peter", "gender": "male", "lastName": "Kalliopuro"}], "count": 4, "type": "others"}], "count": 4, "summary": "4 likes"}, "like": false, "type": "user"}, "width": 960, "prefix": "https://igx.4sqi.net/img/general/", "createdAt": 1360030061, "id": "5110696de4b0ef90a932786d", "venue": {"url": "http://www.harbour-plaza.com/theKowloon/Index-en.htm", "like": false, "location": {"city": "\u5c16\u6c99\u5480", "lng": 114.17181175641356, "cc": "HK", "state": "Kowloon City", "crossStreet": "at Middle Rd", "lat": 22.295550468033884, "address": "19-21 Nathan Rd", "labeledLatLngs": [{"label": "display", "lat": 22.295550468033884, "lng": 114.17181175641356}], "formattedAddress": ["19-21 Nathan Rd (at Middle Rd)", "Kowloon City", "\u9999\u6e2f"], "country": "\u9999\u6e2f"}, "categories": [{"icon": {"prefix": "https://ss3.4sqi.net/img/categories_v2/travel/hotel_", "suffix": ".png"}, "name": "Hotel", "id": "4bf58dd8d48988d1fa931735", "pluralName": "Hotels", "primary": true, "shortName": "Hotel"}], "verified": false, "contact": {"formattedPhone": "+852 2929 2888", "phone": "+85229292888"}, "allowMenuUrlEdit": true, "stats": {"tipCount": 60, "usersCount": 2488, "checkinsCount": 4958}, "id": "4b0588ccf964a52070da22e3", "name": "The Kowloon Hotel (\u4e5d\u9f8d\u9152\u5e97)", "beenHere": {"lastCheckinExpiredAt": 0}}, "suffix": "/1154230_RW-GJjkZxMa5DNkbwZwpq2jLJIYQmyJGntbp--Jhbys.jpg", "visibility": "public"}, {"height": 960, "source": {"url": "https://foursquare.com/download/#/iphone", "name": "Foursquare for iOS"}, "width": 720, "prefix": "https://igx.4sqi.net/img/general/", "createdAt": 1357352564, "id": "50e78e74e4b0f969e423a44a", "venue": {"venueRatingBlacklisted": true, "like": false, "location": {"city": "Singapore", "cc": "SG", "country": "Singapore", "lat": 1.3056772178367748, "lng": 103.8303350249579, "labeledLatLngs": [{"label": "display", "lat": 1.3056772178367748, "lng": 103.8303350249579}], "formattedAddress": ["Singapore"]}, "categories": [{"icon": {"prefix": "https://ss3.4sqi.net/img/categories_v2/building/medical_dentist_", "suffix": ".png"}, "name": "Dentist's Office", "id": "4bf58dd8d48988d178941735", "pluralName": "Dentist's Offices", "primary": true, "shortName": "Dentist's Office"}], "verified": false, "contact": {}, "allowMenuUrlEdit": true, "stats": {"tipCount": 8, "usersCount": 131, "checkinsCount": 372}, "id": "4c1c6fedb9f876b027ff7b46", "name": "Lee & Ong Dental Surgeons", "beenHere": {"lastCheckinExpiredAt": 0}}, "suffix": "/1154230_VYpBPw1A-U58WRzTIeUlgcFEVVIOqkF95Rvkte8HX9g.jpg", "visibility": "public"}, {"height": 960, "source": {"url": "https://foursquare.com/download/#/iphone", "name": "Foursquare for iOS"}, "width": 720, "prefix": "https://igx.4sqi.net/img/general/", "createdAt": 1356338090, "id": "50d813aa498e6fa64041e672", "venue": {"venueRatingBlacklisted": true, "like": false, "location": {"city": "Singapore", "lng": 104.01949882507324, "cc": "SG", "country": "Singapore", "lat": 1.3635492491975707, "address": "Aviation Park Rd", "labeledLatLngs": [{"label": "display", "lat": 1.3635492491975707, "lng": 104.01949882507324}], "formattedAddress": ["Aviation Park Rd", "Singapore"]}, "categories": [{"icon": {"prefix": "https://ss3.4sqi.net/img/categories_v2/travel/highway_", "suffix": ".png"}, "name": "Road", "id": "4bf58dd8d48988d1f9931735", "pluralName": "Roads", "primary": true, "shortName": "Road"}], "verified": false, "contact": {}, "beenHere": {"lastCheckinExpiredAt": 0}, "stats": {"tipCount": 0, "usersCount": 118, "checkinsCount": 160}, "id": "4c1c0cb163750f47caf4b567", "name": "Aviation Park Road"}, "suffix": "/1154230_HThzg7ammws1IxIYYw1iU5-zPkW4TLc-RrdExYWQkdk.jpg", "visibility": "public"}, {"height": 720, "source": {"url": "https://foursquare.com/download/#/iphone", "name": "Foursquare for iOS"}, "width": 960, "prefix": "https://igx.4sqi.net/img/general/", "createdAt": 1356066526, "id": "50d3eedee4b0c79b92e7d6c3", "venue": {"url": "http://www.gv.com.sg", "like": false, "location": {"formattedAddress": ["VivoCity (#02-30 & #03-04)", "098585", "Singapore"], "city": "Singapore", "lng": 103.82298178820471, "cc": "SG", "country": "Singapore", "lat": 1.2641334485560263, "address": "VivoCity", "crossStreet": "#02-30 & #03-04", "postalCode": "098585"}, "categories": [{"icon": {"prefix": "https://ss3.4sqi.net/img/categories_v2/arts_entertainment/movietheater_", "suffix": ".png"}, "name": "Multiplex", "id": "4bf58dd8d48988d180941735", "pluralName": "Multiplexes", "primary": true, "shortName": "Cineplex"}], "verified": false, "contact": {"twitter": "gvpictures"}, "allowMenuUrlEdit": true, "stats": {"tipCount": 108, "usersCount": 22038, "checkinsCount": 49141}, "id": "4b49db45f964a520ca7426e3", "name": "Golden Village", "beenHere": {"lastCheckinExpiredAt": 0}}, "suffix": "/1154230_Pnuu6K7oZp6cUT8Ex0wOz6jXEc9vu_MlusyFxEjAYl8.jpg", "visibility": "public"}, {"height": 720, "source": {"url": "https://foursquare.com/download/#/iphone", "name": "Foursquare for iOS"}, "width": 540, "prefix": "https://igx.4sqi.net/img/general/", "createdAt": 1348944802, "id": "506743a2e4b0b9b4eac1c155", "venue": {"url": "http://www.fullers.co.uk", "like": false, "location": {"formattedAddress": ["11 Thames Rd (at Strand on the Green)", "London", "Greater London", "W4 3PL", "United Kingdom"], "city": "London", "lng": -0.2831956744194031, "cc": "GB", "state": "Greater London", "crossStreet": "at Strand on the Green", "lat": 51.486990071905176, "address": "11 Thames Rd", "labeledLatLngs": [{"label": "display", "lat": 51.486990071905176, "lng": -0.2831956744194031}], "postalCode": "W4 3PL", "country": "United Kingdom"}, "categories": [{"icon": {"prefix": "https://ss3.4sqi.net/img/categories_v2/nightlife/pub_", "suffix": ".png"}, "name": "Pub", "id": "4bf58dd8d48988d11b941735", "pluralName": "Pubs", "primary": true, "shortName": "Pub"}], "verified": false, "contact": {"formattedPhone": "+44 20 8994 4164", "phone": "+442089944164"}, "allowMenuUrlEdit": true, "stats": {"tipCount": 30, "usersCount": 540, "checkinsCount": 1083}, "id": "4ad4f2d1f964a520da0021e3", "name": "Bell & Crown", "beenHere": {"lastCheckinExpiredAt": 0}}, "suffix": "/1154230_N4SxUSrI8hjGEYqGmQ21j-VhJTH-F21R38mV8SI-gC4.jpg", "visibility": "public"}, {"height": 720, "source": {"url": "https://foursquare.com/download/#/iphone", "name": "Foursquare for iOS"}, "width": 537, "prefix": "https://igx.4sqi.net/img/general/", "createdAt": 1348406617, "id": "505f0d59e4b0d9a2f183c7c4", "venue": {"venueRatingBlacklisted": true, "like": false, "location": {"formattedAddress": ["31 Exeter Rd (Killiney Road)", "239732", "Singapore"], "city": "Singapore", "lng": 103.83871793746948, "cc": "SG", "country": "Singapore", "crossStreet": "Killiney Road", "lat": 1.2992150666920927, "address": "31 Exeter Rd", "labeledLatLngs": [{"label": "display", "lat": 1.2992150666920927, "lng": 103.83871793746948}], "postalCode": "239732"}, "categories": [{"icon": {"prefix": "https://ss3.4sqi.net/img/categories_v2/building/default_", "suffix": ".png"}, "name": "Office", "id": "4bf58dd8d48988d124941735", "pluralName": "Offices", "primary": true, "shortName": "Office"}], "verified": false, "contact": {}, "allowMenuUrlEdit": true, "stats": {"tipCount": 47, "usersCount": 5900, "checkinsCount": 21427}, "id": "4b0e6a07f964a520755723e3", "name": "Singtel Comcentre", "beenHere": {"lastCheckinExpiredAt": 0}}, "suffix": "/1154230_x65l3IuZCR1Cx_1ScYB7M1BXF81RVesiFV2zdBgu5m0.jpg", "visibility": "public"}, {"height": 525, "source": {"url": "https://foursquare.com/download/#/iphone", "name": "Foursquare for iOS"}, "width": 720, "prefix": "https://igx.4sqi.net/img/general/", "createdAt": 1348226937, "id": "505c4f79e4b0b4bf446673a8", "venue": {"closed": true, "like": false, "location": {"formattedAddress": ["#01-17, Eastpoint Mall (3 Simei St 6)", "528833", "Singapore"], "city": "Singapore", "lng": 103.9531409740448, "cc": "SG", "country": "Singapore", "lat": 1.3427840151871193, "address": "#01-17, Eastpoint Mall", "crossStreet": "3 Simei St 6", "postalCode": "528833"}, "categories": [{"icon": {"prefix": "https://ss3.4sqi.net/img/categories_v2/food/burger_", "suffix": ".png"}, "name": "Burger Joint", "id": "4bf58dd8d48988d16c941735", "pluralName": "Burger Joints", "primary": true, "shortName": "Burgers"}], "verified": false, "contact": {"formattedPhone": "+65 6785 9108", "phone": "+6567859108"}, "allowMenuUrlEdit": true, "stats": {"tipCount": 16, "usersCount": 1175, "checkinsCount": 3508}, "id": "4b87a87bf964a52011c631e3", "name": "BURGER KING", "beenHere": {"lastCheckinExpiredAt": 0}}, "suffix": "/1154230_6kSHmdVMNfLfhW77RCsusEIqEZ6RXOrS3HT6GJf7me4.jpg", "visibility": "public"}, {"height": 540, "source": {"url": "https://foursquare.com/download/#/iphone", "name": "Foursquare for iOS"}, "width": 720, "prefix": "https://igx.4sqi.net/img/general/", "createdAt": 1339827501, "id": "4fdc252de4b05197cd1bdc7d", "venue": {"like": false, "location": {"city": "Singapore", "lng": 103.77639412879944, "cc": "SG", "country": "Singapore", "lat": 1.354625368768736, "address": "Bukit Timah Nature Reserve", "labeledLatLngs": [{"label": "display", "lat": 1.354625368768736, "lng": 103.77639412879944}], "formattedAddress": ["Bukit Timah Nature Reserve", "Singapore"]}, "categories": [{"icon": {"prefix": "https://ss3.4sqi.net/img/categories_v2/parks_outdoors/mountain_", "suffix": ".png"}, "name": "Mountain", "id": "4eb1d4d54b900d56c88a45fc", "pluralName": "Mountains", "primary": true, "shortName": "Mountain"}], "verified": false, "contact": {}, "beenHere": {"lastCheckinExpiredAt": 0}, "stats": {"tipCount": 11, "usersCount": 809, "checkinsCount": 1226}, "id": "4b7608bcf964a52016382ee3", "name": "Bukit Timah Summit"}, "suffix": "/leFUAMdQ89RQBSeXQwa_dSzYmGCBffh6lCSS6ZYL5Ns.jpg", "visibility": "public"}, {"height": 720, "source": {"url": "https://foursquare.com/download/#/iphone", "name": "Foursquare for iOS"}, "width": 537, "prefix": "https://igx.4sqi.net/img/general/", "createdAt": 1332309215, "id": "4f696cdfe4b039c9e5b69f06", "venue": {"like": false, "location": {"formattedAddress": ["79a Tras Street", "079018", "Singapore"], "city": "Singapore", "lng": 103.84425009314207, "cc": "SG", "country": "Singapore", "lat": 1.27725512931515, "address": "79a Tras Street", "labeledLatLngs": [{"label": "display", "lat": 1.27725512931515, "lng": 103.84425009314207}], "postalCode": "079018"}, "categories": [{"icon": {"prefix": "https://ss3.4sqi.net/img/categories_v2/food/cafe_", "suffix": ".png"}, "name": "Caf\u00e9", "id": "4bf58dd8d48988d16d941735", "pluralName": "Caf\u00e9s", "primary": true, "shortName": "Caf\u00e9"}], "verified": false, "contact": {"formattedPhone": "+65 6225 4829", "phone": "+6562254829"}, "allowMenuUrlEdit": true, "stats": {"tipCount": 2, "usersCount": 80, "checkinsCount": 171}, "id": "4d351d9a98336dcb09813ef0", "name": "The Showroom Cafe", "beenHere": {"lastCheckinExpiredAt": 0}}, "suffix": "/blVZBGHxnI2dqm9WJSqDB7CHiPorPjSjSIsHBbWGTdw.jpg", "visibility": "public"}, {"height": 537, "source": {"url": "https://foursquare.com/download/#/iphone", "name": "Foursquare for iOS"}, "width": 720, "prefix": "https://igx.4sqi.net/img/general/", "createdAt": 1311881772, "id": "4e31ba2cae6023e4fef9e41a", "venue": {"venueRatingBlacklisted": true, "like": false, "location": {"isFuzzed": true, "cc": "GB", "country": "United Kingdom", "lat": 51.48837811302443, "lng": -0.28797198931737283, "formattedAddress": ["United Kingdom"]}, "categories": [{"icon": {"prefix": "https://ss3.4sqi.net/img/categories_v2/building/home_", "suffix": ".png"}, "name": "Home (private)", "id": "4bf58dd8d48988d103941735", "pluralName": "Homes (private)", "primary": true, "shortName": "Home"}], "verified": false, "contact": {}, "beenHere": {"lastCheckinExpiredAt": 0}, "stats": {"tipCount": 1, "usersCount": 1, "checkinsCount": 4}, "id": "4c1b5066b9f876b04bfd7946", "name": "20 Waldeck Road"}, "suffix": "/LASZM3TJKEPCYRXSZBLPS5KDWQZOLN5FP52MI1QS5LAW1DQE.jpg", "visibility": "public"}, {"height": 537, "source": {"url": "https://foursquare.com/download/#/iphone", "name": "Foursquare for iOS"}, "width": 720, "prefix": "https://igx.4sqi.net/img/general/", "createdAt": 1311255766, "id": "4e282cd6fa762797e59a3a56", "venue": {"url": "http://www.wingyip.com", "like": false, "location": {"formattedAddress": ["395 Edgware Rd", "Cricklewood", "Greater London", "NW2 6LN", "United Kingdom"], "city": "Cricklewood", "lng": -0.22848129272460938, "cc": "GB", "state": "Greater London", "lat": 51.56725383327965, "address": "395 Edgware Rd", "labeledLatLngs": [{"label": "display", "lat": 51.56725383327965, "lng": -0.22848129272460938}], "postalCode": "NW2 6LN", "country": "United Kingdom"}, "categories": [{"icon": {"prefix": "https://ss3.4sqi.net/img/categories_v2/shops/food_grocery_", "suffix": ".png"}, "name": "Grocery Store", "id": "4bf58dd8d48988d118951735", "pluralName": "Grocery Stores", "primary": true, "shortName": "Grocery Store"}], "verified": false, "contact": {"formattedPhone": "+44 20 8450 0422", "twitter": "wingyipstore", "phone": "+442084500422"}, "allowMenuUrlEdit": true, "stats": {"tipCount": 20, "usersCount": 633, "checkinsCount": 1672}, "id": "4b658835f964a52076f32ae3", "name": "Wing Yip", "beenHere": {"lastCheckinExpiredAt": 0}}, "suffix": "/YN1HKKC2WVMQBECEWPKK4K1UMOBOCMBKK3JL23TYFQFMDIXW.jpg", "visibility": "public"}, {"height": 537, "source": {"url": "https://foursquare.com/download/#/iphone", "name": "Foursquare for iOS"}, "width": 720, "prefix": "https://igx.4sqi.net/img/general/", "createdAt": 1311199976, "id": "4e2752e8b61c9d28cbe97281", "venue": {"venueRatingBlacklisted": true, "like": false, "location": {"isFuzzed": true, "cc": "GB", "country": "United Kingdom", "lat": 51.48837811302443, "lng": -0.28797198931737283, "formattedAddress": ["United Kingdom"]}, "categories": [{"icon": {"prefix": "https://ss3.4sqi.net/img/categories_v2/building/home_", "suffix": ".png"}, "name": "Home (private)", "id": "4bf58dd8d48988d103941735", "pluralName": "Homes (private)", "primary": true, "shortName": "Home"}], "verified": false, "contact": {}, "beenHere": {"lastCheckinExpiredAt": 0}, "stats": {"tipCount": 1, "usersCount": 1, "checkinsCount": 4}, "id": "4c1b5066b9f876b04bfd7946", "name": "20 Waldeck Road"}, "suffix": "/4UD2HKDT5OMU3TAREON01CEKITKCU1L5JZKA43TDBLU2Y02Q.jpg", "visibility": "public"}, {"height": 537, "source": {"url": "https://foursquare.com/download/#/iphone", "name": "Foursquare for iOS"}, "width": 720, "prefix": "https://igx.4sqi.net/img/general/", "createdAt": 1310752407, "id": "4e207e97b61cdcf1ecb33026", "venue": {"location": {"formattedAddress": ["235 Regent St", "London", "Greater London", "W1B 2EL", "United Kingdom"], "city": "London", "lng": -0.14198407530784607, "cc": "GB", "state": "Greater London", "lat": 51.51422024607066, "address": "235 Regent St", "labeledLatLngs": [{"label": "display", "lat": 51.51422024607066, "lng": -0.14198407530784607}], "postalCode": "W1B 2EL", "country": "United Kingdom"}, "contact": {"twitter": "apple", "facebookName": "Apple Regent Street", "formattedPhone": "+44 20 7153 9000", "phone": "+442071539000", "facebookUsername": "AppleRegentStreet", "facebook": "1748448518802252"}, "verified": true, "allowMenuUrlEdit": true, "stats": {"tipCount": 376, "usersCount": 38495, "checkinsCount": 62088}, "id": "4ac518f4f964a520daae20e3", "storeId": "R092", "url": "http://www.apple.com/uk/retail/regentstreet", "like": false, "categories": [{"icon": {"prefix": "https://ss3.4sqi.net/img/categories_v2/shops/technology_", "suffix": ".png"}, "name": "Electronics Store", "id": "4bf58dd8d48988d122951735", "pluralName": "Electronics Stores", "primary": true, "shortName": "Electronics"}], "beenHere": {"lastCheckinExpiredAt": 0}, "name": "Apple Store Regent Street"}, "suffix": "/C5ITCAGWXDIYIF5PU3XOPTSZVQGYZDQDYCRI5BCGNTEAHZYH.jpg", "visibility": "public"}, {"height": 540, "source": {"url": "https://foursquare.com/download/#/iphone", "name": "Foursquare for iOS"}, "width": 540, "prefix": "https://igx.4sqi.net/img/general/", "createdAt": 1294844124, "id": "4d2dc0dc915d28fd1e736f6a", "venue": {"closed": true, "like": false, "location": {"formattedAddress": ["#02-14/15 Eastpoint Mall (3 Simei Street 6)", "528833", "Singapore"], "city": "Singapore", "lng": 103.95341769619121, "cc": "SG", "country": "Singapore", "lat": 1.3424864146862279, "address": "#02-14/15 Eastpoint Mall", "crossStreet": "3 Simei Street 6", "postalCode": "528833"}, "categories": [{"icon": {"prefix": "https://ss3.4sqi.net/img/categories_v2/food/asian_", "suffix": ".png"}, "name": "Chinese Restaurant", "id": "4bf58dd8d48988d145941735", "pluralName": "Chinese Restaurants", "primary": true, "shortName": "Chinese"}], "verified": false, "contact": {"formattedPhone": "+65 6786 6618", "phone": "+6567866618"}, "allowMenuUrlEdit": true, "stats": {"tipCount": 16, "usersCount": 599, "checkinsCount": 921}, "id": "4bb710881344b7134f569e04", "name": "Paradise Inn (\u4e50\u5929\u5ba2\u6808)", "beenHere": {"lastCheckinExpiredAt": 0}}, "suffix": "/NNKKI12JGLZF2Z1FNTC23YN3KMFSIL4ZBZNEGUOHCUEDHCLU.jpg", "visibility": "public"}, {"height": 540, "source": {"url": "https://foursquare.com/download/#/iphone", "name": "Foursquare for iOS"}, "width": 540, "prefix": "https://igx.4sqi.net/img/general/", "createdAt": 1294844121, "id": "4d2dc0d96d6a2da148fa638e", "venue": {"closed": true, "like": false, "location": {"formattedAddress": ["#02-14/15 Eastpoint Mall (3 Simei Street 6)", "528833", "Singapore"], "city": "Singapore", "lng": 103.95341769619121, "cc": "SG", "country": "Singapore", "lat": 1.3424864146862279, "address": "#02-14/15 Eastpoint Mall", "crossStreet": "3 Simei Street 6", "postalCode": "528833"}, "categories": [{"icon": {"prefix": "https://ss3.4sqi.net/img/categories_v2/food/asian_", "suffix": ".png"}, "name": "Chinese Restaurant", "id": "4bf58dd8d48988d145941735", "pluralName": "Chinese Restaurants", "primary": true, "shortName": "Chinese"}], "verified": false, "contact": {"formattedPhone": "+65 6786 6618", "phone": "+6567866618"}, "allowMenuUrlEdit": true, "stats": {"tipCount": 16, "usersCount": 599, "checkinsCount": 921}, "id": "4bb710881344b7134f569e04", "name": "Paradise Inn (\u4e50\u5929\u5ba2\u6808)", "beenHere": {"lastCheckinExpiredAt": 0}}, "suffix": "/FA402YG2C2DSCO34ZU3YU1QBNDL1U1C4PXGNRMLKFROXTPZ5.jpg", "visibility": "public"}], "count": 37}, "totalCount": 37}}