{"meta": {"code": 200, "requestId": "595aeaf4dd57972d6254ce90"}, "notifications": [{"item": {"unreadCount": 0}, "type": "notificationTray"}], "response": {"photos": {"items": [{"height": 1440, "source": {"url": "https://foursquare.com/download/#/iphone", "name": "Foursquare for iOS"}, "tip": {"agreeCount": 0, "canonicalUrl": "https://foursquare.com/item/54d5f31c498e6f861ff14205", "todo": {"count": 0}, "logView": true, "disagreeCount": 0, "createdAt": 1423307548, "id": "54d5f31c498e6f861ff14205", "text": "Fish and chips and pasta", "likes": {"groups": [], "count": 0}, "like": false, "type": "user"}, "width": 1440, "prefix": "https://igx.4sqi.net/img/general/", "createdAt": 1423307552, "id": "54d5f320498ee336a38e05d7", "venue": {"url": "http://www.ffl.com.sg", "like": false, "location": {"formattedAddress": ["351 Changi Rd", "419818", "Singapore"], "city": "Singapore", "lng": 103.9095738530159, "cc": "SG", "country": "Singapore", "lat": 1.3184924362684272, "address": "351 Changi Rd", "labeledLatLngs": [{"label": "display", "lat": 1.3184924362684272, "lng": 103.9095738530159}], "postalCode": "419818"}, "categories": [{"icon": {"prefix": "https://ss3.4sqi.net/img/categories_v2/food/cafe_", "suffix": ".png"}, "name": "Caf\u00e9", "id": "4bf58dd8d48988d16d941735", "pluralName": "Caf\u00e9s", "primary": true, "shortName": "Caf\u00e9"}], "verified": false, "contact": {"formattedPhone": "+65 6677 6741", "phone": "+6566776741"}, "allowMenuUrlEdit": true, "stats": {"tipCount": 33, "usersCount": 674, "checkinsCount": 835}, "id": "5347f6f7498e401545759231", "name": "FFL (Fresh Fruits Lab)", "beenHere": {"lastCheckinExpiredAt": 0}}, "suffix": "/1154134_ll0JMKs20mnkRPRVqjfQkiWUCOK48rplSZrckEUDDL4.jpg", "visibility": "public"}, {"height": 1440, "source": {"url": "https://foursquare.com/download/#/iphone", "name": "Foursquare for iOS"}, "tip": {"agreeCount": 0, "canonicalUrl": "https://foursquare.com/item/54c9e742498ecc617206cc41", "todo": {"count": 0}, "logView": true, "disagreeCount": 0, "createdAt": 1422518082, "id": "54c9e742498ecc617206cc41", "text": "Order the Crab meat pasta", "likes": {"groups": [], "count": 0}, "like": false, "type": "user"}, "width": 1440, "prefix": "https://igx.4sqi.net/img/general/", "createdAt": 1422518094, "id": "54c9e74e498e7bcc35e1299f", "venue": {"url": "http://www.karmakamet.co.th", "like": false, "location": {"formattedAddress": ["30/1 Soi Matheenivet (Sukhumvit 24)", "\u0e04\u0e25\u0e2d\u0e07\u0e40\u0e15\u0e22", "\u0e01\u0e23\u0e38\u0e07\u0e40\u0e17\u0e1e\u0e21\u0e2b\u0e32\u0e19\u0e04\u0e23 10110", "\u0e1b\u0e23\u0e30\u0e40\u0e17\u0e28\u0e44\u0e17\u0e22"], "city": "\u0e04\u0e25\u0e2d\u0e07\u0e40\u0e15\u0e22", "lng": 100.56798640859472, "cc": "TH", "state": "\u0e01\u0e23\u0e38\u0e07\u0e40\u0e17\u0e1e\u0e21\u0e2b\u0e32\u0e19\u0e04\u0e23", "crossStreet": "Sukhumvit 24", "lat": 13.728904617456218, "address": "30/1 Soi Matheenivet", "labeledLatLngs": [{"label": "display", "lat": 13.728904617456218, "lng": 100.56798640859472}], "postalCode": "10110", "country": "\u0e1b\u0e23\u0e30\u0e40\u0e17\u0e28\u0e44\u0e17\u0e22"}, "categories": [{"icon": {"prefix": "https://ss3.4sqi.net/img/categories_v2/food/default_", "suffix": ".png"}, "name": "Restaurant", "id": "4bf58dd8d48988d1c4941735", "pluralName": "Restaurants", "primary": true, "shortName": "Restaurant"}], "verified": false, "contact": {"formattedPhone": "+66 2 262 0700", "phone": "+6622620700"}, "allowMenuUrlEdit": true, "stats": {"tipCount": 109, "usersCount": 2789, "checkinsCount": 3861}, "id": "51bc0543498e60a6b0eebe0a", "name": "Karmakamet Diner", "beenHere": {"lastCheckinExpiredAt": 0}}, "suffix": "/1154134_KN3FoxdrXtge60qIR3Nhvuce_Pg-r1l-Rj-UuNU0lBg.jpg", "visibility": "public"}, {"height": 1440, "source": {"url": "https://foursquare.com/download/#/iphone", "name": "Foursquare for iOS"}, "tip": {"agreeCount": 0, "canonicalUrl": "https://foursquare.com/item/54c08eb8498ea6f7a2eab155", "todo": {"count": 0}, "logView": true, "disagreeCount": 0, "createdAt": 1421905592, "id": "54c08eb8498ea6f7a2eab155", "text": "Matcha lava cake is good!", "likes": {"groups": [], "count": 0}, "like": false, "type": "user"}, "width": 1440, "prefix": "https://igx.4sqi.net/img/general/", "createdAt": 1421905595, "id": "54c08ebb498ef0a6521faaf2", "venue": {"location": {"formattedAddress": ["#03-01/01A, Westgate (3 Gateway Dr.)", "608532", "Singapore"], "city": "Singapore", "lng": 103.74215655958474, "cc": "SG", "country": "Singapore", "crossStreet": "3 Gateway Dr.", "lat": 1.334153811298378, "address": "#03-01/01A, Westgate", "labeledLatLngs": [{"label": "display", "lat": 1.334153811298378, "lng": 103.74215655958474}], "postalCode": "608532"}, "contact": {"formattedPhone": "+65 6369 9913", "phone": "+6563699913", "facebookName": "Sync Korean Fusion Bistro", "facebookUsername": "syncbistro", "facebook": "1379185679011773"}, "verified": false, "allowMenuUrlEdit": true, "stats": {"tipCount": 11, "usersCount": 358, "checkinsCount": 441}, "menu": {"url": "http://galaxybistro.sg", "label": "Menu", "anchor": "View Menu", "mobileUrl": "http://galaxybistro.sg", "type": "Menu", "externalUrl": "http://galaxybistro.sg"}, "beenHere": {"lastCheckinExpiredAt": 0}, "url": "http://galaxybistro.sg", "like": false, "categories": [{"icon": {"prefix": "https://ss3.4sqi.net/img/categories_v2/food/default_", "suffix": ".png"}, "name": "Bistro", "id": "52e81612bcbc57f1066b79f1", "pluralName": "Bistros", "primary": true, "shortName": "Bistro"}], "id": "53089efe498e5dd07653ccc6", "name": "Sync Korean Fusion Bistro"}, "suffix": "/1154134_zf_TEHEUYjuAt5bkeHBSDkZ3hH3XmiOJcBLDqtDnyQQ.jpg", "visibility": "public"}, {"height": 1440, "source": {"url": "https://foursquare.com/download/#/iphone", "name": "Foursquare for iOS"}, "tip": {"agreeCount": 0, "canonicalUrl": "https://foursquare.com/item/54bbf8cd498e5656da8d286b", "todo": {"count": 0}, "logView": true, "disagreeCount": 0, "createdAt": 1421605069, "id": "54bbf8cd498e5656da8d286b", "text": "Must order this! Yumzxzxz", "likes": {"groups": [], "count": 0}, "like": false, "type": "user"}, "width": 1440, "prefix": "https://igx.4sqi.net/img/general/", "createdAt": 1421605073, "id": "54bbf8d1498e88ff50a2b599", "venue": {"like": false, "location": {"formattedAddress": ["116 Commonwealth Crescent #01-129", "140116", "Singapore"], "city": "Singapore", "lng": 103.8001377911888, "cc": "SG", "country": "Singapore", "lat": 1.3073566413763658, "address": "116 Commonwealth Crescent #01-129", "labeledLatLngs": [{"label": "display", "lat": 1.3073566413763658, "lng": 103.8001377911888}], "postalCode": "140116"}, "categories": [{"icon": {"prefix": "https://ss3.4sqi.net/img/categories_v2/food/asian_", "suffix": ".png"}, "name": "Chinese Restaurant", "id": "4bf58dd8d48988d145941735", "pluralName": "Chinese Restaurants", "primary": true, "shortName": "Chinese"}], "verified": false, "contact": {}, "allowMenuUrlEdit": true, "stats": {"tipCount": 98, "usersCount": 3567, "checkinsCount": 6067}, "id": "4b5ae13df964a52083d828e3", "name": "Two Chefs Eating Place", "beenHere": {"lastCheckinExpiredAt": 0}}, "suffix": "/1154134_TvOiThP49_QXhC8ATZk1BtWo9kwOZjX_qavt8-Kxscg.jpg", "visibility": "public"}, {"height": 1440, "source": {"url": "https://foursquare.com/download/#/iphone", "name": "Foursquare for iOS"}, "tip": {"agreeCount": 0, "canonicalUrl": "https://foursquare.com/item/54bbf8b1498e6e802d602f37", "todo": {"count": 0}, "logView": true, "disagreeCount": 0, "createdAt": 1421605041, "id": "54bbf8b1498e6e802d602f37", "text": "Order this so yumxzxz", "likes": {"groups": [], "count": 0}, "like": false, "type": "user"}, "width": 1440, "prefix": "https://igx.4sqi.net/img/general/", "createdAt": 1421605045, "id": "54bbf8b5498ebb7dd26a54bf", "venue": {"like": false, "location": {"formattedAddress": ["409 Sin Ming Ave #02-01", "570409", "Singapore"], "country": "Singapore", "lng": 103.83490906402125, "cc": "SG", "state": "Singapore", "lat": 1.3626398313014825, "address": "409 Sin Ming Ave #02-01", "labeledLatLngs": [{"label": "display", "lat": 1.3626398313014825, "lng": 103.83490906402125}], "postalCode": "570409"}, "categories": [{"icon": {"prefix": "https://ss3.4sqi.net/img/categories_v2/food/asian_", "suffix": ".png"}, "name": "Chinese Restaurant", "id": "4bf58dd8d48988d145941735", "pluralName": "Chinese Restaurants", "primary": true, "shortName": "Chinese"}], "verified": false, "contact": {"formattedPhone": "+65 9435 4197", "phone": "+6594354197"}, "allowMenuUrlEdit": true, "stats": {"tipCount": 18, "usersCount": 846, "checkinsCount": 1347}, "id": "500f9ed4e4b0d630c78e340b", "name": "Two Chefs", "beenHere": {"lastCheckinExpiredAt": 0}}, "suffix": "/1154134_K39uMvGpmVSvZQ4zqCRy-ISW6CJSlCiLJlHg8HVaJPM.jpg", "visibility": "public"}, {"height": 1440, "source": {"url": "https://foursquare.com/download/#/iphone", "name": "Foursquare for iOS"}, "tip": {"agreeCount": 0, "canonicalUrl": "https://foursquare.com/item/54bbf89511d2a79a6f04170c", "todo": {"count": 0}, "logView": true, "disagreeCount": 0, "createdAt": 1421605013, "id": "54bbf89511d2a79a6f04170c", "text": "Red velvet waffle yumzxz", "likes": {"groups": [], "count": 0}, "like": false, "type": "user"}, "width": 1440, "prefix": "https://igx.4sqi.net/img/general/", "createdAt": 1421605018, "id": "54bbf89a498ea3185fe9f06a", "venue": {"like": false, "location": {"formattedAddress": ["10 Maju Ave", "556688", "Singapore"], "city": "Singapore", "lng": 103.86557269018522, "cc": "SG", "country": "Singapore", "lat": 1.3648689082285208, "address": "10 Maju Ave", "labeledLatLngs": [{"label": "display", "lat": 1.3648689082285208, "lng": 103.86557269018522}], "postalCode": "556688"}, "categories": [{"icon": {"prefix": "https://ss3.4sqi.net/img/categories_v2/food/cafe_", "suffix": ".png"}, "name": "Caf\u00e9", "id": "4bf58dd8d48988d16d941735", "pluralName": "Caf\u00e9s", "primary": true, "shortName": "Caf\u00e9"}], "verified": false, "contact": {"twitter": "oblongicecream", "facebookName": "oblong", "formattedPhone": "+65 6858 2320", "phone": "+6568582320", "facebookUsername": "oblong.ice.cream", "facebook": "147805665348873"}, "allowMenuUrlEdit": true, "stats": {"tipCount": 30, "usersCount": 1677, "checkinsCount": 2896}, "id": "529c396a11d24801c320060a", "name": "Oblong", "beenHere": {"lastCheckinExpiredAt": 0}}, "suffix": "/1154134_lAIXHVkFbn9ZGsfjMa9RJIkcLmoVO8AbhZPKznI1MpI.jpg", "visibility": "public"}, {"height": 1406, "source": {"url": "https://foursquare.com/download/#/iphone", "name": "Foursquare for iOS"}, "tip": {"agreeCount": 0, "canonicalUrl": "https://foursquare.com/item/549bbf61498e56390dd09b10", "todo": {"count": 0}, "logView": true, "disagreeCount": 0, "createdAt": 1419493217, "id": "549bbf61498e56390dd09b10", "text": "Order the steak and that's all", "likes": {"groups": [], "count": 0}, "like": false, "type": "user"}, "width": 1920, "prefix": "https://igx.4sqi.net/img/general/", "createdAt": 1419493222, "id": "549bbf66498e1fb1cabf1044", "venue": {"url": "http://www.ubinseafood.com", "like": false, "location": {"formattedAddress": ["Level 6 (Canteen), Lam Soon Industrial Building (63 Hillview Avenue)", "669569", "Singapore"], "city": "Singapore", "lng": 103.7631869316101, "cc": "SG", "country": "Singapore", "crossStreet": "63 Hillview Avenue", "lat": 1.3571244876442023, "address": "Level 6 (Canteen), Lam Soon Industrial Building", "labeledLatLngs": [{"label": "display", "lat": 1.3571244876442023, "lng": 103.7631869316101}], "postalCode": "669569", "neighborhood": "Bukit Ba"}, "categories": [{"icon": {"prefix": "https://ss3.4sqi.net/img/categories_v2/food/seafood_", "suffix": ".png"}, "name": "Seafood Restaurant", "id": "4bf58dd8d48988d1ce941735", "pluralName": "Seafood Restaurants", "primary": true, "shortName": "Seafood"}], "verified": false, "contact": {"formattedPhone": "+65 6466 9558", "phone": "+6564669558"}, "allowMenuUrlEdit": true, "stats": {"tipCount": 122, "usersCount": 2207, "checkinsCount": 3330}, "id": "4b8274a6f964a520a5d330e3", "name": "New Ubin Seafood", "beenHere": {"lastCheckinExpiredAt": 0}}, "suffix": "/1154134_1cNkrDf207Juo6BhDxMQhNqswB5JvEyloXv38DlaM4w.jpg", "visibility": "public"}, {"height": 1440, "source": {"url": "https://foursquare.com/download/#/iphone", "name": "Foursquare for iOS"}, "tip": {"agreeCount": 0, "canonicalUrl": "https://foursquare.com/item/549bbd6f498ef42cb7167624", "todo": {"count": 0}, "logView": true, "disagreeCount": 0, "createdAt": 1419492719, "id": "549bbd6f498ef42cb7167624", "text": "Go for their blue velvet cake and horlicksmisu!!!!!", "likes": {"groups": [], "count": 0}, "like": false, "type": "user"}, "width": 1440, "prefix": "https://igx.4sqi.net/img/general/", "createdAt": 1419492724, "id": "549bbd74498e38334c3cc295", "venue": {"closed": true, "like": false, "location": {"formattedAddress": ["104 Faber Drive", "129412", "Singapore"], "city": "Singapore", "lng": 103.75669619832499, "cc": "SG", "country": "Singapore", "lat": 1.3205902167654868, "address": "104 Faber Drive", "labeledLatLngs": [{"label": "display", "lat": 1.3205902167654868, "lng": 103.75669619832499}], "postalCode": "129412"}, "categories": [{"icon": {"prefix": "https://ss3.4sqi.net/img/categories_v2/food/cafe_", "suffix": ".png"}, "name": "Caf\u00e9", "id": "4bf58dd8d48988d16d941735", "pluralName": "Caf\u00e9s", "primary": true, "shortName": "Caf\u00e9"}], "verified": false, "contact": {"formattedPhone": "+65 6566 7058", "phone": "+6565667058", "facebookName": "Buck Tile St. Cafe", "facebookUsername": "bucktile.st", "facebook": "322184674612035"}, "allowMenuUrlEdit": true, "stats": {"tipCount": 16, "usersCount": 328, "checkinsCount": 506}, "id": "544074b6498e2b4e8aab4881", "name": "Buck Tile St. Cafe", "beenHere": {"lastCheckinExpiredAt": 0}}, "suffix": "/1154134_50cV5KthCp1w4G1CkLEP_GDFkVgF-dA_P0xNlViwDgs.jpg", "visibility": "public"}, {"height": 1440, "source": {"url": "https://foursquare.com/download/#/iphone", "name": "Foursquare for iOS"}, "tip": {"agreeCount": 1, "canonicalUrl": "https://foursquare.com/item/548beee7498e753d96e43160", "todo": {"count": 0}, "logView": true, "disagreeCount": 0, "createdAt": 1418456807, "id": "548beee7498e753d96e43160", "text": "Go for their eggs benny with spicy B\u00e9arnaise sauce", "likes": {"groups": [{"items": [{"photo": {"prefix": "https://igx.4sqi.net/img/user/", "suffix": "/I0X4EWFRDZ4GLTLG.jpg"}, "id": "34610657", "firstName": "Mark", "gender": "male", "lastName": "Foo"}], "count": 1, "type": "others"}], "count": 1, "summary": "1 like"}, "like": false, "type": "user"}, "width": 1440, "prefix": "https://igx.4sqi.net/img/general/", "createdAt": 1418456811, "id": "548beeeb498eac747a51c8d8", "venue": {"like": false, "location": {"formattedAddress": ["73 East Coast Road", "248755", "Singapore"], "city": "Singapore", "lng": 103.90294340568666, "cc": "SG", "country": "Singapore", "lat": 1.3045835298425847, "address": "73 East Coast Road", "labeledLatLngs": [{"label": "display", "lat": 1.3045835298425847, "lng": 103.90294340568666}], "postalCode": "248755"}, "categories": [{"icon": {"prefix": "https://ss3.4sqi.net/img/categories_v2/food/cafe_", "suffix": ".png"}, "name": "Caf\u00e9", "id": "4bf58dd8d48988d16d941735", "pluralName": "Caf\u00e9s", "primary": true, "shortName": "Caf\u00e9"}], "verified": false, "contact": {"facebookName": "The Holqa Cafe", "facebookUsername": "theholqacafe", "facebook": "380096878812068"}, "allowMenuUrlEdit": true, "stats": {"tipCount": 3, "usersCount": 85, "checkinsCount": 126}, "id": "54683348498e7f9936e15842", "name": "The Holqa Cafe", "beenHere": {"lastCheckinExpiredAt": 0}}, "suffix": "/1154134_N0BIGEdwFZ6t_0WhqFo5Eund5kR5obEZh0j2kyTDflQ.jpg", "visibility": "public"}, {"height": 1440, "source": {"url": "https://foursquare.com/download/#/iphone", "name": "Foursquare for iOS"}, "tip": {"agreeCount": 0, "canonicalUrl": "https://foursquare.com/item/548bedfb498e753d96e426e0", "todo": {"count": 0}, "logView": true, "disagreeCount": 0, "createdAt": 1418456571, "id": "548bedfb498e753d96e426e0", "text": "Mac and cheese is so so, go for the chilli crab pasta!", "likes": {"groups": [], "count": 0}, "like": false, "type": "user"}, "width": 1440, "prefix": "https://igx.4sqi.net/img/general/", "createdAt": 1418456575, "id": "548bedff498e6a826f777471", "venue": {"url": "http://www.nassimhill.com.sg", "like": false, "location": {"formattedAddress": ["#01-03, 56 Tanglin Rd. (Nassim Hill)", "247964", "Singapore"], "city": "Singapore", "lng": 103.8228178024292, "cc": "SG", "country": "Singapore", "crossStreet": "Nassim Hill", "lat": 1.3054576362994625, "address": "#01-03, 56 Tanglin Rd.", "labeledLatLngs": [{"label": "display", "lat": 1.3054576362994625, "lng": 103.8228178024292}], "postalCode": "247964"}, "categories": [{"icon": {"prefix": "https://ss3.4sqi.net/img/categories_v2/food/cafe_", "suffix": ".png"}, "name": "Caf\u00e9", "id": "4bf58dd8d48988d16d941735", "pluralName": "Caf\u00e9s", "primary": true, "shortName": "Caf\u00e9"}], "verified": false, "contact": {"formattedPhone": "+65 6835 1128", "phone": "+6568351128"}, "allowMenuUrlEdit": true, "stats": {"tipCount": 46, "usersCount": 1008, "checkinsCount": 1664}, "id": "4ff41e8be4b0d61582d4c912", "name": "Nassim Hill Bakery Bistro Bar", "beenHere": {"lastCheckinExpiredAt": 0}}, "suffix": "/1154134_rrYyfIAmU_X7B94SolkqJPyfwukU0L_Gan0nPXzYC70.jpg", "visibility": "public"}, {"height": 1440, "source": {"url": "https://foursquare.com/download/#/iphone", "name": "Foursquare for iOS"}, "tip": {"agreeCount": 0, "canonicalUrl": "https://foursquare.com/item/548bed91498e9ec4628adf97", "todo": {"count": 0}, "logView": true, "disagreeCount": 0, "createdAt": 1418456465, "id": "548bed91498e9ec4628adf97", "text": "Good Churros but the hot chocolate with marshmallow is too thick for my liking!", "likes": {"groups": [], "count": 0}, "like": false, "type": "user"}, "width": 1440, "prefix": "https://igx.4sqi.net/img/general/", "createdAt": 1418456469, "id": "548bed95498ea8324aa44832", "venue": {"like": false, "location": {"formattedAddress": ["84 Campbell Pde.", "Bondi Beach NSW 2026", "Australia"], "city": "Bondi Beach", "lng": 151.273273229599, "cc": "AU", "state": "NSW", "lat": -33.891896, "address": "84 Campbell Pde.", "labeledLatLngs": [{"label": "display", "lat": -33.891896, "lng": 151.273273229599}], "postalCode": "2026", "country": "Australia"}, "categories": [{"icon": {"prefix": "https://ss3.4sqi.net/img/categories_v2/food/dessert_", "suffix": ".png"}, "name": "Dessert Shop", "id": "4bf58dd8d48988d1d0941735", "pluralName": "Dessert Shops", "primary": true, "shortName": "Desserts"}], "verified": false, "contact": {"formattedPhone": "+61 2 9130 4331", "phone": "+61291304331"}, "allowMenuUrlEdit": true, "stats": {"tipCount": 14, "usersCount": 718, "checkinsCount": 835}, "id": "4bb7347b46d4a593112dc7c0", "name": "Chocolateria San Churro", "beenHere": {"lastCheckinExpiredAt": 0}}, "suffix": "/1154134_e4l-CcXpfb2hNuWsJcVvJrr7Ny0lfV0C6Es_Nhe086U.jpg", "visibility": "public"}, {"height": 720, "source": {"url": "https://foursquare.com/download/#/iphone", "name": "Foursquare for iOS"}, "tip": {"agreeCount": 0, "canonicalUrl": "https://foursquare.com/item/545327c5498ee71b730be1fe", "todo": {"count": 0}, "logView": true, "disagreeCount": 0, "createdAt": 1414735813, "id": "545327c5498ee71b730be1fe", "text": "Damn good truffle fries, eggs royal!!!!!", "likes": {"groups": [], "count": 0}, "like": false, "type": "user"}, "width": 720, "prefix": "https://igx.4sqi.net/img/general/", "createdAt": 1414735815, "id": "545327c7498e77dd963d5518", "venue": {"url": "http://www.sprmrkt.com.sg", "like": false, "location": {"formattedAddress": ["2 McCallum St (Telok Ayer)", "069043", "Singapore"], "city": "Singapore", "lng": 103.84752809751386, "cc": "SG", "country": "Singapore", "crossStreet": "Telok Ayer", "lat": 1.2796493832416052, "address": "2 McCallum St", "labeledLatLngs": [{"label": "display", "lat": 1.2796493832416052, "lng": 103.84752809751386}], "postalCode": "069043"}, "categories": [{"icon": {"prefix": "https://ss3.4sqi.net/img/categories_v2/food/cafe_", "suffix": ".png"}, "name": "Caf\u00e9", "id": "4bf58dd8d48988d16d941735", "pluralName": "Caf\u00e9s", "primary": true, "shortName": "Caf\u00e9"}], "verified": false, "contact": {}, "allowMenuUrlEdit": true, "stats": {"tipCount": 68, "usersCount": 962, "checkinsCount": 2216}, "id": "4f8baefee4b076717cdde8ee", "name": "SPR\u2022MRKT", "beenHere": {"lastCheckinExpiredAt": 0}}, "suffix": "/1154134_w94YSjzj19tySPPlXeXiPgzb39LFRb9oES3sHh_NOIY.jpg", "visibility": "public"}, {"height": 720, "source": {"url": "https://foursquare.com/download/#/iphone", "name": "Foursquare for iOS"}, "tip": {"agreeCount": 0, "canonicalUrl": "https://foursquare.com/item/544d9d79498ecd544d67fa13", "todo": {"count": 0}, "logView": true, "disagreeCount": 0, "createdAt": 1414372729, "id": "544d9d79498ecd544d67fa13", "text": "Vanilla Dirt Cake is cute but so so only", "likes": {"groups": [], "count": 0}, "like": false, "type": "user"}, "width": 720, "prefix": "https://igx.4sqi.net/img/general/", "createdAt": 1414372731, "id": "544d9d7b498ef74a9d441d4b", "venue": {"like": false, "location": {"formattedAddress": ["3 Boon Tat St. (Amoy St.)", "069612", "Singapore"], "city": "Singapore", "lng": 103.84778286800567, "cc": "SG", "country": "Singapore", "crossStreet": "Amoy St.", "lat": 1.281703895034628, "address": "3 Boon Tat St.", "labeledLatLngs": [{"label": "display", "lat": 1.281703895034628, "lng": 103.84778286800567}], "postalCode": "069612"}, "categories": [{"icon": {"prefix": "https://ss3.4sqi.net/img/categories_v2/food/dessert_", "suffix": ".png"}, "name": "Dessert Shop", "id": "4bf58dd8d48988d1d0941735", "pluralName": "Dessert Shops", "primary": true, "shortName": "Desserts"}], "verified": false, "contact": {"formattedPhone": "+65 6423 0366", "phone": "+6564230366"}, "allowMenuUrlEdit": true, "stats": {"tipCount": 39, "usersCount": 1022, "checkinsCount": 1938}, "id": "4b85fedaf964a520ef7c31e3", "name": "Vanilla Bar & Caf\u00e9", "beenHere": {"lastCheckinExpiredAt": 0}}, "suffix": "/1154134_r-QSq3t2bd4idjlKna9cVGLc03OxS7MAXDx7l7Ghdag.jpg", "visibility": "public"}, {"height": 768, "source": {"url": "https://foursquare.com/download/#/iphone", "name": "Foursquare for iOS"}, "tip": {"agreeCount": 0, "canonicalUrl": "https://foursquare.com/item/544d9d3211d223e272b7f9c5", "todo": {"count": 0}, "logView": true, "disagreeCount": 0, "createdAt": 1414372658, "id": "544d9d3211d223e272b7f9c5", "text": "Damn good lobster roll!!!!!", "likes": {"groups": [], "count": 0}, "like": false, "type": "user"}, "width": 720, "prefix": "https://igx.4sqi.net/img/general/", "createdAt": 1414372661, "id": "544d9d35498e0bebca8f5319", "venue": {"location": {"formattedAddress": ["208 Telok Ayer St.", "068642", "Singapore"], "city": "Singapore", "lng": 103.84731295835947, "cc": "SG", "country": "Singapore", "lat": 1.27986005020383, "address": "208 Telok Ayer St.", "labeledLatLngs": [{"label": "display", "lat": 1.27986005020383, "lng": 103.84731295835947}], "postalCode": "068642"}, "contact": {"formattedPhone": "+65 6221 3323", "phone": "+6562213323", "facebookName": "The Market Grill", "facebookUsername": "TheMarketGrill", "facebook": "536035506417781"}, "verified": false, "allowMenuUrlEdit": true, "stats": {"tipCount": 57, "usersCount": 626, "checkinsCount": 917}, "menu": {"url": "http://www.themarketgrill.com.sg/docs/food_menu.pdf", "label": "Menu", "anchor": "View Menu", "mobileUrl": "http://www.themarketgrill.com.sg/docs/food_menu.pdf", "type": "Menu", "externalUrl": "http://www.themarketgrill.com.sg/docs/food_menu.pdf"}, "beenHere": {"lastCheckinExpiredAt": 0}, "url": "http://www.themarketgrill.com.sg", "like": false, "categories": [{"icon": {"prefix": "https://ss3.4sqi.net/img/categories_v2/food/steakhouse_", "suffix": ".png"}, "name": "Steakhouse", "id": "4bf58dd8d48988d1cc941735", "pluralName": "Steakhouses", "primary": true, "shortName": "Steakhouse"}], "id": "511f6ad6e4b016a06dc7bf33", "name": "The Market Grill"}, "suffix": "/1154134_M8IStwngDKuZl5bhguByQqVYlnhNP2N0lyTsSSUdxvc.jpg", "visibility": "public"}, {"height": 720, "source": {"url": "https://foursquare.com/download/#/iphone", "name": "Foursquare for iOS"}, "tip": {"agreeCount": 0, "canonicalUrl": "https://foursquare.com/item/544d9c96498e018c83fcd304", "todo": {"count": 0}, "logView": true, "disagreeCount": 0, "createdAt": 1414372502, "id": "544d9c96498e018c83fcd304", "text": "Try the cassis plum and the Churros are good and cheap!", "likes": {"groups": [], "count": 0}, "like": false, "type": "user"}, "width": 720, "prefix": "https://igx.4sqi.net/img/general/", "createdAt": 1414372506, "id": "544d9c9a498e7a23ba6d2a4c", "venue": {"url": "http://www.2amdessertbar.com", "like": false, "location": {"formattedAddress": ["21A Lorong Liput (Holland Village)", "277733", "Singapore"], "city": "Singapore", "lng": 103.79482354991806, "cc": "SG", "country": "Singapore", "crossStreet": "Holland Village", "lat": 1.3101103354673198, "address": "21A Lorong Liput", "labeledLatLngs": [{"label": "display", "lat": 1.3101103354673198, "lng": 103.79482354991806}], "postalCode": "277733"}, "categories": [{"icon": {"prefix": "https://ss3.4sqi.net/img/categories_v2/food/dessert_", "suffix": ".png"}, "name": "Dessert Shop", "id": "4bf58dd8d48988d1d0941735", "pluralName": "Dessert Shops", "primary": true, "shortName": "Desserts"}], "verified": false, "contact": {"formattedPhone": "+65 6291 9727", "phone": "+6562919727"}, "allowMenuUrlEdit": true, "stats": {"tipCount": 55, "usersCount": 2179, "checkinsCount": 2835}, "id": "4b17d658f964a520b6c823e3", "name": "2am:dessertbar", "beenHere": {"lastCheckinExpiredAt": 0}}, "suffix": "/1154134_1mKDHPf7mj6hj20urNkJ8OlqWODndyCe31qVle-V3SI.jpg", "visibility": "public"}, {"height": 720, "source": {"url": "https://foursquare.com/download/#/iphone", "name": "Foursquare for iOS"}, "tip": {"agreeCount": 0, "canonicalUrl": "https://foursquare.com/item/5401a8ca498e9ebc16756f9f", "todo": {"count": 0}, "logView": true, "disagreeCount": 0, "createdAt": 1409394890, "id": "5401a8ca498e9ebc16756f9f", "text": "Only open on weekends and they serve really good coffee and cakes! Coffee options either white or black coffee. Check out their ig for opening hours/day!", "likes": {"groups": [], "count": 0}, "like": false, "type": "user"}, "width": 958, "prefix": "https://igx.4sqi.net/img/general/", "createdAt": 1409394893, "id": "5401a8cd498e84759b74077d", "venue": {"closed": true, "like": false, "location": {"city": "Singapore", "lng": 103.849633, "cc": "SG", "country": "Singapore", "lat": 1.303394, "address": "48 Niven Road", "formattedAddress": ["48 Niven Road", "Singapore"]}, "categories": [{"icon": {"prefix": "https://ss3.4sqi.net/img/categories_v2/food/cafe_", "suffix": ".png"}, "name": "Caf\u00e9", "id": "4bf58dd8d48988d16d941735", "pluralName": "Caf\u00e9s", "primary": true, "shortName": "Caf\u00e9"}], "verified": false, "contact": {}, "allowMenuUrlEdit": true, "stats": {"tipCount": 13, "usersCount": 61, "checkinsCount": 106}, "id": "52f6d756498e81738121f906", "name": "Whale & Cloud", "beenHere": {"lastCheckinExpiredAt": 0}}, "suffix": "/1154134_6boS0cEAiwJdjgWpmmCeRZq4rEZ6nNaB3j-fJ5VqSCg.jpg", "visibility": "public"}, {"height": 720, "source": {"url": "https://foursquare.com/download/#/iphone", "name": "Foursquare for iOS"}, "tip": {"agreeCount": 1, "canonicalUrl": "https://foursquare.com/item/53fc9d02498e7e5f51ecab99", "todo": {"count": 0}, "logView": true, "disagreeCount": 0, "createdAt": 1409064194, "id": "53fc9d02498e7e5f51ecab99", "text": "Order the waffle stacko!", "likes": {"groups": [{"items": [{"photo": {"prefix": "https://igx.4sqi.net/img/user/", "suffix": "/2745754-0Y1YVFNHLXYTMUMU.jpg"}, "id": "2745754", "firstName": "Farina", "gender": "female", "lastName": "Lan"}], "count": 1, "type": "others"}], "count": 1, "summary": "1 like"}, "like": false, "type": "user"}, "width": 720, "prefix": "https://igx.4sqi.net/img/general/", "createdAt": 1409064196, "id": "53fc9d04498e5455f75d0cd3", "venue": {"closed": true, "like": false, "location": {"formattedAddress": ["#01-02, The Cathay (2 Handy Rd.)", "229233", "Singapore"], "city": "Singapore", "lng": 103.84747148191389, "cc": "SG", "country": "Singapore", "lat": 1.2990336468480936, "address": "#01-02, The Cathay", "crossStreet": "2 Handy Rd.", "postalCode": "229233"}, "categories": [{"icon": {"prefix": "https://ss3.4sqi.net/img/categories_v2/food/dessert_", "suffix": ".png"}, "name": "Dessert Shop", "id": "4bf58dd8d48988d1d0941735", "pluralName": "Dessert Shops", "primary": true, "shortName": "Desserts"}], "verified": false, "contact": {}, "allowMenuUrlEdit": true, "stats": {"tipCount": 9, "usersCount": 575, "checkinsCount": 677}, "id": "512cbf49e4b01b48c71abc4b", "name": "Createaf Waffles", "beenHere": {"lastCheckinExpiredAt": 0}}, "suffix": "/1154134_Fl838VRU7FiOTmLKHL4k_A-s_LfwXnr7MN8fWiZVA6U.jpg", "visibility": "public"}, {"height": 540, "source": {"url": "https://foursquare.com/download/#/iphone", "name": "Foursquare for iOS"}, "width": 720, "prefix": "https://igx.4sqi.net/img/general/", "createdAt": 1354259051, "id": "50b85a6be4b0e9ece9dfb695", "venue": {"url": "http://www.fuji.co.th", "like": false, "location": {"formattedAddress": ["The Platinum Fashion Mall (6th Fl.)", "\u0e23\u0e32\u0e0a\u0e40\u0e17\u0e27\u0e35", "\u0e01\u0e23\u0e38\u0e07\u0e40\u0e17\u0e1e\u0e21\u0e2b\u0e32\u0e19\u0e04\u0e23 10400", "\u0e1b\u0e23\u0e30\u0e40\u0e17\u0e28\u0e44\u0e17\u0e22"], "city": "\u0e23\u0e32\u0e0a\u0e40\u0e17\u0e27\u0e35", "lng": 100.54010126793604, "cc": "TH", "state": "\u0e01\u0e23\u0e38\u0e07\u0e40\u0e17\u0e1e\u0e21\u0e2b\u0e32\u0e19\u0e04\u0e23", "crossStreet": "6th Fl.", "lat": 13.750095227166515, "address": "The Platinum Fashion Mall", "labeledLatLngs": [{"label": "display", "lat": 13.750095227166515, "lng": 100.54010126793604}], "postalCode": "10400", "country": "\u0e1b\u0e23\u0e30\u0e40\u0e17\u0e28\u0e44\u0e17\u0e22"}, "categories": [{"icon": {"prefix": "https://ss3.4sqi.net/img/categories_v2/food/japanese_", "suffix": ".png"}, "name": "Japanese Restaurant", "id": "4bf58dd8d48988d111941735", "pluralName": "Japanese Restaurants", "primary": true, "shortName": "Japanese"}], "verified": false, "contact": {"formattedPhone": "+66 2 129 4315", "twitter": "welovefuji", "phone": "+6621294315"}, "allowMenuUrlEdit": true, "stats": {"tipCount": 22, "usersCount": 3655, "checkinsCount": 4726}, "id": "4be2661e1dd22d7f361894bd", "name": "Fuji (\u0e1f\u0e39\u0e08\u0e34)", "beenHere": {"lastCheckinExpiredAt": 0}}, "suffix": "/1154134_INPHhpYOMKcPvnIG9_xU5saVNPO00AUEWcws6ypH9F8.jpg", "visibility": "public"}, {"height": 540, "source": {"url": "https://foursquare.com/download/#/iphone", "name": "Foursquare for iOS"}, "width": 540, "prefix": "https://igx.4sqi.net/img/general/", "createdAt": 1329209040, "id": "4f3a1ed0e4b024185b9695a5", "venue": {"location": {"formattedAddress": ["10 Bayfront Ave. (Marina Bay Sands)", "018956", "Singapore"], "city": "Singapore", "lng": 103.85950282679342, "cc": "SG", "country": "Singapore", "lat": 1.286340919466327, "address": "10 Bayfront Ave.", "crossStreet": "Marina Bay Sands", "postalCode": "018956"}, "contact": {"twitter": "artscimuseum", "facebookUsername": "ArtScienceMuseum", "instagram": "artsciencemuseumsg", "facebookName": "ArtScience Museum"}, "verified": true, "allowMenuUrlEdit": true, "stats": {"tipCount": 128, "usersCount": 14980, "checkinsCount": 21348}, "id": "4b9df38cf964a520ffc336e3", "storeId": "", "url": "http://www.marinabaysands.com/ArtScienceMuseum", "like": false, "categories": [{"icon": {"prefix": "https://ss3.4sqi.net/img/categories_v2/arts_entertainment/museum_art_", "suffix": ".png"}, "name": "Art Museum", "id": "4bf58dd8d48988d18f941735", "pluralName": "Art Museums", "primary": true, "shortName": "Art Museum"}], "beenHere": {"lastCheckinExpiredAt": 0}, "name": "ArtScience Museum", "venuePage": {"id": "39910951"}}, "suffix": "/rTR6krcjXhssze2OzrGCWz1e6F93efpEaIJbQMrN6Mk.jpg", "visibility": "public"}], "count": 19}, "totalCount": 19}}