{"response": {"photos": {"items": [{"id": "4dccbd1040a3324246c72895", "createdAt": 1305263376, "height": 720, "visibility": "public", "source": {"url": "https://foursquare.com/download/#/iphone", "name": "Foursquare for iOS"}, "prefix": "https://igx.4sqi.net/img/general/", "venue": {"id": "4cf381f7899c6ea84bd2fbc1", "closed": true, "stats": {"checkinsCount": 1409, "tipCount": 20, "usersCount": 868}, "like": false, "beenHere": {"lastCheckinExpiredAt": 0}, "categories": [{"id": "4bf58dd8d48988d145941735", "primary": true, "icon": {"prefix": "https://ss3.4sqi.net/img/categories_v2/food/asian_", "suffix": ".png"}, "pluralName": "Chinese Restaurants", "shortName": "Chinese", "name": "Chinese Restaurant"}], "verified": false, "allowMenuUrlEdit": true, "location": {"crossStreet": "23 Serangoon Central", "lat": 1.3500347059241111, "postalCode": "556083", "city": "Singapore", "formattedAddress": ["#B1-30/31, NEX (23 Serangoon Central)", "556083", "Singapore"], "lng": 103.8728141784668, "address": "#B1-30/31, NEX", "country": "Singapore", "cc": "SG"}, "contact": {"formattedPhone": "+65 6634 4808", "phone": "+6566344808"}, "name": "Lai Lai Casual Dining"}, "width": 537, "suffix": "/Z34JKPGUE3KFEFB22DZRD3ON02U4OTJLBBK2YEX0IMIWRMBD.jpg"}], "count": 1}, "totalCount": 1}, "meta": {"code": 200, "requestId": "595a7e4e4434b96bc7ea8d62"}, "notifications": [{"item": {"unreadCount": 0}, "type": "notificationTray"}]}