{"meta": {"code": 200, "requestId": "595b0497dd57972d62b6e3f1"}, "notifications": [{"item": {"unreadCount": 0}, "type": "notificationTray"}], "response": {"photos": {"items": [{"height": 720, "source": {"url": "https://foursquare.com/download/#/iphone", "name": "Foursquare for iOS"}, "width": 540, "prefix": "https://igx.4sqi.net/img/general/", "createdAt": 1314882962, "id": "4e5f8592ae600b89d7c4a766", "venue": {"like": false, "location": {"formattedAddress": ["5 Duxton Hill", "089591", "Singapore"], "city": "Singapore", "lng": 103.84301024682465, "cc": "SG", "country": "Singapore", "lat": 1.2791390879117956, "address": "5 Duxton Hill", "labeledLatLngs": [{"label": "display", "lat": 1.2791390879117956, "lng": 103.84301024682465}], "postalCode": "089591"}, "categories": [{"icon": {"prefix": "https://ss3.4sqi.net/img/categories_v2/food/spanish_", "suffix": ".png"}, "name": "Spanish Restaurant", "id": "4bf58dd8d48988d150941735", "pluralName": "Spanish Restaurants", "primary": true, "shortName": "Spanish"}], "verified": false, "contact": {"formattedPhone": "+65 6223 4645", "phone": "+6562234645"}, "allowMenuUrlEdit": true, "stats": {"tipCount": 27, "usersCount": 729, "checkinsCount": 1325}, "id": "4de0c430fa76425c5420efe4", "name": "Sabio Tapas Bar & Restaurant", "beenHere": {"lastCheckinExpiredAt": 0}}, "suffix": "/DJYYP0GU522DRT40HAC2IO5FPY2PT0235UXXLKE51LGEEC2Q.jpg", "visibility": "public"}, {"height": 540, "source": {"url": "https://foursquare.com/download/#/iphone", "name": "Foursquare for iOS"}, "width": 540, "prefix": "https://igx.4sqi.net/img/general/", "createdAt": 1308384032, "id": "4dfc5b20fd287e02d9c74763", "venue": {"venueRatingBlacklisted": true, "like": false, "location": {"city": "Singapore", "lng": 103.85514877249646, "cc": "SG", "country": "Singapore", "crossStreet": "Marina Bay", "lat": 1.2795815335478766, "address": "18 Marina Boulevard", "labeledLatLngs": [{"label": "display", "lat": 1.2795815335478766, "lng": 103.85514877249646}], "formattedAddress": ["18 Marina Boulevard (Marina Bay)", "Singapore"]}, "categories": [{"icon": {"prefix": "https://ss3.4sqi.net/img/categories_v2/building/apartment_", "suffix": ".png"}, "name": "Residential Building (Apartment / Condo)", "id": "4d954b06a243a5684965b473", "pluralName": "Residential Buildings (Apartments / Condos)", "primary": true, "shortName": "Residential"}], "verified": false, "contact": {}, "beenHere": {"lastCheckinExpiredAt": 0}, "stats": {"tipCount": 8, "usersCount": 1006, "checkinsCount": 2604}, "id": "4c08e04d7e3fc928f2eff082", "name": "Marina Bay Residences"}, "suffix": "/DAML505EDJVMNOZC4HXUELB5OBU3GPQFSIXTWLKUYAGLJ50V.jpg", "visibility": "public"}], "count": 2}, "totalCount": 2}}