{"meta": {"code": 200, "requestId": "595b33d1f594df3c3f03c059"}, "notifications": [{"item": {"unreadCount": 0}, "type": "notificationTray"}], "response": {"photos": {"items": [{"height": 720, "source": {"url": "https://foursquare.com/download/#/android", "name": "Foursquare for Android"}, "width": 540, "prefix": "https://igx.4sqi.net/img/general/", "createdAt": 1355569151, "id": "50cc57ffe4b0fb932736e215", "venue": {"like": false, "location": {"formattedAddress": ["#03-84 Plaza Singapura (68 Orchard Rd.)", "238839", "Singapore"], "city": "Singapore", "lng": 103.84505401780814, "cc": "SG", "country": "Singapore", "crossStreet": "68 Orchard Rd.", "lat": 1.2994875591800057, "address": "#03-84 Plaza Singapura", "labeledLatLngs": [{"label": "display", "lat": 1.2994875591800057, "lng": 103.84505401780814}], "postalCode": "238839"}, "categories": [{"icon": {"prefix": "https://ss3.4sqi.net/img/categories_v2/food/cafe_", "suffix": ".png"}, "name": "Caf\u00e9", "id": "4bf58dd8d48988d16d941735", "pluralName": "Caf\u00e9s", "primary": true, "shortName": "Caf\u00e9"}], "verified": false, "contact": {"formattedPhone": "+65 6338 3277", "phone": "+6563383277"}, "allowMenuUrlEdit": true, "stats": {"tipCount": 112, "usersCount": 2794, "checkinsCount": 4093}, "id": "50a1f2b6e4b091c0d49e4787", "name": "HOSHINO COFFEE", "beenHere": {"lastCheckinExpiredAt": 0}}, "suffix": "/1157803_wkQLUmYG0cnvxAFcXBqwMpLrFplLB7J3vK6Xi_aNoJw.jpg", "visibility": "public"}, {"height": 540, "source": {"url": "https://foursquare.com/download/#/android", "name": "Foursquare for Android"}, "width": 720, "prefix": "https://igx.4sqi.net/img/general/", "createdAt": 1342870999, "id": "500a95d7e4b053e657561134", "venue": {"like": false, "location": {"city": "Singapore", "lng": 103.88505243577896, "cc": "SG", "country": "Singapore", "lat": 1.3253737554710365, "address": "Blk 79/79A Circuit Road #01-89", "labeledLatLngs": [{"label": "display", "lat": 1.3253737554710365, "lng": 103.88505243577896}], "formattedAddress": ["Blk 79/79A Circuit Road #01-89", "Singapore"]}, "categories": [{"icon": {"prefix": "https://ss3.4sqi.net/img/categories_v2/food/vegetarian_", "suffix": ".png"}, "name": "Vegetarian / Vegan Restaurant", "id": "4bf58dd8d48988d1d3941735", "pluralName": "Vegetarian / Vegan Restaurants", "primary": true, "shortName": "Vegetarian / Vegan"}], "verified": false, "contact": {}, "allowMenuUrlEdit": true, "stats": {"tipCount": 0, "usersCount": 52, "checkinsCount": 92}, "id": "4d7c5c328f89224b607aa326", "name": "\u81ea\u5728\u658b\u7d20\u98df", "beenHere": {"lastCheckinExpiredAt": 0}}, "suffix": "/YIvsWOptiqbwUz-gafiIlWlZpODzti3iTv4sKJfIE2E.jpg", "visibility": "public"}, {"height": 720, "source": {"url": "https://foursquare.com/download/#/android", "name": "Foursquare for Android"}, "width": 540, "prefix": "https://igx.4sqi.net/img/general/", "createdAt": 1332819265, "id": "4f713541e4b0fb1e70b4ec75", "venue": {"closed": true, "like": false, "location": {"city": "Tseung Kwan O", "lng": 114.25319846443, "cc": "HK", "country": "\u9999\u6e2f", "lat": 22.30413196604175, "address": "Shop 2-3, Metro Town Shopping Mall, 8 King Ling Road", "formattedAddress": ["Shop 2-3, Metro Town Shopping Mall, 8 King Ling Road", "\u9999\u6e2f"]}, "categories": [{"icon": {"prefix": "https://ss3.4sqi.net/img/categories_v2/food/asian_", "suffix": ".png"}, "name": "Chinese Restaurant", "id": "4bf58dd8d48988d145941735", "pluralName": "Chinese Restaurants", "primary": true, "shortName": "Chinese"}], "verified": false, "contact": {"formattedPhone": "+852 3163 1998", "phone": "+85231631998"}, "allowMenuUrlEdit": true, "stats": {"tipCount": 7, "usersCount": 67, "checkinsCount": 446}, "id": "4be7f700d837c9b67eb2a406", "name": "Hong Lin Restaurant \u5eb7\u5e74\u9910\u5ef3", "beenHere": {"lastCheckinExpiredAt": 0}}, "suffix": "/KQBlFEGFYYynod-kk0egNYS2XVRDbbBWhutB2qKZtsY.jpg", "visibility": "public"}, {"height": 720, "source": {"url": "https://foursquare.com/download/#/android", "name": "Foursquare for Android"}, "width": 540, "prefix": "https://igx.4sqi.net/img/general/", "createdAt": 1330145662, "id": "4f48697ee4b0291e485c5111", "venue": {"like": false, "location": {"formattedAddress": ["#01-13, 72 Circuit Rd (Macpherson Gardens)", "370072", "Singapore"], "city": "Singapore", "lng": 103.8878345489502, "cc": "SG", "country": "Singapore", "crossStreet": "Macpherson Gardens", "lat": 1.3245928386871777, "address": "#01-13, 72 Circuit Rd", "labeledLatLngs": [{"label": "display", "lat": 1.3245928386871777, "lng": 103.8878345489502}], "postalCode": "370072"}, "categories": [{"icon": {"prefix": "https://ss3.4sqi.net/img/categories_v2/food/asian_", "suffix": ".png"}, "name": "Asian Restaurant", "id": "4bf58dd8d48988d142941735", "pluralName": "Asian Restaurants", "primary": true, "shortName": "Asian"}], "verified": false, "contact": {"formattedPhone": "+65 6844 2770", "phone": "+6568442770"}, "allowMenuUrlEdit": true, "stats": {"tipCount": 8, "usersCount": 229, "checkinsCount": 630}, "id": "4cac1a1a2f08236a73338961", "name": "Hippo Family Restaurant", "beenHere": {"lastCheckinExpiredAt": 0}}, "suffix": "/6PTsmw1sJ9rQP2hMEMF-N4Pf2nDLlahxjwzBvWMncik.jpg", "visibility": "public"}, {"height": 162, "source": {"url": "https://foursquare.com/download/#/android", "name": "Foursquare for Android"}, "width": 720, "prefix": "https://igx.4sqi.net/img/general/", "createdAt": 1323965272, "id": "4eea1b58f79057ab3fccda5f", "venue": {"like": false, "location": {"formattedAddress": ["460 Alexandra Rd", "119963", "Singapore"], "city": "Singapore", "lng": 103.80157533224114, "cc": "SG", "country": "Singapore", "lat": 1.273948213443785, "address": "460 Alexandra Rd", "labeledLatLngs": [{"label": "display", "lat": 1.273948213443785, "lng": 103.80157533224114}], "postalCode": "119963"}, "categories": [{"icon": {"prefix": "https://ss3.4sqi.net/img/categories_v2/shops/mall_", "suffix": ".png"}, "name": "Shopping Mall", "id": "4bf58dd8d48988d1fd941735", "pluralName": "Shopping Malls", "primary": true, "shortName": "Mall"}], "verified": false, "contact": {"formattedPhone": "+65 6376 9179", "phone": "+6563769179"}, "beenHere": {"lastCheckinExpiredAt": 0}, "stats": {"tipCount": 24, "usersCount": 3217, "checkinsCount": 15040}, "id": "4cb3a7b5dd619c74ece0e590", "name": "Alexandra Retail Centre (ARC)"}, "suffix": "/RADLGVXDEIKT3IEONG53E32GR22KTEVWE4TEXFKCX4MKRKFC.jpg", "visibility": "public"}], "count": 5}, "totalCount": 5}}