{"response": {"totalCount": 53, "photos": {"count": 53, "items": [{"width": 1920, "visibility": "public", "createdAt": 1449558965, "id": "566683b5498ebd57c2482625", "source": {"name": "Swarm for iOS", "url": "https://www.swarmapp.com"}, "prefix": "https://igx.4sqi.net/img/general/", "suffix": "/115764_4LrQt8vvvWRS539opP1mkXnskMFi1Z-WfsAPLvgnEzc.jpg", "venue": {"contact": {"facebookName": "BOOK and BED TOKYO", "phone": "+81364217595", "facebook": "962138183806817", "facebookUsername": "bookandbedtokyo", "twitter": "bookandbedtokyo", "formattedPhone": "+81 3-6421-7595"}, "name": "Book and Bed Tokyo", "categories": [{"name": "Hotel", "shortName": "Hotel", "primary": true, "icon": {"prefix": "https://ss3.4sqi.net/img/categories_v2/travel/hotel_", "suffix": ".png"}, "id": "4bf58dd8d48988d1fa931735", "pluralName": "Hotels"}], "beenHere": {"lastCheckinExpiredAt": 0}, "stats": {"checkinsCount": 241, "tipCount": 3, "usersCount": 191}, "verified": false, "url": "http://bookandbedtokyo.com", "id": "5631d48a498ec6430f93ebd4", "location": {"country": "\u65e5\u672c", "state": "\u6771\u4eac\u90fd", "formattedAddress": ["\u897f\u6c60\u888b1\u4e01\u76ee17-7 (\u30eb\u30df\u30a8\u30fc\u30eb\u30d3\u30eb 7F)", "\u8c4a\u5cf6\u533a, \u6771\u4eac\u90fd", "171-0021", "\u65e5\u672c"], "cc": "JP", "lat": 35.73135173239501, "labeledLatLngs": [{"lng": 139.7088160507726, "lat": 35.73135173239501, "label": "display"}], "postalCode": "171-0021", "address": "\u897f\u6c60\u888b1\u4e01\u76ee17-7", "lng": 139.7088160507726, "city": "\u6771\u4eac", "crossStreet": "\u30eb\u30df\u30a8\u30fc\u30eb\u30d3\u30eb 7F"}, "like": false, "allowMenuUrlEdit": true}, "height": 1440}, {"width": 1920, "visibility": "public", "createdAt": 1439184777, "id": "55c83789498e023fc5fe2af9", "source": {"name": "Swarm for iOS", "url": "https://www.swarmapp.com"}, "prefix": "https://igx.4sqi.net/img/general/", "suffix": "/115764_6K6q7odwXbV0c7IUqdzzeHcGUZwLtH2xNezSUugr5o0.jpg", "venue": {"contact": {}, "name": "Bar Pulpo By MoVida", "categories": [{"name": "Spanish Restaurant", "shortName": "Spanish", "primary": true, "icon": {"prefix": "https://ss3.4sqi.net/img/categories_v2/food/spanish_", "suffix": ".png"}, "id": "4bf58dd8d48988d150941735", "pluralName": "Spanish Restaurants"}], "beenHere": {"lastCheckinExpiredAt": 0}, "stats": {"checkinsCount": 631, "tipCount": 24, "usersCount": 530}, "verified": false, "url": "http://movida.com.au/airport/", "id": "4f07a578e4b00a27512e7e5e", "location": {"country": "Australia", "formattedAddress": ["Melbourne International Airport", "Tullamarine VIC 3043", "Australia"], "cc": "AU", "lat": -37.669116678245416, "labeledLatLngs": [{"lng": 144.84718176305398, "lat": -37.669116678245416, "label": "display"}], "postalCode": "3043", "address": "Melbourne International Airport", "lng": 144.84718176305398, "city": "Tullamarine, VIC", "state": "VIC"}, "like": false, "allowMenuUrlEdit": true}, "height": 1440}, {"width": 1920, "visibility": "public", "createdAt": 1438932793, "id": "55c45f39498e12d6adda60fd", "source": {"name": "Swarm for iOS", "url": "https://www.swarmapp.com"}, "prefix": "https://igx.4sqi.net/img/general/", "suffix": "/115764_eFlLrDX2ca2Ob34hu1_SCe67l385wY4vEEiZJTLTcCE.jpg", "venue": {"contact": {"facebookName": "Napier Hotel", "phone": "+61394194240", "facebook": "141460155898857", "formattedPhone": "+61 3 9419 4240"}, "categories": [{"name": "Gastropub", "shortName": "Gastropub", "primary": true, "icon": {"prefix": "https://ss3.4sqi.net/img/categories_v2/food/gastropub_", "suffix": ".png"}, "id": "4bf58dd8d48988d155941735", "pluralName": "Gastropubs"}], "stats": {"checkinsCount": 2597, "tipCount": 42, "usersCount": 1175}, "beenHere": {"lastCheckinExpiredAt": 0}, "location": {"cc": "AU", "labeledLatLngs": [{"lng": 144.9803, "lat": -37.801639, "label": "display"}], "postalCode": "3065", "state": "VIC", "crossStreet": "Moor St", "country": "Australia", "formattedAddress": ["210 Napier St (Moor St)", "Melbourne VIC 3065", "Australia"], "lat": -37.801639, "neighborhood": "Fitzroy, VIC", "lng": 144.9803, "city": "Melbourne", "address": "210 Napier St"}, "like": false, "hasMenu": true, "name": "The Napier Hotel", "url": "http://thenapierhotel.com", "allowMenuUrlEdit": true, "menu": {"type": "Menu", "url": "https://foursquare.com/v/the-napier-hotel/4b0d2625f964a5201d4423e3/menu", "anchor": "View Menu", "mobileUrl": "https://foursquare.com/v/4b0d2625f964a5201d4423e3/device_menu", "label": "Menu"}, "verified": false, "id": "4b0d2625f964a5201d4423e3"}, "height": 1440}, {"width": 1920, "visibility": "public", "createdAt": 1437194469, "id": "55a9d8e5498e881e53269d2c", "source": {"name": "Swarm for iOS", "url": "https://www.swarmapp.com"}, "prefix": "https://igx.4sqi.net/img/general/", "suffix": "/115764_4wMdzhojCKWo6mb_feDWxm7ADapJbiHu4uojnNEzXC0.jpg", "venue": {"contact": {}, "name": "The Tiny Roaster", "categories": [{"name": "Coffee Shop", "shortName": "Coffee Shop", "primary": true, "icon": {"prefix": "https://ss3.4sqi.net/img/categories_v2/food/coffeeshop_", "suffix": ".png"}, "id": "4bf58dd8d48988d1e0931735", "pluralName": "Coffee Shops"}], "beenHere": {"lastCheckinExpiredAt": 0}, "stats": {"checkinsCount": 148, "tipCount": 8, "usersCount": 115}, "verified": false, "id": "55a783fa498e6bdc42582c00", "location": {"country": "Singapore", "formattedAddress": ["106 Clementi Street 12 #01-62 (Sunset Way)", "120106", "Singapore"], "cc": "SG", "lat": 1.3218689228164777, "labeledLatLngs": [{"lng": 103.77011706089596, "lat": 1.3218689228164777, "label": "display"}], "postalCode": "120106", "address": "106 Clementi Street 12 #01-62", "lng": 103.77011706089596, "city": "Singapore", "crossStreet": "Sunset Way"}, "like": false, "allowMenuUrlEdit": true}, "height": 1440}, {"tip": {"todo": {"count": 0}, "type": "user", "agreeCount": 1, "text": "Two tables, no shelter. Mostly on a slope.", "createdAt": 1420948979, "logView": true, "id": "54b1f5f3498e190ce15a6675", "disagreeCount": 0, "canonicalUrl": "https://foursquare.com/item/54b1f5f3498e190ce15a6675", "likes": {"summary": "1 like", "groups": [{"type": "others", "count": 1, "items": [{"firstName": "Jerry", "id": "132763952", "photo": {"prefix": "https://igx.4sqi.net/img/user/", "suffix": "/132763952-CLQZR00J1ZE4ICSG.jpg"}, "gender": "male", "lastName": "Weijie"}]}], "count": 1}, "like": false}, "width": 1920, "visibility": "public", "createdAt": 1420948982, "id": "54b1f5f6498eb58441f05381", "source": {"name": "Foursquare for iOS", "url": "https://foursquare.com/download/#/iphone"}, "prefix": "https://igx.4sqi.net/img/general/", "suffix": "/115764_CbkHUK6g2neBpmgSD-rqNXgHhuQTTbitpJYCTNR62V0.jpg", "venue": {"contact": {}, "name": "Dog Run @ Clementi Woods Park", "categories": [{"name": "Dog Run", "shortName": "Dog Run", "primary": true, "icon": {"prefix": "https://ss3.4sqi.net/img/categories_v2/parks_outdoors/dogrun_", "suffix": ".png"}, "id": "4bf58dd8d48988d1e5941735", "pluralName": "Dog Runs"}], "beenHere": {"lastCheckinExpiredAt": 0}, "stats": {"checkinsCount": 100, "tipCount": 1, "usersCount": 13}, "verified": false, "id": "54b0f742498e67b43d8023a7", "location": {"country": "Singapore", "formattedAddress": ["Singapore"], "cc": "SG", "lat": 1.302494690036051, "labeledLatLngs": [{"lng": 103.76658631613861, "lat": 1.302494690036051, "label": "display"}], "lng": 103.76658631613861}, "like": false}, "height": 1162}, {"width": 960, "visibility": "public", "createdAt": 1405127400, "id": "53c08ae8498edd1aa587d210", "source": {"name": "Swarm for iOS", "url": "https://www.swarmapp.com"}, "prefix": "https://igx.4sqi.net/img/general/", "suffix": "/115764_Fap8uh9fFm8j1MrxpcXHtvSz4f3O20AdyaoAXQycPVA.jpg", "venue": {"contact": {}, "name": "\u9400\u8a18\u83dc\u5934\u7cbf", "categories": [{"name": "Chinese Restaurant", "shortName": "Chinese", "primary": true, "icon": {"prefix": "https://ss3.4sqi.net/img/categories_v2/food/asian_", "suffix": ".png"}, "id": "4bf58dd8d48988d145941735", "pluralName": "Chinese Restaurants"}], "beenHere": {"lastCheckinExpiredAt": 0}, "stats": {"checkinsCount": 75, "tipCount": 0, "usersCount": 11}, "verified": false, "id": "518d911d498e424f03a126da", "location": {"country": "Singapore", "formattedAddress": ["#01-180 West Coast Market Square (726 Clementi West Street 2)", "Singapore"], "cc": "SG", "lat": 1.304073, "labeledLatLngs": [{"lng": 103.764424, "lat": 1.304073, "label": "display"}], "address": "#01-180 West Coast Market Square", "lng": 103.764424, "city": "Singapore", "crossStreet": "726 Clementi West Street 2"}, "like": false, "allowMenuUrlEdit": true}, "height": 720}, {"width": 960, "visibility": "public", "createdAt": 1402652586, "id": "539ac7aa498eee5b84fb913b", "source": {"name": "Swarm for iOS", "url": "https://www.swarmapp.com"}, "prefix": "https://igx.4sqi.net/img/general/", "suffix": "/115764_vr2dXL2YYLw1CyzSATIFKnYP4NVqIVaT4S03JItMgvk.jpg", "venue": {"contact": {"phone": "+61897568118", "formattedPhone": "+61 8 9756 8118"}, "name": "Dunsborough Chinese Restaurant", "categories": [{"name": "Chinese Restaurant", "shortName": "Chinese", "primary": true, "icon": {"prefix": "https://ss3.4sqi.net/img/categories_v2/food/asian_", "suffix": ".png"}, "id": "4bf58dd8d48988d145941735", "pluralName": "Chinese Restaurants"}], "beenHere": {"lastCheckinExpiredAt": 0}, "stats": {"checkinsCount": 107, "tipCount": 4, "usersCount": 27}, "verified": false, "id": "4f9a7d61e4b04f3d07dc7f6a", "location": {"country": "Australia", "formattedAddress": ["62 Dunn Bay Rd, Dunsborough WA 6281", "Dunsborough WA 6281", "Australia"], "cc": "AU", "lat": -33.61673123626662, "labeledLatLngs": [{"lng": 115.1028216220454, "lat": -33.61673123626662, "label": "display"}], "postalCode": "6281", "address": "62 Dunn Bay Rd, Dunsborough WA 6281", "lng": 115.1028216220454, "city": "Dunsborough", "state": "WA"}, "like": false, "allowMenuUrlEdit": true}, "height": 720}, {"width": 960, "visibility": "public", "createdAt": 1397357804, "id": "5349fcec498ea334a554ad4a", "source": {"name": "Foursquare for iOS", "url": "https://foursquare.com/download/#/iphone"}, "prefix": "https://igx.4sqi.net/img/general/", "suffix": "/115764_XFZMmKgl2jq0l3ujU9RbJwqG7bEaOQQgXRBcuN9vuMQ.jpg", "venue": {"contact": {"phone": "+6562919901", "formattedPhone": "+65 6291 9901"}, "name": "Symmetry", "categories": [{"name": "Restaurant", "shortName": "Restaurant", "primary": true, "icon": {"prefix": "https://ss3.4sqi.net/img/categories_v2/food/default_", "suffix": ".png"}, "id": "4bf58dd8d48988d1c4941735", "pluralName": "Restaurants"}], "beenHere": {"lastCheckinExpiredAt": 0}, "stats": {"checkinsCount": 4437, "tipCount": 148, "usersCount": 3165}, "verified": false, "url": "http://www.symmetry.com.sg", "id": "50574749e4b08e1d3eb91c52", "location": {"country": "Singapore", "formattedAddress": ["9 Jalan Kubor. #01-01.", "199206", "Singapore"], "cc": "SG", "lat": 1.3039658174393207, "labeledLatLngs": [{"lng": 103.85925935844116, "lat": 1.3039658174393207, "label": "display"}], "postalCode": "199206", "address": "9 Jalan Kubor. #01-01.", "lng": 103.85925935844116, "city": "Singapore"}, "like": false, "allowMenuUrlEdit": true}, "height": 720}, {"width": 960, "visibility": "public", "createdAt": 1397263824, "id": "53488dd0498e3a4e7afa4764", "source": {"name": "Foursquare for iOS", "url": "https://foursquare.com/download/#/iphone"}, "prefix": "https://igx.4sqi.net/img/general/", "suffix": "/115764_3VYh2yleXOj7KLkb5QK2I2pIn3ywtnlJbRrYtGkkUBA.jpg", "venue": {"contact": {}, "name": "Ayer Rajah (West Coast Drive) Market & Food Centre", "categories": [{"name": "Food Court", "shortName": "Food Court", "primary": true, "icon": {"prefix": "https://ss3.4sqi.net/img/categories_v2/shops/food_foodcourt_", "suffix": ".png"}, "id": "4bf58dd8d48988d120951735", "pluralName": "Food Courts"}], "beenHere": {"lastCheckinExpiredAt": 0}, "stats": {"checkinsCount": 22910, "tipCount": 198, "usersCount": 7639}, "verified": false, "id": "4c5ff63d13791b8d8e5f4eaf", "location": {"country": "Singapore", "formattedAddress": ["503 W Coast Dr.", "120503", "Singapore"], "cc": "SG", "lat": 1.311866443783514, "labeledLatLngs": [{"lng": 103.75974833965302, "lat": 1.311866443783514, "label": "display"}], "postalCode": "120503", "address": "503 W Coast Dr.", "lng": 103.75974833965302, "city": "Singapore"}, "like": false, "allowMenuUrlEdit": true}, "height": 720}, {"width": 960, "visibility": "public", "createdAt": 1393633027, "id": "5311270311d2c55d4b3bc2ff", "source": {"name": "Foursquare for iOS", "url": "https://foursquare.com/download/#/iphone"}, "prefix": "https://igx.4sqi.net/img/general/", "suffix": "/115764_X8lZSj4oiKL3y712iWoxfYiewpmW4YnBnrmhIdl4bjQ.jpg", "venue": {"contact": {}, "name": "\u9400\u8a18\u83dc\u5934\u7cbf", "categories": [{"name": "Chinese Restaurant", "shortName": "Chinese", "primary": true, "icon": {"prefix": "https://ss3.4sqi.net/img/categories_v2/food/asian_", "suffix": ".png"}, "id": "4bf58dd8d48988d145941735", "pluralName": "Chinese Restaurants"}], "beenHere": {"lastCheckinExpiredAt": 0}, "stats": {"checkinsCount": 75, "tipCount": 0, "usersCount": 11}, "verified": false, "id": "518d911d498e424f03a126da", "location": {"country": "Singapore", "formattedAddress": ["#01-180 West Coast Market Square (726 Clementi West Street 2)", "Singapore"], "cc": "SG", "lat": 1.304073, "labeledLatLngs": [{"lng": 103.764424, "lat": 1.304073, "label": "display"}], "address": "#01-180 West Coast Market Square", "lng": 103.764424, "city": "Singapore", "crossStreet": "726 Clementi West Street 2"}, "like": false, "allowMenuUrlEdit": true}, "height": 720}, {"width": 960, "visibility": "public", "createdAt": 1388402882, "id": "52c158c2498ed14daeb3db08", "source": {"name": "Foursquare for iOS", "url": "https://foursquare.com/download/#/iphone"}, "prefix": "https://igx.4sqi.net/img/general/", "suffix": "/115764_cSLJ7ZRoU7BusWt2wPqTMqmoQbdNPbaaUuboKMCXTKY.jpg", "venue": {"contact": {}, "name": "Popeyes Louisiana Kitchen", "categories": [{"name": "Fried Chicken Joint", "shortName": "Fried Chicken", "primary": true, "icon": {"prefix": "https://ss3.4sqi.net/img/categories_v2/food/friedchicken_", "suffix": ".png"}, "id": "4d4ae6fc7a7b7dea34424761", "pluralName": "Fried Chicken Joints"}], "beenHere": {"lastCheckinExpiredAt": 0}, "stats": {"checkinsCount": 186, "tipCount": 3, "usersCount": 132}, "verified": false, "id": "52c1584611d22fac904c680d", "location": {"country": "Singapore", "formattedAddress": ["#B1-55/56 154 West Coast Road", "127371", "Singapore"], "cc": "SG", "lat": 1.3033164375756123, "labeledLatLngs": [{"lng": 103.76518309718934, "lat": 1.3033164375756123, "label": "display"}], "postalCode": "127371", "address": "#B1-55/56 154 West Coast Road", "lng": 103.76518309718934, "city": "Singapore"}, "like": false, "allowMenuUrlEdit": true}, "height": 720}, {"width": 960, "visibility": "public", "createdAt": 1384083453, "id": "527f6ffd11d2345acb398116", "source": {"name": "Foursquare for iOS", "url": "https://foursquare.com/download/#/iphone"}, "prefix": "https://igx.4sqi.net/img/general/", "suffix": "/115764_6bYQME6125iljeDD_caFEOFaGWa3GOvGijCe7nfgwWA.jpg", "venue": {"contact": {"facebookName": "Singapore Indoor Stadium", "phone": "+6563442660", "facebook": "159300480788770", "facebookUsername": "singaporeindoorstadium", "twitter": "sisnow", "formattedPhone": "+65 6344 2660"}, "name": "Singapore Indoor Stadium", "categories": [{"name": "Stadium", "shortName": "Stadium", "primary": true, "icon": {"prefix": "https://ss3.4sqi.net/img/categories_v2/arts_entertainment/stadium_", "suffix": ".png"}, "id": "4bf58dd8d48988d184941735", "pluralName": "Stadiums"}], "beenHere": {"lastCheckinExpiredAt": 0}, "stats": {"checkinsCount": 32972, "tipCount": 99, "usersCount": 18100}, "verified": false, "id": "4b058814f964a5208cb022e3", "location": {"country": "Singapore", "formattedAddress": ["2 Stadium Walk", "397691", "Singapore"], "cc": "SG", "lat": 1.300928048723167, "postalCode": "397691", "address": "2 Stadium Walk", "lng": 103.87429859267084, "city": "Singapore"}, "like": false, "allowMenuUrlEdit": true}, "height": 720}, {"width": 720, "visibility": "public", "createdAt": 1370177149, "id": "51ab3e7d498eb63034f7dd58", "source": {"name": "Foursquare for iOS", "url": "https://foursquare.com/download/#/iphone"}, "prefix": "https://igx.4sqi.net/img/general/", "suffix": "/115764_b4LMpC67E_GI7i0Pe2p57JTrPFWh_XgVBXND-l3Ljq8.jpg", "venue": {"contact": {"phone": "+6562255043", "formattedPhone": "+65 6225 5043"}, "name": "Club Street Social", "categories": [{"name": "Cocktail Bar", "shortName": "Cocktail", "primary": true, "icon": {"prefix": "https://ss3.4sqi.net/img/categories_v2/nightlife/cocktails_", "suffix": ".png"}, "id": "4bf58dd8d48988d11e941735", "pluralName": "Cocktail Bars"}], "beenHere": {"lastCheckinExpiredAt": 0}, "stats": {"checkinsCount": 2773, "tipCount": 42, "usersCount": 1616}, "verified": false, "url": "http://www.clubstreetsocial.com", "id": "4f16d1e1e4b06c588fdd2faa", "location": {"country": "Singapore", "formattedAddress": ["5 Gemmill Lane", "Singapore"], "cc": "SG", "lat": 1.2826571812717331, "labeledLatLngs": [{"lng": 103.84717708117434, "lat": 1.2826571812717331, "label": "display"}], "address": "5 Gemmill Lane", "lng": 103.84717708117434, "city": "Singapore"}, "like": false, "allowMenuUrlEdit": true}, "height": 960}, {"width": 960, "visibility": "public", "createdAt": 1369546080, "id": "51a19d60498e45f57c2992df", "source": {"name": "Foursquare for iOS", "url": "https://foursquare.com/download/#/iphone"}, "prefix": "https://igx.4sqi.net/img/general/", "suffix": "/115764_NKeQ8FcbZbHKIK30EJHTh3rCgsIrWSbkguyDpFmbdeo.jpg", "venue": {"contact": {"phone": "+6564651911", "formattedPhone": "+65 6465 1911"}, "name": "Peperoni Pizzeria", "categories": [{"name": "Pizza Place", "shortName": "Pizza", "primary": true, "icon": {"prefix": "https://ss3.4sqi.net/img/categories_v2/food/pizza_", "suffix": ".png"}, "id": "4bf58dd8d48988d1ca941735", "pluralName": "Pizza Places"}], "beenHere": {"lastCheckinExpiredAt": 0}, "stats": {"checkinsCount": 3605, "tipCount": 36, "usersCount": 2199}, "verified": false, "url": "http://peperoni.com.sg", "id": "4b826855f964a520cbd130e3", "location": {"country": "Singapore", "formattedAddress": ["6 Greenwood Ave. (Hillcrest Park)", "289192", "Singapore"], "cc": "SG", "lat": 1.3311513754431876, "labeledLatLngs": [{"lng": 103.80722377166187, "lat": 1.3311513754431876, "label": "display"}], "postalCode": "289192", "address": "6 Greenwood Ave.", "lng": 103.80722377166187, "city": "Singapore", "crossStreet": "Hillcrest Park"}, "like": false, "allowMenuUrlEdit": true}, "height": 720}, {"width": 1920, "visibility": "public", "createdAt": 1368232258, "id": "518d9142498ebb686abf7a7b", "source": {"name": "Foursquare for iOS", "url": "https://foursquare.com/download/#/iphone"}, "prefix": "https://igx.4sqi.net/img/general/", "suffix": "/115764_XdL_GY7LGFNyjX2FbGCH2LJg3JYnZNhikdPQ6wtO2xU.jpg", "venue": {"contact": {}, "name": "\u9400\u8a18\u83dc\u5934\u7cbf", "categories": [{"name": "Chinese Restaurant", "shortName": "Chinese", "primary": true, "icon": {"prefix": "https://ss3.4sqi.net/img/categories_v2/food/asian_", "suffix": ".png"}, "id": "4bf58dd8d48988d145941735", "pluralName": "Chinese Restaurants"}], "beenHere": {"lastCheckinExpiredAt": 0}, "stats": {"checkinsCount": 75, "tipCount": 0, "usersCount": 11}, "verified": false, "id": "518d911d498e424f03a126da", "location": {"country": "Singapore", "formattedAddress": ["#01-180 West Coast Market Square (726 Clementi West Street 2)", "Singapore"], "cc": "SG", "lat": 1.304073, "labeledLatLngs": [{"lng": 103.764424, "lat": 1.304073, "label": "display"}], "address": "#01-180 West Coast Market Square", "lng": 103.764424, "city": "Singapore", "crossStreet": "726 Clementi West Street 2"}, "like": false, "allowMenuUrlEdit": true}, "height": 1440}, {"width": 1920, "visibility": "public", "createdAt": 1368232249, "id": "518d9139498e76e44bbc839b", "source": {"name": "Foursquare for iOS", "url": "https://foursquare.com/download/#/iphone"}, "prefix": "https://igx.4sqi.net/img/general/", "suffix": "/115764_SHUMa6EUU4p4kFeiwKVlqYnEc3_1iCOcuIZ--8FPZkE.jpg", "venue": {"contact": {}, "name": "\u9400\u8a18\u83dc\u5934\u7cbf", "categories": [{"name": "Chinese Restaurant", "shortName": "Chinese", "primary": true, "icon": {"prefix": "https://ss3.4sqi.net/img/categories_v2/food/asian_", "suffix": ".png"}, "id": "4bf58dd8d48988d145941735", "pluralName": "Chinese Restaurants"}], "beenHere": {"lastCheckinExpiredAt": 0}, "stats": {"checkinsCount": 75, "tipCount": 0, "usersCount": 11}, "verified": false, "id": "518d911d498e424f03a126da", "location": {"country": "Singapore", "formattedAddress": ["#01-180 West Coast Market Square (726 Clementi West Street 2)", "Singapore"], "cc": "SG", "lat": 1.304073, "labeledLatLngs": [{"lng": 103.764424, "lat": 1.304073, "label": "display"}], "address": "#01-180 West Coast Market Square", "lng": 103.764424, "city": "Singapore", "crossStreet": "726 Clementi West Street 2"}, "like": false, "allowMenuUrlEdit": true}, "height": 1440}, {"width": 1440, "visibility": "public", "createdAt": 1367582555, "id": "5183a75b498e2c4536ea7ed7", "source": {"name": "Foursquare for iOS", "url": "https://foursquare.com/download/#/iphone"}, "prefix": "https://igx.4sqi.net/img/general/", "suffix": "/115764_paQaNVDjw91eGqp0soA8XoqYLgVkoG8WOjn0pUliqMI.jpg", "venue": {"contact": {"phone": "+6562210582", "formattedPhone": "+65 6221 0582"}, "name": "Por Kee Eating House", "categories": [{"name": "Seafood Restaurant", "shortName": "Seafood", "primary": true, "icon": {"prefix": "https://ss3.4sqi.net/img/categories_v2/food/seafood_", "suffix": ".png"}, "id": "4bf58dd8d48988d1ce941735", "pluralName": "Seafood Restaurants"}], "closed": true, "beenHere": {"lastCheckinExpiredAt": 0}, "stats": {"checkinsCount": 2200, "tipCount": 38, "usersCount": 1418}, "verified": false, "id": "4b5856fbf964a5207c5328e3", "location": {"country": "Singapore", "formattedAddress": ["69 Seng Poh Lane, #01-02", "160069", "Singapore"], "cc": "SG", "lat": 1.284199039068943, "postalCode": "160069", "address": "69 Seng Poh Lane, #01-02", "lng": 103.8328654458159, "city": "Singapore"}, "like": false, "allowMenuUrlEdit": true}, "height": 1920}, {"width": 1440, "visibility": "public", "createdAt": 1367117928, "id": "517c9068e4b0fb6494727be2", "source": {"name": "Foursquare for iOS", "url": "https://foursquare.com/download/#/iphone"}, "prefix": "https://igx.4sqi.net/img/general/", "suffix": "/115764_3peG1lIgS7aw7HOIWljKOp3Mt8C3aKO7eHUFGW9c5Qk.jpg", "venue": {"contact": {"twitter": "suprette", "phone": "+6562921855", "formattedPhone": "+65 6292 1855"}, "categories": [{"name": "Diner", "shortName": "Diner", "primary": true, "icon": {"prefix": "https://ss3.4sqi.net/img/categories_v2/food/diner_", "suffix": ".png"}, "id": "4bf58dd8d48988d147941735", "pluralName": "Diners"}], "closed": true, "beenHere": {"lastCheckinExpiredAt": 0}, "location": {"country": "Singapore", "formattedAddress": ["383 Jalan Besar", "209001", "Singapore"], "cc": "SG", "lat": 1.3129015048771562, "postalCode": "209001", "address": "383 Jalan Besar", "lng": 103.85966062545776, "city": "Singapore"}, "like": false, "allowMenuUrlEdit": true, "name": "Suprette", "url": "http://www.suprette.com", "stats": {"checkinsCount": 1042, "tipCount": 46, "usersCount": 649}, "verified": false, "id": "504164b3067dab59d72d8d9f"}, "height": 1920}, {"width": 720, "visibility": "public", "createdAt": 1365166571, "id": "515ec9ebe4b0d2e6727ff3e7", "source": {"name": "Foursquare for iOS", "url": "https://foursquare.com/download/#/iphone"}, "prefix": "https://igx.4sqi.net/img/general/", "suffix": "/115764_iyvV70UtQmpsaWiuypSB2yYTYPzHz-1HH3saEMwnb2Q.jpg", "venue": {"contact": {}, "name": "Evil Empire", "categories": [{"name": "Art Gallery", "shortName": "Art Gallery", "primary": true, "icon": {"prefix": "https://ss3.4sqi.net/img/categories_v2/arts_entertainment/artgallery_", "suffix": ".png"}, "id": "4bf58dd8d48988d1e2931735", "pluralName": "Art Galleries"}], "beenHere": {"lastCheckinExpiredAt": 0}, "stats": {"checkinsCount": 68, "tipCount": 0, "usersCount": 44}, "verified": false, "id": "4bd15fcf462cb7136422da07", "location": {"country": "Singapore", "formattedAddress": ["Niven road", "Singapore"], "cc": "SG", "lat": 1.3038012479248111, "labeledLatLngs": [{"lng": 103.84967950779262, "lat": 1.3038012479248111, "label": "display"}], "address": "Niven road", "lng": 103.84967950779262}, "like": false, "allowMenuUrlEdit": true}, "height": 960}, {"width": 960, "visibility": "public", "createdAt": 1363839498, "id": "514a8a0ae4b08933b989ff83", "source": {"name": "Foursquare for iOS", "url": "https://foursquare.com/download/#/iphone"}, "prefix": "https://igx.4sqi.net/img/general/", "suffix": "/115764_tx5Gb9Ifcs4c5coN6gPWqltmzlXsHKICdUQtBblIzjE.jpg", "venue": {"contact": {"phone": "+6565925118", "formattedPhone": "+65 6592 5118"}, "name": "Salt Grill & Sky Bar", "categories": [{"name": "Australian Restaurant", "shortName": "Australian", "primary": true, "icon": {"prefix": "https://ss3.4sqi.net/img/categories_v2/food/australian_", "suffix": ".png"}, "id": "4bf58dd8d48988d169941735", "pluralName": "Australian Restaurants"}], "beenHere": {"lastCheckinExpiredAt": 0}, "stats": {"checkinsCount": 2821, "tipCount": 54, "usersCount": 2080}, "verified": false, "url": "http://www.saltgrill.com", "id": "4d5f57c1922960fcd45e638b", "location": {"country": "Singapore", "formattedAddress": ["#55/#56-01, ION Sky, ION Orchard (2 Orchard Turn)", "238801", "Singapore"], "cc": "SG", "lat": 1.3038701802027275, "labeledLatLngs": [{"lng": 103.83148670196533, "lat": 1.3038701802027275, "label": "display"}], "postalCode": "238801", "address": "#55/#56-01, ION Sky, ION Orchard", "lng": 103.83148670196533, "city": "Singapore", "crossStreet": "2 Orchard Turn"}, "like": false, "allowMenuUrlEdit": true}, "height": 720}, {"width": 960, "visibility": "public", "createdAt": 1363173010, "id": "51405e92e4b0b7e80d729f01", "source": {"name": "Foursquare for iOS", "url": "https://foursquare.com/download/#/iphone"}, "prefix": "https://igx.4sqi.net/img/general/", "suffix": "/115764_1IULWKLOjpI6S99Or8JI38ufKW2ILv8f1m1AB7r7SJc.jpg", "venue": {"contact": {"phone": "+6564517553", "formattedPhone": "+65 6451 7553"}, "name": "Little Part 1 Caf\u00e9", "categories": [{"name": "Caf\u00e9", "shortName": "Caf\u00e9", "primary": true, "icon": {"prefix": "https://ss3.4sqi.net/img/categories_v2/food/cafe_", "suffix": ".png"}, "id": "4bf58dd8d48988d16d941735", "pluralName": "Caf\u00e9s"}], "beenHere": {"lastCheckinExpiredAt": 0}, "stats": {"checkinsCount": 1455, "tipCount": 44, "usersCount": 944}, "verified": false, "url": "http://www.littlepart1cafe.com", "id": "4b63deaaf964a52019952ae3", "location": {"country": "Singapore", "formattedAddress": ["15A Jasmine Rd.", "576584", "Singapore"], "cc": "SG", "lat": 1.355265442473158, "labeledLatLngs": [{"lng": 103.83011991305887, "lat": 1.355265442473158, "label": "display"}], "postalCode": "576584", "address": "15A Jasmine Rd.", "lng": 103.83011991305887, "city": "Singapore"}, "like": false, "allowMenuUrlEdit": true}, "height": 215}, {"width": 960, "visibility": "public", "createdAt": 1358381015, "id": "50f73fd7e4b052e42663dd5e", "source": {"name": "Foursquare for iOS", "url": "https://foursquare.com/download/#/iphone"}, "prefix": "https://igx.4sqi.net/img/general/", "suffix": "/115764_AvuwYbbPnr_6e4brE6q3m1ajq04oJAO5jXuzFF-PxdY.jpg", "venue": {"contact": {"phone": "+6568319520", "formattedPhone": "+65 6831 9520"}, "beenHere": {"lastCheckinExpiredAt": 0}, "name": "Academy Of Singapore Teachers (AST)", "categories": [{"name": "College Academic Building", "shortName": "Academic Building", "primary": true, "icon": {"prefix": "https://ss3.4sqi.net/img/categories_v2/education/academicbuilding_", "suffix": ".png"}, "id": "4bf58dd8d48988d198941735", "pluralName": "College Academic Buildings"}], "venueRatingBlacklisted": true, "stats": {"checkinsCount": 1680, "tipCount": 7, "usersCount": 468}, "verified": false, "id": "4d64746f7f84f04dca2cf6b4", "location": {"country": "Singapore", "formattedAddress": ["2 Malan Road", "109433", "Singapore"], "cc": "SG", "lat": 1.2764186900842704, "labeledLatLngs": [{"lng": 103.80322229769345, "lat": 1.2764186900842704, "label": "display"}], "postalCode": "109433", "address": "2 Malan Road", "lng": 103.80322229769345, "city": "Singapore"}, "like": false}, "height": 304}, {"width": 960, "visibility": "public", "createdAt": 1357432734, "id": "50e8c79ee4b0b57b92d6b040", "source": {"name": "Foursquare for iOS", "url": "https://foursquare.com/download/#/iphone"}, "prefix": "https://igx.4sqi.net/img/general/", "suffix": "/115764_HgmYUKoe95wJhpRe_otYsQysi-5DMidOM9nB9f8b84o.jpg", "venue": {"contact": {"phone": "+6562203430", "formattedPhone": "+65 6220 3430"}, "name": "Tiong Bahru Bakery", "categories": [{"name": "Bakery", "shortName": "Bakery", "primary": true, "icon": {"prefix": "https://ss3.4sqi.net/img/categories_v2/food/bakery_", "suffix": ".png"}, "id": "4bf58dd8d48988d16a941735", "pluralName": "Bakeries"}], "beenHere": {"lastCheckinExpiredAt": 0}, "stats": {"checkinsCount": 7665, "tipCount": 129, "usersCount": 3913}, "verified": false, "url": "http://www.tiongbahrubakery.com", "id": "4fa4cd93e4b0a34ac718f4e7", "location": {"country": "Singapore", "formattedAddress": ["56 Eng Hoon St #01-70", "160056", "Singapore"], "cc": "SG", "lat": 1.284491725235937, "labeledLatLngs": [{"lng": 103.83354476146978, "lat": 1.284491725235937, "label": "display"}], "postalCode": "160056", "address": "56 Eng Hoon St #01-70", "lng": 103.83354476146978, "city": "Singapore"}, "like": false, "allowMenuUrlEdit": true}, "height": 720}, {"width": 960, "visibility": "public", "createdAt": 1356513990, "id": "50dac2c6e4b0f535a6f78b02", "source": {"name": "Foursquare for iOS", "url": "https://foursquare.com/download/#/iphone"}, "prefix": "https://igx.4sqi.net/img/general/", "suffix": "/115764_TMys-sNHRXOW_UMVhzWXzzSKg36V45KVoQP9kKjVh3g.jpg", "venue": {"contact": {}, "name": "Alteration Of Clothing", "categories": [{"name": "Tailor Shop", "shortName": "Tailor", "primary": true, "icon": {"prefix": "https://ss3.4sqi.net/img/categories_v2/shops/apparel_", "suffix": ".png"}, "id": "5032781d91d4c4b30a586d5b", "pluralName": "Tailor Shops"}], "beenHere": {"lastCheckinExpiredAt": 0}, "stats": {"checkinsCount": 10, "tipCount": 0, "usersCount": 2}, "verified": false, "id": "50dac290e4b07ec1973920f6", "location": {"country": "Singapore", "formattedAddress": ["Blk 726 Clementi West #01-121", "Singapore"], "cc": "SG", "lat": 1.3035038369840792, "labeledLatLngs": [{"lng": 103.76418161520921, "lat": 1.3035038369840792, "label": "display"}], "address": "Blk 726 Clementi West #01-121", "lng": 103.76418161520921, "city": "Singapore"}, "like": false, "allowMenuUrlEdit": true}, "height": 720}, {"width": 960, "visibility": "public", "createdAt": 1356078412, "id": "50d41d4c498e7dccb6a66d67", "source": {"name": "Foursquare for iOS", "url": "https://foursquare.com/download/#/iphone"}, "prefix": "https://igx.4sqi.net/img/general/", "suffix": "/115764_rZxlVVp5tyFhVBQFMfY-9yakiwsf_NljpqZiL38ihHM.jpg", "venue": {"contact": {}, "beenHere": {"lastCheckinExpiredAt": 0}, "name": "Hua Yi Secondary School", "categories": [{"name": "High School", "shortName": "High School", "primary": true, "icon": {"prefix": "https://ss3.4sqi.net/img/categories_v2/building/school_", "suffix": ".png"}, "id": "4bf58dd8d48988d13d941735", "pluralName": "High Schools"}], "venueRatingBlacklisted": true, "stats": {"checkinsCount": 4478, "tipCount": 4, "usersCount": 547}, "verified": false, "url": "http://www.huayisec.moe.edu.sg", "id": "4d22c02886e15481e1d4cc3a", "location": {"country": "Singapore", "formattedAddress": ["60 Jurong West St. 42", "649371", "Singapore"], "cc": "SG", "lat": 1.3521095091173605, "labeledLatLngs": [{"lng": 103.72162271701536, "lat": 1.3521095091173605, "label": "display"}], "postalCode": "649371", "address": "60 Jurong West St. 42", "lng": 103.72162271701536, "city": "Singapore"}, "like": false}, "height": 720}, {"width": 960, "visibility": "public", "createdAt": 1355791780, "id": "50cfbda4e4b083614b821e1c", "source": {"name": "Foursquare for iOS", "url": "https://foursquare.com/download/#/iphone"}, "prefix": "https://igx.4sqi.net/img/general/", "suffix": "/115764__oVxZ__Tmrtoqg7h-orPUakAuet_7bgL0jqWqG6OkBk.jpg", "venue": {"contact": {}, "name": "Volkswagen Service Centre", "categories": [{"name": "Auto Workshop", "shortName": "Auto Workshop", "primary": true, "icon": {"prefix": "https://ss3.4sqi.net/img/categories_v2/shops/automotive_", "suffix": ".png"}, "id": "56aa371be4b08b9a8d5734d3", "pluralName": "Auto Workshops"}], "beenHere": {"lastCheckinExpiredAt": 0}, "stats": {"checkinsCount": 348, "tipCount": 1, "usersCount": 119}, "verified": false, "id": "4f7f8b2fe4b0d99658ec5d1b", "location": {"country": "Singapore", "formattedAddress": ["431 Macpherson Rd", "Singapore"], "cc": "SG", "lat": 1.3331647823510933, "labeledLatLngs": [{"lng": 103.88213029662907, "lat": 1.3331647823510933, "label": "display"}], "address": "431 Macpherson Rd", "lng": 103.88213029662907, "city": "Singapore"}, "like": false, "allowMenuUrlEdit": true}, "height": 720}, {"tip": {"todo": {"count": 0}, "type": "user", "agreeCount": 0, "text": "Sp\u00e9culoos!", "createdAt": 1355403327, "logView": true, "id": "50c9d03fe4b030cbb5ea24f0", "disagreeCount": 0, "canonicalUrl": "https://foursquare.com/item/50c9d03fe4b030cbb5ea24f0", "likes": {"groups": [], "count": 0}, "like": false}, "width": 720, "visibility": "public", "createdAt": 1355403359, "id": "50c9d05fe4b059bfb62134c3", "source": {"name": "Foursquare for iOS", "url": "https://foursquare.com/download/#/iphone"}, "prefix": "https://igx.4sqi.net/img/general/", "suffix": "/115764_Lu2VvzUn8PSuT7Q2WkwVVTLx_Dy8fidHr0hF3WedgUg.jpg", "venue": {"contact": {"phone": "+62361738308", "formattedPhone": "+62 361 738308"}, "name": "The Bistrot", "categories": [{"name": "French Restaurant", "shortName": "French", "primary": true, "icon": {"prefix": "https://ss3.4sqi.net/img/categories_v2/food/french_", "suffix": ".png"}, "id": "4bf58dd8d48988d10c941735", "pluralName": "French Restaurants"}], "beenHere": {"lastCheckinExpiredAt": 0}, "stats": {"checkinsCount": 2608, "tipCount": 114, "usersCount": 2053}, "verified": false, "url": "http://www.bistrot-bali.com", "id": "50d99caae4b0260d1a94d278", "location": {"country": "Indonesia", "state": "Bali", "formattedAddress": ["Jalan Kayu Aya (117 Seminyak, Kuta)", "Seminyak, Bali", "Bali 80361", "Indonesia"], "cc": "ID", "lat": -8.683817730722229, "labeledLatLngs": [{"lng": 115.16302089261427, "lat": -8.683817730722229, "label": "display"}], "postalCode": "80361", "address": "Jalan Kayu Aya", "lng": 115.16302089261427, "city": "Seminyak", "crossStreet": "117 Seminyak, Kuta"}, "like": false, "allowMenuUrlEdit": true}, "height": 540}, {"width": 720, "visibility": "public", "createdAt": 1355359452, "id": "50c924dce4b0c36b7ebfd29a", "source": {"name": "Foursquare for iOS", "url": "https://foursquare.com/download/#/iphone"}, "prefix": "https://igx.4sqi.net/img/general/", "suffix": "/115764_970NUh_BTQKdtC-5hdAEgGv-PWzCGARn9qToEGKAd7U.jpg", "venue": {"contact": {"facebookUsername": "Drop.Bali", "facebookName": "DROP. The Coffee Spot", "facebook": "175277209210757"}, "venuePage": {"id": "33534942"}, "categories": [{"name": "Caf\u00e9", "shortName": "Caf\u00e9", "primary": true, "icon": {"prefix": "https://ss3.4sqi.net/img/categories_v2/food/cafe_", "suffix": ".png"}, "id": "4bf58dd8d48988d16d941735", "pluralName": "Caf\u00e9s"}], "closed": true, "beenHere": {"lastCheckinExpiredAt": 0}, "location": {"country": "Indonesia", "state": "Bali", "formattedAddress": ["Jalan Petetinget 888X (next to Biku)", "Seminyak", "Bali 80361", "Indonesia"], "cc": "ID", "lat": -8.678368494007096, "labeledLatLngs": [{"lng": 115.15383770100081, "lat": -8.678368494007096, "label": "display"}], "postalCode": "80361", "address": "Jalan Petetinget 888X", "lng": 115.15383770100081, "city": "Seminyak", "crossStreet": "next to Biku"}, "like": false, "allowMenuUrlEdit": true, "name": "DROP. The Coffee Spot", "url": "http://www.facebook/DropBali", "stats": {"checkinsCount": 1254, "tipCount": 22, "usersCount": 370}, "verified": true, "id": "4e608745483bd9a9737b346f", "storeId": ""}, "height": 540}, {"width": 540, "visibility": "public", "createdAt": 1355017678, "id": "50c3edcee4b013fc6a920266", "source": {"name": "Foursquare for iOS", "url": "https://foursquare.com/download/#/iphone"}, "prefix": "https://igx.4sqi.net/img/general/", "suffix": "/115764_RPyvLAmd61aQFLEfFMmf4P2z4NzJAhD3A4QHrjR-qJQ.jpg", "venue": {"contact": {"phone": "+6562203430", "formattedPhone": "+65 6220 3430"}, "name": "Tiong Bahru Bakery", "categories": [{"name": "Bakery", "shortName": "Bakery", "primary": true, "icon": {"prefix": "https://ss3.4sqi.net/img/categories_v2/food/bakery_", "suffix": ".png"}, "id": "4bf58dd8d48988d16a941735", "pluralName": "Bakeries"}], "beenHere": {"lastCheckinExpiredAt": 0}, "stats": {"checkinsCount": 7665, "tipCount": 129, "usersCount": 3913}, "verified": false, "url": "http://www.tiongbahrubakery.com", "id": "4fa4cd93e4b0a34ac718f4e7", "location": {"country": "Singapore", "formattedAddress": ["56 Eng Hoon St #01-70", "160056", "Singapore"], "cc": "SG", "lat": 1.284491725235937, "labeledLatLngs": [{"lng": 103.83354476146978, "lat": 1.284491725235937, "label": "display"}], "postalCode": "160056", "address": "56 Eng Hoon St #01-70", "lng": 103.83354476146978, "city": "Singapore"}, "like": false, "allowMenuUrlEdit": true}, "height": 720}, {"width": 720, "visibility": "public", "createdAt": 1354876853, "id": "50c1c7b5e4b096cbd7dd3a8a", "source": {"name": "Foursquare for iOS", "url": "https://foursquare.com/download/#/iphone"}, "prefix": "https://igx.4sqi.net/img/general/", "suffix": "/115764_VqwzyT1JIxqhloBFys_dtkYOUL1nedvqc6xk6XqqjCs.jpg", "venue": {"contact": {"phone": "+6567320818", "formattedPhone": "+65 6732 0818"}, "name": "Emerald Hill No 5", "categories": [{"name": "Cocktail Bar", "shortName": "Cocktail", "primary": true, "icon": {"prefix": "https://ss3.4sqi.net/img/categories_v2/nightlife/cocktails_", "suffix": ".png"}, "id": "4bf58dd8d48988d11e941735", "pluralName": "Cocktail Bars"}], "beenHere": {"lastCheckinExpiredAt": 0}, "stats": {"checkinsCount": 7560, "tipCount": 83, "usersCount": 3490}, "verified": true, "id": "4ba8d9d0f964a52014f439e3", "location": {"country": "Singapore", "formattedAddress": ["5 Emerald Hill", "229289", "Singapore"], "cc": "SG", "lat": 1.3018148685437492, "labeledLatLngs": [{"lng": 103.83911527816906, "lat": 1.3018148685437492, "label": "display"}], "postalCode": "229289", "address": "5 Emerald Hill", "lng": 103.83911527816906, "city": "Singapore"}, "like": false, "allowMenuUrlEdit": true, "storeId": ""}, "height": 309}, {"width": 537, "visibility": "public", "createdAt": 1348293200, "id": "505d5250e4b027df9becdf2e", "source": {"name": "Foursquare for iOS", "url": "https://foursquare.com/download/#/iphone"}, "prefix": "https://igx.4sqi.net/img/general/", "suffix": "/115764_3uAGwgI_R_ZL88h8shDUhjX-yC6Kk5K0nNp10B_weL8.jpg", "venue": {"contact": {}, "name": "\u5364\u9762178 (Lor Mee)", "categories": [{"name": "Asian Restaurant", "shortName": "Asian", "primary": true, "icon": {"prefix": "https://ss3.4sqi.net/img/categories_v2/food/asian_", "suffix": ".png"}, "id": "4bf58dd8d48988d142941735", "pluralName": "Asian Restaurants"}], "beenHere": {"lastCheckinExpiredAt": 0}, "stats": {"checkinsCount": 764, "tipCount": 14, "usersCount": 409}, "verified": false, "id": "4cf1a5fbe9425481d8b26bc5", "location": {"country": "Singapore", "formattedAddress": ["#02-23, Tiong Bahru Market (30 Seng Poh Rd)", "198898", "Singapore"], "cc": "SG", "lat": 1.2849329711841648, "labeledLatLngs": [{"lng": 103.83235596130892, "lat": 1.2849329711841648, "label": "display"}], "postalCode": "198898", "address": "#02-23, Tiong Bahru Market", "lng": 103.83235596130892, "city": "Singapore", "crossStreet": "30 Seng Poh Rd"}, "like": false, "allowMenuUrlEdit": true}, "height": 720}, {"width": 720, "visibility": "public", "createdAt": 1345029964, "id": "502b874ce4b057455a8cdc6a", "source": {"name": "Foursquare for iOS", "url": "https://foursquare.com/download/#/iphone"}, "prefix": "https://igx.4sqi.net/img/general/", "suffix": "/ui1Th5L0-6y1r1ol-vq1BVY7dQdVuyUmoNtRH2uUwzI.jpg", "venue": {"contact": {"phone": "+6567798919", "formattedPhone": "+65 6779 8919"}, "venuePage": {"id": "39199987"}, "categories": [{"name": "French Restaurant", "shortName": "French", "primary": true, "icon": {"prefix": "https://ss3.4sqi.net/img/categories_v2/food/french_", "suffix": ".png"}, "id": "4bf58dd8d48988d10c941735", "pluralName": "French Restaurants"}], "beenHere": {"lastCheckinExpiredAt": 0}, "location": {"country": "Singapore", "formattedAddress": ["Shaw Foundation Alumni House Level 4 (11 Kent Ridge Drive)", "119244", "Singapore"], "cc": "SG", "lat": 1.293177798176435, "labeledLatLngs": [{"lng": 103.77330839075769, "lat": 1.293177798176435, "label": "display"}], "postalCode": "119244", "address": "Shaw Foundation Alumni House Level 4", "lng": 103.77330839075769, "city": "Singapore", "crossStreet": "11 Kent Ridge Drive"}, "like": false, "allowMenuUrlEdit": true, "name": "The University Club", "url": "http://theuniversityclub.sg", "stats": {"checkinsCount": 949, "tipCount": 9, "usersCount": 378}, "verified": true, "id": "4d915b75dfa82d43c3378bd2"}, "height": 537}, {"width": 720, "visibility": "public", "createdAt": 1344594980, "id": "5024e424e4b095b2f221d796", "source": {"name": "Foursquare for iOS", "url": "https://foursquare.com/download/#/iphone"}, "prefix": "https://igx.4sqi.net/img/general/", "suffix": "/SuGU-JhNY7SuhkElMMI7UIr1VqxbY1Zrague6sZiChc.jpg", "venue": {"contact": {"twitter": "clarkequay", "phone": "+6563373292", "formattedPhone": "+65 6337 3292"}, "name": "Clarke Quay", "categories": [{"name": "Canal", "shortName": "Canal", "primary": true, "icon": {"prefix": "https://ss3.4sqi.net/img/categories_v2/parks_outdoors/river_", "suffix": ".png"}, "id": "56aa371be4b08b9a8d573562", "pluralName": "Canals"}], "beenHere": {"lastCheckinExpiredAt": 0}, "stats": {"checkinsCount": 76405, "tipCount": 242, "usersCount": 39635}, "verified": false, "url": "http://www.clarkequay.com.sg", "id": "4b05880ef964a520d6ae22e3", "location": {"country": "Singapore", "formattedAddress": ["River Valley Rd. (North Boat Quay)", "179020", "Singapore"], "cc": "SG", "lat": 1.290277835687847, "postalCode": "179020", "address": "River Valley Rd.", "lng": 103.84539370571687, "city": "Singapore", "crossStreet": "North Boat Quay"}, "like": false, "allowMenuUrlEdit": true}, "height": 537}, {"width": 537, "visibility": "public", "createdAt": 1344584645, "id": "5024bbc5e4b0cab4c4c6b7fc", "source": {"name": "Foursquare for iOS", "url": "https://foursquare.com/download/#/iphone"}, "prefix": "https://igx.4sqi.net/img/general/", "suffix": "/d049RNrVe68-1iljXN4I_VFTdkLsBc9P3Df8RHfWIwg.jpg", "venue": {"contact": {"phone": "+6566367629", "formattedPhone": "+65 6636 7629"}, "name": "Toby's Estate", "categories": [{"name": "Coffee Shop", "shortName": "Coffee Shop", "primary": true, "icon": {"prefix": "https://ss3.4sqi.net/img/categories_v2/food/coffeeshop_", "suffix": ".png"}, "id": "4bf58dd8d48988d1e0931735", "pluralName": "Coffee Shops"}], "beenHere": {"lastCheckinExpiredAt": 0}, "stats": {"checkinsCount": 4855, "tipCount": 131, "usersCount": 2581}, "verified": false, "url": "http://www.tobysestate.com.sg", "id": "4e2fc0b68877341a5155a144", "location": {"country": "Singapore", "formattedAddress": ["8 Rodyk St. #01-03/04", "238216", "Singapore"], "cc": "SG", "lat": 1.289767264048647, "labeledLatLngs": [{"lng": 103.83732068633121, "lat": 1.289767264048647, "label": "display"}], "postalCode": "238216", "address": "8 Rodyk St. #01-03/04", "lng": 103.83732068633121, "city": "Singapore"}, "like": false, "allowMenuUrlEdit": true}, "height": 720}, {"width": 537, "visibility": "public", "createdAt": 1322738271, "id": "4ed7625f61afca7b25575267", "source": {"name": "Foursquare for iOS", "url": "https://foursquare.com/download/#/iphone"}, "prefix": "https://igx.4sqi.net/img/general/", "suffix": "/M2WD44L44D3W2T3XRS4P1UVXPKL33NNTA0LCBOSUNAOQ4OGO.jpg", "venue": {"contact": {"phone": "+6567320818", "formattedPhone": "+65 6732 0818"}, "name": "Emerald Hill No 5", "categories": [{"name": "Cocktail Bar", "shortName": "Cocktail", "primary": true, "icon": {"prefix": "https://ss3.4sqi.net/img/categories_v2/nightlife/cocktails_", "suffix": ".png"}, "id": "4bf58dd8d48988d11e941735", "pluralName": "Cocktail Bars"}], "beenHere": {"lastCheckinExpiredAt": 0}, "stats": {"checkinsCount": 7560, "tipCount": 83, "usersCount": 3490}, "verified": true, "id": "4ba8d9d0f964a52014f439e3", "location": {"country": "Singapore", "formattedAddress": ["5 Emerald Hill", "229289", "Singapore"], "cc": "SG", "lat": 1.3018148685437492, "labeledLatLngs": [{"lng": 103.83911527816906, "lat": 1.3018148685437492, "label": "display"}], "postalCode": "229289", "address": "5 Emerald Hill", "lng": 103.83911527816906, "city": "Singapore"}, "like": false, "allowMenuUrlEdit": true, "storeId": ""}, "height": 720}, {"width": 720, "visibility": "public", "createdAt": 1322357013, "id": "4ed191157ee5be844ca1cbda", "source": {"name": "Foursquare for iOS", "url": "https://foursquare.com/download/#/iphone"}, "prefix": "https://igx.4sqi.net/img/general/", "suffix": "/QHWI0IPSJMRMQPE5XNSNVEJKGLZNQ0M1E2RNQQ4NZI1IUYFO.jpg", "venue": {"contact": {"twitter": "thebiblechurch", "phone": "+6567793255", "formattedPhone": "+65 6779 3255"}, "beenHere": {"lastCheckinExpiredAt": 0}, "name": "The Bible Church", "categories": [{"name": "Church", "shortName": "Church", "primary": true, "icon": {"prefix": "https://ss3.4sqi.net/img/categories_v2/building/religious_church_", "suffix": ".png"}, "id": "4bf58dd8d48988d132941735", "pluralName": "Churches"}], "venueRatingBlacklisted": true, "stats": {"checkinsCount": 652, "tipCount": 4, "usersCount": 108}, "verified": false, "id": "4b5ba047f964a520f30b29e3", "location": {"country": "Singapore", "formattedAddress": ["152 West Coast Road", "127370", "Singapore"], "cc": "SG", "lat": 1.302888745696111, "labeledLatLngs": [{"lng": 103.76579940319061, "lat": 1.302888745696111, "label": "display"}], "postalCode": "127370", "address": "152 West Coast Road", "lng": 103.76579940319061, "city": "Singapore"}, "like": false}, "height": 480}, {"width": 537, "visibility": "public", "createdAt": 1319888751, "id": "4eabe76f29c2152debeea8bf", "source": {"name": "Foursquare for iOS", "url": "https://foursquare.com/download/#/iphone"}, "prefix": "https://igx.4sqi.net/img/general/", "suffix": "/MYHRPVP25BNYON3IALS5SVRZYKSGGMGCMHVIG1S5UR0HAH2P.jpg", "venue": {"contact": {"phone": "+6564663477", "formattedPhone": "+65 6466 3477"}, "name": "Burger Shack", "categories": [{"name": "Burger Joint", "shortName": "Burgers", "primary": true, "icon": {"prefix": "https://ss3.4sqi.net/img/categories_v2/food/burger_", "suffix": ".png"}, "id": "4bf58dd8d48988d16c941735", "pluralName": "Burger Joints"}], "closed": true, "beenHere": {"lastCheckinExpiredAt": 0}, "stats": {"checkinsCount": 2037, "tipCount": 23, "usersCount": 1237}, "verified": false, "id": "4b1b93b6f964a52006fc23e3", "location": {"country": "Singapore", "formattedAddress": ["#01-01, King's Arcade (559 Bukit Timah Rd)", "269695", "Singapore"], "cc": "SG", "lat": 1.3236056523165256, "postalCode": "269695", "address": "#01-01, King's Arcade", "lng": 103.8107442611832, "city": "Singapore", "crossStreet": "559 Bukit Timah Rd"}, "like": false, "allowMenuUrlEdit": true}, "height": 720}, {"width": 537, "visibility": "public", "createdAt": 1315223904, "id": "4e64b960d164ddd5e6ba844d", "source": {"name": "Foursquare for iOS", "url": "https://foursquare.com/download/#/iphone"}, "prefix": "https://igx.4sqi.net/img/general/", "suffix": "/0H1BAOM1E4JOZBZVZLGN1D4X2ALPD0JSSPR1KQRJKEP4CIIG.jpg", "venue": {"contact": {"twitter": "walawalasg", "phone": "+6564624288", "formattedPhone": "+65 6462 4288"}, "venuePage": {"id": "70657459"}, "categories": [{"name": "Bar", "shortName": "Bar", "primary": true, "icon": {"prefix": "https://ss3.4sqi.net/img/categories_v2/nightlife/pub_", "suffix": ".png"}, "id": "4bf58dd8d48988d116941735", "pluralName": "Bars"}], "beenHere": {"lastCheckinExpiredAt": 0}, "location": {"country": "Singapore", "formattedAddress": ["31 Lorong Mambong (Holland Village)", "277689", "Singapore"], "cc": "SG", "lat": 1.311731783096724, "labeledLatLngs": [{"lng": 103.79451228561953, "lat": 1.311731783096724, "label": "display"}], "postalCode": "277689", "address": "31 Lorong Mambong", "lng": 103.79451228561953, "city": "Singapore", "crossStreet": "Holland Village"}, "like": false, "allowMenuUrlEdit": true, "name": "Wala Wala Cafe Bar", "url": "http://www.walawala.sg", "stats": {"checkinsCount": 13166, "tipCount": 92, "usersCount": 6869}, "verified": true, "id": "4b110f06f964a520cb7723e3", "storeId": ""}, "height": 720}, {"width": 720, "visibility": "public", "createdAt": 1312361767, "id": "4e390d27483b6aaecd5e877f", "source": {"name": "Foursquare for iOS", "url": "https://foursquare.com/download/#/iphone"}, "prefix": "https://igx.4sqi.net/img/general/", "suffix": "/RB35CA52UVU0RNJL1A3DHRXURINWVRBD1J4MXSTS5U5S5LNP.jpg", "venue": {"contact": {"phone": "+442074049254", "formattedPhone": "+44 20 7404 9254"}, "name": "Tutti's", "categories": [{"name": "Caf\u00e9", "shortName": "Caf\u00e9", "primary": true, "icon": {"prefix": "https://ss3.4sqi.net/img/categories_v2/food/cafe_", "suffix": ".png"}, "id": "4bf58dd8d48988d16d941735", "pluralName": "Caf\u00e9s"}], "beenHere": {"lastCheckinExpiredAt": 0}, "stats": {"checkinsCount": 563, "tipCount": 15, "usersCount": 321}, "verified": false, "url": "http://www.tuttis.co.uk", "id": "4bbdcdfaa0a0c9b60bfd1b0f", "location": {"country": "United Kingdom", "formattedAddress": ["68 Lambs Conduit St.", "London", "Greater London", "WC1N 3LW", "United Kingdom"], "cc": "GB", "lat": 51.522338, "labeledLatLngs": [{"lng": -0.118817, "lat": 51.522338, "label": "display"}], "postalCode": "WC1N 3LW", "address": "68 Lambs Conduit St.", "lng": -0.118817, "city": "London", "state": "Greater London"}, "like": false, "allowMenuUrlEdit": true}, "height": 537}, {"width": 537, "visibility": "public", "createdAt": 1303147893, "id": "4dac7575a12d70ed39006824", "source": {"name": "Foursquare for iOS", "url": "https://foursquare.com/download/#/iphone"}, "prefix": "https://igx.4sqi.net/img/general/", "suffix": "/J44P00RJ5HOYS3FI10C3YIHCMOQSR3EQNEGKRNNMHGF5VQMI.jpg", "venue": {"contact": {"twitter": "nycparks", "facebookName": "Bartow-Pell Mansion Museum", "facebook": "104475634308", "facebookUsername": "BartowPell"}, "name": "Roosevelt Triangle", "categories": [{"name": "Park", "shortName": "Park", "primary": true, "icon": {"prefix": "https://ss3.4sqi.net/img/categories_v2/parks_outdoors/park_", "suffix": ".png"}, "id": "4bf58dd8d48988d163941735", "pluralName": "Parks"}], "beenHere": {"lastCheckinExpiredAt": 0}, "stats": {"checkinsCount": 718, "tipCount": 3, "usersCount": 168}, "verified": true, "url": "http://nyc.gov/parks", "id": "4cb5f3108db0a14374546616", "location": {"country": "United States", "state": "NY", "formattedAddress": ["W 125th St (Morningside Ave)", "New York, NY 10027", "United States"], "cc": "US", "lat": 40.81150498512449, "labeledLatLngs": [{"lng": -73.95439403540375, "lat": 40.81150498512449, "label": "display"}], "postalCode": "10027", "address": "W 125th St", "lng": -73.95439403540375, "city": "New York", "crossStreet": "Morningside Ave"}, "like": false}, "height": 720}, {"width": 537, "visibility": "public", "createdAt": 1302883219, "id": "4da86b9340a3582fb8c48594", "source": {"name": "Foursquare for iOS", "url": "https://foursquare.com/download/#/iphone"}, "prefix": "https://igx.4sqi.net/img/general/", "suffix": "/I0DWWDJTBKBQRGNJUQKKKXP45LTYHW41XGHXQOHYJPPYBFDR.jpg", "venue": {"contact": {}, "beenHere": {"lastCheckinExpiredAt": 0}, "name": "National Association for the Education of Young Children", "categories": [{"name": "Office", "shortName": "Office", "primary": true, "icon": {"prefix": "https://ss3.4sqi.net/img/categories_v2/building/default_", "suffix": ".png"}, "id": "4bf58dd8d48988d124941735", "pluralName": "Offices"}], "venueRatingBlacklisted": true, "stats": {"checkinsCount": 181, "tipCount": 1, "usersCount": 36}, "verified": false, "id": "4c125657a5eb76b063f1bdb7", "location": {"country": "United States", "formattedAddress": ["1313 L St NW", "Washington, D.C. 20005", "United States"], "cc": "US", "lat": 38.90423535911554, "labeledLatLngs": [{"lng": -77.03081168689249, "lat": 38.90423535911554, "label": "display"}], "postalCode": "20005", "address": "1313 L St NW", "lng": -77.03081168689249, "city": "Washington", "state": "D.C."}, "like": false}, "height": 720}, {"width": 720, "visibility": "public", "createdAt": 1302879934, "id": "4da85ebefd2864d0c31d7bc1", "source": {"name": "Foursquare for iOS", "url": "https://foursquare.com/download/#/iphone"}, "prefix": "https://igx.4sqi.net/img/general/", "suffix": "/GLRHK13EVNC2BYQPO0SZHGPA1BF3SHVYSR0MB4LCTLT4FKJM.jpg", "venue": {"contact": {"twitter": "cdacouncil", "phone": "+12022659161", "formattedPhone": "+1 202-265-9161"}, "venuePage": {"id": "104047782"}, "categories": [{"name": "Office", "shortName": "Office", "primary": true, "icon": {"prefix": "https://ss3.4sqi.net/img/categories_v2/building/default_", "suffix": ".png"}, "id": "4bf58dd8d48988d124941735", "pluralName": "Offices"}], "venueRatingBlacklisted": true, "beenHere": {"lastCheckinExpiredAt": 0}, "location": {"country": "United States", "formattedAddress": ["2460 16th St NW", "Washington, D.C. 20009", "United States"], "cc": "US", "lat": 38.921715, "labeledLatLngs": [{"lng": -77.036609, "lat": 38.921715, "label": "display"}], "postalCode": "20009", "address": "2460 16th St NW", "lng": -77.036609, "city": "Washington", "state": "D.C."}, "like": false, "name": "Council for Professional Recognition", "url": "http://www.cdacouncil.org", "stats": {"checkinsCount": 4, "tipCount": 0, "usersCount": 3}, "verified": true, "id": "4da847896e81162ae7a316fa", "storeId": ""}, "height": 537}, {"width": 537, "visibility": "public", "createdAt": 1300030189, "id": "4d7ce2edc6982da134627bfa", "source": {"name": "Foursquare for iOS", "url": "https://foursquare.com/download/#/iphone"}, "prefix": "https://igx.4sqi.net/img/general/", "suffix": "/ETJPFWGUPNKIQ5ZMVBM55XML2ZN2WMZHOENQNB0H41VPJEP4.jpg", "venue": {"contact": {"facebookName": "The Breakfast Club", "phone": "+442074342751", "facebook": "22543097018", "facebookUsername": "TheBreakfastClubCafes", "twitter": "thebrekkyclub", "formattedPhone": "+44 20 7434 2751"}, "categories": [{"name": "Breakfast Spot", "shortName": "Breakfast", "primary": true, "icon": {"prefix": "https://ss3.4sqi.net/img/categories_v2/food/breakfast_", "suffix": ".png"}, "id": "4bf58dd8d48988d143941735", "pluralName": "Breakfast Spots"}], "stats": {"checkinsCount": 9716, "tipCount": 356, "usersCount": 7376}, "beenHere": {"lastCheckinExpiredAt": 0}, "location": {"country": "United Kingdom", "state": "Greater London", "formattedAddress": ["33 D'Arblay St (Wardour St)", "Soho", "Greater London", "W1F 8EU", "United Kingdom"], "cc": "GB", "lat": 51.514756, "labeledLatLngs": [{"lng": -0.13539, "lat": 51.514756, "label": "display"}], "postalCode": "W1F 8EU", "address": "33 D'Arblay St", "lng": -0.13539, "city": "Soho", "crossStreet": "Wardour St"}, "like": false, "hasMenu": true, "name": "The Breakfast Club", "url": "http://www.thebreakfastclubcafes.com", "allowMenuUrlEdit": true, "menu": {"type": "Menu", "url": "https://foursquare.com/v/the-breakfast-club/4ac4bb54f964a520e49e20e3/menu", "anchor": "View Menu", "mobileUrl": "https://foursquare.com/v/4ac4bb54f964a520e49e20e3/device_menu", "label": "Menu"}, "verified": true, "id": "4ac4bb54f964a520e49e20e3"}, "height": 720}, {"width": 537, "visibility": "public", "createdAt": 1298520786, "id": "4d65dad2838e28fd6eab7824", "source": {"name": "Foursquare for iOS", "url": "https://foursquare.com/download/#/iphone"}, "prefix": "https://igx.4sqi.net/img/general/", "suffix": "/BKJHSBUGDXBLW2D02ZAKFGXJTEMK3V2B25VZ22LAZA5QS0T3.jpg", "venue": {"contact": {"phone": "+12122192970", "formattedPhone": "+1 212-219-2970"}, "categories": [{"name": "Cocktail Bar", "shortName": "Cocktail", "primary": true, "icon": {"prefix": "https://ss3.4sqi.net/img/categories_v2/nightlife/cocktails_", "suffix": ".png"}, "id": "4bf58dd8d48988d11e941735", "pluralName": "Cocktail Bars"}], "stats": {"checkinsCount": 5882, "tipCount": 89, "usersCount": 3830}, "beenHere": {"lastCheckinExpiredAt": 0}, "location": {"country": "United States", "state": "NY", "formattedAddress": ["277 Church St (btwn Franklin & White St)", "New York, NY 10013", "United States"], "cc": "US", "lat": 40.718768, "labeledLatLngs": [{"lng": -74.005142, "lat": 40.718768, "label": "display"}], "postalCode": "10013", "address": "277 Church St", "lng": -74.005142, "city": "New York", "crossStreet": "btwn Franklin & White St"}, "like": false, "hasMenu": true, "name": "B Flat", "url": "http://bflat.info", "allowMenuUrlEdit": true, "menu": {"type": "Menu", "url": "https://foursquare.com/v/b-flat/47111950f964a5209e4b1fe3/menu", "anchor": "View Menu", "mobileUrl": "https://foursquare.com/v/47111950f964a5209e4b1fe3/device_menu", "label": "Menu"}, "verified": false, "id": "47111950f964a5209e4b1fe3"}, "height": 720}, {"width": 537, "visibility": "public", "createdAt": 1298167662, "id": "4d60776e7b72a3404f845eda", "source": {"name": "Foursquare for iOS", "url": "https://foursquare.com/download/#/iphone"}, "prefix": "https://igx.4sqi.net/img/general/", "suffix": "/OFCSMTIDEGD0MK3BIBXKOHNFO2DP5WMHWE2ZYISYLY3X5OY1.jpg", "venue": {"contact": {}, "beenHere": {"lastCheckinExpiredAt": 0}, "name": "New Residence Hall", "categories": [{"name": "College Residence Hall", "shortName": "Residence Hall", "primary": true, "icon": {"prefix": "https://ss3.4sqi.net/img/categories_v2/education/residencehall_", "suffix": ".png"}, "id": "4bf58dd8d48988d1a3941735", "pluralName": "College Residence Halls"}], "venueRatingBlacklisted": true, "stats": {"checkinsCount": 1400, "tipCount": 0, "usersCount": 119}, "verified": false, "id": "4c76f56e07818cfa9c14d3e3", "location": {"country": "United States", "formattedAddress": ["517 W 121st St", "New York, NY 10027", "United States"], "cc": "US", "lat": 40.81089658547277, "labeledLatLngs": [{"lng": -73.95964032259444, "lat": 40.81089658547277, "label": "display"}], "postalCode": "10027", "address": "517 W 121st St", "lng": -73.95964032259444, "city": "New York", "state": "NY"}, "like": false}, "height": 720}, {"width": 720, "visibility": "public", "createdAt": 1297534343, "id": "4d56cd87a70c2da1c84e90fc", "source": {"name": "Foursquare for iOS", "url": "https://foursquare.com/download/#/iphone"}, "prefix": "https://igx.4sqi.net/img/general/", "suffix": "/51WFDDSR1ACQEZDJA5NZTV4UWI1JBEEOJ5O1EZYUHJ3BLN5S.jpg", "venue": {"contact": {}, "name": "145 Clum Hill Rd", "categories": [{"name": "Ski Lodge", "shortName": "Lodge", "primary": true, "icon": {"prefix": "https://ss3.4sqi.net/img/categories_v2/parks_outdoors/ski_lodge_", "suffix": ".png"}, "id": "4bf58dd8d48988d1eb941735", "pluralName": "Ski Lodges"}], "beenHere": {"lastCheckinExpiredAt": 0}, "stats": {"checkinsCount": 3, "tipCount": 0, "usersCount": 1}, "verified": false, "id": "4d56042ecff7721e1bdfb0f5", "location": {"country": "United States", "formattedAddress": ["145 Clum Hill Rd", "Elka Park, NY", "United States"], "cc": "US", "lat": 42.190903, "labeledLatLngs": [{"lng": -74.119366, "lat": 42.190903, "label": "display"}], "address": "145 Clum Hill Rd", "lng": -74.119366, "city": "Elka Park", "state": "NY"}, "like": false}, "height": 537}, {"width": 540, "visibility": "public", "createdAt": 1294249608, "id": "4d24ae88a18228fd9e1ad07f", "source": {"name": "Foursquare for iOS", "url": "https://foursquare.com/download/#/iphone"}, "prefix": "https://igx.4sqi.net/img/general/", "suffix": "/OOFX1DSP2GHMJBIKKI20WTHAWWQ1GJ44KLNCCXAIFATFVZMO.jpg", "venue": {"contact": {"facebookName": "Blue Bottle Coffee", "phone": "+17185345488", "facebook": "39439581510", "facebookUsername": "bluebottlecoffee", "twitter": "bluebottlenyc", "formattedPhone": "+1 718-534-5488"}, "venuePage": {"id": "146272470"}, "categories": [{"name": "Coffee Shop", "shortName": "Coffee Shop", "primary": true, "icon": {"prefix": "https://ss3.4sqi.net/img/categories_v2/food/coffeeshop_", "suffix": ".png"}, "id": "4bf58dd8d48988d1e0931735", "pluralName": "Coffee Shops"}], "stats": {"checkinsCount": 41177, "tipCount": 400, "usersCount": 14422}, "beenHere": {"lastCheckinExpiredAt": 0}, "location": {"country": "United States", "state": "NY", "formattedAddress": ["160 Berry St (btwn N 4th & N 5th St)", "Brooklyn, NY 11249", "United States"], "cc": "US", "lat": 40.71737939220728, "postalCode": "11249", "address": "160 Berry St", "lng": -73.96058320999146, "city": "Brooklyn", "crossStreet": "btwn N 4th & N 5th St"}, "like": false, "hasMenu": true, "name": "Blue Bottle Coffee", "url": "http://bluebottlecoffee.net", "allowMenuUrlEdit": true, "menu": {"type": "Menu", "url": "https://foursquare.com/v/blue-bottle-coffee/4b843a9cf964a520f22831e3/menu", "anchor": "View Menu", "mobileUrl": "https://foursquare.com/v/4b843a9cf964a520f22831e3/device_menu", "label": "Menu"}, "verified": true, "id": "4b843a9cf964a520f22831e3"}, "height": 403}, {"width": 540, "visibility": "public", "createdAt": 1294249580, "id": "4d24ae6c68912da1a185f803", "source": {"name": "Foursquare for iOS", "url": "https://foursquare.com/download/#/iphone"}, "prefix": "https://igx.4sqi.net/img/general/", "suffix": "/OO5J0MEOEVIICZBRL1FBMPUJC1IT2K2PNNRBFTDMUSJIVVMO.jpg", "venue": {"contact": {"facebookName": "Blue Bottle Coffee", "phone": "+17185345488", "facebook": "39439581510", "facebookUsername": "bluebottlecoffee", "twitter": "bluebottlenyc", "formattedPhone": "+1 718-534-5488"}, "venuePage": {"id": "146272470"}, "categories": [{"name": "Coffee Shop", "shortName": "Coffee Shop", "primary": true, "icon": {"prefix": "https://ss3.4sqi.net/img/categories_v2/food/coffeeshop_", "suffix": ".png"}, "id": "4bf58dd8d48988d1e0931735", "pluralName": "Coffee Shops"}], "stats": {"checkinsCount": 41177, "tipCount": 400, "usersCount": 14422}, "beenHere": {"lastCheckinExpiredAt": 0}, "location": {"country": "United States", "state": "NY", "formattedAddress": ["160 Berry St (btwn N 4th & N 5th St)", "Brooklyn, NY 11249", "United States"], "cc": "US", "lat": 40.71737939220728, "postalCode": "11249", "address": "160 Berry St", "lng": -73.96058320999146, "city": "Brooklyn", "crossStreet": "btwn N 4th & N 5th St"}, "like": false, "hasMenu": true, "name": "Blue Bottle Coffee", "url": "http://bluebottlecoffee.net", "allowMenuUrlEdit": true, "menu": {"type": "Menu", "url": "https://foursquare.com/v/blue-bottle-coffee/4b843a9cf964a520f22831e3/menu", "anchor": "View Menu", "mobileUrl": "https://foursquare.com/v/4b843a9cf964a520f22831e3/device_menu", "label": "Menu"}, "verified": true, "id": "4b843a9cf964a520f22831e3"}, "height": 403}, {"width": 540, "visibility": "public", "createdAt": 1294187981, "id": "4d23bdcd85e1a34063cea007", "source": {"name": "Foursquare for iOS", "url": "https://foursquare.com/download/#/iphone"}, "prefix": "https://igx.4sqi.net/img/general/", "suffix": "/HUKB0GXRDCIB3QLFAKPIDL2LLZJLTZSJPBQMJJUK4H0R1F24.jpg", "venue": {"contact": {"twitter": "mazerestaurant", "phone": "+12124688889", "formattedPhone": "+1 212-468-8889"}, "venuePage": {"id": "59968161"}, "categories": [{"name": "French Restaurant", "shortName": "French", "primary": true, "icon": {"prefix": "https://ss3.4sqi.net/img/categories_v2/food/french_", "suffix": ".png"}, "id": "4bf58dd8d48988d10c941735", "pluralName": "French Restaurants"}], "closed": true, "menu": {"type": "Menu", "url": "https://foursquare.com/v/maze-restaurant/4aafc71bf964a520ae6420e3/menu", "anchor": "View Menu", "mobileUrl": "https://foursquare.com/v/4aafc71bf964a520ae6420e3/device_menu", "label": "Menu"}, "beenHere": {"lastCheckinExpiredAt": 0}, "location": {"country": "United States", "state": "NY", "formattedAddress": ["151 W 54th St (btwn 6th & 7th Ave)", "New York, NY 10019", "United States"], "cc": "US", "lat": 40.76324714110962, "postalCode": "10019", "address": "151 W 54th St", "lng": -73.98051499861116, "city": "New York", "crossStreet": "btwn 6th & 7th Ave"}, "like": false, "hasMenu": true, "name": "Maze Restaurant", "url": "http://www.gordonramsay.com/maze/", "allowMenuUrlEdit": true, "stats": {"checkinsCount": 3444, "tipCount": 44, "usersCount": 2763}, "verified": true, "id": "4aafc71bf964a520ae6420e3"}, "height": 403}, {"width": 537, "visibility": "public", "createdAt": 1293921733, "id": "4d1fadc50ebe28fd4b6cf632", "source": {"name": "Foursquare for iOS", "url": "https://foursquare.com/download/#/iphone"}, "prefix": "https://igx.4sqi.net/img/general/", "suffix": "/N35WC53JN5L34K53IQH4DE44JZXTKWC0IXXX11NQIHFJOWWQ.jpg", "venue": {"contact": {"phone": "+12123533888", "formattedPhone": "+1 212-353-3888"}, "categories": [{"name": "Udon Restaurant", "shortName": "Udon", "primary": true, "icon": {"prefix": "https://ss3.4sqi.net/img/categories_v2/food/ramen_", "suffix": ".png"}, "id": "55a59bace4b013909087cb2a", "pluralName": "Udon Restaurants"}], "stats": {"checkinsCount": 10013, "tipCount": 147, "usersCount": 4504}, "beenHere": {"lastCheckinExpiredAt": 0}, "location": {"country": "United States", "state": "NY", "formattedAddress": ["11 Saint Marks Pl (at 3rd Ave)", "New York, NY 10003", "United States"], "cc": "US", "lat": 40.72931975, "labeledLatLngs": [{"lng": -73.98924, "lat": 40.72931975, "label": "display"}], "postalCode": "10003", "address": "11 Saint Marks Pl", "lng": -73.98924, "city": "New York", "crossStreet": "at 3rd Ave"}, "like": false, "allowMenuUrlEdit": true, "name": "Udon West", "url": "http://www.udonwestnyc.com", "menu": {"type": "Menu", "url": "http://udonwest.com/menu", "anchor": "View Menu", "mobileUrl": "http://udonwest.com/menu", "externalUrl": "http://udonwest.com/menu", "label": "Menu"}, "verified": false, "id": "49da73e1f964a5208a5e1fe3"}, "height": 720}, {"width": 540, "visibility": "public", "createdAt": 1293909381, "id": "4d1f7d855a70a340fb212c39", "source": {"name": "Foursquare for iOS", "url": "https://foursquare.com/download/#/iphone"}, "prefix": "https://igx.4sqi.net/img/general/", "suffix": "/SZBL3FXHFRS1GZMZQBBCTBABGLQXGWBQP3CQU1NTZK4CJQJL.jpg", "venue": {"contact": {"twitter": "roastingplant", "phone": "+12127757755", "formattedPhone": "+1 212-775-7755"}, "categories": [{"name": "Coffee Shop", "shortName": "Coffee Shop", "primary": true, "icon": {"prefix": "https://ss3.4sqi.net/img/categories_v2/food/coffeeshop_", "suffix": ".png"}, "id": "4bf58dd8d48988d1e0931735", "pluralName": "Coffee Shops"}], "stats": {"checkinsCount": 11595, "tipCount": 123, "usersCount": 4892}, "beenHere": {"lastCheckinExpiredAt": 0}, "location": {"country": "United States", "state": "NY", "formattedAddress": ["75 Greenwich Ave (at 7th Ave S)", "New York, NY 10014", "United States"], "cc": "US", "lat": 40.7367484980586, "labeledLatLngs": [{"lng": -74.00138765573502, "lat": 40.7367484980586, "label": "display"}], "postalCode": "10014", "address": "75 Greenwich Ave", "lng": -74.00138765573502, "city": "New York", "crossStreet": "at 7th Ave S"}, "like": false, "hasMenu": true, "name": "Roasting Plant Coffee", "url": "http://roastingplant.com", "allowMenuUrlEdit": true, "menu": {"type": "Menu", "url": "https://foursquare.com/v/roasting-plant-coffee/49c4fbcdf964a520d9561fe3/menu", "anchor": "View Menu", "mobileUrl": "https://foursquare.com/v/49c4fbcdf964a520d9561fe3/device_menu", "label": "Menu"}, "verified": false, "id": "49c4fbcdf964a520d9561fe3"}, "height": 403}, {"width": 540, "visibility": "public", "createdAt": 1293868384, "id": "4d1edd600ebe28fdc244f632", "source": {"name": "Foursquare for iOS", "url": "https://foursquare.com/download/#/iphone"}, "prefix": "https://igx.4sqi.net/img/general/", "suffix": "/E4MPNPJH53V4K2XN5ANDZ5YOVQIUQICWLR1WV00PFAJDPE5W.jpg", "venue": {"contact": {"facebookName": "The Halal Guys", "phone": "+13475271505", "facebook": "157700344254837", "facebookUsername": "TheHalalGuys", "twitter": "halalguys", "formattedPhone": "+1 347-527-1505"}, "venuePage": {"id": "47491332"}, "categories": [{"name": "Food Truck", "shortName": "Food Truck", "primary": true, "icon": {"prefix": "https://ss3.4sqi.net/img/categories_v2/food/streetfood_", "suffix": ".png"}, "id": "4bf58dd8d48988d1cb941735", "pluralName": "Food Trucks"}], "stats": {"checkinsCount": 72646, "tipCount": 852, "usersCount": 33753}, "beenHere": {"lastCheckinExpiredAt": 0}, "location": {"country": "United States", "state": "NY", "formattedAddress": ["W 53rd St (at 6th Ave)", "New York, NY 10019", "United States"], "cc": "US", "lat": 40.76184891518545, "labeledLatLngs": [{"lng": -73.97957376418573, "lat": 40.76184891518545, "label": "display"}], "postalCode": "10019", "address": "W 53rd St", "lng": -73.97957376418573, "city": "New York", "crossStreet": "at 6th Ave"}, "like": false, "allowMenuUrlEdit": true, "name": "The Halal Guys", "url": "http://thehalalguys.com", "menu": {"type": "Menu", "url": "http://thehalalguys.com/menu/", "anchor": "View Menu", "mobileUrl": "http://thehalalguys.com/menu/", "externalUrl": "http://thehalalguys.com/menu/", "label": "Menu"}, "verified": true, "id": "4a19d1edf964a5205a7a1fe3"}, "height": 403}, {"width": 540, "visibility": "public", "createdAt": 1293557473, "id": "4d1a1ee1e9032da1907004d3", "source": {"name": "Foursquare for iOS", "url": "https://foursquare.com/download/#/iphone"}, "prefix": "https://igx.4sqi.net/img/general/", "suffix": "/GGO1Z5V5WVI2WHP0K5TWCK3FVGTHX0NH2MO4X2GRITTKQNQO.jpg", "venue": {"contact": {"phone": "+12125312221", "formattedPhone": "+1 212-531-2221"}, "categories": [{"name": "Italian Restaurant", "shortName": "Italian", "primary": true, "icon": {"prefix": "https://ss3.4sqi.net/img/categories_v2/food/italian_", "suffix": ".png"}, "id": "4bf58dd8d48988d110941735", "pluralName": "Italian Restaurants"}], "stats": {"checkinsCount": 2477, "tipCount": 59, "usersCount": 1526}, "beenHere": {"lastCheckinExpiredAt": 0}, "location": {"country": "United States", "state": "NY", "formattedAddress": ["1274 Amsterdam Ave (W 123rd St.)", "New York, NY 10027", "United States"], "cc": "US", "lat": 40.811205, "labeledLatLngs": [{"lng": -73.957782, "lat": 40.811205, "label": "display"}], "postalCode": "10027", "address": "1274 Amsterdam Ave", "lng": -73.957782, "city": "New York", "crossStreet": "W 123rd St."}, "like": false, "hasMenu": true, "name": "Max SoHa", "url": "http://www.maxsoha.com", "allowMenuUrlEdit": true, "menu": {"type": "Menu", "url": "https://foursquare.com/v/max-soha/3fd66200f964a52006e91ee3/menu", "anchor": "View Menu", "mobileUrl": "https://foursquare.com/v/3fd66200f964a52006e91ee3/device_menu", "label": "Menu"}, "verified": false, "id": "3fd66200f964a52006e91ee3"}, "height": 403}]}}, "notifications": [{"type": "notificationTray", "item": {"unreadCount": 0}}], "meta": {"requestId": "595b6d15351e3d64b234c06f", "code": 200}}