{"meta": {"code": 200, "requestId": "595b00d14c1f67709eec32db"}, "notifications": [{"item": {"unreadCount": 0}, "type": "notificationTray"}], "response": {"photos": {"items": [{"height": 810, "source": {"url": "https://foursquare.com/download/#/android", "name": "Foursquare for Android"}, "tip": {"agreeCount": 0, "canonicalUrl": "https://foursquare.com/item/5476e38d498ec1e1d5c62228", "todo": {"count": 0}, "logView": true, "disagreeCount": 0, "createdAt": 1417077645, "id": "5476e38d498ec1e1d5c62228", "text": "Try deer murtabak here!", "likes": {"groups": [], "count": 0}, "like": false, "type": "user"}, "width": 1440, "prefix": "https://igx.4sqi.net/img/general/", "createdAt": 1417210252, "id": "5478e98c498e51a961d07a46", "venue": {"like": false, "location": {"formattedAddress": ["697-699 North Bridge Rd (opp Sultan Mosque)", "198676", "Singapore"], "city": "Singapore", "lng": 103.85848045349121, "cc": "SG", "country": "Singapore", "crossStreet": "opp Sultan Mosque", "lat": 1.3021111060614448, "address": "697-699 North Bridge Rd", "labeledLatLngs": [{"label": "display", "lat": 1.3021111060614448, "lng": 103.85848045349121}], "postalCode": "198676"}, "categories": [{"icon": {"prefix": "https://ss3.4sqi.net/img/categories_v2/food/indian_", "suffix": ".png"}, "name": "Indian Restaurant", "id": "4bf58dd8d48988d10f941735", "pluralName": "Indian Restaurants", "primary": true, "shortName": "Indian"}], "verified": false, "contact": {"formattedPhone": "+65 6298 7011", "phone": "+6562987011"}, "allowMenuUrlEdit": true, "stats": {"tipCount": 220, "usersCount": 10845, "checkinsCount": 15447}, "id": "4b86050ef964a520b17d31e3", "name": "Singapore Zam Zam Restaurant", "beenHere": {"lastCheckinExpiredAt": 0}}, "suffix": "/1159079_VEC3TC49av1UIEFRJ8kZPvh-mmY_GFWKuGcnHCYjolg.jpg", "visibility": "public"}, {"height": 640, "source": {"url": "http://instagram.com", "name": "Instagram"}, "width": 640, "prefix": "https://igx.4sqi.net/img/general/", "createdAt": 1412170944, "id": "542c04c0498eb5b397ea1c26", "venue": {"url": "http://www.plazaindonesia.com", "like": false, "location": {"formattedAddress": ["Jalan Mohammad Husni Thamrin Kav. 28-30", "Jakarta Pusat", "Jakarta 10350", "Indonesia"], "city": "Jakarta Pusat", "lng": 106.82184475154808, "cc": "ID", "state": "Jakarta", "lat": -6.193055150633028, "address": "Jalan Mohammad Husni Thamrin Kav. 28-30", "postalCode": "10350", "country": "Indonesia"}, "categories": [{"icon": {"prefix": "https://ss3.4sqi.net/img/categories_v2/shops/mall_", "suffix": ".png"}, "name": "Shopping Mall", "id": "4bf58dd8d48988d1fd941735", "pluralName": "Shopping Malls", "primary": true, "shortName": "Mall"}], "verified": false, "contact": {"twitter": "plazaindonesia", "instagram": "plaza_indonesia", "facebookName": "Plaza Indonesia", "formattedPhone": "+62 21 29920000", "phone": "+622129920000", "facebookUsername": "PlazaIndonesia", "facebook": "153364534142"}, "beenHere": {"lastCheckinExpiredAt": 0}, "stats": {"tipCount": 466, "usersCount": 70508, "checkinsCount": 223562}, "id": "4b531103f964a520ef8d27e3", "name": "Plaza Indonesia"}, "suffix": "/1159079_dX1LCup6zMZUErwP0Iq7t7s6Xd9oCvQkVTU0Zmw8RB8.jpg", "visibility": "public"}, {"height": 640, "source": {"url": "https://foursquare.com/download/#/android", "name": "Foursquare for Android"}, "width": 640, "prefix": "https://igx.4sqi.net/img/general/", "createdAt": 1340531963, "id": "4fe6e4fbe4b04318c4477184", "venue": {"like": false, "location": {"city": "Bandung", "lng": 107.63211250305176, "cc": "ID", "state": "Jawa Barat", "crossStreet": "Jalan Sukabirus", "lat": -6.979037548715611, "address": "Dayeuhkolot", "labeledLatLngs": [{"label": "display", "lat": -6.979037548715611, "lng": 107.63211250305176}], "formattedAddress": ["Dayeuhkolot (Jalan Sukabirus)", "Bandung", "Jawa Barat", "Indonesia"], "country": "Indonesia"}, "categories": [{"icon": {"prefix": "https://ss3.4sqi.net/img/categories_v2/travel/hotel_", "suffix": ".png"}, "name": "Motel", "id": "4bf58dd8d48988d1fb931735", "pluralName": "Motels", "primary": true, "shortName": "Motel"}], "verified": false, "contact": {}, "allowMenuUrlEdit": true, "stats": {"tipCount": 0, "usersCount": 17, "checkinsCount": 121}, "id": "4c024d631b2eb71310819992", "name": "Bu Juah's Mansion", "beenHere": {"lastCheckinExpiredAt": 0}}, "suffix": "/HRNAJ_nmTAWFjKp8HwO2PjsmjnLkCgX-kq-ItdsPzyY.jpg", "visibility": "public"}, {"height": 640, "source": {"url": "https://foursquare.com/download/#/android", "name": "Foursquare for Android"}, "width": 640, "prefix": "https://igx.4sqi.net/img/general/", "createdAt": 1334740133, "id": "4f8e84a5e4b0d3d2c9883920", "venue": {"like": false, "location": {"cc": "ID", "country": "Indonesia", "lat": -6.977899832844021, "lng": 107.63297408484182, "labeledLatLngs": [{"label": "display", "lat": -6.977899832844021, "lng": 107.63297408484182}], "formattedAddress": ["Indonesia"]}, "categories": [{"icon": {"prefix": "https://ss3.4sqi.net/img/categories_v2/food/indonesian_", "suffix": ".png"}, "name": "Indonesian Restaurant", "id": "4deefc054765f83613cdba6f", "pluralName": "Indonesian Restaurants", "primary": true, "shortName": "Indonesian"}], "verified": false, "contact": {}, "allowMenuUrlEdit": true, "stats": {"tipCount": 0, "usersCount": 4, "checkinsCount": 4}, "id": "4f51b66be4b0061513ceaa50", "name": "Tahu gejrot MSU", "beenHere": {"lastCheckinExpiredAt": 0}}, "suffix": "/YkEC2BbUFnZY9sc0KhFP9Oc8jN0ptqcY4xH1JgciEK4.jpg", "visibility": "public"}, {"height": 640, "source": {"url": "https://foursquare.com/download/#/android", "name": "Foursquare for Android"}, "width": 640, "prefix": "https://igx.4sqi.net/img/general/", "createdAt": 1334740012, "id": "4f8e842ce4b007e61201f4d0", "venue": {"like": false, "location": {"cc": "ID", "country": "Indonesia", "lat": -6.977899832844021, "lng": 107.63297408484182, "labeledLatLngs": [{"label": "display", "lat": -6.977899832844021, "lng": 107.63297408484182}], "formattedAddress": ["Indonesia"]}, "categories": [{"icon": {"prefix": "https://ss3.4sqi.net/img/categories_v2/food/indonesian_", "suffix": ".png"}, "name": "Indonesian Restaurant", "id": "4deefc054765f83613cdba6f", "pluralName": "Indonesian Restaurants", "primary": true, "shortName": "Indonesian"}], "verified": false, "contact": {}, "allowMenuUrlEdit": true, "stats": {"tipCount": 0, "usersCount": 4, "checkinsCount": 4}, "id": "4f51b66be4b0061513ceaa50", "name": "Tahu gejrot MSU", "beenHere": {"lastCheckinExpiredAt": 0}}, "suffix": "/YkEC2BbUFnZY9sc0KhFP9Oc8jN0ptqcY4xH1JgciEK4.jpg", "visibility": "public"}, {"height": 540, "source": {"url": "https://foursquare.com/download/#/android", "name": "Foursquare for Android"}, "width": 720, "prefix": "https://igx.4sqi.net/img/general/", "createdAt": 1330936426, "id": "4f547a6ae4b0639bbb7e7fa9", "venue": {"url": "http://www.kereta-api.com", "like": false, "location": {"city": "Bandung", "lng": 107.5895265435836, "cc": "ID", "state": "Jawa Barat", "lat": -6.913899995490152, "address": "Jl. Arjuna", "labeledLatLngs": [{"label": "display", "lat": -6.913899995490152, "lng": 107.5895265435836}], "formattedAddress": ["Jl. Arjuna", "Bandung", "Jawa Barat", "Indonesia"], "country": "Indonesia"}, "categories": [{"icon": {"prefix": "https://ss3.4sqi.net/img/categories_v2/travel/trainstation_", "suffix": ".png"}, "name": "Train", "id": "4bf58dd8d48988d12a951735", "pluralName": "Trains", "primary": true, "shortName": "Train"}], "verified": false, "contact": {"twitter": "ptkai"}, "beenHere": {"lastCheckinExpiredAt": 0}, "stats": {"tipCount": 3, "usersCount": 170, "checkinsCount": 331}, "id": "4c078973624def3b6308253c", "name": "Stasiun Ciroyom", "venueRatingBlacklisted": true}, "suffix": "/YADRBTWwKZW1zByD4j0YjcPH0qTYqHbpmrGc5dWahfQ.jpg", "visibility": "public"}, {"height": 640, "source": {"url": "https://foursquare.com/download/#/android", "name": "Foursquare for Android"}, "width": 640, "prefix": "https://igx.4sqi.net/img/general/", "createdAt": 1330343176, "id": "4f4b6d08e4b0b8ab4987be01", "venue": {"like": false, "location": {"city": "Bandung", "lng": 107.61998013213989, "cc": "ID", "state": "Jawa Barat", "lat": -6.9247965968624525, "address": "Jl. Burangrang 21", "labeledLatLngs": [{"label": "display", "lat": -6.9247965968624525, "lng": 107.61998013213989}], "formattedAddress": ["Jl. Burangrang 21", "Bandung", "Jawa Barat", "Indonesia"], "country": "Indonesia"}, "categories": [{"icon": {"prefix": "https://ss3.4sqi.net/img/categories_v2/food/indonesian_", "suffix": ".png"}, "name": "Indonesian Restaurant", "id": "4deefc054765f83613cdba6f", "pluralName": "Indonesian Restaurants", "primary": true, "shortName": "Indonesian"}], "verified": false, "contact": {}, "allowMenuUrlEdit": true, "stats": {"tipCount": 2, "usersCount": 168, "checkinsCount": 223}, "id": "4dfb714262e19b42f1e42ff5", "name": "Waroeng Java", "beenHere": {"lastCheckinExpiredAt": 0}}, "suffix": "/Qh6rxO_5rLKqpfgFNfg-D7NFQxLEGL1sxjTMPGBiBvU.jpg", "visibility": "public"}, {"height": 640, "source": {"url": "https://foursquare.com/download/#/android", "name": "Foursquare for Android"}, "width": 640, "prefix": "https://igx.4sqi.net/img/general/", "createdAt": 1330162368, "id": "4f48aac0e4b0db1b35409efc", "venue": {"like": false, "location": {"city": "Bandung", "lng": 107.62401704, "cc": "ID", "state": "Jawa Barat", "lat": -6.928368, "address": "Jl. Patuha No. 38", "labeledLatLngs": [{"label": "display", "lat": -6.928368, "lng": 107.62401704}], "formattedAddress": ["Jl. Patuha No. 38", "Bandung", "Jawa Barat", "Indonesia"], "country": "Indonesia"}, "categories": [{"icon": {"prefix": "https://ss3.4sqi.net/img/categories_v2/food/cafe_", "suffix": ".png"}, "name": "Caf\u00e9", "id": "4bf58dd8d48988d16d941735", "pluralName": "Caf\u00e9s", "primary": true, "shortName": "Caf\u00e9"}], "verified": false, "contact": {}, "allowMenuUrlEdit": true, "stats": {"tipCount": 1, "usersCount": 61, "checkinsCount": 80}, "id": "4dd20aa545dd9197faed1fc3", "name": "Vin's Berry (Garden & Caf\u00e9 Resto)", "beenHere": {"lastCheckinExpiredAt": 0}}, "suffix": "/wVFM48VWURvz_0grIfQ0e7AIbkuywiGcoMvM9J75fAg.jpg", "visibility": "public"}, {"height": 640, "source": {"url": "https://foursquare.com/download/#/android", "name": "Foursquare for Android"}, "width": 640, "prefix": "https://igx.4sqi.net/img/general/", "createdAt": 1330100398, "id": "4f47b8aee4b0d637402f74a0", "venue": {"like": false, "location": {"city": "Bandung", "state": "Jawa Barat", "cc": "ID", "country": "Indonesia", "crossStreet": "Jalan Telekomunikasi No 24", "lat": -6.9731803736465165, "lng": 107.63528823852539, "labeledLatLngs": [{"label": "display", "lat": -6.9731803736465165, "lng": 107.63528823852539}], "formattedAddress": ["Bandung", "Jawa Barat", "Indonesia"]}, "categories": [{"icon": {"prefix": "https://ss3.4sqi.net/img/categories_v2/food/cafe_", "suffix": ".png"}, "name": "Caf\u00e9", "id": "4bf58dd8d48988d16d941735", "pluralName": "Caf\u00e9s", "primary": true, "shortName": "Caf\u00e9"}], "verified": false, "contact": {"twitter": "vntra"}, "allowMenuUrlEdit": true, "stats": {"tipCount": 6, "usersCount": 83, "checkinsCount": 542}, "id": "4f2b84b2e4b0de3552a8466e", "name": "Ventura Startup Cafe @vntra", "beenHere": {"lastCheckinExpiredAt": 0}}, "suffix": "/PWahJju2-Gyhpnxzr9is9bJAdyPotzA_TqG-exatghA.jpg", "visibility": "public"}, {"height": 720, "source": {"url": "https://foursquare.com/download/#/android", "name": "Foursquare for Android"}, "width": 540, "prefix": "https://igx.4sqi.net/img/general/", "createdAt": 1329497031, "id": "4f3e83c7e4b0a4b082efec8d", "venue": {"like": false, "location": {"city": "Bandung", "state": "Jawa Barat", "cc": "ID", "country": "Indonesia", "crossStreet": "Jalan Telekomunikasi No 24", "lat": -6.9731803736465165, "lng": 107.63528823852539, "labeledLatLngs": [{"label": "display", "lat": -6.9731803736465165, "lng": 107.63528823852539}], "formattedAddress": ["Bandung", "Jawa Barat", "Indonesia"]}, "categories": [{"icon": {"prefix": "https://ss3.4sqi.net/img/categories_v2/food/cafe_", "suffix": ".png"}, "name": "Caf\u00e9", "id": "4bf58dd8d48988d16d941735", "pluralName": "Caf\u00e9s", "primary": true, "shortName": "Caf\u00e9"}], "verified": false, "contact": {"twitter": "vntra"}, "allowMenuUrlEdit": true, "stats": {"tipCount": 6, "usersCount": 83, "checkinsCount": 542}, "id": "4f2b84b2e4b0de3552a8466e", "name": "Ventura Startup Cafe @vntra", "beenHere": {"lastCheckinExpiredAt": 0}}, "suffix": "/XGurRD8d100-_nZY4AZctgUXj3YKUr6qODP6Fn7LBSw.jpg", "visibility": "public"}, {"height": 720, "source": {"url": "https://foursquare.com/download/#/android", "name": "Foursquare for Android"}, "width": 540, "prefix": "https://igx.4sqi.net/img/general/", "createdAt": 1329490933, "id": "4f3e6bf5e4b0f01050b42bfa", "venue": {"like": false, "location": {"city": "Bandung", "lng": 107.63802617112576, "cc": "ID", "state": "Jawa Barat", "lat": -6.95221785585036, "address": "Jalan Terusan Buah Batu No. 51", "labeledLatLngs": [{"label": "display", "lat": -6.95221785585036, "lng": 107.63802617112576}], "formattedAddress": ["Jalan Terusan Buah Batu No. 51", "Bandung", "Jawa Barat", "Indonesia"], "country": "Indonesia"}, "categories": [{"icon": {"prefix": "https://ss3.4sqi.net/img/categories_v2/food/asian_", "suffix": ".png"}, "name": "Asian Restaurant", "id": "4bf58dd8d48988d142941735", "pluralName": "Asian Restaurants", "primary": true, "shortName": "Asian"}], "verified": false, "contact": {}, "allowMenuUrlEdit": true, "stats": {"tipCount": 19, "usersCount": 1029, "checkinsCount": 2663}, "id": "4befe79051f2c9b63bfcf092", "name": "Cie Rasa Loom 2", "beenHere": {"lastCheckinExpiredAt": 0}}, "suffix": "/rpPZMyFeJJ-sQpGFhEh0Jq7I8FhDT5hOx4ku1ZaSEO4.jpg", "visibility": "public"}, {"height": 640, "source": {"url": "https://foursquare.com/download/#/android", "name": "Foursquare for Android"}, "width": 640, "prefix": "https://igx.4sqi.net/img/general/", "createdAt": 1328999822, "id": "4f36ed8ee4b0a67febbeb46d", "venue": {"venueRatingBlacklisted": true, "like": false, "location": {"city": "Banjarmasin", "lng": 114.56677742450574, "cc": "ID", "state": "Kalimantan Selatan", "lat": -3.2812642252304727, "address": "Sungai Barito", "labeledLatLngs": [{"label": "display", "lat": -3.2812642252304727, "lng": 114.56677742450574}], "formattedAddress": ["Sungai Barito", "Banjarmasin", "Kalimantan Selatan", "Indonesia"], "country": "Indonesia"}, "categories": [{"icon": {"prefix": "https://ss3.4sqi.net/img/categories_v2/parks_outdoors/harbor_", "suffix": ".png"}, "name": "Harbor / Marina", "id": "4bf58dd8d48988d1e0941735", "pluralName": "Harbors / Marinas", "primary": true, "shortName": "Harbor / Marina"}], "verified": false, "contact": {}, "allowMenuUrlEdit": true, "stats": {"tipCount": 16, "usersCount": 506, "checkinsCount": 564}, "id": "4cc60c58bde8f04d5db9b44b", "name": "Pasar Apung Banjarmasin", "beenHere": {"lastCheckinExpiredAt": 0}}, "suffix": "/wMEdOLu1ISzkT8zvVYkVcjfo_vAdQ1IOiT0CUcfAO8U.jpg", "visibility": "public"}, {"height": 540, "source": {"url": "https://foursquare.com/download/#/android", "name": "Foursquare for Android"}, "width": 720, "prefix": "https://igx.4sqi.net/img/general/", "createdAt": 1328997069, "id": "4f36e2cde4b0156e86ee90be", "venue": {"venueRatingBlacklisted": true, "like": false, "location": {"state": "South Borneo", "cc": "ID", "country": "Indonesia", "lat": -3.3145350552745927, "lng": 114.5926561467523, "labeledLatLngs": [{"label": "display", "lat": -3.3145350552745927, "lng": 114.5926561467523}], "formattedAddress": ["South Borneo", "Indonesia"]}, "categories": [{"icon": {"prefix": "https://ss3.4sqi.net/img/categories_v2/parks_outdoors/field_", "suffix": ".png"}, "name": "Field", "id": "4bf58dd8d48988d15f941735", "pluralName": "Fields", "primary": true, "shortName": "Field"}], "verified": false, "contact": {}, "beenHere": {"lastCheckinExpiredAt": 0}, "stats": {"tipCount": 0, "usersCount": 35, "checkinsCount": 41}, "id": "4db252735da3944066b5c945", "name": "Pantai Jodoh"}, "suffix": "/3HX3Hw_q0-2oFQ8z5Ph_lZUBWBVSTPqttphNnVgJ-gs.jpg", "visibility": "public"}, {"height": 640, "source": {"url": "https://foursquare.com/download/#/android", "name": "Foursquare for Android"}, "width": 640, "prefix": "https://igx.4sqi.net/img/general/", "createdAt": 1328774911, "id": "4f337effe4b06e8ecbf1f7fd", "venue": {"url": "http://masjidraya.sabilalmuhtadin.net", "like": false, "location": {"city": "Banjarmasin", "lng": 114.59099745573839, "cc": "ID", "state": "Kalimantan Selatan", "lat": -3.319286469212046, "address": "Jl. Jenderal Sudirman No. 1", "labeledLatLngs": [{"label": "display", "lat": -3.319286469212046, "lng": 114.59099745573839}], "formattedAddress": ["Jl. Jenderal Sudirman No. 1", "Banjarmasin", "Kalimantan Selatan", "Indonesia"], "country": "Indonesia"}, "categories": [{"icon": {"prefix": "https://ss3.4sqi.net/img/categories_v2/building/religious_mosque_", "suffix": ".png"}, "name": "Mosque", "id": "4bf58dd8d48988d138941735", "pluralName": "Mosques", "primary": true, "shortName": "Mosque"}], "verified": false, "contact": {"formattedPhone": "+62 511 3353380", "phone": "+625113353380"}, "beenHere": {"lastCheckinExpiredAt": 0}, "stats": {"tipCount": 62, "usersCount": 3199, "checkinsCount": 7931}, "id": "4c7728cfa5676dcb0d101821", "name": "Masjid Raya Sabilal Muhtadin", "venueRatingBlacklisted": true}, "suffix": "/WzpBWbf7reMJDyW4Zfy7UD7ZMFYZO-5pwOyz-960Sgg.jpg", "visibility": "public"}, {"height": 640, "source": {"url": "https://foursquare.com/download/#/android", "name": "Foursquare for Android"}, "width": 640, "prefix": "https://igx.4sqi.net/img/general/", "createdAt": 1328672324, "id": "4f31ee44e4b0acb1ec633c3b", "venue": {"venueRatingBlacklisted": true, "like": false, "location": {"city": "Kotamadya Banjarmasin", "state": "Kalimantan Selatan", "isFuzzed": true, "cc": "ID", "country": "Indonesia", "lat": -3.3534169557020506, "lng": 114.61335147657789, "formattedAddress": ["Kalimantan Selatan", "Indonesia"]}, "categories": [{"icon": {"prefix": "https://ss3.4sqi.net/img/categories_v2/building/home_", "suffix": ".png"}, "name": "Home (private)", "id": "4bf58dd8d48988d103941735", "pluralName": "Homes (private)", "primary": true, "shortName": "Home"}], "verified": false, "contact": {}, "beenHere": {"lastCheckinExpiredAt": 0}, "stats": {"tipCount": 3, "usersCount": 50, "checkinsCount": 104}, "id": "4cd63e047da9a35d88c0eeb9", "name": "Banjar Indah Permai"}, "suffix": "/PQXc_62mLyQ7tAvBjJAcjTaEVde4Be3eVCy1Yqrz3Nw.jpg", "visibility": "public"}, {"height": 640, "source": {"url": "https://foursquare.com/download/#/android", "name": "Foursquare for Android"}, "width": 640, "prefix": "https://igx.4sqi.net/img/general/", "createdAt": 1328078252, "id": "4f28ddace4b092dd9cf491ba", "venue": {"venueRatingBlacklisted": true, "like": false, "location": {"lng": 107.63668298228983, "cc": "ID", "country": "Indonesia", "lat": -6.98099000809818, "address": "jl.telekomunikasi", "labeledLatLngs": [{"label": "display", "lat": -6.98099000809818, "lng": 107.63668298228983}], "formattedAddress": ["jl.telekomunikasi", "Indonesia"]}, "categories": [{"icon": {"prefix": "https://ss3.4sqi.net/img/categories_v2/education/collegeacademicbuildings_technology_", "suffix": ".png"}, "name": "College Technology Building", "id": "4bf58dd8d48988d19f941735", "pluralName": "College Technology Buildings", "primary": true, "shortName": "Technology"}], "verified": false, "contact": {}, "beenHere": {"lastCheckinExpiredAt": 0}, "stats": {"tipCount": 0, "usersCount": 28, "checkinsCount": 45}, "id": "4e2eab7f7d8bf59d290e54ac", "name": "gedung F fakultas informatika IT telkom"}, "suffix": "/IASCFONM2JAMCY1BUX3EFHQ4X2MOO3FZEFDB0AOFOEOARH05.jpg", "visibility": "public"}, {"height": 640, "source": {"url": "https://foursquare.com/download/#/android", "name": "Foursquare for Android"}, "width": 640, "prefix": "https://igx.4sqi.net/img/general/", "createdAt": 1327659993, "id": "4f227bd9e4b05160ace151fa", "venue": {"like": false, "location": {"cc": "ID", "country": "Indonesia", "lat": -6.9070644179630465, "lng": 107.62363317371656, "labeledLatLngs": [{"label": "display", "lat": -6.9070644179630465, "lng": 107.62363317371656}], "formattedAddress": ["Indonesia"]}, "categories": [{"icon": {"prefix": "https://ss3.4sqi.net/img/categories_v2/food/dessert_", "suffix": ".png"}, "name": "Dessert Shop", "id": "4bf58dd8d48988d1d0941735", "pluralName": "Dessert Shops", "primary": true, "shortName": "Desserts"}], "verified": false, "contact": {}, "allowMenuUrlEdit": true, "stats": {"tipCount": 0, "usersCount": 11, "checkinsCount": 13}, "id": "4f227a05e4b0476577a10e43", "name": "Es Durian Ciliwung", "beenHere": {"lastCheckinExpiredAt": 0}}, "suffix": "/YMDROB204JXEHUZKWMPHJGN3IKAQVOPKLWMTALSVSLESMGND.jpg", "visibility": "public"}], "count": 17}, "totalCount": 17}}