{"response": {"totalCount": 30, "photos": {"count": 30, "items": [{"tip": {"agreeCount": 1, "text": "Try the curry selection and rendang", "disagreeCount": 0, "lastUpvoteTimestamp": 1494207054, "logView": true, "like": false, "todo": {"count": 0}, "type": "user", "createdAt": 1494206766, "lastVoteText": "Upvoted May 8", "id": "590fc92ef8cbd452f5eae68f", "likes": {"groups": [], "count": 0}, "canonicalUrl": "https://foursquare.com/item/590fc92ef8cbd452f5eae68f"}, "width": 1920, "visibility": "public", "createdAt": 1494206806, "id": "590fc956d8096e608da173ea", "source": {"name": "Foursquare for iOS", "url": "https://foursquare.com/download/#/iphone"}, "prefix": "https://igx.4sqi.net/img/general/", "suffix": "/1165490_GJNJQ1cSoxtiTKjR7IyNYnaBQWbA6X0rgY1k_IiMgRc.jpg", "venue": {"contact": {}, "name": "Natrabu Minang Restaurant", "categories": [{"name": "Asian Restaurant", "shortName": "Asian", "primary": true, "icon": {"prefix": "https://ss3.4sqi.net/img/categories_v2/food/asian_", "suffix": ".png"}, "id": "4bf58dd8d48988d142941735", "pluralName": "Asian Restaurants"}], "beenHere": {"lastCheckinExpiredAt": 0}, "stats": {"checkinsCount": 922, "tipCount": 11, "usersCount": 675}, "verified": false, "id": "4c05e3c4c36cef3bf51b210e", "location": {"country": "Indonesia", "state": "Bali", "formattedAddress": ["Jalan Bypass Ngurah Rai No. 163 (Sanur)", "Denpasar", "Bali", "Indonesia"], "cc": "ID", "lat": -8.687579334983363, "labeledLatLngs": [{"lng": 115.25884948957841, "lat": -8.687579334983363, "label": "display"}], "address": "Jalan Bypass Ngurah Rai No. 163", "lng": 115.25884948957841, "city": "Denpasar", "crossStreet": "Sanur"}, "like": false, "allowMenuUrlEdit": true}, "height": 1440}, {"tip": {"agreeCount": 1, "text": "Great pizza and large selection of dessert.", "disagreeCount": 0, "lastUpvoteTimestamp": 1494207056, "logView": true, "like": false, "todo": {"count": 0}, "type": "user", "createdAt": 1494206704, "lastVoteText": "Upvoted May 8", "id": "590fc8f02e268054cd5ea53b", "likes": {"groups": [], "count": 0}, "canonicalUrl": "https://foursquare.com/item/590fc8f02e268054cd5ea53b"}, "width": 1440, "visibility": "public", "createdAt": 1494206708, "id": "590fc8f46dcf047c52418eed", "source": {"name": "Foursquare for iOS", "url": "https://foursquare.com/download/#/iphone"}, "prefix": "https://igx.4sqi.net/img/general/", "suffix": "/1165490_t2ZUnE9Td0pKizMTs0DsqQessY5TaGZayp9J_vlYghU.jpg", "venue": {"contact": {"phone": "+62361413882", "formattedPhone": "+62 361 413882"}, "name": "IL Pomodoro", "categories": [{"name": "Italian Restaurant", "shortName": "Italian", "primary": true, "icon": {"prefix": "https://ss3.4sqi.net/img/categories_v2/food/italian_", "suffix": ".png"}, "id": "4bf58dd8d48988d110941735", "pluralName": "Italian Restaurants"}], "beenHere": {"lastCheckinExpiredAt": 0}, "stats": {"checkinsCount": 5976, "tipCount": 85, "usersCount": 2807}, "verified": false, "id": "4c29c2889eb19521a6c92959", "location": {"country": "Indonesia", "formattedAddress": ["Jalan Gatot Subroto Barat No. 371", "Denpasar", "Bali 80111", "Indonesia"], "cc": "ID", "lat": -8.636617521438586, "labeledLatLngs": [{"lng": 115.19548058509827, "lat": -8.636617521438586, "label": "display"}], "postalCode": "80111", "address": "Jalan Gatot Subroto Barat No. 371", "lng": 115.19548058509827, "city": "Denpasar", "state": "Bali"}, "like": false, "allowMenuUrlEdit": true}, "height": 1920}, {"tip": {"agreeCount": 1, "text": "Great hotel all around!  We love it and will stay again! LOVE the FREE mini bar and Indonesian traditional herbal drinks!!", "disagreeCount": 0, "lastUpvoteTimestamp": 1494207066, "logView": true, "like": false, "todo": {"count": 0}, "type": "user", "createdAt": 1494206186, "lastVoteText": "Upvoted May 8", "id": "590fc6ea67e5f24ed6e823eb", "likes": {"groups": [], "count": 0}, "canonicalUrl": "https://foursquare.com/item/590fc6ea67e5f24ed6e823eb"}, "width": 1440, "visibility": "public", "createdAt": 1494206192, "id": "590fc6f018d43b465d299b81", "source": {"name": "Foursquare for iOS", "url": "https://foursquare.com/download/#/iphone"}, "prefix": "https://igx.4sqi.net/img/general/", "suffix": "/1165490_pVCNDwTm3jCHAlQWcGh9ItQuSBSnhOtUNq2HG9Q2Zdw.jpg", "venue": {"contact": {"phone": "+622746415555", "formattedPhone": "+62 274 6415555"}, "name": "Hotel Tentrem", "categories": [{"name": "Hotel", "shortName": "Hotel", "primary": true, "icon": {"prefix": "https://ss3.4sqi.net/img/categories_v2/travel/hotel_", "suffix": ".png"}, "id": "4bf58dd8d48988d1fa931735", "pluralName": "Hotels"}], "beenHere": {"lastCheckinExpiredAt": 0}, "stats": {"checkinsCount": 7748, "tipCount": 105, "usersCount": 4013}, "verified": false, "url": "http://www.hoteltentrem.com", "id": "5075816be4b086a41d49fb17", "location": {"country": "Indonesia", "state": "DI Yogyakarta", "formattedAddress": ["Jl. AM Sangaji No. 72A (Jalan Petinggen)", "Yogyakarta", "DI Yogyakarta 55233", "Indonesia"], "cc": "ID", "lat": -7.773809502108752, "labeledLatLngs": [{"lng": 110.3686614594762, "lat": -7.773809502108752, "label": "display"}], "postalCode": "55233", "address": "Jl. AM Sangaji No. 72A", "lng": 110.3686614594762, "city": "Yogyakarta", "crossStreet": "Jalan Petinggen"}, "like": false, "allowMenuUrlEdit": true}, "height": 1920}, {"tip": {"agreeCount": 1, "text": "Plenty spaces to see the outdoor views while waiting", "disagreeCount": 0, "lastUpvoteTimestamp": 1494207089, "logView": true, "like": false, "todo": {"count": 0}, "type": "user", "createdAt": 1494205785, "lastVoteText": "Upvoted May 8", "id": "590fc55967e5f24ed6e68e50", "likes": {"groups": [], "count": 0}, "canonicalUrl": "https://foursquare.com/item/590fc55967e5f24ed6e68e50"}, "width": 1920, "visibility": "public", "createdAt": 1494205790, "id": "590fc55e18d43b3d8c0cf9b0", "source": {"name": "Foursquare for iOS", "url": "https://foursquare.com/download/#/iphone"}, "prefix": "https://igx.4sqi.net/img/general/", "suffix": "/1165490_9fpQwE6L7sWGTh6A_4T4w7ipsRm2qIbz4iFnVM8kDfQ.jpg", "venue": {"contact": {"twitter": "baliairport", "phone": "+62361751011", "formattedPhone": "+62 361 751011"}, "name": "Ngurah Rai International Airport (DPS) (Bandar Udara Internasional Ngurah Rai)", "categories": [{"name": "Airport", "shortName": "Airport", "primary": true, "icon": {"prefix": "https://ss3.4sqi.net/img/categories_v2/travel/airport_", "suffix": ".png"}, "id": "4bf58dd8d48988d1ed931735", "pluralName": "Airports"}], "beenHere": {"lastCheckinExpiredAt": 0}, "stats": {"checkinsCount": 566013, "tipCount": 2594, "usersCount": 218688}, "verified": true, "url": "http://www.baliairport.com", "venuePage": {"id": "66065195"}, "id": "4b6cf0daf964a5202f5f2ce3", "location": {"country": "Indonesia", "state": "Bali", "formattedAddress": ["Jalan Airport Ngurah Rai (Tuban)", "Badung", "Bali 80361", "Indonesia"], "cc": "ID", "lat": -8.744299329720036, "postalCode": "80361", "address": "Jalan Airport Ngurah Rai", "lng": 115.16637332864916, "city": "Badung", "crossStreet": "Tuban"}, "like": false}, "height": 1440}, {"tip": {"agreeCount": 1, "text": "Great hotel all around with free minibar!", "disagreeCount": 0, "lastUpvoteTimestamp": 1494207060, "logView": true, "like": false, "todo": {"count": 0}, "type": "user", "createdAt": 1494206304, "lastVoteText": "Upvoted May 8", "id": "590fc76050a6f03106d2317d", "likes": {"groups": [], "count": 0}, "canonicalUrl": "https://foursquare.com/item/590fc76050a6f03106d2317d"}, "width": 1920, "visibility": "public", "createdAt": 1493032306, "id": "58fddd72356b4972b08a6bf1", "source": {"name": "Foursquare for iOS", "url": "https://foursquare.com/download/#/iphone"}, "prefix": "https://igx.4sqi.net/img/general/", "suffix": "/1165490_pTnJ9OE7lWcnur54H3-Vu4A3BiWnkpkE-v5zratAFFk.jpg", "venue": {"contact": {"phone": "+622746415555", "formattedPhone": "+62 274 6415555"}, "name": "Hotel Tentrem", "categories": [{"name": "Hotel", "shortName": "Hotel", "primary": true, "icon": {"prefix": "https://ss3.4sqi.net/img/categories_v2/travel/hotel_", "suffix": ".png"}, "id": "4bf58dd8d48988d1fa931735", "pluralName": "Hotels"}], "beenHere": {"lastCheckinExpiredAt": 0}, "stats": {"checkinsCount": 7748, "tipCount": 105, "usersCount": 4013}, "verified": false, "url": "http://www.hoteltentrem.com", "id": "5075816be4b086a41d49fb17", "location": {"country": "Indonesia", "state": "DI Yogyakarta", "formattedAddress": ["Jl. AM Sangaji No. 72A (Jalan Petinggen)", "Yogyakarta", "DI Yogyakarta 55233", "Indonesia"], "cc": "ID", "lat": -7.773809502108752, "labeledLatLngs": [{"lng": 110.3686614594762, "lat": -7.773809502108752, "label": "display"}], "postalCode": "55233", "address": "Jl. AM Sangaji No. 72A", "lng": 110.3686614594762, "city": "Yogyakarta", "crossStreet": "Jalan Petinggen"}, "like": false, "allowMenuUrlEdit": true}, "height": 1440}, {"tip": {"agreeCount": 1, "text": "Perfect Gudeg. Must try when you are in Yogyakarta", "disagreeCount": 0, "lastUpvoteTimestamp": 1494207100, "logView": true, "like": false, "todo": {"count": 0}, "type": "user", "createdAt": 1493023884, "lastVoteText": "Upvoted May 8", "id": "58fdbc8c95d986079e37ada0", "likes": {"groups": [], "count": 0}, "canonicalUrl": "https://foursquare.com/item/58fdbc8c95d986079e37ada0"}, "width": 1440, "visibility": "public", "createdAt": 1493023889, "id": "58fdbc91e96d0c3bd1e219c7", "source": {"name": "Foursquare for iOS", "url": "https://foursquare.com/download/#/iphone"}, "prefix": "https://igx.4sqi.net/img/general/", "suffix": "/1165490_By4tV7IUkRe-lRrXGuUKafOm49PH5ge2922foOGF-xk.jpg", "venue": {"contact": {"twitter": "gudegyudjum", "phone": "+62274587748", "formattedPhone": "+62 274 587748"}, "name": "Gudeg Yu Djum", "categories": [{"name": "Javanese Restaurant", "shortName": "Javanese", "primary": true, "icon": {"prefix": "https://ss3.4sqi.net/img/categories_v2/food/indonesian_", "suffix": ".png"}, "id": "52960eda3cf9994f4e043ac7", "pluralName": "Javanese Restaurants"}], "beenHere": {"lastCheckinExpiredAt": 0}, "stats": {"checkinsCount": 205, "tipCount": 5, "usersCount": 177}, "verified": false, "id": "5381306f498ebb8d531e888d", "location": {"country": "Indonesia", "formattedAddress": ["Jl. AM. Sangaji 93 RT 027 RW 07", "Yogyakarta", "DI Yogyakarta", "Indonesia"], "cc": "ID", "lat": -7.771018321349844, "labeledLatLngs": [{"lng": 110.36831236419452, "lat": -7.771018321349844, "label": "display"}], "address": "Jl. AM. Sangaji 93 RT 027 RW 07", "lng": 110.36831236419452, "city": "Yogyakarta", "state": "DI Yogyakarta"}, "like": false, "allowMenuUrlEdit": true}, "height": 1920}, {"tip": {"todo": {"count": 0}, "type": "user", "agreeCount": 0, "text": "Great sanctuary! Perfect for family day out. Don't forget to use sunblock during summer \ud83d\ude09", "createdAt": 1484607057, "logView": true, "id": "587d4e51a598b36ffc8c59c6", "disagreeCount": 0, "canonicalUrl": "https://foursquare.com/item/587d4e51a598b36ffc8c59c6", "likes": {"groups": [], "count": 0}, "like": false}, "width": 1440, "visibility": "public", "createdAt": 1484607063, "id": "587d4e571b36d41921bcba93", "source": {"name": "Foursquare for iOS", "url": "https://foursquare.com/download/#/iphone"}, "prefix": "https://igx.4sqi.net/img/general/", "suffix": "/1165490_umRw7YuVdP_-iaHu_S73b5i7Ng9UrzGFtl3AXNnbyLc.jpg", "venue": {"contact": {}, "name": "Healesville Sanctuary", "categories": [{"name": "Zoo", "shortName": "Zoo", "primary": true, "icon": {"prefix": "https://ss3.4sqi.net/img/categories_v2/arts_entertainment/zoo_", "suffix": ".png"}, "id": "4bf58dd8d48988d17b941735", "pluralName": "Zoos"}], "beenHere": {"lastCheckinExpiredAt": 0}, "stats": {"checkinsCount": 2843, "tipCount": 36, "usersCount": 2432}, "verified": false, "id": "4b75e23ef964a520f92b2ee3", "location": {"country": "Australia", "formattedAddress": ["Badger Creek Road", "Healesville VIC 3777", "Australia"], "cc": "AU", "lat": -37.68211403569382, "labeledLatLngs": [{"lng": 145.53135166941635, "lat": -37.68211403569382, "label": "display"}], "postalCode": "3777", "address": "Badger Creek Road", "lng": 145.53135166941635, "city": "Healesville", "state": "VIC"}, "like": false, "allowMenuUrlEdit": true}, "height": 1920}, {"tip": {"todo": {"count": 0}, "type": "user", "agreeCount": 0, "text": "Good noodles", "createdAt": 1484279912, "logView": true, "id": "587850683ef0f62d4198491c", "disagreeCount": 0, "canonicalUrl": "https://foursquare.com/item/587850683ef0f62d4198491c", "likes": {"groups": [], "count": 0}, "like": false}, "width": 1920, "visibility": "public", "createdAt": 1484279914, "id": "5878506ae309e10770f64a6c", "source": {"name": "Foursquare for iOS", "url": "https://foursquare.com/download/#/iphone"}, "prefix": "https://igx.4sqi.net/img/general/", "suffix": "/1165490_5tDvRW27ENorIc2MhXYxtoXPSG-3Pw4A_oInVTgaeis.jpg", "venue": {"contact": {}, "name": "Enjoy Mie", "categories": [{"name": "Indonesian Restaurant", "shortName": "Indonesian", "primary": true, "icon": {"prefix": "https://ss3.4sqi.net/img/categories_v2/food/indonesian_", "suffix": ".png"}, "id": "4deefc054765f83613cdba6f", "pluralName": "Indonesian Restaurants"}], "beenHere": {"lastCheckinExpiredAt": 0}, "stats": {"checkinsCount": 107, "tipCount": 2, "usersCount": 42}, "verified": false, "id": "549e0da8498ed409472123bb", "location": {"country": "Australia", "formattedAddress": ["Australia"], "cc": "AU", "lat": -33.909719596724976, "labeledLatLngs": [{"lng": 151.22331576664604, "lat": -33.909719596724976, "label": "display"}], "lng": 151.22331576664604}, "like": false, "allowMenuUrlEdit": true}, "height": 1440}, {"width": 640, "visibility": "public", "createdAt": 1427678710, "id": "5518a5f6498e660b3951f41a", "source": {"name": "Instagram", "url": "http://instagram.com"}, "prefix": "https://igx.4sqi.net/img/general/", "suffix": "/1165490_7gfMQ0osm5QAgGcmcK7zdFHWI3U0Wjrr_NI6_eB1Iog.jpg", "venue": {"contact": {"phone": "+622129958888", "formattedPhone": "+62 21 29958888"}, "beenHere": {"lastCheckinExpiredAt": 0}, "name": "Prudential Tower", "categories": [{"name": "Building", "shortName": "Building", "primary": true, "icon": {"prefix": "https://ss3.4sqi.net/img/categories_v2/building/default_", "suffix": ".png"}, "id": "4bf58dd8d48988d130941735", "pluralName": "Buildings"}], "venueRatingBlacklisted": true, "stats": {"checkinsCount": 15724, "tipCount": 74, "usersCount": 4401}, "verified": false, "id": "4b7cfd01f964a52034ab2fe3", "location": {"country": "Indonesia", "formattedAddress": ["Jl. Jenderal Sudirman Kav. 79", "Jakarta Selatan", "Jakarta 12910", "Indonesia"], "cc": "ID", "lat": -6.209204949536054, "labeledLatLngs": [{"lng": 106.8224823474884, "lat": -6.209204949536054, "label": "display"}], "postalCode": "12910", "address": "Jl. Jenderal Sudirman Kav. 79", "lng": 106.8224823474884, "city": "Jakarta Selatan", "state": "Jakarta"}, "like": false}, "height": 640}, {"tip": {"todo": {"count": 0}, "type": "user", "agreeCount": 0, "text": "Bad product! It short circuit easily.", "createdAt": 1347686855, "logView": true, "id": "505411c7e4b0d211d027b1b9", "disagreeCount": 0, "canonicalUrl": "https://foursquare.com/item/505411c7e4b0d211d027b1b9", "likes": {"groups": [], "count": 0}, "like": false}, "width": 537, "visibility": "public", "createdAt": 1347686865, "id": "505411d1e4b0719d678bf519", "source": {"name": "Foursquare for iOS", "url": "https://foursquare.com/download/#/iphone"}, "prefix": "https://igx.4sqi.net/img/general/", "suffix": "/1165490_1xcHznyZA7VQTXEFkkm7odDZALTCXXYEdaSgI4uPshU.jpg", "venue": {"contact": {"twitter": "century_h_care", "phone": "+622123580905", "formattedPhone": "+62 21 23580905"}, "name": "Century HEALTHCARE", "categories": [{"name": "Pharmacy", "shortName": "Pharmacy", "primary": true, "icon": {"prefix": "https://ss3.4sqi.net/img/categories_v2/shops/pharmacy_", "suffix": ".png"}, "id": "4bf58dd8d48988d10f951735", "pluralName": "Pharmacies"}], "beenHere": {"lastCheckinExpiredAt": 0}, "stats": {"checkinsCount": 451, "tipCount": 1, "usersCount": 356}, "verified": false, "url": "http://www.century-pharma.com", "id": "4ba9e44ef964a5207f3c3ae3", "location": {"country": "Indonesia", "state": "Jakarta", "formattedAddress": ["Grand Indonesia West Mall, Lt. LG Unit No. A-G-05 & A-G-06 (Jl. M.H. Thamrin No. 1)", "Jakarta Pusat", "Jakarta 10310", "Indonesia"], "cc": "ID", "lat": -6.1946388549881926, "labeledLatLngs": [{"lng": 106.81992044005852, "lat": -6.1946388549881926, "label": "display"}], "postalCode": "10310", "address": "Grand Indonesia West Mall, Lt. LG Unit No. A-G-05 & A-G-06", "lng": 106.81992044005852, "city": "Jakarta Pusat", "crossStreet": "Jl. M.H. Thamrin No. 1"}, "like": false, "allowMenuUrlEdit": true}, "height": 720}, {"width": 612, "visibility": "public", "createdAt": 1339929695, "id": "4fddb45fe4b09d5417e2e7b6", "source": {"name": "Instagram", "url": "http://instagram.com"}, "prefix": "https://igx.4sqi.net/img/general/", "suffix": "/PsehU_BYfeUoknmpRordICap2VgI-d3nJHKDyLc0YQw.jpg", "venue": {"contact": {"twitter": "ocha_and_bella", "phone": "+62213105777", "formattedPhone": "+62 21 3105777"}, "name": "Ocha & Bella", "categories": [{"name": "Italian Restaurant", "shortName": "Italian", "primary": true, "icon": {"prefix": "https://ss3.4sqi.net/img/categories_v2/food/italian_", "suffix": ".png"}, "id": "4bf58dd8d48988d110941735", "pluralName": "Italian Restaurants"}], "beenHere": {"lastCheckinExpiredAt": 0}, "stats": {"checkinsCount": 10122, "tipCount": 110, "usersCount": 7008}, "verified": false, "url": "http://www.ochaandbella.com", "id": "4d874d7261676dcb0447b1e4", "location": {"country": "Indonesia", "state": "Jakarta", "formattedAddress": ["Morrissey Hotel & Apartment (Jalan KH Wahid Hasyim No. 70)", "Jakarta Pusat", "Jakarta 10340", "Indonesia"], "cc": "ID", "lat": -6.186934087474971, "labeledLatLngs": [{"lng": 106.82926297187805, "lat": -6.186934087474971, "label": "display"}], "postalCode": "10340", "address": "Morrissey Hotel & Apartment", "lng": 106.82926297187805, "city": "Jakarta Pusat", "crossStreet": "Jalan KH Wahid Hasyim No. 70"}, "like": false, "allowMenuUrlEdit": true}, "height": 612}, {"width": 612, "visibility": "public", "createdAt": 1339929059, "id": "4fddb1e3e4b0d331695138d8", "source": {"name": "Instagram", "url": "http://instagram.com"}, "prefix": "https://igx.4sqi.net/img/general/", "suffix": "/JWGiWBWGSn2bZrsIZhMCEKBCPq-B3jUCsawFntPkrfE.jpg", "venue": {"contact": {"twitter": "ocha_and_bella", "phone": "+62213105777", "formattedPhone": "+62 21 3105777"}, "name": "Ocha & Bella", "categories": [{"name": "Italian Restaurant", "shortName": "Italian", "primary": true, "icon": {"prefix": "https://ss3.4sqi.net/img/categories_v2/food/italian_", "suffix": ".png"}, "id": "4bf58dd8d48988d110941735", "pluralName": "Italian Restaurants"}], "beenHere": {"lastCheckinExpiredAt": 0}, "stats": {"checkinsCount": 10122, "tipCount": 110, "usersCount": 7008}, "verified": false, "url": "http://www.ochaandbella.com", "id": "4d874d7261676dcb0447b1e4", "location": {"country": "Indonesia", "state": "Jakarta", "formattedAddress": ["Morrissey Hotel & Apartment (Jalan KH Wahid Hasyim No. 70)", "Jakarta Pusat", "Jakarta 10340", "Indonesia"], "cc": "ID", "lat": -6.186934087474971, "labeledLatLngs": [{"lng": 106.82926297187805, "lat": -6.186934087474971, "label": "display"}], "postalCode": "10340", "address": "Morrissey Hotel & Apartment", "lng": 106.82926297187805, "city": "Jakarta Pusat", "crossStreet": "Jalan KH Wahid Hasyim No. 70"}, "like": false, "allowMenuUrlEdit": true}, "height": 612}, {"width": 612, "visibility": "public", "createdAt": 1339564138, "id": "4fd8206ae4b0859a9e5fa1d6", "source": {"name": "Instagram", "url": "http://instagram.com"}, "prefix": "https://igx.4sqi.net/img/general/", "suffix": "/z6xomvndYDOnKs3wM6XnMDmKuSBthhJq1uuTE4PoYUU.jpg", "venue": {"contact": {}, "beenHere": {"lastCheckinExpiredAt": 0}, "name": "Gerbera Room - Hotel Mulia", "categories": [{"name": "Meeting Room", "shortName": "Meeting Room", "primary": true, "icon": {"prefix": "https://ss3.4sqi.net/img/categories_v2/building/conventioncenter_meetingroom_", "suffix": ".png"}, "id": "4bf58dd8d48988d100941735", "pluralName": "Meeting Rooms"}], "venueRatingBlacklisted": true, "stats": {"checkinsCount": 422, "tipCount": 1, "usersCount": 349}, "verified": false, "id": "4be15f96c1732d7fcbc85b9a", "location": {"country": "Indonesia", "formattedAddress": ["Jl. Asia Afrika", "Jakarta", "Jakarta", "Indonesia"], "cc": "ID", "lat": -6.214898038756592, "labeledLatLngs": [{"lng": 106.7973657386965, "lat": -6.214898038756592, "label": "display"}], "address": "Jl. Asia Afrika", "lng": 106.7973657386965, "city": "Jakarta", "state": "Jakarta"}, "like": false, "allowMenuUrlEdit": true}, "height": 612}, {"width": 612, "visibility": "public", "createdAt": 1337408276, "id": "4fb73b14e4b079584562b39b", "source": {"name": "Instagram", "url": "http://instagram.com"}, "prefix": "https://igx.4sqi.net/img/general/", "suffix": "/RD3Fj5IBFQJATHKuXWBY5EnfON9a2pT_IvsDLKmwPiQ.jpg", "venue": {"contact": {"phone": "+623618476726", "formattedPhone": "+62 361 8476726"}, "name": "Flapjaks", "categories": [{"name": "Dessert Shop", "shortName": "Desserts", "primary": true, "icon": {"prefix": "https://ss3.4sqi.net/img/categories_v2/food/dessert_", "suffix": ".png"}, "id": "4bf58dd8d48988d1d0941735", "pluralName": "Dessert Shops"}], "beenHere": {"lastCheckinExpiredAt": 0}, "stats": {"checkinsCount": 1631, "tipCount": 21, "usersCount": 1187}, "verified": false, "url": "http://bit.ly/flapjaks", "id": "4cfc1d69d7206ea8d4764269", "location": {"country": "Indonesia", "state": "Bali", "formattedAddress": ["Ivory Seminyak (Jalan Petitenget 88x)", "Kerobokan", "Bali", "Indonesia"], "cc": "ID", "lat": -8.673666570761707, "labeledLatLngs": [{"lng": 115.15821933746338, "lat": -8.673666570761707, "label": "display"}], "address": "Ivory Seminyak", "lng": 115.15821933746338, "city": "Kerobokan", "crossStreet": "Jalan Petitenget 88x"}, "like": false, "allowMenuUrlEdit": true}, "height": 612}, {"width": 612, "visibility": "public", "createdAt": 1337351116, "id": "4fb65bcce4b0a090d00e81f3", "source": {"name": "Instagram", "url": "http://instagram.com"}, "prefix": "https://igx.4sqi.net/img/general/", "suffix": "/uvDyDUgyDAGt4OplMwXoYpM-1uxhkihH92gh_iB7GMs.jpg", "venue": {"contact": {"phone": "+623618476726", "formattedPhone": "+62 361 8476726"}, "name": "Flapjaks", "categories": [{"name": "Dessert Shop", "shortName": "Desserts", "primary": true, "icon": {"prefix": "https://ss3.4sqi.net/img/categories_v2/food/dessert_", "suffix": ".png"}, "id": "4bf58dd8d48988d1d0941735", "pluralName": "Dessert Shops"}], "beenHere": {"lastCheckinExpiredAt": 0}, "stats": {"checkinsCount": 1631, "tipCount": 21, "usersCount": 1187}, "verified": false, "url": "http://bit.ly/flapjaks", "id": "4cfc1d69d7206ea8d4764269", "location": {"country": "Indonesia", "state": "Bali", "formattedAddress": ["Ivory Seminyak (Jalan Petitenget 88x)", "Kerobokan", "Bali", "Indonesia"], "cc": "ID", "lat": -8.673666570761707, "labeledLatLngs": [{"lng": 115.15821933746338, "lat": -8.673666570761707, "label": "display"}], "address": "Ivory Seminyak", "lng": 115.15821933746338, "city": "Kerobokan", "crossStreet": "Jalan Petitenget 88x"}, "like": false, "allowMenuUrlEdit": true}, "height": 612}, {"width": 612, "visibility": "public", "createdAt": 1337005939, "id": "4fb11773e4b084c29a1af42b", "source": {"name": "Instagram", "url": "http://instagram.com"}, "prefix": "https://igx.4sqi.net/img/general/", "suffix": "/ZPNF0Gk6nFDWPfxFM823OZEr04uFWsVkYxTorK50I2g.jpg", "venue": {"contact": {}, "name": "BIG BANG KARAOKE", "categories": [{"name": "Music Venue", "shortName": "Music Venue", "primary": true, "icon": {"prefix": "https://ss3.4sqi.net/img/categories_v2/arts_entertainment/musicvenue_", "suffix": ".png"}, "id": "4bf58dd8d48988d1e5931735", "pluralName": "Music Venues"}], "beenHere": {"lastCheckinExpiredAt": 0}, "stats": {"checkinsCount": 66, "tipCount": 3, "usersCount": 56}, "verified": false, "id": "4cf1488de3b9a0936fad3d53", "location": {"country": "Indonesia", "formattedAddress": ["Kartika Chanda", "Jakarta", "Jakarta", "Indonesia"], "cc": "ID", "lat": -6.227248086644426, "labeledLatLngs": [{"lng": 106.81814017847337, "lat": -6.227248086644426, "label": "display"}], "address": "Kartika Chanda", "lng": 106.81814017847337, "city": "Jakarta", "state": "Jakarta"}, "like": false, "allowMenuUrlEdit": true}, "height": 612}, {"width": 612, "visibility": "public", "createdAt": 1336843002, "id": "4fae9afae4b0fa27b87466db", "source": {"name": "Instagram", "url": "http://instagram.com"}, "prefix": "https://igx.4sqi.net/img/general/", "suffix": "/jWMCdIPtlf2BBzCz5q2oKEKkOoPjeU8neZsOPiB78hE.jpg", "venue": {"contact": {}, "name": "BIG BANG KARAOKE", "categories": [{"name": "Music Venue", "shortName": "Music Venue", "primary": true, "icon": {"prefix": "https://ss3.4sqi.net/img/categories_v2/arts_entertainment/musicvenue_", "suffix": ".png"}, "id": "4bf58dd8d48988d1e5931735", "pluralName": "Music Venues"}], "beenHere": {"lastCheckinExpiredAt": 0}, "stats": {"checkinsCount": 66, "tipCount": 3, "usersCount": 56}, "verified": false, "id": "4cf1488de3b9a0936fad3d53", "location": {"country": "Indonesia", "formattedAddress": ["Kartika Chanda", "Jakarta", "Jakarta", "Indonesia"], "cc": "ID", "lat": -6.227248086644426, "labeledLatLngs": [{"lng": 106.81814017847337, "lat": -6.227248086644426, "label": "display"}], "address": "Kartika Chanda", "lng": 106.81814017847337, "city": "Jakarta", "state": "Jakarta"}, "like": false, "allowMenuUrlEdit": true}, "height": 612}, {"width": 612, "visibility": "public", "createdAt": 1336368061, "id": "4fa75bbde4b00c5845b5b812", "source": {"name": "Instagram", "url": "http://instagram.com"}, "prefix": "https://igx.4sqi.net/img/general/", "suffix": "/kK0-HN2N61HEE31Oxlp_EkqR0UkVfhmUfGwk72IsvvM.jpg", "venue": {"contact": {}, "beenHere": {"lastCheckinExpiredAt": 0}, "name": "Sang timur", "categories": [{"name": "Home (private)", "shortName": "Home", "primary": true, "icon": {"prefix": "https://ss3.4sqi.net/img/categories_v2/building/home_", "suffix": ".png"}, "id": "4bf58dd8d48988d103941735", "pluralName": "Homes (private)"}], "venueRatingBlacklisted": true, "stats": {"checkinsCount": 18, "tipCount": 0, "usersCount": 16}, "verified": false, "id": "4d417c0d46775481a25261f4", "location": {"country": "Indonesia", "formattedAddress": ["Jakarta", "Jakarta", "Indonesia"], "cc": "ID", "lat": -6.192529373950804, "isFuzzed": true, "state": "Jakarta", "lng": 106.8001395857649, "city": "Jakarta"}, "like": false}, "height": 612}, {"width": 612, "visibility": "public", "createdAt": 1336313534, "id": "4fa686bee4b0ac15d083924c", "source": {"name": "Instagram", "url": "http://instagram.com"}, "prefix": "https://igx.4sqi.net/img/general/", "suffix": "/kZIHRPT0W4bW1m-hdnusDoEfx3q0VP82CM_PQmPWkFc.jpg", "venue": {"contact": {"twitter": "st_shs", "phone": "+62215302256", "formattedPhone": "+62 21 5302256"}, "beenHere": {"lastCheckinExpiredAt": 0}, "name": "SMAK Sang Timur", "categories": [{"name": "High School", "shortName": "High School", "primary": true, "icon": {"prefix": "https://ss3.4sqi.net/img/categories_v2/building/school_", "suffix": ".png"}, "id": "4bf58dd8d48988d13d941735", "pluralName": "High Schools"}], "venueRatingBlacklisted": true, "stats": {"checkinsCount": 22852, "tipCount": 13, "usersCount": 1263}, "verified": false, "url": "http://www.smaksangtimur-jkt.sch.id", "id": "4c7b179da868370467d5154d", "location": {"country": "Indonesia", "state": "Jakarta", "formattedAddress": ["Jl. Karmel Raya No. 2 (Tomang)", "Jakarta Barat", "Jakarta 11530", "Indonesia"], "cc": "ID", "lat": -6.189621999999774, "labeledLatLngs": [{"lng": 106.78062915802002, "lat": -6.189621999999774, "label": "display"}], "postalCode": "11530", "address": "Jl. Karmel Raya No. 2", "lng": 106.78062915802002, "city": "Jakarta", "crossStreet": "Tomang"}, "like": false}, "height": 612}, {"width": 612, "visibility": "public", "createdAt": 1336313190, "id": "4fa68566e4b0ed0282ca381d", "source": {"name": "Instagram", "url": "http://instagram.com"}, "prefix": "https://igx.4sqi.net/img/general/", "suffix": "/A888v9D_WO8OePFXXNYIAiY83DBSqxmquS2s5fHy8fk.jpg", "venue": {"contact": {"twitter": "miniapolis_indo", "phone": "+622129920000", "formattedPhone": "+62 21 29920000"}, "name": "Miniapolis", "categories": [{"name": "Playground", "shortName": "Playground", "primary": true, "icon": {"prefix": "https://ss3.4sqi.net/img/categories_v2/parks_outdoors/playground_", "suffix": ".png"}, "id": "4bf58dd8d48988d1e7941735", "pluralName": "Playgrounds"}], "beenHere": {"lastCheckinExpiredAt": 0}, "stats": {"checkinsCount": 3224, "tipCount": 18, "usersCount": 1883}, "verified": false, "url": "http://myminiapolis.com", "id": "4baaf300f964a520288f3ae3", "location": {"country": "Indonesia", "state": "Jakarta", "formattedAddress": ["Plaza Indonesia Extension 3rd Floor (Jalan Mohammad Husni Thamrin Kav. 28-30)", "Jakarta Pusat", "Jakarta 10310", "Indonesia"], "cc": "ID", "lat": -6.19320586209227, "labeledLatLngs": [{"lng": 106.82195663452148, "lat": -6.19320586209227, "label": "display"}], "postalCode": "10310", "address": "Plaza Indonesia Extension 3rd Floor", "lng": 106.82195663452148, "city": "Jakarta Pusat", "crossStreet": "Jalan Mohammad Husni Thamrin Kav. 28-30"}, "like": false, "allowMenuUrlEdit": true}, "height": 612}, {"width": 720, "visibility": "public", "createdAt": 1326893179, "id": "4f16c87be4b0297e5b84caa6", "source": {"name": "Foursquare for iOS", "url": "https://foursquare.com/download/#/iphone"}, "prefix": "https://igx.4sqi.net/img/general/", "suffix": "/PPCQRFF3BNLZ4TYTOFV5APMD2VATFLQAIC0XAVQJ1CHSQV3N.jpg", "venue": {"contact": {}, "name": "Graha Bhakti Budaya", "categories": [{"name": "Theater", "shortName": "Theater", "primary": true, "icon": {"prefix": "https://ss3.4sqi.net/img/categories_v2/arts_entertainment/performingarts_theater_", "suffix": ".png"}, "id": "4bf58dd8d48988d137941735", "pluralName": "Theaters"}], "beenHere": {"lastCheckinExpiredAt": 0}, "stats": {"checkinsCount": 4829, "tipCount": 15, "usersCount": 3274}, "verified": false, "id": "4ba4c596f964a5206cb338e3", "location": {"country": "Indonesia", "state": "Jakarta", "formattedAddress": ["Taman Ismail Marzuki (Jalan Cikini Raya No. 73)", "Jakarta Pusat", "Jakarta 10770", "Indonesia"], "cc": "ID", "lat": -6.189299937878227, "labeledLatLngs": [{"lng": 106.83952152900129, "lat": -6.189299937878227, "label": "display"}], "postalCode": "10770", "address": "Taman Ismail Marzuki", "lng": 106.83952152900129, "city": "Jakarta Pusat", "crossStreet": "Jalan Cikini Raya No. 73"}, "like": false, "allowMenuUrlEdit": true}, "height": 537}, {"width": 720, "visibility": "public", "createdAt": 1325927119, "id": "4f080acfe4b0540ca1b1e29f", "source": {"name": "Foursquare for iOS", "url": "https://foursquare.com/download/#/iphone"}, "prefix": "https://igx.4sqi.net/img/general/", "suffix": "/Z2QUBRALY0TIXYTUQFSHGCACRI5EUL5JKPJDQZ000BHETZNM.jpg", "venue": {"contact": {"phone": "92610711", "formattedPhone": "92610711"}, "name": "Sakura Japanese Kitchen", "categories": [{"name": "Japanese Restaurant", "shortName": "Japanese", "primary": true, "icon": {"prefix": "https://ss3.4sqi.net/img/categories_v2/food/japanese_", "suffix": ".png"}, "id": "4bf58dd8d48988d111941735", "pluralName": "Japanese Restaurants"}], "beenHere": {"lastCheckinExpiredAt": 0}, "stats": {"checkinsCount": 655, "tipCount": 7, "usersCount": 402}, "verified": false, "id": "4b1b1700f964a520e8f723e3", "location": {"country": "Australia", "formattedAddress": ["324 Pitt Street", "Sydney NSW 2000", "Australia"], "cc": "AU", "lat": -33.87433504885913, "labeledLatLngs": [{"lng": 151.2080955505371, "lat": -33.87433504885913, "label": "display"}], "postalCode": "2000", "address": "324 Pitt Street", "lng": 151.2080955505371, "city": "Sydney", "state": "NSW"}, "like": false, "allowMenuUrlEdit": true}, "height": 537}, {"width": 537, "visibility": "public", "createdAt": 1325400958, "id": "4f00037e722e0f07723732d5", "source": {"name": "Foursquare for iOS", "url": "https://foursquare.com/download/#/iphone"}, "prefix": "https://igx.4sqi.net/img/general/", "suffix": "/XRKXRPPQ0K2PVXMRGO0WG0GELTVMNSIBFTZHINVCO3O43XML.jpg", "venue": {"contact": {"phone": "+61292200400", "formattedPhone": "+61 2 9220 0400"}, "beenHere": {"lastCheckinExpiredAt": 0}, "name": "St Mary's Cathedral", "categories": [{"name": "Church", "shortName": "Church", "primary": true, "icon": {"prefix": "https://ss3.4sqi.net/img/categories_v2/building/religious_church_", "suffix": ".png"}, "id": "4bf58dd8d48988d132941735", "pluralName": "Churches"}], "venueRatingBlacklisted": true, "stats": {"checkinsCount": 8283, "tipCount": 48, "usersCount": 4675}, "verified": false, "id": "4b058762f964a520518f22e3", "location": {"country": "Australia", "state": "NSW", "formattedAddress": ["2 St Mary's Rd. (College St.)", "Sydney NSW 2000", "Australia"], "cc": "AU", "lat": -33.87137762618868, "labeledLatLngs": [{"lng": 151.21322393417358, "lat": -33.87137762618868, "label": "display"}], "postalCode": "2000", "address": "2 St Mary's Rd.", "lng": 151.21322393417358, "city": "Sydney", "crossStreet": "College St."}, "like": false}, "height": 720}, {"width": 537, "visibility": "public", "createdAt": 1325386842, "id": "4effcc5a4690f6ecea3f1603", "source": {"name": "Foursquare for iOS", "url": "https://foursquare.com/download/#/iphone"}, "prefix": "https://igx.4sqi.net/img/general/", "suffix": "/HR5BTO3C2MGNGBLKM3IQZJVDRSLZ0NJAINKZOHESFQLHGOAN.jpg", "venue": {"contact": {}, "name": "The Coffee Club", "categories": [{"name": "Caf\u00e9", "shortName": "Caf\u00e9", "primary": true, "icon": {"prefix": "https://ss3.4sqi.net/img/categories_v2/food/cafe_", "suffix": ".png"}, "id": "4bf58dd8d48988d16d941735", "pluralName": "Caf\u00e9s"}], "beenHere": {"lastCheckinExpiredAt": 0}, "stats": {"checkinsCount": 457, "tipCount": 12, "usersCount": 233}, "verified": false, "id": "4bd2878ea8b3a593f932685f", "location": {"country": "Australia", "state": "NSW", "formattedAddress": ["49/737 Anzac Parade (Pacific Sq. Shopping Centre)", "Maroubra NSW 2035", "Australia"], "cc": "AU", "lat": -33.940643768052354, "labeledLatLngs": [{"lng": 151.23887900716107, "lat": -33.940643768052354, "label": "display"}], "postalCode": "2035", "address": "49/737 Anzac Parade", "lng": 151.23887900716107, "city": "Maroubra", "crossStreet": "Pacific Sq. Shopping Centre"}, "like": false, "allowMenuUrlEdit": true}, "height": 720}, {"width": 720, "visibility": "public", "createdAt": 1325243923, "id": "4efd9e134690f6ece8111c66", "source": {"name": "Foursquare for iOS", "url": "https://foursquare.com/download/#/iphone"}, "prefix": "https://igx.4sqi.net/img/general/", "suffix": "/ZEIXALQBZMW4KOYNO4AS0D1BIAJ22QRPXQSUD205R2ZFOMFY.jpg", "venue": {"contact": {}, "name": "Panorama apartment", "categories": [], "beenHere": {"lastCheckinExpiredAt": 0}, "stats": {"checkinsCount": 34, "tipCount": 1, "usersCount": 15}, "verified": false, "id": "4c161ab182a3c9b6c3b6fff8", "location": {"country": "Australia", "formattedAddress": ["108 Maroubra road", "Maroubra NSW", "Australia"], "cc": "AU", "lat": -33.940835, "labeledLatLngs": [{"lng": 151.235575, "lat": -33.940835, "label": "display"}], "address": "108 Maroubra road", "lng": 151.235575, "city": "Maroubra", "state": "NSW"}, "like": false}, "height": 537}, {"width": 720, "visibility": "public", "createdAt": 1325220175, "id": "4efd414f775bec6b4198c23a", "source": {"name": "Foursquare for iOS", "url": "https://foursquare.com/download/#/iphone"}, "prefix": "https://igx.4sqi.net/img/general/", "suffix": "/VCOJDTGETBK3CFNF0KCPRP2TZDJ5F1AS2IBDCKZYS5TIWX3I.jpg", "venue": {"contact": {"twitter": "cityofsydney"}, "beenHere": {"lastCheckinExpiredAt": 0}, "name": "Sydney", "categories": [{"name": "City", "shortName": "City", "primary": true, "icon": {"prefix": "https://ss3.4sqi.net/img/categories_v2/parks_outdoors/neighborhood_", "suffix": ".png"}, "id": "50aa9e094b90af0d42d5de0d", "pluralName": "Cities"}], "venueRatingBlacklisted": true, "stats": {"checkinsCount": 56382, "tipCount": 31, "usersCount": 12591}, "verified": false, "url": "http://www.cityofsydney.nsw.gov.au", "id": "5081ca91e4b0607ce86717c3", "location": {"country": "Australia", "formattedAddress": ["NSW 2000", "Australia"], "cc": "AU", "lat": -33.86748647453455, "postalCode": "2000", "state": "New South Wales", "lng": 151.20725318843145}, "like": false}, "height": 537}, {"width": 370, "visibility": "public", "createdAt": 1304603919, "id": "4dc2ad0fa12dca95185042c0", "source": {"name": "Foursquare for BlackBerry", "url": "https://foursquare.com/download/#/blackberry"}, "prefix": "https://igx.4sqi.net/img/general/", "suffix": "/1AJ0AUJZZIUUGMBIUFCFEMFVGBOTT45UNGIKWJPSG5BSRUYG.jpg", "venue": {"contact": {}, "name": "Dr. Limandibrata ExamineRum", "categories": [], "beenHere": {"lastCheckinExpiredAt": 0}, "stats": {"checkinsCount": 17, "tipCount": 0, "usersCount": 9}, "verified": false, "id": "4c0f9585336220a1bff6cd77", "location": {"country": "Indonesia", "formattedAddress": ["Jakarta", "Jakarta", "Indonesia"], "cc": "ID", "lat": -6.17450521, "labeledLatLngs": [{"lng": 106.808363, "lat": -6.17450521, "label": "display"}], "state": "Jakarta", "lng": 106.808363, "city": "Jakarta"}, "like": false}, "height": 370}, {"width": 370, "visibility": "public", "createdAt": 1304167787, "id": "4dbc056ba12d3624365c1013", "source": {"name": "Foursquare for BlackBerry", "url": "https://foursquare.com/download/#/blackberry"}, "prefix": "https://igx.4sqi.net/img/general/", "suffix": "/QSQMXK30JQMGVH1ZCEMDZQRAJJVVMXWB2UXZJFNVZQ1IJT44.jpg", "venue": {"contact": {}, "name": "GOR Sahabat", "categories": [{"name": "Basketball Court", "shortName": "Basketball Court", "primary": true, "icon": {"prefix": "https://ss3.4sqi.net/img/categories_v2/parks_outdoors/basketballcourt_", "suffix": ".png"}, "id": "4bf58dd8d48988d1e1941735", "pluralName": "Basketball Courts"}], "beenHere": {"lastCheckinExpiredAt": 0}, "stats": {"checkinsCount": 1329, "tipCount": 9, "usersCount": 629}, "verified": false, "id": "4dedec6252b13dda25eb6803", "location": {"country": "Indonesia", "formattedAddress": ["Sendangsari Utara, Semarang", "Semarang", "Jawa Tengah", "Indonesia"], "cc": "ID", "lat": -6.996468230394642, "labeledLatLngs": [{"lng": 110.45418804910432, "lat": -6.996468230394642, "label": "display"}], "address": "Sendangsari Utara, Semarang", "lng": 110.45418804910432, "city": "Semarang", "state": "Jawa Tengah"}, "like": false}, "height": 370}, {"width": 370, "visibility": "public", "createdAt": 1302357593, "id": "4da06659ed94a340f3e2cd75", "source": {"name": "Foursquare for BlackBerry", "url": "https://foursquare.com/download/#/blackberry"}, "prefix": "https://igx.4sqi.net/img/general/", "suffix": "/FXDEV2YPK4SFMXSMR3MQAYPPYI2Y24ALWVZIFBYHHSNX4X4Y.jpg", "venue": {"contact": {"phone": "+62224266462", "formattedPhone": "+62 22 4266462"}, "name": "d'Batoe Boutique Hotel", "categories": [{"name": "Hotel", "shortName": "Hotel", "primary": true, "icon": {"prefix": "https://ss3.4sqi.net/img/categories_v2/travel/hotel_", "suffix": ".png"}, "id": "4bf58dd8d48988d1fa931735", "pluralName": "Hotels"}], "beenHere": {"lastCheckinExpiredAt": 0}, "stats": {"checkinsCount": 2283, "tipCount": 12, "usersCount": 1411}, "verified": false, "url": "http://www.dbatoe-hotel.com", "id": "4c0491d658dad13ab64a4897", "location": {"country": "Indonesia", "formattedAddress": ["Jl. Pasir Kaliki No. 78", "Bandung", "Jawa Barat 40171", "Indonesia"], "cc": "ID", "lat": -6.910163863703683, "labeledLatLngs": [{"lng": 107.59808603181811, "lat": -6.910163863703683, "label": "display"}], "postalCode": "40171", "address": "Jl. Pasir Kaliki No. 78", "lng": 107.59808603181811, "city": "Bandung", "state": "Jawa Barat"}, "like": false, "allowMenuUrlEdit": true}, "height": 370}, {"width": 370, "visibility": "public", "createdAt": 1302269322, "id": "4d9f0d8a711528fdb8621df7", "source": {"name": "Foursquare for BlackBerry", "url": "https://foursquare.com/download/#/blackberry"}, "prefix": "https://igx.4sqi.net/img/general/", "suffix": "/UMMYNT3ZIAZ1J2WY43IQWEU1H1SA30ZDAWHK2TRZ5DRSTSRL.jpg", "venue": {"contact": {}, "name": "GOR Pajajaran", "categories": [{"name": "Stadium", "shortName": "Stadium", "primary": true, "icon": {"prefix": "https://ss3.4sqi.net/img/categories_v2/arts_entertainment/stadium_", "suffix": ".png"}, "id": "4bf58dd8d48988d184941735", "pluralName": "Stadiums"}], "beenHere": {"lastCheckinExpiredAt": 0}, "stats": {"checkinsCount": 14103, "tipCount": 67, "usersCount": 7075}, "verified": false, "id": "4c028df210baef3be9016bbd", "location": {"country": "Indonesia", "state": "Jawa Barat", "formattedAddress": ["Jalan Pajajaran No. 37 (Cicendo)", "Bandung", "Jawa Barat", "Indonesia"], "cc": "ID", "lat": -6.907539507968471, "labeledLatLngs": [{"lng": 107.60106255469546, "lat": -6.907539507968471, "label": "display"}], "address": "Jalan Pajajaran No. 37", "lng": 107.60106255469546, "city": "Bandung", "crossStreet": "Cicendo"}, "like": false}, "height": 370}]}}, "notifications": [{"type": "notificationTray", "item": {"unreadCount": 0}}], "meta": {"requestId": "595b8f66f594df3c25f0d39a", "code": 200}}