{"response": {"totalCount": 65, "photos": {"count": 65, "items": [{"width": 1440, "visibility": "public", "createdAt": 1418992332, "id": "54941acc498e24b7556b6600", "source": {"name": "Foursquare for iOS", "url": "https://foursquare.com/download/#/iphone"}, "prefix": "https://igx.4sqi.net/img/general/", "suffix": "/1166235_yyuV4t1V7_zbd7JcfVQP6cR_W-P9QF5S3iFarQnzNE8.jpg", "venue": {"contact": {}, "name": "ollie cafe", "categories": [{"name": "Caf\u00e9", "shortName": "Caf\u00e9", "primary": true, "icon": {"prefix": "https://ss3.4sqi.net/img/categories_v2/food/cafe_", "suffix": ".png"}, "id": "4bf58dd8d48988d16d941735", "pluralName": "Caf\u00e9s"}], "beenHere": {"lastCheckinExpiredAt": 0}, "stats": {"checkinsCount": 323, "tipCount": 21, "usersCount": 209}, "verified": false, "id": "5430d1de498e2d43b41f4283", "location": {"country": "Singapore", "formattedAddress": ["B2-10, Orchard Gateway (277 Orchard Rd.)", "Singapore"], "cc": "SG", "lat": 1.3003628034848391, "labeledLatLngs": [{"lng": 103.83937003287726, "lat": 1.3003628034848391, "label": "display"}], "address": "B2-10, Orchard Gateway", "lng": 103.83937003287726, "city": "Singapore", "crossStreet": "277 Orchard Rd."}, "like": false, "allowMenuUrlEdit": true}, "height": 1920}, {"width": 960, "visibility": "public", "createdAt": 1412158501, "id": "542bd425498eccef6ed8a43d", "source": {"name": "Swarm for iOS", "url": "https://www.swarmapp.com"}, "prefix": "https://igx.4sqi.net/img/general/", "suffix": "/1166235_8bao88jUWd0f-Mn3eDlog2JFvRlsQ9txw9wTL6HHbjo.jpg", "venue": {"contact": {"facebookName": "Real Food . cafe . grocer . books", "phone": "+6567379516", "facebook": "157013014339616", "formattedPhone": "+65 6737 9516"}, "name": "Real Food", "categories": [{"name": "Vegetarian / Vegan Restaurant", "shortName": "Vegetarian / Vegan", "primary": true, "icon": {"prefix": "https://ss3.4sqi.net/img/categories_v2/food/vegetarian_", "suffix": ".png"}, "id": "4bf58dd8d48988d1d3941735", "pluralName": "Vegetarian / Vegan Restaurants"}], "beenHere": {"lastCheckinExpiredAt": 0}, "stats": {"checkinsCount": 1458, "tipCount": 52, "usersCount": 790}, "verified": false, "url": "http://www.realfoodgrocer.com/killiney.html", "id": "4f5b3abbe4b09a78bf2c9c43", "location": {"country": "Singapore", "formattedAddress": ["110 Killiney Road", "239549", "Singapore"], "cc": "SG", "lat": 1.298170513808544, "labeledLatLngs": [{"lng": 103.8384699017153, "lat": 1.298170513808544, "label": "display"}], "postalCode": "239549", "address": "110 Killiney Road", "lng": 103.8384699017153, "city": "Singapore", "neighborhood": "River Valley"}, "like": false, "allowMenuUrlEdit": true}, "height": 720}, {"width": 960, "visibility": "public", "createdAt": 1389441373, "id": "52d1315d11d2e6d9986986c9", "source": {"name": "Foursquare for iOS", "url": "https://foursquare.com/download/#/iphone"}, "prefix": "https://igx.4sqi.net/img/general/", "suffix": "/1166235_RuA9EOGBaE2nQyHe0AOVHUbHeQyhRZ_MyALIfY1h1P4.jpg", "venue": {"contact": {"phone": "+62614527798", "formattedPhone": "+62 61 4527798"}, "name": "Sowe", "categories": [{"name": "Restaurant", "shortName": "Restaurant", "primary": true, "icon": {"prefix": "https://ss3.4sqi.net/img/categories_v2/food/default_", "suffix": ".png"}, "id": "4bf58dd8d48988d1c4941735", "pluralName": "Restaurants"}], "beenHere": {"lastCheckinExpiredAt": 0}, "stats": {"checkinsCount": 1741, "tipCount": 10, "usersCount": 1413}, "verified": false, "id": "52ca4bc0498ec16bd2911ed9", "location": {"country": "Indonesia", "state": "Sumatera Utara", "formattedAddress": ["Jl. Gatot Subroto No. 144 D/E (Jl. Glugur)", "Medan", "Sumatera Utara", "Indonesia"], "cc": "ID", "lat": 3.5926118945081074, "labeledLatLngs": [{"lng": 98.66977901777283, "lat": 3.5926118945081074, "label": "display"}], "address": "Jl. Gatot Subroto No. 144 D/E", "lng": 98.66977901777283, "city": "Medan", "crossStreet": "Jl. Glugur"}, "like": false, "allowMenuUrlEdit": true}, "height": 720}, {"width": 960, "visibility": "public", "createdAt": 1389440390, "id": "52d12d86498ea67908a3185f", "source": {"name": "Foursquare for iOS", "url": "https://foursquare.com/download/#/iphone"}, "prefix": "https://igx.4sqi.net/img/general/", "suffix": "/1166235_XhYPKSQuUfMygPi0LcoPhB8APln0cRfS_U43gh8_lk4.jpg", "venue": {"contact": {"phone": "+62614527798", "formattedPhone": "+62 61 4527798"}, "name": "Sowe", "categories": [{"name": "Restaurant", "shortName": "Restaurant", "primary": true, "icon": {"prefix": "https://ss3.4sqi.net/img/categories_v2/food/default_", "suffix": ".png"}, "id": "4bf58dd8d48988d1c4941735", "pluralName": "Restaurants"}], "beenHere": {"lastCheckinExpiredAt": 0}, "stats": {"checkinsCount": 1741, "tipCount": 10, "usersCount": 1413}, "verified": false, "id": "52ca4bc0498ec16bd2911ed9", "location": {"country": "Indonesia", "state": "Sumatera Utara", "formattedAddress": ["Jl. Gatot Subroto No. 144 D/E (Jl. Glugur)", "Medan", "Sumatera Utara", "Indonesia"], "cc": "ID", "lat": 3.5926118945081074, "labeledLatLngs": [{"lng": 98.66977901777283, "lat": 3.5926118945081074, "label": "display"}], "address": "Jl. Gatot Subroto No. 144 D/E", "lng": 98.66977901777283, "city": "Medan", "crossStreet": "Jl. Glugur"}, "like": false, "allowMenuUrlEdit": true}, "height": 720}, {"width": 720, "visibility": "public", "createdAt": 1389440275, "id": "52d12d13498e815526e42edd", "source": {"name": "Foursquare for iOS", "url": "https://foursquare.com/download/#/iphone"}, "prefix": "https://igx.4sqi.net/img/general/", "suffix": "/1166235_Np3GuEKeH1dGu-aeH3xtPgukQLcTJzRLtsqT-8lKI-Q.jpg", "venue": {"contact": {"phone": "+62614527798", "formattedPhone": "+62 61 4527798"}, "name": "Sowe", "categories": [{"name": "Restaurant", "shortName": "Restaurant", "primary": true, "icon": {"prefix": "https://ss3.4sqi.net/img/categories_v2/food/default_", "suffix": ".png"}, "id": "4bf58dd8d48988d1c4941735", "pluralName": "Restaurants"}], "beenHere": {"lastCheckinExpiredAt": 0}, "stats": {"checkinsCount": 1741, "tipCount": 10, "usersCount": 1413}, "verified": false, "id": "52ca4bc0498ec16bd2911ed9", "location": {"country": "Indonesia", "state": "Sumatera Utara", "formattedAddress": ["Jl. Gatot Subroto No. 144 D/E (Jl. Glugur)", "Medan", "Sumatera Utara", "Indonesia"], "cc": "ID", "lat": 3.5926118945081074, "labeledLatLngs": [{"lng": 98.66977901777283, "lat": 3.5926118945081074, "label": "display"}], "address": "Jl. Gatot Subroto No. 144 D/E", "lng": 98.66977901777283, "city": "Medan", "crossStreet": "Jl. Glugur"}, "like": false, "allowMenuUrlEdit": true}, "height": 960}, {"width": 960, "visibility": "public", "createdAt": 1388637835, "id": "52c4ee8b11d2daecc4f1d91c", "source": {"name": "Foursquare for iOS", "url": "https://foursquare.com/download/#/iphone"}, "prefix": "https://igx.4sqi.net/img/general/", "suffix": "/1166235_5aVUEan64RbaheOEJaGujFXZJsYplvIGg0qRer_lMUw.jpg", "venue": {"contact": {"twitter": "fiveanddimesg", "phone": "+6592365002", "formattedPhone": "+65 9236 5002"}, "categories": [{"name": "Restaurant", "shortName": "Restaurant", "primary": true, "icon": {"prefix": "https://ss3.4sqi.net/img/categories_v2/food/default_", "suffix": ".png"}, "id": "4bf58dd8d48988d1c4941735", "pluralName": "Restaurants"}], "closed": true, "beenHere": {"lastCheckinExpiredAt": 0}, "location": {"country": "Singapore", "formattedAddress": ["297 River Valley Rd", "238338", "Singapore"], "cc": "SG", "lat": 1.2958301750146266, "postalCode": "238338", "address": "297 River Valley Rd", "lng": 103.83931342067855, "city": "Singapore"}, "like": false, "allowMenuUrlEdit": true, "name": "Five & Dime Eatery", "url": "http://www.fiveanddime.com.sg", "stats": {"checkinsCount": 3408, "tipCount": 79, "usersCount": 2490}, "verified": false, "id": "4eeb418a9adf47d9cc42a2bd"}, "height": 720}, {"width": 960, "visibility": "public", "createdAt": 1388208057, "id": "52be5fb9498eaeb6842dfae3", "source": {"name": "Foursquare for iOS", "url": "https://foursquare.com/download/#/iphone"}, "prefix": "https://igx.4sqi.net/img/general/", "suffix": "/1166235_jvLuv1JUq6tnqmpVa5dym22wHx9smlI4eMalahFRYFQ.jpg", "venue": {"contact": {"phone": "+85235832828", "formattedPhone": "+852 3583 2828"}, "name": "Armani / Aqua", "categories": [{"name": "Japanese Restaurant", "shortName": "Japanese", "primary": true, "icon": {"prefix": "https://ss3.4sqi.net/img/categories_v2/food/japanese_", "suffix": ".png"}, "id": "4bf58dd8d48988d111941735", "pluralName": "Japanese Restaurants"}], "beenHere": {"lastCheckinExpiredAt": 0}, "stats": {"checkinsCount": 891, "tipCount": 20, "usersCount": 640}, "verified": false, "url": "http://www.armani-aqua.com", "id": "4e54ddb27d8b96cd0611ce55", "location": {"country": "\u9999\u6e2f", "formattedAddress": ["2/F, Chater House, 8 Connaught Rd C", "\u4e2d\u897f\u5340", "\u9999\u6e2f"], "cc": "HK", "lat": 22.28270388221821, "labeledLatLngs": [{"lng": 114.1583425978978, "lat": 22.28270388221821, "label": "display"}], "address": "2/F, Chater House, 8 Connaught Rd C", "lng": 114.1583425978978, "city": "\u4e2d\u74b0", "state": "\u4e2d\u897f\u5340"}, "like": false, "allowMenuUrlEdit": true}, "height": 720}, {"width": 960, "visibility": "public", "createdAt": 1388208033, "id": "52be5fa1498e72f15125907f", "source": {"name": "Foursquare for iOS", "url": "https://foursquare.com/download/#/iphone"}, "prefix": "https://igx.4sqi.net/img/general/", "suffix": "/1166235_vZft9eK57iJGW4XJ3bc0JLoOxbb3ArER3JOlrfxqNaw.jpg", "venue": {"contact": {"phone": "+85235832828", "formattedPhone": "+852 3583 2828"}, "name": "Armani / Aqua", "categories": [{"name": "Japanese Restaurant", "shortName": "Japanese", "primary": true, "icon": {"prefix": "https://ss3.4sqi.net/img/categories_v2/food/japanese_", "suffix": ".png"}, "id": "4bf58dd8d48988d111941735", "pluralName": "Japanese Restaurants"}], "beenHere": {"lastCheckinExpiredAt": 0}, "stats": {"checkinsCount": 891, "tipCount": 20, "usersCount": 640}, "verified": false, "url": "http://www.armani-aqua.com", "id": "4e54ddb27d8b96cd0611ce55", "location": {"country": "\u9999\u6e2f", "formattedAddress": ["2/F, Chater House, 8 Connaught Rd C", "\u4e2d\u897f\u5340", "\u9999\u6e2f"], "cc": "HK", "lat": 22.28270388221821, "labeledLatLngs": [{"lng": 114.1583425978978, "lat": 22.28270388221821, "label": "display"}], "address": "2/F, Chater House, 8 Connaught Rd C", "lng": 114.1583425978978, "city": "\u4e2d\u74b0", "state": "\u4e2d\u897f\u5340"}, "like": false, "allowMenuUrlEdit": true}, "height": 720}, {"width": 960, "visibility": "public", "createdAt": 1388208024, "id": "52be5f98498e31d3638e774e", "source": {"name": "Foursquare for iOS", "url": "https://foursquare.com/download/#/iphone"}, "prefix": "https://igx.4sqi.net/img/general/", "suffix": "/1166235_tRX6Pl0lyPavzT4nSjxHESZektigIRTTKeErm1cSz-U.jpg", "venue": {"contact": {"phone": "+85235832828", "formattedPhone": "+852 3583 2828"}, "name": "Armani / Aqua", "categories": [{"name": "Japanese Restaurant", "shortName": "Japanese", "primary": true, "icon": {"prefix": "https://ss3.4sqi.net/img/categories_v2/food/japanese_", "suffix": ".png"}, "id": "4bf58dd8d48988d111941735", "pluralName": "Japanese Restaurants"}], "beenHere": {"lastCheckinExpiredAt": 0}, "stats": {"checkinsCount": 891, "tipCount": 20, "usersCount": 640}, "verified": false, "url": "http://www.armani-aqua.com", "id": "4e54ddb27d8b96cd0611ce55", "location": {"country": "\u9999\u6e2f", "formattedAddress": ["2/F, Chater House, 8 Connaught Rd C", "\u4e2d\u897f\u5340", "\u9999\u6e2f"], "cc": "HK", "lat": 22.28270388221821, "labeledLatLngs": [{"lng": 114.1583425978978, "lat": 22.28270388221821, "label": "display"}], "address": "2/F, Chater House, 8 Connaught Rd C", "lng": 114.1583425978978, "city": "\u4e2d\u74b0", "state": "\u4e2d\u897f\u5340"}, "like": false, "allowMenuUrlEdit": true}, "height": 720}, {"width": 960, "visibility": "public", "createdAt": 1387519449, "id": "52b3ddd9498e1c2b804c1edf", "source": {"name": "Foursquare for iOS", "url": "https://foursquare.com/download/#/iphone"}, "prefix": "https://igx.4sqi.net/img/general/", "suffix": "/1166235_ijqx0B6NErliQ6aVBzfJ48AKnSnkld9fsbNMhmfuymA.jpg", "venue": {"contact": {"phone": "+6567334541", "formattedPhone": "+65 6733 4541"}, "name": "Tonkatsu Ma Maison", "categories": [{"name": "Japanese Restaurant", "shortName": "Japanese", "primary": true, "icon": {"prefix": "https://ss3.4sqi.net/img/categories_v2/food/japanese_", "suffix": ".png"}, "id": "4bf58dd8d48988d111941735", "pluralName": "Japanese Restaurants"}], "beenHere": {"lastCheckinExpiredAt": 0}, "stats": {"checkinsCount": 4245, "tipCount": 52, "usersCount": 2277}, "verified": false, "id": "4db408de6e8179a913752b52", "location": {"country": "Singapore", "formattedAddress": ["#02-35/36 Mandarin Gallery (333A Orchard Rd.)", "238897", "Singapore"], "cc": "SG", "lat": 1.3020855408429517, "labeledLatLngs": [{"lng": 103.83697535750196, "lat": 1.3020855408429517, "label": "display"}], "postalCode": "238897", "address": "#02-35/36 Mandarin Gallery", "lng": 103.83697535750196, "city": "Singapore", "crossStreet": "333A Orchard Rd."}, "like": false, "allowMenuUrlEdit": true}, "height": 720}, {"width": 960, "visibility": "public", "createdAt": 1387286192, "id": "52b04eb011d2b6f261ea31b2", "source": {"name": "Foursquare for iOS", "url": "https://foursquare.com/download/#/iphone"}, "prefix": "https://igx.4sqi.net/img/general/", "suffix": "/1166235_dqJ66QDmtSWFwmGcFx3ZSvhYcUteKPomDfs2bD-AGzY.jpg", "venue": {"contact": {}, "name": "Bakerzin", "categories": [{"name": "Dessert Shop", "shortName": "Desserts", "primary": true, "icon": {"prefix": "https://ss3.4sqi.net/img/categories_v2/food/dessert_", "suffix": ".png"}, "id": "4bf58dd8d48988d1d0941735", "pluralName": "Dessert Shops"}], "closed": true, "beenHere": {"lastCheckinExpiredAt": 0}, "stats": {"checkinsCount": 2373, "tipCount": 9, "usersCount": 1638}, "verified": false, "id": "526a2e1111d27d482d3229d9", "location": {"country": "Indonesia", "state": "Sumatera Utara", "formattedAddress": ["Centre Point Mall 1st Floor (Jl. Jawa)", "Medan", "Sumatera Utara", "Indonesia"], "cc": "ID", "lat": 3.5914890411613127, "labeledLatLngs": [{"lng": 98.68059947687537, "lat": 3.5914890411613127, "label": "display"}], "address": "Centre Point Mall 1st Floor", "lng": 98.68059947687537, "city": "Medan", "crossStreet": "Jl. Jawa"}, "like": false, "allowMenuUrlEdit": true}, "height": 720}, {"width": 720, "visibility": "public", "createdAt": 1387022879, "id": "52ac4a1f498e619503925729", "source": {"name": "Foursquare for iOS", "url": "https://foursquare.com/download/#/iphone"}, "prefix": "https://igx.4sqi.net/img/general/", "suffix": "/1166235_hD9V-IOh0N5qNkJYfNiyOgJuW8yTG-dBRgXKcti_dYY.jpg", "venue": {"contact": {"twitter": "district10medan", "phone": "+626180501510", "formattedPhone": "+62 61 80501510"}, "name": "District 10", "categories": [{"name": "Restaurant", "shortName": "Restaurant", "primary": true, "icon": {"prefix": "https://ss3.4sqi.net/img/categories_v2/food/default_", "suffix": ".png"}, "id": "4bf58dd8d48988d1c4941735", "pluralName": "Restaurants"}], "beenHere": {"lastCheckinExpiredAt": 0}, "stats": {"checkinsCount": 6137, "tipCount": 30, "usersCount": 3505}, "verified": false, "url": "http://district10.co.id/medan/", "id": "518cc7faabd88a3c1d278d35", "location": {"country": "Indonesia", "state": "Sumatera Utara", "formattedAddress": ["Forum Nine Ground Floor (Jl. Imam Bonjol No.9)", "Medan", "Sumatera Utara 20153", "Indonesia"], "cc": "ID", "lat": 3.586504842748023, "labeledLatLngs": [{"lng": 98.67453217506407, "lat": 3.586504842748023, "label": "display"}], "postalCode": "20153", "address": "Forum Nine Ground Floor", "lng": 98.67453217506407, "city": "Medan", "crossStreet": "Jl. Imam Bonjol No.9"}, "like": false, "allowMenuUrlEdit": true}, "height": 960}, {"width": 540, "visibility": "public", "createdAt": 1386980169, "id": "52aba349498e15eca961be12", "source": {"name": "Foursquare for iOS", "url": "https://foursquare.com/download/#/iphone"}, "prefix": "https://igx.4sqi.net/img/general/", "suffix": "/1166235_7Cl2Q1wq-TwiIPQKGtgUdXKz_WKJAIT04qxT_Lni_mc.jpg", "venue": {"contact": {"phone": "+626177900011", "formattedPhone": "+62 61 77900011"}, "name": "K-Pot The Korean Cuisine", "categories": [{"name": "Korean Restaurant", "shortName": "Korean", "primary": true, "icon": {"prefix": "https://ss3.4sqi.net/img/categories_v2/food/korean_", "suffix": ".png"}, "id": "4bf58dd8d48988d113941735", "pluralName": "Korean Restaurants"}], "beenHere": {"lastCheckinExpiredAt": 0}, "stats": {"checkinsCount": 1694, "tipCount": 19, "usersCount": 1259}, "verified": false, "id": "52a458ea498e7b5b19d9d0ab", "location": {"country": "Indonesia", "formattedAddress": ["Kompleks Multatuli Blok AA 40", "Medan", "Sumatera Utara", "Indonesia"], "cc": "ID", "lat": 3.5754883204743813, "labeledLatLngs": [{"lng": 98.68114215184922, "lat": 3.5754883204743813, "label": "display"}], "address": "Kompleks Multatuli Blok AA 40", "lng": 98.68114215184922, "city": "Medan", "state": "Sumatera Utara"}, "like": false, "allowMenuUrlEdit": true}, "height": 960}, {"width": 720, "visibility": "public", "createdAt": 1386525986, "id": "52a4b52211d251e44162324c", "source": {"name": "Foursquare for iOS", "url": "https://foursquare.com/download/#/iphone"}, "prefix": "https://igx.4sqi.net/img/general/", "suffix": "/1166235_e36yu6y3vM9JX64wHQqB1oiOnMi0AOygCzpp5_GGv20.jpg", "venue": {"contact": {"phone": "+62614530970", "formattedPhone": "+62 61 4530970"}, "name": "The Thirty Six", "categories": [{"name": "Caf\u00e9", "shortName": "Caf\u00e9", "primary": true, "icon": {"prefix": "https://ss3.4sqi.net/img/categories_v2/food/cafe_", "suffix": ".png"}, "id": "4bf58dd8d48988d16d941735", "pluralName": "Caf\u00e9s"}], "beenHere": {"lastCheckinExpiredAt": 0}, "stats": {"checkinsCount": 4926, "tipCount": 58, "usersCount": 2819}, "verified": false, "url": "http://www.thethirty-six.com", "id": "517131bfe4b0b898a7158998", "location": {"country": "Indonesia", "formattedAddress": ["Jl. Multatuli No. 36", "Medan", "Sumatera Utara 20151", "Indonesia"], "cc": "ID", "lat": 3.575347029614364, "labeledLatLngs": [{"lng": 98.67970756397702, "lat": 3.575347029614364, "label": "display"}], "postalCode": "20151", "address": "Jl. Multatuli No. 36", "lng": 98.67970756397702, "city": "Medan", "state": "Sumatera Utara"}, "like": false, "allowMenuUrlEdit": true}, "height": 960}, {"width": 720, "visibility": "public", "createdAt": 1386507683, "id": "52a46da3498e25be6f042c04", "source": {"name": "Foursquare for iOS", "url": "https://foursquare.com/download/#/iphone"}, "prefix": "https://igx.4sqi.net/img/general/", "suffix": "/1166235_0QxtjHiJ53XJ3RJGidxrCwSP2OTKrlXd4a6ghoRcUnY.jpg", "venue": {"contact": {"phone": "+62614530970", "formattedPhone": "+62 61 4530970"}, "name": "The Thirty Six", "categories": [{"name": "Caf\u00e9", "shortName": "Caf\u00e9", "primary": true, "icon": {"prefix": "https://ss3.4sqi.net/img/categories_v2/food/cafe_", "suffix": ".png"}, "id": "4bf58dd8d48988d16d941735", "pluralName": "Caf\u00e9s"}], "beenHere": {"lastCheckinExpiredAt": 0}, "stats": {"checkinsCount": 4926, "tipCount": 58, "usersCount": 2819}, "verified": false, "url": "http://www.thethirty-six.com", "id": "517131bfe4b0b898a7158998", "location": {"country": "Indonesia", "formattedAddress": ["Jl. Multatuli No. 36", "Medan", "Sumatera Utara 20151", "Indonesia"], "cc": "ID", "lat": 3.575347029614364, "labeledLatLngs": [{"lng": 98.67970756397702, "lat": 3.575347029614364, "label": "display"}], "postalCode": "20151", "address": "Jl. Multatuli No. 36", "lng": 98.67970756397702, "city": "Medan", "state": "Sumatera Utara"}, "like": false, "allowMenuUrlEdit": true}, "height": 960}, {"width": 960, "visibility": "public", "createdAt": 1384940987, "id": "528c85bb498e3c98bbffb3f9", "source": {"name": "Foursquare for iOS", "url": "https://foursquare.com/download/#/iphone"}, "prefix": "https://igx.4sqi.net/img/general/", "suffix": "/1166235_T4F_3CtgEcqbrMMtb8HB9O-9RaaQFMi9RGAQs3m1PKE.jpg", "venue": {"contact": {"phone": "+6567333229", "formattedPhone": "+65 6733 3229"}, "name": "Crystal Jade Korean Ginseng Chicken & BBQ \u7fe1\u7fe0\u97d3\u570b\u53c3\u96de\u6e6f\u71d2\u70e4", "categories": [{"name": "Korean Restaurant", "shortName": "Korean", "primary": true, "icon": {"prefix": "https://ss3.4sqi.net/img/categories_v2/food/korean_", "suffix": ".png"}, "id": "4bf58dd8d48988d113941735", "pluralName": "Korean Restaurants"}], "beenHere": {"lastCheckinExpiredAt": 0}, "stats": {"checkinsCount": 1269, "tipCount": 17, "usersCount": 1020}, "verified": false, "url": "http://www.crystaljade.com/koreanbbq/", "id": "4b5d8092f964a5202a5f29e3", "location": {"country": "Singapore", "formattedAddress": ["#B2-36A Ngee Ann City (391 Orchard Rd)", "238872", "Singapore"], "cc": "SG", "lat": 1.302953817707235, "labeledLatLngs": [{"lng": 103.8348467926515, "lat": 1.302953817707235, "label": "display"}], "postalCode": "238872", "address": "#B2-36A Ngee Ann City", "lng": 103.8348467926515, "city": "Singapore", "crossStreet": "391 Orchard Rd"}, "like": false, "allowMenuUrlEdit": true}, "height": 720}, {"width": 960, "visibility": "public", "createdAt": 1384940981, "id": "528c85b5498eb58b05efbd4e", "source": {"name": "Foursquare for iOS", "url": "https://foursquare.com/download/#/iphone"}, "prefix": "https://igx.4sqi.net/img/general/", "suffix": "/1166235_IGhyykC27mGOkOUaBVi-B8OLU5qjnWKLbtH1KIfRS2A.jpg", "venue": {"contact": {"phone": "+6567333229", "formattedPhone": "+65 6733 3229"}, "name": "Crystal Jade Korean Ginseng Chicken & BBQ \u7fe1\u7fe0\u97d3\u570b\u53c3\u96de\u6e6f\u71d2\u70e4", "categories": [{"name": "Korean Restaurant", "shortName": "Korean", "primary": true, "icon": {"prefix": "https://ss3.4sqi.net/img/categories_v2/food/korean_", "suffix": ".png"}, "id": "4bf58dd8d48988d113941735", "pluralName": "Korean Restaurants"}], "beenHere": {"lastCheckinExpiredAt": 0}, "stats": {"checkinsCount": 1269, "tipCount": 17, "usersCount": 1020}, "verified": false, "url": "http://www.crystaljade.com/koreanbbq/", "id": "4b5d8092f964a5202a5f29e3", "location": {"country": "Singapore", "formattedAddress": ["#B2-36A Ngee Ann City (391 Orchard Rd)", "238872", "Singapore"], "cc": "SG", "lat": 1.302953817707235, "labeledLatLngs": [{"lng": 103.8348467926515, "lat": 1.302953817707235, "label": "display"}], "postalCode": "238872", "address": "#B2-36A Ngee Ann City", "lng": 103.8348467926515, "city": "Singapore", "crossStreet": "391 Orchard Rd"}, "like": false, "allowMenuUrlEdit": true}, "height": 720}, {"width": 960, "visibility": "public", "createdAt": 1384854496, "id": "528b33e0498ed0b9baf45188", "source": {"name": "Foursquare for iOS", "url": "https://foursquare.com/download/#/iphone"}, "prefix": "https://igx.4sqi.net/img/general/", "suffix": "/1166235_Uvi7DsNl8Nz5m0qljNfprDWvQ6r3au7amh_Fdn-xYOA.jpg", "venue": {"contact": {"facebookUsername": "thesushibar.sg", "facebookName": "The Sushi Bar", "facebook": "375940009149223"}, "name": "The Sushi Bar", "categories": [{"name": "Sushi Restaurant", "shortName": "Sushi", "primary": true, "icon": {"prefix": "https://ss3.4sqi.net/img/categories_v2/food/sushi_", "suffix": ".png"}, "id": "4bf58dd8d48988d1d2941735", "pluralName": "Sushi Restaurants"}], "beenHere": {"lastCheckinExpiredAt": 0}, "stats": {"checkinsCount": 2615, "tipCount": 67, "usersCount": 1602}, "verified": false, "id": "50769d42e4b079dfb97fc0c6", "location": {"country": "Singapore", "formattedAddress": ["#04-28 Far East Plaza", "Singapore"], "cc": "SG", "lat": 1.3070059523697994, "labeledLatLngs": [{"lng": 103.83377686176486, "lat": 1.3070059523697994, "label": "display"}], "address": "#04-28 Far East Plaza", "lng": 103.83377686176486, "city": "Singapore"}, "like": false, "allowMenuUrlEdit": true}, "height": 720}, {"width": 960, "visibility": "public", "createdAt": 1384779508, "id": "528a0ef411d2f9417de3d99c", "source": {"name": "Foursquare for iOS", "url": "https://foursquare.com/download/#/iphone"}, "prefix": "https://igx.4sqi.net/img/general/", "suffix": "/1166235_6Q6Cr_3SdHjsjP1VzMII4cVnmJrZ6iteEPa8aVCsN1g.jpg", "venue": {"contact": {"facebookName": "The Marmalade Pantry", "phone": "+6567342700", "facebook": "109132695795110", "facebookUsername": "TheMarmaladePantry", "twitter": "marmaladesg", "formattedPhone": "+65 6734 2700"}, "categories": [{"name": "Restaurant", "shortName": "Restaurant", "primary": true, "icon": {"prefix": "https://ss3.4sqi.net/img/categories_v2/food/default_", "suffix": ".png"}, "id": "4bf58dd8d48988d1c4941735", "pluralName": "Restaurants"}], "beenHere": {"lastCheckinExpiredAt": 0}, "location": {"country": "Singapore", "formattedAddress": ["#03-22, ION Orchard (2 Orchard Turn)", "238801", "Singapore"], "cc": "SG", "lat": 1.3040544208025502, "labeledLatLngs": [{"lng": 103.83203894969301, "lat": 1.3040544208025502, "label": "display"}], "postalCode": "238801", "address": "#03-22, ION Orchard", "lng": 103.83203894969301, "city": "Singapore", "crossStreet": "2 Orchard Turn"}, "like": false, "allowMenuUrlEdit": true, "name": "The Marmalade Pantry", "url": "http://themarmaladepantry.com.sg", "stats": {"checkinsCount": 7738, "tipCount": 125, "usersCount": 4888}, "verified": true, "id": "4b6a9f94f964a52039da2be3", "storeId": ""}, "height": 720}, {"width": 960, "visibility": "public", "createdAt": 1384623184, "id": "5287ac5011d2a52ac7ab2a59", "source": {"name": "Foursquare for iOS", "url": "https://foursquare.com/download/#/iphone"}, "prefix": "https://igx.4sqi.net/img/general/", "suffix": "/1166235_hbMDmn6SJjwj_OCjB4FLVeEI7gfkdadFtfXNbC3EcAE.jpg", "venue": {"contact": {"phone": "+626141006600", "formattedPhone": "+62 61 41006600"}, "name": "Prime Steakhouse", "categories": [{"name": "Steakhouse", "shortName": "Steakhouse", "primary": true, "icon": {"prefix": "https://ss3.4sqi.net/img/categories_v2/food/steakhouse_", "suffix": ".png"}, "id": "4bf58dd8d48988d1cc941735", "pluralName": "Steakhouses"}], "beenHere": {"lastCheckinExpiredAt": 0}, "stats": {"checkinsCount": 2403, "tipCount": 26, "usersCount": 1445}, "verified": false, "id": "4c73d4b3d944224b56431029", "location": {"country": "Indonesia", "state": "Sumatera Utara", "formattedAddress": ["JW Marriott Hotel (Jl. Putri Hijau No. 10)", "Medan", "Sumatera Utara 20111", "Indonesia"], "cc": "ID", "lat": 3.5969587683306132, "labeledLatLngs": [{"lng": 98.67542545201118, "lat": 3.5969587683306132, "label": "display"}], "postalCode": "20111", "address": "JW Marriott Hotel", "lng": 98.67542545201118, "city": "Medan", "crossStreet": "Jl. Putri Hijau No. 10"}, "like": false, "allowMenuUrlEdit": true}, "height": 720}, {"width": 960, "visibility": "public", "createdAt": 1384623176, "id": "5287ac4811d2b04c5b8c768d", "source": {"name": "Foursquare for iOS", "url": "https://foursquare.com/download/#/iphone"}, "prefix": "https://igx.4sqi.net/img/general/", "suffix": "/1166235_tZulsnfpou_8KWzk13GAbbg69-UozLJangS4YxIESHE.jpg", "venue": {"contact": {"phone": "+626141006600", "formattedPhone": "+62 61 41006600"}, "name": "Prime Steakhouse", "categories": [{"name": "Steakhouse", "shortName": "Steakhouse", "primary": true, "icon": {"prefix": "https://ss3.4sqi.net/img/categories_v2/food/steakhouse_", "suffix": ".png"}, "id": "4bf58dd8d48988d1cc941735", "pluralName": "Steakhouses"}], "beenHere": {"lastCheckinExpiredAt": 0}, "stats": {"checkinsCount": 2403, "tipCount": 26, "usersCount": 1445}, "verified": false, "id": "4c73d4b3d944224b56431029", "location": {"country": "Indonesia", "state": "Sumatera Utara", "formattedAddress": ["JW Marriott Hotel (Jl. Putri Hijau No. 10)", "Medan", "Sumatera Utara 20111", "Indonesia"], "cc": "ID", "lat": 3.5969587683306132, "labeledLatLngs": [{"lng": 98.67542545201118, "lat": 3.5969587683306132, "label": "display"}], "postalCode": "20111", "address": "JW Marriott Hotel", "lng": 98.67542545201118, "city": "Medan", "crossStreet": "Jl. Putri Hijau No. 10"}, "like": false, "allowMenuUrlEdit": true}, "height": 458}, {"width": 960, "visibility": "public", "createdAt": 1384074364, "id": "527f4c7c498e6c7e2a1acd54", "source": {"name": "Foursquare for iOS", "url": "https://foursquare.com/download/#/iphone"}, "prefix": "https://igx.4sqi.net/img/general/", "suffix": "/1166235_0wFB-3EUiqrW-Q6zWg3H43JeWLQIcZ89SniXeCSwNQU.jpg", "venue": {"contact": {"phone": "+62614501893", "formattedPhone": "+62 61 4501893"}, "name": "D\u00d4ME Caf\u00e9", "categories": [{"name": "Caf\u00e9", "shortName": "Caf\u00e9", "primary": true, "icon": {"prefix": "https://ss3.4sqi.net/img/categories_v2/food/cafe_", "suffix": ".png"}, "id": "4bf58dd8d48988d16d941735", "pluralName": "Caf\u00e9s"}], "beenHere": {"lastCheckinExpiredAt": 0}, "stats": {"checkinsCount": 8692, "tipCount": 41, "usersCount": 4560}, "verified": false, "url": "http://www.domeindonesia.com", "id": "4bed1b9291380f47f76d9f18", "location": {"country": "Indonesia", "state": "Sumatera Utara", "formattedAddress": ["Sun Plaza, GF Unit C-11 (Jalan Haji Zainul Arifin No. 7)", "Medan", "Sumatera Utara 20152", "Indonesia"], "cc": "ID", "lat": 3.5828106361688583, "labeledLatLngs": [{"lng": 98.6716890335083, "lat": 3.5828106361688583, "label": "display"}], "postalCode": "20152", "address": "Sun Plaza, GF Unit C-11", "lng": 98.6716890335083, "city": "Medan", "crossStreet": "Jalan Haji Zainul Arifin No. 7"}, "like": false, "allowMenuUrlEdit": true}, "height": 720}, {"width": 960, "visibility": "public", "createdAt": 1383633513, "id": "52789269498ea050e8c4477e", "source": {"name": "Foursquare for iOS", "url": "https://foursquare.com/download/#/iphone"}, "prefix": "https://igx.4sqi.net/img/general/", "suffix": "/1166235_lTvVZFo655Qvr_xR0xlakxK3UP2zR8RMNT3zgeuZlTM.jpg", "venue": {"contact": {"phone": "+622157900146", "formattedPhone": "+62 21 57900146"}, "name": "Paradise Dynasty", "categories": [{"name": "Dumpling Restaurant", "shortName": "Dumplings", "primary": true, "icon": {"prefix": "https://ss3.4sqi.net/img/categories_v2/food/dumplings_", "suffix": ".png"}, "id": "4bf58dd8d48988d108941735", "pluralName": "Dumpling Restaurants"}], "beenHere": {"lastCheckinExpiredAt": 0}, "stats": {"checkinsCount": 6279, "tipCount": 62, "usersCount": 3506}, "verified": false, "id": "4df43bcbfa76abc3d86fe7e0", "location": {"country": "Indonesia", "state": "Jakarta", "formattedAddress": ["Plaza Senayan, 5th Floor #CP 512-513 (Jalan Asia Afrika No. 8)", "Jakarta Pusat", "Jakarta 10270", "Indonesia"], "cc": "ID", "lat": -6.225643842165298, "labeledLatLngs": [{"lng": 106.79965279184914, "lat": -6.225643842165298, "label": "display"}], "postalCode": "10270", "address": "Plaza Senayan, 5th Floor #CP 512-513", "lng": 106.79965279184914, "city": "Jakarta Pusat", "crossStreet": "Jalan Asia Afrika No. 8"}, "like": false, "allowMenuUrlEdit": true}, "height": 720}, {"width": 720, "visibility": "public", "createdAt": 1383633475, "id": "5278924311d213f76accf406", "source": {"name": "Foursquare for iOS", "url": "https://foursquare.com/download/#/iphone"}, "prefix": "https://igx.4sqi.net/img/general/", "suffix": "/1166235_w8G7hXtlw1thrVi2H9Sf6rezlurjlKQ0VljcbUss-E0.jpg", "venue": {"contact": {"facebookName": "E&O", "phone": "+62215761645", "facebook": "420533308014053", "facebookUsername": "EANDOJAKARTA", "twitter": "eandojakarta", "formattedPhone": "+62 21 5761645"}, "venuePage": {"id": "66915147"}, "categories": [{"name": "Asian Restaurant", "shortName": "Asian", "primary": true, "icon": {"prefix": "https://ss3.4sqi.net/img/categories_v2/food/asian_", "suffix": ".png"}, "id": "4bf58dd8d48988d142941735", "pluralName": "Asian Restaurants"}], "beenHere": {"lastCheckinExpiredAt": 0}, "location": {"country": "Indonesia", "state": "Jakarta", "formattedAddress": ["Menara Rajawali 1st Fl. Mega Kuningan (Jl. Dr Ide Anak Agung Gde Agung Lot 5.1)", "Jakarta Selatan", "Jakarta 12950", "Indonesia"], "cc": "ID", "lat": -6.2267021650782794, "labeledLatLngs": [{"lng": 106.82613706231412, "lat": -6.2267021650782794, "label": "display"}], "postalCode": "12950", "address": "Menara Rajawali 1st Fl. Mega Kuningan", "lng": 106.82613706231412, "city": "Jakarta Selatan", "crossStreet": "Jl. Dr Ide Anak Agung Gde Agung Lot 5.1"}, "like": false, "allowMenuUrlEdit": true, "name": "E&O Jakarta", "url": "http://www.eandojakarta.com", "stats": {"checkinsCount": 3621, "tipCount": 45, "usersCount": 2284}, "verified": true, "id": "512ca5d0e4b045886e16bd4e", "storeId": ""}, "height": 960}, {"width": 720, "visibility": "public", "createdAt": 1383633446, "id": "52789226498e75c7e1952619", "source": {"name": "Foursquare for iOS", "url": "https://foursquare.com/download/#/iphone"}, "prefix": "https://igx.4sqi.net/img/general/", "suffix": "/1166235_WE9hIV3-Poyc8xJS72pEWWYWYOxt3Y9eSTVcSQvdrrw.jpg", "venue": {"contact": {"phone": "+62215753271", "formattedPhone": "+62 21 5753271"}, "venuePage": {"id": "138827572"}, "categories": [{"name": "Chinese Restaurant", "shortName": "Chinese", "primary": true, "icon": {"prefix": "https://ss3.4sqi.net/img/categories_v2/food/asian_", "suffix": ".png"}, "id": "4bf58dd8d48988d145941735", "pluralName": "Chinese Restaurants"}], "beenHere": {"lastCheckinExpiredAt": 0}, "location": {"country": "Indonesia", "state": "Jakarta", "formattedAddress": ["Hotel Mulia Senayan (Jalan Asia Afrika)", "Jakarta Pusat", "Jakarta 10270", "Indonesia"], "cc": "ID", "lat": -6.214814224923897, "labeledLatLngs": [{"lng": 106.79727356575789, "lat": -6.214814224923897, "label": "display"}], "postalCode": "10270", "address": "Hotel Mulia Senayan", "lng": 106.79727356575789, "city": "Jakarta Pusat", "crossStreet": "Jalan Asia Afrika"}, "like": false, "allowMenuUrlEdit": true, "name": "TABLE8 - Hotel Mulia Senayan, Jakarta", "url": "http://www.themulia.com/table8-jakarta/?property=the-suites-at-hotel-mulia", "stats": {"checkinsCount": 6742, "tipCount": 65, "usersCount": 5046}, "verified": true, "id": "4bf77d135efe2d7f3e2d6934", "storeId": ""}, "height": 960}, {"width": 960, "visibility": "public", "createdAt": 1381644262, "id": "525a37e611d2a8ddd76035c6", "source": {"name": "Foursquare for iOS", "url": "https://foursquare.com/download/#/iphone"}, "prefix": "https://igx.4sqi.net/img/general/", "suffix": "/1166235_Yt2C8Z1QdF6rz0OYc4L4hkWZGhxiEA3vKpW3OzXN8og.jpg", "venue": {"contact": {"twitter": "hediardsg", "phone": "+6563336683", "formattedPhone": "+65 6333 6683"}, "categories": [{"name": "French Restaurant", "shortName": "French", "primary": true, "icon": {"prefix": "https://ss3.4sqi.net/img/categories_v2/food/french_", "suffix": ".png"}, "id": "4bf58dd8d48988d10c941735", "pluralName": "French Restaurants"}], "closed": true, "beenHere": {"lastCheckinExpiredAt": 0}, "location": {"country": "Singapore", "formattedAddress": ["123 Tanglin Rd, Tudor Court Arcades (next to Tanglin Mall)", "247921", "Singapore"], "cc": "SG", "lat": 1.3052832375195569, "postalCode": "247921", "address": "123 Tanglin Rd, Tudor Court Arcades (next to Tanglin Mall)", "lng": 103.82482147512691, "city": "Singapore"}, "like": false, "allowMenuUrlEdit": true, "name": "Hediard French Restaurant, Gifts & Gourmet Boutique", "url": "https://www.hediard.com.sg", "stats": {"checkinsCount": 1367, "tipCount": 27, "usersCount": 495}, "verified": false, "id": "4b25853ff964a5203f7324e3"}, "height": 720}, {"width": 960, "visibility": "public", "createdAt": 1381644091, "id": "525a373b498ea6508b1e8d6e", "source": {"name": "Foursquare for iOS", "url": "https://foursquare.com/download/#/iphone"}, "prefix": "https://igx.4sqi.net/img/general/", "suffix": "/1166235_DVBNmqGN3KiPB-wQypIojS0uaWX2UpxZ6QlCjafKT7E.jpg", "venue": {"contact": {"twitter": "hediardsg", "phone": "+6563336683", "formattedPhone": "+65 6333 6683"}, "categories": [{"name": "French Restaurant", "shortName": "French", "primary": true, "icon": {"prefix": "https://ss3.4sqi.net/img/categories_v2/food/french_", "suffix": ".png"}, "id": "4bf58dd8d48988d10c941735", "pluralName": "French Restaurants"}], "closed": true, "beenHere": {"lastCheckinExpiredAt": 0}, "location": {"country": "Singapore", "formattedAddress": ["123 Tanglin Rd, Tudor Court Arcades (next to Tanglin Mall)", "247921", "Singapore"], "cc": "SG", "lat": 1.3052832375195569, "postalCode": "247921", "address": "123 Tanglin Rd, Tudor Court Arcades (next to Tanglin Mall)", "lng": 103.82482147512691, "city": "Singapore"}, "like": false, "allowMenuUrlEdit": true, "name": "Hediard French Restaurant, Gifts & Gourmet Boutique", "url": "https://www.hediard.com.sg", "stats": {"checkinsCount": 1367, "tipCount": 27, "usersCount": 495}, "verified": false, "id": "4b25853ff964a5203f7324e3"}, "height": 719}, {"width": 960, "visibility": "public", "createdAt": 1381317454, "id": "52553b4e11d2d46e482aa477", "source": {"name": "Foursquare for iOS", "url": "https://foursquare.com/download/#/iphone"}, "prefix": "https://igx.4sqi.net/img/general/", "suffix": "/1166235_wQWfZYiHTYJPPnYOezdwJ-6gQZysb0yWFtk2L5Cw3wo.jpg", "venue": {"contact": {}, "name": "Swensen's", "categories": [{"name": "American Restaurant", "shortName": "American", "primary": true, "icon": {"prefix": "https://ss3.4sqi.net/img/categories_v2/food/default_", "suffix": ".png"}, "id": "4bf58dd8d48988d14e941735", "pluralName": "American Restaurants"}], "beenHere": {"lastCheckinExpiredAt": 0}, "stats": {"checkinsCount": 7107, "tipCount": 52, "usersCount": 5166}, "verified": false, "id": "4bd3d4c3caff9521dae2d5f0", "location": {"country": "Singapore", "neighborhood": "Orchard Road", "formattedAddress": ["#B1-31, ION Orchard (2 Orchard Turn)", "238801", "Singapore"], "cc": "SG", "lat": 1.3036039374807682, "labeledLatLngs": [{"lng": 103.83231067388984, "lat": 1.3036039374807682, "label": "display"}], "postalCode": "238801", "address": "#B1-31, ION Orchard", "lng": 103.83231067388984, "city": "Singapore", "crossStreet": "2 Orchard Turn"}, "like": false, "allowMenuUrlEdit": true}, "height": 720}, {"width": 960, "visibility": "public", "createdAt": 1380793855, "id": "524d3dff11d28a51869be2ac", "source": {"name": "Foursquare for iOS", "url": "https://foursquare.com/download/#/iphone"}, "prefix": "https://igx.4sqi.net/img/general/", "suffix": "/1166235_w1g6UDWLtWc-wqXOypv6VbxCZEFQlnXcms-LFIT7xR0.jpg", "venue": {"contact": {"facebookName": "Antoinette", "phone": "+6568369209", "facebook": "166421393414783", "formattedPhone": "+65 6836 9209"}, "categories": [{"name": "French Restaurant", "shortName": "French", "primary": true, "icon": {"prefix": "https://ss3.4sqi.net/img/categories_v2/food/french_", "suffix": ".png"}, "id": "4bf58dd8d48988d10c941735", "pluralName": "French Restaurants"}], "stats": {"checkinsCount": 4723, "tipCount": 55, "usersCount": 2997}, "beenHere": {"lastCheckinExpiredAt": 0}, "location": {"country": "Singapore", "formattedAddress": ["#02-33/34, Mandarin Gallery (333A Orchard Rd.)", "238867", "Singapore"], "cc": "SG", "lat": 1.3021930314584784, "labeledLatLngs": [{"lng": 103.83695271301927, "lat": 1.3021930314584784, "label": "display"}], "postalCode": "238867", "address": "#02-33/34, Mandarin Gallery", "lng": 103.83695271301927, "city": "Singapore", "crossStreet": "333A Orchard Rd."}, "like": false, "allowMenuUrlEdit": true, "name": "Antoinette Cafe", "url": "http://www.antoinette.com.sg", "menu": {"type": "Menu", "url": "http://www.antoinette.com.sg/menu.html", "anchor": "View Menu", "mobileUrl": "http://www.antoinette.com.sg/menu.html", "externalUrl": "http://www.antoinette.com.sg/menu.html", "label": "Menu"}, "verified": false, "id": "4dd913828877f11510113687"}, "height": 720}, {"width": 960, "visibility": "public", "createdAt": 1380632826, "id": "524ac8fa498ed2e9933b6ba9", "source": {"name": "Foursquare for iOS", "url": "https://foursquare.com/download/#/iphone"}, "prefix": "https://igx.4sqi.net/img/general/", "suffix": "/1166235_irRA-6un8ASjrVwIvt2Fz0AGtXfPrx0BC3ONi74i9BY.jpg", "venue": {"contact": {"facebookName": "The Marmalade Pantry", "phone": "+6567342700", "facebook": "109132695795110", "facebookUsername": "TheMarmaladePantry", "twitter": "marmaladesg", "formattedPhone": "+65 6734 2700"}, "categories": [{"name": "Restaurant", "shortName": "Restaurant", "primary": true, "icon": {"prefix": "https://ss3.4sqi.net/img/categories_v2/food/default_", "suffix": ".png"}, "id": "4bf58dd8d48988d1c4941735", "pluralName": "Restaurants"}], "beenHere": {"lastCheckinExpiredAt": 0}, "location": {"country": "Singapore", "formattedAddress": ["#03-22, ION Orchard (2 Orchard Turn)", "238801", "Singapore"], "cc": "SG", "lat": 1.3040544208025502, "labeledLatLngs": [{"lng": 103.83203894969301, "lat": 1.3040544208025502, "label": "display"}], "postalCode": "238801", "address": "#03-22, ION Orchard", "lng": 103.83203894969301, "city": "Singapore", "crossStreet": "2 Orchard Turn"}, "like": false, "allowMenuUrlEdit": true, "name": "The Marmalade Pantry", "url": "http://themarmaladepantry.com.sg", "stats": {"checkinsCount": 7738, "tipCount": 125, "usersCount": 4888}, "verified": true, "id": "4b6a9f94f964a52039da2be3", "storeId": ""}, "height": 720}, {"width": 960, "visibility": "public", "createdAt": 1380191149, "id": "52440bad498e7a95a6c7bf8d", "source": {"name": "Foursquare for iOS", "url": "https://foursquare.com/download/#/iphone"}, "prefix": "https://igx.4sqi.net/img/general/", "suffix": "/1166235_OK5hhqDkq6sPT7aONBPYz-J65DQE2rWCHu8l8SfP4ck.jpg", "venue": {"contact": {}, "name": "Astons Specialities", "categories": [{"name": "American Restaurant", "shortName": "American", "primary": true, "icon": {"prefix": "https://ss3.4sqi.net/img/categories_v2/food/default_", "suffix": ".png"}, "id": "4bf58dd8d48988d14e941735", "pluralName": "American Restaurants"}], "beenHere": {"lastCheckinExpiredAt": 0}, "stats": {"checkinsCount": 6426, "tipCount": 6, "usersCount": 3377}, "verified": false, "url": "http://astons.com.sg", "id": "5145b4aae4b0df0d76f077a0", "location": {"country": "Singapore", "formattedAddress": ["#03-04 *SCAPE (2 Orchard Link)", "237978", "Singapore"], "cc": "SG", "lat": 1.3011696078398527, "labeledLatLngs": [{"lng": 103.83602429248353, "lat": 1.3011696078398527, "label": "display"}], "postalCode": "237978", "address": "#03-04 *SCAPE", "lng": 103.83602429248353, "city": "Singapore", "crossStreet": "2 Orchard Link"}, "like": false, "allowMenuUrlEdit": true}, "height": 720}, {"width": 960, "visibility": "public", "createdAt": 1380108583, "id": "5242c92711d20eca62d27f7f", "source": {"name": "Foursquare for iOS", "url": "https://foursquare.com/download/#/iphone"}, "prefix": "https://igx.4sqi.net/img/general/", "suffix": "/1166235_dqnjla7YYcFTZXQ2g2PKznpqG7xLo-UMLg4mdX1MCvs.jpg", "venue": {"contact": {"phone": "+6567328032", "formattedPhone": "+65 6732 8032"}, "name": "The Orange Lantern", "categories": [{"name": "Vietnamese Restaurant", "shortName": "Vietnamese", "primary": true, "icon": {"prefix": "https://ss3.4sqi.net/img/categories_v2/food/vietnamese_", "suffix": ".png"}, "id": "4bf58dd8d48988d14a941735", "pluralName": "Vietnamese Restaurants"}], "beenHere": {"lastCheckinExpiredAt": 0}, "stats": {"checkinsCount": 1246, "tipCount": 19, "usersCount": 807}, "verified": false, "url": "http://www.orange-lantern.com", "id": "4b62ddcbf964a52053562ae3", "location": {"country": "Singapore", "formattedAddress": ["73 Killiney Rd", "239528", "Singapore"], "cc": "SG", "lat": 1.2987027451258903, "labeledLatLngs": [{"lng": 103.83904734366097, "lat": 1.2987027451258903, "label": "display"}], "postalCode": "239528", "address": "73 Killiney Rd", "lng": 103.83904734366097, "city": "Singapore"}, "like": false, "allowMenuUrlEdit": true}, "height": 720}, {"width": 960, "visibility": "public", "createdAt": 1380006215, "id": "5241394711d2d2f037349d98", "source": {"name": "Foursquare for iOS", "url": "https://foursquare.com/download/#/iphone"}, "prefix": "https://igx.4sqi.net/img/general/", "suffix": "/1166235_ZhTiQI5kcsllYfWeRSkrQNc8kvJCop2tcBy6-VlXgvk.jpg", "venue": {"contact": {"facebookUsername": "TheProvidore", "facebookName": "The Providore", "phone": "+6567321565", "facebook": "125995904267989", "formattedPhone": "+65 6732 1565"}, "categories": [{"name": "Australian Restaurant", "shortName": "Australian", "primary": true, "icon": {"prefix": "https://ss3.4sqi.net/img/categories_v2/food/australian_", "suffix": ".png"}, "id": "4bf58dd8d48988d169941735", "pluralName": "Australian Restaurants"}], "stats": {"checkinsCount": 2756, "tipCount": 62, "usersCount": 1808}, "beenHere": {"lastCheckinExpiredAt": 0}, "location": {"country": "Singapore", "formattedAddress": ["#02-05 Mandarin Gallery (333 Orchard Rd.)", "238897", "Singapore"], "cc": "SG", "lat": 1.3024733029355295, "labeledLatLngs": [{"lng": 103.83688477959389, "lat": 1.3024733029355295, "label": "display"}], "postalCode": "238897", "address": "#02-05 Mandarin Gallery", "lng": 103.83688477959389, "city": "Singapore", "crossStreet": "333 Orchard Rd."}, "like": false, "allowMenuUrlEdit": true, "name": "The Providore", "url": "http://www.theprovidore.com", "menu": {"type": "Menu", "url": "http://www.theprovidore.com/menu/", "anchor": "View Menu", "mobileUrl": "http://www.theprovidore.com/menu/", "externalUrl": "http://www.theprovidore.com/menu/", "label": "Menu"}, "verified": false, "id": "51d6bd68498e8ee4ef7553f1"}, "height": 720}, {"width": 960, "visibility": "public", "createdAt": 1379230345, "id": "5235628911d270ba05b6ea61", "source": {"name": "Foursquare for iOS", "url": "https://foursquare.com/download/#/iphone"}, "prefix": "https://igx.4sqi.net/img/general/", "suffix": "/1166235_LHO01DpYpYPUy_UW92gZQ6raUwMxgAQfuuAcSHCGjsg.jpg", "venue": {"contact": {"phone": "+62614556333", "formattedPhone": "+62 61 4556333"}, "name": "Taipan Restaurant", "categories": [{"name": "Chinese Restaurant", "shortName": "Chinese", "primary": true, "icon": {"prefix": "https://ss3.4sqi.net/img/categories_v2/food/asian_", "suffix": ".png"}, "id": "4bf58dd8d48988d145941735", "pluralName": "Chinese Restaurants"}], "beenHere": {"lastCheckinExpiredAt": 0}, "stats": {"checkinsCount": 15963, "tipCount": 60, "usersCount": 6895}, "verified": false, "id": "4be95f4d9a54a5934ef80a11", "location": {"country": "Indonesia", "state": "Sumatera Utara", "formattedAddress": ["Capital Building (Jl. Putri Hijau No. 1 A)", "Medan", "Sumatera Utara 20111", "Indonesia"], "cc": "ID", "lat": 3.593611, "labeledLatLngs": [{"lng": 98.675913, "lat": 3.593611, "label": "display"}], "postalCode": "20111", "address": "Capital Building", "lng": 98.675913, "city": "Medan", "crossStreet": "Jl. Putri Hijau No. 1 A"}, "like": false, "allowMenuUrlEdit": true}, "height": 720}, {"width": 720, "visibility": "public", "createdAt": 1377871857, "id": "5220a7f1498ed65531830f36", "source": {"name": "Foursquare for iOS", "url": "https://foursquare.com/download/#/iphone"}, "prefix": "https://igx.4sqi.net/img/general/", "suffix": "/1166235_uvfKF13Vzqn-LpoM00wzmmLnO_C1Lr8FMbuJKayY0xA.jpg", "venue": {"contact": {}, "name": "Fountain", "categories": [{"name": "Ice Cream Shop", "shortName": "Ice Cream", "primary": true, "icon": {"prefix": "https://ss3.4sqi.net/img/categories_v2/food/icecream_", "suffix": ".png"}, "id": "4bf58dd8d48988d1c9941735", "pluralName": "Ice Cream Shops"}], "beenHere": {"lastCheckinExpiredAt": 0}, "stats": {"checkinsCount": 1459, "tipCount": 13, "usersCount": 1003}, "verified": false, "id": "51f67df8498e9bbe3b5fe76a", "location": {"country": "Indonesia", "state": "Sumatera Utara", "formattedAddress": ["Brastagi Supermarket Lt.1 (Jl. Gatot Subroto No.288)", "Medan", "Sumatera Utara", "Indonesia"], "cc": "ID", "lat": 3.5906320516738255, "labeledLatLngs": [{"lng": 98.65512494493058, "lat": 3.5906320516738255, "label": "display"}], "address": "Brastagi Supermarket Lt.1", "lng": 98.65512494493058, "city": "Medan", "crossStreet": "Jl. Gatot Subroto No.288"}, "like": false, "allowMenuUrlEdit": true}, "height": 960}, {"width": 960, "visibility": "public", "createdAt": 1376912310, "id": "521203b611d2775a7e6fce47", "source": {"name": "Foursquare for iOS", "url": "https://foursquare.com/download/#/iphone"}, "prefix": "https://igx.4sqi.net/img/general/", "suffix": "/1166235_SyskIhIdRFSNcVR79hj9YS_rOxQjM16awIaZkTGzchg.jpg", "venue": {"contact": {"phone": "+6565097709", "formattedPhone": "+65 6509 7709"}, "name": "Dean & DeLuca", "categories": [{"name": "Caf\u00e9", "shortName": "Caf\u00e9", "primary": true, "icon": {"prefix": "https://ss3.4sqi.net/img/categories_v2/food/cafe_", "suffix": ".png"}, "id": "4bf58dd8d48988d16d941735", "pluralName": "Caf\u00e9s"}], "beenHere": {"lastCheckinExpiredAt": 0}, "stats": {"checkinsCount": 5152, "tipCount": 75, "usersCount": 3117}, "verified": true, "id": "4ed84a274fc6fb124c63d24d", "location": {"country": "Singapore", "formattedAddress": ["#01-09/10/15, Orchard Central (181 Orchard Rd)", "238896", "Singapore"], "cc": "SG", "lat": 1.3007596214360164, "labeledLatLngs": [{"lng": 103.83979082107544, "lat": 1.3007596214360164, "label": "display"}], "postalCode": "238896", "address": "#01-09/10/15, Orchard Central", "lng": 103.83979082107544, "city": "Singapore", "crossStreet": "181 Orchard Rd"}, "like": false, "allowMenuUrlEdit": true}, "height": 720}, {"width": 720, "visibility": "public", "createdAt": 1376898577, "id": "5211ce1111d25c859c1d3086", "source": {"name": "Foursquare for iOS", "url": "https://foursquare.com/download/#/iphone"}, "prefix": "https://igx.4sqi.net/img/general/", "suffix": "/1166235_csy20GKt37XZkcRFL3CshJCoLJu0-U1OueHAbIt0Fm8.jpg", "venue": {"contact": {"phone": "+6567356765", "formattedPhone": "+65 6735 6765"}, "name": "PS. Cafe", "categories": [{"name": "Caf\u00e9", "shortName": "Caf\u00e9", "primary": true, "icon": {"prefix": "https://ss3.4sqi.net/img/categories_v2/food/cafe_", "suffix": ".png"}, "id": "4bf58dd8d48988d16d941735", "pluralName": "Caf\u00e9s"}], "beenHere": {"lastCheckinExpiredAt": 0}, "stats": {"checkinsCount": 4942, "tipCount": 89, "usersCount": 3085}, "verified": false, "url": "http://www.pscafe.sg", "id": "4bda5d2563c5c9b61deb2368", "location": {"country": "Singapore", "formattedAddress": ["Level 3, Paragon Shopping Centre (290 Orchard Rd)", "238859", "Singapore"], "cc": "SG", "lat": 1.3034663967882851, "labeledLatLngs": [{"lng": 103.83569028908882, "lat": 1.3034663967882851, "label": "display"}], "postalCode": "238859", "address": "Level 3, Paragon Shopping Centre", "lng": 103.83569028908882, "city": "Singapore", "crossStreet": "290 Orchard Rd"}, "like": false, "allowMenuUrlEdit": true}, "height": 960}, {"width": 960, "visibility": "public", "createdAt": 1376898570, "id": "5211ce0a11d2be6879be08da", "source": {"name": "Foursquare for iOS", "url": "https://foursquare.com/download/#/iphone"}, "prefix": "https://igx.4sqi.net/img/general/", "suffix": "/1166235_FcEjD4Ku_G76gl7nSG8OkJcbBuKEgwT5E5ycnk5M4k0.jpg", "venue": {"contact": {"phone": "+6567356765", "formattedPhone": "+65 6735 6765"}, "name": "PS. Cafe", "categories": [{"name": "Caf\u00e9", "shortName": "Caf\u00e9", "primary": true, "icon": {"prefix": "https://ss3.4sqi.net/img/categories_v2/food/cafe_", "suffix": ".png"}, "id": "4bf58dd8d48988d16d941735", "pluralName": "Caf\u00e9s"}], "beenHere": {"lastCheckinExpiredAt": 0}, "stats": {"checkinsCount": 4942, "tipCount": 89, "usersCount": 3085}, "verified": false, "url": "http://www.pscafe.sg", "id": "4bda5d2563c5c9b61deb2368", "location": {"country": "Singapore", "formattedAddress": ["Level 3, Paragon Shopping Centre (290 Orchard Rd)", "238859", "Singapore"], "cc": "SG", "lat": 1.3034663967882851, "labeledLatLngs": [{"lng": 103.83569028908882, "lat": 1.3034663967882851, "label": "display"}], "postalCode": "238859", "address": "Level 3, Paragon Shopping Centre", "lng": 103.83569028908882, "city": "Singapore", "crossStreet": "290 Orchard Rd"}, "like": false, "allowMenuUrlEdit": true}, "height": 720}, {"width": 960, "visibility": "public", "createdAt": 1376484322, "id": "520b7be211d2af8be31ac7b7", "source": {"name": "Foursquare for iOS", "url": "https://foursquare.com/download/#/iphone"}, "prefix": "https://igx.4sqi.net/img/general/", "suffix": "/1166235_FqDNwJTpZtC_kkdR22S1QUa0l4bUVu7RvaILC4bGevQ.jpg", "venue": {"contact": {"facebookName": "Antoinette", "phone": "+6568369209", "facebook": "166421393414783", "formattedPhone": "+65 6836 9209"}, "categories": [{"name": "French Restaurant", "shortName": "French", "primary": true, "icon": {"prefix": "https://ss3.4sqi.net/img/categories_v2/food/french_", "suffix": ".png"}, "id": "4bf58dd8d48988d10c941735", "pluralName": "French Restaurants"}], "stats": {"checkinsCount": 4723, "tipCount": 55, "usersCount": 2997}, "beenHere": {"lastCheckinExpiredAt": 0}, "location": {"country": "Singapore", "formattedAddress": ["#02-33/34, Mandarin Gallery (333A Orchard Rd.)", "238867", "Singapore"], "cc": "SG", "lat": 1.3021930314584784, "labeledLatLngs": [{"lng": 103.83695271301927, "lat": 1.3021930314584784, "label": "display"}], "postalCode": "238867", "address": "#02-33/34, Mandarin Gallery", "lng": 103.83695271301927, "city": "Singapore", "crossStreet": "333A Orchard Rd."}, "like": false, "allowMenuUrlEdit": true, "name": "Antoinette Cafe", "url": "http://www.antoinette.com.sg", "menu": {"type": "Menu", "url": "http://www.antoinette.com.sg/menu.html", "anchor": "View Menu", "mobileUrl": "http://www.antoinette.com.sg/menu.html", "externalUrl": "http://www.antoinette.com.sg/menu.html", "label": "Menu"}, "verified": false, "id": "4dd913828877f11510113687"}, "height": 719}, {"width": 960, "visibility": "public", "createdAt": 1374746666, "id": "51f0f82a498e884605cabbd2", "source": {"name": "Foursquare for iOS", "url": "https://foursquare.com/download/#/iphone"}, "prefix": "https://igx.4sqi.net/img/general/", "suffix": "/1166235_P2yqVEUJA6LEjUJCSK5_isfD1lFCGGFQJ76i4BIAia4.jpg", "venue": {"contact": {}, "name": "Fish & Co.", "categories": [{"name": "Seafood Restaurant", "shortName": "Seafood", "primary": true, "icon": {"prefix": "https://ss3.4sqi.net/img/categories_v2/food/seafood_", "suffix": ".png"}, "id": "4bf58dd8d48988d1ce941735", "pluralName": "Seafood Restaurants"}], "beenHere": {"lastCheckinExpiredAt": 0}, "stats": {"checkinsCount": 3958, "tipCount": 29, "usersCount": 3126}, "verified": false, "id": "4b56f3b8f964a520702028e3", "location": {"country": "Singapore", "formattedAddress": ["#B1-35/36, Paragon (290 Orchard Rd)", "238859", "Singapore"], "cc": "SG", "lat": 1.3032207912052596, "labeledLatLngs": [{"lng": 103.83544120234679, "lat": 1.3032207912052596, "label": "display"}], "postalCode": "238859", "address": "#B1-35/36, Paragon", "lng": 103.83544120234679, "city": "Singapore", "crossStreet": "290 Orchard Rd"}, "like": false, "allowMenuUrlEdit": true}, "height": 719}, {"width": 1440, "visibility": "public", "createdAt": 1365855332, "id": "51694c64e4b032fb3610fecf", "source": {"name": "Foursquare for iOS", "url": "https://foursquare.com/download/#/iphone"}, "prefix": "https://igx.4sqi.net/img/general/", "suffix": "/1166235_aiaPCvjnyRacA9X1ig8w81NSLz3GH4Jox3qPwDmUfQc.jpg", "venue": {"contact": {"phone": "+62614567784", "formattedPhone": "+62 61 4567784"}, "name": "Tea & Cake", "categories": [{"name": "Dessert Shop", "shortName": "Desserts", "primary": true, "icon": {"prefix": "https://ss3.4sqi.net/img/categories_v2/food/dessert_", "suffix": ".png"}, "id": "4bf58dd8d48988d1d0941735", "pluralName": "Dessert Shops"}], "beenHere": {"lastCheckinExpiredAt": 0}, "stats": {"checkinsCount": 2163, "tipCount": 21, "usersCount": 1573}, "verified": false, "id": "513c435ee4b092334375a317", "location": {"country": "Indonesia", "state": "Sumatera Utara", "formattedAddress": ["Jl. Letjend. S. Parman No. 10/12 (Simpang Jl. Karo)", "Medan", "Sumatera Utara 20112", "Indonesia"], "cc": "ID", "lat": 3.591095616028696, "labeledLatLngs": [{"lng": 98.67049352926406, "lat": 3.591095616028696, "label": "display"}], "postalCode": "20112", "address": "Jl. Letjend. S. Parman No. 10/12", "lng": 98.67049352926406, "city": "Medan", "crossStreet": "Simpang Jl. Karo"}, "like": false, "allowMenuUrlEdit": true}, "height": 1918}, {"width": 1920, "visibility": "public", "createdAt": 1365855322, "id": "51694c5ae4b02c13d23df6fb", "source": {"name": "Foursquare for iOS", "url": "https://foursquare.com/download/#/iphone"}, "prefix": "https://igx.4sqi.net/img/general/", "suffix": "/1166235_4P270cD-UaVzgpGr-54Ug9L1Kz7nZRAm1znZ0KW47is.jpg", "venue": {"contact": {"phone": "+62614567784", "formattedPhone": "+62 61 4567784"}, "name": "Tea & Cake", "categories": [{"name": "Dessert Shop", "shortName": "Desserts", "primary": true, "icon": {"prefix": "https://ss3.4sqi.net/img/categories_v2/food/dessert_", "suffix": ".png"}, "id": "4bf58dd8d48988d1d0941735", "pluralName": "Dessert Shops"}], "beenHere": {"lastCheckinExpiredAt": 0}, "stats": {"checkinsCount": 2163, "tipCount": 21, "usersCount": 1573}, "verified": false, "id": "513c435ee4b092334375a317", "location": {"country": "Indonesia", "state": "Sumatera Utara", "formattedAddress": ["Jl. Letjend. S. Parman No. 10/12 (Simpang Jl. Karo)", "Medan", "Sumatera Utara 20112", "Indonesia"], "cc": "ID", "lat": 3.591095616028696, "labeledLatLngs": [{"lng": 98.67049352926406, "lat": 3.591095616028696, "label": "display"}], "postalCode": "20112", "address": "Jl. Letjend. S. Parman No. 10/12", "lng": 98.67049352926406, "city": "Medan", "crossStreet": "Simpang Jl. Karo"}, "like": false, "allowMenuUrlEdit": true}, "height": 1438}, {"width": 1920, "visibility": "public", "createdAt": 1365855308, "id": "51694c4ce4b0bafffc44ede4", "source": {"name": "Foursquare for iOS", "url": "https://foursquare.com/download/#/iphone"}, "prefix": "https://igx.4sqi.net/img/general/", "suffix": "/1166235_hBJ6mkPw6mgXXvQxbbAQHlGAelS4ZJ3YVPAF1aGCw5w.jpg", "venue": {"contact": {"phone": "+62614567784", "formattedPhone": "+62 61 4567784"}, "name": "Tea & Cake", "categories": [{"name": "Dessert Shop", "shortName": "Desserts", "primary": true, "icon": {"prefix": "https://ss3.4sqi.net/img/categories_v2/food/dessert_", "suffix": ".png"}, "id": "4bf58dd8d48988d1d0941735", "pluralName": "Dessert Shops"}], "beenHere": {"lastCheckinExpiredAt": 0}, "stats": {"checkinsCount": 2163, "tipCount": 21, "usersCount": 1573}, "verified": false, "id": "513c435ee4b092334375a317", "location": {"country": "Indonesia", "state": "Sumatera Utara", "formattedAddress": ["Jl. Letjend. S. Parman No. 10/12 (Simpang Jl. Karo)", "Medan", "Sumatera Utara 20112", "Indonesia"], "cc": "ID", "lat": 3.591095616028696, "labeledLatLngs": [{"lng": 98.67049352926406, "lat": 3.591095616028696, "label": "display"}], "postalCode": "20112", "address": "Jl. Letjend. S. Parman No. 10/12", "lng": 98.67049352926406, "city": "Medan", "crossStreet": "Simpang Jl. Karo"}, "like": false, "allowMenuUrlEdit": true}, "height": 1438}, {"width": 1440, "visibility": "public", "createdAt": 1365855304, "id": "51694c48e4b042809f15cd37", "source": {"name": "Foursquare for iOS", "url": "https://foursquare.com/download/#/iphone"}, "prefix": "https://igx.4sqi.net/img/general/", "suffix": "/1166235_OWoMx895dSfXctZlDKuhiC26u7t9mBtzpa0QkyhDcaE.jpg", "venue": {"contact": {"phone": "+62614567784", "formattedPhone": "+62 61 4567784"}, "name": "Tea & Cake", "categories": [{"name": "Dessert Shop", "shortName": "Desserts", "primary": true, "icon": {"prefix": "https://ss3.4sqi.net/img/categories_v2/food/dessert_", "suffix": ".png"}, "id": "4bf58dd8d48988d1d0941735", "pluralName": "Dessert Shops"}], "beenHere": {"lastCheckinExpiredAt": 0}, "stats": {"checkinsCount": 2163, "tipCount": 21, "usersCount": 1573}, "verified": false, "id": "513c435ee4b092334375a317", "location": {"country": "Indonesia", "state": "Sumatera Utara", "formattedAddress": ["Jl. Letjend. S. Parman No. 10/12 (Simpang Jl. Karo)", "Medan", "Sumatera Utara 20112", "Indonesia"], "cc": "ID", "lat": 3.591095616028696, "labeledLatLngs": [{"lng": 98.67049352926406, "lat": 3.591095616028696, "label": "display"}], "postalCode": "20112", "address": "Jl. Letjend. S. Parman No. 10/12", "lng": 98.67049352926406, "city": "Medan", "crossStreet": "Simpang Jl. Karo"}, "like": false, "allowMenuUrlEdit": true}, "height": 1918}, {"width": 1440, "visibility": "public", "createdAt": 1365855249, "id": "51694c11e4b011551f0fe20d", "source": {"name": "Foursquare for iOS", "url": "https://foursquare.com/download/#/iphone"}, "prefix": "https://igx.4sqi.net/img/general/", "suffix": "/1166235_Rh5Ino8X0qVHmokldQDzKUYT7ciFhiKSRTQ5-BlWzOs.jpg", "venue": {"contact": {"phone": "+62614567784", "formattedPhone": "+62 61 4567784"}, "name": "Tea & Cake", "categories": [{"name": "Dessert Shop", "shortName": "Desserts", "primary": true, "icon": {"prefix": "https://ss3.4sqi.net/img/categories_v2/food/dessert_", "suffix": ".png"}, "id": "4bf58dd8d48988d1d0941735", "pluralName": "Dessert Shops"}], "beenHere": {"lastCheckinExpiredAt": 0}, "stats": {"checkinsCount": 2163, "tipCount": 21, "usersCount": 1573}, "verified": false, "id": "513c435ee4b092334375a317", "location": {"country": "Indonesia", "state": "Sumatera Utara", "formattedAddress": ["Jl. Letjend. S. Parman No. 10/12 (Simpang Jl. Karo)", "Medan", "Sumatera Utara 20112", "Indonesia"], "cc": "ID", "lat": 3.591095616028696, "labeledLatLngs": [{"lng": 98.67049352926406, "lat": 3.591095616028696, "label": "display"}], "postalCode": "20112", "address": "Jl. Letjend. S. Parman No. 10/12", "lng": 98.67049352926406, "city": "Medan", "crossStreet": "Simpang Jl. Karo"}, "like": false, "allowMenuUrlEdit": true}, "height": 1918}, {"width": 960, "visibility": "public", "createdAt": 1362920626, "id": "513c84b2e4b017814726a242", "source": {"name": "Foursquare for iOS", "url": "https://foursquare.com/download/#/iphone"}, "prefix": "https://igx.4sqi.net/img/general/", "suffix": "/1166235_2FbRfoPYKJ7RBCnm0Zk6wkrKRfYQtN-Q2DEFMTmMqzM.jpg", "venue": {"contact": {}, "categories": [{"name": "Dessert Shop", "shortName": "Desserts", "primary": true, "icon": {"prefix": "https://ss3.4sqi.net/img/categories_v2/food/dessert_", "suffix": ".png"}, "id": "4bf58dd8d48988d1d0941735", "pluralName": "Dessert Shops"}], "closed": true, "beenHere": {"lastCheckinExpiredAt": 0}, "location": {"country": "Singapore", "formattedAddress": ["#02-52, The Centrepoint (176 Orchard Rd)", "238843", "Singapore"], "cc": "SG", "lat": 1.3018736011330982, "postalCode": "238843", "address": "#02-52, The Centrepoint", "lng": 103.83935304921516, "city": "Singapore", "crossStreet": "176 Orchard Rd"}, "like": false, "allowMenuUrlEdit": true, "name": "Swensen's", "url": "http://www.swensens.com.sg", "stats": {"checkinsCount": 1265, "tipCount": 4, "usersCount": 948}, "verified": false, "id": "4d888a84401a224b89a97918"}, "height": 720}, {"width": 960, "visibility": "public", "createdAt": 1356083656, "id": "50d431c8e4b08fb5e9f331eb", "source": {"name": "Foursquare for iOS", "url": "https://foursquare.com/download/#/iphone"}, "prefix": "https://igx.4sqi.net/img/general/", "suffix": "/1166235_8S1JxqjxVux1tKGztuBw4mpDGGyTGPwHetJFm_J3-2U.jpg", "venue": {"contact": {"phone": "+6566844312", "formattedPhone": "+65 6684 4312"}, "name": "Nana's Green Tea", "categories": [{"name": "Dessert Shop", "shortName": "Desserts", "primary": true, "icon": {"prefix": "https://ss3.4sqi.net/img/categories_v2/food/dessert_", "suffix": ".png"}, "id": "4bf58dd8d48988d1d0941735", "pluralName": "Dessert Shops"}], "beenHere": {"lastCheckinExpiredAt": 0}, "stats": {"checkinsCount": 3193, "tipCount": 50, "usersCount": 2107}, "verified": false, "id": "50c7c669e4b0f360f1e09e13", "location": {"country": "Singapore", "formattedAddress": ["#03-80/82 Plaza Singapura (68 Orchard Rd)", "238839", "Singapore"], "cc": "SG", "lat": 1.29957297156287, "labeledLatLngs": [{"lng": 103.84497475741834, "lat": 1.29957297156287, "label": "display"}], "postalCode": "238839", "address": "#03-80/82 Plaza Singapura", "lng": 103.84497475741834, "city": "Singapore", "crossStreet": "68 Orchard Rd"}, "like": false, "allowMenuUrlEdit": true}, "height": 720}, {"width": 540, "visibility": "public", "createdAt": 1355320706, "id": "50c88d82e4b09f4dae3b13f0", "source": {"name": "Foursquare for iOS", "url": "https://foursquare.com/download/#/iphone"}, "prefix": "https://igx.4sqi.net/img/general/", "suffix": "/1166235_DsA9eiEgKuC9eEHnt-uagxK2e_nXtQRtJTkzF45WILI.jpg", "venue": {"contact": {"phone": "+6567330684", "formattedPhone": "+65 6733 0684"}, "name": "Starbucks", "categories": [{"name": "Coffee Shop", "shortName": "Coffee Shop", "primary": true, "icon": {"prefix": "https://ss3.4sqi.net/img/categories_v2/food/coffeeshop_", "suffix": ".png"}, "id": "4bf58dd8d48988d1e0931735", "pluralName": "Coffee Shops"}], "beenHere": {"lastCheckinExpiredAt": 0}, "stats": {"checkinsCount": 3545, "tipCount": 10, "usersCount": 2404}, "verified": false, "url": "http://www.starbucks.com.sg", "id": "50bcad6ae4b07b04b525e195", "location": {"country": "Singapore", "formattedAddress": ["#01-K1 Cathay Cineleisure Orchard (8 Grange Rd.)", "239695", "Singapore"], "cc": "SG", "lat": 1.3011561600058412, "labeledLatLngs": [{"lng": 103.83681118508812, "lat": 1.3011561600058412, "label": "display"}], "postalCode": "239695", "address": "#01-K1 Cathay Cineleisure Orchard", "lng": 103.83681118508812, "city": "Singapore", "crossStreet": "8 Grange Rd."}, "like": false, "allowMenuUrlEdit": true}, "height": 720}, {"width": 720, "visibility": "public", "createdAt": 1353063688, "id": "50a61d08e4b04ec2658c7af6", "source": {"name": "Foursquare for iOS", "url": "https://foursquare.com/download/#/iphone"}, "prefix": "https://igx.4sqi.net/img/general/", "suffix": "/1166235_q5gWGQYCTF34wASvB0_t79IK1ChOvgiUYl-tHShRi_g.jpg", "venue": {"contact": {"facebookName": "The Marmalade Pantry", "phone": "+6567342700", "facebook": "109132695795110", "facebookUsername": "TheMarmaladePantry", "twitter": "marmaladesg", "formattedPhone": "+65 6734 2700"}, "categories": [{"name": "Restaurant", "shortName": "Restaurant", "primary": true, "icon": {"prefix": "https://ss3.4sqi.net/img/categories_v2/food/default_", "suffix": ".png"}, "id": "4bf58dd8d48988d1c4941735", "pluralName": "Restaurants"}], "beenHere": {"lastCheckinExpiredAt": 0}, "location": {"country": "Singapore", "formattedAddress": ["#03-22, ION Orchard (2 Orchard Turn)", "238801", "Singapore"], "cc": "SG", "lat": 1.3040544208025502, "labeledLatLngs": [{"lng": 103.83203894969301, "lat": 1.3040544208025502, "label": "display"}], "postalCode": "238801", "address": "#03-22, ION Orchard", "lng": 103.83203894969301, "city": "Singapore", "crossStreet": "2 Orchard Turn"}, "like": false, "allowMenuUrlEdit": true, "name": "The Marmalade Pantry", "url": "http://themarmaladepantry.com.sg", "stats": {"checkinsCount": 7738, "tipCount": 125, "usersCount": 4888}, "verified": true, "id": "4b6a9f94f964a52039da2be3", "storeId": ""}, "height": 508}, {"width": 720, "visibility": "public", "createdAt": 1352118871, "id": "5097b257e4b075af1a9fef42", "source": {"name": "Foursquare for iOS", "url": "https://foursquare.com/download/#/iphone"}, "prefix": "https://igx.4sqi.net/img/general/", "suffix": "/1166235_NmWpNpb6vnLd9f6BTUVcwbv3GSUdQCWy8ek9eOOkI6s.jpg", "venue": {"contact": {"phone": "+6567336636", "formattedPhone": "+65 6733 6636"}, "name": "Sun With Moon Japanese Dining & Caf\u00e9", "categories": [{"name": "Japanese Restaurant", "shortName": "Japanese", "primary": true, "icon": {"prefix": "https://ss3.4sqi.net/img/categories_v2/food/japanese_", "suffix": ".png"}, "id": "4bf58dd8d48988d111941735", "pluralName": "Japanese Restaurants"}], "beenHere": {"lastCheckinExpiredAt": 0}, "stats": {"checkinsCount": 5672, "tipCount": 71, "usersCount": 3588}, "verified": false, "url": "http://www.sunwithmoon.com.sg", "id": "4b911562f964a520eca233e3", "location": {"country": "Singapore", "formattedAddress": ["#03-15 Wheelock Pl. (501 Orchard Rd.)", "238880", "Singapore"], "cc": "SG", "lat": 1.3040793359581913, "labeledLatLngs": [{"lng": 103.83085016273535, "lat": 1.3040793359581913, "label": "display"}], "postalCode": "238880", "address": "#03-15 Wheelock Pl.", "lng": 103.83085016273535, "city": "Singapore", "crossStreet": "501 Orchard Rd."}, "like": false, "allowMenuUrlEdit": true}, "height": 540}, {"width": 540, "visibility": "public", "createdAt": 1351694439, "id": "50913867e4b0c3ef0a4fd3bf", "source": {"name": "Foursquare for iOS", "url": "https://foursquare.com/download/#/iphone"}, "prefix": "https://igx.4sqi.net/img/general/", "suffix": "/1166235_0zQMGajaCkfLErYCmxrP8V3jTnHu_lqYkZFS0pmWOTE.jpg", "venue": {"contact": {"phone": "+6567352688", "formattedPhone": "+65 6735 2688"}, "name": "The Connoisseur Concerto (TCC)", "categories": [{"name": "Caf\u00e9", "shortName": "Caf\u00e9", "primary": true, "icon": {"prefix": "https://ss3.4sqi.net/img/categories_v2/food/cafe_", "suffix": ".png"}, "id": "4bf58dd8d48988d16d941735", "pluralName": "Caf\u00e9s"}], "beenHere": {"lastCheckinExpiredAt": 0}, "stats": {"checkinsCount": 1792, "tipCount": 7, "usersCount": 1036}, "verified": false, "id": "4bbde9554e069c746b479fe3", "location": {"country": "Singapore", "formattedAddress": ["182 Orchard Rd (Peranakan Place Complex)", "238847", "Singapore"], "cc": "SG", "lat": 1.3011151821317155, "labeledLatLngs": [{"lng": 103.83926246971991, "lat": 1.3011151821317155, "label": "display"}], "postalCode": "238847", "address": "182 Orchard Rd", "lng": 103.83926246971991, "city": "Singapore", "crossStreet": "Peranakan Place Complex"}, "like": false, "allowMenuUrlEdit": true}, "height": 540}, {"width": 481, "visibility": "public", "createdAt": 1350303047, "id": "507bfd47e4b00277f4968858", "source": {"name": "Foursquare for BlackBerry", "url": "https://foursquare.com/download/#/blackberry"}, "prefix": "https://igx.4sqi.net/img/general/", "suffix": "/1166235_g-Rxd_ALp04QhFSl88MAOc3rpS4Ss74X0LClFaIQ8pg.jpg", "venue": {"contact": {"phone": "+6563769972", "formattedPhone": "+65 6376 9972"}, "name": "Akashi", "categories": [{"name": "Japanese Restaurant", "shortName": "Japanese", "primary": true, "icon": {"prefix": "https://ss3.4sqi.net/img/categories_v2/food/japanese_", "suffix": ".png"}, "id": "4bf58dd8d48988d111941735", "pluralName": "Japanese Restaurants"}], "closed": true, "beenHere": {"lastCheckinExpiredAt": 0}, "stats": {"checkinsCount": 1364, "tipCount": 27, "usersCount": 926}, "verified": false, "id": "4b762306f964a520323f2ee3", "location": {"country": "Singapore", "formattedAddress": ["#B2-07/08/09, VivoCity (1 HarbourFront Walk)", "098585\u200e", "Singapore"], "cc": "SG", "lat": 1.2653418876011964, "postalCode": "098585\u200e", "address": "#B2-07/08/09, VivoCity", "lng": 103.82217407226562, "city": "Singapore", "crossStreet": "1 HarbourFront Walk"}, "like": false, "allowMenuUrlEdit": true}, "height": 641}, {"width": 481, "visibility": "public", "createdAt": 1350218184, "id": "507ab1c8e4b0a4757e955b3f", "source": {"name": "Foursquare for BlackBerry", "url": "https://foursquare.com/download/#/blackberry"}, "prefix": "https://igx.4sqi.net/img/general/", "suffix": "/1166235_03aL608Xkv1IlIlhTI5kuxMFkuTwulRmTU-KGiybLR4.jpg", "venue": {"contact": {"phone": "+6567359882", "formattedPhone": "+65 6735 9882"}, "name": "Shimbashi Soba", "categories": [{"name": "Noodle House", "shortName": "Noodles", "primary": true, "icon": {"prefix": "https://ss3.4sqi.net/img/categories_v2/food/ramen_", "suffix": ".png"}, "id": "4bf58dd8d48988d1d1941735", "pluralName": "Noodle Houses"}], "beenHere": {"lastCheckinExpiredAt": 0}, "stats": {"checkinsCount": 3144, "tipCount": 50, "usersCount": 1990}, "verified": false, "url": "http://www.sobaworld.com.sg", "id": "4b1e4a74f964a520701824e3", "location": {"country": "Singapore", "formattedAddress": ["#B1-41, The Paragon (290 Orchard Road)", "238859", "Singapore"], "cc": "SG", "lat": 1.3036288438841086, "labeledLatLngs": [{"lng": 103.83530616760254, "lat": 1.3036288438841086, "label": "display"}], "postalCode": "238859", "address": "#B1-41, The Paragon", "lng": 103.83530616760254, "city": "Singapore", "crossStreet": "290 Orchard Road"}, "like": false, "allowMenuUrlEdit": true}, "height": 641}, {"width": 481, "visibility": "public", "createdAt": 1350218165, "id": "507ab1b5e4b0199a3417bf3e", "source": {"name": "Foursquare for BlackBerry", "url": "https://foursquare.com/download/#/blackberry"}, "prefix": "https://igx.4sqi.net/img/general/", "suffix": "/1166235_vUWza56un_DuDkxnOpAtBogSo1xTHGELPxzerDdDCGI.jpg", "venue": {"contact": {"phone": "+6567359882", "formattedPhone": "+65 6735 9882"}, "name": "Shimbashi Soba", "categories": [{"name": "Noodle House", "shortName": "Noodles", "primary": true, "icon": {"prefix": "https://ss3.4sqi.net/img/categories_v2/food/ramen_", "suffix": ".png"}, "id": "4bf58dd8d48988d1d1941735", "pluralName": "Noodle Houses"}], "beenHere": {"lastCheckinExpiredAt": 0}, "stats": {"checkinsCount": 3144, "tipCount": 50, "usersCount": 1990}, "verified": false, "url": "http://www.sobaworld.com.sg", "id": "4b1e4a74f964a520701824e3", "location": {"country": "Singapore", "formattedAddress": ["#B1-41, The Paragon (290 Orchard Road)", "238859", "Singapore"], "cc": "SG", "lat": 1.3036288438841086, "labeledLatLngs": [{"lng": 103.83530616760254, "lat": 1.3036288438841086, "label": "display"}], "postalCode": "238859", "address": "#B1-41, The Paragon", "lng": 103.83530616760254, "city": "Singapore", "crossStreet": "290 Orchard Road"}, "like": false, "allowMenuUrlEdit": true}, "height": 641}, {"width": 481, "visibility": "public", "createdAt": 1349096549, "id": "50699465e4b029655d47dcbe", "source": {"name": "Foursquare for BlackBerry", "url": "https://foursquare.com/download/#/blackberry"}, "prefix": "https://igx.4sqi.net/img/general/", "suffix": "/1166235__OIMqsmgy6I4CNCX53BvDrArU-hqDAhBFEhywuiwSGY.jpg", "venue": {"contact": {"phone": "+6567336636", "formattedPhone": "+65 6733 6636"}, "name": "Sun With Moon Japanese Dining & Caf\u00e9", "categories": [{"name": "Japanese Restaurant", "shortName": "Japanese", "primary": true, "icon": {"prefix": "https://ss3.4sqi.net/img/categories_v2/food/japanese_", "suffix": ".png"}, "id": "4bf58dd8d48988d111941735", "pluralName": "Japanese Restaurants"}], "beenHere": {"lastCheckinExpiredAt": 0}, "stats": {"checkinsCount": 5672, "tipCount": 71, "usersCount": 3588}, "verified": false, "url": "http://www.sunwithmoon.com.sg", "id": "4b911562f964a520eca233e3", "location": {"country": "Singapore", "formattedAddress": ["#03-15 Wheelock Pl. (501 Orchard Rd.)", "238880", "Singapore"], "cc": "SG", "lat": 1.3040793359581913, "labeledLatLngs": [{"lng": 103.83085016273535, "lat": 1.3040793359581913, "label": "display"}], "postalCode": "238880", "address": "#03-15 Wheelock Pl.", "lng": 103.83085016273535, "city": "Singapore", "crossStreet": "501 Orchard Rd."}, "like": false, "allowMenuUrlEdit": true}, "height": 641}, {"width": 481, "visibility": "public", "createdAt": 1349005478, "id": "506830a6e4b064a76d1c8134", "source": {"name": "Foursquare for BlackBerry", "url": "https://foursquare.com/download/#/blackberry"}, "prefix": "https://igx.4sqi.net/img/general/", "suffix": "/1166235_2FEP5gcJR7uTnduy7PG7s89b4uFeVYML07cc4giwURw.jpg", "venue": {"contact": {"phone": "+6567359267", "formattedPhone": "+65 6735 9267"}, "name": "Honeymoon Dessert \u6ee1\u8bb0\u751c\u54c1", "categories": [{"name": "Dessert Shop", "shortName": "Desserts", "primary": true, "icon": {"prefix": "https://ss3.4sqi.net/img/categories_v2/food/dessert_", "suffix": ".png"}, "id": "4bf58dd8d48988d1d0941735", "pluralName": "Dessert Shops"}], "beenHere": {"lastCheckinExpiredAt": 0}, "stats": {"checkinsCount": 1521, "tipCount": 16, "usersCount": 1082}, "verified": false, "url": "http://www.honeymoon-dessert.com", "id": "4eedea50722ea7761830338b", "location": {"country": "Singapore", "formattedAddress": ["#B1-09, The Paragon (290 Orchard Rd)", "238874", "Singapore"], "cc": "SG", "lat": 1.3032313612008217, "labeledLatLngs": [{"lng": 103.83531099809548, "lat": 1.3032313612008217, "label": "display"}], "postalCode": "238874", "address": "#B1-09, The Paragon", "lng": 103.83531099809548, "city": "Singapore", "crossStreet": "290 Orchard Rd"}, "like": false, "allowMenuUrlEdit": true}, "height": 641}, {"width": 481, "visibility": "public", "createdAt": 1347963399, "id": "50584a07e4b047cacfcb5377", "source": {"name": "Foursquare for BlackBerry", "url": "https://foursquare.com/download/#/blackberry"}, "prefix": "https://igx.4sqi.net/img/general/", "suffix": "/1166235_zSYFLbg9z9Ex16qesJKs58rPdSn_KbF0MdvejYKv2Og.jpg", "venue": {"contact": {"phone": "+6568362010", "formattedPhone": "+65 6836 2010"}, "name": "Paris Baguette Caf\u00e9", "categories": [{"name": "Caf\u00e9", "shortName": "Caf\u00e9", "primary": true, "icon": {"prefix": "https://ss3.4sqi.net/img/categories_v2/food/cafe_", "suffix": ".png"}, "id": "4bf58dd8d48988d16d941735", "pluralName": "Caf\u00e9s"}], "beenHere": {"lastCheckinExpiredAt": 0}, "stats": {"checkinsCount": 8511, "tipCount": 86, "usersCount": 5596}, "verified": false, "id": "50488ef0e4b0424d59059f9c", "location": {"country": "Singapore", "formattedAddress": ["#02-48, Wisma Atria (435 Orchard Rd)", "239977", "Singapore"], "cc": "SG", "lat": 1.3038726352880161, "labeledLatLngs": [{"lng": 103.83342022001182, "lat": 1.3038726352880161, "label": "display"}], "postalCode": "239977", "address": "#02-48, Wisma Atria", "lng": 103.83342022001182, "city": "Singapore", "crossStreet": "435 Orchard Rd"}, "like": false, "allowMenuUrlEdit": true}, "height": 641}, {"width": 481, "visibility": "public", "createdAt": 1347857434, "id": "5056ac1ae4b0244ddf5ff20f", "source": {"name": "Foursquare for BlackBerry", "url": "https://foursquare.com/download/#/blackberry"}, "prefix": "https://igx.4sqi.net/img/general/", "suffix": "/1166235_QiOzvVwwFJcgo5_-MmMqlvxIgdLGo_3rNJtr16Lk4o4.jpg", "venue": {"contact": {"facebookName": "Itacho Sushi", "phone": "+6565098911", "facebook": "158303486802", "formattedPhone": "+65 6509 8911"}, "name": "Itacho Sushi", "categories": [{"name": "Sushi Restaurant", "shortName": "Sushi", "primary": true, "icon": {"prefix": "https://ss3.4sqi.net/img/categories_v2/food/sushi_", "suffix": ".png"}, "id": "4bf58dd8d48988d1d2941735", "pluralName": "Sushi Restaurants"}], "beenHere": {"lastCheckinExpiredAt": 0}, "stats": {"checkinsCount": 9286, "tipCount": 125, "usersCount": 5340}, "verified": false, "id": "4b7bc8fcf964a520206e2fe3", "location": {"country": "Singapore", "formattedAddress": ["#B3-20, ION Orchard (2 Orchard Turn)", "238801", "Singapore"], "cc": "SG", "lat": 1.3042563182643847, "labeledLatLngs": [{"lng": 103.8319158554077, "lat": 1.3042563182643847, "label": "display"}], "postalCode": "238801", "address": "#B3-20, ION Orchard", "lng": 103.8319158554077, "city": "Singapore", "crossStreet": "2 Orchard Turn"}, "like": false, "allowMenuUrlEdit": true}, "height": 641}, {"width": 481, "visibility": "public", "createdAt": 1347857406, "id": "5056abfee4b021c8a8ff61f8", "source": {"name": "Foursquare for BlackBerry", "url": "https://foursquare.com/download/#/blackberry"}, "prefix": "https://igx.4sqi.net/img/general/", "suffix": "/1166235_V1pB0iLsP1bcU4pUbrE2PVoF-s0MQSr6Pt72wD-dlJU.jpg", "venue": {"contact": {"facebookName": "Itacho Sushi", "phone": "+6565098911", "facebook": "158303486802", "formattedPhone": "+65 6509 8911"}, "name": "Itacho Sushi", "categories": [{"name": "Sushi Restaurant", "shortName": "Sushi", "primary": true, "icon": {"prefix": "https://ss3.4sqi.net/img/categories_v2/food/sushi_", "suffix": ".png"}, "id": "4bf58dd8d48988d1d2941735", "pluralName": "Sushi Restaurants"}], "beenHere": {"lastCheckinExpiredAt": 0}, "stats": {"checkinsCount": 9286, "tipCount": 125, "usersCount": 5340}, "verified": false, "id": "4b7bc8fcf964a520206e2fe3", "location": {"country": "Singapore", "formattedAddress": ["#B3-20, ION Orchard (2 Orchard Turn)", "238801", "Singapore"], "cc": "SG", "lat": 1.3042563182643847, "labeledLatLngs": [{"lng": 103.8319158554077, "lat": 1.3042563182643847, "label": "display"}], "postalCode": "238801", "address": "#B3-20, ION Orchard", "lng": 103.8319158554077, "city": "Singapore", "crossStreet": "2 Orchard Turn"}, "like": false, "allowMenuUrlEdit": true}, "height": 641}, {"width": 481, "visibility": "public", "createdAt": 1347709122, "id": "505468c2e4b012cb81f7bfa2", "source": {"name": "Foursquare for BlackBerry", "url": "https://foursquare.com/download/#/blackberry"}, "prefix": "https://igx.4sqi.net/img/general/", "suffix": "/1166235_in9jGoaN6sIfQJaZqIZjchV2Q0MF5r8BXH1SD2G6Z7c.jpg", "venue": {"contact": {"facebookName": "Singapore Indoor Stadium", "phone": "+6563442660", "facebook": "159300480788770", "facebookUsername": "singaporeindoorstadium", "twitter": "sisnow", "formattedPhone": "+65 6344 2660"}, "name": "Singapore Indoor Stadium", "categories": [{"name": "Stadium", "shortName": "Stadium", "primary": true, "icon": {"prefix": "https://ss3.4sqi.net/img/categories_v2/arts_entertainment/stadium_", "suffix": ".png"}, "id": "4bf58dd8d48988d184941735", "pluralName": "Stadiums"}], "beenHere": {"lastCheckinExpiredAt": 0}, "stats": {"checkinsCount": 32972, "tipCount": 99, "usersCount": 18100}, "verified": false, "id": "4b058814f964a5208cb022e3", "location": {"country": "Singapore", "formattedAddress": ["2 Stadium Walk", "397691", "Singapore"], "cc": "SG", "lat": 1.300928048723167, "postalCode": "397691", "address": "2 Stadium Walk", "lng": 103.87429859267084, "city": "Singapore"}, "like": false, "allowMenuUrlEdit": true}, "height": 641}, {"width": 481, "visibility": "public", "createdAt": 1345287169, "id": "502f7401e4b04de6f3986b2b", "source": {"name": "Foursquare for BlackBerry", "url": "https://foursquare.com/download/#/blackberry"}, "prefix": "https://igx.4sqi.net/img/general/", "suffix": "/BhNVr48xiCgaMoB7TjTrBseWxYlf061_Umkk3PgGKMM.jpg", "venue": {"contact": {"phone": "+6567352688", "formattedPhone": "+65 6735 2688"}, "name": "The Connoisseur Concerto (TCC)", "categories": [{"name": "Caf\u00e9", "shortName": "Caf\u00e9", "primary": true, "icon": {"prefix": "https://ss3.4sqi.net/img/categories_v2/food/cafe_", "suffix": ".png"}, "id": "4bf58dd8d48988d16d941735", "pluralName": "Caf\u00e9s"}], "beenHere": {"lastCheckinExpiredAt": 0}, "stats": {"checkinsCount": 1792, "tipCount": 7, "usersCount": 1036}, "verified": false, "id": "4bbde9554e069c746b479fe3", "location": {"country": "Singapore", "formattedAddress": ["182 Orchard Rd (Peranakan Place Complex)", "238847", "Singapore"], "cc": "SG", "lat": 1.3011151821317155, "labeledLatLngs": [{"lng": 103.83926246971991, "lat": 1.3011151821317155, "label": "display"}], "postalCode": "238847", "address": "182 Orchard Rd", "lng": 103.83926246971991, "city": "Singapore", "crossStreet": "Peranakan Place Complex"}, "like": false, "allowMenuUrlEdit": true}, "height": 641}, {"width": 481, "visibility": "public", "createdAt": 1345283944, "id": "502f6768e4b078fb5977e400", "source": {"name": "Foursquare for BlackBerry", "url": "https://foursquare.com/download/#/blackberry"}, "prefix": "https://igx.4sqi.net/img/general/", "suffix": "/FsCqyDG0gLwB7nR3mM8ZIWUFhfj7dMW6r0P16VQGuZE.jpg", "venue": {"contact": {}, "name": "Kenny Rogers Roasters", "categories": [{"name": "American Restaurant", "shortName": "American", "primary": true, "icon": {"prefix": "https://ss3.4sqi.net/img/categories_v2/food/default_", "suffix": ".png"}, "id": "4bf58dd8d48988d14e941735", "pluralName": "American Restaurants"}], "closed": true, "beenHere": {"lastCheckinExpiredAt": 0}, "stats": {"checkinsCount": 841, "tipCount": 9, "usersCount": 721}, "verified": false, "id": "4e9eb21bd3e32ac0ef44ea65", "location": {"country": "Singapore", "formattedAddress": ["#B3-02/03, Somerset 313 (313 Orchard Rd.)", "238895", "Singapore"], "cc": "SG", "lat": 1.301503141604277, "postalCode": "238895", "address": "#B3-02/03, Somerset 313", "lng": 103.83827742161277, "city": "Singapore", "crossStreet": "313 Orchard Rd."}, "like": false, "allowMenuUrlEdit": true}, "height": 641}, {"width": 346, "visibility": "public", "createdAt": 1343903438, "id": "501a56cee4b06e20ab5b1b14", "source": {"name": "Foursquare for BlackBerry", "url": "https://foursquare.com/download/#/blackberry"}, "prefix": "https://igx.4sqi.net/img/general/", "suffix": "/Gf-FlOk7li1SAUAyo4tZ6crSV9QS4VAxMEN2Ge-rSMQ.jpg", "venue": {"contact": {"phone": "+6568082184", "formattedPhone": "+65 6808 2184"}, "name": "Le Chocolat Caf\u00e9", "categories": [{"name": "Dessert Shop", "shortName": "Desserts", "primary": true, "icon": {"prefix": "https://ss3.4sqi.net/img/categories_v2/food/dessert_", "suffix": ".png"}, "id": "4bf58dd8d48988d1d0941735", "pluralName": "Dessert Shops"}], "closed": true, "beenHere": {"lastCheckinExpiredAt": 0}, "stats": {"checkinsCount": 1145, "tipCount": 19, "usersCount": 810}, "verified": false, "id": "4cfb268634c1a093f1d0440e", "location": {"country": "Singapore", "formattedAddress": ["28 Ann Siang Rd. (The Club Hotel)", "069708", "Singapore"], "cc": "SG", "lat": 1.2805857907170402, "postalCode": "069708", "address": "28 Ann Siang Rd.", "lng": 103.84575037893534, "city": "Singapore", "crossStreet": "The Club Hotel"}, "like": false, "allowMenuUrlEdit": true}, "height": 461}, {"width": 461, "visibility": "public", "createdAt": 1342528497, "id": "50055bf1e4b0e24aa1fbc44f", "source": {"name": "Foursquare for BlackBerry", "url": "https://foursquare.com/download/#/blackberry"}, "prefix": "https://igx.4sqi.net/img/general/", "suffix": "/-Ups_4Eu4b7V1L8sJElQKUPUYmGTpWhLj3k0fOWcKHU.jpg", "venue": {"contact": {"phone": "+6565096643", "formattedPhone": "+65 6509 6643"}, "name": "Food Republic", "categories": [{"name": "Food Court", "shortName": "Food Court", "primary": true, "icon": {"prefix": "https://ss3.4sqi.net/img/categories_v2/shops/food_foodcourt_", "suffix": ".png"}, "id": "4bf58dd8d48988d120951735", "pluralName": "Food Courts"}], "beenHere": {"lastCheckinExpiredAt": 0}, "stats": {"checkinsCount": 15981, "tipCount": 159, "usersCount": 8954}, "verified": false, "id": "4b1c84f5f964a5201b0824e3", "location": {"country": "Singapore", "formattedAddress": ["L5 313@Somerset, 313 Orchard Rd.", "238895", "Singapore"], "cc": "SG", "lat": 1.3011779381831814, "labeledLatLngs": [{"lng": 103.83841753005981, "lat": 1.3011779381831814, "label": "display"}], "postalCode": "238895", "address": "L5 313@Somerset, 313 Orchard Rd.", "lng": 103.83841753005981, "city": "Singapore"}, "like": false, "allowMenuUrlEdit": true}, "height": 461}, {"width": 461, "visibility": "public", "createdAt": 1342440433, "id": "500403f1e4b0c432cfbea5c7", "source": {"name": "Foursquare for BlackBerry", "url": "https://foursquare.com/download/#/blackberry"}, "prefix": "https://igx.4sqi.net/img/general/", "suffix": "/nuLWFsNrLlUweIcSWLINmZXPFvAPuQbNuvfx8TObIxU.jpg", "venue": {"contact": {"twitter": "oldtown_wcoffee", "phone": "+6567374404", "formattedPhone": "+65 6737 4404"}, "categories": [{"name": "Coffee Shop", "shortName": "Coffee Shop", "primary": true, "icon": {"prefix": "https://ss3.4sqi.net/img/categories_v2/food/coffeeshop_", "suffix": ".png"}, "id": "4bf58dd8d48988d1e0931735", "pluralName": "Coffee Shops"}], "closed": true, "beenHere": {"lastCheckinExpiredAt": 0}, "location": {"country": "Singapore", "formattedAddress": ["#01-04, Cineleisure Orchard (8 Grange Rd)", "238165", "Singapore"], "cc": "SG", "lat": 1.3010667564343437, "labeledLatLngs": [{"lng": 103.83664701287294, "lat": 1.3010667564343437, "label": "display"}], "postalCode": "238165", "address": "#01-04, Cineleisure Orchard", "lng": 103.83664701287294, "city": "Singapore", "crossStreet": "8 Grange Rd"}, "like": false, "allowMenuUrlEdit": true, "name": "OldTown White Coffee", "url": "http://www.oldtown.com.my", "stats": {"checkinsCount": 9759, "tipCount": 68, "usersCount": 5208}, "verified": false, "id": "4b666248f964a520bb1f2be3"}, "height": 461}]}}, "notifications": [{"type": "notificationTray", "item": {"unreadCount": 0}}], "meta": {"requestId": "595b6e704c1f67702054fa29", "code": 200}}