{"meta": {"code": 200, "requestId": "595ae714f594df3c2541fef8"}, "notifications": [{"item": {"unreadCount": 0}, "type": "notificationTray"}], "response": {"photos": {"items": [{"height": 540, "source": {"url": "https://foursquare.com/download/#/iphone", "name": "Foursquare for iOS"}, "width": 720, "prefix": "https://igx.4sqi.net/img/general/", "createdAt": 1339327426, "id": "4fd483c2e4b02bbdc60839af", "venue": {"like": false, "location": {"city": "Singapore", "lng": 103.90697479248047, "cc": "SG", "country": "Singapore", "lat": 1.4102274642652444, "address": "Punggol", "labeledLatLngs": [{"label": "display", "lat": 1.4102274642652444, "lng": 103.90697479248047}], "formattedAddress": ["Punggol", "Singapore"]}, "categories": [{"icon": {"prefix": "https://ss3.4sqi.net/img/categories_v2/parks_outdoors/park_", "suffix": ".png"}, "name": "Park", "id": "4bf58dd8d48988d163941735", "pluralName": "Parks", "primary": true, "shortName": "Park"}], "verified": false, "contact": {}, "beenHere": {"lastCheckinExpiredAt": 0}, "stats": {"tipCount": 32, "usersCount": 4012, "checkinsCount": 10070}, "id": "4de2614c52b1d38d296c044a", "name": "Punggol Waterway Park"}, "suffix": "/0T5F7dBkjbjq9wIdzlIQgiVLBKGYxYpiNlAqF17xi44.jpg", "visibility": "public"}, {"height": 720, "source": {"url": "https://foursquare.com/download/#/iphone", "name": "Foursquare for iOS"}, "width": 540, "prefix": "https://igx.4sqi.net/img/general/", "createdAt": 1299998113, "id": "4d7c65a1c6982da118397bfa", "venue": {"url": "http://www.smrt.com.sg", "like": false, "location": {"formattedAddress": ["200 Bishan Rd.", "579827", "Singapore"], "city": "Singapore", "lng": 103.84837733434433, "cc": "SG", "country": "Singapore", "lat": 1.3511486916746738, "address": "200 Bishan Rd.", "postalCode": "579827"}, "categories": [{"icon": {"prefix": "https://ss3.4sqi.net/img/categories_v2/travel/subway_", "suffix": ".png"}, "name": "Metro Station", "id": "4bf58dd8d48988d1fd931735", "pluralName": "Metro Stations", "primary": true, "shortName": "Metro"}], "verified": false, "contact": {"twitter": "smrt_singapore"}, "beenHere": {"lastCheckinExpiredAt": 0}, "stats": {"tipCount": 95, "usersCount": 20911, "checkinsCount": 131699}, "id": "4b0d4bdcf964a520d14523e3", "name": "Bishan MRT Interchange (NS17/CC15)", "venueRatingBlacklisted": true}, "suffix": "/L2RSN3JYADKRHKZ0TXRU2AUMJQTBDP25DAJHZ1M1AY5PG5XD.jpg", "visibility": "public"}], "count": 2}, "totalCount": 2}}