{"response": {"photos": {"items": [{"id": "4f9fcaeee4b01729ff762a9e", "createdAt": 1335872238, "height": 720, "visibility": "public", "source": {"url": "https://foursquare.com/download/#/iphone", "name": "Foursquare for iOS"}, "prefix": "https://igx.4sqi.net/img/general/", "venue": {"id": "4ccad01fb7d9a1433b44ff36", "closed": true, "stats": {"checkinsCount": 612, "tipCount": 29, "usersCount": 525}, "like": false, "beenHere": {"lastCheckinExpiredAt": 0}, "categories": [{"id": "4bf58dd8d48988d1e7931735", "primary": true, "icon": {"prefix": "https://ss3.4sqi.net/img/categories_v2/arts_entertainment/musicvenue_jazzclub_", "suffix": ".png"}, "pluralName": "Jazz Clubs", "shortName": "Jazz Club", "name": "Jazz Club"}], "verified": false, "allowMenuUrlEdit": true, "location": {"lat": 1.2565004585996673, "formattedAddress": ["Resorts World Sentosa", "Singapore"], "country": "Singapore", "address": "Resorts World Sentosa", "cc": "SG", "lng": 103.82044023108345}, "contact": {}, "name": "Big Easy Jazz & Blues Bar"}, "width": 537, "suffix": "/L-jw8iLBsyQa0-CRfVRwcqzEO3SmZU9skQhxLYu4kHk.jpg"}, {"id": "4d1c5f2ecf6f2da11845f45a", "createdAt": 1293705006, "tip": {"id": "4d1c5f1f7e10a35d5ca8fe82", "createdAt": 1293704991, "like": false, "todo": {"count": 0}, "text": "Must try the meehoon goreng b1-18... Very yummy!", "logView": true, "disagreeCount": 0, "canonicalUrl": "https://foursquare.com/item/4d1c5f1f7e10a35d5ca8fe82", "type": "user", "likes": {"count": 0, "groups": []}, "agreeCount": 0}, "height": 720, "visibility": "public", "source": {"url": "https://foursquare.com/download/#/iphone", "name": "Foursquare for iOS"}, "prefix": "https://igx.4sqi.net/img/general/", "venue": {"id": "4b09ee1af964a520ed1f23e3", "like": false, "stats": {"checkinsCount": 25637, "tipCount": 262, "usersCount": 12783}, "beenHere": {"lastCheckinExpiredAt": 0}, "categories": [{"id": "4bf58dd8d48988d120951735", "primary": true, "icon": {"prefix": "https://ss3.4sqi.net/img/categories_v2/shops/food_foodcourt_", "suffix": ".png"}, "pluralName": "Food Courts", "shortName": "Food Court", "name": "Food Court"}], "verified": false, "allowMenuUrlEdit": true, "location": {"address": "505 Beach Rd", "lat": 1.3030871778403088, "postalCode": "199583", "city": "Singapore", "formattedAddress": ["505 Beach Rd", "199583", "Singapore"], "lng": 103.8638985157013, "labeledLatLngs": [{"lng": 103.8638985157013, "label": "display", "lat": 1.3030871778403088}], "country": "Singapore", "cc": "SG"}, "contact": {}, "name": "Golden Mile (Beach Road) Food Centre"}, "width": 540, "suffix": "/A50LMKLMLPAL015MIQ1QNO0GLIRHTP3QKMTO4IEC1CS5FIEW.jpg"}], "count": 2}, "totalCount": 2}, "meta": {"code": 200, "requestId": "595a82c5f594df3c73a5aafa"}, "notifications": [{"item": {"unreadCount": 0}, "type": "notificationTray"}]}