{"meta": {"code": 200, "requestId": "595b3e769fb6b77b7717a60f"}, "notifications": [{"item": {"unreadCount": 0}, "type": "notificationTray"}], "response": {"photos": {"items": [{"height": 1920, "source": {"url": "https://www.swarmapp.com", "name": "Swarm for iOS"}, "width": 1440, "prefix": "https://igx.4sqi.net/img/general/", "createdAt": 1424520149, "id": "54e873d5498eac48607ffae5", "venue": {"like": false, "location": {"city": "Hu\u1ebf", "lng": 107.5951, "cc": "VN", "state": "T\u1ec9nh Th\u1eeba Thi\u00ean-Hu\u1ebf", "lat": 16.47036, "address": "12 Chu Van An", "labeledLatLngs": [{"label": "display", "lat": 16.47036, "lng": 107.5951}], "formattedAddress": ["12 Chu Van An", "Hu\u1ebf", "T\u1ec9nh Th\u1eeba Thi\u00ean-Hu\u1ebf", "Vi\u1ec7t Nam"], "country": "Vi\u1ec7t Nam"}, "categories": [{"icon": {"prefix": "https://ss3.4sqi.net/img/categories_v2/food/vietnamese_", "suffix": ".png"}, "name": "Vietnamese Restaurant", "id": "4bf58dd8d48988d14a941735", "pluralName": "Vietnamese Restaurants", "primary": true, "shortName": "Vietnamese"}], "verified": false, "contact": {"formattedPhone": "+84 54 3823 572", "phone": "+84543823572"}, "allowMenuUrlEdit": true, "stats": {"tipCount": 0, "usersCount": 9, "checkinsCount": 9}, "id": "54e87341498e12af656eeb5b", "name": "Red Chilli", "beenHere": {"lastCheckinExpiredAt": 0}}, "suffix": "/1169585_LGj1jUm1MjGNAOrxVyv7zUVk23fvv5mY17QvvhgtIzE.jpg", "visibility": "public"}, {"height": 960, "source": {"url": "https://foursquare.com/download/#/iphone", "name": "Foursquare for iOS"}, "width": 720, "prefix": "https://igx.4sqi.net/img/general/", "createdAt": 1395295181, "id": "532a83cd498e1b0d587a9807", "venue": {"like": false, "location": {"cc": "KP", "country": "\uc870\uc120\ubbfc\uc8fc\uc8fc\uc758\uc778\ubbfc\uacf5\ud654\uad6d", "lat": 39.02267315846966, "lng": 125.79559972961506, "labeledLatLngs": [{"label": "display", "lat": 39.02267315846966, "lng": 125.79559972961506}], "formattedAddress": ["\uc870\uc120\ubbfc\uc8fc\uc8fc\uc758\uc778\ubbfc\uacf5\ud654\uad6d"]}, "categories": [{"icon": {"prefix": "https://ss3.4sqi.net/img/categories_v2/food/default_", "suffix": ".png"}, "name": "Restaurant", "id": "4bf58dd8d48988d1c4941735", "pluralName": "Restaurants", "primary": true, "shortName": "Restaurant"}], "verified": false, "contact": {}, "allowMenuUrlEdit": true, "stats": {"tipCount": 2, "usersCount": 2, "checkinsCount": 6}, "id": "514a8c5fe4b032d3f43ea7de", "name": "Friendship", "beenHere": {"lastCheckinExpiredAt": 0}}, "suffix": "/1169585_5BW5psEwsXBYRKMJaUfYA8uZxtUsK3zfFJxRgln0JKY.jpg", "visibility": "public"}, {"height": 960, "source": {"url": "https://foursquare.com/download/#/iphone", "name": "Foursquare for iOS"}, "tip": {"agreeCount": 0, "canonicalUrl": "https://foursquare.com/item/52fa3991498ec085e3d9fed8", "todo": {"count": 0}, "logView": true, "disagreeCount": 0, "createdAt": 1392130449, "id": "52fa3991498ec085e3d9fed8", "text": "If you can't work out how to turn off the lights, look for this camouflaged console beside the bed.", "likes": {"groups": [], "count": 0}, "like": false, "type": "user"}, "width": 720, "prefix": "https://igx.4sqi.net/img/general/", "createdAt": 1392130451, "id": "52fa3993498e965d33a2579b", "venue": {"like": false, "location": {"formattedAddress": ["\u677e\u6c5f\u8def63\u865f", "\u53f0\u5317\u5e02,  10455", "\u81fa\u7063"], "city": "\u53f0\u5317\u5e02", "lng": 121.53315048913642, "cc": "TW", "country": "\u81fa\u7063", "lat": 25.048891349823236, "address": "\u677e\u6c5f\u8def63\u865f", "labeledLatLngs": [{"label": "display", "lat": 25.048891349823236, "lng": 121.53315048913642}], "postalCode": "10455"}, "categories": [{"icon": {"prefix": "https://ss3.4sqi.net/img/categories_v2/travel/hotel_", "suffix": ".png"}, "name": "Hotel", "id": "4bf58dd8d48988d1fa931735", "pluralName": "Hotels", "primary": true, "shortName": "Hotel"}], "verified": false, "contact": {"formattedPhone": "+886 2 2501 9988", "phone": "+886225019988"}, "allowMenuUrlEdit": true, "stats": {"tipCount": 7, "usersCount": 346, "checkinsCount": 740}, "id": "4cbbe38b4495721ef2f8577a", "name": "\u9577\u69ae\u6842\u51a0\u9152\u5e97 Evergreen Laurel Hotel", "beenHere": {"lastCheckinExpiredAt": 0}}, "suffix": "/1169585_ahJ8SVC5wXZZPjd5qzRWWn24Xi5_pyz7RWDawgwFsUw.jpg", "visibility": "public"}, {"height": 720, "source": {"url": "https://foursquare.com/download/#/iphone", "name": "Foursquare for iOS"}, "width": 960, "prefix": "https://igx.4sqi.net/img/general/", "createdAt": 1382249961, "id": "526375e9498e0b003d5fdc31", "venue": {"like": false, "location": {"city": "\u4e0a\u6d77\u5e02", "lng": 121.43216153398785, "cc": "CN", "state": "\u4e0a\u6d77\u5e02", "crossStreet": "\u93ae\u5be7\u8def", "lat": 31.22149428443218, "address": "\u4e0a\u6d77\u5e02\u975c\u5b89\u5340\u5357\u4eac\u897f\u8def2068\u865f\u5354\u548c\u57ceB1-B2", "labeledLatLngs": [{"label": "display", "lat": 31.22149428443218, "lng": 121.43216153398785}], "formattedAddress": ["\u4e0a\u6d77\u5e02\u975c\u5b89\u5340\u5357\u4eac\u897f\u8def2068\u865f\u5354\u548c\u57ceB1-B2 (\u93ae\u5be7\u8def)", "\u4e0a\u6d77\u5e02", "\u4e0a\u6d77\u5e02"], "country": "\u4e2d\u56fd"}, "categories": [{"icon": {"prefix": "https://ss3.4sqi.net/img/categories_v2/shops/conveniencestore_", "suffix": ".png"}, "name": "Convenience Store", "id": "4d954b0ea243a5684a65b473", "pluralName": "Convenience Stores", "primary": true, "shortName": "Convenience Store"}], "verified": false, "contact": {}, "allowMenuUrlEdit": true, "stats": {"tipCount": 0, "usersCount": 7, "checkinsCount": 7}, "id": "50b1f8b1e4b04db03ec33fca", "name": "TESCO (\u4e50\u8d2d)", "beenHere": {"lastCheckinExpiredAt": 0}}, "suffix": "/1169585_Jrry20HXYu-zCmgg6pC_CdWfJ5uBlUpXrKhkEMuiF8M.jpg", "visibility": "public"}, {"height": 720, "source": {"url": "https://foursquare.com/download/#/iphone", "name": "Foursquare for iOS"}, "width": 960, "prefix": "https://igx.4sqi.net/img/general/", "createdAt": 1382248612, "id": "526370a4498e99801e13752e", "venue": {"location": {"city": "\u4e0a\u6d77\u5e02", "lng": 121.43223407920426, "cc": "CN", "state": "\u4e0a\u6d77\u5e02", "crossStreet": "\u6c38\u6e90\u8def", "lat": 31.22098523992725, "address": "\u9547\u5b81\u8def", "labeledLatLngs": [{"label": "display", "lat": 31.22098523992725, "lng": 121.43223407920426}], "formattedAddress": ["\u9547\u5b81\u8def (\u6c38\u6e90\u8def)", "\u4e0a\u6d77\u5e02", "\u4e0a\u6d77\u5e02"], "country": "\u4e2d\u56fd"}, "contact": {"twitter": "starbucks", "facebookName": "Starbucks", "formattedPhone": "400 820 6998", "phone": "4008206998", "facebookUsername": "Starbucks", "facebook": "22092443056"}, "verified": false, "allowMenuUrlEdit": true, "stats": {"tipCount": 3, "usersCount": 148, "checkinsCount": 379}, "menu": {"url": "http://www.starbucks.com.cn/en/menu/beverages", "label": "Menu", "anchor": "View Menu", "mobileUrl": "http://www.starbucks.com.cn/en/menu/beverages", "type": "Menu", "externalUrl": "http://www.starbucks.com.cn/en/menu/beverages"}, "beenHere": {"lastCheckinExpiredAt": 0}, "url": "http://www.starbucks.com.cn/en", "like": false, "categories": [{"icon": {"prefix": "https://ss3.4sqi.net/img/categories_v2/food/coffeeshop_", "suffix": ".png"}, "name": "Coffee Shop", "id": "4bf58dd8d48988d1e0931735", "pluralName": "Coffee Shops", "primary": true, "shortName": "Coffee Shop"}], "id": "4bff49e94e5d0f4755fc7d1f", "name": "Starbucks (\u661f\u5df4\u514b)"}, "suffix": "/1169585_5FDBA9e5NGJhFxTOjNpnZagCthOw_2pmh9Hg5x7C7UM.jpg", "visibility": "public"}, {"height": 960, "source": {"url": "https://foursquare.com/download/#/iphone", "name": "Foursquare for iOS"}, "width": 720, "prefix": "https://igx.4sqi.net/img/general/", "createdAt": 1382165766, "id": "52622d0611d2e6d903c8af6e", "venue": {"like": false, "location": {"city": "\u4e0a\u6d77\u5e02", "lng": 121.44568206006733, "cc": "CN", "state": "\u4e0a\u6d77\u5e02", "crossStreet": "Hengshan Road | \u8fd1\u8861\u5c71\u8def", "lat": 31.211241070410548, "address": "25A Taojiang Lu | \u6843\u6c5f\u8def25\u53f7\u7532", "labeledLatLngs": [{"label": "display", "lat": 31.211241070410548, "lng": 121.44568206006733}], "formattedAddress": ["25A Taojiang Lu | \u6843\u6c5f\u8def25\u53f7\u7532 (Hengshan Road | \u8fd1\u8861\u5c71\u8def)", "\u4e0a\u6d77\u5e02", "\u4e0a\u6d77\u5e02"], "country": "\u4e2d\u56fd"}, "categories": [{"icon": {"prefix": "https://ss3.4sqi.net/img/categories_v2/food/cafe_", "suffix": ".png"}, "name": "Caf\u00e9", "id": "4bf58dd8d48988d16d941735", "pluralName": "Caf\u00e9s", "primary": true, "shortName": "Caf\u00e9"}], "verified": false, "contact": {"formattedPhone": "021 6466 0753", "phone": "02164660753"}, "allowMenuUrlEdit": true, "stats": {"tipCount": 14, "usersCount": 257, "checkinsCount": 310}, "id": "4b8cb517f964a5200adb32e3", "name": "\u8001\u9ea6\u5496\u5561\u9986 The Cottage Cafe", "beenHere": {"lastCheckinExpiredAt": 0}}, "suffix": "/1169585_9dZjiiLw3niuRIqUsjkP_FE4kYHccuyTO0zJ4RunZVI.jpg", "visibility": "public"}, {"height": 717, "source": {"url": "https://foursquare.com/download/#/iphone", "name": "Foursquare for iOS"}, "width": 959, "prefix": "https://igx.4sqi.net/img/general/", "createdAt": 1363683205, "id": "51482785e4b0a092e472880d", "venue": {"like": false, "location": {"city": "\ud3c9\uc591\uc9c1\ud560\uc2dc", "lng": 125.736089, "cc": "KP", "state": "\ud3c9\uc591\uc9c1\ud560\uc2dc", "lat": 39.008742, "address": "\ucc3d\uad11 \uac70\ub9ac Changgwang St.", "labeledLatLngs": [{"label": "display", "lat": 39.008742, "lng": 125.736089}], "formattedAddress": ["\ucc3d\uad11 \uac70\ub9ac Changgwang St.", "\ud3c9\uc591\uc9c1\ud560\uc2dc, \ud3c9\uc591\uc9c1\ud560\uc2dc", "\uc870\uc120\ubbfc\uc8fc\uc8fc\uc758\uc778\ubbfc\uacf5\ud654\uad6d"], "country": "\uc870\uc120\ubbfc\uc8fc\uc8fc\uc758\uc778\ubbfc\uacf5\ud654\uad6d"}, "categories": [{"icon": {"prefix": "https://ss3.4sqi.net/img/categories_v2/travel/hotel_", "suffix": ".png"}, "name": "Hotel", "id": "4bf58dd8d48988d1fa931735", "pluralName": "Hotels", "primary": true, "shortName": "Hotel"}], "verified": false, "contact": {}, "allowMenuUrlEdit": true, "stats": {"tipCount": 2, "usersCount": 36, "checkinsCount": 179}, "id": "4c06f8a188ba952182f0e78f", "name": "Koryo Hotel (\uace0\ub824 \ud638\ud154)", "beenHere": {"lastCheckinExpiredAt": 0}}, "suffix": "/1169585_9KXikeyY_1desfiXhrXdSJRQkZnlr7Kni33lqj49HOM.jpg", "visibility": "public"}, {"height": 720, "source": {"url": "https://foursquare.com/download/#/iphone", "name": "Foursquare for iOS"}, "width": 960, "prefix": "https://igx.4sqi.net/img/general/", "createdAt": 1360847935, "id": "511ce43fe4b070c901c2d9df", "venue": {"location": {"formattedAddress": ["Great West Rd.", "Osterley", "Greater London", "TW7 4PU", "United Kingdom"], "city": "Osterley", "lng": -0.35193533998541765, "cc": "GB", "state": "Greater London", "lat": 51.4811727053018, "address": "Great West Rd.", "labeledLatLngs": [{"label": "display", "lat": 51.4811727053018, "lng": -0.35193533998541765}], "postalCode": "TW7 4PU", "country": "United Kingdom"}, "contact": {"formattedPhone": "+44 843 222 1234", "phone": "+448432221234", "facebookName": "Transport for London", "facebookUsername": "transportforlondon", "facebook": "212038972186253"}, "verified": false, "stats": {"tipCount": 2, "usersCount": 1228, "checkinsCount": 4330}, "beenHere": {"lastCheckinExpiredAt": 0}, "storeId": "", "url": "http://www.tfl.gov.uk/livetravelnews", "like": false, "categories": [{"icon": {"prefix": "https://ss3.4sqi.net/img/categories_v2/travel/subway_", "suffix": ".png"}, "name": "Metro Station", "id": "4bf58dd8d48988d1fd931735", "pluralName": "Metro Stations", "primary": true, "shortName": "Metro"}], "venueRatingBlacklisted": true, "id": "4afd41fbf964a5202d2722e3", "name": "Osterley London Underground Station"}, "suffix": "/1169585_PQbiYlYOygDhFkklsLE5zn3BYe92Jj3aBQ8nwzFIlB0.jpg", "visibility": "public"}, {"height": 720, "source": {"url": "https://foursquare.com/download/#/iphone", "name": "Foursquare for iOS"}, "width": 960, "prefix": "https://igx.4sqi.net/img/general/", "createdAt": 1360186297, "id": "5112cbb9e4b0a57ca04ab1b8", "venue": {"like": false, "location": {"city": "London", "lng": -0.066043, "cc": "GB", "state": "Greater London", "lat": 51.52642607688904, "address": "Bethnal Green Rd", "labeledLatLngs": [{"label": "display", "lat": 51.52642607688904, "lng": -0.066043}], "formattedAddress": ["Bethnal Green Rd", "London", "Greater London", "United Kingdom"], "country": "United Kingdom"}, "categories": [{"icon": {"prefix": "https://ss3.4sqi.net/img/categories_v2/food/asian_", "suffix": ".png"}, "name": "Asian Restaurant", "id": "4bf58dd8d48988d142941735", "pluralName": "Asian Restaurants", "primary": true, "shortName": "Asian"}], "verified": false, "contact": {}, "allowMenuUrlEdit": true, "stats": {"tipCount": 7, "usersCount": 80, "checkinsCount": 193}, "id": "4b1973fef964a5209add23e3", "name": "Lahore Express", "beenHere": {"lastCheckinExpiredAt": 0}}, "suffix": "/1169585_D4jHTt216Z32M3o_gXODjED7BTlaXCpzO874WRRmE0g.jpg", "visibility": "public"}, {"height": 960, "source": {"url": "https://foursquare.com/download/#/iphone", "name": "Foursquare for iOS"}, "width": 720, "prefix": "https://igx.4sqi.net/img/general/", "createdAt": 1360099147, "id": "5111774be4b081306a956005", "venue": {"like": false, "location": {"city": "Bloomsbury", "lng": -0.12756118551038595, "cc": "GB", "state": "Greater London", "lat": 51.516773454832204, "address": "New Oxford St", "labeledLatLngs": [{"label": "display", "lat": 51.516773454832204, "lng": -0.12756118551038595}], "formattedAddress": ["New Oxford St", "Bloomsbury", "Greater London", "United Kingdom"], "country": "United Kingdom"}, "categories": [{"icon": {"prefix": "https://ss3.4sqi.net/img/categories_v2/travel/busstation_", "suffix": ".png"}, "name": "Bus Stop", "id": "52f2ab2ebcbc57f1066b8b4f", "pluralName": "Bus Stops", "primary": true, "shortName": "Bus Stop"}], "verified": false, "contact": {}, "beenHere": {"lastCheckinExpiredAt": 0}, "stats": {"tipCount": 1, "usersCount": 120, "checkinsCount": 175}, "id": "4c671d6fe75ac92896b3f9da", "name": "Bus Stop L - New Oxford Street"}, "suffix": "/1169585_8hwwG1-GjSnw2JUs1W2Lla7LVsO_ldPE9E23BhnpZLI.jpg", "visibility": "public"}, {"height": 720, "source": {"url": "https://foursquare.com/download/#/iphone", "name": "Foursquare for iOS"}, "width": 960, "prefix": "https://igx.4sqi.net/img/general/", "createdAt": 1359890943, "id": "510e49ffe4b075469fd166ff", "venue": {"url": "http://www.nationalrail.co.uk/stations/lhs/details.html", "like": false, "location": {"formattedAddress": ["Commercial Road (Bekesbourne St.)", "Limehouse", "Greater London", "E14 7JD", "United Kingdom"], "city": "Limehouse", "lng": -0.039696693420410156, "cc": "GB", "state": "Greater London", "crossStreet": "Bekesbourne St.", "lat": 51.51260193438331, "address": "Commercial Road", "labeledLatLngs": [{"label": "display", "lat": 51.51260193438331, "lng": -0.039696693420410156}], "postalCode": "E14 7JD", "country": "United Kingdom"}, "categories": [{"icon": {"prefix": "https://ss3.4sqi.net/img/categories_v2/travel/trainstation_", "suffix": ".png"}, "name": "Train Station", "id": "4bf58dd8d48988d129951735", "pluralName": "Train Stations", "primary": true, "shortName": "Train Station"}], "verified": true, "contact": {"twitter": "nationalrailenq", "facebookName": "National Rail", "formattedPhone": "+44 845 748 4950", "phone": "+448457484950", "facebookUsername": "nationalrailenq", "facebook": "94740547473"}, "beenHere": {"lastCheckinExpiredAt": 0}, "stats": {"tipCount": 6, "usersCount": 675, "checkinsCount": 2792}, "id": "4b99fd73f964a520129a35e3", "name": "Limehouse Railway Station (LHS)", "storeId": "LHS"}, "suffix": "/1169585_7Zud5DBN2r8_dEmDRCMMr1RIQzbltOSZWpDUokGj7Ns.jpg", "visibility": "public"}, {"height": 720, "source": {"url": "https://foursquare.com/download/#/iphone", "name": "Foursquare for iOS"}, "width": 960, "prefix": "https://igx.4sqi.net/img/general/", "createdAt": 1359202283, "id": "5103c7ebe4b06b57c45ce237", "venue": {"location": {"formattedAddress": ["23 Shatan N St (at Wusi St)", "\u5317\u4eac\u5e02", "\u5317\u4eac\u5e02, 100009"], "city": "\u5317\u4eac\u5e02", "lng": 116.39719049683467, "cc": "CN", "state": "\u5317\u4eac\u5e02", "crossStreet": "at Wusi St", "lat": 39.92650216435024, "address": "23 Shatan N St", "labeledLatLngs": [{"label": "display", "lat": 39.92650216435024, "lng": 116.39719049683467}], "postalCode": "100009", "country": "\u4e2d\u56fd"}, "contact": {"formattedPhone": "010 8400 2232", "phone": "01084002232"}, "verified": true, "allowMenuUrlEdit": true, "stats": {"tipCount": 76, "usersCount": 942, "checkinsCount": 1360}, "id": "4ed5f0ab4901f03684314963", "storeId": "", "url": "http://www.temple-restaurant.com", "like": false, "categories": [{"icon": {"prefix": "https://ss3.4sqi.net/img/categories_v2/food/french_", "suffix": ".png"}, "name": "French Restaurant", "id": "4bf58dd8d48988d10c941735", "pluralName": "French Restaurants", "primary": true, "shortName": "French"}], "beenHere": {"lastCheckinExpiredAt": 0}, "name": "Temple Restaurant Beijing"}, "suffix": "/1169585_X-zAj3kMW-8oXN3oIevxQy093-ZDYlce1K7Agn9Kxa0.jpg", "visibility": "public"}, {"height": 960, "source": {"url": "https://foursquare.com/download/#/iphone", "name": "Foursquare for iOS"}, "width": 720, "prefix": "https://igx.4sqi.net/img/general/", "createdAt": 1359114415, "id": "510270afe4b0871ea19501f9", "venue": {"like": false, "location": {"city": "\u5317\u4eac\u5e02", "lng": 116.48286638759997, "cc": "CN", "state": "\u5317\u4eac\u5e02", "lat": 39.93256618001829, "address": "\u671d\u9633\u533a\u671d\u9633\u516c\u56ed\u5357\u95e8", "labeledLatLngs": [{"label": "display", "lat": 39.93256618001829, "lng": 116.48286638759997}], "formattedAddress": ["\u671d\u9633\u533a\u671d\u9633\u516c\u56ed\u5357\u95e8", "\u5317\u4eac\u5e02", "\u5317\u4eac\u5e02"], "country": "\u4e2d\u56fd"}, "categories": [{"icon": {"prefix": "https://ss3.4sqi.net/img/categories_v2/parks_outdoors/garden_", "suffix": ".png"}, "name": "Garden", "id": "4bf58dd8d48988d15a941735", "pluralName": "Gardens", "primary": true, "shortName": "Garden"}], "verified": false, "contact": {}, "beenHere": {"lastCheckinExpiredAt": 0}, "stats": {"tipCount": 0, "usersCount": 54, "checkinsCount": 80}, "id": "4cb11d6b1168a093c9d73023", "name": "\u90e1\u738b\u5e9c"}, "suffix": "/1169585_nSiBWXsBL-9yZcDaPcc1YbHq_0e9AhUofcWADM7y3kM.jpg", "visibility": "public"}, {"height": 720, "source": {"url": "https://foursquare.com/download/#/iphone", "name": "Foursquare for iOS"}, "width": 960, "prefix": "https://igx.4sqi.net/img/general/", "createdAt": 1357996010, "id": "50f15feae4b0d94f89571df4", "venue": {"like": false, "location": {"lng": 116.4787236381617, "cc": "CN", "country": "\u4e2d\u56fd", "lat": 39.930277053855136, "address": "Park Avenue", "labeledLatLngs": [{"label": "display", "lat": 39.930277053855136, "lng": 116.4787236381617}], "formattedAddress": ["Park Avenue"]}, "categories": [{"icon": {"prefix": "https://ss3.4sqi.net/img/categories_v2/food/italian_", "suffix": ".png"}, "name": "Italian Restaurant", "id": "4bf58dd8d48988d110941735", "pluralName": "Italian Restaurants", "primary": true, "shortName": "Italian"}], "verified": false, "contact": {}, "allowMenuUrlEdit": true, "stats": {"tipCount": 4, "usersCount": 34, "checkinsCount": 85}, "id": "50dd9018e4b0f6af509e53e0", "name": "LMPLUS", "beenHere": {"lastCheckinExpiredAt": 0}}, "suffix": "/1169585_4FuMbx3qyQpC6XQEqPRBsGT_TZrQDMJh1JdJ-qLSTX4.jpg", "visibility": "public"}, {"height": 960, "source": {"url": "https://foursquare.com/download/#/iphone", "name": "Foursquare for iOS"}, "width": 720, "prefix": "https://igx.4sqi.net/img/general/", "createdAt": 1357534128, "id": "50ea53b0e4b067460c962050", "venue": {"like": false, "location": {"city": "\u5317\u4eac\u5e02", "lng": 116.46588583348255, "cc": "CN", "state": "\u5317\u4eac\u5e02", "crossStreet": "Chaoynang Dist", "lat": 39.94900668442277, "address": "29 Zaoying Rd", "labeledLatLngs": [{"label": "display", "lat": 39.94900668442277, "lng": 116.46588583348255}], "formattedAddress": ["29 Zaoying Rd (Chaoynang Dist)", "\u5317\u4eac\u5e02", "\u5317\u4eac\u5e02"], "country": "\u4e2d\u56fd"}, "categories": [{"icon": {"prefix": "https://ss3.4sqi.net/img/categories_v2/food/italian_", "suffix": ".png"}, "name": "Italian Restaurant", "id": "4bf58dd8d48988d110941735", "pluralName": "Italian Restaurants", "primary": true, "shortName": "Italian"}], "verified": false, "contact": {}, "allowMenuUrlEdit": true, "stats": {"tipCount": 6, "usersCount": 83, "checkinsCount": 114}, "id": "4ea40422be7ba4918ee7289a", "name": "Elisa's Restaurant", "beenHere": {"lastCheckinExpiredAt": 0}}, "suffix": "/1169585_p1nncBAw5kH1c-Ht09d8reDaJr4RgLyLRA5Lv82JWbs.jpg", "visibility": "public"}, {"height": 720, "source": {"url": "https://foursquare.com/download/#/iphone", "name": "Foursquare for iOS"}, "width": 960, "prefix": "https://igx.4sqi.net/img/general/", "createdAt": 1356859492, "id": "50e00864e4b05f2b00e81ea1", "venue": {"like": false, "location": {"cc": "TH", "country": "\u0e1b\u0e23\u0e30\u0e40\u0e17\u0e28\u0e44\u0e17\u0e22", "lat": 8.827929, "lng": 98.364793, "labeledLatLngs": [{"label": "display", "lat": 8.827929, "lng": 98.364793}], "formattedAddress": ["\u0e1b\u0e23\u0e30\u0e40\u0e17\u0e28\u0e44\u0e17\u0e22"]}, "categories": [{"icon": {"prefix": "https://ss3.4sqi.net/img/categories_v2/shops/market_", "suffix": ".png"}, "name": "Market", "id": "50be8ee891d4fa8dcc7199a7", "pluralName": "Markets", "primary": true, "shortName": "Market"}], "verified": false, "contact": {}, "allowMenuUrlEdit": true, "stats": {"tipCount": 1, "usersCount": 7, "checkinsCount": 7}, "id": "50e00812e4b019f64020ed43", "name": "Takua Pa Sunday Market", "beenHere": {"lastCheckinExpiredAt": 0}}, "suffix": "/1169585_8bsCys1KuhfH274OoWE6DTPH_fbcSDhJsOom6rsRKBQ.jpg", "visibility": "public"}, {"height": 720, "source": {"url": "https://foursquare.com/download/#/iphone", "name": "Foursquare for iOS"}, "width": 960, "prefix": "https://igx.4sqi.net/img/general/", "createdAt": 1356859465, "id": "50e00849e4b0f6dd1066796f", "venue": {"like": false, "location": {"cc": "TH", "country": "\u0e1b\u0e23\u0e30\u0e40\u0e17\u0e28\u0e44\u0e17\u0e22", "lat": 8.827929, "lng": 98.364793, "labeledLatLngs": [{"label": "display", "lat": 8.827929, "lng": 98.364793}], "formattedAddress": ["\u0e1b\u0e23\u0e30\u0e40\u0e17\u0e28\u0e44\u0e17\u0e22"]}, "categories": [{"icon": {"prefix": "https://ss3.4sqi.net/img/categories_v2/shops/market_", "suffix": ".png"}, "name": "Market", "id": "50be8ee891d4fa8dcc7199a7", "pluralName": "Markets", "primary": true, "shortName": "Market"}], "verified": false, "contact": {}, "allowMenuUrlEdit": true, "stats": {"tipCount": 1, "usersCount": 7, "checkinsCount": 7}, "id": "50e00812e4b019f64020ed43", "name": "Takua Pa Sunday Market", "beenHere": {"lastCheckinExpiredAt": 0}}, "suffix": "/1169585_9dLFS5w_UPct5b19W6Oibt8S6mPo4afveuCDj1NncMw.jpg", "visibility": "public"}, {"height": 720, "source": {"url": "https://foursquare.com/download/#/iphone", "name": "Foursquare for iOS"}, "width": 960, "prefix": "https://igx.4sqi.net/img/general/", "createdAt": 1356779648, "id": "50ded080e4b01e17e332e80e", "venue": {"like": false, "location": {"formattedAddress": ["Khuk Khak / Khao Lak", "Phang Nga 82190", "\u0e1b\u0e23\u0e30\u0e40\u0e17\u0e28\u0e44\u0e17\u0e22"], "city": "Khuk Khak / Khao Lak", "state": "Phang Nga", "cc": "TH", "country": "\u0e1b\u0e23\u0e30\u0e40\u0e17\u0e28\u0e44\u0e17\u0e22", "crossStreet": "Phetkasem Road", "lat": 8.719788574067623, "lng": 98.23480188796026, "labeledLatLngs": [{"label": "display", "lat": 8.719788574067623, "lng": 98.23480188796026}], "postalCode": "82190"}, "categories": [{"icon": {"prefix": "https://ss3.4sqi.net/img/categories_v2/travel/resort_", "suffix": ".png"}, "name": "Resort", "id": "4bf58dd8d48988d12f951735", "pluralName": "Resorts", "primary": true, "shortName": "Resort"}], "verified": false, "contact": {"formattedPhone": "+66 89 729 2251", "phone": "+66897292251"}, "allowMenuUrlEdit": true, "stats": {"tipCount": 10, "usersCount": 140, "checkinsCount": 332}, "id": "4bd6d05b7b1876b059048d86", "name": "Memories Bar & Bungalows - Pakrang Surf", "beenHere": {"lastCheckinExpiredAt": 0}}, "suffix": "/1169585_ooQyUG5dpvGCx0cghqMgEw1hHWiM-nEPQ1jnxAcDF2o.jpg", "visibility": "public"}, {"height": 540, "source": {"url": "https://foursquare.com/download/#/iphone", "name": "Foursquare for iOS"}, "width": 720, "prefix": "https://igx.4sqi.net/img/general/", "createdAt": 1343060621, "id": "500d7a8de4b01ce5a304d931", "venue": {"venueRatingBlacklisted": true, "like": false, "location": {"city": "\u5317\u4eac\u5e02", "state": "\u5317\u4eac\u5e02", "isFuzzed": true, "cc": "CN", "country": "\u4e2d\u56fd", "lat": 39.93167998636657, "lng": 116.48429818304375, "formattedAddress": ["Tian Shui Yuan E Street", "\u5317\u4eac\u5e02", "\u5317\u4eac\u5e02"]}, "categories": [{"icon": {"prefix": "https://ss3.4sqi.net/img/categories_v2/building/home_", "suffix": ".png"}, "name": "Home (private)", "id": "4bf58dd8d48988d103941735", "pluralName": "Homes (private)", "primary": true, "shortName": "Home"}], "verified": false, "contact": {}, "beenHere": {"lastCheckinExpiredAt": 0}, "stats": {"tipCount": 7, "usersCount": 53, "checkinsCount": 1106}, "id": "4b1b9c47f964a52032fc23e3", "name": "Park avenue"}, "suffix": "/VIzjyNqXa6G_86I6awzZ1w0aUQreHOj2fFA6vATTvJM.jpg", "visibility": "public"}, {"height": 540, "source": {"url": "https://foursquare.com/download/#/iphone", "name": "Foursquare for iOS"}, "width": 720, "prefix": "https://igx.4sqi.net/img/general/", "createdAt": 1338947757, "id": "4fceb8ade4b071a2c88738ee", "venue": {"like": false, "location": {"formattedAddress": ["No 321 Tianbei Rd., Houshayu Town", "\u987a\u4e49", "\u5317\u4eac\u5e02, 101318"], "city": "\u987a\u4e49", "lng": 116.50872953526844, "cc": "CN", "state": "\u5317\u4eac\u5e02", "lat": 40.11642373131202, "address": "No 321 Tianbei Rd., Houshayu Town", "labeledLatLngs": [{"label": "display", "lat": 40.11642373131202, "lng": 116.50872953526844}], "postalCode": "101318", "country": "\u4e2d\u56fd"}, "categories": [], "verified": false, "contact": {}, "beenHere": {"lastCheckinExpiredAt": 0}, "stats": {"tipCount": 0, "usersCount": 14, "checkinsCount": 50}, "id": "4da7a36b5da3ef8bf14cdda0", "name": "\u4e2d\u56fd\u6b8b\u75be\u4eba\u4f53\u80b2\u8fd0\u52a8\u7ba1\u7406\u4e2d\u5fc3"}, "suffix": "/Jtez1j0ALuns1w1jX-k-TBqHTWPAtDiqDk9CdMLVbGY.jpg", "visibility": "public"}, {"height": 537, "source": {"url": "https://foursquare.com/download/#/iphone", "name": "Foursquare for iOS"}, "width": 720, "prefix": "https://igx.4sqi.net/img/general/", "createdAt": 1338363668, "id": "4fc5cf14e4b0bb90d6699558", "venue": {"like": false, "location": {"cc": "SG", "country": "Singapore", "lat": 1.3572703116135436, "lng": 103.98628407599345, "labeledLatLngs": [{"label": "display", "lat": 1.3572703116135436, "lng": 103.98628407599345}], "formattedAddress": ["Singapore"]}, "categories": [{"icon": {"prefix": "https://ss3.4sqi.net/img/categories_v2/food/vegetarian_", "suffix": ".png"}, "name": "Vegetarian / Vegan Restaurant", "id": "4bf58dd8d48988d1d3941735", "pluralName": "Vegetarian / Vegan Restaurants", "primary": true, "shortName": "Vegetarian / Vegan"}], "verified": false, "contact": {}, "allowMenuUrlEdit": true, "stats": {"tipCount": 4, "usersCount": 103, "checkinsCount": 143}, "id": "4d6b89b0c147721ead5542f5", "name": "Kaveri Indian Vegetarian T3", "beenHere": {"lastCheckinExpiredAt": 0}}, "suffix": "/qhpknyr00kw6SNGwtxkywc1_-dGXf3j1hchkvIQFnI0.jpg", "visibility": "public"}, {"height": 720, "source": {"url": "https://foursquare.com/download/#/iphone", "name": "Foursquare for iOS"}, "width": 537, "prefix": "https://igx.4sqi.net/img/general/", "createdAt": 1336437391, "id": "4fa86a8fe4b0272559ce96c9", "venue": {"url": "http://www.millenniumhotels.com/cn/grandmillenniumbeijing/index.html", "like": false, "location": {"formattedAddress": ["7 East 3rd Ring Middle Rd (At Fortune Plaza)", "\u5317\u4eac\u5e02", "\u5317\u4eac\u5e02, 100020"], "city": "\u5317\u4eac\u5e02", "lng": 116.45323748655345, "cc": "CN", "state": "\u5317\u4eac\u5e02", "crossStreet": "At Fortune Plaza", "lat": 39.91552762267346, "address": "7 East 3rd Ring Middle Rd", "labeledLatLngs": [{"label": "display", "lat": 39.91552762267346, "lng": 116.45323748655345}], "postalCode": "100020", "country": "\u4e2d\u56fd"}, "categories": [{"icon": {"prefix": "https://ss3.4sqi.net/img/categories_v2/travel/hotel_", "suffix": ".png"}, "name": "Hotel", "id": "4bf58dd8d48988d1fa931735", "pluralName": "Hotels", "primary": true, "shortName": "Hotel"}], "verified": false, "contact": {"formattedPhone": "010 8587 6888", "phone": "01085876888"}, "allowMenuUrlEdit": true, "stats": {"tipCount": 34, "usersCount": 1250, "checkinsCount": 4102}, "id": "4bcfadc5caff9521b8bccdf0", "name": "\u5317\u4eac\u5343\u79a7\u5927\u9152\u5e97 Grand Millennium Beijing", "beenHere": {"lastCheckinExpiredAt": 0}}, "suffix": "/OmJjpJ78vfbykdenJdqsT_tyJBXS1KkvvduwyfkzRx0.jpg", "visibility": "public"}, {"height": 537, "source": {"url": "https://foursquare.com/download/#/iphone", "name": "Foursquare for iOS"}, "width": 720, "prefix": "https://igx.4sqi.net/img/general/", "createdAt": 1335656685, "id": "4f9c80ede4b065054c5e740c", "venue": {"like": false, "location": {"country": "\u4e2d\u56fd", "lat": 30.7503971242802, "lng": 120.4847663326556, "labeledLatLngs": [{"label": "display", "lat": 30.7503971242802, "lng": 120.4847663326556}], "cc": "CN"}, "categories": [{"icon": {"prefix": "https://ss3.4sqi.net/img/categories_v2/travel/resort_", "suffix": ".png"}, "name": "Resort", "id": "4bf58dd8d48988d12f951735", "pluralName": "Resorts", "primary": true, "shortName": "Resort"}], "verified": false, "contact": {}, "allowMenuUrlEdit": true, "stats": {"tipCount": 8, "usersCount": 854, "checkinsCount": 1055}, "id": "4bd2a99a462cb713d4d3dc07", "name": "\u4e4c\u9547\u897f\u6805", "beenHere": {"lastCheckinExpiredAt": 0}}, "suffix": "/2HvC27kUzXnGB2RWHSFuKFFsiBDbSqUYnWAXsU5ZACI.jpg", "visibility": "public"}, {"height": 360, "source": {"url": "https://foursquare.com/download/#/iphone", "name": "Foursquare for iOS"}, "width": 720, "prefix": "https://igx.4sqi.net/img/general/", "createdAt": 1335421612, "id": "4f98eaace4b0e84394d2b2ff", "venue": {"venueRatingBlacklisted": true, "like": false, "location": {"country": "\u4e2d\u56fd", "lat": 31.750788, "lng": 117.224792, "labeledLatLngs": [{"label": "display", "lat": 31.750788, "lng": 117.224792}], "cc": "CN"}, "categories": [{"icon": {"prefix": "https://ss3.4sqi.net/img/categories_v2/education/default_", "suffix": ".png"}, "name": "University", "id": "4bf58dd8d48988d1ae941735", "pluralName": "Universities", "primary": true, "shortName": "University"}], "verified": false, "contact": {}, "beenHere": {"lastCheckinExpiredAt": 0}, "stats": {"tipCount": 0, "usersCount": 5, "checkinsCount": 8}, "id": "4f98ea6fe4b0e84394d290dc", "name": "\u5408\u80a5\u5e08\u8303\u5b66\u9662\u65b0\u6821\u56ed Hefei Normal University New Campus"}, "suffix": "/dNxq1Jt7dDydmr-ph6kMQToGPBcqGLwPz9f776fdusI.jpg", "visibility": "public"}, {"height": 537, "source": {"url": "https://foursquare.com/download/#/iphone", "name": "Foursquare for iOS"}, "width": 720, "prefix": "https://igx.4sqi.net/img/general/", "createdAt": 1334379989, "id": "4f8905d5e4b09582a1f6e7c3", "venue": {"like": false, "location": {"country": "\u4e2d\u56fd", "lat": 39.92550225083731, "lng": 116.47573320722768, "labeledLatLngs": [{"label": "display", "lat": 39.92550225083731, "lng": 116.47573320722768}], "cc": "CN"}, "categories": [], "verified": false, "contact": {}, "beenHere": {"lastCheckinExpiredAt": 0}, "stats": {"tipCount": 0, "usersCount": 4, "checkinsCount": 6}, "id": "4f6ee911e4b0463c9518cdcd", "name": "\u6cd5\u96c5\u4f53\u80b2"}, "suffix": "/Y8G8PdsRs42F6NgEk0IbjFZO2lKJNuatcaJLbiJ-dLA.jpg", "visibility": "public"}, {"height": 537, "source": {"url": "https://foursquare.com/download/#/iphone", "name": "Foursquare for iOS"}, "width": 720, "prefix": "https://igx.4sqi.net/img/general/", "createdAt": 1318845621, "id": "4e9bfcb54901d3b0b78376b0", "venue": {"like": false, "location": {"city": "\u5e7f\u5dde", "lng": 113.32039657558744, "cc": "CN", "state": "\u5e7f\u4e1c", "lat": 23.150453239677038, "address": "172 Linhe Rd. Central", "labeledLatLngs": [{"label": "display", "lat": 23.150453239677038, "lng": 113.32039657558744}], "formattedAddress": ["172 Linhe Rd. Central", "\u5e7f\u5dde", "\u5e7f\u4e1c"], "country": "\u4e2d\u56fd"}, "categories": [{"icon": {"prefix": "https://ss3.4sqi.net/img/categories_v2/travel/hotel_", "suffix": ".png"}, "name": "Hotel", "id": "4bf58dd8d48988d1fa931735", "pluralName": "Hotels", "primary": true, "shortName": "Hotel"}], "verified": false, "contact": {}, "allowMenuUrlEdit": true, "stats": {"tipCount": 9, "usersCount": 590, "checkinsCount": 1403}, "id": "4bafa1c0f964a520e2113ce3", "name": "\u5efa\u56fd\u9152\u5e97 Jianguo Hotel", "beenHere": {"lastCheckinExpiredAt": 0}}, "suffix": "/EXEPLZE1MVXEFHUNEFZ0020Y0O3NDGWBGXTLVLCUNW4WFP4E.jpg", "visibility": "public"}, {"height": 720, "source": {"url": "https://foursquare.com/download/#/iphone", "name": "Foursquare for iOS"}, "width": 537, "prefix": "https://igx.4sqi.net/img/general/", "createdAt": 1316253930, "id": "4e7470eae4cd325436d7d392", "venue": {"location": {"formattedAddress": ["6A N 3rd Ring Rd E", "\u5317\u4eac\u5e02", "\u5317\u4eac\u5e02, 100028"], "city": "\u5317\u4eac\u5e02", "lng": 116.43608189587331, "cc": "CN", "state": "\u5317\u4eac\u5e02", "lat": 39.958597671248114, "address": "6A N 3rd Ring Rd E", "labeledLatLngs": [{"label": "display", "lat": 39.958597671248114, "lng": 116.43608189587331}], "postalCode": "100028", "country": "\u4e2d\u56fd"}, "contact": {"twitter": "radissonblu", "facebookName": "Radisson Blu", "formattedPhone": "010 5922 3388", "phone": "01059223388", "facebookUsername": "radissonblu", "facebook": "346132998748143"}, "verified": true, "allowMenuUrlEdit": true, "stats": {"tipCount": 40, "usersCount": 1388, "checkinsCount": 3542}, "id": "4cd9b5ea1647a0936268e84c", "storeId": "BEIG", "url": "http://t.co/QozapC4StP", "like": false, "categories": [{"icon": {"prefix": "https://ss3.4sqi.net/img/categories_v2/travel/hotel_", "suffix": ".png"}, "name": "Hotel", "id": "4bf58dd8d48988d1fa931735", "pluralName": "Hotels", "primary": true, "shortName": "Hotel"}], "beenHere": {"lastCheckinExpiredAt": 0}, "name": "Radisson Blu Hotel Beijing \u5317\u4eac\u7687\u5bb6\u5927\u996d\u5e97"}, "suffix": "/K2DL5RD5G0PTDP14NJJPAIKA42FJ5D3U2DAWJJZVVFB252UG.jpg", "visibility": "public"}, {"height": 537, "source": {"url": "https://foursquare.com/download/#/iphone", "name": "Foursquare for iOS"}, "width": 720, "prefix": "https://igx.4sqi.net/img/general/", "createdAt": 1313486866, "id": "4e4a3812e4cd4fd730014716", "venue": {"like": false, "location": {"city": "\u5cb3\u9633\u5e02", "state": "\u6e56\u5357", "cc": "CN", "country": "\u4e2d\u56fd", "lat": 29.51472858680973, "lng": 112.85422325134277, "labeledLatLngs": [{"label": "display", "lat": 29.51472858680973, "lng": 112.85422325134277}], "formattedAddress": ["\u5cb3\u9633\u5e02", "\u6e56\u5357"]}, "categories": [{"icon": {"prefix": "https://ss3.4sqi.net/img/categories_v2/parks_outdoors/park_", "suffix": ".png"}, "name": "Park", "id": "4bf58dd8d48988d163941735", "pluralName": "Parks", "primary": true, "shortName": "Park"}], "verified": false, "contact": {}, "beenHere": {"lastCheckinExpiredAt": 0}, "stats": {"tipCount": 0, "usersCount": 4, "checkinsCount": 4}, "id": "4e4a37d418387418d6eb4089", "name": "\u56e2\u6e56\u8377\u82b1\u4e16\u754c Tuanhu Lotus World"}, "suffix": "/BJUJ554KUTHU23TAC1GMFIEYVJT4XXDI3T3Z2WBR0ZP4GTJW.jpg", "visibility": "public"}, {"height": 537, "source": {"url": "https://foursquare.com/download/#/iphone", "name": "Foursquare for iOS"}, "width": 720, "prefix": "https://igx.4sqi.net/img/general/", "createdAt": 1299802584, "id": "4d7969d86bc528fd24af55be", "venue": {"like": false, "location": {"cc": "MX", "country": "M\u00e9xico", "lat": 18.988351, "lng": -99.090373, "labeledLatLngs": [{"label": "display", "lat": 18.988351, "lng": -99.090373}], "formattedAddress": ["M\u00e9xico"]}, "categories": [{"icon": {"prefix": "https://ss3.4sqi.net/img/categories_v2/travel/bedandbreakfast_", "suffix": ".png"}, "name": "Bed & Breakfast", "id": "4bf58dd8d48988d1f8931735", "pluralName": "Bed & Breakfasts", "primary": true, "shortName": "B & B"}], "verified": false, "contact": {}, "allowMenuUrlEdit": true, "stats": {"tipCount": 6, "usersCount": 113, "checkinsCount": 139}, "id": "4d7962341623a0935040736e", "name": "Villa del Tepoz Fuego", "beenHere": {"lastCheckinExpiredAt": 0}}, "suffix": "/DDKBR2ZZXIVAQAKORM1GMHTWMFOXKLKJZRNZDRYSGCOKHBWS.jpg", "visibility": "public"}, {"height": 537, "source": {"url": "https://foursquare.com/download/#/iphone", "name": "Foursquare for iOS"}, "width": 720, "prefix": "https://igx.4sqi.net/img/general/", "createdAt": 1298954294, "id": "4d6c7836c791a3404bbae016", "venue": {"hasMenu": true, "location": {"formattedAddress": ["1600 N Indian Canyon Dr (at Vista Chino)", "Palm Springs, CA 92262", "United States"], "city": "Palm Springs", "lng": -116.54468536376953, "cc": "US", "state": "CA", "crossStreet": "at Vista Chino", "lat": 33.845433431962164, "address": "1600 N Indian Canyon Dr", "labeledLatLngs": [{"label": "display", "lat": 33.845433431962164, "lng": -116.54468536376953}], "postalCode": "92262", "country": "United States"}, "contact": {"twitter": "rivieraps", "facebookName": "Riviera Palm Springs", "facebookUsername": "RivieraPalmSprings", "facebook": "119237124764612"}, "verified": true, "allowMenuUrlEdit": true, "stats": {"tipCount": 12, "usersCount": 938, "checkinsCount": 1212}, "menu": {"label": "Menu", "anchor": "View Menu", "mobileUrl": "https://foursquare.com/v/4a884ee3f964a520d50520e3/device_menu", "url": "https://foursquare.com/v/circa-59/4a884ee3f964a520d50520e3/menu", "type": "Menu"}, "beenHere": {"lastCheckinExpiredAt": 0}, "url": "http://www.facebook.com/RivieraPalmSprings", "like": false, "categories": [{"icon": {"prefix": "https://ss3.4sqi.net/img/categories_v2/food/default_", "suffix": ".png"}, "name": "American Restaurant", "id": "4bf58dd8d48988d14e941735", "pluralName": "American Restaurants", "primary": true, "shortName": "American"}], "id": "4a884ee3f964a520d50520e3", "name": "Circa 59"}, "suffix": "/MJR4EUPYEDTVJTGYJI2VEVBBTC4YCSFGJTAOAISRPAYD0M2U.jpg", "visibility": "public"}], "count": 30}, "totalCount": 30}}