{"meta": {"code": 200, "requestId": "595b141c4c1f67703a553c19"}, "notifications": [{"item": {"unreadCount": 0}, "type": "notificationTray"}], "response": {"photos": {"items": [{"height": 720, "source": {"url": "https://foursquare.com/download/#/android", "name": "Foursquare for Android"}, "width": 540, "prefix": "https://igx.4sqi.net/img/general/", "createdAt": 1327066170, "id": "4f196c3ae4b0a9e6db414b82", "venue": {"location": {"formattedAddress": ["#B1-16/19, Scotts Square (6 Scotts Rd)", "228209", "Singapore"], "city": "Singapore", "lng": 103.8328360318701, "cc": "SG", "country": "Singapore", "lat": 1.30584734990376, "address": "#B1-16/19, Scotts Square", "crossStreet": "6 Scotts Rd", "postalCode": "228209"}, "contact": {"formattedPhone": "+65 6636 0903", "phone": "+6566360903"}, "verified": false, "allowMenuUrlEdit": true, "stats": {"tipCount": 42, "usersCount": 1271, "checkinsCount": 1918}, "id": "4ebc8721e5e8c3fc3bf67960", "url": "http://www.thedeliciousgroup.com.sg", "closed": true, "like": false, "categories": [{"icon": {"prefix": "https://ss3.4sqi.net/img/categories_v2/food/tearoom_", "suffix": ".png"}, "name": "Tea Room", "id": "4bf58dd8d48988d1dc931735", "pluralName": "Tea Rooms", "primary": true, "shortName": "Tea Room"}], "beenHere": {"lastCheckinExpiredAt": 0}, "name": "Delicious"}, "suffix": "/EUIMJJGKZ0WKI240RVSRD1RLCW051342OPLEQCF0HTHQJNL4.jpg", "visibility": "public"}, {"height": 540, "source": {"url": "https://foursquare.com/download/#/android", "name": "Foursquare for Android"}, "width": 720, "prefix": "https://igx.4sqi.net/img/general/", "createdAt": 1326550728, "id": "4f118ec8e4b0d85e523c6dee", "venue": {"closed": true, "like": false, "location": {"city": "Singapore", "lng": 103.800753, "cc": "SG", "country": "Singapore", "lat": 1.307075, "address": "Block 118 Commonwalth Crescent", "formattedAddress": ["Block 118 Commonwalth Crescent", "Singapore"]}, "categories": [{"icon": {"prefix": "https://ss3.4sqi.net/img/categories_v2/food/asian_", "suffix": ".png"}, "name": "Chinese Restaurant", "id": "4bf58dd8d48988d145941735", "pluralName": "Chinese Restaurants", "primary": true, "shortName": "Chinese"}], "verified": false, "contact": {}, "allowMenuUrlEdit": true, "stats": {"tipCount": 16, "usersCount": 256, "checkinsCount": 793}, "id": "4bd12b2e41b9ef3b7ca3fbe5", "name": "Lee Heng Restaurant", "beenHere": {"lastCheckinExpiredAt": 0}}, "suffix": "/YDNNRLGWUFP0CA5K2K3G4BXQOJ0X3B4PWJOHZLDUZ1OXN1UA.jpg", "visibility": "public"}], "count": 2}, "totalCount": 2}}