{"response": {"photos": {"items": [{"id": "52babb6a498e923cc5630a16", "createdAt": 1387969386, "height": 720, "visibility": "public", "source": {"url": "https://foursquare.com/download/#/android", "name": "Foursquare for Android"}, "prefix": "https://igx.4sqi.net/img/general/", "venue": {"id": "4ddf58f5b0fbefa198c34837", "closed": true, "stats": {"checkinsCount": 787, "tipCount": 12, "usersCount": 540}, "like": false, "beenHere": {"lastCheckinExpiredAt": 0}, "categories": [{"id": "4bf58dd8d48988d1e6941735", "primary": true, "icon": {"prefix": "https://ss3.4sqi.net/img/categories_v2/parks_outdoors/golfcourse_", "suffix": ".png"}, "pluralName": "Golf Courses", "shortName": "Golf Course", "name": "Golf Course"}], "verified": false, "allowMenuUrlEdit": true, "location": {"crossStreet": "902 East Coast Parkway", "labeledLatLngs": [{"lng": 103.9003153989755, "label": "display", "lat": 1.2974302248166472}], "lat": 1.2974302248166472, "postalCode": "449874", "city": "Singapore", "formattedAddress": ["#03-05, Big Splash (902 East Coast Parkway)", "449874", "Singapore"], "lng": 103.9003153989755, "address": "#03-05, Big Splash", "country": "Singapore", "cc": "SG"}, "contact": {}, "name": "LilliPutt Indoor Mini Golf"}, "width": 960, "suffix": "/1177648_Oc8DmnlKbDxGZfeWiSqJiiU2N9nVs-ib4WqZnw-rfrk.jpg"}, {"id": "50f806d8e4b0f2d6fbd8276e", "createdAt": 1358431960, "height": 720, "visibility": "public", "source": {"url": "https://foursquare.com/download/#/android", "name": "Foursquare for Android"}, "prefix": "https://igx.4sqi.net/img/general/", "venue": {"id": "50af7c13e4b0d4508afc82b0", "like": false, "stats": {"checkinsCount": 83, "tipCount": 1, "usersCount": 38}, "beenHere": {"lastCheckinExpiredAt": 0}, "categories": [{"id": "4bf58dd8d48988d116941735", "primary": true, "icon": {"prefix": "https://ss3.4sqi.net/img/categories_v2/nightlife/pub_", "suffix": ".png"}, "pluralName": "Bars", "shortName": "Bar", "name": "Bar"}], "verified": false, "allowMenuUrlEdit": true, "location": {"address": "124 - 126 East Coast Road", "lat": 1.305884, "city": "Singapore", "formattedAddress": ["124 - 126 East Coast Road", "Singapore"], "lng": 103.905075, "labeledLatLngs": [{"lng": 103.905075, "label": "display", "lat": 1.305884}], "country": "Singapore", "cc": "SG"}, "contact": {}, "name": "Bier + Cider + Bites"}, "width": 540, "suffix": "/1177648_JdG-CTw7KsRgIijKFkwEX1X5Ho9iIukt4fO5d0DmDLE.jpg"}, {"id": "5091d67ce4b0f769ef547508", "createdAt": 1351734908, "height": 540, "visibility": "public", "source": {"url": "https://foursquare.com/download/#/android", "name": "Foursquare for Android"}, "prefix": "https://igx.4sqi.net/img/general/", "venue": {"id": "4cba8b9843ec6dcb4a60a531", "like": false, "stats": {"checkinsCount": 4120, "tipCount": 47, "usersCount": 2410}, "beenHere": {"lastCheckinExpiredAt": 0}, "categories": [{"id": "4bf58dd8d48988d145941735", "primary": true, "icon": {"prefix": "https://ss3.4sqi.net/img/categories_v2/food/asian_", "suffix": ".png"}, "pluralName": "Chinese Restaurants", "shortName": "Chinese", "name": "Chinese Restaurant"}], "verified": false, "allowMenuUrlEdit": true, "location": {"crossStreet": "next to Joo Chiat CC", "labeledLatLngs": [{"lng": 103.90430867671967, "label": "display", "lat": 1.3070853140606358}], "lat": 1.3070853140606358, "postalCode": "427652", "city": "Singapore", "formattedAddress": ["439 Joo Chiat Rd (next to Joo Chiat CC)", "427652", "Singapore"], "lng": 103.90430867671967, "address": "439 Joo Chiat Rd", "country": "Singapore", "cc": "SG"}, "contact": {"formattedPhone": "+65 6345 8754", "phone": "+6563458754"}, "name": "Sin Heng Claypot Bak Kut Teh"}, "width": 720, "suffix": "/1177648_Ln1_9gVLbwZmKn78Pnf7gYJ1T21NNUFC9JHnnmKp_Js.jpg"}, {"id": "502f881ce4b01042a36f093c", "createdAt": 1345292316, "height": 720, "visibility": "public", "source": {"url": "https://foursquare.com/download/#/android", "name": "Foursquare for Android"}, "prefix": "https://igx.4sqi.net/img/general/", "venue": {"id": "4c6fdc46344437047c25225f", "like": false, "stats": {"checkinsCount": 1041, "tipCount": 13, "usersCount": 376}, "beenHere": {"lastCheckinExpiredAt": 0}, "categories": [{"id": "4bf58dd8d48988d11d941735", "primary": true, "icon": {"prefix": "https://ss3.4sqi.net/img/categories_v2/nightlife/sportsbar_", "suffix": ".png"}, "pluralName": "Sports Bars", "shortName": "Sports Bar", "name": "Sports Bar"}], "verified": false, "allowMenuUrlEdit": true, "location": {"crossStreet": "51 Bras Basah Rd.", "labeledLatLngs": [{"lng": 103.85034758423048, "label": "display", "lat": 1.2973321244208205}], "lat": 1.2973321244208205, "postalCode": "189554", "city": "Singapore", "formattedAddress": ["#01-02A Manulife Centre (51 Bras Basah Rd.)", "189554", "Singapore"], "lng": 103.85034758423048, "address": "#01-02A Manulife Centre", "country": "Singapore", "cc": "SG"}, "contact": {"twitter": "arsenalsg", "formattedPhone": "+65 6736 2808", "phone": "+6567362808"}, "name": "Arsenal Singapore Supporters Club"}, "width": 540, "suffix": "/rPh7uyElyiY_PrAU_MElERw6CMRY49hii8SfcPzJGRY.jpg"}, {"id": "4fb72656e4b08bf863433118", "createdAt": 1337402966, "height": 720, "visibility": "public", "source": {"url": "https://foursquare.com/download/#/iphone", "name": "Foursquare for iOS"}, "prefix": "https://igx.4sqi.net/img/general/", "venue": {"id": "4b12053ef964a520468823e3", "like": false, "stats": {"checkinsCount": 1495, "tipCount": 56, "usersCount": 747}, "url": "http://freshlybaked.com.sg", "beenHere": {"lastCheckinExpiredAt": 0}, "categories": [{"id": "4bf58dd8d48988d16d941735", "primary": true, "icon": {"prefix": "https://ss3.4sqi.net/img/categories_v2/food/cafe_", "suffix": ".png"}, "pluralName": "Caf\u00e9s", "shortName": "Caf\u00e9", "name": "Caf\u00e9"}], "verified": false, "allowMenuUrlEdit": true, "location": {"address": "57 Killiney Road", "lat": 1.2991306971678642, "postalCode": "239520", "city": "Singapore", "formattedAddress": ["57 Killiney Road", "239520", "Singapore"], "lng": 103.83907564970188, "labeledLatLngs": [{"lng": 103.83907564970188, "label": "display", "lat": 1.2991306971678642}], "country": "Singapore", "cc": "SG"}, "contact": {"formattedPhone": "+65 6735 3298", "phone": "+6567353298"}, "name": "Freshly Baked by Le Bijoux"}, "width": 540, "suffix": "/yb6kbct9R1lAaAdcA72RYPuVQsaKQJ0MaXhtviRN72c.jpg"}, {"id": "4f7fc295e4b0c2f764cde63d", "createdAt": 1333772949, "height": 720, "visibility": "public", "source": {"url": "https://foursquare.com/download/#/iphone", "name": "Foursquare for iOS"}, "prefix": "https://igx.4sqi.net/img/general/", "venue": {"closed": true, "like": false, "allowMenuUrlEdit": true, "location": {"crossStreet": "333 Orchard Rd", "labeledLatLngs": [{"lng": 103.83610920873193, "label": "display", "lat": 1.302413292480386}], "lat": 1.302413292480386, "postalCode": "238867", "city": "Singapore", "formattedAddress": ["#04-21/22/23 Mandarin Gallery (333 Orchard Rd)", "238867", "Singapore"], "lng": 103.83610920873193, "address": "#04-21/22/23 Mandarin Gallery", "country": "Singapore", "cc": "SG"}, "id": "4b53ed92f964a520d0ae27e3", "beenHere": {"lastCheckinExpiredAt": 0}, "stats": {"checkinsCount": 5856, "tipCount": 76, "usersCount": 3563}, "url": "http://www.jonesthegrocer.com", "categories": [{"id": "4bf58dd8d48988d16d941735", "primary": true, "icon": {"prefix": "https://ss3.4sqi.net/img/categories_v2/food/cafe_", "suffix": ".png"}, "pluralName": "Caf\u00e9s", "shortName": "Caf\u00e9", "name": "Caf\u00e9"}], "verified": false, "contact": {"formattedPhone": "+65 6476 1512", "phone": "+6564761512"}, "name": "Jones the Grocer"}, "width": 540, "suffix": "/gXfaqqQBGWZtFW7PixaCU7dLba18Nl0t_RxNW4HIaMg.jpg"}, {"id": "4f5c9dbce4b075ad7a9b96d0", "createdAt": 1331469756, "height": 540, "visibility": "public", "source": {"url": "https://foursquare.com/download/#/iphone", "name": "Foursquare for iOS"}, "prefix": "https://igx.4sqi.net/img/general/", "venue": {"id": "4e4e54cbfa7626401e991e60", "like": false, "stats": {"checkinsCount": 1199, "tipCount": 34, "usersCount": 755}, "beenHere": {"lastCheckinExpiredAt": 0}, "categories": [{"id": "4bf58dd8d48988d1c9941735", "primary": true, "icon": {"prefix": "https://ss3.4sqi.net/img/categories_v2/food/icecream_", "suffix": ".png"}, "pluralName": "Ice Cream Shops", "shortName": "Ice Cream", "name": "Ice Cream Shop"}], "verified": false, "allowMenuUrlEdit": true, "location": {"address": "242C Tanjong Katong Rd", "lat": 1.306626586719008, "postalCode": "437030", "city": "Singapore", "formattedAddress": ["242C Tanjong Katong Rd", "437030", "Singapore"], "lng": 103.89574482647701, "labeledLatLngs": [{"lng": 103.89574482647701, "label": "display", "lat": 1.306626586719008}], "country": "Singapore", "cc": "SG"}, "contact": {"formattedPhone": "+65 6348 6535", "phone": "+6563486535"}, "name": "Bing Bing Ice Cream Gallery"}, "width": 720, "suffix": "/RrsuMuRyl59uMVJ_LN0akK2w7qgRVfu89cq-GzhD-dY.jpg"}], "count": 7}, "totalCount": 7}, "meta": {"code": 200, "requestId": "595a84f1dd57972d2b0ff080"}, "notifications": [{"item": {"unreadCount": 0}, "type": "notificationTray"}]}