{"response": {"photos": {"items": [{"id": "4d27c53df2572da177ef8fb2", "createdAt": 1294452029, "tip": {"id": "4d27c5373c7954813be6c79b", "createdAt": 1294452023, "like": false, "todo": {"count": 0}, "text": "Must try: beef carpaccio - layers of flavor! Truffle mash - so smooth, soft and tasty! Mac 'n cheese - just the right consistency with the perfect balance of taste of cheese! Baked onion soup - great!", "logView": true, "disagreeCount": 0, "canonicalUrl": "https://foursquare.com/item/4d27c5373c7954813be6c79b", "type": "user", "likes": {"count": 0, "groups": []}, "agreeCount": 0}, "height": 537, "visibility": "public", "source": {"url": "https://foursquare.com/download/#/iphone", "name": "Foursquare for iOS"}, "prefix": "https://igx.4sqi.net/img/general/", "venue": {"id": "4b153116f964a5201fa923e3", "like": false, "stats": {"checkinsCount": 1726, "tipCount": 64, "usersCount": 1208}, "venuePage": {"id": "78727809"}, "beenHere": {"lastCheckinExpiredAt": 0}, "categories": [{"id": "4bf58dd8d48988d1cc941735", "primary": true, "icon": {"prefix": "https://ss3.4sqi.net/img/categories_v2/food/steakhouse_", "suffix": ".png"}, "pluralName": "Steakhouses", "shortName": "Steakhouse", "name": "Steakhouse"}], "verified": true, "allowMenuUrlEdit": true, "location": {"crossStreet": "96 Somerset Rd.", "labeledLatLngs": [{"lng": 103.83779056139574, "label": "display", "lat": 1.300803381465927}], "lat": 1.300803381465927, "postalCode": "238163", "city": "Singapore", "formattedAddress": ["#01-05 Pan Pacific Serviced Suites (96 Somerset Rd.)", "238163", "Singapore"], "lng": 103.83779056139574, "address": "#01-05 Pan Pacific Serviced Suites", "country": "Singapore", "cc": "SG"}, "contact": {"formattedPhone": "+65 6238 0054", "phone": "+6562380054"}, "name": "Bedrock Bar & Grill"}, "width": 720, "suffix": "/O102GUVR0XKSGK53XPTPJ2QRINO3GSU2LET1JUHORL4HOSJB.jpg"}], "count": 1}, "totalCount": 1}, "meta": {"code": 200, "requestId": "595a7c5f4c1f67703a94d98f"}, "notifications": [{"item": {"unreadCount": 0}, "type": "notificationTray"}]}