{"meta": {"code": 200, "requestId": "595aebc6dd57972d2becf068"}, "notifications": [{"item": {"unreadCount": 0}, "type": "notificationTray"}], "response": {"photos": {"items": [{"height": 3024, "source": {"url": "https://foursquare.com/download/#/android", "name": "Foursquare for Android"}, "tip": {"agreeCount": 1, "canonicalUrl": "https://foursquare.com/item/57ee2f04498e6b074c803ae2", "todo": {"count": 0}, "logView": true, "disagreeCount": 0, "createdAt": 1475227396, "id": "57ee2f04498e6b074c803ae2", "text": "Fire spicy chicken is NO JOKE! it's on Fire! and we can take spicy food, but this is crazy shit!", "likes": {"groups": [], "count": 0}, "like": false, "type": "user"}, "width": 4032, "prefix": "https://igx.4sqi.net/img/general/", "createdAt": 1475227399, "id": "57ee2f07498ef073c1014414", "venue": {"like": false, "location": {"formattedAddress": ["11, Jalan Solaris 2 (Solaris Mont Kiara)", "50480 Kuala Lumpur, Kuala Lumpur", "Malaysia"], "city": "Kuala Lumpur", "lng": 101.66030693555507, "cc": "MY", "state": "Kuala Lumpur", "crossStreet": "Solaris Mont Kiara", "lat": 3.174775529614771, "address": "11, Jalan Solaris 2", "labeledLatLngs": [{"label": "display", "lat": 3.174775529614771, "lng": 101.66030693555507}], "postalCode": "50480", "country": "Malaysia"}, "categories": [{"icon": {"prefix": "https://ss3.4sqi.net/img/categories_v2/food/korean_", "suffix": ".png"}, "name": "Korean Restaurant", "id": "4bf58dd8d48988d113941735", "pluralName": "Korean Restaurants", "primary": true, "shortName": "Korean"}], "verified": false, "contact": {}, "allowMenuUrlEdit": true, "stats": {"tipCount": 21, "usersCount": 2824, "checkinsCount": 3186}, "id": "56f6b190498ef7a12b647cd9", "name": "Nanda Chicken", "beenHere": {"lastCheckinExpiredAt": 0}}, "suffix": "/1178471_AekYBaOLZwtYraQ4QDKMvSUpfNQDU9EsEifOY9wCqao.jpg", "visibility": "public"}, {"height": 960, "source": {"url": "https://www.swarmapp.com", "name": "Swarm for Android"}, "width": 720, "prefix": "https://igx.4sqi.net/img/general/", "createdAt": 1461752927, "id": "5720945f498e6c4d9b3f66f7", "venue": {"venueRatingBlacklisted": true, "like": false, "location": {"city": "\u81fa\u5357\u5e02", "state": "\u81fa\u5357\u5e02", "isFuzzed": true, "cc": "TW", "country": "\u81fa\u7063", "lat": 22.996902419272963, "lng": 120.19933809625141, "formattedAddress": ["\u81fa\u5357\u5e02, \u81fa\u5357\u5e02", "\u81fa\u7063"]}, "categories": [{"icon": {"prefix": "https://ss3.4sqi.net/img/categories_v2/building/home_", "suffix": ".png"}, "name": "Home (private)", "id": "4bf58dd8d48988d103941735", "pluralName": "Homes (private)", "primary": true, "shortName": "Home"}], "verified": false, "contact": {}, "beenHere": {"lastCheckinExpiredAt": 0}, "stats": {"tipCount": 0, "usersCount": 1, "checkinsCount": 9}, "id": "571f211f498e9f3e07285418", "name": "XimenAsakusa"}, "suffix": "/1178471_W3AgGygJVp01HNL2pCENtVkQ4g2zzqBWMccJ3xPBP8c.jpg", "visibility": "public"}, {"height": 960, "source": {"url": "https://www.swarmapp.com", "name": "Swarm for Android"}, "width": 720, "prefix": "https://igx.4sqi.net/img/general/", "createdAt": 1461752916, "id": "57209454498e748a492f651a", "venue": {"venueRatingBlacklisted": true, "like": false, "location": {"city": "\u81fa\u5357\u5e02", "state": "\u81fa\u5357\u5e02", "isFuzzed": true, "cc": "TW", "country": "\u81fa\u7063", "lat": 22.996902419272963, "lng": 120.19933809625141, "formattedAddress": ["\u81fa\u5357\u5e02, \u81fa\u5357\u5e02", "\u81fa\u7063"]}, "categories": [{"icon": {"prefix": "https://ss3.4sqi.net/img/categories_v2/building/home_", "suffix": ".png"}, "name": "Home (private)", "id": "4bf58dd8d48988d103941735", "pluralName": "Homes (private)", "primary": true, "shortName": "Home"}], "verified": false, "contact": {}, "beenHere": {"lastCheckinExpiredAt": 0}, "stats": {"tipCount": 0, "usersCount": 1, "checkinsCount": 9}, "id": "571f211f498e9f3e07285418", "name": "XimenAsakusa"}, "suffix": "/1178471_Wtg6sfBSxVtZCiwUoZezyxt8AvYK-lyNHei-e-dMWfg.jpg", "visibility": "public"}, {"height": 864, "source": {"url": "https://foursquare.com/download/#/android", "name": "Foursquare for Android"}, "width": 720, "prefix": "https://igx.4sqi.net/img/general/", "createdAt": 1363280293, "id": "514201a5e4b0101def71757e", "venue": {"like": false, "location": {"city": "\u0627\u0644\u0643\u0631\u0627\u0645\u0629", "lng": 55.30251575993502, "cc": "AE", "state": "\u062f\u0628\u064a", "lat": 25.249010269185785, "address": "Al Karama", "labeledLatLngs": [{"label": "display", "lat": 25.249010269185785, "lng": 55.30251575993502}], "formattedAddress": ["Al Karama", "\u0627\u0644\u0643\u0631\u0627\u0645\u0629", "\u0627\u0644\u0625\u0645\u0627\u0631\u0627\u062a \u0627\u0644\u0639\u0631\u0628\u064a\u0629 \u0627\u0644\u0645\u062a\u062d\u062f\u0629"], "country": "\u0627\u0644\u0625\u0645\u0627\u0631\u0627\u062a \u0627\u0644\u0639\u0631\u0628\u064a\u0629 \u0627\u0644\u0645\u062a\u062d\u062f\u0629"}, "categories": [{"icon": {"prefix": "https://ss3.4sqi.net/img/categories_v2/food/indonesian_", "suffix": ".png"}, "name": "Indonesian Restaurant", "id": "4deefc054765f83613cdba6f", "pluralName": "Indonesian Restaurants", "primary": true, "shortName": "Indonesian"}], "verified": false, "contact": {"formattedPhone": "+971 4 357 6245", "phone": "+97143576245"}, "allowMenuUrlEdit": true, "stats": {"tipCount": 31, "usersCount": 404, "checkinsCount": 972}, "id": "4c0287e7f56c2d7fb6821b66", "name": "Betawi cafe", "beenHere": {"lastCheckinExpiredAt": 0}}, "suffix": "/1178471_rwZtshnSIotSmYVAEkNr6U0it9Xy-D-iomVtbaoL69I.jpg", "visibility": "public"}, {"height": 537, "source": {"url": "https://foursquare.com/download/#/iphone", "name": "Foursquare for iOS"}, "width": 720, "prefix": "https://igx.4sqi.net/img/general/", "createdAt": 1332807908, "id": "4f7108e4e4b022ab212400da", "venue": {"closed": true, "like": false, "location": {"formattedAddress": ["Petchaburi Rd (at FX Hotel Makkasan, 1st Fl.)", "\u0e23\u0e32\u0e0a\u0e40\u0e17\u0e27\u0e35", "\u0e01\u0e23\u0e38\u0e07\u0e40\u0e17\u0e1e\u0e21\u0e2b\u0e32\u0e19\u0e04\u0e23 10400", "\u0e1b\u0e23\u0e30\u0e40\u0e17\u0e28\u0e44\u0e17\u0e22"], "city": "\u0e23\u0e32\u0e0a\u0e40\u0e17\u0e27\u0e35", "lng": 100.56119978827638, "cc": "TH", "state": "\u0e01\u0e23\u0e38\u0e07\u0e40\u0e17\u0e1e\u0e21\u0e2b\u0e32\u0e19\u0e04\u0e23", "lat": 13.74910535578641, "address": "Petchaburi Rd", "crossStreet": "at FX Hotel Makkasan, 1st Fl.", "postalCode": "10400", "country": "\u0e1b\u0e23\u0e30\u0e40\u0e17\u0e28\u0e44\u0e17\u0e22"}, "categories": [{"icon": {"prefix": "https://ss3.4sqi.net/img/categories_v2/food/dimsum_", "suffix": ".png"}, "name": "Dim Sum Restaurant", "id": "4bf58dd8d48988d1f5931735", "pluralName": "Dim Sum Restaurants", "primary": true, "shortName": "Dim Sum"}], "verified": true, "contact": {"formattedPhone": "+66 86 325 9783", "phone": "+66863259783"}, "allowMenuUrlEdit": true, "stats": {"tipCount": 16, "usersCount": 633, "checkinsCount": 912}, "id": "4d4a3e42b480a14375f12cec", "name": "Chokdee Dimsum (\u0e42\u0e0a\u0e04\u0e14\u0e35\u0e15\u0e34\u0e48\u0e21\u0e0b\u0e33)", "beenHere": {"lastCheckinExpiredAt": 0}}, "suffix": "/6oHBfx5uIdEdWV3caAH_uvky3_Z7mks81JfZttZwVu8.jpg", "visibility": "public"}, {"height": 720, "source": {"url": "https://foursquare.com/download/#/iphone", "name": "Foursquare for iOS"}, "width": 540, "prefix": "https://igx.4sqi.net/img/general/", "createdAt": 1332037720, "id": "4f654858e4b0272f2ce2d64c", "venue": {"venueRatingBlacklisted": true, "like": false, "location": {"city": "Singapore", "isFuzzed": true, "cc": "SG", "country": "Singapore", "lat": 1.3775767716640452, "lng": 103.93180098711395, "formattedAddress": ["Singapore"]}, "categories": [{"icon": {"prefix": "https://ss3.4sqi.net/img/categories_v2/building/home_", "suffix": ".png"}, "name": "Home (private)", "id": "4bf58dd8d48988d103941735", "pluralName": "Homes (private)", "primary": true, "shortName": "Home"}], "verified": false, "contact": {}, "beenHere": {"lastCheckinExpiredAt": 0}, "stats": {"tipCount": 0, "usersCount": 4, "checkinsCount": 403}, "id": "4d57d15b5ba05481988e0946", "name": "Dino's Lulaby\ud83d\ude08"}, "suffix": "/iNJyWliFihEolxiEklkwLwDrpG4G6YetNfjTAw6q1Tk.jpg", "visibility": "public"}, {"height": 720, "source": {"url": "https://foursquare.com/download/#/iphone", "name": "Foursquare for iOS"}, "width": 537, "prefix": "https://igx.4sqi.net/img/general/", "createdAt": 1317478057, "id": "4e871ea977c84e8726ac1464", "venue": {"like": false, "location": {"formattedAddress": ["22A Dongsishitiao (At Nanxincang Int\u2018l Bldg)", "\u5317\u4eac\u5e02", "\u5317\u4eac\u5e02, 100010"], "city": "\u5317\u4eac\u5e02", "lng": 116.4255009344943, "cc": "CN", "state": "\u5317\u4eac\u5e02", "crossStreet": "At Nanxincang Int\u2018l Bldg", "lat": 39.931198021947544, "address": "22A Dongsishitiao", "labeledLatLngs": [{"label": "display", "lat": 39.931198021947544, "lng": 116.4255009344943}], "postalCode": "100010", "country": "\u4e2d\u56fd"}, "categories": [{"icon": {"prefix": "https://ss3.4sqi.net/img/categories_v2/food/asian_", "suffix": ".png"}, "name": "Peking Duck Restaurant", "id": "52af3b463cf9994f4e043bfe", "pluralName": "Peking Duck Restaurants", "primary": true, "shortName": "Peking Duck"}], "verified": false, "contact": {"formattedPhone": "010 5169 0329", "phone": "01051690329"}, "allowMenuUrlEdit": true, "stats": {"tipCount": 120, "usersCount": 2228, "checkinsCount": 2704}, "id": "4b3df604f964a5208a9725e3", "name": "Dadong Roast Duck Restaurant (\u5927\u8463\u70e4\u9e2d\u5e97)", "beenHere": {"lastCheckinExpiredAt": 0}}, "suffix": "/XASJOFPQZFDQPALCTEHLEFE5JLAMJFDATPKHMVDINHJ0LZ4T.jpg", "visibility": "public"}, {"height": 537, "source": {"url": "https://foursquare.com/download/#/iphone", "name": "Foursquare for iOS"}, "width": 720, "prefix": "https://igx.4sqi.net/img/general/", "createdAt": 1317478039, "id": "4e871e976c2576738203c96c", "venue": {"like": false, "location": {"formattedAddress": ["22A Dongsishitiao (At Nanxincang Int\u2018l Bldg)", "\u5317\u4eac\u5e02", "\u5317\u4eac\u5e02, 100010"], "city": "\u5317\u4eac\u5e02", "lng": 116.4255009344943, "cc": "CN", "state": "\u5317\u4eac\u5e02", "crossStreet": "At Nanxincang Int\u2018l Bldg", "lat": 39.931198021947544, "address": "22A Dongsishitiao", "labeledLatLngs": [{"label": "display", "lat": 39.931198021947544, "lng": 116.4255009344943}], "postalCode": "100010", "country": "\u4e2d\u56fd"}, "categories": [{"icon": {"prefix": "https://ss3.4sqi.net/img/categories_v2/food/asian_", "suffix": ".png"}, "name": "Peking Duck Restaurant", "id": "52af3b463cf9994f4e043bfe", "pluralName": "Peking Duck Restaurants", "primary": true, "shortName": "Peking Duck"}], "verified": false, "contact": {"formattedPhone": "010 5169 0329", "phone": "01051690329"}, "allowMenuUrlEdit": true, "stats": {"tipCount": 120, "usersCount": 2228, "checkinsCount": 2704}, "id": "4b3df604f964a5208a9725e3", "name": "Dadong Roast Duck Restaurant (\u5927\u8463\u70e4\u9e2d\u5e97)", "beenHere": {"lastCheckinExpiredAt": 0}}, "suffix": "/3AYNW5TXA32IDMIOP3WHJFCVGOERLVFGMD50PFW2HJLSSINC.jpg", "visibility": "public"}, {"height": 537, "source": {"url": "https://foursquare.com/download/#/iphone", "name": "Foursquare for iOS"}, "width": 720, "prefix": "https://igx.4sqi.net/img/general/", "createdAt": 1317478031, "id": "4e871e8f4901d32220e6fd43", "venue": {"like": false, "location": {"formattedAddress": ["22A Dongsishitiao (At Nanxincang Int\u2018l Bldg)", "\u5317\u4eac\u5e02", "\u5317\u4eac\u5e02, 100010"], "city": "\u5317\u4eac\u5e02", "lng": 116.4255009344943, "cc": "CN", "state": "\u5317\u4eac\u5e02", "crossStreet": "At Nanxincang Int\u2018l Bldg", "lat": 39.931198021947544, "address": "22A Dongsishitiao", "labeledLatLngs": [{"label": "display", "lat": 39.931198021947544, "lng": 116.4255009344943}], "postalCode": "100010", "country": "\u4e2d\u56fd"}, "categories": [{"icon": {"prefix": "https://ss3.4sqi.net/img/categories_v2/food/asian_", "suffix": ".png"}, "name": "Peking Duck Restaurant", "id": "52af3b463cf9994f4e043bfe", "pluralName": "Peking Duck Restaurants", "primary": true, "shortName": "Peking Duck"}], "verified": false, "contact": {"formattedPhone": "010 5169 0329", "phone": "01051690329"}, "allowMenuUrlEdit": true, "stats": {"tipCount": 120, "usersCount": 2228, "checkinsCount": 2704}, "id": "4b3df604f964a5208a9725e3", "name": "Dadong Roast Duck Restaurant (\u5927\u8463\u70e4\u9e2d\u5e97)", "beenHere": {"lastCheckinExpiredAt": 0}}, "suffix": "/ZW2TBPODW44O0JEALRW1QXN4RVJ13I2AEOP0N2UO22UUSDT4.jpg", "visibility": "public"}, {"height": 720, "source": {"url": "https://foursquare.com/download/#/iphone", "name": "Foursquare for iOS"}, "width": 537, "prefix": "https://igx.4sqi.net/img/general/", "createdAt": 1314939101, "id": "4e6060ddaeb7360314049885", "venue": {"hasMenu": true, "location": {"formattedAddress": ["110 Powell St (btwn Ellis & O'Farrell)", "San Francisco, CA 94102", "United States"], "city": "San Francisco", "lng": -122.40805327892303, "cc": "US", "state": "CA", "lat": 37.78571575790625, "address": "110 Powell St", "crossStreet": "btwn Ellis & O'Farrell", "postalCode": "94102", "country": "United States"}, "contact": {"formattedPhone": "+1 415-397-2199", "phone": "+14153972199"}, "verified": false, "allowMenuUrlEdit": true, "stats": {"tipCount": 78, "usersCount": 2562, "checkinsCount": 4484}, "id": "49bafc4ef964a520cd531fe3", "beenHere": {"lastCheckinExpiredAt": 0}, "url": "http://bangkoknoodles.com", "closed": true, "like": false, "categories": [{"icon": {"prefix": "https://ss3.4sqi.net/img/categories_v2/food/thai_", "suffix": ".png"}, "name": "Thai Restaurant", "id": "4bf58dd8d48988d149941735", "pluralName": "Thai Restaurants", "primary": true, "shortName": "Thai"}], "menu": {"label": "Menu", "anchor": "View Menu", "mobileUrl": "https://foursquare.com/v/49bafc4ef964a520cd531fe3/device_menu", "url": "https://foursquare.com/v/bangkok-noodles/49bafc4ef964a520cd531fe3/menu", "type": "Menu"}, "name": "Bangkok Noodles"}, "suffix": "/QEFB35XZ1QYNQ3AGITA2IHPN3OAIAFBYB431TDH5LJLQSEFM.jpg", "visibility": "public"}, {"height": 537, "source": {"url": "https://foursquare.com/download/#/iphone", "name": "Foursquare for iOS"}, "width": 720, "prefix": "https://igx.4sqi.net/img/general/", "createdAt": 1314939091, "id": "4e6060d3d4c06542aa0b750f", "venue": {"hasMenu": true, "location": {"formattedAddress": ["110 Powell St (btwn Ellis & O'Farrell)", "San Francisco, CA 94102", "United States"], "city": "San Francisco", "lng": -122.40805327892303, "cc": "US", "state": "CA", "lat": 37.78571575790625, "address": "110 Powell St", "crossStreet": "btwn Ellis & O'Farrell", "postalCode": "94102", "country": "United States"}, "contact": {"formattedPhone": "+1 415-397-2199", "phone": "+14153972199"}, "verified": false, "allowMenuUrlEdit": true, "stats": {"tipCount": 78, "usersCount": 2562, "checkinsCount": 4484}, "id": "49bafc4ef964a520cd531fe3", "beenHere": {"lastCheckinExpiredAt": 0}, "url": "http://bangkoknoodles.com", "closed": true, "like": false, "categories": [{"icon": {"prefix": "https://ss3.4sqi.net/img/categories_v2/food/thai_", "suffix": ".png"}, "name": "Thai Restaurant", "id": "4bf58dd8d48988d149941735", "pluralName": "Thai Restaurants", "primary": true, "shortName": "Thai"}], "menu": {"label": "Menu", "anchor": "View Menu", "mobileUrl": "https://foursquare.com/v/49bafc4ef964a520cd531fe3/device_menu", "url": "https://foursquare.com/v/bangkok-noodles/49bafc4ef964a520cd531fe3/menu", "type": "Menu"}, "name": "Bangkok Noodles"}, "suffix": "/3ST3FH0505ZULNLV1AF1GLULN11NCMZJHDN51EL5NMGSQC5O.jpg", "visibility": "public"}, {"height": 537, "source": {"url": "https://foursquare.com/download/#/iphone", "name": "Foursquare for iOS"}, "width": 720, "prefix": "https://igx.4sqi.net/img/general/", "createdAt": 1314939084, "id": "4e6060ccb61cd78087a8097c", "venue": {"hasMenu": true, "location": {"formattedAddress": ["110 Powell St (btwn Ellis & O'Farrell)", "San Francisco, CA 94102", "United States"], "city": "San Francisco", "lng": -122.40805327892303, "cc": "US", "state": "CA", "lat": 37.78571575790625, "address": "110 Powell St", "crossStreet": "btwn Ellis & O'Farrell", "postalCode": "94102", "country": "United States"}, "contact": {"formattedPhone": "+1 415-397-2199", "phone": "+14153972199"}, "verified": false, "allowMenuUrlEdit": true, "stats": {"tipCount": 78, "usersCount": 2562, "checkinsCount": 4484}, "id": "49bafc4ef964a520cd531fe3", "beenHere": {"lastCheckinExpiredAt": 0}, "url": "http://bangkoknoodles.com", "closed": true, "like": false, "categories": [{"icon": {"prefix": "https://ss3.4sqi.net/img/categories_v2/food/thai_", "suffix": ".png"}, "name": "Thai Restaurant", "id": "4bf58dd8d48988d149941735", "pluralName": "Thai Restaurants", "primary": true, "shortName": "Thai"}], "menu": {"label": "Menu", "anchor": "View Menu", "mobileUrl": "https://foursquare.com/v/49bafc4ef964a520cd531fe3/device_menu", "url": "https://foursquare.com/v/bangkok-noodles/49bafc4ef964a520cd531fe3/menu", "type": "Menu"}, "name": "Bangkok Noodles"}, "suffix": "/4JDIIQHPCJB1UY0P1CVV03KPFFUCWEUBEVZ0BLULQOEK4DAB.jpg", "visibility": "public"}, {"height": 720, "source": {"url": "https://foursquare.com/download/#/iphone", "name": "Foursquare for iOS"}, "width": 537, "prefix": "https://igx.4sqi.net/img/general/", "createdAt": 1314631818, "id": "4e5bb08aa8098920b3db0b9c", "venue": {"like": false, "location": {"city": "Singapore", "lng": 103.8460108075912, "cc": "SG", "country": "Singapore", "lat": 1.2900250221297207, "address": "Clarke Quay", "labeledLatLngs": [{"label": "display", "lat": 1.2900250221297207, "lng": 103.8460108075912}], "formattedAddress": ["Clarke Quay", "Singapore"]}, "categories": [{"icon": {"prefix": "https://ss3.4sqi.net/img/categories_v2/food/italian_", "suffix": ".png"}, "name": "Italian Restaurant", "id": "4bf58dd8d48988d110941735", "pluralName": "Italian Restaurants", "primary": true, "shortName": "Italian"}], "verified": false, "contact": {}, "allowMenuUrlEdit": true, "stats": {"tipCount": 7, "usersCount": 153, "checkinsCount": 300}, "id": "4cc81ec273fd6dcbb2281a86", "name": "Borgata Trattoria Osteria", "beenHere": {"lastCheckinExpiredAt": 0}}, "suffix": "/H5QGGQFMZLMFNGQAMKQCBLMRNPB2VYD4U3JOMLPFIIAMHRNM.jpg", "visibility": "public"}, {"height": 720, "source": {"url": "https://foursquare.com/download/#/iphone", "name": "Foursquare for iOS"}, "width": 537, "prefix": "https://igx.4sqi.net/img/general/", "createdAt": 1314631818, "id": "4e5bb08a18388cd5cbc00070", "venue": {"like": false, "location": {"city": "Singapore", "lng": 103.8460108075912, "cc": "SG", "country": "Singapore", "lat": 1.2900250221297207, "address": "Clarke Quay", "labeledLatLngs": [{"label": "display", "lat": 1.2900250221297207, "lng": 103.8460108075912}], "formattedAddress": ["Clarke Quay", "Singapore"]}, "categories": [{"icon": {"prefix": "https://ss3.4sqi.net/img/categories_v2/food/italian_", "suffix": ".png"}, "name": "Italian Restaurant", "id": "4bf58dd8d48988d110941735", "pluralName": "Italian Restaurants", "primary": true, "shortName": "Italian"}], "verified": false, "contact": {}, "allowMenuUrlEdit": true, "stats": {"tipCount": 7, "usersCount": 153, "checkinsCount": 300}, "id": "4cc81ec273fd6dcbb2281a86", "name": "Borgata Trattoria Osteria", "beenHere": {"lastCheckinExpiredAt": 0}}, "suffix": "/4WRLPDMBBM0TZZZJNCBI1ZNSPJ0KVD2QUDWVCCP1AOJ5LLNJ.jpg", "visibility": "public"}, {"height": 720, "source": {"url": "https://foursquare.com/download/#/iphone", "name": "Foursquare for iOS"}, "width": 537, "prefix": "https://igx.4sqi.net/img/general/", "createdAt": 1314631696, "id": "4e5bb010a8098920b3db04b1", "venue": {"like": false, "location": {"city": "Singapore", "lng": 103.8460108075912, "cc": "SG", "country": "Singapore", "lat": 1.2900250221297207, "address": "Clarke Quay", "labeledLatLngs": [{"label": "display", "lat": 1.2900250221297207, "lng": 103.8460108075912}], "formattedAddress": ["Clarke Quay", "Singapore"]}, "categories": [{"icon": {"prefix": "https://ss3.4sqi.net/img/categories_v2/food/italian_", "suffix": ".png"}, "name": "Italian Restaurant", "id": "4bf58dd8d48988d110941735", "pluralName": "Italian Restaurants", "primary": true, "shortName": "Italian"}], "verified": false, "contact": {}, "allowMenuUrlEdit": true, "stats": {"tipCount": 7, "usersCount": 153, "checkinsCount": 300}, "id": "4cc81ec273fd6dcbb2281a86", "name": "Borgata Trattoria Osteria", "beenHere": {"lastCheckinExpiredAt": 0}}, "suffix": "/3F3U1A0WPEX01R4GQ2JOZMU5QVRGVONGKJBOPW31HDMIGCGX.jpg", "visibility": "public"}, {"height": 537, "source": {"url": "https://foursquare.com/download/#/iphone", "name": "Foursquare for iOS"}, "width": 720, "prefix": "https://igx.4sqi.net/img/general/", "createdAt": 1312139182, "id": "4e35a7aefa7656ba31734f16", "venue": {"location": {"formattedAddress": ["Sahar Airport Rd, Andheri East", "Mumbai 400099", "Mah\u0101r\u0101shtra", "India"], "city": "Mumbai", "lng": 72.86997556686401, "cc": "IN", "state": "Mah\u0101r\u0101shtra", "lat": 19.10391690787321, "address": "Sahar Airport Rd, Andheri East", "labeledLatLngs": [{"label": "display", "lat": 19.10391690787321, "lng": 72.86997556686401}], "postalCode": "400099", "country": "India"}, "contact": {"twitter": "spg", "facebookName": "Starwood Preferred Guest\u00ae (SPG)", "formattedPhone": "+91 22 2830 3030", "phone": "+912228303030", "facebookUsername": "SPG", "facebook": "8038492631"}, "verified": true, "allowMenuUrlEdit": true, "stats": {"tipCount": 49, "usersCount": 3269, "checkinsCount": 7209}, "id": "4bc78f5793bdeee1848337ae", "storeId": "", "url": "http://www.itchotels.in/Hotels/itcmaratha.aspx", "like": false, "categories": [{"icon": {"prefix": "https://ss3.4sqi.net/img/categories_v2/travel/hotel_", "suffix": ".png"}, "name": "Hotel", "id": "4bf58dd8d48988d1fa931735", "pluralName": "Hotels", "primary": true, "shortName": "Hotel"}], "beenHere": {"lastCheckinExpiredAt": 0}, "name": "ITC Maratha"}, "suffix": "/GIUWHAYSKMIH4JX4UBMLOT1ZEVJQDB5MAQZWPAWK4KMT0A4G.jpg", "visibility": "public"}, {"height": 720, "source": {"url": "https://foursquare.com/download/#/iphone", "name": "Foursquare for iOS"}, "width": 537, "prefix": "https://igx.4sqi.net/img/general/", "createdAt": 1304590184, "id": "4dc27768a12dca9518503250", "venue": {"like": false, "location": {"formattedAddress": ["#01-170, Bugis Junction (200 Victoria St)", "188021", "Singapore"], "city": "Singapore", "lng": 103.85540127754211, "cc": "SG", "country": "Singapore", "crossStreet": "200 Victoria St", "lat": 1.2983811139984518, "address": "#01-170, Bugis Junction", "labeledLatLngs": [{"label": "display", "lat": 1.2983811139984518, "lng": 103.85540127754211}], "postalCode": "188021"}, "categories": [{"icon": {"prefix": "https://ss3.4sqi.net/img/categories_v2/food/dessert_", "suffix": ".png"}, "name": "Dessert Shop", "id": "4bf58dd8d48988d1d0941735", "pluralName": "Dessert Shops", "primary": true, "shortName": "Desserts"}], "verified": false, "contact": {"formattedPhone": "+65 6837 0027", "phone": "+6568370027"}, "allowMenuUrlEdit": true, "stats": {"tipCount": 34, "usersCount": 2475, "checkinsCount": 3446}, "id": "4cb54a63304576b02b00afc2", "name": "Honeymoon Dessert \u6ee1\u8bb0\u751c\u54c1", "beenHere": {"lastCheckinExpiredAt": 0}}, "suffix": "/JFTP45Q5TM40F2HHBUDNODBJ2C1M2JWXQN0GLUUBH22VRUFB.jpg", "visibility": "public"}, {"height": 720, "source": {"url": "https://foursquare.com/download/#/iphone", "name": "Foursquare for iOS"}, "width": 537, "prefix": "https://igx.4sqi.net/img/general/", "createdAt": 1304248678, "id": "4dbd4166fd285ccb6d290683", "venue": {"url": "http://ahchewdesserts.sginfo.mobi", "like": false, "location": {"formattedAddress": ["#01-11, Liang Seah Place (1 Liang Seah St)", "189022", "Singapore"], "city": "Singapore", "lng": 103.85643968693603, "cc": "SG", "country": "Singapore", "crossStreet": "1 Liang Seah St", "lat": 1.298117509067299, "address": "#01-11, Liang Seah Place", "labeledLatLngs": [{"label": "display", "lat": 1.298117509067299, "lng": 103.85643968693603}], "postalCode": "189022"}, "categories": [{"icon": {"prefix": "https://ss3.4sqi.net/img/categories_v2/food/dessert_", "suffix": ".png"}, "name": "Dessert Shop", "id": "4bf58dd8d48988d1d0941735", "pluralName": "Dessert Shops", "primary": true, "shortName": "Desserts"}], "verified": false, "contact": {"formattedPhone": "+65 6339 8198", "phone": "+6563398198"}, "allowMenuUrlEdit": true, "stats": {"tipCount": 135, "usersCount": 8660, "checkinsCount": 14207}, "id": "4b59ae78f964a5207f9228e3", "name": "Ah Chew Desserts \u963f\u79cb\u751c\u54c1", "beenHere": {"lastCheckinExpiredAt": 0}}, "suffix": "/IQKNKEYAVKEKPM14ASXVW0FTSZR2U3MSTTUO40U5QLGLGYBZ.jpg", "visibility": "public"}, {"height": 720, "source": {"url": "https://foursquare.com/download/#/iphone", "name": "Foursquare for iOS"}, "width": 537, "prefix": "https://igx.4sqi.net/img/general/", "createdAt": 1304248657, "id": "4dbd4151a12d3624365c84e9", "venue": {"url": "http://ahchewdesserts.sginfo.mobi", "like": false, "location": {"formattedAddress": ["#01-11, Liang Seah Place (1 Liang Seah St)", "189022", "Singapore"], "city": "Singapore", "lng": 103.85643968693603, "cc": "SG", "country": "Singapore", "crossStreet": "1 Liang Seah St", "lat": 1.298117509067299, "address": "#01-11, Liang Seah Place", "labeledLatLngs": [{"label": "display", "lat": 1.298117509067299, "lng": 103.85643968693603}], "postalCode": "189022"}, "categories": [{"icon": {"prefix": "https://ss3.4sqi.net/img/categories_v2/food/dessert_", "suffix": ".png"}, "name": "Dessert Shop", "id": "4bf58dd8d48988d1d0941735", "pluralName": "Dessert Shops", "primary": true, "shortName": "Desserts"}], "verified": false, "contact": {"formattedPhone": "+65 6339 8198", "phone": "+6563398198"}, "allowMenuUrlEdit": true, "stats": {"tipCount": 135, "usersCount": 8660, "checkinsCount": 14207}, "id": "4b59ae78f964a5207f9228e3", "name": "Ah Chew Desserts \u963f\u79cb\u751c\u54c1", "beenHere": {"lastCheckinExpiredAt": 0}}, "suffix": "/MBXJQCGUIMY03NXJVUBEFFMSVSTFYWO44ANKWVTC5NZPUVVX.jpg", "visibility": "public"}, {"height": 540, "source": {"url": "https://foursquare.com/download/#/iphone", "name": "Foursquare for iOS"}, "width": 720, "prefix": "https://igx.4sqi.net/img/general/", "createdAt": 1299390991, "id": "4d73220f062528fd0d97ada2", "venue": {"like": false, "location": {"city": "Batu 9 Cheras", "lng": 101.78853235291747, "cc": "MY", "state": "Selangor", "lat": 3.0543590670682748, "address": "Mahkota cheras", "labeledLatLngs": [{"label": "display", "lat": 3.0543590670682748, "lng": 101.78853235291747}], "formattedAddress": ["Mahkota cheras", "Batu 9 Cheras, Selangor", "Malaysia"], "country": "Malaysia"}, "categories": [{"icon": {"prefix": "https://ss3.4sqi.net/img/categories_v2/food/ramen_", "suffix": ".png"}, "name": "Noodle House", "id": "4bf58dd8d48988d1d1941735", "pluralName": "Noodle Houses", "primary": true, "shortName": "Noodles"}], "verified": false, "contact": {}, "allowMenuUrlEdit": true, "stats": {"tipCount": 27, "usersCount": 1386, "checkinsCount": 3261}, "id": "4d0f117ad21db60c244c2218", "name": "Woo Pin Fish Head Noodle House", "beenHere": {"lastCheckinExpiredAt": 0}}, "suffix": "/KSDXTPRHAQKVGEVT2PCTBZCJXRTQM0ULKHLHMDNLCJKWM322.jpg", "visibility": "public"}, {"height": 537, "source": {"url": "https://foursquare.com/download/#/iphone", "name": "Foursquare for iOS"}, "width": 720, "prefix": "https://igx.4sqi.net/img/general/", "createdAt": 1297518489, "id": "4d568f99012b28fdc70b5fe4", "venue": {"closed": true, "like": false, "location": {"formattedAddress": ["#03-K1/2, Tampines 1 (10 Tampines Central 1)", "529536", "Singapore"], "city": "Singapore", "lng": 103.94513433650539, "cc": "SG", "country": "Singapore", "lat": 1.3540671536865105, "address": "#03-K1/2, Tampines 1", "crossStreet": "10 Tampines Central 1", "postalCode": "529536"}, "categories": [{"icon": {"prefix": "https://ss3.4sqi.net/img/categories_v2/food/cafe_", "suffix": ".png"}, "name": "Caf\u00e9", "id": "4bf58dd8d48988d16d941735", "pluralName": "Caf\u00e9s", "primary": true, "shortName": "Caf\u00e9"}], "verified": false, "contact": {}, "allowMenuUrlEdit": true, "stats": {"tipCount": 10, "usersCount": 407, "checkinsCount": 746}, "id": "4b05880ef964a5208eae22e3", "name": "Teadot", "beenHere": {"lastCheckinExpiredAt": 0}}, "suffix": "/QCVJ0TCCNAAZPTK24OYCW253MBMJ2S2QZUTYAJAAECCNBWZX.jpg", "visibility": "public"}], "count": 21}, "totalCount": 21}}