{"meta": {"code": 200, "requestId": "595af1f7f594df3c256e4870"}, "notifications": [{"item": {"unreadCount": 0}, "type": "notificationTray"}], "response": {"photos": {"items": [{"height": 1440, "source": {"url": "https://foursquare.com/download/#/iphone", "name": "Foursquare for iOS"}, "tip": {"agreeCount": 0, "canonicalUrl": "https://foursquare.com/item/54fb0dd7498e5eb6c4e5746a", "todo": {"count": 0}, "logView": true, "disagreeCount": 0, "createdAt": 1425739223, "id": "54fb0dd7498e5eb6c4e5746a", "text": "The shrimp salad and the beef pho role!", "likes": {"groups": [], "count": 0}, "like": false, "type": "user"}, "width": 1920, "prefix": "https://igx.4sqi.net/img/general/", "createdAt": 1425739226, "id": "54fb0dda498e9d71f57125ac", "venue": {"url": "http://www.chomchom.hk", "like": false, "location": {"city": "\u4e2d\u74b0", "lng": 114.1524032658368, "cc": "HK", "state": "\u4e2d\u897f\u5340", "lat": 22.282405883068922, "address": "58-60 Peel St", "labeledLatLngs": [{"label": "display", "lat": 22.282405883068922, "lng": 114.1524032658368}], "formattedAddress": ["58-60 Peel St", "\u4e2d\u897f\u5340", "\u9999\u6e2f"], "country": "\u9999\u6e2f"}, "categories": [{"icon": {"prefix": "https://ss3.4sqi.net/img/categories_v2/food/vietnamese_", "suffix": ".png"}, "name": "Vietnamese Restaurant", "id": "4bf58dd8d48988d14a941735", "pluralName": "Vietnamese Restaurants", "primary": true, "shortName": "Vietnamese"}], "verified": false, "contact": {"formattedPhone": "+852 2810 0850", "phone": "+85228100850"}, "allowMenuUrlEdit": true, "stats": {"tipCount": 78, "usersCount": 1199, "checkinsCount": 1766}, "id": "4f0d1574e4b06654e28f277b", "name": "Ch\u00f4m Ch\u00f4m", "beenHere": {"lastCheckinExpiredAt": 0}}, "suffix": "/1178119_6MSeiDilQVUhQ09W-a0RVraxSBmIsO62lCHNzflOqP8.jpg", "visibility": "public"}, {"height": 2322, "source": {"url": "https://foursquare.com/download/#/android", "name": "Foursquare for Android"}, "tip": {"agreeCount": 1, "canonicalUrl": "https://foursquare.com/item/540d6805498ea9e11d87581c", "todo": {"count": 0}, "logView": true, "disagreeCount": 0, "createdAt": 1410164741, "id": "540d6805498ea9e11d87581c", "text": "The burger witb cheddar cheese and bacon is amazing!", "likes": {"groups": [{"items": [{"photo": {"prefix": "https://igx.4sqi.net/img/user/", "suffix": "/65797518-WI4RGQTXFVFMNRAL.jpg"}, "id": "65797518", "firstName": "Baby", "gender": "female"}], "count": 1, "type": "others"}], "count": 1, "summary": "1 like"}, "like": false, "type": "user"}, "width": 4128, "prefix": "https://igx.4sqi.net/img/general/", "createdAt": 1410164749, "id": "540d680d498e8a17c41539cb", "venue": {"url": "http://www.casteloconcepts.com/locations/hong-kong/oolaa-hong-kong", "like": false, "location": {"city": "\u4e2d\u74b0", "lng": 114.15116786956787, "cc": "HK", "state": "\u4e2d\u897f\u5340", "lat": 22.28338816335232, "address": "1 Bridges St", "labeledLatLngs": [{"label": "display", "lat": 22.28338816335232, "lng": 114.15116786956787}], "formattedAddress": ["1 Bridges St", "\u4e2d\u897f\u5340", "\u9999\u6e2f"], "country": "\u9999\u6e2f"}, "categories": [{"icon": {"prefix": "https://ss3.4sqi.net/img/categories_v2/food/italian_", "suffix": ".png"}, "name": "Italian Restaurant", "id": "4bf58dd8d48988d110941735", "pluralName": "Italian Restaurants", "primary": true, "shortName": "Italian"}], "verified": false, "contact": {"formattedPhone": "+852 2803 2083", "phone": "+85228032083"}, "allowMenuUrlEdit": true, "stats": {"tipCount": 129, "usersCount": 2810, "checkinsCount": 6834}, "id": "4c81bd11d4e237043b416188", "name": "Oolaa", "beenHere": {"lastCheckinExpiredAt": 0}}, "suffix": "/1178119_Qak1NBAKdpnyQYXegP8dRcGW33wqnmLOvRBVS1UapI8.jpg", "visibility": "public"}, {"height": 959, "source": {"url": "https://foursquare.com/download/#/iphone", "name": "Foursquare for iOS"}, "width": 717, "prefix": "https://igx.4sqi.net/img/general/", "createdAt": 1373844707, "id": "51e334e3498e1896bd1a1912", "venue": {"like": false, "location": {"city": "\u9999\u6e2f", "lng": 114.15311738326841, "cc": "HK", "country": "\u9999\u6e2f", "lat": 22.27992808233974, "address": "Robinson Rd", "labeledLatLngs": [{"label": "display", "lat": 22.27992808233974, "lng": 114.15311738326841}], "formattedAddress": ["Robinson Rd", "\u9999\u6e2f"]}, "categories": [{"icon": {"prefix": "https://ss3.4sqi.net/img/categories_v2/nightlife/default_", "suffix": ".png"}, "name": "Lounge", "id": "4bf58dd8d48988d121941735", "pluralName": "Lounges", "primary": true, "shortName": "Lounge"}], "verified": false, "contact": {}, "allowMenuUrlEdit": true, "stats": {"tipCount": 0, "usersCount": 1, "checkinsCount": 3}, "id": "51e334b0498ea3e162e4510f", "name": "The Apartment", "beenHere": {"lastCheckinExpiredAt": 0}}, "suffix": "/1178119_AKhlSq69mUoKptnU81xP2n5ndrjX9aW6AxOnLQNdjEo.jpg", "visibility": "public"}, {"height": 537, "source": {"url": "https://foursquare.com/download/#/iphone", "name": "Foursquare for iOS"}, "width": 720, "prefix": "https://igx.4sqi.net/img/general/", "createdAt": 1346530834, "id": "50426e12e4b0f30042012d7e", "venue": {"location": {"formattedAddress": ["\uc6a9\uc0b0\uad6c \uc774\ud0dc\uc6d0\ub85c27\uac00\uae38 49", "\uc774\ud0dc\uc6d01\ub3d9", "\uc11c\uc6b8\ud2b9\ubcc4\uc2dc", "140-863", "\ub300\ud55c\ubbfc\uad6d"], "city": "\uc11c\uc6b8\ud2b9\ubcc4\uc2dc", "lng": 126.99247038355972, "cc": "KR", "country": "\ub300\ud55c\ubbfc\uad6d", "lat": 37.53495338329491, "address": "\uc6a9\uc0b0\uad6c \uc774\ud0dc\uc6d0\ub85c27\uac00\uae38 49", "labeledLatLngs": [{"label": "display", "lat": 37.53495338329491, "lng": 126.99247038355972}], "postalCode": "140-863"}, "contact": {"formattedPhone": "+82 2-795-2465", "phone": "+8227952465"}, "verified": true, "allowMenuUrlEdit": true, "stats": {"tipCount": 23, "usersCount": 685, "checkinsCount": 866}, "id": "4baefb0cf964a5201fe53be3", "closed": true, "like": false, "categories": [{"icon": {"prefix": "https://ss3.4sqi.net/img/categories_v2/food/french_", "suffix": ".png"}, "name": "French Restaurant", "id": "4bf58dd8d48988d10c941735", "pluralName": "French Restaurants", "primary": true, "shortName": "French"}], "beenHere": {"lastCheckinExpiredAt": 0}, "name": "Atelier du Saint-Ex", "venuePage": {"id": "93516175"}}, "suffix": "/mt33P0QPgFUbPSwNyPDzMo9kjAP-uCAGyGDELWUs6EM.jpg", "visibility": "public"}, {"height": 720, "source": {"url": "https://foursquare.com/download/#/iphone", "name": "Foursquare for iOS"}, "width": 537, "prefix": "https://igx.4sqi.net/img/general/", "createdAt": 1346495148, "id": "5041e2ace4b0b5223dd0f50c", "venue": {"like": false, "location": {"formattedAddress": ["\uc774\ud0dc\uc6d01\ub3d9", "\uc11c\uc6b8\ud2b9\ubcc4\uc2dc", "140-863", "\ub300\ud55c\ubbfc\uad6d"], "state": "\uc11c\uc6b8\ud2b9\ubcc4\uc2dc", "cc": "KR", "country": "\ub300\ud55c\ubbfc\uad6d", "lat": 37.53491877588424, "lng": 126.99266968913626, "labeledLatLngs": [{"label": "display", "lat": 37.53491877588424, "lng": 126.99266968913626}], "postalCode": "140-863"}, "categories": [{"icon": {"prefix": "https://ss3.4sqi.net/img/categories_v2/food/mexican_", "suffix": ".png"}, "name": "Mexican Restaurant", "id": "4bf58dd8d48988d1c1941735", "pluralName": "Mexican Restaurants", "primary": true, "shortName": "Mexican"}], "verified": false, "contact": {}, "allowMenuUrlEdit": true, "stats": {"tipCount": 4, "usersCount": 278, "checkinsCount": 339}, "id": "4be403f3d27a20a15877935b", "name": "Locoloca", "beenHere": {"lastCheckinExpiredAt": 0}}, "suffix": "/LUQ5D1x8QiRcQKMvYiVei54GsblUBL1KEDBgfkkc2TM.jpg", "visibility": "public"}, {"height": 345, "source": {"url": "https://foursquare.com/download/#/blackberry", "name": "Foursquare for BlackBerry"}, "width": 460, "prefix": "https://igx.4sqi.net/img/general/", "createdAt": 1315881038, "id": "4e6ec04eb9933190ed325705", "venue": {"like": false, "location": {"city": "Th\u00e0nh ph\u1ed1 H\u1ed3 Ch\u00ed Minh", "lng": 106.69639009036818, "cc": "VN", "state": "Th\u00e0nh ph\u1ed1 H\u1ed3 Ch\u00ed Minh", "lat": 10.773655295125868, "address": "140 Ly Tu Trong", "labeledLatLngs": [{"label": "display", "lat": 10.773655295125868, "lng": 106.69639009036818}], "formattedAddress": ["140 Ly Tu Trong", "Th\u00e0nh ph\u1ed1 H\u1ed3 Ch\u00ed Minh", "Th\u00e0nh ph\u1ed1 H\u1ed3 Ch\u00ed Minh", "Vi\u1ec7t Nam"], "country": "Vi\u1ec7t Nam"}, "categories": [{"icon": {"prefix": "https://ss3.4sqi.net/img/categories_v2/travel/hotel_", "suffix": ".png"}, "name": "Hotel", "id": "4bf58dd8d48988d1fa931735", "pluralName": "Hotels", "primary": true, "shortName": "Hotel"}], "verified": false, "contact": {}, "allowMenuUrlEdit": true, "stats": {"tipCount": 26, "usersCount": 622, "checkinsCount": 1163}, "id": "4c2d4ba93a4d0f474cbae386", "name": "Golden Central Hotel", "beenHere": {"lastCheckinExpiredAt": 0}}, "suffix": "/CICAOHTC5O2PLCALJTVNP3S3YQSX32VIRTQQ2ZIXD2PXN1FZ.jpg", "visibility": "public"}, {"height": 345, "source": {"url": "https://foursquare.com/download/#/blackberry", "name": "Foursquare for BlackBerry"}, "width": 460, "prefix": "https://igx.4sqi.net/img/general/", "createdAt": 1315643164, "id": "4e6b1f1c45ddadf2d0c65336", "venue": {"location": {"city": "Sheung Wan", "lng": 114.14800241933357, "cc": "HK", "country": "\u9999\u6e2f", "lat": 22.285386912998362, "address": "Pound Lane, 200 Hollywood Rd", "formattedAddress": ["Pound Lane, 200 Hollywood Rd", "\u9999\u6e2f"]}, "contact": {"formattedPhone": "+852 2549 7739", "twitter": "javajavalounge", "phone": "+85225497739"}, "verified": false, "allowMenuUrlEdit": true, "stats": {"tipCount": 27, "usersCount": 505, "checkinsCount": 1205}, "id": "4c7a25a14dc1ef3b6c49329e", "url": "http://javajavalounge.com", "closed": true, "like": false, "categories": [{"icon": {"prefix": "https://ss3.4sqi.net/img/categories_v2/food/coffeeshop_", "suffix": ".png"}, "name": "Coffee Shop", "id": "4bf58dd8d48988d1e0931735", "pluralName": "Coffee Shops", "primary": true, "shortName": "Coffee Shop"}], "beenHere": {"lastCheckinExpiredAt": 0}, "name": "JAVA JAVA Coffee & Tea Lounge"}, "suffix": "/QJPC1VBZSYEO0TZTL4A1WZ2450PGYKL31ASUN1VVWZ0TFGRW.jpg", "visibility": "public"}, {"height": 345, "source": {"url": "https://foursquare.com/download/#/blackberry", "name": "Foursquare for BlackBerry"}, "width": 460, "prefix": "https://igx.4sqi.net/img/general/", "createdAt": 1315641373, "id": "4e6b181db0fb8b8a847e8350", "venue": {"location": {"city": "Sheung Wan", "lng": 114.14800241933357, "cc": "HK", "country": "\u9999\u6e2f", "lat": 22.285386912998362, "address": "Pound Lane, 200 Hollywood Rd", "formattedAddress": ["Pound Lane, 200 Hollywood Rd", "\u9999\u6e2f"]}, "contact": {"formattedPhone": "+852 2549 7739", "twitter": "javajavalounge", "phone": "+85225497739"}, "verified": false, "allowMenuUrlEdit": true, "stats": {"tipCount": 27, "usersCount": 505, "checkinsCount": 1205}, "id": "4c7a25a14dc1ef3b6c49329e", "url": "http://javajavalounge.com", "closed": true, "like": false, "categories": [{"icon": {"prefix": "https://ss3.4sqi.net/img/categories_v2/food/coffeeshop_", "suffix": ".png"}, "name": "Coffee Shop", "id": "4bf58dd8d48988d1e0931735", "pluralName": "Coffee Shops", "primary": true, "shortName": "Coffee Shop"}], "beenHere": {"lastCheckinExpiredAt": 0}, "name": "JAVA JAVA Coffee & Tea Lounge"}, "suffix": "/QWXLJFEYOIJSXY2UGY0TOZKHBVL1Y4OBGGRL4ATZSAUSXR2I.jpg", "visibility": "public"}, {"height": 720, "source": {"url": "https://foursquare.com/download/#/iphone", "name": "Foursquare for iOS"}, "width": 537, "prefix": "https://igx.4sqi.net/img/general/", "createdAt": 1303305071, "id": "4daedb6f40a3fc7c1000a3ad", "venue": {"location": {"city": "\u4e2d\u74b0", "lng": 114.15481567382812, "cc": "HK", "state": "\u4e2d\u897f\u5340", "lat": 22.281732725699165, "address": "77 Wyndham St", "formattedAddress": ["77 Wyndham St", "\u4e2d\u897f\u5340", "\u9999\u6e2f"], "country": "\u9999\u6e2f"}, "contact": {"formattedPhone": "+852 2525 9808", "twitter": "cvwinebar", "phone": "+85225259808"}, "verified": false, "allowMenuUrlEdit": true, "stats": {"tipCount": 31, "usersCount": 694, "checkinsCount": 1248}, "id": "4d3483112c76a1435ba185c7", "url": "http://www.cvwinebar.com", "closed": true, "like": false, "categories": [{"icon": {"prefix": "https://ss3.4sqi.net/img/categories_v2/food/winery_", "suffix": ".png"}, "name": "Wine Bar", "id": "4bf58dd8d48988d123941735", "pluralName": "Wine Bars", "primary": true, "shortName": "Wine Bar"}], "beenHere": {"lastCheckinExpiredAt": 0}, "name": "California Vintage"}, "suffix": "/3I5FDVKCYPSXN14FB4QTGWMZB1NAHGO4BONJ1UBW4VKH2G2U.jpg", "visibility": "public"}, {"height": 720, "source": {"url": "https://foursquare.com/download/#/iphone", "name": "Foursquare for iOS"}, "width": 537, "prefix": "https://igx.4sqi.net/img/general/", "createdAt": 1303304954, "id": "4daedafaa12dc90ad8ecd112", "venue": {"location": {"city": "\u4e2d\u74b0", "lng": 114.15481567382812, "cc": "HK", "state": "\u4e2d\u897f\u5340", "lat": 22.281732725699165, "address": "77 Wyndham St", "formattedAddress": ["77 Wyndham St", "\u4e2d\u897f\u5340", "\u9999\u6e2f"], "country": "\u9999\u6e2f"}, "contact": {"formattedPhone": "+852 2525 9808", "twitter": "cvwinebar", "phone": "+85225259808"}, "verified": false, "allowMenuUrlEdit": true, "stats": {"tipCount": 31, "usersCount": 694, "checkinsCount": 1248}, "id": "4d3483112c76a1435ba185c7", "url": "http://www.cvwinebar.com", "closed": true, "like": false, "categories": [{"icon": {"prefix": "https://ss3.4sqi.net/img/categories_v2/food/winery_", "suffix": ".png"}, "name": "Wine Bar", "id": "4bf58dd8d48988d123941735", "pluralName": "Wine Bars", "primary": true, "shortName": "Wine Bar"}], "beenHere": {"lastCheckinExpiredAt": 0}, "name": "California Vintage"}, "suffix": "/40WQ5G4TQZUUROWJUSGUNJ5LOH4Q33VMNHXUJHL51K2SL0SV.jpg", "visibility": "public"}], "count": 10}, "totalCount": 10}}