{"meta": {"code": 200, "requestId": "595b1822351e3d64aea6882d"}, "notifications": [{"item": {"unreadCount": 0}, "type": "notificationTray"}], "response": {"photos": {"items": [{"height": 537, "source": {"url": "https://foursquare.com/download/#/iphone", "name": "Foursquare for iOS"}, "tip": {"agreeCount": 1, "canonicalUrl": "https://foursquare.com/item/4e97b6532c5b8270599cf83f", "todo": {"count": 0}, "logView": true, "disagreeCount": 0, "createdAt": 1318565459, "id": "4e97b6532c5b8270599cf83f", "text": "The Ox Tail; Best. :)", "likes": {"groups": [{"items": [{"photo": {"prefix": "https://igx.4sqi.net/img/user/", "suffix": "/ZHT02M4CS4YURRJL.jpg"}, "id": "11627236", "firstName": "Feng Run", "gender": "male", "lastName": "Chouw"}], "count": 1, "type": "others"}], "count": 1, "summary": "1 like"}, "like": false, "type": "user"}, "width": 720, "prefix": "https://igx.4sqi.net/img/general/", "createdAt": 1318565466, "id": "4e97b65af5b9dd852f91fc74", "venue": {"like": false, "location": {"formattedAddress": ["249 Beach Rd (#01-249)", "189757", "Singapore"], "city": "Singapore", "lng": 103.8598538749518, "cc": "SG", "country": "Singapore", "crossStreet": "#01-249", "lat": 1.3001037489472063, "address": "249 Beach Rd", "labeledLatLngs": [{"label": "display", "lat": 1.3001037489472063, "lng": 103.8598538749518}], "postalCode": "189757"}, "categories": [{"icon": {"prefix": "https://ss3.4sqi.net/img/categories_v2/food/asian_", "suffix": ".png"}, "name": "Asian Restaurant", "id": "4bf58dd8d48988d142941735", "pluralName": "Asian Restaurants", "primary": true, "shortName": "Asian"}], "verified": false, "contact": {}, "allowMenuUrlEdit": true, "stats": {"tipCount": 12, "usersCount": 290, "checkinsCount": 447}, "id": "4def0aa6d164e99c7b325817", "name": "Prince Coffee House", "beenHere": {"lastCheckinExpiredAt": 0}}, "suffix": "/XQ1NX1VCLA3TJGPJ40NNINPTGHNUC413YLMZUNY1EBRO3K2L.jpg", "visibility": "public"}, {"height": 537, "source": {"url": "https://foursquare.com/download/#/iphone", "name": "Foursquare for iOS"}, "width": 720, "prefix": "https://igx.4sqi.net/img/general/", "createdAt": 1316915486, "id": "4e7e891ebe7b92ffeec85237", "venue": {"venueRatingBlacklisted": true, "like": false, "location": {"formattedAddress": ["355 Tanglin Rd", "247960", "Singapore"], "city": "Singapore", "lng": 103.81638176331806, "cc": "SG", "country": "Singapore", "lat": 1.2946078636974974, "address": "355 Tanglin Rd", "labeledLatLngs": [{"label": "display", "lat": 1.2946078636974974, "lng": 103.81638176331806}], "postalCode": "247960"}, "categories": [{"icon": {"prefix": "https://ss3.4sqi.net/img/categories_v2/building/religious_church_", "suffix": ".png"}, "name": "Church", "id": "4bf58dd8d48988d132941735", "pluralName": "Churches", "primary": true, "shortName": "Church"}], "verified": false, "contact": {}, "beenHere": {"lastCheckinExpiredAt": 0}, "stats": {"tipCount": 6, "usersCount": 281, "checkinsCount": 3104}, "id": "4b930714f964a520dc2f34e3", "name": "Grace Assembly Of God"}, "suffix": "/LKKHMC0WASV2D5CMOEFL3Q41YURSPYSGZH4VEAX52HCKLEIV.jpg", "visibility": "public"}, {"height": 461, "source": {"url": "https://foursquare.com/download/#/blackberry", "name": "Foursquare for BlackBerry"}, "width": 346, "prefix": "https://igx.4sqi.net/img/general/", "createdAt": 1315477831, "id": "4e6899477d8bef8fc483c083", "venue": {"like": false, "location": {"lng": 103.72469976413494, "cc": "SG", "country": "Singapore", "lat": 1.3487824283767629, "address": "Jurong West st41", "labeledLatLngs": [{"label": "display", "lat": 1.3487824283767629, "lng": 103.72469976413494}], "formattedAddress": ["Jurong West st41", "Singapore"]}, "categories": [{"icon": {"prefix": "https://ss3.4sqi.net/img/categories_v2/shops/apparel_", "suffix": ".png"}, "name": "Clothing Store", "id": "4bf58dd8d48988d103951735", "pluralName": "Clothing Stores", "primary": true, "shortName": "Apparel"}], "verified": false, "contact": {}, "allowMenuUrlEdit": true, "stats": {"tipCount": 0, "usersCount": 29, "checkinsCount": 68}, "id": "4cb129d4cbab236a7ff8a673", "name": "Ong's Optics and Contact lens Centre", "beenHere": {"lastCheckinExpiredAt": 0}}, "suffix": "/RV4ENNCZUCUFYNV4BS12R11FAO0X203GQULDQA1PF04TFNPP.jpg", "visibility": "public"}, {"height": 461, "source": {"url": "https://foursquare.com/download/#/blackberry", "name": "Foursquare for BlackBerry"}, "width": 346, "prefix": "https://igx.4sqi.net/img/general/", "createdAt": 1312378594, "id": "4e394ee2ae60f589a5d971c1", "venue": {"like": false, "location": {"city": "Singapore", "lng": 103.726397, "cc": "SG", "country": "Singapore", "lat": 1.350023, "address": "Blk 491 Jurong West Ave 1", "labeledLatLngs": [{"label": "display", "lat": 1.350023, "lng": 103.726397}], "formattedAddress": ["Blk 491 Jurong West Ave 1", "Singapore"]}, "categories": [{"icon": {"prefix": "https://ss3.4sqi.net/img/categories_v2/food/dessert_", "suffix": ".png"}, "name": "Dessert Shop", "id": "4bf58dd8d48988d1d0941735", "pluralName": "Dessert Shops", "primary": true, "shortName": "Desserts"}], "verified": false, "contact": {}, "allowMenuUrlEdit": true, "stats": {"tipCount": 3, "usersCount": 16, "checkinsCount": 55}, "id": "4d7389075838a09346601adb", "name": "Blk 491 LLF Dessert & Fruits", "beenHere": {"lastCheckinExpiredAt": 0}}, "suffix": "/KVDBXK10SM1SQ5WQEHMNBBAMHWKWXF3YWFTKJBZJZRAYGOWM.jpg", "visibility": "public"}, {"height": 461, "source": {"url": "https://foursquare.com/download/#/blackberry", "name": "Foursquare for BlackBerry"}, "width": 346, "prefix": "https://igx.4sqi.net/img/general/", "createdAt": 1312378571, "id": "4e394ecbfa763bfcc36c6d94", "venue": {"like": false, "location": {"city": "Singapore", "lng": 103.726397, "cc": "SG", "country": "Singapore", "lat": 1.350023, "address": "Blk 491 Jurong West Ave 1", "labeledLatLngs": [{"label": "display", "lat": 1.350023, "lng": 103.726397}], "formattedAddress": ["Blk 491 Jurong West Ave 1", "Singapore"]}, "categories": [{"icon": {"prefix": "https://ss3.4sqi.net/img/categories_v2/food/dessert_", "suffix": ".png"}, "name": "Dessert Shop", "id": "4bf58dd8d48988d1d0941735", "pluralName": "Dessert Shops", "primary": true, "shortName": "Desserts"}], "verified": false, "contact": {}, "allowMenuUrlEdit": true, "stats": {"tipCount": 3, "usersCount": 16, "checkinsCount": 55}, "id": "4d7389075838a09346601adb", "name": "Blk 491 LLF Dessert & Fruits", "beenHere": {"lastCheckinExpiredAt": 0}}, "suffix": "/0SSC1VZHHBXZHG5V3ARYVWTM1YX5YLQD31D1IX23XAZQLC5X.jpg", "visibility": "public"}, {"height": 537, "source": {"url": "https://foursquare.com/download/#/iphone", "name": "Foursquare for iOS"}, "width": 720, "prefix": "https://igx.4sqi.net/img/general/", "createdAt": 1311406594, "id": "4e2a7a026284b96d7b7e71c5", "venue": {"closed": true, "like": false, "location": {"formattedAddress": ["#01-03, Great Eastern Centre (1 Pickering St)", "048659", "Singapore"], "city": "Singapore", "lng": 103.84754508219845, "cc": "SG", "country": "Singapore", "lat": 1.2852643721118335, "address": "#01-03, Great Eastern Centre", "crossStreet": "1 Pickering St", "postalCode": "048659"}, "categories": [{"icon": {"prefix": "https://ss3.4sqi.net/img/categories_v2/food/coffeeshop_", "suffix": ".png"}, "name": "Coffee Shop", "id": "4bf58dd8d48988d1e0931735", "pluralName": "Coffee Shops", "primary": true, "shortName": "Coffee Shop"}], "verified": false, "contact": {"formattedPhone": "+65 6438 3959", "phone": "+6564383959"}, "allowMenuUrlEdit": true, "stats": {"tipCount": 31, "usersCount": 1690, "checkinsCount": 3625}, "id": "4b8362c5f964a520be0431e3", "name": "Han's Cafe", "beenHere": {"lastCheckinExpiredAt": 0}}, "suffix": "/JPSJVHFIF1EYR2T2R4JMT4UAAJ1D4IMZPLUU1QU5UGDIH0BH.jpg", "visibility": "public"}, {"height": 720, "source": {"url": "https://foursquare.com/download/#/iphone", "name": "Foursquare for iOS"}, "width": 537, "prefix": "https://igx.4sqi.net/img/general/", "createdAt": 1311348964, "id": "4e2998e4e4cd6c6cb3528659", "venue": {"like": false, "location": {"formattedAddress": ["#01-436 Public Mansion (432 Balestier Rd)", "329813", "Singapore"], "city": "Singapore", "lng": 103.84854152074384, "cc": "SG", "country": "Singapore", "crossStreet": "432 Balestier Rd", "lat": 1.3259463958947084, "address": "#01-436 Public Mansion", "labeledLatLngs": [{"label": "display", "lat": 1.3259463958947084, "lng": 103.84854152074384}], "postalCode": "329813"}, "categories": [{"icon": {"prefix": "https://ss3.4sqi.net/img/categories_v2/food/default_", "suffix": ".png"}, "name": "Restaurant", "id": "4bf58dd8d48988d1c4941735", "pluralName": "Restaurants", "primary": true, "shortName": "Restaurant"}], "verified": false, "contact": {"formattedPhone": "+65 8288 7020", "twitter": "rochorbeancurd", "phone": "+6582887020"}, "allowMenuUrlEdit": true, "stats": {"tipCount": 20, "usersCount": 1134, "checkinsCount": 2366}, "id": "4cee63533b03f04d45b739dc", "name": "Rochor Beancurd House", "beenHere": {"lastCheckinExpiredAt": 0}}, "suffix": "/UQCA0DEERWAP0F4UISQU2QZADC5EQ3QN1LXUXLUAVERUQ1K3.jpg", "visibility": "public"}, {"height": 720, "source": {"url": "https://foursquare.com/download/#/iphone", "name": "Foursquare for iOS"}, "tip": {"agreeCount": 1, "canonicalUrl": "https://foursquare.com/item/4d1adf6331af236a288f0d17", "todo": {"count": 1}, "logView": true, "disagreeCount": 0, "createdAt": 1293606755, "id": "4d1adf6331af236a288f0d17", "text": "The foo chow fishball and Yen Pi are the best in spore.", "likes": {"groups": [{"items": [{"photo": {"prefix": "https://igx.4sqi.net/img/user/", "suffix": "/EPB1FGRH4REAV3EN.jpg"}, "id": "43189937", "firstName": "shakira", "gender": "female", "lastName": "alabama"}], "count": 1, "type": "others"}], "count": 1, "summary": "1 like"}, "like": false, "type": "user"}, "width": 537, "prefix": "https://igx.4sqi.net/img/general/", "createdAt": 1293606762, "id": "4d1adf6ad3612da15329799a", "venue": {"like": false, "location": {"formattedAddress": ["33 Sultan Gate", "198481", "Singapore"], "city": "Singapore", "lng": 103.86079944465665, "cc": "SG", "country": "Singapore", "lat": 1.3015798022135179, "address": "33 Sultan Gate", "labeledLatLngs": [{"label": "display", "lat": 1.3015798022135179, "lng": 103.86079944465665}], "postalCode": "198481"}, "categories": [{"icon": {"prefix": "https://ss3.4sqi.net/img/categories_v2/food/asian_", "suffix": ".png"}, "name": "Asian Restaurant", "id": "4bf58dd8d48988d142941735", "pluralName": "Asian Restaurants", "primary": true, "shortName": "Asian"}], "verified": false, "contact": {"formattedPhone": "+65 6298 2720", "phone": "+6562982720"}, "allowMenuUrlEdit": true, "stats": {"tipCount": 18, "usersCount": 334, "checkinsCount": 525}, "id": "4d53bde2bbbf37041f0b3878", "name": "Seow Choon Hua Restaurant", "beenHere": {"lastCheckinExpiredAt": 0}}, "suffix": "/2O4WYD1L1GTYU0V1UFHBZ0ZAPEJTXGCHFWT1STZMSNULDFKG.jpg", "visibility": "public"}], "count": 8}, "totalCount": 8}}