{"meta": {"code": 200, "requestId": "595b3b191ed2191a00984555"}, "notifications": [{"item": {"unreadCount": 0}, "type": "notificationTray"}], "response": {"photos": {"items": [{"height": 346, "source": {"url": "https://foursquare.com/download/#/blackberry", "name": "Foursquare for BlackBerry"}, "width": 461, "prefix": "https://igx.4sqi.net/img/general/", "createdAt": 1337482263, "id": "4fb85c17e4b029bc2261e509", "venue": {"like": false, "location": {"formattedAddress": ["2 Stadium Walk", "397691", "Singapore"], "city": "Singapore", "lng": 103.87429859267084, "cc": "SG", "country": "Singapore", "lat": 1.300928048723167, "address": "2 Stadium Walk", "postalCode": "397691"}, "categories": [{"icon": {"prefix": "https://ss3.4sqi.net/img/categories_v2/arts_entertainment/stadium_", "suffix": ".png"}, "name": "Stadium", "id": "4bf58dd8d48988d184941735", "pluralName": "Stadiums", "primary": true, "shortName": "Stadium"}], "verified": false, "contact": {"twitter": "sisnow", "facebookName": "Singapore Indoor Stadium", "formattedPhone": "+65 6344 2660", "phone": "+6563442660", "facebookUsername": "singaporeindoorstadium", "facebook": "159300480788770"}, "allowMenuUrlEdit": true, "stats": {"tipCount": 99, "usersCount": 18100, "checkinsCount": 32972}, "id": "4b058814f964a5208cb022e3", "name": "Singapore Indoor Stadium", "beenHere": {"lastCheckinExpiredAt": 0}}, "suffix": "/Ku-nmHfSGwaq9y9bLbBA6j8GfV_OK3pjIY8QIWECObA.jpg", "visibility": "public"}, {"height": 346, "source": {"url": "https://foursquare.com/download/#/blackberry", "name": "Foursquare for BlackBerry"}, "width": 461, "prefix": "https://igx.4sqi.net/img/general/", "createdAt": 1337391054, "id": "4fb6f7cee4b06452f3291c2a", "venue": {"like": false, "location": {"formattedAddress": ["2 Stadium Walk", "397691", "Singapore"], "city": "Singapore", "lng": 103.87429859267084, "cc": "SG", "country": "Singapore", "lat": 1.300928048723167, "address": "2 Stadium Walk", "postalCode": "397691"}, "categories": [{"icon": {"prefix": "https://ss3.4sqi.net/img/categories_v2/arts_entertainment/stadium_", "suffix": ".png"}, "name": "Stadium", "id": "4bf58dd8d48988d184941735", "pluralName": "Stadiums", "primary": true, "shortName": "Stadium"}], "verified": false, "contact": {"twitter": "sisnow", "facebookName": "Singapore Indoor Stadium", "formattedPhone": "+65 6344 2660", "phone": "+6563442660", "facebookUsername": "singaporeindoorstadium", "facebook": "159300480788770"}, "allowMenuUrlEdit": true, "stats": {"tipCount": 99, "usersCount": 18100, "checkinsCount": 32972}, "id": "4b058814f964a5208cb022e3", "name": "Singapore Indoor Stadium", "beenHere": {"lastCheckinExpiredAt": 0}}, "suffix": "/41e11wHX1LpVqV_sraOBx6qZK7c1jH-Um28v9cd6U7A.jpg", "visibility": "public"}, {"height": 346, "source": {"url": "https://foursquare.com/download/#/blackberry", "name": "Foursquare for BlackBerry"}, "width": 461, "prefix": "https://igx.4sqi.net/img/general/", "createdAt": 1336817674, "id": "4fae380ae4b0ffee0bfb1037", "venue": {"venueRatingBlacklisted": true, "like": false, "location": {"city": "Singapore", "lng": 103.8610768885111, "cc": "SG", "country": "Singapore", "crossStreet": "Jalan Sultan", "lat": 1.3039236792841886, "address": "200", "labeledLatLngs": [{"label": "display", "lat": 1.3039236792841886, "lng": 103.8610768885111}], "formattedAddress": ["200 (Jalan Sultan)", "Singapore"]}, "categories": [{"icon": {"prefix": "https://ss3.4sqi.net/img/categories_v2/building/religious_church_", "suffix": ".png"}, "name": "Church", "id": "4bf58dd8d48988d132941735", "pluralName": "Churches", "primary": true, "shortName": "Church"}], "verified": false, "contact": {}, "beenHere": {"lastCheckinExpiredAt": 0}, "stats": {"tipCount": 3, "usersCount": 407, "checkinsCount": 2377}, "id": "4f23db7ee4b01dc94afb09a0", "name": "The Axis Auditorium (Hope Church Singapore)"}, "suffix": "/yiZeP8OibADUZyyYtXxFPL19P4-Ax0thBASR50EwgyY.jpg", "visibility": "public"}, {"height": 346, "source": {"url": "https://foursquare.com/download/#/blackberry", "name": "Foursquare for BlackBerry"}, "width": 461, "prefix": "https://igx.4sqi.net/img/general/", "createdAt": 1334925820, "id": "4f9159fce4b0fa381439990e", "venue": {"venueRatingBlacklisted": true, "like": false, "location": {"city": "Singapore", "lng": 103.8610768885111, "cc": "SG", "country": "Singapore", "crossStreet": "Jalan Sultan", "lat": 1.3039236792841886, "address": "200", "labeledLatLngs": [{"label": "display", "lat": 1.3039236792841886, "lng": 103.8610768885111}], "formattedAddress": ["200 (Jalan Sultan)", "Singapore"]}, "categories": [{"icon": {"prefix": "https://ss3.4sqi.net/img/categories_v2/building/religious_church_", "suffix": ".png"}, "name": "Church", "id": "4bf58dd8d48988d132941735", "pluralName": "Churches", "primary": true, "shortName": "Church"}], "verified": false, "contact": {}, "beenHere": {"lastCheckinExpiredAt": 0}, "stats": {"tipCount": 3, "usersCount": 407, "checkinsCount": 2377}, "id": "4f23db7ee4b01dc94afb09a0", "name": "The Axis Auditorium (Hope Church Singapore)"}, "suffix": "/qrvPi6g1l1A4ARrkuNMnVR6qcbj1nFFUXmFUrv8tw4A.jpg", "visibility": "public"}], "count": 4}, "totalCount": 4}}