{"response": {"totalCount": 2, "photos": {"count": 2, "items": [{"width": 540, "visibility": "public", "createdAt": 1334218716, "id": "4f868fdce4b078b17b46a8e9", "source": {"name": "Foursquare for iOS", "url": "https://foursquare.com/download/#/iphone"}, "prefix": "https://igx.4sqi.net/img/general/", "suffix": "/TQr_5F-DYjfg_FAAKpRL-qqpeUG59F3lhIr9gRv9GfQ.jpg", "venue": {"contact": {"twitter": "kemenhub151", "phone": "+62213811308", "formattedPhone": "+62 21 3811308"}, "beenHere": {"lastCheckinExpiredAt": 0}, "name": "Kementerian Perhubungan RI", "categories": [{"name": "Office", "shortName": "Office", "primary": true, "icon": {"prefix": "https://ss3.4sqi.net/img/categories_v2/building/default_", "suffix": ".png"}, "id": "4bf58dd8d48988d124941735", "pluralName": "Offices"}], "venueRatingBlacklisted": true, "stats": {"checkinsCount": 16087, "tipCount": 88, "usersCount": 4279}, "verified": false, "id": "4ba305abf964a520452838e3", "location": {"country": "Indonesia", "state": "Jakarta", "formattedAddress": ["Jalan Medan Merdeka Barat No. 8 (Jl. Medan Merdeka Barat No.8)", "Jakarta Pusat", "Jakarta 10110", "Indonesia"], "cc": "ID", "lat": -6.174475647834354, "labeledLatLngs": [{"lng": 106.82178497314453, "lat": -6.174475647834354, "label": "display"}], "postalCode": "10110", "address": "Jalan Medan Merdeka Barat No. 8", "lng": 106.82178497314453, "city": "Jakarta Pusat", "crossStreet": "Jl. Medan Merdeka Barat No.8"}, "like": false}, "height": 720}, {"width": 370, "visibility": "public", "createdAt": 1298291602, "id": "4d625b92c1192da1187e0f43", "source": {"name": "Foursquare for BlackBerry", "url": "https://foursquare.com/download/#/blackberry"}, "prefix": "https://igx.4sqi.net/img/general/", "suffix": "/2AGS3E0ZG2KZDFF5OAPQKSP0OUFKZY20S5ZRTFNT3TLHFWR1.jpg", "venue": {"contact": {"twitter": "kamikazekaraage"}, "name": "Kamikaze Karaage", "categories": [{"name": "Japanese Restaurant", "shortName": "Japanese", "primary": true, "icon": {"prefix": "https://ss3.4sqi.net/img/categories_v2/food/japanese_", "suffix": ".png"}, "id": "4bf58dd8d48988d111941735", "pluralName": "Japanese Restaurants"}], "closed": true, "beenHere": {"lastCheckinExpiredAt": 0}, "stats": {"checkinsCount": 2237, "tipCount": 24, "usersCount": 1676}, "verified": false, "id": "4d57d3217c0b3704499eda08", "location": {"country": "Indonesia", "state": "Jakarta", "formattedAddress": ["Grand Indonesia Shopping Town Level 3A #FD1-07 (Jl. M.H. Thamrin No. 1)", "Jakarta Pusat", "Jakarta 10310", "Indonesia"], "cc": "ID", "lat": -6.19546892475977, "labeledLatLngs": [{"lng": 106.82066366021611, "lat": -6.19546892475977, "label": "display"}], "postalCode": "10310", "address": "Grand Indonesia Shopping Town Level 3A #FD1-07", "lng": 106.82066366021611, "city": "Jakarta Pusat", "crossStreet": "Jl. M.H. Thamrin No. 1"}, "like": false, "allowMenuUrlEdit": true}, "height": 370}]}}, "notifications": [{"type": "notificationTray", "item": {"unreadCount": 0}}], "meta": {"requestId": "595b6e64f594df3c08f6820f", "code": 200}}