{"meta": {"code": 200, "requestId": "595b22eddd57972d494bb89d"}, "notifications": [{"item": {"unreadCount": 0}, "type": "notificationTray"}], "response": {"photos": {"items": [{"height": 720, "source": {"url": "https://foursquare.com/download/#/iphone", "name": "Foursquare for iOS"}, "width": 540, "prefix": "https://igx.4sqi.net/img/general/", "createdAt": 1295308805, "id": "4d34d805c7e92da1cd8e8d8f", "venue": {"closed": true, "like": false, "location": {"formattedAddress": ["3 Simei St 6", "528833", "Singapore"], "city": "Singapore", "lng": 103.9530873298645, "cc": "SG", "country": "Singapore", "lat": 1.3426660303963707, "address": "3 Simei St 6", "postalCode": "528833"}, "categories": [{"icon": {"prefix": "https://ss3.4sqi.net/img/categories_v2/shops/mall_", "suffix": ".png"}, "name": "Shopping Mall", "id": "4bf58dd8d48988d1fd941735", "pluralName": "Shopping Malls", "primary": true, "shortName": "Mall"}], "verified": false, "contact": {}, "beenHere": {"lastCheckinExpiredAt": 0}, "stats": {"tipCount": 78, "usersCount": 8424, "checkinsCount": 28353}, "id": "4b058818f964a520b9b122e3", "name": "Eastpoint Mall"}, "suffix": "/3WDCBSRXIQJIRMQ4W3M4045TYXKPOXJHUD3REP35WTXCUIH5.jpg", "visibility": "public"}], "count": 1}, "totalCount": 1}}