{"response": {"totalCount": 9, "photos": {"count": 9, "items": [{"width": 1920, "visibility": "public", "createdAt": 1476610961, "id": "58034b9138faa9586f72119e", "source": {"name": "Swarm for iOS", "url": "https://www.swarmapp.com"}, "prefix": "https://igx.4sqi.net/img/general/", "suffix": "/1187105_ovZViFodjs_sY5AtwilB6RXxVKoDbEKPKD1-1Ybcjeo.jpg", "venue": {"contact": {"facebookUsername": "DCSHCafe", "facebookName": "DC Comics Super Heroes Cafe - Official", "phone": "+6566887610", "facebook": "1620328641554492", "formattedPhone": "+65 6688 7610"}, "name": "DC Comics Super Heroes Cafe", "categories": [{"name": "Restaurant", "shortName": "Restaurant", "primary": true, "icon": {"prefix": "https://ss3.4sqi.net/img/categories_v2/food/default_", "suffix": ".png"}, "id": "4bf58dd8d48988d1c4941735", "pluralName": "Restaurants"}], "beenHere": {"lastCheckinExpiredAt": 0}, "stats": {"checkinsCount": 1386, "tipCount": 16, "usersCount": 1249}, "verified": false, "url": "http://www.hungryheroes.sg", "id": "55e853a5498e94a493822087", "location": {"country": "Singapore", "formattedAddress": ["#01-03/04/05, The Shoppes at Marina Bay Sands (2 Bayfront Avenue)", "018972", "Singapore"], "cc": "SG", "lat": 1.2861332287041036, "labeledLatLngs": [{"lng": 103.86008602019906, "lat": 1.2861332287041036, "label": "display"}], "postalCode": "018972", "address": "#01-03/04/05, The Shoppes at Marina Bay Sands", "lng": 103.86008602019906, "city": "Singapore", "crossStreet": "2 Bayfront Avenue"}, "like": false, "allowMenuUrlEdit": true}, "height": 1440}, {"width": 1920, "visibility": "public", "createdAt": 1475921444, "id": "57f8c624498e4aa7314b05a8", "source": {"name": "Swarm for iOS", "url": "https://www.swarmapp.com"}, "prefix": "https://igx.4sqi.net/img/general/", "suffix": "/1187105_tuSlLR7GaZKuYtL-Wf3Pf2RLbFhSLI7EkVPH__FoaaI.jpg", "venue": {"contact": {}, "name": "Cirque du Soleil KOOZA", "categories": [{"name": "Circus", "shortName": "Circus", "primary": true, "icon": {"prefix": "https://ss3.4sqi.net/img/categories_v2/arts_entertainment/default_", "suffix": ".png"}, "id": "52e81612bcbc57f1066b79e7", "pluralName": "Circuses"}], "beenHere": {"lastCheckinExpiredAt": 0}, "stats": {"checkinsCount": 150, "tipCount": 0, "usersCount": 118}, "verified": false, "id": "57be22ad498e4173d55c183d", "location": {"country": "Australia", "formattedAddress": ["Moore Park NSW 2021", "Australia"], "cc": "AU", "lat": -33.893983, "labeledLatLngs": [{"lng": 151.227335, "lat": -33.893983, "label": "display"}], "postalCode": "2021", "state": "NSW", "lng": 151.227335, "city": "Moore Park"}, "like": false}, "height": 1440}, {"width": 1920, "visibility": "public", "createdAt": 1474545046, "id": "57e3c596498e15a80e7a4a1b", "source": {"name": "Swarm for iOS", "url": "https://www.swarmapp.com"}, "prefix": "https://igx.4sqi.net/img/general/", "suffix": "/1187105_fHobgv5F5hrvtsFLk1B1K_h9p_O80MuHvLsGScp2K6I.jpg", "venue": {"contact": {"facebookName": "The Henry Jones Art Hotel", "phone": "+61362107700", "facebook": "121187501275917", "facebookUsername": "thehenryjones", "twitter": "thehenryjones", "formattedPhone": "+61 3 6210 7700"}, "venuePage": {"id": "68127375"}, "categories": [{"name": "Hotel", "shortName": "Hotel", "primary": true, "icon": {"prefix": "https://ss3.4sqi.net/img/categories_v2/travel/hotel_", "suffix": ".png"}, "id": "4bf58dd8d48988d1fa931735", "pluralName": "Hotels"}], "beenHere": {"lastCheckinExpiredAt": 0}, "location": {"country": "Australia", "state": "TAS", "formattedAddress": ["25 Hunter St. (btwn Davey & Evans)", "Hobart TAS 7000", "Australia"], "cc": "AU", "lat": -42.881436087205486, "labeledLatLngs": [{"lng": 147.3352861404419, "lat": -42.881436087205486, "label": "display"}], "postalCode": "7000", "address": "25 Hunter St.", "lng": 147.3352861404419, "city": "Hobart", "crossStreet": "btwn Davey & Evans"}, "like": false, "allowMenuUrlEdit": true, "name": "The Henry Jones Art Hotel", "stats": {"checkinsCount": 1010, "tipCount": 19, "usersCount": 483}, "verified": true, "id": "4b8ac7a9f964a520788032e3", "storeId": ""}, "height": 1440}, {"width": 1920, "visibility": "public", "createdAt": 1474545015, "id": "57e3c577498ea8152aafaef4", "source": {"name": "Swarm for iOS", "url": "https://www.swarmapp.com"}, "prefix": "https://igx.4sqi.net/img/general/", "suffix": "/1187105_HkJDRTq_D-6NCHAgEXzLWmTTWbva5bUd8zIjS7c71NA.jpg", "venue": {"contact": {"facebookName": "The Henry Jones Art Hotel", "phone": "+61362107700", "facebook": "121187501275917", "facebookUsername": "thehenryjones", "twitter": "thehenryjones", "formattedPhone": "+61 3 6210 7700"}, "venuePage": {"id": "68127375"}, "categories": [{"name": "Hotel", "shortName": "Hotel", "primary": true, "icon": {"prefix": "https://ss3.4sqi.net/img/categories_v2/travel/hotel_", "suffix": ".png"}, "id": "4bf58dd8d48988d1fa931735", "pluralName": "Hotels"}], "beenHere": {"lastCheckinExpiredAt": 0}, "location": {"country": "Australia", "state": "TAS", "formattedAddress": ["25 Hunter St. (btwn Davey & Evans)", "Hobart TAS 7000", "Australia"], "cc": "AU", "lat": -42.881436087205486, "labeledLatLngs": [{"lng": 147.3352861404419, "lat": -42.881436087205486, "label": "display"}], "postalCode": "7000", "address": "25 Hunter St.", "lng": 147.3352861404419, "city": "Hobart", "crossStreet": "btwn Davey & Evans"}, "like": false, "allowMenuUrlEdit": true, "name": "The Henry Jones Art Hotel", "stats": {"checkinsCount": 1010, "tipCount": 19, "usersCount": 483}, "verified": true, "id": "4b8ac7a9f964a520788032e3", "storeId": ""}, "height": 1440}, {"width": 1920, "visibility": "public", "createdAt": 1471746298, "id": "57b910fa498e6378fb46434c", "source": {"name": "Swarm for iOS", "url": "https://www.swarmapp.com"}, "prefix": "https://igx.4sqi.net/img/general/", "suffix": "/1187105_pEBxSrGYfoE_LE8V5MspzlzfZEH4Z_VLasP7r8a2n9Q.jpg", "venue": {"contact": {"phone": "+61363811344", "formattedPhone": "+61 3 6381 1344"}, "name": "Zeps Cafe", "categories": [{"name": "Caf\u00e9", "shortName": "Caf\u00e9", "primary": true, "icon": {"prefix": "https://ss3.4sqi.net/img/categories_v2/food/cafe_", "suffix": ".png"}, "id": "4bf58dd8d48988d16d941735", "pluralName": "Caf\u00e9s"}], "beenHere": {"lastCheckinExpiredAt": 0}, "stats": {"checkinsCount": 697, "tipCount": 9, "usersCount": 251}, "verified": false, "id": "4b9596f1f964a52009ab34e3", "location": {"country": "Australia", "formattedAddress": ["92-94 High Street", "Campbell Town TAS 7210", "Australia"], "cc": "AU", "lat": -41.9282591342926, "labeledLatLngs": [{"lng": 147.493778, "lat": -41.9282591342926, "label": "display"}], "postalCode": "7210", "address": "92-94 High Street", "lng": 147.493778, "city": "Campbell Town", "state": "TAS"}, "like": false, "allowMenuUrlEdit": true}, "height": 1440}, {"width": 1920, "visibility": "public", "createdAt": 1454883763, "id": "56b7c3b3498e33f2f4f6f67f", "source": {"name": "Swarm for iOS", "url": "https://www.swarmapp.com"}, "prefix": "https://igx.4sqi.net/img/general/", "suffix": "/1187105_IYu3rC-Ffte5eybsmgNvx4P1dLouk17Wr7VWPHymKK0.jpg", "venue": {"contact": {"phone": "+61396141062", "formattedPhone": "+61 3 9614 1062"}, "name": "Scoozi Cafe Bar", "categories": [{"name": "Caf\u00e9", "shortName": "Caf\u00e9", "primary": true, "icon": {"prefix": "https://ss3.4sqi.net/img/categories_v2/food/cafe_", "suffix": ".png"}, "id": "4bf58dd8d48988d16d941735", "pluralName": "Caf\u00e9s"}], "beenHere": {"lastCheckinExpiredAt": 0}, "stats": {"checkinsCount": 9, "tipCount": 1, "usersCount": 8}, "verified": false, "id": "56b68a5d498e09800a3faade", "location": {"country": "Australia", "state": "VIC", "formattedAddress": ["288 Flinders St (Elizabeth St)", "Melbourne VIC 3000", "Australia"], "cc": "AU", "lat": -37.81812, "labeledLatLngs": [{"lng": 144.964769, "lat": -37.81812, "label": "display"}], "postalCode": "3000", "address": "288 Flinders St", "lng": 144.964769, "city": "Melbourne", "crossStreet": "Elizabeth St"}, "like": false, "allowMenuUrlEdit": true}, "height": 1440}, {"width": 1920, "visibility": "public", "createdAt": 1453434781, "id": "56a1a79d498e200cab52baac", "source": {"name": "Swarm for iOS", "url": "https://www.swarmapp.com"}, "prefix": "https://igx.4sqi.net/img/general/", "suffix": "/1187105_IaJQfExxaGevaXkmDT-ExvAi89Lt9lDi9Pyze3CVLHM.jpg", "venue": {"contact": {"phone": "+61363355777", "formattedPhone": "+61 3 6335 5777"}, "name": "Links", "categories": [{"name": "Restaurant", "shortName": "Restaurant", "primary": true, "icon": {"prefix": "https://ss3.4sqi.net/img/categories_v2/food/default_", "suffix": ".png"}, "id": "4bf58dd8d48988d1c4941735", "pluralName": "Restaurants"}], "beenHere": {"lastCheckinExpiredAt": 0}, "stats": {"checkinsCount": 294, "tipCount": 1, "usersCount": 42}, "verified": false, "id": "4bebbe83415e20a125a9e6bb", "location": {"country": "Australia", "formattedAddress": ["Country Club Avenue", "Prospect Vale TAS 7250", "Australia"], "cc": "AU", "lat": -41.48556785969165, "labeledLatLngs": [{"lng": 147.10849761835755, "lat": -41.48556785969165, "label": "display"}], "postalCode": "7250", "address": "Country Club Avenue", "lng": 147.10849761835755, "city": "Prospect Vale", "state": "TAS"}, "like": false, "allowMenuUrlEdit": true}, "height": 1440}, {"width": 1920, "visibility": "public", "createdAt": 1453005759, "id": "569b1bbf498e49dfdce09685", "source": {"name": "Swarm for iOS", "url": "https://www.swarmapp.com"}, "prefix": "https://igx.4sqi.net/img/general/", "suffix": "/1187105_vntjvlyoDVkTcEnZIdQ5oLwVIsV5rSlGLSQR0HrkCp8.jpg", "venue": {"contact": {"twitter": "coles", "phone": "+61363244700", "formattedPhone": "+61 3 6324 4700"}, "name": "Coles", "categories": [{"name": "Grocery Store", "shortName": "Grocery Store", "primary": true, "icon": {"prefix": "https://ss3.4sqi.net/img/categories_v2/shops/food_grocery_", "suffix": ".png"}, "id": "4bf58dd8d48988d118951735", "pluralName": "Grocery Stores"}], "beenHere": {"lastCheckinExpiredAt": 0}, "stats": {"checkinsCount": 458, "tipCount": 1, "usersCount": 74}, "verified": false, "url": "http://www.coles.com.au", "id": "5087653be4b0d647dab475be", "location": {"country": "Australia", "formattedAddress": ["Cnr. Invermay Rd. & Joffre St.", "Mowbray TAS 7248", "Australia"], "cc": "AU", "lat": -41.40527418642523, "labeledLatLngs": [{"lng": 147.1319579508262, "lat": -41.40527418642523, "label": "display"}], "postalCode": "7248", "address": "Cnr. Invermay Rd. & Joffre St.", "lng": 147.1319579508262, "city": "Mowbray", "state": "TAS"}, "like": false, "allowMenuUrlEdit": true}, "height": 1440}, {"width": 537, "visibility": "public", "createdAt": 1310184636, "id": "4e17d4bcb0fb8567c667349a", "source": {"name": "Foursquare for iOS", "url": "https://foursquare.com/download/#/iphone"}, "prefix": "https://igx.4sqi.net/img/general/", "suffix": "/IP2TBETLNKKIZYHXJOJNVLFCYUPM1EJKL2RTWEUNIN1WP4XD.jpg", "venue": {"contact": {"phone": "+61363366777", "formattedPhone": "+61 3 6336 6777"}, "categories": [{"name": "Bakery", "shortName": "Bakery", "primary": true, "icon": {"prefix": "https://ss3.4sqi.net/img/categories_v2/food/bakery_", "suffix": ".png"}, "id": "4bf58dd8d48988d16a941735", "pluralName": "Bakeries"}], "stats": {"checkinsCount": 403, "tipCount": 6, "usersCount": 170}, "beenHere": {"lastCheckinExpiredAt": 0}, "location": {"country": "Australia", "formattedAddress": ["98 Brisbane Street", "Launceston TAS 7250", "Australia"], "cc": "AU", "lat": -41.4371086, "labeledLatLngs": [{"lng": 147.1391952, "lat": -41.4371086, "label": "display"}], "postalCode": "7250", "address": "98 Brisbane Street", "lng": 147.1391952, "city": "Launceston", "state": "TAS"}, "like": false, "hasMenu": true, "name": "Banjo's", "allowMenuUrlEdit": true, "menu": {"type": "Menu", "url": "https://foursquare.com/v/banjos/4b4d767af964a520a7d226e3/menu", "anchor": "View Menu", "mobileUrl": "https://foursquare.com/v/4b4d767af964a520a7d226e3/device_menu", "label": "Menu"}, "verified": false, "id": "4b4d767af964a520a7d226e3"}, "height": 720}]}}, "notifications": [{"type": "notificationTray", "item": {"unreadCount": 0}}], "meta": {"requestId": "595b6b956a6071143ab5757a", "code": 200}}