{"response": {"totalCount": 8, "photos": {"count": 8, "items": [{"width": 1920, "visibility": "public", "createdAt": 1482906884, "id": "58635d0451666a7a04fcf687", "source": {"name": "Foursquare for iOS", "url": "https://foursquare.com/download/#/iphone"}, "prefix": "https://igx.4sqi.net/img/general/", "suffix": "/118709_c-uZ0IWIuY_q3-R_BlHx5ZxtFna5iA8RFx2uWUhCBR0.jpg", "venue": {"contact": {"phone": "+81269852020", "formattedPhone": "+81 269-85-2020"}, "name": "\u6850\u5c4b\u65c5\u9928", "categories": [{"name": "Hotel", "shortName": "Hotel", "primary": true, "icon": {"prefix": "https://ss3.4sqi.net/img/categories_v2/travel/hotel_", "suffix": ".png"}, "id": "4bf58dd8d48988d1fa931735", "pluralName": "Hotels"}], "beenHere": {"lastCheckinExpiredAt": 0}, "stats": {"checkinsCount": 29, "tipCount": 1, "usersCount": 20}, "verified": false, "url": "http://kiriya.jp", "id": "4e3b0acb7d8b0e961049c378", "location": {"country": "\u65e5\u672c", "formattedAddress": ["\u8c4a\u90f78714-2", "\u4e0b\u9ad8\u4e95\u90e1\u91ce\u6ca2\u6e29\u6cc9\u6751, \u9577\u91ce\u770c", "389-2502", "\u65e5\u672c"], "cc": "JP", "lat": 36.92479134136797, "labeledLatLngs": [{"lng": 138.44811916351318, "lat": 36.92479134136797, "label": "display"}], "postalCode": "389-2502", "address": "\u8c4a\u90f78714-2", "lng": 138.44811916351318, "state": "\u9577\u91ce\u770c"}, "like": false, "allowMenuUrlEdit": true}, "height": 1440}, {"tip": {"todo": {"count": 0}, "type": "user", "agreeCount": 0, "text": "Great location, we were on the moving walkway towards the slopes within 5 mins. Family run. Excellent service by Ko & team. Breakfast was delicious, the shabu-shabu dinner is pretty special.", "createdAt": 1482906639, "logView": true, "id": "58635c0ff84085303fe94424", "disagreeCount": 0, "canonicalUrl": "https://foursquare.com/item/58635c0ff84085303fe94424", "likes": {"groups": [], "count": 0}, "like": false}, "width": 1440, "visibility": "public", "createdAt": 1482906641, "id": "58635c11102f476eda98c840", "source": {"name": "Foursquare for iOS", "url": "https://foursquare.com/download/#/iphone"}, "prefix": "https://igx.4sqi.net/img/general/", "suffix": "/118709_apELOo9h0n7p3cKxd1_NPh-UhSE6APklMukbkOjdhQQ.jpg", "venue": {"contact": {"phone": "+81269852020", "formattedPhone": "+81 269-85-2020"}, "name": "\u6850\u5c4b\u65c5\u9928", "categories": [{"name": "Hotel", "shortName": "Hotel", "primary": true, "icon": {"prefix": "https://ss3.4sqi.net/img/categories_v2/travel/hotel_", "suffix": ".png"}, "id": "4bf58dd8d48988d1fa931735", "pluralName": "Hotels"}], "beenHere": {"lastCheckinExpiredAt": 0}, "stats": {"checkinsCount": 29, "tipCount": 1, "usersCount": 20}, "verified": false, "url": "http://kiriya.jp", "id": "4e3b0acb7d8b0e961049c378", "location": {"country": "\u65e5\u672c", "formattedAddress": ["\u8c4a\u90f78714-2", "\u4e0b\u9ad8\u4e95\u90e1\u91ce\u6ca2\u6e29\u6cc9\u6751, \u9577\u91ce\u770c", "389-2502", "\u65e5\u672c"], "cc": "JP", "lat": 36.92479134136797, "labeledLatLngs": [{"lng": 138.44811916351318, "lat": 36.92479134136797, "label": "display"}], "postalCode": "389-2502", "address": "\u8c4a\u90f78714-2", "lng": 138.44811916351318, "state": "\u9577\u91ce\u770c"}, "like": false, "allowMenuUrlEdit": true}, "height": 1920}, {"tip": {"todo": {"count": 0}, "type": "user", "agreeCount": 0, "text": "The hot ginger wine is delicious, basically milked wine. Good coffee and freshly made gelato. Service is friendly & efficient.", "createdAt": 1482906042, "logView": true, "id": "586359ba7220e61ff5f25fe9", "disagreeCount": 0, "canonicalUrl": "https://foursquare.com/item/586359ba7220e61ff5f25fe9", "likes": {"groups": [], "count": 0}, "like": false}, "width": 1440, "visibility": "public", "createdAt": 1482906044, "id": "586359bc0319b827e6038ad9", "source": {"name": "Foursquare for iOS", "url": "https://foursquare.com/download/#/iphone"}, "prefix": "https://igx.4sqi.net/img/general/", "suffix": "/118709_ycddcxVSs9o6hV5UbPtHhSqIQiBb6-jWb6wJdRu_i70.jpg", "venue": {"contact": {"phone": "+81269853597", "formattedPhone": "+81 269-85-3597"}, "name": "Cafe Haus St. Anton", "categories": [{"name": "Caf\u00e9", "shortName": "Caf\u00e9", "primary": true, "icon": {"prefix": "https://ss3.4sqi.net/img/categories_v2/food/cafe_", "suffix": ".png"}, "id": "4bf58dd8d48988d16d941735", "pluralName": "Caf\u00e9s"}], "beenHere": {"lastCheckinExpiredAt": 0}, "stats": {"checkinsCount": 182, "tipCount": 1, "usersCount": 144}, "verified": false, "url": "http://st-anton.jp", "id": "52bcd6a8498eaba3398adce6", "location": {"country": "\u65e5\u672c", "formattedAddress": ["\u8c4a\u90f79515", "\u91ce\u6ca2\u6e29\u6cc9\u6751, \u9577\u91ce\u770c", "389-2502", "\u65e5\u672c"], "cc": "JP", "lat": 36.92275206086877, "labeledLatLngs": [{"lng": 138.44748249977647, "lat": 36.92275206086877, "label": "display"}], "postalCode": "389-2502", "address": "\u8c4a\u90f79515", "lng": 138.44748249977647, "city": "\u91ce\u6ca2\u6e29\u6cc9\u6751", "state": "\u9577\u91ce\u770c"}, "like": false, "allowMenuUrlEdit": true}, "height": 1920}, {"tip": {"todo": {"count": 0}, "type": "user", "agreeCount": 2, "text": "Awesome rooftop bar on the 12th floor - Yin. Good list of single malts & cocktails. Perfect for sundowners.", "createdAt": 1401190369, "logView": true, "id": "538477e1498e5e44a1833a54", "disagreeCount": 0, "canonicalUrl": "https://foursquare.com/item/538477e1498e5e44a1833a54", "likes": {"summary": "2 likes", "groups": [{"type": "others", "count": 2, "items": [{"firstName": "Malcolm", "id": "37656452", "photo": {"prefix": "https://igx.4sqi.net/img/user/", "suffix": "/ZVOYLZQH4BEGX0ZO.jpg"}, "gender": "male"}, {"firstName": "Anny", "id": "67981011", "photo": {"prefix": "https://igx.4sqi.net/img/user/", "suffix": "/QNB2GBLXKY2P2WEX.jpg"}, "gender": "female", "lastName": "Tan"}]}], "count": 2}, "like": false}, "width": 720, "visibility": "public", "createdAt": 1401190371, "id": "538477e3498eaa33a1be7c46", "source": {"name": "Foursquare for iOS", "url": "https://foursquare.com/download/#/iphone"}, "prefix": "https://igx.4sqi.net/img/general/", "suffix": "/118709_X-zv8f4QwBG_mHRFIG-Gypm56LryPeQ2IBpAoYXlp3E.jpg", "venue": {"contact": {"phone": "01059608888", "formattedPhone": "010 5960 8888"}, "name": "New World Beijing Hotel", "categories": [{"name": "Hotel", "shortName": "Hotel", "primary": true, "icon": {"prefix": "https://ss3.4sqi.net/img/categories_v2/travel/hotel_", "suffix": ".png"}, "id": "4bf58dd8d48988d1fa931735", "pluralName": "Hotels"}], "beenHere": {"lastCheckinExpiredAt": 0}, "stats": {"checkinsCount": 685, "tipCount": 7, "usersCount": 296}, "verified": false, "url": "http://beijing.newworldhotels.com", "id": "525bd86111d2124c8572be4b", "location": {"country": "\u4e2d\u56fd", "state": "\u5317\u4eac\u5e02", "formattedAddress": ["8 Qinian Street (Dongcheng District)", "\u5317\u4eac\u5e02", "\u5317\u4eac\u5e02, 100062"], "cc": "CN", "lat": 39.89723751610388, "labeledLatLngs": [{"lng": 116.40595141771067, "lat": 39.89723751610388, "label": "display"}], "postalCode": "100062", "address": "8 Qinian Street", "lng": 116.40595141771067, "city": "\u5317\u4eac\u5e02", "crossStreet": "Dongcheng District"}, "like": false, "allowMenuUrlEdit": true}, "height": 960}, {"tip": {"todo": {"count": 0}, "type": "user", "agreeCount": 0, "text": "Good coffee.", "createdAt": 1398059924, "logView": true, "id": "5354b39411d2a8d00f0eb5ca", "disagreeCount": 0, "canonicalUrl": "https://foursquare.com/item/5354b39411d2a8d00f0eb5ca", "likes": {"groups": [], "count": 0}, "like": false}, "width": 720, "visibility": "public", "createdAt": 1398059925, "id": "5354b395498ec5823a0a84b5", "source": {"name": "Foursquare for iOS", "url": "https://foursquare.com/download/#/iphone"}, "prefix": "https://igx.4sqi.net/img/general/", "suffix": "/118709_Xs8goXEXRZK7YppTLejD7G6GrWLqVyuWPyI54xInoY8.jpg", "venue": {"contact": {"facebookUsername": "Commongroundhk", "facebookName": "Common Ground", "phone": "+85228188318", "facebook": "148162905333773", "formattedPhone": "+852 2818 8318"}, "name": "Common Ground", "categories": [{"name": "Caf\u00e9", "shortName": "Caf\u00e9", "primary": true, "icon": {"prefix": "https://ss3.4sqi.net/img/categories_v2/food/cafe_", "suffix": ".png"}, "id": "4bf58dd8d48988d16d941735", "pluralName": "Caf\u00e9s"}], "beenHere": {"lastCheckinExpiredAt": 0}, "stats": {"checkinsCount": 916, "tipCount": 36, "usersCount": 618}, "verified": false, "id": "50f8deeee4b0c24382136fa2", "location": {"country": "\u9999\u6e2f", "formattedAddress": ["19 Shing Wong St", "\u4e2d\u897f\u5340", "\u9999\u6e2f"], "cc": "HK", "lat": 22.283202, "labeledLatLngs": [{"lng": 114.15103, "lat": 22.283202, "label": "display"}], "address": "19 Shing Wong St", "lng": 114.15103, "city": "\u4e2d\u74b0", "state": "\u4e2d\u897f\u5340"}, "like": false, "allowMenuUrlEdit": true}, "height": 960}, {"width": 720, "visibility": "public", "createdAt": 1397311749, "id": "53494905498efa8f331a640d", "source": {"name": "Foursquare for iOS", "url": "https://foursquare.com/download/#/iphone"}, "prefix": "https://igx.4sqi.net/img/general/", "suffix": "/118709_UYVxr-TyPewxO2hmXUwISkjAcPvxo3E95lef_aZmnEA.jpg", "venue": {"contact": {"facebookName": "FINDS", "phone": "+85225229318", "facebook": "173624906011646", "facebookUsername": "FINDShongkong", "twitter": "findshongkong", "formattedPhone": "+852 2522 9318"}, "venuePage": {"id": "34198664"}, "categories": [{"name": "Scandinavian Restaurant", "shortName": "Scandinavian", "primary": true, "icon": {"prefix": "https://ss3.4sqi.net/img/categories_v2/food/scandinavian_", "suffix": ".png"}, "id": "4bf58dd8d48988d1c6941735", "pluralName": "Scandinavian Restaurants"}], "beenHere": {"lastCheckinExpiredAt": 0}, "location": {"country": "\u9999\u6e2f", "formattedAddress": ["1/F, The Luxe Manor, 39 Kimberley Rd", "\u9999\u6e2f"], "cc": "HK", "lat": 22.300702699755302, "labeledLatLngs": [{"lng": 114.17406431706051, "lat": 22.300702699755302, "label": "display"}], "address": "1/F, The Luxe Manor, 39 Kimberley Rd", "lng": 114.17406431706051, "city": "\u9999\u6e2f"}, "like": false, "allowMenuUrlEdit": true, "name": "FINDS", "url": "http://www.finds.com.hk", "stats": {"checkinsCount": 974, "tipCount": 35, "usersCount": 607}, "verified": true, "id": "4cd79c3715d8b60cfceb610e", "storeId": ""}, "height": 746}, {"tip": {"todo": {"count": 0}, "type": "user", "agreeCount": 1, "text": "The steak tartare was excellent.", "createdAt": 1396522037, "logView": true, "id": "533d3c35498ec9e627975287", "disagreeCount": 0, "canonicalUrl": "https://foursquare.com/item/533d3c35498ec9e627975287", "likes": {"summary": "1 like", "groups": [{"type": "others", "count": 1, "items": [{"firstName": "Thomson", "id": "74188465", "photo": {"prefix": "https://igx.4sqi.net/img/user/", "suffix": "/74188465-0CPLZ52B1F25Z0DM.jpg"}, "gender": "male", "lastName": "Choi"}]}], "count": 1}, "like": false}, "width": 720, "visibility": "public", "createdAt": 1396522040, "id": "533d3c38498e6c6ab366ac81", "source": {"name": "Foursquare for iOS", "url": "https://foursquare.com/download/#/iphone"}, "prefix": "https://igx.4sqi.net/img/general/", "suffix": "/118709_HyN5nUCXoScKpoEYygSOvhFLySQRigBpqpiUYxqYok8.jpg", "venue": {"contact": {"phone": "+85225688857", "formattedPhone": "+852 2568 8857"}, "name": "Cocotte", "categories": [{"name": "French Restaurant", "shortName": "French", "primary": true, "icon": {"prefix": "https://ss3.4sqi.net/img/categories_v2/food/french_", "suffix": ".png"}, "id": "4bf58dd8d48988d10c941735", "pluralName": "French Restaurants"}], "beenHere": {"lastCheckinExpiredAt": 0}, "stats": {"checkinsCount": 358, "tipCount": 16, "usersCount": 286}, "verified": false, "id": "530deaec498e9be5595912d5", "location": {"country": "\u9999\u6e2f", "formattedAddress": ["7-9 Shin Hing St", "\u4e2d\u897f\u5340", "\u9999\u6e2f"], "cc": "HK", "lat": 22.283824955700442, "labeledLatLngs": [{"lng": 114.15221747900024, "lat": 22.283824955700442, "label": "display"}], "address": "7-9 Shin Hing St", "lng": 114.15221747900024, "city": "\u4e2d\u74b0", "state": "\u4e2d\u897f\u5340"}, "like": false, "allowMenuUrlEdit": true}, "height": 960}, {"width": 720, "visibility": "public", "createdAt": 1394119284, "id": "53189274498eeb20eda9bd84", "source": {"name": "Foursquare for iOS", "url": "https://foursquare.com/download/#/iphone"}, "prefix": "https://igx.4sqi.net/img/general/", "suffix": "/118709_Z00nOZ6HN1aSFc_ljGsw5FJXrS3Nq6rquhnfUFY2u3Q.jpg", "venue": {"contact": {"facebookName": "Mandarin Oriental Hotel Group", "phone": "02038088888", "facebook": "217354193111", "facebookUsername": "MandarinOriental", "twitter": "mo_hotels", "formattedPhone": "020 3808 8888"}, "name": "Mandarin Oriental, Guangzhou", "categories": [{"name": "Hotel", "shortName": "Hotel", "primary": true, "icon": {"prefix": "https://ss3.4sqi.net/img/categories_v2/travel/hotel_", "suffix": ".png"}, "id": "4bf58dd8d48988d1fa931735", "pluralName": "Hotels"}], "beenHere": {"lastCheckinExpiredAt": 0}, "stats": {"checkinsCount": 880, "tipCount": 18, "usersCount": 457}, "verified": true, "url": "http://www.mandarinoriental.com", "id": "50d3ee9fe4b0e950ec666286", "location": {"country": "\u4e2d\u56fd", "formattedAddress": ["389 Tianhe Rd", "\u5e7f\u5dde", "\u5e7f\u4e1c, 510620"], "cc": "CN", "lat": 23.137101623708176, "labeledLatLngs": [{"lng": 113.3272697712125, "lat": 23.137101623708176, "label": "display"}], "postalCode": "510620", "address": "389 Tianhe Rd", "lng": 113.3272697712125, "city": "\u5e7f\u5dde", "state": "\u5e7f\u4e1c"}, "like": false, "allowMenuUrlEdit": true}, "height": 960}]}}, "notifications": [{"type": "notificationTray", "item": {"unreadCount": 0}}], "meta": {"requestId": "595b82104434b96bc8a8dd91", "code": 200}}