{"meta": {"code": 200, "requestId": "595ae8aef594df3c73889722"}, "notifications": [{"item": {"unreadCount": 0}, "type": "notificationTray"}], "response": {"photos": {"items": [{"height": 960, "source": {"url": "https://foursquare.com/download/#/android", "name": "Foursquare for Android"}, "width": 720, "prefix": "https://igx.4sqi.net/img/general/", "createdAt": 1402579516, "id": "5399aa3c498eea3aac1c404c", "venue": {"like": false, "location": {"formattedAddress": ["98 Moo 3 Nopparat Thara Rd.", "\u0e01\u0e23\u0e30\u0e1a\u0e35\u0e48", "\u0e08\u0e31\u0e07\u0e2b\u0e27\u0e31\u0e14\u0e01\u0e23\u0e30\u0e1a\u0e35\u0e48 81000", "\u0e1b\u0e23\u0e30\u0e40\u0e17\u0e28\u0e44\u0e17\u0e22"], "city": "\u0e01\u0e23\u0e30\u0e1a\u0e35\u0e48", "lng": 98.81584167480469, "cc": "TH", "state": "\u0e08\u0e31\u0e07\u0e2b\u0e27\u0e31\u0e14\u0e01\u0e23\u0e30\u0e1a\u0e35\u0e48", "lat": 8.038344517388717, "address": "98 Moo 3 Nopparat Thara Rd.", "labeledLatLngs": [{"label": "display", "lat": 8.038344517388717, "lng": 98.81584167480469}], "postalCode": "81000", "country": "\u0e1b\u0e23\u0e30\u0e40\u0e17\u0e28\u0e44\u0e17\u0e22"}, "categories": [{"icon": {"prefix": "https://ss3.4sqi.net/img/categories_v2/food/seafood_", "suffix": ".png"}, "name": "Seafood Restaurant", "id": "4bf58dd8d48988d1ce941735", "pluralName": "Seafood Restaurants", "primary": true, "shortName": "Seafood"}], "verified": false, "contact": {"formattedPhone": "+66 75 638 128", "phone": "+6675638128"}, "allowMenuUrlEdit": true, "stats": {"tipCount": 147, "usersCount": 5367, "checkinsCount": 6071}, "id": "4b5d7ab0f964a5205a5e29e3", "name": "Wang Sai Seafood (\u0e27\u0e31\u0e07\u0e17\u0e23\u0e32\u0e22\u0e0b\u0e35\u0e1f\u0e39\u0e49\u0e14)", "beenHere": {"lastCheckinExpiredAt": 0}}, "suffix": "/1191119_OJzdVPbWFs--mVl8_DnBc0zqDj8co_-zrV-P1u0vTmY.jpg", "visibility": "public"}, {"height": 960, "source": {"url": "https://foursquare.com/download/#/android", "name": "Foursquare for Android"}, "width": 720, "prefix": "https://igx.4sqi.net/img/general/", "createdAt": 1402579306, "id": "5399a96a498ec2beb79152d1", "venue": {"like": false, "location": {"cc": "TH", "country": "\u0e1b\u0e23\u0e30\u0e40\u0e17\u0e28\u0e44\u0e17\u0e22", "lat": 8.034961, "lng": 98.818928, "labeledLatLngs": [{"label": "display", "lat": 8.034961, "lng": 98.818928}], "formattedAddress": ["\u0e1b\u0e23\u0e30\u0e40\u0e17\u0e28\u0e44\u0e17\u0e22"]}, "categories": [{"icon": {"prefix": "https://ss3.4sqi.net/img/categories_v2/food/thai_", "suffix": ".png"}, "name": "Thai Restaurant", "id": "4bf58dd8d48988d149941735", "pluralName": "Thai Restaurants", "primary": true, "shortName": "Thai"}], "verified": false, "contact": {}, "allowMenuUrlEdit": true, "stats": {"tipCount": 12, "usersCount": 123, "checkinsCount": 131}, "id": "52e140c9498e1e3573650541", "name": "Blue Marine", "beenHere": {"lastCheckinExpiredAt": 0}}, "suffix": "/1191119_DVi_MzJeB7H9zEfQgaw2D5yiTF4nSp1gKpqsXfM905o.jpg", "visibility": "public"}, {"height": 540, "source": {"url": "https://foursquare.com/download/#/android", "name": "Foursquare for Android"}, "width": 960, "prefix": "https://igx.4sqi.net/img/general/", "createdAt": 1402579285, "id": "5399a955498e43cedc5d55cc", "venue": {"venueRatingBlacklisted": true, "like": false, "location": {"formattedAddress": ["Utarakit Rd.", "\u0e01\u0e23\u0e30\u0e1a\u0e35\u0e48", "\u0e08\u0e31\u0e07\u0e2b\u0e27\u0e31\u0e14\u0e01\u0e23\u0e30\u0e1a\u0e35\u0e48 81000", "\u0e1b\u0e23\u0e30\u0e40\u0e17\u0e28\u0e44\u0e17\u0e22"], "city": "\u0e01\u0e23\u0e30\u0e1a\u0e35\u0e48", "lng": 98.91712084045062, "cc": "TH", "state": "\u0e08\u0e31\u0e07\u0e2b\u0e27\u0e31\u0e14\u0e01\u0e23\u0e30\u0e1a\u0e35\u0e48", "lat": 8.067105450558861, "address": "Utarakit Rd.", "labeledLatLngs": [{"label": "display", "lat": 8.067105450558861, "lng": 98.91712084045062}], "postalCode": "81000", "country": "\u0e1b\u0e23\u0e30\u0e40\u0e17\u0e28\u0e44\u0e17\u0e22"}, "categories": [{"icon": {"prefix": "https://ss3.4sqi.net/img/categories_v2/building/government_monument_", "suffix": ".png"}, "name": "Monument / Landmark", "id": "4bf58dd8d48988d12d941735", "pluralName": "Monuments / Landmarks", "primary": true, "shortName": "Landmark"}], "verified": false, "contact": {}, "beenHere": {"lastCheckinExpiredAt": 0}, "stats": {"tipCount": 20, "usersCount": 2270, "checkinsCount": 3014}, "id": "4d0deb865c46a093a41d11b4", "name": "\u0e2d\u0e19\u0e38\u0e2a\u0e32\u0e27\u0e23\u0e35\u0e22\u0e4c\u0e1b\u0e39\u0e14\u0e33 \u0e01\u0e21.0 \u0e01\u0e23\u0e30\u0e1a\u0e35\u0e48"}, "suffix": "/1191119_y21ZDaKpdH6fjg3lvAz2l2SLk_9LTJ50Ocw4L5t-_Yg.jpg", "visibility": "public"}, {"height": 575, "source": {"url": "https://foursquare.com/download/#/android", "name": "Foursquare for Android"}, "width": 960, "prefix": "https://igx.4sqi.net/img/general/", "createdAt": 1375833879, "id": "52018f17498eb69dd4379102", "venue": {"url": "http://www.legendsfortcanning.com", "like": false, "location": {"formattedAddress": ["11 Canning Walk (Fort Canning Park)", "178881", "Singapore"], "city": "Singapore", "lng": 103.84532576806717, "cc": "SG", "country": "Singapore", "crossStreet": "Fort Canning Park", "lat": 1.29627298372486, "address": "11 Canning Walk", "labeledLatLngs": [{"label": "display", "lat": 1.29627298372486, "lng": 103.84532576806717}], "postalCode": "178881"}, "categories": [{"icon": {"prefix": "https://ss3.4sqi.net/img/categories_v2/building/eventspace_", "suffix": ".png"}, "name": "Event Space", "id": "4bf58dd8d48988d171941735", "pluralName": "Event Spaces", "primary": true, "shortName": "Event Space"}], "verified": false, "contact": {"formattedPhone": "+65 6338 1212", "phone": "+6563381212"}, "beenHere": {"lastCheckinExpiredAt": 0}, "stats": {"tipCount": 4, "usersCount": 829, "checkinsCount": 1752}, "id": "4b07e91cf964a520080123e3", "name": "The Legends", "venueRatingBlacklisted": true}, "suffix": "/1191119_BQuX-garMv46Fx4x_gsce2aRBJzo3RxqB7gurpPLLr4.jpg", "visibility": "public"}, {"height": 720, "source": {"url": "https://foursquare.com/download/#/android", "name": "Foursquare for Android"}, "width": 428, "prefix": "https://igx.4sqi.net/img/general/", "createdAt": 1347100663, "id": "504b1ff7e4b00e670c6f1a90", "venue": {"like": false, "location": {"formattedAddress": ["\u4e2d\u5c71\u5340\u5317\u5b89\u8def139\u865f", "\u53f0\u5317\u5e02,  104", "\u81fa\u7063"], "city": "\u53f0\u5317\u5e02", "lng": 121.53311669826508, "cc": "TW", "country": "\u81fa\u7063", "lat": 25.0783778552718, "address": "\u4e2d\u5c71\u5340\u5317\u5b89\u8def139\u865f", "labeledLatLngs": [{"label": "display", "lat": 25.0783778552718, "lng": 121.53311669826508}], "postalCode": "104"}, "categories": [{"icon": {"prefix": "https://ss3.4sqi.net/img/categories_v2/arts_entertainment/museum_history_", "suffix": ".png"}, "name": "History Museum", "id": "4bf58dd8d48988d190941735", "pluralName": "History Museums", "primary": true, "shortName": "History Museum"}], "verified": false, "contact": {"formattedPhone": "+886 2 2885 4162", "phone": "+886228854162"}, "allowMenuUrlEdit": true, "stats": {"tipCount": 12, "usersCount": 2292, "checkinsCount": 2536}, "id": "4ba17611f964a52002b937e3", "name": "\u5fe0\u70c8\u7960", "beenHere": {"lastCheckinExpiredAt": 0}}, "suffix": "/26g3r_2f4LkLvc2c_o8A3FqCvHzijpcJFn6ZVdfT408.jpg", "visibility": "public"}, {"height": 720, "source": {"url": "https://foursquare.com/download/#/android", "name": "Foursquare for Android"}, "width": 542, "prefix": "https://igx.4sqi.net/img/general/", "createdAt": 1347100603, "id": "504b1fbbe4b01b58f39dbb3c", "venue": {"like": false, "location": {"formattedAddress": ["\u4e2d\u6b63\u8def", "\u81fa\u7063\u7701, \u81fa\u7063\u7701 251", "\u81fa\u7063"], "city": "\u81fa\u7063\u7701", "lng": 121.44381840838547, "cc": "TW", "state": "\u81fa\u7063\u7701", "neighborhood": "\u6de1\u6c34\u5340", "lat": 25.168716559862936, "address": "\u4e2d\u6b63\u8def", "labeledLatLngs": [{"label": "display", "lat": 25.168716559862936, "lng": 121.44381840838547}], "postalCode": "251", "country": "\u81fa\u7063"}, "categories": [{"icon": {"prefix": "https://ss3.4sqi.net/img/categories_v2/shops/market_", "suffix": ".png"}, "name": "Market", "id": "50be8ee891d4fa8dcc7199a7", "pluralName": "Markets", "primary": true, "shortName": "Market"}], "verified": false, "contact": {}, "allowMenuUrlEdit": true, "stats": {"tipCount": 53, "usersCount": 9425, "checkinsCount": 13724}, "id": "4b7a81d3f964a5203e2f2fe3", "name": "Danshui Old Street (\u6de1\u6c34\u8001\u8857)", "beenHere": {"lastCheckinExpiredAt": 0}}, "suffix": "/hs81js8hu_62MPFdMecfvCOdO-UZacxrPKIFtMqekTo.jpg", "visibility": "public"}, {"height": 480, "source": {"url": "https://foursquare.com/download/#/android", "name": "Foursquare for Android"}, "width": 640, "prefix": "https://irs0.4sqi.net/img/general/", "createdAt": 1314665992, "id": "4e5c36082271b7fb29626c0c", "venue": {"like": false, "location": {"city": "Singapore", "lng": 103.866726, "cc": "SG", "country": "Singapore", "crossStreet": "49A Serangoon Garden Way", "lat": 1.363153, "address": "Stall 21, Serangoon Garden Market & Food Centre", "labeledLatLngs": [{"label": "display", "lat": 1.363153, "lng": 103.866726}], "formattedAddress": ["Stall 21, Serangoon Garden Market & Food Centre (49A Serangoon Garden Way)", "Singapore"]}, "categories": [{"icon": {"prefix": "https://ss3.4sqi.net/img/categories_v2/food/asian_", "suffix": ".png"}, "name": "Asian Restaurant", "id": "4bf58dd8d48988d142941735", "pluralName": "Asian Restaurants", "primary": true, "shortName": "Asian"}], "verified": false, "contact": {}, "allowMenuUrlEdit": true, "stats": {"tipCount": 5, "usersCount": 134, "checkinsCount": 220}, "id": "4bc6a2ceb387d13afe3bc2e8", "name": "Garden Street Kway Chap \u5440\u4f96\u8857\u7cbf\u8ba1", "beenHere": {"lastCheckinExpiredAt": 0}}, "suffix": "/BIJM4BF2QNC5NSZ2AFY3E11Y23RFU15RMUP2EXODCVVRJASW.jpg", "visibility": "public"}, {"height": 640, "source": {"url": "https://foursquare.com/download/#/android", "name": "Foursquare for Android"}, "width": 480, "prefix": "https://igx.4sqi.net/img/general/", "createdAt": 1313930978, "id": "4e50fee2b0fb088f3c30f195", "venue": {"url": "http://www.orange-lantern.com", "like": false, "location": {"formattedAddress": ["73 Killiney Rd", "239528", "Singapore"], "city": "Singapore", "lng": 103.83904734366097, "cc": "SG", "country": "Singapore", "lat": 1.2987027451258903, "address": "73 Killiney Rd", "labeledLatLngs": [{"label": "display", "lat": 1.2987027451258903, "lng": 103.83904734366097}], "postalCode": "239528"}, "categories": [{"icon": {"prefix": "https://ss3.4sqi.net/img/categories_v2/food/vietnamese_", "suffix": ".png"}, "name": "Vietnamese Restaurant", "id": "4bf58dd8d48988d14a941735", "pluralName": "Vietnamese Restaurants", "primary": true, "shortName": "Vietnamese"}], "verified": false, "contact": {"formattedPhone": "+65 6732 8032", "phone": "+6567328032"}, "allowMenuUrlEdit": true, "stats": {"tipCount": 19, "usersCount": 807, "checkinsCount": 1246}, "id": "4b62ddcbf964a52053562ae3", "name": "The Orange Lantern", "beenHere": {"lastCheckinExpiredAt": 0}}, "suffix": "/VOYRZKXDNODX3Z4XD4LHMW5Y0AEVAM1PUC3BXBFQHXN5ZUOY.jpg", "visibility": "public"}], "count": 8}, "totalCount": 8}}