{"meta": {"code": 200, "requestId": "595b17c0dd57972d491a5d80"}, "notifications": [{"item": {"unreadCount": 0}, "type": "notificationTray"}], "response": {"photos": {"items": [{"height": 720, "source": {"url": "https://foursquare.com/download/#/iphone", "name": "Foursquare for iOS"}, "tip": {"agreeCount": 0, "canonicalUrl": "https://foursquare.com/item/4d45164bbbb1a143a4c54e72", "todo": {"count": 0}, "logView": true, "disagreeCount": 0, "createdAt": 1296373323, "id": "4d45164bbbb1a143a4c54e72", "text": "Use metallic straw and broken cups... Does NOT feel clean!!!", "likes": {"groups": [], "count": 0}, "like": false, "type": "user"}, "width": 537, "prefix": "https://igx.4sqi.net/img/general/", "createdAt": 1296373328, "id": "4d4516501005a3401f2d65f5", "venue": {"closed": true, "like": false, "location": {"formattedAddress": ["#01-116, VivoCity (1 HarbourFront Walk)", "098585", "Singapore"], "city": "Singapore", "lng": 103.82213271036258, "cc": "SG", "country": "Singapore", "crossStreet": "1 HarbourFront Walk", "lat": 1.2633149726183077, "address": "#01-116, VivoCity", "labeledLatLngs": [{"label": "display", "lat": 1.2633149726183077, "lng": 103.82213271036258}], "postalCode": "098585"}, "categories": [{"icon": {"prefix": "https://ss3.4sqi.net/img/categories_v2/food/dessert_", "suffix": ".png"}, "name": "Dessert Shop", "id": "4bf58dd8d48988d1d0941735", "pluralName": "Dessert Shops", "primary": true, "shortName": "Desserts"}], "verified": false, "contact": {"formattedPhone": "+65 6278 4218", "phone": "+6562784218"}, "allowMenuUrlEdit": true, "stats": {"tipCount": 58, "usersCount": 3991, "checkinsCount": 5291}, "id": "4b5af251f964a520a2db28e3", "name": "Max Brenner Chocolate Bar", "beenHere": {"lastCheckinExpiredAt": 0}}, "suffix": "/XAQYARJWT1JD0TS3PGXBZL3EQAZDGEKO4JGJQZW3DCHIJ3PR.jpg", "visibility": "public"}, {"height": 720, "source": {"url": "https://foursquare.com/download/#/iphone", "name": "Foursquare for iOS"}, "tip": {"agreeCount": 0, "canonicalUrl": "https://foursquare.com/item/4d3036fe82fd5481cbdbb0a8", "todo": {"count": 0}, "logView": true, "disagreeCount": 0, "createdAt": 1295005438, "id": "4d3036fe82fd5481cbdbb0a8", "text": "Open bar until 11PM for grand opening! Only today!!", "likes": {"groups": [], "count": 0}, "like": false, "type": "user"}, "width": 537, "prefix": "https://igx.4sqi.net/img/general/", "createdAt": 1295005473, "id": "4d30372173eba3407da58b55", "venue": {"location": {"formattedAddress": ["L1-85 Bay Level, The Shoppes at Marina Bay Sands (Bayfront Ave)", "018972", "Singapore"], "city": "Singapore", "lng": 103.85880073319325, "cc": "SG", "country": "Singapore", "lat": 1.2848881001969819, "address": "L1-85 Bay Level, The Shoppes at Marina Bay Sands", "crossStreet": "Bayfront Ave", "postalCode": "018972"}, "contact": {"formattedPhone": "+65 6688 7600", "phone": "+6566887600"}, "verified": false, "allowMenuUrlEdit": true, "stats": {"tipCount": 31, "usersCount": 1349, "checkinsCount": 2335}, "id": "4cfe59057f2db1f719d33cd4", "url": "http://www.southcoast.com.sg", "closed": true, "like": false, "categories": [{"icon": {"prefix": "https://ss3.4sqi.net/img/categories_v2/food/australian_", "suffix": ".png"}, "name": "Australian Restaurant", "id": "4bf58dd8d48988d169941735", "pluralName": "Australian Restaurants", "primary": true, "shortName": "Australian"}], "beenHere": {"lastCheckinExpiredAt": 0}, "name": "South Coast"}, "suffix": "/HI24OQFKQI0QJL14NGBQYUZIITOSUZG20CDSJ0YSE4OONUB3.jpg", "visibility": "public"}], "count": 2}, "totalCount": 2}}