{"meta": {"code": 200, "requestId": "595aebc4351e3d64b297d92a"}, "notifications": [{"item": {"unreadCount": 0}, "type": "notificationTray"}], "response": {"photos": {"items": [{"height": 540, "source": {"url": "https://foursquare.com/download/#/android", "name": "Foursquare for Android"}, "width": 720, "prefix": "https://igx.4sqi.net/img/general/", "createdAt": 1332458461, "id": "4f6bb3dde4b0f577d0494362", "venue": {"venueRatingBlacklisted": true, "like": false, "location": {"formattedAddress": ["26 kallang ave", "339339", "Singapore"], "city": "Singapore", "lng": 103.86463841187658, "cc": "SG", "country": "Singapore", "lat": 1.3153279962290128, "address": "26 kallang ave", "labeledLatLngs": [{"label": "display", "lat": 1.3153279962290128, "lng": 103.86463841187658}], "postalCode": "339339"}, "categories": [{"icon": {"prefix": "https://ss3.4sqi.net/img/categories_v2/building/default_", "suffix": ".png"}, "name": "Office", "id": "4bf58dd8d48988d124941735", "pluralName": "Offices", "primary": true, "shortName": "Office"}], "verified": false, "contact": {}, "beenHere": {"lastCheckinExpiredAt": 0}, "stats": {"tipCount": 0, "usersCount": 7, "checkinsCount": 138}, "id": "4de7693bc65b4e07dafeabf0", "name": "International press softcom"}, "suffix": "/PAa6V4F_YxDY5offOTtQoZquKjinptIZzXkvSrSC7dc.jpg", "visibility": "public"}, {"height": 540, "source": {"url": "https://foursquare.com/download/#/android", "name": "Foursquare for Android"}, "width": 720, "prefix": "https://igx.4sqi.net/img/general/", "createdAt": 1324390312, "id": "4ef097a89a52cecf4318c4e5", "venue": {"like": false, "location": {"formattedAddress": ["120 Hougang Ave 2", "538858", "Singapore"], "city": "Singapore", "lng": 103.88433963060379, "cc": "SG", "country": "Singapore", "lat": 1.3685876875211314, "address": "120 Hougang Ave 2", "labeledLatLngs": [{"label": "display", "lat": 1.3685876875211314, "lng": 103.88433963060379}], "postalCode": "538858"}, "categories": [{"icon": {"prefix": "https://ss3.4sqi.net/img/categories_v2/shops/gas_", "suffix": ".png"}, "name": "Gas Station", "id": "4bf58dd8d48988d113951735", "pluralName": "Gas Stations", "primary": true, "shortName": "Gas Station"}], "verified": false, "contact": {}, "allowMenuUrlEdit": true, "stats": {"tipCount": 7, "usersCount": 563, "checkinsCount": 2183}, "id": "4bff5f4f369476b0fec78d1f", "name": "SPC", "beenHere": {"lastCheckinExpiredAt": 0}}, "suffix": "/5JXC1SEP4AXUSWWHCBDXV2NBXZTCDANS5GJPXD3SVSKG5AVU.jpg", "visibility": "public"}, {"height": 540, "source": {"url": "https://foursquare.com/download/#/android", "name": "Foursquare for Android"}, "width": 720, "prefix": "https://igx.4sqi.net/img/general/", "createdAt": 1322818280, "id": "4ed89ae8b8f7fcd03e0ae867", "venue": {"venueRatingBlacklisted": true, "like": false, "location": {"city": "Hougang", "lng": 103.88438985223405, "cc": "SG", "country": "Singapore", "lat": 1.357785002529626, "address": "Hougang St 21", "labeledLatLngs": [{"label": "display", "lat": 1.357785002529626, "lng": 103.88438985223405}], "formattedAddress": ["Hougang St 21", "Singapore"]}, "categories": [{"icon": {"prefix": "https://ss3.4sqi.net/img/categories_v2/building/default_", "suffix": ".png"}, "name": "Building", "id": "4bf58dd8d48988d130941735", "pluralName": "Buildings", "primary": true, "shortName": "Building"}], "verified": false, "contact": {}, "beenHere": {"lastCheckinExpiredAt": 0}, "stats": {"tipCount": 0, "usersCount": 37, "checkinsCount": 346}, "id": "4cccda24d4bd952112bad6f1", "name": "\u5927\u4e95\u811a Da Jing Jiao"}, "suffix": "/U0MTGWCRQ1XQYWGLZXF2EWX4G1NFGYLONIQ55K3X04U4M4UH.jpg", "visibility": "public"}, {"height": 540, "source": {"url": "https://foursquare.com/download/#/android", "name": "Foursquare for Android"}, "width": 720, "prefix": "https://igx.4sqi.net/img/general/", "createdAt": 1322564995, "id": "4ed4bd839adf3fc7af0edb87", "venue": {"like": false, "location": {"lng": 103.87620126465445, "cc": "SG", "country": "Singapore", "lat": 1.3522302096255543, "address": "Blk 2 Lorong Liew Lian", "labeledLatLngs": [{"label": "display", "lat": 1.3522302096255543, "lng": 103.87620126465445}], "formattedAddress": ["Blk 2 Lorong Liew Lian", "Singapore"]}, "categories": [{"icon": {"prefix": "https://ss3.4sqi.net/img/categories_v2/food/asian_", "suffix": ".png"}, "name": "Chinese Restaurant", "id": "4bf58dd8d48988d145941735", "pluralName": "Chinese Restaurants", "primary": true, "shortName": "Chinese"}], "verified": false, "contact": {}, "allowMenuUrlEdit": true, "stats": {"tipCount": 1, "usersCount": 151, "checkinsCount": 314}, "id": "4be6167b2457a593dc7dac15", "name": "Kopi Tiam @ Lor Liew Lian", "beenHere": {"lastCheckinExpiredAt": 0}}, "suffix": "/YJB4OEQGEF1BWK5YR5J2DTNQFN12ZEN1KP3INWDIHSJXPJ3O.jpg", "visibility": "public"}, {"height": 540, "source": {"url": "https://foursquare.com/download/#/android", "name": "Foursquare for Android"}, "width": 720, "prefix": "https://igx.4sqi.net/img/general/", "createdAt": 1322545438, "id": "4ed4711e9a52627d03ce6866", "venue": {"venueRatingBlacklisted": true, "like": false, "location": {"formattedAddress": ["2 Lorong Lew Lian #01-50 (Singapore)", "531002", "Singapore"], "city": "Singapore", "lng": 103.87577089604964, "cc": "SG", "country": "Singapore", "lat": 1.3504406488689307, "address": "2 Lorong Lew Lian #01-50", "crossStreet": "Singapore", "postalCode": "531002"}, "categories": [{"icon": {"prefix": "https://ss3.4sqi.net/img/categories_v2/building/medical_doctorsoffice_", "suffix": ".png"}, "name": "Doctor's Office", "id": "4bf58dd8d48988d177941735", "pluralName": "Doctor's Offices", "primary": true, "shortName": "Doctor's Office"}], "verified": false, "contact": {"formattedPhone": "+65 6280 3009", "phone": "+6562803009"}, "allowMenuUrlEdit": true, "stats": {"tipCount": 2, "usersCount": 78, "checkinsCount": 156}, "id": "4cede6c182125481be1762a1", "name": "Drs Lim & Chan Clinic", "beenHere": {"lastCheckinExpiredAt": 0}}, "suffix": "/XFLVA2MG35FQCVTR3VZ5CPI0JO2PUQ0ZB3RN4BS4QMRB1AXW.jpg", "visibility": "public"}, {"height": 540, "source": {"url": "https://foursquare.com/download/#/android", "name": "Foursquare for Android"}, "width": 720, "prefix": "https://igx.4sqi.net/img/general/", "createdAt": 1321678424, "id": "4ec73658b8f758db73eef0fb", "venue": {"venueRatingBlacklisted": true, "like": false, "location": {"isFuzzed": true, "cc": "SG", "country": "Singapore", "lat": 1.3036109157347784, "lng": 103.75788150296347, "formattedAddress": ["120702", "Singapore"]}, "categories": [{"icon": {"prefix": "https://ss3.4sqi.net/img/categories_v2/building/home_", "suffix": ".png"}, "name": "Home (private)", "id": "4bf58dd8d48988d103941735", "pluralName": "Homes (private)", "primary": true, "shortName": "Home"}], "verified": false, "contact": {}, "beenHere": {"lastCheckinExpiredAt": 0}, "stats": {"tipCount": 4, "usersCount": 2, "checkinsCount": 157}, "id": "4cb09ee6b4b0a35dbde64ace", "name": "Peiyun's Home <3"}, "suffix": "/5W5XGBLC3ZZTYWSZ4CDFUEN2AOKW3MGTPS42UAPEY4PAQDLV.jpg", "visibility": "public"}, {"height": 540, "source": {"url": "https://foursquare.com/download/#/android", "name": "Foursquare for Android"}, "width": 720, "prefix": "https://igx.4sqi.net/img/general/", "createdAt": 1321675264, "id": "4ec72a0030f8b09c0ba329e9", "venue": {"like": false, "location": {"formattedAddress": ["100 Hougang Ave 2", "538856", "Singapore"], "city": "Singapore", "lng": 103.8862643490408, "cc": "SG", "country": "Singapore", "lat": 1.3695769605232762, "address": "100 Hougang Ave 2", "labeledLatLngs": [{"label": "display", "lat": 1.3695769605232762, "lng": 103.8862643490408}], "postalCode": "538856"}, "categories": [{"icon": {"prefix": "https://ss3.4sqi.net/img/categories_v2/arts_entertainment/stadium_", "suffix": ".png"}, "name": "Stadium", "id": "4bf58dd8d48988d184941735", "pluralName": "Stadiums", "primary": true, "shortName": "Stadium"}], "verified": false, "contact": {}, "beenHere": {"lastCheckinExpiredAt": 0}, "stats": {"tipCount": 9, "usersCount": 1822, "checkinsCount": 4409}, "id": "4bbdae5c4e069c74bef89ee3", "name": "Hougang Stadium"}, "suffix": "/PCO1VG2MS1ADBO1EVZ3FVF1BFPJ013IU5LWA5Y4IQ2BZFCJW.jpg", "visibility": "public"}, {"height": 540, "source": {"url": "https://foursquare.com/download/#/android", "name": "Foursquare for Android"}, "width": 720, "prefix": "https://igx.4sqi.net/img/general/", "createdAt": 1320648719, "id": "4eb7800fb634a0486107b652", "venue": {"like": false, "location": {"formattedAddress": ["100 Hougang Ave 2", "538856", "Singapore"], "city": "Singapore", "lng": 103.8862643490408, "cc": "SG", "country": "Singapore", "lat": 1.3695769605232762, "address": "100 Hougang Ave 2", "labeledLatLngs": [{"label": "display", "lat": 1.3695769605232762, "lng": 103.8862643490408}], "postalCode": "538856"}, "categories": [{"icon": {"prefix": "https://ss3.4sqi.net/img/categories_v2/arts_entertainment/stadium_", "suffix": ".png"}, "name": "Stadium", "id": "4bf58dd8d48988d184941735", "pluralName": "Stadiums", "primary": true, "shortName": "Stadium"}], "verified": false, "contact": {}, "beenHere": {"lastCheckinExpiredAt": 0}, "stats": {"tipCount": 9, "usersCount": 1822, "checkinsCount": 4409}, "id": "4bbdae5c4e069c74bef89ee3", "name": "Hougang Stadium"}, "suffix": "/EMYQBZDSZOYOWPKTDVVSPBKKMHNR0WYKKUNXEDM30QC1HUNQ.jpg", "visibility": "public"}, {"height": 540, "source": {"url": "https://foursquare.com/download/#/android", "name": "Foursquare for Android"}, "width": 720, "prefix": "https://igx.4sqi.net/img/general/", "createdAt": 1320492281, "id": "4eb51cf9823131626f18d5c9", "venue": {"closed": true, "like": false, "location": {"formattedAddress": ["#04-04 Bugis+ (201 Victoria St)", "188067", "Singapore"], "city": "Singapore", "lng": 103.85474677971213, "cc": "SG", "country": "Singapore", "lat": 1.2997070663656636, "address": "#04-04 Bugis+", "crossStreet": "201 Victoria St", "postalCode": "188067"}, "categories": [{"icon": {"prefix": "https://ss3.4sqi.net/img/categories_v2/food/korean_", "suffix": ".png"}, "name": "Korean Restaurant", "id": "4bf58dd8d48988d113941735", "pluralName": "Korean Restaurants", "primary": true, "shortName": "Korean"}], "verified": false, "contact": {"formattedPhone": "+65 6509 8900", "phone": "+6565098900"}, "allowMenuUrlEdit": true, "stats": {"tipCount": 9, "usersCount": 523, "checkinsCount": 590}, "id": "4d108c6e9302a35d409f7b6e", "name": "Chang Korean Barbecue", "beenHere": {"lastCheckinExpiredAt": 0}}, "suffix": "/AMZ4TUC1XSXFNS5IFMEXB4XWB53UZ2YEE3PQLEQPRMHD4BK5.jpg", "visibility": "public"}, {"height": 540, "source": {"url": "https://foursquare.com/download/#/android", "name": "Foursquare for Android"}, "width": 720, "prefix": "https://igx.4sqi.net/img/general/", "createdAt": 1320398024, "id": "4eb3acc8775b544c268293c7", "venue": {"like": false, "location": {"formattedAddress": ["#05-02, City Plaza (810 Geylang Rd)", "409286", "Singapore"], "city": "Singapore", "lng": 103.89336794614792, "cc": "SG", "country": "Singapore", "crossStreet": "810 Geylang Rd", "lat": 1.3147115200082067, "address": "#05-02, City Plaza", "labeledLatLngs": [{"label": "display", "lat": 1.3147115200082067, "lng": 103.89336794614792}], "postalCode": "409286"}, "categories": [{"icon": {"prefix": "https://ss3.4sqi.net/img/categories_v2/food/ramen_", "suffix": ".png"}, "name": "Noodle House", "id": "4bf58dd8d48988d1d1941735", "pluralName": "Noodle Houses", "primary": true, "shortName": "Noodles"}], "verified": false, "contact": {}, "allowMenuUrlEdit": true, "stats": {"tipCount": 47, "usersCount": 1389, "checkinsCount": 3052}, "id": "4cb43c72eb65b1f7af5988cd", "name": "Poon Nah City Home Made Noodle", "beenHere": {"lastCheckinExpiredAt": 0}}, "suffix": "/QXTUHM2GAZ2P2SBRI5YFBVA0MSKMZDXSC2B122QDNVGE5W0N.jpg", "visibility": "public"}, {"height": 540, "source": {"url": "https://foursquare.com/download/#/android", "name": "Foursquare for Android"}, "width": 720, "prefix": "https://igx.4sqi.net/img/general/", "createdAt": 1319849925, "id": "4eab4fc59adfbd5e5d7d85ac", "venue": {"like": false, "location": {"lng": 103.87620126465445, "cc": "SG", "country": "Singapore", "lat": 1.3522302096255543, "address": "Blk 2 Lorong Liew Lian", "labeledLatLngs": [{"label": "display", "lat": 1.3522302096255543, "lng": 103.87620126465445}], "formattedAddress": ["Blk 2 Lorong Liew Lian", "Singapore"]}, "categories": [{"icon": {"prefix": "https://ss3.4sqi.net/img/categories_v2/food/asian_", "suffix": ".png"}, "name": "Chinese Restaurant", "id": "4bf58dd8d48988d145941735", "pluralName": "Chinese Restaurants", "primary": true, "shortName": "Chinese"}], "verified": false, "contact": {}, "allowMenuUrlEdit": true, "stats": {"tipCount": 1, "usersCount": 151, "checkinsCount": 314}, "id": "4be6167b2457a593dc7dac15", "name": "Kopi Tiam @ Lor Liew Lian", "beenHere": {"lastCheckinExpiredAt": 0}}, "suffix": "/W2FSQEPMSUD4KRJDXVLJULISCOLWLS1SNJAOCMBIQXIWJAMN.jpg", "visibility": "public"}, {"height": 540, "source": {"url": "https://foursquare.com/download/#/android", "name": "Foursquare for Android"}, "width": 720, "prefix": "https://igx.4sqi.net/img/general/", "createdAt": 1319849898, "id": "4eab4faa7ee5cd8bcdd8b8cd", "venue": {"like": false, "location": {"lng": 103.87620126465445, "cc": "SG", "country": "Singapore", "lat": 1.3522302096255543, "address": "Blk 2 Lorong Liew Lian", "labeledLatLngs": [{"label": "display", "lat": 1.3522302096255543, "lng": 103.87620126465445}], "formattedAddress": ["Blk 2 Lorong Liew Lian", "Singapore"]}, "categories": [{"icon": {"prefix": "https://ss3.4sqi.net/img/categories_v2/food/asian_", "suffix": ".png"}, "name": "Chinese Restaurant", "id": "4bf58dd8d48988d145941735", "pluralName": "Chinese Restaurants", "primary": true, "shortName": "Chinese"}], "verified": false, "contact": {}, "allowMenuUrlEdit": true, "stats": {"tipCount": 1, "usersCount": 151, "checkinsCount": 314}, "id": "4be6167b2457a593dc7dac15", "name": "Kopi Tiam @ Lor Liew Lian", "beenHere": {"lastCheckinExpiredAt": 0}}, "suffix": "/W2FSQEPMSUD4KRJDXVLJULISCOLWLS1SNJAOCMBIQXIWJAMN.jpg", "visibility": "public"}, {"height": 540, "source": {"url": "https://foursquare.com/download/#/android", "name": "Foursquare for Android"}, "width": 720, "prefix": "https://igx.4sqi.net/img/general/", "createdAt": 1319717867, "id": "4ea94bebb8f7d2a521cf1993", "venue": {"venueRatingBlacklisted": true, "like": false, "location": {"formattedAddress": ["2 Lorong Lew Lian #01-50 (Singapore)", "531002", "Singapore"], "city": "Singapore", "lng": 103.87577089604964, "cc": "SG", "country": "Singapore", "lat": 1.3504406488689307, "address": "2 Lorong Lew Lian #01-50", "crossStreet": "Singapore", "postalCode": "531002"}, "categories": [{"icon": {"prefix": "https://ss3.4sqi.net/img/categories_v2/building/medical_doctorsoffice_", "suffix": ".png"}, "name": "Doctor's Office", "id": "4bf58dd8d48988d177941735", "pluralName": "Doctor's Offices", "primary": true, "shortName": "Doctor's Office"}], "verified": false, "contact": {"formattedPhone": "+65 6280 3009", "phone": "+6562803009"}, "allowMenuUrlEdit": true, "stats": {"tipCount": 2, "usersCount": 78, "checkinsCount": 156}, "id": "4cede6c182125481be1762a1", "name": "Drs Lim & Chan Clinic", "beenHere": {"lastCheckinExpiredAt": 0}}, "suffix": "/ZX2AHGOQINMUUY3A3JCMZ5THKMZ0XKLCONMHBGWHGYIDUWXP.jpg", "visibility": "public"}, {"height": 540, "source": {"url": "https://foursquare.com/download/#/android", "name": "Foursquare for Android"}, "width": 720, "prefix": "https://igx.4sqi.net/img/general/", "createdAt": 1319618479, "id": "4ea7c7afb8f7ff211a97bdce", "venue": {"like": false, "location": {"lng": 103.88085612762724, "cc": "SG", "country": "Singapore", "lat": 1.3149084226312817, "address": "Lor21A Geylang", "labeledLatLngs": [{"label": "display", "lat": 1.3149084226312817, "lng": 103.88085612762724}], "formattedAddress": ["Lor21A Geylang", "Singapore"]}, "categories": [{"icon": {"prefix": "https://ss3.4sqi.net/img/categories_v2/food/asian_", "suffix": ".png"}, "name": "Chinese Restaurant", "id": "4bf58dd8d48988d145941735", "pluralName": "Chinese Restaurants", "primary": true, "shortName": "Chinese"}], "verified": false, "contact": {}, "allowMenuUrlEdit": true, "stats": {"tipCount": 0, "usersCount": 36, "checkinsCount": 60}, "id": "4bce7b1929d4b713adbfa8dc", "name": "Lor29 Ah Soon Charcoal Fried Hokkien Mee", "beenHere": {"lastCheckinExpiredAt": 0}}, "suffix": "/3MDJWYASQ3UQGRUKDY5EN2NWL11VAE0Z4T1RIO0MCGQQBFQZ.jpg", "visibility": "public"}, {"height": 720, "source": {"url": "https://foursquare.com/download/#/android", "name": "Foursquare for Android"}, "width": 540, "prefix": "https://igx.4sqi.net/img/general/", "createdAt": 1319262233, "id": "4ea258199a527d651707fe56", "venue": {"like": false, "location": {"formattedAddress": ["100 Hougang Ave 2", "538856", "Singapore"], "city": "Singapore", "lng": 103.8862643490408, "cc": "SG", "country": "Singapore", "lat": 1.3695769605232762, "address": "100 Hougang Ave 2", "labeledLatLngs": [{"label": "display", "lat": 1.3695769605232762, "lng": 103.8862643490408}], "postalCode": "538856"}, "categories": [{"icon": {"prefix": "https://ss3.4sqi.net/img/categories_v2/arts_entertainment/stadium_", "suffix": ".png"}, "name": "Stadium", "id": "4bf58dd8d48988d184941735", "pluralName": "Stadiums", "primary": true, "shortName": "Stadium"}], "verified": false, "contact": {}, "beenHere": {"lastCheckinExpiredAt": 0}, "stats": {"tipCount": 9, "usersCount": 1822, "checkinsCount": 4409}, "id": "4bbdae5c4e069c74bef89ee3", "name": "Hougang Stadium"}, "suffix": "/G3LRLH44IHHMGVWYT2D4NQKMFHWTFZMKJYK5X4N2BVSVBRKF.jpg", "visibility": "public"}, {"height": 540, "source": {"url": "https://foursquare.com/download/#/android", "name": "Foursquare for Android"}, "width": 720, "prefix": "https://igx.4sqi.net/img/general/", "createdAt": 1317980494, "id": "4e8ec94ef5b90ec6782d44cf", "venue": {"venueRatingBlacklisted": true, "like": false, "location": {"isFuzzed": true, "cc": "SG", "country": "Singapore", "lat": 1.3684075689779307, "lng": 103.8969993116564, "formattedAddress": ["Singapore"]}, "categories": [{"icon": {"prefix": "https://ss3.4sqi.net/img/categories_v2/building/home_", "suffix": ".png"}, "name": "Home (private)", "id": "4bf58dd8d48988d103941735", "pluralName": "Homes (private)", "primary": true, "shortName": "Home"}], "verified": false, "contact": {}, "beenHere": {"lastCheckinExpiredAt": 0}, "stats": {"tipCount": 0, "usersCount": 11, "checkinsCount": 17}, "id": "4d2012cf5c4ca1cd07739e3d", "name": "Blk 805, Foodpark Hougang"}, "suffix": "/303JMQZYJETNR0ZFJBJWSCFZQVYCQCKPEDH2MHNCTBSLTUTN.jpg", "visibility": "public"}, {"height": 540, "source": {"url": "https://foursquare.com/download/#/android", "name": "Foursquare for Android"}, "width": 720, "prefix": "https://igx.4sqi.net/img/general/", "createdAt": 1315559674, "id": "4e69d8fa18a83989ec32a03b", "venue": {"url": "http://www.foodjunction.com", "like": false, "location": {"formattedAddress": ["#03-30 Bugis Junction (200 Victoria St)", "188021", "Singapore"], "city": "Singapore", "lng": 103.85544885239165, "cc": "SG", "country": "Singapore", "crossStreet": "200 Victoria St", "lat": 1.2989264967211598, "address": "#03-30 Bugis Junction", "labeledLatLngs": [{"label": "display", "lat": 1.2989264967211598, "lng": 103.85544885239165}], "postalCode": "188021"}, "categories": [{"icon": {"prefix": "https://ss3.4sqi.net/img/categories_v2/shops/food_foodcourt_", "suffix": ".png"}, "name": "Food Court", "id": "4bf58dd8d48988d120951735", "pluralName": "Food Courts", "primary": true, "shortName": "Food Court"}], "verified": false, "contact": {}, "allowMenuUrlEdit": true, "stats": {"tipCount": 90, "usersCount": 6207, "checkinsCount": 10085}, "id": "4b860f2ef964a520ec7e31e3", "name": "Food Junction", "beenHere": {"lastCheckinExpiredAt": 0}}, "suffix": "/T2XUXW0LCVBSP4GWSYMQRDWEBJ2TDMUITNY0WHMB40W0CWZX.jpg", "visibility": "public"}, {"height": 480, "source": {"url": "https://foursquare.com/download/#/android", "name": "Foursquare for Android"}, "width": 640, "prefix": "https://igx.4sqi.net/img/general/", "createdAt": 1314502971, "id": "4e59b93b52b1b78b81a1b0a4", "venue": {"like": false, "location": {"city": "Singapore", "lng": 103.88605481186687, "cc": "SG", "country": "Singapore", "lat": 1.3747502426871836, "address": "Blk 685 Hougang Street 61", "labeledLatLngs": [{"label": "display", "lat": 1.3747502426871836, "lng": 103.88605481186687}], "formattedAddress": ["Blk 685 Hougang Street 61", "Singapore"]}, "categories": [{"icon": {"prefix": "https://ss3.4sqi.net/img/categories_v2/shops/departmentstore_", "suffix": ".png"}, "name": "Department Store", "id": "4bf58dd8d48988d1f6941735", "pluralName": "Department Stores", "primary": true, "shortName": "Department Store"}], "verified": false, "contact": {}, "allowMenuUrlEdit": true, "stats": {"tipCount": 2, "usersCount": 44, "checkinsCount": 183}, "id": "4c6f94d1d274b60c2a16d70d", "name": "Tong Aik Departmental Store", "beenHere": {"lastCheckinExpiredAt": 0}}, "suffix": "/PBFQHWIIRKNZRNNPVIQHHTJER1QOHNG1UAYRW11BKI4NGP5F.jpg", "visibility": "public"}, {"height": 480, "source": {"url": "https://foursquare.com/download/#/android", "name": "Foursquare for Android"}, "tip": {"agreeCount": 0, "canonicalUrl": "https://foursquare.com/item/4e000e67d22d5ec6f27746ce", "todo": {"count": 0}, "logView": true, "disagreeCount": 0, "createdAt": 1308626535, "id": "4e000e67d22d5ec6f27746ce", "text": "The porridge still the best", "likes": {"groups": [], "count": 0}, "like": false, "type": "user"}, "width": 640, "prefix": "https://igx.4sqi.net/img/general/", "createdAt": 1308626543, "id": "4e000e6f40a3e39da6c336a5", "venue": {"like": false, "location": {"formattedAddress": ["685 Hougang Street 61. #01-150. (Hougang Avenue 4)", "530685", "Singapore"], "city": "Singapore", "lng": 103.88560175961666, "cc": "SG", "country": "Singapore", "crossStreet": "Hougang Avenue 4", "lat": 1.3748809230947088, "address": "685 Hougang Street 61. #01-150.", "labeledLatLngs": [{"label": "display", "lat": 1.3748809230947088, "lng": 103.88560175961666}], "postalCode": "530685"}, "categories": [{"icon": {"prefix": "https://ss3.4sqi.net/img/categories_v2/food/breakfast_", "suffix": ".png"}, "name": "Breakfast Spot", "id": "4bf58dd8d48988d143941735", "pluralName": "Breakfast Spots", "primary": true, "shortName": "Breakfast"}], "verified": false, "contact": {}, "allowMenuUrlEdit": true, "stats": {"tipCount": 42, "usersCount": 1479, "checkinsCount": 4915}, "id": "4deec3ce887754a6af83c3eb", "name": "Sin Heng Kee Porridge", "beenHere": {"lastCheckinExpiredAt": 0}}, "suffix": "/AGVE1ONSBY31VA41T3YI1YR1LZJX20IJV5DIEAE3GY2JMXCN.jpg", "visibility": "public"}, {"height": 480, "source": {"url": "https://foursquare.com/download/#/android", "name": "Foursquare for Android"}, "width": 640, "prefix": "https://igx.4sqi.net/img/general/", "createdAt": 1307868935, "id": "4df47f07fd286d19d4bf0828", "venue": {"venueRatingBlacklisted": true, "like": false, "location": {"city": "Singaporr", "isFuzzed": true, "cc": "SG", "country": "Singapore", "lat": 1.3684760529648932, "lng": 103.885400718162, "formattedAddress": ["Hougang ave 8", "Singapore"]}, "categories": [{"icon": {"prefix": "https://ss3.4sqi.net/img/categories_v2/building/home_", "suffix": ".png"}, "name": "Home (private)", "id": "4bf58dd8d48988d103941735", "pluralName": "Homes (private)", "primary": true, "shortName": "Home"}], "verified": false, "contact": {}, "beenHere": {"lastCheckinExpiredAt": 0}, "stats": {"tipCount": 1, "usersCount": 35, "checkinsCount": 205}, "id": "4d10d0afd21db60ceb662c18", "name": "Blk 613 Hougang Ave 8"}, "suffix": "/D0ZNHA4WOPKZXS55DNW01KVORDERYX5AXG110QZUEFAVIV1X.jpg", "visibility": "public"}, {"height": 540, "source": {"url": "https://foursquare.com/download/#/android", "name": "Foursquare for Android"}, "width": 720, "prefix": "https://igx.4sqi.net/img/general/", "createdAt": 1307573671, "id": "4deffda740a3bb296e2a8d64", "venue": {"venueRatingBlacklisted": true, "like": false, "location": {"formattedAddress": ["26 kallang ave", "339339", "Singapore"], "city": "Singapore", "lng": 103.86463841187658, "cc": "SG", "country": "Singapore", "lat": 1.3153279962290128, "address": "26 kallang ave", "labeledLatLngs": [{"label": "display", "lat": 1.3153279962290128, "lng": 103.86463841187658}], "postalCode": "339339"}, "categories": [{"icon": {"prefix": "https://ss3.4sqi.net/img/categories_v2/building/default_", "suffix": ".png"}, "name": "Office", "id": "4bf58dd8d48988d124941735", "pluralName": "Offices", "primary": true, "shortName": "Office"}], "verified": false, "contact": {}, "beenHere": {"lastCheckinExpiredAt": 0}, "stats": {"tipCount": 0, "usersCount": 7, "checkinsCount": 138}, "id": "4de7693bc65b4e07dafeabf0", "name": "International press softcom"}, "suffix": "/XRPFVMZPXUMZHOZWIT3HUA243EWUNXRQXURIE1CJJ2KDGHOU.jpg", "visibility": "public"}], "count": 21}, "totalCount": 21}}