{"response": {"totalCount": 24, "photos": {"count": 24, "items": [{"width": 1440, "visibility": "public", "createdAt": 1368502991, "id": "5191b2cf498e273e47048e84", "source": {"name": "Foursquare for iOS", "url": "https://foursquare.com/download/#/iphone"}, "prefix": "https://igx.4sqi.net/img/general/", "suffix": "/10022056_pESc0uWUQWc1tGRb--EGD2v6aSFQi4RyWI-AP3kq2Y0.jpg", "venue": {"contact": {}, "name": "By Korea", "categories": [{"name": "Korean Restaurant", "shortName": "Korean", "primary": true, "icon": {"prefix": "https://ss3.4sqi.net/img/categories_v2/food/korean_", "suffix": ".png"}, "id": "4bf58dd8d48988d113941735", "pluralName": "Korean Restaurants"}], "beenHere": {"lastCheckinExpiredAt": 0}, "stats": {"checkinsCount": 1009, "tipCount": 12, "usersCount": 513}, "verified": false, "id": "4bb9c2cd3db7b713a57c229a", "location": {"country": "Australia", "formattedAddress": ["222 La Trobe Street", "Melbourne VIC 3000", "Australia"], "cc": "AU", "lat": -37.809881950000005, "labeledLatLngs": [{"lng": 144.962898, "lat": -37.809881950000005, "label": "display"}], "postalCode": "3000", "address": "222 La Trobe Street", "lng": 144.962898, "city": "Melbourne", "state": "VIC"}, "like": false, "allowMenuUrlEdit": true}, "height": 1920}, {"width": 1440, "visibility": "public", "createdAt": 1367390275, "id": "5180b843498e994dbe2cbe5b", "source": {"name": "Foursquare for iOS", "url": "https://foursquare.com/download/#/iphone"}, "prefix": "https://igx.4sqi.net/img/general/", "suffix": "/10022056_rvrH7WKA5Rd7mHgfmEZwIXZGnnlyedLe2ga30BVgxkA.jpg", "venue": {"contact": {"phone": "+61396638118", "formattedPhone": "+61 3 9663 8118"}, "venuePage": {"id": "77589107"}, "categories": [{"name": "Japanese Restaurant", "shortName": "Japanese", "primary": true, "icon": {"prefix": "https://ss3.4sqi.net/img/categories_v2/food/japanese_", "suffix": ".png"}, "id": "4bf58dd8d48988d111941735", "pluralName": "Japanese Restaurants"}], "stats": {"checkinsCount": 1798, "tipCount": 34, "usersCount": 1018}, "beenHere": {"lastCheckinExpiredAt": 0}, "location": {"country": "Australia", "formattedAddress": ["165 Lonsdale St", "Melbourne VIC 3000", "Australia"], "cc": "AU", "lat": -37.810848, "labeledLatLngs": [{"lng": 144.967448, "lat": -37.810848, "label": "display"}], "postalCode": "3000", "address": "165 Lonsdale St", "lng": 144.967448, "city": "Melbourne", "state": "VIC"}, "like": false, "hasMenu": true, "name": "Izakaya Chuji", "url": "http://www.izakayachuji.com", "allowMenuUrlEdit": true, "menu": {"type": "Menu", "url": "https://foursquare.com/v/izakaya-chuji/4b1c5f4af964a520ad0624e3/menu", "anchor": "View Menu", "mobileUrl": "https://foursquare.com/v/4b1c5f4af964a520ad0624e3/device_menu", "label": "Menu"}, "verified": true, "id": "4b1c5f4af964a520ad0624e3"}, "height": 1920}, {"width": 1440, "visibility": "public", "createdAt": 1367390264, "id": "5180b838498e9d36fb9c48ed", "source": {"name": "Foursquare for iOS", "url": "https://foursquare.com/download/#/iphone"}, "prefix": "https://igx.4sqi.net/img/general/", "suffix": "/10022056_1DSmo4QvUBszVzdsU5y1iab3zDhxqO_-GfMa8bpGZ10.jpg", "venue": {"contact": {"phone": "+61396638118", "formattedPhone": "+61 3 9663 8118"}, "venuePage": {"id": "77589107"}, "categories": [{"name": "Japanese Restaurant", "shortName": "Japanese", "primary": true, "icon": {"prefix": "https://ss3.4sqi.net/img/categories_v2/food/japanese_", "suffix": ".png"}, "id": "4bf58dd8d48988d111941735", "pluralName": "Japanese Restaurants"}], "stats": {"checkinsCount": 1798, "tipCount": 34, "usersCount": 1018}, "beenHere": {"lastCheckinExpiredAt": 0}, "location": {"country": "Australia", "formattedAddress": ["165 Lonsdale St", "Melbourne VIC 3000", "Australia"], "cc": "AU", "lat": -37.810848, "labeledLatLngs": [{"lng": 144.967448, "lat": -37.810848, "label": "display"}], "postalCode": "3000", "address": "165 Lonsdale St", "lng": 144.967448, "city": "Melbourne", "state": "VIC"}, "like": false, "hasMenu": true, "name": "Izakaya Chuji", "url": "http://www.izakayachuji.com", "allowMenuUrlEdit": true, "menu": {"type": "Menu", "url": "https://foursquare.com/v/izakaya-chuji/4b1c5f4af964a520ad0624e3/menu", "anchor": "View Menu", "mobileUrl": "https://foursquare.com/v/4b1c5f4af964a520ad0624e3/device_menu", "label": "Menu"}, "verified": true, "id": "4b1c5f4af964a520ad0624e3"}, "height": 1440}, {"width": 1440, "visibility": "public", "createdAt": 1367390255, "id": "5180b82f498e5f87fd859435", "source": {"name": "Foursquare for iOS", "url": "https://foursquare.com/download/#/iphone"}, "prefix": "https://igx.4sqi.net/img/general/", "suffix": "/10022056_CiIR87wQnDwwG-KZj9tjk1nHUGruvDeMu7_EPctE2zg.jpg", "venue": {"contact": {"phone": "+61396638118", "formattedPhone": "+61 3 9663 8118"}, "venuePage": {"id": "77589107"}, "categories": [{"name": "Japanese Restaurant", "shortName": "Japanese", "primary": true, "icon": {"prefix": "https://ss3.4sqi.net/img/categories_v2/food/japanese_", "suffix": ".png"}, "id": "4bf58dd8d48988d111941735", "pluralName": "Japanese Restaurants"}], "stats": {"checkinsCount": 1798, "tipCount": 34, "usersCount": 1018}, "beenHere": {"lastCheckinExpiredAt": 0}, "location": {"country": "Australia", "formattedAddress": ["165 Lonsdale St", "Melbourne VIC 3000", "Australia"], "cc": "AU", "lat": -37.810848, "labeledLatLngs": [{"lng": 144.967448, "lat": -37.810848, "label": "display"}], "postalCode": "3000", "address": "165 Lonsdale St", "lng": 144.967448, "city": "Melbourne", "state": "VIC"}, "like": false, "hasMenu": true, "name": "Izakaya Chuji", "url": "http://www.izakayachuji.com", "allowMenuUrlEdit": true, "menu": {"type": "Menu", "url": "https://foursquare.com/v/izakaya-chuji/4b1c5f4af964a520ad0624e3/menu", "anchor": "View Menu", "mobileUrl": "https://foursquare.com/v/4b1c5f4af964a520ad0624e3/device_menu", "label": "Menu"}, "verified": true, "id": "4b1c5f4af964a520ad0624e3"}, "height": 1440}, {"width": 1440, "visibility": "public", "createdAt": 1367390241, "id": "5180b821498e5c6fcb00a644", "source": {"name": "Foursquare for iOS", "url": "https://foursquare.com/download/#/iphone"}, "prefix": "https://igx.4sqi.net/img/general/", "suffix": "/10022056_WVyIxsPHd93slorJm2gP4MnPn8FtVMsg9USdUlRvVj0.jpg", "venue": {"contact": {"phone": "+61396638118", "formattedPhone": "+61 3 9663 8118"}, "venuePage": {"id": "77589107"}, "categories": [{"name": "Japanese Restaurant", "shortName": "Japanese", "primary": true, "icon": {"prefix": "https://ss3.4sqi.net/img/categories_v2/food/japanese_", "suffix": ".png"}, "id": "4bf58dd8d48988d111941735", "pluralName": "Japanese Restaurants"}], "stats": {"checkinsCount": 1798, "tipCount": 34, "usersCount": 1018}, "beenHere": {"lastCheckinExpiredAt": 0}, "location": {"country": "Australia", "formattedAddress": ["165 Lonsdale St", "Melbourne VIC 3000", "Australia"], "cc": "AU", "lat": -37.810848, "labeledLatLngs": [{"lng": 144.967448, "lat": -37.810848, "label": "display"}], "postalCode": "3000", "address": "165 Lonsdale St", "lng": 144.967448, "city": "Melbourne", "state": "VIC"}, "like": false, "hasMenu": true, "name": "Izakaya Chuji", "url": "http://www.izakayachuji.com", "allowMenuUrlEdit": true, "menu": {"type": "Menu", "url": "https://foursquare.com/v/izakaya-chuji/4b1c5f4af964a520ad0624e3/menu", "anchor": "View Menu", "mobileUrl": "https://foursquare.com/v/4b1c5f4af964a520ad0624e3/device_menu", "label": "Menu"}, "verified": true, "id": "4b1c5f4af964a520ad0624e3"}, "height": 1440}, {"width": 720, "visibility": "public", "createdAt": 1362561173, "id": "51370895e4b04f725c260cf5", "source": {"name": "Foursquare for iOS", "url": "https://foursquare.com/download/#/iphone"}, "prefix": "https://igx.4sqi.net/img/general/", "suffix": "/10022056_LiT2pyzsabJ8XhWn_XzCqjeruRuWjJrl8tGdULffquI.jpg", "venue": {"contact": {"phone": "+61396637890", "formattedPhone": "+61 3 9663 7890"}, "categories": [{"name": "Tapas Restaurant", "shortName": "Tapas", "primary": true, "icon": {"prefix": "https://ss3.4sqi.net/img/categories_v2/food/tapas_", "suffix": ".png"}, "id": "4bf58dd8d48988d1db931735", "pluralName": "Tapas Restaurants"}], "stats": {"checkinsCount": 793, "tipCount": 34, "usersCount": 591}, "beenHere": {"lastCheckinExpiredAt": 0}, "location": {"country": "Australia", "formattedAddress": ["37 Little Collins St", "Melbourne VIC 3000", "Australia"], "cc": "AU", "lat": -37.812696, "labeledLatLngs": [{"lng": 144.972449, "lat": -37.812696, "label": "display"}], "postalCode": "3000", "address": "37 Little Collins St", "lng": 144.972449, "city": "Melbourne", "state": "VIC"}, "like": false, "hasMenu": true, "name": "Bar Lourinh\u00e3", "url": "http://www.barlourinha.com.au", "allowMenuUrlEdit": true, "menu": {"type": "Menu", "url": "https://foursquare.com/v/bar-lourinh%C3%A3/4b0d1536f964a520ae4323e3/menu", "anchor": "View Menu", "mobileUrl": "https://foursquare.com/v/4b0d1536f964a520ae4323e3/device_menu", "label": "Menu"}, "verified": false, "id": "4b0d1536f964a520ae4323e3"}, "height": 960}, {"tip": {"todo": {"count": 0}, "type": "user", "agreeCount": 0, "text": "Never leave the place without the xiao long bao in your tummy. Best in town!", "createdAt": 1355889010, "logView": true, "id": "50d13972e4b08647fd47b315", "disagreeCount": 0, "canonicalUrl": "https://foursquare.com/item/50d13972e4b08647fd47b315", "likes": {"groups": [], "count": 0}, "like": false}, "width": 720, "visibility": "public", "createdAt": 1355889018, "id": "50d1397ae4b055b05f193288", "source": {"name": "Foursquare for iOS", "url": "https://foursquare.com/download/#/iphone"}, "prefix": "https://igx.4sqi.net/img/general/", "suffix": "/10022056_1t30tfXZR24vIgfH4Qbkcf0DB3W6LOJlufsUiWslWEo.jpg", "venue": {"contact": {"facebookUsername": "dintaifungsg", "facebookName": "Din Tai Fung Singapore", "phone": "+6566349969", "facebook": "216317188388404", "formattedPhone": "+65 6634 9969"}, "name": "Din Tai Fung \u9f0e\u6cf0\u8c50", "categories": [{"name": "Dumpling Restaurant", "shortName": "Dumplings", "primary": true, "icon": {"prefix": "https://ss3.4sqi.net/img/categories_v2/food/dumplings_", "suffix": ".png"}, "id": "4bf58dd8d48988d108941735", "pluralName": "Dumpling Restaurants"}], "beenHere": {"lastCheckinExpiredAt": 0}, "stats": {"checkinsCount": 7133, "tipCount": 83, "usersCount": 5867}, "verified": false, "url": "http://www.dintaifung.com.sg", "id": "4ee9a39eb8f7eaddf70252f7", "location": {"country": "Singapore", "formattedAddress": ["#B2-63, The Shoppes at Marina Bay Sands (2 Bayfront Ave)", "018972", "Singapore"], "cc": "SG", "lat": 1.2854765942665212, "labeledLatLngs": [{"lng": 103.85955944740287, "lat": 1.2854765942665212, "label": "display"}], "postalCode": "018972", "address": "#B2-63, The Shoppes at Marina Bay Sands", "lng": 103.85955944740287, "city": "Singapore", "crossStreet": "2 Bayfront Ave"}, "like": false, "allowMenuUrlEdit": true}, "height": 960}, {"width": 720, "visibility": "public", "createdAt": 1355840759, "id": "50d07cf7e4b0ce33c6649a6b", "source": {"name": "Foursquare for iOS", "url": "https://foursquare.com/download/#/iphone"}, "prefix": "https://igx.4sqi.net/img/general/", "suffix": "/10022056_1woIysOOMUtSHls7FRLEXSCI-CL95C1nXydsXWn98w4.jpg", "venue": {"contact": {"phone": "+6568344041", "formattedPhone": "+65 6834 4041"}, "name": "March\u00e9", "categories": [{"name": "Swiss Restaurant", "shortName": "Swiss", "primary": true, "icon": {"prefix": "https://ss3.4sqi.net/img/categories_v2/food/swiss_", "suffix": ".png"}, "id": "4bf58dd8d48988d158941735", "pluralName": "Swiss Restaurants"}], "beenHere": {"lastCheckinExpiredAt": 0}, "stats": {"checkinsCount": 24325, "tipCount": 206, "usersCount": 15023}, "verified": false, "id": "4bc83cdc8b7c9c74e2bf37cf", "location": {"country": "Singapore", "formattedAddress": ["#01-39/46, 313@Somerset (313 Orchard Rd)", "238895", "Singapore"], "cc": "SG", "lat": 1.3008689637524793, "postalCode": "238895", "address": "#01-39/46, 313@Somerset", "lng": 103.83842461225485, "city": "Singapore", "crossStreet": "313 Orchard Rd"}, "like": false, "allowMenuUrlEdit": true}, "height": 960}, {"width": 720, "visibility": "public", "createdAt": 1355305198, "id": "50c850eee4b0f2b98279dd5f", "source": {"name": "Foursquare for iOS", "url": "https://foursquare.com/download/#/iphone"}, "prefix": "https://igx.4sqi.net/img/general/", "suffix": "/10022056_c441PxGmSwAvsqXulyQbSlQLvKggqpr22zfRZacuSX8.jpg", "venue": {"contact": {"facebookName": "Garage Cafe and Bar", "phone": "+61393495000", "facebook": "158824387469535", "formattedPhone": "+61 3 9349 5000"}, "categories": [{"name": "Indonesian Restaurant", "shortName": "Indonesian", "primary": true, "icon": {"prefix": "https://ss3.4sqi.net/img/categories_v2/food/indonesian_", "suffix": ".png"}, "id": "4deefc054765f83613cdba6f", "pluralName": "Indonesian Restaurants"}], "closed": true, "menu": {"type": "Menu", "url": "https://foursquare.com/v/garage-cafe--bar/4b43ef64f964a52074ee25e3/menu", "anchor": "View Menu", "mobileUrl": "https://foursquare.com/v/4b43ef64f964a52074ee25e3/device_menu", "label": "Menu"}, "beenHere": {"lastCheckinExpiredAt": 0}, "location": {"country": "Australia", "formattedAddress": ["221 Berkeley St", "Melbourne VIC 3053", "Australia"], "cc": "AU", "lat": -37.800426060770256, "labeledLatLngs": [{"lng": 144.95871256560227, "lat": -37.800426060770256, "label": "display"}], "postalCode": "3053", "address": "221 Berkeley St", "lng": 144.95871256560227, "city": "Melbourne", "state": "VIC"}, "like": false, "hasMenu": true, "name": "Garage Cafe & Bar", "url": "http://www.garagecafe.com.au", "allowMenuUrlEdit": true, "stats": {"checkinsCount": 1338, "tipCount": 12, "usersCount": 582}, "verified": false, "id": "4b43ef64f964a52074ee25e3"}, "height": 540}, {"width": 720, "visibility": "public", "createdAt": 1352677437, "id": "50a0383de4b0d1661d0aa2fb", "source": {"name": "Foursquare for iOS", "url": "https://foursquare.com/download/#/iphone"}, "prefix": "https://igx.4sqi.net/img/general/", "suffix": "/10022056_UYbD065oUnfonD-k4FrMJUk8JBBg1YDFHI4thpxYAq4.jpg", "venue": {"contact": {}, "name": "Tao's Restaurant", "categories": [{"name": "Japanese Restaurant", "shortName": "Japanese", "primary": true, "icon": {"prefix": "https://ss3.4sqi.net/img/categories_v2/food/japanese_", "suffix": ".png"}, "id": "4bf58dd8d48988d111941735", "pluralName": "Japanese Restaurants"}], "beenHere": {"lastCheckinExpiredAt": 0}, "stats": {"checkinsCount": 543, "tipCount": 6, "usersCount": 184}, "verified": false, "id": "4bf3a85c706e20a1ba6fa898", "location": {"country": "Australia", "formattedAddress": ["201 Bulleen Rd", "Bulleen VIC", "Australia"], "cc": "AU", "lat": -37.76585792062972, "labeledLatLngs": [{"lng": 145.08145769986356, "lat": -37.76585792062972, "label": "display"}], "address": "201 Bulleen Rd", "lng": 145.08145769986356, "city": "Bulleen", "state": "VIC"}, "like": false, "allowMenuUrlEdit": true}, "height": 540}, {"width": 720, "visibility": "public", "createdAt": 1352677419, "id": "50a0382be4b03075383a8a01", "source": {"name": "Foursquare for iOS", "url": "https://foursquare.com/download/#/iphone"}, "prefix": "https://igx.4sqi.net/img/general/", "suffix": "/10022056_kV4erIa1lZk1tFnFMgeruY1ayZ7EF4qrVbXnAX9TEik.jpg", "venue": {"contact": {}, "name": "Tao's Restaurant", "categories": [{"name": "Japanese Restaurant", "shortName": "Japanese", "primary": true, "icon": {"prefix": "https://ss3.4sqi.net/img/categories_v2/food/japanese_", "suffix": ".png"}, "id": "4bf58dd8d48988d111941735", "pluralName": "Japanese Restaurants"}], "beenHere": {"lastCheckinExpiredAt": 0}, "stats": {"checkinsCount": 543, "tipCount": 6, "usersCount": 184}, "verified": false, "id": "4bf3a85c706e20a1ba6fa898", "location": {"country": "Australia", "formattedAddress": ["201 Bulleen Rd", "Bulleen VIC", "Australia"], "cc": "AU", "lat": -37.76585792062972, "labeledLatLngs": [{"lng": 145.08145769986356, "lat": -37.76585792062972, "label": "display"}], "address": "201 Bulleen Rd", "lng": 145.08145769986356, "city": "Bulleen", "state": "VIC"}, "like": false, "allowMenuUrlEdit": true}, "height": 540}, {"width": 540, "visibility": "public", "createdAt": 1352514219, "id": "509dbaabe4b01718b23b06db", "source": {"name": "Foursquare for iOS", "url": "https://foursquare.com/download/#/iphone"}, "prefix": "https://igx.4sqi.net/img/general/", "suffix": "/10022056_oT8p3zFsq-LbJVXiYSm3rqDPAo7ma11fsGqqpfdk49g.jpg", "venue": {"contact": {"phone": "+61390439767", "formattedPhone": "+61 3 9043 9767"}, "name": "Le Miel et la lune", "categories": [{"name": "Caf\u00e9", "shortName": "Caf\u00e9", "primary": true, "icon": {"prefix": "https://ss3.4sqi.net/img/categories_v2/food/cafe_", "suffix": ".png"}, "id": "4bf58dd8d48988d16d941735", "pluralName": "Caf\u00e9s"}], "beenHere": {"lastCheckinExpiredAt": 0}, "stats": {"checkinsCount": 954, "tipCount": 18, "usersCount": 529}, "verified": false, "id": "4f541dc2e4b050039f73094c", "location": {"country": "Australia", "state": "VIC", "formattedAddress": ["330 Cardigan St. (Elgin St.)", "Melbourne VIC 3053", "Australia"], "cc": "AU", "lat": -37.796974542010375, "labeledLatLngs": [{"lng": 144.96623067394475, "lat": -37.796974542010375, "label": "display"}], "postalCode": "3053", "address": "330 Cardigan St.", "lng": 144.96623067394475, "city": "Melbourne", "crossStreet": "Elgin St."}, "like": false, "allowMenuUrlEdit": true}, "height": 720}, {"tip": {"todo": {"count": 0}, "type": "user", "agreeCount": 0, "text": "Literally in bao heaven! Da pork bao is a must try.", "createdAt": 1346208121, "logView": true, "id": "503d8179e4b0968493f221de", "disagreeCount": 0, "canonicalUrl": "https://foursquare.com/item/503d8179e4b0968493f221de", "likes": {"groups": [], "count": 0}, "like": false}, "width": 540, "visibility": "public", "createdAt": 1346208125, "id": "503d817de4b009485e417e84", "source": {"name": "Foursquare for iOS", "url": "https://foursquare.com/download/#/iphone"}, "prefix": "https://igx.4sqi.net/img/general/", "suffix": "/UxeqBX-4OrwVX1bbYuTGRhtnOLMucefgHyCiTXcguRM.jpg", "venue": {"contact": {"facebookName": "Wonderbao", "phone": "+61396547887", "facebook": "423036981063132", "facebookUsername": "wonderbaokitchen", "twitter": "wonderbao_", "formattedPhone": "+61 3 9654 7887"}, "name": "Wonderbao", "categories": [{"name": "Dim Sum Restaurant", "shortName": "Dim Sum", "primary": true, "icon": {"prefix": "https://ss3.4sqi.net/img/categories_v2/food/dimsum_", "suffix": ".png"}, "id": "4bf58dd8d48988d1f5931735", "pluralName": "Dim Sum Restaurants"}], "beenHere": {"lastCheckinExpiredAt": 0}, "stats": {"checkinsCount": 1659, "tipCount": 32, "usersCount": 734}, "verified": false, "url": "http://www.wonderbaokitchen.com.au", "id": "50110017e4b034c3dea9526e", "location": {"country": "Australia", "state": "VIC", "formattedAddress": ["Shop 4, 19-37 A'Beckett St (at Literature Ln)", "Melbourne VIC 3000", "Australia"], "cc": "AU", "lat": -37.80907909035498, "labeledLatLngs": [{"lng": 144.9628103353028, "lat": -37.80907909035498, "label": "display"}], "postalCode": "3000", "address": "Shop 4, 19-37 A'Beckett St", "lng": 144.9628103353028, "city": "Melbourne", "crossStreet": "at Literature Ln"}, "like": false, "allowMenuUrlEdit": true}, "height": 720}, {"width": 540, "visibility": "public", "createdAt": 1346207943, "id": "503d80c7e4b022027947d0d5", "source": {"name": "Foursquare for iOS", "url": "https://foursquare.com/download/#/iphone"}, "prefix": "https://igx.4sqi.net/img/general/", "suffix": "/Yla0GUaj5-k4yfIBFsamPDgJN1ATVjx5j-NW_lz9T1Q.jpg", "venue": {"contact": {"facebookName": "Wonderbao", "phone": "+61396547887", "facebook": "423036981063132", "facebookUsername": "wonderbaokitchen", "twitter": "wonderbao_", "formattedPhone": "+61 3 9654 7887"}, "name": "Wonderbao", "categories": [{"name": "Dim Sum Restaurant", "shortName": "Dim Sum", "primary": true, "icon": {"prefix": "https://ss3.4sqi.net/img/categories_v2/food/dimsum_", "suffix": ".png"}, "id": "4bf58dd8d48988d1f5931735", "pluralName": "Dim Sum Restaurants"}], "beenHere": {"lastCheckinExpiredAt": 0}, "stats": {"checkinsCount": 1659, "tipCount": 32, "usersCount": 734}, "verified": false, "url": "http://www.wonderbaokitchen.com.au", "id": "50110017e4b034c3dea9526e", "location": {"country": "Australia", "state": "VIC", "formattedAddress": ["Shop 4, 19-37 A'Beckett St (at Literature Ln)", "Melbourne VIC 3000", "Australia"], "cc": "AU", "lat": -37.80907909035498, "labeledLatLngs": [{"lng": 144.9628103353028, "lat": -37.80907909035498, "label": "display"}], "postalCode": "3000", "address": "Shop 4, 19-37 A'Beckett St", "lng": 144.9628103353028, "city": "Melbourne", "crossStreet": "at Literature Ln"}, "like": false, "allowMenuUrlEdit": true}, "height": 720}, {"tip": {"todo": {"count": 0}, "type": "user", "agreeCount": 5, "text": "Get the palsaik set and experience 8 different flavors of marinated pork belly melting in your mouth! 3-4 serve", "createdAt": 1343052000, "logView": true, "id": "500d58e0e4b01014fc9c7c9d", "disagreeCount": 0, "canonicalUrl": "https://foursquare.com/item/500d58e0e4b01014fc9c7c9d", "likes": {"summary": "5 likes", "groups": [{"type": "others", "count": 5, "items": [{"firstName": "Tomek", "id": "94124429", "photo": {"prefix": "https://igx.4sqi.net/img/user/", "suffix": "/94124429-5G4U2PTYQPGD3SZY.jpg"}, "gender": "male", "lastName": "Wolny"}, {"firstName": "Joy", "id": "12776322", "photo": {"prefix": "https://igx.4sqi.net/img/user/", "suffix": "/12776322-CHN3S2BNODEZNG43.jpg"}, "gender": "female", "lastName": "Ludwig-Mcnutt"}, {"firstName": "Tomfoolery", "id": "3609736", "photo": {"prefix": "https://igx.4sqi.net/img/user/", "suffix": "/VGPWB53CERZYUONI.jpg"}, "gender": "male"}, {"firstName": "Troy", "id": "18181769", "photo": {"prefix": "https://igx.4sqi.net/img/user/", "suffix": "/XZYOK3NFQC5AEBW0.jpg"}, "gender": "male", "lastName": "Boulton"}]}], "count": 5}, "like": false}, "width": 540, "visibility": "public", "createdAt": 1343052008, "id": "500d58e8e4b00d76e5ca8227", "source": {"name": "Foursquare for iOS", "url": "https://foursquare.com/download/#/iphone"}, "prefix": "https://igx.4sqi.net/img/general/", "suffix": "/CzRIXbN5iFDoiglNAEgwo8NYAlEQCTtT7_i7MWeZrek.jpg", "venue": {"contact": {"facebookUsername": "changgomartin", "facebookName": "Changgo", "phone": "+61433379100", "facebook": "158672377558222", "formattedPhone": "+61 433 379 100"}, "name": "ChangGo (\ucc3d\uace0)", "categories": [{"name": "Korean Restaurant", "shortName": "Korean", "primary": true, "icon": {"prefix": "https://ss3.4sqi.net/img/categories_v2/food/korean_", "suffix": ".png"}, "id": "4bf58dd8d48988d113941735", "pluralName": "Korean Restaurants"}], "beenHere": {"lastCheckinExpiredAt": 0}, "stats": {"checkinsCount": 1919, "tipCount": 24, "usersCount": 1193}, "verified": false, "id": "4ebcf351be7bf3d84f07447b", "location": {"country": "Australia", "state": "VIC", "formattedAddress": ["70 Little La Trobe St. (btwn Elizabeth St and Swanston St)", "Melbourne VIC 3000", "Australia"], "cc": "AU", "lat": -37.80949481948949, "labeledLatLngs": [{"lng": 144.9615465661293, "lat": -37.80949481948949, "label": "display"}], "postalCode": "3000", "address": "70 Little La Trobe St.", "lng": 144.9615465661293, "city": "Melbourne", "crossStreet": "btwn Elizabeth St and Swanston St"}, "like": false, "allowMenuUrlEdit": true}, "height": 720}, {"tip": {"todo": {"count": 0}, "type": "user", "agreeCount": 0, "text": "Warm up your freezing winter with Max Brenner winter promotion: Vintage Lemon and sticky date pudding with toffee. Enjoy while you can have a bite! ;)", "createdAt": 1341457938, "logView": true, "id": "4ff50612e4b0f1c6179fb016", "disagreeCount": 0, "canonicalUrl": "https://foursquare.com/item/4ff50612e4b0f1c6179fb016", "likes": {"groups": [], "count": 0}, "like": false}, "width": 540, "visibility": "public", "createdAt": 1341457941, "id": "4ff50615e4b0fecb24deb211", "source": {"name": "Foursquare for iOS", "url": "https://foursquare.com/download/#/iphone"}, "prefix": "https://igx.4sqi.net/img/general/", "suffix": "/5KP6efo_1ZaZGHVbfzlpHnJkRtCQENr30-KGE5lrzrM.jpg", "venue": {"contact": {"facebookName": "Max Brenner Australia", "phone": "+61396624442", "facebook": "261551833901507", "facebookUsername": "MBAustralia", "twitter": "maxbrenneraus", "formattedPhone": "+61 3 9662 4442"}, "categories": [{"name": "Caf\u00e9", "shortName": "Caf\u00e9", "primary": true, "icon": {"prefix": "https://ss3.4sqi.net/img/categories_v2/food/cafe_", "suffix": ".png"}, "id": "4bf58dd8d48988d16d941735", "pluralName": "Caf\u00e9s"}], "beenHere": {"lastCheckinExpiredAt": 0}, "location": {"country": "Australia", "state": "VIC", "formattedAddress": ["Shop OE5, Menzies Alley, Melbourne Central Shopping Centre (300 La Trobe St.)", "Melbourne VIC 3000", "Australia"], "cc": "AU", "lat": -37.810767199650655, "labeledLatLngs": [{"lng": 144.96206760406494, "lat": -37.810767199650655, "label": "display"}], "postalCode": "3000", "address": "Shop OE5, Menzies Alley, Melbourne Central Shopping Centre", "lng": 144.96206760406494, "city": "Melbourne", "crossStreet": "300 La Trobe St."}, "like": false, "allowMenuUrlEdit": true, "name": "Max Brenner Chocolate Bar", "url": "http://maxbrenner.com.au", "stats": {"checkinsCount": 4381, "tipCount": 43, "usersCount": 2590}, "verified": true, "id": "4b134363f964a520019623e3", "storeId": ""}, "height": 540}, {"width": 540, "visibility": "public", "createdAt": 1339568819, "id": "4fd832b3e4b016ce03744c94", "source": {"name": "Foursquare for iOS", "url": "https://foursquare.com/download/#/iphone"}, "prefix": "https://igx.4sqi.net/img/general/", "suffix": "/VcnCPKl4iDo97rI-Iz7SMTe_PrQHkSqIX7ynMCV_pOw.jpg", "venue": {"contact": {"facebookName": "Max Brenner Australia", "phone": "+61396624442", "facebook": "261551833901507", "facebookUsername": "MBAustralia", "twitter": "maxbrenneraus", "formattedPhone": "+61 3 9662 4442"}, "categories": [{"name": "Caf\u00e9", "shortName": "Caf\u00e9", "primary": true, "icon": {"prefix": "https://ss3.4sqi.net/img/categories_v2/food/cafe_", "suffix": ".png"}, "id": "4bf58dd8d48988d16d941735", "pluralName": "Caf\u00e9s"}], "beenHere": {"lastCheckinExpiredAt": 0}, "location": {"country": "Australia", "state": "VIC", "formattedAddress": ["Shop OE5, Menzies Alley, Melbourne Central Shopping Centre (300 La Trobe St.)", "Melbourne VIC 3000", "Australia"], "cc": "AU", "lat": -37.810767199650655, "labeledLatLngs": [{"lng": 144.96206760406494, "lat": -37.810767199650655, "label": "display"}], "postalCode": "3000", "address": "Shop OE5, Menzies Alley, Melbourne Central Shopping Centre", "lng": 144.96206760406494, "city": "Melbourne", "crossStreet": "300 La Trobe St."}, "like": false, "allowMenuUrlEdit": true, "name": "Max Brenner Chocolate Bar", "url": "http://maxbrenner.com.au", "stats": {"checkinsCount": 4381, "tipCount": 43, "usersCount": 2590}, "verified": true, "id": "4b134363f964a520019623e3", "storeId": ""}, "height": 720}, {"tip": {"todo": {"count": 0}, "type": "user", "agreeCount": 0, "text": "Never leave the place without a bite of the desserts. Flamed Bombe Alaska is a must! And don't forget to ask for beautiful complimentary chocolates ;)", "createdAt": 1339506815, "logView": true, "id": "4fd7407fe4b0b5e7101b114a", "disagreeCount": 0, "canonicalUrl": "https://foursquare.com/item/4fd7407fe4b0b5e7101b114a", "likes": {"groups": [], "count": 0}, "like": false}, "width": 540, "visibility": "public", "createdAt": 1339506830, "id": "4fd7408ee4b0bd8170651841", "source": {"name": "Foursquare for iOS", "url": "https://foursquare.com/download/#/iphone"}, "prefix": "https://igx.4sqi.net/img/general/", "suffix": "/p0fj0v4ZkyTXG7UeskkqWXmlp6r2G5ag8kOpHa-k-xc.jpg", "venue": {"contact": {}, "categories": [{"name": "Steakhouse", "shortName": "Steakhouse", "primary": true, "icon": {"prefix": "https://ss3.4sqi.net/img/categories_v2/food/steakhouse_", "suffix": ".png"}, "id": "4bf58dd8d48988d1cc941735", "pluralName": "Steakhouses"}], "stats": {"checkinsCount": 702, "tipCount": 13, "usersCount": 472}, "beenHere": {"lastCheckinExpiredAt": 0}, "location": {"country": "Australia", "formattedAddress": ["Yarra Lane", "South Yarra VIC 3141", "Australia"], "cc": "AU", "lat": -37.838094, "labeledLatLngs": [{"lng": 144.995814, "lat": -37.838094, "label": "display"}], "postalCode": "3141", "address": "Yarra Lane", "lng": 144.995814, "city": "South Yarra", "state": "VIC"}, "like": false, "hasMenu": true, "name": "Steer Bar & Grill", "allowMenuUrlEdit": true, "menu": {"type": "Menu", "url": "https://foursquare.com/v/steer-bar--grill/4c61f2cade1b2d7f2944e170/menu", "anchor": "View Menu", "mobileUrl": "https://foursquare.com/v/4c61f2cade1b2d7f2944e170/device_menu", "label": "Menu"}, "verified": false, "id": "4c61f2cade1b2d7f2944e170"}, "height": 720}, {"width": 540, "visibility": "public", "createdAt": 1336745100, "id": "4fad1c8ce4b070611db7cb20", "source": {"name": "Foursquare for iOS", "url": "https://foursquare.com/download/#/iphone"}, "prefix": "https://igx.4sqi.net/img/general/", "suffix": "/2JH9PQd-wYyWzNDesCwWFyYGIMCLKl11apKVbcd_4RI.jpg", "venue": {"contact": {"phone": "+61393472801", "formattedPhone": "+61 3 9347 2801"}, "name": "Brunetti", "categories": [{"name": "Caf\u00e9", "shortName": "Caf\u00e9", "primary": true, "icon": {"prefix": "https://ss3.4sqi.net/img/categories_v2/food/cafe_", "suffix": ".png"}, "id": "4bf58dd8d48988d16d941735", "pluralName": "Caf\u00e9s"}], "beenHere": {"lastCheckinExpiredAt": 0}, "stats": {"checkinsCount": 10514, "tipCount": 131, "usersCount": 5402}, "verified": false, "url": "http://brunetti.com.au", "id": "4b2cc0bff964a52006c924e3", "location": {"country": "Australia", "state": "VIC", "formattedAddress": ["380 Lygon St", "Carlton VIC 3053", "Australia"], "cc": "AU", "lat": -37.798149286580156, "labeledLatLngs": [{"lng": 144.9677163362503, "lat": -37.798149286580156, "label": "display"}], "postalCode": "3053", "address": "380 Lygon St", "lng": 144.9677163362503, "city": "Carlton", "neighborhood": "Lygon Street Italian Precinct"}, "like": false, "allowMenuUrlEdit": true}, "height": 720}, {"tip": {"todo": {"count": 0}, "type": "user", "agreeCount": 0, "text": "Never leave the shop without a tutti frutti waffle in your tummy!", "createdAt": 1334793819, "logView": true, "id": "4f8f565be4b060f54c151704", "disagreeCount": 0, "canonicalUrl": "https://foursquare.com/item/4f8f565be4b060f54c151704", "likes": {"summary": "2 likes", "groups": [{"type": "others", "count": 2, "items": []}], "count": 2}, "like": false}, "width": 540, "visibility": "public", "createdAt": 1334793826, "id": "4f8f5662e4b040e3a76bfc73", "source": {"name": "Foursquare for iOS", "url": "https://foursquare.com/download/#/iphone"}, "prefix": "https://igx.4sqi.net/img/general/", "suffix": "/jTgQ5pMYbOBhd50kkRjEUGgdS4lI86N4iU_E7Z-NSWA.jpg", "venue": {"contact": {"facebookName": "Max Brenner Australia", "phone": "+61396624442", "facebook": "261551833901507", "facebookUsername": "MBAustralia", "twitter": "maxbrenneraus", "formattedPhone": "+61 3 9662 4442"}, "categories": [{"name": "Caf\u00e9", "shortName": "Caf\u00e9", "primary": true, "icon": {"prefix": "https://ss3.4sqi.net/img/categories_v2/food/cafe_", "suffix": ".png"}, "id": "4bf58dd8d48988d16d941735", "pluralName": "Caf\u00e9s"}], "beenHere": {"lastCheckinExpiredAt": 0}, "location": {"country": "Australia", "state": "VIC", "formattedAddress": ["Shop OE5, Menzies Alley, Melbourne Central Shopping Centre (300 La Trobe St.)", "Melbourne VIC 3000", "Australia"], "cc": "AU", "lat": -37.810767199650655, "labeledLatLngs": [{"lng": 144.96206760406494, "lat": -37.810767199650655, "label": "display"}], "postalCode": "3000", "address": "Shop OE5, Menzies Alley, Melbourne Central Shopping Centre", "lng": 144.96206760406494, "city": "Melbourne", "crossStreet": "300 La Trobe St."}, "like": false, "allowMenuUrlEdit": true, "name": "Max Brenner Chocolate Bar", "url": "http://maxbrenner.com.au", "stats": {"checkinsCount": 4381, "tipCount": 43, "usersCount": 2590}, "verified": true, "id": "4b134363f964a520019623e3", "storeId": ""}, "height": 720}, {"width": 540, "visibility": "public", "createdAt": 1334280118, "id": "4f877fb6e4b060b7f5ab0342", "source": {"name": "Foursquare for iOS", "url": "https://foursquare.com/download/#/iphone"}, "prefix": "https://igx.4sqi.net/img/general/", "suffix": "/6axj1nMrOVTktDYv0xboDKkuML-912_vx9l478VX1xo.jpg", "venue": {"contact": {"facebookName": "Melbourne Convention and Exhibition Centre (MCEC)", "phone": "+61393258000", "facebook": "124416287590111", "facebookUsername": "themcec", "twitter": "mcec", "formattedPhone": "+61 3 9325 8000"}, "venuePage": {"id": "33392325"}, "categories": [{"name": "Convention Center", "shortName": "Convention Center", "primary": true, "icon": {"prefix": "https://ss3.4sqi.net/img/categories_v2/building/conventioncenter_", "suffix": ".png"}, "id": "4bf58dd8d48988d1ff931735", "pluralName": "Convention Centers"}], "venueRatingBlacklisted": true, "beenHere": {"lastCheckinExpiredAt": 0}, "location": {"country": "Australia", "formattedAddress": ["1 Convention Centre Pl.", "South Wharf VIC 3006", "Australia"], "cc": "AU", "lat": -37.824255528491, "labeledLatLngs": [{"lng": 144.95414717557324, "lat": -37.824255528491, "label": "display"}], "postalCode": "3006", "address": "1 Convention Centre Pl.", "lng": 144.95414717557324, "city": "South Wharf", "state": "VIC"}, "like": false, "name": "Melbourne Convention and Exhibition Centre", "url": "http://www.mcec.com.au", "stats": {"checkinsCount": 16337, "tipCount": 37, "usersCount": 7781}, "verified": true, "id": "4b709022f964a5203d222de3", "storeId": ""}, "height": 540}, {"tip": {"todo": {"count": 0}, "type": "user", "agreeCount": 0, "text": "The lamb skewers is a must try!!", "createdAt": 1332904173, "logView": true, "id": "4f7280ede4b02c6aee7f8fe8", "disagreeCount": 0, "canonicalUrl": "https://foursquare.com/item/4f7280ede4b02c6aee7f8fe8", "likes": {"groups": [], "count": 0}, "like": false}, "width": 540, "visibility": "public", "createdAt": 1332904176, "id": "4f7280f0e4b053123f02399b", "source": {"name": "Foursquare for iOS", "url": "https://foursquare.com/download/#/iphone"}, "prefix": "https://igx.4sqi.net/img/general/", "suffix": "/XmKZ8Nk9RGtQXD-JYsIgOdAgCT1rbwsZ5nBTVRZW_Sg.jpg", "venue": {"contact": {"phone": "+61394788885", "formattedPhone": "+61 3 9478 8885"}, "name": "Noodle Kingdom", "categories": [{"name": "Chinese Restaurant", "shortName": "Chinese", "primary": true, "icon": {"prefix": "https://ss3.4sqi.net/img/categories_v2/food/asian_", "suffix": ".png"}, "id": "4bf58dd8d48988d145941735", "pluralName": "Chinese Restaurants"}], "beenHere": {"lastCheckinExpiredAt": 0}, "stats": {"checkinsCount": 635, "tipCount": 13, "usersCount": 292}, "verified": false, "id": "4b941747f964a520736734e3", "location": {"country": "Australia", "formattedAddress": ["469 High St.", "Preston VIC 3072", "Australia"], "cc": "AU", "lat": -37.738344, "labeledLatLngs": [{"lng": 145.00388, "lat": -37.738344, "label": "display"}], "postalCode": "3072", "address": "469 High St.", "lng": 145.00388, "city": "Preston", "state": "VIC"}, "like": false, "allowMenuUrlEdit": true}, "height": 720}, {"tip": {"todo": {"count": 0}, "type": "user", "agreeCount": 1, "text": "The sashimi was so fresh and tasty. Love the place!", "createdAt": 1321347264, "logView": true, "id": "4ec228c030f82a2e142b8409", "disagreeCount": 0, "canonicalUrl": "https://foursquare.com/item/4ec228c030f82a2e142b8409", "likes": {"summary": "1 like", "groups": [{"type": "others", "count": 1, "items": [{"firstName": "Audrey", "id": "4828182", "photo": {"prefix": "https://igx.4sqi.net/img/user/", "suffix": "/4828182-EPT05BFW0HK33UQY.jpg"}, "gender": "female", "lastName": "Aw"}]}], "count": 1}, "like": false}, "width": 460, "visibility": "public", "createdAt": 1321347281, "id": "4ec228d129c25ce5a30667b6", "source": {"name": "Foursquare for BlackBerry", "url": "https://foursquare.com/download/#/blackberry"}, "prefix": "https://igx.4sqi.net/img/general/", "suffix": "/PNIITK05OR5EXMOC24SZGPWSFHHJ5FBCTYWWWDFIT01SKNCI.jpg", "venue": {"contact": {"phone": "+61396397073", "formattedPhone": "+61 3 9639 7073"}, "name": "Yu-U Japanese Restaurant", "categories": [{"name": "Japanese Restaurant", "shortName": "Japanese", "primary": true, "icon": {"prefix": "https://ss3.4sqi.net/img/categories_v2/food/japanese_", "suffix": ".png"}, "id": "4bf58dd8d48988d111941735", "pluralName": "Japanese Restaurants"}], "closed": true, "beenHere": {"lastCheckinExpiredAt": 0}, "stats": {"checkinsCount": 420, "tipCount": 17, "usersCount": 296}, "verified": false, "id": "4b05874df964a520678a22e3", "location": {"country": "Australia", "state": "VIC", "formattedAddress": ["137 Flinders Ln (at Oliver Ln)", "Melbourne VIC 3000", "Australia"], "cc": "AU", "lat": -37.8154595189753, "postalCode": "3000", "address": "137 Flinders Ln", "lng": 144.9699846019245, "city": "Melbourne", "crossStreet": "at Oliver Ln"}, "like": false, "allowMenuUrlEdit": true}, "height": 345}, {"tip": {"todo": {"count": 1}, "type": "user", "agreeCount": 0, "text": "Creamy ricotta cheese flavour is recommended!", "createdAt": 1320808313, "logView": true, "id": "4eb9ef79775bf193edd9aa80", "disagreeCount": 0, "canonicalUrl": "https://foursquare.com/item/4eb9ef79775bf193edd9aa80", "likes": {"groups": [], "count": 0}, "like": false}, "width": 460, "visibility": "public", "createdAt": 1320808330, "id": "4eb9ef8ab634fa2e62c546ac", "source": {"name": "Foursquare for BlackBerry", "url": "https://foursquare.com/download/#/blackberry"}, "prefix": "https://igx.4sqi.net/img/general/", "suffix": "/HAGKEZV2BRFVLUMKNK2ZILXEU34XFI4YGZXFBYSVKYXL3MHU.jpg", "venue": {"contact": {"phone": "+61393470220", "formattedPhone": "+61 3 9347 0220"}, "name": "Casa Del Gelato", "categories": [{"name": "Ice Cream Shop", "shortName": "Ice Cream", "primary": true, "icon": {"prefix": "https://ss3.4sqi.net/img/categories_v2/food/icecream_", "suffix": ".png"}, "id": "4bf58dd8d48988d1c9941735", "pluralName": "Ice Cream Shops"}], "beenHere": {"lastCheckinExpiredAt": 0}, "stats": {"checkinsCount": 705, "tipCount": 21, "usersCount": 545}, "verified": false, "url": "http://casadelgelato.com.au", "id": "4b058745f964a5200a8822e3", "location": {"country": "Australia", "formattedAddress": ["163 Lygon Street", "Carlton VIC 3053", "Australia"], "cc": "AU", "lat": -37.801900554101415, "labeledLatLngs": [{"lng": 144.9666166305542, "lat": -37.801900554101415, "label": "display"}], "postalCode": "3053", "address": "163 Lygon Street", "lng": 144.9666166305542, "city": "Carlton", "state": "VIC"}, "like": false, "allowMenuUrlEdit": true}, "height": 345}]}}, "notifications": [{"type": "notificationTray", "item": {"unreadCount": 0}}], "meta": {"requestId": "595b65329fb6b77b770e57a5", "code": 200}}