{"response": {"totalCount": 19, "photos": {"count": 19, "items": [{"width": 1440, "visibility": "public", "createdAt": 1438845215, "id": "55c3091f498e062f1aa3ee9e", "source": {"name": "Swarm for iOS", "url": "https://www.swarmapp.com"}, "prefix": "https://igx.4sqi.net/img/general/", "suffix": "/10025219_Y37n9e7HH0-KH18sJ9JcnMfDeE222QOTgQT9sIxwPSY.jpg", "venue": {"contact": {"facebookUsername": "cfob.changi", "facebookName": "Chock Full Of Beans", "phone": "+6562148839", "facebook": "188792924538684", "formattedPhone": "+65 6214 8839"}, "name": "Chock Full Of Beans", "categories": [{"name": "Caf\u00e9", "shortName": "Caf\u00e9", "primary": true, "icon": {"prefix": "https://ss3.4sqi.net/img/categories_v2/food/cafe_", "suffix": ".png"}, "id": "4bf58dd8d48988d16d941735", "pluralName": "Caf\u00e9s"}], "beenHere": {"lastCheckinExpiredAt": 0}, "stats": {"checkinsCount": 3697, "tipCount": 73, "usersCount": 2350}, "verified": false, "id": "4ea78539f7903beac08b0ed1", "location": {"country": "Singapore", "formattedAddress": ["4 Changi Village Rd. #01-2090 (Changi Village)", "500004", "Singapore"], "cc": "SG", "lat": 1.3893795194900662, "labeledLatLngs": [{"lng": 103.98713983950735, "lat": 1.3893795194900662, "label": "display"}], "postalCode": "500004", "address": "4 Changi Village Rd. #01-2090", "lng": 103.98713983950735, "city": "Singapore", "crossStreet": "Changi Village"}, "like": false, "allowMenuUrlEdit": true}, "height": 1920}, {"tip": {"todo": {"count": 0}, "type": "user", "agreeCount": 0, "text": "Baked macaroni mushroom is nice~", "createdAt": 1437278682, "logView": true, "id": "55ab21da498e1d8de9f77ea1", "disagreeCount": 0, "canonicalUrl": "https://foursquare.com/item/55ab21da498e1d8de9f77ea1", "likes": {"groups": [], "count": 0}, "like": false}, "width": 1920, "visibility": "public", "createdAt": 1437278685, "id": "55ab21dd498e6b7c862bce15", "source": {"name": "Foursquare for iOS", "url": "https://foursquare.com/download/#/iphone"}, "prefix": "https://igx.4sqi.net/img/general/", "suffix": "/10025219_L82Sel2rHZitowkf7ThnU9ad_MnCf_rKI01IgxYiSOE.jpg", "venue": {"contact": {"instagram": "rainbow.cottage", "phone": "+6564512483", "formattedPhone": "+65 6451 2483"}, "name": "Rainbow Cottage", "categories": [{"name": "Caf\u00e9", "shortName": "Caf\u00e9", "primary": true, "icon": {"prefix": "https://ss3.4sqi.net/img/categories_v2/food/cafe_", "suffix": ".png"}, "id": "4bf58dd8d48988d16d941735", "pluralName": "Caf\u00e9s"}], "beenHere": {"lastCheckinExpiredAt": 0}, "stats": {"checkinsCount": 451, "tipCount": 8, "usersCount": 212}, "verified": false, "id": "551a8285498e8ff57956b116", "location": {"country": "Singapore", "formattedAddress": ["Blk 452 Ang Mo Kio Ave 10 #01-1777", "560452", "Singapore"], "cc": "SG", "lat": 1.369262170184855, "labeledLatLngs": [{"lng": 103.85637174376537, "lat": 1.369262170184855, "label": "display"}], "postalCode": "560452", "address": "Blk 452 Ang Mo Kio Ave 10 #01-1777", "lng": 103.85637174376537, "city": "Singapore"}, "like": false, "allowMenuUrlEdit": true}, "height": 1440}, {"width": 1920, "visibility": "public", "createdAt": 1437277747, "id": "55ab1e33498e5ef6dd5878e2", "source": {"name": "Swarm for iOS", "url": "https://www.swarmapp.com"}, "prefix": "https://igx.4sqi.net/img/general/", "suffix": "/10025219_3_70MBffCeUmW6DQEAksfPIOUVqfB4xzb5gTRxe6loc.jpg", "venue": {"contact": {"instagram": "rainbow.cottage", "phone": "+6564512483", "formattedPhone": "+65 6451 2483"}, "name": "Rainbow Cottage", "categories": [{"name": "Caf\u00e9", "shortName": "Caf\u00e9", "primary": true, "icon": {"prefix": "https://ss3.4sqi.net/img/categories_v2/food/cafe_", "suffix": ".png"}, "id": "4bf58dd8d48988d16d941735", "pluralName": "Caf\u00e9s"}], "beenHere": {"lastCheckinExpiredAt": 0}, "stats": {"checkinsCount": 451, "tipCount": 8, "usersCount": 212}, "verified": false, "id": "551a8285498e8ff57956b116", "location": {"country": "Singapore", "formattedAddress": ["Blk 452 Ang Mo Kio Ave 10 #01-1777", "560452", "Singapore"], "cc": "SG", "lat": 1.369262170184855, "labeledLatLngs": [{"lng": 103.85637174376537, "lat": 1.369262170184855, "label": "display"}], "postalCode": "560452", "address": "Blk 452 Ang Mo Kio Ave 10 #01-1777", "lng": 103.85637174376537, "city": "Singapore"}, "like": false, "allowMenuUrlEdit": true}, "height": 1440}, {"width": 1920, "visibility": "public", "createdAt": 1429657509, "id": "5536d7a5498e8f5720a348b9", "source": {"name": "Swarm for iOS", "url": "https://www.swarmapp.com"}, "prefix": "https://igx.4sqi.net/img/general/", "suffix": "/10025219_wjYGvKO9Ov2ouUufN5BdDGP5sdTp-ytlJfC-laBCodY.jpg", "venue": {"contact": {"phone": "+62361978225", "formattedPhone": "+62 361 978225"}, "name": "Junjungan Ubud Hotel and Spa", "categories": [{"name": "Hotel", "shortName": "Hotel", "primary": true, "icon": {"prefix": "https://ss3.4sqi.net/img/categories_v2/travel/hotel_", "suffix": ".png"}, "id": "4bf58dd8d48988d1fa931735", "pluralName": "Hotels"}], "beenHere": {"lastCheckinExpiredAt": 0}, "stats": {"checkinsCount": 228, "tipCount": 16, "usersCount": 134}, "verified": false, "id": "4cdc1110d5495481207e3fb2", "location": {"country": "Indonesia", "formattedAddress": ["Junjungan Ubud, Jl.Tirta Tawar km.3,5 | Br. Junjun", "Ubud", "Bali 80571", "Indonesia"], "cc": "ID", "lat": -8.479017, "labeledLatLngs": [{"lng": 115.270782, "lat": -8.479017, "label": "display"}], "postalCode": "80571", "address": "Junjungan Ubud, Jl.Tirta Tawar km.3,5 | Br. Junjun", "lng": 115.270782, "city": "Ubud", "state": "Bali"}, "like": false, "allowMenuUrlEdit": true}, "height": 1440}, {"width": 960, "visibility": "public", "createdAt": 1388231889, "id": "52bebcd1498e1dba094124f7", "source": {"name": "Foursquare for iOS", "url": "https://foursquare.com/download/#/iphone"}, "prefix": "https://igx.4sqi.net/img/general/", "suffix": "/10025219_XPrKi3fIQge0QTgOt2CYiohltzq-hSOdUTUKDf9P8J4.jpg", "venue": {"contact": {}, "name": "The Royal Flush", "categories": [{"name": "Chinese Restaurant", "shortName": "Chinese", "primary": true, "icon": {"prefix": "https://ss3.4sqi.net/img/categories_v2/food/asian_", "suffix": ".png"}, "id": "4bf58dd8d48988d145941735", "pluralName": "Chinese Restaurants"}], "beenHere": {"lastCheckinExpiredAt": 0}, "stats": {"checkinsCount": 1425, "tipCount": 29, "usersCount": 1168}, "verified": false, "id": "50e398aae4b0a2ae3c8d1214", "location": {"country": "Malaysia", "formattedAddress": ["Lot R01 Central Piazza Oasis Square Ara Damansara No 2 Jalan PJU 1A/7A 47301 Petaling Jaya Selangor", "47301 Petaling Jaya, Selangor", "Malaysia"], "cc": "MY", "lat": 3.1143401155614523, "labeledLatLngs": [{"lng": 101.57489277623532, "lat": 3.1143401155614523, "label": "display"}], "postalCode": "47301", "address": "Lot R01 Central Piazza Oasis Square Ara Damansara No 2 Jalan PJU 1A/7A 47301 Petaling Jaya Selangor", "lng": 101.57489277623532, "city": "Petaling Jaya", "state": "Selangor"}, "like": false, "allowMenuUrlEdit": true}, "height": 720}, {"width": 960, "visibility": "public", "createdAt": 1385193974, "id": "529061f611d2164a44737012", "source": {"name": "Foursquare for iOS", "url": "https://foursquare.com/download/#/iphone"}, "prefix": "https://igx.4sqi.net/img/general/", "suffix": "/10025219_OJmc4xJnZ_TOAtoki1Wwcrkb8u8dM10_gyabnv3axqM.jpg", "venue": {"contact": {"phone": "+6062881091", "formattedPhone": "+60 6-288 1091"}, "name": "Kings Green Hotel City Centre", "categories": [{"name": "Bed & Breakfast", "shortName": "B & B", "primary": true, "icon": {"prefix": "https://ss3.4sqi.net/img/categories_v2/travel/bedandbreakfast_", "suffix": ".png"}, "id": "4bf58dd8d48988d1f8931735", "pluralName": "Bed & Breakfasts"}], "beenHere": {"lastCheckinExpiredAt": 0}, "stats": {"checkinsCount": 2359, "tipCount": 19, "usersCount": 1313}, "verified": false, "url": "http://www.kingsgreenhotel.com.my", "id": "52496cb011d219fd0088b800", "location": {"country": "Malaysia", "state": "Melaka", "formattedAddress": ["No 28 (Jalan Tun Perak)", "75300 Melaka, Melaka", "Malaysia"], "cc": "MY", "lat": 2.2091085827981556, "labeledLatLngs": [{"lng": 102.24389813650404, "lat": 2.2091085827981556, "label": "display"}], "postalCode": "75300", "address": "No 28", "lng": 102.24389813650404, "city": "Melaka", "crossStreet": "Jalan Tun Perak"}, "like": false, "allowMenuUrlEdit": true}, "height": 720}, {"width": 717, "visibility": "public", "createdAt": 1381379694, "id": "52562e6e11d2ec1429a2a68f", "source": {"name": "Foursquare for iOS", "url": "https://foursquare.com/download/#/iphone"}, "prefix": "https://igx.4sqi.net/img/general/", "suffix": "/10025219_BZ0i0GBc3jtd0Pn8PUXBl4RepkGYNhzOAfJ_nMh44L0.jpg", "venue": {"contact": {"phone": "+60322820271", "formattedPhone": "+60 3-2282 0271"}, "categories": [{"name": "Caf\u00e9", "shortName": "Caf\u00e9", "primary": true, "icon": {"prefix": "https://ss3.4sqi.net/img/categories_v2/food/cafe_", "suffix": ".png"}, "id": "4bf58dd8d48988d16d941735", "pluralName": "Caf\u00e9s"}], "closed": true, "beenHere": {"lastCheckinExpiredAt": 0}, "location": {"country": "Malaysia", "state": "Kuala Lumpur", "formattedAddress": ["Mid Valley Megamall (Lot F-001, 1st Floor)", "59200 Kuala Lumpur, Kuala Lumpur", "Malaysia"], "cc": "MY", "lat": 3.1180574685458047, "labeledLatLngs": [{"lng": 101.67663565593352, "lat": 3.1180574685458047, "label": "display"}], "postalCode": "59200", "address": "Mid Valley Megamall", "lng": 101.67663565593352, "city": "Kuala Lumpur", "crossStreet": "Lot F-001, 1st Floor"}, "like": false, "allowMenuUrlEdit": true, "name": "Garden Lifestyle Store & Caf\u00e9", "url": "http://www.garden-cafe.com.my", "stats": {"checkinsCount": 5971, "tipCount": 117, "usersCount": 4501}, "verified": false, "id": "4d381697b9e5224bd8725090"}, "height": 959}, {"width": 717, "visibility": "public", "createdAt": 1374894858, "id": "51f33b0a498e2b96d6249d8f", "source": {"name": "Foursquare for iOS", "url": "https://foursquare.com/download/#/iphone"}, "prefix": "https://igx.4sqi.net/img/general/", "suffix": "/10025219_MdOEj1VgXyQXYYymBNxcbNiAr21iFvPflbq3cVN1ahs.jpg", "venue": {"contact": {}, "name": "\u6e90\u8bb0\u8336\u9910\u5ba4", "categories": [{"name": "Coffee Shop", "shortName": "Coffee Shop", "primary": true, "icon": {"prefix": "https://ss3.4sqi.net/img/categories_v2/food/coffeeshop_", "suffix": ".png"}, "id": "4bf58dd8d48988d1e0931735", "pluralName": "Coffee Shops"}], "beenHere": {"lastCheckinExpiredAt": 0}, "stats": {"checkinsCount": 299, "tipCount": 2, "usersCount": 240}, "verified": false, "id": "4cb3140aef1b37046b9c4f00", "location": {"country": "Malaysia", "formattedAddress": ["Bentung, Pahang", "Malaysia"], "cc": "MY", "lat": 3.522859, "labeledLatLngs": [{"lng": 101.906876, "lat": 3.522859, "label": "display"}], "state": "Pahang", "lng": 101.906876, "city": "Bentung"}, "like": false, "allowMenuUrlEdit": true}, "height": 959}, {"width": 959, "visibility": "public", "createdAt": 1373000000, "id": "51d65140498ec8827b75e734", "source": {"name": "Foursquare for iOS", "url": "https://foursquare.com/download/#/iphone"}, "prefix": "https://igx.4sqi.net/img/general/", "suffix": "/10025219_0ayW-sZbZzb5eL_Qm1iW9b8sDMn6mg5rJIz9Xd8OOpo.jpg", "venue": {"contact": {"phone": "+60322836090", "formattedPhone": "+60 3-2283 6090"}, "name": "Purple Cane (\u7d2b\u85e4\u8336\u539f)", "categories": [{"name": "Chinese Restaurant", "shortName": "Chinese", "primary": true, "icon": {"prefix": "https://ss3.4sqi.net/img/categories_v2/food/asian_", "suffix": ".png"}, "id": "4bf58dd8d48988d145941735", "pluralName": "Chinese Restaurants"}], "beenHere": {"lastCheckinExpiredAt": 0}, "stats": {"checkinsCount": 6229, "tipCount": 98, "usersCount": 3623}, "verified": false, "url": "http://www.purplecane.my", "id": "4b5e7ac3f964a520499029e3", "location": {"country": "Malaysia", "state": "Kuala Lumpur", "formattedAddress": ["The Gardens Mall (LG-206)", "59200 Kuala Lumpur, Kuala Lumpur", "Malaysia"], "cc": "MY", "lat": 3.1182226894530514, "labeledLatLngs": [{"lng": 101.67651414871216, "lat": 3.1182226894530514, "label": "display"}], "postalCode": "59200", "address": "The Gardens Mall", "lng": 101.67651414871216, "city": "Kuala Lumpur", "crossStreet": "LG-206"}, "like": false, "allowMenuUrlEdit": true}, "height": 717}, {"width": 959, "visibility": "public", "createdAt": 1371376266, "id": "51bd8a8a498e9339aceb946f", "source": {"name": "Foursquare for iOS", "url": "https://foursquare.com/download/#/iphone"}, "prefix": "https://igx.4sqi.net/img/general/", "suffix": "/10025219_jkc4LYyBwd1lOMR0xP6kxC1wnCZnEpkylr5LEXHg96M.jpg", "venue": {"contact": {"phone": "+60389920888", "formattedPhone": "+60 3-8992 0888"}, "categories": [{"name": "Stadium", "shortName": "Stadium", "primary": true, "icon": {"prefix": "https://ss3.4sqi.net/img/categories_v2/arts_entertainment/stadium_", "suffix": ".png"}, "id": "4bf58dd8d48988d184941735", "pluralName": "Stadiums"}], "beenHere": {"lastCheckinExpiredAt": 0}, "location": {"country": "Malaysia", "formattedAddress": ["Lebuhraya Bukit Jalil", "57700 Bukit Jalil, Kuala Lumpur", "Malaysia"], "cc": "MY", "lat": 3.053718046134348, "postalCode": "57700", "address": "Lebuhraya Bukit Jalil", "lng": 101.69284343719482, "city": "Bukit Jalil", "state": "Kuala Lumpur"}, "like": false, "allowMenuUrlEdit": true, "name": "Stadium Putra Bukit Jalil (Putra Indoor Stadium)", "url": "http://www.stadium.gov.my/site?PageSelId=99", "stats": {"checkinsCount": 32532, "tipCount": 85, "usersCount": 21534}, "verified": false, "id": "4ba48412f964a520c7a138e3", "storeId": ""}, "height": 717}, {"tip": {"todo": {"count": 0}, "type": "user", "agreeCount": 3, "text": "Best dim sum in uptown!", "createdAt": 1366759905, "logView": true, "id": "517719e1e4b043f489039b09", "disagreeCount": 0, "canonicalUrl": "https://foursquare.com/item/517719e1e4b043f489039b09", "likes": {"summary": "3 likes", "groups": [{"type": "others", "count": 3, "items": [{"firstName": "DC", "id": "55884935", "photo": {"prefix": "https://igx.4sqi.net/img/user/", "suffix": "/V30POD21YVXSJ3YV.jpg"}, "gender": "male", "lastName": "Ronnie"}, {"firstName": "Jess Cath", "id": "8854195", "photo": {"prefix": "https://igx.4sqi.net/img/user/", "suffix": "/THVCX24OFSA344OA.jpg"}, "gender": "female", "lastName": "\u9ec4\u8d35\u683e"}, {"firstName": "Kurosaki_ichini", "id": "4454336", "photo": {"prefix": "https://igx.4sqi.net/img/user/", "suffix": "/4454336-1DGPDD135SMP55W4.jpg"}, "gender": "male", "lastName": "EDi"}]}], "count": 3}, "like": false}, "width": 1918, "visibility": "public", "createdAt": 1366759918, "id": "517719eee4b0c9d225a54f10", "source": {"name": "Foursquare for iOS", "url": "https://foursquare.com/download/#/iphone"}, "prefix": "https://igx.4sqi.net/img/general/", "suffix": "/10025219_YNU2gHWfI-KjFiCKBxUBfr8IxinfUMCs46qi7q4Pnd8.jpg", "venue": {"contact": {}, "name": "Ho Choon Sien (Dim Sum)", "categories": [{"name": "Dim Sum Restaurant", "shortName": "Dim Sum", "primary": true, "icon": {"prefix": "https://ss3.4sqi.net/img/categories_v2/food/dimsum_", "suffix": ".png"}, "id": "4bf58dd8d48988d1f5931735", "pluralName": "Dim Sum Restaurants"}], "beenHere": {"lastCheckinExpiredAt": 0}, "stats": {"checkinsCount": 1740, "tipCount": 20, "usersCount": 688}, "verified": false, "id": "4bdb9c3a63c5c9b61cfd2868", "location": {"country": "Malaysia", "formattedAddress": ["47400 Petaling Jaya, Selangor", "Malaysia"], "cc": "MY", "lat": 3.1370689063488575, "labeledLatLngs": [{"lng": 101.62312397038514, "lat": 3.1370689063488575, "label": "display"}], "postalCode": "47400", "state": "Selangor", "lng": 101.62312397038514, "city": "Petaling Jaya"}, "like": false, "allowMenuUrlEdit": true}, "height": 1434}, {"width": 717, "visibility": "public", "createdAt": 1358593624, "id": "50fa7e58e4b03e4ea1cb0f14", "source": {"name": "Foursquare for iOS", "url": "https://foursquare.com/download/#/iphone"}, "prefix": "https://igx.4sqi.net/img/general/", "suffix": "/10025219_qhyrIGxlRPgH6jiO6FkRg-nuRJIr8GeVxxDbh5r7cJg.jpg", "venue": {"contact": {"facebookUsername": "paradisegroupmsia", "facebookName": "Paradise Group Malaysia", "phone": "+60378875022", "facebook": "113037768814794", "formattedPhone": "+60 3-7887 5022"}, "name": "Paradise Dynasty (\u6a02\u5929\u7687\u671d)", "categories": [{"name": "Dumpling Restaurant", "shortName": "Dumplings", "primary": true, "icon": {"prefix": "https://ss3.4sqi.net/img/categories_v2/food/dumplings_", "suffix": ".png"}, "id": "4bf58dd8d48988d108941735", "pluralName": "Dumpling Restaurants"}], "beenHere": {"lastCheckinExpiredAt": 0}, "stats": {"checkinsCount": 8318, "tipCount": 113, "usersCount": 4802}, "verified": false, "url": "http://www.paradisefnb.com.my", "id": "4fbce771e4b04e551e4e3311", "location": {"country": "Malaysia", "state": "Selangor", "formattedAddress": ["Paradigm Mall (Lot 1F-15), Jalan SS 7/26A", "47301 Petaling Jaya, Selangor", "Malaysia"], "cc": "MY", "lat": 3.105345643434482, "labeledLatLngs": [{"lng": 101.59585475921631, "lat": 3.105345643434482, "label": "display"}], "postalCode": "47301", "address": "Paradigm Mall (Lot 1F-15), Jalan SS 7/26A", "lng": 101.59585475921631, "city": "Petaling Jaya", "neighborhood": "Kelana Jaya"}, "like": false, "allowMenuUrlEdit": true}, "height": 959}, {"width": 537, "visibility": "public", "createdAt": 1345945250, "id": "50397ea2e4b01bb806a46b5d", "source": {"name": "Foursquare for iOS", "url": "https://foursquare.com/download/#/iphone"}, "prefix": "https://igx.4sqi.net/img/general/", "suffix": "/4rlHzC2G8ZvWMXhNjE0P_vyoKbsLEgaA_5GUsegpcWQ.jpg", "venue": {"contact": {}, "name": "Ho Choon Sien (Dim Sum)", "categories": [{"name": "Dim Sum Restaurant", "shortName": "Dim Sum", "primary": true, "icon": {"prefix": "https://ss3.4sqi.net/img/categories_v2/food/dimsum_", "suffix": ".png"}, "id": "4bf58dd8d48988d1f5931735", "pluralName": "Dim Sum Restaurants"}], "beenHere": {"lastCheckinExpiredAt": 0}, "stats": {"checkinsCount": 1740, "tipCount": 20, "usersCount": 688}, "verified": false, "id": "4bdb9c3a63c5c9b61cfd2868", "location": {"country": "Malaysia", "formattedAddress": ["47400 Petaling Jaya, Selangor", "Malaysia"], "cc": "MY", "lat": 3.1370689063488575, "labeledLatLngs": [{"lng": 101.62312397038514, "lat": 3.1370689063488575, "label": "display"}], "postalCode": "47400", "state": "Selangor", "lng": 101.62312397038514, "city": "Petaling Jaya"}, "like": false, "allowMenuUrlEdit": true}, "height": 720}, {"width": 720, "visibility": "public", "createdAt": 1345894202, "id": "5038b73ae4b0fc35e3f3ccf2", "source": {"name": "Foursquare for iOS", "url": "https://foursquare.com/download/#/iphone"}, "prefix": "https://igx.4sqi.net/img/general/", "suffix": "/MiD8oeF591SQNLoQG3XpjQOW8yqRSbw7y4oH-WMiySE.jpg", "venue": {"contact": {"phone": "+60162051121", "formattedPhone": "+60 16-205 1121"}, "name": "Coconut Grove", "categories": [{"name": "Dessert Shop", "shortName": "Desserts", "primary": true, "icon": {"prefix": "https://ss3.4sqi.net/img/categories_v2/food/dessert_", "suffix": ".png"}, "id": "4bf58dd8d48988d1d0941735", "pluralName": "Dessert Shops"}], "beenHere": {"lastCheckinExpiredAt": 0}, "stats": {"checkinsCount": 3050, "tipCount": 41, "usersCount": 1125}, "verified": false, "url": "http://coconutgrove.com.my", "id": "4e589197483b865169d2d777", "location": {"country": "Malaysia", "state": "Selangor", "formattedAddress": ["G-B.02 BU11. Oasis business centre (Persiaran Tropicana)", "47410 Petaling Jaya, Selangor", "Malaysia"], "cc": "MY", "lat": 3.1247226035065183, "labeledLatLngs": [{"lng": 101.60285456160668, "lat": 3.1247226035065183, "label": "display"}], "postalCode": "47410", "address": "G-B.02 BU11. Oasis business centre", "lng": 101.60285456160668, "city": "Petaling Jaya", "crossStreet": "Persiaran Tropicana"}, "like": false, "allowMenuUrlEdit": true}, "height": 537}, {"width": 720, "visibility": "public", "createdAt": 1343623818, "id": "5016128ae4b0e3a6f55d032c", "source": {"name": "Foursquare for iOS", "url": "https://foursquare.com/download/#/iphone"}, "prefix": "https://igx.4sqi.net/img/general/", "suffix": "/Q3S3nrbOVp_ZCgoFtan-qSbK5QisiXFkv33IaW_N98U.jpg", "venue": {"contact": {"phone": "+60322821576", "formattedPhone": "+60 3-2282 1576"}, "name": "Plan B", "categories": [{"name": "Caf\u00e9", "shortName": "Caf\u00e9", "primary": true, "icon": {"prefix": "https://ss3.4sqi.net/img/categories_v2/food/cafe_", "suffix": ".png"}, "id": "4bf58dd8d48988d16d941735", "pluralName": "Caf\u00e9s"}], "beenHere": {"lastCheckinExpiredAt": 0}, "stats": {"checkinsCount": 16240, "tipCount": 188, "usersCount": 11261}, "verified": false, "url": "http://thebiggroup.co/planb/", "id": "4fb0c29ae4b0c824b9582b3a", "location": {"country": "Malaysia", "state": "Kuala Lumpur", "formattedAddress": ["Mid Valley Megamall (Lot G-073-075)", "59200 Kuala Lumpur, Kuala Lumpur", "Malaysia"], "cc": "MY", "lat": 3.1164419801756984, "labeledLatLngs": [{"lng": 101.67630772236367, "lat": 3.1164419801756984, "label": "display"}], "postalCode": "59200", "address": "Mid Valley Megamall", "lng": 101.67630772236367, "city": "Kuala Lumpur", "crossStreet": "Lot G-073-075"}, "like": false, "allowMenuUrlEdit": true}, "height": 537}, {"width": 537, "visibility": "public", "createdAt": 1332640508, "id": "4f6e7afce4b09e7355a5cff3", "source": {"name": "Foursquare for iOS", "url": "https://foursquare.com/download/#/iphone"}, "prefix": "https://igx.4sqi.net/img/general/", "suffix": "/9JNF6_Rke28hrl-Dg1U5rBJqMJwZi0Ag-OXquUJFLTo.jpg", "venue": {"contact": {"phone": "+60177701121", "formattedPhone": "+60 17-770 1121"}, "name": "Pun Chun Noodle House \u54c1\u73cd\u9762\u4e4b\u5bb6", "categories": [{"name": "Noodle House", "shortName": "Noodles", "primary": true, "icon": {"prefix": "https://ss3.4sqi.net/img/categories_v2/food/ramen_", "suffix": ".png"}, "id": "4bf58dd8d48988d1d1941735", "pluralName": "Noodle Houses"}], "beenHere": {"lastCheckinExpiredAt": 0}, "stats": {"checkinsCount": 3105, "tipCount": 63, "usersCount": 1350}, "verified": false, "id": "4edd9fa893ad464d2c5aa768", "location": {"country": "Malaysia", "state": "Selangor", "formattedAddress": ["H-G-21, Block H, Jalan PJU 1A/3, Taipan 2 Damansara, Ara Damansara, (Ara Damansara)", "47300 Petaling Jaya, Selangor", "Malaysia"], "cc": "MY", "lat": 3.117945986462992, "labeledLatLngs": [{"lng": 101.57873533510546, "lat": 3.117945986462992, "label": "display"}], "postalCode": "47300", "address": "H-G-21, Block H, Jalan PJU 1A/3, Taipan 2 Damansara, Ara Damansara,", "lng": 101.57873533510546, "city": "Petaling Jaya", "crossStreet": "Ara Damansara"}, "like": false, "allowMenuUrlEdit": true}, "height": 720}, {"width": 537, "visibility": "public", "createdAt": 1331999719, "id": "4f64b3e7e4b04b2443d634dd", "source": {"name": "Foursquare for iOS", "url": "https://foursquare.com/download/#/iphone"}, "prefix": "https://igx.4sqi.net/img/general/", "suffix": "/FfgGoIx0gYoFXtBBnbmtX__ynfQstzBRj-e8aFo9FC8.jpg", "venue": {"contact": {"phone": "+60323822828", "formattedPhone": "+60 3-2382 2828"}, "name": "Suria KLCC", "categories": [{"name": "Shopping Mall", "shortName": "Mall", "primary": true, "icon": {"prefix": "https://ss3.4sqi.net/img/categories_v2/shops/mall_", "suffix": ".png"}, "id": "4bf58dd8d48988d1fd941735", "pluralName": "Shopping Malls"}], "beenHere": {"lastCheckinExpiredAt": 0}, "stats": {"checkinsCount": 978363, "tipCount": 1307, "usersCount": 232186}, "verified": false, "url": "http://www.suriaklcc.com.my/index.html", "id": "4b0b7f81f964a520e93123e3", "location": {"country": "Malaysia", "state": "Kuala Lumpur", "formattedAddress": ["Kuala Lumpur City Centre (Jalan Ampang)", "50088 Kuala Lumpur, Kuala Lumpur", "Malaysia"], "cc": "MY", "lat": 3.1575186502974235, "postalCode": "50088", "address": "Kuala Lumpur City Centre", "lng": 101.71244778241585, "city": "Kuala Lumpur", "crossStreet": "Jalan Ampang"}, "like": false}, "height": 720}, {"width": 720, "visibility": "public", "createdAt": 1331989025, "id": "4f648a21e4b0c65cc4562e40", "source": {"name": "Foursquare for iOS", "url": "https://foursquare.com/download/#/iphone"}, "prefix": "https://igx.4sqi.net/img/general/", "suffix": "/j7oHsZqVVrawVflHp-ZB1d6jtWELB8gdcspVLmR5aPM.jpg", "venue": {"contact": {"phone": "+60379806008", "formattedPhone": "+60 3-7980 6008"}, "name": "Chongqing Chicken Hot Pot (\u91cd\u5e86\u9e21\u516c\u7172)", "categories": [{"name": "Hotpot Restaurant", "shortName": "Hotpot", "primary": true, "icon": {"prefix": "https://ss3.4sqi.net/img/categories_v2/food/asian_", "suffix": ".png"}, "id": "52af0bd33cf9994f4e043bdd", "pluralName": "Hotpot Restaurants"}], "beenHere": {"lastCheckinExpiredAt": 0}, "stats": {"checkinsCount": 6686, "tipCount": 67, "usersCount": 3106}, "verified": false, "id": "4ccd55b8aa25a35d9f7e1a0f", "location": {"country": "Malaysia", "formattedAddress": ["21, Jalan Kuchai Maju 8", "58200 Seputeh, Kuala Lumpur", "Malaysia"], "cc": "MY", "lat": 3.0897204978632273, "labeledLatLngs": [{"lng": 101.68733417987823, "lat": 3.0897204978632273, "label": "display"}], "postalCode": "58200", "address": "21, Jalan Kuchai Maju 8", "lng": 101.68733417987823, "city": "Seputih", "state": "Kuala Lumpur"}, "like": false, "allowMenuUrlEdit": true}, "height": 537}, {"width": 537, "visibility": "public", "createdAt": 1330221273, "id": "4f4990d9e4b0eddb523b7cfc", "source": {"name": "Foursquare for iOS", "url": "https://foursquare.com/download/#/iphone"}, "prefix": "https://igx.4sqi.net/img/general/", "suffix": "/nWroSr901t3cB1QPVQNI--cQ3ZyMmRkFy_p3HBIm71s.jpg", "venue": {"contact": {"twitter": "majujunction", "phone": "+60327728536", "formattedPhone": "+60 3-2772 8536"}, "name": "Maju Junction Mall", "categories": [{"name": "Shopping Mall", "shortName": "Mall", "primary": true, "icon": {"prefix": "https://ss3.4sqi.net/img/categories_v2/shops/mall_", "suffix": ".png"}, "id": "4bf58dd8d48988d1fd941735", "pluralName": "Shopping Malls"}], "beenHere": {"lastCheckinExpiredAt": 0}, "stats": {"checkinsCount": 29874, "tipCount": 89, "usersCount": 16337}, "verified": true, "url": "http://www.majujunction.com", "venuePage": {"id": "68296597"}, "id": "4b8e0db2f964a520031733e3", "location": {"country": "Malaysia", "formattedAddress": ["1001, Jalan Sultan Ismail", "50250 Kuala Lumpur, Kuala Lumpur", "Malaysia"], "cc": "MY", "lat": 3.159112033467975, "postalCode": "50250", "address": "1001, Jalan Sultan Ismail", "lng": 101.69636359883236, "city": "Kuala Lumpur", "state": "Kuala Lumpur"}, "like": false}, "height": 720}]}}, "notifications": [{"type": "notificationTray", "item": {"unreadCount": 0}}], "meta": {"requestId": "595b80084c1f677020d531eb", "code": 200}}