{"meta": {"code": 200, "requestId": "595b1d06f594df3c0ba48835"}, "notifications": [{"item": {"unreadCount": 0}, "type": "notificationTray"}], "response": {"photos": {"items": [{"height": 2988, "source": {"url": "https://foursquare.com/download/#/android", "name": "Foursquare for Android"}, "width": 5312, "prefix": "https://igx.4sqi.net/img/general/", "createdAt": 1493465546, "id": "590479caa22db720a4f79c3d", "venue": {"venueRatingBlacklisted": true, "like": false, "location": {"city": "Si\u0115mr\u00e9ab", "state": "Siem Reap", "cc": "KH", "country": "\u1780\u1798\u17d2\u1796\u17bb\u1787\u17b6", "lat": 13.23092201176239, "lng": 103.82148742675781, "labeledLatLngs": [{"label": "display", "lat": 13.23092201176239, "lng": 103.82148742675781}], "formattedAddress": ["Si\u0115mr\u00e9ab", "\u1780\u1798\u17d2\u1796\u17bb\u1787\u17b6"]}, "categories": [{"icon": {"prefix": "https://ss3.4sqi.net/img/categories_v2/parks_outdoors/lake_", "suffix": ".png"}, "name": "Lake", "id": "4bf58dd8d48988d161941735", "pluralName": "Lakes", "primary": true, "shortName": "Lake"}], "verified": false, "contact": {}, "beenHere": {"lastCheckinExpiredAt": 0}, "stats": {"tipCount": 28, "usersCount": 1548, "checkinsCount": 1672}, "id": "4de8cb92b0fbcb7c9acb399f", "name": "Tonle Sap Lake"}, "suffix": "/10024648_56q1mRcyjrCjWvz3Hp7UkJVvFiHdnMBCmqtMSMboo68.jpg", "visibility": "public"}, {"height": 3735, "source": {"url": "https://foursquare.com/download/#/android", "name": "Foursquare for Android"}, "tip": {"agreeCount": 0, "canonicalUrl": "https://foursquare.com/item/584ed6f6e9233e19d56bbe7c", "todo": {"count": 0}, "logView": true, "disagreeCount": 0, "createdAt": 1481561846, "id": "584ed6f6e9233e19d56bbe7c", "text": "Cozy interior", "likes": {"groups": [], "count": 0}, "like": false, "type": "user"}, "width": 2988, "prefix": "https://igx.4sqi.net/img/general/", "createdAt": 1481561877, "id": "584ed71513af1c17c9210cb5", "venue": {"like": false, "location": {"formattedAddress": ["64/3 Pan Rd", "\u0e1a\u0e32\u0e07\u0e23\u0e31\u0e01", "\u0e01\u0e23\u0e38\u0e07\u0e40\u0e17\u0e1e\u0e21\u0e2b\u0e32\u0e19\u0e04\u0e23 10500", "\u0e1b\u0e23\u0e30\u0e40\u0e17\u0e28\u0e44\u0e17\u0e22"], "city": "\u0e1a\u0e32\u0e07\u0e23\u0e31\u0e01", "lng": 100.52389056728124, "cc": "TH", "state": "\u0e01\u0e23\u0e38\u0e07\u0e40\u0e17\u0e1e\u0e21\u0e2b\u0e32\u0e19\u0e04\u0e23", "lat": 13.721643167120753, "address": "64/3 Pan Rd", "labeledLatLngs": [{"label": "display", "lat": 13.721643167120753, "lng": 100.52389056728124}], "postalCode": "10500", "country": "\u0e1b\u0e23\u0e30\u0e40\u0e17\u0e28\u0e44\u0e17\u0e22"}, "categories": [{"icon": {"prefix": "https://ss3.4sqi.net/img/categories_v2/food/cafe_", "suffix": ".png"}, "name": "Caf\u00e9", "id": "4bf58dd8d48988d16d941735", "pluralName": "Caf\u00e9s", "primary": true, "shortName": "Caf\u00e9"}], "verified": false, "contact": {"formattedPhone": "+66 2 637 8558", "phone": "+6626378558"}, "allowMenuUrlEdit": true, "stats": {"tipCount": 59, "usersCount": 616, "checkinsCount": 988}, "id": "562f4971498e2a51cd30a199", "name": "Luka (\u0e25\u0e39\u0e01\u0e49\u0e32)", "beenHere": {"lastCheckinExpiredAt": 0}}, "suffix": "/10024648_6Nk5HiQMgfxlMrPpCEMt1WZg5WLlfCt3UOglqYv41Dw.jpg", "visibility": "public"}, {"height": 2988, "source": {"url": "https://foursquare.com/download/#/android", "name": "Foursquare for Android"}, "tip": {"agreeCount": 0, "canonicalUrl": "https://foursquare.com/item/56d10261498e72090a1729e8", "todo": {"count": 0}, "logView": true, "disagreeCount": 0, "createdAt": 1456538209, "id": "56d10261498e72090a1729e8", "text": "Nice want tan mee. Prawn wantan taste so good and fresh", "likes": {"groups": [], "count": 0}, "like": false, "type": "user"}, "width": 5312, "prefix": "https://igx.4sqi.net/img/general/", "createdAt": 1456538239, "id": "56d1027fcd10374706b63a24", "venue": {"like": false, "location": {"lng": 101.76771545410156, "cc": "MY", "country": "Malaysia", "lat": 3.0450589656829834, "address": "Medan Selera Cheras Perdana", "labeledLatLngs": [{"label": "display", "lat": 3.0450589656829834, "lng": 101.76771545410156}], "formattedAddress": ["Medan Selera Cheras Perdana", "Malaysia"]}, "categories": [{"icon": {"prefix": "https://ss3.4sqi.net/img/categories_v2/food/ramen_", "suffix": ".png"}, "name": "Noodle House", "id": "4bf58dd8d48988d1d1941735", "pluralName": "Noodle Houses", "primary": true, "shortName": "Noodles"}], "verified": false, "contact": {}, "allowMenuUrlEdit": true, "stats": {"tipCount": 1, "usersCount": 5, "checkinsCount": 6}, "id": "4fc05a94e4b05190683fefb0", "name": "\u963f\u9f99\u725b\u8089\u7c89", "beenHere": {"lastCheckinExpiredAt": 0}}, "suffix": "/10024648_tU0dAAEWQq81PJjUmu2VpFnxh1tVsxN9JKlsXMzfedY.jpg", "visibility": "public"}, {"height": 1440, "source": {"url": "https://foursquare.com/download/#/iphone", "name": "Foursquare for iOS"}, "tip": {"agreeCount": 1, "canonicalUrl": "https://foursquare.com/item/5583b993498e18edd5863ce9", "todo": {"count": 0}, "logView": true, "disagreeCount": 0, "createdAt": 1434696083, "id": "5583b993498e18edd5863ce9", "text": "If there is a wifi, I guess I can stay here whole day", "likes": {"groups": [{"items": [{"photo": {"prefix": "https://igx.4sqi.net/img/user/", "suffix": "/126006627-GDBURMUTHXDVBGGO.jpg"}, "id": "126006627", "firstName": "M", "gender": "female", "lastName": "C"}], "count": 1, "type": "others"}], "count": 1, "summary": "1 like"}, "like": false, "type": "user"}, "width": 1440, "prefix": "https://igx.4sqi.net/img/general/", "createdAt": 1434696087, "id": "5583b997498e7a1da96755ad", "venue": {"url": "http://room111.co", "like": false, "location": {"formattedAddress": ["399/5 Si Lom Rd (at Soi 7)", "\u0e1a\u0e32\u0e07\u0e23\u0e31\u0e01", "\u0e01\u0e23\u0e38\u0e07\u0e40\u0e17\u0e1e\u0e21\u0e2b\u0e32\u0e19\u0e04\u0e23 10500", "\u0e1b\u0e23\u0e30\u0e40\u0e17\u0e28\u0e44\u0e17\u0e22"], "city": "\u0e1a\u0e32\u0e07\u0e23\u0e31\u0e01", "lng": 100.52916930511566, "cc": "TH", "state": "\u0e01\u0e23\u0e38\u0e07\u0e40\u0e17\u0e1e\u0e21\u0e2b\u0e32\u0e19\u0e04\u0e23", "crossStreet": "at Soi 7", "lat": 13.72538725625829, "address": "399/5 Si Lom Rd", "labeledLatLngs": [{"label": "display", "lat": 13.72538725625829, "lng": 100.52916930511566}], "postalCode": "10500", "country": "\u0e1b\u0e23\u0e30\u0e40\u0e17\u0e28\u0e44\u0e17\u0e22"}, "categories": [{"icon": {"prefix": "https://ss3.4sqi.net/img/categories_v2/food/coffeeshop_", "suffix": ".png"}, "name": "Coffee Shop", "id": "4bf58dd8d48988d1e0931735", "pluralName": "Coffee Shops", "primary": true, "shortName": "Coffee Shop"}], "verified": false, "contact": {"formattedPhone": "+66 91 979 5466", "phone": "+66919795466", "facebookName": "Room111", "facebookUsername": "Room111Thailand", "facebook": "234714783383096"}, "allowMenuUrlEdit": true, "stats": {"tipCount": 18, "usersCount": 470, "checkinsCount": 641}, "id": "552a2aa9498e00d18e7052ac", "name": "Slow Caf\u00e9 by Room 111 (\u0e2a\u0e42\u0e25\u0e27\u0e4c\u0e04\u0e32\u0e40\u0e1f\u0e48 \u0e1a\u0e32\u0e22 \u0e23\u0e39\u0e21 111)", "beenHere": {"lastCheckinExpiredAt": 0}}, "suffix": "/10024648_-Xcp3Jp8t-i-VLXCfD1fiI5DgS9mpep5cyRSZccxNps.jpg", "visibility": "public"}, {"height": 720, "source": {"url": "https://foursquare.com/download/#/iphone", "name": "Foursquare for iOS"}, "width": 720, "prefix": "https://igx.4sqi.net/img/general/", "createdAt": 1390451998, "id": "52e09d1e498e2bc539709347", "venue": {"url": "http://d.hatena.ne.jp/kafekosen/", "like": false, "location": {"city": "\u4eac\u90fd\u5e02", "lng": 135.76951503753662, "cc": "JP", "state": "\u4eac\u90fd\u5e9c", "crossStreet": "\u6cb3\u539f\u753a\u901a\u4eca\u51fa\u5ddd\u4e0b\u30eb / \u6e05\u548c\u30c6\u30ca\u30f3\u30c8\u30cf\u30a6\u30b92F", "lat": 35.02735194340925, "address": "\u4e0a\u4eac\u533a\u68b6\u4e95\u753a448", "labeledLatLngs": [{"label": "display", "lat": 35.02735194340925, "lng": 135.76951503753662}], "formattedAddress": ["\u4e0a\u4eac\u533a\u68b6\u4e95\u753a448 (\u6cb3\u539f\u753a\u901a\u4eca\u51fa\u5ddd\u4e0b\u30eb / \u6e05\u548c\u30c6\u30ca\u30f3\u30c8\u30cf\u30a6\u30b92F)", "\u4eac\u90fd\u5e02, \u4eac\u90fd\u5e9c", "\u65e5\u672c"], "country": "\u65e5\u672c"}, "categories": [{"icon": {"prefix": "https://ss3.4sqi.net/img/categories_v2/food/coffeeshop_", "suffix": ".png"}, "name": "Coffee Shop", "id": "4bf58dd8d48988d1e0931735", "pluralName": "Coffee Shops", "primary": true, "shortName": "Coffee Shop"}], "verified": false, "contact": {"formattedPhone": "+81 75-211-5398", "twitter": "kafekosen", "phone": "+81752115398"}, "allowMenuUrlEdit": true, "stats": {"tipCount": 7, "usersCount": 251, "checkinsCount": 386}, "id": "4b78efb9f964a520cce62ee3", "name": "Kafe Kosen (KAFE\u5de5\u8239)", "beenHere": {"lastCheckinExpiredAt": 0}}, "suffix": "/10024648_0w9jx849Ns4W9vuOp1KehjIka-B5jV_qwm9B5cj6t_c.jpg", "visibility": "public"}, {"height": 720, "source": {"url": "https://foursquare.com/download/#/android", "name": "Foursquare for Android"}, "width": 960, "prefix": "https://igx.4sqi.net/img/general/", "createdAt": 1379382462, "id": "5237b4be11d28a3c70e96872", "venue": {"url": "http://www.utc.edu.vn", "like": false, "location": {"formattedAddress": ["L\u00e1ng Th\u01b0\u1ee3ng", "\u0110\u1ed1ng \u0110a", "Th\u00e0nh Ph\u1ed1 H\u00e0 N\u1ed9i", "Vi\u1ec7t Nam"], "city": "\u0110\u1ed1ng \u0110a", "lng": 105.80304480993713, "cc": "VN", "state": "Th\u00e0nh Ph\u1ed1 H\u00e0 N\u1ed9i", "lat": 21.027698710842714, "address": "L\u00e1ng Th\u01b0\u1ee3ng", "labeledLatLngs": [{"label": "display", "lat": 21.027698710842714, "lng": 105.80304480993713}], "postalCode": "10000", "country": "Vi\u1ec7t Nam"}, "categories": [{"icon": {"prefix": "https://ss3.4sqi.net/img/categories_v2/education/default_", "suffix": ".png"}, "name": "University", "id": "4bf58dd8d48988d1ae941735", "pluralName": "Universities", "primary": true, "shortName": "University"}], "verified": false, "contact": {"formattedPhone": "+84 4 3766 3311", "phone": "+84437663311"}, "beenHere": {"lastCheckinExpiredAt": 0}, "stats": {"tipCount": 1, "usersCount": 111, "checkinsCount": 318}, "id": "4e43308ac65b8210945c6965", "name": "Tr\u01b0\u1eddng \u0110\u1ea1i h\u1ecdc giao th\u00f4ng v\u1eadn t\u1ea3i c\u01a1 s\u1edf I", "venueRatingBlacklisted": true}, "suffix": "/10024648_fiLQrcCkPNDmzrKqEDCtzt_z6qXISwjOlC5oOOL578o.jpg", "visibility": "public"}, {"height": 461, "source": {"url": "https://foursquare.com/download/#/blackberry", "name": "Foursquare for BlackBerry"}, "width": 346, "prefix": "https://igx.4sqi.net/img/general/", "createdAt": 1331876976, "id": "4f62d470e4b06367b86131a7", "venue": {"like": false, "location": {"cc": "HK", "country": "\u9999\u6e2f", "lat": 22.253223, "lng": 113.861745, "labeledLatLngs": [{"label": "display", "lat": 22.253223, "lng": 113.861745}], "formattedAddress": ["\u9999\u6e2f"]}, "categories": [{"icon": {"prefix": "https://ss3.4sqi.net/img/categories_v2/food/cafe_", "suffix": ".png"}, "name": "Caf\u00e9", "id": "4bf58dd8d48988d16d941735", "pluralName": "Caf\u00e9s", "primary": true, "shortName": "Caf\u00e9"}], "verified": false, "contact": {}, "allowMenuUrlEdit": true, "stats": {"tipCount": 1, "usersCount": 38, "checkinsCount": 39}, "id": "4c6a56d135d3be9aed972106", "name": "\u5927\u6fb3\u8c46\u8150\u82b1", "beenHere": {"lastCheckinExpiredAt": 0}}, "suffix": "/mwc-7dy1aJetM5uOBAyEOv7yg_4gWJuVzPGkJM-qg_8.jpg", "visibility": "public"}, {"height": 461, "source": {"url": "https://foursquare.com/download/#/blackberry", "name": "Foursquare for BlackBerry"}, "width": 346, "prefix": "https://igx.4sqi.net/img/general/", "createdAt": 1325652861, "id": "4f03db7d46905a3983fa438b", "venue": {"like": false, "location": {"formattedAddress": ["71, Jalan Dato Haji Harun (Taman Taynton View)", "56000 Kuala Lumpur, Kuala Lumpur", "Malaysia"], "city": "Kuala Lumpur", "lng": 101.736616, "cc": "MY", "state": "Kuala Lumpur", "crossStreet": "Taman Taynton View", "lat": 3.087985, "address": "71, Jalan Dato Haji Harun", "labeledLatLngs": [{"label": "display", "lat": 3.087985, "lng": 101.736616}], "postalCode": "56000", "country": "Malaysia"}, "categories": [{"icon": {"prefix": "https://ss3.4sqi.net/img/categories_v2/food/asian_", "suffix": ".png"}, "name": "Chinese Restaurant", "id": "4bf58dd8d48988d145941735", "pluralName": "Chinese Restaurants", "primary": true, "shortName": "Chinese"}], "verified": false, "contact": {"formattedPhone": "+60 3-9132 7269", "phone": "+60391327269"}, "allowMenuUrlEdit": true, "stats": {"tipCount": 67, "usersCount": 2725, "checkinsCount": 7319}, "id": "4b5bcbf6f964a520bc1629e3", "name": "Kedai Makanan Jin Man (\u91d1\u6ee1\u6ee1\u8336\u9910\u5e97/\u963f\u725b\u9c7c\u5706\u7c89)", "beenHere": {"lastCheckinExpiredAt": 0}}, "suffix": "/NMYTNG5IA0YS4UNCH4HMXAUT3SGEBDUPZNMGAUX15SAGC1BH.jpg", "visibility": "public"}], "count": 8}, "totalCount": 8}}