{"meta": {"code": 200, "requestId": "595ae636dd57972d41cba082"}, "notifications": [{"item": {"unreadCount": 0}, "type": "notificationTray"}], "response": {"photos": {"items": [{"height": 5312, "source": {"url": "https://www.swarmapp.com", "name": "Swarm for Android"}, "width": 2988, "prefix": "https://igx.4sqi.net/img/general/", "createdAt": 1475409251, "id": "57f0f563498ed8b7dde6378d", "venue": {"like": false, "location": {"formattedAddress": ["Jalan SS21/58", "47400 Petaling Jaya, Selangor", "Malaysia"], "city": "Petaling Jaya", "lng": 101.62214068152763, "cc": "MY", "state": "Selangor", "neighborhood": "Damansara Utama", "lat": 3.1370403272530956, "address": "Jalan SS21/58", "labeledLatLngs": [{"label": "display", "lat": 3.1370403272530956, "lng": 101.62214068152763}], "postalCode": "47400", "country": "Malaysia"}, "categories": [{"icon": {"prefix": "https://ss3.4sqi.net/img/categories_v2/food/asian_", "suffix": ".png"}, "name": "Chinese Restaurant", "id": "4bf58dd8d48988d145941735", "pluralName": "Chinese Restaurants", "primary": true, "shortName": "Chinese"}], "verified": false, "contact": {}, "allowMenuUrlEdit": true, "stats": {"tipCount": 20, "usersCount": 310, "checkinsCount": 804}, "id": "536b7497498e96229c6ea4c1", "name": "Tar Chong Mix Rice (\u5927\u4f17\u4ec0\u996d)", "beenHere": {"lastCheckinExpiredAt": 0}}, "suffix": "/10021669_hxJKMU2zoOnq5GaZbQyKtUdd9FaHlE3IPj5hOPCKmKk.jpg", "visibility": "public"}, {"height": 5312, "source": {"url": "https://www.swarmapp.com", "name": "Swarm for Android"}, "width": 2988, "prefix": "https://igx.4sqi.net/img/general/", "createdAt": 1475384071, "id": "57f09307cd10bbfcf930987a", "venue": {"like": false, "location": {"formattedAddress": ["Jalan PJU 8/5C", "47820 Petaling Jaya, Selangor", "Malaysia"], "city": "Petaling Jaya", "lng": 101.607393, "cc": "MY", "state": "Selangor", "lat": 3.165263, "address": "Jalan PJU 8/5C", "labeledLatLngs": [{"label": "display", "lat": 3.165263, "lng": 101.607393}], "postalCode": "47820", "country": "Malaysia"}, "categories": [{"icon": {"prefix": "https://ss3.4sqi.net/img/categories_v2/food/coffeeshop_", "suffix": ".png"}, "name": "Coffee Shop", "id": "4bf58dd8d48988d1e0931735", "pluralName": "Coffee Shops", "primary": true, "shortName": "Coffee Shop"}], "verified": false, "contact": {}, "allowMenuUrlEdit": true, "stats": {"tipCount": 31, "usersCount": 825, "checkinsCount": 2901}, "id": "4e1293c5b61c637b97b80aff", "name": "Black & White Kopitiam", "beenHere": {"lastCheckinExpiredAt": 0}}, "suffix": "/10021669_e0dU7mFI1fyPJycIm9AMPbf8Po0CdyILAJxbwlZ9wEI.jpg", "visibility": "public"}, {"height": 5312, "source": {"url": "https://www.swarmapp.com", "name": "Swarm for Android"}, "width": 2988, "prefix": "https://igx.4sqi.net/img/general/", "createdAt": 1474809694, "id": "57e7cf5e498e4349b749c3e4", "venue": {"like": false, "location": {"city": "Klang", "lng": 101.42853351538028, "cc": "MY", "state": "Selangor", "lat": 3.0286174355907294, "address": "Persiaran Raja Muda Musa", "labeledLatLngs": [{"label": "display", "lat": 3.0286174355907294, "lng": 101.42853351538028}], "formattedAddress": ["Persiaran Raja Muda Musa", "Kelang, Selangor", "Malaysia"], "country": "Malaysia"}, "categories": [{"icon": {"prefix": "https://ss3.4sqi.net/img/categories_v2/food/asian_", "suffix": ".png"}, "name": "Asian Restaurant", "id": "4bf58dd8d48988d142941735", "pluralName": "Asian Restaurants", "primary": true, "shortName": "Asian"}], "verified": false, "contact": {"formattedPhone": "+60 12-682 2633", "phone": "+60126822633"}, "allowMenuUrlEdit": true, "stats": {"tipCount": 19, "usersCount": 942, "checkinsCount": 2341}, "id": "4ce53ec25bf68cfad3ab3b17", "name": "Foo Chuan Seafood Restaurant", "beenHere": {"lastCheckinExpiredAt": 0}}, "suffix": "/10021669_Fw9zuEQpvx9jQB1zBVVBEaGvM75gH9h1cF6cBf63xFI.jpg", "visibility": "public"}, {"height": 2000, "source": {"url": "https://www.swarmapp.com", "name": "Swarm for Android"}, "width": 2000, "prefix": "https://igx.4sqi.net/img/general/", "createdAt": 1474789222, "id": "57e77f66498e440478297950", "venue": {"like": false, "location": {"formattedAddress": ["No. 17, Jalan 26/70A (Desa Sri Hartamas)", "50480 Kuala Lumpur, Kuala Lumpur", "Malaysia"], "city": "Kuala Lumpur", "lng": 101.64928178079464, "cc": "MY", "state": "Kuala Lumpur", "crossStreet": "Desa Sri Hartamas", "lat": 3.1618943323594686, "address": "No. 17, Jalan 26/70A", "labeledLatLngs": [{"label": "display", "lat": 3.1618943323594686, "lng": 101.64928178079464}], "postalCode": "50480", "country": "Malaysia"}, "categories": [{"icon": {"prefix": "https://ss3.4sqi.net/img/categories_v2/food/cafe_", "suffix": ".png"}, "name": "Caf\u00e9", "id": "4bf58dd8d48988d16d941735", "pluralName": "Caf\u00e9s", "primary": true, "shortName": "Caf\u00e9"}], "verified": false, "contact": {"formattedPhone": "+60 3-6201 0090", "phone": "+60362010090"}, "allowMenuUrlEdit": true, "stats": {"tipCount": 147, "usersCount": 3827, "checkinsCount": 6050}, "id": "5019f968e4b0458deedf21f3", "name": "BreadFruits", "beenHere": {"lastCheckinExpiredAt": 0}}, "suffix": "/10021669_IhPqNAUIJVRDc0IFd5t22y6Ok8ENT5UBSfNnzvJ3hdI.jpg", "visibility": "public"}, {"height": 5312, "source": {"url": "https://www.swarmapp.com", "name": "Swarm for Android"}, "width": 2988, "prefix": "https://igx.4sqi.net/img/general/", "createdAt": 1474717094, "id": "57e665a6498e8b028dd6b95d", "venue": {"like": false, "location": {"formattedAddress": ["Jalan PJS 8/12A (Sunway Mentari)", "47100 Petaling Jaya, Selangor", "Malaysia"], "city": "Petaling Jaya", "lng": 101.61289711364452, "cc": "MY", "state": "Selangor", "crossStreet": "Sunway Mentari", "lat": 3.0774982457583895, "address": "Jalan PJS 8/12A", "labeledLatLngs": [{"label": "display", "lat": 3.0774982457583895, "lng": 101.61289711364452}], "postalCode": "47100", "country": "Malaysia"}, "categories": [{"icon": {"prefix": "https://ss3.4sqi.net/img/categories_v2/food/malaysian_", "suffix": ".png"}, "name": "Malay Restaurant", "id": "4bf58dd8d48988d156941735", "pluralName": "Malay Restaurants", "primary": true, "shortName": "Malay"}], "verified": false, "contact": {}, "allowMenuUrlEdit": true, "stats": {"tipCount": 77, "usersCount": 6083, "checkinsCount": 8581}, "id": "4f8ff565e4b0814061c3151c", "name": "Fat One Steamboat Restaurant", "beenHere": {"lastCheckinExpiredAt": 0}}, "suffix": "/10021669_sX1hIa8Uqrsv_cGTRk4kVOFn9hjq0aPbNadNnmKw--Y.jpg", "visibility": "public"}, {"height": 5312, "source": {"url": "https://www.swarmapp.com", "name": "Swarm for Android"}, "width": 2988, "prefix": "https://igx.4sqi.net/img/general/", "createdAt": 1474686159, "id": "57e5eccfcd10347e473b0bd9", "venue": {"like": false, "location": {"formattedAddress": ["Jalan PJU 8/5 (Damansara Perdana)", "47820 Petaling Jaya, Selangor", "Malaysia"], "city": "Petaling Jaya", "lng": 101.60659818608023, "cc": "MY", "state": "Selangor", "crossStreet": "Damansara Perdana", "lat": 3.1646466527044406, "address": "Jalan PJU 8/5", "labeledLatLngs": [{"label": "display", "lat": 3.1646466527044406, "lng": 101.60659818608023}], "postalCode": "47820", "country": "Malaysia"}, "categories": [{"icon": {"prefix": "https://ss3.4sqi.net/img/categories_v2/food/asian_", "suffix": ".png"}, "name": "Chinese Restaurant", "id": "4bf58dd8d48988d145941735", "pluralName": "Chinese Restaurants", "primary": true, "shortName": "Chinese"}], "verified": false, "contact": {}, "allowMenuUrlEdit": true, "stats": {"tipCount": 55, "usersCount": 1125, "checkinsCount": 4301}, "id": "4de5a46fd1648041648e3df6", "name": "Restoran Four Eight 8888", "beenHere": {"lastCheckinExpiredAt": 0}}, "suffix": "/10021669_yltsHITLoumCFqCMIZn8VMH4Oe1Dn2ZSRvwwm9LskAw.jpg", "visibility": "public"}, {"height": 5312, "source": {"url": "https://www.swarmapp.com", "name": "Swarm for Android"}, "width": 2988, "prefix": "https://igx.4sqi.net/img/general/", "createdAt": 1474549794, "id": "57e3d822498e8b991b2ac253", "venue": {"like": false, "location": {"formattedAddress": ["28, Jalan SS 20/10, Damansara Kim", "47400 Petaling Jaya, Selangor", "Malaysia"], "city": "Petaling Jaya", "lng": 101.62915723599147, "cc": "MY", "state": "Selangor", "lat": 3.1356360590035104, "address": "28, Jalan SS 20/10, Damansara Kim", "labeledLatLngs": [{"label": "display", "lat": 3.1356360590035104, "lng": 101.62915723599147}], "postalCode": "47400", "country": "Malaysia"}, "categories": [{"icon": {"prefix": "https://ss3.4sqi.net/img/categories_v2/food/asian_", "suffix": ".png"}, "name": "Asian Restaurant", "id": "4bf58dd8d48988d142941735", "pluralName": "Asian Restaurants", "primary": true, "shortName": "Asian"}], "verified": false, "contact": {"formattedPhone": "+60 12-628 8896", "phone": "+60126288896"}, "allowMenuUrlEdit": true, "stats": {"tipCount": 81, "usersCount": 1921, "checkinsCount": 3890}, "id": "4c4e6d3192b6a593454de66f", "name": "SS20 Fish Head Noodle Restaurant", "beenHere": {"lastCheckinExpiredAt": 0}}, "suffix": "/10021669_dP70QIXD-sWpi-663kvRfNGrreBgU7IjQ-Lp9mDYKSA.jpg", "visibility": "public"}, {"height": 2988, "source": {"url": "https://www.swarmapp.com", "name": "Swarm for Android"}, "width": 5312, "prefix": "https://igx.4sqi.net/img/general/", "createdAt": 1474372254, "id": "57e1229e498e788c8816e4d8", "venue": {"like": false, "location": {"formattedAddress": ["9B Jalan Kemajuan", "47301 Petaling Jaya, Selangor", "Malaysia"], "city": "Petaling Jaya", "lng": 101.64237498650124, "cc": "MY", "state": "Selangor", "lat": 3.114363842750119, "address": "9B Jalan Kemajuan", "labeledLatLngs": [{"label": "display", "lat": 3.114363842750119, "lng": 101.64237498650124}], "postalCode": "47301", "country": "Malaysia"}, "categories": [{"icon": {"prefix": "https://ss3.4sqi.net/img/categories_v2/food/indian_", "suffix": ".png"}, "name": "Indian Restaurant", "id": "4bf58dd8d48988d10f941735", "pluralName": "Indian Restaurants", "primary": true, "shortName": "Indian"}], "verified": false, "contact": {"formattedPhone": "+60 12-396 8420", "phone": "+60123968420"}, "allowMenuUrlEdit": true, "stats": {"tipCount": 25, "usersCount": 680, "checkinsCount": 961}, "id": "51151709e4b0efdde28f1ce0", "name": "chappati.com", "beenHere": {"lastCheckinExpiredAt": 0}}, "suffix": "/10021669_ZCjTZ3YBvXcPj-5c4alPzQViIiFPsm15BGXNERul47A.jpg", "visibility": "public"}, {"height": 5312, "source": {"url": "https://www.swarmapp.com", "name": "Swarm for Android"}, "width": 2988, "prefix": "https://igx.4sqi.net/img/general/", "createdAt": 1474289997, "id": "57dfe14d498e923fc6c58810", "venue": {"url": "http://sbansp.com", "like": false, "location": {"formattedAddress": ["Pasar Besar Negeri Sembilan (LG1-57, Tingkat Bawah Tanah)", "70200 Seremban, Negeri Sembilan", "Malaysia"], "city": "Seremban", "lng": 101.91271960291617, "cc": "MY", "state": "Negeri Sembilan", "crossStreet": "LG1-57, Tingkat Bawah Tanah", "lat": 2.717764900328668, "address": "Pasar Besar Negeri Sembilan", "labeledLatLngs": [{"label": "display", "lat": 2.717764900328668, "lng": 101.91271960291617}], "postalCode": "70200", "country": "Malaysia"}, "categories": [{"icon": {"prefix": "https://ss3.4sqi.net/img/categories_v2/food/asian_", "suffix": ".png"}, "name": "Chinese Restaurant", "id": "4bf58dd8d48988d145941735", "pluralName": "Chinese Restaurants", "primary": true, "shortName": "Chinese"}], "verified": false, "contact": {"formattedPhone": "+60 6-601 6308", "phone": "+6066016308"}, "allowMenuUrlEdit": true, "stats": {"tipCount": 57, "usersCount": 7431, "checkinsCount": 10329}, "id": "4deccf2de4cdc079f4bebf96", "name": "Empayar Seremban Siew Pow (\u8299\u84c9\u70e7\u5305\u57ce)", "beenHere": {"lastCheckinExpiredAt": 0}}, "suffix": "/10021669_brKTmwttY836vSGKjdAlXJqG4wrIUB_dg4UegzU8WbI.jpg", "visibility": "public"}, {"height": 5312, "source": {"url": "https://www.swarmapp.com", "name": "Swarm for Android"}, "width": 2988, "prefix": "https://igx.4sqi.net/img/general/", "createdAt": 1474276791, "id": "57dfadb7498e958c9e937bbd", "venue": {"like": false, "location": {"formattedAddress": ["Jalan Suria (Bandar Seri Alam)", "81750 Masai, Johor", "Malaysia"], "city": "Masai", "lng": 103.8716314989535, "cc": "MY", "state": "Johor", "crossStreet": "Bandar Seri Alam", "lat": 1.496423234771361, "address": "Jalan Suria", "labeledLatLngs": [{"label": "display", "lat": 1.496423234771361, "lng": 103.8716314989535}], "postalCode": "81750", "country": "Malaysia"}, "categories": [{"icon": {"prefix": "https://ss3.4sqi.net/img/categories_v2/food/coffeeshop_", "suffix": ".png"}, "name": "Coffee Shop", "id": "4bf58dd8d48988d1e0931735", "pluralName": "Coffee Shops", "primary": true, "shortName": "Coffee Shop"}], "verified": false, "contact": {}, "allowMenuUrlEdit": true, "stats": {"tipCount": 2, "usersCount": 661, "checkinsCount": 1155}, "id": "576fe452498e62823335c820", "name": "Starbucks", "beenHere": {"lastCheckinExpiredAt": 0}}, "suffix": "/10021669_mrFEhTG0Qftp84TnPUF2jq1lkZGwP7EXprqcF556VJY.jpg", "visibility": "public"}, {"height": 5312, "source": {"url": "https://www.swarmapp.com", "name": "Swarm for Android"}, "width": 2988, "prefix": "https://igx.4sqi.net/img/general/", "createdAt": 1474180934, "id": "57de3746cd106b0182da9726", "venue": {"location": {"formattedAddress": ["29-5, Jalan Riong", "59100 Kuala Lumpur, WP", "Malaysia"], "city": "Kuala Lumpur", "lng": 101.674165, "cc": "MY", "state": "WP", "neighborhood": "Bangsar", "lat": 3.124373, "address": "29-5, Jalan Riong", "labeledLatLngs": [{"label": "display", "lat": 3.124373, "lng": 101.674165}], "postalCode": "59100", "country": "Malaysia"}, "contact": {"instagram": "breakfastthieveskl", "facebookName": "Breakfast Thieves Kuala Lumpur", "formattedPhone": "+60 3-2788 3548", "phone": "+60327883548", "facebookUsername": "breakfastthieveskl", "facebook": "1018583538236224"}, "verified": false, "allowMenuUrlEdit": true, "stats": {"tipCount": 57, "usersCount": 2628, "checkinsCount": 3049}, "menu": {"url": "http://www.breakfastthieves.com/menu-my", "label": "Menu", "anchor": "View Menu", "mobileUrl": "http://www.breakfastthieves.com/menu-my", "type": "Menu", "externalUrl": "http://www.breakfastthieves.com/menu-my"}, "beenHere": {"lastCheckinExpiredAt": 0}, "url": "http://www.breakfastthieves.com", "like": false, "categories": [{"icon": {"prefix": "https://ss3.4sqi.net/img/categories_v2/food/breakfast_", "suffix": ".png"}, "name": "Breakfast Spot", "id": "4bf58dd8d48988d143941735", "pluralName": "Breakfast Spots", "primary": true, "shortName": "Breakfast"}], "id": "5791f34dcd10d38223fe0559", "name": "Breakfast Thieves Kuala Lumpur"}, "suffix": "/10021669_Yf6HrfcZ1CQbNh8RHTcDsFRhqpstyRwF3RT_7KVKp3k.jpg", "visibility": "public"}, {"height": 540, "source": {"url": "https://www.swarmapp.com", "name": "Swarm for Android"}, "width": 960, "prefix": "https://igx.4sqi.net/img/general/", "createdAt": 1473043460, "id": "57ccdc04498e94b30e0d5710", "venue": {"url": "http://insidescoop.oddle.me", "like": false, "location": {"formattedAddress": ["57, Jalan SS22/19", "47400 Petaling Jaya, Selangor", "Malaysia"], "city": "Petaling Jaya", "lng": 101.61542456939688, "cc": "MY", "state": "Selangor", "neighborhood": "Damansara Jaya", "lat": 3.126919006157144, "address": "57, Jalan SS22/19", "labeledLatLngs": [{"label": "display", "lat": 3.126919006157144, "lng": 101.61542456939688}], "postalCode": "47400", "country": "Malaysia"}, "categories": [{"icon": {"prefix": "https://ss3.4sqi.net/img/categories_v2/food/icecream_", "suffix": ".png"}, "name": "Ice Cream Shop", "id": "4bf58dd8d48988d1c9941735", "pluralName": "Ice Cream Shops", "primary": true, "shortName": "Ice Cream"}], "verified": true, "contact": {"formattedPhone": "+60 3-7731 4735", "phone": "+60377314735", "facebookName": "Inside Scoop KL", "facebookUsername": "insidescoopkl", "facebook": "746017492094925"}, "allowMenuUrlEdit": true, "stats": {"tipCount": 144, "usersCount": 5199, "checkinsCount": 10042}, "id": "53cb51d6498e11624eb26c43", "name": "Inside Scoop", "beenHere": {"lastCheckinExpiredAt": 0}}, "suffix": "/10021669_jLgGFN_wBWTj8PHvBWihsvIHoGmvuCA-UnD3p3POLsw.jpg", "visibility": "public"}, {"height": 5312, "source": {"url": "https://www.swarmapp.com", "name": "Swarm for Android"}, "width": 2988, "prefix": "https://igx.4sqi.net/img/general/", "createdAt": 1472309877, "id": "57c1aa75cd101c527ac3fcea", "venue": {"location": {"formattedAddress": ["61-G & 61-M, Jalan SS21/37", "47400 Petaling Jaya, Selangor", "Malaysia"], "city": "Petaling Jaya", "lng": 101.62356, "cc": "MY", "state": "Selangor", "neighborhood": "Damansara Utama", "lat": 3.136466, "address": "61-G & 61-M, Jalan SS21/37", "labeledLatLngs": [{"label": "display", "lat": 3.136466, "lng": 101.62356}], "postalCode": "47400", "country": "Malaysia"}, "contact": {"twitter": "dalkomm_coffee", "facebookName": "Dal.Komm Coffee Malaysia", "formattedPhone": "+60 3-5613 3885", "phone": "+60356133885", "facebookUsername": "mydalkomm", "facebook": "276731645835612"}, "verified": false, "allowMenuUrlEdit": true, "stats": {"tipCount": 97, "usersCount": 4503, "checkinsCount": 6410}, "menu": {"url": "http://www.dalkomm.com.my/menu/", "label": "Menu", "anchor": "View Menu", "mobileUrl": "http://www.dalkomm.com.my/menu/", "type": "Menu", "externalUrl": "http://www.dalkomm.com.my/menu/"}, "beenHere": {"lastCheckinExpiredAt": 0}, "url": "http://www.dalkomm.com.my", "like": false, "categories": [{"icon": {"prefix": "https://ss3.4sqi.net/img/categories_v2/food/cafe_", "suffix": ".png"}, "name": "Caf\u00e9", "id": "4bf58dd8d48988d16d941735", "pluralName": "Caf\u00e9s", "primary": true, "shortName": "Caf\u00e9"}], "id": "546f6a30498e0831c46c2c34", "name": "dal.komm COFFEE"}, "suffix": "/10021669_mxzMzWFb9HEmEoEDxzLh2I5nlTyy4Dp4p_K9muvhD9k.jpg", "visibility": "public"}, {"height": 540, "source": {"url": "https://foursquare.com/download/#/android", "name": "Foursquare for Android"}, "width": 960, "prefix": "https://igx.4sqi.net/img/general/", "createdAt": 1471169436, "id": "57b0439c498ecec13adf82fd", "venue": {"like": false, "location": {"formattedAddress": ["263 Beach Street (Toh Aka T-junction)", "10300 Georgetown, Pulau Pinang", "Malaysia"], "city": "Georgetown", "lng": 100.3371235249595, "cc": "MY", "state": "Pulau Pinang", "crossStreet": "Toh Aka T-junction", "lat": 5.413260942674825, "address": "263 Beach Street", "labeledLatLngs": [{"label": "display", "lat": 5.413260942674825, "lng": 100.3371235249595}], "postalCode": "10300", "country": "Malaysia"}, "categories": [{"icon": {"prefix": "https://ss3.4sqi.net/img/categories_v2/travel/bedandbreakfast_", "suffix": ".png"}, "name": "Bed & Breakfast", "id": "4bf58dd8d48988d1f8931735", "pluralName": "Bed & Breakfasts", "primary": true, "shortName": "B & B"}], "verified": false, "contact": {"formattedPhone": "+60 4-251 9999", "phone": "+6042519999", "facebookName": "B Street Hotel", "facebook": "953501891376156"}, "allowMenuUrlEdit": true, "stats": {"tipCount": 6, "usersCount": 59, "checkinsCount": 100}, "id": "5620ab84498e32f6995080d8", "name": "B Street Hotel", "beenHere": {"lastCheckinExpiredAt": 0}}, "suffix": "/10021669_fD8tNDxKTgjJk9-kBnNXwYcvt969iGM8oY9R3R8RJiM.jpg", "visibility": "public"}, {"height": 540, "source": {"url": "https://foursquare.com/download/#/android", "name": "Foursquare for Android"}, "tip": {"agreeCount": 0, "canonicalUrl": "https://foursquare.com/item/57afdeb5498eb7b3679e07ff", "todo": {"count": 0}, "logView": true, "disagreeCount": 0, "createdAt": 1471143605, "id": "57afdeb5498eb7b3679e07ff", "text": "They're moving again..", "likes": {"groups": [], "count": 0}, "like": false, "type": "user"}, "width": 960, "prefix": "https://igx.4sqi.net/img/general/", "createdAt": 1471143606, "id": "57afdeb6498e13b681cebb49", "venue": {"like": false, "location": {"cc": "MY", "country": "Malaysia", "lat": 5.415405750274658, "lng": 100.33477020263672, "labeledLatLngs": [{"label": "display", "lat": 5.415405750274658, "lng": 100.33477020263672}], "formattedAddress": ["Malaysia"]}, "categories": [{"icon": {"prefix": "https://ss3.4sqi.net/img/categories_v2/food/default_", "suffix": ".png"}, "name": "Comfort Food Restaurant", "id": "52e81612bcbc57f1066b7a00", "pluralName": "Comfort Food Restaurants", "primary": true, "shortName": "Comfort Food"}], "verified": false, "contact": {}, "allowMenuUrlEdit": true, "stats": {"tipCount": 3, "usersCount": 30, "checkinsCount": 47}, "id": "5636df73498e8aeb21fbc017", "name": "ST Loo Cafe", "beenHere": {"lastCheckinExpiredAt": 0}}, "suffix": "/10021669_5xfQAw_aVkPZinUMeJambtLwr-AbVyGDH_6DCSjV1TM.jpg", "visibility": "public"}, {"height": 960, "source": {"url": "https://www.swarmapp.com", "name": "Swarm for Android"}, "width": 540, "prefix": "https://igx.4sqi.net/img/general/", "createdAt": 1467529255, "id": "5778b827498ecadab6c08b74", "venue": {"like": false, "location": {"formattedAddress": ["1 Jalan Langsat, Taman Teh Teng Seng", "31400 Ipoh, Perak", "Malaysia"], "city": "Ipoh", "lng": 101.117361, "cc": "MY", "state": "Perak", "lat": 4.614999, "address": "1 Jalan Langsat, Taman Teh Teng Seng", "labeledLatLngs": [{"label": "display", "lat": 4.614999, "lng": 101.117361}], "postalCode": "31400", "country": "Malaysia"}, "categories": [{"icon": {"prefix": "https://ss3.4sqi.net/img/categories_v2/food/bagels_", "suffix": ".png"}, "name": "Bagel Shop", "id": "4bf58dd8d48988d179941735", "pluralName": "Bagel Shops", "primary": true, "shortName": "Bagels"}], "verified": false, "contact": {}, "allowMenuUrlEdit": true, "stats": {"tipCount": 3, "usersCount": 158, "checkinsCount": 202}, "id": "56ef9a57498eb51b255a6ea5", "name": "The Bagel Kitchen", "beenHere": {"lastCheckinExpiredAt": 0}}, "suffix": "/10021669_tu_ElyXxbwT7SieU1wsXWv6_56kgU6_gKiqqNHVsytM.jpg", "visibility": "public"}, {"height": 540, "source": {"url": "https://www.swarmapp.com", "name": "Swarm for Android"}, "width": 960, "prefix": "https://igx.4sqi.net/img/general/", "createdAt": 1465648156, "id": "575c041c498e89530a747450", "venue": {"url": "http://www.thefatfish.com.my", "like": false, "location": {"formattedAddress": ["Shoplex Mont' Kiara (Lot 15-05), Jalan Kiara", "50480 Kuala Lumpur, Kuala Lumpur", "Malaysia"], "city": "Kuala Lumpur", "lng": 101.65299374814073, "cc": "MY", "state": "Kuala Lumpur", "neighborhood": "Mont Kiara, Kuala Lumpur, Kuala Lumpur", "lat": 3.167238921496246, "address": "Shoplex Mont' Kiara (Lot 15-05), Jalan Kiara", "labeledLatLngs": [{"label": "display", "lat": 3.167238921496246, "lng": 101.65299374814073}], "postalCode": "50480", "country": "Malaysia"}, "categories": [{"icon": {"prefix": "https://ss3.4sqi.net/img/categories_v2/food/seafood_", "suffix": ".png"}, "name": "Seafood Restaurant", "id": "4bf58dd8d48988d1ce941735", "pluralName": "Seafood Restaurants", "primary": true, "shortName": "Seafood"}], "verified": false, "contact": {"formattedPhone": "+60 13-261 3777", "phone": "+60132613777", "facebookName": "The Fat Fish", "facebookUsername": "thefatfish.sb", "facebook": "376765499200413"}, "allowMenuUrlEdit": true, "stats": {"tipCount": 45, "usersCount": 1471, "checkinsCount": 2296}, "id": "55d6affe498ef8c826132df1", "name": "The Fat Fish", "beenHere": {"lastCheckinExpiredAt": 0}}, "suffix": "/10021669_jROXpZk-jMh4bLDPg9eDCQrnwVjHUuCU3xgqIOyPMAQ.jpg", "visibility": "public"}, {"height": 960, "source": {"url": "https://www.swarmapp.com", "name": "Swarm for Android"}, "width": 540, "prefix": "https://igx.4sqi.net/img/general/", "createdAt": 1445092468, "id": "56225c74498edcf42d198052", "venue": {"location": {"formattedAddress": ["33, Jalan Telawi 3", "59100 Bangsar, Kuala Lumpur", "Malaysia"], "city": "Bangsar", "lng": 101.671083157842, "cc": "MY", "state": "Kuala Lumpur", "neighborhood": "Bangsar Baru", "lat": 3.13160225618794, "address": "33, Jalan Telawi 3", "labeledLatLngs": [{"label": "display", "lat": 3.13160225618794, "lng": 101.671083157842}], "postalCode": "59100", "country": "Malaysia"}, "contact": {"formattedPhone": "+60 3-2202 0238", "phone": "+60322020238", "facebookName": "Hanbing Korean Dessert Cafe", "facebookUsername": "hanbingmy", "facebook": "717396971722035"}, "verified": true, "allowMenuUrlEdit": true, "stats": {"tipCount": 57, "usersCount": 4726, "checkinsCount": 6296}, "menu": {"url": "http://www.hanbing.my/menu/", "label": "Menu", "anchor": "View Menu", "mobileUrl": "http://www.hanbing.my/menu/", "type": "Menu", "externalUrl": "http://www.hanbing.my/menu/"}, "beenHere": {"lastCheckinExpiredAt": 0}, "url": "http://www.hanbing.my", "like": false, "categories": [{"icon": {"prefix": "https://ss3.4sqi.net/img/categories_v2/food/cafe_", "suffix": ".png"}, "name": "Caf\u00e9", "id": "4bf58dd8d48988d16d941735", "pluralName": "Caf\u00e9s", "primary": true, "shortName": "Caf\u00e9"}], "id": "56175ef1498e31cb6ed7358e", "name": "Hanbing Korean Dessert Cafe", "venuePage": {"id": "142912791"}}, "suffix": "/10021669_X6UD94ybkKvJ1aQn8U0wHYJJ-bvnjG1Tgf8_JXazacs.jpg", "visibility": "public"}, {"height": 720, "source": {"url": "https://www.swarmapp.com", "name": "Swarm for Android"}, "width": 960, "prefix": "https://igx.4sqi.net/img/general/", "createdAt": 1406110540, "id": "53cf8b4c498e6a70ef32a07f", "venue": {"url": "http://www.msgarden.com.my", "like": false, "location": {"formattedAddress": ["Lot 5&10, Lorong Gambut (Jalan Beserah)", "25300 Kuantan, Pahang", "Malaysia"], "city": "Kuantan", "lng": 103.33130836486816, "cc": "MY", "state": "Pahang", "crossStreet": "Jalan Beserah", "lat": 3.815141209777799, "address": "Lot 5&10, Lorong Gambut", "labeledLatLngs": [{"label": "display", "lat": 3.815141209777799, "lng": 103.33130836486816}], "postalCode": "25300", "country": "Malaysia"}, "categories": [{"icon": {"prefix": "https://ss3.4sqi.net/img/categories_v2/travel/hotel_", "suffix": ".png"}, "name": "Hotel", "id": "4bf58dd8d48988d1fa931735", "pluralName": "Hotels", "primary": true, "shortName": "Hotel"}], "verified": false, "contact": {"formattedPhone": "+60 9-511 8888", "phone": "+6095118888"}, "allowMenuUrlEdit": true, "stats": {"tipCount": 83, "usersCount": 6422, "checkinsCount": 12517}, "id": "4c5e9c676147be9aec449509", "name": "M.S. Garden Hotel", "beenHere": {"lastCheckinExpiredAt": 0}}, "suffix": "/10021669_qt4nsA8_haKQFq9eEwZ-qgbysdhu31nXefVO0kbuy-Q.jpg", "visibility": "public"}, {"height": 960, "source": {"url": "https://foursquare.com/download/#/android", "name": "Foursquare for Android"}, "width": 720, "prefix": "https://igx.4sqi.net/img/general/", "createdAt": 1403779494, "id": "53abf9a611d24d73b736bad2", "venue": {"like": false, "location": {"formattedAddress": ["Teluk Chempedak", "25050 Kuantan, Pahang", "Malaysia"], "city": "Kuantan", "lng": 103.37226962306893, "cc": "MY", "state": "Pahang", "lat": 3.8111952010247396, "address": "Teluk Chempedak", "labeledLatLngs": [{"label": "display", "lat": 3.8111952010247396, "lng": 103.37226962306893}], "postalCode": "25050", "country": "Malaysia"}, "categories": [{"icon": {"prefix": "https://ss3.4sqi.net/img/categories_v2/food/bbqalt_", "suffix": ".png"}, "name": "BBQ Joint", "id": "4bf58dd8d48988d1df931735", "pluralName": "BBQ Joints", "primary": true, "shortName": "BBQ"}], "verified": false, "contact": {}, "allowMenuUrlEdit": true, "stats": {"tipCount": 2, "usersCount": 60, "checkinsCount": 76}, "id": "4e941a7049015a5ff4725ff2", "name": "Coals On The Beach", "beenHere": {"lastCheckinExpiredAt": 0}}, "suffix": "/10021669_HoWik-3Duflrn81qTbmlXyRDM7qXHbZBtB1jfntFdcM.jpg", "visibility": "public"}, {"height": 960, "source": {"url": "https://foursquare.com/download/#/android", "name": "Foursquare for Android"}, "width": 720, "prefix": "https://igx.4sqi.net/img/general/", "createdAt": 1403262207, "id": "53a414ff498e9fc1e7fd6649", "venue": {"url": "http://www.mcdonalds.com.my", "like": false, "location": {"formattedAddress": ["Kawasan Rekreasi, Teluk Cempedak (Jalan Teluk Cempedak)", "25050 Kuantan, Pahang", "Malaysia"], "city": "Kuantan", "lng": 103.37170779705048, "cc": "MY", "state": "Pahang", "lat": 3.812539876237236, "address": "Kawasan Rekreasi, Teluk Cempedak", "crossStreet": "Jalan Teluk Cempedak", "postalCode": "25050", "country": "Malaysia"}, "categories": [{"icon": {"prefix": "https://ss3.4sqi.net/img/categories_v2/food/fastfood_", "suffix": ".png"}, "name": "Fast Food Restaurant", "id": "4bf58dd8d48988d16e941735", "pluralName": "Fast Food Restaurants", "primary": true, "shortName": "Fast Food"}], "verified": false, "contact": {"formattedPhone": "+60 9-567 7099", "phone": "+6095677099"}, "allowMenuUrlEdit": true, "stats": {"tipCount": 146, "usersCount": 13536, "checkinsCount": 41776}, "id": "4b7f84fbf964a520a23230e3", "name": "McDonald's", "beenHere": {"lastCheckinExpiredAt": 0}}, "suffix": "/10021669_KCiU2isL0LQlySCu7_SkcSxIHFzdEU595G_gc7DQU20.jpg", "visibility": "public"}, {"height": 720, "source": {"url": "https://foursquare.com/download/#/android", "name": "Foursquare for Android"}, "width": 538, "prefix": "https://igx.4sqi.net/img/general/", "createdAt": 1350484807, "id": "507ec347e4b04a2c7d1b0bbf", "venue": {"like": false, "location": {"city": "Petaling Jaya", "lng": 101.65344386101742, "cc": "MY", "state": "Selangor", "lat": 3.1007565466959166, "address": "Jalan Chantek", "labeledLatLngs": [{"label": "display", "lat": 3.1007565466959166, "lng": 101.65344386101742}], "formattedAddress": ["Jalan Chantek", "Petaling Jaya, Selangor", "Malaysia"], "country": "Malaysia"}, "categories": [{"icon": {"prefix": "https://ss3.4sqi.net/img/categories_v2/arts_entertainment/stadium_tennis_", "suffix": ".png"}, "name": "Tennis Court", "id": "4e39a956bd410d7aed40cbc3", "pluralName": "Tennis Courts", "primary": true, "shortName": "Tennis Court"}], "verified": false, "contact": {}, "beenHere": {"lastCheckinExpiredAt": 0}, "stats": {"tipCount": 1, "usersCount": 106, "checkinsCount": 597}, "id": "4eca504930f8b09c0f3a5f8d", "name": "Badminton Hall @ SMK La Salle PJ"}, "suffix": "/10021669_JUj1PKX-gGRBGXAd74wyWxw5gho9ciToT4idtflsHZo.jpg", "visibility": "public"}, {"height": 720, "source": {"url": "https://foursquare.com/download/#/android", "name": "Foursquare for Android"}, "width": 538, "prefix": "https://igx.4sqi.net/img/general/", "createdAt": 1339148787, "id": "4fd1c9f3e4b0d639e420d593", "venue": {"location": {"formattedAddress": ["Menara Weld Shopping Centre (No.76, Jln Raja Chulan)", "50200 Kuala Lumpur, Kuala Lumpur", "Malaysia"], "city": "Kuala Lumpur", "lng": 101.70666217803955, "cc": "MY", "state": "Kuala Lumpur", "crossStreet": "No.76, Jln Raja Chulan", "lat": 3.151143071335552, "address": "Menara Weld Shopping Centre", "labeledLatLngs": [{"label": "display", "lat": 3.151143071335552, "lng": 101.70666217803955}], "postalCode": "50200", "country": "Malaysia"}, "contact": {"formattedPhone": "+60 3-2022 0262", "twitter": "starbucksmy", "phone": "+60320220262"}, "verified": true, "allowMenuUrlEdit": true, "stats": {"tipCount": 35, "usersCount": 2770, "checkinsCount": 9171}, "id": "4b3ac9bcf964a5206d6e25e3", "storeId": "", "url": "http://www.facebook.com/StarbucksMalaysia", "like": false, "categories": [{"icon": {"prefix": "https://ss3.4sqi.net/img/categories_v2/food/coffeeshop_", "suffix": ".png"}, "name": "Coffee Shop", "id": "4bf58dd8d48988d1e0931735", "pluralName": "Coffee Shops", "primary": true, "shortName": "Coffee Shop"}], "beenHere": {"lastCheckinExpiredAt": 0}, "name": "Starbucks"}, "suffix": "/XAUGZE1FjtX3_mnsDD6WYyLxMJ-FEq7le6_l_jNGK_A.jpg", "visibility": "public"}, {"height": 720, "source": {"url": "https://foursquare.com/download/#/android", "name": "Foursquare for Android"}, "width": 538, "prefix": "https://igx.4sqi.net/img/general/", "createdAt": 1334035727, "id": "4f83c50fe4b0f13eb4e6c79b", "venue": {"like": false, "location": {"formattedAddress": ["531, Jalan SS 9A/12 (Seri Setia, Sungei Way)", "47300 Petaling Jaya, Selangor", "Malaysia"], "city": "Petaling Jaya", "lng": 101.61524125733429, "cc": "MY", "state": "Selangor", "crossStreet": "Seri Setia, Sungei Way", "lat": 3.0892614630794095, "address": "531, Jalan SS 9A/12", "labeledLatLngs": [{"label": "display", "lat": 3.0892614630794095, "lng": 101.61524125733429}], "postalCode": "47300", "country": "Malaysia"}, "categories": [{"icon": {"prefix": "https://ss3.4sqi.net/img/categories_v2/food/asian_", "suffix": ".png"}, "name": "Chinese Restaurant", "id": "4bf58dd8d48988d145941735", "pluralName": "Chinese Restaurants", "primary": true, "shortName": "Chinese"}], "verified": false, "contact": {"formattedPhone": "+60 3-7876 2299", "phone": "+60378762299", "facebookName": "Ah Sang Bak Kut Teh", "facebook": "175720225795"}, "allowMenuUrlEdit": true, "stats": {"tipCount": 73, "usersCount": 2687, "checkinsCount": 4780}, "id": "4c6a7ca80e98a593e4082759", "name": "Ah Sang Bah Kut Teh (\u4e9a\u6c55\u8089\u9aa8\u8336)", "beenHere": {"lastCheckinExpiredAt": 0}}, "suffix": "/39jEXpS4W8hfaeXogxnLzs7XOdxl4tcyZtql6Msw_gE.jpg", "visibility": "public"}], "count": 24}, "totalCount": 24}}