{"meta": {"code": 200, "requestId": "595afcbdf594df3c3f132c89"}, "notifications": [{"item": {"unreadCount": 0}, "type": "notificationTray"}], "response": {"photos": {"items": [{"height": 540, "source": {"url": "https://foursquare.com/download/#/iphone", "name": "Foursquare for iOS"}, "width": 720, "prefix": "https://igx.4sqi.net/img/general/", "createdAt": 1320035999, "id": "4eae269f2c5bb67b23ecf863", "venue": {"location": {"formattedAddress": ["24 Nanyang Avenue", "639810", "Singapore"], "city": "Singapore", "lng": 103.68546142197339, "cc": "SG", "country": "Singapore", "lat": 1.3523337985243735, "address": "24 Nanyang Avenue", "labeledLatLngs": [{"label": "display", "lat": 1.3523337985243735, "lng": 103.68546142197339}], "postalCode": "639810"}, "contact": {}, "verified": false, "allowMenuUrlEdit": true, "stats": {"tipCount": 9, "usersCount": 261, "checkinsCount": 1441}, "id": "4b0e23c5f964a520455523e3", "url": "http://www.ntu.edu.sg/has/FnB/Pages/HallCanteens.aspx", "like": false, "categories": [{"icon": {"prefix": "https://ss3.4sqi.net/img/categories_v2/education/cafeteria_", "suffix": ".png"}, "name": "College Cafeteria", "id": "4bf58dd8d48988d1a1941735", "pluralName": "College Cafeterias", "primary": true, "shortName": "Cafeteria"}], "venueRatingBlacklisted": true, "beenHere": {"lastCheckinExpiredAt": 0}, "name": "NTU Canteen 9"}, "suffix": "/3L0XPTDQUSYRYWMYQLCTALDOBMVJUBVU02RZBTR1KLGWYMV5.jpg", "visibility": "public"}, {"height": 540, "source": {"url": "https://foursquare.com/download/#/iphone", "name": "Foursquare for iOS"}, "width": 720, "prefix": "https://igx.4sqi.net/img/general/", "createdAt": 1314626465, "id": "4e5b9ba1b61c4aaa3e187fa3", "venue": {"venueRatingBlacklisted": true, "closed": true, "like": false, "location": {"country": "Singapore", "lat": 1.440828, "lng": 103.805337, "formattedAddress": ["Singapore"], "cc": "SG"}, "categories": [{"icon": {"prefix": "https://ss3.4sqi.net/img/categories_v2/building/parking_", "suffix": ".png"}, "name": "Parking", "id": "4c38df4de52ce0d596b336e1", "pluralName": "Parking", "primary": true, "shortName": "Parking"}], "verified": false, "contact": {}, "beenHere": {"lastCheckinExpiredAt": 0}, "stats": {"tipCount": 1, "usersCount": 56, "checkinsCount": 465}, "id": "4c657e37c32220a1a49aea86", "name": "685 Multi Storey Carpark"}, "suffix": "/AHLNXYLSTN2YT5LBI122YLFEHDPNE3GZR44W02N3RLSAN4I5.jpg", "visibility": "public"}, {"height": 540, "source": {"url": "https://foursquare.com/download/#/iphone", "name": "Foursquare for iOS"}, "width": 720, "prefix": "https://igx.4sqi.net/img/general/", "createdAt": 1314595490, "id": "4e5b22a2227188671509ce93", "venue": {"venueRatingBlacklisted": true, "like": false, "location": {"isFuzzed": true, "cc": "SG", "country": "Singapore", "lat": 1.4440548748046453, "lng": 103.8042382193897, "formattedAddress": ["Singapore"]}, "categories": [{"icon": {"prefix": "https://ss3.4sqi.net/img/categories_v2/building/home_", "suffix": ".png"}, "name": "Home (private)", "id": "4bf58dd8d48988d103941735", "pluralName": "Homes (private)", "primary": true, "shortName": "Home"}], "verified": false, "contact": {}, "beenHere": {"lastCheckinExpiredAt": 0}, "stats": {"tipCount": 0, "usersCount": 1, "checkinsCount": 49}, "id": "4e46b62d483b03d090e3bd51", "name": "Remy's Northern Steel\u2122"}, "suffix": "/0AQMEWZHLF2IHTVJBG23TJVRELK33QAJ3ZGXY0PUUPMACTK3.jpg", "visibility": "public"}, {"height": 720, "source": {"url": "https://foursquare.com/download/#/iphone", "name": "Foursquare for iOS"}, "width": 540, "prefix": "https://igx.4sqi.net/img/general/", "createdAt": 1314201889, "id": "4e55212145dd5c591f526513", "venue": {"like": false, "location": {"formattedAddress": ["592 Sembawang Rd", "758451", "Singapore"], "city": "Singapore", "lng": 103.82493468744607, "cc": "SG", "country": "Singapore", "lat": 1.4405387481823997, "address": "592 Sembawang Rd", "labeledLatLngs": [{"label": "display", "lat": 1.4405387481823997, "lng": 103.82493468744607}], "postalCode": "758451"}, "categories": [{"icon": {"prefix": "https://ss3.4sqi.net/img/categories_v2/food/indian_", "suffix": ".png"}, "name": "Indian Restaurant", "id": "4bf58dd8d48988d10f941735", "pluralName": "Indian Restaurants", "primary": true, "shortName": "Indian"}], "verified": false, "contact": {"formattedPhone": "+65 6752 9947", "phone": "+6567529947"}, "allowMenuUrlEdit": true, "stats": {"tipCount": 95, "usersCount": 3345, "checkinsCount": 8832}, "id": "4b63bf63f964a5209c8f2ae3", "name": "D'Rubinah Restaurant", "beenHere": {"lastCheckinExpiredAt": 0}}, "suffix": "/LDRV4ZV0WHZ2VAGVIHJN0VJ4RHDBQMOS4TWZN4VRRZ2QLDCA.jpg", "visibility": "public"}, {"height": 720, "source": {"url": "https://foursquare.com/download/#/iphone", "name": "Foursquare for iOS"}, "width": 540, "prefix": "https://igx.4sqi.net/img/general/", "createdAt": 1314201790, "id": "4e5520beaeb7b18559da047a", "venue": {"like": false, "location": {"formattedAddress": ["592 Sembawang Rd", "758451", "Singapore"], "city": "Singapore", "lng": 103.82493468744607, "cc": "SG", "country": "Singapore", "lat": 1.4405387481823997, "address": "592 Sembawang Rd", "labeledLatLngs": [{"label": "display", "lat": 1.4405387481823997, "lng": 103.82493468744607}], "postalCode": "758451"}, "categories": [{"icon": {"prefix": "https://ss3.4sqi.net/img/categories_v2/food/indian_", "suffix": ".png"}, "name": "Indian Restaurant", "id": "4bf58dd8d48988d10f941735", "pluralName": "Indian Restaurants", "primary": true, "shortName": "Indian"}], "verified": false, "contact": {"formattedPhone": "+65 6752 9947", "phone": "+6567529947"}, "allowMenuUrlEdit": true, "stats": {"tipCount": 95, "usersCount": 3345, "checkinsCount": 8832}, "id": "4b63bf63f964a5209c8f2ae3", "name": "D'Rubinah Restaurant", "beenHere": {"lastCheckinExpiredAt": 0}}, "suffix": "/4Y3EM4MGFEOPZ3RJG02NSWYBIYTPTOHPY4ECYMUBZKNL4GOR.jpg", "visibility": "public"}, {"height": 540, "source": {"url": "https://foursquare.com/download/#/iphone", "name": "Foursquare for iOS"}, "width": 720, "prefix": "https://igx.4sqi.net/img/general/", "createdAt": 1313712807, "id": "4e4daaa752b1e893ad42fdbe", "venue": {"venueRatingBlacklisted": true, "like": false, "location": {"lng": 103.68102252821889, "cc": "SG", "country": "Singapore", "crossStreet": "Carpark C", "lat": 1.345562893511147, "address": "Nanyang Avenue", "labeledLatLngs": [{"label": "display", "lat": 1.345562893511147, "lng": 103.68102252821889}], "formattedAddress": ["Nanyang Avenue (Carpark C)", "Singapore"]}, "categories": [{"icon": {"prefix": "https://ss3.4sqi.net/img/categories_v2/building/default_", "suffix": ".png"}, "name": "Building", "id": "4bf58dd8d48988d130941735", "pluralName": "Buildings", "primary": true, "shortName": "Building"}], "verified": false, "contact": {}, "beenHere": {"lastCheckinExpiredAt": 0}, "stats": {"tipCount": 0, "usersCount": 14, "checkinsCount": 379}, "id": "4e432102b0fbe97644d5747f", "name": "FRC@NTU"}, "suffix": "/YNTVAXBRQ3WQ1H0BMSAHXRIZMTCFAOTA04TS0P2VIT1XH4G4.jpg", "visibility": "public"}, {"height": 540, "source": {"url": "https://foursquare.com/download/#/iphone", "name": "Foursquare for iOS"}, "width": 720, "prefix": "https://igx.4sqi.net/img/general/", "createdAt": 1313232838, "id": "4e4657c614959d51c1612f0f", "venue": {"like": false, "location": {"formattedAddress": ["254, 256-258 Jalan Kayu", "799487", "Singapore"], "city": "Singapore", "lng": 103.87310377353568, "cc": "SG", "country": "Singapore", "lat": 1.398160328111778, "address": "254, 256-258 Jalan Kayu", "labeledLatLngs": [{"label": "display", "lat": 1.398160328111778, "lng": 103.87310377353568}], "postalCode": "799487"}, "categories": [{"icon": {"prefix": "https://ss3.4sqi.net/img/categories_v2/food/indian_", "suffix": ".png"}, "name": "Indian Restaurant", "id": "4bf58dd8d48988d10f941735", "pluralName": "Indian Restaurants", "primary": true, "shortName": "Indian"}], "verified": false, "contact": {"formattedPhone": "+65 6481 2009", "phone": "+6564812009"}, "allowMenuUrlEdit": true, "stats": {"tipCount": 263, "usersCount": 13361, "checkinsCount": 27127}, "id": "4b605023f964a52011df29e3", "name": "Thohirah Cafeela Restaurant", "beenHere": {"lastCheckinExpiredAt": 0}}, "suffix": "/45S1C3PFMHTVNXYWZHBW3WVIIXF3OWEDYTZN1ORM24QI4NU4.jpg", "visibility": "public"}, {"height": 540, "source": {"url": "https://foursquare.com/download/#/iphone", "name": "Foursquare for iOS"}, "width": 720, "prefix": "https://igx.4sqi.net/img/general/", "createdAt": 1312627924, "id": "4e3d1cd4d4c058f9dc006612", "venue": {"url": "http://nabins.com", "like": false, "location": {"formattedAddress": ["32 Sultan Gate", "198480", "Singapore"], "city": "Singapore", "lng": 103.86087871427165, "cc": "SG", "country": "Singapore", "lat": 1.3016746840582212, "address": "32 Sultan Gate", "labeledLatLngs": [{"label": "display", "lat": 1.3016746840582212, "lng": 103.86087871427165}], "postalCode": "198480"}, "categories": [{"icon": {"prefix": "https://ss3.4sqi.net/img/categories_v2/food/middleeastern_", "suffix": ".png"}, "name": "Middle Eastern Restaurant", "id": "4bf58dd8d48988d115941735", "pluralName": "Middle Eastern Restaurants", "primary": true, "shortName": "Middle Eastern"}], "verified": false, "contact": {"formattedPhone": "+65 6291 1190", "phone": "+6562911190"}, "allowMenuUrlEdit": true, "stats": {"tipCount": 52, "usersCount": 4752, "checkinsCount": 7106}, "id": "4b0d0f76f964a520834323e3", "name": "Nabins", "beenHere": {"lastCheckinExpiredAt": 0}}, "suffix": "/5LLF02OTVX5KGEAZGYEQYQ0QVIITF0DLNZRN2QDSBB3VFQ4Y.jpg", "visibility": "public"}], "count": 8}, "totalCount": 8}}