{"meta": {"code": 200, "requestId": "595b3474f594df3c73cb9352"}, "notifications": [{"item": {"unreadCount": 0}, "type": "notificationTray"}], "response": {"photos": {"items": [{"height": 720, "source": {"url": "https://foursquare.com/download/#/iphone", "name": "Foursquare for iOS"}, "width": 540, "prefix": "https://igx.4sqi.net/img/general/", "createdAt": 1331858091, "id": "4f628aabe4b0e30d1ee8e9a5", "venue": {"location": {"formattedAddress": ["333 Charoen Nakhon Rd.", "\u0e04\u0e25\u0e2d\u0e07\u0e2a\u0e32\u0e19", "\u0e01\u0e23\u0e38\u0e07\u0e40\u0e17\u0e1e\u0e21\u0e2b\u0e32\u0e19\u0e04\u0e23 10600", "\u0e1b\u0e23\u0e30\u0e40\u0e17\u0e28\u0e44\u0e17\u0e22"], "city": "\u0e04\u0e25\u0e2d\u0e07\u0e2a\u0e32\u0e19", "lng": 100.51121771335602, "cc": "TH", "state": "\u0e01\u0e23\u0e38\u0e07\u0e40\u0e17\u0e1e\u0e21\u0e2b\u0e32\u0e19\u0e04\u0e23", "lat": 13.723022223223593, "address": "333 Charoen Nakhon Rd.", "labeledLatLngs": [{"label": "display", "lat": 13.723022223223593, "lng": 100.51121771335602}], "postalCode": "10600", "country": "\u0e1b\u0e23\u0e30\u0e40\u0e17\u0e28\u0e44\u0e17\u0e22"}, "contact": {"formattedPhone": "+66 2 861 8888", "phone": "+6628618888"}, "verified": true, "allowMenuUrlEdit": true, "stats": {"tipCount": 73, "usersCount": 7166, "checkinsCount": 13011}, "id": "4b0587f6f964a52030a922e3", "storeId": "", "url": "http://www.peninsula.com/Bangkok", "like": false, "categories": [{"icon": {"prefix": "https://ss3.4sqi.net/img/categories_v2/travel/hotel_", "suffix": ".png"}, "name": "Hotel", "id": "4bf58dd8d48988d1fa931735", "pluralName": "Hotels", "primary": true, "shortName": "Hotel"}], "beenHere": {"lastCheckinExpiredAt": 0}, "name": "The Peninsula Bangkok"}, "suffix": "/1BvQT9Y9lILCSY8PXSz7FO6uTV4a1gQcfSH4emqQXLw.jpg", "visibility": "public"}, {"height": 720, "source": {"url": "https://foursquare.com/download/#/iphone", "name": "Foursquare for iOS"}, "width": 540, "prefix": "https://igx.4sqi.net/img/general/", "createdAt": 1331858023, "id": "4f628a67e4b041039bf84079", "venue": {"location": {"formattedAddress": ["333 Charoen Nakhon Rd.", "\u0e04\u0e25\u0e2d\u0e07\u0e2a\u0e32\u0e19", "\u0e01\u0e23\u0e38\u0e07\u0e40\u0e17\u0e1e\u0e21\u0e2b\u0e32\u0e19\u0e04\u0e23 10600", "\u0e1b\u0e23\u0e30\u0e40\u0e17\u0e28\u0e44\u0e17\u0e22"], "city": "\u0e04\u0e25\u0e2d\u0e07\u0e2a\u0e32\u0e19", "lng": 100.51121771335602, "cc": "TH", "state": "\u0e01\u0e23\u0e38\u0e07\u0e40\u0e17\u0e1e\u0e21\u0e2b\u0e32\u0e19\u0e04\u0e23", "lat": 13.723022223223593, "address": "333 Charoen Nakhon Rd.", "labeledLatLngs": [{"label": "display", "lat": 13.723022223223593, "lng": 100.51121771335602}], "postalCode": "10600", "country": "\u0e1b\u0e23\u0e30\u0e40\u0e17\u0e28\u0e44\u0e17\u0e22"}, "contact": {"formattedPhone": "+66 2 861 8888", "phone": "+6628618888"}, "verified": true, "allowMenuUrlEdit": true, "stats": {"tipCount": 73, "usersCount": 7166, "checkinsCount": 13011}, "id": "4b0587f6f964a52030a922e3", "storeId": "", "url": "http://www.peninsula.com/Bangkok", "like": false, "categories": [{"icon": {"prefix": "https://ss3.4sqi.net/img/categories_v2/travel/hotel_", "suffix": ".png"}, "name": "Hotel", "id": "4bf58dd8d48988d1fa931735", "pluralName": "Hotels", "primary": true, "shortName": "Hotel"}], "beenHere": {"lastCheckinExpiredAt": 0}, "name": "The Peninsula Bangkok"}, "suffix": "/1BvQT9Y9lILCSY8PXSz7FO6uTV4a1gQcfSH4emqQXLw.jpg", "visibility": "public"}], "count": 2}, "totalCount": 2}}