{"response": {"photos": {"items": [{"id": "5413e246498eca1b11882c87", "createdAt": 1410589254, "height": 960, "visibility": "public", "source": {"url": "https://www.swarmapp.com", "name": "Swarm for iOS"}, "prefix": "https://igx.4sqi.net/img/general/", "venue": {"id": "4b546b77f964a520a3ba27e3", "like": false, "stats": {"checkinsCount": 4159, "tipCount": 23, "usersCount": 2068}, "url": "http://www.hotelre.com.sg", "beenHere": {"lastCheckinExpiredAt": 0}, "categories": [{"id": "4bf58dd8d48988d1fa931735", "primary": true, "icon": {"prefix": "https://ss3.4sqi.net/img/categories_v2/travel/hotel_", "suffix": ".png"}, "pluralName": "Hotels", "shortName": "Hotel", "name": "Hotel"}], "verified": true, "allowMenuUrlEdit": true, "location": {"crossStreet": "Pearl's Hill", "labeledLatLngs": [{"lng": 103.8387359776007, "label": "display", "lat": 1.2854488559680726}], "lat": 1.2854488559680726, "postalCode": "169879", "city": "Singapore", "formattedAddress": ["175A Chin Swee Rd (Pearl's Hill)", "169879", "Singapore"], "lng": 103.8387359776007, "address": "175A Chin Swee Rd", "country": "Singapore", "cc": "SG"}, "contact": {"twitter": "hotelre", "formattedPhone": "+65 6827 8288", "phone": "+6568278288"}, "name": "Hotel Re!"}, "width": 720, "suffix": "/10049889_iekGlUhn-It7EcEBEg6HAlLzRWo_cCxJ8ArcaxaCKfo.jpg"}, {"id": "536f45f0498e672c39dbc495", "createdAt": 1399801328, "height": 720, "visibility": "public", "source": {"url": "https://foursquare.com/download/#/iphone", "name": "Foursquare for iOS"}, "prefix": "https://igx.4sqi.net/img/general/", "venue": {"id": "50af8884e4b04cb0a179454b", "closed": true, "stats": {"checkinsCount": 4138, "tipCount": 55, "usersCount": 3345}, "like": false, "beenHere": {"lastCheckinExpiredAt": 0}, "categories": [{"id": "56aa371be4b08b9a8d573508", "primary": true, "icon": {"prefix": "https://ss3.4sqi.net/img/categories_v2/parks_outdoors/dogrun_", "suffix": ".png"}, "pluralName": "Pet Caf\u00e9s", "shortName": "Pet Caf\u00e9", "name": "Pet Caf\u00e9"}], "verified": false, "allowMenuUrlEdit": true, "location": {"state": "\u0e01\u0e23\u0e38\u0e07\u0e40\u0e17\u0e1e\u0e21\u0e2b\u0e32\u0e19\u0e04\u0e23", "lat": 13.73053274678137, "postalCode": "10110", "city": "\u0e27\u0e31\u0e12\u0e19\u0e32", "formattedAddress": ["Sukhumvit 53", "\u0e27\u0e31\u0e12\u0e19\u0e32", "\u0e01\u0e23\u0e38\u0e07\u0e40\u0e17\u0e1e\u0e21\u0e2b\u0e32\u0e19\u0e04\u0e23 10110", "\u0e1b\u0e23\u0e30\u0e40\u0e17\u0e28\u0e44\u0e17\u0e22"], "lng": 100.57783476631161, "address": "Sukhumvit 53", "country": "\u0e1b\u0e23\u0e30\u0e40\u0e17\u0e28\u0e44\u0e17\u0e22", "cc": "TH"}, "contact": {"facebookUsername": "PurrCatCafeClub", "facebook": "130194553781452", "facebookName": "PURR CAT CAFE CLUB", "formattedPhone": "+66 2 108 3604", "phone": "+6621083604"}, "name": "Purr Cat Cafe Club"}, "width": 960, "suffix": "/10049889_1YwZo8EJY83fV6tuAWtQ8Im2WxxUCBY4GQVvledeMRk.jpg"}, {"id": "53170ad311d254da728e5b26", "createdAt": 1394019027, "height": 960, "visibility": "public", "source": {"url": "https://foursquare.com/download/#/iphone", "name": "Foursquare for iOS"}, "prefix": "https://igx.4sqi.net/img/general/", "venue": {"id": "4b09eb49f964a520c31f23e3", "like": false, "stats": {"checkinsCount": 92957, "tipCount": 92, "usersCount": 11212}, "url": "http://www.rp.edu.sg", "beenHere": {"lastCheckinExpiredAt": 0}, "categories": [{"id": "4bf58dd8d48988d1a8941735", "primary": true, "icon": {"prefix": "https://ss3.4sqi.net/img/categories_v2/education/other_", "suffix": ".png"}, "pluralName": "General Colleges & Universities", "shortName": "Education", "name": "General College & University"}], "verified": false, "location": {"lat": 1.442397549880651, "postalCode": "738964", "city": "Singapore", "formattedAddress": ["9 Woodlands Ave 9", "738964", "Singapore"], "lng": 103.78530484677232, "address": "9 Woodlands Ave 9", "country": "Singapore", "cc": "SG"}, "contact": {"twitter": "republicpoly", "formattedPhone": "+65 6510 3000", "phone": "+6565103000"}, "venueRatingBlacklisted": true, "name": "Republic Polytechnic (RP)"}, "width": 720, "suffix": "/10049889_hPleLj3lB5ZWx4YRiImAYeRiXAiAHSpie0jw4sDmSBU.jpg"}, {"id": "52df4c7611d2750ce1f5da52", "createdAt": 1390365814, "height": 960, "visibility": "public", "source": {"url": "https://foursquare.com/download/#/iphone", "name": "Foursquare for iOS"}, "prefix": "https://igx.4sqi.net/img/general/", "venue": {"id": "4bffa6a4369476b04e108e1f", "like": false, "stats": {"checkinsCount": 2288, "tipCount": 30, "usersCount": 1273}, "beenHere": {"lastCheckinExpiredAt": 0}, "categories": [{"id": "4bf58dd8d48988d145941735", "primary": true, "icon": {"prefix": "https://ss3.4sqi.net/img/categories_v2/food/asian_", "suffix": ".png"}, "pluralName": "Chinese Restaurants", "shortName": "Chinese", "name": "Chinese Restaurant"}], "verified": false, "allowMenuUrlEdit": true, "location": {"address": "354 Clementi Ave 2, #01-259", "lat": 1.3147093140089028, "postalCode": "120354", "city": "Singapore", "formattedAddress": ["354 Clementi Ave 2, #01-259", "120354", "Singapore"], "lng": 103.77006047771663, "labeledLatLngs": [{"lng": 103.77006047771663, "label": "display", "lat": 1.3147093140089028}], "country": "Singapore", "cc": "SG"}, "contact": {}, "name": "Evertop Hainanese Chicken Rice"}, "width": 720, "suffix": "/10049889_BPnih_3OQgXnjjWpoyDfXb_XrwDe4LnoyrphHlRd5Bs.jpg"}, {"id": "523c176811d2f39c940877d1", "createdAt": 1379669864, "height": 960, "visibility": "public", "source": {"url": "https://foursquare.com/download/#/iphone", "name": "Foursquare for iOS"}, "prefix": "https://igx.4sqi.net/img/general/", "venue": {"id": "4b5adf39f964a5203ad828e3", "closed": true, "stats": {"checkinsCount": 12153, "tipCount": 98, "usersCount": 5913}, "like": false, "beenHere": {"lastCheckinExpiredAt": 0}, "categories": [{"id": "4bf58dd8d48988d1e0931735", "primary": true, "icon": {"prefix": "https://ss3.4sqi.net/img/categories_v2/food/coffeeshop_", "suffix": ".png"}, "pluralName": "Coffee Shops", "shortName": "Coffee Shop", "name": "Coffee Shop"}], "verified": false, "allowMenuUrlEdit": true, "location": {"crossStreet": "Liang Seah St.", "lat": 1.2985851531865682, "postalCode": "188739", "city": "Singapore", "formattedAddress": ["496 North Bridge Rd (Liang Seah St.)", "188739", "Singapore"], "lng": 103.85591312825098, "address": "496 North Bridge Rd", "country": "Singapore", "cc": "SG"}, "contact": {"formattedPhone": "+65 6338 0163", "phone": "+6563380163"}, "name": "Tong Seng Coffee Shop"}, "width": 720, "suffix": "/10049889_gh15XJ4IKr4vDA91bC60O7wtDH6UJKPRbTzZAIw6QT4.jpg"}, {"id": "51deb33e498ed62a768c9924", "createdAt": 1373549374, "height": 960, "visibility": "public", "source": {"url": "https://foursquare.com/download/#/iphone", "name": "Foursquare for iOS"}, "prefix": "https://igx.4sqi.net/img/general/", "venue": {"id": "514aebb5e4b0f1239b93b49d", "like": false, "stats": {"checkinsCount": 1010, "tipCount": 16, "usersCount": 827}, "beenHere": {"lastCheckinExpiredAt": 0}, "categories": [{"id": "4bf58dd8d48988d16d941735", "primary": true, "icon": {"prefix": "https://ss3.4sqi.net/img/categories_v2/food/cafe_", "suffix": ".png"}, "pluralName": "Caf\u00e9s", "shortName": "Caf\u00e9", "name": "Caf\u00e9"}], "verified": false, "allowMenuUrlEdit": true, "location": {"crossStreet": "28 Aliwal St.", "labeledLatLngs": [{"lng": 103.86092401121523, "label": "display", "lat": 1.3023699366857393}], "lat": 1.3023699366857393, "postalCode": "199918", "city": "Singapore", "formattedAddress": ["#01-07, Aliwal Arts Centre (28 Aliwal St.)", "199918", "Singapore"], "lng": 103.86092401121523, "address": "#01-07, Aliwal Arts Centre", "country": "Singapore", "cc": "SG"}, "contact": {"facebookUsername": "eatplaylovealiwal", "facebook": "210354445771790", "facebookName": "Eatplaylove Cafe", "formattedPhone": "+65 6444 6400", "phone": "+6564446400"}, "name": "EatPlayLove Cafe"}, "width": 720, "suffix": "/10049889_vZV-u7MVUSaCOKudn05lk6O2DPp_PufDnhvokjovDaI.jpg"}, {"id": "51d93611498e080e53d2ce7a", "createdAt": 1373189649, "height": 720, "visibility": "public", "source": {"url": "https://foursquare.com/download/#/iphone", "name": "Foursquare for iOS"}, "prefix": "https://igx.4sqi.net/img/general/", "venue": {"id": "4b058812f964a520d8af22e3", "closed": true, "stats": {"checkinsCount": 6070, "tipCount": 36, "usersCount": 4640}, "like": false, "beenHere": {"lastCheckinExpiredAt": 0}, "categories": [{"id": "4bf58dd8d48988d1ce941735", "primary": true, "icon": {"prefix": "https://ss3.4sqi.net/img/categories_v2/food/seafood_", "suffix": ".png"}, "pluralName": "Seafood Restaurants", "shortName": "Seafood", "name": "Seafood Restaurant"}], "verified": false, "allowMenuUrlEdit": true, "location": {"crossStreet": "9 Penang Rd", "labeledLatLngs": [{"lng": 103.84464073199811, "label": "display", "lat": 1.2984826313229973}], "lat": 1.2984826313229973, "postalCode": "238459", "city": "Singapore", "formattedAddress": ["#01-24, Park Mall (9 Penang Rd)", "238459", "Singapore"], "lng": 103.84464073199811, "address": "#01-24, Park Mall", "country": "Singapore", "cc": "SG"}, "contact": {"formattedPhone": "+65 6334 1858", "phone": "+6563341858"}, "name": "Fish & Co. (The Glass House)"}, "width": 960, "suffix": "/10049889_WE6wqgLMeug4v693dxQTWrzdAMzc190yc-VhO316m94.jpg"}, {"id": "51838cb1498e6020a04b35fa", "createdAt": 1367575729, "height": 1920, "visibility": "public", "source": {"url": "https://foursquare.com/download/#/iphone", "name": "Foursquare for iOS"}, "prefix": "https://igx.4sqi.net/img/general/", "venue": {"id": "4b87bf7cf964a52001ca31e3", "like": false, "stats": {"checkinsCount": 2422, "tipCount": 15, "usersCount": 1877}, "url": "http://www.pastamania.com.sg", "beenHere": {"lastCheckinExpiredAt": 0}, "categories": [{"id": "4bf58dd8d48988d110941735", "primary": true, "icon": {"prefix": "https://ss3.4sqi.net/img/categories_v2/food/italian_", "suffix": ".png"}, "pluralName": "Italian Restaurants", "shortName": "Italian", "name": "Italian Restaurant"}], "verified": false, "allowMenuUrlEdit": true, "location": {"crossStreet": "14 Scotts Rd", "labeledLatLngs": [{"lng": 103.8331767984015, "label": "display", "lat": 1.3077877145512227}], "lat": 1.3077877145512227, "postalCode": "228213", "city": "Singapore", "formattedAddress": ["Kiosk 14A, Far East Plaza (14 Scotts Rd)", "228213", "Singapore"], "lng": 103.8331767984015, "address": "Kiosk 14A, Far East Plaza", "country": "Singapore", "cc": "SG"}, "contact": {}, "name": "PastaMania"}, "width": 1440, "suffix": "/10049889_WTgTDXZMZzAUWib-whXusK1-bKPVJIDCUCmwTN1k0sU.jpg"}, {"id": "51510925e4b05d608978f562", "createdAt": 1364265253, "height": 960, "visibility": "public", "source": {"url": "https://foursquare.com/download/#/iphone", "name": "Foursquare for iOS"}, "prefix": "https://igx.4sqi.net/img/general/", "venue": {"id": "4b5bd6bdf964a5201f1929e3", "like": false, "stats": {"checkinsCount": 29009, "tipCount": 172, "usersCount": 14766}, "beenHere": {"lastCheckinExpiredAt": 0}, "categories": [{"id": "4bf58dd8d48988d120951735", "primary": true, "icon": {"prefix": "https://ss3.4sqi.net/img/categories_v2/shops/food_foodcourt_", "suffix": ".png"}, "pluralName": "Food Courts", "shortName": "Food Court", "name": "Food Court"}], "verified": false, "allowMenuUrlEdit": true, "location": {"lat": 1.3891531866538134, "postalCode": "500002", "city": "Singapore", "formattedAddress": ["2 Changi Village Rd", "500002", "Singapore"], "lng": 103.98818263133168, "address": "2 Changi Village Rd", "country": "Singapore", "cc": "SG"}, "contact": {}, "name": "Changi Village Hawker Centre"}, "width": 720, "suffix": "/10049889_MnlL3dZdkCp4bY1uyf4yttT2pkPNWdF-BXgt6ancBcQ.jpg"}, {"id": "51500c5ce4b08b309bf8fe32", "createdAt": 1364200540, "height": 720, "visibility": "public", "source": {"url": "https://foursquare.com/download/#/iphone", "name": "Foursquare for iOS"}, "prefix": "https://igx.4sqi.net/img/general/", "venue": {"id": "4be05d31cb81c9b63997658b", "like": false, "stats": {"checkinsCount": 2995, "tipCount": 11, "usersCount": 2335}, "beenHere": {"lastCheckinExpiredAt": 0}, "categories": [{"id": "4bf58dd8d48988d12f951735", "primary": true, "icon": {"prefix": "https://ss3.4sqi.net/img/categories_v2/travel/resort_", "suffix": ".png"}, "pluralName": "Resorts", "shortName": "Resort", "name": "Resort"}], "verified": false, "allowMenuUrlEdit": true, "location": {"address": "Netheravon Road", "lat": 1.3919437579455407, "city": "Singapore", "formattedAddress": ["Netheravon Road", "Singapore"], "lng": 103.98372248435963, "labeledLatLngs": [{"lng": 103.98372248435963, "label": "display", "lat": 1.3919437579455407}], "country": "Singapore", "cc": "SG"}, "contact": {}, "name": "SAF Seaview Resort"}, "width": 960, "suffix": "/10049889_nmK8qnRlqH_Hq-CrCXUsh3syUBHEVjQVKrUnyDNY9mY.jpg"}, {"id": "512825bee4b0f4c97e3e1b23", "createdAt": 1361585598, "height": 960, "visibility": "public", "source": {"url": "https://foursquare.com/download/#/iphone", "name": "Foursquare for iOS"}, "prefix": "https://igx.4sqi.net/img/general/", "venue": {"id": "4e41292f6284809c9f3b9627", "like": false, "stats": {"checkinsCount": 1897, "tipCount": 11, "usersCount": 559}, "beenHere": {"lastCheckinExpiredAt": 0}, "categories": [{"id": "4bf58dd8d48988d138941735", "primary": true, "icon": {"prefix": "https://ss3.4sqi.net/img/categories_v2/building/religious_mosque_", "suffix": ".png"}, "pluralName": "Mosques", "shortName": "Mosque", "name": "Mosque"}], "verified": false, "location": {"address": "5140 Ang Mo Kio Ave 6", "lat": 1.370398044828876, "postalCode": "569844", "city": "Singapore", "formattedAddress": ["5140 Ang Mo Kio Ave 6", "569844", "Singapore"], "lng": 103.84594853112806, "labeledLatLngs": [{"lng": 103.84594853112806, "label": "display", "lat": 1.370398044828876}], "country": "Singapore", "cc": "SG"}, "contact": {}, "venueRatingBlacklisted": true, "name": "Al-Muttaqin Mosque"}, "width": 720, "suffix": "/10049889_RJGEPFKfYe7FQBYHyEzdarxSnHmh0OqiztqZl6rQBeo.jpg"}, {"id": "5121c61ce4b06dc368bba916", "createdAt": 1361167900, "height": 960, "visibility": "public", "source": {"url": "https://foursquare.com/download/#/iphone", "name": "Foursquare for iOS"}, "prefix": "https://igx.4sqi.net/img/general/", "venue": {"id": "4caf18c239458cfa5372f79f", "closed": true, "stats": {"checkinsCount": 5492, "tipCount": 60, "usersCount": 3322}, "like": false, "beenHere": {"lastCheckinExpiredAt": 0}, "categories": [{"id": "4bf58dd8d48988d16e941735", "primary": true, "icon": {"prefix": "https://ss3.4sqi.net/img/categories_v2/food/fastfood_", "suffix": ".png"}, "pluralName": "Fast Food Restaurants", "shortName": "Fast Food", "name": "Fast Food Restaurant"}], "verified": false, "allowMenuUrlEdit": true, "location": {"crossStreet": "51 Yishun Central 1", "lat": 1.4301589233009755, "postalCode": "768794", "city": "Singapore", "formattedAddress": ["#01-03, Yishun 10 (51 Yishun Central 1)", "768794", "Singapore"], "lng": 103.83630168575847, "address": "#01-03, Yishun 10", "country": "Singapore", "cc": "SG"}, "contact": {}, "name": "Wendy's"}, "width": 720, "suffix": "/10049889_u8nvLdcm1r4RKdnbArDCR4p4IpTM-iJFQTuei7JACdE.jpg"}, {"id": "5104a858e4b0ed508b6d9732", "createdAt": 1359259736, "height": 720, "visibility": "public", "source": {"url": "https://foursquare.com/download/#/android", "name": "Foursquare for Android"}, "prefix": "https://igx.4sqi.net/img/general/", "venue": {"like": false, "allowMenuUrlEdit": true, "location": {"lat": 1.3011635350932822, "postalCode": "237978", "city": "Singapore", "formattedAddress": ["2 Orchard Link", "237978", "Singapore"], "lng": 103.83597900383943, "address": "2 Orchard Link", "country": "Singapore", "cc": "SG"}, "storeId": "", "id": "4b4e7e0ff964a520a7ef26e3", "beenHere": {"lastCheckinExpiredAt": 0}, "stats": {"checkinsCount": 58086, "tipCount": 69, "usersCount": 21304}, "url": "http://www.scape.com.sg", "categories": [{"id": "4bf58dd8d48988d1f1931735", "primary": true, "icon": {"prefix": "https://ss3.4sqi.net/img/categories_v2/arts_entertainment/default_", "suffix": ".png"}, "pluralName": "General Entertainment", "shortName": "Entertainment", "name": "General Entertainment"}], "verified": true, "contact": {"twitter": "scapesg", "formattedPhone": "+65 6521 6565", "phone": "+6565216565"}, "name": "*SCAPE"}, "width": 540, "suffix": "/10049889_6nuldFXULZvBDimQNDOx9hCRhRxd4dT9AzJsyPZrA4M.jpg"}, {"id": "50e00f88e4b047164e9fae59", "createdAt": 1356861320, "height": 720, "visibility": "public", "source": {"url": "https://foursquare.com/download/#/android", "name": "Foursquare for Android"}, "prefix": "https://igx.4sqi.net/img/general/", "venue": {"id": "50a6120de4b067f7a60fbf77", "like": false, "stats": {"checkinsCount": 1129, "tipCount": 21, "usersCount": 946}, "beenHere": {"lastCheckinExpiredAt": 0}, "categories": [{"id": "4bf58dd8d48988d16d941735", "primary": true, "icon": {"prefix": "https://ss3.4sqi.net/img/categories_v2/food/cafe_", "suffix": ".png"}, "pluralName": "Caf\u00e9s", "shortName": "Caf\u00e9", "name": "Caf\u00e9"}], "verified": false, "allowMenuUrlEdit": true, "location": {"address": "#B1-37, Takashimaya S.C.", "lat": 1.3031679276026775, "postalCode": "238872", "city": "Singapore", "formattedAddress": ["#B1-37, Takashimaya S.C.", "238872", "Singapore"], "lng": 103.83491472505627, "labeledLatLngs": [{"lng": 103.83491472505627, "label": "display", "lat": 1.3031679276026775}], "country": "Singapore", "cc": "SG"}, "contact": {}, "name": "The Coffee Bean & Tea Leaf"}, "width": 540, "suffix": "/10049889_lIpKGs3Jy3VqLsaCGRmVIiHVUSsW35rO2B9-YgwlZXY.jpg"}, {"id": "50a8354ee4b0d062c5a71647", "createdAt": 1353200974, "height": 720, "visibility": "public", "source": {"url": "https://foursquare.com/download/#/android", "name": "Foursquare for Android"}, "prefix": "https://igx.4sqi.net/img/general/", "venue": {"id": "4b0a2dd5f964a5203b2223e3", "like": false, "stats": {"checkinsCount": 2299, "tipCount": 4, "usersCount": 651}, "beenHere": {"lastCheckinExpiredAt": 0}, "categories": [{"id": "4bf58dd8d48988d130941735", "primary": true, "icon": {"prefix": "https://ss3.4sqi.net/img/categories_v2/building/default_", "suffix": ".png"}, "pluralName": "Buildings", "shortName": "Building", "name": "Building"}], "verified": false, "location": {"crossStreet": "Biopolis Way", "labeledLatLngs": [{"lng": 103.7909746170044, "label": "display", "lat": 1.304599552047222}], "lat": 1.304599552047222, "postalCode": "138672", "city": "Singapore", "formattedAddress": ["60 Biopolis Street (Biopolis Way)", "138672", "Singapore"], "lng": 103.7909746170044, "address": "60 Biopolis Street", "country": "Singapore", "cc": "SG"}, "contact": {}, "venueRatingBlacklisted": true, "name": "Biopolis @ One-North"}, "width": 433, "suffix": "/10049889_woJwMGPPgwKKBqtrMcy48UM-vZS7IzCIcuSZRHIMwo4.jpg"}, {"id": "508a59dee4b0306b56db8b76", "createdAt": 1351244254, "height": 720, "visibility": "public", "source": {"url": "https://foursquare.com/download/#/android", "name": "Foursquare for Android"}, "prefix": "https://igx.4sqi.net/img/general/", "venue": {"like": false, "allowMenuUrlEdit": true, "location": {"crossStreet": "181 Orchard Rd", "labeledLatLngs": [{"lng": 103.84005904197693, "label": "display", "lat": 1.300781073578575}], "lat": 1.300781073578575, "postalCode": "238896", "city": "Singapore", "formattedAddress": ["#01-17, Orchard Central (181 Orchard Rd)", "238896", "Singapore"], "lng": 103.84005904197693, "address": "#01-17, Orchard Central", "country": "Singapore", "cc": "SG"}, "id": "4d19e62981cea35d855df8ec", "beenHere": {"lastCheckinExpiredAt": 0}, "stats": {"checkinsCount": 14724, "tipCount": 94, "usersCount": 9159}, "url": "http://www.coldstonecreamery.com.sg", "categories": [{"id": "4bf58dd8d48988d1c9941735", "primary": true, "icon": {"prefix": "https://ss3.4sqi.net/img/categories_v2/food/icecream_", "suffix": ".png"}, "pluralName": "Ice Cream Shops", "shortName": "Ice Cream", "name": "Ice Cream Shop"}], "venuePage": {"id": "84382952"}, "verified": true, "contact": {"formattedPhone": "+65 6634 1015", "phone": "+6566341015"}, "name": "Cold Stone Creamery"}, "width": 433, "suffix": "/10049889_WJZ8wsYweNHHIq4Kc0bVvh_Cf37_GJc8eKXU5eawBHY.jpg"}, {"id": "505a96eae4b043a9f0bfc89f", "createdAt": 1348114154, "height": 720, "visibility": "public", "source": {"url": "https://foursquare.com/download/#/android", "name": "Foursquare for Android"}, "prefix": "https://igx.4sqi.net/img/general/", "venue": {"id": "4ca18dbb54c8a1cd153aa94b", "like": false, "stats": {"checkinsCount": 2680, "tipCount": 28, "usersCount": 1641}, "url": "http://www.qiji.com.sg", "beenHere": {"lastCheckinExpiredAt": 0}, "categories": [{"id": "4bf58dd8d48988d142941735", "primary": true, "icon": {"prefix": "https://ss3.4sqi.net/img/categories_v2/food/asian_", "suffix": ".png"}, "pluralName": "Asian Restaurants", "shortName": "Asian", "name": "Asian Restaurant"}], "verified": false, "allowMenuUrlEdit": true, "location": {"crossStreet": "160 Rochor Rd.", "labeledLatLngs": [{"lng": 103.85517142001262, "label": "display", "lat": 1.3013278888245663}], "lat": 1.3013278888245663, "postalCode": "188435", "city": "Singapore", "formattedAddress": ["Bugis Village (160 Rochor Rd.)", "188435", "Singapore"], "lng": 103.85517142001262, "address": "Bugis Village", "country": "Singapore", "cc": "SG"}, "contact": {}, "name": "Qiji"}, "width": 540, "suffix": "/10049889_J-WMdv0r4OSEU6RKEmWxSYmoJB6-6Bm2RgMI8WCzjNM.jpg"}, {"id": "504acc33e4b0a3d4a06fd607", "createdAt": 1347079219, "height": 480, "visibility": "public", "source": {"url": "https://foursquare.com/download/#/android", "name": "Foursquare for Android"}, "prefix": "https://igx.4sqi.net/img/general/", "venue": {"id": "4be98a4f6295c9b6a0528508", "like": false, "stats": {"checkinsCount": 755, "tipCount": 3, "usersCount": 119}, "beenHere": {"lastCheckinExpiredAt": 0}, "categories": [{"id": "4d954b06a243a5684965b473", "primary": true, "icon": {"prefix": "https://ss3.4sqi.net/img/categories_v2/building/apartment_", "suffix": ".png"}, "pluralName": "Residential Buildings (Apartments / Condos)", "shortName": "Residential", "name": "Residential Building (Apartment / Condo)"}], "verified": false, "location": {"address": "350 Ang Mo Kio St. 32", "lat": 1.3658802661676643, "postalCode": "560350", "city": "Singapore", "formattedAddress": ["350 Ang Mo Kio St. 32", "560350", "Singapore"], "lng": 103.85010979393552, "labeledLatLngs": [{"lng": 103.85010979393552, "label": "display", "lat": 1.3658802661676643}], "country": "Singapore", "cc": "SG"}, "contact": {}, "venueRatingBlacklisted": true, "name": "Blk 350 Ang Mo Kio Street 32"}, "width": 360, "suffix": "/s7L2x8AWyBHPHzD-AjyqdR1xobsBsNgUW-CyChZY7P4.jpg"}, {"id": "503b291de4b0b7277c9efe0b", "createdAt": 1346054429, "height": 720, "visibility": "public", "source": {"url": "https://foursquare.com/download/#/android", "name": "Foursquare for Android"}, "prefix": "https://igx.4sqi.net/img/general/", "venue": {"id": "4c84d64b74d7b60cb60b96d8", "closed": true, "stats": {"checkinsCount": 1580, "tipCount": 20, "usersCount": 1263}, "like": false, "beenHere": {"lastCheckinExpiredAt": 0}, "categories": [{"id": "4bf58dd8d48988d1ce941735", "primary": true, "icon": {"prefix": "https://ss3.4sqi.net/img/categories_v2/food/seafood_", "suffix": ".png"}, "pluralName": "Seafood Restaurants", "shortName": "Seafood", "name": "Seafood Restaurant"}], "verified": false, "allowMenuUrlEdit": true, "location": {"crossStreet": "2 Jurong East St 21", "labeledLatLngs": [{"lng": 103.74578475952148, "label": "display", "lat": 1.3353616881914718}], "lat": 1.3353616881914718, "postalCode": "609601", "city": "Singapore", "formattedAddress": ["#01-111, IMM Building (2 Jurong East St 21)", "609601", "Singapore"], "lng": 103.74578475952148, "address": "#01-111, IMM Building", "country": "Singapore", "cc": "SG"}, "contact": {}, "name": "Fish & Co."}, "width": 540, "suffix": "/KSFDH9iuoOLJP7b5M20ngqhWuS8mjKw-FoEGGsnB2sY.jpg"}, {"id": "503adbe4e4b022a04bd31f49", "createdAt": 1346034660, "height": 480, "visibility": "public", "source": {"url": "https://foursquare.com/download/#/android", "name": "Foursquare for Android"}, "prefix": "https://igx.4sqi.net/img/general/", "venue": {"id": "4f6fee2f754ac2cac822cc87", "like": false, "stats": {"checkinsCount": 2852, "tipCount": 4, "usersCount": 1569}, "url": "http://www.mcdonalds.com.sg", "beenHere": {"lastCheckinExpiredAt": 0}, "categories": [{"id": "4bf58dd8d48988d16e941735", "primary": true, "icon": {"prefix": "https://ss3.4sqi.net/img/categories_v2/food/fastfood_", "suffix": ".png"}, "pluralName": "Fast Food Restaurants", "shortName": "Fast Food", "name": "Fast Food Restaurant"}], "verified": false, "allowMenuUrlEdit": true, "location": {"crossStreet": "2 Jurong East Central 1", "labeledLatLngs": [{"lng": 103.74048771366539, "label": "display", "lat": 1.3330556329243584}], "lat": 1.3330556329243584, "postalCode": "609731", "city": "Singapore", "formattedAddress": ["#01-09, JCube (2 Jurong East Central 1)", "609731", "Singapore"], "lng": 103.74048771366539, "address": "#01-09, JCube", "country": "Singapore", "cc": "SG"}, "contact": {}, "name": "McDonald's"}, "width": 360, "suffix": "/wMTQ3fSxdplzFgv-B9airZrxh8rEWeaP_bsWDoyWXY4.jpg"}, {"id": "5027e58ce4b056f766ebfac6", "createdAt": 1344791948, "height": 720, "visibility": "public", "source": {"url": "https://foursquare.com/download/#/android", "name": "Foursquare for Android"}, "prefix": "https://igx.4sqi.net/img/general/", "venue": {"id": "4de335982271bfb844ae871c", "like": false, "stats": {"checkinsCount": 276, "tipCount": 1, "usersCount": 5}, "beenHere": {"lastCheckinExpiredAt": 0}, "categories": [{"id": "4bf58dd8d48988d103941735", "primary": true, "icon": {"prefix": "https://ss3.4sqi.net/img/categories_v2/building/home_", "suffix": ".png"}, "pluralName": "Homes (private)", "shortName": "Home", "name": "Home (private)"}], "verified": false, "location": {"lat": 1.4251250204012524, "city": "Singapore", "formattedAddress": ["Yishun St 72", "760760", "Singapore"], "isFuzzed": true, "country": "Singapore", "cc": "SG", "lng": 103.82742255204533}, "contact": {}, "venueRatingBlacklisted": true, "name": "Hiddy's Crash Pad! ^^"}, "width": 540, "suffix": "/c4X0Lfor81t4KYuS51ph96TYJ7W77tVuRxU2cQnFXLI.jpg"}, {"id": "502246e8e4b0a6e65ff45516", "createdAt": 1344423656, "height": 480, "visibility": "public", "source": {"url": "https://foursquare.com/download/#/android", "name": "Foursquare for Android"}, "prefix": "https://igx.4sqi.net/img/general/", "venue": {"like": false, "allowMenuUrlEdit": true, "location": {"crossStreet": "Far East Plaza", "labeledLatLngs": [{"lng": 103.8334608078003, "label": "display", "lat": 1.30687347467529}], "lat": 1.30687347467529, "postalCode": "228213", "city": "Singapore", "formattedAddress": ["14 Scotts Road #01-22 (Far East Plaza)", "228213", "Singapore"], "lng": 103.8334608078003, "address": "14 Scotts Road #01-22", "country": "Singapore", "cc": "SG"}, "storeId": "", "id": "4cea237e948f224b15f8f95d", "beenHere": {"lastCheckinExpiredAt": 0}, "stats": {"checkinsCount": 2503, "tipCount": 51, "usersCount": 1906}, "categories": [{"id": "4bf58dd8d48988d111941735", "primary": true, "icon": {"prefix": "https://ss3.4sqi.net/img/categories_v2/food/japanese_", "suffix": ".png"}, "pluralName": "Japanese Restaurants", "shortName": "Japanese", "name": "Japanese Restaurant"}], "verified": true, "venuePage": {"id": "38654453"}, "contact": {"formattedPhone": "+65 6238 7983", "phone": "+6562387983"}, "name": "Ramen-Ten | Shin Tokyo Sushi\u2122"}, "width": 360, "suffix": "/a3HlfMdQ-J26Z_zGNqrqCojqxg2nNrzSRpJVKycImP8.jpg"}, {"id": "501359e2e4b0748a78fd8c4d", "createdAt": 1343445474, "height": 720, "visibility": "public", "source": {"url": "https://foursquare.com/download/#/android", "name": "Foursquare for Android"}, "prefix": "https://igx.4sqi.net/img/general/", "venue": {"id": "4b05880ff964a520fbae22e3", "like": false, "stats": {"checkinsCount": 17799, "tipCount": 64, "usersCount": 8830}, "url": "http://www.sultanmosque.org.sg", "beenHere": {"lastCheckinExpiredAt": 0}, "categories": [{"id": "4bf58dd8d48988d138941735", "primary": true, "icon": {"prefix": "https://ss3.4sqi.net/img/categories_v2/building/religious_mosque_", "suffix": ".png"}, "pluralName": "Mosques", "shortName": "Mosque", "name": "Mosque"}], "verified": false, "location": {"crossStreet": "btwn Muscat St & North Bridge Rd", "labeledLatLngs": [{"lng": 103.859161734581, "label": "display", "lat": 1.302100379995833}], "lat": 1.302100379995833, "postalCode": "198833", "city": "Singapore", "formattedAddress": ["3 Muscat St (btwn Muscat St & North Bridge Rd)", "198833", "Singapore"], "lng": 103.859161734581, "address": "3 Muscat St", "country": "Singapore", "cc": "SG"}, "contact": {"formattedPhone": "+65 6293 4405", "phone": "+6562934405"}, "venueRatingBlacklisted": true, "name": "Masjid Sultan (Mosque)"}, "width": 720, "suffix": "/mE4ara57Ht9V5-H6SAgZy7AuRyAixkCxAn8_5tMJQTo.jpg"}, {"id": "5008ea26e4b09ba49fc03741", "createdAt": 1342761510, "height": 480, "visibility": "public", "source": {"url": "https://foursquare.com/download/#/android", "name": "Foursquare for Android"}, "prefix": "https://igx.4sqi.net/img/general/", "venue": {"id": "4c11b7a56e5dc9b64fb0b02d", "like": false, "stats": {"checkinsCount": 2377, "tipCount": 11, "usersCount": 1563}, "url": "http://www.burgerking.com.sg", "beenHere": {"lastCheckinExpiredAt": 0}, "categories": [{"id": "4bf58dd8d48988d16e941735", "primary": true, "icon": {"prefix": "https://ss3.4sqi.net/img/categories_v2/food/fastfood_", "suffix": ".png"}, "pluralName": "Fast Food Restaurants", "shortName": "Fast Food", "name": "Fast Food Restaurant"}], "verified": false, "allowMenuUrlEdit": true, "location": {"crossStreet": "90 Bras Basah Rd", "labeledLatLngs": [{"lng": 103.85592445207222, "label": "display", "lat": 1.2933569130334883}], "lat": 1.2933569130334883, "postalCode": "189562", "city": "Singapore", "formattedAddress": ["#B1-27 to 28A, Esplanade Xchange (90 Bras Basah Rd)", "189562", "Singapore"], "lng": 103.85592445207222, "address": "#B1-27 to 28A, Esplanade Xchange", "country": "Singapore", "cc": "SG"}, "contact": {"formattedPhone": "+65 6336 5954", "phone": "+6563365954"}, "name": "BURGER KING"}, "width": 360, "suffix": "/oNTRoXyrKRiMP7VlLoW7X4e1hA06_RCdbLpxAGOne5U.jpg"}, {"id": "50017d98e4b031e9cae4cdaa", "createdAt": 1342274968, "height": 480, "visibility": "public", "source": {"url": "https://foursquare.com/download/#/android", "name": "Foursquare for Android"}, "prefix": "https://igx.4sqi.net/img/general/", "venue": {"id": "4bb9783c7421a59315d6c240", "like": false, "stats": {"checkinsCount": 10098, "tipCount": 32, "usersCount": 7000}, "url": "http://www.starbucks.com.sg", "beenHere": {"lastCheckinExpiredAt": 0}, "categories": [{"id": "4bf58dd8d48988d1e0931735", "primary": true, "icon": {"prefix": "https://ss3.4sqi.net/img/categories_v2/food/coffeeshop_", "suffix": ".png"}, "pluralName": "Coffee Shops", "shortName": "Coffee Shop", "name": "Coffee Shop"}], "verified": false, "allowMenuUrlEdit": true, "location": {"formattedAddress": ["#02-168 & #03-217/218, Marina Sq. (Lvls 2 & 3) (6 Raffles Blvd.)", "039594", "Singapore"], "crossStreet": "6 Raffles Blvd.", "labeledLatLngs": [{"lng": 103.8568925857544, "label": "display", "lat": 1.2911275910441806}], "lat": 1.2911275910441806, "postalCode": "039594", "city": "Singapore", "neighborhood": "Downtown Core", "lng": 103.8568925857544, "address": "#02-168 & #03-217/218, Marina Sq. (Lvls 2 & 3)", "country": "Singapore", "cc": "SG"}, "contact": {"twitter": "sg_starbucks"}, "name": "Starbucks"}, "width": 360, "suffix": "/bSKL4pFJnQIEpnITy5ykiaod6jvfPkliYBZabO1t-DU.jpg"}, {"id": "500126aee4b0eed3b6ceaeb3", "createdAt": 1342252718, "height": 720, "visibility": "public", "source": {"url": "https://foursquare.com/download/#/android", "name": "Foursquare for Android"}, "prefix": "https://igx.4sqi.net/img/general/", "venue": {"id": "4b8272e7f964a52064d330e3", "like": false, "stats": {"checkinsCount": 7708, "tipCount": 62, "usersCount": 5806}, "beenHere": {"lastCheckinExpiredAt": 0}, "categories": [{"id": "4bf58dd8d48988d1ce941735", "primary": true, "icon": {"prefix": "https://ss3.4sqi.net/img/categories_v2/food/seafood_", "suffix": ".png"}, "pluralName": "Seafood Restaurants", "shortName": "Seafood", "name": "Seafood Restaurant"}], "verified": false, "allowMenuUrlEdit": true, "location": {"crossStreet": "68 Orchard Rd", "labeledLatLngs": [{"lng": 103.84494066238403, "label": "display", "lat": 1.3001589613701159}], "lat": 1.3001589613701159, "postalCode": "238839", "city": "Singapore", "formattedAddress": ["#06-07, Plaza Singapura (68 Orchard Rd)", "238839", "Singapore"], "lng": 103.84494066238403, "address": "#06-07, Plaza Singapura", "country": "Singapore", "cc": "SG"}, "contact": {}, "name": "The Manhattan Fish Market"}, "width": 540, "suffix": "/4bvFkgldn6ElXIhutN6omJN_W2sT9hvnx180ve7Kt_o.jpg"}, {"id": "4ffe99dce4b0cd5639da49e8", "createdAt": 1342085596, "height": 720, "visibility": "public", "source": {"url": "https://foursquare.com/download/#/android", "name": "Foursquare for Android"}, "prefix": "https://igx.4sqi.net/img/general/", "venue": {"id": "4cd0300cadf29c74238b7b95", "like": false, "stats": {"checkinsCount": 920, "tipCount": 25, "usersCount": 493}, "beenHere": {"lastCheckinExpiredAt": 0}, "categories": [{"id": "4bf58dd8d48988d156941735", "primary": true, "icon": {"prefix": "https://ss3.4sqi.net/img/categories_v2/food/malaysian_", "suffix": ".png"}, "pluralName": "Malay Restaurants", "shortName": "Malay", "name": "Malay Restaurant"}], "verified": false, "allowMenuUrlEdit": true, "location": {"crossStreet": "724 Ang Mo Kio Ave 6", "labeledLatLngs": [{"lng": 103.8463568687439, "label": "display", "lat": 1.3717222933585818}], "lat": 1.3717222933585818, "postalCode": "560724", "city": "Singapore", "formattedAddress": ["#01-01 Ang Mo Kio Central Food Centre (724 Ang Mo Kio Ave 6)", "560724", "Singapore"], "lng": 103.8463568687439, "address": "#01-01 Ang Mo Kio Central Food Centre", "country": "Singapore", "cc": "SG"}, "contact": {}, "name": "Yunus N Family"}, "width": 540, "suffix": "/mLQa73T4A0gAUFkhiW424QcC8fAcA_skSF-ynFHL9Tg.jpg"}, {"id": "4ffb0d22e4b054fbac112f2b", "createdAt": 1341852962, "height": 720, "visibility": "public", "source": {"url": "https://foursquare.com/download/#/android", "name": "Foursquare for Android"}, "prefix": "https://igx.4sqi.net/img/general/", "venue": {"id": "4de335982271bfb844ae871c", "like": false, "stats": {"checkinsCount": 276, "tipCount": 1, "usersCount": 5}, "beenHere": {"lastCheckinExpiredAt": 0}, "categories": [{"id": "4bf58dd8d48988d103941735", "primary": true, "icon": {"prefix": "https://ss3.4sqi.net/img/categories_v2/building/home_", "suffix": ".png"}, "pluralName": "Homes (private)", "shortName": "Home", "name": "Home (private)"}], "verified": false, "location": {"lat": 1.4251250204012524, "city": "Singapore", "formattedAddress": ["Yishun St 72", "760760", "Singapore"], "isFuzzed": true, "country": "Singapore", "cc": "SG", "lng": 103.82742255204533}, "contact": {}, "venueRatingBlacklisted": true, "name": "Hiddy's Crash Pad! ^^"}, "width": 540, "suffix": "/jB5N-l8z_6T0tifF6ad-z1SWfUlXNQ6M-343W1UEois.jpg"}, {"id": "4fbdfb4fe4b0923d5c1d47ef", "createdAt": 1337850703, "height": 720, "visibility": "public", "source": {"url": "https://foursquare.com/download/#/android", "name": "Foursquare for Android"}, "prefix": "https://igx.4sqi.net/img/general/", "venue": {"id": "4b058819f964a520e1b122e3", "like": false, "stats": {"checkinsCount": 3577, "tipCount": 17, "usersCount": 1227}, "url": "http://www.amkh.com.sg", "beenHere": {"lastCheckinExpiredAt": 0}, "categories": [{"id": "4bf58dd8d48988d196941735", "primary": true, "icon": {"prefix": "https://ss3.4sqi.net/img/categories_v2/building/medical_", "suffix": ".png"}, "pluralName": "Hospitals", "shortName": "Hospital", "name": "Hospital"}], "verified": false, "location": {"address": "17 Ang Mo Kio Avenue 9", "lat": 1.383728069246062, "postalCode": "569766", "city": "Singapore", "formattedAddress": ["17 Ang Mo Kio Avenue 9", "569766", "Singapore"], "lng": 103.84044000787361, "labeledLatLngs": [{"lng": 103.84044000787361, "label": "display", "lat": 1.383728069246062}], "country": "Singapore", "cc": "SG"}, "contact": {}, "venueRatingBlacklisted": true, "name": "Ang Mo Kio - Thye Hua Kwan Hospital"}, "width": 540, "suffix": "/6pObM1qnUWug5neR8HBJijUOD94h-kxJss2gzIRRZAY.jpg"}, {"id": "4faf6454e4b08a2bb9b09906", "createdAt": 1336894548, "height": 720, "visibility": "public", "source": {"url": "https://foursquare.com/download/#/iphone", "name": "Foursquare for iOS"}, "prefix": "https://igx.4sqi.net/img/general/", "venue": {"closed": true, "like": false, "allowMenuUrlEdit": true, "location": {"crossStreet": "2 Orchard Turn", "lat": 1.305031673392535, "postalCode": "238801", "city": "Singapore", "formattedAddress": ["#04-12, ION Orchard (2 Orchard Turn)", "238801", "Singapore"], "lng": 103.83213518528378, "address": "#04-12, ION Orchard", "country": "Singapore", "cc": "SG"}, "storeId": "", "id": "4cde79f170bba1cda88160c4", "beenHere": {"lastCheckinExpiredAt": 0}, "stats": {"checkinsCount": 1306, "tipCount": 35, "usersCount": 1084}, "categories": [{"id": "4bf58dd8d48988d1cc941735", "primary": true, "icon": {"prefix": "https://ss3.4sqi.net/img/categories_v2/food/steakhouse_", "suffix": ".png"}, "pluralName": "Steakhouses", "shortName": "Steakhouse", "name": "Steakhouse"}], "verified": true, "contact": {"facebookUsername": "MeatworksSG", "facebook": "156629841062602", "facebookName": "MeatWorks", "twitter": "meatworks_sg"}, "name": "MeatWorks"}, "width": 540, "suffix": "/NPJKVdMkokeg-ejhvOhpIbBXhAHYBnZKULzTf_BZIyo.jpg"}, {"id": "4f7c064ce4b06a80ab6bee82", "createdAt": 1333528140, "height": 720, "visibility": "public", "source": {"url": "https://foursquare.com/download/#/android", "name": "Foursquare for Android"}, "prefix": "https://igx.4sqi.net/img/general/", "venue": {"like": false, "allowMenuUrlEdit": true, "location": {"crossStreet": "181 Orchard Rd", "labeledLatLngs": [{"lng": 103.84005904197693, "label": "display", "lat": 1.300781073578575}], "lat": 1.300781073578575, "postalCode": "238896", "city": "Singapore", "formattedAddress": ["#01-17, Orchard Central (181 Orchard Rd)", "238896", "Singapore"], "lng": 103.84005904197693, "address": "#01-17, Orchard Central", "country": "Singapore", "cc": "SG"}, "id": "4d19e62981cea35d855df8ec", "beenHere": {"lastCheckinExpiredAt": 0}, "stats": {"checkinsCount": 14724, "tipCount": 94, "usersCount": 9159}, "url": "http://www.coldstonecreamery.com.sg", "categories": [{"id": "4bf58dd8d48988d1c9941735", "primary": true, "icon": {"prefix": "https://ss3.4sqi.net/img/categories_v2/food/icecream_", "suffix": ".png"}, "pluralName": "Ice Cream Shops", "shortName": "Ice Cream", "name": "Ice Cream Shop"}], "venuePage": {"id": "84382952"}, "verified": true, "contact": {"formattedPhone": "+65 6634 1015", "phone": "+6566341015"}, "name": "Cold Stone Creamery"}, "width": 540, "suffix": "/l3n2NOHWDi5cG46eNpOOZaqVf_b7D1_Av-jprT5Gz8g.jpg"}, {"id": "4f7ae8cfe4b0dd0dafd0eb3b", "createdAt": 1333455055, "height": 480, "visibility": "public", "source": {"url": "https://foursquare.com/download/#/android", "name": "Foursquare for Android"}, "prefix": "https://igx.4sqi.net/img/general/", "venue": {"id": "4b25eec6f964a5209b7724e3", "like": false, "stats": {"checkinsCount": 9480, "tipCount": 96, "usersCount": 4937}, "beenHere": {"lastCheckinExpiredAt": 0}, "categories": [{"id": "4bf58dd8d48988d120951735", "primary": true, "icon": {"prefix": "https://ss3.4sqi.net/img/categories_v2/shops/food_foodcourt_", "suffix": ".png"}, "pluralName": "Food Courts", "shortName": "Food Court", "name": "Food Court"}], "verified": false, "allowMenuUrlEdit": true, "location": {"crossStreet": "6 Raffles Blvd.", "labeledLatLngs": [{"lng": 103.8571700781638, "label": "display", "lat": 1.290397572575202}], "lat": 1.290397572575202, "postalCode": "039594", "city": "Singapore", "formattedAddress": ["Marina Sq. (6 Raffles Blvd.)", "039594", "Singapore"], "lng": 103.8571700781638, "address": "Marina Sq.", "country": "Singapore", "cc": "SG"}, "contact": {"formattedPhone": "+65 6337 2937", "phone": "+6563372937"}, "name": "The Gallerie Foodcourt"}, "width": 360, "suffix": "/61dFjTSMaa752gk_irBrUPb1hHIV0V_AHHMRX0Wg7PE.jpg"}, {"id": "4f6852f7e4b0289eb19cbccb", "createdAt": 1332237047, "height": 480, "visibility": "public", "source": {"url": "https://foursquare.com/download/#/android", "name": "Foursquare for Android"}, "prefix": "https://igx.4sqi.net/img/general/", "venue": {"id": "4e9e3ee80cd61c79dc348c4a", "like": false, "stats": {"checkinsCount": 958, "tipCount": 5, "usersCount": 572}, "url": "http://marbleslab.com.sg", "beenHere": {"lastCheckinExpiredAt": 0}, "categories": [{"id": "4bf58dd8d48988d1c9941735", "primary": true, "icon": {"prefix": "https://ss3.4sqi.net/img/categories_v2/food/icecream_", "suffix": ".png"}, "pluralName": "Ice Cream Shops", "shortName": "Ice Cream", "name": "Ice Cream Shop"}], "verified": false, "allowMenuUrlEdit": true, "location": {"crossStreet": "1 Woodlands Square", "labeledLatLngs": [{"lng": 103.78623247146606, "label": "display", "lat": 1.436033081280144}], "lat": 1.436033081280144, "postalCode": "738099", "city": "Singapore", "formattedAddress": ["#B1-22, Causeway Point (1 Woodlands Square)", "738099", "Singapore"], "lng": 103.78623247146606, "address": "#B1-22, Causeway Point", "country": "Singapore", "cc": "SG"}, "contact": {"twitter": "marbleslabsg", "formattedPhone": "+65 6891 2346", "phone": "+6568912346"}, "name": "Marble Slab Creamery"}, "width": 360, "suffix": "/rCBVwu-qAx4gHCy7wN7hgNtLrg6uZbh-QzQAwqBrvdk.jpg"}, {"id": "4f66d012e4b06b308a71eb49", "createdAt": 1332138002, "height": 480, "visibility": "public", "source": {"url": "https://foursquare.com/download/#/android", "name": "Foursquare for Android"}, "prefix": "https://igx.4sqi.net/img/general/", "venue": {"id": "4c00a065ad46c9b6f7e08f66", "like": false, "stats": {"checkinsCount": 25780, "tipCount": 95, "usersCount": 19055}, "url": "http://www.sentosa.com.sg/en/beaches/siloso-beach", "beenHere": {"lastCheckinExpiredAt": 0}, "categories": [{"id": "4bf58dd8d48988d1e2941735", "primary": true, "icon": {"prefix": "https://ss3.4sqi.net/img/categories_v2/parks_outdoors/beach_", "suffix": ".png"}, "pluralName": "Beaches", "shortName": "Beach", "name": "Beach"}], "verified": false, "location": {"address": "Siloso Beach Walk", "lat": 1.2547658133464914, "postalCode": "098998", "city": "Singapore", "formattedAddress": ["Siloso Beach Walk", "098998", "Singapore"], "lng": 103.81314039230347, "labeledLatLngs": [{"lng": 103.81314039230347, "label": "display", "lat": 1.2547658133464914}], "country": "Singapore", "cc": "SG"}, "contact": {"twitter": "sentosa_island", "formattedPhone": "+65 6736 8672", "phone": "+6567368672"}, "name": "Siloso Beach"}, "width": 360, "suffix": "/HtO1EdPuu0RaNcC0iVDNoON7JcAgUPbvr7lCXegQPoU.jpg"}, {"id": "4f65ca1ee4b098b3967ae477", "createdAt": 1332070942, "height": 480, "visibility": "public", "source": {"url": "https://foursquare.com/download/#/android", "name": "Foursquare for Android"}, "prefix": "https://igx.4sqi.net/img/general/", "venue": {"id": "4c9a360f78fc236a688f3397", "like": false, "stats": {"checkinsCount": 12580, "tipCount": 114, "usersCount": 5835}, "url": "http://www.tangtea.net", "beenHere": {"lastCheckinExpiredAt": 0}, "categories": [{"id": "4bf58dd8d48988d1f5931735", "primary": true, "icon": {"prefix": "https://ss3.4sqi.net/img/categories_v2/food/dimsum_", "suffix": ".png"}, "pluralName": "Dim Sum Restaurants", "shortName": "Dim Sum", "name": "Dim Sum Restaurant"}], "verified": false, "allowMenuUrlEdit": true, "location": {"crossStreet": "Simpang Bedok", "labeledLatLngs": [{"lng": 103.94724279642105, "label": "display", "lat": 1.3314386789870452}], "lat": 1.3314386789870452, "postalCode": "469545", "city": "Singapore", "formattedAddress": ["359 Bedok Road (Simpang Bedok)", "469545", "Singapore"], "lng": 103.94724279642105, "address": "359 Bedok Road", "country": "Singapore", "cc": "SG"}, "contact": {}, "name": "Tang Tea House Hong Kong Cafe"}, "width": 360, "suffix": "/bKxfXIAKIFAmelVyAcKoG_kyRQfG5bxDWeS9Zs6q2eg.jpg"}, {"id": "4f604068e4b0f16f2890ed01", "createdAt": 1331708008, "height": 480, "visibility": "public", "source": {"url": "https://foursquare.com/download/#/android", "name": "Foursquare for Android"}, "prefix": "https://igx.4sqi.net/img/general/", "venue": {"id": "4ecf76a1cc219860f6469129", "like": false, "stats": {"checkinsCount": 149, "tipCount": 0, "usersCount": 35}, "beenHere": {"lastCheckinExpiredAt": 0}, "categories": [{"id": "4bf58dd8d48988d1d0941735", "primary": true, "icon": {"prefix": "https://ss3.4sqi.net/img/categories_v2/food/dessert_", "suffix": ".png"}, "pluralName": "Dessert Shops", "shortName": "Desserts", "name": "Dessert Shop"}], "verified": true, "allowMenuUrlEdit": true, "location": {"crossStreet": "14 Scotts Road", "labeledLatLngs": [{"lng": 103.8331767984015, "label": "display", "lat": 1.3074856272574715}], "lat": 1.3074856272574715, "city": "Singapore", "formattedAddress": ["Far East Plaza (14 Scotts Road)", "Singapore"], "lng": 103.8331767984015, "address": "Far East Plaza", "country": "Singapore", "cc": "SG"}, "contact": {"facebook": "257747264271235", "facebookName": "Sweet Chills (Far East Plaza)", "facebookUsername": "SweetChills.FarEastPlaza"}, "storeId": "", "name": "Sweet Chills"}, "width": 360, "suffix": "/c46yTSMgTD0sVlKTEWOlTF2Sz2LJQ_V0-HSQHm4J1aw.jpg"}, {"id": "4f602f75e4b048e100ab2c27", "createdAt": 1331703669, "height": 480, "visibility": "public", "source": {"url": "https://foursquare.com/download/#/android", "name": "Foursquare for Android"}, "prefix": "https://igx.4sqi.net/img/general/", "venue": {"id": "4c442bc5dd1f2d7f306d7ff9", "like": false, "stats": {"checkinsCount": 8359, "tipCount": 57, "usersCount": 5633}, "url": "http://www.ayampenyetria.com", "beenHere": {"lastCheckinExpiredAt": 0}, "categories": [{"id": "4deefc054765f83613cdba6f", "primary": true, "icon": {"prefix": "https://ss3.4sqi.net/img/categories_v2/food/indonesian_", "suffix": ".png"}, "pluralName": "Indonesian Restaurants", "shortName": "Indonesian", "name": "Indonesian Restaurant"}], "verified": false, "allowMenuUrlEdit": true, "location": {"crossStreet": "304 Orchard Rd", "labeledLatLngs": [{"lng": 103.8338278106633, "label": "display", "lat": 1.304506348898606}], "lat": 1.304506348898606, "postalCode": "238863", "city": "Singapore", "formattedAddress": ["#04-25/26, Lucky Plaza (304 Orchard Rd)", "238863", "Singapore"], "lng": 103.8338278106633, "address": "#04-25/26, Lucky Plaza", "country": "Singapore", "cc": "SG"}, "contact": {"formattedPhone": "+65 6235 7385", "phone": "+6562357385"}, "name": "Ayam Penyet Ria (Level 4)"}, "width": 360, "suffix": "/p9dn_BR-VIlwuwA7kzXCkTyEc8DGspGs_LyDFaxqTxA.jpg"}, {"id": "4f5dffb1e4b02628c35f28db", "createdAt": 1331560369, "height": 480, "visibility": "public", "source": {"url": "https://foursquare.com/download/#/android", "name": "Foursquare for Android"}, "prefix": "https://igx.4sqi.net/img/general/", "venue": {"id": "4b63bf63f964a5209c8f2ae3", "like": false, "stats": {"checkinsCount": 8832, "tipCount": 95, "usersCount": 3345}, "beenHere": {"lastCheckinExpiredAt": 0}, "categories": [{"id": "4bf58dd8d48988d10f941735", "primary": true, "icon": {"prefix": "https://ss3.4sqi.net/img/categories_v2/food/indian_", "suffix": ".png"}, "pluralName": "Indian Restaurants", "shortName": "Indian", "name": "Indian Restaurant"}], "verified": false, "allowMenuUrlEdit": true, "location": {"address": "592 Sembawang Rd", "lat": 1.4405387481823997, "postalCode": "758451", "city": "Singapore", "formattedAddress": ["592 Sembawang Rd", "758451", "Singapore"], "lng": 103.82493468744607, "labeledLatLngs": [{"lng": 103.82493468744607, "label": "display", "lat": 1.4405387481823997}], "country": "Singapore", "cc": "SG"}, "contact": {"formattedPhone": "+65 6752 9947", "phone": "+6567529947"}, "name": "D'Rubinah Restaurant"}, "width": 360, "suffix": "/rEYCt5pwSXwmIFaHkApHAIFwtkG6v7g4Mo3HbUPUPRs.jpg"}, {"id": "4f5c4f33e4b0a3bd236fbc67", "createdAt": 1331449651, "height": 480, "visibility": "public", "source": {"url": "https://foursquare.com/download/#/android", "name": "Foursquare for Android"}, "prefix": "https://igx.4sqi.net/img/general/", "venue": {"id": "4b642ef5f964a520faa22ae3", "like": false, "stats": {"checkinsCount": 32178, "tipCount": 90, "usersCount": 10785}, "url": "http://www.gv.com.sg", "beenHere": {"lastCheckinExpiredAt": 0}, "categories": [{"id": "4bf58dd8d48988d180941735", "primary": true, "icon": {"prefix": "https://ss3.4sqi.net/img/categories_v2/arts_entertainment/movietheater_", "suffix": ".png"}, "pluralName": "Multiplexes", "shortName": "Cineplex", "name": "Multiplex"}], "verified": false, "allowMenuUrlEdit": true, "location": {"crossStreet": "opp Northpoint", "lat": 1.4301126161589073, "postalCode": "768794", "city": "Singapore", "formattedAddress": ["51 Yishun Central 1 (opp Northpoint)", "768794", "Singapore"], "lng": 103.83657217025757, "address": "51 Yishun Central 1", "country": "Singapore", "cc": "SG"}, "contact": {"twitter": "gvpictures"}, "name": "Golden Village"}, "width": 360, "suffix": "/1mTZoTc4dHBZBJLvSjqF0VmVjP3hsGx6987SrEB04l4.jpg"}, {"id": "4f48ac88e4b08df2fbd28e4e", "createdAt": 1330162824, "height": 540, "visibility": "public", "source": {"url": "https://foursquare.com/download/#/android", "name": "Foursquare for Android"}, "prefix": "https://igx.4sqi.net/img/general/", "venue": {"id": "4b4da59cf964a52024d526e3", "like": false, "stats": {"checkinsCount": 2800, "tipCount": 25, "usersCount": 2249}, "url": "http://www.fish-co.com", "beenHere": {"lastCheckinExpiredAt": 0}, "categories": [{"id": "4bf58dd8d48988d1ce941735", "primary": true, "icon": {"prefix": "https://ss3.4sqi.net/img/categories_v2/food/seafood_", "suffix": ".png"}, "pluralName": "Seafood Restaurants", "shortName": "Seafood", "name": "Seafood Restaurant"}], "verified": false, "allowMenuUrlEdit": true, "location": {"crossStreet": "200 Victoria St", "labeledLatLngs": [{"lng": 103.8543823411045, "label": "display", "lat": 1.2986751847996902}], "lat": 1.2986751847996902, "postalCode": "188966", "city": "Singapore", "formattedAddress": ["#01-94/95, Bugis Junction (200 Victoria St)", "188966", "Singapore"], "lng": 103.8543823411045, "address": "#01-94/95, Bugis Junction", "country": "Singapore", "cc": "SG"}, "contact": {"formattedPhone": "+65 6338 2836", "phone": "+6563382836"}, "name": "Fish & Co."}, "width": 720, "suffix": "/kO0nGZbIjvBJocin1q3R4NM_B-maJFnUgzt72rOXqY0.jpg"}, {"id": "4f3a7153e4b0a81c49f977df", "createdAt": 1329230163, "height": 720, "visibility": "public", "source": {"url": "https://foursquare.com/download/#/android", "name": "Foursquare for Android"}, "prefix": "https://igx.4sqi.net/img/general/", "venue": {"id": "4de335982271bfb844ae871c", "like": false, "stats": {"checkinsCount": 276, "tipCount": 1, "usersCount": 5}, "beenHere": {"lastCheckinExpiredAt": 0}, "categories": [{"id": "4bf58dd8d48988d103941735", "primary": true, "icon": {"prefix": "https://ss3.4sqi.net/img/categories_v2/building/home_", "suffix": ".png"}, "pluralName": "Homes (private)", "shortName": "Home", "name": "Home (private)"}], "verified": false, "location": {"lat": 1.4251250204012524, "city": "Singapore", "formattedAddress": ["Yishun St 72", "760760", "Singapore"], "isFuzzed": true, "country": "Singapore", "cc": "SG", "lng": 103.82742255204533}, "contact": {}, "venueRatingBlacklisted": true, "name": "Hiddy's Crash Pad! ^^"}, "width": 540, "suffix": "/5yiZGrsRPDjnTGF0idWtJTJHXslxhi-pJ9T0BpM28Lw.jpg"}, {"id": "4f3755d7e4b05324692475a7", "createdAt": 1329026519, "height": 540, "visibility": "public", "source": {"url": "https://foursquare.com/download/#/android", "name": "Foursquare for Android"}, "prefix": "https://igx.4sqi.net/img/general/", "venue": {"id": "4de335982271bfb844ae871c", "like": false, "stats": {"checkinsCount": 276, "tipCount": 1, "usersCount": 5}, "beenHere": {"lastCheckinExpiredAt": 0}, "categories": [{"id": "4bf58dd8d48988d103941735", "primary": true, "icon": {"prefix": "https://ss3.4sqi.net/img/categories_v2/building/home_", "suffix": ".png"}, "pluralName": "Homes (private)", "shortName": "Home", "name": "Home (private)"}], "verified": false, "location": {"lat": 1.4251250204012524, "city": "Singapore", "formattedAddress": ["Yishun St 72", "760760", "Singapore"], "isFuzzed": true, "country": "Singapore", "cc": "SG", "lng": 103.82742255204533}, "contact": {}, "venueRatingBlacklisted": true, "name": "Hiddy's Crash Pad! ^^"}, "width": 720, "suffix": "/hkJVsPyge4tXgTD4oc0CGkUwagJxT8ADaefFQd5TF1M.jpg"}, {"id": "4f291f15e4b09023de247451", "createdAt": 1328094997, "height": 540, "visibility": "public", "source": {"url": "https://foursquare.com/download/#/android", "name": "Foursquare for Android"}, "prefix": "https://igx.4sqi.net/img/general/", "venue": {"id": "4ca5ce817334236a7b3a1958", "like": false, "stats": {"checkinsCount": 1814, "tipCount": 3, "usersCount": 1490}, "beenHere": {"lastCheckinExpiredAt": 0}, "categories": [{"id": "4bf58dd8d48988d165941735", "primary": true, "icon": {"prefix": "https://ss3.4sqi.net/img/categories_v2/parks_outdoors/sceniclookout_", "suffix": ".png"}, "pluralName": "Scenic Lookouts", "shortName": "Scenic Lookout", "name": "Scenic Lookout"}], "verified": false, "location": {"crossStreet": "1 Esplanade Dr", "labeledLatLngs": [{"lng": 103.85596974736661, "label": "display", "lat": 1.2894082142177046}], "lat": 1.2894082142177046, "postalCode": "038981", "city": "Singapore", "formattedAddress": ["Esplanade - Theatres On The Bay (1 Esplanade Dr)", "038981", "Singapore"], "lng": 103.85596974736661, "address": "Esplanade - Theatres On The Bay", "country": "Singapore", "cc": "SG"}, "contact": {"formattedPhone": "+65 6828 8377", "phone": "+6568288377"}, "name": "Esplanade Roof Terrace"}, "width": 720, "suffix": "/J0RVXQ2P2GI3ACL54JCWSDQR5WV2QTAWOMTIBXIMIKGQOOHI.jpg"}, {"id": "4f28ef2ce4b0576e6d52778b", "createdAt": 1328082732, "height": 720, "visibility": "public", "source": {"url": "https://foursquare.com/download/#/android", "name": "Foursquare for Android"}, "prefix": "https://igx.4sqi.net/img/general/", "venue": {"id": "4bf68c565efe2d7f804f6734", "like": false, "stats": {"checkinsCount": 722, "tipCount": 13, "usersCount": 483}, "beenHere": {"lastCheckinExpiredAt": 0}, "categories": [{"id": "4bf58dd8d48988d10f941735", "primary": true, "icon": {"prefix": "https://ss3.4sqi.net/img/categories_v2/food/indian_", "suffix": ".png"}, "pluralName": "Indian Restaurants", "shortName": "Indian", "name": "Indian Restaurant"}], "verified": false, "allowMenuUrlEdit": true, "location": {"crossStreet": "Buffalo road", "labeledLatLngs": [{"lng": 103.85120630264282, "label": "display", "lat": 1.306492700039008}], "lat": 1.306492700039008, "country": "Singapore", "lng": 103.85120630264282, "address": "24", "formattedAddress": ["24 (Buffalo road)", "Singapore"], "cc": "SG"}, "contact": {}, "name": "Blue Diamond Restaurant"}, "width": 540, "suffix": "/QT3QNCW0HYI2FJ0MOKJIBMH5XWAMGJZM51OH24IAUCI4YD1V.jpg"}, {"id": "4f262968e4b0b2f9912fd534", "createdAt": 1327901032, "height": 720, "visibility": "public", "source": {"url": "https://foursquare.com/download/#/android", "name": "Foursquare for Android"}, "prefix": "https://igx.4sqi.net/img/general/", "venue": {"id": "4b78e988f964a5201be62ee3", "like": false, "stats": {"checkinsCount": 25265, "tipCount": 42, "usersCount": 9721}, "url": "http://www.cathaycineplexes.com.sg", "beenHere": {"lastCheckinExpiredAt": 0}, "categories": [{"id": "4bf58dd8d48988d17f941735", "primary": true, "icon": {"prefix": "https://ss3.4sqi.net/img/categories_v2/arts_entertainment/movietheater_", "suffix": ".png"}, "pluralName": "Movie Theaters", "shortName": "Movie Theater", "name": "Movie Theater"}], "verified": false, "allowMenuUrlEdit": true, "location": {"formattedAddress": ["#07-01, Causeway Point (1 Woodlands Square)", "738099", "Singapore"], "crossStreet": "1 Woodlands Square", "labeledLatLngs": [{"lng": 103.78599524139113, "label": "display", "lat": 1.436471743113832}], "lat": 1.436471743113832, "postalCode": "738099", "city": "Singapore", "neighborhood": "Woodlands, Singapore", "lng": 103.78599524139113, "address": "#07-01, Causeway Point", "country": "Singapore", "cc": "SG"}, "contact": {"facebook": "191490752415", "facebookName": "Cathay Cineplexes", "formattedPhone": "+65 6337 8181", "phone": "+6563378181", "facebookUsername": "cathaycineplexes", "twitter": "cathaycineplex"}, "name": "Cathay Cineplexes"}, "width": 540, "suffix": "/EETK2FES0CDSDLABJNGIM3HL5JELJZEGOEWWSETHKM03UUJU.jpg"}, {"id": "4f22b497e4b0dc27b79b8137", "createdAt": 1327674519, "height": 720, "visibility": "public", "source": {"url": "https://foursquare.com/download/#/android", "name": "Foursquare for Android"}, "prefix": "https://igx.4sqi.net/img/general/", "venue": {"id": "4d36e52ad8caa1cdfb9771d6", "like": false, "stats": {"checkinsCount": 105, "tipCount": 7, "usersCount": 96}, "beenHere": {"lastCheckinExpiredAt": 0}, "categories": [{"id": "4bf58dd8d48988d115941735", "primary": true, "icon": {"prefix": "https://ss3.4sqi.net/img/categories_v2/food/middleeastern_", "suffix": ".png"}, "pluralName": "Middle Eastern Restaurants", "shortName": "Middle Eastern", "name": "Middle Eastern Restaurant"}], "verified": false, "allowMenuUrlEdit": true, "location": {"address": "41 Arab street", "lat": 1.300721, "city": "Singapore", "formattedAddress": ["41 Arab street", "Singapore"], "lng": 103.859564, "labeledLatLngs": [{"lng": 103.859564, "label": "display", "lat": 1.300721}], "country": "Singapore", "cc": "SG"}, "contact": {}, "name": "Gulf Beach Lebanese Restaurant & Cafe"}, "width": 480, "suffix": "/4R0I5LVV3WPYV1S2L3YNB1GUBEHYJFO1TAHL4EDGFTID5BPS.jpg"}, {"id": "4f210ce6e4b028522def22fa", "createdAt": 1327566054, "height": 720, "visibility": "public", "source": {"url": "https://foursquare.com/download/#/android", "name": "Foursquare for Android"}, "prefix": "https://igx.4sqi.net/img/general/", "venue": {"like": false, "allowMenuUrlEdit": true, "location": {"crossStreet": "1 Woodlands Square", "labeledLatLngs": [{"lng": 103.78555384114495, "label": "display", "lat": 1.4355887386653154}], "lat": 1.4355887386653154, "postalCode": "738099", "city": "Singapore", "formattedAddress": ["#01-14/15, Causeway Point (1 Woodlands Square)", "738099", "Singapore"], "lng": 103.78555384114495, "address": "#01-14/15, Causeway Point", "country": "Singapore", "cc": "SG"}, "storeId": "", "id": "4e30ef3918a89cd377833c0d", "beenHere": {"lastCheckinExpiredAt": 0}, "stats": {"checkinsCount": 3165, "tipCount": 20, "usersCount": 2058}, "url": "http://www.texaschicken.com.sg", "categories": [{"id": "4d4ae6fc7a7b7dea34424761", "primary": true, "icon": {"prefix": "https://ss3.4sqi.net/img/categories_v2/food/friedchicken_", "suffix": ".png"}, "pluralName": "Fried Chicken Joints", "shortName": "Fried Chicken", "name": "Fried Chicken Joint"}], "verified": true, "contact": {"formattedPhone": "+65 6894 8677", "phone": "+6568948677"}, "name": "Texas Chicken"}, "width": 480, "suffix": "/OEHUA4BSCG50ICK4QWYUBZIZKTQ5AXQ2OBALC03TFKONYE23.jpg"}, {"id": "4f1d270ee4b0a6271ac27914", "createdAt": 1327310606, "height": 720, "visibility": "public", "source": {"url": "https://foursquare.com/download/#/android", "name": "Foursquare for Android"}, "prefix": "https://igx.4sqi.net/img/general/", "venue": {"id": "4f1559c5e4b0297e5a14a71d", "like": false, "stats": {"checkinsCount": 28, "tipCount": 0, "usersCount": 27}, "beenHere": {"lastCheckinExpiredAt": 0}, "categories": [{"id": "4bf58dd8d48988d10f941735", "primary": true, "icon": {"prefix": "https://ss3.4sqi.net/img/categories_v2/food/indian_", "suffix": ".png"}, "pluralName": "Indian Restaurants", "shortName": "Indian", "name": "Indian Restaurant"}], "verified": false, "allowMenuUrlEdit": true, "location": {"address": "Tekka Mall, 665 Buffalo Rd", "lat": 1.3064669919120624, "postalCode": "210665", "city": "Singapore", "formattedAddress": ["Tekka Mall, 665 Buffalo Rd", "210665", "Singapore"], "lng": 103.85095904689918, "labeledLatLngs": [{"lng": 103.85095904689918, "label": "display", "lat": 1.3064669919120624}], "country": "Singapore", "cc": "SG"}, "contact": {}, "name": "Tekka Blue Diamond Restaurant"}, "width": 480, "suffix": "/0RGJSRI2N5Z0YJQD0KQG2JSXS1OWTGBC1RFWIGYJV2HFWWO3.jpg"}, {"id": "4f116ce0e4b019e9911a9eca", "createdAt": 1326542048, "height": 720, "visibility": "public", "source": {"url": "https://foursquare.com/download/#/android", "name": "Foursquare for Android"}, "prefix": "https://igx.4sqi.net/img/general/", "venue": {"like": false, "allowMenuUrlEdit": true, "location": {"crossStreet": "Opp Shell Simpang Bedok", "lat": 1.331444789320048, "postalCode": "469512", "city": "Singapore", "formattedAddress": ["336 Bedok Rd. (Opp Shell Simpang Bedok)", "469512", "Singapore"], "lng": 103.94812580704937, "address": "336 Bedok Rd.", "country": "Singapore", "cc": "SG"}, "storeId": "", "id": "4b3758eff964a520974025e3", "beenHere": {"lastCheckinExpiredAt": 0}, "stats": {"checkinsCount": 31907, "tipCount": 194, "usersCount": 13474}, "url": "http://www.spize.com.sg", "categories": [{"id": "4bf58dd8d48988d1c4941735", "primary": true, "icon": {"prefix": "https://ss3.4sqi.net/img/categories_v2/food/default_", "suffix": ".png"}, "pluralName": "Restaurants", "shortName": "Restaurant", "name": "Restaurant"}], "venuePage": {"id": "33757258"}, "verified": true, "contact": {"twitter": "spizebedok", "formattedPhone": "+65 6445 3211", "phone": "+6564453211"}, "name": "Spize"}, "width": 540, "suffix": "/LUDPBTWW5HD4KOWKW04FOBTCDGBURYAS25ULU1P3VYR1ZHA0.jpg"}, {"id": "4f0e9dafe4b01660ddafbee4", "createdAt": 1326357935, "height": 720, "visibility": "public", "source": {"url": "https://foursquare.com/download/#/android", "name": "Foursquare for Android"}, "prefix": "https://igx.4sqi.net/img/general/", "venue": {"id": "4cbe25190d22ef3b45bc2b70", "like": false, "stats": {"checkinsCount": 1240, "tipCount": 2, "usersCount": 343}, "beenHere": {"lastCheckinExpiredAt": 0}, "categories": [{"id": "4bf58dd8d48988d1a9941735", "primary": true, "icon": {"prefix": "https://ss3.4sqi.net/img/categories_v2/education/reccenter_", "suffix": ".png"}, "pluralName": "College Rec Centers", "shortName": "Rec Center", "name": "College Rec Center"}], "verified": false, "location": {"crossStreet": "Avenue 9", "labeledLatLngs": [{"lng": 103.78496646881104, "label": "display", "lat": 1.4444632823081331}], "state": "Singapore", "lat": 1.4444632823081331, "city": "Woodlands New Town", "formattedAddress": ["9 Woodlands (Avenue 9)", "Singapore"], "lng": 103.78496646881104, "address": "9 Woodlands", "country": "Singapore", "cc": "SG"}, "contact": {}, "venueRatingBlacklisted": true, "name": "Republic Polytechnic Lawn"}, "width": 540, "suffix": "/HG14BGOBW5B2VE3TPATV4JEGXM0MHB3VGMIU5LGAFWQZAWQC.jpg"}, {"id": "4f0594d98b81bb1b02afd6a4", "createdAt": 1325765849, "height": 720, "visibility": "public", "source": {"url": "https://foursquare.com/download/#/android", "name": "Foursquare for Android"}, "prefix": "https://igx.4sqi.net/img/general/", "venue": {"id": "4b6944b1f964a5204b9d2be3", "closed": true, "stats": {"checkinsCount": 1251, "tipCount": 14, "usersCount": 738}, "like": false, "beenHere": {"lastCheckinExpiredAt": 0}, "categories": [{"id": "4bf58dd8d48988d148941735", "primary": true, "icon": {"prefix": "https://ss3.4sqi.net/img/categories_v2/food/donuts_", "suffix": ".png"}, "pluralName": "Donut Shops", "shortName": "Donuts", "name": "Donut Shop"}], "verified": false, "allowMenuUrlEdit": true, "location": {"lat": 1.319236029711152, "formattedAddress": ["10 Sinaran Drive #02-01/02/95/96 Square 2", "Singapore"], "country": "Singapore", "address": "10 Sinaran Drive #02-01/02/95/96 Square 2", "cc": "SG", "lng": 103.84389342386353}, "contact": {}, "name": "Donut Factory"}, "width": 540, "suffix": "/IKJEMNVKCYOIFVWSXE1QNDCE04VKWU0RT2WCZ1T0UFTYMOLC.jpg"}, {"id": "4f018ac48b81b0190c6abe50", "createdAt": 1325501124, "height": 720, "visibility": "public", "source": {"url": "https://foursquare.com/download/#/android", "name": "Foursquare for Android"}, "prefix": "https://igx.4sqi.net/img/general/", "venue": {"id": "4ecf76a1cc219860f6469129", "like": false, "stats": {"checkinsCount": 149, "tipCount": 0, "usersCount": 35}, "beenHere": {"lastCheckinExpiredAt": 0}, "categories": [{"id": "4bf58dd8d48988d1d0941735", "primary": true, "icon": {"prefix": "https://ss3.4sqi.net/img/categories_v2/food/dessert_", "suffix": ".png"}, "pluralName": "Dessert Shops", "shortName": "Desserts", "name": "Dessert Shop"}], "verified": true, "allowMenuUrlEdit": true, "location": {"crossStreet": "14 Scotts Road", "labeledLatLngs": [{"lng": 103.8331767984015, "label": "display", "lat": 1.3074856272574715}], "lat": 1.3074856272574715, "city": "Singapore", "formattedAddress": ["Far East Plaza (14 Scotts Road)", "Singapore"], "lng": 103.8331767984015, "address": "Far East Plaza", "country": "Singapore", "cc": "SG"}, "contact": {"facebook": "257747264271235", "facebookName": "Sweet Chills (Far East Plaza)", "facebookUsername": "SweetChills.FarEastPlaza"}, "storeId": "", "name": "Sweet Chills"}, "width": 540, "suffix": "/PMIBGDBCCTRG1WTBJVC0GSWWKI3EXRLEHQO5SZ3R4EDDXU1T.jpg"}, {"id": "4f007b726c25c5ce81d9a33f", "createdAt": 1325431666, "height": 540, "visibility": "public", "source": {"url": "https://foursquare.com/download/#/android", "name": "Foursquare for Android"}, "prefix": "https://igx.4sqi.net/img/general/", "venue": {"id": "4db3eb89cda1c57c825101d0", "like": false, "stats": {"checkinsCount": 520, "tipCount": 2, "usersCount": 268}, "beenHere": {"lastCheckinExpiredAt": 0}, "categories": [{"id": "4bf58dd8d48988d161941735", "primary": true, "icon": {"prefix": "https://ss3.4sqi.net/img/categories_v2/parks_outdoors/lake_", "suffix": ".png"}, "pluralName": "Lakes", "shortName": "Lake", "name": "Lake"}], "verified": false, "location": {"address": "Yishun Ave 1", "lat": 1.4107110074748233, "country": "Singapore", "lng": 103.83373723485711, "labeledLatLngs": [{"lng": 103.83373723485711, "label": "display", "lat": 1.4107110074748233}], "formattedAddress": ["Yishun Ave 1", "Singapore"], "cc": "SG"}, "contact": {}, "venueRatingBlacklisted": true, "name": "Yishun Waterfont"}, "width": 720, "suffix": "/SUGZD0JIULTPBFEPE0ST1BET5EYB25WXUVIGE25ZFM1KA413.jpg"}, {"id": "4efd5a9d6da1cd03567c4979", "createdAt": 1325226653, "height": 720, "visibility": "public", "source": {"url": "https://foursquare.com/download/#/android", "name": "Foursquare for Android"}, "prefix": "https://igx.4sqi.net/img/general/", "venue": {"like": false, "allowMenuUrlEdit": true, "location": {"crossStreet": "C09, Concourse Floor", "labeledLatLngs": [{"lng": 101.71279807053747, "label": "display", "lat": 3.1531812559271457}], "state": "Kuala Lumpur", "lat": 3.1531812559271457, "postalCode": "50088", "city": "Kuala Lumpur", "formattedAddress": ["Kuala Lumpur Convention Centre (KLCC) (C09, Concourse Floor)", "50088 Kuala Lumpur, Kuala Lumpur", "Malaysia"], "lng": 101.71279807053747, "address": "Kuala Lumpur Convention Centre (KLCC)", "country": "Malaysia", "cc": "MY"}, "storeId": "", "id": "4bd6b325cfa7b71313eb27da", "beenHere": {"lastCheckinExpiredAt": 0}, "stats": {"checkinsCount": 16040, "tipCount": 102, "usersCount": 9629}, "url": "http://www.facebook.com/StarbucksMalaysia", "categories": [{"id": "4bf58dd8d48988d1e0931735", "primary": true, "icon": {"prefix": "https://ss3.4sqi.net/img/categories_v2/food/coffeeshop_", "suffix": ".png"}, "pluralName": "Coffee Shops", "shortName": "Coffee Shop", "name": "Coffee Shop"}], "verified": true, "contact": {"facebook": "296802010332", "facebookName": "Starbucks Malaysia", "formattedPhone": "+60 3-2131 2213", "phone": "+60321312213", "facebookUsername": "StarbucksMalaysia", "twitter": "starbucksmy"}, "name": "Starbucks"}, "width": 540, "suffix": "/YXQNFA2LZ1A5NBA5BKLXD0MVLXZWV5RF2C4ZF0YOUPDZA1GS.jpg"}, {"id": "4efbbfc4b6347e20d3f06a1d", "createdAt": 1325121476, "height": 720, "visibility": "public", "source": {"url": "https://foursquare.com/download/#/android", "name": "Foursquare for Android"}, "prefix": "https://igx.4sqi.net/img/general/", "venue": {"id": "4efa7153490124bf9c256653", "like": false, "stats": {"checkinsCount": 575, "tipCount": 10, "usersCount": 445}, "beenHere": {"lastCheckinExpiredAt": 0}, "categories": [{"id": "4bf58dd8d48988d1e0931735", "primary": true, "icon": {"prefix": "https://ss3.4sqi.net/img/categories_v2/food/coffeeshop_", "suffix": ".png"}, "pluralName": "Coffee Shops", "shortName": "Coffee Shop", "name": "Coffee Shop"}], "verified": false, "allowMenuUrlEdit": true, "location": {"state": "Negeri Sembilan", "lat": 2.550180747071283, "city": "Port Dickson", "formattedAddress": ["Port Dickson, Negeri Sembilan", "Malaysia"], "lng": 101.79671755685622, "labeledLatLngs": [{"lng": 101.79671755685622, "label": "display", "lat": 2.550180747071283}], "country": "Malaysia", "cc": "MY"}, "contact": {}, "name": "Lexis Coffee House"}, "width": 540, "suffix": "/2MYPHHXJADLOZWNF1EHRMWZ4YCICHUCF3RUYH20M31BWEF0L.jpg"}, {"id": "4efa66fb775b54cdb718876d", "createdAt": 1325033211, "height": 540, "visibility": "public", "source": {"url": "https://foursquare.com/download/#/android", "name": "Foursquare for Android"}, "prefix": "https://igx.4sqi.net/img/general/", "venue": {"id": "4efa7153490124bf9c256653", "like": false, "stats": {"checkinsCount": 575, "tipCount": 10, "usersCount": 445}, "beenHere": {"lastCheckinExpiredAt": 0}, "categories": [{"id": "4bf58dd8d48988d1e0931735", "primary": true, "icon": {"prefix": "https://ss3.4sqi.net/img/categories_v2/food/coffeeshop_", "suffix": ".png"}, "pluralName": "Coffee Shops", "shortName": "Coffee Shop", "name": "Coffee Shop"}], "verified": false, "allowMenuUrlEdit": true, "location": {"state": "Negeri Sembilan", "lat": 2.550180747071283, "city": "Port Dickson", "formattedAddress": ["Port Dickson, Negeri Sembilan", "Malaysia"], "lng": 101.79671755685622, "labeledLatLngs": [{"lng": 101.79671755685622, "label": "display", "lat": 2.550180747071283}], "country": "Malaysia", "cc": "MY"}, "contact": {}, "name": "Lexis Coffee House"}, "width": 720, "suffix": "/Q5V24E3HHWIJ5GHOV3NOYHKGOV1BXQQ4TDVQSUTI0FEL2F04.jpg"}, {"id": "4ef70744d3e354f0bcd8db08", "createdAt": 1324812100, "height": 540, "visibility": "public", "source": {"url": "https://foursquare.com/download/#/android", "name": "Foursquare for Android"}, "prefix": "https://igx.4sqi.net/img/general/", "venue": {"like": false, "allowMenuUrlEdit": true, "location": {"crossStreet": "Pasir Ris Park", "labeledLatLngs": [{"lng": 103.9578995298882, "label": "display", "lat": 1.3791776172849712}], "lat": 1.3791776172849712, "city": "Singapore", "formattedAddress": ["159M Jalan Loyang Besar (Pasir Ris Park)", "Singapore"], "lng": 103.9578995298882, "address": "159M Jalan Loyang Besar", "country": "Singapore", "cc": "SG"}, "storeId": "", "id": "4ba57475f964a520d30839e3", "beenHere": {"lastCheckinExpiredAt": 0}, "stats": {"checkinsCount": 20659, "tipCount": 24, "usersCount": 12846}, "url": "http://www.costasands.com.sg/pasirris", "categories": [{"id": "4bf58dd8d48988d12f951735", "primary": true, "icon": {"prefix": "https://ss3.4sqi.net/img/categories_v2/travel/resort_", "suffix": ".png"}, "pluralName": "Resorts", "shortName": "Resort", "name": "Resort"}], "verified": true, "contact": {"formattedPhone": "+65 6582 2537", "phone": "+6565822537"}, "name": "Costa Sands Resort (Pasir Ris)"}, "width": 720, "suffix": "/MY1ZMU0BLTJELPIBCOF2W4QDQCBLV2XFQC3JE20Z1MUOUT2U.jpg"}, {"id": "4ef5c66d5c5c68fa0a047caa", "createdAt": 1324729965, "height": 540, "visibility": "public", "source": {"url": "https://foursquare.com/download/#/android", "name": "Foursquare for Android"}, "prefix": "https://igx.4sqi.net/img/general/", "venue": {"like": false, "allowMenuUrlEdit": true, "location": {"crossStreet": "Pasir Ris Park", "labeledLatLngs": [{"lng": 103.9578995298882, "label": "display", "lat": 1.3791776172849712}], "lat": 1.3791776172849712, "city": "Singapore", "formattedAddress": ["159M Jalan Loyang Besar (Pasir Ris Park)", "Singapore"], "lng": 103.9578995298882, "address": "159M Jalan Loyang Besar", "country": "Singapore", "cc": "SG"}, "storeId": "", "id": "4ba57475f964a520d30839e3", "beenHere": {"lastCheckinExpiredAt": 0}, "stats": {"checkinsCount": 20659, "tipCount": 24, "usersCount": 12846}, "url": "http://www.costasands.com.sg/pasirris", "categories": [{"id": "4bf58dd8d48988d12f951735", "primary": true, "icon": {"prefix": "https://ss3.4sqi.net/img/categories_v2/travel/resort_", "suffix": ".png"}, "pluralName": "Resorts", "shortName": "Resort", "name": "Resort"}], "verified": true, "contact": {"formattedPhone": "+65 6582 2537", "phone": "+6565822537"}, "name": "Costa Sands Resort (Pasir Ris)"}, "width": 720, "suffix": "/VQBFRA2ZDFZ1QTPXFXZNZOA3XZAZXPEEYDKECPLSBWOS2SM0.jpg"}, {"id": "4ef13d74c5125d4b657fcba6", "createdAt": 1324432756, "height": 540, "visibility": "public", "source": {"url": "https://foursquare.com/download/#/android", "name": "Foursquare for Android"}, "prefix": "https://igx.4sqi.net/img/general/", "venue": {"like": false, "allowMenuUrlEdit": true, "location": {"address": "7 Raffles Avenue", "lat": 1.2907544458539724, "postalCode": "039799", "city": "Singapore", "formattedAddress": ["7 Raffles Avenue", "039799", "Singapore"], "lng": 103.86009056812281, "labeledLatLngs": [{"lng": 103.86009056812281, "label": "display", "lat": 1.2907544458539724}], "country": "Singapore", "cc": "SG"}, "storeId": "SINRZ", "id": "4b05880bf964a520c6ad22e3", "beenHere": {"lastCheckinExpiredAt": 0}, "stats": {"checkinsCount": 20375, "tipCount": 128, "usersCount": 9787}, "url": "http://www.ritzcarlton.com", "categories": [{"id": "4bf58dd8d48988d1fa931735", "primary": true, "icon": {"prefix": "https://ss3.4sqi.net/img/categories_v2/travel/hotel_", "suffix": ".png"}, "pluralName": "Hotels", "shortName": "Hotel", "name": "Hotel"}], "verified": true, "contact": {"facebook": "74638360984", "facebookName": "The Ritz-Carlton Hotel Company", "formattedPhone": "+65 6337 8888", "phone": "+6563378888", "facebookUsername": "ritzcarlton", "twitter": "ritzcarlton"}, "name": "The Ritz-Carlton, Millenia Singapore"}, "width": 720, "suffix": "/5NEOHZTXIBZOECET2X0FI4SFHIARFTPZSXJ3BHRHHVEZLYL2.jpg"}, {"id": "4eeb011d8231035d6bcf45f9", "createdAt": 1324024093, "height": 720, "visibility": "public", "source": {"url": "https://foursquare.com/download/#/android", "name": "Foursquare for Android"}, "prefix": "https://igx.4sqi.net/img/general/", "venue": {"id": "4b1ea142f964a520001d24e3", "like": false, "stats": {"checkinsCount": 50335, "tipCount": 108, "usersCount": 16637}, "url": "http://www.cathaycineplexes.com.sg", "beenHere": {"lastCheckinExpiredAt": 0}, "categories": [{"id": "4bf58dd8d48988d180941735", "primary": true, "icon": {"prefix": "https://ss3.4sqi.net/img/categories_v2/arts_entertainment/movietheater_", "suffix": ".png"}, "pluralName": "Multiplexes", "shortName": "Cineplex", "name": "Multiplex"}], "verified": false, "allowMenuUrlEdit": true, "location": {"crossStreet": "53 Ang Mo Kio Ave 3", "lat": 1.3692660927250284, "postalCode": "569933", "city": "Singapore", "formattedAddress": ["Level 4, AMK Hub (53 Ang Mo Kio Ave 3)", "569933", "Singapore"], "lng": 103.84867429733276, "address": "Level 4, AMK Hub", "country": "Singapore", "cc": "SG"}, "contact": {"twitter": "cathaycineplex"}, "name": "Cathay Cineplex"}, "width": 540, "suffix": "/ZVXDRCVEHW52WIB2NJUXXYH3SATFDN1MC3STVW2DB53ITK2G.jpg"}, {"id": "4ee9bc8b6c250521d13a8be6", "createdAt": 1323941003, "height": 540, "visibility": "public", "source": {"url": "https://foursquare.com/download/#/android", "name": "Foursquare for Android"}, "prefix": "https://igx.4sqi.net/img/general/", "venue": {"id": "4de335982271bfb844ae871c", "like": false, "stats": {"checkinsCount": 276, "tipCount": 1, "usersCount": 5}, "beenHere": {"lastCheckinExpiredAt": 0}, "categories": [{"id": "4bf58dd8d48988d103941735", "primary": true, "icon": {"prefix": "https://ss3.4sqi.net/img/categories_v2/building/home_", "suffix": ".png"}, "pluralName": "Homes (private)", "shortName": "Home", "name": "Home (private)"}], "verified": false, "location": {"lat": 1.4251250204012524, "city": "Singapore", "formattedAddress": ["Yishun St 72", "760760", "Singapore"], "isFuzzed": true, "country": "Singapore", "cc": "SG", "lng": 103.82742255204533}, "contact": {}, "venueRatingBlacklisted": true, "name": "Hiddy's Crash Pad! ^^"}, "width": 720, "suffix": "/YI4AYLLJUPVRWR5UBVCKLEUZAQOZCOEGKWGQTWUGEGJL3004.jpg"}, {"id": "4ee7466129c220f97450b1ec", "createdAt": 1323779681, "height": 720, "visibility": "public", "source": {"url": "https://foursquare.com/download/#/android", "name": "Foursquare for Android"}, "prefix": "https://igx.4sqi.net/img/general/", "venue": {"id": "4de335982271bfb844ae871c", "like": false, "stats": {"checkinsCount": 276, "tipCount": 1, "usersCount": 5}, "beenHere": {"lastCheckinExpiredAt": 0}, "categories": [{"id": "4bf58dd8d48988d103941735", "primary": true, "icon": {"prefix": "https://ss3.4sqi.net/img/categories_v2/building/home_", "suffix": ".png"}, "pluralName": "Homes (private)", "shortName": "Home", "name": "Home (private)"}], "verified": false, "location": {"lat": 1.4251250204012524, "city": "Singapore", "formattedAddress": ["Yishun St 72", "760760", "Singapore"], "isFuzzed": true, "country": "Singapore", "cc": "SG", "lng": 103.82742255204533}, "contact": {}, "venueRatingBlacklisted": true, "name": "Hiddy's Crash Pad! ^^"}, "width": 540, "suffix": "/MEN04LGPJJMIA55U1TKEQRB1OBUDIP1ISQVVZR021HBEB5TS.jpg"}, {"id": "4ee35c1b9adf3982fe686d99", "createdAt": 1323523099, "height": 720, "visibility": "public", "source": {"url": "https://foursquare.com/download/#/android", "name": "Foursquare for Android"}, "prefix": "https://igx.4sqi.net/img/general/", "venue": {"id": "4bfe4c31f61dc9b68032a0de", "like": false, "stats": {"checkinsCount": 72, "tipCount": 2, "usersCount": 29}, "beenHere": {"lastCheckinExpiredAt": 0}, "categories": [{"id": "4bf58dd8d48988d103941735", "primary": true, "icon": {"prefix": "https://ss3.4sqi.net/img/categories_v2/building/home_", "suffix": ".png"}, "pluralName": "Homes (private)", "shortName": "Home", "name": "Home (private)"}], "verified": false, "location": {"lat": 1.349458100233064, "city": "Tampines", "formattedAddress": ["520872", "Singapore"], "isFuzzed": true, "country": "Singapore", "cc": "SG", "lng": 103.93180098711395}, "contact": {}, "venueRatingBlacklisted": true, "name": "Block 872 Tampines st 84"}, "width": 540, "suffix": "/I4RJOKTENMZJBTRRI35ZHVEG1MENPP5FWVPSGQ1C323NM0R1.jpg"}, {"id": "4ee32cac9adf3982fe3f28f3", "createdAt": 1323510956, "height": 720, "visibility": "public", "source": {"url": "https://foursquare.com/download/#/android", "name": "Foursquare for Android"}, "prefix": "https://igx.4sqi.net/img/general/", "venue": {"like": false, "menu": {"mobileUrl": "http://www.starbucks.com.sg/menu", "url": "http://www.starbucks.com.sg/menu", "label": "Menu", "externalUrl": "http://www.starbucks.com.sg/menu", "anchor": "View Menu", "type": "Menu"}, "allowMenuUrlEdit": true, "location": {"crossStreet": "930 Yishun Ave 2", "labeledLatLngs": [{"lng": 103.83547782897949, "label": "display", "lat": 1.4292331254704858}], "lat": 1.4292331254704858, "postalCode": "769098", "city": "Singapore", "formattedAddress": ["#01-07/08, Northpoint Shopping Centre (930 Yishun Ave 2)", "769098", "Singapore"], "lng": 103.83547782897949, "address": "#01-07/08, Northpoint Shopping Centre", "country": "Singapore", "cc": "SG"}, "id": "4b1a7b58f964a520f0ea23e3", "beenHere": {"lastCheckinExpiredAt": 0}, "stats": {"checkinsCount": 13888, "tipCount": 65, "usersCount": 5533}, "url": "http://www.starbucks.com.sg", "categories": [{"id": "4bf58dd8d48988d1e0931735", "primary": true, "icon": {"prefix": "https://ss3.4sqi.net/img/categories_v2/food/coffeeshop_", "suffix": ".png"}, "pluralName": "Coffee Shops", "shortName": "Coffee Shop", "name": "Coffee Shop"}], "verified": false, "contact": {"facebookUsername": "StarbucksSingapore", "facebook": "191921700135", "facebookName": "Starbucks Singapore", "formattedPhone": "+65 6482 3541", "phone": "+6564823541"}, "name": "Starbucks"}, "width": 540, "suffix": "/SFWVU4KABRXMYQUWWJUMLPA3G5OPRQS3VVOG10TYUR4234W4.jpg"}, {"id": "4edb4e5dbe7be28338d09796", "createdAt": 1322995293, "height": 720, "visibility": "public", "source": {"url": "https://foursquare.com/download/#/android", "name": "Foursquare for Android"}, "prefix": "https://igx.4sqi.net/img/general/", "venue": {"id": "4ecf76a1cc219860f6469129", "like": false, "stats": {"checkinsCount": 149, "tipCount": 0, "usersCount": 35}, "beenHere": {"lastCheckinExpiredAt": 0}, "categories": [{"id": "4bf58dd8d48988d1d0941735", "primary": true, "icon": {"prefix": "https://ss3.4sqi.net/img/categories_v2/food/dessert_", "suffix": ".png"}, "pluralName": "Dessert Shops", "shortName": "Desserts", "name": "Dessert Shop"}], "verified": true, "allowMenuUrlEdit": true, "location": {"crossStreet": "14 Scotts Road", "labeledLatLngs": [{"lng": 103.8331767984015, "label": "display", "lat": 1.3074856272574715}], "lat": 1.3074856272574715, "city": "Singapore", "formattedAddress": ["Far East Plaza (14 Scotts Road)", "Singapore"], "lng": 103.8331767984015, "address": "Far East Plaza", "country": "Singapore", "cc": "SG"}, "contact": {"facebook": "257747264271235", "facebookName": "Sweet Chills (Far East Plaza)", "facebookUsername": "SweetChills.FarEastPlaza"}, "storeId": "", "name": "Sweet Chills"}, "width": 540, "suffix": "/K2BRF4XTCPYAPQL1VTGGU0V10OQQD5FRZOE0KLOFGUK0S0AU.jpg"}, {"id": "4edb1d05e5fa78b16f1139b6", "createdAt": 1322982661, "height": 720, "visibility": "public", "source": {"url": "https://foursquare.com/download/#/android", "name": "Foursquare for Android"}, "prefix": "https://igx.4sqi.net/img/general/", "venue": {"id": "4b70020df964a5202d032de3", "like": false, "stats": {"checkinsCount": 42058, "tipCount": 274, "usersCount": 21643}, "beenHere": {"lastCheckinExpiredAt": 0}, "categories": [{"id": "4bf58dd8d48988d120951735", "primary": true, "icon": {"prefix": "https://ss3.4sqi.net/img/categories_v2/shops/food_foodcourt_", "suffix": ".png"}, "pluralName": "Food Courts", "shortName": "Food Court", "name": "Food Court"}], "verified": false, "allowMenuUrlEdit": true, "location": {"crossStreet": "Next to Carpark E2", "lat": 1.3067890135463165, "postalCode": "468960", "city": "Singapore", "formattedAddress": ["1220 East Coast Parkway (Next to Carpark E2)", "468960", "Singapore"], "lng": 103.93504426844486, "address": "1220 East Coast Parkway", "country": "Singapore", "cc": "SG"}, "contact": {"facebook": "127116307352380", "facebookName": "East Coast Lagoon Food Village", "facebookUsername": "EastCoastLagoonFoodVillage"}, "name": "East Coast Lagoon Food Village"}, "width": 540, "suffix": "/IP0MIAZOLAZTLZ4DN0ISYPIFLTWXVC5U4VYICAXB0KZT0HJA.jpg"}, {"id": "4ed7656d02d57802e5b9d24b", "createdAt": 1322739053, "height": 402, "visibility": "public", "source": {"url": "https://foursquare.com/download/#/android", "name": "Foursquare for Android"}, "prefix": "https://igx.4sqi.net/img/general/", "venue": {"id": "4ecfb6fae5faa5ec01efc7ae", "like": false, "stats": {"checkinsCount": 40, "tipCount": 0, "usersCount": 5}, "beenHere": {"lastCheckinExpiredAt": 0}, "categories": [{"id": "4bf58dd8d48988d103941735", "primary": true, "icon": {"prefix": "https://ss3.4sqi.net/img/categories_v2/building/home_", "suffix": ".png"}, "pluralName": "Homes (private)", "shortName": "Home", "name": "Home (private)"}], "verified": false, "location": {"lat": 1.4251250204012524, "city": "Singapore", "formattedAddress": ["Singapore"], "isFuzzed": true, "country": "Singapore", "cc": "SG", "lng": 103.82742255204533}, "contact": {}, "venueRatingBlacklisted": true, "name": "Aly's home sweet home"}, "width": 338, "suffix": "/QZHKASVO4SPH5PTDQBBWAMJQRMU4GOPR0HVFH35DTPJVOXK1.jpg"}, {"id": "4ed6d06bd3e37b38b7c520bc", "createdAt": 1322700907, "height": 360, "visibility": "public", "source": {"url": "https://foursquare.com/download/#/android", "name": "Foursquare for Android"}, "prefix": "https://igx.4sqi.net/img/general/", "venue": {"id": "4e93922ad5fb27b8ead3807c", "like": false, "stats": {"checkinsCount": 23, "tipCount": 0, "usersCount": 6}, "beenHere": {"lastCheckinExpiredAt": 0}, "categories": [], "verified": false, "location": {"crossStreet": "Woodlands Ave 9", "labeledLatLngs": [{"lng": 103.83390140355037, "label": "display", "lat": 1.4357523504247578}], "lat": 1.4357523504247578, "postalCode": "738964", "city": "Singapore", "formattedAddress": ["9 Woodlands Ave 9 (Woodlands Ave 9)", "738964", "Singapore"], "lng": 103.83390140355037, "address": "9 Woodlands Ave 9", "country": "Singapore", "cc": "SG"}, "contact": {}, "name": "W14F Republic Poly"}, "width": 480, "suffix": "/QOI2KICNQK4MKIROPDYMN3FNMTQQGMEZEDOVFBJL33JI5ACD.jpg"}, {"id": "4ed4d805e5fa7b1a924a3340", "createdAt": 1322571781, "height": 720, "visibility": "public", "source": {"url": "https://foursquare.com/download/#/android", "name": "Foursquare for Android"}, "prefix": "https://igx.4sqi.net/img/general/", "venue": {"id": "4de335982271bfb844ae871c", "like": false, "stats": {"checkinsCount": 276, "tipCount": 1, "usersCount": 5}, "beenHere": {"lastCheckinExpiredAt": 0}, "categories": [{"id": "4bf58dd8d48988d103941735", "primary": true, "icon": {"prefix": "https://ss3.4sqi.net/img/categories_v2/building/home_", "suffix": ".png"}, "pluralName": "Homes (private)", "shortName": "Home", "name": "Home (private)"}], "verified": false, "location": {"lat": 1.4251250204012524, "city": "Singapore", "formattedAddress": ["Yishun St 72", "760760", "Singapore"], "isFuzzed": true, "country": "Singapore", "cc": "SG", "lng": 103.82742255204533}, "contact": {}, "venueRatingBlacklisted": true, "name": "Hiddy's Crash Pad! ^^"}, "width": 540, "suffix": "/JZDVDKE1MIARAWJ03RFUDHUJ1EIBPMBIR0T3N31LISQDZGXU.jpg"}, {"id": "4df36667a12def8f6099b6c3", "createdAt": 1307797095, "height": 128, "visibility": "public", "source": {"url": "http://store.ovi.com/content/113247", "name": "foursquare Nokia S40"}, "prefix": "https://igx.4sqi.net/img/general/", "venue": {"id": "4bd0667677b29c74d69f8a82", "like": false, "stats": {"checkinsCount": 5630, "tipCount": 62, "usersCount": 2441}, "beenHere": {"lastCheckinExpiredAt": 0}, "categories": [{"id": "4bf58dd8d48988d1ce941735", "primary": true, "icon": {"prefix": "https://ss3.4sqi.net/img/categories_v2/food/seafood_", "suffix": ".png"}, "pluralName": "Seafood Restaurants", "shortName": "Seafood", "name": "Seafood Restaurant"}], "verified": false, "allowMenuUrlEdit": true, "location": {"address": "2A Woodlands Centre Road", "lat": 1.4405552571242344, "postalCode": "731002", "city": "Singapore", "formattedAddress": ["2A Woodlands Centre Road", "731002", "Singapore"], "lng": 103.77101107829029, "labeledLatLngs": [{"lng": 103.77101107829029, "label": "display", "lat": 1.4405552571242344}], "country": "Singapore", "cc": "SG"}, "contact": {"formattedPhone": "+65 9188 8355", "phone": "+6591888355"}, "name": "Rasa Rasa Muslim Thai Seafood Restaurant"}, "width": 170, "suffix": "/OZ0CHGI143OR2HCLMQRMDCITHNTAZ4L23HVWWYDWKIKMZVZB.jpg"}], "count": 70}, "totalCount": 70}, "meta": {"code": 200, "requestId": "595a8448f594df3c0b02aa1b"}, "notifications": [{"item": {"unreadCount": 0}, "type": "notificationTray"}]}