{"meta": {"code": 200, "requestId": "595aeb376a6071143ccb1b79"}, "notifications": [{"item": {"unreadCount": 0}, "type": "notificationTray"}], "response": {"photos": {"items": [{"height": 720, "source": {"url": "https://foursquare.com/download/#/iphone", "name": "Foursquare for iOS"}, "tip": {"agreeCount": 0, "canonicalUrl": "https://foursquare.com/item/4df492ca52b100c2d7fe8399", "todo": {"count": 0}, "logView": true, "disagreeCount": 0, "createdAt": 1307873994, "id": "4df492ca52b100c2d7fe8399", "text": "new sushi menu !!! BUFFET BEST !!", "likes": {"groups": [{"items": [], "count": 1, "type": "others"}], "count": 1, "summary": "1 like"}, "like": false, "type": "user"}, "width": 540, "prefix": "https://igx.4sqi.net/img/general/", "createdAt": 1307874006, "id": "4df492d6fd286d19d4bf0e4b", "venue": {"closed": true, "like": false, "location": {"formattedAddress": ["1189 Upp Serangoon Rd", "534785", "Singapore"], "city": "Singapore", "lng": 103.89519453048706, "cc": "SG", "country": "Singapore", "lat": 1.370381572800974, "address": "1189 Upp Serangoon Rd", "postalCode": "534785"}, "categories": [{"icon": {"prefix": "https://ss3.4sqi.net/img/categories_v2/food/sushi_", "suffix": ".png"}, "name": "Sushi Restaurant", "id": "4bf58dd8d48988d1d2941735", "pluralName": "Sushi Restaurants", "primary": true, "shortName": "Sushi"}], "verified": false, "contact": {}, "allowMenuUrlEdit": true, "stats": {"tipCount": 14, "usersCount": 478, "checkinsCount": 739}, "id": "4be166600f03a593552119b4", "name": "Suki Sushi @ Hougang Plaza", "beenHere": {"lastCheckinExpiredAt": 0}}, "suffix": "/UNURWWFRH4XBZ2BY1GVRTHRK41DEGR2YNTA5JICB4ZYN4W3N.jpg", "visibility": "public"}, {"height": 720, "source": {"url": "https://foursquare.com/download/#/iphone", "name": "Foursquare for iOS"}, "width": 540, "prefix": "https://igx.4sqi.net/img/general/", "createdAt": 1307675628, "id": "4df18bec40a306deacff5114", "venue": {"like": false, "location": {"city": "Singapore", "lng": 103.81462143370307, "cc": "SG", "country": "Singapore", "crossStreet": "51 Imbiah Walk", "lat": 1.2551442195456641, "address": "Siloso Beach Resort", "labeledLatLngs": [{"label": "display", "lat": 1.2551442195456641, "lng": 103.81462143370307}], "formattedAddress": ["Siloso Beach Resort (51 Imbiah Walk)", "Singapore"]}, "categories": [{"icon": {"prefix": "https://ss3.4sqi.net/img/categories_v2/travel/hotel_", "suffix": ".png"}, "name": "Hotel", "id": "4bf58dd8d48988d1fa931735", "pluralName": "Hotels", "primary": true, "shortName": "Hotel"}], "verified": false, "contact": {}, "allowMenuUrlEdit": true, "stats": {"tipCount": 1, "usersCount": 41, "checkinsCount": 67}, "id": "4df18b58d1649c8a28dae816", "name": "Lobby", "beenHere": {"lastCheckinExpiredAt": 0}}, "suffix": "/P00LIBJVZGFDB0PXJMORZ1QQODMQBW2XXAOSEFYVE40AA41V.jpg", "visibility": "public"}, {"height": 720, "source": {"url": "https://foursquare.com/download/#/iphone", "name": "Foursquare for iOS"}, "tip": {"agreeCount": 1, "canonicalUrl": "https://foursquare.com/item/4def796ffa76c1ceac9298b2", "todo": {"count": 0}, "logView": true, "disagreeCount": 0, "createdAt": 1307539823, "id": "4def796ffa76c1ceac9298b2", "text": "may all the patients get well ASAP good luck !!!", "likes": {"groups": [{"items": [{"photo": {"prefix": "https://igx.4sqi.net/img/user/", "suffix": "/XFBDKATWZKTNXBJJ.jpg"}, "id": "39533488", "firstName": "Arika", "gender": "female", "lastName": "Yumeco"}], "count": 1, "type": "others"}], "count": 1, "summary": "1 like"}, "like": false, "type": "user"}, "width": 540, "prefix": "https://igx.4sqi.net/img/general/", "createdAt": 1307539838, "id": "4def797e40a3b72344410d03", "venue": {"venueRatingBlacklisted": true, "like": false, "location": {"formattedAddress": ["Singapore General Hospital (College Rd)", "169608", "Singapore"], "city": "Singapore", "lng": 103.83407235145569, "cc": "SG", "country": "Singapore", "crossStreet": "College Rd", "lat": 1.2798222438037197, "address": "Singapore General Hospital", "labeledLatLngs": [{"label": "display", "lat": 1.2798222438037197, "lng": 103.83407235145569}], "postalCode": "169608"}, "categories": [{"icon": {"prefix": "https://ss3.4sqi.net/img/categories_v2/building/medical_", "suffix": ".png"}, "name": "Medical Center", "id": "4bf58dd8d48988d104941735", "pluralName": "Medical Centers", "primary": true, "shortName": "Medical"}], "verified": false, "contact": {}, "allowMenuUrlEdit": true, "stats": {"tipCount": 18, "usersCount": 2576, "checkinsCount": 5707}, "id": "4bd57c7429eb9c74e95293e1", "name": "SGH Block 5", "beenHere": {"lastCheckinExpiredAt": 0}}, "suffix": "/1NDTZOTGX0X40WES1UBLVVM2TI1YREZFKTCWPBTDVCDYZ4F5.jpg", "visibility": "public"}], "count": 3}, "totalCount": 3}}