{"meta": {"code": 200, "requestId": "595ae52c351e3d64aee04bb2"}, "notifications": [{"item": {"unreadCount": 0}, "type": "notificationTray"}], "response": {"photos": {"items": [{"height": 612, "source": {"url": "http://instagram.com", "name": "Instagram"}, "width": 612, "prefix": "https://igx.4sqi.net/img/general/", "createdAt": 1372717120, "id": "51d20040e4b0412a42d34b8c", "venue": {"url": "http://www.katedralasvatehovita.cz", "like": false, "location": {"formattedAddress": ["III. n\u00e1dvo\u0159\u00ed 48/2", "119 01 Praha", "\u010cesk\u00e1 republika"], "city": "Praha", "lng": 14.400081676780724, "cc": "CZ", "state": "Hlavn\u00ed m\u011bsto Praha", "lat": 50.09055191125546, "address": "III. n\u00e1dvo\u0159\u00ed 48/2", "labeledLatLngs": [{"label": "display", "lat": 50.09055191125546, "lng": 14.400081676780724}], "postalCode": "119 01", "country": "\u010cesk\u00e1 republika"}, "categories": [{"icon": {"prefix": "https://ss3.4sqi.net/img/categories_v2/building/religious_church_", "suffix": ".png"}, "name": "Church", "id": "4bf58dd8d48988d132941735", "pluralName": "Churches", "primary": true, "shortName": "Church"}], "verified": false, "contact": {"formattedPhone": "+420 224 373 584", "phone": "+420224373584", "facebookName": "Katedr\u00e1la sv. V\u00edta, V\u00e1clava a Vojt\u011bcha", "facebookUsername": "svatovitskakatedrala", "facebook": "201953826520908"}, "beenHere": {"lastCheckinExpiredAt": 0}, "stats": {"tipCount": 198, "usersCount": 18137, "checkinsCount": 20686}, "id": "4b892bfaf964a520cd2032e3", "name": "St. Vitus Cathedral (Katedr\u00e1la sv. V\u00edta)", "venueRatingBlacklisted": true}, "suffix": "/10064283_9px__Uljj8ywQJkeSlSp4aW7YMl92FeFXK9IHncuJEE.jpg", "visibility": "public"}, {"height": 720, "source": {"url": "https://foursquare.com/download/#/iphone", "name": "Foursquare for iOS"}, "tip": {"agreeCount": 0, "canonicalUrl": "https://foursquare.com/item/51af456c498e9d76abda9720", "todo": {"count": 0}, "logView": true, "disagreeCount": 0, "createdAt": 1370441068, "id": "51af456c498e9d76abda9720", "text": "Food is surprisingly good but service leave much to be desired; serve mineral water without cups, cleared table without wiping it, serve cake without plates and utensils.", "likes": {"groups": [], "count": 0}, "like": false, "type": "user"}, "width": 540, "prefix": "https://igx.4sqi.net/img/general/", "createdAt": 1370441072, "id": "51af4570498eed6881e300e4", "venue": {"url": "http://www.poulet.com.sg", "like": false, "location": {"formattedAddress": ["#01-175/176/177 VivoCity (1 Harbourfront Walk)", "098585", "Singapore"], "city": "Singapore", "lng": 103.82127797737962, "cc": "SG", "country": "Singapore", "crossStreet": "1 Harbourfront Walk", "lat": 1.2635069692982597, "address": "#01-175/176/177 VivoCity", "labeledLatLngs": [{"label": "display", "lat": 1.2635069692982597, "lng": 103.82127797737962}], "postalCode": "098585"}, "categories": [{"icon": {"prefix": "https://ss3.4sqi.net/img/categories_v2/food/french_", "suffix": ".png"}, "name": "French Restaurant", "id": "4bf58dd8d48988d10c941735", "pluralName": "French Restaurants", "primary": true, "shortName": "French"}], "verified": false, "contact": {"formattedPhone": "+65 6376 9087", "phone": "+6563769087"}, "allowMenuUrlEdit": true, "stats": {"tipCount": 58, "usersCount": 1835, "checkinsCount": 2254}, "id": "51905293498e89cb8a34e4b7", "name": "Poul\u00e9t", "beenHere": {"lastCheckinExpiredAt": 0}}, "suffix": "/10064283_GWhsJYRvxhqNcuSRQdFVUFjzyEcZRBFLWz1I5MEkbaI.jpg", "visibility": "public"}, {"height": 540, "source": {"url": "https://foursquare.com/download/#/iphone", "name": "Foursquare for iOS"}, "width": 720, "prefix": "https://igx.4sqi.net/img/general/", "createdAt": 1365402001, "id": "51626191e4b09bcda86a03ef", "venue": {"like": false, "location": {"formattedAddress": ["2 Orchard Turn (#01-08 Ion Orchard)", "238801", "Singapore"], "lng": 103.83168, "cc": "SG", "country": "Singapore", "crossStreet": "#01-08 Ion Orchard", "lat": 1.30458, "address": "2 Orchard Turn", "labeledLatLngs": [{"label": "display", "lat": 1.30458, "lng": 103.83168}], "postalCode": "238801"}, "categories": [{"icon": {"prefix": "https://ss3.4sqi.net/img/categories_v2/shops/apparel_women_", "suffix": ".png"}, "name": "Women's Store", "id": "4bf58dd8d48988d108951735", "pluralName": "Women's Stores", "primary": true, "shortName": "Women's Store"}], "verified": true, "contact": {}, "allowMenuUrlEdit": true, "stats": {"tipCount": 0, "usersCount": 8, "checkinsCount": 8}, "id": "5153b80ae4b0a9b0b886bf00", "name": "Marc by Marc Jacobs Pop Up Store", "beenHere": {"lastCheckinExpiredAt": 0}}, "suffix": "/10064283_csoyuDYTae5UH4SO5me1fhHan9m9ZS-wuuLUv_FNyDk.jpg", "visibility": "public"}, {"height": 540, "source": {"url": "https://foursquare.com/download/#/iphone", "name": "Foursquare for iOS"}, "width": 720, "prefix": "https://igx.4sqi.net/img/general/", "createdAt": 1329025022, "id": "4f374ffee4b05324691ed555", "venue": {"like": false, "location": {"formattedAddress": ["153 Jalan Harimau (Taman Century)", "80250 Johor Bahru, Johor", "Malaysia"], "city": "Johor Bahru", "lng": 103.7603058937413, "cc": "MY", "state": "Johor", "crossStreet": "Taman Century", "lat": 1.4859540761265422, "address": "153 Jalan Harimau", "labeledLatLngs": [{"label": "display", "lat": 1.4859540761265422, "lng": 103.7603058937413}], "postalCode": "80250", "country": "Malaysia"}, "categories": [{"icon": {"prefix": "https://ss3.4sqi.net/img/categories_v2/food/ramen_", "suffix": ".png"}, "name": "Noodle House", "id": "4bf58dd8d48988d1d1941735", "pluralName": "Noodle Houses", "primary": true, "shortName": "Noodles"}], "verified": false, "contact": {"formattedPhone": "+60 7-334 1583", "phone": "+6073341583"}, "allowMenuUrlEdit": true, "stats": {"tipCount": 23, "usersCount": 739, "checkinsCount": 1663}, "id": "4cefa248b80da093b65d2d00", "name": "Restoran Yit Foh \u76ca\u548c\u4e91\u541e\u9762", "beenHere": {"lastCheckinExpiredAt": 0}}, "suffix": "/n0v4bRVMUUCXo4-TeZlKnsDCIw9x05KVA0Crkivh3us.jpg", "visibility": "public"}, {"height": 720, "source": {"url": "https://foursquare.com/download/#/iphone", "name": "Foursquare for iOS"}, "width": 540, "prefix": "https://igx.4sqi.net/img/general/", "createdAt": 1326344022, "id": "4f0e6756e4b050cad03fdb7f", "venue": {"venueRatingBlacklisted": true, "like": false, "location": {"city": "Singapore", "lng": 103.82782163355394, "cc": "SG", "country": "Singapore", "lat": 1.3080461939118726, "address": "6B Orange Grove Road", "labeledLatLngs": [{"label": "display", "lat": 1.3080461939118726, "lng": 103.82782163355394}], "formattedAddress": ["6B Orange Grove Road", "Singapore"]}, "categories": [{"icon": {"prefix": "https://ss3.4sqi.net/img/categories_v2/building/default_", "suffix": ".png"}, "name": "Office", "id": "4bf58dd8d48988d124941735", "pluralName": "Offices", "primary": true, "shortName": "Office"}], "verified": true, "contact": {}, "beenHere": {"lastCheckinExpiredAt": 0}, "stats": {"tipCount": 0, "usersCount": 280, "checkinsCount": 1826}, "id": "4c244f65b7b8a593a9593ce8", "name": "COMO House", "venuePage": {"id": "53494789"}}, "suffix": "/WFKA2PXLEOTNHRIM1UQY3ZXPT2YUGUPLBEM1OEZW2CGUR2TL.jpg", "visibility": "public"}, {"height": 540, "source": {"url": "https://foursquare.com/download/#/iphone", "name": "Foursquare for iOS"}, "tip": {"agreeCount": 1, "canonicalUrl": "https://foursquare.com/item/4f06872ba69ddfbc9c32b6de", "todo": {"count": 0}, "logView": true, "disagreeCount": 0, "createdAt": 1325827883, "id": "4f06872ba69ddfbc9c32b6de", "text": "Get their all day breakfast! Worth it!", "likes": {"groups": [{"items": [{"photo": {"prefix": "https://igx.4sqi.net/img/user/", "suffix": "/1361470_2DDZwRFG_3Huk1FO8UZ7zl1SYbUiCRVXWcV60E06mJPOo3wijkxqtatRRaMyLMuuk6M6Nu1r8.jpg"}, "id": "1361470", "firstName": "Matthew", "gender": "male", "lastName": "Gideon"}], "count": 1, "type": "others"}], "count": 1, "summary": "1 like"}, "like": false, "type": "user"}, "width": 720, "prefix": "https://igx.4sqi.net/img/general/", "createdAt": 1325827889, "id": "4f0687319adf3def72124f0f", "venue": {"like": false, "location": {"formattedAddress": ["#01-02/03, Wheelock Place (501 Orchard Rd)", "238880", "Singapore"], "city": "Singapore", "lng": 103.83079921495583, "cc": "SG", "country": "Singapore", "crossStreet": "501 Orchard Rd", "lat": 1.3040611751573716, "address": "#01-02/03, Wheelock Place", "labeledLatLngs": [{"label": "display", "lat": 1.3040611751573716, "lng": 103.83079921495583}], "postalCode": "238880"}, "categories": [{"icon": {"prefix": "https://ss3.4sqi.net/img/categories_v2/food/australian_", "suffix": ".png"}, "name": "Australian Restaurant", "id": "4bf58dd8d48988d169941735", "pluralName": "Australian Restaurants", "primary": true, "shortName": "Australian"}], "verified": false, "contact": {"formattedPhone": "+65 6735 9201", "phone": "+6567359201"}, "allowMenuUrlEdit": true, "stats": {"tipCount": 83, "usersCount": 3120, "checkinsCount": 5549}, "id": "4ccff5bc2fd9b60c922c7eeb", "name": "The House of Robert Timms", "beenHere": {"lastCheckinExpiredAt": 0}}, "suffix": "/3WTLNKEALOFXSRJBXZA34LJSFX2B4KFEZZAUU4EOVBW0UXD1.jpg", "visibility": "public"}, {"height": 540, "source": {"url": "https://foursquare.com/download/#/iphone", "name": "Foursquare for iOS"}, "width": 540, "prefix": "https://igx.4sqi.net/img/general/", "createdAt": 1324457708, "id": "4ef19eecf7905f06ef3de8a9", "venue": {"venueRatingBlacklisted": true, "like": false, "location": {"city": "Singapore", "lng": 103.82782163355394, "cc": "SG", "country": "Singapore", "lat": 1.3080461939118726, "address": "6B Orange Grove Road", "labeledLatLngs": [{"label": "display", "lat": 1.3080461939118726, "lng": 103.82782163355394}], "formattedAddress": ["6B Orange Grove Road", "Singapore"]}, "categories": [{"icon": {"prefix": "https://ss3.4sqi.net/img/categories_v2/building/default_", "suffix": ".png"}, "name": "Office", "id": "4bf58dd8d48988d124941735", "pluralName": "Offices", "primary": true, "shortName": "Office"}], "verified": true, "contact": {}, "beenHere": {"lastCheckinExpiredAt": 0}, "stats": {"tipCount": 0, "usersCount": 280, "checkinsCount": 1826}, "id": "4c244f65b7b8a593a9593ce8", "name": "COMO House", "venuePage": {"id": "53494789"}}, "suffix": "/L441PTU0PIAZRCYDC1VACS4T0NJ4ON34MBXWKXUMGAIGCPRN.jpg", "visibility": "public"}, {"height": 540, "source": {"url": "https://foursquare.com/download/#/iphone", "name": "Foursquare for iOS"}, "tip": {"agreeCount": 0, "canonicalUrl": "https://foursquare.com/item/4ef03bb130f895c319ce2972", "todo": {"count": 0}, "logView": true, "disagreeCount": 0, "createdAt": 1324366769, "id": "4ef03bb130f895c319ce2972", "text": "Eggs Benedict", "likes": {"groups": [], "count": 0}, "like": false, "type": "user"}, "width": 540, "prefix": "https://igx.4sqi.net/img/general/", "createdAt": 1324366773, "id": "4ef03bb530f895c319ce2d22", "venue": {"like": false, "location": {"formattedAddress": ["#01-02/03, Wheelock Place (501 Orchard Rd)", "238880", "Singapore"], "city": "Singapore", "lng": 103.83079921495583, "cc": "SG", "country": "Singapore", "crossStreet": "501 Orchard Rd", "lat": 1.3040611751573716, "address": "#01-02/03, Wheelock Place", "labeledLatLngs": [{"label": "display", "lat": 1.3040611751573716, "lng": 103.83079921495583}], "postalCode": "238880"}, "categories": [{"icon": {"prefix": "https://ss3.4sqi.net/img/categories_v2/food/australian_", "suffix": ".png"}, "name": "Australian Restaurant", "id": "4bf58dd8d48988d169941735", "pluralName": "Australian Restaurants", "primary": true, "shortName": "Australian"}], "verified": false, "contact": {"formattedPhone": "+65 6735 9201", "phone": "+6567359201"}, "allowMenuUrlEdit": true, "stats": {"tipCount": 83, "usersCount": 3120, "checkinsCount": 5549}, "id": "4ccff5bc2fd9b60c922c7eeb", "name": "The House of Robert Timms", "beenHere": {"lastCheckinExpiredAt": 0}}, "suffix": "/UPJLOD4ZRWTEGNMJ1C4Q0KYQCU3SRNR31ASCCDNBP4L2T2K3.jpg", "visibility": "public"}, {"height": 345, "source": {"url": "https://foursquare.com/download/#/blackberry", "name": "Foursquare for BlackBerry"}, "width": 460, "prefix": "https://igx.4sqi.net/img/general/", "createdAt": 1323747967, "id": "4ee6ca7faa1fd7f75695aea8", "venue": {"url": "http://www.rwsentosa.com/Attractions/UniversalStudiosSingapore", "like": false, "location": {"formattedAddress": ["32 Sentosa Gateway (Resorts World Sentosa)", "098141", "Singapore"], "city": "Sentosa Island", "lng": 103.82169119198898, "cc": "SG", "country": "Singapore", "lat": 1.2557358283745392, "address": "32 Sentosa Gateway", "crossStreet": "Resorts World Sentosa", "postalCode": "098141"}, "categories": [{"icon": {"prefix": "https://ss3.4sqi.net/img/categories_v2/arts_entertainment/themepark_", "suffix": ".png"}, "name": "Theme Park", "id": "4bf58dd8d48988d182941735", "pluralName": "Theme Parks", "primary": true, "shortName": "Theme Park"}], "verified": false, "contact": {"formattedPhone": "+65 6577 8888", "twitter": "rwsentosa", "phone": "+6565778888"}, "allowMenuUrlEdit": true, "stats": {"tipCount": 1269, "usersCount": 109062, "checkinsCount": 163901}, "id": "4b1ee9ebf964a5207e2124e3", "name": "Universal Studios Singapore", "beenHere": {"lastCheckinExpiredAt": 0}}, "suffix": "/SUMJRWZ05DHX0LVRBYKXFS5CEKUVW32XXL3FYAOMAPLJM3DY.jpg", "visibility": "public"}, {"height": 345, "source": {"url": "https://foursquare.com/download/#/blackberry", "name": "Foursquare for BlackBerry"}, "width": 460, "prefix": "https://igx.4sqi.net/img/general/", "createdAt": 1322384846, "id": "4ed1fdcef790d0703a6ab521", "venue": {"like": false, "location": {"city": "Singapore", "lng": 103.86340833071904, "cc": "SG", "country": "Singapore", "crossStreet": "#01-91", "lat": 1.3029406145373277, "address": "Golden Mile Food Centre", "labeledLatLngs": [{"label": "display", "lat": 1.3029406145373277, "lng": 103.86340833071904}], "formattedAddress": ["Golden Mile Food Centre (#01-91)", "Singapore"]}, "categories": [{"icon": {"prefix": "https://ss3.4sqi.net/img/categories_v2/food/ramen_", "suffix": ".png"}, "name": "Noodle House", "id": "4bf58dd8d48988d1d1941735", "pluralName": "Noodle Houses", "primary": true, "shortName": "Noodles"}], "verified": false, "contact": {}, "allowMenuUrlEdit": true, "stats": {"tipCount": 14, "usersCount": 134, "checkinsCount": 189}, "id": "4d26e1186e27a143116b0924", "name": "91 Fried Kway Teow Mee", "beenHere": {"lastCheckinExpiredAt": 0}}, "suffix": "/IB2JGNVJJRPQRHTMRG2GM1A2KCSWP2DJZYWYBBUDJSGLYLUN.jpg", "visibility": "public"}], "count": 10}, "totalCount": 10}}