{"meta": {"code": 200, "requestId": "595b03f76a6071143c29c5d9"}, "notifications": [{"item": {"unreadCount": 0}, "type": "notificationTray"}], "response": {"photos": {"items": [{"height": 2988, "source": {"url": "https://foursquare.com/download/#/android", "name": "Foursquare for Android"}, "width": 5312, "prefix": "https://igx.4sqi.net/img/general/", "createdAt": 1486792706, "id": "589ea802c0c89b31d254d856", "venue": {"venueRatingBlacklisted": true, "like": false, "location": {"formattedAddress": ["80 Marine Parade Rd. #22-01/02.", "449269", "Singapore"], "city": "Singapore", "lng": 103.90517234802246, "cc": "SG", "country": "Singapore", "lat": 1.3015533505895185, "address": "80 Marine Parade Rd. #22-01/02.", "labeledLatLngs": [{"label": "display", "lat": 1.3015533505895185, "lng": 103.90517234802246}], "postalCode": "449269"}, "categories": [{"icon": {"prefix": "https://ss3.4sqi.net/img/categories_v2/education/studentcenter_", "suffix": ".png"}, "name": "Student Center", "id": "4bf58dd8d48988d1ab941735", "pluralName": "Student Centers", "primary": true, "shortName": "Student Center"}], "verified": false, "contact": {"formattedPhone": "+65 6440 0716", "phone": "+6564400716"}, "beenHere": {"lastCheckinExpiredAt": 0}, "stats": {"tipCount": 1, "usersCount": 3, "checkinsCount": 3}, "id": "4dc22776887770a6bdfa8d60", "name": "Dyslexia Associate of Singapore (DAS) Parkway Parade Learning Centre"}, "suffix": "/10090644_qij2Ns8xrqnUxKfcFhJX8uv9BZcvmxeBCWFqaYmyi1E.jpg", "visibility": "public"}, {"height": 2988, "source": {"url": "https://foursquare.com/download/#/android", "name": "Foursquare for Android"}, "width": 5312, "prefix": "https://igx.4sqi.net/img/general/", "createdAt": 1483076969, "id": "5865f569ac13690a1b38613f", "venue": {"like": false, "location": {"formattedAddress": ["70 Zion Rd. (Opp Great World City)", "247792", "Singapore"], "city": "Singapore", "lng": 103.83134265892446, "cc": "SG", "country": "Singapore", "crossStreet": "Opp Great World City", "lat": 1.292474188776832, "address": "70 Zion Rd.", "labeledLatLngs": [{"label": "display", "lat": 1.292474188776832, "lng": 103.83134265892446}], "postalCode": "247792"}, "categories": [{"icon": {"prefix": "https://ss3.4sqi.net/img/categories_v2/shops/food_foodcourt_", "suffix": ".png"}, "name": "Food Court", "id": "4bf58dd8d48988d120951735", "pluralName": "Food Courts", "primary": true, "shortName": "Food Court"}], "verified": false, "contact": {}, "allowMenuUrlEdit": true, "stats": {"tipCount": 116, "usersCount": 3864, "checkinsCount": 9218}, "id": "4b12a2eff964a520a88b23e3", "name": "Zion Riverside Food Centre", "beenHere": {"lastCheckinExpiredAt": 0}}, "suffix": "/10090644_sSQeLSIqN8ZA1CStj1XwG5-fv3qvlzf3_reAa7zjK9Q.jpg", "visibility": "public"}, {"height": 2988, "source": {"url": "https://foursquare.com/download/#/android", "name": "Foursquare for Android"}, "tip": {"agreeCount": 0, "canonicalUrl": "https://foursquare.com/item/584278a7040d53756b70abde", "todo": {"count": 0}, "logView": true, "disagreeCount": 0, "createdAt": 1480751271, "id": "584278a7040d53756b70abde", "text": "The frozen yoghurt is kids favourite", "likes": {"groups": [], "count": 0}, "like": false, "type": "user"}, "width": 5312, "prefix": "https://igx.4sqi.net/img/general/", "createdAt": 1480751275, "id": "584278ab158bbb6467f1ee7f", "venue": {"like": false, "location": {"formattedAddress": ["6 Potong Pasir Ave. 2", "358361", "Singapore"], "city": "Singapore", "lng": 103.86742427885852, "cc": "SG", "country": "Singapore", "lat": 1.3326597598828327, "address": "6 Potong Pasir Ave. 2", "labeledLatLngs": [{"label": "display", "lat": 1.3326597598828327, "lng": 103.86742427885852}], "postalCode": "358361"}, "categories": [{"icon": {"prefix": "https://ss3.4sqi.net/img/categories_v2/food/friedchicken_", "suffix": ".png"}, "name": "Fried Chicken Joint", "id": "4d4ae6fc7a7b7dea34424761", "pluralName": "Fried Chicken Joints", "primary": true, "shortName": "Fried Chicken"}], "verified": false, "contact": {"twitter": "kfc_sg"}, "allowMenuUrlEdit": true, "stats": {"tipCount": 9, "usersCount": 510, "checkinsCount": 1536}, "id": "4b930945f964a520733034e3", "name": "KFC", "beenHere": {"lastCheckinExpiredAt": 0}}, "suffix": "/10090644_NTsjwE-b9LIk7E8FovHBFbQqHljwa5XVBNmC6S8mkIM.jpg", "visibility": "public"}, {"height": 2988, "source": {"url": "https://foursquare.com/download/#/android", "name": "Foursquare for Android"}, "width": 5312, "prefix": "https://igx.4sqi.net/img/general/", "createdAt": 1473548125, "id": "57d48f5d498ef8be72bc9654", "venue": {"like": false, "location": {"formattedAddress": ["Jalan Pendekar 16 (Jalan Pendekar 16)", "81300 Skudai, Johor", "Malaysia"], "city": "Skudai", "lng": 103.65577737719956, "cc": "MY", "state": "Johor", "crossStreet": "Jalan Pendekar 16", "lat": 1.5141050124782247, "address": "Jalan Pendekar 16", "labeledLatLngs": [{"label": "display", "lat": 1.5141050124782247, "lng": 103.65577737719956}], "postalCode": "81300", "country": "Malaysia"}, "categories": [{"icon": {"prefix": "https://ss3.4sqi.net/img/categories_v2/shops/departmentstore_", "suffix": ".png"}, "name": "Department Store", "id": "4bf58dd8d48988d1f6941735", "pluralName": "Department Stores", "primary": true, "shortName": "Department Store"}], "verified": false, "contact": {}, "allowMenuUrlEdit": true, "stats": {"tipCount": 4, "usersCount": 1092, "checkinsCount": 2936}, "id": "4ba83907f964a52005d239e3", "name": "Plaza Tasek", "beenHere": {"lastCheckinExpiredAt": 0}}, "suffix": "/10090644_tZ9UXhkhaCuVryZEUo0imjZswB_u5BjA37K4j4swVDA.jpg", "visibility": "public"}, {"height": 960, "source": {"url": "https://www.swarmapp.com", "name": "Swarm for Android"}, "width": 540, "prefix": "https://igx.4sqi.net/img/general/", "createdAt": 1471669739, "id": "57b7e5eb498e876be7229747", "venue": {"like": false, "location": {"city": "Singapore", "lng": 103.9453326327317, "cc": "SG", "country": "Singapore", "lat": 1.3495361341301277, "address": "Blk 164 Tampines St 12", "labeledLatLngs": [{"label": "display", "lat": 1.3495361341301277, "lng": 103.9453326327317}], "formattedAddress": ["Blk 164 Tampines St 12", "Singapore"]}, "categories": [{"icon": {"prefix": "https://ss3.4sqi.net/img/categories_v2/food/coffeeshop_", "suffix": ".png"}, "name": "Coffee Shop", "id": "4bf58dd8d48988d1e0931735", "pluralName": "Coffee Shops", "primary": true, "shortName": "Coffee Shop"}], "verified": false, "contact": {}, "allowMenuUrlEdit": true, "stats": {"tipCount": 13, "usersCount": 294, "checkinsCount": 1089}, "id": "4b890f35f964a520811a32e3", "name": "\u65b0\u987a\u7f8e\u98df\u4e2d\u5fc3Coffeeshop", "beenHere": {"lastCheckinExpiredAt": 0}}, "suffix": "/10090644_LUT1Qpuzrk5QJmSNmFhLnUAcT2_wMh2sofnJ5GiqM0o.jpg", "visibility": "public"}, {"height": 540, "source": {"url": "https://www.swarmapp.com", "name": "Swarm for Android"}, "width": 960, "prefix": "https://igx.4sqi.net/img/general/", "createdAt": 1470567467, "id": "57a7142b498e404f594ddf39", "venue": {"url": "http://www.spicythaicafe.com", "like": false, "location": {"formattedAddress": ["Blk 115 Aljunied Avenue 2, #01-35", "380115", "Singapore"], "city": "Singapore", "lng": 103.88728737831116, "cc": "SG", "country": "Singapore", "lat": 1.321063992345451, "address": "Blk 115 Aljunied Avenue 2, #01-35", "labeledLatLngs": [{"label": "display", "lat": 1.321063992345451, "lng": 103.88728737831116}], "postalCode": "380115"}, "categories": [{"icon": {"prefix": "https://ss3.4sqi.net/img/categories_v2/food/thai_", "suffix": ".png"}, "name": "Thai Restaurant", "id": "4bf58dd8d48988d149941735", "pluralName": "Thai Restaurants", "primary": true, "shortName": "Thai"}], "verified": false, "contact": {"formattedPhone": "+65 6747 8558", "phone": "+6567478558"}, "allowMenuUrlEdit": true, "stats": {"tipCount": 22, "usersCount": 751, "checkinsCount": 1352}, "id": "4b656d0cf964a5203ef02ae3", "name": "Spicy Thai - Thai Cafe", "beenHere": {"lastCheckinExpiredAt": 0}}, "suffix": "/10090644_93qGvIEWAhQBuZrDSICzXtcojpGhPYuqtT4OTO3yPNI.jpg", "visibility": "public"}, {"height": 960, "source": {"url": "https://www.swarmapp.com", "name": "Swarm for Android"}, "width": 540, "prefix": "https://igx.4sqi.net/img/general/", "createdAt": 1470472086, "id": "57a59f96498e6c0505508860", "venue": {"url": "http://www.acm.org.sg", "like": false, "location": {"formattedAddress": ["1 Empress Pl. (Fullerton Road)", "179555", "Singapore"], "city": "Singapore", "lng": 103.85194418698414, "cc": "SG", "country": "Singapore", "crossStreet": "Fullerton Road", "lat": 1.287131671524224, "address": "1 Empress Pl.", "labeledLatLngs": [{"label": "display", "lat": 1.287131671524224, "lng": 103.85194418698414}], "postalCode": "179555"}, "categories": [{"icon": {"prefix": "https://ss3.4sqi.net/img/categories_v2/arts_entertainment/museum_history_", "suffix": ".png"}, "name": "History Museum", "id": "4bf58dd8d48988d190941735", "pluralName": "History Museums", "primary": true, "shortName": "History Museum"}], "verified": true, "contact": {"formattedPhone": "+653327798", "twitter": "acm_sg", "phone": "+653327798"}, "allowMenuUrlEdit": true, "stats": {"tipCount": 53, "usersCount": 5576, "checkinsCount": 7577}, "id": "4b058810f964a52071af22e3", "name": "Asian Civilisations Museum", "beenHere": {"lastCheckinExpiredAt": 0}}, "suffix": "/10090644_zzWg6WFFScvzNKJu_puG3MRMj2LcJzmOpV9qGxp4XWw.jpg", "visibility": "public"}, {"height": 960, "source": {"url": "https://www.swarmapp.com", "name": "Swarm for Android"}, "width": 540, "prefix": "https://igx.4sqi.net/img/general/", "createdAt": 1469273197, "id": "5793546d498ea9b36dcc09a5", "venue": {"like": false, "location": {"city": "Singapore", "lng": 103.86524427647355, "cc": "SG", "country": "Singapore", "crossStreet": "Garden By The Bay", "lat": 1.2838779021523967, "address": "Flower Dome", "labeledLatLngs": [{"label": "display", "lat": 1.2838779021523967, "lng": 103.86524427647355}], "formattedAddress": ["Flower Dome (Garden By The Bay)", "Singapore"]}, "categories": [{"icon": {"prefix": "https://ss3.4sqi.net/img/categories_v2/arts_entertainment/default_", "suffix": ".png"}, "name": "Exhibit", "id": "56aa371be4b08b9a8d573532", "pluralName": "Exhibits", "primary": true, "shortName": "Exhibit"}], "verified": false, "contact": {}, "beenHere": {"lastCheckinExpiredAt": 0}, "stats": {"tipCount": 2, "usersCount": 124, "checkinsCount": 162}, "id": "51887dcbe4b01efc2f75e3b4", "name": "Tulipmania"}, "suffix": "/10090644_IE_3nX4b74jk4yna85NbCNqLWH0komwrn0_dGKZ8GnA.jpg", "visibility": "public"}, {"height": 960, "source": {"url": "https://www.swarmapp.com", "name": "Swarm for Android"}, "width": 540, "prefix": "https://igx.4sqi.net/img/general/", "createdAt": 1468646547, "id": "5789c493498ead9c03a6159a", "venue": {"like": false, "location": {"city": "Singapore", "lng": 103.9453326327317, "cc": "SG", "country": "Singapore", "lat": 1.3495361341301277, "address": "Blk 164 Tampines St 12", "labeledLatLngs": [{"label": "display", "lat": 1.3495361341301277, "lng": 103.9453326327317}], "formattedAddress": ["Blk 164 Tampines St 12", "Singapore"]}, "categories": [{"icon": {"prefix": "https://ss3.4sqi.net/img/categories_v2/food/coffeeshop_", "suffix": ".png"}, "name": "Coffee Shop", "id": "4bf58dd8d48988d1e0931735", "pluralName": "Coffee Shops", "primary": true, "shortName": "Coffee Shop"}], "verified": false, "contact": {}, "allowMenuUrlEdit": true, "stats": {"tipCount": 13, "usersCount": 294, "checkinsCount": 1089}, "id": "4b890f35f964a520811a32e3", "name": "\u65b0\u987a\u7f8e\u98df\u4e2d\u5fc3Coffeeshop", "beenHere": {"lastCheckinExpiredAt": 0}}, "suffix": "/10090644_nGw23ibsKrmSJ2dTmquOwWQ3wrXHYkoirVBodJ60IK0.jpg", "visibility": "public"}, {"height": 960, "source": {"url": "https://www.swarmapp.com", "name": "Swarm for Android"}, "width": 540, "prefix": "https://igx.4sqi.net/img/general/", "createdAt": 1468600523, "id": "578910cb498e63fa611ee0b1", "venue": {"like": false, "location": {"lng": 103.9894974669917, "cc": "SG", "country": "Singapore", "lat": 1.3566152300024406, "address": "Terminal 2 Departure Hall", "labeledLatLngs": [{"label": "display", "lat": 1.3566152300024406, "lng": 103.9894974669917}], "formattedAddress": ["Terminal 2 Departure Hall", "Singapore"]}, "categories": [{"icon": {"prefix": "https://ss3.4sqi.net/img/categories_v2/food/cafe_", "suffix": ".png"}, "name": "Caf\u00e9", "id": "4bf58dd8d48988d16d941735", "pluralName": "Caf\u00e9s", "primary": true, "shortName": "Caf\u00e9"}], "verified": false, "contact": {}, "allowMenuUrlEdit": true, "stats": {"tipCount": 9, "usersCount": 384, "checkinsCount": 519}, "id": "54d9f2a3498e577dc3269058", "name": "1983 Cafe Nanyang", "beenHere": {"lastCheckinExpiredAt": 0}}, "suffix": "/10090644_LNBh-19JhHUaQk3mS89ozaVEOAuZOZBcp-fqebxoCec.jpg", "visibility": "public"}, {"height": 540, "source": {"url": "https://www.swarmapp.com", "name": "Swarm for Android"}, "width": 960, "prefix": "https://igx.4sqi.net/img/general/", "createdAt": 1468405520, "id": "57861710498e7f7c3b0455b7", "venue": {"venueRatingBlacklisted": true, "like": false, "location": {"formattedAddress": ["Level B1, Terminal 1 (Changi International Airport)", "819642", "Singapore"], "city": "Singapore", "lng": 103.99140173385632, "cc": "SG", "country": "Singapore", "crossStreet": "Changi International Airport", "lat": 1.3610636973583645, "address": "Level B1, Terminal 1", "labeledLatLngs": [{"label": "display", "lat": 1.3610636973583645, "lng": 103.99140173385632}], "postalCode": "819642"}, "categories": [{"icon": {"prefix": "https://ss3.4sqi.net/img/categories_v2/education/cafeteria_", "suffix": ".png"}, "name": "Corporate Cafeteria", "id": "54f4ba06498e2cf5561da814", "pluralName": "Corporate Cafeterias", "primary": true, "shortName": "Corporate Cafeteria"}], "verified": false, "contact": {}, "beenHere": {"lastCheckinExpiredAt": 0}, "stats": {"tipCount": 44, "usersCount": 1787, "checkinsCount": 4776}, "id": "4b49b788f964a520c67226e3", "name": "T1 Staff Canteen"}, "suffix": "/10090644__f8tW2ALjU3RLlIYT66MgmDR-ACiSDis62QhYZ7N0m8.jpg", "visibility": "public"}, {"height": 960, "source": {"url": "https://foursquare.com/download/#/android", "name": "Foursquare for Android"}, "width": 540, "prefix": "https://igx.4sqi.net/img/general/", "createdAt": 1403238198, "id": "53a3b736498ec42035492c80", "venue": {"like": false, "location": {"formattedAddress": ["#01-28, Trade Hub 21 (8 Boon Lay Way.)", "609964", "Singapore"], "city": "Singapore", "lng": 103.75421812508328, "cc": "SG", "country": "Singapore", "crossStreet": "8 Boon Lay Way.", "lat": 1.3276011444889289, "address": "#01-28, Trade Hub 21", "labeledLatLngs": [{"label": "display", "lat": 1.3276011444889289, "lng": 103.75421812508328}], "postalCode": "609964"}, "categories": [{"icon": {"prefix": "https://ss3.4sqi.net/img/categories_v2/food/cafe_", "suffix": ".png"}, "name": "Caf\u00e9", "id": "4bf58dd8d48988d16d941735", "pluralName": "Caf\u00e9s", "primary": true, "shortName": "Caf\u00e9"}], "verified": false, "contact": {"formattedPhone": "+65 6316 2868", "phone": "+6563162868"}, "allowMenuUrlEdit": true, "stats": {"tipCount": 4, "usersCount": 141, "checkinsCount": 259}, "id": "4f05840099116f05b5a51eb7", "name": "First Hong Kong Cafe", "beenHere": {"lastCheckinExpiredAt": 0}}, "suffix": "/10090644_D6J37R-PDfieQW231ZvIrPf3P78D4VC0I367WOKoWBA.jpg", "visibility": "public"}, {"height": 540, "source": {"url": "https://foursquare.com/download/#/android", "name": "Foursquare for Android"}, "width": 960, "prefix": "https://igx.4sqi.net/img/general/", "createdAt": 1395110260, "id": "5327b17411d2d90150ffac82", "venue": {"url": "http://www.carltonhotel.sg", "like": false, "location": {"formattedAddress": ["76 Bras Basah Rd", "189558", "Singapore"], "city": "Singapore", "lng": 103.85265190696873, "cc": "SG", "country": "Singapore", "lat": 1.2957137659427311, "address": "76 Bras Basah Rd", "labeledLatLngs": [{"label": "display", "lat": 1.2957137659427311, "lng": 103.85265190696873}], "postalCode": "189558"}, "categories": [{"icon": {"prefix": "https://ss3.4sqi.net/img/categories_v2/travel/hotel_", "suffix": ".png"}, "name": "Hotel", "id": "4bf58dd8d48988d1fa931735", "pluralName": "Hotels", "primary": true, "shortName": "Hotel"}], "verified": false, "contact": {"formattedPhone": "+65 6338 8333", "phone": "+6563388333", "facebookName": "Carlton Hotel Singapore", "facebookUsername": "CarltonHotelSG", "facebook": "137829469754469"}, "allowMenuUrlEdit": true, "stats": {"tipCount": 104, "usersCount": 8753, "checkinsCount": 18055}, "id": "4b05880af964a5208aad22e3", "name": "Carlton Hotel", "beenHere": {"lastCheckinExpiredAt": 0}}, "suffix": "/10090644_UM6ZlGVZ9kiSckMolR20nc2tGbT71zjXZa9xSJDY-xo.jpg", "visibility": "public"}, {"height": 960, "source": {"url": "https://foursquare.com/download/#/android", "name": "Foursquare for Android"}, "width": 540, "prefix": "https://igx.4sqi.net/img/general/", "createdAt": 1381576211, "id": "52592e13498e8ed3d1aeff78", "venue": {"like": false, "location": {"formattedAddress": ["#01-03, BreadTalk IHQ (30 Tai Seng Street)", "534013", "Singapore"], "city": "Singapore", "lng": 103.88932249571961, "cc": "SG", "country": "Singapore", "crossStreet": "30 Tai Seng Street", "lat": 1.3339365376574128, "address": "#01-03, BreadTalk IHQ", "labeledLatLngs": [{"label": "display", "lat": 1.3339365376574128, "lng": 103.88932249571961}], "postalCode": "534013"}, "categories": [{"icon": {"prefix": "https://ss3.4sqi.net/img/categories_v2/food/ramen_", "suffix": ".png"}, "name": "Noodle House", "id": "4bf58dd8d48988d1d1941735", "pluralName": "Noodle Houses", "primary": true, "shortName": "Noodles"}], "verified": false, "contact": {"formattedPhone": "+65 6444 5516", "phone": "+6564445516"}, "allowMenuUrlEdit": true, "stats": {"tipCount": 7, "usersCount": 470, "checkinsCount": 668}, "id": "51be955e498e121aba0dbb14", "name": "RamenPlay", "beenHere": {"lastCheckinExpiredAt": 0}}, "suffix": "/10090644_2FrxBEwPNTq8LWvkhQgsohR9x43_fISfT8GZM4N2Yw4.jpg", "visibility": "public"}, {"height": 960, "source": {"url": "https://foursquare.com/download/#/android", "name": "Foursquare for Android"}, "width": 540, "prefix": "https://igx.4sqi.net/img/general/", "createdAt": 1378634199, "id": "522c49d711d2e497a48b3e56", "venue": {"like": false, "location": {"city": "Singapore", "lng": 103.88653051834682, "cc": "SG", "country": "Singapore", "crossStreet": "Block 116 Aljunied Crescent", "lat": 1.3210889501770327, "address": "Bgain 116 Eating House", "labeledLatLngs": [{"label": "display", "lat": 1.3210889501770327, "lng": 103.88653051834682}], "formattedAddress": ["Bgain 116 Eating House (Block 116 Aljunied Crescent)", "Singapore"]}, "categories": [{"icon": {"prefix": "https://ss3.4sqi.net/img/categories_v2/food/default_", "suffix": ".png"}, "name": "American Restaurant", "id": "4bf58dd8d48988d14e941735", "pluralName": "American Restaurants", "primary": true, "shortName": "American"}], "verified": false, "contact": {}, "allowMenuUrlEdit": true, "stats": {"tipCount": 1, "usersCount": 33, "checkinsCount": 93}, "id": "50c9c146e4b0d063a8e86a17", "name": "Char-Grill Bar", "beenHere": {"lastCheckinExpiredAt": 0}}, "suffix": "/10090644_zVRr-rHGLJvYwvfGJlmBePvd6mD65xYMz9s6DmcjE0c.jpg", "visibility": "public"}, {"height": 540, "source": {"url": "https://foursquare.com/download/#/android", "name": "Foursquare for Android"}, "width": 720, "prefix": "https://igx.4sqi.net/img/general/", "createdAt": 1344644642, "id": "5025a622e4b056f765e83876", "venue": {"like": false, "location": {"formattedAddress": ["Plot 8, Project Pertanian Moden Kluang (KM13 Jalan Batu Pahat)", "86000 Kluang, Johor", "Malaysia"], "city": "Kluang", "lng": 103.21866998384527, "cc": "MY", "state": "Johor", "crossStreet": "KM13 Jalan Batu Pahat", "lat": 2.018405408910684, "address": "Plot 8, Project Pertanian Moden Kluang", "labeledLatLngs": [{"label": "display", "lat": 2.018405408910684, "lng": 103.21866998384527}], "postalCode": "86000", "country": "Malaysia"}, "categories": [{"icon": {"prefix": "https://ss3.4sqi.net/img/categories_v2/parks_outdoors/farm_", "suffix": ".png"}, "name": "Farm", "id": "4bf58dd8d48988d15b941735", "pluralName": "Farms", "primary": true, "shortName": "Farm"}], "verified": false, "contact": {}, "allowMenuUrlEdit": true, "stats": {"tipCount": 13, "usersCount": 694, "checkinsCount": 977}, "id": "4cf1abb08333224b33e70b8e", "name": "UK Farm Agro Resort", "beenHere": {"lastCheckinExpiredAt": 0}}, "suffix": "/wsb-OolZLgZBEQKd7tfVM8AElWOfHErUJW4oxKXNFj8.jpg", "visibility": "public"}, {"height": 720, "source": {"url": "https://foursquare.com/download/#/android", "name": "Foursquare for Android"}, "width": 540, "prefix": "https://igx.4sqi.net/img/general/", "createdAt": 1344047422, "id": "501c893ee4b02330f5cc0474", "venue": {"like": false, "location": {"city": "Singapore", "lng": 103.88696092087518, "cc": "SG", "country": "Singapore", "lat": 1.3243481863341238, "address": "Blk 53 Pipit Road", "labeledLatLngs": [{"label": "display", "lat": 1.3243481863341238, "lng": 103.88696092087518}], "formattedAddress": ["Blk 53 Pipit Road", "Singapore"]}, "categories": [{"icon": {"prefix": "https://ss3.4sqi.net/img/categories_v2/parks_outdoors/playground_", "suffix": ".png"}, "name": "Playground", "id": "4bf58dd8d48988d1e7941735", "pluralName": "Playgrounds", "primary": true, "shortName": "Playground"}], "verified": false, "contact": {}, "beenHere": {"lastCheckinExpiredAt": 0}, "stats": {"tipCount": 2, "usersCount": 16, "checkinsCount": 24}, "id": "4e3e3d74aeb73139a1849b8e", "name": "Baby Dragon Playground"}, "suffix": "/wve0K0PaSS7zMwcH668iD_AvQZteZ-69o_R2S3gPpLA.jpg", "visibility": "public"}, {"height": 540, "source": {"url": "https://foursquare.com/download/#/android", "name": "Foursquare for Android"}, "width": 720, "prefix": "https://igx.4sqi.net/img/general/", "createdAt": 1342330454, "id": "50025656e4b05e79b0fd59bb", "venue": {"venueRatingBlacklisted": true, "like": false, "location": {"formattedAddress": ["10 Tuas West Drive", "638404", "Singapore"], "city": "Tuas", "lng": 103.63540649414062, "cc": "SG", "country": "Singapore", "lat": 1.34267675628667, "address": "10 Tuas West Drive", "labeledLatLngs": [{"label": "display", "lat": 1.34267675628667, "lng": 103.63540649414062}], "postalCode": "638404"}, "categories": [{"icon": {"prefix": "https://ss3.4sqi.net/img/categories_v2/parks_outdoors/harbor_", "suffix": ".png"}, "name": "Harbor / Marina", "id": "4bf58dd8d48988d1e0941735", "pluralName": "Harbors / Marinas", "primary": true, "shortName": "Harbor / Marina"}], "verified": false, "contact": {"formattedPhone": "+65 6861 9000", "phone": "+6568619000"}, "beenHere": {"lastCheckinExpiredAt": 0}, "stats": {"tipCount": 18, "usersCount": 2290, "checkinsCount": 3598}, "id": "4bd86c9835aad13a02d590f3", "name": "Raffles Marina Club House"}, "suffix": "/35vMkrgco-7B151HdJqUxzNE9zx4jXO538wSoCbTq0o.jpg", "visibility": "public"}, {"height": 720, "source": {"url": "https://foursquare.com/download/#/android", "name": "Foursquare for Android"}, "width": 540, "prefix": "https://igx.4sqi.net/img/general/", "createdAt": 1329913555, "id": "4f44ded3e4b0f94a360e37a0", "venue": {"url": "http://www.lta.gov.sg", "like": false, "location": {"city": "Singapore", "cc": "SG", "country": "Singapore", "lat": 1.3297198466020954, "lng": 103.84717226028442, "formattedAddress": ["Singapore"]}, "categories": [{"icon": {"prefix": "https://ss3.4sqi.net/img/categories_v2/travel/highway_", "suffix": ".png"}, "name": "Road", "id": "4bf58dd8d48988d1f9931735", "pluralName": "Roads", "primary": true, "shortName": "Road"}], "verified": false, "contact": {"formattedPhone": "+65 1800 225 5582", "twitter": "ltasg", "phone": "+6518002255582"}, "beenHere": {"lastCheckinExpiredAt": 0}, "stats": {"tipCount": 78, "usersCount": 13232, "checkinsCount": 46362}, "id": "4c14ede6a1010f471a1d4d18", "name": "Pan Island Expressway (PIE)", "venueRatingBlacklisted": true}, "suffix": "/JBW0HBuHKJel2bp_qjGImaAyMELcIZNWgHfHMUJ8hF4.jpg", "visibility": "public"}, {"height": 540, "source": {"url": "https://foursquare.com/download/#/android", "name": "Foursquare for Android"}, "width": 720, "prefix": "https://igx.4sqi.net/img/general/", "createdAt": 1329223026, "id": "4f3a5572e4b011903930e62c", "venue": {"closed": true, "like": false, "location": {"formattedAddress": ["#01-18B, Parkway Parade (80 Marine Parade Rd)", "449269", "Singapore"], "city": "Singapore", "lng": 103.90566208640114, "cc": "SG", "country": "Singapore", "lat": 1.3019465261821883, "address": "#01-18B, Parkway Parade", "crossStreet": "80 Marine Parade Rd", "postalCode": "449269"}, "categories": [{"icon": {"prefix": "https://ss3.4sqi.net/img/categories_v2/food/seafood_", "suffix": ".png"}, "name": "Seafood Restaurant", "id": "4bf58dd8d48988d1ce941735", "pluralName": "Seafood Restaurants", "primary": true, "shortName": "Seafood"}], "verified": false, "contact": {}, "allowMenuUrlEdit": true, "stats": {"tipCount": 19, "usersCount": 938, "checkinsCount": 1168}, "id": "4b49c16df964a520417326e3", "name": "Fish & Co.", "beenHere": {"lastCheckinExpiredAt": 0}}, "suffix": "/EplYgx2qsOM6IRgwLhdZ7opMzpGOBUlcoOXGvw9-C28.jpg", "visibility": "public"}, {"height": 540, "source": {"url": "https://foursquare.com/download/#/android", "name": "Foursquare for Android"}, "width": 720, "prefix": "https://igx.4sqi.net/img/general/", "createdAt": 1327983582, "id": "4f276bdee4b0c48620b025f0", "venue": {"url": "http://www.ikea.com/sg", "like": false, "location": {"formattedAddress": ["60 Tampines North Dr. 2", "528764", "Singapore"], "city": "Singapore", "lng": 103.93213239313798, "cc": "SG", "country": "Singapore", "lat": 1.373531095812322, "address": "60 Tampines North Dr. 2", "postalCode": "528764"}, "categories": [{"icon": {"prefix": "https://ss3.4sqi.net/img/categories_v2/shops/furniture_", "suffix": ".png"}, "name": "Furniture / Home Store", "id": "4bf58dd8d48988d1f8941735", "pluralName": "Furniture / Home Stores", "primary": true, "shortName": "Furniture / Home"}], "verified": false, "contact": {"formattedPhone": "+65 6786 6868", "phone": "+6567866868"}, "allowMenuUrlEdit": true, "stats": {"tipCount": 379, "usersCount": 39137, "checkinsCount": 99649}, "id": "4b586667f964a520065628e3", "name": "IKEA", "beenHere": {"lastCheckinExpiredAt": 0}}, "suffix": "/UEDUEHJY5BETNXFR4KOPFDU3P1HNXKATQCDA3ZDWQ4BPMIG0.jpg", "visibility": "public"}, {"height": 540, "source": {"url": "https://foursquare.com/download/#/android", "name": "Foursquare for Android"}, "tip": {"agreeCount": 0, "canonicalUrl": "https://foursquare.com/item/4f0c1435e4b00cf4c126f2f6", "todo": {"count": 0}, "logView": true, "disagreeCount": 0, "createdAt": 1326191669, "id": "4f0c1435e4b00cf4c126f2f6", "text": "Mep Asia 2012: 11\u202612 Jan", "likes": {"groups": [], "count": 0}, "like": false, "type": "user"}, "width": 720, "prefix": "https://igx.4sqi.net/img/general/", "createdAt": 1326191675, "id": "4f0c143be4b0ece6d0f2c45a", "venue": {"like": false, "location": {"formattedAddress": ["165 Tanjong Pagar Rd", "088539", "Singapore"], "city": "Singapore", "lng": 103.84341786628266, "cc": "SG", "country": "Singapore", "lat": 1.2752040332238923, "address": "165 Tanjong Pagar Rd", "labeledLatLngs": [{"label": "display", "lat": 1.2752040332238923, "lng": 103.84341786628266}], "postalCode": "088539"}, "categories": [{"icon": {"prefix": "https://ss3.4sqi.net/img/categories_v2/travel/hotel_", "suffix": ".png"}, "name": "Hotel", "id": "4bf58dd8d48988d1fa931735", "pluralName": "Hotels", "primary": true, "shortName": "Hotel"}], "verified": false, "contact": {"formattedPhone": "+65 6879 2555", "phone": "+6568792555"}, "allowMenuUrlEdit": true, "stats": {"tipCount": 40, "usersCount": 5740, "checkinsCount": 11227}, "id": "4b05880bf964a520b6ad22e3", "name": "Amara Singapore Hotel \u65b0\u52a0\u5761\u5b89\u570b\u9152\u5e97", "beenHere": {"lastCheckinExpiredAt": 0}}, "suffix": "/AJF2SLNYM5PBSWHGZP4UOJXHDSCROIMMDKFVHTWKEMGQYFAQ.jpg", "visibility": "public"}, {"height": 540, "source": {"url": "https://foursquare.com/download/#/android", "name": "Foursquare for Android"}, "width": 720, "prefix": "https://igx.4sqi.net/img/general/", "createdAt": 1325914562, "id": "4f07d9c2e4b0a2229a4547c9", "venue": {"like": false, "location": {"city": "Singapore", "cc": "SG", "country": "Singapore", "lat": 1.3192993976971517, "lng": 103.88687597290034, "labeledLatLngs": [{"label": "display", "lat": 1.3192993976971517, "lng": 103.88687597290034}], "formattedAddress": ["Singapore"]}, "categories": [{"icon": {"prefix": "https://ss3.4sqi.net/img/categories_v2/food/default_", "suffix": ".png"}, "name": "Food", "id": "4d4b7105d754a06374d81259", "pluralName": "Food", "primary": true, "shortName": "Food"}], "verified": false, "contact": {}, "allowMenuUrlEdit": true, "stats": {"tipCount": 2, "usersCount": 122, "checkinsCount": 672}, "id": "4e22414945dd950bb02e7af6", "name": "Geylang East Centre Market And Food Corner", "beenHere": {"lastCheckinExpiredAt": 0}}, "suffix": "/4WKKCXLH0PRS0LUPS4VOUPAQJFKD2ITXOY2LLGS2LRGYNQVS.jpg", "visibility": "public"}, {"height": 540, "source": {"url": "https://foursquare.com/download/#/android", "name": "Foursquare for Android"}, "tip": {"agreeCount": 0, "canonicalUrl": "https://foursquare.com/item/4eec0f86b8f76a24a39062b0", "todo": {"count": 0}, "logView": true, "disagreeCount": 0, "createdAt": 1324093318, "id": "4eec0f86b8f76a24a39062b0", "text": "The most affordable child care in this area. Good teachers and administrator.", "likes": {"groups": [], "count": 0}, "like": false, "type": "user"}, "width": 720, "prefix": "https://igx.4sqi.net/img/general/", "createdAt": 1324093328, "id": "4eec0f90d3e3246bd9b87d89", "venue": {"venueRatingBlacklisted": true, "like": false, "location": {"formattedAddress": ["1205, Upper Boon Keng Road, #01-01", "387311", "Singapore"], "city": "Singapore", "lng": 103.8725996017456, "cc": "SG", "country": "Singapore", "lat": 1.3155079262502452, "address": "1205, Upper Boon Keng Road, #01-01", "labeledLatLngs": [{"label": "display", "lat": 1.3155079262502452, "lng": 103.8725996017456}], "postalCode": "387311"}, "categories": [{"icon": {"prefix": "https://ss3.4sqi.net/img/categories_v2/building/default_", "suffix": ".png"}, "name": "Community Center", "id": "52e81612bcbc57f1066b7a34", "pluralName": "Community Centers", "primary": true, "shortName": "Community Center"}], "verified": false, "contact": {"formattedPhone": "+65 6748 3024", "phone": "+6567483024"}, "beenHere": {"lastCheckinExpiredAt": 0}, "stats": {"tipCount": 7, "usersCount": 336, "checkinsCount": 1733}, "id": "4b9096c6f964a5203b9133e3", "name": "Geylang West Community Club"}, "suffix": "/R0E3OSBXL1JD2EUXJOO4RJF55LWDFR4G5QQOT2GJHF0EWRMZ.jpg", "visibility": "public"}, {"height": 720, "source": {"url": "https://foursquare.com/download/#/android", "name": "Foursquare for Android"}, "width": 540, "prefix": "https://igx.4sqi.net/img/general/", "createdAt": 1320586031, "id": "4eb68b2f991165b762db9035", "venue": {"url": "http://www.ikea.com/sg", "like": false, "location": {"formattedAddress": ["60 Tampines North Dr. 2", "528764", "Singapore"], "city": "Singapore", "lng": 103.93213239313798, "cc": "SG", "country": "Singapore", "lat": 1.373531095812322, "address": "60 Tampines North Dr. 2", "postalCode": "528764"}, "categories": [{"icon": {"prefix": "https://ss3.4sqi.net/img/categories_v2/shops/furniture_", "suffix": ".png"}, "name": "Furniture / Home Store", "id": "4bf58dd8d48988d1f8941735", "pluralName": "Furniture / Home Stores", "primary": true, "shortName": "Furniture / Home"}], "verified": false, "contact": {"formattedPhone": "+65 6786 6868", "phone": "+6567866868"}, "allowMenuUrlEdit": true, "stats": {"tipCount": 379, "usersCount": 39137, "checkinsCount": 99649}, "id": "4b586667f964a520065628e3", "name": "IKEA", "beenHere": {"lastCheckinExpiredAt": 0}}, "suffix": "/MY02J5GNBWHEF113NJJRIX3JJI1YYWRG4103A314J0O4ITKD.jpg", "visibility": "public"}, {"height": 540, "source": {"url": "https://foursquare.com/download/#/android", "name": "Foursquare for Android"}, "width": 720, "prefix": "https://igx.4sqi.net/img/general/", "createdAt": 1317551071, "id": "4e883bdf2c5bb173f9201756", "venue": {"like": false, "location": {"formattedAddress": ["Blk 114 Aljunied Ave 2, #01-75", "380114", "Singapore"], "city": "Singapore", "lng": 103.88651352880116, "cc": "SG", "country": "Singapore", "lat": 1.3215057178340959, "address": "Blk 114 Aljunied Ave 2, #01-75", "labeledLatLngs": [{"label": "display", "lat": 1.3215057178340959, "lng": 103.88651352880116}], "postalCode": "380114"}, "categories": [{"icon": {"prefix": "https://ss3.4sqi.net/img/categories_v2/shops/food_grocery_", "suffix": ".png"}, "name": "Grocery Store", "id": "4bf58dd8d48988d118951735", "pluralName": "Grocery Stores", "primary": true, "shortName": "Grocery Store"}], "verified": false, "contact": {}, "allowMenuUrlEdit": true, "stats": {"tipCount": 5, "usersCount": 593, "checkinsCount": 2100}, "id": "4bd24b88046076b054c67371", "name": "NTUC Fairprice", "beenHere": {"lastCheckinExpiredAt": 0}}, "suffix": "/KALNQU0KKL0BVXCCPEBXANIWBZTG4OVJ5YRH31R43HQ3G43I.jpg", "visibility": "public"}, {"height": 720, "source": {"url": "https://foursquare.com/download/#/android", "name": "Foursquare for Android"}, "width": 540, "prefix": "https://igx.4sqi.net/img/general/", "createdAt": 1315625414, "id": "4e6ad9c6b993d5439f7e5263", "venue": {"location": {"formattedAddress": ["50 Geylang East Ave 1", "389777", "Singapore"], "city": "Singapore", "lng": 103.88586044311523, "cc": "SG", "country": "Singapore", "lat": 1.3173957029934202, "address": "50 Geylang East Ave 1", "labeledLatLngs": [{"label": "display", "lat": 1.3173957029934202, "lng": 103.88586044311523}], "postalCode": "389777"}, "contact": {"twitter": "publiclibrarysg"}, "verified": true, "stats": {"tipCount": 22, "usersCount": 1163, "checkinsCount": 4621}, "beenHere": {"lastCheckinExpiredAt": 0}, "storeId": "", "url": "http://www.nlb.gov.sg", "like": false, "categories": [{"icon": {"prefix": "https://ss3.4sqi.net/img/categories_v2/building/library_", "suffix": ".png"}, "name": "Library", "id": "4bf58dd8d48988d12f941735", "pluralName": "Libraries", "primary": true, "shortName": "Library"}], "venueRatingBlacklisted": true, "id": "4b1bc985f964a5206afd23e3", "name": "Geylang East Public Library"}, "suffix": "/FAIIEVPHW5QPDI1KIQYAS5BFOD5ASTLAE0HDH3F5T4RWWBJN.jpg", "visibility": "public"}, {"height": 540, "source": {"url": "https://foursquare.com/download/#/android", "name": "Foursquare for Android"}, "width": 720, "prefix": "https://igx.4sqi.net/img/general/", "createdAt": 1315574909, "id": "4e6a147da809290267d65753", "venue": {"like": false, "location": {"formattedAddress": ["56 Pipit Riad (Circuit Road)", "370056", "Singapore"], "lng": 103.88802560663953, "cc": "SG", "country": "Singapore", "crossStreet": "Circuit Road", "lat": 1.324396787029549, "address": "56 Pipit Riad", "labeledLatLngs": [{"label": "display", "lat": 1.324396787029549, "lng": 103.88802560663953}], "postalCode": "370056"}, "categories": [{"icon": {"prefix": "https://ss3.4sqi.net/img/categories_v2/arts_entertainment/artgallery_", "suffix": ".png"}, "name": "Art Gallery", "id": "4bf58dd8d48988d1e2931735", "pluralName": "Art Galleries", "primary": true, "shortName": "Art Gallery"}], "verified": false, "contact": {}, "allowMenuUrlEdit": true, "stats": {"tipCount": 1, "usersCount": 42, "checkinsCount": 143}, "id": "4e0ecebfb61c3fe47807804b", "name": "Macpherson Community Arts Gallery", "beenHere": {"lastCheckinExpiredAt": 0}}, "suffix": "/4LFMO4IRTROKZFEHLYY5LWPTBOJXBLRB0P2GVHBXVRBG2BMH.jpg", "visibility": "public"}, {"height": 540, "source": {"url": "https://foursquare.com/download/#/android", "name": "Foursquare for Android"}, "width": 720, "prefix": "https://igx.4sqi.net/img/general/", "createdAt": 1315538073, "id": "4e69849962e1cd1d544cf0c8", "venue": {"like": false, "location": {"city": "Tuas", "lng": 103.62107527834105, "cc": "SG", "country": "Singapore", "lat": 1.2958957328436027, "address": "Tuas South Ave3", "labeledLatLngs": [{"label": "display", "lat": 1.2958957328436027, "lng": 103.62107527834105}], "formattedAddress": ["Tuas South Ave3", "Singapore"]}, "categories": [], "verified": false, "contact": {}, "beenHere": {"lastCheckinExpiredAt": 0}, "stats": {"tipCount": 1, "usersCount": 95, "checkinsCount": 169}, "id": "4b721ac0f964a520e96e2de3", "name": "Tuas South Incineration Plant"}, "suffix": "/JHFGLLZQLAWYBNEI5QG3XLBHFOENCIKX1B33SBYW0WJYMXWE.jpg", "visibility": "public"}, {"height": 720, "source": {"url": "https://foursquare.com/download/#/android", "name": "Foursquare for Android"}, "width": 540, "prefix": "https://igx.4sqi.net/img/general/", "createdAt": 1315459886, "id": "4e68532e52b128a09eb01db5", "venue": {"venueRatingBlacklisted": true, "like": false, "location": {"formattedAddress": ["10 Pasir Panjang Rd", "117438", "Singapore"], "city": "Singapore", "lng": 103.79908561706543, "cc": "SG", "country": "Singapore", "lat": 1.2749364734521267, "address": "10 Pasir Panjang Rd", "labeledLatLngs": [{"label": "display", "lat": 1.2749364734521267, "lng": 103.79908561706543}], "postalCode": "117438"}, "categories": [{"icon": {"prefix": "https://ss3.4sqi.net/img/categories_v2/building/default_", "suffix": ".png"}, "name": "Office", "id": "4bf58dd8d48988d124941735", "pluralName": "Offices", "primary": true, "shortName": "Office"}], "verified": false, "contact": {}, "beenHere": {"lastCheckinExpiredAt": 0}, "stats": {"tipCount": 20, "usersCount": 3425, "checkinsCount": 20760}, "id": "4d3259b19c2d59419aa136d8", "name": "Mapletree Business City"}, "suffix": "/B1R0O55DLF4X2ISR45GKRXQH21GA1YAGQ0SU443AOQU51WYO.jpg", "visibility": "public"}, {"height": 405, "source": {"url": "https://foursquare.com/download/#/android", "name": "Foursquare for Android"}, "width": 720, "prefix": "https://igx.4sqi.net/img/general/", "createdAt": 1315319416, "id": "4e662e78b993678bb83bb1b9", "venue": {"like": false, "location": {"formattedAddress": ["56 Pipit Riad (Circuit Road)", "370056", "Singapore"], "lng": 103.88802560663953, "cc": "SG", "country": "Singapore", "crossStreet": "Circuit Road", "lat": 1.324396787029549, "address": "56 Pipit Riad", "labeledLatLngs": [{"label": "display", "lat": 1.324396787029549, "lng": 103.88802560663953}], "postalCode": "370056"}, "categories": [{"icon": {"prefix": "https://ss3.4sqi.net/img/categories_v2/arts_entertainment/artgallery_", "suffix": ".png"}, "name": "Art Gallery", "id": "4bf58dd8d48988d1e2931735", "pluralName": "Art Galleries", "primary": true, "shortName": "Art Gallery"}], "verified": false, "contact": {}, "allowMenuUrlEdit": true, "stats": {"tipCount": 1, "usersCount": 42, "checkinsCount": 143}, "id": "4e0ecebfb61c3fe47807804b", "name": "Macpherson Community Arts Gallery", "beenHere": {"lastCheckinExpiredAt": 0}}, "suffix": "/KLZTNKFC3STHYIK5Y4F0WAACV0XNTWK4UYWOROJCGPIKM1PS.jpg", "visibility": "public"}], "count": 31}, "totalCount": 31}}