{"meta": {"code": 200, "requestId": "595ae7db9fb6b77b794a0ff4"}, "notifications": [{"item": {"unreadCount": 0}, "type": "notificationTray"}], "response": {"photos": {"items": [{"height": 720, "source": {"url": "https://foursquare.com/download/#/iphone", "name": "Foursquare for iOS"}, "width": 537, "prefix": "https://igx.4sqi.net/img/general/", "createdAt": 1351582513, "id": "508f8331e4b0dec0baf1f85a", "venue": {"url": "http://www.smrt.com.sg", "like": false, "location": {"formattedAddress": ["200 Bishan Rd.", "579827", "Singapore"], "city": "Singapore", "lng": 103.84837733434433, "cc": "SG", "country": "Singapore", "lat": 1.3511486916746738, "address": "200 Bishan Rd.", "postalCode": "579827"}, "categories": [{"icon": {"prefix": "https://ss3.4sqi.net/img/categories_v2/travel/subway_", "suffix": ".png"}, "name": "Metro Station", "id": "4bf58dd8d48988d1fd931735", "pluralName": "Metro Stations", "primary": true, "shortName": "Metro"}], "verified": false, "contact": {"twitter": "smrt_singapore"}, "beenHere": {"lastCheckinExpiredAt": 0}, "stats": {"tipCount": 95, "usersCount": 20911, "checkinsCount": 131699}, "id": "4b0d4bdcf964a520d14523e3", "name": "Bishan MRT Interchange (NS17/CC15)", "venueRatingBlacklisted": true}, "suffix": "/10123483_n5N1XSa8WUJTDH28ZwQjtV5ie-THNH1njtFQ5ohBIxU.jpg", "visibility": "public"}, {"height": 720, "source": {"url": "https://foursquare.com/download/#/iphone", "name": "Foursquare for iOS"}, "width": 537, "prefix": "https://igx.4sqi.net/img/general/", "createdAt": 1351558287, "id": "508f248fe4b01c28f34f0a26", "venue": {"url": "http://www.nyp.edu.sg", "like": false, "location": {"formattedAddress": ["180 Ang Mo Kio Ave. 8 (Ang Mo Kio Ave. 5)", "569830", "Singapore"], "city": "Singapore", "lng": 103.84893217194015, "cc": "SG", "country": "Singapore", "lat": 1.3796860792022725, "address": "180 Ang Mo Kio Ave. 8", "crossStreet": "Ang Mo Kio Ave. 5", "postalCode": "569830"}, "categories": [{"icon": {"prefix": "https://ss3.4sqi.net/img/categories_v2/education/other_", "suffix": ".png"}, "name": "General College & University", "id": "4bf58dd8d48988d1a8941735", "pluralName": "General Colleges & Universities", "primary": true, "shortName": "Education"}], "verified": false, "contact": {"formattedPhone": "+65 6451 5115", "twitter": "nyptweets", "phone": "+6564515115"}, "beenHere": {"lastCheckinExpiredAt": 0}, "stats": {"tipCount": 90, "usersCount": 9163, "checkinsCount": 84982}, "id": "4b08e83ef964a5204c1323e3", "name": "Nanyang Polytechnic (NYP)", "venueRatingBlacklisted": true}, "suffix": "/10123483_kpmP8EgMHAAEekMQLDT4pqEytbX92S20LFmiPv1fx_Q.jpg", "visibility": "public"}, {"height": 720, "source": {"url": "https://foursquare.com/download/#/iphone", "name": "Foursquare for iOS"}, "width": 537, "prefix": "https://igx.4sqi.net/img/general/", "createdAt": 1351244568, "id": "508a5b18e4b0306b56dc2473", "venue": {"like": false, "location": {"formattedAddress": ["#02-162, Bukit Timah Market & Food Centre (51 Upper Bukit Timah Rd.)", "588215", "Singapore"], "city": "Singapore", "lng": 103.77595657303114, "cc": "SG", "country": "Singapore", "crossStreet": "51 Upper Bukit Timah Rd.", "lat": 1.339481612872717, "address": "#02-162, Bukit Timah Market & Food Centre", "labeledLatLngs": [{"label": "display", "lat": 1.339481612872717, "lng": 103.77595657303114}], "postalCode": "588215"}, "categories": [{"icon": {"prefix": "https://ss3.4sqi.net/img/categories_v2/food/asian_", "suffix": ".png"}, "name": "Chinese Restaurant", "id": "4bf58dd8d48988d145941735", "pluralName": "Chinese Restaurants", "primary": true, "shortName": "Chinese"}], "verified": false, "contact": {}, "allowMenuUrlEdit": true, "stats": {"tipCount": 10, "usersCount": 120, "checkinsCount": 255}, "id": "4d2d2e2faa5c6ea8bb44ab04", "name": "Sin Chew Satay Bee Hoon \u661f\u6d32\u6c99\u55f2\u7c73\u7c89", "beenHere": {"lastCheckinExpiredAt": 0}}, "suffix": "/10123483_FItsxqy5NSSb_9QyJSauP7caKDOKZSSjJBNxFO-rZ5I.jpg", "visibility": "public"}, {"height": 720, "source": {"url": "https://foursquare.com/download/#/iphone", "name": "Foursquare for iOS"}, "width": 537, "prefix": "https://igx.4sqi.net/img/general/", "createdAt": 1351242797, "id": "508a542de4b0101d99764558", "venue": {"venueRatingBlacklisted": true, "like": false, "location": {"city": "Singapore", "cc": "SG", "country": "Singapore", "lat": 1.2997084662268736, "lng": 103.80136013031004, "labeledLatLngs": [{"label": "display", "lat": 1.2997084662268736, "lng": 103.80136013031004}], "formattedAddress": ["Singapore"]}, "categories": [{"icon": {"prefix": "https://ss3.4sqi.net/img/categories_v2/parks_outdoors/neighborhood_", "suffix": ".png"}, "name": "Neighborhood", "id": "4f2a25ac4b909258e854f55f", "pluralName": "Neighborhoods", "primary": true, "shortName": "Neighborhood"}], "verified": false, "contact": {}, "beenHere": {"lastCheckinExpiredAt": 0}, "stats": {"tipCount": 0, "usersCount": 410, "checkinsCount": 1391}, "id": "4d63bbb5dcafa1cdea947411", "name": "Commonwealth"}, "suffix": "/10123483_kd5BVtGHU3Z_X1Da-VpYOVwCoDaw5uXv3kyuP91XBKQ.jpg", "visibility": "public"}, {"height": 720, "source": {"url": "https://foursquare.com/download/#/iphone", "name": "Foursquare for iOS"}, "width": 537, "prefix": "https://igx.4sqi.net/img/general/", "createdAt": 1351231053, "id": "508a264de4b05789444f97ee", "venue": {"url": "http://www.smrt.com.sg", "like": false, "location": {"formattedAddress": ["200 Commonwealth Ave. W (Opp Singapore Polytechnic)", "138677", "Singapore"], "city": "Singapore", "lng": 103.77837846057523, "cc": "SG", "country": "Singapore", "lat": 1.3113937889902114, "address": "200 Commonwealth Ave. W", "crossStreet": "Opp Singapore Polytechnic", "postalCode": "138677"}, "categories": [{"icon": {"prefix": "https://ss3.4sqi.net/img/categories_v2/travel/trainstation_", "suffix": ".png"}, "name": "Train Station", "id": "4bf58dd8d48988d129951735", "pluralName": "Train Stations", "primary": true, "shortName": "Train Station"}], "verified": false, "contact": {"twitter": "smrt_singapore"}, "beenHere": {"lastCheckinExpiredAt": 0}, "stats": {"tipCount": 29, "usersCount": 9326, "checkinsCount": 41771}, "id": "4b1538e5f964a52081a923e3", "name": "Dover MRT Station (EW22)"}, "suffix": "/10123483_ABWQcbAyDmVxJFkyp0QCVQACPYPCHEw-gUp0lToqBHc.jpg", "visibility": "public"}, {"height": 720, "source": {"url": "https://foursquare.com/download/#/iphone", "name": "Foursquare for iOS"}, "width": 537, "prefix": "https://igx.4sqi.net/img/general/", "createdAt": 1351151151, "id": "5088ee2fe4b0f94296c1cbee", "venue": {"url": "http://www.nyp.edu.sg", "like": false, "location": {"formattedAddress": ["180 Ang Mo Kio Ave. 8 (Ang Mo Kio Ave. 5)", "569830", "Singapore"], "city": "Singapore", "lng": 103.84893217194015, "cc": "SG", "country": "Singapore", "lat": 1.3796860792022725, "address": "180 Ang Mo Kio Ave. 8", "crossStreet": "Ang Mo Kio Ave. 5", "postalCode": "569830"}, "categories": [{"icon": {"prefix": "https://ss3.4sqi.net/img/categories_v2/education/other_", "suffix": ".png"}, "name": "General College & University", "id": "4bf58dd8d48988d1a8941735", "pluralName": "General Colleges & Universities", "primary": true, "shortName": "Education"}], "verified": false, "contact": {"formattedPhone": "+65 6451 5115", "twitter": "nyptweets", "phone": "+6564515115"}, "beenHere": {"lastCheckinExpiredAt": 0}, "stats": {"tipCount": 90, "usersCount": 9163, "checkinsCount": 84982}, "id": "4b08e83ef964a5204c1323e3", "name": "Nanyang Polytechnic (NYP)", "venueRatingBlacklisted": true}, "suffix": "/10123483_fed7v6jtteiAf0JLm6EuV-g0fTJsvfwZaX4HsLjDTmc.jpg", "visibility": "public"}], "count": 6}, "totalCount": 6}}