{"meta": {"code": 200, "requestId": "595b3d66db04f562ec2d050e"}, "notifications": [{"item": {"unreadCount": 0}, "type": "notificationTray"}], "response": {"photos": {"items": [{"height": 720, "source": {"url": "https://foursquare.com/download/#/android", "name": "Foursquare for Android"}, "tip": {"agreeCount": 0, "canonicalUrl": "https://foursquare.com/item/53fe0bb0498ea5887511cf85", "todo": {"count": 0}, "logView": true, "disagreeCount": 0, "createdAt": 1409158064, "id": "53fe0bb0498ea5887511cf85", "text": "Love for sashimi. Die for sashimi!", "likes": {"groups": [], "count": 0}, "like": false, "type": "user"}, "width": 720, "prefix": "https://igx.4sqi.net/img/general/", "createdAt": 1409158066, "id": "53fe0bb2498e1e36b91b0a53", "venue": {"like": false, "location": {"formattedAddress": ["36/37 Pekin Street #01-01 Far East Square", "048766", "Singapore"], "city": "Singapore", "lng": 103.8485698287638, "cc": "SG", "country": "Singapore", "neighborhood": "Central Region", "lat": 1.2836794772218185, "address": "36/37 Pekin Street #01-01 Far East Square", "labeledLatLngs": [{"label": "display", "lat": 1.2836794772218185, "lng": 103.8485698287638}], "postalCode": "048766"}, "categories": [{"icon": {"prefix": "https://ss3.4sqi.net/img/categories_v2/food/japanese_", "suffix": ".png"}, "name": "Japanese Restaurant", "id": "4bf58dd8d48988d111941735", "pluralName": "Japanese Restaurants", "primary": true, "shortName": "Japanese"}], "verified": false, "contact": {"formattedPhone": "+65 6536 4404", "phone": "+6565364404"}, "allowMenuUrlEdit": true, "stats": {"tipCount": 11, "usersCount": 481, "checkinsCount": 805}, "id": "4d5299d2e02754811353b6b6", "name": "BOTAN Japanese Restaurant Pte Ltd", "beenHere": {"lastCheckinExpiredAt": 0}}, "suffix": "/3844782_Xbzt9tcKBNyNgN3kjzMe4gEWR6-SaWy9wDi78S_6Phk.jpg", "visibility": "public"}], "count": 1}, "totalCount": 1}}