{"response": {"photos": {"items": [{"id": "4d4d4baa7cc028fd47c6c2b0", "createdAt": 1296911274, "height": 720, "visibility": "public", "source": {"url": "https://foursquare.com/download/#/iphone", "name": "Foursquare for iOS"}, "prefix": "https://igx.4sqi.net/img/general/", "width": 537, "suffix": "/R0Q40CHQWC5TYXVTRCR5YXGD13BP3RBDUJMULPUCIEM1WAOS.jpg"}], "count": 1}, "totalCount": 1}, "meta": {"code": 200, "requestId": "595a81b94434b96bca3eace1"}, "notifications": [{"item": {"unreadCount": 0}, "type": "notificationTray"}]}