{"meta": {"code": 200, "requestId": "595b0fd9db04f562ec4e089d"}, "notifications": [{"item": {"unreadCount": 0}, "type": "notificationTray"}], "response": {"photos": {"items": [{"height": 959, "source": {"url": "https://foursquare.com/download/#/iphone", "name": "Foursquare for iOS"}, "width": 717, "prefix": "https://igx.4sqi.net/img/general/", "createdAt": 1376203433, "id": "520732a9498ea3ff778008a8", "venue": {"like": false, "location": {"formattedAddress": ["\ub3d9\uc791\uad6c \ub178\ub4e4\ub85c 688", "\ub178\ub7c9\uc9c41\ub3d9", "\uc11c\uc6b8\ud2b9\ubcc4\uc2dc", "06900", "\ub300\ud55c\ubbfc\uad6d"], "city": "\uc11c\uc6b8\ud2b9\ubcc4\uc2dc", "lng": 126.94122791290283, "cc": "KR", "country": "\ub300\ud55c\ubbfc\uad6d", "neighborhood": "\ub178\ub7c9\uc9c4\ub3d9", "lat": 37.51512990949209, "address": "\ub3d9\uc791\uad6c \ub178\ub4e4\ub85c 688", "labeledLatLngs": [{"label": "display", "lat": 37.51512990949209, "lng": 126.94122791290283}], "postalCode": "06900"}, "categories": [{"icon": {"prefix": "https://ss3.4sqi.net/img/categories_v2/shops/food_fishmarket_", "suffix": ".png"}, "name": "Fish Market", "id": "4bf58dd8d48988d10e951735", "pluralName": "Fish Markets", "primary": true, "shortName": "Fish Market"}], "verified": false, "contact": {}, "allowMenuUrlEdit": true, "stats": {"tipCount": 101, "usersCount": 7377, "checkinsCount": 11125}, "id": "4c04c33f39d476b07ee631a7", "name": "(\uad6c) \ub178\ub7c9\uc9c4\uc218\uc0b0\uc2dc\uc7a5 (\ub178\ub7c9\uc9c4\uc218\uc0b0\uc2dc\uc7a5)", "beenHere": {"lastCheckinExpiredAt": 0}}, "suffix": "/3852163_p2phciCl9l8KR_xNdBtytfsPQqLsUmKDS6tYulVz1Us.jpg", "visibility": "public"}, {"height": 959, "source": {"url": "https://foursquare.com/download/#/iphone", "name": "Foursquare for iOS"}, "width": 717, "prefix": "https://igx.4sqi.net/img/general/", "createdAt": 1360905634, "id": "511dc5a2e4b0659902c60f08", "venue": {"like": false, "location": {"cc": "SG", "country": "Singapore", "lat": 1.2653162367279862, "lng": 103.81957418799806, "labeledLatLngs": [{"label": "display", "lat": 1.2653162367279862, "lng": 103.81957418799806}], "formattedAddress": ["Singapore"]}, "categories": [{"icon": {"prefix": "https://ss3.4sqi.net/img/categories_v2/arts_entertainment/racetrack_", "suffix": ".png"}, "name": "Racetrack", "id": "4bf58dd8d48988d1f4931735", "pluralName": "Racetracks", "primary": true, "shortName": "Racetrack"}], "verified": false, "contact": {}, "allowMenuUrlEdit": true, "stats": {"tipCount": 0, "usersCount": 147, "checkinsCount": 555}, "id": "4d70cf2f9afdb60c75173852", "name": "Canon Imaging Academy", "beenHere": {"lastCheckinExpiredAt": 0}}, "suffix": "/3852163_3xMg291EHy6zddAIyq2zh7besly6wAqzo-KN7yTffpM.jpg", "visibility": "public"}, {"height": 717, "source": {"url": "https://foursquare.com/download/#/iphone", "name": "Foursquare for iOS"}, "width": 959, "prefix": "https://igx.4sqi.net/img/general/", "createdAt": 1359536800, "id": "5108e2a0e4b0ab63cdd6eeae", "venue": {"like": false, "location": {"formattedAddress": ["#02-48, Wisma Atria (435 Orchard Rd)", "239977", "Singapore"], "city": "Singapore", "lng": 103.83342022001182, "cc": "SG", "country": "Singapore", "crossStreet": "435 Orchard Rd", "lat": 1.3038726352880161, "address": "#02-48, Wisma Atria", "labeledLatLngs": [{"label": "display", "lat": 1.3038726352880161, "lng": 103.83342022001182}], "postalCode": "239977"}, "categories": [{"icon": {"prefix": "https://ss3.4sqi.net/img/categories_v2/food/cafe_", "suffix": ".png"}, "name": "Caf\u00e9", "id": "4bf58dd8d48988d16d941735", "pluralName": "Caf\u00e9s", "primary": true, "shortName": "Caf\u00e9"}], "verified": false, "contact": {"formattedPhone": "+65 6836 2010", "phone": "+6568362010"}, "allowMenuUrlEdit": true, "stats": {"tipCount": 86, "usersCount": 5596, "checkinsCount": 8511}, "id": "50488ef0e4b0424d59059f9c", "name": "Paris Baguette Caf\u00e9", "beenHere": {"lastCheckinExpiredAt": 0}}, "suffix": "/3852163_gIij6AmhotjEyXuYDk3uyPEQmARFNGcutcXarPbWulE.jpg", "visibility": "public"}, {"height": 717, "source": {"url": "https://foursquare.com/download/#/iphone", "name": "Foursquare for iOS"}, "width": 959, "prefix": "https://igx.4sqi.net/img/general/", "createdAt": 1356846263, "id": "50dfd4b7e4b019f63f12b838", "venue": {"like": false, "location": {"formattedAddress": ["#04-06, Bugis+ (201 Victoria Street)", "188067", "Singapore"], "city": "Singapore", "lng": 103.8547184704059, "cc": "SG", "country": "Singapore", "crossStreet": "201 Victoria Street", "lat": 1.299556003152368, "address": "#04-06, Bugis+", "labeledLatLngs": [{"label": "display", "lat": 1.299556003152368, "lng": 103.8547184704059}], "postalCode": "188067"}, "categories": [{"icon": {"prefix": "https://ss3.4sqi.net/img/categories_v2/food/japanese_", "suffix": ".png"}, "name": "Japanese Restaurant", "id": "4bf58dd8d48988d111941735", "pluralName": "Japanese Restaurants", "primary": true, "shortName": "Japanese"}], "verified": false, "contact": {}, "allowMenuUrlEdit": true, "stats": {"tipCount": 19, "usersCount": 1187, "checkinsCount": 1470}, "id": "5077bb5ee4b021c550653c92", "name": "Rocku Japanese Charcoal Grill", "beenHere": {"lastCheckinExpiredAt": 0}}, "suffix": "/3852163_nA_53iPbWKmmp_FyGU0qcE0s-WriK67AU9ZpRAFOMHQ.jpg", "visibility": "public"}, {"height": 537, "source": {"url": "https://foursquare.com/download/#/iphone", "name": "Foursquare for iOS"}, "width": 720, "prefix": "https://igx.4sqi.net/img/general/", "createdAt": 1353726465, "id": "50b03a01e4b0823457292f05", "venue": {"like": false, "location": {"city": "Singapore", "lng": 103.84194591289787, "cc": "SG", "country": "Singapore", "crossStreet": "21 Ocean Way", "lat": 1.2461301280880035, "address": "W Singapore", "labeledLatLngs": [{"label": "display", "lat": 1.2461301280880035, "lng": 103.84194591289787}], "formattedAddress": ["W Singapore (21 Ocean Way)", "Singapore"]}, "categories": [{"icon": {"prefix": "https://ss3.4sqi.net/img/categories_v2/food/diner_", "suffix": ".png"}, "name": "Diner", "id": "4bf58dd8d48988d147941735", "pluralName": "Diners", "primary": true, "shortName": "Diner"}], "verified": false, "contact": {"formattedPhone": "+65 6808 7288", "phone": "+6568087288"}, "allowMenuUrlEdit": true, "stats": {"tipCount": 25, "usersCount": 690, "checkinsCount": 992}, "id": "506b971ae4b089934d3010fd", "name": "The Kitchen Table", "beenHere": {"lastCheckinExpiredAt": 0}}, "suffix": "/3852163_9MLHjRFdxj6F84M5N0PsjPiy3pjUrJeOOlGlH3wkh6M.jpg", "visibility": "public"}, {"height": 537, "source": {"url": "https://foursquare.com/download/#/iphone", "name": "Foursquare for iOS"}, "width": 720, "prefix": "https://igx.4sqi.net/img/general/", "createdAt": 1353686042, "id": "50af9c1ae4b0aafa2125f938", "venue": {"location": {"formattedAddress": ["21 Ocean Way", "098374", "Singapore"], "city": "Singapore", "lng": 103.8423393666676, "cc": "SG", "country": "Singapore", "lat": 1.2462983086151025, "address": "21 Ocean Way", "labeledLatLngs": [{"label": "display", "lat": 1.2462983086151025, "lng": 103.8423393666676}], "postalCode": "098374"}, "contact": {"twitter": "w_singapore", "facebookName": "W Singapore Sentosa Cove", "formattedPhone": "+65 6808 7288", "phone": "+6568087288", "facebookUsername": "wsingaporesentosacove", "facebook": "306059386094892"}, "verified": true, "allowMenuUrlEdit": true, "stats": {"tipCount": 54, "usersCount": 4190, "checkinsCount": 8088}, "id": "4f609075e4b00e918ebbac40", "storeId": "3462", "url": "http://wsingaporesentosacove.com", "like": false, "categories": [{"icon": {"prefix": "https://ss3.4sqi.net/img/categories_v2/travel/hotel_", "suffix": ".png"}, "name": "Hotel", "id": "4bf58dd8d48988d1fa931735", "pluralName": "Hotels", "primary": true, "shortName": "Hotel"}], "beenHere": {"lastCheckinExpiredAt": 0}, "name": "W Singapore"}, "suffix": "/3852163_Uf2OzX2NtcZbLkTS_aEC2YrlcfrOJ7ZIBmmaRQn0Ea8.jpg", "visibility": "public"}, {"height": 537, "source": {"url": "https://foursquare.com/download/#/iphone", "name": "Foursquare for iOS"}, "width": 720, "prefix": "https://igx.4sqi.net/img/general/", "createdAt": 1353657388, "id": "50af2c2ce4b04c937ac0b393", "venue": {"location": {"formattedAddress": ["21 Ocean Way", "098374", "Singapore"], "city": "Singapore", "lng": 103.8423393666676, "cc": "SG", "country": "Singapore", "lat": 1.2462983086151025, "address": "21 Ocean Way", "labeledLatLngs": [{"label": "display", "lat": 1.2462983086151025, "lng": 103.8423393666676}], "postalCode": "098374"}, "contact": {"twitter": "w_singapore", "facebookName": "W Singapore Sentosa Cove", "formattedPhone": "+65 6808 7288", "phone": "+6568087288", "facebookUsername": "wsingaporesentosacove", "facebook": "306059386094892"}, "verified": true, "allowMenuUrlEdit": true, "stats": {"tipCount": 54, "usersCount": 4190, "checkinsCount": 8088}, "id": "4f609075e4b00e918ebbac40", "storeId": "3462", "url": "http://wsingaporesentosacove.com", "like": false, "categories": [{"icon": {"prefix": "https://ss3.4sqi.net/img/categories_v2/travel/hotel_", "suffix": ".png"}, "name": "Hotel", "id": "4bf58dd8d48988d1fa931735", "pluralName": "Hotels", "primary": true, "shortName": "Hotel"}], "beenHere": {"lastCheckinExpiredAt": 0}, "name": "W Singapore"}, "suffix": "/3852163_1hEif797jW6UJquSJ_b9m5EXT30DJ4WMKnE4tgP9aRQ.jpg", "visibility": "public"}, {"height": 537, "source": {"url": "https://foursquare.com/download/#/iphone", "name": "Foursquare for iOS"}, "width": 720, "prefix": "https://igx.4sqi.net/img/general/", "createdAt": 1342868491, "id": "500a8c0be4b0715bfc5206c2", "venue": {"url": "http://www.ippudo.com.sg", "like": false, "location": {"formattedAddress": ["#04-02/03/04 Mandarin Gallery (333A Orchard Rd)", "238867", "Singapore"], "city": "Singapore", "lng": 103.83691308518367, "cc": "SG", "country": "Singapore", "crossStreet": "333A Orchard Rd", "lat": 1.3020449351449799, "address": "#04-02/03/04 Mandarin Gallery", "labeledLatLngs": [{"label": "display", "lat": 1.3020449351449799, "lng": 103.83691308518367}], "postalCode": "238867"}, "categories": [{"icon": {"prefix": "https://ss3.4sqi.net/img/categories_v2/food/ramen_", "suffix": ".png"}, "name": "Ramen Restaurant", "id": "55a59bace4b013909087cb24", "pluralName": "Ramen Restaurants", "primary": true, "shortName": "Ramen"}], "verified": false, "contact": {"twitter": "ippudosg", "facebookName": "Ippudo SG", "formattedPhone": "+65 6235 2797", "phone": "+6562352797", "facebookUsername": "ippudosg", "facebook": "104217219651756"}, "allowMenuUrlEdit": true, "stats": {"tipCount": 204, "usersCount": 11386, "checkinsCount": 19002}, "id": "4c160cf377cea5934602d360", "name": "Ippudo (\u4e00\u98a8\u5802)", "beenHere": {"lastCheckinExpiredAt": 0}}, "suffix": "/6q4T5bAQGhZrZO2yHvyqxSWNjSC_2pD_oWTlVXzR6n0.jpg", "visibility": "public"}, {"height": 537, "source": {"url": "https://foursquare.com/download/#/iphone", "name": "Foursquare for iOS"}, "width": 720, "prefix": "https://igx.4sqi.net/img/general/", "createdAt": 1339325865, "id": "4fd47da9e4b00a164359c29b", "venue": {"closed": true, "like": false, "location": {"formattedAddress": ["3 Temasek Boulevard #B1-40/41/42 (Suntec City)", "038983", "Singapore"], "city": "Singapore", "lng": 103.8588913257123, "cc": "SG", "country": "Singapore", "lat": 1.2946490352093236, "address": "3 Temasek Boulevard #B1-40/41/42", "crossStreet": "Suntec City", "postalCode": "038983"}, "categories": [{"icon": {"prefix": "https://ss3.4sqi.net/img/categories_v2/food/japanese_", "suffix": ".png"}, "name": "Japanese Restaurant", "id": "4bf58dd8d48988d111941735", "pluralName": "Japanese Restaurants", "primary": true, "shortName": "Japanese"}], "verified": false, "contact": {}, "allowMenuUrlEdit": true, "stats": {"tipCount": 8, "usersCount": 916, "checkinsCount": 1090}, "id": "4b51a6ecf964a520bb5127e3", "name": "MOF \u306e My Izakaya, Japanese Casual Resturant & Cafe", "beenHere": {"lastCheckinExpiredAt": 0}}, "suffix": "/hYobLumAVHpn6EOo8LMtKJFHCBcoGnUoUTr7hST9s9M.jpg", "visibility": "public"}, {"height": 720, "source": {"url": "https://foursquare.com/download/#/iphone", "name": "Foursquare for iOS"}, "width": 537, "prefix": "https://igx.4sqi.net/img/general/", "createdAt": 1336372908, "id": "4fa76eace4b0862c7671e3d8", "venue": {"like": false, "location": {"cc": "SG", "country": "Singapore", "lat": 1.2653162367279862, "lng": 103.81957418799806, "labeledLatLngs": [{"label": "display", "lat": 1.2653162367279862, "lng": 103.81957418799806}], "formattedAddress": ["Singapore"]}, "categories": [{"icon": {"prefix": "https://ss3.4sqi.net/img/categories_v2/arts_entertainment/racetrack_", "suffix": ".png"}, "name": "Racetrack", "id": "4bf58dd8d48988d1f4931735", "pluralName": "Racetracks", "primary": true, "shortName": "Racetrack"}], "verified": false, "contact": {}, "allowMenuUrlEdit": true, "stats": {"tipCount": 0, "usersCount": 147, "checkinsCount": 555}, "id": "4d70cf2f9afdb60c75173852", "name": "Canon Imaging Academy", "beenHere": {"lastCheckinExpiredAt": 0}}, "suffix": "/UGAQ3cWwCvolDxNlsoggAp2WsjNnPK6Ko2hp-h9kw2I.jpg", "visibility": "public"}, {"height": 720, "source": {"url": "https://foursquare.com/download/#/iphone", "name": "Foursquare for iOS"}, "width": 537, "prefix": "https://igx.4sqi.net/img/general/", "createdAt": 1335882730, "id": "4f9ff3eae4b0603d522d65f4", "venue": {"url": "http://www.cathaycineplexes.com.sg", "like": false, "location": {"formattedAddress": ["Levels 4, 5 & 6, Cineleisure Orchard (8 Grange Rd)", "239695", "Singapore"], "city": "Singapore", "lng": 103.8367092850691, "cc": "SG", "country": "Singapore", "lat": 1.3014166395917826, "address": "Levels 4, 5 & 6, Cineleisure Orchard", "crossStreet": "8 Grange Rd", "postalCode": "239695"}, "categories": [{"icon": {"prefix": "https://ss3.4sqi.net/img/categories_v2/arts_entertainment/movietheater_", "suffix": ".png"}, "name": "Multiplex", "id": "4bf58dd8d48988d180941735", "pluralName": "Multiplexes", "primary": true, "shortName": "Cineplex"}], "verified": false, "contact": {"formattedPhone": "+65 6235 1155", "twitter": "cathaycineplex", "phone": "+6562351155"}, "allowMenuUrlEdit": true, "stats": {"tipCount": 154, "usersCount": 37893, "checkinsCount": 110213}, "id": "4b0a71d7f964a5201a2423e3", "name": "Cathay Cineplex", "beenHere": {"lastCheckinExpiredAt": 0}}, "suffix": "/uTGRpYq5bSw2hddEhCqCdb7Ghr0I2MldmArZ0FWNUW0.jpg", "visibility": "public"}, {"height": 720, "source": {"url": "https://foursquare.com/download/#/iphone", "name": "Foursquare for iOS"}, "width": 537, "prefix": "https://igx.4sqi.net/img/general/", "createdAt": 1331787144, "id": "4f617588e4b0a20e1dd9e54e", "venue": {"closed": true, "like": false, "location": {"country": "Singapore", "lat": 1.293378, "lng": 103.85599, "formattedAddress": ["Singapore"], "cc": "SG"}, "categories": [{"icon": {"prefix": "https://ss3.4sqi.net/img/categories_v2/food/streetfood_", "suffix": ".png"}, "name": "Food Truck", "id": "4bf58dd8d48988d1cb941735", "pluralName": "Food Trucks", "primary": true, "shortName": "Food Truck"}], "verified": false, "contact": {}, "allowMenuUrlEdit": true, "stats": {"tipCount": 0, "usersCount": 35, "checkinsCount": 40}, "id": "4f617573e4b024e6f70920a2", "name": "Suntec @ Food Fair 2012", "beenHere": {"lastCheckinExpiredAt": 0}}, "suffix": "/-wCJM5n1GN4C2c3_DYKHMhRkplZ6LrHRoOQRfPvexNw.jpg", "visibility": "public"}, {"height": 720, "source": {"url": "https://foursquare.com/download/#/iphone", "name": "Foursquare for iOS"}, "width": 537, "prefix": "https://igx.4sqi.net/img/general/", "createdAt": 1329915529, "id": "4f44e689e4b0ea314b70a5c5", "venue": {"venueRatingBlacklisted": true, "like": false, "location": {"isFuzzed": true, "cc": "SG", "country": "Singapore", "lat": 1.3781967870715954, "lng": 103.82742255204533, "formattedAddress": ["Singapore"]}, "categories": [{"icon": {"prefix": "https://ss3.4sqi.net/img/categories_v2/building/home_", "suffix": ".png"}, "name": "Home (private)", "id": "4bf58dd8d48988d103941735", "pluralName": "Homes (private)", "primary": true, "shortName": "Home"}], "verified": false, "contact": {}, "beenHere": {"lastCheckinExpiredAt": 0}, "stats": {"tipCount": 0, "usersCount": 1, "checkinsCount": 21}, "id": "4e734bbd45dd41e9ccdc1a62", "name": "Boyf crib!"}, "suffix": "/s6KfE4UTemnXIrnwDnkFR_cUJlI_8xCvZPDzVoLWj4o.jpg", "visibility": "public"}, {"height": 720, "source": {"url": "https://foursquare.com/download/#/iphone", "name": "Foursquare for iOS"}, "width": 537, "prefix": "https://igx.4sqi.net/img/general/", "createdAt": 1329209693, "id": "4f3a215de4b053d3101d62b9", "venue": {"url": "http://www.ippudo.com.sg", "like": false, "location": {"formattedAddress": ["#04-02/03/04 Mandarin Gallery (333A Orchard Rd)", "238867", "Singapore"], "city": "Singapore", "lng": 103.83691308518367, "cc": "SG", "country": "Singapore", "crossStreet": "333A Orchard Rd", "lat": 1.3020449351449799, "address": "#04-02/03/04 Mandarin Gallery", "labeledLatLngs": [{"label": "display", "lat": 1.3020449351449799, "lng": 103.83691308518367}], "postalCode": "238867"}, "categories": [{"icon": {"prefix": "https://ss3.4sqi.net/img/categories_v2/food/ramen_", "suffix": ".png"}, "name": "Ramen Restaurant", "id": "55a59bace4b013909087cb24", "pluralName": "Ramen Restaurants", "primary": true, "shortName": "Ramen"}], "verified": false, "contact": {"twitter": "ippudosg", "facebookName": "Ippudo SG", "formattedPhone": "+65 6235 2797", "phone": "+6562352797", "facebookUsername": "ippudosg", "facebook": "104217219651756"}, "allowMenuUrlEdit": true, "stats": {"tipCount": 204, "usersCount": 11386, "checkinsCount": 19002}, "id": "4c160cf377cea5934602d360", "name": "Ippudo (\u4e00\u98a8\u5802)", "beenHere": {"lastCheckinExpiredAt": 0}}, "suffix": "/zitKHSY4UXlM3630_2DhSHabYxzIhdjNhLyRDXmiQEU.jpg", "visibility": "public"}, {"height": 720, "source": {"url": "https://foursquare.com/download/#/iphone", "name": "Foursquare for iOS"}, "width": 537, "prefix": "https://igx.4sqi.net/img/general/", "createdAt": 1319716196, "id": "4ea94564b8f7d2a521cbff49", "venue": {"like": false, "location": {"formattedAddress": ["16 Circular Rd.", "049372", "Singapore"], "city": "Singapore", "lng": 103.84881893959376, "cc": "SG", "country": "Singapore", "lat": 1.2874923302676988, "address": "16 Circular Rd.", "labeledLatLngs": [{"label": "display", "lat": 1.2874923302676988, "lng": 103.84881893959376}], "postalCode": "049372"}, "categories": [{"icon": {"prefix": "https://ss3.4sqi.net/img/categories_v2/food/thai_", "suffix": ".png"}, "name": "Thai Restaurant", "id": "4bf58dd8d48988d149941735", "pluralName": "Thai Restaurants", "primary": true, "shortName": "Thai"}], "verified": false, "contact": {"formattedPhone": "+65 6536 1646", "phone": "+6565361646", "facebookName": "Tom Yum Kungfu", "facebook": "121731524552605"}, "allowMenuUrlEdit": true, "stats": {"tipCount": 35, "usersCount": 2096, "checkinsCount": 3819}, "id": "4c517cf73940be9afa2dee08", "name": "Tom Yum Kungfu", "beenHere": {"lastCheckinExpiredAt": 0}}, "suffix": "/QWESXMK0DN43FGTR052KRHRSIFBTNPBA5YQSZUZTKXOLBKMR.jpg", "visibility": "public"}], "count": 15}, "totalCount": 15}}