{"meta": {"code": 200, "requestId": "595aeb1a4c1f67703ab8fd75"}, "notifications": [{"item": {"unreadCount": 0}, "type": "notificationTray"}], "response": {"photos": {"items": [{"height": 537, "source": {"url": "https://foursquare.com/download/#/iphone", "name": "Foursquare for iOS"}, "width": 720, "prefix": "https://igx.4sqi.net/img/general/", "createdAt": 1314232788, "id": "4e5599d4b993506dfe31905c", "venue": {"venueRatingBlacklisted": true, "like": false, "location": {"city": "Singapore", "state": "Blk 320 hougang avenue 5", "isFuzzed": true, "cc": "SG", "country": "Singapore", "lat": 1.3684075689779307, "lng": 103.8969993116564, "formattedAddress": ["Blk 320 hougang avenue 5", "S(530320)", "Singapore"]}, "categories": [{"icon": {"prefix": "https://ss3.4sqi.net/img/categories_v2/building/home_", "suffix": ".png"}, "name": "Home (private)", "id": "4bf58dd8d48988d103941735", "pluralName": "Homes (private)", "primary": true, "shortName": "Home"}], "verified": false, "contact": {}, "beenHere": {"lastCheckinExpiredAt": 0}, "stats": {"tipCount": 3, "usersCount": 3, "checkinsCount": 171}, "id": "4db9c64efa8c2e303f141373", "name": "\u300e \u674e \u5e9c \u300f"}, "suffix": "/RACDEZUGPWNXG0LY3OBCIVK050K03MO5ALR2WU5SBUDQIUW3.jpg", "visibility": "public"}, {"height": 720, "source": {"url": "https://foursquare.com/download/#/iphone", "name": "Foursquare for iOS"}, "width": 537, "prefix": "https://igx.4sqi.net/img/general/", "createdAt": 1311638421, "id": "4e2e03958877341a5144ba60", "venue": {"venueRatingBlacklisted": true, "like": false, "location": {"city": "Singapore", "cc": "SG", "country": "Singapore", "lat": 1.33143, "lng": 103.89513, "labeledLatLngs": [{"label": "display", "lat": 1.33143, "lng": 103.89513}], "formattedAddress": ["Singapore"]}, "categories": [{"icon": {"prefix": "https://ss3.4sqi.net/img/categories_v2/building/default_", "suffix": ".png"}, "name": "Office", "id": "4bf58dd8d48988d124941735", "pluralName": "Offices", "primary": true, "shortName": "Office"}], "verified": false, "contact": {}, "beenHere": {"lastCheckinExpiredAt": 0}, "stats": {"tipCount": 0, "usersCount": 1, "checkinsCount": 15}, "id": "4e0c3f327d8bfe35bbbff5c8", "name": "Aspectus Engineering Services"}, "suffix": "/IGTVHWR5YEFU4BCZ4XEE4KQBKR4FLTUHOZ5XQPTNH1ZYQAOQ.jpg", "visibility": "public"}, {"height": 720, "source": {"url": "https://foursquare.com/download/#/iphone", "name": "Foursquare for iOS"}, "width": 537, "prefix": "https://igx.4sqi.net/img/general/", "createdAt": 1309604475, "id": "4e0efa7bae603a50b547e91d", "venue": {"venueRatingBlacklisted": true, "like": false, "location": {"cc": "SG", "country": "Singapore", "lat": 1.3722907586482684, "lng": 103.88906836509705, "labeledLatLngs": [{"label": "display", "lat": 1.3722907586482684, "lng": 103.88906836509705}], "formattedAddress": ["Singapore"]}, "categories": [{"icon": {"prefix": "https://ss3.4sqi.net/img/categories_v2/building/religious_temple_", "suffix": ".png"}, "name": "Temple", "id": "4bf58dd8d48988d13a941735", "pluralName": "Temples", "primary": true, "shortName": "Temple"}], "verified": false, "contact": {}, "beenHere": {"lastCheckinExpiredAt": 0}, "stats": {"tipCount": 2, "usersCount": 25, "checkinsCount": 159}, "id": "4cd01c1a6200b1f78936d228", "name": "\u8208\u5c71\u6bbf"}, "suffix": "/O5H2KMFS4OKSW543YDJDZFP1EOAQGOIK1IZVJTUDMC1PWMQY.jpg", "visibility": "public"}, {"height": 719, "source": {"url": "https://foursquare.com/download/#/iphone", "name": "Foursquare for iOS"}, "tip": {"agreeCount": 0, "canonicalUrl": "https://foursquare.com/item/4e0637be2271dfa46ba7915f", "todo": {"count": 0}, "logView": true, "disagreeCount": 0, "createdAt": 1309030334, "id": "4e0637be2271dfa46ba7915f", "text": "Do not disturb !", "likes": {"groups": [{"items": [], "count": 2, "type": "others"}], "count": 2, "summary": "2 likes"}, "like": false, "type": "user"}, "width": 404, "prefix": "https://igx.4sqi.net/img/general/", "createdAt": 1309030339, "id": "4e0637c340a3786af70b5d7c", "venue": {"venueRatingBlacklisted": true, "like": false, "location": {"city": "Singapore", "state": "Blk 320 hougang avenue 5", "isFuzzed": true, "cc": "SG", "country": "Singapore", "lat": 1.3684075689779307, "lng": 103.8969993116564, "formattedAddress": ["Blk 320 hougang avenue 5", "S(530320)", "Singapore"]}, "categories": [{"icon": {"prefix": "https://ss3.4sqi.net/img/categories_v2/building/home_", "suffix": ".png"}, "name": "Home (private)", "id": "4bf58dd8d48988d103941735", "pluralName": "Homes (private)", "primary": true, "shortName": "Home"}], "verified": false, "contact": {}, "beenHere": {"lastCheckinExpiredAt": 0}, "stats": {"tipCount": 3, "usersCount": 3, "checkinsCount": 171}, "id": "4db9c64efa8c2e303f141373", "name": "\u300e \u674e \u5e9c \u300f"}, "suffix": "/Y3QTLNA03QGNYBRPZK5Y2RMKCMX4TKEZFYOA3SFGK4B2C0PA.jpg", "visibility": "public"}, {"height": 719, "source": {"url": "https://foursquare.com/download/#/iphone", "name": "Foursquare for iOS"}, "width": 404, "prefix": "https://igx.4sqi.net/img/general/", "createdAt": 1309030266, "id": "4e06377aa12d09aa881968c9", "venue": {"venueRatingBlacklisted": true, "like": false, "location": {"city": "Singapore", "state": "Blk 320 hougang avenue 5", "isFuzzed": true, "cc": "SG", "country": "Singapore", "lat": 1.3684075689779307, "lng": 103.8969993116564, "formattedAddress": ["Blk 320 hougang avenue 5", "S(530320)", "Singapore"]}, "categories": [{"icon": {"prefix": "https://ss3.4sqi.net/img/categories_v2/building/home_", "suffix": ".png"}, "name": "Home (private)", "id": "4bf58dd8d48988d103941735", "pluralName": "Homes (private)", "primary": true, "shortName": "Home"}], "verified": false, "contact": {}, "beenHere": {"lastCheckinExpiredAt": 0}, "stats": {"tipCount": 3, "usersCount": 3, "checkinsCount": 171}, "id": "4db9c64efa8c2e303f141373", "name": "\u300e \u674e \u5e9c \u300f"}, "suffix": "/XVKDS0YQOIXQNZNG5HXR5FYX5DSTFSNK31GHUO5DMX12OFFI.jpg", "visibility": "public"}, {"height": 719, "source": {"url": "https://foursquare.com/download/#/iphone", "name": "Foursquare for iOS"}, "width": 404, "prefix": "https://igx.4sqi.net/img/general/", "createdAt": 1309030237, "id": "4e06375dfd282d90dde3de1b", "venue": {"venueRatingBlacklisted": true, "like": false, "location": {"city": "Singapore", "state": "Blk 320 hougang avenue 5", "isFuzzed": true, "cc": "SG", "country": "Singapore", "lat": 1.3684075689779307, "lng": 103.8969993116564, "formattedAddress": ["Blk 320 hougang avenue 5", "S(530320)", "Singapore"]}, "categories": [{"icon": {"prefix": "https://ss3.4sqi.net/img/categories_v2/building/home_", "suffix": ".png"}, "name": "Home (private)", "id": "4bf58dd8d48988d103941735", "pluralName": "Homes (private)", "primary": true, "shortName": "Home"}], "verified": false, "contact": {}, "beenHere": {"lastCheckinExpiredAt": 0}, "stats": {"tipCount": 3, "usersCount": 3, "checkinsCount": 171}, "id": "4db9c64efa8c2e303f141373", "name": "\u300e \u674e \u5e9c \u300f"}, "suffix": "/TORSO3V3DJ2ACVARJKI035P4HZK22G0EZR0H1FI1VYLQJKGY.jpg", "visibility": "public"}, {"height": 719, "source": {"url": "https://foursquare.com/download/#/iphone", "name": "Foursquare for iOS"}, "width": 404, "prefix": "https://igx.4sqi.net/img/general/", "createdAt": 1309030231, "id": "4e06375740a3786af70b5d46", "venue": {"venueRatingBlacklisted": true, "like": false, "location": {"city": "Singapore", "state": "Blk 320 hougang avenue 5", "isFuzzed": true, "cc": "SG", "country": "Singapore", "lat": 1.3684075689779307, "lng": 103.8969993116564, "formattedAddress": ["Blk 320 hougang avenue 5", "S(530320)", "Singapore"]}, "categories": [{"icon": {"prefix": "https://ss3.4sqi.net/img/categories_v2/building/home_", "suffix": ".png"}, "name": "Home (private)", "id": "4bf58dd8d48988d103941735", "pluralName": "Homes (private)", "primary": true, "shortName": "Home"}], "verified": false, "contact": {}, "beenHere": {"lastCheckinExpiredAt": 0}, "stats": {"tipCount": 3, "usersCount": 3, "checkinsCount": 171}, "id": "4db9c64efa8c2e303f141373", "name": "\u300e \u674e \u5e9c \u300f"}, "suffix": "/XVKDS0YQOIXQNZNG5HXR5FYX5DSTFSNK31GHUO5DMX12OFFI.jpg", "visibility": "public"}, {"height": 719, "source": {"url": "https://foursquare.com/download/#/iphone", "name": "Foursquare for iOS"}, "width": 404, "prefix": "https://igx.4sqi.net/img/general/", "createdAt": 1309030222, "id": "4e06374e40a3786af70b5d42", "venue": {"venueRatingBlacklisted": true, "like": false, "location": {"city": "Singapore", "state": "Blk 320 hougang avenue 5", "isFuzzed": true, "cc": "SG", "country": "Singapore", "lat": 1.3684075689779307, "lng": 103.8969993116564, "formattedAddress": ["Blk 320 hougang avenue 5", "S(530320)", "Singapore"]}, "categories": [{"icon": {"prefix": "https://ss3.4sqi.net/img/categories_v2/building/home_", "suffix": ".png"}, "name": "Home (private)", "id": "4bf58dd8d48988d103941735", "pluralName": "Homes (private)", "primary": true, "shortName": "Home"}], "verified": false, "contact": {}, "beenHere": {"lastCheckinExpiredAt": 0}, "stats": {"tipCount": 3, "usersCount": 3, "checkinsCount": 171}, "id": "4db9c64efa8c2e303f141373", "name": "\u300e \u674e \u5e9c \u300f"}, "suffix": "/QY4NFIJ0H4RHNDQPHN44GWUIKNCEPN3EZQAZD3KYCJCCUVYE.jpg", "visibility": "public"}, {"height": 404, "source": {"url": "https://foursquare.com/download/#/iphone", "name": "Foursquare for iOS"}, "width": 719, "prefix": "https://igx.4sqi.net/img/general/", "createdAt": 1308768971, "id": "4e023acba12db11295583c48", "venue": {"venueRatingBlacklisted": true, "like": false, "location": {"city": "Singapore", "isFuzzed": true, "cc": "SG", "country": "Singapore", "lat": 1.3308565197547018, "lng": 103.908598888594, "formattedAddress": ["470116", "Singapore"]}, "categories": [{"icon": {"prefix": "https://ss3.4sqi.net/img/categories_v2/building/home_", "suffix": ".png"}, "name": "Home (private)", "id": "4bf58dd8d48988d103941735", "pluralName": "Homes (private)", "primary": true, "shortName": "Home"}], "verified": false, "contact": {}, "beenHere": {"lastCheckinExpiredAt": 0}, "stats": {"tipCount": 0, "usersCount": 2, "checkinsCount": 51}, "id": "4d9f6a3f53af236a09a66f0c", "name": "FeliciaKoo's Home"}, "suffix": "/VG135XUJPQMLYRXV2HJ2UNZUH1ZNAAR0C0S2CISDGRAQJ3B5.jpg", "visibility": "public"}, {"height": 720, "source": {"url": "https://foursquare.com/download/#/iphone", "name": "Foursquare for iOS"}, "width": 480, "prefix": "https://igx.4sqi.net/img/general/", "createdAt": 1308238887, "id": "4dfa2427a12db1da36bb5e65", "venue": {"venueRatingBlacklisted": true, "like": false, "location": {"city": "Singapore", "state": "Blk 320 hougang avenue 5", "isFuzzed": true, "cc": "SG", "country": "Singapore", "lat": 1.3684075689779307, "lng": 103.8969993116564, "formattedAddress": ["Blk 320 hougang avenue 5", "S(530320)", "Singapore"]}, "categories": [{"icon": {"prefix": "https://ss3.4sqi.net/img/categories_v2/building/home_", "suffix": ".png"}, "name": "Home (private)", "id": "4bf58dd8d48988d103941735", "pluralName": "Homes (private)", "primary": true, "shortName": "Home"}], "verified": false, "contact": {}, "beenHere": {"lastCheckinExpiredAt": 0}, "stats": {"tipCount": 3, "usersCount": 3, "checkinsCount": 171}, "id": "4db9c64efa8c2e303f141373", "name": "\u300e \u674e \u5e9c \u300f"}, "suffix": "/KQQOITAHXS3K0LZX3BSX34STVDIRN0BORKVK30UHCDEGI3QX.jpg", "visibility": "public"}, {"height": 720, "source": {"url": "https://foursquare.com/download/#/iphone", "name": "Foursquare for iOS"}, "width": 537, "prefix": "https://igx.4sqi.net/img/general/", "createdAt": 1306695627, "id": "4de297cba12d480b8d6be2a1", "venue": {"venueRatingBlacklisted": true, "like": false, "location": {"city": "Singapore", "state": "Blk 320 hougang avenue 5", "isFuzzed": true, "cc": "SG", "country": "Singapore", "lat": 1.3684075689779307, "lng": 103.8969993116564, "formattedAddress": ["Blk 320 hougang avenue 5", "S(530320)", "Singapore"]}, "categories": [{"icon": {"prefix": "https://ss3.4sqi.net/img/categories_v2/building/home_", "suffix": ".png"}, "name": "Home (private)", "id": "4bf58dd8d48988d103941735", "pluralName": "Homes (private)", "primary": true, "shortName": "Home"}], "verified": false, "contact": {}, "beenHere": {"lastCheckinExpiredAt": 0}, "stats": {"tipCount": 3, "usersCount": 3, "checkinsCount": 171}, "id": "4db9c64efa8c2e303f141373", "name": "\u300e \u674e \u5e9c \u300f"}, "suffix": "/4BZAWXEHEO1ND2WIPLEQNRBWC3WULVVHX0Q3R3M45AIRKMZO.jpg", "visibility": "public"}, {"height": 720, "source": {"url": "https://foursquare.com/download/#/iphone", "name": "Foursquare for iOS"}, "width": 537, "prefix": "https://igx.4sqi.net/img/general/", "createdAt": 1306695604, "id": "4de297b4fd28ac7b67ce232b", "venue": {"venueRatingBlacklisted": true, "like": false, "location": {"city": "Singapore", "state": "Blk 320 hougang avenue 5", "isFuzzed": true, "cc": "SG", "country": "Singapore", "lat": 1.3684075689779307, "lng": 103.8969993116564, "formattedAddress": ["Blk 320 hougang avenue 5", "S(530320)", "Singapore"]}, "categories": [{"icon": {"prefix": "https://ss3.4sqi.net/img/categories_v2/building/home_", "suffix": ".png"}, "name": "Home (private)", "id": "4bf58dd8d48988d103941735", "pluralName": "Homes (private)", "primary": true, "shortName": "Home"}], "verified": false, "contact": {}, "beenHere": {"lastCheckinExpiredAt": 0}, "stats": {"tipCount": 3, "usersCount": 3, "checkinsCount": 171}, "id": "4db9c64efa8c2e303f141373", "name": "\u300e \u674e \u5e9c \u300f"}, "suffix": "/DU2J0X1T3LK5CRBH3F0PRUIOCYCN0WSJYNIEA5VOWDME5M5U.jpg", "visibility": "public"}, {"height": 720, "source": {"url": "https://foursquare.com/download/#/iphone", "name": "Foursquare for iOS"}, "width": 537, "prefix": "https://igx.4sqi.net/img/general/", "createdAt": 1306695602, "id": "4de297b240a358ba0a59055e", "venue": {"venueRatingBlacklisted": true, "like": false, "location": {"city": "Singapore", "state": "Blk 320 hougang avenue 5", "isFuzzed": true, "cc": "SG", "country": "Singapore", "lat": 1.3684075689779307, "lng": 103.8969993116564, "formattedAddress": ["Blk 320 hougang avenue 5", "S(530320)", "Singapore"]}, "categories": [{"icon": {"prefix": "https://ss3.4sqi.net/img/categories_v2/building/home_", "suffix": ".png"}, "name": "Home (private)", "id": "4bf58dd8d48988d103941735", "pluralName": "Homes (private)", "primary": true, "shortName": "Home"}], "verified": false, "contact": {}, "beenHere": {"lastCheckinExpiredAt": 0}, "stats": {"tipCount": 3, "usersCount": 3, "checkinsCount": 171}, "id": "4db9c64efa8c2e303f141373", "name": "\u300e \u674e \u5e9c \u300f"}, "suffix": "/WDVBJOULVPKSEALVOXNP5L0N3JRHCKTV5QCYJDGTPLJVVMVN.jpg", "visibility": "public"}, {"height": 719, "source": {"url": "https://foursquare.com/download/#/iphone", "name": "Foursquare for iOS"}, "width": 404, "prefix": "https://igx.4sqi.net/img/general/", "createdAt": 1305405371, "id": "4dcee7bbfd28e64f60f41c1a", "venue": {"venueRatingBlacklisted": true, "like": false, "location": {"city": "Singapore", "state": "Blk 320 hougang avenue 5", "isFuzzed": true, "cc": "SG", "country": "Singapore", "lat": 1.3684075689779307, "lng": 103.8969993116564, "formattedAddress": ["Blk 320 hougang avenue 5", "S(530320)", "Singapore"]}, "categories": [{"icon": {"prefix": "https://ss3.4sqi.net/img/categories_v2/building/home_", "suffix": ".png"}, "name": "Home (private)", "id": "4bf58dd8d48988d103941735", "pluralName": "Homes (private)", "primary": true, "shortName": "Home"}], "verified": false, "contact": {}, "beenHere": {"lastCheckinExpiredAt": 0}, "stats": {"tipCount": 3, "usersCount": 3, "checkinsCount": 171}, "id": "4db9c64efa8c2e303f141373", "name": "\u300e \u674e \u5e9c \u300f"}, "suffix": "/1JVJCEGTEXZT4DUHGG2MG4CU4CKKKEF0MBGNGFLU3PTLQ2KB.jpg", "visibility": "public"}, {"height": 719, "source": {"url": "https://foursquare.com/download/#/iphone", "name": "Foursquare for iOS"}, "width": 404, "prefix": "https://igx.4sqi.net/img/general/", "createdAt": 1305129882, "id": "4dcab39aa12d116f89af9e2f", "venue": {"venueRatingBlacklisted": true, "like": false, "location": {"city": "Singapore", "state": "Blk 320 hougang avenue 5", "isFuzzed": true, "cc": "SG", "country": "Singapore", "lat": 1.3684075689779307, "lng": 103.8969993116564, "formattedAddress": ["Blk 320 hougang avenue 5", "S(530320)", "Singapore"]}, "categories": [{"icon": {"prefix": "https://ss3.4sqi.net/img/categories_v2/building/home_", "suffix": ".png"}, "name": "Home (private)", "id": "4bf58dd8d48988d103941735", "pluralName": "Homes (private)", "primary": true, "shortName": "Home"}], "verified": false, "contact": {}, "beenHere": {"lastCheckinExpiredAt": 0}, "stats": {"tipCount": 3, "usersCount": 3, "checkinsCount": 171}, "id": "4db9c64efa8c2e303f141373", "name": "\u300e \u674e \u5e9c \u300f"}, "suffix": "/ZKCKSFNI5EOZNKLU5RDLHMHAJX2EF4OFDT3IAJ4P3OZDB1RX.jpg", "visibility": "public"}, {"height": 537, "source": {"url": "https://foursquare.com/download/#/iphone", "name": "Foursquare for iOS"}, "width": 720, "prefix": "https://igx.4sqi.net/img/general/", "createdAt": 1304303980, "id": "4dbe196cfd285ccb6d294aef", "venue": {"venueRatingBlacklisted": true, "like": false, "location": {"city": "Singapore", "isFuzzed": true, "cc": "SG", "country": "Singapore", "lat": 1.3308565197547018, "lng": 103.908598888594, "formattedAddress": ["470116", "Singapore"]}, "categories": [{"icon": {"prefix": "https://ss3.4sqi.net/img/categories_v2/building/home_", "suffix": ".png"}, "name": "Home (private)", "id": "4bf58dd8d48988d103941735", "pluralName": "Homes (private)", "primary": true, "shortName": "Home"}], "verified": false, "contact": {}, "beenHere": {"lastCheckinExpiredAt": 0}, "stats": {"tipCount": 0, "usersCount": 2, "checkinsCount": 51}, "id": "4d9f6a3f53af236a09a66f0c", "name": "FeliciaKoo's Home"}, "suffix": "/XZUGYHSDKTNJ5FSWEOOKGJNTLQRW45QFQTU5KDELCIS423AX.jpg", "visibility": "public"}, {"height": 537, "source": {"url": "https://foursquare.com/download/#/iphone", "name": "Foursquare for iOS"}, "width": 720, "prefix": "https://igx.4sqi.net/img/general/", "createdAt": 1304303972, "id": "4dbe196440a3a7093d9bedd7", "venue": {"venueRatingBlacklisted": true, "like": false, "location": {"city": "Singapore", "isFuzzed": true, "cc": "SG", "country": "Singapore", "lat": 1.3308565197547018, "lng": 103.908598888594, "formattedAddress": ["470116", "Singapore"]}, "categories": [{"icon": {"prefix": "https://ss3.4sqi.net/img/categories_v2/building/home_", "suffix": ".png"}, "name": "Home (private)", "id": "4bf58dd8d48988d103941735", "pluralName": "Homes (private)", "primary": true, "shortName": "Home"}], "verified": false, "contact": {}, "beenHere": {"lastCheckinExpiredAt": 0}, "stats": {"tipCount": 0, "usersCount": 2, "checkinsCount": 51}, "id": "4d9f6a3f53af236a09a66f0c", "name": "FeliciaKoo's Home"}, "suffix": "/CYUADQD002MNCUHWEDBP110RYQDDCNFAW3MARWPURVXMDDEL.jpg", "visibility": "public"}, {"height": 720, "source": {"url": "https://foursquare.com/download/#/iphone", "name": "Foursquare for iOS"}, "width": 537, "prefix": "https://igx.4sqi.net/img/general/", "createdAt": 1304109874, "id": "4dbb2332a12d3624365bc340", "venue": {"venueRatingBlacklisted": true, "like": false, "location": {"city": "Singapore", "isFuzzed": true, "cc": "SG", "country": "Singapore", "lat": 1.3308565197547018, "lng": 103.908598888594, "formattedAddress": ["470116", "Singapore"]}, "categories": [{"icon": {"prefix": "https://ss3.4sqi.net/img/categories_v2/building/home_", "suffix": ".png"}, "name": "Home (private)", "id": "4bf58dd8d48988d103941735", "pluralName": "Homes (private)", "primary": true, "shortName": "Home"}], "verified": false, "contact": {}, "beenHere": {"lastCheckinExpiredAt": 0}, "stats": {"tipCount": 0, "usersCount": 2, "checkinsCount": 51}, "id": "4d9f6a3f53af236a09a66f0c", "name": "FeliciaKoo's Home"}, "suffix": "/SSAYR1IMP5L52X0NIUW0N1Q4U3CRGI5QNVTFWJGHGUIYIXVE.jpg", "visibility": "public"}, {"height": 720, "source": {"url": "https://foursquare.com/download/#/iphone", "name": "Foursquare for iOS"}, "width": 537, "prefix": "https://igx.4sqi.net/img/general/", "createdAt": 1304109863, "id": "4dbb2327a12d3624365bc33d", "venue": {"venueRatingBlacklisted": true, "like": false, "location": {"city": "Singapore", "state": "Blk 320 hougang avenue 5", "isFuzzed": true, "cc": "SG", "country": "Singapore", "lat": 1.3684075689779307, "lng": 103.8969993116564, "formattedAddress": ["Blk 320 hougang avenue 5", "S(530320)", "Singapore"]}, "categories": [{"icon": {"prefix": "https://ss3.4sqi.net/img/categories_v2/building/home_", "suffix": ".png"}, "name": "Home (private)", "id": "4bf58dd8d48988d103941735", "pluralName": "Homes (private)", "primary": true, "shortName": "Home"}], "verified": false, "contact": {}, "beenHere": {"lastCheckinExpiredAt": 0}, "stats": {"tipCount": 3, "usersCount": 3, "checkinsCount": 171}, "id": "4db9c64efa8c2e303f141373", "name": "\u300e \u674e \u5e9c \u300f"}, "suffix": "/FXFS4BSMAHPFVJYNR2QLABF3CGOGNQBME0SYUOZE32BGJYU4.jpg", "visibility": "public"}, {"height": 720, "source": {"url": "https://foursquare.com/download/#/iphone", "name": "Foursquare for iOS"}, "width": 537, "prefix": "https://igx.4sqi.net/img/general/", "createdAt": 1304109844, "id": "4dbb231440a3a7093d9ae7ca", "venue": {"venueRatingBlacklisted": true, "like": false, "location": {"city": "Singapore", "state": "Blk 320 hougang avenue 5", "isFuzzed": true, "cc": "SG", "country": "Singapore", "lat": 1.3684075689779307, "lng": 103.8969993116564, "formattedAddress": ["Blk 320 hougang avenue 5", "S(530320)", "Singapore"]}, "categories": [{"icon": {"prefix": "https://ss3.4sqi.net/img/categories_v2/building/home_", "suffix": ".png"}, "name": "Home (private)", "id": "4bf58dd8d48988d103941735", "pluralName": "Homes (private)", "primary": true, "shortName": "Home"}], "verified": false, "contact": {}, "beenHere": {"lastCheckinExpiredAt": 0}, "stats": {"tipCount": 3, "usersCount": 3, "checkinsCount": 171}, "id": "4db9c64efa8c2e303f141373", "name": "\u300e \u674e \u5e9c \u300f"}, "suffix": "/OLXIUOIYHXXQRAUMG1A0WQF0X4OL3XXDWXS5MRJESTTL14ZC.jpg", "visibility": "public"}, {"height": 720, "source": {"url": "https://foursquare.com/download/#/iphone", "name": "Foursquare for iOS"}, "width": 537, "prefix": "https://igx.4sqi.net/img/general/", "createdAt": 1304109815, "id": "4dbb22f7fd285ccb6d284478", "venue": {"venueRatingBlacklisted": true, "like": false, "location": {"city": "Singapore", "state": "Blk 320 hougang avenue 5", "isFuzzed": true, "cc": "SG", "country": "Singapore", "lat": 1.3684075689779307, "lng": 103.8969993116564, "formattedAddress": ["Blk 320 hougang avenue 5", "S(530320)", "Singapore"]}, "categories": [{"icon": {"prefix": "https://ss3.4sqi.net/img/categories_v2/building/home_", "suffix": ".png"}, "name": "Home (private)", "id": "4bf58dd8d48988d103941735", "pluralName": "Homes (private)", "primary": true, "shortName": "Home"}], "verified": false, "contact": {}, "beenHere": {"lastCheckinExpiredAt": 0}, "stats": {"tipCount": 3, "usersCount": 3, "checkinsCount": 171}, "id": "4db9c64efa8c2e303f141373", "name": "\u300e \u674e \u5e9c \u300f"}, "suffix": "/2KF5PS0JBTRQBTL5V2SVAGFS3DQD0OLDDYVB3NFFXJEW0MB1.jpg", "visibility": "public"}, {"height": 720, "source": {"url": "https://foursquare.com/download/#/iphone", "name": "Foursquare for iOS"}, "width": 480, "prefix": "https://igx.4sqi.net/img/general/", "createdAt": 1304109790, "id": "4dbb22defd285ccb6d284473", "venue": {"venueRatingBlacklisted": true, "like": false, "location": {"city": "Singapore", "state": "Blk 320 hougang avenue 5", "isFuzzed": true, "cc": "SG", "country": "Singapore", "lat": 1.3684075689779307, "lng": 103.8969993116564, "formattedAddress": ["Blk 320 hougang avenue 5", "S(530320)", "Singapore"]}, "categories": [{"icon": {"prefix": "https://ss3.4sqi.net/img/categories_v2/building/home_", "suffix": ".png"}, "name": "Home (private)", "id": "4bf58dd8d48988d103941735", "pluralName": "Homes (private)", "primary": true, "shortName": "Home"}], "verified": false, "contact": {}, "beenHere": {"lastCheckinExpiredAt": 0}, "stats": {"tipCount": 3, "usersCount": 3, "checkinsCount": 171}, "id": "4db9c64efa8c2e303f141373", "name": "\u300e \u674e \u5e9c \u300f"}, "suffix": "/LTDODDLIK3ININHVRWWALZG45PK5FRNODXFNVIL0QFGM1O41.jpg", "visibility": "public"}, {"height": 720, "source": {"url": "https://foursquare.com/download/#/iphone", "name": "Foursquare for iOS"}, "width": 537, "prefix": "https://igx.4sqi.net/img/general/", "createdAt": 1304109779, "id": "4dbb22d340a3a7093d9ae7b9", "venue": {"venueRatingBlacklisted": true, "like": false, "location": {"city": "Singapore", "state": "Blk 320 hougang avenue 5", "isFuzzed": true, "cc": "SG", "country": "Singapore", "lat": 1.3684075689779307, "lng": 103.8969993116564, "formattedAddress": ["Blk 320 hougang avenue 5", "S(530320)", "Singapore"]}, "categories": [{"icon": {"prefix": "https://ss3.4sqi.net/img/categories_v2/building/home_", "suffix": ".png"}, "name": "Home (private)", "id": "4bf58dd8d48988d103941735", "pluralName": "Homes (private)", "primary": true, "shortName": "Home"}], "verified": false, "contact": {}, "beenHere": {"lastCheckinExpiredAt": 0}, "stats": {"tipCount": 3, "usersCount": 3, "checkinsCount": 171}, "id": "4db9c64efa8c2e303f141373", "name": "\u300e \u674e \u5e9c \u300f"}, "suffix": "/PNK2ERR4WWOKUQFHPTVB5TJXWJCJGNJ3DBV5AGNIXY0GMAAG.jpg", "visibility": "public"}, {"height": 720, "source": {"url": "https://foursquare.com/download/#/iphone", "name": "Foursquare for iOS"}, "width": 540, "prefix": "https://igx.4sqi.net/img/general/", "createdAt": 1304109760, "id": "4dbb22c040a3a7093d9ae7b3", "venue": {"venueRatingBlacklisted": true, "like": false, "location": {"city": "Singapore", "state": "Blk 320 hougang avenue 5", "isFuzzed": true, "cc": "SG", "country": "Singapore", "lat": 1.3684075689779307, "lng": 103.8969993116564, "formattedAddress": ["Blk 320 hougang avenue 5", "S(530320)", "Singapore"]}, "categories": [{"icon": {"prefix": "https://ss3.4sqi.net/img/categories_v2/building/home_", "suffix": ".png"}, "name": "Home (private)", "id": "4bf58dd8d48988d103941735", "pluralName": "Homes (private)", "primary": true, "shortName": "Home"}], "verified": false, "contact": {}, "beenHere": {"lastCheckinExpiredAt": 0}, "stats": {"tipCount": 3, "usersCount": 3, "checkinsCount": 171}, "id": "4db9c64efa8c2e303f141373", "name": "\u300e \u674e \u5e9c \u300f"}, "suffix": "/3WH11ANKPWQOCVFXNJNI12QY13DGJZVOVIOYYLRDENFMEQR2.jpg", "visibility": "public"}, {"height": 708, "source": {"url": "https://foursquare.com/download/#/iphone", "name": "Foursquare for iOS"}, "width": 540, "prefix": "https://igx.4sqi.net/img/general/", "createdAt": 1303459632, "id": "4db13730fd28f0dcfa1bd034", "venue": {"venueRatingBlacklisted": true, "like": false, "location": {"state": "Spore", "isFuzzed": true, "cc": "SG", "country": "Singapore", "lat": 1.3684075689779307, "lng": 103.8969993116564, "formattedAddress": ["530320", "Singapore"]}, "categories": [{"icon": {"prefix": "https://ss3.4sqi.net/img/categories_v2/building/home_", "suffix": ".png"}, "name": "Home (private)", "id": "4bf58dd8d48988d103941735", "pluralName": "Homes (private)", "primary": true, "shortName": "Home"}], "verified": false, "contact": {}, "beenHere": {"lastCheckinExpiredAt": 0}, "stats": {"tipCount": 5, "usersCount": 5, "checkinsCount": 90}, "id": "4ccdc7102dc437044191d008", "name": "My Hm"}, "suffix": "/V1I4OOIHN2US0MDB30B1NBB0VJB0F4KB00NLQ5NC3YEY1KV2.jpg", "visibility": "public"}, {"height": 720, "source": {"url": "https://foursquare.com/download/#/iphone", "name": "Foursquare for iOS"}, "width": 537, "prefix": "https://igx.4sqi.net/img/general/", "createdAt": 1303366519, "id": "4dafcb7740a3f9ed14710cbe", "venue": {"venueRatingBlacklisted": true, "like": false, "location": {"cc": "SG", "country": "Singapore", "lat": 1.3722907586482684, "lng": 103.88906836509705, "labeledLatLngs": [{"label": "display", "lat": 1.3722907586482684, "lng": 103.88906836509705}], "formattedAddress": ["Singapore"]}, "categories": [{"icon": {"prefix": "https://ss3.4sqi.net/img/categories_v2/building/religious_temple_", "suffix": ".png"}, "name": "Temple", "id": "4bf58dd8d48988d13a941735", "pluralName": "Temples", "primary": true, "shortName": "Temple"}], "verified": false, "contact": {}, "beenHere": {"lastCheckinExpiredAt": 0}, "stats": {"tipCount": 2, "usersCount": 25, "checkinsCount": 159}, "id": "4cd01c1a6200b1f78936d228", "name": "\u8208\u5c71\u6bbf"}, "suffix": "/4MAGUEQYRRSMKJQRJHSOYVELQVUCTNBKOLHY0RIX0L2XMMQO.jpg", "visibility": "public"}, {"height": 720, "source": {"url": "https://foursquare.com/download/#/iphone", "name": "Foursquare for iOS"}, "width": 537, "prefix": "https://igx.4sqi.net/img/general/", "createdAt": 1303220133, "id": "4dad8fa5fd288372035ebc5b", "venue": {"venueRatingBlacklisted": true, "like": false, "location": {"state": "Spore", "isFuzzed": true, "cc": "SG", "country": "Singapore", "lat": 1.3684075689779307, "lng": 103.8969993116564, "formattedAddress": ["530320", "Singapore"]}, "categories": [{"icon": {"prefix": "https://ss3.4sqi.net/img/categories_v2/building/home_", "suffix": ".png"}, "name": "Home (private)", "id": "4bf58dd8d48988d103941735", "pluralName": "Homes (private)", "primary": true, "shortName": "Home"}], "verified": false, "contact": {}, "beenHere": {"lastCheckinExpiredAt": 0}, "stats": {"tipCount": 5, "usersCount": 5, "checkinsCount": 90}, "id": "4ccdc7102dc437044191d008", "name": "My Hm"}, "suffix": "/UYJ1SJUT0BY5C3E2SICKMQEXGBWPPYNSJSPTPGEVPGUPZRCY.jpg", "visibility": "public"}, {"height": 720, "source": {"url": "https://foursquare.com/download/#/iphone", "name": "Foursquare for iOS"}, "width": 537, "prefix": "https://igx.4sqi.net/img/general/", "createdAt": 1302865052, "id": "4da8249c40a3582fb8c46d21", "venue": {"venueRatingBlacklisted": true, "like": false, "location": {"state": "Spore", "isFuzzed": true, "cc": "SG", "country": "Singapore", "lat": 1.3684075689779307, "lng": 103.8969993116564, "formattedAddress": ["530320", "Singapore"]}, "categories": [{"icon": {"prefix": "https://ss3.4sqi.net/img/categories_v2/building/home_", "suffix": ".png"}, "name": "Home (private)", "id": "4bf58dd8d48988d103941735", "pluralName": "Homes (private)", "primary": true, "shortName": "Home"}], "verified": false, "contact": {}, "beenHere": {"lastCheckinExpiredAt": 0}, "stats": {"tipCount": 5, "usersCount": 5, "checkinsCount": 90}, "id": "4ccdc7102dc437044191d008", "name": "My Hm"}, "suffix": "/TOUE54ZAZ21AAS202PELQ2IFG3FB5M2L5F1DVTQYGUNC1QL4.jpg", "visibility": "public"}, {"height": 720, "source": {"url": "https://foursquare.com/download/#/iphone", "name": "Foursquare for iOS"}, "width": 537, "prefix": "https://igx.4sqi.net/img/general/", "createdAt": 1302168345, "id": "4d9d8319a4222da10252a630", "venue": {"venueRatingBlacklisted": true, "like": false, "location": {"state": "Spore", "isFuzzed": true, "cc": "SG", "country": "Singapore", "lat": 1.3684075689779307, "lng": 103.8969993116564, "formattedAddress": ["530320", "Singapore"]}, "categories": [{"icon": {"prefix": "https://ss3.4sqi.net/img/categories_v2/building/home_", "suffix": ".png"}, "name": "Home (private)", "id": "4bf58dd8d48988d103941735", "pluralName": "Homes (private)", "primary": true, "shortName": "Home"}], "verified": false, "contact": {}, "beenHere": {"lastCheckinExpiredAt": 0}, "stats": {"tipCount": 5, "usersCount": 5, "checkinsCount": 90}, "id": "4ccdc7102dc437044191d008", "name": "My Hm"}, "suffix": "/IWYXCFS0T02M33UVTEPAC5VZVWFZPZ4UU54PSRUNWGTO1A3B.jpg", "visibility": "public"}, {"height": 720, "source": {"url": "https://foursquare.com/download/#/iphone", "name": "Foursquare for iOS"}, "width": 537, "prefix": "https://igx.4sqi.net/img/general/", "createdAt": 1302167577, "id": "4d9d8019ee71a340bc0a12f6", "venue": {"venueRatingBlacklisted": true, "like": false, "location": {"state": "Spore", "isFuzzed": true, "cc": "SG", "country": "Singapore", "lat": 1.3684075689779307, "lng": 103.8969993116564, "formattedAddress": ["530320", "Singapore"]}, "categories": [{"icon": {"prefix": "https://ss3.4sqi.net/img/categories_v2/building/home_", "suffix": ".png"}, "name": "Home (private)", "id": "4bf58dd8d48988d103941735", "pluralName": "Homes (private)", "primary": true, "shortName": "Home"}], "verified": false, "contact": {}, "beenHere": {"lastCheckinExpiredAt": 0}, "stats": {"tipCount": 5, "usersCount": 5, "checkinsCount": 90}, "id": "4ccdc7102dc437044191d008", "name": "My Hm"}, "suffix": "/CM4DFSJZHNEW5Q1NHX0QHA2DWWAFTYRGTTELIML3HUWSO452.jpg", "visibility": "public"}, {"height": 720, "source": {"url": "https://foursquare.com/download/#/iphone", "name": "Foursquare for iOS"}, "width": 537, "prefix": "https://igx.4sqi.net/img/general/", "createdAt": 1299826251, "id": "4d79c64b8e8e2da1498702d8", "suffix": "/4BXMITIVV0AOPBOTDUST1YL41EG00M0JAMJ00NRKONTF0QZM.jpg", "visibility": "public"}, {"height": 537, "source": {"url": "https://foursquare.com/download/#/iphone", "name": "Foursquare for iOS"}, "width": 720, "prefix": "https://igx.4sqi.net/img/general/", "createdAt": 1299239851, "id": "4d70d3ab13aca3400f716595", "venue": {"venueRatingBlacklisted": true, "like": false, "location": {"cc": "SG", "country": "Singapore", "lat": 1.3722907586482684, "lng": 103.88906836509705, "labeledLatLngs": [{"label": "display", "lat": 1.3722907586482684, "lng": 103.88906836509705}], "formattedAddress": ["Singapore"]}, "categories": [{"icon": {"prefix": "https://ss3.4sqi.net/img/categories_v2/building/religious_temple_", "suffix": ".png"}, "name": "Temple", "id": "4bf58dd8d48988d13a941735", "pluralName": "Temples", "primary": true, "shortName": "Temple"}], "verified": false, "contact": {}, "beenHere": {"lastCheckinExpiredAt": 0}, "stats": {"tipCount": 2, "usersCount": 25, "checkinsCount": 159}, "id": "4cd01c1a6200b1f78936d228", "name": "\u8208\u5c71\u6bbf"}, "suffix": "/ULR4H2INZSSTNMIFVZX5301IZNJ5E3EEU3IEKBZ1MDL12A3F.jpg", "visibility": "public"}, {"height": 720, "source": {"url": "https://foursquare.com/download/#/iphone", "name": "Foursquare for iOS"}, "width": 537, "prefix": "https://igx.4sqi.net/img/general/", "createdAt": 1298807135, "id": "4d6a395f0574a340de9affac", "venue": {"like": false, "location": {"formattedAddress": ["Upper cross street (Bllk34)", "050034", "Singapore"], "lng": 103.84209310751824, "cc": "SG", "country": "Singapore", "crossStreet": "Bllk34", "lat": 1.2863077457462528, "address": "Upper cross street", "labeledLatLngs": [{"label": "display", "lat": 1.2863077457462528, "lng": 103.84209310751824}], "postalCode": "050034"}, "categories": [{"icon": {"prefix": "https://ss3.4sqi.net/img/categories_v2/food/coffeeshop_", "suffix": ".png"}, "name": "Coffee Shop", "id": "4bf58dd8d48988d1e0931735", "pluralName": "Coffee Shops", "primary": true, "shortName": "Coffee Shop"}], "verified": false, "contact": {}, "allowMenuUrlEdit": true, "stats": {"tipCount": 0, "usersCount": 10, "checkinsCount": 38}, "id": "4d4d12919ee1a35dc0b321df", "name": "\u6210\u56ed\u6d77\u9c9c Seng Garden Seafood", "beenHere": {"lastCheckinExpiredAt": 0}}, "suffix": "/DBIM5VKCNFO1NBG50TOE1DRZZKNKR0OQLWWMERXPHBMUXK3U.jpg", "visibility": "public"}, {"height": 720, "source": {"url": "https://foursquare.com/download/#/iphone", "name": "Foursquare for iOS"}, "width": 537, "prefix": "https://igx.4sqi.net/img/general/", "createdAt": 1298807123, "id": "4d6a3953c53b2da175d08867", "venue": {"like": false, "location": {"formattedAddress": ["Upper cross street (Bllk34)", "050034", "Singapore"], "lng": 103.84209310751824, "cc": "SG", "country": "Singapore", "crossStreet": "Bllk34", "lat": 1.2863077457462528, "address": "Upper cross street", "labeledLatLngs": [{"label": "display", "lat": 1.2863077457462528, "lng": 103.84209310751824}], "postalCode": "050034"}, "categories": [{"icon": {"prefix": "https://ss3.4sqi.net/img/categories_v2/food/coffeeshop_", "suffix": ".png"}, "name": "Coffee Shop", "id": "4bf58dd8d48988d1e0931735", "pluralName": "Coffee Shops", "primary": true, "shortName": "Coffee Shop"}], "verified": false, "contact": {}, "allowMenuUrlEdit": true, "stats": {"tipCount": 0, "usersCount": 10, "checkinsCount": 38}, "id": "4d4d12919ee1a35dc0b321df", "name": "\u6210\u56ed\u6d77\u9c9c Seng Garden Seafood", "beenHere": {"lastCheckinExpiredAt": 0}}, "suffix": "/0UA50RYKLSPQ4SU3ZJO12ABRT5SORSZPZIWBB5KQSVBTVHTQ.jpg", "visibility": "public"}, {"height": 720, "source": {"url": "https://foursquare.com/download/#/iphone", "name": "Foursquare for iOS"}, "width": 537, "prefix": "https://igx.4sqi.net/img/general/", "createdAt": 1297579914, "id": "4d577f8acd6fa340dd1ad4b7", "venue": {"like": false, "location": {"cc": "SG", "country": "Singapore", "lat": 1.375332, "lng": 103.873421, "labeledLatLngs": [{"label": "display", "lat": 1.375332, "lng": 103.873421}], "formattedAddress": ["Singapore"]}, "categories": [], "verified": false, "contact": {}, "beenHere": {"lastCheckinExpiredAt": 0}, "stats": {"tipCount": 1, "usersCount": 4, "checkinsCount": 17}, "id": "4d4dfa9981955481f0fadd93", "name": "\u85dd\u52c7\u9f8d\u7345\u6587\u5316\u5b78\u9662"}, "suffix": "/RXD14B2GYMAZQNJYQ41GIFB5F514CB5J4U4GUXDWK1H3N44G.jpg", "visibility": "public"}, {"height": 720, "source": {"url": "https://foursquare.com/download/#/iphone", "name": "Foursquare for iOS"}, "width": 537, "prefix": "https://igx.4sqi.net/img/general/", "createdAt": 1297579903, "id": "4d577f7fa3182da17549969e", "venue": {"like": false, "location": {"cc": "SG", "country": "Singapore", "lat": 1.375332, "lng": 103.873421, "labeledLatLngs": [{"label": "display", "lat": 1.375332, "lng": 103.873421}], "formattedAddress": ["Singapore"]}, "categories": [], "verified": false, "contact": {}, "beenHere": {"lastCheckinExpiredAt": 0}, "stats": {"tipCount": 1, "usersCount": 4, "checkinsCount": 17}, "id": "4d4dfa9981955481f0fadd93", "name": "\u85dd\u52c7\u9f8d\u7345\u6587\u5316\u5b78\u9662"}, "suffix": "/BVLRK5MQXY101BR14KJCWXQDIB0CRTPSRTBFGC04D01SYY5W.jpg", "visibility": "public"}, {"height": 720, "source": {"url": "https://foursquare.com/download/#/iphone", "name": "Foursquare for iOS"}, "width": 537, "prefix": "https://igx.4sqi.net/img/general/", "createdAt": 1297579882, "id": "4d577f6aa33828fd458e8fb2", "venue": {"like": false, "location": {"cc": "SG", "country": "Singapore", "lat": 1.375332, "lng": 103.873421, "labeledLatLngs": [{"label": "display", "lat": 1.375332, "lng": 103.873421}], "formattedAddress": ["Singapore"]}, "categories": [], "verified": false, "contact": {}, "beenHere": {"lastCheckinExpiredAt": 0}, "stats": {"tipCount": 1, "usersCount": 4, "checkinsCount": 17}, "id": "4d4dfa9981955481f0fadd93", "name": "\u85dd\u52c7\u9f8d\u7345\u6587\u5316\u5b78\u9662"}, "suffix": "/CDCN1BQ2JTKHFXXOD3IUMQ4J5LR4PVKEQIU5DFJQ15BVDNRT.jpg", "visibility": "public"}, {"height": 720, "source": {"url": "https://foursquare.com/download/#/iphone", "name": "Foursquare for iOS"}, "width": 537, "prefix": "https://igx.4sqi.net/img/general/", "createdAt": 1296963335, "id": "4d4e17077cc028fd46fac2b0", "venue": {"like": false, "location": {"cc": "SG", "country": "Singapore", "lat": 1.375332, "lng": 103.873421, "labeledLatLngs": [{"label": "display", "lat": 1.375332, "lng": 103.873421}], "formattedAddress": ["Singapore"]}, "categories": [], "verified": false, "contact": {}, "beenHere": {"lastCheckinExpiredAt": 0}, "stats": {"tipCount": 1, "usersCount": 4, "checkinsCount": 17}, "id": "4d4dfa9981955481f0fadd93", "name": "\u85dd\u52c7\u9f8d\u7345\u6587\u5316\u5b78\u9662"}, "suffix": "/DSSUCTJMITWFFRAZDPU31BDYZ4D1BD3AC2PHDY3TCDPAFGNS.jpg", "visibility": "public"}, {"height": 720, "source": {"url": "https://foursquare.com/download/#/iphone", "name": "Foursquare for iOS"}, "width": 537, "prefix": "https://igx.4sqi.net/img/general/", "createdAt": 1296963294, "id": "4d4e16de58c92da1e3485819", "venue": {"like": false, "location": {"cc": "SG", "country": "Singapore", "lat": 1.375332, "lng": 103.873421, "labeledLatLngs": [{"label": "display", "lat": 1.375332, "lng": 103.873421}], "formattedAddress": ["Singapore"]}, "categories": [], "verified": false, "contact": {}, "beenHere": {"lastCheckinExpiredAt": 0}, "stats": {"tipCount": 1, "usersCount": 4, "checkinsCount": 17}, "id": "4d4dfa9981955481f0fadd93", "name": "\u85dd\u52c7\u9f8d\u7345\u6587\u5316\u5b78\u9662"}, "suffix": "/W0FFG5FJT50TANRB3FKRTT3UUHN00LCRNTDZ1JH5ZOLC1TUC.jpg", "visibility": "public"}, {"height": 720, "source": {"url": "https://foursquare.com/download/#/iphone", "name": "Foursquare for iOS"}, "width": 537, "prefix": "https://igx.4sqi.net/img/general/", "createdAt": 1296409466, "id": "4d45a37a1005a340794c65f5", "venue": {"venueRatingBlacklisted": true, "like": false, "location": {"isFuzzed": true, "cc": "SG", "country": "Singapore", "lat": 1.396682997568892, "lng": 103.87380310953145, "formattedAddress": ["Singapore"]}, "categories": [{"icon": {"prefix": "https://ss3.4sqi.net/img/categories_v2/building/home_", "suffix": ".png"}, "name": "Home (private)", "id": "4bf58dd8d48988d103941735", "pluralName": "Homes (private)", "primary": true, "shortName": "Home"}], "verified": false, "contact": {}, "beenHere": {"lastCheckinExpiredAt": 0}, "stats": {"tipCount": 0, "usersCount": 2, "checkinsCount": 5}, "id": "4d45a20814aa8cfa0a55743d", "name": "Dennis & Yunyun Hse\ue022"}, "suffix": "/GPTZV4XJTUHHBFDVL21GULYMJRODFGJCM2CWBIRATO4MEK0A.jpg", "visibility": "public"}, {"height": 537, "source": {"url": "https://foursquare.com/download/#/iphone", "name": "Foursquare for iOS"}, "width": 720, "prefix": "https://igx.4sqi.net/img/general/", "createdAt": 1296409409, "id": "4d45a341b8b328fdb947a4a7", "venue": {"venueRatingBlacklisted": true, "like": false, "location": {"isFuzzed": true, "cc": "SG", "country": "Singapore", "lat": 1.396682997568892, "lng": 103.87380310953145, "formattedAddress": ["Singapore"]}, "categories": [{"icon": {"prefix": "https://ss3.4sqi.net/img/categories_v2/building/home_", "suffix": ".png"}, "name": "Home (private)", "id": "4bf58dd8d48988d103941735", "pluralName": "Homes (private)", "primary": true, "shortName": "Home"}], "verified": false, "contact": {}, "beenHere": {"lastCheckinExpiredAt": 0}, "stats": {"tipCount": 0, "usersCount": 2, "checkinsCount": 5}, "id": "4d45a20814aa8cfa0a55743d", "name": "Dennis & Yunyun Hse\ue022"}, "suffix": "/DND3GGXEMOTUS0IIKT4LKIIUXA143NAABRSXKBN5P3REVPCC.jpg", "visibility": "public"}, {"height": 720, "source": {"url": "https://foursquare.com/download/#/iphone", "name": "Foursquare for iOS"}, "width": 537, "prefix": "https://igx.4sqi.net/img/general/", "createdAt": 1296409394, "id": "4d45a332b8b328fdb547a4a7", "venue": {"venueRatingBlacklisted": true, "like": false, "location": {"isFuzzed": true, "cc": "SG", "country": "Singapore", "lat": 1.396682997568892, "lng": 103.87380310953145, "formattedAddress": ["Singapore"]}, "categories": [{"icon": {"prefix": "https://ss3.4sqi.net/img/categories_v2/building/home_", "suffix": ".png"}, "name": "Home (private)", "id": "4bf58dd8d48988d103941735", "pluralName": "Homes (private)", "primary": true, "shortName": "Home"}], "verified": false, "contact": {}, "beenHere": {"lastCheckinExpiredAt": 0}, "stats": {"tipCount": 0, "usersCount": 2, "checkinsCount": 5}, "id": "4d45a20814aa8cfa0a55743d", "name": "Dennis & Yunyun Hse\ue022"}, "suffix": "/J34CFAJR2BDNP0HRIJCE5NLOCDGLHKHR51LAYAD5GB2DCLFM.jpg", "visibility": "public"}, {"height": 720, "source": {"url": "https://foursquare.com/download/#/iphone", "name": "Foursquare for iOS"}, "width": 537, "prefix": "https://igx.4sqi.net/img/general/", "createdAt": 1296409372, "id": "4d45a31cb8b328fdb147a4a7", "venue": {"venueRatingBlacklisted": true, "like": false, "location": {"isFuzzed": true, "cc": "SG", "country": "Singapore", "lat": 1.396682997568892, "lng": 103.87380310953145, "formattedAddress": ["Singapore"]}, "categories": [{"icon": {"prefix": "https://ss3.4sqi.net/img/categories_v2/building/home_", "suffix": ".png"}, "name": "Home (private)", "id": "4bf58dd8d48988d103941735", "pluralName": "Homes (private)", "primary": true, "shortName": "Home"}], "verified": false, "contact": {}, "beenHere": {"lastCheckinExpiredAt": 0}, "stats": {"tipCount": 0, "usersCount": 2, "checkinsCount": 5}, "id": "4d45a20814aa8cfa0a55743d", "name": "Dennis & Yunyun Hse\ue022"}, "suffix": "/IHVFYB5LSWK4NASHQQ1JI3CJQUUBVJYXUV3G2RZXZVCGQYKO.jpg", "visibility": "public"}, {"height": 720, "source": {"url": "https://foursquare.com/download/#/iphone", "name": "Foursquare for iOS"}, "width": 537, "prefix": "https://igx.4sqi.net/img/general/", "createdAt": 1296409356, "id": "4d45a30c6bb82da1384a677d", "venue": {"venueRatingBlacklisted": true, "like": false, "location": {"isFuzzed": true, "cc": "SG", "country": "Singapore", "lat": 1.396682997568892, "lng": 103.87380310953145, "formattedAddress": ["Singapore"]}, "categories": [{"icon": {"prefix": "https://ss3.4sqi.net/img/categories_v2/building/home_", "suffix": ".png"}, "name": "Home (private)", "id": "4bf58dd8d48988d103941735", "pluralName": "Homes (private)", "primary": true, "shortName": "Home"}], "verified": false, "contact": {}, "beenHere": {"lastCheckinExpiredAt": 0}, "stats": {"tipCount": 0, "usersCount": 2, "checkinsCount": 5}, "id": "4d45a20814aa8cfa0a55743d", "name": "Dennis & Yunyun Hse\ue022"}, "suffix": "/4O4L2GAWPI2HRK4LGVJAM2TY2SXR0EDS1KG2QBSJ3VWWITNH.jpg", "visibility": "public"}, {"height": 720, "source": {"url": "https://foursquare.com/download/#/iphone", "name": "Foursquare for iOS"}, "width": 537, "prefix": "https://igx.4sqi.net/img/general/", "createdAt": 1296409212, "id": "4d45a27c1005a3403a4c65f5", "venue": {"venueRatingBlacklisted": true, "like": false, "location": {"isFuzzed": true, "cc": "SG", "country": "Singapore", "lat": 1.396682997568892, "lng": 103.87380310953145, "formattedAddress": ["Singapore"]}, "categories": [{"icon": {"prefix": "https://ss3.4sqi.net/img/categories_v2/building/home_", "suffix": ".png"}, "name": "Home (private)", "id": "4bf58dd8d48988d103941735", "pluralName": "Homes (private)", "primary": true, "shortName": "Home"}], "verified": false, "contact": {}, "beenHere": {"lastCheckinExpiredAt": 0}, "stats": {"tipCount": 0, "usersCount": 2, "checkinsCount": 5}, "id": "4d45a20814aa8cfa0a55743d", "name": "Dennis & Yunyun Hse\ue022"}, "suffix": "/4K35YDHRNESEF2HHDOC45P4ZVSW0HGZZXF4VMDVIN1EZ000M.jpg", "visibility": "public"}, {"height": 720, "source": {"url": "https://foursquare.com/download/#/iphone", "name": "Foursquare for iOS"}, "width": 537, "prefix": "https://igx.4sqi.net/img/general/", "createdAt": 1295454795, "id": "4d37124bb1fa28fdfc920874", "venue": {"venueRatingBlacklisted": true, "like": false, "location": {"cc": "SG", "country": "Singapore", "lat": 1.3722907586482684, "lng": 103.88906836509705, "labeledLatLngs": [{"label": "display", "lat": 1.3722907586482684, "lng": 103.88906836509705}], "formattedAddress": ["Singapore"]}, "categories": [{"icon": {"prefix": "https://ss3.4sqi.net/img/categories_v2/building/religious_temple_", "suffix": ".png"}, "name": "Temple", "id": "4bf58dd8d48988d13a941735", "pluralName": "Temples", "primary": true, "shortName": "Temple"}], "verified": false, "contact": {}, "beenHere": {"lastCheckinExpiredAt": 0}, "stats": {"tipCount": 2, "usersCount": 25, "checkinsCount": 159}, "id": "4cd01c1a6200b1f78936d228", "name": "\u8208\u5c71\u6bbf"}, "suffix": "/3MIDPA5GM4S4C3UK5PFVW0R4X2ORPTSDHXYICPXWMLD1NWU0.jpg", "visibility": "public"}, {"height": 720, "source": {"url": "https://foursquare.com/download/#/iphone", "name": "Foursquare for iOS"}, "width": 537, "prefix": "https://igx.4sqi.net/img/general/", "createdAt": 1295208256, "id": "4d334f40d24e28fdabfcfb59", "venue": {"venueRatingBlacklisted": true, "like": false, "location": {"cc": "SG", "country": "Singapore", "lat": 1.3722907586482684, "lng": 103.88906836509705, "labeledLatLngs": [{"label": "display", "lat": 1.3722907586482684, "lng": 103.88906836509705}], "formattedAddress": ["Singapore"]}, "categories": [{"icon": {"prefix": "https://ss3.4sqi.net/img/categories_v2/building/religious_temple_", "suffix": ".png"}, "name": "Temple", "id": "4bf58dd8d48988d13a941735", "pluralName": "Temples", "primary": true, "shortName": "Temple"}], "verified": false, "contact": {}, "beenHere": {"lastCheckinExpiredAt": 0}, "stats": {"tipCount": 2, "usersCount": 25, "checkinsCount": 159}, "id": "4cd01c1a6200b1f78936d228", "name": "\u8208\u5c71\u6bbf"}, "suffix": "/CERKDAG3SRRHBJDWYPAF4VI5AN0CRMWRXD2OR1TJINSXBUPQ.jpg", "visibility": "public"}, {"height": 720, "source": {"url": "https://foursquare.com/download/#/iphone", "name": "Foursquare for iOS"}, "width": 537, "prefix": "https://igx.4sqi.net/img/general/", "createdAt": 1295208243, "id": "4d334f336e20a340defe7537", "venue": {"venueRatingBlacklisted": true, "like": false, "location": {"cc": "SG", "country": "Singapore", "lat": 1.3722907586482684, "lng": 103.88906836509705, "labeledLatLngs": [{"label": "display", "lat": 1.3722907586482684, "lng": 103.88906836509705}], "formattedAddress": ["Singapore"]}, "categories": [{"icon": {"prefix": "https://ss3.4sqi.net/img/categories_v2/building/religious_temple_", "suffix": ".png"}, "name": "Temple", "id": "4bf58dd8d48988d13a941735", "pluralName": "Temples", "primary": true, "shortName": "Temple"}], "verified": false, "contact": {}, "beenHere": {"lastCheckinExpiredAt": 0}, "stats": {"tipCount": 2, "usersCount": 25, "checkinsCount": 159}, "id": "4cd01c1a6200b1f78936d228", "name": "\u8208\u5c71\u6bbf"}, "suffix": "/CERKDAG3SRRHBJDWYPAF4VI5AN0CRMWRXD2OR1TJINSXBUPQ.jpg", "visibility": "public"}, {"height": 540, "source": {"url": "https://foursquare.com/download/#/iphone", "name": "Foursquare for iOS"}, "width": 405, "prefix": "https://igx.4sqi.net/img/general/", "createdAt": 1293825692, "id": "4d1e369c5a70a340d1d62b39", "venue": {"venueRatingBlacklisted": true, "like": false, "location": {"state": "Spore", "isFuzzed": true, "cc": "SG", "country": "Singapore", "lat": 1.3684075689779307, "lng": 103.8969993116564, "formattedAddress": ["530320", "Singapore"]}, "categories": [{"icon": {"prefix": "https://ss3.4sqi.net/img/categories_v2/building/home_", "suffix": ".png"}, "name": "Home (private)", "id": "4bf58dd8d48988d103941735", "pluralName": "Homes (private)", "primary": true, "shortName": "Home"}], "verified": false, "contact": {}, "beenHere": {"lastCheckinExpiredAt": 0}, "stats": {"tipCount": 5, "usersCount": 5, "checkinsCount": 90}, "id": "4ccdc7102dc437044191d008", "name": "My Hm"}, "suffix": "/JIOJ4RDAKKF5CKQNHRNQKLOY1AUHGTXIQGK4JUGXFA1HV4JU.jpg", "visibility": "public"}], "count": 49}, "totalCount": 49}}