{"meta": {"code": 200, "requestId": "595b0661f594df3c73fb3c08"}, "notifications": [{"item": {"unreadCount": 0}, "type": "notificationTray"}], "response": {"photos": {"items": [{"height": 540, "source": {"url": "https://foursquare.com/download/#/android", "name": "Foursquare for Android"}, "width": 960, "prefix": "https://igx.4sqi.net/img/general/", "createdAt": 1402755291, "id": "539c58db498e44b38d7c03fa", "venue": {"url": "http://www.turismoroma.it", "like": false, "location": {"formattedAddress": ["Piazza di Trevi", "00187 Roma Lazio", "Italia"], "city": "Roma", "lng": 12.483306527137756, "cc": "IT", "state": "Lazio", "lat": 41.90094747270718, "address": "Piazza di Trevi", "postalCode": "00187", "country": "Italia"}, "categories": [{"icon": {"prefix": "https://ss3.4sqi.net/img/categories_v2/parks_outdoors/plaza_", "suffix": ".png"}, "name": "Fountain", "id": "56aa371be4b08b9a8d573547", "pluralName": "Fountains", "primary": true, "shortName": "Fountain"}], "verified": true, "contact": {"twitter": "turismoromaweb", "facebookName": "Turismo Roma - official page", "formattedPhone": "+39 06 0608", "phone": "+39060608", "facebookUsername": "tourismrome", "facebook": "122675047762101"}, "beenHere": {"lastCheckinExpiredAt": 0}, "stats": {"tipCount": 975, "usersCount": 81993, "checkinsCount": 98417}, "id": "4adcdac6f964a5202b5321e3", "name": "Trevi Fountain (Fontana di Trevi)", "storeId": ""}, "suffix": "/3855404_y83vKe29wCTdPcL-mzLfiDVZTnzEkHcjlPapTijEHyE.jpg", "visibility": "public"}], "count": 1}, "totalCount": 1}}