{"meta": {"code": 200, "requestId": "595b06a74c1f67701d56387e"}, "notifications": [{"item": {"unreadCount": 0}, "type": "notificationTray"}], "response": {"photos": {"items": [{"height": 720, "source": {"url": "https://foursquare.com/download/#/iphone", "name": "Foursquare for iOS"}, "width": 540, "prefix": "https://igx.4sqi.net/img/general/", "createdAt": 1294286893, "id": "4d25402d2b482da1ffe80454", "venue": {"venueRatingBlacklisted": true, "like": false, "location": {"country": "Singapore", "lng": 103.833488151702, "cc": "SG", "state": "Singapore", "lat": 1.2785888211967256, "address": "1 Hospital Drive", "labeledLatLngs": [{"label": "display", "lat": 1.2785888211967256, "lng": 103.833488151702}], "formattedAddress": ["1 Hospital Drive", "Singapore"]}, "categories": [{"icon": {"prefix": "https://ss3.4sqi.net/img/categories_v2/building/medical_", "suffix": ".png"}, "name": "Hospital", "id": "4bf58dd8d48988d196941735", "pluralName": "Hospitals", "primary": true, "shortName": "Hospital"}], "verified": false, "contact": {}, "allowMenuUrlEdit": true, "stats": {"tipCount": 5, "usersCount": 851, "checkinsCount": 1421}, "id": "4cbe8e79020d468871485d38", "name": "SGH Blk 3, Specialist Outpatient Clinic", "beenHere": {"lastCheckinExpiredAt": 0}}, "suffix": "/WUSFE3SWLJHRTKVFHHV451RLOCA2TQWMCNVQGDN1BFF12MLE.jpg", "visibility": "public"}], "count": 1}, "totalCount": 1}}