{"meta": {"code": 200, "requestId": "595ae53a1ed21919f82b2f4d"}, "notifications": [{"item": {"unreadCount": 0}, "type": "notificationTray"}], "response": {"photos": {"items": [{"height": 370, "source": {"url": "https://foursquare.com/download/#/blackberry", "name": "Foursquare for BlackBerry"}, "width": 370, "prefix": "https://igx.4sqi.net/img/general/", "createdAt": 1297761092, "id": "4d5a4344ac4028fd9269b3a6", "venue": {"venueRatingBlacklisted": true, "like": false, "location": {"isFuzzed": true, "cc": "SG", "country": "Singapore", "lat": 1.3307230000581136, "lng": 103.93180098711395, "formattedAddress": ["Singapore"]}, "categories": [{"icon": {"prefix": "https://ss3.4sqi.net/img/categories_v2/building/home_", "suffix": ".png"}, "name": "Home (private)", "id": "4bf58dd8d48988d103941735", "pluralName": "Homes (private)", "primary": true, "shortName": "Home"}], "verified": false, "contact": {}, "beenHere": {"lastCheckinExpiredAt": 0}, "stats": {"tipCount": 0, "usersCount": 10, "checkinsCount": 219}, "id": "4ca7e50f44a8224b8c3b1240", "name": "Blk 411 Bedok Nth Ave 2"}, "suffix": "/REWVRBZXKA4JXBMOLEPEJM533BQUMNFGUINT2L4DW0WJJHGK.jpg", "visibility": "public"}], "count": 1}, "totalCount": 1}}