{"response": {"photos": {"items": [{"id": "4f20cd7be4b08379a7f27b62", "createdAt": 1327549819, "height": 720, "visibility": "public", "source": {"url": "https://foursquare.com/download/#/iphone", "name": "Foursquare for iOS"}, "prefix": "https://igx.4sqi.net/img/general/", "venue": {"id": "4ba4466af964a520209238e3", "like": false, "stats": {"checkinsCount": 22023, "tipCount": 43, "usersCount": 12191}, "url": "http://www.sentosa.com.sg/en/getting-around/sentosa-express/", "beenHere": {"lastCheckinExpiredAt": 0}, "categories": [{"id": "4bf58dd8d48988d1fc931735", "primary": true, "icon": {"prefix": "https://ss3.4sqi.net/img/categories_v2/travel/lightrail_", "suffix": ".png"}, "pluralName": "Light Rail Stations", "shortName": "Light Rail", "name": "Light Rail Station"}], "verified": false, "location": {"crossStreet": "1 HarbourFront Walk", "labeledLatLngs": [{"lng": 103.8221893153864, "label": "display", "lat": 1.2650699094625308}], "lat": 1.2650699094625308, "postalCode": "098585", "city": "Singapore", "formattedAddress": ["VivoCity, Lobby L, Level 3 (1 HarbourFront Walk)", "098585", "Singapore"], "lng": 103.8221893153864, "address": "VivoCity, Lobby L, Level 3", "country": "Singapore", "cc": "SG"}, "contact": {"formattedPhone": "+65 1800 736 8672", "phone": "+6518007368672"}, "venueRatingBlacklisted": true, "name": "Sentosa Station"}, "width": 537, "suffix": "/SNSQCRMVCHI21A1A3U2KOCMN4DMSIEBY4PIMQ03SKE2VVNIH.jpg"}, {"id": "4f20cd44e4b0b7e1899415a7", "createdAt": 1327549764, "height": 720, "visibility": "public", "source": {"url": "https://foursquare.com/download/#/iphone", "name": "Foursquare for iOS"}, "prefix": "https://igx.4sqi.net/img/general/", "venue": {"id": "4ba4466af964a520209238e3", "like": false, "stats": {"checkinsCount": 22023, "tipCount": 43, "usersCount": 12191}, "url": "http://www.sentosa.com.sg/en/getting-around/sentosa-express/", "beenHere": {"lastCheckinExpiredAt": 0}, "categories": [{"id": "4bf58dd8d48988d1fc931735", "primary": true, "icon": {"prefix": "https://ss3.4sqi.net/img/categories_v2/travel/lightrail_", "suffix": ".png"}, "pluralName": "Light Rail Stations", "shortName": "Light Rail", "name": "Light Rail Station"}], "verified": false, "location": {"crossStreet": "1 HarbourFront Walk", "labeledLatLngs": [{"lng": 103.8221893153864, "label": "display", "lat": 1.2650699094625308}], "lat": 1.2650699094625308, "postalCode": "098585", "city": "Singapore", "formattedAddress": ["VivoCity, Lobby L, Level 3 (1 HarbourFront Walk)", "098585", "Singapore"], "lng": 103.8221893153864, "address": "VivoCity, Lobby L, Level 3", "country": "Singapore", "cc": "SG"}, "contact": {"formattedPhone": "+65 1800 736 8672", "phone": "+6518007368672"}, "venueRatingBlacklisted": true, "name": "Sentosa Station"}, "width": 537, "suffix": "/SNSQCRMVCHI21A1A3U2KOCMN4DMSIEBY4PIMQ03SKE2VVNIH.jpg"}, {"id": "4f20cd36e4b0b7e1899408af", "createdAt": 1327549750, "height": 720, "visibility": "public", "source": {"url": "https://foursquare.com/download/#/iphone", "name": "Foursquare for iOS"}, "prefix": "https://igx.4sqi.net/img/general/", "venue": {"id": "4ba4466af964a520209238e3", "like": false, "stats": {"checkinsCount": 22023, "tipCount": 43, "usersCount": 12191}, "url": "http://www.sentosa.com.sg/en/getting-around/sentosa-express/", "beenHere": {"lastCheckinExpiredAt": 0}, "categories": [{"id": "4bf58dd8d48988d1fc931735", "primary": true, "icon": {"prefix": "https://ss3.4sqi.net/img/categories_v2/travel/lightrail_", "suffix": ".png"}, "pluralName": "Light Rail Stations", "shortName": "Light Rail", "name": "Light Rail Station"}], "verified": false, "location": {"crossStreet": "1 HarbourFront Walk", "labeledLatLngs": [{"lng": 103.8221893153864, "label": "display", "lat": 1.2650699094625308}], "lat": 1.2650699094625308, "postalCode": "098585", "city": "Singapore", "formattedAddress": ["VivoCity, Lobby L, Level 3 (1 HarbourFront Walk)", "098585", "Singapore"], "lng": 103.8221893153864, "address": "VivoCity, Lobby L, Level 3", "country": "Singapore", "cc": "SG"}, "contact": {"formattedPhone": "+65 1800 736 8672", "phone": "+6518007368672"}, "venueRatingBlacklisted": true, "name": "Sentosa Station"}, "width": 537, "suffix": "/SNSQCRMVCHI21A1A3U2KOCMN4DMSIEBY4PIMQ03SKE2VVNIH.jpg"}, {"id": "4da9104ea12d70ed38ff4454", "createdAt": 1302925390, "tip": {"id": "4da910464df01c19b168ea70", "createdAt": 1302925382, "like": false, "todo": {"count": 0}, "text": "Try the fish soup at level 2 Han Kee. Always long queue but it's worth it. The soup is power.", "logView": true, "disagreeCount": 0, "canonicalUrl": "https://foursquare.com/item/4da910464df01c19b168ea70", "type": "user", "likes": {"count": 0, "groups": []}, "agreeCount": 0}, "height": 540, "visibility": "public", "source": {"url": "https://foursquare.com/download/#/iphone", "name": "Foursquare for iOS"}, "prefix": "https://igx.4sqi.net/img/general/", "venue": {"id": "4b305537f964a520fef824e3", "like": false, "stats": {"checkinsCount": 27291, "tipCount": 257, "usersCount": 6768}, "beenHere": {"lastCheckinExpiredAt": 0}, "categories": [{"id": "4bf58dd8d48988d120951735", "primary": true, "icon": {"prefix": "https://ss3.4sqi.net/img/categories_v2/shops/food_foodcourt_", "suffix": ".png"}, "pluralName": "Food Courts", "shortName": "Food Court", "name": "Food Court"}], "verified": false, "allowMenuUrlEdit": true, "location": {"crossStreet": "Telok Ayer St / Amoy St", "lat": 1.2794910621546478, "postalCode": "069111", "city": "Singapore", "formattedAddress": ["7 Maxwell Rd (Telok Ayer St / Amoy St)", "069111", "Singapore"], "lng": 103.84711480417656, "address": "7 Maxwell Rd", "country": "Singapore", "cc": "SG"}, "contact": {}, "name": "Amoy Street Food Centre"}, "width": 720, "suffix": "/JE20OGRX1LLN5MGIGJQUU1KIMBF2OX0XFPIKSWJ3HPGNB2UW.jpg"}], "count": 4}, "totalCount": 4}, "meta": {"code": 200, "requestId": "595a82cbdb04f562ecd56d6d"}, "notifications": [{"item": {"unreadCount": 0}, "type": "notificationTray"}]}