{"meta": {"code": 200, "requestId": "595b1d69dd57972d2ded76ce"}, "notifications": [{"item": {"unreadCount": 0}, "type": "notificationTray"}], "response": {"photos": {"items": [{"height": 540, "source": {"url": "https://foursquare.com/download/#/iphone", "name": "Foursquare for iOS"}, "width": 720, "prefix": "https://igx.4sqi.net/img/general/", "createdAt": 1300544534, "id": "4d84bc162ec32da12bdac873", "venue": {"url": "http://www.nparks.gov.sg/cms/popup/hendersons.html", "like": false, "location": {"city": "Singapore", "lng": 103.81523273528167, "cc": "SG", "country": "Singapore", "crossStreet": "Connecting Telok Blangah Hill Park & Mt Faber Park", "lat": 1.276239028996051, "address": "Henderson Rd", "labeledLatLngs": [{"label": "display", "lat": 1.276239028996051, "lng": 103.81523273528167}], "formattedAddress": ["Henderson Rd (Connecting Telok Blangah Hill Park & Mt Faber Park)", "Singapore"]}, "categories": [{"icon": {"prefix": "https://ss3.4sqi.net/img/categories_v2/parks_outdoors/sceniclookout_", "suffix": ".png"}, "name": "Scenic Lookout", "id": "4bf58dd8d48988d165941735", "pluralName": "Scenic Lookouts", "primary": true, "shortName": "Scenic Lookout"}], "verified": false, "contact": {}, "beenHere": {"lastCheckinExpiredAt": 0}, "stats": {"tipCount": 59, "usersCount": 7704, "checkinsCount": 12142}, "id": "4b57b23df964a520743c28e3", "name": "Henderson Waves"}, "suffix": "/ZGYR0M2XVVLEAXFHJ0ZWEDAU41EFYAGNB5DJFWUM3OZOBSPF.jpg", "visibility": "public"}], "count": 1}, "totalCount": 1}}