{"meta": {"code": 200, "requestId": "595aeaec9fb6b77b93cf7929"}, "notifications": [{"item": {"unreadCount": 0}, "type": "notificationTray"}], "response": {"photos": {"items": [{"height": 720, "source": {"url": "https://foursquare.com/download/#/iphone", "name": "Foursquare for iOS"}, "tip": {"agreeCount": 1, "canonicalUrl": "https://foursquare.com/item/4d53fce965586ea8fb6471c8", "todo": {"count": 0}, "logView": true, "disagreeCount": 0, "createdAt": 1297349865, "id": "4d53fce965586ea8fb6471c8", "text": "Try the pumpkin 'pancake' dessert - only 3 pcs per serve but very nice!!!!", "likes": {"groups": [{"items": [{"photo": {"prefix": "https://igx.4sqi.net/img/user/", "suffix": "/Z2DO3BC1NFIVZURL.jpg"}, "id": "35710443", "firstName": "Tutty", "gender": "female", "lastName": "Kho"}], "count": 1, "type": "others"}], "count": 1, "summary": "1 like"}, "like": false, "type": "user"}, "width": 537, "prefix": "https://igx.4sqi.net/img/general/", "createdAt": 1297349924, "id": "4d53fd2413072da14df0c362", "venue": {"url": "http://www.paradisegroup.com.sg", "like": false, "location": {"formattedAddress": ["#04-12A, ION Orchard (2 Orchard Turn)", "238801", "Singapore"], "city": "Singapore", "lng": 103.83222009909706, "cc": "SG", "country": "Singapore", "crossStreet": "2 Orchard Turn", "lat": 1.304305784424626, "address": "#04-12A, ION Orchard", "labeledLatLngs": [{"label": "display", "lat": 1.304305784424626, "lng": 103.83222009909706}], "postalCode": "238801"}, "categories": [{"icon": {"prefix": "https://ss3.4sqi.net/img/categories_v2/food/dumplings_", "suffix": ".png"}, "name": "Dumpling Restaurant", "id": "4bf58dd8d48988d108941735", "pluralName": "Dumpling Restaurants", "primary": true, "shortName": "Dumplings"}], "verified": false, "contact": {"twitter": "paradisegrpsg", "facebookName": "Paradise Group Holdings", "formattedPhone": "+65 6509 9117", "phone": "+6565099117", "facebookUsername": "ParadiseGrp", "facebook": "118622732394"}, "allowMenuUrlEdit": true, "stats": {"tipCount": 125, "usersCount": 7885, "checkinsCount": 13909}, "id": "4c8f7845d2aea093469cd669", "name": "Paradise Dynasty", "beenHere": {"lastCheckinExpiredAt": 0}}, "suffix": "/BEOJ2W544AJPKEFSNC5IVWXGW0IUHARTSUZKS1LAL5OZ0CYI.jpg", "visibility": "public"}, {"height": 537, "source": {"url": "https://foursquare.com/download/#/iphone", "name": "Foursquare for iOS"}, "width": 720, "prefix": "https://igx.4sqi.net/img/general/", "createdAt": 1295004324, "id": "4d3032a473eba34064a48b55", "venue": {"like": false, "location": {"formattedAddress": ["2 Adam Rd. (Dunearn Rd.)", "289876", "Singapore"], "city": "Singapore", "lng": 103.8141918182373, "cc": "SG", "country": "Singapore", "crossStreet": "Dunearn Rd.", "lat": 1.3241423479443728, "address": "2 Adam Rd.", "labeledLatLngs": [{"label": "display", "lat": 1.3241423479443728, "lng": 103.8141918182373}], "postalCode": "289876", "neighborhood": "bukit"}, "categories": [{"icon": {"prefix": "https://ss3.4sqi.net/img/categories_v2/shops/food_foodcourt_", "suffix": ".png"}, "name": "Food Court", "id": "4bf58dd8d48988d120951735", "pluralName": "Food Courts", "primary": true, "shortName": "Food Court"}], "verified": false, "contact": {}, "allowMenuUrlEdit": true, "stats": {"tipCount": 250, "usersCount": 10205, "checkinsCount": 22429}, "id": "4b1b9e03f964a5203cfc23e3", "name": "Adam Road Food Centre", "beenHere": {"lastCheckinExpiredAt": 0}}, "suffix": "/XCEPGJ0UHQFVRPVQJPC4C4AJWV43QOHCQ4YIFMK0G1NDZDJW.jpg", "visibility": "public"}, {"height": 403, "source": {"url": "https://foursquare.com/download/#/iphone", "name": "Foursquare for iOS"}, "tip": {"agreeCount": 2, "canonicalUrl": "https://foursquare.com/item/4d21c233dd6a236af6284238", "todo": {"count": 0}, "logView": true, "disagreeCount": 0, "createdAt": 1294058035, "id": "4d21c233dd6a236af6284238", "text": "The olive rice is delicious!!", "likes": {"groups": [{"items": [{"photo": {"prefix": "https://igx.4sqi.net/img/user/", "suffix": "/G454QXTJDULAQYPP.jpg"}, "id": "2272721", "firstName": "JaneBond", "gender": "female"}, {"photo": {"prefix": "https://igx.4sqi.net/img/user/", "suffix": "/2F3E0T232GG2KA3S.jpg"}, "id": "4799947", "firstName": "Estee", "gender": "female", "lastName": "Kho"}], "count": 2, "type": "others"}], "count": 2, "summary": "2 likes"}, "like": false, "type": "user"}, "width": 540, "prefix": "https://igx.4sqi.net/img/general/", "createdAt": 1294058040, "id": "4d21c2385a70a3402e982c39", "venue": {"like": false, "location": {"formattedAddress": ["#02-141, VivoCity (1 HarbourFront Walk)", "098585", "Singapore"], "city": "Singapore", "lng": 103.82195157444538, "cc": "SG", "country": "Singapore", "crossStreet": "1 HarbourFront Walk", "lat": 1.2633065436005013, "address": "#02-141, VivoCity", "labeledLatLngs": [{"label": "display", "lat": 1.2633065436005013, "lng": 103.82195157444538}], "postalCode": "098585"}, "categories": [{"icon": {"prefix": "https://ss3.4sqi.net/img/categories_v2/food/asian_", "suffix": ".png"}, "name": "Chinese Restaurant", "id": "4bf58dd8d48988d145941735", "pluralName": "Chinese Restaurants", "primary": true, "shortName": "Chinese"}], "verified": false, "contact": {}, "allowMenuUrlEdit": true, "stats": {"tipCount": 23, "usersCount": 1837, "checkinsCount": 2369}, "id": "4b5ae0f7f964a52075d828e3", "name": "Soup Restaurant \u4e09\u76c5\u5169\u4ef6", "beenHere": {"lastCheckinExpiredAt": 0}}, "suffix": "/2C3JEJM2D2QOHTQVRDFRHQETSTNOHXBVEP3URGW5GX3W3SYT.jpg", "visibility": "public"}], "count": 3}, "totalCount": 3}}