{"response": {"photos": {"items": [{"id": "5027a505e4b0c75a15f4c3a6", "createdAt": 1344775429, "height": 537, "visibility": "public", "source": {"url": "https://foursquare.com/download/#/iphone", "name": "Foursquare for iOS"}, "prefix": "https://igx.4sqi.net/img/general/", "venue": {"id": "4dfdbe38d22d879302f9c98a", "like": false, "stats": {"checkinsCount": 1734, "tipCount": 0, "usersCount": 501}, "beenHere": {"lastCheckinExpiredAt": 0}, "categories": [{"id": "4d954b06a243a5684965b473", "primary": true, "icon": {"prefix": "https://ss3.4sqi.net/img/categories_v2/building/apartment_", "suffix": ".png"}, "pluralName": "Residential Buildings (Apartments / Condos)", "shortName": "Residential", "name": "Residential Building (Apartment / Condo)"}], "verified": false, "location": {"address": "1 - 7A Kovan Rd", "lat": 1.3610880724619399, "postalCode": "544915", "city": "Singapore", "formattedAddress": ["1 - 7A Kovan Rd", "544915", "Singapore"], "lng": 103.88503544641713, "labeledLatLngs": [{"lng": 103.88503544641713, "label": "display", "lat": 1.3610880724619399}], "country": "Singapore", "cc": "SG"}, "contact": {}, "venueRatingBlacklisted": true, "name": "Kovan Residences"}, "width": 720, "suffix": "/wZIKNTCYQngXh0_jbJ-EuC4MBEq2wOZuRwk9aZVqdrg.jpg"}], "count": 1}, "totalCount": 1}, "meta": {"code": 200, "requestId": "595a7d45351e3d64aedce519"}, "notifications": [{"item": {"unreadCount": 0}, "type": "notificationTray"}]}