{"meta": {"code": 200, "requestId": "595b22e4f594df3c736fc1d4"}, "notifications": [{"item": {"unreadCount": 0}, "type": "notificationTray"}], "response": {"photos": {"items": [{"height": 403, "source": {"url": "https://www.swarmapp.com", "name": "Swarm for Android"}, "width": 403, "prefix": "https://igx.4sqi.net/img/general/", "createdAt": 1452864480, "id": "5698f3e0498e30d5659cdbc8", "venue": {"like": false, "location": {"formattedAddress": ["124 Bedok Reservoir Road", "470124", "Singapore"], "city": "Singapore", "lng": 103.91027263912258, "cc": "SG", "country": "Singapore", "lat": 1.3324773379478163, "address": "124 Bedok Reservoir Road", "labeledLatLngs": [{"label": "display", "lat": 1.3324773379478163, "lng": 103.91027263912258}], "postalCode": "470124"}, "categories": [{"icon": {"prefix": "https://ss3.4sqi.net/img/categories_v2/shops/financial_", "suffix": ".png"}, "name": "ATM", "id": "52f2ab2ebcbc57f1066b8b56", "pluralName": "ATMs", "primary": true, "shortName": "ATM"}], "verified": false, "contact": {}, "allowMenuUrlEdit": true, "stats": {"tipCount": 0, "usersCount": 1, "checkinsCount": 2}, "id": "5698f177498e62132b0c04c7", "name": "POSB ATM", "beenHere": {"lastCheckinExpiredAt": 0}}, "suffix": "/3864575_0Z9OJM-o68MAP0Ln6cK1AOLblxB4KgUPiUbWku8hf-A.jpg", "visibility": "public"}, {"height": 357, "source": {"url": "https://www.swarmapp.com", "name": "Swarm for Android"}, "width": 380, "prefix": "https://igx.4sqi.net/img/general/", "createdAt": 1426935354, "id": "550d4e3a498e2248b535e56b", "venue": {"venueRatingBlacklisted": true, "like": false, "location": {"city": "Singapore", "isFuzzed": true, "cc": "SG", "country": "Singapore", "lat": 1.3308565197547018, "lng": 103.908598888594, "formattedAddress": ["Singapore"]}, "categories": [{"icon": {"prefix": "https://ss3.4sqi.net/img/categories_v2/building/home_", "suffix": ".png"}, "name": "Home (private)", "id": "4bf58dd8d48988d103941735", "pluralName": "Homes (private)", "primary": true, "shortName": "Home"}], "verified": false, "contact": {}, "beenHere": {"lastCheckinExpiredAt": 0}, "stats": {"tipCount": 4, "usersCount": 135, "checkinsCount": 1387}, "id": "4c259c44c11dc9b659a02724", "name": "Blk 124 Bedok Reservoir Road"}, "suffix": "/3864575_hHV6cvS7h7EDjHYJg40o9W8-BSI2C6c1qMrP_qJdaoA.jpg", "visibility": "public"}], "count": 2}, "totalCount": 2}}