{"response": {"photos": {"items": [{"id": "51fa42e0498eb27693af905d", "createdAt": 1375355616, "height": 960, "visibility": "public", "source": {"url": "https://foursquare.com/download/#/android", "name": "Foursquare for Android"}, "prefix": "https://igx.4sqi.net/img/general/", "venue": {"id": "4db8ed0f4df0ded98bc800db", "closed": true, "stats": {"checkinsCount": 262, "tipCount": 5, "usersCount": 224}, "like": false, "beenHere": {"lastCheckinExpiredAt": 0}, "categories": [{"id": "4bf58dd8d48988d110941735", "primary": true, "icon": {"prefix": "https://ss3.4sqi.net/img/categories_v2/food/italian_", "suffix": ".png"}, "pluralName": "Italian Restaurants", "shortName": "Italian", "name": "Italian Restaurant"}], "verified": false, "allowMenuUrlEdit": true, "location": {"address": "\uc11c\ucd08\uad6c \uc0ac\ud3c9\ub300\ub85c14\uae38 11", "state": "\uc11c\uc6b8\ud2b9\ubcc4\uc2dc", "lat": 37.49807511592982, "city": "\uc11c\uc6b8\ud2b9\ubcc4\uc2dc", "formattedAddress": ["\uc11c\ucd08\uad6c \uc0ac\ud3c9\ub300\ub85c14\uae38 11", "\ubc18\ud3ec4\ub3d9", "\uc11c\uc6b8\ud2b9\ubcc4\uc2dc", "\uc11c\uc6b8\ud2b9\ubcc4\uc2dc", "\ub300\ud55c\ubbfc\uad6d"], "lng": 126.99432705125861, "labeledLatLngs": [{"lng": 126.99432705125861, "label": "display", "lat": 37.49807511592982}], "country": "\ub300\ud55c\ubbfc\uad6d", "cc": "KR"}, "contact": {"twitter": "dukechoi", "formattedPhone": "+82 2-595-8181", "phone": "+8225958181"}, "name": "EAT'taly"}, "width": 540, "suffix": "/3870054_LkrF8QHFJfU_LWBD-_NnDZXCNg0ewjVv0F8Fgtbitmk.jpg"}, {"id": "51f103c1498e26734c9846d9", "createdAt": 1374749633, "height": 960, "visibility": "public", "source": {"url": "https://foursquare.com/download/#/android", "name": "Foursquare for Android"}, "prefix": "https://igx.4sqi.net/img/general/", "venue": {"id": "5099e3eae4b08f4d70fe20b6", "like": false, "stats": {"checkinsCount": 598, "tipCount": 16, "usersCount": 351}, "beenHere": {"lastCheckinExpiredAt": 0}, "categories": [{"id": "4bf58dd8d48988d16d941735", "primary": true, "icon": {"prefix": "https://ss3.4sqi.net/img/categories_v2/food/cafe_", "suffix": ".png"}, "pluralName": "Caf\u00e9s", "shortName": "Caf\u00e9", "name": "Caf\u00e9"}], "verified": false, "allowMenuUrlEdit": true, "location": {"address": "\uac15\ub0a8\uad6c \ud14c\ud5e4\ub780\ub85c 152", "state": "\uc11c\uc6b8\ud2b9\ubcc4\uc2dc", "lat": 37.500319769371636, "postalCode": "135-984", "city": "\uc11c\uc6b8\ud2b9\ubcc4\uc2dc", "formattedAddress": ["\uac15\ub0a8\uad6c \ud14c\ud5e4\ub780\ub85c 152", "\uc5ed\uc0bc1\ub3d9", "\uc11c\uc6b8\ud2b9\ubcc4\uc2dc", "\uc11c\uc6b8\ud2b9\ubcc4\uc2dc", "135-984", "\ub300\ud55c\ubbfc\uad6d"], "lng": 127.03622585827229, "labeledLatLngs": [{"lng": 127.03622585827229, "label": "display", "lat": 37.500319769371636}], "country": "\ub300\ud55c\ubbfc\uad6d", "cc": "KR"}, "contact": {"formattedPhone": "+82 2-3476-7596", "phone": "+82234767596"}, "name": "Cafe Stove"}, "width": 836, "suffix": "/3870054_63o9_9evMSfV9aEHDmdTItSl-wvMwEGhWaVWkMSMyKo.jpg"}, {"id": "51eb58ac498e1e2aa39f7df4", "createdAt": 1374378156, "height": 540, "visibility": "public", "source": {"url": "https://foursquare.com/download/#/android", "name": "Foursquare for Android"}, "prefix": "https://igx.4sqi.net/img/general/", "venue": {"closed": true, "like": false, "allowMenuUrlEdit": true, "location": {"crossStreet": "\uc0bc\uccad\uc810", "labeledLatLngs": [{"lng": 126.98181723276184, "label": "display", "lat": 37.58747047690219}], "state": "\uc11c\uc6b8\ud2b9\ubcc4\uc2dc", "lat": 37.58747047690219, "postalCode": "110-230", "city": "\uc11c\uc6b8\ud2b9\ubcc4\uc2dc", "formattedAddress": ["\uc885\ub85c\uad6c \uc0bc\uccad\ub85c 138 (\uc0bc\uccad\uc810)", "\uc0bc\uccad\ub3d9", "\uc11c\uc6b8\ud2b9\ubcc4\uc2dc", "\uc11c\uc6b8\ud2b9\ubcc4\uc2dc", "110-230", "\ub300\ud55c\ubbfc\uad6d"], "lng": 126.98181723276184, "address": "\uc885\ub85c\uad6c \uc0bc\uccad\ub85c 138", "country": "\ub300\ud55c\ubbfc\uad6d", "cc": "KR"}, "id": "5094e824e4b0836530ce2117", "beenHere": {"lastCheckinExpiredAt": 0}, "stats": {"checkinsCount": 519, "tipCount": 12, "usersCount": 429}, "url": "http://www.cafechloris.co.kr", "categories": [{"id": "4bf58dd8d48988d1dc931735", "primary": true, "icon": {"prefix": "https://ss3.4sqi.net/img/categories_v2/food/tearoom_", "suffix": ".png"}, "pluralName": "Tea Rooms", "shortName": "Tea Room", "name": "Tea Room"}], "verified": false, "contact": {"formattedPhone": "+82 2-733-7523", "phone": "+8227337523"}, "name": "Chloris Tea Garden"}, "width": 960, "suffix": "/3870054_WxjQkqQl3h-s-pF7iVicMqdrVMZFVIIfHpqvpDfZtII.jpg"}, {"id": "516a3eb7498eb65b8446ca5b", "createdAt": 1365917367, "height": 1440, "visibility": "public", "source": {"url": "https://foursquare.com/download/#/iphone", "name": "Foursquare for iOS"}, "prefix": "https://igx.4sqi.net/img/general/", "venue": {"id": "4eb147cbd3e36bac66ef6ea5", "like": false, "stats": {"checkinsCount": 8819, "tipCount": 50, "usersCount": 3663}, "url": "http://www.starbucks.com.sg", "beenHere": {"lastCheckinExpiredAt": 0}, "categories": [{"id": "4bf58dd8d48988d1e0931735", "primary": true, "icon": {"prefix": "https://ss3.4sqi.net/img/categories_v2/food/coffeeshop_", "suffix": ".png"}, "pluralName": "Coffee Shops", "shortName": "Coffee Shop", "name": "Coffee Shop"}], "verified": false, "allowMenuUrlEdit": true, "location": {"address": "37 Rochester Dr", "lat": 1.305586348912036, "postalCode": "138640", "city": "Singapore", "formattedAddress": ["37 Rochester Dr", "138640", "Singapore"], "lng": 103.787841796875, "labeledLatLngs": [{"lng": 103.787841796875, "label": "display", "lat": 1.305586348912036}], "country": "Singapore", "cc": "SG"}, "contact": {"twitter": "sg_starbucks", "formattedPhone": "+65 6684 8538", "phone": "+6566848538"}, "name": "Starbucks"}, "width": 1440, "suffix": "/3870054_Wc_XU7bvfJUmkR8nA7_mYGooNnT-uWHalwl1C6Fy3cs.jpg"}, {"id": "502f235be4b078fb595ecd74", "createdAt": 1345266523, "height": 720, "visibility": "public", "source": {"url": "https://foursquare.com/download/#/iphone", "name": "Foursquare for iOS"}, "prefix": "https://igx.4sqi.net/img/general/", "venue": {"id": "4de6f7407d8b79dc4579b716", "like": false, "stats": {"checkinsCount": 92, "tipCount": 2, "usersCount": 83}, "beenHere": {"lastCheckinExpiredAt": 0}, "categories": [{"id": "4bf58dd8d48988d12d951735", "primary": true, "icon": {"prefix": "https://ss3.4sqi.net/img/categories_v2/travel/boat_", "suffix": ".png"}, "pluralName": "Boats or Ferries", "shortName": "Boat / Ferry", "name": "Boat or Ferry"}], "verified": false, "allowMenuUrlEdit": true, "location": {"address": "\ub300\ud55c\ubbfc\uad6d \uc81c\uc8fc\ud2b9\ubcc4\uc790\uce58\ub3c4 \uc11c\uadc0\ud3ec\uc2dc \ubcf4\ubaa9\ub3d9 562", "state": "\uc81c\uc8fc\ud2b9\ubcc4\uc790\uce58\ub3c4", "lat": 33.23937654779663, "postalCode": "697-020", "city": "\uc11c\uadc0\ud3ec\uc2dc", "formattedAddress": ["\ub300\ud55c\ubbfc\uad6d \uc81c\uc8fc\ud2b9\ubcc4\uc790\uce58\ub3c4 \uc11c\uadc0\ud3ec\uc2dc \ubcf4\ubaa9\ub3d9 562", "\uc11c\uadc0\ud3ec\uc2dc", "\uc81c\uc8fc\ud2b9\ubcc4\uc790\uce58\ub3c4", "697-020", "\ub300\ud55c\ubbfc\uad6d"], "lng": 126.60795595104396, "labeledLatLngs": [{"lng": 126.60795595104396, "label": "display", "lat": 33.23937654779663}], "country": "\ub300\ud55c\ubbfc\uad6d", "cc": "KR"}, "contact": {}, "venueRatingBlacklisted": true, "name": "\ubcf4\ubaa9\ud3ec\uad6c"}, "width": 537, "suffix": "/TouY9c1brEo0RP0GwoSZi_TKtnip4QXufDoRG4CxfE4.jpg"}, {"id": "502ecb3be4b05159d4d8507b", "createdAt": 1345243963, "height": 720, "visibility": "public", "source": {"url": "https://foursquare.com/download/#/iphone", "name": "Foursquare for iOS"}, "prefix": "https://igx.4sqi.net/img/general/", "venue": {"id": "51304c96e4b0feed1c57d374", "like": false, "stats": {"checkinsCount": 1290, "tipCount": 27, "usersCount": 1152}, "beenHere": {"lastCheckinExpiredAt": 0}, "categories": [{"id": "4bf58dd8d48988d1e0931735", "primary": true, "icon": {"prefix": "https://ss3.4sqi.net/img/categories_v2/food/coffeeshop_", "suffix": ".png"}, "pluralName": "Coffee Shops", "shortName": "Coffee Shop", "name": "Coffee Shop"}], "verified": false, "allowMenuUrlEdit": true, "location": {"address": "\ub0a8\uc6d0\uc74d \uc704\ubbf8\ud574\uc548\ub85c 86", "state": "\uc81c\uc8fc\ud2b9\ubcc4\uc790\uce58\ub3c4", "lat": 33.269488073520435, "postalCode": "699-944", "city": "\uc11c\uadc0\ud3ec\uc2dc", "formattedAddress": ["\ub0a8\uc6d0\uc74d \uc704\ubbf8\ud574\uc548\ub85c 86", "\uc11c\uadc0\ud3ec\uc2dc", "\uc81c\uc8fc\ud2b9\ubcc4\uc790\uce58\ub3c4", "699-944", "\ub300\ud55c\ubbfc\uad6d"], "lng": 126.65566509652476, "labeledLatLngs": [{"lng": 126.65566509652476, "label": "display", "lat": 33.269488073520435}], "country": "\ub300\ud55c\ubbfc\uad6d", "cc": "KR"}, "contact": {"formattedPhone": "+82 64-764-7894", "phone": "+82647647894"}, "name": "Caf\u00e9 de Seoyeon (\uce74\ud398 \uc11c\uc5f0\uc758 \uc9d1)"}, "width": 537, "suffix": "/GOeEJ_IAJKqsmI_lZkxXWkBk3LBAKw0WE5kLjC0R8Z0.jpg"}, {"id": "502e259be4b07730f3d8bae2", "createdAt": 1345201563, "height": 537, "visibility": "public", "source": {"url": "https://foursquare.com/download/#/iphone", "name": "Foursquare for iOS"}, "prefix": "https://igx.4sqi.net/img/general/", "venue": {"id": "4b58f4dcf964a520587528e3", "like": false, "stats": {"checkinsCount": 8977, "tipCount": 100, "usersCount": 7642}, "beenHere": {"lastCheckinExpiredAt": 0}, "categories": [{"id": "4eb1d4d54b900d56c88a45fc", "primary": true, "icon": {"prefix": "https://ss3.4sqi.net/img/categories_v2/parks_outdoors/mountain_", "suffix": ".png"}, "pluralName": "Mountains", "shortName": "Mountain", "name": "Mountain"}], "verified": false, "location": {"address": "\uc131\uc0b0\uc74d \uc77c\ucd9c\ub85c 284-12", "state": "\uc81c\uc8fc\ud2b9\ubcc4\uc790\uce58\ub3c4", "lat": 33.46222363857795, "postalCode": "699-903", "city": "\uc11c\uadc0\ud3ec\uc2dc", "formattedAddress": ["\uc131\uc0b0\uc74d \uc77c\ucd9c\ub85c 284-12", "\uc11c\uadc0\ud3ec\uc2dc", "\uc81c\uc8fc\ud2b9\ubcc4\uc790\uce58\ub3c4", "699-903", "\ub300\ud55c\ubbfc\uad6d"], "lng": 126.93607128387822, "labeledLatLngs": [{"lng": 126.93607128387822, "label": "display", "lat": 33.46222363857795}], "country": "\ub300\ud55c\ubbfc\uad6d", "cc": "KR"}, "contact": {"formattedPhone": "+82 64-783-0959", "phone": "+82647830959"}, "name": "Seongsan Ilchulbong (\uc131\uc0b0\uc77c\ucd9c\ubd09)"}, "width": 720, "suffix": "/x8qRRYkeUBOEGHig1t7tqstutSHGGdyPwlHkki7e0Uo.jpg"}, {"id": "502e1464e4b06888b640f524", "createdAt": 1345197156, "height": 720, "visibility": "public", "source": {"url": "https://foursquare.com/download/#/iphone", "name": "Foursquare for iOS"}, "prefix": "https://igx.4sqi.net/img/general/", "venue": {"id": "4c121f6eb7b9c928e125a737", "like": false, "stats": {"checkinsCount": 151, "tipCount": 8, "usersCount": 149}, "beenHere": {"lastCheckinExpiredAt": 0}, "categories": [{"id": "4bf58dd8d48988d1ce941735", "primary": true, "icon": {"prefix": "https://ss3.4sqi.net/img/categories_v2/food/seafood_", "suffix": ".png"}, "pluralName": "Seafood Restaurants", "shortName": "Seafood", "name": "Seafood Restaurant"}], "verified": false, "allowMenuUrlEdit": true, "location": {"address": "\uc131\uc0b0\uc74d \uc77c\ucd9c\ub85c 287", "lat": 33.46323062569076, "country": "\ub300\ud55c\ubbfc\uad6d", "lng": 126.93507397856484, "labeledLatLngs": [{"lng": 126.93507397856484, "label": "display", "lat": 33.46323062569076}], "formattedAddress": ["\uc131\uc0b0\uc74d \uc77c\ucd9c\ub85c 287", "\ub300\ud55c\ubbfc\uad6d"], "cc": "KR"}, "contact": {"formattedPhone": "+82 64-782-4646", "phone": "+82647824646"}, "name": "\ud55c\uc131\uc2dd\ub2f9"}, "width": 537, "suffix": "/17-hdrfu9SwpSVcrWtYDBco1U4TN6-GFiXLLEnKiagc.jpg"}, {"id": "50135cf3e4b06fc7ceb6bb3c", "createdAt": 1343446259, "height": 720, "visibility": "public", "source": {"url": "https://foursquare.com/download/#/iphone", "name": "Foursquare for iOS"}, "prefix": "https://igx.4sqi.net/img/general/", "venue": {"id": "4c429212ff711b8d29d61305", "like": false, "stats": {"checkinsCount": 765, "tipCount": 22, "usersCount": 532}, "beenHere": {"lastCheckinExpiredAt": 0}, "categories": [{"id": "4bf58dd8d48988d145941735", "primary": true, "icon": {"prefix": "https://ss3.4sqi.net/img/categories_v2/food/asian_", "suffix": ".png"}, "pluralName": "Chinese Restaurants", "shortName": "Chinese", "name": "Chinese Restaurant"}], "verified": false, "allowMenuUrlEdit": true, "location": {"address": "\ub300\uad00\ub839\uba74 \ud6a1\uacc4\uae38 19", "state": "\uac15\uc6d0\ub3c4", "lat": 37.673076084389116, "postalCode": "232-954", "city": "Pyeongchang", "formattedAddress": ["\ub300\uad00\ub839\uba74 \ud6a1\uacc4\uae38 19", "\ud3c9\ucc3d\uad70", "\uac15\uc6d0\ub3c4", "232-954", "\ub300\ud55c\ubbfc\uad6d"], "lng": 128.7083887244894, "labeledLatLngs": [{"lng": 128.7083887244894, "label": "display", "lat": 37.673076084389116}], "country": "\ub300\ud55c\ubbfc\uad6d", "cc": "KR"}, "contact": {"formattedPhone": "+82 33-335-5567", "phone": "+82333355567"}, "name": "\uc9c4\ud0dc\uc6d0"}, "width": 537, "suffix": "/UkAnWp0uLqiXYfiEQb1V4gRVjPtVIKX3wt_CqIQikXc.jpg"}, {"id": "50126a4ae4b090757ffda29b", "createdAt": 1343384138, "height": 720, "visibility": "public", "source": {"url": "https://foursquare.com/download/#/iphone", "name": "Foursquare for iOS"}, "prefix": "https://igx.4sqi.net/img/general/", "venue": {"id": "4be12d28a7380f47226f19b0", "like": false, "stats": {"checkinsCount": 1371, "tipCount": 27, "usersCount": 1052}, "url": "http://www.hanwootown.co.kr", "beenHere": {"lastCheckinExpiredAt": 0}, "categories": [{"id": "4bf58dd8d48988d1df931735", "primary": true, "icon": {"prefix": "https://ss3.4sqi.net/img/categories_v2/food/bbqalt_", "suffix": ".png"}, "pluralName": "BBQ Joints", "shortName": "BBQ", "name": "BBQ Joint"}], "verified": false, "allowMenuUrlEdit": true, "location": {"formattedAddress": ["\ub300\uad00\ub839\uba74 \uc62c\ub9bc\ud53d\ub85c 38", "\ud6a1\uacc4\ub9ac", "\ud3c9\ucc3d\uad70", "\uac15\uc6d0\ub3c4", "25347", "\ub300\ud55c\ubbfc\uad6d"], "address": "\ub300\uad00\ub839\uba74 \uc62c\ub9bc\ud53d\ub85c 38", "state": "\uac15\uc6d0\ub3c4", "lat": 37.67527067385936, "postalCode": "25347", "city": "Pyeongchang", "neighborhood": "\ud6a1\uacc4\ub9ac", "lng": 128.70013641130788, "labeledLatLngs": [{"lng": 128.70013641130788, "label": "display", "lat": 37.67527067385936}], "country": "\ub300\ud55c\ubbfc\uad6d", "cc": "KR"}, "contact": {"formattedPhone": "+82 33-332-0001", "phone": "+82333320001"}, "name": "\ub300\uad00\ub839\ud55c\uc6b0\ud0c0\uc6b4"}, "width": 537, "suffix": "/YRUuVuF_o4dXbUUBiso0_TW00WxVrKhYKwPDjtoVPXM.jpg"}, {"id": "4feafe19e4b0fe0b1e251784", "createdAt": 1340800537, "height": 540, "visibility": "public", "source": {"url": "https://foursquare.com/download/#/iphone", "name": "Foursquare for iOS"}, "prefix": "https://igx.4sqi.net/img/general/", "venue": {"id": "4bb21a3ff964a52005b93ce3", "closed": true, "stats": {"checkinsCount": 4738, "tipCount": 46, "usersCount": 2003}, "like": false, "beenHere": {"lastCheckinExpiredAt": 0}, "categories": [{"id": "4bf58dd8d48988d16d941735", "primary": true, "icon": {"prefix": "https://ss3.4sqi.net/img/categories_v2/food/cafe_", "suffix": ".png"}, "pluralName": "Caf\u00e9s", "shortName": "Caf\u00e9", "name": "Caf\u00e9"}], "verified": false, "allowMenuUrlEdit": true, "location": {"crossStreet": "\uc11c\ub798\ub9c8\uc744\uc810", "state": "\uc11c\uc6b8\ud2b9\ubcc4\uc2dc", "lat": 37.49359642062319, "postalCode": "137-060", "city": "\uc11c\uc6b8\ud2b9\ubcc4\uc2dc", "formattedAddress": ["\uc11c\ucd08\uad6c \ubc29\ubc30\ub3d9 797-7 (\uc11c\ub798\ub9c8\uc744\uc810)", "\ubc29\ubc304\ub3d9", "\uc11c\uc6b8\ud2b9\ubcc4\uc2dc", "\uc11c\uc6b8\ud2b9\ubcc4\uc2dc", "137-060", "\ub300\ud55c\ubbfc\uad6d"], "lng": 126.99207186698914, "address": "\uc11c\ucd08\uad6c \ubc29\ubc30\ub3d9 797-7", "country": "\ub300\ud55c\ubbfc\uad6d", "cc": "KR"}, "contact": {"formattedPhone": "+82 2-591-3388", "phone": "+8225913388"}, "name": "Ceci Cela"}, "width": 540, "suffix": "/elO_7H-wZbLnQrGRXx3EjVphUKrr4QCUx5Vo053aJjg.jpg"}, {"id": "4fe445b5e4b002135e62be52", "createdAt": 1340360117, "height": 537, "visibility": "public", "source": {"url": "https://foursquare.com/download/#/iphone", "name": "Foursquare for iOS"}, "prefix": "https://igx.4sqi.net/img/general/", "venue": {"id": "4c95991e82b56dcb4abddaaa", "like": false, "stats": {"checkinsCount": 453, "tipCount": 12, "usersCount": 331}, "url": "http://cafeinu.blog.me", "beenHere": {"lastCheckinExpiredAt": 0}, "categories": [{"id": "56aa371be4b08b9a8d573508", "primary": true, "icon": {"prefix": "https://ss3.4sqi.net/img/categories_v2/parks_outdoors/dogrun_", "suffix": ".png"}, "pluralName": "Pet Caf\u00e9s", "shortName": "Pet Caf\u00e9", "name": "Pet Caf\u00e9"}], "verified": false, "allowMenuUrlEdit": true, "location": {"address": "\ub9c8\ud3ec\uad6c \uc5b4\uc6b8\ub9c8\ub2f9\ub85c5\uae38 28", "lat": 37.54956889286614, "postalCode": "121-840", "city": "\uc11c\uc6b8\ud2b9\ubcc4\uc2dc", "formattedAddress": ["\ub9c8\ud3ec\uad6c \uc5b4\uc6b8\ub9c8\ub2f9\ub85c5\uae38 28", "\uc11c\uad50\ub3d9", "\uc11c\uc6b8\ud2b9\ubcc4\uc2dc", "121-840", "\ub300\ud55c\ubbfc\uad6d"], "lng": 126.91905224498778, "labeledLatLngs": [{"lng": 126.91905224498778, "label": "display", "lat": 37.54956889286614}], "country": "\ub300\ud55c\ubbfc\uad6d", "cc": "KR"}, "contact": {"twitter": "cafeinu", "formattedPhone": "+82 2-323-2923", "phone": "+8223232923"}, "name": "Inu (\uce74\ud398 \uc774\ub204)"}, "width": 720, "suffix": "/9AaEHHEebWIjWEtfDe1klZGHTrK-87bLaAqNdD6awDc.jpg"}, {"id": "4fd65f94e4b070e01f55a21f", "createdAt": 1339449236, "height": 540, "visibility": "public", "source": {"url": "https://foursquare.com/download/#/iphone", "name": "Foursquare for iOS"}, "prefix": "https://igx.4sqi.net/img/general/", "venue": {"id": "4cbb6b420180721ec2749f61", "like": false, "stats": {"checkinsCount": 4001, "tipCount": 13, "usersCount": 1229}, "beenHere": {"lastCheckinExpiredAt": 0}, "categories": [{"id": "4bf58dd8d48988d11b951735", "primary": true, "icon": {"prefix": "https://ss3.4sqi.net/img/categories_v2/shops/flowershop_", "suffix": ".png"}, "pluralName": "Flower Shops", "shortName": "Flower Shop", "name": "Flower Shop"}], "verified": false, "allowMenuUrlEdit": true, "location": {"address": "\uc11c\ucd08\uad6c \uc2e0\ubc18\ud3ec\ub85c 194", "state": "\uc11c\uc6b8\ud2b9\ubcc4\uc2dc", "lat": 37.50516175261584, "postalCode": "137-726", "city": "\uc11c\uc6b8\ud2b9\ubcc4\uc2dc", "formattedAddress": ["\uc11c\ucd08\uad6c \uc2e0\ubc18\ud3ec\ub85c 194", "\ubc18\ud3ec4\ub3d9", "\uc11c\uc6b8\ud2b9\ubcc4\uc2dc", "\uc11c\uc6b8\ud2b9\ubcc4\uc2dc", "137-726", "\ub300\ud55c\ubbfc\uad6d"], "lng": 127.00492069136624, "labeledLatLngs": [{"lng": 127.00492069136624, "label": "display", "lat": 37.50516175261584}], "country": "\ub300\ud55c\ubbfc\uad6d", "cc": "KR"}, "contact": {}, "name": "\uac15\ub0a8\uace0\uc18d\ud130\ubbf8\ub110 \uaf43\ub3c4\ub9e4\uc0c1\uac00"}, "width": 540, "suffix": "/72h6HZyV5hcrW3gV3NMCWN8TF9DOtk3EGInkjk7D-xU.jpg"}, {"id": "4fab3730e4b0a76594d55dce", "createdAt": 1336620848, "height": 537, "visibility": "public", "source": {"url": "https://foursquare.com/download/#/iphone", "name": "Foursquare for iOS"}, "prefix": "https://igx.4sqi.net/img/general/", "venue": {"id": "4bce4e9d937ca593f468ae92", "like": false, "stats": {"checkinsCount": 19673, "tipCount": 15, "usersCount": 3961}, "beenHere": {"lastCheckinExpiredAt": 0}, "categories": [{"id": "4bf58dd8d48988d130941735", "primary": true, "icon": {"prefix": "https://ss3.4sqi.net/img/categories_v2/building/default_", "suffix": ".png"}, "pluralName": "Buildings", "shortName": "Building", "name": "Building"}], "verified": false, "location": {"formattedAddress": ["\uc11c\ucd08\uad6c \uc11c\ucd08\ub300\ub85c74\uae38 11", "\uc11c\ucd082\ub3d9", "\uc11c\uc6b8\ud2b9\ubcc4\uc2dc", "\uc11c\uc6b8\ud2b9\ubcc4\uc2dc", "06620", "\ub300\ud55c\ubbfc\uad6d"], "address": "\uc11c\ucd08\uad6c \uc11c\ucd08\ub300\ub85c74\uae38 11", "state": "\uc11c\uc6b8\ud2b9\ubcc4\uc2dc", "lat": 37.4966012683788, "postalCode": "06620", "city": "\uc11c\uc6b8\ud2b9\ubcc4\uc2dc", "neighborhood": "\uc11c\ucd082\ub3d9", "lng": 127.02690839767455, "labeledLatLngs": [{"lng": 127.02690839767455, "label": "display", "lat": 37.4966012683788}], "country": "\ub300\ud55c\ubbfc\uad6d", "cc": "KR"}, "contact": {"twitter": "samsungtomorrow", "formattedPhone": "+82 2-2255-0114", "phone": "+82222550114"}, "venueRatingBlacklisted": true, "name": "Samsung Town Building C(Samsung Electronics, life insurance, securities) (\uc0bc\uc131\uc804\uc790 \uc11c\ucd08\uc0ac\uc625)"}, "width": 720, "suffix": "/dAuUPFygSfv02GDguHdh9QeQSkDNOY9cV6n8X9Ug3Lc.jpg"}, {"id": "4f9f92fbe4b04840b9d9b779", "createdAt": 1335857915, "height": 540, "visibility": "public", "source": {"url": "https://foursquare.com/download/#/iphone", "name": "Foursquare for iOS"}, "prefix": "https://igx.4sqi.net/img/general/", "venue": {"id": "4e34a8faaeb7f67fbd296cc7", "like": false, "stats": {"checkinsCount": 3077, "tipCount": 20, "usersCount": 551}, "url": "http://sports.ksponco.or.kr", "beenHere": {"lastCheckinExpiredAt": 0}, "categories": [{"id": "4bf58dd8d48988d15e941735", "primary": true, "icon": {"prefix": "https://ss3.4sqi.net/img/categories_v2/parks_outdoors/pool_", "suffix": ".png"}, "pluralName": "Pools", "shortName": "Pool", "name": "Pool"}], "verified": false, "location": {"formattedAddress": ["\uc1a1\ud30c\uad6c \uc62c\ub9bc\ud53d\ub85c 424", "\uc624\ub95c\ub3d9", "\uc11c\uc6b8\ud2b9\ubcc4\uc2dc", "\uc11c\uc6b8\ud2b9\ubcc4\uc2dc", "05540", "\ub300\ud55c\ubbfc\uad6d"], "address": "\uc1a1\ud30c\uad6c \uc62c\ub9bc\ud53d\ub85c 424", "state": "\uc11c\uc6b8\ud2b9\ubcc4\uc2dc", "lat": 37.52114743997858, "postalCode": "05540", "city": "\uc11c\uc6b8\ud2b9\ubcc4\uc2dc", "neighborhood": "\uc1a1\ud30c\uad6c, \uc11c\uc6b8\ud2b9\ubcc4\uc2dc, \uc11c\uc6b8\ud2b9\ubcc4\uc2dc", "lng": 127.12729112746827, "labeledLatLngs": [{"lng": 127.12729112746827, "label": "display", "lat": 37.52114743997858}], "country": "\ub300\ud55c\ubbfc\uad6d", "cc": "KR"}, "contact": {"formattedPhone": "+82 2-410-1624", "phone": "+8224101624"}, "name": "Olympic Swimming Pool (\uc62c\ub9bc\ud53d\uc218\uc601\uc7a5)"}, "width": 540, "suffix": "/gCm-vlzQVKjuzmPYNr8gVNYAzOuqxWXYOuaFbWU6c4E.jpg"}, {"id": "4f8a39f3e4b055d230bfe98b", "createdAt": 1334458867, "height": 720, "visibility": "public", "source": {"url": "https://foursquare.com/download/#/iphone", "name": "Foursquare for iOS"}, "prefix": "https://igx.4sqi.net/img/general/", "venue": {"id": "4e87e89c9adf84cc69ada35c", "like": false, "stats": {"checkinsCount": 423, "tipCount": 1, "usersCount": 50}, "beenHere": {"lastCheckinExpiredAt": 0}, "categories": [{"id": "4d954b06a243a5684965b473", "primary": true, "icon": {"prefix": "https://ss3.4sqi.net/img/categories_v2/building/apartment_", "suffix": ".png"}, "pluralName": "Residential Buildings (Apartments / Condos)", "shortName": "Residential", "name": "Residential Building (Apartment / Condo)"}], "verified": false, "location": {"address": "\uc11c\ucd08\uad6c \ubc18\ud3ec2\ub3d9 16-1", "state": "\uc11c\uc6b8\ud2b9\ubcc4\uc2dc", "lat": 37.50110852379772, "city": "\uc11c\uc6b8\ud2b9\ubcc4\uc2dc", "formattedAddress": ["\uc11c\ucd08\uad6c \ubc18\ud3ec2\ub3d9 16-1", "\ubc18\ud3ec2\ub3d9", "\uc11c\uc6b8\ud2b9\ubcc4\uc2dc", "\uc11c\uc6b8\ud2b9\ubcc4\uc2dc", "\ub300\ud55c\ubbfc\uad6d"], "lng": 126.99690218160937, "labeledLatLngs": [{"lng": 126.99690218160937, "label": "display", "lat": 37.50110852379772}], "country": "\ub300\ud55c\ubbfc\uad6d", "cc": "KR"}, "contact": {}, "venueRatingBlacklisted": true, "name": "Banpo Hillstate (\ubc18\ud3ec \ud790\uc2a4\ud14c\uc774\ud2b8\uc544\ud30c\ud2b8)"}, "width": 537, "suffix": "/2Ecj7Zin1ukOhISL-mt9XmXrBlyhaJdAhuw8jWRTsi0.jpg"}, {"id": "4eded916f5b93f54c37ea8d7", "createdAt": 1323227414, "height": 720, "visibility": "public", "source": {"url": "https://foursquare.com/download/#/iphone", "name": "Foursquare for iOS"}, "prefix": "https://igx.4sqi.net/img/general/", "venue": {"id": "4b5131e1f964a520cf4627e3", "like": false, "stats": {"checkinsCount": 747, "tipCount": 27, "usersCount": 622}, "url": "http://www.dimatteo.co.kr", "beenHere": {"lastCheckinExpiredAt": 0}, "categories": [{"id": "4bf58dd8d48988d1ca941735", "primary": true, "icon": {"prefix": "https://ss3.4sqi.net/img/categories_v2/food/pizza_", "suffix": ".png"}, "pluralName": "Pizza Places", "shortName": "Pizza", "name": "Pizza Place"}], "verified": false, "allowMenuUrlEdit": true, "location": {"address": "\uc885\ub85c\uad6c \ub3d9\uc22d\uae38 29", "state": "\uc11c\uc6b8\ud2b9\ubcc4\uc2dc", "lat": 37.58016948828215, "postalCode": "110-809", "city": "\uc11c\uc6b8\ud2b9\ubcc4\uc2dc", "formattedAddress": ["\uc885\ub85c\uad6c \ub3d9\uc22d\uae38 29", "\uc774\ud654\ub3d9", "\uc885\ub85c\uad6c", "\uc11c\uc6b8\ud2b9\ubcc4\uc2dc", "110-809", "\ub300\ud55c\ubbfc\uad6d"], "lng": 127.00388237290697, "labeledLatLngs": [{"lng": 127.00388237290697, "label": "display", "lat": 37.58016948828215}], "country": "\ub300\ud55c\ubbfc\uad6d", "cc": "KR"}, "contact": {}, "name": "\ub514\ub9c8\ub5bc\uc624"}, "width": 537, "suffix": "/JKT43CUV3X0PAT5XTSRERKAA4VKNWT1OO1R13R15Q2I5H3G2.jpg"}, {"id": "4ec6185b6da1d1092cea7292", "createdAt": 1321605211, "height": 720, "visibility": "public", "source": {"url": "https://foursquare.com/download/#/iphone", "name": "Foursquare for iOS"}, "prefix": "https://igx.4sqi.net/img/general/", "venue": {"id": "4bf7bc63508c0f4706ec3d31", "like": false, "stats": {"checkinsCount": 213, "tipCount": 6, "usersCount": 161}, "beenHere": {"lastCheckinExpiredAt": 0}, "categories": [{"id": "4bf58dd8d48988d16d941735", "primary": true, "icon": {"prefix": "https://ss3.4sqi.net/img/categories_v2/food/cafe_", "suffix": ".png"}, "pluralName": "Caf\u00e9s", "shortName": "Caf\u00e9", "name": "Caf\u00e9"}], "verified": false, "allowMenuUrlEdit": true, "location": {"state": "\uac15\uc6d0\ub3c4", "lat": 37.84022352771135, "city": "\uac15\ub989\uc2dc", "formattedAddress": ["\uac15\ub989\uc2dc", "\uac15\uc6d0\ub3c4", "\ub300\ud55c\ubbfc\uad6d"], "lng": 128.8768023865173, "labeledLatLngs": [{"lng": 128.8768023865173, "label": "display", "lat": 37.84022352771135}], "country": "\ub300\ud55c\ubbfc\uad6d", "cc": "KR"}, "contact": {}, "name": "Shelly's Coffee"}, "width": 537, "suffix": "/JF5XW0YD5325PDKTDH0SQ1DZ5SRNGVXEB5PQ2UD5GLLX0Q1Y.jpg"}, {"id": "4dc64c7d40a30c85badb9059", "createdAt": 1304841341, "height": 720, "visibility": "public", "source": {"url": "https://foursquare.com/download/#/iphone", "name": "Foursquare for iOS"}, "prefix": "https://igx.4sqi.net/img/general/", "venue": {"id": "4b59386ef964a520d58128e3", "like": false, "stats": {"checkinsCount": 86, "tipCount": 7, "usersCount": 79}, "beenHere": {"lastCheckinExpiredAt": 0}, "categories": [{"id": "4bf58dd8d48988d113941735", "primary": true, "icon": {"prefix": "https://ss3.4sqi.net/img/categories_v2/food/korean_", "suffix": ".png"}, "pluralName": "Korean Restaurants", "shortName": "Korean", "name": "Korean Restaurant"}], "verified": false, "allowMenuUrlEdit": true, "location": {"address": "\ubd80\uc11d\uba74 \uac04\uc6d4\ub3c41\uae38 65", "state": "\ucda9\uccad\ub0a8\ub3c4", "lat": 36.609535217285156, "city": "\uc11c\uc0b0\uc2dc", "formattedAddress": ["\ubd80\uc11d\uba74 \uac04\uc6d4\ub3c41\uae38 65", "\uc11c\uc0b0\uc2dc", "\ucda9\uccad\ub0a8\ub3c4", "\ub300\ud55c\ubbfc\uad6d"], "lng": 126.416495, "labeledLatLngs": [{"lng": 126.416495, "label": "display", "lat": 36.609535217285156}], "country": "\ub300\ud55c\ubbfc\uad6d", "cc": "KR"}, "contact": {"formattedPhone": "+82 41-662-2706", "phone": "+82416622706"}, "name": "\ud070\ub9c8\uc744\uc601\uc591\uad74\ubc25"}, "width": 537, "suffix": "/3TI5W0VNF2REX1RMVIKNLBSXM2O01VYUVYCRLUEPHIP3QJ5D.jpg"}, {"id": "4daea73ba12dc90ad8ecc197", "createdAt": 1303291707, "height": 537, "visibility": "public", "source": {"url": "https://foursquare.com/download/#/iphone", "name": "Foursquare for iOS"}, "prefix": "https://igx.4sqi.net/img/general/", "venue": {"id": "4b1a2166f964a520b3e723e3", "like": false, "stats": {"checkinsCount": 9491, "tipCount": 62, "usersCount": 4471}, "url": "http://www.coffeebean.com.sg", "beenHere": {"lastCheckinExpiredAt": 0}, "categories": [{"id": "4bf58dd8d48988d16d941735", "primary": true, "icon": {"prefix": "https://ss3.4sqi.net/img/categories_v2/food/cafe_", "suffix": ".png"}, "pluralName": "Caf\u00e9s", "shortName": "Caf\u00e9", "name": "Caf\u00e9"}], "verified": true, "allowMenuUrlEdit": true, "location": {"crossStreet": "Holland Village", "labeledLatLngs": [{"lng": 103.79492282867432, "label": "display", "lat": 1.3110780809015639}], "lat": 1.3110780809015639, "postalCode": "277675", "city": "Singapore", "formattedAddress": ["11 Lor Mambong (Holland Village)", "277675", "Singapore"], "lng": 103.79492282867432, "address": "11 Lor Mambong", "country": "Singapore", "cc": "SG"}, "contact": {"formattedPhone": "+65 6466 4955", "phone": "+6564664955"}, "name": "The Coffee Bean & Tea Leaf"}, "width": 720, "suffix": "/OGVMOTC4MD0JVPSQH0NVC2OPBKVLPHIBERE2LORPJQAA3AU0.jpg"}, {"id": "4daea719a12dc90ad8ecc18f", "createdAt": 1303291673, "height": 720, "visibility": "public", "source": {"url": "https://foursquare.com/download/#/iphone", "name": "Foursquare for iOS"}, "prefix": "https://igx.4sqi.net/img/general/", "venue": {"closed": true, "like": false, "allowMenuUrlEdit": true, "location": {"crossStreet": "1 HarbourFront Walk", "lat": 1.26495574365849, "postalCode": "098585", "city": "Singapore", "formattedAddress": ["#B2-39, VivoCity (1 HarbourFront Walk)", "098585", "Singapore"], "lng": 103.821702003479, "address": "#B2-39, VivoCity", "country": "Singapore", "cc": "SG"}, "id": "4bb2eef7a32876b0bd3401fe", "beenHere": {"lastCheckinExpiredAt": 0}, "stats": {"checkinsCount": 6053, "tipCount": 50, "usersCount": 3804}, "url": "http://www.banquet.com.sg", "categories": [{"id": "4bf58dd8d48988d120951735", "primary": true, "icon": {"prefix": "https://ss3.4sqi.net/img/categories_v2/shops/food_foodcourt_", "suffix": ".png"}, "pluralName": "Food Courts", "shortName": "Food Court", "name": "Food Court"}], "verified": false, "contact": {}, "name": "Banquet"}, "width": 537, "suffix": "/KBFEP5C35LWX0ORWZG54QVEMDP3TDGEQDDR0SL2DR5LZCTBO.jpg"}, {"id": "4da7010afd2879beb60be3c2", "createdAt": 1302790410, "height": 720, "visibility": "public", "source": {"url": "https://foursquare.com/download/#/iphone", "name": "Foursquare for iOS"}, "prefix": "https://igx.4sqi.net/img/general/", "venue": {"id": "4e801543b6343ae453cc4e16", "like": false, "stats": {"checkinsCount": 903, "tipCount": 13, "usersCount": 539}, "beenHere": {"lastCheckinExpiredAt": 0}, "categories": [{"id": "4bf58dd8d48988d16d941735", "primary": true, "icon": {"prefix": "https://ss3.4sqi.net/img/categories_v2/food/cafe_", "suffix": ".png"}, "pluralName": "Caf\u00e9s", "shortName": "Caf\u00e9", "name": "Caf\u00e9"}], "verified": false, "allowMenuUrlEdit": true, "location": {"crossStreet": "\uc774\ucd0c\uc810", "labeledLatLngs": [{"lng": 126.97953009070116, "label": "display", "lat": 37.51812212474648}], "state": "\uc11c\uc6b8\ud2b9\ubcc4\uc2dc", "lat": 37.51812212474648, "postalCode": "140-031", "city": "\uc11c\uc6b8\ud2b9\ubcc4\uc2dc", "formattedAddress": ["\uc6a9\uc0b0\uad6c \uc774\ucd0c\ub3d9 300-3 \ub809\uc2a4\uc0c1\uac00 (\uc774\ucd0c\uc810)", "\uc774\ucd0c1\ub3d9", "\uc11c\uc6b8\ud2b9\ubcc4\uc2dc", "\uc11c\uc6b8\ud2b9\ubcc4\uc2dc", "140-031", "\ub300\ud55c\ubbfc\uad6d"], "lng": 126.97953009070116, "address": "\uc6a9\uc0b0\uad6c \uc774\ucd0c\ub3d9 300-3 \ub809\uc2a4\uc0c1\uac00", "country": "\ub300\ud55c\ubbfc\uad6d", "cc": "KR"}, "contact": {"formattedPhone": "+82 2-794-9721", "phone": "+8227949721"}, "name": "Cafe C."}, "width": 540, "suffix": "/GZHJHJF1GMJJRJOWJQYHEAHRBEN4NVKHF0F4EKNEZPUC12YQ.jpg"}], "count": 22}, "totalCount": 22}, "meta": {"code": 200, "requestId": "595a7d64db04f562eb5d25cf"}, "notifications": [{"item": {"unreadCount": 0}, "type": "notificationTray"}]}