{"meta": {"code": 200, "requestId": "595b1b7cf594df3c250e47fd"}, "notifications": [{"item": {"unreadCount": 0}, "type": "notificationTray"}], "response": {"photos": {"items": [{"height": 540, "source": {"url": "https://foursquare.com/download/#/iphone", "name": "Foursquare for iOS"}, "width": 403, "prefix": "https://igx.4sqi.net/img/general/", "createdAt": 1293707263, "id": "4d1c67ffcf6f2da10547f45a", "venue": {"like": false, "location": {"formattedAddress": ["#03-12 Lot One Shoppers' Mall (21 Choa Chu Kang Ave 4)", "689812", "Singapore"], "city": "Singapore", "lng": 103.74478149829824, "cc": "SG", "country": "Singapore", "crossStreet": "21 Choa Chu Kang Ave 4", "lat": 1.38537265684859, "address": "#03-12 Lot One Shoppers' Mall", "labeledLatLngs": [{"label": "display", "lat": 1.38537265684859, "lng": 103.74478149829824}], "postalCode": "689812"}, "categories": [{"icon": {"prefix": "https://ss3.4sqi.net/img/categories_v2/food/japanese_", "suffix": ".png"}, "name": "Japanese Restaurant", "id": "4bf58dd8d48988d111941735", "pluralName": "Japanese Restaurants", "primary": true, "shortName": "Japanese"}], "verified": false, "contact": {"formattedPhone": "+65 6466 0312", "phone": "+6564660312"}, "allowMenuUrlEdit": true, "stats": {"tipCount": 18, "usersCount": 1498, "checkinsCount": 3009}, "id": "4bb87d961261d13a11a6e898", "name": "MOF \u306e My Izakaya", "beenHere": {"lastCheckinExpiredAt": 0}}, "suffix": "/B4VRRQGBNA4PPFYP010ZPC1PSY5OLXF4DBMNHYTKZN25O5VC.jpg", "visibility": "public"}, {"height": 403, "source": {"url": "https://foursquare.com/download/#/iphone", "name": "Foursquare for iOS"}, "width": 540, "prefix": "https://igx.4sqi.net/img/general/", "createdAt": 1293707220, "id": "4d1c67d4ae8328fdede180eb", "venue": {"like": false, "location": {"formattedAddress": ["#03-12 Lot One Shoppers' Mall (21 Choa Chu Kang Ave 4)", "689812", "Singapore"], "city": "Singapore", "lng": 103.74478149829824, "cc": "SG", "country": "Singapore", "crossStreet": "21 Choa Chu Kang Ave 4", "lat": 1.38537265684859, "address": "#03-12 Lot One Shoppers' Mall", "labeledLatLngs": [{"label": "display", "lat": 1.38537265684859, "lng": 103.74478149829824}], "postalCode": "689812"}, "categories": [{"icon": {"prefix": "https://ss3.4sqi.net/img/categories_v2/food/japanese_", "suffix": ".png"}, "name": "Japanese Restaurant", "id": "4bf58dd8d48988d111941735", "pluralName": "Japanese Restaurants", "primary": true, "shortName": "Japanese"}], "verified": false, "contact": {"formattedPhone": "+65 6466 0312", "phone": "+6564660312"}, "allowMenuUrlEdit": true, "stats": {"tipCount": 18, "usersCount": 1498, "checkinsCount": 3009}, "id": "4bb87d961261d13a11a6e898", "name": "MOF \u306e My Izakaya", "beenHere": {"lastCheckinExpiredAt": 0}}, "suffix": "/OIELDZJBH323AG5AEYUVTK30LOQAHXFFAKPXO4GGZUOLUWIR.jpg", "visibility": "public"}], "count": 2}, "totalCount": 2}}