{"meta": {"code": 200, "requestId": "595b1af54c1f67703a71fa68"}, "notifications": [{"item": {"unreadCount": 0}, "type": "notificationTray"}], "response": {"photos": {"items": [{"height": 540, "source": {"url": "https://foursquare.com/download/#/iphone", "name": "Foursquare for iOS"}, "width": 720, "prefix": "https://igx.4sqi.net/img/general/", "createdAt": 1310460558, "id": "4e1c0a8e45dd10c6b719547d", "venue": {"url": "https://www.myactivesg.com", "like": false, "location": {"formattedAddress": ["Sengkang Sports & Recreation Centre (57 Anchorvale Rd)", "544964", "Singapore"], "city": "Singapore", "lng": 103.88722709153842, "cc": "SG", "country": "Singapore", "crossStreet": "57 Anchorvale Rd", "lat": 1.3964333776645337, "address": "Sengkang Sports & Recreation Centre", "labeledLatLngs": [{"label": "display", "lat": 1.3964333776645337, "lng": 103.88722709153842}], "postalCode": "544964"}, "categories": [{"icon": {"prefix": "https://ss3.4sqi.net/img/categories_v2/parks_outdoors/pool_", "suffix": ".png"}, "name": "Pool", "id": "4bf58dd8d48988d15e941735", "pluralName": "Pools", "primary": true, "shortName": "Pool"}], "verified": false, "contact": {"formattedPhone": "+65 6315 3576", "phone": "+6563153576", "facebookName": "myActiveSG", "facebookUsername": "myActiveSG", "facebook": "154573679032"}, "beenHere": {"lastCheckinExpiredAt": 0}, "stats": {"tipCount": 39, "usersCount": 3432, "checkinsCount": 7622}, "id": "4bffa273daf9c9b65c73faef", "name": "Sengkang Swimming Complex"}, "suffix": "/VGDNTHU0MC5SGZLL22CFNSUOEBV3GRGINGLIUK0AXSHRMACQ.jpg", "visibility": "public"}, {"height": 720, "source": {"url": "https://foursquare.com/download/#/iphone", "name": "Foursquare for iOS"}, "width": 540, "prefix": "https://igx.4sqi.net/img/general/", "createdAt": 1296032682, "id": "4d3fe3aa6d9328fd59c0ff14", "venue": {"like": false, "location": {"city": "Singapore", "lng": 103.98886838458056, "cc": "SG", "country": "Singapore", "crossStreet": "Changi Airport Terminal 2", "lat": 1.3544050562397596, "address": "Rows 3 and 4, Terminal 2 Departure Hall", "labeledLatLngs": [{"label": "display", "lat": 1.3544050562397596, "lng": 103.98886838458056}], "formattedAddress": ["Rows 3 and 4, Terminal 2 Departure Hall (Changi Airport Terminal 2)", "Singapore"]}, "categories": [{"icon": {"prefix": "https://ss3.4sqi.net/img/categories_v2/travel/airport_", "suffix": ".png"}, "name": "Airport Service", "id": "56aa371be4b08b9a8d57352f", "pluralName": "Airport Services", "primary": true, "shortName": "Airport Service"}], "verified": false, "contact": {}, "allowMenuUrlEdit": true, "stats": {"tipCount": 0, "usersCount": 120, "checkinsCount": 295}, "id": "4d23ab5675526dcb68fc02a9", "name": "SilkAir (MI) Check-in Counter", "beenHere": {"lastCheckinExpiredAt": 0}}, "suffix": "/Z4LIZ2BK0O20F0K1ILOTKG0UTHUXN2I20DCEREZF2MCCMCRI.jpg", "visibility": "public"}], "count": 2}, "totalCount": 2}}