{"response": {"photos": {"items": [{"id": "4f294f88e4b0abca06a81b18", "createdAt": 1328107400, "height": 720, "visibility": "public", "source": {"url": "https://foursquare.com/download/#/android", "name": "Foursquare for Android"}, "prefix": "https://igx.4sqi.net/img/general/", "venue": {"id": "4cc173cce310224b37e82f6f", "closed": true, "stats": {"checkinsCount": 1610, "tipCount": 22, "usersCount": 950}, "like": false, "beenHere": {"lastCheckinExpiredAt": 0}, "categories": [{"id": "4bf58dd8d48988d116941735", "primary": true, "icon": {"prefix": "https://ss3.4sqi.net/img/categories_v2/nightlife/pub_", "suffix": ".png"}, "pluralName": "Bars", "shortName": "Bar", "name": "Bar"}], "verified": false, "allowMenuUrlEdit": true, "location": {"crossStreet": "2 Orchard Turn", "lat": 1.3043989037507258, "postalCode": "238801", "city": "Singapore", "formattedAddress": ["#05-02, ION Orchard (2 Orchard Turn)", "238801", "Singapore"], "lng": 103.83232765667022, "address": "#05-02, ION Orchard", "country": "Singapore", "cc": "SG"}, "contact": {}, "name": "Balaclava"}, "width": 720, "suffix": "/04K4PLBJCTHUICKLK0HKWN1D5IQ4JHAJGUTNMCVA5HVUCC4U.jpg"}, {"id": "4f294f68e4b062eef14f6c8c", "createdAt": 1328107368, "height": 720, "visibility": "public", "source": {"url": "https://foursquare.com/download/#/android", "name": "Foursquare for Android"}, "prefix": "https://igx.4sqi.net/img/general/", "venue": {"id": "4cc173cce310224b37e82f6f", "closed": true, "stats": {"checkinsCount": 1610, "tipCount": 22, "usersCount": 950}, "like": false, "beenHere": {"lastCheckinExpiredAt": 0}, "categories": [{"id": "4bf58dd8d48988d116941735", "primary": true, "icon": {"prefix": "https://ss3.4sqi.net/img/categories_v2/nightlife/pub_", "suffix": ".png"}, "pluralName": "Bars", "shortName": "Bar", "name": "Bar"}], "verified": false, "allowMenuUrlEdit": true, "location": {"crossStreet": "2 Orchard Turn", "lat": 1.3043989037507258, "postalCode": "238801", "city": "Singapore", "formattedAddress": ["#05-02, ION Orchard (2 Orchard Turn)", "238801", "Singapore"], "lng": 103.83232765667022, "address": "#05-02, ION Orchard", "country": "Singapore", "cc": "SG"}, "contact": {}, "name": "Balaclava"}, "width": 720, "suffix": "/04K4PLBJCTHUICKLK0HKWN1D5IQ4JHAJGUTNMCVA5HVUCC4U.jpg"}, {"id": "4e85d4189adf071fee3c8d82", "createdAt": 1317393432, "height": 346, "visibility": "public", "source": {"url": "https://foursquare.com/download/#/blackberry", "name": "Foursquare for BlackBerry"}, "prefix": "https://igx.4sqi.net/img/general/", "venue": {"id": "4d011687f7b38cfa8020d3c3", "like": false, "stats": {"checkinsCount": 8112, "tipCount": 15, "usersCount": 3308}, "url": "http://www.titaniumclub.com.sg", "beenHere": {"lastCheckinExpiredAt": 0}, "categories": [{"id": "4bf58dd8d48988d11f941735", "primary": true, "icon": {"prefix": "https://ss3.4sqi.net/img/categories_v2/nightlife/nightclub_", "suffix": ".png"}, "pluralName": "Nightclubs", "shortName": "Nightclub", "name": "Nightclub"}], "verified": false, "allowMenuUrlEdit": true, "location": {"crossStreet": "8 Raffles Ave", "labeledLatLngs": [{"lng": 103.85659255919411, "label": "display", "lat": 1.2897888590141386}], "lat": 1.2897888590141386, "postalCode": "039802", "city": "Singapore", "formattedAddress": ["#01-13F Esplanade Mall (8 Raffles Ave)", "039802", "Singapore"], "lng": 103.85659255919411, "address": "#01-13F Esplanade Mall", "country": "Singapore", "cc": "SG"}, "contact": {"formattedPhone": "+65 6333 4083", "phone": "+6563334083"}, "name": "Titanium"}, "width": 461, "suffix": "/L00J5V40BKL54OXXKTVS2JVUY2BMOM3I4ECK4WEBGHNVWBLI.jpg"}, {"id": "4e83c29f2c5b59297501c87f", "createdAt": 1317257887, "height": 346, "visibility": "public", "source": {"url": "https://foursquare.com/download/#/blackberry", "name": "Foursquare for BlackBerry"}, "prefix": "https://igx.4sqi.net/img/general/", "venue": {"id": "4e83c03ed22db0f42c6c001e", "like": false, "stats": {"checkinsCount": 3, "tipCount": 0, "usersCount": 2}, "beenHere": {"lastCheckinExpiredAt": 0}, "categories": [{"id": "4bf58dd8d48988d171941735", "primary": true, "icon": {"prefix": "https://ss3.4sqi.net/img/categories_v2/building/eventspace_", "suffix": ".png"}, "pluralName": "Event Spaces", "shortName": "Event Space", "name": "Event Space"}], "verified": false, "location": {"crossStreet": "Soo Kee Building", "labeledLatLngs": [{"lng": 103.909717, "label": "display", "lat": 1.335396}], "state": "Singapore", "lat": 1.335396, "postalCode": "416228", "country": "Singapore", "lng": 103.909717, "address": "51 Kaki Bukit Place", "formattedAddress": ["51 Kaki Bukit Place (Soo Kee Building)", "416228", "Singapore"], "cc": "SG"}, "contact": {}, "venueRatingBlacklisted": true, "name": "Soo Kee Group Warehouse Sales"}, "width": 461, "suffix": "/FABMJMO0KS3UM0UN1IQHLCP4TD4NILDXZXYBJKSBZCHTHB0W.jpg"}, {"id": "4e8339e88b81f6ea6f5d0ae4", "createdAt": 1317222888, "height": 346, "visibility": "public", "source": {"url": "https://foursquare.com/download/#/blackberry", "name": "Foursquare for BlackBerry"}, "prefix": "https://igx.4sqi.net/img/general/", "venue": {"id": "4b1ba314f964a52058fc23e3", "like": false, "stats": {"checkinsCount": 2524, "tipCount": 20, "usersCount": 1591}, "beenHere": {"lastCheckinExpiredAt": 0}, "categories": [{"id": "4bf58dd8d48988d11b941735", "primary": true, "icon": {"prefix": "https://ss3.4sqi.net/img/categories_v2/nightlife/pub_", "suffix": ".png"}, "pluralName": "Pubs", "shortName": "Pub", "name": "Pub"}], "verified": false, "allowMenuUrlEdit": true, "location": {"crossStreet": "Holland Village", "labeledLatLngs": [{"lng": 103.79434250539583, "label": "display", "lat": 1.311825033152466}], "lat": 1.311825033152466, "postalCode": "277692", "city": "Singapore", "formattedAddress": ["35 Lorong Mambong (Holland Village)", "277692", "Singapore"], "lng": 103.79434250539583, "address": "35 Lorong Mambong", "country": "Singapore", "cc": "SG"}, "contact": {"formattedPhone": "+65 6463 7364", "phone": "+6564637364"}, "name": "Tango's Restaurant & Wine Bar"}, "width": 461, "suffix": "/22SV1QKM420BIGDF5G3JCEPHSHAYC4JS4AAJM0EYNMXGWVTZ.jpg"}, {"id": "4e828d19f790ce591f223413", "createdAt": 1317178649, "height": 346, "visibility": "public", "source": {"url": "https://foursquare.com/download/#/blackberry", "name": "Foursquare for BlackBerry"}, "prefix": "https://igx.4sqi.net/img/general/", "venue": {"id": "4e8287f455038134bb1c55b4", "like": false, "stats": {"checkinsCount": 395, "tipCount": 2, "usersCount": 114}, "url": "http://www.spring.gov.sg", "beenHere": {"lastCheckinExpiredAt": 0}, "categories": [{"id": "4bf58dd8d48988d126941735", "primary": true, "icon": {"prefix": "https://ss3.4sqi.net/img/categories_v2/building/government_", "suffix": ".png"}, "pluralName": "Government Buildings", "shortName": "Government", "name": "Government Building"}], "verified": false, "location": {"crossStreet": "South Tower, Solaris", "labeledLatLngs": [{"lng": 103.78989999885125, "label": "display", "lat": 1.2979531553007517}], "lat": 1.2979531553007517, "postalCode": "138628", "city": "Singapore", "formattedAddress": ["1 Fusionopolis Walk (South Tower, Solaris)", "138628", "Singapore"], "lng": 103.78989999885125, "address": "1 Fusionopolis Walk", "country": "Singapore", "cc": "SG"}, "contact": {"facebookUsername": "sgspring", "facebook": "372515969589514", "facebookName": "SPRING Singapore", "formattedPhone": "+65 6278 6666", "phone": "+6562786666"}, "venueRatingBlacklisted": true, "name": "SPRING Singapore"}, "width": 461, "suffix": "/5URC2PJRMCHGQI3DDI3QN1XNUEJ3R31RTYYUNZ4QZ1RNQ53U.jpg"}, {"id": "4e81b99fe5fa6714302e58b1", "createdAt": 1317124511, "height": 346, "visibility": "public", "source": {"url": "https://foursquare.com/download/#/blackberry", "name": "Foursquare for BlackBerry"}, "prefix": "https://igx.4sqi.net/img/general/", "venue": {"id": "4e81b509b8f757b1756e6e02", "like": false, "stats": {"checkinsCount": 40, "tipCount": 0, "usersCount": 20}, "beenHere": {"lastCheckinExpiredAt": 0}, "categories": [{"id": "4d4b7105d754a06374d81259", "primary": true, "icon": {"prefix": "https://ss3.4sqi.net/img/categories_v2/food/default_", "suffix": ".png"}, "pluralName": "Food", "shortName": "Food", "name": "Food"}], "verified": false, "allowMenuUrlEdit": true, "location": {"address": "Hougang Ave 8", "lat": 1.374665, "country": "Singapore", "lng": 103.886406, "labeledLatLngs": [{"lng": 103.886406, "label": "display", "lat": 1.374665}], "formattedAddress": ["Hougang Ave 8", "Singapore"], "cc": "SG"}, "contact": {}, "name": "Eunos Bak Koot Teh"}, "width": 461, "suffix": "/XCBFFHM31SVPWWKZEFLSK0RCA5PU0XTAB15IEZMSHR2WW4WH.jpg"}, {"id": "4e7f15c06da1080fa2640092", "createdAt": 1316951488, "height": 346, "visibility": "public", "source": {"url": "https://foursquare.com/download/#/blackberry", "name": "Foursquare for BlackBerry"}, "prefix": "https://igx.4sqi.net/img/general/", "venue": {"id": "4be400d9f07b0f475b44f943", "like": false, "stats": {"checkinsCount": 342, "tipCount": 5, "usersCount": 188}, "beenHere": {"lastCheckinExpiredAt": 0}, "categories": [{"id": "4bf58dd8d48988d145941735", "primary": true, "icon": {"prefix": "https://ss3.4sqi.net/img/categories_v2/food/asian_", "suffix": ".png"}, "pluralName": "Chinese Restaurants", "shortName": "Chinese", "name": "Chinese Restaurant"}], "verified": false, "allowMenuUrlEdit": true, "location": {"crossStreet": "Cactus Rd", "labeledLatLngs": [{"lng": 103.85082316606841, "label": "display", "lat": 1.3914906131822076}], "lat": 1.3914906131822076, "postalCode": "809584", "city": "Singapore", "formattedAddress": ["Cactus Cres (Cactus Rd)", "809584", "Singapore"], "lng": 103.85082316606841, "address": "Cactus Cres", "country": "Singapore", "cc": "SG"}, "contact": {}, "name": "Rong Ji Seafood"}, "width": 461, "suffix": "/SGLAZI2M01KAJNZVQ5QWHHPW5GIZ5WOUROS1B5PQJSFKELAG.jpg"}, {"id": "4e7ebc7529c25018a4e462e3", "createdAt": 1316928629, "height": 346, "visibility": "public", "source": {"url": "https://foursquare.com/download/#/blackberry", "name": "Foursquare for BlackBerry"}, "prefix": "https://igx.4sqi.net/img/general/", "venue": {"id": "4b6cc5c4f964a5205b532ce3", "like": false, "stats": {"checkinsCount": 7482, "tipCount": 22, "usersCount": 4084}, "url": "http://www.kfc.com.sg", "beenHere": {"lastCheckinExpiredAt": 0}, "categories": [{"id": "4d4ae6fc7a7b7dea34424761", "primary": true, "icon": {"prefix": "https://ss3.4sqi.net/img/categories_v2/food/friedchicken_", "suffix": ".png"}, "pluralName": "Fried Chicken Joints", "shortName": "Fried Chicken", "name": "Fried Chicken Joint"}], "verified": false, "allowMenuUrlEdit": true, "location": {"crossStreet": "Tampines Central 5", "labeledLatLngs": [{"lng": 103.94340991973877, "label": "display", "lat": 1.3529253229100566}], "lat": 1.3529253229100566, "postalCode": "529508", "city": "Singapore", "formattedAddress": ["#01-04, CPF Tampines Building (Tampines Central 5)", "529508", "Singapore"], "lng": 103.94340991973877, "address": "#01-04, CPF Tampines Building", "country": "Singapore", "cc": "SG"}, "contact": {"twitter": "kfc_sg", "formattedPhone": "+65 6784 6227", "phone": "+6567846227"}, "name": "KFC"}, "width": 461, "suffix": "/QPKVETL1E4IINGHC4VSYGR1YONFUJMLRF4NLO2W0ZFERSBDJ.jpg"}, {"id": "4e7dcf16b634766b52090000", "createdAt": 1316867862, "height": 346, "visibility": "public", "source": {"url": "https://foursquare.com/download/#/blackberry", "name": "Foursquare for BlackBerry"}, "prefix": "https://igx.4sqi.net/img/general/", "venue": {"id": "4b78f222f964a52005e72ee3", "like": false, "stats": {"checkinsCount": 2504, "tipCount": 2, "usersCount": 458}, "beenHere": {"lastCheckinExpiredAt": 0}, "categories": [{"id": "4d954b06a243a5684965b473", "primary": true, "icon": {"prefix": "https://ss3.4sqi.net/img/categories_v2/building/apartment_", "suffix": ".png"}, "pluralName": "Residential Buildings (Apartments / Condos)", "shortName": "Residential", "name": "Residential Building (Apartment / Condo)"}], "verified": false, "location": {"address": "Boon Keng Road", "lat": 1.3166963613579665, "city": "Singapore", "formattedAddress": ["Boon Keng Road", "Singapore"], "lng": 103.86187525051234, "labeledLatLngs": [{"lng": 103.86187525051234, "label": "display", "lat": 1.3166963613579665}], "country": "Singapore", "cc": "SG"}, "contact": {}, "venueRatingBlacklisted": true, "name": "City View"}, "width": 461, "suffix": "/OCPISEQA0BOKDQNUETUN5MCYL3DU2VX1ZOW1211CX0AYBRIK.jpg"}, {"id": "4e7d60246c25ad8e6f5ab2cf", "createdAt": 1316839460, "height": 346, "visibility": "public", "source": {"url": "https://foursquare.com/download/#/blackberry", "name": "Foursquare for BlackBerry"}, "prefix": "https://igx.4sqi.net/img/general/", "venue": {"id": "4b0bc801f964a520983323e3", "like": false, "stats": {"checkinsCount": 7892, "tipCount": 102, "usersCount": 4945}, "beenHere": {"lastCheckinExpiredAt": 0}, "categories": [{"id": "4bf58dd8d48988d10f941735", "primary": true, "icon": {"prefix": "https://ss3.4sqi.net/img/categories_v2/food/indian_", "suffix": ".png"}, "pluralName": "Indian Restaurants", "shortName": "Indian", "name": "Indian Restaurant"}], "verified": false, "allowMenuUrlEdit": true, "location": {"address": "237 Jalan Kayu", "lat": 1.3961902280381544, "postalCode": "799461", "city": "Singapore", "formattedAddress": ["237 Jalan Kayu", "799461", "Singapore"], "lng": 103.87308678566137, "labeledLatLngs": [{"lng": 103.87308678566137, "label": "display", "lat": 1.3961902280381544}], "country": "Singapore", "cc": "SG"}, "contact": {"formattedPhone": "+65 6481 1537", "phone": "+6564811537"}, "name": "Thasevi Food"}, "width": 461, "suffix": "/ZXHYUBB4EVFMTTMBO4HKZKBDCV4RO5ODIEX3V2M4VQPMSSRJ.jpg"}, {"id": "4e7c7f3cd4c01609aad20b16", "createdAt": 1316781884, "height": 346, "visibility": "public", "source": {"url": "https://foursquare.com/download/#/blackberry", "name": "Foursquare for BlackBerry"}, "prefix": "https://igx.4sqi.net/img/general/", "venue": {"id": "4e6081e81495676d54e3eefa", "like": false, "stats": {"checkinsCount": 4364, "tipCount": 19, "usersCount": 2455}, "url": "http://www.shuffle.sg", "beenHere": {"lastCheckinExpiredAt": 0}, "categories": [{"id": "4bf58dd8d48988d147941735", "primary": true, "icon": {"prefix": "https://ss3.4sqi.net/img/categories_v2/food/diner_", "suffix": ".png"}, "pluralName": "Diners", "shortName": "Diner", "name": "Diner"}], "verified": false, "allowMenuUrlEdit": true, "location": {"crossStreet": "#02-03, Clarke Quay", "labeledLatLngs": [{"lng": 103.84607308408287, "label": "display", "lat": 1.289381277964641}], "lat": 1.289381277964641, "postalCode": "179023", "city": "Singapore", "formattedAddress": ["3D River Valley Road (#02-03, Clarke Quay)", "179023", "Singapore"], "lng": 103.84607308408287, "address": "3D River Valley Road", "country": "Singapore", "cc": "SG"}, "contact": {"formattedPhone": "+65 6338 9438", "phone": "+6563389438"}, "name": "Shuffle Music Bistro Bar"}, "width": 461, "suffix": "/MGRI55QO20SC5I5BT4GZGRFZ4QWUE2FWGTQBAV23MTTVPMUQ.jpg"}, {"id": "4e7bda83b61c3834b8d89df4", "createdAt": 1316739715, "height": 346, "visibility": "public", "source": {"url": "https://foursquare.com/download/#/blackberry", "name": "Foursquare for BlackBerry"}, "prefix": "https://igx.4sqi.net/img/general/", "venue": {"id": "4ccf63bb7f56a1433457c7a6", "like": false, "stats": {"checkinsCount": 509, "tipCount": 1, "usersCount": 63}, "beenHere": {"lastCheckinExpiredAt": 0}, "categories": [{"id": "4bf58dd8d48988d130941735", "primary": true, "icon": {"prefix": "https://ss3.4sqi.net/img/categories_v2/building/default_", "suffix": ".png"}, "pluralName": "Buildings", "shortName": "Building", "name": "Building"}], "verified": false, "location": {"address": "51 Kaki Bukit Place", "state": "Singapore", "lat": 1.334708143619401, "postalCode": "416228", "country": "Singapore", "lng": 103.90461991908137, "labeledLatLngs": [{"lng": 103.90461991908137, "label": "display", "lat": 1.334708143619401}], "formattedAddress": ["51 Kaki Bukit Place", "416228", "Singapore"], "cc": "SG"}, "contact": {}, "venueRatingBlacklisted": true, "name": "Soo Kee Building - HQ"}, "width": 461, "suffix": "/TTX3HFBE5FWD40DRR2JIMH3E2CLPXXJP14LMOPRTBKO2IJ5W.jpg"}, {"id": "4e7a8d5688776ced12d75811", "createdAt": 1316654422, "height": 346, "visibility": "public", "source": {"url": "https://foursquare.com/download/#/blackberry", "name": "Foursquare for BlackBerry"}, "prefix": "https://igx.4sqi.net/img/general/", "venue": {"id": "4ccf63bb7f56a1433457c7a6", "like": false, "stats": {"checkinsCount": 509, "tipCount": 1, "usersCount": 63}, "beenHere": {"lastCheckinExpiredAt": 0}, "categories": [{"id": "4bf58dd8d48988d130941735", "primary": true, "icon": {"prefix": "https://ss3.4sqi.net/img/categories_v2/building/default_", "suffix": ".png"}, "pluralName": "Buildings", "shortName": "Building", "name": "Building"}], "verified": false, "location": {"address": "51 Kaki Bukit Place", "state": "Singapore", "lat": 1.334708143619401, "postalCode": "416228", "country": "Singapore", "lng": 103.90461991908137, "labeledLatLngs": [{"lng": 103.90461991908137, "label": "display", "lat": 1.334708143619401}], "formattedAddress": ["51 Kaki Bukit Place", "416228", "Singapore"], "cc": "SG"}, "contact": {}, "venueRatingBlacklisted": true, "name": "Soo Kee Building - HQ"}, "width": 461, "suffix": "/FTL5T313HES4DZ3KEW2Q20SVDKADU31RUZD2AFJILUSFRFUO.jpg"}, {"id": "4e79d18e88774859c5401b45", "createdAt": 1316606350, "height": 346, "visibility": "public", "source": {"url": "https://foursquare.com/download/#/blackberry", "name": "Foursquare for BlackBerry"}, "prefix": "https://igx.4sqi.net/img/general/", "venue": {"id": "4bbc9f4af57ba59337faacb9", "like": false, "stats": {"checkinsCount": 10168, "tipCount": 68, "usersCount": 5154}, "beenHere": {"lastCheckinExpiredAt": 0}, "categories": [{"id": "4bf58dd8d48988d11e941735", "primary": true, "icon": {"prefix": "https://ss3.4sqi.net/img/categories_v2/nightlife/cocktails_", "suffix": ".png"}, "pluralName": "Cocktail Bars", "shortName": "Cocktail", "name": "Cocktail Bar"}], "verified": false, "allowMenuUrlEdit": true, "location": {"address": "1 Killiney Rd.", "lat": 1.3002125917389356, "postalCode": "239518", "city": "Singapore", "formattedAddress": ["1 Killiney Rd.", "239518", "Singapore"], "lng": 103.84067058563232, "labeledLatLngs": [{"lng": 103.84067058563232, "label": "display", "lat": 1.3002125917389356}], "country": "Singapore", "cc": "SG"}, "contact": {"formattedPhone": "+65 6733 3648", "phone": "+6567333648"}, "name": "KPO Cafe Bar"}, "width": 461, "suffix": "/RPTCSMSUF2UTLYD21GYDKUINX4AZXW4TY2TK33U2MUAT1HTG.jpg"}, {"id": "4e787b1ea809f5bf73093140", "createdAt": 1316518686, "height": 346, "visibility": "public", "source": {"url": "https://foursquare.com/download/#/blackberry", "name": "Foursquare for BlackBerry"}, "prefix": "https://igx.4sqi.net/img/general/", "venue": {"id": "4b058812f964a520e5af22e3", "like": false, "stats": {"checkinsCount": 10748, "tipCount": 98, "usersCount": 3932}, "beenHere": {"lastCheckinExpiredAt": 0}, "categories": [{"id": "4bf58dd8d48988d1d1941735", "primary": true, "icon": {"prefix": "https://ss3.4sqi.net/img/categories_v2/food/ramen_", "suffix": ".png"}, "pluralName": "Noodle Houses", "shortName": "Noodles", "name": "Noodle House"}], "verified": false, "allowMenuUrlEdit": true, "location": {"crossStreet": "Sin Wah Coffeeshop", "labeledLatLngs": [{"lng": 103.90225410461426, "label": "display", "lat": 1.3135665179962277}], "lat": 1.3135665179962277, "postalCode": "427785", "city": "Singapore", "formattedAddress": ["70 Joo Chiat Pl. (Sin Wah Coffeeshop)", "427785", "Singapore"], "lng": 103.90225410461426, "address": "70 Joo Chiat Pl.", "country": "Singapore", "cc": "SG"}, "contact": {}, "name": "Fei Fei Wan Tan Mee King"}, "width": 461, "suffix": "/BCSTZNKTLFZHNMLV3FWHPZFZOWWPXQZMQBWHRPVDO52STZZU.jpg"}, {"id": "4e772cb952b1c8e51a313a26", "createdAt": 1316433081, "height": 346, "visibility": "public", "source": {"url": "https://foursquare.com/download/#/blackberry", "name": "Foursquare for BlackBerry"}, "prefix": "https://igx.4sqi.net/img/general/", "venue": {"id": "4b892d46f964a520122132e3", "like": false, "stats": {"checkinsCount": 5921, "tipCount": 55, "usersCount": 1911}, "beenHere": {"lastCheckinExpiredAt": 0}, "categories": [{"id": "4bf58dd8d48988d1e0931735", "primary": true, "icon": {"prefix": "https://ss3.4sqi.net/img/categories_v2/food/coffeeshop_", "suffix": ".png"}, "pluralName": "Coffee Shops", "shortName": "Coffee Shop", "name": "Coffee Shop"}], "verified": false, "allowMenuUrlEdit": true, "location": {"address": "802 Tampines Ave. 4", "lat": 1.3462942476780937, "postalCode": "520802", "city": "Singapore", "formattedAddress": ["802 Tampines Ave. 4", "520802", "Singapore"], "lng": 103.93821680977145, "labeledLatLngs": [{"lng": 103.93821680977145, "label": "display", "lat": 1.3462942476780937}], "country": "Singapore", "cc": "SG"}, "contact": {}, "name": "TP 802 Food House"}, "width": 461, "suffix": "/FDYPTE2LV4K5F03KD1AR3J4KC4MWER4LTUQ4IW3W3RFAE3A4.jpg"}, {"id": "4e75cdb045ddd4323fe5b4ee", "createdAt": 1316343216, "height": 346, "visibility": "public", "source": {"url": "https://foursquare.com/download/#/blackberry", "name": "Foursquare for BlackBerry"}, "prefix": "https://igx.4sqi.net/img/general/", "venue": {"id": "4b2c24f9f964a5208fc224e3", "closed": true, "stats": {"checkinsCount": 308, "tipCount": 10, "usersCount": 189}, "like": false, "beenHere": {"lastCheckinExpiredAt": 0}, "categories": [{"id": "4bf58dd8d48988d1e0931735", "primary": true, "icon": {"prefix": "https://ss3.4sqi.net/img/categories_v2/food/coffeeshop_", "suffix": ".png"}, "pluralName": "Coffee Shops", "shortName": "Coffee Shop", "name": "Coffee Shop"}], "verified": false, "allowMenuUrlEdit": true, "location": {"lat": 1.3079675310554564, "city": "Singapore", "formattedAddress": ["Syed Alwi Road", "Singapore"], "lng": 103.85715007781982, "address": "Syed Alwi Road", "country": "Singapore", "cc": "SG"}, "contact": {}, "name": "Ah Guan's Mee Pok"}, "width": 461, "suffix": "/32RR0RMKAX3E5MVJ4UKTJTTZNAVQLHN3C5JTOY4X4SLWB2UX.jpg"}, {"id": "4e75a2ba483b0cf5ecd784c2", "createdAt": 1316332218, "height": 346, "visibility": "public", "source": {"url": "https://foursquare.com/download/#/blackberry", "name": "Foursquare for BlackBerry"}, "prefix": "https://igx.4sqi.net/img/general/", "venue": {"id": "4cc7b057caa5a1cdec4e99e7", "like": false, "stats": {"checkinsCount": 16718, "tipCount": 25, "usersCount": 4863}, "beenHere": {"lastCheckinExpiredAt": 0}, "categories": [{"id": "52f2ab2ebcbc57f1066b8b46", "primary": true, "icon": {"prefix": "https://ss3.4sqi.net/img/categories_v2/shops/food_grocery_", "suffix": ".png"}, "pluralName": "Supermarkets", "shortName": "Supermarket", "name": "Supermarket"}], "verified": false, "allowMenuUrlEdit": true, "location": {"crossStreet": "23 Serangoon Central", "labeledLatLngs": [{"lng": 103.87247085571289, "label": "display", "lat": 1.3505495470490698}], "lat": 1.3505495470490698, "postalCode": "556083", "city": "Singapore", "formattedAddress": ["#03-42 nex (23 Serangoon Central)", "556083", "Singapore"], "lng": 103.87247085571289, "address": "#03-42 nex", "country": "Singapore", "cc": "SG"}, "contact": {"formattedPhone": "+65 6634 4948", "phone": "+6566344948"}, "name": "FairPrice Xtra"}, "width": 461, "suffix": "/5SMQOIQSEM1QQD5Q5QGVMNE44A3SBJOSN4ZWWBPKOT2QDOJR.jpg"}, {"id": "4e758dd0b993a71aa3e87874", "createdAt": 1316326864, "height": 346, "visibility": "public", "source": {"url": "https://foursquare.com/download/#/blackberry", "name": "Foursquare for BlackBerry"}, "prefix": "https://igx.4sqi.net/img/general/", "venue": {"id": "4e18045218a8166f7387a203", "like": false, "stats": {"checkinsCount": 1532, "tipCount": 10, "usersCount": 1092}, "beenHere": {"lastCheckinExpiredAt": 0}, "categories": [{"id": "4bf58dd8d48988d145941735", "primary": true, "icon": {"prefix": "https://ss3.4sqi.net/img/categories_v2/food/asian_", "suffix": ".png"}, "pluralName": "Chinese Restaurants", "shortName": "Chinese", "name": "Chinese Restaurant"}], "verified": false, "allowMenuUrlEdit": true, "location": {"crossStreet": "23 Serangoon Central", "labeledLatLngs": [{"lng": 103.87273570339964, "label": "display", "lat": 1.3507015810263974}], "lat": 1.3507015810263974, "postalCode": "556083", "city": "Singapore", "formattedAddress": ["#02-17, NEX (23 Serangoon Central)", "556083", "Singapore"], "lng": 103.87273570339964, "address": "#02-17, NEX", "country": "Singapore", "cc": "SG"}, "contact": {"formattedPhone": "+65 6636 9179", "phone": "+6566369179"}, "name": "Chicken Hot Pot"}, "width": 461, "suffix": "/STYWN2DMFBDG32I0W0SQ3ORUEGOLGWSWMF4XVPIPAYFZY10E.jpg"}, {"id": "4e7481241f6e072f133b7410", "createdAt": 1316258084, "height": 346, "visibility": "public", "source": {"url": "https://foursquare.com/download/#/blackberry", "name": "Foursquare for BlackBerry"}, "prefix": "https://igx.4sqi.net/img/general/", "venue": {"id": "4d8c41b6ac798cfacabb27e4", "like": false, "stats": {"checkinsCount": 1009, "tipCount": 25, "usersCount": 485}, "beenHere": {"lastCheckinExpiredAt": 0}, "categories": [{"id": "4bf58dd8d48988d145941735", "primary": true, "icon": {"prefix": "https://ss3.4sqi.net/img/categories_v2/food/asian_", "suffix": ".png"}, "pluralName": "Chinese Restaurants", "shortName": "Chinese", "name": "Chinese Restaurant"}], "verified": false, "allowMenuUrlEdit": true, "location": {"address": "13 Simon Road", "lat": 1.3615870481994876, "city": "Singapore", "formattedAddress": ["13 Simon Road", "Singapore"], "lng": 103.88564706477406, "labeledLatLngs": [{"lng": 103.88564706477406, "label": "display", "lat": 1.3615870481994876}], "country": "Singapore", "cc": "SG"}, "contact": {}, "name": "Soon Soon Teochew Porridge"}, "width": 461, "suffix": "/HNMNFG1P4V4QDRYRFUWNR1CCPUGP1G22LJPANKD0WVLSVOKA.jpg"}, {"id": "4e743ccbae60c32850964b37", "createdAt": 1316240587, "height": 346, "visibility": "public", "source": {"url": "https://foursquare.com/download/#/blackberry", "name": "Foursquare for BlackBerry"}, "prefix": "https://igx.4sqi.net/img/general/", "venue": {"id": "4e4b70d8ae600cc1e31709d6", "like": false, "stats": {"checkinsCount": 106, "tipCount": 7, "usersCount": 44}, "beenHere": {"lastCheckinExpiredAt": 0}, "categories": [{"id": "4bf58dd8d48988d145941735", "primary": true, "icon": {"prefix": "https://ss3.4sqi.net/img/categories_v2/food/asian_", "suffix": ".png"}, "pluralName": "Chinese Restaurants", "shortName": "Chinese", "name": "Chinese Restaurant"}], "verified": false, "allowMenuUrlEdit": true, "location": {"formattedAddress": ["Blk 204 Serangoon Central #01-104", "550204", "Singapore"], "address": "Blk 204 Serangoon Central #01-104", "lat": 1.352193640066421, "postalCode": "550204", "city": "Singapore", "neighborhood": "Serangoon", "lng": 103.87342654354958, "labeledLatLngs": [{"lng": 103.87342654354958, "label": "display", "lat": 1.352193640066421}], "country": "Singapore", "cc": "SG"}, "contact": {}, "name": "Ah Seng Duck Rice"}, "width": 461, "suffix": "/HW2G3FDGPP11FZEB30144NMMGBXOVY2OWKI2DYQM14D1ZX0Y.jpg"}, {"id": "4e73554ce4cd876b6e002a24", "createdAt": 1316181324, "height": 346, "visibility": "public", "source": {"url": "https://foursquare.com/download/#/blackberry", "name": "Foursquare for BlackBerry"}, "prefix": "https://igx.4sqi.net/img/general/", "venue": {"id": "4b366c8df964a5200f3525e3", "like": false, "stats": {"checkinsCount": 8420, "tipCount": 17, "usersCount": 3740}, "url": "http://www.stjamespowerstation.com", "beenHere": {"lastCheckinExpiredAt": 0}, "categories": [{"id": "4bf58dd8d48988d11f941735", "primary": true, "icon": {"prefix": "https://ss3.4sqi.net/img/categories_v2/nightlife/nightclub_", "suffix": ".png"}, "pluralName": "Nightclubs", "shortName": "Nightclub", "name": "Nightclub"}], "verified": false, "allowMenuUrlEdit": true, "location": {"crossStreet": "3 Sentosa Gateway", "labeledLatLngs": [{"lng": 103.82511582735356, "label": "display", "lat": 1.2650565356874204}], "lat": 1.2650565356874204, "postalCode": "098544", "city": "Singapore", "formattedAddress": ["St. James Power Station (3 Sentosa Gateway)", "098544", "Singapore"], "lng": 103.82511582735356, "address": "St. James Power Station", "country": "Singapore", "cc": "SG"}, "contact": {"formattedPhone": "+65 6270 7676", "phone": "+6562707676"}, "name": "Dragonfly"}, "width": 461, "suffix": "/BTGFQLENWCLOFKBSXSCRGBP4LIQHUB0GJ2Q1WZA5SK0PTTFO.jpg"}, {"id": "4e72d7f2ae6050af79a15887", "createdAt": 1316149234, "height": 346, "visibility": "public", "source": {"url": "https://foursquare.com/download/#/blackberry", "name": "Foursquare for BlackBerry"}, "prefix": "https://igx.4sqi.net/img/general/", "venue": {"id": "4b9311dff964a520ec3234e3", "like": false, "stats": {"checkinsCount": 11078, "tipCount": 108, "usersCount": 3531}, "beenHere": {"lastCheckinExpiredAt": 0}, "categories": [{"id": "54135bf5e4b08f3d2429dfde", "primary": true, "icon": {"prefix": "https://ss3.4sqi.net/img/categories_v2/food/default_", "suffix": ".png"}, "pluralName": "South Indian Restaurants", "shortName": "South Indian", "name": "South Indian Restaurant"}], "verified": false, "allowMenuUrlEdit": true, "location": {"address": "201D Tampines St 21", "lat": 1.3520189888265064, "postalCode": "524201", "city": "Singapore", "formattedAddress": ["201D Tampines St 21", "524201", "Singapore"], "lng": 103.95370960235596, "labeledLatLngs": [{"lng": 103.95370960235596, "label": "display", "lat": 1.3520189888265064}], "country": "Singapore", "cc": "SG"}, "contact": {"formattedPhone": "+65 6787 6010", "phone": "+6567876010"}, "name": "Saffron's Cafeteria"}, "width": 461, "suffix": "/2NT51MR1VECUV1S43CW4SRDHL0NYF23TEKLWSZ22BEU14INP.jpg"}, {"id": "4e72cc13a8095a7c420492e0", "createdAt": 1316146195, "height": 346, "visibility": "public", "source": {"url": "https://foursquare.com/download/#/blackberry", "name": "Foursquare for BlackBerry"}, "prefix": "https://igx.4sqi.net/img/general/", "venue": {"id": "4b67db56f964a520675f2be3", "like": false, "stats": {"checkinsCount": 103, "tipCount": 0, "usersCount": 31}, "beenHere": {"lastCheckinExpiredAt": 0}, "categories": [{"id": "4bf58dd8d48988d174941735", "primary": true, "icon": {"prefix": "https://ss3.4sqi.net/img/categories_v2/building/office_coworkingspace_", "suffix": ".png"}, "pluralName": "Coworking Spaces", "shortName": "Coworking Space", "name": "Coworking Space"}], "verified": false, "location": {"address": "8 ubi view", "lat": 1.3324340599072104, "postalCode": "120403", "city": "Singapore", "formattedAddress": ["8 ubi view", "120403", "Singapore"], "lng": 103.89635649275708, "labeledLatLngs": [{"lng": 103.89635649275708, "label": "display", "lat": 1.3324340599072104}], "country": "Singapore", "cc": "SG"}, "contact": {"twitter": "cutine_tine"}, "venueRatingBlacklisted": true, "name": "Serial System Ltd"}, "width": 461, "suffix": "/02Q5E0VI4XZOR1GPDM5ULFECXAHANXNFUKNQS4U3EC3KCCLD.jpg"}, {"id": "4e72c6b652b145ffbf48c802", "createdAt": 1316144822, "height": 346, "visibility": "public", "source": {"url": "https://foursquare.com/download/#/blackberry", "name": "Foursquare for BlackBerry"}, "prefix": "https://igx.4sqi.net/img/general/", "venue": {"id": "4b6fefeff964a520ad002de3", "like": false, "stats": {"checkinsCount": 8142, "tipCount": 10, "usersCount": 1558}, "beenHere": {"lastCheckinExpiredAt": 0}, "categories": [{"id": "4bf58dd8d48988d130941735", "primary": true, "icon": {"prefix": "https://ss3.4sqi.net/img/categories_v2/building/default_", "suffix": ".png"}, "pluralName": "Buildings", "shortName": "Building", "name": "Building"}], "verified": false, "allowMenuUrlEdit": true, "location": {"address": "65 Chulia St.", "lat": 1.2850263856287472, "postalCode": "049513", "city": "Singapore", "formattedAddress": ["65 Chulia St.", "049513", "Singapore"], "lng": 103.85142896915265, "labeledLatLngs": [{"lng": 103.85142896915265, "label": "display", "lat": 1.2850263856287472}], "country": "Singapore", "cc": "SG"}, "contact": {"formattedPhone": "+65 6318 7222", "phone": "+6563187222"}, "venueRatingBlacklisted": true, "name": "OCBC Centre West"}, "width": 461, "suffix": "/TTHE5D4X2K2GGH33MIVY1LP3WOARMRA12EJRQ0XOZPX4KGUJ.jpg"}, {"id": "4e7156ac483b926f07a60280", "createdAt": 1316050604, "height": 346, "visibility": "public", "source": {"url": "https://foursquare.com/download/#/blackberry", "name": "Foursquare for BlackBerry"}, "prefix": "https://igx.4sqi.net/img/general/", "venue": {"id": "4b05880af964a520a9ad22e3", "like": false, "stats": {"checkinsCount": 7129, "tipCount": 43, "usersCount": 3646}, "url": "http://www.ytchotels.com.sg/peninsulaexcelsior", "beenHere": {"lastCheckinExpiredAt": 0}, "categories": [{"id": "4bf58dd8d48988d1fa931735", "primary": true, "icon": {"prefix": "https://ss3.4sqi.net/img/categories_v2/travel/hotel_", "suffix": ".png"}, "pluralName": "Hotels", "shortName": "Hotel", "name": "Hotel"}], "verified": false, "allowMenuUrlEdit": true, "location": {"crossStreet": "Opp Grand Park Hotel", "labeledLatLngs": [{"lng": 103.85014376395219, "label": "display", "lat": 1.2919669336240418}], "lat": 1.2919669336240418, "postalCode": "179805", "city": "Singapore", "formattedAddress": ["5 Coleman St. (Opp Grand Park Hotel)", "179805", "Singapore"], "lng": 103.85014376395219, "address": "5 Coleman St.", "country": "Singapore", "cc": "SG"}, "contact": {"formattedPhone": "+65 6337 2200", "phone": "+6563372200"}, "name": "Peninsula Excelsior Hotel"}, "width": 461, "suffix": "/ZYQCP5YPWSKOKX4GG4E050DKDLJNUGGEBERO4NRRSSX5OAO4.jpg"}, {"id": "4e7052c8ae602b2e723bbb87", "createdAt": 1315984072, "height": 346, "visibility": "public", "source": {"url": "https://foursquare.com/download/#/blackberry", "name": "Foursquare for BlackBerry"}, "prefix": "https://igx.4sqi.net/img/general/", "venue": {"id": "4b05880af964a520a9ad22e3", "like": false, "stats": {"checkinsCount": 7129, "tipCount": 43, "usersCount": 3646}, "url": "http://www.ytchotels.com.sg/peninsulaexcelsior", "beenHere": {"lastCheckinExpiredAt": 0}, "categories": [{"id": "4bf58dd8d48988d1fa931735", "primary": true, "icon": {"prefix": "https://ss3.4sqi.net/img/categories_v2/travel/hotel_", "suffix": ".png"}, "pluralName": "Hotels", "shortName": "Hotel", "name": "Hotel"}], "verified": false, "allowMenuUrlEdit": true, "location": {"crossStreet": "Opp Grand Park Hotel", "labeledLatLngs": [{"lng": 103.85014376395219, "label": "display", "lat": 1.2919669336240418}], "lat": 1.2919669336240418, "postalCode": "179805", "city": "Singapore", "formattedAddress": ["5 Coleman St. (Opp Grand Park Hotel)", "179805", "Singapore"], "lng": 103.85014376395219, "address": "5 Coleman St.", "country": "Singapore", "cc": "SG"}, "contact": {"formattedPhone": "+65 6337 2200", "phone": "+6563372200"}, "name": "Peninsula Excelsior Hotel"}, "width": 461, "suffix": "/4LPKRKMQJESHOKDUB5VYQWVOUJ5GCBKZYO4Q3WTIRKO5NAGL.jpg"}, {"id": "4e6e09eda8093d29ff140c39", "createdAt": 1315834349, "height": 346, "visibility": "public", "source": {"url": "https://foursquare.com/download/#/blackberry", "name": "Foursquare for BlackBerry"}, "prefix": "https://igx.4sqi.net/img/general/", "venue": {"id": "4e38fa38b0fb2f7ee8627f79", "like": false, "stats": {"checkinsCount": 1918, "tipCount": 31, "usersCount": 1071}, "beenHere": {"lastCheckinExpiredAt": 0}, "categories": [{"id": "4bf58dd8d48988d1ca941735", "primary": true, "icon": {"prefix": "https://ss3.4sqi.net/img/categories_v2/food/pizza_", "suffix": ".png"}, "pluralName": "Pizza Places", "shortName": "Pizza", "name": "Pizza Place"}], "verified": false, "allowMenuUrlEdit": true, "location": {"address": "95 Frankel Ave", "lat": 1.3147911291880994, "postalCode": "458221", "city": "Singapore", "formattedAddress": ["95 Frankel Ave", "458221", "Singapore"], "lng": 103.91919398918327, "labeledLatLngs": [{"lng": 103.91919398918327, "label": "display", "lat": 1.3147911291880994}], "country": "Singapore", "cc": "SG"}, "contact": {"formattedPhone": "+65 6445 5661", "phone": "+6564455661"}, "name": "Peperoni Pizzeria"}, "width": 461, "suffix": "/L5QDNCDDRCEKI5JBLMJEVVR0M2NET1HAHIDGCFWMCSZPJ3K1.jpg"}, {"id": "4e6dbce2a8093d29fef4ae1d", "createdAt": 1315814626, "height": 346, "visibility": "public", "source": {"url": "https://foursquare.com/download/#/blackberry", "name": "Foursquare for BlackBerry"}, "prefix": "https://igx.4sqi.net/img/general/", "venue": {"id": "4b4545d4f964a520980926e3", "like": false, "stats": {"checkinsCount": 16483, "tipCount": 41, "usersCount": 8360}, "url": "http://www.courts.com.sg", "beenHere": {"lastCheckinExpiredAt": 0}, "categories": [{"id": "4bf58dd8d48988d1f8941735", "primary": true, "icon": {"prefix": "https://ss3.4sqi.net/img/categories_v2/shops/furniture_", "suffix": ".png"}, "pluralName": "Furniture / Home Stores", "shortName": "Furniture / Home", "name": "Furniture / Home Store"}], "verified": false, "allowMenuUrlEdit": true, "location": {"address": "50 Tampines North Dr 2", "lat": 1.3732030208222992, "postalCode": "528766", "city": "Singapore", "formattedAddress": ["50 Tampines North Dr 2", "528766", "Singapore"], "lng": 103.93322602098186, "labeledLatLngs": [{"lng": 103.93322602098186, "label": "display", "lat": 1.3732030208222992}], "country": "Singapore", "cc": "SG"}, "contact": {"twitter": "courtssg", "formattedPhone": "+65 1800 222 6868", "phone": "+6518002226868"}, "name": "Courts Megastore"}, "width": 461, "suffix": "/UHXUHDHRIIQLLR0Z3WZI4BPSLJJUUHCQQ12PXCWI1K3HRJDM.jpg"}, {"id": "4e6da7b5b9932d7f6399e1e6", "createdAt": 1315809205, "height": 346, "visibility": "public", "source": {"url": "https://foursquare.com/download/#/blackberry", "name": "Foursquare for BlackBerry"}, "prefix": "https://igx.4sqi.net/img/general/", "venue": {"id": "4d19665185fc6dcb4e4ebd4e", "like": false, "stats": {"checkinsCount": 33, "tipCount": 0, "usersCount": 9}, "beenHere": {"lastCheckinExpiredAt": 0}, "categories": [], "verified": false, "location": {"address": "610 Geylang Road (off Lorong 36)", "lat": 1.3140822657982607, "city": "Singapore", "formattedAddress": ["610 Geylang Road (off Lorong 36)", "Singapore"], "lng": 103.88858060569991, "labeledLatLngs": [{"lng": 103.88858060569991, "label": "display", "lat": 1.3140822657982607}], "country": "Singapore", "cc": "SG"}, "contact": {}, "name": "Sian Chay Medical Institution"}, "width": 461, "suffix": "/VJ4YWP5UZQMGSH1I4XV2HZQB5FH3SWFTCIINQ2SPUSGIXGET.jpg"}, {"id": "4e6d5a8814955284ba4010fb", "createdAt": 1315789448, "height": 346, "visibility": "public", "source": {"url": "https://foursquare.com/download/#/blackberry", "name": "Foursquare for BlackBerry"}, "prefix": "https://igx.4sqi.net/img/general/", "venue": {"id": "4ccf63bb7f56a1433457c7a6", "like": false, "stats": {"checkinsCount": 509, "tipCount": 1, "usersCount": 63}, "beenHere": {"lastCheckinExpiredAt": 0}, "categories": [{"id": "4bf58dd8d48988d130941735", "primary": true, "icon": {"prefix": "https://ss3.4sqi.net/img/categories_v2/building/default_", "suffix": ".png"}, "pluralName": "Buildings", "shortName": "Building", "name": "Building"}], "verified": false, "location": {"address": "51 Kaki Bukit Place", "state": "Singapore", "lat": 1.334708143619401, "postalCode": "416228", "country": "Singapore", "lng": 103.90461991908137, "labeledLatLngs": [{"lng": 103.90461991908137, "label": "display", "lat": 1.334708143619401}], "formattedAddress": ["51 Kaki Bukit Place", "416228", "Singapore"], "cc": "SG"}, "contact": {}, "venueRatingBlacklisted": true, "name": "Soo Kee Building - HQ"}, "width": 461, "suffix": "/NVTKG2VGXFEDGYE4SMMKG4XCKFUYYUAH4LF52VO11BRCJ1IS.jpg"}, {"id": "4e6c13ffd1649db79979457d", "createdAt": 1315705855, "height": 346, "visibility": "public", "source": {"url": "https://foursquare.com/download/#/blackberry", "name": "Foursquare for BlackBerry"}, "prefix": "https://igx.4sqi.net/img/general/", "venue": {"id": "4b605023f964a52011df29e3", "like": false, "stats": {"checkinsCount": 27126, "tipCount": 263, "usersCount": 13361}, "beenHere": {"lastCheckinExpiredAt": 0}, "categories": [{"id": "4bf58dd8d48988d10f941735", "primary": true, "icon": {"prefix": "https://ss3.4sqi.net/img/categories_v2/food/indian_", "suffix": ".png"}, "pluralName": "Indian Restaurants", "shortName": "Indian", "name": "Indian Restaurant"}], "verified": false, "allowMenuUrlEdit": true, "location": {"address": "254, 256-258 Jalan Kayu", "lat": 1.398160328111778, "postalCode": "799487", "city": "Singapore", "formattedAddress": ["254, 256-258 Jalan Kayu", "799487", "Singapore"], "lng": 103.87310377353568, "labeledLatLngs": [{"lng": 103.87310377353568, "label": "display", "lat": 1.398160328111778}], "country": "Singapore", "cc": "SG"}, "contact": {"formattedPhone": "+65 6481 2009", "phone": "+6564812009"}, "name": "Thohirah Cafeela Restaurant"}, "width": 461, "suffix": "/I443FIOX10R1GZWAN1S40O1C3OROJB2EIAOIB4G15MTF0CXP.jpg"}, {"id": "4e6b2fb8aeb7c31e43625f89", "createdAt": 1315647416, "height": 346, "visibility": "public", "source": {"url": "https://foursquare.com/download/#/blackberry", "name": "Foursquare for BlackBerry"}, "prefix": "https://igx.4sqi.net/img/general/", "venue": {"id": "4e18045218a8166f7387a203", "like": false, "stats": {"checkinsCount": 1532, "tipCount": 10, "usersCount": 1092}, "beenHere": {"lastCheckinExpiredAt": 0}, "categories": [{"id": "4bf58dd8d48988d145941735", "primary": true, "icon": {"prefix": "https://ss3.4sqi.net/img/categories_v2/food/asian_", "suffix": ".png"}, "pluralName": "Chinese Restaurants", "shortName": "Chinese", "name": "Chinese Restaurant"}], "verified": false, "allowMenuUrlEdit": true, "location": {"crossStreet": "23 Serangoon Central", "labeledLatLngs": [{"lng": 103.87273570339964, "label": "display", "lat": 1.3507015810263974}], "lat": 1.3507015810263974, "postalCode": "556083", "city": "Singapore", "formattedAddress": ["#02-17, NEX (23 Serangoon Central)", "556083", "Singapore"], "lng": 103.87273570339964, "address": "#02-17, NEX", "country": "Singapore", "cc": "SG"}, "contact": {"formattedPhone": "+65 6636 9179", "phone": "+6566369179"}, "name": "Chicken Hot Pot"}, "width": 461, "suffix": "/I0FAEEAF23FVPVY1H4ZCX50VOUU0LFWPOREZDQHF2Z2GZIGX.jpg"}, {"id": "4e6815968877dfcf3073ca27", "createdAt": 1315444118, "height": 346, "visibility": "public", "source": {"url": "https://foursquare.com/download/#/blackberry", "name": "Foursquare for BlackBerry"}, "prefix": "https://igx.4sqi.net/img/general/", "venue": {"id": "4ccf63bb7f56a1433457c7a6", "like": false, "stats": {"checkinsCount": 509, "tipCount": 1, "usersCount": 63}, "beenHere": {"lastCheckinExpiredAt": 0}, "categories": [{"id": "4bf58dd8d48988d130941735", "primary": true, "icon": {"prefix": "https://ss3.4sqi.net/img/categories_v2/building/default_", "suffix": ".png"}, "pluralName": "Buildings", "shortName": "Building", "name": "Building"}], "verified": false, "location": {"address": "51 Kaki Bukit Place", "state": "Singapore", "lat": 1.334708143619401, "postalCode": "416228", "country": "Singapore", "lng": 103.90461991908137, "labeledLatLngs": [{"lng": 103.90461991908137, "label": "display", "lat": 1.334708143619401}], "formattedAddress": ["51 Kaki Bukit Place", "416228", "Singapore"], "cc": "SG"}, "contact": {}, "venueRatingBlacklisted": true, "name": "Soo Kee Building - HQ"}, "width": 461, "suffix": "/BU2QE3ZMSUWNUIGU5LFXQHRHOWM0EDL34J0VPQGFFYR3LLTG.jpg"}, {"id": "4e675cd9d4c0d522460c5fd2", "createdAt": 1315396825, "height": 307, "visibility": "public", "source": {"url": "https://foursquare.com/download/#/blackberry", "name": "Foursquare for BlackBerry"}, "prefix": "https://igx.4sqi.net/img/general/", "venue": {"id": "4e675c45b61cf40ed699d2df", "like": false, "stats": {"checkinsCount": 15, "tipCount": 0, "usersCount": 15}, "beenHere": {"lastCheckinExpiredAt": 0}, "categories": [], "verified": false, "location": {"crossStreet": "#01-01 (Joo Chiat)", "labeledLatLngs": [{"lng": 103.905277, "label": "display", "lat": 1.306128}], "state": "Singapore", "lat": 1.306128, "postalCode": "428816", "country": "Singapore", "lng": 103.905277, "address": "131 East Coast Road", "formattedAddress": ["131 East Coast Road (#01-01 (Joo Chiat))", "428816", "Singapore"], "cc": "SG"}, "contact": {}, "name": "JOOJOO Kushiyaki & Beer"}, "width": 461, "suffix": "/3RGUTLTN24CGLE0ULBEX34ZO3WIYZWI1F3ZJ1WELFBMGQVE2.jpg"}, {"id": "4e66c58fa8098026750df0f2", "createdAt": 1315358095, "height": 346, "visibility": "public", "source": {"url": "https://foursquare.com/download/#/blackberry", "name": "Foursquare for BlackBerry"}, "prefix": "https://igx.4sqi.net/img/general/", "venue": {"id": "4ccf63bb7f56a1433457c7a6", "like": false, "stats": {"checkinsCount": 509, "tipCount": 1, "usersCount": 63}, "beenHere": {"lastCheckinExpiredAt": 0}, "categories": [{"id": "4bf58dd8d48988d130941735", "primary": true, "icon": {"prefix": "https://ss3.4sqi.net/img/categories_v2/building/default_", "suffix": ".png"}, "pluralName": "Buildings", "shortName": "Building", "name": "Building"}], "verified": false, "location": {"address": "51 Kaki Bukit Place", "state": "Singapore", "lat": 1.334708143619401, "postalCode": "416228", "country": "Singapore", "lng": 103.90461991908137, "labeledLatLngs": [{"lng": 103.90461991908137, "label": "display", "lat": 1.334708143619401}], "formattedAddress": ["51 Kaki Bukit Place", "416228", "Singapore"], "cc": "SG"}, "contact": {}, "venueRatingBlacklisted": true, "name": "Soo Kee Building - HQ"}, "width": 461, "suffix": "/MVKQCOKQXEPPJLFU2TAY32EOIY4D2H4LODJLBXZ30IMVLEC5.jpg"}, {"id": "4e66360f483bd9a975ea0b23", "createdAt": 1315321359, "height": 307, "visibility": "public", "source": {"url": "https://foursquare.com/download/#/blackberry", "name": "Foursquare for BlackBerry"}, "prefix": "https://igx.4sqi.net/img/general/", "venue": {"id": "4c752cb9604a370453da8149", "like": false, "stats": {"checkinsCount": 2465, "tipCount": 7, "usersCount": 825}, "beenHere": {"lastCheckinExpiredAt": 0}, "categories": [{"id": "4bf58dd8d48988d120941735", "primary": true, "icon": {"prefix": "https://ss3.4sqi.net/img/categories_v2/nightlife/karaoke_", "suffix": ".png"}, "pluralName": "Karaoke Bars", "shortName": "Karaoke", "name": "Karaoke Bar"}], "verified": false, "allowMenuUrlEdit": true, "location": {"address": "45 neil road", "lat": 1.2798264523042553, "country": "Singapore", "lng": 103.84267056487772, "labeledLatLngs": [{"lng": 103.84267056487772, "label": "display", "lat": 1.2798264523042553}], "formattedAddress": ["45 neil road", "Singapore"], "cc": "SG"}, "contact": {}, "name": "Illuzion"}, "width": 461, "suffix": "/GB0R0PU2Y2DAT1IKSGO52WW50S2RD0SK03FOXSCCFJ10ZZIZ.jpg"}, {"id": "4e660cefc65b2dc8a122b536", "createdAt": 1315310831, "height": 346, "visibility": "public", "source": {"url": "https://foursquare.com/download/#/blackberry", "name": "Foursquare for BlackBerry"}, "prefix": "https://igx.4sqi.net/img/general/", "venue": {"id": "4bbc9f4af57ba59337faacb9", "like": false, "stats": {"checkinsCount": 10168, "tipCount": 68, "usersCount": 5154}, "beenHere": {"lastCheckinExpiredAt": 0}, "categories": [{"id": "4bf58dd8d48988d11e941735", "primary": true, "icon": {"prefix": "https://ss3.4sqi.net/img/categories_v2/nightlife/cocktails_", "suffix": ".png"}, "pluralName": "Cocktail Bars", "shortName": "Cocktail", "name": "Cocktail Bar"}], "verified": false, "allowMenuUrlEdit": true, "location": {"address": "1 Killiney Rd.", "lat": 1.3002125917389356, "postalCode": "239518", "city": "Singapore", "formattedAddress": ["1 Killiney Rd.", "239518", "Singapore"], "lng": 103.84067058563232, "labeledLatLngs": [{"lng": 103.84067058563232, "label": "display", "lat": 1.3002125917389356}], "country": "Singapore", "cc": "SG"}, "contact": {"formattedPhone": "+65 6733 3648", "phone": "+6567333648"}, "name": "KPO Cafe Bar"}, "width": 461, "suffix": "/DAQ4YOZKHEXPAXJFI4OKVS015O4LGBGPJIJNKSQMG4AANFYV.jpg"}, {"id": "4e64d5fa1f6ef7d07bb762a2", "createdAt": 1315231226, "height": 346, "visibility": "public", "source": {"url": "https://foursquare.com/download/#/blackberry", "name": "Foursquare for BlackBerry"}, "prefix": "https://igx.4sqi.net/img/general/", "venue": {"id": "4d2922f2467d6ea85419cd95", "like": false, "stats": {"checkinsCount": 73, "tipCount": 0, "usersCount": 5}, "beenHere": {"lastCheckinExpiredAt": 0}, "categories": [{"id": "4bf58dd8d48988d103941735", "primary": true, "icon": {"prefix": "https://ss3.4sqi.net/img/categories_v2/building/home_", "suffix": ".png"}, "pluralName": "Homes (private)", "shortName": "Home", "name": "Home (private)"}], "verified": false, "location": {"lat": 1.3587605941009544, "formattedAddress": ["Singapore"], "country": "Singapore", "cc": "SG", "isFuzzed": true, "lng": 103.94340350585274}, "contact": {}, "venueRatingBlacklisted": true, "name": "Club AL"}, "width": 461, "suffix": "/TDBUTFESWJNT32SJRZFR2YNZCKKMJ2GBESAZIJY0KVEKF5SR.jpg"}], "count": 40}, "totalCount": 40}, "meta": {"code": 200, "requestId": "595a79ebdd57972d2df092a6"}, "notifications": [{"item": {"unreadCount": 0}, "type": "notificationTray"}]}