{"meta": {"code": 200, "requestId": "595b05f86a6071143a877017"}, "notifications": [{"item": {"unreadCount": 0}, "type": "notificationTray"}], "response": {"photos": {"items": [{"height": 720, "source": {"url": "https://foursquare.com/download/#/iphone", "name": "Foursquare for iOS"}, "width": 537, "prefix": "https://igx.4sqi.net/img/general/", "createdAt": 1329566581, "id": "4f3f9375e4b09425fd132e00", "venue": {"like": false, "location": {"formattedAddress": ["3D River Valley Rd. (Read St.)", "179023", "Singapore"], "city": "Singapore", "lng": 103.84578434786214, "cc": "SG", "country": "Singapore", "crossStreet": "Read St.", "lat": 1.2894964694668232, "address": "3D River Valley Rd.", "labeledLatLngs": [{"label": "display", "lat": 1.2894964694668232, "lng": 103.84578434786214}], "postalCode": "179023"}, "categories": [{"icon": {"prefix": "https://ss3.4sqi.net/img/categories_v2/food/thai_", "suffix": ".png"}, "name": "Thai Restaurant", "id": "4bf58dd8d48988d149941735", "pluralName": "Thai Restaurants", "primary": true, "shortName": "Thai"}], "verified": false, "contact": {}, "allowMenuUrlEdit": true, "stats": {"tipCount": 13, "usersCount": 801, "checkinsCount": 891}, "id": "4c19e9fa6a21c9b65c3dcb97", "name": "Renn Thai", "beenHere": {"lastCheckinExpiredAt": 0}}, "suffix": "/DiXgxi8Ip_TwHGaXSAulq_8T-6muSF_GMiz0K4EA11Q.jpg", "visibility": "public"}, {"height": 720, "source": {"url": "https://foursquare.com/download/#/iphone", "name": "Foursquare for iOS"}, "width": 537, "prefix": "https://igx.4sqi.net/img/general/", "createdAt": 1329529018, "id": "4f3f00bae4b0ae4bbbc20fd0", "venue": {"like": false, "location": {"formattedAddress": ["Hougang St 92", "538685", "Singapore"], "lng": 103.87702236641695, "cc": "SG", "country": "Singapore", "lat": 1.3742738324867863, "address": "Hougang St 92", "labeledLatLngs": [{"label": "display", "lat": 1.3742738324867863, "lng": 103.87702236641695}], "postalCode": "538685"}, "categories": [{"icon": {"prefix": "https://ss3.4sqi.net/img/categories_v2/parks_outdoors/pool_", "suffix": ".png"}, "name": "Pool", "id": "4bf58dd8d48988d15e941735", "pluralName": "Pools", "primary": true, "shortName": "Pool"}], "verified": false, "contact": {}, "beenHere": {"lastCheckinExpiredAt": 0}, "stats": {"tipCount": 0, "usersCount": 145, "checkinsCount": 868}, "id": "4cb8f05ed78f4688f53db373", "name": "Swimming Pool @Regentville"}, "suffix": "/ScEaJht2dZQRPlCFrAGkc7CAJcl9ZeC391K-gbLIliY.jpg", "visibility": "public"}], "count": 2}, "totalCount": 2}}