{"response": {"totalCount": 2, "photos": {"count": 2, "items": [{"width": 960, "visibility": "public", "createdAt": 1406866920, "id": "53db15e8498e15b3b654e6a6", "source": {"name": "Swarm for iOS", "url": "https://www.swarmapp.com"}, "prefix": "https://igx.4sqi.net/img/general/", "suffix": "/3885991_5MvjRkYrD3FrIHHuXxeek-jAup0lgxIvw47KN-4GssI.jpg", "venue": {"contact": {"phone": "+6676584700", "formattedPhone": "+66 76 584 700"}, "name": "Kantary Beach Kao Lak Hotel", "categories": [{"name": "Hotel", "shortName": "Hotel", "primary": true, "icon": {"prefix": "https://ss3.4sqi.net/img/categories_v2/travel/hotel_", "suffix": ".png"}, "id": "4bf58dd8d48988d1fa931735", "pluralName": "Hotels"}], "beenHere": {"lastCheckinExpiredAt": 0}, "stats": {"checkinsCount": 622, "tipCount": 11, "usersCount": 289}, "verified": false, "id": "4d8c3ebf7bc4224bbb713e22", "location": {"country": "\u0e1b\u0e23\u0e30\u0e40\u0e17\u0e28\u0e44\u0e17\u0e22", "formattedAddress": ["64, 65 Moo2, Takuapa", "Khuekkhak", "Phang-nga 82190", "\u0e1b\u0e23\u0e30\u0e40\u0e17\u0e28\u0e44\u0e17\u0e22"], "cc": "TH", "lat": 8.733377964280438, "labeledLatLngs": [{"lng": 98.24010055293199, "lat": 8.733377964280438, "label": "display"}], "postalCode": "82190", "address": "64, 65 Moo2, Takuapa", "lng": 98.24010055293199, "city": "Khuekkhak", "state": "Phang-nga"}, "like": false, "allowMenuUrlEdit": true}, "height": 385}, {"width": 1440, "visibility": "public", "createdAt": 1365834808, "id": "5168fc38e4b0cffb41c3e052", "source": {"name": "Foursquare for iOS", "url": "https://foursquare.com/download/#/iphone"}, "prefix": "https://igx.4sqi.net/img/general/", "suffix": "/3885991_wdVoSlPhk0iIv9rt-sSYkMLHR3_8yLK1hJ1CxZYjfDM.jpg", "venue": {"contact": {"twitter": "cshhcoffee", "phone": "+6563960609", "formattedPhone": "+65 6396 0609"}, "name": "Chye Seng Huat Hardware Coffee Bar", "categories": [{"name": "Coffee Shop", "shortName": "Coffee Shop", "primary": true, "icon": {"prefix": "https://ss3.4sqi.net/img/categories_v2/food/coffeeshop_", "suffix": ".png"}, "id": "4bf58dd8d48988d1e0931735", "pluralName": "Coffee Shops"}], "beenHere": {"lastCheckinExpiredAt": 0}, "stats": {"checkinsCount": 7933, "tipCount": 179, "usersCount": 4501}, "verified": false, "url": "http://www.cshhcoffee.com", "id": "50227b21e4b02e5c64efc45d", "location": {"country": "Singapore", "formattedAddress": ["150 Tyrwhitt Rd", "207563", "Singapore"], "cc": "SG", "lat": 1.311630240298664, "labeledLatLngs": [{"lng": 103.86040309727412, "lat": 1.311630240298664, "label": "display"}], "postalCode": "207563", "address": "150 Tyrwhitt Rd", "lng": 103.86040309727412, "city": "Singapore"}, "like": false, "allowMenuUrlEdit": true}, "height": 1920}]}}, "notifications": [{"type": "notificationTray", "item": {"unreadCount": 0}}], "meta": {"requestId": "595b8ac74434b96bc778d009", "code": 200}}