{"meta": {"code": 200, "requestId": "595ae5994c1f67704e03099e"}, "notifications": [{"item": {"unreadCount": 0}, "type": "notificationTray"}], "response": {"photos": {"items": [{"height": 720, "source": {"url": "https://foursquare.com/download/#/iphone", "name": "Foursquare for iOS"}, "width": 537, "prefix": "https://igx.4sqi.net/img/general/", "createdAt": 1315584269, "id": "4e6a390d45ddadf2d05e69f2", "venue": {"location": {"city": "\u4e2d\u74b0", "state": "\u4e2d\u897f\u5340", "cc": "HK", "country": "\u9999\u6e2f", "lat": 22.281064118929496, "lng": 114.15541067946906, "formattedAddress": ["\u4e2d\u897f\u5340", "\u9999\u6e2f"]}, "contact": {}, "verified": false, "allowMenuUrlEdit": true, "stats": {"tipCount": 132, "usersCount": 13984, "checkinsCount": 23956}, "id": "4b0588cef964a520e2da22e3", "url": "http://www.lankwaifong.com", "like": false, "categories": [{"icon": {"prefix": "https://ss3.4sqi.net/img/categories_v2/parks_outdoors/neighborhood_", "suffix": ".png"}, "name": "Neighborhood", "id": "4f2a25ac4b909258e854f55f", "pluralName": "Neighborhoods", "primary": true, "shortName": "Neighborhood"}], "venueRatingBlacklisted": true, "beenHere": {"lastCheckinExpiredAt": 0}, "name": "Lan Kwai Fong (Lan Kwai Fong \u862d\u6842\u574a)"}, "suffix": "/UE4ER3203HF4B4SC4IKKMLUCWAJYHUVCTDWHJJPJGG3MKMGJ.jpg", "visibility": "public"}, {"height": 720, "source": {"url": "https://foursquare.com/download/#/iphone", "name": "Foursquare for iOS"}, "width": 537, "prefix": "https://igx.4sqi.net/img/general/", "createdAt": 1299480313, "id": "4d747ef946ac28fd3f3f66eb", "venue": {"closed": true, "like": false, "location": {"country": "Singapore", "lat": 1.33706710924335, "lng": 103.79284143447876, "formattedAddress": ["Singapore"], "cc": "SG"}, "categories": [], "verified": false, "contact": {}, "beenHere": {"lastCheckinExpiredAt": 0}, "stats": {"tipCount": 0, "usersCount": 9, "checkinsCount": 173}, "id": "4cfdcf0edccef04d1683c79c", "name": "Straits Euro"}, "suffix": "/MKGESASAA0WZ5W5MQ2D43FLP01M5TMDP3ZWC0PXP53WCLJ5U.jpg", "visibility": "public"}], "count": 2}, "totalCount": 2}}