{"meta": {"code": 200, "requestId": "595ae6e6f594df3c738113c4"}, "notifications": [{"item": {"unreadCount": 0}, "type": "notificationTray"}], "response": {"photos": {"items": [{"height": 720, "source": {"url": "https://foursquare.com/download/#/iphone", "name": "Foursquare for iOS"}, "tip": {"agreeCount": 0, "canonicalUrl": "https://foursquare.com/item/4d6759bd2433a14396b44ae0", "todo": {"count": 0}, "logView": true, "disagreeCount": 0, "createdAt": 1298618813, "id": "4d6759bd2433a14396b44ae0", "text": "New Arrival iPhone 4 casing! \"Plant vs Zombie\" & more...!", "likes": {"groups": [{"items": [], "count": 1, "type": "others"}], "count": 1, "summary": "1 like"}, "like": false, "type": "user"}, "width": 540, "prefix": "https://igx.4sqi.net/img/general/", "createdAt": 1298618829, "id": "4d6759cd146328fd40dc6ca5", "venue": {"like": false, "location": {"lng": 103.870132, "cc": "SG", "country": "Singapore", "lat": 1.321885, "address": "#01-3057", "labeledLatLngs": [{"label": "display", "lat": 1.321885, "lng": 103.870132}], "formattedAddress": ["#01-3057", "Singapore"]}, "categories": [], "verified": false, "contact": {}, "beenHere": {"lastCheckinExpiredAt": 0}, "stats": {"tipCount": 3, "usersCount": 9, "checkinsCount": 39}, "id": "4cb002ddaef16dcb599aad54", "name": "Premier Mobile@Blk 69 Geylang Bahru"}, "suffix": "/IXYGKAU00TNHY1JFOLAS2GGUSYPG53EFOE5UMBJIWWWLDPSU.jpg", "visibility": "public"}], "count": 1}, "totalCount": 1}}