{"meta": {"code": 200, "requestId": "595b02df6a6071143dab6c56"}, "notifications": [{"item": {"unreadCount": 0}, "type": "notificationTray"}], "response": {"photos": {"items": [{"height": 1920, "source": {"url": "https://www.swarmapp.com", "name": "Swarm for iOS"}, "width": 1440, "prefix": "https://igx.4sqi.net/img/general/", "createdAt": 1444972096, "id": "56208640498e60d1bf83fce1", "venue": {"like": false, "location": {"formattedAddress": ["#B1-65, AMK Hub (53 Ang Mo Kio Ave 3)", "569933", "Singapore"], "city": "Singapore", "lng": 103.848717212677, "cc": "SG", "country": "Singapore", "crossStreet": "53 Ang Mo Kio Ave 3", "lat": 1.3690623030396722, "address": "#B1-65, AMK Hub", "labeledLatLngs": [{"label": "display", "lat": 1.3690623030396722, "lng": 103.848717212677}], "postalCode": "569933"}, "categories": [{"icon": {"prefix": "https://ss3.4sqi.net/img/categories_v2/food/cafe_", "suffix": ".png"}, "name": "Caf\u00e9", "id": "4bf58dd8d48988d16d941735", "pluralName": "Caf\u00e9s", "primary": true, "shortName": "Caf\u00e9"}], "verified": true, "contact": {}, "allowMenuUrlEdit": true, "stats": {"tipCount": 27, "usersCount": 1711, "checkinsCount": 3225}, "id": "4b08bf57f964a520c01123e3", "name": "The Coffee Bean & Tea Leaf", "beenHere": {"lastCheckinExpiredAt": 0}}, "suffix": "/3902696_0lhAKY5ydI9nryVDhJngE0pbu37Af5HOmucP59XuGYg.jpg", "visibility": "public"}, {"height": 720, "source": {"url": "https://foursquare.com/download/#/iphone", "name": "Foursquare for iOS"}, "width": 960, "prefix": "https://igx.4sqi.net/img/general/", "createdAt": 1413457238, "id": "543fa556498ec3fdc5e339e2", "venue": {"venueRatingBlacklisted": true, "like": false, "location": {"city": "Singapore", "lng": 103.886628, "cc": "SG", "country": "Singapore", "lat": 1.336579, "address": "03-03 Lobby 2 LHK Building", "labeledLatLngs": [{"label": "display", "lat": 1.336579, "lng": 103.886628}], "formattedAddress": ["03-03 Lobby 2 LHK Building", "Singapore"]}, "categories": [{"icon": {"prefix": "https://ss3.4sqi.net/img/categories_v2/building/default_", "suffix": ".png"}, "name": "Office", "id": "4bf58dd8d48988d124941735", "pluralName": "Offices", "primary": true, "shortName": "Office"}], "verified": false, "contact": {}, "beenHere": {"lastCheckinExpiredAt": 0}, "stats": {"tipCount": 0, "usersCount": 1, "checkinsCount": 1}, "id": "543fa508498e5a727e24d423", "name": "WorldEduCorp Pte Ltd"}, "suffix": "/3902696_ID6qJOQm7aD55OgsBFhp-rHYKJMuVCxjak6HpVPJmJ4.jpg", "visibility": "public"}, {"height": 612, "source": {"url": "http://instagram.com", "name": "Instagram"}, "width": 612, "prefix": "https://igx.4sqi.net/img/general/", "createdAt": 1364199973, "id": "51500a25e4b08621bc263042", "venue": {"like": false, "location": {"formattedAddress": ["#06-48A, Lucky Plaza (304 Orchard Road)", "238863", "Singapore"], "city": "Singapore", "lng": 103.8339523524956, "cc": "SG", "country": "Singapore", "crossStreet": "304 Orchard Road", "lat": 1.3043997041882294, "address": "#06-48A, Lucky Plaza", "labeledLatLngs": [{"label": "display", "lat": 1.3043997041882294, "lng": 103.8339523524956}], "postalCode": "238863"}, "categories": [{"icon": {"prefix": "https://ss3.4sqi.net/img/categories_v2/food/fastfood_", "suffix": ".png"}, "name": "Fast Food Restaurant", "id": "4bf58dd8d48988d16e941735", "pluralName": "Fast Food Restaurants", "primary": true, "shortName": "Fast Food"}], "verified": false, "contact": {"formattedPhone": "+65 6735 5117", "phone": "+6567355117"}, "allowMenuUrlEdit": true, "stats": {"tipCount": 78, "usersCount": 3261, "checkinsCount": 7560}, "id": "5136f75be4b0536562e774e5", "name": "Jollibee", "beenHere": {"lastCheckinExpiredAt": 0}}, "suffix": "/3902696_T6rrUVJohQl1cgm4irh62_YuxSanUM3SaUCUTULJ3GQ.jpg", "visibility": "public"}, {"height": 720, "source": {"url": "https://foursquare.com/download/#/iphone", "name": "Foursquare for iOS"}, "width": 960, "prefix": "https://igx.4sqi.net/img/general/", "createdAt": 1361505886, "id": "5126ee5ee4b03bdab51d1714", "venue": {"venueRatingBlacklisted": true, "like": false, "location": {"cc": "SG", "country": "Singapore", "lat": 1.337561, "lng": 103.832394, "labeledLatLngs": [{"label": "display", "lat": 1.337561, "lng": 103.832394}], "formattedAddress": ["Singapore"]}, "categories": [{"icon": {"prefix": "https://ss3.4sqi.net/img/categories_v2/building/eventspace_", "suffix": ".png"}, "name": "Event Space", "id": "4bf58dd8d48988d171941735", "pluralName": "Event Spaces", "primary": true, "shortName": "Event Space"}], "verified": false, "contact": {}, "beenHere": {"lastCheckinExpiredAt": 0}, "stats": {"tipCount": 0, "usersCount": 31, "checkinsCount": 52}, "id": "4d4111a41bd2a14350d2f97c", "name": "Multi Purpose Hall @ MediaCorp"}, "suffix": "/3902696_Nb_J7d7IeWduFQA6MkAwIxe3jeSQEN15L2w0v_VDdvM.jpg", "visibility": "public"}, {"height": 612, "source": {"url": "http://instagram.com", "name": "Instagram"}, "width": 612, "prefix": "https://igx.4sqi.net/img/general/", "createdAt": 1357352855, "id": "50e78f97e4b037d245ebc6c2", "venue": {"venueRatingBlacklisted": true, "like": false, "location": {"city": "Singapore", "lng": 103.90520330524522, "cc": "SG", "country": "Singapore", "lat": 1.415386394648978, "address": "201B Punggol Seventeenth Avenue", "labeledLatLngs": [{"label": "display", "lat": 1.415386394648978, "lng": 103.90520330524522}], "formattedAddress": ["201B Punggol Seventeenth Avenue", "Singapore"]}, "categories": [{"icon": {"prefix": "https://ss3.4sqi.net/img/categories_v2/building/religious_", "suffix": ".png"}, "name": "Spiritual Center", "id": "4bf58dd8d48988d131941735", "pluralName": "Spiritual Centers", "primary": true, "shortName": "Spiritual"}], "verified": false, "contact": {}, "beenHere": {"lastCheckinExpiredAt": 0}, "stats": {"tipCount": 4, "usersCount": 76, "checkinsCount": 140}, "id": "4c142deaa1010f4789114c18", "name": "ME House"}, "suffix": "/3902696_33ZftfM2HET-lkq-mu2WpTMm2p4J9WZtYyKkAEKCtbQ.jpg", "visibility": "public"}, {"height": 540, "source": {"url": "https://foursquare.com/download/#/iphone", "name": "Foursquare for iOS"}, "width": 720, "prefix": "https://igx.4sqi.net/img/general/", "createdAt": 1343191590, "id": "500f7a26e4b00e7a7b8ca9e6", "venue": {"like": false, "location": {"formattedAddress": ["#03-46, Thomson Plaza (301 Upp Thomson Rd)", "574408", "Singapore"], "city": "Singapore", "lng": 103.83100866706071, "cc": "SG", "country": "Singapore", "crossStreet": "301 Upp Thomson Rd", "lat": 1.3550042201010342, "address": "#03-46, Thomson Plaza", "labeledLatLngs": [{"label": "display", "lat": 1.3550042201010342, "lng": 103.83100866706071}], "postalCode": "574408"}, "categories": [{"icon": {"prefix": "https://ss3.4sqi.net/img/categories_v2/food/sushi_", "suffix": ".png"}, "name": "Sushi Restaurant", "id": "4bf58dd8d48988d1d2941735", "pluralName": "Sushi Restaurants", "primary": true, "shortName": "Sushi"}], "verified": false, "contact": {"formattedPhone": "+65 6457 6678", "phone": "+6564576678"}, "allowMenuUrlEdit": true, "stats": {"tipCount": 22, "usersCount": 1847, "checkinsCount": 3760}, "id": "4c779d6dd06b224b6fe0fed6", "name": "Sushi Tei", "beenHere": {"lastCheckinExpiredAt": 0}}, "suffix": "/PElHvhl0oC-OgHgBQrq82YCKZG8Ek41Y0ZgnM5Zkmec.jpg", "visibility": "public"}, {"height": 612, "source": {"url": "http://instagram.com", "name": "Instagram"}, "width": 612, "prefix": "https://igx.4sqi.net/img/general/", "createdAt": 1342791259, "id": "50095e5be4b056b6dae310be", "venue": {"like": false, "location": {"formattedAddress": ["Changi Airport Terminal 3 (65 Airport Blvd)", "819663", "Singapore"], "city": "Singapore", "lng": 103.98750821615741, "cc": "SG", "country": "Singapore", "crossStreet": "65 Airport Blvd", "lat": 1.3569079222054292, "address": "Changi Airport Terminal 3", "labeledLatLngs": [{"label": "display", "lat": 1.3569079222054292, "lng": 103.98750821615741}], "postalCode": "819663"}, "categories": [{"icon": {"prefix": "https://ss3.4sqi.net/img/categories_v2/parks_outdoors/playground_", "suffix": ".png"}, "name": "Playground", "id": "4bf58dd8d48988d1e7941735", "pluralName": "Playgrounds", "primary": true, "shortName": "Playground"}], "verified": false, "contact": {}, "beenHere": {"lastCheckinExpiredAt": 0}, "stats": {"tipCount": 13, "usersCount": 832, "checkinsCount": 1391}, "id": "4c0900aa6071a593c215dd32", "name": "The Slide @ t3"}, "suffix": "/ZDuWAp5YhE_5gYcxi2IqPRp5Xapai3hjAgrkyHvAUpQ.jpg", "visibility": "public"}, {"height": 720, "source": {"url": "https://foursquare.com/download/#/iphone", "name": "Foursquare for iOS"}, "width": 540, "prefix": "https://igx.4sqi.net/img/general/", "createdAt": 1340506298, "id": "4fe680bae4b0faa0b95d895e", "venue": {"like": false, "location": {"formattedAddress": ["405 Havelock Rd.", "169633", "Singapore"], "city": "Singapore", "lng": 103.83612155914307, "cc": "SG", "country": "Singapore", "lat": 1.2879955643770056, "address": "405 Havelock Rd.", "labeledLatLngs": [{"label": "display", "lat": 1.2879955643770056, "lng": 103.83612155914307}], "postalCode": "169633"}, "categories": [{"icon": {"prefix": "https://ss3.4sqi.net/img/categories_v2/travel/hotel_", "suffix": ".png"}, "name": "Hotel", "id": "4bf58dd8d48988d1fa931735", "pluralName": "Hotels", "primary": true, "shortName": "Hotel"}], "verified": false, "contact": {}, "allowMenuUrlEdit": true, "stats": {"tipCount": 29, "usersCount": 5544, "checkinsCount": 10222}, "id": "4b6116c3f964a5203b092ae3", "name": "Furama Riverfront Hotel", "beenHere": {"lastCheckinExpiredAt": 0}}, "suffix": "/PaRo0ZWUtbkBf4hcqVLgboUVEk0ZNlbEtYf2AghZoZk.jpg", "visibility": "public"}, {"height": 720, "source": {"url": "https://foursquare.com/download/#/iphone", "name": "Foursquare for iOS"}, "width": 540, "prefix": "https://igx.4sqi.net/img/general/", "createdAt": 1337738195, "id": "4fbc43d3e4b04c2c0a58ef9d", "venue": {"venueRatingBlacklisted": true, "like": false, "location": {"formattedAddress": ["190 Changi Rd.", "419974", "Singapore"], "city": "Singapore", "lng": 103.9027791537892, "cc": "SG", "country": "Singapore", "lat": 1.3172232298941675, "address": "190 Changi Rd.", "labeledLatLngs": [{"label": "display", "lat": 1.3172232298941675, "lng": 103.9027791537892}], "postalCode": "419974"}, "categories": [{"icon": {"prefix": "https://ss3.4sqi.net/img/categories_v2/building/default_", "suffix": ".png"}, "name": "Building", "id": "4bf58dd8d48988d130941735", "pluralName": "Buildings", "primary": true, "shortName": "Building"}], "verified": false, "contact": {}, "beenHere": {"lastCheckinExpiredAt": 0}, "stats": {"tipCount": 1, "usersCount": 144, "checkinsCount": 372}, "id": "4c5b61d66ebe2d7fe96acd2e", "name": "MDIS Building"}, "suffix": "/ZfVifu1bmc2bxMIh9aOHYNfDcG0xtpWzuitJlbAhJ2M.jpg", "visibility": "public"}, {"height": 720, "source": {"url": "https://foursquare.com/download/#/iphone", "name": "Foursquare for iOS"}, "width": 540, "prefix": "https://igx.4sqi.net/img/general/", "createdAt": 1337733788, "id": "4fbc329ce4b0caa8910a87af", "venue": {"venueRatingBlacklisted": true, "like": false, "location": {"formattedAddress": ["17\u00a0Martia\u00a0Road", "424821", "Singapore"], "city": "Singapore", "lng": 103.91092401964227, "cc": "SG", "country": "Singapore", "lat": 1.3062618635152254, "address": "17\u00a0Martia\u00a0Road", "labeledLatLngs": [{"label": "display", "lat": 1.3062618635152254, "lng": 103.91092401964227}], "postalCode": "424821"}, "categories": [{"icon": {"prefix": "https://ss3.4sqi.net/img/categories_v2/building/school_", "suffix": ".png"}, "name": "School", "id": "4bf58dd8d48988d13b941735", "pluralName": "Schools", "primary": true, "shortName": "School"}], "verified": false, "contact": {}, "beenHere": {"lastCheckinExpiredAt": 0}, "stats": {"tipCount": 0, "usersCount": 204, "checkinsCount": 1657}, "id": "4c61df88fa7bc9289ade0c27", "name": "CHIJ Katong Primary"}, "suffix": "/ELeNVCaVjocrRkNiFfvqBXP-bMXMhWM7FrxbcJkhevU.jpg", "visibility": "public"}, {"height": 612, "source": {"url": "http://instagram.com", "name": "Instagram"}, "width": 612, "prefix": "https://igx.4sqi.net/img/general/", "createdAt": 1333255581, "id": "4f77dd9de4b0df5437266850", "venue": {"venueRatingBlacklisted": true, "like": false, "location": {"formattedAddress": ["6 Chapel Rd (East Coast Rd)", "429509", "Singapore"], "city": "Singapore", "lng": 103.90694215059078, "cc": "SG", "country": "Singapore", "crossStreet": "East Coast Rd", "lat": 1.3070453553943535, "address": "6 Chapel Rd", "labeledLatLngs": [{"label": "display", "lat": 1.3070453553943535, "lng": 103.90694215059078}], "postalCode": "429509"}, "categories": [{"icon": {"prefix": "https://ss3.4sqi.net/img/categories_v2/building/religious_church_", "suffix": ".png"}, "name": "Church", "id": "4bf58dd8d48988d132941735", "pluralName": "Churches", "primary": true, "shortName": "Church"}], "verified": false, "contact": {"formattedPhone": "+65 6344 0046", "phone": "+6563440046"}, "beenHere": {"lastCheckinExpiredAt": 0}, "stats": {"tipCount": 5, "usersCount": 1017, "checkinsCount": 5571}, "id": "4b49af72f964a520767226e3", "name": "Church of the Holy Family"}, "suffix": "/rCmGD7cF4mHTHIb4W6ZhOoOYiOJ-tGB0s-RfKBbbdxk.jpg", "visibility": "public"}, {"height": 612, "source": {"url": "http://instagram.com", "name": "Instagram"}, "width": 612, "prefix": "https://igx.4sqi.net/img/general/", "createdAt": 1331538319, "id": "4f5da98fe4b0ea859a9a5fc6", "venue": {"venueRatingBlacklisted": true, "like": false, "location": {"city": "Singapore", "cc": "SG", "country": "Singapore", "lat": 1.2827522526304924, "lng": 103.84380850274479, "formattedAddress": ["Singapore"]}, "categories": [{"icon": {"prefix": "https://ss3.4sqi.net/img/categories_v2/parks_outdoors/neighborhood_", "suffix": ".png"}, "name": "Neighborhood", "id": "4f2a25ac4b909258e854f55f", "pluralName": "Neighborhoods", "primary": true, "shortName": "Neighborhood"}], "verified": false, "contact": {}, "beenHere": {"lastCheckinExpiredAt": 0}, "stats": {"tipCount": 106, "usersCount": 29945, "checkinsCount": 51613}, "id": "4c8c884655fba09339a760ab", "name": "Chinatown"}, "suffix": "/VTgR760a8WyFpwsGve7p50EyPz2gvplvoQflEI5GvIk.jpg", "visibility": "public"}, {"height": 612, "source": {"url": "http://instagram.com", "name": "Instagram"}, "width": 612, "prefix": "https://igx.4sqi.net/img/general/", "createdAt": 1331528917, "id": "4f5d84d5e4b05cd76b3cf5e1", "venue": {"like": false, "location": {"city": "Bedok New Town", "lng": 103.92260974535684, "cc": "SG", "state": "Bedok", "lat": 1.339870576587239, "address": "Bedok Reservoir", "labeledLatLngs": [{"label": "display", "lat": 1.339870576587239, "lng": 103.92260974535684}], "formattedAddress": ["Bedok Reservoir", "Singapore"], "country": "Singapore"}, "categories": [{"icon": {"prefix": "https://ss3.4sqi.net/img/categories_v2/parks_outdoors/sceniclookout_", "suffix": ".png"}, "name": "Scenic Lookout", "id": "4bf58dd8d48988d165941735", "pluralName": "Scenic Lookouts", "primary": true, "shortName": "Scenic Lookout"}], "verified": false, "contact": {}, "beenHere": {"lastCheckinExpiredAt": 0}, "stats": {"tipCount": 5, "usersCount": 620, "checkinsCount": 1570}, "id": "4c43f63d2d3ec9b614452eae", "name": "The Floating Platform"}, "suffix": "/dpWouoN4tcwuXkVOih1rcO60cyYjT0JeWj9os_nJU6Y.jpg", "visibility": "public"}, {"height": 612, "source": {"url": "http://instagram.com", "name": "Instagram"}, "width": 612, "prefix": "https://igx.4sqi.net/img/general/", "createdAt": 1329914966, "id": "4f44e456e4b0d8525e5aecc1", "venue": {"venueRatingBlacklisted": true, "like": false, "location": {"formattedAddress": ["6 Chapel Rd (East Coast Rd)", "429509", "Singapore"], "city": "Singapore", "lng": 103.90694215059078, "cc": "SG", "country": "Singapore", "crossStreet": "East Coast Rd", "lat": 1.3070453553943535, "address": "6 Chapel Rd", "labeledLatLngs": [{"label": "display", "lat": 1.3070453553943535, "lng": 103.90694215059078}], "postalCode": "429509"}, "categories": [{"icon": {"prefix": "https://ss3.4sqi.net/img/categories_v2/building/religious_church_", "suffix": ".png"}, "name": "Church", "id": "4bf58dd8d48988d132941735", "pluralName": "Churches", "primary": true, "shortName": "Church"}], "verified": false, "contact": {"formattedPhone": "+65 6344 0046", "phone": "+6563440046"}, "beenHere": {"lastCheckinExpiredAt": 0}, "stats": {"tipCount": 5, "usersCount": 1017, "checkinsCount": 5571}, "id": "4b49af72f964a520767226e3", "name": "Church of the Holy Family"}, "suffix": "/A-G_zl_bv7ufBybFV5UiS0DTqSmlfbbSyG_CAqEvRrM.jpg", "visibility": "public"}, {"height": 720, "source": {"url": "https://foursquare.com/download/#/iphone", "name": "Foursquare for iOS"}, "width": 540, "prefix": "https://igx.4sqi.net/img/general/", "createdAt": 1329124846, "id": "4f38d5eee4b099ca95d44524", "venue": {"url": "http://www.sbstransit.com.sg", "like": false, "location": {"formattedAddress": ["12 Bedok North Drive", "465492", "Singapore"], "city": "Singapore", "lng": 103.9299060398095, "cc": "SG", "country": "Singapore", "lat": 1.3247000649898715, "address": "12 Bedok North Drive", "postalCode": "465492"}, "categories": [{"icon": {"prefix": "https://ss3.4sqi.net/img/categories_v2/travel/busstation_", "suffix": ".png"}, "name": "Bus Station", "id": "4bf58dd8d48988d1fe931735", "pluralName": "Bus Stations", "primary": true, "shortName": "Bus Station"}], "verified": false, "contact": {"formattedPhone": "+65 1800 287 2727", "twitter": "sbs_transit", "phone": "+6518002872727"}, "beenHere": {"lastCheckinExpiredAt": 0}, "stats": {"tipCount": 16, "usersCount": 4891, "checkinsCount": 30811}, "id": "4eb3ace6823131626e77f917", "name": "Bedok Bus Interchange"}, "suffix": "/aH459u-gFFA37Abgt07dIFCApJT9ThPxHM0e0iLfH-M.jpg", "visibility": "public"}, {"height": 612, "source": {"url": "http://instagram.com", "name": "Instagram"}, "width": 612, "prefix": "https://igx.4sqi.net/img/general/", "createdAt": 1328787625, "id": "4f33b0a9e4b00df48280438d", "venue": {"venueRatingBlacklisted": true, "like": false, "location": {"city": "Singapore", "lng": 103.85014376395219, "cc": "SG", "country": "Singapore", "lat": 1.331199159040674, "address": "Lor 6 Toa Payoh", "labeledLatLngs": [{"label": "display", "lat": 1.331199159040674, "lng": 103.85014376395219}], "formattedAddress": ["Lor 6 Toa Payoh", "Singapore"]}, "categories": [{"icon": {"prefix": "https://ss3.4sqi.net/img/categories_v2/travel/busstation_", "suffix": ".png"}, "name": "Bus Line", "id": "4bf58dd8d48988d12b951735", "pluralName": "Bus Lines", "primary": true, "shortName": "Bus"}], "verified": false, "contact": {}, "beenHere": {"lastCheckinExpiredAt": 0}, "stats": {"tipCount": 4, "usersCount": 426, "checkinsCount": 1675}, "id": "4c2f01777cc0c9b61d06eb9a", "name": "Bus Stop 52509 (Opp Toa Payoh Swim Cplx)"}, "suffix": "/2_IJRiZq9cqqfIpk_AsFs7wM7k4FwJRMrHWeMuj9YXY.jpg", "visibility": "public"}, {"height": 612, "source": {"url": "http://instagram.com", "name": "Instagram"}, "width": 612, "prefix": "https://igx.4sqi.net/img/general/", "createdAt": 1328241614, "id": "4f2b5bcee4b0a98a48734ce1", "venue": {"like": false, "location": {"city": "Singapore", "lng": 103.83198234055389, "cc": "SG", "country": "Singapore", "crossStreet": "Andrew Rd.", "lat": 1.3382775910948537, "address": "Caldecott Broadcasting Centre", "labeledLatLngs": [{"label": "display", "lat": 1.3382775910948537, "lng": 103.83198234055389}], "formattedAddress": ["Caldecott Broadcasting Centre (Andrew Rd.)", "Singapore"]}, "categories": [{"icon": {"prefix": "https://ss3.4sqi.net/img/categories_v2/arts_entertainment/default_", "suffix": ".png"}, "name": "General Entertainment", "id": "4bf58dd8d48988d1f1931735", "pluralName": "General Entertainment", "primary": true, "shortName": "Entertainment"}], "verified": false, "contact": {}, "allowMenuUrlEdit": true, "stats": {"tipCount": 2, "usersCount": 512, "checkinsCount": 844}, "id": "4dedfa162271e7b4462a1550", "name": "Mediacorp Reception", "beenHere": {"lastCheckinExpiredAt": 0}}, "suffix": "/x1FYupIjsZR9gWsvB1PuC0eCbW6dVCFIWsqwARJ6yYQ.jpg", "visibility": "public"}, {"height": 612, "source": {"url": "http://instagram.com", "name": "Instagram"}, "width": 612, "prefix": "https://igx.4sqi.net/img/general/", "createdAt": 1327972733, "id": "4f27417de4b050258e050bfc", "venue": {"venueRatingBlacklisted": true, "like": false, "location": {"city": "Singapore", "lng": 103.92954348186778, "cc": "SG", "country": "Singapore", "lat": 1.3376354181868781, "address": "1 Bedok Reservoir Rd", "labeledLatLngs": [{"label": "display", "lat": 1.3376354181868781, "lng": 103.92954348186778}], "formattedAddress": ["1 Bedok Reservoir Rd", "Singapore"]}, "categories": [{"icon": {"prefix": "https://ss3.4sqi.net/img/categories_v2/parks_outdoors/lake_", "suffix": ".png"}, "name": "Lake", "id": "4bf58dd8d48988d161941735", "pluralName": "Lakes", "primary": true, "shortName": "Lake"}], "verified": false, "contact": {}, "beenHere": {"lastCheckinExpiredAt": 0}, "stats": {"tipCount": 11, "usersCount": 1918, "checkinsCount": 5044}, "id": "4d996622942ba093e1f29a8c", "name": "Bedok Reservoir"}, "suffix": "/OXQYBXF3G0BYKQC5FJGZDBZYTOQSJXX2WLFEOMEZOHQJZ1EW.jpg", "visibility": "public"}, {"height": 612, "source": {"url": "http://instagram.com", "name": "Instagram"}, "width": 612, "prefix": "https://igx.4sqi.net/img/general/", "createdAt": 1327904309, "id": "4f263635e4b0ed339a2e3878", "venue": {"url": "http://www.gerrysgrill.com/sg/", "like": false, "location": {"city": "Singapore", "lng": 103.84064381359114, "cc": "SG", "country": "Singapore", "lat": 1.3027123952635649, "address": "51 Cuppage Road", "labeledLatLngs": [{"label": "display", "lat": 1.3027123952635649, "lng": 103.84064381359114}], "formattedAddress": ["51 Cuppage Road", "Singapore"]}, "categories": [{"icon": {"prefix": "https://ss3.4sqi.net/img/categories_v2/food/filipino_", "suffix": ".png"}, "name": "Filipino Restaurant", "id": "4eb1bd1c3b7b55596b4a748f", "pluralName": "Filipino Restaurants", "primary": true, "shortName": "Filipino"}], "verified": false, "contact": {}, "allowMenuUrlEdit": true, "stats": {"tipCount": 27, "usersCount": 1644, "checkinsCount": 3033}, "id": "4eec872cbe7b6d62ff680216", "name": "Gerry's Grill", "beenHere": {"lastCheckinExpiredAt": 0}}, "suffix": "/ZBRCTQ3SRE4DSWOZWLSRSUKVJASV2P25OGT3CVOT24YBQC4E.jpg", "visibility": "public"}, {"height": 720, "source": {"url": "https://foursquare.com/download/#/iphone", "name": "Foursquare for iOS"}, "width": 540, "prefix": "https://igx.4sqi.net/img/general/", "createdAt": 1326431046, "id": "4f0fbb46e4b07e9ec8b36b15", "venue": {"url": "http://www.watami.com.sg", "like": false, "location": {"formattedAddress": ["#01-33 Junction 8 Shopping Centre (9 Bishan Pl)", "579837", "Singapore"], "city": "Singapore", "lng": 103.84828805923462, "cc": "SG", "country": "Singapore", "crossStreet": "9 Bishan Pl", "lat": 1.3504422884903646, "address": "#01-33 Junction 8 Shopping Centre", "labeledLatLngs": [{"label": "display", "lat": 1.3504422884903646, "lng": 103.84828805923462}], "postalCode": "579837"}, "categories": [{"icon": {"prefix": "https://ss3.4sqi.net/img/categories_v2/food/japanese_", "suffix": ".png"}, "name": "Japanese Restaurant", "id": "4bf58dd8d48988d111941735", "pluralName": "Japanese Restaurants", "primary": true, "shortName": "Japanese"}], "verified": false, "contact": {"formattedPhone": "+65 6258 3577", "phone": "+6562583577"}, "allowMenuUrlEdit": true, "stats": {"tipCount": 52, "usersCount": 2229, "checkinsCount": 3264}, "id": "4cbc251043ec6dcbfee7ae31", "name": "Watami Japanese Casual Restaurant", "beenHere": {"lastCheckinExpiredAt": 0}}, "suffix": "/PF5PUWCJCKDXX1DDKJOFKXB4XJYETFJFWPXYKE2D1R0IZR2I.jpg", "visibility": "public"}, {"height": 540, "source": {"url": "https://foursquare.com/download/#/iphone", "name": "Foursquare for iOS"}, "width": 720, "prefix": "https://igx.4sqi.net/img/general/", "createdAt": 1324524426, "id": "4ef2a38ac512c31f1b0439ab", "venue": {"venueRatingBlacklisted": true, "like": false, "location": {"city": "Singapore", "lng": 103.83307456970215, "cc": "SG", "country": "Singapore", "crossStreet": "Andrew Road", "lat": 1.3372923534446708, "address": "Caldecott Broadcast Hill", "labeledLatLngs": [{"label": "display", "lat": 1.3372923534446708, "lng": 103.83307456970215}], "formattedAddress": ["Caldecott Broadcast Hill (Andrew Road)", "Singapore"]}, "categories": [{"icon": {"prefix": "https://ss3.4sqi.net/img/categories_v2/building/office_coworkingspace_", "suffix": ".png"}, "name": "Coworking Space", "id": "4bf58dd8d48988d174941735", "pluralName": "Coworking Spaces", "primary": true, "shortName": "Coworking Space"}], "verified": false, "contact": {}, "beenHere": {"lastCheckinExpiredAt": 0}, "stats": {"tipCount": 2, "usersCount": 22, "checkinsCount": 1028}, "id": "4cfed284e75a8cfaa265e10b", "name": "IT Services @ Mediacorp"}, "suffix": "/0X2XWMOVSAF5MQRR1F445DBEMUPZ2T5KZI0OT5NVDOOR5P2V.jpg", "visibility": "public"}, {"height": 540, "source": {"url": "https://foursquare.com/download/#/iphone", "name": "Foursquare for iOS"}, "width": 720, "prefix": "https://igx.4sqi.net/img/general/", "createdAt": 1324445332, "id": "4ef16e9493adbace60449146", "venue": {"url": "http://www.starbucks.com.sg", "like": false, "location": {"formattedAddress": ["#01-37A, Thomson Plaza (301 Upper Thomson Rd)", "574408", "Singapore"], "city": "Singapore", "lng": 103.83084297180176, "cc": "SG", "country": "Singapore", "crossStreet": "301 Upper Thomson Rd", "lat": 1.3553493626997926, "address": "#01-37A, Thomson Plaza", "labeledLatLngs": [{"label": "display", "lat": 1.3553493626997926, "lng": 103.83084297180176}], "postalCode": "574408"}, "categories": [{"icon": {"prefix": "https://ss3.4sqi.net/img/categories_v2/food/coffeeshop_", "suffix": ".png"}, "name": "Coffee Shop", "id": "4bf58dd8d48988d1e0931735", "pluralName": "Coffee Shops", "primary": true, "shortName": "Coffee Shop"}], "verified": false, "contact": {"formattedPhone": "+65 6459 5865", "twitter": "sg_starbucks", "phone": "+6564595865"}, "allowMenuUrlEdit": true, "stats": {"tipCount": 60, "usersCount": 2884, "checkinsCount": 9206}, "id": "4b36f924f964a520bc3e25e3", "name": "Starbucks", "beenHere": {"lastCheckinExpiredAt": 0}}, "suffix": "/W4HWA1DET5RNH2KAOYWV0OYC50GAL5EZPJBYW3ALDTGKVEBB.jpg", "visibility": "public"}, {"height": 540, "source": {"url": "https://foursquare.com/download/#/iphone", "name": "Foursquare for iOS"}, "width": 720, "prefix": "https://igx.4sqi.net/img/general/", "createdAt": 1324267678, "id": "4eeeb89e0e01899e012dcf43", "venue": {"url": "http://www.swensens.com.sg", "like": false, "location": {"formattedAddress": ["#03-23, Thomson Plaza (301 Upper Thomson Road)", "574408", "Singapore"], "city": "Singapore", "lng": 103.83132567626747, "cc": "SG", "country": "Singapore", "crossStreet": "301 Upper Thomson Road", "lat": 1.35486116226026, "address": "#03-23, Thomson Plaza", "labeledLatLngs": [{"label": "display", "lat": 1.35486116226026, "lng": 103.83132567626747}], "postalCode": "574408"}, "categories": [{"icon": {"prefix": "https://ss3.4sqi.net/img/categories_v2/food/dessert_", "suffix": ".png"}, "name": "Dessert Shop", "id": "4bf58dd8d48988d1d0941735", "pluralName": "Dessert Shops", "primary": true, "shortName": "Desserts"}], "verified": false, "contact": {}, "allowMenuUrlEdit": true, "stats": {"tipCount": 17, "usersCount": 1362, "checkinsCount": 2339}, "id": "4ca46b627f84224bb9dacc58", "name": "Swensen's", "beenHere": {"lastCheckinExpiredAt": 0}}, "suffix": "/YYNW3RPDJGBGD05I2UB43QQADW5HMXYQJU2KPHZSSPHVNTEX.jpg", "visibility": "public"}, {"height": 540, "source": {"url": "https://foursquare.com/download/#/iphone", "name": "Foursquare for iOS"}, "width": 540, "prefix": "https://igx.4sqi.net/img/general/", "createdAt": 1322630120, "id": "4ed5bbe877c88f53d6dd3953", "venue": {"url": "http://www.boracayregency.com", "like": false, "location": {"formattedAddress": ["Regency Alley, Balabag", "5608 Malay", "Aklan", "Pilipinas"], "city": "Malay", "lng": 121.92697524320009, "cc": "PH", "state": "Aklan", "neighborhood": "Boracay Island", "lat": 11.958774496899801, "address": "Regency Alley, Balabag", "labeledLatLngs": [{"label": "display", "lat": 11.958774496899801, "lng": 121.92697524320009}], "postalCode": "5608", "country": "Pilipinas"}, "categories": [{"icon": {"prefix": "https://ss3.4sqi.net/img/categories_v2/travel/resort_", "suffix": ".png"}, "name": "Resort", "id": "4bf58dd8d48988d12f951735", "pluralName": "Resorts", "primary": true, "shortName": "Resort"}], "verified": false, "contact": {"formattedPhone": "+63 36 288 6111", "phone": "+63362886111"}, "allowMenuUrlEdit": true, "stats": {"tipCount": 69, "usersCount": 3923, "checkinsCount": 6660}, "id": "4bc8e7a8762beee1f3ac3d38", "name": "Henann Regency Resort and Spa", "beenHere": {"lastCheckinExpiredAt": 0}}, "suffix": "/BSLB1HU1UJXOKSWBTPPJZNBEVVCF0OEUSBV4C1L0VCUL10RP.jpg", "visibility": "public"}, {"height": 540, "source": {"url": "https://foursquare.com/download/#/iphone", "name": "Foursquare for iOS"}, "width": 540, "prefix": "https://igx.4sqi.net/img/general/", "createdAt": 1322133182, "id": "4ece26be8b81b47393ef004a", "venue": {"venueRatingBlacklisted": true, "closed": true, "like": false, "location": {"formattedAddress": ["30 Airport Boulevard", "918146", "Singapore"], "city": "Singapore", "lng": 103.98469157650794, "cc": "SG", "country": "Singapore", "lat": 1.339661069471422, "address": "30 Airport Boulevard", "postalCode": "918146"}, "categories": [{"icon": {"prefix": "https://ss3.4sqi.net/img/categories_v2/travel/airport_gate_", "suffix": ".png"}, "name": "Airport Terminal", "id": "4bf58dd8d48988d1eb931735", "pluralName": "Airport Terminals", "primary": true, "shortName": "Terminal"}], "verified": false, "contact": {}, "beenHere": {"lastCheckinExpiredAt": 0}, "stats": {"tipCount": 15, "usersCount": 2864, "checkinsCount": 4281}, "id": "4d30e3c15b31a093295807de", "name": "Budget Terminal Departure Hall"}, "suffix": "/0NPFWE33XOXJP5XUSGKYPI1GXHIQAXEXHZ0ULZFKASOUQDCB.jpg", "visibility": "public"}], "count": 25}, "totalCount": 25}}