{"meta": {"code": 200, "requestId": "595b02c54c1f67703a13c9c2"}, "notifications": [{"item": {"unreadCount": 0}, "type": "notificationTray"}], "response": {"photos": {"items": [{"height": 960, "source": {"url": "https://foursquare.com/download/#/android", "name": "Foursquare for Android"}, "width": 720, "prefix": "https://igx.4sqi.net/img/general/", "createdAt": 1367648861, "id": "5184aa5d498e1d5b4d06f6eb", "venue": {"like": false, "location": {"formattedAddress": ["Uthong", "Ho Rattanachai", "\u0e1e\u0e23\u0e30\u0e19\u0e04\u0e23\u0e28\u0e23\u0e35\u0e2d\u0e22\u0e38\u0e18\u0e22\u0e32 13000", "\u0e1b\u0e23\u0e30\u0e40\u0e17\u0e28\u0e44\u0e17\u0e22"], "city": "Ho Rattanachai", "lng": 100.58146771301804, "cc": "TH", "state": "\u0e1e\u0e23\u0e30\u0e19\u0e04\u0e23\u0e28\u0e23\u0e35\u0e2d\u0e22\u0e38\u0e18\u0e22\u0e32", "lat": 14.348840089008275, "address": "Uthong", "labeledLatLngs": [{"label": "display", "lat": 14.348840089008275, "lng": 100.58146771301804}], "postalCode": "13000", "country": "\u0e1b\u0e23\u0e30\u0e40\u0e17\u0e28\u0e44\u0e17\u0e22"}, "categories": [{"icon": {"prefix": "https://ss3.4sqi.net/img/categories_v2/food/thai_", "suffix": ".png"}, "name": "Thai Restaurant", "id": "4bf58dd8d48988d149941735", "pluralName": "Thai Restaurants", "primary": true, "shortName": "Thai"}], "verified": false, "contact": {}, "allowMenuUrlEdit": true, "stats": {"tipCount": 82, "usersCount": 3829, "checkinsCount": 4662}, "id": "4ba4c666f964a520acb338e3", "name": "Pae Krung Kao (\u0e41\u0e1e\u0e01\u0e23\u0e38\u0e07\u0e40\u0e01\u0e48\u0e32)", "beenHere": {"lastCheckinExpiredAt": 0}}, "suffix": "/3906791_0ALei4cVMsn-R_E2DxXyoi4UySxW5-NNQKmTBHRh4oY.jpg", "visibility": "public"}, {"height": 960, "source": {"url": "https://foursquare.com/download/#/android", "name": "Foursquare for Android"}, "width": 720, "prefix": "https://igx.4sqi.net/img/general/", "createdAt": 1367552478, "id": "518331de498e9768525b1c88", "venue": {"venueRatingBlacklisted": true, "like": false, "location": {"cc": "TH", "country": "\u0e1b\u0e23\u0e30\u0e40\u0e17\u0e28\u0e44\u0e17\u0e22", "lat": 13.778435545450778, "lng": 100.62330911282422, "labeledLatLngs": [{"label": "display", "lat": 13.778435545450778, "lng": 100.62330911282422}], "formattedAddress": ["\u0e1b\u0e23\u0e30\u0e40\u0e17\u0e28\u0e44\u0e17\u0e22"]}, "categories": [{"icon": {"prefix": "https://ss3.4sqi.net/img/categories_v2/building/medical_", "suffix": ".png"}, "name": "Hospital", "id": "4bf58dd8d48988d196941735", "pluralName": "Hospitals", "primary": true, "shortName": "Hospital"}], "verified": false, "contact": {}, "beenHere": {"lastCheckinExpiredAt": 0}, "stats": {"tipCount": 2, "usersCount": 164, "checkinsCount": 241}, "id": "4ce3c8a5b8df5481eb0eb09b", "name": "\u0e23\u0e1e \u0e25\u0e32\u0e14\u0e1e\u0e23\u0e49\u0e32\u0e27"}, "suffix": "/3906791_-CmmSpnGRD_3kgTFjta7ooYWSFTy7cPd28slXLYiUOw.jpg", "visibility": "public"}, {"height": 960, "source": {"url": "https://foursquare.com/download/#/android", "name": "Foursquare for Android"}, "width": 720, "prefix": "https://igx.4sqi.net/img/general/", "createdAt": 1367489844, "id": "51823d34498e95fa14e5106c", "venue": {"venueRatingBlacklisted": true, "like": false, "location": {"city": "\u0e01\u0e17\u0e21", "cc": "TH", "country": "\u0e1b\u0e23\u0e30\u0e40\u0e17\u0e28\u0e44\u0e17\u0e22", "lat": 13.617785273402312, "lng": 100.5202214467544, "labeledLatLngs": [{"label": "display", "lat": 13.617785273402312, "lng": 100.5202214467544}], "formattedAddress": ["\u0e01\u0e17\u0e21", "\u0e1b\u0e23\u0e30\u0e40\u0e17\u0e28\u0e44\u0e17\u0e22"]}, "categories": [{"icon": {"prefix": "https://ss3.4sqi.net/img/categories_v2/building/housingdevelopment_", "suffix": ".png"}, "name": "Housing Development", "id": "4f2a210c4b9023bd5841ed28", "pluralName": "Housing Developments", "primary": true, "shortName": "Housing Development"}], "verified": false, "contact": {}, "beenHere": {"lastCheckinExpiredAt": 0}, "stats": {"tipCount": 1, "usersCount": 93, "checkinsCount": 440}, "id": "4dc62bf045dd2645528480f7", "name": "\u0e21\u0e31\u0e13\u0e11\u0e19\u0e32 \u0e1b\u0e23\u0e30\u0e0a\u0e32\u0e2d\u0e38\u0e17\u0e34\u0e28"}, "suffix": "/3906791_HS2h73sFMdnmBE1gLjedFDbzrFQyZkyd5VQGDfWpCO0.jpg", "visibility": "public"}, {"height": 332, "source": {"url": "https://foursquare.com/download/#/android", "name": "Foursquare for Android"}, "width": 960, "prefix": "https://igx.4sqi.net/img/general/", "createdAt": 1367480842, "id": "51821a0a498e536a4c98fd82", "venue": {"url": "http://www.scb.co.th", "like": false, "location": {"formattedAddress": ["1280 Yotha Rd.", "\u0e2a\u0e31\u0e21\u0e1e\u0e31\u0e19\u0e18\u0e27\u0e07\u0e28\u0e4c", "\u0e01\u0e23\u0e38\u0e07\u0e40\u0e17\u0e1e\u0e21\u0e2b\u0e32\u0e19\u0e04\u0e23 10110", "\u0e1b\u0e23\u0e30\u0e40\u0e17\u0e28\u0e44\u0e17\u0e22"], "city": "\u0e2a\u0e31\u0e21\u0e1e\u0e31\u0e19\u0e18\u0e27\u0e07\u0e28\u0e4c", "lng": 100.5128002166748, "cc": "TH", "state": "\u0e01\u0e23\u0e38\u0e07\u0e40\u0e17\u0e1e\u0e21\u0e2b\u0e32\u0e19\u0e04\u0e23", "lat": 13.731975039473923, "address": "1280 Yotha Rd.", "labeledLatLngs": [{"label": "display", "lat": 13.731975039473923, "lng": 100.5128002166748}], "postalCode": "10110", "country": "\u0e1b\u0e23\u0e30\u0e40\u0e17\u0e28\u0e44\u0e17\u0e22"}, "categories": [{"icon": {"prefix": "https://ss3.4sqi.net/img/categories_v2/shops/financial_", "suffix": ".png"}, "name": "Bank", "id": "4bf58dd8d48988d10a951735", "pluralName": "Banks", "primary": true, "shortName": "Bank"}], "verified": false, "contact": {"formattedPhone": "+66 2 237 5000", "twitter": "scb_thailand", "phone": "+6622375000"}, "allowMenuUrlEdit": true, "stats": {"tipCount": 5, "usersCount": 395, "checkinsCount": 868}, "id": "4c71f2e657b6a143947bc4cc", "name": "Siam Commercial Bank (\u0e18\u0e19\u0e32\u0e04\u0e32\u0e23\u0e44\u0e17\u0e22\u0e1e\u0e32\u0e13\u0e34\u0e0a\u0e22\u0e4c)", "beenHere": {"lastCheckinExpiredAt": 0}}, "suffix": "/3906791_nxDoq-oJ14J8nWAerGuRM1hxu3YNmIXfqmzLm5lKCNQ.jpg", "visibility": "public"}, {"height": 960, "source": {"url": "https://foursquare.com/download/#/android", "name": "Foursquare for Android"}, "width": 720, "prefix": "https://igx.4sqi.net/img/general/", "createdAt": 1367389780, "id": "5180b654498ecdc78d39ac68", "venue": {"like": false, "location": {"cc": "TH", "country": "\u0e1b\u0e23\u0e30\u0e40\u0e17\u0e28\u0e44\u0e17\u0e22", "lat": 13.571886569638044, "lng": 100.44856580053343, "labeledLatLngs": [{"label": "display", "lat": 13.571886569638044, "lng": 100.44856580053343}], "formattedAddress": ["\u0e1b\u0e23\u0e30\u0e40\u0e17\u0e28\u0e44\u0e17\u0e22"]}, "categories": [{"icon": {"prefix": "https://ss3.4sqi.net/img/categories_v2/food/seafood_", "suffix": ".png"}, "name": "Seafood Restaurant", "id": "4bf58dd8d48988d1ce941735", "pluralName": "Seafood Restaurants", "primary": true, "shortName": "Seafood"}], "verified": false, "contact": {}, "allowMenuUrlEdit": true, "stats": {"tipCount": 16, "usersCount": 456, "checkinsCount": 816}, "id": "4b9dbd6bf964a52043bc36e3", "name": "\u0e04\u0e23\u0e31\u0e27\u0e27\u0e32\u0e2a\u0e19\u0e32\u0e0b\u0e35\u0e1f\u0e39\u0e49\u0e14", "beenHere": {"lastCheckinExpiredAt": 0}}, "suffix": "/3906791_Mf2Ls32kbG-zOXJCbok7j78gsmzqWaX46gCabkf7OuU.jpg", "visibility": "public"}, {"height": 720, "source": {"url": "https://foursquare.com/download/#/android", "name": "Foursquare for Android"}, "width": 540, "prefix": "https://igx.4sqi.net/img/general/", "createdAt": 1356620515, "id": "50dc62e3e4b0de77bcaa0c0b", "venue": {"url": "http://www.aroijapan.com/torajiro/", "like": false, "location": {"formattedAddress": ["Nihonmachi (at S&P Bldg., 2nd Fl.)", "\u0e04\u0e25\u0e2d\u0e07\u0e40\u0e15\u0e22", "\u0e01\u0e23\u0e38\u0e07\u0e40\u0e17\u0e1e\u0e21\u0e2b\u0e32\u0e19\u0e04\u0e23 10110", "\u0e1b\u0e23\u0e30\u0e40\u0e17\u0e28\u0e44\u0e17\u0e22"], "city": "\u0e04\u0e25\u0e2d\u0e07\u0e40\u0e15\u0e22", "lng": 100.57051434643162, "cc": "TH", "state": "\u0e01\u0e23\u0e38\u0e07\u0e40\u0e17\u0e1e\u0e21\u0e2b\u0e32\u0e19\u0e04\u0e23", "crossStreet": "at S&P Bldg., 2nd Fl.", "lat": 13.720443413177424, "address": "Nihonmachi", "labeledLatLngs": [{"label": "display", "lat": 13.720443413177424, "lng": 100.57051434643162}], "postalCode": "10110", "country": "\u0e1b\u0e23\u0e30\u0e40\u0e17\u0e28\u0e44\u0e17\u0e22"}, "categories": [{"icon": {"prefix": "https://ss3.4sqi.net/img/categories_v2/food/japanese_", "suffix": ".png"}, "name": "Japanese Restaurant", "id": "4bf58dd8d48988d111941735", "pluralName": "Japanese Restaurants", "primary": true, "shortName": "Japanese"}], "verified": true, "contact": {"formattedPhone": "+66 2 259 6075", "phone": "+6622596075"}, "allowMenuUrlEdit": true, "stats": {"tipCount": 78, "usersCount": 3253, "checkinsCount": 6193}, "id": "4b77fd51f964a52026b12ee3", "name": "Torajiro (\u0e42\u0e17\u0e23\u0e32\u0e08\u0e34\u0e42\u0e23\u0e48)", "beenHere": {"lastCheckinExpiredAt": 0}}, "suffix": "/3906791_vQ-UzMSZN7hiirAxsd76KD3xwpCI0Jbs9k9W2d6G6oE.jpg", "visibility": "public"}, {"height": 720, "source": {"url": "https://foursquare.com/download/#/iphone", "name": "Foursquare for iOS"}, "width": 537, "prefix": "https://igx.4sqi.net/img/general/", "createdAt": 1322985892, "id": "4edb29a461af8a14b7494e4a", "venue": {"url": "http://www.labaguettepattaya.com", "like": false, "location": {"formattedAddress": ["172/3 Moo 5 Naklua (at Woodlands Hotel & Resort)", "\u0e1a\u0e32\u0e07\u0e25\u0e30\u0e21\u0e38\u0e07", "\u0e0a\u0e25\u0e1a\u0e38\u0e23\u0e35 20150", "\u0e1b\u0e23\u0e30\u0e40\u0e17\u0e28\u0e44\u0e17\u0e22"], "city": "\u0e1a\u0e32\u0e07\u0e25\u0e30\u0e21\u0e38\u0e07", "lng": 100.88813781738281, "cc": "TH", "state": "\u0e0a\u0e25\u0e1a\u0e38\u0e23\u0e35", "crossStreet": "at Woodlands Hotel & Resort", "lat": 12.952032981899496, "address": "172/3 Moo 5 Naklua", "labeledLatLngs": [{"label": "display", "lat": 12.952032981899496, "lng": 100.88813781738281}], "postalCode": "20150", "country": "\u0e1b\u0e23\u0e30\u0e40\u0e17\u0e28\u0e44\u0e17\u0e22"}, "categories": [{"icon": {"prefix": "https://ss3.4sqi.net/img/categories_v2/food/cafe_", "suffix": ".png"}, "name": "Caf\u00e9", "id": "4bf58dd8d48988d16d941735", "pluralName": "Caf\u00e9s", "primary": true, "shortName": "Caf\u00e9"}], "verified": false, "contact": {"formattedPhone": "+66 38 421 707", "phone": "+6638421707"}, "allowMenuUrlEdit": true, "stats": {"tipCount": 301, "usersCount": 10084, "checkinsCount": 15139}, "id": "4bc43c2d4cdfc9b6235a9821", "name": "La Baguette (\u0e25\u0e32 \u0e1a\u0e32\u0e40\u0e01\u0e4a\u0e15\u0e15\u0e4c)", "beenHere": {"lastCheckinExpiredAt": 0}}, "suffix": "/EWARWJC5N1RX4ZO4QTY45XHV1BKCFLVQYBQ45ZDULBVIE2SV.jpg", "visibility": "public"}, {"height": 720, "source": {"url": "https://foursquare.com/download/#/iphone", "name": "Foursquare for iOS"}, "width": 537, "prefix": "https://igx.4sqi.net/img/general/", "createdAt": 1319731422, "id": "4ea980def5b9df9610af1e7c", "venue": {"like": false, "location": {"formattedAddress": ["Soi Hua Hin 72 (Petchkasem Rd.)", "\u0e2d\u0e33\u0e40\u0e20\u0e2d\u0e2b\u0e31\u0e27\u0e2b\u0e34\u0e19", "\u0e08\u0e31\u0e07\u0e2b\u0e27\u0e31\u0e14\u0e1b\u0e23\u0e30\u0e08\u0e27\u0e1a\u0e04\u0e35\u0e23\u0e35\u0e02\u0e31\u0e19\u0e18\u0e4c 77110", "\u0e1b\u0e23\u0e30\u0e40\u0e17\u0e28\u0e44\u0e17\u0e22"], "city": "\u0e2d\u0e33\u0e40\u0e20\u0e2d\u0e2b\u0e31\u0e27\u0e2b\u0e34\u0e19", "lng": 99.95601753288004, "cc": "TH", "state": "\u0e08\u0e31\u0e07\u0e2b\u0e27\u0e31\u0e14\u0e1b\u0e23\u0e30\u0e08\u0e27\u0e1a\u0e04\u0e35\u0e23\u0e35\u0e02\u0e31\u0e19\u0e18\u0e4c", "lat": 12.571263916105812, "address": "Soi Hua Hin 72", "crossStreet": "Petchkasem Rd.", "postalCode": "77110", "country": "\u0e1b\u0e23\u0e30\u0e40\u0e17\u0e28\u0e44\u0e17\u0e22"}, "categories": [{"icon": {"prefix": "https://ss3.4sqi.net/img/categories_v2/shops/fleamarket_", "suffix": ".png"}, "name": "Night Market", "id": "53e510b7498ebcb1801b55d4", "pluralName": "Night Markets", "primary": true, "shortName": "Night Market"}], "verified": false, "contact": {}, "allowMenuUrlEdit": true, "stats": {"tipCount": 213, "usersCount": 32315, "checkinsCount": 47776}, "id": "4b643ee1f964a52033a62ae3", "name": "Hua Hin Night Market (\u0e15\u0e25\u0e32\u0e14\u0e42\u0e15\u0e49\u0e23\u0e38\u0e48\u0e07\u0e2b\u0e31\u0e27\u0e2b\u0e34\u0e19)", "beenHere": {"lastCheckinExpiredAt": 0}}, "suffix": "/GWON4JZRFU2O2VGDHI0O3AM3M0I31Y0P2CNUQZUBNHJFX40U.jpg", "visibility": "public"}], "count": 8}, "totalCount": 8}}