{"meta": {"code": 200, "requestId": "595b22f24434b96bc7db4688"}, "notifications": [{"item": {"unreadCount": 0}, "type": "notificationTray"}], "response": {"photos": {"items": [{"height": 720, "source": {"url": "https://foursquare.com/download/#/iphone", "name": "Foursquare for iOS"}, "width": 537, "prefix": "https://igx.4sqi.net/img/general/", "createdAt": 1302933207, "id": "4da92ed7fd2859348cb9f816", "venue": {"like": false, "location": {"formattedAddress": ["662 Buffalo Rd #01-16", "210662", "Singapore"], "city": "Singapore", "lng": 103.8501607489637, "cc": "SG", "country": "Singapore", "lat": 1.3058829278882609, "address": "662 Buffalo Rd #01-16", "labeledLatLngs": [{"label": "display", "lat": 1.3058829278882609, "lng": 103.8501607489637}], "postalCode": "210662"}, "categories": [{"icon": {"prefix": "https://ss3.4sqi.net/img/categories_v2/food/indian_", "suffix": ".png"}, "name": "Indian Restaurant", "id": "4bf58dd8d48988d10f941735", "pluralName": "Indian Restaurants", "primary": true, "shortName": "Indian"}], "verified": false, "contact": {"formattedPhone": "+65 6291 1164", "phone": "+6562911164"}, "allowMenuUrlEdit": true, "stats": {"tipCount": 61, "usersCount": 1472, "checkinsCount": 2550}, "id": "4b53aaeaf964a5200ca727e3", "name": "Sri Kamala Vilas Restaurant", "beenHere": {"lastCheckinExpiredAt": 0}}, "suffix": "/JVL0FW3XBKAEOZ2ZGUZD5ZJLBBSUNXLWOQNYMYE1LLKJMUPC.jpg", "visibility": "public"}, {"height": 720, "source": {"url": "https://foursquare.com/download/#/iphone", "name": "Foursquare for iOS"}, "width": 540, "prefix": "https://igx.4sqi.net/img/general/", "createdAt": 1298280844, "id": "4d62318cd47328fd39ad3448", "venue": {"like": false, "location": {"city": "Singapore", "lng": 103.85144595432476, "cc": "SG", "country": "Singapore", "lat": 1.2851835289602962, "address": "1 Raffles Place", "labeledLatLngs": [{"label": "display", "lat": 1.2851835289602962, "lng": 103.85144595432476}], "formattedAddress": ["1 Raffles Place", "Singapore"]}, "categories": [{"icon": {"prefix": "https://ss3.4sqi.net/img/categories_v2/shops/financial_", "suffix": ".png"}, "name": "Bank", "id": "4bf58dd8d48988d10a951735", "pluralName": "Banks", "primary": true, "shortName": "Bank"}], "verified": false, "contact": {}, "allowMenuUrlEdit": true, "stats": {"tipCount": 0, "usersCount": 106, "checkinsCount": 318}, "id": "4f276796e4b0d3edd5281596", "name": "UOB Privilege Banking Centre", "beenHere": {"lastCheckinExpiredAt": 0}}, "suffix": "/DBDZLWGVXP1TZVWLTQ51G1YHTFXYCRXZPMVTIIHVK4MDDTAA.jpg", "visibility": "public"}], "count": 2}, "totalCount": 2}}