{"meta": {"code": 200, "requestId": "595b0c21db04f562ebf65878"}, "notifications": [{"item": {"unreadCount": 0}, "type": "notificationTray"}], "response": {"photos": {"items": [{"height": 960, "source": {"url": "https://foursquare.com/download/#/android", "name": "Foursquare for Android"}, "width": 720, "prefix": "https://igx.4sqi.net/img/general/", "createdAt": 1362045782, "id": "512f2b56e4b0f660f97efd2e", "venue": {"like": false, "location": {"city": "Yishun New Town", "lng": 103.84354591369629, "cc": "SG", "state": "Singapore", "lat": 1.4255650021403814, "address": "Yishun Ave 11", "labeledLatLngs": [{"label": "display", "lat": 1.4255650021403814, "lng": 103.84354591369629}], "formattedAddress": ["Yishun Ave 11", "Singapore"], "country": "Singapore"}, "categories": [{"icon": {"prefix": "https://ss3.4sqi.net/img/categories_v2/travel/busstation_", "suffix": ".png"}, "name": "Bus Station", "id": "4bf58dd8d48988d1fe931735", "pluralName": "Bus Stations", "primary": true, "shortName": "Bus Station"}], "verified": false, "contact": {}, "beenHere": {"lastCheckinExpiredAt": 0}, "stats": {"tipCount": 0, "usersCount": 20, "checkinsCount": 57}, "id": "4d0889b31657a35dec262de7", "name": "Bus Stop 59451 (bet Blks 349/350)"}, "suffix": "/3912668_Ey3pkqZGyWxQH13g_thFmlmlj5voRd0DfiR74xQmh7E.jpg", "visibility": "public"}, {"height": 323, "source": {"url": "https://foursquare.com/download/#/android", "name": "Foursquare for Android"}, "width": 340, "prefix": "https://igx.4sqi.net/img/general/", "createdAt": 1359783186, "id": "510ca512e4b04c8c9fe19e16", "venue": {"venueRatingBlacklisted": true, "like": false, "location": {"isFuzzed": true, "cc": "SG", "country": "Singapore", "lat": 1.425054043576923, "lng": 103.8390162070228, "formattedAddress": ["Yishun Avenue 11", "760350", "Singapore"]}, "categories": [{"icon": {"prefix": "https://ss3.4sqi.net/img/categories_v2/building/home_", "suffix": ".png"}, "name": "Home (private)", "id": "4bf58dd8d48988d103941735", "pluralName": "Homes (private)", "primary": true, "shortName": "Home"}], "verified": false, "contact": {}, "beenHere": {"lastCheckinExpiredAt": 0}, "stats": {"tipCount": 1, "usersCount": 1, "checkinsCount": 62}, "id": "4e3e91d52271d21e8704b66d", "name": "Home Sweet Home ARK350"}, "suffix": "/3912668_lDAEIOmbEr0bsi1IEoqBwDjh41l6OGYdPv26wpB3yqI.jpg", "visibility": "public"}, {"height": 540, "source": {"url": "https://foursquare.com/download/#/android", "name": "Foursquare for Android"}, "width": 720, "prefix": "https://igx.4sqi.net/img/general/", "createdAt": 1359692442, "id": "510b429ae4b0ce64f2612201", "venue": {"location": {"formattedAddress": ["#01-12 Khoo Teck Puat Hospital (90 Yishun Central)", "768828", "Singapore"], "city": "Singapore", "lng": 103.83935304921516, "cc": "SG", "country": "Singapore", "crossStreet": "90 Yishun Central", "lat": 1.4243798722233756, "address": "#01-12 Khoo Teck Puat Hospital", "labeledLatLngs": [{"label": "display", "lat": 1.4243798722233756, "lng": 103.83935304921516}], "postalCode": "768828"}, "contact": {"facebookName": "Foodfare", "facebookUsername": "Foodfare", "facebook": "201436183199791"}, "verified": false, "allowMenuUrlEdit": true, "stats": {"tipCount": 35, "usersCount": 1178, "checkinsCount": 2507}, "menu": {"url": "http://www.foodfare.com.sg/foodcourt_location_stalls.cfm?location_id=A099643F-1A64-6F37-E411165DCE0D456B", "label": "Menu", "anchor": "View Menu", "mobileUrl": "http://www.foodfare.com.sg/foodcourt_location_stalls.cfm?location_id=A099643F-1A64-6F37-E411165DCE0D456B", "type": "Menu", "externalUrl": "http://www.foodfare.com.sg/foodcourt_location_stalls.cfm?location_id=A099643F-1A64-6F37-E411165DCE0D456B"}, "beenHere": {"lastCheckinExpiredAt": 0}, "url": "http://www.foodfare.com.sg", "like": false, "categories": [{"icon": {"prefix": "https://ss3.4sqi.net/img/categories_v2/shops/food_foodcourt_", "suffix": ".png"}, "name": "Food Court", "id": "4bf58dd8d48988d120951735", "pluralName": "Food Courts", "primary": true, "shortName": "Food Court"}], "id": "4c2c36158ef52d7f8aa732ba", "name": "NTUC Foodfare"}, "suffix": "/3912668_k4l69BvEFa5BoEXtz294OFfGPsWNMyXBIVl2H37qyYk.jpg", "visibility": "public"}, {"height": 720, "source": {"url": "https://foursquare.com/download/#/android", "name": "Foursquare for Android"}, "width": 540, "prefix": "https://igx.4sqi.net/img/general/", "createdAt": 1359681709, "id": "510b18ade4b0809a73e68f09", "venue": {"venueRatingBlacklisted": true, "like": false, "location": {"formattedAddress": ["107 Commonwealth Crescent", "140107", "Singapore"], "city": "Singapore", "lng": 103.79952089834501, "cc": "SG", "country": "Singapore", "lat": 1.3076764515275803, "address": "107 Commonwealth Crescent", "labeledLatLngs": [{"label": "display", "lat": 1.3076764515275803, "lng": 103.79952089834501}], "postalCode": "140107"}, "categories": [{"icon": {"prefix": "https://ss3.4sqi.net/img/categories_v2/building/apartment_", "suffix": ".png"}, "name": "Residential Building (Apartment / Condo)", "id": "4d954b06a243a5684965b473", "pluralName": "Residential Buildings (Apartments / Condos)", "primary": true, "shortName": "Residential"}], "verified": false, "contact": {}, "beenHere": {"lastCheckinExpiredAt": 0}, "stats": {"tipCount": 3, "usersCount": 82, "checkinsCount": 474}, "id": "4c6bdfe96af58cfa4f498517", "name": "Blk 107 Commonwealth Crescent"}, "suffix": "/3912668_R5lum9ZAt5iJ-2ORewI18yTiJzUKMpAhX7vQwPhTE44.jpg", "visibility": "public"}, {"height": 720, "source": {"url": "https://foursquare.com/download/#/android", "name": "Foursquare for Android"}, "width": 540, "prefix": "https://igx.4sqi.net/img/general/", "createdAt": 1359675293, "id": "510aff9de4b075affa0935f6", "venue": {"venueRatingBlacklisted": true, "like": false, "location": {"isFuzzed": true, "cc": "SG", "country": "Singapore", "lat": 1.425054043576923, "lng": 103.8390162070228, "formattedAddress": ["Yishun Avenue 11", "760350", "Singapore"]}, "categories": [{"icon": {"prefix": "https://ss3.4sqi.net/img/categories_v2/building/home_", "suffix": ".png"}, "name": "Home (private)", "id": "4bf58dd8d48988d103941735", "pluralName": "Homes (private)", "primary": true, "shortName": "Home"}], "verified": false, "contact": {}, "beenHere": {"lastCheckinExpiredAt": 0}, "stats": {"tipCount": 1, "usersCount": 1, "checkinsCount": 62}, "id": "4e3e91d52271d21e8704b66d", "name": "Home Sweet Home ARK350"}, "suffix": "/3912668_EA4AXJrf_AG7SBkPk_03j9L1BxxTlKizC9tYuOzRmMA.jpg", "visibility": "public"}, {"height": 720, "source": {"url": "https://foursquare.com/download/#/android", "name": "Foursquare for Android"}, "width": 540, "prefix": "https://igx.4sqi.net/img/general/", "createdAt": 1359022227, "id": "51010893e4b0e1815a7927b4", "venue": {"location": {"formattedAddress": ["#01-12 Khoo Teck Puat Hospital (90 Yishun Central)", "768828", "Singapore"], "city": "Singapore", "lng": 103.83935304921516, "cc": "SG", "country": "Singapore", "crossStreet": "90 Yishun Central", "lat": 1.4243798722233756, "address": "#01-12 Khoo Teck Puat Hospital", "labeledLatLngs": [{"label": "display", "lat": 1.4243798722233756, "lng": 103.83935304921516}], "postalCode": "768828"}, "contact": {"facebookName": "Foodfare", "facebookUsername": "Foodfare", "facebook": "201436183199791"}, "verified": false, "allowMenuUrlEdit": true, "stats": {"tipCount": 35, "usersCount": 1178, "checkinsCount": 2507}, "menu": {"url": "http://www.foodfare.com.sg/foodcourt_location_stalls.cfm?location_id=A099643F-1A64-6F37-E411165DCE0D456B", "label": "Menu", "anchor": "View Menu", "mobileUrl": "http://www.foodfare.com.sg/foodcourt_location_stalls.cfm?location_id=A099643F-1A64-6F37-E411165DCE0D456B", "type": "Menu", "externalUrl": "http://www.foodfare.com.sg/foodcourt_location_stalls.cfm?location_id=A099643F-1A64-6F37-E411165DCE0D456B"}, "beenHere": {"lastCheckinExpiredAt": 0}, "url": "http://www.foodfare.com.sg", "like": false, "categories": [{"icon": {"prefix": "https://ss3.4sqi.net/img/categories_v2/shops/food_foodcourt_", "suffix": ".png"}, "name": "Food Court", "id": "4bf58dd8d48988d120951735", "pluralName": "Food Courts", "primary": true, "shortName": "Food Court"}], "id": "4c2c36158ef52d7f8aa732ba", "name": "NTUC Foodfare"}, "suffix": "/3912668_G4JRjC76JTY9VvfCHgAIsT4OmE0c0nux-sJlVM1DRFg.jpg", "visibility": "public"}, {"height": 720, "source": {"url": "https://foursquare.com/download/#/android", "name": "Foursquare for Android"}, "width": 540, "prefix": "https://igx.4sqi.net/img/general/", "createdAt": 1359019539, "id": "5100fe13e4b05a0c9d7597dd", "venue": {"url": "http://www.smrt.com.sg", "like": false, "location": {"formattedAddress": ["20A Yishun Central 1", "768830", "Singapore"], "city": "Singapore", "lng": 103.83733766973894, "cc": "SG", "country": "Singapore", "lat": 1.4294090403856905, "address": "20A Yishun Central 1", "postalCode": "768830"}, "categories": [{"icon": {"prefix": "https://ss3.4sqi.net/img/categories_v2/travel/busstation_", "suffix": ".png"}, "name": "Bus Station", "id": "4bf58dd8d48988d1fe931735", "pluralName": "Bus Stations", "primary": true, "shortName": "Bus Station"}], "verified": false, "contact": {"twitter": "smrt_singapore", "facebookName": "SMRT", "formattedPhone": "+65 1800 336 8900", "phone": "+6518003368900", "facebookUsername": "SMRTCorpSG", "facebook": "566549713366262"}, "beenHere": {"lastCheckinExpiredAt": 0}, "stats": {"tipCount": 59, "usersCount": 7737, "checkinsCount": 46140}, "id": "4b598bd3f964a520e58b28e3", "name": "Yishun Temporary Bus Interchange"}, "suffix": "/3912668_1R0uk6c3vuW4d_SFhRvd-K2WMktUe8YxJrLopla_9h4.jpg", "visibility": "public"}, {"height": 720, "source": {"url": "https://foursquare.com/download/#/android", "name": "Foursquare for Android"}, "width": 540, "prefix": "https://igx.4sqi.net/img/general/", "createdAt": 1359016944, "id": "5100f3f0e4b04647c8def6e1", "venue": {"like": false, "location": {"city": "Yishun New Town", "lng": 103.84354591369629, "cc": "SG", "state": "Singapore", "lat": 1.4255650021403814, "address": "Yishun Ave 11", "labeledLatLngs": [{"label": "display", "lat": 1.4255650021403814, "lng": 103.84354591369629}], "formattedAddress": ["Yishun Ave 11", "Singapore"], "country": "Singapore"}, "categories": [{"icon": {"prefix": "https://ss3.4sqi.net/img/categories_v2/travel/busstation_", "suffix": ".png"}, "name": "Bus Station", "id": "4bf58dd8d48988d1fe931735", "pluralName": "Bus Stations", "primary": true, "shortName": "Bus Station"}], "verified": false, "contact": {}, "beenHere": {"lastCheckinExpiredAt": 0}, "stats": {"tipCount": 0, "usersCount": 20, "checkinsCount": 57}, "id": "4d0889b31657a35dec262de7", "name": "Bus Stop 59451 (bet Blks 349/350)"}, "suffix": "/3912668_cLTgNiUV0F_vbHDBaKN8cM2W2oBEzRqYPBnYtoGjcfM.jpg", "visibility": "public"}, {"height": 612, "source": {"url": "http://instagram.com", "name": "Instagram"}, "width": 612, "prefix": "https://igx.4sqi.net/img/general/", "createdAt": 1358777893, "id": "50fd4e25e4b01725c4c0fc4c", "venue": {"venueRatingBlacklisted": true, "like": false, "location": {"formattedAddress": ["350 Yishun Ave 11", "760350", "Singapore"], "city": "Singapore", "lng": 103.8443398475647, "cc": "SG", "country": "Singapore", "lat": 1.4259082186064727, "address": "350 Yishun Ave 11", "labeledLatLngs": [{"label": "display", "lat": 1.4259082186064727, "lng": 103.8443398475647}], "postalCode": "760350"}, "categories": [{"icon": {"prefix": "https://ss3.4sqi.net/img/categories_v2/building/apartment_", "suffix": ".png"}, "name": "Residential Building (Apartment / Condo)", "id": "4d954b06a243a5684965b473", "pluralName": "Residential Buildings (Apartments / Condos)", "primary": true, "shortName": "Residential"}], "verified": false, "contact": {}, "beenHere": {"lastCheckinExpiredAt": 0}, "stats": {"tipCount": 4, "usersCount": 108, "checkinsCount": 787}, "id": "4c85003647cc224b71c09c9f", "name": "Blk 350 Yishun Avenue 11"}, "suffix": "/3912668_Ci1j6UBvcQwW8OzeGF6rLKgzd_0LLZh9wa399p5rYiw.jpg", "visibility": "public"}, {"height": 640, "source": {"url": "https://foursquare.com/download/#/android", "name": "Foursquare for Android"}, "width": 480, "prefix": "https://igx.4sqi.net/img/general/", "createdAt": 1335266962, "id": "4f968e92e4b0aa1ae576426d", "venue": {"venueRatingBlacklisted": true, "like": false, "location": {"city": "Yishun New Town", "lng": 103.83325605190106, "cc": "SG", "state": "Singapore", "lat": 1.4319667306254238, "address": "Blk 160 yishun st 11 #01-200", "labeledLatLngs": [{"label": "display", "lat": 1.4319667306254238, "lng": 103.83325605190106}], "formattedAddress": ["Blk 160 yishun st 11 #01-200", "Singapore"], "country": "Singapore"}, "categories": [{"icon": {"prefix": "https://ss3.4sqi.net/img/categories_v2/building/medical_doctorsoffice_", "suffix": ".png"}, "name": "Doctor's Office", "id": "4bf58dd8d48988d177941735", "pluralName": "Doctor's Offices", "primary": true, "shortName": "Doctor's Office"}], "verified": false, "contact": {}, "allowMenuUrlEdit": true, "stats": {"tipCount": 3, "usersCount": 109, "checkinsCount": 292}, "id": "4ba1a15ff964a520d9c437e3", "name": "Shenton Family Medical Clinic", "beenHere": {"lastCheckinExpiredAt": 0}}, "suffix": "/H1X28W2Xu-8CVSip1ioAIwAzMCwdTICcRG3V7u0wFWk.jpg", "visibility": "public"}, {"height": 720, "source": {"url": "https://foursquare.com/download/#/android", "name": "Foursquare for Android"}, "width": 432, "prefix": "https://igx.4sqi.net/img/general/", "createdAt": 1334151246, "id": "4f85884ee4b0a3bc1611893a", "venue": {"venueRatingBlacklisted": true, "like": false, "location": {"isFuzzed": true, "cc": "SG", "country": "Singapore", "lat": 1.425054043576923, "lng": 103.8390162070228, "formattedAddress": ["Yishun Avenue 11", "760350", "Singapore"]}, "categories": [{"icon": {"prefix": "https://ss3.4sqi.net/img/categories_v2/building/home_", "suffix": ".png"}, "name": "Home (private)", "id": "4bf58dd8d48988d103941735", "pluralName": "Homes (private)", "primary": true, "shortName": "Home"}], "verified": false, "contact": {}, "beenHere": {"lastCheckinExpiredAt": 0}, "stats": {"tipCount": 1, "usersCount": 1, "checkinsCount": 62}, "id": "4e3e91d52271d21e8704b66d", "name": "Home Sweet Home ARK350"}, "suffix": "/vOQEv8TEfG3nPqBRIhkE74J5qcAhUC9eI4-5ZHi87IU.jpg", "visibility": "public"}, {"height": 640, "source": {"url": "https://foursquare.com/download/#/android", "name": "Foursquare for Android"}, "width": 480, "prefix": "https://igx.4sqi.net/img/general/", "createdAt": 1333974033, "id": "4f82d411e4b01e69d924fe50", "venue": {"url": "http://www.mcdonalds.com.sg", "like": false, "location": {"formattedAddress": ["#01-12/13, Northpoint Shopping Centre (930 Yishun Avenue 2)", "769098", "Singapore"], "city": "Singapore", "lng": 103.83534496440986, "cc": "SG", "country": "Singapore", "crossStreet": "930 Yishun Avenue 2", "lat": 1.4296636958260116, "address": "#01-12/13, Northpoint Shopping Centre", "labeledLatLngs": [{"label": "display", "lat": 1.4296636958260116, "lng": 103.83534496440986}], "postalCode": "769098"}, "categories": [{"icon": {"prefix": "https://ss3.4sqi.net/img/categories_v2/food/fastfood_", "suffix": ".png"}, "name": "Fast Food Restaurant", "id": "4bf58dd8d48988d16e941735", "pluralName": "Fast Food Restaurants", "primary": true, "shortName": "Fast Food"}], "verified": false, "contact": {"formattedPhone": "+65 6754 6043", "phone": "+6567546043"}, "allowMenuUrlEdit": true, "stats": {"tipCount": 42, "usersCount": 5991, "checkinsCount": 15732}, "id": "4b124238f964a5205a8923e3", "name": "McDonald's / McCafe", "beenHere": {"lastCheckinExpiredAt": 0}}, "suffix": "/pW1MkuZZuz93EHdjdzj8ux9ooxOK38X9HAdyOyXr6xM.jpg", "visibility": "public"}, {"height": 320, "source": {"url": "https://foursquare.com/download/#/android", "name": "Foursquare for Android"}, "width": 240, "prefix": "https://igx.4sqi.net/img/general/", "createdAt": 1328613142, "id": "4f310716e4b09fde5d8f28be", "venue": {"url": "http://www.longjohnsilvers.com.sg", "like": false, "location": {"formattedAddress": ["#01-14/15, Northpoint Shopping Centre (930 Yishun Ave 2)", "769098", "Singapore"], "city": "Singapore", "lng": 103.8356602191925, "cc": "SG", "country": "Singapore", "crossStreet": "930 Yishun Ave 2", "lat": 1.4301233416530241, "address": "#01-14/15, Northpoint Shopping Centre", "labeledLatLngs": [{"label": "display", "lat": 1.4301233416530241, "lng": 103.8356602191925}], "postalCode": "769098"}, "categories": [{"icon": {"prefix": "https://ss3.4sqi.net/img/categories_v2/food/fastfood_", "suffix": ".png"}, "name": "Fast Food Restaurant", "id": "4bf58dd8d48988d16e941735", "pluralName": "Fast Food Restaurants", "primary": true, "shortName": "Fast Food"}], "verified": false, "contact": {"formattedPhone": "+65 6754 7710", "phone": "+6567547710", "facebookName": "Long John Silver's Singapore", "facebookUsername": "LongJohnSilvers.Sg", "facebook": "357524728809"}, "allowMenuUrlEdit": true, "stats": {"tipCount": 11, "usersCount": 2139, "checkinsCount": 3510}, "id": "4b496eedf964a520bc6f26e3", "name": "Long John Silver's", "beenHere": {"lastCheckinExpiredAt": 0}}, "suffix": "/rDApScxr9NCu0i51WDeMKkgJ_6lsdEH2C7npVTY2cns.jpg", "visibility": "public"}, {"height": 640, "source": {"url": "https://foursquare.com/download/#/android", "name": "Foursquare for Android"}, "width": 480, "prefix": "https://igx.4sqi.net/img/general/", "createdAt": 1327585230, "id": "4f2157cee4b09044bd319c21", "venue": {"url": "http://www.mrtehtarik.com.sg", "like": false, "location": {"formattedAddress": ["306A Woodlands St. 31, #01-01", "731306", "Singapore"], "city": "Singapore", "lng": 103.77513885498047, "cc": "SG", "country": "Singapore", "lat": 1.4303378515249145, "address": "306A Woodlands St. 31, #01-01", "labeledLatLngs": [{"label": "display", "lat": 1.4303378515249145, "lng": 103.77513885498047}], "postalCode": "731306"}, "categories": [{"icon": {"prefix": "https://ss3.4sqi.net/img/categories_v2/food/coffeeshop_", "suffix": ".png"}, "name": "Coffee Shop", "id": "4bf58dd8d48988d1e0931735", "pluralName": "Coffee Shops", "primary": true, "shortName": "Coffee Shop"}], "verified": false, "contact": {}, "allowMenuUrlEdit": true, "stats": {"tipCount": 47, "usersCount": 2187, "checkinsCount": 5418}, "id": "4c768f733adda1436a5b0aaf", "name": "Mr Teh Tarik Eating House", "beenHere": {"lastCheckinExpiredAt": 0}}, "suffix": "/Q5OHS1SEUM2RRSEE2PXO4YO0JLRTHQC4Q05Q0KENYL3DJEM1.jpg", "visibility": "public"}, {"height": 540, "source": {"url": "https://foursquare.com/download/#/android", "name": "Foursquare for Android"}, "width": 720, "prefix": "https://igx.4sqi.net/img/general/", "createdAt": 1326274805, "id": "4f0d58f5e4b03684a43df590", "venue": {"closed": true, "like": false, "location": {"formattedAddress": ["#01-03, Yishun 10 (51 Yishun Central 1)", "768794", "Singapore"], "city": "Singapore", "lng": 103.83630168575847, "cc": "SG", "country": "Singapore", "lat": 1.4301589233009755, "address": "#01-03, Yishun 10", "crossStreet": "51 Yishun Central 1", "postalCode": "768794"}, "categories": [{"icon": {"prefix": "https://ss3.4sqi.net/img/categories_v2/food/fastfood_", "suffix": ".png"}, "name": "Fast Food Restaurant", "id": "4bf58dd8d48988d16e941735", "pluralName": "Fast Food Restaurants", "primary": true, "shortName": "Fast Food"}], "verified": false, "contact": {}, "allowMenuUrlEdit": true, "stats": {"tipCount": 60, "usersCount": 3322, "checkinsCount": 5492}, "id": "4caf18c239458cfa5372f79f", "name": "Wendy's", "beenHere": {"lastCheckinExpiredAt": 0}}, "suffix": "/UUVSDSTNIQHFZJ12QEQAOJ2O5K1LPZWYSCD5HFXOP2Q2GQC4.jpg", "visibility": "public"}, {"height": 540, "source": {"url": "https://foursquare.com/download/#/android", "name": "Foursquare for Android"}, "width": 720, "prefix": "https://igx.4sqi.net/img/general/", "createdAt": 1326104338, "id": "4f0abf12e4b0aa2dc8a9a972", "venue": {"url": "http://www.cgh.com.sg", "like": false, "location": {"formattedAddress": ["2 Simei St. 3", "529889", "Singapore"], "city": "Singapore", "lng": 103.94976321142511, "cc": "SG", "country": "Singapore", "lat": 1.340313110165039, "address": "2 Simei St. 3", "postalCode": "529889"}, "categories": [{"icon": {"prefix": "https://ss3.4sqi.net/img/categories_v2/building/medical_", "suffix": ".png"}, "name": "Hospital", "id": "4bf58dd8d48988d196941735", "pluralName": "Hospitals", "primary": true, "shortName": "Hospital"}], "verified": false, "contact": {"formattedPhone": "+65 6788 8833", "phone": "+6567888833"}, "beenHere": {"lastCheckinExpiredAt": 0}, "stats": {"tipCount": 82, "usersCount": 12379, "checkinsCount": 37150}, "id": "4b166771f964a520b8b823e3", "name": "Changi General Hospital (CGH)", "venueRatingBlacklisted": true}, "suffix": "/GT0WAIEBE4R5G0YBV3OKZRD2FWO3INDNWI51YXGVLA0PP442.jpg", "visibility": "public"}, {"height": 480, "source": {"url": "https://foursquare.com/download/#/android", "name": "Foursquare for Android"}, "tip": {"agreeCount": 0, "canonicalUrl": "https://foursquare.com/item/4f07e87ce4b0d6422a577bc5", "todo": {"count": 0}, "logView": true, "disagreeCount": 0, "createdAt": 1325918332, "id": "4f07e87ce4b0d6422a577bc5", "text": "waiting for Ganesh to do the speech... then food time....", "likes": {"groups": [], "count": 0}, "like": false, "type": "user"}, "width": 640, "prefix": "https://igx.4sqi.net/img/general/", "createdAt": 1325918341, "id": "4f07e885e4b0e8907a0d8552", "venue": {"venueRatingBlacklisted": true, "like": false, "location": {"formattedAddress": ["9 Wooldlands Avenue 9", "738964", "Singapore"], "country": "Singapore", "lng": 103.79290504140047, "cc": "SG", "state": "Singapore", "lat": 1.4392411464762958, "address": "9 Wooldlands Avenue 9", "labeledLatLngs": [{"label": "display", "lat": 1.4392411464762958, "lng": 103.79290504140047}], "postalCode": "738964"}, "categories": [{"icon": {"prefix": "https://ss3.4sqi.net/img/categories_v2/education/administrativebuilding_", "suffix": ".png"}, "name": "College Administrative Building", "id": "4bf58dd8d48988d197941735", "pluralName": "College Administrative Buildings", "primary": true, "shortName": "Administrative Building"}], "verified": false, "contact": {}, "beenHere": {"lastCheckinExpiredAt": 0}, "stats": {"tipCount": 1, "usersCount": 8, "checkinsCount": 19}, "id": "4e4b2e7718a808fd10faf790", "name": "Republic Polytechnic Graduates' lounge"}, "suffix": "/IYFAH24QGUXH4VMRNCIU3D3V121LMFS2FETGRIA1M0Y4ECGT.jpg", "visibility": "public"}], "count": 17}, "totalCount": 17}}