{"response": {"photos": {"items": [{"id": "57491174cd10c9410b09853f", "createdAt": 1464406388, "height": 1920, "visibility": "public", "source": {"url": "https://www.swarmapp.com", "name": "Swarm for iOS"}, "prefix": "https://igx.4sqi.net/img/general/", "venue": {"id": "51834533498e6af149f11e65", "like": false, "stats": {"checkinsCount": 779, "tipCount": 0, "usersCount": 265}, "beenHere": {"lastCheckinExpiredAt": 0}, "categories": [{"id": "4bf58dd8d48988d138941735", "primary": true, "icon": {"prefix": "https://ss3.4sqi.net/img/categories_v2/building/religious_mosque_", "suffix": ".png"}, "pluralName": "Mosques", "shortName": "Mosque", "name": "Mosque"}], "verified": false, "location": {"lat": 1.3710473991029515, "formattedAddress": ["Singapore"], "country": "Singapore", "labeledLatLngs": [{"lng": 103.96412107763244, "label": "display", "lat": 1.3710473991029515}], "cc": "SG", "lng": 103.96412107763244}, "contact": {}, "venueRatingBlacklisted": true, "name": "Masjid Al-Istighfar"}, "width": 1440, "suffix": "/3915137_6b5-qn20RQik-8nsh_wCfPEZUnNRvVBI8yQYj3T2j8c.jpg"}, {"id": "552b9681498ea9cbbe10bfb1", "createdAt": 1428919937, "height": 1440, "visibility": "public", "source": {"url": "https://www.swarmapp.com", "name": "Swarm for iOS"}, "prefix": "https://igx.4sqi.net/img/general/", "venue": {"id": "53d48dda498e34dae1364160", "like": false, "stats": {"checkinsCount": 64, "tipCount": 0, "usersCount": 32}, "beenHere": {"lastCheckinExpiredAt": 0}, "categories": [{"id": "4bf58dd8d48988d1fa931735", "primary": true, "icon": {"prefix": "https://ss3.4sqi.net/img/categories_v2/travel/hotel_", "suffix": ".png"}, "pluralName": "Hotels", "shortName": "Hotel", "name": "Hotel"}], "verified": false, "allowMenuUrlEdit": true, "location": {"lat": 35.16086293977924, "formattedAddress": ["\ub300\ud55c\ubbfc\uad6d"], "country": "\ub300\ud55c\ubbfc\uad6d", "labeledLatLngs": [{"lng": 129.15614835902315, "label": "display", "lat": 35.16086293977924}], "cc": "KR", "lng": 129.15614835902315}, "contact": {}, "name": "sujain marine (\uc218\uc790\uc778 \ub9c8\ub9b0 \ud638\ud154)"}, "width": 1440, "suffix": "/3915137_HmoymA2n2R8YTGMtm-8kip_lPuSJA5Eeb3yFtlVgtRw.jpg"}, {"id": "53a42fb8498eef2db3e7ecb8", "createdAt": 1403269048, "height": 960, "visibility": "public", "source": {"url": "https://foursquare.com/download/#/iphone", "name": "Foursquare for iOS"}, "prefix": "https://igx.4sqi.net/img/general/", "venue": {"id": "4cb9a92b0180721e04529561", "closed": true, "stats": {"checkinsCount": 3739, "tipCount": 27, "usersCount": 2307}, "like": false, "beenHere": {"lastCheckinExpiredAt": 0}, "categories": [{"id": "4bf58dd8d48988d1d0941735", "primary": true, "icon": {"prefix": "https://ss3.4sqi.net/img/categories_v2/food/dessert_", "suffix": ".png"}, "pluralName": "Dessert Shops", "shortName": "Desserts", "name": "Dessert Shop"}], "verified": false, "allowMenuUrlEdit": true, "location": {"crossStreet": "313 Orchard Rd", "labeledLatLngs": [{"lng": 103.83856773376465, "label": "display", "lat": 1.3010384992751693}], "lat": 1.3010384992751693, "postalCode": "238895", "city": "Singapore", "formattedAddress": ["#04-20 & #04-32, 313@Somerset (313 Orchard Rd)", "238895", "Singapore"], "lng": 103.83856773376465, "address": "#04-20 & #04-32, 313@Somerset", "country": "Singapore", "cc": "SG"}, "contact": {"formattedPhone": "+65 6509 0027", "phone": "+6565090027"}, "name": "Honeymoon Dessert \u9999\u6e2f\u6ee1\u8bb0\u751c\u54c1"}, "width": 720, "suffix": "/3915137_xZFAF1dDMZyZE5uScKJNPM-qVbOHWIWQ6bXylFpcCZI.jpg"}, {"id": "4feef37be4b0c3c46da1f077", "createdAt": 1341059963, "height": 720, "visibility": "public", "source": {"url": "https://foursquare.com/download/#/iphone", "name": "Foursquare for iOS"}, "prefix": "https://igx.4sqi.net/img/general/", "venue": {"id": "4b2cbd61f964a520e8c824e3", "like": false, "stats": {"checkinsCount": 4972, "tipCount": 64, "usersCount": 3176}, "beenHere": {"lastCheckinExpiredAt": 0}, "categories": [{"id": "4bf58dd8d48988d111941735", "primary": true, "icon": {"prefix": "https://ss3.4sqi.net/img/categories_v2/food/japanese_", "suffix": ".png"}, "pluralName": "Japanese Restaurants", "shortName": "Japanese", "name": "Japanese Restaurant"}], "verified": false, "allowMenuUrlEdit": true, "location": {"crossStreet": "177 River Valley Rd.", "labeledLatLngs": [{"lng": 103.84502004906399, "label": "display", "lat": 1.2913099062908933}], "lat": 1.2913099062908933, "postalCode": "189044", "city": "Singapore", "formattedAddress": ["#01-23/24, Liang Court (177 River Valley Rd.)", "189044", "Singapore"], "lng": 103.84502004906399, "address": "#01-23/24, Liang Court", "country": "Singapore", "cc": "SG"}, "contact": {"formattedPhone": "+65 6338 3186", "phone": "+6563383186"}, "name": "Tampopo Restaurant"}, "width": 540, "suffix": "/PCwG6MtHvDWMkkFxjkW18SEiu5C5SNWFS_beiYa7Pps.jpg"}, {"id": "4d9729e187f12da1d8701ac5", "createdAt": 1301752289, "height": 720, "visibility": "public", "source": {"url": "https://foursquare.com/download/#/iphone", "name": "Foursquare for iOS"}, "prefix": "https://igx.4sqi.net/img/general/", "venue": {"id": "4d10786a9302a35d72327b6e", "closed": true, "stats": {"checkinsCount": 1034, "tipCount": 8, "usersCount": 933}, "like": false, "beenHere": {"lastCheckinExpiredAt": 0}, "categories": [{"id": "4bf58dd8d48988d1c9941735", "primary": true, "icon": {"prefix": "https://ss3.4sqi.net/img/categories_v2/food/icecream_", "suffix": ".png"}, "pluralName": "Ice Cream Shops", "shortName": "Ice Cream", "name": "Ice Cream Shop"}], "verified": false, "allowMenuUrlEdit": true, "location": {"crossStreet": "2 Bayfront Ave", "lat": 1.2860219565542637, "postalCode": "018972", "city": "Singapore", "formattedAddress": ["#B1-60 The Shoppes at Marina Bay Sands (2 Bayfront Ave)", "018972", "Singapore"], "lng": 103.85976791381836, "address": "#B1-60 The Shoppes at Marina Bay Sands", "country": "Singapore", "cc": "SG"}, "contact": {"formattedPhone": "+65 6688 7198", "phone": "+6566887198"}, "name": "Cold Rock Ice Creamery"}, "width": 540, "suffix": "/WL3Z025TMOWZKK5TE4R0QIG53LDGHGOLGXRTJWRSFIJO0HYQ.jpg"}, {"id": "4d30133a78422da1faf76b52", "createdAt": 1294996282, "height": 720, "visibility": "public", "source": {"url": "https://foursquare.com/download/#/iphone", "name": "Foursquare for iOS"}, "prefix": "https://igx.4sqi.net/img/general/", "venue": {"id": "4c1f4038b306c928491f68b7", "like": false, "stats": {"checkinsCount": 323, "tipCount": 3, "usersCount": 115}, "beenHere": {"lastCheckinExpiredAt": 0}, "categories": [{"id": "4bf58dd8d48988d174941735", "primary": true, "icon": {"prefix": "https://ss3.4sqi.net/img/categories_v2/building/office_coworkingspace_", "suffix": ".png"}, "pluralName": "Coworking Spaces", "shortName": "Coworking Space", "name": "Coworking Space"}], "verified": false, "allowMenuUrlEdit": true, "location": {"lat": 1.300234600625205, "formattedAddress": ["Singapore"], "country": "Singapore", "labeledLatLngs": [{"lng": 103.8376660160394, "label": "display", "lat": 1.300234600625205}], "cc": "SG", "lng": 103.8376660160394}, "contact": {}, "venueRatingBlacklisted": true, "name": "Herbalife HQ @ Tripleone Somerset"}, "width": 540, "suffix": "/DYUOA2JZDHBZ5KQKJXGJM1FQA3W2OZASWZG0GJS1TOHXOGEJ.jpg"}, {"id": "4d1470f0e9032da1b66b03d3", "createdAt": 1293185264, "height": 720, "visibility": "public", "source": {"url": "https://foursquare.com/download/#/iphone", "name": "Foursquare for iOS"}, "prefix": "https://igx.4sqi.net/img/general/", "venue": {"id": "4d10b14d6331a09333235894", "like": false, "stats": {"checkinsCount": 291, "tipCount": 14, "usersCount": 156}, "beenHere": {"lastCheckinExpiredAt": 0}, "categories": [{"id": "4bf58dd8d48988d1d0941735", "primary": true, "icon": {"prefix": "https://ss3.4sqi.net/img/categories_v2/food/dessert_", "suffix": ".png"}, "pluralName": "Dessert Shops", "shortName": "Desserts", "name": "Dessert Shop"}], "verified": false, "allowMenuUrlEdit": true, "location": {"crossStreet": "23 Serangoon Central", "labeledLatLngs": [{"lng": 103.87233932128744, "label": "display", "lat": 1.3511563193950673}], "lat": 1.3511563193950673, "postalCode": "556083", "city": "Singapore", "formattedAddress": ["#B1-13/14, nex (23 Serangoon Central)", "556083", "Singapore"], "lng": 103.87233932128744, "address": "#B1-13/14, nex", "country": "Singapore", "cc": "SG"}, "contact": {}, "name": "Sweet Spring Desserts"}, "width": 540, "suffix": "/JPTGJ3PTCWN00TXRUA1UUW5TIJXTXUMGHFPHZ4ADQEATXNFH.jpg"}], "count": 7}, "totalCount": 7}, "meta": {"code": 200, "requestId": "595a8345db04f562ecd993b4"}, "notifications": [{"item": {"unreadCount": 0}, "type": "notificationTray"}]}