{"meta": {"code": 200, "requestId": "595b2adcdd57972d2beed833"}, "notifications": [{"item": {"unreadCount": 0}, "type": "notificationTray"}], "response": {"photos": {"items": [{"height": 640, "source": {"url": "https://foursquare.com/download/#/android", "name": "Foursquare for Android"}, "width": 416, "prefix": "https://igx.4sqi.net/img/general/", "createdAt": 1329527257, "id": "4f3ef9d9e4b059e3cb8f2ea6", "venue": {"url": "http://www.nparks.gov.sg/cms/index.php?option=com_visitorsguide&task=parks&id=14&Itemid=73", "like": false, "location": {"formattedAddress": ["Along East Coast Pkwy (East Coast Park Service Rd)", "455511", "Singapore"], "city": "Singapore", "lng": 103.92740249633789, "cc": "SG", "country": "Singapore", "lat": 1.3051144026337076, "address": "Along East Coast Pkwy", "crossStreet": "East Coast Park Service Rd", "postalCode": "455511"}, "categories": [{"icon": {"prefix": "https://ss3.4sqi.net/img/categories_v2/parks_outdoors/beach_", "suffix": ".png"}, "name": "Beach", "id": "4bf58dd8d48988d1e2941735", "pluralName": "Beaches", "primary": true, "shortName": "Beach"}], "verified": false, "contact": {"formattedPhone": "+65 1800 471 7300", "phone": "+6518004717300"}, "beenHere": {"lastCheckinExpiredAt": 0}, "stats": {"tipCount": 178, "usersCount": 33462, "checkinsCount": 69622}, "id": "4bec2a8561aca593cae38500", "name": "East Coast Park"}, "suffix": "/TiQUrqUQfeFUZBe_uVUIQ31iP8WdQjsmAF9M03Zt8HU.jpg", "visibility": "public"}, {"height": 416, "source": {"url": "https://foursquare.com/download/#/android", "name": "Foursquare for Android"}, "width": 640, "prefix": "https://igx.4sqi.net/img/general/", "createdAt": 1323841631, "id": "4ee8385f469064168d018bff", "venue": {"like": false, "location": {"cc": "MY", "country": "Malaysia", "lat": 2.557229846714635, "lng": 101.80745777760022, "labeledLatLngs": [{"label": "display", "lat": 2.557229846714635, "lng": 101.80745777760022}], "formattedAddress": ["Malaysia"]}, "categories": [{"icon": {"prefix": "https://ss3.4sqi.net/img/categories_v2/travel/hotel_", "suffix": ".png"}, "name": "Hotel", "id": "4bf58dd8d48988d1fa931735", "pluralName": "Hotels", "primary": true, "shortName": "Hotel"}], "verified": false, "contact": {}, "allowMenuUrlEdit": true, "stats": {"tipCount": 0, "usersCount": 49, "checkinsCount": 51}, "id": "4d8d799cd00a6ea8ca8da34f", "name": "Legend International Water Homes", "beenHere": {"lastCheckinExpiredAt": 0}}, "suffix": "/HV5JODWXPXO4UY2D0Z2P5DCASOF3C5UH1GGDHSMWNHHOKYK2.jpg", "visibility": "public"}, {"height": 640, "source": {"url": "https://foursquare.com/download/#/android", "name": "Foursquare for Android"}, "tip": {"agreeCount": 0, "canonicalUrl": "https://foursquare.com/item/4ecae9f4d3e32939cccfbfb2", "todo": {"count": 0}, "logView": true, "disagreeCount": 0, "createdAt": 1321921012, "id": "4ecae9f4d3e32939cccfbfb2", "text": "Family business. More than 15 years of experience. Quality tyres at affordable prices.", "likes": {"groups": [], "count": 0}, "like": false, "type": "user"}, "width": 416, "prefix": "https://igx.4sqi.net/img/general/", "createdAt": 1321921021, "id": "4ecae9fde3002c01b7c15682", "venue": {"like": false, "location": {"cc": "SG", "country": "Singapore", "lat": 1.3291505, "lng": 103.9324503, "labeledLatLngs": [{"label": "display", "lat": 1.3291505, "lng": 103.9324503}], "formattedAddress": ["Singapore"]}, "categories": [{"icon": {"prefix": "https://ss3.4sqi.net/img/categories_v2/shops/automotive_", "suffix": ".png"}, "name": "Automotive Shop", "id": "4bf58dd8d48988d124951735", "pluralName": "Automotive Shops", "primary": true, "shortName": "Automotive"}], "verified": false, "contact": {}, "allowMenuUrlEdit": true, "stats": {"tipCount": 1, "usersCount": 1, "checkinsCount": 1}, "id": "4ecae979b8f7782ab73ae098", "name": "Sing Poh Hin Tyre & Battery", "beenHere": {"lastCheckinExpiredAt": 0}}, "suffix": "/UR51KLPDQAI444ZYAQ3AL5GSEZ02TWF1MUSB5FP1UOXOE4MA.jpg", "visibility": "public"}, {"height": 640, "source": {"url": "https://foursquare.com/download/#/android", "name": "Foursquare for Android"}, "width": 416, "prefix": "https://igx.4sqi.net/img/general/", "createdAt": 1318071687, "id": "4e902d87b63456ab955059bb", "venue": {"venueRatingBlacklisted": true, "like": false, "location": {"lng": 103.94969522192892, "cc": "SG", "country": "Singapore", "lat": 1.340370197129542, "address": "Changi General Hospital", "labeledLatLngs": [{"label": "display", "lat": 1.340370197129542, "lng": 103.94969522192892}], "formattedAddress": ["Changi General Hospital", "Singapore"]}, "categories": [{"icon": {"prefix": "https://ss3.4sqi.net/img/categories_v2/building/medical_", "suffix": ".png"}, "name": "Hospital", "id": "4bf58dd8d48988d196941735", "pluralName": "Hospitals", "primary": true, "shortName": "Hospital"}], "verified": false, "contact": {}, "beenHere": {"lastCheckinExpiredAt": 0}, "stats": {"tipCount": 0, "usersCount": 58, "checkinsCount": 166}, "id": "4c69367e1a6620a158e4628c", "name": "CGH Ward 35"}, "suffix": "/Y52LSDNARBUWHJAHYE0EAE1PKKGEXUYYS5KGCH2RVVFPOK5L.jpg", "visibility": "public"}, {"height": 640, "source": {"url": "https://foursquare.com/download/#/android", "name": "Foursquare for Android"}, "width": 416, "prefix": "https://igx.4sqi.net/img/general/", "createdAt": 1315647234, "id": "4e6b2f02b61cc3728deae520", "venue": {"venueRatingBlacklisted": true, "like": false, "location": {"isFuzzed": true, "cc": "SG", "country": "Singapore", "lat": 1.358692271634656, "lng": 103.95500700234766, "formattedAddress": ["Tampines Street 41", "520430", "Singapore"]}, "categories": [{"icon": {"prefix": "https://ss3.4sqi.net/img/categories_v2/building/home_", "suffix": ".png"}, "name": "Home (private)", "id": "4bf58dd8d48988d103941735", "pluralName": "Homes (private)", "primary": true, "shortName": "Home"}], "verified": false, "contact": {}, "beenHere": {"lastCheckinExpiredAt": 0}, "stats": {"tipCount": 0, "usersCount": 8, "checkinsCount": 310}, "id": "4cf9fe9934c1a09344b23d0e", "name": "430 @ Tampines"}, "suffix": "/S3IQT5AWOR35ZWAGU2MPDJXAJCOBWOTY5WTEYF1R3YRPINN4.jpg", "visibility": "public"}, {"height": 640, "source": {"url": "https://foursquare.com/download/#/android", "name": "Foursquare for Android"}, "width": 416, "prefix": "https://igx.4sqi.net/img/general/", "createdAt": 1315624855, "id": "4e6ad797ae60950955ad4f16", "venue": {"venueRatingBlacklisted": true, "like": false, "location": {"city": "Singapore", "isFuzzed": true, "cc": "SG", "country": "Singapore", "lat": 1.3306561499293652, "lng": 103.94340350585274, "formattedAddress": ["Singapore"]}, "categories": [{"icon": {"prefix": "https://ss3.4sqi.net/img/categories_v2/building/home_", "suffix": ".png"}, "name": "Home (private)", "id": "4bf58dd8d48988d103941735", "pluralName": "Homes (private)", "primary": true, "shortName": "Home"}], "verified": false, "contact": {}, "beenHere": {"lastCheckinExpiredAt": 0}, "stats": {"tipCount": 0, "usersCount": 42, "checkinsCount": 211}, "id": "4c5580fda724e21ed55f30f8", "name": "Blk 181 Bedok North Rd"}, "suffix": "/AQSUCDUVMPJOTGIOPIV4GI5JPHMFICTLZFHCCURCIAQCIC3G.jpg", "visibility": "public"}, {"height": 640, "source": {"url": "https://foursquare.com/download/#/android", "name": "Foursquare for Android"}, "width": 416, "prefix": "https://igx.4sqi.net/img/general/", "createdAt": 1315552826, "id": "4e69be3a88772457c42553a4", "venue": {"venueRatingBlacklisted": true, "like": false, "location": {"formattedAddress": ["Blk 212 Bedok North St 1 #03-147", "460212", "Singapore"], "city": "Singapore", "lng": 103.93165111541748, "cc": "SG", "country": "Singapore", "lat": 1.3258585027166687, "address": "Blk 212 Bedok North St 1 #03-147", "labeledLatLngs": [{"label": "display", "lat": 1.3258585027166687, "lng": 103.93165111541748}], "postalCode": "460212"}, "categories": [{"icon": {"prefix": "https://ss3.4sqi.net/img/categories_v2/building/medical_", "suffix": ".png"}, "name": "Medical Center", "id": "4bf58dd8d48988d104941735", "pluralName": "Medical Centers", "primary": true, "shortName": "Medical"}], "verified": false, "contact": {"formattedPhone": "+65 6243 6740", "phone": "+6562436740"}, "allowMenuUrlEdit": true, "stats": {"tipCount": 10, "usersCount": 1495, "checkinsCount": 3119}, "id": "4b058819f964a520e2b122e3", "name": "SingHealth Polyclinics - Bedok", "beenHere": {"lastCheckinExpiredAt": 0}}, "suffix": "/05DLHUSOU5KCXPALIDGZZXHPOON3ZJAFFXOUSOWDS5VKNOT0.jpg", "visibility": "public"}, {"height": 640, "source": {"url": "https://foursquare.com/download/#/android", "name": "Foursquare for Android"}, "width": 416, "prefix": "https://igx.4sqi.net/img/general/", "createdAt": 1315202013, "id": "4e6463dd18a8ce02fdb38f9c", "venue": {"venueRatingBlacklisted": true, "like": false, "location": {"formattedAddress": ["Blk 212 Bedok North St 1 #03-147", "460212", "Singapore"], "city": "Singapore", "lng": 103.93165111541748, "cc": "SG", "country": "Singapore", "lat": 1.3258585027166687, "address": "Blk 212 Bedok North St 1 #03-147", "labeledLatLngs": [{"label": "display", "lat": 1.3258585027166687, "lng": 103.93165111541748}], "postalCode": "460212"}, "categories": [{"icon": {"prefix": "https://ss3.4sqi.net/img/categories_v2/building/medical_", "suffix": ".png"}, "name": "Medical Center", "id": "4bf58dd8d48988d104941735", "pluralName": "Medical Centers", "primary": true, "shortName": "Medical"}], "verified": false, "contact": {"formattedPhone": "+65 6243 6740", "phone": "+6562436740"}, "allowMenuUrlEdit": true, "stats": {"tipCount": 10, "usersCount": 1495, "checkinsCount": 3119}, "id": "4b058819f964a520e2b122e3", "name": "SingHealth Polyclinics - Bedok", "beenHere": {"lastCheckinExpiredAt": 0}}, "suffix": "/4PSVNXKQZZ44J0GRERNK3UMY1G5YJRP5XII0ALP1JFQYBW0Z.jpg", "visibility": "public"}], "count": 8}, "totalCount": 8}}