{"meta": {"code": 200, "requestId": "595ae5a09fb6b77bc7735145"}, "notifications": [{"item": {"unreadCount": 0}, "type": "notificationTray"}], "response": {"photos": {"items": [{"height": 720, "source": {"url": "https://foursquare.com/download/#/iphone", "name": "Foursquare for iOS"}, "width": 540, "prefix": "https://igx.4sqi.net/img/general/", "createdAt": 1344664677, "id": "5025f465e4b04e431b8167df", "venue": {"url": "http://www.soupertang.com", "like": false, "location": {"formattedAddress": ["KSL City", "80250 Johor Bahru, Johor", "Malaysia"], "city": "Johor Bahru", "lng": 103.76275578934158, "cc": "MY", "state": "Johor", "lat": 1.4860544303035739, "address": "KSL City", "labeledLatLngs": [{"label": "display", "lat": 1.4860544303035739, "lng": 103.76275578934158}], "postalCode": "80250", "country": "Malaysia"}, "categories": [{"icon": {"prefix": "https://ss3.4sqi.net/img/categories_v2/food/soup_", "suffix": ".png"}, "name": "Soup Place", "id": "4bf58dd8d48988d1dd931735", "pluralName": "Soup Places", "primary": true, "shortName": "Soup"}], "verified": false, "contact": {"formattedPhone": "+60 7-331 5772", "phone": "+6073315772"}, "allowMenuUrlEdit": true, "stats": {"tipCount": 5, "usersCount": 645, "checkinsCount": 1011}, "id": "4d4e7ab54f67224bfb326350", "name": "TaangShifu \u6c64\u5e08\u5085", "beenHere": {"lastCheckinExpiredAt": 0}}, "suffix": "/_HoblpBxI_j-w2lf8nAo9Y32Xmrr1Lz3W34v5iKMWjI.jpg", "visibility": "public"}, {"height": 537, "source": {"url": "https://foursquare.com/download/#/iphone", "name": "Foursquare for iOS"}, "tip": {"agreeCount": 0, "canonicalUrl": "https://foursquare.com/item/4f5b26e3e4b036906fcbf9ea", "todo": {"count": 0}, "logView": true, "disagreeCount": 0, "createdAt": 1331373795, "id": "4f5b26e3e4b036906fcbf9ea", "text": "Appetizer is good!", "likes": {"groups": [], "count": 0}, "like": false, "type": "user"}, "width": 720, "prefix": "https://igx.4sqi.net/img/general/", "createdAt": 1331373801, "id": "4f5b26e9e4b05cd7690ddd08", "venue": {"url": "http://www.patara.com.sg", "like": false, "location": {"formattedAddress": ["#03-14 Tanglin Mall (163 Tanglin Rd)", "247933", "Singapore"], "city": "Singapore", "lng": 103.8236653804779, "cc": "SG", "country": "Singapore", "crossStreet": "163 Tanglin Rd", "lat": 1.3048355252457735, "address": "#03-14 Tanglin Mall", "labeledLatLngs": [{"label": "display", "lat": 1.3048355252457735, "lng": 103.8236653804779}], "postalCode": "247933"}, "categories": [{"icon": {"prefix": "https://ss3.4sqi.net/img/categories_v2/food/thai_", "suffix": ".png"}, "name": "Thai Restaurant", "id": "4bf58dd8d48988d149941735", "pluralName": "Thai Restaurants", "primary": true, "shortName": "Thai"}], "verified": false, "contact": {"formattedPhone": "+65 6737 0818", "phone": "+6567370818", "facebookName": "Patara Fine Thai Cuisine", "facebookUsername": "patara.sg", "facebook": "163135560383813"}, "allowMenuUrlEdit": true, "stats": {"tipCount": 15, "usersCount": 443, "checkinsCount": 592}, "id": "4b058813f964a5204db022e3", "name": "Patara Fine Thai Cuisine", "beenHere": {"lastCheckinExpiredAt": 0}}, "suffix": "/kswjR5atD1dzIXgpZqJQ0GXr4mYPNPWDoFWXr2yj-s0.jpg", "visibility": "public"}, {"height": 537, "source": {"url": "https://foursquare.com/download/#/iphone", "name": "Foursquare for iOS"}, "width": 720, "prefix": "https://igx.4sqi.net/img/general/", "createdAt": 1331373762, "id": "4f5b26c2e4b008b15608bdde", "venue": {"url": "http://www.patara.com.sg", "like": false, "location": {"formattedAddress": ["#03-14 Tanglin Mall (163 Tanglin Rd)", "247933", "Singapore"], "city": "Singapore", "lng": 103.8236653804779, "cc": "SG", "country": "Singapore", "crossStreet": "163 Tanglin Rd", "lat": 1.3048355252457735, "address": "#03-14 Tanglin Mall", "labeledLatLngs": [{"label": "display", "lat": 1.3048355252457735, "lng": 103.8236653804779}], "postalCode": "247933"}, "categories": [{"icon": {"prefix": "https://ss3.4sqi.net/img/categories_v2/food/thai_", "suffix": ".png"}, "name": "Thai Restaurant", "id": "4bf58dd8d48988d149941735", "pluralName": "Thai Restaurants", "primary": true, "shortName": "Thai"}], "verified": false, "contact": {"formattedPhone": "+65 6737 0818", "phone": "+6567370818", "facebookName": "Patara Fine Thai Cuisine", "facebookUsername": "patara.sg", "facebook": "163135560383813"}, "allowMenuUrlEdit": true, "stats": {"tipCount": 15, "usersCount": 443, "checkinsCount": 592}, "id": "4b058813f964a5204db022e3", "name": "Patara Fine Thai Cuisine", "beenHere": {"lastCheckinExpiredAt": 0}}, "suffix": "/kswjR5atD1dzIXgpZqJQ0GXr4mYPNPWDoFWXr2yj-s0.jpg", "visibility": "public"}, {"height": 537, "source": {"url": "https://foursquare.com/download/#/iphone", "name": "Foursquare for iOS"}, "tip": {"agreeCount": 0, "canonicalUrl": "https://foursquare.com/item/4d9457f01646a35d6a9b33a3", "todo": {"count": 0}, "logView": true, "disagreeCount": 0, "createdAt": 1301567472, "id": "4d9457f01646a35d6a9b33a3", "text": "The sweet sauce is soo gd!", "likes": {"groups": [], "count": 0}, "like": false, "type": "user"}, "width": 720, "prefix": "https://igx.4sqi.net/img/general/", "createdAt": 1301567484, "id": "4d9457fce2d6a340d44665a6", "venue": {"location": {"formattedAddress": ["#01-01/03 CHIJMES (30 Victoria St.)", "187996", "Singapore"], "city": "Singapore", "lng": 103.85212536294935, "cc": "SG", "country": "Singapore", "lat": 1.2956631801240792, "address": "#01-01/03 CHIJMES", "crossStreet": "30 Victoria St.", "postalCode": "187996"}, "contact": {"formattedPhone": "+65 6333 4001", "phone": "+6563334001"}, "verified": false, "allowMenuUrlEdit": true, "stats": {"tipCount": 16, "usersCount": 514, "checkinsCount": 827}, "id": "4b062e06f964a52080e922e3", "url": "http://www.gyu-kaku.com.sg", "closed": true, "like": false, "categories": [{"icon": {"prefix": "https://ss3.4sqi.net/img/categories_v2/food/korean_", "suffix": ".png"}, "name": "Korean Restaurant", "id": "4bf58dd8d48988d113941735", "pluralName": "Korean Restaurants", "primary": true, "shortName": "Korean"}], "beenHere": {"lastCheckinExpiredAt": 0}, "name": "Gyu-Kaku"}, "suffix": "/GFTC0ZE5C5XP3ORHL0P4JZEFGI4WXASGZFIVA2W5FUYUFFEU.jpg", "visibility": "public"}, {"height": 720, "source": {"url": "https://foursquare.com/download/#/iphone", "name": "Foursquare for iOS"}, "tip": {"agreeCount": 0, "canonicalUrl": "https://foursquare.com/item/4d8ecfc1788c5481979242fd", "todo": {"count": 1}, "logView": true, "disagreeCount": 0, "createdAt": 1301204929, "id": "4d8ecfc1788c5481979242fd", "text": "My partner comment was - Beef curry rice is great too..", "likes": {"groups": [], "count": 0}, "like": false, "type": "user"}, "width": 537, "prefix": "https://igx.4sqi.net/img/general/", "createdAt": 1301204935, "id": "4d8ecfc79bb328fdab5e9c54", "venue": {"closed": true, "like": false, "location": {"city": "Singapore", "lng": 103.83520424365997, "cc": "SG", "country": "Singapore", "lat": 1.303838002028233, "address": "#B1-47, The Paragon", "crossStreet": "290 Orchard Road", "formattedAddress": ["#B1-47, The Paragon (290 Orchard Road)", "Singapore"]}, "categories": [{"icon": {"prefix": "https://ss3.4sqi.net/img/categories_v2/food/ramen_", "suffix": ".png"}, "name": "Ramen Restaurant", "id": "55a59bace4b013909087cb24", "pluralName": "Ramen Restaurants", "primary": true, "shortName": "Ramen"}], "verified": false, "contact": {"formattedPhone": "+65 6737 5416", "phone": "+6567375416"}, "allowMenuUrlEdit": true, "stats": {"tipCount": 25, "usersCount": 1494, "checkinsCount": 2256}, "id": "4b753bedf964a52021022ee3", "name": "Daikokuya Ramen Dining \u5143\u8bc5\u5927\u9ed1\u5c4b", "beenHere": {"lastCheckinExpiredAt": 0}}, "suffix": "/J0AUXTNKW0P2BKWJUWPFMU2SJAS1TNXKQ0CJKEBOPVZ3IGBR.jpg", "visibility": "public"}, {"height": 720, "source": {"url": "https://foursquare.com/download/#/iphone", "name": "Foursquare for iOS"}, "tip": {"agreeCount": 1, "canonicalUrl": "https://foursquare.com/item/4d4fc56871548cfa7f38089a", "todo": {"count": 0}, "logView": true, "disagreeCount": 0, "createdAt": 1297073512, "id": "4d4fc56871548cfa7f38089a", "text": "I like Tom yum ban mian.. Bt it goes well with thin noodle...", "likes": {"groups": [{"items": [{"photo": {"prefix": "https://igx.4sqi.net/img/user/", "suffix": "/TCXJCMFBQS3CJP0N.jpg"}, "id": "1051066", "firstName": "Kenn", "gender": "male", "lastName": "Tan"}], "count": 1, "type": "others"}], "count": 1, "summary": "1 like"}, "like": false, "type": "user"}, "width": 537, "prefix": "https://igx.4sqi.net/img/general/", "createdAt": 1297073536, "id": "4d4fc5807cc028fd4053c3b0", "venue": {"url": "http://www.kopitiam.biz", "like": false, "location": {"formattedAddress": ["#03-55, IMM Building (2 Jurong East St 21)", "609601", "Singapore"], "city": "Singapore", "lng": 103.74601478467905, "cc": "SG", "country": "Singapore", "crossStreet": "2 Jurong East St 21", "lat": 1.3343864755839483, "address": "#03-55, IMM Building", "labeledLatLngs": [{"label": "display", "lat": 1.3343864755839483, "lng": 103.74601478467905}], "postalCode": "609601"}, "categories": [{"icon": {"prefix": "https://ss3.4sqi.net/img/categories_v2/shops/food_foodcourt_", "suffix": ".png"}, "name": "Food Court", "id": "4bf58dd8d48988d120951735", "pluralName": "Food Courts", "primary": true, "shortName": "Food Court"}], "verified": false, "contact": {"twitter": "kopitiam_sg", "facebookName": "Kopitiam True Singapore Taste", "formattedPhone": "+65 6560 0048", "phone": "+6565600048", "facebookUsername": "kopitiamtst", "facebook": "1505396246355175"}, "allowMenuUrlEdit": true, "stats": {"tipCount": 32, "usersCount": 1771, "checkinsCount": 3821}, "id": "4b2ccf82f964a52074c924e3", "name": "Kopitiam", "beenHere": {"lastCheckinExpiredAt": 0}}, "suffix": "/S3O3ZK3NO4GI21G22MONH0UNTT50RGFUPTH2HZKK104YKMPA.jpg", "visibility": "public"}, {"height": 537, "source": {"url": "https://foursquare.com/download/#/iphone", "name": "Foursquare for iOS"}, "width": 720, "prefix": "https://igx.4sqi.net/img/general/", "createdAt": 1294912678, "id": "4d2ecca6ab6fa340ace8f089", "venue": {"like": false, "location": {"formattedAddress": ["#01-113 IMM Building (2 Jurong East St 21)", "609601", "Singapore"], "city": "Singapore", "lng": 103.74559048762478, "cc": "SG", "country": "Singapore", "crossStreet": "2 Jurong East St 21", "lat": 1.3353008979562815, "address": "#01-113 IMM Building", "labeledLatLngs": [{"label": "display", "lat": 1.3353008979562815, "lng": 103.74559048762478}], "postalCode": "609601"}, "categories": [{"icon": {"prefix": "https://ss3.4sqi.net/img/categories_v2/food/ramen_", "suffix": ".png"}, "name": "Noodle House", "id": "4bf58dd8d48988d1d1941735", "pluralName": "Noodle Houses", "primary": true, "shortName": "Noodles"}], "verified": false, "contact": {"formattedPhone": "+65 6564 5610", "phone": "+6565645610"}, "allowMenuUrlEdit": true, "stats": {"tipCount": 14, "usersCount": 1721, "checkinsCount": 2337}, "id": "4b3c3b24f964a5202e8325e3", "name": "Ajisen Ramen", "beenHere": {"lastCheckinExpiredAt": 0}}, "suffix": "/3P40IFWISCXDTRO0STIOXJAJ3D303EWM3LXQ3VPUC55RWAOL.jpg", "visibility": "public"}, {"height": 720, "source": {"url": "https://foursquare.com/download/#/iphone", "name": "Foursquare for iOS"}, "tip": {"agreeCount": 0, "canonicalUrl": "https://foursquare.com/item/4d15e65281cea35ddd71ddec", "todo": {"count": 0}, "logView": true, "disagreeCount": 0, "createdAt": 1293280850, "id": "4d15e65281cea35ddd71ddec", "text": "Aglio Spagetti>>> Great ah!!", "likes": {"groups": [{"items": [], "count": 1, "type": "others"}], "count": 1, "summary": "1 like"}, "like": false, "type": "user"}, "width": 537, "prefix": "https://igx.4sqi.net/img/general/", "createdAt": 1293280857, "id": "4d15e659e9032da123b703d3", "venue": {"like": false, "location": {"formattedAddress": ["220 Pasir Panjang Road", "118581", "Singapore"], "city": "Singapore", "lng": 103.785993, "cc": "SG", "country": "Singapore", "lat": 1.279261, "address": "220 Pasir Panjang Road", "labeledLatLngs": [{"label": "display", "lat": 1.279261, "lng": 103.785993}], "postalCode": "118581"}, "categories": [{"icon": {"prefix": "https://ss3.4sqi.net/img/categories_v2/arts_entertainment/arcade_", "suffix": ".png"}, "name": "Arcade", "id": "4bf58dd8d48988d1e1931735", "pluralName": "Arcades", "primary": true, "shortName": "Arcade"}], "verified": false, "contact": {}, "allowMenuUrlEdit": true, "stats": {"tipCount": 20, "usersCount": 338, "checkinsCount": 678}, "id": "4bd705fb6f649521d3be71ec", "name": "HooHa! Caf\u00e9", "beenHere": {"lastCheckinExpiredAt": 0}}, "suffix": "/HUWKPTL4C1WM50O40H1OBW5LOEIVAAOIVFEAVIHDPRJ3IZUH.jpg", "visibility": "public"}, {"height": 720, "source": {"url": "https://foursquare.com/download/#/iphone", "name": "Foursquare for iOS"}, "tip": {"agreeCount": 0, "canonicalUrl": "https://foursquare.com/item/4d15e5ffcc216ea8fc3966d3", "todo": {"count": 0}, "logView": true, "disagreeCount": 0, "createdAt": 1293280767, "id": "4d15e5ffcc216ea8fc3966d3", "text": "Satay sauce is very very good!!", "likes": {"groups": [], "count": 0}, "like": false, "type": "user"}, "width": 537, "prefix": "https://igx.4sqi.net/img/general/", "createdAt": 1293280776, "id": "4d15e60855f8a340b392d76a", "venue": {"like": false, "location": {"formattedAddress": ["220 Pasir Panjang Road", "118581", "Singapore"], "city": "Singapore", "lng": 103.785993, "cc": "SG", "country": "Singapore", "lat": 1.279261, "address": "220 Pasir Panjang Road", "labeledLatLngs": [{"label": "display", "lat": 1.279261, "lng": 103.785993}], "postalCode": "118581"}, "categories": [{"icon": {"prefix": "https://ss3.4sqi.net/img/categories_v2/arts_entertainment/arcade_", "suffix": ".png"}, "name": "Arcade", "id": "4bf58dd8d48988d1e1931735", "pluralName": "Arcades", "primary": true, "shortName": "Arcade"}], "verified": false, "contact": {}, "allowMenuUrlEdit": true, "stats": {"tipCount": 20, "usersCount": 338, "checkinsCount": 678}, "id": "4bd705fb6f649521d3be71ec", "name": "HooHa! Caf\u00e9", "beenHere": {"lastCheckinExpiredAt": 0}}, "suffix": "/QT1Q5Q04RAPRVVER1KDHUJXERZ1ECIEKMUAM45RS5NFMEBQS.jpg", "visibility": "public"}], "count": 9}, "totalCount": 9}}