{"meta": {"code": 200, "requestId": "595b3ee74c1f67701d604fc7"}, "notifications": [{"item": {"unreadCount": 0}, "type": "notificationTray"}], "response": {"photos": {"items": [{"height": 720, "source": {"url": "https://foursquare.com/download/#/iphone", "name": "Foursquare for iOS"}, "tip": {"agreeCount": 0, "canonicalUrl": "https://foursquare.com/item/4efb2682775b54cdb7b97c09", "todo": {"count": 0}, "logView": true, "disagreeCount": 0, "createdAt": 1325082242, "id": "4efb2682775b54cdb7b97c09", "text": "$4.50 for these SIX pathetic slices of fish?! Oh my gosh, never order this kind from here anymore.", "likes": {"groups": [], "count": 0}, "like": false, "type": "user"}, "width": 537, "prefix": "https://igx.4sqi.net/img/general/", "createdAt": 1325082254, "id": "4efb268e93ad7cf2edb25a97", "venue": {"like": false, "location": {"formattedAddress": ["232 Ang Mo Kio Ave 3", "560232", "Singapore"], "city": "Singapore", "lng": 103.83706027434569, "cc": "SG", "country": "Singapore", "lat": 1.3678878539052493, "address": "232 Ang Mo Kio Ave 3", "labeledLatLngs": [{"label": "display", "lat": 1.3678878539052493, "lng": 103.83706027434569}], "postalCode": "560232"}, "categories": [{"icon": {"prefix": "https://ss3.4sqi.net/img/categories_v2/shops/food_foodcourt_", "suffix": ".png"}, "name": "Food Court", "id": "4bf58dd8d48988d120951735", "pluralName": "Food Courts", "primary": true, "shortName": "Food Court"}], "verified": false, "contact": {}, "allowMenuUrlEdit": true, "stats": {"tipCount": 17, "usersCount": 742, "checkinsCount": 3329}, "id": "4bb3209835f0c9b636ffbb83", "name": "AMK 232 Foodhouse", "beenHere": {"lastCheckinExpiredAt": 0}}, "suffix": "/H5ISLZGNZ0SU2VK24Q5NR1T5AE21BPM40HCM0DOX1513RWBJ.jpg", "visibility": "public"}], "count": 1}, "totalCount": 1}}