{"meta": {"code": 200, "requestId": "595af217351e3d64ae15195f"}, "notifications": [{"item": {"unreadCount": 0}, "type": "notificationTray"}], "response": {"photos": {"items": [{"height": 959, "source": {"url": "https://foursquare.com/download/#/iphone", "name": "Foursquare for iOS"}, "tip": {"agreeCount": 0, "canonicalUrl": "https://foursquare.com/item/5273d5ac498e0cd9ba45eedd", "todo": {"count": 0}, "logView": true, "disagreeCount": 0, "createdAt": 1383323052, "id": "5273d5ac498e0cd9ba45eedd", "text": "Choose your own toppings to go with your sushi! A little pricey for sushi but it's worth a try! \ud83d\udc4d", "likes": {"groups": [], "count": 0}, "like": false, "type": "user"}, "width": 717, "prefix": "https://igx.4sqi.net/img/general/", "createdAt": 1383323055, "id": "5273d5af498e187dba550654", "venue": {"location": {"formattedAddress": ["#B1-17/18, The Cathay (2 Handy Road)", "229233", "Singapore"], "city": "Singapore", "lng": 103.84771492916114, "cc": "SG", "country": "Singapore", "crossStreet": "2 Handy Road", "lat": 1.2989654927116985, "address": "#B1-17/18, The Cathay", "labeledLatLngs": [{"label": "display", "lat": 1.2989654927116985, "lng": 103.84771492916114}], "postalCode": "229233"}, "contact": {"formattedPhone": "+65 6737 8772", "phone": "+6567378772", "facebookName": "Maki-San", "facebookUsername": "rollwithmakisan", "facebook": "440730182636975"}, "verified": false, "allowMenuUrlEdit": true, "stats": {"tipCount": 38, "usersCount": 2237, "checkinsCount": 4038}, "menu": {"url": "http://www.rollwithmakisan.com/menu", "label": "Menu", "anchor": "View Menu", "mobileUrl": "http://www.rollwithmakisan.com/menu", "type": "Menu", "externalUrl": "http://www.rollwithmakisan.com/menu"}, "beenHere": {"lastCheckinExpiredAt": 0}, "url": "http://www.rollwithmakisan.com", "like": false, "categories": [{"icon": {"prefix": "https://ss3.4sqi.net/img/categories_v2/food/japanese_", "suffix": ".png"}, "name": "Japanese Restaurant", "id": "4bf58dd8d48988d111941735", "pluralName": "Japanese Restaurants", "primary": true, "shortName": "Japanese"}], "id": "5030bc2de4b0bf3e6aab1f5a", "name": "Maki-san"}, "suffix": "/3922276_7IxFtLctpdQkyfT5b7R3sZG73JLqTmgQOML3YKMSqIw.jpg", "visibility": "public"}, {"height": 537, "source": {"url": "https://foursquare.com/download/#/iphone", "name": "Foursquare for iOS"}, "width": 720, "prefix": "https://igx.4sqi.net/img/general/", "createdAt": 1328932427, "id": "4f35e64be4b0a1f19538ca4f", "venue": {"venueRatingBlacklisted": true, "like": false, "location": {"city": "Singapore", "lng": 103.814868, "cc": "SG", "country": "Singapore", "lat": 1.253566, "address": "Siloso Beach Walk, Sentosa", "labeledLatLngs": [{"label": "display", "lat": 1.253566, "lng": 103.814868}], "formattedAddress": ["Siloso Beach Walk, Sentosa", "Singapore"]}, "categories": [{"icon": {"prefix": "https://ss3.4sqi.net/img/categories_v2/building/eventspace_", "suffix": ".png"}, "name": "Event Space", "id": "4bf58dd8d48988d171941735", "pluralName": "Event Spaces", "primary": true, "shortName": "Event Space"}], "verified": false, "contact": {}, "beenHere": {"lastCheckinExpiredAt": 0}, "stats": {"tipCount": 2, "usersCount": 411, "checkinsCount": 449}, "id": "4ce65550baa6a1cd03af206c", "name": "Emerald Pavilion"}, "suffix": "/sPCqPhVxkS2eYlurTIO8KK2yp_7p2PxQEGLxlT1Nu1s.jpg", "visibility": "public"}], "count": 2}, "totalCount": 2}}