{"meta": {"code": 200, "requestId": "595b132a1ed21919faa579b0"}, "notifications": [{"item": {"unreadCount": 0}, "type": "notificationTray"}], "response": {"photos": {"items": [{"height": 720, "source": {"url": "https://foursquare.com/download/#/iphone", "name": "Foursquare for iOS"}, "width": 537, "prefix": "https://igx.4sqi.net/img/general/", "createdAt": 1300180644, "id": "4d7f2ea484fea34054d4dc69", "venue": {"location": {"formattedAddress": ["#02-04, West Mall (1 Bukit Batok Ctrl Link)", "658713", "Singapore"], "city": "Singapore", "lng": 103.74923382875848, "cc": "SG", "country": "Singapore", "crossStreet": "1 Bukit Batok Ctrl Link", "lat": 1.3499708877135272, "address": "#02-04, West Mall", "labeledLatLngs": [{"label": "display", "lat": 1.3499708877135272, "lng": 103.74923382875848}], "postalCode": "658713"}, "contact": {"formattedPhone": "+65 6794 1590", "phone": "+6567941590"}, "verified": false, "allowMenuUrlEdit": true, "stats": {"tipCount": 30, "usersCount": 1261, "checkinsCount": 2039}, "id": "4d00c72eba1da1cd0c598a28", "url": "http://www.mayimfood.com", "closed": true, "like": false, "categories": [{"icon": {"prefix": "https://ss3.4sqi.net/img/categories_v2/food/asian_", "suffix": ".png"}, "name": "Chinese Restaurant", "id": "4bf58dd8d48988d145941735", "pluralName": "Chinese Restaurants", "primary": true, "shortName": "Chinese"}], "beenHere": {"lastCheckinExpiredAt": 0}, "name": "Mayim Chinese Cuisine"}, "suffix": "/E1QUZWNEIPF2PNCVDVR0GCFZUU40FONQUNX23BN12ZTDFWDU.jpg", "visibility": "public"}, {"height": 720, "source": {"url": "https://foursquare.com/download/#/iphone", "name": "Foursquare for iOS"}, "width": 537, "prefix": "https://igx.4sqi.net/img/general/", "createdAt": 1300180631, "id": "4d7f2e97948328fd4a5b76cf", "venue": {"location": {"formattedAddress": ["#02-04, West Mall (1 Bukit Batok Ctrl Link)", "658713", "Singapore"], "city": "Singapore", "lng": 103.74923382875848, "cc": "SG", "country": "Singapore", "crossStreet": "1 Bukit Batok Ctrl Link", "lat": 1.3499708877135272, "address": "#02-04, West Mall", "labeledLatLngs": [{"label": "display", "lat": 1.3499708877135272, "lng": 103.74923382875848}], "postalCode": "658713"}, "contact": {"formattedPhone": "+65 6794 1590", "phone": "+6567941590"}, "verified": false, "allowMenuUrlEdit": true, "stats": {"tipCount": 30, "usersCount": 1261, "checkinsCount": 2039}, "id": "4d00c72eba1da1cd0c598a28", "url": "http://www.mayimfood.com", "closed": true, "like": false, "categories": [{"icon": {"prefix": "https://ss3.4sqi.net/img/categories_v2/food/asian_", "suffix": ".png"}, "name": "Chinese Restaurant", "id": "4bf58dd8d48988d145941735", "pluralName": "Chinese Restaurants", "primary": true, "shortName": "Chinese"}], "beenHere": {"lastCheckinExpiredAt": 0}, "name": "Mayim Chinese Cuisine"}, "suffix": "/FDTK2V3AXHNSMAJ5KMXGLWA5DZPA4E5AN14FDHRKW5IXJSGX.jpg", "visibility": "public"}, {"height": 720, "source": {"url": "https://foursquare.com/download/#/iphone", "name": "Foursquare for iOS"}, "width": 537, "prefix": "https://igx.4sqi.net/img/general/", "createdAt": 1300180615, "id": "4d7f2e87948328fd465b76cf", "venue": {"location": {"formattedAddress": ["#02-04, West Mall (1 Bukit Batok Ctrl Link)", "658713", "Singapore"], "city": "Singapore", "lng": 103.74923382875848, "cc": "SG", "country": "Singapore", "crossStreet": "1 Bukit Batok Ctrl Link", "lat": 1.3499708877135272, "address": "#02-04, West Mall", "labeledLatLngs": [{"label": "display", "lat": 1.3499708877135272, "lng": 103.74923382875848}], "postalCode": "658713"}, "contact": {"formattedPhone": "+65 6794 1590", "phone": "+6567941590"}, "verified": false, "allowMenuUrlEdit": true, "stats": {"tipCount": 30, "usersCount": 1261, "checkinsCount": 2039}, "id": "4d00c72eba1da1cd0c598a28", "url": "http://www.mayimfood.com", "closed": true, "like": false, "categories": [{"icon": {"prefix": "https://ss3.4sqi.net/img/categories_v2/food/asian_", "suffix": ".png"}, "name": "Chinese Restaurant", "id": "4bf58dd8d48988d145941735", "pluralName": "Chinese Restaurants", "primary": true, "shortName": "Chinese"}], "beenHere": {"lastCheckinExpiredAt": 0}, "name": "Mayim Chinese Cuisine"}, "suffix": "/A15VCT4HHZJQ4DYL0CBRJIQ52LPLXYDLUC4WGGCLX2WHKTPC.jpg", "visibility": "public"}], "count": 3}, "totalCount": 3}}