{"meta": {"code": 200, "requestId": "595ae7529fb6b77be2c66ea2"}, "notifications": [{"item": {"unreadCount": 0}, "type": "notificationTray"}], "response": {"photos": {"items": [{"height": 540, "source": {"url": "https://foursquare.com/download/#/android", "name": "Foursquare for Android"}, "width": 720, "prefix": "https://igx.4sqi.net/img/general/", "createdAt": 1348311003, "id": "505d97dbe4b0e4ac1525c07e", "venue": {"like": false, "location": {"formattedAddress": ["Jalan Panjang Blok X No. 37 (Kebon Jeruk)", "Jakarta Barat", "Jakarta 11520", "Indonesia"], "city": "Jakarta", "lng": 106.76494896411896, "cc": "ID", "state": "Jakarta", "crossStreet": "Kebon Jeruk", "lat": -6.169659657019392, "address": "Jalan Panjang Blok X No. 37", "labeledLatLngs": [{"label": "display", "lat": -6.169659657019392, "lng": 106.76494896411896}], "postalCode": "11520", "country": "Indonesia"}, "categories": [{"icon": {"prefix": "https://ss3.4sqi.net/img/categories_v2/shops/carwash_", "suffix": ".png"}, "name": "Car Wash", "id": "4f04ae1f2fb6e1c99f3db0ba", "pluralName": "Car Washes", "primary": true, "shortName": "Car Washes"}], "verified": false, "contact": {"formattedPhone": "+62 21 56942790", "twitter": "m3carwash", "phone": "+622156942790"}, "allowMenuUrlEdit": true, "stats": {"tipCount": 15, "usersCount": 948, "checkinsCount": 1948}, "id": "4bc7ca8192b376b0cb7e503a", "name": "M3 Automatic Car Wash", "beenHere": {"lastCheckinExpiredAt": 0}}, "suffix": "/3923686_naXpjunOL7jtJzpqqMYOQBuXBjzHWOJKBBNFEYZMsMs.jpg", "visibility": "public"}, {"height": 720, "source": {"url": "https://foursquare.com/download/#/android", "name": "Foursquare for Android"}, "width": 540, "prefix": "https://igx.4sqi.net/img/general/", "createdAt": 1345161799, "id": "502d8a47e4b0beacbd4bcdb7", "venue": {"like": false, "location": {"cc": "ID", "country": "Indonesia", "lat": -6.649847561890466, "lng": 106.8454563497788, "labeledLatLngs": [{"label": "display", "lat": -6.649847561890466, "lng": 106.8454563497788}], "formattedAddress": ["Indonesia"]}, "categories": [{"icon": {"prefix": "https://ss3.4sqi.net/img/categories_v2/parks_outdoors/hikingtrail_", "suffix": ".png"}, "name": "Trail", "id": "4bf58dd8d48988d159941735", "pluralName": "Trails", "primary": true, "shortName": "Trail"}], "verified": false, "contact": {}, "beenHere": {"lastCheckinExpiredAt": 0}, "stats": {"tipCount": 0, "usersCount": 89, "checkinsCount": 100}, "id": "4f1a2f1ae4b0f67a95762d8e", "name": "Jalan Raya Ciawi"}, "suffix": "/i6LgVF6sl0OEIeFvjtMnUksjSttL9_OGawHdICTxqXM.jpg", "visibility": "public"}, {"height": 720, "source": {"url": "https://foursquare.com/download/#/android", "name": "Foursquare for Android"}, "width": 540, "prefix": "https://igx.4sqi.net/img/general/", "createdAt": 1345160208, "id": "502d8410e4b06ef10ceeb1fd", "venue": {"url": "http://www.jasamarga.com/en_/layanan-jalan-tol/jagorawi.html", "like": false, "location": {"city": "Bogor", "lng": 106.89628601074219, "cc": "ID", "state": "Jawa Barat", "lat": -6.381324125586228, "address": "Cawang - Bogor - Ciawi", "labeledLatLngs": [{"label": "display", "lat": -6.381324125586228, "lng": 106.89628601074219}], "formattedAddress": ["Cawang - Bogor - Ciawi", "Bogor", "Jawa Barat", "Indonesia"], "country": "Indonesia"}, "categories": [{"icon": {"prefix": "https://ss3.4sqi.net/img/categories_v2/travel/highway_", "suffix": ".png"}, "name": "Road", "id": "4bf58dd8d48988d1f9931735", "pluralName": "Roads", "primary": true, "shortName": "Road"}], "verified": false, "contact": {"formattedPhone": "+62 21 8413632", "phone": "+62218413632"}, "beenHere": {"lastCheckinExpiredAt": 0}, "stats": {"tipCount": 569, "usersCount": 41855, "checkinsCount": 107970}, "id": "4be521eed4f7c9b68a1b2520", "name": "Jalan Tol Jagorawi", "venueRatingBlacklisted": true}, "suffix": "/0TLgAgzPwGPpZ3gPxrubS1Ei7SSE4fuiIn7rKCDB7eQ.jpg", "visibility": "public"}, {"height": 537, "source": {"url": "https://foursquare.com/download/#/iphone", "name": "Foursquare for iOS"}, "width": 720, "prefix": "https://igx.4sqi.net/img/general/", "createdAt": 1339751536, "id": "4fdafc70e4b053d4b32a4f5a", "venue": {"venueRatingBlacklisted": true, "like": false, "location": {"cc": "ID", "country": "Indonesia", "lat": -6.517191, "lng": 106.878933, "labeledLatLngs": [{"label": "display", "lat": -6.517191, "lng": 106.878933}], "formattedAddress": ["Indonesia"]}, "categories": [{"icon": {"prefix": "https://ss3.4sqi.net/img/categories_v2/building/factory_", "suffix": ".png"}, "name": "Factory", "id": "4eb1bea83b7b6f98df247e06", "pluralName": "Factories", "primary": true, "shortName": "Factory"}], "verified": false, "contact": {}, "beenHere": {"lastCheckinExpiredAt": 0}, "stats": {"tipCount": 0, "usersCount": 2, "checkinsCount": 3}, "id": "4fdafc1fe4b0a629162506d3", "name": "PT Rama Chemical"}, "suffix": "/K6HrBBGIGtuIUucKaiXHR_fJ92JNeGKYY_jlIxGmW2Q.jpg", "visibility": "public"}, {"height": 537, "source": {"url": "https://foursquare.com/download/#/iphone", "name": "Foursquare for iOS"}, "width": 720, "prefix": "https://igx.4sqi.net/img/general/", "createdAt": 1339751508, "id": "4fdafc54e4b0647ab5e56938", "venue": {"venueRatingBlacklisted": true, "like": false, "location": {"cc": "ID", "country": "Indonesia", "lat": -6.517191, "lng": 106.878933, "labeledLatLngs": [{"label": "display", "lat": -6.517191, "lng": 106.878933}], "formattedAddress": ["Indonesia"]}, "categories": [{"icon": {"prefix": "https://ss3.4sqi.net/img/categories_v2/building/factory_", "suffix": ".png"}, "name": "Factory", "id": "4eb1bea83b7b6f98df247e06", "pluralName": "Factories", "primary": true, "shortName": "Factory"}], "verified": false, "contact": {}, "beenHere": {"lastCheckinExpiredAt": 0}, "stats": {"tipCount": 0, "usersCount": 2, "checkinsCount": 3}, "id": "4fdafc1fe4b0a629162506d3", "name": "PT Rama Chemical"}, "suffix": "/pFDyyBk3hoCoTcwzaJc-xV6U7YKRjIRF6lt2SsjovA4.jpg", "visibility": "public"}, {"height": 478, "source": {"url": "https://foursquare.com/download/#/iphone", "name": "Foursquare for iOS"}, "width": 720, "prefix": "https://igx.4sqi.net/img/general/", "createdAt": 1335975349, "id": "4fa15db5e4b03ac4db4844ab", "venue": {"like": false, "location": {"lng": 106.78834, "cc": "ID", "country": "Indonesia", "lat": -6.176628, "address": "Apartemen Mediterania", "labeledLatLngs": [{"label": "display", "lat": -6.176628, "lng": 106.78834}], "formattedAddress": ["Apartemen Mediterania", "Indonesia"]}, "categories": [{"icon": {"prefix": "https://ss3.4sqi.net/img/categories_v2/parks_outdoors/pool_", "suffix": ".png"}, "name": "Pool", "id": "4bf58dd8d48988d15e941735", "pluralName": "Pools", "primary": true, "shortName": "Pool"}], "verified": false, "contact": {}, "beenHere": {"lastCheckinExpiredAt": 0}, "stats": {"tipCount": 1, "usersCount": 77, "checkinsCount": 190}, "id": "4d194bf9bb64224b97e5cd65", "name": "Swimming Pool Mediterania Jasmine Tower"}, "suffix": "/PW-9JOGCR-Fr_bKEEdDlSmUmpDQ6Idz05YtrpU2wMT0.jpg", "visibility": "public"}, {"height": 478, "source": {"url": "https://foursquare.com/download/#/iphone", "name": "Foursquare for iOS"}, "width": 720, "prefix": "https://igx.4sqi.net/img/general/", "createdAt": 1335975031, "id": "4fa15c77e4b025db984b1c7c", "venue": {"like": false, "location": {"lng": 106.78834, "cc": "ID", "country": "Indonesia", "lat": -6.176628, "address": "Apartemen Mediterania", "labeledLatLngs": [{"label": "display", "lat": -6.176628, "lng": 106.78834}], "formattedAddress": ["Apartemen Mediterania", "Indonesia"]}, "categories": [{"icon": {"prefix": "https://ss3.4sqi.net/img/categories_v2/parks_outdoors/pool_", "suffix": ".png"}, "name": "Pool", "id": "4bf58dd8d48988d15e941735", "pluralName": "Pools", "primary": true, "shortName": "Pool"}], "verified": false, "contact": {}, "beenHere": {"lastCheckinExpiredAt": 0}, "stats": {"tipCount": 1, "usersCount": 77, "checkinsCount": 190}, "id": "4d194bf9bb64224b97e5cd65", "name": "Swimming Pool Mediterania Jasmine Tower"}, "suffix": "/Icqq77W_y8oc5MCGsOOXku554uYpWgyKXD4d-bupNmI.jpg", "visibility": "public"}, {"height": 478, "source": {"url": "https://foursquare.com/download/#/iphone", "name": "Foursquare for iOS"}, "width": 720, "prefix": "https://igx.4sqi.net/img/general/", "createdAt": 1335974898, "id": "4fa15bf2e4b07aaa45246a6c", "venue": {"like": false, "location": {"lng": 106.78834, "cc": "ID", "country": "Indonesia", "lat": -6.176628, "address": "Apartemen Mediterania", "labeledLatLngs": [{"label": "display", "lat": -6.176628, "lng": 106.78834}], "formattedAddress": ["Apartemen Mediterania", "Indonesia"]}, "categories": [{"icon": {"prefix": "https://ss3.4sqi.net/img/categories_v2/parks_outdoors/pool_", "suffix": ".png"}, "name": "Pool", "id": "4bf58dd8d48988d15e941735", "pluralName": "Pools", "primary": true, "shortName": "Pool"}], "verified": false, "contact": {}, "beenHere": {"lastCheckinExpiredAt": 0}, "stats": {"tipCount": 1, "usersCount": 77, "checkinsCount": 190}, "id": "4d194bf9bb64224b97e5cd65", "name": "Swimming Pool Mediterania Jasmine Tower"}, "suffix": "/Icqq77W_y8oc5MCGsOOXku554uYpWgyKXD4d-bupNmI.jpg", "visibility": "public"}, {"height": 720, "source": {"url": "https://foursquare.com/download/#/iphone", "name": "Foursquare for iOS"}, "width": 537, "prefix": "https://igx.4sqi.net/img/general/", "createdAt": 1334667270, "id": "4f8d6806e4b0b2abb427bbc6", "venue": {"venueRatingBlacklisted": true, "like": false, "location": {"city": "Palembang", "lng": 104.76085905599028, "cc": "ID", "state": "Sumatera Selatan", "crossStreet": "Jalan Veteran 521", "lat": -2.9757871848740503, "address": "Jalan Veteran 521 Palembang", "labeledLatLngs": [{"label": "display", "lat": -2.9757871848740503, "lng": 104.76085905599028}], "formattedAddress": ["Jalan Veteran 521 Palembang (Jalan Veteran 521)", "Palembang", "Sumatera Selatan", "Indonesia"], "country": "Indonesia"}, "categories": [{"icon": {"prefix": "https://ss3.4sqi.net/img/categories_v2/building/apartment_", "suffix": ".png"}, "name": "Residential Building (Apartment / Condo)", "id": "4d954b06a243a5684965b473", "pluralName": "Residential Buildings (Apartments / Condos)", "primary": true, "shortName": "Residential"}], "verified": false, "contact": {"formattedPhone": "+62 711 372372", "phone": "+62711372372"}, "beenHere": {"lastCheckinExpiredAt": 0}, "stats": {"tipCount": 8, "usersCount": 653, "checkinsCount": 1052}, "id": "4ed7b08ed5fbe60c7f5bc288", "name": "Hotel Royal-Asia Palembang"}, "suffix": "/OmvqklQL4NTFN-QbLbzEk2sQj2L1L23AQM0--s6myd4.jpg", "visibility": "public"}, {"height": 537, "source": {"url": "https://foursquare.com/download/#/iphone", "name": "Foursquare for iOS"}, "width": 720, "prefix": "https://igx.4sqi.net/img/general/", "createdAt": 1332047292, "id": "4f656dbce4b09fcf63495153", "venue": {"like": false, "location": {"city": "Jakarta", "lng": 106.80900863696249, "cc": "ID", "state": "Jakarta", "lat": -6.133822413585389, "address": "Jalan Tiang Bendera 2 No. 84", "labeledLatLngs": [{"label": "display", "lat": -6.133822413585389, "lng": 106.80900863696249}], "formattedAddress": ["Jalan Tiang Bendera 2 No. 84", "Jakarta Barat", "Jakarta", "Indonesia"], "country": "Indonesia"}, "categories": [{"icon": {"prefix": "https://ss3.4sqi.net/img/categories_v2/food/asian_", "suffix": ".png"}, "name": "Chinese Restaurant", "id": "4bf58dd8d48988d145941735", "pluralName": "Chinese Restaurants", "primary": true, "shortName": "Chinese"}], "verified": false, "contact": {"formattedPhone": "+62 21 6900766", "phone": "+62216900766"}, "allowMenuUrlEdit": true, "stats": {"tipCount": 34, "usersCount": 2113, "checkinsCount": 3749}, "id": "4bee82cfd355a59356f20a60", "name": "Restoran Cahaya Baru", "beenHere": {"lastCheckinExpiredAt": 0}}, "suffix": "/eHiaXx0rFyIfk_vSY2PeG_mLjQyRKME-VEg2kXAX_Yw.jpg", "visibility": "public"}, {"height": 537, "source": {"url": "https://foursquare.com/download/#/iphone", "name": "Foursquare for iOS"}, "width": 720, "prefix": "https://igx.4sqi.net/img/general/", "createdAt": 1331445250, "id": "4f5c3e02e4b026f4c6171f90", "venue": {"like": false, "location": {"city": "Ciputat", "state": "Banten", "cc": "ID", "country": "Indonesia", "lat": -6.15841, "lng": 106.76811, "labeledLatLngs": [{"label": "display", "lat": -6.15841, "lng": 106.76811}], "formattedAddress": ["Ciputat", "Banten", "Indonesia"]}, "categories": [], "verified": false, "contact": {}, "beenHere": {"lastCheckinExpiredAt": 0}, "stats": {"tipCount": 1, "usersCount": 6, "checkinsCount": 11}, "id": "4c8306eed34ca143c55d3280", "name": "Cuci Mobil 3M"}, "suffix": "/jSladPVkB1K6gKnNMMW49Y_RnqKeKEC3Q4sAPEtPw9Y.jpg", "visibility": "public"}, {"height": 537, "source": {"url": "https://foursquare.com/download/#/iphone", "name": "Foursquare for iOS"}, "width": 720, "prefix": "https://igx.4sqi.net/img/general/", "createdAt": 1329550997, "id": "4f3f5695e4b02d0e6b696156", "venue": {"url": "http://www.bakerzin.co.id", "like": false, "location": {"formattedAddress": ["Plaza Senayan, 2nd Floor (Jalan Asia Afrika No. 8)", "Jakarta Pusat", "Jakarta 10270", "Indonesia"], "city": "Jakarta Pusat", "lng": 106.79901838302612, "cc": "ID", "state": "Jakarta", "crossStreet": "Jalan Asia Afrika No. 8", "lat": -6.225672835896492, "address": "Plaza Senayan, 2nd Floor", "labeledLatLngs": [{"label": "display", "lat": -6.225672835896492, "lng": 106.79901838302612}], "postalCode": "10270", "country": "Indonesia"}, "categories": [{"icon": {"prefix": "https://ss3.4sqi.net/img/categories_v2/food/cafe_", "suffix": ".png"}, "name": "Caf\u00e9", "id": "4bf58dd8d48988d16d941735", "pluralName": "Caf\u00e9s", "primary": true, "shortName": "Caf\u00e9"}], "verified": false, "contact": {"formattedPhone": "+62 21 57900407", "twitter": "bakerzinjkt", "phone": "+622157900407"}, "allowMenuUrlEdit": true, "stats": {"tipCount": 105, "usersCount": 8355, "checkinsCount": 12409}, "id": "4bcc34d4fb84c9b6baf51f3e", "name": "Bakerzin", "beenHere": {"lastCheckinExpiredAt": 0}}, "suffix": "/vCc8q0XcMjq0Sp-88m2gepIIxg9m96FM254LtbtaZ1A.jpg", "visibility": "public"}, {"height": 540, "source": {"url": "https://foursquare.com/download/#/iphone", "name": "Foursquare for iOS"}, "width": 720, "prefix": "https://igx.4sqi.net/img/general/", "createdAt": 1328163791, "id": "4f2a2bcfe4b0114e61451ea9", "venue": {"url": "http://www.kereta-api.co.id", "like": false, "location": {"city": "Cirebon", "lng": 108.55529394732976, "cc": "ID", "state": "Jawa Barat", "crossStreet": "Cirebon Kejaksan - Gambir", "lat": -6.70604900096007, "address": "Stasiun Cirebon Kejaksan", "labeledLatLngs": [{"label": "display", "lat": -6.70604900096007, "lng": 108.55529394732976}], "formattedAddress": ["Stasiun Cirebon Kejaksan (Cirebon Kejaksan - Gambir)", "Cirebon", "Jawa Barat", "Indonesia"], "country": "Indonesia"}, "categories": [{"icon": {"prefix": "https://ss3.4sqi.net/img/categories_v2/travel/trainstation_", "suffix": ".png"}, "name": "Train", "id": "4bf58dd8d48988d12a951735", "pluralName": "Trains", "primary": true, "shortName": "Train"}], "verified": false, "contact": {"twitter": "ka121"}, "beenHere": {"lastCheckinExpiredAt": 0}, "stats": {"tipCount": 7, "usersCount": 707, "checkinsCount": 929}, "id": "4e80237e722eea96b86f5297", "name": "KA New Argo Jati", "venueRatingBlacklisted": true}, "suffix": "/taTDZXeRMJtC0nMkY12eHe13BNWBgmw-mKrF5Pvdbqw.jpg", "visibility": "public"}, {"height": 537, "source": {"url": "https://foursquare.com/download/#/iphone", "name": "Foursquare for iOS"}, "width": 720, "prefix": "https://igx.4sqi.net/img/general/", "createdAt": 1324007713, "id": "4eeac121775b8c899d3b7914", "venue": {"venueRatingBlacklisted": true, "like": false, "location": {"city": "Bandung", "lng": 107.57932024294357, "cc": "ID", "state": "Jawa Barat", "lat": -6.90371133306533, "address": "Bandara Husein", "labeledLatLngs": [{"label": "display", "lat": -6.90371133306533, "lng": 107.57932024294357}], "formattedAddress": ["Bandara Husein", "Bandung", "Jawa Barat", "Indonesia"], "country": "Indonesia"}, "categories": [{"icon": {"prefix": "https://ss3.4sqi.net/img/categories_v2/travel/default_", "suffix": ".png"}, "name": "General Travel", "id": "4bf58dd8d48988d1f6931735", "pluralName": "General Travel", "primary": true, "shortName": "Travel"}], "verified": false, "contact": {}, "beenHere": {"lastCheckinExpiredAt": 0}, "stats": {"tipCount": 3, "usersCount": 330, "checkinsCount": 461}, "id": "4e2c99a818a80bb058666b01", "name": "Check In Counter Air Asia"}, "suffix": "/XM3WJWHW5SAJH1EK2M3T3NSZRMFUXVLSZC50XKASTC444A1K.jpg", "visibility": "public"}, {"height": 537, "source": {"url": "https://foursquare.com/download/#/iphone", "name": "Foursquare for iOS"}, "width": 720, "prefix": "https://igx.4sqi.net/img/general/", "createdAt": 1324007688, "id": "4eeac1080aaf9592fed049be", "venue": {"url": "http://www.angkasapura2.co.id", "like": false, "location": {"formattedAddress": ["Jalan Pajajaran No. 156", "Bandung", "Jawa Barat 40174", "Indonesia"], "city": "Bandung", "lng": 107.57968433422887, "cc": "ID", "state": "Jawa Barat", "lat": -6.9038884038835, "address": "Jalan Pajajaran No. 156", "postalCode": "40174", "country": "Indonesia"}, "categories": [{"icon": {"prefix": "https://ss3.4sqi.net/img/categories_v2/travel/airport_", "suffix": ".png"}, "name": "Airport", "id": "4bf58dd8d48988d1ed931735", "pluralName": "Airports", "primary": true, "shortName": "Airport"}], "verified": false, "contact": {"formattedPhone": "+62 22 6046190", "twitter": "bdo_ap2", "phone": "+62226046190"}, "beenHere": {"lastCheckinExpiredAt": 0}, "stats": {"tipCount": 864, "usersCount": 68748, "checkinsCount": 158718}, "id": "4bf3c9a32d629521da056058", "name": "Husein Sastranegara International Airport (BDO) (Bandar Udara Internasional Husein Sastranegara)"}, "suffix": "/RNP5P1TCZYFN0GXNAFGGMMILYDWMOIWAPEJPKLRTTHOM0PQP.jpg", "visibility": "public"}, {"height": 537, "source": {"url": "https://foursquare.com/download/#/iphone", "name": "Foursquare for iOS"}, "width": 720, "prefix": "https://igx.4sqi.net/img/general/", "createdAt": 1323693780, "id": "4ee5f6d4b634710b8c53bea0", "venue": {"like": false, "location": {"city": "Jakarta", "lng": 106.90957955674497, "cc": "ID", "state": "Jakarta", "crossStreet": "Jalan Boulevard Utara Kelapa Gading", "lat": -6.1569891101431615, "address": "Mall Kelapa Gading 5", "labeledLatLngs": [{"label": "display", "lat": -6.1569891101431615, "lng": 106.90957955674497}], "formattedAddress": ["Mall Kelapa Gading 5 (Jalan Boulevard Utara Kelapa Gading)", "Jakarta Utara", "Jakarta", "Indonesia"], "country": "Indonesia"}, "categories": [{"icon": {"prefix": "https://ss3.4sqi.net/img/categories_v2/food/asian_", "suffix": ".png"}, "name": "Chinese Restaurant", "id": "4bf58dd8d48988d145941735", "pluralName": "Chinese Restaurants", "primary": true, "shortName": "Chinese"}], "verified": false, "contact": {}, "allowMenuUrlEdit": true, "stats": {"tipCount": 1, "usersCount": 84, "checkinsCount": 102}, "id": "4c39404593db0f47423c2392", "name": "Kwetiau Bagan, Eat and Eat Kelapa Gading", "beenHere": {"lastCheckinExpiredAt": 0}}, "suffix": "/3TYN20U45FXJNFLCXHL0WPMQGY1SOD5KYMKDLSB1ROYA1XBF.jpg", "visibility": "public"}, {"height": 537, "source": {"url": "https://foursquare.com/download/#/iphone", "name": "Foursquare for iOS"}, "width": 720, "prefix": "https://igx.4sqi.net/img/general/", "createdAt": 1323693752, "id": "4ee5f6b8e4b06ce673aef2f4", "venue": {"like": false, "location": {"city": "Jakarta", "lng": 106.90957955674497, "cc": "ID", "state": "Jakarta", "crossStreet": "Jalan Boulevard Utara Kelapa Gading", "lat": -6.1569891101431615, "address": "Mall Kelapa Gading 5", "labeledLatLngs": [{"label": "display", "lat": -6.1569891101431615, "lng": 106.90957955674497}], "formattedAddress": ["Mall Kelapa Gading 5 (Jalan Boulevard Utara Kelapa Gading)", "Jakarta Utara", "Jakarta", "Indonesia"], "country": "Indonesia"}, "categories": [{"icon": {"prefix": "https://ss3.4sqi.net/img/categories_v2/food/asian_", "suffix": ".png"}, "name": "Chinese Restaurant", "id": "4bf58dd8d48988d145941735", "pluralName": "Chinese Restaurants", "primary": true, "shortName": "Chinese"}], "verified": false, "contact": {}, "allowMenuUrlEdit": true, "stats": {"tipCount": 1, "usersCount": 84, "checkinsCount": 102}, "id": "4c39404593db0f47423c2392", "name": "Kwetiau Bagan, Eat and Eat Kelapa Gading", "beenHere": {"lastCheckinExpiredAt": 0}}, "suffix": "/LKNVAU3UB4302RPGONS5REW3BCJRTJGUL4DNKAJ1L0OYM03U.jpg", "visibility": "public"}, {"height": 720, "source": {"url": "https://foursquare.com/download/#/iphone", "name": "Foursquare for iOS"}, "width": 537, "prefix": "https://igx.4sqi.net/img/general/", "createdAt": 1323001225, "id": "4edb6589f9abeea3dad3583f", "venue": {"closed": true, "like": false, "location": {"city": "Bandung", "lng": 107.58954966135033, "cc": "ID", "state": "Jawa Barat", "lat": -6.877681039826655, "address": "Jalan Prof. Dr. Sutami", "labeledLatLngs": [{"label": "display", "lat": -6.877681039826655, "lng": 107.58954966135033}], "formattedAddress": ["Jalan Prof. Dr. Sutami", "Bandung", "Jawa Barat", "Indonesia"], "country": "Indonesia"}, "categories": [{"icon": {"prefix": "https://ss3.4sqi.net/img/categories_v2/food/korean_", "suffix": ".png"}, "name": "Korean Restaurant", "id": "4bf58dd8d48988d113941735", "pluralName": "Korean Restaurants", "primary": true, "shortName": "Korean"}], "verified": false, "contact": {}, "allowMenuUrlEdit": true, "stats": {"tipCount": 28, "usersCount": 1029, "checkinsCount": 1502}, "id": "4bb8351fb35776b0b0c5c801", "name": "Myeong Ga Korean Restaurant", "beenHere": {"lastCheckinExpiredAt": 0}}, "suffix": "/Z1PFLC3UK0GPFJNWDGPJV3NOMBOTX1JRQ3CTK3D5AHLWJIAZ.jpg", "visibility": "public"}, {"height": 537, "source": {"url": "https://foursquare.com/download/#/iphone", "name": "Foursquare for iOS"}, "width": 720, "prefix": "https://igx.4sqi.net/img/general/", "createdAt": 1322648935, "id": "4ed605678b81665993182cd4", "venue": {"like": false, "location": {"lng": 106.77149, "cc": "ID", "country": "Indonesia", "lat": -6.16504, "address": "Komplek Taman Ratu Indah", "labeledLatLngs": [{"label": "display", "lat": -6.16504, "lng": 106.77149}], "formattedAddress": ["Komplek Taman Ratu Indah", "Indonesia"]}, "categories": [{"icon": {"prefix": "https://ss3.4sqi.net/img/categories_v2/food/bakery_", "suffix": ".png"}, "name": "Bakery", "id": "4bf58dd8d48988d16a941735", "pluralName": "Bakeries", "primary": true, "shortName": "Bakery"}], "verified": false, "contact": {}, "allowMenuUrlEdit": true, "stats": {"tipCount": 1, "usersCount": 17, "checkinsCount": 20}, "id": "4eccd0880e61150350d8ef52", "name": "Tomang cakwe", "beenHere": {"lastCheckinExpiredAt": 0}}, "suffix": "/NLMPHMF0ZHI2QNMCUYRY00ILKVWCEQGISL0YOHHSCXHNAYNP.jpg", "visibility": "public"}, {"height": 537, "source": {"url": "https://foursquare.com/download/#/iphone", "name": "Foursquare for iOS"}, "width": 720, "prefix": "https://igx.4sqi.net/img/general/", "createdAt": 1321325346, "id": "4ec1d322b6341cd41fa4a8db", "venue": {"like": false, "location": {"country": "Indonesia", "lng": 106.788329, "cc": "ID", "state": "Jakarta", "lat": -6.176605, "address": "Medit2", "labeledLatLngs": [{"label": "display", "lat": -6.176605, "lng": 106.788329}], "formattedAddress": ["Medit2", "Jakarta", "Indonesia"]}, "categories": [], "verified": false, "contact": {}, "private": true, "stats": {"tipCount": 0, "usersCount": 18, "checkinsCount": 390}, "id": "4c00b2f5df6c0f4781da8b22", "name": "Home :)", "beenHere": {"lastCheckinExpiredAt": 0}}, "suffix": "/OGPKLUUSGOTM2XOGVH5HKP4SVLUZDF3GPYEJKXWDTCWT1ODV.jpg", "visibility": "public"}, {"height": 540, "source": {"url": "https://foursquare.com/download/#/iphone", "name": "Foursquare for iOS"}, "width": 720, "prefix": "https://igx.4sqi.net/img/general/", "createdAt": 1319271829, "id": "4ea27d95be7ba4918e45f97a", "venue": {"like": false, "location": {"lng": 106.78834, "cc": "ID", "country": "Indonesia", "lat": -6.176628, "address": "Apartemen Mediterania", "labeledLatLngs": [{"label": "display", "lat": -6.176628, "lng": 106.78834}], "formattedAddress": ["Apartemen Mediterania", "Indonesia"]}, "categories": [{"icon": {"prefix": "https://ss3.4sqi.net/img/categories_v2/parks_outdoors/pool_", "suffix": ".png"}, "name": "Pool", "id": "4bf58dd8d48988d15e941735", "pluralName": "Pools", "primary": true, "shortName": "Pool"}], "verified": false, "contact": {}, "beenHere": {"lastCheckinExpiredAt": 0}, "stats": {"tipCount": 1, "usersCount": 77, "checkinsCount": 190}, "id": "4d194bf9bb64224b97e5cd65", "name": "Swimming Pool Mediterania Jasmine Tower"}, "suffix": "/SVFMZEQIPMQCE1OSI33S11MSQ0OKNC3VSUULB0KFABUJ2OJ4.jpg", "visibility": "public"}, {"height": 720, "source": {"url": "https://foursquare.com/download/#/iphone", "name": "Foursquare for iOS"}, "width": 537, "prefix": "https://igx.4sqi.net/img/general/", "createdAt": 1312343435, "id": "4e38c58bae60f589a5d50710", "venue": {"url": "http://soekarnohatta-airport.co.id", "like": false, "location": {"formattedAddress": ["CGK Airport (Jalan Raya Bandara)", "Tangerang", "Banten 15126", "Indonesia"], "city": "Tangerang", "lng": 106.65198741353454, "cc": "ID", "state": "Banten", "lat": -6.123161462815471, "address": "CGK Airport", "crossStreet": "Jalan Raya Bandara", "postalCode": "15126", "country": "Indonesia"}, "categories": [{"icon": {"prefix": "https://ss3.4sqi.net/img/categories_v2/travel/airport_gate_", "suffix": ".png"}, "name": "Airport Terminal", "id": "4bf58dd8d48988d1eb931735", "pluralName": "Airport Terminals", "primary": true, "shortName": "Terminal"}], "verified": false, "contact": {}, "beenHere": {"lastCheckinExpiredAt": 0}, "stats": {"tipCount": 198, "usersCount": 49522, "checkinsCount": 82068}, "id": "4bfdfa2cee20ef3b91783c5e", "name": "Terminal 2D", "venueRatingBlacklisted": true}, "suffix": "/Q5FOSOEHKLU0D4HIGM50UE0V4LFEX0FIOLY1GJ5WXJKPGU2H.jpg", "visibility": "public"}, {"height": 540, "source": {"url": "https://foursquare.com/download/#/iphone", "name": "Foursquare for iOS"}, "width": 720, "prefix": "https://igx.4sqi.net/img/general/", "createdAt": 1302177265, "id": "4d9da5f1ee71a340a71412f6", "venue": {"like": false, "location": {"formattedAddress": ["Jalan Raya Daan Mogot (Jalan Kyai Tapa)", "Jakarta Barat", "Jakarta 11470", "Indonesia"], "city": "Jakarta", "lng": 106.78779602050781, "cc": "ID", "state": "Jakarta", "crossStreet": "Jalan Kyai Tapa", "lat": -6.166923642743621, "address": "Jalan Raya Daan Mogot", "labeledLatLngs": [{"label": "display", "lat": -6.166923642743621, "lng": 106.78779602050781}], "postalCode": "11470", "country": "Indonesia"}, "categories": [{"icon": {"prefix": "https://ss3.4sqi.net/img/categories_v2/travel/default_", "suffix": ".png"}, "name": "Intersection", "id": "52f2ab2ebcbc57f1066b8b4c", "pluralName": "Intersections", "primary": true, "shortName": "Intersection"}], "verified": false, "contact": {}, "beenHere": {"lastCheckinExpiredAt": 0}, "stats": {"tipCount": 25, "usersCount": 1893, "checkinsCount": 4740}, "id": "4c0f075698102d7fb3b9e406", "name": "Perempatan Grogol"}, "suffix": "/RPG4VVIXXVQE0Q4DOLYT3QCHD3R3RRSOHBZD3RMC5SCPHV2J.jpg", "visibility": "public"}, {"height": 720, "source": {"url": "https://foursquare.com/download/#/iphone", "name": "Foursquare for iOS"}, "width": 540, "prefix": "https://igx.4sqi.net/img/general/", "createdAt": 1302021866, "id": "4d9b46eac4fba340af954602", "venue": {"location": {"formattedAddress": ["Jalan Tanah Abang II No. 87 (Jalan Cideng Barat)", "Jakarta Pusat", "Jakarta 10150", "Indonesia"], "city": "Jakarta Pusat", "lng": 106.8117105960846, "cc": "ID", "state": "Jakarta", "lat": -6.175968969426205, "address": "Jalan Tanah Abang II No. 87", "crossStreet": "Jalan Cideng Barat", "postalCode": "10150", "country": "Indonesia"}, "contact": {"formattedPhone": "+62 21 2801000", "twitter": "7elevenid", "phone": "+62212801000"}, "verified": false, "allowMenuUrlEdit": true, "stats": {"tipCount": 58, "usersCount": 5517, "checkinsCount": 10750}, "id": "4d04918f92288eecfa359be0", "url": "http://www.7elevenid.com", "closed": true, "like": false, "categories": [{"icon": {"prefix": "https://ss3.4sqi.net/img/categories_v2/shops/conveniencestore_", "suffix": ".png"}, "name": "Convenience Store", "id": "4d954b0ea243a5684a65b473", "pluralName": "Convenience Stores", "primary": true, "shortName": "Convenience Store"}], "beenHere": {"lastCheckinExpiredAt": 0}, "name": "7-Eleven"}, "suffix": "/C4W2LZJIOST3RT2SCFAGYBZN10PV1M3ER2T2LZSS410DVJO4.jpg", "visibility": "public"}, {"height": 720, "source": {"url": "https://foursquare.com/download/#/iphone", "name": "Foursquare for iOS"}, "width": 540, "prefix": "https://igx.4sqi.net/img/general/", "createdAt": 1302021821, "id": "4d9b46bdc4fba340a2954602", "venue": {"url": "http://www.7elevenid.com", "like": false, "location": {"formattedAddress": ["Jalan Teluk Betung No. 33 (Jl. Teluk Betung No. 33)", "Jakarta Pusat", "Jakarta 10310", "Indonesia"], "city": "Jakarta Pusat", "lng": 106.82255744934082, "cc": "ID", "state": "Jakarta", "lat": -6.197728320014506, "address": "Jalan Teluk Betung No. 33", "crossStreet": "Jl. Teluk Betung No. 33", "postalCode": "10310", "country": "Indonesia"}, "categories": [{"icon": {"prefix": "https://ss3.4sqi.net/img/categories_v2/shops/conveniencestore_", "suffix": ".png"}, "name": "Convenience Store", "id": "4d954b0ea243a5684a65b473", "pluralName": "Convenience Stores", "primary": true, "shortName": "Convenience Store"}], "verified": false, "contact": {"formattedPhone": "+62 21 31907422", "twitter": "7elevenid", "phone": "+622131907422"}, "allowMenuUrlEdit": true, "stats": {"tipCount": 247, "usersCount": 16431, "checkinsCount": 32004}, "id": "4bb32263eb3e95215cc1ca0a", "name": "7-Eleven", "beenHere": {"lastCheckinExpiredAt": 0}}, "suffix": "/OBYF0AGUJBWXPI4CEPWM24XTRVED4PGSL3BUEVXBXHWPKURK.jpg", "visibility": "public"}, {"height": 540, "source": {"url": "https://foursquare.com/download/#/iphone", "name": "Foursquare for iOS"}, "width": 720, "prefix": "https://igx.4sqi.net/img/general/", "createdAt": 1301812653, "id": "4d9815ad470528fd92958aa9", "venue": {"closed": true, "like": false, "location": {"city": "Bandung", "lng": 107.60253637909699, "cc": "ID", "state": "Jawa Barat", "lat": -6.882162463657703, "address": "Jl Hegarmanah No. 6", "formattedAddress": ["Jl Hegarmanah No. 6", "Bandung", "Jawa Barat", "Indonesia"], "country": "Indonesia"}, "categories": [{"icon": {"prefix": "https://ss3.4sqi.net/img/categories_v2/food/steakhouse_", "suffix": ".png"}, "name": "Steakhouse", "id": "4bf58dd8d48988d1cc941735", "pluralName": "Steakhouses", "primary": true, "shortName": "Steakhouse"}], "verified": false, "contact": {"formattedPhone": "+62 22 2031321", "phone": "+62222031321"}, "allowMenuUrlEdit": true, "stats": {"tipCount": 46, "usersCount": 2149, "checkinsCount": 3240}, "id": "4cb692bd56fca1cd19815718", "name": "Glosis Grill & Bar", "beenHere": {"lastCheckinExpiredAt": 0}}, "suffix": "/UCZ3PANUKQJKYSDWAIC3YM0VM5EAETMS241HLDRHMDENXM1R.jpg", "visibility": "public"}, {"height": 720, "source": {"url": "https://foursquare.com/download/#/iphone", "name": "Foursquare for iOS"}, "width": 540, "prefix": "https://igx.4sqi.net/img/general/", "createdAt": 1300344170, "id": "4d81ad6a68d9a3405d9ae3ac", "venue": {"venueRatingBlacklisted": true, "like": false, "location": {"cc": "ID", "country": "Indonesia", "lat": -6.145999, "lng": 106.788132, "labeledLatLngs": [{"label": "display", "lat": -6.145999, "lng": 106.788132}], "formattedAddress": ["Indonesia"]}, "categories": [{"icon": {"prefix": "https://ss3.4sqi.net/img/categories_v2/building/default_", "suffix": ".png"}, "name": "Office", "id": "4bf58dd8d48988d124941735", "pluralName": "Offices", "primary": true, "shortName": "Office"}], "verified": false, "contact": {}, "beenHere": {"lastCheckinExpiredAt": 0}, "stats": {"tipCount": 0, "usersCount": 5, "checkinsCount": 55}, "id": "4cbd16094352a1cde9eea1f5", "name": "PT BEKA UTAMA ABADI"}, "suffix": "/QSXPAUKQQK3UXGCYSLK0MIEU51J55DS2OZVMPAT2VZNGODIE.jpg", "visibility": "public"}, {"height": 540, "source": {"url": "https://foursquare.com/download/#/iphone", "name": "Foursquare for iOS"}, "width": 720, "prefix": "https://igx.4sqi.net/img/general/", "createdAt": 1293168557, "id": "4d142fade9032da15a6003d3", "venue": {"url": "http://www.lottemart.co.id", "like": false, "location": {"formattedAddress": ["Jalan Topaz BT No. 77 (Meruya Utara, Kembangan)", "Jakarta Barat", "Jakarta 11620", "Indonesia"], "city": "Jakarta", "lng": 106.73438591609542, "cc": "ID", "state": "Jakarta", "crossStreet": "Meruya Utara, Kembangan", "lat": -6.193784960198162, "address": "Jalan Topaz BT No. 77", "labeledLatLngs": [{"label": "display", "lat": -6.193784960198162, "lng": 106.73438591609542}], "postalCode": "11620", "country": "Indonesia"}, "categories": [{"icon": {"prefix": "https://ss3.4sqi.net/img/categories_v2/shops/food_grocery_", "suffix": ".png"}, "name": "Supermarket", "id": "52f2ab2ebcbc57f1066b8b46", "pluralName": "Supermarkets", "primary": true, "shortName": "Supermarket"}], "verified": false, "contact": {"formattedPhone": "+62 21 5857101", "phone": "+62215857101"}, "allowMenuUrlEdit": true, "stats": {"tipCount": 33, "usersCount": 2797, "checkinsCount": 6378}, "id": "4bb1c1a3f964a520b6a13ce3", "name": "LotteMart Wholesale", "beenHere": {"lastCheckinExpiredAt": 0}}, "suffix": "/UG1ZR0523P1YFPXYPX00S1U2QBEAJC4H2V5Y212WYST2M5ZD.jpg", "visibility": "public"}], "count": 28}, "totalCount": 28}}