{"meta": {"code": 200, "requestId": "595b2b41dd57972d49757ac2"}, "notifications": [{"item": {"unreadCount": 0}, "type": "notificationTray"}], "response": {"photos": {"items": [{"height": 720, "source": {"url": "https://foursquare.com/download/#/iphone", "name": "Foursquare for iOS"}, "width": 537, "prefix": "https://igx.4sqi.net/img/general/", "createdAt": 1316249674, "id": "4e74604a483b0cf5ec41ec4a", "venue": {"url": "http://www.delaziz.co.uk", "like": false, "location": {"formattedAddress": ["Swiss Cottage (Adelaide Rd.)", "London", "Greater London", "NW3 3NF", "United Kingdom"], "city": "London", "lng": -0.17332644031755332, "cc": "GB", "state": "Greater London", "crossStreet": "Adelaide Rd.", "lat": 51.54269585383452, "address": "Swiss Cottage", "labeledLatLngs": [{"label": "display", "lat": 51.54269585383452, "lng": -0.17332644031755332}], "postalCode": "NW3 3NF", "country": "United Kingdom"}, "categories": [{"icon": {"prefix": "https://ss3.4sqi.net/img/categories_v2/food/moroccan_", "suffix": ".png"}, "name": "Moroccan Restaurant", "id": "4bf58dd8d48988d1c3941735", "pluralName": "Moroccan Restaurants", "primary": true, "shortName": "Moroccan"}], "verified": true, "contact": {"twitter": "delazizlondon", "facebookName": "Del'Aziz", "formattedPhone": "+44 20 7586 3338", "phone": "+442075863338", "facebookUsername": "DelazizLondon", "facebook": "95676299014"}, "allowMenuUrlEdit": true, "stats": {"tipCount": 13, "usersCount": 204, "checkinsCount": 496}, "id": "4acda30cf964a52074cc20e3", "name": "Del'Aziz", "beenHere": {"lastCheckinExpiredAt": 0}}, "suffix": "/YEXDZULG33VRL3M34DALY1VGQPQVOZWM2PK5U5YA3YSHNCU4.jpg", "visibility": "public"}], "count": 1}, "totalCount": 1}}