{"response": {"photos": {"items": [{"id": "52d0db5a498e9ed7c89a47fa", "createdAt": 1389419354, "height": 960, "visibility": "public", "source": {"url": "https://foursquare.com/download/#/iphone", "name": "Foursquare for iOS"}, "prefix": "https://igx.4sqi.net/img/general/", "venue": {"id": "4e2ce752d22d3f83c89ec08f", "like": false, "stats": {"checkinsCount": 43, "tipCount": 2, "usersCount": 17}, "beenHere": {"lastCheckinExpiredAt": 0}, "categories": [{"id": "4bf58dd8d48988d145941735", "primary": true, "icon": {"prefix": "https://ss3.4sqi.net/img/categories_v2/food/asian_", "suffix": ".png"}, "pluralName": "Chinese Restaurants", "shortName": "Chinese", "name": "Chinese Restaurant"}], "verified": false, "allowMenuUrlEdit": true, "location": {"address": "Golden Miles Food Centre, store 01-71", "lat": 1.3031881330673372, "city": "Singapore", "formattedAddress": ["Golden Miles Food Centre, store 01-71", "Singapore"], "lng": 103.86415711949158, "labeledLatLngs": [{"lng": 103.86415711949158, "label": "display", "lat": 1.3031881330673372}], "country": "Singapore", "cc": "SG"}, "contact": {}, "name": "71 Rochor Fried Sotong Prawn Noodle"}, "width": 720, "suffix": "/3927485_TklunMIbQNljOuGx70ysQP914xvkx_Ykinz_eUmaq2Q.jpg"}, {"id": "522bfc2211d2b45f0280b0c2", "createdAt": 1378614306, "height": 720, "visibility": "public", "source": {"url": "https://foursquare.com/download/#/iphone", "name": "Foursquare for iOS"}, "prefix": "https://igx.4sqi.net/img/general/", "venue": {"id": "4e2ce752d22d3f83c89ec08f", "like": false, "stats": {"checkinsCount": 43, "tipCount": 2, "usersCount": 17}, "beenHere": {"lastCheckinExpiredAt": 0}, "categories": [{"id": "4bf58dd8d48988d145941735", "primary": true, "icon": {"prefix": "https://ss3.4sqi.net/img/categories_v2/food/asian_", "suffix": ".png"}, "pluralName": "Chinese Restaurants", "shortName": "Chinese", "name": "Chinese Restaurant"}], "verified": false, "allowMenuUrlEdit": true, "location": {"address": "Golden Miles Food Centre, store 01-71", "lat": 1.3031881330673372, "city": "Singapore", "formattedAddress": ["Golden Miles Food Centre, store 01-71", "Singapore"], "lng": 103.86415711949158, "labeledLatLngs": [{"lng": 103.86415711949158, "label": "display", "lat": 1.3031881330673372}], "country": "Singapore", "cc": "SG"}, "contact": {}, "name": "71 Rochor Fried Sotong Prawn Noodle"}, "width": 960, "suffix": "/3927485_U5TkFgY87wvO2-arwbtq0qNELOEVK-a7rT219TEBKWo.jpg"}, {"id": "50dfd1f8e4b0eb1fe62d2917", "createdAt": 1356845560, "height": 960, "visibility": "public", "source": {"url": "https://foursquare.com/download/#/iphone", "name": "Foursquare for iOS"}, "prefix": "https://igx.4sqi.net/img/general/", "venue": {"id": "4b54408ef964a52098b527e3", "like": false, "stats": {"checkinsCount": 2670, "tipCount": 20, "usersCount": 2142}, "beenHere": {"lastCheckinExpiredAt": 0}, "categories": [{"id": "4bf58dd8d48988d111941735", "primary": true, "icon": {"prefix": "https://ss3.4sqi.net/img/categories_v2/food/japanese_", "suffix": ".png"}, "pluralName": "Japanese Restaurants", "shortName": "Japanese", "name": "Japanese Restaurant"}], "verified": false, "allowMenuUrlEdit": true, "location": {"crossStreet": "230 Victoria St.", "labeledLatLngs": [{"lng": 103.85564135682394, "label": "display", "lat": 1.3002100748964212}], "lat": 1.3002100748964212, "postalCode": "188024", "city": "Singapore", "formattedAddress": ["#B1-10, Bugis Junction (230 Victoria St.)", "188024", "Singapore"], "lng": 103.85564135682394, "address": "#B1-10, Bugis Junction", "country": "Singapore", "cc": "SG"}, "contact": {"formattedPhone": "+65 6337 0346", "phone": "+6563370346"}, "name": "Yoshinoya"}, "width": 720, "suffix": "/3927485_zTW2oGfCWWgR9dEt1jn6ZzmRHbtL1yTYQUnUrPXuJXE.jpg"}, {"id": "50dd768be4b01155555c6e4b", "createdAt": 1356691083, "height": 720, "visibility": "public", "source": {"url": "https://foursquare.com/download/#/iphone", "name": "Foursquare for iOS"}, "prefix": "https://igx.4sqi.net/img/general/", "venue": {"id": "4d5d0a2d9ac9a093d9ad7694", "like": false, "stats": {"checkinsCount": 328, "tipCount": 3, "usersCount": 81}, "beenHere": {"lastCheckinExpiredAt": 0}, "categories": [{"id": "4bf58dd8d48988d142941735", "primary": true, "icon": {"prefix": "https://ss3.4sqi.net/img/categories_v2/food/asian_", "suffix": ".png"}, "pluralName": "Asian Restaurants", "shortName": "Asian", "name": "Asian Restaurant"}], "verified": false, "allowMenuUrlEdit": true, "location": {"crossStreet": "111 North Bridge Road", "labeledLatLngs": [{"lng": 103.85131573472614, "label": "display", "lat": 1.2923511284288707}], "lat": 1.2923511284288707, "city": "Singapore", "formattedAddress": ["@ Peninsula Plaza (111 North Bridge Road)", "Singapore"], "lng": 103.85131573472614, "address": "@ Peninsula Plaza", "country": "Singapore", "cc": "SG"}, "contact": {}, "name": "Zay Yar Restaurant"}, "width": 960, "suffix": "/3927485_u0WC8O0q7uaqFx6SB9OHUxRAQt4W6d0wSGb2Jo87yeo.jpg"}, {"id": "50666cc0e4b0058e9c7930e9", "createdAt": 1348889792, "height": 720, "visibility": "public", "source": {"url": "https://foursquare.com/download/#/iphone", "name": "Foursquare for iOS"}, "prefix": "https://igx.4sqi.net/img/general/", "venue": {"id": "4c369eda1e06d13ac2a3743e", "like": false, "stats": {"checkinsCount": 6039, "tipCount": 17, "usersCount": 3073}, "beenHere": {"lastCheckinExpiredAt": 0}, "categories": [{"id": "4bf58dd8d48988d194941735", "primary": true, "icon": {"prefix": "https://ss3.4sqi.net/img/categories_v2/building/medical_ems_", "suffix": ".png"}, "pluralName": "Emergency Rooms", "shortName": "Emergency Room", "name": "Emergency Room"}], "verified": false, "location": {"crossStreet": "5 Lower Kent Ridge Rd", "labeledLatLngs": [{"lng": 103.78348267469107, "label": "display", "lat": 1.2953272000764369}], "lat": 1.2953272000764369, "postalCode": "119074", "city": "Singapore", "formattedAddress": ["NUH Main Building (5 Lower Kent Ridge Rd)", "119074", "Singapore"], "lng": 103.78348267469107, "address": "NUH Main Building", "country": "Singapore", "cc": "SG"}, "contact": {}, "venueRatingBlacklisted": true, "name": "NUH Accident & Emergency (A&E)"}, "width": 540, "suffix": "/3927485_gpljF-TDMXIXScbUJ63-aWTSzh61g73zbBZBFnfry6Q.jpg"}, {"id": "5027e008e4b067a8628afe47", "createdAt": 1344790536, "height": 720, "visibility": "public", "source": {"url": "https://foursquare.com/download/#/iphone", "name": "Foursquare for iOS"}, "prefix": "https://igx.4sqi.net/img/general/", "venue": {"id": "4cc92374d338236af2eda07c", "like": false, "stats": {"checkinsCount": 108, "tipCount": 0, "usersCount": 67}, "beenHere": {"lastCheckinExpiredAt": 0}, "categories": [{"id": "4bf58dd8d48988d13a941735", "primary": true, "icon": {"prefix": "https://ss3.4sqi.net/img/categories_v2/building/religious_temple_", "suffix": ".png"}, "pluralName": "Temples", "shortName": "Temple", "name": "Temple"}], "verified": false, "location": {"address": "9 Chwee Chain Rd", "lat": 1.2790600594859434, "postalCode": "117488", "city": "Singapore", "formattedAddress": ["9 Chwee Chain Rd", "117488", "Singapore"], "lng": 103.78882476449444, "labeledLatLngs": [{"lng": 103.78882476449444, "label": "display", "lat": 1.2790600594859434}], "country": "Singapore", "cc": "SG"}, "contact": {}, "venueRatingBlacklisted": true, "name": "Poh Ern Shih Temple"}, "width": 540, "suffix": "/Oh72IMRLDBYWSfVU6AiRRepCMl30zUQmPmjWjU_7iNg.jpg"}, {"id": "50272226e4b059c124ad3f4f", "createdAt": 1344741926, "height": 540, "visibility": "public", "source": {"url": "https://foursquare.com/download/#/iphone", "name": "Foursquare for iOS"}, "prefix": "https://igx.4sqi.net/img/general/", "venue": {"id": "4cc92374d338236af2eda07c", "like": false, "stats": {"checkinsCount": 108, "tipCount": 0, "usersCount": 67}, "beenHere": {"lastCheckinExpiredAt": 0}, "categories": [{"id": "4bf58dd8d48988d13a941735", "primary": true, "icon": {"prefix": "https://ss3.4sqi.net/img/categories_v2/building/religious_temple_", "suffix": ".png"}, "pluralName": "Temples", "shortName": "Temple", "name": "Temple"}], "verified": false, "location": {"address": "9 Chwee Chain Rd", "lat": 1.2790600594859434, "postalCode": "117488", "city": "Singapore", "formattedAddress": ["9 Chwee Chain Rd", "117488", "Singapore"], "lng": 103.78882476449444, "labeledLatLngs": [{"lng": 103.78882476449444, "label": "display", "lat": 1.2790600594859434}], "country": "Singapore", "cc": "SG"}, "contact": {}, "venueRatingBlacklisted": true, "name": "Poh Ern Shih Temple"}, "width": 720, "suffix": "/x1a7MZMK2QngTZvTA1PpQuIELGYB_B4KQBcwsyHG368.jpg"}, {"id": "501c5af5e4b04e60b8171c32", "createdAt": 1344035573, "height": 720, "visibility": "public", "source": {"url": "https://foursquare.com/download/#/iphone", "name": "Foursquare for iOS"}, "prefix": "https://igx.4sqi.net/img/general/", "venue": {"id": "4d32d9df2e56236acfc320b4", "like": false, "stats": {"checkinsCount": 28602, "tipCount": 52, "usersCount": 15210}, "url": "http://www.singaporecruise.com.sg", "beenHere": {"lastCheckinExpiredAt": 0}, "categories": [{"id": "4e74f6cabd41c4836eac4c31", "primary": true, "icon": {"prefix": "https://ss3.4sqi.net/img/categories_v2/travel/ferry_pier_", "suffix": ".png"}, "pluralName": "Piers", "shortName": "Piers", "name": "Pier"}], "verified": false, "location": {"lat": 1.26327010709986, "postalCode": "099253", "city": "Singapore", "formattedAddress": ["1 Maritime Square", "099253", "Singapore"], "lng": 103.82029305997224, "address": "1 Maritime Square", "country": "Singapore", "cc": "SG"}, "contact": {}, "venueRatingBlacklisted": true, "name": "HarbourFront Cruise & Ferry Terminal"}, "width": 540, "suffix": "/qCGkESrJikPA_UTbTDD0mWLyMRALo8u-sgxGGnL_Za0.jpg"}, {"id": "501518ebe4b020985c42c1a4", "createdAt": 1343559915, "height": 720, "visibility": "public", "source": {"url": "https://foursquare.com/download/#/iphone", "name": "Foursquare for iOS"}, "prefix": "https://igx.4sqi.net/img/general/", "venue": {"id": "4bf368826a31d13ab9ac942e", "like": false, "stats": {"checkinsCount": 407, "tipCount": 7, "usersCount": 134}, "beenHere": {"lastCheckinExpiredAt": 0}, "categories": [{"id": "4bf58dd8d48988d1c4941735", "primary": true, "icon": {"prefix": "https://ss3.4sqi.net/img/categories_v2/food/default_", "suffix": ".png"}, "pluralName": "Restaurants", "shortName": "Restaurant", "name": "Restaurant"}], "verified": false, "allowMenuUrlEdit": true, "location": {"address": "Peninsula Plaza", "lat": 1.292081, "city": "Singapore River", "formattedAddress": ["Peninsula Plaza", "Singapore"], "lng": 103.850898, "labeledLatLngs": [{"lng": 103.850898, "label": "display", "lat": 1.292081}], "country": "Singapore", "cc": "SG"}, "contact": {}, "name": "Oriental House Restaurant"}, "width": 540, "suffix": "/fW9smkh1INPEjxwjrhFeSZt-eQQPUstzHYIky8MYD10.jpg"}, {"id": "50029bbbe4b09fa8c4064b9b", "createdAt": 1342348219, "height": 540, "visibility": "public", "source": {"url": "https://foursquare.com/download/#/iphone", "name": "Foursquare for iOS"}, "prefix": "https://igx.4sqi.net/img/general/", "venue": {"id": "4b9f5b5df964a520281e37e3", "like": false, "stats": {"checkinsCount": 922, "tipCount": 19, "usersCount": 466}, "url": "http://www.bbt.org.sg", "beenHere": {"lastCheckinExpiredAt": 0}, "categories": [{"id": "4bf58dd8d48988d13a941735", "primary": true, "icon": {"prefix": "https://ss3.4sqi.net/img/categories_v2/building/religious_temple_", "suffix": ".png"}, "pluralName": "Temples", "shortName": "Temple", "name": "Temple"}], "verified": false, "location": {"address": "14 Tai Gin Road", "lat": 1.3282734256584963, "postalCode": "327873", "city": "Singapore", "formattedAddress": ["14 Tai Gin Road", "327873", "Singapore"], "lng": 103.84672981973311, "labeledLatLngs": [{"lng": 103.84672981973311, "label": "display", "lat": 1.3282734256584963}], "country": "Singapore", "cc": "SG"}, "contact": {"formattedPhone": "+65 6251 1717", "phone": "+6562511717"}, "venueRatingBlacklisted": true, "name": "Burmese Buddhist Temple"}, "width": 720, "suffix": "/evsBQRRr3fnsp03uPIAE4Wm8-54PuOZB6k6VqKRF99A.jpg"}, {"id": "4fe10ec5e4b079e195b24a2d", "createdAt": 1340149445, "height": 540, "visibility": "public", "source": {"url": "https://foursquare.com/download/#/iphone", "name": "Foursquare for iOS"}, "prefix": "https://igx.4sqi.net/img/general/", "venue": {"id": "4daf7feb4b22d9b3bcc392c0", "like": false, "stats": {"checkinsCount": 5172, "tipCount": 55, "usersCount": 2759}, "beenHere": {"lastCheckinExpiredAt": 0}, "categories": [{"id": "4bf58dd8d48988d120951735", "primary": true, "icon": {"prefix": "https://ss3.4sqi.net/img/categories_v2/shops/food_foodcourt_", "suffix": ".png"}, "pluralName": "Food Courts", "shortName": "Food Court", "name": "Food Court"}], "verified": false, "allowMenuUrlEdit": true, "location": {"crossStreet": "70 Jellicoe Rd.", "labeledLatLngs": [{"lng": 103.86274156351233, "label": "display", "lat": 1.3078590652040816}], "lat": 1.3078590652040816, "postalCode": "200811", "city": "Singapore", "formattedAddress": ["V Hotel / Lavender MRT (70 Jellicoe Rd.)", "200811", "Singapore"], "lng": 103.86274156351233, "address": "V Hotel / Lavender MRT", "country": "Singapore", "cc": "SG"}, "contact": {}, "name": "Kopitiam"}, "width": 720, "suffix": "/yloZzN4L9G_7bDdWaJEDkfs4F9JoBMYlzHAAhtYYJ4c.jpg"}, {"id": "4fd47a2de4b06383ccb70d47", "createdAt": 1339324973, "height": 540, "visibility": "public", "source": {"url": "https://foursquare.com/download/#/iphone", "name": "Foursquare for iOS"}, "prefix": "https://igx.4sqi.net/img/general/", "venue": {"id": "4db0eba9cda14b702a3c044c", "like": false, "stats": {"checkinsCount": 485, "tipCount": 4, "usersCount": 97}, "beenHere": {"lastCheckinExpiredAt": 0}, "categories": [{"id": "4d4b7105d754a06374d81259", "primary": true, "icon": {"prefix": "https://ss3.4sqi.net/img/categories_v2/food/default_", "suffix": ".png"}, "pluralName": "Food", "shortName": "Food", "name": "Food"}], "verified": false, "allowMenuUrlEdit": true, "location": {"lat": 1.2926055763637747, "city": "Singapore", "formattedAddress": ["Singapore"], "lng": 103.85051177301027, "labeledLatLngs": [{"lng": 103.85051177301027, "label": "display", "lat": 1.2926055763637747}], "country": "Singapore", "cc": "SG"}, "contact": {}, "name": "Inle Kitchen"}, "width": 720, "suffix": "/dGLW_wQzUiIEE9ytTkNakEwCier83LA3bkG_3kIns1c.jpg"}, {"id": "4fc07cace4b0152d44c82724", "createdAt": 1338014892, "height": 540, "visibility": "public", "source": {"url": "https://foursquare.com/download/#/iphone", "name": "Foursquare for iOS"}, "prefix": "https://igx.4sqi.net/img/general/", "venue": {"id": "4bc801de92b376b054d0503a", "like": false, "stats": {"checkinsCount": 2289, "tipCount": 3, "usersCount": 467}, "beenHere": {"lastCheckinExpiredAt": 0}, "categories": [{"id": "4bf58dd8d48988d132941735", "primary": true, "icon": {"prefix": "https://ss3.4sqi.net/img/categories_v2/building/religious_church_", "suffix": ".png"}, "pluralName": "Churches", "shortName": "Church", "name": "Church"}], "verified": false, "location": {"address": "480 Lorong 2 Toa Payoh", "lat": 1.3337513170213178, "postalCode": "319641", "city": "Singapore", "formattedAddress": ["480 Lorong 2 Toa Payoh", "319641", "Singapore"], "lng": 103.84649203576895, "labeledLatLngs": [{"lng": 103.84649203576895, "label": "display", "lat": 1.3337513170213178}], "country": "Singapore", "cc": "SG"}, "contact": {}, "venueRatingBlacklisted": true, "name": "Toa Payoh Methodist Church"}, "width": 720, "suffix": "/xmMMMhNbKYh6YLhbSEXs-hSk_jk0FMBNxbZAkY4ig3g.jpg"}, {"id": "4faf287fe4b07f15cf0f63f2", "createdAt": 1336879231, "height": 720, "visibility": "public", "source": {"url": "https://foursquare.com/download/#/iphone", "name": "Foursquare for iOS"}, "prefix": "https://igx.4sqi.net/img/general/", "venue": {"id": "4f4a00c1e4b096208915e632", "like": false, "stats": {"checkinsCount": 44, "tipCount": 0, "usersCount": 28}, "beenHere": {"lastCheckinExpiredAt": 0}, "categories": [{"id": "4bf58dd8d48988d162941735", "primary": true, "icon": {"prefix": "https://ss3.4sqi.net/img/categories_v2/parks_outdoors/outdoors_", "suffix": ".png"}, "pluralName": "Other Great Outdoors", "shortName": "Other Outdoors", "name": "Other Great Outdoors"}], "verified": false, "location": {"crossStreet": "at Gyar Taw Ya St.", "labeledLatLngs": [{"lng": 96.15850604083431, "label": "display", "lat": 16.799634402649804}], "state": "BHN", "lat": 16.799634402649804, "postalCode": "11201", "city": "Yangon", "formattedAddress": ["Nat Mauk Rd., Kandawgyi Nature Garden (at Gyar Taw Ya St.)", "Yangon, BHN 11201", "\u1019\u103c\u1014\u103a\u1019\u102c"], "lng": 96.15850604083431, "address": "Nat Mauk Rd., Kandawgyi Nature Garden", "country": "\u1019\u103c\u1014\u103a\u1019\u102c", "cc": "MM"}, "contact": {}, "venueRatingBlacklisted": true, "name": "Snow Wonderland"}, "width": 540, "suffix": "/W_9K4fn-GbC3ANTVLAipfCkJ5Pnt5Pv1eFd7ZesZ89Q.jpg"}, {"id": "4f9a8887e4b060642e1f7a54", "createdAt": 1335527559, "height": 720, "visibility": "public", "source": {"url": "https://foursquare.com/download/#/iphone", "name": "Foursquare for iOS"}, "prefix": "https://igx.4sqi.net/img/general/", "venue": {"id": "4b09ee1af964a520ed1f23e3", "like": false, "stats": {"checkinsCount": 25637, "tipCount": 262, "usersCount": 12783}, "beenHere": {"lastCheckinExpiredAt": 0}, "categories": [{"id": "4bf58dd8d48988d120951735", "primary": true, "icon": {"prefix": "https://ss3.4sqi.net/img/categories_v2/shops/food_foodcourt_", "suffix": ".png"}, "pluralName": "Food Courts", "shortName": "Food Court", "name": "Food Court"}], "verified": false, "allowMenuUrlEdit": true, "location": {"address": "505 Beach Rd", "lat": 1.3030871778403088, "postalCode": "199583", "city": "Singapore", "formattedAddress": ["505 Beach Rd", "199583", "Singapore"], "lng": 103.8638985157013, "labeledLatLngs": [{"lng": 103.8638985157013, "label": "display", "lat": 1.3030871778403088}], "country": "Singapore", "cc": "SG"}, "contact": {}, "name": "Golden Mile (Beach Road) Food Centre"}, "width": 540, "suffix": "/iQowfMfoVt4WPl5SMjcPb2k1qXTmfs4H1a91rO_hTPc.jpg"}, {"id": "4f8e4408e4b0d35b7feaa1c1", "createdAt": 1334723592, "height": 720, "visibility": "public", "source": {"url": "https://foursquare.com/download/#/iphone", "name": "Foursquare for iOS"}, "prefix": "https://igx.4sqi.net/img/general/", "venue": {"id": "4b0bd124f964a520e03323e3", "like": false, "stats": {"checkinsCount": 735880, "tipCount": 2375, "usersCount": 236683}, "url": "http://www.changiairport.com", "beenHere": {"lastCheckinExpiredAt": 0}, "categories": [{"id": "4bf58dd8d48988d1ed931735", "primary": true, "icon": {"prefix": "https://ss3.4sqi.net/img/categories_v2/travel/airport_", "suffix": ".png"}, "pluralName": "Airports", "shortName": "Airport", "name": "Airport"}], "verified": true, "location": {"lat": 1.3561550620584624, "postalCode": "918146", "city": "Singapore", "formattedAddress": ["Airport Boulevard", "918146", "Singapore"], "lng": 103.98886271718443, "address": "Airport Boulevard", "country": "Singapore", "cc": "SG"}, "contact": {"facebook": "113770598597", "facebookName": "Changi Airport", "formattedPhone": "+65 6595 6868", "phone": "+6565956868", "facebookUsername": "changiairport", "instagram": "changiairport", "twitter": "changiairport"}, "name": "Singapore Changi Airport (SIN)"}, "width": 540, "suffix": "/XraOlYtL8a_Md1AZGyklamCiArgWj_EwtdDAN9mAsjY.jpg"}], "count": 16}, "totalCount": 16}, "meta": {"code": 200, "requestId": "595a7375db04f562ed77621b"}, "notifications": [{"item": {"unreadCount": 0}, "type": "notificationTray"}]}