{"response": {"photos": {"items": [{"id": "53326003498ee35390313f7d", "createdAt": 1395810307, "height": 720, "visibility": "public", "source": {"url": "https://foursquare.com/download/#/iphone", "name": "Foursquare for iOS"}, "prefix": "https://igx.4sqi.net/img/general/", "venue": {"id": "4db8f04e93a0f369e864ff98", "like": false, "stats": {"checkinsCount": 98, "tipCount": 8, "usersCount": 62}, "beenHere": {"lastCheckinExpiredAt": 0}, "categories": [{"id": "4bf58dd8d48988d120951735", "primary": true, "icon": {"prefix": "https://ss3.4sqi.net/img/categories_v2/shops/food_foodcourt_", "suffix": ".png"}, "pluralName": "Food Courts", "shortName": "Food Court", "name": "Food Court"}], "verified": false, "allowMenuUrlEdit": true, "location": {"crossStreet": "Jalan Besar", "labeledLatLngs": [{"lng": 103.8568731, "label": "display", "lat": 1.3075892799999997}], "lat": 1.3075892799999997, "city": "Singapore", "formattedAddress": ["#02-44 Jalan Berseh Food Centre (Jalan Besar)", "Singapore"], "lng": 103.8568731, "address": "#02-44 Jalan Berseh Food Centre", "country": "Singapore", "cc": "SG"}, "contact": {}, "name": "Mei Xiang Black & White Fish Soup"}, "width": 960, "suffix": "/3933518_AU4W3ylED96mgqevzSkXYr9oKFc6ULaCPRpQK2EtkOs.jpg"}, {"id": "521c2e17498e7deacad0d51b", "createdAt": 1377578519, "tip": {"id": "521c2e1411d24b4a6643cd1d", "createdAt": 1377578516, "like": false, "todo": {"count": 0}, "text": "Chicken curry set meal:  only 1 drumstick, 2 big potatoes and one small kopi.  $6.50.   A bit xpensive..", "logView": true, "disagreeCount": 0, "canonicalUrl": "https://foursquare.com/item/521c2e1411d24b4a6643cd1d", "type": "user", "likes": {"count": 0, "groups": []}, "agreeCount": 0}, "height": 720, "visibility": "public", "source": {"url": "https://foursquare.com/download/#/iphone", "name": "Foursquare for iOS"}, "prefix": "https://igx.4sqi.net/img/general/", "venue": {"id": "521082b611d239772d2a579b", "like": false, "stats": {"checkinsCount": 293, "tipCount": 2, "usersCount": 178}, "beenHere": {"lastCheckinExpiredAt": 0}, "categories": [{"id": "4bf58dd8d48988d16d941735", "primary": true, "icon": {"prefix": "https://ss3.4sqi.net/img/categories_v2/food/cafe_", "suffix": ".png"}, "pluralName": "Caf\u00e9s", "shortName": "Caf\u00e9", "name": "Caf\u00e9"}], "verified": false, "allowMenuUrlEdit": true, "location": {"crossStreet": "109 North Bridge Rd.", "labeledLatLngs": [{"lng": 103.85001354560107, "label": "display", "lat": 1.2914298959662365}], "lat": 1.2914298959662365, "postalCode": "179097", "city": "Singapore", "formattedAddress": ["Lv 5, Funan DigitaLife Mall (109 North Bridge Rd.)", "179097", "Singapore"], "lng": 103.85001354560107, "address": "Lv 5, Funan DigitaLife Mall", "country": "Singapore", "cc": "SG"}, "contact": {}, "name": "Heavenly Wang"}, "width": 960, "suffix": "/3933518_QZEGA6-WAjsrqqEwPIOvDHvzwclG-G-x5GPnMqZ2aFQ.jpg"}, {"id": "5041f8ade4b0dd909bc9bd58", "createdAt": 1346500781, "tip": {"id": "5041f899e4b09fb67ae0de10", "createdAt": 1346500761, "like": false, "todo": {"count": 0}, "text": "Packet. 3 items only.  Already cost $6+.    Getting x.", "logView": true, "disagreeCount": 0, "canonicalUrl": "https://foursquare.com/item/5041f899e4b09fb67ae0de10", "type": "user", "likes": {"count": 0, "groups": []}, "agreeCount": 0}, "height": 537, "visibility": "public", "source": {"url": "https://foursquare.com/download/#/iphone", "name": "Foursquare for iOS"}, "prefix": "https://igx.4sqi.net/img/general/", "venue": {"id": "4b1dbdd6f964a520b31424e3", "like": false, "stats": {"checkinsCount": 12931, "tipCount": 103, "usersCount": 5767}, "beenHere": {"lastCheckinExpiredAt": 0}, "categories": [{"id": "4bf58dd8d48988d1c4941735", "primary": true, "icon": {"prefix": "https://ss3.4sqi.net/img/categories_v2/food/default_", "suffix": ".png"}, "pluralName": "Restaurants", "shortName": "Restaurant", "name": "Restaurant"}], "verified": false, "allowMenuUrlEdit": true, "location": {"address": "965 Upper Serangoon Road", "lat": 1.361613202244804, "postalCode": "534721", "city": "Singapore", "formattedAddress": ["965 Upper Serangoon Road", "534721", "Singapore"], "lng": 103.88670607710911, "labeledLatLngs": [{"lng": 103.88670607710911, "label": "display", "lat": 1.361613202244804}], "country": "Singapore", "cc": "SG"}, "contact": {"formattedPhone": "+65 6281 0020", "phone": "+6562810020"}, "name": "Ponggol Nasi Lemak Centre"}, "width": 720, "suffix": "/llegw-16Ek9JhnAiwLjqL5ax7tOH5GiDwesKBSk2WLE.jpg"}, {"id": "4d712595ebac2da15291bbd1", "createdAt": 1299260821, "height": 537, "visibility": "public", "source": {"url": "https://foursquare.com/download/#/iphone", "name": "Foursquare for iOS"}, "prefix": "https://igx.4sqi.net/img/general/", "venue": {"id": "4b694186f964a5200a9d2be3", "like": false, "stats": {"checkinsCount": 19854, "tipCount": 82, "usersCount": 8488}, "url": "http://www.mcdonalds.com.sg", "beenHere": {"lastCheckinExpiredAt": 0}, "categories": [{"id": "4bf58dd8d48988d16e941735", "primary": true, "icon": {"prefix": "https://ss3.4sqi.net/img/categories_v2/food/fastfood_", "suffix": ".png"}, "pluralName": "Fast Food Restaurants", "shortName": "Fast Food", "name": "Fast Food Restaurant"}], "verified": false, "allowMenuUrlEdit": true, "location": {"crossStreet": "Mountbatten Rd", "labeledLatLngs": [{"lng": 103.88172447681427, "label": "display", "lat": 1.3055327186576016}], "lat": 1.3055327186576016, "postalCode": "397726", "city": "Singapore", "formattedAddress": ["200 Stadium Blvd (Mountbatten Rd)", "397726", "Singapore"], "lng": 103.88172447681427, "address": "200 Stadium Blvd", "country": "Singapore", "cc": "SG"}, "contact": {"formattedPhone": "+65 6440 6010", "phone": "+6564406010"}, "name": "McDonald's / McCaf\u00e9"}, "width": 720, "suffix": "/VHJLUO0DGVU5VQTTIUUPKGQ5CKVTXVZEVA3SA2OS4QCFBTW0.jpg"}, {"id": "4d71258b13aca34058886595", "createdAt": 1299260811, "height": 537, "visibility": "public", "source": {"url": "https://foursquare.com/download/#/iphone", "name": "Foursquare for iOS"}, "prefix": "https://igx.4sqi.net/img/general/", "venue": {"id": "4b694186f964a5200a9d2be3", "like": false, "stats": {"checkinsCount": 19854, "tipCount": 82, "usersCount": 8488}, "url": "http://www.mcdonalds.com.sg", "beenHere": {"lastCheckinExpiredAt": 0}, "categories": [{"id": "4bf58dd8d48988d16e941735", "primary": true, "icon": {"prefix": "https://ss3.4sqi.net/img/categories_v2/food/fastfood_", "suffix": ".png"}, "pluralName": "Fast Food Restaurants", "shortName": "Fast Food", "name": "Fast Food Restaurant"}], "verified": false, "allowMenuUrlEdit": true, "location": {"crossStreet": "Mountbatten Rd", "labeledLatLngs": [{"lng": 103.88172447681427, "label": "display", "lat": 1.3055327186576016}], "lat": 1.3055327186576016, "postalCode": "397726", "city": "Singapore", "formattedAddress": ["200 Stadium Blvd (Mountbatten Rd)", "397726", "Singapore"], "lng": 103.88172447681427, "address": "200 Stadium Blvd", "country": "Singapore", "cc": "SG"}, "contact": {"formattedPhone": "+65 6440 6010", "phone": "+6564406010"}, "name": "McDonald's / McCaf\u00e9"}, "width": 720, "suffix": "/KJP14UVPSU4OZ5ZLGWOC22S0Z0MSSSS2Y1ND43DTUUWZLSNL.jpg"}, {"id": "4d6a27900574a3400295ffac", "createdAt": 1298802576, "height": 720, "visibility": "public", "source": {"url": "https://foursquare.com/download/#/iphone", "name": "Foursquare for iOS"}, "prefix": "https://igx.4sqi.net/img/general/", "venue": {"id": "4badfaa2f964a52097773be3", "like": false, "stats": {"checkinsCount": 5933, "tipCount": 44, "usersCount": 4076}, "beenHere": {"lastCheckinExpiredAt": 0}, "categories": [{"id": "52af3add3cf9994f4e043bf5", "primary": true, "icon": {"prefix": "https://ss3.4sqi.net/img/categories_v2/food/asian_", "suffix": ".png"}, "pluralName": "Hong Kong Restaurants", "shortName": "Hong Kong", "name": "Hong Kong Restaurant"}], "verified": false, "allowMenuUrlEdit": true, "location": {"crossStreet": "68 Orchard Road", "labeledLatLngs": [{"lng": 103.84494066238403, "label": "display", "lat": 1.3002447699597008}], "lat": 1.3002447699597008, "postalCode": "238839", "city": "Singapore", "formattedAddress": ["#06-08/09/10 Plaza Singapura (68 Orchard Road)", "238839", "Singapore"], "lng": 103.84494066238403, "address": "#06-08/09/10 Plaza Singapura", "country": "Singapore", "cc": "SG"}, "contact": {"formattedPhone": "+65 6884 8698", "phone": "+6568848698"}, "name": "Xin Wang Hong Kong Caf\u00e9"}, "width": 537, "suffix": "/1UGA5XFYCLUYPN0JA1LRPRJYVHL0II1NLUFHJWQEFSJ5LQSV.jpg"}, {"id": "4d5e91bfc1192da1a0690e43", "createdAt": 1298043327, "height": 720, "visibility": "public", "source": {"url": "https://foursquare.com/download/#/iphone", "name": "Foursquare for iOS"}, "prefix": "https://igx.4sqi.net/img/general/", "venue": {"like": false, "menu": {"mobileUrl": "http://xinwang.com.sg/menu/", "url": "http://xinwang.com.sg/menu/", "label": "Menu", "externalUrl": "http://xinwang.com.sg/menu/", "anchor": "View Menu", "type": "Menu"}, "allowMenuUrlEdit": true, "location": {"crossStreet": "8 Grange Road", "labeledLatLngs": [{"lng": 103.83684515177812, "label": "display", "lat": 1.3012219966434504}], "lat": 1.3012219966434504, "postalCode": "239695", "city": "Singapore", "formattedAddress": ["#02-11, Cineleisure Orchard (8 Grange Road)", "239695", "Singapore"], "lng": 103.83684515177812, "address": "#02-11, Cineleisure Orchard", "country": "Singapore", "cc": "SG"}, "id": "4c2b5f5d77cfe21e3a59b4f1", "beenHere": {"lastCheckinExpiredAt": 0}, "stats": {"checkinsCount": 12214, "tipCount": 39, "usersCount": 7312}, "url": "http://www.xinwang.com.sg", "categories": [{"id": "4bf58dd8d48988d16d941735", "primary": true, "icon": {"prefix": "https://ss3.4sqi.net/img/categories_v2/food/cafe_", "suffix": ".png"}, "pluralName": "Caf\u00e9s", "shortName": "Caf\u00e9", "name": "Caf\u00e9"}], "verified": false, "contact": {"facebookUsername": "xinwanghkcafe", "facebook": "82113411377", "facebookName": "Xin Wang Hong Kong Caf\u00e9", "formattedPhone": "+65 6235 6480", "phone": "+6562356480"}, "name": "Xin Wang Hong Kong Caf\u00e9"}, "width": 537, "suffix": "/WLSZ1UU3CGGVMDU43GCA1AMJX0XNJQHX5ZH1WOFRDX4NFCW2.jpg"}, {"id": "4d4f8d8a30caa3409284feb8", "createdAt": 1297059210, "height": 720, "visibility": "public", "source": {"url": "https://foursquare.com/download/#/iphone", "name": "Foursquare for iOS"}, "prefix": "https://igx.4sqi.net/img/general/", "venue": {"id": "4c6615a67abde21ef8dc6268", "like": false, "stats": {"checkinsCount": 4735, "tipCount": 80, "usersCount": 3460}, "url": "http://www.swatow.com.sg/index.html", "beenHere": {"lastCheckinExpiredAt": 0}, "categories": [{"id": "4bf58dd8d48988d145941735", "primary": true, "icon": {"prefix": "https://ss3.4sqi.net/img/categories_v2/food/asian_", "suffix": ".png"}, "pluralName": "Chinese Restaurants", "shortName": "Chinese", "name": "Chinese Restaurant"}], "verified": false, "allowMenuUrlEdit": true, "location": {"address": "181 Lorong 4 Toa Payoh #02-602", "lat": 1.3337510623540416, "postalCode": "310181", "city": "Singapore", "formattedAddress": ["181 Lorong 4 Toa Payoh #02-602", "310181", "Singapore"], "lng": 103.85088544476565, "labeledLatLngs": [{"lng": 103.85088544476565, "label": "display", "lat": 1.3337510623540416}], "country": "Singapore", "cc": "SG"}, "contact": {"formattedPhone": "+65 6363 1717", "phone": "+6563631717"}, "name": "Swatow Seafood Restaurant \u6c55\u5934\u6d77\u9c9c"}, "width": 537, "suffix": "/311VEBF54YFKG3PRD0UZHW1UJ1PHPKTYS4QVIWFV1ZX5ZSVR.jpg"}, {"id": "4d382241fe8d28fd78b87991", "createdAt": 1295524417, "height": 537, "visibility": "public", "source": {"url": "https://foursquare.com/download/#/iphone", "name": "Foursquare for iOS"}, "prefix": "https://igx.4sqi.net/img/general/", "venue": {"like": false, "menu": {"mobileUrl": "http://d2jzxcrnybzkkt.cloudfront.net/uploads/2015/07/Chatterbox_All_Day_Menu_pdf_1437121714.pdf", "url": "http://d2jzxcrnybzkkt.cloudfront.net/uploads/2015/07/Chatterbox_All_Day_Menu_pdf_1437121714.pdf", "label": "Menu", "externalUrl": "http://d2jzxcrnybzkkt.cloudfront.net/uploads/2015/07/Chatterbox_All_Day_Menu_pdf_1437121714.pdf", "anchor": "View Menu", "type": "Menu"}, "allowMenuUrlEdit": true, "location": {"crossStreet": "333 Orchard Rd.", "labeledLatLngs": [{"lng": 103.83694705189919, "label": "display", "lat": 1.3019872572648732}], "lat": 1.3019872572648732, "postalCode": "238867", "city": "Singapore", "formattedAddress": ["Level 5, Mandarin Orchard Singapore (333 Orchard Rd.)", "238867", "Singapore"], "lng": 103.83694705189919, "address": "Level 5, Mandarin Orchard Singapore", "country": "Singapore", "cc": "SG"}, "storeId": "", "id": "4c14ce4da5eb76b0de40c2b7", "beenHere": {"lastCheckinExpiredAt": 0}, "stats": {"checkinsCount": 4904, "tipCount": 74, "usersCount": 3558}, "url": "http://www.meritushotels.com", "categories": [{"id": "4bf58dd8d48988d142941735", "primary": true, "icon": {"prefix": "https://ss3.4sqi.net/img/categories_v2/food/asian_", "suffix": ".png"}, "pluralName": "Asian Restaurants", "shortName": "Asian", "name": "Asian Restaurant"}], "verified": true, "contact": {"facebook": "182085471861206", "facebookName": "Meritus Hotels & Resorts", "formattedPhone": "+65 6831 6288", "phone": "+6568316288", "facebookUsername": "meritushotels", "twitter": "meritushotels"}, "name": "ChatterBox"}, "width": 720, "suffix": "/BVWT2NIV1ZOHNPJRQATVB1IRS35VVLFS3H4EWE3VY2PLQWKC.jpg"}], "count": 9}, "totalCount": 9}, "meta": {"code": 200, "requestId": "595a7ec0f594df3c083e007f"}, "notifications": [{"item": {"unreadCount": 0}, "type": "notificationTray"}]}