{"meta": {"code": 200, "requestId": "595b1337351e3d64b19110d7"}, "notifications": [{"item": {"unreadCount": 0}, "type": "notificationTray"}], "response": {"photos": {"items": [{"height": 720, "source": {"url": "https://foursquare.com/download/#/iphone", "name": "Foursquare for iOS"}, "width": 537, "prefix": "https://igx.4sqi.net/img/general/", "createdAt": 1336350099, "id": "4fa71593e4b039aeec9bee4d", "venue": {"closed": true, "like": false, "location": {"city": "\u65fa\u89d2", "lng": 114.17074352776359, "cc": "HK", "country": "\u9999\u6e2f", "lat": 22.31990025712479, "address": "Flat 807, 8/F, Sincere House, 83 Argyle St", "formattedAddress": ["Flat 807, 8/F, Sincere House, 83 Argyle St", "\u9999\u6e2f"]}, "categories": [{"icon": {"prefix": "https://ss3.4sqi.net/img/categories_v2/travel/hostel_", "suffix": ".png"}, "name": "Hostel", "id": "4bf58dd8d48988d1ee931735", "pluralName": "Hostels", "primary": true, "shortName": "Hostel"}], "verified": false, "contact": {}, "allowMenuUrlEdit": true, "stats": {"tipCount": 11, "usersCount": 546, "checkinsCount": 1019}, "id": "4be05f6c4c55b6515269eab7", "name": "Ah Shan Hostel \u963f\u5c71\u65c5\u9928", "beenHere": {"lastCheckinExpiredAt": 0}}, "suffix": "/hxYhnEWYTiI3jdY-ksu0PMPWon3e61ze2N3IhSaE2g4.jpg", "visibility": "public"}, {"height": 720, "source": {"url": "https://foursquare.com/download/#/iphone", "name": "Foursquare for iOS"}, "width": 537, "prefix": "https://igx.4sqi.net/img/general/", "createdAt": 1336350067, "id": "4fa71573e4b05ddd68520f86", "venue": {"closed": true, "like": false, "location": {"city": "\u65fa\u89d2", "lng": 114.17074352776359, "cc": "HK", "country": "\u9999\u6e2f", "lat": 22.31990025712479, "address": "Flat 807, 8/F, Sincere House, 83 Argyle St", "formattedAddress": ["Flat 807, 8/F, Sincere House, 83 Argyle St", "\u9999\u6e2f"]}, "categories": [{"icon": {"prefix": "https://ss3.4sqi.net/img/categories_v2/travel/hostel_", "suffix": ".png"}, "name": "Hostel", "id": "4bf58dd8d48988d1ee931735", "pluralName": "Hostels", "primary": true, "shortName": "Hostel"}], "verified": false, "contact": {}, "allowMenuUrlEdit": true, "stats": {"tipCount": 11, "usersCount": 546, "checkinsCount": 1019}, "id": "4be05f6c4c55b6515269eab7", "name": "Ah Shan Hostel \u963f\u5c71\u65c5\u9928", "beenHere": {"lastCheckinExpiredAt": 0}}, "suffix": "/hxYhnEWYTiI3jdY-ksu0PMPWon3e61ze2N3IhSaE2g4.jpg", "visibility": "public"}], "count": 2}, "totalCount": 2}}