{"response": {"photos": {"items": [{"id": "4f693b18e4b07dcd55bc634b", "createdAt": 1332296472, "height": 720, "visibility": "public", "source": {"url": "https://foursquare.com/download/#/iphone", "name": "Foursquare for iOS"}, "prefix": "https://igx.4sqi.net/img/general/", "venue": {"id": "4b5fa421f964a520efc529e3", "closed": true, "stats": {"checkinsCount": 1177, "tipCount": 11, "usersCount": 500}, "like": false, "beenHere": {"lastCheckinExpiredAt": 0}, "categories": [{"id": "4bf58dd8d48988d147941735", "primary": true, "icon": {"prefix": "https://ss3.4sqi.net/img/categories_v2/food/diner_", "suffix": ".png"}, "pluralName": "Diners", "shortName": "Diner", "name": "Diner"}], "verified": false, "allowMenuUrlEdit": true, "location": {"address": "61 Robinson Road, #01-03 Robinson Centre", "lat": 1.279529759947192, "postalCode": "068893", "city": "Singapore", "formattedAddress": ["61 Robinson Road, #01-03 Robinson Centre", "068893", "Singapore"], "lng": 103.84925488464502, "labeledLatLngs": [{"lng": 103.84925488464502, "label": "display", "lat": 1.279529759947192}], "country": "Singapore", "cc": "SG"}, "contact": {}, "name": "Han's Cafe"}, "width": 537, "suffix": "/a9D3QMVTx1QtD6daL2_L5U8DWRU-zvdvEgh7cukHpb8.jpg"}, {"id": "4ef19fca61af815c78bdb6fa", "createdAt": 1324457930, "height": 720, "visibility": "public", "source": {"url": "https://foursquare.com/download/#/iphone", "name": "Foursquare for iOS"}, "prefix": "https://igx.4sqi.net/img/general/", "venue": {"id": "4b4feb11f964a520801927e3", "like": false, "stats": {"checkinsCount": 2661, "tipCount": 22, "usersCount": 742}, "url": "http://www.mrtehtarik.com.sg", "beenHere": {"lastCheckinExpiredAt": 0}, "categories": [{"id": "4bf58dd8d48988d1dc931735", "primary": true, "icon": {"prefix": "https://ss3.4sqi.net/img/categories_v2/food/tearoom_", "suffix": ".png"}, "pluralName": "Tea Rooms", "shortName": "Tea Room", "name": "Tea Room"}], "verified": false, "allowMenuUrlEdit": true, "location": {"crossStreet": "Far East Square", "labeledLatLngs": [{"lng": 103.84847924312066, "label": "display", "lat": 1.283303583216578}], "lat": 1.283303583216578, "postalCode": "049964", "city": "Singapore", "formattedAddress": ["135 Amoy St #01-01 (Far East Square)", "049964", "Singapore"], "lng": 103.84847924312066, "address": "135 Amoy St #01-01", "country": "Singapore", "cc": "SG"}, "contact": {}, "name": "Mr Teh Tarik Express"}, "width": 537, "suffix": "/SHDJHQX5WJFCK0FA0JY3HQSX3ZLLZPKGB2GUY02OIF2CBVFM.jpg"}, {"id": "4ec9cef62c5b532d096eaabf", "createdAt": 1321848566, "height": 720, "visibility": "public", "source": {"url": "https://foursquare.com/download/#/iphone", "name": "Foursquare for iOS"}, "prefix": "https://igx.4sqi.net/img/general/", "venue": {"id": "4bb1834af964a5209b973ce3", "like": false, "stats": {"checkinsCount": 1163, "tipCount": 12, "usersCount": 613}, "beenHere": {"lastCheckinExpiredAt": 0}, "categories": [{"id": "4bf58dd8d48988d145941735", "primary": true, "icon": {"prefix": "https://ss3.4sqi.net/img/categories_v2/food/asian_", "suffix": ".png"}, "pluralName": "Chinese Restaurants", "shortName": "Chinese", "name": "Chinese Restaurant"}], "verified": false, "allowMenuUrlEdit": true, "location": {"address": "63 Robinson Road", "lat": 1.2791288585616702, "city": "Singapore", "formattedAddress": ["63 Robinson Road", "Singapore"], "lng": 103.84910768226352, "labeledLatLngs": [{"lng": 103.84910768226352, "label": "display", "lat": 1.2791288585616702}], "country": "Singapore", "cc": "SG"}, "contact": {}, "name": "Uncle Sam's Claypots"}, "width": 537, "suffix": "/YMLDTSRC1UV5YPOIO2NHJ2CGP0JJELVQNIWYVTM1GQ4C124P.jpg"}, {"id": "4d589c82cd6fa340e55dd4b7", "createdAt": 1297652866, "height": 720, "visibility": "public", "source": {"url": "https://foursquare.com/download/#/iphone", "name": "Foursquare for iOS"}, "prefix": "https://igx.4sqi.net/img/general/", "venue": {"id": "4ba89832f964a520a9e139e3", "closed": true, "stats": {"checkinsCount": 3965, "tipCount": 25, "usersCount": 2736}, "like": false, "beenHere": {"lastCheckinExpiredAt": 0}, "categories": [{"id": "4bf58dd8d48988d111941735", "primary": true, "icon": {"prefix": "https://ss3.4sqi.net/img/categories_v2/food/japanese_", "suffix": ".png"}, "pluralName": "Japanese Restaurants", "shortName": "Japanese", "name": "Japanese Restaurant"}], "verified": false, "allowMenuUrlEdit": true, "location": {"crossStreet": "Marina Country Club", "lat": 1.416106411431837, "postalCode": "829734", "city": "Singapore", "formattedAddress": ["600 Punggol 17th Ave (Marina Country Club)", "829734", "Singapore"], "lng": 103.89934123689241, "address": "600 Punggol 17th Ave", "country": "Singapore", "cc": "SG"}, "contact": {"formattedPhone": "+65 6385 8197", "phone": "+6563858197"}, "name": "Sakura Charcoal Grill & Shabu Shabu"}, "width": 540, "suffix": "/3JI1CPGF2VN1MPHG3LB5T1RUOUUV1Z2IJSDCY3YZ1GGNRSTS.jpg"}, {"id": "4d53c260e00428fd70ee8f93", "createdAt": 1297334880, "tip": {"id": "4d53c251bdbea1cdbc2cdf92", "createdAt": 1297334865, "like": false, "todo": {"count": 0}, "text": "Great Chicken Noodles and Dumplings Soup at a BARGAIN PRICE . . . Recommended :-)", "logView": true, "disagreeCount": 0, "canonicalUrl": "https://foursquare.com/item/4d53c251bdbea1cdbc2cdf92", "type": "user", "likes": {"count": 0, "groups": []}, "agreeCount": 0}, "height": 720, "visibility": "public", "source": {"url": "https://foursquare.com/download/#/iphone", "name": "Foursquare for iOS"}, "prefix": "https://igx.4sqi.net/img/general/", "venue": {"id": "4cf224fd7bf3b60cc833647f", "like": false, "stats": {"checkinsCount": 1855, "tipCount": 19, "usersCount": 952}, "beenHere": {"lastCheckinExpiredAt": 0}, "categories": [{"id": "4bf58dd8d48988d1d1941735", "primary": true, "icon": {"prefix": "https://ss3.4sqi.net/img/categories_v2/food/ramen_", "suffix": ".png"}, "pluralName": "Noodle Houses", "shortName": "Noodles", "name": "Noodle House"}], "verified": false, "allowMenuUrlEdit": true, "location": {"formattedAddress": ["32 Upper Cross Street", "058339", "Singapore"], "address": "32 Upper Cross Street", "lat": 1.283951811926372, "postalCode": "058339", "city": "Singapore", "neighborhood": "Chinatown", "lng": 103.8451337814331, "labeledLatLngs": [{"lng": 103.8451337814331, "label": "display", "lat": 1.283951811926372}], "country": "Singapore", "cc": "SG"}, "contact": {}, "name": "Chiew Kee Chicken Noodle House \u948a\u8bb0\u6cb9\u9e21\u9762\u5bb6"}, "width": 537, "suffix": "/KAK1ZHKHZWBIQRKP3C422XQUQXELQYVP2WNLC1SQFAHIBG4N.jpg"}, {"id": "4d3e59dddfa128fd9b2b39bb", "createdAt": 1295931869, "height": 720, "visibility": "public", "source": {"url": "https://foursquare.com/download/#/iphone", "name": "Foursquare for iOS"}, "prefix": "https://igx.4sqi.net/img/general/", "venue": {"id": "4cac001797c8a1cdb3539da5", "closed": true, "stats": {"checkinsCount": 21, "tipCount": 2, "usersCount": 8}, "like": false, "beenHere": {"lastCheckinExpiredAt": 0}, "categories": [{"id": "4bf58dd8d48988d1f2941735", "primary": true, "icon": {"prefix": "https://ss3.4sqi.net/img/categories_v2/shops/sports_outdoors_", "suffix": ".png"}, "pluralName": "Sporting Goods Shops", "shortName": "Sporting Goods", "name": "Sporting Goods Shop"}], "verified": false, "allowMenuUrlEdit": true, "location": {"lat": 1.283705, "formattedAddress": ["OUB Centre", "Singapore"], "country": "Singapore", "address": "OUB Centre", "cc": "SG", "lng": 103.851633}, "contact": {}, "name": "Sports Report"}, "width": 537, "suffix": "/1IFL4PKA3MNC4G21NWHEASVYPRR2X0GUQJJ0AT0WIN55KJSZ.jpg"}, {"id": "4d396e9a92e5a34030221a8d", "createdAt": 1295609498, "height": 720, "visibility": "public", "source": {"url": "https://foursquare.com/download/#/iphone", "name": "Foursquare for iOS"}, "prefix": "https://igx.4sqi.net/img/general/", "venue": {"id": "4cb7dbc343ec6dcb80ec9031", "like": false, "stats": {"checkinsCount": 34, "tipCount": 3, "usersCount": 33}, "beenHere": {"lastCheckinExpiredAt": 0}, "categories": [{"id": "4bf58dd8d48988d1c7941735", "primary": true, "icon": {"prefix": "https://ss3.4sqi.net/img/categories_v2/food/snacks_", "suffix": ".png"}, "pluralName": "Snack Places", "shortName": "Snacks", "name": "Snack Place"}], "verified": false, "allowMenuUrlEdit": true, "location": {"lat": 1.304663, "formattedAddress": ["Singapore"], "country": "Singapore", "labeledLatLngs": [{"lng": 103.831658, "label": "display", "lat": 1.304663}], "cc": "SG", "lng": 103.831658}, "contact": {}, "name": "Pupella Pizza"}, "width": 537, "suffix": "/WMUMHC5E4RPGHFBXFG31UMAWJ4EEG1U1AFEBDUK0K213OBOY.jpg"}, {"id": "4d3669dc6e312da1db30beba", "createdAt": 1295411676, "tip": {"id": "4d3669bfcea8b60cc4ba18f8", "createdAt": 1295411647, "like": false, "todo": {"count": 0}, "text": "Must try! . . . Thai Green Curry Chicken . . @ 5.50 only, it's really value for money once you see how big the Chicken parts are . . . 1 rice is not enough :-)", "logView": true, "disagreeCount": 0, "canonicalUrl": "https://foursquare.com/item/4d3669bfcea8b60cc4ba18f8", "type": "user", "likes": {"count": 0, "groups": []}, "agreeCount": 0}, "height": 720, "visibility": "public", "source": {"url": "https://foursquare.com/download/#/iphone", "name": "Foursquare for iOS"}, "prefix": "https://igx.4sqi.net/img/general/", "venue": {"id": "4d75b36848b7f04d8ca4ebf5", "like": false, "stats": {"checkinsCount": 180, "tipCount": 8, "usersCount": 90}, "beenHere": {"lastCheckinExpiredAt": 0}, "categories": [{"id": "4bf58dd8d48988d16d941735", "primary": true, "icon": {"prefix": "https://ss3.4sqi.net/img/categories_v2/food/cafe_", "suffix": ".png"}, "pluralName": "Caf\u00e9s", "shortName": "Caf\u00e9", "name": "Caf\u00e9"}], "verified": false, "allowMenuUrlEdit": true, "location": {"address": "#01-06", "lat": 1.2836219830289475, "city": "Singapore", "formattedAddress": ["#01-06", "Singapore"], "lng": 103.85196268558502, "labeledLatLngs": [{"lng": 103.85196268558502, "label": "display", "lat": 1.2836219830289475}], "country": "Singapore", "cc": "SG"}, "contact": {}, "name": "Cafe Manna"}, "width": 537, "suffix": "/GEBU3JJTVQ40RW5LD2HKSFQE1WWXYTBZPTPGH0NOVBBOFU3O.jpg"}], "count": 8}, "totalCount": 8}, "meta": {"code": 200, "requestId": "595a778a6a607114398d4060"}, "notifications": [{"item": {"unreadCount": 0}, "type": "notificationTray"}]}