{"meta": {"code": 200, "requestId": "595ad8fd6a6071143ad0d854"}, "notifications": [{"item": {"unreadCount": 0}, "type": "notificationTray"}], "response": {"photos": {"items": [{"height": 720, "source": {"url": "https://foursquare.com/download/#/android", "name": "Foursquare for Android"}, "tip": {"agreeCount": 0, "canonicalUrl": "https://foursquare.com/item/50f73704e4b080258467904d", "todo": {"count": 0}, "logView": true, "disagreeCount": 0, "createdAt": 1358378756, "id": "50f73704e4b080258467904d", "text": "Kaki Fuyong is awesome! The yong tau foo is a must try too!", "likes": {"groups": [], "count": 0}, "like": false, "type": "user"}, "width": 720, "prefix": "https://igx.4sqi.net/img/general/", "createdAt": 1358378762, "id": "50f7370ae4b0e33192dcd94e", "venue": {"venueRatingBlacklisted": true, "like": false, "location": {"formattedAddress": ["Blk 51, Ngee Ann Polytechnic (535 Clementi Rd)", "599489", "Singapore"], "city": "Singapore", "lng": 103.77436637878418, "cc": "SG", "country": "Singapore", "lat": 1.3322082650175526, "address": "Blk 51, Ngee Ann Polytechnic", "crossStreet": "535 Clementi Rd", "postalCode": "599489"}, "categories": [{"icon": {"prefix": "https://ss3.4sqi.net/img/categories_v2/education/cafeteria_", "suffix": ".png"}, "name": "College Cafeteria", "id": "4bf58dd8d48988d1a1941735", "pluralName": "College Cafeterias", "primary": true, "shortName": "Cafeteria"}], "verified": false, "contact": {}, "allowMenuUrlEdit": true, "stats": {"tipCount": 91, "usersCount": 4892, "checkinsCount": 26006}, "id": "4b1dd898f964a520dc1524e3", "name": "Makan Place", "beenHere": {"lastCheckinExpiredAt": 0}}, "suffix": "/3939055_U480H5iVud1zGb-5kUia1CAnyBASBg_26DOrfjLCEY8.jpg", "visibility": "public"}, {"height": 720, "source": {"url": "https://foursquare.com/download/#/android", "name": "Foursquare for Android"}, "tip": {"agreeCount": 2, "canonicalUrl": "https://foursquare.com/item/50da66cbe4b0f4385a665e93", "todo": {"count": 0}, "logView": true, "disagreeCount": 0, "createdAt": 1356490443, "id": "50da66cbe4b0f4385a665e93", "text": "Egg benedict is good! Awesome place. Just that service is abit slow. Overall a 4/5!", "likes": {"groups": [{"items": [{"photo": {"prefix": "https://igx.4sqi.net/img/user/", "suffix": "/XUZ5CMPFIP02C3AX.jpg"}, "id": "3219947", "firstName": "Andrea", "gender": "male", "lastName": "Monni"}, {"photo": {"prefix": "https://igx.4sqi.net/img/user/", "suffix": "/IV4VVMIEKPSDYMRH.jpg"}, "id": "1023230", "firstName": "Jzin", "gender": "male", "lastName": "T"}], "count": 2, "type": "others"}], "count": 2, "summary": "2 likes"}, "like": false, "type": "user"}, "width": 540, "prefix": "https://igx.4sqi.net/img/general/", "createdAt": 1356490447, "id": "50da66cfe4b0b0947fb115af", "venue": {"location": {"formattedAddress": ["Level 1, Marina at Keppel Bay, 2 Keppel Bay Vista", "098382", "Singapore"], "city": "Singapore", "lng": 103.81273660456282, "cc": "SG", "country": "Singapore", "lat": 1.2640870316110284, "address": "Level 1, Marina at Keppel Bay, 2 Keppel Bay Vista", "labeledLatLngs": [{"label": "display", "lat": 1.2640870316110284, "lng": 103.81273660456282}], "postalCode": "098382"}, "contact": {"formattedPhone": "+65 6776 0777", "twitter": "theprivegroup", "phone": "+6567760777"}, "verified": true, "allowMenuUrlEdit": true, "stats": {"tipCount": 156, "usersCount": 6477, "checkinsCount": 10686}, "id": "4bacb3c8f964a52036053be3", "storeId": "", "url": "http://www.prive.com.sg", "like": false, "categories": [{"icon": {"prefix": "https://ss3.4sqi.net/img/categories_v2/food/cafe_", "suffix": ".png"}, "name": "Caf\u00e9", "id": "4bf58dd8d48988d16d941735", "pluralName": "Caf\u00e9s", "primary": true, "shortName": "Caf\u00e9"}], "beenHere": {"lastCheckinExpiredAt": 0}, "name": "Priv\u00e9", "venuePage": {"id": "90485065"}}, "suffix": "/3939055_JozptPGAOoMbHPNJJzZc0Kr6wE-fO6Y3rjXWaH0VL0M.jpg", "visibility": "public"}, {"height": 720, "source": {"url": "https://foursquare.com/download/#/android", "name": "Foursquare for Android"}, "width": 540, "prefix": "https://igx.4sqi.net/img/general/", "createdAt": 1354420978, "id": "50bad2f2e4b02759419a026f", "venue": {"like": false, "location": {"formattedAddress": ["Marina Sq. (6 Raffles Blvd.)", "039594", "Singapore"], "city": "Singapore", "lng": 103.8571700781638, "cc": "SG", "country": "Singapore", "crossStreet": "6 Raffles Blvd.", "lat": 1.290397572575202, "address": "Marina Sq.", "labeledLatLngs": [{"label": "display", "lat": 1.290397572575202, "lng": 103.8571700781638}], "postalCode": "039594"}, "categories": [{"icon": {"prefix": "https://ss3.4sqi.net/img/categories_v2/shops/food_foodcourt_", "suffix": ".png"}, "name": "Food Court", "id": "4bf58dd8d48988d120951735", "pluralName": "Food Courts", "primary": true, "shortName": "Food Court"}], "verified": false, "contact": {"formattedPhone": "+65 6337 2937", "phone": "+6563372937"}, "allowMenuUrlEdit": true, "stats": {"tipCount": 96, "usersCount": 4937, "checkinsCount": 9480}, "id": "4b25eec6f964a5209b7724e3", "name": "The Gallerie Foodcourt", "beenHere": {"lastCheckinExpiredAt": 0}}, "suffix": "/3939055_m6k0-Uk-n2oV-v9zaHdbAR151uSwubyccQip2C1nHPY.jpg", "visibility": "public"}, {"height": 720, "source": {"url": "https://foursquare.com/download/#/android", "name": "Foursquare for Android"}, "width": 540, "prefix": "https://igx.4sqi.net/img/general/", "createdAt": 1346915946, "id": "50484e6ae4b0e33cdd93941d", "venue": {"venueRatingBlacklisted": true, "like": false, "location": {"formattedAddress": ["Blk 73, Ngee Ann Polytechnic, #01-01 (535 Clementi Rd)", "599489", "Singapore"], "city": "Singapore", "lng": 103.7769015566764, "cc": "SG", "country": "Singapore", "crossStreet": "535 Clementi Rd", "lat": 1.33188314145665, "address": "Blk 73, Ngee Ann Polytechnic, #01-01", "labeledLatLngs": [{"label": "display", "lat": 1.33188314145665, "lng": 103.7769015566764}], "postalCode": "599489"}, "categories": [{"icon": {"prefix": "https://ss3.4sqi.net/img/categories_v2/education/cafeteria_", "suffix": ".png"}, "name": "College Cafeteria", "id": "4bf58dd8d48988d1a1941735", "pluralName": "College Cafeterias", "primary": true, "shortName": "Cafeteria"}], "verified": false, "contact": {}, "allowMenuUrlEdit": true, "stats": {"tipCount": 36, "usersCount": 2597, "checkinsCount": 14189}, "id": "4dabbc22a86e771ea74024ca", "name": "Munch (Canteen 1)", "beenHere": {"lastCheckinExpiredAt": 0}}, "suffix": "/YM4kb5BF1OeipIcnc8Hkqmp9rzf0OdHetPBItDKXBrw.jpg", "visibility": "public"}, {"height": 540, "source": {"url": "https://foursquare.com/download/#/android", "name": "Foursquare for Android"}, "width": 720, "prefix": "https://igx.4sqi.net/img/general/", "createdAt": 1345120420, "id": "502ce8a4e4b07730f3460952", "venue": {"closed": true, "like": false, "location": {"formattedAddress": ["#B1-03/04/05, Cathay Cineleisure Orchard (8 Grange Rd)", "239695", "Singapore"], "city": "Singapore", "lng": 103.8368961018291, "cc": "SG", "country": "Singapore", "lat": 1.30110552569104, "address": "#B1-03/04/05, Cathay Cineleisure Orchard", "crossStreet": "8 Grange Rd", "postalCode": "239695"}, "categories": [{"icon": {"prefix": "https://ss3.4sqi.net/img/categories_v2/food/default_", "suffix": ".png"}, "name": "American Restaurant", "id": "4bf58dd8d48988d14e941735", "pluralName": "American Restaurants", "primary": true, "shortName": "American"}], "verified": false, "contact": {"formattedPhone": "+65 6235 6092", "phone": "+6562356092"}, "allowMenuUrlEdit": true, "stats": {"tipCount": 28, "usersCount": 1931, "checkinsCount": 2819}, "id": "4c78ac09566db60c689c420e", "name": "Javier's Rotisserie & Salad Bar", "beenHere": {"lastCheckinExpiredAt": 0}}, "suffix": "/Ja8E5NhRpMubjsc6XpwWn7xl6YDvDRX4CE5e4DPZVes.jpg", "visibility": "public"}, {"height": 540, "source": {"url": "https://foursquare.com/download/#/android", "name": "Foursquare for Android"}, "width": 720, "prefix": "https://igx.4sqi.net/img/general/", "createdAt": 1344941902, "id": "502a2f4ee4b056ba94d845c6", "venue": {"location": {"formattedAddress": ["#03-07/19, JCube (2 Jurong East Central 1)", "609731", "Singapore"], "city": "Singapore", "lng": 103.74035596847534, "cc": "SG", "country": "Singapore", "crossStreet": "2 Jurong East Central 1", "lat": 1.333044887886031, "address": "#03-07/19, JCube", "labeledLatLngs": [{"label": "display", "lat": 1.333044887886031, "lng": 103.74035596847534}], "postalCode": "609731"}, "contact": {"twitter": "nandossingapore"}, "verified": true, "allowMenuUrlEdit": true, "stats": {"tipCount": 25, "usersCount": 1440, "checkinsCount": 2032}, "id": "4f716390e5e8c9610f1cbed7", "storeId": "", "url": "http://www.nandos.com.sg", "like": false, "categories": [{"icon": {"prefix": "https://ss3.4sqi.net/img/categories_v2/food/portuguese_", "suffix": ".png"}, "name": "Portuguese Restaurant", "id": "4def73e84765ae376e57713a", "pluralName": "Portuguese Restaurants", "primary": true, "shortName": "Portuguese"}], "beenHere": {"lastCheckinExpiredAt": 0}, "name": "Nando's"}, "suffix": "/ewmD2xZ_g4x870ahm-dUGKvC8c3y8nyS1Vdi2whA5gQ.jpg", "visibility": "public"}, {"height": 720, "source": {"url": "https://foursquare.com/download/#/android", "name": "Foursquare for Android"}, "width": 540, "prefix": "https://igx.4sqi.net/img/general/", "createdAt": 1344521976, "id": "5023c6f8e4b0578fd38413a2", "venue": {"like": false, "location": {"formattedAddress": ["4A Eunos Crescent", "402004", "Singapore"], "city": "Singapore", "lng": 103.9039798963429, "cc": "SG", "country": "Singapore", "lat": 1.3205543373816404, "address": "4A Eunos Crescent", "labeledLatLngs": [{"label": "display", "lat": 1.3205543373816404, "lng": 103.9039798963429}], "postalCode": "402004"}, "categories": [{"icon": {"prefix": "https://ss3.4sqi.net/img/categories_v2/shops/food_foodcourt_", "suffix": ".png"}, "name": "Food Court", "id": "4bf58dd8d48988d120951735", "pluralName": "Food Courts", "primary": true, "shortName": "Food Court"}], "verified": false, "contact": {}, "allowMenuUrlEdit": true, "stats": {"tipCount": 47, "usersCount": 2427, "checkinsCount": 7561}, "id": "4ba1dbd8f964a5205ecf37e3", "name": "Eunos Crescent Market & Food Centre", "beenHere": {"lastCheckinExpiredAt": 0}}, "suffix": "/nc-kXLs0HX94omLvaJzw6G7HKxUQ0fCee83dL2TBoFw.jpg", "visibility": "public"}, {"height": 540, "source": {"url": "https://foursquare.com/download/#/android", "name": "Foursquare for Android"}, "width": 720, "prefix": "https://igx.4sqi.net/img/general/", "createdAt": 1344056192, "id": "501cab80e4b0d855294453d6", "venue": {"like": false, "location": {"city": "Singapore", "lng": 103.85762869791557, "cc": "SG", "country": "Singapore", "crossStreet": "Bayfront Ave.", "lat": 1.2828327118833152, "address": "L1, The Shoppes at Marina Bay Sands", "labeledLatLngs": [{"label": "display", "lat": 1.2828327118833152, "lng": 103.85762869791557}], "formattedAddress": ["L1, The Shoppes at Marina Bay Sands (Bayfront Ave.)", "Singapore"]}, "categories": [{"icon": {"prefix": "https://ss3.4sqi.net/img/categories_v2/food/japanese_", "suffix": ".png"}, "name": "Japanese Restaurant", "id": "4bf58dd8d48988d111941735", "pluralName": "Japanese Restaurants", "primary": true, "shortName": "Japanese"}], "verified": false, "contact": {}, "allowMenuUrlEdit": true, "stats": {"tipCount": 20, "usersCount": 586, "checkinsCount": 780}, "id": "4fdd8313e4b0d263e7f1fc4e", "name": "Bay Sushi", "beenHere": {"lastCheckinExpiredAt": 0}}, "suffix": "/sAvycP0auhEnF-HGhl4cHrZs7rTvscTUdUTb_b5FDdU.jpg", "visibility": "public"}, {"height": 720, "source": {"url": "https://foursquare.com/download/#/android", "name": "Foursquare for Android"}, "width": 540, "prefix": "https://igx.4sqi.net/img/general/", "createdAt": 1343732304, "id": "5017ba50e4b015cce926e6d5", "venue": {"venueRatingBlacklisted": true, "like": false, "location": {"formattedAddress": ["Boon Lay Place", "640210", "Singapore"], "city": "Singapore", "lng": 103.71292931087717, "cc": "SG", "country": "Singapore", "lat": 1.3477633140217826, "address": "Boon Lay Place", "labeledLatLngs": [{"label": "display", "lat": 1.3477633140217826, "lng": 103.71292931087717}], "postalCode": "640210"}, "categories": [{"icon": {"prefix": "https://ss3.4sqi.net/img/categories_v2/building/apartment_", "suffix": ".png"}, "name": "Residential Building (Apartment / Condo)", "id": "4d954b06a243a5684965b473", "pluralName": "Residential Buildings (Apartments / Condos)", "primary": true, "shortName": "Residential"}], "verified": false, "contact": {}, "beenHere": {"lastCheckinExpiredAt": 0}, "stats": {"tipCount": 3, "usersCount": 189, "checkinsCount": 376}, "id": "4d21ea5bf7a9a14395853a9f", "name": "Blk 210 Boon Lay Place"}, "suffix": "/_eIHoVgulPoEPkA8pAVfypAkT05gPqdczIc7AkxYKeo.jpg", "visibility": "public"}, {"height": 540, "source": {"url": "https://foursquare.com/download/#/android", "name": "Foursquare for Android"}, "width": 720, "prefix": "https://igx.4sqi.net/img/general/", "createdAt": 1343211889, "id": "500fc971e4b017f65b0a4fbe", "venue": {"location": {"formattedAddress": ["Plaza Low Yat (G28)", "52100 Kuala Lumpur, Kuala Lumpur", "Malaysia"], "city": "Kuala Lumpur", "lng": 101.70964479446411, "cc": "MY", "state": "Kuala Lumpur", "crossStreet": "G28", "lat": 3.144511942115711, "address": "Plaza Low Yat", "labeledLatLngs": [{"label": "display", "lat": 3.144511942115711, "lng": 101.70964479446411}], "postalCode": "52100", "country": "Malaysia"}, "contact": {"twitter": "starbucksmy", "facebookName": "Starbucks Malaysia", "formattedPhone": "+60 3-2110 1183", "phone": "+60321101183", "facebookUsername": "StarbucksMalaysia", "facebook": "296802010332"}, "verified": true, "allowMenuUrlEdit": true, "stats": {"tipCount": 38, "usersCount": 7805, "checkinsCount": 11712}, "id": "4b1c9c29f964a520b00824e3", "storeId": "", "url": "http://www.facebook.com/StarbucksMalaysia", "like": false, "categories": [{"icon": {"prefix": "https://ss3.4sqi.net/img/categories_v2/food/coffeeshop_", "suffix": ".png"}, "name": "Coffee Shop", "id": "4bf58dd8d48988d1e0931735", "pluralName": "Coffee Shops", "primary": true, "shortName": "Coffee Shop"}], "beenHere": {"lastCheckinExpiredAt": 0}, "name": "Starbucks"}, "suffix": "/CCfzJVwtpMHx-bIjU1tNA2-yCFG-X5gPca7JsbaFG-U.jpg", "visibility": "public"}, {"height": 540, "source": {"url": "https://foursquare.com/download/#/android", "name": "Foursquare for Android"}, "width": 720, "prefix": "https://igx.4sqi.net/img/general/", "createdAt": 1343188228, "id": "500f6d04e4b088a232ee40e3", "venue": {"url": "http://www.superdining.com.my/hokkaido-ichiba.html", "like": false, "location": {"formattedAddress": ["The Gardens Mall (T-201, 3rd Flr.)", "59200 Kuala Lumpur, Kuala Lumpur", "Malaysia"], "city": "Kuala Lumpur", "lng": 101.67521276523972, "cc": "MY", "state": "Kuala Lumpur", "crossStreet": "T-201, 3rd Flr.", "lat": 3.119201218278949, "address": "The Gardens Mall", "labeledLatLngs": [{"label": "display", "lat": 3.119201218278949, "lng": 101.67521276523972}], "postalCode": "59200", "country": "Malaysia"}, "categories": [{"icon": {"prefix": "https://ss3.4sqi.net/img/categories_v2/food/japanese_", "suffix": ".png"}, "name": "Japanese Restaurant", "id": "4bf58dd8d48988d111941735", "pluralName": "Japanese Restaurants", "primary": true, "shortName": "Japanese"}], "verified": false, "contact": {"formattedPhone": "+60 3-2283 1060", "phone": "+60322831060"}, "allowMenuUrlEdit": true, "stats": {"tipCount": 245, "usersCount": 10612, "checkinsCount": 19534}, "id": "4d044f028620224bb17fa840", "name": "Hokkaido Ichiba (\u5317\u6d77\u9053\u5e02\u573a)", "beenHere": {"lastCheckinExpiredAt": 0}}, "suffix": "/F9-s5Y4WVj9l6kurkmj_JovgLO0mNvAJRkMFkcc_yqA.jpg", "visibility": "public"}, {"height": 720, "source": {"url": "https://foursquare.com/download/#/android", "name": "Foursquare for Android"}, "width": 540, "prefix": "https://igx.4sqi.net/img/general/", "createdAt": 1341055115, "id": "4feee08be4b0e7487eca3894", "venue": {"url": "http://www.arandaclub.org.sg", "like": false, "location": {"formattedAddress": ["60 Pasir Ris Dr. 3", "519497", "Singapore"], "city": "Singapore", "lng": 103.95372932340565, "cc": "SG", "country": "Singapore", "lat": 1.3763273357823818, "address": "60 Pasir Ris Dr. 3", "labeledLatLngs": [{"label": "display", "lat": 1.3763273357823818, "lng": 103.95372932340565}], "postalCode": "519497"}, "categories": [{"icon": {"prefix": "https://ss3.4sqi.net/img/categories_v2/building/default_", "suffix": ".png"}, "name": "Club House", "id": "52e81612bcbc57f1066b7a35", "pluralName": "Club Houses", "primary": true, "shortName": "Club"}], "verified": false, "contact": {"formattedPhone": "+65 6584 6811", "phone": "+6565846811"}, "beenHere": {"lastCheckinExpiredAt": 0}, "stats": {"tipCount": 20, "usersCount": 6050, "checkinsCount": 10003}, "id": "4b05880bf964a520e6ad22e3", "name": "Aranda Country Club", "venueRatingBlacklisted": true}, "suffix": "/2S_ymxdIkFyaTtMiFXce8Kbubr4z2CM3dW9_vu0DCCA.jpg", "visibility": "public"}, {"height": 720, "source": {"url": "https://foursquare.com/download/#/iphone", "name": "Foursquare for iOS"}, "width": 540, "prefix": "https://igx.4sqi.net/img/general/", "createdAt": 1337515053, "id": "4fb8dc2de4b07c2875ffe0c2", "venue": {"closed": true, "like": false, "location": {"formattedAddress": ["#B2-01/03 313@Somerset, 313 Orchard Rd", "238895", "Singapore"], "city": "Singapore", "lng": 103.83848190307617, "cc": "SG", "country": "Singapore", "lat": 1.3014246377707814, "address": "#B2-01/03 313@Somerset, 313 Orchard Rd", "postalCode": "238895"}, "categories": [{"icon": {"prefix": "https://ss3.4sqi.net/img/categories_v2/food/asian_", "suffix": ".png"}, "name": "Chinese Restaurant", "id": "4bf58dd8d48988d145941735", "pluralName": "Chinese Restaurants", "primary": true, "shortName": "Chinese"}], "verified": false, "contact": {"formattedPhone": "+65 6509 6696", "phone": "+6565096696"}, "allowMenuUrlEdit": true, "stats": {"tipCount": 22, "usersCount": 3886, "checkinsCount": 5441}, "id": "4b4b0be2f964a520719126e3", "name": "Din Tai Fung \u9f0e\u6cf0\u8c50", "beenHere": {"lastCheckinExpiredAt": 0}}, "suffix": "/RS2xa1GbXbTDDjADvkLX33Lp9xJy7aIu0zxDv85bMbA.jpg", "visibility": "public"}, {"height": 540, "source": {"url": "https://foursquare.com/download/#/iphone", "name": "Foursquare for iOS"}, "width": 720, "prefix": "https://igx.4sqi.net/img/general/", "createdAt": 1334386619, "id": "4f891fbbe4b0abaa0260dab2", "venue": {"like": false, "location": {"formattedAddress": ["270 Queen St.", "180270", "Singapore"], "city": "Singapore", "lng": 103.85441839212218, "cc": "SG", "country": "Singapore", "lat": 1.3010587565362748, "address": "270 Queen St.", "labeledLatLngs": [{"label": "display", "lat": 1.3010587565362748, "lng": 103.85441839212218}], "postalCode": "180270"}, "categories": [{"icon": {"prefix": "https://ss3.4sqi.net/img/categories_v2/shops/food_foodcourt_", "suffix": ".png"}, "name": "Food Court", "id": "4bf58dd8d48988d120951735", "pluralName": "Food Courts", "primary": true, "shortName": "Food Court"}], "verified": false, "contact": {}, "allowMenuUrlEdit": true, "stats": {"tipCount": 200, "usersCount": 8993, "checkinsCount": 20139}, "id": "4b56f8aaf964a520322128e3", "name": "Albert Centre Market & Food Centre", "beenHere": {"lastCheckinExpiredAt": 0}}, "suffix": "/fUetxcCbq-5v7JOr44pWYQkW9txY9PE0ALznAS32a8s.jpg", "visibility": "public"}, {"height": 720, "source": {"url": "https://foursquare.com/download/#/iphone", "name": "Foursquare for iOS"}, "width": 540, "prefix": "https://igx.4sqi.net/img/general/", "createdAt": 1332596093, "id": "4f6dcd7de4b0725b61727331", "venue": {"url": "http://www.udders.com.sg", "like": false, "location": {"formattedAddress": ["Goldhill Centre (155 Thomson Rd)", "307608", "Singapore"], "city": "Singapore", "lng": 103.84395569938434, "cc": "SG", "country": "Singapore", "crossStreet": "155 Thomson Rd", "lat": 1.3182259096158493, "address": "Goldhill Centre", "labeledLatLngs": [{"label": "display", "lat": 1.3182259096158493, "lng": 103.84395569938434}], "postalCode": "307608"}, "categories": [{"icon": {"prefix": "https://ss3.4sqi.net/img/categories_v2/food/icecream_", "suffix": ".png"}, "name": "Ice Cream Shop", "id": "4bf58dd8d48988d1c9941735", "pluralName": "Ice Cream Shops", "primary": true, "shortName": "Ice Cream"}], "verified": false, "contact": {"formattedPhone": "+65 6254 6629", "phone": "+6562546629"}, "allowMenuUrlEdit": true, "stats": {"tipCount": 87, "usersCount": 3932, "checkinsCount": 6374}, "id": "4bc2d4e44cdfc9b66e959621", "name": "Udders", "beenHere": {"lastCheckinExpiredAt": 0}}, "suffix": "/ukTS2FYO8k2uespbrDAZNaY12jbxHYTasxXPNgouKdc.jpg", "visibility": "public"}, {"height": 720, "source": {"url": "https://foursquare.com/download/#/iphone", "name": "Foursquare for iOS"}, "width": 540, "prefix": "https://igx.4sqi.net/img/general/", "createdAt": 1332583512, "id": "4f6d9c58e4b068929fa32079", "venue": {"closed": true, "like": false, "location": {"formattedAddress": ["#01-01/02, Novena Ville (275 Thomson Rd.)", "307645", "Singapore"], "city": "Singapore", "lng": 103.84207612351544, "cc": "SG", "country": "Singapore", "lat": 1.3209834886514566, "address": "#01-01/02, Novena Ville", "crossStreet": "275 Thomson Rd.", "postalCode": "307645"}, "categories": [{"icon": {"prefix": "https://ss3.4sqi.net/img/categories_v2/food/korean_", "suffix": ".png"}, "name": "Korean Restaurant", "id": "4bf58dd8d48988d113941735", "pluralName": "Korean Restaurants", "primary": true, "shortName": "Korean"}], "verified": false, "contact": {"formattedPhone": "+65 6254 8123", "phone": "+6562548123"}, "allowMenuUrlEdit": true, "stats": {"tipCount": 13, "usersCount": 3012, "checkinsCount": 4131}, "id": "4dcf5723d4c065592f96f85a", "name": "Ssikkek Korean Grill BBQ", "beenHere": {"lastCheckinExpiredAt": 0}}, "suffix": "/rq0qhPX4EN8cb_8ZLT92_pSQu17CcpseVqD0RnIqcug.jpg", "visibility": "public"}], "count": 16}, "totalCount": 16}}