{"meta": {"code": 200, "requestId": "595b1473db04f562ee0117d5"}, "notifications": [{"item": {"unreadCount": 0}, "type": "notificationTray"}], "response": {"photos": {"items": [{"height": 720, "source": {"url": "https://foursquare.com/download/#/iphone", "name": "Foursquare for iOS"}, "width": 540, "prefix": "https://igx.4sqi.net/img/general/", "createdAt": 1312792722, "id": "4e3fa0922271d21e87122002", "venue": {"like": false, "location": {"formattedAddress": ["#01-23, Clementi 448 Market & Food Centre (448 Clementi Ave. 3)", "120448", "Singapore"], "city": "Singapore", "lng": 103.76452109978966, "cc": "SG", "country": "Singapore", "crossStreet": "448 Clementi Ave. 3", "lat": 1.3136837846037428, "address": "#01-23, Clementi 448 Market & Food Centre", "labeledLatLngs": [{"label": "display", "lat": 1.3136837846037428, "lng": 103.76452109978966}], "postalCode": "120448"}, "categories": [{"icon": {"prefix": "https://ss3.4sqi.net/img/categories_v2/food/asian_", "suffix": ".png"}, "name": "Chinese Restaurant", "id": "4bf58dd8d48988d145941735", "pluralName": "Chinese Restaurants", "primary": true, "shortName": "Chinese"}], "verified": false, "contact": {}, "allowMenuUrlEdit": true, "stats": {"tipCount": 2, "usersCount": 47, "checkinsCount": 84}, "id": "4d9adee8674ca143ddb7c443", "name": "Yong Fa Hainanese Curry Rice & Curry Fish Head", "beenHere": {"lastCheckinExpiredAt": 0}}, "suffix": "/YX1BIOTU40BPD0JNBE54Z2FEVR2RWDKP1PP1HDMGY2MCCJKX.jpg", "visibility": "public"}], "count": 1}, "totalCount": 1}}