{"meta": {"code": 200, "requestId": "595af235351e3d64b4957d1e"}, "notifications": [{"item": {"unreadCount": 0}, "type": "notificationTray"}], "response": {"photos": {"items": [{"height": 720, "source": {"url": "https://foursquare.com/download/#/iphone", "name": "Foursquare for iOS"}, "width": 540, "prefix": "https://igx.4sqi.net/img/general/", "createdAt": 1307102940, "id": "4de8cedca12d39dbeb1870a2", "venue": {"closed": true, "like": false, "location": {"formattedAddress": ["H S Eating House (56 Serangoon Way)", "555952", "Singapore"], "city": "Singapore", "lng": 103.86569726111055, "cc": "SG", "country": "Singapore", "lat": 1.3646379445737853, "address": "H S Eating House", "crossStreet": "56 Serangoon Way", "postalCode": "555952"}, "categories": [{"icon": {"prefix": "https://ss3.4sqi.net/img/categories_v2/food/default_", "suffix": ".png"}, "name": "American Restaurant", "id": "4bf58dd8d48988d14e941735", "pluralName": "American Restaurants", "primary": true, "shortName": "American"}], "verified": false, "contact": {}, "allowMenuUrlEdit": true, "stats": {"tipCount": 16, "usersCount": 752, "checkinsCount": 1551}, "id": "4bed2d5c6e8c20a1acf56f61", "name": "iSteaks Grillhouse", "beenHere": {"lastCheckinExpiredAt": 0}}, "suffix": "/4PAVNABZU4HN2EKYT00KIZLYMPWGMHYLWVBC4U31R0RYG4JY.jpg", "visibility": "public"}, {"height": 720, "source": {"url": "https://foursquare.com/download/#/iphone", "name": "Foursquare for iOS"}, "width": 540, "prefix": "https://igx.4sqi.net/img/general/", "createdAt": 1307102901, "id": "4de8ceb540a32906250a18d0", "venue": {"closed": true, "like": false, "location": {"formattedAddress": ["H S Eating House (56 Serangoon Way)", "555952", "Singapore"], "city": "Singapore", "lng": 103.86569726111055, "cc": "SG", "country": "Singapore", "lat": 1.3646379445737853, "address": "H S Eating House", "crossStreet": "56 Serangoon Way", "postalCode": "555952"}, "categories": [{"icon": {"prefix": "https://ss3.4sqi.net/img/categories_v2/food/default_", "suffix": ".png"}, "name": "American Restaurant", "id": "4bf58dd8d48988d14e941735", "pluralName": "American Restaurants", "primary": true, "shortName": "American"}], "verified": false, "contact": {}, "allowMenuUrlEdit": true, "stats": {"tipCount": 16, "usersCount": 752, "checkinsCount": 1551}, "id": "4bed2d5c6e8c20a1acf56f61", "name": "iSteaks Grillhouse", "beenHere": {"lastCheckinExpiredAt": 0}}, "suffix": "/YLZPLBT04DKY24SWQNQ1HIL4XYW5W0VBBRCH0QGGCEDX5DGH.jpg", "visibility": "public"}], "count": 2}, "totalCount": 2}}