{"meta": {"code": 200, "requestId": "595b05de1ed21919f942611c"}, "notifications": [{"item": {"unreadCount": 0}, "type": "notificationTray"}], "response": {"photos": {"items": [{"height": 537, "source": {"url": "https://foursquare.com/download/#/iphone", "name": "Foursquare for iOS"}, "tip": {"agreeCount": 0, "canonicalUrl": "https://foursquare.com/item/4d31ba4c5017a093090a429b", "todo": {"count": 1}, "logView": true, "disagreeCount": 0, "createdAt": 1295104588, "id": "4d31ba4c5017a093090a429b", "text": "Love the chicken rice stall! Best food ever! <3", "likes": {"groups": [], "count": 0}, "like": false, "type": "user"}, "width": 720, "prefix": "https://igx.4sqi.net/img/general/", "createdAt": 1295104596, "id": "4d31ba54c7e92da1f9f38c8f", "venue": {"like": false, "location": {"formattedAddress": ["805 Hougang Central", "530805", "Singapore"], "city": "Singapore", "lng": 103.89466875354923, "cc": "SG", "country": "Singapore", "lat": 1.3705052968192883, "address": "805 Hougang Central", "labeledLatLngs": [{"label": "display", "lat": 1.3705052968192883, "lng": 103.89466875354923}], "postalCode": "530805"}, "categories": [{"icon": {"prefix": "https://ss3.4sqi.net/img/categories_v2/shops/food_foodcourt_", "suffix": ".png"}, "name": "Food Court", "id": "4bf58dd8d48988d120951735", "pluralName": "Food Courts", "primary": true, "shortName": "Food Court"}], "verified": false, "contact": {}, "allowMenuUrlEdit": true, "stats": {"tipCount": 18, "usersCount": 1227, "checkinsCount": 3045}, "id": "4ba31924f964a520b12b38e3", "name": "805 Hougang Coffeeshop", "beenHere": {"lastCheckinExpiredAt": 0}}, "suffix": "/XXNYDOFBPACT53SHXDN5OBHJULPEG1ZDTS0FIM32EPLW4WRW.jpg", "visibility": "public"}, {"height": 537, "source": {"url": "https://foursquare.com/download/#/iphone", "name": "Foursquare for iOS"}, "tip": {"agreeCount": 0, "canonicalUrl": "https://foursquare.com/item/4d1b47f69aa5548168cfcce0", "todo": {"count": 0}, "logView": true, "disagreeCount": 0, "createdAt": 1293633526, "id": "4d1b47f69aa5548168cfcce0", "text": "Macdonalds at Nex damm good sia!! Give soo much veg (recommended for all veggie lovers!) :)", "likes": {"groups": [], "count": 0}, "like": false, "type": "user"}, "width": 720, "prefix": "https://igx.4sqi.net/img/general/", "createdAt": 1293633589, "id": "4d1b48358ddfa34063c5f54f", "venue": {"url": "http://www.mcdonalds.com.sg", "like": false, "location": {"formattedAddress": ["#B2-05/06/07/08 nex (23 Serangoon Central)", "556083", "Singapore"], "city": "Singapore", "lng": 103.8726807, "cc": "SG", "country": "Singapore", "crossStreet": "23 Serangoon Central", "lat": 1.35115, "address": "#B2-05/06/07/08 nex", "labeledLatLngs": [{"label": "display", "lat": 1.35115, "lng": 103.8726807}], "postalCode": "556083"}, "categories": [{"icon": {"prefix": "https://ss3.4sqi.net/img/categories_v2/food/burger_", "suffix": ".png"}, "name": "Burger Joint", "id": "4bf58dd8d48988d16c941735", "pluralName": "Burger Joints", "primary": true, "shortName": "Burgers"}], "verified": false, "contact": {"formattedPhone": "+65 6634 4921", "phone": "+6566344921"}, "allowMenuUrlEdit": true, "stats": {"tipCount": 18, "usersCount": 3424, "checkinsCount": 7187}, "id": "4cebd72c0f196dcb1d165aae", "name": "McDonald's", "beenHere": {"lastCheckinExpiredAt": 0}}, "suffix": "/WQL0HWZRHWTX3KBCLRODU1O1HKF3XHUI2G3ZUYXUK50FGERE.jpg", "visibility": "public"}], "count": 2}, "totalCount": 2}}