{"response": {"photos": {"items": [{"id": "4f6ec58ae4b0a235d7ed544b", "createdAt": 1332659594, "tip": {"id": "4f6ec586e4b03b575d789957", "createdAt": 1332659590, "like": false, "todo": {"count": 0}, "text": "Goyza like wanton noodles wanton super soft. Not like Goyza", "logView": true, "disagreeCount": 0, "canonicalUrl": "https://foursquare.com/item/4f6ec586e4b03b575d789957", "type": "user", "likes": {"count": 0, "groups": []}, "agreeCount": 0}, "height": 537, "visibility": "public", "source": {"url": "https://foursquare.com/download/#/iphone", "name": "Foursquare for iOS"}, "prefix": "https://igx.4sqi.net/img/general/", "venue": {"id": "4bd7f08e35aad13abbdd8ff3", "like": false, "stats": {"checkinsCount": 750, "tipCount": 8, "usersCount": 566}, "beenHere": {"lastCheckinExpiredAt": 0}, "categories": [{"id": "4bf58dd8d48988d1d1941735", "primary": true, "icon": {"prefix": "https://ss3.4sqi.net/img/categories_v2/food/ramen_", "suffix": ".png"}, "pluralName": "Noodle Houses", "shortName": "Noodles", "name": "Noodle House"}], "verified": false, "allowMenuUrlEdit": true, "location": {"crossStreet": "604 Sembawang Rd", "labeledLatLngs": [{"lng": 103.82470826290239, "label": "display", "lat": 1.4416591951382605}], "lat": 1.4416591951382605, "postalCode": "758459", "city": "Singapore", "formattedAddress": ["#03-10/11 Sembawang Shopping Center (604 Sembawang Rd)", "758459", "Singapore"], "lng": 103.82470826290239, "address": "#03-10/11 Sembawang Shopping Center", "country": "Singapore", "cc": "SG"}, "contact": {"formattedPhone": "+65 6484 2600", "phone": "+6564842600"}, "name": "Ajisen Ramen"}, "width": 720, "suffix": "/Eq8LOrEQf0p0dsoSUS26xct7hBtvYTLJY_3SQimKtWk.jpg"}, {"id": "4f6d5ff5e4b0e20e14af1e28", "createdAt": 1332568053, "height": 720, "visibility": "public", "source": {"url": "https://foursquare.com/download/#/iphone", "name": "Foursquare for iOS"}, "prefix": "https://igx.4sqi.net/img/general/", "venue": {"id": "4bd531886798ef3b2912638d", "like": false, "stats": {"checkinsCount": 141534, "tipCount": 273, "usersCount": 32541}, "url": "http://www.causewaypoint.com.sg", "beenHere": {"lastCheckinExpiredAt": 0}, "categories": [{"id": "4bf58dd8d48988d1fd941735", "primary": true, "icon": {"prefix": "https://ss3.4sqi.net/img/categories_v2/shops/mall_", "suffix": ".png"}, "pluralName": "Shopping Malls", "shortName": "Mall", "name": "Shopping Mall"}], "verified": false, "location": {"crossStreet": "next to Woodlands MRT", "lat": 1.4362143932704792, "postalCode": "738099", "city": "Singapore", "formattedAddress": ["1 Woodlands Sq (next to Woodlands MRT)", "738099", "Singapore"], "lng": 103.78643664308353, "address": "1 Woodlands Sq", "country": "Singapore", "cc": "SG"}, "contact": {"formattedPhone": "+65 6894 2237", "phone": "+6568942237"}, "name": "Causeway Point"}, "width": 537, "suffix": "/VrhyD1VYchUGbkLtwyQVEvyVacER3ahpenEQgnECAWk.jpg"}, {"id": "4f6a7b9ce4b01b218e7d6017", "createdAt": 1332378524, "height": 720, "visibility": "public", "source": {"url": "https://foursquare.com/download/#/iphone", "name": "Foursquare for iOS"}, "prefix": "https://igx.4sqi.net/img/general/", "venue": {"id": "4ed5ac9430f813e77a1ff652", "like": false, "stats": {"checkinsCount": 1599, "tipCount": 2, "usersCount": 57}, "beenHere": {"lastCheckinExpiredAt": 0}, "categories": [{"id": "4bf58dd8d48988d124941735", "primary": true, "icon": {"prefix": "https://ss3.4sqi.net/img/categories_v2/building/default_", "suffix": ".png"}, "pluralName": "Offices", "shortName": "Office", "name": "Office"}], "verified": false, "location": {"address": "40 Senoko Rd", "lat": 1.4664473056256384, "country": "Singapore", "lng": 103.80434292484574, "labeledLatLngs": [{"lng": 103.80434292484574, "label": "display", "lat": 1.4664473056256384}], "formattedAddress": ["40 Senoko Rd", "Singapore"], "cc": "SG"}, "contact": {}, "venueRatingBlacklisted": true, "name": "Scania Singapore Pte Ltd"}, "width": 537, "suffix": "/RKI1luc0es7ZXfo-sR9mSclllprJeWUKyLB3pPteRtI.jpg"}, {"id": "4f4a1b4fe4b0ef284779be43", "createdAt": 1330256719, "height": 537, "visibility": "public", "source": {"url": "https://foursquare.com/download/#/iphone", "name": "Foursquare for iOS"}, "prefix": "https://igx.4sqi.net/img/general/", "venue": {"id": "4b875431f964a520acbb31e3", "like": false, "stats": {"checkinsCount": 3981, "tipCount": 13, "usersCount": 3192}, "beenHere": {"lastCheckinExpiredAt": 0}, "categories": [{"id": "4bf58dd8d48988d16e941735", "primary": true, "icon": {"prefix": "https://ss3.4sqi.net/img/categories_v2/food/fastfood_", "suffix": ".png"}, "pluralName": "Fast Food Restaurants", "shortName": "Fast Food", "name": "Fast Food Restaurant"}], "verified": false, "allowMenuUrlEdit": true, "location": {"crossStreet": "Bugis Village", "labeledLatLngs": [{"lng": 103.85549980942073, "label": "display", "lat": 1.300225435295872}], "lat": 1.300225435295872, "postalCode": "188030", "city": "Singapore", "formattedAddress": ["241 Victoria St (Bugis Village)", "188030", "Singapore"], "lng": 103.85549980942073, "address": "241 Victoria St", "country": "Singapore", "cc": "SG"}, "contact": {"formattedPhone": "+65 6334 7125", "phone": "+6563347125"}, "name": "Burger King"}, "width": 720, "suffix": "/ruO3UOavJxEY48kIu3Aoz8f8xzadix279GI01mZtfFY.jpg"}, {"id": "4d97c01a87f12da1d5ad1ac5", "createdAt": 1301790746, "height": 537, "visibility": "public", "source": {"url": "https://foursquare.com/download/#/iphone", "name": "Foursquare for iOS"}, "prefix": "https://igx.4sqi.net/img/general/", "venue": {"id": "4bee3ec5e24d20a1d8c17214", "like": false, "stats": {"checkinsCount": 38, "tipCount": 1, "usersCount": 14}, "beenHere": {"lastCheckinExpiredAt": 0}, "categories": [{"id": "4bf58dd8d48988d1fc941735", "primary": true, "icon": {"prefix": "https://ss3.4sqi.net/img/categories_v2/shops/laundry_", "suffix": ".png"}, "pluralName": "Laundry Services", "shortName": "Laundry", "name": "Laundry Service"}], "verified": false, "allowMenuUrlEdit": true, "location": {"address": "124 Lor 1 Toa Payoh", "lat": 1.3384190360764394, "postalCode": "310124", "country": "Singapore", "lng": 103.84472565363724, "labeledLatLngs": [{"lng": 103.84472565363724, "label": "display", "lat": 1.3384190360764394}], "formattedAddress": ["124 Lor 1 Toa Payoh", "310124", "Singapore"], "cc": "SG"}, "contact": {"formattedPhone": "+65 6353 3741", "phone": "+6563533741"}, "name": "Best Laundry and Dry Cleaning"}, "width": 720, "suffix": "/FSYWPZ3ZIIZCQRA1YGVHDEZVXNXP2O5EPLS4FSYI4LBUT4KM.jpg"}, {"id": "4d907e099bb328fd48d69c54", "createdAt": 1301315081, "height": 537, "visibility": "public", "source": {"url": "https://foursquare.com/download/#/iphone", "name": "Foursquare for iOS"}, "prefix": "https://igx.4sqi.net/img/general/", "venue": {"id": "4d81ea2a6282721e9691e74d", "like": false, "stats": {"checkinsCount": 144, "tipCount": 0, "usersCount": 18}, "beenHere": {"lastCheckinExpiredAt": 0}, "categories": [{"id": "4bf58dd8d48988d1fc941735", "primary": true, "icon": {"prefix": "https://ss3.4sqi.net/img/categories_v2/shops/laundry_", "suffix": ".png"}, "pluralName": "Laundry Services", "shortName": "Laundry", "name": "Laundry Service"}], "verified": false, "allowMenuUrlEdit": true, "location": {"address": "Blk 159, Bukit Batok St.11", "lat": 1.3499766146092438, "postalCode": "650159", "city": "Singapore", "formattedAddress": ["Blk 159, Bukit Batok St.11", "650159", "Singapore"], "lng": 103.74391594170142, "labeledLatLngs": [{"lng": 103.74391594170142, "label": "display", "lat": 1.3499766146092438}], "country": "Singapore", "cc": "SG"}, "contact": {"formattedPhone": "+65 6896 1383", "phone": "+6568961383"}, "name": "Best Laundry & Dry Cleaning"}, "width": 720, "suffix": "/EKX5Z0WL445P1P0NVA0LDGDZEIHFLF2R1UIL01CIWRNIEM4J.jpg"}, {"id": "4d8e8b9d31732da1da40de35", "createdAt": 1301187485, "height": 537, "visibility": "public", "source": {"url": "https://foursquare.com/download/#/iphone", "name": "Foursquare for iOS"}, "prefix": "https://igx.4sqi.net/img/general/", "venue": {"id": "4bee3ec5e24d20a1d8c17214", "like": false, "stats": {"checkinsCount": 38, "tipCount": 1, "usersCount": 14}, "beenHere": {"lastCheckinExpiredAt": 0}, "categories": [{"id": "4bf58dd8d48988d1fc941735", "primary": true, "icon": {"prefix": "https://ss3.4sqi.net/img/categories_v2/shops/laundry_", "suffix": ".png"}, "pluralName": "Laundry Services", "shortName": "Laundry", "name": "Laundry Service"}], "verified": false, "allowMenuUrlEdit": true, "location": {"address": "124 Lor 1 Toa Payoh", "lat": 1.3384190360764394, "postalCode": "310124", "country": "Singapore", "lng": 103.84472565363724, "labeledLatLngs": [{"lng": 103.84472565363724, "label": "display", "lat": 1.3384190360764394}], "formattedAddress": ["124 Lor 1 Toa Payoh", "310124", "Singapore"], "cc": "SG"}, "contact": {"formattedPhone": "+65 6353 3741", "phone": "+6563533741"}, "name": "Best Laundry and Dry Cleaning"}, "width": 720, "suffix": "/WEM0EOGHFIPXIRWOY13DZ0T1SPWUNT5EJJJ1O3H0B54AX4ZZ.jpg"}, {"id": "4d8deccb31732da16402de35", "createdAt": 1301146827, "height": 537, "visibility": "public", "source": {"url": "https://foursquare.com/download/#/iphone", "name": "Foursquare for iOS"}, "prefix": "https://igx.4sqi.net/img/general/", "venue": {"id": "4cdd032bd549548190ef44b2", "like": false, "stats": {"checkinsCount": 33389, "tipCount": 104, "usersCount": 12978}, "url": "http://www.shaw.sg", "beenHere": {"lastCheckinExpiredAt": 0}, "categories": [{"id": "4bf58dd8d48988d180941735", "primary": true, "icon": {"prefix": "https://ss3.4sqi.net/img/categories_v2/arts_entertainment/movietheater_", "suffix": ".png"}, "pluralName": "Multiplexes", "shortName": "Cineplex", "name": "Multiplex"}], "verified": false, "allowMenuUrlEdit": true, "location": {"crossStreet": "23 Serangoon Central", "lat": 1.3505849368176421, "postalCode": "556083", "city": "Singapore", "formattedAddress": ["#04-64 nex (23 Serangoon Central)", "556083", "Singapore"], "lng": 103.87197691579335, "address": "#04-64 nex", "country": "Singapore", "cc": "SG"}, "contact": {"twitter": "shawsg"}, "name": "Shaw Theatres"}, "width": 720, "suffix": "/Z3FHX5J2IQQLZ0SZHHRU04ZZ2U5CMXSEFONHUK2VZCOU2EGJ.jpg"}, {"id": "4d8c81849bb328fd28869b54", "createdAt": 1301053828, "height": 537, "visibility": "public", "source": {"url": "https://foursquare.com/download/#/iphone", "name": "Foursquare for iOS"}, "prefix": "https://igx.4sqi.net/img/general/", "venue": {"id": "4d81ea2a6282721e9691e74d", "like": false, "stats": {"checkinsCount": 144, "tipCount": 0, "usersCount": 18}, "beenHere": {"lastCheckinExpiredAt": 0}, "categories": [{"id": "4bf58dd8d48988d1fc941735", "primary": true, "icon": {"prefix": "https://ss3.4sqi.net/img/categories_v2/shops/laundry_", "suffix": ".png"}, "pluralName": "Laundry Services", "shortName": "Laundry", "name": "Laundry Service"}], "verified": false, "allowMenuUrlEdit": true, "location": {"address": "Blk 159, Bukit Batok St.11", "lat": 1.3499766146092438, "postalCode": "650159", "city": "Singapore", "formattedAddress": ["Blk 159, Bukit Batok St.11", "650159", "Singapore"], "lng": 103.74391594170142, "labeledLatLngs": [{"lng": 103.74391594170142, "label": "display", "lat": 1.3499766146092438}], "country": "Singapore", "cc": "SG"}, "contact": {"formattedPhone": "+65 6896 1383", "phone": "+6568961383"}, "name": "Best Laundry & Dry Cleaning"}, "width": 720, "suffix": "/AP32AU24KVI4E5XJZH3JFPGMAOX5SSRPR2QIKFPFVEPRW4GT.jpg"}, {"id": "4d834449c937a340143f96f2", "createdAt": 1300448329, "height": 537, "visibility": "public", "source": {"url": "https://foursquare.com/download/#/iphone", "name": "Foursquare for iOS"}, "prefix": "https://igx.4sqi.net/img/general/", "venue": {"id": "4d81ea2a6282721e9691e74d", "like": false, "stats": {"checkinsCount": 144, "tipCount": 0, "usersCount": 18}, "beenHere": {"lastCheckinExpiredAt": 0}, "categories": [{"id": "4bf58dd8d48988d1fc941735", "primary": true, "icon": {"prefix": "https://ss3.4sqi.net/img/categories_v2/shops/laundry_", "suffix": ".png"}, "pluralName": "Laundry Services", "shortName": "Laundry", "name": "Laundry Service"}], "verified": false, "allowMenuUrlEdit": true, "location": {"address": "Blk 159, Bukit Batok St.11", "lat": 1.3499766146092438, "postalCode": "650159", "city": "Singapore", "formattedAddress": ["Blk 159, Bukit Batok St.11", "650159", "Singapore"], "lng": 103.74391594170142, "labeledLatLngs": [{"lng": 103.74391594170142, "label": "display", "lat": 1.3499766146092438}], "country": "Singapore", "cc": "SG"}, "contact": {"formattedPhone": "+65 6896 1383", "phone": "+6568961383"}, "name": "Best Laundry & Dry Cleaning"}, "width": 720, "suffix": "/10EFYIVKPEDETR00JHTS0ZLP3L2JKWDG5CED1OL42IVRSWPW.jpg"}], "count": 10}, "totalCount": 10}, "meta": {"code": 200, "requestId": "595a7ddf9fb6b77bc7733957"}, "notifications": [{"item": {"unreadCount": 0}, "type": "notificationTray"}]}