{"meta": {"code": 200, "requestId": "595af5cf1ed21919fb36b4db"}, "notifications": [{"item": {"unreadCount": 0}, "type": "notificationTray"}], "response": {"photos": {"items": [{"height": 960, "source": {"url": "https://www.swarmapp.com", "name": "Swarm for Android"}, "width": 540, "prefix": "https://igx.4sqi.net/img/general/", "createdAt": 1450599874, "id": "567665c2498e4c310c5119f4", "venue": {"like": false, "location": {"formattedAddress": ["32 Upper Cross Street", "058339", "Singapore"], "city": "Singapore", "lng": 103.8451337814331, "cc": "SG", "country": "Singapore", "neighborhood": "Chinatown", "lat": 1.283951811926372, "address": "32 Upper Cross Street", "labeledLatLngs": [{"label": "display", "lat": 1.283951811926372, "lng": 103.8451337814331}], "postalCode": "058339"}, "categories": [{"icon": {"prefix": "https://ss3.4sqi.net/img/categories_v2/food/ramen_", "suffix": ".png"}, "name": "Noodle House", "id": "4bf58dd8d48988d1d1941735", "pluralName": "Noodle Houses", "primary": true, "shortName": "Noodles"}], "verified": false, "contact": {}, "allowMenuUrlEdit": true, "stats": {"tipCount": 19, "usersCount": 952, "checkinsCount": 1855}, "id": "4cf224fd7bf3b60cc833647f", "name": "Chiew Kee Chicken Noodle House \u948a\u8bb0\u6cb9\u9e21\u9762\u5bb6", "beenHere": {"lastCheckinExpiredAt": 0}}, "suffix": "/3961056_2rH4ECB1aRNrd5hi1BZeiW9VKJB-nsX9Pk1SUyJbqBE.jpg", "visibility": "public"}, {"height": 960, "source": {"url": "https://foursquare.com/download/#/android", "name": "Foursquare for Android"}, "width": 540, "prefix": "https://igx.4sqi.net/img/general/", "createdAt": 1403686723, "id": "53aa8f43498eefffe9ea053a", "venue": {"venueRatingBlacklisted": true, "like": false, "location": {"city": "Singapore", "isFuzzed": true, "cc": "SG", "country": "Singapore", "lat": 1.388060167640781, "lng": 103.74629482147093, "formattedAddress": ["Singapore"]}, "categories": [{"icon": {"prefix": "https://ss3.4sqi.net/img/categories_v2/building/home_", "suffix": ".png"}, "name": "Home (private)", "id": "4bf58dd8d48988d103941735", "pluralName": "Homes (private)", "primary": true, "shortName": "Home"}], "verified": false, "contact": {}, "beenHere": {"lastCheckinExpiredAt": 0}, "stats": {"tipCount": 0, "usersCount": 28, "checkinsCount": 647}, "id": "4d60e14e9f67f04d284e7efb", "name": "Mi Casa"}, "suffix": "/3961056_Zk115mdCXerZ9FHWr_j9gDs2wApmYBmlz-CQF1GI91I.jpg", "visibility": "public"}, {"height": 960, "source": {"url": "https://foursquare.com/download/#/android", "name": "Foursquare for Android"}, "width": 720, "prefix": "https://igx.4sqi.net/img/general/", "createdAt": 1380622563, "id": "524aa0e311d2557bd5316f75", "venue": {"location": {"formattedAddress": ["510 Ang Mo Kio Ave 1 (Carpark along Sin Ming Ave, opposite Blk 408,)", "569983", "Singapore"], "city": "Singapore", "lng": 103.83589408767251, "cc": "SG", "country": "Singapore", "crossStreet": "Carpark along Sin Ming Ave, opposite Blk 408,", "lat": 1.3649925059206003, "address": "510 Ang Mo Kio Ave 1", "labeledLatLngs": [{"label": "display", "lat": 1.3649925059206003, "lng": 103.83589408767251}], "postalCode": "569983"}, "contact": {"formattedPhone": "+65 6459 5743", "phone": "+6564595743", "facebookName": "GRUB", "facebookUsername": "grub.com.sg", "facebook": "288789821232494"}, "verified": true, "allowMenuUrlEdit": true, "stats": {"tipCount": 96, "usersCount": 2350, "checkinsCount": 3424}, "id": "517123d1e4b0be89a1831c64", "storeId": "", "url": "http://www.grub.com.sg", "like": false, "categories": [{"icon": {"prefix": "https://ss3.4sqi.net/img/categories_v2/food/cafe_", "suffix": ".png"}, "name": "Caf\u00e9", "id": "4bf58dd8d48988d16d941735", "pluralName": "Caf\u00e9s", "primary": true, "shortName": "Caf\u00e9"}], "beenHere": {"lastCheckinExpiredAt": 0}, "name": "GRUB", "venuePage": {"id": "55449604"}}, "suffix": "/3961056_s5OZwhiijAtrs9JOm6oHKmOpDwc0Uf5WHRKjOEygqgA.jpg", "visibility": "public"}, {"height": 720, "source": {"url": "https://foursquare.com/download/#/android", "name": "Foursquare for Android"}, "width": 540, "prefix": "https://igx.4sqi.net/img/general/", "createdAt": 1344678686, "id": "50262b1ee4b0235587311d0f", "venue": {"closed": true, "like": false, "location": {"formattedAddress": ["#01-02/04, Esplanade Mall (8 Raffles Ave)", "039802", "Singapore"], "city": "Singapore", "lng": 103.8563094625554, "cc": "SG", "country": "Singapore", "lat": 1.2901693274658954, "address": "#01-02/04, Esplanade Mall", "crossStreet": "8 Raffles Ave", "postalCode": "039802"}, "categories": [{"icon": {"prefix": "https://ss3.4sqi.net/img/categories_v2/food/tearoom_", "suffix": ".png"}, "name": "Tea Room", "id": "4bf58dd8d48988d1dc931735", "pluralName": "Tea Rooms", "primary": true, "shortName": "Tea Room"}], "verified": false, "contact": {"formattedPhone": "+65 6333 1965", "phone": "+6563331965"}, "allowMenuUrlEdit": true, "stats": {"tipCount": 18, "usersCount": 442, "checkinsCount": 597}, "id": "4badba2df964a5208a653be3", "name": "The Cookie Museum", "beenHere": {"lastCheckinExpiredAt": 0}}, "suffix": "/ndZrNi0zJhSDqp8Z5aoiUUopdAJKAI9VyqNKAHJUM6E.jpg", "visibility": "public"}, {"height": 720, "source": {"url": "https://foursquare.com/download/#/android", "name": "Foursquare for Android"}, "width": 540, "prefix": "https://igx.4sqi.net/img/general/", "createdAt": 1340166306, "id": "4fe150a2e4b060438935d60e", "venue": {"like": false, "location": {"city": "Yangon", "state": "Yangon Region", "cc": "MM", "country": "\u1019\u103c\u1014\u103a\u1019\u102c", "lat": 16.815816, "lng": 96.150064, "labeledLatLngs": [{"label": "display", "lat": 16.815816, "lng": 96.150064}], "formattedAddress": ["Yangon, Yangon Region", "\u1019\u103c\u1014\u103a\u1019\u102c"]}, "categories": [{"icon": {"prefix": "https://ss3.4sqi.net/img/categories_v2/food/french_", "suffix": ".png"}, "name": "French Restaurant", "id": "4bf58dd8d48988d10c941735", "pluralName": "French Restaurants", "primary": true, "shortName": "French"}], "verified": false, "contact": {"formattedPhone": "534513", "phone": "534513"}, "allowMenuUrlEdit": true, "stats": {"tipCount": 2, "usersCount": 27, "checkinsCount": 36}, "id": "4e65bc9bb0fb188e8f17fee8", "name": "Alamanda Inn", "beenHere": {"lastCheckinExpiredAt": 0}}, "suffix": "/Cm__-c8XrZJXipbhgP4c991jrPY2C5NGpzkUyRtYa2c.jpg", "visibility": "public"}, {"height": 720, "source": {"url": "https://foursquare.com/download/#/android", "name": "Foursquare for Android"}, "width": 540, "prefix": "https://igx.4sqi.net/img/general/", "createdAt": 1332301260, "id": "4f694dcce4b08bde16d5e49e", "venue": {"like": false, "location": {"cc": "SG", "country": "Singapore", "lat": 1.3230143162127732, "lng": 103.85521105317498, "labeledLatLngs": [{"label": "display", "lat": 1.3230143162127732, "lng": 103.85521105317498}], "formattedAddress": ["Singapore"]}, "categories": [{"icon": {"prefix": "https://ss3.4sqi.net/img/categories_v2/food/asian_", "suffix": ".png"}, "name": "Asian Restaurant", "id": "4bf58dd8d48988d142941735", "pluralName": "Asian Restaurants", "primary": true, "shortName": "Asian"}], "verified": false, "contact": {}, "allowMenuUrlEdit": true, "stats": {"tipCount": 0, "usersCount": 4, "checkinsCount": 11}, "id": "4f694da3e4b0fa6f4ce136cd", "name": "Eastern Chicken Rice", "beenHere": {"lastCheckinExpiredAt": 0}}, "suffix": "/ZWHjtW7DTZDN0bhfXnZDoK7ElgfXpWwzdfRr8QI5tRU.jpg", "visibility": "public"}, {"height": 540, "source": {"url": "https://foursquare.com/download/#/android", "name": "Foursquare for Android"}, "width": 720, "prefix": "https://igx.4sqi.net/img/general/", "createdAt": 1331460247, "id": "4f5c7897e4b07bddef356317", "venue": {"url": "http://www.realfoodgrocer.com/killiney.html", "like": false, "location": {"formattedAddress": ["110 Killiney Road", "239549", "Singapore"], "city": "Singapore", "lng": 103.8384699017153, "cc": "SG", "country": "Singapore", "neighborhood": "River Valley", "lat": 1.298170513808544, "address": "110 Killiney Road", "labeledLatLngs": [{"label": "display", "lat": 1.298170513808544, "lng": 103.8384699017153}], "postalCode": "239549"}, "categories": [{"icon": {"prefix": "https://ss3.4sqi.net/img/categories_v2/food/vegetarian_", "suffix": ".png"}, "name": "Vegetarian / Vegan Restaurant", "id": "4bf58dd8d48988d1d3941735", "pluralName": "Vegetarian / Vegan Restaurants", "primary": true, "shortName": "Vegetarian / Vegan"}], "verified": false, "contact": {"formattedPhone": "+65 6737 9516", "phone": "+6567379516", "facebookName": "Real Food . cafe . grocer . books", "facebook": "157013014339616"}, "allowMenuUrlEdit": true, "stats": {"tipCount": 52, "usersCount": 790, "checkinsCount": 1458}, "id": "4f5b3abbe4b09a78bf2c9c43", "name": "Real Food", "beenHere": {"lastCheckinExpiredAt": 0}}, "suffix": "/WrgL0NNpTqzhE6PqLJp-088wWw4XzBrBhgAd2kkN0mg.jpg", "visibility": "public"}, {"height": 720, "source": {"url": "https://foursquare.com/download/#/android", "name": "Foursquare for Android"}, "width": 537, "prefix": "https://igx.4sqi.net/img/general/", "createdAt": 1331383950, "id": "4f5b4e8ee4b070e046c0f024", "venue": {"url": "http://www.realfoodgrocer.com/killiney.html", "like": false, "location": {"formattedAddress": ["110 Killiney Road", "239549", "Singapore"], "city": "Singapore", "lng": 103.8384699017153, "cc": "SG", "country": "Singapore", "neighborhood": "River Valley", "lat": 1.298170513808544, "address": "110 Killiney Road", "labeledLatLngs": [{"label": "display", "lat": 1.298170513808544, "lng": 103.8384699017153}], "postalCode": "239549"}, "categories": [{"icon": {"prefix": "https://ss3.4sqi.net/img/categories_v2/food/vegetarian_", "suffix": ".png"}, "name": "Vegetarian / Vegan Restaurant", "id": "4bf58dd8d48988d1d3941735", "pluralName": "Vegetarian / Vegan Restaurants", "primary": true, "shortName": "Vegetarian / Vegan"}], "verified": false, "contact": {"formattedPhone": "+65 6737 9516", "phone": "+6567379516", "facebookName": "Real Food . cafe . grocer . books", "facebook": "157013014339616"}, "allowMenuUrlEdit": true, "stats": {"tipCount": 52, "usersCount": 790, "checkinsCount": 1458}, "id": "4f5b3abbe4b09a78bf2c9c43", "name": "Real Food", "beenHere": {"lastCheckinExpiredAt": 0}}, "suffix": "/Zx9cXfkM7otOyrKpHJw12SjiJnrjIaIRrNqHeMdpuhs.jpg", "visibility": "public"}, {"height": 540, "source": {"url": "https://foursquare.com/download/#/android", "name": "Foursquare for Android"}, "width": 720, "prefix": "https://igx.4sqi.net/img/general/", "createdAt": 1331383765, "id": "4f5b4dd5e4b04fe10da83bb8", "venue": {"url": "http://www.realfoodgrocer.com/killiney.html", "like": false, "location": {"formattedAddress": ["110 Killiney Road", "239549", "Singapore"], "city": "Singapore", "lng": 103.8384699017153, "cc": "SG", "country": "Singapore", "neighborhood": "River Valley", "lat": 1.298170513808544, "address": "110 Killiney Road", "labeledLatLngs": [{"label": "display", "lat": 1.298170513808544, "lng": 103.8384699017153}], "postalCode": "239549"}, "categories": [{"icon": {"prefix": "https://ss3.4sqi.net/img/categories_v2/food/vegetarian_", "suffix": ".png"}, "name": "Vegetarian / Vegan Restaurant", "id": "4bf58dd8d48988d1d3941735", "pluralName": "Vegetarian / Vegan Restaurants", "primary": true, "shortName": "Vegetarian / Vegan"}], "verified": false, "contact": {"formattedPhone": "+65 6737 9516", "phone": "+6567379516", "facebookName": "Real Food . cafe . grocer . books", "facebook": "157013014339616"}, "allowMenuUrlEdit": true, "stats": {"tipCount": 52, "usersCount": 790, "checkinsCount": 1458}, "id": "4f5b3abbe4b09a78bf2c9c43", "name": "Real Food", "beenHere": {"lastCheckinExpiredAt": 0}}, "suffix": "/d__bdqHy23ir2XVwKwSu5mv05pIJBSNvQwRUuJv0Iqs.jpg", "visibility": "public"}, {"height": 720, "source": {"url": "https://foursquare.com/download/#/android", "name": "Foursquare for Android"}, "width": 540, "prefix": "https://igx.4sqi.net/img/general/", "createdAt": 1331378910, "id": "4f5b3adee4b0c4b6888d4b52", "venue": {"url": "http://www.realfoodgrocer.com/killiney.html", "like": false, "location": {"formattedAddress": ["110 Killiney Road", "239549", "Singapore"], "city": "Singapore", "lng": 103.8384699017153, "cc": "SG", "country": "Singapore", "neighborhood": "River Valley", "lat": 1.298170513808544, "address": "110 Killiney Road", "labeledLatLngs": [{"label": "display", "lat": 1.298170513808544, "lng": 103.8384699017153}], "postalCode": "239549"}, "categories": [{"icon": {"prefix": "https://ss3.4sqi.net/img/categories_v2/food/vegetarian_", "suffix": ".png"}, "name": "Vegetarian / Vegan Restaurant", "id": "4bf58dd8d48988d1d3941735", "pluralName": "Vegetarian / Vegan Restaurants", "primary": true, "shortName": "Vegetarian / Vegan"}], "verified": false, "contact": {"formattedPhone": "+65 6737 9516", "phone": "+6567379516", "facebookName": "Real Food . cafe . grocer . books", "facebook": "157013014339616"}, "allowMenuUrlEdit": true, "stats": {"tipCount": 52, "usersCount": 790, "checkinsCount": 1458}, "id": "4f5b3abbe4b09a78bf2c9c43", "name": "Real Food", "beenHere": {"lastCheckinExpiredAt": 0}}, "suffix": "/AV8rsCen2jENJ65D4lN3jXCMBiW4tYlbfU4qccfYpkU.jpg", "visibility": "public"}, {"height": 540, "source": {"url": "https://foursquare.com/download/#/android", "name": "Foursquare for Android"}, "width": 720, "prefix": "https://igx.4sqi.net/img/general/", "createdAt": 1328350961, "id": "4f2d06f1e4b059914e96349f", "venue": {"like": false, "location": {"city": "Sydney", "state": "NSW", "cc": "AU", "country": "Australia", "lat": -33.92422391246043, "lng": 151.2340743913282, "labeledLatLngs": [{"label": "display", "lat": -33.92422391246043, "lng": 151.2340743913282}], "formattedAddress": ["Sydney NSW", "Australia"]}, "categories": [{"icon": {"prefix": "https://ss3.4sqi.net/img/categories_v2/travel/resort_", "suffix": ".png"}, "name": "Resort", "id": "4bf58dd8d48988d12f951735", "pluralName": "Resorts", "primary": true, "shortName": "Resort"}], "verified": false, "contact": {}, "allowMenuUrlEdit": true, "stats": {"tipCount": 0, "usersCount": 8, "checkinsCount": 315}, "id": "4de1f3402271bfb84490a753", "name": "The C & C Mansion", "beenHere": {"lastCheckinExpiredAt": 0}}, "suffix": "/uj9Yx9gSqSajv0FkPV0llS-x5JKspSLHwihynpueLZo.jpg", "visibility": "public"}, {"height": 540, "source": {"url": "https://foursquare.com/download/#/android", "name": "Foursquare for Android"}, "width": 720, "prefix": "https://igx.4sqi.net/img/general/", "createdAt": 1324532740, "id": "4ef2c404f7905f06f09b1bd1", "venue": {"like": false, "location": {"cc": "AU", "country": "Australia", "lat": -33.877811, "lng": 151.20753754, "labeledLatLngs": [{"label": "display", "lat": -33.877811, "lng": 151.20753754}], "formattedAddress": ["Australia"]}, "categories": [{"icon": {"prefix": "https://ss3.4sqi.net/img/categories_v2/parks_outdoors/dogrun_", "suffix": ".png"}, "name": "Dog Run", "id": "4bf58dd8d48988d1e5941735", "pluralName": "Dog Runs", "primary": true, "shortName": "Dog Run"}], "verified": false, "contact": {}, "beenHere": {"lastCheckinExpiredAt": 0}, "stats": {"tipCount": 0, "usersCount": 5, "checkinsCount": 33}, "id": "4ea519d5f5b9efc002869b20", "name": "Orion's Belt"}, "suffix": "/TLMHNOEEEO1CLDUUR2D50PV1RCRAW5HPOVYIBUTEB3H4XHZX.jpg", "visibility": "public"}, {"height": 540, "source": {"url": "https://foursquare.com/download/#/android", "name": "Foursquare for Android"}, "tip": {"agreeCount": 0, "canonicalUrl": "https://foursquare.com/item/4e31206db61c03a1e7d8f6b0", "todo": {"count": 0}, "logView": true, "disagreeCount": 0, "createdAt": 1311842413, "id": "4e31206db61c03a1e7d8f6b0", "text": "Nice coffee & cakes!", "likes": {"groups": [{"items": [], "count": 1, "type": "others"}], "count": 1, "summary": "1 like"}, "like": false, "type": "user"}, "width": 720, "prefix": "https://igx.4sqi.net/img/general/", "createdAt": 1311842419, "id": "4e312073d4c0b2aebf6d58ce", "venue": {"like": false, "location": {"formattedAddress": ["Westfield Sydney (Pitt St. Mall)", "Sydney NSW 2000", "Australia"], "city": "Sydney", "lng": 151.20834231376648, "cc": "AU", "state": "NSW", "crossStreet": "Pitt St. Mall", "lat": -33.87059371384267, "address": "Westfield Sydney", "labeledLatLngs": [{"label": "display", "lat": -33.87059371384267, "lng": 151.20834231376648}], "postalCode": "2000", "country": "Australia"}, "categories": [{"icon": {"prefix": "https://ss3.4sqi.net/img/categories_v2/food/cafe_", "suffix": ".png"}, "name": "Caf\u00e9", "id": "4bf58dd8d48988d16d941735", "pluralName": "Caf\u00e9s", "primary": true, "shortName": "Caf\u00e9"}], "verified": false, "contact": {}, "allowMenuUrlEdit": true, "stats": {"tipCount": 11, "usersCount": 290, "checkinsCount": 811}, "id": "4d0465e90e49721ed10d717f", "name": "Three Beans Caf\u00e9", "beenHere": {"lastCheckinExpiredAt": 0}}, "suffix": "/FQOJ42A4REOQP5GW3DEHOHW4Y1AUXGB2SOF422PMR2BQOQV4.jpg", "visibility": "public"}, {"height": 540, "source": {"url": "https://foursquare.com/download/#/android", "name": "Foursquare for Android"}, "width": 720, "prefix": "https://igx.4sqi.net/img/general/", "createdAt": 1311842323, "id": "4e312013e4cde9495fcedfb1", "venue": {"like": false, "location": {"formattedAddress": ["Westfield Sydney (Pitt St. Mall)", "Sydney NSW 2000", "Australia"], "city": "Sydney", "lng": 151.20834231376648, "cc": "AU", "state": "NSW", "crossStreet": "Pitt St. Mall", "lat": -33.87059371384267, "address": "Westfield Sydney", "labeledLatLngs": [{"label": "display", "lat": -33.87059371384267, "lng": 151.20834231376648}], "postalCode": "2000", "country": "Australia"}, "categories": [{"icon": {"prefix": "https://ss3.4sqi.net/img/categories_v2/food/cafe_", "suffix": ".png"}, "name": "Caf\u00e9", "id": "4bf58dd8d48988d16d941735", "pluralName": "Caf\u00e9s", "primary": true, "shortName": "Caf\u00e9"}], "verified": false, "contact": {}, "allowMenuUrlEdit": true, "stats": {"tipCount": 11, "usersCount": 290, "checkinsCount": 811}, "id": "4d0465e90e49721ed10d717f", "name": "Three Beans Caf\u00e9", "beenHere": {"lastCheckinExpiredAt": 0}}, "suffix": "/FQOJ42A4REOQP5GW3DEHOHW4Y1AUXGB2SOF422PMR2BQOQV4.jpg", "visibility": "public"}, {"height": 540, "source": {"url": "https://foursquare.com/download/#/android", "name": "Foursquare for Android"}, "tip": {"agreeCount": 0, "canonicalUrl": "https://foursquare.com/item/4dd264347d8b4c6585ea2d04", "todo": {"count": 0}, "logView": true, "disagreeCount": 0, "createdAt": 1305633844, "id": "4dd264347d8b4c6585ea2d04", "text": "Penguin & Cat Cat are so cute. A must see!", "likes": {"groups": [{"items": [], "count": 2, "type": "others"}], "count": 2, "summary": "2 likes"}, "like": false, "type": "user"}, "width": 720, "prefix": "https://igx.4sqi.net/img/general/", "createdAt": 1305633852, "id": "4dd2643c40a320e02e2fabaf", "venue": {"like": false, "location": {"formattedAddress": ["Sydney NSW 2000", "Australia"], "city": "Sydney", "state": "NSW", "cc": "AU", "country": "Australia", "lat": -33.877269, "lng": 151.212014, "labeledLatLngs": [{"label": "display", "lat": -33.877269, "lng": 151.212014}], "postalCode": "2000"}, "categories": [{"icon": {"prefix": "https://ss3.4sqi.net/img/categories_v2/arts_entertainment/default_", "suffix": ".png"}, "name": "Exhibit", "id": "56aa371be4b08b9a8d573532", "pluralName": "Exhibits", "primary": true, "shortName": "Exhibit"}], "verified": false, "contact": {}, "beenHere": {"lastCheckinExpiredAt": 0}, "stats": {"tipCount": 1, "usersCount": 21, "checkinsCount": 65}, "id": "4dd262aad16465f3f9506856", "name": "Penguin & Cat Cat Penthouse"}, "suffix": "/SPOBL1T5MP5OCP33BHCCMGLPU3BI55TKMGC4E3XVYEX0XIIU.jpg", "visibility": "public"}], "count": 15}, "totalCount": 15}}