{"meta": {"code": 200, "requestId": "595ae7514434b96bfff681df"}, "notifications": [{"item": {"unreadCount": 0}, "type": "notificationTray"}], "response": {"photos": {"items": [{"height": 537, "source": {"url": "https://foursquare.com/download/#/iphone", "name": "Foursquare for iOS"}, "width": 720, "prefix": "https://igx.4sqi.net/img/general/", "createdAt": 1324927305, "id": "4ef8c9490e013b2127317675", "venue": {"venueRatingBlacklisted": true, "closed": true, "like": false, "location": {"city": "Singapore", "isFuzzed": true, "cc": "SG", "country": "Singapore", "lat": 1.359845396897247, "lng": 103.75788150296347, "formattedAddress": ["HillView Ave", "669604", "Singapore"]}, "categories": [{"icon": {"prefix": "https://ss3.4sqi.net/img/categories_v2/building/home_", "suffix": ".png"}, "name": "Home (private)", "id": "4bf58dd8d48988d103941735", "pluralName": "Homes (private)", "primary": true, "shortName": "Home"}], "verified": false, "contact": {}, "beenHere": {"lastCheckinExpiredAt": 0}, "stats": {"tipCount": 1, "usersCount": 4, "checkinsCount": 486}, "id": "4cc49c763d7fa1cd45feac5f", "name": "\u2661 My Cozy Room! \u2661"}, "suffix": "/XK5E1OEJZ2DAVYFZSN3IEJN0V0UO2XWVOCGE0JAXCKQQMJG2.jpg", "visibility": "public"}, {"height": 720, "source": {"url": "https://foursquare.com/download/#/iphone", "name": "Foursquare for iOS"}, "width": 537, "prefix": "https://igx.4sqi.net/img/general/", "createdAt": 1321546487, "id": "4ec532f79a522f580bbd6789", "venue": {"venueRatingBlacklisted": true, "closed": true, "like": false, "location": {"city": "Singapore", "isFuzzed": true, "cc": "SG", "country": "Singapore", "lat": 1.359845396897247, "lng": 103.75788150296347, "formattedAddress": ["HillView Ave", "669604", "Singapore"]}, "categories": [{"icon": {"prefix": "https://ss3.4sqi.net/img/categories_v2/building/home_", "suffix": ".png"}, "name": "Home (private)", "id": "4bf58dd8d48988d103941735", "pluralName": "Homes (private)", "primary": true, "shortName": "Home"}], "verified": false, "contact": {}, "beenHere": {"lastCheckinExpiredAt": 0}, "stats": {"tipCount": 1, "usersCount": 4, "checkinsCount": 486}, "id": "4cc49c763d7fa1cd45feac5f", "name": "\u2661 My Cozy Room! \u2661"}, "suffix": "/KYFAVJVXH03L3P2I5L2GOGAQ4MAT1EPL105TN1ZUBVZLXGB3.jpg", "visibility": "public"}, {"height": 537, "source": {"url": "https://foursquare.com/download/#/iphone", "name": "Foursquare for iOS"}, "width": 720, "prefix": "https://igx.4sqi.net/img/general/", "createdAt": 1321043167, "id": "4ebd84df8b81967ad1fbb1c4", "venue": {"venueRatingBlacklisted": true, "closed": true, "like": false, "location": {"city": "Singapore", "isFuzzed": true, "cc": "SG", "country": "Singapore", "lat": 1.359845396897247, "lng": 103.75788150296347, "formattedAddress": ["HillView Ave", "669604", "Singapore"]}, "categories": [{"icon": {"prefix": "https://ss3.4sqi.net/img/categories_v2/building/home_", "suffix": ".png"}, "name": "Home (private)", "id": "4bf58dd8d48988d103941735", "pluralName": "Homes (private)", "primary": true, "shortName": "Home"}], "verified": false, "contact": {}, "beenHere": {"lastCheckinExpiredAt": 0}, "stats": {"tipCount": 1, "usersCount": 4, "checkinsCount": 486}, "id": "4cc49c763d7fa1cd45feac5f", "name": "\u2661 My Cozy Room! \u2661"}, "suffix": "/0VACQJV21MG0WHPH3S4BV3FNYVL3PBFTEBQKI11AKTITPCPL.jpg", "visibility": "public"}, {"height": 720, "source": {"url": "https://foursquare.com/download/#/iphone", "name": "Foursquare for iOS"}, "width": 540, "prefix": "https://igx.4sqi.net/img/general/", "createdAt": 1319457511, "id": "4ea552e78231f6dc6b36cf1b", "venue": {"venueRatingBlacklisted": true, "closed": true, "like": false, "location": {"city": "Singapore", "isFuzzed": true, "cc": "SG", "country": "Singapore", "lat": 1.359845396897247, "lng": 103.75788150296347, "formattedAddress": ["HillView Ave", "669604", "Singapore"]}, "categories": [{"icon": {"prefix": "https://ss3.4sqi.net/img/categories_v2/building/home_", "suffix": ".png"}, "name": "Home (private)", "id": "4bf58dd8d48988d103941735", "pluralName": "Homes (private)", "primary": true, "shortName": "Home"}], "verified": false, "contact": {}, "beenHere": {"lastCheckinExpiredAt": 0}, "stats": {"tipCount": 1, "usersCount": 4, "checkinsCount": 486}, "id": "4cc49c763d7fa1cd45feac5f", "name": "\u2661 My Cozy Room! \u2661"}, "suffix": "/HQGZWGWQDGHUYNFSQLWM2XPDJC552BYQEJEDMQK45RG5NCBX.jpg", "visibility": "public"}, {"height": 540, "source": {"url": "https://foursquare.com/download/#/iphone", "name": "Foursquare for iOS"}, "width": 720, "prefix": "https://igx.4sqi.net/img/general/", "createdAt": 1310973775, "id": "4e23df4fb61cdcf1ecd6cf60", "venue": {"like": false, "location": {"country": "Singapore", "lng": 103.8468204042099, "cc": "SG", "state": "Singapore", "crossStreet": "Opposite intl plaza", "lat": 1.2759936453032252, "address": "8 Shenton Way #01-22", "labeledLatLngs": [{"label": "display", "lat": 1.2759936453032252, "lng": 103.8468204042099}], "formattedAddress": ["8 Shenton Way #01-22 (Opposite intl plaza)", "Singapore"]}, "categories": [{"icon": {"prefix": "https://ss3.4sqi.net/img/categories_v2/shops/food_wineshop_", "suffix": ".png"}, "name": "Wine Shop", "id": "4bf58dd8d48988d119951735", "pluralName": "Wine Shops", "primary": true, "shortName": "Wine Shop"}], "verified": false, "contact": {}, "allowMenuUrlEdit": true, "stats": {"tipCount": 5, "usersCount": 61, "checkinsCount": 250}, "id": "4c109e103ce120a12a5f081c", "name": "Le Rouge", "beenHere": {"lastCheckinExpiredAt": 0}}, "suffix": "/PNPQM0ZYOQOYT5O15IZJAT1F4WMXZJLUY4XRE5RT3HQMXIDD.jpg", "visibility": "public"}, {"height": 540, "source": {"url": "https://foursquare.com/download/#/iphone", "name": "Foursquare for iOS"}, "width": 720, "prefix": "https://igx.4sqi.net/img/general/", "createdAt": 1310973686, "id": "4e23def652b1f82ffbb6da05", "venue": {"like": false, "location": {"country": "Singapore", "lng": 103.8468204042099, "cc": "SG", "state": "Singapore", "crossStreet": "Opposite intl plaza", "lat": 1.2759936453032252, "address": "8 Shenton Way #01-22", "labeledLatLngs": [{"label": "display", "lat": 1.2759936453032252, "lng": 103.8468204042099}], "formattedAddress": ["8 Shenton Way #01-22 (Opposite intl plaza)", "Singapore"]}, "categories": [{"icon": {"prefix": "https://ss3.4sqi.net/img/categories_v2/shops/food_wineshop_", "suffix": ".png"}, "name": "Wine Shop", "id": "4bf58dd8d48988d119951735", "pluralName": "Wine Shops", "primary": true, "shortName": "Wine Shop"}], "verified": false, "contact": {}, "allowMenuUrlEdit": true, "stats": {"tipCount": 5, "usersCount": 61, "checkinsCount": 250}, "id": "4c109e103ce120a12a5f081c", "name": "Le Rouge", "beenHere": {"lastCheckinExpiredAt": 0}}, "suffix": "/HDYIMA135BMF5UP0D4M1NCB1CJMACC2XVKU3ULLPJ25PCUXR.jpg", "visibility": "public"}, {"height": 540, "source": {"url": "https://foursquare.com/download/#/iphone", "name": "Foursquare for iOS"}, "width": 720, "prefix": "https://igx.4sqi.net/img/general/", "createdAt": 1310973667, "id": "4e23dee352b1f82ffbb6d989", "venue": {"like": false, "location": {"country": "Singapore", "lng": 103.8468204042099, "cc": "SG", "state": "Singapore", "crossStreet": "Opposite intl plaza", "lat": 1.2759936453032252, "address": "8 Shenton Way #01-22", "labeledLatLngs": [{"label": "display", "lat": 1.2759936453032252, "lng": 103.8468204042099}], "formattedAddress": ["8 Shenton Way #01-22 (Opposite intl plaza)", "Singapore"]}, "categories": [{"icon": {"prefix": "https://ss3.4sqi.net/img/categories_v2/shops/food_wineshop_", "suffix": ".png"}, "name": "Wine Shop", "id": "4bf58dd8d48988d119951735", "pluralName": "Wine Shops", "primary": true, "shortName": "Wine Shop"}], "verified": false, "contact": {}, "allowMenuUrlEdit": true, "stats": {"tipCount": 5, "usersCount": 61, "checkinsCount": 250}, "id": "4c109e103ce120a12a5f081c", "name": "Le Rouge", "beenHere": {"lastCheckinExpiredAt": 0}}, "suffix": "/EDPEKA15UXITZE45UIAGR5PA1W3CSPLGZILCK3WP1MNWELWR.jpg", "visibility": "public"}], "count": 7}, "totalCount": 7}}