{"meta": {"code": 200, "requestId": "595b3eac6a607114394d63ce"}, "notifications": [{"item": {"unreadCount": 0}, "type": "notificationTray"}], "response": {"photos": {"items": [{"height": 720, "source": {"url": "https://foursquare.com/download/#/iphone", "name": "Foursquare for iOS"}, "tip": {"agreeCount": 0, "canonicalUrl": "https://foursquare.com/item/4e2ebac2c65b80dfd8392838", "todo": {"count": 0}, "logView": true, "disagreeCount": 0, "createdAt": 1311685314, "id": "4e2ebac2c65b80dfd8392838", "text": "WaWa veg with salted egg sauce nt very nice \ue421", "likes": {"groups": [{"items": [], "count": 2, "type": "others"}], "count": 2, "summary": "2 likes"}, "like": false, "type": "user"}, "width": 540, "prefix": "https://igx.4sqi.net/img/general/", "createdAt": 1311685325, "id": "4e2ebacdb0fbdc2b64f989ad", "venue": {"like": false, "location": {"formattedAddress": ["#02-17 IMM Building (2 Jurong East St 21)", "609601", "Singapore"], "city": "Singapore", "lng": 103.74557917305508, "cc": "SG", "country": "Singapore", "crossStreet": "2 Jurong East St 21", "lat": 1.3351814124445904, "address": "#02-17 IMM Building", "labeledLatLngs": [{"label": "display", "lat": 1.3351814124445904, "lng": 103.74557917305508}], "postalCode": "609601"}, "categories": [{"icon": {"prefix": "https://ss3.4sqi.net/img/categories_v2/food/asian_", "suffix": ".png"}, "name": "Asian Restaurant", "id": "4bf58dd8d48988d142941735", "pluralName": "Asian Restaurants", "primary": true, "shortName": "Asian"}], "verified": false, "contact": {"formattedPhone": "+65 6565 0507", "phone": "+6565650507"}, "allowMenuUrlEdit": true, "stats": {"tipCount": 30, "usersCount": 1849, "checkinsCount": 2671}, "id": "4d857ef399b78cfa51fad01f", "name": "Streats Hong Kong Cafe \u8857\u5934\u8336\u9910\u5385", "beenHere": {"lastCheckinExpiredAt": 0}}, "suffix": "/IAHPCZXTIREW5HONOLDKNHCCSWQZNPOQL5KSHZWKNSFS0POY.jpg", "visibility": "public"}, {"height": 720, "source": {"url": "https://foursquare.com/download/#/iphone", "name": "Foursquare for iOS"}, "width": 540, "prefix": "https://igx.4sqi.net/img/general/", "createdAt": 1311685017, "id": "4e2eb999483b93c2f2d7af03", "venue": {"like": false, "location": {"formattedAddress": ["#02-17 IMM Building (2 Jurong East St 21)", "609601", "Singapore"], "city": "Singapore", "lng": 103.74557917305508, "cc": "SG", "country": "Singapore", "crossStreet": "2 Jurong East St 21", "lat": 1.3351814124445904, "address": "#02-17 IMM Building", "labeledLatLngs": [{"label": "display", "lat": 1.3351814124445904, "lng": 103.74557917305508}], "postalCode": "609601"}, "categories": [{"icon": {"prefix": "https://ss3.4sqi.net/img/categories_v2/food/asian_", "suffix": ".png"}, "name": "Asian Restaurant", "id": "4bf58dd8d48988d142941735", "pluralName": "Asian Restaurants", "primary": true, "shortName": "Asian"}], "verified": false, "contact": {"formattedPhone": "+65 6565 0507", "phone": "+6565650507"}, "allowMenuUrlEdit": true, "stats": {"tipCount": 30, "usersCount": 1849, "checkinsCount": 2671}, "id": "4d857ef399b78cfa51fad01f", "name": "Streats Hong Kong Cafe \u8857\u5934\u8336\u9910\u5385", "beenHere": {"lastCheckinExpiredAt": 0}}, "suffix": "/CNXU3OTWHSUUU3KZOL20TP0YTKVBS3EMD2HY0WNHNHWR3H5I.jpg", "visibility": "public"}, {"height": 720, "source": {"url": "https://foursquare.com/download/#/iphone", "name": "Foursquare for iOS"}, "width": 540, "prefix": "https://igx.4sqi.net/img/general/", "createdAt": 1311684995, "id": "4e2eb98322717d705858b572", "venue": {"like": false, "location": {"formattedAddress": ["#02-17 IMM Building (2 Jurong East St 21)", "609601", "Singapore"], "city": "Singapore", "lng": 103.74557917305508, "cc": "SG", "country": "Singapore", "crossStreet": "2 Jurong East St 21", "lat": 1.3351814124445904, "address": "#02-17 IMM Building", "labeledLatLngs": [{"label": "display", "lat": 1.3351814124445904, "lng": 103.74557917305508}], "postalCode": "609601"}, "categories": [{"icon": {"prefix": "https://ss3.4sqi.net/img/categories_v2/food/asian_", "suffix": ".png"}, "name": "Asian Restaurant", "id": "4bf58dd8d48988d142941735", "pluralName": "Asian Restaurants", "primary": true, "shortName": "Asian"}], "verified": false, "contact": {"formattedPhone": "+65 6565 0507", "phone": "+6565650507"}, "allowMenuUrlEdit": true, "stats": {"tipCount": 30, "usersCount": 1849, "checkinsCount": 2671}, "id": "4d857ef399b78cfa51fad01f", "name": "Streats Hong Kong Cafe \u8857\u5934\u8336\u9910\u5385", "beenHere": {"lastCheckinExpiredAt": 0}}, "suffix": "/GV5EL4JSDMMOSM4GEE3IMYKOKALPLXMNMTP1SMBSSTMSBRHY.jpg", "visibility": "public"}, {"height": 720, "source": {"url": "https://foursquare.com/download/#/iphone", "name": "Foursquare for iOS"}, "width": 540, "prefix": "https://igx.4sqi.net/img/general/", "createdAt": 1311684943, "id": "4e2eb94f52b111a1e37bdc88", "venue": {"like": false, "location": {"formattedAddress": ["#02-17 IMM Building (2 Jurong East St 21)", "609601", "Singapore"], "city": "Singapore", "lng": 103.74557917305508, "cc": "SG", "country": "Singapore", "crossStreet": "2 Jurong East St 21", "lat": 1.3351814124445904, "address": "#02-17 IMM Building", "labeledLatLngs": [{"label": "display", "lat": 1.3351814124445904, "lng": 103.74557917305508}], "postalCode": "609601"}, "categories": [{"icon": {"prefix": "https://ss3.4sqi.net/img/categories_v2/food/asian_", "suffix": ".png"}, "name": "Asian Restaurant", "id": "4bf58dd8d48988d142941735", "pluralName": "Asian Restaurants", "primary": true, "shortName": "Asian"}], "verified": false, "contact": {"formattedPhone": "+65 6565 0507", "phone": "+6565650507"}, "allowMenuUrlEdit": true, "stats": {"tipCount": 30, "usersCount": 1849, "checkinsCount": 2671}, "id": "4d857ef399b78cfa51fad01f", "name": "Streats Hong Kong Cafe \u8857\u5934\u8336\u9910\u5385", "beenHere": {"lastCheckinExpiredAt": 0}}, "suffix": "/W5FDGL40JSO4UCWZDV2H1WW55HI5IJDZ4JIU3JUMVZK2CNGM.jpg", "visibility": "public"}], "count": 4}, "totalCount": 4}}