{"meta": {"code": 200, "requestId": "595b3d626a6071143c34e76e"}, "notifications": [{"item": {"unreadCount": 0}, "type": "notificationTray"}], "response": {"photos": {"items": [{"height": 600, "source": {"url": "https://foursquare.com/download/#/android", "name": "Foursquare for Android"}, "width": 800, "prefix": "https://igx.4sqi.net/img/general/", "createdAt": 1394085187, "id": "53180d4311d228f12b14dd6d", "venue": {"like": false, "location": {"formattedAddress": ["930 Phillip Island Rd.", "Newhaven VIC 3925", "Australia"], "city": "Newhaven", "lng": 145.34521579742432, "cc": "AU", "state": "VIC", "lat": -38.51506426800291, "address": "930 Phillip Island Rd.", "labeledLatLngs": [{"label": "display", "lat": -38.51506426800291, "lng": 145.34521579742432}], "postalCode": "3925", "country": "Australia"}, "categories": [{"icon": {"prefix": "https://ss3.4sqi.net/img/categories_v2/food/dessert_", "suffix": ".png"}, "name": "Dessert Shop", "id": "4bf58dd8d48988d1d0941735", "pluralName": "Dessert Shops", "primary": true, "shortName": "Desserts"}], "verified": false, "contact": {"formattedPhone": "+61 3 5956 6600", "phone": "+61359566600"}, "allowMenuUrlEdit": true, "stats": {"tipCount": 33, "usersCount": 2154, "checkinsCount": 2283}, "id": "4b1b21fef964a520a9f823e3", "name": "Phillip Island Panny's Chocolate Factory", "beenHere": {"lastCheckinExpiredAt": 0}}, "suffix": "/3970304_MtHlZYn2YRzmv4bxJaLreNfc4UOzso8AnAssKZAY0nU.jpg", "visibility": "public"}, {"height": 600, "source": {"url": "https://foursquare.com/download/#/android", "name": "Foursquare for Android"}, "width": 800, "prefix": "https://igx.4sqi.net/img/general/", "createdAt": 1394085038, "id": "53180cae498e299fa07884c1", "venue": {"like": false, "location": {"formattedAddress": ["930 Phillip Island Rd.", "Newhaven VIC 3925", "Australia"], "city": "Newhaven", "lng": 145.34521579742432, "cc": "AU", "state": "VIC", "lat": -38.51506426800291, "address": "930 Phillip Island Rd.", "labeledLatLngs": [{"label": "display", "lat": -38.51506426800291, "lng": 145.34521579742432}], "postalCode": "3925", "country": "Australia"}, "categories": [{"icon": {"prefix": "https://ss3.4sqi.net/img/categories_v2/food/dessert_", "suffix": ".png"}, "name": "Dessert Shop", "id": "4bf58dd8d48988d1d0941735", "pluralName": "Dessert Shops", "primary": true, "shortName": "Desserts"}], "verified": false, "contact": {"formattedPhone": "+61 3 5956 6600", "phone": "+61359566600"}, "allowMenuUrlEdit": true, "stats": {"tipCount": 33, "usersCount": 2154, "checkinsCount": 2283}, "id": "4b1b21fef964a520a9f823e3", "name": "Phillip Island Panny's Chocolate Factory", "beenHere": {"lastCheckinExpiredAt": 0}}, "suffix": "/3970304_MtHlZYn2YRzmv4bxJaLreNfc4UOzso8AnAssKZAY0nU.jpg", "visibility": "public"}, {"height": 720, "source": {"url": "https://foursquare.com/download/#/android", "name": "Foursquare for Android"}, "width": 960, "prefix": "https://igx.4sqi.net/img/general/", "createdAt": 1393923325, "id": "531594fd498ebb289eeb86bc", "venue": {"venueRatingBlacklisted": true, "like": false, "location": {"formattedAddress": ["Melbourne Airport (MEL)", "Tullamarine VIC 3045", "Australia"], "city": "Tullamarine, VIC", "lng": 144.85062423392952, "cc": "AU", "state": "VIC", "lat": -37.66858744156536, "address": "Melbourne Airport (MEL)", "postalCode": "3045", "country": "Australia"}, "categories": [{"icon": {"prefix": "https://ss3.4sqi.net/img/categories_v2/travel/airport_gate_", "suffix": ".png"}, "name": "Airport Terminal", "id": "4bf58dd8d48988d1eb931735", "pluralName": "Airport Terminals", "primary": true, "shortName": "Terminal"}], "verified": false, "contact": {"formattedPhone": "+61 3 9297 1600", "phone": "+61392971600"}, "beenHere": {"lastCheckinExpiredAt": 0}, "stats": {"tipCount": 71, "usersCount": 13886, "checkinsCount": 42287}, "id": "4b1c949af964a5208c0824e3", "name": "T1 (Domestic - Qantas) Terminal"}, "suffix": "/3970304_X3Fg5tIU64mF9vOVgKkjaZuEYpnoSEtYM_4zhIU0bQ8.jpg", "visibility": "public"}, {"height": 720, "source": {"url": "https://foursquare.com/download/#/android", "name": "Foursquare for Android"}, "width": 960, "prefix": "https://igx.4sqi.net/img/general/", "createdAt": 1393849782, "id": "531475b6498e14400262d86e", "venue": {"like": false, "location": {"cc": "AU", "country": "Australia", "lat": -33.709239754769605, "lng": 149.9774149718932, "labeledLatLngs": [{"label": "display", "lat": -33.709239754769605, "lng": 149.9774149718932}], "formattedAddress": ["Australia"]}, "categories": [{"icon": {"prefix": "https://ss3.4sqi.net/img/categories_v2/parks_outdoors/farm_", "suffix": ".png"}, "name": "Farm", "id": "4bf58dd8d48988d15b941735", "pluralName": "Farms", "primary": true, "shortName": "Farm"}], "verified": false, "contact": {}, "beenHere": {"lastCheckinExpiredAt": 0}, "stats": {"tipCount": 0, "usersCount": 8, "checkinsCount": 9}, "id": "4fd97f2ce4b0d2bb7056a315", "name": "Duckmaloi Farm"}, "suffix": "/3970304__NPwKRAG1tdqrIisDHfFBFVwhKVgAXj0G5lvVQrR6dw.jpg", "visibility": "public"}, {"height": 720, "source": {"url": "https://foursquare.com/download/#/android", "name": "Foursquare for Android"}, "width": 960, "prefix": "https://igx.4sqi.net/img/general/", "createdAt": 1392520083, "id": "53002b93498eee4003bd33a9", "venue": {"url": "http://www.foodforthought.com.sg", "like": false, "location": {"formattedAddress": ["#B1-00, Botany Centre (Singapore Botanic Gardens)s (1 Cluny Rd)", "259569", "Singapore"], "city": "Singapore", "lng": 103.81832324665822, "cc": "SG", "country": "Singapore", "crossStreet": "1 Cluny Rd", "lat": 1.3078079348063292, "address": "#B1-00, Botany Centre (Singapore Botanic Gardens)s", "labeledLatLngs": [{"label": "display", "lat": 1.3078079348063292, "lng": 103.81832324665822}], "postalCode": "259569"}, "categories": [{"icon": {"prefix": "https://ss3.4sqi.net/img/categories_v2/food/cafe_", "suffix": ".png"}, "name": "Caf\u00e9", "id": "4bf58dd8d48988d16d941735", "pluralName": "Caf\u00e9s", "primary": true, "shortName": "Caf\u00e9"}], "verified": false, "contact": {"formattedPhone": "+65 6338 4848", "twitter": "ffthought", "phone": "+6563384848"}, "allowMenuUrlEdit": true, "stats": {"tipCount": 77, "usersCount": 3137, "checkinsCount": 4853}, "id": "4ed6f3ba82311e04d1c16fc0", "name": "Food For Thought", "beenHere": {"lastCheckinExpiredAt": 0}}, "suffix": "/3970304_RPGXcCuCEaeJAwmQXOEm4lmYREL6ILGlni96bdJuky4.jpg", "visibility": "public"}, {"height": 960, "source": {"url": "https://foursquare.com/download/#/android", "name": "Foursquare for Android"}, "width": 720, "prefix": "https://igx.4sqi.net/img/general/", "createdAt": 1390731163, "id": "52e4df9b498ee20cf01f751f", "venue": {"closed": true, "like": false, "location": {"formattedAddress": ["#B1-51, Raffles City Shopping Centre (252 North Bridge Rd)", "179103", "Singapore"], "city": "Singapore", "lng": 103.85330301260812, "cc": "SG", "country": "Singapore", "lat": 1.2936454056622817, "address": "#B1-51, Raffles City Shopping Centre", "crossStreet": "252 North Bridge Rd", "postalCode": "179103"}, "categories": [{"icon": {"prefix": "https://ss3.4sqi.net/img/categories_v2/food/dessert_", "suffix": ".png"}, "name": "Dessert Shop", "id": "4bf58dd8d48988d1d0941735", "pluralName": "Dessert Shops", "primary": true, "shortName": "Desserts"}], "verified": false, "contact": {}, "allowMenuUrlEdit": true, "stats": {"tipCount": 9, "usersCount": 291, "checkinsCount": 429}, "id": "4e83f13e30f8d26f86dfa34f", "name": "Once Upon a Milkshake", "beenHere": {"lastCheckinExpiredAt": 0}}, "suffix": "/3970304_pwYSyv4dswByU3n81rQdnhBkkmcim3CEez-g8c55Vl0.jpg", "visibility": "public"}, {"height": 960, "source": {"url": "https://foursquare.com/download/#/android", "name": "Foursquare for Android"}, "width": 720, "prefix": "https://igx.4sqi.net/img/general/", "createdAt": 1388888007, "id": "52c8bfc7498e1f5cfa06ee22", "venue": {"like": false, "location": {"formattedAddress": ["Blk 71, Kallang Bahru, #01-529B", "330071", "Singapore"], "city": "Singapore", "lng": 103.87028947789854, "cc": "SG", "country": "Singapore", "lat": 1.3206369307584722, "address": "Blk 71, Kallang Bahru, #01-529B", "labeledLatLngs": [{"label": "display", "lat": 1.3206369307584722, "lng": 103.87028947789854}], "postalCode": "330071"}, "categories": [{"icon": {"prefix": "https://ss3.4sqi.net/img/categories_v2/food/indian_", "suffix": ".png"}, "name": "Indian Restaurant", "id": "4bf58dd8d48988d10f941735", "pluralName": "Indian Restaurants", "primary": true, "shortName": "Indian"}], "verified": false, "contact": {"formattedPhone": "+65 6297 1024", "phone": "+6562971024"}, "allowMenuUrlEdit": true, "stats": {"tipCount": 32, "usersCount": 788, "checkinsCount": 2726}, "id": "4b8e6318f964a520502033e3", "name": "Ariff's restaurant", "beenHere": {"lastCheckinExpiredAt": 0}}, "suffix": "/3970304_FJiOvCWsDKyfJN-XkfiXEw2tpZzQi5oN9L9SbTCdHWQ.jpg", "visibility": "public"}, {"height": 960, "source": {"url": "https://foursquare.com/download/#/android", "name": "Foursquare for Android"}, "width": 720, "prefix": "https://igx.4sqi.net/img/general/", "createdAt": 1388294511, "id": "52bfb16f498e88a72b694866", "venue": {"url": "http://keisuke.sg", "like": false, "location": {"formattedAddress": ["#01-19, Orchid Hotel (1 Tras Link)", "078867", "Singapore"], "city": "Singapore", "lng": 103.8439267873764, "cc": "SG", "country": "Singapore", "crossStreet": "1 Tras Link", "lat": 1.276620483162365, "address": "#01-19, Orchid Hotel", "labeledLatLngs": [{"label": "display", "lat": 1.276620483162365, "lng": 103.8439267873764}], "postalCode": "078867"}, "categories": [{"icon": {"prefix": "https://ss3.4sqi.net/img/categories_v2/food/ramen_", "suffix": ".png"}, "name": "Ramen Restaurant", "id": "55a59bace4b013909087cb24", "pluralName": "Ramen Restaurants", "primary": true, "shortName": "Ramen"}], "verified": false, "contact": {"formattedPhone": "+65 6636 0855", "phone": "+6566360855", "facebookName": "Keisuke Tokyo- SG", "facebookUsername": "KeisukeTokyoSG", "facebook": "102790329768364"}, "allowMenuUrlEdit": true, "stats": {"tipCount": 85, "usersCount": 2884, "checkinsCount": 5440}, "id": "4e46685b887781a619a97c3e", "name": "Ramen Keisuke Tonkotsu King", "beenHere": {"lastCheckinExpiredAt": 0}}, "suffix": "/3970304_h9to1r5MxiI_1X0fwi8dS8I24fTe-v9zIOZkP4oNbqs.jpg", "visibility": "public"}, {"height": 720, "source": {"url": "https://foursquare.com/download/#/android", "name": "Foursquare for Android"}, "width": 960, "prefix": "https://igx.4sqi.net/img/general/", "createdAt": 1366361376, "id": "51710520e4b0c780d622a880", "venue": {"url": "http://www.tiantianchickenrice.com", "like": false, "location": {"formattedAddress": ["Stall 10, Maxwell Food Centre (1 Kadayanallur St.)", "069184", "Singapore"], "city": "Singapore", "lng": 103.84482755967429, "cc": "SG", "country": "Singapore", "crossStreet": "1 Kadayanallur St.", "lat": 1.28033488353019, "address": "Stall 10, Maxwell Food Centre", "labeledLatLngs": [{"label": "display", "lat": 1.28033488353019, "lng": 103.84482755967429}], "postalCode": "069184"}, "categories": [{"icon": {"prefix": "https://ss3.4sqi.net/img/categories_v2/food/asian_", "suffix": ".png"}, "name": "Chinese Restaurant", "id": "4bf58dd8d48988d145941735", "pluralName": "Chinese Restaurants", "primary": true, "shortName": "Chinese"}], "verified": false, "contact": {"formattedPhone": "+65 9691 4852", "phone": "+6596914852"}, "allowMenuUrlEdit": true, "stats": {"tipCount": 102, "usersCount": 4048, "checkinsCount": 4941}, "id": "4b8f553df964a520b05133e3", "name": "Tian Tian Hainanese Chicken Rice \u5929\u5929\u6d77\u5357\u9e21\u996d", "beenHere": {"lastCheckinExpiredAt": 0}}, "suffix": "/3970304_qiaSNyREreRXsmBRgcQV-h2QcF0cPvG9q-NTKx4gz5I.jpg", "visibility": "public"}, {"height": 720, "source": {"url": "https://foursquare.com/download/#/android", "name": "Foursquare for Android"}, "width": 540, "prefix": "https://igx.4sqi.net/img/general/", "createdAt": 1357440365, "id": "50e8e56de4b018065d916cea", "venue": {"url": "http://www.pub.gov.sg/Marina", "like": false, "location": {"formattedAddress": ["8 Marina Gardens Dr.", "018951", "Singapore"], "city": "Singapore", "lng": 103.87078777953288, "cc": "SG", "country": "Singapore", "lat": 1.280415059872261, "address": "8 Marina Gardens Dr.", "postalCode": "018951"}, "categories": [{"icon": {"prefix": "https://ss3.4sqi.net/img/categories_v2/parks_outdoors/sceniclookout_", "suffix": ".png"}, "name": "Scenic Lookout", "id": "4bf58dd8d48988d165941735", "pluralName": "Scenic Lookouts", "primary": true, "shortName": "Scenic Lookout"}], "verified": false, "contact": {"formattedPhone": "+65 6514 5959", "phone": "+6565145959"}, "beenHere": {"lastCheckinExpiredAt": 0}, "stats": {"tipCount": 106, "usersCount": 20049, "checkinsCount": 31329}, "id": "4b058810f964a52040af22e3", "name": "Marina Barrage"}, "suffix": "/3970304_qctAxq7RG1GXTjU8CVKqFqnCz8oyK88aO-Qq3SeoTR4.jpg", "visibility": "public"}, {"height": 537, "source": {"url": "https://foursquare.com/download/#/iphone", "name": "Foursquare for iOS"}, "width": 720, "prefix": "https://igx.4sqi.net/img/general/", "createdAt": 1343564780, "id": "50152bece4b0748a79c31bd9", "venue": {"url": "http://ngahsio.com", "like": false, "location": {"formattedAddress": ["208 Rangoon Rd (Hong Building)", "218453", "Singapore"], "city": "Singapore", "lng": 103.85277646606727, "cc": "SG", "country": "Singapore", "crossStreet": "Hong Building", "lat": 1.3175730612850882, "address": "208 Rangoon Rd", "labeledLatLngs": [{"label": "display", "lat": 1.3175730612850882, "lng": 103.85277646606727}], "postalCode": "218453"}, "categories": [{"icon": {"prefix": "https://ss3.4sqi.net/img/categories_v2/food/asian_", "suffix": ".png"}, "name": "Chinese Restaurant", "id": "4bf58dd8d48988d145941735", "pluralName": "Chinese Restaurants", "primary": true, "shortName": "Chinese"}], "verified": false, "contact": {"formattedPhone": "+65 6291 4537", "phone": "+6562914537"}, "allowMenuUrlEdit": true, "stats": {"tipCount": 73, "usersCount": 3746, "checkinsCount": 5380}, "id": "4b5e75c9f964a520aa8f29e3", "name": "Ng Ah Sio Pork Ribs Soup Eating House", "beenHere": {"lastCheckinExpiredAt": 0}}, "suffix": "/1H1lz7NaO8z8ja79ZIft_LhFpvzrxAF_qTF_nK1THBg.jpg", "visibility": "public"}, {"height": 537, "source": {"url": "https://foursquare.com/download/#/iphone", "name": "Foursquare for iOS"}, "width": 720, "prefix": "https://igx.4sqi.net/img/general/", "createdAt": 1342850204, "id": "500a449ce4b07957c2996138", "venue": {"url": "http://www.oldtown.com.my", "like": false, "location": {"formattedAddress": ["Lien Ho Complex (Lot 8, 9 & 10, Ground Floor, Block A)", "80150 Johor Bahru, Johor", "Malaysia"], "city": "Johor Bahru", "lng": 103.76933055683867, "cc": "MY", "state": "Johor", "crossStreet": "Lot 8, 9 & 10, Ground Floor, Block A", "lat": 1.4928996485010513, "address": "Lien Ho Complex", "labeledLatLngs": [{"label": "display", "lat": 1.4928996485010513, "lng": 103.76933055683867}], "postalCode": "80150", "country": "Malaysia"}, "categories": [{"icon": {"prefix": "https://ss3.4sqi.net/img/categories_v2/food/cafe_", "suffix": ".png"}, "name": "Caf\u00e9", "id": "4bf58dd8d48988d16d941735", "pluralName": "Caf\u00e9s", "primary": true, "shortName": "Caf\u00e9"}], "verified": false, "contact": {"formattedPhone": "+60 7-333 9876", "phone": "+6073339876"}, "allowMenuUrlEdit": true, "stats": {"tipCount": 41, "usersCount": 2477, "checkinsCount": 4813}, "id": "4d8474e85e70224bd0f90c09", "name": "OldTown White Coffee", "beenHere": {"lastCheckinExpiredAt": 0}}, "suffix": "/r0FU-39Cxog2z0qvDHyJd39W1hYFxoIATv8Yj_7j4PM.jpg", "visibility": "public"}, {"height": 720, "source": {"url": "https://foursquare.com/download/#/iphone", "name": "Foursquare for iOS"}, "width": 537, "prefix": "https://igx.4sqi.net/img/general/", "createdAt": 1338013302, "id": "4fc07676e4b0e4e80c8ffea7", "venue": {"venueRatingBlacklisted": true, "like": false, "location": {"city": "Singapore", "lng": 103.86643336435868, "cc": "SG", "country": "Singapore", "crossStreet": "Bendemeer Road", "lat": 1.32139984672021, "address": "Blk 39", "labeledLatLngs": [{"label": "display", "lat": 1.32139984672021, "lng": 103.86643336435868}], "formattedAddress": ["Blk 39 (Bendemeer Road)", "Singapore"]}, "categories": [{"icon": {"prefix": "https://ss3.4sqi.net/img/categories_v2/building/parking_", "suffix": ".png"}, "name": "Parking", "id": "4c38df4de52ce0d596b336e1", "pluralName": "Parking", "primary": true, "shortName": "Parking"}], "verified": false, "contact": {}, "beenHere": {"lastCheckinExpiredAt": 0}, "stats": {"tipCount": 0, "usersCount": 33, "checkinsCount": 313}, "id": "4cd64a07a5b3468804499350", "name": "Blk 39 MSCP River Vista@Kallang"}, "suffix": "/ryV4A7Kspt7whnXbISwh7L6fL69Fn2FzAbdp2Gq3SoM.jpg", "visibility": "public"}, {"height": 720, "source": {"url": "https://foursquare.com/download/#/iphone", "name": "Foursquare for iOS"}, "width": 540, "prefix": "https://igx.4sqi.net/img/general/", "createdAt": 1336122663, "id": "4fa39d27e4b028d5589e8a24", "venue": {"venueRatingBlacklisted": true, "like": false, "location": {"city": "Pulau Keppel", "lng": 103.81403843569746, "cc": "SG", "state": "Singapore", "lat": 1.26426294065323, "address": "Keppel Bay Vista, Keppel Bay Drive", "labeledLatLngs": [{"label": "display", "lat": 1.26426294065323, "lng": 103.81403843569746}], "formattedAddress": ["Keppel Bay Vista, Keppel Bay Drive", "Singapore"], "country": "Singapore"}, "categories": [{"icon": {"prefix": "https://ss3.4sqi.net/img/categories_v2/parks_outdoors/bridge_", "suffix": ".png"}, "name": "Bridge", "id": "4bf58dd8d48988d1df941735", "pluralName": "Bridges", "primary": true, "shortName": "Bridge"}], "verified": false, "contact": {}, "beenHere": {"lastCheckinExpiredAt": 0}, "stats": {"tipCount": 2, "usersCount": 567, "checkinsCount": 724}, "id": "4bd9319c5cf276b067a19d00", "name": "Keppel Bay Bridge"}, "suffix": "/L6RklHAQgHWkMAiMyci4ibycprAwvQGFS38r4KSPS1c.jpg", "visibility": "public"}, {"height": 720, "source": {"url": "https://foursquare.com/download/#/iphone", "name": "Foursquare for iOS"}, "width": 537, "prefix": "https://igx.4sqi.net/img/general/", "createdAt": 1335499876, "id": "4f9a1c64e4b03d140b17977b", "venue": {"closed": true, "like": false, "location": {"formattedAddress": ["Mapletree Business City (20 Pasir Panjang Rd)", "119982", "Singapore"], "city": "Singapore", "lng": 103.79937375000976, "cc": "SG", "country": "Singapore", "lat": 1.2747957153441705, "address": "Mapletree Business City", "crossStreet": "20 Pasir Panjang Rd", "postalCode": "119982"}, "categories": [{"icon": {"prefix": "https://ss3.4sqi.net/img/categories_v2/shops/food_foodcourt_", "suffix": ".png"}, "name": "Food Court", "id": "4bf58dd8d48988d120951735", "pluralName": "Food Courts", "primary": true, "shortName": "Food Court"}], "verified": false, "contact": {}, "allowMenuUrlEdit": true, "stats": {"tipCount": 46, "usersCount": 1019, "checkinsCount": 5808}, "id": "4c5a46625c57c9b6460c1d4a", "name": "Food Style", "beenHere": {"lastCheckinExpiredAt": 0}}, "suffix": "/YYSVPwf6jZO8lG-kBX56IlDtnkeVuvpYe1RZetTFGFc.jpg", "visibility": "public"}, {"height": 720, "source": {"url": "https://foursquare.com/download/#/iphone", "name": "Foursquare for iOS"}, "width": 537, "prefix": "https://igx.4sqi.net/img/general/", "createdAt": 1335414875, "id": "4f98d05be4b05cf26bd0c21b", "venue": {"like": false, "location": {"formattedAddress": ["#02-06, Mount Faber SAFRA Club (2 Telok Blangah Way)", "098803", "Singapore"], "city": "Singapore", "lng": 103.81749117895833, "cc": "SG", "country": "Singapore", "crossStreet": "2 Telok Blangah Way", "lat": 1.2776799555603118, "address": "#02-06, Mount Faber SAFRA Club", "labeledLatLngs": [{"label": "display", "lat": 1.2776799555603118, "lng": 103.81749117895833}], "postalCode": "098803"}, "categories": [{"icon": {"prefix": "https://ss3.4sqi.net/img/categories_v2/arts_entertainment/bowling_", "suffix": ".png"}, "name": "Bowling Alley", "id": "4bf58dd8d48988d1e4931735", "pluralName": "Bowling Alleys", "primary": true, "shortName": "Bowling Alley"}], "verified": false, "contact": {"formattedPhone": "+65 6276 5225", "phone": "+6562765225"}, "allowMenuUrlEdit": true, "stats": {"tipCount": 6, "usersCount": 1661, "checkinsCount": 3897}, "id": "4cde520a41ed224bb34cd83c", "name": "SuperBowl", "beenHere": {"lastCheckinExpiredAt": 0}}, "suffix": "/0ZMX_GdC1BbNQjEC3RDZIxH9oY8mc-qTraJUp545p6c.jpg", "visibility": "public"}, {"height": 720, "source": {"url": "https://foursquare.com/download/#/iphone", "name": "Foursquare for iOS"}, "width": 537, "prefix": "https://igx.4sqi.net/img/general/", "createdAt": 1335179466, "id": "4f9538cae4b0599b5021bc35", "venue": {"url": "http://www.fgcineplex.com.sg", "like": false, "location": {"formattedAddress": ["#03-10/15, Kallang Leisure Park (5 Stadium Walk)", "397693", "Singapore"], "city": "Singapore", "lng": 103.8764957281664, "cc": "SG", "country": "Singapore", "crossStreet": "5 Stadium Walk", "lat": 1.302615902833944, "address": "#03-10/15, Kallang Leisure Park", "labeledLatLngs": [{"label": "display", "lat": 1.302615902833944, "lng": 103.8764957281664}], "postalCode": "397693"}, "categories": [{"icon": {"prefix": "https://ss3.4sqi.net/img/categories_v2/arts_entertainment/movietheater_", "suffix": ".png"}, "name": "Multiplex", "id": "4bf58dd8d48988d180941735", "pluralName": "Multiplexes", "primary": true, "shortName": "Cineplex"}], "verified": false, "contact": {}, "allowMenuUrlEdit": true, "stats": {"tipCount": 24, "usersCount": 3753, "checkinsCount": 6965}, "id": "4b121cf3f964a5201d8923e3", "name": "Filmgarde Cineplex", "beenHere": {"lastCheckinExpiredAt": 0}}, "suffix": "/q7qknIXKWD53B7pMhDkwMpKxOCd0TGmBqbeRe-WXcJA.jpg", "visibility": "public"}, {"height": 720, "source": {"url": "https://foursquare.com/download/#/iphone", "name": "Foursquare for iOS"}, "width": 537, "prefix": "https://igx.4sqi.net/img/general/", "createdAt": 1334722745, "id": "4f8e40b9e4b084124a5fbddd", "venue": {"closed": true, "like": false, "location": {"formattedAddress": ["#01-02 Alexandra Retail Centre (460 Alexandra Rd)", "119963", "Singapore"], "city": "Singapore", "lng": 103.80191491110273, "cc": "SG", "country": "Singapore", "crossStreet": "460 Alexandra Rd", "lat": 1.2737720542409425, "address": "#01-02 Alexandra Retail Centre", "labeledLatLngs": [{"label": "display", "lat": 1.2737720542409425, "lng": 103.80191491110273}], "postalCode": "119963"}, "categories": [{"icon": {"prefix": "https://ss3.4sqi.net/img/categories_v2/food/friedchicken_", "suffix": ".png"}, "name": "Fried Chicken Joint", "id": "4d4ae6fc7a7b7dea34424761", "pluralName": "Fried Chicken Joints", "primary": true, "shortName": "Fried Chicken"}], "verified": false, "contact": {"formattedPhone": "+65 6271 8311", "phone": "+6562718311"}, "allowMenuUrlEdit": true, "stats": {"tipCount": 2, "usersCount": 313, "checkinsCount": 503}, "id": "4ef13d92490190cf92953c00", "name": "BBQ Chicken", "beenHere": {"lastCheckinExpiredAt": 0}}, "suffix": "/nwnDmuH-09YEcpUatKG4DhGmkOAWVZJm4lA46dTzeZQ.jpg", "visibility": "public"}, {"height": 720, "source": {"url": "https://foursquare.com/download/#/iphone", "name": "Foursquare for iOS"}, "width": 537, "prefix": "https://igx.4sqi.net/img/general/", "createdAt": 1332251037, "id": "4f68899de4b0af7894c18e9c", "venue": {"like": false, "location": {"formattedAddress": ["57 (Rm. G/A), Ground Flr., Kyaik Waing Pagoda Rd., Danathiri Tower", "Yangon, MYGN 11062", "\u1019\u103c\u1014\u103a\u1019\u102c"], "city": "Yangon", "lng": 96.14126086235046, "cc": "MM", "state": "MYGN", "lat": 16.86529266786607, "address": "57 (Rm. G/A), Ground Flr., Kyaik Waing Pagoda Rd., Danathiri Tower", "labeledLatLngs": [{"label": "display", "lat": 16.86529266786607, "lng": 96.14126086235046}], "postalCode": "11062", "country": "\u1019\u103c\u1014\u103a\u1019\u102c"}, "categories": [{"icon": {"prefix": "https://ss3.4sqi.net/img/categories_v2/food/ramen_", "suffix": ".png"}, "name": "Noodle House", "id": "4bf58dd8d48988d1d1941735", "pluralName": "Noodle Houses", "primary": true, "shortName": "Noodles"}], "verified": false, "contact": {"formattedPhone": "+95 1 656 097", "phone": "+951656097"}, "allowMenuUrlEdit": true, "stats": {"tipCount": 7, "usersCount": 164, "checkinsCount": 268}, "id": "4d9095f9ca75b60c1c4c2ba9", "name": "YKKO", "beenHere": {"lastCheckinExpiredAt": 0}}, "suffix": "/OoJ7ylFf8Rlv559pGTGLRl__OWMukIFgmoyj4NUu2Zo.jpg", "visibility": "public"}, {"height": 720, "source": {"url": "https://foursquare.com/download/#/iphone", "name": "Foursquare for iOS"}, "width": 537, "prefix": "https://igx.4sqi.net/img/general/", "createdAt": 1331473115, "id": "4f5caadbe4b07bddef5cddfc", "venue": {"like": false, "location": {"formattedAddress": ["Rm. 10, Thitsar Rd., Yankin Education College Shop Room", "Yangon, YKN 11081", "\u1019\u103c\u1014\u103a\u1019\u102c"], "city": "Yangon", "lng": 96.16409915307425, "cc": "MM", "state": "YKN", "lat": 16.836767428392665, "address": "Rm. 10, Thitsar Rd., Yankin Education College Shop Room", "labeledLatLngs": [{"label": "display", "lat": 16.836767428392665, "lng": 96.16409915307425}], "postalCode": "11081", "country": "\u1019\u103c\u1014\u103a\u1019\u102c"}, "categories": [{"icon": {"prefix": "https://ss3.4sqi.net/img/categories_v2/food/soup_", "suffix": ".png"}, "name": "Soup Place", "id": "4bf58dd8d48988d1dd931735", "pluralName": "Soup Places", "primary": true, "shortName": "Soup"}], "verified": false, "contact": {"formattedPhone": "+95 1 572 196", "phone": "+951572196"}, "allowMenuUrlEdit": true, "stats": {"tipCount": 1, "usersCount": 49, "checkinsCount": 72}, "id": "4e3fec8a2271d21e87156b25", "name": "YKKO", "beenHere": {"lastCheckinExpiredAt": 0}}, "suffix": "/ffE4fXxDWcdX1vZtf3UIJlcEzzFAgZ8ggS_3aKU6F5Q.jpg", "visibility": "public"}, {"height": 720, "source": {"url": "https://foursquare.com/download/#/iphone", "name": "Foursquare for iOS"}, "width": 537, "prefix": "https://igx.4sqi.net/img/general/", "createdAt": 1312768803, "id": "4e3f4323ae604542367e2913", "venue": {"closed": true, "like": false, "location": {"lng": 103.65237968499846, "cc": "MY", "country": "Malaysia", "crossStreet": "Jalan Hang Tuan 26", "lat": 1.5195753420628901, "address": "Taman Skudai Baru", "labeledLatLngs": [{"label": "display", "lat": 1.5195753420628901, "lng": 103.65237968499846}], "formattedAddress": ["Taman Skudai Baru (Jalan Hang Tuan 26)", "Malaysia"]}, "categories": [{"icon": {"prefix": "https://ss3.4sqi.net/img/categories_v2/food/asian_", "suffix": ".png"}, "name": "Asian Restaurant", "id": "4bf58dd8d48988d142941735", "pluralName": "Asian Restaurants", "primary": true, "shortName": "Asian"}], "verified": false, "contact": {}, "allowMenuUrlEdit": true, "stats": {"tipCount": 5, "usersCount": 434, "checkinsCount": 807}, "id": "4d0c5b211f6bf04d682c7731", "name": "\u5275\u65b0\u9b91\u9b5a\u7cbf\u689d Restaurant Chuang Xing", "beenHere": {"lastCheckinExpiredAt": 0}}, "suffix": "/4PLSOZ5AEB5WQXFLYIRLO11OKPDZB5B3WZU2C5OC1VYRICP1.jpg", "visibility": "public"}], "count": 21}, "totalCount": 21}}