{"meta": {"code": 200, "requestId": "595b3bd04c1f6770200cf56a"}, "notifications": [{"item": {"unreadCount": 0}, "type": "notificationTray"}], "response": {"photos": {"items": [{"height": 537, "source": {"url": "https://foursquare.com/download/#/iphone", "name": "Foursquare for iOS"}, "width": 720, "prefix": "https://igx.4sqi.net/img/general/", "createdAt": 1312071270, "id": "4e349e6662e17d29082bb417", "venue": {"closed": true, "like": false, "location": {"city": "Toronto", "lng": -79.40059661865234, "cc": "CA", "state": "ON", "lat": 43.64769026542162, "address": "571 Queen Street West", "crossStreet": "Portland", "formattedAddress": ["571 Queen Street West (Portland)", "Toronto ON", "Canada"], "country": "Canada"}, "categories": [{"icon": {"prefix": "https://ss3.4sqi.net/img/categories_v2/food/german_", "suffix": ".png"}, "name": "German Restaurant", "id": "4bf58dd8d48988d10d941735", "pluralName": "German Restaurants", "primary": true, "shortName": "German"}], "verified": false, "contact": {}, "allowMenuUrlEdit": true, "stats": {"tipCount": 10, "usersCount": 156, "checkinsCount": 186}, "id": "4e32d3501fc74033ce7e4e98", "name": "The Bohemian Gastropub", "beenHere": {"lastCheckinExpiredAt": 0}}, "suffix": "/JECDWEFRU1FDQ4REI1ZSHEOSBAFH301VYWFKLHK404E1B031.jpg", "visibility": "public"}, {"height": 537, "source": {"url": "https://foursquare.com/download/#/iphone", "name": "Foursquare for iOS"}, "width": 720, "prefix": "https://igx.4sqi.net/img/general/", "createdAt": 1312071256, "id": "4e349e582271b2cf066f828a", "venue": {"closed": true, "like": false, "location": {"city": "Toronto", "lng": -79.40059661865234, "cc": "CA", "state": "ON", "lat": 43.64769026542162, "address": "571 Queen Street West", "crossStreet": "Portland", "formattedAddress": ["571 Queen Street West (Portland)", "Toronto ON", "Canada"], "country": "Canada"}, "categories": [{"icon": {"prefix": "https://ss3.4sqi.net/img/categories_v2/food/german_", "suffix": ".png"}, "name": "German Restaurant", "id": "4bf58dd8d48988d10d941735", "pluralName": "German Restaurants", "primary": true, "shortName": "German"}], "verified": false, "contact": {}, "allowMenuUrlEdit": true, "stats": {"tipCount": 10, "usersCount": 156, "checkinsCount": 186}, "id": "4e32d3501fc74033ce7e4e98", "name": "The Bohemian Gastropub", "beenHere": {"lastCheckinExpiredAt": 0}}, "suffix": "/I51BHIJY3RXOBYPDWGSCIFKUQPUSF0LOSNHUPTQCYJYLVTCI.jpg", "visibility": "public"}, {"height": 720, "source": {"url": "https://foursquare.com/download/#/iphone", "name": "Foursquare for iOS"}, "width": 537, "prefix": "https://igx.4sqi.net/img/general/", "createdAt": 1300022295, "id": "4d7cc417c6982da17e587bfa", "venue": {"like": false, "location": {"formattedAddress": ["The Fullerton Bay Hotel (80 Collyer Quay)", "049326", "Singapore"], "city": "Singapore", "lng": 103.85377294296326, "cc": "SG", "country": "Singapore", "crossStreet": "80 Collyer Quay", "lat": 1.2833037113265051, "address": "The Fullerton Bay Hotel", "labeledLatLngs": [{"label": "display", "lat": 1.2833037113265051, "lng": 103.85377294296326}], "postalCode": "049326"}, "categories": [{"icon": {"prefix": "https://ss3.4sqi.net/img/categories_v2/nightlife/cocktails_", "suffix": ".png"}, "name": "Cocktail Bar", "id": "4bf58dd8d48988d11e941735", "pluralName": "Cocktail Bars", "primary": true, "shortName": "Cocktail"}], "verified": false, "contact": {}, "allowMenuUrlEdit": true, "stats": {"tipCount": 118, "usersCount": 4172, "checkinsCount": 5635}, "id": "4caf1098c5e6a1cd7e80c9f6", "name": "Lantern", "beenHere": {"lastCheckinExpiredAt": 0}}, "suffix": "/TZQYG3CYSBHHDPG41NDGWNTO5LQ241U5X0VY2T0SGVDUGI4V.jpg", "visibility": "public"}, {"height": 537, "source": {"url": "https://foursquare.com/download/#/iphone", "name": "Foursquare for iOS"}, "width": 720, "prefix": "https://igx.4sqi.net/img/general/", "createdAt": 1298981745, "id": "4d6ce371ac2728fd330d23ba", "venue": {"url": "http://www.thewinecompanyonline.com.sg", "like": false, "location": {"formattedAddress": ["6 Sentosa Gateway #01-08 (Sentosa Boardwalk)", "098072", "Singapore"], "city": "Sentosa", "lng": 103.82331132888794, "cc": "SG", "state": "Singapore", "crossStreet": "Sentosa Boardwalk", "lat": 1.2603327381093914, "address": "6 Sentosa Gateway #01-08", "labeledLatLngs": [{"label": "display", "lat": 1.2603327381093914, "lng": 103.82331132888794}], "postalCode": "098072", "country": "Singapore"}, "categories": [{"icon": {"prefix": "https://ss3.4sqi.net/img/categories_v2/food/winery_", "suffix": ".png"}, "name": "Wine Bar", "id": "4bf58dd8d48988d123941735", "pluralName": "Wine Bars", "primary": true, "shortName": "Wine Bar"}], "verified": false, "contact": {"formattedPhone": "+65 6376 9029", "phone": "+6563769029", "facebookName": "The Wine Company", "facebookUsername": "thewinecompany", "facebook": "108796155824152"}, "allowMenuUrlEdit": true, "stats": {"tipCount": 18, "usersCount": 1228, "checkinsCount": 1692}, "id": "4d3d8a591a53ba7a38023317", "name": "The Wine Company", "beenHere": {"lastCheckinExpiredAt": 0}}, "suffix": "/ECRVNH2WEKROXLMDP0YX124EN2BV5WIGCUNCX3HDCCNWU3MG.jpg", "visibility": "public"}], "count": 4}, "totalCount": 4}}