{"meta": {"code": 200, "requestId": "595b3bf71ed21919f8a40401"}, "notifications": [{"item": {"unreadCount": 0}, "type": "notificationTray"}], "response": {"photos": {"items": [{"height": 720, "source": {"url": "https://foursquare.com/download/#/iphone", "name": "Foursquare for iOS"}, "width": 537, "prefix": "https://igx.4sqi.net/img/general/", "createdAt": 1324472178, "id": "4ef1d772991151406bcbb076", "venue": {"like": false, "location": {"formattedAddress": ["520 Macpherson Road", "368213", "Singapore"], "city": "Singapore", "lng": 103.88416332868256, "cc": "SG", "country": "Singapore", "lat": 1.3322566064379437, "address": "520 Macpherson Road", "labeledLatLngs": [{"label": "display", "lat": 1.3322566064379437, "lng": 103.88416332868256}], "postalCode": "368213"}, "categories": [{"icon": {"prefix": "https://ss3.4sqi.net/img/categories_v2/food/default_", "suffix": ".png"}, "name": "Restaurant", "id": "4bf58dd8d48988d1c4941735", "pluralName": "Restaurants", "primary": true, "shortName": "Restaurant"}], "verified": false, "contact": {}, "allowMenuUrlEdit": true, "stats": {"tipCount": 1, "usersCount": 30, "checkinsCount": 88}, "id": "4eca4f5f6da1d10931d7713a", "name": "De Tai Roast", "beenHere": {"lastCheckinExpiredAt": 0}}, "suffix": "/JXDXIPOVKE3ELRZJYIEJVDVUJ0VFAG2ANELSPAGHC210I4AQ.jpg", "visibility": "public"}, {"height": 537, "source": {"url": "https://foursquare.com/download/#/iphone", "name": "Foursquare for iOS"}, "width": 720, "prefix": "https://igx.4sqi.net/img/general/", "createdAt": 1320828754, "id": "4eba3f52b634fa2e62e10a8c", "venue": {"venueRatingBlacklisted": true, "like": false, "location": {"city": "Singapore", "lng": 103.81151402673574, "cc": "SG", "country": "Singapore", "lat": 1.327018735128834, "address": "25/25A Shelford Road", "labeledLatLngs": [{"label": "display", "lat": 1.327018735128834, "lng": 103.81151402673574}], "formattedAddress": ["25/25A Shelford Road", "Singapore"]}, "categories": [{"icon": {"prefix": "https://ss3.4sqi.net/img/categories_v2/building/default_", "suffix": ".png"}, "name": "Professional & Other Places", "id": "4d4b7105d754a06375d81259", "pluralName": "Professional & Other Places", "primary": true, "shortName": "Professional"}], "verified": false, "contact": {}, "beenHere": {"lastCheckinExpiredAt": 0}, "stats": {"tipCount": 1, "usersCount": 14, "checkinsCount": 143}, "id": "4e228098aeb70263953b77d4", "name": "D'Chateau @ Shelford"}, "suffix": "/PYJESKMIHQESCMLDJ0ATPXEE2D0SURTSSPJYL0VLGITSZ0NK.jpg", "visibility": "public"}], "count": 2}, "totalCount": 2}}