{"response": {"photos": {"items": [{"id": "4d9d95bfee71a340940f12f6", "createdAt": 1302173119, "height": 540, "visibility": "public", "source": {"url": "https://foursquare.com/download/#/iphone", "name": "Foursquare for iOS"}, "prefix": "https://igx.4sqi.net/img/general/", "venue": {"id": "4b59947bf964a5206b8d28e3", "like": false, "stats": {"checkinsCount": 2702, "tipCount": 21, "usersCount": 1473}, "beenHere": {"lastCheckinExpiredAt": 0}, "categories": [{"id": "4bf58dd8d48988d1ce941735", "primary": true, "icon": {"prefix": "https://ss3.4sqi.net/img/categories_v2/food/seafood_", "suffix": ".png"}, "pluralName": "Seafood Restaurants", "shortName": "Seafood", "name": "Seafood Restaurant"}], "verified": false, "allowMenuUrlEdit": true, "location": {"crossStreet": "Mountbatten MRT", "labeledLatLngs": [{"lng": 103.88257201132568, "label": "display", "lat": 1.3049361379596969}], "lat": 1.3049361379596969, "postalCode": "397803", "city": "Singapore", "formattedAddress": ["220 Stadium Boulevard (Mountbatten MRT)", "397803", "Singapore"], "lng": 103.88257201132568, "address": "220 Stadium Boulevard", "country": "Singapore", "cc": "SG"}, "contact": {"formattedPhone": "+65 6344 7722", "phone": "+6563447722"}, "name": "Long Beach King Seafood Restaurant"}, "width": 720, "suffix": "/BTP2GU4AT20YZKELMNIAFEQ131XTUIZDOG4VBT24K4IUDAOK.jpg"}], "count": 1}, "totalCount": 1}, "meta": {"code": 200, "requestId": "595a82864c1f677020bc190a"}, "notifications": [{"item": {"unreadCount": 0}, "type": "notificationTray"}]}