{"meta": {"code": 200, "requestId": "595b34ce9fb6b77b765402ce"}, "notifications": [{"item": {"unreadCount": 0}, "type": "notificationTray"}], "response": {"photos": {"items": [{"height": 720, "source": {"url": "https://foursquare.com/download/#/iphone", "name": "Foursquare for iOS"}, "width": 540, "prefix": "https://igx.4sqi.net/img/general/", "createdAt": 1303302714, "id": "4daed23a40a3fc7c1000a09f", "venue": {"like": false, "location": {"formattedAddress": ["#02-99 City Plaza (810 Geylang Rd)", "409286", "Singapore"], "city": "Singapore", "lng": 103.89319896697998, "cc": "SG", "country": "Singapore", "crossStreet": "810 Geylang Rd", "lat": 1.314939447746537, "address": "#02-99 City Plaza", "labeledLatLngs": [{"label": "display", "lat": 1.314939447746537, "lng": 103.89319896697998}], "postalCode": "409286"}, "categories": [{"icon": {"prefix": "https://ss3.4sqi.net/img/categories_v2/food/friedchicken_", "suffix": ".png"}, "name": "Fried Chicken Joint", "id": "4d4ae6fc7a7b7dea34424761", "pluralName": "Fried Chicken Joints", "primary": true, "shortName": "Fried Chicken"}], "verified": false, "contact": {"formattedPhone": "+65 6746 2372", "phone": "+6567462372"}, "allowMenuUrlEdit": true, "stats": {"tipCount": 85, "usersCount": 6147, "checkinsCount": 9822}, "id": "4b4b0efef964a520a09126e3", "name": "Arnold's Fried Chicken", "beenHere": {"lastCheckinExpiredAt": 0}}, "suffix": "/ZUUCOGQ1HKE30CBDRMIXV32ZISRXG0IFP1RM1SU20OSOFJ4C.jpg", "visibility": "public"}, {"height": 540, "source": {"url": "https://foursquare.com/download/#/iphone", "name": "Foursquare for iOS"}, "width": 720, "prefix": "https://igx.4sqi.net/img/general/", "createdAt": 1295567695, "id": "4d38cb4fbaee2da1054b3e5c", "venue": {"like": false, "location": {"formattedAddress": ["2 Seah Im Rd. (HarbourFront Bus Interchange)", "099114", "Singapore"], "city": "Singapore", "lng": 103.81929874420166, "cc": "SG", "country": "Singapore", "lat": 1.2665056821918501, "address": "2 Seah Im Rd.", "crossStreet": "HarbourFront Bus Interchange", "postalCode": "099114"}, "categories": [{"icon": {"prefix": "https://ss3.4sqi.net/img/categories_v2/shops/food_foodcourt_", "suffix": ".png"}, "name": "Food Court", "id": "4bf58dd8d48988d120951735", "pluralName": "Food Courts", "primary": true, "shortName": "Food Court"}], "verified": false, "contact": {}, "allowMenuUrlEdit": true, "stats": {"tipCount": 202, "usersCount": 10583, "checkinsCount": 27593}, "id": "4b058814f964a5206bb022e3", "name": "Seah Im Food Centre", "beenHere": {"lastCheckinExpiredAt": 0}}, "suffix": "/U1YM1RLRI3PSMP03SO0GNUCMF1PGAMUP01COH1H1P2QMPVUO.jpg", "visibility": "public"}], "count": 2}, "totalCount": 2}}