{"response": {"totalCount": 3, "photos": {"count": 3, "items": [{"width": 461, "visibility": "public", "createdAt": 1344658794, "id": "5025dd6ae4b0844f8eb1e9dc", "source": {"name": "Foursquare for BlackBerry", "url": "https://foursquare.com/download/#/blackberry"}, "prefix": "https://igx.4sqi.net/img/general/", "suffix": "/lwKBzRk3lI5VXaJ9gPVtsnclf915b5_PKwmOzQuSjG4.jpg", "venue": {"contact": {"phone": "+6565097709", "formattedPhone": "+65 6509 7709"}, "name": "Dean & DeLuca", "categories": [{"name": "Caf\u00e9", "shortName": "Caf\u00e9", "primary": true, "icon": {"prefix": "https://ss3.4sqi.net/img/categories_v2/food/cafe_", "suffix": ".png"}, "id": "4bf58dd8d48988d16d941735", "pluralName": "Caf\u00e9s"}], "beenHere": {"lastCheckinExpiredAt": 0}, "stats": {"checkinsCount": 5152, "tipCount": 75, "usersCount": 3117}, "verified": true, "id": "4ed84a274fc6fb124c63d24d", "location": {"country": "Singapore", "formattedAddress": ["#01-09/10/15, Orchard Central (181 Orchard Rd)", "238896", "Singapore"], "cc": "SG", "lat": 1.3007596214360164, "labeledLatLngs": [{"lng": 103.83979082107544, "lat": 1.3007596214360164, "label": "display"}], "postalCode": "238896", "address": "#01-09/10/15, Orchard Central", "lng": 103.83979082107544, "city": "Singapore", "crossStreet": "181 Orchard Rd"}, "like": false, "allowMenuUrlEdit": true}, "height": 346}, {"width": 461, "visibility": "public", "createdAt": 1336094163, "id": "4fa32dd3e4b09571dd83c9b4", "source": {"name": "Foursquare for BlackBerry", "url": "https://foursquare.com/download/#/blackberry"}, "prefix": "https://igx.4sqi.net/img/general/", "suffix": "/7kfrS6XhZgzd0NvoQzkwAA-8BC91qw45KmZDjfaso1M.jpg", "venue": {"contact": {}, "beenHere": {"lastCheckinExpiredAt": 0}, "name": "The Signature", "categories": [{"name": "Building", "shortName": "Building", "primary": true, "icon": {"prefix": "https://ss3.4sqi.net/img/categories_v2/building/default_", "suffix": ".png"}, "id": "4bf58dd8d48988d130941735", "pluralName": "Buildings"}], "venueRatingBlacklisted": true, "stats": {"checkinsCount": 7187, "tipCount": 22, "usersCount": 989}, "verified": false, "id": "4b4bdd4ff964a520f7a926e3", "location": {"country": "Singapore", "formattedAddress": ["51 Changi Business Park Central 2", "486066", "Singapore"], "cc": "SG", "lat": 1.3351400302205978, "labeledLatLngs": [{"lng": 103.96514669666566, "lat": 1.3351400302205978, "label": "display"}], "postalCode": "486066", "address": "51 Changi Business Park Central 2", "lng": 103.96514669666566, "city": "Singapore"}, "like": false}, "height": 346}, {"width": 540, "visibility": "public", "createdAt": 1333721134, "id": "4f7ef82ee4b08f16e0aa316c", "source": {"name": "Foursquare for iOS", "url": "https://foursquare.com/download/#/iphone"}, "prefix": "https://igx.4sqi.net/img/general/", "suffix": "/WTLXs9RTuyI2DaYIZ0Cc8sh5okjNj83hc-0HZl7UFg8.jpg", "venue": {"contact": {}, "beenHere": {"lastCheckinExpiredAt": 0}, "name": "Block 702 Tampines Street 71", "categories": [{"name": "Home (private)", "shortName": "Home", "primary": true, "icon": {"prefix": "https://ss3.4sqi.net/img/categories_v2/building/home_", "suffix": ".png"}, "id": "4bf58dd8d48988d103941735", "pluralName": "Homes (private)"}], "venueRatingBlacklisted": true, "stats": {"checkinsCount": 301, "tipCount": 1, "usersCount": 53}, "verified": false, "id": "4c75a9ac66be6dcb1b27c10f", "location": {"country": "Singapore", "formattedAddress": ["Tampines Avenue 5", "520702", "Singapore"], "cc": "SG", "lat": 1.3588288551059526, "isFuzzed": true, "lng": 103.93180098711395, "city": "Tampines"}, "like": false}, "height": 720}]}}, "notifications": [{"type": "notificationTray", "item": {"unreadCount": 0}}], "meta": {"requestId": "595b62e34c1f67701d446192", "code": 200}}