{"meta": {"code": 200, "requestId": "595b01ad351e3d64b0059c99"}, "notifications": [{"item": {"unreadCount": 0}, "type": "notificationTray"}], "response": {"photos": {"items": [{"height": 720, "source": {"url": "https://foursquare.com/download/#/iphone", "name": "Foursquare for iOS"}, "width": 540, "prefix": "https://igx.4sqi.net/img/general/", "createdAt": 1354797786, "id": "50c092dae4b094d210e8ba5b", "venue": {"venueRatingBlacklisted": true, "like": false, "location": {"city": "\u062f\u0628\u064a", "lng": 55.35342963365225, "cc": "AE", "state": "\u062f\u0628\u064a", "crossStreet": "DXB Airport", "lat": 25.248341222482583, "address": "Terminal 1", "labeledLatLngs": [{"label": "display", "lat": 25.248341222482583, "lng": 55.35342963365225}], "formattedAddress": ["Terminal 1 (DXB Airport)", "\u062f\u0628\u064a", "\u0627\u0644\u0625\u0645\u0627\u0631\u0627\u062a \u0627\u0644\u0639\u0631\u0628\u064a\u0629 \u0627\u0644\u0645\u062a\u062d\u062f\u0629"], "country": "\u0627\u0644\u0625\u0645\u0627\u0631\u0627\u062a \u0627\u0644\u0639\u0631\u0628\u064a\u0629 \u0627\u0644\u0645\u062a\u062d\u062f\u0629"}, "categories": [{"icon": {"prefix": "https://ss3.4sqi.net/img/categories_v2/travel/airport_gate_", "suffix": ".png"}, "name": "Airport Gate", "id": "4bf58dd8d48988d1f0931735", "pluralName": "Airport Gates", "primary": true, "shortName": "Gate"}], "verified": false, "contact": {}, "beenHere": {"lastCheckinExpiredAt": 0}, "stats": {"tipCount": 15, "usersCount": 3366, "checkinsCount": 4653}, "id": "4bd2f9bf41b9ef3bb3f6fee5", "name": "Departure Gate (T1)"}, "suffix": "/3982151_ZnRdhKmZke6HCGSdnqHf31tamMTxR7TmoBlinMm5chY.jpg", "visibility": "public"}], "count": 1}, "totalCount": 1}}