{"meta": {"code": 200, "requestId": "595b12839fb6b77bc72030f9"}, "notifications": [{"item": {"unreadCount": 0}, "type": "notificationTray"}], "response": {"photos": {"items": [{"height": 1440, "source": {"url": "https://foursquare.com/download/#/iphone", "name": "Foursquare for iOS"}, "tip": {"agreeCount": 0, "canonicalUrl": "https://foursquare.com/item/586117b30b7e93345a2d4365", "todo": {"count": 0}, "logView": true, "disagreeCount": 0, "createdAt": 1482758067, "id": "586117b30b7e93345a2d4365", "text": "Nice Pines Forest... not that far from Jakarta \ud83d\ude0a", "likes": {"groups": [], "count": 0}, "like": false, "type": "user"}, "width": 1440, "prefix": "https://igx.4sqi.net/img/general/", "createdAt": 1482758072, "id": "586117b8424f935d0b1b8e3d", "venue": {"like": false, "location": {"city": "Citeureup", "lng": 106.90605222718374, "cc": "ID", "state": "Jawa Barat", "lat": -6.583028605604577, "address": "Sentul", "labeledLatLngs": [{"label": "display", "lat": -6.583028605604577, "lng": 106.90605222718374}], "formattedAddress": ["Sentul", "Citeureup", "Jawa Barat", "Indonesia"], "country": "Indonesia"}, "categories": [{"icon": {"prefix": "https://ss3.4sqi.net/img/categories_v2/parks_outdoors/campground_", "suffix": ".png"}, "name": "Campground", "id": "4bf58dd8d48988d1e4941735", "pluralName": "Campgrounds", "primary": true, "shortName": "Campground"}], "verified": false, "contact": {}, "beenHere": {"lastCheckinExpiredAt": 0}, "stats": {"tipCount": 13, "usersCount": 1601, "checkinsCount": 1984}, "id": "4cfb78b9c6cca35dc09c8c32", "name": "Taman Wisata Alam Gunung Pancar"}, "suffix": "/3983749_6ax3nFmawdYkImz3XM6SR1dmmyq4fWCrEBlJqValeac.jpg", "visibility": "public"}, {"height": 1440, "source": {"url": "https://www.swarmapp.com", "name": "Swarm for iOS"}, "width": 1920, "prefix": "https://igx.4sqi.net/img/general/", "createdAt": 1460884049, "id": "57135251498e7956da6e384e", "venue": {"like": false, "location": {"city": "Lisse", "lng": 4.543246029905605, "cc": "NL", "state": "Zuid-Holland", "lat": 52.26875254869886, "address": "Stationsweg, 2161 Lisse", "labeledLatLngs": [{"label": "display", "lat": 52.26875254869886, "lng": 4.543246029905605}], "formattedAddress": ["Stationsweg, 2161 Lisse", "Lisse", "Nederland"], "country": "Nederland"}, "categories": [{"icon": {"prefix": "https://ss3.4sqi.net/img/categories_v2/food/default_", "suffix": ".png"}, "name": "Restaurant", "id": "4bf58dd8d48988d1c4941735", "pluralName": "Restaurants", "primary": true, "shortName": "Restaurant"}], "verified": false, "contact": {}, "allowMenuUrlEdit": true, "stats": {"tipCount": 11, "usersCount": 224, "checkinsCount": 264}, "id": "4f7923fde4b0764825f2014a", "name": "Wilhelmina Paviljoen", "beenHere": {"lastCheckinExpiredAt": 0}}, "suffix": "/3983749_36ziTUk3Xid9Ydn5anrj5VuAuU7NTwCaYHQ9OquxOdw.jpg", "visibility": "public"}, {"height": 1440, "source": {"url": "https://foursquare.com/download/#/iphone", "name": "Foursquare for iOS"}, "tip": {"agreeCount": 0, "canonicalUrl": "https://foursquare.com/item/565996c9498edbc723d8974f", "todo": {"count": 0}, "logView": true, "disagreeCount": 0, "createdAt": 1448711881, "id": "565996c9498edbc723d8974f", "text": "More than words can say for the adorable views. You need to experience by yourself!", "likes": {"groups": [], "count": 0}, "like": false, "type": "user"}, "width": 1920, "prefix": "https://igx.4sqi.net/img/general/", "createdAt": 1448711886, "id": "565996ce498e1567b8ff526b", "venue": {"url": "http://cliffsofmoher.ie", "like": false, "location": {"city": "Doolin", "lng": -9.42634596482757, "cc": "IE", "state": "Co Clare", "lat": 52.97164164013982, "address": "Aillte an Mhothair", "labeledLatLngs": [{"label": "display", "lat": 52.97164164013982, "lng": -9.42634596482757}], "formattedAddress": ["Aillte an Mhothair", "Doolin", "Co Clare", "Ireland"], "country": "Ireland"}, "categories": [{"icon": {"prefix": "https://ss3.4sqi.net/img/categories_v2/parks_outdoors/sceniclookout_", "suffix": ".png"}, "name": "Scenic Lookout", "id": "4bf58dd8d48988d165941735", "pluralName": "Scenic Lookouts", "primary": true, "shortName": "Scenic Lookout"}], "verified": false, "contact": {"twitter": "cliffsofmoher1"}, "beenHere": {"lastCheckinExpiredAt": 0}, "stats": {"tipCount": 151, "usersCount": 9245, "checkinsCount": 10095}, "id": "4b9cf105f964a520be8336e3", "name": "Cliffs of Moher"}, "suffix": "/3983749_vX5vYPGoI0FW5EYfSNX4QYHqO9YTG0t7OKCClhWt9Os.jpg", "visibility": "public"}, {"height": 1440, "source": {"url": "https://foursquare.com/download/#/iphone", "name": "Foursquare for iOS"}, "tip": {"agreeCount": 0, "canonicalUrl": "https://foursquare.com/item/56599611498edbc723d7804e", "todo": {"count": 0}, "logView": true, "disagreeCount": 0, "createdAt": 1448711697, "id": "56599611498edbc723d7804e", "text": "Most of their menus are good. I love the Tom Yam Gung... Authentic Thai cuisine \ud83d\udc4c", "likes": {"groups": [], "count": 0}, "like": false, "type": "user"}, "width": 1920, "prefix": "https://igx.4sqi.net/img/general/", "createdAt": 1448711702, "id": "56599616498eb4653a245ee5", "venue": {"url": "http://www.thaiorchiddublin.ie", "like": false, "location": {"formattedAddress": ["7 Westmoreland St", "Dublin", "Dublin City", "Ireland"], "city": "Dublin", "lng": -6.259154, "cc": "IE", "state": "Dublin City", "lat": 53.345746, "address": "7 Westmoreland St", "labeledLatLngs": [{"label": "display", "lat": 53.345746, "lng": -6.259154}], "postalCode": "2", "country": "Ireland"}, "categories": [{"icon": {"prefix": "https://ss3.4sqi.net/img/categories_v2/food/thai_", "suffix": ".png"}, "name": "Thai Restaurant", "id": "4bf58dd8d48988d149941735", "pluralName": "Thai Restaurants", "primary": true, "shortName": "Thai"}], "verified": false, "contact": {"formattedPhone": "+353 1 671 9969", "phone": "+35316719969"}, "allowMenuUrlEdit": true, "stats": {"tipCount": 19, "usersCount": 315, "checkinsCount": 398}, "id": "4b6c5124f964a52027302ce3", "name": "Thai Orchid", "beenHere": {"lastCheckinExpiredAt": 0}}, "suffix": "/3983749_bO06bEoJQVMuHXX2bSo7cKobS7PX0pfs31RqsY5ZG2U.jpg", "visibility": "public"}, {"height": 640, "source": {"url": "http://instagram.com", "name": "Instagram"}, "width": 640, "prefix": "https://igx.4sqi.net/img/general/", "createdAt": 1448296969, "id": "56534209498e1d0062d0785a", "venue": {"venueRatingBlacklisted": true, "like": false, "location": {"cc": "IE", "country": "Ireland", "lat": 53.34455391836312, "lng": -6.2566700135094875, "labeledLatLngs": [{"label": "display", "lat": 53.34455391836312, "lng": -6.2566700135094875}], "formattedAddress": ["Ireland"]}, "categories": [{"icon": {"prefix": "https://ss3.4sqi.net/img/categories_v2/education/frathouse_", "suffix": ".png"}, "name": "Fraternity House", "id": "4bf58dd8d48988d1b0941735", "pluralName": "Fraternity Houses", "primary": true, "shortName": "Frat House"}], "verified": false, "contact": {}, "private": true, "stats": {"tipCount": 0, "usersCount": 8, "checkinsCount": 14}, "id": "50995e18498e20f69f9cd057", "name": "GMB", "beenHere": {"lastCheckinExpiredAt": 0}}, "suffix": "/3983749_WN8bR-l_scTVSLaNNSjXLevHqnqmIuZYer0MssN1hlw.jpg", "visibility": "public"}, {"height": 960, "source": {"url": "https://foursquare.com/download/#/android", "name": "Foursquare for Android"}, "width": 540, "prefix": "https://igx.4sqi.net/img/general/", "createdAt": 1388892428, "id": "52c8d10c498ecccd08dfbc2d", "venue": {"like": false, "location": {"formattedAddress": ["Level 5, The Paragon (290 Orchard Rd)", "238859", "Singapore"], "city": "Singapore", "lng": 103.83575822191602, "cc": "SG", "country": "Singapore", "crossStreet": "290 Orchard Rd", "lat": 1.3035897073224862, "address": "Level 5, The Paragon", "labeledLatLngs": [{"label": "display", "lat": 1.3035897073224862, "lng": 103.83575822191602}], "postalCode": "238859"}, "categories": [{"icon": {"prefix": "https://ss3.4sqi.net/img/categories_v2/shops/mall_", "suffix": ".png"}, "name": "Shopping Mall", "id": "4bf58dd8d48988d1fd941735", "pluralName": "Shopping Malls", "primary": true, "shortName": "Mall"}], "verified": false, "contact": {}, "beenHere": {"lastCheckinExpiredAt": 0}, "stats": {"tipCount": 2, "usersCount": 114, "checkinsCount": 198}, "id": "4d2aa3e3342d6dcb41b50ecb", "name": "Paragon Junior"}, "suffix": "/3983749_eeC_Xaiukwbby6yuWgvUG_vtpDQ0O3U212kaTmchWzw.jpg", "visibility": "public"}, {"height": 720, "source": {"url": "https://foursquare.com/download/#/android", "name": "Foursquare for Android"}, "width": 960, "prefix": "https://igx.4sqi.net/img/general/", "createdAt": 1371889770, "id": "51c5606a498e538e5f9a94bb", "venue": {"like": false, "location": {"formattedAddress": ["Pongkar (Tebing Karimun)", "Pongkar", "Karimun 29166", "Indonesia"], "city": "Pongkar", "lng": 103.38701248168945, "cc": "ID", "state": "Karimun", "crossStreet": "Tebing Karimun", "lat": 1.0690450217375131, "address": "Pongkar", "labeledLatLngs": [{"label": "display", "lat": 1.0690450217375131, "lng": 103.38701248168945}], "postalCode": "29166", "country": "Indonesia"}, "categories": [{"icon": {"prefix": "https://ss3.4sqi.net/img/categories_v2/parks_outdoors/beach_", "suffix": ".png"}, "name": "Beach", "id": "4bf58dd8d48988d1e2941735", "pluralName": "Beaches", "primary": true, "shortName": "Beach"}], "verified": false, "contact": {}, "beenHere": {"lastCheckinExpiredAt": 0}, "stats": {"tipCount": 6, "usersCount": 185, "checkinsCount": 245}, "id": "4c6ff414f52cb71345bbabaf", "name": "Pantai Pongkar Karimun"}, "suffix": "/3983749_7blosSUFVmJxXi4qLx0VNUQ8ekbiC8RaayNJIPpBi5g.jpg", "visibility": "public"}, {"height": 720, "source": {"url": "https://foursquare.com/download/#/android", "name": "Foursquare for Android"}, "width": 960, "prefix": "https://igx.4sqi.net/img/general/", "createdAt": 1362129938, "id": "51307412e4b00e1a56f2f70c", "venue": {"like": false, "location": {"formattedAddress": ["88 Jalan Hang Jebat (Jonker Street)", "75200 Melaka, Melaka", "Malaysia"], "city": "Melaka", "lng": 102.24668741226196, "cc": "MY", "state": "Melaka", "crossStreet": "Jonker Street", "lat": 2.196759404615879, "address": "88 Jalan Hang Jebat", "labeledLatLngs": [{"label": "display", "lat": 2.196759404615879, "lng": 102.24668741226196}], "postalCode": "75200", "country": "Malaysia"}, "categories": [{"icon": {"prefix": "https://ss3.4sqi.net/img/categories_v2/food/asian_", "suffix": ".png"}, "name": "Chinese Restaurant", "id": "4bf58dd8d48988d145941735", "pluralName": "Chinese Restaurants", "primary": true, "shortName": "Chinese"}], "verified": false, "contact": {}, "allowMenuUrlEdit": true, "stats": {"tipCount": 273, "usersCount": 16961, "checkinsCount": 23324}, "id": "4bb6cf272ea19521eb4dac2f", "name": "Jonker 88 (Jonker 88 (\u5927\u5bf6\u5c0f\u98df))", "beenHere": {"lastCheckinExpiredAt": 0}}, "suffix": "/3983749_TjCOivc8NnYoh8PBRP5mDITgl2q_xlhlt-U1MARf63s.jpg", "visibility": "public"}, {"height": 346, "source": {"url": "https://foursquare.com/download/#/blackberry", "name": "Foursquare for BlackBerry"}, "width": 461, "prefix": "https://igx.4sqi.net/img/general/", "createdAt": 1334483833, "id": "4f8a9b79e4b0af04c1965f5e", "venue": {"location": {"formattedAddress": ["#01-09, West Mall (1 Bukit Batok Central Link)", "658713", "Singapore"], "city": "Singapore", "lng": 103.74942702159665, "cc": "SG", "country": "Singapore", "crossStreet": "1 Bukit Batok Central Link", "lat": 1.350129, "address": "#01-09, West Mall", "labeledLatLngs": [{"label": "display", "lat": 1.350129, "lng": 103.74942702159665}], "postalCode": "658713"}, "contact": {"facebookName": "The Coffee Bean & Tea Leaf\u00ae - Singapore", "facebookUsername": "coffeebean.sg", "facebook": "99745899492"}, "verified": true, "allowMenuUrlEdit": true, "stats": {"tipCount": 27, "usersCount": 2175, "checkinsCount": 4903}, "menu": {"url": "http://www.coffeebean.com.sg/beverage-menu", "label": "Menu", "anchor": "View Menu", "mobileUrl": "http://www.coffeebean.com.sg/beverage-menu", "type": "Menu", "externalUrl": "http://www.coffeebean.com.sg/beverage-menu"}, "beenHere": {"lastCheckinExpiredAt": 0}, "url": "http://www.coffeebean.com.sg", "like": false, "categories": [{"icon": {"prefix": "https://ss3.4sqi.net/img/categories_v2/food/coffeeshop_", "suffix": ".png"}, "name": "Coffee Shop", "id": "4bf58dd8d48988d1e0931735", "pluralName": "Coffee Shops", "primary": true, "shortName": "Coffee Shop"}], "id": "4b0a3a2cf964a520982223e3", "name": "The Coffee Bean & Tea Leaf"}, "suffix": "/vusOAoUrQIjcPE1T6W0T0et-2Uy3XZ5a-FRWUTzQEzM.jpg", "visibility": "public"}, {"height": 461, "source": {"url": "https://foursquare.com/download/#/blackberry", "name": "Foursquare for BlackBerry"}, "width": 346, "prefix": "https://igx.4sqi.net/img/general/", "createdAt": 1328333472, "id": "4f2cc2a0e4b059914e5d9692", "venue": {"venueRatingBlacklisted": true, "like": false, "location": {"formattedAddress": ["Main Building 1, Level 1 (5 Lower Kent Ridge Road)", "119074", "Singapore"], "city": "Singapore", "lng": 103.78374338150024, "cc": "SG", "country": "Singapore", "crossStreet": "5 Lower Kent Ridge Road", "lat": 1.2951927842843194, "address": "Main Building 1, Level 1", "labeledLatLngs": [{"label": "display", "lat": 1.2951927842843194, "lng": 103.78374338150024}], "postalCode": "119074"}, "categories": [{"icon": {"prefix": "https://ss3.4sqi.net/img/categories_v2/building/medical_ems_", "suffix": ".png"}, "name": "Emergency Room", "id": "4bf58dd8d48988d194941735", "pluralName": "Emergency Rooms", "primary": true, "shortName": "Emergency Room"}], "verified": false, "contact": {"formattedPhone": "+65 6772 2555", "phone": "+6567722555"}, "beenHere": {"lastCheckinExpiredAt": 0}, "stats": {"tipCount": 0, "usersCount": 179, "checkinsCount": 299}, "id": "4c2fb83709a99c74ace60a2a", "name": "NUH Children's Emergency"}, "suffix": "/iO8EywmYpRDwnQ23Icdep_M3VJgMl8JIjMlOhlqM364.jpg", "visibility": "public"}, {"height": 461, "source": {"url": "https://foursquare.com/download/#/blackberry", "name": "Foursquare for BlackBerry"}, "width": 346, "prefix": "https://igx.4sqi.net/img/general/", "createdAt": 1328333410, "id": "4f2cc262e4b0efbc0f2c60cf", "venue": {"venueRatingBlacklisted": true, "like": false, "location": {"formattedAddress": ["Main Building 1, Level 1 (5 Lower Kent Ridge Road)", "119074", "Singapore"], "city": "Singapore", "lng": 103.78374338150024, "cc": "SG", "country": "Singapore", "crossStreet": "5 Lower Kent Ridge Road", "lat": 1.2951927842843194, "address": "Main Building 1, Level 1", "labeledLatLngs": [{"label": "display", "lat": 1.2951927842843194, "lng": 103.78374338150024}], "postalCode": "119074"}, "categories": [{"icon": {"prefix": "https://ss3.4sqi.net/img/categories_v2/building/medical_ems_", "suffix": ".png"}, "name": "Emergency Room", "id": "4bf58dd8d48988d194941735", "pluralName": "Emergency Rooms", "primary": true, "shortName": "Emergency Room"}], "verified": false, "contact": {"formattedPhone": "+65 6772 2555", "phone": "+6567722555"}, "beenHere": {"lastCheckinExpiredAt": 0}, "stats": {"tipCount": 0, "usersCount": 179, "checkinsCount": 299}, "id": "4c2fb83709a99c74ace60a2a", "name": "NUH Children's Emergency"}, "suffix": "/LEYDSsK4wivA5Q09KXY3FvEltCqk-DndzH0p3sc-eQw.jpg", "visibility": "public"}, {"height": 461, "source": {"url": "https://foursquare.com/download/#/blackberry", "name": "Foursquare for BlackBerry"}, "width": 346, "prefix": "https://igx.4sqi.net/img/general/", "createdAt": 1317446178, "id": "4e86a222b8034108d5b482cd", "venue": {"like": false, "location": {"city": "Singapore", "lng": 103.73644297004321, "cc": "SG", "country": "Singapore", "crossStreet": "15 Science Centre Road", "lat": 1.3332716357863055, "address": "Singapore Science Centre", "labeledLatLngs": [{"label": "display", "lat": 1.3332716357863055, "lng": 103.73644297004321}], "formattedAddress": ["Singapore Science Centre (15 Science Centre Road)", "Singapore"]}, "categories": [{"icon": {"prefix": "https://ss3.4sqi.net/img/categories_v2/arts_entertainment/waterpark_", "suffix": ".png"}, "name": "Water Park", "id": "4bf58dd8d48988d193941735", "pluralName": "Water Parks", "primary": true, "shortName": "Water Park"}], "verified": false, "contact": {}, "allowMenuUrlEdit": true, "stats": {"tipCount": 1, "usersCount": 146, "checkinsCount": 210}, "id": "4ce4d138637c6ea8208e5a42", "name": "Waterworks", "beenHere": {"lastCheckinExpiredAt": 0}}, "suffix": "/GLDLG1PNUS2ABXN1BE3Y50QFOTL1JDMN03C14ICW32D2THBC.jpg", "visibility": "public"}], "count": 12}, "totalCount": 12}}