{"meta": {"code": 200, "requestId": "595ae9551ed21919f9d52c7e"}, "notifications": [{"item": {"unreadCount": 0}, "type": "notificationTray"}], "response": {"photos": {"items": [{"height": 720, "source": {"url": "https://foursquare.com/download/#/iphone", "name": "Foursquare for iOS"}, "width": 540, "prefix": "https://igx.4sqi.net/img/general/", "createdAt": 1295841893, "id": "4d3cfa65dfa128fd6df938bb", "venue": {"like": false, "location": {"lng": 103.819073, "cc": "SG", "country": "Singapore", "lat": 1.286525, "address": "Blk88 redhill close", "labeledLatLngs": [{"label": "display", "lat": 1.286525, "lng": 103.819073}], "formattedAddress": ["Blk88 redhill close", "Singapore"]}, "categories": [{"icon": {"prefix": "https://ss3.4sqi.net/img/categories_v2/parks_outdoors/playground_", "suffix": ".png"}, "name": "Playground", "id": "4bf58dd8d48988d1e7941735", "pluralName": "Playgrounds", "primary": true, "shortName": "Playground"}], "verified": false, "contact": {}, "beenHere": {"lastCheckinExpiredAt": 0}, "stats": {"tipCount": 1, "usersCount": 19, "checkinsCount": 73}, "id": "4d39090e928c224b2ba15f1a", "name": "Playground"}, "suffix": "/04T1NCZLH0NTYPVBBZTCHQDFPBHFO2AYO1EQAWRNB4WBIDMD.jpg", "visibility": "public"}], "count": 1}, "totalCount": 1}}