{"response": {"photos": {"items": [{"id": "542a1e63498e00bcdde44142", "createdAt": 1412046435, "height": 959, "visibility": "public", "source": {"url": "https://www.swarmapp.com", "name": "Swarm for iOS"}, "prefix": "https://igx.4sqi.net/img/general/", "venue": {"like": false, "menu": {"anchor": "View Menu", "url": "https://foursquare.com/v/marigold-restaurant/4b058766f964a520939022e3/menu", "label": "Menu", "type": "Menu", "mobileUrl": "https://foursquare.com/v/4b058766f964a520939022e3/device_menu"}, "allowMenuUrlEdit": true, "location": {"crossStreet": "at Hay St.", "labeledLatLngs": [{"lng": 151.204875, "label": "display", "lat": -33.879752}], "state": "NSW", "lat": -33.879752, "postalCode": "2000", "city": "Haymarket", "formattedAddress": ["4-5/683-689 George St. (at Hay St.)", "Haymarket NSW 2000", "Australia"], "lng": 151.204875, "address": "4-5/683-689 George St.", "country": "Australia", "cc": "AU"}, "name": "Marigold Restaurant", "id": "4b058766f964a520939022e3", "beenHere": {"lastCheckinExpiredAt": 0}, "stats": {"checkinsCount": 4637, "tipCount": 78, "usersCount": 2684}, "url": "http://www.marigold.com.au", "categories": [{"id": "4bf58dd8d48988d145941735", "primary": true, "icon": {"prefix": "https://ss3.4sqi.net/img/categories_v2/food/asian_", "suffix": ".png"}, "pluralName": "Chinese Restaurants", "shortName": "Chinese", "name": "Chinese Restaurant"}], "verified": false, "hasMenu": true, "contact": {"formattedPhone": "+61 2 9261 8988", "phone": "+61292618988"}}, "width": 717, "suffix": "/3983723_I-53_6URpnPHVJDVFYhSPN7eLKAqPX74s0qTLoLO2K8.jpg"}, {"id": "5428ec26498e4a9b8d8628f8", "createdAt": 1411968038, "height": 959, "visibility": "public", "source": {"url": "https://www.swarmapp.com", "name": "Swarm for iOS"}, "prefix": "https://igx.4sqi.net/img/general/", "venue": {"like": false, "allowMenuUrlEdit": true, "location": {"crossStreet": "Pyrmont Bridge Rd.", "labeledLatLngs": [{"lng": 151.1921525001526, "label": "display", "lat": -33.87280290291868}], "state": "NSW", "lat": -33.87280290291868, "postalCode": "2009", "city": "Pyrmont", "formattedAddress": ["Bank St (Pyrmont Bridge Rd.)", "Pyrmont NSW 2009", "Australia"], "lng": 151.1921525001526, "address": "Bank St", "country": "Australia", "cc": "AU"}, "id": "4b073f72f964a5209bfa22e3", "beenHere": {"lastCheckinExpiredAt": 0}, "stats": {"checkinsCount": 19533, "tipCount": 209, "usersCount": 12087}, "url": "http://www.sydneyfishmarket.com.au", "categories": [{"id": "4bf58dd8d48988d10e951735", "primary": true, "icon": {"prefix": "https://ss3.4sqi.net/img/categories_v2/shops/food_fishmarket_", "suffix": ".png"}, "pluralName": "Fish Markets", "shortName": "Fish Market", "name": "Fish Market"}], "venuePage": {"id": "54278186"}, "verified": true, "contact": {"formattedPhone": "+61 2 9004 1100", "phone": "+61290041100"}, "name": "Sydney Fish Market"}, "width": 717, "suffix": "/3983723_gWbMxZpKzIpknyeSeiG7IHkf7tGcoz0Fae0GX0FFhTg.jpg"}, {"id": "53d452a8498efc81d37100f0", "createdAt": 1406423720, "height": 720, "visibility": "public", "source": {"url": "https://www.swarmapp.com", "name": "Swarm for iOS"}, "prefix": "https://igx.4sqi.net/img/general/", "venue": {"id": "50dd8200e4b0d90b0ecc4ef1", "like": false, "stats": {"checkinsCount": 488, "tipCount": 2, "usersCount": 270}, "beenHere": {"lastCheckinExpiredAt": 0}, "categories": [{"id": "55077a22498e5e9248869ba2", "primary": true, "icon": {"prefix": "https://ss3.4sqi.net/img/categories_v2/travel/boat_", "suffix": ".png"}, "pluralName": "Cruises", "shortName": "Cruise", "name": "Cruise"}], "verified": false, "location": {"address": "Harbourfront Cruise Centre", "lat": 1.2620412720611343, "country": "Singapore", "lng": 103.81892324422893, "labeledLatLngs": [{"lng": 103.81892324422893, "label": "display", "lat": 1.2620412720611343}], "formattedAddress": ["Harbourfront Cruise Centre", "Singapore"], "cc": "SG"}, "contact": {}, "venueRatingBlacklisted": true, "name": "Star Cruise: Superstar Gemini"}, "width": 720, "suffix": "/3983723_yTf4L6KbiEGIH7MjJ4OfYT0r5m2g5VYWKvwKd1O4-EY.jpg"}, {"id": "4ff03dd4e4b0cf9880c9c554", "createdAt": 1341144532, "height": 720, "visibility": "public", "source": {"url": "https://foursquare.com/download/#/iphone", "name": "Foursquare for iOS"}, "prefix": "https://igx.4sqi.net/img/general/", "venue": {"id": "4cee1b78ed62721ebefc59fd", "like": false, "stats": {"checkinsCount": 14, "tipCount": 0, "usersCount": 7}, "beenHere": {"lastCheckinExpiredAt": 0}, "categories": [{"id": "4bf58dd8d48988d171941735", "primary": true, "icon": {"prefix": "https://ss3.4sqi.net/img/categories_v2/building/eventspace_", "suffix": ".png"}, "pluralName": "Event Spaces", "shortName": "Event Space", "name": "Event Space"}], "verified": false, "location": {"lat": 1.2889410944164266, "formattedAddress": ["Singapore"], "country": "Singapore", "labeledLatLngs": [{"lng": 103.85698323352298, "label": "display", "lat": 1.2889410944164266}], "cc": "SG", "lng": 103.85698323352298}, "contact": {}, "venueRatingBlacklisted": true, "name": "Esplanade Power House"}, "width": 537, "suffix": "/Hmbnj4V9n_pEYRjJHQUjSYOCAOKh9uATlDGOZ3tWFbA.jpg"}], "count": 4}, "totalCount": 4}, "meta": {"code": 200, "requestId": "595a8437351e3d64b498a21e"}, "notifications": [{"item": {"unreadCount": 0}, "type": "notificationTray"}]}