{"meta": {"code": 200, "requestId": "595ae70e351e3d64b1e758a4"}, "notifications": [{"item": {"unreadCount": 0}, "type": "notificationTray"}], "response": {"photos": {"items": [{"height": 1920, "source": {"url": "https://foursquare.com/download/#/iphone", "name": "Foursquare for iOS"}, "width": 1440, "prefix": "https://igx.4sqi.net/img/general/", "createdAt": 1367398859, "id": "5180d9cb498e27297b898741", "venue": {"venueRatingBlacklisted": true, "like": false, "location": {"formattedAddress": ["994 Bendemeer Road #05-01", "339943", "Singapore"], "lng": 103.864875, "cc": "SG", "country": "Singapore", "lat": 1.320109, "address": "994 Bendemeer Road #05-01", "labeledLatLngs": [{"label": "display", "lat": 1.320109, "lng": 103.864875}], "postalCode": "339943"}, "categories": [{"icon": {"prefix": "https://ss3.4sqi.net/img/categories_v2/building/default_", "suffix": ".png"}, "name": "Office", "id": "4bf58dd8d48988d124941735", "pluralName": "Offices", "primary": true, "shortName": "Office"}], "verified": false, "contact": {"formattedPhone": "+65 6298 1038", "phone": "+6562981038"}, "beenHere": {"lastCheckinExpiredAt": 0}, "stats": {"tipCount": 0, "usersCount": 2, "checkinsCount": 2}, "id": "5180d98b498e138b54c0dd3b", "name": "Spin Pte Ltd"}, "suffix": "/3983496_S3nWV-Rc_ON0y81jnJXz0DRjjesGN4Wol40QzGfMqjA.jpg", "visibility": "public"}, {"height": 720, "source": {"url": "https://foursquare.com/download/#/iphone", "name": "Foursquare for iOS"}, "width": 537, "prefix": "https://igx.4sqi.net/img/general/", "createdAt": 1299296858, "id": "4d71b25a062528fd661aada2", "venue": {"like": false, "location": {"formattedAddress": ["#02-12, Heartland Mall, 205 Hougang St. 21", "530205", "Singapore"], "city": "Singapore", "lng": 103.88467867030712, "cc": "SG", "country": "Singapore", "lat": 1.3593592764787887, "address": "#02-12, Heartland Mall, 205 Hougang St. 21", "labeledLatLngs": [{"label": "display", "lat": 1.3593592764787887, "lng": 103.88467867030712}], "postalCode": "530205"}, "categories": [{"icon": {"prefix": "https://ss3.4sqi.net/img/categories_v2/shops/beauty_cosmetic_", "suffix": ".png"}, "name": "Cosmetics Shop", "id": "4bf58dd8d48988d10c951735", "pluralName": "Cosmetics Shops", "primary": true, "shortName": "Cosmetics"}], "verified": false, "contact": {}, "allowMenuUrlEdit": true, "stats": {"tipCount": 4, "usersCount": 83, "checkinsCount": 215}, "id": "4bf6168294b2a593a5faacee", "name": "Relax Nails & Spa", "beenHere": {"lastCheckinExpiredAt": 0}}, "suffix": "/OG3NOE3QUZQJ2FTXHKAMOXHEPTUBHS4HO2ONSUH0HJF0BRVG.jpg", "visibility": "public"}, {"height": 720, "source": {"url": "https://foursquare.com/download/#/iphone", "name": "Foursquare for iOS"}, "width": 537, "prefix": "https://igx.4sqi.net/img/general/", "createdAt": 1299296781, "id": "4d71b20d685b2da104813d3b", "venue": {"like": false, "location": {"formattedAddress": ["#02-12, Heartland Mall, 205 Hougang St. 21", "530205", "Singapore"], "city": "Singapore", "lng": 103.88467867030712, "cc": "SG", "country": "Singapore", "lat": 1.3593592764787887, "address": "#02-12, Heartland Mall, 205 Hougang St. 21", "labeledLatLngs": [{"label": "display", "lat": 1.3593592764787887, "lng": 103.88467867030712}], "postalCode": "530205"}, "categories": [{"icon": {"prefix": "https://ss3.4sqi.net/img/categories_v2/shops/beauty_cosmetic_", "suffix": ".png"}, "name": "Cosmetics Shop", "id": "4bf58dd8d48988d10c951735", "pluralName": "Cosmetics Shops", "primary": true, "shortName": "Cosmetics"}], "verified": false, "contact": {}, "allowMenuUrlEdit": true, "stats": {"tipCount": 4, "usersCount": 83, "checkinsCount": 215}, "id": "4bf6168294b2a593a5faacee", "name": "Relax Nails & Spa", "beenHere": {"lastCheckinExpiredAt": 0}}, "suffix": "/S4HGLRSYHQJJ3IZSX3H5NSVFT3PV5DO1DT0R4GTYD5VBWAS1.jpg", "visibility": "public"}, {"height": 720, "source": {"url": "https://foursquare.com/download/#/iphone", "name": "Foursquare for iOS"}, "width": 537, "prefix": "https://igx.4sqi.net/img/general/", "createdAt": 1299296760, "id": "4d71b1f8a43ba340e1494614", "venue": {"like": false, "location": {"formattedAddress": ["#02-12, Heartland Mall, 205 Hougang St. 21", "530205", "Singapore"], "city": "Singapore", "lng": 103.88467867030712, "cc": "SG", "country": "Singapore", "lat": 1.3593592764787887, "address": "#02-12, Heartland Mall, 205 Hougang St. 21", "labeledLatLngs": [{"label": "display", "lat": 1.3593592764787887, "lng": 103.88467867030712}], "postalCode": "530205"}, "categories": [{"icon": {"prefix": "https://ss3.4sqi.net/img/categories_v2/shops/beauty_cosmetic_", "suffix": ".png"}, "name": "Cosmetics Shop", "id": "4bf58dd8d48988d10c951735", "pluralName": "Cosmetics Shops", "primary": true, "shortName": "Cosmetics"}], "verified": false, "contact": {}, "allowMenuUrlEdit": true, "stats": {"tipCount": 4, "usersCount": 83, "checkinsCount": 215}, "id": "4bf6168294b2a593a5faacee", "name": "Relax Nails & Spa", "beenHere": {"lastCheckinExpiredAt": 0}}, "suffix": "/N2GTPN1IULAANJ5IRNLASQ50ASYZ5AZMBKBV3MYIHR24ZY23.jpg", "visibility": "public"}], "count": 4}, "totalCount": 4}}