{"meta": {"code": 200, "requestId": "595b1c5e4434b96bc82f69f0"}, "notifications": [{"item": {"unreadCount": 0}, "type": "notificationTray"}], "response": {"photos": {"items": [{"height": 960, "source": {"url": "https://foursquare.com/download/#/iphone", "name": "Foursquare for iOS"}, "width": 716, "prefix": "https://igx.4sqi.net/img/general/", "createdAt": 1374726342, "id": "51f0a8c6498ee11bc5c2cd0a", "venue": {"like": false, "location": {"lng": 103.84674680431792, "cc": "SG", "country": "Singapore", "lat": 1.2851516973427002, "address": "Hong Lim Hawker Centre #01-69", "labeledLatLngs": [{"label": "display", "lat": 1.2851516973427002, "lng": 103.84674680431792}], "formattedAddress": ["Hong Lim Hawker Centre #01-69", "Singapore"]}, "categories": [{"icon": {"prefix": "https://ss3.4sqi.net/img/categories_v2/food/asian_", "suffix": ".png"}, "name": "Chinese Restaurant", "id": "4bf58dd8d48988d145941735", "pluralName": "Chinese Restaurants", "primary": true, "shortName": "Chinese"}], "verified": false, "contact": {}, "allowMenuUrlEdit": true, "stats": {"tipCount": 2, "usersCount": 22, "checkinsCount": 55}, "id": "4d3937eb9ae66dcb1b3a1ee7", "name": "Chai Kee Fish Soup", "beenHere": {"lastCheckinExpiredAt": 0}}, "suffix": "/3992405_t6E-81PAv31dxegiffysOsuirwqz7E-oTU2cIEbCPB4.jpg", "visibility": "public"}, {"height": 959, "source": {"url": "https://foursquare.com/download/#/iphone", "name": "Foursquare for iOS"}, "width": 717, "prefix": "https://igx.4sqi.net/img/general/", "createdAt": 1368883851, "id": "5197828b498e2fe0c5980052", "venue": {"like": false, "location": {"formattedAddress": ["Jalan Changkat Thambi Dollah (Off Jalan Pudu)", "55100 Kuala Lumpur, Kuala Lumpur", "Malaysia"], "city": "Kuala Lumpur", "lng": 101.71253674436691, "cc": "MY", "state": "Kuala Lumpur", "crossStreet": "Off Jalan Pudu", "lat": 3.1405653268788742, "address": "Jalan Changkat Thambi Dollah", "labeledLatLngs": [{"label": "display", "lat": 3.1405653268788742, "lng": 101.71253674436691}], "postalCode": "55100", "country": "Malaysia"}, "categories": [{"icon": {"prefix": "https://ss3.4sqi.net/img/categories_v2/food/asian_", "suffix": ".png"}, "name": "Chinese Restaurant", "id": "4bf58dd8d48988d145941735", "pluralName": "Chinese Restaurants", "primary": true, "shortName": "Chinese"}], "verified": false, "contact": {"formattedPhone": "+60 3-2142 0304", "phone": "+60321420304"}, "allowMenuUrlEdit": true, "stats": {"tipCount": 64, "usersCount": 2942, "checkinsCount": 5480}, "id": "4c7a3620566db60c8665470e", "name": "Keong Kee Herbal Soup (\u5f3a\u8bb0\u8865\u54c1)", "beenHere": {"lastCheckinExpiredAt": 0}}, "suffix": "/3992405_sFetharTlp1DOmoz4etzWtujKgxqXuP6x5teZ3mVdiA.jpg", "visibility": "public"}, {"height": 720, "source": {"url": "https://foursquare.com/download/#/iphone", "name": "Foursquare for iOS"}, "tip": {"agreeCount": 0, "canonicalUrl": "https://foursquare.com/item/4d57a5b8c406a35dfd14eb4a", "todo": {"count": 0}, "logView": true, "disagreeCount": 0, "createdAt": 1297589688, "id": "4d57a5b8c406a35dfd14eb4a", "text": "Singha beer at $5 only and taste nice.", "likes": {"groups": [], "count": 0}, "like": false, "type": "user"}, "width": 537, "prefix": "https://igx.4sqi.net/img/general/", "createdAt": 1297589705, "id": "4d57a5c9a3182da19153969e", "venue": {"like": false, "location": {"formattedAddress": ["301 Punggol Central", "824301", "Singapore"], "city": "Singapore", "lng": 103.90644371709489, "cc": "SG", "country": "Singapore", "lat": 1.403461151928656, "address": "301 Punggol Central", "labeledLatLngs": [{"label": "display", "lat": 1.403461151928656, "lng": 103.90644371709489}], "postalCode": "824301"}, "categories": [{"icon": {"prefix": "https://ss3.4sqi.net/img/categories_v2/shops/food_foodcourt_", "suffix": ".png"}, "name": "Food Court", "id": "4bf58dd8d48988d120951735", "pluralName": "Food Courts", "primary": true, "shortName": "Food Court"}], "verified": false, "contact": {}, "allowMenuUrlEdit": true, "stats": {"tipCount": 42, "usersCount": 824, "checkinsCount": 3221}, "id": "4c0f1df675f99c746097ecc4", "name": "Fu Chan Coffee Shop \u5bcc\u57ce\u9910\u5ba4", "beenHere": {"lastCheckinExpiredAt": 0}}, "suffix": "/UBNB2SPEE24XRMYJ2XP3BLRM0SOLKXN1QAJRBLJLRH1L1FPJ.jpg", "visibility": "public"}], "count": 3}, "totalCount": 3}}