{"meta": {"code": 200, "requestId": "595af44a9fb6b77b93f456e5"}, "notifications": [{"item": {"unreadCount": 0}, "type": "notificationTray"}], "response": {"photos": {"items": [{"height": 960, "source": {"url": "https://foursquare.com/download/#/iphone", "name": "Foursquare for iOS"}, "width": 720, "prefix": "https://igx.4sqi.net/img/general/", "createdAt": 1393588424, "id": "531078c8498e43d4c4e8950b", "venue": {"url": "http://www.thaiexpress.com.sg", "like": false, "location": {"formattedAddress": ["#03-24 Plaza Singapura (68 Orchard Rd)", "238839", "Singapore"], "city": "Singapore", "lng": 103.84475962230776, "cc": "SG", "country": "Singapore", "crossStreet": "68 Orchard Rd", "lat": 1.2997635047237144, "address": "#03-24 Plaza Singapura", "labeledLatLngs": [{"label": "display", "lat": 1.2997635047237144, "lng": 103.84475962230776}], "postalCode": "238839"}, "categories": [{"icon": {"prefix": "https://ss3.4sqi.net/img/categories_v2/food/thai_", "suffix": ".png"}, "name": "Thai Restaurant", "id": "4bf58dd8d48988d149941735", "pluralName": "Thai Restaurants", "primary": true, "shortName": "Thai"}], "verified": false, "contact": {"formattedPhone": "+65 6339 5442", "phone": "+6563395442"}, "allowMenuUrlEdit": true, "stats": {"tipCount": 50, "usersCount": 2252, "checkinsCount": 2875}, "id": "4b126b57f964a520bf8923e3", "name": "Thai Express", "beenHere": {"lastCheckinExpiredAt": 0}}, "suffix": "/3994637_hyLVQoa2tqkZ3uA91d2zqOzFkCGg0T3P7YQONC8XJyI.jpg", "visibility": "public"}, {"height": 720, "source": {"url": "https://foursquare.com/download/#/iphone", "name": "Foursquare for iOS"}, "width": 960, "prefix": "https://igx.4sqi.net/img/general/", "createdAt": 1391937560, "id": "52f74818498ee45bca1b8c85", "venue": {"like": false, "location": {"formattedAddress": ["768 Upper Serangoon Road", "534636", "Singapore"], "city": "Singapore", "lng": 103.87872687619746, "cc": "SG", "country": "Singapore", "lat": 1.354345598188333, "address": "768 Upper Serangoon Road", "labeledLatLngs": [{"label": "display", "lat": 1.354345598188333, "lng": 103.87872687619746}], "postalCode": "534636"}, "categories": [{"icon": {"prefix": "https://ss3.4sqi.net/img/categories_v2/food/indian_", "suffix": ".png"}, "name": "Indian Restaurant", "id": "4bf58dd8d48988d10f941735", "pluralName": "Indian Restaurants", "primary": true, "shortName": "Indian"}], "verified": false, "contact": {}, "allowMenuUrlEdit": true, "stats": {"tipCount": 22, "usersCount": 536, "checkinsCount": 1533}, "id": "4cc5b3063ed5199c5d454b1e", "name": "7star Restaurant", "beenHere": {"lastCheckinExpiredAt": 0}}, "suffix": "/3994637_Jt_iZaYI-ApiiLRAuqW9H9Z3UTMO54yrUJZWcP0EuEg.jpg", "visibility": "public"}, {"height": 960, "source": {"url": "https://foursquare.com/download/#/iphone", "name": "Foursquare for iOS"}, "width": 720, "prefix": "https://igx.4sqi.net/img/general/", "createdAt": 1391575089, "id": "52f1c03111d216e8349a0679", "venue": {"venueRatingBlacklisted": true, "like": false, "location": {"formattedAddress": ["49 (Jalan Pemimpin)", "577203", "Singapore"], "lng": 103.84098349046705, "cc": "SG", "country": "Singapore", "crossStreet": "Jalan Pemimpin", "lat": 1.351252239726229, "address": "49", "labeledLatLngs": [{"label": "display", "lat": 1.351252239726229, "lng": 103.84098349046705}], "postalCode": "577203"}, "categories": [{"icon": {"prefix": "https://ss3.4sqi.net/img/categories_v2/building/default_", "suffix": ".png"}, "name": "Office", "id": "4bf58dd8d48988d124941735", "pluralName": "Offices", "primary": true, "shortName": "Office"}], "verified": false, "contact": {}, "beenHere": {"lastCheckinExpiredAt": 0}, "stats": {"tipCount": 0, "usersCount": 47, "checkinsCount": 177}, "id": "4b6f8615f964a52043f42ce3", "name": "49 jalan pemimpin"}, "suffix": "/3994637_jg_kGlkgpk-vZ8n3zUVjjiX_m6dTwl9mu-Mv__KMCns.jpg", "visibility": "public"}, {"height": 540, "source": {"url": "https://foursquare.com/download/#/iphone", "name": "Foursquare for iOS"}, "width": 540, "prefix": "https://igx.4sqi.net/img/general/", "createdAt": 1341517648, "id": "4ff5ef50e4b04619c6d33ddd", "venue": {"closed": true, "like": false, "location": {"city": "Singapore", "lng": 103.86302467353092, "cc": "SG", "country": "Singapore", "lat": 1.3215612346277836, "address": "943 Serangoon Road", "formattedAddress": ["943 Serangoon Road", "Singapore"]}, "categories": [{"icon": {"prefix": "https://ss3.4sqi.net/img/categories_v2/food/seafood_", "suffix": ".png"}, "name": "Seafood Restaurant", "id": "4bf58dd8d48988d1ce941735", "pluralName": "Seafood Restaurants", "primary": true, "shortName": "Seafood"}], "verified": false, "contact": {"formattedPhone": "+65 6294 1821", "phone": "+6562941821"}, "allowMenuUrlEdit": true, "stats": {"tipCount": 56, "usersCount": 2796, "checkinsCount": 5668}, "id": "4b802983f964a520175830e3", "name": "Adam's Corner Seafood Restaurant", "beenHere": {"lastCheckinExpiredAt": 0}}, "suffix": "/8KcYUp0Qt_KFqr0bFL5lpNF38vp1NrfT4s0xF5rQR78.jpg", "visibility": "public"}, {"height": 720, "source": {"url": "https://foursquare.com/download/#/iphone", "name": "Foursquare for iOS"}, "width": 540, "prefix": "https://igx.4sqi.net/img/general/", "createdAt": 1340658077, "id": "4fe8d19de4b09676ea174c0a", "venue": {"venueRatingBlacklisted": true, "like": false, "location": {"cc": "SG", "country": "Singapore", "lat": 1.352186, "lng": 103.936779, "labeledLatLngs": [{"label": "display", "lat": 1.352186, "lng": 103.936779}], "formattedAddress": ["Singapore"]}, "categories": [{"icon": {"prefix": "https://ss3.4sqi.net/img/categories_v2/building/apartment_", "suffix": ".png"}, "name": "Residential Building (Apartment / Condo)", "id": "4d954b06a243a5684965b473", "pluralName": "Residential Buildings (Apartments / Condos)", "primary": true, "shortName": "Residential"}], "verified": false, "contact": {}, "beenHere": {"lastCheckinExpiredAt": 0}, "stats": {"tipCount": 1, "usersCount": 106, "checkinsCount": 245}, "id": "4c493783b5eec9b6d82773a4", "name": "Blk 844 Tampines Street 82"}, "suffix": "/zDSsfIJb7_ckhvWTLsrmiwfa-tGWUFFpkPTyI1CY2zU.jpg", "visibility": "public"}, {"height": 720, "source": {"url": "https://foursquare.com/download/#/iphone", "name": "Foursquare for iOS"}, "width": 540, "prefix": "https://igx.4sqi.net/img/general/", "createdAt": 1340653731, "id": "4fe8c0a3e4b0117429d4c1ae", "venue": {"like": false, "location": {"formattedAddress": ["1020 East Coast Parkway (Marine Parade)", "449878", "Singapore"], "city": "Singapore", "lng": 103.916674, "cc": "SG", "country": "Singapore", "crossStreet": "Marine Parade", "lat": 1.302251, "address": "1020 East Coast Parkway", "labeledLatLngs": [{"label": "display", "lat": 1.302251, "lng": 103.916674}], "postalCode": "449878"}, "categories": [{"icon": {"prefix": "https://ss3.4sqi.net/img/categories_v2/parks_outdoors/farm_", "suffix": ".png"}, "name": "Farm", "id": "4bf58dd8d48988d15b941735", "pluralName": "Farms", "primary": true, "shortName": "Farm"}], "verified": false, "contact": {}, "allowMenuUrlEdit": true, "stats": {"tipCount": 22, "usersCount": 1756, "checkinsCount": 2422}, "id": "4bb759b8ef159c745f0e77f7", "name": "East Coast Prawning Pte Ltd", "beenHere": {"lastCheckinExpiredAt": 0}}, "suffix": "/LomsL6XnO_RhZwgwT0wJU94xnOuuj9uA3PXqaycpdZU.jpg", "visibility": "public"}, {"height": 720, "source": {"url": "https://foursquare.com/download/#/iphone", "name": "Foursquare for iOS"}, "width": 540, "prefix": "https://igx.4sqi.net/img/general/", "createdAt": 1340647543, "id": "4fe8a877e4b04318c4efedc4", "venue": {"like": false, "location": {"formattedAddress": ["51 Lorong 24 Geylang", "398642", "Singapore"], "lng": 103.88351207556516, "cc": "SG", "country": "Singapore", "lat": 1.3110824059549453, "address": "51 Lorong 24 Geylang", "labeledLatLngs": [{"label": "display", "lat": 1.3110824059549453, "lng": 103.88351207556516}], "postalCode": "398642"}, "categories": [{"icon": {"prefix": "https://ss3.4sqi.net/img/categories_v2/shops/gas_", "suffix": ".png"}, "name": "Gas Station", "id": "4bf58dd8d48988d113951735", "pluralName": "Gas Stations", "primary": true, "shortName": "Gas Station"}], "verified": false, "contact": {}, "allowMenuUrlEdit": true, "stats": {"tipCount": 0, "usersCount": 53, "checkinsCount": 94}, "id": "4de374fb52b1d38d2985d8b9", "name": "Esso Kiosk", "beenHere": {"lastCheckinExpiredAt": 0}}, "suffix": "/x8TSMx1fQeLdoChLQ5Pg-I4m0RuT2Yq6VymV1I5dFm8.jpg", "visibility": "public"}, {"height": 720, "source": {"url": "https://foursquare.com/download/#/iphone", "name": "Foursquare for iOS"}, "width": 540, "prefix": "https://igx.4sqi.net/img/general/", "createdAt": 1339299340, "id": "4fd4160ce4b0d6a97d58ace3", "venue": {"venueRatingBlacklisted": true, "like": false, "location": {"isFuzzed": true, "cc": "SG", "country": "Singapore", "lat": 1.3028323489405058, "lng": 103.89699931165642, "formattedAddress": ["439887", "Singapore"]}, "categories": [{"icon": {"prefix": "https://ss3.4sqi.net/img/categories_v2/building/home_", "suffix": ".png"}, "name": "Home (private)", "id": "4bf58dd8d48988d103941735", "pluralName": "Homes (private)", "primary": true, "shortName": "Home"}], "verified": false, "contact": {}, "beenHere": {"lastCheckinExpiredAt": 0}, "stats": {"tipCount": 1, "usersCount": 43, "checkinsCount": 580}, "id": "4c5a4e8b5c57c9b6191c1d4a", "name": "Amber Residences"}, "suffix": "/IwTwYIxA3aZBC9l-uf8c8YCEzI0MW95zuUxmrMtYGPQ.jpg", "visibility": "public"}, {"height": 540, "source": {"url": "https://foursquare.com/download/#/iphone", "name": "Foursquare for iOS"}, "width": 540, "prefix": "https://igx.4sqi.net/img/general/", "createdAt": 1339086608, "id": "4fd0d710e4b0f7109a2eac29", "venue": {"venueRatingBlacklisted": true, "like": false, "location": {"city": "Singapore", "isFuzzed": true, "cc": "SG", "country": "Singapore", "lat": 1.3587605941009544, "lng": 103.94340350585274, "formattedAddress": ["520501", "Singapore"]}, "categories": [{"icon": {"prefix": "https://ss3.4sqi.net/img/categories_v2/building/home_", "suffix": ".png"}, "name": "Home (private)", "id": "4bf58dd8d48988d103941735", "pluralName": "Homes (private)", "primary": true, "shortName": "Home"}], "verified": false, "contact": {}, "beenHere": {"lastCheckinExpiredAt": 0}, "stats": {"tipCount": 1, "usersCount": 44, "checkinsCount": 509}, "id": "4cdc1d7b2db58eece75313a9", "name": "Blk 501 Tampines Central 1"}, "suffix": "/eRnXlQQdM4TU18SkKHyEzEaMpj_kxo9MDSBuT1L2tDo.jpg", "visibility": "public"}, {"height": 540, "source": {"url": "https://foursquare.com/download/#/iphone", "name": "Foursquare for iOS"}, "width": 540, "prefix": "https://igx.4sqi.net/img/general/", "createdAt": 1339086590, "id": "4fd0d6fee4b051e179dbe7c5", "venue": {"venueRatingBlacklisted": true, "like": false, "location": {"city": "Singapore", "isFuzzed": true, "cc": "SG", "country": "Singapore", "lat": 1.3587605941009544, "lng": 103.94340350585274, "formattedAddress": ["520501", "Singapore"]}, "categories": [{"icon": {"prefix": "https://ss3.4sqi.net/img/categories_v2/building/home_", "suffix": ".png"}, "name": "Home (private)", "id": "4bf58dd8d48988d103941735", "pluralName": "Homes (private)", "primary": true, "shortName": "Home"}], "verified": false, "contact": {}, "beenHere": {"lastCheckinExpiredAt": 0}, "stats": {"tipCount": 1, "usersCount": 44, "checkinsCount": 509}, "id": "4cdc1d7b2db58eece75313a9", "name": "Blk 501 Tampines Central 1"}, "suffix": "/eRnXlQQdM4TU18SkKHyEzEaMpj_kxo9MDSBuT1L2tDo.jpg", "visibility": "public"}, {"height": 540, "source": {"url": "https://foursquare.com/download/#/iphone", "name": "Foursquare for iOS"}, "width": 540, "prefix": "https://igx.4sqi.net/img/general/", "createdAt": 1338894263, "id": "4fcde7b7e4b0f39fffc69dd3", "venue": {"venueRatingBlacklisted": true, "like": false, "location": {"formattedAddress": ["440 Tampines St. 43", "520440", "Singapore"], "city": "Singapore", "lng": 103.95171403884888, "cc": "SG", "country": "Singapore", "lat": 1.3608570723989497, "address": "440 Tampines St. 43", "labeledLatLngs": [{"label": "display", "lat": 1.3608570723989497, "lng": 103.95171403884888}], "postalCode": "520440"}, "categories": [{"icon": {"prefix": "https://ss3.4sqi.net/img/categories_v2/building/apartment_", "suffix": ".png"}, "name": "Residential Building (Apartment / Condo)", "id": "4d954b06a243a5684965b473", "pluralName": "Residential Buildings (Apartments / Condos)", "primary": true, "shortName": "Residential"}], "verified": false, "contact": {}, "beenHere": {"lastCheckinExpiredAt": 0}, "stats": {"tipCount": 1, "usersCount": 68, "checkinsCount": 441}, "id": "4c84e27947cc224b44cf9b9f", "name": "Blk 440 Tampines Street 43"}, "suffix": "/zZ6vlmaZSzt6vNcS757lH1HZgUzYfIU4n74tU87od6A.jpg", "visibility": "public"}, {"height": 720, "source": {"url": "https://foursquare.com/download/#/iphone", "name": "Foursquare for iOS"}, "width": 537, "prefix": "https://igx.4sqi.net/img/general/", "createdAt": 1316055378, "id": "4e71695252b16b24915f7170", "venue": {"like": false, "location": {"formattedAddress": ["2 Changi Village Rd", "500002", "Singapore"], "city": "Singapore", "lng": 103.98818263133168, "cc": "SG", "country": "Singapore", "lat": 1.3891531866538134, "address": "2 Changi Village Rd", "postalCode": "500002"}, "categories": [{"icon": {"prefix": "https://ss3.4sqi.net/img/categories_v2/shops/food_foodcourt_", "suffix": ".png"}, "name": "Food Court", "id": "4bf58dd8d48988d120951735", "pluralName": "Food Courts", "primary": true, "shortName": "Food Court"}], "verified": false, "contact": {}, "allowMenuUrlEdit": true, "stats": {"tipCount": 172, "usersCount": 14766, "checkinsCount": 29009}, "id": "4b5bd6bdf964a5201f1929e3", "name": "Changi Village Hawker Centre", "beenHere": {"lastCheckinExpiredAt": 0}}, "suffix": "/3UOSVLAPFKQGNDQI21T1RT5TFPVLBMCUO0H5JBTM2WBADA2O.jpg", "visibility": "public"}, {"height": 720, "source": {"url": "https://foursquare.com/download/#/iphone", "name": "Foursquare for iOS"}, "width": 540, "prefix": "https://igx.4sqi.net/img/general/", "createdAt": 1299778594, "id": "4d790c227d4ea340f8eef2c7", "venue": {"venueRatingBlacklisted": true, "like": false, "location": {"city": "Singapore", "lng": 103.93137894128266, "cc": "SG", "country": "Singapore", "lat": 1.3524092910772643, "address": "878 Tampines Ave 8", "labeledLatLngs": [{"label": "display", "lat": 1.3524092910772643, "lng": 103.93137894128266}], "formattedAddress": ["878 Tampines Ave 8", "Singapore"]}, "categories": [{"icon": {"prefix": "https://ss3.4sqi.net/img/categories_v2/building/apartment_", "suffix": ".png"}, "name": "Residential Building (Apartment / Condo)", "id": "4d954b06a243a5684965b473", "pluralName": "Residential Buildings (Apartments / Condos)", "primary": true, "shortName": "Residential"}], "verified": false, "contact": {}, "beenHere": {"lastCheckinExpiredAt": 0}, "stats": {"tipCount": 1, "usersCount": 52, "checkinsCount": 384}, "id": "4cca72cae47f5481b0f2c7f7", "name": "HOME\ud83d\udc96"}, "suffix": "/UTJE4CKGSMEYEUKSRNBKYUA4EJA1J3FY2HNF2D4FXPXXCXCQ.jpg", "visibility": "public"}], "count": 13}, "totalCount": 13}}