{"meta": {"code": 200, "requestId": "595b1b166a6071143d09cbf2"}, "notifications": [{"item": {"unreadCount": 0}, "type": "notificationTray"}], "response": {"photos": {"items": [{"height": 720, "source": {"url": "https://foursquare.com/download/#/iphone", "name": "Foursquare for iOS"}, "width": 960, "prefix": "https://igx.4sqi.net/img/general/", "createdAt": 1402211408, "id": "53940c50498e6c12ffd6a162", "venue": {"venueRatingBlacklisted": true, "like": false, "location": {"isFuzzed": true, "cc": "SG", "country": "Singapore", "lat": 1.3214249761295889, "lng": 103.9201994475537, "formattedAddress": ["Singapore"]}, "categories": [{"icon": {"prefix": "https://ss3.4sqi.net/img/categories_v2/building/home_", "suffix": ".png"}, "name": "Home (private)", "id": "4bf58dd8d48988d103941735", "pluralName": "Homes (private)", "primary": true, "shortName": "Home"}], "verified": false, "contact": {}, "beenHere": {"lastCheckinExpiredAt": 0}, "stats": {"tipCount": 0, "usersCount": 2, "checkinsCount": 8}, "id": "4d36c437a740b60c31730166", "name": "8 Jalan Senang"}, "suffix": "/3995478_Q-B9_HJi30JJf_ixO-Wy1G2A9ZS9eq4tNSO9GYhciAQ.jpg", "visibility": "public"}, {"height": 720, "source": {"url": "https://foursquare.com/download/#/iphone", "name": "Foursquare for iOS"}, "width": 720, "prefix": "https://igx.4sqi.net/img/general/", "createdAt": 1402211278, "id": "53940bce498e36ef281126db", "venue": {"venueRatingBlacklisted": true, "like": false, "location": {"isFuzzed": true, "cc": "SG", "country": "Singapore", "lat": 1.3214249761295889, "lng": 103.9201994475537, "formattedAddress": ["Singapore"]}, "categories": [{"icon": {"prefix": "https://ss3.4sqi.net/img/categories_v2/building/home_", "suffix": ".png"}, "name": "Home (private)", "id": "4bf58dd8d48988d103941735", "pluralName": "Homes (private)", "primary": true, "shortName": "Home"}], "verified": false, "contact": {}, "beenHere": {"lastCheckinExpiredAt": 0}, "stats": {"tipCount": 0, "usersCount": 2, "checkinsCount": 8}, "id": "4d36c437a740b60c31730166", "name": "8 Jalan Senang"}, "suffix": "/3995478_G6qGGGlrHXuZbzO87OMRU6Xej7GSAJ64CEMsGss-GTI.jpg", "visibility": "public"}, {"height": 720, "source": {"url": "https://foursquare.com/download/#/iphone", "name": "Foursquare for iOS"}, "tip": {"agreeCount": 0, "canonicalUrl": "https://foursquare.com/item/53940b7d11d26ada2906d3b0", "todo": {"count": 0}, "logView": true, "disagreeCount": 0, "createdAt": 1402211197, "id": "53940b7d11d26ada2906d3b0", "text": "French onion soup is excellent and so is duck confit and quail stuffed with liver. Must try", "likes": {"groups": [], "count": 0}, "like": false, "type": "user"}, "width": 720, "prefix": "https://igx.4sqi.net/img/general/", "createdAt": 1402211199, "id": "53940b7f498e2b3fea1093bc", "venue": {"like": false, "location": {"cc": "SG", "country": "Singapore", "lat": 1.3250378617262297, "lng": 103.91328600800946, "labeledLatLngs": [{"label": "display", "lat": 1.3250378617262297, "lng": 103.91328600800946}], "formattedAddress": ["Singapore"]}, "categories": [{"icon": {"prefix": "https://ss3.4sqi.net/img/categories_v2/food/french_", "suffix": ".png"}, "name": "French Restaurant", "id": "4bf58dd8d48988d10c941735", "pluralName": "French Restaurants", "primary": true, "shortName": "French"}], "verified": false, "contact": {}, "allowMenuUrlEdit": true, "stats": {"tipCount": 9, "usersCount": 50, "checkinsCount": 74}, "id": "50fbd327e4b084af5b935750", "name": "Vis-\u00e0-Vis", "beenHere": {"lastCheckinExpiredAt": 0}}, "suffix": "/3995478_QpSwjMTtk5hGL1Chs61eqkVt-3KGN4SY-6xAuelm5z8.jpg", "visibility": "public"}, {"height": 718, "source": {"url": "https://foursquare.com/download/#/iphone", "name": "Foursquare for iOS"}, "width": 960, "prefix": "https://igx.4sqi.net/img/general/", "createdAt": 1401198195, "id": "53849673498e94a1a7500757", "venue": {"venueRatingBlacklisted": true, "like": false, "location": {"city": "Singapore", "lng": 103.79479525313397, "cc": "SG", "country": "Singapore", "crossStreet": "21 Media Circle", "lat": 1.2926930980632452, "address": "Lv 5, Infinite Studios", "labeledLatLngs": [{"label": "display", "lat": 1.2926930980632452, "lng": 103.79479525313397}], "formattedAddress": ["Lv 5, Infinite Studios (21 Media Circle)", "Singapore"]}, "categories": [{"icon": {"prefix": "https://ss3.4sqi.net/img/categories_v2/building/default_", "suffix": ".png"}, "name": "Advertising Agency", "id": "52e81612bcbc57f1066b7a3d", "pluralName": "Advertising Agencies", "primary": true, "shortName": "Advertising Agency"}], "verified": false, "contact": {}, "beenHere": {"lastCheckinExpiredAt": 0}, "stats": {"tipCount": 0, "usersCount": 6, "checkinsCount": 39}, "id": "52f43c76498ed79da1364114", "name": "M&C Saatchi Singapore"}, "suffix": "/3995478_5MCIjv312pyKOWOanVmns8IwXyk8n5oyp0ODH4CTyjo.jpg", "visibility": "public"}, {"height": 960, "source": {"url": "https://foursquare.com/download/#/iphone", "name": "Foursquare for iOS"}, "width": 720, "prefix": "https://igx.4sqi.net/img/general/", "createdAt": 1399959250, "id": "5371aed2498e188cd04f1227", "venue": {"url": "http://www.ramenchampion.com.sg", "like": false, "location": {"formattedAddress": ["#01-22, Great World City (1 Kim Seng Promenade)", "237994", "Singapore"], "city": "Singapore", "lng": 103.83251446739482, "cc": "SG", "country": "Singapore", "crossStreet": "1 Kim Seng Promenade", "lat": 1.2937927455622726, "address": "#01-22, Great World City", "labeledLatLngs": [{"label": "display", "lat": 1.2937927455622726, "lng": 103.83251446739482}], "postalCode": "237994"}, "categories": [{"icon": {"prefix": "https://ss3.4sqi.net/img/categories_v2/food/ramen_", "suffix": ".png"}, "name": "Noodle House", "id": "4bf58dd8d48988d1d1941735", "pluralName": "Noodle Houses", "primary": true, "shortName": "Noodles"}], "verified": false, "contact": {"facebookName": "Ramen Champion Singapore", "facebookUsername": "ramenchampionsingapore", "facebook": "132254243522646"}, "allowMenuUrlEdit": true, "stats": {"tipCount": 19, "usersCount": 634, "checkinsCount": 1084}, "id": "52820a77498e79b6fddb94bc", "name": "Ramen Champion", "beenHere": {"lastCheckinExpiredAt": 0}}, "suffix": "/3995478_E3dtGx0l7Y5JviQwvyuVclGkWa2PFung0Jtg-BFhMRg.jpg", "visibility": "public"}, {"height": 720, "source": {"url": "https://foursquare.com/download/#/iphone", "name": "Foursquare for iOS"}, "width": 960, "prefix": "https://igx.4sqi.net/img/general/", "createdAt": 1391333597, "id": "52ee10dd498e1d1b157f64eb", "venue": {"venueRatingBlacklisted": true, "like": false, "location": {"isFuzzed": true, "cc": "SG", "country": "Singapore", "lat": 1.3214249761295889, "lng": 103.9201994475537, "formattedAddress": ["Singapore"]}, "categories": [{"icon": {"prefix": "https://ss3.4sqi.net/img/categories_v2/building/home_", "suffix": ".png"}, "name": "Home (private)", "id": "4bf58dd8d48988d103941735", "pluralName": "Homes (private)", "primary": true, "shortName": "Home"}], "verified": false, "contact": {}, "beenHere": {"lastCheckinExpiredAt": 0}, "stats": {"tipCount": 0, "usersCount": 2, "checkinsCount": 8}, "id": "4d36c437a740b60c31730166", "name": "8 Jalan Senang"}, "suffix": "/3995478_U-zWPGrQ-QuhGzCJL3seW7Hr9dmSDaYmB9hcYGWPFAo.jpg", "visibility": "public"}, {"height": 720, "source": {"url": "https://foursquare.com/download/#/iphone", "name": "Foursquare for iOS"}, "width": 960, "prefix": "https://igx.4sqi.net/img/general/", "createdAt": 1391333571, "id": "52ee10c3498e6cc96d71ef35", "venue": {"venueRatingBlacklisted": true, "like": false, "location": {"isFuzzed": true, "cc": "SG", "country": "Singapore", "lat": 1.3214249761295889, "lng": 103.9201994475537, "formattedAddress": ["Singapore"]}, "categories": [{"icon": {"prefix": "https://ss3.4sqi.net/img/categories_v2/building/home_", "suffix": ".png"}, "name": "Home (private)", "id": "4bf58dd8d48988d103941735", "pluralName": "Homes (private)", "primary": true, "shortName": "Home"}], "verified": false, "contact": {}, "beenHere": {"lastCheckinExpiredAt": 0}, "stats": {"tipCount": 0, "usersCount": 2, "checkinsCount": 8}, "id": "4d36c437a740b60c31730166", "name": "8 Jalan Senang"}, "suffix": "/3995478_U-zWPGrQ-QuhGzCJL3seW7Hr9dmSDaYmB9hcYGWPFAo.jpg", "visibility": "public"}, {"height": 720, "source": {"url": "https://foursquare.com/download/#/iphone", "name": "Foursquare for iOS"}, "width": 720, "prefix": "https://igx.4sqi.net/img/general/", "createdAt": 1391333442, "id": "52ee1042498ef50fc85fffd0", "venue": {"venueRatingBlacklisted": true, "like": false, "location": {"isFuzzed": true, "cc": "SG", "country": "Singapore", "lat": 1.3214249761295889, "lng": 103.9201994475537, "formattedAddress": ["Singapore"]}, "categories": [{"icon": {"prefix": "https://ss3.4sqi.net/img/categories_v2/building/home_", "suffix": ".png"}, "name": "Home (private)", "id": "4bf58dd8d48988d103941735", "pluralName": "Homes (private)", "primary": true, "shortName": "Home"}], "verified": false, "contact": {}, "beenHere": {"lastCheckinExpiredAt": 0}, "stats": {"tipCount": 0, "usersCount": 2, "checkinsCount": 8}, "id": "4d36c437a740b60c31730166", "name": "8 Jalan Senang"}, "suffix": "/3995478_wIdGmoETde6l8AhN7qhBDUysPB6tJgyzskaPxqni5zg.jpg", "visibility": "public"}, {"height": 720, "source": {"url": "https://foursquare.com/download/#/iphone", "name": "Foursquare for iOS"}, "width": 720, "prefix": "https://igx.4sqi.net/img/general/", "createdAt": 1391320467, "id": "52eddd93498e81a2574dd8ee", "venue": {"url": "http://www.cafeiguana.com", "like": false, "location": {"formattedAddress": ["30 Merchant Rd. (Riverside Point)", "058282", "Singapore"], "city": "Singapore", "lng": 103.84467470064739, "cc": "SG", "country": "Singapore", "crossStreet": "Riverside Point", "lat": 1.2892371542453795, "address": "30 Merchant Rd.", "labeledLatLngs": [{"label": "display", "lat": 1.2892371542453795, "lng": 103.84467470064739}], "postalCode": "058282"}, "categories": [{"icon": {"prefix": "https://ss3.4sqi.net/img/categories_v2/food/mexican_", "suffix": ".png"}, "name": "Mexican Restaurant", "id": "4bf58dd8d48988d1c1941735", "pluralName": "Mexican Restaurants", "primary": true, "shortName": "Mexican"}], "verified": true, "contact": {"formattedPhone": "+65 6236 1275", "twitter": "cafeiguana", "phone": "+6562361275"}, "allowMenuUrlEdit": true, "stats": {"tipCount": 180, "usersCount": 3529, "checkinsCount": 5398}, "id": "4b57f725f964a5207a4728e3", "name": "Caf\u00e9 Iguana", "beenHere": {"lastCheckinExpiredAt": 0}}, "suffix": "/3995478_oPDLLd6OV6uHSCqRKryg8Tqv6YXPpPPJof4IZDRG5E4.jpg", "visibility": "public"}], "count": 9}, "totalCount": 9}}