{"response": {"photos": {"items": [{"id": "4d3d5ff556182da1472a36bb", "createdAt": 1295867893, "height": 720, "visibility": "public", "source": {"url": "https://foursquare.com/download/#/iphone", "name": "Foursquare for iOS"}, "prefix": "https://igx.4sqi.net/img/general/", "width": 537, "suffix": "/UH3LFKAHOLORL1SJWJGOF3FABMRDA01MXDP5TNFYCS1ZK1GP.jpg"}], "count": 1}, "totalCount": 1}, "meta": {"code": 200, "requestId": "595a83a41ed21919f8601d36"}, "notifications": [{"item": {"unreadCount": 0}, "type": "notificationTray"}]}