{"response": {"photos": {"items": [{"id": "4d848e86d1d528fde55a9743", "createdAt": 1300532870, "height": 537, "visibility": "public", "source": {"url": "https://foursquare.com/download/#/iphone", "name": "Foursquare for iOS"}, "prefix": "https://igx.4sqi.net/img/general/", "venue": {"id": "4c861fd5e602b1f7a9fdbc7a", "like": false, "stats": {"checkinsCount": 133, "tipCount": 2, "usersCount": 98}, "beenHere": {"lastCheckinExpiredAt": 0}, "categories": [{"id": "4bf58dd8d48988d1d1941735", "primary": true, "icon": {"prefix": "https://ss3.4sqi.net/img/categories_v2/food/ramen_", "suffix": ".png"}, "pluralName": "Noodle Houses", "shortName": "Noodles", "name": "Noodle House"}], "verified": false, "allowMenuUrlEdit": true, "location": {"address": "East Coast Lagoon Food Village", "lat": 1.307069, "city": "Singapore", "formattedAddress": ["East Coast Lagoon Food Village", "Singapore"], "lng": 103.934721, "labeledLatLngs": [{"lng": 103.934721, "label": "display", "lat": 1.307069}], "country": "Singapore", "cc": "SG"}, "contact": {}, "name": "Lagoon Leng Kee Beef Kway Teow"}, "width": 720, "suffix": "/F13BP55FG3PAZ3JJOI1IKIW34KSJQQWYU5Y0UXTWHUDO5BIM.jpg"}, {"id": "4d846f2bc937a34099a596f2", "createdAt": 1300524843, "height": 720, "visibility": "public", "source": {"url": "https://foursquare.com/download/#/iphone", "name": "Foursquare for iOS"}, "prefix": "https://igx.4sqi.net/img/general/", "venue": {"id": "4d60a9d6b6b9a1cdf9ba7e51", "closed": true, "stats": {"checkinsCount": 953, "tipCount": 25, "usersCount": 616}, "like": false, "beenHere": {"lastCheckinExpiredAt": 0}, "categories": [{"id": "4bf58dd8d48988d145941735", "primary": true, "icon": {"prefix": "https://ss3.4sqi.net/img/categories_v2/food/asian_", "suffix": ".png"}, "pluralName": "Chinese Restaurants", "shortName": "Chinese", "name": "Chinese Restaurant"}], "verified": false, "allowMenuUrlEdit": true, "location": {"lat": 1.3141719126901863, "postalCode": "389550", "city": "Singapore", "formattedAddress": ["Geylang Lorong 31", "389550", "Singapore"], "lng": 103.88710250095065, "address": "Geylang Lorong 31", "country": "Singapore", "cc": "SG"}, "contact": {"formattedPhone": "+65 6443 8221", "phone": "+6564438221"}, "name": "\u6e2f\u8bb0 Kong Kee Seafood Restaurant"}, "width": 537, "suffix": "/U1LFTTLDSUTAV0ULD5G0TE2CIKQORSEFL5N4X35IN1YEPYAH.jpg"}, {"id": "4d846ec6d1d528fd6a4f9743", "createdAt": 1300524742, "height": 720, "visibility": "public", "source": {"url": "https://foursquare.com/download/#/iphone", "name": "Foursquare for iOS"}, "prefix": "https://igx.4sqi.net/img/general/", "venue": {"id": "4d60a9d6b6b9a1cdf9ba7e51", "closed": true, "stats": {"checkinsCount": 953, "tipCount": 25, "usersCount": 616}, "like": false, "beenHere": {"lastCheckinExpiredAt": 0}, "categories": [{"id": "4bf58dd8d48988d145941735", "primary": true, "icon": {"prefix": "https://ss3.4sqi.net/img/categories_v2/food/asian_", "suffix": ".png"}, "pluralName": "Chinese Restaurants", "shortName": "Chinese", "name": "Chinese Restaurant"}], "verified": false, "allowMenuUrlEdit": true, "location": {"lat": 1.3141719126901863, "postalCode": "389550", "city": "Singapore", "formattedAddress": ["Geylang Lorong 31", "389550", "Singapore"], "lng": 103.88710250095065, "address": "Geylang Lorong 31", "country": "Singapore", "cc": "SG"}, "contact": {"formattedPhone": "+65 6443 8221", "phone": "+6564438221"}, "name": "\u6e2f\u8bb0 Kong Kee Seafood Restaurant"}, "width": 537, "suffix": "/4OWH2S0FORYNGIYGQYJT2ZNTIF2B2EGDHOG2ZQ3K3DVTE1NP.jpg"}, {"id": "4d804e544394a34094e14c56", "createdAt": 1300254292, "height": 537, "visibility": "public", "source": {"url": "https://foursquare.com/download/#/iphone", "name": "Foursquare for iOS"}, "prefix": "https://igx.4sqi.net/img/general/", "venue": {"id": "4cb01cb8c5e6a1cd109bd2f6", "like": false, "stats": {"checkinsCount": 63, "tipCount": 2, "usersCount": 41}, "beenHere": {"lastCheckinExpiredAt": 0}, "categories": [{"id": "4bf58dd8d48988d1fb941735", "primary": true, "icon": {"prefix": "https://ss3.4sqi.net/img/categories_v2/shops/hobbyshop_", "suffix": ".png"}, "pluralName": "Hobby Shops", "shortName": "Hobbies", "name": "Hobby Shop"}], "verified": false, "allowMenuUrlEdit": true, "location": {"address": "#04-20 Ion Orchard", "lat": 1.304805, "city": "Singapore", "formattedAddress": ["#04-20 Ion Orchard", "Singapore"], "lng": 103.832266, "labeledLatLngs": [{"lng": 103.832266, "label": "display", "lat": 1.304805}], "country": "Singapore", "cc": "SG"}, "contact": {}, "name": "Das Erzgebirge-Haus"}, "width": 720, "suffix": "/QXOP1NXTMG5ATIUROAVKXKMLLIYOXUBPY0S1Y0ZLEPPH2SH1.jpg"}, {"id": "4d7de5c3c6982da1f7a47bfa", "createdAt": 1300096451, "height": 720, "visibility": "public", "source": {"url": "https://foursquare.com/download/#/iphone", "name": "Foursquare for iOS"}, "prefix": "https://igx.4sqi.net/img/general/", "venue": {"id": "4d7ddc0ce7e1721e42c5d50b", "like": false, "stats": {"checkinsCount": 42, "tipCount": 2, "usersCount": 7}, "beenHere": {"lastCheckinExpiredAt": 0}, "categories": [{"id": "4bf58dd8d48988d13b941735", "primary": true, "icon": {"prefix": "https://ss3.4sqi.net/img/categories_v2/building/school_", "suffix": ".png"}, "pluralName": "Schools", "shortName": "School", "name": "School"}], "verified": false, "location": {"address": "Forum", "lat": 1.3061839003517024, "city": "Singapore", "formattedAddress": ["Forum", "Singapore"], "lng": 103.82876698025703, "labeledLatLngs": [{"lng": 103.82876698025703, "label": "display", "lat": 1.3061839003517024}], "country": "Singapore", "cc": "SG"}, "contact": {}, "venueRatingBlacklisted": true, "name": "Little Newton"}, "width": 537, "suffix": "/BY1MTAE1TNXZDXGHTJKRS210CRDHENV2VFOX1JBKGIQTMVAZ.jpg"}, {"id": "4d7b10acc6982da1f6ba7afa", "createdAt": 1299910828, "height": 537, "visibility": "public", "source": {"url": "https://foursquare.com/download/#/iphone", "name": "Foursquare for iOS"}, "prefix": "https://igx.4sqi.net/img/general/", "venue": {"id": "4c09e85d7e3fc92827def282", "like": false, "stats": {"checkinsCount": 533, "tipCount": 12, "usersCount": 323}, "beenHere": {"lastCheckinExpiredAt": 0}, "categories": [{"id": "4bf58dd8d48988d1d1941735", "primary": true, "icon": {"prefix": "https://ss3.4sqi.net/img/categories_v2/food/ramen_", "suffix": ".png"}, "pluralName": "Noodle Houses", "shortName": "Noodles", "name": "Noodle House"}], "verified": false, "allowMenuUrlEdit": true, "location": {"crossStreet": "Blk 51 Old Airport Road", "labeledLatLngs": [{"lng": 103.88543752854706, "label": "display", "lat": 1.307627617107517}], "lat": 1.307627617107517, "postalCode": "390051", "city": "Singapore", "formattedAddress": ["#01-10/11/12 Old Airport Road Food Centre (Blk 51 Old Airport Road)", "390051", "Singapore"], "lng": 103.88543752854706, "address": "#01-10/11/12 Old Airport Road Food Centre", "country": "Singapore", "cc": "SG"}, "contact": {}, "name": "Hua Kee Hougang Famous Wanton Mee"}, "width": 720, "suffix": "/AT24FZ0ZOA2AHHCPKEF5U10RETSJ0ZEPDC00YIDHR135S1SR.jpg"}, {"id": "4d79b60d6bc528fd7bc355be", "createdAt": 1299822093, "height": 537, "visibility": "public", "source": {"url": "https://foursquare.com/download/#/iphone", "name": "Foursquare for iOS"}, "prefix": "https://igx.4sqi.net/img/general/", "venue": {"id": "4d3f8a08de17a093f957f06b", "like": false, "stats": {"checkinsCount": 5538, "tipCount": 82, "usersCount": 3654}, "url": "http://www.singaporefoodtrail.com.sg", "beenHere": {"lastCheckinExpiredAt": 0}, "categories": [{"id": "4bf58dd8d48988d120951735", "primary": true, "icon": {"prefix": "https://ss3.4sqi.net/img/categories_v2/shops/food_foodcourt_", "suffix": ".png"}, "pluralName": "Food Courts", "shortName": "Food Court", "name": "Food Court"}], "verified": false, "allowMenuUrlEdit": true, "location": {"crossStreet": "30 Raffles Ave", "labeledLatLngs": [{"lng": 103.86296510696411, "label": "display", "lat": 1.2895830304297036}], "lat": 1.2895830304297036, "postalCode": "039803", "city": "Singapore", "formattedAddress": ["#01-09/12, The Singapore Flyer (30 Raffles Ave)", "039803", "Singapore"], "lng": 103.86296510696411, "address": "#01-09/12, The Singapore Flyer", "country": "Singapore", "cc": "SG"}, "contact": {}, "name": "Singapore Food Trail"}, "width": 720, "suffix": "/BSNHUPVX3K4EGH1Y3HIEKHNPQY0ELAMNTQZVDJH0KEXFH2LB.jpg"}, {"id": "4d64c22a14f628fd100d7b31", "createdAt": 1298448938, "height": 537, "visibility": "public", "source": {"url": "https://foursquare.com/download/#/iphone", "name": "Foursquare for iOS"}, "prefix": "https://igx.4sqi.net/img/general/", "venue": {"closed": true, "like": false, "allowMenuUrlEdit": true, "location": {"crossStreet": "501 Orchard Rd", "lat": 1.3045566478269373, "postalCode": "238880", "city": "Singapore", "formattedAddress": ["#01-00, Wheelock Place (501 Orchard Rd)", "238880", "Singapore"], "lng": 103.8306713104248, "address": "#01-00, Wheelock Place", "country": "Singapore", "cc": "SG"}, "id": "4b058816f964a520fbb022e3", "beenHere": {"lastCheckinExpiredAt": 0}, "stats": {"checkinsCount": 7972, "tipCount": 32, "usersCount": 4612}, "url": "http://www.borders.com.sg", "categories": [{"id": "4bf58dd8d48988d114951735", "primary": true, "icon": {"prefix": "https://ss3.4sqi.net/img/categories_v2/shops/bookstore_", "suffix": ".png"}, "pluralName": "Bookstores", "shortName": "Bookstore", "name": "Bookstore"}], "verified": false, "contact": {"formattedPhone": "+65 6235 7146", "phone": "+6562357146"}, "name": "Borders"}, "width": 720, "suffix": "/AQS5UI3Y0LYIQ34K3XEIGMUFCLXXJ5V1KYFL4WK0UE2CICBD.jpg"}, {"id": "4d5632de32f9a340b3e0d810", "createdAt": 1297494750, "tip": {"id": "4d5632d748ea6ea87a24dea3", "createdAt": 1297494743, "like": false, "todo": {"count": 0}, "text": "We love Petopia. Toby loves Petopia too.", "logView": true, "disagreeCount": 0, "canonicalUrl": "https://foursquare.com/item/4d5632d748ea6ea87a24dea3", "type": "user", "likes": {"count": 0, "groups": []}, "agreeCount": 0}, "height": 720, "visibility": "public", "source": {"url": "https://foursquare.com/download/#/iphone", "name": "Foursquare for iOS"}, "prefix": "https://igx.4sqi.net/img/general/", "venue": {"id": "4bd7d1dff645c9b6e4c7a6e0", "closed": true, "stats": {"checkinsCount": 83, "tipCount": 18, "usersCount": 51}, "like": false, "beenHere": {"lastCheckinExpiredAt": 0}, "categories": [], "verified": true, "location": {"lat": 1.383292, "city": "Singapore", "formattedAddress": ["Singapore", "Singapore"], "lng": 103.875499, "address": "Singapore", "country": "Singapore", "cc": "SG"}, "contact": {}, "storeId": "", "name": "Petopia"}, "width": 537, "suffix": "/FLE3LFKQ5APGBZUQS0WBVUVB4HNKZMHRDOTKKHE0TB1Z3YRU.jpg"}, {"id": "4d3699506e312da11f38beba", "createdAt": 1295423824, "height": 537, "visibility": "public", "source": {"url": "https://foursquare.com/download/#/iphone", "name": "Foursquare for iOS"}, "prefix": "https://igx.4sqi.net/img/general/", "venue": {"id": "4bcc33dacc8cd13af47ec0cf", "closed": true, "stats": {"checkinsCount": 576, "tipCount": 7, "usersCount": 278}, "like": false, "beenHere": {"lastCheckinExpiredAt": 0}, "categories": [{"id": "4bf58dd8d48988d110941735", "primary": true, "icon": {"prefix": "https://ss3.4sqi.net/img/categories_v2/food/italian_", "suffix": ".png"}, "pluralName": "Italian Restaurants", "shortName": "Italian", "name": "Italian Restaurant"}], "verified": false, "allowMenuUrlEdit": true, "location": {"crossStreet": "207 River Valley Rd.", "labeledLatLngs": [{"lng": 103.841557, "label": "display", "lat": 1.292562}], "lat": 1.292562, "city": "Singapore", "formattedAddress": ["#01-61 UE Square (207 River Valley Rd.)", "Singapore"], "lng": 103.841557, "address": "#01-61 UE Square", "country": "Singapore", "cc": "SG"}, "contact": {"formattedPhone": "+65 6333 8875", "phone": "+6563338875"}, "name": "Bonta Italian Restaurant & Bar"}, "width": 720, "suffix": "/SVU0L3H5BIEQWHLEOGXBABGAVMKCTOB0XMIMHHHQYHWL433K.jpg"}, {"id": "4d3699258b7a28fdf02e2b8c", "createdAt": 1295423781, "height": 537, "visibility": "public", "source": {"url": "https://foursquare.com/download/#/iphone", "name": "Foursquare for iOS"}, "prefix": "https://igx.4sqi.net/img/general/", "venue": {"id": "4bcc33dacc8cd13af47ec0cf", "closed": true, "stats": {"checkinsCount": 576, "tipCount": 7, "usersCount": 278}, "like": false, "beenHere": {"lastCheckinExpiredAt": 0}, "categories": [{"id": "4bf58dd8d48988d110941735", "primary": true, "icon": {"prefix": "https://ss3.4sqi.net/img/categories_v2/food/italian_", "suffix": ".png"}, "pluralName": "Italian Restaurants", "shortName": "Italian", "name": "Italian Restaurant"}], "verified": false, "allowMenuUrlEdit": true, "location": {"crossStreet": "207 River Valley Rd.", "labeledLatLngs": [{"lng": 103.841557, "label": "display", "lat": 1.292562}], "lat": 1.292562, "city": "Singapore", "formattedAddress": ["#01-61 UE Square (207 River Valley Rd.)", "Singapore"], "lng": 103.841557, "address": "#01-61 UE Square", "country": "Singapore", "cc": "SG"}, "contact": {"formattedPhone": "+65 6333 8875", "phone": "+6563338875"}, "name": "Bonta Italian Restaurant & Bar"}, "width": 720, "suffix": "/TLPLR3IOJQUGJZDJBPSMXBZHDLRFHSFMU2UKOZWSIL3YI1IV.jpg"}], "count": 11}, "totalCount": 11}, "meta": {"code": 200, "requestId": "595a83a61ed21919fb295b08"}, "notifications": [{"item": {"unreadCount": 0}, "type": "notificationTray"}]}