{"meta": {"code": 200, "requestId": "595ad86af594df3c73405f10"}, "notifications": [{"item": {"unreadCount": 0}, "type": "notificationTray"}], "response": {"photos": {"items": [{"height": 1920, "source": {"url": "https://www.swarmapp.com", "name": "Swarm for iOS"}, "width": 1440, "prefix": "https://igx.4sqi.net/img/general/", "createdAt": 1443781295, "id": "560e5aaf498e00c10484c4f4", "venue": {"venueRatingBlacklisted": true, "like": false, "location": {"formattedAddress": ["#07-01, Bugis+ (201 Victoria St)", "188067", "Singapore"], "city": "Singapore", "lng": 103.85420890390148, "cc": "SG", "country": "Singapore", "crossStreet": "201 Victoria St", "lat": 1.2995325034358953, "address": "#07-01, Bugis+", "labeledLatLngs": [{"label": "display", "lat": 1.2995325034358953, "lng": 103.85420890390148}], "postalCode": "188067"}, "categories": [{"icon": {"prefix": "https://ss3.4sqi.net/img/categories_v2/building/eventspace_", "suffix": ".png"}, "name": "Event Space", "id": "4bf58dd8d48988d171941735", "pluralName": "Event Spaces", "primary": true, "shortName": "Event Space"}], "verified": false, "contact": {}, "allowMenuUrlEdit": true, "stats": {"tipCount": 0, "usersCount": 482, "checkinsCount": 686}, "id": "4df2fb1bb0fb807158c0f5e3", "name": "Joyden Hall", "beenHere": {"lastCheckinExpiredAt": 0}}, "suffix": "/3997595_mhV79vu4fugPCHLgLfJz3guD1GzBZqC1qVWTuhaM1So.jpg", "visibility": "public"}, {"height": 960, "source": {"url": "https://foursquare.com/download/#/iphone", "name": "Foursquare for iOS"}, "width": 720, "prefix": "https://igx.4sqi.net/img/general/", "createdAt": 1403490416, "id": "53a79070498efff2cc489864", "venue": {"like": false, "location": {"city": "Singapore", "lng": 103.70609149945416, "cc": "SG", "country": "Singapore", "lat": 1.3401277280526662, "address": "Jurong Point", "labeledLatLngs": [{"label": "display", "lat": 1.3401277280526662, "lng": 103.70609149945416}], "formattedAddress": ["Jurong Point", "Singapore"]}, "categories": [{"icon": {"prefix": "https://ss3.4sqi.net/img/categories_v2/shops/financial_", "suffix": ".png"}, "name": "Bank", "id": "4bf58dd8d48988d10a951735", "pluralName": "Banks", "primary": true, "shortName": "Bank"}], "verified": false, "contact": {}, "allowMenuUrlEdit": true, "stats": {"tipCount": 1, "usersCount": 181, "checkinsCount": 855}, "id": "4c48130889a6c9b6243e9c88", "name": "Maybank", "beenHere": {"lastCheckinExpiredAt": 0}}, "suffix": "/3997595_Oke32hXRM8TwWuJqa3WBGqOlvG_eB63-01OQrF0jQTc.jpg", "visibility": "public"}, {"height": 720, "source": {"url": "https://foursquare.com/download/#/iphone", "name": "Foursquare for iOS"}, "width": 960, "prefix": "https://igx.4sqi.net/img/general/", "createdAt": 1388197947, "id": "52be383b498e5a2af2174402", "venue": {"url": "http://www.changiairport.com", "like": false, "location": {"formattedAddress": ["Airport Boulevard", "918146", "Singapore"], "city": "Singapore", "lng": 103.98886271718443, "cc": "SG", "country": "Singapore", "lat": 1.3561550620584624, "address": "Airport Boulevard", "postalCode": "918146"}, "categories": [{"icon": {"prefix": "https://ss3.4sqi.net/img/categories_v2/travel/airport_", "suffix": ".png"}, "name": "Airport", "id": "4bf58dd8d48988d1ed931735", "pluralName": "Airports", "primary": true, "shortName": "Airport"}], "verified": true, "contact": {"twitter": "changiairport", "instagram": "changiairport", "facebookName": "Changi Airport", "formattedPhone": "+65 6595 6868", "phone": "+6565956868", "facebookUsername": "changiairport", "facebook": "113770598597"}, "beenHere": {"lastCheckinExpiredAt": 0}, "stats": {"tipCount": 2375, "usersCount": 236691, "checkinsCount": 735908}, "id": "4b0bd124f964a520e03323e3", "name": "Singapore Changi Airport (SIN)"}, "suffix": "/3997595_3kmzlB0T9GNPU6Oz5Y8wLKC97shKGXxhdIaeuBgY-2w.jpg", "visibility": "public"}, {"height": 720, "source": {"url": "https://foursquare.com/download/#/iphone", "name": "Foursquare for iOS"}, "width": 960, "prefix": "https://igx.4sqi.net/img/general/", "createdAt": 1384425570, "id": "5284a862498ebc418f65cc3f", "venue": {"url": "http://www.marinasquare.com.sg", "like": false, "location": {"formattedAddress": ["6 Raffles Blvd.", "039594", "Singapore"], "city": "Singapore", "lng": 103.8576739937774, "cc": "SG", "country": "Singapore", "lat": 1.2913113837220744, "address": "6 Raffles Blvd.", "postalCode": "039594"}, "categories": [{"icon": {"prefix": "https://ss3.4sqi.net/img/categories_v2/shops/mall_", "suffix": ".png"}, "name": "Shopping Mall", "id": "4bf58dd8d48988d1fd941735", "pluralName": "Shopping Malls", "primary": true, "shortName": "Mall"}], "verified": false, "contact": {"formattedPhone": "+65 6339 8787", "phone": "+6563398787"}, "beenHere": {"lastCheckinExpiredAt": 0}, "stats": {"tipCount": 126, "usersCount": 41085, "checkinsCount": 108472}, "id": "4b058815f964a520acb022e3", "name": "Marina Square"}, "suffix": "/3997595_ERhf72LgKaRvwqaJXO_245gLreWSw0wkCxYYkcNnTpw.jpg", "visibility": "public"}, {"height": 960, "source": {"url": "https://foursquare.com/download/#/iphone", "name": "Foursquare for iOS"}, "width": 720, "prefix": "https://igx.4sqi.net/img/general/", "createdAt": 1381293507, "id": "5254ddc311d2029a4cd8e0bd", "venue": {"location": {"formattedAddress": ["#01-16E, Jurong Point (JP1) (1 Jurong West Central 2)", "648886", "Singapore"], "city": "Singapore", "lng": 103.70713779195532, "cc": "SG", "country": "Singapore", "crossStreet": "1 Jurong West Central 2", "lat": 1.3394344155724118, "address": "#01-16E, Jurong Point (JP1)", "labeledLatLngs": [{"label": "display", "lat": 1.3394344155724118, "lng": 103.70713779195532}], "postalCode": "648886"}, "contact": {"formattedPhone": "+65 6791 3755", "phone": "+6567913755", "facebookName": "The Coffee Bean & Tea Leaf\u00ae - Singapore", "facebookUsername": "coffeebean.sg", "facebook": "99745899492"}, "verified": true, "allowMenuUrlEdit": true, "stats": {"tipCount": 23, "usersCount": 2060, "checkinsCount": 3845}, "menu": {"url": "http://www.coffeebean.com.sg/beverage-menu", "label": "Menu", "anchor": "View Menu", "mobileUrl": "http://www.coffeebean.com.sg/beverage-menu", "type": "Menu", "externalUrl": "http://www.coffeebean.com.sg/beverage-menu"}, "beenHere": {"lastCheckinExpiredAt": 0}, "url": "http://www.coffeebean.com.sg", "like": false, "categories": [{"icon": {"prefix": "https://ss3.4sqi.net/img/categories_v2/food/cafe_", "suffix": ".png"}, "name": "Caf\u00e9", "id": "4bf58dd8d48988d16d941735", "pluralName": "Caf\u00e9s", "primary": true, "shortName": "Caf\u00e9"}], "id": "4b45dfc1f964a5207a1126e3", "name": "The Coffee Bean & Tea Leaf"}, "suffix": "/3997595_gjfs1pHvDOirAFrHbdNTiktYsuezbDodE7Ij8qAknXo.jpg", "visibility": "public"}, {"height": 960, "source": {"url": "https://foursquare.com/download/#/iphone", "name": "Foursquare for iOS"}, "width": 720, "prefix": "https://igx.4sqi.net/img/general/", "createdAt": 1370312690, "id": "51ad4ff2498eaf4efc0f85ae", "venue": {"like": false, "location": {"city": "Singapore", "lng": 103.70609149945416, "cc": "SG", "country": "Singapore", "lat": 1.3401277280526662, "address": "Jurong Point", "labeledLatLngs": [{"label": "display", "lat": 1.3401277280526662, "lng": 103.70609149945416}], "formattedAddress": ["Jurong Point", "Singapore"]}, "categories": [{"icon": {"prefix": "https://ss3.4sqi.net/img/categories_v2/shops/financial_", "suffix": ".png"}, "name": "Bank", "id": "4bf58dd8d48988d10a951735", "pluralName": "Banks", "primary": true, "shortName": "Bank"}], "verified": false, "contact": {}, "allowMenuUrlEdit": true, "stats": {"tipCount": 1, "usersCount": 181, "checkinsCount": 855}, "id": "4c48130889a6c9b6243e9c88", "name": "Maybank", "beenHere": {"lastCheckinExpiredAt": 0}}, "suffix": "/3997595_YvKgYsmwab_cqHvcbV6W_t11DNAqivDQQAS8k6CRnS8.jpg", "visibility": "public"}, {"height": 960, "source": {"url": "https://foursquare.com/download/#/iphone", "name": "Foursquare for iOS"}, "width": 720, "prefix": "https://igx.4sqi.net/img/general/", "createdAt": 1362195814, "id": "51317566e4b042482df0c3e0", "venue": {"venueRatingBlacklisted": true, "like": false, "location": {"formattedAddress": ["#01-02A, Singapore Land Tower (50 Raffles Pl)", "048623", "Singapore"], "lng": 103.85151389503443, "cc": "SG", "country": "Singapore", "crossStreet": "50 Raffles Pl", "lat": 1.2846577375179808, "address": "#01-02A, Singapore Land Tower", "labeledLatLngs": [{"label": "display", "lat": 1.2846577375179808, "lng": 103.85151389503443}], "postalCode": "048623"}, "categories": [{"icon": {"prefix": "https://ss3.4sqi.net/img/categories_v2/building/medical_", "suffix": ".png"}, "name": "Medical Center", "id": "4bf58dd8d48988d104941735", "pluralName": "Medical Centers", "primary": true, "shortName": "Medical"}], "verified": false, "contact": {"formattedPhone": "+65 6535 2222", "phone": "+6565352222"}, "allowMenuUrlEdit": true, "stats": {"tipCount": 10, "usersCount": 947, "checkinsCount": 1275}, "id": "4b737844f964a5201cb02de3", "name": "Raffles Medical Centre", "beenHere": {"lastCheckinExpiredAt": 0}}, "suffix": "/3997595_hQyCHU3Rev7WQISHj4WQZ_aOwnr6AW2o9__CAHwrSxM.jpg", "visibility": "public"}, {"height": 960, "source": {"url": "https://foursquare.com/download/#/iphone", "name": "Foursquare for iOS"}, "width": 720, "prefix": "https://igx.4sqi.net/img/general/", "createdAt": 1360845433, "id": "511cda79e4b0f998f4232d29", "venue": {"url": "http://www.fish-co.com", "like": false, "location": {"formattedAddress": ["#02-20E Jurong Point (JP1) (1 Jurong West Ctrl 2)", "648886", "Singapore"], "city": "Singapore", "lng": 103.7062668235706, "cc": "SG", "country": "Singapore", "crossStreet": "1 Jurong West Ctrl 2", "lat": 1.3390916951585603, "address": "#02-20E Jurong Point (JP1)", "labeledLatLngs": [{"label": "display", "lat": 1.3390916951585603, "lng": 103.7062668235706}], "postalCode": "648886"}, "categories": [{"icon": {"prefix": "https://ss3.4sqi.net/img/categories_v2/food/seafood_", "suffix": ".png"}, "name": "Seafood Restaurant", "id": "4bf58dd8d48988d1ce941735", "pluralName": "Seafood Restaurants", "primary": true, "shortName": "Seafood"}], "verified": false, "contact": {"formattedPhone": "+65 6898 4248", "phone": "+6568984248"}, "allowMenuUrlEdit": true, "stats": {"tipCount": 25, "usersCount": 1767, "checkinsCount": 2355}, "id": "4bed40766e8c20a1910d7061", "name": "Fish & Co.", "beenHere": {"lastCheckinExpiredAt": 0}}, "suffix": "/3997595_HDb4GHYyJFA7ztZFSbLtWnU6de_3x5AlZRB0LWqsRI0.jpg", "visibility": "public"}, {"height": 960, "source": {"url": "https://foursquare.com/download/#/iphone", "name": "Foursquare for iOS"}, "width": 720, "prefix": "https://igx.4sqi.net/img/general/", "createdAt": 1360833497, "id": "511cabd9e4b0732c11b23cbe", "venue": {"closed": true, "like": false, "location": {"formattedAddress": ["#01-01 Equity Plaza (20 Cecil St.)", "049705", "Singapore"], "city": "Singapore", "lng": 103.85018339564903, "cc": "SG", "country": "Singapore", "crossStreet": "20 Cecil St.", "lat": 1.2828465825191995, "address": "#01-01 Equity Plaza", "labeledLatLngs": [{"label": "display", "lat": 1.2828465825191995, "lng": 103.85018339564903}], "postalCode": "049705"}, "categories": [{"icon": {"prefix": "https://ss3.4sqi.net/img/categories_v2/food/coffeeshop_", "suffix": ".png"}, "name": "Coffee Shop", "id": "4bf58dd8d48988d1e0931735", "pluralName": "Coffee Shops", "primary": true, "shortName": "Coffee Shop"}], "verified": false, "contact": {"formattedPhone": "+65 6438 2897", "phone": "+6564382897"}, "allowMenuUrlEdit": true, "stats": {"tipCount": 4, "usersCount": 426, "checkinsCount": 868}, "id": "4ff3ee0be4b048eef66854eb", "name": "Starbucks", "beenHere": {"lastCheckinExpiredAt": 0}}, "suffix": "/3997595_hv9OP48pVHycqDdkPNQwWfwpJ6yTg0l20C_88n1RhK8.jpg", "visibility": "public"}, {"height": 960, "source": {"url": "https://foursquare.com/download/#/iphone", "name": "Foursquare for iOS"}, "width": 720, "prefix": "https://igx.4sqi.net/img/general/", "createdAt": 1359685786, "id": "510b289ae4b00423c858ea84", "venue": {"like": false, "location": {"city": "Singapore", "lng": 103.70609149945416, "cc": "SG", "country": "Singapore", "lat": 1.3401277280526662, "address": "Jurong Point", "labeledLatLngs": [{"label": "display", "lat": 1.3401277280526662, "lng": 103.70609149945416}], "formattedAddress": ["Jurong Point", "Singapore"]}, "categories": [{"icon": {"prefix": "https://ss3.4sqi.net/img/categories_v2/shops/financial_", "suffix": ".png"}, "name": "Bank", "id": "4bf58dd8d48988d10a951735", "pluralName": "Banks", "primary": true, "shortName": "Bank"}], "verified": false, "contact": {}, "allowMenuUrlEdit": true, "stats": {"tipCount": 1, "usersCount": 181, "checkinsCount": 855}, "id": "4c48130889a6c9b6243e9c88", "name": "Maybank", "beenHere": {"lastCheckinExpiredAt": 0}}, "suffix": "/3997595_pjxFp0iCcmFYKhYaaeAxdR8uVBEqymRx0YesDdSZ6zQ.jpg", "visibility": "public"}, {"height": 960, "source": {"url": "https://foursquare.com/download/#/iphone", "name": "Foursquare for iOS"}, "width": 720, "prefix": "https://igx.4sqi.net/img/general/", "createdAt": 1357299639, "id": "50e6bfb7e4b09ece47186a0e", "venue": {"location": {"formattedAddress": ["10 Bayfront Ave.", "018956", "Singapore"], "city": "Singapore", "lng": 103.860250220735, "cc": "SG", "country": "Singapore", "lat": 1.283033322317799, "address": "10 Bayfront Ave.", "postalCode": "018956"}, "contact": {"twitter": "marinabaysands", "instagram": "marinabaysands", "facebookName": "Marina Bay Sands", "formattedPhone": "+65 6688 8888", "phone": "+6566888888", "facebookUsername": "marinabaysands", "facebook": "129522627076360"}, "verified": true, "allowMenuUrlEdit": true, "stats": {"tipCount": 588, "usersCount": 68832, "checkinsCount": 124645}, "id": "4bf7c0404a67c928061924cf", "storeId": "", "url": "http://www.marinabaysands.com/singapore-accommodations", "like": false, "categories": [{"icon": {"prefix": "https://ss3.4sqi.net/img/categories_v2/travel/hotel_", "suffix": ".png"}, "name": "Hotel", "id": "4bf58dd8d48988d1fa931735", "pluralName": "Hotels", "primary": true, "shortName": "Hotel"}], "beenHere": {"lastCheckinExpiredAt": 0}, "name": "Marina Bay Sands Hotel"}, "suffix": "/3997595_pZqtWg5O_38-a5N2HjvNO-Vmj1asR4Fg-eQrqh9oKuc.jpg", "visibility": "public"}, {"height": 720, "source": {"url": "https://foursquare.com/download/#/iphone", "name": "Foursquare for iOS"}, "width": 540, "prefix": "https://igx.4sqi.net/img/general/", "createdAt": 1352699177, "id": "50a08d29e4b051548f2b1489", "venue": {"url": "http://www.fitnessfirst.com.sg", "like": false, "location": {"formattedAddress": ["#05-01, One George Street (1 George St.)", "049145", "Singapore"], "city": "Singapore", "lng": 103.84803197739292, "cc": "SG", "country": "Singapore", "crossStreet": "1 George St.", "lat": 1.285983727650009, "address": "#05-01, One George Street", "labeledLatLngs": [{"label": "display", "lat": 1.285983727650009, "lng": 103.84803197739292}], "postalCode": "049145"}, "categories": [{"icon": {"prefix": "https://ss3.4sqi.net/img/categories_v2/building/gym_", "suffix": ".png"}, "name": "Gym / Fitness Center", "id": "4bf58dd8d48988d175941735", "pluralName": "Gyms or Fitness Centers", "primary": true, "shortName": "Gym / Fitness"}], "verified": false, "contact": {"formattedPhone": "+65 6538 7666", "twitter": "fitnessfirstsg", "phone": "+6565387666"}, "allowMenuUrlEdit": true, "stats": {"tipCount": 27, "usersCount": 1350, "checkinsCount": 10614}, "id": "4b2dd20cf964a52085db24e3", "name": "Fitness First Platinum", "beenHere": {"lastCheckinExpiredAt": 0}}, "suffix": "/3997595_FfLVwVL_0HxHJZlTi3XSQr5xCAToviNE7vkaLXSsSYw.jpg", "visibility": "public"}, {"height": 720, "source": {"url": "https://foursquare.com/download/#/iphone", "name": "Foursquare for iOS"}, "width": 540, "prefix": "https://igx.4sqi.net/img/general/", "createdAt": 1352536230, "id": "509e10a6498efdffc67378eb", "venue": {"url": "http://www.ikea.com/sg", "like": false, "location": {"formattedAddress": ["317 Alexandra Rd. (317 Alexandra Rd.)", "159965", "Singapore"], "city": "Singapore", "lng": 103.80594670772552, "cc": "SG", "country": "Singapore", "crossStreet": "317 Alexandra Rd.", "lat": 1.288033105815354, "address": "317 Alexandra Rd.", "labeledLatLngs": [{"label": "display", "lat": 1.288033105815354, "lng": 103.80594670772552}], "postalCode": "159965"}, "categories": [{"icon": {"prefix": "https://ss3.4sqi.net/img/categories_v2/shops/furniture_", "suffix": ".png"}, "name": "Furniture / Home Store", "id": "4bf58dd8d48988d1f8941735", "pluralName": "Furniture / Home Stores", "primary": true, "shortName": "Furniture / Home"}], "verified": false, "contact": {"formattedPhone": "+65 6786 6868", "phone": "+6567866868"}, "allowMenuUrlEdit": true, "stats": {"tipCount": 275, "usersCount": 31562, "checkinsCount": 71180}, "id": "4b171e81f964a5209ec223e3", "name": "IKEA", "beenHere": {"lastCheckinExpiredAt": 0}}, "suffix": "/3997595_K7IF6uYarOPraVjDE-4JqyPu6vZWC2YF2omDq6JDjYo.jpg", "visibility": "public"}, {"height": 720, "source": {"url": "https://foursquare.com/download/#/iphone", "name": "Foursquare for iOS"}, "width": 540, "prefix": "https://igx.4sqi.net/img/general/", "createdAt": 1352428388, "id": "509c6b64e4b047ee27a8c368", "venue": {"like": false, "location": {"city": "Singapore", "lng": 103.70609149945416, "cc": "SG", "country": "Singapore", "lat": 1.3401277280526662, "address": "Jurong Point", "labeledLatLngs": [{"label": "display", "lat": 1.3401277280526662, "lng": 103.70609149945416}], "formattedAddress": ["Jurong Point", "Singapore"]}, "categories": [{"icon": {"prefix": "https://ss3.4sqi.net/img/categories_v2/shops/financial_", "suffix": ".png"}, "name": "Bank", "id": "4bf58dd8d48988d10a951735", "pluralName": "Banks", "primary": true, "shortName": "Bank"}], "verified": false, "contact": {}, "allowMenuUrlEdit": true, "stats": {"tipCount": 1, "usersCount": 181, "checkinsCount": 855}, "id": "4c48130889a6c9b6243e9c88", "name": "Maybank", "beenHere": {"lastCheckinExpiredAt": 0}}, "suffix": "/3997595_5a2UEIf0Vqs7Ta2_2OZHnBDNp_dz1TyDLhxBCUkhJ5c.jpg", "visibility": "public"}, {"height": 540, "source": {"url": "https://foursquare.com/download/#/iphone", "name": "Foursquare for iOS"}, "width": 720, "prefix": "https://igx.4sqi.net/img/general/", "createdAt": 1352349478, "id": "509b3726e4b03fb1c41d5ace", "venue": {"closed": true, "like": false, "location": {"city": "Singapore", "lng": 103.70653829362536, "cc": "SG", "country": "Singapore", "lat": 1.34013833593776, "address": "#01-33 Jurong Point (JP1)", "crossStreet": "1 Jurong West Central 2", "formattedAddress": ["#01-33 Jurong Point (JP1) (1 Jurong West Central 2)", "Singapore"]}, "categories": [{"icon": {"prefix": "https://ss3.4sqi.net/img/categories_v2/food/deli_", "suffix": ".png"}, "name": "Deli / Bodega", "id": "4bf58dd8d48988d146941735", "pluralName": "Delis / Bodegas", "primary": true, "shortName": "Deli / Bodega"}], "verified": false, "contact": {"formattedPhone": "+65 6792 9710", "phone": "+6567929710"}, "allowMenuUrlEdit": true, "stats": {"tipCount": 17, "usersCount": 723, "checkinsCount": 1179}, "id": "4ca937fa14c33704fb5bdc3b", "name": "D\u00e9lifrance", "beenHere": {"lastCheckinExpiredAt": 0}}, "suffix": "/3997595_E0YVlMpSRCFy0tq0rqBuRE3z-6N4assbzcogLHECP1g.jpg", "visibility": "public"}, {"height": 720, "source": {"url": "https://foursquare.com/download/#/iphone", "name": "Foursquare for iOS"}, "width": 540, "prefix": "https://igx.4sqi.net/img/general/", "createdAt": 1352255304, "id": "5099c748e4b05843e0ea754c", "venue": {"like": false, "location": {"city": "Singapore", "lng": 103.70609149945416, "cc": "SG", "country": "Singapore", "lat": 1.3401277280526662, "address": "Jurong Point", "labeledLatLngs": [{"label": "display", "lat": 1.3401277280526662, "lng": 103.70609149945416}], "formattedAddress": ["Jurong Point", "Singapore"]}, "categories": [{"icon": {"prefix": "https://ss3.4sqi.net/img/categories_v2/shops/financial_", "suffix": ".png"}, "name": "Bank", "id": "4bf58dd8d48988d10a951735", "pluralName": "Banks", "primary": true, "shortName": "Bank"}], "verified": false, "contact": {}, "allowMenuUrlEdit": true, "stats": {"tipCount": 1, "usersCount": 181, "checkinsCount": 855}, "id": "4c48130889a6c9b6243e9c88", "name": "Maybank", "beenHere": {"lastCheckinExpiredAt": 0}}, "suffix": "/3997595_Q5tjjHWtgq2ndPBkxVo1uqOjP7nPUAhS9s3SsUFr9lk.jpg", "visibility": "public"}, {"height": 720, "source": {"url": "https://foursquare.com/download/#/iphone", "name": "Foursquare for iOS"}, "width": 540, "prefix": "https://igx.4sqi.net/img/general/", "createdAt": 1340429080, "id": "4fe55318e4b0c7d6bace3cd8", "venue": {"url": "http://www.starbucks.com.sg", "like": false, "location": {"formattedAddress": ["#03-52, Jurong Point (JP2) (63 Jurong West Ctrl 3)", "648337", "Singapore"], "city": "Singapore", "lng": 103.70561599731445, "cc": "SG", "country": "Singapore", "crossStreet": "63 Jurong West Ctrl 3", "lat": 1.3388797881819072, "address": "#03-52, Jurong Point (JP2)", "labeledLatLngs": [{"label": "display", "lat": 1.3388797881819072, "lng": 103.70561599731445}], "postalCode": "648337"}, "categories": [{"icon": {"prefix": "https://ss3.4sqi.net/img/categories_v2/food/coffeeshop_", "suffix": ".png"}, "name": "Coffee Shop", "id": "4bf58dd8d48988d1e0931735", "pluralName": "Coffee Shops", "primary": true, "shortName": "Coffee Shop"}], "verified": false, "contact": {"formattedPhone": "+65 6790 8376", "twitter": "sg_starbucks", "phone": "+6567908376"}, "allowMenuUrlEdit": true, "stats": {"tipCount": 62, "usersCount": 5186, "checkinsCount": 11868}, "id": "4c065e5a91d776b003b7f8f9", "name": "Starbucks", "beenHere": {"lastCheckinExpiredAt": 0}}, "suffix": "/jRgoPS2f1EbUNsoGXugZvU3TNvrjNv4vdoYFDjj5g-k.jpg", "visibility": "public"}, {"height": 720, "source": {"url": "https://foursquare.com/download/#/iphone", "name": "Foursquare for iOS"}, "width": 540, "prefix": "https://igx.4sqi.net/img/general/", "createdAt": 1332812185, "id": "4f711999e4b09a10956a275b", "venue": {"like": false, "location": {"city": "Singapore", "lng": 103.70609149945416, "cc": "SG", "country": "Singapore", "lat": 1.3401277280526662, "address": "Jurong Point", "labeledLatLngs": [{"label": "display", "lat": 1.3401277280526662, "lng": 103.70609149945416}], "formattedAddress": ["Jurong Point", "Singapore"]}, "categories": [{"icon": {"prefix": "https://ss3.4sqi.net/img/categories_v2/shops/financial_", "suffix": ".png"}, "name": "Bank", "id": "4bf58dd8d48988d10a951735", "pluralName": "Banks", "primary": true, "shortName": "Bank"}], "verified": false, "contact": {}, "allowMenuUrlEdit": true, "stats": {"tipCount": 1, "usersCount": 181, "checkinsCount": 855}, "id": "4c48130889a6c9b6243e9c88", "name": "Maybank", "beenHere": {"lastCheckinExpiredAt": 0}}, "suffix": "/RqKx40soI8KZ-TybJKmtcjdacU4u8EsVphJHy8Z2qiU.jpg", "visibility": "public"}, {"height": 540, "source": {"url": "https://foursquare.com/download/#/iphone", "name": "Foursquare for iOS"}, "width": 720, "prefix": "https://igx.4sqi.net/img/general/", "createdAt": 1331986077, "id": "4f647e9de4b0788a8f428c64", "venue": {"like": false, "location": {"city": "Quezon City", "lng": 121.08034162579553, "cc": "PH", "state": "Quezon City", "crossStreet": "Orchard Rd. Eastwood City", "lat": 14.609457375614177, "address": "Eastwood Citywalk 1", "labeledLatLngs": [{"label": "display", "lat": 14.609457375614177, "lng": 121.08034162579553}], "formattedAddress": ["Eastwood Citywalk 1 (Orchard Rd. Eastwood City)", "Quezon City", "Quezon City", "Pilipinas"], "country": "Pilipinas"}, "categories": [{"icon": {"prefix": "https://ss3.4sqi.net/img/categories_v2/food/burger_", "suffix": ".png"}, "name": "Burger Joint", "id": "4bf58dd8d48988d16c941735", "pluralName": "Burger Joints", "primary": true, "shortName": "Burgers"}], "verified": false, "contact": {"formattedPhone": "+63 2 709 9999", "phone": "+6327099999"}, "allowMenuUrlEdit": true, "stats": {"tipCount": 178, "usersCount": 5896, "checkinsCount": 12577}, "id": "4b8621d8f964a520bf8031e3", "name": "Stackers Burger Cafe", "beenHere": {"lastCheckinExpiredAt": 0}}, "suffix": "/xRc9e7z5sjxMZusFFAt84z_Fy5nic19y4TWFsCCbBj4.jpg", "visibility": "public"}, {"height": 540, "source": {"url": "https://foursquare.com/download/#/iphone", "name": "Foursquare for iOS"}, "width": 720, "prefix": "https://igx.4sqi.net/img/general/", "createdAt": 1330490173, "id": "4f4dab3de4b0577d8109688b", "venue": {"closed": true, "like": false, "location": {"city": "Singapore", "lng": 103.70653829362536, "cc": "SG", "country": "Singapore", "lat": 1.34013833593776, "address": "#01-33 Jurong Point (JP1)", "crossStreet": "1 Jurong West Central 2", "formattedAddress": ["#01-33 Jurong Point (JP1) (1 Jurong West Central 2)", "Singapore"]}, "categories": [{"icon": {"prefix": "https://ss3.4sqi.net/img/categories_v2/food/deli_", "suffix": ".png"}, "name": "Deli / Bodega", "id": "4bf58dd8d48988d146941735", "pluralName": "Delis / Bodegas", "primary": true, "shortName": "Deli / Bodega"}], "verified": false, "contact": {"formattedPhone": "+65 6792 9710", "phone": "+6567929710"}, "allowMenuUrlEdit": true, "stats": {"tipCount": 17, "usersCount": 723, "checkinsCount": 1179}, "id": "4ca937fa14c33704fb5bdc3b", "name": "D\u00e9lifrance", "beenHere": {"lastCheckinExpiredAt": 0}}, "suffix": "/oHIK6xVlXCPTmeNRkJJeiBOaIF4tH34FjuLq2GY0lak.jpg", "visibility": "public"}, {"height": 720, "source": {"url": "https://foursquare.com/download/#/iphone", "name": "Foursquare for iOS"}, "width": 540, "prefix": "https://igx.4sqi.net/img/general/", "createdAt": 1330396166, "id": "4f4c3c06e4b00b42c2f616c6", "venue": {"like": false, "location": {"city": "Singapore", "lng": 103.70609149945416, "cc": "SG", "country": "Singapore", "lat": 1.3401277280526662, "address": "Jurong Point", "labeledLatLngs": [{"label": "display", "lat": 1.3401277280526662, "lng": 103.70609149945416}], "formattedAddress": ["Jurong Point", "Singapore"]}, "categories": [{"icon": {"prefix": "https://ss3.4sqi.net/img/categories_v2/shops/financial_", "suffix": ".png"}, "name": "Bank", "id": "4bf58dd8d48988d10a951735", "pluralName": "Banks", "primary": true, "shortName": "Bank"}], "verified": false, "contact": {}, "allowMenuUrlEdit": true, "stats": {"tipCount": 1, "usersCount": 181, "checkinsCount": 855}, "id": "4c48130889a6c9b6243e9c88", "name": "Maybank", "beenHere": {"lastCheckinExpiredAt": 0}}, "suffix": "/jg6wNJWrxE5VBDLHnYYQO-tuqenFvH96J0fBdrnpZec.jpg", "visibility": "public"}, {"height": 720, "source": {"url": "https://foursquare.com/download/#/iphone", "name": "Foursquare for iOS"}, "width": 540, "prefix": "https://igx.4sqi.net/img/general/", "createdAt": 1330325070, "id": "4f4b264ee4b082dc592bc92c", "venue": {"location": {"formattedAddress": ["#01-16E, Jurong Point (JP1) (1 Jurong West Central 2)", "648886", "Singapore"], "city": "Singapore", "lng": 103.70713779195532, "cc": "SG", "country": "Singapore", "crossStreet": "1 Jurong West Central 2", "lat": 1.3394344155724118, "address": "#01-16E, Jurong Point (JP1)", "labeledLatLngs": [{"label": "display", "lat": 1.3394344155724118, "lng": 103.70713779195532}], "postalCode": "648886"}, "contact": {"formattedPhone": "+65 6791 3755", "phone": "+6567913755", "facebookName": "The Coffee Bean & Tea Leaf\u00ae - Singapore", "facebookUsername": "coffeebean.sg", "facebook": "99745899492"}, "verified": true, "allowMenuUrlEdit": true, "stats": {"tipCount": 23, "usersCount": 2060, "checkinsCount": 3845}, "menu": {"url": "http://www.coffeebean.com.sg/beverage-menu", "label": "Menu", "anchor": "View Menu", "mobileUrl": "http://www.coffeebean.com.sg/beverage-menu", "type": "Menu", "externalUrl": "http://www.coffeebean.com.sg/beverage-menu"}, "beenHere": {"lastCheckinExpiredAt": 0}, "url": "http://www.coffeebean.com.sg", "like": false, "categories": [{"icon": {"prefix": "https://ss3.4sqi.net/img/categories_v2/food/cafe_", "suffix": ".png"}, "name": "Caf\u00e9", "id": "4bf58dd8d48988d16d941735", "pluralName": "Caf\u00e9s", "primary": true, "shortName": "Caf\u00e9"}], "id": "4b45dfc1f964a5207a1126e3", "name": "The Coffee Bean & Tea Leaf"}, "suffix": "/wwnWQV-hcS7SpVK1n53v-s9aVGLWzaPmQw3b8FeZXhM.jpg", "visibility": "public"}, {"height": 720, "source": {"url": "https://foursquare.com/download/#/iphone", "name": "Foursquare for iOS"}, "width": 540, "prefix": "https://igx.4sqi.net/img/general/", "createdAt": 1330242376, "id": "4f49e348e4b0eddb529029cb", "venue": {"url": "http://www.breadtalk.com", "like": false, "location": {"formattedAddress": ["#04-00, Wisma Atria (435 Orchard Rd.)", "238877", "Singapore"], "city": "Singapore", "lng": 103.83315415455299, "cc": "SG", "country": "Singapore", "crossStreet": "435 Orchard Rd.", "lat": 1.3037281757830805, "address": "#04-00, Wisma Atria", "labeledLatLngs": [{"label": "display", "lat": 1.3037281757830805, "lng": 103.83315415455299}], "postalCode": "238877"}, "categories": [{"icon": {"prefix": "https://ss3.4sqi.net/img/categories_v2/shops/food_foodcourt_", "suffix": ".png"}, "name": "Food Court", "id": "4bf58dd8d48988d120951735", "pluralName": "Food Courts", "primary": true, "shortName": "Food Court"}], "verified": false, "contact": {"formattedPhone": "+65 6285 6116", "phone": "+6562856116"}, "allowMenuUrlEdit": true, "stats": {"tipCount": 124, "usersCount": 8829, "checkinsCount": 14501}, "id": "4ba21fbef964a5206edd37e3", "name": "Food Republic", "beenHere": {"lastCheckinExpiredAt": 0}}, "suffix": "/83rgxJCmkDKrmkJM4gymXg956rNlA_dlxekif6zs4ok.jpg", "visibility": "public"}, {"height": 720, "source": {"url": "https://foursquare.com/download/#/iphone", "name": "Foursquare for iOS"}, "width": 540, "prefix": "https://igx.4sqi.net/img/general/", "createdAt": 1330137832, "id": "4f484ae8e4b03377e726e783", "venue": {"like": false, "location": {"city": "Singapore", "lng": 103.70609149945416, "cc": "SG", "country": "Singapore", "lat": 1.3401277280526662, "address": "Jurong Point", "labeledLatLngs": [{"label": "display", "lat": 1.3401277280526662, "lng": 103.70609149945416}], "formattedAddress": ["Jurong Point", "Singapore"]}, "categories": [{"icon": {"prefix": "https://ss3.4sqi.net/img/categories_v2/shops/financial_", "suffix": ".png"}, "name": "Bank", "id": "4bf58dd8d48988d10a951735", "pluralName": "Banks", "primary": true, "shortName": "Bank"}], "verified": false, "contact": {}, "allowMenuUrlEdit": true, "stats": {"tipCount": 1, "usersCount": 181, "checkinsCount": 855}, "id": "4c48130889a6c9b6243e9c88", "name": "Maybank", "beenHere": {"lastCheckinExpiredAt": 0}}, "suffix": "/tbW2ujzrNrIjJF5LcR5hV-Pq5iiqseWREcitrub-uNE.jpg", "visibility": "public"}, {"height": 720, "source": {"url": "https://foursquare.com/download/#/iphone", "name": "Foursquare for iOS"}, "width": 540, "prefix": "https://igx.4sqi.net/img/general/", "createdAt": 1329279668, "id": "4f3b32b4e4b0a9ee4c289dd9", "venue": {"url": "http://www.starbucks.com.sg", "like": false, "location": {"formattedAddress": ["#03-52, Jurong Point (JP2) (63 Jurong West Ctrl 3)", "648337", "Singapore"], "city": "Singapore", "lng": 103.70561599731445, "cc": "SG", "country": "Singapore", "crossStreet": "63 Jurong West Ctrl 3", "lat": 1.3388797881819072, "address": "#03-52, Jurong Point (JP2)", "labeledLatLngs": [{"label": "display", "lat": 1.3388797881819072, "lng": 103.70561599731445}], "postalCode": "648337"}, "categories": [{"icon": {"prefix": "https://ss3.4sqi.net/img/categories_v2/food/coffeeshop_", "suffix": ".png"}, "name": "Coffee Shop", "id": "4bf58dd8d48988d1e0931735", "pluralName": "Coffee Shops", "primary": true, "shortName": "Coffee Shop"}], "verified": false, "contact": {"formattedPhone": "+65 6790 8376", "twitter": "sg_starbucks", "phone": "+6567908376"}, "allowMenuUrlEdit": true, "stats": {"tipCount": 62, "usersCount": 5186, "checkinsCount": 11868}, "id": "4c065e5a91d776b003b7f8f9", "name": "Starbucks", "beenHere": {"lastCheckinExpiredAt": 0}}, "suffix": "/iCUPMlgw8_20KDh39mNWn2ef6lBxAR3IoJAWrBXHnl4.jpg", "visibility": "public"}], "count": 25}, "totalCount": 25}}