{"meta": {"code": 200, "requestId": "595b1052dd57972d2967363d"}, "notifications": [{"item": {"unreadCount": 0}, "type": "notificationTray"}], "response": {"photos": {"items": [{"height": 960, "source": {"url": "https://www.swarmapp.com", "name": "Swarm for Android"}, "width": 720, "prefix": "https://igx.4sqi.net/img/general/", "createdAt": 1428680187, "id": "5527edfb498eac147cf2b1fe", "venue": {"location": {"city": "Singapore", "lng": 103.89059674370243, "cc": "SG", "country": "Singapore", "lat": 1.3148151605686125, "address": "749 Geylang Road", "labeledLatLngs": [{"label": "display", "lat": 1.3148151605686125, "lng": 103.89059674370243}], "formattedAddress": ["749 Geylang Road", "Singapore"]}, "contact": {"formattedPhone": "+65 9680 4363", "phone": "+6596804363"}, "verified": true, "allowMenuUrlEdit": true, "stats": {"tipCount": 1, "usersCount": 43, "checkinsCount": 51}, "id": "51b43467498e0f6aac731bad", "storeId": "", "like": false, "categories": [{"icon": {"prefix": "https://ss3.4sqi.net/img/categories_v2/food/vietnamese_", "suffix": ".png"}, "name": "Vietnamese Restaurant", "id": "4bf58dd8d48988d14a941735", "pluralName": "Vietnamese Restaurants", "primary": true, "shortName": "Vietnamese"}], "beenHere": {"lastCheckinExpiredAt": 0}, "name": "Saigon Vietnamese Delicacy", "venuePage": {"id": "77892527"}}, "suffix": "/3997383_PX6_ai3q3WFkxsOgpedCxBV6afeQSvLqCBEHhwueCyE.jpg", "visibility": "public"}, {"height": 540, "source": {"url": "https://foursquare.com/download/#/android", "name": "Foursquare for Android"}, "width": 960, "prefix": "https://igx.4sqi.net/img/general/", "createdAt": 1399981304, "id": "537204f8498e2f714a83bba5", "venue": {"like": false, "location": {"formattedAddress": ["371 Jalan Besar", "208998", "Singapore"], "city": "Singapore", "lng": 103.8598199025098, "cc": "SG", "country": "Singapore", "lat": 1.3129460638058603, "address": "371 Jalan Besar", "labeledLatLngs": [{"label": "display", "lat": 1.3129460638058603, "lng": 103.8598199025098}], "postalCode": "208998"}, "categories": [{"icon": {"prefix": "https://ss3.4sqi.net/img/categories_v2/food/asian_", "suffix": ".png"}, "name": "Asian Restaurant", "id": "4bf58dd8d48988d142941735", "pluralName": "Asian Restaurants", "primary": true, "shortName": "Asian"}], "verified": false, "contact": {}, "allowMenuUrlEdit": true, "stats": {"tipCount": 11, "usersCount": 281, "checkinsCount": 411}, "id": "5322e34b498e56412bd26d21", "name": "Ponggol Nasi Lemak", "beenHere": {"lastCheckinExpiredAt": 0}}, "suffix": "/3997383_ijM6LbMFoumQlXBUUDPx_uLxR5yFc1GPU73ZB32Ypcc.jpg", "visibility": "public"}, {"height": 540, "source": {"url": "https://foursquare.com/download/#/android", "name": "Foursquare for Android"}, "width": 960, "prefix": "https://igx.4sqi.net/img/general/", "createdAt": 1395461316, "id": "532d0cc4498e0a62d70c3897", "venue": {"like": false, "location": {"formattedAddress": ["117 Aljunied Ave 2", "380117", "Singapore"], "city": "Singapore", "lng": 103.8866114616394, "cc": "SG", "country": "Singapore", "lat": 1.3206885828649697, "address": "117 Aljunied Ave 2", "labeledLatLngs": [{"label": "display", "lat": 1.3206885828649697, "lng": 103.8866114616394}], "postalCode": "380117"}, "categories": [{"icon": {"prefix": "https://ss3.4sqi.net/img/categories_v2/shops/food_foodcourt_", "suffix": ".png"}, "name": "Food Court", "id": "4bf58dd8d48988d120951735", "pluralName": "Food Courts", "primary": true, "shortName": "Food Court"}], "verified": false, "contact": {}, "allowMenuUrlEdit": true, "stats": {"tipCount": 75, "usersCount": 1944, "checkinsCount": 7321}, "id": "4b0e09ccf964a5203e5423e3", "name": "Geylang East Market & Food Centre", "beenHere": {"lastCheckinExpiredAt": 0}}, "suffix": "/3997383_Sv0JnEQTJ9Ml7vujATuvi4tiS_9JLzR6NYNbgxTwKtM.jpg", "visibility": "public"}, {"height": 960, "source": {"url": "https://foursquare.com/download/#/android", "name": "Foursquare for Android"}, "width": 540, "prefix": "https://igx.4sqi.net/img/general/", "createdAt": 1394265419, "id": "531acd4b498e9762b4fe6027", "venue": {"url": "http://www.bugisjunction-mall.com.sg", "like": false, "location": {"formattedAddress": ["200 Victoria St.", "188021", "Singapore"], "city": "Singapore", "lng": 103.85569231392515, "cc": "SG", "country": "Singapore", "lat": 1.2994052690382742, "address": "200 Victoria St.", "postalCode": "188021"}, "categories": [{"icon": {"prefix": "https://ss3.4sqi.net/img/categories_v2/shops/mall_", "suffix": ".png"}, "name": "Shopping Mall", "id": "4bf58dd8d48988d1fd941735", "pluralName": "Shopping Malls", "primary": true, "shortName": "Mall"}], "verified": false, "contact": {"formattedPhone": "+65 6557 6557", "phone": "+6565576557"}, "beenHere": {"lastCheckinExpiredAt": 0}, "stats": {"tipCount": 280, "usersCount": 78175, "checkinsCount": 243936}, "id": "4bb9c1a6935e9521d3512790", "name": "Bugis Junction"}, "suffix": "/3997383__Hw8T08PhGBHOK5VDgaxddO5gKpa2TFkdO7kHXP_Hoc.jpg", "visibility": "public"}, {"height": 720, "source": {"url": "https://foursquare.com/download/#/android", "name": "Foursquare for Android"}, "width": 960, "prefix": "https://igx.4sqi.net/img/general/", "createdAt": 1393604158, "id": "5310b63e11d2df5db663bda5", "venue": {"like": false, "location": {"city": "Singapore", "lng": 103.88313831430932, "cc": "SG", "country": "Singapore", "lat": 1.3153145792385588, "address": "Geylang Lorong 25A", "labeledLatLngs": [{"label": "display", "lat": 1.3153145792385588, "lng": 103.88313831430932}], "formattedAddress": ["Geylang Lorong 25A", "Singapore"]}, "categories": [{"icon": {"prefix": "https://ss3.4sqi.net/img/categories_v2/food/coffeeshop_", "suffix": ".png"}, "name": "Coffee Shop", "id": "4bf58dd8d48988d1e0931735", "pluralName": "Coffee Shops", "primary": true, "shortName": "Coffee Shop"}], "verified": false, "contact": {}, "allowMenuUrlEdit": true, "stats": {"tipCount": 12, "usersCount": 373, "checkinsCount": 801}, "id": "4dd0b15788778512442e5cbe", "name": "CHOiCE Coffee Shop", "beenHere": {"lastCheckinExpiredAt": 0}}, "suffix": "/3997383_m7gHtCUNpVSbd7Zx7CGjWRchUJ8gSZBTf32XnPWEm0U.jpg", "visibility": "public"}, {"height": 960, "source": {"url": "https://foursquare.com/download/#/android", "name": "Foursquare for Android"}, "width": 540, "prefix": "https://igx.4sqi.net/img/general/", "createdAt": 1393041238, "id": "53081f5611d2514725e2217d", "venue": {"url": "http://www.mcdonalds.com.sg", "like": false, "location": {"formattedAddress": ["113 Aljunied Ave 2, #01-01 (Geylang East Central)", "380113", "Singapore"], "city": "Singapore", "lng": 103.88592481613159, "cc": "SG", "country": "Singapore", "crossStreet": "Geylang East Central", "lat": 1.320388255239744, "address": "113 Aljunied Ave 2, #01-01", "labeledLatLngs": [{"label": "display", "lat": 1.320388255239744, "lng": 103.88592481613159}], "postalCode": "380113"}, "categories": [{"icon": {"prefix": "https://ss3.4sqi.net/img/categories_v2/food/fastfood_", "suffix": ".png"}, "name": "Fast Food Restaurant", "id": "4bf58dd8d48988d16e941735", "pluralName": "Fast Food Restaurants", "primary": true, "shortName": "Fast Food"}], "verified": false, "contact": {"formattedPhone": "+65 6742 7613", "phone": "+6567427613"}, "allowMenuUrlEdit": true, "stats": {"tipCount": 25, "usersCount": 1985, "checkinsCount": 6702}, "id": "4bdbf92563c5c9b6cb1b2a68", "name": "McDonald's", "beenHere": {"lastCheckinExpiredAt": 0}}, "suffix": "/3997383__FNXGlXZmNzU72QClolJZ1UedBekn_hdw7GhETVcYOw.jpg", "visibility": "public"}, {"height": 960, "source": {"url": "https://foursquare.com/download/#/android", "name": "Foursquare for Android"}, "width": 540, "prefix": "https://igx.4sqi.net/img/general/", "createdAt": 1388154900, "id": "52bd9014498ecad193b363aa", "venue": {"url": "http://www.starbucks.com.sg", "like": false, "location": {"formattedAddress": ["#02-168 & #03-217/218, Marina Sq. (Lvls 2 & 3) (6 Raffles Blvd.)", "039594", "Singapore"], "city": "Singapore", "lng": 103.8568925857544, "cc": "SG", "country": "Singapore", "crossStreet": "6 Raffles Blvd.", "lat": 1.2911275910441806, "address": "#02-168 & #03-217/218, Marina Sq. (Lvls 2 & 3)", "labeledLatLngs": [{"label": "display", "lat": 1.2911275910441806, "lng": 103.8568925857544}], "postalCode": "039594", "neighborhood": "Downtown Core"}, "categories": [{"icon": {"prefix": "https://ss3.4sqi.net/img/categories_v2/food/coffeeshop_", "suffix": ".png"}, "name": "Coffee Shop", "id": "4bf58dd8d48988d1e0931735", "pluralName": "Coffee Shops", "primary": true, "shortName": "Coffee Shop"}], "verified": false, "contact": {"twitter": "sg_starbucks"}, "allowMenuUrlEdit": true, "stats": {"tipCount": 32, "usersCount": 7000, "checkinsCount": 10098}, "id": "4bb9783c7421a59315d6c240", "name": "Starbucks", "beenHere": {"lastCheckinExpiredAt": 0}}, "suffix": "/3997383_L6dyIz5H_nJALM5h4nFSEMSyWAaKnC6A2wzYinHEpzE.jpg", "visibility": "public"}, {"height": 540, "source": {"url": "https://foursquare.com/download/#/android", "name": "Foursquare for Android"}, "width": 960, "prefix": "https://igx.4sqi.net/img/general/", "createdAt": 1387366901, "id": "52b189f5498e55247fb93a16", "venue": {"location": {"formattedAddress": ["#01-63/64, The Centrepoint (176 Orchard Rd)", "238843", "Singapore"], "city": "Singapore", "lng": 103.84036075017721, "cc": "SG", "country": "Singapore", "lat": 1.301876851679959, "address": "#01-63/64, The Centrepoint", "crossStreet": "176 Orchard Rd", "postalCode": "238843"}, "contact": {"formattedPhone": "+65 6887 3786", "phone": "+6568873786"}, "verified": false, "allowMenuUrlEdit": true, "stats": {"tipCount": 10, "usersCount": 365, "checkinsCount": 490}, "id": "4d96d64a61a3a1cd7711a642", "url": "http://pfs.com.sg/restaurants/prima_taste_centrepoint", "closed": true, "like": false, "categories": [{"icon": {"prefix": "https://ss3.4sqi.net/img/categories_v2/food/asian_", "suffix": ".png"}, "name": "Chinese Restaurant", "id": "4bf58dd8d48988d145941735", "pluralName": "Chinese Restaurants", "primary": true, "shortName": "Chinese"}], "beenHere": {"lastCheckinExpiredAt": 0}, "name": "Prima Taste Kitchen"}, "suffix": "/3997383_Qnmd6XIjMijB5ll2FqrY-UNmX_EcsA20denVy-hMFdI.jpg", "visibility": "public"}, {"height": 543, "source": {"url": "https://foursquare.com/download/#/android", "name": "Foursquare for Android"}, "width": 960, "prefix": "https://igx.4sqi.net/img/general/", "createdAt": 1387104977, "id": "52ad8ad111d2deaad474320e", "venue": {"location": {"formattedAddress": ["#03-90/91, The Central (6 Eu Tong Sen St)", "059817", "Singapore"], "city": "Singapore", "lng": 103.8462495803833, "cc": "SG", "country": "Singapore", "crossStreet": "6 Eu Tong Sen St", "lat": 1.288939463230321, "address": "#03-90/91, The Central", "labeledLatLngs": [{"label": "display", "lat": 1.288939463230321, "lng": 103.8462495803833}], "postalCode": "059817"}, "contact": {"twitter": "marutamaramen", "facebookName": "Marutama Ra-men", "formattedPhone": "+65 6534 8090", "phone": "+6565348090", "facebookUsername": "MarutamaRamen", "facebook": "102850723096008"}, "verified": false, "allowMenuUrlEdit": true, "stats": {"tipCount": 60, "usersCount": 2998, "checkinsCount": 5061}, "menu": {"url": "http://marutamaramen.com/menu/", "label": "Menu", "anchor": "View Menu", "mobileUrl": "http://marutamaramen.com/menu/", "type": "Menu", "externalUrl": "http://marutamaramen.com/menu/"}, "beenHere": {"lastCheckinExpiredAt": 0}, "url": "http://marutamaramen.com", "like": false, "categories": [{"icon": {"prefix": "https://ss3.4sqi.net/img/categories_v2/food/ramen_", "suffix": ".png"}, "name": "Ramen Restaurant", "id": "55a59bace4b013909087cb24", "pluralName": "Ramen Restaurants", "primary": true, "shortName": "Ramen"}], "id": "4b48aae4f964a520295226e3", "name": "Marutama Ramen"}, "suffix": "/3997383_I2_cooGicoHgHgQcuqhhuLtu5dGuQgCEUlpfNYIs0U8.jpg", "visibility": "public"}, {"height": 800, "source": {"url": "https://foursquare.com/download/#/android", "name": "Foursquare for Android"}, "width": 483, "prefix": "https://igx.4sqi.net/img/general/", "createdAt": 1387028624, "id": "52ac609011d279cc5f3b14e1", "venue": {"like": false, "location": {"city": "Singapore", "cc": "SG", "country": "Singapore", "lat": 1.3107014819651635, "lng": 103.85907251093136, "labeledLatLngs": [{"label": "display", "lat": 1.3107014819651635, "lng": 103.85907251093136}], "formattedAddress": ["Singapore"]}, "categories": [{"icon": {"prefix": "https://ss3.4sqi.net/img/categories_v2/food/coffeeshop_", "suffix": ".png"}, "name": "Coffee Shop", "id": "4bf58dd8d48988d1e0931735", "pluralName": "Coffee Shops", "primary": true, "shortName": "Coffee Shop"}], "verified": false, "contact": {}, "allowMenuUrlEdit": true, "stats": {"tipCount": 7, "usersCount": 71, "checkinsCount": 168}, "id": "4c0901a4009a0f47e0f0e6bf", "name": "Earnest Restaurant", "beenHere": {"lastCheckinExpiredAt": 0}}, "suffix": "/3997383_B_BOn-fSzLvYetQcm1hVWdOJ-2GXpMxtbgIuAWoZx14.jpg", "visibility": "public"}, {"height": 960, "source": {"url": "https://foursquare.com/download/#/android", "name": "Foursquare for Android"}, "width": 543, "prefix": "https://igx.4sqi.net/img/general/", "createdAt": 1387017029, "id": "52ac334511d2e7d472118054", "venue": {"like": false, "location": {"formattedAddress": ["Blk 129 Geylang East Avenue 2, #01-102", "380129", "Singapore"], "city": "Singapore", "lng": 103.88821815707857, "cc": "SG", "country": "Singapore", "lat": 1.3167677161666886, "address": "Blk 129 Geylang East Avenue 2, #01-102", "labeledLatLngs": [{"label": "display", "lat": 1.3167677161666886, "lng": 103.88821815707857}], "postalCode": "380129"}, "categories": [{"icon": {"prefix": "https://ss3.4sqi.net/img/categories_v2/food/vegetarian_", "suffix": ".png"}, "name": "Vegetarian / Vegan Restaurant", "id": "4bf58dd8d48988d1d3941735", "pluralName": "Vegetarian / Vegan Restaurants", "primary": true, "shortName": "Vegetarian / Vegan"}], "verified": false, "contact": {"formattedPhone": "+65 6747 3739", "phone": "+6567473739"}, "allowMenuUrlEdit": true, "stats": {"tipCount": 11, "usersCount": 268, "checkinsCount": 982}, "id": "4d294741915fa093eb31050a", "name": "\u7ca5\u5927\u738b! Rice House", "beenHere": {"lastCheckinExpiredAt": 0}}, "suffix": "/3997383_ONvhTi2jZr26GbhmpGp7IL5G_C2WlnMTBbZOF6SiHps.jpg", "visibility": "public"}, {"height": 612, "source": {"url": "http://instagram.com", "name": "Instagram"}, "width": 612, "prefix": "https://igx.4sqi.net/img/general/", "createdAt": 1386744403, "id": "52a80a53498e5ff8babfcef6", "venue": {"like": false, "location": {"formattedAddress": ["35 Yio Chu Kang Rd", "545552", "Singapore"], "city": "Singapore", "lng": 103.87410039919905, "cc": "SG", "country": "Singapore", "lat": 1.3567313557589897, "address": "35 Yio Chu Kang Rd", "labeledLatLngs": [{"label": "display", "lat": 1.3567313557589897, "lng": 103.87410039919905}], "postalCode": "545552"}, "categories": [{"icon": {"prefix": "https://ss3.4sqi.net/img/categories_v2/parks_outdoors/pool_", "suffix": ".png"}, "name": "Pool", "id": "4bf58dd8d48988d15e941735", "pluralName": "Pools", "primary": true, "shortName": "Pool"}], "verified": false, "contact": {"formattedPhone": "+65 6288 4606", "phone": "+6562884606"}, "beenHere": {"lastCheckinExpiredAt": 0}, "stats": {"tipCount": 8, "usersCount": 673, "checkinsCount": 2331}, "id": "4b6a89ebf964a52012d82be3", "name": "Serangoon Swimming Complex"}, "suffix": "/3997383_sGS_Qqq0hjv7tQz9pPy-QtsUP7rynDnz_4LMoBWIZu0.jpg", "visibility": "public"}, {"height": 612, "source": {"url": "http://instagram.com", "name": "Instagram"}, "width": 612, "prefix": "https://igx.4sqi.net/img/general/", "createdAt": 1386686888, "id": "52a729a8498e34ac6c06375c", "venue": {"url": "http://www.starbucks.com.sg", "like": false, "location": {"formattedAddress": ["#02-393/394, Suntec City Mall (3 Temasek Boulevard)", "038983", "Singapore"], "city": "Singapore", "lng": 103.85691529008083, "cc": "SG", "country": "Singapore", "crossStreet": "3 Temasek Boulevard", "lat": 1.2932403569285678, "address": "#02-393/394, Suntec City Mall", "labeledLatLngs": [{"label": "display", "lat": 1.2932403569285678, "lng": 103.85691529008083}], "postalCode": "038983"}, "categories": [{"icon": {"prefix": "https://ss3.4sqi.net/img/categories_v2/food/coffeeshop_", "suffix": ".png"}, "name": "Coffee Shop", "id": "4bf58dd8d48988d1e0931735", "pluralName": "Coffee Shops", "primary": true, "shortName": "Coffee Shop"}], "verified": false, "contact": {"formattedPhone": "+65 6238 1534", "twitter": "sg_starbucks", "phone": "+6562381534"}, "allowMenuUrlEdit": true, "stats": {"tipCount": 49, "usersCount": 4549, "checkinsCount": 6926}, "id": "4b99bffaf964a520f38f35e3", "name": "Starbucks", "beenHere": {"lastCheckinExpiredAt": 0}}, "suffix": "/3997383_uOwi2f-EOAccu8Z3TAFsbDOH22sjMLsJkNoZhYbjMog.jpg", "visibility": "public"}, {"height": 543, "source": {"url": "https://foursquare.com/download/#/android", "name": "Foursquare for Android"}, "width": 960, "prefix": "https://igx.4sqi.net/img/general/", "createdAt": 1386163687, "id": "529f2de711d2f24d552640a7", "venue": {"like": false, "location": {"formattedAddress": ["208B New Upper Changi Rd.", "460207", "Singapore"], "city": "Singapore", "lng": 103.93038756355452, "cc": "SG", "country": "Singapore", "lat": 1.3246779436814102, "address": "208B New Upper Changi Rd.", "postalCode": "460207"}, "categories": [{"icon": {"prefix": "https://ss3.4sqi.net/img/categories_v2/shops/food_foodcourt_", "suffix": ".png"}, "name": "Food Court", "id": "4bf58dd8d48988d120951735", "pluralName": "Food Courts", "primary": true, "shortName": "Food Court"}], "verified": false, "contact": {}, "allowMenuUrlEdit": true, "stats": {"tipCount": 175, "usersCount": 10179, "checkinsCount": 27964}, "id": "4bb9e4957421a593ea1dc340", "name": "Bedok Interchange Hawker Centre", "beenHere": {"lastCheckinExpiredAt": 0}}, "suffix": "/3997383_hvrmYY6NBhvCBSV_T4de_jRnXL8bl-0e8d3FMzoKUrw.jpg", "visibility": "public"}, {"height": 960, "source": {"url": "https://foursquare.com/download/#/android", "name": "Foursquare for Android"}, "width": 960, "prefix": "https://igx.4sqi.net/img/general/", "createdAt": 1385899324, "id": "529b253c498e5f734fc5502f", "venue": {"url": "http://www.koithe.com/en", "like": false, "location": {"formattedAddress": ["#01-68 Plaza Singapura (68 Orchard Rd)", "238838", "Singapore"], "city": "Singapore", "lng": 103.84562730789185, "cc": "SG", "country": "Singapore", "crossStreet": "68 Orchard Rd", "lat": 1.299172162380157, "address": "#01-68 Plaza Singapura", "labeledLatLngs": [{"label": "display", "lat": 1.299172162380157, "lng": 103.84562730789185}], "postalCode": "238838"}, "categories": [{"icon": {"prefix": "https://ss3.4sqi.net/img/categories_v2/food/bubble_", "suffix": ".png"}, "name": "Bubble Tea Shop", "id": "52e81612bcbc57f1066b7a0c", "pluralName": "Bubble Tea Shops", "primary": true, "shortName": "Bubble Tea"}], "verified": false, "contact": {"formattedPhone": "+65 6238 0365", "phone": "+6562380365", "facebookName": "KOI PLUS Singapore", "facebookUsername": "KOIPLUSSG", "facebook": "1695045947481433"}, "allowMenuUrlEdit": true, "stats": {"tipCount": 12, "usersCount": 1204, "checkinsCount": 2125}, "id": "5155343de4b02587d19774e6", "name": "KOI PLUS", "beenHere": {"lastCheckinExpiredAt": 0}}, "suffix": "/3997383_TTEjiAjws2ByCwy030832StxeqfDSQr8fQb3Pct38PQ.jpg", "visibility": "public"}, {"height": 716, "source": {"url": "https://foursquare.com/download/#/android", "name": "Foursquare for Android"}, "width": 960, "prefix": "https://igx.4sqi.net/img/general/", "createdAt": 1384586419, "id": "52871cb3498e3e1c3d61a72e", "venue": {"url": "http://www.longjohnsilvers.com.sg", "like": false, "location": {"formattedAddress": ["251 Victoria St (Bugis Village)", "188035", "Singapore"], "city": "Singapore", "lng": 103.85564701872313, "cc": "SG", "country": "Singapore", "crossStreet": "Bugis Village", "lat": 1.3003839636207533, "address": "251 Victoria St", "labeledLatLngs": [{"label": "display", "lat": 1.3003839636207533, "lng": 103.85564701872313}], "postalCode": "188035"}, "categories": [{"icon": {"prefix": "https://ss3.4sqi.net/img/categories_v2/food/fastfood_", "suffix": ".png"}, "name": "Fast Food Restaurant", "id": "4bf58dd8d48988d16e941735", "pluralName": "Fast Food Restaurants", "primary": true, "shortName": "Fast Food"}], "verified": false, "contact": {"formattedPhone": "+65 6339 9057", "phone": "+6563399057"}, "allowMenuUrlEdit": true, "stats": {"tipCount": 15, "usersCount": 2023, "checkinsCount": 2601}, "id": "4bc2bf7cabf49521e2edc293", "name": "Long John Silver's", "beenHere": {"lastCheckinExpiredAt": 0}}, "suffix": "/3997383_aRS8PT5sGUuKRcbcnjkT6vcQCLSvBm_827gxiV0JCAY.jpg", "visibility": "public"}, {"height": 543, "source": {"url": "https://foursquare.com/download/#/android", "name": "Foursquare for Android"}, "width": 960, "prefix": "https://igx.4sqi.net/img/general/", "createdAt": 1383468070, "id": "52760c26498e673336074be3", "venue": {"like": false, "location": {"city": "Singapore", "lng": 103.856269829073, "cc": "SG", "country": "Singapore", "lat": 1.3049423820514554, "address": "Larut Rd", "labeledLatLngs": [{"label": "display", "lat": 1.3049423820514554, "lng": 103.856269829073}], "formattedAddress": ["Larut Rd", "Singapore"]}, "categories": [{"icon": {"prefix": "https://ss3.4sqi.net/img/categories_v2/shops/antique_", "suffix": ".png"}, "name": "Antique Shop", "id": "4bf58dd8d48988d116951735", "pluralName": "Antique Shops", "primary": true, "shortName": "Antiques"}], "verified": false, "contact": {}, "allowMenuUrlEdit": true, "stats": {"tipCount": 11, "usersCount": 816, "checkinsCount": 1359}, "id": "4bf8c6484a67c928e20626cf", "name": "Sungei Road Thieves Market", "beenHere": {"lastCheckinExpiredAt": 0}}, "suffix": "/3997383__PcXJPjaXqyYmLxuuSMwkdL9oZvZzOD1h6ePQQBUB14.jpg", "visibility": "public"}, {"height": 543, "source": {"url": "https://foursquare.com/download/#/android", "name": "Foursquare for Android"}, "width": 960, "prefix": "https://igx.4sqi.net/img/general/", "createdAt": 1382455441, "id": "52669891498e36c382f13f28", "venue": {"like": false, "location": {"formattedAddress": ["79/79A Circuit Road", "370079", "Singapore"], "city": "Singapore", "lng": 103.88514304574436, "cc": "SG", "country": "Singapore", "lat": 1.3260037358953867, "address": "79/79A Circuit Road", "labeledLatLngs": [{"label": "display", "lat": 1.3260037358953867, "lng": 103.88514304574436}], "postalCode": "370079"}, "categories": [{"icon": {"prefix": "https://ss3.4sqi.net/img/categories_v2/shops/food_foodcourt_", "suffix": ".png"}, "name": "Food Court", "id": "4bf58dd8d48988d120951735", "pluralName": "Food Courts", "primary": true, "shortName": "Food Court"}], "verified": false, "contact": {}, "allowMenuUrlEdit": true, "stats": {"tipCount": 111, "usersCount": 3901, "checkinsCount": 11348}, "id": "4c04f1b4187ec928c4a5b77b", "name": "Circuit Road Hawker Centre", "beenHere": {"lastCheckinExpiredAt": 0}}, "suffix": "/3997383_lFQk8U4hxLGod0qEI5d91wJMROriDsnagiNMYpkkVdU.jpg", "visibility": "public"}, {"height": 960, "source": {"url": "https://foursquare.com/download/#/android", "name": "Foursquare for Android"}, "width": 720, "prefix": "https://igx.4sqi.net/img/general/", "createdAt": 1381928563, "id": "525e8e7311d238bf53c90a1c", "venue": {"url": "http://www.safra.sg", "like": false, "location": {"formattedAddress": ["293 Lor 6 Toa Payoh", "319387", "Singapore"], "city": "Singapore", "lng": 103.85429949336272, "cc": "SG", "country": "Singapore", "lat": 1.3302510313371119, "address": "293 Lor 6 Toa Payoh", "labeledLatLngs": [{"label": "display", "lat": 1.3302510313371119, "lng": 103.85429949336272}], "postalCode": "319387"}, "categories": [{"icon": {"prefix": "https://ss3.4sqi.net/img/categories_v2/building/default_", "suffix": ".png"}, "name": "Club House", "id": "52e81612bcbc57f1066b7a35", "pluralName": "Club Houses", "primary": true, "shortName": "Club"}], "verified": false, "contact": {"formattedPhone": "+65 6259 4000", "phone": "+6562594000"}, "beenHere": {"lastCheckinExpiredAt": 0}, "stats": {"tipCount": 22, "usersCount": 4071, "checkinsCount": 11284}, "id": "4b88ae7cf964a520680832e3", "name": "SAFRA Toa Payoh", "venueRatingBlacklisted": true}, "suffix": "/3997383_QU_LjlOEyuXMOA11ly8ghAtRNbl0_jDlnRN4bTHE1-0.jpg", "visibility": "public"}, {"height": 543, "source": {"url": "https://foursquare.com/download/#/android", "name": "Foursquare for Android"}, "width": 960, "prefix": "https://igx.4sqi.net/img/general/", "createdAt": 1381046389, "id": "52511875498e1030f45a9afd", "venue": {"like": false, "location": {"formattedAddress": ["#01-37, Century Square (2 Tampines Central 5)", "529509", "Singapore"], "city": "Singapore", "lng": 103.94341766968141, "cc": "SG", "country": "Singapore", "crossStreet": "2 Tampines Central 5", "lat": 1.3528238665998908, "address": "#01-37, Century Square", "labeledLatLngs": [{"label": "display", "lat": 1.3528238665998908, "lng": 103.94341766968141}], "postalCode": "529509"}, "categories": [{"icon": {"prefix": "https://ss3.4sqi.net/img/categories_v2/food/seafood_", "suffix": ".png"}, "name": "Seafood Restaurant", "id": "4bf58dd8d48988d1ce941735", "pluralName": "Seafood Restaurants", "primary": true, "shortName": "Seafood"}], "verified": false, "contact": {"formattedPhone": "+65 6782 3379", "phone": "+6567823379"}, "allowMenuUrlEdit": true, "stats": {"tipCount": 11, "usersCount": 849, "checkinsCount": 1182}, "id": "515d6928e4b0e2aed21599fd", "name": "The Manhattan Fish Market", "beenHere": {"lastCheckinExpiredAt": 0}}, "suffix": "/3997383_Y3oP5k9816vfo7xNyhOlGJ0Ao-V2d_k_4Rnqhnj5p8c.jpg", "visibility": "public"}, {"height": 707, "source": {"url": "https://foursquare.com/download/#/android", "name": "Foursquare for Android"}, "width": 960, "prefix": "https://igx.4sqi.net/img/general/", "createdAt": 1380459880, "id": "5248256811d20112d5fbcebe", "venue": {"like": false, "location": {"formattedAddress": ["#01-01, National Library Building (100 Victoria St)", "188064", "Singapore"], "city": "Singapore", "lng": 103.85426552230768, "cc": "SG", "country": "Singapore", "crossStreet": "100 Victoria St", "lat": 1.2972460134571877, "address": "#01-01, National Library Building", "labeledLatLngs": [{"label": "display", "lat": 1.2972460134571877, "lng": 103.85426552230768}], "postalCode": "188064"}, "categories": [{"icon": {"prefix": "https://ss3.4sqi.net/img/categories_v2/food/cafe_", "suffix": ".png"}, "name": "Caf\u00e9", "id": "4bf58dd8d48988d16d941735", "pluralName": "Caf\u00e9s", "primary": true, "shortName": "Caf\u00e9"}], "verified": false, "contact": {"formattedPhone": "+65 6333 0377", "phone": "+6563330377"}, "allowMenuUrlEdit": true, "stats": {"tipCount": 45, "usersCount": 1644, "checkinsCount": 3262}, "id": "4b4d0e2cf964a5205fc926e3", "name": "Hanis Cafe & Bakery", "beenHere": {"lastCheckinExpiredAt": 0}}, "suffix": "/3997383_I6tyRBtasGII8TB0uh2EcAngXZ99hd1QFuKFt6X1r3U.jpg", "visibility": "public"}, {"height": 960, "source": {"url": "https://foursquare.com/download/#/android", "name": "Foursquare for Android"}, "width": 720, "prefix": "https://igx.4sqi.net/img/general/", "createdAt": 1377696431, "id": "521dfaaf11d21d7dd71fb7b3", "venue": {"like": false, "location": {"formattedAddress": ["261 Serangoon Central Drive #01-15", "550261", "Singapore"], "city": "Singapore", "lng": 103.87289991918372, "cc": "SG", "country": "Singapore", "lat": 1.3540461728608932, "address": "261 Serangoon Central Drive #01-15", "labeledLatLngs": [{"label": "display", "lat": 1.3540461728608932, "lng": 103.87289991918372}], "postalCode": "550261"}, "categories": [{"icon": {"prefix": "https://ss3.4sqi.net/img/categories_v2/food/default_", "suffix": ".png"}, "name": "American Restaurant", "id": "4bf58dd8d48988d14e941735", "pluralName": "American Restaurants", "primary": true, "shortName": "American"}], "verified": false, "contact": {}, "allowMenuUrlEdit": true, "stats": {"tipCount": 6, "usersCount": 296, "checkinsCount": 522}, "id": "4cbb2f9e90c9a1437e6693d6", "name": "Char Grill Bar", "beenHere": {"lastCheckinExpiredAt": 0}}, "suffix": "/3997383_lL1NVf1mD9hY39MZAwENDoIzfBaxaPfsJ9Ud57ZmPG0.jpg", "visibility": "public"}, {"height": 720, "source": {"url": "https://foursquare.com/download/#/android", "name": "Foursquare for Android"}, "width": 960, "prefix": "https://igx.4sqi.net/img/general/", "createdAt": 1376808529, "id": "52106e51498e1db39d59439c", "venue": {"like": false, "location": {"cc": "SG", "country": "Singapore", "lat": 1.282332, "lng": 103.843039, "labeledLatLngs": [{"label": "display", "lat": 1.282332, "lng": 103.843039}], "formattedAddress": ["Singapore"]}, "categories": [{"icon": {"prefix": "https://ss3.4sqi.net/img/categories_v2/shops/record_shop_", "suffix": ".png"}, "name": "Record Shop", "id": "4bf58dd8d48988d10d951735", "pluralName": "Record Shops", "primary": true, "shortName": "Record Shop"}], "verified": false, "contact": {}, "allowMenuUrlEdit": true, "stats": {"tipCount": 2, "usersCount": 22, "checkinsCount": 33}, "id": "4cfe22757f2db1f7f4893bd4", "name": "Foo Leong Record", "beenHere": {"lastCheckinExpiredAt": 0}}, "suffix": "/3997383_CJSvVgJGpUI8z90b1vCcyaPUNRKhwij5p-ggN5iqQJQ.jpg", "visibility": "public"}, {"height": 720, "source": {"url": "https://foursquare.com/download/#/android", "name": "Foursquare for Android"}, "width": 960, "prefix": "https://igx.4sqi.net/img/general/", "createdAt": 1376059988, "id": "52050254498ee6a31c8ef8f5", "venue": {"like": false, "location": {"formattedAddress": ["214 Geylang Rd (cnr of Geylang Lor 8)", "389274", "Singapore"], "city": "Singapore", "lng": 103.87680530548096, "cc": "SG", "country": "Singapore", "crossStreet": "cnr of Geylang Lor 8", "lat": 1.3120595122065322, "address": "214 Geylang Rd", "labeledLatLngs": [{"label": "display", "lat": 1.3120595122065322, "lng": 103.87680530548096}], "postalCode": "389274"}, "categories": [{"icon": {"prefix": "https://ss3.4sqi.net/img/categories_v2/food/dimsum_", "suffix": ".png"}, "name": "Dim Sum Restaurant", "id": "4bf58dd8d48988d1f5931735", "pluralName": "Dim Sum Restaurants", "primary": true, "shortName": "Dim Sum"}], "verified": false, "contact": {"formattedPhone": "+65 6841 5133", "phone": "+6568415133"}, "allowMenuUrlEdit": true, "stats": {"tipCount": 72, "usersCount": 3212, "checkinsCount": 5161}, "id": "4b350255f964a520b52925e3", "name": "Mongkok Dim Sum \u65fa\u89d2\u9ede\u5fc3", "beenHere": {"lastCheckinExpiredAt": 0}}, "suffix": "/3997383_llZjZzgyXz2sW5eFbWn4HXWHiA7WSnZWrttQVI4okh4.jpg", "visibility": "public"}, {"height": 720, "source": {"url": "https://foursquare.com/download/#/android", "name": "Foursquare for Android"}, "width": 960, "prefix": "https://igx.4sqi.net/img/general/", "createdAt": 1375966984, "id": "52039708498e17d8f0b31c6e", "venue": {"like": false, "location": {"formattedAddress": ["Balestier Market (Balestier Road)", "Singapore"], "city": "Singapore", "lng": 103.84915863691599, "cc": "SG", "country": "Singapore", "crossStreet": "Balestier Road", "lat": 1.3257042647320325, "address": "Balestier Market", "labeledLatLngs": [{"label": "display", "lat": 1.3257042647320325, "lng": 103.84915863691599}], "neighborhood": "Novena"}, "categories": [{"icon": {"prefix": "https://ss3.4sqi.net/img/categories_v2/food/thai_", "suffix": ".png"}, "name": "Thai Restaurant", "id": "4bf58dd8d48988d149941735", "pluralName": "Thai Restaurants", "primary": true, "shortName": "Thai"}], "verified": false, "contact": {}, "allowMenuUrlEdit": true, "stats": {"tipCount": 3, "usersCount": 21, "checkinsCount": 23}, "id": "520396d7498e1476e9f197b6", "name": "John Thai Food", "beenHere": {"lastCheckinExpiredAt": 0}}, "suffix": "/3997383_DX9AH807eSWVtUjF7sp8ln5JpLF_Pei8vacLMKOMBXY.jpg", "visibility": "public"}, {"height": 720, "source": {"url": "https://foursquare.com/download/#/android", "name": "Foursquare for Android"}, "width": 960, "prefix": "https://igx.4sqi.net/img/general/", "createdAt": 1375955875, "id": "52036ba3498e206d926fcf81", "venue": {"like": false, "location": {"formattedAddress": ["boon keng road", "330027", "Singapore"], "lng": 103.86249242718294, "cc": "SG", "country": "Singapore", "lat": 1.3189256105675249, "address": "boon keng road", "labeledLatLngs": [{"label": "display", "lat": 1.3189256105675249, "lng": 103.86249242718294}], "postalCode": "330027"}, "categories": [{"icon": {"prefix": "https://ss3.4sqi.net/img/categories_v2/food/asian_", "suffix": ".png"}, "name": "Chinese Restaurant", "id": "4bf58dd8d48988d145941735", "pluralName": "Chinese Restaurants", "primary": true, "shortName": "Chinese"}], "verified": false, "contact": {}, "allowMenuUrlEdit": true, "stats": {"tipCount": 1, "usersCount": 132, "checkinsCount": 659}, "id": "4c9f2f9646978cfa0eaaa87f", "name": "Chang Long Seafood Zi Cha", "beenHere": {"lastCheckinExpiredAt": 0}}, "suffix": "/3997383_P55dUPBcYoEs_iJdsq1_K0IW3y08Czq_hNWhMTpJmjM.jpg", "visibility": "public"}, {"height": 720, "source": {"url": "https://foursquare.com/download/#/android", "name": "Foursquare for Android"}, "width": 960, "prefix": "https://igx.4sqi.net/img/general/", "createdAt": 1375626812, "id": "51fe663c498e45a628f06ca8", "venue": {"closed": true, "like": false, "location": {"city": "Singapore", "lng": 103.98728719004983, "cc": "SG", "country": "Singapore", "lat": 1.356883982586192, "address": "Departure Hall, Terminal 3, Changi Airport", "labeledLatLngs": [{"label": "display", "lat": 1.356883982586192, "lng": 103.98728719004983}], "formattedAddress": ["Departure Hall, Terminal 3, Changi Airport", "Singapore"]}, "categories": [{"icon": {"prefix": "https://ss3.4sqi.net/img/categories_v2/food/coffeeshop_", "suffix": ".png"}, "name": "Coffee Shop", "id": "4bf58dd8d48988d1e0931735", "pluralName": "Coffee Shops", "primary": true, "shortName": "Coffee Shop"}], "verified": false, "contact": {}, "allowMenuUrlEdit": true, "stats": {"tipCount": 9, "usersCount": 623, "checkinsCount": 862}, "id": "5145b7c8e4b016faeb43a10e", "name": "Toast Box \u571f\u53f8\u5de5\u574a", "beenHere": {"lastCheckinExpiredAt": 0}}, "suffix": "/3997383_iUDMGtqVBW76OHLZ1Qqg4iu-l0vYbKDyl6DQK5AOKD0.jpg", "visibility": "public"}, {"height": 960, "source": {"url": "https://foursquare.com/download/#/android", "name": "Foursquare for Android"}, "width": 720, "prefix": "https://igx.4sqi.net/img/general/", "createdAt": 1375517542, "id": "51fcbb66498e83162d4a9737", "venue": {"closed": true, "like": false, "location": {"formattedAddress": ["213 to 219 South Bridge Rd. (opp Masjid Jamae (Chulia))", "058762", "Singapore"], "city": "Singapore", "lng": 103.84581506252289, "cc": "SG", "country": "Singapore", "lat": 1.2829596435698636, "address": "213 to 219 South Bridge Rd.", "crossStreet": "opp Masjid Jamae (Chulia)", "postalCode": "058762"}, "categories": [{"icon": {"prefix": "https://ss3.4sqi.net/img/categories_v2/food/asian_", "suffix": ".png"}, "name": "Asian Restaurant", "id": "4bf58dd8d48988d142941735", "pluralName": "Asian Restaurants", "primary": true, "shortName": "Asian"}], "verified": false, "contact": {}, "allowMenuUrlEdit": true, "stats": {"tipCount": 18, "usersCount": 722, "checkinsCount": 1774}, "id": "4c32bf9f66e40f47bb06c78b", "name": "Hong Hock Eating House", "beenHere": {"lastCheckinExpiredAt": 0}}, "suffix": "/3997383_LgSh9ZaABxxVrUzrlam5w8gJR1ftU1ohZ972N1e_tgA.jpg", "visibility": "public"}, {"height": 720, "source": {"url": "https://foursquare.com/download/#/android", "name": "Foursquare for Android"}, "width": 960, "prefix": "https://igx.4sqi.net/img/general/", "createdAt": 1373900577, "id": "51e40f21498eb3dfd2505c35", "venue": {"url": "http://www.csc.gov.sg/planetbowl/index.htm", "like": false, "location": {"formattedAddress": ["60 Tessensohn Road (Civil Service Club)", "217664", "Singapore"], "city": "Singapore", "lng": 103.85587915679291, "cc": "SG", "country": "Singapore", "crossStreet": "Civil Service Club", "lat": 1.3158395323833563, "address": "60 Tessensohn Road", "labeledLatLngs": [{"label": "display", "lat": 1.3158395323833563, "lng": 103.85587915679291}], "postalCode": "217664"}, "categories": [{"icon": {"prefix": "https://ss3.4sqi.net/img/categories_v2/arts_entertainment/bowling_", "suffix": ".png"}, "name": "Bowling Alley", "id": "4bf58dd8d48988d1e4931735", "pluralName": "Bowling Alleys", "primary": true, "shortName": "Bowling Alley"}], "verified": false, "contact": {"formattedPhone": "+65 6391 5693", "phone": "+6563915693"}, "allowMenuUrlEdit": true, "stats": {"tipCount": 3, "usersCount": 832, "checkinsCount": 2003}, "id": "4c147cc87f7f2d7fcd0ee168", "name": "Planet Bowl", "beenHere": {"lastCheckinExpiredAt": 0}}, "suffix": "/3997383_3r8nooA4NZ-PGCytFQmcaeRi-GDGrz0-_r4j8C5tk3c.jpg", "visibility": "public"}, {"height": 960, "source": {"url": "https://foursquare.com/download/#/android", "name": "Foursquare for Android"}, "width": 720, "prefix": "https://igx.4sqi.net/img/general/", "createdAt": 1372524948, "id": "51cf1194498ea981b1548c62", "venue": {"like": false, "location": {"formattedAddress": ["79/79A Circuit Road", "370079", "Singapore"], "city": "Singapore", "lng": 103.88514304574436, "cc": "SG", "country": "Singapore", "lat": 1.3260037358953867, "address": "79/79A Circuit Road", "labeledLatLngs": [{"label": "display", "lat": 1.3260037358953867, "lng": 103.88514304574436}], "postalCode": "370079"}, "categories": [{"icon": {"prefix": "https://ss3.4sqi.net/img/categories_v2/shops/food_foodcourt_", "suffix": ".png"}, "name": "Food Court", "id": "4bf58dd8d48988d120951735", "pluralName": "Food Courts", "primary": true, "shortName": "Food Court"}], "verified": false, "contact": {}, "allowMenuUrlEdit": true, "stats": {"tipCount": 111, "usersCount": 3901, "checkinsCount": 11348}, "id": "4c04f1b4187ec928c4a5b77b", "name": "Circuit Road Hawker Centre", "beenHere": {"lastCheckinExpiredAt": 0}}, "suffix": "/3997383_lkp9MOfbc8TjuYUTVc9Ywl92qKcddc-ym747RU7OKPY.jpg", "visibility": "public"}, {"height": 720, "source": {"url": "https://foursquare.com/download/#/android", "name": "Foursquare for Android"}, "width": 960, "prefix": "https://igx.4sqi.net/img/general/", "createdAt": 1372507443, "id": "51cecd33498e6594adbf18c8", "venue": {"like": false, "location": {"formattedAddress": ["New Bridge Rd. (Upper Pickering St.)", "259569", "Singapore"], "city": "Singapore", "lng": 103.84645806666519, "cc": "SG", "country": "Singapore", "crossStreet": "Upper Pickering St.", "lat": 1.2866816363786384, "address": "New Bridge Rd.", "labeledLatLngs": [{"label": "display", "lat": 1.2866816363786384, "lng": 103.84645806666519}], "postalCode": "259569"}, "categories": [{"icon": {"prefix": "https://ss3.4sqi.net/img/categories_v2/parks_outdoors/park_", "suffix": ".png"}, "name": "Park", "id": "4bf58dd8d48988d163941735", "pluralName": "Parks", "primary": true, "shortName": "Park"}], "verified": false, "contact": {}, "beenHere": {"lastCheckinExpiredAt": 0}, "stats": {"tipCount": 15, "usersCount": 1862, "checkinsCount": 3641}, "id": "4b9ddcecf964a52098c036e3", "name": "Hong Lim Park"}, "suffix": "/3997383_TfnWbEOMcTuptEeE10NC0O83Tj7HLroVWgzjG-UKNgs.jpg", "visibility": "public"}, {"height": 960, "source": {"url": "https://foursquare.com/download/#/android", "name": "Foursquare for Android"}, "width": 720, "prefix": "https://igx.4sqi.net/img/general/", "createdAt": 1371284098, "id": "51bc2282498e557a4fcb46ad", "venue": {"like": false, "location": {"formattedAddress": ["#B1-154, 80 Marine Parade Rd", "449269", "Singapore"], "city": "Singapore", "lng": 103.9052826006438, "cc": "SG", "country": "Singapore", "lat": 1.3020811024449632, "address": "#B1-154, 80 Marine Parade Rd", "labeledLatLngs": [{"label": "display", "lat": 1.3020811024449632, "lng": 103.9052826006438}], "postalCode": "449269"}, "categories": [{"icon": {"prefix": "https://ss3.4sqi.net/img/categories_v2/food/icecream_", "suffix": ".png"}, "name": "Ice Cream Shop", "id": "4bf58dd8d48988d1c9941735", "pluralName": "Ice Cream Shops", "primary": true, "shortName": "Ice Cream"}], "verified": false, "contact": {"formattedPhone": "+65 6456 8698", "phone": "+6564568698"}, "allowMenuUrlEdit": true, "stats": {"tipCount": 16, "usersCount": 506, "checkinsCount": 810}, "id": "4b7664b2f964a520b94a2ee3", "name": "Scoopz", "beenHere": {"lastCheckinExpiredAt": 0}}, "suffix": "/3997383_sZUwwvUkOWe8pjV2ckRNVcP9BD0q5sqDRMT1INpcxA8.jpg", "visibility": "public"}, {"height": 720, "source": {"url": "https://foursquare.com/download/#/android", "name": "Foursquare for Android"}, "width": 960, "prefix": "https://igx.4sqi.net/img/general/", "createdAt": 1370669452, "id": "51b2c18c498efdec1ce923f3", "venue": {"like": false, "location": {"formattedAddress": ["Blk 78 Circuit Road #01-470", "370078", "Singapore"], "lng": 103.88553380190874, "cc": "SG", "country": "Singapore", "lat": 1.3281659355998363, "address": "Blk 78 Circuit Road #01-470", "labeledLatLngs": [{"label": "display", "lat": 1.3281659355998363, "lng": 103.88553380190874}], "postalCode": "370078"}, "categories": [{"icon": {"prefix": "https://ss3.4sqi.net/img/categories_v2/food/coffeeshop_", "suffix": ".png"}, "name": "Coffee Shop", "id": "4bf58dd8d48988d1e0931735", "pluralName": "Coffee Shops", "primary": true, "shortName": "Coffee Shop"}], "verified": false, "contact": {}, "allowMenuUrlEdit": true, "stats": {"tipCount": 7, "usersCount": 193, "checkinsCount": 432}, "id": "4b555a47f964a5203fe227e3", "name": "Lam Bee Restaurant", "beenHere": {"lastCheckinExpiredAt": 0}}, "suffix": "/3997383_QJ4pLyXZEWwmTdOJ4H4yjrO22KhJRgMkrvGNE8aPs3g.jpg", "visibility": "public"}, {"height": 960, "source": {"url": "https://foursquare.com/download/#/android", "name": "Foursquare for Android"}, "width": 720, "prefix": "https://igx.4sqi.net/img/general/", "createdAt": 1370616103, "id": "51b1f127498e86440f1f3871", "venue": {"closed": true, "like": false, "location": {"formattedAddress": ["#04-20 & #04-32, 313@Somerset (313 Orchard Rd)", "238895", "Singapore"], "city": "Singapore", "lng": 103.83856773376465, "cc": "SG", "country": "Singapore", "crossStreet": "313 Orchard Rd", "lat": 1.3010384992751693, "address": "#04-20 & #04-32, 313@Somerset", "labeledLatLngs": [{"label": "display", "lat": 1.3010384992751693, "lng": 103.83856773376465}], "postalCode": "238895"}, "categories": [{"icon": {"prefix": "https://ss3.4sqi.net/img/categories_v2/food/dessert_", "suffix": ".png"}, "name": "Dessert Shop", "id": "4bf58dd8d48988d1d0941735", "pluralName": "Dessert Shops", "primary": true, "shortName": "Desserts"}], "verified": false, "contact": {"formattedPhone": "+65 6509 0027", "phone": "+6565090027"}, "allowMenuUrlEdit": true, "stats": {"tipCount": 27, "usersCount": 2307, "checkinsCount": 3739}, "id": "4cb9a92b0180721e04529561", "name": "Honeymoon Dessert \u9999\u6e2f\u6ee1\u8bb0\u751c\u54c1", "beenHere": {"lastCheckinExpiredAt": 0}}, "suffix": "/3997383_x-__BjvRz1OjnhXjcIm_2W3Iz3aKpXeyw_i2XtKyI5E.jpg", "visibility": "public"}, {"height": 960, "source": {"url": "https://foursquare.com/download/#/android", "name": "Foursquare for Android"}, "width": 720, "prefix": "https://igx.4sqi.net/img/general/", "createdAt": 1369482154, "id": "51a0a3aa498ebbacdbff1f00", "venue": {"like": false, "location": {"formattedAddress": ["#B1-07 The Star Vista (1 Vista Exchange Green)", "138617", "Singapore"], "city": "Singapore", "lng": 103.78859274136371, "cc": "SG", "country": "Singapore", "crossStreet": "1 Vista Exchange Green", "lat": 1.306578179772834, "address": "#B1-07 The Star Vista", "labeledLatLngs": [{"label": "display", "lat": 1.306578179772834, "lng": 103.78859274136371}], "postalCode": "138617"}, "categories": [{"icon": {"prefix": "https://ss3.4sqi.net/img/categories_v2/food/asian_", "suffix": ".png"}, "name": "Chinese Restaurant", "id": "4bf58dd8d48988d145941735", "pluralName": "Chinese Restaurants", "primary": true, "shortName": "Chinese"}], "verified": false, "contact": {"formattedPhone": "+65 6268 9628", "phone": "+6562689628"}, "allowMenuUrlEdit": true, "stats": {"tipCount": 23, "usersCount": 579, "checkinsCount": 872}, "id": "50cd9f7be4b05a3b9f836364", "name": "Central Hong Kong Cafe \u4e2d\u74b0\u9999\u6e2f\u8336\u9910\u5ef3", "beenHere": {"lastCheckinExpiredAt": 0}}, "suffix": "/3997383_3wnzVD377_i1UWiv_qKuIU00Tn2h2Iyqs4MFK2cejZA.jpg", "visibility": "public"}, {"height": 720, "source": {"url": "https://foursquare.com/download/#/android", "name": "Foursquare for Android"}, "width": 960, "prefix": "https://igx.4sqi.net/img/general/", "createdAt": 1369380966, "id": "519f1866498e6c96c8440f0c", "venue": {"like": false, "location": {"formattedAddress": ["187 Macpherson Rd.", "348545", "Singapore"], "city": "Singapore", "lng": 103.8755104104485, "cc": "SG", "country": "Singapore", "lat": 1.330125604632111, "address": "187 Macpherson Rd.", "labeledLatLngs": [{"label": "display", "lat": 1.330125604632111, "lng": 103.8755104104485}], "postalCode": "348545"}, "categories": [{"icon": {"prefix": "https://ss3.4sqi.net/img/categories_v2/food/indian_", "suffix": ".png"}, "name": "Indian Restaurant", "id": "4bf58dd8d48988d10f941735", "pluralName": "Indian Restaurants", "primary": true, "shortName": "Indian"}], "verified": false, "contact": {"formattedPhone": "+65 6285 9001", "phone": "+6562859001"}, "allowMenuUrlEdit": true, "stats": {"tipCount": 19, "usersCount": 598, "checkinsCount": 1475}, "id": "4d82cc81509137042ed65b5b", "name": "Casuarina Curry", "beenHere": {"lastCheckinExpiredAt": 0}}, "suffix": "/3997383_1PTddzOIbwNv1RFBsTzHPdWEoXB9ycG79hSy_iQfRpw.jpg", "visibility": "public"}, {"height": 960, "source": {"url": "https://foursquare.com/download/#/android", "name": "Foursquare for Android"}, "width": 720, "prefix": "https://igx.4sqi.net/img/general/", "createdAt": 1368594579, "id": "51931893498ebdd45198b63c", "venue": {"closed": true, "like": false, "location": {"lng": 103.85581687580846, "cc": "SG", "country": "Singapore", "lat": 1.3457701082843558, "address": "Block 151 #01-07/08, Bishan Street 11", "formattedAddress": ["Block 151 #01-07/08, Bishan Street 11", "Singapore"]}, "categories": [{"icon": {"prefix": "https://ss3.4sqi.net/img/categories_v2/food/default_", "suffix": ".png"}, "name": "American Restaurant", "id": "4bf58dd8d48988d14e941735", "pluralName": "American Restaurants", "primary": true, "shortName": "American"}], "verified": false, "contact": {}, "allowMenuUrlEdit": true, "stats": {"tipCount": 4, "usersCount": 157, "checkinsCount": 410}, "id": "4ead1eb7775bad292f48e278", "name": "Astons Express", "beenHere": {"lastCheckinExpiredAt": 0}}, "suffix": "/3997383_HnfhnqlRqGGMK0ZpfwRc2Rx_mbEDZO4mn9un6C6OOBg.jpg", "visibility": "public"}, {"height": 960, "source": {"url": "https://foursquare.com/download/#/android", "name": "Foursquare for Android"}, "width": 720, "prefix": "https://igx.4sqi.net/img/general/", "createdAt": 1367933328, "id": "51890190498ed774ae10a983", "venue": {"like": false, "location": {"formattedAddress": ["71 Lor 27 Geylang", "388191", "Singapore"], "city": "Singapore", "lng": 103.88384053327094, "cc": "SG", "country": "Singapore", "lat": 1.3163866412649698, "address": "71 Lor 27 Geylang", "labeledLatLngs": [{"label": "display", "lat": 1.3163866412649698, "lng": 103.88384053327094}], "postalCode": "388191"}, "categories": [{"icon": {"prefix": "https://ss3.4sqi.net/img/categories_v2/food/steakhouse_", "suffix": ".png"}, "name": "Steakhouse", "id": "4bf58dd8d48988d1cc941735", "pluralName": "Steakhouses", "primary": true, "shortName": "Steakhouse"}], "verified": false, "contact": {}, "allowMenuUrlEdit": true, "stats": {"tipCount": 30, "usersCount": 807, "checkinsCount": 1998}, "id": "4cebb30d9f776ea8aa3a6f22", "name": "The Ranch", "beenHere": {"lastCheckinExpiredAt": 0}}, "suffix": "/3997383_-xE6VFs2XaqBQGoK6alH7RVLtvFzTL3psqDX4xU56sM.jpg", "visibility": "public"}, {"height": 720, "source": {"url": "https://foursquare.com/download/#/android", "name": "Foursquare for Android"}, "width": 960, "prefix": "https://igx.4sqi.net/img/general/", "createdAt": 1367746643, "id": "51862853498ed8d002ba4d9b", "venue": {"url": "http://www.chinatownpoint.com.sg", "like": false, "location": {"formattedAddress": ["133 New Bridge Rd.", "059413", "Singapore"], "city": "Singapore", "lng": 103.84467470064739, "cc": "SG", "country": "Singapore", "lat": 1.2853154168915206, "address": "133 New Bridge Rd.", "labeledLatLngs": [{"label": "display", "lat": 1.2853154168915206, "lng": 103.84467470064739}], "postalCode": "059413"}, "categories": [{"icon": {"prefix": "https://ss3.4sqi.net/img/categories_v2/shops/mall_", "suffix": ".png"}, "name": "Shopping Mall", "id": "4bf58dd8d48988d1fd941735", "pluralName": "Shopping Malls", "primary": true, "shortName": "Mall"}], "verified": false, "contact": {"formattedPhone": "+65 6702 0114", "phone": "+6567020114"}, "beenHere": {"lastCheckinExpiredAt": 0}, "stats": {"tipCount": 65, "usersCount": 15982, "checkinsCount": 33188}, "id": "4b3acd95f964a520a36e25e3", "name": "Chinatown Point"}, "suffix": "/3997383_NJFFSAywQrd7vGohApAGY_eCm9pEUQKKIVepxog5brU.jpg", "visibility": "public"}, {"height": 612, "source": {"url": "http://instagram.com", "name": "Instagram"}, "width": 612, "prefix": "https://igx.4sqi.net/img/general/", "createdAt": 1355563586, "id": "50cc4242e4b0aceb524ee1af", "venue": {"venueRatingBlacklisted": true, "like": false, "location": {"formattedAddress": ["31 Ubi Road 1", "408694", "Singapore"], "city": "Singapore", "lng": 103.8912593573484, "cc": "SG", "country": "Singapore", "lat": 1.3270771335281526, "address": "31 Ubi Road 1", "labeledLatLngs": [{"label": "display", "lat": 1.3270771335281526, "lng": 103.8912593573484}], "postalCode": "408694"}, "categories": [{"icon": {"prefix": "https://ss3.4sqi.net/img/categories_v2/shops/technology_", "suffix": ".png"}, "name": "Tech Startup", "id": "4bf58dd8d48988d125941735", "pluralName": "Tech Startups", "primary": true, "shortName": "Tech Startup"}], "verified": false, "contact": {}, "beenHere": {"lastCheckinExpiredAt": 0}, "stats": {"tipCount": 0, "usersCount": 531, "checkinsCount": 1617}, "id": "4b90e25ff964a520f79a33e3", "name": "Aztech Building"}, "suffix": "/3997383_xHXv_BzEH91p_k3YTH1BZDvOL9Up5MaTQIBsyfv6FeE.jpg", "visibility": "public"}, {"height": 612, "source": {"url": "http://instagram.com", "name": "Instagram"}, "width": 612, "prefix": "https://igx.4sqi.net/img/general/", "createdAt": 1352484022, "id": "509d44b6e4b0b72b98594b1e", "venue": {"url": "http://www.clarkequaycentral.com.sg", "like": false, "location": {"formattedAddress": ["6 Eu Tong Sen St.", "059817", "Singapore"], "city": "Singapore", "lng": 103.84691665028265, "cc": "SG", "country": "Singapore", "lat": 1.2892112031402585, "address": "6 Eu Tong Sen St.", "postalCode": "059817"}, "categories": [{"icon": {"prefix": "https://ss3.4sqi.net/img/categories_v2/shops/mall_", "suffix": ".png"}, "name": "Shopping Mall", "id": "4bf58dd8d48988d1fd941735", "pluralName": "Shopping Malls", "primary": true, "shortName": "Mall"}], "verified": false, "contact": {"facebookName": "Clarke Quay Central", "facebookUsername": "clarkequaycentral", "facebook": "825806037430946"}, "allowMenuUrlEdit": true, "stats": {"tipCount": 95, "usersCount": 24045, "checkinsCount": 56829}, "id": "4afa194af964a520b71622e3", "name": "Clarke Quay Central", "beenHere": {"lastCheckinExpiredAt": 0}}, "suffix": "/3997383_OUCnhkrNeK2HkQRSq9WwENS9WjqQH9xO6z9xg0-Bi9A.jpg", "visibility": "public"}, {"height": 612, "source": {"url": "http://instagram.com", "name": "Instagram"}, "width": 612, "prefix": "https://igx.4sqi.net/img/general/", "createdAt": 1350297128, "id": "507be628e4b0e1f139858fd0", "venue": {"venueRatingBlacklisted": true, "like": false, "location": {"lng": 103.86688635295, "cc": "SG", "country": "Singapore", "lat": 1.316402430735259, "address": "Block 16 Kallang Place", "labeledLatLngs": [{"label": "display", "lat": 1.316402430735259, "lng": 103.86688635295}], "formattedAddress": ["Block 16 Kallang Place", "Singapore"]}, "categories": [{"icon": {"prefix": "https://ss3.4sqi.net/img/categories_v2/building/default_", "suffix": ".png"}, "name": "Office", "id": "4bf58dd8d48988d124941735", "pluralName": "Offices", "primary": true, "shortName": "Office"}], "verified": false, "contact": {}, "beenHere": {"lastCheckinExpiredAt": 0}, "stats": {"tipCount": 0, "usersCount": 196, "checkinsCount": 737}, "id": "4bf9e3d5508c0f4748c23f31", "name": "16 Kallang Place"}, "suffix": "/3997383_xC8Kwu-ZYqXumQk1gya5Jbb83JHC7CNv160243fpAMY.jpg", "visibility": "public"}, {"height": 612, "source": {"url": "http://instagram.com", "name": "Instagram"}, "width": 612, "prefix": "https://igx.4sqi.net/img/general/", "createdAt": 1350113434, "id": "5079189ae4b077205646f7da", "venue": {"url": "http://www.marinabaysands.com/shoppes", "like": false, "location": {"formattedAddress": ["2 Bayfront Ave.", "018972", "Singapore"], "city": "Singapore", "lng": 103.85910648318679, "cc": "SG", "country": "Singapore", "lat": 1.2832998243275502, "address": "2 Bayfront Ave.", "postalCode": "018972"}, "categories": [{"icon": {"prefix": "https://ss3.4sqi.net/img/categories_v2/shops/mall_", "suffix": ".png"}, "name": "Shopping Mall", "id": "4bf58dd8d48988d1fd941735", "pluralName": "Shopping Malls", "primary": true, "shortName": "Mall"}], "verified": false, "contact": {"formattedPhone": "+65 6688 8868", "twitter": "marinabaysands", "phone": "+6566888868"}, "beenHere": {"lastCheckinExpiredAt": 0}, "stats": {"tipCount": 219, "usersCount": 50924, "checkinsCount": 98695}, "id": "4bd6b4925631c9b60239a630", "name": "The Shoppes At Marina Bay Sands"}, "suffix": "/3997383_xUNu2isHaNg3F49ixg0YKAFIBpxzUbdog2mLbitnN6M.jpg", "visibility": "public"}, {"height": 720, "source": {"url": "https://foursquare.com/download/#/iphone", "name": "Foursquare for iOS"}, "width": 537, "prefix": "https://igx.4sqi.net/img/general/", "createdAt": 1316873717, "id": "4e7de5f57ee6ec38251af1ff", "venue": {"like": false, "location": {"city": "Johor Bahru", "lng": 103.7963629039175, "cc": "MY", "state": "Johor", "lat": 1.5505312262696793, "address": "Jusco Aeon Tebrau City", "labeledLatLngs": [{"label": "display", "lat": 1.5505312262696793, "lng": 103.7963629039175}], "formattedAddress": ["Jusco Aeon Tebrau City", "Johor Bahru, Johor", "Malaysia"], "country": "Malaysia"}, "categories": [{"icon": {"prefix": "https://ss3.4sqi.net/img/categories_v2/food/donuts_", "suffix": ".png"}, "name": "Donut Shop", "id": "4bf58dd8d48988d148941735", "pluralName": "Donut Shops", "primary": true, "shortName": "Donuts"}], "verified": false, "contact": {}, "allowMenuUrlEdit": true, "stats": {"tipCount": 12, "usersCount": 1249, "checkinsCount": 1721}, "id": "4e2a90f5ae605c533a2e0978", "name": "J.CO Donuts & Coffee", "beenHere": {"lastCheckinExpiredAt": 0}}, "suffix": "/APFQSXZVZMF2DXOL3EG0PI5AXI1KJNSNUMMB5LJBRJ1NPO3W.jpg", "visibility": "public"}, {"height": 720, "source": {"url": "https://foursquare.com/download/#/iphone", "name": "Foursquare for iOS"}, "width": 537, "prefix": "https://igx.4sqi.net/img/general/", "createdAt": 1316185152, "id": "4e736440e4cd876b6e0775f4", "venue": {"url": "http://www.brewerkz.com", "like": false, "location": {"formattedAddress": ["#01-05/06, Riverside Point (30 Merchant Road)", "058282", "Singapore"], "city": "Singapore", "lng": 103.84431236882644, "cc": "SG", "country": "Singapore", "crossStreet": "30 Merchant Road", "lat": 1.2896338481293987, "address": "#01-05/06, Riverside Point", "labeledLatLngs": [{"label": "display", "lat": 1.2896338481293987, "lng": 103.84431236882644}], "postalCode": "058282"}, "categories": [{"icon": {"prefix": "https://ss3.4sqi.net/img/categories_v2/food/brewery_", "suffix": ".png"}, "name": "Brewery", "id": "50327c8591d4c4b30a586d5d", "pluralName": "Breweries", "primary": true, "shortName": "Brewery"}], "verified": true, "contact": {"formattedPhone": "+65 6438 7438", "twitter": "brewerkzsg", "phone": "+6564387438"}, "allowMenuUrlEdit": true, "stats": {"tipCount": 692, "usersCount": 9789, "checkinsCount": 18172}, "id": "4b05880bf964a520f4ad22e3", "name": "Brewerkz Restaurant & Microbrewery", "beenHere": {"lastCheckinExpiredAt": 0}}, "suffix": "/31LTMMHLLN3WR1DMEXQ2L4S5B13MDX55LUON2WPSM2AO03WM.jpg", "visibility": "public"}, {"height": 720, "source": {"url": "https://foursquare.com/download/#/iphone", "name": "Foursquare for iOS"}, "width": 537, "prefix": "https://igx.4sqi.net/img/general/", "createdAt": 1313250490, "id": "4e469cbab61c03d0cd0dc350", "venue": {"venueRatingBlacklisted": true, "like": false, "location": {"cc": "SG", "country": "Singapore", "lat": 1.282673, "lng": 103.84816, "labeledLatLngs": [{"label": "display", "lat": 1.282673, "lng": 103.84816}], "formattedAddress": ["Singapore"]}, "categories": [{"icon": {"prefix": "https://ss3.4sqi.net/img/categories_v2/building/default_", "suffix": ".png"}, "name": "Office", "id": "4bf58dd8d48988d124941735", "pluralName": "Offices", "primary": true, "shortName": "Office"}], "verified": false, "contact": {}, "beenHere": {"lastCheckinExpiredAt": 0}, "stats": {"tipCount": 0, "usersCount": 7, "checkinsCount": 7}, "id": "4cfc4065feec6dcbc2794b36", "name": "Canada House @Amoy St"}, "suffix": "/BP10P5QJO5T3KYDROEOTQB0AWNDY5DT2L3U0G0VAA2HLG3KB.jpg", "visibility": "public"}, {"height": 720, "source": {"url": "https://foursquare.com/download/#/iphone", "name": "Foursquare for iOS"}, "width": 537, "prefix": "https://igx.4sqi.net/img/general/", "createdAt": 1296581138, "id": "4d48421270d6a340b41b4bff", "venue": {"like": false, "location": {"formattedAddress": ["214 Geylang Rd (cnr of Geylang Lor 8)", "389274", "Singapore"], "city": "Singapore", "lng": 103.87680530548096, "cc": "SG", "country": "Singapore", "crossStreet": "cnr of Geylang Lor 8", "lat": 1.3120595122065322, "address": "214 Geylang Rd", "labeledLatLngs": [{"label": "display", "lat": 1.3120595122065322, "lng": 103.87680530548096}], "postalCode": "389274"}, "categories": [{"icon": {"prefix": "https://ss3.4sqi.net/img/categories_v2/food/dimsum_", "suffix": ".png"}, "name": "Dim Sum Restaurant", "id": "4bf58dd8d48988d1f5931735", "pluralName": "Dim Sum Restaurants", "primary": true, "shortName": "Dim Sum"}], "verified": false, "contact": {"formattedPhone": "+65 6841 5133", "phone": "+6568415133"}, "allowMenuUrlEdit": true, "stats": {"tipCount": 72, "usersCount": 3212, "checkinsCount": 5161}, "id": "4b350255f964a520b52925e3", "name": "Mongkok Dim Sum \u65fa\u89d2\u9ede\u5fc3", "beenHere": {"lastCheckinExpiredAt": 0}}, "suffix": "/VAUPDUOL2UJQHXXJNFURB1QCCE35PJYWK0B3KIYUE2CCC0KL.jpg", "visibility": "public"}, {"height": 720, "source": {"url": "https://foursquare.com/download/#/iphone", "name": "Foursquare for iOS"}, "width": 537, "prefix": "https://igx.4sqi.net/img/general/", "createdAt": 1296581081, "id": "4d4841d970d6a340aa1b4bff", "venue": {"like": false, "location": {"formattedAddress": ["214 Geylang Rd (cnr of Geylang Lor 8)", "389274", "Singapore"], "city": "Singapore", "lng": 103.87680530548096, "cc": "SG", "country": "Singapore", "crossStreet": "cnr of Geylang Lor 8", "lat": 1.3120595122065322, "address": "214 Geylang Rd", "labeledLatLngs": [{"label": "display", "lat": 1.3120595122065322, "lng": 103.87680530548096}], "postalCode": "389274"}, "categories": [{"icon": {"prefix": "https://ss3.4sqi.net/img/categories_v2/food/dimsum_", "suffix": ".png"}, "name": "Dim Sum Restaurant", "id": "4bf58dd8d48988d1f5931735", "pluralName": "Dim Sum Restaurants", "primary": true, "shortName": "Dim Sum"}], "verified": false, "contact": {"formattedPhone": "+65 6841 5133", "phone": "+6568415133"}, "allowMenuUrlEdit": true, "stats": {"tipCount": 72, "usersCount": 3212, "checkinsCount": 5161}, "id": "4b350255f964a520b52925e3", "name": "Mongkok Dim Sum \u65fa\u89d2\u9ede\u5fc3", "beenHere": {"lastCheckinExpiredAt": 0}}, "suffix": "/5Y5E4F4S1XGHKDME1Z2LZNYOQIMJKGU1KKCQOB1GH2RFGGCY.jpg", "visibility": "public"}], "count": 48}, "totalCount": 48}}