{"response": {"totalCount": 7, "photos": {"count": 7, "items": [{"tip": {"todo": {"count": 0}, "type": "user", "agreeCount": 0, "text": "Delicious and cheap food.", "createdAt": 1443251821, "logView": true, "id": "5606466d498e1326663a6333", "disagreeCount": 0, "canonicalUrl": "https://foursquare.com/item/5606466d498e1326663a6333", "likes": {"groups": [], "count": 0}, "like": false}, "width": 1440, "visibility": "public", "createdAt": 1443251823, "id": "5606466f498e670a2344cb1f", "source": {"name": "Foursquare for iOS", "url": "https://foursquare.com/download/#/iphone"}, "prefix": "https://igx.4sqi.net/img/general/", "suffix": "/3998837_SodfAVPfPm5VLA4jcpG6uaEktq-BUglZiyhFPK3X8NE.jpg", "venue": {"contact": {"facebookUsername": "fishballstory", "facebookName": "Fishball Story", "phone": "+6598005036", "facebook": "684350738295512", "formattedPhone": "+65 9800 5036"}, "name": "Fishball Story", "categories": [{"name": "Noodle House", "shortName": "Noodles", "primary": true, "icon": {"prefix": "https://ss3.4sqi.net/img/categories_v2/food/ramen_", "suffix": ".png"}, "id": "4bf58dd8d48988d1d1941735", "pluralName": "Noodle Houses"}], "beenHere": {"lastCheckinExpiredAt": 0}, "stats": {"checkinsCount": 107, "tipCount": 10, "usersCount": 76}, "verified": false, "url": "http://timbreplus.sg/community/the-fishball-story/", "id": "5350b492498e46d7a1638d64", "location": {"country": "Singapore", "formattedAddress": ["timbre+ (@ JTC launchPad @ One North) (73A Ayer Rajah Crescent)", "139957", "Singapore"], "cc": "SG", "lat": 1.2975578871146551, "labeledLatLngs": [{"lng": 103.78746628761292, "lat": 1.2975578871146551, "label": "display"}], "postalCode": "139957", "address": "timbre+ (@ JTC launchPad @ One North)", "lng": 103.78746628761292, "city": "Singapore", "crossStreet": "73A Ayer Rajah Crescent"}, "like": false, "allowMenuUrlEdit": true}, "height": 1920}, {"width": 540, "visibility": "public", "createdAt": 1338310920, "id": "4fc50108e4b087a3e3198a64", "source": {"name": "Foursquare for Android", "url": "https://foursquare.com/download/#/android"}, "prefix": "https://igx.4sqi.net/img/general/", "suffix": "/ja-W7bO9DfrC-Qi5Ibd2O2dZvf7sucspJJvp8QcHhiw.jpg", "venue": {"contact": {"phone": "+4533314015", "formattedPhone": "+45 33 31 40 15"}, "name": "Restaurant Klubben", "categories": [{"name": "Scandinavian Restaurant", "shortName": "Scandinavian", "primary": true, "icon": {"prefix": "https://ss3.4sqi.net/img/categories_v2/food/scandinavian_", "suffix": ".png"}, "id": "4bf58dd8d48988d1c6941735", "pluralName": "Scandinavian Restaurants"}], "beenHere": {"lastCheckinExpiredAt": 0}, "stats": {"checkinsCount": 1203, "tipCount": 17, "usersCount": 818}, "verified": false, "url": "http://www.restaurant-klubben.dk", "id": "4b7552f9f964a5204f062ee3", "location": {"country": "Danmark", "formattedAddress": ["Enghavevej 4", "1674 K\u00f8benhavn", "Danmark"], "cc": "DK", "lat": 55.67109748651419, "labeledLatLngs": [{"lng": 12.545947518103896, "lat": 55.67109748651419, "label": "display"}], "postalCode": "1674", "address": "Enghavevej 4", "lng": 12.545947518103896, "city": "K\u00f8benhavn", "state": "Region Hovedstaden"}, "like": false, "allowMenuUrlEdit": true}, "height": 720}, {"tip": {"todo": {"count": 0}, "type": "user", "agreeCount": 0, "text": "Cozy place with good and cheap coffee", "createdAt": 1326536539, "logView": true, "id": "4f11575be4b07e9eca47c566", "disagreeCount": 0, "canonicalUrl": "https://foursquare.com/item/4f11575be4b07e9eca47c566", "likes": {"groups": [], "count": 0}, "like": false}, "width": 540, "visibility": "public", "createdAt": 1326536543, "id": "4f11575fe4b0297e561934b5", "source": {"name": "Foursquare for Android", "url": "https://foursquare.com/download/#/android"}, "prefix": "https://igx.4sqi.net/img/general/", "suffix": "/DWQC44HAM2T4B2YOX0I5MHZPCELQVJTMP3Y3IGS0MY2U25TD.jpg", "venue": {"contact": {"phone": "+4541270607", "formattedPhone": "+45 41 27 06 07"}, "categories": [{"name": "Coffee Shop", "shortName": "Coffee Shop", "primary": true, "icon": {"prefix": "https://ss3.4sqi.net/img/categories_v2/food/coffeeshop_", "suffix": ".png"}, "id": "4bf58dd8d48988d1e0931735", "pluralName": "Coffee Shops"}], "closed": true, "beenHere": {"lastCheckinExpiredAt": 0}, "location": {"country": "Danmark", "formattedAddress": ["Enghavevej 56 (Ny Carlsberg Vej)", "1674 K\u00f8benhavn V", "Danmark"], "cc": "DK", "lat": 55.665846949999995, "postalCode": "1674", "address": "Enghavevej 56", "lng": 12.543239, "city": "K\u00f8benhavn V", "crossStreet": "Ny Carlsberg Vej"}, "like": false, "allowMenuUrlEdit": true, "name": "Lesbisk Kaffe", "url": "http://lesbiskkaffe.dk", "stats": {"checkinsCount": 146, "tipCount": 2, "usersCount": 82}, "verified": false, "id": "4e5e24a2483bbc5f69690d09"}, "height": 720}, {"width": 720, "visibility": "public", "createdAt": 1318604050, "id": "4e984d120aafaa1ef9198775", "source": {"name": "Foursquare for Android", "url": "https://foursquare.com/download/#/android"}, "prefix": "https://igx.4sqi.net/img/general/", "suffix": "/KBBYVIL1X1YMVIGAU5XDZFKX13502JQECNLPPII34IKMAFSR.jpg", "venue": {"contact": {}, "name": "Valtech Bar on Fridays", "categories": [{"name": "Bar", "shortName": "Bar", "primary": true, "icon": {"prefix": "https://ss3.4sqi.net/img/categories_v2/nightlife/pub_", "suffix": ".png"}, "id": "4bf58dd8d48988d116941735", "pluralName": "Bars"}], "beenHere": {"lastCheckinExpiredAt": 0}, "stats": {"checkinsCount": 60, "tipCount": 0, "usersCount": 17}, "verified": false, "id": "4e173360d4c0c7a8fbb939db", "location": {"country": "Danmark", "formattedAddress": ["Kanonb\u00e5dsvej 2", "1437 K\u00f8benhavn", "Danmark"], "cc": "DK", "lat": 55.67918701311225, "labeledLatLngs": [{"lng": 12.606762, "lat": 55.67918701311225, "label": "display"}], "postalCode": "1437", "address": "Kanonb\u00e5dsvej 2", "lng": 12.606762, "city": "K\u00f8benhavn", "state": "Region Hovedstaden"}, "like": false, "allowMenuUrlEdit": true}, "height": 480}, {"width": 480, "visibility": "public", "createdAt": 1304962776, "id": "4dc826d840a30c85badc0c84", "source": {"name": "Foursquare for Android", "url": "https://foursquare.com/download/#/android"}, "prefix": "https://igx.4sqi.net/img/general/", "suffix": "/H1EMN0KDGVZCJISWRGQLUR3GOWAQVODGHNFXADNIN3BSH0QP.jpg", "venue": {"contact": {"phone": "+4539904614", "formattedPhone": "+45 39 90 46 14"}, "name": "Den R\u00f8de Cottage", "categories": [{"name": "Scandinavian Restaurant", "shortName": "Scandinavian", "primary": true, "icon": {"prefix": "https://ss3.4sqi.net/img/categories_v2/food/scandinavian_", "suffix": ".png"}, "id": "4bf58dd8d48988d1c6941735", "pluralName": "Scandinavian Restaurants"}], "beenHere": {"lastCheckinExpiredAt": 0}, "stats": {"checkinsCount": 238, "tipCount": 7, "usersCount": 163}, "verified": false, "id": "4bf836a1b182c9b6a017775a", "location": {"country": "Danmark", "formattedAddress": ["Strandvejen 550", "2930 Klampenborg", "Danmark"], "cc": "DK", "lat": 55.782844, "labeledLatLngs": [{"lng": 12.59091, "lat": 55.782844, "label": "display"}], "postalCode": "2930", "address": "Strandvejen 550", "lng": 12.59091, "city": "Klampenborg", "state": "Region Hovedstaden"}, "like": false, "allowMenuUrlEdit": true}, "height": 720}, {"width": 324, "visibility": "public", "createdAt": 1304528803, "id": "4dc187a3fd2861773b4bf050", "source": {"name": "Foursquare for Android", "url": "https://foursquare.com/download/#/android"}, "prefix": "https://igx.4sqi.net/img/general/", "suffix": "/S2CHENKIGITJC25Q5Q2SQRC105AS0W0Z2CTZHUKRXCPFQG5V.jpg", "venue": {"contact": {}, "name": "The Food", "categories": [{"name": "Italian Restaurant", "shortName": "Italian", "primary": true, "icon": {"prefix": "https://ss3.4sqi.net/img/categories_v2/food/italian_", "suffix": ".png"}, "id": "4bf58dd8d48988d110941735", "pluralName": "Italian Restaurants"}], "beenHere": {"lastCheckinExpiredAt": 0}, "stats": {"checkinsCount": 13, "tipCount": 0, "usersCount": 13}, "verified": false, "id": "4c87c14553a6a09354c33eba", "location": {"country": "Danmark", "formattedAddress": ["Danmark"], "cc": "DK", "lat": 55.692079067230225, "labeledLatLngs": [{"lng": 12.555631, "lat": 55.692079067230225, "label": "display"}], "lng": 12.555631}, "like": false, "allowMenuUrlEdit": true}, "height": 244}, {"width": 271, "visibility": "public", "createdAt": 1303044851, "id": "4daae2f340a3372f7c74a0e6", "source": {"name": "Foursquare for Android", "url": "https://foursquare.com/download/#/android"}, "prefix": "https://igx.4sqi.net/img/general/", "suffix": "/LLBZXU3OQ43YEGEDQRN220GBJGSCA4DNLDBDXICPHSGOMRZU.jpg", "venue": {"contact": {"phone": "+4588388083", "formattedPhone": "+45 88 38 80 83"}, "venuePage": {"id": "90488413"}, "categories": [{"name": "Caf\u00e9", "shortName": "Caf\u00e9", "primary": true, "icon": {"prefix": "https://ss3.4sqi.net/img/categories_v2/food/cafe_", "suffix": ".png"}, "id": "4bf58dd8d48988d16d941735", "pluralName": "Caf\u00e9s"}], "beenHere": {"lastCheckinExpiredAt": 0}, "location": {"country": "Danmark", "formattedAddress": ["Leifsgade 3", "2300 K\u00f8benhavn", "Danmark"], "cc": "DK", "lat": 55.664899, "labeledLatLngs": [{"lng": 12.581158, "lat": 55.664899, "label": "display"}], "postalCode": "2300", "address": "Leifsgade 3", "lng": 12.581158, "city": "K\u00f8benhavn", "state": "Region Hovedstaden"}, "like": false, "allowMenuUrlEdit": true, "name": "TOBIs Caf\u00e9", "url": "http://www.tobiscafe.dk/TOBIs_Cafe/Home.html", "stats": {"checkinsCount": 1312, "tipCount": 22, "usersCount": 392}, "verified": true, "id": "4af54b68f964a520c0f821e3"}, "height": 271}]}}, "notifications": [{"type": "notificationTray", "item": {"unreadCount": 0}}], "meta": {"requestId": "595b8869dd57972d2b527a6a", "code": 200}}