{"meta": {"code": 200, "requestId": "595af2671ed21919fa2ad17e"}, "notifications": [{"item": {"unreadCount": 0}, "type": "notificationTray"}], "response": {"photos": {"items": [{"height": 960, "source": {"url": "https://foursquare.com/download/#/android", "name": "Foursquare for Android"}, "tip": {"agreeCount": 0, "canonicalUrl": "https://foursquare.com/item/524d1bc511d235ce155585b6", "todo": {"count": 0}, "logView": true, "disagreeCount": 0, "createdAt": 1380785093, "id": "524d1bc511d235ce155585b6", "text": "didn't expect medium rare to be like raw. I know this isn't a steakhouse like Astons but still; not appealing", "likes": {"groups": [], "count": 0}, "like": false, "type": "user"}, "width": 540, "prefix": "https://igx.4sqi.net/img/general/", "createdAt": 1380785096, "id": "524d1bc811d223e5800d9f1e", "venue": {"like": false, "location": {"formattedAddress": ["#B1-47 nex (23 Serangoon Central)", "556083", "Singapore"], "city": "Singapore", "lng": 103.87322268871506, "cc": "SG", "country": "Singapore", "crossStreet": "23 Serangoon Central", "lat": 1.3499892288568152, "address": "#B1-47 nex", "labeledLatLngs": [{"label": "display", "lat": 1.3499892288568152, "lng": 103.87322268871506}], "postalCode": "556083"}, "categories": [{"icon": {"prefix": "https://ss3.4sqi.net/img/categories_v2/food/cafe_", "suffix": ".png"}, "name": "Caf\u00e9", "id": "4bf58dd8d48988d16d941735", "pluralName": "Caf\u00e9s", "primary": true, "shortName": "Caf\u00e9"}], "verified": false, "contact": {"formattedPhone": "+65 6753 4300", "phone": "+6567534300"}, "allowMenuUrlEdit": true, "stats": {"tipCount": 45, "usersCount": 2593, "checkinsCount": 4002}, "id": "4cfccc8d20fe370440b35bf8", "name": "Hot Tomato Cafe & Grill", "beenHere": {"lastCheckinExpiredAt": 0}}, "suffix": "/4000163_glv7aYzJ4i_jXbA2q0gMtYIddYxxn6S_aP2q-kGhAtU.jpg", "visibility": "public"}, {"height": 960, "source": {"url": "https://foursquare.com/download/#/android", "name": "Foursquare for Android"}, "tip": {"agreeCount": 0, "canonicalUrl": "https://foursquare.com/item/51ce987d498e99bf47845a8d", "todo": {"count": 6}, "logView": true, "disagreeCount": 0, "createdAt": 1372493949, "id": "51ce987d498e99bf47845a8d", "text": "no wonder store is empty. coffee came 2 mins after order, taste like old town 3-1 hazelnut. wedges cost as much as kungfu paradise's but way less. original milk tea is the same as common kopitiam's", "likes": {"groups": [], "count": 0}, "like": false, "type": "user"}, "width": 720, "prefix": "https://igx.4sqi.net/img/general/", "createdAt": 1372493957, "id": "51ce9885498eec9cbedb4d90", "venue": {"url": "http://www.wongkok.com.my", "like": false, "location": {"city": "Singapore", "lng": 103.85572062343407, "cc": "SG", "country": "Singapore", "crossStreet": "200 Victoria St", "lat": 1.2992359555679573, "address": "#02-50, Bugis Junction", "labeledLatLngs": [{"label": "display", "lat": 1.2992359555679573, "lng": 103.85572062343407}], "formattedAddress": ["#02-50, Bugis Junction (200 Victoria St)", "Singapore"]}, "categories": [{"icon": {"prefix": "https://ss3.4sqi.net/img/categories_v2/food/asian_", "suffix": ".png"}, "name": "Chinese Restaurant", "id": "4bf58dd8d48988d145941735", "pluralName": "Chinese Restaurants", "primary": true, "shortName": "Chinese"}], "verified": false, "contact": {}, "allowMenuUrlEdit": true, "stats": {"tipCount": 42, "usersCount": 2196, "checkinsCount": 2757}, "id": "4b46b1d0f964a520e82626e3", "name": "Wong Kok Char Chan Teng \u65fa\u89d2\u8336\u9910\u5385", "beenHere": {"lastCheckinExpiredAt": 0}}, "suffix": "/4000163_Sn1Xj2DZa9iYb8TZhaS0C6A6uhEbw1Ca4fibI6acMu4.jpg", "visibility": "public"}, {"height": 720, "source": {"url": "https://foursquare.com/download/#/android", "name": "Foursquare for Android"}, "width": 540, "prefix": "https://igx.4sqi.net/img/general/", "createdAt": 1327473916, "id": "4f1fa4fce4b0a621101d23d1", "venue": {"like": false, "location": {"city": "Singapore", "lng": 103.85587915679291, "cc": "SG", "country": "Singapore", "lat": 1.3026534145823325, "address": "Rochor Centre #01-626/628", "labeledLatLngs": [{"label": "display", "lat": 1.3026534145823325, "lng": 103.85587915679291}], "formattedAddress": ["Rochor Centre #01-626/628", "Singapore"]}, "categories": [{"icon": {"prefix": "https://ss3.4sqi.net/img/categories_v2/arts_entertainment/default_", "suffix": ".png"}, "name": "General Entertainment", "id": "4bf58dd8d48988d1f1931735", "pluralName": "General Entertainment", "primary": true, "shortName": "Entertainment"}], "verified": false, "contact": {}, "allowMenuUrlEdit": true, "stats": {"tipCount": 0, "usersCount": 120, "checkinsCount": 231}, "id": "4c1dc30eb306c928f12466b7", "name": "Singapore Pool @ Rochor Centre", "beenHere": {"lastCheckinExpiredAt": 0}}, "suffix": "/LJSS0ZE5EKWOMHXDX2JZ21HGOVKAKDBXYHX3BMG1NF1TMFTU.jpg", "visibility": "public"}], "count": 3}, "totalCount": 3}}