{"response": {"photos": {"items": [{"id": "50b21b2fe4b0cf8d1d8f8158", "createdAt": 1353849647, "height": 540, "visibility": "public", "source": {"url": "https://foursquare.com/download/#/iphone", "name": "Foursquare for iOS"}, "prefix": "https://igx.4sqi.net/img/general/", "venue": {"id": "4b8254a1f964a52003d030e3", "like": false, "stats": {"checkinsCount": 2855, "tipCount": 12, "usersCount": 1932}, "url": "http://www.pizzahut.com.sg", "beenHere": {"lastCheckinExpiredAt": 0}, "categories": [{"id": "4bf58dd8d48988d1ca941735", "primary": true, "icon": {"prefix": "https://ss3.4sqi.net/img/categories_v2/food/pizza_", "suffix": ".png"}, "pluralName": "Pizza Places", "shortName": "Pizza", "name": "Pizza Place"}], "verified": false, "allowMenuUrlEdit": true, "location": {"crossStreet": "1 Woodlands Square", "labeledLatLngs": [{"lng": 103.78563872569535, "label": "display", "lat": 1.4357452320197208}], "lat": 1.4357452320197208, "postalCode": "738099", "city": "Singapore", "formattedAddress": ["#B1-25, Causeway Point (1 Woodlands Square)", "738099", "Singapore"], "lng": 103.78563872569535, "address": "#B1-25, Causeway Point", "country": "Singapore", "cc": "SG"}, "contact": {"twitter": "pizzahut_sg"}, "name": "Pizza Hut"}, "width": 540, "suffix": "/4000514_8Mew3EqfjUu1stNp3T1enOYnYNw7COYIVBCYmZTFlyM.jpg"}, {"id": "50b21b0be4b0428a10cef8f7", "createdAt": 1353849611, "height": 540, "visibility": "public", "source": {"url": "https://foursquare.com/download/#/iphone", "name": "Foursquare for iOS"}, "prefix": "https://igx.4sqi.net/img/general/", "venue": {"id": "4b8254a1f964a52003d030e3", "like": false, "stats": {"checkinsCount": 2855, "tipCount": 12, "usersCount": 1932}, "url": "http://www.pizzahut.com.sg", "beenHere": {"lastCheckinExpiredAt": 0}, "categories": [{"id": "4bf58dd8d48988d1ca941735", "primary": true, "icon": {"prefix": "https://ss3.4sqi.net/img/categories_v2/food/pizza_", "suffix": ".png"}, "pluralName": "Pizza Places", "shortName": "Pizza", "name": "Pizza Place"}], "verified": false, "allowMenuUrlEdit": true, "location": {"crossStreet": "1 Woodlands Square", "labeledLatLngs": [{"lng": 103.78563872569535, "label": "display", "lat": 1.4357452320197208}], "lat": 1.4357452320197208, "postalCode": "738099", "city": "Singapore", "formattedAddress": ["#B1-25, Causeway Point (1 Woodlands Square)", "738099", "Singapore"], "lng": 103.78563872569535, "address": "#B1-25, Causeway Point", "country": "Singapore", "cc": "SG"}, "contact": {"twitter": "pizzahut_sg"}, "name": "Pizza Hut"}, "width": 540, "suffix": "/4000514_q5HEz18CB-5e21eGobjqv3MWWknfOcO_GLAmBNvgR8s.jpg"}, {"id": "50b21ae6e4b0aebed437fed0", "createdAt": 1353849574, "height": 540, "visibility": "public", "source": {"url": "https://foursquare.com/download/#/iphone", "name": "Foursquare for iOS"}, "prefix": "https://igx.4sqi.net/img/general/", "venue": {"id": "4b8254a1f964a52003d030e3", "like": false, "stats": {"checkinsCount": 2855, "tipCount": 12, "usersCount": 1932}, "url": "http://www.pizzahut.com.sg", "beenHere": {"lastCheckinExpiredAt": 0}, "categories": [{"id": "4bf58dd8d48988d1ca941735", "primary": true, "icon": {"prefix": "https://ss3.4sqi.net/img/categories_v2/food/pizza_", "suffix": ".png"}, "pluralName": "Pizza Places", "shortName": "Pizza", "name": "Pizza Place"}], "verified": false, "allowMenuUrlEdit": true, "location": {"crossStreet": "1 Woodlands Square", "labeledLatLngs": [{"lng": 103.78563872569535, "label": "display", "lat": 1.4357452320197208}], "lat": 1.4357452320197208, "postalCode": "738099", "city": "Singapore", "formattedAddress": ["#B1-25, Causeway Point (1 Woodlands Square)", "738099", "Singapore"], "lng": 103.78563872569535, "address": "#B1-25, Causeway Point", "country": "Singapore", "cc": "SG"}, "contact": {"twitter": "pizzahut_sg"}, "name": "Pizza Hut"}, "width": 540, "suffix": "/4000514_xneaLpPEnva5_wfuYYB9FMv4hX_ey5uMN1R-097hyCc.jpg"}, {"id": "50a23979e4b094fddbc383c7", "createdAt": 1352808825, "height": 540, "visibility": "public", "source": {"url": "https://foursquare.com/download/#/iphone", "name": "Foursquare for iOS"}, "prefix": "https://igx.4sqi.net/img/general/", "venue": {"id": "4fa50c9ce4b089a95a030a5a", "like": false, "stats": {"checkinsCount": 472, "tipCount": 6, "usersCount": 250}, "beenHere": {"lastCheckinExpiredAt": 0}, "categories": [{"id": "4bf58dd8d48988d1ce941735", "primary": true, "icon": {"prefix": "https://ss3.4sqi.net/img/categories_v2/food/seafood_", "suffix": ".png"}, "pluralName": "Seafood Restaurants", "shortName": "Seafood", "name": "Seafood Restaurant"}], "verified": false, "allowMenuUrlEdit": true, "location": {"address": "2A Woodlands Center Road", "lat": 1.4403998503620017, "country": "Singapore", "lng": 103.77027549392479, "labeledLatLngs": [{"lng": 103.77027549392479, "label": "display", "lat": 1.4403998503620017}], "formattedAddress": ["2A Woodlands Center Road", "Singapore"], "cc": "SG"}, "contact": {}, "name": "Habibie Seafood"}, "width": 540, "suffix": "/4000514_wzObvAowWrLC8BU0iTsbaAceDbMBGt8vA56F2_8ElAo.jpg"}, {"id": "50a2394d498e6bae361b2e4e", "createdAt": 1352808781, "height": 540, "visibility": "public", "source": {"url": "https://foursquare.com/download/#/iphone", "name": "Foursquare for iOS"}, "prefix": "https://igx.4sqi.net/img/general/", "venue": {"id": "4fa50c9ce4b089a95a030a5a", "like": false, "stats": {"checkinsCount": 472, "tipCount": 6, "usersCount": 250}, "beenHere": {"lastCheckinExpiredAt": 0}, "categories": [{"id": "4bf58dd8d48988d1ce941735", "primary": true, "icon": {"prefix": "https://ss3.4sqi.net/img/categories_v2/food/seafood_", "suffix": ".png"}, "pluralName": "Seafood Restaurants", "shortName": "Seafood", "name": "Seafood Restaurant"}], "verified": false, "allowMenuUrlEdit": true, "location": {"address": "2A Woodlands Center Road", "lat": 1.4403998503620017, "country": "Singapore", "lng": 103.77027549392479, "labeledLatLngs": [{"lng": 103.77027549392479, "label": "display", "lat": 1.4403998503620017}], "formattedAddress": ["2A Woodlands Center Road", "Singapore"], "cc": "SG"}, "contact": {}, "name": "Habibie Seafood"}, "width": 540, "suffix": "/4000514_0C7ixfDmQYRfKE7NeUqlYF0b6yEk6QgqZvdUChnKZvI.jpg"}, {"id": "50a2392ee4b049b5a6ae4b7a", "createdAt": 1352808750, "height": 540, "visibility": "public", "source": {"url": "https://foursquare.com/download/#/iphone", "name": "Foursquare for iOS"}, "prefix": "https://igx.4sqi.net/img/general/", "venue": {"id": "4fa50c9ce4b089a95a030a5a", "like": false, "stats": {"checkinsCount": 472, "tipCount": 6, "usersCount": 250}, "beenHere": {"lastCheckinExpiredAt": 0}, "categories": [{"id": "4bf58dd8d48988d1ce941735", "primary": true, "icon": {"prefix": "https://ss3.4sqi.net/img/categories_v2/food/seafood_", "suffix": ".png"}, "pluralName": "Seafood Restaurants", "shortName": "Seafood", "name": "Seafood Restaurant"}], "verified": false, "allowMenuUrlEdit": true, "location": {"address": "2A Woodlands Center Road", "lat": 1.4403998503620017, "country": "Singapore", "lng": 103.77027549392479, "labeledLatLngs": [{"lng": 103.77027549392479, "label": "display", "lat": 1.4403998503620017}], "formattedAddress": ["2A Woodlands Center Road", "Singapore"], "cc": "SG"}, "contact": {}, "name": "Habibie Seafood"}, "width": 540, "suffix": "/4000514_5S7B1uZsm72CIHNgeLSZyvrWgZuCmmt3GwcffHxzyiE.jpg"}, {"id": "50a2390de4b08850b02c6634", "createdAt": 1352808717, "height": 540, "visibility": "public", "source": {"url": "https://foursquare.com/download/#/iphone", "name": "Foursquare for iOS"}, "prefix": "https://igx.4sqi.net/img/general/", "venue": {"id": "4fa50c9ce4b089a95a030a5a", "like": false, "stats": {"checkinsCount": 472, "tipCount": 6, "usersCount": 250}, "beenHere": {"lastCheckinExpiredAt": 0}, "categories": [{"id": "4bf58dd8d48988d1ce941735", "primary": true, "icon": {"prefix": "https://ss3.4sqi.net/img/categories_v2/food/seafood_", "suffix": ".png"}, "pluralName": "Seafood Restaurants", "shortName": "Seafood", "name": "Seafood Restaurant"}], "verified": false, "allowMenuUrlEdit": true, "location": {"address": "2A Woodlands Center Road", "lat": 1.4403998503620017, "country": "Singapore", "lng": 103.77027549392479, "labeledLatLngs": [{"lng": 103.77027549392479, "label": "display", "lat": 1.4403998503620017}], "formattedAddress": ["2A Woodlands Center Road", "Singapore"], "cc": "SG"}, "contact": {}, "name": "Habibie Seafood"}, "width": 540, "suffix": "/4000514_a1UFJk3zkzrpiGV-5SJtRDyWnUQgi1IFvXGcWVrsMSQ.jpg"}, {"id": "50a238eee4b04e11e7f6cee8", "createdAt": 1352808686, "height": 540, "visibility": "public", "source": {"url": "https://foursquare.com/download/#/iphone", "name": "Foursquare for iOS"}, "prefix": "https://igx.4sqi.net/img/general/", "venue": {"id": "4fa50c9ce4b089a95a030a5a", "like": false, "stats": {"checkinsCount": 472, "tipCount": 6, "usersCount": 250}, "beenHere": {"lastCheckinExpiredAt": 0}, "categories": [{"id": "4bf58dd8d48988d1ce941735", "primary": true, "icon": {"prefix": "https://ss3.4sqi.net/img/categories_v2/food/seafood_", "suffix": ".png"}, "pluralName": "Seafood Restaurants", "shortName": "Seafood", "name": "Seafood Restaurant"}], "verified": false, "allowMenuUrlEdit": true, "location": {"address": "2A Woodlands Center Road", "lat": 1.4403998503620017, "country": "Singapore", "lng": 103.77027549392479, "labeledLatLngs": [{"lng": 103.77027549392479, "label": "display", "lat": 1.4403998503620017}], "formattedAddress": ["2A Woodlands Center Road", "Singapore"], "cc": "SG"}, "contact": {}, "name": "Habibie Seafood"}, "width": 540, "suffix": "/4000514_gdjpCO8Rc1kmPpF-Y63nJHaQdzWF7npqUfBf9dB1Lcw.jpg"}, {"id": "50a238a4e4b08850b02c2071", "createdAt": 1352808612, "height": 540, "visibility": "public", "source": {"url": "https://foursquare.com/download/#/iphone", "name": "Foursquare for iOS"}, "prefix": "https://igx.4sqi.net/img/general/", "venue": {"id": "4fa50c9ce4b089a95a030a5a", "like": false, "stats": {"checkinsCount": 472, "tipCount": 6, "usersCount": 250}, "beenHere": {"lastCheckinExpiredAt": 0}, "categories": [{"id": "4bf58dd8d48988d1ce941735", "primary": true, "icon": {"prefix": "https://ss3.4sqi.net/img/categories_v2/food/seafood_", "suffix": ".png"}, "pluralName": "Seafood Restaurants", "shortName": "Seafood", "name": "Seafood Restaurant"}], "verified": false, "allowMenuUrlEdit": true, "location": {"address": "2A Woodlands Center Road", "lat": 1.4403998503620017, "country": "Singapore", "lng": 103.77027549392479, "labeledLatLngs": [{"lng": 103.77027549392479, "label": "display", "lat": 1.4403998503620017}], "formattedAddress": ["2A Woodlands Center Road", "Singapore"], "cc": "SG"}, "contact": {}, "name": "Habibie Seafood"}, "width": 540, "suffix": "/4000514_8S1G4VUwNASqt92oxkk3pMWUVjG2w4CWg0_nHKCbHVQ.jpg"}, {"id": "50a08229e4b04c46ea52848c", "createdAt": 1352696361, "height": 540, "visibility": "public", "source": {"url": "https://foursquare.com/download/#/iphone", "name": "Foursquare for iOS"}, "prefix": "https://igx.4sqi.net/img/general/", "venue": {"id": "4b70020df964a5202d032de3", "like": false, "stats": {"checkinsCount": 42058, "tipCount": 274, "usersCount": 21643}, "beenHere": {"lastCheckinExpiredAt": 0}, "categories": [{"id": "4bf58dd8d48988d120951735", "primary": true, "icon": {"prefix": "https://ss3.4sqi.net/img/categories_v2/shops/food_foodcourt_", "suffix": ".png"}, "pluralName": "Food Courts", "shortName": "Food Court", "name": "Food Court"}], "verified": false, "allowMenuUrlEdit": true, "location": {"crossStreet": "Next to Carpark E2", "lat": 1.3067890135463165, "postalCode": "468960", "city": "Singapore", "formattedAddress": ["1220 East Coast Parkway (Next to Carpark E2)", "468960", "Singapore"], "lng": 103.93504426844486, "address": "1220 East Coast Parkway", "country": "Singapore", "cc": "SG"}, "contact": {"facebook": "127116307352380", "facebookName": "East Coast Lagoon Food Village", "facebookUsername": "EastCoastLagoonFoodVillage"}, "name": "East Coast Lagoon Food Village"}, "width": 540, "suffix": "/4000514_cDG3KcWDV0RrNyU1kpnNUyn9faPnG0wL4qqLAxqBfOc.jpg"}, {"id": "509f5182e4b08f34f9011fb8", "createdAt": 1352618370, "height": 720, "visibility": "public", "source": {"url": "https://foursquare.com/download/#/iphone", "name": "Foursquare for iOS"}, "prefix": "https://igx.4sqi.net/img/general/", "venue": {"id": "509f2b38e4b00baa8d0e41ba", "like": false, "stats": {"checkinsCount": 2, "tipCount": 0, "usersCount": 2}, "beenHere": {"lastCheckinExpiredAt": 0}, "categories": [{"id": "4f2a210c4b9023bd5841ed28", "primary": true, "icon": {"prefix": "https://ss3.4sqi.net/img/categories_v2/building/housingdevelopment_", "suffix": ".png"}, "pluralName": "Housing Developments", "shortName": "Housing Development", "name": "Housing Development"}], "verified": false, "location": {"lat": 1.4282517765662068, "formattedAddress": ["Singapore"], "country": "Singapore", "labeledLatLngs": [{"lng": 103.77470037750408, "label": "display", "lat": 1.4282517765662068}], "cc": "SG", "lng": 103.77470037750408}, "contact": {}, "venueRatingBlacklisted": true, "name": "Blk 421 Woodlands Street 41"}, "width": 539, "suffix": "/4000514_YZ4deaNumVU6mMiSJ2zDWFIXpwwav9oj4WNRzs_D9GU.jpg"}, {"id": "509eec3ce4b01718b2efa154", "createdAt": 1352592444, "height": 720, "visibility": "public", "source": {"url": "https://foursquare.com/download/#/iphone", "name": "Foursquare for iOS"}, "prefix": "https://igx.4sqi.net/img/general/", "venue": {"id": "4b189610f964a5205cd423e3", "like": false, "stats": {"checkinsCount": 4311, "tipCount": 7, "usersCount": 2632}, "url": "http://www.grassrootsclub.org.sg", "beenHere": {"lastCheckinExpiredAt": 0}, "categories": [{"id": "52e81612bcbc57f1066b7a35", "primary": true, "icon": {"prefix": "https://ss3.4sqi.net/img/categories_v2/building/default_", "suffix": ".png"}, "pluralName": "Club Houses", "shortName": "Club", "name": "Club House"}], "verified": false, "location": {"address": "190 Ang Mo Kio Ave 8", "lat": 1.3806085701888415, "postalCode": "568046", "city": "Singapore", "formattedAddress": ["190 Ang Mo Kio Ave 8", "568046", "Singapore"], "lng": 103.84629786014557, "labeledLatLngs": [{"lng": 103.84629786014557, "label": "display", "lat": 1.3806085701888415}], "country": "Singapore", "cc": "SG"}, "contact": {}, "venueRatingBlacklisted": true, "name": "The Grassroots' Club"}, "width": 539, "suffix": "/4000514_hL0I7yLZwtQ530G3fsijcQ9bGUvlOsWZ0L46lNNahIA.jpg"}, {"id": "509df60be4b0ab1753218bfb", "createdAt": 1352529419, "height": 540, "visibility": "public", "source": {"url": "https://foursquare.com/download/#/iphone", "name": "Foursquare for iOS"}, "prefix": "https://igx.4sqi.net/img/general/", "venue": {"id": "4da6d9188154fe28a8d8fcdf", "like": false, "stats": {"checkinsCount": 88, "tipCount": 5, "usersCount": 77}, "beenHere": {"lastCheckinExpiredAt": 0}, "categories": [{"id": "4bf58dd8d48988d10f941735", "primary": true, "icon": {"prefix": "https://ss3.4sqi.net/img/categories_v2/food/indian_", "suffix": ".png"}, "pluralName": "Indian Restaurants", "shortName": "Indian", "name": "Indian Restaurant"}], "verified": false, "allowMenuUrlEdit": true, "location": {"address": "52 Race Course Road (S) 218563", "lat": 1.3084746001299352, "city": "Singapore", "formattedAddress": ["52 Race Course Road (S) 218563", "Singapore"], "lng": 103.85086845966357, "labeledLatLngs": [{"lng": 103.85086845966357, "label": "display", "lat": 1.3084746001299352}], "country": "Singapore", "cc": "SG"}, "contact": {}, "name": "Kashmir Culinary Paradise"}, "width": 540, "suffix": "/4000514_73_Yq4V1U02jlcw0KdSzBa8rNE3AfvlCOpt_HDvIQQk.jpg"}, {"id": "509dee4be4b078734850424f", "createdAt": 1352527435, "height": 540, "visibility": "public", "source": {"url": "https://foursquare.com/download/#/iphone", "name": "Foursquare for iOS"}, "prefix": "https://igx.4sqi.net/img/general/", "venue": {"id": "4da6d9188154fe28a8d8fcdf", "like": false, "stats": {"checkinsCount": 88, "tipCount": 5, "usersCount": 77}, "beenHere": {"lastCheckinExpiredAt": 0}, "categories": [{"id": "4bf58dd8d48988d10f941735", "primary": true, "icon": {"prefix": "https://ss3.4sqi.net/img/categories_v2/food/indian_", "suffix": ".png"}, "pluralName": "Indian Restaurants", "shortName": "Indian", "name": "Indian Restaurant"}], "verified": false, "allowMenuUrlEdit": true, "location": {"address": "52 Race Course Road (S) 218563", "lat": 1.3084746001299352, "city": "Singapore", "formattedAddress": ["52 Race Course Road (S) 218563", "Singapore"], "lng": 103.85086845966357, "labeledLatLngs": [{"lng": 103.85086845966357, "label": "display", "lat": 1.3084746001299352}], "country": "Singapore", "cc": "SG"}, "contact": {}, "name": "Kashmir Culinary Paradise"}, "width": 540, "suffix": "/4000514_RXHqEZXTC2YhSi0tIhEQitlPlAvmlJvauYolus0vtlE.jpg"}], "count": 14}, "totalCount": 14}, "meta": {"code": 200, "requestId": "595a76d99fb6b77b7752a724"}, "notifications": [{"item": {"unreadCount": 0}, "type": "notificationTray"}]}