{"notifications": [{"type": "notificationTray", "item": {"unreadCount": 0}}], "meta": {"requestId": "5966caebdd579712ec484d63", "code": 200}, "response": {"friends": {"count": 1, "items": [{"id": "1846574", "photo": {"prefix": "https://igx.4sqi.net/img/user/", "suffix": "/H12GGMCLPWXNNWJ4.jpg"}, "homeCity": "Singapore", "contact": {}, "firstName": "Pauline", "tips": {"count": 7}, "gender": "female", "lastName": "Tan", "lists": {"groups": [{"count": 2, "type": "created", "items": []}]}, "bio": ""}]}, "checksum": "948f3f17394feab0bacb128f9b06928e9f42dc1e"}}