{"notifications": [{"type": "notificationTray", "item": {"unreadCount": 0}}], "meta": {"requestId": "5966d403f594df21d4739716", "code": 200}, "response": {"friends": {"count": 226, "items": [{"id": "1299061", "photo": {"prefix": "https://igx.4sqi.net/img/user/", "suffix": "/QCUH4AIIAWNGWGVE.jpg"}, "homeCity": "Yogyakarta", "contact": {"facebook": "1565302940", "twitter": "adityudhatama"}, "firstName": "Aditya", "tips": {"count": 0}, "gender": "male", "lastName": "Yudhatama", "lists": {"groups": [{"count": 3, "type": "created", "items": []}]}, "bio": "@AditYudhatama | Liverpudlian | Gerrardicted | #K4squs"}, {"id": "1370501", "photo": {"prefix": "https://igx.4sqi.net/img/user/", "suffix": "/JV05OT4BECYKSZFG.jpg"}, "homeCity": "Jakarta, Indonesia", "contact": {"twitter": "willemaniac"}, "firstName": "Willem", "tips": {"count": 0}, "gender": "male", "lastName": "Chua", "lists": {"groups": [{"count": 2, "type": "created", "items": []}]}, "bio": ""}, {"id": "28728755", "photo": {"prefix": "https://igx.4sqi.net/img/user/", "suffix": "/KL3R5BX04XRCXXSP.jpg"}, "homeCity": "Jakarta", "contact": {"facebook": "1682690532", "twitter": "williamtantama"}, "firstName": "William", "tips": {"count": 0}, "gender": "male", "lastName": "Tantama", "lists": {"groups": [{"count": 2, "type": "created", "items": []}]}, "bio": "!!!"}, {"id": "4336881", "photo": {"prefix": "https://igx.4sqi.net/img/user/", "suffix": "/2YFRCLCD5AMGPPAH.jpg"}, "homeCity": "Jakarta, Indonesia", "contact": {"facebook": "520770035", "twitter": "benjamin_1987"}, "firstName": "Benjamin", "tips": {"count": 2}, "gender": "male", "lastName": "Putra", "lists": {"groups": [{"count": 2, "type": "created", "items": []}]}, "bio": ""}, {"id": "1590872", "photo": {"prefix": "https://igx.4sqi.net/img/user/", "suffix": "/1IA5VELIFOW4PUH3.jpg"}, "homeCity": "Jakarta Capital Region, Jakarta Capital Regi", "contact": {"facebook": "582048683", "twitter": "olinee"}, "firstName": "Caroline", "tips": {"count": 0}, "gender": "female", "lastName": "H", "lists": {"groups": [{"count": 2, "type": "created", "items": []}]}, "bio": ""}, {"id": "6437723", "photo": {"prefix": "https://igx.4sqi.net/img/user/", "suffix": "/4MIRJSUKDXVKWR00.jpg"}, "homeCity": "New York, NY", "contact": {"twitter": "lukitosmarthead"}, "firstName": "Lukito", "tips": {"count": 1}, "gender": "male", "lastName": "Santoso", "lists": {"groups": [{"count": 2, "type": "created", "items": []}]}, "bio": ""}, {"id": "11421536", "photo": {"prefix": "https://igx.4sqi.net/img/user/", "suffix": "/IQTNG4PY0JPNLM5R.jpg"}, "homeCity": "Jakarta, Indonesia", "contact": {"twitter": "veronitajunsu"}, "firstName": "Veronita", "tips": {"count": 1}, "gender": "female", "lastName": "Putri", "lists": {"groups": [{"count": 2, "type": "created", "items": []}]}, "bio": ""}, {"id": "1332311", "photo": {"prefix": "https://igx.4sqi.net/img/user/", "suffix": "/VW0EZML4WT0VMQZS.jpg"}, "homeCity": "Jakarta Capital Region, Jakarta Capital Regi", "contact": {"twitter": "marcellallecra"}, "firstName": "marcella", "tips": {"count": 0}, "gender": "female", "lastName": "allecram", "lists": {"groups": [{"count": 3, "type": "created", "items": []}]}, "bio": ""}, {"id": "4168823", "photo": {"prefix": "https://igx.4sqi.net/img/user/", "suffix": "/CQYRRGALVQN3EKOA.jpg"}, "homeCity": "Jakarta, Indonesia", "contact": {"twitter": "anthonystarkk"}, "firstName": "anthony", "tips": {"count": 0}, "gender": "male", "lastName": "stark", "lists": {"groups": [{"count": 2, "type": "created", "items": []}]}, "bio": ""}, {"id": "25156614", "photo": {"prefix": "https://igx.4sqi.net/img/user/", "suffix": "/BIXKZPCHLIY3SJZJ.jpg"}, "homeCity": "Jakarta Raya", "contact": {"twitter": "griseldagigi"}, "firstName": "Griselda", "tips": {"count": 0}, "gender": "female", "lastName": "Gigi", "lists": {"groups": [{"count": 2, "type": "created", "items": []}]}, "bio": ""}, {"id": "19489581", "photo": {"prefix": "https://igx.4sqi.net/img/user/", "suffix": "/4RSMHU1JIUDQIEHN.jpg"}, "homeCity": "Jakarta, Indonesia", "contact": {}, "firstName": "Thorne", "tips": {"count": 6}, "gender": "male", "lastName": "Evan", "lists": {"groups": [{"count": 2, "type": "created", "items": []}]}, "bio": ""}, {"id": "5559290", "photo": {"prefix": "https://igx.4sqi.net/img/user/", "suffix": "/H2R0IKR4H5YIECOE.jpg"}, "homeCity": "Jakarta, Indonesia", "contact": {"twitter": "sharinehermawan"}, "firstName": "Sharine", "tips": {"count": 2}, "gender": "female", "lastName": "Hermawan", "lists": {"groups": [{"count": 2, "type": "created", "items": []}]}, "bio": ""}, {"id": "1797626", "photo": {"prefix": "https://igx.4sqi.net/img/user/", "suffix": "/UJACNKSI0TXLQVEV.jpg"}, "homeCity": "Indonesia", "contact": {"twitter": "caichristian"}, "firstName": "Christian", "tips": {"count": 0}, "gender": "male", "lastName": "Caicai", "lists": {"groups": [{"count": 2, "type": "created", "items": []}]}, "bio": ""}, {"id": "4035225", "photo": {"prefix": "https://igx.4sqi.net/img/user/", "suffix": "/QRHTZONPOWGVIH3R.jpg"}, "homeCity": "Jakarta, Indonesia", "contact": {}, "firstName": "Listia", "tips": {"count": 0}, "gender": "female", "lastName": "Tia", "lists": {"groups": [{"count": 2, "type": "created", "items": []}]}, "bio": ""}, {"id": "1220742", "photo": {"prefix": "https://igx.4sqi.net/img/user/", "suffix": "/U0TOR0XTSKN2UKQY.jpg"}, "homeCity": "Jakarta", "contact": {}, "firstName": "Jessy", "tips": {"count": 0}, "gender": "female", "lastName": "Octavia", "lists": {"groups": [{"count": 2, "type": "created", "items": []}]}, "bio": ""}, {"id": "3449298", "photo": {"prefix": "https://igx.4sqi.net/img/user/", "suffix": "/TZKMX40FBYCSIQTT.jpg"}, "homeCity": "Jakarta, Indonesia", "contact": {"facebook": "10153191719909710", "twitter": "roy_pratama1990"}, "firstName": "Roy", "tips": {"count": 7}, "gender": "male", "lastName": "Pratama", "lists": {"groups": [{"count": 2, "type": "created", "items": []}]}, "bio": ""}, {"id": "3330753", "photo": {"prefix": "https://igx.4sqi.net/img/user/", "suffix": "/VSC5PPSRU3LTIO1J.jpg"}, "homeCity": "Jakarta, Indonesia", "contact": {"twitter": "darrenezar"}, "firstName": "Darren", "tips": {"count": 9}, "gender": "male", "lastName": "Ezar", "lists": {"groups": [{"count": 2, "type": "created", "items": []}]}, "bio": "Two letter after \"L\""}, {"id": "1550183", "photo": {"prefix": "https://igx.4sqi.net/img/user/", "suffix": "/OSWBGQB2PWVONXHQ.jpg"}, "homeCity": "Jakarta, Indonesia", "contact": {"facebook": "1073449356", "twitter": "maidamemeii"}, "firstName": "Maida memeii", "tips": {"count": 0}, "gender": "female", "lists": {"groups": [{"count": 3, "type": "created", "items": []}]}, "bio": ""}, {"id": "2129274", "photo": {"prefix": "https://igx.4sqi.net/img/user/", "suffix": "/RPT5AMWLEE12CCBK.jpg"}, "homeCity": "Jakarta, Indonesia", "contact": {"twitter": "cyacya__"}, "firstName": "Stelcya", "tips": {"count": 6}, "gender": "female", "lastName": "Erlina", "lists": {"groups": [{"count": 2, "type": "created", "items": []}]}, "bio": ""}, {"id": "1008313", "photo": {"prefix": "https://igx.4sqi.net/img/user/", "suffix": "/V35DKEZQJLVI1XMC.jpg"}, "homeCity": "Jakarta, Indonesia", "contact": {"twitter": "camilanadia"}, "firstName": "Camila", "tips": {"count": 4}, "gender": "female", "lastName": "Nadia", "lists": {"groups": [{"count": 2, "type": "created", "items": []}]}, "bio": ""}, {"id": "2672088", "photo": {"prefix": "https://igx.4sqi.net/img/user/", "suffix": "/2672088-SKI4GBMMV0YXV1OP.jpg"}, "homeCity": "Melbourne", "contact": {"facebook": "1475739365", "twitter": "ongsuharto"}, "firstName": "Nico", "tips": {"count": 8}, "gender": "male", "lastName": "Ong", "lists": {"groups": [{"count": 2, "type": "created", "items": []}]}, "bio": ""}, {"id": "2096754", "photo": {"prefix": "https://igx.4sqi.net/img/user/", "suffix": "/1HWDSD3TLGEDL5JO.jpg"}, "homeCity": "Jakarta Capital Region, Jakarta Capital Regi", "contact": {"facebook": "1264875192", "twitter": "anthony_hallim"}, "firstName": "Anthony", "tips": {"count": 1}, "gender": "male", "lastName": "Halim", "lists": {"groups": [{"count": 2, "type": "created", "items": []}]}, "bio": ""}, {"id": "8345128", "photo": {"prefix": "https://igx.4sqi.net/img/user/", "suffix": "/LEV033LAL1LNKAHG.jpg"}, "homeCity": "Jakarta, Indonesia", "contact": {"facebook": "1524879151"}, "firstName": "Natalia", "tips": {"count": 0}, "gender": "female", "lastName": "Foe", "lists": {"groups": [{"count": 2, "type": "created", "items": []}]}, "bio": ""}, {"id": "1306207", "photo": {"prefix": "https://igx.4sqi.net/img/user/", "suffix": "/B3D4I0DSH5ZAN1A4.jpg"}, "homeCity": "Jakarta, Indonesia", "contact": {}, "firstName": "Sandra Aprilia", "tips": {"count": 2}, "gender": "female", "lists": {"groups": [{"count": 2, "type": "created", "items": []}]}, "bio": ""}, {"id": "14101698", "photo": {"prefix": "https://igx.4sqi.net/img/user/", "suffix": "/ADVJPGMVTU3HCSZO.jpg"}, "homeCity": "Jakarta, Indonesia", "contact": {"facebook": "661632022", "twitter": "mistraler"}, "firstName": "Hendrix", "tips": {"count": 0}, "gender": "male", "lastName": "Tjhin", "lists": {"groups": [{"count": 2, "type": "created", "items": []}]}, "bio": ""}, {"id": "41578698", "photo": {"prefix": "https://igx.4sqi.net/img/user/", "suffix": "/JDAMTMSR1ODC5OQV.jpg"}, "homeCity": "Jakarta", "contact": {"twitter": "stanlyydarmo"}, "firstName": "stanly", "tips": {"count": 0}, "gender": "male", "lastName": "darmo", "lists": {"groups": [{"count": 2, "type": "created", "items": []}]}, "bio": ""}, {"id": "4369463", "photo": {"prefix": "https://igx.4sqi.net/img/user/", "suffix": "/CF0JH3SNSD5BLRGE.jpg"}, "homeCity": "Jakarta, Indonesia", "contact": {}, "firstName": "Priscilla", "tips": {"count": 0}, "gender": "female", "lastName": "Irianty", "lists": {"groups": [{"count": 2, "type": "created", "items": []}]}, "bio": ""}, {"id": "6711960", "photo": {"prefix": "https://igx.4sqi.net/img/user/", "suffix": "/6711960-GSX0LWKDRWMOKOVS.jpg"}, "homeCity": "Jakarta, Indonesia", "contact": {"facebook": "100000059452272", "twitter": "yanuariuss"}, "firstName": "Teodosius", "tips": {"count": 0}, "gender": "male", "lastName": "Yanuarius", "lists": {"groups": [{"count": 2, "type": "created", "items": []}]}, "bio": "FE UNTAR '13 - LINE & IG : Yanuariuss , WA : 081807487879"}, {"id": "10472655", "photo": {"prefix": "https://igx.4sqi.net/img/user/", "default": true, "suffix": "/blank_boy.png"}, "homeCity": "Jakarta, Indonesia", "contact": {"facebook": "1036286531", "twitter": "jekasim"}, "firstName": "Jason", "tips": {"count": 0}, "gender": "male", "lastName": "Kasim", "lists": {"groups": [{"count": 2, "type": "created", "items": []}]}, "bio": ""}, {"id": "25309431", "photo": {"prefix": "https://igx.4sqi.net/img/user/", "suffix": "/LAFGSQIZE2G3U4V0.jpg"}, "homeCity": "Jakarta Raya", "contact": {"facebook": "1284567632", "twitter": "vlix_hans"}, "firstName": "Felix", "tips": {"count": 0}, "gender": "male", "lastName": "Hans", "lists": {"groups": [{"count": 2, "type": "created", "items": []}]}, "bio": ""}, {"id": "4292624", "photo": {"prefix": "https://igx.4sqi.net/img/user/", "suffix": "/UPFHDICUQ4A1TCUI.jpg"}, "homeCity": "Jakarta, Indonesia", "contact": {"facebook": "1433033947", "twitter": "ferryenzooo"}, "firstName": "ferry", "tips": {"count": 2}, "gender": "male", "lastName": "enzo", "lists": {"groups": [{"count": 2, "type": "created", "items": []}]}, "bio": ""}, {"id": "9174041", "photo": {"prefix": "https://igx.4sqi.net/img/user/", "suffix": "/MLIFFA2OQWYQCQU4.jpg"}, "homeCity": "NY", "contact": {"twitter": "ervan21"}, "firstName": "Ervan", "tips": {"count": 1}, "gender": "male", "lastName": "Priestley", "lists": {"groups": [{"count": 2, "type": "created", "items": []}]}, "bio": ""}, {"id": "57409397", "photo": {"prefix": "https://igx.4sqi.net/img/user/", "suffix": "/WTUJ5H4V1HQBNPAV.jpg"}, "homeCity": "Jakarta, 04", "contact": {"facebook": "100000692085604", "twitter": "fransiskustikus"}, "firstName": "Frans", "tips": {"count": 0}, "gender": "male", "lastName": "Fransiskus", "lists": {"groups": [{"count": 2, "type": "created", "items": []}]}, "bio": ""}, {"id": "20352340", "photo": {"prefix": "https://igx.4sqi.net/img/user/", "suffix": "/20352340-2WOVKIT3BABIZ4YT.jpg"}, "homeCity": "Jakarta Raya", "contact": {"twitter": "fmich09"}, "firstName": "Felicia", "tips": {"count": 0}, "gender": "female", "lastName": "Michelle", "lists": {"groups": [{"count": 2, "type": "created", "items": []}]}, "bio": ""}, {"id": "5582997", "photo": {"prefix": "https://igx.4sqi.net/img/user/", "suffix": "/LMPFJ5LF3JPHUKZW.jpg"}, "homeCity": "Jakarta, Indonesia", "contact": {"twitter": "wiswissy"}, "firstName": "Wisally", "tips": {"count": 0}, "gender": "female", "lastName": "Santoso", "lists": {"groups": [{"count": 2, "type": "created", "items": []}]}, "bio": ""}, {"id": "1999296", "photo": {"prefix": "https://igx.4sqi.net/img/user/", "suffix": "/3OUNEYRIDWTNVYYY.jpg"}, "homeCity": "Jakarta, Indonesia", "contact": {}, "firstName": "Krissella", "tips": {"count": 0}, "gender": "female", "lastName": "Teo", "lists": {"groups": [{"count": 2, "type": "created", "items": []}]}, "bio": ""}, {"id": "2919697", "photo": {"prefix": "https://igx.4sqi.net/img/user/", "suffix": "/NYESVQGZ1RJMPXEB.jpg"}, "homeCity": "Jakarta, Indonesia", "contact": {"twitter": "kevinyowilliam"}, "firstName": "Kevin", "tips": {"count": 0}, "gender": "male", "lastName": "William", "lists": {"groups": [{"count": 2, "type": "created", "items": []}]}, "bio": ""}, {"id": "3456293", "photo": {"prefix": "https://igx.4sqi.net/img/user/", "suffix": "/4KWS3YGMCBNPIZCT.jpg"}, "homeCity": "Jakarta, Indonesia", "contact": {"twitter": "stev_e"}, "firstName": "Steven", "tips": {"count": 1}, "gender": "male", "lastName": "Permana", "lists": {"groups": [{"count": 2, "type": "created", "items": []}]}, "bio": ""}, {"id": "4815318", "photo": {"prefix": "https://igx.4sqi.net/img/user/", "suffix": "/CM3HQQ1EJZPW0DNC.jpg"}, "homeCity": "Jakarta, Indonesia", "contact": {}, "firstName": "Huangrie", "tips": {"count": 0}, "gender": "male", "lastName": "Portgas D Hugo", "lists": {"groups": [{"count": 2, "type": "created", "items": []}]}, "bio": ""}, {"id": "1907341", "photo": {"prefix": "https://igx.4sqi.net/img/user/", "suffix": "/FGMVCAQD3IZR5MEW.jpg"}, "homeCity": "Jakarta Capital Region, Jakarta Capital Regi", "contact": {"twitter": "luckynelly"}, "firstName": "Chrysti", "tips": {"count": 0}, "gender": "female", "lastName": "Luckynelly", "lists": {"groups": [{"count": 2, "type": "created", "items": []}]}, "bio": ""}, {"id": "2144502", "photo": {"prefix": "https://igx.4sqi.net/img/user/", "suffix": "/4ONIVCTLRTPQ5VNM.jpg"}, "homeCity": "Jakarta Capital Region, Jakarta Capital Regi", "contact": {"twitter": "vaalencyaa"}, "firstName": "Valencya", "tips": {"count": 0}, "gender": "female", "lastName": "Vansiska", "lists": {"groups": [{"count": 2, "type": "created", "items": []}]}, "bio": ""}, {"id": "1211301", "photo": {"prefix": "https://igx.4sqi.net/img/user/", "suffix": "/OUNMRC2WV5QZNTD5.jpg"}, "homeCity": "Jakarta, Indonesia", "contact": {"facebook": "548601560", "twitter": "windysandra"}, "firstName": "Windy", "tips": {"count": 5}, "gender": "female", "lastName": "Sandra", "lists": {"groups": [{"count": 2, "type": "created", "items": []}]}, "bio": ""}, {"id": "2815078", "photo": {"prefix": "https://igx.4sqi.net/img/user/", "suffix": "/QZ13PR53WFEO10DH.jpg"}, "homeCity": "Jakarta, Indonesia", "contact": {"twitter": "wiempytjandra"}, "firstName": "Wiempy", "tips": {"count": 0}, "gender": "male", "lastName": "Tjandradiredja", "lists": {"groups": [{"count": 2, "type": "created", "items": []}]}, "bio": ""}, {"id": "21980202", "photo": {"prefix": "https://igx.4sqi.net/img/user/", "suffix": "/MNQZ1WE2LUS3LBRA.jpg"}, "homeCity": "Jakarta Raya", "contact": {"facebook": "100000346958932", "twitter": "novitachandranc"}, "firstName": "Novita", "tips": {"count": 0}, "gender": "female", "lastName": "Chandra", "lists": {"groups": [{"count": 2, "type": "created", "items": []}]}, "bio": ""}, {"id": "23104793", "photo": {"prefix": "https://igx.4sqi.net/img/user/", "suffix": "/HGGZQ3ZPLKNZJ4XA.jpg"}, "homeCity": "Jakarta Raya", "contact": {}, "firstName": "Michael", "tips": {"count": 0}, "gender": "male", "lastName": "Teja", "lists": {"groups": [{"count": 2, "type": "created", "items": []}]}, "bio": ""}, {"id": "24511781", "photo": {"prefix": "https://igx.4sqi.net/img/user/", "default": true, "suffix": "/blank_boy.png"}, "homeCity": "New York, NY", "contact": {}, "firstName": "Giordy", "tips": {"count": 0}, "gender": "male", "lastName": "Jonny", "lists": {"groups": [{"count": 2, "type": "created", "items": []}]}, "bio": ""}, {"id": "19013549", "photo": {"prefix": "https://igx.4sqi.net/img/user/", "suffix": "/WW54Q35GEVZMR3U2.jpg"}, "homeCity": "NY", "contact": {"twitter": "aliciaambarwati"}, "firstName": "Alicia", "tips": {"count": 1}, "gender": "female", "lastName": "Ambarwati", "lists": {"groups": [{"count": 2, "type": "created", "items": []}]}, "bio": ""}, {"id": "41579714", "photo": {"prefix": "https://igx.4sqi.net/img/user/", "suffix": "/JV3TIAE3WCQDLA1P.jpg"}, "homeCity": "Jakarta", "contact": {"facebook": "100000568562978", "twitter": "pholajun"}, "firstName": "Phola", "tips": {"count": 0}, "gender": "female", "lastName": "Juniar", "lists": {"groups": [{"count": 2, "type": "created", "items": []}]}, "bio": ""}, {"id": "4465622", "photo": {"prefix": "https://igx.4sqi.net/img/user/", "suffix": "/-M1I2HSMENZSQW124.jpg"}, "homeCity": "Jakarta, Indonesia", "contact": {"twitter": "f_dodo9"}, "firstName": "Fernando", "tips": {"count": 0}, "gender": "male", "lists": {"groups": [{"count": 2, "type": "created", "items": []}]}, "bio": ""}, {"id": "6718560", "photo": {"prefix": "https://igx.4sqi.net/img/user/", "suffix": "/HXCDPNV0SUH5Y1RZ.jpg"}, "homeCity": "New York, NY", "contact": {"twitter": "florainhoon"}, "firstName": "Floren", "tips": {"count": 0}, "gender": "female", "lastName": "Iswara", "lists": {"groups": [{"count": 2, "type": "created", "items": []}]}, "bio": ""}, {"id": "10706828", "photo": {"prefix": "https://igx.4sqi.net/img/user/", "suffix": "/3DMOIAUDN0YJI30L.jpg"}, "homeCity": "Jakarta, Indonesia", "contact": {"facebook": "1088091982", "twitter": "winantonie"}, "firstName": "Winardy", "tips": {"count": 0}, "gender": "male", "lastName": "Antonie", "lists": {"groups": [{"count": 2, "type": "created", "items": []}]}, "bio": ""}, {"id": "26349862", "photo": {"prefix": "https://igx.4sqi.net/img/user/", "suffix": "/3FDEXHVF5KYG3BOH.jpg"}, "homeCity": "Jakarta Raya", "contact": {}, "firstName": "Linawaty", "tips": {"count": 0}, "gender": "female", "lastName": "Chai", "lists": {"groups": [{"count": 2, "type": "created", "items": []}]}, "bio": ""}, {"id": "12162411", "photo": {"prefix": "https://igx.4sqi.net/img/user/", "suffix": "/R0AXWDUV4LJIGXAA.jpg"}, "homeCity": "Jakarta, Indonesia", "contact": {"facebook": "1695968973", "twitter": "revend_"}, "firstName": "Revend_", "tips": {"count": 0}, "gender": "male", "lists": {"groups": [{"count": 2, "type": "created", "items": []}]}, "bio": ""}, {"id": "12984070", "photo": {"prefix": "https://igx.4sqi.net/img/user/", "suffix": "/DIYULVV3LB4EI3CF.jpg"}, "homeCity": "Jakarta, Indonesia", "contact": {}, "firstName": "Hans", "tips": {"count": 0}, "gender": "male", "lastName": "Kristian", "lists": {"groups": [{"count": 2, "type": "created", "items": []}]}, "bio": ""}, {"id": "21367087", "photo": {"prefix": "https://igx.4sqi.net/img/user/", "suffix": "/2WR5ON1ZKK2BFFHP.jpg"}, "homeCity": "Jakarta Raya", "contact": {}, "firstName": "Benny", "tips": {"count": 0}, "gender": "male", "lastName": "Purnomo", "lists": {"groups": [{"count": 2, "type": "created", "items": []}]}, "bio": ""}, {"id": "5587899", "photo": {"prefix": "https://igx.4sqi.net/img/user/", "suffix": "/LSYL11G0C2D3QQIG.jpg"}, "homeCity": "Indonesia", "contact": {"facebook": "1196277464", "twitter": "danielatmaja34"}, "firstName": "Daniel", "tips": {"count": 1}, "gender": "male", "lastName": "Atmaja", "lists": {"groups": [{"count": 2, "type": "created", "items": []}]}, "bio": ""}, {"id": "2290471", "photo": {"prefix": "https://igx.4sqi.net/img/user/", "suffix": "/US1OSHXY1GAMFZZE.jpg"}, "homeCity": "Indonesia", "contact": {"twitter": "vinsensafelicia"}, "firstName": "vinsensa", "tips": {"count": 0}, "gender": "female", "lastName": "felicia", "lists": {"groups": [{"count": 2, "type": "created", "items": []}]}, "bio": ""}, {"id": "3059574", "photo": {"prefix": "https://igx.4sqi.net/img/user/", "suffix": "/DWB3PKPJSUGK1QEV.jpg"}, "homeCity": "Jakarta, Indonesia", "contact": {}, "firstName": "rirynn", "tips": {"count": 0}, "gender": "female", "lastName": "pupe", "lists": {"groups": [{"count": 2, "type": "created", "items": []}]}, "bio": ""}, {"id": "3456474", "photo": {"prefix": "https://igx.4sqi.net/img/user/", "suffix": "/UDP2P3CJXI54I1LG.jpg"}, "homeCity": "Jakarta, Indonesia", "contact": {"twitter": "angelbu2"}, "firstName": "angel", "tips": {"count": 1}, "gender": "female", "lastName": "bubu", "lists": {"groups": [{"count": 2, "type": "created", "items": []}]}, "bio": ""}, {"id": "11934864", "photo": {"prefix": "https://igx.4sqi.net/img/user/", "suffix": "/TN4OFXZONZY3Z2F3.jpg"}, "homeCity": "Indonesia", "contact": {"facebook": "1780719763", "twitter": "kusumafendy"}, "firstName": "Fendy", "tips": {"count": 1}, "gender": "male", "lastName": "Kusuma", "lists": {"groups": [{"count": 2, "type": "created", "items": []}]}, "bio": ""}, {"id": "2952262", "photo": {"prefix": "https://igx.4sqi.net/img/user/", "suffix": "/RCLBIIHRNDRPTX4U.jpg"}, "homeCity": "Indonesia", "contact": {"twitter": "sheerlyelly"}, "firstName": "SHERLY", "tips": {"count": 0}, "gender": "female", "lists": {"groups": [{"count": 2, "type": "created", "items": []}]}, "bio": ""}, {"id": "4228153", "photo": {"prefix": "https://igx.4sqi.net/img/user/", "suffix": "/4GI4OX2U00B2EGBC.jpg"}, "homeCity": "Jakarta, Indonesia", "contact": {"facebook": "1342625654", "twitter": "hennnryy"}, "firstName": "Henry", "tips": {"count": 0}, "gender": "male", "lastName": "Enry", "lists": {"groups": [{"count": 2, "type": "created", "items": []}]}, "bio": ""}, {"id": "1281812", "photo": {"prefix": "https://igx.4sqi.net/img/user/", "suffix": "/AJBORXXEO4QO3BPL.jpg"}, "homeCity": "Bothell, WA", "contact": {"facebook": "844625023", "twitter": "erwinwijanto"}, "firstName": "Erwin", "tips": {"count": 1}, "gender": "male", "lastName": "Wijanto", "lists": {"groups": [{"count": 4, "type": "created", "items": []}]}, "bio": ""}, {"id": "3261871", "photo": {"prefix": "https://igx.4sqi.net/img/user/", "suffix": "/AUQPN5YSL4KIXHJO.jpg"}, "homeCity": "Jakarta, Indonesia", "contact": {"twitter": "monnsimon"}, "firstName": "Simon", "tips": {"count": 0}, "gender": "male", "lastName": "Andreas", "lists": {"groups": [{"count": 2, "type": "created", "items": []}]}, "bio": ""}, {"id": "27207233", "photo": {"prefix": "https://igx.4sqi.net/img/user/", "suffix": "/SXONQPENANEEQ1KR.jpg"}, "homeCity": "New York, NY", "contact": {"twitter": "adrian__us"}, "firstName": "Adrianus", "tips": {"count": 0}, "gender": "male", "lastName": "Halim", "lists": {"groups": [{"count": 2, "type": "created", "items": []}]}, "bio": ""}, {"id": "52108917", "photo": {"prefix": "https://igx.4sqi.net/img/user/", "suffix": "/WWBOEQCAXRKPYN3R.jpg"}, "homeCity": "Jakarta, Indo", "contact": {"twitter": "chiasuchia"}, "firstName": "Suchia", "tips": {"count": 0}, "gender": "female", "lists": {"groups": [{"count": 2, "type": "created", "items": []}]}, "bio": "Keep Smile :)"}, {"id": "19093345", "photo": {"prefix": "https://igx.4sqi.net/img/user/", "suffix": "/MXRCKNG3CBKT5K2N.jpg"}, "homeCity": "Jakarta, Indonesia", "contact": {}, "firstName": "liulazu", "tips": {"count": 0}, "gender": "male", "lastName": "LIU", "lists": {"groups": [{"count": 2, "type": "created", "items": []}]}, "bio": ""}, {"id": "41594590", "photo": {"prefix": "https://igx.4sqi.net/img/user/", "suffix": "/D5CX4YAW5CNHA2U0.jpg"}, "homeCity": "Jawa Barat", "contact": {"facebook": "1474488001"}, "firstName": "Yoga", "tips": {"count": 0}, "gender": "male", "lastName": "Aloysius", "lists": {"groups": [{"count": 2, "type": "created", "items": []}]}, "bio": ""}, {"id": "4554964", "photo": {"prefix": "https://igx.4sqi.net/img/user/", "suffix": "/RHCWZGBSWWPNBYYO.jpg"}, "homeCity": "Jakarta, Indonesia", "contact": {"facebook": "537693703"}, "firstName": "benard", "tips": {"count": 0}, "gender": "male", "lastName": "as", "lists": {"groups": [{"count": 2, "type": "created", "items": []}]}, "bio": ""}, {"id": "6854224", "photo": {"prefix": "https://igx.4sqi.net/img/user/", "suffix": "/UAOTS4QWKCA31S2K.jpg"}, "homeCity": "Jakarta, Indonesia", "contact": {"facebook": "1841924149", "twitter": "rubbysubiyanto"}, "firstName": "Rubby", "tips": {"count": 0}, "gender": "male", "lastName": "Subiyanto", "lists": {"groups": [{"count": 2, "type": "created", "items": []}]}, "bio": ""}, {"id": "25171112", "photo": {"prefix": "https://igx.4sqi.net/img/user/", "suffix": "/25171112-10LCBYEYHDPN2XV1.jpg"}, "homeCity": "Jakarta, Indonesia", "contact": {"facebook": "1234482690", "twitter": "richaoyee"}, "firstName": "Richa", "tips": {"count": 1}, "gender": "female", "lists": {"groups": [{"count": 2, "type": "created", "items": []}]}, "bio": ""}, {"id": "14295117", "photo": {"prefix": "https://igx.4sqi.net/img/user/", "suffix": "/PDFL5CQMZJ33VG4C.jpg"}, "homeCity": "Jakarta, Indonesia", "contact": {"facebook": "1306322446", "twitter": "prischa23"}, "firstName": "Prisca", "tips": {"count": 0}, "gender": "female", "lastName": "Meiye", "lists": {"groups": [{"count": 2, "type": "created", "items": []}]}, "bio": ""}, {"id": "23631112", "photo": {"prefix": "https://igx.4sqi.net/img/user/", "suffix": "/KBWPYRJRHGSJOJOV.jpg"}, "homeCity": "Jakarta", "contact": {"facebook": "856834227", "twitter": "stanleyadrian"}, "firstName": "Stanley", "tips": {"count": 0}, "gender": "male", "lastName": "Adrian", "lists": {"groups": [{"count": 2, "type": "created", "items": []}]}, "bio": ""}, {"id": "60456327", "photo": {"prefix": "https://igx.4sqi.net/img/user/", "suffix": "/BANGSGH3DYAN33EQ.jpg"}, "homeCity": "", "contact": {"twitter": "jeff_jf45"}, "firstName": "Jeff", "tips": {"count": 0}, "gender": "none", "lastName": "JF", "lists": {"groups": [{"count": 2, "type": "created", "items": []}]}, "bio": ""}, {"id": "5631323", "photo": {"prefix": "https://igx.4sqi.net/img/user/", "suffix": "/UK2CV05KCDHCZ5QD.jpg"}, "homeCity": "Jakarta, Indonesia", "contact": {"twitter": "sutramelkii"}, "firstName": "Sutra", "tips": {"count": 0}, "gender": "male", "lastName": "Melkisedek", "lists": {"groups": [{"count": 2, "type": "created", "items": []}]}, "bio": ""}, {"id": "2626741", "photo": {"prefix": "https://igx.4sqi.net/img/user/", "suffix": "/33GCUMZ3PNTJBF5F.jpg"}, "homeCity": "Jakarta, Indonesia", "contact": {"facebook": "1494993747", "twitter": "jonathanpand"}, "firstName": "Jonathan", "tips": {"count": 0}, "gender": "male", "lastName": "Panduputra", "lists": {"groups": [{"count": 2, "type": "created", "items": []}]}, "bio": ""}, {"id": "3533689", "photo": {"prefix": "https://igx.4sqi.net/img/user/", "suffix": "/WCLU3TDHYX2BNHTV.jpg"}, "homeCity": "Jakarta-Bandung, Indonesia", "contact": {"twitter": "andhikaadiratna"}, "firstName": "Andhika Adiratna", "tips": {"count": 0}, "gender": "female", "lastName": "Anantafortuna", "lists": {"groups": [{"count": 2, "type": "created", "items": []}]}, "bio": ""}, {"id": "5030930", "photo": {"prefix": "https://igx.4sqi.net/img/user/", "suffix": "/5030930-HHQ55LZRI0QQEXV2.jpg"}, "homeCity": "Jakarta, Indonesia", "contact": {"twitter": "chrysiliawilopo"}, "firstName": "Jennyfer Chrysillia", "tips": {"count": 0}, "gender": "female", "lastName": "Willoppo", "lists": {"groups": [{"count": 2, "type": "created", "items": []}]}, "bio": "Instagram : jennyferwillopo\r\nLine&path : jennyferwilloppo"}, {"id": "14684468", "photo": {"prefix": "https://igx.4sqi.net/img/user/", "suffix": "/ZSVR1UJRZB0NZ3YA.jpg"}, "homeCity": "Jakarta, Indonesia", "contact": {"twitter": "sharonirawan"}, "firstName": "Sharon", "tips": {"count": 0}, "gender": "female", "lastName": "Irawan", "lists": {"groups": [{"count": 2, "type": "created", "items": []}]}, "bio": ""}, {"id": "3345366", "photo": {"prefix": "https://igx.4sqi.net/img/user/", "suffix": "/IOVNAFHQ3NMFVQ5Y.jpg"}, "homeCity": "Jakarta, Indonesia", "contact": {"twitter": "cindyevelyne"}, "firstName": "Cindy", "tips": {"count": 0}, "gender": "female", "lastName": "Evelyne", "lists": {"groups": [{"count": 2, "type": "created", "items": []}]}, "bio": ""}, {"id": "22450605", "photo": {"prefix": "https://igx.4sqi.net/img/user/", "default": true, "suffix": "/blank_boy.png"}, "homeCity": "Jakarta Raya", "contact": {"facebook": "1677267494", "twitter": "azwanthomas"}, "firstName": "Azwan", "tips": {"count": 0}, "gender": "male", "lastName": "Thomas", "lists": {"groups": [{"count": 2, "type": "created", "items": []}]}, "bio": ""}, {"id": "1509433", "photo": {"prefix": "https://igx.4sqi.net/img/user/", "suffix": "/CSAOSCFYKQFNCIRZ.jpg"}, "homeCity": "Jakarta", "contact": {"facebook": "1645506812", "twitter": "alvin_sutiono"}, "firstName": "alvin", "tips": {"count": 1}, "gender": "male", "lastName": "sutiono", "lists": {"groups": [{"count": 2, "type": "created", "items": []}]}, "bio": ""}, {"id": "3677980", "photo": {"prefix": "https://igx.4sqi.net/img/user/", "suffix": "/3677980-QU205G4O0Z33JP0F.jpg"}, "homeCity": "Jakarta, Indonesia", "contact": {"facebook": "1123496475", "twitter": "chrisgozali"}, "firstName": "christiansen", "tips": {"count": 14}, "gender": "male", "lastName": "gozali", "lists": {"groups": [{"count": 2, "type": "created", "items": []}]}, "bio": ""}, {"id": "32446265", "photo": {"prefix": "https://igx.4sqi.net/img/user/", "suffix": "/S41GFWN10TNNHBA4.jpg"}, "homeCity": "Jakarta, Indonesia", "contact": {"twitter": "alvinlianto"}, "firstName": "Alvin", "tips": {"count": 0}, "gender": "male", "lastName": "Lianto", "lists": {"groups": [{"count": 2, "type": "created", "items": []}]}, "bio": "You have reached an unknown dangerous destructive zone of a good man."}, {"id": "28312612", "photo": {"prefix": "https://igx.4sqi.net/img/user/", "suffix": "/HAQSFWR3SAIO554D.jpg"}, "homeCity": "Jakarta", "contact": {"facebook": "601160714", "twitter": "jimmyvalentinos"}, "firstName": "Jimmy Valentino", "tips": {"count": 0}, "gender": "male", "lastName": "Sutedja", "lists": {"groups": [{"count": 6, "type": "created", "items": []}]}, "bio": "Make it simple"}, {"id": "4777884", "photo": {"prefix": "https://igx.4sqi.net/img/user/", "suffix": "/1KOBOLPHL5MALBRD.jpg"}, "homeCity": "New York, NY", "contact": {}, "firstName": "Felicia", "tips": {"count": 1}, "gender": "female", "lastName": "Angela", "lists": {"groups": [{"count": 2, "type": "created", "items": []}]}, "bio": ""}, {"id": "6854590", "photo": {"prefix": "https://igx.4sqi.net/img/user/", "suffix": "/HKRXRALXNJFKS40G.jpg"}, "homeCity": "Jakarta, Indonesia", "contact": {"twitter": "valevebrianes"}, "firstName": "Vebrianes", "tips": {"count": 0}, "gender": "female", "lastName": "ng", "lists": {"groups": [{"count": 2, "type": "created", "items": []}]}, "bio": ""}, {"id": "36833854", "photo": {"prefix": "https://igx.4sqi.net/img/user/", "suffix": "/5YXHFK4QFXEOB5VG.jpg"}, "homeCity": "Jakarta Raya", "contact": {"twitter": "kevinndoankk"}, "firstName": "Kevin", "tips": {"count": 0}, "gender": "male", "lastName": "Tan", "lists": {"groups": [{"count": 2, "type": "created", "items": []}]}, "bio": ""}, {"id": "16558989", "photo": {"prefix": "https://igx.4sqi.net/img/user/", "suffix": "/AFSKGBNIJRMBHNNO.jpg"}, "homeCity": "Jakarta, Indonesia", "contact": {"facebook": "1444557525", "twitter": "wandy_18"}, "firstName": "Wandy", "tips": {"count": 0}, "gender": "male", "lastName": "Y.D", "lists": {"groups": [{"count": 2, "type": "created", "items": []}]}, "bio": ""}, {"id": "24106982", "photo": {"prefix": "https://igx.4sqi.net/img/user/", "suffix": "/ZNR25QWYKPN3BLHJ.jpg"}, "homeCity": "new york", "contact": {}, "firstName": "lavinia", "tips": {"count": 0}, "gender": "female", "lastName": "lois", "lists": {"groups": [{"count": 2, "type": "created", "items": []}]}, "bio": ""}, {"id": "5788729", "photo": {"prefix": "https://igx.4sqi.net/img/user/", "suffix": "/ZGEWUDJUMUX0HLDQ.jpg"}, "homeCity": "Jakarta, Indonesia", "contact": {"facebook": "10209090000799128", "twitter": "glorytifana"}, "firstName": "Glory", "tips": {"count": 0}, "gender": "female", "lastName": "Tiffana", "lists": {"groups": [{"count": 2, "type": "created", "items": []}]}, "bio": ""}, {"id": "2630466", "photo": {"prefix": "https://igx.4sqi.net/img/user/", "suffix": "/PE40YV1BGMLYTIMU.jpg"}, "homeCity": "Jakarta, Indonesia", "contact": {"twitter": "clclara"}, "firstName": "Aemilia", "tips": {"count": 0}, "gender": "female", "lastName": "Clara", "lists": {"groups": [{"count": 2, "type": "created", "items": []}]}, "bio": ""}, {"id": "3876886", "photo": {"prefix": "https://igx.4sqi.net/img/user/", "suffix": "/SC0XK3BXEQYDEZ10.jpg"}, "homeCity": "New York, NY", "contact": {}, "firstName": "Irwan", "tips": {"count": 0}, "gender": "male", "lastName": "Gunawan", "lists": {"groups": [{"count": 2, "type": "created", "items": []}]}, "bio": ""}, {"id": "5361068", "photo": {"prefix": "https://igx.4sqi.net/img/user/", "suffix": "/5361068-UHGEJ4D1MLEO3ALX.jpg"}, "homeCity": "Jakarta, Indonesia", "contact": {"facebook": "1575875321", "twitter": "aiupuspus"}, "firstName": "Aiu", "tips": {"count": 0}, "gender": "female", "lastName": "Puspuss", "lists": {"groups": [{"count": 2, "type": "created", "items": []}]}, "bio": ""}, {"id": "40179383", "photo": {"prefix": "https://igx.4sqi.net/img/user/", "suffix": "/X3PCB5LMQONKVLIV.jpg"}, "homeCity": "New York, NY", "contact": {"facebook": "1660715451", "twitter": "taniafebry"}, "firstName": "tania", "tips": {"count": 0}, "gender": "female", "lastName": "febriyanti", "lists": {"groups": [{"count": 2, "type": "created", "items": []}]}, "bio": ""}, {"id": "4723122", "photo": {"prefix": "https://igx.4sqi.net/img/user/", "suffix": "/OAHADGRQ53UUWGGL.jpg"}, "homeCity": "Jakarta, Indonesia", "contact": {"facebook": "1487466163", "twitter": "penkpenkk"}, "firstName": "Yohan", "tips": {"count": 0}, "gender": "male", "lastName": "Gunawan", "lists": {"groups": [{"count": 2, "type": "created", "items": []}]}, "bio": ""}, {"id": "87853614", "photo": {"prefix": "https://igx.4sqi.net/img/user/", "suffix": "/87853614-EWTT3RWSVEQIEGIL.jpg"}, "homeCity": "Seoul, Seoul", "contact": {"facebook": "1718566531"}, "firstName": "Hee Jin", "tips": {"count": 0}, "gender": "female", "lastName": "Kim", "lists": {"groups": [{"count": 2, "type": "created", "items": []}]}, "bio": ""}, {"id": "1546548", "photo": {"prefix": "https://igx.4sqi.net/img/user/", "suffix": "/WLORR5WPBJOJZVL3.jpg"}, "homeCity": "Jakarta Utara, Jakarta", "contact": {"twitter": "aaronsutiono"}, "firstName": "Aaron", "tips": {"count": 0}, "gender": "male", "lastName": "Sutiono", "lists": {"groups": [{"count": 2, "type": "created", "items": []}]}, "bio": ""}, {"id": "3731218", "photo": {"prefix": "https://igx.4sqi.net/img/user/", "suffix": "/VRB3ZQ22RBJQRAM4.jpg"}, "homeCity": "New York, NY", "contact": {"twitter": "beverlyyonata"}, "firstName": "Beverly", "tips": {"count": 0}, "gender": "female", "lastName": "Yonata", "lists": {"groups": [{"count": 2, "type": "created", "items": []}]}, "bio": ""}, {"id": "34061822", "photo": {"prefix": "https://igx.4sqi.net/img/user/", "suffix": "/JMONULGAB3IADWXB.jpg"}, "homeCity": "Jakarta", "contact": {}, "firstName": "Natalia", "tips": {"count": 0}, "gender": "female", "lastName": "Foe", "lists": {"groups": [{"count": 2, "type": "created", "items": []}]}, "bio": ""}, {"id": "48861551", "photo": {"prefix": "https://igx.4sqi.net/img/user/", "default": true, "suffix": "/blank_boy.png"}, "homeCity": "Jakarta Raya", "contact": {"facebook": "1333056434"}, "firstName": "Frederick", "tips": {"count": 0}, "gender": "male", "lastName": "Ramli", "lists": {"groups": [{"count": 2, "type": "created", "items": []}]}, "bio": ""}, {"id": "4782372", "photo": {"prefix": "https://igx.4sqi.net/img/user/", "suffix": "/BYVPCOJG41CTX4CI.jpg"}, "homeCity": "Jakarta, Indonesia", "contact": {"facebook": "1672592343"}, "firstName": "Siska", "tips": {"count": 0}, "gender": "female", "lastName": "widiyanti", "lists": {"groups": [{"count": 2, "type": "created", "items": []}]}, "bio": ""}, {"id": "7033124", "photo": {"prefix": "https://igx.4sqi.net/img/user/", "default": true, "suffix": "/blank_boy.png"}, "homeCity": "Jakarta, Indonesia", "contact": {"twitter": "andersonnsam"}, "firstName": "anderson", "tips": {"count": 0}, "gender": "male", "lists": {"groups": [{"count": 2, "type": "created", "items": []}]}, "bio": ""}, {"id": "37472192", "photo": {"prefix": "https://igx.4sqi.net/img/user/", "suffix": "/37472192-U1TTQ3UZGZP2RQGN.jpg"}, "homeCity": "Jakarta Raya", "contact": {"facebook": "100000678913283", "twitter": "aldoirwan_7"}, "firstName": "Aldo", "tips": {"count": 0}, "gender": "male", "lastName": "Irwan", "lists": {"groups": [{"count": 2, "type": "created", "items": []}]}, "bio": "Interior Designer | Binusian 2017\r\nTwitter, Line, ask.fm, steam : AldoIrwan7"}, {"id": "16565553", "photo": {"prefix": "https://igx.4sqi.net/img/user/", "suffix": "/F1QLEXW1XIENE3EI.jpg"}, "homeCity": "Jakarta, Indonesia", "contact": {"facebook": "1568911211", "twitter": "willhanswidjaya"}, "firstName": "Michael Willhans", "tips": {"count": 0}, "gender": "male", "lastName": "Widjaya", "lists": {"groups": [{"count": 2, "type": "created", "items": []}]}, "bio": ""}, {"id": "27986793", "photo": {"prefix": "https://igx.4sqi.net/img/user/", "suffix": "/03CRXN1PA030GOK5.jpg"}, "homeCity": "Jakarta Raya", "contact": {"facebook": "1384438228", "twitter": "261203as"}, "firstName": "Anastasia", "tips": {"count": 2}, "gender": "female", "lastName": "Windy", "lists": {"groups": [{"count": 2, "type": "created", "items": []}]}, "bio": ""}, {"id": "5788851", "photo": {"prefix": "https://igx.4sqi.net/img/user/", "suffix": "/ATMZEOVHJBUMWRM4.jpg"}, "homeCity": "Jakarta, Indonesia", "contact": {"facebook": "1582625494", "twitter": "peter_lw"}, "firstName": "Peter", "tips": {"count": 0}, "gender": "male", "lastName": "LW", "lists": {"groups": [{"count": 2, "type": "created", "items": []}]}, "bio": ""}, {"id": "2803411", "photo": {"prefix": "https://igx.4sqi.net/img/user/", "suffix": "/M1T5FLUUMFH0WGMI.jpg"}, "homeCity": "new york", "contact": {"facebook": "1194603428", "twitter": "lavinialois"}, "firstName": "lavinia", "tips": {"count": 0}, "gender": "female", "lastName": "lois", "lists": {"groups": [{"count": 2, "type": "created", "items": []}]}, "bio": ""}, {"id": "3877445", "photo": {"prefix": "https://igx.4sqi.net/img/user/", "default": true, "suffix": "/blank_girl.png"}, "homeCity": "Jakarta, Indonesia", "contact": {}, "firstName": "Yeye", "tips": {"count": 0}, "gender": "female", "lastName": "Kie", "lists": {"groups": [{"count": 2, "type": "created", "items": []}]}, "bio": ""}, {"id": "13936180", "photo": {"prefix": "https://igx.4sqi.net/img/user/", "suffix": "/WGMQRDDLWRUK3ALC.png"}, "homeCity": "Jakarta, Indonesia", "contact": {"facebook": "1771920978", "twitter": "cindyciwi"}, "firstName": "Cindy", "tips": {"count": 0}, "gender": "female", "lastName": "Ciwi", "lists": {"groups": [{"count": 2, "type": "created", "items": []}]}, "bio": ""}, {"id": "4929423", "photo": {"prefix": "https://igx.4sqi.net/img/user/", "suffix": "/1JL4VRBEAQXVWHYE.jpg"}, "homeCity": "Jakarta, Indonesia", "contact": {"facebook": "1580124414", "twitter": "mellyelfita"}, "firstName": "melly", "tips": {"count": 0}, "gender": "female", "lastName": "elfita", "lists": {"groups": [{"count": 2, "type": "created", "items": []}]}, "bio": ""}, {"id": "1565697", "photo": {"prefix": "https://igx.4sqi.net/img/user/", "suffix": "/1565697-FMDC5EK20PLMHHHA.jpg"}, "homeCity": "Jakarta Capital Region, Jakarta Capital Regi", "contact": {"facebook": "1422851591", "twitter": "samuelklauzkhan"}, "firstName": "Samuel", "tips": {"count": 3}, "gender": "male", "lastName": "Klauz Khan", "lists": {"groups": [{"count": 2, "type": "created", "items": []}]}, "bio": ""}, {"id": "3851547", "photo": {"prefix": "https://igx.4sqi.net/img/user/", "suffix": "/5J0KETJ03KMCAQRE.jpg"}, "homeCity": "Jakarta, Indonesia", "contact": {"facebook": "1466752909"}, "firstName": "Andrie", "tips": {"count": 0}, "gender": "male", "lastName": "Tanusaputra", "lists": {"groups": [{"count": 2, "type": "created", "items": []}]}, "bio": ""}, {"id": "34212698", "photo": {"prefix": "https://igx.4sqi.net/img/user/", "suffix": "/0TVXI4OLUEBDQTMQ.jpg"}, "homeCity": "Jakarta Raya", "contact": {}, "firstName": "Adam", "tips": {"count": 0}, "gender": "male", "lastName": "Supargo", "lists": {"groups": [{"count": 2, "type": "created", "items": []}]}, "bio": ""}, {"id": "4843431", "photo": {"prefix": "https://igx.4sqi.net/img/user/", "suffix": "/RHW0AV5EU0E01VKX.jpg"}, "homeCity": "Jakarta, Indonesia", "contact": {"facebook": "1331797699", "twitter": "huangrie14"}, "firstName": "Huangrie", "tips": {"count": 0}, "gender": "male", "lastName": "Jr.", "lists": {"groups": [{"count": 2, "type": "created", "items": []}]}, "bio": ""}, {"id": "7050578", "photo": {"prefix": "https://igx.4sqi.net/img/user/", "suffix": "/7050578-CRNEVAY1YKB43AR2.jpg"}, "homeCity": "Jakarta, Indonesia", "contact": {"facebook": "1172703726", "twitter": "ellamarcella"}, "firstName": "ellamarcella", "tips": {"count": 0}, "gender": "female", "lists": {"groups": [{"count": 2, "type": "created", "items": []}]}, "bio": ""}, {"id": "37606428", "photo": {"prefix": "https://igx.4sqi.net/img/user/", "suffix": "/37606428-IQEEJ2IN2FDZ1AJ0.jpg"}, "homeCity": "Jakarta", "contact": {"twitter": "nataliafoe"}, "firstName": "Natalia", "tips": {"count": 0}, "gender": "female", "lastName": "Foe", "lists": {"groups": [{"count": 2, "type": "created", "items": []}]}, "bio": ""}, {"id": "17565435", "photo": {"prefix": "https://igx.4sqi.net/img/user/", "suffix": "/ZEPER5DHCSSXI3Y2.jpg"}, "homeCity": "Jakarta, Indonesia", "contact": {"twitter": "bennypurnomoo"}, "firstName": "Bennypurnomoo", "tips": {"count": 0}, "gender": "male", "lastName": "Benny", "lists": {"groups": [{"count": 2, "type": "created", "items": []}]}, "bio": ""}, {"id": "28417293", "photo": {"prefix": "https://igx.4sqi.net/img/user/", "suffix": "/28417293-NJSSWWL1VDJDDCWR.jpg"}, "homeCity": "Jakarta Raya", "contact": {"twitter": "aurereell"}, "firstName": "Aurelia", "tips": {"count": 0}, "gender": "female", "lastName": "Budiwan", "lists": {"groups": [{"count": 2, "type": "created", "items": []}]}, "bio": ""}, {"id": "6082417", "photo": {"prefix": "https://igx.4sqi.net/img/user/", "suffix": "/BP3BZYEKXK1IGSDE.jpg"}, "homeCity": "Jakarta, Indonesia", "contact": {}, "firstName": "steffannie", "tips": {"count": 0}, "gender": "female", "lastName": "aemh", "lists": {"groups": [{"count": 2, "type": "created", "items": []}]}, "bio": ""}, {"id": "2808363", "photo": {"prefix": "https://igx.4sqi.net/img/user/", "suffix": "/IQCWVXW45R3KGIAT.jpg"}, "homeCity": "Jakarta, Indonesia", "contact": {"twitter": "edysuddd"}, "firstName": "Edy", "tips": {"count": 3}, "gender": "male", "lastName": "Susanto", "lists": {"groups": [{"count": 3, "type": "created", "items": []}]}, "bio": ""}, {"id": "3921133", "photo": {"prefix": "https://igx.4sqi.net/img/user/", "suffix": "/E1BEQFLQHB1ZGGQI.jpg"}, "homeCity": "Indonesia", "contact": {"twitter": "vincentiafini"}, "firstName": "VincentiaFini", "tips": {"count": 0}, "gender": "female", "lists": {"groups": [{"count": 2, "type": "created", "items": []}]}, "bio": ""}, {"id": "5086656", "photo": {"prefix": "https://igx.4sqi.net/img/user/", "default": true, "suffix": "/blank_boy.png"}, "homeCity": "Jakarta, Indonesia", "contact": {}, "firstName": "Hendrik", "tips": {"count": 0}, "gender": "male", "lastName": "Karnoto", "lists": {"groups": [{"count": 2, "type": "created", "items": []}]}, "bio": ""}, {"id": "1637310", "photo": {"prefix": "https://igx.4sqi.net/img/user/", "suffix": "/JNR2YEDUUXDUCMKO.jpg"}, "homeCity": "Jakarta Capital Region, Jakarta Capital Regi", "contact": {"twitter": "lixdarian"}, "firstName": "Felix", "tips": {"count": 3}, "gender": "male", "lastName": "Darian", "lists": {"groups": [{"count": 2, "type": "created", "items": []}]}, "bio": ""}, {"id": "3859007", "photo": {"prefix": "https://igx.4sqi.net/img/user/", "suffix": "/H05ERK3U2FX35BG0.jpg"}, "homeCity": "New York, NY", "contact": {"twitter": "ericaclaudia_"}, "firstName": "Erica", "tips": {"count": 0}, "gender": "female", "lastName": "Claudia", "lists": {"groups": [{"count": 2, "type": "created", "items": []}]}, "bio": ""}, {"id": "34321883", "photo": {"prefix": "https://igx.4sqi.net/img/user/", "suffix": "/4XXSS1LD0J31IIDM.jpg"}, "homeCity": "Jakarta", "contact": {"twitter": "brunoitsdevina"}, "firstName": "devina", "tips": {"count": 0}, "gender": "female", "lists": {"groups": [{"count": 2, "type": "created", "items": []}]}, "bio": ""}, {"id": "4889506", "photo": {"prefix": "https://igx.4sqi.net/img/user/", "suffix": "/3RTVDAYHU50O2ZYE.jpg"}, "homeCity": "Jakarta, Indonesia", "contact": {"facebook": "10205744403423899", "twitter": "d4n13lch"}, "firstName": "Daniel", "tips": {"count": 1}, "gender": "male", "lastName": "Christian", "lists": {"groups": [{"count": 2, "type": "created", "items": []}]}, "bio": ""}, {"id": "7085948", "photo": {"prefix": "https://igx.4sqi.net/img/user/", "suffix": "/5ASB52IO0KQSZK5C.jpg"}, "homeCity": "Jakarta, Indonesia", "contact": {"twitter": "bengieyyy"}, "firstName": "angelika", "tips": {"count": 0}, "gender": "female", "lastName": "nauli", "lists": {"groups": [{"count": 2, "type": "created", "items": []}]}, "bio": ""}, {"id": "18752277", "photo": {"prefix": "https://igx.4sqi.net/img/user/", "suffix": "/UWA5RKL53PGFRJ13.jpg"}, "homeCity": "Jakarta, Indonesia", "contact": {"twitter": "feliciakrystle"}, "firstName": "Felicia Krystle", "tips": {"count": 0}, "gender": "female", "lastName": "Thiodores", "lists": {"groups": [{"count": 2, "type": "created", "items": []}]}, "bio": ""}, {"id": "29608985", "photo": {"prefix": "https://igx.4sqi.net/img/user/", "suffix": "/FOTOMASOMO5QC41I.jpg"}, "homeCity": "jakarta", "contact": {"twitter": "listialistia"}, "firstName": "listia", "tips": {"count": 0}, "gender": "female", "lists": {"groups": [{"count": 2, "type": "created", "items": []}]}, "bio": ""}, {"id": "6164142", "photo": {"prefix": "https://igx.4sqi.net/img/user/", "suffix": "/04ACR4B12NHJ44XR.jpg"}, "homeCity": "Jakarta, Indonesia", "contact": {}, "firstName": "Ceetan", "tips": {"count": 3}, "gender": "male", "lists": {"groups": [{"count": 2, "type": "created", "items": []}]}, "bio": ""}, {"id": "3589108", "photo": {"prefix": "https://igx.4sqi.net/img/user/", "suffix": "/3589108-NGGQJPJG0L2SK22E.jpg"}, "homeCity": "Jakarta, Indonesia", "contact": {"twitter": "jesnut"}, "firstName": "Jessyca", "tips": {"count": 0}, "gender": "female", "lastName": "Natalia", "lists": {"groups": [{"count": 2, "type": "created", "items": []}]}, "bio": ""}, {"id": "3931720", "photo": {"prefix": "https://igx.4sqi.net/img/user/", "suffix": "/JK3LXRRLQXX1IIE0.jpg"}, "homeCity": "Jakarta", "contact": {"facebook": "1768853073", "twitter": "jimmysentosa"}, "firstName": "Jimmy", "tips": {"count": 0}, "gender": "male", "lastName": "Sentosa", "lists": {"groups": [{"count": 2, "type": "created", "items": []}]}, "bio": ""}, {"id": "5420530", "photo": {"prefix": "https://igx.4sqi.net/img/user/", "suffix": "/5WR1WLOIDO35DU5W.jpg"}, "homeCity": "Indonesia", "contact": {"twitter": "marshellaeyya"}, "firstName": "Marshella", "tips": {"count": 0}, "gender": "female", "lastName": "Eyya", "lists": {"groups": [{"count": 2, "type": "created", "items": []}]}, "bio": "So hold your head high, Gorgeous. People would kill to see you fall. ;) twitter : @MarshellaEyya"}, {"id": "1720088", "photo": {"prefix": "https://igx.4sqi.net/img/user/", "suffix": "/NRJSBLTL2PGNWWPX.jpg"}, "homeCity": "Southbank, VIC", "contact": {"twitter": "cinnndie"}, "firstName": "Cindy", "tips": {"count": 0}, "gender": "female", "lastName": "Indrawati", "lists": {"groups": [{"count": 2, "type": "created", "items": []}]}, "bio": ""}, {"id": "3969451", "photo": {"prefix": "https://igx.4sqi.net/img/user/", "suffix": "/QE5MVQ533JNU0ZFI.jpg"}, "homeCity": "Jakarta, Indonesia", "contact": {"twitter": "fionieagatha"}, "firstName": "Fionie", "tips": {"count": 0}, "gender": "female", "lastName": "Agatha", "lists": {"groups": [{"count": 2, "type": "created", "items": []}]}, "bio": ""}, {"id": "58789743", "photo": {"prefix": "https://igx.4sqi.net/img/user/", "suffix": "/DDPUNDVO4NP05AIB.jpg"}, "homeCity": "Jakarta, 04", "contact": {"facebook": "100000418958064"}, "firstName": "Tomi", "tips": {"count": 0}, "gender": "male", "lastName": "Wirianata", "lists": {"groups": [{"count": 2, "type": "created", "items": []}]}, "bio": ""}, {"id": "6519585", "photo": {"prefix": "https://igx.4sqi.net/img/user/", "suffix": "/6519585-WUUAGHBJF1TIGZ3N.jpg"}, "homeCity": "Jakarta, Indonesia", "contact": {"facebook": "1420951007", "twitter": "nelioctavia"}, "firstName": "Neli", "tips": {"count": 0}, "gender": "female", "lastName": "Octavia", "lists": {"groups": [{"count": 2, "type": "created", "items": []}]}, "bio": ""}, {"id": "7104540", "photo": {"prefix": "https://igx.4sqi.net/img/user/", "default": true, "suffix": "/blank_boy.png"}, "homeCity": "Jakarta, Indonesia", "contact": {"twitter": "fransyapto"}, "firstName": "yapto", "tips": {"count": 0}, "gender": "male", "lastName": "yapto", "lists": {"groups": [{"count": 2, "type": "created", "items": []}]}, "bio": ""}, {"id": "18918045", "photo": {"prefix": "https://igx.4sqi.net/img/user/", "suffix": "/HKQY4LLZ0SDMTDYU.jpg"}, "homeCity": "Jakarta, Indonesia", "contact": {"facebook": "100000555978552", "twitter": "sechizen"}, "firstName": "Denada", "tips": {"count": 0}, "gender": "female", "lastName": "August", "lists": {"groups": [{"count": 2, "type": "created", "items": []}]}, "bio": ""}, {"id": "39628330", "photo": {"prefix": "https://igx.4sqi.net/img/user/", "suffix": "/-ON1NAK1BEQJ2DFJW.jpg"}, "homeCity": "Jakarta", "contact": {"facebook": "1234007576"}, "firstName": "lauren", "tips": {"count": 0}, "gender": "male", "lastName": "cahya", "lists": {"groups": [{"count": 2, "type": "created", "items": []}]}, "bio": "Mati"}, {"id": "7544201", "photo": {"prefix": "https://igx.4sqi.net/img/user/", "suffix": "/2VGQYD4XNWOLDJTV.jpg"}, "homeCity": "Indonesia", "contact": {"twitter": "jnysylvia"}, "firstName": "jny", "tips": {"count": 0}, "gender": "female", "lastName": "sylvia", "lists": {"groups": [{"count": 2, "type": "created", "items": []}]}, "bio": ""}, {"id": "3663914", "photo": {"prefix": "https://igx.4sqi.net/img/user/", "suffix": "/AYLE2DEYLJ1Q0ANS.jpg"}, "homeCity": "", "contact": {"twitter": "patriciapondaag"}, "firstName": "Patricia", "tips": {"count": 0}, "gender": "female", "lastName": "Pondaag", "lists": {"groups": [{"count": 2, "type": "created", "items": []}]}, "bio": ""}, {"id": "4503652", "photo": {"prefix": "https://igx.4sqi.net/img/user/", "suffix": "/FKSJQJ4UYNY3RNIS.jpg"}, "homeCity": "Jakarta, Indonesia", "contact": {"twitter": "jacquehermawan"}, "firstName": "jacquelineee", "tips": {"count": 0}, "gender": "female", "lastName": "her", "lists": {"groups": [{"count": 2, "type": "created", "items": []}]}, "bio": ""}, {"id": "5422162", "photo": {"prefix": "https://igx.4sqi.net/img/user/", "suffix": "/I1VMX4HYSSP5VDJW.jpg"}, "homeCity": "Singapore", "contact": {}, "firstName": "Jeremiah", "tips": {"count": 0}, "gender": "male", "lastName": "Ang", "lists": {"groups": [{"count": 2, "type": "created", "items": []}]}, "bio": ""}, {"id": "2169451", "photo": {"prefix": "https://igx.4sqi.net/img/user/", "suffix": "/KANF42SZA1YSI3AK.jpg"}, "homeCity": "Jakarta, Indonesia", "contact": {"facebook": "100000010634132", "twitter": "jesselineintan"}, "firstName": "Jesseline", "tips": {"count": 1}, "gender": "female", "lastName": "Intan", "lists": {"groups": [{"count": 2, "type": "created", "items": []}]}, "bio": "FOREVER YOUNG\ud83c\udf37\ud83d\ude01"}, {"id": "4133910", "photo": {"prefix": "https://igx.4sqi.net/img/user/", "suffix": "/AYMKG1HEBQ1YEJZN.jpg"}, "homeCity": "New York, NY", "contact": {"twitter": "andhikageraldi"}, "firstName": "Andhika", "tips": {"count": 1}, "gender": "male", "lastName": "Geraldi", "lists": {"groups": [{"count": 2, "type": "created", "items": []}]}, "bio": ""}, {"id": "9065855", "photo": {"prefix": "https://igx.4sqi.net/img/user/", "default": true, "suffix": "/blank_boy.png"}, "homeCity": "Jakarta, Indonesia", "contact": {"twitter": "raymondsur22"}, "firstName": "Raymond", "tips": {"count": 0}, "gender": "male", "lastName": "Surjanto", "lists": {"groups": [{"count": 2, "type": "created", "items": []}]}, "bio": ""}, {"id": "7117496", "photo": {"prefix": "https://igx.4sqi.net/img/user/", "suffix": "/YV1GK1DJEG0U0NAJ.jpg"}, "homeCity": "Jakarta, Indonesia", "contact": {}, "firstName": "Kelvin", "tips": {"count": 0}, "gender": "male", "lastName": "Yohanes", "lists": {"groups": [{"count": 2, "type": "created", "items": []}]}, "bio": ""}, {"id": "19207017", "photo": {"prefix": "https://igx.4sqi.net/img/user/", "suffix": "/19207017-F1YI4H2VKAOZ0QSO.jpg"}, "homeCity": "Jakarta, Indonesia", "contact": {"facebook": "1154575153", "twitter": "veronica_vhevhe"}, "firstName": "Veronica", "tips": {"count": 0}, "gender": "female", "lastName": "Sesiliana", "lists": {"groups": [{"count": 2, "type": "created", "items": []}]}, "bio": ""}, {"id": "56314812", "photo": {"prefix": "https://igx.4sqi.net/img/user/", "suffix": "/1GT3S4JAPR23EGAL.gif"}, "homeCity": "Jakarta, 04", "contact": {"twitter": "be_nardd"}, "firstName": "Benard", "tips": {"count": 0}, "gender": "male", "lastName": "As", "lists": {"groups": [{"count": 2, "type": "created", "items": []}]}, "bio": "Twitter : @be_nardd"}, {"id": "7735133", "photo": {"prefix": "https://igx.4sqi.net/img/user/", "suffix": "/YWBUUCTDORJFTQEY.jpg"}, "homeCity": "jakarta, indonesia", "contact": {"facebook": "1084184004", "twitter": "aileenquincey"}, "firstName": "Aileen", "tips": {"count": 3}, "gender": "female", "lastName": "Natalia", "lists": {"groups": [{"count": 2, "type": "created", "items": []}]}, "bio": ""}, {"id": "8455839", "photo": {"prefix": "https://igx.4sqi.net/img/user/", "suffix": "/5H4BOSRISVXQXFIS.jpg"}, "homeCity": "Indonesia, Jakarta", "contact": {"twitter": "ivanntasripin"}, "firstName": "Ivan", "tips": {"count": 0}, "gender": "male", "lists": {"groups": [{"count": 2, "type": "created", "items": []}]}, "bio": ""}, {"id": "5251105", "photo": {"prefix": "https://igx.4sqi.net/img/user/", "suffix": "/KARKJPFUQ5VFZ3EX.jpg"}, "homeCity": "Indonesia", "contact": {"twitter": "fannylucretia"}, "firstName": "Fanny", "tips": {"count": 0}, "gender": "female", "lastName": "Jesslyn", "lists": {"groups": [{"count": 2, "type": "created", "items": []}]}, "bio": ""}, {"id": "7900683", "photo": {"prefix": "https://igx.4sqi.net/img/user/", "suffix": "/ZBUY3T1KASR4GOYS.jpg"}, "homeCity": "Jakarta, Indonesia", "contact": {"twitter": "veenpeen"}, "firstName": "Kelvin", "tips": {"count": 1}, "gender": "male", "lastName": "Kencana", "lists": {"groups": [{"count": 2, "type": "created", "items": []}]}, "bio": ""}, {"id": "2263168", "photo": {"prefix": "https://igx.4sqi.net/img/user/", "suffix": "/KQHGXJPYSVTSLVAD.jpg"}, "homeCity": "jakarta, indonesia", "contact": {"twitter": "wennyleo"}, "firstName": "Wenny", "tips": {"count": 0}, "gender": "female", "lastName": "Leo", "lists": {"groups": [{"count": 2, "type": "created", "items": []}]}, "bio": ""}, {"id": "4604102", "photo": {"prefix": "https://igx.4sqi.net/img/user/", "suffix": "/VCJOWRS2CCU5FRWT.jpg"}, "homeCity": "Jakarta, Indonesia", "contact": {"facebook": "1133651987", "twitter": "fararinefu"}, "firstName": "Fararine", "tips": {"count": 1}, "gender": "female", "lastName": "Margaretta", "lists": {"groups": [{"count": 3, "type": "created", "items": []}]}, "bio": ""}, {"id": "12315945", "photo": {"prefix": "https://igx.4sqi.net/img/user/", "suffix": "/POSN5Z34J3H1YKQN.jpg"}, "homeCity": "Jakarta, Indonesia", "contact": {"facebook": "1827275261", "twitter": "erikryantoo"}, "firstName": "Erik", "tips": {"count": 0}, "gender": "male", "lastName": "Ryanto", "lists": {"groups": [{"count": 2, "type": "created", "items": []}]}, "bio": ""}, {"id": "7170322", "photo": {"prefix": "https://igx.4sqi.net/img/user/", "suffix": "/KR3QO1Z21IYIRWWD.jpg"}, "homeCity": "Indonesia", "contact": {"twitter": "mandateng"}, "firstName": "manda", "tips": {"count": 0}, "gender": "female", "lastName": "TENG", "lists": {"groups": [{"count": 2, "type": "created", "items": []}]}, "bio": ""}, {"id": "28864534", "photo": {"prefix": "https://igx.4sqi.net/img/user/", "suffix": "/AZ5S2SIAQDGSOQ5T.jpg"}, "homeCity": "Jakarta Raya", "contact": {"twitter": "fransyaptoo"}, "firstName": "Frans", "tips": {"count": 0}, "gender": "male", "lastName": "Yapto", "lists": {"groups": [{"count": 3, "type": "created", "items": []}]}, "bio": "@phewoo"}, {"id": "9003916", "photo": {"prefix": "https://igx.4sqi.net/img/user/", "suffix": "/I321E4WF5H5TMCC3.jpg"}, "homeCity": "Jakarta, Indonesia", "contact": {"facebook": "1300987949", "twitter": "kennethidayat"}, "firstName": "Kenneth", "tips": {"count": 0}, "gender": "male", "lastName": "Hidayat", "lists": {"groups": [{"count": 2, "type": "created", "items": []}]}, "bio": ""}, {"id": "11999321", "photo": {"prefix": "https://igx.4sqi.net/img/user/", "suffix": "/YTNW2TFBTUHYDOSU.jpg"}, "homeCity": "Jakarta, Indonesia", "contact": {"facebook": "100000847157240", "twitter": "jevryyy"}, "firstName": "Jevry", "tips": {"count": 0}, "gender": "male", "lastName": "Chahyadi", "lists": {"groups": [{"count": 2, "type": "created", "items": []}]}, "bio": ""}, {"id": "7625816", "photo": {"prefix": "https://igx.4sqi.net/img/user/", "suffix": "/2MC3ZLUDAULOT52C.jpg"}, "homeCity": "Jakarta, Indonesia", "contact": {"facebook": "1452483488", "twitter": "elgiantobryan"}, "firstName": "Bryan", "tips": {"count": 2}, "gender": "male", "lastName": "elgianto putra", "lists": {"groups": [{"count": 2, "type": "created", "items": []}]}, "bio": ""}, {"id": "13323595", "photo": {"prefix": "https://igx.4sqi.net/img/user/", "suffix": "/KZ5WDBP2YKYP1S0Z.jpg"}, "homeCity": "Teaneck, NJ", "contact": {"facebook": "615443166", "twitter": "johnnynoh"}, "firstName": "Johnny", "tips": {"count": 0}, "gender": "male", "lastName": "Noh", "lists": {"groups": [{"count": 2, "type": "created", "items": []}]}, "bio": ""}, {"id": "2426443", "photo": {"prefix": "https://igx.4sqi.net/img/user/", "suffix": "/F4DOW53S14MM1RCS.jpg"}, "homeCity": "Jakarta, Indonesia", "contact": {"facebook": "1082663012", "twitter": "kforkael"}, "firstName": "Michael", "tips": {"count": 4}, "gender": "male", "lastName": "Indrajaya", "lists": {"groups": [{"count": 2, "type": "created", "items": []}]}, "bio": ""}, {"id": "4688470", "photo": {"prefix": "https://igx.4sqi.net/img/user/", "suffix": "/U1VEE2BQJB1LN0HM.jpg"}, "homeCity": "Jakarta, Indonesia", "contact": {"twitter": "mariaabrigita"}, "firstName": "Maria", "tips": {"count": 0}, "gender": "female", "lastName": "Brigitta", "lists": {"groups": [{"count": 2, "type": "created", "items": []}]}, "bio": ""}, {"id": "12581946", "photo": {"prefix": "https://igx.4sqi.net/img/user/", "suffix": "/PDRSN2M2SHJXN1NO.jpg"}, "homeCity": "Jakarta, Indonesia", "contact": {"twitter": "bellaasurya"}, "firstName": "Annabella", "tips": {"count": 0}, "gender": "female", "lastName": "Surya", "lists": {"groups": [{"count": 2, "type": "created", "items": []}]}, "bio": ""}, {"id": "49033546", "photo": {"prefix": "https://igx.4sqi.net/img/user/", "suffix": "/053MOJPACN3DSLS3.jpg"}, "homeCity": "New York, NY", "contact": {"facebook": "1129098691", "twitter": "17eser"}, "firstName": "Stefan", "tips": {"count": 4}, "gender": "male", "lastName": "Randy", "lists": {"groups": [{"count": 2, "type": "created", "items": []}]}, "bio": ""}, {"id": "13091122", "photo": {"prefix": "https://igx.4sqi.net/img/user/", "suffix": "/ZN15RHF2LLNCJBD3.jpg"}, "homeCity": "Jakarta, Indonesia", "contact": {"facebook": "100000606934865", "twitter": "carrolynee"}, "firstName": "Caroline", "tips": {"count": 0}, "gender": "female", "lastName": "Tan", "lists": {"groups": [{"count": 2, "type": "created", "items": []}]}, "bio": ""}, {"id": "39912536", "photo": {"prefix": "https://igx.4sqi.net/img/user/", "suffix": "/FLUWWJIMQUKNRKNX.jpg"}, "homeCity": "New York, NY", "contact": {}, "firstName": "felicia", "tips": {"count": 0}, "gender": "female", "lastName": "froggy", "lists": {"groups": [{"count": 2, "type": "created", "items": []}]}, "bio": ""}, {"id": "9771922", "photo": {"prefix": "https://igx.4sqi.net/img/user/", "suffix": "/D2SDOZ5MX3MQOWPF.jpg"}, "homeCity": "Jakarta, Indonesia", "contact": {"facebook": "100000431711801", "twitter": "liu_chingching"}, "firstName": "Ervina", "tips": {"count": 0}, "gender": "female", "lastName": "Liu", "lists": {"groups": [{"count": 2, "type": "created", "items": []}]}, "bio": "Forever young"}, {"id": "80078734", "photo": {"prefix": "https://igx.4sqi.net/img/user/", "suffix": "/80078734-UJACDF3PRVZCYRW0.jpg"}, "homeCity": "Pangkalpinang, Bangka-Belitung", "contact": {"facebook": "1756311088"}, "firstName": "Sukito", "tips": {"count": 0}, "gender": "male", "lastName": "Gunawan", "lists": {"groups": [{"count": 2, "type": "created", "items": []}]}, "bio": ""}, {"id": "2721387", "photo": {"prefix": "https://igx.4sqi.net/img/user/", "suffix": "/ACAFXAE0IRQ5FAF5.jpg"}, "homeCity": "Jakarta, Indonesia", "contact": {"twitter": "sofie_indahsari"}, "firstName": "Sofie", "tips": {"count": 0}, "gender": "female", "lastName": "Indahsari", "lists": {"groups": [{"count": 2, "type": "created", "items": []}]}, "bio": ""}, {"id": "4764732", "photo": {"prefix": "https://igx.4sqi.net/img/user/", "default": true, "suffix": "/blank_boy.png"}, "homeCity": "New York, NY", "contact": {}, "firstName": "Stanley", "tips": {"count": 0}, "gender": "male", "lastName": "Adrian", "lists": {"groups": [{"count": 2, "type": "created", "items": []}]}, "bio": ""}, {"id": "12760537", "photo": {"prefix": "https://igx.4sqi.net/img/user/", "suffix": "/YSXQ0HB05B3KI0XT.jpg"}, "homeCity": "NY", "contact": {"facebook": "100000077606322", "twitter": "ichan_nata"}, "firstName": "Ichan", "tips": {"count": 0}, "gender": "male", "lastName": "Natama", "lists": {"groups": [{"count": 2, "type": "created", "items": []}]}, "bio": ""}, {"id": "71601533", "photo": {"prefix": "https://igx.4sqi.net/img/user/", "default": true, "suffix": "/blank_boy.png"}, "homeCity": "Jakarta, 04", "contact": {"facebook": "1625012590", "twitter": "dennybraws"}, "firstName": "Denny", "tips": {"count": 0}, "gender": "male", "lists": {"groups": [{"count": 2, "type": "created", "items": []}]}, "bio": ""}, {"id": "13170902", "photo": {"prefix": "https://igx.4sqi.net/img/user/", "suffix": "/2UXVY445REBLPJK1.jpg"}, "homeCity": "Bekasi, Indonesia", "contact": {"facebook": "100000574892067"}, "firstName": "Theodorus", "tips": {"count": 2}, "gender": "male", "lastName": "Liem", "lists": {"groups": [{"count": 2, "type": "created", "items": []}]}, "bio": ""}, {"id": "43458780", "photo": {"prefix": "https://igx.4sqi.net/img/user/", "suffix": "/NK3DZWVHP54ZROVR.jpg"}, "homeCity": "Jakarta", "contact": {"twitter": "silkaaa"}, "firstName": "Silka", "tips": {"count": 0}, "gender": "female", "lastName": "Wiharjo", "lists": {"groups": [{"count": 2, "type": "created", "items": []}]}, "bio": "\u263a"}, {"id": "54177732", "photo": {"prefix": "https://igx.4sqi.net/img/user/", "suffix": "/HHSWHJZJWWQN3OGN.jpg"}, "homeCity": "", "contact": {"facebook": "1570166146"}, "firstName": "Lilis", "tips": {"count": 1}, "gender": "female", "lastName": "Hui", "lists": {"groups": [{"count": 2, "type": "created", "items": []}]}, "bio": ""}, {"id": "3029574", "photo": {"prefix": "https://igx.4sqi.net/img/user/", "suffix": "/Y2MI53GCUPV1NXAW.jpg"}, "homeCity": "Jakarta, Indonesia", "contact": {"facebook": "1260013276", "twitter": "juliantiee_"}, "firstName": "Juliantie", "tips": {"count": 0}, "gender": "female", "lastName": "Theresia", "lists": {"groups": [{"count": 2, "type": "created", "items": []}]}, "bio": ""}, {"id": "4772519", "photo": {"prefix": "https://igx.4sqi.net/img/user/", "suffix": "/BXRJE0YJESON541R.jpg"}, "homeCity": "Jakarta, Indonesia", "contact": {"twitter": "vincentttan"}, "firstName": "Vincent", "tips": {"count": 0}, "gender": "male", "lastName": "Tan", "lists": {"groups": [{"count": 2, "type": "created", "items": []}]}, "bio": ""}, {"id": "18524613", "photo": {"prefix": "https://igx.4sqi.net/img/user/", "suffix": "/D5YIBISJLAJAZXWR.jpg"}, "homeCity": "Jakarta", "contact": {"twitter": "suhendrahalim"}, "firstName": "Suhendra", "tips": {"count": 0}, "gender": "male", "lastName": "Halim", "lists": {"groups": [{"count": 2, "type": "created", "items": []}]}, "bio": ""}, {"id": "13178931", "photo": {"prefix": "https://igx.4sqi.net/img/user/", "suffix": "/VSMKPW5XX2LA1TMC.jpg"}, "homeCity": "jakarta", "contact": {}, "firstName": "indah", "tips": {"count": 0}, "gender": "female", "lastName": "prastika", "lists": {"groups": [{"count": 2, "type": "created", "items": []}]}, "bio": "CK's"}, {"id": "50248749", "photo": {"prefix": "https://igx.4sqi.net/img/user/", "suffix": "/WLYNA0DTDVHTPIUZ.jpg"}, "homeCity": "Jakarta, Daerah Khusus Ibukota Jakarta", "contact": {"twitter": "mei_margaret"}, "firstName": "Margaret", "tips": {"count": 0}, "gender": "female", "lastName": "Angeline", "lists": {"groups": [{"count": 2, "type": "created", "items": []}]}, "bio": ""}, {"id": "3109522", "photo": {"prefix": "https://igx.4sqi.net/img/user/", "suffix": "/HGDN1NZGJ5AG5CC0.jpg"}, "homeCity": "Jakarta, Indonesia", "contact": {"twitter": "jenjoongie"}, "firstName": "Jennie", "tips": {"count": 0}, "gender": "female", "lastName": "Yodha", "lists": {"groups": [{"count": 2, "type": "created", "items": []}]}, "bio": ""}, {"id": "5982219", "photo": {"prefix": "https://igx.4sqi.net/img/user/", "suffix": "/R0KSGQWK5CFXUDXO.jpg"}, "homeCity": "Jakarta, Indonesia", "contact": {"facebook": "1235710000", "twitter": "gabbyveli"}, "firstName": "Gabriella", "tips": {"count": 2}, "gender": "female", "lastName": "Velicia", "lists": {"groups": [{"count": 2, "type": "created", "items": []}]}, "bio": "Love is a Journey, not a Destiny"}, {"id": "18532514", "photo": {"prefix": "https://igx.4sqi.net/img/user/", "suffix": "/4AUBEHYH4BZMJNTN.jpg"}, "homeCity": "San Diego", "contact": {"facebook": "100000619731814", "twitter": "albertprimo"}, "firstName": "Albert", "tips": {"count": 0}, "gender": "male", "lastName": "Primo", "lists": {"groups": [{"count": 2, "type": "created", "items": []}]}, "bio": ""}, {"id": "45007879", "photo": {"prefix": "https://igx.4sqi.net/img/user/", "default": true, "suffix": "/blank_boy.png"}, "homeCity": "Jakarta Raya", "contact": {}, "firstName": "Timothy", "tips": {"count": 0}, "gender": "male", "lastName": "Permana", "lists": {"groups": [{"count": 2, "type": "created", "items": []}]}, "bio": ""}, {"id": "3142309", "photo": {"prefix": "https://igx.4sqi.net/img/user/", "suffix": "/43QHJ3BIBET1U2RI.jpg"}, "homeCity": "Indonesia", "contact": {"facebook": "1540437308"}, "firstName": "Rocky", "tips": {"count": 1}, "gender": "male", "lastName": "Wijaya", "lists": {"groups": [{"count": 2, "type": "created", "items": []}]}, "bio": "Twitter : @rockywijaya\r\nInstagram : @rockywijaya\r\nline : rockywijaya\r\nSkype : roc.wijaya"}, {"id": "6095827", "photo": {"prefix": "https://igx.4sqi.net/img/user/", "suffix": "/HF0S4IHNTKW4EK1D.jpg"}, "homeCity": "Jakarta, Indonesia", "contact": {"twitter": "francoiseguinea"}, "firstName": "Francoise", "tips": {"count": 0}, "gender": "male", "lastName": "Guinea", "lists": {"groups": [{"count": 2, "type": "created", "items": []}]}, "bio": ""}, {"id": "24736417", "photo": {"prefix": "https://igx.4sqi.net/img/user/", "suffix": "/KQ5BRLWZCARP4FI2.jpg"}, "homeCity": "Singapore", "contact": {"facebook": "1653196038", "twitter": "xcode_jeremiah"}, "firstName": "Jeremiah", "tips": {"count": 0}, "gender": "male", "lastName": "Ang", "lists": {"groups": [{"count": 2, "type": "created", "items": []}]}, "bio": ""}, {"id": "77485003", "photo": {"prefix": "https://igx.4sqi.net/img/user/", "suffix": "/77485003-YBF3ZAWLX545PLLA.jpg"}, "homeCity": "Jakarta, Daerah Khusus Ibukota Jakarta", "contact": {"facebook": "100001205442504"}, "firstName": "Hendrik", "tips": {"count": 0}, "gender": "male", "lastName": "Karnoto", "lists": {"groups": [{"count": 2, "type": "created", "items": []}]}, "bio": ""}, {"id": "3143688", "photo": {"prefix": "https://igx.4sqi.net/img/user/", "suffix": "/LU4FZYCWN1GUFBEA.jpg"}, "homeCity": "Jakarta, Indonesia", "contact": {"twitter": "claudiaclaudud"}, "firstName": "Claudia", "tips": {"count": 0}, "gender": "female", "lastName": "Claudud", "lists": {"groups": [{"count": 2, "type": "created", "items": []}]}, "bio": ""}, {"id": "6325708", "photo": {"prefix": "https://igx.4sqi.net/img/user/", "suffix": "/6325708-EUUJB4H5TO0QQFBV.jpg"}, "homeCity": "Jakarta, Indonesia", "contact": {"facebook": "100000044385334", "twitter": "indra__wijaya"}, "firstName": "Indra", "tips": {"count": 0}, "gender": "male", "lastName": "Wijaya", "lists": {"groups": [{"count": 2, "type": "created", "items": []}]}, "bio": ""}, {"id": "28146904", "photo": {"prefix": "https://igx.4sqi.net/img/user/", "suffix": "/28146904-RPPGEPNICCPWT3SM.jpg"}, "homeCity": "Selangor", "contact": {"facebook": "100000056381629", "twitter": "meilitatan"}, "firstName": "Meilita", "tips": {"count": 0}, "gender": "female", "lastName": "Tan", "lists": {"groups": [{"count": 2, "type": "created", "items": []}]}, "bio": ""}, {"id": "3190914", "photo": {"prefix": "https://igx.4sqi.net/img/user/", "suffix": "/VH3BRX1IFR2DF2BQ.jpg"}, "homeCity": "Indonesia,Jakarta", "contact": {"twitter": "dennny10"}, "firstName": "Denny", "tips": {"count": 0}, "gender": "male", "lastName": "Fernando", "lists": {"groups": [{"count": 2, "type": "created", "items": []}]}, "bio": ""}, {"id": "6328198", "photo": {"prefix": "https://igx.4sqi.net/img/user/", "suffix": "/Z0S5KXAMDGDQYMHD.jpg"}, "homeCity": "Jakarta, Indonesia", "contact": {"facebook": "1846920980"}, "firstName": "DairenLuc", "tips": {"count": 0}, "gender": "male", "lastName": "Luc", "lists": {"groups": [{"count": 2, "type": "created", "items": []}]}, "bio": ""}, {"id": "38435055", "photo": {"prefix": "https://igx.4sqi.net/img/user/", "suffix": "/YB0JB5PG0GM54H1D.jpg"}, "homeCity": "New York, NY", "contact": {"facebook": "100000050968359", "twitter": "carlenongko"}, "firstName": "Carlen", "tips": {"count": 0}, "gender": "female", "lastName": "Ongko", "lists": {"groups": [{"count": 2, "type": "created", "items": []}]}, "bio": "Line: carlen_"}, {"id": "3224139", "photo": {"prefix": "https://igx.4sqi.net/img/user/", "suffix": "/Q3USLAE5NWNIKKMA.jpg"}, "homeCity": "JAKARTA, INDONESIA", "contact": {"twitter": "cindyceka"}, "firstName": "Cindy", "tips": {"count": 0}, "gender": "female", "lastName": "Kurniawan", "lists": {"groups": [{"count": 2, "type": "created", "items": []}]}, "bio": ""}, {"id": "6353972", "photo": {"prefix": "https://igx.4sqi.net/img/user/", "suffix": "/EYIBRLC44R2DVPLF.jpg"}, "homeCity": "Jakarta, Indonesia", "contact": {"facebook": "625954904", "twitter": "eddyscout"}, "firstName": "Eddy", "tips": {"count": 0}, "gender": "male", "lastName": "Scout", "lists": {"groups": [{"count": 2, "type": "created", "items": []}]}, "bio": ""}, {"id": "40950272", "photo": {"prefix": "https://igx.4sqi.net/img/user/", "suffix": "/NSM0KYWQM5IPDW3S.jpg"}, "homeCity": "Jakarta Raya", "contact": {"facebook": "100000120791538", "twitter": "fedrikoo"}, "firstName": "Fedriko", "tips": {"count": 0}, "gender": "male", "lastName": "Darmansyah", "lists": {"groups": [{"count": 2, "type": "created", "items": []}]}, "bio": ""}, {"id": "3239545", "photo": {"prefix": "https://igx.4sqi.net/img/user/", "suffix": "/MIHWBBXH0Q2XQ4D1.jpg"}, "homeCity": "Indonesia - Jakarta", "contact": {"facebook": "620047865", "twitter": "kevinnsantana"}, "firstName": "kevin", "tips": {"count": 0}, "gender": "male", "lastName": "santana", "lists": {"groups": [{"count": 2, "type": "created", "items": []}]}, "bio": ""}, {"id": "6494703", "photo": {"prefix": "https://igx.4sqi.net/img/user/", "suffix": "/DT4ARQGP3YACCEPC.jpg"}, "homeCity": "Jakarta, Indonesia", "contact": {"facebook": "1037412603", "twitter": "vwinny"}, "firstName": "Vinsensa", "tips": {"count": 1}, "gender": "female", "lastName": "Winny", "lists": {"groups": [{"count": 2, "type": "created", "items": []}]}, "bio": ""}, {"id": "3242329", "photo": {"prefix": "https://igx.4sqi.net/img/user/", "suffix": "/XATV0YSWLDX4MWLP.jpg"}, "homeCity": "Jakarta, Indonesia", "contact": {"twitter": "kathrinhonesta"}, "firstName": "kathrin", "tips": {"count": 0}, "gender": "female", "lastName": "honesta", "lists": {"groups": [{"count": 2, "type": "created", "items": []}]}, "bio": ""}, {"id": "13583759", "photo": {"prefix": "https://igx.4sqi.net/img/user/", "suffix": "/DQRJHFKPVC4UWK4K.jpg"}, "homeCity": "Jakarta, Indonesia", "contact": {"facebook": "1667415015", "twitter": "benchristian"}, "firstName": "Benardo", "tips": {"count": 1}, "gender": "male", "lastName": "Christian", "lists": {"groups": [{"count": 2, "type": "created", "items": []}]}, "bio": "IX . V . MCMXCV kid of promises! @greenlight95 #echelon"}, {"id": "3253862", "photo": {"prefix": "https://igx.4sqi.net/img/user/", "suffix": "/UV5QNCE2YUSRGCKX.jpg"}, "homeCity": "Jakarta, Indonesia", "contact": {"facebook": "1053030650", "twitter": "stevelayy"}, "firstName": "Steve", "tips": {"count": 4}, "gender": "male", "lastName": "Lay", "lists": {"groups": [{"count": 2, "type": "created", "items": []}]}, "bio": ""}, {"id": "3372704", "photo": {"prefix": "https://igx.4sqi.net/img/user/", "suffix": "/TQ3PWPR2ZOVMCVGQ.jpg"}, "homeCity": "Los Angeles, CA", "contact": {"facebook": "1192461969", "twitter": "ameliahamdja"}, "firstName": "Amelia", "tips": {"count": 2}, "gender": "female", "lastName": "Hamdja", "lists": {"groups": [{"count": 2, "type": "created", "items": []}]}, "bio": ""}, {"id": "3375215", "photo": {"prefix": "https://igx.4sqi.net/img/user/", "suffix": "/3375215-JXS3OUQJAGTQGWUR.jpg"}, "homeCity": "Jakarta, Indonesia", "contact": {}, "firstName": "Jessica", "tips": {"count": 0}, "gender": "female", "lastName": "Florencia", "lists": {"groups": [{"count": 2, "type": "created", "items": []}]}, "bio": ""}, {"id": "3405815", "photo": {"prefix": "https://igx.4sqi.net/img/user/", "suffix": "/3405815-QL4KUM0ZCJG4L3WF.jpg"}, "homeCity": "Jakarta, Indonesia", "contact": {"facebook": "1583091324", "twitter": "elisaclaudia_"}, "firstName": "Elisa", "tips": {"count": 0}, "gender": "female", "lastName": "Claudia", "lists": {"groups": [{"count": 2, "type": "created", "items": []}]}, "bio": ""}, {"id": "3409043", "photo": {"prefix": "https://igx.4sqi.net/img/user/", "suffix": "/PDESIM5TN3MCKT5H.jpg"}, "homeCity": "Jakarta, Indonesia", "contact": {"twitter": "christiantow17"}, "firstName": "Christianto", "tips": {"count": 0}, "gender": "male", "lastName": "Wijaya", "lists": {"groups": [{"count": 2, "type": "created", "items": []}]}, "bio": ""}, {"id": "3410419", "photo": {"prefix": "https://igx.4sqi.net/img/user/", "suffix": "/4W5DLCJDFTFJEKA1.jpg"}, "homeCity": "Indonesia", "contact": {"twitter": "cindyysusanto"}, "firstName": "cindyy", "tips": {"count": 0}, "gender": "female", "lastName": "susanto", "lists": {"groups": [{"count": 2, "type": "created", "items": []}]}, "bio": ""}, {"id": "3424486", "photo": {"prefix": "https://igx.4sqi.net/img/user/", "suffix": "/2XMHM3UAULRYOUD4.jpg"}, "homeCity": "Melbourne, Australia", "contact": {"twitter": "sisiliarikaa"}, "firstName": "Sisilia", "tips": {"count": 0}, "gender": "female", "lastName": "rika", "lists": {"groups": [{"count": 2, "type": "created", "items": []}]}, "bio": ""}, {"id": "3472577", "photo": {"prefix": "https://igx.4sqi.net/img/user/", "suffix": "/3472577-VRX20MZSTLXPSVK0"}, "homeCity": "Jakarta, Indonesia", "contact": {"twitter": "christantotanto"}, "firstName": "Christanto", "tips": {"count": 0}, "gender": "male", "lastName": "Tanto", "lists": {"groups": [{"count": 2, "type": "created", "items": []}]}, "bio": ""}, {"id": "3490918", "photo": {"prefix": "https://igx.4sqi.net/img/user/", "suffix": "/45Y1RPJNQKQKHBVM.jpg"}, "homeCity": "Jakarta, Indonesia", "contact": {"facebook": "1288591071", "twitter": "rkyricky"}, "firstName": "Ricky", "tips": {"count": 1}, "gender": "male", "lastName": "Rkye", "lists": {"groups": [{"count": 4, "type": "created", "items": []}]}, "bio": ""}, {"id": "3564636", "photo": {"prefix": "https://igx.4sqi.net/img/user/", "suffix": "/I00KLWVJRH0R5ETF.jpg"}, "homeCity": "Indonesia", "contact": {"twitter": "irenapranata"}, "firstName": "Irena", "tips": {"count": 0}, "gender": "female", "lastName": "Pranata Tjandra", "lists": {"groups": [{"count": 2, "type": "created", "items": []}]}, "bio": ""}, {"id": "3980705", "photo": {"prefix": "https://igx.4sqi.net/img/user/", "suffix": "/XHSGY1IFYEZ1XPJP.jpg"}, "homeCity": "Liverpool", "contact": {"twitter": "tphen_w"}, "firstName": "tphen", "tips": {"count": 0}, "gender": "male", "lastName": "wong", "lists": {"groups": [{"count": 2, "type": "created", "items": []}]}, "bio": ""}, {"id": "3993508", "photo": {"prefix": "https://igx.4sqi.net/img/user/", "suffix": "/LXXHXDCBOGEOE4DW.jpg"}, "homeCity": "Jakarta, Indonesia", "contact": {"twitter": "cindyferdy"}, "firstName": "Cindy", "tips": {"count": 0}, "gender": "female", "lastName": "Ferdy", "lists": {"groups": [{"count": 2, "type": "created", "items": []}]}, "bio": ""}, {"id": "4112947", "photo": {"prefix": "https://igx.4sqi.net/img/user/", "default": true, "suffix": "/blank_boy.png"}, "homeCity": "Indonesia", "contact": {"twitter": "williehalim"}, "firstName": "Willie", "tips": {"count": 0}, "gender": "male", "lastName": "Halim", "lists": {"groups": [{"count": 2, "type": "created", "items": []}]}, "bio": ""}, {"id": "4158978", "photo": {"prefix": "https://igx.4sqi.net/img/user/", "suffix": "/VXANNB441QPGM2HP.jpg"}, "homeCity": "Jakarta, Indonesia", "contact": {"facebook": "1414368239", "twitter": "alfianchairadin"}, "firstName": "alfian", "tips": {"count": 1}, "gender": "male", "lastName": "park", "lists": {"groups": [{"count": 2, "type": "created", "items": []}]}, "bio": ""}, {"id": "4602867", "photo": {"prefix": "https://igx.4sqi.net/img/user/", "suffix": "/AU1O0GTAGHDZJL2P.jpg"}, "homeCity": "Jakarta, Indonesia", "contact": {}, "firstName": "Gabriella", "tips": {"count": 0}, "gender": "female", "lastName": "Rachmat", "lists": {"groups": [{"count": 2, "type": "created", "items": []}]}, "bio": ""}, {"id": "5229639", "photo": {"prefix": "https://igx.4sqi.net/img/user/", "suffix": "/CTW1G2NUSNV03YVK.jpg"}, "homeCity": "Jakarta, Indonesia", "contact": {}, "firstName": "Dairen", "tips": {"count": 0}, "gender": "male", "lastName": "Lucky", "lists": {"groups": [{"count": 2, "type": "created", "items": []}]}, "bio": ""}, {"id": "5231208", "photo": {"prefix": "https://igx.4sqi.net/img/user/", "suffix": "/UTYGF2ZCNHVRJLTD.jpg"}, "homeCity": "Jakarta, Indonesia", "contact": {"twitter": "flendajo"}, "firstName": "Felenda", "tips": {"count": 0}, "gender": "female", "lastName": "Johan", "lists": {"groups": [{"count": 2, "type": "created", "items": []}]}, "bio": ""}, {"id": "5341283", "photo": {"prefix": "https://igx.4sqi.net/img/user/", "suffix": "/FFHQUAR53LHZLJR4.jpg"}, "homeCity": "Jakarta, Indonesia", "contact": {"facebook": "1356880517"}, "firstName": "Avin", "tips": {"count": 0}, "gender": "male", "lastName": "Filemon", "lists": {"groups": [{"count": 2, "type": "created", "items": []}]}, "bio": ""}, {"id": "6359876", "photo": {"prefix": "https://igx.4sqi.net/img/user/", "suffix": "/I1DLX0SOHLZS5XE0.jpg"}, "homeCity": "Indonesia", "contact": {"twitter": "liviayasasilka"}, "firstName": "livia", "tips": {"count": 0}, "gender": "female", "lastName": "yasasilka", "lists": {"groups": [{"count": 2, "type": "created", "items": []}]}, "bio": ""}, {"id": "6407954", "photo": {"prefix": "https://igx.4sqi.net/img/user/", "suffix": "/4E0XGR2RPKYPGCRL.jpg"}, "homeCity": "Jakarta, Indonesia", "contact": {"facebook": "1088736454", "twitter": "kitario10"}, "firstName": "kitario", "tips": {"count": 5}, "gender": "male", "lastName": "cahya", "lists": {"groups": [{"count": 2, "type": "created", "items": []}]}, "bio": ""}, {"id": "31196468", "photo": {"prefix": "https://igx.4sqi.net/img/user/", "suffix": "/R14AQDMYBAL12ORC.jpg"}, "homeCity": "Jakarta", "contact": {"twitter": "edwinicholas"}, "firstName": "Edwin", "tips": {"count": 0}, "gender": "male", "lastName": "Nicholas", "lists": {"groups": [{"count": 2, "type": "created", "items": []}]}, "bio": ""}]}, "checksum": "d0abb500acc0f7ad1d636b95558fbcedd53b7ae9"}}