{"notifications": [{"type": "notificationTray", "item": {"unreadCount": 0}}], "meta": {"requestId": "5966e20e6a607115d44c4a68", "code": 200}, "response": {"friends": {"count": 9, "items": [{"id": "11834403", "photo": {"prefix": "https://igx.4sqi.net/img/user/", "suffix": "/DNENXVJO5NTKDAF2.jpg"}, "homeCity": "Singapore", "contact": {"facebook": "675325100"}, "firstName": "Hellsbane Lyn", "tips": {"count": 7}, "gender": "female", "lists": {"groups": [{"count": 11, "type": "created", "items": []}]}, "bio": "\u3084\u3063\u307b\u30fc\uff01\u30ea\u30f3\u30ea\u30f3\u3067\u3059~\u266a"}, {"id": "5914701", "photo": {"prefix": "https://igx.4sqi.net/img/user/", "suffix": "/5914701_OSAD232I_FAJ_YCQnx4YKpBUBH48VpoHXahH2aQbeVSA9CaysEw7f6LtobFuxutpxIsjcf58N.jpg"}, "homeCity": "Singapore", "contact": {"facebook": "669392829"}, "firstName": "Wen", "tips": {"count": 0}, "gender": "female", "lastName": "Ang", "lists": {"groups": [{"count": 2, "type": "created", "items": []}]}, "bio": ""}, {"id": "3473904", "photo": {"prefix": "https://igx.4sqi.net/img/user/", "suffix": "/OPHTKF0XK1JRCFHI.jpg"}, "homeCity": "Singapore", "contact": {"facebook": "551202925"}, "firstName": "~*~BeBeH aMeRiCaN", "tips": {"count": 12}, "gender": "female", "lastName": "BoyaN~*~", "lists": {"groups": [{"count": 2, "type": "created", "items": []}]}, "bio": ""}, {"id": "73974833", "photo": {"prefix": "https://igx.4sqi.net/img/user/", "default": true, "suffix": "/blank_boy.png"}, "homeCity": "Singapore", "contact": {"facebook": "585414086"}, "firstName": "Alex", "tips": {"count": 0}, "gender": "male", "lastName": "Loh", "lists": {"groups": [{"count": 2, "type": "created", "items": []}]}, "bio": ""}, {"id": "10538068", "photo": {"prefix": "https://igx.4sqi.net/img/user/", "suffix": "/10538068-XJNYY4B2U5OMUJ1A.jpg"}, "homeCity": "Singapore", "contact": {"facebook": "1022882111074715"}, "firstName": "Charlene", "tips": {"count": 2}, "gender": "female", "lastName": "Soh", "lists": {"groups": [{"count": 2, "type": "created", "items": []}]}, "bio": ""}, {"id": "2017338", "photo": {"prefix": "https://igx.4sqi.net/img/user/", "suffix": "/51121SL5ZV452LLT.jpg"}, "homeCity": "Singapore, ", "contact": {"facebook": "581994274"}, "firstName": "Chua", "tips": {"count": 0}, "gender": "female", "lastName": "Claudia", "lists": {"groups": [{"count": 3, "type": "created", "items": []}]}, "bio": ""}, {"id": "5534009", "photo": {"prefix": "https://igx.4sqi.net/img/user/", "suffix": "/5ETLQNCTTI1M3JXI.jpg"}, "homeCity": "Singapore", "contact": {"facebook": "630089551"}, "firstName": "Alice", "tips": {"count": 0}, "gender": "female", "lastName": "Won", "lists": {"groups": [{"count": 2, "type": "created", "items": []}]}, "bio": ""}, {"id": "45450834", "photo": {"prefix": "https://igx.4sqi.net/img/user/", "suffix": "/MHV0Z3LGOOVRXYBJ.jpg"}, "homeCity": "Singapore ", "contact": {"facebook": "100001106507951", "twitter": "preciouss_belle"}, "firstName": "Bell", "tips": {"count": 0}, "gender": "female", "lastName": "Ling", "lists": {"groups": [{"count": 3, "type": "created", "items": []}]}, "bio": ""}, {"id": "58121652", "photo": {"prefix": "https://igx.4sqi.net/img/user/", "default": true, "suffix": "/blank_girl.png"}, "homeCity": "Singapore, 00", "contact": {"facebook": "783770041746361"}, "firstName": "Michelle", "tips": {"count": 0}, "gender": "female", "lastName": "Narak", "lists": {"groups": [{"count": 2, "type": "created", "items": []}]}, "bio": ""}]}, "checksum": "c2125c5b8dd7aa866629ca4894ef0b4ba4ebaa58"}}