{"notifications": [{"type": "notificationTray", "item": {"unreadCount": 0}}], "response": {"friends": {"items": [{"tips": {"count": 5}, "contact": {"twitter": "gitosabata"}, "firstName": "gito", "gender": "male", "lastName": "sabata", "id": "1097236", "bio": "", "photo": {"prefix": "https://igx.4sqi.net/img/user/", "suffix": "/ROD0PI35AKGVDCGT.jpg"}, "homeCity": "Jakarta, Indonesia", "lists": {"groups": [{"items": [], "count": 2, "type": "created"}]}}, {"tips": {"count": 0}, "contact": {"twitter": "mariokesaulja", "facebook": "1110130225"}, "firstName": "Mario", "gender": "male", "lastName": "Kesaulja", "id": "4332644", "bio": "", "photo": {"prefix": "https://igx.4sqi.net/img/user/", "suffix": "/3O1AKKZUYSJKUAYM.jpg"}, "homeCity": "Jakarta, Indonesia", "lists": {"groups": [{"items": [], "count": 2, "type": "created"}]}}, {"tips": {"count": 11}, "contact": {"twitter": "christinedjo", "facebook": "740879150"}, "firstName": "christine", "gender": "female", "lastName": "djoharsyah", "id": "1198262", "bio": "", "photo": {"prefix": "https://igx.4sqi.net/img/user/", "suffix": "/1198262-Z1OK0XMK4RCTJ0ZW.jpg"}, "homeCity": "West Jakarta, Jakarta Capital Regi", "lists": {"groups": [{"items": [], "count": 2, "type": "created"}]}}, {"tips": {"count": 31}, "contact": {"twitter": "herdisul"}, "firstName": "herdi", "gender": "male", "lastName": "sularko", "id": "1238717", "bio": "", "photo": {"prefix": "https://igx.4sqi.net/img/user/", "suffix": "/N0ZYFMFEKIVULPWP.jpg"}, "homeCity": "Jakarta, Indonesia", "lists": {"groups": [{"items": [], "count": 2, "type": "created"}]}}, {"tips": {"count": 0}, "contact": {"twitter": "3zr", "facebook": "1327989645"}, "firstName": "Henry", "gender": "male", "lastName": "Ong", "id": "1332958", "bio": "", "photo": {"prefix": "https://igx.4sqi.net/img/user/", "suffix": "/AJKEVKUWIKKJBIJR.jpg"}, "homeCity": "Cirebon", "lists": {"groups": [{"items": [], "count": 2, "type": "created"}]}}, {"tips": {"count": 1}, "contact": {"twitter": "yulioctavia", "facebook": "1313077150"}, "firstName": "Yuli", "gender": "female", "lastName": "Octavia", "id": "1344024", "bio": "", "photo": {"prefix": "https://igx.4sqi.net/img/user/", "suffix": "/M2L5ONWKNDD2TKXM.jpg"}, "homeCity": "Jakarta, Indonesia", "lists": {"groups": [{"items": [], "count": 2, "type": "created"}]}}, {"tips": {"count": 6}, "contact": {"twitter": "justmey", "facebook": "636514751"}, "firstName": "Meyna", "gender": "female", "lastName": "Sari", "id": "1376862", "bio": "", "photo": {"prefix": "https://igx.4sqi.net/img/user/", "suffix": "/blank_girl.png", "default": true}, "homeCity": "Serpong", "lists": {"groups": [{"items": [], "count": 2, "type": "created"}]}}, {"tips": {"count": 19}, "contact": {"twitter": "yunicai", "facebook": "785918780"}, "firstName": "Yuni", "gender": "female", "lastName": "Cai", "id": "1422164", "bio": "", "photo": {"prefix": "https://igx.4sqi.net/img/user/", "suffix": "/HXYGPCXQILVTMYCU.jpg"}, "homeCity": "Banyumas, Jawa Tengah", "lists": {"groups": [{"items": [], "count": 2, "type": "created"}]}}, {"tips": {"count": 2}, "contact": {"twitter": "tiaratilaar", "facebook": "1565769208"}, "firstName": "Tiara", "gender": "female", "lastName": "T.", "id": "5482556", "bio": "", "photo": {"prefix": "https://igx.4sqi.net/img/user/", "suffix": "/RBUYQZUW1UV1IAAO.jpg"}, "homeCity": "Jakarta, Indonesia", "lists": {"groups": [{"items": [], "count": 4, "type": "created"}]}}, {"tips": {"count": 1}, "contact": {"twitter": "stdelano", "facebook": "664562630"}, "firstName": "Steven", "gender": "male", "lastName": "Delano", "id": "2288138", "bio": "", "photo": {"prefix": "https://igx.4sqi.net/img/user/", "suffix": "/ST2V1J21ZIL3RD2K.jpg"}, "homeCity": "Jakarta Capital Region, Jakarta Capital Regi", "lists": {"groups": [{"items": [], "count": 2, "type": "created"}]}}, {"tips": {"count": 0}, "contact": {"twitter": "allermaemma"}, "firstName": "allerma", "gender": "female", "id": "1167354", "bio": "", "photo": {"prefix": "https://igx.4sqi.net/img/user/", "suffix": "/05TEQR4NTIXIRR41.jpg"}, "homeCity": "Jakarta Capital Region, Jakarta Capital Regi", "lists": {"groups": [{"items": [], "count": 2, "type": "created"}]}}, {"tips": {"count": 0}, "contact": {}, "firstName": "sandy", "gender": "male", "lastName": "ong", "id": "1222755", "bio": "", "photo": {"prefix": "https://igx.4sqi.net/img/user/", "suffix": "/ZBPDIFPXJLM0GQV2.jpg"}, "homeCity": "Serpong, Banten", "lists": {"groups": [{"items": [], "count": 2, "type": "created"}]}}, {"tips": {"count": 3}, "contact": {"twitter": "missfieling", "facebook": "609453960"}, "firstName": "Fie Ling", "gender": "female", "lastName": "Setiawan", "id": "1742415", "bio": "", "photo": {"prefix": "https://igx.4sqi.net/img/user/", "suffix": "/W0K3OMTIDSJ0I51C.jpg"}, "homeCity": "Singaraja, Bali", "lists": {"groups": [{"items": [], "count": 2, "type": "created"}]}}, {"tips": {"count": 0}, "contact": {"facebook": "1163986833"}, "firstName": "Lydia", "gender": "female", "lastName": "Sutandar", "id": "986732", "bio": "", "photo": {"prefix": "https://igx.4sqi.net/img/user/", "suffix": "/GXJJY5B4RSY2JNFI.jpg"}, "homeCity": "North Sulawesi", "lists": {"groups": [{"items": [], "count": 2, "type": "created"}]}}, {"tips": {"count": 6}, "contact": {}, "firstName": "naoy", "gender": "female", "lastName": "winaga", "id": "1778703", "bio": "", "photo": {"prefix": "https://igx.4sqi.net/img/user/", "suffix": "/21KJR3JL3B0X35BE.jpg"}, "homeCity": "Tangerang, Indonesia", "lists": {"groups": [{"items": [], "count": 2, "type": "created"}]}}, {"tips": {"count": 3}, "contact": {}, "firstName": "Martin", "gender": "male", "lastName": "Haendra Nata", "id": "1461780", "bio": "", "photo": {"prefix": "https://igx.4sqi.net/img/user/", "suffix": "/AYNCJRDFJLLQKXQH.jpg"}, "homeCity": "Jakarta Capital Region, Jakarta Capital Regi", "lists": {"groups": [{"items": [], "count": 2, "type": "created"}]}}, {"tips": {"count": 0}, "contact": {"twitter": "louispardinata", "facebook": "757476793"}, "firstName": "Louis", "gender": "male", "lastName": "Pardinata", "id": "2146728", "bio": "Beyond ideas of right and wrong doing, there is field. I'll meet you there.", "photo": {"prefix": "https://igx.4sqi.net/img/user/", "suffix": "/J2WUX0DUBWOPFQCE.jpg"}, "homeCity": "Jakarta, ID", "lists": {"groups": [{"items": [], "count": 2, "type": "created"}]}}, {"tips": {"count": 5}, "contact": {"twitter": "adityateja", "facebook": "780634694"}, "firstName": "Aditya", "gender": "male", "lastName": "Teja", "id": "1131825", "bio": "", "photo": {"prefix": "https://igx.4sqi.net/img/user/", "suffix": "/SFNYXUUU4VH3KB5N.jpg"}, "homeCity": "Jakarta Capital Region, Jakarta Capital Regi", "lists": {"groups": [{"items": [], "count": 2, "type": "created"}]}}, {"tips": {"count": 0}, "contact": {"twitter": "irmahelena"}, "firstName": "helena", "gender": "female", "lastName": "irma", "id": "2763034", "bio": "", "photo": {"prefix": "https://igx.4sqi.net/img/user/", "suffix": "/YTIFNDDHOQGWYA1A.jpg"}, "homeCity": "Indonesia", "lists": {"groups": [{"items": [], "count": 2, "type": "created"}]}}, {"tips": {"count": 0}, "contact": {"twitter": "thebodyshopindo", "facebook": "1497888008"}, "firstName": "The Body Shop", "gender": "female", "lastName": "Indonesia", "id": "1306139", "bio": "", "photo": {"prefix": "https://igx.4sqi.net/img/user/", "suffix": "/P5JGONPTXRSJGVFX.jpg"}, "homeCity": "Jakarta, Indonesia", "lists": {"groups": [{"items": [], "count": 2, "type": "created"}]}}, {"tips": {"count": 9}, "contact": {}, "firstName": "Stephanus", "gender": "male", "lastName": "Suryawan", "id": "1356220", "bio": "", "photo": {"prefix": "https://igx.4sqi.net/img/user/", "suffix": "/UCWAY1QKKCFHZZN2.jpg"}, "homeCity": "Jakarta Capital Region, Jakarta Capital Regi", "lists": {"groups": [{"items": [], "count": 2, "type": "created"}]}}, {"tips": {"count": 1}, "contact": {"twitter": "hermawan_2010", "facebook": "752569904"}, "firstName": "Hermawan", "gender": "male", "id": "4470967", "bio": "", "photo": {"prefix": "https://igx.4sqi.net/img/user/", "suffix": "/blank_boy.png", "default": true}, "homeCity": "Jakarta, Indonesia", "lists": {"groups": [{"items": [], "count": 2, "type": "created"}]}}, {"tips": {"count": 0}, "contact": {}, "firstName": "Stefany", "gender": "female", "lastName": "Febrianti", "id": "1590140", "bio": "", "photo": {"prefix": "https://igx.4sqi.net/img/user/", "suffix": "/3VDSWPRI3GQ1JL2S.jpg"}, "homeCity": "Southend-on-Sea, UK", "lists": {"groups": [{"items": [], "count": 2, "type": "created"}]}}, {"tips": {"count": 9}, "contact": {"facebook": "669756177"}, "firstName": "Willy", "gender": "male", "lastName": "Handali", "id": "1245986", "bio": "", "photo": {"prefix": "https://igx.4sqi.net/img/user/", "suffix": "/1245986-QAVFIY0Q2SIF15EA.jpg"}, "homeCity": "Jakarta, Indonesia", "lists": {"groups": [{"items": [], "count": 2, "type": "created"}]}}, {"tips": {"count": 0}, "contact": {}, "firstName": "Slamet", "gender": "male", "lastName": "Hariyanto", "id": "3768416", "bio": "", "photo": {"prefix": "https://igx.4sqi.net/img/user/", "suffix": "/QYJHNCAHPAZQYS24.jpg"}, "homeCity": "New York, NY", "lists": {"groups": [{"items": [], "count": 2, "type": "created"}]}}, {"tips": {"count": 0}, "contact": {"facebook": "698251945"}, "firstName": "Yessie", "gender": "female", "lastName": "Setiawan", "id": "6463868", "bio": "", "photo": {"prefix": "https://igx.4sqi.net/img/user/", "suffix": "/0V12OTJES15RCKNF.jpg"}, "homeCity": "Indonesia", "lists": {"groups": [{"items": [], "count": 2, "type": "created"}]}}, {"tips": {"count": 0}, "contact": {"twitter": "eyi_angelson", "facebook": "1673227835"}, "firstName": "Share", "gender": "female", "lastName": "Lee", "id": "5733601", "bio": "", "photo": {"prefix": "https://igx.4sqi.net/img/user/", "suffix": "/BIA5M4Y3KVMHVYK0.jpg"}, "homeCity": "Lampung, Indonesia", "lists": {"groups": [{"items": [], "count": 2, "type": "created"}]}}, {"tips": {"count": 3}, "contact": {"facebook": "552658631"}, "firstName": "Silvana", "gender": "female", "lastName": "Senjaya", "id": "2292187", "bio": "", "photo": {"prefix": "https://igx.4sqi.net/img/user/", "suffix": "/SHOECB0VIKZHX4KI.jpg"}, "homeCity": "Jakarta Selatan, Indonesia", "lists": {"groups": [{"items": [], "count": 3, "type": "created"}]}}, {"tips": {"count": 0}, "contact": {}, "firstName": "Ryandi", "gender": "male", "lastName": "Kurniawan", "id": "1577042", "bio": "", "photo": {"prefix": "https://igx.4sqi.net/img/user/", "suffix": "/1577042-5AMHBZS12MACHZUL.jpg"}, "homeCity": "Jakarta Capital Region, Jakarta Capital Regi", "lists": {"groups": [{"items": [], "count": 2, "type": "created"}]}}, {"tips": {"count": 9}, "contact": {"twitter": "agiestha", "facebook": "100001112938825"}, "firstName": "Rebecca", "gender": "female", "lastName": "Agiestha", "id": "1231919", "bio": "", "photo": {"prefix": "https://igx.4sqi.net/img/user/", "suffix": "/1231919-DYDZKN3CPRIDHJEC.jpg"}, "homeCity": "Jakarta, Indonesia", "lists": {"groups": [{"items": [], "count": 2, "type": "created"}]}}, {"tips": {"count": 1}, "contact": {"twitter": "dd_3173", "facebook": "526786148"}, "firstName": "Dede", "gender": "male", "lastName": "Andryan", "id": "5034329", "bio": "", "photo": {"prefix": "https://igx.4sqi.net/img/user/", "suffix": "/JK4VJODPCUIK2F13.jpg"}, "homeCity": "Jakarta, Indonesia", "lists": {"groups": [{"items": [], "count": 2, "type": "created"}]}}, {"tips": {"count": 1}, "contact": {"twitter": "p33m", "facebook": "1044237231"}, "firstName": "Dhany", "gender": "male", "lastName": "Peem", "id": "988956", "bio": "", "photo": {"prefix": "https://igx.4sqi.net/img/user/", "suffix": "/M1WFQJJV2KATHZY3.jpg"}, "homeCity": "Jakarta Selatan", "lists": {"groups": [{"items": [], "count": 2, "type": "created"}]}}, {"tips": {"count": 0}, "contact": {"twitter": "petermailool", "facebook": "680745756"}, "firstName": "Peter", "gender": "male", "lastName": "Mailool", "id": "1562873", "bio": "", "photo": {"prefix": "https://igx.4sqi.net/img/user/", "suffix": "/XZNEZRHZ3N4MK3I0.jpg"}, "homeCity": "South Jakarta, Jakarta Capital Regi", "lists": {"groups": [{"items": [], "count": 2, "type": "created"}]}}, {"tips": {"count": 4}, "contact": {"twitter": "zyra_jean", "facebook": "10153590512664546"}, "firstName": "Jeanny", "gender": "female", "id": "4217372", "bio": "", "photo": {"prefix": "https://igx.4sqi.net/img/user/", "suffix": "/XZZQ3DMCASLHGJBZ.jpg"}, "homeCity": "Bari, Italy", "lists": {"groups": [{"items": [], "count": 2, "type": "created"}]}}, {"tips": {"count": 0}, "contact": {"twitter": "sharon_chev"}, "firstName": "Sharon", "gender": "female", "lastName": "C", "id": "1186403", "bio": "", "photo": {"prefix": "https://igx.4sqi.net/img/user/", "suffix": "/blank_girl.png", "default": true}, "homeCity": "Serpong, Bantam", "lists": {"groups": [{"items": [], "count": 2, "type": "created"}]}}, {"tips": {"count": 0}, "contact": {"twitter": "viro_joker"}, "firstName": "joker", "gender": "male", "lastName": "viro", "id": "2865214", "bio": "", "photo": {"prefix": "https://igx.4sqi.net/img/user/", "suffix": "/BU5NKXPBOHC32YOO.jpg"}, "homeCity": "Jakarta, Indonesia", "lists": {"groups": [{"items": [], "count": 2, "type": "created"}]}}, {"tips": {"count": 11}, "contact": {"twitter": "yohanespeter", "facebook": "594129763"}, "firstName": "Yohanes Peter", "gender": "male", "lastName": "Wijaya", "id": "1483295", "bio": "a Servant, a Husband, a Father, a Leader, a Worker, part of Hawley & Hazel family, a big fans of ManUtd, an \uf8ff ambassador, junior AV Geek and a Noodle's Lover!!", "photo": {"prefix": "https://igx.4sqi.net/img/user/", "suffix": "/1483295-0GVRHGM1UXQLHHN3.jpg"}, "homeCity": "Jakarta", "lists": {"groups": [{"items": [], "count": 3, "type": "created"}]}}, {"tips": {"count": 2}, "contact": {"twitter": "evapasti", "facebook": "714855557"}, "firstName": "eva", "gender": "female", "lastName": "pasti", "id": "1357227", "bio": "", "photo": {"prefix": "https://igx.4sqi.net/img/user/", "suffix": "/N1YEHDPDCDQEMU1R.jpg"}, "homeCity": "Curug, Bantam", "lists": {"groups": [{"items": [], "count": 2, "type": "created"}]}}, {"tips": {"count": 1}, "contact": {"twitter": "ezra1608", "facebook": "1798344128"}, "firstName": "Ezra", "gender": "male", "lastName": "Prawira", "id": "4553945", "bio": "", "photo": {"prefix": "https://igx.4sqi.net/img/user/", "suffix": "/4553945-LD24BHNB0UW342M2.jpg"}, "homeCity": "Jakarta", "lists": {"groups": [{"items": [], "count": 2, "type": "created"}]}}, {"tips": {"count": 20}, "contact": {"twitter": "robertfatso", "facebook": "1215494149"}, "firstName": "Robert", "gender": "male", "lastName": "Fatso", "id": "1591083", "bio": "", "photo": {"prefix": "https://igx.4sqi.net/img/user/", "suffix": "/EWAJGSBPP1MEYPJH.jpg"}, "homeCity": "Jakarta, Indonesia", "lists": {"groups": [{"items": [], "count": 2, "type": "created"}]}}, {"tips": {"count": 0}, "contact": {"facebook": "650997443"}, "firstName": "Lusi", "gender": "female", "lastName": "Tan", "id": "5838924", "bio": "", "photo": {"prefix": "https://igx.4sqi.net/img/user/", "suffix": "/NMD4HJZG2GIQ1QIJ.jpg"}, "homeCity": "Bandung, Indonesia", "lists": {"groups": [{"items": [], "count": 2, "type": "created"}]}}, {"tips": {"count": 3}, "contact": {"twitter": "luckygolden2608", "facebook": "561598238"}, "firstName": "Lucky", "gender": "male", "lastName": "Golden", "id": "2704558", "bio": "", "photo": {"prefix": "https://igx.4sqi.net/img/user/", "suffix": "/AVXLUPPW1F53REY1.jpg"}, "homeCity": "Tangerang, Indonesia", "lists": {"groups": [{"items": [], "count": 3, "type": "created"}]}}, {"tips": {"count": 13}, "contact": {"twitter": "ryanpunya", "facebook": "10153197316744646"}, "firstName": "Ryan", "gender": "male", "lastName": "Kristomuljono", "id": "1233703", "bio": "", "photo": {"prefix": "https://igx.4sqi.net/img/user/", "suffix": "/EDY04DTPZBV1DHJZ.jpg"}, "homeCity": "jakarta, Indonesia", "lists": {"groups": [{"items": [], "count": 2, "type": "created"}]}}, {"tips": {"count": 2}, "contact": {"twitter": "talita_anggreni"}, "firstName": "Talita", "gender": "female", "lastName": "Anggreni", "id": "1074891", "bio": "", "photo": {"prefix": "https://igx.4sqi.net/img/user/", "suffix": "/VECUCYWRYOEI0DJQ.jpg"}, "homeCity": "Jakarta Capital Region, Jakarta Capital Regi", "lists": {"groups": [{"items": [], "count": 2, "type": "created"}]}}, {"tips": {"count": 6}, "contact": {"twitter": "alvfernando", "facebook": "1666532062"}, "firstName": "Alvin", "gender": "male", "lastName": "Fernando", "id": "1728599", "bio": "", "photo": {"prefix": "https://igx.4sqi.net/img/user/", "suffix": "/QXNHQAC5YCMZQC2F.jpg"}, "homeCity": "Jakarta, Indonesia", "lists": {"groups": [{"items": [], "count": 2, "type": "created"}]}}, {"tips": {"count": 8}, "contact": {"twitter": "andytjokro", "facebook": "573002788"}, "firstName": "Andy", "gender": "male", "lastName": "Tjokro", "id": "1320290", "bio": "", "photo": {"prefix": "https://igx.4sqi.net/img/user/", "suffix": "/2MEU4ITQWBUCSN0M.jpg"}, "homeCity": "Jakarta, Indonesia", "lists": {"groups": [{"items": [], "count": 2, "type": "created"}]}}, {"tips": {"count": 0}, "contact": {"facebook": "760537902"}, "firstName": "Mayz", "gender": "female", "lastName": "Sky", "id": "3045849", "bio": "", "photo": {"prefix": "https://igx.4sqi.net/img/user/", "suffix": "/1EBFOEXU4FLV52TG.jpg"}, "homeCity": "Bandung, Indonesia", "lists": {"groups": [{"items": [], "count": 2, "type": "created"}]}}, {"tips": {"count": 2}, "contact": {"twitter": "yosua_kurnia", "facebook": "542628050"}, "firstName": "Yosua", "gender": "male", "lastName": "Kurnia", "id": "1491082", "bio": "", "photo": {"prefix": "https://igx.4sqi.net/img/user/", "suffix": "/RFMXZENP4DZR5XGR.jpg"}, "homeCity": "Cimone, Tangerang", "lists": {"groups": [{"items": [], "count": 2, "type": "created"}]}}, {"tips": {"count": 0}, "contact": {"twitter": "gizlidia"}, "firstName": "Gisela", "gender": "female", "lastName": "Lidia", "id": "1592186", "bio": "", "photo": {"prefix": "https://igx.4sqi.net/img/user/", "suffix": "/2WSNKUZMBSPR4GH3.jpg"}, "homeCity": "Jakara", "lists": {"groups": [{"items": [], "count": 2, "type": "created"}]}}, {"tips": {"count": 0}, "contact": {"twitter": "johntjai", "facebook": "1652863587"}, "firstName": "Johndry", "gender": "male", "lastName": "Tjai", "id": "3576827", "bio": "", "photo": {"prefix": "https://igx.4sqi.net/img/user/", "suffix": "/BAIMO4SP14ONPDHP.jpg"}, "homeCity": "Siantar", "lists": {"groups": [{"items": [], "count": 2, "type": "created"}]}}, {"tips": {"count": 1}, "contact": {"twitter": "vanoberry", "facebook": "1602262658"}, "firstName": "Fendy", "gender": "male", "id": "1610991", "bio": "", "photo": {"prefix": "https://igx.4sqi.net/img/user/", "suffix": "/IV3BLOQCWV4ASAB0.jpg"}, "homeCity": "Jakarta", "lists": {"groups": [{"items": [], "count": 2, "type": "created"}]}}, {"tips": {"count": 3}, "contact": {"twitter": "benef1ts"}, "firstName": "Benefit", "gender": "male", "lastName": "Supriadi", "id": "1083755", "bio": "", "photo": {"prefix": "https://igx.4sqi.net/img/user/", "suffix": "/5QW31CV3ZEOU5VOC.jpg"}, "homeCity": "Jakarta", "lists": {"groups": [{"items": [], "count": 2, "type": "created"}]}}, {"tips": {"count": 0}, "contact": {"twitter": "luvlytria", "facebook": "821979559"}, "firstName": "Tria", "gender": "female", "lastName": "Limoa", "id": "1953277", "bio": "", "photo": {"prefix": "https://igx.4sqi.net/img/user/", "suffix": "/YBVXLKJMEI0LDLBO.jpg"}, "homeCity": "Kendari, Sulawesi Tenggara", "lists": {"groups": [{"items": [], "count": 2, "type": "created"}]}}, {"tips": {"count": 0}, "contact": {"facebook": "670473463"}, "firstName": "Shinta", "gender": "female", "lastName": "Dewi", "id": "1322339", "bio": "", "photo": {"prefix": "https://igx.4sqi.net/img/user/", "suffix": "/4F0KNXNQ4113OCJR.jpg"}, "homeCity": "jakarta", "lists": {"groups": [{"items": [], "count": 2, "type": "created"}]}}, {"tips": {"count": 0}, "contact": {"twitter": "mamasamuel", "facebook": "532028462"}, "firstName": "Aloysia", "gender": "female", "lastName": "Fitri", "id": "3201152", "bio": "", "photo": {"prefix": "https://igx.4sqi.net/img/user/", "suffix": "/AV35Y535PT0PMZJJ.jpg"}, "homeCity": "Jakarta, Indonesia", "lists": {"groups": [{"items": [], "count": 2, "type": "created"}]}}, {"tips": {"count": 0}, "contact": {"twitter": "jovankajilly", "facebook": "1296442203"}, "firstName": "jovanka", "gender": "female", "lastName": "jilly", "id": "1499589", "bio": "", "photo": {"prefix": "https://igx.4sqi.net/img/user/", "suffix": "/TY3YGUA03Y1FWRRT.jpg"}, "homeCity": "Jakarta, Indonesia", "lists": {"groups": [{"items": [], "count": 2, "type": "created"}]}}, {"tips": {"count": 0}, "contact": {"twitter": "michellechrisv", "facebook": "1067577086"}, "firstName": "Michelle", "gender": "female", "lastName": "Chrisvita", "id": "2107299", "bio": "", "photo": {"prefix": "https://igx.4sqi.net/img/user/", "suffix": "/UBFPXCUAY0RNFKRT.jpg"}, "homeCity": "Jakarta, Indonesia", "lists": {"groups": [{"items": [], "count": 2, "type": "created"}]}}, {"tips": {"count": 6}, "contact": {"twitter": "look_hendy", "facebook": "100003733218642"}, "firstName": "Luke Hendy", "gender": "male", "lastName": "Septian", "id": "3657482", "bio": "", "photo": {"prefix": "https://igx.4sqi.net/img/user/", "suffix": "/BBBURGEIVWQJFC4U.jpg"}, "homeCity": "Jakarta", "lists": {"groups": [{"items": [], "count": 2, "type": "created"}]}}, {"tips": {"count": 0}, "contact": {"twitter": "strawiekeberry", "facebook": "562964696"}, "firstName": "Wieke", "gender": "female", "lastName": "Agustina", "id": "2526279", "bio": "", "photo": {"prefix": "https://igx.4sqi.net/img/user/", "suffix": "/L3AEGVDR5WWRG0OI.jpg"}, "homeCity": "Jakarta, Indonesia", "lists": {"groups": [{"items": [], "count": 2, "type": "created"}]}}, {"tips": {"count": 0}, "contact": {"twitter": "andirtandean", "facebook": "743972450"}, "firstName": "Andir", "gender": "male", "lastName": "Tandean", "id": "1515759", "bio": "", "photo": {"prefix": "https://igx.4sqi.net/img/user/", "suffix": "/E3WY1ZUTJFKK4TGY.jpg"}, "homeCity": "Jakarta, jakarta pusat", "lists": {"groups": [{"items": [], "count": 2, "type": "created"}]}}, {"tips": {"count": 1}, "contact": {"twitter": "jesslynbianca", "facebook": "1415946016"}, "firstName": "Jesslyn", "gender": "female", "lastName": "Bianca", "id": "1965553", "bio": "", "photo": {"prefix": "https://igx.4sqi.net/img/user/", "suffix": "/F5WSUAI53BAIE4TA.jpg"}, "homeCity": "Jakarta Capital Region, Jakarta Capital Regi", "lists": {"groups": [{"items": [], "count": 2, "type": "created"}]}}, {"tips": {"count": 0}, "contact": {"twitter": "reteresa", "facebook": "518155507"}, "firstName": "Regina", "gender": "female", "lastName": "Teresa", "id": "1403279", "bio": "", "photo": {"prefix": "https://igx.4sqi.net/img/user/", "suffix": "/1403279-V0QHMPPZZLXOLKT5.jpg"}, "homeCity": "Jakarta, Indonesia ", "lists": {"groups": [{"items": [], "count": 2, "type": "created"}]}}, {"tips": {"count": 0}, "contact": {}, "firstName": "debora", "gender": "female", "lastName": "hartono", "id": "3508766", "bio": "", "photo": {"prefix": "https://igx.4sqi.net/img/user/", "suffix": "/QP0C5KPOCZ3OXHCF.jpg"}, "homeCity": "Bandung, Indonesia", "lists": {"groups": [{"items": [], "count": 2, "type": "created"}]}}, {"tips": {"count": 1}, "contact": {"twitter": "reggy_gunawan", "facebook": "600652503"}, "firstName": "Reggy", "gender": "male", "lastName": "Gunawan", "id": "2154413", "bio": "", "photo": {"prefix": "https://igx.4sqi.net/img/user/", "suffix": "/NHNOYMETICAZ3QCU.jpg"}, "homeCity": "Bandung, Indonesia", "lists": {"groups": [{"items": [], "count": 2, "type": "created"}]}}, {"tips": {"count": 0}, "contact": {"twitter": "irenegent"}, "firstName": "Irene", "gender": "female", "lastName": "Santoso", "id": "2110063", "bio": "", "photo": {"prefix": "https://igx.4sqi.net/img/user/", "suffix": "/CKQWXWILEFYEHUCT.jpg"}, "homeCity": "Jakarta Capital Region, Jakarta Capital Regi", "lists": {"groups": [{"items": [], "count": 2, "type": "created"}]}}, {"tips": {"count": 0}, "contact": {"facebook": "100001756275494"}, "firstName": "jenny", "gender": "female", "lastName": "agustina", "id": "4663259", "bio": "", "photo": {"prefix": "https://igx.4sqi.net/img/user/", "suffix": "/KYXMKH4E0SBBKAY1.jpg"}, "homeCity": "Jakarta, Indonesia", "lists": {"groups": [{"items": [], "count": 2, "type": "created"}]}}, {"tips": {"count": 0}, "contact": {"twitter": "herlina_nana1", "facebook": "752833989"}, "firstName": "Herlina", "gender": "female", "lastName": "Lim", "id": "2895162", "bio": "", "photo": {"prefix": "https://igx.4sqi.net/img/user/", "suffix": "/SP3TYQRUT43B5Y2L.jpg"}, "homeCity": "New York, NY", "lists": {"groups": [{"items": [], "count": 2, "type": "created"}]}}, {"tips": {"count": 2}, "contact": {"twitter": "astridlestari", "facebook": "690555786"}, "firstName": "Astrid", "gender": "female", "lastName": "Lestari", "id": "3122952", "bio": "", "photo": {"prefix": "https://igx.4sqi.net/img/user/", "suffix": "/QCIXQV4JJ2LLTM2K.jpg"}, "homeCity": "Jakarta, Indonesia", "lists": {"groups": [{"items": [], "count": 2, "type": "created"}]}}, {"tips": {"count": 1}, "contact": {"twitter": "bustamin", "facebook": "1347625350"}, "firstName": "Bustamin", "gender": "male", "lastName": "Wijaya", "id": "1966376", "bio": "", "photo": {"prefix": "https://igx.4sqi.net/img/user/", "suffix": "/DW5DMKZ5OS3A2YQO.jpg"}, "homeCity": "Jakarta, Indonesia", "lists": {"groups": [{"items": [], "count": 2, "type": "created"}]}}, {"tips": {"count": 39}, "contact": {"twitter": "nodakopi", "facebook": "680615636"}, "firstName": "Renatha", "gender": "female", "lastName": "Matungga", "id": "1450239", "bio": "", "photo": {"prefix": "https://igx.4sqi.net/img/user/", "suffix": "/GXEFQPVZB1SOIPBK.jpg"}, "homeCity": "Tangerang, Banten", "lists": {"groups": [{"items": [], "count": 2, "type": "created"}]}}, {"tips": {"count": 0}, "contact": {"facebook": "670069301"}, "firstName": "Stella", "gender": "female", "lastName": "Ongkowijaya", "id": "3725908", "bio": "", "photo": {"prefix": "https://igx.4sqi.net/img/user/", "suffix": "/MIG02H5ZTKOHOP5D.jpg"}, "homeCity": "Jakarta, Indonesia", "lists": {"groups": [{"items": [], "count": 2, "type": "created"}]}}, {"tips": {"count": 0}, "contact": {"facebook": "750247665"}, "firstName": "Andre", "gender": "male", "lastName": "Gunawan", "id": "2927591", "bio": "", "photo": {"prefix": "https://igx.4sqi.net/img/user/", "suffix": "/MH4WPWUMLIPUGU2X.jpg"}, "homeCity": "Los Angeles, CA", "lists": {"groups": [{"items": [], "count": 2, "type": "created"}]}}, {"tips": {"count": 0}, "contact": {}, "firstName": "Tom", "gender": "male", "lastName": "Cat", "id": "3131617", "bio": "", "photo": {"prefix": "https://igx.4sqi.net/img/user/", "suffix": "/2VWSAPUBVGUIWLI1.jpg"}, "homeCity": "bandung", "lists": {"groups": [{"items": [], "count": 2, "type": "created"}]}}, {"tips": {"count": 1}, "contact": {"twitter": "mark_eldest", "facebook": "590738518"}, "firstName": "Mark", "gender": "male", "lastName": "Eldest", "id": "3339868", "bio": "", "photo": {"prefix": "https://igx.4sqi.net/img/user/", "suffix": "/LQKI3TQUJ0G0YPI0.jpg"}, "homeCity": "Jakarta, Indonesia", "lists": {"groups": [{"items": [], "count": 2, "type": "created"}]}}, {"tips": {"count": 1}, "contact": {"twitter": "hendry_yoi"}, "firstName": "Hendry", "gender": "male", "lastName": "Tjahjadi", "id": "1547488", "bio": "", "photo": {"prefix": "https://igx.4sqi.net/img/user/", "suffix": "/VKWIWFDSFVASFVBI.jpg"}, "homeCity": "London, UK", "lists": {"groups": [{"items": [], "count": 2, "type": "created"}]}}, {"tips": {"count": 1}, "contact": {"twitter": "f_adhitya", "facebook": "586957861"}, "firstName": "Fernandes", "gender": "male", "lastName": "Adhitya", "id": "3847747", "bio": "", "photo": {"prefix": "https://igx.4sqi.net/img/user/", "suffix": "/MMIAYF5XZ0TRD1JW.jpg"}, "homeCity": "Jakarta, Indonesia", "lists": {"groups": [{"items": [], "count": 2, "type": "created"}]}}, {"tips": {"count": 0}, "contact": {"twitter": "carlsjrid"}, "firstName": "Carl's Jr", "gender": "none", "lastName": "Indonesia", "id": "3525317", "bio": "", "photo": {"prefix": "https://igx.4sqi.net/img/user/", "suffix": "/GGUPF4Z0LBYQXJ0X.jpg"}, "homeCity": "San Diego, CA", "lists": {"groups": [{"items": [], "count": 2, "type": "created"}]}}, {"tips": {"count": 0}, "contact": {"twitter": "braydentine"}, "firstName": "Adelene", "gender": "female", "lastName": "Siagian", "id": "3337155", "bio": "", "photo": {"prefix": "https://igx.4sqi.net/img/user/", "suffix": "/PG4BTDXQ0MTJ3HNK.jpg"}, "homeCity": "Jakarta, Indonesia", "lists": {"groups": [{"items": [], "count": 2, "type": "created"}]}}, {"tips": {"count": 12}, "contact": {"twitter": "stevenjusin", "facebook": "100000246183280"}, "firstName": "Steven", "gender": "male", "lastName": "Jusin", "id": "3348243", "bio": "", "photo": {"prefix": "https://igx.4sqi.net/img/user/", "suffix": "/O4OTKVY0JSJBOJRW.jpg"}, "homeCity": "Jakarta, Indonesia", "lists": {"groups": [{"items": [], "count": 2, "type": "created"}]}}, {"tips": {"count": 125}, "contact": {"twitter": "yohnahuway", "facebook": "741863510"}, "firstName": "Yohannes", "gender": "male", "lastName": "Nahuway", "id": "1574868", "bio": "Road-Biking Pastor", "photo": {"prefix": "https://igx.4sqi.net/img/user/", "suffix": "/1574868-JR0E1FC05XSACGGP.jpg"}, "homeCity": "Jakarta, Indonesia", "lists": {"groups": [{"items": [], "count": 3, "type": "created"}]}}, {"tips": {"count": 0}, "contact": {"twitter": "vinsensialiedya", "facebook": "1608745775"}, "firstName": "Liedya", "gender": "female", "lastName": "Oktaviani", "id": "3857240", "bio": "", "photo": {"prefix": "https://igx.4sqi.net/img/user/", "suffix": "/4WKLXONBZQGPSZQK.jpg"}, "homeCity": "Indonesia", "lists": {"groups": [{"items": [], "count": 2, "type": "created"}]}}, {"tips": {"count": 0}, "contact": {"twitter": "isac_b", "facebook": "522458024"}, "firstName": "Isac", "gender": "male", "lastName": "Bolivar", "id": "3526607", "bio": "", "photo": {"prefix": "https://igx.4sqi.net/img/user/", "suffix": "/blank_boy.png", "default": true}, "homeCity": "Kew, Australia", "lists": {"groups": [{"items": [], "count": 2, "type": "created"}]}}, {"tips": {"count": 1}, "contact": {"facebook": "673139051"}, "firstName": "Stephanie", "gender": "female", "lastName": "Tan", "id": "4591034", "bio": "", "photo": {"prefix": "https://igx.4sqi.net/img/user/", "suffix": "/4591034-V5RKAWQFOYP3VSOA.jpg"}, "homeCity": "Bandung, Indonesia", "lists": {"groups": [{"items": [], "count": 2, "type": "created"}]}}, {"tips": {"count": 2}, "contact": {"twitter": "chyntia_tea"}, "firstName": "Chyntia", "gender": "female", "lastName": "Tea", "id": "1625947", "bio": "", "photo": {"prefix": "https://igx.4sqi.net/img/user/", "suffix": "/1625947-B1VZ5PIS4P4SZQ23.jpg"}, "homeCity": "Jakarta, Indonesia", "lists": {"groups": [{"items": [], "count": 2, "type": "created"}]}}, {"tips": {"count": 1}, "contact": {"twitter": "lina_cahyadi", "facebook": "10152669686639340"}, "firstName": "Lina", "gender": "female", "lastName": "Cahyadi", "id": "4011003", "bio": "", "photo": {"prefix": "https://igx.4sqi.net/img/user/", "suffix": "/2KXOGRB2YM5YI2FW.jpg"}, "homeCity": "Depok, Indonesia", "lists": {"groups": [{"items": [], "count": 2, "type": "created"}]}}, {"tips": {"count": 0}, "contact": {"twitter": "supermend"}, "firstName": "Mendy", "gender": "male", "lastName": "Gunawan", "id": "3629359", "bio": "", "photo": {"prefix": "https://igx.4sqi.net/img/user/", "suffix": "/Z1APIFRBGRMM2GUC.jpg"}, "homeCity": "Jakarta, Indonesia", "lists": {"groups": [{"items": [], "count": 2, "type": "created"}]}}, {"tips": {"count": 3}, "contact": {"facebook": "819453623"}, "firstName": "Angga", "gender": "male", "lastName": "Kencana", "id": "4935597", "bio": "", "photo": {"prefix": "https://igx.4sqi.net/img/user/", "suffix": "/4935597-Y3X4PWOGENO0R2PS.jpg"}, "homeCity": "Jakarta, Indonesia", "lists": {"groups": [{"items": [], "count": 2, "type": "created"}]}}, {"tips": {"count": 92}, "contact": {"twitter": "dmust1", "facebook": "1396565185"}, "firstName": "danny", "gender": "male", "lastName": "must", "id": "1720979", "bio": "", "photo": {"prefix": "https://igx.4sqi.net/img/user/", "suffix": "/1720979-SBP1JBLOMLAG3W04.jpg"}, "homeCity": "Jakarta, Indonesia", "lists": {"groups": [{"items": [], "count": 2, "type": "created"}]}}, {"tips": {"count": 0}, "contact": {"facebook": "1263791096"}, "firstName": "Kesia", "gender": "female", "lastName": "Sujoko", "id": "4772462", "bio": "", "photo": {"prefix": "https://igx.4sqi.net/img/user/", "suffix": "/4772462-YEDK1JPGETPDMCS0.jpg"}, "homeCity": "Jakarta, Indonesia", "lists": {"groups": [{"items": [], "count": 2, "type": "created"}]}}, {"tips": {"count": 5}, "contact": {"twitter": "jimmyjezzi", "facebook": "754568563"}, "firstName": "jimmyjezzi", "gender": "male", "id": "3633671", "bio": "Saxophonist player,,graphic designer and wedding planner.", "photo": {"prefix": "https://igx.4sqi.net/img/user/", "suffix": "/GEKCJJ4SCKOAS1DK.jpg"}, "homeCity": "Jakarta, Indonesia", "lists": {"groups": [{"items": [], "count": 2, "type": "created"}]}}, {"tips": {"count": 31}, "contact": {"twitter": "indrahw", "facebook": "635949050"}, "firstName": "Indra", "gender": "male", "lastName": "Hadiwidjaja", "id": "2060654", "bio": "", "photo": {"prefix": "https://igx.4sqi.net/img/user/", "suffix": "/Q1JZ2U2APHBHMR21.jpg"}, "homeCity": "Jakarta Capital Region, Jakarta Capital Regi", "lists": {"groups": [{"items": [], "count": 2, "type": "created"}]}}, {"tips": {"count": 0}, "contact": {"twitter": "christiangnwan"}, "firstName": "Christian", "gender": "male", "lastName": "Gunawan", "id": "3933479", "bio": "", "photo": {"prefix": "https://igx.4sqi.net/img/user/", "suffix": "/TXPDZU3CJAI4CDHS.jpg"}, "homeCity": "Jakarta, Indonesia", "lists": {"groups": [{"items": [], "count": 2, "type": "created"}]}}, {"tips": {"count": 4}, "contact": {"twitter": "sky_valiant", "facebook": "1197248660"}, "firstName": "Erwin", "gender": "male", "lastName": "Widjaja", "id": "2088723", "bio": "", "photo": {"prefix": "https://igx.4sqi.net/img/user/", "suffix": "/JCKUSAOIFXEOYOKG.jpg"}, "homeCity": "Jakarta, Indonesia", "lists": {"groups": [{"items": [], "count": 3, "type": "created"}]}}, {"tips": {"count": 0}, "contact": {"twitter": "marcellajovita", "facebook": "1588215229"}, "firstName": "Marcella", "gender": "female", "lastName": "Jovita", "id": "2171370", "bio": "", "photo": {"prefix": "https://igx.4sqi.net/img/user/", "suffix": "/BVY0WGVTOXCCVEBN.jpg"}, "homeCity": "Jakarta, Indonesia", "lists": {"groups": [{"items": [], "count": 2, "type": "created"}]}}, {"tips": {"count": 14}, "contact": {}, "firstName": "Yeni Chen", "gender": "none", "id": "2329231", "bio": "", "photo": {"prefix": "https://igx.4sqi.net/img/user/", "suffix": "/FQUGBFCIUUFWI1I5.jpg"}, "homeCity": "", "lists": {"groups": [{"items": [], "count": 2, "type": "created"}]}}, {"tips": {"count": 5}, "contact": {"twitter": "chatarina_lyan", "facebook": "1366489015"}, "firstName": "Lyan", "gender": "female", "lastName": "Judistira", "id": "2404464", "bio": "", "photo": {"prefix": "https://igx.4sqi.net/img/user/", "suffix": "/SBRHD0WQ0MUTTSZB.jpg"}, "homeCity": "Serpong, Banten", "lists": {"groups": [{"items": [], "count": 2, "type": "created"}]}}, {"tips": {"count": 0}, "contact": {"twitter": "cindydamayanti", "facebook": "1003000515"}, "firstName": "Cindy", "gender": "female", "lastName": "Damayanti", "id": "2575411", "bio": "", "photo": {"prefix": "https://igx.4sqi.net/img/user/", "suffix": "/QQ52F02UNDMJP35H.jpg"}, "homeCity": "Tangerang, Indonesia", "lists": {"groups": [{"items": [], "count": 2, "type": "created"}]}}, {"tips": {"count": 0}, "contact": {"twitter": "cynthiawijayaa"}, "firstName": "cynthia", "gender": "female", "lastName": "wijaya", "id": "3370218", "bio": "", "photo": {"prefix": "https://igx.4sqi.net/img/user/", "suffix": "/XBMHM2WZGZI5XQBF.jpg"}, "homeCity": "Jakarta, Indonesia", "lists": {"groups": [{"items": [], "count": 2, "type": "created"}]}}, {"tips": {"count": 0}, "contact": {}, "firstName": "Aang", "gender": "male", "lastName": "Handanny", "id": "3684264", "bio": "", "photo": {"prefix": "https://igx.4sqi.net/img/user/", "suffix": "/1TLVOVPIMMNLBI4N.jpg"}, "homeCity": "Bandung, Indonesia", "lists": {"groups": [{"items": [], "count": 2, "type": "created"}]}}, {"tips": {"count": 22}, "contact": {"twitter": "4iex", "facebook": "1637477052"}, "firstName": "Willy", "gender": "male", "lastName": "Alexander", "id": "3974635", "bio": "", "photo": {"prefix": "https://igx.4sqi.net/img/user/", "suffix": "/MEPL04XZYOX3QNTY.jpg"}, "homeCity": "Jakarta, Indonesia", "lists": {"groups": [{"items": [], "count": 3, "type": "created"}]}}, {"tips": {"count": 0}, "contact": {}, "firstName": "Niki", "gender": "male", "lastName": "Henry", "id": "4601179", "bio": "", "photo": {"prefix": "https://igx.4sqi.net/img/user/", "suffix": "/blank_boy.png", "default": true}, "homeCity": "Jakarta, Indonesia", "lists": {"groups": [{"items": [], "count": 2, "type": "created"}]}}, {"tips": {"count": 13}, "contact": {"twitter": "jennifermuliadi", "facebook": "1212265191"}, "firstName": "Jennifer", "gender": "female", "lastName": "Muliadi", "id": "5230291", "bio": "", "photo": {"prefix": "https://igx.4sqi.net/img/user/", "suffix": "/3ZMQEDNQO0KRSBSM.jpg"}, "homeCity": "Tangerang, Indonesia", "lists": {"groups": [{"items": [], "count": 2, "type": "created"}]}}, {"tips": {"count": 0}, "contact": {"facebook": "651033432"}, "firstName": "Cecilia", "gender": "female", "lastName": "Elvina", "id": "6059287", "bio": "", "photo": {"prefix": "https://igx.4sqi.net/img/user/", "suffix": "/4PVSHDECMHREYHOO.jpg"}, "homeCity": "Jakarta, Indonesia", "lists": {"groups": [{"items": [], "count": 2, "type": "created"}]}}], "count": 203}, "checksum": "10b7197053ff4a2a290d53ebc1a1471479f3dafc"}, "meta": {"requestId": "596630114434b96bca36874f", "code": 200}}