{"notifications": [{"type": "notificationTray", "item": {"unreadCount": 0}}], "response": {"friends": {"items": [{"tips": {"count": 3}, "contact": {}, "firstName": "Aidil Deedee", "gender": "male", "lastName": "Dzulqarnain", "id": "4349731", "bio": "", "photo": {"prefix": "https://igx.4sqi.net/img/user/", "suffix": "/UIXFGDZ140SAPA32.jpg"}, "homeCity": "Singapore", "lists": {"groups": [{"items": [], "count": 2, "type": "created"}]}}, {"tips": {"count": 0}, "contact": {"twitter": "fizamasrom", "facebook": "548505796"}, "firstName": "fiza", "gender": "female", "lastName": "Masrom", "id": "7201685", "bio": "", "photo": {"prefix": "https://igx.4sqi.net/img/user/", "suffix": "/Q44QKDLKNQVBDSJN.jpg"}, "homeCity": "Singapore", "lists": {"groups": [{"items": [], "count": 2, "type": "created"}]}}, {"tips": {"count": 1}, "contact": {"twitter": "adinrasyid", "facebook": "10204159650688063"}, "firstName": "Adi", "gender": "male", "lastName": "Rasyid", "id": "37990117", "bio": "", "photo": {"prefix": "https://igx.4sqi.net/img/user/", "suffix": "/GJF42QCB033NGHP0.jpg"}, "homeCity": "D'ss Edar, Taman Sri Sutera, Alor Gajah, Melaka", "lists": {"groups": [{"items": [], "count": 3, "type": "created"}]}}, {"tips": {"count": 0}, "contact": {"facebook": "673918556"}, "firstName": "Mangkok", "gender": "male", "lastName": "Ajer", "id": "4292513", "bio": "", "photo": {"prefix": "https://igx.4sqi.net/img/user/", "suffix": "/DHQZIXR3XSI0SW4W.jpg"}, "homeCity": "Singapore", "lists": {"groups": [{"items": [], "count": 2, "type": "created"}]}}, {"tips": {"count": 0}, "contact": {"facebook": "1240432364"}, "firstName": "Haweez", "gender": "male", "lastName": "Yusoff", "id": "12997160", "bio": "", "photo": {"prefix": "https://igx.4sqi.net/img/user/", "suffix": "/X2RTMXFMJZWI1LYK.jpg"}, "homeCity": "Singapore", "lists": {"groups": [{"items": [], "count": 2, "type": "created"}]}}, {"tips": {"count": 0}, "contact": {"facebook": "686318703"}, "firstName": "Lukakizikita", "gender": "male", "lastName": "Alfie", "id": "5466088", "bio": "", "photo": {"prefix": "https://igx.4sqi.net/img/user/", "suffix": "/GMFUOZ2JDCTI2MMP.jpg"}, "homeCity": "Singapore", "lists": {"groups": [{"items": [], "count": 2, "type": "created"}]}}, {"tips": {"count": 0}, "contact": {"facebook": "685338211"}, "firstName": "Femma", "gender": "female", "lastName": "Kamsin", "id": "1614424", "bio": "", "photo": {"prefix": "https://igx.4sqi.net/img/user/", "suffix": "/FB4BAWAVEIL3RK5E.jpg"}, "homeCity": "Tampines, Singapore", "lists": {"groups": [{"items": [], "count": 2, "type": "created"}]}}, {"tips": {"count": 0}, "contact": {}, "firstName": "Stiarnina", "gender": "female", "lastName": "Fatim", "id": "4031943", "bio": "", "photo": {"prefix": "https://igx.4sqi.net/img/user/", "suffix": "/MXDV5TJZUI3XIUVE.jpg"}, "homeCity": "Singapore", "lists": {"groups": [{"items": [], "count": 2, "type": "created"}]}}, {"tips": {"count": 3}, "contact": {"facebook": "738068428"}, "firstName": "Neuk", "gender": "male", "id": "2917950", "bio": "", "photo": {"prefix": "https://igx.4sqi.net/img/user/", "suffix": "/JYNH5UN2AMTUCBWD.jpg"}, "homeCity": "Singapore", "lists": {"groups": [{"items": [], "count": 2, "type": "created"}]}}, {"tips": {"count": 0}, "contact": {"facebook": "646176017"}, "firstName": "Idrus.kassim", "gender": "male", "id": "1663530", "bio": "", "photo": {"prefix": "https://igx.4sqi.net/img/user/", "suffix": "/4EQLIFRCFPPELQOL.jpg"}, "homeCity": "Singapore", "lists": {"groups": [{"items": [], "count": 2, "type": "created"}]}}, {"tips": {"count": 1}, "contact": {"facebook": "749526730"}, "firstName": "Hil", "gender": "female", "lastName": "Lauder", "id": "4818815", "bio": "", "photo": {"prefix": "https://igx.4sqi.net/img/user/", "suffix": "/LT0FBQP4MJD51VTF.png"}, "homeCity": "Singapore", "lists": {"groups": [{"items": [], "count": 2, "type": "created"}]}}, {"tips": {"count": 0}, "contact": {"facebook": "745460208"}, "firstName": "Loh", "gender": "male", "lastName": "Shawn", "id": "3806230", "bio": "", "photo": {"prefix": "https://igx.4sqi.net/img/user/", "suffix": "/3CGVBBRNEHETRSZP.jpg"}, "homeCity": "Singapore", "lists": {"groups": [{"items": [], "count": 2, "type": "created"}]}}, {"tips": {"count": 3}, "contact": {"facebook": "566783923"}, "firstName": "Aril", "gender": "male", "lastName": "maRil", "id": "1964286", "bio": "", "photo": {"prefix": "https://igx.4sqi.net/img/user/", "suffix": "/FKUZUDCP2GEOSCL4.jpg"}, "homeCity": ", Singapore", "lists": {"groups": [{"items": [], "count": 2, "type": "created"}]}}, {"tips": {"count": 2}, "contact": {}, "firstName": "Annisa", "gender": "female", "lastName": "Zahra", "id": "788521", "bio": "", "photo": {"prefix": "https://igx.4sqi.net/img/user/", "suffix": "/0M3OVHRGNFQJXR1R.jpg"}, "homeCity": "Singapore, SG", "lists": {"groups": [{"items": [], "count": 2, "type": "created"}]}}, {"tips": {"count": 0}, "contact": {"facebook": "1559192422"}, "firstName": "Sobrie", "gender": "male", "lastName": "Mazelan", "id": "3174020", "bio": "", "photo": {"prefix": "https://igx.4sqi.net/img/user/", "suffix": "/BVZY02R5EV0RB14A.jpg"}, "homeCity": "Singapore", "lists": {"groups": [{"items": [], "count": 2, "type": "created"}]}}, {"tips": {"count": 0}, "contact": {"facebook": "1819170787"}, "firstName": "Jibby", "gender": "male", "lastName": "Jimny", "id": "32614483", "bio": "", "photo": {"prefix": "https://igx.4sqi.net/img/user/", "suffix": "/2CK32WAM1PFV2KG5.jpg"}, "homeCity": "Jantan Latino", "lists": {"groups": [{"items": [], "count": 2, "type": "created"}]}}, {"tips": {"count": 0}, "contact": {"twitter": "lockonstrats", "facebook": "866600640"}, "firstName": "Shahmi", "gender": "male", "lastName": "mi.", "id": "19688578", "bio": "", "photo": {"prefix": "https://igx.4sqi.net/img/user/", "suffix": "/UUD05LREU13KEADI.jpg"}, "homeCity": "Singapore", "lists": {"groups": [{"items": [], "count": 2, "type": "created"}]}}, {"tips": {"count": 10}, "contact": {"facebook": "100000176394973"}, "firstName": "Ogy", "gender": "male", "lastName": "Star", "id": "4843057", "bio": "", "photo": {"prefix": "https://igx.4sqi.net/img/user/", "suffix": "/05FULQEQAORDVI3W.jpg"}, "homeCity": "\"Sunny\" Singapura", "lists": {"groups": [{"items": [], "count": 2, "type": "created"}]}}, {"tips": {"count": 0}, "contact": {}, "firstName": "khalis", "gender": "male", "lastName": "blizzarts", "id": "7759904", "bio": "", "photo": {"prefix": "https://igx.4sqi.net/img/user/", "suffix": "/EGQ4VYXHVJNF433Z.jpg"}, "homeCity": "Singapore", "lists": {"groups": [{"items": [], "count": 2, "type": "created"}]}}, {"tips": {"count": 1}, "contact": {}, "firstName": "Nurhayati", "gender": "female", "lastName": "Abdul Rahman", "id": "7695966", "bio": "", "photo": {"prefix": "https://igx.4sqi.net/img/user/", "suffix": "/RSPI5AUNDOCEX1FI.jpg"}, "homeCity": "Singapore", "lists": {"groups": [{"items": [], "count": 2, "type": "created"}]}}, {"tips": {"count": 1}, "contact": {"facebook": "690454093"}, "firstName": "Rizal", "gender": "male", "lastName": "Suhaimi", "id": "16486557", "bio": "", "photo": {"prefix": "https://igx.4sqi.net/img/user/", "suffix": "/XIWD5OULHUBWFIDG.jpg"}, "homeCity": "Singapore", "lists": {"groups": [{"items": [], "count": 2, "type": "created"}]}}, {"tips": {"count": 0}, "contact": {"facebook": "701610804"}, "firstName": "Elidah", "gender": "none", "lastName": "Darkstarlight", "id": "5582155", "bio": "", "photo": {"prefix": "https://igx.4sqi.net/img/user/", "suffix": "/4YA1SESKYPWST41R.jpg"}, "homeCity": "Singapore", "lists": {"groups": [{"items": [], "count": 2, "type": "created"}]}}, {"tips": {"count": 2}, "contact": {"facebook": "640474820"}, "firstName": "Ameen", "gender": "male", "lastName": "Arcadia", "id": "2705673", "bio": "", "photo": {"prefix": "https://igx.4sqi.net/img/user/", "suffix": "/BDG1DSNPUT13TPIG.jpg"}, "homeCity": "Singapore", "lists": {"groups": [{"items": [], "count": 2, "type": "created"}]}}, {"tips": {"count": 0}, "contact": {}, "firstName": "Huzaifah", "gender": "none", "lastName": "Hussain", "id": "4576359", "bio": "", "photo": {"prefix": "https://igx.4sqi.net/img/user/", "suffix": "/blank_boy.png", "default": true}, "homeCity": "Singapore", "lists": {"groups": [{"items": [], "count": 2, "type": "created"}]}}, {"tips": {"count": 7}, "contact": {"facebook": "727499216"}, "firstName": "Hina", "gender": "female", "lastName": "Hikaru", "id": "3748936", "bio": "", "photo": {"prefix": "https://igx.4sqi.net/img/user/", "suffix": "/4IWKWNA4BYLLVFDX.jpg"}, "homeCity": "Hougang ", "lists": {"groups": [{"items": [], "count": 2, "type": "created"}]}}, {"tips": {"count": 0}, "contact": {}, "firstName": "Willie", "gender": "male", "lastName": "Lee", "id": "5936205", "bio": "", "photo": {"prefix": "https://igx.4sqi.net/img/user/", "suffix": "/blank_boy.png", "default": true}, "homeCity": "Singapore", "lists": {"groups": [{"items": [], "count": 2, "type": "created"}]}}, {"tips": {"count": 0}, "contact": {"facebook": "100000338104120"}, "firstName": "Idrus", "gender": "male", "lastName": "Anwar", "id": "3342446", "bio": "", "photo": {"prefix": "https://igx.4sqi.net/img/user/", "suffix": "/ICTAY15YJVVKT24G.jpg"}, "homeCity": "Singapore", "lists": {"groups": [{"items": [], "count": 2, "type": "created"}]}}, {"tips": {"count": 0}, "contact": {"twitter": "kengguan", "facebook": "668705684"}, "firstName": "Tan", "gender": "male", "lastName": "Keng Guan", "id": "1270008", "bio": "", "photo": {"prefix": "https://igx.4sqi.net/img/user/", "suffix": "/2JBBHUFYXJ5MDTLV.jpg"}, "homeCity": "Singapore", "lists": {"groups": [{"items": [], "count": 2, "type": "created"}]}}, {"tips": {"count": 1}, "contact": {"twitter": "staytonite", "facebook": "705751495"}, "firstName": "Arie", "gender": "male", "lastName": "Kemarie", "id": "3215360", "bio": "", "photo": {"prefix": "https://igx.4sqi.net/img/user/", "suffix": "/S0QLOFL514ABZRNG.jpg"}, "homeCity": "Singapore", "lists": {"groups": [{"items": [], "count": 2, "type": "created"}]}}, {"tips": {"count": 1}, "contact": {"facebook": "100000315910664"}, "firstName": "BliZz", "gender": "male", "lastName": "ARts", "id": "40271307", "bio": "", "photo": {"prefix": "https://igx.4sqi.net/img/user/", "suffix": "/40271307-DJ3E5ZRGIQUW5U44.jpg"}, "homeCity": "BliZz ARtS CRib", "lists": {"groups": [{"items": [], "count": 2, "type": "created"}]}}, {"tips": {"count": 0}, "contact": {"facebook": "763331123"}, "firstName": "Sinar", "gender": "male", "lastName": "Muhammad", "id": "6642006", "bio": "", "photo": {"prefix": "https://igx.4sqi.net/img/user/", "suffix": "/SO33YMT2MLYQSXMZ.jpg"}, "homeCity": "Singapore", "lists": {"groups": [{"items": [], "count": 2, "type": "created"}]}}, {"tips": {"count": 0}, "contact": {"facebook": "716156487"}, "firstName": "Seri", "gender": "female", "lastName": "Uyainah", "id": "7958848", "bio": "", "photo": {"prefix": "https://igx.4sqi.net/img/user/", "suffix": "/Q1YEMN2KRI3EX2NS.jpg"}, "homeCity": "Singapore", "lists": {"groups": [{"items": [], "count": 2, "type": "created"}]}}, {"tips": {"count": 0}, "contact": {}, "firstName": "Kuen", "gender": "none", "id": "24241775", "bio": "", "photo": {"prefix": "https://igx.4sqi.net/img/user/", "suffix": "/VXLE1CGGGCL3Q2IM.jpg"}, "homeCity": "Singapore", "lists": {"groups": [{"items": [], "count": 2, "type": "created"}]}}, {"tips": {"count": 1}, "contact": {"facebook": "574819376"}, "firstName": "MayaMukhlis", "gender": "none", "lastName": "Kwang", "id": "5670079", "bio": "", "photo": {"prefix": "https://igx.4sqi.net/img/user/", "suffix": "/5VNKHGP4PDDFHHYT.jpg"}, "homeCity": "Singapore", "lists": {"groups": [{"items": [], "count": 2, "type": "created"}]}}, {"tips": {"count": 0}, "contact": {}, "firstName": "Fairus", "gender": "male", "lastName": "Adam", "id": "3359247", "bio": "", "photo": {"prefix": "https://igx.4sqi.net/img/user/", "suffix": "/W302MPZJHRXBZLQ5.jpg"}, "homeCity": "Singapore", "lists": {"groups": [{"items": [], "count": 2, "type": "created"}]}}, {"tips": {"count": 0}, "contact": {"facebook": "100000932551378"}, "firstName": "Sashpal", "gender": "male", "lastName": "Singh", "id": "6677027", "bio": "", "photo": {"prefix": "https://igx.4sqi.net/img/user/", "suffix": "/FN53O5YH5YQY2XNF.jpg"}, "homeCity": "Singapore", "lists": {"groups": [{"items": [], "count": 2, "type": "created"}]}}, {"tips": {"count": 0}, "contact": {"facebook": "776237339"}, "firstName": "Ng", "gender": "male", "lastName": "Soon Heng", "id": "3839127", "bio": "", "photo": {"prefix": "https://igx.4sqi.net/img/user/", "suffix": "/AP0ZXUZDFCVOLCAE.jpg"}, "homeCity": "Singapore", "lists": {"groups": [{"items": [], "count": 2, "type": "created"}]}}, {"tips": {"count": 0}, "contact": {"facebook": "10202571967616295"}, "firstName": "Iz", "gender": "male", "lastName": "Sanchi", "id": "5415257", "bio": "", "photo": {"prefix": "https://igx.4sqi.net/img/user/", "suffix": "/5415257-1LYRNIBZRYGD43YB.jpg"}, "homeCity": "Singapore", "lists": {"groups": [{"items": [], "count": 2, "type": "created"}]}}, {"tips": {"count": 0}, "contact": {"facebook": "1663702279"}, "firstName": "PuTrA", "gender": "male", "id": "1652393", "bio": "", "photo": {"prefix": "https://igx.4sqi.net/img/user/", "suffix": "/blank_boy.png", "default": true}, "homeCity": "Woodlands, Singapore", "lists": {"groups": [{"items": [], "count": 2, "type": "created"}]}}, {"tips": {"count": 1}, "contact": {"facebook": "1371570949"}, "firstName": "Hada Van Buuren", "gender": "female", "id": "3846159", "bio": "", "photo": {"prefix": "https://igx.4sqi.net/img/user/", "suffix": "/SOZ2N30HOZK2F4MC.jpg"}, "homeCity": "Singapore", "lists": {"groups": [{"items": [], "count": 2, "type": "created"}]}}, {"tips": {"count": 0}, "contact": {}, "firstName": "Paperdoll", "gender": "female", "id": "9069652", "bio": "", "photo": {"prefix": "https://igx.4sqi.net/img/user/", "suffix": "/9069652-KE0SW0AUUI5Y4RDS"}, "homeCity": "Singapore", "lists": {"groups": [{"items": [], "count": 2, "type": "created"}]}}, {"tips": {"count": 6}, "contact": {}, "firstName": "Abdul rahim aka (Rico)", "gender": "male", "id": "5789144", "bio": "", "photo": {"prefix": "https://igx.4sqi.net/img/user/", "suffix": "/Q5IFFCH1HT1ZP3IF.jpg"}, "homeCity": "Singapore", "lists": {"groups": [{"items": [], "count": 2, "type": "created"}]}}, {"tips": {"count": 4}, "contact": {"facebook": "1085076908"}, "firstName": "Danial", "gender": "male", "lastName": "Roslan", "id": "3578376", "bio": "", "photo": {"prefix": "https://igx.4sqi.net/img/user/", "suffix": "/HNITIN4ZTMJPI0O3.jpg"}, "homeCity": "Singapore", "lists": {"groups": [{"items": [], "count": 2, "type": "created"}]}}, {"tips": {"count": 0}, "contact": {"facebook": "100000387953179"}, "firstName": "NaszShila", "gender": "male", "id": "8250719", "bio": "", "photo": {"prefix": "https://igx.4sqi.net/img/user/", "suffix": "/KJ4MX0BGDIEE4Z1V.jpg"}, "homeCity": "Singapore", "lists": {"groups": [{"items": [], "count": 2, "type": "created"}]}}, {"tips": {"count": 0}, "contact": {}, "firstName": "Citlalli", "gender": "female", "lastName": "Abron", "id": "80546561", "bio": "", "photo": {"prefix": "https://igx.4sqi.net/img/user/", "suffix": "/80546561-QS3PJWYWIE4VKJ4G.jpg"}, "homeCity": "", "lists": {"groups": [{"items": [], "count": 2, "type": "created"}]}}, {"tips": {"count": 0}, "contact": {"facebook": "1386066413"}, "firstName": "Ajess", "gender": "male", "lastName": "Darkstar", "id": "2648449", "bio": "", "photo": {"prefix": "https://igx.4sqi.net/img/user/", "suffix": "/02RT1N2VUZFHZ5OB.jpg"}, "homeCity": "Singapore", "lists": {"groups": [{"items": [], "count": 2, "type": "created"}]}}, {"tips": {"count": 0}, "contact": {"twitter": "ngsebas", "facebook": "544916675"}, "firstName": "Ng", "gender": "male", "lastName": "Sebastian", "id": "3880026", "bio": "", "photo": {"prefix": "https://igx.4sqi.net/img/user/", "suffix": "/ZN3UYH5QY2FFIR2I.jpg"}, "homeCity": "Singapore", "lists": {"groups": [{"items": [], "count": 2, "type": "created"}]}}, {"tips": {"count": 0}, "contact": {}, "firstName": "valerie stephanie", "gender": "female", "lastName": "harrison", "id": "83007693", "bio": "", "photo": {"prefix": "https://igx.4sqi.net/img/user/", "suffix": "/83007693-LCUJAHESYVUNB0QP.jpg"}, "homeCity": "", "lists": {"groups": [{"items": [], "count": 2, "type": "created"}]}}, {"tips": {"count": 0}, "contact": {}, "firstName": "Sarah", "gender": "female", "lastName": "Tan", "id": "4533248", "bio": "", "photo": {"prefix": "https://igx.4sqi.net/img/user/", "suffix": "/blank_girl.png", "default": true}, "homeCity": "Singapore", "lists": {"groups": [{"items": [], "count": 2, "type": "created"}]}}, {"tips": {"count": 3}, "contact": {"twitter": "goh_elf", "facebook": "1103672840"}, "firstName": "Victor", "gender": "male", "lastName": "Goh", "id": "2724746", "bio": "", "photo": {"prefix": "https://igx.4sqi.net/img/user/", "suffix": "/KZXCOQDYAJVHYKI3.jpg"}, "homeCity": "Singapore", "lists": {"groups": [{"items": [], "count": 2, "type": "created"}]}}, {"tips": {"count": 0}, "contact": {}, "firstName": "Caslyn", "gender": "female", "lastName": "Tan", "id": "4141162", "bio": "", "photo": {"prefix": "https://igx.4sqi.net/img/user/", "suffix": "/L4KDC50KYFLEV4EP.jpg"}, "homeCity": "Singapore", "lists": {"groups": [{"items": [], "count": 2, "type": "created"}]}}, {"tips": {"count": 0}, "contact": {"twitter": "iscool25", "facebook": "537622413"}, "firstName": "Iswady", "gender": "male", "id": "2787795", "bio": "", "photo": {"prefix": "https://igx.4sqi.net/img/user/", "suffix": "/CHIN55XO5VC5AVW0.jpg"}, "homeCity": "Singapore", "lists": {"groups": [{"items": [], "count": 2, "type": "created"}]}}, {"tips": {"count": 0}, "contact": {}, "firstName": "Nelson", "gender": "male", "lastName": "Lim", "id": "5211269", "bio": "", "photo": {"prefix": "https://igx.4sqi.net/img/user/", "suffix": "/FWQNVCNYANUH4ZTD.jpg"}, "homeCity": "Singapore", "lists": {"groups": [{"items": [], "count": 2, "type": "created"}]}}, {"tips": {"count": 1}, "contact": {"facebook": "1044105363"}, "firstName": "Aan", "gender": "male", "lastName": "Bogeyman", "id": "3146067", "bio": "", "photo": {"prefix": "https://igx.4sqi.net/img/user/", "suffix": "/HSCSXEAB4K1UHXJB.jpg"}, "homeCity": "Singapore", "lists": {"groups": [{"items": [], "count": 2, "type": "created"}]}}, {"tips": {"count": 0}, "contact": {"facebook": "834360108"}, "firstName": "Sarah", "gender": "female", "lastName": "Tan", "id": "5305294", "bio": "", "photo": {"prefix": "https://igx.4sqi.net/img/user/", "suffix": "/UO4G3BJNVUVGPKMW.jpg"}, "homeCity": "Singapore", "lists": {"groups": [{"items": [], "count": 2, "type": "created"}]}}, {"tips": {"count": 0}, "contact": {}, "firstName": "Muhammad", "gender": "male", "lastName": "Riduan", "id": "3832684", "bio": "", "photo": {"prefix": "https://igx.4sqi.net/img/user/", "suffix": "/UJJDQJ1BMVALVOAG.jpg"}, "homeCity": "New York, NY", "lists": {"groups": [{"items": [], "count": 2, "type": "created"}]}}, {"tips": {"count": 0}, "contact": {}, "firstName": "Sahfahri", "gender": "male", "lastName": "Supar", "id": "8748905", "bio": "", "photo": {"prefix": "https://igx.4sqi.net/img/user/", "suffix": "/blank_boy.png", "default": true}, "homeCity": "Singapore", "lists": {"groups": [{"items": [], "count": 2, "type": "created"}]}}, {"tips": {"count": 4}, "contact": {"facebook": "566194886"}, "firstName": "Jim", "gender": "male", "lastName": "Morrison", "id": "4727777", "bio": "", "photo": {"prefix": "https://igx.4sqi.net/img/user/", "suffix": "/DQRA3DIYUT5U4ZMC.jpg"}, "homeCity": "Alor Gajah Melaka, Malaysia", "lists": {"groups": [{"items": [], "count": 2, "type": "created"}]}}, {"tips": {"count": 0}, "contact": {"facebook": "531715920"}, "firstName": "Ashika", "gender": "female", "lastName": "Fenton", "id": "6360646", "bio": "", "photo": {"prefix": "https://igx.4sqi.net/img/user/", "suffix": "/YI4WV112EHD5UVEK.jpg"}, "homeCity": "Nottingham, UK", "lists": {"groups": [{"items": [], "count": 2, "type": "created"}]}}, {"tips": {"count": 0}, "contact": {"facebook": "1412621153"}, "firstName": "Kandell", "gender": "female", "lastName": "WiniEdina", "id": "15324718", "bio": "", "photo": {"prefix": "https://igx.4sqi.net/img/user/", "suffix": "/TAUIZICVFKQFB34D.jpg"}, "homeCity": "NY", "lists": {"groups": [{"items": [], "count": 2, "type": "created"}]}}], "count": 60}, "checksum": "9a13ab487309b3fcf32f5cdd1809dfdfe01b014a"}, "meta": {"requestId": "5965bdc9f594df3c0825ce3d", "code": 200}}