{"notifications": [{"type": "notificationTray", "item": {"unreadCount": 0}}], "response": {"friends": {"items": [{"tips": {"count": 5}, "contact": {}, "firstName": "El Yan", "gender": "male", "lastName": "Nino \ue511", "id": "4306049", "bio": "", "photo": {"prefix": "https://igx.4sqi.net/img/user/", "suffix": "/3EF144KKKFGMABGD.jpg"}, "homeCity": "Singapore", "lists": {"groups": [{"items": [], "count": 2, "type": "created"}]}}, {"tips": {"count": 1}, "contact": {"twitter": "sazrisawal", "facebook": "825918647"}, "firstName": "Sazri", "gender": "male", "lastName": "Sawal", "id": "1589198", "bio": "", "photo": {"prefix": "https://igx.4sqi.net/img/user/", "suffix": "/HDJ0BZVZEQYPXU0Y.jpg"}, "homeCity": "Singapore", "lists": {"groups": [{"items": [], "count": 2, "type": "created"}]}}, {"tips": {"count": 0}, "contact": {}, "firstName": "Nur", "gender": "female", "lastName": "Naazira", "id": "3512308", "bio": "", "photo": {"prefix": "https://igx.4sqi.net/img/user/", "suffix": "/G2AMIGZ0CSCYRYSH.jpg"}, "homeCity": "Singapore", "lists": {"groups": [{"items": [], "count": 2, "type": "created"}]}}, {"tips": {"count": 0}, "contact": {"twitter": "mimin_cte", "facebook": "10204868528608338"}, "firstName": "Amin", "gender": "male", "lastName": "Halim", "id": "6620502", "bio": "", "photo": {"prefix": "https://igx.4sqi.net/img/user/", "suffix": "/6620502-4TXXWJDYHEEAQ2IR.jpg"}, "homeCity": "Singapore", "lists": {"groups": [{"items": [], "count": 2, "type": "created"}]}}, {"tips": {"count": 12}, "contact": {"twitter": "jontkkdyeth", "facebook": "758978631"}, "firstName": "Syafiq", "gender": "male", "lastName": "Tekak", "id": "3774320", "bio": "", "photo": {"prefix": "https://igx.4sqi.net/img/user/", "suffix": "/04OJAM21SUWZJHMW.jpg"}, "homeCity": "Singapore", "lists": {"groups": [{"items": [], "count": 2, "type": "created"}]}}, {"tips": {"count": 0}, "contact": {"facebook": "786388059"}, "firstName": "Stephanie", "gender": "female", "lastName": "Tan", "id": "4170506", "bio": "", "photo": {"prefix": "https://igx.4sqi.net/img/user/", "suffix": "/O0FMVOXRC5V1DGOC.jpg"}, "homeCity": "", "lists": {"groups": [{"items": [], "count": 2, "type": "created"}]}}, {"tips": {"count": 1}, "contact": {"facebook": "526537680"}, "firstName": "Felix", "gender": "male", "lastName": "Lin", "id": "517906", "bio": "", "photo": {"prefix": "https://igx.4sqi.net/img/user/", "suffix": "/PCXGLYYVUG1Y5JZE.jpg"}, "homeCity": "Kembangan, Singapore", "lists": {"groups": [{"items": [], "count": 2, "type": "created"}]}}, {"tips": {"count": 0}, "contact": {}, "firstName": "Azza", "gender": "female", "lastName": "O", "id": "5507286", "bio": "", "photo": {"prefix": "https://igx.4sqi.net/img/user/", "suffix": "/EQV14WNOGHAJ03BC.jpg"}, "homeCity": "Singapore", "lists": {"groups": [{"items": [], "count": 2, "type": "created"}]}}, {"tips": {"count": 5}, "contact": {}, "firstName": "Kenneth", "gender": "male", "lastName": "Tang", "id": "1934726", "bio": "", "photo": {"prefix": "https://igx.4sqi.net/img/user/", "suffix": "/0QH3LEKOR3GMIT5N.jpg"}, "homeCity": "Bukit Merah, Singapore", "lists": {"groups": [{"items": [], "count": 2, "type": "created"}]}}, {"tips": {"count": 7}, "contact": {"twitter": "uhqayshuhdy", "facebook": "1153931991"}, "firstName": "Uhqayshuhdy", "gender": "female", "lastName": "dydi", "id": "4034433", "bio": "", "photo": {"prefix": "https://igx.4sqi.net/img/user/", "suffix": "/XWCU1NI3UQDP5QKT.jpg"}, "homeCity": "Singapore", "lists": {"groups": [{"items": [], "count": 2, "type": "created"}]}}, {"tips": {"count": 2}, "contact": {"twitter": "haekalhko", "facebook": "1584166569"}, "firstName": "Muhammad Haekal", "gender": "male", "lastName": "Hussin", "id": "2382505", "bio": "", "photo": {"prefix": "https://igx.4sqi.net/img/user/", "suffix": "/D5VCFTCVFOALXC00.jpg"}, "homeCity": "Singapore", "lists": {"groups": [{"items": [], "count": 2, "type": "created"}]}}, {"tips": {"count": 0}, "contact": {"twitter": "azriaziz86", "facebook": "1127870227"}, "firstName": "AzriAziz", "gender": "male", "lastName": "\u2122", "id": "3453248", "bio": "just call me QoBe\u2122", "photo": {"prefix": "https://igx.4sqi.net/img/user/", "suffix": "/E2BF40UQZFFLDQAB.jpg"}, "homeCity": "Singapore", "lists": {"groups": [{"items": [], "count": 2, "type": "created"}]}}, {"tips": {"count": 0}, "contact": {"twitter": "umairahyasir", "facebook": "508917024"}, "firstName": "Umairah", "gender": "female", "lastName": "Yasir", "id": "2995250", "bio": "", "photo": {"prefix": "https://igx.4sqi.net/img/user/", "suffix": "/5TVR2UUQNF5Y0OCB.jpg"}, "homeCity": "Singapore", "lists": {"groups": [{"items": [], "count": 2, "type": "created"}]}}, {"tips": {"count": 0}, "contact": {"facebook": "796247165"}, "firstName": "\u0645\u062d\u0645\u062f", "gender": "male", "lastName": "\u0631\u0641\u064a\u0632\u064a", "id": "4153290", "bio": "", "photo": {"prefix": "https://igx.4sqi.net/img/user/", "suffix": "/ESF4SOJV3XLCJAYS.jpg"}, "homeCity": "Singapore", "lists": {"groups": [{"items": [], "count": 2, "type": "created"}]}}, {"tips": {"count": 0}, "contact": {"facebook": "1535393726"}, "firstName": "nurhafizah", "gender": "female", "lastName": "Naim", "id": "4227611", "bio": "", "photo": {"prefix": "https://igx.4sqi.net/img/user/", "suffix": "/RRWSN30R1NQAJWRE.jpg"}, "homeCity": "Singapore", "lists": {"groups": [{"items": [], "count": 2, "type": "created"}]}}, {"tips": {"count": 4}, "contact": {"facebook": "662017161"}, "firstName": "Elbriena Chanel", "gender": "female", "lastName": "Ismail", "id": "1020350", "bio": "Proud single mommy to Eva Brianna. I accept life at its finest x", "photo": {"prefix": "https://igx.4sqi.net/img/user/", "suffix": "/GY34PXPPVGIIPLSN.jpg"}, "homeCity": "Singapore, SG", "lists": {"groups": [{"items": [], "count": 2, "type": "created"}]}}, {"tips": {"count": 3}, "contact": {}, "firstName": "Ainkecik", "gender": "female", "lastName": "Fyno", "id": "2387369", "bio": "", "photo": {"prefix": "https://igx.4sqi.net/img/user/", "suffix": "/2387369-QTFFF1JGKICCV3XU.jpg"}, "homeCity": "Singapore", "lists": {"groups": [{"items": [], "count": 2, "type": "created"}]}}, {"tips": {"count": 0}, "contact": {"twitter": "priscillachua", "facebook": "783384704"}, "firstName": "Priscilla", "gender": "female", "lastName": "Chua", "id": "1043740", "bio": "", "photo": {"prefix": "https://igx.4sqi.net/img/user/", "suffix": "/2GQNLBFUNMMQWC45.jpg"}, "homeCity": "Singapore", "lists": {"groups": [{"items": [], "count": 2, "type": "created"}]}}, {"tips": {"count": 3}, "contact": {}, "firstName": "Nazzrie", "gender": "male", "lastName": "John", "id": "4315835", "bio": "", "photo": {"prefix": "https://igx.4sqi.net/img/user/", "suffix": "/5FTNIKTAKYC0Z315.jpg"}, "homeCity": "Singapore", "lists": {"groups": [{"items": [], "count": 2, "type": "created"}]}}, {"tips": {"count": 0}, "contact": {}, "firstName": "Apul", "gender": "male", "lastName": "Spike", "id": "6726257", "bio": "", "photo": {"prefix": "https://igx.4sqi.net/img/user/", "suffix": "/MNF3IQCV2PMMH10Z.jpg"}, "homeCity": "Singapore", "lists": {"groups": [{"items": [], "count": 2, "type": "created"}]}}, {"tips": {"count": 3}, "contact": {"facebook": "519829266"}, "firstName": "Amyy", "gender": "female", "lastName": "Juliet", "id": "6439706", "bio": "", "photo": {"prefix": "https://igx.4sqi.net/img/user/", "suffix": "/SR2Q0KHBIMG1DBVG.jpg"}, "homeCity": "Singapore", "lists": {"groups": [{"items": [], "count": 2, "type": "created"}]}}, {"tips": {"count": 0}, "contact": {}, "firstName": "Afai", "gender": "male", "id": "6628670", "bio": "", "photo": {"prefix": "https://igx.4sqi.net/img/user/", "suffix": "/UL53IQGVXOH23VYM.jpg"}, "homeCity": "Singapore", "lists": {"groups": [{"items": [], "count": 2, "type": "created"}]}}, {"tips": {"count": 3}, "contact": {"twitter": "azharberry", "facebook": "1083926798"}, "firstName": "Azhar", "gender": "male", "lastName": "Berry", "id": "4245298", "bio": "", "photo": {"prefix": "https://igx.4sqi.net/img/user/", "suffix": "/E1LRTM0WOMBZXJPX.jpg"}, "homeCity": "Woodland", "lists": {"groups": [{"items": [], "count": 2, "type": "created"}]}}, {"tips": {"count": 1}, "contact": {"facebook": "620459005"}, "firstName": "Mafazi", "gender": "male", "lastName": "Aiman", "id": "4271831", "bio": "", "photo": {"prefix": "https://igx.4sqi.net/img/user/", "suffix": "/OBS0N4SNK3MDDOKL.jpg"}, "homeCity": "Singapore, SengKang", "lists": {"groups": [{"items": [], "count": 2, "type": "created"}]}}, {"tips": {"count": 3}, "contact": {"facebook": "100000206131993"}, "firstName": "Defective", "gender": "male", "lastName": "Bob", "id": "4285110", "bio": "", "photo": {"prefix": "https://igx.4sqi.net/img/user/", "suffix": "/XUKB0ZGQRVXZ2ZRU.jpg"}, "homeCity": "Singapore", "lists": {"groups": [{"items": [], "count": 2, "type": "created"}]}}, {"tips": {"count": 0}, "contact": {"twitter": "hyddyyy", "facebook": "1479592666"}, "firstName": "Hyddy", "gender": "female", "lastName": "xo", "id": "5641029", "bio": "", "photo": {"prefix": "https://igx.4sqi.net/img/user/", "suffix": "/ADD0R0TUT3J0341J.jpg"}, "homeCity": "Singapore", "lists": {"groups": [{"items": [], "count": 2, "type": "created"}]}}, {"tips": {"count": 0}, "contact": {"twitter": "ijahangindzul", "facebook": "676548583"}, "firstName": "Ijah", "gender": "male", "lastName": "Kidd", "id": "1935731", "bio": "", "photo": {"prefix": "https://igx.4sqi.net/img/user/", "suffix": "/O0W00KFSV5TCFOBE.jpg"}, "homeCity": "Singapore", "lists": {"groups": [{"items": [], "count": 2, "type": "created"}]}}, {"tips": {"count": 1}, "contact": {"facebook": "1792170145"}, "firstName": "Bam", "gender": "male", "lastName": "Ar Rhu", "id": "4576425", "bio": "", "photo": {"prefix": "https://igx.4sqi.net/img/user/", "suffix": "/NPCEOTWABFDV5YFC.jpg"}, "homeCity": "New York, NY", "lists": {"groups": [{"items": [], "count": 2, "type": "created"}]}}, {"tips": {"count": 3}, "contact": {"twitter": "eddymcspicy", "facebook": "10204534132808143"}, "firstName": "Eddy", "gender": "male", "lastName": "Mcspicy", "id": "2517251", "bio": "", "photo": {"prefix": "https://igx.4sqi.net/img/user/", "suffix": "/NWYDR0FONUKB1G35.jpg"}, "homeCity": "Singapore", "lists": {"groups": [{"items": [], "count": 2, "type": "created"}]}}, {"tips": {"count": 0}, "contact": {"facebook": "1092558050"}, "firstName": "Azmi", "gender": "male", "lastName": "Sulaimi", "id": "3484118", "bio": "", "photo": {"prefix": "https://igx.4sqi.net/img/user/", "suffix": "/HCQ1PT3VEDSOF4UZ.jpg"}, "homeCity": "Singapore", "lists": {"groups": [{"items": [], "count": 2, "type": "created"}]}}, {"tips": {"count": 0}, "contact": {"twitter": "lelayunus", "facebook": "725252803"}, "firstName": "Lela", "gender": "female", "lastName": "Yunus", "id": "3321802", "bio": "", "photo": {"prefix": "https://igx.4sqi.net/img/user/", "suffix": "/3W0C1NU5XFMOHBTC.jpg"}, "homeCity": "Singapore", "lists": {"groups": [{"items": [], "count": 2, "type": "created"}]}}, {"tips": {"count": 0}, "contact": {"facebook": "1364687991"}, "firstName": "Nurul", "gender": "female", "lastName": "Mohd", "id": "4929705", "bio": "", "photo": {"prefix": "https://igx.4sqi.net/img/user/", "suffix": "/P3VV11ZLWL0XW12D.jpg"}, "homeCity": "Singapore", "lists": {"groups": [{"items": [], "count": 2, "type": "created"}]}}, {"tips": {"count": 1}, "contact": {"facebook": "1324472355"}, "firstName": "Faizal", "gender": "male", "lastName": "Faustino", "id": "4389764", "bio": "", "photo": {"prefix": "https://igx.4sqi.net/img/user/", "suffix": "/U01CC1VDJ5BDDELR.jpg"}, "homeCity": "Singapore", "lists": {"groups": [{"items": [], "count": 2, "type": "created"}]}}, {"tips": {"count": 5}, "contact": {"twitter": "cherieleesg", "facebook": "1452144206"}, "firstName": "Cherie", "gender": "female", "lastName": "Lee", "id": "1107801", "bio": "", "photo": {"prefix": "https://igx.4sqi.net/img/user/", "suffix": "/D0IW1WOZH5MXASRK.jpg"}, "homeCity": "Singapore", "lists": {"groups": [{"items": [], "count": 2, "type": "created"}]}}, {"tips": {"count": 0}, "contact": {"twitter": "azialahhh"}, "firstName": "Azia", "gender": "female", "lastName": "Aziz", "id": "2851914", "bio": "", "photo": {"prefix": "https://igx.4sqi.net/img/user/", "suffix": "/VIHB4C2F1MDS2QKX.jpg"}, "homeCity": "New York, NY", "lists": {"groups": [{"items": [], "count": 2, "type": "created"}]}}, {"tips": {"count": 1}, "contact": {}, "firstName": "Ruud", "gender": "male", "lastName": "Serizawa", "id": "4335668", "bio": "", "photo": {"prefix": "https://igx.4sqi.net/img/user/", "suffix": "/KNB0VSSJKQHIWMLB.jpg"}, "homeCity": "Singapore", "lists": {"groups": [{"items": [], "count": 2, "type": "created"}]}}, {"tips": {"count": 0}, "contact": {"facebook": "100001164499605"}, "firstName": "Adora", "gender": "female", "lastName": "Kym", "id": "6730870", "bio": "", "photo": {"prefix": "https://igx.4sqi.net/img/user/", "suffix": "/H5UUM1K4AES5JQQD.jpg"}, "homeCity": "Singapore", "lists": {"groups": [{"items": [], "count": 2, "type": "created"}]}}, {"tips": {"count": 1}, "contact": {"facebook": "100000071768032"}, "firstName": "Dana", "gender": "female", "lastName": "Chanel Vuitton", "id": "4247938", "bio": "", "photo": {"prefix": "https://igx.4sqi.net/img/user/", "suffix": "/L02ZF4VRU3A0UNU2.jpg"}, "homeCity": "Singapore", "lists": {"groups": [{"items": [], "count": 2, "type": "created"}]}}, {"tips": {"count": 1}, "contact": {"facebook": "1326212285"}, "firstName": "Shahril", "gender": "male", "lastName": "Nadem", "id": "5816005", "bio": "", "photo": {"prefix": "https://igx.4sqi.net/img/user/", "suffix": "/F0WDHKRGKWYKJEWH.jpg"}, "homeCity": "Singapore", "lists": {"groups": [{"items": [], "count": 2, "type": "created"}]}}, {"tips": {"count": 0}, "contact": {"twitter": "ohbabyd", "facebook": "601770931"}, "firstName": "Dania", "gender": "female", "lastName": "Darwisyah", "id": "5664560", "bio": "", "photo": {"prefix": "https://igx.4sqi.net/img/user/", "suffix": "/3PBMU53ZWI3I0ZF5.jpg"}, "homeCity": "Singapore", "lists": {"groups": [{"items": [], "count": 2, "type": "created"}]}}, {"tips": {"count": 1}, "contact": {"twitter": "ikababymurphy", "facebook": "639370320"}, "firstName": "EYKAbaby", "gender": "female", "lastName": "Sachiko", "id": "2002511", "bio": "", "photo": {"prefix": "https://igx.4sqi.net/img/user/", "suffix": "/RJRFEB2DBLIHKXC4.jpg"}, "homeCity": "Tampines, Singapore", "lists": {"groups": [{"items": [], "count": 2, "type": "created"}]}}, {"tips": {"count": 6}, "contact": {"twitter": "fahfami", "facebook": "714992838"}, "firstName": "Fahmi", "gender": "male", "lastName": "Latif", "id": "4578398", "bio": "", "photo": {"prefix": "https://igx.4sqi.net/img/user/", "suffix": "/JKUI2RWGWI02IA3M.jpg"}, "homeCity": "Singapore", "lists": {"groups": [{"items": [], "count": 2, "type": "created"}]}}, {"tips": {"count": 0}, "contact": {"twitter": "haydenaidil", "facebook": "1603006823"}, "firstName": "Hayden", "gender": "male", "lastName": "Aidil", "id": "2891092", "bio": "", "photo": {"prefix": "https://igx.4sqi.net/img/user/", "suffix": "/BTXNOLSF1EGFBKK3.jpg"}, "homeCity": " BLK 926 Hougang Street 91", "lists": {"groups": [{"items": [], "count": 2, "type": "created"}]}}, {"tips": {"count": 2}, "contact": {"twitter": "shahcarlin", "facebook": "691957122"}, "firstName": "Shah", "gender": "male", "lastName": "Ciner", "id": "4097778", "bio": "", "photo": {"prefix": "https://igx.4sqi.net/img/user/", "suffix": "/QNKKZKA2MRYFFKPT.jpg"}, "homeCity": "Singapore", "lists": {"groups": [{"items": [], "count": 2, "type": "created"}]}}, {"tips": {"count": 1}, "contact": {"twitter": "adieahdy", "facebook": "651548597"}, "firstName": "Adie", "gender": "male", "lastName": "Ahdy", "id": "3338160", "bio": "", "photo": {"prefix": "https://igx.4sqi.net/img/user/", "suffix": "/MIOHPU4FDFI25U3F.jpg"}, "homeCity": "Singapore", "lists": {"groups": [{"items": [], "count": 2, "type": "created"}]}}, {"tips": {"count": 0}, "contact": {"twitter": "naylashareef"}, "firstName": "Nayla", "gender": "female", "lastName": "Shareef", "id": "4939448", "bio": "", "photo": {"prefix": "https://igx.4sqi.net/img/user/", "suffix": "/VPUALTYV20SQH4HS.jpg"}, "homeCity": "Singapore", "lists": {"groups": [{"items": [], "count": 2, "type": "created"}]}}, {"tips": {"count": 0}, "contact": {"twitter": "iqahcat"}, "firstName": "Iqah", "gender": "female", "lastName": "Cat", "id": "4392639", "bio": "", "photo": {"prefix": "https://igx.4sqi.net/img/user/", "suffix": "/CLOS5GU5KZAWQV4Z.jpg"}, "homeCity": "New York, NY", "lists": {"groups": [{"items": [], "count": 2, "type": "created"}]}}, {"tips": {"count": 0}, "contact": {"twitter": "krularif", "facebook": "568911305"}, "firstName": "K-rul'Arif", "gender": "male", "id": "1311558", "bio": "", "photo": {"prefix": "https://igx.4sqi.net/img/user/", "suffix": "/CIK5JIXKAZWV4JMX.jpg"}, "homeCity": "Bedok, Singapore", "lists": {"groups": [{"items": [], "count": 2, "type": "created"}]}}, {"tips": {"count": 0}, "contact": {"facebook": "1178354848"}, "firstName": "Norlinah", "gender": "female", "lastName": "Ismail", "id": "3202508", "bio": "", "photo": {"prefix": "https://igx.4sqi.net/img/user/", "suffix": "/NLPXNNBLTVYKHRBY.jpg"}, "homeCity": "Singapore", "lists": {"groups": [{"items": [], "count": 2, "type": "created"}]}}, {"tips": {"count": 0}, "contact": {"facebook": "722891822"}, "firstName": "Natasha", "gender": "female", "lastName": "Appleton", "id": "4549550", "bio": "", "photo": {"prefix": "https://igx.4sqi.net/img/user/", "suffix": "/4549550_EtmqEK-p_M-iWzGrXTY84N08xs1JTR32i9S8-3BIVU1UhbDn_VHo2gmw03jbdEiDVzEje4n25.jpg"}, "homeCity": "Singapore", "lists": {"groups": [{"items": [], "count": 2, "type": "created"}]}}, {"tips": {"count": 0}, "contact": {"facebook": "760058734"}, "firstName": "Arra", "gender": "female", "lastName": "Butterrfly", "id": "6740932", "bio": "", "photo": {"prefix": "https://igx.4sqi.net/img/user/", "suffix": "/blank_girl.png", "default": true}, "homeCity": "Singapore", "lists": {"groups": [{"items": [], "count": 2, "type": "created"}]}}, {"tips": {"count": 0}, "contact": {}, "firstName": "Wafie", "gender": "male", "lastName": "Azahar", "id": "4872333", "bio": "", "photo": {"prefix": "https://igx.4sqi.net/img/user/", "suffix": "/I2GNBHWBRGKHRBBT.jpg"}, "homeCity": "Singapore", "lists": {"groups": [{"items": [], "count": 2, "type": "created"}]}}, {"tips": {"count": 0}, "contact": {"facebook": "1401181171"}, "firstName": "Rohim", "gender": "male", "lastName": "Hussin", "id": "6569216", "bio": "", "photo": {"prefix": "https://igx.4sqi.net/img/user/", "suffix": "/SDY5KSWWT2CAJVI3.jpg"}, "homeCity": "Singapore", "lists": {"groups": [{"items": [], "count": 2, "type": "created"}]}}, {"tips": {"count": 0}, "contact": {}, "firstName": "Muhd", "gender": "male", "lastName": "Arshad", "id": "5668759", "bio": "", "photo": {"prefix": "https://igx.4sqi.net/img/user/", "suffix": "/CDHUYAIHPH1PO1XN.jpg"}, "homeCity": "New York, NY", "lists": {"groups": [{"items": [], "count": 2, "type": "created"}]}}, {"tips": {"count": 0}, "contact": {"twitter": "masturalove", "facebook": "753323682"}, "firstName": "Mastura", "gender": "female", "lastName": "Amir", "id": "2347530", "bio": "", "photo": {"prefix": "https://igx.4sqi.net/img/user/", "suffix": "/A5CMBSAYSATHKZAQ.jpg"}, "homeCity": "Singapore", "lists": {"groups": [{"items": [], "count": 2, "type": "created"}]}}, {"tips": {"count": 3}, "contact": {"facebook": "1601326068"}, "firstName": "Suriani", "gender": "female", "lastName": "Mohamed Sapri", "id": "5173330", "bio": "", "photo": {"prefix": "https://igx.4sqi.net/img/user/", "suffix": "/OTGQRKQA01GMKPN2.jpg"}, "homeCity": "Singapore", "lists": {"groups": [{"items": [], "count": 2, "type": "created"}]}}, {"tips": {"count": 0}, "contact": {"twitter": "sulhans", "facebook": "1467775227"}, "firstName": "Sulhan", "gender": "male", "lastName": "S", "id": "2907334", "bio": "", "photo": {"prefix": "https://igx.4sqi.net/img/user/", "suffix": "/J1GF1ZFUNTP105M0.jpg"}, "homeCity": "Singapore", "lists": {"groups": [{"items": [], "count": 2, "type": "created"}]}}, {"tips": {"count": 0}, "contact": {}, "firstName": "Muhammad", "gender": "male", "lastName": "Fariduddin", "id": "4104405", "bio": "", "photo": {"prefix": "https://igx.4sqi.net/img/user/", "suffix": "/NPPGGD3J4IQPBI2T.jpg"}, "homeCity": "Singapore", "lists": {"groups": [{"items": [], "count": 2, "type": "created"}]}}, {"tips": {"count": 11}, "contact": {}, "firstName": "Eddie", "gender": "male", "lastName": "Aikau", "id": "3791881", "bio": "", "photo": {"prefix": "https://igx.4sqi.net/img/user/", "suffix": "/3AZFFAQB2VHBJC2Z.jpg"}, "homeCity": "Singapore", "lists": {"groups": [{"items": [], "count": 2, "type": "created"}]}}, {"tips": {"count": 0}, "contact": {"twitter": "haziqkyu", "facebook": "1336161941"}, "firstName": "Haziq", "gender": "male", "lastName": "Juhaini", "id": "5073915", "bio": "", "photo": {"prefix": "https://igx.4sqi.net/img/user/", "suffix": "/BEFIZEA04EWL5T3O.jpg"}, "homeCity": "Singapore", "lists": {"groups": [{"items": [], "count": 3, "type": "created"}]}}, {"tips": {"count": 0}, "contact": {"facebook": "786783431"}, "firstName": "Clement", "gender": "male", "lastName": "Kwek", "id": "4399813", "bio": "", "photo": {"prefix": "https://igx.4sqi.net/img/user/", "suffix": "/0WCQAUE4XRVAMA53.jpg"}, "homeCity": "Singapore", "lists": {"groups": [{"items": [], "count": 2, "type": "created"}]}}, {"tips": {"count": 0}, "contact": {"twitter": "marcusnjs", "facebook": "685593405"}, "firstName": "Marcus", "gender": "male", "lastName": "Neo", "id": "2069006", "bio": "", "photo": {"prefix": "https://igx.4sqi.net/img/user/", "suffix": "/blank_boy.png", "default": true}, "homeCity": "Singapore", "lists": {"groups": [{"items": [], "count": 2, "type": "created"}]}}, {"tips": {"count": 2}, "contact": {}, "firstName": "mezzy", "gender": "female", "lastName": "mezah", "id": "3205550", "bio": "", "photo": {"prefix": "https://igx.4sqi.net/img/user/", "suffix": "/JBXLJOAJQUSHAX3L.jpg"}, "homeCity": "Singapore", "lists": {"groups": [{"items": [], "count": 2, "type": "created"}]}}, {"tips": {"count": 0}, "contact": {"facebook": "780614541"}, "firstName": "Shafidah", "gender": "female", "lastName": "Shaf", "id": "4629228", "bio": "", "photo": {"prefix": "https://igx.4sqi.net/img/user/", "suffix": "/AX1FRNMTC2XLNM2W.jpg"}, "homeCity": "Singapore", "lists": {"groups": [{"items": [], "count": 2, "type": "created"}]}}, {"tips": {"count": 0}, "contact": {"facebook": "100002104145366"}, "firstName": "\u2022 nazzy _ nazurah \u2022", "gender": "female", "id": "6795714", "bio": "", "photo": {"prefix": "https://igx.4sqi.net/img/user/", "suffix": "/RTMIOTXEA3MJZIHI.jpg"}, "homeCity": "Singapore", "lists": {"groups": [{"items": [], "count": 2, "type": "created"}]}}, {"tips": {"count": 0}, "contact": {}, "firstName": "Ryan Justin", "gender": "none", "lastName": "Haiqal", "id": "6560919", "bio": "", "photo": {"prefix": "https://igx.4sqi.net/img/user/", "suffix": "/Z42QY2EHSFQ2FNZ5.jpg"}, "homeCity": "Singapore", "lists": {"groups": [{"items": [], "count": 2, "type": "created"}]}}, {"tips": {"count": 0}, "contact": {}, "firstName": "Aidy", "gender": "male", "id": "5722620", "bio": "", "photo": {"prefix": "https://igx.4sqi.net/img/user/", "suffix": "/KWTQSFW201552L43.jpg"}, "homeCity": "Singapore", "lists": {"groups": [{"items": [], "count": 2, "type": "created"}]}}, {"tips": {"count": 4}, "contact": {"facebook": "743408374"}, "firstName": "Aqil", "gender": "male", "lastName": "mcyusoff", "id": "2349029", "bio": "", "photo": {"prefix": "https://igx.4sqi.net/img/user/", "suffix": "/PKHO11TJXL4UIFT5.jpg"}, "homeCity": "Singapore", "lists": {"groups": [{"items": [], "count": 2, "type": "created"}]}}, {"tips": {"count": 0}, "contact": {}, "firstName": "Nazzy", "gender": "female", "lastName": "Nazurah", "id": "5175284", "bio": "", "photo": {"prefix": "https://igx.4sqi.net/img/user/", "suffix": "/2RBFTH5XGVMSDMCW.jpg"}, "homeCity": "New York, NY", "lists": {"groups": [{"items": [], "count": 2, "type": "created"}]}}, {"tips": {"count": 198}, "contact": {}, "firstName": "\ue10e Constantine \ue11c\u2122", "gender": "none", "id": "2914234", "bio": "", "photo": {"prefix": "https://igx.4sqi.net/img/user/", "suffix": "/GZR4FTUBFDZWUTPX.jpg"}, "homeCity": "Singapore", "lists": {"groups": [{"items": [], "count": 2, "type": "created"}]}}, {"tips": {"count": 0}, "contact": {}, "firstName": "A", "gender": "male", "lastName": "Hasif", "id": "4105192", "bio": "", "photo": {"prefix": "https://igx.4sqi.net/img/user/", "suffix": "/MYVCFPE40HUQ5TWM.jpg"}, "homeCity": "New York, NY", "lists": {"groups": [{"items": [], "count": 2, "type": "created"}]}}, {"tips": {"count": 0}, "contact": {"twitter": "glitterposh", "facebook": "702371499"}, "firstName": "Glitterposh", "gender": "female", "id": "3791883", "bio": "", "photo": {"prefix": "https://igx.4sqi.net/img/user/", "suffix": "/WAJRGV51NGQXGEJN.jpg"}, "homeCity": "Singapore", "lists": {"groups": [{"items": [], "count": 2, "type": "created"}]}}, {"tips": {"count": 3}, "contact": {"facebook": "530369030"}, "firstName": "Zaki", "gender": "male", "lastName": "Shariff", "id": "2087346", "bio": "", "photo": {"prefix": "https://igx.4sqi.net/img/user/", "suffix": "/HGMGECHYB4KC4ATN.jpg"}, "homeCity": "Singapore", "lists": {"groups": [{"items": [], "count": 2, "type": "created"}]}}, {"tips": {"count": 0}, "contact": {}, "firstName": "muhammad", "gender": "male", "lastName": "sufian", "id": "3262206", "bio": "", "photo": {"prefix": "https://igx.4sqi.net/img/user/", "suffix": "/QKHNA5FBKOAVGFID.jpg"}, "homeCity": "Singapore", "lists": {"groups": [{"items": [], "count": 2, "type": "created"}]}}, {"tips": {"count": 0}, "contact": {"facebook": "649253346"}, "firstName": "Nazrul", "gender": "male", "lastName": "Khairi", "id": "4630690", "bio": "", "photo": {"prefix": "https://igx.4sqi.net/img/user/", "suffix": "/DCZSC1KZ4K4ZRAFJ.jpg"}, "homeCity": "Woodlands, NH", "lists": {"groups": [{"items": [], "count": 2, "type": "created"}]}}, {"tips": {"count": 0}, "contact": {}, "firstName": "Siti noraishah", "gender": "female", "lastName": "Senin", "id": "7002019", "bio": "", "photo": {"prefix": "https://igx.4sqi.net/img/user/", "suffix": "/PGOHZLV3BO225UBP.jpg"}, "homeCity": "Singapore", "lists": {"groups": [{"items": [], "count": 2, "type": "created"}]}}, {"tips": {"count": 0}, "contact": {}, "firstName": "Afiqqy", "gender": "male", "lastName": "Sandara Goo", "id": "6563336", "bio": "", "photo": {"prefix": "https://igx.4sqi.net/img/user/", "suffix": "/Z4EZZ00OLZC0VK11.jpg"}, "homeCity": "Singapore", "lists": {"groups": [{"items": [], "count": 2, "type": "created"}]}}, {"tips": {"count": 1}, "contact": {"twitter": "oandasanh", "facebook": "664254007"}, "firstName": "Hardy", "gender": "male", "lastName": "Oandasan", "id": "5736370", "bio": "", "photo": {"prefix": "https://igx.4sqi.net/img/user/", "suffix": "/0TFLBTQKQ23BZGS0.jpg"}, "homeCity": "Singapore", "lists": {"groups": [{"items": [], "count": 2, "type": "created"}]}}, {"tips": {"count": 0}, "contact": {}, "firstName": "Aidil", "gender": "male", "id": "2464089", "bio": "", "photo": {"prefix": "https://igx.4sqi.net/img/user/", "suffix": "/10ARSWSSZZQKIQWB.jpg"}, "homeCity": "Unnamed Location", "lists": {"groups": [{"items": [], "count": 2, "type": "created"}]}}, {"tips": {"count": 0}, "contact": {"twitter": "i_love_me92", "facebook": "649062884"}, "firstName": "Stephanie", "gender": "female", "lastName": "Ernest", "id": "5367279", "bio": "", "photo": {"prefix": "https://igx.4sqi.net/img/user/", "suffix": "/HNVORHTLG0UA0SAU.jpg"}, "homeCity": "Chinatown", "lists": {"groups": [{"items": [], "count": 2, "type": "created"}]}}, {"tips": {"count": 0}, "contact": {}, "firstName": "Eric", "gender": "male", "lastName": "Then", "id": "2935402", "bio": "", "photo": {"prefix": "https://igx.4sqi.net/img/user/", "suffix": "/blank_boy.png", "default": true}, "homeCity": "Singapore", "lists": {"groups": [{"items": [], "count": 2, "type": "created"}]}}, {"tips": {"count": 3}, "contact": {"twitter": "smallieollie", "facebook": "100001599283595"}, "firstName": "Fih", "gender": "male", "lastName": "Dennis", "id": "4106539", "bio": "", "photo": {"prefix": "https://igx.4sqi.net/img/user/", "suffix": "/N2DNTQDU41IYX5Q0.jpg"}, "homeCity": "Singapore", "lists": {"groups": [{"items": [], "count": 2, "type": "created"}]}}, {"tips": {"count": 17}, "contact": {"facebook": "739299576"}, "firstName": "Jindalambotol", "gender": "male", "id": "4680292", "bio": "This is just the beginning.", "photo": {"prefix": "https://igx.4sqi.net/img/user/", "suffix": "/XGT3J2CQJSHHRK1K.jpg"}, "homeCity": "Lord Of Dogtown", "lists": {"groups": [{"items": [], "count": 2, "type": "created"}]}}, {"tips": {"count": 0}, "contact": {"twitter": "yanadiella", "facebook": "574818789"}, "firstName": "Yana", "gender": "female", "lastName": "Diella", "id": "2239717", "bio": "", "photo": {"prefix": "https://igx.4sqi.net/img/user/", "suffix": "/MFFYRJYQO1FJYFXS.jpg"}, "homeCity": "Singapore", "lists": {"groups": [{"items": [], "count": 2, "type": "created"}]}}, {"tips": {"count": 0}, "contact": {"facebook": "545474034"}, "firstName": "Noor", "gender": "male", "lastName": "Hidayat", "id": "3286451", "bio": "", "photo": {"prefix": "https://igx.4sqi.net/img/user/", "suffix": "/blank_boy.png", "default": true}, "homeCity": "Singapore", "lists": {"groups": [{"items": [], "count": 2, "type": "created"}]}}, {"tips": {"count": 0}, "contact": {"facebook": "702359000"}, "firstName": "Irda", "gender": "female", "lastName": "Wati", "id": "4841021", "bio": "", "photo": {"prefix": "https://igx.4sqi.net/img/user/", "suffix": "/IIFEYLTM2TW0J4UK.jpg"}, "homeCity": "Singapore", "lists": {"groups": [{"items": [], "count": 2, "type": "created"}]}}, {"tips": {"count": 0}, "contact": {"twitter": "apitskooodeng"}, "firstName": "Taufiq", "gender": "male", "id": "7068995", "bio": "", "photo": {"prefix": "https://igx.4sqi.net/img/user/", "suffix": "/4NFOR1FCBMZFFESW.jpg"}, "homeCity": "Singapore", "lists": {"groups": [{"items": [], "count": 2, "type": "created"}]}}, {"tips": {"count": 0}, "contact": {"facebook": "530224346"}, "firstName": "Firdaus", "gender": "male", "lastName": "Rahmat", "id": "7943989", "bio": "", "photo": {"prefix": "https://igx.4sqi.net/img/user/", "suffix": "/FJEMC3NMN2GZQJQZ.jpg"}, "homeCity": "Singapore", "lists": {"groups": [{"items": [], "count": 2, "type": "created"}]}}, {"tips": {"count": 0}, "contact": {}, "firstName": "Dinie", "gender": "male", "lastName": "Bayu", "id": "5785083", "bio": "", "photo": {"prefix": "https://igx.4sqi.net/img/user/", "suffix": "/YSUZU3TN5CXAFLQN.jpg"}, "homeCity": "Singapore", "lists": {"groups": [{"items": [], "count": 2, "type": "created"}]}}, {"tips": {"count": 2}, "contact": {"twitter": "djtok", "facebook": "519495226"}, "firstName": "DJ Daniel", "gender": "male", "lastName": "Tok", "id": "2465157", "bio": "", "photo": {"prefix": "https://igx.4sqi.net/img/user/", "suffix": "/XBBOX4OJTY2RMMEN.jpg"}, "homeCity": "Singapore", "lists": {"groups": [{"items": [], "count": 2, "type": "created"}]}}, {"tips": {"count": 0}, "contact": {"twitter": "xxfarridonxx", "facebook": "603547098"}, "firstName": "Farridon", "gender": "male", "lastName": "Murdurous", "id": "5706354", "bio": "", "photo": {"prefix": "https://igx.4sqi.net/img/user/", "suffix": "/1JOTHHCC1PSJZCDY.jpg"}, "homeCity": "Singapore", "lists": {"groups": [{"items": [], "count": 2, "type": "created"}]}}, {"tips": {"count": 0}, "contact": {"facebook": "532739730"}, "firstName": "Aza", "gender": "male", "lastName": "Jack", "id": "2935644", "bio": "", "photo": {"prefix": "https://igx.4sqi.net/img/user/", "suffix": "/PNVQDHZDZN3UU5Y5.jpg"}, "homeCity": "Singapore", "lists": {"groups": [{"items": [], "count": 2, "type": "created"}]}}, {"tips": {"count": 0}, "contact": {"facebook": "1783496309"}, "firstName": "Jaslyn Benjamin", "gender": "female", "lastName": "Chen Quak", "id": "4180858", "bio": "", "photo": {"prefix": "https://igx.4sqi.net/img/user/", "suffix": "/blank_girl.png", "default": true}, "homeCity": "Singapore", "lists": {"groups": [{"items": [], "count": 2, "type": "created"}]}}, {"tips": {"count": 1}, "contact": {"twitter": "safyraghaz", "facebook": "100000547992947"}, "firstName": "\u25b3\u25bcSafyra", "gender": "female", "lastName": "Ghaz\u25bc\u25b3", "id": "4785428", "bio": "Rizwan's \u2665", "photo": {"prefix": "https://igx.4sqi.net/img/user/", "suffix": "/3U51EAD4MIBXDE1S.jpg"}, "homeCity": "Singapore", "lists": {"groups": [{"items": [], "count": 2, "type": "created"}]}}, {"tips": {"count": 1}, "contact": {"twitter": "fuckyeahalif", "facebook": "538783069"}, "firstName": "Muhammad", "gender": "male", "lastName": "Alif", "id": "2326721", "bio": "", "photo": {"prefix": "https://igx.4sqi.net/img/user/", "suffix": "/O0FXX0OQ2K0NMB2F.jpg"}, "homeCity": "Singapore", "lists": {"groups": [{"items": [], "count": 2, "type": "created"}]}}, {"tips": {"count": 1}, "contact": {"facebook": "1260001722"}, "firstName": "M.", "gender": "male", "lastName": "Wan", "id": "3302376", "bio": "", "photo": {"prefix": "https://igx.4sqi.net/img/user/", "suffix": "/5YB5UWV51OFE32BA.jpg"}, "homeCity": "Singapore", "lists": {"groups": [{"items": [], "count": 2, "type": "created"}]}}, {"tips": {"count": 0}, "contact": {}, "firstName": "Kamal", "gender": "male", "lastName": "Sahat", "id": "6189256", "bio": "", "photo": {"prefix": "https://igx.4sqi.net/img/user/", "suffix": "/P1ZN45YBWWE5H44Z.jpg"}, "homeCity": "Singapore", "lists": {"groups": [{"items": [], "count": 2, "type": "created"}]}}, {"tips": {"count": 0}, "contact": {"facebook": "658228094"}, "firstName": "muhammad", "gender": "male", "lastName": "sukri", "id": "7149014", "bio": "", "photo": {"prefix": "https://igx.4sqi.net/img/user/", "suffix": "/FSV3PX5LAAYTLUPW.jpg"}, "homeCity": "Malaysia, Kuala Lumpur", "lists": {"groups": [{"items": [], "count": 2, "type": "created"}]}}, {"tips": {"count": 1}, "contact": {"facebook": "1094140924"}, "firstName": "syafeeq", "gender": "male", "lastName": "karman", "id": "5785775", "bio": "", "photo": {"prefix": "https://igx.4sqi.net/img/user/", "suffix": "/X4K013J55IVV0QKQ.jpg"}, "homeCity": "Singapore", "lists": {"groups": [{"items": [], "count": 2, "type": "created"}]}}, {"tips": {"count": 0}, "contact": {"facebook": "1520704713"}, "firstName": "The Italian", "gender": "male", "lastName": "Beauty", "id": "2743710", "bio": "", "photo": {"prefix": "https://igx.4sqi.net/img/user/", "suffix": "/TR1K3R5RCHN0V1F5.jpg"}, "homeCity": "Singapore", "lists": {"groups": [{"items": [], "count": 2, "type": "created"}]}}, {"tips": {"count": 2}, "contact": {"twitter": "qalamabdullatif", "facebook": "10209410588043355"}, "firstName": "Qalam", "gender": "male", "lastName": "Abdul Latiff", "id": "8234911", "bio": "Hi", "photo": {"prefix": "https://igx.4sqi.net/img/user/", "suffix": "/8234911-HKMFYWHUU0NZJUTO.jpg"}, "homeCity": "Singapore", "lists": {"groups": [{"items": [], "count": 2, "type": "created"}]}}, {"tips": {"count": 9}, "contact": {"twitter": "mannmindtrap", "facebook": "665823732"}, "firstName": "Jasman", "gender": "male", "lastName": "Alwi", "id": "3056495", "bio": "Hey Ho Let!s Go!", "photo": {"prefix": "https://igx.4sqi.net/img/user/", "suffix": "/3056495-WUVUZIWG0XLF4CQD.jpg"}, "homeCity": "Singapore", "lists": {"groups": [{"items": [], "count": 2, "type": "created"}]}}, {"tips": {"count": 0}, "contact": {"twitter": "azroy_shazwan", "facebook": "598603713"}, "firstName": "Azroy", "gender": "male", "lastName": "Shazwan", "id": "4186921", "bio": "", "photo": {"prefix": "https://igx.4sqi.net/img/user/", "suffix": "/XENPOAVK1ZUOU1WG.jpg"}, "homeCity": "Singapore", "lists": {"groups": [{"items": [], "count": 2, "type": "created"}]}}, {"tips": {"count": 1}, "contact": {"twitter": "chuumyyyy", "facebook": "689234787"}, "firstName": "syasya", "gender": "female", "lastName": "Angelina", "id": "4785443", "bio": "", "photo": {"prefix": "https://igx.4sqi.net/img/user/", "suffix": "/U5TCGGJUPDU0CUXE.jpg"}, "homeCity": "Singapore", "lists": {"groups": [{"items": [], "count": 2, "type": "created"}]}}, {"tips": {"count": 3}, "contact": {}, "firstName": "Farhan", "gender": "male", "lastName": "Yaw", "id": "2326774", "bio": "", "photo": {"prefix": "https://igx.4sqi.net/img/user/", "suffix": "/NP3X0FSJY3SZIL4Y.jpg"}, "homeCity": "Bedok North Road, Singapore", "lists": {"groups": [{"items": [], "count": 2, "type": "created"}]}}, {"tips": {"count": 0}, "contact": {"facebook": "100000170464976"}, "firstName": "Afif", "gender": "male", "lastName": "Faiq", "id": "3314807", "bio": "", "photo": {"prefix": "https://igx.4sqi.net/img/user/", "suffix": "/T0CZMDJI5R030YTF.jpg"}, "homeCity": "Singapore", "lists": {"groups": [{"items": [], "count": 2, "type": "created"}]}}, {"tips": {"count": 6}, "contact": {"facebook": "683110921"}, "firstName": "Marco", "gender": "male", "lastName": "Decruze", "id": "6190213", "bio": "", "photo": {"prefix": "https://igx.4sqi.net/img/user/", "suffix": "/2YKG1V24S225LKAD.jpg"}, "homeCity": "Singapore", "lists": {"groups": [{"items": [], "count": 2, "type": "created"}]}}, {"tips": {"count": 0}, "contact": {"facebook": "526914892"}, "firstName": "Fiona", "gender": "female", "lastName": "amabellee", "id": "7162847", "bio": "", "photo": {"prefix": "https://igx.4sqi.net/img/user/", "suffix": "/IOXH2Y2TXSSE5YWY.jpg"}, "homeCity": "Singapore", "lists": {"groups": [{"items": [], "count": 2, "type": "created"}]}}, {"tips": {"count": 1}, "contact": {"facebook": "637181978"}, "firstName": "YanCiine", "gender": "male", "id": "5823443", "bio": "", "photo": {"prefix": "https://igx.4sqi.net/img/user/", "suffix": "/E0E45MSDVQ0IWE20.jpg"}, "homeCity": "singapore", "lists": {"groups": [{"items": [], "count": 2, "type": "created"}]}}, {"tips": {"count": 0}, "contact": {"facebook": "851455472"}, "firstName": "Summer", "gender": "female", "lastName": "Roberts", "id": "2745872", "bio": "", "photo": {"prefix": "https://igx.4sqi.net/img/user/", "suffix": "/AL3IADPGMZUEJIZB.jpg"}, "homeCity": "Singapore", "lists": {"groups": [{"items": [], "count": 2, "type": "created"}]}}, {"tips": {"count": 0}, "contact": {"twitter": "ahq21", "facebook": "657143016"}, "firstName": "Ahq", "gender": "male", "lastName": "Rox", "id": "3624002", "bio": "", "photo": {"prefix": "https://igx.4sqi.net/img/user/", "suffix": "/EWVK02YXOUYKSQCV.jpg"}, "homeCity": "Singapore", "lists": {"groups": [{"items": [], "count": 2, "type": "created"}]}}, {"tips": {"count": 0}, "contact": {"facebook": "670340602"}, "firstName": "Wadi", "gender": "male", "lastName": "Awardhy", "id": "5028750", "bio": "", "photo": {"prefix": "https://igx.4sqi.net/img/user/", "suffix": "/RTHWU52SW4JQ3GCH.jpg"}, "homeCity": "Singapore", "lists": {"groups": [{"items": [], "count": 2, "type": "created"}]}}, {"tips": {"count": 0}, "contact": {"facebook": "723876238"}, "firstName": "IJALsepetz", "gender": "male", "lastName": "Nokotta", "id": "4821293", "bio": "", "photo": {"prefix": "https://igx.4sqi.net/img/user/", "suffix": "/NBY1WLSS0FRFI2KU.jpg"}, "homeCity": "Singapore", "lists": {"groups": [{"items": [], "count": 2, "type": "created"}]}}, {"tips": {"count": 0}, "contact": {"facebook": "100001366425632"}, "firstName": "Izwan", "gender": "male", "lastName": "Muhammad", "id": "2542184", "bio": "", "photo": {"prefix": "https://igx.4sqi.net/img/user/", "suffix": "/2PKLHI5GQVSR0UMZ.jpg"}, "homeCity": "Singapore", "lists": {"groups": [{"items": [], "count": 2, "type": "created"}]}}, {"tips": {"count": 0}, "contact": {"twitter": "fiienoris", "facebook": "100000732357972"}, "firstName": "Fiie", "gender": "female", "lastName": "Chique", "id": "3392591", "bio": "", "photo": {"prefix": "https://igx.4sqi.net/img/user/", "suffix": "/ICVRKVNAG3EJSRDY.jpg"}, "homeCity": "Singapore", "lists": {"groups": [{"items": [], "count": 2, "type": "created"}]}}, {"tips": {"count": 0}, "contact": {"facebook": "100004838798442"}, "firstName": "Mas", "gender": "none", "lastName": "xxxssa", "id": "6240424", "bio": "Married.", "photo": {"prefix": "https://igx.4sqi.net/img/user/", "suffix": "/EJRLMTAAFYTCVDF4.jpg"}, "homeCity": "Singapore", "lists": {"groups": [{"items": [], "count": 2, "type": "created"}]}}, {"tips": {"count": 0}, "contact": {"facebook": "100000510169776"}, "firstName": "cHEz", "gender": "male", "id": "5950354", "bio": "", "photo": {"prefix": "https://igx.4sqi.net/img/user/", "suffix": "/SARNVD1SODA5STUP.jpg"}, "homeCity": "Singapore", "lists": {"groups": [{"items": [], "count": 2, "type": "created"}]}}, {"tips": {"count": 0}, "contact": {}, "firstName": "Faisal", "gender": "male", "lastName": "Yusof", "id": "3353882", "bio": "", "photo": {"prefix": "https://igx.4sqi.net/img/user/", "suffix": "/5OXJM33I2F2NOWPW.jpg"}, "homeCity": "Singapore", "lists": {"groups": [{"items": [], "count": 2, "type": "created"}]}}, {"tips": {"count": 0}, "contact": {"facebook": "631002060"}, "firstName": "Chua", "gender": "male", "lastName": "Kenneth", "id": "3752192", "bio": "", "photo": {"prefix": "https://igx.4sqi.net/img/user/", "suffix": "/LEYAJNCZU4DZOUXG.jpg"}, "homeCity": "Singapore", "lists": {"groups": [{"items": [], "count": 2, "type": "created"}]}}, {"tips": {"count": 1}, "contact": {}, "firstName": "Mohamednoor", "gender": "male", "lastName": "Nooradel", "id": "5041246", "bio": "", "photo": {"prefix": "https://igx.4sqi.net/img/user/", "suffix": "/ILERY3UV2KP4L5QS.jpg"}, "homeCity": "New York, NY", "lists": {"groups": [{"items": [], "count": 2, "type": "created"}]}}, {"tips": {"count": 0}, "contact": {"twitter": "topaone3rd"}, "firstName": "Topa", "gender": "male", "lastName": "Uri Murdock", "id": "6604264", "bio": "", "photo": {"prefix": "https://igx.4sqi.net/img/user/", "suffix": "/RHKCJP0SCW4GRQNL.jpg"}, "homeCity": "Singapore", "lists": {"groups": [{"items": [], "count": 2, "type": "created"}]}}, {"tips": {"count": 3}, "contact": {"facebook": "100001947021796"}, "firstName": "Annie", "gender": "female", "lastName": "Izzwanie", "id": "2644478", "bio": "", "photo": {"prefix": "https://igx.4sqi.net/img/user/", "suffix": "/DIDEAXTL4RIMHM1X.jpg"}, "homeCity": "Singapore", "lists": {"groups": [{"items": [], "count": 2, "type": "created"}]}}, {"tips": {"count": 0}, "contact": {"facebook": "1369168265"}, "firstName": "Shakir", "gender": "male", "lastName": "Hernandez", "id": "3500199", "bio": "", "photo": {"prefix": "https://igx.4sqi.net/img/user/", "suffix": "/UMV0HACKBRO3VNXR.jpg"}, "homeCity": "\u91cd\u5e86\u5e02, \u4e2d\u56fd", "lists": {"groups": [{"items": [], "count": 2, "type": "created"}]}}, {"tips": {"count": 0}, "contact": {"facebook": "648173067"}, "firstName": "Wanromano", "gender": "male", "lastName": "Delmire", "id": "6259557", "bio": "", "photo": {"prefix": "https://igx.4sqi.net/img/user/", "suffix": "/1R4OQV04TDE1WI5Q.jpg"}, "homeCity": "Singapore, Marsiling", "lists": {"groups": [{"items": [], "count": 2, "type": "created"}]}}, {"tips": {"count": 3}, "contact": {"facebook": "1313253471"}, "firstName": "Mud", "gender": "male", "lastName": "Lucifer", "id": "5976510", "bio": "", "photo": {"prefix": "https://igx.4sqi.net/img/user/", "suffix": "/WSAR5SDPX4VCEILP.jpg"}, "homeCity": "Singapore", "lists": {"groups": [{"items": [], "count": 2, "type": "created"}]}}, {"tips": {"count": 0}, "contact": {}, "firstName": "Liyue", "gender": "female", "id": "3574006", "bio": "", "photo": {"prefix": "https://igx.4sqi.net/img/user/", "suffix": "/LSXTULRDYIB0IZBS.jpg"}, "homeCity": "Tampines ", "lists": {"groups": [{"items": [], "count": 2, "type": "created"}]}}, {"tips": {"count": 0}, "contact": {}, "firstName": "Zai'ni", "gender": "male", "lastName": "Zainida", "id": "3918968", "bio": "", "photo": {"prefix": "https://igx.4sqi.net/img/user/", "suffix": "/HNMMAMCUO1JESODF.jpg"}, "homeCity": "Singapore", "lists": {"groups": [{"items": [], "count": 2, "type": "created"}]}}, {"tips": {"count": 0}, "contact": {"facebook": "656836400"}, "firstName": "muhd", "gender": "male", "lastName": "burn", "id": "5358986", "bio": "", "photo": {"prefix": "https://igx.4sqi.net/img/user/", "suffix": "/5CJGDETPIT25IIHT.jpg"}, "homeCity": "Singapore", "lists": {"groups": [{"items": [], "count": 2, "type": "created"}]}}, {"tips": {"count": 0}, "contact": {"facebook": "100001532593412"}, "firstName": "Min", "gender": "male", "lastName": "Stifler", "id": "6610426", "bio": "", "photo": {"prefix": "https://igx.4sqi.net/img/user/", "suffix": "/LWA4GLZ1JJHOV3U3.jpg"}, "homeCity": "Singapore", "lists": {"groups": [{"items": [], "count": 2, "type": "created"}]}}, {"tips": {"count": 1}, "contact": {}, "firstName": "Jasonxlg", "gender": "male", "lastName": "lim", "id": "2787289", "bio": "", "photo": {"prefix": "https://igx.4sqi.net/img/user/", "suffix": "/N5JQKVYNAONOBQT2.jpg"}, "homeCity": "Singapore", "lists": {"groups": [{"items": [], "count": 2, "type": "created"}]}}, {"tips": {"count": 2}, "contact": {"facebook": "1663246232"}, "firstName": "Zul", "gender": "male", "lastName": "Kapaldi", "id": "3731047", "bio": "", "photo": {"prefix": "https://igx.4sqi.net/img/user/", "suffix": "/D2CHNVYZSPVILJM1.jpg"}, "homeCity": "Singapore", "lists": {"groups": [{"items": [], "count": 2, "type": "created"}]}}, {"tips": {"count": 0}, "contact": {}, "firstName": "Zziraa", "gender": "female", "lastName": "Ziee", "id": "6301669", "bio": "", "photo": {"prefix": "https://igx.4sqi.net/img/user/", "suffix": "/D1SKTODIJWM5LPAR.jpg"}, "homeCity": "New York, NY", "lists": {"groups": [{"items": [], "count": 2, "type": "created"}]}}, {"tips": {"count": 0}, "contact": {}, "firstName": "szaaaaay", "gender": "none", "id": "6111644", "bio": "", "photo": {"prefix": "https://igx.4sqi.net/img/user/", "suffix": "/HQXQ5B01Y4GNPPQO.jpg"}, "homeCity": "Singapore", "lists": {"groups": [{"items": [], "count": 2, "type": "created"}]}}, {"tips": {"count": 1}, "contact": {"twitter": "splendidfie", "facebook": "100002910571434"}, "firstName": "NRFA", "gender": "female", "lastName": "M.", "id": "3659707", "bio": "24. \r\nYouth has no age.", "photo": {"prefix": "https://igx.4sqi.net/img/user/", "suffix": "/3659707_5m9abnEj_vddV3GJmMbFBbmyCyhs82GH6MkOtFIftQU5H4TsaqMxnJ7GozqjDxoiJ1L9JlI6d.jpg"}, "homeCity": "Singapore", "lists": {"groups": [{"items": [], "count": 2, "type": "created"}]}}, {"tips": {"count": 0}, "contact": {"twitter": "ikelspade"}, "firstName": "Haiqal", "gender": "male", "lastName": "Yusoff", "id": "3937893", "bio": "", "photo": {"prefix": "https://igx.4sqi.net/img/user/", "suffix": "/50CL3GUBUQOOTH4H.jpg"}, "homeCity": "Singapore", "lists": {"groups": [{"items": [], "count": 2, "type": "created"}]}}, {"tips": {"count": 0}, "contact": {}, "firstName": "Siti", "gender": "female", "lastName": "Ashura", "id": "5397415", "bio": "", "photo": {"prefix": "https://igx.4sqi.net/img/user/", "suffix": "/blank_girl.png", "default": true}, "homeCity": "Singapore", "lists": {"groups": [{"items": [], "count": 2, "type": "created"}]}}, {"tips": {"count": 1}, "contact": {"facebook": "618352982"}, "firstName": "Sham", "gender": "male", "lastName": "Bon-Bon", "id": "3082219", "bio": "", "photo": {"prefix": "https://igx.4sqi.net/img/user/", "suffix": "/2ZYS4RNMJ514PVUO.jpg"}, "homeCity": "Singapore", "lists": {"groups": [{"items": [], "count": 2, "type": "created"}]}}, {"tips": {"count": 0}, "contact": {"twitter": "aidilsexton"}, "firstName": "Aidil", "gender": "male", "lastName": "Sexton", "id": "4019311", "bio": "", "photo": {"prefix": "https://igx.4sqi.net/img/user/", "suffix": "/GXBPAL12LFN1CDVE.jpg"}, "homeCity": "Singapore", "lists": {"groups": [{"items": [], "count": 2, "type": "created"}]}}, {"tips": {"count": 0}, "contact": {}, "firstName": "Belz", "gender": "male", "lastName": "Hermann", "id": "6302522", "bio": "", "photo": {"prefix": "https://igx.4sqi.net/img/user/", "suffix": "/KXUJXPFE5OTFM4TX.jpg"}, "homeCity": "Singapore", "lists": {"groups": [{"items": [], "count": 2, "type": "created"}]}}, {"tips": {"count": 1}, "contact": {"facebook": "100000120721214"}, "firstName": "Little", "gender": "male", "lastName": "Smiley", "id": "3954256", "bio": "", "photo": {"prefix": "https://igx.4sqi.net/img/user/", "suffix": "/4P55Y54V4SI35B4A.jpg"}, "homeCity": "Yew Tee, Singapore", "lists": {"groups": [{"items": [], "count": 2, "type": "created"}]}}, {"tips": {"count": 1}, "contact": {"facebook": "1255590948"}, "firstName": "woody", "gender": "male", "lastName": "woodpecker", "id": "5092227", "bio": "", "photo": {"prefix": "https://igx.4sqi.net/img/user/", "suffix": "/C3YWJMGSKB55AZTG.jpg"}, "homeCity": "Singapore", "lists": {"groups": [{"items": [], "count": 2, "type": "created"}]}}, {"tips": {"count": 0}, "contact": {"twitter": "annascreamy", "facebook": "609343113"}, "firstName": "SNJannah", "gender": "female", "id": "5408533", "bio": "", "photo": {"prefix": "https://igx.4sqi.net/img/user/", "suffix": "/5408533-OJNQ3LIYRHHB0FH5.jpg"}, "homeCity": "Singapore", "lists": {"groups": [{"items": [], "count": 2, "type": "created"}]}}, {"tips": {"count": 0}, "contact": {"facebook": "100000034248811"}, "firstName": "Wawan", "gender": "male", "lastName": "Auras", "id": "3139645", "bio": "", "photo": {"prefix": "https://igx.4sqi.net/img/user/", "suffix": "/E3ADPZXN5JD45RTU.jpg"}, "homeCity": "Singapore", "lists": {"groups": [{"items": [], "count": 2, "type": "created"}]}}, {"tips": {"count": 0}, "contact": {"twitter": "imanrainger", "facebook": "570489419"}, "firstName": "Iman", "gender": "male", "lastName": "Rashid", "id": "4021001", "bio": "", "photo": {"prefix": "https://igx.4sqi.net/img/user/", "suffix": "/EUN2TM0YVZ2PY0P2.jpg"}, "homeCity": "New York, NY", "lists": {"groups": [{"items": [], "count": 2, "type": "created"}]}}, {"tips": {"count": 0}, "contact": {"twitter": "magdelineee"}, "firstName": "Magdeline Ng", "gender": "female", "id": "6453541", "bio": "", "photo": {"prefix": "https://igx.4sqi.net/img/user/", "suffix": "/6453541_OJC06izu_FC43rn295XlI0UMG0GoOCNW17-B05DZd29-Z0H707ItMnC6wOGczG26bYyogdngO.jpg"}, "homeCity": "Singapore", "lists": {"groups": [{"items": [], "count": 2, "type": "created"}]}}, {"tips": {"count": 0}, "contact": {}, "firstName": "Mal", "gender": "male", "lastName": "Keai", "id": "4652781", "bio": "", "photo": {"prefix": "https://igx.4sqi.net/img/user/", "suffix": "/Y4GSBXPTJRUQDIZR.jpg"}, "homeCity": "Singapore", "lists": {"groups": [{"items": [], "count": 2, "type": "created"}]}}, {"tips": {"count": 0}, "contact": {}, "firstName": "DaYaH", "gender": "female", "lastName": "Sunny", "id": "5098433", "bio": "", "photo": {"prefix": "https://igx.4sqi.net/img/user/", "suffix": "/blank_girl.png", "default": true}, "homeCity": "Singapore", "lists": {"groups": [{"items": [], "count": 2, "type": "created"}]}}, {"tips": {"count": 0}, "contact": {}, "firstName": "Wira masaakazu", "gender": "male", "lastName": "Ito", "id": "6593464", "bio": "", "photo": {"prefix": "https://igx.4sqi.net/img/user/", "suffix": "/1LD1JHDEZBKWG2NW.jpg"}, "homeCity": "Singapore", "lists": {"groups": [{"items": [], "count": 2, "type": "created"}]}}, {"tips": {"count": 0}, "contact": {"twitter": "jiamincjm", "facebook": "675826587"}, "firstName": "JIAMIN", "gender": "female", "lastName": "choo", "id": "3241128", "bio": "", "photo": {"prefix": "https://igx.4sqi.net/img/user/", "suffix": "/1YBKSC51U4TU1ZVM.jpg"}, "homeCity": "Singapore", "lists": {"groups": [{"items": [], "count": 2, "type": "created"}]}}, {"tips": {"count": 7}, "contact": {}, "firstName": "ifaa", "gender": "female", "lastName": "insyirah", "id": "4046261", "bio": "", "photo": {"prefix": "https://igx.4sqi.net/img/user/", "suffix": "/SMZWWDJZ5KUHJDAJ.jpg"}, "homeCity": "Singapore", "lists": {"groups": [{"items": [], "count": 2, "type": "created"}]}}, {"tips": {"count": 0}, "contact": {"facebook": "1631955183"}, "firstName": "Chacha", "gender": "female", "lastName": "Bebey", "id": "6921548", "bio": "", "photo": {"prefix": "https://igx.4sqi.net/img/user/", "suffix": "/DOWL2PIW00MXOXP4.jpg"}, "homeCity": "Singapore", "lists": {"groups": [{"items": [], "count": 2, "type": "created"}]}}, {"tips": {"count": 26}, "contact": {"facebook": "644268651"}, "firstName": "Khairul", "gender": "male", "lastName": "Chuni", "id": "4661048", "bio": "", "photo": {"prefix": "https://igx.4sqi.net/img/user/", "suffix": "/VYW3MJP2ILQ3Z0PN.jpg"}, "homeCity": "Singapore", "lists": {"groups": [{"items": [], "count": 2, "type": "created"}]}}, {"tips": {"count": 1}, "contact": {"twitter": "nshazie", "facebook": "1019484721"}, "firstName": "NShazie", "gender": "female", "lastName": "Ali", "id": "5253771", "bio": "", "photo": {"prefix": "https://igx.4sqi.net/img/user/", "suffix": "/YSLMSZBQ4KPFBOXK.jpg"}, "homeCity": "Singapore", "lists": {"groups": [{"items": [], "count": 2, "type": "created"}]}}, {"tips": {"count": 1}, "contact": {"twitter": "freakinabby"}, "firstName": "Nabilah", "gender": "female", "lastName": "abby", "id": "6595181", "bio": "", "photo": {"prefix": "https://igx.4sqi.net/img/user/", "suffix": "/WZ0UERAMVISCWU2H.jpg"}, "homeCity": "Singapore", "lists": {"groups": [{"items": [], "count": 2, "type": "created"}]}}, {"tips": {"count": 0}, "contact": {"facebook": "773538771"}, "firstName": "Muhammad", "gender": "male", "lastName": "Hanif", "id": "3412470", "bio": "", "photo": {"prefix": "https://igx.4sqi.net/img/user/", "suffix": "/blank_boy.png", "default": true}, "homeCity": "Singapore", "lists": {"groups": [{"items": [], "count": 2, "type": "created"}]}}, {"tips": {"count": 0}, "contact": {"facebook": "100000014238315"}, "firstName": "Ian", "gender": "male", "lastName": "Parker", "id": "4120212", "bio": "", "photo": {"prefix": "https://igx.4sqi.net/img/user/", "suffix": "/N0GUNXHKVMLAJMIW.jpg"}, "homeCity": "Singapore", "lists": {"groups": [{"items": [], "count": 2, "type": "created"}]}}, {"tips": {"count": 0}, "contact": {"facebook": "100000264107233"}, "firstName": "Kye", "gender": "male", "lastName": "Abd kahar", "id": "4992819", "bio": "", "photo": {"prefix": "https://igx.4sqi.net/img/user/", "suffix": "/IKFTJPW1BS53UZ5H.jpg"}, "homeCity": "Singapore", "lists": {"groups": [{"items": [], "count": 2, "type": "created"}]}}, {"tips": {"count": 0}, "contact": {"facebook": "1595975114"}, "firstName": "Raja", "gender": "female", "lastName": "Ayishah", "id": "8284367", "bio": "", "photo": {"prefix": "https://igx.4sqi.net/img/user/", "suffix": "/2DOQWF3FTPK2PYYP.jpg"}, "homeCity": "Singapore", "lists": {"groups": [{"items": [], "count": 2, "type": "created"}]}}, {"tips": {"count": 0}, "contact": {"twitter": "kennethgodlike", "facebook": "591727348"}, "firstName": "Kenneth", "gender": "male", "lastName": "Keat", "id": "3420454", "bio": "", "photo": {"prefix": "https://igx.4sqi.net/img/user/", "suffix": "/1ZHQS4W0DJA01SJC.jpg"}, "homeCity": "Singapore", "lists": {"groups": [{"items": [], "count": 2, "type": "created"}]}}, {"tips": {"count": 2}, "contact": {"facebook": "1825354236"}, "firstName": "Arris", "gender": "male", "lastName": "Villa", "id": "4131068", "bio": "", "photo": {"prefix": "https://igx.4sqi.net/img/user/", "suffix": "/MUBQSTDRQLOOTFY2.jpg"}, "homeCity": "Singapore", "lists": {"groups": [{"items": [], "count": 2, "type": "created"}]}}, {"tips": {"count": 0}, "contact": {"twitter": "r6ystaarr", "facebook": "552712271"}, "firstName": "Roy", "gender": "male", "lastName": "Staarr", "id": "5052205", "bio": "", "photo": {"prefix": "https://igx.4sqi.net/img/user/", "suffix": "/WZ10KOMOZIVSWDNZ.jpg"}, "homeCity": "Singapore", "lists": {"groups": [{"items": [], "count": 2, "type": "created"}]}}, {"tips": {"count": 0}, "contact": {}, "firstName": "Fahmi", "gender": "male", "lastName": "Vengeance", "id": "3613414", "bio": "", "photo": {"prefix": "https://igx.4sqi.net/img/user/", "suffix": "/AQDTXJBIUIDLCTBR.jpg"}, "homeCity": "Singapore", "lists": {"groups": [{"items": [], "count": 2, "type": "created"}]}}, {"tips": {"count": 0}, "contact": {"facebook": "631956125"}, "firstName": "Ken", "gender": "male", "lastName": "Chua", "id": "4491205", "bio": "", "photo": {"prefix": "https://igx.4sqi.net/img/user/", "suffix": "/Q22G2G3LWSSCLBJL.jpg"}, "homeCity": "Kovan, WV", "lists": {"groups": [{"items": [], "count": 2, "type": "created"}]}}, {"tips": {"count": 0}, "contact": {}, "firstName": "Ana", "gender": "female", "lastName": "Syazana", "id": "5115740", "bio": "", "photo": {"prefix": "https://igx.4sqi.net/img/user/", "suffix": "/VNMKICLGXWTXBGBK.jpg"}, "homeCity": "Singapore", "lists": {"groups": [{"items": [], "count": 2, "type": "created"}]}}, {"tips": {"count": 0}, "contact": {"twitter": "waaniie", "facebook": "604216249"}, "firstName": "Wanie", "gender": "female", "lastName": "Asyura", "id": "3681634", "bio": "", "photo": {"prefix": "https://igx.4sqi.net/img/user/", "suffix": "/DUGCBYYSBSVBPPXQ.jpg"}, "homeCity": "Singapore", "lists": {"groups": [{"items": [], "count": 2, "type": "created"}]}}, {"tips": {"count": 0}, "contact": {"facebook": "1379667373"}, "firstName": "Diddy", "gender": "male", "lastName": "Mashud", "id": "4757921", "bio": "", "photo": {"prefix": "https://igx.4sqi.net/img/user/", "suffix": "/D5RH4IPDQKPDAF2G.jpg"}, "homeCity": "Singapore", "lists": {"groups": [{"items": [], "count": 2, "type": "created"}]}}, {"tips": {"count": 0}, "contact": {"twitter": "kaii_nakamura", "facebook": "100000265355059"}, "firstName": "Kaii", "gender": "male", "lastName": "Nakamura\u25cb\u25cf\u2693\u25cf\u25cb", "id": "5310585", "bio": "", "photo": {"prefix": "https://igx.4sqi.net/img/user/", "suffix": "/-KM1LRHXCIH1FFHGB.jpg"}, "homeCity": "Choa Chu Kang ", "lists": {"groups": [{"items": [], "count": 2, "type": "created"}]}}, {"tips": {"count": 0}, "contact": {"facebook": "1337287832"}, "firstName": "Bambang", "gender": "male", "lastName": "Iswandy", "id": "3687562", "bio": "", "photo": {"prefix": "https://igx.4sqi.net/img/user/", "suffix": "/NDOKJAGGB2Y0PYGB.jpg"}, "homeCity": "Singapore", "lists": {"groups": [{"items": [], "count": 2, "type": "created"}]}}, {"tips": {"count": 0}, "contact": {"facebook": "727239841"}, "firstName": "badiZ", "gender": "male", "lastName": "kuRoSaki", "id": "4762338", "bio": "", "photo": {"prefix": "https://igx.4sqi.net/img/user/", "suffix": "/IIP5B2J25RY4QWBI.jpg"}, "homeCity": "Singapore", "lists": {"groups": [{"items": [], "count": 2, "type": "created"}]}}, {"tips": {"count": 1}, "contact": {"facebook": "100006434232671"}, "firstName": "Amy", "gender": "female", "lastName": "Kttypws", "id": "5323641", "bio": "", "photo": {"prefix": "https://igx.4sqi.net/img/user/", "suffix": "/VBDLJVHW4M4XNQKQ.jpg"}, "homeCity": "Singapore", "lists": {"groups": [{"items": [], "count": 2, "type": "created"}]}}, {"tips": {"count": 0}, "contact": {"twitter": "faaddlee", "facebook": "1157298267"}, "firstName": "Fadd", "gender": "male", "lastName": "Lee", "id": "3703760", "bio": "", "photo": {"prefix": "https://igx.4sqi.net/img/user/", "suffix": "/S3REJOPQE5TF2KPA.jpg"}, "homeCity": "Singapore", "lists": {"groups": [{"items": [], "count": 2, "type": "created"}]}}, {"tips": {"count": 1}, "contact": {"facebook": "662832957"}, "firstName": "Apiz", "gender": "male", "lastName": "Apiz", "id": "5217195", "bio": "", "photo": {"prefix": "https://igx.4sqi.net/img/user/", "suffix": "/RYJTYI14PLGEXVPJ.jpg"}, "homeCity": "Singapore", "lists": {"groups": [{"items": [], "count": 2, "type": "created"}]}}, {"tips": {"count": 4}, "contact": {"twitter": "pprdllx"}, "firstName": "Nura'Fieza", "gender": "female", "id": "3766646", "bio": "+65 // 19", "photo": {"prefix": "https://igx.4sqi.net/img/user/", "suffix": "/ETGCJZAJM0ZMAWEB.jpg"}, "homeCity": "Singapore", "lists": {"groups": [{"items": [], "count": 2, "type": "created"}]}}, {"tips": {"count": 0}, "contact": {}, "firstName": "Muhammad Faris", "gender": "male", "lastName": "Jamil", "id": "5301592", "bio": "", "photo": {"prefix": "https://igx.4sqi.net/img/user/", "suffix": "/OBFZPXVDKX2DO4YM.jpg"}, "homeCity": "Singapore", "lists": {"groups": [{"items": [], "count": 2, "type": "created"}]}}, {"tips": {"count": 0}, "contact": {"facebook": "669469706"}, "firstName": "Shamin", "gender": "male", "lastName": "Muhammad", "id": "3831712", "bio": "", "photo": {"prefix": "https://igx.4sqi.net/img/user/", "suffix": "/4VTZTSFB31JIXH2L.jpg"}, "homeCity": "Singapore", "lists": {"groups": [{"items": [], "count": 2, "type": "created"}]}}, {"tips": {"count": 0}, "contact": {"facebook": "504110861"}, "firstName": "Haiqal", "gender": "male", "lastName": "Loeridge", "id": "5306544", "bio": "", "photo": {"prefix": "https://igx.4sqi.net/img/user/", "suffix": "/L1ULDR34DE1VSAXP.jpg"}, "homeCity": "Singapore", "lists": {"groups": [{"items": [], "count": 2, "type": "created"}]}}, {"tips": {"count": 0}, "contact": {}, "firstName": "Feefye", "gender": "female", "id": "4002842", "bio": "", "photo": {"prefix": "https://igx.4sqi.net/img/user/", "suffix": "/2NQNLXAMG4ERWL1S.jpg"}, "homeCity": "Singapore", "lists": {"groups": [{"items": [], "count": 2, "type": "created"}]}}, {"tips": {"count": 0}, "contact": {}, "firstName": "Zam", "gender": "male", "lastName": "Skel", "id": "5796162", "bio": "", "photo": {"prefix": "https://igx.4sqi.net/img/user/", "suffix": "/XOJ2YXIMAZIT3NBE.jpg"}, "homeCity": "singapore", "lists": {"groups": [{"items": [], "count": 2, "type": "created"}]}}, {"tips": {"count": 4}, "contact": {"twitter": "syiq_cefire"}, "firstName": "Syiq", "gender": "male", "lastName": "Cefire", "id": "4085553", "bio": "", "photo": {"prefix": "https://igx.4sqi.net/img/user/", "suffix": "/WGSPL1ENGOK2P2W3.jpg"}, "homeCity": "Singapore", "lists": {"groups": [{"items": [], "count": 2, "type": "created"}]}}, {"tips": {"count": 0}, "contact": {}, "firstName": "Hairul", "gender": "male", "lastName": "Nazri", "id": "6043963", "bio": "", "photo": {"prefix": "https://igx.4sqi.net/img/user/", "suffix": "/T44IO4TRHV3HZ4EO.jpg"}, "homeCity": "Singapore", "lists": {"groups": [{"items": [], "count": 2, "type": "created"}]}}, {"tips": {"count": 2}, "contact": {"twitter": "kennethfunny", "facebook": "783113654"}, "firstName": "Kenneth", "gender": "male", "lastName": "Lim", "id": "4092785", "bio": "", "photo": {"prefix": "https://igx.4sqi.net/img/user/", "suffix": "/0HA35VXDJDLXGSVI.jpg"}, "homeCity": "Singapore", "lists": {"groups": [{"items": [], "count": 2, "type": "created"}]}}, {"tips": {"count": 0}, "contact": {}, "firstName": "Acit", "gender": "male", "lastName": "Peiia", "id": "6048310", "bio": "", "photo": {"prefix": "https://igx.4sqi.net/img/user/", "suffix": "/blank_boy.png", "default": true}, "homeCity": "New York, NY", "lists": {"groups": [{"items": [], "count": 2, "type": "created"}]}}, {"tips": {"count": 0}, "contact": {"facebook": "100001569212204"}, "firstName": "chinta", "gender": "female", "lastName": "Eumura", "id": "4162777", "bio": "", "photo": {"prefix": "https://igx.4sqi.net/img/user/", "suffix": "/LPRSY051OYFPMHL0.jpg"}, "homeCity": "Singapore", "lists": {"groups": [{"items": [], "count": 2, "type": "created"}]}}, {"tips": {"count": 0}, "contact": {"facebook": "100001766790876"}, "firstName": "Muhamed", "gender": "male", "lastName": "Ishaq", "id": "4164105", "bio": "", "photo": {"prefix": "https://igx.4sqi.net/img/user/", "suffix": "/LNSYTNITRG32O0RX.jpg"}, "homeCity": "Singapore", "lists": {"groups": [{"items": [], "count": 2, "type": "created"}]}}, {"tips": {"count": 4}, "contact": {"facebook": "100000469113437"}, "firstName": "\u0458\u0446\u043f\u0456\u043e\u044f", "gender": "male", "lastName": "\u0458\u043e\u043a\u0435\u044f", "id": "4433695", "bio": "", "photo": {"prefix": "https://igx.4sqi.net/img/user/", "suffix": "/01KNT53O12MD4BOP.jpg"}, "homeCity": "Singapore", "lists": {"groups": [{"items": [], "count": 2, "type": "created"}]}}, {"tips": {"count": 0}, "contact": {}, "firstName": "Siti", "gender": "female", "lastName": "NoorEllissah", "id": "4597851", "bio": "", "photo": {"prefix": "https://igx.4sqi.net/img/user/", "suffix": "/LCPHS5GXNRKDEDMK.jpg"}, "homeCity": "Singapore", "lists": {"groups": [{"items": [], "count": 2, "type": "created"}]}}, {"tips": {"count": 1}, "contact": {}, "firstName": "Kenneth", "gender": "male", "id": "4731051", "bio": "", "photo": {"prefix": "https://igx.4sqi.net/img/user/", "suffix": "/ZBO4AFQUNJYYNH11.jpg"}, "homeCity": "", "lists": {"groups": [{"items": [], "count": 2, "type": "created"}]}}, {"tips": {"count": 2}, "contact": {"facebook": "732432963"}, "firstName": "Akin", "gender": "female", "lastName": "kin", "id": "4733302", "bio": "", "photo": {"prefix": "https://igx.4sqi.net/img/user/", "suffix": "/EE2WMALR135HYQTD.jpg"}, "homeCity": "Singapore", "lists": {"groups": [{"items": [], "count": 2, "type": "created"}]}}, {"tips": {"count": 0}, "contact": {"facebook": "773958444"}, "firstName": "Imah", "gender": "female", "lastName": "Chee \u0394", "id": "5233177", "bio": "", "photo": {"prefix": "https://igx.4sqi.net/img/user/", "suffix": "/blank_girl.png", "default": true}, "homeCity": "Singapore", "lists": {"groups": [{"items": [], "count": 2, "type": "created"}]}}, {"tips": {"count": 0}, "contact": {}, "firstName": "Khairul", "gender": "male", "lastName": "Hazim", "id": "5239964", "bio": "", "photo": {"prefix": "https://igx.4sqi.net/img/user/", "suffix": "/HAP1D4BZ5IXWQTNQ.jpg"}, "homeCity": "Singapore", "lists": {"groups": [{"items": [], "count": 2, "type": "created"}]}}, {"tips": {"count": 0}, "contact": {}, "firstName": "Ryan Justin", "gender": "male", "lastName": "Haiqal", "id": "5268032", "bio": "", "photo": {"prefix": "https://igx.4sqi.net/img/user/", "suffix": "/ZS3O5RSOI0WK4VU2.jpg"}, "homeCity": "Singapore", "lists": {"groups": [{"items": [], "count": 2, "type": "created"}]}}, {"tips": {"count": 1}, "contact": {}, "firstName": "Anonymous", "gender": "male", "lastName": "User", "id": "5344375", "bio": "", "photo": {"prefix": "https://igx.4sqi.net/img/user/", "suffix": "/5344375-G2LDLPEJNFRP1I23.jpg"}, "homeCity": "Singapore", "lists": {"groups": [{"items": [], "count": 2, "type": "created"}]}}, {"tips": {"count": 0}, "contact": {"twitter": "bb_suryadi", "facebook": "777095331"}, "firstName": "Adi", "gender": "male", "lastName": "Suryadi", "id": "5656506", "bio": "", "photo": {"prefix": "https://igx.4sqi.net/img/user/", "suffix": "/QCE1Y3OFJB3B5XAI.jpg"}, "homeCity": "Singapore", "lists": {"groups": [{"items": [], "count": 2, "type": "created"}]}}, {"tips": {"count": 0}, "contact": {"facebook": "553143432"}, "firstName": "Nur", "gender": "female", "lastName": "Ella", "id": "6012664", "bio": "", "photo": {"prefix": "https://igx.4sqi.net/img/user/", "suffix": "/0XMGXKJ0SP2T1MDT.jpg"}, "homeCity": "Singapore", "lists": {"groups": [{"items": [], "count": 2, "type": "created"}]}}, {"tips": {"count": 0}, "contact": {"facebook": "1640710520"}, "firstName": "Harniz", "gender": "male", "lastName": "Sufiyan", "id": "6367696", "bio": "", "photo": {"prefix": "https://igx.4sqi.net/img/user/", "suffix": "/NWA1B1U5TJQRBA2S.jpg"}, "homeCity": "Singapore", "lists": {"groups": [{"items": [], "count": 2, "type": "created"}]}}, {"tips": {"count": 0}, "contact": {}, "firstName": "Eda", "gender": "female", "lastName": "Chiyoko karuto", "id": "6467384", "bio": "", "photo": {"prefix": "https://igx.4sqi.net/img/user/", "suffix": "/blank_girl.png", "default": true}, "homeCity": "Singapore", "lists": {"groups": [{"items": [], "count": 2, "type": "created"}]}}, {"tips": {"count": 0}, "contact": {"facebook": "100000200115694"}, "firstName": "Faris", "gender": "male", "lastName": "Lex", "id": "6476901", "bio": "", "photo": {"prefix": "https://igx.4sqi.net/img/user/", "suffix": "/6476901-VQL3JEZMKEKW1JMT.jpg"}, "homeCity": "Singapore", "lists": {"groups": [{"items": [], "count": 2, "type": "created"}]}}, {"tips": {"count": 1}, "contact": {"twitter": "queentishaa", "facebook": "692096124"}, "firstName": "Queentisha", "gender": "female", "id": "7314250", "bio": "", "photo": {"prefix": "https://igx.4sqi.net/img/user/", "suffix": "/7314250-1XLGJRF3FQM3RFCT.jpg"}, "homeCity": "Singapore", "lists": {"groups": [{"items": [], "count": 2, "type": "created"}]}}], "count": 598}, "checksum": "4c245965d1440107929920d5dc7187901e612944"}, "meta": {"requestId": "596632171ed2191a0008cb06", "code": 200}}