{"notifications": [{"type": "notificationTray", "item": {"unreadCount": 0}}], "response": {"friends": {"items": [{"tips": {"count": 0}, "contact": {"facebook": "100000848784573"}, "firstName": "Yusoff", "gender": "male", "lastName": "Hassan", "id": "11590927", "bio": "", "photo": {"prefix": "https://igx.4sqi.net/img/user/", "suffix": "/ZRUYTZ5JYIWIEIEP.jpg"}, "homeCity": "Singapore", "lists": {"groups": [{"items": [], "count": 2, "type": "created"}]}}, {"tips": {"count": 1}, "contact": {"facebook": "725348191"}, "firstName": "Suhaimi", "gender": "male", "lastName": "Dethmute", "id": "6744600", "bio": "", "photo": {"prefix": "https://igx.4sqi.net/img/user/", "suffix": "/TVVPEHHULYZJAC4L.jpg"}, "homeCity": "Singapore", "lists": {"groups": [{"items": [], "count": 2, "type": "created"}]}}, {"tips": {"count": 0}, "contact": {"facebook": "1066972675"}, "firstName": "Aizat", "gender": "male", "lastName": "Hashim", "id": "8939980", "bio": "", "photo": {"prefix": "https://igx.4sqi.net/img/user/", "suffix": "/VIE2GKI54DUUCX05.jpg"}, "homeCity": "Singapore", "lists": {"groups": [{"items": [], "count": 2, "type": "created"}]}}, {"tips": {"count": 1}, "contact": {"facebook": "1179557873"}, "firstName": "\u00ae Fonzie \u2122", "gender": "male", "lastName": "\u2650 Atan \u26a1", "id": "7853676", "bio": "", "photo": {"prefix": "https://igx.4sqi.net/img/user/", "suffix": "/DLUX1KFPJTHCLMWZ.jpg"}, "homeCity": "fonzie's santuary", "lists": {"groups": [{"items": [], "count": 2, "type": "created"}]}}, {"tips": {"count": 0}, "contact": {"facebook": "729384008"}, "firstName": "Syu", "gender": "female", "lastName": "Zombie", "id": "11018177", "bio": "", "photo": {"prefix": "https://igx.4sqi.net/img/user/", "suffix": "/5YTBHVFEVOVJFFDQ.jpg"}, "homeCity": "Singapore", "lists": {"groups": [{"items": [], "count": 2, "type": "created"}]}}, {"tips": {"count": 0}, "contact": {}, "firstName": "Zai", "gender": "female", "lastName": "Md", "id": "5979733", "bio": "", "photo": {"prefix": "https://igx.4sqi.net/img/user/", "suffix": "/EEK5GNF2JBGTCT3R.jpg"}, "homeCity": "Singapore", "lists": {"groups": [{"items": [], "count": 2, "type": "created"}]}}, {"tips": {"count": 4}, "contact": {"facebook": "1498505199"}, "firstName": "novia", "gender": "female", "lastName": "mardha", "id": "2634348", "bio": "", "photo": {"prefix": "https://igx.4sqi.net/img/user/", "suffix": "/ME4B5YT2YR1Y2TQ3.gif"}, "homeCity": "Banda Aceh, Indonesia", "lists": {"groups": [{"items": [], "count": 2, "type": "created"}]}}, {"tips": {"count": 0}, "contact": {"facebook": "620640169"}, "firstName": "Riduan", "gender": "male", "lastName": "Nordin", "id": "8225267", "bio": "", "photo": {"prefix": "https://igx.4sqi.net/img/user/", "suffix": "/EGC2VOYVQOQBOTAI.jpg"}, "homeCity": "NY", "lists": {"groups": [{"items": [], "count": 2, "type": "created"}]}}, {"tips": {"count": 2}, "contact": {"twitter": "shaynanur", "facebook": "1063377555"}, "firstName": "Aisyah_BDL", "gender": "female", "id": "3839141", "bio": "", "photo": {"prefix": "https://igx.4sqi.net/img/user/", "suffix": "/3839141-02RVISBUM0RBN0KF.jpg"}, "homeCity": "Singapore", "lists": {"groups": [{"items": [], "count": 2, "type": "created"}]}}, {"tips": {"count": 5}, "contact": {"twitter": "aaronazmi", "facebook": "571099003"}, "firstName": "Aaron", "gender": "male", "lastName": "Azmi", "id": "4185612", "bio": "", "photo": {"prefix": "https://igx.4sqi.net/img/user/", "suffix": "/4185612-TAAVZWWTQXEG2R5Y.jpg"}, "homeCity": "Singapore", "lists": {"groups": [{"items": [], "count": 2, "type": "created"}]}}, {"tips": {"count": 1}, "contact": {"twitter": "azkeelvampir", "facebook": "100001117998384"}, "firstName": "Azkeel", "gender": "male", "lastName": "Corvinus", "id": "2992361", "bio": "", "photo": {"prefix": "https://igx.4sqi.net/img/user/", "suffix": "/JMLFG2W0U2HNNZMC.jpg"}, "homeCity": "Singapore", "lists": {"groups": [{"items": [], "count": 2, "type": "created"}]}}, {"tips": {"count": 0}, "contact": {"facebook": "610462829"}, "firstName": "Amin", "gender": "male", "lastName": "Salleh", "id": "4953845", "bio": "", "photo": {"prefix": "https://igx.4sqi.net/img/user/", "suffix": "/HWLS4OLXN4Z2IZVS.jpg"}, "homeCity": "Singapore", "lists": {"groups": [{"items": [], "count": 2, "type": "created"}]}}, {"tips": {"count": 4}, "contact": {"facebook": "100002540111971"}, "firstName": "Rahman", "gender": "male", "lastName": "Sulaiman", "id": "10535991", "bio": "", "photo": {"prefix": "https://igx.4sqi.net/img/user/", "suffix": "/VJZCXI2IEGWCM0YB.jpg"}, "homeCity": "Singapore", "lists": {"groups": [{"items": [], "count": 2, "type": "created"}]}}, {"tips": {"count": 6}, "contact": {"twitter": "nanangsoegiarto", "facebook": "1423864315"}, "firstName": "Papane", "gender": "male", "lastName": "Ale Arlend", "id": "9057832", "bio": "", "photo": {"prefix": "https://igx.4sqi.net/img/user/", "suffix": "/2KN1MOBZL43455LA.jpg"}, "homeCity": " Milano, Italia", "lists": {"groups": [{"items": [], "count": 2, "type": "created"}]}}, {"tips": {"count": 0}, "contact": {"facebook": "100001160587920"}, "firstName": "Aim", "gender": "male", "lastName": "Hassan", "id": "1705754", "bio": "", "photo": {"prefix": "https://igx.4sqi.net/img/user/", "suffix": "/3RL125BEBBAK32AT.jpg"}, "homeCity": "Singapore", "lists": {"groups": [{"items": [], "count": 2, "type": "created"}]}}, {"tips": {"count": 0}, "contact": {"facebook": "100001418192030"}, "firstName": "Askme", "gender": "male", "lastName": "Akhthar", "id": "3315538", "bio": "", "photo": {"prefix": "https://igx.4sqi.net/img/user/", "suffix": "/HYPVWUNP0LKKJ2V1.jpg"}, "homeCity": "Singapore", "lists": {"groups": [{"items": [], "count": 2, "type": "created"}]}}, {"tips": {"count": 9}, "contact": {"twitter": "bam_riandy", "facebook": "1481571720"}, "firstName": "Bambang", "gender": "male", "lastName": "Riandy", "id": "2098445", "bio": "", "photo": {"prefix": "https://igx.4sqi.net/img/user/", "suffix": "/FRIF3LMUXTPOQZ53.jpg"}, "homeCity": "Singapore", "lists": {"groups": [{"items": [], "count": 3, "type": "created"}]}}, {"tips": {"count": 0}, "contact": {}, "firstName": "Syu", "gender": "female", "lastName": "Zombie", "id": "10989070", "bio": "", "photo": {"prefix": "https://igx.4sqi.net/img/user/", "suffix": "/blank_girl.png", "default": true}, "homeCity": "NY", "lists": {"groups": [{"items": [], "count": 2, "type": "created"}]}}, {"tips": {"count": 4}, "contact": {"facebook": "1124652479"}, "firstName": "Zack", "gender": "male", "lastName": "De Marco", "id": "7832544", "bio": "", "photo": {"prefix": "https://igx.4sqi.net/img/user/", "suffix": "/blank_boy.png", "default": true}, "homeCity": "Singapore", "lists": {"groups": [{"items": [], "count": 2, "type": "created"}]}}, {"tips": {"count": 0}, "contact": {"facebook": "1515452806"}, "firstName": "Angela", "gender": "female", "lastName": "Merici", "id": "13861128", "bio": "", "photo": {"prefix": "https://igx.4sqi.net/img/user/", "suffix": "/VEYTVFKSRIRMZMXP.jpg"}, "homeCity": "NY", "lists": {"groups": [{"items": [], "count": 2, "type": "created"}]}}, {"tips": {"count": 0}, "contact": {"facebook": "698145192"}, "firstName": "Noor", "gender": "male", "lastName": "Hisham", "id": "3576939", "bio": "", "photo": {"prefix": "https://igx.4sqi.net/img/user/", "suffix": "/blank_boy.png", "default": true}, "homeCity": "Singapore", "lists": {"groups": [{"items": [], "count": 2, "type": "created"}]}}, {"tips": {"count": 0}, "contact": {"facebook": "853989428"}, "firstName": "Hafiz Spencer", "gender": "male", "id": "5928058", "bio": "", "photo": {"prefix": "https://igx.4sqi.net/img/user/", "suffix": "/2TIPHI13FMED0AE0.jpg"}, "homeCity": "Singapore", "lists": {"groups": [{"items": [], "count": 2, "type": "created"}]}}, {"tips": {"count": 0}, "contact": {"facebook": "100001072173545"}, "firstName": "Axl Rain", "gender": "male", "id": "3330979", "bio": "", "photo": {"prefix": "https://igx.4sqi.net/img/user/", "suffix": "/KJRJTA03PJ4LQYEN.jpg"}, "homeCity": "Singapore", "lists": {"groups": [{"items": [], "count": 2, "type": "created"}]}}, {"tips": {"count": 0}, "contact": {"facebook": "884305400"}, "firstName": "Kerry", "gender": "male", "lastName": "Frost", "id": "2976772", "bio": "", "photo": {"prefix": "https://igx.4sqi.net/img/user/", "suffix": "/A2XDD2ZUNXUIKZVR.jpg"}, "homeCity": "Singapore", "lists": {"groups": [{"items": [], "count": 2, "type": "created"}]}}, {"tips": {"count": 3}, "contact": {"facebook": "626611371"}, "firstName": "Kenneth", "gender": "male", "lastName": "Koh", "id": "3507229", "bio": "", "photo": {"prefix": "https://igx.4sqi.net/img/user/", "suffix": "/MWVDP54CMD0FXLQN.jpg"}, "homeCity": "Singapore", "lists": {"groups": [{"items": [], "count": 2, "type": "created"}]}}, {"tips": {"count": 0}, "contact": {"facebook": "1084025265"}, "firstName": "Ayimikin", "gender": "male", "lastName": "Shazino", "id": "10414144", "bio": "", "photo": {"prefix": "https://igx.4sqi.net/img/user/", "suffix": "/1HHBKZN2CK5COAKF.jpg"}, "homeCity": "Singapore", "lists": {"groups": [{"items": [], "count": 2, "type": "created"}]}}, {"tips": {"count": 0}, "contact": {}, "firstName": "Atip", "gender": "male", "lastName": "DaRock", "id": "3337045", "bio": "", "photo": {"prefix": "https://igx.4sqi.net/img/user/", "suffix": "/JQTSI04HFDK5U44K.jpg"}, "homeCity": "Singapore", "lists": {"groups": [{"items": [], "count": 2, "type": "created"}]}}, {"tips": {"count": 1}, "contact": {"facebook": "639627938"}, "firstName": "Karen", "gender": "female", "lastName": "Gao", "id": "3252480", "bio": "", "photo": {"prefix": "https://igx.4sqi.net/img/user/", "suffix": "/GYJDVVOCF5AWPQNF.jpg"}, "homeCity": "Singapore", "lists": {"groups": [{"items": [], "count": 2, "type": "created"}]}}, {"tips": {"count": 0}, "contact": {"facebook": "1418844139"}, "firstName": "Ghani", "gender": "none", "lastName": "Ganz", "id": "3338407", "bio": "", "photo": {"prefix": "https://igx.4sqi.net/img/user/", "suffix": "/XNZC1RU4U1T1VJN5.jpg"}, "homeCity": "Singapore", "lists": {"groups": [{"items": [], "count": 2, "type": "created"}]}}, {"tips": {"count": 0}, "contact": {"facebook": "1051310770"}, "firstName": "vidya", "gender": "female", "lastName": "safitri", "id": "3765842", "bio": "", "photo": {"prefix": "https://igx.4sqi.net/img/user/", "suffix": "/3ORWLSTP1HJX3Y31.jpg"}, "homeCity": "Jakarta, Indonesia", "lists": {"groups": [{"items": [], "count": 2, "type": "created"}]}}, {"tips": {"count": 4}, "contact": {"facebook": "1078704434"}, "firstName": "Jurgen", "gender": "male", "lastName": "Zulz", "id": "4483333", "bio": "", "photo": {"prefix": "https://igx.4sqi.net/img/user/", "suffix": "/JHYNJWLL2MVJPEKW.jpg"}, "homeCity": "Singapore", "lists": {"groups": [{"items": [], "count": 2, "type": "created"}]}}, {"tips": {"count": 0}, "contact": {"twitter": "axedspell", "facebook": "1418747027"}, "firstName": "Zulz", "gender": "male", "lastName": "Axed", "id": "6016136", "bio": "", "photo": {"prefix": "https://igx.4sqi.net/img/user/", "suffix": "/ZQIHKTTQHA54XKD2.jpg"}, "homeCity": "Singapore", "lists": {"groups": [{"items": [], "count": 2, "type": "created"}]}}], "count": 32}, "checksum": "53205f6c28e8ab3b05f73caf46d9c9c87f93a3bb"}, "meta": {"requestId": "5965cc334c1f67704e472391", "code": 200}}