{"notifications": [{"type": "notificationTray", "item": {"unreadCount": 0}}], "response": {"friends": {"items": [{"tips": {"count": 1}, "contact": {}, "firstName": "Nader", "gender": "male", "lastName": "Sh", "id": "45446212", "bio": "Come to chat: skype: nader_andreh", "photo": {"prefix": "https://igx.4sqi.net/img/user/", "suffix": "/4S5IAPN5UXHHRPES.jpg"}, "homeCity": "Guangdong (come on MSN nicolascage2010@live.com)", "lists": {"groups": [{"items": [], "count": 3, "type": "created"}]}}, {"tips": {"count": 0}, "contact": {"facebook": "600378674"}, "firstName": "ace", "gender": "male", "lastName": "of spade", "id": "9351926", "bio": "", "photo": {"prefix": "https://igx.4sqi.net/img/user/", "suffix": "/YW3PKQRJNJLFSHHZ.jpg"}, "homeCity": "Singapore", "lists": {"groups": [{"items": [], "count": 2, "type": "created"}]}}, {"tips": {"count": 8}, "contact": {"twitter": "monahearts"}, "firstName": "MomoFish", "gender": "male", "id": "4363191", "bio": "", "photo": {"prefix": "https://igx.4sqi.net/img/user/", "suffix": "/GPIB4GR15GIHZUQY.jpg"}, "homeCity": "Singapore", "lists": {"groups": [{"items": [], "count": 2, "type": "created"}]}}, {"tips": {"count": 12}, "contact": {"twitter": "alvin_ncs", "facebook": "646605485"}, "firstName": "Alvin", "gender": "male", "lastName": "Ncs", "id": "5142857", "bio": "", "photo": {"prefix": "https://igx.4sqi.net/img/user/", "suffix": "/BWXKTQZG4F5FWNER.jpg"}, "homeCity": "Singapore", "lists": {"groups": [{"items": [], "count": 2, "type": "created"}]}}, {"tips": {"count": 0}, "contact": {}, "firstName": "Choo", "gender": "male", "lastName": "Yong sheng", "id": "3515203", "bio": "", "photo": {"prefix": "https://igx.4sqi.net/img/user/", "suffix": "/RUBP5STAPRQ5UTIA.jpg"}, "homeCity": "Singapore", "lists": {"groups": [{"items": [], "count": 2, "type": "created"}]}}, {"tips": {"count": 0}, "contact": {"twitter": "therealzuhair"}, "firstName": "Zuhair", "gender": "male", "lastName": "Z.", "id": "25398932", "bio": "", "photo": {"prefix": "https://igx.4sqi.net/img/user/", "suffix": "/LF0GSCRSNHXC0L3L.jpg"}, "homeCity": "Singapore", "lists": {"groups": [{"items": [], "count": 2, "type": "created"}]}}, {"tips": {"count": 0}, "contact": {"facebook": "575271246"}, "firstName": "Travis", "gender": "male", "lastName": "Yap", "id": "4262400", "bio": "", "photo": {"prefix": "https://igx.4sqi.net/img/user/", "suffix": "/4262400-MOJNZOTAZBFVJATE.jpg"}, "homeCity": "Singapore", "lists": {"groups": [{"items": [], "count": 2, "type": "created"}]}}, {"tips": {"count": 0}, "contact": {"twitter": "hiyoucarolyn", "facebook": "1032347058"}, "firstName": "Carolyn", "gender": "female", "id": "4269505", "bio": "", "photo": {"prefix": "https://igx.4sqi.net/img/user/", "suffix": "/4269505-WYNAQW21HGBPXJGD.jpg"}, "homeCity": "Singapore", "lists": {"groups": [{"items": [], "count": 2, "type": "created"}]}}, {"tips": {"count": 0}, "contact": {}, "firstName": "Mao", "gender": "male", "id": "13782296", "bio": "", "photo": {"prefix": "https://igx.4sqi.net/img/user/", "suffix": "/N5LFSMR3HRJ5YSUQ.jpg"}, "homeCity": "Singapore", "lists": {"groups": [{"items": [], "count": 2, "type": "created"}]}}, {"tips": {"count": 0}, "contact": {"facebook": "711043089"}, "firstName": "Adrian", "gender": "male", "id": "5587177", "bio": "", "photo": {"prefix": "https://igx.4sqi.net/img/user/", "suffix": "/5UUBM2P5PV3CE2LM.jpg"}, "homeCity": "Singapore", "lists": {"groups": [{"items": [], "count": 2, "type": "created"}]}}, {"tips": {"count": 0}, "contact": {"twitter": "heartacheagonyx", "facebook": "1535396232"}, "firstName": "Yueting", "gender": "female", "lastName": "Sleepyhead", "id": "1933855", "bio": "", "photo": {"prefix": "https://igx.4sqi.net/img/user/", "suffix": "/IWYZRT2WBJGCOPLD.jpg"}, "homeCity": "Singapore", "lists": {"groups": [{"items": [], "count": 2, "type": "created"}]}}, {"tips": {"count": 5}, "contact": {"facebook": "1770888165"}, "firstName": "Solomon", "gender": "male", "lastName": "Salvatore", "id": "5372379", "bio": "You nice. I nice.", "photo": {"prefix": "https://igx.4sqi.net/img/user/", "suffix": "/UZ5BMQQ1QPPPWXLJ.jpg"}, "homeCity": "Singapore", "lists": {"groups": [{"items": [], "count": 2, "type": "created"}]}}, {"tips": {"count": 0}, "contact": {"twitter": "veronrmf"}, "firstName": "Veron", "gender": "female", "lastName": "Ng", "id": "2496007", "bio": "", "photo": {"prefix": "https://igx.4sqi.net/img/user/", "suffix": "/FTIJMCQWVWIZUZSL.jpg"}, "homeCity": "Singapore", "lists": {"groups": [{"items": [], "count": 2, "type": "created"}]}}, {"tips": {"count": 1}, "contact": {"facebook": "716797304"}, "firstName": "Louis", "gender": "male", "lastName": "Voon", "id": "4100638", "bio": "", "photo": {"prefix": "https://igx.4sqi.net/img/user/", "suffix": "/GKTKTJCFMXEGSERC.jpg"}, "homeCity": "Singapore", "lists": {"groups": [{"items": [], "count": 2, "type": "created"}]}}, {"tips": {"count": 1}, "contact": {}, "firstName": "yan", "gender": "male", "lastName": "shuo", "id": "3798111", "bio": "", "photo": {"prefix": "https://igx.4sqi.net/img/user/", "suffix": "/YSPUABAPKHXQPHAL.jpg"}, "homeCity": "Singapore", "lists": {"groups": [{"items": [], "count": 2, "type": "created"}]}}, {"tips": {"count": 1}, "contact": {"facebook": "1496640462"}, "firstName": "Sebastian", "gender": "male", "lastName": "Ahbear", "id": "4950450", "bio": "", "photo": {"prefix": "https://igx.4sqi.net/img/user/", "suffix": "/OS2CCRBLP3KAEHZL.jpg"}, "homeCity": "Singapore", "lists": {"groups": [{"items": [], "count": 2, "type": "created"}]}}, {"tips": {"count": 4}, "contact": {"twitter": "iampapatan"}, "firstName": "Zack", "gender": "male", "lastName": "Tan", "id": "3540570", "bio": "", "photo": {"prefix": "https://igx.4sqi.net/img/user/", "suffix": "/QQTXVUSU5BQACO4D.jpg"}, "homeCity": "Singapore", "lists": {"groups": [{"items": [], "count": 2, "type": "created"}]}}, {"tips": {"count": 0}, "contact": {"facebook": "785437599"}, "firstName": "Guan Zheng", "gender": "male", "lastName": "Chua", "id": "4400364", "bio": "", "photo": {"prefix": "https://igx.4sqi.net/img/user/", "suffix": "/YXTB3AFI2JZCF0PF.jpg"}, "homeCity": "Singapore", "lists": {"groups": [{"items": [], "count": 2, "type": "created"}]}}, {"tips": {"count": 0}, "contact": {}, "firstName": "Godzilla", "gender": "male", "id": "1392746", "bio": "", "photo": {"prefix": "https://igx.4sqi.net/img/user/", "suffix": "/QRPGVHR5XPFXGXPI.jpg"}, "homeCity": "Singapore", "lists": {"groups": [{"items": [], "count": 4, "type": "created"}]}}, {"tips": {"count": 1}, "contact": {"twitter": "lennoncher", "facebook": "100001539826080"}, "firstName": "Lennon", "gender": "male", "lastName": "Cher", "id": "3169511", "bio": "", "photo": {"prefix": "https://igx.4sqi.net/img/user/", "suffix": "/W0THF2UQYRK5C2HW.jpg"}, "homeCity": "Singapore", "lists": {"groups": [{"items": [], "count": 2, "type": "created"}]}}, {"tips": {"count": 0}, "contact": {"twitter": "marcuscjh92", "facebook": "928748680493974"}, "firstName": "Marcus", "gender": "male", "lastName": "Lanzer", "id": "23114515", "bio": "", "photo": {"prefix": "https://igx.4sqi.net/img/user/", "suffix": "/23114515-CLFVM4YFRKCNUNDH.jpg"}, "homeCity": "New York, NY", "lists": {"groups": [{"items": [], "count": 2, "type": "created"}]}}, {"tips": {"count": 0}, "contact": {"facebook": "731253012"}, "firstName": "Zi", "gender": "female", "lastName": "Yin", "id": "11631693", "bio": "", "photo": {"prefix": "https://igx.4sqi.net/img/user/", "suffix": "/LGZ5B5DQGANGES1O.jpg"}, "homeCity": "Singapore", "lists": {"groups": [{"items": [], "count": 2, "type": "created"}]}}, {"tips": {"count": 0}, "contact": {"twitter": "almondding", "facebook": "1509565184"}, "firstName": "DING", "gender": "male", "lastName": "DINGDANGDANG\u263a", "id": "4774559", "bio": "", "photo": {"prefix": "https://igx.4sqi.net/img/user/", "suffix": "/4774559-4VOOVGXLZSACLFEO.jpg"}, "homeCity": "Singapore", "lists": {"groups": [{"items": [], "count": 2, "type": "created"}]}}, {"tips": {"count": 0}, "contact": {"twitter": "kissesforloves"}, "firstName": "Joanne", "gender": "female", "lastName": "Chan", "id": "6798081", "bio": "", "photo": {"prefix": "https://igx.4sqi.net/img/user/", "suffix": "/GKRGGEO3ZFX0J45A.jpg"}, "homeCity": "Singapore", "lists": {"groups": [{"items": [], "count": 2, "type": "created"}]}}, {"tips": {"count": 0}, "contact": {"twitter": "renjieminihulk", "facebook": "1109512822"}, "firstName": "Ren Jie", "gender": "male", "lastName": "ParanoidSupafly", "id": "9867098", "bio": "", "photo": {"prefix": "https://igx.4sqi.net/img/user/", "suffix": "/LE1VZCJPJDPCWQC4.jpg"}, "homeCity": "Singapore", "lists": {"groups": [{"items": [], "count": 2, "type": "created"}]}}, {"tips": {"count": 4}, "contact": {"twitter": "djpalu420", "facebook": "100001609059229"}, "firstName": "!DJ Palu", "gender": "female", "id": "25469263", "bio": "DJ Palu in the houseee! Hollaaaaa~!", "photo": {"prefix": "https://igx.4sqi.net/img/user/", "suffix": "/BJYJHJ5MF3LGWDGW.jpg"}, "homeCity": "Http://Paul.com.sg", "lists": {"groups": [{"items": [], "count": 3, "type": "created"}]}}, {"tips": {"count": 1}, "contact": {"twitter": "shinystarstar", "facebook": "100000065963952"}, "firstName": "XIUJING", "gender": "female", "lastName": "WU", "id": "4264495", "bio": "", "photo": {"prefix": "https://igx.4sqi.net/img/user/", "suffix": "/F0IPHIFNCBYBZ43G.jpg"}, "homeCity": "Singapore", "lists": {"groups": [{"items": [], "count": 2, "type": "created"}]}}, {"tips": {"count": 0}, "contact": {}, "firstName": "Wu", "gender": "male", "lastName": "Wei", "id": "7522051", "bio": "", "photo": {"prefix": "https://igx.4sqi.net/img/user/", "suffix": "/5ZJFUTIVSYMVZ1XU.jpg"}, "homeCity": "Singapore", "lists": {"groups": [{"items": [], "count": 2, "type": "created"}]}}, {"tips": {"count": 0}, "contact": {"twitter": "kiangjeng", "facebook": "731658791"}, "firstName": "Kiang Jeng", "gender": "male", "lastName": "Heng", "id": "5789625", "bio": "", "photo": {"prefix": "https://igx.4sqi.net/img/user/", "suffix": "/ZAYU2IMPWQ5LIFDK.jpg"}, "homeCity": "Singapore", "lists": {"groups": [{"items": [], "count": 2, "type": "created"}]}}, {"tips": {"count": 5}, "contact": {}, "firstName": "Kenneth", "gender": "male", "lastName": "Tang", "id": "1934726", "bio": "", "photo": {"prefix": "https://igx.4sqi.net/img/user/", "suffix": "/0QH3LEKOR3GMIT5N.jpg"}, "homeCity": "Bukit Merah, Singapore", "lists": {"groups": [{"items": [], "count": 2, "type": "created"}]}}, {"tips": {"count": 0}, "contact": {}, "firstName": "Eric", "gender": "male", "lastName": "Ng", "id": "3535651", "bio": "", "photo": {"prefix": "https://igx.4sqi.net/img/user/", "suffix": "/CG1DQMTZTTRG2PYL.jpg"}, "homeCity": "Singapore", "lists": {"groups": [{"items": [], "count": 2, "type": "created"}]}}, {"tips": {"count": 0}, "contact": {}, "firstName": "Cheryl", "gender": "female", "lastName": "Lim", "id": "4102444", "bio": "", "photo": {"prefix": "https://igx.4sqi.net/img/user/", "suffix": "/MO2A0ZFDTVGHCTRT.jpg"}, "homeCity": "Singapore", "lists": {"groups": [{"items": [], "count": 2, "type": "created"}]}}, {"tips": {"count": 1}, "contact": {"facebook": "703062527"}, "firstName": "Dominic", "gender": "male", "lastName": "Foo", "id": "4620446", "bio": "", "photo": {"prefix": "https://igx.4sqi.net/img/user/", "suffix": "/W0EWTMITU12MGM2J.jpg"}, "homeCity": "Singapore", "lists": {"groups": [{"items": [], "count": 2, "type": "created"}]}}, {"tips": {"count": 1}, "contact": {"twitter": "_roystonnn", "facebook": "100002840486808"}, "firstName": "Royston", "gender": "male", "lastName": "Ong", "id": "34565265", "bio": "", "photo": {"prefix": "https://igx.4sqi.net/img/user/", "suffix": "/34565265-LXUFPDSH4FEOHCIR.jpg"}, "homeCity": "woodlands, singapore", "lists": {"groups": [{"items": [], "count": 2, "type": "created"}]}}, {"tips": {"count": 1}, "contact": {"facebook": "700636179"}, "firstName": "Martin", "gender": "male", "lastName": "Pang", "id": "4705049", "bio": "", "photo": {"prefix": "https://igx.4sqi.net/img/user/", "suffix": "/PDA35BDFCN0MRXSM.jpg"}, "homeCity": "Singapore, Clementi", "lists": {"groups": [{"items": [], "count": 2, "type": "created"}]}}, {"tips": {"count": 22}, "contact": {}, "firstName": "Richard", "gender": "male", "lastName": "S", "id": "9231487", "bio": "Life's short so, enjoy to the max within boundaries.", "photo": {"prefix": "https://igx.4sqi.net/img/user/", "suffix": "/9231487-XHBM5XCGCL0CXAYT.jpg"}, "homeCity": "Singapore", "lists": {"groups": [{"items": [], "count": 2, "type": "created"}]}}, {"tips": {"count": 1}, "contact": {"twitter": "joeycxj"}, "firstName": "Joey", "gender": "female", "lastName": "Chua", "id": "2326499", "bio": "", "photo": {"prefix": "https://igx.4sqi.net/img/user/", "suffix": "/Q1EKS5AVCB523BJ2.jpg"}, "homeCity": "Singapore", "lists": {"groups": [{"items": [], "count": 2, "type": "created"}]}}, {"tips": {"count": 5}, "contact": {"twitter": "tingtingchooooo", "facebook": "576019330"}, "firstName": "REBECCA \ud83d\udc8b", "gender": "female", "id": "3317250", "bio": "", "photo": {"prefix": "https://igx.4sqi.net/img/user/", "suffix": "/3317250_sC2kPG-w_0W0n5aqaUAclnsBjGzzxXLJnAp2BvbO7ENOr1VIk56kOd_VWon6R97u0h4UsGJFK.jpg"}, "homeCity": "Singapore", "lists": {"groups": [{"items": [], "count": 2, "type": "created"}]}}, {"tips": {"count": 4}, "contact": {"twitter": "chemist_sim", "facebook": "624100708"}, "firstName": "Jimmy", "gender": "none", "lastName": "Lim", "id": "23116182", "bio": "", "photo": {"prefix": "https://igx.4sqi.net/img/user/", "suffix": "/WINSPEK3URC4JLJO.jpg"}, "homeCity": "New York, NY", "lists": {"groups": [{"items": [], "count": 2, "type": "created"}]}}, {"tips": {"count": 4}, "contact": {"twitter": "feelspeed0711"}, "firstName": "Raymond", "gender": "male", "lastName": "Junior", "id": "16284913", "bio": "", "photo": {"prefix": "https://igx.4sqi.net/img/user/", "suffix": "/3LX1PDFMCIKD3YP5.jpg"}, "homeCity": "New York, NY", "lists": {"groups": [{"items": [], "count": 2, "type": "created"}]}}, {"tips": {"count": 0}, "contact": {"twitter": "tehisonfire", "facebook": "730431848"}, "firstName": "WenBin", "gender": "male", "lastName": "Isonfire", "id": "4783335", "bio": "", "photo": {"prefix": "https://igx.4sqi.net/img/user/", "suffix": "/blank_boy.png", "default": true}, "homeCity": "Singapore", "lists": {"groups": [{"items": [], "count": 2, "type": "created"}]}}, {"tips": {"count": 1}, "contact": {"twitter": "janetzhen", "facebook": "100000663750258"}, "firstName": "Janet", "gender": "female", "lastName": "Zhen", "id": "7166734", "bio": "", "photo": {"prefix": "https://igx.4sqi.net/img/user/", "suffix": "/RYU0OEH1MH5TSXXI.jpg"}, "homeCity": "Singapore", "lists": {"groups": [{"items": [], "count": 2, "type": "created"}]}}, {"tips": {"count": 0}, "contact": {"twitter": "chanelhenryc", "facebook": "1619067616"}, "firstName": "Chanel", "gender": "male", "lastName": "Vacheron", "id": "36570034", "bio": "", "photo": {"prefix": "https://igx.4sqi.net/img/user/", "suffix": "/MQLWOL3IE0CDXQ2I.jpg"}, "homeCity": "Singapore, Singapore", "lists": {"groups": [{"items": [], "count": 2, "type": "created"}]}}, {"tips": {"count": 0}, "contact": {"facebook": "604153335"}, "firstName": "Kelvin jiawei", "gender": "male", "id": "26026338", "bio": "", "photo": {"prefix": "https://igx.4sqi.net/img/user/", "suffix": "/YJ55F4PE1BX0D1KK.jpg"}, "homeCity": "New York, NY", "lists": {"groups": [{"items": [], "count": 3, "type": "created"}]}}, {"tips": {"count": 0}, "contact": {"facebook": "594280072"}, "firstName": "Jay", "gender": "male", "lastName": "Vuitton", "id": "4388451", "bio": "", "photo": {"prefix": "https://igx.4sqi.net/img/user/", "suffix": "/W4UHTA2UGMID0SOX.jpg"}, "homeCity": "Singapore", "lists": {"groups": [{"items": [], "count": 2, "type": "created"}]}}, {"tips": {"count": 0}, "contact": {"facebook": "100000102232939"}, "firstName": "Terence", "gender": "male", "lastName": "Goh", "id": "8202655", "bio": "", "photo": {"prefix": "https://igx.4sqi.net/img/user/", "suffix": "/SH0FY1HMY2WVLFWL.jpg"}, "homeCity": "Singapore", "lists": {"groups": [{"items": [], "count": 2, "type": "created"}]}}, {"tips": {"count": 0}, "contact": {"twitter": "shengjiaxie"}, "firstName": "shengjia", "gender": "female", "lastName": "xie", "id": "7480019", "bio": "", "photo": {"prefix": "https://igx.4sqi.net/img/user/", "suffix": "/XFGGQEG4IOG3FE00.jpg"}, "homeCity": "Singapore", "lists": {"groups": [{"items": [], "count": 2, "type": "created"}]}}, {"tips": {"count": 0}, "contact": {"twitter": "wonderpetunia"}, "firstName": "Rafidah", "gender": "female", "lastName": "Abd Rahim", "id": "2002431", "bio": "", "photo": {"prefix": "https://igx.4sqi.net/img/user/", "suffix": "/N32M4ZJ3U4XZFBNR.jpg"}, "homeCity": "Singapore, Clementi", "lists": {"groups": [{"items": [], "count": 2, "type": "created"}]}}, {"tips": {"count": 0}, "contact": {"twitter": "xennnnn", "facebook": "582028227"}, "firstName": "xEn", "gender": "female", "lastName": "Y", "id": "3627030", "bio": "", "photo": {"prefix": "https://igx.4sqi.net/img/user/", "suffix": "/3627030-TAQHZIRKR1EMTWGP.jpg"}, "homeCity": "Singapore", "lists": {"groups": [{"items": [], "count": 2, "type": "created"}]}}, {"tips": {"count": 0}, "contact": {}, "firstName": "Ravin", "gender": "male", "lastName": "Deran", "id": "5938805", "bio": "", "photo": {"prefix": "https://igx.4sqi.net/img/user/", "suffix": "/OFRDDG0VAUS5FXLT.jpg"}, "homeCity": "New York, NY", "lists": {"groups": [{"items": [], "count": 2, "type": "created"}]}}, {"tips": {"count": 17}, "contact": {"twitter": "lovefucklust", "facebook": "10154862629685618"}, "firstName": "Chrissy", "gender": "male", "lastName": "Pooh", "id": "4821775", "bio": "I drive, sing, eat, basketball, movie, iPhone and Facebook.", "photo": {"prefix": "https://igx.4sqi.net/img/user/", "suffix": "/4821775-BLG3LYDMSLREUJRG.jpg"}, "homeCity": "Singapore", "lists": {"groups": [{"items": [], "count": 2, "type": "created"}]}}, {"tips": {"count": 2}, "contact": {}, "firstName": "Adhi", "gender": "male", "lastName": "M", "id": "4724675", "bio": "", "photo": {"prefix": "https://igx.4sqi.net/img/user/", "suffix": "/3Z4JSGKEGAIHDYVZ.jpg"}, "homeCity": "Singapore", "lists": {"groups": [{"items": [], "count": 2, "type": "created"}]}}, {"tips": {"count": 0}, "contact": {}, "firstName": "KaMan", "gender": "female", "lastName": "Baby", "id": "2645547", "bio": "", "photo": {"prefix": "https://igx.4sqi.net/img/user/", "suffix": "/FLQMBN3MTIPMFJPQ.jpg"}, "homeCity": "Singapore", "lists": {"groups": [{"items": [], "count": 2, "type": "created"}]}}, {"tips": {"count": 0}, "contact": {"facebook": "689046519"}, "firstName": "Alvin", "gender": "male", "id": "3726313", "bio": "", "photo": {"prefix": "https://igx.4sqi.net/img/user/", "suffix": "/3ES052B4QNHGPO25.jpg"}, "homeCity": "Singapore", "lists": {"groups": [{"items": [], "count": 2, "type": "created"}]}}, {"tips": {"count": 9}, "contact": {"twitter": "yuliangsyl", "facebook": "556168170"}, "firstName": "YuLiang", "gender": "male", "lastName": "S", "id": "4842623", "bio": "", "photo": {"prefix": "https://igx.4sqi.net/img/user/", "suffix": "/3RKH4LOT11XELG0U.jpg"}, "homeCity": "Singapore", "lists": {"groups": [{"items": [], "count": 2, "type": "created"}]}}, {"tips": {"count": 0}, "contact": {}, "firstName": "Ivan", "gender": "male", "lastName": "Wong", "id": "8522530", "bio": "", "photo": {"prefix": "https://igx.4sqi.net/img/user/", "suffix": "/EXIB1SPEFTMMOMSU.jpg"}, "homeCity": "Singapore", "lists": {"groups": [{"items": [], "count": 2, "type": "created"}]}}, {"tips": {"count": 0}, "contact": {"twitter": "jeszeline", "facebook": "1818774176"}, "firstName": "Jesselyn", "gender": "female", "id": "37908314", "bio": "In greed we lust, in love we fall.", "photo": {"prefix": "https://igx.4sqi.net/img/user/", "suffix": "/MFTNF1044YUDTYSJ.jpg"}, "homeCity": "Singapore", "lists": {"groups": [{"items": [], "count": 2, "type": "created"}]}}, {"tips": {"count": 0}, "contact": {}, "firstName": "Yong", "gender": "male", "lastName": "Chee Keong", "id": "26652695", "bio": "", "photo": {"prefix": "https://igx.4sqi.net/img/user/", "suffix": "/PQDXSGHFBRQML2IJ.jpg"}, "homeCity": "Singapore ", "lists": {"groups": [{"items": [], "count": 2, "type": "created"}]}}, {"tips": {"count": 0}, "contact": {}, "firstName": "Alvin", "gender": "male", "lastName": "Lim", "id": "6563172", "bio": "", "photo": {"prefix": "https://igx.4sqi.net/img/user/", "suffix": "/OIBSWSOCQETPDPW3.jpg"}, "homeCity": "New York, NY", "lists": {"groups": [{"items": [], "count": 2, "type": "created"}]}}, {"tips": {"count": 1}, "contact": {"twitter": "hanilala", "facebook": "100000876780038"}, "firstName": "Honey", "gender": "female", "lastName": "Aung", "id": "13111536", "bio": "", "photo": {"prefix": "https://igx.4sqi.net/img/user/", "suffix": "/4HKIDJX4LFTJREVX.jpg"}, "homeCity": "Singapore", "lists": {"groups": [{"items": [], "count": 4, "type": "created"}]}}, {"tips": {"count": 0}, "contact": {"twitter": "acetky_", "facebook": "727582257"}, "firstName": "Ace", "gender": "male", "lastName": "Tham", "id": "7735127", "bio": "", "photo": {"prefix": "https://igx.4sqi.net/img/user/", "suffix": "/7735127-ALCKLR5AITDX1LFR.jpg"}, "homeCity": "Singapore", "lists": {"groups": [{"items": [], "count": 2, "type": "created"}]}}, {"tips": {"count": 0}, "contact": {"twitter": "sfong79", "facebook": "100000113629506"}, "firstName": "Shawn", "gender": "male", "lastName": "Fong", "id": "2360982", "bio": "", "photo": {"prefix": "https://igx.4sqi.net/img/user/", "suffix": "/3NB22LWBOYAAMI4V.jpg"}, "homeCity": "Singapore", "lists": {"groups": [{"items": [], "count": 2, "type": "created"}]}}, {"tips": {"count": 0}, "contact": {"twitter": "onlyjuzadream", "facebook": "701909781"}, "firstName": "Jordan", "gender": "male", "lastName": "Lim", "id": "3753718", "bio": "", "photo": {"prefix": "https://igx.4sqi.net/img/user/", "suffix": "/I00DTXL1BAKFUXCD.jpg"}, "homeCity": "Singapore", "lists": {"groups": [{"items": [], "count": 2, "type": "created"}]}}, {"tips": {"count": 0}, "contact": {"facebook": "655484663"}, "firstName": "Miki", "gender": "female", "lastName": "Dear", "id": "10491131", "bio": "", "photo": {"prefix": "https://igx.4sqi.net/img/user/", "suffix": "/blank_girl.png", "default": true}, "homeCity": "Singapore", "lists": {"groups": [{"items": [], "count": 2, "type": "created"}]}}, {"tips": {"count": 0}, "contact": {"twitter": "selinaishappy", "facebook": "739167057"}, "firstName": "Selina", "gender": "female", "id": "4825310", "bio": "", "photo": {"prefix": "https://igx.4sqi.net/img/user/", "suffix": "/JIZ3DR11FAAGGQ3C.jpg"}, "homeCity": "Singapore", "lists": {"groups": [{"items": [], "count": 2, "type": "created"}]}}, {"tips": {"count": 0}, "contact": {"twitter": "yijiee", "facebook": "555471837"}, "firstName": "Leow", "gender": "female", "lastName": "Yijie", "id": "4945439", "bio": "", "photo": {"prefix": "https://igx.4sqi.net/img/user/", "suffix": "/YAK5DK04VKTDY1FF.jpg"}, "homeCity": "Singapore", "lists": {"groups": [{"items": [], "count": 2, "type": "created"}]}}, {"tips": {"count": 0}, "contact": {"twitter": "fionangsz"}, "firstName": "Fiona", "gender": "female", "lastName": "Ng", "id": "3016829", "bio": "", "photo": {"prefix": "https://igx.4sqi.net/img/user/", "suffix": "/SJLJFJYRJKS0TFUW.jpg"}, "homeCity": "Clementi, Singapore", "lists": {"groups": [{"items": [], "count": 2, "type": "created"}]}}, {"tips": {"count": 0}, "contact": {}, "firstName": "Irving", "gender": "male", "lastName": "Poh", "id": "3880528", "bio": "", "photo": {"prefix": "https://igx.4sqi.net/img/user/", "suffix": "/2FZXZMCAL545EJCN.jpg"}, "homeCity": "Singapore", "lists": {"groups": [{"items": [], "count": 2, "type": "created"}]}}, {"tips": {"count": 1}, "contact": {"twitter": "kylinkylz"}, "firstName": "Kylinkylz", "gender": "female", "id": "4890767", "bio": "", "photo": {"prefix": "https://igx.4sqi.net/img/user/", "suffix": "/4890767-RYDR04DSA2RA4WZZ.jpg"}, "homeCity": "Singapore ", "lists": {"groups": [{"items": [], "count": 2, "type": "created"}]}}, {"tips": {"count": 0}, "contact": {"facebook": "717578946"}, "firstName": "MrLucifer", "gender": "male", "id": "11054629", "bio": "", "photo": {"prefix": "https://igx.4sqi.net/img/user/", "suffix": "/CRZ1WGCJDTD4CXB2.jpg"}, "homeCity": "Singapore", "lists": {"groups": [{"items": [], "count": 2, "type": "created"}]}}, {"tips": {"count": 3}, "contact": {"twitter": "baronten", "facebook": "674395919"}, "firstName": "Barathan", "gender": "male", "id": "30176942", "bio": "", "photo": {"prefix": "https://igx.4sqi.net/img/user/", "suffix": "/GSW5ATYW5H4ROAZH.jpg"}, "homeCity": "Singapore", "lists": {"groups": [{"items": [], "count": 2, "type": "created"}]}}, {"tips": {"count": 0}, "contact": {"twitter": "aishhhah", "facebook": "575469579"}, "firstName": "Aishah", "gender": "female", "lastName": "Ismail", "id": "7608643", "bio": "", "photo": {"prefix": "https://igx.4sqi.net/img/user/", "suffix": "/QMIMQ3LXBKRVKG1G.jpg"}, "homeCity": "Singapore", "lists": {"groups": [{"items": [], "count": 2, "type": "created"}]}}, {"tips": {"count": 0}, "contact": {"facebook": "100002400551709"}, "firstName": "Piggy", "gender": "female", "lastName": "Emily", "id": "13466367", "bio": "\u6211\u53ea\u60f3\u8981\u4f60\u7231\u6211\u591a\u4e00\u70b9\u2665", "photo": {"prefix": "https://igx.4sqi.net/img/user/", "suffix": "/13466367-11AA2DFE3UJORPTG.jpg"}, "homeCity": "Singapore", "lists": {"groups": [{"items": [], "count": 5, "type": "created"}]}}, {"tips": {"count": 1}, "contact": {}, "firstName": "Rafis", "gender": "male", "lastName": "Khan", "id": "2622604", "bio": "", "photo": {"prefix": "https://igx.4sqi.net/img/user/", "suffix": "/JL4PG5YCN22MWEQR.jpg"}, "homeCity": "Singapore", "lists": {"groups": [{"items": [], "count": 2, "type": "created"}]}}, {"tips": {"count": 0}, "contact": {"twitter": "giveyouwings", "facebook": "672183748"}, "firstName": "pp", "gender": "female", "lastName": "choo", "id": "3756108", "bio": "", "photo": {"prefix": "https://igx.4sqi.net/img/user/", "suffix": "/K4BYKAHEVUGOEOSI.jpg"}, "homeCity": "Singapore", "lists": {"groups": [{"items": [], "count": 2, "type": "created"}]}}, {"tips": {"count": 1}, "contact": {"twitter": "ominyio", "facebook": "649898491"}, "firstName": "Minyi", "gender": "female", "lastName": "Lee", "id": "3080898", "bio": "", "photo": {"prefix": "https://igx.4sqi.net/img/user/", "suffix": "/3080898-TIED1OONCZLZEIVA.jpg"}, "homeCity": "Singapore", "lists": {"groups": [{"items": [], "count": 2, "type": "created"}]}}, {"tips": {"count": 5}, "contact": {"twitter": "nicoleberries"}, "firstName": "Nicoleberries", "gender": "female", "lastName": "Ang", "id": "3892151", "bio": "", "photo": {"prefix": "https://igx.4sqi.net/img/user/", "suffix": "/KJE2H1F4IGINDXP1.jpg"}, "homeCity": "Singapore", "lists": {"groups": [{"items": [], "count": 2, "type": "created"}]}}, {"tips": {"count": 0}, "contact": {"twitter": "belikealways"}, "firstName": "Chanel", "gender": "female", "lastName": "C", "id": "6180596", "bio": "", "photo": {"prefix": "https://igx.4sqi.net/img/user/", "suffix": "/MHCPMPSOZ1SKBQIY.jpg"}, "homeCity": "Singapore", "lists": {"groups": [{"items": [], "count": 2, "type": "created"}]}}, {"tips": {"count": 0}, "contact": {"facebook": "850310443"}, "firstName": "Kaylie", "gender": "female", "lastName": "Kunci", "id": "11717860", "bio": "", "photo": {"prefix": "https://igx.4sqi.net/img/user/", "suffix": "/blank_girl.png", "default": true}, "homeCity": "Singapore", "lists": {"groups": [{"items": [], "count": 2, "type": "created"}]}}, {"tips": {"count": 1}, "contact": {"twitter": "xueyirocks", "facebook": "1639245728"}, "firstName": "Xueyirocks", "gender": "female", "id": "7613168", "bio": "", "photo": {"prefix": "https://igx.4sqi.net/img/user/", "suffix": "/7613168-3HOKM41RT1NZX12Q.jpg"}, "homeCity": "Singapore", "lists": {"groups": [{"items": [], "count": 2, "type": "created"}]}}, {"tips": {"count": 7}, "contact": {"twitter": "iweahs", "facebook": "814721111"}, "firstName": "Muhammad Isamuddin", "gender": "male", "lastName": "Zulkifli", "id": "15124332", "bio": "", "photo": {"prefix": "https://igx.4sqi.net/img/user/", "suffix": "/ZNGUT5KMHUNLHBQE.jpg"}, "homeCity": "Singapore", "lists": {"groups": [{"items": [], "count": 2, "type": "created"}]}}, {"tips": {"count": 1}, "contact": {"facebook": "818275300"}, "firstName": "Chris", "gender": "male", "lastName": "Sim", "id": "2630487", "bio": "", "photo": {"prefix": "https://igx.4sqi.net/img/user/", "suffix": "/blank_boy.png", "default": true}, "homeCity": "Singapore", "lists": {"groups": [{"items": [], "count": 2, "type": "created"}]}}, {"tips": {"count": 0}, "contact": {}, "firstName": "Damien", "gender": "male", "lastName": "Teng", "id": "3840451", "bio": "", "photo": {"prefix": "https://igx.4sqi.net/img/user/", "suffix": "/WYHHQ5NUV5GUZMMG.jpg"}, "homeCity": "Singapore", "lists": {"groups": [{"items": [], "count": 2, "type": "created"}]}}, {"tips": {"count": 0}, "contact": {"twitter": "joanneeeec"}, "firstName": "Joanne", "gender": "female", "lastName": "Chan", "id": "3194956", "bio": "", "photo": {"prefix": "https://igx.4sqi.net/img/user/", "suffix": "/3194956-O3H0HWCSJSMMEZ3Q.jpg"}, "homeCity": "Singapore", "lists": {"groups": [{"items": [], "count": 2, "type": "created"}]}}, {"tips": {"count": 2}, "contact": {"twitter": "wonderauraboy", "facebook": "789138217"}, "firstName": "Lester", "gender": "male", "lastName": "Wab", "id": "3894764", "bio": "", "photo": {"prefix": "https://igx.4sqi.net/img/user/", "suffix": "/4NE0KUP3ZGJDXLUG.jpg"}, "homeCity": "Singapore", "lists": {"groups": [{"items": [], "count": 2, "type": "created"}]}}, {"tips": {"count": 2}, "contact": {"twitter": "alyeiz", "facebook": "697421747"}, "firstName": "Aliya", "gender": "female", "lastName": "Khairunnisa", "id": "6263378", "bio": "", "photo": {"prefix": "https://igx.4sqi.net/img/user/", "suffix": "/NI5TMMRWUTGFMM5L.jpg"}, "homeCity": "Singapore", "lists": {"groups": [{"items": [], "count": 2, "type": "created"}]}}, {"tips": {"count": 0}, "contact": {}, "firstName": "Tan", "gender": "male", "lastName": "Jia yi", "id": "7728641", "bio": "", "photo": {"prefix": "https://igx.4sqi.net/img/user/", "suffix": "/3HEQIESD5KBANNSN.jpg"}, "homeCity": "Singapore", "lists": {"groups": [{"items": [], "count": 2, "type": "created"}]}}, {"tips": {"count": 0}, "contact": {"twitter": "haharith", "facebook": "653869491"}, "firstName": "Harith", "gender": "male", "lastName": "Shah", "id": "16939332", "bio": "", "photo": {"prefix": "https://igx.4sqi.net/img/user/", "suffix": "/HUGG4ODLOBGPY4GB.jpg"}, "homeCity": "Singapore", "lists": {"groups": [{"items": [], "count": 2, "type": "created"}]}}, {"tips": {"count": 1}, "contact": {"twitter": "byebyegoodnight", "facebook": "709957579"}, "firstName": "Root", "gender": "male", "lastName": "Salvatore", "id": "2961368", "bio": "", "photo": {"prefix": "https://igx.4sqi.net/img/user/", "suffix": "/DROTF3RUBCUPOZB0.jpg"}, "homeCity": "Singapore", "lists": {"groups": [{"items": [], "count": 2, "type": "created"}]}}, {"tips": {"count": 0}, "contact": {}, "firstName": "Kevin", "gender": "male", "lastName": "Soh", "id": "3934014", "bio": "", "photo": {"prefix": "https://igx.4sqi.net/img/user/", "suffix": "/blank_boy.png", "default": true}, "homeCity": "Singapore", "lists": {"groups": [{"items": [], "count": 2, "type": "created"}]}}, {"tips": {"count": 0}, "contact": {"twitter": "jermainekong", "facebook": "1646168009"}, "firstName": "Jermaine", "gender": "female", "lastName": "Kong", "id": "3256664", "bio": "", "photo": {"prefix": "https://igx.4sqi.net/img/user/", "suffix": "/OLZ0ABXAHXUTQXQP.jpg"}, "homeCity": "Singapore", "lists": {"groups": [{"items": [], "count": 2, "type": "created"}]}}, {"tips": {"count": 0}, "contact": {}, "firstName": "Gucci", "gender": "male", "lastName": "Tan Yong Seng", "id": "3972457", "bio": "", "photo": {"prefix": "https://igx.4sqi.net/img/user/", "suffix": "/blank_boy.png", "default": true}, "homeCity": "New York, NY", "lists": {"groups": [{"items": [], "count": 2, "type": "created"}]}}, {"tips": {"count": 0}, "contact": {"twitter": "joannnaluvsyou", "facebook": "578399460"}, "firstName": "Joanna", "gender": "female", "lastName": "Tai", "id": "6272279", "bio": "", "photo": {"prefix": "https://igx.4sqi.net/img/user/", "suffix": "/YPUAXDMLV3YGDDIW.jpg"}, "homeCity": "Singapore", "lists": {"groups": [{"items": [], "count": 2, "type": "created"}]}}, {"tips": {"count": 0}, "contact": {"facebook": "100000326405789"}, "firstName": "Daliah", "gender": "female", "lastName": "Bell", "id": "10048355", "bio": "", "photo": {"prefix": "https://igx.4sqi.net/img/user/", "suffix": "/0BRUDTJFEQR1GHYH.jpg"}, "homeCity": "Singapore", "lists": {"groups": [{"items": [], "count": 2, "type": "created"}]}}, {"tips": {"count": 0}, "contact": {"twitter": "danryan77", "facebook": "611398525"}, "firstName": "Daniel", "gender": "male", "lastName": "Ryan", "id": "23811513", "bio": "BaZinGGa!!", "photo": {"prefix": "https://igx.4sqi.net/img/user/", "suffix": "/MKX2EAE5FXARF24O.jpg"}, "homeCity": "Singapore", "lists": {"groups": [{"items": [], "count": 2, "type": "created"}]}}, {"tips": {"count": 4}, "contact": {"twitter": "xoxopearlyn"}, "firstName": "Pearlyn", "gender": "female", "lastName": "Tay", "id": "3357576", "bio": "", "photo": {"prefix": "https://igx.4sqi.net/img/user/", "suffix": "/H5YQYROZM3MXVMZE.jpg"}, "homeCity": "Singapore", "lists": {"groups": [{"items": [], "count": 2, "type": "created"}]}}, {"tips": {"count": 0}, "contact": {"twitter": "adrianadrianl", "facebook": "547002453"}, "firstName": "Adrian", "gender": "male", "lastName": "Lim", "id": "4058698", "bio": "", "photo": {"prefix": "https://igx.4sqi.net/img/user/", "suffix": "/2LMJYRKHE1CNCQQY.jpg"}, "homeCity": "Singapore", "lists": {"groups": [{"items": [], "count": 2, "type": "created"}]}}, {"tips": {"count": 1}, "contact": {"twitter": "msjuanny_", "facebook": "731382151"}, "firstName": "Juanny", "gender": "female", "lastName": "Alexsis", "id": "3492552", "bio": "", "photo": {"prefix": "https://igx.4sqi.net/img/user/", "suffix": "/3MHVQUFYGF04PK24.jpg"}, "homeCity": "Singapore", "lists": {"groups": [{"items": [], "count": 2, "type": "created"}]}}, {"tips": {"count": 0}, "contact": {"twitter": "xoxomuch", "facebook": "817002271"}, "firstName": "Joeyee", "gender": "female", "lastName": "Loh", "id": "4039814", "bio": "", "photo": {"prefix": "https://igx.4sqi.net/img/user/", "suffix": "/FOHH1S5DRFOSQGME.jpg"}, "homeCity": "Singapore", "lists": {"groups": [{"items": [], "count": 2, "type": "created"}]}}, {"tips": {"count": 2}, "contact": {"facebook": "1114986820"}, "firstName": "Brian", "gender": "male", "lastName": "Csc", "id": "6296620", "bio": "", "photo": {"prefix": "https://igx.4sqi.net/img/user/", "suffix": "/NTJMFLCAHGQR4YJV.jpg"}, "homeCity": "Singapore", "lists": {"groups": [{"items": [], "count": 2, "type": "created"}]}}, {"tips": {"count": 0}, "contact": {"facebook": "1253025258"}, "firstName": "Jonathan", "gender": "male", "lastName": "Tan", "id": "18195659", "bio": "", "photo": {"prefix": "https://igx.4sqi.net/img/user/", "suffix": "/CVTGIHHRJGBN0XZH.jpg"}, "homeCity": "Singapore", "lists": {"groups": [{"items": [], "count": 2, "type": "created"}]}}, {"tips": {"count": 0}, "contact": {"twitter": "kohchewting", "facebook": "100004668480708"}, "firstName": "ChewTing", "gender": "female", "id": "24038912", "bio": "", "photo": {"prefix": "https://igx.4sqi.net/img/user/", "suffix": "/12KLFMNVXHEZ1G1V.jpg"}, "homeCity": "New York, NY", "lists": {"groups": [{"items": [], "count": 2, "type": "created"}]}}, {"tips": {"count": 0}, "contact": {"facebook": "688748106"}, "firstName": "Junn", "gender": "male", "lastName": "Jet", "id": "3573474", "bio": "", "photo": {"prefix": "https://igx.4sqi.net/img/user/", "suffix": "/JDNLJWWCYAQBZS1B.jpg"}, "homeCity": "Singapore", "lists": {"groups": [{"items": [], "count": 2, "type": "created"}]}}, {"tips": {"count": 0}, "contact": {"twitter": "analyserj", "facebook": "594923876"}, "firstName": "Josiah", "gender": "male", "lastName": "Ng", "id": "4799607", "bio": "", "photo": {"prefix": "https://igx.4sqi.net/img/user/", "suffix": "/XBXVY2OTVN2E20DQ.jpg"}, "homeCity": "Singapore", "lists": {"groups": [{"items": [], "count": 2, "type": "created"}]}}, {"tips": {"count": 0}, "contact": {"facebook": "546208717"}, "firstName": "Christo", "gender": "male", "lastName": "Lim", "id": "3689962", "bio": "", "photo": {"prefix": "https://igx.4sqi.net/img/user/", "suffix": "/SD0T3WXWZHCAIAC4.jpg"}, "homeCity": "Singapore", "lists": {"groups": [{"items": [], "count": 2, "type": "created"}]}}, {"tips": {"count": 5}, "contact": {"twitter": "kiddyrei", "facebook": "557159456"}, "firstName": "Reina", "gender": "female", "lastName": "Ng", "id": "4041021", "bio": "", "photo": {"prefix": "https://igx.4sqi.net/img/user/", "suffix": "/GRL5ULRLVZCXU5FN.jpg"}, "homeCity": "Singapore", "lists": {"groups": [{"items": [], "count": 3, "type": "created"}]}}, {"tips": {"count": 0}, "contact": {"twitter": "jasperlye"}, "firstName": "Jasper", "gender": "male", "lastName": "Lye", "id": "6319554", "bio": "", "photo": {"prefix": "https://igx.4sqi.net/img/user/", "suffix": "/BNTB2AAIK45YAXZD.jpg"}, "homeCity": "Singapore", "lists": {"groups": [{"items": [], "count": 2, "type": "created"}]}}, {"tips": {"count": 0}, "contact": {"twitter": "tipsyteabags", "facebook": "577303982"}, "firstName": "Aloysius", "gender": "male", "lastName": "Koh", "id": "27993127", "bio": "", "photo": {"prefix": "https://igx.4sqi.net/img/user/", "suffix": "/H2CB02FGFX0LQHDS.jpg"}, "homeCity": "New York, NY", "lists": {"groups": [{"items": [], "count": 2, "type": "created"}]}}, {"tips": {"count": 0}, "contact": {"facebook": "100000512102852"}, "firstName": "Benson", "gender": "male", "lastName": "Lim", "id": "3589450", "bio": "", "photo": {"prefix": "https://igx.4sqi.net/img/user/", "suffix": "/MVBI3J3QIQEXZMLF.jpg"}, "homeCity": "Singapore", "lists": {"groups": [{"items": [], "count": 2, "type": "created"}]}}, {"tips": {"count": 0}, "contact": {"facebook": "631738611"}, "firstName": "Kelvin", "gender": "male", "lastName": "Chua", "id": "3690693", "bio": "", "photo": {"prefix": "https://igx.4sqi.net/img/user/", "suffix": "/J2TT4AZZ1KHCPD0B.jpg"}, "homeCity": "Singapore", "lists": {"groups": [{"items": [], "count": 2, "type": "created"}]}}, {"tips": {"count": 0}, "contact": {"twitter": "junrongs"}, "firstName": "JunRong", "gender": "male", "lastName": "Soh", "id": "4133454", "bio": "", "photo": {"prefix": "https://igx.4sqi.net/img/user/", "suffix": "/3QAWQT5UGMYNUGWL.jpg"}, "homeCity": "Singapore", "lists": {"groups": [{"items": [], "count": 2, "type": "created"}]}}, {"tips": {"count": 0}, "contact": {"facebook": "731946613"}, "firstName": "Goh", "gender": "male", "lastName": "CheeHor", "id": "6446651", "bio": "", "photo": {"prefix": "https://igx.4sqi.net/img/user/", "suffix": "/B22MOHT2J2ZQN21H.jpg"}, "homeCity": "Singapore", "lists": {"groups": [{"items": [], "count": 2, "type": "created"}]}}, {"tips": {"count": 0}, "contact": {"facebook": "663423296"}, "firstName": "Li", "gender": "male", "lastName": "Chengbin", "id": "3653749", "bio": "", "photo": {"prefix": "https://igx.4sqi.net/img/user/", "suffix": "/0GR3NGAD1EETGPU5.jpg"}, "homeCity": "Singapore", "lists": {"groups": [{"items": [], "count": 2, "type": "created"}]}}, {"tips": {"count": 0}, "contact": {}, "firstName": "Aaron", "gender": "male", "lastName": "Leong", "id": "4083338", "bio": "", "photo": {"prefix": "https://igx.4sqi.net/img/user/", "suffix": "/blank_boy.png", "default": true}, "homeCity": "Singapore", "lists": {"groups": [{"items": [], "count": 2, "type": "created"}]}}, {"tips": {"count": 0}, "contact": {"twitter": "alexissparko", "facebook": "724105888"}, "firstName": "Alexis", "gender": "none", "lastName": "Sparko", "id": "6084113", "bio": "", "photo": {"prefix": "https://igx.4sqi.net/img/user/", "suffix": "/VC3DHGGEDDL5QL4X.jpg"}, "homeCity": "Singapore", "lists": {"groups": [{"items": [], "count": 2, "type": "created"}]}}, {"tips": {"count": 3}, "contact": {"twitter": "yvonnewsy", "facebook": "100001267749818"}, "firstName": "Yvonne", "gender": "female", "lastName": "Wong", "id": "6898716", "bio": "", "photo": {"prefix": "https://igx.4sqi.net/img/user/", "suffix": "/PSKAPDRKAEXQG2YA.jpg"}, "homeCity": "Singapore", "lists": {"groups": [{"items": [], "count": 2, "type": "created"}]}}, {"tips": {"count": 0}, "contact": {"facebook": "100000461179206"}, "firstName": "Han", "gender": "male", "lastName": "LiangChou", "id": "5122047", "bio": "", "photo": {"prefix": "https://igx.4sqi.net/img/user/", "suffix": "/1F1RESOSWIG2M1PX.jpg"}, "homeCity": "Singapore", "lists": {"groups": [{"items": [], "count": 2, "type": "created"}]}}, {"tips": {"count": 0}, "contact": {}, "firstName": "Xueyi", "gender": "female", "lastName": "\u6797\u96ea\u4eea \u062a", "id": "4111431", "bio": "", "photo": {"prefix": "https://igx.4sqi.net/img/user/", "suffix": "/RWZSJIWTCXWDSJ5I.jpg"}, "homeCity": "singapore", "lists": {"groups": [{"items": [], "count": 2, "type": "created"}]}}, {"tips": {"count": 0}, "contact": {"twitter": "aloywhines", "facebook": "526939425"}, "firstName": "Aloysius", "gender": "male", "lastName": "Chew", "id": "6375978", "bio": "", "photo": {"prefix": "https://igx.4sqi.net/img/user/", "suffix": "/11N0GVVTM1XZCUL1.jpg"}, "homeCity": "Singapore", "lists": {"groups": [{"items": [], "count": 2, "type": "created"}]}}, {"tips": {"count": 2}, "contact": {"twitter": "joanneyeohyeoh", "facebook": "10153169340548669"}, "firstName": "Joanne", "gender": "female", "lastName": "Yeoh", "id": "6900936", "bio": "", "photo": {"prefix": "https://igx.4sqi.net/img/user/", "suffix": "/6900936-UYAVWAHK0SLWFYTO.jpg"}, "homeCity": "Singapore", "lists": {"groups": [{"items": [], "count": 2, "type": "created"}]}}, {"tips": {"count": 0}, "contact": {"twitter": "missarifah", "facebook": "789323310"}, "firstName": "Ifah", "gender": "female", "lastName": "Love", "id": "42353102", "bio": "", "photo": {"prefix": "https://igx.4sqi.net/img/user/", "suffix": "/4AC0FQYGATTWDBL0.jpg"}, "homeCity": "singapore", "lists": {"groups": [{"items": [], "count": 2, "type": "created"}]}}, {"tips": {"count": 38}, "contact": {}, "firstName": "burgerdeel", "gender": "male", "id": "4199956", "bio": "", "photo": {"prefix": "https://igx.4sqi.net/img/user/", "suffix": "/XLER0LW333PFBEST.jpg"}, "homeCity": "Singapore", "lists": {"groups": [{"items": [], "count": 2, "type": "created"}]}}, {"tips": {"count": 2}, "contact": {"twitter": "gjelly_belly", "facebook": "670377475"}, "firstName": "Glenny", "gender": "male", "lastName": "Jellybelly", "id": "6380932", "bio": "", "photo": {"prefix": "https://igx.4sqi.net/img/user/", "suffix": "/VXOVBSGODTY5D3XK.jpg"}, "homeCity": "Singapore", "lists": {"groups": [{"items": [], "count": 2, "type": "created"}]}}, {"tips": {"count": 0}, "contact": {}, "firstName": "Brigid", "gender": "male", "lastName": "Ong", "id": "10177105", "bio": "", "photo": {"prefix": "https://igx.4sqi.net/img/user/", "suffix": "/blank_boy.png", "default": true}, "homeCity": "Unnamed Location", "lists": {"groups": [{"items": [], "count": 2, "type": "created"}]}}, {"tips": {"count": 37}, "contact": {"facebook": "558221911"}, "firstName": "Eugene", "gender": "male", "id": "4728437", "bio": "", "photo": {"prefix": "https://igx.4sqi.net/img/user/", "suffix": "/4728437-O3IXNDZXOYHVSI4S.jpg"}, "homeCity": "Singapore", "lists": {"groups": [{"items": [], "count": 2, "type": "created"}]}}, {"tips": {"count": 5}, "contact": {"facebook": "622761206"}, "firstName": "Martin", "gender": "male", "lastName": "Khoe", "id": "6416515", "bio": "", "photo": {"prefix": "https://igx.4sqi.net/img/user/", "suffix": "/J503GIBLQ1YQNPTP.jpg"}, "homeCity": "Singapore", "lists": {"groups": [{"items": [], "count": 2, "type": "created"}]}}, {"tips": {"count": 0}, "contact": {"twitter": "douglascjw", "facebook": "1068715146"}, "firstName": "Douglas", "gender": "male", "lastName": "\u262e", "id": "12380203", "bio": "", "photo": {"prefix": "https://igx.4sqi.net/img/user/", "suffix": "/U1FWUMKCIX0MH4HH.jpg"}, "homeCity": "Singapore", "lists": {"groups": [{"items": [], "count": 2, "type": "created"}]}}, {"tips": {"count": 1}, "contact": {"twitter": "wattgasm", "facebook": "10154240943833636"}, "firstName": "Watt", "gender": "male", "lastName": "Ng", "id": "4745261", "bio": "", "photo": {"prefix": "https://igx.4sqi.net/img/user/", "suffix": "/40ET1YL5PFKF2O1A.jpg"}, "homeCity": "Singapore", "lists": {"groups": [{"items": [], "count": 2, "type": "created"}]}}, {"tips": {"count": 7}, "contact": {}, "firstName": "Martin", "gender": "male", "id": "5339613", "bio": "", "photo": {"prefix": "https://igx.4sqi.net/img/user/", "suffix": "/YDQ0TFQRTE4Y0LPN.jpg"}, "homeCity": "Singapore", "lists": {"groups": [{"items": [], "count": 2, "type": "created"}]}}, {"tips": {"count": 0}, "contact": {}, "firstName": "Clara", "gender": "female", "lastName": "Tham", "id": "6011324", "bio": "", "photo": {"prefix": "https://igx.4sqi.net/img/user/", "suffix": "/blank_girl.png", "default": true}, "homeCity": "Singapore", "lists": {"groups": [{"items": [], "count": 2, "type": "created"}]}}, {"tips": {"count": 0}, "contact": {"facebook": "521649003"}, "firstName": "ahjack", "gender": "male", "lastName": "Jie", "id": "8669876", "bio": "", "photo": {"prefix": "https://igx.4sqi.net/img/user/", "suffix": "/KGVWIYBG5ZYIP0J3.jpg"}, "homeCity": "Singapore", "lists": {"groups": [{"items": [], "count": 2, "type": "created"}]}}], "count": 131}, "checksum": "39648ad77762f4e3992f17b628260ae41c465291"}, "meta": {"requestId": "59662cb24434b96bc855d01c", "code": 200}}