{"notifications": [{"type": "notificationTray", "item": {"unreadCount": 0}}], "response": {"friends": {"items": [{"tips": {"count": 1}, "contact": {"twitter": "shinystarstar", "facebook": "100000065963952"}, "firstName": "XIUJING", "gender": "female", "lastName": "WU", "id": "4264495", "bio": "", "photo": {"prefix": "https://igx.4sqi.net/img/user/", "suffix": "/F0IPHIFNCBYBZ43G.jpg"}, "homeCity": "Singapore", "lists": {"groups": [{"items": [], "count": 2, "type": "created"}]}}, {"tips": {"count": 5}, "contact": {}, "firstName": "Kenneth", "gender": "male", "lastName": "Tang", "id": "1934726", "bio": "", "photo": {"prefix": "https://igx.4sqi.net/img/user/", "suffix": "/0QH3LEKOR3GMIT5N.jpg"}, "homeCity": "Bukit Merah, Singapore", "lists": {"groups": [{"items": [], "count": 2, "type": "created"}]}}, {"tips": {"count": 0}, "contact": {"twitter": "veronrmf"}, "firstName": "Veron", "gender": "female", "lastName": "Ng", "id": "2496007", "bio": "", "photo": {"prefix": "https://igx.4sqi.net/img/user/", "suffix": "/FTIJMCQWVWIZUZSL.jpg"}, "homeCity": "Singapore", "lists": {"groups": [{"items": [], "count": 2, "type": "created"}]}}, {"tips": {"count": 0}, "contact": {}, "firstName": "Cheryl", "gender": "female", "lastName": "Lim", "id": "4102444", "bio": "", "photo": {"prefix": "https://igx.4sqi.net/img/user/", "suffix": "/MO2A0ZFDTVGHCTRT.jpg"}, "homeCity": "Singapore", "lists": {"groups": [{"items": [], "count": 2, "type": "created"}]}}, {"tips": {"count": 1}, "contact": {"twitter": "joeycxj"}, "firstName": "Joey", "gender": "female", "lastName": "Chua", "id": "2326499", "bio": "", "photo": {"prefix": "https://igx.4sqi.net/img/user/", "suffix": "/Q1EKS5AVCB523BJ2.jpg"}, "homeCity": "Singapore", "lists": {"groups": [{"items": [], "count": 2, "type": "created"}]}}, {"tips": {"count": 5}, "contact": {"twitter": "tingtingchooooo", "facebook": "576019330"}, "firstName": "REBECCA \ud83d\udc8b", "gender": "female", "id": "3317250", "bio": "", "photo": {"prefix": "https://igx.4sqi.net/img/user/", "suffix": "/3317250_sC2kPG-w_0W0n5aqaUAclnsBjGzzxXLJnAp2BvbO7ENOr1VIk56kOd_VWon6R97u0h4UsGJFK.jpg"}, "homeCity": "Singapore", "lists": {"groups": [{"items": [], "count": 2, "type": "created"}]}}, {"tips": {"count": 0}, "contact": {}, "firstName": "Choo", "gender": "male", "lastName": "Yong sheng", "id": "3515203", "bio": "", "photo": {"prefix": "https://igx.4sqi.net/img/user/", "suffix": "/RUBP5STAPRQ5UTIA.jpg"}, "homeCity": "Singapore", "lists": {"groups": [{"items": [], "count": 2, "type": "created"}]}}, {"tips": {"count": 0}, "contact": {"facebook": "594280072"}, "firstName": "Jay", "gender": "male", "lastName": "Vuitton", "id": "4388451", "bio": "", "photo": {"prefix": "https://igx.4sqi.net/img/user/", "suffix": "/W4UHTA2UGMID0SOX.jpg"}, "homeCity": "Singapore", "lists": {"groups": [{"items": [], "count": 2, "type": "created"}]}}, {"tips": {"count": 0}, "contact": {"twitter": "wonderpetunia"}, "firstName": "Rafidah", "gender": "female", "lastName": "Abd Rahim", "id": "2002431", "bio": "", "photo": {"prefix": "https://igx.4sqi.net/img/user/", "suffix": "/N32M4ZJ3U4XZFBNR.jpg"}, "homeCity": "Singapore, Clementi", "lists": {"groups": [{"items": [], "count": 2, "type": "created"}]}}, {"tips": {"count": 0}, "contact": {}, "firstName": "Eric", "gender": "male", "lastName": "Ng", "id": "3535651", "bio": "", "photo": {"prefix": "https://igx.4sqi.net/img/user/", "suffix": "/CG1DQMTZTTRG2PYL.jpg"}, "homeCity": "Singapore", "lists": {"groups": [{"items": [], "count": 2, "type": "created"}]}}, {"tips": {"count": 0}, "contact": {}, "firstName": "KaMan", "gender": "female", "lastName": "Baby", "id": "2645547", "bio": "", "photo": {"prefix": "https://igx.4sqi.net/img/user/", "suffix": "/FLQMBN3MTIPMFJPQ.jpg"}, "homeCity": "Singapore", "lists": {"groups": [{"items": [], "count": 2, "type": "created"}]}}, {"tips": {"count": 5}, "contact": {"twitter": "nicoleberries"}, "firstName": "Nicoleberries", "gender": "female", "lastName": "Ang", "id": "3892151", "bio": "", "photo": {"prefix": "https://igx.4sqi.net/img/user/", "suffix": "/KJE2H1F4IGINDXP1.jpg"}, "homeCity": "Singapore", "lists": {"groups": [{"items": [], "count": 2, "type": "created"}]}}, {"tips": {"count": 0}, "contact": {"twitter": "sfong79", "facebook": "100000113629506"}, "firstName": "Shawn", "gender": "male", "lastName": "Fong", "id": "2360982", "bio": "", "photo": {"prefix": "https://igx.4sqi.net/img/user/", "suffix": "/3NB22LWBOYAAMI4V.jpg"}, "homeCity": "Singapore", "lists": {"groups": [{"items": [], "count": 2, "type": "created"}]}}, {"tips": {"count": 0}, "contact": {"twitter": "onlyjuzadream", "facebook": "701909781"}, "firstName": "Jordan", "gender": "male", "lastName": "Lim", "id": "3753718", "bio": "", "photo": {"prefix": "https://igx.4sqi.net/img/user/", "suffix": "/I00DTXL1BAKFUXCD.jpg"}, "homeCity": "Singapore", "lists": {"groups": [{"items": [], "count": 2, "type": "created"}]}}, {"tips": {"count": 0}, "contact": {"twitter": "fionangsz"}, "firstName": "Fiona", "gender": "female", "lastName": "Ng", "id": "3016829", "bio": "", "photo": {"prefix": "https://igx.4sqi.net/img/user/", "suffix": "/SJLJFJYRJKS0TFUW.jpg"}, "homeCity": "Clementi, Singapore", "lists": {"groups": [{"items": [], "count": 2, "type": "created"}]}}, {"tips": {"count": 0}, "contact": {}, "firstName": "Gucci", "gender": "male", "lastName": "Tan Yong Seng", "id": "3972457", "bio": "", "photo": {"prefix": "https://igx.4sqi.net/img/user/", "suffix": "/blank_boy.png", "default": true}, "homeCity": "New York, NY", "lists": {"groups": [{"items": [], "count": 2, "type": "created"}]}}, {"tips": {"count": 1}, "contact": {}, "firstName": "Rafis", "gender": "male", "lastName": "Khan", "id": "2622604", "bio": "", "photo": {"prefix": "https://igx.4sqi.net/img/user/", "suffix": "/JL4PG5YCN22MWEQR.jpg"}, "homeCity": "Singapore", "lists": {"groups": [{"items": [], "count": 2, "type": "created"}]}}, {"tips": {"count": 0}, "contact": {"twitter": "giveyouwings", "facebook": "672183748"}, "firstName": "pp", "gender": "female", "lastName": "choo", "id": "3756108", "bio": "", "photo": {"prefix": "https://igx.4sqi.net/img/user/", "suffix": "/K4BYKAHEVUGOEOSI.jpg"}, "homeCity": "Singapore", "lists": {"groups": [{"items": [], "count": 2, "type": "created"}]}}, {"tips": {"count": 1}, "contact": {"twitter": "ominyio", "facebook": "649898491"}, "firstName": "Minyi", "gender": "female", "lastName": "Lee", "id": "3080898", "bio": "", "photo": {"prefix": "https://igx.4sqi.net/img/user/", "suffix": "/3080898-TIED1OONCZLZEIVA.jpg"}, "homeCity": "Singapore", "lists": {"groups": [{"items": [], "count": 2, "type": "created"}]}}, {"tips": {"count": 0}, "contact": {"twitter": "xoxomuch", "facebook": "817002271"}, "firstName": "Joeyee", "gender": "female", "lastName": "Loh", "id": "4039814", "bio": "", "photo": {"prefix": "https://igx.4sqi.net/img/user/", "suffix": "/FOHH1S5DRFOSQGME.jpg"}, "homeCity": "Singapore", "lists": {"groups": [{"items": [], "count": 2, "type": "created"}]}}, {"tips": {"count": 1}, "contact": {"facebook": "818275300"}, "firstName": "Chris", "gender": "male", "lastName": "Sim", "id": "2630487", "bio": "", "photo": {"prefix": "https://igx.4sqi.net/img/user/", "suffix": "/blank_boy.png", "default": true}, "homeCity": "Singapore", "lists": {"groups": [{"items": [], "count": 2, "type": "created"}]}}, {"tips": {"count": 0}, "contact": {}, "firstName": "Damien", "gender": "male", "lastName": "Teng", "id": "3840451", "bio": "", "photo": {"prefix": "https://igx.4sqi.net/img/user/", "suffix": "/WYHHQ5NUV5GUZMMG.jpg"}, "homeCity": "Singapore", "lists": {"groups": [{"items": [], "count": 2, "type": "created"}]}}, {"tips": {"count": 0}, "contact": {"twitter": "jermainekong", "facebook": "1646168009"}, "firstName": "Jermaine", "gender": "female", "lastName": "Kong", "id": "3256664", "bio": "", "photo": {"prefix": "https://igx.4sqi.net/img/user/", "suffix": "/OLZ0ABXAHXUTQXQP.jpg"}, "homeCity": "Singapore", "lists": {"groups": [{"items": [], "count": 2, "type": "created"}]}}, {"tips": {"count": 0}, "contact": {"facebook": "688748106"}, "firstName": "Junn", "gender": "male", "lastName": "Jet", "id": "3573474", "bio": "", "photo": {"prefix": "https://igx.4sqi.net/img/user/", "suffix": "/JDNLJWWCYAQBZS1B.jpg"}, "homeCity": "Singapore", "lists": {"groups": [{"items": [], "count": 2, "type": "created"}]}}, {"tips": {"count": 0}, "contact": {"twitter": "adrianadrianl", "facebook": "547002453"}, "firstName": "Adrian", "gender": "male", "lastName": "Lim", "id": "4058698", "bio": "", "photo": {"prefix": "https://igx.4sqi.net/img/user/", "suffix": "/2LMJYRKHE1CNCQQY.jpg"}, "homeCity": "Singapore", "lists": {"groups": [{"items": [], "count": 2, "type": "created"}]}}, {"tips": {"count": 1}, "contact": {"twitter": "msjuanny_", "facebook": "731382151"}, "firstName": "Juanny", "gender": "female", "lastName": "Alexsis", "id": "3492552", "bio": "", "photo": {"prefix": "https://igx.4sqi.net/img/user/", "suffix": "/3MHVQUFYGF04PK24.jpg"}, "homeCity": "Singapore", "lists": {"groups": [{"items": [], "count": 2, "type": "created"}]}}, {"tips": {"count": 0}, "contact": {"facebook": "663423296"}, "firstName": "Li", "gender": "male", "lastName": "Chengbin", "id": "3653749", "bio": "", "photo": {"prefix": "https://igx.4sqi.net/img/user/", "suffix": "/0GR3NGAD1EETGPU5.jpg"}, "homeCity": "Singapore", "lists": {"groups": [{"items": [], "count": 2, "type": "created"}]}}, {"tips": {"count": 0}, "contact": {"facebook": "546208717"}, "firstName": "Christo", "gender": "male", "lastName": "Lim", "id": "3689962", "bio": "", "photo": {"prefix": "https://igx.4sqi.net/img/user/", "suffix": "/SD0T3WXWZHCAIAC4.jpg"}, "homeCity": "Singapore", "lists": {"groups": [{"items": [], "count": 2, "type": "created"}]}}, {"tips": {"count": 0}, "contact": {"facebook": "631738611"}, "firstName": "Kelvin", "gender": "male", "lastName": "Chua", "id": "3690693", "bio": "", "photo": {"prefix": "https://igx.4sqi.net/img/user/", "suffix": "/J2TT4AZZ1KHCPD0B.jpg"}, "homeCity": "Singapore", "lists": {"groups": [{"items": [], "count": 2, "type": "created"}]}}, {"tips": {"count": 0}, "contact": {}, "firstName": "Aaron", "gender": "male", "lastName": "Leong", "id": "4083338", "bio": "", "photo": {"prefix": "https://igx.4sqi.net/img/user/", "suffix": "/blank_boy.png", "default": true}, "homeCity": "Singapore", "lists": {"groups": [{"items": [], "count": 2, "type": "created"}]}}, {"tips": {"count": 0}, "contact": {}, "firstName": "Xueyi", "gender": "female", "lastName": "\u6797\u96ea\u4eea \u062a", "id": "4111431", "bio": "", "photo": {"prefix": "https://igx.4sqi.net/img/user/", "suffix": "/RWZSJIWTCXWDSJ5I.jpg"}, "homeCity": "singapore", "lists": {"groups": [{"items": [], "count": 2, "type": "created"}]}}], "count": 131}, "checksum": "80ae741c4fea81a1ae748ab994026fcfb9aa1dcc"}, "meta": {"requestId": "59662cb21ed21919faad5cde", "code": 200}}