{"notifications": [{"type": "notificationTray", "item": {"unreadCount": 0}}], "meta": {"requestId": "5966d047f594df221b5a35ee", "code": 200}, "response": {"friends": {"count": 117, "items": [{"id": "2167364", "photo": {"prefix": "https://igx.4sqi.net/img/user/", "suffix": "/GSYGKY0KVPWXZIKP.jpg"}, "homeCity": "Singapore", "contact": {"facebook": "780704007"}, "firstName": "Tarique", "tips": {"count": 0}, "gender": "male", "lastName": "Harith", "lists": {"groups": [{"count": 2, "type": "created", "items": []}]}, "bio": ""}, {"id": "1360403", "photo": {"prefix": "https://igx.4sqi.net/img/user/", "suffix": "/F2TPSFP01WDGLX0S.jpg"}, "homeCity": "Singapore", "contact": {"facebook": "641014155"}, "firstName": "M", "tips": {"count": 0}, "gender": "female", "lastName": "Lee", "lists": {"groups": [{"count": 2, "type": "created", "items": []}]}, "bio": ""}, {"id": "4315862", "photo": {"prefix": "https://igx.4sqi.net/img/user/", "suffix": "/WKRFTNOQ35OEEMEL.jpg"}, "homeCity": "Singapore", "contact": {"twitter": "cherixyo"}, "firstName": "Cheryl", "tips": {"count": 3}, "gender": "female", "lastName": "Tan", "lists": {"groups": [{"count": 2, "type": "created", "items": []}]}, "bio": ""}, {"id": "2105833", "photo": {"prefix": "https://igx.4sqi.net/img/user/", "suffix": "/YIBZP14VPFEOKPOF.jpg"}, "homeCity": ", Singapore", "contact": {"facebook": "809245463", "twitter": "m4aark__"}, "firstName": "Mark", "tips": {"count": 3}, "gender": "male", "lastName": "Ng", "lists": {"groups": [{"count": 2, "type": "created", "items": []}]}, "bio": ""}, {"id": "426969", "photo": {"prefix": "https://igx.4sqi.net/img/user/", "suffix": "/K0GUH1UXWMCV1ESC.jpg"}, "homeCity": "Singapore", "contact": {"facebook": "670057233", "twitter": "mirashad"}, "firstName": "M. Ibnur Rashad", "tips": {"count": 2}, "gender": "male", "lastName": "B. Zainal Abidin", "lists": {"groups": [{"count": 2, "type": "created", "items": []}]}, "bio": ""}, {"id": "1248668", "photo": {"prefix": "https://igx.4sqi.net/img/user/", "suffix": "/53SL3YKMNJM5CEV4.jpg"}, "homeCity": "jenny.yeap@gmail.com", "contact": {}, "firstName": "Jenny", "tips": {"count": 0}, "gender": "female", "lists": {"groups": [{"count": 2, "type": "created", "items": []}]}, "bio": ""}, {"id": "4867295", "photo": {"prefix": "https://igx.4sqi.net/img/user/", "suffix": "/P3JYA4FKNQJ44HNQ.jpg"}, "homeCity": "Singapore", "contact": {}, "firstName": "Zhijun", "tips": {"count": 0}, "gender": "female", "lastName": "Ho", "lists": {"groups": [{"count": 2, "type": "created", "items": []}]}, "bio": ""}, {"id": "12300060", "photo": {"prefix": "https://igx.4sqi.net/img/user/", "default": true, "suffix": "/blank_boy.png"}, "homeCity": "Singapore", "contact": {}, "firstName": "Chan", "tips": {"count": 0}, "gender": "male", "lastName": "Soopin", "lists": {"groups": [{"count": 2, "type": "created", "items": []}]}, "bio": ""}, {"id": "4284249", "photo": {"prefix": "https://igx.4sqi.net/img/user/", "default": true, "suffix": "/blank_girl.png"}, "homeCity": "Singapore", "contact": {}, "firstName": "Stella", "tips": {"count": 0}, "gender": "female", "lastName": "Benoit", "lists": {"groups": [{"count": 2, "type": "created", "items": []}]}, "bio": ""}, {"id": "61535295", "photo": {"prefix": "https://igx.4sqi.net/img/user/", "suffix": "/YHU3BDFA42UYM42X.jpg"}, "homeCity": "Singapore", "contact": {}, "firstName": "Jira", "tips": {"count": 0}, "gender": "female", "lastName": "Saetiew", "lists": {"groups": [{"count": 2, "type": "created", "items": []}]}, "bio": ""}, {"id": "5441604", "photo": {"prefix": "https://igx.4sqi.net/img/user/", "suffix": "/IW1K0P0RKZLQUG1X.jpg"}, "homeCity": "Singapore", "contact": {"facebook": "519285111", "twitter": "becsyah"}, "firstName": "Rebecca", "tips": {"count": 0}, "gender": "female", "lastName": "Sie", "lists": {"groups": [{"count": 2, "type": "created", "items": []}]}, "bio": ""}, {"id": "1792229", "photo": {"prefix": "https://igx.4sqi.net/img/user/", "suffix": "/YKEM1VWHFFJUGYRB.jpg"}, "homeCity": "Singapore", "contact": {"facebook": "557205637", "twitter": "merlala"}, "firstName": "Mervin", "tips": {"count": 1}, "gender": "male", "lastName": "Lee", "lists": {"groups": [{"count": 2, "type": "created", "items": []}]}, "bio": ""}, {"id": "4575749", "photo": {"prefix": "https://igx.4sqi.net/img/user/", "default": true, "suffix": "/blank_girl.png"}, "homeCity": "Singapore", "contact": {"facebook": "789353652"}, "firstName": "Kariekeli", "tips": {"count": 0}, "gender": "female", "lastName": "Choo", "lists": {"groups": [{"count": 2, "type": "created", "items": []}]}, "bio": ""}, {"id": "452852", "photo": {"prefix": "https://igx.4sqi.net/img/user/", "suffix": "/452852-TSLYT40V3VBLKGYQ.jpg"}, "homeCity": "Bedok, Singapore", "contact": {"facebook": "709117060", "twitter": "arthurbananas"}, "firstName": "Arthur", "tips": {"count": 2}, "gender": "male", "lastName": "Tan", "lists": {"groups": [{"count": 2, "type": "created", "items": []}]}, "bio": ""}, {"id": "298910", "photo": {"prefix": "https://igx.4sqi.net/img/user/", "suffix": "/HU1F0B3QUMC0W313.jpg"}, "homeCity": "Singapore", "contact": {"facebook": "13808904", "twitter": "rebecca_ye"}, "firstName": "Rebecca", "tips": {"count": 0}, "gender": "female", "lastName": "Ye", "lists": {"groups": [{"count": 2, "type": "created", "items": []}]}, "bio": ""}, {"id": "4102853", "photo": {"prefix": "https://igx.4sqi.net/img/user/", "default": true, "suffix": "/blank_boy.png"}, "homeCity": "Singapore", "contact": {}, "firstName": "Paul", "tips": {"count": 1}, "gender": "male", "lastName": "Yu", "lists": {"groups": [{"count": 2, "type": "created", "items": []}]}, "bio": ""}, {"id": "689147", "photo": {"prefix": "https://igx.4sqi.net/img/user/", "suffix": "/HKUCVAER2EHTPMOV.jpg"}, "homeCity": "Jurong East, Singapore", "contact": {"facebook": "759848759", "twitter": "lil_xumbrella"}, "firstName": "Lilian", "tips": {"count": 0}, "gender": "female", "lastName": "Chia", "lists": {"groups": [{"count": 2, "type": "created", "items": []}]}, "bio": ""}, {"id": "3804613", "photo": {"prefix": "https://igx.4sqi.net/img/user/", "suffix": "/YMMGLOOJFNA4GKFX.jpg"}, "homeCity": "Singapore", "contact": {"facebook": "100001442600772"}, "firstName": "Shirayukie", "tips": {"count": 0}, "gender": "female", "lastName": "Elnino", "lists": {"groups": [{"count": 2, "type": "created", "items": []}]}, "bio": ""}, {"id": "482585", "photo": {"prefix": "https://igx.4sqi.net/img/user/", "suffix": "/PNEOVKEUZGVXEIFP.jpg"}, "homeCity": "", "contact": {"facebook": "580397160", "twitter": "mimosaiba"}, "firstName": "jessica chong", "tips": {"count": 7}, "gender": "female", "lists": {"groups": [{"count": 2, "type": "created", "items": []}]}, "bio": "for me to know and for you to find out"}, {"id": "4223417", "photo": {"prefix": "https://igx.4sqi.net/img/user/", "suffix": "/QILEUG1DSQ44HZBD.jpg"}, "homeCity": "Singapore", "contact": {"facebook": "532798829", "twitter": "ths1138"}, "firstName": "Bruce", "tips": {"count": 0}, "gender": "male", "lastName": "Teo", "lists": {"groups": [{"count": 2, "type": "created", "items": []}]}, "bio": ""}, {"id": "780184", "photo": {"prefix": "https://igx.4sqi.net/img/user/", "suffix": "/UEUGSPRLMONYSPDS.jpg"}, "homeCity": "Singapore", "contact": {}, "firstName": "Stephanie", "tips": {"count": 7}, "gender": "female", "lastName": "Chua", "lists": {"groups": [{"count": 2, "type": "created", "items": []}]}, "bio": ""}, {"id": "2667744", "photo": {"prefix": "https://igx.4sqi.net/img/user/", "suffix": "/3ID2DZAHWIM2QK43.jpg"}, "homeCity": "Singapore", "contact": {"facebook": "598865795"}, "firstName": "Rachel", "tips": {"count": 0}, "gender": "female", "lastName": "Tay", "lists": {"groups": [{"count": 2, "type": "created", "items": []}]}, "bio": ""}, {"id": "15580264", "photo": {"prefix": "https://igx.4sqi.net/img/user/", "suffix": "/LL3V4XASMU1U2HCV.jpg"}, "homeCity": "\u65e5\u672c", "contact": {"facebook": "551379006"}, "firstName": "Marcus", "tips": {"count": 0}, "gender": "male", "lastName": "Ong", "lists": {"groups": [{"count": 2, "type": "created", "items": []}]}, "bio": ""}, {"id": "29464816", "photo": {"prefix": "https://igx.4sqi.net/img/user/", "suffix": "/29464816-DXLDGFCGP42U1WOJ.jpg"}, "homeCity": "Ang Mo Kio, Singapore", "contact": {"facebook": "745262488", "twitter": "james_seeban"}, "firstName": "Teo See Ban", "tips": {"count": 2}, "gender": "male", "lastName": "James", "lists": {"groups": [{"count": 2, "type": "created", "items": []}]}, "bio": ""}, {"id": "9457426", "photo": {"prefix": "https://igx.4sqi.net/img/user/", "suffix": "/OW4G4YY14HAXF154.jpg"}, "homeCity": "Columbia, MO", "contact": {"twitter": "derrickhozw"}, "firstName": "Derrick", "tips": {"count": 2}, "gender": "male", "lastName": "Ho", "lists": {"groups": [{"count": 2, "type": "created", "items": []}]}, "bio": ""}, {"id": "4330480", "photo": {"prefix": "https://igx.4sqi.net/img/user/", "suffix": "/EFNBFVHNJS2SFUBF.jpg"}, "homeCity": "Singapore", "contact": {"facebook": "609856071"}, "firstName": "Zhaoquan", "tips": {"count": 0}, "gender": "male", "lastName": "Lin", "lists": {"groups": [{"count": 2, "type": "created", "items": []}]}, "bio": ""}, {"id": "6799694", "photo": {"prefix": "https://igx.4sqi.net/img/user/", "suffix": "/5NF31WDRBAMAFD0E.jpg"}, "homeCity": "Singapore", "contact": {"facebook": "726570163", "twitter": "scheam"}, "firstName": "Samuel", "tips": {"count": 0}, "gender": "male", "lastName": "Cheam", "lists": {"groups": [{"count": 2, "type": "created", "items": []}]}, "bio": ""}, {"id": "11400044", "photo": {"prefix": "https://igx.4sqi.net/img/user/", "suffix": "/DHCXMCZPREYJNLJY.jpg"}, "homeCity": "Singapore", "contact": {"facebook": "658377283", "twitter": "weeeda"}, "firstName": "Chan", "tips": {"count": 1}, "gender": "male", "lastName": "Weida", "lists": {"groups": [{"count": 2, "type": "created", "items": []}]}, "bio": ""}, {"id": "26706665", "photo": {"prefix": "https://igx.4sqi.net/img/user/", "suffix": "/TRC05XFGQFVNKXKW.jpg"}, "homeCity": "New York, NY", "contact": {"facebook": "791923883"}, "firstName": "Sharon", "tips": {"count": 1}, "gender": "female", "lastName": "Sk", "lists": {"groups": [{"count": 3, "type": "created", "items": []}]}, "bio": ""}, {"id": "11106955", "photo": {"prefix": "https://igx.4sqi.net/img/user/", "suffix": "/WMBJB52H4TWNYHZV.jpg"}, "homeCity": "Singapore", "contact": {"facebook": "863000342", "twitter": "caifenni"}, "firstName": "Stephanie", "tips": {"count": 1}, "gender": "female", "lastName": "Oiler", "lists": {"groups": [{"count": 2, "type": "created", "items": []}]}, "bio": ""}, {"id": "12981141", "photo": {"prefix": "https://igx.4sqi.net/img/user/", "suffix": "/BXOPNNJHJ5ZJ2XBU.jpg"}, "homeCity": "Singapore", "contact": {"facebook": "595742291"}, "firstName": "Trie", "tips": {"count": 0}, "gender": "female", "lastName": "Zhou", "lists": {"groups": [{"count": 2, "type": "created", "items": []}]}, "bio": ""}, {"id": "5820789", "photo": {"prefix": "https://igx.4sqi.net/img/user/", "suffix": "/RWUBZPBOCKI4TFRR.jpg"}, "homeCity": "Singapore", "contact": {"facebook": "754846867", "twitter": "missxiaohui"}, "firstName": "Jane", "tips": {"count": 0}, "gender": "female", "lastName": "Lim", "lists": {"groups": [{"count": 2, "type": "created", "items": []}]}, "bio": ""}, {"id": "2359838", "photo": {"prefix": "https://igx.4sqi.net/img/user/", "default": true, "suffix": "/blank_girl.png"}, "homeCity": "Singapore", "contact": {"facebook": "539010597"}, "firstName": "Jean", "tips": {"count": 0}, "gender": "female", "lastName": "Ng", "lists": {"groups": [{"count": 2, "type": "created", "items": []}]}, "bio": ""}, {"id": "5179654", "photo": {"prefix": "https://igx.4sqi.net/img/user/", "suffix": "/ARRC1LH3TI0LNKQL.jpg"}, "homeCity": "Singapore", "contact": {}, "firstName": "Lexy", "tips": {"count": 2}, "gender": "female", "lastName": "Ooi", "lists": {"groups": [{"count": 2, "type": "created", "items": []}]}, "bio": ""}, {"id": "1223167", "photo": {"prefix": "https://igx.4sqi.net/img/user/", "suffix": "/LEEND3UBNQXZZTVD.jpg"}, "homeCity": "Singapore", "contact": {"facebook": "523885980", "twitter": "chinnychins"}, "firstName": "Chloe", "tips": {"count": 1}, "gender": "female", "lastName": "Tan", "lists": {"groups": [{"count": 2, "type": "created", "items": []}]}, "bio": ""}, {"id": "5361647", "photo": {"prefix": "https://igx.4sqi.net/img/user/", "default": true, "suffix": "/blank_girl.png"}, "homeCity": "Petaling Jaya, Malaysia", "contact": {}, "firstName": "Michelle", "tips": {"count": 1}, "gender": "female", "lastName": "Pay", "lists": {"groups": [{"count": 2, "type": "created", "items": []}]}, "bio": ""}, {"id": "4064409", "photo": {"prefix": "https://igx.4sqi.net/img/user/", "default": true, "suffix": "/blank_girl.png"}, "homeCity": "Singapore", "contact": {}, "firstName": "Eunice", "tips": {"count": 0}, "gender": "female", "lastName": "Yeo", "lists": {"groups": [{"count": 2, "type": "created", "items": []}]}, "bio": ""}, {"id": "1477422", "photo": {"prefix": "https://igx.4sqi.net/img/user/", "suffix": "/SSFPG2KNHJDZB0X4.jpg"}, "homeCity": "Singapore", "contact": {}, "firstName": "Adeline", "tips": {"count": 12}, "gender": "female", "lastName": "Liew", "lists": {"groups": [{"count": 2, "type": "created", "items": []}]}, "bio": ""}, {"id": "4399910", "photo": {"prefix": "https://igx.4sqi.net/img/user/", "suffix": "/0KMAFWHIH2IZIY42.jpg"}, "homeCity": "Singapore", "contact": {"facebook": "716644681"}, "firstName": "Rick", "tips": {"count": 3}, "gender": "male", "lastName": "Chew", "lists": {"groups": [{"count": 2, "type": "created", "items": []}]}, "bio": ""}, {"id": "790172", "photo": {"prefix": "https://igx.4sqi.net/img/user/", "default": true, "suffix": "/blank_boy.png"}, "homeCity": "Singapore", "contact": {"facebook": "694149743"}, "firstName": "Kenneth", "tips": {"count": 0}, "gender": "male", "lastName": "Lee", "lists": {"groups": [{"count": 2, "type": "created", "items": []}]}, "bio": ""}, {"id": "3178849", "photo": {"prefix": "https://igx.4sqi.net/img/user/", "suffix": "/QZLYMEIYBL1ZS4Y3.jpg"}, "homeCity": "Singapore", "contact": {"facebook": "522197122", "twitter": "paulelele"}, "firstName": "Paulelele", "tips": {"count": 1}, "gender": "female", "lastName": "Lala", "lists": {"groups": [{"count": 2, "type": "created", "items": []}]}, "bio": ""}, {"id": "4332411", "photo": {"prefix": "https://igx.4sqi.net/img/user/", "suffix": "/VK3FWNNDTRY1JVSE.jpg"}, "homeCity": "Singapore", "contact": {}, "firstName": "Trixie", "tips": {"count": 2}, "gender": "female", "lastName": "Chong", "lists": {"groups": [{"count": 2, "type": "created", "items": []}]}, "bio": ""}, {"id": "11789931", "photo": {"prefix": "https://igx.4sqi.net/img/user/", "suffix": "/ZGDQT45AI53PEHYX.jpg"}, "homeCity": "Singapore", "contact": {"facebook": "586024673"}, "firstName": "May", "tips": {"count": 0}, "gender": "none", "lastName": "Li", "lists": {"groups": [{"count": 2, "type": "created", "items": []}]}, "bio": ""}, {"id": "28388029", "photo": {"prefix": "https://igx.4sqi.net/img/user/", "suffix": "/28388029-SMYJWKR4ZFCK5IIA.jpg"}, "homeCity": "Istanbul", "contact": {"facebook": "627445535", "twitter": "selimhaslaman"}, "firstName": "Selim", "tips": {"count": 3}, "gender": "male", "lastName": "HASLAMAN", "lists": {"groups": [{"count": 2, "type": "created", "items": []}]}, "bio": "Evde yedi\u011fini, dunyan\u0131n \u00f6b\u00fcr ucunda m\u0131\u00e7an adam..."}, {"id": "24183845", "photo": {"prefix": "https://igx.4sqi.net/img/user/", "suffix": "/NF3BJKUKNATRQKR4.jpg"}, "homeCity": "Moskva", "contact": {"facebook": "603745790"}, "firstName": "Sheena", "tips": {"count": 0}, "gender": "female", "lastName": "Tan", "lists": {"groups": [{"count": 4, "type": "created", "items": []}]}, "bio": ""}, {"id": "5952792", "photo": {"prefix": "https://igx.4sqi.net/img/user/", "default": true, "suffix": "/blank_girl.png"}, "homeCity": "Stockton-on-Tees, UK", "contact": {"twitter": "genevievelau"}, "firstName": "Genevieve", "tips": {"count": 0}, "gender": "female", "lists": {"groups": [{"count": 2, "type": "created", "items": []}]}, "bio": ""}, {"id": "3573201", "photo": {"prefix": "https://igx.4sqi.net/img/user/", "suffix": "/1ZJM210NEJ33CLM5.jpg"}, "homeCity": "Singapore", "contact": {"facebook": "648146690"}, "firstName": "Isaac", "tips": {"count": 0}, "gender": "male", "lastName": "Sim", "lists": {"groups": [{"count": 2, "type": "created", "items": []}]}, "bio": ""}, {"id": "2922184", "photo": {"prefix": "https://igx.4sqi.net/img/user/", "suffix": "/IID1ZX4BSASTXCE5.jpg"}, "homeCity": "Singapore", "contact": {"facebook": "576760667"}, "firstName": "Hasyim", "tips": {"count": 1}, "gender": "male", "lastName": "Azmi", "lists": {"groups": [{"count": 2, "type": "created", "items": []}]}, "bio": ""}, {"id": "5407652", "photo": {"prefix": "https://igx.4sqi.net/img/user/", "suffix": "/5407652-D0HCVZOJGYDCWKET.jpg"}, "homeCity": "Singapore", "contact": {"twitter": "xuanling85"}, "firstName": "hazel", "tips": {"count": 2}, "gender": "female", "lastName": "Lee", "lists": {"groups": [{"count": 2, "type": "created", "items": []}]}, "bio": ""}, {"id": "5102472", "photo": {"prefix": "https://igx.4sqi.net/img/user/", "suffix": "/H34UPZNWIKAWOSBL.jpg"}, "homeCity": "Singapore", "contact": {"facebook": "585943924"}, "firstName": "Thomas", "tips": {"count": 0}, "gender": "male", "lastName": "Wong", "lists": {"groups": [{"count": 2, "type": "created", "items": []}]}, "bio": ""}, {"id": "5073198", "photo": {"prefix": "https://igx.4sqi.net/img/user/", "suffix": "/G5VJLUEIHW2RUHT2.jpg"}, "homeCity": "Singapore", "contact": {"facebook": "703573380"}, "firstName": "Chun Cheong", "tips": {"count": 1}, "gender": "male", "lastName": "Chew", "lists": {"groups": [{"count": 2, "type": "created", "items": []}]}, "bio": ""}, {"id": "87432330", "photo": {"prefix": "https://igx.4sqi.net/img/user/", "suffix": "/87432330-EXKDLMGRSV1JQV30.jpg"}, "homeCity": "Singapore", "contact": {"facebook": "888295594"}, "firstName": "Ricky Law", "tips": {"count": 0}, "gender": "male", "lastName": "Manlok", "lists": {"groups": [{"count": 2, "type": "created", "items": []}]}, "bio": ""}, {"id": "1101721", "photo": {"prefix": "https://igx.4sqi.net/img/user/", "default": true, "suffix": "/blank_boy.png"}, "homeCity": "Singapore", "contact": {"facebook": "666560721", "twitter": "travel_jem"}, "firstName": "Jeremy", "tips": {"count": 1}, "gender": "male", "lists": {"groups": [{"count": 2, "type": "created", "items": []}]}, "bio": ""}, {"id": "3300750", "photo": {"prefix": "https://igx.4sqi.net/img/user/", "suffix": "/W320ACMHIRG0G3AK.jpg"}, "homeCity": "Singapore", "contact": {"facebook": "530470947"}, "firstName": "Melisa", "tips": {"count": 0}, "gender": "female", "lastName": "Lee", "lists": {"groups": [{"count": 2, "type": "created", "items": []}]}, "bio": ""}, {"id": "4469152", "photo": {"prefix": "https://igx.4sqi.net/img/user/", "suffix": "/OEBHSVUITZYRRMAR.jpg"}, "homeCity": "Singapore", "contact": {"facebook": "769469502", "twitter": "zynnchia_ling"}, "firstName": "Zynn", "tips": {"count": 2}, "gender": "female", "lastName": "Chia", "lists": {"groups": [{"count": 2, "type": "created", "items": []}]}, "bio": ""}, {"id": "19230099", "photo": {"prefix": "https://igx.4sqi.net/img/user/", "suffix": "/AVMK3JQSTCS0T1AE.jpg"}, "homeCity": "Singapore", "contact": {"twitter": "aliahzahar"}, "firstName": "Aliah", "tips": {"count": 0}, "gender": "female", "lastName": "Zahar", "lists": {"groups": [{"count": 2, "type": "created", "items": []}]}, "bio": ""}, {"id": "66110219", "photo": {"prefix": "https://igx.4sqi.net/img/user/", "suffix": "/EQ3FDQLTYYAFXCJH.jpg"}, "homeCity": "Singapore", "contact": {"facebook": "595796000"}, "firstName": "Lee", "tips": {"count": 0}, "gender": "male", "lastName": "Siong", "lists": {"groups": [{"count": 2, "type": "created", "items": []}]}, "bio": ""}, {"id": "7531173", "photo": {"prefix": "https://igx.4sqi.net/img/user/", "suffix": "/1WGDTXCNSMQR03PM.jpg"}, "homeCity": "Singapore", "contact": {"facebook": "526877548"}, "firstName": "\ue030Fannie\ue030", "tips": {"count": 0}, "gender": "female", "lists": {"groups": [{"count": 2, "type": "created", "items": []}]}, "bio": ""}, {"id": "3595645", "photo": {"prefix": "https://igx.4sqi.net/img/user/", "suffix": "/242STOE4ZCARLJLP.jpg"}, "homeCity": "Singapore", "contact": {"facebook": "602152014"}, "firstName": "Louis", "tips": {"count": 0}, "gender": "male", "lastName": "Ang", "lists": {"groups": [{"count": 2, "type": "created", "items": []}]}, "bio": ""}, {"id": "3060282", "photo": {"prefix": "https://igx.4sqi.net/img/user/", "suffix": "/S04SDH5TTNVOPHG3.jpg"}, "homeCity": "Singapore", "contact": {"facebook": "1417582343", "twitter": "sarahlaell"}, "firstName": "Sarah", "tips": {"count": 0}, "gender": "female", "lastName": "Lael", "lists": {"groups": [{"count": 29, "type": "created", "items": []}]}, "bio": ""}, {"id": "11260040", "photo": {"prefix": "https://igx.4sqi.net/img/user/", "default": true, "suffix": "/blank_boy.png"}, "homeCity": "Singapore", "contact": {"facebook": "565797324"}, "firstName": "Alvin", "tips": {"count": 0}, "gender": "male", "lastName": "Cao", "lists": {"groups": [{"count": 2, "type": "created", "items": []}]}, "bio": ""}, {"id": "80542197", "photo": {"prefix": "https://igx.4sqi.net/img/user/", "suffix": "/80542197-DY3B0YYUKZPYPXEW.jpg"}, "homeCity": "", "contact": {}, "firstName": "Princess", "tips": {"count": 0}, "gender": "female", "lastName": "Ramos", "lists": {"groups": [{"count": 2, "type": "created", "items": []}]}, "bio": ""}, {"id": "1417191", "photo": {"prefix": "https://igx.4sqi.net/img/user/", "suffix": "/JEW2POFZJ1PTDUGA.jpg"}, "homeCity": "Singapore", "contact": {}, "firstName": "Umeer hyder", "tips": {"count": 1}, "gender": "male", "lists": {"groups": [{"count": 2, "type": "created", "items": []}]}, "bio": ""}, {"id": "3316060", "photo": {"prefix": "https://igx.4sqi.net/img/user/", "suffix": "/LXJEDLPGQTBCOHT5.jpg"}, "homeCity": "Singapore", "contact": {"facebook": "691396396"}, "firstName": "Tan", "tips": {"count": 1}, "gender": "female", "lastName": "Michelle", "lists": {"groups": [{"count": 2, "type": "created", "items": []}]}, "bio": ""}, {"id": "4632944", "photo": {"prefix": "https://igx.4sqi.net/img/user/", "suffix": "/LKYSMQQK2HILCUS4.jpg"}, "homeCity": "Singapore", "contact": {"facebook": "571710871", "twitter": "cherylxe"}, "firstName": "Cheryl", "tips": {"count": 1}, "gender": "female", "lastName": "Cheong", "lists": {"groups": [{"count": 2, "type": "created", "items": []}]}, "bio": ""}, {"id": "76041436", "photo": {"prefix": "https://igx.4sqi.net/img/user/", "suffix": "/76041436-3PCBCGXCVUU2OTFE"}, "homeCity": "York, AL", "contact": {}, "firstName": "Jayden", "tips": {"count": 0}, "gender": "female", "lastName": "Reed", "lists": {"groups": [{"count": 2, "type": "created", "items": []}]}, "bio": "Im available today if you r???"}, {"id": "83007803", "photo": {"prefix": "https://igx.4sqi.net/img/user/", "suffix": "/83007803-0I4VJDA3KX5E5SUA.jpg"}, "homeCity": "", "contact": {}, "firstName": "valerie stephanie", "tips": {"count": 0}, "gender": "female", "lastName": "mcpherson", "lists": {"groups": [{"count": 2, "type": "created", "items": []}]}, "bio": ""}, {"id": "3953505", "photo": {"prefix": "https://igx.4sqi.net/img/user/", "suffix": "/3953505-1RVUABPXSCRIMHY3.jpg"}, "homeCity": "Singapore", "contact": {"facebook": "607301540"}, "firstName": "Annie", "tips": {"count": 11}, "gender": "female", "lists": {"groups": [{"count": 2, "type": "created", "items": []}]}, "bio": ""}, {"id": "3900648", "photo": {"prefix": "https://igx.4sqi.net/img/user/", "suffix": "/EIGVA41H23UGGUJF.jpg"}, "homeCity": "Singapore", "contact": {}, "firstName": "Chun Kiak", "tips": {"count": 2}, "gender": "male", "lastName": "Lor", "lists": {"groups": [{"count": 2, "type": "created", "items": []}]}, "bio": ""}, {"id": "63042531", "photo": {"prefix": "https://igx.4sqi.net/img/user/", "suffix": "/FHAAZCP2UDEE3UPQ"}, "homeCity": "London", "contact": {}, "firstName": "Maria", "tips": {"count": 0}, "gender": "none", "lastName": "Brockley", "lists": {"groups": [{"count": 2, "type": "created", "items": []}]}, "bio": "Cooking, stirring, chopping, sprinkling"}, {"id": "1532432", "photo": {"prefix": "https://igx.4sqi.net/img/user/", "suffix": "/3MFJ3LNOFRHUEABH.jpg"}, "homeCity": "Orchard, Singapore", "contact": {"facebook": "637920718"}, "firstName": "Joseph", "tips": {"count": 0}, "gender": "male", "lastName": "Chua", "lists": {"groups": [{"count": 2, "type": "created", "items": []}]}, "bio": ""}, {"id": "3507345", "photo": {"prefix": "https://igx.4sqi.net/img/user/", "suffix": "/JDCMJZTR1N1PAVUJ.jpg"}, "homeCity": "Singapore", "contact": {"facebook": "643155894"}, "firstName": "Sherilyn", "tips": {"count": 0}, "gender": "female", "lastName": "Tan", "lists": {"groups": [{"count": 2, "type": "created", "items": []}]}, "bio": ""}, {"id": "5202261", "photo": {"prefix": "https://igx.4sqi.net/img/user/", "suffix": "/5NZLM31KSVUPLD0E.jpg"}, "homeCity": "Singapore", "contact": {"facebook": "584567126"}, "firstName": "Sapphire", "tips": {"count": 0}, "gender": "female", "lastName": "Tham", "lists": {"groups": [{"count": 2, "type": "created", "items": []}]}, "bio": ""}, {"id": "4537671", "photo": {"prefix": "https://igx.4sqi.net/img/user/", "suffix": "/4MEYUZGKVMR4OXEV.jpg"}, "homeCity": "Singapore", "contact": {}, "firstName": "Siti Hajar", "tips": {"count": 0}, "gender": "female", "lastName": "Yahaya", "lists": {"groups": [{"count": 2, "type": "created", "items": []}]}, "bio": ""}, {"id": "3918356", "photo": {"prefix": "https://igx.4sqi.net/img/user/", "suffix": "/UWJ2U4UZGMEXNOXJ.jpg"}, "homeCity": "Singapore", "contact": {"facebook": "528241713", "twitter": "joyicewanleng"}, "firstName": "Joyice", "tips": {"count": 17}, "gender": "female", "lastName": "Wan Leng", "lists": {"groups": [{"count": 2, "type": "created", "items": []}]}, "bio": ""}, {"id": "70345141", "photo": {"prefix": "https://igx.4sqi.net/img/user/", "suffix": "/3WZP3D0WWBBWYL5V.jpg"}, "homeCity": "singapore", "contact": {"facebook": "832224406"}, "firstName": "Ade", "tips": {"count": 1}, "gender": "female", "lists": {"groups": [{"count": 2, "type": "created", "items": []}]}, "bio": ""}, {"id": "1654605", "photo": {"prefix": "https://igx.4sqi.net/img/user/", "suffix": "/SM0EDW4C3SG0LG00.jpg"}, "homeCity": "Singapore", "contact": {}, "firstName": "M F", "tips": {"count": 3}, "gender": "male", "lastName": "Wan", "lists": {"groups": [{"count": 2, "type": "created", "items": []}]}, "bio": ""}, {"id": "3692187", "photo": {"prefix": "https://igx.4sqi.net/img/user/", "suffix": "/3THYVNME11DSNVVY.jpg"}, "homeCity": "Singapore", "contact": {"facebook": "820869965"}, "firstName": "andy", "tips": {"count": 0}, "gender": "male", "lastName": "choi", "lists": {"groups": [{"count": 2, "type": "created", "items": []}]}, "bio": ""}, {"id": "6203824", "photo": {"prefix": "https://igx.4sqi.net/img/user/", "suffix": "/5ZZCDMQY0K40VBFE.jpg"}, "homeCity": "Singapore", "contact": {"facebook": "1660933669"}, "firstName": "Juliana", "tips": {"count": 0}, "gender": "female", "lastName": "Yeo", "lists": {"groups": [{"count": 2, "type": "created", "items": []}]}, "bio": ""}, {"id": "4995004", "photo": {"prefix": "https://igx.4sqi.net/img/user/", "suffix": "/TIZV1FZ4N4GN14ZJ.jpg"}, "homeCity": "Singapore", "contact": {"facebook": "585816032"}, "firstName": "Joanna", "tips": {"count": 5}, "gender": "female", "lastName": "Koh", "lists": {"groups": [{"count": 2, "type": "created", "items": []}]}, "bio": ""}, {"id": "5090442", "photo": {"prefix": "https://igx.4sqi.net/img/user/", "suffix": "/HJRY2N413VTKL0SG.jpg"}, "homeCity": "Gurgaon, India", "contact": {}, "firstName": "Christopher", "tips": {"count": 0}, "gender": "male", "lastName": "Goh", "lists": {"groups": [{"count": 2, "type": "created", "items": []}]}, "bio": ""}, {"id": "1685880", "photo": {"prefix": "https://igx.4sqi.net/img/user/", "suffix": "/0W41CJI43CQLC32H.jpg"}, "homeCity": "Woodlands, Singapore", "contact": {"facebook": "605310430", "twitter": "kaydencechong"}, "firstName": "kaydence", "tips": {"count": 2}, "gender": "female", "lastName": "chong", "lists": {"groups": [{"count": 2, "type": "created", "items": []}]}, "bio": ""}, {"id": "3851644", "photo": {"prefix": "https://igx.4sqi.net/img/user/", "suffix": "/IXIMVYPI3MFA0A5C.jpg"}, "homeCity": "Singapore", "contact": {"facebook": "740061946"}, "firstName": "Joanna", "tips": {"count": 0}, "gender": "female", "lastName": "Lee", "lists": {"groups": [{"count": 2, "type": "created", "items": []}]}, "bio": ""}, {"id": "6220857", "photo": {"prefix": "https://igx.4sqi.net/img/user/", "suffix": "/2T1TBWV2N4TTSPHK.jpg"}, "homeCity": "Singapore", "contact": {"facebook": "655816950"}, "firstName": "fadz18", "tips": {"count": 0}, "gender": "male", "lists": {"groups": [{"count": 2, "type": "created", "items": []}]}, "bio": ""}, {"id": "5055375", "photo": {"prefix": "https://igx.4sqi.net/img/user/", "suffix": "/Z2MQOALDRVRHE1PT.jpg"}, "homeCity": "Singapore", "contact": {}, "firstName": "Phy", "tips": {"count": 0}, "gender": "female", "lists": {"groups": [{"count": 2, "type": "created", "items": []}]}, "bio": ""}, {"id": "5093735", "photo": {"prefix": "https://igx.4sqi.net/img/user/", "default": true, "suffix": "/blank_girl.png"}, "homeCity": "Singapore", "contact": {}, "firstName": "Sapphire", "tips": {"count": 0}, "gender": "female", "lastName": "Tham", "lists": {"groups": [{"count": 2, "type": "created", "items": []}]}, "bio": ""}, {"id": "3015371", "photo": {"prefix": "https://igx.4sqi.net/img/user/", "suffix": "/LAXM1U3FJ4VQJYAR.jpg"}, "homeCity": "Singapore", "contact": {"facebook": "652166652", "twitter": "divaaarti"}, "firstName": "Aarti", "tips": {"count": 0}, "gender": "female", "lastName": "Assodani", "lists": {"groups": [{"count": 2, "type": "created", "items": []}]}, "bio": ""}, {"id": "3854463", "photo": {"prefix": "https://igx.4sqi.net/img/user/", "suffix": "/4SYZ5KVGLGPIM2W2.jpg"}, "homeCity": "singapore", "contact": {"facebook": "540950509"}, "firstName": "Gary", "tips": {"count": 10}, "gender": "male", "lastName": "Chien", "lists": {"groups": [{"count": 2, "type": "created", "items": []}]}, "bio": ""}, {"id": "6886628", "photo": {"prefix": "https://igx.4sqi.net/img/user/", "suffix": "/GJMBDDZ0PXDB252X.jpg"}, "homeCity": "Singapore", "contact": {}, "firstName": "Juliana", "tips": {"count": 4}, "gender": "female", "lastName": "Tan", "lists": {"groups": [{"count": 2, "type": "created", "items": []}]}, "bio": ""}, {"id": "5123748", "photo": {"prefix": "https://igx.4sqi.net/img/user/", "suffix": "/5123748-OEIFAULIEU4NWGPP.jpg"}, "homeCity": "Singapore", "contact": {"facebook": "544717203", "twitter": "eleenang"}, "firstName": "Eleen", "tips": {"count": 1}, "gender": "female", "lastName": "Ang", "lists": {"groups": [{"count": 2, "type": "created", "items": []}]}, "bio": ""}, {"id": "3081075", "photo": {"prefix": "https://igx.4sqi.net/img/user/", "suffix": "/F5OSDUMO1BHQQ3NI.jpg"}, "homeCity": "Singapore", "contact": {}, "firstName": "Yen", "tips": {"count": 0}, "gender": "female", "lastName": "Chia", "lists": {"groups": [{"count": 2, "type": "created", "items": []}]}, "bio": ""}, {"id": "3854527", "photo": {"prefix": "https://igx.4sqi.net/img/user/", "suffix": "/3854527-N0YWLRTHITY0L0FL.jpg"}, "homeCity": "Singapore", "contact": {}, "firstName": "Winnie", "tips": {"count": 15}, "gender": "female", "lastName": "Or", "lists": {"groups": [{"count": 2, "type": "created", "items": []}]}, "bio": ""}, {"id": "6907858", "photo": {"prefix": "https://igx.4sqi.net/img/user/", "suffix": "/N4F5BMKX0TH3US1A.jpg"}, "homeCity": "Singapore", "contact": {}, "firstName": "Joseph", "tips": {"count": 1}, "gender": "male", "lastName": "Soh", "lists": {"groups": [{"count": 2, "type": "created", "items": []}]}, "bio": ""}, {"id": "5319603", "photo": {"prefix": "https://igx.4sqi.net/img/user/", "suffix": "/JLN1NGOI0BQE2TEZ.jpg"}, "homeCity": "Singapore", "contact": {"facebook": "576181276"}, "firstName": "Steph", "tips": {"count": 0}, "gender": "female", "lastName": "Chan", "lists": {"groups": [{"count": 2, "type": "created", "items": []}]}, "bio": ""}, {"id": "3194754", "photo": {"prefix": "https://igx.4sqi.net/img/user/", "suffix": "/1MG4ZB5UDYTXCSMW.jpg"}, "homeCity": "Singapore", "contact": {"facebook": "711247216", "twitter": "leungjai"}, "firstName": "Leon", "tips": {"count": 1}, "gender": "male", "lastName": "CH Leong", "lists": {"groups": [{"count": 2, "type": "created", "items": []}]}, "bio": ""}, {"id": "3859612", "photo": {"prefix": "https://igx.4sqi.net/img/user/", "default": true, "suffix": "/blank_boy.png"}, "homeCity": "Singapore", "contact": {}, "firstName": "Daniel", "tips": {"count": 0}, "gender": "male", "lastName": "Tan", "lists": {"groups": [{"count": 2, "type": "created", "items": []}]}, "bio": ""}, {"id": "7249908", "photo": {"prefix": "https://igx.4sqi.net/img/user/", "suffix": "/URDRK5WWH3BWQT3V.jpg"}, "homeCity": "Singapore", "contact": {"facebook": "816014919"}, "firstName": "Jann", "tips": {"count": 0}, "gender": "female", "lastName": "Low", "lists": {"groups": [{"count": 2, "type": "created", "items": []}]}, "bio": ""}, {"id": "13685136", "photo": {"prefix": "https://igx.4sqi.net/img/user/", "default": true, "suffix": "/blank_boy.png"}, "homeCity": "Singapore", "contact": {}, "firstName": "Whipped", "tips": {"count": 1}, "gender": "none", "lists": {"groups": [{"count": 2, "type": "created", "items": []}]}, "bio": ""}, {"id": "3559092", "photo": {"prefix": "https://igx.4sqi.net/img/user/", "suffix": "/3OCPQBMUX0HVCFWG.jpg"}, "homeCity": "Singapore", "contact": {}, "firstName": "Anthony", "tips": {"count": 0}, "gender": "male", "lastName": "Ng", "lists": {"groups": [{"count": 2, "type": "created", "items": []}]}, "bio": ""}, {"id": "3961962", "photo": {"prefix": "https://igx.4sqi.net/img/user/", "suffix": "/3961962-42UMQ42S4LGO3RSH.jpg"}, "homeCity": "Mountain Home, ID", "contact": {"facebook": "714856887", "twitter": "genolyn"}, "firstName": "Lynda", "tips": {"count": 0}, "gender": "female", "lastName": "Ngai", "lists": {"groups": [{"count": 2, "type": "created", "items": []}]}, "bio": ""}, {"id": "8304479", "photo": {"prefix": "https://igx.4sqi.net/img/user/", "suffix": "/ERLQA54LPVGRM0HQ.jpg"}, "homeCity": "Singapore", "contact": {}, "firstName": "Ghazali", "tips": {"count": 3}, "gender": "male", "lists": {"groups": [{"count": 2, "type": "created", "items": []}]}, "bio": ""}, {"id": "3570264", "photo": {"prefix": "https://igx.4sqi.net/img/user/", "suffix": "/LVQKO1NC0VCM3Y41.jpg"}, "homeCity": "Sydney, Australia", "contact": {"facebook": "522443175", "twitter": "lizhiwei85"}, "firstName": "James", "tips": {"count": 359}, "gender": "male", "lastName": "Li Zhiwei", "lists": {"groups": [{"count": 3, "type": "created", "items": []}]}, "bio": ""}, {"id": "4019489", "photo": {"prefix": "https://igx.4sqi.net/img/user/", "default": true, "suffix": "/blank_boy.png"}, "homeCity": "Singapore", "contact": {}, "firstName": "QG", "tips": {"count": 1}, "gender": "male", "lastName": "Teo", "lists": {"groups": [{"count": 2, "type": "created", "items": []}]}, "bio": ""}, {"id": "8309295", "photo": {"prefix": "https://igx.4sqi.net/img/user/", "suffix": "/B1ZXZTTOPJDZYWJD.jpg"}, "homeCity": "Johor Bahru, Malaysia", "contact": {"facebook": "100000065259350"}, "firstName": "jerry", "tips": {"count": 0}, "gender": "male", "lastName": "william", "lists": {"groups": [{"count": 2, "type": "created", "items": []}]}, "bio": ""}, {"id": "3685956", "photo": {"prefix": "https://igx.4sqi.net/img/user/", "suffix": "/PZ0GHZGWMM0RYCGE.jpg"}, "homeCity": "Global Citizen", "contact": {"facebook": "666602048", "twitter": "iamseanou"}, "firstName": "Sean", "tips": {"count": 118}, "gender": "male", "lastName": "CSW", "lists": {"groups": [{"count": 7, "type": "created", "items": []}]}, "bio": "-Certified Personal Trainer (FISAF)\r\n-Certified Specialist of Wine (SWE)\r\n\r\n-LINE / Kakao / Wechat : seanny2face"}, {"id": "4019702", "photo": {"prefix": "https://igx.4sqi.net/img/user/", "suffix": "/WUI2LLLXQFWN4JNI.jpg"}, "homeCity": "Singapore", "contact": {}, "firstName": "Jesslyn", "tips": {"count": 0}, "gender": "female", "lastName": "Kwa", "lists": {"groups": [{"count": 2, "type": "created", "items": []}]}, "bio": ""}, {"id": "12473688", "photo": {"prefix": "https://igx.4sqi.net/img/user/", "default": true, "suffix": "/blank_girl.png"}, "homeCity": "Singapore", "contact": {}, "firstName": "Sheena", "tips": {"count": 0}, "gender": "female", "lastName": "Tan", "lists": {"groups": [{"count": 2, "type": "created", "items": []}]}, "bio": ""}, {"id": "3981953", "photo": {"prefix": "https://igx.4sqi.net/img/user/", "suffix": "/PUV1FTNN5UGJGIE2.jpg"}, "homeCity": "Singapore", "contact": {"facebook": "740176143"}, "firstName": "Shawn", "tips": {"count": 0}, "gender": "male", "lastName": "Kuah", "lists": {"groups": [{"count": 2, "type": "created", "items": []}]}, "bio": ""}, {"id": "4445859", "photo": {"prefix": "https://igx.4sqi.net/img/user/", "suffix": "/3NC4ARLVZEDNJIVR.jpg"}, "homeCity": "Singapore", "contact": {"facebook": "537526896"}, "firstName": "Ada", "tips": {"count": 0}, "gender": "female", "lastName": "Sheu", "lists": {"groups": [{"count": 2, "type": "created", "items": []}]}, "bio": ""}, {"id": "16326418", "photo": {"prefix": "https://igx.4sqi.net/img/user/", "suffix": "/HX2MYPGQRDLWMBIH.jpg"}, "homeCity": "Winnipeg, Canada", "contact": {"facebook": "823639888", "twitter": "jem_wong"}, "firstName": "Jeremy", "tips": {"count": 0}, "gender": "male", "lastName": "Wong", "lists": {"groups": [{"count": 2, "type": "created", "items": []}]}, "bio": ""}, {"id": "4424777", "photo": {"prefix": "https://igx.4sqi.net/img/user/", "suffix": "/4RA0HS00I3EFDWPH.jpg"}, "homeCity": "Singapore", "contact": {"facebook": "521057939"}, "firstName": "Audrey", "tips": {"count": 4}, "gender": "female", "lastName": "Cho", "lists": {"groups": [{"count": 2, "type": "created", "items": []}]}, "bio": ""}, {"id": "4750732", "photo": {"prefix": "https://igx.4sqi.net/img/user/", "suffix": "/EPC1DX52XSVPE3ZL.jpg"}, "homeCity": "Singapore", "contact": {"facebook": "745797741"}, "firstName": "Hakimbo", "tips": {"count": 2}, "gender": "male", "lastName": "Hakim", "lists": {"groups": [{"count": 2, "type": "created", "items": []}]}, "bio": ""}, {"id": "5007872", "photo": {"prefix": "https://igx.4sqi.net/img/user/", "suffix": "/4Y433JAZMYDSMEQ0.jpg"}, "homeCity": "Singapore", "contact": {"facebook": "100001541411340"}, "firstName": "Red", "tips": {"count": 1}, "gender": "male", "lastName": "Rizuan", "lists": {"groups": [{"count": 2, "type": "created", "items": []}]}, "bio": ""}, {"id": "6539101", "photo": {"prefix": "https://igx.4sqi.net/img/user/", "suffix": "/JNTCPLON3G2X2PJT.jpg"}, "homeCity": "New York, NY", "contact": {}, "firstName": "Ragunath", "tips": {"count": 0}, "gender": "male", "lastName": "Subramaniam", "lists": {"groups": [{"count": 2, "type": "created", "items": []}]}, "bio": ""}, {"id": "5268124", "photo": {"prefix": "https://igx.4sqi.net/img/user/", "suffix": "/F04A1CFC2LTRZ2LT.jpg"}, "homeCity": "Singapore", "contact": {"facebook": "1017944159"}, "firstName": "Nina farhana", "tips": {"count": 2}, "gender": "female", "lastName": "Fikri", "lists": {"groups": [{"count": 2, "type": "created", "items": []}]}, "bio": ""}, {"id": "5900095", "photo": {"prefix": "https://igx.4sqi.net/img/user/", "default": true, "suffix": "/blank_boy.png"}, "homeCity": "Singapore", "contact": {"facebook": "506982830"}, "firstName": "Keith", "tips": {"count": 0}, "gender": "male", "lastName": "Monteiro", "lists": {"groups": [{"count": 2, "type": "created", "items": []}]}, "bio": ""}, {"id": "55376692", "photo": {"prefix": "https://igx.4sqi.net/img/user/", "default": true, "suffix": "/blank_boy.png"}, "homeCity": "Singapore", "contact": {"facebook": "1432561321"}, "firstName": "Sean", "tips": {"count": 0}, "gender": "male", "lastName": "Sin", "lists": {"groups": [{"count": 2, "type": "created", "items": []}]}, "bio": ""}]}, "checksum": "de94c7a04188d056bdbe21184ee68be29baea3ad"}}