{"notifications": [{"type": "notificationTray", "item": {"unreadCount": 0}}], "response": {"friends": {"items": [{"tips": {"count": 1}, "contact": {}, "firstName": "Cresent", "gender": "none", "id": "4781010", "bio": "", "photo": {"prefix": "https://igx.4sqi.net/img/user/", "suffix": "/DGDMNQLARNBVBBTZ.jpg"}, "homeCity": "Singapore", "lists": {"groups": [{"items": [], "count": 2, "type": "created"}]}}, {"tips": {"count": 5}, "contact": {"facebook": "697107399"}, "firstName": "Andr1ne", "gender": "female", "id": "6988864", "bio": "", "photo": {"prefix": "https://igx.4sqi.net/img/user/", "suffix": "/OJR4KF4B0PCPNHXH.jpg"}, "homeCity": "Singapore", "lists": {"groups": [{"items": [], "count": 2, "type": "created"}]}}, {"tips": {"count": 0}, "contact": {}, "firstName": "Kee Joon", "gender": "male", "lastName": "Wong", "id": "6438856", "bio": "", "photo": {"prefix": "https://igx.4sqi.net/img/user/", "suffix": "/QRVWBZMQ45GPULL3.jpg"}, "homeCity": "New York, NY", "lists": {"groups": [{"items": [], "count": 2, "type": "created"}]}}, {"tips": {"count": 0}, "contact": {"facebook": "691935165"}, "firstName": "Jason", "gender": "male", "lastName": "Siah", "id": "1325947", "bio": "", "photo": {"prefix": "https://igx.4sqi.net/img/user/", "suffix": "/NPDEBRRQ12RSJDTL.jpg"}, "homeCity": "Cyberjaya, Selangor", "lists": {"groups": [{"items": [], "count": 2, "type": "created"}]}}, {"tips": {"count": 0}, "contact": {}, "firstName": "Karen", "gender": "female", "lastName": "Yeo", "id": "4557089", "bio": "", "photo": {"prefix": "https://igx.4sqi.net/img/user/", "suffix": "/4557089-NM5SRLFNNC1O2BJF.jpg"}, "homeCity": "Unnamed Location", "lists": {"groups": [{"items": [], "count": 2, "type": "created"}]}}, {"tips": {"count": 0}, "contact": {"facebook": "631160983"}, "firstName": "Sin Yin", "gender": "female", "id": "5516950", "bio": "", "photo": {"prefix": "https://igx.4sqi.net/img/user/", "suffix": "/blank_girl.png", "default": true}, "homeCity": "Penang", "lists": {"groups": [{"items": [], "count": 2, "type": "created"}]}}, {"tips": {"count": 1}, "contact": {"twitter": "saichow", "facebook": "632454544"}, "firstName": "SaiChow", "gender": "male", "id": "2808369", "bio": "", "photo": {"prefix": "https://igx.4sqi.net/img/user/", "suffix": "/2808369-Z5QGJ22PF4EJUBI5.jpg"}, "homeCity": "Petaling Jaya, Malaysia", "lists": {"groups": [{"items": [], "count": 2, "type": "created"}]}}, {"superuser": 2, "tips": {"count": 21}, "contact": {"facebook": "566986973"}, "firstName": "Esther", "gender": "female", "lastName": "Khoo", "id": "4571332", "bio": "Eat, drink, and be merry ^^", "photo": {"prefix": "https://igx.4sqi.net/img/user/", "suffix": "/4571332-XYUT5AQOHDMNLL1S.jpg"}, "homeCity": "Singapore", "lists": {"groups": [{"items": [], "count": 2, "type": "created"}]}}, {"tips": {"count": 0}, "contact": {"facebook": "508960600"}, "firstName": "Harvey", "gender": "male", "lastName": "Mok", "id": "2571920", "bio": "", "photo": {"prefix": "https://igx.4sqi.net/img/user/", "suffix": "/QNOFYI2XJXI2P5CX.jpg"}, "homeCity": "Kuala Lumpur, Malaysia", "lists": {"groups": [{"items": [], "count": 2, "type": "created"}]}}, {"tips": {"count": 0}, "contact": {"facebook": "632149294"}, "firstName": "Christine", "gender": "female", "lastName": "Ong Mei Lin", "id": "11256538", "bio": "", "photo": {"prefix": "https://igx.4sqi.net/img/user/", "suffix": "/K2U1UPBXZVBEHOUP.jpg"}, "homeCity": "Pulau Pinang, Malaysia", "lists": {"groups": [{"items": [], "count": 2, "type": "created"}]}}, {"tips": {"count": 1}, "contact": {"twitter": "ongcanhunt", "facebook": "512264207"}, "firstName": "Ong", "gender": "male", "lastName": "Ken Han", "id": "21051887", "bio": "", "photo": {"prefix": "https://igx.4sqi.net/img/user/", "suffix": "/21051887-2LOMDJD5Z01R0WED.jpg"}, "homeCity": "Selangor", "lists": {"groups": [{"items": [], "count": 2, "type": "created"}]}}, {"tips": {"count": 5}, "contact": {"twitter": "chuensam", "facebook": "10153839831133072"}, "firstName": "Chuen Sam", "gender": "female", "lastName": "Tang", "id": "1728571", "bio": "", "photo": {"prefix": "https://igx.4sqi.net/img/user/", "suffix": "/RCTWMABWWLHZ4W3R.jpg"}, "homeCity": "New York", "lists": {"groups": [{"items": [], "count": 4, "type": "created"}]}}, {"tips": {"count": 0}, "contact": {"twitter": "pennyohk", "facebook": "583049782"}, "firstName": "Penny", "gender": "female", "lastName": "Ong", "id": "7555208", "bio": "", "photo": {"prefix": "https://igx.4sqi.net/img/user/", "suffix": "/blank_girl.png", "default": true}, "homeCity": "Malaysia", "lists": {"groups": [{"items": [], "count": 2, "type": "created"}]}}, {"tips": {"count": 3}, "contact": {"facebook": "538800813"}, "firstName": "Jessica", "gender": "female", "lastName": "Tan", "id": "2532062", "bio": "", "photo": {"prefix": "https://igx.4sqi.net/img/user/", "suffix": "/D4NHFUCU0O3XKDJE.jpg"}, "homeCity": "Subang Jaya, Malaysia", "lists": {"groups": [{"items": [], "count": 2, "type": "created"}]}}, {"tips": {"count": 8}, "contact": {"twitter": "ongevonne", "facebook": "654271651"}, "firstName": "Ong", "gender": "female", "lastName": "Evonne", "id": "2442721", "bio": "", "photo": {"prefix": "https://igx.4sqi.net/img/user/", "suffix": "/JRBPFRPPDE2452IS.jpg"}, "homeCity": "Kuala Lumpur, Malaysia", "lists": {"groups": [{"items": [], "count": 2, "type": "created"}]}}, {"tips": {"count": 3}, "contact": {"facebook": "631057938"}, "firstName": "Yah Ling", "gender": "female", "id": "32530199", "bio": "", "photo": {"prefix": "https://igx.4sqi.net/img/user/", "suffix": "/32530199-BZ2UOJ1FRONARVUV.jpg"}, "homeCity": "Penang, Malaysia ", "lists": {"groups": [{"items": [], "count": 2, "type": "created"}]}}, {"tips": {"count": 0}, "contact": {"facebook": "1021112404571802"}, "firstName": "Phoebe", "gender": "female", "lastName": "Ong", "id": "143846867", "bio": "", "photo": {"prefix": "https://igx.4sqi.net/img/user/", "suffix": "/143846867-DZIWOH0U0ZCRE1MX.jpg"}, "homeCity": "Kuala Lumpur, 14", "lists": {"groups": [{"items": [], "count": 2, "type": "created"}]}}, {"tips": {"count": 0}, "contact": {}, "firstName": "Joe", "gender": "male", "lastName": "Teh", "id": "5565026", "bio": "", "photo": {"prefix": "https://igx.4sqi.net/img/user/", "suffix": "/WPIUYX5AXBVYWIVE.jpg"}, "homeCity": "Pulau Pinang, Malaysia", "lists": {"groups": [{"items": [], "count": 2, "type": "created"}]}}, {"tips": {"count": 0}, "contact": {"facebook": "776114209"}, "firstName": "MH", "gender": "male", "lastName": "Lee", "id": "4866556", "bio": "", "photo": {"prefix": "https://igx.4sqi.net/img/user/", "suffix": "/blank_boy.png", "default": true}, "homeCity": "Bayan Lepas, Malaysia", "lists": {"groups": [{"items": [], "count": 2, "type": "created"}]}}, {"tips": {"count": 6}, "contact": {}, "firstName": "SY", "gender": "female", "lastName": "Ong", "id": "6458480", "bio": "", "photo": {"prefix": "https://igx.4sqi.net/img/user/", "suffix": "/RZURZPEUENGT1SWK.jpg"}, "homeCity": "Butterworth, Malaysia", "lists": {"groups": [{"items": [], "count": 2, "type": "created"}]}}, {"tips": {"count": 0}, "contact": {}, "firstName": "Jayson", "gender": "male", "lastName": "Wan", "id": "5786851", "bio": "", "photo": {"prefix": "https://igx.4sqi.net/img/user/", "suffix": "/blank_boy.png", "default": true}, "homeCity": "Bayan Lepas, Malaysia", "lists": {"groups": [{"items": [], "count": 2, "type": "created"}]}}, {"tips": {"count": 0}, "contact": {}, "firstName": "Kenny", "gender": "male", "lastName": "Chang", "id": "4910695", "bio": "", "photo": {"prefix": "https://igx.4sqi.net/img/user/", "suffix": "/GMKZU0YVCBXUHBHC.jpg"}, "homeCity": "Singapore", "lists": {"groups": [{"items": [], "count": 2, "type": "created"}]}}, {"tips": {"count": 2}, "contact": {"facebook": "713792751"}, "firstName": "Paul", "gender": "male", "lastName": "Lee", "id": "5373485", "bio": "", "photo": {"prefix": "https://igx.4sqi.net/img/user/", "suffix": "/5373485-OJPROO0R3WGSOL4U.jpg"}, "homeCity": "Pulau Pinang, Malaysia", "lists": {"groups": [{"items": [], "count": 2, "type": "created"}]}}, {"tips": {"count": 0}, "contact": {}, "firstName": "Jocelyn", "gender": "female", "lastName": "Lim", "id": "3531198", "bio": "", "photo": {"prefix": "https://igx.4sqi.net/img/user/", "suffix": "/YJBOLOF0IK0XUYUJ.jpg"}, "homeCity": "Singapore", "lists": {"groups": [{"items": [], "count": 2, "type": "created"}]}}, {"tips": {"count": 1}, "contact": {"facebook": "662883032"}, "firstName": "EeHan", "gender": "male", "lastName": "Ong", "id": "63111089", "bio": "", "photo": {"prefix": "https://igx.4sqi.net/img/user/", "suffix": "/KDPZCCKSZDKBOIBM.jpg"}, "homeCity": "Kuala Lumpur, KUL", "lists": {"groups": [{"items": [], "count": 2, "type": "created"}]}}, {"tips": {"count": 0}, "contact": {}, "firstName": "Jane", "gender": "female", "lastName": "Leong", "id": "4701185", "bio": "", "photo": {"prefix": "https://igx.4sqi.net/img/user/", "suffix": "/XWY34HVDFP44KTUY.jpg"}, "homeCity": "Permatang Pauh, Malaysia", "lists": {"groups": [{"items": [], "count": 2, "type": "created"}]}}, {"tips": {"count": 5}, "contact": {"facebook": "817668867"}, "firstName": "Andy", "gender": "male", "lastName": "Yap", "id": "2638826", "bio": "", "photo": {"prefix": "https://igx.4sqi.net/img/user/", "suffix": "/2638826-ADIPF1SMDHQUI4IP.jpg"}, "homeCity": "Petaling Jaya, Malaysia", "lists": {"groups": [{"items": [], "count": 2, "type": "created"}]}}, {"tips": {"count": 4}, "contact": {"twitter": "blade825", "facebook": "660686180"}, "firstName": "Hari", "gender": "male", "lastName": "Muralitheran", "id": "2665737", "bio": "", "photo": {"prefix": "https://igx.4sqi.net/img/user/", "suffix": "/ALTOF2K4MGT00ABI.jpg"}, "homeCity": "Kuala Lumpur, Malaysia", "lists": {"groups": [{"items": [], "count": 3, "type": "created"}]}}, {"tips": {"count": 2}, "contact": {"facebook": "1375537261"}, "firstName": "Jackson", "gender": "male", "lastName": "Yong", "id": "6318594", "bio": "", "photo": {"prefix": "https://igx.4sqi.net/img/user/", "suffix": "/VJCINYYFSEG4MN1F.jpg"}, "homeCity": "Petaling Jaya, Malaysia", "lists": {"groups": [{"items": [], "count": 2, "type": "created"}]}}, {"tips": {"count": 0}, "contact": {"facebook": "713362829"}, "firstName": "HonHsing", "gender": "male", "lastName": "Mah", "id": "8285462", "bio": "", "photo": {"prefix": "https://igx.4sqi.net/img/user/", "suffix": "/HKS0Z2LHQFFVJZT5.jpg"}, "homeCity": "Butterworth, Malaysia", "lists": {"groups": [{"items": [], "count": 2, "type": "created"}]}}, {"tips": {"count": 0}, "contact": {"facebook": "750172445"}, "firstName": "Luffy", "gender": "male", "lastName": "Fong", "id": "10298589", "bio": "", "photo": {"prefix": "https://igx.4sqi.net/img/user/", "suffix": "/STLJMHQBLBT42IDX.jpg"}, "homeCity": "NY", "lists": {"groups": [{"items": [], "count": 2, "type": "created"}]}}, {"tips": {"count": 2}, "contact": {}, "firstName": "Jullian", "gender": "male", "lastName": "Goh", "id": "5844561", "bio": "", "photo": {"prefix": "https://igx.4sqi.net/img/user/", "suffix": "/POBBRNGLSAYJ2B1T.jpg"}, "homeCity": "Singapore", "lists": {"groups": [{"items": [], "count": 2, "type": "created"}]}}, {"tips": {"count": 0}, "contact": {}, "firstName": "Desmond", "gender": "male", "lastName": "Tan", "id": "5047698", "bio": "", "photo": {"prefix": "https://igx.4sqi.net/img/user/", "suffix": "/blank_boy.png", "default": true}, "homeCity": "Puchong, Malaysia", "lists": {"groups": [{"items": [], "count": 2, "type": "created"}]}}, {"tips": {"count": 1}, "contact": {"facebook": "537762841"}, "firstName": "Tan", "gender": "male", "lastName": "Tony", "id": "3901439", "bio": "", "photo": {"prefix": "https://igx.4sqi.net/img/user/", "suffix": "/OCXTSCGL1KIDQXFW.jpg"}, "homeCity": "Shah Alam, Malaysia", "lists": {"groups": [{"items": [], "count": 2, "type": "created"}]}}, {"tips": {"count": 0}, "contact": {"facebook": "855575365"}, "firstName": "Winnie", "gender": "female", "lastName": "Lee", "id": "5072046", "bio": "", "photo": {"prefix": "https://igx.4sqi.net/img/user/", "suffix": "/0TJ2QPDY2ATKAARF.jpg"}, "homeCity": "Pulau Pinang, Malaysia", "lists": {"groups": [{"items": [], "count": 2, "type": "created"}]}}, {"tips": {"count": 0}, "contact": {"facebook": "575414044"}, "firstName": "chris", "gender": "male", "lastName": "lee", "id": "2788278", "bio": "", "photo": {"prefix": "https://igx.4sqi.net/img/user/", "suffix": "/15DRHM2HA5JJ545G.jpg"}, "homeCity": "Malaysia", "lists": {"groups": [{"items": [], "count": 2, "type": "created"}]}}, {"tips": {"count": 0}, "contact": {"twitter": "weiyee_13", "facebook": "585337302"}, "firstName": "Wei Yee", "gender": "female", "lastName": "Ding", "id": "3039476", "bio": "", "photo": {"prefix": "https://igx.4sqi.net/img/user/", "suffix": "/JGZQZ1FQIREJ4T02.jpg"}, "homeCity": "Melbourne, Australia", "lists": {"groups": [{"items": [], "count": 2, "type": "created"}]}}, {"tips": {"count": 37}, "contact": {"facebook": "698147635"}, "firstName": "Jeffrey", "gender": "male", "lastName": "Ch'ng", "id": "6644291", "bio": "", "photo": {"prefix": "https://igx.4sqi.net/img/user/", "suffix": "/B4AGNTEHGCR3O140.jpg"}, "homeCity": "Pulau Pinang, Malaysia", "lists": {"groups": [{"items": [], "count": 2, "type": "created"}]}}, {"tips": {"count": 1}, "contact": {}, "firstName": "Wai Boon", "gender": "male", "lastName": "Leong", "id": "8409926", "bio": "", "photo": {"prefix": "https://igx.4sqi.net/img/user/", "suffix": "/GK5XA35DO5URLSSW.jpg"}, "homeCity": "Petaling Jaya, Malaysia", "lists": {"groups": [{"items": [], "count": 2, "type": "created"}]}}, {"tips": {"count": 6}, "contact": {"facebook": "594148481"}, "firstName": "Christina", "gender": "female", "lastName": "L.", "id": "6037090", "bio": "", "photo": {"prefix": "https://igx.4sqi.net/img/user/", "suffix": "/NFU1GKEZBYMW30LL.jpg"}, "homeCity": "Kuala Lumpur, Malaysia", "lists": {"groups": [{"items": [], "count": 2, "type": "created"}]}}, {"tips": {"count": 7}, "contact": {"facebook": "670943550"}, "firstName": "Leonie", "gender": "female", "lastName": "Ang", "id": "5313161", "bio": "", "photo": {"prefix": "https://igx.4sqi.net/img/user/", "suffix": "/T0PNKGAXUC4AMY54.jpg"}, "homeCity": "Pulau Pinang, Malaysia", "lists": {"groups": [{"items": [], "count": 2, "type": "created"}]}}, {"tips": {"count": 0}, "contact": {"facebook": "758470499"}, "firstName": "Carienna", "gender": "female", "lastName": "Chewy", "id": "13995229", "bio": "", "photo": {"prefix": "https://igx.4sqi.net/img/user/", "suffix": "/03VI3J1BK2C1KMKR.jpg"}, "homeCity": "NY", "lists": {"groups": [{"items": [], "count": 2, "type": "created"}]}}, {"tips": {"count": 1}, "contact": {"facebook": "767499419"}, "firstName": "Weisiong", "gender": "male", "lastName": "Tan", "id": "15097647", "bio": "", "photo": {"prefix": "https://igx.4sqi.net/img/user/", "suffix": "/B4QHOVL2UMMIIHDR.jpg"}, "homeCity": "Singapore", "lists": {"groups": [{"items": [], "count": 2, "type": "created"}]}}, {"tips": {"count": 1}, "contact": {}, "firstName": "Steven", "gender": "male", "id": "3237789", "bio": "", "photo": {"prefix": "https://igx.4sqi.net/img/user/", "suffix": "/ZHIAAKFBPQXUP5HC.jpg"}, "homeCity": "Kuala Lumpur, Malaysia", "lists": {"groups": [{"items": [], "count": 2, "type": "created"}]}}, {"tips": {"count": 0}, "contact": {}, "firstName": "Lillian", "gender": "female", "lastName": "Tan", "id": "3968481", "bio": "", "photo": {"prefix": "https://igx.4sqi.net/img/user/", "suffix": "/ONMXN5ZVFUFNT2VY.jpg"}, "homeCity": "New York, NY", "lists": {"groups": [{"items": [], "count": 2, "type": "created"}]}}, {"tips": {"count": 0}, "contact": {"facebook": "546755718"}, "firstName": "Jolynn", "gender": "female", "lastName": "Chong", "id": "6886869", "bio": "", "photo": {"prefix": "https://igx.4sqi.net/img/user/", "suffix": "/5F3SNT0103O5AHTX.jpg"}, "homeCity": "Pulau Pinang, Malaysia", "lists": {"groups": [{"items": [], "count": 2, "type": "created"}]}}, {"tips": {"count": 0}, "contact": {"facebook": "648435850"}, "firstName": "JD O.", "gender": "female", "id": "18303799", "bio": "", "photo": {"prefix": "https://igx.4sqi.net/img/user/", "suffix": "/YRBLXPP5PBABD4DS.jpg"}, "homeCity": "Pulau Pinang, Malaysia", "lists": {"groups": [{"items": [], "count": 2, "type": "created"}]}}, {"tips": {"count": 0}, "contact": {"facebook": "670526312"}, "firstName": "Philip", "gender": "male", "lastName": "Heng", "id": "8507206", "bio": "", "photo": {"prefix": "https://igx.4sqi.net/img/user/", "suffix": "/blank_boy.png", "default": true}, "homeCity": "NY", "lists": {"groups": [{"items": [], "count": 2, "type": "created"}]}}, {"tips": {"count": 2}, "contact": {"facebook": "549975661"}, "firstName": "Dean", "gender": "male", "lastName": "Yong", "id": "4426441", "bio": "", "photo": {"prefix": "https://igx.4sqi.net/img/user/", "suffix": "/MHF5450UNNI01N3Z.jpg"}, "homeCity": "KL", "lists": {"groups": [{"items": [], "count": 2, "type": "created"}]}}, {"tips": {"count": 2}, "contact": {}, "firstName": "Elene", "gender": "female", "lastName": "Ong", "id": "4041286", "bio": "", "photo": {"prefix": "https://igx.4sqi.net/img/user/", "suffix": "/RCVCT5KF2RTB3GP3.jpg"}, "homeCity": "New York, NY", "lists": {"groups": [{"items": [], "count": 2, "type": "created"}]}}, {"tips": {"count": 0}, "contact": {}, "firstName": "SoOk Y.", "gender": "female", "id": "10332287", "bio": "", "photo": {"prefix": "https://igx.4sqi.net/img/user/", "suffix": "/LZ3DVTMUBZUGQJ1P.jpg"}, "homeCity": "Penang, Malaysia", "lists": {"groups": [{"items": [], "count": 2, "type": "created"}]}}, {"tips": {"count": 0}, "contact": {"facebook": "637763029"}, "firstName": "Cesshini", "gender": "female", "lastName": "Ng", "id": "4738730", "bio": "", "photo": {"prefix": "https://igx.4sqi.net/img/user/", "suffix": "/K5VFETSHEUWS0EQB.jpg"}, "homeCity": "Subang Jaya, Malaysia", "lists": {"groups": [{"items": [], "count": 2, "type": "created"}]}}, {"tips": {"count": 0}, "contact": {}, "firstName": "Ah Teng", "gender": "female", "lastName": "Chew", "id": "4437934", "bio": "", "photo": {"prefix": "https://igx.4sqi.net/img/user/", "suffix": "/blank_girl.png", "default": true}, "homeCity": "New York, NY", "lists": {"groups": [{"items": [], "count": 2, "type": "created"}]}}, {"tips": {"count": 0}, "contact": {"facebook": "657653140"}, "firstName": "Joni", "gender": "female", "lastName": "Poon", "id": "16031123", "bio": "", "photo": {"prefix": "https://igx.4sqi.net/img/user/", "suffix": "/blank_girl.png", "default": true}, "homeCity": "Butterworth, Malaysia", "lists": {"groups": [{"items": [], "count": 2, "type": "created"}]}}, {"tips": {"count": 0}, "contact": {"facebook": "530227699"}, "firstName": "Yvonne", "gender": "female", "id": "5229595", "bio": "", "photo": {"prefix": "https://igx.4sqi.net/img/user/", "suffix": "/blank_girl.png", "default": true}, "homeCity": "Penang", "lists": {"groups": [{"items": [], "count": 2, "type": "created"}]}}, {"tips": {"count": 0}, "contact": {"facebook": "558147858"}, "firstName": "Shirlyn", "gender": "female", "lastName": "Ang", "id": "6387526", "bio": "", "photo": {"prefix": "https://igx.4sqi.net/img/user/", "suffix": "/ETH5QPHA42CKPCIC.jpg"}, "homeCity": "Petaling Jaya, Malaysia", "lists": {"groups": [{"items": [], "count": 2, "type": "created"}]}}, {"tips": {"count": 0}, "contact": {"facebook": "619176741"}, "firstName": "Jenny", "gender": "none", "lastName": "Leong", "id": "5954537", "bio": "", "photo": {"prefix": "https://igx.4sqi.net/img/user/", "suffix": "/4IEYYLYYX0HANCW1.jpg"}, "homeCity": "Kuala Lumpur, Malaysia", "lists": {"groups": [{"items": [], "count": 2, "type": "created"}]}}, {"tips": {"count": 0}, "contact": {"facebook": "608602652"}, "firstName": "Ling Hui", "gender": "female", "lastName": "Ooi", "id": "6014523", "bio": "", "photo": {"prefix": "https://igx.4sqi.net/img/user/", "suffix": "/2UVNKNFOWJIRJQCT.jpg"}, "homeCity": "Kuala Lumpur, Malaysia", "lists": {"groups": [{"items": [], "count": 2, "type": "created"}]}}, {"tips": {"count": 20}, "contact": {}, "firstName": "Harriet", "gender": "none", "lastName": "LinCK", "id": "6479018", "bio": "", "photo": {"prefix": "https://igx.4sqi.net/img/user/", "suffix": "/GIX0VY25QRISNVEF.jpg"}, "homeCity": "Cheras, KL ", "lists": {"groups": [{"items": [], "count": 2, "type": "created"}]}}], "count": 59}, "checksum": "d7a6bb00a51d08e352418b43b43b24d2fab47dfa"}, "meta": {"requestId": "5965bebf4c1f67709e77bdf2", "code": 200}}