{"notifications": [{"type": "notificationTray", "item": {"unreadCount": 0}}], "meta": {"requestId": "5966deb4db04f528b275df15", "code": 200}, "response": {"friends": {"count": 90, "items": [{"id": "1599198", "photo": {"prefix": "https://igx.4sqi.net/img/user/", "suffix": "/XMGNK5OYLM5HP31V.jpg"}, "homeCity": "Singapore", "contact": {"facebook": "544307649", "twitter": "ho_chun_ming"}, "firstName": "Sunny", "tips": {"count": 0}, "gender": "male", "lastName": "Ho", "lists": {"groups": [{"count": 2, "type": "created", "items": []}]}, "bio": ""}, {"id": "4260443", "photo": {"prefix": "https://igx.4sqi.net/img/user/", "suffix": "/V1XWP5RUPYJ0IYVU.jpg"}, "homeCity": "Singapore", "contact": {"facebook": "100000597637128"}, "firstName": "Chua", "tips": {"count": 0}, "gender": "male", "lastName": "Kiong", "lists": {"groups": [{"count": 2, "type": "created", "items": []}]}, "bio": ""}, {"id": "1351781", "photo": {"prefix": "https://igx.4sqi.net/img/user/", "suffix": "/0LW14NBE0R3ERRP4.jpg"}, "homeCity": "Singapore", "contact": {"twitter": "husizie"}, "firstName": "Husaini", "tips": {"count": 5}, "gender": "male", "lastName": "Izie", "lists": {"groups": [{"count": 2, "type": "created", "items": []}]}, "bio": ""}, {"id": "20816589", "photo": {"prefix": "https://igx.4sqi.net/img/user/", "suffix": "/N4WOGLRZJZWNBNHY.jpg"}, "homeCity": "New York, NY", "contact": {"facebook": "1065763099"}, "firstName": "Emmett", "tips": {"count": 0}, "gender": "male", "lastName": "Alwayisgreat", "lists": {"groups": [{"count": 2, "type": "created", "items": []}]}, "bio": ""}, {"id": "5605521", "photo": {"prefix": "https://igx.4sqi.net/img/user/", "suffix": "/ZKLS22C4GFUDFFP4.jpg"}, "homeCity": "New York, NY", "contact": {}, "firstName": "Chow", "tips": {"count": 0}, "gender": "male", "lastName": "Siangwei", "lists": {"groups": [{"count": 2, "type": "created", "items": []}]}, "bio": ""}, {"id": "1993763", "photo": {"prefix": "https://igx.4sqi.net/img/user/", "suffix": "/HWTKXNV0TIM2W0OU.jpg"}, "homeCity": "Singapore", "contact": {"facebook": "684311048"}, "firstName": "yeo", "tips": {"count": 1}, "gender": "male", "lastName": "yu quan", "lists": {"groups": [{"count": 2, "type": "created", "items": []}]}, "bio": ""}, {"id": "5193362", "photo": {"prefix": "https://igx.4sqi.net/img/user/", "suffix": "/5193362-P1UHQ2ME2OJC50L3.jpg"}, "homeCity": "Singapore", "contact": {"facebook": "598403749", "twitter": "jnwx_"}, "firstName": "Joanna", "tips": {"count": 0}, "gender": "female", "lastName": "Ng", "lists": {"groups": [{"count": 2, "type": "created", "items": []}]}, "bio": ""}, {"id": "2558401", "photo": {"prefix": "https://igx.4sqi.net/img/user/", "suffix": "/2558401-51K5BVBE413Y1LYQ.jpg"}, "homeCity": "Singapore", "contact": {"facebook": "632393520", "twitter": "annalim_"}, "firstName": "Anna", "tips": {"count": 0}, "gender": "female", "lastName": "Lim", "lists": {"groups": [{"count": 2, "type": "created", "items": []}]}, "bio": ""}, {"id": "5364164", "photo": {"prefix": "https://igx.4sqi.net/img/user/", "suffix": "/PFVFPZYB3CLVPTHS.jpg"}, "homeCity": "Singapore", "contact": {}, "firstName": "Tianhui Eric", "tips": {"count": 0}, "gender": "male", "lastName": "Su", "lists": {"groups": [{"count": 2, "type": "created", "items": []}]}, "bio": ""}, {"id": "5111991", "photo": {"prefix": "https://igx.4sqi.net/img/user/", "suffix": "/CJMKZLG1T3OD2YUX.jpg"}, "homeCity": "Singapore", "contact": {"facebook": "721749814"}, "firstName": "Freddy", "tips": {"count": 4}, "gender": "male", "lastName": "Ironman", "lists": {"groups": [{"count": 2, "type": "created", "items": []}]}, "bio": ""}, {"id": "4947916", "photo": {"prefix": "https://igx.4sqi.net/img/user/", "suffix": "/QG00GMWJHWUDT44C.jpg"}, "homeCity": "Singapore", "contact": {"facebook": "602266749"}, "firstName": "Lee", "tips": {"count": 0}, "gender": "female", "lastName": "Suyuan", "lists": {"groups": [{"count": 2, "type": "created", "items": []}]}, "bio": ""}, {"id": "1769095", "photo": {"prefix": "https://igx.4sqi.net/img/user/", "suffix": "/3XL5VY2KYVDNLSL3.jpg"}, "homeCity": "Singapore", "contact": {"facebook": "1631194673"}, "firstName": "Des", "tips": {"count": 1}, "gender": "male", "lastName": "Ho", "lists": {"groups": [{"count": 2, "type": "created", "items": []}]}, "bio": ""}, {"id": "719642", "photo": {"prefix": "https://igx.4sqi.net/img/user/", "suffix": "/42F0AKD5MJTW4ISH.jpg"}, "homeCity": "Singapore", "contact": {"facebook": "561180159", "twitter": "vananm"}, "firstName": "Vanan", "tips": {"count": 0}, "gender": "male", "lastName": "m", "lists": {"groups": [{"count": 2, "type": "created", "items": []}]}, "bio": ""}, {"id": "1534656", "photo": {"prefix": "https://igx.4sqi.net/img/user/", "suffix": "/GM4NQ2FKRDY5J54H.jpg"}, "homeCity": "Geylang, Singapore", "contact": {}, "firstName": "Teo", "tips": {"count": 0}, "gender": "male", "lastName": "Kenny", "lists": {"groups": [{"count": 2, "type": "created", "items": []}]}, "bio": ""}, {"id": "2441839", "photo": {"prefix": "https://igx.4sqi.net/img/user/", "suffix": "/C25BEO53BAYHJK22.jpg"}, "homeCity": "Singapore", "contact": {"facebook": "587351605"}, "firstName": "Cher", "tips": {"count": 1}, "gender": "female", "lists": {"groups": [{"count": 2, "type": "created", "items": []}]}, "bio": ""}, {"id": "4324476", "photo": {"prefix": "https://igx.4sqi.net/img/user/", "suffix": "/RYM23GU0OLKYI0Q0.jpg"}, "homeCity": "Singapore", "contact": {}, "firstName": "Xiiao", "tips": {"count": 0}, "gender": "female", "lastName": "Yan", "lists": {"groups": [{"count": 2, "type": "created", "items": []}]}, "bio": ""}, {"id": "4529667", "photo": {"prefix": "https://igx.4sqi.net/img/user/", "suffix": "/EYAFC3OSDY4AKTVN.jpg"}, "homeCity": "Singapore", "contact": {"facebook": "754223448"}, "firstName": "Aloysius", "tips": {"count": 0}, "gender": "male", "lastName": "Chua", "lists": {"groups": [{"count": 2, "type": "created", "items": []}]}, "bio": ""}, {"id": "4262635", "photo": {"prefix": "https://igx.4sqi.net/img/user/", "suffix": "/BT1FXFB4C4HHIWDK.jpg"}, "homeCity": "Singapore", "contact": {"facebook": "702443466"}, "firstName": "Eileen", "tips": {"count": 2}, "gender": "female", "lastName": "Hong", "lists": {"groups": [{"count": 2, "type": "created", "items": []}]}, "bio": ""}, {"id": "4168609", "photo": {"prefix": "https://igx.4sqi.net/img/user/", "suffix": "/F5ET3EKZO1J2GVBL.jpg"}, "homeCity": "Singapore", "contact": {"facebook": "702916990", "twitter": "snxxatieqa"}, "firstName": "SN.", "tips": {"count": 2}, "gender": "female", "lastName": "Atieqa", "lists": {"groups": [{"count": 2, "type": "created", "items": []}]}, "bio": ""}, {"id": "5838342", "photo": {"prefix": "https://igx.4sqi.net/img/user/", "default": true, "suffix": "/blank_boy.png"}, "homeCity": "Singapore", "contact": {"facebook": "1016715874"}, "firstName": "Guohong", "tips": {"count": 0}, "gender": "male", "lastName": "Cai", "lists": {"groups": [{"count": 2, "type": "created", "items": []}]}, "bio": ""}, {"id": "2189741", "photo": {"prefix": "https://igx.4sqi.net/img/user/", "suffix": "/IZAXZFZTU5ZK2XFR.jpg"}, "homeCity": "Singapore", "contact": {"facebook": "1557325555"}, "firstName": "Terryy", "tips": {"count": 0}, "gender": "male", "lastName": "Dudu", "lists": {"groups": [{"count": 2, "type": "created", "items": []}]}, "bio": ""}, {"id": "3164968", "photo": {"prefix": "https://igx.4sqi.net/img/user/", "suffix": "/KJ0SWPLJJGFH15G1.jpg"}, "homeCity": "Singapore", "contact": {"facebook": "538490294", "twitter": "angiegenevieve"}, "firstName": "Angie Genevieve", "tips": {"count": 2}, "gender": "female", "lastName": "Cheong", "lists": {"groups": [{"count": 2, "type": "created", "items": []}]}, "bio": ""}, {"id": "14544254", "photo": {"prefix": "https://igx.4sqi.net/img/user/", "suffix": "/XADB20QH4VUA0IN4.jpg"}, "homeCity": "Singapore", "contact": {"facebook": "705469610"}, "firstName": "Fyfy", "tips": {"count": 5}, "gender": "female", "lastName": "Singkong", "lists": {"groups": [{"count": 3, "type": "created", "items": []}]}, "bio": ""}, {"id": "1893319", "photo": {"prefix": "https://igx.4sqi.net/img/user/", "suffix": "/ZISNTAPNCU50ZHLF.jpg"}, "homeCity": "Singapore", "contact": {"facebook": "716085424"}, "firstName": "Glenda", "tips": {"count": 0}, "gender": "female", "lastName": "Seow", "lists": {"groups": [{"count": 2, "type": "created", "items": []}]}, "bio": ""}, {"id": "1756208", "photo": {"prefix": "https://igx.4sqi.net/img/user/", "suffix": "/YAPSXX12NKMXQ5QK.jpg"}, "homeCity": "Singapore", "contact": {"facebook": "733302412"}, "firstName": "sHERWIN", "tips": {"count": 1}, "gender": "male", "lastName": "Gushiken", "lists": {"groups": [{"count": 2, "type": "created", "items": []}]}, "bio": ""}, {"id": "2069875", "photo": {"prefix": "https://igx.4sqi.net/img/user/", "suffix": "/IVZQUCWYKVSDWCUM.jpg"}, "homeCity": "Singapore", "contact": {"facebook": "673677185", "twitter": "pinxun"}, "firstName": "Px", "tips": {"count": 2}, "gender": "male", "lastName": "Tan", "lists": {"groups": [{"count": 2, "type": "created", "items": []}]}, "bio": ""}, {"id": "2588269", "photo": {"prefix": "https://igx.4sqi.net/img/user/", "suffix": "/ANRMVIHG3G3WMZRK.jpg"}, "homeCity": "Singapore", "contact": {"facebook": "546243539", "twitter": "mumumoks"}, "firstName": "Muliaty", "tips": {"count": 0}, "gender": "female", "lastName": "Abdul Latiff", "lists": {"groups": [{"count": 2, "type": "created", "items": []}]}, "bio": ""}, {"id": "4373209", "photo": {"prefix": "https://igx.4sqi.net/img/user/", "suffix": "/CNDVMIK3LZBUBWPH.jpg"}, "homeCity": "Singapore", "contact": {"facebook": "783347861"}, "firstName": "Weixian", "tips": {"count": 0}, "gender": "female", "lists": {"groups": [{"count": 2, "type": "created", "items": []}]}, "bio": ""}, {"id": "6719586", "photo": {"prefix": "https://igx.4sqi.net/img/user/", "suffix": "/HUBCSVRICVIOH3PN.jpg"}, "homeCity": "Singapore", "contact": {"facebook": "586650973", "twitter": "roaringraine"}, "firstName": "Lorraine", "tips": {"count": 26}, "gender": "female", "lastName": "Ng", "lists": {"groups": [{"count": 2, "type": "created", "items": []}]}, "bio": ""}, {"id": "6552738", "photo": {"prefix": "https://igx.4sqi.net/img/user/", "default": true, "suffix": "/blank_boy.png"}, "homeCity": "Singapore", "contact": {"facebook": "1184341245"}, "firstName": "Chua", "tips": {"count": 0}, "gender": "male", "lastName": "Denny", "lists": {"groups": [{"count": 2, "type": "created", "items": []}]}, "bio": ""}, {"id": "4422418", "photo": {"prefix": "https://igx.4sqi.net/img/user/", "suffix": "/X5BVVBAADTGG5R2X.jpg"}, "homeCity": "Singapore", "contact": {"facebook": "646588374"}, "firstName": "TONY", "tips": {"count": 0}, "gender": "male", "lastName": "LOONIE", "lists": {"groups": [{"count": 2, "type": "created", "items": []}]}, "bio": ""}, {"id": "5970134", "photo": {"prefix": "https://igx.4sqi.net/img/user/", "suffix": "/5970134-4NJUEQTDWLN5CMST.jpg"}, "homeCity": "Singapore", "contact": {"facebook": "576252465", "twitter": "joeyhariko"}, "firstName": "Hariko", "tips": {"count": 1}, "gender": "male", "lastName": "Joey", "lists": {"groups": [{"count": 2, "type": "created", "items": []}]}, "bio": ""}, {"id": "2360298", "photo": {"prefix": "https://igx.4sqi.net/img/user/", "suffix": "/2360298-42QBW1BXBO1URQAS.jpg"}, "homeCity": "Singapore", "contact": {"twitter": "weexnee"}, "firstName": "Winnie", "tips": {"count": 2}, "gender": "female", "lastName": "Koh", "lists": {"groups": [{"count": 2, "type": "created", "items": []}]}, "bio": ""}, {"id": "3534918", "photo": {"prefix": "https://igx.4sqi.net/img/user/", "suffix": "/WNCAJNXS04VJFJ3V.jpg"}, "homeCity": "Singapore", "contact": {"facebook": "1034181591"}, "firstName": "Kay", "tips": {"count": 0}, "gender": "female", "lastName": "Kuro", "lists": {"groups": [{"count": 2, "type": "created", "items": []}]}, "bio": ""}, {"id": "2941537", "photo": {"prefix": "https://igx.4sqi.net/img/user/", "suffix": "/RRYQ5WDXXWEPJ0YE.jpg"}, "homeCity": "Singapore", "contact": {"facebook": "619092503"}, "firstName": "Harvie", "tips": {"count": 0}, "gender": "male", "lastName": "Smith", "lists": {"groups": [{"count": 2, "type": "created", "items": []}]}, "bio": ""}, {"id": "1763748", "photo": {"prefix": "https://igx.4sqi.net/img/user/", "suffix": "/2ORB4R1IPMKJ2UTP.jpg"}, "homeCity": "Singapore", "contact": {"facebook": "762719825", "twitter": "rehtseyat"}, "firstName": "Esther", "tips": {"count": 0}, "gender": "female", "lastName": "Tay", "lists": {"groups": [{"count": 2, "type": "created", "items": []}]}, "bio": ""}, {"id": "2428134", "photo": {"prefix": "https://igx.4sqi.net/img/user/", "suffix": "/2FVNYPUCZL0KSDMF.jpg"}, "homeCity": "Singapore", "contact": {"facebook": "1087727761", "twitter": "like_a_jacob"}, "firstName": "Jacob", "tips": {"count": 1}, "gender": "male", "lastName": "Chen", "lists": {"groups": [{"count": 2, "type": "created", "items": []}]}, "bio": ""}, {"id": "2681616", "photo": {"prefix": "https://igx.4sqi.net/img/user/", "suffix": "/2681616-TJ11M15TVOSMPBTU.jpg"}, "homeCity": "Singapore", "contact": {"facebook": "588648480"}, "firstName": "Juliet", "tips": {"count": 61}, "gender": "female", "lastName": "Li", "lists": {"groups": [{"count": 2, "type": "created", "items": []}]}, "bio": ""}, {"id": "4546536", "photo": {"prefix": "https://igx.4sqi.net/img/user/", "suffix": "/OU3BLK4TFLEMJABQ.jpg"}, "homeCity": "Singapore", "contact": {}, "firstName": "Michelle", "tips": {"count": 11}, "gender": "female", "lastName": "Chow", "lists": {"groups": [{"count": 2, "type": "created", "items": []}]}, "bio": ""}, {"id": "7032276", "photo": {"prefix": "https://igx.4sqi.net/img/user/", "suffix": "/03YLXHVOQ1FUL3CR.jpg"}, "homeCity": "Singapore", "contact": {}, "firstName": "Gaijin", "tips": {"count": 0}, "gender": "male", "lastName": "Khai", "lists": {"groups": [{"count": 2, "type": "created", "items": []}]}, "bio": ""}, {"id": "7984347", "photo": {"prefix": "https://igx.4sqi.net/img/user/", "suffix": "/XTFTOZST2AXJEATI.jpg"}, "homeCity": "Singapore", "contact": {"facebook": "632868744", "twitter": "jacqqqq"}, "firstName": "Jacqueline", "tips": {"count": 3}, "gender": "female", "lastName": "Lim", "lists": {"groups": [{"count": 2, "type": "created", "items": []}]}, "bio": ""}, {"id": "8142128", "photo": {"prefix": "https://igx.4sqi.net/img/user/", "suffix": "/VO3HYV4WITKDDDEF.jpg"}, "homeCity": "Singapore", "contact": {}, "firstName": "Jadon", "tips": {"count": 0}, "gender": "male", "lastName": "Wang", "lists": {"groups": [{"count": 2, "type": "created", "items": []}]}, "bio": ""}, {"id": "6103782", "photo": {"prefix": "https://igx.4sqi.net/img/user/", "default": true, "suffix": "/blank_boy.png"}, "homeCity": "New York, NY", "contact": {}, "firstName": "Mean", "tips": {"count": 0}, "gender": "male", "lastName": "Cant", "lists": {"groups": [{"count": 2, "type": "created", "items": []}]}, "bio": ""}, {"id": "2964263", "photo": {"prefix": "https://igx.4sqi.net/img/user/", "suffix": "/21YZU3OM4LINJ2L4.jpg"}, "homeCity": "Singapore", "contact": {}, "firstName": "Shona", "tips": {"count": 4}, "gender": "female", "lastName": "Wong", "lists": {"groups": [{"count": 2, "type": "created", "items": []}]}, "bio": ""}, {"id": "3620293", "photo": {"prefix": "https://igx.4sqi.net/img/user/", "suffix": "/VEXZRNVWPJDBW0PF.jpg"}, "homeCity": "Singapore", "contact": {}, "firstName": "Sean", "tips": {"count": 0}, "gender": "male", "lastName": "Tay", "lists": {"groups": [{"count": 2, "type": "created", "items": []}]}, "bio": ""}, {"id": "3341282", "photo": {"prefix": "https://igx.4sqi.net/img/user/", "suffix": "/LTLY3P14VDITUO4R.jpg"}, "homeCity": "Singapore", "contact": {"facebook": "508765547"}, "firstName": "Kenneth", "tips": {"count": 7}, "gender": "male", "lastName": "Lee", "lists": {"groups": [{"count": 2, "type": "created", "items": []}]}, "bio": ""}, {"id": "4391983", "photo": {"prefix": "https://igx.4sqi.net/img/user/", "suffix": "/ZU21EUXMLFZZ13CY.jpg"}, "homeCity": "Singapore", "contact": {"facebook": "598573320"}, "firstName": "ashley", "tips": {"count": 0}, "gender": "none", "lists": {"groups": [{"count": 2, "type": "created", "items": []}]}, "bio": ""}, {"id": "3416140", "photo": {"prefix": "https://igx.4sqi.net/img/user/", "suffix": "/WICKJFYHV5YERPJX.jpg"}, "homeCity": "Singapore", "contact": {"facebook": "1351918153"}, "firstName": "Marilyn", "tips": {"count": 0}, "gender": "female", "lastName": "Yanh", "lists": {"groups": [{"count": 2, "type": "created", "items": []}]}, "bio": ""}, {"id": "3183256", "photo": {"prefix": "https://igx.4sqi.net/img/user/", "suffix": "/KBCYUPSAZFALXFH5.jpg"}, "homeCity": "Singapore", "contact": {"facebook": "615313361"}, "firstName": "Json", "tips": {"count": 0}, "gender": "male", "lastName": "Ong", "lists": {"groups": [{"count": 2, "type": "created", "items": []}]}, "bio": ""}, {"id": "4631026", "photo": {"prefix": "https://igx.4sqi.net/img/user/", "suffix": "/XMSB11CELHAI23EU.jpg"}, "homeCity": "Singapore", "contact": {"facebook": "725755657"}, "firstName": "Tan", "tips": {"count": 1}, "gender": "male", "lastName": "Kar liang", "lists": {"groups": [{"count": 2, "type": "created", "items": []}]}, "bio": ""}, {"id": "7045537", "photo": {"prefix": "https://igx.4sqi.net/img/user/", "default": true, "suffix": "/blank_boy.png"}, "homeCity": "Singapore", "contact": {"facebook": "738713315"}, "firstName": "Sianx", "tips": {"count": 0}, "gender": "male", "lists": {"groups": [{"count": 2, "type": "created", "items": []}]}, "bio": ""}, {"id": "10049357", "photo": {"prefix": "https://igx.4sqi.net/img/user/", "suffix": "/KES10OC3I4FX4BQO.jpg"}, "homeCity": "Singapore", "contact": {"facebook": "1576081739", "twitter": "djayyyyy"}, "firstName": "Dj", "tips": {"count": 0}, "gender": "male", "lastName": "\u0e14\u0e35\u0e40\u0e08", "lists": {"groups": [{"count": 2, "type": "created", "items": []}]}, "bio": ""}, {"id": "6111372", "photo": {"prefix": "https://igx.4sqi.net/img/user/", "default": true, "suffix": "/blank_boy.png"}, "homeCity": "Singapore", "contact": {"facebook": "544757659"}, "firstName": "Idran", "tips": {"count": 0}, "gender": "male", "lastName": "Soh", "lists": {"groups": [{"count": 2, "type": "created", "items": []}]}, "bio": ""}, {"id": "3591995", "photo": {"prefix": "https://igx.4sqi.net/img/user/", "suffix": "/ZIFHJZPBXAEV2QSJ.jpg"}, "homeCity": "Singapore", "contact": {"facebook": "704397097"}, "firstName": "Alvin", "tips": {"count": 1}, "gender": "male", "lastName": "Boiboi", "lists": {"groups": [{"count": 2, "type": "created", "items": []}]}, "bio": ""}, {"id": "3620745", "photo": {"prefix": "https://igx.4sqi.net/img/user/", "suffix": "/R5MS5DTROTL0I0K0.jpg"}, "homeCity": "Singapore", "contact": {"facebook": "753254686", "twitter": "downloadajc"}, "firstName": "Ang", "tips": {"count": 2}, "gender": "male", "lastName": "Jincai", "lists": {"groups": [{"count": 2, "type": "created", "items": []}]}, "bio": ""}, {"id": "8549021", "photo": {"prefix": "https://igx.4sqi.net/img/user/", "default": true, "suffix": "/blank_girl.png"}, "homeCity": "NY", "contact": {}, "firstName": "joyce", "tips": {"count": 0}, "gender": "female", "lastName": "gopane", "lists": {"groups": [{"count": 2, "type": "created", "items": []}]}, "bio": ""}, {"id": "3648339", "photo": {"prefix": "https://igx.4sqi.net/img/user/", "suffix": "/3VKC1KNUDOGQ1XSI.jpg"}, "homeCity": "Singapore", "contact": {"facebook": "1655694047"}, "firstName": "Alex", "tips": {"count": 0}, "gender": "male", "lastName": "kok", "lists": {"groups": [{"count": 2, "type": "created", "items": []}]}, "bio": ""}, {"id": "3286106", "photo": {"prefix": "https://igx.4sqi.net/img/user/", "suffix": "/XA2ZSWZ1ZHKYXTIN.jpg"}, "homeCity": "Singapore", "contact": {"facebook": "775984552"}, "firstName": "Ah", "tips": {"count": 1}, "gender": "male", "lastName": "Seng", "lists": {"groups": [{"count": 2, "type": "created", "items": []}]}, "bio": ""}, {"id": "4641403", "photo": {"prefix": "https://igx.4sqi.net/img/user/", "suffix": "/SUWJI2OHW2XXSHFB.jpg"}, "homeCity": "Singapore", "contact": {"facebook": "546610535"}, "firstName": "Francis", "tips": {"count": 1}, "gender": "male", "lastName": "Lee", "lists": {"groups": [{"count": 2, "type": "created", "items": []}]}, "bio": ""}, {"id": "11340320", "photo": {"prefix": "https://igx.4sqi.net/img/user/", "suffix": "/LWEKVIVSRN2UF2QQ.jpg"}, "homeCity": "Singapore", "contact": {"facebook": "733678923"}, "firstName": "Anasyah", "tips": {"count": 0}, "gender": "female", "lastName": "Kito", "lists": {"groups": [{"count": 2, "type": "created", "items": []}]}, "bio": ""}, {"id": "12042285", "photo": {"prefix": "https://igx.4sqi.net/img/user/", "suffix": "/ASHD3DHFPVOE313Y.jpg"}, "homeCity": "Singapore", "contact": {"facebook": "510724916", "twitter": "balagaga"}, "firstName": "Beyond", "tips": {"count": 1}, "gender": "male", "lastName": "Murugan", "lists": {"groups": [{"count": 2, "type": "created", "items": []}]}, "bio": ""}, {"id": "7740753", "photo": {"prefix": "https://igx.4sqi.net/img/user/", "suffix": "/K3POM5BK45A3CW0U.jpg"}, "homeCity": "Singapore", "contact": {}, "firstName": "Andrew", "tips": {"count": 0}, "gender": "male", "lastName": "Toh", "lists": {"groups": [{"count": 2, "type": "created", "items": []}]}, "bio": ""}, {"id": "3595509", "photo": {"prefix": "https://igx.4sqi.net/img/user/", "suffix": "/OJRJT53D4FIO5TNA.jpg"}, "homeCity": "Singapore", "contact": {}, "firstName": "Loon", "tips": {"count": 9}, "gender": "male", "lists": {"groups": [{"count": 2, "type": "created", "items": []}]}, "bio": ""}, {"id": "3946843", "photo": {"prefix": "https://igx.4sqi.net/img/user/", "suffix": "/R0FS1OJG1UXME35Y.jpg"}, "homeCity": "Singapore", "contact": {"facebook": "100000349128957", "twitter": "maryamtay"}, "firstName": "Maryam", "tips": {"count": 1}, "gender": "female", "lastName": "Tay", "lists": {"groups": [{"count": 2, "type": "created", "items": []}]}, "bio": ""}, {"id": "3684569", "photo": {"prefix": "https://igx.4sqi.net/img/user/", "suffix": "/3GV0A3O2Y22XNWCB.jpg"}, "homeCity": "Singapore", "contact": {"facebook": "634474793"}, "firstName": "matthew", "tips": {"count": 0}, "gender": "male", "lastName": "ng", "lists": {"groups": [{"count": 2, "type": "created", "items": []}]}, "bio": ""}, {"id": "3964835", "photo": {"prefix": "https://igx.4sqi.net/img/user/", "suffix": "/UI0CH0EZVJ4FFTV2.jpg"}, "homeCity": "Singapore", "contact": {"facebook": "642942048"}, "firstName": "James", "tips": {"count": 0}, "gender": "male", "lastName": "Chua", "lists": {"groups": [{"count": 2, "type": "created", "items": []}]}, "bio": ""}, {"id": "4779785", "photo": {"prefix": "https://igx.4sqi.net/img/user/", "suffix": "/2HWIFQJV4Q3KBXRG.jpg"}, "homeCity": "Singapore", "contact": {}, "firstName": "Junhong", "tips": {"count": 0}, "gender": "male", "lastName": "Toh", "lists": {"groups": [{"count": 2, "type": "created", "items": []}]}, "bio": ""}, {"id": "17181157", "photo": {"prefix": "https://igx.4sqi.net/img/user/", "suffix": "/DLSJFZ5XANASIPSQ.jpg"}, "homeCity": "Singapore", "contact": {"facebook": "747033794"}, "firstName": "Denny", "tips": {"count": 1}, "gender": "male", "lastName": "Teo", "lists": {"groups": [{"count": 2, "type": "created", "items": []}]}, "bio": ""}, {"id": "3658411", "photo": {"prefix": "https://igx.4sqi.net/img/user/", "suffix": "/1RDPEVQPUWFX3UC2.jpg"}, "homeCity": "Singapore", "contact": {"facebook": "702371283", "twitter": "iamsharul"}, "firstName": "sharul", "tips": {"count": 0}, "gender": "male", "lastName": "sa'at", "lists": {"groups": [{"count": 2, "type": "created", "items": []}]}, "bio": ""}, {"id": "5088875", "photo": {"prefix": "https://igx.4sqi.net/img/user/", "suffix": "/5088875-DMZAOJ4T04D1AS5N.jpg"}, "homeCity": "Singapore", "contact": {"facebook": "772630642827144", "twitter": "ezlynnnnnn"}, "firstName": "Ezlynn", "tips": {"count": 0}, "gender": "female", "lastName": "Nucky", "lists": {"groups": [{"count": 2, "type": "created", "items": []}]}, "bio": ""}, {"id": "3816551", "photo": {"prefix": "https://igx.4sqi.net/img/user/", "suffix": "/I5PCYZNPJMEURLPN.jpg"}, "homeCity": "Singapore", "contact": {"facebook": "681536790"}, "firstName": "Ken", "tips": {"count": 0}, "gender": "male", "lastName": "tzw", "lists": {"groups": [{"count": 2, "type": "created", "items": []}]}, "bio": ""}, {"id": "4039078", "photo": {"prefix": "https://igx.4sqi.net/img/user/", "suffix": "/NPYW5Z0NKQZPKAOQ.jpg"}, "homeCity": "Singapore", "contact": {"facebook": "522040597", "twitter": "geraldlucius"}, "firstName": "Gerald", "tips": {"count": 3}, "gender": "male", "lastName": "Ng", "lists": {"groups": [{"count": 2, "type": "created", "items": []}]}, "bio": ""}, {"id": "4782813", "photo": {"prefix": "https://igx.4sqi.net/img/user/", "default": true, "suffix": "/blank_boy.png"}, "homeCity": "New York, NY", "contact": {"facebook": "685992158"}, "firstName": "Melvin", "tips": {"count": 0}, "gender": "male", "lastName": "Sim", "lists": {"groups": [{"count": 2, "type": "created", "items": []}]}, "bio": ""}, {"id": "3745015", "photo": {"prefix": "https://igx.4sqi.net/img/user/", "suffix": "/LRRZ1025IHJHDGW1.jpg"}, "homeCity": "New York, NY", "contact": {"facebook": "621097602"}, "firstName": "Xiaohui", "tips": {"count": 0}, "gender": "female", "lists": {"groups": [{"count": 2, "type": "created", "items": []}]}, "bio": ""}, {"id": "4204756", "photo": {"prefix": "https://igx.4sqi.net/img/user/", "suffix": "/OQYC31FDRKIJJJS5.jpg"}, "homeCity": "Singapore", "contact": {"facebook": "100000985924194"}, "firstName": "Aaron", "tips": {"count": 0}, "gender": "male", "lastName": "Heah", "lists": {"groups": [{"count": 2, "type": "created", "items": []}]}, "bio": ""}, {"id": "4493534", "photo": {"prefix": "https://igx.4sqi.net/img/user/", "suffix": "/EBVZWL31RH4LITEJ.jpg"}, "homeCity": "Singapore", "contact": {"facebook": "751568273"}, "firstName": "Mabelynn", "tips": {"count": 0}, "gender": "female", "lastName": "Angelina", "lists": {"groups": [{"count": 2, "type": "created", "items": []}]}, "bio": ""}, {"id": "6237979", "photo": {"prefix": "https://igx.4sqi.net/img/user/", "suffix": "/JGLN3ES3LLVWLQTC.jpg"}, "homeCity": "Singapore", "contact": {}, "firstName": "Resphreon", "tips": {"count": 0}, "gender": "male", "lastName": "Tan", "lists": {"groups": [{"count": 2, "type": "created", "items": []}]}, "bio": ""}, {"id": "4976512", "photo": {"prefix": "https://igx.4sqi.net/img/user/", "suffix": "/QWZUS1R213YLUZD3.jpg"}, "homeCity": "Singapore", "contact": {"facebook": "724541073"}, "firstName": "Swee", "tips": {"count": 0}, "gender": "male", "lastName": "Xiang", "lists": {"groups": [{"count": 2, "type": "created", "items": []}]}, "bio": ""}, {"id": "4486802", "photo": {"prefix": "https://igx.4sqi.net/img/user/", "suffix": "/0WMCMGWXHMMSOVPO.jpg"}, "homeCity": "Singapore", "contact": {"facebook": "521224715"}, "firstName": "Amos", "tips": {"count": 1}, "gender": "male", "lastName": "Heah", "lists": {"groups": [{"count": 2, "type": "created", "items": []}]}, "bio": ""}, {"id": "4698333", "photo": {"prefix": "https://igx.4sqi.net/img/user/", "suffix": "/GLZIAZAOBJFUGJZI.jpg"}, "homeCity": "Singapore", "contact": {"facebook": "512825181", "twitter": "deyth"}, "firstName": "Esther", "tips": {"count": 0}, "gender": "female", "lastName": "Leong", "lists": {"groups": [{"count": 2, "type": "created", "items": []}]}, "bio": ""}, {"id": "12429384", "photo": {"prefix": "https://igx.4sqi.net/img/user/", "suffix": "/X1LK1IR2VPMH4WW0.jpg"}, "homeCity": "Singapore", "contact": {"facebook": "1009221784", "twitter": "jeffreytofuboy"}, "firstName": "JeffreyTofuboy!", "tips": {"count": 0}, "gender": "male", "lists": {"groups": [{"count": 2, "type": "created", "items": []}]}, "bio": ""}, {"id": "5345045", "photo": {"prefix": "https://igx.4sqi.net/img/user/", "suffix": "/0ZXTQHTYPDLADCTH.jpg"}, "homeCity": "Singapore", "contact": {"facebook": "1069676028", "twitter": "gardenofsamson"}, "firstName": "Samson", "tips": {"count": 0}, "gender": "male", "lastName": "Tan", "lists": {"groups": [{"count": 2, "type": "created", "items": []}]}, "bio": ""}, {"id": "4755475", "photo": {"prefix": "https://igx.4sqi.net/img/user/", "suffix": "/J0GIIVNV2MLP0RHC.jpg"}, "homeCity": "Singapore", "contact": {"facebook": "620794318"}, "firstName": "Edwin", "tips": {"count": 0}, "gender": "male", "lastName": "Tan", "lists": {"groups": [{"count": 2, "type": "created", "items": []}]}, "bio": ""}, {"id": "12577934", "photo": {"prefix": "https://igx.4sqi.net/img/user/", "suffix": "/SBM1JWIF4DL0PEPG.jpg"}, "homeCity": "Singapore", "contact": {"facebook": "100001743565668"}, "firstName": "Junwei", "tips": {"count": 0}, "gender": "male", "lastName": "Aeterna", "lists": {"groups": [{"count": 2, "type": "created", "items": []}]}, "bio": ""}, {"id": "5347277", "photo": {"prefix": "https://igx.4sqi.net/img/user/", "suffix": "/GAGZNFZPBF4KEGOM.jpg"}, "homeCity": "Singapore", "contact": {"facebook": "621329092"}, "firstName": "Alex", "tips": {"count": 0}, "gender": "male", "lastName": "Lum", "lists": {"groups": [{"count": 2, "type": "created", "items": []}]}, "bio": ""}, {"id": "4757190", "photo": {"prefix": "https://igx.4sqi.net/img/user/", "default": true, "suffix": "/blank_boy.png"}, "homeCity": "Singapore", "contact": {}, "firstName": "Jeri", "tips": {"count": 0}, "gender": "male", "lastName": "Ong", "lists": {"groups": [{"count": 2, "type": "created", "items": []}]}, "bio": ""}, {"id": "16333326", "photo": {"prefix": "https://igx.4sqi.net/img/user/", "suffix": "/A1CN4DEOLRNYL3IC.jpg"}, "homeCity": "Toronto, Canada", "contact": {"facebook": "100000021373057", "twitter": "julummox"}, "firstName": "Juliana", "tips": {"count": 0}, "gender": "female", "lastName": "Leow", "lists": {"groups": [{"count": 2, "type": "created", "items": []}]}, "bio": ""}, {"id": "5656009", "photo": {"prefix": "https://igx.4sqi.net/img/user/", "default": true, "suffix": "/blank_boy.png"}, "homeCity": "Singapore", "contact": {}, "firstName": "robin", "tips": {"count": 0}, "gender": "male", "lastName": "ng", "lists": {"groups": [{"count": 2, "type": "created", "items": []}]}, "bio": ""}, {"id": "7321257", "photo": {"prefix": "https://igx.4sqi.net/img/user/", "suffix": "/E1C3D5Y34WA0ZXSE.jpg"}, "homeCity": "Singapore", "contact": {}, "firstName": "\ue329  \u00e4\u00f1g\u00ebl j\u00f6\u00ff  \ue329", "tips": {"count": 1}, "gender": "female", "lists": {"groups": [{"count": 2, "type": "created", "items": []}]}, "bio": ""}, {"id": "7438328", "photo": {"prefix": "https://igx.4sqi.net/img/user/", "suffix": "/JTWSIXQCEETDC2R3.jpg"}, "homeCity": "Singapore", "contact": {}, "firstName": "Ahqi", "tips": {"count": 0}, "gender": "female", "lists": {"groups": [{"count": 2, "type": "created", "items": []}]}, "bio": ""}]}, "checksum": "10959aecc2e56b80a9755ec2b2ad0c3480ac3cf0"}}