{"notifications": [{"type": "notificationTray", "item": {"unreadCount": 0}}], "response": {"friends": {"items": [{"tips": {"count": 0}, "contact": {}, "firstName": "Shi Yi", "gender": "female", "id": "5206126", "bio": "", "photo": {"prefix": "https://igx.4sqi.net/img/user/", "suffix": "/OBLERYCYYJTUL0RG.jpg"}, "homeCity": "Singapore", "lists": {"groups": [{"items": [], "count": 2, "type": "created"}]}}, {"tips": {"count": 5}, "contact": {"twitter": "cngsw", "facebook": "606828586"}, "firstName": "Christopher", "gender": "male", "lastName": "Ng", "id": "12114185", "bio": "", "photo": {"prefix": "https://igx.4sqi.net/img/user/", "suffix": "/NTDDOC4AIXEFJRJB.jpg"}, "homeCity": "Singapore", "lists": {"groups": [{"items": [], "count": 3, "type": "created"}]}}, {"tips": {"count": 0}, "contact": {"facebook": "541778591"}, "firstName": "Tang Hui Boon", "gender": "male", "id": "5637784", "bio": "", "photo": {"prefix": "https://igx.4sqi.net/img/user/", "suffix": "/JY3JNIKIXVMTHGFQ.jpg"}, "homeCity": "Singapore", "lists": {"groups": [{"items": [], "count": 2, "type": "created"}]}}, {"tips": {"count": 8}, "contact": {"twitter": "tiangkak"}, "firstName": "Tiangkak", "gender": "male", "id": "1791045", "bio": "", "photo": {"prefix": "https://igx.4sqi.net/img/user/", "suffix": "/EWFQVD5KBAWA5O2I.jpg"}, "homeCity": "Singapore", "lists": {"groups": [{"items": [], "count": 2, "type": "created"}]}}, {"tips": {"count": 6}, "contact": {"facebook": "574063448"}, "firstName": "Shane", "gender": "female", "lastName": "Cher", "id": "2519580", "bio": "", "photo": {"prefix": "https://igx.4sqi.net/img/user/", "suffix": "/XB3CNF5XB02FKX15.jpg"}, "homeCity": "Singapore", "lists": {"groups": [{"items": [], "count": 2, "type": "created"}]}}, {"tips": {"count": 2}, "contact": {"facebook": "677058920"}, "firstName": "Winnie", "gender": "female", "lastName": "Teo", "id": "2996724", "bio": "", "photo": {"prefix": "https://igx.4sqi.net/img/user/", "suffix": "/URYHJVC2QOMW54PM.jpg"}, "homeCity": "Singapore", "lists": {"groups": [{"items": [], "count": 2, "type": "created"}]}}, {"tips": {"count": 6}, "contact": {"facebook": "502246676"}, "firstName": "Adeline", "gender": "female", "lastName": "Lee", "id": "22917918", "bio": "", "photo": {"prefix": "https://igx.4sqi.net/img/user/", "suffix": "/2ZYLO0FAAQXJCW4Z.jpg"}, "homeCity": "Singapore", "lists": {"groups": [{"items": [], "count": 3, "type": "created"}]}}, {"tips": {"count": 19}, "contact": {}, "firstName": "Wilson", "gender": "male", "lastName": "Chua", "id": "2144549", "bio": "", "photo": {"prefix": "https://igx.4sqi.net/img/user/", "suffix": "/SNVHL05CYSQTVEEA.jpg"}, "homeCity": "singapore", "lists": {"groups": [{"items": [], "count": 2, "type": "created"}]}}, {"tips": {"count": 5}, "contact": {}, "firstName": "Samuel", "gender": "male", "lastName": "Tay", "id": "2080658", "bio": "", "photo": {"prefix": "https://igx.4sqi.net/img/user/", "suffix": "/Q5KFJOFVEZZZQY1R.jpg"}, "homeCity": "Singapore", "lists": {"groups": [{"items": [], "count": 2, "type": "created"}]}}, {"tips": {"count": 4}, "contact": {"twitter": "xlaoblur", "facebook": "588137188"}, "firstName": "Liping", "gender": "female", "lastName": "Lim", "id": "2759134", "bio": "", "photo": {"prefix": "https://igx.4sqi.net/img/user/", "suffix": "/RIOJZC1TARUG1TIT.jpg"}, "homeCity": "Singapore", "lists": {"groups": [{"items": [], "count": 2, "type": "created"}]}}, {"tips": {"count": 0}, "contact": {"facebook": "640712234"}, "firstName": "Stan", "gender": "male", "id": "32607815", "bio": "", "photo": {"prefix": "https://igx.4sqi.net/img/user/", "suffix": "/blank_boy.png", "default": true}, "homeCity": "Singapore", "lists": {"groups": [{"items": [], "count": 2, "type": "created"}]}}, {"tips": {"count": 23}, "contact": {"twitter": "jennyteo"}, "firstName": "Jenny", "gender": "female", "lastName": "Teo", "id": "172675", "bio": "", "photo": {"prefix": "https://igx.4sqi.net/img/user/", "suffix": "/S50DYN1LIKKUGNSX.jpg"}, "homeCity": "Singapore", "lists": {"groups": [{"items": [], "count": 5, "type": "created"}]}}, {"tips": {"count": 20}, "contact": {"facebook": "565971011"}, "firstName": "Huan", "gender": "male", "lastName": "Duong", "id": "12691924", "bio": "", "photo": {"prefix": "https://igx.4sqi.net/img/user/", "suffix": "/YBKVPUHA0OKNIY0A.jpg"}, "homeCity": "H\u1ed3 Ch\u00ed Minh, Vietnam", "lists": {"groups": [{"items": [], "count": 2, "type": "created"}]}}, {"tips": {"count": 0}, "contact": {"twitter": "ychiki", "facebook": "1035820171"}, "firstName": "Yan Cheng", "gender": "none", "lastName": "Tan", "id": "7772632", "bio": "", "photo": {"prefix": "https://igx.4sqi.net/img/user/", "suffix": "/RIGDTHVVTOOTZ5BH.jpg"}, "homeCity": "Singapore", "lists": {"groups": [{"items": [], "count": 2, "type": "created"}]}}, {"tips": {"count": 0}, "contact": {"facebook": "556211796"}, "firstName": "Chun Hwee", "gender": "male", "lastName": "Ong", "id": "34467339", "bio": "", "photo": {"prefix": "https://igx.4sqi.net/img/user/", "suffix": "/3BBSKTY3IEJ3MF1C.jpg"}, "homeCity": "New York, NY", "lists": {"groups": [{"items": [], "count": 2, "type": "created"}]}}, {"tips": {"count": 4}, "contact": {}, "firstName": "Joyce", "gender": "female", "lastName": "Chan", "id": "2144883", "bio": "", "photo": {"prefix": "https://igx.4sqi.net/img/user/", "suffix": "/5I2C3L21C2P1HFQ3.jpg"}, "homeCity": "Woodlands, Singapore", "lists": {"groups": [{"items": [], "count": 2, "type": "created"}]}}, {"tips": {"count": 0}, "contact": {}, "firstName": "Eric", "gender": "male", "lastName": "Tan", "id": "2457531", "bio": "", "photo": {"prefix": "https://igx.4sqi.net/img/user/", "suffix": "/BZJ0JN1I0WK41ELJ.jpg"}, "homeCity": "Singapore", "lists": {"groups": [{"items": [], "count": 2, "type": "created"}]}}, {"tips": {"count": 0}, "contact": {"twitter": "johnson_changch"}, "firstName": "Johnson", "gender": "male", "lastName": "Chang", "id": "2810634", "bio": "", "photo": {"prefix": "https://igx.4sqi.net/img/user/", "suffix": "/A1BNTIVP23P4YPZP.jpg"}, "homeCity": "Singapore", "lists": {"groups": [{"items": [], "count": 2, "type": "created"}]}}, {"tips": {"count": 1}, "contact": {"facebook": "10152928834435765"}, "firstName": "Edward", "gender": "male", "lastName": "Hou", "id": "13505464", "bio": "", "photo": {"prefix": "https://igx.4sqi.net/img/user/", "suffix": "/blank_boy.png", "default": true}, "homeCity": "Petaling Jaya, Malaysia", "lists": {"groups": [{"items": [], "count": 3, "type": "created"}]}}, {"tips": {"count": 0}, "contact": {}, "firstName": "Geok Tin", "gender": "female", "lastName": "Ong", "id": "2531030", "bio": "", "photo": {"prefix": "https://igx.4sqi.net/img/user/", "suffix": "/0NPQZBQFCVBCL4NQ.jpg"}, "homeCity": "Singapore", "lists": {"groups": [{"items": [], "count": 2, "type": "created"}]}}, {"tips": {"count": 8}, "contact": {"facebook": "562490020"}, "firstName": "Benson", "gender": "male", "lastName": "Chen", "id": "3569288", "bio": "", "photo": {"prefix": "https://igx.4sqi.net/img/user/", "suffix": "/5KSTDDQN2154OB23.jpg"}, "homeCity": "Brisbane, Australia", "lists": {"groups": [{"items": [], "count": 2, "type": "created"}]}}, {"tips": {"count": 0}, "contact": {}, "firstName": "Irene", "gender": "female", "lastName": "Lim", "id": "3684273", "bio": "", "photo": {"prefix": "https://igx.4sqi.net/img/user/", "suffix": "/blank_girl.png", "default": true}, "homeCity": "Singapore", "lists": {"groups": [{"items": [], "count": 2, "type": "created"}]}}, {"tips": {"count": 4}, "contact": {"twitter": "phucnguyen83", "facebook": "575384782"}, "firstName": "Phuc", "gender": "male", "lastName": "Nguyen", "id": "15322444", "bio": "", "photo": {"prefix": "https://igx.4sqi.net/img/user/", "suffix": "/blank_boy.png", "default": true}, "homeCity": "Ho Chi Minh City, Vietnam", "lists": {"groups": [{"items": [], "count": 4, "type": "created"}]}}], "count": 23}, "checksum": "f9bf404d7e7f29560dfe3da384edc5ec2a186575"}, "meta": {"requestId": "59662f81db04f562eb735ec6", "code": 200}}