{"notifications": [{"type": "notificationTray", "item": {"unreadCount": 0}}], "response": {"friends": {"items": [{"tips": {"count": 1}, "contact": {"twitter": "nianphong", "facebook": "610559191"}, "firstName": "Chin", "gender": "male", "lastName": "Nian Phong", "id": "1588003", "bio": "", "photo": {"prefix": "https://igx.4sqi.net/img/user/", "suffix": "/WL0JT41ZYUJKP4A5.jpg"}, "homeCity": "Singapore", "lists": {"groups": [{"items": [], "count": 2, "type": "created"}]}}, {"tips": {"count": 0}, "contact": {}, "firstName": "Natalie", "gender": "female", "lastName": "Tan", "id": "3768917", "bio": "", "photo": {"prefix": "https://igx.4sqi.net/img/user/", "suffix": "/2DTK352VEJFH151Q.jpg"}, "homeCity": "Singapore", "lists": {"groups": [{"items": [], "count": 2, "type": "created"}]}}, {"tips": {"count": 0}, "contact": {"twitter": "eugene576", "facebook": "655274822"}, "firstName": "Eugene Teo", "gender": "male", "id": "1345953", "bio": "", "photo": {"prefix": "https://igx.4sqi.net/img/user/", "suffix": "/SPMZ2OWU5IBLSB34.jpg"}, "homeCity": "Singapore", "lists": {"groups": [{"items": [], "count": 2, "type": "created"}]}}, {"tips": {"count": 3}, "contact": {"twitter": "alfianeusebio", "facebook": "1595232611"}, "firstName": "Alfian", "gender": "male", "lastName": "Alaric", "id": "5491679", "bio": "", "photo": {"prefix": "https://igx.4sqi.net/img/user/", "suffix": "/32OJZBNWNT5MSVYI.jpg"}, "homeCity": "Singapore", "lists": {"groups": [{"items": [], "count": 2, "type": "created"}]}}, {"tips": {"count": 0}, "contact": {"facebook": "1583174166"}, "firstName": "Jeanette", "gender": "female", "lastName": "Lim", "id": "2958097", "bio": "", "photo": {"prefix": "https://igx.4sqi.net/img/user/", "suffix": "/X241XLQVUEATOVJZ.jpg"}, "homeCity": "Singapore", "lists": {"groups": [{"items": [], "count": 2, "type": "created"}]}}, {"tips": {"count": 21}, "contact": {"twitter": "melzranger"}, "firstName": "Melzranger", "gender": "male", "id": "4033257", "bio": "", "photo": {"prefix": "https://igx.4sqi.net/img/user/", "suffix": "/1KZIFR4II1NCPLG0.jpg"}, "homeCity": "Singapore", "lists": {"groups": [{"items": [], "count": 2, "type": "created"}]}}, {"tips": {"count": 0}, "contact": {"twitter": "rinah_azri", "facebook": "796447836"}, "firstName": "Rinah", "gender": "female", "lastName": "Hamzah", "id": "1612763", "bio": "", "photo": {"prefix": "https://igx.4sqi.net/img/user/", "suffix": "/MU3CEMU5DZ3RMCEK.jpg"}, "homeCity": "Bukit Merah, Singapore", "lists": {"groups": [{"items": [], "count": 2, "type": "created"}]}}, {"tips": {"count": 1}, "contact": {"facebook": "674206691"}, "firstName": "Shaunie", "gender": "male", "lastName": "Chan", "id": "1738911", "bio": "", "photo": {"prefix": "https://igx.4sqi.net/img/user/", "suffix": "/blank_boy.png", "default": true}, "homeCity": "Singapore", "lists": {"groups": [{"items": [], "count": 2, "type": "created"}]}}, {"tips": {"count": 0}, "contact": {"twitter": "umairahyasir", "facebook": "508917024"}, "firstName": "Umairah", "gender": "female", "lastName": "Yasir", "id": "2995250", "bio": "", "photo": {"prefix": "https://igx.4sqi.net/img/user/", "suffix": "/5TVR2UUQNF5Y0OCB.jpg"}, "homeCity": "Singapore", "lists": {"groups": [{"items": [], "count": 2, "type": "created"}]}}, {"tips": {"count": 8}, "contact": {"twitter": "zoulvabatiqah", "facebook": "702452746"}, "firstName": "Zulkifli", "gender": "male", "id": "3812753", "bio": "", "photo": {"prefix": "https://igx.4sqi.net/img/user/", "suffix": "/C1XAHJKE2XET3JYW.jpg"}, "homeCity": "Singapore", "lists": {"groups": [{"items": [], "count": 2, "type": "created"}]}}, {"tips": {"count": 0}, "contact": {"twitter": "enyaleee"}, "firstName": "Huiting", "gender": "female", "lastName": "Chew", "id": "818708", "bio": "", "photo": {"prefix": "https://igx.4sqi.net/img/user/", "suffix": "/WIQRXMCEYZY3NYNZ.jpg"}, "homeCity": "Singapore", "lists": {"groups": [{"items": [], "count": 2, "type": "created"}]}}, {"tips": {"count": 5}, "contact": {"twitter": "amincartun"}, "firstName": "Amin", "gender": "male", "lastName": "Cartun", "id": "1659443", "bio": "", "photo": {"prefix": "https://igx.4sqi.net/img/user/", "suffix": "/N20CFCV441DGBKWQ.jpg"}, "homeCity": "Singapore", "lists": {"groups": [{"items": [], "count": 2, "type": "created"}]}}, {"tips": {"count": 3}, "contact": {"twitter": "nabilfikri89", "facebook": "100000783639330"}, "firstName": "Nabil", "gender": "male", "lastName": "Fikri", "id": "2441552", "bio": "", "photo": {"prefix": "https://igx.4sqi.net/img/user/", "suffix": "/N2XEJ13WYUUQV0HM.jpg"}, "homeCity": "Singapore", "lists": {"groups": [{"items": [], "count": 2, "type": "created"}]}}, {"tips": {"count": 0}, "contact": {"twitter": "syafiquepacifiq", "facebook": "756593541"}, "firstName": "Pacifique O", "gender": "male", "lastName": "Southwind", "id": "4631922", "bio": "", "photo": {"prefix": "https://igx.4sqi.net/img/user/", "suffix": "/4631922-WZ0ZAUJ5IA3GUMS1.jpg"}, "homeCity": "Singapore", "lists": {"groups": [{"items": [], "count": 2, "type": "created"}]}}, {"tips": {"count": 0}, "contact": {}, "firstName": "PIKA", "gender": "female", "lastName": "Azli", "id": "3593472", "bio": "", "photo": {"prefix": "https://igx.4sqi.net/img/user/", "suffix": "/PJQI1J4KAJTV1KUY.jpg"}, "homeCity": "Singapore", "lists": {"groups": [{"items": [], "count": 2, "type": "created"}]}}, {"tips": {"count": 0}, "contact": {"facebook": "719448590"}, "firstName": "Saiful Azzam", "gender": "male", "lastName": "Salleh", "id": "4569529", "bio": "", "photo": {"prefix": "https://igx.4sqi.net/img/user/", "suffix": "/blank_boy.png", "default": true}, "homeCity": "Singapore", "lists": {"groups": [{"items": [], "count": 2, "type": "created"}]}}, {"tips": {"count": 0}, "contact": {"twitter": "neezster", "facebook": "650289927"}, "firstName": "Hanis", "gender": "female", "lastName": "Hehe", "id": "2515159", "bio": "", "photo": {"prefix": "https://igx.4sqi.net/img/user/", "suffix": "/BTENZ0ZLAV3OUJTW.jpg"}, "homeCity": "Singapore", "lists": {"groups": [{"items": [], "count": 2, "type": "created"}]}}, {"tips": {"count": 0}, "contact": {"twitter": "hilmiwikit", "facebook": "684071748"}, "firstName": "Hilmi", "gender": "male", "lastName": "WikitWikit", "id": "5039910", "bio": "", "photo": {"prefix": "https://igx.4sqi.net/img/user/", "suffix": "/FDJHQBBPAROF4C5B.jpg"}, "homeCity": "Singapore", "lists": {"groups": [{"items": [], "count": 2, "type": "created"}]}}, {"tips": {"count": 0}, "contact": {"twitter": "wani_anis", "facebook": "635264596"}, "firstName": "Wanis", "gender": "female", "lastName": "Anis", "id": "3127791", "bio": "", "photo": {"prefix": "https://igx.4sqi.net/img/user/", "suffix": "/AMRFZIQNCTBYAQSW.jpg"}, "homeCity": "Singapore", "lists": {"groups": [{"items": [], "count": 2, "type": "created"}]}}, {"tips": {"count": 0}, "contact": {}, "firstName": "Ilyas", "gender": "male", "lastName": "Sujak Bakir", "id": "5420291", "bio": "", "photo": {"prefix": "https://igx.4sqi.net/img/user/", "suffix": "/blank_boy.png", "default": true}, "homeCity": "Singapore", "lists": {"groups": [{"items": [], "count": 2, "type": "created"}]}}, {"tips": {"count": 2}, "contact": {"twitter": "afiyy", "facebook": "681561031"}, "firstName": "Afiyy", "gender": "male", "lastName": "Afiyy", "id": "3087298", "bio": "", "photo": {"prefix": "https://igx.4sqi.net/img/user/", "suffix": "/3087298-UPLU3CJYOU1KFBUH.jpg"}, "homeCity": "Singapore", "lists": {"groups": [{"items": [], "count": 2, "type": "created"}]}}, {"tips": {"count": 0}, "contact": {"twitter": "muhdbenjakin", "facebook": "640218555"}, "firstName": "Benjakin", "gender": "male", "lastName": "Mustajab", "id": "3261539", "bio": "", "photo": {"prefix": "https://igx.4sqi.net/img/user/", "suffix": "/EPE2JBPHN4GNE5EU.jpg"}, "homeCity": "Singapore", "lists": {"groups": [{"items": [], "count": 2, "type": "created"}]}}, {"tips": {"count": 2}, "contact": {"twitter": "mddzulfikri", "facebook": "1479862722"}, "firstName": "Mddzulfikri", "gender": "male", "id": "4836985", "bio": "", "photo": {"prefix": "https://igx.4sqi.net/img/user/", "suffix": "/4836985-URUCBIB5EOSMC03K.jpg"}, "homeCity": "Singapore", "lists": {"groups": [{"items": [], "count": 2, "type": "created"}]}}, {"tips": {"count": 0}, "contact": {"facebook": "1525680185"}, "firstName": "Azli", "gender": "male", "lastName": "Ahmad", "id": "4532939", "bio": "", "photo": {"prefix": "https://igx.4sqi.net/img/user/", "suffix": "/HHYWE02TMRDRGD4L.jpg"}, "homeCity": "Singapore", "lists": {"groups": [{"items": [], "count": 2, "type": "created"}]}}, {"tips": {"count": 1}, "contact": {"facebook": "773373980"}, "firstName": "Faris", "gender": "male", "lastName": "Ibanez", "id": "5378436", "bio": "", "photo": {"prefix": "https://igx.4sqi.net/img/user/", "suffix": "/C4RXX0Z4XNF2BCSN.jpg"}, "homeCity": "Singapore", "lists": {"groups": [{"items": [], "count": 2, "type": "created"}]}}, {"tips": {"count": 1}, "contact": {"twitter": "xephyre", "facebook": "1483500481"}, "firstName": "Imran", "gender": "male", "lastName": "Ahmad Rasi", "id": "2890571", "bio": "", "photo": {"prefix": "https://igx.4sqi.net/img/user/", "suffix": "/TYYEUBUTPL3PLPAG.jpg"}, "homeCity": "Singapore", "lists": {"groups": [{"items": [], "count": 2, "type": "created"}]}}, {"tips": {"count": 3}, "contact": {"facebook": "721732401"}, "firstName": "Winston", "gender": "male", "lastName": "Aw", "id": "3253549", "bio": "", "photo": {"prefix": "https://igx.4sqi.net/img/user/", "suffix": "/02OVIJXOEU12PHJT.jpg"}, "homeCity": "Singapore", "lists": {"groups": [{"items": [], "count": 2, "type": "created"}]}}, {"tips": {"count": 0}, "contact": {}, "firstName": "Jeffrey", "gender": "male", "lastName": "Loek", "id": "4441188", "bio": "", "photo": {"prefix": "https://igx.4sqi.net/img/user/", "suffix": "/BO520YBTJ3SHEWC1.jpg"}, "homeCity": "Singapore", "lists": {"groups": [{"items": [], "count": 2, "type": "created"}]}}, {"tips": {"count": 0}, "contact": {"facebook": "719543461"}, "firstName": "Joel", "gender": "male", "lastName": "Lim", "id": "4538641", "bio": "", "photo": {"prefix": "https://igx.4sqi.net/img/user/", "suffix": "/blank_boy.png", "default": true}, "homeCity": "Singapore", "lists": {"groups": [{"items": [], "count": 2, "type": "created"}]}}, {"tips": {"count": 1}, "contact": {"facebook": "757439802"}, "firstName": "Zameer", "gender": "male", "lastName": "Shah", "id": "3755335", "bio": "", "photo": {"prefix": "https://igx.4sqi.net/img/user/", "suffix": "/VXTEBNALV0N1ST3J.jpg"}, "homeCity": "Singapore", "lists": {"groups": [{"items": [], "count": 2, "type": "created"}]}}, {"tips": {"count": 3}, "contact": {"twitter": "ninalevitt", "facebook": "834902559"}, "firstName": "Nina", "gender": "none", "lastName": "Ricci", "id": "4000386", "bio": "", "photo": {"prefix": "https://igx.4sqi.net/img/user/", "suffix": "/WY5JZ5WFD3VEH4SM.jpg"}, "homeCity": "Singapore", "lists": {"groups": [{"items": [], "count": 2, "type": "created"}]}}, {"tips": {"count": 0}, "contact": {}, "firstName": "Raden", "gender": "female", "lastName": "Adrien", "id": "4754683", "bio": "", "photo": {"prefix": "https://igx.4sqi.net/img/user/", "suffix": "/0UG5H2RJDWC0KV3Q.jpg"}, "homeCity": "Singapore", "lists": {"groups": [{"items": [], "count": 2, "type": "created"}]}}, {"tips": {"count": 0}, "contact": {}, "firstName": "sherman", "gender": "male", "lastName": "Chua", "id": "4910824", "bio": "", "photo": {"prefix": "https://igx.4sqi.net/img/user/", "suffix": "/blank_boy.png", "default": true}, "homeCity": "Singapore", "lists": {"groups": [{"items": [], "count": 2, "type": "created"}]}}, {"tips": {"count": 0}, "contact": {"twitter": "ayimsmurf", "facebook": "686783458"}, "firstName": "Abdul", "gender": "male", "lastName": "Qarim", "id": "3839426", "bio": "", "photo": {"prefix": "https://igx.4sqi.net/img/user/", "suffix": "/KY0HME304CTMDWNE.jpg"}, "homeCity": "Singapore", "lists": {"groups": [{"items": [], "count": 2, "type": "created"}]}}, {"tips": {"count": 0}, "contact": {"facebook": "1349688525"}, "firstName": "Daryl", "gender": "male", "lastName": "Yeo", "id": "4737742", "bio": "", "photo": {"prefix": "https://igx.4sqi.net/img/user/", "suffix": "/PLZPU3RWMNQ31YTB.jpg"}, "homeCity": "Singapore", "lists": {"groups": [{"items": [], "count": 2, "type": "created"}]}}, {"tips": {"count": 1}, "contact": {"facebook": "10153614800370589"}, "firstName": "kinah", "gender": "female", "lastName": "Shorty", "id": "5309690", "bio": "", "photo": {"prefix": "https://igx.4sqi.net/img/user/", "suffix": "/NLZGFSIPTUBTGLC1.jpg"}, "homeCity": "Singapore", "lists": {"groups": [{"items": [], "count": 2, "type": "created"}]}}, {"tips": {"count": 0}, "contact": {"twitter": "nadtgyea", "facebook": "100002774181001"}, "firstName": "Nadiah", "gender": "female", "lastName": "F A", "id": "4976049", "bio": "", "photo": {"prefix": "https://igx.4sqi.net/img/user/", "suffix": "/IFN1NTBLT3UDJ3JU.jpg"}, "homeCity": "Singapore", "lists": {"groups": [{"items": [], "count": 2, "type": "created"}]}}, {"tips": {"count": 2}, "contact": {"facebook": "100000087936387"}, "firstName": "Nazree", "gender": "male", "id": "5091394", "bio": "", "photo": {"prefix": "https://igx.4sqi.net/img/user/", "suffix": "/ZMFOPRLAKRXJ1ISR.jpg"}, "homeCity": "Singapore", "lists": {"groups": [{"items": [], "count": 2, "type": "created"}]}}, {"tips": {"count": 0}, "contact": {"facebook": "584595512"}, "firstName": "Daryl", "gender": "male", "lastName": "Teo", "id": "4745675", "bio": "", "photo": {"prefix": "https://igx.4sqi.net/img/user/", "suffix": "/YVWSPMG3BGLJ11SW.jpg"}, "homeCity": "Singapore", "lists": {"groups": [{"items": [], "count": 2, "type": "created"}]}}, {"tips": {"count": 2}, "contact": {"facebook": "693465278"}, "firstName": "Ardy", "gender": "male", "lastName": "SomeMudd", "id": "5531806", "bio": "", "photo": {"prefix": "https://igx.4sqi.net/img/user/", "suffix": "/UZF0XLBL2BBRHJOC.jpg"}, "homeCity": "Singapore", "lists": {"groups": [{"items": [], "count": 2, "type": "created"}]}}, {"tips": {"count": 0}, "contact": {"facebook": "1498921141"}, "firstName": "Khairul", "gender": "male", "lastName": "Samsuri", "id": "5317338", "bio": "", "photo": {"prefix": "https://igx.4sqi.net/img/user/", "suffix": "/RDZINKXPFCCFK5KA.jpg"}, "homeCity": "Singapore", "lists": {"groups": [{"items": [], "count": 2, "type": "created"}]}}, {"tips": {"count": 1}, "contact": {}, "firstName": "Yeo", "gender": "male", "lastName": "Ben", "id": "5126409", "bio": "", "photo": {"prefix": "https://igx.4sqi.net/img/user/", "suffix": "/CCS1IF20L4CSETKR.jpg"}, "homeCity": "Singapore", "lists": {"groups": [{"items": [], "count": 2, "type": "created"}]}}, {"tips": {"count": 0}, "contact": {"twitter": "yourloveisasin", "facebook": "525844280"}, "firstName": "NEO", "gender": "male", "id": "5129072", "bio": "", "photo": {"prefix": "https://igx.4sqi.net/img/user/", "suffix": "/STORIIMKPJ35XVL2.jpg"}, "homeCity": "Singapore", "lists": {"groups": [{"items": [], "count": 2, "type": "created"}]}}, {"tips": {"count": 1}, "contact": {"facebook": "1008169068"}, "firstName": "Eien", "gender": "male", "lastName": "Otty", "id": "5594010", "bio": "", "photo": {"prefix": "https://igx.4sqi.net/img/user/", "suffix": "/VGHJ4ZAIXI4UL0FU.jpg"}, "homeCity": "Singapore", "lists": {"groups": [{"items": [], "count": 2, "type": "created"}]}}, {"tips": {"count": 0}, "contact": {"facebook": "551312627"}, "firstName": "Niki", "gender": "female", "lastName": "Shikin", "id": "5603244", "bio": "", "photo": {"prefix": "https://igx.4sqi.net/img/user/", "suffix": "/3121TDKEIBK1F5A0.jpg"}, "homeCity": "Singapore", "lists": {"groups": [{"items": [], "count": 2, "type": "created"}]}}], "count": 245}, "checksum": "dbb2f507e20f114abb149e990fc5d168d77efc91"}, "meta": {"requestId": "5965e7e6f594df3c5961e376", "code": 200}}