{"notifications": [{"type": "notificationTray", "item": {"unreadCount": 0}}], "response": {"friends": {"items": [{"tips": {"count": 0}, "contact": {"twitter": "syafiquepacifiq", "facebook": "756593541"}, "firstName": "Pacifique O", "gender": "male", "lastName": "Southwind", "id": "4631922", "bio": "", "photo": {"prefix": "https://igx.4sqi.net/img/user/", "suffix": "/4631922-WZ0ZAUJ5IA3GUMS1.jpg"}, "homeCity": "Singapore", "lists": {"groups": [{"items": [], "count": 2, "type": "created"}]}}, {"tips": {"count": 1}, "contact": {"twitter": "nianphong", "facebook": "610559191"}, "firstName": "Chin", "gender": "male", "lastName": "Nian Phong", "id": "1588003", "bio": "", "photo": {"prefix": "https://igx.4sqi.net/img/user/", "suffix": "/WL0JT41ZYUJKP4A5.jpg"}, "homeCity": "Singapore", "lists": {"groups": [{"items": [], "count": 2, "type": "created"}]}}, {"tips": {"count": 0}, "contact": {"twitter": "zulgillepsie", "facebook": "555164053"}, "firstName": "Zulfadhli", "gender": "none", "lastName": "Yahya", "id": "10619474", "bio": "", "photo": {"prefix": "https://igx.4sqi.net/img/user/", "suffix": "/Q5CYF20UE3J4Y32P.jpg"}, "homeCity": "Singapore", "lists": {"groups": [{"items": [], "count": 2, "type": "created"}]}}, {"tips": {"count": 0}, "contact": {}, "firstName": "Natalie", "gender": "female", "lastName": "Tan", "id": "3768917", "bio": "", "photo": {"prefix": "https://igx.4sqi.net/img/user/", "suffix": "/2DTK352VEJFH151Q.jpg"}, "homeCity": "Singapore", "lists": {"groups": [{"items": [], "count": 2, "type": "created"}]}}, {"tips": {"count": 0}, "contact": {"twitter": "eugene576", "facebook": "655274822"}, "firstName": "Eugene Teo", "gender": "male", "id": "1345953", "bio": "", "photo": {"prefix": "https://igx.4sqi.net/img/user/", "suffix": "/SPMZ2OWU5IBLSB34.jpg"}, "homeCity": "Singapore", "lists": {"groups": [{"items": [], "count": 2, "type": "created"}]}}, {"tips": {"count": 0}, "contact": {"facebook": "1093235112"}, "firstName": "Toh", "gender": "male", "lastName": "Irving", "id": "4289515", "bio": "", "photo": {"prefix": "https://igx.4sqi.net/img/user/", "suffix": "/NFDS3UUNUAZCVEC2.jpg"}, "homeCity": "Singapore", "lists": {"groups": [{"items": [], "count": 2, "type": "created"}]}}, {"tips": {"count": 0}, "contact": {}, "firstName": "Freddy", "gender": "male", "lastName": "Ayadasyi", "id": "7633718", "bio": "", "photo": {"prefix": "https://igx.4sqi.net/img/user/", "suffix": "/4SUXUPRM2ELS2O3M.jpg"}, "homeCity": "Singapore", "lists": {"groups": [{"items": [], "count": 2, "type": "created"}]}}, {"tips": {"count": 3}, "contact": {"twitter": "alfianeusebio", "facebook": "1595232611"}, "firstName": "Alfian", "gender": "male", "lastName": "Alaric", "id": "5491679", "bio": "", "photo": {"prefix": "https://igx.4sqi.net/img/user/", "suffix": "/32OJZBNWNT5MSVYI.jpg"}, "homeCity": "Singapore", "lists": {"groups": [{"items": [], "count": 2, "type": "created"}]}}, {"tips": {"count": 0}, "contact": {"facebook": "1583174166"}, "firstName": "Jeanette", "gender": "female", "lastName": "Lim", "id": "2958097", "bio": "", "photo": {"prefix": "https://igx.4sqi.net/img/user/", "suffix": "/X241XLQVUEATOVJZ.jpg"}, "homeCity": "Singapore", "lists": {"groups": [{"items": [], "count": 2, "type": "created"}]}}, {"tips": {"count": 21}, "contact": {"twitter": "melzranger"}, "firstName": "Melzranger", "gender": "male", "id": "4033257", "bio": "", "photo": {"prefix": "https://igx.4sqi.net/img/user/", "suffix": "/1KZIFR4II1NCPLG0.jpg"}, "homeCity": "Singapore", "lists": {"groups": [{"items": [], "count": 2, "type": "created"}]}}, {"tips": {"count": 0}, "contact": {"twitter": "rinah_azri", "facebook": "796447836"}, "firstName": "Rinah", "gender": "female", "lastName": "Hamzah", "id": "1612763", "bio": "", "photo": {"prefix": "https://igx.4sqi.net/img/user/", "suffix": "/MU3CEMU5DZ3RMCEK.jpg"}, "homeCity": "Bukit Merah, Singapore", "lists": {"groups": [{"items": [], "count": 2, "type": "created"}]}}, {"tips": {"count": 0}, "contact": {}, "firstName": "x", "gender": "female", "id": "185737", "bio": "", "photo": {"prefix": "https://igx.4sqi.net/img/user/", "suffix": "/-YLRG5EA3Y3C0O3ZZ.jpg"}, "homeCity": "Hougang, Singapore", "lists": {"groups": [{"items": [], "count": 2, "type": "created"}]}}, {"tips": {"count": 6}, "contact": {"twitter": "sharizansalim", "facebook": "1054912676"}, "firstName": "Sharizan", "gender": "male", "lastName": "Salim", "id": "639013", "bio": "", "photo": {"prefix": "https://igx.4sqi.net/img/user/", "suffix": "/LFLPHL1BT2JCSWN4.jpg"}, "homeCity": "Singapore", "lists": {"groups": [{"items": [], "count": 2, "type": "created"}]}}, {"tips": {"count": 0}, "contact": {"twitter": "umairahyasir", "facebook": "508917024"}, "firstName": "Umairah", "gender": "female", "lastName": "Yasir", "id": "2995250", "bio": "", "photo": {"prefix": "https://igx.4sqi.net/img/user/", "suffix": "/5TVR2UUQNF5Y0OCB.jpg"}, "homeCity": "Singapore", "lists": {"groups": [{"items": [], "count": 2, "type": "created"}]}}, {"tips": {"count": 8}, "contact": {"twitter": "zoulvabatiqah", "facebook": "702452746"}, "firstName": "Zulkifli", "gender": "male", "id": "3812753", "bio": "", "photo": {"prefix": "https://igx.4sqi.net/img/user/", "suffix": "/C1XAHJKE2XET3JYW.jpg"}, "homeCity": "Singapore", "lists": {"groups": [{"items": [], "count": 2, "type": "created"}]}}, {"tips": {"count": 5}, "contact": {"twitter": "mediumshawn", "facebook": "10152949808028692"}, "firstName": "Shawn", "gender": "male", "lastName": "Lim", "id": "146182", "bio": "", "photo": {"prefix": "https://igx.4sqi.net/img/user/", "suffix": "/J5NLKDIR23KUZDNT.jpg"}, "homeCity": "Singapore", "lists": {"groups": [{"items": [], "count": 2, "type": "created"}]}}, {"tips": {"count": 0}, "contact": {"twitter": "amirahamran", "facebook": "547343747"}, "firstName": "mira", "gender": "female", "lastName": "mira", "id": "4402549", "bio": "", "photo": {"prefix": "https://igx.4sqi.net/img/user/", "suffix": "/0C4FDCSTAN3O4WKH.jpg"}, "homeCity": "Singapore", "lists": {"groups": [{"items": [], "count": 2, "type": "created"}]}}, {"tips": {"count": 10}, "contact": {"twitter": "woojunjae"}, "firstName": "Chunkiat", "gender": "male", "lastName": "Goh", "id": "1134882", "bio": "", "photo": {"prefix": "https://igx.4sqi.net/img/user/", "suffix": "/1134882_I9Zehafy_jDTbeBYUOp0Nqbrfre-KZiB-J8ysrqWhqNNfIeDrO5GXXc8jFnejsU2X__5EF2eC.jpg"}, "homeCity": "Singapore", "lists": {"groups": [{"items": [], "count": 5, "type": "created"}]}}, {"tips": {"count": 3}, "contact": {"twitter": "nabilfikri89", "facebook": "100000783639330"}, "firstName": "Nabil", "gender": "male", "lastName": "Fikri", "id": "2441552", "bio": "", "photo": {"prefix": "https://igx.4sqi.net/img/user/", "suffix": "/N2XEJ13WYUUQV0HM.jpg"}, "homeCity": "Singapore", "lists": {"groups": [{"items": [], "count": 2, "type": "created"}]}}, {"tips": {"count": 0}, "contact": {"twitter": "adilzuhri", "facebook": "629368159"}, "firstName": "Adil", "gender": "male", "lastName": "Zuhri", "id": "9334781", "bio": "", "photo": {"prefix": "https://igx.4sqi.net/img/user/", "suffix": "/WBOI4YOTCTZJ3RZ4.jpg"}, "homeCity": "Singapore", "lists": {"groups": [{"items": [], "count": 3, "type": "created"}]}}, {"tips": {"count": 2}, "contact": {"twitter": "mddzulfikri", "facebook": "1479862722"}, "firstName": "Mddzulfikri", "gender": "male", "id": "4836985", "bio": "", "photo": {"prefix": "https://igx.4sqi.net/img/user/", "suffix": "/4836985-URUCBIB5EOSMC03K.jpg"}, "homeCity": "Singapore", "lists": {"groups": [{"items": [], "count": 2, "type": "created"}]}}, {"tips": {"count": 0}, "contact": {}, "firstName": "Ishaaaa", "gender": "female", "lastName": "Rosinoda", "id": "6765162", "bio": "", "photo": {"prefix": "https://igx.4sqi.net/img/user/", "suffix": "/JYDGXUITMOANPXRE.jpg"}, "homeCity": "Singapore", "lists": {"groups": [{"items": [], "count": 2, "type": "created"}]}}, {"tips": {"count": 0}, "contact": {}, "firstName": "Sheena Ang", "gender": "female", "id": "4296950", "bio": "", "photo": {"prefix": "https://igx.4sqi.net/img/user/", "suffix": "/O3AIGJPB2M2GYO3Y.jpg"}, "homeCity": "Singapore", "lists": {"groups": [{"items": [], "count": 2, "type": "created"}]}}, {"tips": {"count": 0}, "contact": {"twitter": "afiqahsflips", "facebook": "684241727"}, "firstName": "Afiqah", "gender": "female", "lastName": "Razali", "id": "8053217", "bio": "", "photo": {"prefix": "https://igx.4sqi.net/img/user/", "suffix": "/4VKGAGVAPGEROOA5.jpg"}, "homeCity": "Singapore", "lists": {"groups": [{"items": [], "count": 2, "type": "created"}]}}, {"tips": {"count": 0}, "contact": {"twitter": "jk_aloysius", "facebook": "791152640"}, "firstName": "Aloysius", "gender": "male", "lastName": "Kang", "id": "11476750", "bio": "", "photo": {"prefix": "https://igx.4sqi.net/img/user/", "suffix": "/TOQKZGDIVTFX131Z.jpg"}, "homeCity": "Singapore", "lists": {"groups": [{"items": [], "count": 2, "type": "created"}]}}, {"tips": {"count": 0}, "contact": {"twitter": "fazilahhh"}, "firstName": "Nur", "gender": "female", "lastName": "Fazilah", "id": "11166034", "bio": "", "photo": {"prefix": "https://igx.4sqi.net/img/user/", "suffix": "/SANNWKVDR0EZXUJV.jpg"}, "homeCity": "Singapore", "lists": {"groups": [{"items": [], "count": 2, "type": "created"}]}}, {"tips": {"count": 3}, "contact": {"facebook": "777158965"}, "firstName": "Taufik", "gender": "male", "lastName": "Al-Harth", "id": "5669424", "bio": "", "photo": {"prefix": "https://igx.4sqi.net/img/user/", "suffix": "/SUU50J5J22QV20MA.jpg"}, "homeCity": "Singapore", "lists": {"groups": [{"items": [], "count": 2, "type": "created"}]}}, {"tips": {"count": 0}, "contact": {}, "firstName": "PIKA", "gender": "female", "lastName": "Azli", "id": "3593472", "bio": "", "photo": {"prefix": "https://igx.4sqi.net/img/user/", "suffix": "/PJQI1J4KAJTV1KUY.jpg"}, "homeCity": "Singapore", "lists": {"groups": [{"items": [], "count": 2, "type": "created"}]}}, {"tips": {"count": 0}, "contact": {"facebook": "719448590"}, "firstName": "Saiful Azzam", "gender": "male", "lastName": "Salleh", "id": "4569529", "bio": "", "photo": {"prefix": "https://igx.4sqi.net/img/user/", "suffix": "/blank_boy.png", "default": true}, "homeCity": "Singapore", "lists": {"groups": [{"items": [], "count": 2, "type": "created"}]}}, {"tips": {"count": 0}, "contact": {"twitter": "neezster", "facebook": "650289927"}, "firstName": "Hanis", "gender": "female", "lastName": "Hehe", "id": "2515159", "bio": "", "photo": {"prefix": "https://igx.4sqi.net/img/user/", "suffix": "/BTENZ0ZLAV3OUJTW.jpg"}, "homeCity": "Singapore", "lists": {"groups": [{"items": [], "count": 2, "type": "created"}]}}, {"tips": {"count": 8}, "contact": {}, "firstName": "SukaSucre", "gender": "female", "lastName": "Bistro", "id": "313470", "bio": "FB.com/sukasucrebistro", "photo": {"prefix": "https://igx.4sqi.net/img/user/", "suffix": "/313470-J5S2AOTUJGC35G3S.jpg"}, "homeCity": "Kuala Lumpur", "lists": {"groups": [{"items": [], "count": 2, "type": "created"}]}}, {"tips": {"count": 112}, "contact": {"twitter": "4dsiao", "facebook": "100000249507250"}, "firstName": "4dsiao Singapore", "gender": "male", "lastName": "(Paul Goh)", "id": "758558", "bio": "", "photo": {"prefix": "https://igx.4sqi.net/img/user/", "suffix": "/COCTVSYTQ2XFNSH2.jpg"}, "homeCity": "Singapore", "lists": {"groups": [{"items": [], "count": 2, "type": "created"}]}}, {"tips": {"count": 0}, "contact": {"twitter": "wani_anis", "facebook": "635264596"}, "firstName": "Wanis", "gender": "female", "lastName": "Anis", "id": "3127791", "bio": "", "photo": {"prefix": "https://igx.4sqi.net/img/user/", "suffix": "/AMRFZIQNCTBYAQSW.jpg"}, "homeCity": "Singapore", "lists": {"groups": [{"items": [], "count": 2, "type": "created"}]}}, {"tips": {"count": 0}, "contact": {"twitter": "enyaleee"}, "firstName": "Huiting", "gender": "female", "lastName": "Chew", "id": "818708", "bio": "", "photo": {"prefix": "https://igx.4sqi.net/img/user/", "suffix": "/WIQRXMCEYZY3NYNZ.jpg"}, "homeCity": "Singapore", "lists": {"groups": [{"items": [], "count": 2, "type": "created"}]}}, {"tips": {"count": 0}, "contact": {"twitter": "ehyonette"}, "firstName": "Fafa", "gender": "female", "lastName": "Yonette", "id": "1145953", "bio": "", "photo": {"prefix": "https://igx.4sqi.net/img/user/", "suffix": "/1XLRX0PQWFNS1RWZ.jpg"}, "homeCity": "Singapore", "lists": {"groups": [{"items": [], "count": 2, "type": "created"}]}}, {"tips": {"count": 0}, "contact": {"twitter": "muhdbenjakin", "facebook": "640218555"}, "firstName": "Benjakin", "gender": "male", "lastName": "Mustajab", "id": "3261539", "bio": "", "photo": {"prefix": "https://igx.4sqi.net/img/user/", "suffix": "/EPE2JBPHN4GNE5EU.jpg"}, "homeCity": "Singapore", "lists": {"groups": [{"items": [], "count": 2, "type": "created"}]}}, {"tips": {"count": 0}, "contact": {"facebook": "1010015294"}, "firstName": "Zaid", "gender": "male", "lastName": "Harithsah", "id": "9459401", "bio": "", "photo": {"prefix": "https://igx.4sqi.net/img/user/", "suffix": "/blank_boy.png", "default": true}, "homeCity": "Singapore", "lists": {"groups": [{"items": [], "count": 2, "type": "created"}]}}, {"tips": {"count": 0}, "contact": {}, "firstName": "Roy", "gender": "male", "lastName": "Nelson", "id": "6190706", "bio": "", "photo": {"prefix": "https://igx.4sqi.net/img/user/", "suffix": "/blank_boy.png", "default": true}, "homeCity": "Singapore", "lists": {"groups": [{"items": [], "count": 2, "type": "created"}]}}, {"tips": {"count": 0}, "contact": {"facebook": "567059387"}, "firstName": "Howard", "gender": "male", "lastName": "Lee", "id": "6774618", "bio": "", "photo": {"prefix": "https://igx.4sqi.net/img/user/", "suffix": "/KSJ4ZXJLIBZ1WJRR.jpg"}, "homeCity": "Johor Bahru, Malaysia", "lists": {"groups": [{"items": [], "count": 2, "type": "created"}]}}, {"tips": {"count": 0}, "contact": {"facebook": "100001685090595"}, "firstName": "Chow", "gender": "female", "lastName": "Jennifer", "id": "7727125", "bio": "", "photo": {"prefix": "https://igx.4sqi.net/img/user/", "suffix": "/WM2K0PTVWXUKXFTV.jpg"}, "homeCity": "Singapore", "lists": {"groups": [{"items": [], "count": 2, "type": "created"}]}}, {"tips": {"count": 0}, "contact": {"facebook": "100000031533651"}, "firstName": "Nur", "gender": "female", "lastName": "Shaheerah", "id": "12920335", "bio": "", "photo": {"prefix": "https://igx.4sqi.net/img/user/", "suffix": "/ETFKUWVUYADN2ISO.jpg"}, "homeCity": "singapore", "lists": {"groups": [{"items": [], "count": 3, "type": "created"}]}}, {"tips": {"count": 2}, "contact": {"twitter": "minlicous", "facebook": "660080106"}, "firstName": "CHUA", "gender": "female", "lastName": "JASMIN", "id": "5733518", "bio": "", "photo": {"prefix": "https://igx.4sqi.net/img/user/", "suffix": "/H1D0YQ55UILA13ZJ.jpg"}, "homeCity": "Singapore", "lists": {"groups": [{"items": [], "count": 2, "type": "created"}]}}, {"tips": {"count": 0}, "contact": {"facebook": "1525680185"}, "firstName": "Azli", "gender": "male", "lastName": "Ahmad", "id": "4532939", "bio": "", "photo": {"prefix": "https://igx.4sqi.net/img/user/", "suffix": "/HHYWE02TMRDRGD4L.jpg"}, "homeCity": "Singapore", "lists": {"groups": [{"items": [], "count": 2, "type": "created"}]}}, {"tips": {"count": 0}, "contact": {"twitter": "hatyuzi"}, "firstName": "Nurul", "gender": "female", "lastName": "Hatiqah", "id": "5172124", "bio": "", "photo": {"prefix": "https://igx.4sqi.net/img/user/", "suffix": "/SKSO00BPZKP4GOGJ.jpg"}, "homeCity": "Singapore", "lists": {"groups": [{"items": [], "count": 2, "type": "created"}]}}, {"tips": {"count": 1}, "contact": {"twitter": "xephyre", "facebook": "1483500481"}, "firstName": "Imran", "gender": "male", "lastName": "Ahmad Rasi", "id": "2890571", "bio": "", "photo": {"prefix": "https://igx.4sqi.net/img/user/", "suffix": "/TYYEUBUTPL3PLPAG.jpg"}, "homeCity": "Singapore", "lists": {"groups": [{"items": [], "count": 2, "type": "created"}]}}, {"tips": {"count": 1}, "contact": {"facebook": "674206691"}, "firstName": "Shaunie", "gender": "male", "lastName": "Chan", "id": "1738911", "bio": "", "photo": {"prefix": "https://igx.4sqi.net/img/user/", "suffix": "/blank_boy.png", "default": true}, "homeCity": "Singapore", "lists": {"groups": [{"items": [], "count": 2, "type": "created"}]}}, {"tips": {"count": 0}, "contact": {"twitter": "edsastera", "facebook": "605689611"}, "firstName": "edsastera", "gender": "female", "lastName": "tan", "id": "4715966", "bio": "", "photo": {"prefix": "https://igx.4sqi.net/img/user/", "suffix": "/H4UOP3B5UVFCY5Y5.jpg"}, "homeCity": "Singapore", "lists": {"groups": [{"items": [], "count": 2, "type": "created"}]}}, {"tips": {"count": 0}, "contact": {}, "firstName": "Nur Khairunnadirah", "gender": "female", "lastName": "Azhar", "id": "1627326", "bio": "", "photo": {"prefix": "https://igx.4sqi.net/img/user/", "suffix": "/1627326-XRCXFRGX300WY3TT.jpg"}, "homeCity": "Singapore", "lists": {"groups": [{"items": [], "count": 2, "type": "created"}]}}, {"tips": {"count": 0}, "contact": {"facebook": "524372855"}, "firstName": "Naufal", "gender": "male", "lastName": "Hakim Aman", "id": "4043649", "bio": "", "photo": {"prefix": "https://igx.4sqi.net/img/user/", "suffix": "/ETBEKPLSCHWK03J2.jpg"}, "homeCity": "Singapore", "lists": {"groups": [{"items": [], "count": 2, "type": "created"}]}}, {"tips": {"count": 4}, "contact": {"twitter": "agneslovesonlyu", "facebook": "542119157"}, "firstName": "Agnes", "gender": "female", "lastName": "Aimi\u2665", "id": "9496833", "bio": "Loves blogging shopping travelling and watching drams and movies \u2665\r\n http://agnesaimi.blogspot.com\r\nformspring.me/AgnesAimi\r\nTwitter: @munchycupcake", "photo": {"prefix": "https://igx.4sqi.net/img/user/", "suffix": "/YCGBFNTLVU0X32UI.jpg"}, "homeCity": "Singapore", "lists": {"groups": [{"items": [], "count": 2, "type": "created"}]}}, {"tips": {"count": 0}, "contact": {}, "firstName": "Missy", "gender": "female", "lastName": "Nut", "id": "6281526", "bio": "", "photo": {"prefix": "https://igx.4sqi.net/img/user/", "suffix": "/UZE1LK42JRMQJSH1.jpg"}, "homeCity": "New York, NY", "lists": {"groups": [{"items": [], "count": 2, "type": "created"}]}}, {"tips": {"count": 0}, "contact": {"facebook": "1216675347"}, "firstName": "Rafi'", "gender": "male", "lastName": "Saputra", "id": "7354891", "bio": "", "photo": {"prefix": "https://igx.4sqi.net/img/user/", "suffix": "/RKAOYLR3HCHPMF2I.jpg"}, "homeCity": "Singapore", "lists": {"groups": [{"items": [], "count": 2, "type": "created"}]}}, {"tips": {"count": 0}, "contact": {"twitter": "lenaismail"}, "firstName": "Elena", "gender": "female", "lastName": "Ismail", "id": "7733680", "bio": "", "photo": {"prefix": "https://igx.4sqi.net/img/user/", "suffix": "/HJJNL4M2FI5UMSY2.jpg"}, "homeCity": "Singapore", "lists": {"groups": [{"items": [], "count": 2, "type": "created"}]}}, {"tips": {"count": 110}, "contact": {}, "firstName": "Fuad", "gender": "male", "lastName": "Huat", "id": "5888350", "bio": "", "photo": {"prefix": "https://igx.4sqi.net/img/user/", "suffix": "/5888350-N4J5ZR3P1WQQC3G2.jpg"}, "homeCity": "Singapore", "lists": {"groups": [{"items": [], "count": 5, "type": "created"}]}}, {"tips": {"count": 0}, "contact": {"facebook": "719543461"}, "firstName": "Joel", "gender": "male", "lastName": "Lim", "id": "4538641", "bio": "", "photo": {"prefix": "https://igx.4sqi.net/img/user/", "suffix": "/blank_boy.png", "default": true}, "homeCity": "Singapore", "lists": {"groups": [{"items": [], "count": 2, "type": "created"}]}}, {"tips": {"count": 1}, "contact": {"facebook": "773373980"}, "firstName": "Faris", "gender": "male", "lastName": "Ibanez", "id": "5378436", "bio": "", "photo": {"prefix": "https://igx.4sqi.net/img/user/", "suffix": "/C4RXX0Z4XNF2BCSN.jpg"}, "homeCity": "Singapore", "lists": {"groups": [{"items": [], "count": 2, "type": "created"}]}}, {"tips": {"count": 1}, "contact": {"facebook": "757439802"}, "firstName": "Zameer", "gender": "male", "lastName": "Shah", "id": "3755335", "bio": "", "photo": {"prefix": "https://igx.4sqi.net/img/user/", "suffix": "/VXTEBNALV0N1ST3J.jpg"}, "homeCity": "Singapore", "lists": {"groups": [{"items": [], "count": 2, "type": "created"}]}}, {"tips": {"count": 1}, "contact": {"facebook": "684822874"}, "firstName": "Iskandar", "gender": "male", "lastName": "Hasif", "id": "3459207", "bio": "", "photo": {"prefix": "https://igx.4sqi.net/img/user/", "suffix": "/CK2BZNUFFBYU1RJV.jpg"}, "homeCity": "Singapore", "lists": {"groups": [{"items": [], "count": 2, "type": "created"}]}}, {"tips": {"count": 0}, "contact": {"twitter": "hanizzzoolala"}, "firstName": "Haniz", "gender": "female", "lastName": "Ella", "id": "5059391", "bio": "", "photo": {"prefix": "https://igx.4sqi.net/img/user/", "suffix": "/blank_girl.png", "default": true}, "homeCity": "Singapore", "lists": {"groups": [{"items": [], "count": 2, "type": "created"}]}}, {"tips": {"count": 5}, "contact": {"twitter": "amincartun"}, "firstName": "Amin", "gender": "male", "lastName": "Cartun", "id": "1659443", "bio": "", "photo": {"prefix": "https://igx.4sqi.net/img/user/", "suffix": "/N20CFCV441DGBKWQ.jpg"}, "homeCity": "Singapore", "lists": {"groups": [{"items": [], "count": 2, "type": "created"}]}}, {"tips": {"count": 1}, "contact": {"facebook": "716234357"}, "firstName": "Namialus", "gender": "male", "lastName": "Damha", "id": "4142425", "bio": "", "photo": {"prefix": "https://igx.4sqi.net/img/user/", "suffix": "/I0LEL4GSQNYX51SK.jpg"}, "homeCity": "Singapore", "lists": {"groups": [{"items": [], "count": 2, "type": "created"}]}}, {"tips": {"count": 0}, "contact": {"facebook": "1803736290"}, "firstName": "Celia", "gender": "female", "lastName": "Tan", "id": "11329136", "bio": "", "photo": {"prefix": "https://igx.4sqi.net/img/user/", "suffix": "/ULAALABAIIUBHJNQ.jpg"}, "homeCity": "Singapore", "lists": {"groups": [{"items": [], "count": 2, "type": "created"}]}}, {"tips": {"count": 1}, "contact": {"twitter": "hanchengtan", "facebook": "717948731"}, "firstName": "Han Cheng", "gender": "male", "lastName": "Tan", "id": "6881957", "bio": "", "photo": {"prefix": "https://igx.4sqi.net/img/user/", "suffix": "/IZAAC30TLHH2BS3E.jpg"}, "homeCity": "Singapore", "lists": {"groups": [{"items": [], "count": 2, "type": "created"}]}}, {"tips": {"count": 0}, "contact": {"facebook": "572339913"}, "firstName": "Zaiton", "gender": "female", "lastName": "Salleh", "id": "8393019", "bio": "", "photo": {"prefix": "https://igx.4sqi.net/img/user/", "suffix": "/blank_girl.png", "default": true}, "homeCity": "Singapore", "lists": {"groups": [{"items": [], "count": 2, "type": "created"}]}}, {"tips": {"count": 0}, "contact": {"twitter": "esyaaudrey", "facebook": "1204101736"}, "firstName": "Esya", "gender": "female", "lastName": "Audrey", "id": "12077194", "bio": "", "photo": {"prefix": "https://igx.4sqi.net/img/user/", "suffix": "/12077194-3TT2YHSBU2BQFQLP.jpg"}, "homeCity": "Singapore", "lists": {"groups": [{"items": [], "count": 2, "type": "created"}]}}, {"tips": {"count": 0}, "contact": {"twitter": "sakinananahh", "facebook": "637473238"}, "firstName": "Sakinah", "gender": "female", "lastName": "Hashim", "id": "7477018", "bio": "", "photo": {"prefix": "https://igx.4sqi.net/img/user/", "suffix": "/I1EEDZCAULR01VL0.jpg"}, "homeCity": "Singapore", "lists": {"groups": [{"items": [], "count": 2, "type": "created"}]}}, {"tips": {"count": 0}, "contact": {}, "firstName": "sherman", "gender": "male", "lastName": "Chua", "id": "4910824", "bio": "", "photo": {"prefix": "https://igx.4sqi.net/img/user/", "suffix": "/blank_boy.png", "default": true}, "homeCity": "Singapore", "lists": {"groups": [{"items": [], "count": 2, "type": "created"}]}}, {"tips": {"count": 0}, "contact": {"twitter": "ayimsmurf", "facebook": "686783458"}, "firstName": "Abdul", "gender": "male", "lastName": "Qarim", "id": "3839426", "bio": "", "photo": {"prefix": "https://igx.4sqi.net/img/user/", "suffix": "/KY0HME304CTMDWNE.jpg"}, "homeCity": "Singapore", "lists": {"groups": [{"items": [], "count": 2, "type": "created"}]}}, {"tips": {"count": 1}, "contact": {"facebook": "776644001"}, "firstName": "cheekiat", "gender": "male", "lastName": "soh", "id": "4096790", "bio": "", "photo": {"prefix": "https://igx.4sqi.net/img/user/", "suffix": "/0ILMZWAWEU11TNSC.jpg"}, "homeCity": "Singapore", "lists": {"groups": [{"items": [], "count": 2, "type": "created"}]}}, {"tips": {"count": 0}, "contact": {}, "firstName": "Ilyas", "gender": "male", "lastName": "Sujak Bakir", "id": "5420291", "bio": "", "photo": {"prefix": "https://igx.4sqi.net/img/user/", "suffix": "/blank_boy.png", "default": true}, "homeCity": "Singapore", "lists": {"groups": [{"items": [], "count": 2, "type": "created"}]}}, {"tips": {"count": 0}, "contact": {"twitter": "kailikaili", "facebook": "1449669982"}, "firstName": "Kai", "gender": "female", "lastName": "Li", "id": "2033459", "bio": "", "photo": {"prefix": "https://igx.4sqi.net/img/user/", "suffix": "/ECABSYYBP4OSE1O0.jpg"}, "homeCity": "Singapore", "lists": {"groups": [{"items": [], "count": 2, "type": "created"}]}}, {"tips": {"count": 0}, "contact": {}, "firstName": "Jeffrey", "gender": "male", "lastName": "Loek", "id": "4441188", "bio": "", "photo": {"prefix": "https://igx.4sqi.net/img/user/", "suffix": "/BO520YBTJ3SHEWC1.jpg"}, "homeCity": "Singapore", "lists": {"groups": [{"items": [], "count": 2, "type": "created"}]}}, {"tips": {"count": 0}, "contact": {"facebook": "100001695447571"}, "firstName": "Fariz", "gender": "male", "lastName": "Mohd Feroz", "id": "11583128", "bio": "", "photo": {"prefix": "https://igx.4sqi.net/img/user/", "suffix": "/VIOUTZSC45IHWBHY.jpg"}, "homeCity": "Singapore", "lists": {"groups": [{"items": [], "count": 2, "type": "created"}]}}, {"tips": {"count": 0}, "contact": {}, "firstName": "Splide", "gender": "male", "lastName": "Dino", "id": "8582679", "bio": "", "photo": {"prefix": "https://igx.4sqi.net/img/user/", "suffix": "/blank_boy.png", "default": true}, "homeCity": "Singapore", "lists": {"groups": [{"items": [], "count": 2, "type": "created"}]}}, {"tips": {"count": 0}, "contact": {"twitter": "ehcheppp"}, "firstName": "shaieful", "gender": "male", "lastName": "azan", "id": "9799473", "bio": "", "photo": {"prefix": "https://igx.4sqi.net/img/user/", "suffix": "/ELWGUYNBKGDPJJQV.jpg"}, "homeCity": "Singapore", "lists": {"groups": [{"items": [], "count": 2, "type": "created"}]}}, {"tips": {"count": 0}, "contact": {"facebook": "1094710115"}, "firstName": "Amirul", "gender": "male", "lastName": "Mukmin", "id": "12135452", "bio": "", "photo": {"prefix": "https://igx.4sqi.net/img/user/", "suffix": "/O2MKJEAQRNHL2XIC.jpg"}, "homeCity": "Singapore", "lists": {"groups": [{"items": [], "count": 2, "type": "created"}]}}, {"tips": {"count": 0}, "contact": {"facebook": "538122007"}, "firstName": "Weiquan", "gender": "male", "lastName": "Chow", "id": "8158065", "bio": "", "photo": {"prefix": "https://igx.4sqi.net/img/user/", "suffix": "/JFZVAGQNQB3FGGTR.jpg"}, "homeCity": "Singapore", "lists": {"groups": [{"items": [], "count": 2, "type": "created"}]}}, {"tips": {"count": 0}, "contact": {"twitter": "nadtgyea", "facebook": "100002774181001"}, "firstName": "Nadiah", "gender": "female", "lastName": "F A", "id": "4976049", "bio": "", "photo": {"prefix": "https://igx.4sqi.net/img/user/", "suffix": "/IFN1NTBLT3UDJ3JU.jpg"}, "homeCity": "Singapore", "lists": {"groups": [{"items": [], "count": 2, "type": "created"}]}}, {"tips": {"count": 0}, "contact": {"facebook": "620754856"}, "firstName": "Joel", "gender": "male", "lastName": "Lim", "id": "3936523", "bio": "", "photo": {"prefix": "https://igx.4sqi.net/img/user/", "suffix": "/PDPDPC1FIKYRN13P.jpg"}, "homeCity": "Singapore", "lists": {"groups": [{"items": [], "count": 2, "type": "created"}]}}, {"tips": {"count": 0}, "contact": {"twitter": "hilmiwikit", "facebook": "684071748"}, "firstName": "Hilmi", "gender": "male", "lastName": "WikitWikit", "id": "5039910", "bio": "", "photo": {"prefix": "https://igx.4sqi.net/img/user/", "suffix": "/FDJHQBBPAROF4C5B.jpg"}, "homeCity": "Singapore", "lists": {"groups": [{"items": [], "count": 2, "type": "created"}]}}, {"tips": {"count": 0}, "contact": {"facebook": "1056239681"}, "firstName": "June", "gender": "female", "lastName": "ChubbyWabby", "id": "5428488", "bio": "", "photo": {"prefix": "https://igx.4sqi.net/img/user/", "suffix": "/44J5NCUWLW1B22U1.jpg"}, "homeCity": "Singapore", "lists": {"groups": [{"items": [], "count": 2, "type": "created"}]}}, {"tips": {"count": 2}, "contact": {"twitter": "afiyy", "facebook": "681561031"}, "firstName": "Afiyy", "gender": "male", "lastName": "Afiyy", "id": "3087298", "bio": "", "photo": {"prefix": "https://igx.4sqi.net/img/user/", "suffix": "/3087298-UPLU3CJYOU1KFBUH.jpg"}, "homeCity": "Singapore", "lists": {"groups": [{"items": [], "count": 2, "type": "created"}]}}, {"tips": {"count": 0}, "contact": {}, "firstName": "Raden", "gender": "female", "lastName": "Adrien", "id": "4754683", "bio": "", "photo": {"prefix": "https://igx.4sqi.net/img/user/", "suffix": "/0UG5H2RJDWC0KV3Q.jpg"}, "homeCity": "Singapore", "lists": {"groups": [{"items": [], "count": 2, "type": "created"}]}}, {"tips": {"count": 0}, "contact": {"facebook": "1463445810"}, "firstName": "Nurianni", "gender": "female", "lastName": "Gomazz", "id": "12377310", "bio": "", "photo": {"prefix": "https://igx.4sqi.net/img/user/", "suffix": "/GCQMAI0LS1IEVA52.jpg"}, "homeCity": "Unnamed Location", "lists": {"groups": [{"items": [], "count": 2, "type": "created"}]}}, {"tips": {"count": 0}, "contact": {"facebook": "715668224"}, "firstName": "Jonathan", "gender": "male", "lastName": "Huang", "id": "11396456", "bio": "", "photo": {"prefix": "https://igx.4sqi.net/img/user/", "suffix": "/OW2QYRUPJZZQ1V2A.jpg"}, "homeCity": "Singapore", "lists": {"groups": [{"items": [], "count": 2, "type": "created"}]}}, {"tips": {"count": 0}, "contact": {"facebook": "658075826"}, "firstName": "Zoey", "gender": "female", "lastName": "Redbird", "id": "9289218", "bio": "", "photo": {"prefix": "https://igx.4sqi.net/img/user/", "suffix": "/SKH4Q0KZOZEJXSO0.jpg"}, "homeCity": "Singapore", "lists": {"groups": [{"items": [], "count": 2, "type": "created"}]}}, {"tips": {"count": 0}, "contact": {}, "firstName": "Huiyi", "gender": "female", "lastName": "Soh", "id": "5016529", "bio": "", "photo": {"prefix": "https://igx.4sqi.net/img/user/", "suffix": "/51H1FMIU43ABQOTC.jpg"}, "homeCity": "Singapore", "lists": {"groups": [{"items": [], "count": 2, "type": "created"}]}}, {"tips": {"count": 0}, "contact": {"twitter": "saeight", "facebook": "678536295"}, "firstName": "Saeight", "gender": "male", "lastName": "Rahman", "id": "3938075", "bio": "", "photo": {"prefix": "https://igx.4sqi.net/img/user/", "suffix": "/Z4TI4WJ1FVAWCCGE.jpg"}, "homeCity": "Singapore", "lists": {"groups": [{"items": [], "count": 2, "type": "created"}]}}, {"tips": {"count": 1}, "contact": {"twitter": "namakufir"}, "firstName": "Muhd", "gender": "male", "lastName": "Firdaus", "id": "5406316", "bio": "", "photo": {"prefix": "https://igx.4sqi.net/img/user/", "suffix": "/4DLLRZHEWMTXBDGV.jpg"}, "homeCity": "Singapore", "lists": {"groups": [{"items": [], "count": 2, "type": "created"}]}}, {"tips": {"count": 1}, "contact": {"twitter": "zaac_liu"}, "firstName": "Zaac", "gender": "male", "lastName": "L.", "id": "3140844", "bio": "", "photo": {"prefix": "https://igx.4sqi.net/img/user/", "suffix": "/ZJHIFC1FRJMYVSSG.jpg"}, "homeCity": "Singapore", "lists": {"groups": [{"items": [], "count": 2, "type": "created"}]}}, {"tips": {"count": 1}, "contact": {"facebook": "775719774"}, "firstName": "Mohamad", "gender": "male", "lastName": "Aidil", "id": "4761810", "bio": "", "photo": {"prefix": "https://igx.4sqi.net/img/user/", "suffix": "/LCZTANVHODAEJMQJ.jpg"}, "homeCity": "Singapore", "lists": {"groups": [{"items": [], "count": 2, "type": "created"}]}}, {"tips": {"count": 0}, "contact": {"facebook": "1444883670"}, "firstName": "Florence", "gender": "female", "lastName": "Ang", "id": "12512540", "bio": "", "photo": {"prefix": "https://igx.4sqi.net/img/user/", "suffix": "/JN3KAUIEAMJS53M0.jpg"}, "homeCity": "Singapore", "lists": {"groups": [{"items": [], "count": 2, "type": "created"}]}}, {"tips": {"count": 0}, "contact": {"twitter": "alwayshungryde", "facebook": "1746901467"}, "firstName": "Clarence", "gender": "male", "lastName": "Chin", "id": "11663016", "bio": "", "photo": {"prefix": "https://igx.4sqi.net/img/user/", "suffix": "/NPSWPYF5JQPTY151.jpg"}, "homeCity": "Singapore", "lists": {"groups": [{"items": [], "count": 2, "type": "created"}]}}, {"tips": {"count": 0}, "contact": {"facebook": "740564369"}, "firstName": "Abubakar", "gender": "male", "lastName": "Alsree", "id": "10012686", "bio": "", "photo": {"prefix": "https://igx.4sqi.net/img/user/", "suffix": "/blank_boy.png", "default": true}, "homeCity": "Singapore", "lists": {"groups": [{"items": [], "count": 2, "type": "created"}]}}, {"tips": {"count": 0}, "contact": {"facebook": "1498921141"}, "firstName": "Khairul", "gender": "male", "lastName": "Samsuri", "id": "5317338", "bio": "", "photo": {"prefix": "https://igx.4sqi.net/img/user/", "suffix": "/RDZINKXPFCCFK5KA.jpg"}, "homeCity": "Singapore", "lists": {"groups": [{"items": [], "count": 2, "type": "created"}]}}, {"tips": {"count": 0}, "contact": {}, "firstName": "Rainey", "gender": "male", "lastName": "Muhammad", "id": "4060249", "bio": "", "photo": {"prefix": "https://igx.4sqi.net/img/user/", "suffix": "/YAOF5VLMETGN2P1R.jpg"}, "homeCity": "Singapore", "lists": {"groups": [{"items": [], "count": 2, "type": "created"}]}}, {"tips": {"count": 0}, "contact": {"twitter": "jingyin_lovee"}, "firstName": "Jy", "gender": "female", "lastName": "Toh", "id": "5933868", "bio": "", "photo": {"prefix": "https://igx.4sqi.net/img/user/", "suffix": "/AK3SFWP5YGKNRWZY.jpg"}, "homeCity": "Singapore", "lists": {"groups": [{"items": [], "count": 2, "type": "created"}]}}, {"tips": {"count": 3}, "contact": {"facebook": "721732401"}, "firstName": "Winston", "gender": "male", "lastName": "Aw", "id": "3253549", "bio": "", "photo": {"prefix": "https://igx.4sqi.net/img/user/", "suffix": "/02OVIJXOEU12PHJT.jpg"}, "homeCity": "Singapore", "lists": {"groups": [{"items": [], "count": 2, "type": "created"}]}}, {"tips": {"count": 0}, "contact": {"facebook": "685967982"}, "firstName": "Darren", "gender": "male", "lastName": "Ang", "id": "5295745", "bio": "", "photo": {"prefix": "https://igx.4sqi.net/img/user/", "suffix": "/43QP1T0FQE5FY3US.jpg"}, "homeCity": "Singapore", "lists": {"groups": [{"items": [], "count": 2, "type": "created"}]}}, {"tips": {"count": 0}, "contact": {"facebook": "565771420"}, "firstName": "Sharul", "gender": "male", "lastName": "Nizam", "id": "12773802", "bio": "", "photo": {"prefix": "https://igx.4sqi.net/img/user/", "suffix": "/NAFNBCQAL2ABZQTI.jpg"}, "homeCity": "Singapore", "lists": {"groups": [{"items": [], "count": 2, "type": "created"}]}}, {"tips": {"count": 0}, "contact": {"facebook": "677711704"}, "firstName": "Lynnette", "gender": "female", "lastName": "Tan Yip Ping", "id": "14633339", "bio": "", "photo": {"prefix": "https://igx.4sqi.net/img/user/", "suffix": "/blank_girl.png", "default": true}, "homeCity": "New York, NY", "lists": {"groups": [{"items": [], "count": 2, "type": "created"}]}}, {"tips": {"count": 0}, "contact": {"facebook": "100000476480895"}, "firstName": "CityMusic", "gender": "none", "lastName": "Singapore", "id": "13173738", "bio": "", "photo": {"prefix": "https://igx.4sqi.net/img/user/", "suffix": "/H2STBP34ZSPJCBSY.jpg"}, "homeCity": "Singapore", "lists": {"groups": [{"items": [], "count": 2, "type": "created"}]}}, {"tips": {"count": 0}, "contact": {"facebook": "774118509"}, "firstName": "Bryan", "gender": "male", "lastName": "Khoo", "id": "5324494", "bio": "", "photo": {"prefix": "https://igx.4sqi.net/img/user/", "suffix": "/5324494-Z2OOT2LUUUI0B5OF.jpg"}, "homeCity": "Singapore", "lists": {"groups": [{"items": [], "count": 2, "type": "created"}]}}, {"tips": {"count": 0}, "contact": {"twitter": "ndayahh"}, "firstName": "N'dayah Villa", "gender": "female", "id": "4510448", "bio": "", "photo": {"prefix": "https://igx.4sqi.net/img/user/", "suffix": "/AOUAUJPWYYQNBZ0E.jpg"}, "homeCity": "Singapore", "lists": {"groups": [{"items": [], "count": 2, "type": "created"}]}}, {"tips": {"count": 2}, "contact": {}, "firstName": "Fariz", "gender": "male", "lastName": "Feroz", "id": "5936977", "bio": "", "photo": {"prefix": "https://igx.4sqi.net/img/user/", "suffix": "/SAZ0FLQJHXERRCUP.jpg"}, "homeCity": "Singapore", "lists": {"groups": [{"items": [], "count": 2, "type": "created"}]}}, {"tips": {"count": 0}, "contact": {"facebook": "611684036"}, "firstName": "Wendy", "gender": "female", "id": "3415763", "bio": "", "photo": {"prefix": "https://igx.4sqi.net/img/user/", "suffix": "/GBJKHBSUC2Y3FGOD.jpg"}, "homeCity": "Singapore", "lists": {"groups": [{"items": [], "count": 2, "type": "created"}]}}, {"tips": {"count": 1}, "contact": {"facebook": "10153614800370589"}, "firstName": "kinah", "gender": "female", "lastName": "Shorty", "id": "5309690", "bio": "", "photo": {"prefix": "https://igx.4sqi.net/img/user/", "suffix": "/NLZGFSIPTUBTGLC1.jpg"}, "homeCity": "Singapore", "lists": {"groups": [{"items": [], "count": 2, "type": "created"}]}}, {"tips": {"count": 0}, "contact": {"facebook": "1621606985"}, "firstName": "Dulz", "gender": "male", "lastName": "Khan", "id": "12801910", "bio": "", "photo": {"prefix": "https://igx.4sqi.net/img/user/", "suffix": "/AEZOS5A20CXBFJSR.jpg"}, "homeCity": "NY", "lists": {"groups": [{"items": [], "count": 2, "type": "created"}]}}, {"tips": {"count": 0}, "contact": {}, "firstName": "Baby", "gender": "female", "lastName": "Beary", "id": "13505104", "bio": "", "photo": {"prefix": "https://igx.4sqi.net/img/user/", "suffix": "/blank_girl.png", "default": true}, "homeCity": "Singapore", "lists": {"groups": [{"items": [], "count": 2, "type": "created"}]}}, {"tips": {"count": 1}, "contact": {"facebook": "633246457"}, "firstName": "sufiyan", "gender": "male", "lastName": "shah", "id": "7337193", "bio": "", "photo": {"prefix": "https://igx.4sqi.net/img/user/", "suffix": "/D3FBAG5YS0MLQNDD.jpg"}, "homeCity": "Singapore", "lists": {"groups": [{"items": [], "count": 2, "type": "created"}]}}, {"tips": {"count": 2}, "contact": {"facebook": "100000087936387"}, "firstName": "Nazree", "gender": "male", "id": "5091394", "bio": "", "photo": {"prefix": "https://igx.4sqi.net/img/user/", "suffix": "/ZMFOPRLAKRXJ1ISR.jpg"}, "homeCity": "Singapore", "lists": {"groups": [{"items": [], "count": 2, "type": "created"}]}}, {"tips": {"count": 9}, "contact": {"twitter": "jerahmeelzackyc"}, "firstName": "Jerahmeel", "gender": "male", "lastName": "Zacky", "id": "6592212", "bio": "", "photo": {"prefix": "https://igx.4sqi.net/img/user/", "suffix": "/1MNZUXJI45KGPNXU.jpg"}, "homeCity": "Singapore", "lists": {"groups": [{"items": [], "count": 4, "type": "created"}]}}, {"tips": {"count": 3}, "contact": {"twitter": "ninalevitt", "facebook": "834902559"}, "firstName": "Nina", "gender": "none", "lastName": "Ricci", "id": "4000386", "bio": "", "photo": {"prefix": "https://igx.4sqi.net/img/user/", "suffix": "/WY5JZ5WFD3VEH4SM.jpg"}, "homeCity": "Singapore", "lists": {"groups": [{"items": [], "count": 2, "type": "created"}]}}, {"tips": {"count": 0}, "contact": {"facebook": "648632980"}, "firstName": "Aniz", "gender": "female", "lastName": "Senin", "id": "5524148", "bio": "", "photo": {"prefix": "https://igx.4sqi.net/img/user/", "suffix": "/XP5RRYLH20VJD1BK.jpg"}, "homeCity": "Singapore", "lists": {"groups": [{"items": [], "count": 2, "type": "created"}]}}, {"tips": {"count": 0}, "contact": {}, "firstName": "Muhd", "gender": "male", "lastName": "Khairul", "id": "7889607", "bio": "", "photo": {"prefix": "https://igx.4sqi.net/img/user/", "suffix": "/blank_boy.png", "default": true}, "homeCity": "Singapore", "lists": {"groups": [{"items": [], "count": 2, "type": "created"}]}}, {"tips": {"count": 0}, "contact": {"twitter": "jordanlfy", "facebook": "718959687"}, "firstName": "Jordan", "gender": "male", "lastName": "LFY", "id": "5859633", "bio": "", "photo": {"prefix": "https://igx.4sqi.net/img/user/", "suffix": "/5859633_16IOX7xX_8sY4UAO1F44LcOvk-aRRkUNoFXTQJKwO3nz8o_y2DK0KRSQj4naeMlG8Lv4bcPvW.jpg"}, "homeCity": "Singapore", "lists": {"groups": [{"items": [], "count": 2, "type": "created"}]}}, {"tips": {"count": 0}, "contact": {}, "firstName": "Zainab", "gender": "female", "lastName": "Banu", "id": "6599248", "bio": "", "photo": {"prefix": "https://igx.4sqi.net/img/user/", "suffix": "/blank_girl.png", "default": true}, "homeCity": "New York, NY", "lists": {"groups": [{"items": [], "count": 2, "type": "created"}]}}, {"tips": {"count": 0}, "contact": {"twitter": "farzzzlah"}, "firstName": "Fazilah", "gender": "female", "lastName": "Khalid", "id": "4076178", "bio": "", "photo": {"prefix": "https://igx.4sqi.net/img/user/", "suffix": "/4076178-RU50GSEU4OLUTBO3.jpg"}, "homeCity": "Singapore", "lists": {"groups": [{"items": [], "count": 2, "type": "created"}]}}, {"tips": {"count": 2}, "contact": {"facebook": "693465278"}, "firstName": "Ardy", "gender": "male", "lastName": "SomeMudd", "id": "5531806", "bio": "", "photo": {"prefix": "https://igx.4sqi.net/img/user/", "suffix": "/UZF0XLBL2BBRHJOC.jpg"}, "homeCity": "Singapore", "lists": {"groups": [{"items": [], "count": 2, "type": "created"}]}}, {"tips": {"count": 0}, "contact": {"facebook": "596238169"}, "firstName": "Petrina", "gender": "female", "lastName": "Ann", "id": "9038232", "bio": "", "photo": {"prefix": "https://igx.4sqi.net/img/user/", "suffix": "/WFGWBDNLY55AUW0B.jpg"}, "homeCity": "Singapore", "lists": {"groups": [{"items": [], "count": 2, "type": "created"}]}}, {"tips": {"count": 0}, "contact": {}, "firstName": "Kraziie", "gender": "male", "lastName": "Fahmi", "id": "7383450", "bio": "", "photo": {"prefix": "https://igx.4sqi.net/img/user/", "suffix": "/5OVOI3J0OCYRTEBX.jpg"}, "homeCity": "Singapore,SG", "lists": {"groups": [{"items": [], "count": 2, "type": "created"}]}}, {"tips": {"count": 1}, "contact": {"facebook": "100000038563768"}, "firstName": "Shaieful", "gender": "male", "lastName": "Alesana", "id": "14045626", "bio": "", "photo": {"prefix": "https://igx.4sqi.net/img/user/", "suffix": "/0FERKCSJ40LS4WK4.jpg"}, "homeCity": "Singapore", "lists": {"groups": [{"items": [], "count": 2, "type": "created"}]}}, {"tips": {"count": 1}, "contact": {"facebook": "678409833"}, "firstName": "Nur", "gender": "female", "lastName": "Nina", "id": "4113928", "bio": "", "photo": {"prefix": "https://igx.4sqi.net/img/user/", "suffix": "/1CCUEP5WFNGCHFHP.jpg"}, "homeCity": "Singapore", "lists": {"groups": [{"items": [], "count": 2, "type": "created"}]}}, {"tips": {"count": 0}, "contact": {"twitter": "akinalah", "facebook": "772043142"}, "firstName": "Baka Hime", "gender": "female", "lastName": "Nana", "id": "5771560", "bio": "", "photo": {"prefix": "https://igx.4sqi.net/img/user/", "suffix": "/5EXUF2HA5ZZKW043.jpg"}, "homeCity": "Singapore", "lists": {"groups": [{"items": [], "count": 2, "type": "created"}]}}, {"tips": {"count": 0}, "contact": {}, "firstName": "Rifdi", "gender": "male", "lastName": "Jaffar", "id": "9770230", "bio": "", "photo": {"prefix": "https://igx.4sqi.net/img/user/", "suffix": "/Y4VI4RTR1ZYW3ZKE.jpg"}, "homeCity": "New York, NY", "lists": {"groups": [{"items": [], "count": 2, "type": "created"}]}}, {"tips": {"count": 1}, "contact": {"twitter": "afiqgeek", "facebook": "835654919"}, "firstName": "Muhd Afiq", "gender": "male", "lastName": "Sonny", "id": "4119397", "bio": "The local Bruno Mars.", "photo": {"prefix": "https://igx.4sqi.net/img/user/", "suffix": "/WBAPB25X4YM0Z03S.jpg"}, "homeCity": "Singapore", "lists": {"groups": [{"items": [], "count": 2, "type": "created"}]}}, {"tips": {"count": 1}, "contact": {"twitter": "tianli_", "facebook": "100000298133941"}, "firstName": "Shaun", "gender": "male", "lastName": "Lau", "id": "5988401", "bio": "", "photo": {"prefix": "https://igx.4sqi.net/img/user/", "suffix": "/WZ1BQQT5YUJMYBH2.jpg"}, "homeCity": "Singapore", "lists": {"groups": [{"items": [], "count": 3, "type": "created"}]}}, {"tips": {"count": 1}, "contact": {"twitter": "karembonch", "facebook": "538308954"}, "firstName": "Karem", "gender": "male", "lastName": "Bonch", "id": "13046341", "bio": "", "photo": {"prefix": "https://igx.4sqi.net/img/user/", "suffix": "/5CP0UMJ5YVOLPSL4.jpg"}, "homeCity": "Singapore", "lists": {"groups": [{"items": [], "count": 2, "type": "created"}]}}, {"tips": {"count": 0}, "contact": {"twitter": "corliflower", "facebook": "622816683"}, "firstName": "Corlissa", "gender": "female", "id": "4427866", "bio": "", "photo": {"prefix": "https://igx.4sqi.net/img/user/", "suffix": "/00MTMYHFIQUKFMWZ.jpg"}, "homeCity": "Singapore", "lists": {"groups": [{"items": [], "count": 2, "type": "created"}]}}, {"tips": {"count": 0}, "contact": {}, "firstName": "yewleng", "gender": "male", "lastName": "wong", "id": "6043696", "bio": "", "photo": {"prefix": "https://igx.4sqi.net/img/user/", "suffix": "/blank_boy.png", "default": true}, "homeCity": "Singapore", "lists": {"groups": [{"items": [], "count": 2, "type": "created"}]}}, {"tips": {"count": 0}, "contact": {"facebook": "1349688525"}, "firstName": "Daryl", "gender": "male", "lastName": "Yeo", "id": "4737742", "bio": "", "photo": {"prefix": "https://igx.4sqi.net/img/user/", "suffix": "/PLZPU3RWMNQ31YTB.jpg"}, "homeCity": "Singapore", "lists": {"groups": [{"items": [], "count": 2, "type": "created"}]}}, {"tips": {"count": 2}, "contact": {"twitter": "vnycxz", "facebook": "610793004"}, "firstName": "Vanessa Eugenia", "gender": "female", "lastName": "Tay", "id": "6353733", "bio": "", "photo": {"prefix": "https://igx.4sqi.net/img/user/", "suffix": "/5OZGN2SOAD4TQMDP.jpg"}, "homeCity": "Singapore", "lists": {"groups": [{"items": [], "count": 2, "type": "created"}]}}, {"tips": {"count": 0}, "contact": {"facebook": "584595512"}, "firstName": "Daryl", "gender": "male", "lastName": "Teo", "id": "4745675", "bio": "", "photo": {"prefix": "https://igx.4sqi.net/img/user/", "suffix": "/YVWSPMG3BGLJ11SW.jpg"}, "homeCity": "Singapore", "lists": {"groups": [{"items": [], "count": 2, "type": "created"}]}}, {"tips": {"count": 0}, "contact": {"facebook": "563718543"}, "firstName": "Muhammad", "gender": "male", "lastName": "Amirul", "id": "6376069", "bio": "", "photo": {"prefix": "https://igx.4sqi.net/img/user/", "suffix": "/S5P2EDVVXL14IDZT.jpg"}, "homeCity": "New York, NY", "lists": {"groups": [{"items": [], "count": 2, "type": "created"}]}}, {"tips": {"count": 0}, "contact": {"twitter": "mizzkid"}, "firstName": "Thurr", "gender": "male", "lastName": "Midzi", "id": "4748585", "bio": "", "photo": {"prefix": "https://igx.4sqi.net/img/user/", "suffix": "/1YTOKNUDBW0OG40M.jpg"}, "homeCity": "Singapore", "lists": {"groups": [{"items": [], "count": 2, "type": "created"}]}}, {"tips": {"count": 0}, "contact": {}, "firstName": "Brent", "gender": "male", "lastName": "Chenglong", "id": "6482105", "bio": "", "photo": {"prefix": "https://igx.4sqi.net/img/user/", "suffix": "/blank_boy.png", "default": true}, "homeCity": "New York, NY", "lists": {"groups": [{"items": [], "count": 2, "type": "created"}]}}, {"tips": {"count": 1}, "contact": {}, "firstName": "Yeo", "gender": "male", "lastName": "Ben", "id": "5126409", "bio": "", "photo": {"prefix": "https://igx.4sqi.net/img/user/", "suffix": "/CCS1IF20L4CSETKR.jpg"}, "homeCity": "Singapore", "lists": {"groups": [{"items": [], "count": 2, "type": "created"}]}}, {"tips": {"count": 5}, "contact": {"twitter": "darkprotege"}, "firstName": "Feodora", "gender": "female", "lastName": "David", "id": "6487484", "bio": "", "photo": {"prefix": "https://igx.4sqi.net/img/user/", "suffix": "/KFNEQPJ3YZXQEJJR.jpg"}, "homeCity": "Singapore", "lists": {"groups": [{"items": [], "count": 2, "type": "created"}]}}, {"tips": {"count": 0}, "contact": {"twitter": "yourloveisasin", "facebook": "525844280"}, "firstName": "NEO", "gender": "male", "id": "5129072", "bio": "", "photo": {"prefix": "https://igx.4sqi.net/img/user/", "suffix": "/STORIIMKPJ35XVL2.jpg"}, "homeCity": "Singapore", "lists": {"groups": [{"items": [], "count": 2, "type": "created"}]}}, {"tips": {"count": 0}, "contact": {"facebook": "749410748"}, "firstName": "van", "gender": "male", "lastName": "frezzie", "id": "6489824", "bio": "", "photo": {"prefix": "https://igx.4sqi.net/img/user/", "suffix": "/O4QJTMDQZS24SAB4.jpg"}, "homeCity": "New York, NY", "lists": {"groups": [{"items": [], "count": 2, "type": "created"}]}}, {"tips": {"count": 1}, "contact": {"facebook": "1008169068"}, "firstName": "Eien", "gender": "male", "lastName": "Otty", "id": "5594010", "bio": "", "photo": {"prefix": "https://igx.4sqi.net/img/user/", "suffix": "/VGHJ4ZAIXI4UL0FU.jpg"}, "homeCity": "Singapore", "lists": {"groups": [{"items": [], "count": 2, "type": "created"}]}}, {"tips": {"count": 0}, "contact": {"facebook": "551312627"}, "firstName": "Niki", "gender": "female", "lastName": "Shikin", "id": "5603244", "bio": "", "photo": {"prefix": "https://igx.4sqi.net/img/user/", "suffix": "/3121TDKEIBK1F5A0.jpg"}, "homeCity": "Singapore", "lists": {"groups": [{"items": [], "count": 2, "type": "created"}]}}, {"tips": {"count": 2}, "contact": {"twitter": "mdanialzainal", "facebook": "1059003833"}, "firstName": "Muhammad", "gender": "male", "lastName": "Danial", "id": "5740747", "bio": "", "photo": {"prefix": "https://igx.4sqi.net/img/user/", "suffix": "/HPMNEFIKFJ30SWVJ.jpg"}, "homeCity": "Singapore", "lists": {"groups": [{"items": [], "count": 2, "type": "created"}]}}, {"tips": {"count": 0}, "contact": {}, "firstName": "Johannes", "gender": "male", "lastName": "Tan", "id": "5749372", "bio": "", "photo": {"prefix": "https://igx.4sqi.net/img/user/", "suffix": "/PF0FNU5PMJCNK3Y5.jpg"}, "homeCity": "Singapore", "lists": {"groups": [{"items": [], "count": 2, "type": "created"}]}}, {"tips": {"count": 4}, "contact": {"facebook": "711420495"}, "firstName": "Zhen yuan", "gender": "male", "lastName": "Wong", "id": "6358272", "bio": "", "photo": {"prefix": "https://igx.4sqi.net/img/user/", "suffix": "/LX3H2FOE544E45XC.jpg"}, "homeCity": "Singapore", "lists": {"groups": [{"items": [], "count": 2, "type": "created"}]}}], "count": 245}, "checksum": "b49267bb03e3bb1c69cc68b8b2092e1aa71bee79"}, "meta": {"requestId": "5965e7e69fb6b77b76f33e83", "code": 200}}