{"notifications": [{"type": "notificationTray", "item": {"unreadCount": 0}}], "meta": {"requestId": "5966dd98351e3d4797a8df8c", "code": 200}, "response": {"friends": {"count": 230, "items": [{"id": "4964071", "photo": {"prefix": "https://igx.4sqi.net/img/user/", "suffix": "/PHOM03EGMUFFOHCM.jpg"}, "homeCity": "Singapore", "contact": {"facebook": "100001150413440", "twitter": "arisumin_"}, "firstName": "Jane", "tips": {"count": 14}, "gender": "female", "lastName": "Lin", "lists": {"groups": [{"count": 2, "type": "created", "items": []}]}, "bio": ""}, {"id": "27838051", "photo": {"prefix": "https://igx.4sqi.net/img/user/", "suffix": "/27838051-QXOFZDYTTDFCBCYZ.jpg"}, "homeCity": "Kanagawa", "contact": {"facebook": "735954551"}, "firstName": "Joe", "tips": {"count": 0}, "gender": "male", "lastName": "Ng", "lists": {"groups": [{"count": 2, "type": "created", "items": []}]}, "bio": ""}, {"id": "4313128", "photo": {"prefix": "https://igx.4sqi.net/img/user/", "suffix": "/VTFVGDRDMMNRXGH4.jpg"}, "homeCity": "New York, NY", "contact": {"twitter": "yapjiahan"}, "firstName": "jiahan", "tips": {"count": 2}, "gender": "male", "lastName": "yap", "lists": {"groups": [{"count": 2, "type": "created", "items": []}]}, "bio": ""}, {"id": "6742116", "photo": {"prefix": "https://igx.4sqi.net/img/user/", "suffix": "/G5MOKXR4HQ1SZSCG.jpg"}, "homeCity": "Singapore", "contact": {}, "firstName": "Jarren", "tips": {"count": 0}, "gender": "male", "lastName": "Tuang", "lists": {"groups": [{"count": 2, "type": "created", "items": []}]}, "bio": ""}, {"id": "3517148", "photo": {"prefix": "https://igx.4sqi.net/img/user/", "suffix": "/UW1CITXB5IMRX03D.jpg"}, "homeCity": "Singapore", "contact": {"facebook": "100000881193955", "twitter": "sookyeeang"}, "firstName": "Sookyee", "tips": {"count": 0}, "gender": "female", "lastName": "Ang", "lists": {"groups": [{"count": 2, "type": "created", "items": []}]}, "bio": ""}, {"id": "6632598", "photo": {"prefix": "https://igx.4sqi.net/img/user/", "suffix": "/0BQQOIHMA5EEE4XA.jpg"}, "homeCity": "Singapore", "contact": {}, "firstName": "Audrey", "tips": {"count": 2}, "gender": "female", "lastName": "Soh", "lists": {"groups": [{"count": 2, "type": "created", "items": []}]}, "bio": ""}, {"id": "3768302", "photo": {"prefix": "https://igx.4sqi.net/img/user/", "suffix": "/3768302-MS5HFGRGZHVSS13I.jpg"}, "homeCity": "Singapore", "contact": {"facebook": "10204696176037528", "twitter": "artpiercings"}, "firstName": "Iris", "tips": {"count": 2}, "gender": "female", "lastName": "Khoo", "lists": {"groups": [{"count": 2, "type": "created", "items": []}]}, "bio": "Make Up Artist. \r\n19\r\n\r\n+65"}, {"id": "4423620", "photo": {"prefix": "https://igx.4sqi.net/img/user/", "suffix": "/VHTNR1KPADIMNWXD.jpg"}, "homeCity": "Singapore", "contact": {"facebook": "100000289544237", "twitter": "yukielovesyou"}, "firstName": "Eleanor", "tips": {"count": 0}, "gender": "female", "lastName": "Petrova", "lists": {"groups": [{"count": 2, "type": "created", "items": []}]}, "bio": ""}, {"id": "529824", "photo": {"prefix": "https://igx.4sqi.net/img/user/", "suffix": "/RVECHF0WIT3JBK1D.jpg"}, "homeCity": "Singapore", "contact": {"twitter": "wenjiagorgeous"}, "firstName": "Wen Jia", "tips": {"count": 0}, "gender": "female", "lists": {"groups": [{"count": 2, "type": "created", "items": []}]}, "bio": ""}, {"id": "1434851", "photo": {"prefix": "https://igx.4sqi.net/img/user/", "suffix": "/EVBZL4F2LA3VPJHK.jpg"}, "homeCity": "Changi, Singapore", "contact": {"facebook": "100002595175798", "twitter": "limxingwei"}, "firstName": "Brandon", "tips": {"count": 0}, "gender": "male", "lastName": "Lim", "lists": {"groups": [{"count": 2, "type": "created", "items": []}]}, "bio": ""}, {"id": "5475508", "photo": {"prefix": "https://igx.4sqi.net/img/user/", "suffix": "/RMYSSY02OKOFBYOZ.jpg"}, "homeCity": "Singapore", "contact": {}, "firstName": "Huiyee", "tips": {"count": 0}, "gender": "female", "lists": {"groups": [{"count": 2, "type": "created", "items": []}]}, "bio": "Sweet."}, {"id": "1929538", "photo": {"prefix": "https://igx.4sqi.net/img/user/", "suffix": "/B1I31IILIBZPIE1M.jpg"}, "homeCity": "Singapore", "contact": {"facebook": "735849554", "twitter": "jadeschnapps"}, "firstName": "Jade", "tips": {"count": 1}, "gender": "female", "lastName": "Tan", "lists": {"groups": [{"count": 2, "type": "created", "items": []}]}, "bio": ""}, {"id": "4912735", "photo": {"prefix": "https://igx.4sqi.net/img/user/", "suffix": "/SDSCJFTL0CKIMA0R.jpg"}, "homeCity": "New York, NY", "contact": {"facebook": "100001258153012"}, "firstName": "Soonling", "tips": {"count": 0}, "gender": "female", "lastName": "Tan", "lists": {"groups": [{"count": 2, "type": "created", "items": []}]}, "bio": ""}, {"id": "444504", "photo": {"prefix": "https://igx.4sqi.net/img/user/", "suffix": "/XAUM5RTMHBYMXA2C.jpg"}, "homeCity": "Singapore, SG", "contact": {"twitter": "fetishforshoes"}, "firstName": "Mabel", "tips": {"count": 0}, "gender": "female", "lastName": "Chin", "lists": {"groups": [{"count": 2, "type": "created", "items": []}]}, "bio": ""}, {"id": "5030159", "photo": {"prefix": "https://igx.4sqi.net/img/user/", "suffix": "/5030159-MBRNTXMOXIWTEZNU.jpg"}, "homeCity": "Singapore", "contact": {"facebook": "683344930", "twitter": "pohhhy"}, "firstName": "Adeline", "tips": {"count": 1}, "gender": "female", "lastName": "Pjs", "lists": {"groups": [{"count": 2, "type": "created", "items": []}]}, "bio": ""}, {"id": "4818036", "photo": {"prefix": "https://igx.4sqi.net/img/user/", "suffix": "/ZZDARABNNRQOKOVS.jpg"}, "homeCity": "Unnamed Location", "contact": {"facebook": "1058165536"}, "firstName": "Shuhuan", "tips": {"count": 2}, "gender": "female", "lastName": "Wu", "lists": {"groups": [{"count": 2, "type": "created", "items": []}]}, "bio": ""}, {"id": "1780820", "photo": {"prefix": "https://igx.4sqi.net/img/user/", "default": true, "suffix": "/blank_boy.png"}, "homeCity": "Singapore", "contact": {"facebook": "621744334"}, "firstName": "Jun Yang", "tips": {"count": 0}, "gender": "male", "lastName": "Teh", "lists": {"groups": [{"count": 2, "type": "created", "items": []}]}, "bio": ""}, {"id": "538031", "photo": {"prefix": "https://igx.4sqi.net/img/user/", "suffix": "/538031-TJVRTFLUFUQMIKOS.jpg"}, "homeCity": "Singapore", "contact": {"facebook": "100001277881338", "twitter": "stephysim"}, "firstName": "Stephanie", "tips": {"count": 0}, "gender": "female", "lastName": "Sim", "lists": {"groups": [{"count": 2, "type": "created", "items": []}]}, "bio": "Stephysim.blogspot.com"}, {"id": "4227108", "photo": {"prefix": "https://igx.4sqi.net/img/user/", "suffix": "/4227108-HTYRZWZQINK4DUAM.jpg"}, "homeCity": "Singapore", "contact": {"facebook": "10153905608877313", "twitter": "mahjunhao"}, "firstName": "JunHao", "tips": {"count": 1}, "gender": "male", "lastName": "Mah", "lists": {"groups": [{"count": 2, "type": "created", "items": []}]}, "bio": ""}, {"id": "1157485", "photo": {"prefix": "https://igx.4sqi.net/img/user/", "suffix": "/XY4U1PYBCFFZPSZW.jpg"}, "homeCity": "Bukit Timah, Singapore", "contact": {"facebook": "10157559617945057", "twitter": "parisandmilo"}, "firstName": "diana", "tips": {"count": 15}, "gender": "female", "lastName": "lee", "lists": {"groups": [{"count": 2, "type": "created", "items": []}]}, "bio": ""}, {"id": "2752024", "photo": {"prefix": "https://igx.4sqi.net/img/user/", "suffix": "/3EVG3KV3AAF05UET.jpg"}, "homeCity": "Singapore", "contact": {"twitter": "enidangg"}, "firstName": "Enid", "tips": {"count": 0}, "gender": "female", "lists": {"groups": [{"count": 2, "type": "created", "items": []}]}, "bio": ""}, {"id": "2103856", "photo": {"prefix": "https://igx.4sqi.net/img/user/", "suffix": "/TNPHXU4CW3HRTV20.jpg"}, "homeCity": "Singapore, Serangoon", "contact": {"twitter": "yiqingggg"}, "firstName": "Yiqing", "tips": {"count": 3}, "gender": "female", "lastName": "Cheng", "lists": {"groups": [{"count": 2, "type": "created", "items": []}]}, "bio": ""}, {"id": "2167211", "photo": {"prefix": "https://igx.4sqi.net/img/user/", "suffix": "/2167211-RF5EHTHRLGPJJDXD.jpg"}, "homeCity": "Singapore", "contact": {}, "firstName": "Xinyi", "tips": {"count": 41}, "gender": "female", "lastName": "Soon", "lists": {"groups": [{"count": 2, "type": "created", "items": []}]}, "bio": ""}, {"id": "9428853", "photo": {"prefix": "https://igx.4sqi.net/img/user/", "suffix": "/KNOLB4HJBMQVVWVS.jpg"}, "homeCity": "Kovan", "contact": {"facebook": "597513403"}, "firstName": "Lycan", "tips": {"count": 0}, "gender": "male", "lastName": "TheRebel", "lists": {"groups": [{"count": 2, "type": "created", "items": []}]}, "bio": ""}, {"id": "4328088", "photo": {"prefix": "https://igx.4sqi.net/img/user/", "suffix": "/4328088-0RKYJPOWKYDRP4BW.jpg"}, "homeCity": "Singapore", "contact": {"facebook": "564168672", "twitter": "crystal_lhx"}, "firstName": "Crystal \u2665", "tips": {"count": 0}, "gender": "female", "lists": {"groups": [{"count": 2, "type": "created", "items": []}]}, "bio": "To love and to be loved \u2661"}, {"id": "6764783", "photo": {"prefix": "https://igx.4sqi.net/img/user/", "suffix": "/YBCRZ5LIHLYPVG5M.jpg"}, "homeCity": "New York, NY", "contact": {}, "firstName": "LK", "tips": {"count": 0}, "gender": "male", "lists": {"groups": [{"count": 2, "type": "created", "items": []}]}, "bio": ""}, {"id": "6435447", "photo": {"prefix": "https://igx.4sqi.net/img/user/", "default": true, "suffix": "/blank_girl.png"}, "homeCity": "Singapore", "contact": {"facebook": "546358700"}, "firstName": "Angiie", "tips": {"count": 0}, "gender": "female", "lastName": "Chan", "lists": {"groups": [{"count": 2, "type": "created", "items": []}]}, "bio": ""}, {"id": "10607086", "photo": {"prefix": "https://igx.4sqi.net/img/user/", "suffix": "/10607086-CK1GEQIKQFRPKV3N.jpg"}, "homeCity": "Singapore", "contact": {"facebook": "100000378390913"}, "firstName": "Tiffany", "tips": {"count": 2}, "gender": "female", "lastName": "Hong", "lists": {"groups": [{"count": 2, "type": "created", "items": []}]}, "bio": ""}, {"id": "4379692", "photo": {"prefix": "https://igx.4sqi.net/img/user/", "suffix": "/ZR3VDH0AU540YV4Y.jpg"}, "homeCity": "Singapore", "contact": {"facebook": "1449086493"}, "firstName": "Kevin", "tips": {"count": 0}, "gender": "male", "lastName": "Goh", "lists": {"groups": [{"count": 2, "type": "created", "items": []}]}, "bio": ""}, {"id": "4568965", "photo": {"prefix": "https://igx.4sqi.net/img/user/", "suffix": "/4568965-2RHNTFAA5EWDLH5X.jpg"}, "homeCity": "Singapore", "contact": {"facebook": "527055135", "twitter": "_viviensoh"}, "firstName": "Vivien", "tips": {"count": 0}, "gender": "female", "lastName": "Soh", "lists": {"groups": [{"count": 2, "type": "created", "items": []}]}, "bio": ""}, {"id": "4281544", "photo": {"prefix": "https://igx.4sqi.net/img/user/", "default": true, "suffix": "/blank_boy.png"}, "homeCity": "Singapore ", "contact": {"twitter": "khairulazhar"}, "firstName": "Khairul", "tips": {"count": 0}, "gender": "male", "lastName": "Azhar", "lists": {"groups": [{"count": 2, "type": "created", "items": []}]}, "bio": ""}, {"id": "5484415", "photo": {"prefix": "https://igx.4sqi.net/img/user/", "suffix": "/5484415-UFGQF1DHVMJ5WPPW.jpg"}, "homeCity": "Singapore", "contact": {"facebook": "1012917302", "twitter": "wenderry"}, "firstName": "Wendy", "tips": {"count": 31}, "gender": "female", "lastName": "T", "lists": {"groups": [{"count": 2, "type": "created", "items": []}]}, "bio": ""}, {"id": "2349203", "photo": {"prefix": "https://igx.4sqi.net/img/user/", "suffix": "/2349203-UNULZYJPIAGL0WWZ.jpg"}, "homeCity": "Yishun", "contact": {"twitter": "xshaylarose"}, "firstName": "Shayla", "tips": {"count": 1}, "gender": "female", "lastName": "Wang", "lists": {"groups": [{"count": 2, "type": "created", "items": []}]}, "bio": "Instagram @labellamuertexz"}, {"id": "6689936", "photo": {"prefix": "https://igx.4sqi.net/img/user/", "suffix": "/2DWB21FEH5OTEU0J.jpg"}, "homeCity": "Singapore ", "contact": {"facebook": "565315484", "twitter": "rebeccaa_q"}, "firstName": "Rebecca", "tips": {"count": 0}, "gender": "female", "lastName": "Quah", "lists": {"groups": [{"count": 2, "type": "created", "items": []}]}, "bio": ""}, {"id": "2380736", "photo": {"prefix": "https://igx.4sqi.net/img/user/", "suffix": "/3U5KYZPRUPJFOALI.jpg"}, "homeCity": "Singapore", "contact": {}, "firstName": "Felicia", "tips": {"count": 0}, "gender": "female", "lastName": "Loh", "lists": {"groups": [{"count": 2, "type": "created", "items": []}]}, "bio": ""}, {"id": "5937505", "photo": {"prefix": "https://igx.4sqi.net/img/user/", "default": true, "suffix": "/blank_boy.png"}, "homeCity": "Singapore", "contact": {}, "firstName": "Koh", "tips": {"count": 0}, "gender": "male", "lastName": "Kai Wei", "lists": {"groups": [{"count": 2, "type": "created", "items": []}]}, "bio": ""}, {"id": "5104552", "photo": {"prefix": "https://igx.4sqi.net/img/user/", "suffix": "/F4110EQ0HUPS5XU1.jpg"}, "homeCity": "Singapore", "contact": {"facebook": "742222910"}, "firstName": "See", "tips": {"count": 3}, "gender": "female", "lastName": "PeiZhen", "lists": {"groups": [{"count": 2, "type": "created", "items": []}]}, "bio": ""}, {"id": "1733776", "photo": {"prefix": "https://igx.4sqi.net/img/user/", "suffix": "/FRWALQ24JHBXOT0R.jpg"}, "homeCity": "Singapore", "contact": {"facebook": "678228279", "twitter": "ywz0311"}, "firstName": "Velyn", "tips": {"count": 0}, "gender": "female", "lastName": "Yeo", "lists": {"groups": [{"count": 2, "type": "created", "items": []}]}, "bio": "Twitter : @VTheMojo\r\nInstagram : @Velyn03\r\nFacebook : Velyn TheMojo"}, {"id": "4393043", "photo": {"prefix": "https://igx.4sqi.net/img/user/", "suffix": "/4393043-A5YVVWWABWLGUTRF.jpg"}, "homeCity": "New York, NY", "contact": {"facebook": "596443774", "twitter": "simmaye"}, "firstName": "Rachel", "tips": {"count": 0}, "gender": "female", "lastName": "Sim", "lists": {"groups": [{"count": 2, "type": "created", "items": []}]}, "bio": ""}, {"id": "1637217", "photo": {"prefix": "https://igx.4sqi.net/img/user/", "suffix": "/ELKGGKYEFOVLWQAV.jpg"}, "homeCity": "Singapore", "contact": {"facebook": "714236868", "twitter": "charkissesyou"}, "firstName": "charmaine", "tips": {"count": 0}, "gender": "female", "lists": {"groups": [{"count": 2, "type": "created", "items": []}]}, "bio": ""}, {"id": "2758194", "photo": {"prefix": "https://igx.4sqi.net/img/user/", "suffix": "/4GD3LQBXLGSAGA0K.jpg"}, "homeCity": "Singapore", "contact": {"twitter": "dilyszhenqq"}, "firstName": "Dilys", "tips": {"count": 0}, "gender": "female", "lastName": "Zheng", "lists": {"groups": [{"count": 2, "type": "created", "items": []}]}, "bio": ""}, {"id": "11295690", "photo": {"prefix": "https://igx.4sqi.net/img/user/", "suffix": "/11295690-L5V2I1TDVBUZSBE2.jpg"}, "homeCity": "Singapore", "contact": {"facebook": "524737375", "twitter": "sasandradra"}, "firstName": "Cassandra", "tips": {"count": 0}, "gender": "female", "lastName": "Foo", "lists": {"groups": [{"count": 2, "type": "created", "items": []}]}, "bio": ""}, {"id": "10995332", "photo": {"prefix": "https://igx.4sqi.net/img/user/", "suffix": "/EV42FBC12DOLAFOA.jpg"}, "homeCity": "Singapore", "contact": {"facebook": "1664952625"}, "firstName": "Rachel", "tips": {"count": 0}, "gender": "female", "lastName": "Wst", "lists": {"groups": [{"count": 2, "type": "created", "items": []}]}, "bio": ""}, {"id": "9433798", "photo": {"prefix": "https://igx.4sqi.net/img/user/", "suffix": "/3NBYVH5JV5YV50UJ.jpg"}, "homeCity": "Singapore", "contact": {"facebook": "731529723", "twitter": "peilinglow"}, "firstName": "Peiling", "tips": {"count": 0}, "gender": "female", "lastName": "Low", "lists": {"groups": [{"count": 2, "type": "created", "items": []}]}, "bio": ""}, {"id": "4345161", "photo": {"prefix": "https://igx.4sqi.net/img/user/", "suffix": "/4345161-IN1KOMKNX3PGXMND.jpg"}, "homeCity": "Singapore", "contact": {"twitter": "fortefelicity"}, "firstName": "Felicia", "tips": {"count": 0}, "gender": "female", "lists": {"groups": [{"count": 2, "type": "created", "items": []}]}, "bio": ""}, {"id": "6782645", "photo": {"prefix": "https://igx.4sqi.net/img/user/", "suffix": "/3WCYZHPFHKDBNMVB.jpg"}, "homeCity": "Singapore", "contact": {"facebook": "730378018", "twitter": "yishishi"}, "firstName": "Yishi", "tips": {"count": 0}, "gender": "female", "lastName": "Lam", "lists": {"groups": [{"count": 2, "type": "created", "items": []}]}, "bio": ""}, {"id": "10469358", "photo": {"prefix": "https://igx.4sqi.net/img/user/", "suffix": "/10469358_IOGafEyu_got-yypCRP_ZRvSLN-XB6XkuOS5tNqYXz0_hMP3RbzHg2cPsXwd5sNOwSlx0dSlG.jpg"}, "homeCity": "Seoul, south Korea", "contact": {"facebook": "10204002917832261", "twitter": "regineliewjn"}, "firstName": "Regine", "tips": {"count": 4}, "gender": "female", "lists": {"groups": [{"count": 2, "type": "created", "items": []}]}, "bio": "https://mobile.twitter.com/#!regineliewjn\r\nInstagram @_ljnrxx"}, {"id": "22547425", "photo": {"prefix": "https://igx.4sqi.net/img/user/", "default": true, "suffix": "/blank_girl.png"}, "homeCity": "Singapore", "contact": {"facebook": "579583456", "twitter": "klariec"}, "firstName": "Klarissa", "tips": {"count": 0}, "gender": "female", "lastName": "Chia", "lists": {"groups": [{"count": 2, "type": "created", "items": []}]}, "bio": ""}, {"id": "4388223", "photo": {"prefix": "https://igx.4sqi.net/img/user/", "suffix": "/4388223-EQL2KGJBCMW02UQM.jpg"}, "homeCity": "Singapore", "contact": {"facebook": "557786466", "twitter": "theresaalisonz"}, "firstName": "Theresa", "tips": {"count": 0}, "gender": "female", "lastName": "Alison.", "lists": {"groups": [{"count": 2, "type": "created", "items": []}]}, "bio": ""}, {"id": "5280964", "photo": {"prefix": "https://igx.4sqi.net/img/user/", "suffix": "/Q4GEF2G2E2JGXXKZ.jpg"}, "homeCity": "Singapore", "contact": {"facebook": "618252644", "twitter": "akumonstrous"}, "firstName": "Cheryl", "tips": {"count": 0}, "gender": "female", "lastName": "Anatasia", "lists": {"groups": [{"count": 2, "type": "created", "items": []}]}, "bio": ""}, {"id": "16172600", "photo": {"prefix": "https://igx.4sqi.net/img/user/", "suffix": "/16172600-HAZ2Z3D4IYSFDZ22.jpg"}, "homeCity": "Singapore", "contact": {"facebook": "660399422", "twitter": "dolcevitaz"}, "firstName": "Zuen", "tips": {"count": 0}, "gender": "female", "lastName": "Germanotta", "lists": {"groups": [{"count": 2, "type": "created", "items": []}]}, "bio": "Twitter: @DolceVitaz \r\nInstagram: xTheaaax"}, {"id": "5499358", "photo": {"prefix": "https://igx.4sqi.net/img/user/", "suffix": "/CSKZZUSQEMF4XVZF.jpg"}, "homeCity": "Singapore", "contact": {"twitter": "vnhy"}, "firstName": "Vivian", "tips": {"count": 0}, "gender": "female", "lastName": "Ng", "lists": {"groups": [{"count": 2, "type": "created", "items": []}]}, "bio": ""}, {"id": "2831221", "photo": {"prefix": "https://igx.4sqi.net/img/user/", "suffix": "/2831221_w4nBltj2_WJih4yUYuBZAJNgXBjc4x9U9FzP0Yxy7_2a8glyRDaH-bbyd4YhL-sFTKgyUhtem.jpg"}, "homeCity": "Singapore", "contact": {"facebook": "1628711047", "twitter": "cflfx"}, "firstName": "Clara.", "tips": {"count": 0}, "gender": "female", "lists": {"groups": [{"count": 2, "type": "created", "items": []}]}, "bio": "Twitter, @cflfx \ud83c\udf3c"}, {"id": "8374866", "photo": {"prefix": "https://igx.4sqi.net/img/user/", "suffix": "/8374866-BDNED4IXKUT1Z2PJ.jpg"}, "homeCity": "Singapore", "contact": {"facebook": "667402632", "twitter": "karynlcy"}, "firstName": "Karyn", "tips": {"count": 0}, "gender": "female", "lastName": "Lee", "lists": {"groups": [{"count": 2, "type": "created", "items": []}]}, "bio": ""}, {"id": "2560625", "photo": {"prefix": "https://igx.4sqi.net/img/user/", "suffix": "/2560625-1CKOY2YWF2X0FS5O.jpg"}, "homeCity": "Singapore", "contact": {"facebook": "10204256861730795", "twitter": "heroesandsaint"}, "firstName": "Clara", "tips": {"count": 0}, "gender": "female", "lists": {"groups": [{"count": 2, "type": "created", "items": []}]}, "bio": ""}, {"id": "6595056", "photo": {"prefix": "https://igx.4sqi.net/img/user/", "suffix": "/IACCE310K3AENCDK.jpg"}, "homeCity": "Singapore", "contact": {"facebook": "811838955", "twitter": "berryberryjamz"}, "firstName": "Jiamin", "tips": {"count": 0}, "gender": "female", "lastName": "Teo", "lists": {"groups": [{"count": 2, "type": "created", "items": []}]}, "bio": ""}, {"id": "9302051", "photo": {"prefix": "https://igx.4sqi.net/img/user/", "suffix": "/TXF5SPT5M5IOSHB3.jpg"}, "homeCity": "Singapore", "contact": {"facebook": "704783201", "twitter": "xoxo_jane"}, "firstName": "Jane", "tips": {"count": 0}, "gender": "female", "lastName": "Liu", "lists": {"groups": [{"count": 2, "type": "created", "items": []}]}, "bio": ""}, {"id": "4708920", "photo": {"prefix": "https://igx.4sqi.net/img/user/", "suffix": "/OLYKT3HV5CGB4U5S.jpg"}, "homeCity": "Singapore", "contact": {"twitter": "carolinegoh"}, "firstName": "Caroline", "tips": {"count": 0}, "gender": "female", "lastName": "Goh", "lists": {"groups": [{"count": 2, "type": "created", "items": []}]}, "bio": ""}, {"id": "4406327", "photo": {"prefix": "https://igx.4sqi.net/img/user/", "suffix": "/SDT3EFAJRVERU2ZM.jpg"}, "homeCity": "Singapore", "contact": {"twitter": "vanitysins"}, "firstName": "Gou Jun", "tips": {"count": 3}, "gender": "female", "lists": {"groups": [{"count": 2, "type": "created", "items": []}]}, "bio": ""}, {"id": "1836573", "photo": {"prefix": "https://igx.4sqi.net/img/user/", "suffix": "/KDP0XAONNGPOXMIA.jpg"}, "homeCity": "Singapore", "contact": {"twitter": "takemykissaway"}, "firstName": "Jane", "tips": {"count": 0}, "gender": "female", "lastName": "Yeong", "lists": {"groups": [{"count": 3, "type": "created", "items": []}]}, "bio": ""}, {"id": "2759601", "photo": {"prefix": "https://igx.4sqi.net/img/user/", "suffix": "/OQZJGFHI2UHEARHU.jpg"}, "homeCity": "Singapore", "contact": {"twitter": "mynameisyanting"}, "firstName": "Lee", "tips": {"count": 1}, "gender": "female", "lastName": "Yanting", "lists": {"groups": [{"count": 2, "type": "created", "items": []}]}, "bio": ""}, {"id": "14832468", "photo": {"prefix": "https://igx.4sqi.net/img/user/", "suffix": "/HU4ZLRT1VLF2C0QX.jpg"}, "homeCity": "Singapore", "contact": {"facebook": "679317475", "twitter": "timothyhocw"}, "firstName": "Timothy", "tips": {"count": 1}, "gender": "male", "lastName": "Ho", "lists": {"groups": [{"count": 2, "type": "created", "items": []}]}, "bio": ""}, {"id": "17069273", "photo": {"prefix": "https://igx.4sqi.net/img/user/", "suffix": "/17069273-HOUUU5TH3VNYYKIM.jpg"}, "homeCity": "Singapore", "contact": {"facebook": "1593746914210030", "twitter": "kayfsyxo"}, "firstName": "Kurtrina", "tips": {"count": 1}, "gender": "female", "lastName": "Fsy", "lists": {"groups": [{"count": 2, "type": "created", "items": []}]}, "bio": ""}, {"id": "10883909", "photo": {"prefix": "https://igx.4sqi.net/img/user/", "suffix": "/FAOUNUWM2RH3YC1P.jpg"}, "homeCity": "Singapore", "contact": {"twitter": "geezyl"}, "firstName": "Angie", "tips": {"count": 0}, "gender": "female", "lastName": "Lim", "lists": {"groups": [{"count": 2, "type": "created", "items": []}]}, "bio": ""}, {"id": "4363858", "photo": {"prefix": "https://igx.4sqi.net/img/user/", "suffix": "/WF1J0WRDBQN05AVP.jpg"}, "homeCity": "Singapore", "contact": {"facebook": "1617690470"}, "firstName": "rinrin", "tips": {"count": 0}, "gender": "female", "lastName": "tay", "lists": {"groups": [{"count": 2, "type": "created", "items": []}]}, "bio": ""}, {"id": "6806235", "photo": {"prefix": "https://igx.4sqi.net/img/user/", "suffix": "/IFMZ34241PS3XDN5.jpg"}, "homeCity": "Singapore", "contact": {"facebook": "100002582087951", "twitter": "mytearsjustfall"}, "firstName": "AahKe'", "tips": {"count": 0}, "gender": "female", "lastName": "ParanoidAlways", "lists": {"groups": [{"count": 2, "type": "created", "items": []}]}, "bio": ""}, {"id": "28545751", "photo": {"prefix": "https://igx.4sqi.net/img/user/", "suffix": "/413J0E1B3ZZ0GGTL.jpg"}, "homeCity": "Singapore", "contact": {"facebook": "638842408", "twitter": "whiteblackjuly"}, "firstName": "Laura Allison", "tips": {"count": 0}, "gender": "female", "lastName": "Teh", "lists": {"groups": [{"count": 2, "type": "created", "items": []}]}, "bio": ""}, {"id": "26244844", "photo": {"prefix": "https://igx.4sqi.net/img/user/", "suffix": "/DUQOGJNXM3BNHQFB.jpg"}, "homeCity": "New York, NY", "contact": {"facebook": "777327087"}, "firstName": "Mike", "tips": {"count": 0}, "gender": "male", "lastName": "Lim", "lists": {"groups": [{"count": 2, "type": "created", "items": []}]}, "bio": ""}, {"id": "6566753", "photo": {"prefix": "https://igx.4sqi.net/img/user/", "suffix": "/KRBRKXYRBWULXQJI.jpg"}, "homeCity": "Singapore", "contact": {}, "firstName": "Puaytiang", "tips": {"count": 0}, "gender": "female", "lastName": "Orhokaylorh", "lists": {"groups": [{"count": 2, "type": "created", "items": []}]}, "bio": ""}, {"id": "6572127", "photo": {"prefix": "https://igx.4sqi.net/img/user/", "suffix": "/QZ4RWK0B2ORLNYQJ.jpg"}, "homeCity": "Singapore", "contact": {}, "firstName": "Ngolaam", "tips": {"count": 0}, "gender": "female", "lastName": "Chan", "lists": {"groups": [{"count": 2, "type": "created", "items": []}]}, "bio": ""}, {"id": "5556446", "photo": {"prefix": "https://igx.4sqi.net/img/user/", "suffix": "/5556446-4M0X0QXL45GTQUOO.jpg"}, "homeCity": "Singapore", "contact": {"facebook": "10205322560575936", "twitter": "jsyinggg"}, "firstName": "Jasmine", "tips": {"count": 0}, "gender": "female", "lastName": "Saw", "lists": {"groups": [{"count": 2, "type": "created", "items": []}]}, "bio": ""}, {"id": "2964263", "photo": {"prefix": "https://igx.4sqi.net/img/user/", "suffix": "/21YZU3OM4LINJ2L4.jpg"}, "homeCity": "Singapore", "contact": {}, "firstName": "Shona", "tips": {"count": 4}, "gender": "female", "lastName": "Wong", "lists": {"groups": [{"count": 2, "type": "created", "items": []}]}, "bio": ""}, {"id": "2886662", "photo": {"prefix": "https://igx.4sqi.net/img/user/", "suffix": "/5XVSVR014NBXUL35.jpg"}, "homeCity": "Singapore", "contact": {"facebook": "690769778", "twitter": "crazelove"}, "firstName": "Charmaine", "tips": {"count": 0}, "gender": "female", "lastName": "Wong", "lists": {"groups": [{"count": 2, "type": "created", "items": []}]}, "bio": ""}, {"id": "6595087", "photo": {"prefix": "https://igx.4sqi.net/img/user/", "suffix": "/UNBH45F1YSJG2PDH.jpg"}, "homeCity": "Singapore", "contact": {}, "firstName": "Khushi", "tips": {"count": 0}, "gender": "female", "lastName": "Tiwari", "lists": {"groups": [{"count": 2, "type": "created", "items": []}]}, "bio": ""}, {"id": "9304835", "photo": {"prefix": "https://igx.4sqi.net/img/user/", "suffix": "/9304835-QXS0FR0KD5QKVEIB.jpg"}, "homeCity": "Singapore", "contact": {"facebook": "524560574", "twitter": "jy13"}, "firstName": "Jiayee", "tips": {"count": 1}, "gender": "female", "lastName": "Tan", "lists": {"groups": [{"count": 2, "type": "created", "items": []}]}, "bio": ""}, {"id": "4710589", "photo": {"prefix": "https://igx.4sqi.net/img/user/", "suffix": "/UI0YIB3C3BVIMOZ0.jpg"}, "homeCity": "Singapore", "contact": {"facebook": "619452846"}, "firstName": "Lyna", "tips": {"count": 2}, "gender": "female", "lastName": "Ng", "lists": {"groups": [{"count": 2, "type": "created", "items": []}]}, "bio": ""}, {"id": "8427043", "photo": {"prefix": "https://igx.4sqi.net/img/user/", "suffix": "/8427043_NoZ59WL1_nymFq-Ri27j9KUHpfNiP5wTOposdp0RPENjtfdEV8sFzlCR1eO3JSaleH-FV-4O8.jpg"}, "homeCity": "Singapore", "contact": {"facebook": "619592567", "twitter": "bladedrozes"}, "firstName": "JASMINEYJ", "tips": {"count": 0}, "gender": "female", "lists": {"groups": [{"count": 2, "type": "created", "items": []}]}, "bio": "Its a devil behind an angel."}, {"id": "2419996", "photo": {"prefix": "https://igx.4sqi.net/img/user/", "suffix": "/0XXEDSH0QZ4VVTZR.jpg"}, "homeCity": "Singapore", "contact": {"twitter": "garagedoll"}, "firstName": "Jiawen", "tips": {"count": 3}, "gender": "female", "lastName": "Lee", "lists": {"groups": [{"count": 2, "type": "created", "items": []}]}, "bio": ""}, {"id": "2815208", "photo": {"prefix": "https://igx.4sqi.net/img/user/", "default": true, "suffix": "/blank_boy.png"}, "homeCity": "Singapore", "contact": {}, "firstName": "Darren", "tips": {"count": 0}, "gender": "male", "lastName": "Ng", "lists": {"groups": [{"count": 2, "type": "created", "items": []}]}, "bio": ""}, {"id": "32176924", "photo": {"prefix": "https://igx.4sqi.net/img/user/", "suffix": "/32176924-YG1HAFNSOO5TH544.jpg"}, "homeCity": "Yishun, Singapore", "contact": {"facebook": "728688989", "twitter": "happy_tann"}, "firstName": "Happy", "tips": {"count": 1}, "gender": "female", "lastName": "Tann", "lists": {"groups": [{"count": 2, "type": "created", "items": []}]}, "bio": ""}, {"id": "18603239", "photo": {"prefix": "https://igx.4sqi.net/img/user/", "suffix": "/1K5TOO2U50JPUP34.jpg"}, "homeCity": "Singapore", "contact": {"facebook": "684028361"}, "firstName": "Carmen", "tips": {"count": 0}, "gender": "female", "lastName": "Chong", "lists": {"groups": [{"count": 2, "type": "created", "items": []}]}, "bio": ""}, {"id": "11577073", "photo": {"prefix": "https://igx.4sqi.net/img/user/", "suffix": "/ITPTXUEI4VDWCDWX.jpg"}, "homeCity": "Singapore", "contact": {"facebook": "100001176783248"}, "firstName": "Boxflyyou", "tips": {"count": 1}, "gender": "female", "lastName": "Jingni", "lists": {"groups": [{"count": 2, "type": "created", "items": []}]}, "bio": ""}, {"id": "4470161", "photo": {"prefix": "https://igx.4sqi.net/img/user/", "suffix": "/VOGMGDHHVH5JP24S.jpg"}, "homeCity": "Singapore", "contact": {"twitter": "wendayye"}, "firstName": "Daye", "tips": {"count": 5}, "gender": "female", "lastName": "C", "lists": {"groups": [{"count": 2, "type": "created", "items": []}]}, "bio": ""}, {"id": "6807170", "photo": {"prefix": "https://igx.4sqi.net/img/user/", "suffix": "/USEHVIE3EIVUITTI.jpg"}, "homeCity": "Singapore", "contact": {"facebook": "1658566800", "twitter": "jasweetan"}, "firstName": "jaswee", "tips": {"count": 2}, "gender": "female", "lastName": "tan", "lists": {"groups": [{"count": 2, "type": "created", "items": []}]}, "bio": ""}, {"id": "26635567", "photo": {"prefix": "https://igx.4sqi.net/img/user/", "suffix": "/26635567-S2YEXYRWAAGPXYRE.jpg"}, "homeCity": "Singapore", "contact": {"facebook": "1541066231", "twitter": "ailingx3"}, "firstName": "AiLingpixle", "tips": {"count": 0}, "gender": "female", "lists": {"groups": [{"count": 3, "type": "created", "items": []}]}, "bio": "Never take things for granted. Love me I'll love you"}, {"id": "7606822", "photo": {"prefix": "https://igx.4sqi.net/img/user/", "suffix": "/NIQTT2T50OLF1DME.jpg"}, "homeCity": "Singapore", "contact": {"twitter": "arynnazxcv"}, "firstName": "Arynna", "tips": {"count": 0}, "gender": "female", "lastName": "Lee", "lists": {"groups": [{"count": 2, "type": "created", "items": []}]}, "bio": ""}, {"id": "7665801", "photo": {"prefix": "https://igx.4sqi.net/img/user/", "suffix": "/0EJOGKH5F05AGRND.jpg"}, "homeCity": "Singapore", "contact": {}, "firstName": "Huimin", "tips": {"count": 0}, "gender": "female", "lastName": "Salvatore", "lists": {"groups": [{"count": 2, "type": "created", "items": []}]}, "bio": ""}, {"id": "5558046", "photo": {"prefix": "https://igx.4sqi.net/img/user/", "suffix": "/5558046-PILBOSCMDJXPFE0T.jpg"}, "homeCity": "Singapore", "contact": {"facebook": "1068335292", "twitter": "its_xinhui"}, "firstName": "Xinhui", "tips": {"count": 1}, "gender": "female", "lastName": "Amberlyn", "lists": {"groups": [{"count": 2, "type": "created", "items": []}]}, "bio": ""}, {"id": "3594443", "photo": {"prefix": "https://igx.4sqi.net/img/user/", "suffix": "/K1DZWBQZLTLEIXG0.jpg"}, "homeCity": "Singapore", "contact": {"facebook": "651269537", "twitter": "radyzxz"}, "firstName": "Radyamansyah", "tips": {"count": 1}, "gender": "male", "lastName": "Jamaluddin", "lists": {"groups": [{"count": 2, "type": "created", "items": []}]}, "bio": ""}, {"id": "3839529", "photo": {"prefix": "https://igx.4sqi.net/img/user/", "suffix": "/3839529-1VJJFYFHGXZ30DNX.jpg"}, "homeCity": "Singapore", "contact": {"facebook": "10152902163145000", "twitter": "sharonnnnzzies"}, "firstName": "Sharon", "tips": {"count": 0}, "gender": "female", "lastName": "Neo", "lists": {"groups": [{"count": 2, "type": "created", "items": []}]}, "bio": ""}, {"id": "20998766", "photo": {"prefix": "https://igx.4sqi.net/img/user/", "suffix": "/PTASBZZTDTC5MAJU.jpg"}, "homeCity": "Singapore ", "contact": {"facebook": "799682817", "twitter": "gracelua"}, "firstName": "Grace", "tips": {"count": 0}, "gender": "female", "lastName": "Lua", "lists": {"groups": [{"count": 2, "type": "created", "items": []}]}, "bio": ""}, {"id": "4712760", "photo": {"prefix": "https://igx.4sqi.net/img/user/", "suffix": "/XO1STQRSVP0I4TKT.jpg"}, "homeCity": "Singapore", "contact": {"facebook": "1604115457", "twitter": "karineeec"}, "firstName": "Karine", "tips": {"count": 0}, "gender": "female", "lastName": "Cheng", "lists": {"groups": [{"count": 2, "type": "created", "items": []}]}, "bio": ""}, {"id": "9060835", "photo": {"prefix": "https://igx.4sqi.net/img/user/", "suffix": "/QQJXPVPEJY4WZXDN.jpg"}, "homeCity": "Singapore", "contact": {}, "firstName": "Irlada", "tips": {"count": 0}, "gender": "female", "lastName": "Seow", "lists": {"groups": [{"count": 6, "type": "created", "items": []}]}, "bio": ""}, {"id": "3096535", "photo": {"prefix": "https://igx.4sqi.net/img/user/", "suffix": "/P0OSJ0MLMJNSD2BE.jpg"}, "homeCity": "Hong Kong", "contact": {"facebook": "573748286"}, "firstName": "\u5931\u91ce", "tips": {"count": 0}, "gender": "female", "lastName": "\u7eeb\u97f3", "lists": {"groups": [{"count": 2, "type": "created", "items": []}]}, "bio": ""}, {"id": "2819695", "photo": {"prefix": "https://igx.4sqi.net/img/user/", "suffix": "/FGMAF3ZPUGWYAJP2.jpg"}, "homeCity": "Singapore", "contact": {"facebook": "617527769", "twitter": "fionieeee"}, "firstName": "Fionieeee", "tips": {"count": 0}, "gender": "female", "lists": {"groups": [{"count": 2, "type": "created", "items": []}]}, "bio": ""}, {"id": "45138722", "photo": {"prefix": "https://igx.4sqi.net/img/user/", "suffix": "/45138722-VKBIAXWKKBEZF2OU.jpg"}, "homeCity": "Singapore", "contact": {"facebook": "1347552033", "twitter": "fbrd_amberlynnn"}, "firstName": "Wee Shi Yi \u2661", "tips": {"count": 0}, "gender": "female", "lists": {"groups": [{"count": 2, "type": "created", "items": []}]}, "bio": ""}, {"id": "4836830", "photo": {"prefix": "https://igx.4sqi.net/img/user/", "suffix": "/O51QDLYFD2DFJA31.jpg"}, "homeCity": "Singapore", "contact": {"facebook": "722636149", "twitter": "wendykun"}, "firstName": "Wendy", "tips": {"count": 0}, "gender": "female", "lastName": "Orton", "lists": {"groups": [{"count": 2, "type": "created", "items": []}]}, "bio": ""}, {"id": "6996794", "photo": {"prefix": "https://igx.4sqi.net/img/user/", "suffix": "/PZWB2H1BI5JTV0ZG.jpg"}, "homeCity": "Singapore", "contact": {"facebook": "791229271", "twitter": "ofelialim"}, "firstName": "ofelia", "tips": {"count": 0}, "gender": "female", "lastName": "lim", "lists": {"groups": [{"count": 2, "type": "created", "items": []}]}, "bio": ""}, {"id": "26888413", "photo": {"prefix": "https://igx.4sqi.net/img/user/", "suffix": "/26888413-RMXJMQJUYWFG2PZM.jpg"}, "homeCity": "Singapore, Singapore", "contact": {"twitter": "nic_lm"}, "firstName": "Nicole", "tips": {"count": 0}, "gender": "female", "lastName": "Tan", "lists": {"groups": [{"count": 2, "type": "created", "items": []}]}, "bio": ""}, {"id": "7700731", "photo": {"prefix": "https://igx.4sqi.net/img/user/", "suffix": "/VNXZML0RS1UBCENF.jpg"}, "homeCity": "Singapore", "contact": {"facebook": "1408034327", "twitter": "hellonekoz"}, "firstName": "Christina", "tips": {"count": 10}, "gender": "female", "lastName": "Adrasteia", "lists": {"groups": [{"count": 2, "type": "created", "items": []}]}, "bio": ""}, {"id": "23539236", "photo": {"prefix": "https://igx.4sqi.net/img/user/", "suffix": "/U1QFKEDUMX55A1ZR.jpg"}, "homeCity": "New York, NY", "contact": {"facebook": "689549260"}, "firstName": "Jeslyn", "tips": {"count": 0}, "gender": "female", "lastName": "Chionh", "lists": {"groups": [{"count": 2, "type": "created", "items": []}]}, "bio": ""}, {"id": "5685391", "photo": {"prefix": "https://igx.4sqi.net/img/user/", "suffix": "/2XNKWDUT3S3MIJR5.jpg"}, "homeCity": "Singapore", "contact": {"facebook": "532070269", "twitter": "skywayboulevard"}, "firstName": "Victoria", "tips": {"count": 1}, "gender": "female", "lastName": "Torrie", "lists": {"groups": [{"count": 2, "type": "created", "items": []}]}, "bio": ""}, {"id": "3652190", "photo": {"prefix": "https://igx.4sqi.net/img/user/", "suffix": "/OPR1RFTTBDKV0JMF.jpg"}, "homeCity": "Singapore", "contact": {"facebook": "632211981", "twitter": "xisayo"}, "firstName": "chanchanxyz", "tips": {"count": 2}, "gender": "female", "lists": {"groups": [{"count": 2, "type": "created", "items": []}]}, "bio": "Hey Hi."}, {"id": "3911754", "photo": {"prefix": "https://igx.4sqi.net/img/user/", "suffix": "/QSIUG2UM4H1LZEVJ.jpg"}, "homeCity": "Singapore", "contact": {"facebook": "643759847", "twitter": "jennaluvz"}, "firstName": "Jenna", "tips": {"count": 0}, "gender": "female", "lastName": "Luvz", "lists": {"groups": [{"count": 2, "type": "created", "items": []}]}, "bio": ""}, {"id": "4716963", "photo": {"prefix": "https://igx.4sqi.net/img/user/", "suffix": "/QLWCM02NZGSSEVGA.jpg"}, "homeCity": "Singapore", "contact": {}, "firstName": "Ashlynn Georgina", "tips": {"count": 1}, "gender": "female", "lastName": "P'bx", "lists": {"groups": [{"count": 2, "type": "created", "items": []}]}, "bio": ""}, {"id": "9195367", "photo": {"prefix": "https://igx.4sqi.net/img/user/", "suffix": "/ML5D5HAZCDK2DHJI.jpg"}, "homeCity": "Singapore", "contact": {"facebook": "834805385", "twitter": "sexayejean"}, "firstName": "Jean", "tips": {"count": 0}, "gender": "female", "lastName": "Jacobs", "lists": {"groups": [{"count": 2, "type": "created", "items": []}]}, "bio": ""}, {"id": "3121286", "photo": {"prefix": "https://igx.4sqi.net/img/user/", "suffix": "/ZDYNKU5MG1NE0ED2.jpg"}, "homeCity": "Singapore", "contact": {"facebook": "616272411", "twitter": "leownicholas"}, "firstName": "Leow", "tips": {"count": 0}, "gender": "male", "lastName": "Nicholas", "lists": {"groups": [{"count": 2, "type": "created", "items": []}]}, "bio": ""}, {"id": "3205646", "photo": {"prefix": "https://igx.4sqi.net/img/user/", "suffix": "/3205646-IMDGTFZYNEMBFXR5.jpg"}, "homeCity": "Singapore", "contact": {"facebook": "627796673", "twitter": "alicialimmy"}, "firstName": "Alicia", "tips": {"count": 0}, "gender": "female", "lastName": "Lim", "lists": {"groups": [{"count": 2, "type": "created", "items": []}]}, "bio": ""}, {"id": "4890767", "photo": {"prefix": "https://igx.4sqi.net/img/user/", "suffix": "/4890767-RYDR04DSA2RA4WZZ.jpg"}, "homeCity": "Singapore ", "contact": {"twitter": "kylinkylz"}, "firstName": "Kylinkylz", "tips": {"count": 1}, "gender": "female", "lists": {"groups": [{"count": 2, "type": "created", "items": []}]}, "bio": ""}, {"id": "7149175", "photo": {"prefix": "https://igx.4sqi.net/img/user/", "suffix": "/GUGPTRMU31255BDI.jpg"}, "homeCity": "Singapore", "contact": {"facebook": "778612274", "twitter": "sherdalegwt"}, "firstName": "Sherdale", "tips": {"count": 0}, "gender": "female", "lastName": "Goh", "lists": {"groups": [{"count": 2, "type": "created", "items": []}]}, "bio": ""}, {"id": "27108403", "photo": {"prefix": "https://igx.4sqi.net/img/user/", "suffix": "/RTFH4EOXOJHZGO14.jpg"}, "homeCity": "New York, NY", "contact": {"facebook": "1077246971"}, "firstName": "Huiping", "tips": {"count": 0}, "gender": "female", "lastName": "Killyou", "lists": {"groups": [{"count": 2, "type": "created", "items": []}]}, "bio": ""}, {"id": "7932041", "photo": {"prefix": "https://igx.4sqi.net/img/user/", "suffix": "/NNX34MPIYPOD0AM1.jpg"}, "homeCity": "Singapore", "contact": {"facebook": "523693399", "twitter": "suffocatedsight"}, "firstName": "Desmond", "tips": {"count": 0}, "gender": "male", "lastName": "Chew", "lists": {"groups": [{"count": 2, "type": "created", "items": []}]}, "bio": "Hi"}, {"id": "23746516", "photo": {"prefix": "https://igx.4sqi.net/img/user/", "suffix": "/UJFJTABEOM0LS4HM.jpg"}, "homeCity": "Singapore", "contact": {"facebook": "595037943", "twitter": "chokeonash"}, "firstName": "Jacelyn", "tips": {"count": 0}, "gender": "female", "lastName": "Ng", "lists": {"groups": [{"count": 2, "type": "created", "items": []}]}, "bio": ""}, {"id": "5761014", "photo": {"prefix": "https://igx.4sqi.net/img/user/", "suffix": "/HA2EQK4LLAO2ZB0V.jpg"}, "homeCity": "Singapore", "contact": {"twitter": "taylorlai"}, "firstName": "Taylor", "tips": {"count": 0}, "gender": "female", "lastName": "Lai", "lists": {"groups": [{"count": 2, "type": "created", "items": []}]}, "bio": ""}, {"id": "4661515", "photo": {"prefix": "https://igx.4sqi.net/img/user/", "suffix": "/VLK4EBNYV5WESD5I.jpg"}, "homeCity": "Singapore", "contact": {"facebook": "644370905", "twitter": "serenayue"}, "firstName": "Serena", "tips": {"count": 0}, "gender": "female", "lastName": "Yue", "lists": {"groups": [{"count": 2, "type": "created", "items": []}]}, "bio": ""}, {"id": "3931565", "photo": {"prefix": "https://igx.4sqi.net/img/user/", "suffix": "/KK1TKFOEFN3WKDYT.jpg"}, "homeCity": "Singapore", "contact": {"facebook": "1052122244", "twitter": "mirmirlui"}, "firstName": "Miranda", "tips": {"count": 0}, "gender": "female", "lastName": "Lui", "lists": {"groups": [{"count": 2, "type": "created", "items": []}]}, "bio": ""}, {"id": "4932965", "photo": {"prefix": "https://igx.4sqi.net/img/user/", "suffix": "/4932965-NRGHYBSXVURBWG5X.jpg"}, "homeCity": "Singapore", "contact": {"facebook": "706576388", "twitter": "novitax13"}, "firstName": "Novita", "tips": {"count": 0}, "gender": "female", "lastName": "Lam", "lists": {"groups": [{"count": 2, "type": "created", "items": []}]}, "bio": ""}, {"id": "14955457", "photo": {"prefix": "https://igx.4sqi.net/img/user/", "default": true, "suffix": "/blank_boy.png"}, "homeCity": "Singapore", "contact": {"facebook": "708857060"}, "firstName": "Noel", "tips": {"count": 0}, "gender": "male", "lastName": "Ong", "lists": {"groups": [{"count": 2, "type": "created", "items": []}]}, "bio": ""}, {"id": "3230902", "photo": {"prefix": "https://igx.4sqi.net/img/user/", "suffix": "/5HZHMULNV5ZWH330.jpg"}, "homeCity": "indo/Singapore", "contact": {"facebook": "1136702317", "twitter": "asterrnia"}, "firstName": "Novia", "tips": {"count": 2}, "gender": "female", "lastName": "Astina", "lists": {"groups": [{"count": 2, "type": "created", "items": []}]}, "bio": ""}, {"id": "3293908", "photo": {"prefix": "https://igx.4sqi.net/img/user/", "suffix": "/MDYZZFF1GWXK5RVJ.jpg"}, "homeCity": "Singapore", "contact": {"facebook": "652212532", "twitter": "amyewe_"}, "firstName": "Amy", "tips": {"count": 0}, "gender": "female", "lastName": "Ewe", "lists": {"groups": [{"count": 2, "type": "created", "items": []}]}, "bio": ""}, {"id": "4890996", "photo": {"prefix": "https://igx.4sqi.net/img/user/", "suffix": "/4890996-T3V2HLFHAIENPVLN.jpg"}, "homeCity": "Singapore", "contact": {"facebook": "10203576634725460", "twitter": "dingdong_bel"}, "firstName": "Isabel", "tips": {"count": 6}, "gender": "female", "lastName": "Tan siying", "lists": {"groups": [{"count": 2, "type": "created", "items": []}]}, "bio": ""}, {"id": "7207987", "photo": {"prefix": "https://igx.4sqi.net/img/user/", "suffix": "/FLXJV504GS03H3OC.jpg"}, "homeCity": "Singapore", "contact": {"facebook": "1277053378", "twitter": "aowshihui"}, "firstName": "Aow", "tips": {"count": 0}, "gender": "female", "lastName": "Shihui", "lists": {"groups": [{"count": 2, "type": "created", "items": []}]}, "bio": ""}, {"id": "8414816", "photo": {"prefix": "https://igx.4sqi.net/img/user/", "suffix": "/41WU3ZQ50KMRDI1X.jpg"}, "homeCity": "Singapore", "contact": {}, "firstName": "Jessie Ng", "tips": {"count": 0}, "gender": "female", "lists": {"groups": [{"count": 2, "type": "created", "items": []}]}, "bio": "Hi, (*^\ufe4f^*)."}, {"id": "23803064", "photo": {"prefix": "https://igx.4sqi.net/img/user/", "suffix": "/PEI1BI12WJY1YP4X.jpg"}, "homeCity": "Singapore", "contact": {"facebook": "1798866276", "twitter": "myskat_"}, "firstName": "Katrina", "tips": {"count": 0}, "gender": "female", "lastName": "Yu", "lists": {"groups": [{"count": 2, "type": "created", "items": []}]}, "bio": ""}, {"id": "5786160", "photo": {"prefix": "https://igx.4sqi.net/img/user/", "default": true, "suffix": "/blank_girl.png"}, "homeCity": "Singapore", "contact": {"facebook": "1467973020"}, "firstName": "Zoe", "tips": {"count": 0}, "gender": "female", "lists": {"groups": [{"count": 2, "type": "created", "items": []}]}, "bio": ""}, {"id": "4908831", "photo": {"prefix": "https://igx.4sqi.net/img/user/", "suffix": "/G2TZNBYAZ55VUPQ4.jpg"}, "homeCity": "Singapore", "contact": {"facebook": "695328136"}, "firstName": "Ellis", "tips": {"count": 0}, "gender": "female", "lastName": "Safari", "lists": {"groups": [{"count": 2, "type": "created", "items": []}]}, "bio": ""}, {"id": "3943987", "photo": {"prefix": "https://igx.4sqi.net/img/user/", "suffix": "/2NHJ303QKZPRR54F.jpg"}, "homeCity": "Singapore", "contact": {"facebook": "591618270"}, "firstName": "Rachel", "tips": {"count": 3}, "gender": "female", "lastName": "NovaelC's", "lists": {"groups": [{"count": 2, "type": "created", "items": []}]}, "bio": ""}, {"id": "4936081", "photo": {"prefix": "https://igx.4sqi.net/img/user/", "suffix": "/4936081-4HFVS2GHKOA5J53N.jpg"}, "homeCity": "Singapore", "contact": {"facebook": "1605430318", "twitter": "junethiirteen"}, "firstName": "YingYing.K", "tips": {"count": 4}, "gender": "female", "lists": {"groups": [{"count": 2, "type": "created", "items": []}]}, "bio": ""}, {"id": "35362428", "photo": {"prefix": "https://igx.4sqi.net/img/user/", "suffix": "/35362428-GB14CHABR3Y0IMND.jpg"}, "homeCity": "Singapore", "contact": {"facebook": "10153215247251812", "twitter": "yulinzxs"}, "firstName": "Yulin", "tips": {"count": 0}, "gender": "female", "lists": {"groups": [{"count": 2, "type": "created", "items": []}]}, "bio": "19"}, {"id": "3247850", "photo": {"prefix": "https://igx.4sqi.net/img/user/", "suffix": "/3247850-F2TLFNGX2SMOZCD5.jpg"}, "homeCity": "Singapore", "contact": {"facebook": "10153180429255406", "twitter": "lisacheokhui"}, "firstName": "Lisa", "tips": {"count": 1}, "gender": "female", "lastName": "Cheok", "lists": {"groups": [{"count": 2, "type": "created", "items": []}]}, "bio": ""}, {"id": "3301466", "photo": {"prefix": "https://igx.4sqi.net/img/user/", "suffix": "/VDZL1SDYTKEJWL0J.jpg"}, "homeCity": "Singapore", "contact": {"facebook": "1309264544", "twitter": "sonoisy"}, "firstName": "Ivy", "tips": {"count": 0}, "gender": "female", "lastName": "Lim", "lists": {"groups": [{"count": 2, "type": "created", "items": []}]}, "bio": ""}, {"id": "6238128", "photo": {"prefix": "https://igx.4sqi.net/img/user/", "suffix": "/5NFSMVLTD1XIWVWS.jpg"}, "homeCity": "Singapore", "contact": {"twitter": "ayeemanda"}, "firstName": "Amanda", "tips": {"count": 1}, "gender": "female", "lastName": "Oh", "lists": {"groups": [{"count": 2, "type": "created", "items": []}]}, "bio": ""}, {"id": "8632817", "photo": {"prefix": "https://igx.4sqi.net/img/user/", "suffix": "/SFXRT0PXD32DDTWX.jpg"}, "homeCity": "Singapore", "contact": {"facebook": "733398557", "twitter": "chelseacym"}, "firstName": "Chelsea", "tips": {"count": 0}, "gender": "female", "lastName": "Chin", "lists": {"groups": [{"count": 2, "type": "created", "items": []}]}, "bio": ""}, {"id": "12067373", "photo": {"prefix": "https://igx.4sqi.net/img/user/", "suffix": "/IYLOHVZKCV20IBPC.jpg"}, "homeCity": "Singapore", "contact": {"facebook": "535978120", "twitter": "sereneleesl"}, "firstName": "Serene", "tips": {"count": 0}, "gender": "female", "lastName": "Lee", "lists": {"groups": [{"count": 2, "type": "created", "items": []}]}, "bio": ""}, {"id": "24011545", "photo": {"prefix": "https://igx.4sqi.net/img/user/", "suffix": "/KOSJHCKYQVNVJKAC.jpg"}, "homeCity": "Singapore", "contact": {"facebook": "717439219", "twitter": "lilscatterbrain"}, "firstName": "Pin Ru", "tips": {"count": 0}, "gender": "female", "lastName": "Tan", "lists": {"groups": [{"count": 2, "type": "created", "items": []}]}, "bio": ""}, {"id": "5824973", "photo": {"prefix": "https://igx.4sqi.net/img/user/", "suffix": "/BQ205OG2LCXA4U00.jpg"}, "homeCity": "New York, NY", "contact": {}, "firstName": "Felicia", "tips": {"count": 0}, "gender": "female", "lastName": "Ling", "lists": {"groups": [{"count": 2, "type": "created", "items": []}]}, "bio": ""}, {"id": "4977547", "photo": {"prefix": "https://igx.4sqi.net/img/user/", "suffix": "/4977547-VWDJUYMA13NJB5LN.jpg"}, "homeCity": "Singapore", "contact": {"twitter": "joannehlyy"}, "firstName": "Joanne", "tips": {"count": 1}, "gender": "female", "lastName": "Hly", "lists": {"groups": [{"count": 2, "type": "created", "items": []}]}, "bio": ""}, {"id": "5090823", "photo": {"prefix": "https://igx.4sqi.net/img/user/", "suffix": "/UIU0WKHHRBMTDKTF.jpg"}, "homeCity": "Singapore", "contact": {"facebook": "577724984", "twitter": "chineseass"}, "firstName": "Brigette", "tips": {"count": 0}, "gender": "female", "lastName": "Tan", "lists": {"groups": [{"count": 2, "type": "created", "items": []}]}, "bio": ""}, {"id": "5076990", "photo": {"prefix": "https://igx.4sqi.net/img/user/", "default": true, "suffix": "/blank_boy.png"}, "homeCity": "Singapore", "contact": {}, "firstName": "Darren", "tips": {"count": 0}, "gender": "male", "lastName": "Tan", "lists": {"groups": [{"count": 2, "type": "created", "items": []}]}, "bio": ""}, {"id": "3410548", "photo": {"prefix": "https://igx.4sqi.net/img/user/", "suffix": "/OBE5AR1Q3ZQ05NI0.jpg"}, "homeCity": "Singapore", "contact": {"twitter": "fongjiaweism"}, "firstName": "Fong", "tips": {"count": 0}, "gender": "female", "lastName": "Jiawei", "lists": {"groups": [{"count": 2, "type": "created", "items": []}]}, "bio": ""}, {"id": "3670734", "photo": {"prefix": "https://igx.4sqi.net/img/user/", "suffix": "/0JPHAJCDU22NKULQ.jpg"}, "homeCity": "Singapore", "contact": {"facebook": "596808660"}, "firstName": "Jazreel", "tips": {"count": 0}, "gender": "female", "lastName": "Lim", "lists": {"groups": [{"count": 2, "type": "created", "items": []}]}, "bio": ""}, {"id": "6243451", "photo": {"prefix": "https://igx.4sqi.net/img/user/", "suffix": "/21VEWPARXCNDATWA.jpg"}, "homeCity": "Singapore", "contact": {"facebook": "609149682", "twitter": "b_beverlyy"}, "firstName": "beverly", "tips": {"count": 0}, "gender": "female", "lastName": "aw", "lists": {"groups": [{"count": 2, "type": "created", "items": []}]}, "bio": ""}, {"id": "17250561", "photo": {"prefix": "https://igx.4sqi.net/img/user/", "suffix": "/YCZQS0CMTQSNHFDA.jpg"}, "homeCity": "Singapore", "contact": {"facebook": "703162032"}, "firstName": "Boonmay", "tips": {"count": 0}, "gender": "female", "lastName": "Tan", "lists": {"groups": [{"count": 2, "type": "created", "items": []}]}, "bio": ""}, {"id": "27289302", "photo": {"prefix": "https://igx.4sqi.net/img/user/", "suffix": "/27289302-43HL2M2543RKXSSY.jpg"}, "homeCity": "Singapore ", "contact": {"facebook": "1667348598", "twitter": "narahts"}, "firstName": "Nara", "tips": {"count": 0}, "gender": "female", "lastName": "Ho", "lists": {"groups": [{"count": 2, "type": "created", "items": []}]}, "bio": "18 // +65\r\n@narahts"}, {"id": "5915164", "photo": {"prefix": "https://igx.4sqi.net/img/user/", "suffix": "/KRZ1E4KETLMNMEOT.jpg"}, "homeCity": "Singapore", "contact": {}, "firstName": "Michelle", "tips": {"count": 0}, "gender": "female", "lists": {"groups": [{"count": 2, "type": "created", "items": []}]}, "bio": ""}, {"id": "4999190", "photo": {"prefix": "https://igx.4sqi.net/img/user/", "suffix": "/VV4KDT43OETCNGAQ.jpg"}, "homeCity": "Singapore", "contact": {"facebook": "663796660", "twitter": "peniwern"}, "firstName": "Asther", "tips": {"count": 0}, "gender": "female", "lastName": "Toh", "lists": {"groups": [{"count": 2, "type": "created", "items": []}]}, "bio": ""}, {"id": "5248966", "photo": {"prefix": "https://igx.4sqi.net/img/user/", "suffix": "/TDKAAZZBEEZWAXLG.jpg"}, "homeCity": "Singapore", "contact": {"facebook": "1013087725", "twitter": "v_annn"}, "firstName": "Vanessa", "tips": {"count": 0}, "gender": "female", "lastName": "Yip", "lists": {"groups": [{"count": 2, "type": "created", "items": []}]}, "bio": ""}, {"id": "5426447", "photo": {"prefix": "https://igx.4sqi.net/img/user/", "suffix": "/5426447-N4BW25NCZC0OPLMO.jpg"}, "homeCity": "Singapore", "contact": {"facebook": "1349126612", "twitter": "heffyflorella"}, "firstName": "Vanessa", "tips": {"count": 2}, "gender": "female", "lastName": "Shertira", "lists": {"groups": [{"count": 2, "type": "created", "items": []}]}, "bio": "Twitter : @heffyflorella\r\nBlog : www.heffyflorella.blogspot.sg"}, {"id": "3555055", "photo": {"prefix": "https://igx.4sqi.net/img/user/", "suffix": "/TI3BSTMSDXSD0BDZ.jpg"}, "homeCity": "Singapore", "contact": {"facebook": "603026730", "twitter": "thyyqueen"}, "firstName": "Ruthanne", "tips": {"count": 10}, "gender": "female", "lastName": "Lynn", "lists": {"groups": [{"count": 2, "type": "created", "items": []}]}, "bio": ""}, {"id": "3879399", "photo": {"prefix": "https://igx.4sqi.net/img/user/", "suffix": "/3SCQQMFFC4JTJP2C.jpg"}, "homeCity": "", "contact": {"facebook": "1307234272", "twitter": "smexypony"}, "firstName": "Tammie", "tips": {"count": 9}, "gender": "female", "lastName": "Lim", "lists": {"groups": [{"count": 2, "type": "created", "items": []}]}, "bio": ""}, {"id": "6272580", "photo": {"prefix": "https://igx.4sqi.net/img/user/", "suffix": "/AR0SVQ1Q32RNVFV1.jpg"}, "homeCity": "Singapore", "contact": {"facebook": "737716772", "twitter": "yiqiannn"}, "firstName": "Yiqian", "tips": {"count": 0}, "gender": "female", "lastName": "Toh", "lists": {"groups": [{"count": 2, "type": "created", "items": []}]}, "bio": ""}, {"id": "17823881", "photo": {"prefix": "https://igx.4sqi.net/img/user/", "suffix": "/QNV2CNUU2UXC41VI.jpg"}, "homeCity": "Singapore", "contact": {"facebook": "536147385", "twitter": "tohkh92"}, "firstName": "Kian", "tips": {"count": 0}, "gender": "male", "lastName": "Han", "lists": {"groups": [{"count": 2, "type": "created", "items": []}]}, "bio": ""}, {"id": "6026420", "photo": {"prefix": "https://igx.4sqi.net/img/user/", "suffix": "/6026420-AQJS1VKWLGBARKAX.jpg"}, "homeCity": "Singapore", "contact": {}, "firstName": "Sally~", "tips": {"count": 5}, "gender": "female", "lists": {"groups": [{"count": 2, "type": "created", "items": []}]}, "bio": ""}, {"id": "5051215", "photo": {"prefix": "https://igx.4sqi.net/img/user/", "suffix": "/OSEZQ2XGZQ1AYGIV.jpg"}, "homeCity": "Singapore", "contact": {"facebook": "1442881130", "twitter": "elainetanxinyi"}, "firstName": "Elaine", "tips": {"count": 2}, "gender": "female", "lists": {"groups": [{"count": 2, "type": "created", "items": []}]}, "bio": ""}, {"id": "13059538", "photo": {"prefix": "https://igx.4sqi.net/img/user/", "suffix": "/13059538-QN3ZWBNV2FNKYDJJ.jpg"}, "homeCity": "Seng Kang", "contact": {"facebook": "10202610113448578", "twitter": "aeslzxc"}, "firstName": "Alicia", "tips": {"count": 0}, "gender": "female", "lastName": "\u2744\ufe0f", "lists": {"groups": [{"count": 2, "type": "created", "items": []}]}, "bio": "@aeslzxc"}, {"id": "7911345", "photo": {"prefix": "https://igx.4sqi.net/img/user/", "suffix": "/MUS2PQHSEQS4OAZH.jpg"}, "homeCity": "Singapore", "contact": {"twitter": "amandachanszx"}, "firstName": "Amanda", "tips": {"count": 0}, "gender": "female", "lastName": "Chan", "lists": {"groups": [{"count": 2, "type": "created", "items": []}]}, "bio": ""}, {"id": "3555969", "photo": {"prefix": "https://igx.4sqi.net/img/user/", "suffix": "/3555969-CUY1MK32DTGIG3QJ.jpg"}, "homeCity": "Los Angeles ", "contact": {"twitter": "nntxl"}, "firstName": "nntxl", "tips": {"count": 0}, "gender": "female", "lastName": "Toh", "lists": {"groups": [{"count": 2, "type": "created", "items": []}]}, "bio": ""}, {"id": "3893218", "photo": {"prefix": "https://igx.4sqi.net/img/user/", "default": true, "suffix": "/blank_boy.png"}, "homeCity": "Singapore", "contact": {"twitter": "teojunping"}, "firstName": "Jun ping", "tips": {"count": 0}, "gender": "male", "lastName": "Teo", "lists": {"groups": [{"count": 2, "type": "created", "items": []}]}, "bio": ""}, {"id": "6273299", "photo": {"prefix": "https://igx.4sqi.net/img/user/", "suffix": "/DABNBYFRSQSBAEPI.jpg"}, "homeCity": "Singapore", "contact": {"facebook": "1141475183", "twitter": "abracabrafiona"}, "firstName": "Yilin.S", "tips": {"count": 1}, "gender": "female", "lists": {"groups": [{"count": 2, "type": "created", "items": []}]}, "bio": ""}, {"id": "18114850", "photo": {"prefix": "https://igx.4sqi.net/img/user/", "default": true, "suffix": "/blank_boy.png"}, "homeCity": "Singapore", "contact": {"facebook": "687206491", "twitter": "jedcoy"}, "firstName": "Jeddiahh", "tips": {"count": 0}, "gender": "male", "lastName": "Lee", "lists": {"groups": [{"count": 2, "type": "created", "items": []}]}, "bio": ""}, {"id": "6069811", "photo": {"prefix": "https://igx.4sqi.net/img/user/", "suffix": "/LNHBZ51AOXIXWSTL.jpg"}, "homeCity": "Singapore", "contact": {"facebook": "805777435"}, "firstName": "Dorothy", "tips": {"count": 0}, "gender": "female", "lists": {"groups": [{"count": 2, "type": "created", "items": []}]}, "bio": ""}, {"id": "11200401", "photo": {"prefix": "https://igx.4sqi.net/img/user/", "suffix": "/1GJG5AZK3OIEPDTZ.jpg"}, "homeCity": "Singapore", "contact": {"facebook": "1183615486"}, "firstName": "Serene", "tips": {"count": 0}, "gender": "female", "lastName": "Weiiweii", "lists": {"groups": [{"count": 2, "type": "created", "items": []}]}, "bio": ""}, {"id": "47769134", "photo": {"prefix": "https://igx.4sqi.net/img/user/", "suffix": "/47769134-GJ2XCQEDG3ZDTKFF.jpg"}, "homeCity": "Singapore ", "contact": {"facebook": "615228805", "twitter": "awkwxrdbones"}, "firstName": "Val", "tips": {"count": 0}, "gender": "female", "lastName": "F", "lists": {"groups": [{"count": 2, "type": "created", "items": []}]}, "bio": "Too insane to understand"}, {"id": "3556368", "photo": {"prefix": "https://igx.4sqi.net/img/user/", "suffix": "/13CF2PZNMU4RJ5TF.jpg"}, "homeCity": "Singapore", "contact": {"facebook": "760748664", "twitter": "hengyunhan"}, "firstName": "Yunhan", "tips": {"count": 1}, "gender": "female", "lists": {"groups": [{"count": 2, "type": "created", "items": []}]}, "bio": ""}, {"id": "3962296", "photo": {"prefix": "https://igx.4sqi.net/img/user/", "suffix": "/3962296-QQ4RW01F05JTVV4J.jpg"}, "homeCity": "Singapore", "contact": {"facebook": "548317163", "twitter": "chasingdistance"}, "firstName": "Evangeline", "tips": {"count": 1}, "gender": "female", "lastName": "Irwin", "lists": {"groups": [{"count": 2, "type": "created", "items": []}]}, "bio": ""}, {"id": "6307039", "photo": {"prefix": "https://igx.4sqi.net/img/user/", "suffix": "/SPIOS2Z4J1DTRXEU.jpg"}, "homeCity": "New York, NY", "contact": {"facebook": "583243825", "twitter": "mandii_mm"}, "firstName": "Mandy", "tips": {"count": 0}, "gender": "none", "lastName": "Chan", "lists": {"groups": [{"count": 2, "type": "created", "items": []}]}, "bio": ""}, {"id": "18698435", "photo": {"prefix": "https://igx.4sqi.net/img/user/", "suffix": "/1KE2K3NBJMVBUN1H.jpg"}, "homeCity": "Singapore", "contact": {"facebook": "100001623387804", "twitter": "mikikyuuketsuki"}, "firstName": "Miki", "tips": {"count": 0}, "gender": "female", "lastName": "KyuuketsukiHuixinzx", "lists": {"groups": [{"count": 2, "type": "created", "items": []}]}, "bio": ""}, {"id": "6081581", "photo": {"prefix": "https://igx.4sqi.net/img/user/", "suffix": "/PRZO2GTP0IUJYQ33.jpg"}, "homeCity": "Singapore", "contact": {"twitter": "chengyapppp"}, "firstName": "Cheng Yap", "tips": {"count": 0}, "gender": "male", "lastName": "Lim", "lists": {"groups": [{"count": 2, "type": "created", "items": []}]}, "bio": ""}, {"id": "16086069", "photo": {"prefix": "https://igx.4sqi.net/img/user/", "suffix": "/16086069-M5EG5CYYBGK3Y3AK.jpg"}, "homeCity": "Singapore", "contact": {"facebook": "1268952432", "twitter": "mnse"}, "firstName": "Michesalle", "tips": {"count": 0}, "gender": "female", "lastName": "Shien", "lists": {"groups": [{"count": 2, "type": "created", "items": []}]}, "bio": ""}, {"id": "3558954", "photo": {"prefix": "https://igx.4sqi.net/img/user/", "suffix": "/3558954-ROUFMZZORVZZRI54.jpg"}, "homeCity": "Singapore", "contact": {"facebook": "595077244", "twitter": "brendandelions"}, "firstName": "Brenda", "tips": {"count": 0}, "gender": "female", "lists": {"groups": [{"count": 2, "type": "created", "items": []}]}, "bio": ""}, {"id": "3965450", "photo": {"prefix": "https://igx.4sqi.net/img/user/", "suffix": "/M3JMDBIAPEM1M2GM.jpg"}, "homeCity": "Singapore", "contact": {"facebook": "1641845757"}, "firstName": "Germaine", "tips": {"count": 1}, "gender": "female", "lists": {"groups": [{"count": 2, "type": "created", "items": []}]}, "bio": ""}, {"id": "6447605", "photo": {"prefix": "https://igx.4sqi.net/img/user/", "suffix": "/NNSFMC1NQXFGWZES.jpg"}, "homeCity": "HK/JKT", "contact": {"facebook": "515577986", "twitter": "waterpistols"}, "firstName": "Helena", "tips": {"count": 109}, "gender": "female", "lastName": "Liande", "lists": {"groups": [{"count": 8, "type": "created", "items": []}]}, "bio": ""}, {"id": "18853498", "photo": {"prefix": "https://igx.4sqi.net/img/user/", "suffix": "/FJ0ZANA0N4YNOHIH.jpg"}, "homeCity": "Singapore", "contact": {"facebook": "768724477"}, "firstName": "Zinn", "tips": {"count": 0}, "gender": "male", "lastName": "Younghusband", "lists": {"groups": [{"count": 2, "type": "created", "items": []}]}, "bio": ""}, {"id": "6107321", "photo": {"prefix": "https://igx.4sqi.net/img/user/", "suffix": "/6107321_qJORINpK_ETpdlBR7e6Wbz-oQBhq4NsTBykvcjtNX-OA_lySrNRBs1TOjfSYx2oTQcLBjbNG9.jpg"}, "homeCity": "Singapore", "contact": {"facebook": "1040861537", "twitter": "carolnjh"}, "firstName": "Caroline", "tips": {"count": 0}, "gender": "female", "lastName": "Ng", "lists": {"groups": [{"count": 2, "type": "created", "items": []}]}, "bio": ""}, {"id": "3566469", "photo": {"prefix": "https://igx.4sqi.net/img/user/", "suffix": "/3566469-GBKTYQR32TCCMUUQ.jpg"}, "homeCity": "Singapore", "contact": {}, "firstName": "Johnathan", "tips": {"count": 1}, "gender": "male", "lastName": "Ng", "lists": {"groups": [{"count": 2, "type": "created", "items": []}]}, "bio": ""}, {"id": "3971159", "photo": {"prefix": "https://igx.4sqi.net/img/user/", "suffix": "/3971159-LDB4VNZVQCXKMRZM.jpg"}, "homeCity": "Singapore", "contact": {"facebook": "1602007422", "twitter": "chxlsy"}, "firstName": "Chelsyuxin", "tips": {"count": 0}, "gender": "female", "lists": {"groups": [{"count": 2, "type": "created", "items": []}]}, "bio": "Twitter: Chxlsy"}, {"id": "6526065", "photo": {"prefix": "https://igx.4sqi.net/img/user/", "default": true, "suffix": "/blank_girl.png"}, "homeCity": "Singapore", "contact": {"facebook": "643648429", "twitter": "ailecs"}, "firstName": "celia", "tips": {"count": 1}, "gender": "female", "lastName": "soh", "lists": {"groups": [{"count": 2, "type": "created", "items": []}]}, "bio": ""}, {"id": "27657739", "photo": {"prefix": "https://igx.4sqi.net/img/user/", "suffix": "/EKLBZPH0JZ5L2QY4.jpg"}, "homeCity": "Singapore", "contact": {"facebook": "514388208", "twitter": "yellowfurbag"}, "firstName": "Li Xuan", "tips": {"count": 0}, "gender": "female", "lists": {"groups": [{"count": 2, "type": "created", "items": []}]}, "bio": ""}, {"id": "8475229", "photo": {"prefix": "https://igx.4sqi.net/img/user/", "suffix": "/5PRMSXEG0Y1JN0S4.jpg"}, "homeCity": "Singapore", "contact": {"facebook": "703682369"}, "firstName": "Rose", "tips": {"count": 0}, "gender": "female", "lastName": "Young", "lists": {"groups": [{"count": 2, "type": "created", "items": []}]}, "bio": ""}, {"id": "3685747", "photo": {"prefix": "https://igx.4sqi.net/img/user/", "suffix": "/V1ZF1A2GH1JO1K2L.jpg"}, "homeCity": "Singapore", "contact": {"facebook": "709689249", "twitter": "wenjiaaaa"}, "firstName": "Toy", "tips": {"count": 1}, "gender": "female", "lastName": "Wenjia", "lists": {"groups": [{"count": 2, "type": "created", "items": []}]}, "bio": ""}, {"id": "4019606", "photo": {"prefix": "https://igx.4sqi.net/img/user/", "suffix": "/LS4CXCPSMBTDYVFX.jpg"}, "homeCity": "Singapore", "contact": {}, "firstName": "Adeline", "tips": {"count": 0}, "gender": "female", "lastName": "Ng", "lists": {"groups": [{"count": 2, "type": "created", "items": []}]}, "bio": ""}, {"id": "6929666", "photo": {"prefix": "https://igx.4sqi.net/img/user/", "suffix": "/TXC2X0HFVM0ULI32.jpg"}, "homeCity": "Singapore", "contact": {"twitter": "rachelhoa"}, "firstName": "Rachel", "tips": {"count": 0}, "gender": "female", "lastName": "Hoa", "lists": {"groups": [{"count": 2, "type": "created", "items": []}]}, "bio": ""}, {"id": "9006051", "photo": {"prefix": "https://igx.4sqi.net/img/user/", "suffix": "/9006051-NNCJJB43O5BLVLK1.jpg"}, "homeCity": "Singapore", "contact": {"facebook": "796164033", "twitter": "thousandofwords"}, "firstName": "Nicolina", "tips": {"count": 1}, "gender": "female", "lastName": "Luvzxc", "lists": {"groups": [{"count": 2, "type": "created", "items": []}]}, "bio": ""}, {"id": "3713043", "photo": {"prefix": "https://igx.4sqi.net/img/user/", "suffix": "/3713043-0NFQJXVOEVM5NDZZ.jpg"}, "homeCity": "Singapore", "contact": {}, "firstName": "Amanda", "tips": {"count": 17}, "gender": "female", "lastName": "K", "lists": {"groups": [{"count": 2, "type": "created", "items": []}]}, "bio": ""}, {"id": "4036854", "photo": {"prefix": "https://igx.4sqi.net/img/user/", "suffix": "/1NJHOTDMO4PTMYGK.jpg"}, "homeCity": "Singapore", "contact": {"twitter": "kimberlygino"}, "firstName": "Kim", "tips": {"count": 1}, "gender": "female", "lists": {"groups": [{"count": 2, "type": "created", "items": []}]}, "bio": ""}, {"id": "7247677", "photo": {"prefix": "https://igx.4sqi.net/img/user/", "suffix": "/7247677-A1CJKCF0CVSQSCFA.jpg"}, "homeCity": "Singapore", "contact": {"twitter": "fonglaiyin"}, "firstName": "Laiyin", "tips": {"count": 1}, "gender": "female", "lists": {"groups": [{"count": 2, "type": "created", "items": []}]}, "bio": ""}, {"id": "10408116", "photo": {"prefix": "https://igx.4sqi.net/img/user/", "suffix": "/M2C0MHJBFMUY5RIQ.jpg"}, "homeCity": "Singapore", "contact": {"twitter": "saraboomz"}, "firstName": "Sara", "tips": {"count": 0}, "gender": "female", "lastName": "Aziz", "lists": {"groups": [{"count": 2, "type": "created", "items": []}]}, "bio": ""}, {"id": "3758609", "photo": {"prefix": "https://igx.4sqi.net/img/user/", "suffix": "/1AHXALWLX0RCMKGV.jpg"}, "homeCity": "Singapore", "contact": {"facebook": "1088876815", "twitter": "actuallydo"}, "firstName": "Juliana", "tips": {"count": 0}, "gender": "female", "lastName": "Ng", "lists": {"groups": [{"count": 2, "type": "created", "items": []}]}, "bio": ""}, {"id": "4041021", "photo": {"prefix": "https://igx.4sqi.net/img/user/", "suffix": "/GRL5ULRLVZCXU5FN.jpg"}, "homeCity": "Singapore", "contact": {"facebook": "557159456", "twitter": "kiddyrei"}, "firstName": "Reina", "tips": {"count": 5}, "gender": "female", "lastName": "Ng", "lists": {"groups": [{"count": 3, "type": "created", "items": []}]}, "bio": ""}, {"id": "8103844", "photo": {"prefix": "https://igx.4sqi.net/img/user/", "suffix": "/ZR1Q55MFOTSQ1A4P.jpg"}, "homeCity": "Singapore", "contact": {"facebook": "10153478959304639", "twitter": "limmin_"}, "firstName": "SAMantha", "tips": {"count": 0}, "gender": "female", "lastName": "Lim", "lists": {"groups": [{"count": 2, "type": "created", "items": []}]}, "bio": ""}, {"id": "13504653", "photo": {"prefix": "https://igx.4sqi.net/img/user/", "default": true, "suffix": "/blank_girl.png"}, "homeCity": "Singapore", "contact": {"facebook": "551714680"}, "firstName": "Jia", "tips": {"count": 0}, "gender": "female", "lastName": "Ling", "lists": {"groups": [{"count": 2, "type": "created", "items": []}]}, "bio": ""}, {"id": "3830739", "photo": {"prefix": "https://igx.4sqi.net/img/user/", "suffix": "/JL4PGURQCPXA5UKX.jpg"}, "homeCity": "Singapore", "contact": {"twitter": "xinnnnni"}, "firstName": "Xinni", "tips": {"count": 2}, "gender": "female", "lastName": "\uc2e0 \ub2c8", "lists": {"groups": [{"count": 2, "type": "created", "items": []}]}, "bio": ""}, {"id": "4044425", "photo": {"prefix": "https://igx.4sqi.net/img/user/", "suffix": "/OA3UTJO3LNUOHRRT.jpg"}, "homeCity": "Singapore", "contact": {"facebook": "100000325726433", "twitter": "venacy"}, "firstName": "Venice", "tips": {"count": 0}, "gender": "female", "lastName": "Tan", "lists": {"groups": [{"count": 2, "type": "created", "items": []}]}, "bio": ""}, {"id": "12411345", "photo": {"prefix": "https://igx.4sqi.net/img/user/", "suffix": "/QCG3Y1NTDEJBOYTS.jpg"}, "homeCity": "Singapore", "contact": {"facebook": "818814695"}, "firstName": "Thio", "tips": {"count": 0}, "gender": "male", "lastName": "Eng Chuan", "lists": {"groups": [{"count": 2, "type": "created", "items": []}]}, "bio": ""}, {"id": "15445234", "photo": {"prefix": "https://igx.4sqi.net/img/user/", "suffix": "/0WAKUOZKTL1UYQIQ.jpg"}, "homeCity": "Singapore", "contact": {"facebook": "1152136272", "twitter": "chewy_sh"}, "firstName": "SzeHui", "tips": {"count": 0}, "gender": "female", "lastName": "Chew", "lists": {"groups": [{"count": 2, "type": "created", "items": []}]}, "bio": ""}, {"id": "3979874", "photo": {"prefix": "https://igx.4sqi.net/img/user/", "suffix": "/YCELGNI1XYVP5PZI.jpg"}, "homeCity": "Singapore", "contact": {"facebook": "100002110550983", "twitter": "qurratula"}, "firstName": "Qurratul", "tips": {"count": 0}, "gender": "female", "lastName": "Ainiah", "lists": {"groups": [{"count": 2, "type": "created", "items": []}]}, "bio": ""}, {"id": "4138182", "photo": {"prefix": "https://igx.4sqi.net/img/user/", "suffix": "/GMWLH1L5WJBJYI13.jpg"}, "homeCity": "\u4e2d\u5c71\u5340, Taiwan", "contact": {"facebook": "718763810"}, "firstName": "Fiona", "tips": {"count": 4}, "gender": "female", "lastName": "Lam", "lists": {"groups": [{"count": 2, "type": "created", "items": []}]}, "bio": ""}, {"id": "13338537", "photo": {"prefix": "https://igx.4sqi.net/img/user/", "suffix": "/WI2MRQRB5PMX5IDG.jpg"}, "homeCity": "Austin, Texas", "contact": {}, "firstName": "Justin", "tips": {"count": 6}, "gender": "male", "lastName": "Chong", "lists": {"groups": [{"count": 2, "type": "created", "items": []}]}, "bio": ""}, {"id": "44777905", "photo": {"prefix": "https://igx.4sqi.net/img/user/", "suffix": "/44777905_FthhbFIR_bxim8GWPpzIo4grQXdKR8KLO9DTkXuAyksd6y2P2cGpzGJey5LQLvCDcarw6wVE4.jpg"}, "homeCity": "Singapore", "contact": {"facebook": "100001247683182", "twitter": "vnasytx_"}, "firstName": "VionaSyt", "tips": {"count": 0}, "gender": "female", "lists": {"groups": [{"count": 2, "type": "created", "items": []}]}, "bio": "Meowwwww \u270c"}, {"id": "4116521", "photo": {"prefix": "https://igx.4sqi.net/img/user/", "suffix": "/Y3KLRJBKERV3MAOX.jpg"}, "homeCity": "Singapore", "contact": {"facebook": "614779298", "twitter": "iamaaronklass"}, "firstName": "Aaron", "tips": {"count": 2}, "gender": "none", "lastName": "Klass", "lists": {"groups": [{"count": 2, "type": "created", "items": []}]}, "bio": ""}, {"id": "4143790", "photo": {"prefix": "https://igx.4sqi.net/img/user/", "suffix": "/40GSKU5Q3EM2DVRQ.jpg"}, "homeCity": "Singapore", "contact": {"twitter": "jiaqianluv"}, "firstName": "Jiaqian", "tips": {"count": 0}, "gender": "female", "lastName": "Chong", "lists": {"groups": [{"count": 2, "type": "created", "items": []}]}, "bio": ""}, {"id": "44827459", "photo": {"prefix": "https://igx.4sqi.net/img/user/", "suffix": "/3ZMBODJATAPK0LP2.jpg"}, "homeCity": "Singapore", "contact": {"facebook": "1170365700"}, "firstName": "Tay", "tips": {"count": 0}, "gender": "male", "lastName": "TW", "lists": {"groups": [{"count": 2, "type": "created", "items": []}]}, "bio": ""}, {"id": "4157763", "photo": {"prefix": "https://igx.4sqi.net/img/user/", "suffix": "/C51C30RSSS2XAWPW.jpg"}, "homeCity": "Singapore", "contact": {"facebook": "750344145", "twitter": "lynluvyou"}, "firstName": "Yiling", "tips": {"count": 0}, "gender": "female", "lastName": "SayNevermind", "lists": {"groups": [{"count": 2, "type": "created", "items": []}]}, "bio": ""}, {"id": "4447165", "photo": {"prefix": "https://igx.4sqi.net/img/user/", "suffix": "/2JUAMJZIVIRZDXEA.jpg"}, "homeCity": "Singapore", "contact": {"twitter": "ljoanna"}, "firstName": "Joanna", "tips": {"count": 0}, "gender": "female", "lastName": "Lim", "lists": {"groups": [{"count": 2, "type": "created", "items": []}]}, "bio": ""}, {"id": "4594861", "photo": {"prefix": "https://igx.4sqi.net/img/user/", "suffix": "/C0CZ10CXF4HYOQYK.jpg"}, "homeCity": "Singapore", "contact": {"facebook": "100002547556040", "twitter": "nostalgiamemoir"}, "firstName": "Khelin", "tips": {"count": 0}, "gender": "female", "lastName": "\u0398\u03ac\u03bd\u03b1\u03c4\u03bf\u03c2", "lists": {"groups": [{"count": 2, "type": "created", "items": []}]}, "bio": ""}, {"id": "4490012", "photo": {"prefix": "https://igx.4sqi.net/img/user/", "suffix": "/YAIP205E4003PNAQ.jpg"}, "homeCity": "Singapore", "contact": {"facebook": "631778850", "twitter": "stephaniesohzy"}, "firstName": "Stephanie", "tips": {"count": 0}, "gender": "female", "lastName": "Soh", "lists": {"groups": [{"count": 2, "type": "created", "items": []}]}, "bio": ""}, {"id": "4747287", "photo": {"prefix": "https://igx.4sqi.net/img/user/", "suffix": "/BSCH5AUBCJCWPN5X.jpg"}, "homeCity": "Singapore", "contact": {}, "firstName": "Zhiping", "tips": {"count": 0}, "gender": "female", "lastName": "Apple", "lists": {"groups": [{"count": 2, "type": "created", "items": []}]}, "bio": ""}, {"id": "4750854", "photo": {"prefix": "https://igx.4sqi.net/img/user/", "suffix": "/RMZ4JNEHACZVZBAA.jpg"}, "homeCity": "Singapore", "contact": {"facebook": "100001706423529"}, "firstName": "Xinyi", "tips": {"count": 0}, "gender": "female", "lastName": "Chew", "lists": {"groups": [{"count": 2, "type": "created", "items": []}]}, "bio": ""}, {"id": "5226740", "photo": {"prefix": "https://igx.4sqi.net/img/user/", "suffix": "/AXC00R5EYGNTN3BC.jpg"}, "homeCity": "New York, NY", "contact": {"facebook": "1220957049"}, "firstName": "Charmaine", "tips": {"count": 1}, "gender": "female", "lastName": "Teo", "lists": {"groups": [{"count": 2, "type": "created", "items": []}]}, "bio": ""}, {"id": "5291341", "photo": {"prefix": "https://igx.4sqi.net/img/user/", "suffix": "/JACOSUCLUK4PBIBL.jpg"}, "homeCity": "Singapore", "contact": {"facebook": "648197514"}, "firstName": "Venna", "tips": {"count": 2}, "gender": "female", "lastName": "Scoldyouu", "lists": {"groups": [{"count": 3, "type": "created", "items": []}]}, "bio": ""}, {"id": "5344553", "photo": {"prefix": "https://igx.4sqi.net/img/user/", "suffix": "/0IN53ZE2A11FY5ZX.jpg"}, "homeCity": "Singapore", "contact": {"facebook": "621539876", "twitter": "xbleahs"}, "firstName": "Hoo", "tips": {"count": 0}, "gender": "female", "lastName": "Xinci", "lists": {"groups": [{"count": 2, "type": "created", "items": []}]}, "bio": ""}, {"id": "5299979", "photo": {"prefix": "https://igx.4sqi.net/img/user/", "suffix": "/4NMGIFIR35YARJL4.jpg"}, "homeCity": "Singapore", "contact": {"facebook": "1489993179", "twitter": "7asmineeee"}, "firstName": "JASmine", "tips": {"count": 1}, "gender": "female", "lastName": "Tan", "lists": {"groups": [{"count": 2, "type": "created", "items": []}]}, "bio": ""}, {"id": "5910834", "photo": {"prefix": "https://igx.4sqi.net/img/user/", "suffix": "/5910834-O22TQBQL3NQKFGQP.jpg"}, "homeCity": "Singapore", "contact": {"facebook": "1113489458736899", "twitter": "kyrazyl"}, "firstName": "Kyra", "tips": {"count": 5}, "gender": "female", "lastName": "Elohvee", "lists": {"groups": [{"count": 3, "type": "created", "items": []}]}, "bio": "\u2661 twitter x insta @kyrazyl \u2661"}, {"id": "5303019", "photo": {"prefix": "https://igx.4sqi.net/img/user/", "suffix": "/5303019-1CZRCHVDX2GR2GKV.jpg"}, "homeCity": "Singapore", "contact": {"facebook": "1348772783"}, "firstName": "Crystal", "tips": {"count": 2}, "gender": "female", "lastName": "Jingyee", "lists": {"groups": [{"count": 2, "type": "created", "items": []}]}, "bio": ""}, {"id": "6068592", "photo": {"prefix": "https://igx.4sqi.net/img/user/", "suffix": "/5GNZRD5SN5ZJJDKB.jpg"}, "homeCity": "Singapore", "contact": {"facebook": "604805524", "twitter": "yrdoppelganger"}, "firstName": "Capreegal", "tips": {"count": 2}, "gender": "female", "lastName": "8", "lists": {"groups": [{"count": 3, "type": "created", "items": []}]}, "bio": "\u270c"}, {"id": "5770414", "photo": {"prefix": "https://igx.4sqi.net/img/user/", "suffix": "/U3KM4Q0PELJX35OS.jpg"}, "homeCity": "New York, NY", "contact": {}, "firstName": "Gina", "tips": {"count": 0}, "gender": "female", "lastName": "Toh", "lists": {"groups": [{"count": 2, "type": "created", "items": []}]}, "bio": ""}, {"id": "6371862", "photo": {"prefix": "https://igx.4sqi.net/img/user/", "suffix": "/JJWGUJXNOTUUSVW2.jpg"}, "homeCity": "New York, NY", "contact": {}, "firstName": "Cassie", "tips": {"count": 0}, "gender": "female", "lastName": "Loh", "lists": {"groups": [{"count": 2, "type": "created", "items": []}]}, "bio": ""}, {"id": "5794037", "photo": {"prefix": "https://igx.4sqi.net/img/user/", "suffix": "/YH0CGP03T5ZWZYDJ.jpg"}, "homeCity": "Unnamed Location", "contact": {"facebook": "537133724", "twitter": "nxxxl"}, "firstName": "Novel", "tips": {"count": 0}, "gender": "female", "lastName": "Lim", "lists": {"groups": [{"count": 2, "type": "created", "items": []}]}, "bio": ""}, {"id": "6465437", "photo": {"prefix": "https://igx.4sqi.net/img/user/", "suffix": "/DZNJZDGXGLSIYOKV.jpg"}, "homeCity": "Singapore", "contact": {"facebook": "10154125448689812", "twitter": "7thserendipity"}, "firstName": "SiMin", "tips": {"count": 0}, "gender": "female", "lastName": "Ong", "lists": {"groups": [{"count": 2, "type": "created", "items": []}]}, "bio": "17//\r\nTwitter: 7thserendipity\r\nIg: danbixx_"}, {"id": "5795209", "photo": {"prefix": "https://igx.4sqi.net/img/user/", "suffix": "/XJBDG1NXWDCZ5CB5.jpg"}, "homeCity": "Singapore", "contact": {"facebook": "745319802", "twitter": "charmainnesays"}, "firstName": "Charmaine", "tips": {"count": 0}, "gender": "female", "lastName": "Lau", "lists": {"groups": [{"count": 2, "type": "created", "items": []}]}, "bio": ""}, {"id": "6477912", "photo": {"prefix": "https://igx.4sqi.net/img/user/", "suffix": "/NPA3SX4DMQEZXN10.jpg"}, "homeCity": "New York, NY", "contact": {"facebook": "1544925861"}, "firstName": "Theng", "tips": {"count": 0}, "gender": "female", "lastName": "Jiahui", "lists": {"groups": [{"count": 2, "type": "created", "items": []}]}, "bio": ""}, {"id": "5984616", "photo": {"prefix": "https://igx.4sqi.net/img/user/", "suffix": "/5984616-PFRYUTOMUL4U1E5M.jpg"}, "homeCity": "Singapore", "contact": {"facebook": "1467126015", "twitter": "eeeelynnnn"}, "firstName": "Evelynnnn . \u263b", "tips": {"count": 0}, "gender": "female", "lists": {"groups": [{"count": 2, "type": "created", "items": []}]}, "bio": "\u25b2\u25bd\u25b2\u25bd\u25b2\u25bd\u25b2\u25bd\u25b2\u25bd\u25b2\u25bd\u25b2\u25bd\u25b2\u25bd\u25b2\u25bd\u25b2\u25bd\u25b2\u25bd\u25b2\u25bd\u25b2\r\nFollow pls \ud83d\udc49 @littlesweettoothbakes"}, {"id": "8823422", "photo": {"prefix": "https://igx.4sqi.net/img/user/", "suffix": "/4UWPGOKIG0SFGC5I.jpg"}, "homeCity": "Singapore", "contact": {"facebook": "100001012663779"}, "firstName": "Puaytiang.", "tips": {"count": 2}, "gender": "female", "lists": {"groups": [{"count": 2, "type": "created", "items": []}]}, "bio": ""}, {"id": "6145161", "photo": {"prefix": "https://igx.4sqi.net/img/user/", "suffix": "/AY4113ACYHSH3FZM.jpg"}, "homeCity": "New York, NY", "contact": {}, "firstName": "HUI MIN", "tips": {"count": 0}, "gender": "female", "lastName": "WOON", "lists": {"groups": [{"count": 2, "type": "created", "items": []}]}, "bio": ""}, {"id": "10913677", "photo": {"prefix": "https://igx.4sqi.net/img/user/", "suffix": "/DASRMULSSNDG2HOV.jpg"}, "homeCity": "Singapore", "contact": {"facebook": "523331979", "twitter": "katherine_goh"}, "firstName": "Katherine", "tips": {"count": 0}, "gender": "female", "lastName": "Goh", "lists": {"groups": [{"count": 2, "type": "created", "items": []}]}, "bio": ""}, {"id": "6321076", "photo": {"prefix": "https://igx.4sqi.net/img/user/", "suffix": "/6321076-Z4QNNPJFFGSJBTAD.jpg"}, "homeCity": "Singapore", "contact": {"facebook": "556353605", "twitter": "jethrochrist"}, "firstName": "Jethro", "tips": {"count": 1}, "gender": "male", "lastName": "Yap", "lists": {"groups": [{"count": 2, "type": "created", "items": []}]}, "bio": ""}, {"id": "6411309", "photo": {"prefix": "https://igx.4sqi.net/img/user/", "suffix": "/PTXFPWOT3DAQNDWH.jpg"}, "homeCity": "Singapore", "contact": {"facebook": "1439057728"}, "firstName": "Huili", "tips": {"count": 0}, "gender": "female", "lastName": "H", "lists": {"groups": [{"count": 2, "type": "created", "items": []}]}, "bio": ""}, {"id": "6415294", "photo": {"prefix": "https://igx.4sqi.net/img/user/", "suffix": "/NFFFUFBQTKRYQWRQ.jpg"}, "homeCity": "Singapore", "contact": {"facebook": "659633826", "twitter": "zennaannez"}, "firstName": "Zenna", "tips": {"count": 0}, "gender": "female", "lastName": "Lam", "lists": {"groups": [{"count": 2, "type": "created", "items": []}]}, "bio": ""}, {"id": "6663262", "photo": {"prefix": "https://igx.4sqi.net/img/user/", "suffix": "/CR0CBI2K5OAEKNX2.jpg"}, "homeCity": "Singapore", "contact": {"facebook": "1657660253", "twitter": "mellyxbabydoll"}, "firstName": "Melly", "tips": {"count": 0}, "gender": "female", "lastName": "Bbygal", "lists": {"groups": [{"count": 2, "type": "created", "items": []}]}, "bio": ""}, {"id": "8692502", "photo": {"prefix": "https://igx.4sqi.net/img/user/", "suffix": "/YP5OYEDJXMK2KQHN.jpg"}, "homeCity": "Singapore", "contact": {"facebook": "759750967", "twitter": "robynhoodsey"}, "firstName": "Robyn", "tips": {"count": 1}, "gender": "female", "lastName": "Lee", "lists": {"groups": [{"count": 2, "type": "created", "items": []}]}, "bio": ""}]}, "checksum": "df0806c286f577df4ddabed235e5194383c9c46f"}}