{"notifications": [{"type": "notificationTray", "item": {"unreadCount": 0}}], "response": {"friends": {"items": [{"tips": {"count": 0}, "contact": {}, "firstName": "Ming Teck", "gender": "male", "lastName": "Chua", "id": "4470408", "bio": "", "photo": {"prefix": "https://igx.4sqi.net/img/user/", "suffix": "/KECD1NFF3DOUNTPG.jpg"}, "homeCity": "Singapore", "lists": {"groups": [{"items": [], "count": 2, "type": "created"}]}}, {"tips": {"count": 0}, "contact": {"facebook": "599848098"}, "firstName": "Angus", "gender": "male", "lastName": "Lam", "id": "4527201", "bio": "", "photo": {"prefix": "https://igx.4sqi.net/img/user/", "suffix": "/LEBIIQKVKNQ40CE2.jpg"}, "homeCity": "Singapore", "lists": {"groups": [{"items": [], "count": 2, "type": "created"}]}}, {"tips": {"count": 0}, "contact": {"facebook": "633463737"}, "firstName": "Lester", "gender": "male", "lastName": "Lee", "id": "4293862", "bio": "", "photo": {"prefix": "https://igx.4sqi.net/img/user/", "suffix": "/NN0AICAC10COMIM5.jpg"}, "homeCity": "Singapore", "lists": {"groups": [{"items": [], "count": 2, "type": "created"}]}}, {"tips": {"count": 0}, "contact": {}, "firstName": "Soh Won", "gender": "female", "lastName": "Gim", "id": "4536452", "bio": "", "photo": {"prefix": "https://igx.4sqi.net/img/user/", "suffix": "/QSURUYCSY2MGAIE2.jpg"}, "homeCity": "Singapore", "lists": {"groups": [{"items": [], "count": 2, "type": "created"}]}}, {"tips": {"count": 0}, "contact": {}, "firstName": "Brandon", "gender": "male", "lastName": "Tan", "id": "4574961", "bio": "", "photo": {"prefix": "https://igx.4sqi.net/img/user/", "suffix": "/blank_boy.png", "default": true}, "homeCity": "Singapore", "lists": {"groups": [{"items": [], "count": 2, "type": "created"}]}}, {"tips": {"count": 0}, "contact": {"facebook": "100000334355096"}, "firstName": "kent", "gender": "male", "lastName": "chia", "id": "2213370", "bio": "", "photo": {"prefix": "https://igx.4sqi.net/img/user/", "suffix": "/P1EMKWSS0JKHEC2Z.jpg"}, "homeCity": "Singapore", "lists": {"groups": [{"items": [], "count": 2, "type": "created"}]}}, {"superuser": 2, "tips": {"count": 21}, "contact": {"twitter": "jeremyjoshua", "facebook": "551661851"}, "firstName": "Jeremy", "gender": "male", "lastName": "Chua", "id": "194087", "bio": "", "photo": {"prefix": "https://igx.4sqi.net/img/user/", "suffix": "/194087-32LYZUK0G2TJNBNJ.jpg"}, "homeCity": "Singapore, Singapore", "lists": {"groups": [{"items": [], "count": 2, "type": "created"}]}}, {"tips": {"count": 0}, "contact": {"facebook": "803015570"}, "firstName": "Jeremy", "gender": "male", "lastName": "Oh", "id": "3475227", "bio": "", "photo": {"prefix": "https://igx.4sqi.net/img/user/", "suffix": "/OJLMWBTOGEMELYJ3.jpg"}, "homeCity": "Singapore", "lists": {"groups": [{"items": [], "count": 2, "type": "created"}]}}, {"tips": {"count": 0}, "contact": {"facebook": "601536374"}, "firstName": "Ricky", "gender": "male", "lastName": "Lim", "id": "3330122", "bio": "", "photo": {"prefix": "https://igx.4sqi.net/img/user/", "suffix": "/SDGUNDVESHA2VT40.jpg"}, "homeCity": "Singapore", "lists": {"groups": [{"items": [], "count": 2, "type": "created"}]}}, {"tips": {"count": 7}, "contact": {"facebook": "1526620936"}, "firstName": "Rilence", "gender": "male", "lastName": "Yang", "id": "4211613", "bio": "", "photo": {"prefix": "https://igx.4sqi.net/img/user/", "suffix": "/WLE02L4MB2IAGLXD.jpg"}, "homeCity": "Singapore", "lists": {"groups": [{"items": [], "count": 2, "type": "created"}]}}, {"tips": {"count": 4}, "contact": {"twitter": "andykan", "facebook": "1552391929"}, "firstName": "Andy", "gender": "male", "lastName": "Kan", "id": "895454", "bio": "", "photo": {"prefix": "https://igx.4sqi.net/img/user/", "suffix": "/895454-ACXGWIVF5LYQ2NIW.jpg"}, "homeCity": "Tampines", "lists": {"groups": [{"items": [], "count": 2, "type": "created"}]}}, {"tips": {"count": 0}, "contact": {"facebook": "1147707925"}, "firstName": "Liuz", "gender": "male", "lastName": "Liu", "id": "2865608", "bio": "", "photo": {"prefix": "https://igx.4sqi.net/img/user/", "suffix": "/QRPXYXMMQOHNJAQW.jpg"}, "homeCity": "Singapore", "lists": {"groups": [{"items": [], "count": 2, "type": "created"}]}}, {"tips": {"count": 1}, "contact": {"facebook": "1443619465"}, "firstName": "Wendy", "gender": "male", "lastName": "Sukianto NG", "id": "2147677", "bio": "", "photo": {"prefix": "https://igx.4sqi.net/img/user/", "suffix": "/ISGYV1XUVDKMRPOW.jpg"}, "homeCity": "Sui-Pinyuh", "lists": {"groups": [{"items": [], "count": 2, "type": "created"}]}}, {"tips": {"count": 0}, "contact": {"facebook": "753618101"}, "firstName": "Eddy", "gender": "male", "lastName": "Huang", "id": "4628458", "bio": "", "photo": {"prefix": "https://igx.4sqi.net/img/user/", "suffix": "/BKTIO5WW1BRIKMWW.jpg"}, "homeCity": "Singapore", "lists": {"groups": [{"items": [], "count": 2, "type": "created"}]}}, {"tips": {"count": 1}, "contact": {"twitter": "glenn0ng"}, "firstName": "Glenn", "gender": "male", "lastName": "Ong", "id": "2933683", "bio": "", "photo": {"prefix": "https://igx.4sqi.net/img/user/", "suffix": "/2HD4X0KJEQMO3PXN.jpg"}, "homeCity": "Singapore", "lists": {"groups": [{"items": [], "count": 2, "type": "created"}]}}, {"tips": {"count": 4}, "contact": {"twitter": "pikaweichong", "facebook": "726772478"}, "firstName": "Pika", "gender": "male", "lastName": "Soong", "id": "4105854", "bio": "", "photo": {"prefix": "https://igx.4sqi.net/img/user/", "suffix": "/U0NAMFN40EDVALN1.jpg"}, "homeCity": "Singapore", "lists": {"groups": [{"items": [], "count": 2, "type": "created"}]}}, {"tips": {"count": 1}, "contact": {}, "firstName": "Zhixin", "gender": "female", "lastName": "Paperheart", "id": "4826072", "bio": "", "photo": {"prefix": "https://igx.4sqi.net/img/user/", "suffix": "/XPN2HLCJHSP3F00Z.jpg"}, "homeCity": "Singapore", "lists": {"groups": [{"items": [], "count": 2, "type": "created"}]}}, {"tips": {"count": 12}, "contact": {"twitter": "reece_wong", "facebook": "532256694"}, "firstName": "Reece", "gender": "male", "lastName": "Wong", "id": "4393338", "bio": "", "photo": {"prefix": "https://igx.4sqi.net/img/user/", "suffix": "/J1PPIQTHNZJIVP4X.jpg"}, "homeCity": "Singapore", "lists": {"groups": [{"items": [], "count": 2, "type": "created"}]}}, {"tips": {"count": 0}, "contact": {"twitter": "fawlybombom", "facebook": "1652074236"}, "firstName": "FawLy", "gender": "female", "lastName": "Bombom", "id": "962511", "bio": "", "photo": {"prefix": "https://igx.4sqi.net/img/user/", "suffix": "/BUO4V2QBNJYZYO1R.jpg"}, "homeCity": "Singapore", "lists": {"groups": [{"items": [], "count": 2, "type": "created"}]}}, {"tips": {"count": 0}, "contact": {"facebook": "1592954827"}, "firstName": "Andy", "gender": "male", "lastName": "Liu", "id": "3200739", "bio": "", "photo": {"prefix": "https://igx.4sqi.net/img/user/", "suffix": "/V2JLVQGB2TW3MHPN.jpg"}, "homeCity": "Indonesia", "lists": {"groups": [{"items": [], "count": 2, "type": "created"}]}}, {"tips": {"count": 0}, "contact": {"facebook": "758323865"}, "firstName": "Jiahao", "gender": "male", "lastName": "Yu", "id": "4641728", "bio": "", "photo": {"prefix": "https://igx.4sqi.net/img/user/", "suffix": "/EQCKC1ACY21D1Y5H.jpg"}, "homeCity": "Singapore", "lists": {"groups": [{"items": [], "count": 2, "type": "created"}]}}, {"tips": {"count": 16}, "contact": {"facebook": "612273890"}, "firstName": "Nicholas", "gender": "male", "lastName": "Ng", "id": "3533152", "bio": "", "photo": {"prefix": "https://igx.4sqi.net/img/user/", "suffix": "/3533152-HSWTEAUGPJZC3JOB.jpg"}, "homeCity": "Shah Alam, Malaysia", "lists": {"groups": [{"items": [], "count": 2, "type": "created"}]}}, {"tips": {"count": 1}, "contact": {"twitter": "binbin_", "facebook": "683306023"}, "firstName": "terence", "gender": "male", "lastName": "neo", "id": "3150481", "bio": "", "photo": {"prefix": "https://igx.4sqi.net/img/user/", "suffix": "/BLIXB4UHGO4YHS2Q.jpg"}, "homeCity": "Singapore", "lists": {"groups": [{"items": [], "count": 2, "type": "created"}]}}, {"tips": {"count": 0}, "contact": {"facebook": "710585999"}, "firstName": "Karen", "gender": "female", "lastName": "Ho", "id": "3290269", "bio": "", "photo": {"prefix": "https://igx.4sqi.net/img/user/", "suffix": "/RZZ2VRLLXQGIGUZN.jpg"}, "homeCity": "Singapore", "lists": {"groups": [{"items": [], "count": 2, "type": "created"}]}}, {"tips": {"count": 17}, "contact": {}, "firstName": "Jason", "gender": "male", "lastName": "Tan", "id": "3938324", "bio": "", "photo": {"prefix": "https://igx.4sqi.net/img/user/", "suffix": "/Z1QCGTARKMSSSNZP.jpg"}, "homeCity": "Singapore", "lists": {"groups": [{"items": [], "count": 2, "type": "created"}]}}, {"tips": {"count": 7}, "contact": {"twitter": "hadykindalame", "facebook": "1010245323"}, "firstName": "hady", "gender": "male", "lastName": "Legendary", "id": "3151216", "bio": "", "photo": {"prefix": "https://igx.4sqi.net/img/user/", "suffix": "/FG2GQX0KCQEFRG31.jpg"}, "homeCity": "Singapore", "lists": {"groups": [{"items": [], "count": 2, "type": "created"}]}}, {"tips": {"count": 0}, "contact": {"facebook": "746189774"}, "firstName": "Calvin Ho", "gender": "male", "lastName": "Feng", "id": "3313715", "bio": "", "photo": {"prefix": "https://igx.4sqi.net/img/user/", "suffix": "/blank_boy.png", "default": true}, "homeCity": "Singapore", "lists": {"groups": [{"items": [], "count": 2, "type": "created"}]}}, {"tips": {"count": 2}, "contact": {"facebook": "788659036"}, "firstName": "Raynard", "gender": "male", "lastName": "Kong", "id": "4803753", "bio": "", "photo": {"prefix": "https://igx.4sqi.net/img/user/", "suffix": "/LOGG4KM12YMWRPYH.jpg"}, "homeCity": "Singapore", "lists": {"groups": [{"items": [], "count": 2, "type": "created"}]}}, {"tips": {"count": 2}, "contact": {"facebook": "697686794"}, "firstName": "Shufen", "gender": "female", "lastName": "Yu", "id": "3191197", "bio": "", "photo": {"prefix": "https://igx.4sqi.net/img/user/", "suffix": "/UCO5DFINXAC52RYV.jpg"}, "homeCity": "Singapore", "lists": {"groups": [{"items": [], "count": 3, "type": "created"}]}}, {"tips": {"count": 0}, "contact": {"twitter": "patriciateopy", "facebook": "1053182196"}, "firstName": "Patricia", "gender": "female", "lastName": "Teo", "id": "3678895", "bio": "", "photo": {"prefix": "https://igx.4sqi.net/img/user/", "suffix": "/OPEGZFUEBZVDW2QX.jpg"}, "homeCity": "Singapore", "lists": {"groups": [{"items": [], "count": 2, "type": "created"}]}}, {"tips": {"count": 1}, "contact": {"facebook": "731154628"}, "firstName": "Sean", "gender": "male", "lastName": "Boy", "id": "3221324", "bio": "", "photo": {"prefix": "https://igx.4sqi.net/img/user/", "suffix": "/K12Q2WDHZBKMQJBP.jpg"}, "homeCity": "Singapore", "lists": {"groups": [{"items": [], "count": 2, "type": "created"}]}}, {"tips": {"count": 0}, "contact": {"facebook": "100000008824082"}, "firstName": "Mclin", "gender": "male", "lastName": "Koh", "id": "3892379", "bio": "", "photo": {"prefix": "https://igx.4sqi.net/img/user/", "suffix": "/FKYRQL01KYTBPNVR.jpg"}, "homeCity": "Singapore", "lists": {"groups": [{"items": [], "count": 2, "type": "created"}]}}, {"tips": {"count": 0}, "contact": {"facebook": "599444326"}, "firstName": "Charissa Clara", "gender": "female", "lastName": "Yong", "id": "3223445", "bio": "", "photo": {"prefix": "https://igx.4sqi.net/img/user/", "suffix": "/BH0NBL2OZPPABYQM.jpg"}, "homeCity": "Singapore", "lists": {"groups": [{"items": [], "count": 2, "type": "created"}]}}, {"tips": {"count": 5}, "contact": {}, "firstName": "Zhuolun", "gender": "male", "lastName": "Lee", "id": "4014788", "bio": "", "photo": {"prefix": "https://igx.4sqi.net/img/user/", "suffix": "/TZBSCWBNZLBYJFLD.jpg"}, "homeCity": "Singapore", "lists": {"groups": [{"items": [], "count": 2, "type": "created"}]}}, {"tips": {"count": 5}, "contact": {"twitter": "kissesofyours", "facebook": "670158121"}, "firstName": "Weiai", "gender": "female", "lastName": "Is Ahkiss", "id": "3490360", "bio": "", "photo": {"prefix": "https://igx.4sqi.net/img/user/", "suffix": "/PXYJJHM2UDFB0PII.jpg"}, "homeCity": "Singapore", "lists": {"groups": [{"items": [], "count": 2, "type": "created"}]}}, {"tips": {"count": 1}, "contact": {"twitter": "itsweiwei"}, "firstName": "Jaynee", "gender": "female", "lastName": "Lim", "id": "4139974", "bio": "", "photo": {"prefix": "https://igx.4sqi.net/img/user/", "suffix": "/JS3C5ECXZX3NIVEV.jpg"}, "homeCity": "Singapore", "lists": {"groups": [{"items": [], "count": 2, "type": "created"}]}}, {"tips": {"count": 0}, "contact": {"twitter": "adamtengteng", "facebook": "694878566"}, "firstName": "Adam phoon", "gender": "male", "id": "3639546", "bio": "", "photo": {"prefix": "https://igx.4sqi.net/img/user/", "suffix": "/MI2QESTFQZZUUGDL.jpg"}, "homeCity": "Singapore", "lists": {"groups": [{"items": [], "count": 2, "type": "created"}]}}, {"tips": {"count": 0}, "contact": {"twitter": "skykaiwen", "facebook": "100003107116835"}, "firstName": "sky", "gender": "male", "lastName": "kaiwen", "id": "4443206", "bio": "", "photo": {"prefix": "https://igx.4sqi.net/img/user/", "suffix": "/WNF2G3ZK1P2I4IGP.jpg"}, "homeCity": "Singapore", "lists": {"groups": [{"items": [], "count": 2, "type": "created"}]}}, {"tips": {"count": 4}, "contact": {"twitter": "gerrralddd", "facebook": "647915102"}, "firstName": "Gerald Maximillian", "gender": "male", "lastName": "Koh", "id": "3711258", "bio": "", "photo": {"prefix": "https://igx.4sqi.net/img/user/", "suffix": "/4CNDQO2SRSJI3XOX.jpg"}, "homeCity": "Singapore", "lists": {"groups": [{"items": [], "count": 2, "type": "created"}]}}, {"tips": {"count": 1}, "contact": {"facebook": "717318438"}, "firstName": "Simranjeet", "gender": "male", "lastName": "Singh", "id": "4201123", "bio": "", "photo": {"prefix": "https://igx.4sqi.net/img/user/", "suffix": "/BVGKMKMO3YGTHTAF.jpg"}, "homeCity": "Singapore", "lists": {"groups": [{"items": [], "count": 2, "type": "created"}]}}, {"tips": {"count": 0}, "contact": {}, "firstName": "Angus", "gender": "male", "lastName": "Lam", "id": "4732113", "bio": "", "photo": {"prefix": "https://igx.4sqi.net/img/user/", "suffix": "/5IRWARGMR2SXCDHM.jpg"}, "homeCity": "Singapore", "lists": {"groups": [{"items": [], "count": 2, "type": "created"}]}}], "count": 141}, "checksum": "245eef09feadd6d78f2ced999562db22dbc288cb"}, "meta": {"requestId": "596628224c1f67705a9c1e01", "code": 200}}