{"notifications": [{"type": "notificationTray", "item": {"unreadCount": 0}}], "meta": {"requestId": "5966db3e6a607115d597937d", "code": 200}, "response": {"friends": {"count": 139, "items": [{"id": "4025808", "photo": {"prefix": "https://igx.4sqi.net/img/user/", "suffix": "/Y2STEBWXXZOO3ZJ0.jpg"}, "homeCity": "Singapore", "contact": {"facebook": "100000355234292"}, "firstName": "Shermaine", "tips": {"count": 0}, "gender": "female", "lastName": "Ngiam", "lists": {"groups": [{"count": 2, "type": "created", "items": []}]}, "bio": ""}, {"id": "2908789", "photo": {"prefix": "https://igx.4sqi.net/img/user/", "suffix": "/02ZCRWW0GW4SRI3F.jpg"}, "homeCity": "Singapore", "contact": {"facebook": "1105744315", "twitter": "jaliboyruder"}, "firstName": "Jaliboy\u2122[LCN]", "tips": {"count": 18}, "gender": "male", "lastName": "Ruder", "lists": {"groups": [{"count": 2, "type": "created", "items": []}]}, "bio": ""}, {"id": "3455974", "photo": {"prefix": "https://igx.4sqi.net/img/user/", "suffix": "/DPULSVMZQZ3YXLXB.jpg"}, "homeCity": "Singapore", "contact": {"facebook": "580627845"}, "firstName": "Evon", "tips": {"count": 1}, "gender": "none", "lastName": "Lim", "lists": {"groups": [{"count": 2, "type": "created", "items": []}]}, "bio": ""}, {"id": "3131759", "photo": {"prefix": "https://igx.4sqi.net/img/user/", "suffix": "/G0JCIZC11RJ3ARTP.jpg"}, "homeCity": "Singapore", "contact": {"facebook": "883885174"}, "firstName": "Joanne", "tips": {"count": 0}, "gender": "female", "lastName": "Ysh", "lists": {"groups": [{"count": 2, "type": "created", "items": []}]}, "bio": ""}, {"id": "3804206", "photo": {"prefix": "https://igx.4sqi.net/img/user/", "suffix": "/MZPLY5SOXNBG3JUH.jpg"}, "homeCity": "Singapore", "contact": {}, "firstName": "Daryl", "tips": {"count": 1}, "gender": "male", "lastName": "Oh", "lists": {"groups": [{"count": 2, "type": "created", "items": []}]}, "bio": ""}, {"id": "1735251", "photo": {"prefix": "https://igx.4sqi.net/img/user/", "suffix": "/31L3T1QYLGAUGUJV.jpg"}, "homeCity": "Orchard, Singapore", "contact": {"twitter": "kristinedion"}, "firstName": "Kristine", "tips": {"count": 1}, "gender": "female", "lastName": "Teo", "lists": {"groups": [{"count": 2, "type": "created", "items": []}]}, "bio": ""}, {"id": "4219628", "photo": {"prefix": "https://igx.4sqi.net/img/user/", "suffix": "/C3Y3AWV2IY1WKLMF.jpg"}, "homeCity": "Singapore", "contact": {"facebook": "100001213181970"}, "firstName": "James", "tips": {"count": 0}, "gender": "male", "lastName": "Lek", "lists": {"groups": [{"count": 2, "type": "created", "items": []}]}, "bio": ""}, {"id": "944503", "photo": {"prefix": "https://igx.4sqi.net/img/user/", "suffix": "/PVBS2PUDJIPLDULH.jpg"}, "homeCity": "Singapore, SG", "contact": {"facebook": "571834893", "twitter": "jyding"}, "firstName": "Jy", "tips": {"count": 0}, "gender": "female", "lastName": "Ding", "lists": {"groups": [{"count": 2, "type": "created", "items": []}]}, "bio": ""}, {"id": "2437631", "photo": {"prefix": "https://igx.4sqi.net/img/user/", "suffix": "/XMSHRIWG44P0X1Z0.jpg"}, "homeCity": "Singapore", "contact": {"facebook": "580531122", "twitter": "cramang"}, "firstName": "Marc", "tips": {"count": 0}, "gender": "male", "lastName": "\u9234\u6728", "lists": {"groups": [{"count": 2, "type": "created", "items": []}]}, "bio": ""}, {"id": "1789525", "photo": {"prefix": "https://igx.4sqi.net/img/user/", "suffix": "/5BT5TECIATP4Z4D0.jpg"}, "homeCity": "Tampines, Singapore", "contact": {"facebook": "642727488", "twitter": "xdoopiee"}, "firstName": "Thomas Tan", "tips": {"count": 3}, "gender": "male", "lists": {"groups": [{"count": 2, "type": "created", "items": []}]}, "bio": ""}, {"id": "4231586", "photo": {"prefix": "https://igx.4sqi.net/img/user/", "default": true, "suffix": "/blank_girl.png"}, "homeCity": "Singapore", "contact": {}, "firstName": "Stacia", "tips": {"count": 0}, "gender": "female", "lastName": "Chaw", "lists": {"groups": [{"count": 2, "type": "created", "items": []}]}, "bio": ""}, {"id": "3054899", "photo": {"prefix": "https://igx.4sqi.net/img/user/", "suffix": "/UTGO4YYOTXYQZZ1T.jpg"}, "homeCity": "Singapore", "contact": {"facebook": "619335775"}, "firstName": "GuoXiong", "tips": {"count": 2}, "gender": "male", "lastName": "Chai", "lists": {"groups": [{"count": 2, "type": "created", "items": []}]}, "bio": ""}, {"id": "3331802", "photo": {"prefix": "https://igx.4sqi.net/img/user/", "suffix": "/SO5ZJYTDVV1NVH1U.jpg"}, "homeCity": "Singapore", "contact": {}, "firstName": "Judy", "tips": {"count": 0}, "gender": "female", "lastName": "Oh", "lists": {"groups": [{"count": 2, "type": "created", "items": []}]}, "bio": ""}, {"id": "3815931", "photo": {"prefix": "https://igx.4sqi.net/img/user/", "suffix": "/F2VWLMNNLQVHZRSG.jpg"}, "homeCity": "Senayang, Indonesia", "contact": {"facebook": "100000544934328"}, "firstName": "Qing", "tips": {"count": 1}, "gender": "male", "lastName": "Xiong", "lists": {"groups": [{"count": 2, "type": "created", "items": []}]}, "bio": ""}, {"id": "3552314", "photo": {"prefix": "https://igx.4sqi.net/img/user/", "suffix": "/30R234HGZEW0Y5FH.jpg"}, "homeCity": "Singapore", "contact": {"facebook": "691296729"}, "firstName": "Selenasrn", "tips": {"count": 1}, "gender": "female", "lastName": "Ho", "lists": {"groups": [{"count": 2, "type": "created", "items": []}]}, "bio": ""}, {"id": "4223713", "photo": {"prefix": "https://igx.4sqi.net/img/user/", "suffix": "/0YQSYFG1IQ5PKFAL.jpg"}, "homeCity": "Singapore", "contact": {"facebook": "503968243"}, "firstName": "Ivan", "tips": {"count": 0}, "gender": "male", "lastName": "Jian Zhong", "lists": {"groups": [{"count": 2, "type": "created", "items": []}]}, "bio": ""}, {"id": "1832976", "photo": {"prefix": "https://igx.4sqi.net/img/user/", "suffix": "/1832976-GJIXYNROPGBTMX5Y.jpg"}, "homeCity": "Singapore", "contact": {"facebook": "100001484054197"}, "firstName": "Julian", "tips": {"count": 3}, "gender": "male", "lastName": "Kwong", "lists": {"groups": [{"count": 2, "type": "created", "items": []}]}, "bio": ""}, {"id": "3039334", "photo": {"prefix": "https://igx.4sqi.net/img/user/", "suffix": "/DW4BHGIJCBPCVXZL.jpg"}, "homeCity": "Singapore", "contact": {"facebook": "823084936"}, "firstName": "Cherissa", "tips": {"count": 0}, "gender": "female", "lastName": "Tee", "lists": {"groups": [{"count": 2, "type": "created", "items": []}]}, "bio": ""}, {"id": "1911320", "photo": {"prefix": "https://igx.4sqi.net/img/user/", "suffix": "/TL15U15XNSOWGZOU.jpg"}, "homeCity": "Orchard road, Singapore", "contact": {"facebook": "851255155", "twitter": "minicloudie"}, "firstName": "Cloudie", "tips": {"count": 2}, "gender": "none", "lastName": "Airamyra", "lists": {"groups": [{"count": 2, "type": "created", "items": []}]}, "bio": ""}, {"id": "3057532", "photo": {"prefix": "https://igx.4sqi.net/img/user/", "suffix": "/1EJ2CVBLDCYOL0AT.jpg"}, "homeCity": "Singapore", "contact": {}, "firstName": "Elvi", "tips": {"count": 0}, "gender": "female", "lastName": "Soh", "lists": {"groups": [{"count": 2, "type": "created", "items": []}]}, "bio": ""}, {"id": "3014167", "photo": {"prefix": "https://igx.4sqi.net/img/user/", "suffix": "/KXNTVSTOBASGW3PG.jpg"}, "homeCity": "Singapore", "contact": {"facebook": "715696317"}, "firstName": "Eric", "tips": {"count": 1}, "gender": "male", "lastName": "Chia", "lists": {"groups": [{"count": 2, "type": "created", "items": []}]}, "bio": ""}, {"id": "3437181", "photo": {"prefix": "https://igx.4sqi.net/img/user/", "suffix": "/EG4JSNBTWGI2CLPZ.jpg"}, "homeCity": "Singapore", "contact": {"facebook": "1068132849", "twitter": "vinsanity11"}, "firstName": "Vincent", "tips": {"count": 0}, "gender": "male", "lastName": "Wu", "lists": {"groups": [{"count": 2, "type": "created", "items": []}]}, "bio": ""}, {"id": "3356009", "photo": {"prefix": "https://igx.4sqi.net/img/user/", "suffix": "/ZEKZN4XFJMRGGK1X.jpg"}, "homeCity": "Singapore", "contact": {"facebook": "537613229"}, "firstName": "joanna", "tips": {"count": 1}, "gender": "female", "lastName": "lee", "lists": {"groups": [{"count": 2, "type": "created", "items": []}]}, "bio": ""}, {"id": "3910049", "photo": {"prefix": "https://igx.4sqi.net/img/user/", "suffix": "/BNDIAGG3Z3B21VJB.jpg"}, "homeCity": "Singapore", "contact": {"facebook": "538469299"}, "firstName": "ahbena", "tips": {"count": 0}, "gender": "male", "lastName": "PhomRukKhun", "lists": {"groups": [{"count": 2, "type": "created", "items": []}]}, "bio": ""}, {"id": "3082118", "photo": {"prefix": "https://igx.4sqi.net/img/user/", "suffix": "/OBM54WIZTOQAL143.jpg"}, "homeCity": "Singapore", "contact": {"facebook": "1177946673", "twitter": "loveistosacrify"}, "firstName": "Valerie", "tips": {"count": 0}, "gender": "female", "lastName": "Chua", "lists": {"groups": [{"count": 2, "type": "created", "items": []}]}, "bio": ""}, {"id": "3733336", "photo": {"prefix": "https://igx.4sqi.net/img/user/", "suffix": "/FH3CDMNSMAHCIKLU.jpg"}, "homeCity": "Singapore", "contact": {}, "firstName": "Kevin", "tips": {"count": 0}, "gender": "male", "lastName": "Loe", "lists": {"groups": [{"count": 2, "type": "created", "items": []}]}, "bio": ""}, {"id": "3573272", "photo": {"prefix": "https://igx.4sqi.net/img/user/", "suffix": "/0UD3PYBI03EAEL3O.jpg"}, "homeCity": "Singapore", "contact": {"facebook": "627611733"}, "firstName": "Angie", "tips": {"count": 0}, "gender": "female", "lastName": "Tan", "lists": {"groups": [{"count": 2, "type": "created", "items": []}]}, "bio": ""}, {"id": "3914148", "photo": {"prefix": "https://igx.4sqi.net/img/user/", "suffix": "/4WAINJROAJQQKOBK.jpg"}, "homeCity": "Singapore", "contact": {"facebook": "748868807"}, "firstName": "Sherry", "tips": {"count": 0}, "gender": "none", "lastName": "Toh", "lists": {"groups": [{"count": 2, "type": "created", "items": []}]}, "bio": ""}, {"id": "3407864", "photo": {"prefix": "https://igx.4sqi.net/img/user/", "suffix": "/V5CMEF5YUA4REVVI.jpg"}, "homeCity": "Philippines", "contact": {}, "firstName": "Chris", "tips": {"count": 1}, "gender": "female", "lastName": "Angel", "lists": {"groups": [{"count": 2, "type": "created", "items": []}]}, "bio": ""}, {"id": "4017627", "photo": {"prefix": "https://igx.4sqi.net/img/user/", "suffix": "/N3GCOSF3SLELZC3M.jpg"}, "homeCity": "singapore", "contact": {"facebook": "760844632"}, "firstName": "TangTang", "tips": {"count": 4}, "gender": "female", "lastName": "XoXo", "lists": {"groups": [{"count": 3, "type": "created", "items": []}]}, "bio": ""}, {"id": "3496775", "photo": {"prefix": "https://igx.4sqi.net/img/user/", "default": true, "suffix": "/blank_boy.png"}, "homeCity": "Singapore", "contact": {"facebook": "689774109"}, "firstName": "Angelia", "tips": {"count": 0}, "gender": "none", "lastName": "Ng", "lists": {"groups": [{"count": 2, "type": "created", "items": []}]}, "bio": ""}, {"id": "4138747", "photo": {"prefix": "https://igx.4sqi.net/img/user/", "suffix": "/SXAUZ5JDGAXIGNSG.jpg"}, "homeCity": "Singapore", "contact": {}, "firstName": "Lex", "tips": {"count": 1}, "gender": "male", "lastName": "Chong", "lists": {"groups": [{"count": 2, "type": "created", "items": []}]}, "bio": ""}, {"id": "3648339", "photo": {"prefix": "https://igx.4sqi.net/img/user/", "suffix": "/3VKC1KNUDOGQ1XSI.jpg"}, "homeCity": "Singapore", "contact": {"facebook": "1655694047"}, "firstName": "Alex", "tips": {"count": 0}, "gender": "male", "lastName": "kok", "lists": {"groups": [{"count": 2, "type": "created", "items": []}]}, "bio": ""}, {"id": "3648946", "photo": {"prefix": "https://igx.4sqi.net/img/user/", "suffix": "/MYRZSNITTPWULFES.jpg"}, "homeCity": "Singapore", "contact": {"facebook": "1414316215"}, "firstName": "Jasmine", "tips": {"count": 0}, "gender": "female", "lastName": "\u0e08\u0e31\u0e2a\u0e21\u0e34\u0e19", "lists": {"groups": [{"count": 2, "type": "created", "items": []}]}, "bio": ""}, {"id": "3681720", "photo": {"prefix": "https://igx.4sqi.net/img/user/", "suffix": "/L1UVFJJZCJGEFYPH.jpg"}, "homeCity": "Singapore", "contact": {}, "firstName": "Berlin", "tips": {"count": 0}, "gender": "female", "lists": {"groups": [{"count": 2, "type": "created", "items": []}]}, "bio": ""}, {"id": "3975423", "photo": {"prefix": "https://igx.4sqi.net/img/user/", "suffix": "/H4VU3XLXA2XTMGOL.jpg"}, "homeCity": "Singapore", "contact": {"facebook": "1201309775"}, "firstName": "JW", "tips": {"count": 2}, "gender": "male", "lastName": "Choy", "lists": {"groups": [{"count": 2, "type": "created", "items": []}]}, "bio": ""}, {"id": "3977410", "photo": {"prefix": "https://igx.4sqi.net/img/user/", "suffix": "/N54E40HWS3JL15RJ.jpg"}, "homeCity": "Singapore", "contact": {"facebook": "772533821", "twitter": "ehxz"}, "firstName": "Ho", "tips": {"count": 0}, "gender": "male", "lastName": "Xing", "lists": {"groups": [{"count": 2, "type": "created", "items": []}]}, "bio": ""}, {"id": "4002643", "photo": {"prefix": "https://igx.4sqi.net/img/user/", "suffix": "/NRCZEE33JPBYSFAB.jpg"}, "homeCity": "Singapore", "contact": {"facebook": "659893190"}, "firstName": "Rayson", "tips": {"count": 0}, "gender": "male", "lastName": "Ng", "lists": {"groups": [{"count": 2, "type": "created", "items": []}]}, "bio": ""}, {"id": "4161372", "photo": {"prefix": "https://igx.4sqi.net/img/user/", "suffix": "/DCZRYPZAXWUKP1NT.jpg"}, "homeCity": "Singapore", "contact": {"facebook": "1079834385"}, "firstName": "Alan", "tips": {"count": 2}, "gender": "male", "lastName": "Heng", "lists": {"groups": [{"count": 2, "type": "created", "items": []}]}, "bio": ""}]}, "checksum": "e0391bb64ac8f66af867291fd3407ec7f4386770"}}