{"notifications": [{"type": "notificationTray", "item": {"unreadCount": 0}}], "response": {"friends": {"items": [{"tips": {"count": 2}, "contact": {"twitter": "n_e_v_i_l_l_e", "facebook": "1763576054"}, "firstName": "Neville\u2623", "gender": "male", "id": "4529380", "bio": "", "photo": {"prefix": "https://igx.4sqi.net/img/user/", "suffix": "/KGT5YLP5OL32M4TH.jpg"}, "homeCity": "Singapore", "lists": {"groups": [{"items": [], "count": 2, "type": "created"}]}}, {"tips": {"count": 2}, "contact": {"facebook": "503056458"}, "firstName": "Edmond", "gender": "male", "lastName": "Kwek", "id": "3510059", "bio": "", "photo": {"prefix": "https://igx.4sqi.net/img/user/", "suffix": "/2V1AFWI0RJE515Y4.jpg"}, "homeCity": "Singapore", "lists": {"groups": [{"items": [], "count": 2, "type": "created"}]}}, {"tips": {"count": 0}, "contact": {}, "firstName": "Sally", "gender": "female", "lastName": "Koh", "id": "3774152", "bio": "", "photo": {"prefix": "https://igx.4sqi.net/img/user/", "suffix": "/SN3EJWEMRWQ2QCEO.jpg"}, "homeCity": "Singapore", "lists": {"groups": [{"items": [], "count": 2, "type": "created"}]}}, {"tips": {"count": 0}, "contact": {"facebook": "866535045"}, "firstName": "Angelina", "gender": "female", "lastName": "Oliveiro", "id": "4412766", "bio": "", "photo": {"prefix": "https://igx.4sqi.net/img/user/", "suffix": "/UWRYVLRAMVS0AA1I.jpg"}, "homeCity": "Singapore", "lists": {"groups": [{"items": [], "count": 2, "type": "created"}]}}, {"tips": {"count": 0}, "contact": {}, "firstName": "Goh", "gender": "female", "lastName": "Vion", "id": "5476430", "bio": "", "photo": {"prefix": "https://igx.4sqi.net/img/user/", "suffix": "/M41G0ENJY3SE0MSZ.jpg"}, "homeCity": "Unnamed Location", "lists": {"groups": [{"items": [], "count": 2, "type": "created"}]}}, {"tips": {"count": 1}, "contact": {"twitter": "kyoweiqi", "facebook": "100005147825127"}, "firstName": "Kyo", "gender": "male", "lastName": "Weiqi", "id": "1801615", "bio": "", "photo": {"prefix": "https://igx.4sqi.net/img/user/", "suffix": "/1801615-T5GIAOXEAEH5UUEW.jpg"}, "homeCity": "Jakarta, Indonesia", "lists": {"groups": [{"items": [], "count": 2, "type": "created"}]}}, {"tips": {"count": 1}, "contact": {"twitter": "nicxneo", "facebook": "638725803"}, "firstName": "Nicole", "gender": "female", "lastName": "Neo", "id": "1166245", "bio": "", "photo": {"prefix": "https://igx.4sqi.net/img/user/", "suffix": "/1166245-XI3MSU5KNYQU14ET.jpg"}, "homeCity": "Singapore, ", "lists": {"groups": [{"items": [], "count": 2, "type": "created"}]}}, {"tips": {"count": 0}, "contact": {"twitter": "misspeiyun", "facebook": "670890723"}, "firstName": "Peiyun", "gender": "female", "lastName": "Tan", "id": "1222311", "bio": "", "photo": {"prefix": "https://igx.4sqi.net/img/user/", "suffix": "/CZLVCMLVYEQGKJZG.jpg"}, "homeCity": "Singapore", "lists": {"groups": [{"items": [], "count": 2, "type": "created"}]}}, {"tips": {"count": 2}, "contact": {"facebook": "610965660"}, "firstName": "Arion", "gender": "female", "lastName": "Jh", "id": "758304", "bio": "", "photo": {"prefix": "https://igx.4sqi.net/img/user/", "suffix": "/VPT53WIEQWYAYDZN.jpg"}, "homeCity": "Singapore", "lists": {"groups": [{"items": [], "count": 2, "type": "created"}]}}, {"tips": {"count": 0}, "contact": {"twitter": "edyna89", "facebook": "629481717"}, "firstName": "Edyna", "gender": "female", "id": "384976", "bio": "", "photo": {"prefix": "https://igx.4sqi.net/img/user/", "suffix": "/ABS4P4ZJ1QNCJPTH.jpg"}, "homeCity": "Singapore", "lists": {"groups": [{"items": [], "count": 2, "type": "created"}]}}, {"tips": {"count": 1}, "contact": {"facebook": "617400515"}, "firstName": "Lim", "gender": "male", "lastName": "Andy", "id": "3803214", "bio": "", "photo": {"prefix": "https://igx.4sqi.net/img/user/", "suffix": "/HCQ1AXI5MVGDE2KL.jpg"}, "homeCity": "Singapore", "lists": {"groups": [{"items": [], "count": 2, "type": "created"}]}}, {"tips": {"count": 0}, "contact": {"twitter": "justinleeth", "facebook": "673483021"}, "firstName": "Justin Lee", "gender": "male", "id": "487049", "bio": "", "photo": {"prefix": "https://igx.4sqi.net/img/user/", "suffix": "/5RWOII5DOY2YLTGD.jpg"}, "homeCity": "Hougang, Singapore", "lists": {"groups": [{"items": [], "count": 2, "type": "created"}]}}, {"tips": {"count": 0}, "contact": {}, "firstName": "Darren", "gender": "male", "id": "4206464", "bio": "", "photo": {"prefix": "https://igx.4sqi.net/img/user/", "suffix": "/NNJSKABBSIEB5HDU.jpg"}, "homeCity": "Singapore", "lists": {"groups": [{"items": [], "count": 2, "type": "created"}]}}, {"tips": {"count": 12}, "contact": {"twitter": "jian_ming", "facebook": "904795330"}, "firstName": "Jianming", "gender": "male", "lastName": "Tan", "id": "790666", "bio": "", "photo": {"prefix": "https://igx.4sqi.net/img/user/", "suffix": "/R3NDRP3DEKCK2S2H.jpg"}, "homeCity": "Singapore", "lists": {"groups": [{"items": [], "count": 2, "type": "created"}]}}, {"tips": {"count": 1}, "contact": {"twitter": "jun_xiang", "facebook": "687413665"}, "firstName": "junxiang", "gender": "male", "id": "2595398", "bio": "", "photo": {"prefix": "https://igx.4sqi.net/img/user/", "suffix": "/WSIXWXC2ZZGRDRC5.jpg"}, "homeCity": "Singapore", "lists": {"groups": [{"items": [], "count": 2, "type": "created"}]}}, {"tips": {"count": 3}, "contact": {"facebook": "100000899347079"}, "firstName": "Jo", "gender": "male", "lastName": "Z", "id": "4343658", "bio": "", "photo": {"prefix": "https://igx.4sqi.net/img/user/", "suffix": "/JKSGK1YTMNXPMZ4R.jpg"}, "homeCity": "Singapore", "lists": {"groups": [{"items": [], "count": 2, "type": "created"}]}}, {"tips": {"count": 1}, "contact": {"twitter": "jocelyn_lxm", "facebook": "551104846"}, "firstName": "Jocelyn", "gender": "female", "lastName": "Goh", "id": "3510778", "bio": "", "photo": {"prefix": "https://igx.4sqi.net/img/user/", "suffix": "/M2LYEV0ZZLF2QXL4.jpg"}, "homeCity": "Singapore", "lists": {"groups": [{"items": [], "count": 2, "type": "created"}]}}, {"tips": {"count": 0}, "contact": {"facebook": "768033267"}, "firstName": "Samantha", "gender": "female", "lastName": "Ang", "id": "4247986", "bio": "", "photo": {"prefix": "https://igx.4sqi.net/img/user/", "suffix": "/C4WGTILYC4E5H5ZB.jpg"}, "homeCity": "Singapore", "lists": {"groups": [{"items": [], "count": 2, "type": "created"}]}}, {"tips": {"count": 0}, "contact": {}, "firstName": "Mike", "gender": "male", "lastName": "Lim", "id": "5552459", "bio": "", "photo": {"prefix": "https://igx.4sqi.net/img/user/", "suffix": "/blank_boy.png", "default": true}, "homeCity": "Singapore", "lists": {"groups": [{"items": [], "count": 2, "type": "created"}]}}, {"tips": {"count": 1}, "contact": {"twitter": "fanzee", "facebook": "1509698714"}, "firstName": "Zhifan", "gender": "male", "id": "1859829", "bio": "", "photo": {"prefix": "https://igx.4sqi.net/img/user/", "suffix": "/5PMSOQXXB0IYHZAL.jpg"}, "homeCity": "Kallang, Singapore", "lists": {"groups": [{"items": [], "count": 2, "type": "created"}]}}, {"tips": {"count": 0}, "contact": {"facebook": "714443343"}, "firstName": "Fabian", "gender": "male", "lastName": "Goh", "id": "4033271", "bio": "", "photo": {"prefix": "https://igx.4sqi.net/img/user/", "suffix": "/4EGX4CYK5V0G3EM3.jpg"}, "homeCity": "Singapore", "lists": {"groups": [{"items": [], "count": 2, "type": "created"}]}}, {"tips": {"count": 7}, "contact": {"facebook": "693701363"}, "firstName": "Joseph", "gender": "male", "lastName": "Ng", "id": "2385335", "bio": "", "photo": {"prefix": "https://igx.4sqi.net/img/user/", "suffix": "/1C0PHZYJB2N40EPD.jpg"}, "homeCity": "Singapore", "lists": {"groups": [{"items": [], "count": 2, "type": "created"}]}}, {"tips": {"count": 4}, "contact": {"twitter": "evon_chong", "facebook": "10153464855444603"}, "firstName": "Yvonne", "gender": "female", "lastName": "Chong", "id": "1665446", "bio": "", "photo": {"prefix": "https://igx.4sqi.net/img/user/", "suffix": "/CNQM2H4XXHSPNK5B.jpg"}, "homeCity": "Singapore", "lists": {"groups": [{"items": [], "count": 2, "type": "created"}]}}, {"tips": {"count": 2}, "contact": {"twitter": "skirtchasing", "facebook": "643133096"}, "firstName": "Aileen", "gender": "female", "lastName": "Koh", "id": "686639", "bio": "", "photo": {"prefix": "https://igx.4sqi.net/img/user/", "suffix": "/PO0K0QVZ24TL2EF2.jpg"}, "homeCity": "Singapore", "lists": {"groups": [{"items": [], "count": 2, "type": "created"}]}}, {"tips": {"count": 1}, "contact": {"facebook": "755923568"}, "firstName": "Augustine", "gender": "male", "lastName": "Sim", "id": "3807361", "bio": "", "photo": {"prefix": "https://igx.4sqi.net/img/user/", "suffix": "/0YGMX3NDEDETEA0M.jpg"}, "homeCity": "Singapore", "lists": {"groups": [{"items": [], "count": 2, "type": "created"}]}}, {"tips": {"count": 0}, "contact": {"facebook": "100000318062703"}, "firstName": "Anthony", "gender": "male", "lastName": "Kwan", "id": "554549", "bio": "", "photo": {"prefix": "https://igx.4sqi.net/img/user/", "suffix": "/blank_boy.png", "default": true}, "homeCity": "Singapore", "lists": {"groups": [{"items": [], "count": 2, "type": "created"}]}}, {"tips": {"count": 0}, "contact": {"facebook": "565277763"}, "firstName": "Eunice", "gender": "female", "lastName": "Lin", "id": "4401936", "bio": "", "photo": {"prefix": "https://igx.4sqi.net/img/user/", "suffix": "/MZFGJCPUI0IVGG4A.jpg"}, "homeCity": "Singapore", "lists": {"groups": [{"items": [], "count": 2, "type": "created"}]}}, {"tips": {"count": 4}, "contact": {"twitter": "lesliekoh", "facebook": "634946926"}, "firstName": "Leslie", "gender": "male", "lastName": "Koh", "id": "1066845", "bio": "", "photo": {"prefix": "https://igx.4sqi.net/img/user/", "suffix": "/SYB5J2NPSFOU1W02.jpg"}, "homeCity": "Singapore", "lists": {"groups": [{"items": [], "count": 2, "type": "created"}]}}, {"tips": {"count": 0}, "contact": {"facebook": "597670690"}, "firstName": "Ben", "gender": "male", "lastName": "Aloysius", "id": "2690739", "bio": "", "photo": {"prefix": "https://igx.4sqi.net/img/user/", "suffix": "/EWKZT5G3YDOTKFPW.jpg"}, "homeCity": "Singapore", "lists": {"groups": [{"items": [], "count": 2, "type": "created"}]}}, {"tips": {"count": 0}, "contact": {"facebook": "593008799"}, "firstName": "Weilong", "gender": "none", "id": "4352089", "bio": "", "photo": {"prefix": "https://igx.4sqi.net/img/user/", "suffix": "/4ALENU33JF02UIZ5.jpg"}, "homeCity": "Singapore", "lists": {"groups": [{"items": [], "count": 2, "type": "created"}]}}, {"tips": {"count": 0}, "contact": {"twitter": "angelanobella", "facebook": "566871693"}, "firstName": "Angela", "gender": "female", "lastName": "Goh", "id": "3513954", "bio": "", "photo": {"prefix": "https://igx.4sqi.net/img/user/", "suffix": "/A2R4VYTEKFHMYJLX.jpg"}, "homeCity": "Singapore", "lists": {"groups": [{"items": [], "count": 2, "type": "created"}]}}, {"tips": {"count": 2}, "contact": {"twitter": "kimchooso", "facebook": "737160730"}, "firstName": "Kim choo", "gender": "female", "lastName": "So", "id": "4248245", "bio": "", "photo": {"prefix": "https://igx.4sqi.net/img/user/", "suffix": "/FOWRCJNTF35BLK2I.jpg"}, "homeCity": "Singapore", "lists": {"groups": [{"items": [], "count": 2, "type": "created"}]}}, {"tips": {"count": 0}, "contact": {"facebook": "632837116"}, "firstName": "Susila", "gender": "female", "lastName": "Ahmad", "id": "5641918", "bio": "", "photo": {"prefix": "https://igx.4sqi.net/img/user/", "suffix": "/DAMKF3G3SGGTUMXZ.jpg"}, "homeCity": "Singapore", "lists": {"groups": [{"items": [], "count": 2, "type": "created"}]}}, {"tips": {"count": 15}, "contact": {"twitter": "simplepris", "facebook": "521968733"}, "firstName": "Prissy", "gender": "female", "lastName": "Fu", "id": "1912110", "bio": "", "photo": {"prefix": "https://igx.4sqi.net/img/user/", "suffix": "/1912110-OO3WFLU4ZX3M1OAS.jpg"}, "homeCity": "Singapore", "lists": {"groups": [{"items": [], "count": 2, "type": "created"}]}}, {"tips": {"count": 0}, "contact": {}, "firstName": "Tok", "gender": "male", "lastName": "Kok li", "id": "4574909", "bio": "", "photo": {"prefix": "https://igx.4sqi.net/img/user/", "suffix": "/blank_boy.png", "default": true}, "homeCity": "Singapore", "lists": {"groups": [{"items": [], "count": 2, "type": "created"}]}}, {"tips": {"count": 0}, "contact": {"facebook": "715388096"}, "firstName": "Florence", "gender": "female", "lastName": "Chua", "id": "3522213", "bio": "", "photo": {"prefix": "https://igx.4sqi.net/img/user/", "suffix": "/4SEJN2OKDBATMVQ0.jpg"}, "homeCity": "Singapore", "lists": {"groups": [{"items": [], "count": 2, "type": "created"}]}}, {"tips": {"count": 1}, "contact": {"facebook": "530407814"}, "firstName": "Adrian", "gender": "male", "lastName": "Quek", "id": "3448866", "bio": "", "photo": {"prefix": "https://igx.4sqi.net/img/user/", "suffix": "/ZS3ESXT300NROIMK.jpg"}, "homeCity": "Singapore", "lists": {"groups": [{"items": [], "count": 2, "type": "created"}]}}, {"tips": {"count": 0}, "contact": {}, "firstName": "Zhiwei", "gender": "male", "lastName": "Huang", "id": "3125395", "bio": "", "photo": {"prefix": "https://igx.4sqi.net/img/user/", "suffix": "/3125395-NXQ31O0KSUZ1EVFY.jpg"}, "homeCity": "Singapore", "lists": {"groups": [{"items": [], "count": 2, "type": "created"}]}}, {"tips": {"count": 0}, "contact": {"facebook": "626088893"}, "firstName": "Eileen", "gender": "none", "lastName": "Koh", "id": "669125", "bio": "", "photo": {"prefix": "https://igx.4sqi.net/img/user/", "suffix": "/21ICGULFBGFJW5UW.jpg"}, "homeCity": "Singapore", "lists": {"groups": [{"items": [], "count": 2, "type": "created"}]}}, {"tips": {"count": 0}, "contact": {}, "firstName": "Lawrence", "gender": "male", "lastName": "Wong", "id": "1108036", "bio": "", "photo": {"prefix": "https://igx.4sqi.net/img/user/", "suffix": "/blank_boy.png", "default": true}, "homeCity": "519599, Singapore", "lists": {"groups": [{"items": [], "count": 2, "type": "created"}]}}, {"tips": {"count": 0}, "contact": {}, "firstName": "Ng", "gender": "none", "lastName": "Edwin", "id": "2700885", "bio": "", "photo": {"prefix": "https://igx.4sqi.net/img/user/", "suffix": "/ZV1JXBHAWSSNO5VX.jpg"}, "homeCity": "Singapore", "lists": {"groups": [{"items": [], "count": 2, "type": "created"}]}}, {"tips": {"count": 0}, "contact": {"twitter": "souleclipser", "facebook": "1575846692"}, "firstName": "Guanwen", "gender": "male", "lastName": "Samuel Huang", "id": "4463635", "bio": "", "photo": {"prefix": "https://igx.4sqi.net/img/user/", "suffix": "/UJ03N1SJC32DUFSZ.jpg"}, "homeCity": "Singapore", "lists": {"groups": [{"items": [], "count": 2, "type": "created"}]}}, {"tips": {"count": 0}, "contact": {}, "firstName": "Josephine", "gender": "female", "lastName": "Heng", "id": "4250837", "bio": "", "photo": {"prefix": "https://igx.4sqi.net/img/user/", "suffix": "/MVCD0XJEDBX3WHHO.jpg"}, "homeCity": "Singapore", "lists": {"groups": [{"items": [], "count": 2, "type": "created"}]}}, {"tips": {"count": 5}, "contact": {}, "firstName": "Xek", "gender": "male", "lastName": "Ng", "id": "5898469", "bio": "", "photo": {"prefix": "https://igx.4sqi.net/img/user/", "suffix": "/ETY0GAP4UIRKFYRF.jpg"}, "homeCity": "Singapore", "lists": {"groups": [{"items": [], "count": 2, "type": "created"}]}}, {"tips": {"count": 2}, "contact": {"twitter": "bamboopandalove", "facebook": "669770787"}, "firstName": "Jeanine Gabrielle", "gender": "female", "lastName": "Goh", "id": "2253563", "bio": "", "photo": {"prefix": "https://igx.4sqi.net/img/user/", "suffix": "/4JATDKDEULWFEORH.jpg"}, "homeCity": "Singapore", "lists": {"groups": [{"items": [], "count": 2, "type": "created"}]}}, {"tips": {"count": 0}, "contact": {}, "firstName": "Richard", "gender": "male", "lastName": "Ho", "id": "5185208", "bio": "", "photo": {"prefix": "https://igx.4sqi.net/img/user/", "suffix": "/blank_boy.png", "default": true}, "homeCity": "New York, NY", "lists": {"groups": [{"items": [], "count": 2, "type": "created"}]}}, {"tips": {"count": 0}, "contact": {"twitter": "mlvnrvna"}, "firstName": "Melvin", "gender": "male", "lastName": "Han", "id": "3841148", "bio": "", "photo": {"prefix": "https://igx.4sqi.net/img/user/", "suffix": "/MUBUP4LBHLP3YF2Y.jpg"}, "homeCity": "Singapore", "lists": {"groups": [{"items": [], "count": 2, "type": "created"}]}}, {"tips": {"count": 4}, "contact": {"twitter": "robinsixho", "facebook": "657607713"}, "firstName": "Robin", "gender": "male", "lastName": "Ho", "id": "3452027", "bio": "", "photo": {"prefix": "https://igx.4sqi.net/img/user/", "suffix": "/AAGXNXZUVDXNUMIA.jpg"}, "homeCity": "SG", "lists": {"groups": [{"items": [], "count": 4, "type": "created"}]}}, {"tips": {"count": 0}, "contact": {}, "firstName": "Algernon", "gender": "male", "lastName": "Chua", "id": "3794925", "bio": "", "photo": {"prefix": "https://igx.4sqi.net/img/user/", "suffix": "/blank_boy.png", "default": true}, "homeCity": "Singapore", "lists": {"groups": [{"items": [], "count": 2, "type": "created"}]}}, {"tips": {"count": 0}, "contact": {"facebook": "557568014"}, "firstName": "Victor", "gender": "male", "lastName": "Mei", "id": "1480125", "bio": "", "photo": {"prefix": "https://igx.4sqi.net/img/user/", "suffix": "/FEAOPOOO5UZU1IHT.jpg"}, "homeCity": "Ang Mo Kio, Singapore", "lists": {"groups": [{"items": [], "count": 2, "type": "created"}]}}, {"tips": {"count": 5}, "contact": {}, "firstName": "Alvin", "gender": "male", "lastName": "Tan", "id": "1135028", "bio": "", "photo": {"prefix": "https://igx.4sqi.net/img/user/", "suffix": "/15BGGHX2AGY5LLI2.jpg"}, "homeCity": "Singapore", "lists": {"groups": [{"items": [], "count": 2, "type": "created"}]}}, {"tips": {"count": 0}, "contact": {"twitter": "kennethhirasawa", "facebook": "663297684"}, "firstName": "Kenneth", "gender": "male", "lastName": "Ngui", "id": "2816610", "bio": "", "photo": {"prefix": "https://igx.4sqi.net/img/user/", "suffix": "/NCXPXMZHKG135PHM.jpg"}, "homeCity": "Singapore", "lists": {"groups": [{"items": [], "count": 2, "type": "created"}]}}, {"tips": {"count": 0}, "contact": {"facebook": "576823036"}, "firstName": "huilin", "gender": "female", "lastName": "yap", "id": "4464976", "bio": "", "photo": {"prefix": "https://igx.4sqi.net/img/user/", "suffix": "/blank_girl.png", "default": true}, "homeCity": "Singapore", "lists": {"groups": [{"items": [], "count": 2, "type": "created"}]}}, {"tips": {"count": 1}, "contact": {"facebook": "604296296"}, "firstName": "Aldrin", "gender": "male", "lastName": "Boey", "id": "2287945", "bio": "", "photo": {"prefix": "https://igx.4sqi.net/img/user/", "suffix": "/IMHDQMW3JJHGJS3V.jpg"}, "homeCity": "Singapore", "lists": {"groups": [{"items": [], "count": 2, "type": "created"}]}}, {"tips": {"count": 0}, "contact": {}, "firstName": "Stefanie", "gender": "female", "lastName": "Oh", "id": "3876933", "bio": "", "photo": {"prefix": "https://igx.4sqi.net/img/user/", "suffix": "/blank_girl.png", "default": true}, "homeCity": "New York, NY", "lists": {"groups": [{"items": [], "count": 2, "type": "created"}]}}, {"tips": {"count": 0}, "contact": {"facebook": "751196302"}, "firstName": "Diana", "gender": "female", "lastName": "Lim", "id": "3457296", "bio": "", "photo": {"prefix": "https://igx.4sqi.net/img/user/", "suffix": "/EWXZGFIORKXCUUPB.jpg"}, "homeCity": "Singapore", "lists": {"groups": [{"items": [], "count": 2, "type": "created"}]}}, {"tips": {"count": 0}, "contact": {"facebook": "653429512"}, "firstName": "Zi yang", "gender": "male", "lastName": "Law", "id": "4626656", "bio": "", "photo": {"prefix": "https://igx.4sqi.net/img/user/", "suffix": "/35ILIAFY3VUIBYFA.jpg"}, "homeCity": "Singapore", "lists": {"groups": [{"items": [], "count": 2, "type": "created"}]}}, {"tips": {"count": 0}, "contact": {"facebook": "592526887"}, "firstName": "Jevan", "gender": "male", "lastName": "Carlos", "id": "1890401", "bio": "", "photo": {"prefix": "https://igx.4sqi.net/img/user/", "suffix": "/CCQSAS2W4K0AZSL2.jpg"}, "homeCity": "Singapore", "lists": {"groups": [{"items": [], "count": 2, "type": "created"}]}}, {"tips": {"count": 2}, "contact": {"twitter": "yvonne1607", "facebook": "582855715"}, "firstName": "Yvonne", "gender": "female", "lastName": "Wong", "id": "1528147", "bio": "", "photo": {"prefix": "https://igx.4sqi.net/img/user/", "suffix": "/CJZV0CTM3S3EYFHB.jpg"}, "homeCity": "Singapore", "lists": {"groups": [{"items": [], "count": 2, "type": "created"}]}}, {"tips": {"count": 0}, "contact": {"facebook": "591206785"}, "firstName": "Benson", "gender": "male", "lastName": "Koh", "id": "3263711", "bio": "", "photo": {"prefix": "https://igx.4sqi.net/img/user/", "suffix": "/M041KKKOTTXB0QNM.jpg"}, "homeCity": "Singapore", "lists": {"groups": [{"items": [], "count": 2, "type": "created"}]}}, {"tips": {"count": 10}, "contact": {"facebook": "591857953"}, "firstName": "Andy", "gender": "male", "lastName": "Bay", "id": "4645140", "bio": "", "photo": {"prefix": "https://igx.4sqi.net/img/user/", "suffix": "/NEQIYILKOKJ24GSN.jpg"}, "homeCity": "Singapore", "lists": {"groups": [{"items": [], "count": 2, "type": "created"}]}}, {"tips": {"count": 5}, "contact": {"facebook": "670298291"}, "firstName": "JQ", "gender": "male", "id": "2773587", "bio": "", "photo": {"prefix": "https://igx.4sqi.net/img/user/", "suffix": "/CW4VEJD5232G4XZO.jpg"}, "homeCity": "Singapore", "lists": {"groups": [{"items": [], "count": 2, "type": "created"}]}}, {"tips": {"count": 0}, "contact": {"facebook": "660412516"}, "firstName": "Chloe", "gender": "female", "lastName": "Loh", "id": "3932238", "bio": "", "photo": {"prefix": "https://igx.4sqi.net/img/user/", "suffix": "/HOPOOKS4VKATAQSB.jpg"}, "homeCity": "singapore", "lists": {"groups": [{"items": [], "count": 2, "type": "created"}]}}, {"tips": {"count": 0}, "contact": {"twitter": "chichaooutside"}, "firstName": "Leong", "gender": "male", "lastName": "Chichao", "id": "3457995", "bio": "", "photo": {"prefix": "https://igx.4sqi.net/img/user/", "suffix": "/TEL5EBQGQES3WGV0.jpg"}, "homeCity": "Singapore", "lists": {"groups": [{"items": [], "count": 2, "type": "created"}]}}, {"tips": {"count": 1}, "contact": {"twitter": "marilynlim", "facebook": "707472989"}, "firstName": "Marilyn", "gender": "female", "lastName": "Lim", "id": "4784788", "bio": "", "photo": {"prefix": "https://igx.4sqi.net/img/user/", "suffix": "/JRK4X041CGQUGEJT.jpg"}, "homeCity": "Singapore", "lists": {"groups": [{"items": [], "count": 2, "type": "created"}]}}, {"tips": {"count": 1}, "contact": {"facebook": "772494972"}, "firstName": "Kayden", "gender": "male", "lastName": "Ng", "id": "1893288", "bio": "", "photo": {"prefix": "https://igx.4sqi.net/img/user/", "suffix": "/JJYQGSUJG2LI4IAP.jpg"}, "homeCity": "Singapore", "lists": {"groups": [{"items": [], "count": 2, "type": "created"}]}}, {"tips": {"count": 0}, "contact": {"twitter": "beckyjaelyn", "facebook": "540564854"}, "firstName": "Becky", "gender": "female", "lastName": "Jaelyn", "id": "1717301", "bio": "", "photo": {"prefix": "https://igx.4sqi.net/img/user/", "suffix": "/KCYWOUHRD4NLIPWD.jpg"}, "homeCity": "Singapore", "lists": {"groups": [{"items": [], "count": 2, "type": "created"}]}}, {"tips": {"count": 0}, "contact": {"twitter": "bigfatfei", "facebook": "714846859"}, "firstName": "Shafril", "gender": "male", "lastName": "Mahindra", "id": "3279085", "bio": "", "photo": {"prefix": "https://igx.4sqi.net/img/user/", "suffix": "/OTDIUKPCGI3X25CP.jpg"}, "homeCity": "Singapore", "lists": {"groups": [{"items": [], "count": 2, "type": "created"}]}}, {"tips": {"count": 0}, "contact": {}, "firstName": "Victor", "gender": "male", "lastName": "Mei", "id": "3575053", "bio": "", "photo": {"prefix": "https://igx.4sqi.net/img/user/", "suffix": "/Z4NKTPIQ01QO4NWR.jpg"}, "homeCity": "Singapore", "lists": {"groups": [{"items": [], "count": 2, "type": "created"}]}}, {"tips": {"count": 7}, "contact": {"facebook": "784573473"}, "firstName": "RuBy Ang", "gender": "female", "id": "5088639", "bio": "", "photo": {"prefix": "https://igx.4sqi.net/img/user/", "suffix": "/Q5AGKOUHJ5LVRHU4.jpg"}, "homeCity": "Singapore", "lists": {"groups": [{"items": [], "count": 2, "type": "created"}]}}, {"tips": {"count": 0}, "contact": {"facebook": "580270988"}, "firstName": "yuan zheng", "gender": "male", "lastName": "ng", "id": "4098311", "bio": "", "photo": {"prefix": "https://igx.4sqi.net/img/user/", "suffix": "/blank_boy.png", "default": true}, "homeCity": "Singapore", "lists": {"groups": [{"items": [], "count": 2, "type": "created"}]}}, {"tips": {"count": 6}, "contact": {}, "firstName": "Gabriel", "gender": "male", "id": "2947735", "bio": "", "photo": {"prefix": "https://igx.4sqi.net/img/user/", "suffix": "/WWFP0XCOQYTEYAMO.jpg"}, "homeCity": "Singapore", "lists": {"groups": [{"items": [], "count": 2, "type": "created"}]}}, {"tips": {"count": 0}, "contact": {"facebook": "1404278263"}, "firstName": "Cynthia", "gender": "female", "lastName": "Li", "id": "2224481", "bio": "", "photo": {"prefix": "https://igx.4sqi.net/img/user/", "suffix": "/0SQ5GUCEKXRXLSFO.jpg"}, "homeCity": "Singapore", "lists": {"groups": [{"items": [], "count": 2, "type": "created"}]}}, {"tips": {"count": 0}, "contact": {"facebook": "640281468"}, "firstName": "xiaoyiing", "gender": "female", "lastName": "situ", "id": "3393370", "bio": "", "photo": {"prefix": "https://igx.4sqi.net/img/user/", "suffix": "/VKCMMUNIWK1RLFAY.jpg"}, "homeCity": "Singapore", "lists": {"groups": [{"items": [], "count": 2, "type": "created"}]}}, {"tips": {"count": 0}, "contact": {"facebook": "565652740"}, "firstName": "Vanessa", "gender": "female", "lastName": "Teo", "id": "3956182", "bio": "", "photo": {"prefix": "https://igx.4sqi.net/img/user/", "suffix": "/PCL31DJYZ5R5ZL5J.jpg"}, "homeCity": "Singapore", "lists": {"groups": [{"items": [], "count": 2, "type": "created"}]}}, {"tips": {"count": 0}, "contact": {"twitter": "nelsonleong", "facebook": "756094687"}, "firstName": "Nelson", "gender": "male", "lastName": "Leong", "id": "4144388", "bio": "", "photo": {"prefix": "https://igx.4sqi.net/img/user/", "suffix": "/NAOVPZ2LMSBNHZB1.jpg"}, "homeCity": "Singapore", "lists": {"groups": [{"items": [], "count": 2, "type": "created"}]}}, {"tips": {"count": 0}, "contact": {"twitter": "lyicanda", "facebook": "608237611"}, "firstName": "lyicanda", "gender": "female", "id": "2262873", "bio": "", "photo": {"prefix": "https://igx.4sqi.net/img/user/", "suffix": "/2EV1WBLPTKAE4LPW.jpg"}, "homeCity": "Singapore", "lists": {"groups": [{"items": [], "count": 2, "type": "created"}]}}, {"tips": {"count": 0}, "contact": {}, "firstName": "Ray", "gender": "male", "lastName": "Sim", "id": "3437610", "bio": "", "photo": {"prefix": "https://igx.4sqi.net/img/user/", "suffix": "/RDRKMEVYY15Q3FD0.jpg"}, "homeCity": "Singapore", "lists": {"groups": [{"items": [], "count": 2, "type": "created"}]}}, {"tips": {"count": 0}, "contact": {"facebook": "1841270140"}, "firstName": "Joey", "gender": "female", "lastName": "Tan", "id": "4661646", "bio": "", "photo": {"prefix": "https://igx.4sqi.net/img/user/", "suffix": "/blank_girl.png", "default": true}, "homeCity": "Singapore", "lists": {"groups": [{"items": [], "count": 2, "type": "created"}]}}, {"tips": {"count": 0}, "contact": {"facebook": "564829267"}, "firstName": "Ellen", "gender": "female", "id": "4145107", "bio": "", "photo": {"prefix": "https://igx.4sqi.net/img/user/", "suffix": "/D2SKTE4BRK5INXTH.jpg"}, "homeCity": "Singapore", "lists": {"groups": [{"items": [], "count": 2, "type": "created"}]}}, {"tips": {"count": 3}, "contact": {"twitter": "jimathans", "facebook": "631095277"}, "firstName": "Jim", "gender": "male", "lastName": "!", "id": "2780606", "bio": "", "photo": {"prefix": "https://igx.4sqi.net/img/user/", "suffix": "/122ISQD2TOQ20FWU.jpg"}, "homeCity": "Singapore", "lists": {"groups": [{"items": [], "count": 2, "type": "created"}]}}, {"tips": {"count": 0}, "contact": {"facebook": "599008860"}, "firstName": "shan", "gender": "female", "lastName": "ong", "id": "3506995", "bio": "", "photo": {"prefix": "https://igx.4sqi.net/img/user/", "suffix": "/NNMZXEKTWR33IEBF.jpg"}, "homeCity": "Singapore", "lists": {"groups": [{"items": [], "count": 2, "type": "created"}]}}, {"tips": {"count": 0}, "contact": {}, "firstName": "Clifton", "gender": "male", "lastName": "Lee", "id": "4909247", "bio": "", "photo": {"prefix": "https://igx.4sqi.net/img/user/", "suffix": "/C4WM2ZNXUQ0W3WSR.jpg"}, "homeCity": "Singapore", "lists": {"groups": [{"items": [], "count": 2, "type": "created"}]}}, {"tips": {"count": 0}, "contact": {}, "firstName": "Jonathan", "gender": "male", "lastName": "Chen", "id": "4725060", "bio": "", "photo": {"prefix": "https://igx.4sqi.net/img/user/", "suffix": "/VPMAMOJ0GN33UGMY.jpg"}, "homeCity": "Singapore", "lists": {"groups": [{"items": [], "count": 2, "type": "created"}]}}, {"tips": {"count": 0}, "contact": {"facebook": "714329097"}, "firstName": "Vanessa", "gender": "female", "id": "3015737", "bio": "", "photo": {"prefix": "https://igx.4sqi.net/img/user/", "suffix": "/C51NJZO2CT5VZRDT.jpg"}, "homeCity": "Singapore", "lists": {"groups": [{"items": [], "count": 2, "type": "created"}]}}, {"tips": {"count": 0}, "contact": {"facebook": "740365891"}, "firstName": "Tok", "gender": "male", "lastName": "WeeLiang", "id": "3862314", "bio": "", "photo": {"prefix": "https://igx.4sqi.net/img/user/", "suffix": "/E0XQVZ0MG2ZWGW1I.jpg"}, "homeCity": "Singapore", "lists": {"groups": [{"items": [], "count": 2, "type": "created"}]}}, {"tips": {"count": 34}, "contact": {"twitter": "unclehoe", "facebook": "671536847"}, "firstName": "\ud83d\udc51 Clarence", "gender": "male", "lastName": "Hoe", "id": "4990048", "bio": "", "photo": {"prefix": "https://igx.4sqi.net/img/user/", "suffix": "/41QRUKPNULKSMOCW.jpg"}, "homeCity": "Singapore", "lists": {"groups": [{"items": [], "count": 2, "type": "created"}]}}, {"tips": {"count": 0}, "contact": {"facebook": "517889341"}, "firstName": "Sam", "gender": "male", "lastName": "Yao", "id": "3020817", "bio": "", "photo": {"prefix": "https://igx.4sqi.net/img/user/", "suffix": "/blank_boy.png", "default": true}, "homeCity": "New York, NY", "lists": {"groups": [{"items": [], "count": 2, "type": "created"}]}}, {"tips": {"count": 0}, "contact": {"facebook": "599732880"}, "firstName": "Adam", "gender": "male", "lastName": "Surin", "id": "4042503", "bio": "", "photo": {"prefix": "https://igx.4sqi.net/img/user/", "suffix": "/KQVYSHZKDRXL4QXF.jpg"}, "homeCity": "Singapore", "lists": {"groups": [{"items": [], "count": 2, "type": "created"}]}}, {"tips": {"count": 0}, "contact": {"facebook": "678362606"}, "firstName": "Julian", "gender": "male", "lastName": "Tan", "id": "5322166", "bio": "", "photo": {"prefix": "https://igx.4sqi.net/img/user/", "suffix": "/blank_boy.png", "default": true}, "homeCity": "Singapore, SG", "lists": {"groups": [{"items": [], "count": 2, "type": "created"}]}}, {"tips": {"count": 0}, "contact": {}, "firstName": "Jackson", "gender": "male", "lastName": "Neo", "id": "3080259", "bio": "", "photo": {"prefix": "https://igx.4sqi.net/img/user/", "suffix": "/blank_boy.png", "default": true}, "homeCity": "Singapore", "lists": {"groups": [{"items": [], "count": 2, "type": "created"}]}}, {"tips": {"count": 0}, "contact": {"facebook": "584559108"}, "firstName": "Serene", "gender": "female", "lastName": "Toh", "id": "4123040", "bio": "", "photo": {"prefix": "https://igx.4sqi.net/img/user/", "suffix": "/TF5UY5GP4UQJH2U0.jpg"}, "homeCity": "Singapore", "lists": {"groups": [{"items": [], "count": 2, "type": "created"}]}}, {"tips": {"count": 0}, "contact": {"twitter": "lordyongloon", "facebook": "690561435"}, "firstName": "Ng", "gender": "male", "lastName": "Yongloon", "id": "3089323", "bio": "", "photo": {"prefix": "https://igx.4sqi.net/img/user/", "suffix": "/TW3KK2B5DAC30IIP.jpg"}, "homeCity": "Singapore", "lists": {"groups": [{"items": [], "count": 2, "type": "created"}]}}, {"tips": {"count": 0}, "contact": {"facebook": "770759579"}, "firstName": "Aaron", "gender": "none", "id": "4123321", "bio": "", "photo": {"prefix": "https://igx.4sqi.net/img/user/", "suffix": "/5M414DEMB4KI0FY2.jpg"}, "homeCity": "Singapore", "lists": {"groups": [{"items": [], "count": 2, "type": "created"}]}}, {"tips": {"count": 4}, "contact": {"twitter": "mdshaikshah", "facebook": "569986883"}, "firstName": "Shaik", "gender": "male", "lastName": "Shah", "id": "3185946", "bio": "", "photo": {"prefix": "https://igx.4sqi.net/img/user/", "suffix": "/XU14T1YOK5PBT5KO.jpg"}, "homeCity": "Singapore", "lists": {"groups": [{"items": [], "count": 2, "type": "created"}]}}, {"tips": {"count": 0}, "contact": {"facebook": "613673635"}, "firstName": "Steven", "gender": "male", "lastName": "Khew", "id": "4134421", "bio": "", "photo": {"prefix": "https://igx.4sqi.net/img/user/", "suffix": "/V2L0LKENYAFIP1O0.jpg"}, "homeCity": "Singapore", "lists": {"groups": [{"items": [], "count": 2, "type": "created"}]}}, {"tips": {"count": 3}, "contact": {}, "firstName": "D", "gender": "female", "lastName": "D", "id": "3417483", "bio": "", "photo": {"prefix": "https://igx.4sqi.net/img/user/", "suffix": "/3417483-2RTECVW1DDV4QPZS"}, "homeCity": "Singapore", "lists": {"groups": [{"items": [], "count": 2, "type": "created"}]}}, {"tips": {"count": 1}, "contact": {"facebook": "577401266"}, "firstName": "Turtle", "gender": "male", "lastName": "Seah", "id": "4439207", "bio": "", "photo": {"prefix": "https://igx.4sqi.net/img/user/", "suffix": "/C4FPUIGXCRM2Z1LQ.jpg"}, "homeCity": "Singapore", "lists": {"groups": [{"items": [], "count": 2, "type": "created"}]}}, {"tips": {"count": 4}, "contact": {}, "firstName": "Bong", "gender": "male", "lastName": "Ong", "id": "3492254", "bio": "", "photo": {"prefix": "https://igx.4sqi.net/img/user/", "suffix": "/XNWOPYD0DSJCUWXT.jpg"}, "homeCity": "Singapore", "lists": {"groups": [{"items": [], "count": 2, "type": "created"}]}}, {"tips": {"count": 0}, "contact": {}, "firstName": "\u5bcc\u7f8e\u5b50", "gender": "female", "id": "4688289", "bio": "", "photo": {"prefix": "https://igx.4sqi.net/img/user/", "suffix": "/MJPW51ZXCBBHY3AB.jpg"}, "homeCity": "Singapore", "lists": {"groups": [{"items": [], "count": 2, "type": "created"}]}}, {"tips": {"count": 0}, "contact": {}, "firstName": "Raymond", "gender": "male", "lastName": "Ong", "id": "3553485", "bio": "", "photo": {"prefix": "https://igx.4sqi.net/img/user/", "suffix": "/PQMEGOCX1RDQZG15.jpg"}, "homeCity": "Singapore", "lists": {"groups": [{"items": [], "count": 2, "type": "created"}]}}, {"tips": {"count": 0}, "contact": {"facebook": "618520851"}, "firstName": "Kenny", "gender": "male", "lastName": "Sim", "id": "4693327", "bio": "", "photo": {"prefix": "https://igx.4sqi.net/img/user/", "suffix": "/blank_boy.png", "default": true}, "homeCity": "Singapore", "lists": {"groups": [{"items": [], "count": 2, "type": "created"}]}}, {"tips": {"count": 12}, "contact": {"twitter": "noelng33"}, "firstName": "nOel\u2122", "gender": "male", "id": "3555563", "bio": "", "photo": {"prefix": "https://igx.4sqi.net/img/user/", "suffix": "/IZ10ZSR00JC0GXKY.jpg"}, "homeCity": "Singapore", "lists": {"groups": [{"items": [], "count": 3, "type": "created"}]}}, {"tips": {"count": 0}, "contact": {"facebook": "551058828"}, "firstName": "Jason", "gender": "male", "lastName": "Chew", "id": "4752194", "bio": "", "photo": {"prefix": "https://igx.4sqi.net/img/user/", "suffix": "/N3CUGGEORO5QBOAL.jpg"}, "homeCity": "Singapore", "lists": {"groups": [{"items": [], "count": 2, "type": "created"}]}}, {"tips": {"count": 0}, "contact": {"facebook": "629152186"}, "firstName": "sonqlin", "gender": "male", "lastName": "pnq", "id": "3606617", "bio": "", "photo": {"prefix": "https://igx.4sqi.net/img/user/", "suffix": "/DSEBZCMZW2BSQC5F.jpg"}, "homeCity": "Singapore", "lists": {"groups": [{"items": [], "count": 2, "type": "created"}]}}, {"tips": {"count": 0}, "contact": {"facebook": "883985520"}, "firstName": "Ling", "gender": "female", "lastName": "Ling", "id": "4756973", "bio": "", "photo": {"prefix": "https://igx.4sqi.net/img/user/", "suffix": "/ZYEZMP3RXNFSKPDM.jpg"}, "homeCity": "Singapore", "lists": {"groups": [{"items": [], "count": 2, "type": "created"}]}}, {"tips": {"count": 0}, "contact": {}, "firstName": "Madeline", "gender": "female", "lastName": "Tew", "id": "3608607", "bio": "", "photo": {"prefix": "https://igx.4sqi.net/img/user/", "suffix": "/RGBYR5DZSDILUZ33.jpg"}, "homeCity": "Singapore", "lists": {"groups": [{"items": [], "count": 2, "type": "created"}]}}, {"tips": {"count": 0}, "contact": {"facebook": "770209174"}, "firstName": "Alvin", "gender": "male", "lastName": "Tan Jie Wen", "id": "5767896", "bio": "", "photo": {"prefix": "https://igx.4sqi.net/img/user/", "suffix": "/5767896-2NL2AQDQCSXKUOR2.jpg"}, "homeCity": "Singapore", "lists": {"groups": [{"items": [], "count": 2, "type": "created"}]}}, {"tips": {"count": 1}, "contact": {"twitter": "zpeter865465", "facebook": "929235560422911"}, "firstName": "Peter", "gender": "male", "lastName": "Zhang", "id": "3688615", "bio": "", "photo": {"prefix": "https://igx.4sqi.net/img/user/", "suffix": "/VHGXVGBZROIMGCPJ.jpg"}, "homeCity": "Singapore", "lists": {"groups": [{"items": [], "count": 2, "type": "created"}]}}, {"tips": {"count": 0}, "contact": {}, "firstName": "Elvin", "gender": "male", "lastName": "Poh", "id": "5801757", "bio": "", "photo": {"prefix": "https://igx.4sqi.net/img/user/", "suffix": "/blank_boy.png", "default": true}, "homeCity": "Singapore", "lists": {"groups": [{"items": [], "count": 2, "type": "created"}]}}, {"tips": {"count": 0}, "contact": {"facebook": "599162140"}, "firstName": "Jesseca", "gender": "female", "lastName": "Tan", "id": "3689336", "bio": "", "photo": {"prefix": "https://igx.4sqi.net/img/user/", "suffix": "/XTPK3ZIBCV50KPDU.jpg"}, "homeCity": "New York, NY", "lists": {"groups": [{"items": [], "count": 2, "type": "created"}]}}, {"tips": {"count": 0}, "contact": {}, "firstName": "Andy", "gender": "male", "lastName": "Lim", "id": "3708927", "bio": "", "photo": {"prefix": "https://igx.4sqi.net/img/user/", "suffix": "/H3NXGBYYSW0GMRDZ.jpg"}, "homeCity": "Singapore", "lists": {"groups": [{"items": [], "count": 2, "type": "created"}]}}, {"tips": {"count": 0}, "contact": {"twitter": "cursedwithrain", "facebook": "10152911191164039"}, "firstName": "Jayson", "gender": "male", "lastName": "Lim", "id": "3981282", "bio": "", "photo": {"prefix": "https://igx.4sqi.net/img/user/", "suffix": "/HJTTHRPT4JH3W2R1.jpg"}, "homeCity": "Singapore", "lists": {"groups": [{"items": [], "count": 2, "type": "created"}]}}, {"tips": {"count": 0}, "contact": {"twitter": "jansonlim", "facebook": "535141270"}, "firstName": "Janson", "gender": "male", "lastName": "Lim", "id": "3987506", "bio": "", "photo": {"prefix": "https://igx.4sqi.net/img/user/", "suffix": "/54ROZ3GTMYQS334R.jpg"}, "homeCity": "Singapore", "lists": {"groups": [{"items": [], "count": 2, "type": "created"}]}}, {"tips": {"count": 0}, "contact": {}, "firstName": "Steven", "gender": "none", "lastName": "Khew", "id": "3993927", "bio": "", "photo": {"prefix": "https://igx.4sqi.net/img/user/", "suffix": "/blank_boy.png", "default": true}, "homeCity": "New York, NY", "lists": {"groups": [{"items": [], "count": 2, "type": "created"}]}}, {"tips": {"count": 0}, "contact": {"facebook": "647551014"}, "firstName": "Ke Han", "gender": "male", "lastName": "Tan", "id": "3994574", "bio": "", "photo": {"prefix": "https://igx.4sqi.net/img/user/", "suffix": "/blank_boy.png", "default": true}, "homeCity": "Singapore", "lists": {"groups": [{"items": [], "count": 2, "type": "created"}]}}, {"tips": {"count": 0}, "contact": {"facebook": "1410095177"}, "firstName": "HiGhLyPrInCe", "gender": "male", "lastName": "PeEAnN", "id": "4427703", "bio": "", "photo": {"prefix": "https://igx.4sqi.net/img/user/", "suffix": "/Q5PMQQS2P3TRA44A.jpg"}, "homeCity": "Singapore", "lists": {"groups": [{"items": [], "count": 2, "type": "created"}]}}, {"tips": {"count": 39}, "contact": {"twitter": "pwlow", "facebook": "594601179"}, "firstName": "Low", "gender": "male", "lastName": "Pei Wei", "id": "4483040", "bio": "", "photo": {"prefix": "https://igx.4sqi.net/img/user/", "suffix": "/MBV3EQ4DCDTKH3YC.jpg"}, "homeCity": "Singapore, Singapore", "lists": {"groups": [{"items": [], "count": 2, "type": "created"}]}}, {"tips": {"count": 0}, "contact": {"facebook": "715220718"}, "firstName": "Winson", "gender": "male", "lastName": "Tanyifu", "id": "5133668", "bio": "", "photo": {"prefix": "https://igx.4sqi.net/img/user/", "suffix": "/blank_boy.png", "default": true}, "homeCity": "Singapore", "lists": {"groups": [{"items": [], "count": 2, "type": "created"}]}}, {"tips": {"count": 3}, "contact": {"twitter": "flashpops", "facebook": "822158265"}, "firstName": "Therese", "gender": "female", "lastName": "Tan", "id": "5233659", "bio": "", "photo": {"prefix": "https://igx.4sqi.net/img/user/", "suffix": "/MEPIAZNJR4K3RMKI.jpg"}, "homeCity": "Singapore", "lists": {"groups": [{"items": [], "count": 2, "type": "created"}]}}, {"tips": {"count": 0}, "contact": {}, "firstName": "Vincent", "gender": "male", "id": "5340768", "bio": "", "photo": {"prefix": "https://igx.4sqi.net/img/user/", "suffix": "/QJWIYC4PZODXQNDP.jpg"}, "homeCity": "New York, NY", "lists": {"groups": [{"items": [], "count": 2, "type": "created"}]}}, {"tips": {"count": 0}, "contact": {"facebook": "553365292"}, "firstName": "Lionel", "gender": "male", "lastName": "Chiew", "id": "5738043", "bio": "", "photo": {"prefix": "https://igx.4sqi.net/img/user/", "suffix": "/blank_boy.png", "default": true}, "homeCity": "Unnamed Location", "lists": {"groups": [{"items": [], "count": 2, "type": "created"}]}}, {"tips": {"count": 0}, "contact": {"facebook": "540217343"}, "firstName": "Alene", "gender": "female", "lastName": "Ye", "id": "5968657", "bio": "", "photo": {"prefix": "https://igx.4sqi.net/img/user/", "suffix": "/OIR2KHVCTDF5QSMZ.jpg"}, "homeCity": "Singapore", "lists": {"groups": [{"items": [], "count": 2, "type": "created"}]}}], "count": 223}, "checksum": "f42220e7bbc260923427ddef49f4ce21be9aeadf"}, "meta": {"requestId": "59661e4b351e3d64afa4ccd0", "code": 200}}