{"notifications": [{"type": "notificationTray", "item": {"unreadCount": 0}}], "response": {"friends": {"items": [{"tips": {"count": 0}, "contact": {}, "firstName": "WanYan", "gender": "female", "lastName": "Tan", "id": "68526277", "bio": "", "photo": {"prefix": "https://igx.4sqi.net/img/user/", "suffix": "/EPJ4IUVBOLMK4PL3.jpg"}, "homeCity": "Singapore", "lists": {"groups": [{"items": [], "count": 2, "type": "created"}]}}, {"tips": {"count": 2}, "contact": {"twitter": "pablorenanveri2", "facebook": "100004216954169"}, "firstName": "Pablo", "gender": "male", "lastName": "Renan", "id": "58965231", "bio": "", "photo": {"prefix": "https://igx.4sqi.net/img/user/", "suffix": "/QPWCEOAGXEAMQHTW.jpg"}, "homeCity": "Terra Boa, PR", "lists": {"groups": [{"items": [], "count": 2, "type": "created"}]}}, {"tips": {"count": 55}, "contact": {"twitter": "superadrianme", "facebook": "726877663"}, "firstName": "SUPERADRIANME", "gender": "male", "id": "266895", "bio": "Visit us at http://SUPERADRIANME.com", "photo": {"prefix": "https://igx.4sqi.net/img/user/", "suffix": "/WVYLUZO5LLIB3QX5.jpg"}, "homeCity": "Singapore", "lists": {"groups": [{"items": [], "count": 2, "type": "created"}]}}, {"tips": {"count": 15}, "contact": {"twitter": "seniorbitch", "facebook": "786938031"}, "firstName": "Alf", "gender": "male", "lastName": "Teo", "id": "431913", "bio": "", "photo": {"prefix": "https://igx.4sqi.net/img/user/", "suffix": "/MLB5IDMBNX3JQ55N.jpg"}, "homeCity": "Singapore", "lists": {"groups": [{"items": [], "count": 2, "type": "created"}]}}, {"tips": {"count": 0}, "contact": {"facebook": "100006333216744"}, "firstName": "Kamelia", "gender": "female", "lastName": "Lamanati", "id": "25337528", "bio": "", "photo": {"prefix": "https://igx.4sqi.net/img/user/", "suffix": "/T2P2QGKTCE2J4Z2C.jpg"}, "homeCity": "Temple terrace fl ", "lists": {"groups": [{"items": [], "count": 2, "type": "created"}]}}, {"tips": {"count": 2}, "contact": {}, "firstName": "Ellice", "gender": "female", "lastName": "Tan", "id": "4257781", "bio": "", "photo": {"prefix": "https://igx.4sqi.net/img/user/", "suffix": "/WR2X1J3NKK2CP0XO.jpg"}, "homeCity": "Singapore", "lists": {"groups": [{"items": [], "count": 3, "type": "created"}]}}, {"tips": {"count": 25}, "contact": {}, "firstName": "Wong", "gender": "female", "lastName": "Casandra", "id": "10294552", "bio": "Bored, perpetually. And seeking for a cure to migraines.", "photo": {"prefix": "https://igx.4sqi.net/img/user/", "suffix": "/JOXXFHGI2EGHYT02.jpg"}, "homeCity": "Singapore", "lists": {"groups": [{"items": [], "count": 5, "type": "created"}]}}, {"tips": {"count": 1}, "contact": {"twitter": "louisebolo"}, "firstName": "Louise", "gender": "female", "lastName": "Bolo", "id": "245979", "bio": "", "photo": {"prefix": "https://igx.4sqi.net/img/user/", "suffix": "/PKCZB4EKMWP1LPPN.jpg"}, "homeCity": "Singapore", "lists": {"groups": [{"items": [], "count": 2, "type": "created"}]}}, {"tips": {"count": 404}, "contact": {}, "firstName": "Lex", "gender": "male", "lastName": "de Medici \ud83c\udf93", "id": "8445137", "bio": "\u2606\u25cf\u25c7Travel junkie, It&C addict, SF lover\u25c6\u25cb\u2605", "photo": {"prefix": "https://igx.4sqi.net/img/user/", "suffix": "/8445137_8Je8BdfV_kcRWO97ZJqHS8ebXh9RBkfk-yvREksDmF_aeuLHneQjfhHGaT9VO4ilaejzmqGPn.jpg"}, "homeCity": "Bucure\u0219ti, Romania", "lists": {"groups": [{"items": [], "count": 10, "type": "created"}]}}, {"tips": {"count": 2}, "contact": {}, "firstName": "Artino", "gender": "male", "lastName": "M", "id": "5013623", "bio": "", "photo": {"prefix": "https://igx.4sqi.net/img/user/", "suffix": "/44X4YRYOB0O3GXOK.jpg"}, "homeCity": "Singapore", "lists": {"groups": [{"items": [], "count": 3, "type": "created"}]}}, {"tips": {"count": 29}, "contact": {"twitter": "anctsasa1971", "facebook": "100001295713510"}, "firstName": "Hisayuki", "gender": "male", "lastName": "Sasaoka", "id": "13723461", "bio": "", "photo": {"prefix": "https://igx.4sqi.net/img/user/", "suffix": "/P1WKIEM5GTWADJFZ.jpg"}, "homeCity": "\u65ed\u5ddd\u5e02, \u65e5\u672c", "lists": {"groups": [{"items": [], "count": 2, "type": "created"}]}}, {"tips": {"count": 19}, "contact": {}, "firstName": "Alex", "gender": "male", "lastName": "Kwa", "id": "437465", "bio": "Designer, coffee connoisseur, denimhead, blogger, Apple fanboy.", "photo": {"prefix": "https://igx.4sqi.net/img/user/", "suffix": "/GKZKINQUFFCPADST.png"}, "homeCity": "Singapore", "lists": {"groups": [{"items": [], "count": 3, "type": "created"}]}}, {"tips": {"count": 20}, "contact": {}, "firstName": "RMIT", "gender": "none", "lastName": "University", "id": "308628", "bio": "We like tech stuff, sciences, funky art and design, and most of all, learning. We are Australia\u2019s largest tertiary institution. CRICOS 00122A", "photo": {"prefix": "https://igx.4sqi.net/img/user/", "suffix": "/SESRG2PIHPN1N3ZB.png"}, "homeCity": "Melbourne, Australia", "lists": {"groups": [{"items": [], "count": 2, "type": "created"}]}}, {"tips": {"count": 0}, "contact": {"twitter": "superweedy", "facebook": "10154028264362613"}, "firstName": "Wendy", "gender": "female", "lastName": "Tan", "id": "5404485", "bio": "", "photo": {"prefix": "https://igx.4sqi.net/img/user/", "suffix": "/RIX055G3AFPFUZVB.jpg"}, "homeCity": "Singapore", "lists": {"groups": [{"items": [], "count": 4, "type": "created"}]}}, {"tips": {"count": 24}, "contact": {"twitter": "ashorty", "facebook": "553680712"}, "firstName": "Andrew", "gender": "male", "lastName": "Short", "id": "344852", "bio": "", "photo": {"prefix": "https://igx.4sqi.net/img/user/", "suffix": "/344852-BVMBQET5OESJNM4E.jpg"}, "homeCity": "Geneva, Switzerland", "lists": {"groups": [{"items": [], "count": 2, "type": "created"}]}}, {"tips": {"count": 141}, "contact": {"twitter": "atariboy", "facebook": "592521891"}, "firstName": "Cris", "gender": "male", "lastName": "Pearson", "id": "133248", "bio": "Love: Melbourne, San Francisco, Austin, Antwerp, Singapore, Hanoi, Bangkok, Portland, Vancouver.", "photo": {"prefix": "https://igx.4sqi.net/img/user/", "suffix": "/133248-TQP0VRP1KDAEKABR.jpg"}, "homeCity": "Redwood City, CA", "lists": {"groups": [{"items": [], "count": 24, "type": "created"}]}}, {"tips": {"count": 37}, "contact": {"twitter": "mun_chong", "facebook": "720625985"}, "firstName": "Mun Chong", "gender": "male", "lastName": "Wong", "id": "827252", "bio": "", "photo": {"prefix": "https://igx.4sqi.net/img/user/", "suffix": "/827252-VB3IG4D22VHPCO5W.jpg"}, "homeCity": "Singapore", "lists": {"groups": [{"items": [], "count": 2, "type": "created"}]}}, {"tips": {"count": 0}, "contact": {"facebook": "759432194"}, "firstName": "Wayne", "gender": "male", "lastName": "Lau", "id": "786395", "bio": "", "photo": {"prefix": "https://igx.4sqi.net/img/user/", "suffix": "/WOC3F3W5SQKOJBO1.jpg"}, "homeCity": "Ang Mo Kio, Singapore", "lists": {"groups": [{"items": [], "count": 2, "type": "created"}]}}, {"tips": {"count": 215}, "contact": {"facebook": "1752564298355426"}, "firstName": "Grace", "gender": "female", "id": "2552338", "bio": "", "photo": {"prefix": "https://irs0.4sqi.net/img/user/", "suffix": "/2552338-1KIB3EOPMKYARP4R.jpg"}, "homeCity": "Singapore", "lists": {"groups": [{"items": [], "count": 2, "type": "created"}]}}, {"tips": {"count": 18}, "contact": {"twitter": "ceres_72", "facebook": "1570340791"}, "firstName": "Ceres", "gender": "male", "id": "11307575", "bio": "instagram ceres07", "photo": {"prefix": "https://igx.4sqi.net/img/user/", "suffix": "/11307575-RNOHSJYXK3FN51WT.jpg"}, "homeCity": "Milano", "lists": {"groups": [{"items": [], "count": 12, "type": "created"}]}}, {"tips": {"count": 0}, "contact": {}, "firstName": "Sakula", "gender": "female", "lastName": "Yi ki", "id": "185563949", "bio": "", "photo": {"prefix": "https://igx.4sqi.net/img/user/", "suffix": "/185563949-0DIF0ELYFAWR4XVN.png"}, "homeCity": "Shanghai, 23", "lists": {"groups": [{"items": [], "count": 2, "type": "created"}]}}, {"tips": {"count": 25}, "contact": {"twitter": "bioanarchism", "facebook": "670444941"}, "firstName": "Michael", "gender": "male", "lastName": "Feng", "id": "271024", "bio": "", "photo": {"prefix": "https://igx.4sqi.net/img/user/", "suffix": "/X3SBT00THGFSPEYV.jpg"}, "homeCity": "Singapore", "lists": {"groups": [{"items": [], "count": 5, "type": "created"}]}}, {"tips": {"count": 0}, "contact": {}, "firstName": "Rowene", "gender": "female", "lastName": "Law", "id": "29502330", "bio": "", "photo": {"prefix": "https://igx.4sqi.net/img/user/", "suffix": "/N5AMXAXZTCUIILBW.jpg"}, "homeCity": "New York, NY", "lists": {"groups": [{"items": [], "count": 2, "type": "created"}]}}, {"tips": {"count": 0}, "contact": {"facebook": "100003619319152"}, "firstName": "He", "gender": "female", "lastName": "Xiuli", "id": "26471839", "bio": "", "photo": {"prefix": "https://igx.4sqi.net/img/user/", "suffix": "/Z2ZLVEFBXOVLT4M4.jpg"}, "homeCity": "New York, NY", "lists": {"groups": [{"items": [], "count": 3, "type": "created"}]}}, {"tips": {"count": 0}, "contact": {}, "firstName": "Nina", "gender": "female", "lastName": "Ee", "id": "17435210", "bio": "", "photo": {"prefix": "https://igx.4sqi.net/img/user/", "suffix": "/blank_girl.png", "default": true}, "homeCity": "Singapore", "lists": {"groups": [{"items": [], "count": 3, "type": "created"}]}}, {"tips": {"count": 2}, "contact": {}, "firstName": "Erina", "gender": "female", "lastName": "K", "id": "20231213", "bio": "", "photo": {"prefix": "https://igx.4sqi.net/img/user/", "suffix": "/GXY3005PWP5S2LKL.jpg"}, "homeCity": "Tokyo", "lists": {"groups": [{"items": [], "count": 2, "type": "created"}]}}, {"tips": {"count": 81}, "contact": {}, "firstName": "Ces", "gender": "male", "lastName": ":)", "id": "246004", "bio": "Likes buttons, flashing lights and buzzing sounds.", "photo": {"prefix": "https://igx.4sqi.net/img/user/", "suffix": "/MZGCKGUVJDARIZKJ.jpg"}, "homeCity": "Zurich, Switzerland", "lists": {"groups": [{"items": [], "count": 3, "type": "created"}]}}, {"tips": {"count": 17}, "contact": {"twitter": "traveldivarita"}, "firstName": "Rita", "gender": "female", "lastName": "Goh", "id": "10837948", "bio": "Traveller, foodie, golfer, diver, marketer, communicator.", "photo": {"prefix": "https://igx.4sqi.net/img/user/", "suffix": "/IP0RRBLR0I1KTST1.jpg"}, "homeCity": "", "lists": {"groups": [{"items": [], "count": 2, "type": "created"}]}}, {"tips": {"count": 5}, "contact": {"facebook": "610425914"}, "firstName": "\u00d6nc\u00fc", "gender": "male", "lastName": "\u00d6zbay", "id": "47561008", "bio": "", "photo": {"prefix": "https://igx.4sqi.net/img/user/", "suffix": "/VPMJNCANLUBJYGAM.jpg"}, "homeCity": "Ankara", "lists": {"groups": [{"items": [], "count": 2, "type": "created"}]}}, {"tips": {"count": 2}, "contact": {"twitter": "starrxu", "facebook": "500945981"}, "firstName": "choh shin", "gender": "male", "lastName": "koh", "id": "442864", "bio": "", "photo": {"prefix": "https://igx.4sqi.net/img/user/", "suffix": "/MJMCIRMP4XAEG4RV.jpg"}, "homeCity": "Bishan, Singapore", "lists": {"groups": [{"items": [], "count": 2, "type": "created"}]}}, {"tips": {"count": 30}, "contact": {"twitter": "coxmod"}, "firstName": "Joe", "gender": "male", "lastName": "Loy", "id": "308714", "bio": "", "photo": {"prefix": "https://igx.4sqi.net/img/user/", "suffix": "/JJ2LE1JOZDANXQZV.jpg"}, "homeCity": "Singapore", "lists": {"groups": [{"items": [], "count": 2, "type": "created"}]}}, {"tips": {"count": 0}, "contact": {"facebook": "688792259"}, "firstName": "Elizabeth", "gender": "female", "lastName": "Wan", "id": "24881073", "bio": "", "photo": {"prefix": "https://igx.4sqi.net/img/user/", "suffix": "/3SSJRUULNBIC4DYH.jpg"}, "homeCity": "Hong Kong", "lists": {"groups": [{"items": [], "count": 2, "type": "created"}]}}, {"tips": {"count": 3}, "contact": {}, "firstName": "jia", "gender": "female", "lastName": "ying", "id": "3337671", "bio": "", "photo": {"prefix": "https://igx.4sqi.net/img/user/", "suffix": "/I2BZNGVPS2VB5TVP.jpg"}, "homeCity": "Singapore", "lists": {"groups": [{"items": [], "count": 2, "type": "created"}]}}, {"tips": {"count": 2}, "contact": {}, "firstName": "Yunz", "gender": "none", "id": "481703", "bio": "", "photo": {"prefix": "https://igx.4sqi.net/img/user/", "suffix": "/blank_boy.png", "default": true}, "homeCity": "Singapore", "lists": {"groups": [{"items": [], "count": 2, "type": "created"}]}}, {"tips": {"count": 3}, "contact": {"twitter": "corgifuljojojo", "facebook": "863880267"}, "firstName": "Joanne", "gender": "female", "lastName": "Wong", "id": "786811", "bio": "", "photo": {"prefix": "https://igx.4sqi.net/img/user/", "suffix": "/1OEXETIY03XBTKVO.jpg"}, "homeCity": "Singapore", "lists": {"groups": [{"items": [], "count": 2, "type": "created"}]}}, {"tips": {"count": 36}, "contact": {"twitter": "felixwongspr", "facebook": "100004101213008"}, "firstName": "Felix", "gender": "male", "lastName": "Wong", "id": "3202842", "bio": "", "photo": {"prefix": "https://igx.4sqi.net/img/user/", "suffix": "/XRJJ1POWDRNTW5M5.jpg"}, "homeCity": "Singapore", "lists": {"groups": [{"items": [], "count": 2, "type": "created"}]}}, {"tips": {"count": 0}, "contact": {}, "firstName": "Joanne", "gender": "female", "lastName": "K.", "id": "7134501", "bio": "", "photo": {"prefix": "https://igx.4sqi.net/img/user/", "suffix": "/2XAM0LUQ5KY3ROFD.jpg"}, "homeCity": "Singapore", "lists": {"groups": [{"items": [], "count": 2, "type": "created"}]}}, {"tips": {"count": 5}, "contact": {"facebook": "1250255205"}, "firstName": "Helen", "gender": "female", "id": "36325086", "bio": "\ud83d\udc83\ud83d\ude1b\ud83d\udc8b", "photo": {"prefix": "https://igx.4sqi.net/img/user/", "suffix": "/36325086-LTN5VDE0LZJVDTDF.jpg"}, "homeCity": "Kiev", "lists": {"groups": [{"items": [], "count": 4, "type": "created"}]}}, {"tips": {"count": 47}, "contact": {"facebook": "141864112854425"}, "firstName": "Grace", "gender": "female", "lastName": "Lcm", "id": "214596519", "bio": "", "photo": {"prefix": "https://igx.4sqi.net/img/user/", "suffix": "/214596519-T1U0KV3C4MCROVKF.jpg"}, "homeCity": "Singapore, 00", "lists": {"groups": [{"items": [], "count": 2, "type": "created"}]}}, {"tips": {"count": 37}, "contact": {"twitter": "ooiwanhan"}, "firstName": "Hana", "gender": "female", "id": "31593902", "bio": "", "photo": {"prefix": "https://igx.4sqi.net/img/user/", "suffix": "/31593902_mIS8NL7L_X6MK4qsil1UXrv90a5P2bwniMtmytEtTL-NfmtpGUSBGlvZpjsLWsjE6ADsFEohd.jpg"}, "homeCity": "Singapore", "lists": {"groups": [{"items": [], "count": 3, "type": "created"}]}}, {"tips": {"count": 4}, "contact": {}, "firstName": "Malcolm", "gender": "male", "lastName": "P.", "id": "11201900", "bio": "", "photo": {"prefix": "https://igx.4sqi.net/img/user/", "suffix": "/YFLSMAXVJYP2ZDC2.jpg"}, "homeCity": "Singapore", "lists": {"groups": [{"items": [], "count": 2, "type": "created"}]}}, {"tips": {"count": 0}, "contact": {"facebook": "100000321975223"}, "firstName": "Vikrom", "gender": "male", "lastName": "Kianantawron", "id": "49546690", "bio": "\u0e44\u0e21\u0e48\u0e27\u0e48\u0e32\u0e07\u0e04\u0e23\u0e31\u0e1a\u0e2d\u0e22\u0e32\u0e01\u0e21\u0e35\u0e04\u0e19\u0e1e\u0e34\u0e40\u0e28\u0e29\u0e04\u0e23\u0e31\u0e1a\u0e21\u0e35\u0e2d\u0e30\u0e44\u0e23\u0e15\u0e34\u0e14\u0e15\u0e48\u0e2d\u0e44\u0e14\u0e49\u0e19\u0e30\u0e04\u0e23\u0e31\u0e1a", "photo": {"prefix": "https://igx.4sqi.net/img/user/", "suffix": "/DP0PHVR5KJBWB3GY.jpg"}, "homeCity": "padangbasa/HaiYai", "lists": {"groups": [{"items": [], "count": 4, "type": "created"}]}}, {"tips": {"count": 17}, "contact": {}, "firstName": "Vinay", "gender": "male", "lastName": "M", "id": "1613065", "bio": "", "photo": {"prefix": "https://igx.4sqi.net/img/user/", "suffix": "/NA3LTDWNUDUD4X2L.jpg"}, "homeCity": "Singapore", "lists": {"groups": [{"items": [], "count": 2, "type": "created"}]}}, {"tips": {"count": 0}, "contact": {}, "firstName": "Daniel", "gender": "male", "lastName": "P.", "id": "89900805", "bio": "", "photo": {"prefix": "https://igx.4sqi.net/img/user/", "suffix": "/blank_boy.png", "default": true}, "homeCity": "Slovenia", "lists": {"groups": [{"items": [], "count": 2, "type": "created"}]}}, {"tips": {"count": 17}, "contact": {"twitter": "ericliao", "facebook": "564750339"}, "firstName": "Eric", "gender": "male", "lastName": "Liao", "id": "481750", "bio": "", "photo": {"prefix": "https://igx.4sqi.net/img/user/", "suffix": "/AQPISRUYXTIYI55Q.jpg"}, "homeCity": "Bukit Merah, Singapore", "lists": {"groups": [{"items": [], "count": 2, "type": "created"}]}}, {"tips": {"count": 2}, "contact": {"facebook": "572683192"}, "firstName": "Brian", "gender": "male", "lastName": "Lum", "id": "841847", "bio": "", "photo": {"prefix": "https://igx.4sqi.net/img/user/", "suffix": "/blank_boy.png", "default": true}, "homeCity": "Singapore", "lists": {"groups": [{"items": [], "count": 2, "type": "created"}]}}, {"tips": {"count": 0}, "contact": {}, "firstName": "Sariyanti", "gender": "female", "id": "4690876", "bio": "", "photo": {"prefix": "https://igx.4sqi.net/img/user/", "suffix": "/blank_girl.png", "default": true}, "homeCity": "Singapore", "lists": {"groups": [{"items": [], "count": 2, "type": "created"}]}}, {"tips": {"count": 4}, "contact": {"twitter": "garry_tanner", "facebook": "771716036"}, "firstName": "Garry", "gender": "male", "lastName": "Tanner", "id": "36591665", "bio": "", "photo": {"prefix": "https://igx.4sqi.net/img/user/", "suffix": "/WUEL15KAABV2B0NW.jpg"}, "homeCity": "Melbourne ", "lists": {"groups": [{"items": [], "count": 2, "type": "created"}]}}, {"tips": {"count": 0}, "contact": {"facebook": "557072471"}, "firstName": "Jk", "gender": "male", "lastName": "Chan", "id": "16806491", "bio": "", "photo": {"prefix": "https://igx.4sqi.net/img/user/", "suffix": "/20ICNFQU4GSNA3MK.jpg"}, "homeCity": "Singapore", "lists": {"groups": [{"items": [], "count": 2, "type": "created"}]}}, {"tips": {"count": 0}, "contact": {"twitter": "meiting07", "facebook": "701160457"}, "firstName": "mei ting", "gender": "female", "lastName": "ngeo", "id": "2385117", "bio": "", "photo": {"prefix": "https://igx.4sqi.net/img/user/", "suffix": "/ZPK42LXU50LVF1L4.jpg"}, "homeCity": "Tampines, Singapore", "lists": {"groups": [{"items": [], "count": 2, "type": "created"}]}}, {"tips": {"count": 10}, "contact": {"facebook": "622365013"}, "firstName": "Wanyan", "gender": "female", "lastName": "Tan", "id": "549911", "bio": "", "photo": {"prefix": "https://igx.4sqi.net/img/user/", "suffix": "/KKJMWGPV44MA2HO3.jpg"}, "homeCity": "Singapore", "lists": {"groups": [{"items": [], "count": 2, "type": "created"}]}}, {"tips": {"count": 9}, "contact": {"twitter": "hpility", "facebook": "525866033"}, "firstName": "Hpility", "gender": "male", "lastName": "Yeo", "id": "918441", "bio": "Http://hpility.sg | http://hpility.blogspot.com", "photo": {"prefix": "https://igx.4sqi.net/img/user/", "suffix": "/918441-LOPYWION2OSADKJE.jpg"}, "homeCity": "Tampines, Singapore", "lists": {"groups": [{"items": [], "count": 3, "type": "created"}]}}, {"tips": {"count": 0}, "contact": {}, "firstName": "Jun", "gender": "male", "lastName": "Ming", "id": "5532814", "bio": "", "photo": {"prefix": "https://igx.4sqi.net/img/user/", "suffix": "/K5V2DH2SCYQUMZDX.jpg"}, "homeCity": "Unnamed Location", "lists": {"groups": [{"items": [], "count": 2, "type": "created"}]}}, {"superuser": 6, "tips": {"count": 1783}, "contact": {}, "firstName": "Elise", "gender": "female", "lastName": "\u2765", "id": "3747038", "bio": "IG : twentietwosteps", "photo": {"prefix": "https://igx.4sqi.net/img/user/", "suffix": "/3747038_nzQvfbRg_gJi9qRTnjBDD_tO-sL5AUSLnHH7qVdWRwQ53WEbirOug_XBLc2yyoUiCs7L69llL.jpg"}, "homeCity": "+64/+65", "lists": {"groups": [{"items": [], "count": 16, "type": "created"}]}}, {"tips": {"count": 2}, "contact": {"facebook": "693844169"}, "firstName": "WengHim", "gender": "male", "lastName": "K", "id": "1051205", "bio": "", "photo": {"prefix": "https://igx.4sqi.net/img/user/", "suffix": "/XUDJQLTRJPMRYQ4S.jpg"}, "homeCity": "Singapore", "lists": {"groups": [{"items": [], "count": 2, "type": "created"}]}}, {"tips": {"count": 15}, "contact": {"facebook": "734703101"}, "firstName": "Pei", "gender": "female", "lastName": "Ng", "id": "1134695", "bio": "", "photo": {"prefix": "https://igx.4sqi.net/img/user/", "suffix": "/OJDCJZXKQUNGFRHZ.jpg"}, "homeCity": "Singapore", "lists": {"groups": [{"items": [], "count": 2, "type": "created"}]}}, {"tips": {"count": 0}, "contact": {"twitter": "tangenghui", "facebook": "642857692"}, "firstName": "Geng Hui", "gender": "male", "lastName": "Tan", "id": "10951085", "bio": "", "photo": {"prefix": "https://igx.4sqi.net/img/user/", "suffix": "/10951085-4IXHX4A5FSSRALPU.jpg"}, "homeCity": "Singapore", "lists": {"groups": [{"items": [], "count": 2, "type": "created"}]}}, {"tips": {"count": 1}, "contact": {"facebook": "655757713"}, "firstName": "Jodie", "gender": "female", "lastName": "Puah", "id": "4508206", "bio": "", "photo": {"prefix": "https://igx.4sqi.net/img/user/", "suffix": "/DLE0HR3ZPHQGCL2W.jpg"}, "homeCity": "Singapore", "lists": {"groups": [{"items": [], "count": 2, "type": "created"}]}}, {"tips": {"count": 13}, "contact": {"twitter": "kschak"}, "firstName": "KS", "gender": "male", "lastName": "Chak", "id": "1052871", "bio": "", "photo": {"prefix": "https://igx.4sqi.net/img/user/", "suffix": "/YM1RS2FPYBK4GQ1T.jpg"}, "homeCity": "Singapore", "lists": {"groups": [{"items": [], "count": 2, "type": "created"}]}}, {"tips": {"count": 12}, "contact": {"twitter": "kuakerrin", "facebook": "592621332"}, "firstName": "Kerrin", "gender": "female", "lastName": "Kua", "id": "1144377", "bio": "Caffeine junkie.", "photo": {"prefix": "https://igx.4sqi.net/img/user/", "suffix": "/1144377-PPFNJBFKSKFFB3J2.jpg"}, "homeCity": "Singapore, ", "lists": {"groups": [{"items": [], "count": 2, "type": "created"}]}}, {"tips": {"count": 5}, "contact": {"facebook": "704294566"}, "firstName": "Daniel", "gender": "male", "lastName": "Xavier", "id": "22772607", "bio": "", "photo": {"prefix": "https://igx.4sqi.net/img/user/", "suffix": "/A05RDXLI02WB3VQ0.jpg"}, "homeCity": "Singapore", "lists": {"groups": [{"items": [], "count": 2, "type": "created"}]}}, {"tips": {"count": 0}, "contact": {}, "firstName": "badgeunlock.com", "gender": "none", "id": "9785976", "bio": "", "photo": {"prefix": "https://igx.4sqi.net/img/user/", "suffix": "/HYHI1LPVVZAZBTHT.png"}, "homeCity": "Cincinnati, OH", "lists": {"groups": [{"items": [], "count": 7, "type": "created"}]}}, {"tips": {"count": 0}, "contact": {"facebook": "639190244"}, "firstName": "Jane", "gender": "female", "lastName": "Lee", "id": "3546433", "bio": "", "photo": {"prefix": "https://igx.4sqi.net/img/user/", "suffix": "/blank_girl.png", "default": true}, "homeCity": "Singapore", "lists": {"groups": [{"items": [], "count": 2, "type": "created"}]}}, {"tips": {"count": 100}, "contact": {"facebook": "724226946"}, "firstName": "Falk", "gender": "male", "lastName": "Lademann", "id": "1451452", "bio": "A life less ordinary.", "photo": {"prefix": "https://igx.4sqi.net/img/user/", "suffix": "/LZKCCPGACXTDEA1H.jpg"}, "homeCity": "Glattfelden, Switzerland", "lists": {"groups": [{"items": [], "count": 2, "type": "created"}]}}, {"tips": {"count": 0}, "contact": {}, "firstName": "bowaad", "gender": "male", "id": "48725764", "bio": "", "photo": {"prefix": "https://igx.4sqi.net/img/user/", "suffix": "/DM35UJBJO2CEZMVE.jpg"}, "homeCity": "Sharjah", "lists": {"groups": [{"items": [], "count": 2, "type": "created"}]}}, {"tips": {"count": 0}, "contact": {}, "firstName": "Alvin", "gender": "male", "lastName": "Liu", "id": "5426313", "bio": "", "photo": {"prefix": "https://igx.4sqi.net/img/user/", "suffix": "/5AMM3HO2PVH4PHH1.jpg"}, "homeCity": "Singapore", "lists": {"groups": [{"items": [], "count": 2, "type": "created"}]}}, {"tips": {"count": 6}, "contact": {"twitter": "tanalvin"}, "firstName": "Alvin", "gender": "male", "lastName": "Tan", "id": "2033254", "bio": "Curious", "photo": {"prefix": "https://igx.4sqi.net/img/user/", "suffix": "/D4YS5WKWY1NQE0RL.jpg"}, "homeCity": "Singapore", "lists": {"groups": [{"items": [], "count": 2, "type": "created"}]}}, {"tips": {"count": 0}, "contact": {"facebook": "703949289"}, "firstName": "grace gen", "gender": "female", "id": "5426496", "bio": "", "photo": {"prefix": "https://igx.4sqi.net/img/user/", "suffix": "/T1UR324WH5VYI0NS.jpg"}, "homeCity": "Singapore", "lists": {"groups": [{"items": [], "count": 2, "type": "created"}]}}, {"tips": {"count": 12}, "contact": {}, "firstName": "notshy", "gender": "female", "id": "2324938", "bio": "", "photo": {"prefix": "https://igx.4sqi.net/img/user/", "suffix": "/blank_girl.png", "default": true}, "homeCity": "Brisbane, Australia", "lists": {"groups": [{"items": [], "count": 3, "type": "created"}]}}, {"tips": {"count": 0}, "contact": {"facebook": "731686662"}, "firstName": "Mahes", "gender": "female", "id": "4113573", "bio": "", "photo": {"prefix": "https://igx.4sqi.net/img/user/", "suffix": "/1SVXA1GSMIU5V2NQ.jpg"}, "homeCity": "Singapore", "lists": {"groups": [{"items": [], "count": 2, "type": "created"}]}}, {"tips": {"count": 0}, "contact": {}, "firstName": "Khai Liang", "gender": "male", "lastName": "Koh", "id": "4159512", "bio": "", "photo": {"prefix": "https://igx.4sqi.net/img/user/", "suffix": "/DJOTJYHSIA0MWWNY.jpg"}, "homeCity": "New York, NY", "lists": {"groups": [{"items": [], "count": 2, "type": "created"}]}}, {"tips": {"count": 0}, "contact": {"facebook": "684778553"}, "firstName": "June", "gender": "female", "lastName": "Koh", "id": "13517470", "bio": "", "photo": {"prefix": "https://igx.4sqi.net/img/user/", "suffix": "/M40GB35P0HJGUDJY.jpg"}, "homeCity": "Islington, UK", "lists": {"groups": [{"items": [], "count": 2, "type": "created"}]}}], "count": 72}, "checksum": "78eb9ad6021ed766398600d303223ccf9de7bde2"}, "meta": {"requestId": "5965c3c59fb6b77b7613c76b", "code": 200}}