{"notifications": [{"type": "notificationTray", "item": {"unreadCount": 0}}], "response": {"friends": {"items": [{"tips": {"count": 0}, "contact": {"twitter": "azriiii", "facebook": "627257152"}, "firstName": "Azri", "gender": "male", "lastName": "Ramliee", "id": "4325206", "bio": "", "photo": {"prefix": "https://igx.4sqi.net/img/user/", "suffix": "/UBLWEFPXKEZAFX4L.jpg"}, "homeCity": "Singapore", "lists": {"groups": [{"items": [], "count": 2, "type": "created"}]}}, {"tips": {"count": 2}, "contact": {"twitter": "nabilaaljunied"}, "firstName": "Nabila", "gender": "female", "lastName": "Aljunied", "id": "2109354", "bio": "", "photo": {"prefix": "https://igx.4sqi.net/img/user/", "suffix": "/HTPLMYTQQGVCIDBM.jpg"}, "homeCity": "Singapore, ", "lists": {"groups": [{"items": [], "count": 2, "type": "created"}]}}, {"tips": {"count": 0}, "contact": {}, "firstName": "Liyi", "gender": "female", "lastName": "Hernandez", "id": "3513699", "bio": "", "photo": {"prefix": "https://igx.4sqi.net/img/user/", "suffix": "/WELGW4AQTAIOAWX1.jpg"}, "homeCity": "Singapore", "lists": {"groups": [{"items": [], "count": 2, "type": "created"}]}}, {"tips": {"count": 1}, "contact": {"twitter": "qimpastrana", "facebook": "100000765826743"}, "firstName": "Aqim", "gender": "male", "lastName": "Evans", "id": "3772188", "bio": "", "photo": {"prefix": "https://igx.4sqi.net/img/user/", "suffix": "/JFQBR010HBD5EQEG.jpg"}, "homeCity": "Singapore", "lists": {"groups": [{"items": [], "count": 2, "type": "created"}]}}, {"tips": {"count": 0}, "contact": {"facebook": "654797577"}, "firstName": "Reez", "gender": "male", "id": "1335521", "bio": "", "photo": {"prefix": "https://igx.4sqi.net/img/user/", "suffix": "/YAPSPXIHWGIW15IG.jpg"}, "homeCity": "Yishun, Singapore", "lists": {"groups": [{"items": [], "count": 2, "type": "created"}]}}, {"tips": {"count": 0}, "contact": {"twitter": "yannisumarno"}, "firstName": "Yanni", "gender": "female", "lastName": "Sumarno", "id": "5452004", "bio": "", "photo": {"prefix": "https://igx.4sqi.net/img/user/", "suffix": "/AXUD2RNNWBG03MTR.jpg"}, "homeCity": "Singapore", "lists": {"groups": [{"items": [], "count": 2, "type": "created"}]}}, {"tips": {"count": 0}, "contact": {"facebook": "1338380591"}, "firstName": "Alynn", "gender": "female", "lastName": "Alim", "id": "1995787", "bio": "", "photo": {"prefix": "https://igx.4sqi.net/img/user/", "suffix": "/4BI5MFOYHQZJVE5I.jpg"}, "homeCity": "Changi, Singapore", "lists": {"groups": [{"items": [], "count": 2, "type": "created"}]}}, {"tips": {"count": 0}, "contact": {"facebook": "100000437794768"}, "firstName": "Katyh", "gender": "female", "lastName": "Ong", "id": "4035479", "bio": "", "photo": {"prefix": "https://igx.4sqi.net/img/user/", "suffix": "/U5GSE2DVMXSMZJ5T.jpg"}, "homeCity": "Singapore", "lists": {"groups": [{"items": [], "count": 2, "type": "created"}]}}, {"tips": {"count": 8}, "contact": {"twitter": "madameisis"}, "firstName": "Madame", "gender": "female", "lastName": "Isis", "id": "1609924", "bio": "", "photo": {"prefix": "https://igx.4sqi.net/img/user/", "suffix": "/WIKGCT54I2S5I5TM.jpg"}, "homeCity": "Singapore", "lists": {"groups": [{"items": [], "count": 2, "type": "created"}]}}, {"tips": {"count": 1}, "contact": {"facebook": "100000340003861"}, "firstName": "Adel", "gender": "female", "lastName": "Ali", "id": "3459770", "bio": "", "photo": {"prefix": "https://igx.4sqi.net/img/user/", "suffix": "/GOLKEBMOWRLCVVI0.jpg"}, "homeCity": "Singapore", "lists": {"groups": [{"items": [], "count": 2, "type": "created"}]}}, {"tips": {"count": 115}, "contact": {}, "firstName": "\ud83d\udc97Jojoty\ud83d\udc97", "gender": "female", "id": "2997630", "bio": "", "photo": {"prefix": "https://igx.4sqi.net/img/user/", "suffix": "/TGQPU42WMCNZXJPG.jpg"}, "homeCity": "Singapore", "lists": {"groups": [{"items": [], "count": 4, "type": "created"}]}}, {"tips": {"count": 1}, "contact": {}, "firstName": "Muhamed", "gender": "male", "lastName": "Zulhermi", "id": "3813835", "bio": "", "photo": {"prefix": "https://igx.4sqi.net/img/user/", "suffix": "/MXIRTERKCF1ATJZJ.jpg"}, "homeCity": "New York, NY", "lists": {"groups": [{"items": [], "count": 2, "type": "created"}]}}, {"tips": {"count": 0}, "contact": {"twitter": "todoshi", "facebook": "720830423"}, "firstName": "Todoshi", "gender": "female", "id": "3346123", "bio": "", "photo": {"prefix": "https://igx.4sqi.net/img/user/", "suffix": "/JTU5LLNNNXV44PR5.jpg"}, "homeCity": "Singapore", "lists": {"groups": [{"items": [], "count": 2, "type": "created"}]}}, {"tips": {"count": 2}, "contact": {"facebook": "552963489"}, "firstName": "Norashikin", "gender": "female", "lastName": "Radzelee", "id": "2142437", "bio": "", "photo": {"prefix": "https://igx.4sqi.net/img/user/", "suffix": "/23VB1KMLDBFFZXSB.jpg"}, "homeCity": "Singapore", "lists": {"groups": [{"items": [], "count": 2, "type": "created"}]}}, {"superuser": 2, "tips": {"count": 66}, "contact": {"twitter": "terrylovesanime", "facebook": "10206245962961387"}, "firstName": "Terry", "gender": "male", "lastName": "Wong", "id": "875836", "bio": "", "photo": {"prefix": "https://igx.4sqi.net/img/user/", "suffix": "/1PJHM3H24CYXGYIS.jpg"}, "homeCity": "Bukit Batok, Singapore", "lists": {"groups": [{"items": [], "count": 2, "type": "created"}]}}, {"tips": {"count": 0}, "contact": {"facebook": "716724470"}, "firstName": "Aizat", "gender": "male", "lastName": "Aizat", "id": "2444662", "bio": "", "photo": {"prefix": "https://igx.4sqi.net/img/user/", "suffix": "/0AO3DAVHOUTLW2BY.jpg"}, "homeCity": "Singapore", "lists": {"groups": [{"items": [], "count": 2, "type": "created"}]}}, {"tips": {"count": 0}, "contact": {"facebook": "653449139"}, "firstName": "Firdaus", "gender": "male", "lastName": "Ramlai", "id": "2324405", "bio": "", "photo": {"prefix": "https://igx.4sqi.net/img/user/", "suffix": "/SGRQV0IUTY4RK2QO.jpg"}, "homeCity": "Singapore", "lists": {"groups": [{"items": [], "count": 2, "type": "created"}]}}, {"tips": {"count": 0}, "contact": {}, "firstName": "Van", "gender": "male", "lastName": "Mikah", "id": "4335385", "bio": "", "photo": {"prefix": "https://igx.4sqi.net/img/user/", "suffix": "/1CXWX1C01ROYIR3C.jpg"}, "homeCity": "New York, NY", "lists": {"groups": [{"items": [], "count": 2, "type": "created"}]}}, {"tips": {"count": 1}, "contact": {"facebook": "1652493180"}, "firstName": "Nazrin", "gender": "male", "lastName": "Belon", "id": "2112168", "bio": "", "photo": {"prefix": "https://igx.4sqi.net/img/user/", "suffix": "/STCN4UY4UGS3DFGD.jpg"}, "homeCity": "Singapore", "lists": {"groups": [{"items": [], "count": 2, "type": "created"}]}}, {"tips": {"count": 0}, "contact": {}, "firstName": "Rasyidi", "gender": "male", "lastName": "DiDi", "id": "3782212", "bio": "", "photo": {"prefix": "https://igx.4sqi.net/img/user/", "suffix": "/5XNNPBBKGRXX2YMX.jpg"}, "homeCity": "Singapore", "lists": {"groups": [{"items": [], "count": 2, "type": "created"}]}}, {"tips": {"count": 0}, "contact": {"facebook": "540010867"}, "firstName": "Eyda", "gender": "female", "lastName": "Erika", "id": "4269370", "bio": "", "photo": {"prefix": "https://igx.4sqi.net/img/user/", "suffix": "/0V3UTDQDGUUDZL34.jpg"}, "homeCity": "Unnamed Location", "lists": {"groups": [{"items": [], "count": 2, "type": "created"}]}}, {"tips": {"count": 0}, "contact": {"facebook": "558659036"}, "firstName": "Nadia Imaniar", "gender": "female", "lastName": "Hazren", "id": "5462517", "bio": "", "photo": {"prefix": "https://igx.4sqi.net/img/user/", "suffix": "/3JLSOSAHJ2ZGX13C.jpg"}, "homeCity": "Singapore", "lists": {"groups": [{"items": [], "count": 2, "type": "created"}]}}, {"tips": {"count": 53}, "contact": {"twitter": "adymorningstar", "facebook": "523841572"}, "firstName": "Abdillah", "gender": "male", "lastName": "Ady", "id": "2292654", "bio": "", "photo": {"prefix": "https://igx.4sqi.net/img/user/", "suffix": "/2292654-5ZLNPP1JWFJC1Z24.jpg"}, "homeCity": "Singapore, ", "lists": {"groups": [{"items": [], "count": 2, "type": "created"}]}}, {"tips": {"count": 0}, "contact": {"twitter": "xdianazizou"}, "firstName": "Dian", "gender": "female", "lastName": "Azizou", "id": "4238229", "bio": "", "photo": {"prefix": "https://igx.4sqi.net/img/user/", "suffix": "/EDXVEZ3DDQNQ5IRX.jpg"}, "homeCity": "Singapore", "lists": {"groups": [{"items": [], "count": 2, "type": "created"}]}}, {"tips": {"count": 0}, "contact": {"facebook": "741984358"}, "firstName": "Wanee", "gender": "female", "lastName": "Zainal", "id": "2515208", "bio": "", "photo": {"prefix": "https://igx.4sqi.net/img/user/", "suffix": "/5WIKEM5N153TRQ0P.jpg"}, "homeCity": "Choa Chu Kang, Singapore", "lists": {"groups": [{"items": [], "count": 2, "type": "created"}]}}, {"tips": {"count": 2}, "contact": {"facebook": "100000884006554"}, "firstName": "Vanessa", "gender": "female", "id": "5028496", "bio": "", "photo": {"prefix": "https://igx.4sqi.net/img/user/", "suffix": "/J3K2WNBKRMK2PD4R.jpg"}, "homeCity": "Singapore", "lists": {"groups": [{"items": [], "count": 2, "type": "created"}]}}, {"tips": {"count": 5}, "contact": {"twitter": "zeecrisshuds", "facebook": "100000116903887"}, "firstName": "Zee", "gender": "female", "lastName": "Hudson", "id": "3125955", "bio": "", "photo": {"prefix": "https://igx.4sqi.net/img/user/", "suffix": "/F3JYQJ2O1PGRCM5R.jpg"}, "homeCity": "Singapore", "lists": {"groups": [{"items": [], "count": 2, "type": "created"}]}}, {"tips": {"count": 0}, "contact": {"facebook": "656863041"}, "firstName": "Hairul", "gender": "male", "lastName": "Hayat", "id": "3814966", "bio": "", "photo": {"prefix": "https://igx.4sqi.net/img/user/", "suffix": "/FLLNP2UUXIMSAZ0Q.jpg"}, "homeCity": "Singapore", "lists": {"groups": [{"items": [], "count": 2, "type": "created"}]}}, {"tips": {"count": 0}, "contact": {"twitter": "haeirulshahmusa", "facebook": "717139192"}, "firstName": "HaeirulShah", "gender": "male", "lastName": "Musa", "id": "3546963", "bio": "", "photo": {"prefix": "https://igx.4sqi.net/img/user/", "suffix": "/4RO4BM3VL4PFPAWL.jpg"}, "homeCity": "Jurong East, Singapore", "lists": {"groups": [{"items": [], "count": 2, "type": "created"}]}}, {"tips": {"count": 1}, "contact": {}, "firstName": "Adik Shortie", "gender": "female", "id": "4221810", "bio": "", "photo": {"prefix": "https://igx.4sqi.net/img/user/", "suffix": "/ANSII3KFVCPCV0FR.jpg"}, "homeCity": "Singapore", "lists": {"groups": [{"items": [], "count": 2, "type": "created"}]}}, {"tips": {"count": 2}, "contact": {"facebook": "782568570"}, "firstName": "Wanie", "gender": "female", "lastName": "Mugcheek", "id": "1821118", "bio": "", "photo": {"prefix": "https://igx.4sqi.net/img/user/", "suffix": "/0TPRU0GBPRX0YWI4.jpg"}, "homeCity": "Singapore", "lists": {"groups": [{"items": [], "count": 2, "type": "created"}]}}, {"tips": {"count": 0}, "contact": {"facebook": "100000643246133"}, "firstName": "Amoi", "gender": "female", "lastName": "Lee", "id": "2612800", "bio": "", "photo": {"prefix": "https://igx.4sqi.net/img/user/", "suffix": "/42YGODMHNAZ2GFUF.jpg"}, "homeCity": "Singapore", "lists": {"groups": [{"items": [], "count": 2, "type": "created"}]}}, {"tips": {"count": 1}, "contact": {}, "firstName": "Izyan", "gender": "female", "lastName": "Jenin", "id": "4458571", "bio": "", "photo": {"prefix": "https://igx.4sqi.net/img/user/", "suffix": "/GAXJTTFJ3M5FIHDX.jpg"}, "homeCity": "Singapore", "lists": {"groups": [{"items": [], "count": 2, "type": "created"}]}}, {"tips": {"count": 0}, "contact": {"facebook": "1541958909"}, "firstName": "Syed Azhar", "gender": "male", "id": "4462262", "bio": "", "photo": {"prefix": "https://igx.4sqi.net/img/user/", "suffix": "/NTUA3JVL05ERCVUE.jpg"}, "homeCity": "Singapore", "lists": {"groups": [{"items": [], "count": 2, "type": "created"}]}}, {"tips": {"count": 0}, "contact": {"facebook": "1112083878"}, "firstName": "Sasa", "gender": "female", "lastName": "FerNandez", "id": "5142525", "bio": "", "photo": {"prefix": "https://igx.4sqi.net/img/user/", "suffix": "/W0AH1KOV13VH0CVO.jpg"}, "homeCity": "Singapore", "lists": {"groups": [{"items": [], "count": 2, "type": "created"}]}}, {"tips": {"count": 0}, "contact": {"twitter": "nanatynisha", "facebook": "1206244224"}, "firstName": "Nana", "gender": "female", "lastName": "Qaisara", "id": "4260444", "bio": "", "photo": {"prefix": "https://igx.4sqi.net/img/user/", "suffix": "/YRIRFMUMFJ3FOANA.jpg"}, "homeCity": "Singapore", "lists": {"groups": [{"items": [], "count": 2, "type": "created"}]}}, {"tips": {"count": 1}, "contact": {"facebook": "611449163"}, "firstName": "Don", "gender": "male", "lastName": "Midon", "id": "4417632", "bio": "", "photo": {"prefix": "https://igx.4sqi.net/img/user/", "suffix": "/WJL4WZPDQYKT2CJ1.jpg"}, "homeCity": "Singapore", "lists": {"groups": [{"items": [], "count": 2, "type": "created"}]}}, {"tips": {"count": 0}, "contact": {"facebook": "720984156"}, "firstName": "Ameerul", "gender": "male", "lastName": "Acustico", "id": "5484011", "bio": "", "photo": {"prefix": "https://igx.4sqi.net/img/user/", "suffix": "/PQAJ1JYC24T3KKPP.jpg"}, "homeCity": "Singapore", "lists": {"groups": [{"items": [], "count": 2, "type": "created"}]}}, {"tips": {"count": 0}, "contact": {"facebook": "100001770340911"}, "firstName": "Ubhaidullah", "gender": "male", "lastName": "Crutchlow", "id": "2339433", "bio": "", "photo": {"prefix": "https://igx.4sqi.net/img/user/", "suffix": "/JDZON4RRJBDY1G5W.jpg"}, "homeCity": "Singapore", "lists": {"groups": [{"items": [], "count": 2, "type": "created"}]}}, {"tips": {"count": 1}, "contact": {"facebook": "100001720677338"}, "firstName": "Rizal", "gender": "male", "lastName": "Shafie", "id": "4921816", "bio": "", "photo": {"prefix": "https://igx.4sqi.net/img/user/", "suffix": "/3BR5Y2PUN1EQ1AQV.jpg"}, "homeCity": "Lion City", "lists": {"groups": [{"items": [], "count": 2, "type": "created"}]}}, {"tips": {"count": 0}, "contact": {"twitter": "helmimazlan", "facebook": "751389501"}, "firstName": "Helmi", "gender": "male", "lastName": "Mimi", "id": "2903418", "bio": "", "photo": {"prefix": "https://igx.4sqi.net/img/user/", "suffix": "/13ZD20AQYEVA50BN.jpg"}, "homeCity": "Singapore", "lists": {"groups": [{"items": [], "count": 2, "type": "created"}]}}, {"tips": {"count": 3}, "contact": {"twitter": "shukrymvp", "facebook": "677058491"}, "firstName": "Shukry", "gender": "male", "lastName": "Rashid", "id": "5399357", "bio": "", "photo": {"prefix": "https://igx.4sqi.net/img/user/", "suffix": "/TEVCMEUSGKE3RQBN.jpg"}, "homeCity": "Bukit Batok, Singapore", "lists": {"groups": [{"items": [], "count": 2, "type": "created"}]}}, {"tips": {"count": 8}, "contact": {"twitter": "lymgt", "facebook": "840515190"}, "firstName": "Akirah.Lee", "gender": "female", "lastName": "Yamagata", "id": "3130202", "bio": "", "photo": {"prefix": "https://igx.4sqi.net/img/user/", "suffix": "/YRWY4EZA415AXZ4M.jpg"}, "homeCity": "Singapore", "lists": {"groups": [{"items": [], "count": 2, "type": "created"}]}}, {"tips": {"count": 0}, "contact": {"facebook": "689259601"}, "firstName": "Liyi", "gender": "female", "lastName": "Ly", "id": "4953961", "bio": "", "photo": {"prefix": "https://igx.4sqi.net/img/user/", "suffix": "/T20Y031QJMOEZXD0.jpg"}, "homeCity": "Singapore", "lists": {"groups": [{"items": [], "count": 2, "type": "created"}]}}, {"tips": {"count": 3}, "contact": {"facebook": "589093299"}, "firstName": "I\u00e1m D\u00e0 Fallen", "gender": "male", "id": "3548225", "bio": "", "photo": {"prefix": "https://igx.4sqi.net/img/user/", "suffix": "/M1YD1ZGEWX2J45VG.jpg"}, "homeCity": "Singapore", "lists": {"groups": [{"items": [], "count": 2, "type": "created"}]}}, {"tips": {"count": 0}, "contact": {"facebook": "1610215777"}, "firstName": "Najiha", "gender": "none", "lastName": "Norazad", "id": "4397996", "bio": "", "photo": {"prefix": "https://igx.4sqi.net/img/user/", "suffix": "/PRGHYCITBEDAL30F.jpg"}, "homeCity": "Singapore", "lists": {"groups": [{"items": [], "count": 2, "type": "created"}]}}, {"tips": {"count": 2}, "contact": {"twitter": "th1rte3nth", "facebook": "596551639"}, "firstName": "Muhd Farhan", "gender": "male", "id": "1833505", "bio": "", "photo": {"prefix": "https://igx.4sqi.net/img/user/", "suffix": "/SGDI5STYVYJ3MPPR.jpg"}, "homeCity": "Woodlands, Singapore", "lists": {"groups": [{"items": [], "count": 2, "type": "created"}]}}, {"tips": {"count": 5}, "contact": {"facebook": "578232012"}, "firstName": "Nas", "gender": "female", "lastName": "Lia", "id": "2822779", "bio": "", "photo": {"prefix": "https://igx.4sqi.net/img/user/", "suffix": "/ADUG3YVSRIJRBZAU.jpg"}, "homeCity": "Singapore", "lists": {"groups": [{"items": [], "count": 2, "type": "created"}]}}, {"tips": {"count": 0}, "contact": {}, "firstName": "Vinz", "gender": "male", "lastName": "Tan", "id": "9333782", "bio": "", "photo": {"prefix": "https://igx.4sqi.net/img/user/", "suffix": "/W12L0SAJELK2T02L.jpg"}, "homeCity": "Singapore", "lists": {"groups": [{"items": [], "count": 2, "type": "created"}]}}, {"tips": {"count": 1}, "contact": {"facebook": "100000565586518"}, "firstName": "Faizal Kiko", "gender": "male", "id": "4633321", "bio": "", "photo": {"prefix": "https://igx.4sqi.net/img/user/", "suffix": "/QFKIAMATCUOV13TI.jpg"}, "homeCity": "Singapore", "lists": {"groups": [{"items": [], "count": 2, "type": "created"}]}}, {"tips": {"count": 0}, "contact": {}, "firstName": "Nooris", "gender": "male", "lastName": "Sham", "id": "5144119", "bio": "", "photo": {"prefix": "https://igx.4sqi.net/img/user/", "suffix": "/blank_boy.png", "default": true}, "homeCity": "Singapore", "lists": {"groups": [{"items": [], "count": 2, "type": "created"}]}}, {"tips": {"count": 1}, "contact": {"facebook": "100002417342490"}, "firstName": "Jade", "gender": "female", "lastName": "Sherose", "id": "4378335", "bio": "", "photo": {"prefix": "https://igx.4sqi.net/img/user/", "suffix": "/KRV1DW2L40ELUBX0.jpg"}, "homeCity": "Singapore", "lists": {"groups": [{"items": [], "count": 2, "type": "created"}]}}, {"tips": {"count": 0}, "contact": {"facebook": "697237630"}, "firstName": "Koko", "gender": "male", "lastName": "Ro", "id": "5621734", "bio": "", "photo": {"prefix": "https://igx.4sqi.net/img/user/", "suffix": "/OWP0MP1LLB3PKT3I.jpg"}, "homeCity": "New York, NY", "lists": {"groups": [{"items": [], "count": 2, "type": "created"}]}}, {"tips": {"count": 0}, "contact": {"facebook": "100000647704684"}, "firstName": "fidos", "gender": "none", "lastName": "didos", "id": "5511802", "bio": "", "photo": {"prefix": "https://igx.4sqi.net/img/user/", "suffix": "/CSTWLUIA3FJD35K4.jpg"}, "homeCity": "Singapore", "lists": {"groups": [{"items": [], "count": 2, "type": "created"}]}}, {"tips": {"count": 0}, "contact": {"facebook": "1067724644"}, "firstName": "OdaSan", "gender": "female", "lastName": "Osbourne", "id": "2806237", "bio": "", "photo": {"prefix": "https://igx.4sqi.net/img/user/", "suffix": "/WHCMZLJBAXFKMKG1.jpg"}, "homeCity": "Singapore", "lists": {"groups": [{"items": [], "count": 2, "type": "created"}]}}, {"tips": {"count": 0}, "contact": {}, "firstName": "Hana", "gender": "female", "lastName": "Na", "id": "6675970", "bio": "", "photo": {"prefix": "https://igx.4sqi.net/img/user/", "suffix": "/L0J5G5RTXDXKMSUC.jpg"}, "homeCity": "Singapore", "lists": {"groups": [{"items": [], "count": 2, "type": "created"}]}}, {"tips": {"count": 0}, "contact": {"facebook": "837015083"}, "firstName": "LadyIce", "gender": "female", "lastName": "Masz", "id": "2913060", "bio": "", "photo": {"prefix": "https://igx.4sqi.net/img/user/", "suffix": "/OIZ3TBRKXIOQRG3V.jpg"}, "homeCity": "Singapore", "lists": {"groups": [{"items": [], "count": 2, "type": "created"}]}}, {"tips": {"count": 0}, "contact": {"facebook": "100000371287468"}, "firstName": "\u24ce\u24e4\u24e2\u24e1\u24d8-O\u0183\u028e", "gender": "male", "id": "6591435", "bio": "", "photo": {"prefix": "https://igx.4sqi.net/img/user/", "suffix": "/TIJJ2UPXQ5QDA0VO.jpg"}, "homeCity": "Singapore", "lists": {"groups": [{"items": [], "count": 2, "type": "created"}]}}, {"tips": {"count": 2}, "contact": {"facebook": "100000757946487"}, "firstName": "Lina", "gender": "female", "lastName": "Alias", "id": "3793121", "bio": "", "photo": {"prefix": "https://igx.4sqi.net/img/user/", "suffix": "/3793121-LVDQA5HCKRGRHDQC.jpg"}, "homeCity": "Singapore", "lists": {"groups": [{"items": [], "count": 2, "type": "created"}]}}, {"tips": {"count": 0}, "contact": {}, "firstName": "Khairulnizam", "gender": "male", "lastName": "Jumahat", "id": "4956311", "bio": "", "photo": {"prefix": "https://igx.4sqi.net/img/user/", "suffix": "/blank_boy.png", "default": true}, "homeCity": "Singapore", "lists": {"groups": [{"items": [], "count": 2, "type": "created"}]}}, {"tips": {"count": 0}, "contact": {"facebook": "657982911"}, "firstName": "Boy Celak", "gender": "male", "id": "3550530", "bio": "", "photo": {"prefix": "https://igx.4sqi.net/img/user/", "suffix": "/P03NZ5QSSAPDCNEP.jpg"}, "homeCity": "Singapore", "lists": {"groups": [{"items": [], "count": 2, "type": "created"}]}}, {"tips": {"count": 1}, "contact": {"facebook": "100001720621858"}, "firstName": "maman", "gender": "male", "lastName": "mohd", "id": "4408674", "bio": "", "photo": {"prefix": "https://igx.4sqi.net/img/user/", "suffix": "/HFT1A2N5S5QNOMDD.jpg"}, "homeCity": "singapore", "lists": {"groups": [{"items": [], "count": 2, "type": "created"}]}}, {"tips": {"count": 4}, "contact": {"twitter": "shiwin", "facebook": "684224002"}, "firstName": "Ayu", "gender": "female", "lastName": "Shiwin", "id": "2016701", "bio": "", "photo": {"prefix": "https://igx.4sqi.net/img/user/", "suffix": "/2016701-XVJKKVO2JC5RMLIA.jpg"}, "homeCity": "Singapore, ", "lists": {"groups": [{"items": [], "count": 2, "type": "created"}]}}, {"tips": {"count": 3}, "contact": {"facebook": "100000490064651"}, "firstName": "Quzaimi", "gender": "male", "lastName": "Azman", "id": "3172676", "bio": "", "photo": {"prefix": "https://igx.4sqi.net/img/user/", "suffix": "/YG1N3HTC0WTBFCG3.jpg"}, "homeCity": "Singapore", "lists": {"groups": [{"items": [], "count": 2, "type": "created"}]}}, {"tips": {"count": 1}, "contact": {"twitter": "nrrshh", "facebook": "808324161"}, "firstName": "Nuraisha", "gender": "female", "lastName": "Mohammed", "id": "9435108", "bio": "", "photo": {"prefix": "https://igx.4sqi.net/img/user/", "suffix": "/X0LWNYWDUQ33WZ2Q.jpg"}, "homeCity": "Singapore", "lists": {"groups": [{"items": [], "count": 2, "type": "created"}]}}, {"tips": {"count": 2}, "contact": {"twitter": "fiqqyfiq", "facebook": "100005391042042"}, "firstName": "Fiqqy", "gender": "male", "lastName": "Qy", "id": "4635690", "bio": "", "photo": {"prefix": "https://igx.4sqi.net/img/user/", "suffix": "/HO2LC320YJGNG0DB.jpg"}, "homeCity": "Singapore", "lists": {"groups": [{"items": [], "count": 2, "type": "created"}]}}, {"tips": {"count": 0}, "contact": {}, "firstName": "ahmad", "gender": "male", "lastName": "rafiq", "id": "6719767", "bio": "", "photo": {"prefix": "https://igx.4sqi.net/img/user/", "suffix": "/BRBW3C5NAFBQHNMJ.jpg"}, "homeCity": "Singapore", "lists": {"groups": [{"items": [], "count": 2, "type": "created"}]}}, {"tips": {"count": 0}, "contact": {}, "firstName": "Ewan Shah", "gender": "male", "id": "4868457", "bio": "", "photo": {"prefix": "https://igx.4sqi.net/img/user/", "suffix": "/DVN13C3LRNBMRMIJ.jpg"}, "homeCity": "Singapore", "lists": {"groups": [{"items": [], "count": 2, "type": "created"}]}}, {"tips": {"count": 0}, "contact": {"facebook": "1164707109"}, "firstName": "ShaSha", "gender": "female", "lastName": "Spark", "id": "5622399", "bio": "", "photo": {"prefix": "https://igx.4sqi.net/img/user/", "suffix": "/LLQC3NVGPPOX3RXA.jpg"}, "homeCity": "Singapore", "lists": {"groups": [{"items": [], "count": 2, "type": "created"}]}}, {"tips": {"count": 1}, "contact": {"twitter": "nurlynnyati", "facebook": "10153880557204172"}, "firstName": "Nur", "gender": "female", "lastName": "Lynn", "id": "5559130", "bio": "", "photo": {"prefix": "https://igx.4sqi.net/img/user/", "suffix": "/JQOYIBEBWKDL0BNY.jpg"}, "homeCity": "Singapore", "lists": {"groups": [{"items": [], "count": 2, "type": "created"}]}}, {"tips": {"count": 3}, "contact": {"facebook": "711842151"}, "firstName": "Ernest", "gender": "male", "lastName": "Chan", "id": "3578135", "bio": "", "photo": {"prefix": "https://igx.4sqi.net/img/user/", "suffix": "/IXJF3PGFXKWTHQDX.jpg"}, "homeCity": "Singapore", "lists": {"groups": [{"items": [], "count": 2, "type": "created"}]}}, {"tips": {"count": 0}, "contact": {"facebook": "100001850116706"}, "firstName": "Mzz Adynda", "gender": "female", "lastName": "Locohotcoco", "id": "6694605", "bio": "", "photo": {"prefix": "https://igx.4sqi.net/img/user/", "suffix": "/VCJ2IDEJHYTPR3RD.jpg"}, "homeCity": "Singapore", "lists": {"groups": [{"items": [], "count": 2, "type": "created"}]}}, {"tips": {"count": 0}, "contact": {"facebook": "100000100576802"}, "firstName": "Ruffy", "gender": "male", "lastName": "Acai", "id": "2918136", "bio": "", "photo": {"prefix": "https://igx.4sqi.net/img/user/", "suffix": "/FVFUGJIE53RYSKAR.jpg"}, "homeCity": "Singapore", "lists": {"groups": [{"items": [], "count": 2, "type": "created"}]}}, {"tips": {"count": 0}, "contact": {"facebook": "100000247040512"}, "firstName": "Syed", "gender": "male", "lastName": "Khairil", "id": "6593069", "bio": "", "photo": {"prefix": "https://igx.4sqi.net/img/user/", "suffix": "/XRSLNAOIAGGAQUHW.jpg"}, "homeCity": "Singapore", "lists": {"groups": [{"items": [], "count": 2, "type": "created"}]}}, {"tips": {"count": 4}, "contact": {}, "firstName": "Linus", "gender": "male", "lastName": "Soh", "id": "3795861", "bio": "", "photo": {"prefix": "https://igx.4sqi.net/img/user/", "suffix": "/N0S0UQ1IH5HYAG4E.jpg"}, "homeCity": "Singapore", "lists": {"groups": [{"items": [], "count": 2, "type": "created"}]}}, {"tips": {"count": 0}, "contact": {"facebook": "100001102480736"}, "firstName": "kaza", "gender": "male", "id": "5073234", "bio": "", "photo": {"prefix": "https://igx.4sqi.net/img/user/", "suffix": "/RJQNGLPJ253QATOF.jpg"}, "homeCity": "Singapore", "lists": {"groups": [{"items": [], "count": 2, "type": "created"}]}}, {"tips": {"count": 0}, "contact": {}, "firstName": "Ahmad", "gender": "male", "lastName": "Fauzi", "id": "2017321", "bio": "", "photo": {"prefix": "https://igx.4sqi.net/img/user/", "suffix": "/blank_boy.png", "default": true}, "homeCity": "\u9999\u6e2f", "lists": {"groups": [{"items": [], "count": 2, "type": "created"}]}}, {"tips": {"count": 4}, "contact": {"facebook": "521750917"}, "firstName": "Anna", "gender": "female", "lastName": "Nicole :)", "id": "3181098", "bio": "", "photo": {"prefix": "https://igx.4sqi.net/img/user/", "suffix": "/IZXHID5CP4ZMKS2A.jpg"}, "homeCity": "Singapore", "lists": {"groups": [{"items": [], "count": 2, "type": "created"}]}}, {"tips": {"count": 1}, "contact": {}, "firstName": "Shahidah", "gender": "female", "lastName": "Elysha", "id": "9510875", "bio": "", "photo": {"prefix": "https://igx.4sqi.net/img/user/", "suffix": "/1QW1EWPA4B0HB0SH.jpg"}, "homeCity": "Singapore", "lists": {"groups": [{"items": [], "count": 2, "type": "created"}]}}, {"tips": {"count": 37}, "contact": {"twitter": "yourhappylady", "facebook": "751434953"}, "firstName": "Cassie", "gender": "female", "lastName": "Fong", "id": "4834709", "bio": "", "photo": {"prefix": "https://igx.4sqi.net/img/user/", "suffix": "/1L402Q2YDQ4MHYFL.jpg"}, "homeCity": "Singapore", "lists": {"groups": [{"items": [], "count": 2, "type": "created"}]}}, {"tips": {"count": 2}, "contact": {}, "firstName": "Thereal", "gender": "female", "lastName": "Capulet", "id": "6806993", "bio": "", "photo": {"prefix": "https://igx.4sqi.net/img/user/", "suffix": "/FZWD2LAQJP55I50M.jpg"}, "homeCity": "Singapore", "lists": {"groups": [{"items": [], "count": 2, "type": "created"}]}}, {"tips": {"count": 0}, "contact": {"twitter": "bugsyzx", "facebook": "600512594"}, "firstName": "yasi\u00e9r", "gender": "none", "id": "7699522", "bio": "", "photo": {"prefix": "https://igx.4sqi.net/img/user/", "suffix": "/G1CQDAR0VL5P1ZI5.jpg"}, "homeCity": "Singapore", "lists": {"groups": [{"items": [], "count": 2, "type": "created"}]}}, {"tips": {"count": 0}, "contact": {}, "firstName": "Fafa", "gender": "female", "lastName": "Farzana", "id": "5813300", "bio": "", "photo": {"prefix": "https://igx.4sqi.net/img/user/", "suffix": "/20SEDHQ3QYMGCC5G.jpg"}, "homeCity": "New York, NY", "lists": {"groups": [{"items": [], "count": 2, "type": "created"}]}}, {"tips": {"count": 0}, "contact": {"twitter": "caiusang", "facebook": "639486516"}, "firstName": "P.M.", "gender": "male", "lastName": "Ang", "id": "5564114", "bio": "", "photo": {"prefix": "https://igx.4sqi.net/img/user/", "suffix": "/AATNGIWZOQCHVOGT.jpg"}, "homeCity": "Singapore", "lists": {"groups": [{"items": [], "count": 2, "type": "created"}]}}, {"tips": {"count": 0}, "contact": {}, "firstName": "Lisa G", "gender": "female", "id": "3587217", "bio": "", "photo": {"prefix": "https://igx.4sqi.net/img/user/", "suffix": "/XJ23GYMU0ZZT4KW4.jpg"}, "homeCity": "Singapore", "lists": {"groups": [{"items": [], "count": 2, "type": "created"}]}}, {"tips": {"count": 0}, "contact": {"facebook": "677701106"}, "firstName": "Muhammad", "gender": "male", "lastName": "Faruq", "id": "11212711", "bio": "", "photo": {"prefix": "https://igx.4sqi.net/img/user/", "suffix": "/TBFDKLAJKXG3RCC5.jpg"}, "homeCity": "Singapore", "lists": {"groups": [{"items": [], "count": 2, "type": "created"}]}}, {"tips": {"count": 0}, "contact": {"facebook": "634062959"}, "firstName": "Dee", "gender": "female", "lastName": "Yanni", "id": "3058669", "bio": "", "photo": {"prefix": "https://igx.4sqi.net/img/user/", "suffix": "/5RSIWMY1LDVIEI21.jpg"}, "homeCity": "Singapore", "lists": {"groups": [{"items": [], "count": 2, "type": "created"}]}}, {"tips": {"count": 0}, "contact": {"facebook": "595268630"}, "firstName": "Aizzat", "gender": "male", "lastName": "Rosly", "id": "10490168", "bio": "", "photo": {"prefix": "https://igx.4sqi.net/img/user/", "suffix": "/VZYBTZJTEPUTONZZ.jpg"}, "homeCity": "Singapore", "lists": {"groups": [{"items": [], "count": 2, "type": "created"}]}}, {"tips": {"count": 0}, "contact": {"facebook": "634901579"}, "firstName": "Fauzi", "gender": "male", "lastName": "Ravi", "id": "4071760", "bio": "", "photo": {"prefix": "https://igx.4sqi.net/img/user/", "suffix": "/XGO1L4FXZZRYCDFN.jpg"}, "homeCity": "Singapore", "lists": {"groups": [{"items": [], "count": 2, "type": "created"}]}}, {"tips": {"count": 1}, "contact": {"facebook": "1527550866"}, "firstName": "Sunil", "gender": "male", "lastName": "Rai", "id": "5428262", "bio": "", "photo": {"prefix": "https://igx.4sqi.net/img/user/", "suffix": "/ZTBH21R0RNJ1JIU0.jpg"}, "homeCity": "Singapore", "lists": {"groups": [{"items": [], "count": 2, "type": "created"}]}}, {"tips": {"count": 4}, "contact": {"twitter": "bihaaa", "facebook": "712197008"}, "firstName": "Nabiha", "gender": "female", "lastName": "Aljunied", "id": "2083729", "bio": "", "photo": {"prefix": "https://igx.4sqi.net/img/user/", "suffix": "/KXEGLWCRTZ1WWVBQ.jpg"}, "homeCity": "Melbourne, Australia", "lists": {"groups": [{"items": [], "count": 2, "type": "created"}]}}, {"tips": {"count": 0}, "contact": {"facebook": "1385183204"}, "firstName": "\u272f\u0104\u0157\u0104\u0253\u012f\u0104\u014b\u0290\u272f", "gender": "female", "id": "3211328", "bio": "", "photo": {"prefix": "https://igx.4sqi.net/img/user/", "suffix": "/CZN0T5CTA00MFU5K.jpg"}, "homeCity": "Singapore", "lists": {"groups": [{"items": [], "count": 2, "type": "created"}]}}, {"tips": {"count": 1}, "contact": {"twitter": "dzbeatz54", "facebook": "1016603790"}, "firstName": "Aizad", "gender": "male", "lastName": "Altair", "id": "9539782", "bio": "", "photo": {"prefix": "https://igx.4sqi.net/img/user/", "suffix": "/XLBSIQ1KL3RDFIL2.jpg"}, "homeCity": "Singapore", "lists": {"groups": [{"items": [], "count": 2, "type": "created"}]}}, {"tips": {"count": 4}, "contact": {"facebook": "750798930"}, "firstName": "Mokz", "gender": "male", "lastName": "Li", "id": "5571685", "bio": "", "photo": {"prefix": "https://igx.4sqi.net/img/user/", "suffix": "/03OBQN5M0XL5N3XB.jpg"}, "homeCity": "Singapore", "lists": {"groups": [{"items": [], "count": 2, "type": "created"}]}}, {"tips": {"count": 0}, "contact": {}, "firstName": "Jaime", "gender": "male", "lastName": "Jailani", "id": "7013011", "bio": "", "photo": {"prefix": "https://igx.4sqi.net/img/user/", "suffix": "/J4VDHY12SQVUMSZA.jpg"}, "homeCity": "Singapore", "lists": {"groups": [{"items": [], "count": 2, "type": "created"}]}}, {"tips": {"count": 0}, "contact": {"facebook": "1628703655"}, "firstName": "Haizura", "gender": "female", "lastName": "Yusoff", "id": "7726046", "bio": "", "photo": {"prefix": "https://igx.4sqi.net/img/user/", "suffix": "/AESG2T2UJVLYCOR4.jpg"}, "homeCity": "Singapore", "lists": {"groups": [{"items": [], "count": 2, "type": "created"}]}}, {"tips": {"count": 0}, "contact": {}, "firstName": "Mary Jane", "gender": "female", "id": "6672521", "bio": "", "photo": {"prefix": "https://igx.4sqi.net/img/user/", "suffix": "/XUCPLYTILEYMDBBF.jpg"}, "homeCity": "Singapore", "lists": {"groups": [{"items": [], "count": 2, "type": "created"}]}}, {"tips": {"count": 0}, "contact": {}, "firstName": "Zam", "gender": "male", "lastName": "Joker", "id": "5615431", "bio": "", "photo": {"prefix": "https://igx.4sqi.net/img/user/", "suffix": "/G4524LSU40RFZSNQ.jpg"}, "homeCity": "Singapore", "lists": {"groups": [{"items": [], "count": 2, "type": "created"}]}}, {"tips": {"count": 4}, "contact": {"facebook": "527264568"}, "firstName": "Ajak", "gender": "male", "lastName": "Teoridom", "id": "3590906", "bio": "", "photo": {"prefix": "https://igx.4sqi.net/img/user/", "suffix": "/CQSX4QZYREYKM55S.jpg"}, "homeCity": "Singapore", "lists": {"groups": [{"items": [], "count": 2, "type": "created"}]}}, {"tips": {"count": 0}, "contact": {"facebook": "777539244"}, "firstName": "Ahmad", "gender": "male", "lastName": "Zack", "id": "3067534", "bio": "", "photo": {"prefix": "https://igx.4sqi.net/img/user/", "suffix": "/TGIAKVQVUWHFLIYT.jpg"}, "homeCity": "Singapore", "lists": {"groups": [{"items": [], "count": 2, "type": "created"}]}}, {"tips": {"count": 0}, "contact": {}, "firstName": "Elyza", "gender": "none", "id": "4620557", "bio": "", "photo": {"prefix": "https://igx.4sqi.net/img/user/", "suffix": "/F0ZXDWID2NLZDDRE.jpg"}, "homeCity": "Singapore", "lists": {"groups": [{"items": [], "count": 2, "type": "created"}]}}, {"tips": {"count": 0}, "contact": {}, "firstName": "armstrong", "gender": "male", "lastName": "loyola", "id": "7907689", "bio": "", "photo": {"prefix": "https://igx.4sqi.net/img/user/", "suffix": "/I1KGQ4NHTMBKL504.jpg"}, "homeCity": "Singapore", "lists": {"groups": [{"items": [], "count": 2, "type": "created"}]}}, {"tips": {"count": 2}, "contact": {"facebook": "100002064069046"}, "firstName": "Khafi", "gender": "male", "lastName": "Nasir", "id": "2271295", "bio": "", "photo": {"prefix": "https://igx.4sqi.net/img/user/", "suffix": "/QO2Y45LZWIKCXGFW.jpg"}, "homeCity": "Taman Austin Perdana, Johor Bahru", "lists": {"groups": [{"items": [], "count": 2, "type": "created"}]}}, {"tips": {"count": 0}, "contact": {"facebook": "726901526"}, "firstName": "Kenneth", "gender": "male", "lastName": "Wu", "id": "3263172", "bio": "", "photo": {"prefix": "https://igx.4sqi.net/img/user/", "suffix": "/XFQWG312BJTZYB3X.jpg"}, "homeCity": "Singapore", "lists": {"groups": [{"items": [], "count": 2, "type": "created"}]}}, {"tips": {"count": 0}, "contact": {}, "firstName": "Annette", "gender": "female", "lastName": "Chew", "id": "6207334", "bio": "", "photo": {"prefix": "https://igx.4sqi.net/img/user/", "suffix": "/3RW1TRKFQYCUPLE3.jpg"}, "homeCity": "New York, NY", "lists": {"groups": [{"items": [], "count": 2, "type": "created"}]}}, {"tips": {"count": 0}, "contact": {}, "firstName": "Jai-me", "gender": "male", "lastName": "Choe", "id": "7013300", "bio": "", "photo": {"prefix": "https://igx.4sqi.net/img/user/", "suffix": "/PPYXLR3Y34TQCO4S.jpg"}, "homeCity": "Singapore", "lists": {"groups": [{"items": [], "count": 2, "type": "created"}]}}, {"tips": {"count": 0}, "contact": {"facebook": "100004066624482"}, "firstName": "Herry", "gender": "male", "lastName": "Khairudin", "id": "8062237", "bio": "", "photo": {"prefix": "https://igx.4sqi.net/img/user/", "suffix": "/3EV4TY3WHEMW3OGF.jpg"}, "homeCity": "Singapore", "lists": {"groups": [{"items": [], "count": 2, "type": "created"}]}}, {"tips": {"count": 1}, "contact": {"facebook": "1436640955"}, "firstName": "Haizad", "gender": "male", "lastName": "Thazzil", "id": "5635130", "bio": "", "photo": {"prefix": "https://igx.4sqi.net/img/user/", "suffix": "/IWCEIL0XOA23E5T3.jpg"}, "homeCity": "Singapore", "lists": {"groups": [{"items": [], "count": 2, "type": "created"}]}}, {"tips": {"count": 3}, "contact": {"facebook": "100000201431751"}, "firstName": "aZeyana", "gender": "female", "lastName": "A", "id": "3656079", "bio": "", "photo": {"prefix": "https://igx.4sqi.net/img/user/", "suffix": "/KDX5LHGFJA5BIZL3.jpg"}, "homeCity": "Singapore", "lists": {"groups": [{"items": [], "count": 2, "type": "created"}]}}, {"tips": {"count": 2}, "contact": {"facebook": "635973156"}, "firstName": "diqo", "gender": "male", "lastName": "diqi", "id": "3162394", "bio": "", "photo": {"prefix": "https://igx.4sqi.net/img/user/", "suffix": "/JOV3X434I3M3EXPL.jpg"}, "homeCity": "Singapore", "lists": {"groups": [{"items": [], "count": 2, "type": "created"}]}}, {"tips": {"count": 1}, "contact": {}, "firstName": "Hafizal", "gender": "male", "lastName": "Legend", "id": "5107995", "bio": "", "photo": {"prefix": "https://igx.4sqi.net/img/user/", "suffix": "/LFZBPXQ0OFE110LZ.jpg"}, "homeCity": "singapore", "lists": {"groups": [{"items": [], "count": 2, "type": "created"}]}}, {"tips": {"count": 0}, "contact": {}, "firstName": "Wanie", "gender": "female", "lastName": "Shorty", "id": "8353005", "bio": "", "photo": {"prefix": "https://igx.4sqi.net/img/user/", "suffix": "/Q3SXLZRTADO1YCKH.jpg"}, "homeCity": "Singapore", "lists": {"groups": [{"items": [], "count": 2, "type": "created"}]}}, {"tips": {"count": 5}, "contact": {"facebook": "650557263"}, "firstName": "shaikhy\ud83d\udc9ewatie", "gender": "male", "id": "2531309", "bio": "For u know for u find out where is the place are..", "photo": {"prefix": "https://igx.4sqi.net/img/user/", "suffix": "/2531309-NI2PNRUHZ13P5SV0.jpg"}, "homeCity": "Singapore", "lists": {"groups": [{"items": [], "count": 2, "type": "created"}]}}, {"tips": {"count": 7}, "contact": {"facebook": "632814611"}, "firstName": "Reduan", "gender": "male", "lastName": "Cycakman", "id": "3300927", "bio": "", "photo": {"prefix": "https://igx.4sqi.net/img/user/", "suffix": "/QNV5Y03UP5DDQRAC.jpg"}, "homeCity": "Singapore", "lists": {"groups": [{"items": [], "count": 2, "type": "created"}]}}, {"tips": {"count": 0}, "contact": {"facebook": "700079322"}, "firstName": "Haruko", "gender": "none", "lastName": "Shota", "id": "6213046", "bio": "", "photo": {"prefix": "https://igx.4sqi.net/img/user/", "suffix": "/blank_boy.png", "default": true}, "homeCity": "Singapore", "lists": {"groups": [{"items": [], "count": 2, "type": "created"}]}}, {"tips": {"count": 0}, "contact": {}, "firstName": "Nur Ashikin", "gender": "female", "id": "7118819", "bio": "", "photo": {"prefix": "https://igx.4sqi.net/img/user/", "suffix": "/WXQV5APHKYQ5FBDV.jpg"}, "homeCity": "Singapore", "lists": {"groups": [{"items": [], "count": 2, "type": "created"}]}}, {"tips": {"count": 0}, "contact": {"facebook": "728292057"}, "firstName": "Daniel", "gender": "male", "lastName": "Tan", "id": "9919521", "bio": "", "photo": {"prefix": "https://igx.4sqi.net/img/user/", "suffix": "/IIL5GRTDYOUSJD45.jpg"}, "homeCity": "Singapore", "lists": {"groups": [{"items": [], "count": 2, "type": "created"}]}}, {"tips": {"count": 7}, "contact": {}, "firstName": "Superfame", "gender": "male", "id": "5725719", "bio": "", "photo": {"prefix": "https://igx.4sqi.net/img/user/", "suffix": "/5725719-14Y03I33CRDVMK2S.jpg"}, "homeCity": "Singapore", "lists": {"groups": [{"items": [], "count": 2, "type": "created"}]}}, {"tips": {"count": 0}, "contact": {"facebook": "614580255"}, "firstName": "Nisa", "gender": "female", "lastName": "\u30cb\u30fc\u30b6", "id": "3658576", "bio": "", "photo": {"prefix": "https://igx.4sqi.net/img/user/", "suffix": "/OMNI0Z5CJTWYOXYN.jpg"}, "homeCity": "Singapore", "lists": {"groups": [{"items": [], "count": 2, "type": "created"}]}}, {"tips": {"count": 3}, "contact": {"twitter": "zulazmie", "facebook": "669334326"}, "firstName": "Zulazmie", "gender": "male", "lastName": "Ahmad", "id": "3523693", "bio": "", "photo": {"prefix": "https://igx.4sqi.net/img/user/", "suffix": "/C34YXU3UHIY0TVEQ.jpg"}, "homeCity": "Singapore", "lists": {"groups": [{"items": [], "count": 2, "type": "created"}]}}, {"tips": {"count": 1}, "contact": {"facebook": "548452121"}, "firstName": "Hairul", "gender": "male", "lastName": "Fadzlee", "id": "8928482", "bio": "", "photo": {"prefix": "https://igx.4sqi.net/img/user/", "suffix": "/MHY2OOJ5C2BMYZI5.jpg"}, "homeCity": "Singapore", "lists": {"groups": [{"items": [], "count": 2, "type": "created"}]}}, {"tips": {"count": 0}, "contact": {}, "firstName": "Muhammad", "gender": "male", "lastName": "Ramdan", "id": "2532741", "bio": "", "photo": {"prefix": "https://igx.4sqi.net/img/user/", "suffix": "/ESLIDK2DYVXKGPRS.jpg"}, "homeCity": "Singapore", "lists": {"groups": [{"items": [], "count": 2, "type": "created"}]}}, {"tips": {"count": 40}, "contact": {}, "firstName": "Dale", "gender": "male", "lastName": "peDerg", "id": "3311084", "bio": "", "photo": {"prefix": "https://igx.4sqi.net/img/user/", "suffix": "/XLLXO0OJFRVGUBCI.jpg"}, "homeCity": "Singapore", "lists": {"groups": [{"items": [], "count": 2, "type": "created"}]}}, {"tips": {"count": 1}, "contact": {"twitter": "nurulalycia", "facebook": "1705956566"}, "firstName": "\u0646\u0648\u0631", "gender": "female", "lastName": "\u0627\u0644\u0645\u0648\u0627\u0631", "id": "6223364", "bio": "", "photo": {"prefix": "https://igx.4sqi.net/img/user/", "suffix": "/6223364-FHDYTXUWEM3DWCWL.jpg"}, "homeCity": "Singapore", "lists": {"groups": [{"items": [], "count": 2, "type": "created"}]}}, {"tips": {"count": 0}, "contact": {"facebook": "1683251385"}, "firstName": "Mohd", "gender": "male", "lastName": "Shariff", "id": "7386721", "bio": "", "photo": {"prefix": "https://igx.4sqi.net/img/user/", "suffix": "/US3XIJ35ZNEYKECY.jpg"}, "homeCity": "New York, NY", "lists": {"groups": [{"items": [], "count": 2, "type": "created"}]}}, {"tips": {"count": 2}, "contact": {"twitter": "theplainsunset", "facebook": "100000347628852"}, "firstName": "Madeline", "gender": "female", "lastName": "Greens", "id": "11451366", "bio": "", "photo": {"prefix": "https://igx.4sqi.net/img/user/", "suffix": "/11451366-3HZGCJWYAEYC5RYL.jpg"}, "homeCity": "Singapore", "lists": {"groups": [{"items": [], "count": 2, "type": "created"}]}}, {"tips": {"count": 0}, "contact": {}, "firstName": "Ivy", "gender": "female", "lastName": "Lee", "id": "5757649", "bio": "", "photo": {"prefix": "https://igx.4sqi.net/img/user/", "suffix": "/MXWJE1VURH3QCQAZ.jpg"}, "homeCity": "Singapore", "lists": {"groups": [{"items": [], "count": 2, "type": "created"}]}}, {"tips": {"count": 0}, "contact": {"twitter": "psykayden", "facebook": "1474633204"}, "firstName": "Kayden", "gender": "male", "lastName": "Saiful", "id": "4656212", "bio": "", "photo": {"prefix": "https://igx.4sqi.net/img/user/", "suffix": "/YPVIZVHXCWUGTVRH.jpg"}, "homeCity": "Singapore", "lists": {"groups": [{"items": [], "count": 2, "type": "created"}]}}, {"tips": {"count": 0}, "contact": {"facebook": "1518721372"}, "firstName": "Ridhwan", "gender": "male", "lastName": "Jamaluddin", "id": "3535979", "bio": "", "photo": {"prefix": "https://igx.4sqi.net/img/user/", "suffix": "/XMS35UNESL0X4BJN.jpg"}, "homeCity": "Singapore", "lists": {"groups": [{"items": [], "count": 2, "type": "created"}]}}, {"tips": {"count": 0}, "contact": {"facebook": "1652422236"}, "firstName": "Adik", "gender": "female", "lastName": "Shortie12", "id": "9305461", "bio": "", "photo": {"prefix": "https://igx.4sqi.net/img/user/", "suffix": "/4ZSX3WS1SDFC1Y2J.jpg"}, "homeCity": "Singapore", "lists": {"groups": [{"items": [], "count": 2, "type": "created"}]}}, {"tips": {"count": 0}, "contact": {"facebook": "528340381"}, "firstName": "Royston", "gender": "male", "lastName": "Teo", "id": "2782981", "bio": "", "photo": {"prefix": "https://igx.4sqi.net/img/user/", "suffix": "/blank_boy.png", "default": true}, "homeCity": "Singapore", "lists": {"groups": [{"items": [], "count": 2, "type": "created"}]}}, {"tips": {"count": 0}, "contact": {"facebook": "751348870"}, "firstName": "Muhammad", "gender": "male", "lastName": "Firdaus", "id": "3315494", "bio": "", "photo": {"prefix": "https://igx.4sqi.net/img/user/", "suffix": "/AZFWFUNXZB4LGP2D.jpg"}, "homeCity": "Singapore", "lists": {"groups": [{"items": [], "count": 2, "type": "created"}]}}, {"tips": {"count": 2}, "contact": {}, "firstName": "Md izwan", "gender": "male", "id": "6242850", "bio": "", "photo": {"prefix": "https://igx.4sqi.net/img/user/", "suffix": "/40S1GJMUOEYFDL22.jpg"}, "homeCity": "New York, NY", "lists": {"groups": [{"items": [], "count": 2, "type": "created"}]}}, {"tips": {"count": 0}, "contact": {}, "firstName": "Maria", "gender": "female", "lastName": "Americano", "id": "7403470", "bio": "", "photo": {"prefix": "https://igx.4sqi.net/img/user/", "suffix": "/YUW3JDXBUAS3CQXC.jpg"}, "homeCity": "Singapore", "lists": {"groups": [{"items": [], "count": 2, "type": "created"}]}}, {"tips": {"count": 0}, "contact": {"twitter": "fattboi"}, "firstName": "Zai", "gender": "male", "lastName": "Navorski", "id": "5826014", "bio": "", "photo": {"prefix": "https://igx.4sqi.net/img/user/", "suffix": "/ZUK5J1SW3ZRHDUPD.jpg"}, "homeCity": "Singapore", "lists": {"groups": [{"items": [], "count": 2, "type": "created"}]}}, {"tips": {"count": 0}, "contact": {}, "firstName": "Shazleena", "gender": "female", "lastName": "Zainudin", "id": "4659219", "bio": "", "photo": {"prefix": "https://igx.4sqi.net/img/user/", "suffix": "/blank_girl.png", "default": true}, "homeCity": "Singapore", "lists": {"groups": [{"items": [], "count": 2, "type": "created"}]}}, {"tips": {"count": 379}, "contact": {"twitter": "juwiezy", "facebook": "100000430374646"}, "firstName": "\ud83d\udc8bJuWieZy\u2122", "gender": "female", "lastName": "VoGueZ \ud83c\udf78", "id": "3622219", "bio": "I admire&love self-independence.\nAnimal lover. Cat lover.Loneranger.", "photo": {"prefix": "https://igx.4sqi.net/img/user/", "suffix": "/3622219_BTK3Ytry_GjX1VbAAGrSs8lUFx_fcF1kGq6IHmoUAmHbY_B7Lr3g6fjSxoTDZgPCdME1IGLj-.jpg"}, "homeCity": "Queenstown", "lists": {"groups": [{"items": [], "count": 40, "type": "created"}]}}, {"tips": {"count": 0}, "contact": {"facebook": "1754247749"}, "firstName": "Anjang", "gender": "male", "lastName": "Botak", "id": "3102795", "bio": "", "photo": {"prefix": "https://igx.4sqi.net/img/user/", "suffix": "/31EUJNLNY3GXS0CD.jpg"}, "homeCity": "Singapore", "lists": {"groups": [{"items": [], "count": 2, "type": "created"}]}}, {"tips": {"count": 14}, "contact": {"facebook": "586937252"}, "firstName": "Miki", "gender": "male", "id": "3316310", "bio": "", "photo": {"prefix": "https://igx.4sqi.net/img/user/", "suffix": "/SJNV34F2ZZKLBFE5.jpg"}, "homeCity": "K\u00f8benhavn, Danmark", "lists": {"groups": [{"items": [], "count": 2, "type": "created"}]}}, {"tips": {"count": 0}, "contact": {"facebook": "100000594002169"}, "firstName": "Pandy", "gender": "male", "lastName": "Ho", "id": "6889254", "bio": "", "photo": {"prefix": "https://igx.4sqi.net/img/user/", "suffix": "/4WDOUBLNG3YZAZ2A.jpg"}, "homeCity": "Singapore", "lists": {"groups": [{"items": [], "count": 2, "type": "created"}]}}, {"tips": {"count": 0}, "contact": {"facebook": "100000404170395"}, "firstName": "Kojeen", "gender": "male", "lastName": "Mojeen-ko", "id": "10379241", "bio": "", "photo": {"prefix": "https://igx.4sqi.net/img/user/", "suffix": "/H5BAUFWI1FRROAWN.jpg"}, "homeCity": "New York, NY", "lists": {"groups": [{"items": [], "count": 2, "type": "created"}]}}, {"tips": {"count": 1}, "contact": {"facebook": "536856468"}, "firstName": "Syazee", "gender": "female", "lastName": "Shahril", "id": "5849624", "bio": "", "photo": {"prefix": "https://igx.4sqi.net/img/user/", "suffix": "/VTUXFLVSXESULRUK.jpg"}, "homeCity": "Singapore", "lists": {"groups": [{"items": [], "count": 2, "type": "created"}]}}, {"tips": {"count": 0}, "contact": {"facebook": "1515435565"}, "firstName": "muhammad", "gender": "male", "lastName": "saifuddin", "id": "4905501", "bio": "", "photo": {"prefix": "https://igx.4sqi.net/img/user/", "suffix": "/W3ZCPEEM1RC4QHHU.jpg"}, "homeCity": "New York, NY", "lists": {"groups": [{"items": [], "count": 2, "type": "created"}]}}, {"tips": {"count": 5}, "contact": {"twitter": "dinoraawrs", "facebook": "754894961"}, "firstName": "Shikin", "gender": "female", "lastName": "Salim", "id": "3630265", "bio": "", "photo": {"prefix": "https://igx.4sqi.net/img/user/", "suffix": "/SIPWUNB1SCVYCKC0.jpg"}, "homeCity": "Singapore", "lists": {"groups": [{"items": [], "count": 2, "type": "created"}]}}, {"tips": {"count": 0}, "contact": {}, "firstName": "Ogy", "gender": "male", "lastName": ".", "id": "3143843", "bio": "", "photo": {"prefix": "https://igx.4sqi.net/img/user/", "suffix": "/VLO5DVZR4QDWPVAW.jpg"}, "homeCity": "Singapore", "lists": {"groups": [{"items": [], "count": 2, "type": "created"}]}}, {"tips": {"count": 0}, "contact": {}, "firstName": "Joey", "gender": "female", "lastName": "Ng", "id": "3394216", "bio": "", "photo": {"prefix": "https://igx.4sqi.net/img/user/", "suffix": "/2M3XDVZIEXXPH3QV.jpg"}, "homeCity": "Singapore", "lists": {"groups": [{"items": [], "count": 2, "type": "created"}]}}, {"tips": {"count": 0}, "contact": {"twitter": "rasul_jasman", "facebook": "593514530"}, "firstName": "Rasul", "gender": "male", "lastName": "Jasman", "id": "6918757", "bio": "", "photo": {"prefix": "https://igx.4sqi.net/img/user/", "suffix": "/6918757-AQRVPBNVCMXLI0YB.jpg"}, "homeCity": "Singapore", "lists": {"groups": [{"items": [], "count": 2, "type": "created"}]}}, {"tips": {"count": 0}, "contact": {"twitter": "sariatisaidsay", "facebook": "1668952317"}, "firstName": "Sariati", "gender": "female", "lastName": "Said", "id": "5888483", "bio": "", "photo": {"prefix": "https://igx.4sqi.net/img/user/", "suffix": "/UH5BQINWYIA1LCFY.jpg"}, "homeCity": "Singapore", "lists": {"groups": [{"items": [], "count": 2, "type": "created"}]}}, {"tips": {"count": 6}, "contact": {"facebook": "100000427845719"}, "firstName": "Jiema", "gender": "female", "lastName": "Ishak", "id": "4985884", "bio": "", "photo": {"prefix": "https://igx.4sqi.net/img/user/", "suffix": "/HEKANW42WXJ2VFBP.jpg"}, "homeCity": "Singapore", "lists": {"groups": [{"items": [], "count": 2, "type": "created"}]}}, {"tips": {"count": 0}, "contact": {"facebook": "1515061868"}, "firstName": "Ahmad", "gender": "male", "lastName": "Rafoq", "id": "3749932", "bio": "", "photo": {"prefix": "https://igx.4sqi.net/img/user/", "suffix": "/JJN33SMGHVNP1FPL.jpg"}, "homeCity": "Singapore", "lists": {"groups": [{"items": [], "count": 2, "type": "created"}]}}, {"tips": {"count": 0}, "contact": {"facebook": "579919483"}, "firstName": "Md", "gender": "male", "lastName": "Rhymei", "id": "3195276", "bio": "", "photo": {"prefix": "https://igx.4sqi.net/img/user/", "suffix": "/YIZLWXVNMOC2QR4O.jpg"}, "homeCity": "Singapore", "lists": {"groups": [{"items": [], "count": 2, "type": "created"}]}}, {"tips": {"count": 3}, "contact": {"facebook": "745746731"}, "firstName": "Hazzy", "gender": "male", "lastName": "Wazzy", "id": "3673899", "bio": "", "photo": {"prefix": "https://igx.4sqi.net/img/user/", "suffix": "/AZXKAOLQTPCHNJH2.jpg"}, "homeCity": "Singapore", "lists": {"groups": [{"items": [], "count": 2, "type": "created"}]}}, {"tips": {"count": 1}, "contact": {"twitter": "mashinora"}, "firstName": "Mashinora", "gender": "female", "id": "7827863", "bio": "", "photo": {"prefix": "https://igx.4sqi.net/img/user/", "suffix": "/AW4DCYDX5XQJVMSZ.jpg"}, "homeCity": "Singapore", "lists": {"groups": [{"items": [], "count": 2, "type": "created"}]}}, {"tips": {"count": 0}, "contact": {}, "firstName": "Khairul", "gender": "male", "lastName": "Nizam", "id": "5953243", "bio": "", "photo": {"prefix": "https://igx.4sqi.net/img/user/", "suffix": "/blank_boy.png", "default": true}, "homeCity": "Singapore", "lists": {"groups": [{"items": [], "count": 2, "type": "created"}]}}, {"tips": {"count": 0}, "contact": {"facebook": "100000495405433"}, "firstName": "Asri", "gender": "male", "lastName": "UrcrazyFren", "id": "7341825", "bio": "", "photo": {"prefix": "https://igx.4sqi.net/img/user/", "suffix": "/N2GIKW4C4MY5EFHL.jpg"}, "homeCity": "Singapore", "lists": {"groups": [{"items": [], "count": 2, "type": "created"}]}}, {"tips": {"count": 2}, "contact": {"twitter": "kanenobuhiro", "facebook": "643782995"}, "firstName": "syaiful", "gender": "male", "lastName": "Amiril", "id": "3754753", "bio": "", "photo": {"prefix": "https://igx.4sqi.net/img/user/", "suffix": "/OGQ10JWVMI2Q1XDU.jpg"}, "homeCity": "Singapore", "lists": {"groups": [{"items": [], "count": 2, "type": "created"}]}}, {"tips": {"count": 0}, "contact": {"facebook": "1635721286"}, "firstName": "Kimi", "gender": "male", "lastName": "Nash", "id": "3241515", "bio": "", "photo": {"prefix": "https://igx.4sqi.net/img/user/", "suffix": "/PLBJBTMFZ5JZ5WBY.jpg"}, "homeCity": "Singapore", "lists": {"groups": [{"items": [], "count": 2, "type": "created"}]}}, {"tips": {"count": 0}, "contact": {"facebook": "787108771"}, "firstName": "Marissa", "gender": "female", "lastName": "Missy", "id": "3725749", "bio": "", "photo": {"prefix": "https://igx.4sqi.net/img/user/", "suffix": "/24DJVEOUBRIZS2CC.jpg"}, "homeCity": "Singapore", "lists": {"groups": [{"items": [], "count": 2, "type": "created"}]}}, {"tips": {"count": 0}, "contact": {"twitter": "fidasani", "facebook": "751298091"}, "firstName": "Nurafidah", "gender": "female", "lastName": "Kamsani", "id": "6132794", "bio": "", "photo": {"prefix": "https://igx.4sqi.net/img/user/", "suffix": "/45302LUYYLURFZIR.jpg"}, "homeCity": "Singapore", "lists": {"groups": [{"items": [], "count": 2, "type": "created"}]}}, {"tips": {"count": 0}, "contact": {}, "firstName": "muhammad", "gender": "male", "lastName": "osman", "id": "8458766", "bio": "", "photo": {"prefix": "https://igx.4sqi.net/img/user/", "suffix": "/blank_boy.png", "default": true}, "homeCity": "Singapore", "lists": {"groups": [{"items": [], "count": 2, "type": "created"}]}}, {"tips": {"count": 2}, "contact": {"facebook": "735439540"}, "firstName": "Syira", "gender": "female", "lastName": "AlAbdullah", "id": "3930716", "bio": "", "photo": {"prefix": "https://igx.4sqi.net/img/user/", "suffix": "/YKSUFAM4BYDTG21V.jpg"}, "homeCity": "Singapore", "lists": {"groups": [{"items": [], "count": 2, "type": "created"}]}}, {"tips": {"count": 8}, "contact": {"facebook": "737904557"}, "firstName": "putera", "gender": "male", "lastName": "anak taukeh", "id": "3398486", "bio": "", "photo": {"prefix": "https://igx.4sqi.net/img/user/", "suffix": "/5WBTEZY0VRNFSFQP.jpg"}, "homeCity": "Singapore", "lists": {"groups": [{"items": [], "count": 2, "type": "created"}]}}, {"tips": {"count": 0}, "contact": {}, "firstName": "Fadzly", "gender": "male", "lastName": "Samsudin", "id": "3732440", "bio": "", "photo": {"prefix": "https://igx.4sqi.net/img/user/", "suffix": "/blank_boy.png", "default": true}, "homeCity": "New York, NY", "lists": {"groups": [{"items": [], "count": 2, "type": "created"}]}}, {"tips": {"count": 0}, "contact": {"facebook": "691248805"}, "firstName": "Nur", "gender": "female", "lastName": "Hasinah", "id": "6137317", "bio": "", "photo": {"prefix": "https://igx.4sqi.net/img/user/", "suffix": "/XZ0ADDDCL5MZIGY1.jpg"}, "homeCity": "Singapore", "lists": {"groups": [{"items": [], "count": 2, "type": "created"}]}}, {"tips": {"count": 0}, "contact": {"facebook": "672111224"}, "firstName": "Shafie", "gender": "male", "lastName": "Ughh Jr.", "id": "9028547", "bio": "", "photo": {"prefix": "https://igx.4sqi.net/img/user/", "suffix": "/MGHGLCOVFXAXM3VZ.jpg"}, "homeCity": "Singapore", "lists": {"groups": [{"items": [], "count": 2, "type": "created"}]}}, {"tips": {"count": 0}, "contact": {"twitter": "qkyumonster", "facebook": "786537669"}, "firstName": "Q", "gender": "female", "lastName": "Monster", "id": "4056887", "bio": "", "photo": {"prefix": "https://igx.4sqi.net/img/user/", "suffix": "/AI0PCDHWTQ3OOE4N.jpg"}, "homeCity": "Singapore", "lists": {"groups": [{"items": [], "count": 2, "type": "created"}]}}, {"tips": {"count": 0}, "contact": {"facebook": "521415443"}, "firstName": "Faizal", "gender": "male", "lastName": "Salim", "id": "3418553", "bio": "", "photo": {"prefix": "https://igx.4sqi.net/img/user/", "suffix": "/QCBYW4KFRXLFKBIQ.jpg"}, "homeCity": "Singapore", "lists": {"groups": [{"items": [], "count": 2, "type": "created"}]}}, {"tips": {"count": 0}, "contact": {"facebook": "100001117567342"}, "firstName": "Aisyah", "gender": "female", "lastName": "Safri", "id": "3894767", "bio": "", "photo": {"prefix": "https://igx.4sqi.net/img/user/", "suffix": "/5HNRDTS34H5TQKJB.jpg"}, "homeCity": "Singapore", "lists": {"groups": [{"items": [], "count": 2, "type": "created"}]}}, {"tips": {"count": 0}, "contact": {}, "firstName": "shawal", "gender": "male", "lastName": "aidil", "id": "6157843", "bio": "", "photo": {"prefix": "https://igx.4sqi.net/img/user/", "suffix": "/blank_boy.png", "default": true}, "homeCity": "New York, NY", "lists": {"groups": [{"items": [], "count": 2, "type": "created"}]}}, {"tips": {"count": 0}, "contact": {}, "firstName": "Zulhilmi", "gender": "male", "lastName": "Joffri", "id": "5094575", "bio": "", "photo": {"prefix": "https://igx.4sqi.net/img/user/", "suffix": "/CF2CAVZZY0ZCSJ3W.jpg"}, "homeCity": "Singapore", "lists": {"groups": [{"items": [], "count": 2, "type": "created"}]}}, {"tips": {"count": 2}, "contact": {"facebook": "736005010"}, "firstName": "Wady", "gender": "male", "lastName": "Kuntare", "id": "3418562", "bio": "", "photo": {"prefix": "https://igx.4sqi.net/img/user/", "suffix": "/RWZCHRYU5H33WPLS.jpg"}, "homeCity": "Singapore", "lists": {"groups": [{"items": [], "count": 2, "type": "created"}]}}, {"tips": {"count": 0}, "contact": {}, "firstName": "asri", "gender": "male", "lastName": "datenshi", "id": "4019560", "bio": "", "photo": {"prefix": "https://igx.4sqi.net/img/user/", "suffix": "/QDHPFRZIBAWBVB4X.jpg"}, "homeCity": "Singapore", "lists": {"groups": [{"items": [], "count": 2, "type": "created"}]}}, {"tips": {"count": 0}, "contact": {}, "firstName": "Maman", "gender": "male", "lastName": "Mohammad", "id": "7542742", "bio": "", "photo": {"prefix": "https://igx.4sqi.net/img/user/", "suffix": "/blank_boy.png", "default": true}, "homeCity": "Brooklyn, NY", "lists": {"groups": [{"items": [], "count": 2, "type": "created"}]}}, {"tips": {"count": 0}, "contact": {}, "firstName": "Sulaiman", "gender": "male", "lastName": "Ismail", "id": "5246457", "bio": "", "photo": {"prefix": "https://igx.4sqi.net/img/user/", "suffix": "/blank_boy.png", "default": true}, "homeCity": "Singapore", "lists": {"groups": [{"items": [], "count": 2, "type": "created"}]}}, {"tips": {"count": 0}, "contact": {}, "firstName": "HermanH", "gender": "male", "lastName": "-", "id": "3570097", "bio": "", "photo": {"prefix": "https://igx.4sqi.net/img/user/", "suffix": "/GHS0O0J4J30SILND.jpg"}, "homeCity": "Singapore", "lists": {"groups": [{"items": [], "count": 2, "type": "created"}]}}, {"tips": {"count": 2}, "contact": {"twitter": "faddrodd"}, "firstName": "Fadhli", "gender": "male", "id": "4137073", "bio": "", "photo": {"prefix": "https://igx.4sqi.net/img/user/", "suffix": "/4SZDFVSACETYLMFR.jpg"}, "homeCity": "Singapore", "lists": {"groups": [{"items": [], "count": 2, "type": "created"}]}}, {"tips": {"count": 0}, "contact": {"twitter": "lyndyyyy", "facebook": "598462809"}, "firstName": "lyndyyyy", "gender": "female", "lastName": "DADA", "id": "7669600", "bio": "Live, Laugh, Love.", "photo": {"prefix": "https://igx.4sqi.net/img/user/", "suffix": "/T51OLBMF3RVYEVOZ.jpg"}, "homeCity": "Singapore ", "lists": {"groups": [{"items": [], "count": 2, "type": "created"}]}}, {"tips": {"count": 0}, "contact": {"twitter": "fbe2289x", "facebook": "10153575549525266"}, "firstName": "Muhammad", "gender": "male", "lastName": "Syahiran", "id": "5247185", "bio": "", "photo": {"prefix": "https://igx.4sqi.net/img/user/", "suffix": "/5247185-EKQGKOE23V5X5U3K.jpg"}, "homeCity": "Singapore", "lists": {"groups": [{"items": [], "count": 2, "type": "created"}]}}, {"tips": {"count": 2}, "contact": {"facebook": "633538660"}, "firstName": "Khailee", "gender": "male", "lastName": "Mohamed", "id": "3643915", "bio": "", "photo": {"prefix": "https://igx.4sqi.net/img/user/", "suffix": "/1NJLJRC25CLNVJ00.jpg"}, "homeCity": "Singapore", "lists": {"groups": [{"items": [], "count": 2, "type": "created"}]}}, {"tips": {"count": 0}, "contact": {"twitter": "ayiekontol", "facebook": "100001652295518"}, "firstName": "AyieKontol", "gender": "male", "id": "4438297", "bio": "", "photo": {"prefix": "https://igx.4sqi.net/img/user/", "suffix": "/GZXTCNQ2WUEOORPE.jpg"}, "homeCity": "Singapore", "lists": {"groups": [{"items": [], "count": 2, "type": "created"}]}}, {"tips": {"count": 0}, "contact": {"facebook": "100000127927686"}, "firstName": "Faris", "gender": "male", "lastName": "Mohammad", "id": "5327638", "bio": "", "photo": {"prefix": "https://igx.4sqi.net/img/user/", "suffix": "/BR0A0UFTPZT453YE.jpg"}, "homeCity": "New York, NY", "lists": {"groups": [{"items": [], "count": 2, "type": "created"}]}}, {"tips": {"count": 0}, "contact": {}, "firstName": "Farhan", "gender": "male", "lastName": "Boomer", "id": "3690825", "bio": "", "photo": {"prefix": "https://igx.4sqi.net/img/user/", "suffix": "/SL41A2VYSP5HRDTY.jpg"}, "homeCity": "Singapore", "lists": {"groups": [{"items": [], "count": 2, "type": "created"}]}}, {"tips": {"count": 0}, "contact": {"facebook": "1472538077"}, "firstName": "mimie", "gender": "male", "lastName": "Kiddo", "id": "4607490", "bio": "", "photo": {"prefix": "https://igx.4sqi.net/img/user/", "suffix": "/0MJS3CUPP4WIURVD.jpg"}, "homeCity": "Singapore", "lists": {"groups": [{"items": [], "count": 2, "type": "created"}]}}, {"tips": {"count": 0}, "contact": {"facebook": "100000594108723"}, "firstName": "Fuad", "gender": "male", "lastName": "Abdul Wahid", "id": "5860510", "bio": "", "photo": {"prefix": "https://igx.4sqi.net/img/user/", "suffix": "/XYCYDMDPP4GTE33R.jpg"}, "homeCity": "Singapore", "lists": {"groups": [{"items": [], "count": 2, "type": "created"}]}}, {"tips": {"count": 1}, "contact": {"facebook": "1086696776"}, "firstName": "Jimmy", "gender": "male", "lastName": "Merc", "id": "3708373", "bio": "", "photo": {"prefix": "https://igx.4sqi.net/img/user/", "suffix": "/GBK5YKTXTTKUFYCU.jpg"}, "homeCity": "Singapore", "lists": {"groups": [{"items": [], "count": 2, "type": "created"}]}}, {"tips": {"count": 0}, "contact": {}, "firstName": "Yat", "gender": "none", "lastName": "Magix", "id": "4689215", "bio": "", "photo": {"prefix": "https://igx.4sqi.net/img/user/", "suffix": "/0W25QH5AJ51PSLR5.jpg"}, "homeCity": "Singapore", "lists": {"groups": [{"items": [], "count": 2, "type": "created"}]}}, {"tips": {"count": 0}, "contact": {"facebook": "801136111"}, "firstName": "Muhammad", "gender": "male", "lastName": "Razif", "id": "5860926", "bio": "", "photo": {"prefix": "https://igx.4sqi.net/img/user/", "suffix": "/blank_boy.png", "default": true}, "homeCity": "Singapore", "lists": {"groups": [{"items": [], "count": 2, "type": "created"}]}}, {"tips": {"count": 0}, "contact": {"twitter": "yslnd"}, "firstName": "Yuslinda", "gender": "female", "lastName": "Khasmadi", "id": "3824915", "bio": "", "photo": {"prefix": "https://igx.4sqi.net/img/user/", "suffix": "/0J312YKDQUOP41XR.jpg"}, "homeCity": "Singapore", "lists": {"groups": [{"items": [], "count": 2, "type": "created"}]}}, {"tips": {"count": 0}, "contact": {}, "firstName": "muhamad", "gender": "male", "lastName": "nazar", "id": "4760401", "bio": "", "photo": {"prefix": "https://igx.4sqi.net/img/user/", "suffix": "/MI3LXE0BHKNVXSOB.jpg"}, "homeCity": "Singapore", "lists": {"groups": [{"items": [], "count": 2, "type": "created"}]}}, {"tips": {"count": 0}, "contact": {"twitter": "yuniqueee", "facebook": "650186561"}, "firstName": "Yuni", "gender": "female", "lastName": "Hilson", "id": "8255416", "bio": "", "photo": {"prefix": "https://igx.4sqi.net/img/user/", "suffix": "/3TNPDZEAPBS05N3M.jpg"}, "homeCity": "Singapore", "lists": {"groups": [{"items": [], "count": 2, "type": "created"}]}}, {"tips": {"count": 0}, "contact": {"facebook": "1653981234"}, "firstName": "Arie", "gender": "male", "lastName": "Kuda", "id": "4088080", "bio": "", "photo": {"prefix": "https://igx.4sqi.net/img/user/", "suffix": "/NQM42GEPUO2FSDDK.jpg"}, "homeCity": "Singapore", "lists": {"groups": [{"items": [], "count": 2, "type": "created"}]}}, {"tips": {"count": 0}, "contact": {"twitter": "hotprincx", "facebook": "1784613511"}, "firstName": "Kholique", "gender": "male", "id": "5212649", "bio": "", "photo": {"prefix": "https://igx.4sqi.net/img/user/", "suffix": "/3CZISWG2PJY5OZOC.jpg"}, "homeCity": "Singapore", "lists": {"groups": [{"items": [], "count": 2, "type": "created"}]}}, {"tips": {"count": 3}, "contact": {}, "firstName": "Hethlyn", "gender": "female", "lastName": "Chu", "id": "8269437", "bio": "", "photo": {"prefix": "https://igx.4sqi.net/img/user/", "suffix": "/1EBRRVO0PKFPGKTY.jpg"}, "homeCity": "Singapore", "lists": {"groups": [{"items": [], "count": 2, "type": "created"}]}}, {"tips": {"count": 1}, "contact": {"facebook": "736740815"}, "firstName": "Nuristiqamal", "gender": "male", "lastName": "Shariff", "id": "4164259", "bio": "", "photo": {"prefix": "https://igx.4sqi.net/img/user/", "suffix": "/M0JAM2B4PDB0LIPN.jpg"}, "homeCity": "New York", "lists": {"groups": [{"items": [], "count": 2, "type": "created"}]}}, {"tips": {"count": 1}, "contact": {"twitter": "j4ckn1f3", "facebook": "669328506"}, "firstName": "Tinesh", "gender": "male", "lastName": "Raj", "id": "5522734", "bio": "", "photo": {"prefix": "https://igx.4sqi.net/img/user/", "suffix": "/25B5GKUR20ZAIQ4N.jpg"}, "homeCity": "Singapore", "lists": {"groups": [{"items": [], "count": 2, "type": "created"}]}}, {"tips": {"count": 0}, "contact": {"facebook": "1242304264"}, "firstName": "Rasul", "gender": "male", "id": "4197311", "bio": "", "photo": {"prefix": "https://igx.4sqi.net/img/user/", "suffix": "/LURCMHK3TBW2ZGMO.jpg"}, "homeCity": "Singapore", "lists": {"groups": [{"items": [], "count": 2, "type": "created"}]}}, {"tips": {"count": 0}, "contact": {"facebook": "100000337175125"}, "firstName": "Xana", "gender": "female", "lastName": "Banks", "id": "5767645", "bio": "", "photo": {"prefix": "https://igx.4sqi.net/img/user/", "suffix": "/EP0VW0DJVAEFNLL0.jpg"}, "homeCity": "Singapore", "lists": {"groups": [{"items": [], "count": 2, "type": "created"}]}}, {"tips": {"count": 0}, "contact": {"twitter": "dramaliesgossip", "facebook": "1189872746"}, "firstName": "Nurul", "gender": "female", "lastName": "Lyana N", "id": "4204916", "bio": "", "photo": {"prefix": "https://igx.4sqi.net/img/user/", "suffix": "/C1HNYRYH0STQP4GU.jpg"}, "homeCity": "Singapore", "lists": {"groups": [{"items": [], "count": 2, "type": "created"}]}}, {"tips": {"count": 0}, "contact": {}, "firstName": "Mohd", "gender": "male", "lastName": "Ismail", "id": "6648775", "bio": "", "photo": {"prefix": "https://igx.4sqi.net/img/user/", "suffix": "/N0D2P1UOK3IRAGXK.jpg"}, "homeCity": "Singapore", "lists": {"groups": [{"items": [], "count": 2, "type": "created"}]}}, {"tips": {"count": 1}, "contact": {}, "firstName": "Buyong", "gender": "male", "lastName": "Hensem", "id": "4596089", "bio": "", "photo": {"prefix": "https://igx.4sqi.net/img/user/", "suffix": "/5LSP435BIFDIHI50.jpg"}, "homeCity": "Singapore", "lists": {"groups": [{"items": [], "count": 2, "type": "created"}]}}, {"tips": {"count": 0}, "contact": {"facebook": "694778937"}, "firstName": "Hady", "gender": "male", "lastName": "Mohd", "id": "4726042", "bio": "", "photo": {"prefix": "https://igx.4sqi.net/img/user/", "suffix": "/HRNRD22TPAW2AFKZ.jpg"}, "homeCity": "Singapore", "lists": {"groups": [{"items": [], "count": 2, "type": "created"}]}}, {"tips": {"count": 0}, "contact": {}, "firstName": "Maarof", "gender": "male", "lastName": "Zulkifli", "id": "5261502", "bio": "", "photo": {"prefix": "https://igx.4sqi.net/img/user/", "suffix": "/02VEXWOR0Z0WKXHA.jpg"}, "homeCity": "Singapore", "lists": {"groups": [{"items": [], "count": 2, "type": "created"}]}}, {"tips": {"count": 0}, "contact": {"facebook": "660929419"}, "firstName": "Fad", "gender": "male", "id": "5262391", "bio": "", "photo": {"prefix": "https://igx.4sqi.net/img/user/", "suffix": "/TTSOYD5IZHT0CHSU.jpg"}, "homeCity": "Singapore", "lists": {"groups": [{"items": [], "count": 2, "type": "created"}]}}, {"tips": {"count": 0}, "contact": {"facebook": "1020936018"}, "firstName": "ruffey", "gender": "male", "lastName": "oooohhh", "id": "5266970", "bio": "", "photo": {"prefix": "https://igx.4sqi.net/img/user/", "suffix": "/3OZ2OQ3OGMA25S4Q.jpg"}, "homeCity": "Singapore", "lists": {"groups": [{"items": [], "count": 2, "type": "created"}]}}, {"tips": {"count": 0}, "contact": {"facebook": "1726343637"}, "firstName": "Apeaz", "gender": "male", "lastName": "Corridore", "id": "5267591", "bio": "", "photo": {"prefix": "https://igx.4sqi.net/img/user/", "suffix": "/Y14PNWETO3CA2OUT.jpg"}, "homeCity": "Singapore", "lists": {"groups": [{"items": [], "count": 2, "type": "created"}]}}, {"tips": {"count": 0}, "contact": {"facebook": "1074782082"}, "firstName": "Aisyah", "gender": "female", "lastName": "Syahzi", "id": "5595632", "bio": "", "photo": {"prefix": "https://igx.4sqi.net/img/user/", "suffix": "/JM0RBENLU1FFXZE0.jpg"}, "homeCity": "Singapore", "lists": {"groups": [{"items": [], "count": 2, "type": "created"}]}}, {"tips": {"count": 0}, "contact": {"facebook": "551312627"}, "firstName": "Niki", "gender": "female", "lastName": "Shikin", "id": "5603244", "bio": "", "photo": {"prefix": "https://igx.4sqi.net/img/user/", "suffix": "/3121TDKEIBK1F5A0.jpg"}, "homeCity": "Singapore", "lists": {"groups": [{"items": [], "count": 2, "type": "created"}]}}, {"tips": {"count": 0}, "contact": {"facebook": "1815104942"}, "firstName": "Nasrun", "gender": "male", "lastName": "Muhamad", "id": "5908767", "bio": "", "photo": {"prefix": "https://igx.4sqi.net/img/user/", "suffix": "/V3O4EIV1Q0B2GBEQ.jpg"}, "homeCity": "Singapore", "lists": {"groups": [{"items": [], "count": 2, "type": "created"}]}}, {"tips": {"count": 1}, "contact": {"twitter": "helmytoad", "facebook": "1296028036"}, "firstName": "Mohamad", "gender": "male", "lastName": "Helmy", "id": "6009219", "bio": "", "photo": {"prefix": "https://igx.4sqi.net/img/user/", "suffix": "/BZSJYWJLR0KISJ5I.jpg"}, "homeCity": "Singapore", "lists": {"groups": [{"items": [], "count": 2, "type": "created"}]}}, {"tips": {"count": 0}, "contact": {"facebook": "718075699"}, "firstName": "Nur", "gender": "female", "lastName": "Aqidah", "id": "6360911", "bio": "", "photo": {"prefix": "https://igx.4sqi.net/img/user/", "suffix": "/FG4XSAZY0DPIPPMB.jpg"}, "homeCity": "Singapore", "lists": {"groups": [{"items": [], "count": 2, "type": "created"}]}}, {"tips": {"count": 0}, "contact": {}, "firstName": "aishah", "gender": "female", "id": "7464912", "bio": "", "photo": {"prefix": "https://igx.4sqi.net/img/user/", "suffix": "/blank_girl.png", "default": true}, "homeCity": "Singapore", "lists": {"groups": [{"items": [], "count": 2, "type": "created"}]}}, {"tips": {"count": 0}, "contact": {}, "firstName": "Nurul", "gender": "female", "lastName": "Azmah", "id": "8698039", "bio": "", "photo": {"prefix": "https://igx.4sqi.net/img/user/", "suffix": "/EFXOO0CVCSJAUOZS.jpg"}, "homeCity": "Singapore", "lists": {"groups": [{"items": [], "count": 2, "type": "created"}]}}], "count": 312}, "checksum": "76f12c0797ecb3b316a2e1c875100578d55970d1"}, "meta": {"requestId": "5965bd92dd57972d41b9bdeb", "code": 200}}