{"notifications": [{"type": "notificationTray", "item": {"unreadCount": 0}}], "response": {"friends": {"items": [{"tips": {"count": 0}, "contact": {"facebook": "638606397"}, "firstName": "Gary tracez", "gender": "none", "lastName": "Tan", "id": "4832696", "bio": "", "photo": {"prefix": "https://igx.4sqi.net/img/user/", "suffix": "/4832696-TTPOVNH2N3DVGMAO.jpg"}, "homeCity": "Singapore", "lists": {"groups": [{"items": [], "count": 2, "type": "created"}]}}, {"tips": {"count": 0}, "contact": {"twitter": "ofelialim", "facebook": "791229271"}, "firstName": "ofelia", "gender": "female", "lastName": "lim", "id": "6996794", "bio": "", "photo": {"prefix": "https://igx.4sqi.net/img/user/", "suffix": "/PZWB2H1BI5JTV0ZG.jpg"}, "homeCity": "Singapore", "lists": {"groups": [{"items": [], "count": 2, "type": "created"}]}}, {"tips": {"count": 1}, "contact": {"twitter": "fangliny"}, "firstName": "Fanglin", "gender": "female", "lastName": "Yang", "id": "3515934", "bio": "", "photo": {"prefix": "https://igx.4sqi.net/img/user/", "suffix": "/YXIPEDEHGKM5IGGU.jpg"}, "homeCity": "Singapore", "lists": {"groups": [{"items": [], "count": 2, "type": "created"}]}}, {"tips": {"count": 0}, "contact": {"twitter": "reginalimxl"}, "firstName": "Regina", "gender": "female", "lastName": "Lim", "id": "17858122", "bio": "", "photo": {"prefix": "https://igx.4sqi.net/img/user/", "suffix": "/AG5TPYPTRXHQ13HF.jpg"}, "homeCity": "Singapore", "lists": {"groups": [{"items": [], "count": 2, "type": "created"}]}}, {"tips": {"count": 0}, "contact": {"facebook": "590273267"}, "firstName": "Ziwei", "gender": "male", "lastName": "Mok", "id": "8077318", "bio": "", "photo": {"prefix": "https://igx.4sqi.net/img/user/", "suffix": "/blank_boy.png", "default": true}, "homeCity": "Singapore", "lists": {"groups": [{"items": [], "count": 2, "type": "created"}]}}, {"tips": {"count": 0}, "contact": {"facebook": "612709419"}, "firstName": "Nick", "gender": "male", "lastName": "Shafil", "id": "5460472", "bio": "", "photo": {"prefix": "https://igx.4sqi.net/img/user/", "suffix": "/WHCLOE5BQWX2EV5E.jpg"}, "homeCity": "Singapore", "lists": {"groups": [{"items": [], "count": 2, "type": "created"}]}}, {"tips": {"count": 0}, "contact": {"twitter": "jovianjosiah", "facebook": "1176796757"}, "firstName": "Jovian Josiah", "gender": "male", "lastName": "Lim", "id": "1862044", "bio": "", "photo": {"prefix": "https://igx.4sqi.net/img/user/", "suffix": "/Q5HT4K1GMG4V1VHH.jpg"}, "homeCity": "Pasir Ris, Singapore", "lists": {"groups": [{"items": [], "count": 2, "type": "created"}]}}, {"tips": {"count": 0}, "contact": {"facebook": "576639010"}, "firstName": "Kai", "gender": "male", "lastName": "Ren", "id": "1165767", "bio": "", "photo": {"prefix": "https://igx.4sqi.net/img/user/", "suffix": "/1NWQLGKCO4ZGFWLM.jpg"}, "homeCity": "Singapore, 529757", "lists": {"groups": [{"items": [], "count": 2, "type": "created"}]}}, {"tips": {"count": 0}, "contact": {"twitter": "mylilpinkpony"}, "firstName": "Annabelle", "gender": "female", "lastName": "L", "id": "445802", "bio": "", "photo": {"prefix": "https://igx.4sqi.net/img/user/", "suffix": "/blank_girl.png", "default": true}, "homeCity": "Sengkang, Singapore", "lists": {"groups": [{"items": [], "count": 2, "type": "created"}]}}, {"tips": {"count": 0}, "contact": {"twitter": "samariak", "facebook": "524657798"}, "firstName": "Samaria", "gender": "female", "lastName": "Khoo", "id": "1675541", "bio": "", "photo": {"prefix": "https://igx.4sqi.net/img/user/", "suffix": "/KR4QF0OMHMNJOYIF.jpg"}, "homeCity": "Singapore", "lists": {"groups": [{"items": [], "count": 2, "type": "created"}]}}, {"tips": {"count": 0}, "contact": {"twitter": "nurvianty", "facebook": "100001646129188"}, "firstName": "Nurvianty", "gender": "female", "lastName": "Jumahat", "id": "13980115", "bio": "", "photo": {"prefix": "https://igx.4sqi.net/img/user/", "suffix": "/0YJ0ZHUFTS5WGCIO.jpg"}, "homeCity": "Singapore", "lists": {"groups": [{"items": [], "count": 2, "type": "created"}]}}, {"tips": {"count": 0}, "contact": {"twitter": "charis_sa", "facebook": "662551256"}, "firstName": "Charissa", "gender": "female", "lastName": "C", "id": "1469382", "bio": "", "photo": {"prefix": "https://igx.4sqi.net/img/user/", "suffix": "/3OHUUKQUUTZUHZKP.jpg"}, "homeCity": "Singapore", "lists": {"groups": [{"items": [], "count": 2, "type": "created"}]}}, {"tips": {"count": 5}, "contact": {}, "firstName": "wayne", "gender": "male", "lastName": "sim", "id": "164294", "bio": "", "photo": {"prefix": "https://igx.4sqi.net/img/user/", "suffix": "/NVYQBOKGG4AOWMWI.jpg"}, "homeCity": "Mong Kok, Hong Kong", "lists": {"groups": [{"items": [], "count": 2, "type": "created"}]}}, {"tips": {"count": 0}, "contact": {"twitter": "imma_eel", "facebook": "1560238070"}, "firstName": "Elaine", "gender": "female", "lastName": "Chan", "id": "1013368", "bio": "", "photo": {"prefix": "https://igx.4sqi.net/img/user/", "suffix": "/MATJ5KNRWVESJKEC.jpg"}, "homeCity": "Marina South, Singapore", "lists": {"groups": [{"items": [], "count": 2, "type": "created"}]}}, {"tips": {"count": 2}, "contact": {"twitter": "wikilim", "facebook": "599447805"}, "firstName": "Wiki", "gender": "male", "lastName": "Lim", "id": "3733325", "bio": "", "photo": {"prefix": "https://igx.4sqi.net/img/user/", "suffix": "/4GZINP3IEQNTACYU.jpg"}, "homeCity": "Singapore", "lists": {"groups": [{"items": [], "count": 2, "type": "created"}]}}, {"tips": {"count": 0}, "contact": {"twitter": "alynmagenta"}, "firstName": "Magenta", "gender": "female", "lastName": "Alyn", "id": "1360699", "bio": "", "photo": {"prefix": "https://igx.4sqi.net/img/user/", "suffix": "/TLJDLPDQUKF5GMDH.jpg"}, "homeCity": "Singapore", "lists": {"groups": [{"items": [], "count": 2, "type": "created"}]}}, {"tips": {"count": 9}, "contact": {"twitter": "lynettechong", "facebook": "605700598"}, "firstName": "Lynette Valentines", "gender": "female", "lastName": "Chong", "id": "6273802", "bio": "", "photo": {"prefix": "https://igx.4sqi.net/img/user/", "suffix": "/FOU1JK31WP0LQJV3.jpg"}, "homeCity": "Singapore", "lists": {"groups": [{"items": [], "count": 2, "type": "created"}]}}, {"tips": {"count": 0}, "contact": {}, "firstName": "Ithnin", "gender": "female", "lastName": "Noirs", "id": "7042972", "bio": "", "photo": {"prefix": "https://igx.4sqi.net/img/user/", "suffix": "/E3OXT3OLTTJ5OYGU.jpg"}, "homeCity": "Singapore", "lists": {"groups": [{"items": [], "count": 2, "type": "created"}]}}, {"tips": {"count": 0}, "contact": {"twitter": "euuniceeee", "facebook": "710547564"}, "firstName": "Eunice", "gender": "female", "lastName": "Chin", "id": "37046351", "bio": "", "photo": {"prefix": "https://igx.4sqi.net/img/user/", "suffix": "/37046351-GDF2BYGEKSX2MMSZ.jpg"}, "homeCity": "Singapore", "lists": {"groups": [{"items": [], "count": 2, "type": "created"}]}}, {"tips": {"count": 0}, "contact": {"facebook": "665728574"}, "firstName": "Jasmine", "gender": "female", "lastName": "Jalleh", "id": "5669235", "bio": "", "photo": {"prefix": "https://igx.4sqi.net/img/user/", "suffix": "/XT1Y3OEX1FOEEVM5.jpg"}, "homeCity": "Singapore", "lists": {"groups": [{"items": [], "count": 2, "type": "created"}]}}, {"tips": {"count": 0}, "contact": {"twitter": "lifeisadick"}, "firstName": "Jocelyn", "gender": "female", "lastName": "Huang", "id": "2702960", "bio": "", "photo": {"prefix": "https://igx.4sqi.net/img/user/", "suffix": "/RJSKVKREELZ3HNQ2.jpg"}, "homeCity": "Singapore", "lists": {"groups": [{"items": [], "count": 2, "type": "created"}]}}, {"tips": {"count": 0}, "contact": {"twitter": "lastsnapshot"}, "firstName": "Kathleen", "gender": "female", "lastName": "Kong", "id": "6683040", "bio": "", "photo": {"prefix": "https://igx.4sqi.net/img/user/", "suffix": "/3VUW3XSJLV2S4HEL.jpg"}, "homeCity": "Singapore", "lists": {"groups": [{"items": [], "count": 2, "type": "created"}]}}, {"tips": {"count": 9}, "contact": {"twitter": "monthlyperiod", "facebook": "555770709"}, "firstName": "Edwin", "gender": "none", "lastName": "Marc", "id": "1235358", "bio": "", "photo": {"prefix": "https://igx.4sqi.net/img/user/", "suffix": "/2NZ1Z5LTFIO2ZZTT.jpg"}, "homeCity": "Singapore", "lists": {"groups": [{"items": [], "count": 2, "type": "created"}]}}, {"tips": {"count": 0}, "contact": {"facebook": "1009945704"}, "firstName": "Dave", "gender": "male", "lastName": "Vu", "id": "13939380", "bio": "", "photo": {"prefix": "https://igx.4sqi.net/img/user/", "suffix": "/blank_boy.png", "default": true}, "homeCity": "Singapore", "lists": {"groups": [{"items": [], "count": 2, "type": "created"}]}}, {"tips": {"count": 0}, "contact": {"facebook": "593965352"}, "firstName": "Ailin", "gender": "female", "lastName": "Phua", "id": "14861961", "bio": "", "photo": {"prefix": "https://igx.4sqi.net/img/user/", "suffix": "/TXBNH5DSKIGLORI0.jpg"}, "homeCity": "Singapore", "lists": {"groups": [{"items": [], "count": 2, "type": "created"}]}}, {"tips": {"count": 1}, "contact": {}, "firstName": "Theresa", "gender": "female", "lastName": "Choi", "id": "1311674", "bio": "", "photo": {"prefix": "https://igx.4sqi.net/img/user/", "suffix": "/J2OWVI0EWWVFSZVS.jpg"}, "homeCity": "", "lists": {"groups": [{"items": [], "count": 2, "type": "created"}]}}, {"tips": {"count": 7}, "contact": {"twitter": "rayyan_", "facebook": "610630532"}, "firstName": "Rayyan", "gender": "male", "lastName": "Affan", "id": "4137679", "bio": "", "photo": {"prefix": "https://igx.4sqi.net/img/user/", "suffix": "/ASESZLG5XQA2WHZN.jpg"}, "homeCity": "Singapore", "lists": {"groups": [{"items": [], "count": 3, "type": "created"}]}}, {"tips": {"count": 0}, "contact": {}, "firstName": "Josephine", "gender": "female", "lastName": "Low", "id": "7827460", "bio": "", "photo": {"prefix": "https://igx.4sqi.net/img/user/", "suffix": "/J31M4TKA5PLUJJMF.jpg"}, "homeCity": "Singapore", "lists": {"groups": [{"items": [], "count": 2, "type": "created"}]}}, {"tips": {"count": 0}, "contact": {"twitter": "lehcarong", "facebook": "531697769"}, "firstName": "Rachel", "gender": "female", "lastName": "Ong", "id": "7227319", "bio": "", "photo": {"prefix": "https://igx.4sqi.net/img/user/", "suffix": "/SRIHITBUSPYYXYKN.jpg"}, "homeCity": "Singapore", "lists": {"groups": [{"items": [], "count": 2, "type": "created"}]}}, {"tips": {"count": 0}, "contact": {"twitter": "zhenzhen90", "facebook": "1477123105"}, "firstName": "Zhenzhen", "gender": "female", "lastName": "Ng", "id": "24451381", "bio": "", "photo": {"prefix": "https://igx.4sqi.net/img/user/", "suffix": "/VIGXIFRJVZZYFC13.jpg"}, "homeCity": "Singapore", "lists": {"groups": [{"items": [], "count": 2, "type": "created"}]}}, {"tips": {"count": 1}, "contact": {"twitter": "dontkillgrace", "facebook": "100002540307639"}, "firstName": "Grace", "gender": "female", "lastName": "Chan", "id": "3952050", "bio": "", "photo": {"prefix": "https://igx.4sqi.net/img/user/", "suffix": "/XHRL1IBBDSX30BAM.jpg"}, "homeCity": "Singapore", "lists": {"groups": [{"items": [], "count": 2, "type": "created"}]}}, {"tips": {"count": 20}, "contact": {"twitter": "henryhktan", "facebook": "672707704"}, "firstName": "Henry", "gender": "male", "lastName": "Tan", "id": "3939055", "bio": "", "photo": {"prefix": "https://igx.4sqi.net/img/user/", "suffix": "/RJMR0COZHHYCVHSM.jpg"}, "homeCity": "Singapore", "lists": {"groups": [{"items": [], "count": 2, "type": "created"}]}}, {"tips": {"count": 0}, "contact": {"twitter": "wonderrrgirl", "facebook": "755814250"}, "firstName": "Alice", "gender": "female", "lastName": "Chen", "id": "2642959", "bio": "22F SG / KR", "photo": {"prefix": "https://igx.4sqi.net/img/user/", "suffix": "/PJNKWSSIMFQPMM3C.jpg"}, "homeCity": "Singapore", "lists": {"groups": [{"items": [], "count": 2, "type": "created"}]}}, {"tips": {"count": 0}, "contact": {"facebook": "672146130"}, "firstName": "Samantha", "gender": "female", "lastName": "Shum", "id": "4699848", "bio": "", "photo": {"prefix": "https://igx.4sqi.net/img/user/", "suffix": "/GV440PQ4UFSCNTSA.jpg"}, "homeCity": "Singapore", "lists": {"groups": [{"items": [], "count": 2, "type": "created"}]}}, {"tips": {"count": 1}, "contact": {}, "firstName": "Jiawen", "gender": "male", "lastName": "Cheong", "id": "18722032", "bio": "", "photo": {"prefix": "https://igx.4sqi.net/img/user/", "suffix": "/T3AXLDI2EKLPP5PJ.jpg"}, "homeCity": "Mountain View, CA", "lists": {"groups": [{"items": [], "count": 2, "type": "created"}]}}, {"tips": {"count": 0}, "contact": {"facebook": "503307808"}, "firstName": "Leslie", "gender": "male", "lastName": "Lim", "id": "9875145", "bio": "", "photo": {"prefix": "https://igx.4sqi.net/img/user/", "suffix": "/WL2RORN3DKMI2R0T.jpg"}, "homeCity": "Singapore", "lists": {"groups": [{"items": [], "count": 2, "type": "created"}]}}, {"tips": {"count": 0}, "contact": {}, "firstName": "Rebecca", "gender": "female", "lastName": "How", "id": "4054147", "bio": "", "photo": {"prefix": "https://igx.4sqi.net/img/user/", "suffix": "/Q4UHN4PJX23UP3XI.jpg"}, "homeCity": "Singapore", "lists": {"groups": [{"items": [], "count": 2, "type": "created"}]}}, {"tips": {"count": 0}, "contact": {"twitter": "fellyxxx", "facebook": "715837554"}, "firstName": "Fellicia", "gender": "female", "lastName": "Seow", "id": "3102086", "bio": "", "photo": {"prefix": "https://igx.4sqi.net/img/user/", "suffix": "/5YDSKD3KN2JTVHUN.jpg"}, "homeCity": "Singapore", "lists": {"groups": [{"items": [], "count": 2, "type": "created"}]}}, {"tips": {"count": 0}, "contact": {}, "firstName": "Gervin", "gender": "female", "lastName": "Phua", "id": "5540552", "bio": "", "photo": {"prefix": "https://igx.4sqi.net/img/user/", "suffix": "/blank_girl.png", "default": true}, "homeCity": "Singapore", "lists": {"groups": [{"items": [], "count": 2, "type": "created"}]}}, {"tips": {"count": 0}, "contact": {"facebook": "559875833"}, "firstName": "Beatrice", "gender": "female", "lastName": "Tan", "id": "56089291", "bio": "", "photo": {"prefix": "https://igx.4sqi.net/img/user/", "suffix": "/blank_girl.png", "default": true}, "homeCity": "Bangkok, 40", "lists": {"groups": [{"items": [], "count": 2, "type": "created"}]}}, {"tips": {"count": 1}, "contact": {"facebook": "672977415"}, "firstName": "Soh", "gender": "female", "lastName": "Huiwen", "id": "14164527", "bio": "", "photo": {"prefix": "https://igx.4sqi.net/img/user/", "suffix": "/DP42RZ0P45DNQDHX.jpg"}, "homeCity": "Singapore", "lists": {"groups": [{"items": [], "count": 2, "type": "created"}]}}, {"tips": {"count": 5}, "contact": {"twitter": "rebootmyheart"}, "firstName": "Zuraa", "gender": "female", "lastName": "W.", "id": "4506509", "bio": "i'm a happy single lady.", "photo": {"prefix": "https://igx.4sqi.net/img/user/", "suffix": "/ITSTJ0YSJURTUI1J.jpg"}, "homeCity": "Singapore", "lists": {"groups": [{"items": [], "count": 2, "type": "created"}]}}, {"tips": {"count": 11}, "contact": {"twitter": "imaxelicious", "facebook": "100001861610337"}, "firstName": "\u2665 Axel Siol \u2661", "gender": "male", "id": "4487073", "bio": "", "photo": {"prefix": "https://igx.4sqi.net/img/user/", "suffix": "/XEO1GFTHC1CQ35EH.jpg"}, "homeCity": "Singapore", "lists": {"groups": [{"items": [], "count": 2, "type": "created"}]}}, {"tips": {"count": 0}, "contact": {"facebook": "643911859"}, "firstName": "Priscilla", "gender": "female", "lastName": "Black", "id": "8668105", "bio": "", "photo": {"prefix": "https://igx.4sqi.net/img/user/", "suffix": "/W5RBH5IXYYO4E3Z0.jpg"}, "homeCity": "Singapore", "lists": {"groups": [{"items": [], "count": 2, "type": "created"}]}}, {"tips": {"count": 0}, "contact": {}, "firstName": "Amanda", "gender": "female", "lastName": "Ler", "id": "4801459", "bio": "", "photo": {"prefix": "https://igx.4sqi.net/img/user/", "suffix": "/KOCT0LX0XD2MFKHR.jpg"}, "homeCity": "Singapore", "lists": {"groups": [{"items": [], "count": 2, "type": "created"}]}}, {"tips": {"count": 23}, "contact": {"twitter": "marcusljw", "facebook": "792763611"}, "firstName": "Marcus", "gender": "male", "lastName": "Leong", "id": "4599175", "bio": "", "photo": {"prefix": "https://igx.4sqi.net/img/user/", "suffix": "/GOPEA10A3X33NTLY.jpg"}, "homeCity": "Singapore", "lists": {"groups": [{"items": [], "count": 2, "type": "created"}]}}, {"tips": {"count": 0}, "contact": {"facebook": "608797760"}, "firstName": "Dorothy", "gender": "female", "lastName": "Ang", "id": "15554172", "bio": "", "photo": {"prefix": "https://igx.4sqi.net/img/user/", "suffix": "/QWKEO10RFAVQFV2E.jpg"}, "homeCity": "Singapore", "lists": {"groups": [{"items": [], "count": 2, "type": "created"}]}}, {"tips": {"count": 0}, "contact": {"facebook": "1436388759"}, "firstName": "Khairushi", "gender": "male", "lastName": "Khairushi", "id": "5384635", "bio": "", "photo": {"prefix": "https://igx.4sqi.net/img/user/", "suffix": "/C0UR4YMPFD12WWM3.jpg"}, "homeCity": "Singapore", "lists": {"groups": [{"items": [], "count": 2, "type": "created"}]}}, {"tips": {"count": 0}, "contact": {"facebook": "701748721"}, "firstName": "Arthur Puay", "gender": "male", "id": "5262575", "bio": "", "photo": {"prefix": "https://igx.4sqi.net/img/user/", "suffix": "/FTDBWL2J4U4GTWJC.jpg"}, "homeCity": "Singapore", "lists": {"groups": [{"items": [], "count": 2, "type": "created"}]}}, {"tips": {"count": 0}, "contact": {"twitter": "phagann", "facebook": "666136475"}, "firstName": "Phagan", "gender": "female", "lastName": "Toh", "id": "53681090", "bio": "", "photo": {"prefix": "https://igx.4sqi.net/img/user/", "suffix": "/UOO1VLNXLIXTGXZG.jpg"}, "homeCity": "Singapore", "lists": {"groups": [{"items": [], "count": 2, "type": "created"}]}}, {"tips": {"count": 0}, "contact": {"twitter": "xxclaudiatanxx", "facebook": "608588174"}, "firstName": "Claudia", "gender": "female", "lastName": "Tan", "id": "5595645", "bio": "", "photo": {"prefix": "https://igx.4sqi.net/img/user/", "suffix": "/ADXH2SH532GFZXKH.jpg"}, "homeCity": "Singapore", "lists": {"groups": [{"items": [], "count": 2, "type": "created"}]}}, {"tips": {"count": 0}, "contact": {"facebook": "100000751023170"}, "firstName": "Helen", "gender": "female", "lastName": "Lim", "id": "13212864", "bio": "", "photo": {"prefix": "https://igx.4sqi.net/img/user/", "suffix": "/blank_girl.png", "default": true}, "homeCity": "Singapore", "lists": {"groups": [{"items": [], "count": 2, "type": "created"}]}}], "count": 52}, "checksum": "16ed59dd25789953c924a1d052138181fa0cc9db"}, "meta": {"requestId": "596618c8351e3d64b14012f8", "code": 200}}