{"notifications": [{"type": "notificationTray", "item": {"unreadCount": 0}}], "response": {"friends": {"items": [{"tips": {"count": 0}, "contact": {}, "firstName": "Yingjia", "gender": "female", "lastName": "Ng", "id": "4449551", "bio": "", "photo": {"prefix": "https://igx.4sqi.net/img/user/", "suffix": "/blank_girl.png", "default": true}, "homeCity": "Singapore", "lists": {"groups": [{"items": [], "count": 2, "type": "created"}]}}, {"tips": {"count": 5}, "contact": {"twitter": "torara9"}, "firstName": "Faustine", "gender": "female", "lastName": "Yap", "id": "4348900", "bio": "", "photo": {"prefix": "https://igx.4sqi.net/img/user/", "suffix": "/ERHVFAX0BVLEI0HR.jpg"}, "homeCity": "Somewhere beside you.]", "lists": {"groups": [{"items": [], "count": 2, "type": "created"}]}}, {"tips": {"count": 0}, "contact": {"facebook": "100003153766089"}, "firstName": "molemole", "gender": "female", "id": "259493", "bio": "www.molemole.sg", "photo": {"prefix": "https://igx.4sqi.net/img/user/", "suffix": "/-BDH114ZRWQJBC0H4.jpg"}, "homeCity": "Singapore", "lists": {"groups": [{"items": [], "count": 2, "type": "created"}]}}, {"tips": {"count": 0}, "contact": {"twitter": "sookyeeang", "facebook": "100000881193955"}, "firstName": "Sookyee", "gender": "female", "lastName": "Ang", "id": "3517148", "bio": "", "photo": {"prefix": "https://igx.4sqi.net/img/user/", "suffix": "/UW1CITXB5IMRX03D.jpg"}, "homeCity": "Singapore", "lists": {"groups": [{"items": [], "count": 2, "type": "created"}]}}, {"tips": {"count": 2}, "contact": {}, "firstName": "arina", "gender": "none", "lastName": "wong", "id": "7518367", "bio": "", "photo": {"prefix": "https://igx.4sqi.net/img/user/", "suffix": "/SEPABKRWLYAVDYO5.jpg"}, "homeCity": "Singapore", "lists": {"groups": [{"items": [], "count": 2, "type": "created"}]}}, {"tips": {"count": 0}, "contact": {}, "firstName": "wong", "gender": "male", "lastName": "leong chun", "id": "5543932", "bio": "", "photo": {"prefix": "https://igx.4sqi.net/img/user/", "suffix": "/blank_boy.png", "default": true}, "homeCity": "Singapore", "lists": {"groups": [{"items": [], "count": 2, "type": "created"}]}}, {"tips": {"count": 15}, "contact": {"twitter": "l5du53r", "facebook": "581106191"}, "firstName": "Michal", "gender": "female", "lastName": "Yaegashi", "id": "1806930", "bio": "", "photo": {"prefix": "https://igx.4sqi.net/img/user/", "suffix": "/E20XX1NALAKFSFEH.jpg"}, "homeCity": "Singapore", "lists": {"groups": [{"items": [], "count": 4, "type": "created"}]}}, {"tips": {"count": 0}, "contact": {"twitter": "piccolasorciere", "facebook": "613679779"}, "firstName": "Cheryl", "gender": "female", "lastName": "Thian", "id": "4573560", "bio": "", "photo": {"prefix": "https://igx.4sqi.net/img/user/", "suffix": "/N1UFFBSGD0BB3PGA.jpg"}, "homeCity": "Singapore", "lists": {"groups": [{"items": [], "count": 2, "type": "created"}]}}, {"tips": {"count": 2}, "contact": {"facebook": "10155930172855556"}, "firstName": "Wendy", "gender": "female", "lastName": "Deng", "id": "3163328", "bio": "", "photo": {"prefix": "https://igx.4sqi.net/img/user/", "suffix": "/3163328-YKEIIG0RGGNKS4GV.jpg"}, "homeCity": "Singapore", "lists": {"groups": [{"items": [], "count": 2, "type": "created"}]}}, {"tips": {"count": 25}, "contact": {"twitter": "mhisham", "facebook": "734974026"}, "firstName": "hisham", "gender": "male", "lastName": "mohd", "id": "182057", "bio": "", "photo": {"prefix": "https://igx.4sqi.net/img/user/", "suffix": "/USW3X2UE0JZBZHKH.jpg"}, "homeCity": "Singapore", "lists": {"groups": [{"items": [], "count": 2, "type": "created"}]}}, {"tips": {"count": 0}, "contact": {"twitter": "justplainmusic", "facebook": "786678140"}, "firstName": "Jiahui", "gender": "female", "lastName": "Lin", "id": "3455959", "bio": "", "photo": {"prefix": "https://igx.4sqi.net/img/user/", "suffix": "/WRLYIMJCU1KT1PL2.jpg"}, "homeCity": "Singapore", "lists": {"groups": [{"items": [], "count": 2, "type": "created"}]}}, {"tips": {"count": 0}, "contact": {}, "firstName": "Sacha", "gender": "male", "lastName": "Khoh", "id": "739872", "bio": "", "photo": {"prefix": "https://igx.4sqi.net/img/user/", "suffix": "/OBXCNRTYPBEXKRIJ.jpg"}, "homeCity": "Singapore", "lists": {"groups": [{"items": [], "count": 2, "type": "created"}]}}, {"tips": {"count": 1}, "contact": {"facebook": "517454862"}, "firstName": "Nick", "gender": "male", "lastName": "Lim", "id": "1479130", "bio": "", "photo": {"prefix": "https://igx.4sqi.net/img/user/", "suffix": "/KHW215VOLZCMHBUV.jpg"}, "homeCity": "Singapore", "lists": {"groups": [{"items": [], "count": 2, "type": "created"}]}}, {"tips": {"count": 5}, "contact": {"twitter": "cherieleesg", "facebook": "1452144206"}, "firstName": "Cherie", "gender": "female", "lastName": "Lee", "id": "1107801", "bio": "", "photo": {"prefix": "https://igx.4sqi.net/img/user/", "suffix": "/D0IW1WOZH5MXASRK.jpg"}, "homeCity": "Singapore", "lists": {"groups": [{"items": [], "count": 2, "type": "created"}]}}, {"tips": {"count": 15}, "contact": {"facebook": "668712552"}, "firstName": "Pat", "gender": "female", "lastName": "Law", "id": "206319", "bio": "", "photo": {"prefix": "https://igx.4sqi.net/img/user/", "suffix": "/ZQLPLIXTHYDQ2IWH.jpg"}, "homeCity": "Singapore", "lists": {"groups": [{"items": [], "count": 2, "type": "created"}]}}, {"tips": {"count": 27}, "contact": {}, "firstName": "Smith", "gender": "male", "lastName": "Leong", "id": "170358", "bio": "", "photo": {"prefix": "https://igx.4sqi.net/img/user/", "suffix": "/DQQK0I0GIDABNAC2.jpg"}, "homeCity": "Singapore", "lists": {"groups": [{"items": [], "count": 2, "type": "created"}]}}, {"tips": {"count": 0}, "contact": {}, "firstName": "Momo", "gender": "female", "lastName": "Darou", "id": "4351681", "bio": "", "photo": {"prefix": "https://igx.4sqi.net/img/user/", "suffix": "/blank_girl.png", "default": true}, "homeCity": "New York, NY", "lists": {"groups": [{"items": [], "count": 2, "type": "created"}]}}, {"tips": {"count": 1}, "contact": {"facebook": "706981393"}, "firstName": "Donny", "gender": "male", "lastName": "Ong", "id": "4530949", "bio": "\"Badger\" & 4SQ Junkie.", "photo": {"prefix": "https://igx.4sqi.net/img/user/", "suffix": "/5GQJZESKEF2SWAVC.jpg"}, "homeCity": "AMK, Singapore", "lists": {"groups": [{"items": [], "count": 2, "type": "created"}]}}, {"tips": {"count": 0}, "contact": {}, "firstName": "Shuana", "gender": "female", "lastName": "Toh", "id": "5559478", "bio": "", "photo": {"prefix": "https://igx.4sqi.net/img/user/", "suffix": "/RU032RFD2ACIE3RQ.jpg"}, "homeCity": "Singapore", "lists": {"groups": [{"items": [], "count": 2, "type": "created"}]}}, {"tips": {"count": 0}, "contact": {"twitter": "fidelistoh", "facebook": "607416524"}, "firstName": "Fidelis", "gender": "female", "lastName": "Toh", "id": "2626834", "bio": "", "photo": {"prefix": "https://igx.4sqi.net/img/user/", "suffix": "/IGGSRFD45CPZ4ZZU.jpg"}, "homeCity": "Singapore", "lists": {"groups": [{"items": [], "count": 2, "type": "created"}]}}, {"tips": {"count": 2}, "contact": {}, "firstName": "Mervin", "gender": "male", "lastName": "Zeng", "id": "3933529", "bio": "", "photo": {"prefix": "https://igx.4sqi.net/img/user/", "suffix": "/BPTVWTHYM3EFWKDZ.jpg"}, "homeCity": "Singapore", "lists": {"groups": [{"items": [], "count": 2, "type": "created"}]}}, {"tips": {"count": 0}, "contact": {"twitter": "jayleif", "facebook": "698268972"}, "firstName": "Jayden", "gender": "male", "lastName": "Tan", "id": "296793", "bio": "", "photo": {"prefix": "https://igx.4sqi.net/img/user/", "suffix": "/IGQQ0INK4YOGQX55.jpg"}, "homeCity": "Singapore", "lists": {"groups": [{"items": [], "count": 2, "type": "created"}]}}, {"tips": {"count": 1}, "contact": {"twitter": "summerbabylove", "facebook": "627930479"}, "firstName": "Aglaia", "gender": "female", "lastName": "Fon", "id": "777253", "bio": "", "photo": {"prefix": "https://igx.4sqi.net/img/user/", "suffix": "/A4KASF3JLFJNA32G.jpg"}, "homeCity": "Singapore", "lists": {"groups": [{"items": [], "count": 2, "type": "created"}]}}, {"tips": {"count": 2}, "contact": {"facebook": "654580184"}, "firstName": "Sherr", "gender": "female", "lastName": "Yun", "id": "2972774", "bio": "", "photo": {"prefix": "https://igx.4sqi.net/img/user/", "suffix": "/2972774-4NOTN2SG5DUS3SAJ.jpg"}, "homeCity": "Singapore", "lists": {"groups": [{"items": [], "count": 2, "type": "created"}]}}, {"tips": {"count": 1}, "contact": {"twitter": "j2jraikkonen", "facebook": "10154455693896145"}, "firstName": "Jessica", "gender": "female", "lastName": "LM", "id": "3313976", "bio": "", "photo": {"prefix": "https://igx.4sqi.net/img/user/", "suffix": "/3313976-BYFKXBHULVB40X4J.jpg"}, "homeCity": "Singapore", "lists": {"groups": [{"items": [], "count": 2, "type": "created"}]}}, {"tips": {"count": 0}, "contact": {"twitter": "itsuki_w"}, "firstName": "Itsuki", "gender": "male", "lastName": "Wong", "id": "4547507", "bio": "", "photo": {"prefix": "https://igx.4sqi.net/img/user/", "suffix": "/UFGDXP0ODI2PNURW.jpg"}, "homeCity": "Singapore", "lists": {"groups": [{"items": [], "count": 2, "type": "created"}]}}, {"tips": {"count": 0}, "contact": {"facebook": "833310351"}, "firstName": "Lerine", "gender": "female", "lastName": "Lady", "id": "7038642", "bio": "", "photo": {"prefix": "https://igx.4sqi.net/img/user/", "suffix": "/WOV2TVBBSCWUC3K3.jpg"}, "homeCity": "Singapore", "lists": {"groups": [{"items": [], "count": 2, "type": "created"}]}}, {"tips": {"count": 0}, "contact": {"twitter": "chongweicong", "facebook": "642854934"}, "firstName": "Wei Cong", "gender": "male", "lastName": "Chong", "id": "2777374", "bio": "", "photo": {"prefix": "https://igx.4sqi.net/img/user/", "suffix": "/NMEHSJ1TVTZLFAII.jpg"}, "homeCity": "Singapore", "lists": {"groups": [{"items": [], "count": 2, "type": "created"}]}}, {"tips": {"count": 2}, "contact": {"twitter": "hypedkid", "facebook": "669991352"}, "firstName": "Louis", "gender": "male", "lastName": "Tan", "id": "5245883", "bio": "", "photo": {"prefix": "https://igx.4sqi.net/img/user/", "suffix": "/LSQKMLCGBREWJUEC.jpg"}, "homeCity": "Singapore", "lists": {"groups": [{"items": [], "count": 2, "type": "created"}]}}, {"tips": {"count": 0}, "contact": {"twitter": "specialkdj", "facebook": "761105176"}, "firstName": "Kenneth", "gender": "male", "lastName": "Kong", "id": "1939819", "bio": "", "photo": {"prefix": "https://igx.4sqi.net/img/user/", "suffix": "/JPXFRILSSVZDRCC1.jpg"}, "homeCity": "Singapore", "lists": {"groups": [{"items": [], "count": 2, "type": "created"}]}}, {"tips": {"count": 0}, "contact": {}, "firstName": "Freddy", "gender": "none", "lastName": "Lai", "id": "4595062", "bio": "", "photo": {"prefix": "https://igx.4sqi.net/img/user/", "suffix": "/HO5SHNDNH0V5X4BP.jpg"}, "homeCity": "Singapore", "lists": {"groups": [{"items": [], "count": 2, "type": "created"}]}}, {"tips": {"count": 0}, "contact": {"facebook": "10207893288444618"}, "firstName": "Hazel", "gender": "female", "lastName": "Chiang", "id": "3878742", "bio": "", "photo": {"prefix": "https://igx.4sqi.net/img/user/", "suffix": "/3878742-AMFUOTYUGQ0NP5RF.jpg"}, "homeCity": "Singapore", "lists": {"groups": [{"items": [], "count": 2, "type": "created"}]}}, {"tips": {"count": 1}, "contact": {}, "firstName": "Albin", "gender": "male", "lastName": "Ng", "id": "4536475", "bio": "", "photo": {"prefix": "https://igx.4sqi.net/img/user/", "suffix": "/blank_boy.png", "default": true}, "homeCity": "Singapore", "lists": {"groups": [{"items": [], "count": 2, "type": "created"}]}}, {"tips": {"count": 0}, "contact": {"twitter": "rainnietok", "facebook": "639422314"}, "firstName": "Rainnie", "gender": "female", "lastName": "Tok", "id": "2995853", "bio": "", "photo": {"prefix": "https://igx.4sqi.net/img/user/", "suffix": "/2BUSPCTZVEO2VC52.jpg"}, "homeCity": "Singapore", "lists": {"groups": [{"items": [], "count": 2, "type": "created"}]}}, {"tips": {"count": 0}, "contact": {"twitter": "nicleee"}, "firstName": "Nic", "gender": "male", "lastName": "Lee", "id": "4691944", "bio": "", "photo": {"prefix": "https://igx.4sqi.net/img/user/", "suffix": "/5KVMEOP52QXVDMAU.gif"}, "homeCity": "Southampton, UK", "lists": {"groups": [{"items": [], "count": 2, "type": "created"}]}}, {"tips": {"count": 0}, "contact": {"twitter": "silverdan84", "facebook": "1414333187"}, "firstName": "Daniel", "gender": "male", "lastName": "Wong", "id": "4687900", "bio": "", "photo": {"prefix": "https://igx.4sqi.net/img/user/", "suffix": "/Z5HUEPGKCRR4HN5P.jpg"}, "homeCity": "Singapore", "lists": {"groups": [{"items": [], "count": 2, "type": "created"}]}}, {"tips": {"count": 0}, "contact": {}, "firstName": "Herng", "gender": "male", "lastName": "Shu", "id": "6355776", "bio": "", "photo": {"prefix": "https://igx.4sqi.net/img/user/", "suffix": "/blank_boy.png", "default": true}, "homeCity": "Singapore", "lists": {"groups": [{"items": [], "count": 2, "type": "created"}]}}, {"tips": {"count": 0}, "contact": {}, "firstName": "Trixy", "gender": "female", "lastName": "Mok", "id": "5103861", "bio": "", "photo": {"prefix": "https://igx.4sqi.net/img/user/", "suffix": "/VX2WFMJO4AIF2UK2.jpg"}, "homeCity": "Singapore", "lists": {"groups": [{"items": [], "count": 2, "type": "created"}]}}, {"tips": {"count": 0}, "contact": {"facebook": "1756013652"}, "firstName": "Nie", "gender": "female", "lastName": "Kwg", "id": "6384210", "bio": "", "photo": {"prefix": "https://igx.4sqi.net/img/user/", "suffix": "/JARCRLQFHY4CKFPR.jpg"}, "homeCity": "Singapore", "lists": {"groups": [{"items": [], "count": 2, "type": "created"}]}}, {"tips": {"count": 0}, "contact": {"facebook": "100002139064327"}, "firstName": "Chew", "gender": "female", "lastName": "Li Qi", "id": "9329161", "bio": "", "photo": {"prefix": "https://igx.4sqi.net/img/user/", "suffix": "/51HBAP4EJ4Y3AKEC.jpg"}, "homeCity": "Singapore", "lists": {"groups": [{"items": [], "count": 2, "type": "created"}]}}], "count": 40}, "checksum": "e97ee31d180ff8811aa912a028fdede929a14028"}, "meta": {"requestId": "5965c5841ed2191a00016b22", "code": 200}}