{"notifications": [{"type": "notificationTray", "item": {"unreadCount": 0}}], "response": {"friends": {"items": [{"tips": {"count": 1}, "contact": {}, "firstName": "Jason", "gender": "male", "lastName": "Wee Jia Ming", "id": "4354256", "bio": "", "photo": {"prefix": "https://igx.4sqi.net/img/user/", "suffix": "/1BAVR4YF3QQGPQQC.jpg"}, "homeCity": "Singapore", "lists": {"groups": [{"items": [], "count": 2, "type": "created"}]}}, {"tips": {"count": 0}, "contact": {"twitter": "winterpooh", "facebook": "606240401"}, "firstName": "Karen", "gender": "female", "lastName": "Lee", "id": "3515824", "bio": "", "photo": {"prefix": "https://igx.4sqi.net/img/user/", "suffix": "/JZKQDZZQC1B1THFA.jpg"}, "homeCity": "Singapore", "lists": {"groups": [{"items": [], "count": 2, "type": "created"}]}}, {"tips": {"count": 1}, "contact": {"twitter": "jayce_rainydays", "facebook": "1384167001"}, "firstName": "Jayce", "gender": "female", "lastName": "Lee", "id": "11417059", "bio": "", "photo": {"prefix": "https://igx.4sqi.net/img/user/", "suffix": "/IEW3BVLWJGHF21KT.jpg"}, "homeCity": "Singapore", "lists": {"groups": [{"items": [], "count": 2, "type": "created"}]}}, {"tips": {"count": 1}, "contact": {"twitter": "mingyeow89", "facebook": "639134295"}, "firstName": "Sim", "gender": "male", "lastName": "Ming Yeow", "id": "4665684", "bio": "", "photo": {"prefix": "https://igx.4sqi.net/img/user/", "suffix": "/FSK43SGEBH114W4N.jpg"}, "homeCity": "Singapore", "lists": {"groups": [{"items": [], "count": 2, "type": "created"}]}}, {"tips": {"count": 0}, "contact": {"facebook": "636855457"}, "firstName": "Anup", "gender": "male", "lastName": "Singh", "id": "5275515", "bio": "", "photo": {"prefix": "https://igx.4sqi.net/img/user/", "suffix": "/LITMH5401JBUB3YV.jpg"}, "homeCity": "Singapore", "lists": {"groups": [{"items": [], "count": 2, "type": "created"}]}}, {"tips": {"count": 0}, "contact": {}, "firstName": "Chua", "gender": "male", "lastName": "Jin kee", "id": "4290262", "bio": "", "photo": {"prefix": "https://igx.4sqi.net/img/user/", "suffix": "/0J52V5CTK4SDFBHQ.jpg"}, "homeCity": "New York, NY", "lists": {"groups": [{"items": [], "count": 2, "type": "created"}]}}, {"tips": {"count": 0}, "contact": {}, "firstName": "Jacqueline", "gender": "female", "lastName": "Tan", "id": "5440493", "bio": "", "photo": {"prefix": "https://igx.4sqi.net/img/user/", "suffix": "/HVFDZEOTOULBZXZV.jpg"}, "homeCity": "New York, NY", "lists": {"groups": [{"items": [], "count": 2, "type": "created"}]}}, {"tips": {"count": 1}, "contact": {"twitter": "dearikku", "facebook": "667635155"}, "firstName": "Carl Ross", "gender": "male", "lastName": "de Souza", "id": "2705930", "bio": "", "photo": {"prefix": "https://igx.4sqi.net/img/user/", "suffix": "/CIP3V2HFVEI2KFZ0.jpg"}, "homeCity": "Singapore", "lists": {"groups": [{"items": [], "count": 2, "type": "created"}]}}, {"tips": {"count": 0}, "contact": {"facebook": "733688291"}, "firstName": "Nicholas", "gender": "male", "lastName": "Ong", "id": "5165217", "bio": "", "photo": {"prefix": "https://igx.4sqi.net/img/user/", "suffix": "/IUGOMWV4NIDYBKPF.jpg"}, "homeCity": "Singapore", "lists": {"groups": [{"items": [], "count": 2, "type": "created"}]}}, {"tips": {"count": 0}, "contact": {}, "firstName": "J", "gender": "male", "lastName": "Y", "id": "3896945", "bio": "", "photo": {"prefix": "https://igx.4sqi.net/img/user/", "suffix": "/SYF3ZOVLSLH1L3AB.jpg"}, "homeCity": "Singapore", "lists": {"groups": [{"items": [], "count": 2, "type": "created"}]}}, {"tips": {"count": 0}, "contact": {"twitter": "sjj1991", "facebook": "616458565"}, "firstName": "Soh", "gender": "male", "lastName": "Jun Jie", "id": "765931", "bio": "", "photo": {"prefix": "https://igx.4sqi.net/img/user/", "suffix": "/BCGPRGJ1ULO2BRVV.jpg"}, "homeCity": "Tampines, Singapore", "lists": {"groups": [{"items": [], "count": 2, "type": "created"}]}}, {"tips": {"count": 0}, "contact": {"facebook": "100000766744779"}, "firstName": "sijie", "gender": "male", "id": "3321894", "bio": "", "photo": {"prefix": "https://igx.4sqi.net/img/user/", "suffix": "/MDAPYYTJGPXHBB2Q.jpg"}, "homeCity": "Singapore", "lists": {"groups": [{"items": [], "count": 2, "type": "created"}]}}, {"tips": {"count": 0}, "contact": {"twitter": "wingates147", "facebook": "569834654"}, "firstName": "Lam Chuan Chang", "gender": "male", "id": "1562829", "bio": "", "photo": {"prefix": "https://igx.4sqi.net/img/user/", "suffix": "/DHYSDZYJHYAKFCBJ.jpg"}, "homeCity": "Singapore", "lists": {"groups": [{"items": [], "count": 2, "type": "created"}]}}, {"tips": {"count": 0}, "contact": {"twitter": "chua_zhengnan", "facebook": "677576027"}, "firstName": "Nan", "gender": "male", "lastName": "Nan", "id": "1107564", "bio": "", "photo": {"prefix": "https://igx.4sqi.net/img/user/", "suffix": "/KQAAGE4XOKLVS5OU.jpg"}, "homeCity": "Singapore", "lists": {"groups": [{"items": [], "count": 2, "type": "created"}]}}, {"tips": {"count": 0}, "contact": {"twitter": "tweeeng", "facebook": "10207345465935748"}, "firstName": "Wee Eng", "gender": "male", "lastName": "Tan", "id": "2866037", "bio": "", "photo": {"prefix": "https://igx.4sqi.net/img/user/", "suffix": "/blank_boy.png", "default": true}, "homeCity": "Singapore", "lists": {"groups": [{"items": [], "count": 2, "type": "created"}]}}, {"tips": {"count": 0}, "contact": {}, "firstName": "Ling Siang", "gender": "female", "id": "4447928", "bio": "", "photo": {"prefix": "https://igx.4sqi.net/img/user/", "suffix": "/UODLLFRN1FHNENVG.jpg"}, "homeCity": "Singapore", "lists": {"groups": [{"items": [], "count": 2, "type": "created"}]}}, {"tips": {"count": 0}, "contact": {}, "firstName": "Shawn", "gender": "male", "lastName": "Oh", "id": "4374717", "bio": "", "photo": {"prefix": "https://igx.4sqi.net/img/user/", "suffix": "/JALQ1ONEGEOA0BEB.jpg"}, "homeCity": "Singapore", "lists": {"groups": [{"items": [], "count": 2, "type": "created"}]}}, {"tips": {"count": 0}, "contact": {"twitter": "shauntan87", "facebook": "737015762"}, "firstName": "Shaun", "gender": "male", "id": "30294208", "bio": "", "photo": {"prefix": "https://igx.4sqi.net/img/user/", "suffix": "/30294208-XCEC0MCCVWGXVXS2.jpg"}, "homeCity": "Singapore", "lists": {"groups": [{"items": [], "count": 2, "type": "created"}]}}, {"tips": {"count": 0}, "contact": {}, "firstName": "Sky", "gender": "male", "lastName": "Ason", "id": "3596187", "bio": "", "photo": {"prefix": "https://igx.4sqi.net/img/user/", "suffix": "/WCO4VUVYPIUZN2I3.jpg"}, "homeCity": "Singapore", "lists": {"groups": [{"items": [], "count": 2, "type": "created"}]}}, {"tips": {"count": 0}, "contact": {"facebook": "739016140"}, "firstName": "Chenpang", "gender": "male", "lastName": "Chan", "id": "3938721", "bio": "", "photo": {"prefix": "https://igx.4sqi.net/img/user/", "suffix": "/blank_boy.png", "default": true}, "homeCity": "New York, NY", "lists": {"groups": [{"items": [], "count": 2, "type": "created"}]}}, {"tips": {"count": 0}, "contact": {"twitter": "qisongaik", "facebook": "1397897036"}, "firstName": "QS", "gender": "male", "id": "4796430", "bio": "", "photo": {"prefix": "https://igx.4sqi.net/img/user/", "suffix": "/2LL5DKWZHEW342L1.jpg"}, "homeCity": "Singapore", "lists": {"groups": [{"items": [], "count": 2, "type": "created"}]}}, {"tips": {"count": 0}, "contact": {"twitter": "cafedelemon", "facebook": "1330601352"}, "firstName": "Leslie", "gender": "male", "lastName": "Tan", "id": "1158239", "bio": "", "photo": {"prefix": "https://igx.4sqi.net/img/user/", "suffix": "/VQ3LBTAM01CDGS4U.jpg"}, "homeCity": "Singapore, 529757", "lists": {"groups": [{"items": [], "count": 2, "type": "created"}]}}, {"tips": {"count": 6}, "contact": {"twitter": "jamestay87", "facebook": "568924534"}, "firstName": "James", "gender": "male", "lastName": "Tay", "id": "3182110", "bio": "", "photo": {"prefix": "https://igx.4sqi.net/img/user/", "suffix": "/NJIHLGRHC1D4WGAM.jpg"}, "homeCity": "Singapore", "lists": {"groups": [{"items": [], "count": 2, "type": "created"}]}}, {"tips": {"count": 1}, "contact": {"facebook": "693908026"}, "firstName": "Sophian", "gender": "male", "lastName": "Latif", "id": "4839032", "bio": "", "photo": {"prefix": "https://igx.4sqi.net/img/user/", "suffix": "/LTQUIHRURYFITNPA.jpg"}, "homeCity": "Singapore", "lists": {"groups": [{"items": [], "count": 2, "type": "created"}]}}, {"tips": {"count": 0}, "contact": {}, "firstName": "Jason", "gender": "male", "lastName": "Lau", "id": "5056190", "bio": "", "photo": {"prefix": "https://igx.4sqi.net/img/user/", "suffix": "/PEUK5NDVOYAEOV0O.jpg"}, "homeCity": "Singapore", "lists": {"groups": [{"items": [], "count": 2, "type": "created"}]}}, {"tips": {"count": 0}, "contact": {"twitter": "chongjiahui", "facebook": "645363270"}, "firstName": "Kelvin", "gender": "male", "lastName": "Chong", "id": "1188015", "bio": "", "photo": {"prefix": "https://igx.4sqi.net/img/user/", "suffix": "/AIVW14QR01PRF3SR.jpg"}, "homeCity": "Singapore", "lists": {"groups": [{"items": [], "count": 2, "type": "created"}]}}, {"tips": {"count": 5}, "contact": {"facebook": "747165686"}, "firstName": "Victor", "gender": "male", "lastName": "Lim", "id": "3266412", "bio": "", "photo": {"prefix": "https://igx.4sqi.net/img/user/", "suffix": "/W24ROYUURZICTPCA.jpg"}, "homeCity": "Singapore", "lists": {"groups": [{"items": [], "count": 2, "type": "created"}]}}, {"tips": {"count": 0}, "contact": {}, "firstName": "Tay", "gender": "male", "lastName": "Weijian", "id": "5121521", "bio": "", "photo": {"prefix": "https://igx.4sqi.net/img/user/", "suffix": "/blank_boy.png", "default": true}, "homeCity": "Singapore", "lists": {"groups": [{"items": [], "count": 2, "type": "created"}]}}, {"tips": {"count": 0}, "contact": {"facebook": "722002183"}, "firstName": "Clarence", "gender": "male", "lastName": "Lim", "id": "3188902", "bio": "", "photo": {"prefix": "https://igx.4sqi.net/img/user/", "suffix": "/STXYWG5UD5QGPJ25.jpg"}, "homeCity": "Singapore", "lists": {"groups": [{"items": [], "count": 2, "type": "created"}]}}, {"tips": {"count": 0}, "contact": {"facebook": "1499984291"}, "firstName": "Watchman", "gender": "male", "lastName": "Sharkieboy", "id": "3429153", "bio": "", "photo": {"prefix": "https://igx.4sqi.net/img/user/", "suffix": "/45X1HWKUPNSPBZN3.jpg"}, "homeCity": "Singapore", "lists": {"groups": [{"items": [], "count": 2, "type": "created"}]}}, {"tips": {"count": 0}, "contact": {}, "firstName": "Cindy", "gender": "female", "lastName": "Yeo", "id": "3428584", "bio": "", "photo": {"prefix": "https://igx.4sqi.net/img/user/", "suffix": "/blank_girl.png", "default": true}, "homeCity": "Singapore", "lists": {"groups": [{"items": [], "count": 2, "type": "created"}]}}, {"tips": {"count": 0}, "contact": {"twitter": "fishsc"}, "firstName": "Tan", "gender": "male", "lastName": "Swee Chn", "id": "3435094", "bio": "", "photo": {"prefix": "https://igx.4sqi.net/img/user/", "suffix": "/AYJ1EWFINMVTNT0Y.jpg"}, "homeCity": "Singapore", "lists": {"groups": [{"items": [], "count": 2, "type": "created"}]}}, {"tips": {"count": 1}, "contact": {"twitter": "zhiman87", "facebook": "566986138"}, "firstName": "zhiman", "gender": "male", "lastName": "sam", "id": "3612186", "bio": "", "photo": {"prefix": "https://igx.4sqi.net/img/user/", "suffix": "/3I5YFRSTG0TDGXPE.jpg"}, "homeCity": "Singapore", "lists": {"groups": [{"items": [], "count": 2, "type": "created"}]}}, {"tips": {"count": 1}, "contact": {"twitter": "rhyian", "facebook": "546314820"}, "firstName": "Rhyian", "gender": "male", "lastName": "Quek", "id": "3723387", "bio": "", "photo": {"prefix": "https://igx.4sqi.net/img/user/", "suffix": "/INVXEXR3X0HBFCYT.jpg"}, "homeCity": "Singapore", "lists": {"groups": [{"items": [], "count": 2, "type": "created"}]}}, {"tips": {"count": 2}, "contact": {"twitter": "schrodingersam", "facebook": "10152774775976234"}, "firstName": "Samuel", "gender": "male", "lastName": "Wee", "id": "4597918", "bio": "", "photo": {"prefix": "https://igx.4sqi.net/img/user/", "suffix": "/G0XSNTXIYQ0H1O05.jpg"}, "homeCity": "Singapore", "lists": {"groups": [{"items": [], "count": 2, "type": "created"}]}}, {"tips": {"count": 0}, "contact": {"facebook": "616196220"}, "firstName": "chee", "gender": "male", "lastName": "han", "id": "3861074", "bio": "", "photo": {"prefix": "https://igx.4sqi.net/img/user/", "suffix": "/KBZUH3HFCT353SFB.jpg"}, "homeCity": "Singapore", "lists": {"groups": [{"items": [], "count": 2, "type": "created"}]}}, {"tips": {"count": 0}, "contact": {"facebook": "621329092"}, "firstName": "Alex", "gender": "male", "lastName": "Lum", "id": "5347277", "bio": "", "photo": {"prefix": "https://igx.4sqi.net/img/user/", "suffix": "/GAGZNFZPBF4KEGOM.jpg"}, "homeCity": "Singapore", "lists": {"groups": [{"items": [], "count": 2, "type": "created"}]}}, {"tips": {"count": 0}, "contact": {}, "firstName": "Zhaoyu", "gender": "male", "lastName": "Liang", "id": "3881242", "bio": "", "photo": {"prefix": "https://igx.4sqi.net/img/user/", "suffix": "/DPZRTK1JIP2SF1KN.jpg"}, "homeCity": "Singapore", "lists": {"groups": [{"items": [], "count": 2, "type": "created"}]}}, {"tips": {"count": 0}, "contact": {}, "firstName": "Elsepth", "gender": "female", "lastName": "Sia", "id": "4015838", "bio": "", "photo": {"prefix": "https://igx.4sqi.net/img/user/", "suffix": "/0RGTQLVJUYT10DYA.jpg"}, "homeCity": "Singapore", "lists": {"groups": [{"items": [], "count": 2, "type": "created"}]}}, {"tips": {"count": 0}, "contact": {}, "firstName": "Kenneth", "gender": "male", "lastName": "Chew", "id": "4016423", "bio": "", "photo": {"prefix": "https://igx.4sqi.net/img/user/", "suffix": "/DCZIFQMFFOI4IOOU.jpg"}, "homeCity": "Singapore", "lists": {"groups": [{"items": [], "count": 2, "type": "created"}]}}, {"tips": {"count": 18}, "contact": {"twitter": "rikkichaiqh", "facebook": "526821344"}, "firstName": "Rikki", "gender": "female", "lastName": "Chai", "id": "4045352", "bio": "", "photo": {"prefix": "https://igx.4sqi.net/img/user/", "suffix": "/4045352-QQKNKNYYPECZDWWP.jpg"}, "homeCity": "Singapore", "lists": {"groups": [{"items": [], "count": 2, "type": "created"}]}}], "count": 41}, "checksum": "dedbfbb7c849749517ca2720420b131806c2b781"}, "meta": {"requestId": "5966366a4c1f67705a11f187", "code": 200}}