{"notifications": [{"type": "notificationTray", "item": {"unreadCount": 0}}], "response": {"friends": {"items": [{"tips": {"count": 0}, "contact": {"facebook": "100002565855167"}, "firstName": "seline", "gender": "female", "lastName": "lim", "id": "6218918", "bio": "", "photo": {"prefix": "https://igx.4sqi.net/img/user/", "suffix": "/VFYGI23MQWS2O0DM.jpg"}, "homeCity": "Singapore", "lists": {"groups": [{"items": [], "count": 2, "type": "created"}]}}, {"tips": {"count": 0}, "contact": {"facebook": "519522370"}, "firstName": "Farid", "gender": "male", "lastName": "Quentura", "id": "5142030", "bio": "", "photo": {"prefix": "https://igx.4sqi.net/img/user/", "suffix": "/KYX4U3QTVNKQB3CU.jpg"}, "homeCity": "Singapore", "lists": {"groups": [{"items": [], "count": 2, "type": "created"}]}}, {"tips": {"count": 6}, "contact": {"twitter": "fatdiemeee"}, "firstName": "Wenwen Fatdieme", "gender": "female", "id": "3509435", "bio": "Don't waste your life. \nSnapchat/insta - fatdieme", "photo": {"prefix": "https://igx.4sqi.net/img/user/", "suffix": "/3509435-IC2Z1ORY5OK5ZJ1L.jpg"}, "homeCity": "Singapore", "lists": {"groups": [{"items": [], "count": 2, "type": "created"}]}}, {"tips": {"count": 2}, "contact": {"facebook": "771192984"}, "firstName": "Dawn", "gender": "female", "lastName": "Tai", "id": "3776903", "bio": "", "photo": {"prefix": "https://igx.4sqi.net/img/user/", "suffix": "/O4ID4F551RW3ADRY.jpg"}, "homeCity": "Singapore", "lists": {"groups": [{"items": [], "count": 2, "type": "created"}]}}, {"tips": {"count": 0}, "contact": {}, "firstName": "Zach", "gender": "male", "id": "7997630", "bio": "", "photo": {"prefix": "https://igx.4sqi.net/img/user/", "suffix": "/7997630-EBM51PMWWOZQG3IH.jpg"}, "homeCity": "Singapore", "lists": {"groups": [{"items": [], "count": 2, "type": "created"}]}}, {"tips": {"count": 0}, "contact": {}, "firstName": "Yanwen", "gender": "female", "lastName": "Chong", "id": "5468458", "bio": "", "photo": {"prefix": "https://igx.4sqi.net/img/user/", "suffix": "/GNQSREDWG1KSHQQD.jpg"}, "homeCity": "New York, NY", "lists": {"groups": [{"items": [], "count": 2, "type": "created"}]}}, {"tips": {"count": 0}, "contact": {}, "firstName": "Joanna", "gender": "female", "lastName": "Lim", "id": "3572019", "bio": "", "photo": {"prefix": "https://igx.4sqi.net/img/user/", "suffix": "/SARKDVSQ430NCV4A.jpg"}, "homeCity": "Singapore", "lists": {"groups": [{"items": [], "count": 2, "type": "created"}]}}, {"tips": {"count": 0}, "contact": {"twitter": "mamajuann", "facebook": "540903407"}, "firstName": "teresa", "gender": "female", "lastName": "juan", "id": "2557537", "bio": "", "photo": {"prefix": "https://igx.4sqi.net/img/user/", "suffix": "/XEI0YJJ21MKV1NMM.jpg"}, "homeCity": "Singapore", "lists": {"groups": [{"items": [], "count": 2, "type": "created"}]}}, {"tips": {"count": 0}, "contact": {"facebook": "1572281377"}, "firstName": "Davis", "gender": "male", "lastName": "Lee", "id": "3458291", "bio": "", "photo": {"prefix": "https://igx.4sqi.net/img/user/", "suffix": "/O2WD3JIZRAV5QN3F.jpg"}, "homeCity": "Singapore", "lists": {"groups": [{"items": [], "count": 2, "type": "created"}]}}, {"tips": {"count": 0}, "contact": {"facebook": "681804645"}, "firstName": "Nuratika", "gender": "female", "id": "3334219", "bio": "", "photo": {"prefix": "https://igx.4sqi.net/img/user/", "suffix": "/VDDPN5EMG2M5WJ3K.jpg"}, "homeCity": "Singapore", "lists": {"groups": [{"items": [], "count": 3, "type": "created"}]}}, {"tips": {"count": 0}, "contact": {"twitter": "hellofelly"}, "firstName": "hello", "gender": "female", "lastName": "felly", "id": "3805269", "bio": "", "photo": {"prefix": "https://igx.4sqi.net/img/user/", "suffix": "/CB1XMERK4ZL5FPMO.jpg"}, "homeCity": "New York, NY", "lists": {"groups": [{"items": [], "count": 2, "type": "created"}]}}, {"tips": {"count": 3}, "contact": {"twitter": "linruiping", "facebook": "100001001019485"}, "firstName": "Eunice", "gender": "female", "lastName": "Lim", "id": "2946971", "bio": "a gemini baby! (:", "photo": {"prefix": "https://igx.4sqi.net/img/user/", "suffix": "/W3VNMO4L3OV3K554.jpg"}, "homeCity": "Singapore", "lists": {"groups": [{"items": [], "count": 2, "type": "created"}]}}, {"tips": {"count": 1}, "contact": {"twitter": "xmswhitex"}, "firstName": "Missy Cindy", "gender": "female", "id": "4210691", "bio": "", "photo": {"prefix": "https://igx.4sqi.net/img/user/", "suffix": "/DFTBZ40RBUQJ22DN.jpg"}, "homeCity": "Singapore", "lists": {"groups": [{"items": [], "count": 2, "type": "created"}]}}, {"tips": {"count": 0}, "contact": {"facebook": "668429814"}, "firstName": "Celest", "gender": "female", "lastName": "Lee", "id": "2415952", "bio": "", "photo": {"prefix": "https://igx.4sqi.net/img/user/", "suffix": "/RU0DZGUKXD4VA5UY.jpg"}, "homeCity": "Singapore", "lists": {"groups": [{"items": [], "count": 2, "type": "created"}]}}, {"tips": {"count": 1}, "contact": {}, "firstName": "Desiree", "gender": "female", "lastName": "Ong", "id": "2394868", "bio": "", "photo": {"prefix": "https://igx.4sqi.net/img/user/", "suffix": "/1NVKAQYTMTDDOFRW.jpg"}, "homeCity": "Singapore", "lists": {"groups": [{"items": [], "count": 2, "type": "created"}]}}, {"tips": {"count": 0}, "contact": {"twitter": "yvonneleeyiping", "facebook": "614798298"}, "firstName": "yvonne", "gender": "female", "lastName": "lee", "id": "2322628", "bio": "", "photo": {"prefix": "https://igx.4sqi.net/img/user/", "suffix": "/2322628-PHNISV5YEELZXOJH.jpg"}, "homeCity": "Singapore", "lists": {"groups": [{"items": [], "count": 2, "type": "created"}]}}, {"tips": {"count": 3}, "contact": {"facebook": "546678084"}, "firstName": "Kenny", "gender": "male", "lastName": "Teo", "id": "6514736", "bio": "", "photo": {"prefix": "https://igx.4sqi.net/img/user/", "suffix": "/BCEQ33O31ZMIQ2YB.jpg"}, "homeCity": "Singapore", "lists": {"groups": [{"items": [], "count": 2, "type": "created"}]}}, {"tips": {"count": 2}, "contact": {"twitter": "makcuiwen", "facebook": "10155547081870507"}, "firstName": "Cuiwen", "gender": "female", "lastName": "Mak", "id": "5149779", "bio": "", "photo": {"prefix": "https://igx.4sqi.net/img/user/", "suffix": "/5149779-LBYWGDK1Q1AUPIOI.jpg"}, "homeCity": "Unnamed Location", "lists": {"groups": [{"items": [], "count": 2, "type": "created"}]}}, {"tips": {"count": 1}, "contact": {"facebook": "1812056331"}, "firstName": "Elton", "gender": "male", "lastName": "Tan", "id": "4302152", "bio": "", "photo": {"prefix": "https://igx.4sqi.net/img/user/", "suffix": "/TMCPYJBES0X0LU4R.jpg"}, "homeCity": "Singapore", "lists": {"groups": [{"items": [], "count": 2, "type": "created"}]}}, {"tips": {"count": 0}, "contact": {"facebook": "756827407"}, "firstName": "Angelz", "gender": "female", "lastName": "Toh", "id": "5483220", "bio": "", "photo": {"prefix": "https://igx.4sqi.net/img/user/", "suffix": "/EG5QGKULEIBS22KC.jpg"}, "homeCity": "Singapore", "lists": {"groups": [{"items": [], "count": 2, "type": "created"}]}}, {"tips": {"count": 2}, "contact": {"twitter": "evaling", "facebook": "629945576"}, "firstName": "Eva", "gender": "female", "lastName": "Ling", "id": "3578632", "bio": "", "photo": {"prefix": "https://igx.4sqi.net/img/user/", "suffix": "/JXNUSCAXBJUJIFU4.jpg"}, "homeCity": "Singapore", "lists": {"groups": [{"items": [], "count": 2, "type": "created"}]}}, {"tips": {"count": 0}, "contact": {"facebook": "750210015"}, "firstName": "Jeni", "gender": "female", "lastName": "Lim", "id": "2891278", "bio": "", "photo": {"prefix": "https://igx.4sqi.net/img/user/", "suffix": "/QWQ4B35M5BUFTZBK.jpg"}, "homeCity": "Singapore", "lists": {"groups": [{"items": [], "count": 2, "type": "created"}]}}, {"tips": {"count": 0}, "contact": {}, "firstName": "Nurisman", "gender": "male", "lastName": "Kenzo", "id": "3787593", "bio": "", "photo": {"prefix": "https://igx.4sqi.net/img/user/", "suffix": "/2ZGRXR0NOITVLY1X.jpg"}, "homeCity": "Singapore", "lists": {"groups": [{"items": [], "count": 2, "type": "created"}]}}, {"tips": {"count": 0}, "contact": {"facebook": "100000157985735"}, "firstName": "Jameson", "gender": "male", "lastName": "Ng", "id": "4952746", "bio": "", "photo": {"prefix": "https://igx.4sqi.net/img/user/", "suffix": "/1TRAMVG5VQJLEFX1.jpg"}, "homeCity": "Singapore", "lists": {"groups": [{"items": [], "count": 2, "type": "created"}]}}, {"tips": {"count": 0}, "contact": {"twitter": "derrickchoo10", "facebook": "100000414043848"}, "firstName": "Derrick", "gender": "male", "lastName": "Payless", "id": "4713551", "bio": "", "photo": {"prefix": "https://igx.4sqi.net/img/user/", "suffix": "/4713551-DMMH4O54E1AGSZ0L.jpg"}, "homeCity": "Singapore", "lists": {"groups": [{"items": [], "count": 2, "type": "created"}]}}, {"tips": {"count": 4}, "contact": {"facebook": "1061581752"}, "firstName": "J", "gender": "female", "lastName": "S", "id": "4395249", "bio": "", "photo": {"prefix": "https://igx.4sqi.net/img/user/", "suffix": "/CGG54ZAILUABENPS.jpg"}, "homeCity": "\uc11c\uc6b8\ud2b9\ubcc4\uc2dc, \ub300\ud55c\ubbfc\uad6d", "lists": {"groups": [{"items": [], "count": 2, "type": "created"}]}}, {"tips": {"count": 2}, "contact": {"twitter": "hebemama", "facebook": "720698859"}, "firstName": "Maxi", "gender": "female", "lastName": "tan", "id": "2475464", "bio": "", "photo": {"prefix": "https://igx.4sqi.net/img/user/", "suffix": "/ZZKLJOCDG5YNLDKQ.jpg"}, "homeCity": "Singapore", "lists": {"groups": [{"items": [], "count": 2, "type": "created"}]}}, {"tips": {"count": 1}, "contact": {"facebook": "717438071"}, "firstName": "Julie", "gender": "female", "lastName": "Soh", "id": "2514568", "bio": "", "photo": {"prefix": "https://igx.4sqi.net/img/user/", "suffix": "/CDDMM22WGE3RBO2Y.jpg"}, "homeCity": "Hougang, Singapore", "lists": {"groups": [{"items": [], "count": 2, "type": "created"}]}}, {"tips": {"count": 0}, "contact": {"facebook": "1123118718"}, "firstName": "Amirah", "gender": "female", "lastName": "Collections", "id": "4448027", "bio": "", "photo": {"prefix": "https://igx.4sqi.net/img/user/", "suffix": "/EVUD2P30FEMKGEHH.jpg"}, "homeCity": "Singapore", "lists": {"groups": [{"items": [], "count": 2, "type": "created"}]}}, {"tips": {"count": 0}, "contact": {}, "firstName": "Selicia", "gender": "female", "lastName": "Koh", "id": "8108569", "bio": "", "photo": {"prefix": "https://igx.4sqi.net/img/user/", "suffix": "/22JU3OH51TY2JLGF.jpg"}, "homeCity": "Singapore", "lists": {"groups": [{"items": [], "count": 2, "type": "created"}]}}, {"tips": {"count": 1}, "contact": {"facebook": "756927736"}, "firstName": "Ethan", "gender": "male", "lastName": "Chan", "id": "6771366", "bio": "", "photo": {"prefix": "https://igx.4sqi.net/img/user/", "suffix": "/NKOFMW0OYJCOMD3A.jpg"}, "homeCity": "Singapore", "lists": {"groups": [{"items": [], "count": 2, "type": "created"}]}}, {"tips": {"count": 0}, "contact": {}, "firstName": "Ange", "gender": "female", "lastName": "Peter", "id": "6566965", "bio": "", "photo": {"prefix": "https://igx.4sqi.net/img/user/", "suffix": "/5EQTWLVBVSUB5Y2Z.jpg"}, "homeCity": "Singapore", "lists": {"groups": [{"items": [], "count": 2, "type": "created"}]}}, {"tips": {"count": 0}, "contact": {}, "firstName": "Kafaz", "gender": "male", "lastName": "Lee", "id": "5484654", "bio": "", "photo": {"prefix": "https://igx.4sqi.net/img/user/", "suffix": "/CKLMWYKWMYMPJUEF.jpg"}, "homeCity": "Singapore", "lists": {"groups": [{"items": [], "count": 2, "type": "created"}]}}, {"tips": {"count": 0}, "contact": {"twitter": "jarredmama", "facebook": "596273099"}, "firstName": "jessica", "gender": "female", "lastName": "lim", "id": "3589682", "bio": "", "photo": {"prefix": "https://igx.4sqi.net/img/user/", "suffix": "/blank_girl.png", "default": true}, "homeCity": "Singapore", "lists": {"groups": [{"items": [], "count": 2, "type": "created"}]}}, {"tips": {"count": 0}, "contact": {"twitter": "vnxt", "facebook": "649683860"}, "firstName": "Valerie", "gender": "female", "lastName": "N", "id": "2934893", "bio": "", "photo": {"prefix": "https://igx.4sqi.net/img/user/", "suffix": "/FUA3V1GMJZ3YBTNN.jpg"}, "homeCity": "Singapore", "lists": {"groups": [{"items": [], "count": 2, "type": "created"}]}}, {"tips": {"count": 0}, "contact": {"twitter": "jlhytx", "facebook": "573321329"}, "firstName": "Jessie", "gender": "female", "lastName": "Ong", "id": "3792675", "bio": "Mummy to Elton and Arielle <3\r\nhttp://twitter.com/jessielton", "photo": {"prefix": "https://igx.4sqi.net/img/user/", "suffix": "/3792675-NOXOO3DOKGI1J0HL.jpg"}, "homeCity": "Singapore", "lists": {"groups": [{"items": [], "count": 2, "type": "created"}]}}, {"tips": {"count": 0}, "contact": {"facebook": "1622326331"}, "firstName": "Zulkiflee", "gender": "male", "lastName": "Osman", "id": "10517074", "bio": "", "photo": {"prefix": "https://igx.4sqi.net/img/user/", "suffix": "/OZTSKOYHY5NWUNLT.jpg"}, "homeCity": "Singapore", "lists": {"groups": [{"items": [], "count": 2, "type": "created"}]}}, {"tips": {"count": 0}, "contact": {"facebook": "647968673"}, "firstName": "Adren", "gender": "male", "lastName": "Peter", "id": "4928429", "bio": "", "photo": {"prefix": "https://igx.4sqi.net/img/user/", "suffix": "/TY0LMYSZYI1WLSIQ.jpg"}, "homeCity": "Singapore", "lists": {"groups": [{"items": [], "count": 2, "type": "created"}]}}, {"tips": {"count": 0}, "contact": {"twitter": "belbelove", "facebook": "744012778"}, "firstName": "Mabel", "gender": "female", "lastName": "Lau", "id": "2970667", "bio": "", "photo": {"prefix": "https://igx.4sqi.net/img/user/", "suffix": "/CXW2OL3SDWAGKF1G.jpg"}, "homeCity": "Singapore", "lists": {"groups": [{"items": [], "count": 2, "type": "created"}]}}, {"tips": {"count": 2}, "contact": {"twitter": "chinglin85", "facebook": "744829902"}, "firstName": "Ching Lin", "gender": "male", "lastName": "Tan", "id": "2859055", "bio": "", "photo": {"prefix": "https://igx.4sqi.net/img/user/", "suffix": "/XPY0SITDS0KP30LE.jpg"}, "homeCity": "Singapore", "lists": {"groups": [{"items": [], "count": 2, "type": "created"}]}}, {"tips": {"count": 0}, "contact": {}, "firstName": "Xiaomatt24", "gender": "male", "id": "9440485", "bio": "", "photo": {"prefix": "https://igx.4sqi.net/img/user/", "suffix": "/ECA2TRULXYBH5IZC.jpg"}, "homeCity": "NY", "lists": {"groups": [{"items": [], "count": 2, "type": "created"}]}}, {"tips": {"count": 1}, "contact": {"twitter": "andyiim", "facebook": "598064138"}, "firstName": "Andy", "gender": "male", "lastName": "Iim", "id": "9954259", "bio": "", "photo": {"prefix": "https://igx.4sqi.net/img/user/", "suffix": "/FPGPKW5TBV0MY4KM.jpg"}, "homeCity": "Singapore", "lists": {"groups": [{"items": [], "count": 3, "type": "created"}]}}, {"tips": {"count": 0}, "contact": {}, "firstName": "Ng", "gender": "female", "lastName": "Kymberli", "id": "7051688", "bio": "", "photo": {"prefix": "https://igx.4sqi.net/img/user/", "suffix": "/JKNAZCKGM10ELEFY.jpg"}, "homeCity": "Singapore", "lists": {"groups": [{"items": [], "count": 2, "type": "created"}]}}, {"tips": {"count": 0}, "contact": {}, "firstName": "Oh", "gender": "female", "lastName": "Eunice", "id": "5511873", "bio": "", "photo": {"prefix": "https://igx.4sqi.net/img/user/", "suffix": "/BBFKGKOOHAPXRP5Q.jpg"}, "homeCity": "Singapore", "lists": {"groups": [{"items": [], "count": 2, "type": "created"}]}}, {"tips": {"count": 6}, "contact": {"twitter": "hhanxwj", "facebook": "100000598308534"}, "firstName": "Han", "gender": "male", "lastName": "Xwj", "id": "4908425", "bio": "", "photo": {"prefix": "https://igx.4sqi.net/img/user/", "suffix": "/VRT3KY3LAA5CLY3U.jpg"}, "homeCity": "Singapore", "lists": {"groups": [{"items": [], "count": 2, "type": "created"}]}}, {"tips": {"count": 4}, "contact": {"facebook": "566212055"}, "firstName": "weilun", "gender": "male", "lastName": "tong", "id": "3532374", "bio": "", "photo": {"prefix": "https://igx.4sqi.net/img/user/", "suffix": "/K3LMYPYD3XXA3LIH.jpg"}, "homeCity": "Singapore", "lists": {"groups": [{"items": [], "count": 2, "type": "created"}]}}, {"tips": {"count": 0}, "contact": {}, "firstName": "Michael", "gender": "male", "lastName": "Teo", "id": "5108142", "bio": "", "photo": {"prefix": "https://igx.4sqi.net/img/user/", "suffix": "/OONTKCLXA5F4QGVE.jpg"}, "homeCity": "Singapore", "lists": {"groups": [{"items": [], "count": 2, "type": "created"}]}}, {"tips": {"count": 0}, "contact": {"facebook": "100000508764469"}, "firstName": "missy", "gender": "female", "lastName": "grace", "id": "4935751", "bio": "", "photo": {"prefix": "https://igx.4sqi.net/img/user/", "suffix": "/D3FEVPGNGI1GPS4T.jpg"}, "homeCity": "Singapore", "lists": {"groups": [{"items": [], "count": 2, "type": "created"}]}}, {"tips": {"count": 0}, "contact": {}, "firstName": "ho", "gender": "female", "lastName": "shumin", "id": "3001465", "bio": "", "photo": {"prefix": "https://igx.4sqi.net/img/user/", "suffix": "/Q41MZK3B0ZUUCVLJ.jpg"}, "homeCity": "Singapore", "lists": {"groups": [{"items": [], "count": 2, "type": "created"}]}}, {"tips": {"count": 0}, "contact": {"twitter": "ahyinl", "facebook": "550792957"}, "firstName": "Esther", "gender": "female", "lastName": "Yin", "id": "3273584", "bio": "", "photo": {"prefix": "https://igx.4sqi.net/img/user/", "suffix": "/RXSKIPYMQOQU2VR2.jpg"}, "homeCity": "Singapore", "lists": {"groups": [{"items": [], "count": 2, "type": "created"}]}}, {"tips": {"count": 0}, "contact": {}, "firstName": "Jasmin", "gender": "female", "lastName": "Loh", "id": "9496856", "bio": "", "photo": {"prefix": "https://igx.4sqi.net/img/user/", "suffix": "/XJRBYPLYLHHVLJXA.jpg"}, "homeCity": "Singapore", "lists": {"groups": [{"items": [], "count": 2, "type": "created"}]}}, {"tips": {"count": 0}, "contact": {"facebook": "550949903"}, "firstName": "Selicia", "gender": "female", "lastName": "Koh", "id": "11045858", "bio": "", "photo": {"prefix": "https://igx.4sqi.net/img/user/", "suffix": "/RDUIGYGY3FKVABGF.jpg"}, "homeCity": "Singapore", "lists": {"groups": [{"items": [], "count": 2, "type": "created"}]}}, {"tips": {"count": 1}, "contact": {"facebook": "683133864"}, "firstName": "Darling Giovanna", "gender": "female", "id": "7066750", "bio": "", "photo": {"prefix": "https://igx.4sqi.net/img/user/", "suffix": "/HNJS2BPO4CY2LXVZ.jpg"}, "homeCity": "Singapore", "lists": {"groups": [{"items": [], "count": 2, "type": "created"}]}}, {"tips": {"count": 1}, "contact": {"twitter": "d_neojoker", "facebook": "100001529331003"}, "firstName": "Daryl", "gender": "male", "lastName": "Lim", "id": "5512669", "bio": "", "photo": {"prefix": "https://igx.4sqi.net/img/user/", "suffix": "/B4BW514T5FK2UV50.jpg"}, "homeCity": "Singapore", "lists": {"groups": [{"items": [], "count": 2, "type": "created"}]}}, {"tips": {"count": 0}, "contact": {"facebook": "1055988788"}, "firstName": "Dennis", "gender": "male", "lastName": "Ho", "id": "4991685", "bio": "", "photo": {"prefix": "https://igx.4sqi.net/img/user/", "suffix": "/1HPHMIMZ3HTQI3RF.jpg"}, "homeCity": "Singapore", "lists": {"groups": [{"items": [], "count": 2, "type": "created"}]}}, {"tips": {"count": 3}, "contact": {"twitter": "yourmotherpearl"}, "firstName": "Pearlmama", "gender": "female", "lastName": "PixieLove", "id": "3630428", "bio": "", "photo": {"prefix": "https://igx.4sqi.net/img/user/", "suffix": "/NQJ5HVKCANF05F0P.jpg"}, "homeCity": "Singapore", "lists": {"groups": [{"items": [], "count": 2, "type": "created"}]}}, {"tips": {"count": 0}, "contact": {"facebook": "645789352"}, "firstName": "Derrick", "gender": "male", "lastName": "Koh", "id": "5113041", "bio": "", "photo": {"prefix": "https://igx.4sqi.net/img/user/", "suffix": "/4EKNVSJMKOPR30PN.jpg"}, "homeCity": "Singapore", "lists": {"groups": [{"items": [], "count": 2, "type": "created"}]}}, {"tips": {"count": 1}, "contact": {"twitter": "mamajiahui", "facebook": "1101858815"}, "firstName": "mamaJIAHUI", "gender": "female", "lastName": "Chai", "id": "5060511", "bio": "", "photo": {"prefix": "https://igx.4sqi.net/img/user/", "suffix": "/INBKJQ1IHAYNAK14.jpg"}, "homeCity": "Singapore", "lists": {"groups": [{"items": [], "count": 2, "type": "created"}]}}, {"tips": {"count": 11}, "contact": {}, "firstName": "Yeo", "gender": "male", "lastName": "Andrian", "id": "3087726", "bio": "", "photo": {"prefix": "https://igx.4sqi.net/img/user/", "suffix": "/5MBQY51WAGN1HMOH.jpg"}, "homeCity": "Singapore", "lists": {"groups": [{"items": [], "count": 2, "type": "created"}]}}, {"tips": {"count": 1}, "contact": {"twitter": "celestaseah", "facebook": "551017473"}, "firstName": "Celesta", "gender": "female", "lastName": "Seah", "id": "3316018", "bio": "", "photo": {"prefix": "https://igx.4sqi.net/img/user/", "suffix": "/RSNLYDZLTUFKFT34.jpg"}, "homeCity": "Singapore", "lists": {"groups": [{"items": [], "count": 2, "type": "created"}]}}, {"tips": {"count": 0}, "contact": {"facebook": "100001400680162"}, "firstName": "Jaron", "gender": "male", "lastName": "Botak", "id": "11686134", "bio": "", "photo": {"prefix": "https://igx.4sqi.net/img/user/", "suffix": "/NLR0J5APDSVDGJW0.jpg"}, "homeCity": "Singapore", "lists": {"groups": [{"items": [], "count": 2, "type": "created"}]}}, {"tips": {"count": 0}, "contact": {"facebook": "717337874"}, "firstName": "Natalie", "gender": "female", "lastName": "T.", "id": "5586875", "bio": "", "photo": {"prefix": "https://igx.4sqi.net/img/user/", "suffix": "/1IN5B33UENIPCSNF.jpg"}, "homeCity": "Singapore", "lists": {"groups": [{"items": [], "count": 2, "type": "created"}]}}, {"tips": {"count": 0}, "contact": {}, "firstName": "Alex", "gender": "male", "lastName": "Alex wong", "id": "5017973", "bio": "", "photo": {"prefix": "https://igx.4sqi.net/img/user/", "suffix": "/BJYBKADFG1YOKEZK.jpg"}, "homeCity": "Singapore", "lists": {"groups": [{"items": [], "count": 2, "type": "created"}]}}, {"tips": {"count": 2}, "contact": {"twitter": "cherrs_m", "facebook": "778404901"}, "firstName": "Cherrs", "gender": "female", "lastName": "Q Yr", "id": "3876900", "bio": "", "photo": {"prefix": "https://igx.4sqi.net/img/user/", "suffix": "/2Z0ZSLAIE01VOZBH.jpg"}, "homeCity": "Singapore", "lists": {"groups": [{"items": [], "count": 2, "type": "created"}]}}, {"tips": {"count": 1}, "contact": {"twitter": "mamakh00", "facebook": "597010797"}, "firstName": "emily khoo", "gender": "female", "id": "3252895", "bio": "", "photo": {"prefix": "https://igx.4sqi.net/img/user/", "suffix": "/GRRHVROWUC15OA4D.jpg"}, "homeCity": "Singapore", "lists": {"groups": [{"items": [], "count": 2, "type": "created"}]}}, {"tips": {"count": 1}, "contact": {"twitter": "leileiec", "facebook": "10200582912293340"}, "firstName": "Lim", "gender": "female", "lastName": "Liching", "id": "4138224", "bio": "", "photo": {"prefix": "https://igx.4sqi.net/img/user/", "suffix": "/QH3TXQOMLPYOMDCX.jpg"}, "homeCity": "Singapore", "lists": {"groups": [{"items": [], "count": 2, "type": "created"}]}}, {"tips": {"count": 0}, "contact": {"facebook": "753777335"}, "firstName": "Desmond", "gender": "male", "lastName": "Ong", "id": "5659826", "bio": "", "photo": {"prefix": "https://igx.4sqi.net/img/user/", "suffix": "/PL2HZCOP0Y0BDUPO.jpg"}, "homeCity": "Singapore", "lists": {"groups": [{"items": [], "count": 2, "type": "created"}]}}, {"tips": {"count": 0}, "contact": {"facebook": "637549458"}, "firstName": "Chua", "gender": "male", "lastName": "Yongsiang LancerturboCs5", "id": "11136056", "bio": "", "photo": {"prefix": "https://igx.4sqi.net/img/user/", "suffix": "/5UCDTKRZ13H2GECK.jpg"}, "homeCity": "Singapore", "lists": {"groups": [{"items": [], "count": 2, "type": "created"}]}}, {"tips": {"count": 9}, "contact": {"twitter": "viviannnong", "facebook": "690803866"}, "firstName": "Viviannn", "gender": "female", "lastName": "Ong", "id": "3910270", "bio": "", "photo": {"prefix": "https://igx.4sqi.net/img/user/", "suffix": "/T552P5U5V0HIRTDA.jpg"}, "homeCity": "Singapore", "lists": {"groups": [{"items": [], "count": 3, "type": "created"}]}}, {"tips": {"count": 0}, "contact": {}, "firstName": "Jasmine", "gender": "female", "lastName": "Ahgirl", "id": "3255963", "bio": "", "photo": {"prefix": "https://igx.4sqi.net/img/user/", "suffix": "/DMZHNL0ZQ5N0WFUB.jpg"}, "homeCity": "Singapore", "lists": {"groups": [{"items": [], "count": 2, "type": "created"}]}}, {"tips": {"count": 0}, "contact": {"facebook": "713748374"}, "firstName": "Mei shenm", "gender": "female", "id": "4760065", "bio": "", "photo": {"prefix": "https://igx.4sqi.net/img/user/", "suffix": "/GCFNJSR4D3ETBTCO.jpg"}, "homeCity": "Singapore", "lists": {"groups": [{"items": [], "count": 2, "type": "created"}]}}, {"tips": {"count": 1}, "contact": {"facebook": "529445539"}, "firstName": "pat", "gender": "male", "lastName": "didi", "id": "5666539", "bio": "", "photo": {"prefix": "https://igx.4sqi.net/img/user/", "suffix": "/0YTBRCY2UGJZ1M1Y.jpg"}, "homeCity": "Singapore", "lists": {"groups": [{"items": [], "count": 2, "type": "created"}]}}, {"tips": {"count": 1}, "contact": {"twitter": "justina0204", "facebook": "541191659"}, "firstName": "Justina", "gender": "female", "lastName": "Chen", "id": "4052484", "bio": "", "photo": {"prefix": "https://igx.4sqi.net/img/user/", "suffix": "/CQFRPVU4BKFKJKGU.jpg"}, "homeCity": "Singapore", "lists": {"groups": [{"items": [], "count": 2, "type": "created"}]}}, {"tips": {"count": 0}, "contact": {}, "firstName": "Liping", "gender": "female", "lastName": "K", "id": "3637651", "bio": "", "photo": {"prefix": "https://igx.4sqi.net/img/user/", "suffix": "/EZGZEZRXHKTIXK3W.jpg"}, "homeCity": "Singapore", "lists": {"groups": [{"items": [], "count": 2, "type": "created"}]}}, {"tips": {"count": 0}, "contact": {"twitter": "justiceloh", "facebook": "10207656745989289"}, "firstName": "JL", "gender": "male", "lastName": "LOH", "id": "5534245", "bio": "", "photo": {"prefix": "https://igx.4sqi.net/img/user/", "suffix": "/5534245-1VHILOA1C0YF1VGR"}, "homeCity": "Malaysia", "lists": {"groups": [{"items": [], "count": 2, "type": "created"}]}}, {"tips": {"count": 0}, "contact": {"facebook": "100001850797856"}, "firstName": "Zest", "gender": "male", "lastName": "Zee", "id": "5667732", "bio": "", "photo": {"prefix": "https://igx.4sqi.net/img/user/", "suffix": "/0ENBD431ERBUXKQY.jpg"}, "homeCity": "Singapore", "lists": {"groups": [{"items": [], "count": 2, "type": "created"}]}}, {"tips": {"count": 0}, "contact": {}, "firstName": "Menteri", "gender": "male", "lastName": "Fasola", "id": "4435716", "bio": "", "photo": {"prefix": "https://igx.4sqi.net/img/user/", "suffix": "/UO5UF34BKUK0V2Z0.jpg"}, "homeCity": "Singapore", "lists": {"groups": [{"items": [], "count": 2, "type": "created"}]}}, {"tips": {"count": 0}, "contact": {}, "firstName": "Hoon", "gender": "female", "lastName": "Hahaha", "id": "6346835", "bio": "", "photo": {"prefix": "https://igx.4sqi.net/img/user/", "suffix": "/blank_girl.png", "default": true}, "homeCity": "Singapore", "lists": {"groups": [{"items": [], "count": 2, "type": "created"}]}}, {"tips": {"count": 0}, "contact": {"facebook": "560917948"}, "firstName": "Adam", "gender": "male", "lastName": "Chua", "id": "5830356", "bio": "", "photo": {"prefix": "https://igx.4sqi.net/img/user/", "suffix": "/0HWZK2UJN2YQ3S2T.jpg"}, "homeCity": "Singapore", "lists": {"groups": [{"items": [], "count": 2, "type": "created"}]}}, {"tips": {"count": 0}, "contact": {"twitter": "christopherx3m", "facebook": "638686000"}, "firstName": "Christopher", "gender": "male", "lastName": "Huang", "id": "5226909", "bio": "", "photo": {"prefix": "https://igx.4sqi.net/img/user/", "suffix": "/AGHKPIMPO4IHRMDA.jpg"}, "homeCity": "Singapore", "lists": {"groups": [{"items": [], "count": 2, "type": "created"}]}}, {"tips": {"count": 2}, "contact": {"twitter": "supaheng", "facebook": "523687671"}, "firstName": "joel", "gender": "male", "lastName": "tan", "id": "6382498", "bio": "", "photo": {"prefix": "https://igx.4sqi.net/img/user/", "suffix": "/4AM3C44Z01UA1BKD.jpg"}, "homeCity": "Singapore", "lists": {"groups": [{"items": [], "count": 2, "type": "created"}]}}, {"tips": {"count": 0}, "contact": {"facebook": "100000539683399"}, "firstName": "Ellie", "gender": "female", "lastName": "Tan", "id": "5998132", "bio": "", "photo": {"prefix": "https://igx.4sqi.net/img/user/", "suffix": "/0YR1LWOKMOFYFSUM.jpg"}, "homeCity": "Singapore", "lists": {"groups": [{"items": [], "count": 2, "type": "created"}]}}, {"tips": {"count": 0}, "contact": {"facebook": "1189024367"}, "firstName": "Lam", "gender": "female", "lastName": "Yaling Angeline", "id": "8673584", "bio": "", "photo": {"prefix": "https://igx.4sqi.net/img/user/", "suffix": "/4HJXJTWZTHJM0PKJ.jpg"}, "homeCity": "Singapore", "lists": {"groups": [{"items": [], "count": 2, "type": "created"}]}}, {"tips": {"count": 0}, "contact": {}, "firstName": "Zabriel", "gender": "male", "lastName": "Sim", "id": "6486447", "bio": "", "photo": {"prefix": "https://igx.4sqi.net/img/user/", "suffix": "/42POAB35GJDKGLT2.jpg"}, "homeCity": "New York, NY", "lists": {"groups": [{"items": [], "count": 2, "type": "created"}]}}, {"tips": {"count": 0}, "contact": {}, "firstName": "natalie", "gender": "female", "lastName": "tan", "id": "6156220", "bio": "", "photo": {"prefix": "https://igx.4sqi.net/img/user/", "suffix": "/HNN5W31ZKCCFF4PP.jpg"}, "homeCity": "Singapore", "lists": {"groups": [{"items": [], "count": 2, "type": "created"}]}}], "count": 85}, "checksum": "94db251377c4833885b46a8032f927f37ffc29f8"}, "meta": {"requestId": "5965cb27dd57972d2b10eb6a", "code": 200}}