{"notifications": [{"type": "notificationTray", "item": {"unreadCount": 0}}], "response": {"friends": {"items": [{"tips": {"count": 0}, "contact": {"twitter": "adriancbjie", "facebook": "550015606"}, "firstName": "Adrian", "gender": "male", "lastName": "Jie", "id": "21294849", "bio": "", "photo": {"prefix": "https://igx.4sqi.net/img/user/", "suffix": "/1MMVWQIODMYUALVY.jpg"}, "homeCity": "Singapore", "lists": {"groups": [{"items": [], "count": 2, "type": "created"}]}}, {"tips": {"count": 1}, "contact": {"facebook": "542346091"}, "firstName": "Shaun", "gender": "male", "lastName": "Teh", "id": "4455214", "bio": "", "photo": {"prefix": "https://igx.4sqi.net/img/user/", "suffix": "/CRS0CXOY3EZI1LCH.jpg"}, "homeCity": "Singapore", "lists": {"groups": [{"items": [], "count": 2, "type": "created"}]}}, {"tips": {"count": 3}, "contact": {"twitter": "waiisibohh", "facebook": "100001021185395"}, "firstName": "Waii", "gender": "male", "lastName": "sibohh", "id": "4350127", "bio": "", "photo": {"prefix": "https://igx.4sqi.net/img/user/", "suffix": "/ZACSGF5XJGYY2CKW.jpg"}, "homeCity": "", "lists": {"groups": [{"items": [], "count": 2, "type": "created"}]}}, {"tips": {"count": 0}, "contact": {}, "firstName": "Kaiwen", "gender": "male", "lastName": "Ng", "id": "6778647", "bio": "", "photo": {"prefix": "https://igx.4sqi.net/img/user/", "suffix": "/1OEFDINL1XQN5MO4.jpg"}, "homeCity": "Singapore", "lists": {"groups": [{"items": [], "count": 2, "type": "created"}]}}, {"tips": {"count": 1}, "contact": {}, "firstName": "Telvin", "gender": "male", "lastName": "Tan", "id": "6621952", "bio": "", "photo": {"prefix": "https://igx.4sqi.net/img/user/", "suffix": "/KR5CIHV44AEW2MOS.jpg"}, "homeCity": "Singapore", "lists": {"groups": [{"items": [], "count": 2, "type": "created"}]}}, {"tips": {"count": 0}, "contact": {"facebook": "1745814223"}, "firstName": "Fabian", "gender": "male", "lastName": "Fyckyous", "id": "4377978", "bio": "", "photo": {"prefix": "https://igx.4sqi.net/img/user/", "suffix": "/FQAFVKWDA3ZKRX42.jpg"}, "homeCity": "Singapore", "lists": {"groups": [{"items": [], "count": 2, "type": "created"}]}}, {"tips": {"count": 0}, "contact": {"facebook": "689751686"}, "firstName": "Shelonshawn", "gender": "male", "lastName": "Ngoh", "id": "4270885", "bio": "", "photo": {"prefix": "https://igx.4sqi.net/img/user/", "suffix": "/YDBE32RAMMXWT4BC.jpg"}, "homeCity": "Singapore", "lists": {"groups": [{"items": [], "count": 2, "type": "created"}]}}, {"tips": {"count": 1}, "contact": {"facebook": "714068653"}, "firstName": "Darren", "gender": "male", "lastName": "Peh", "id": "5444738", "bio": "", "photo": {"prefix": "https://igx.4sqi.net/img/user/", "suffix": "/OFA2Y5BHO4K1PEE3.jpg"}, "homeCity": "Singapore", "lists": {"groups": [{"items": [], "count": 2, "type": "created"}]}}, {"tips": {"count": 15}, "contact": {"facebook": "651479324"}, "firstName": "Raymas", "gender": "male", "lastName": "Liew", "id": "1867395", "bio": "", "photo": {"prefix": "https://igx.4sqi.net/img/user/", "suffix": "/ASTG03LVFUA44BHT.jpg"}, "homeCity": "Singapore", "lists": {"groups": [{"items": [], "count": 2, "type": "created"}]}}, {"tips": {"count": 1}, "contact": {"facebook": "760257969"}, "firstName": "Raymond", "gender": "male", "lastName": "Goh", "id": "4241566", "bio": "", "photo": {"prefix": "https://igx.4sqi.net/img/user/", "suffix": "/JRZIIOAVYO11GEZV.jpg"}, "homeCity": "Singapore", "lists": {"groups": [{"items": [], "count": 2, "type": "created"}]}}, {"tips": {"count": 0}, "contact": {"twitter": "alvhosw", "facebook": "100003483222192"}, "firstName": "Alvin", "gender": "male", "lastName": "Ho", "id": "2921563", "bio": "", "photo": {"prefix": "https://igx.4sqi.net/img/user/", "suffix": "/2921563-S3A1CYKIXFQ3ROQW.jpg"}, "homeCity": "Singapore", "lists": {"groups": [{"items": [], "count": 2, "type": "created"}]}}, {"tips": {"count": 2}, "contact": {}, "firstName": "Talos", "gender": "male", "lastName": "Tan", "id": "189799", "bio": "", "photo": {"prefix": "https://igx.4sqi.net/img/user/", "suffix": "/42PFOKI3ANMQFUGL.jpg"}, "homeCity": "Marina Bay, Singapore", "lists": {"groups": [{"items": [], "count": 2, "type": "created"}]}}, {"tips": {"count": 0}, "contact": {"facebook": "625394740"}, "firstName": "Edison", "gender": "male", "lastName": "Choo", "id": "3456212", "bio": "", "photo": {"prefix": "https://igx.4sqi.net/img/user/", "suffix": "/ZJBSM3P1W5YR20AB.jpg"}, "homeCity": "Singapore, Yishun", "lists": {"groups": [{"items": [], "count": 2, "type": "created"}]}}, {"tips": {"count": 1}, "contact": {"facebook": "631772211"}, "firstName": "Anthony", "gender": "male", "lastName": "\u5764\u8fbe", "id": "1699756", "bio": "", "photo": {"prefix": "https://igx.4sqi.net/img/user/", "suffix": "/3HB2GRAVGNYG1CVC.jpg"}, "homeCity": "Singapore", "lists": {"groups": [{"items": [], "count": 2, "type": "created"}]}}, {"tips": {"count": 0}, "contact": {}, "firstName": "Joanna", "gender": "female", "lastName": "Lhy", "id": "11281625", "bio": "", "photo": {"prefix": "https://igx.4sqi.net/img/user/", "suffix": "/NGXA0B4TRL3VTTK0.jpg"}, "homeCity": "Singapore", "lists": {"groups": [{"items": [], "count": 2, "type": "created"}]}}, {"tips": {"count": 1}, "contact": {"twitter": "ahkeongg", "facebook": "1222351450"}, "firstName": "Boon", "gender": "male", "lastName": "Keong", "id": "3351253", "bio": "", "photo": {"prefix": "https://igx.4sqi.net/img/user/", "suffix": "/SAA3QT0D3PFIPC54.jpg"}, "homeCity": "Singapore", "lists": {"groups": [{"items": [], "count": 2, "type": "created"}]}}, {"tips": {"count": 8}, "contact": {"twitter": "nyixian", "facebook": "100003623291662"}, "firstName": "KylerNyixian", "gender": "male", "id": "4220709", "bio": "", "photo": {"prefix": "https://igx.4sqi.net/img/user/", "suffix": "/RALP0GEKDRU2UXNP.jpg"}, "homeCity": "Singapore", "lists": {"groups": [{"items": [], "count": 2, "type": "created"}]}}, {"tips": {"count": 5}, "contact": {"twitter": "ting_janet", "facebook": "1273283095"}, "firstName": "ting", "gender": "female", "lastName": "janet", "id": "1062345", "bio": "", "photo": {"prefix": "https://igx.4sqi.net/img/user/", "suffix": "/BBLEM335FYUTIPH3.jpg"}, "homeCity": "Singapore", "lists": {"groups": [{"items": [], "count": 2, "type": "created"}]}}, {"tips": {"count": 1}, "contact": {"twitter": "amwieena", "facebook": "100003235174732"}, "firstName": "Neena Darling\ue314", "gender": "female", "lastName": "\ue04f", "id": "2688393", "bio": "", "photo": {"prefix": "https://igx.4sqi.net/img/user/", "suffix": "/USJOVPEX3CY1ZMBX.jpg"}, "homeCity": "Singapore", "lists": {"groups": [{"items": [], "count": 2, "type": "created"}]}}, {"tips": {"count": 0}, "contact": {"facebook": "162311780774291"}, "firstName": "Esther", "gender": "female", "lastName": "Notyourxiong", "id": "139523235", "bio": "Not Your \u96c4", "photo": {"prefix": "https://igx.4sqi.net/img/user/", "suffix": "/139523235-04FYSEZAQBDZNE0Q.jpg"}, "homeCity": "Singapore, 00", "lists": {"groups": [{"items": [], "count": 2, "type": "created"}]}}, {"tips": {"count": 0}, "contact": {"facebook": "100000530610120"}, "firstName": "Living", "gender": "female", "id": "34640398", "bio": "", "photo": {"prefix": "https://igx.4sqi.net/img/user/", "suffix": "/R3KOMKD0IN4VQLCK.jpg"}, "homeCity": "New York, NY", "lists": {"groups": [{"items": [], "count": 2, "type": "created"}]}}, {"tips": {"count": 0}, "contact": {}, "firstName": "Sky", "gender": "male", "id": "4967878", "bio": "", "photo": {"prefix": "https://igx.4sqi.net/img/user/", "suffix": "/CRMRRU0BJCQ5GJKK.jpg"}, "homeCity": "Singapore", "lists": {"groups": [{"items": [], "count": 2, "type": "created"}]}}, {"tips": {"count": 0}, "contact": {"facebook": "691850249"}, "firstName": "Siow", "gender": "male", "lastName": "Zhibin", "id": "4364797", "bio": "", "photo": {"prefix": "https://igx.4sqi.net/img/user/", "suffix": "/FTGOM2PTJ1WFNA1O.jpg"}, "homeCity": "Singapore", "lists": {"groups": [{"items": [], "count": 2, "type": "created"}]}}, {"tips": {"count": 0}, "contact": {"twitter": "babyang3i"}, "firstName": "Heidi", "gender": "female", "lastName": "Goh", "id": "7046252", "bio": "", "photo": {"prefix": "https://igx.4sqi.net/img/user/", "suffix": "/EKTIB0ALPIKILPKG.jpg"}, "homeCity": "Singapore", "lists": {"groups": [{"items": [], "count": 2, "type": "created"}]}}, {"tips": {"count": 1}, "contact": {"facebook": "781560054"}, "firstName": "Mengxuan", "gender": "female", "lastName": "Ang", "id": "10607523", "bio": "", "photo": {"prefix": "https://igx.4sqi.net/img/user/", "suffix": "/0HWKUHFNM4FMLLN2.jpg"}, "homeCity": "Singapore", "lists": {"groups": [{"items": [], "count": 2, "type": "created"}]}}, {"tips": {"count": 0}, "contact": {}, "firstName": "Gary", "gender": "male", "lastName": "Chickenlittle", "id": "4676416", "bio": "", "photo": {"prefix": "https://igx.4sqi.net/img/user/", "suffix": "/RZK5FCVQB0T1UROI.jpg"}, "homeCity": "Singapore", "lists": {"groups": [{"items": [], "count": 2, "type": "created"}]}}, {"tips": {"count": 25}, "contact": {}, "firstName": "Angela", "gender": "female", "lastName": "Chew", "id": "4419337", "bio": "", "photo": {"prefix": "https://igx.4sqi.net/img/user/", "suffix": "/NKS5BAOFWGDZSLXP.jpg"}, "homeCity": "Singapore", "lists": {"groups": [{"items": [], "count": 2, "type": "created"}]}}, {"tips": {"count": 4}, "contact": {"facebook": "661543771"}, "firstName": "Jiahui", "gender": "male", "lastName": "Ihategoingdatcourse", "id": "5459678", "bio": "", "photo": {"prefix": "https://igx.4sqi.net/img/user/", "suffix": "/URB2PZQUP4NZMQ2N.jpg"}, "homeCity": "Singapore", "lists": {"groups": [{"items": [], "count": 2, "type": "created"}]}}, {"tips": {"count": 19}, "contact": {"facebook": "828890108"}, "firstName": "Ah", "gender": "male", "lastName": "Joo", "id": "1912369", "bio": "", "photo": {"prefix": "https://igx.4sqi.net/img/user/", "suffix": "/5PDOFKVFITZPTED3.jpg"}, "homeCity": "Tampines , Singapore", "lists": {"groups": [{"items": [], "count": 2, "type": "created"}]}}, {"tips": {"count": 0}, "contact": {"facebook": "100001914030702"}, "firstName": "PeaPeanut", "gender": "male", "lastName": "BohbeyZhao", "id": "4578201", "bio": "", "photo": {"prefix": "https://igx.4sqi.net/img/user/", "suffix": "/PNTGUOUOI2LOAR0T.jpg"}, "homeCity": "Singapore", "lists": {"groups": [{"items": [], "count": 2, "type": "created"}]}}, {"tips": {"count": 5}, "contact": {"facebook": "790890627"}, "firstName": "Kelvin", "gender": "male", "lastName": "Lee", "id": "3619953", "bio": "", "photo": {"prefix": "https://igx.4sqi.net/img/user/", "suffix": "/QCO30C5MNTZWJDSF.jpg"}, "homeCity": "Singapore", "lists": {"groups": [{"items": [], "count": 2, "type": "created"}]}}, {"tips": {"count": 0}, "contact": {"twitter": "zhilinglove", "facebook": "10206215537021503"}, "firstName": "Zhiling", "gender": "female", "lastName": "Kwan", "id": "134474947", "bio": "", "photo": {"prefix": "https://igx.4sqi.net/img/user/", "suffix": "/134474947_9sPzsjTS_X_MyZDdMS66_4PJXMJiWHfHt_xXgo6Dft3TvqQwJZ84d-ctvLfO44nSmiGQZiiwP.jpg"}, "homeCity": "Singapore", "lists": {"groups": [{"items": [], "count": 2, "type": "created"}]}}, {"tips": {"count": 0}, "contact": {"facebook": "1572281377"}, "firstName": "Davis", "gender": "male", "lastName": "Lee", "id": "3458291", "bio": "", "photo": {"prefix": "https://igx.4sqi.net/img/user/", "suffix": "/O2WD3JIZRAV5QN3F.jpg"}, "homeCity": "Singapore", "lists": {"groups": [{"items": [], "count": 2, "type": "created"}]}}, {"tips": {"count": 3}, "contact": {"twitter": "mbeeeps", "facebook": "1195056603"}, "firstName": "Bebeb", "gender": "female", "lastName": "Siy", "id": "1702510", "bio": "", "photo": {"prefix": "https://igx.4sqi.net/img/user/", "suffix": "/2WICLGMYIT5FHBK4.jpg"}, "homeCity": "Jakarta Capital Region, Jakarta Capital Regi", "lists": {"groups": [{"items": [], "count": 2, "type": "created"}]}}, {"tips": {"count": 0}, "contact": {"twitter": "ic3l3mont3a", "facebook": "100001722240788"}, "firstName": "Andy", "gender": "male", "lastName": "Teo", "id": "3538070", "bio": "", "photo": {"prefix": "https://igx.4sqi.net/img/user/", "suffix": "/JUJFNRXX1K3ZUEK2.jpg"}, "homeCity": "Singapore", "lists": {"groups": [{"items": [], "count": 2, "type": "created"}]}}, {"tips": {"count": 0}, "contact": {}, "firstName": "Hashim", "gender": "male", "lastName": "Habib", "id": "4225001", "bio": "", "photo": {"prefix": "https://igx.4sqi.net/img/user/", "suffix": "/4225001-4FX2W4U2S35PRX3E.jpg"}, "homeCity": "Singapore", "lists": {"groups": [{"items": [], "count": 2, "type": "created"}]}}, {"tips": {"count": 1}, "contact": {"twitter": "smokinwallet", "facebook": "728813882"}, "firstName": "\u272fnoir\u272f", "gender": "female", "id": "1293490", "bio": "", "photo": {"prefix": "https://igx.4sqi.net/img/user/", "suffix": "/GXVPSSIRNHTMAGOX.jpg"}, "homeCity": "Singapore", "lists": {"groups": [{"items": [], "count": 2, "type": "created"}]}}, {"tips": {"count": 0}, "contact": {"twitter": "redhotluvz", "facebook": "100000073936241"}, "firstName": "\u271f: VTXY\u2661", "gender": "none", "id": "3292740", "bio": "I'm mysterious.", "photo": {"prefix": "https://igx.4sqi.net/img/user/", "suffix": "/CG01RUEDDFNAGMAB.jpg"}, "homeCity": "\u2661\u2661\u2661\u2661\u2661\u2661\u2661\u2661\u2661\u2661\u2661", "lists": {"groups": [{"items": [], "count": 2, "type": "created"}]}}, {"tips": {"count": 0}, "contact": {"twitter": "ngshujuan", "facebook": "658968890"}, "firstName": "Shu", "gender": "female", "lastName": "Juan", "id": "52689270", "bio": "", "photo": {"prefix": "https://igx.4sqi.net/img/user/", "suffix": "/01ISAUL5HXILIIEX.jpg"}, "homeCity": "Singapore, Singapore", "lists": {"groups": [{"items": [], "count": 2, "type": "created"}]}}, {"tips": {"count": 2}, "contact": {"twitter": "elizhaheho", "facebook": "10154970892534368"}, "firstName": "Eliz", "gender": "female", "lastName": "Haha", "id": "4774811", "bio": "", "photo": {"prefix": "https://igx.4sqi.net/img/user/", "suffix": "/4774811-BKZSNPABCR5TAMM3.jpg"}, "homeCity": "Singapore", "lists": {"groups": [{"items": [], "count": 2, "type": "created"}]}}, {"tips": {"count": 11}, "contact": {"facebook": "612799262"}, "firstName": "\ue240 Douglas", "gender": "male", "lastName": "Pay \u2764", "id": "7130339", "bio": "", "photo": {"prefix": "https://igx.4sqi.net/img/user/", "suffix": "/GISQPZKJMKSJNM1U.jpg"}, "homeCity": "Singapore", "lists": {"groups": [{"items": [], "count": 2, "type": "created"}]}}, {"tips": {"count": 0}, "contact": {"twitter": "seleneb2", "facebook": "580489642"}, "firstName": "Chan", "gender": "female", "lastName": "Selene", "id": "16286220", "bio": "", "photo": {"prefix": "https://igx.4sqi.net/img/user/", "suffix": "/I0JJF0BHDSBSNBLI.jpg"}, "homeCity": "Singapore", "lists": {"groups": [{"items": [], "count": 2, "type": "created"}]}}, {"tips": {"count": 0}, "contact": {}, "firstName": "wan", "gender": "male", "lastName": "sulaiman", "id": "7930227", "bio": "", "photo": {"prefix": "https://igx.4sqi.net/img/user/", "suffix": "/MUWNZVZIJC5IWL5J.jpg"}, "homeCity": "Singapore", "lists": {"groups": [{"items": [], "count": 2, "type": "created"}]}}, {"tips": {"count": 1}, "contact": {"facebook": "607341029"}, "firstName": "Ivan", "gender": "male", "id": "5815292", "bio": "", "photo": {"prefix": "https://igx.4sqi.net/img/user/", "suffix": "/RNU2GX21X4UCDS3I.jpg"}, "homeCity": "Singapore", "lists": {"groups": [{"items": [], "count": 2, "type": "created"}]}}, {"tips": {"count": 8}, "contact": {"facebook": "1351802111"}, "firstName": "Simon", "gender": "male", "lastName": "Pang", "id": "5563986", "bio": "", "photo": {"prefix": "https://igx.4sqi.net/img/user/", "suffix": "/M2AOGTQNNDTKAATG.jpg"}, "homeCity": "Singapore, tampines ", "lists": {"groups": [{"items": [], "count": 2, "type": "created"}]}}, {"tips": {"count": 0}, "contact": {"twitter": "novenlsd"}, "firstName": "NOVEN", "gender": "male", "id": "1991155", "bio": "", "photo": {"prefix": "https://igx.4sqi.net/img/user/", "suffix": "/53ZOYNE231OIMHST.jpg"}, "homeCity": "Amsterdance", "lists": {"groups": [{"items": [], "count": 2, "type": "created"}]}}, {"tips": {"count": 0}, "contact": {}, "firstName": "Kane", "gender": "male", "lastName": "Ong", "id": "5376732", "bio": "", "photo": {"prefix": "https://igx.4sqi.net/img/user/", "suffix": "/ALCDHR03MKC1QTVU.jpg"}, "homeCity": "Singapore", "lists": {"groups": [{"items": [], "count": 2, "type": "created"}]}}, {"tips": {"count": 0}, "contact": {"facebook": "618333250"}, "firstName": "ChristopherKwek", "gender": "male", "id": "3635137", "bio": "", "photo": {"prefix": "https://igx.4sqi.net/img/user/", "suffix": "/DHJCI3UEFDNNX15E.jpg"}, "homeCity": "Singapore", "lists": {"groups": [{"items": [], "count": 2, "type": "created"}]}}, {"tips": {"count": 3}, "contact": {}, "firstName": "Daniel", "gender": "male", "lastName": "Goh", "id": "5396163", "bio": "", "photo": {"prefix": "https://igx.4sqi.net/img/user/", "suffix": "/ERAX3V3BGZDVCDJ2.jpg"}, "homeCity": "Singapore", "lists": {"groups": [{"items": [], "count": 2, "type": "created"}]}}, {"tips": {"count": 5}, "contact": {"twitter": "fresh7788", "facebook": "628955359"}, "firstName": "Kristeena", "gender": "female", "lastName": "Yap", "id": "2997790", "bio": "", "photo": {"prefix": "https://igx.4sqi.net/img/user/", "suffix": "/JTNMI1TAUVYHCBTH.jpg"}, "homeCity": "Singapore", "lists": {"groups": [{"items": [], "count": 2, "type": "created"}]}}, {"tips": {"count": 6}, "contact": {"twitter": "xo_lurver", "facebook": "534728229"}, "firstName": "brendy", "gender": "female", "lastName": "tan", "id": "3548817", "bio": "", "photo": {"prefix": "https://igx.4sqi.net/img/user/", "suffix": "/XPVWPQGJSK0CA521.jpg"}, "homeCity": "Singapore", "lists": {"groups": [{"items": [], "count": 2, "type": "created"}]}}, {"tips": {"count": 4}, "contact": {"facebook": "100001076622455"}, "firstName": "Jack", "gender": "male", "lastName": "Froze", "id": "4860239", "bio": "", "photo": {"prefix": "https://igx.4sqi.net/img/user/", "suffix": "/I0AU3KVBX54JTJ2Y.png"}, "homeCity": "Singapore", "lists": {"groups": [{"items": [], "count": 2, "type": "created"}]}}, {"tips": {"count": 1}, "contact": {}, "firstName": "Anthony", "gender": "male", "id": "1508041", "bio": "", "photo": {"prefix": "https://igx.4sqi.net/img/user/", "suffix": "/31JATWM2ZJ0QZZ14.jpg"}, "homeCity": "Singapore", "lists": {"groups": [{"items": [], "count": 2, "type": "created"}]}}, {"tips": {"count": 0}, "contact": {"facebook": "1673388553"}, "firstName": "Nigel", "gender": "male", "lastName": "Tang", "id": "3392893", "bio": "", "photo": {"prefix": "https://igx.4sqi.net/img/user/", "suffix": "/blank_boy.png", "default": true}, "homeCity": "Singapore", "lists": {"groups": [{"items": [], "count": 2, "type": "created"}]}}, {"tips": {"count": 2}, "contact": {"twitter": "breadlyjonathan", "facebook": "562525891"}, "firstName": "Bradley", "gender": "male", "lastName": "Jonathan", "id": "4782979", "bio": "", "photo": {"prefix": "https://igx.4sqi.net/img/user/", "suffix": "/IKC242QOLUWXNBFB.jpg"}, "homeCity": "Singapore", "lists": {"groups": [{"items": [], "count": 2, "type": "created"}]}}, {"tips": {"count": 0}, "contact": {"facebook": "639768317"}, "firstName": "Fiona", "gender": "female", "lastName": ".L", "id": "11714539", "bio": "", "photo": {"prefix": "https://igx.4sqi.net/img/user/", "suffix": "/NQ31DNMGW2F0WZ0N.jpg"}, "homeCity": "Singapore", "lists": {"groups": [{"items": [], "count": 2, "type": "created"}]}}, {"tips": {"count": 2}, "contact": {"facebook": "100004067414529"}, "firstName": "Anto", "gender": "male", "lastName": "Wong", "id": "38528171", "bio": "", "photo": {"prefix": "https://igx.4sqi.net/img/user/", "suffix": "/PH34DBF5BZXTWU23.jpg"}, "homeCity": "Singapore", "lists": {"groups": [{"items": [], "count": 2, "type": "created"}]}}, {"tips": {"count": 0}, "contact": {"facebook": "699157405"}, "firstName": "Lim", "gender": "male", "lastName": "Boon Keong", "id": "10045620", "bio": "", "photo": {"prefix": "https://igx.4sqi.net/img/user/", "suffix": "/YQUNODNIL1Q2P5ZX.jpg"}, "homeCity": "Singapore", "lists": {"groups": [{"items": [], "count": 2, "type": "created"}]}}, {"tips": {"count": 0}, "contact": {}, "firstName": "Lee", "gender": "female", "lastName": "Wenxuan", "id": "6674510", "bio": "", "photo": {"prefix": "https://igx.4sqi.net/img/user/", "suffix": "/GU1Y3FEJFTHVNH0K.jpg"}, "homeCity": "New York, NY", "lists": {"groups": [{"items": [], "count": 2, "type": "created"}]}}, {"tips": {"count": 0}, "contact": {"twitter": "oojovioo", "facebook": "1686052348"}, "firstName": "Jovina", "gender": "female", "lastName": "Chia", "id": "5697773", "bio": "", "photo": {"prefix": "https://igx.4sqi.net/img/user/", "suffix": "/FHZ1ERNC0NGO5UKY.jpg"}, "homeCity": "Singapore", "lists": {"groups": [{"items": [], "count": 2, "type": "created"}]}}, {"tips": {"count": 2}, "contact": {"facebook": "665455450"}, "firstName": "AKSZ", "gender": "male", "id": "2001909", "bio": "", "photo": {"prefix": "https://igx.4sqi.net/img/user/", "suffix": "/LNLBO3MNVK4RPKIG.jpg"}, "homeCity": "Singapore", "lists": {"groups": [{"items": [], "count": 2, "type": "created"}]}}, {"tips": {"count": 0}, "contact": {"facebook": "550033218"}, "firstName": "Faith", "gender": "female", "lastName": "Guo", "id": "5703699", "bio": "", "photo": {"prefix": "https://igx.4sqi.net/img/user/", "suffix": "/ZXDPUG0VTZ353KKA.jpg"}, "homeCity": "Singapore", "lists": {"groups": [{"items": [], "count": 2, "type": "created"}]}}, {"tips": {"count": 0}, "contact": {"facebook": "688072081"}, "firstName": "Gina", "gender": "female", "lastName": "Kuan", "id": "4511268", "bio": "", "photo": {"prefix": "https://igx.4sqi.net/img/user/", "suffix": "/YXRRKRB2MM2CJK5X.jpg"}, "homeCity": "Singapore", "lists": {"groups": [{"items": [], "count": 2, "type": "created"}]}}, {"tips": {"count": 0}, "contact": {"twitter": "vanzyourmama", "facebook": "1222623095"}, "firstName": "Jeanelle", "gender": "female", "lastName": "Yourmama", "id": "9165383", "bio": "", "photo": {"prefix": "https://igx.4sqi.net/img/user/", "suffix": "/OJ5VFBLVVTTBT3EN.jpg"}, "homeCity": "Singapore", "lists": {"groups": [{"items": [], "count": 2, "type": "created"}]}}, {"tips": {"count": 17}, "contact": {"twitter": "lovefucklust", "facebook": "10154862629685618"}, "firstName": "Chrissy", "gender": "male", "lastName": "Pooh", "id": "4821775", "bio": "I drive, sing, eat, basketball, movie, iPhone and Facebook.", "photo": {"prefix": "https://igx.4sqi.net/img/user/", "suffix": "/4821775-BLG3LYDMSLREUJRG.jpg"}, "homeCity": "Singapore", "lists": {"groups": [{"items": [], "count": 2, "type": "created"}]}}, {"tips": {"count": 2}, "contact": {"twitter": "kisslikewhiskey"}, "firstName": "Kathy Lem", "gender": "female", "id": "4930314", "bio": "Family\u2764. Hello Kitty\u2764.", "photo": {"prefix": "https://igx.4sqi.net/img/user/", "suffix": "/EGASZ3MYTF22PVG0.jpg"}, "homeCity": "SGTH", "lists": {"groups": [{"items": [], "count": 2, "type": "created"}]}}, {"tips": {"count": 0}, "contact": {"facebook": "100000402790593"}, "firstName": "Jun Xiang", "gender": "male", "lastName": "Hah", "id": "4861183", "bio": "", "photo": {"prefix": "https://igx.4sqi.net/img/user/", "suffix": "/XMH13TZGCUZEKR32.jpg"}, "homeCity": "Singapore", "lists": {"groups": [{"items": [], "count": 2, "type": "created"}]}}, {"tips": {"count": 4}, "contact": {}, "firstName": "Lisa", "gender": "female", "lastName": "L.", "id": "1830362", "bio": "", "photo": {"prefix": "https://igx.4sqi.net/img/user/", "suffix": "/IK1JBYHPKPRNABQD.jpg"}, "homeCity": "Tampines, Singapore", "lists": {"groups": [{"items": [], "count": 2, "type": "created"}]}}, {"tips": {"count": 0}, "contact": {"facebook": "570801736"}, "firstName": "Angeline", "gender": "female", "lastName": "Tan", "id": "3396681", "bio": "", "photo": {"prefix": "https://igx.4sqi.net/img/user/", "suffix": "/SSOP1CDVIVS3SIFQ.jpg"}, "homeCity": "Singapore", "lists": {"groups": [{"items": [], "count": 2, "type": "created"}]}}, {"tips": {"count": 0}, "contact": {"twitter": "wingsinme"}, "firstName": "Bakhtiar", "gender": "male", "lastName": "Andy", "id": "4841597", "bio": "", "photo": {"prefix": "https://igx.4sqi.net/img/user/", "suffix": "/LSG0T1JMRBDAHZGH.jpg"}, "homeCity": "New York, NY", "lists": {"groups": [{"items": [], "count": 2, "type": "created"}]}}, {"tips": {"count": 1}, "contact": {"twitter": "jarylftwz_", "facebook": "1263234300"}, "firstName": "jaryl", "gender": "male", "lastName": "tan", "id": "11847255", "bio": "", "photo": {"prefix": "https://igx.4sqi.net/img/user/", "suffix": "/11847255-TVA2A33J5RVMIDY5.jpg"}, "homeCity": "Bangkok Thailand ", "lists": {"groups": [{"items": [], "count": 2, "type": "created"}]}}, {"tips": {"count": 0}, "contact": {"twitter": "cherylkohh", "facebook": "1650884929"}, "firstName": "Cheryl", "gender": "female", "lastName": "Koh", "id": "40478175", "bio": "", "photo": {"prefix": "https://igx.4sqi.net/img/user/", "suffix": "/40478175-O5B1BNBJN3QDWYTQ.jpg"}, "homeCity": "+65 \u2600", "lists": {"groups": [{"items": [], "count": 2, "type": "created"}]}}, {"tips": {"count": 1}, "contact": {"facebook": "100000199264439"}, "firstName": "Aw", "gender": "female", "lastName": "Angela", "id": "17120739", "bio": "", "photo": {"prefix": "https://igx.4sqi.net/img/user/", "suffix": "/17120739-N0Z13F4BGWCNMD4D.jpg"}, "homeCity": "Singapore", "lists": {"groups": [{"items": [], "count": 2, "type": "created"}]}}, {"tips": {"count": 0}, "contact": {"facebook": "715293099"}, "firstName": "Ace", "gender": "male", "lastName": "OngJJ", "id": "8599021", "bio": "", "photo": {"prefix": "https://igx.4sqi.net/img/user/", "suffix": "/BCCCSRXKOLVZW5SP.jpg"}, "homeCity": "Singapore", "lists": {"groups": [{"items": [], "count": 2, "type": "created"}]}}, {"tips": {"count": 7}, "contact": {"twitter": "eyscxz"}, "firstName": "Elena", "gender": "female", "lastName": "Yue", "id": "5756884", "bio": "", "photo": {"prefix": "https://igx.4sqi.net/img/user/", "suffix": "/LRWZEO1RFNOCRAK4.jpg"}, "homeCity": "Singapore", "lists": {"groups": [{"items": [], "count": 2, "type": "created"}]}}, {"tips": {"count": 1}, "contact": {"facebook": "698497578"}, "firstName": "Jiaxin", "gender": "female", "lastName": "Foong", "id": "2185595", "bio": "", "photo": {"prefix": "https://igx.4sqi.net/img/user/", "suffix": "/1PXSSQAD14J3TKYB.jpg"}, "homeCity": "Bishan, Singapore", "lists": {"groups": [{"items": [], "count": 2, "type": "created"}]}}, {"tips": {"count": 1}, "contact": {"twitter": "stainedlovee", "facebook": "527084603"}, "firstName": "chua", "gender": "female", "lastName": "shuting", "id": "5092835", "bio": "", "photo": {"prefix": "https://igx.4sqi.net/img/user/", "suffix": "/TMYYBGJIYAPYA0GF.jpg"}, "homeCity": "Singapore", "lists": {"groups": [{"items": [], "count": 2, "type": "created"}]}}, {"tips": {"count": 0}, "contact": {"facebook": "1019030616"}, "firstName": "EILEEN", "gender": "female", "lastName": "TAN", "id": "63079192", "bio": "", "photo": {"prefix": "https://igx.4sqi.net/img/user/", "suffix": "/KX0LDN5NMK5IPXOE.jpg"}, "homeCity": "Singapore", "lists": {"groups": [{"items": [], "count": 2, "type": "created"}]}}, {"tips": {"count": 0}, "contact": {}, "firstName": "Peanutt", "gender": "male", "lastName": "Vamipre", "id": "11266610", "bio": "", "photo": {"prefix": "https://igx.4sqi.net/img/user/", "suffix": "/DB5PFEW4TV1WK2CL.jpg"}, "homeCity": "Singapore", "lists": {"groups": [{"items": [], "count": 2, "type": "created"}]}}, {"tips": {"count": 0}, "contact": {}, "firstName": "Teck wee", "gender": "male", "lastName": "Lim", "id": "8420613", "bio": "", "photo": {"prefix": "https://igx.4sqi.net/img/user/", "suffix": "/ZQONWCHGY5RENUIC.jpg"}, "homeCity": "Singapore", "lists": {"groups": [{"items": [], "count": 2, "type": "created"}]}}, {"tips": {"count": 21}, "contact": {"twitter": "kimberlymeagan", "facebook": "566901687"}, "firstName": "Kimberly", "gender": "female", "lastName": "Meagan", "id": "2174373", "bio": "", "photo": {"prefix": "https://igx.4sqi.net/img/user/", "suffix": "/XMGUJLHPER24XKRA.jpg"}, "homeCity": "Singapore, ", "lists": {"groups": [{"items": [], "count": 3, "type": "created"}]}}, {"tips": {"count": 0}, "contact": {"twitter": "jetgoh", "facebook": "742244156"}, "firstName": "Jet", "gender": "male", "lastName": "Goh", "id": "3440937", "bio": "", "photo": {"prefix": "https://igx.4sqi.net/img/user/", "suffix": "/SGA1UBQN4TKELLRA.jpg"}, "homeCity": "Singapore", "lists": {"groups": [{"items": [], "count": 2, "type": "created"}]}}, {"tips": {"count": 3}, "contact": {"twitter": "pasir_ris"}, "firstName": "Pasir Ris", "gender": "female", "lastName": "Singapore", "id": "6181607", "bio": "", "photo": {"prefix": "https://igx.4sqi.net/img/user/", "suffix": "/XTTX4DH0P1LMFSKQ.jpg"}, "homeCity": "Singapore", "lists": {"groups": [{"items": [], "count": 2, "type": "created"}]}}, {"tips": {"count": 0}, "contact": {"twitter": "isasxz", "facebook": "1773811658"}, "firstName": "HuiMin", "gender": "female", "lastName": "Tan", "id": "10788657", "bio": "", "photo": {"prefix": "https://igx.4sqi.net/img/user/", "suffix": "/0QWGVSR0DZNDD035.jpg"}, "homeCity": "Singapore", "lists": {"groups": [{"items": [], "count": 2, "type": "created"}]}}, {"tips": {"count": 17}, "contact": {"facebook": "694860793"}, "firstName": "Chia", "gender": "male", "lastName": "Waikiat", "id": "5819941", "bio": "", "photo": {"prefix": "https://igx.4sqi.net/img/user/", "suffix": "/LTMRU3TPAOVJ3OXZ.jpg"}, "homeCity": "Singapore", "lists": {"groups": [{"items": [], "count": 2, "type": "created"}]}}, {"tips": {"count": 2}, "contact": {"twitter": "djtok", "facebook": "519495226"}, "firstName": "DJ Daniel", "gender": "male", "lastName": "Tok", "id": "2465157", "bio": "", "photo": {"prefix": "https://igx.4sqi.net/img/user/", "suffix": "/XBBOX4OJTY2RMMEN.jpg"}, "homeCity": "Singapore", "lists": {"groups": [{"items": [], "count": 2, "type": "created"}]}}, {"tips": {"count": 1}, "contact": {}, "firstName": "Melvin", "gender": "male", "id": "5094119", "bio": "", "photo": {"prefix": "https://igx.4sqi.net/img/user/", "suffix": "/C153FI3F31KE1JYK.jpg"}, "homeCity": "Singapore", "lists": {"groups": [{"items": [], "count": 2, "type": "created"}]}}, {"tips": {"count": 0}, "contact": {"twitter": "tzeannn", "facebook": "978842115542417"}, "firstName": "Tzean", "gender": "male", "lastName": "Lim", "id": "118299873", "bio": "", "photo": {"prefix": "https://igx.4sqi.net/img/user/", "suffix": "/118299873-QNTS34B23JINWKVC.jpg"}, "homeCity": "Singapore", "lists": {"groups": [{"items": [], "count": 2, "type": "created"}]}}, {"tips": {"count": 0}, "contact": {"twitter": "wilsonstifler", "facebook": "1209920772369616"}, "firstName": "WilsonSzh", "gender": "male", "lastName": "Yolo", "id": "85705322", "bio": "", "photo": {"prefix": "https://igx.4sqi.net/img/user/", "suffix": "/85705322-KJCV5YEZNZYDJLEQ.jpg"}, "homeCity": "Singapore", "lists": {"groups": [{"items": [], "count": 2, "type": "created"}]}}, {"tips": {"count": 1}, "contact": {"facebook": "655731604"}, "firstName": "Joy", "gender": "female", "lastName": "M", "id": "2424639", "bio": "", "photo": {"prefix": "https://igx.4sqi.net/img/user/", "suffix": "/NY32OWWNJ04DRX1C.jpg"}, "homeCity": "Singapore", "lists": {"groups": [{"items": [], "count": 2, "type": "created"}]}}, {"tips": {"count": 0}, "contact": {"twitter": "angie_laq", "facebook": "660732460"}, "firstName": "Angie", "gender": "female", "lastName": "Anqi", "id": "3505930", "bio": "", "photo": {"prefix": "https://igx.4sqi.net/img/user/", "suffix": "/FGJRHOELC3N04YX0.jpg"}, "homeCity": "Singapore", "lists": {"groups": [{"items": [], "count": 2, "type": "created"}]}}, {"tips": {"count": 0}, "contact": {}, "firstName": "Sally", "gender": "female", "lastName": "Kelvin", "id": "6219510", "bio": "", "photo": {"prefix": "https://igx.4sqi.net/img/user/", "suffix": "/K5MHRXSVTEDOV13Z.jpg"}, "homeCity": "New York, NY", "lists": {"groups": [{"items": [], "count": 2, "type": "created"}]}}, {"tips": {"count": 0}, "contact": {"twitter": "karenliew", "facebook": "10154510721177977"}, "firstName": "Karen", "gender": "female", "lastName": "Liew", "id": "19392436", "bio": "", "photo": {"prefix": "https://igx.4sqi.net/img/user/", "suffix": "/2XNAWTU1PX5TAJQX.jpg"}, "homeCity": "Singapore", "lists": {"groups": [{"items": [], "count": 2, "type": "created"}]}}, {"tips": {"count": 0}, "contact": {"twitter": "peiwenlum", "facebook": "1742629105"}, "firstName": "Peiwen", "gender": "female", "lastName": "Lum", "id": "5891938", "bio": "", "photo": {"prefix": "https://igx.4sqi.net/img/user/", "suffix": "/RYZEM2PPUWO2HV1Z.jpg"}, "homeCity": "Singapore", "lists": {"groups": [{"items": [], "count": 2, "type": "created"}]}}, {"tips": {"count": 17}, "contact": {"twitter": "sihuahuahua", "facebook": "716103473"}, "firstName": "SiHua", "gender": "female", "lastName": "HuaHua", "id": "2626702", "bio": "", "photo": {"prefix": "https://igx.4sqi.net/img/user/", "suffix": "/CXY3C5NZACSULHV3.jpg"}, "homeCity": "Singapore", "lists": {"groups": [{"items": [], "count": 2, "type": "created"}]}}, {"tips": {"count": 1}, "contact": {"twitter": "melvinlow85", "facebook": "624980940"}, "firstName": "Melvin", "gender": "male", "lastName": "Low", "id": "15910600", "bio": "", "photo": {"prefix": "https://igx.4sqi.net/img/user/", "suffix": "/XVP3RRZK4WPVXR3Y.jpg"}, "homeCity": "NY", "lists": {"groups": [{"items": [], "count": 2, "type": "created"}]}}, {"tips": {"count": 0}, "contact": {"twitter": "inksaddict", "facebook": "100000183325245"}, "firstName": "NG", "gender": "male", "lastName": "CHEE NGEE", "id": "87153996", "bio": "", "photo": {"prefix": "https://igx.4sqi.net/img/user/", "suffix": "/87153996-KAIBD2P52V5QAFOX.jpg"}, "homeCity": "Singapore", "lists": {"groups": [{"items": [], "count": 2, "type": "created"}]}}, {"tips": {"count": 4}, "contact": {"twitter": "alan_taylor92", "facebook": "523388807"}, "firstName": "Alan", "gender": "male", "lastName": "Doritos", "id": "2578897", "bio": "", "photo": {"prefix": "https://igx.4sqi.net/img/user/", "suffix": "/5GRDBI3HO3XFH3ZD.jpg"}, "homeCity": "Singapore", "lists": {"groups": [{"items": [], "count": 2, "type": "created"}]}}, {"tips": {"count": 0}, "contact": {"twitter": "leviniacher", "facebook": "675989542"}, "firstName": "Levinia", "gender": "female", "lastName": "Cher", "id": "3860641", "bio": "", "photo": {"prefix": "https://igx.4sqi.net/img/user/", "suffix": "/DIOJWHSBCMKOCXEB.jpg"}, "homeCity": "Singapore", "lists": {"groups": [{"items": [], "count": 2, "type": "created"}]}}, {"tips": {"count": 1}, "contact": {"facebook": "632309386"}, "firstName": "Chua", "gender": "male", "lastName": "Keng chin", "id": "6267266", "bio": "", "photo": {"prefix": "https://igx.4sqi.net/img/user/", "suffix": "/JHVMWIZ0OKIEOLNJ.jpg"}, "homeCity": "Singapore", "lists": {"groups": [{"items": [], "count": 2, "type": "created"}]}}, {"tips": {"count": 0}, "contact": {"twitter": "chuah_limei", "facebook": "740024772"}, "firstName": "Chuah", "gender": "female", "lastName": "Mei", "id": "19396252", "bio": "", "photo": {"prefix": "https://igx.4sqi.net/img/user/", "suffix": "/P3BD30LNRDE4N4Q1.jpg"}, "homeCity": "Singapore", "lists": {"groups": [{"items": [], "count": 2, "type": "created"}]}}, {"tips": {"count": 0}, "contact": {"facebook": "743193369"}, "firstName": "Ng", "gender": "male", "lastName": "Richard", "id": "6111483", "bio": "", "photo": {"prefix": "https://igx.4sqi.net/img/user/", "suffix": "/BWOI3IPFIVHPJIVT.jpg"}, "homeCity": "Singapore", "lists": {"groups": [{"items": [], "count": 2, "type": "created"}]}}, {"tips": {"count": 2}, "contact": {}, "firstName": "Eileen", "gender": "female", "id": "2965645", "bio": "", "photo": {"prefix": "https://igx.4sqi.net/img/user/", "suffix": "/GRIWSF5U3IPYSXGY.jpg"}, "homeCity": "Singapore", "lists": {"groups": [{"items": [], "count": 2, "type": "created"}]}}, {"tips": {"count": 14}, "contact": {"facebook": "10154536550909271"}, "firstName": "AnDy", "gender": "male", "lastName": "Chua", "id": "20527758", "bio": "", "photo": {"prefix": "https://igx.4sqi.net/img/user/", "suffix": "/TG1SD4OUVH0ACJ44.jpg"}, "homeCity": "Singapore", "lists": {"groups": [{"items": [], "count": 2, "type": "created"}]}}, {"tips": {"count": 0}, "contact": {}, "firstName": "Jin Cheng", "gender": "male", "lastName": "Pang", "id": "2786419", "bio": "", "photo": {"prefix": "https://igx.4sqi.net/img/user/", "suffix": "/PHYYNHXEYW0Q1FFW.jpg"}, "homeCity": "Singapore", "lists": {"groups": [{"items": [], "count": 2, "type": "created"}]}}, {"tips": {"count": 0}, "contact": {}, "firstName": "hasbi", "gender": "male", "lastName": "bie", "id": "3862413", "bio": "", "photo": {"prefix": "https://igx.4sqi.net/img/user/", "suffix": "/UBMG4M2KUAMSZ3X5.jpg"}, "homeCity": "Kuching, Malaysia", "lists": {"groups": [{"items": [], "count": 2, "type": "created"}]}}, {"tips": {"count": 0}, "contact": {"twitter": "rustjuke", "facebook": "604424020"}, "firstName": "\uac10\uc815\uc758", "gender": "female", "lastName": "\uc5ec\uc655", "id": "7830537", "bio": "", "photo": {"prefix": "https://igx.4sqi.net/img/user/", "suffix": "/AZZDFWFCH22SXA0E.jpg"}, "homeCity": "Singapore", "lists": {"groups": [{"items": [], "count": 2, "type": "created"}]}}, {"tips": {"count": 0}, "contact": {"twitter": "jiamingxx33", "facebook": "681584326"}, "firstName": "Annyeonghaseyo", "gender": "male", "lastName": "JiaMing", "id": "23931181", "bio": "", "photo": {"prefix": "https://igx.4sqi.net/img/user/", "suffix": "/TWSHMXMQ3KMVB0BH.jpg"}, "homeCity": "New York, NY", "lists": {"groups": [{"items": [], "count": 2, "type": "created"}]}}, {"tips": {"count": 12}, "contact": {"facebook": "1060136298"}, "firstName": "Gilyer", "gender": "male", "lastName": "Cabrera", "id": "7475680", "bio": "", "photo": {"prefix": "https://igx.4sqi.net/img/user/", "suffix": "/4PAZKJCBVEKLV3IV.jpg"}, "homeCity": "OC, California ", "lists": {"groups": [{"items": [], "count": 2, "type": "created"}]}}, {"tips": {"count": 0}, "contact": {"facebook": "688061870"}, "firstName": "Muhammad", "gender": "male", "lastName": "Muzzammil", "id": "3585413", "bio": "", "photo": {"prefix": "https://igx.4sqi.net/img/user/", "suffix": "/5YS5D4MJJRRGYUVK.jpg"}, "homeCity": "Singapore", "lists": {"groups": [{"items": [], "count": 2, "type": "created"}]}}, {"tips": {"count": 1}, "contact": {"facebook": "715696317"}, "firstName": "Eric", "gender": "male", "lastName": "Chia", "id": "3014167", "bio": "", "photo": {"prefix": "https://igx.4sqi.net/img/user/", "suffix": "/KXNTVSTOBASGW3PG.jpg"}, "homeCity": "Singapore", "lists": {"groups": [{"items": [], "count": 2, "type": "created"}]}}, {"tips": {"count": 0}, "contact": {"facebook": "608316579"}, "firstName": "Andy", "gender": "male", "lastName": "Guetta", "id": "3969970", "bio": "", "photo": {"prefix": "https://igx.4sqi.net/img/user/", "suffix": "/3IATXNSW5EIQYHDN.jpg"}, "homeCity": "Singapore", "lists": {"groups": [{"items": [], "count": 2, "type": "created"}]}}, {"tips": {"count": 0}, "contact": {"twitter": "kechongz"}, "firstName": "\u5353", "gender": "male", "lastName": "\u514b\u5d07", "id": "9989754", "bio": "", "photo": {"prefix": "https://igx.4sqi.net/img/user/", "suffix": "/DS1YTEXUIYYDFIWM.jpg"}, "homeCity": "Singapore", "lists": {"groups": [{"items": [], "count": 2, "type": "created"}]}}, {"tips": {"count": 0}, "contact": {"twitter": "jasmineley", "facebook": "929672400388019"}, "firstName": "Jasmine", "gender": "female", "lastName": "Oh", "id": "28982737", "bio": "\u264f\ufe0f", "photo": {"prefix": "https://igx.4sqi.net/img/user/", "suffix": "/28982737-SV53QC5QEPBA5YIZ.jpg"}, "homeCity": "Singapore", "lists": {"groups": [{"items": [], "count": 2, "type": "created"}]}}, {"tips": {"count": 0}, "contact": {"twitter": "kaiwenstifler", "facebook": "1362528193"}, "firstName": "Kaiwen", "gender": "male", "lastName": "Ng", "id": "13876600", "bio": "", "photo": {"prefix": "https://igx.4sqi.net/img/user/", "suffix": "/ZDIC1VXQFE43RGQE.jpg"}, "homeCity": "Singapore ", "lists": {"groups": [{"items": [], "count": 2, "type": "created"}]}}, {"tips": {"count": 0}, "contact": {"twitter": "noseybra", "facebook": "10153503594463020"}, "firstName": "Bryan", "gender": "male", "lastName": "Lee", "id": "3653297", "bio": "", "photo": {"prefix": "https://igx.4sqi.net/img/user/", "suffix": "/XGJVLON3WGARFPXC.jpg"}, "homeCity": "Singapore", "lists": {"groups": [{"items": [], "count": 2, "type": "created"}]}}, {"tips": {"count": 0}, "contact": {"twitter": "heartdeceiver", "facebook": "513334905"}, "firstName": "Candy", "gender": "female", "lastName": "Tan", "id": "3241433", "bio": "", "photo": {"prefix": "https://igx.4sqi.net/img/user/", "suffix": "/SCHT5JOUWV1MWUE5.jpg"}, "homeCity": "Singapore", "lists": {"groups": [{"items": [], "count": 2, "type": "created"}]}}, {"tips": {"count": 0}, "contact": {"facebook": "1631742696"}, "firstName": "Tan", "gender": "female", "lastName": "Angel", "id": "4037717", "bio": "", "photo": {"prefix": "https://igx.4sqi.net/img/user/", "suffix": "/Z1YCPIZHL54R4FEJ.jpg"}, "homeCity": "Singapore", "lists": {"groups": [{"items": [], "count": 2, "type": "created"}]}}, {"tips": {"count": 0}, "contact": {"twitter": "yiluan93", "facebook": "100003642443886"}, "firstName": "YiLuan", "gender": "female", "lastName": "Luvsomebody", "id": "40952277", "bio": "", "photo": {"prefix": "https://igx.4sqi.net/img/user/", "suffix": "/40952277-KT4MYMXO3VIJDZNK.jpg"}, "homeCity": "Singapore", "lists": {"groups": [{"items": [], "count": 2, "type": "created"}]}}, {"tips": {"count": 0}, "contact": {"facebook": "502475243"}, "firstName": "Tiing Tiing", "gender": "female", "lastName": "Borntobelove", "id": "30351204", "bio": "", "photo": {"prefix": "https://igx.4sqi.net/img/user/", "suffix": "/IRIBDGLM1LFU4WS1.jpg"}, "homeCity": "New York, NY", "lists": {"groups": [{"items": [], "count": 2, "type": "created"}]}}, {"tips": {"count": 0}, "contact": {"facebook": "1134954785"}, "firstName": "Candice", "gender": "female", "lastName": "Lee", "id": "3658189", "bio": "", "photo": {"prefix": "https://igx.4sqi.net/img/user/", "suffix": "/WBIY5B5DSKLI3QDF.jpg"}, "homeCity": "Singapore", "lists": {"groups": [{"items": [], "count": 2, "type": "created"}]}}, {"tips": {"count": 2}, "contact": {"twitter": "tiffpaddle"}, "firstName": "TIFF.", "gender": "female", "id": "3368935", "bio": "", "photo": {"prefix": "https://igx.4sqi.net/img/user/", "suffix": "/OIP2TKR4YLL3NR2Z.jpg"}, "homeCity": "Singapore", "lists": {"groups": [{"items": [], "count": 2, "type": "created"}]}}, {"tips": {"count": 0}, "contact": {"twitter": "jovelchua", "facebook": "803874814"}, "firstName": "Jovel", "gender": "female", "lastName": "Chua", "id": "4042715", "bio": "", "photo": {"prefix": "https://igx.4sqi.net/img/user/", "suffix": "/REIYKBZ2K2IMFL3U.jpg"}, "homeCity": "Singapore", "lists": {"groups": [{"items": [], "count": 2, "type": "created"}]}}, {"tips": {"count": 1}, "contact": {"facebook": "100001384338949"}, "firstName": "Roy", "gender": "male", "lastName": "Yeo", "id": "3735918", "bio": "", "photo": {"prefix": "https://igx.4sqi.net/img/user/", "suffix": "/OHG2YI44D1HUBFVV.jpg"}, "homeCity": "Singapore", "lists": {"groups": [{"items": [], "count": 2, "type": "created"}]}}, {"tips": {"count": 0}, "contact": {"facebook": "669980692"}, "firstName": "Jasmine", "gender": "female", "lastName": "Wong", "id": "3378397", "bio": "", "photo": {"prefix": "https://igx.4sqi.net/img/user/", "suffix": "/FT11CLXNWA3FATHP.jpg"}, "homeCity": "Singapore", "lists": {"groups": [{"items": [], "count": 2, "type": "created"}]}}, {"tips": {"count": 0}, "contact": {"twitter": "baobbbao"}, "firstName": "WinnePhua", "gender": "female", "lastName": "UltraMan", "id": "4043011", "bio": "", "photo": {"prefix": "https://igx.4sqi.net/img/user/", "suffix": "/GM3D0R0PZZFZSYMY.jpg"}, "homeCity": "Singapore", "lists": {"groups": [{"items": [], "count": 2, "type": "created"}]}}, {"tips": {"count": 0}, "contact": {"facebook": "656963467"}, "firstName": "jessica", "gender": "female", "lastName": "tan", "id": "3951891", "bio": "", "photo": {"prefix": "https://igx.4sqi.net/img/user/", "suffix": "/S5RTQKOKBX2CMYJL.jpg"}, "homeCity": "Singapore", "lists": {"groups": [{"items": [], "count": 2, "type": "created"}]}}, {"tips": {"count": 1}, "contact": {"facebook": "755538686"}, "firstName": "Kael", "gender": "male", "lastName": "Teo", "id": "3982433", "bio": "", "photo": {"prefix": "https://igx.4sqi.net/img/user/", "suffix": "/OCRRL2H2RURI5JY4.jpg"}, "homeCity": "Singapore", "lists": {"groups": [{"items": [], "count": 2, "type": "created"}]}}, {"tips": {"count": 2}, "contact": {"twitter": "kellyychew", "facebook": "786713940"}, "firstName": "Kellyy", "gender": "female", "lastName": "Chew", "id": "4124610", "bio": "", "photo": {"prefix": "https://igx.4sqi.net/img/user/", "suffix": "/UFUWMUMNG5LO2GHF.jpg"}, "homeCity": "Singapore", "lists": {"groups": [{"items": [], "count": 2, "type": "created"}]}}, {"tips": {"count": 0}, "contact": {}, "firstName": "Tavis", "gender": "male", "lastName": "Loves", "id": "4657154", "bio": "", "photo": {"prefix": "https://igx.4sqi.net/img/user/", "suffix": "/I31T50AV4ELCYDDY.jpg"}, "homeCity": "New York, NY", "lists": {"groups": [{"items": [], "count": 2, "type": "created"}]}}, {"tips": {"count": 1}, "contact": {"facebook": "658502525"}, "firstName": "Brandon", "gender": "male", "lastName": "Xue", "id": "4435559", "bio": "", "photo": {"prefix": "https://igx.4sqi.net/img/user/", "suffix": "/ZZMWAX51SGNCI5XL.jpg"}, "homeCity": "Singapore", "lists": {"groups": [{"items": [], "count": 2, "type": "created"}]}}, {"tips": {"count": 0}, "contact": {"facebook": "644200129"}, "firstName": "Rachel", "gender": "female", "lastName": "Lee", "id": "4129149", "bio": "", "photo": {"prefix": "https://igx.4sqi.net/img/user/", "suffix": "/VHH3IFECF5OIDFE0.jpg"}, "homeCity": "Singapore", "lists": {"groups": [{"items": [], "count": 2, "type": "created"}]}}, {"tips": {"count": 0}, "contact": {"facebook": "1300430420"}, "firstName": "Ben", "gender": "male", "lastName": "Tan", "id": "4981286", "bio": "", "photo": {"prefix": "https://igx.4sqi.net/img/user/", "suffix": "/H1XWEEVTU43EYQWA.jpg"}, "homeCity": "Singapore", "lists": {"groups": [{"items": [], "count": 2, "type": "created"}]}}, {"tips": {"count": 0}, "contact": {"twitter": "nostalgiamemoir", "facebook": "100002547556040"}, "firstName": "Khelin", "gender": "female", "lastName": "\u0398\u03ac\u03bd\u03b1\u03c4\u03bf\u03c2", "id": "4594861", "bio": "", "photo": {"prefix": "https://igx.4sqi.net/img/user/", "suffix": "/C0CZ10CXF4HYOQYK.jpg"}, "homeCity": "Singapore", "lists": {"groups": [{"items": [], "count": 2, "type": "created"}]}}, {"tips": {"count": 0}, "contact": {"twitter": "doreamon_dor", "facebook": "724524326"}, "firstName": "Dor", "gender": "female", "lastName": "Dor", "id": "4135087", "bio": "", "photo": {"prefix": "https://igx.4sqi.net/img/user/", "suffix": "/4135087-XLNAYNZBKUTW3TB1.jpg"}, "homeCity": "Singapore", "lists": {"groups": [{"items": [], "count": 2, "type": "created"}]}}, {"tips": {"count": 8}, "contact": {"twitter": "percer_", "facebook": "10153960070813858"}, "firstName": "C.O", "gender": "female", "id": "5113652", "bio": "Askfm : @Cathypercer", "photo": {"prefix": "https://igx.4sqi.net/img/user/", "suffix": "/5113652-0BHSZGDTNL2KVSSO.jpg"}, "homeCity": "Singapore", "lists": {"groups": [{"items": [], "count": 2, "type": "created"}]}}, {"tips": {"count": 0}, "contact": {"twitter": "j3ear92"}, "firstName": "Gerald", "gender": "male", "lastName": "Wong", "id": "4731171", "bio": "", "photo": {"prefix": "https://igx.4sqi.net/img/user/", "suffix": "/UTZJELK4RO554DZB.jpg"}, "homeCity": "Singapore", "lists": {"groups": [{"items": [], "count": 2, "type": "created"}]}}, {"tips": {"count": 8}, "contact": {"twitter": "robingohguohua", "facebook": "745884124"}, "firstName": "Robin", "gender": "male", "lastName": "Goh", "id": "4142207", "bio": "", "photo": {"prefix": "https://igx.4sqi.net/img/user/", "suffix": "/UGNTOQHTJLA241BS.jpg"}, "homeCity": "Singapore", "lists": {"groups": [{"items": [], "count": 2, "type": "created"}]}}, {"tips": {"count": 0}, "contact": {}, "firstName": "PeaPeanut", "gender": "male", "lastName": "BohbeyZhao", "id": "8168520", "bio": "", "photo": {"prefix": "https://igx.4sqi.net/img/user/", "suffix": "/VSUKQVM3GSIBNM3Y.jpg"}, "homeCity": "Singapore", "lists": {"groups": [{"items": [], "count": 2, "type": "created"}]}}, {"tips": {"count": 0}, "contact": {"facebook": "100000109089226"}, "firstName": "Eva", "gender": "female", "lastName": "Liew", "id": "4737287", "bio": "", "photo": {"prefix": "https://igx.4sqi.net/img/user/", "suffix": "/ATFRUIE3112LR0K1.jpg"}, "homeCity": "Singapore", "lists": {"groups": [{"items": [], "count": 2, "type": "created"}]}}, {"tips": {"count": 1}, "contact": {"facebook": "696998894"}, "firstName": "Tan see kian", "gender": "male", "lastName": "Jerry", "id": "4695739", "bio": "", "photo": {"prefix": "https://igx.4sqi.net/img/user/", "suffix": "/UWAMBWBS2TO000K4.jpg"}, "homeCity": "Singapore", "lists": {"groups": [{"items": [], "count": 2, "type": "created"}]}}, {"tips": {"count": 1}, "contact": {"twitter": "bukkakemebaby"}, "firstName": "Bukkakemebaby", "gender": "male", "id": "9871044", "bio": "7'th heaven. \u2601\u2601", "photo": {"prefix": "https://igx.4sqi.net/img/user/", "suffix": "/2MGKZ34CEOWSH1J1.jpg"}, "homeCity": "New York, NY", "lists": {"groups": [{"items": [], "count": 2, "type": "created"}]}}, {"tips": {"count": 0}, "contact": {}, "firstName": "Carrisah\ud83d\ude0a", "gender": "female", "id": "5739136", "bio": "I'll come chasing back after you, c.kahho. \u2661", "photo": {"prefix": "https://igx.4sqi.net/img/user/", "suffix": "/5739136-2ZHK4JHIVGLVSOSK.jpg"}, "homeCity": "Singapore", "lists": {"groups": [{"items": [], "count": 2, "type": "created"}]}}, {"tips": {"count": 0}, "contact": {"facebook": "737150938"}, "firstName": "ZILING", "gender": "female", "lastName": "PHUA", "id": "4762043", "bio": "", "photo": {"prefix": "https://igx.4sqi.net/img/user/", "suffix": "/3YPMQQ5WDWZHULF5.jpg"}, "homeCity": "Singapore", "lists": {"groups": [{"items": [], "count": 2, "type": "created"}]}}, {"tips": {"count": 0}, "contact": {"twitter": "hazelflylikeag6", "facebook": "100000775834412"}, "firstName": "Hazel", "gender": "female", "lastName": "Ho", "id": "5750666", "bio": "", "photo": {"prefix": "https://igx.4sqi.net/img/user/", "suffix": "/3YFEJUOFYVCJES4G.jpg"}, "homeCity": "Singapore", "lists": {"groups": [{"items": [], "count": 2, "type": "created"}]}}, {"tips": {"count": 0}, "contact": {"twitter": "danieleky", "facebook": "664356856"}, "firstName": "Daniel", "gender": "male", "lastName": "E", "id": "5210663", "bio": "Looking !", "photo": {"prefix": "https://igx.4sqi.net/img/user/", "suffix": "/M1O4UULFU3GJNDCE.jpg"}, "homeCity": "Singapore", "lists": {"groups": [{"items": [], "count": 2, "type": "created"}]}}, {"tips": {"count": 0}, "contact": {}, "firstName": "Cheong", "gender": "male", "lastName": "Gary", "id": "7433756", "bio": "", "photo": {"prefix": "https://igx.4sqi.net/img/user/", "suffix": "/HIHQR1P4ZM4ZAWN2.jpg"}, "homeCity": "Singapore", "lists": {"groups": [{"items": [], "count": 2, "type": "created"}]}}, {"tips": {"count": 18}, "contact": {"facebook": "518858268"}, "firstName": "Desver", "gender": "male", "lastName": "Goh", "id": "5540238", "bio": "", "photo": {"prefix": "https://igx.4sqi.net/img/user/", "suffix": "/X5NMOMO4GMCCJY0E.jpg"}, "homeCity": "Singapore", "lists": {"groups": [{"items": [], "count": 2, "type": "created"}]}}, {"tips": {"count": 1}, "contact": {}, "firstName": "alvin", "gender": "male", "lastName": "chen", "id": "8702344", "bio": "", "photo": {"prefix": "https://igx.4sqi.net/img/user/", "suffix": "/2VZPZPCKIXCCAQ45.jpg"}, "homeCity": "Singapore", "lists": {"groups": [{"items": [], "count": 2, "type": "created"}]}}, {"tips": {"count": 0}, "contact": {}, "firstName": "Eileen", "gender": "female", "lastName": "Ting", "id": "5771777", "bio": "", "photo": {"prefix": "https://igx.4sqi.net/img/user/", "suffix": "/IUZVW5RMQCHQTBKK.jpg"}, "homeCity": "Singapore", "lists": {"groups": [{"items": [], "count": 2, "type": "created"}]}}, {"tips": {"count": 0}, "contact": {"facebook": "610163213"}, "firstName": "Cloud", "gender": "male", "lastName": "SimplySimple", "id": "19403501", "bio": "", "photo": {"prefix": "https://igx.4sqi.net/img/user/", "suffix": "/3YUUEIORB20CXIGU.jpg"}, "homeCity": "Singapore", "lists": {"groups": [{"items": [], "count": 3, "type": "created"}]}}, {"tips": {"count": 0}, "contact": {"facebook": "776317593"}, "firstName": "DarDar", "gender": "female", "lastName": "Isthecutestgirlever", "id": "5881256", "bio": "", "photo": {"prefix": "https://igx.4sqi.net/img/user/", "suffix": "/N5OB4YCBSI3NF13P.jpg"}, "homeCity": "Singapore", "lists": {"groups": [{"items": [], "count": 2, "type": "created"}]}}, {"tips": {"count": 0}, "contact": {"facebook": "1511258917"}, "firstName": "Aj", "gender": "male", "lastName": "Chong", "id": "6349518", "bio": "", "photo": {"prefix": "https://igx.4sqi.net/img/user/", "suffix": "/2DAJMPBPNQDCS4EA.jpg"}, "homeCity": "Singapore", "lists": {"groups": [{"items": [], "count": 2, "type": "created"}]}}, {"tips": {"count": 0}, "contact": {}, "firstName": "Amy", "gender": "female", "lastName": "Teo", "id": "6487669", "bio": "", "photo": {"prefix": "https://igx.4sqi.net/img/user/", "suffix": "/BTQXG2SHWSEICFPJ.jpg"}, "homeCity": "Singapore", "lists": {"groups": [{"items": [], "count": 2, "type": "created"}]}}, {"tips": {"count": 0}, "contact": {}, "firstName": "Shuting", "gender": "female", "lastName": "BueyHoseh", "id": "6649485", "bio": "", "photo": {"prefix": "https://igx.4sqi.net/img/user/", "suffix": "/blank_girl.png", "default": true}, "homeCity": "Singapore", "lists": {"groups": [{"items": [], "count": 2, "type": "created"}]}}, {"tips": {"count": 1}, "contact": {"facebook": "100000845327870"}, "firstName": "Ah HuI Aka", "gender": "male", "lastName": "SleepyDeviL", "id": "6656226", "bio": "Whatsapp and line id ahui85", "photo": {"prefix": "https://igx.4sqi.net/img/user/", "suffix": "/KUCRRIZU4ECG0ATB.jpg"}, "homeCity": "Singapore", "lists": {"groups": [{"items": [], "count": 2, "type": "created"}]}}, {"tips": {"count": 0}, "contact": {}, "firstName": "Kengchin", "gender": "male", "lastName": "Chua", "id": "7872634", "bio": "", "photo": {"prefix": "https://igx.4sqi.net/img/user/", "suffix": "/DELLJKWSCBAALFYJ.jpg"}, "homeCity": "Singapore", "lists": {"groups": [{"items": [], "count": 2, "type": "created"}]}}, {"tips": {"count": 0}, "contact": {"twitter": "meisennnn", "facebook": "10152766254133742"}, "firstName": "Meisennxz", "gender": "female", "lastName": "\ud83d\udc8b", "id": "39066816", "bio": "", "photo": {"prefix": "https://igx.4sqi.net/img/user/", "suffix": "/39066816-A001BKN0KI1N3QQO.jpg"}, "homeCity": "Singapore ", "lists": {"groups": [{"items": [], "count": 2, "type": "created"}]}}], "count": 158}, "checksum": "aa08b433c1332cb907090bd3d28963620369ab51"}, "meta": {"requestId": "5966156f9fb6b77b76421c8d", "code": 200}}