{"notifications": [{"type": "notificationTray", "item": {"unreadCount": 0}}], "response": {"friends": {"items": [{"tips": {"count": 3}, "contact": {"twitter": "floatinghearts", "facebook": "747166871"}, "firstName": "Jeannette", "gender": "female", "lastName": "Tan", "id": "6836171", "bio": "", "photo": {"prefix": "https://igx.4sqi.net/img/user/", "suffix": "/DFMHUDHRUA25WAVM.jpg"}, "homeCity": "Singapore", "lists": {"groups": [{"items": [], "count": 3, "type": "created"}]}}, {"tips": {"count": 0}, "contact": {"twitter": "dequannnlim", "facebook": "1090930107"}, "firstName": "DeQuan", "gender": "male", "id": "25978806", "bio": "", "photo": {"prefix": "https://igx.4sqi.net/img/user/", "suffix": "/AE2N2LYSAL1AL3L0.jpg"}, "homeCity": "Singapore", "lists": {"groups": [{"items": [], "count": 2, "type": "created"}]}}, {"tips": {"count": 0}, "contact": {}, "firstName": "Gladys", "gender": "female", "lastName": "Tay", "id": "7702577", "bio": "", "photo": {"prefix": "https://igx.4sqi.net/img/user/", "suffix": "/1GIJKZV00FHOBWEL.jpg"}, "homeCity": "Singapore", "lists": {"groups": [{"items": [], "count": 2, "type": "created"}]}}, {"tips": {"count": 0}, "contact": {"twitter": "barredfreak", "facebook": "1611985614"}, "firstName": "Sunil", "gender": "male", "lastName": "Singh", "id": "1347070", "bio": "", "photo": {"prefix": "https://igx.4sqi.net/img/user/", "suffix": "/RZOKQOV0D3LTKGDT.jpg"}, "homeCity": "Singapore", "lists": {"groups": [{"items": [], "count": 2, "type": "created"}]}}, {"tips": {"count": 0}, "contact": {"twitter": "emptyatheart", "facebook": "100001626836292"}, "firstName": "Claudia", "gender": "female", "lastName": "Chau", "id": "6698264", "bio": "", "photo": {"prefix": "https://igx.4sqi.net/img/user/", "suffix": "/CG3TON1IERDULB0W.jpg"}, "homeCity": "Singapore", "lists": {"groups": [{"items": [], "count": 2, "type": "created"}]}}, {"tips": {"count": 1}, "contact": {"twitter": "inezkayla", "facebook": "1334694583268203"}, "firstName": "bunnykay\u2661", "gender": "female", "id": "6002111", "bio": "", "photo": {"prefix": "https://igx.4sqi.net/img/user/", "suffix": "/6002111-KFHUTUGYWPPWGLP4.jpg"}, "homeCity": "Singapore", "lists": {"groups": [{"items": [], "count": 3, "type": "created"}]}}, {"tips": {"count": 3}, "contact": {"twitter": "fictionise"}, "firstName": "Danish", "gender": "male", "lastName": "Iylia", "id": "1617574", "bio": "", "photo": {"prefix": "https://igx.4sqi.net/img/user/", "suffix": "/2ULTM5OSOKTV3OXB.jpg"}, "homeCity": "Jurong West, Singapore", "lists": {"groups": [{"items": [], "count": 2, "type": "created"}]}}, {"tips": {"count": 0}, "contact": {"facebook": "538643957"}, "firstName": "Alvin", "gender": "male", "lastName": "Tham", "id": "3067250", "bio": "", "photo": {"prefix": "https://igx.4sqi.net/img/user/", "suffix": "/H011PV2JILZPPQFX.jpg"}, "homeCity": "Singapore", "lists": {"groups": [{"items": [], "count": 2, "type": "created"}]}}, {"tips": {"count": 0}, "contact": {}, "firstName": "Jaris", "gender": "male", "lastName": "Hackson", "id": "1681889", "bio": "", "photo": {"prefix": "https://igx.4sqi.net/img/user/", "suffix": "/YAGIFPG5W2N0SGXA.jpg"}, "homeCity": "Rochor, Singapore", "lists": {"groups": [{"items": [], "count": 2, "type": "created"}]}}, {"tips": {"count": 0}, "contact": {"twitter": "dariuschong", "facebook": "100002092341270"}, "firstName": "Darius", "gender": "male", "lastName": "Chong", "id": "4617751", "bio": "i've learned to live half alive", "photo": {"prefix": "https://igx.4sqi.net/img/user/", "suffix": "/4617751-WJCWWOOHNUB3IUZP.jpg"}, "homeCity": "Singapore", "lists": {"groups": [{"items": [], "count": 2, "type": "created"}]}}, {"tips": {"count": 1}, "contact": {"twitter": "sugandarude", "facebook": "1501685733"}, "firstName": "Sugan", "gender": "male", "lastName": "Ganesan", "id": "3803427", "bio": "", "photo": {"prefix": "https://igx.4sqi.net/img/user/", "suffix": "/ATKZSFSOHPY1GAMZ.jpg"}, "homeCity": "Singapore", "lists": {"groups": [{"items": [], "count": 2, "type": "created"}]}}, {"tips": {"count": 28}, "contact": {"twitter": "sushibarboy"}, "firstName": "Ben", "gender": "male", "lastName": "Toh", "id": "1053229", "bio": "", "photo": {"prefix": "https://igx.4sqi.net/img/user/", "suffix": "/HMJX3WF0W0FC2HPV.jpg"}, "homeCity": "Singapore", "lists": {"groups": [{"items": [], "count": 2, "type": "created"}]}}, {"tips": {"count": 0}, "contact": {"twitter": "aloytweets"}, "firstName": "Aloysius", "gender": "none", "lastName": "Ow", "id": "4211252", "bio": "", "photo": {"prefix": "https://igx.4sqi.net/img/user/", "suffix": "/ODKJXJTUFIYUTK55.jpg"}, "homeCity": "New York, NY", "lists": {"groups": [{"items": [], "count": 2, "type": "created"}]}}, {"tips": {"count": 0}, "contact": {"twitter": "justbeing_me_", "facebook": "1566757000"}, "firstName": "Thura", "gender": "male", "lastName": "Phyo", "id": "1658356", "bio": "", "photo": {"prefix": "https://igx.4sqi.net/img/user/", "suffix": "/JMNBEKI0A0ZHMLBW.jpg"}, "homeCity": "Singapore", "lists": {"groups": [{"items": [], "count": 2, "type": "created"}]}}, {"tips": {"count": 2}, "contact": {"twitter": "marshallchia", "facebook": "574008586"}, "firstName": "Marshall", "gender": "male", "lastName": "Chia", "id": "3318322", "bio": "", "photo": {"prefix": "https://igx.4sqi.net/img/user/", "suffix": "/O3POGKLZSUIVNYJ0.jpg"}, "homeCity": "Singapore", "lists": {"groups": [{"items": [], "count": 2, "type": "created"}]}}, {"tips": {"count": 0}, "contact": {"twitter": "laureneyzabel", "facebook": "100000020199897"}, "firstName": "Laurene", "gender": "female", "lastName": "Yzabel", "id": "4637324", "bio": "", "photo": {"prefix": "https://igx.4sqi.net/img/user/", "suffix": "/APRHAVHFPT0WDZEK.jpg"}, "homeCity": "Singapore", "lists": {"groups": [{"items": [], "count": 2, "type": "created"}]}}, {"tips": {"count": 1}, "contact": {"twitter": "ckweejy", "facebook": "1485517829"}, "firstName": "wee", "gender": "male", "lastName": "jian yong", "id": "7001494", "bio": "", "photo": {"prefix": "https://igx.4sqi.net/img/user/", "suffix": "/AG23INQL1QT2MXSX.jpg"}, "homeCity": "New York, NY", "lists": {"groups": [{"items": [], "count": 2, "type": "created"}]}}, {"tips": {"count": 0}, "contact": {"twitter": "atqnam", "facebook": "10153146935378444"}, "firstName": "ATIQAH", "gender": "female", "id": "18060216", "bio": "", "photo": {"prefix": "https://igx.4sqi.net/img/user/", "suffix": "/18060216-MFOKGOSYDGD3DVTK.jpg"}, "homeCity": "Singapore", "lists": {"groups": [{"items": [], "count": 2, "type": "created"}]}}, {"tips": {"count": 0}, "contact": {"twitter": "twotwofive_"}, "firstName": "Doris", "gender": "female", "lastName": "Ang", "id": "8143943", "bio": "", "photo": {"prefix": "https://igx.4sqi.net/img/user/", "suffix": "/8143943-MEIZJ1BC0ZNWYPAU.jpg"}, "homeCity": "Singapore", "lists": {"groups": [{"items": [], "count": 2, "type": "created"}]}}, {"tips": {"count": 2}, "contact": {"twitter": "locklovez", "facebook": "1611467160"}, "firstName": "Jolene", "gender": "female", "lastName": "Seah", "id": "6133513", "bio": "", "photo": {"prefix": "https://igx.4sqi.net/img/user/", "suffix": "/6133513-GSBPCYUDYOMAITYP.jpg"}, "homeCity": "Singapore", "lists": {"groups": [{"items": [], "count": 2, "type": "created"}]}}, {"tips": {"count": 14}, "contact": {"twitter": "carideelsx", "facebook": "1660605385"}, "firstName": "Caridee Lim", "gender": "female", "id": "5317322", "bio": "", "photo": {"prefix": "https://igx.4sqi.net/img/user/", "suffix": "/5317322-XLVROTY5GDZTFFPN.jpg"}, "homeCity": "Kuala Lumpur ", "lists": {"groups": [{"items": [], "count": 2, "type": "created"}]}}, {"tips": {"count": 6}, "contact": {"twitter": "0wnage___", "facebook": "1342819950"}, "firstName": "Jaris\u00b6=", "gender": "male", "lastName": "JThet", "id": "3873196", "bio": "", "photo": {"prefix": "https://igx.4sqi.net/img/user/", "suffix": "/PAWHIB3HLDW3BZ5L.jpg"}, "homeCity": "Singapore", "lists": {"groups": [{"items": [], "count": 2, "type": "created"}]}}, {"tips": {"count": 1}, "contact": {"twitter": "maleequin", "facebook": "1361082996"}, "firstName": "Nurul", "gender": "female", "lastName": "Maliana Malik", "id": "6590620", "bio": "", "photo": {"prefix": "https://igx.4sqi.net/img/user/", "suffix": "/MXZHERJ0Z021Y1VN.jpg"}, "homeCity": "Singapore", "lists": {"groups": [{"items": [], "count": 3, "type": "created"}]}}, {"tips": {"count": 1}, "contact": {"twitter": "hxkxm", "facebook": "718237723"}, "firstName": "Hakim", "gender": "male", "lastName": "S", "id": "4813665", "bio": "", "photo": {"prefix": "https://igx.4sqi.net/img/user/", "suffix": "/K2JUOQGILCIXBDAG.jpg"}, "homeCity": "Singapore", "lists": {"groups": [{"items": [], "count": 2, "type": "created"}]}}, {"tips": {"count": 0}, "contact": {"twitter": "humsyourlife"}, "firstName": "Xavier", "gender": "male", "lastName": "Ong", "id": "2044594", "bio": "", "photo": {"prefix": "https://igx.4sqi.net/img/user/", "suffix": "/QDGCPWLKFHNVEXJM.jpg"}, "homeCity": "Singapore", "lists": {"groups": [{"items": [], "count": 2, "type": "created"}]}}, {"tips": {"count": 7}, "contact": {"twitter": "michikoluvs", "facebook": "1534183174"}, "firstName": "Michelle", "gender": "female", "lastName": "Chua", "id": "3389523", "bio": "", "photo": {"prefix": "https://igx.4sqi.net/img/user/", "suffix": "/WAMSD5ICQU2QS5MS.jpg"}, "homeCity": "Singapore", "lists": {"groups": [{"items": [], "count": 2, "type": "created"}]}}, {"tips": {"count": 3}, "contact": {"twitter": "amyyslzw", "facebook": "1320385953"}, "firstName": "amy", "gender": "female", "lastName": "slzw's", "id": "4640826", "bio": "", "photo": {"prefix": "https://igx.4sqi.net/img/user/", "suffix": "/ML0HC11JJ030VSID.jpg"}, "homeCity": "Singapore", "lists": {"groups": [{"items": [], "count": 2, "type": "created"}]}}, {"tips": {"count": 0}, "contact": {"twitter": "ruishann"}, "firstName": "Ruishan", "gender": "female", "lastName": "teo", "id": "7050529", "bio": "", "photo": {"prefix": "https://igx.4sqi.net/img/user/", "suffix": "/AXGLD40TU44LKDYY.jpg"}, "homeCity": "Singapore", "lists": {"groups": [{"items": [], "count": 2, "type": "created"}]}}, {"tips": {"count": 0}, "contact": {"twitter": "summerrrsalty", "facebook": "100000387455480"}, "firstName": "Henry", "gender": "male", "lastName": "Sum", "id": "18143751", "bio": "", "photo": {"prefix": "https://igx.4sqi.net/img/user/", "suffix": "/IBMLJ5WGJOHWGF4U.jpg"}, "homeCity": "Singapore", "lists": {"groups": [{"items": [], "count": 2, "type": "created"}]}}, {"tips": {"count": 2}, "contact": {"twitter": "crappypanky", "facebook": "1802303110"}, "firstName": "Niqko", "gender": "male", "lastName": "Akyl", "id": "8599839", "bio": "", "photo": {"prefix": "https://igx.4sqi.net/img/user/", "suffix": "/5SMG33TQVXUDO02W.jpg"}, "homeCity": "Las Vegas", "lists": {"groups": [{"items": [], "count": 2, "type": "created"}]}}, {"tips": {"count": 0}, "contact": {"twitter": "offyourways"}, "firstName": "Chingyee", "gender": "female", "lastName": "ChingYee", "id": "8224364", "bio": "", "photo": {"prefix": "https://igx.4sqi.net/img/user/", "suffix": "/2RU3LJI313MLESI4.jpg"}, "homeCity": "Singapore", "lists": {"groups": [{"items": [], "count": 2, "type": "created"}]}}, {"tips": {"count": 0}, "contact": {"twitter": "jestajay", "facebook": "512159656"}, "firstName": "Jesta", "gender": "male", "lastName": "Jay", "id": "2727008", "bio": "", "photo": {"prefix": "https://igx.4sqi.net/img/user/", "suffix": "/F4ATQLU4N5WSHBSJ.jpg"}, "homeCity": "Singapore", "lists": {"groups": [{"items": [], "count": 2, "type": "created"}]}}, {"tips": {"count": 0}, "contact": {}, "firstName": "Tze", "gender": "male", "lastName": "Wei", "id": "3729001", "bio": "", "photo": {"prefix": "https://igx.4sqi.net/img/user/", "suffix": "/AQ5CJQWE0Y3VUXCN.jpg"}, "homeCity": "Singapore", "lists": {"groups": [{"items": [], "count": 2, "type": "created"}]}}, {"tips": {"count": 0}, "contact": {"twitter": "imadr1an", "facebook": "100000546392037"}, "firstName": "Adrian", "gender": "male", "lastName": "Lee", "id": "4647479", "bio": "", "photo": {"prefix": "https://igx.4sqi.net/img/user/", "suffix": "/4647479-WT4WZT1U0IM2J1PD.jpg"}, "homeCity": "Singapore", "lists": {"groups": [{"items": [], "count": 2, "type": "created"}]}}, {"tips": {"count": 1}, "contact": {"twitter": "raesiennnaa"}, "firstName": "Sienna", "gender": "female", "lastName": "Bigyan", "id": "7839618", "bio": "", "photo": {"prefix": "https://igx.4sqi.net/img/user/", "suffix": "/AMVNZEBALDB3EFOP.jpg"}, "homeCity": "Manila, Philippines", "lists": {"groups": [{"items": [], "count": 2, "type": "created"}]}}, {"tips": {"count": 0}, "contact": {"twitter": "muhddzulfadhli"}, "firstName": "Muhammad", "gender": "male", "lastName": "Dzulfadhli", "id": "3238967", "bio": "", "photo": {"prefix": "https://igx.4sqi.net/img/user/", "suffix": "/M2VMFNQGYJWJ5FLF.jpg"}, "homeCity": "Singapore", "lists": {"groups": [{"items": [], "count": 2, "type": "created"}]}}, {"tips": {"count": 0}, "contact": {"twitter": "ricomahal"}, "firstName": "Gico", "gender": "male", "lastName": "Babagay", "id": "3848733", "bio": "", "photo": {"prefix": "https://igx.4sqi.net/img/user/", "suffix": "/KN34FNK3AHX3RBOB.jpg"}, "homeCity": "Singapore", "lists": {"groups": [{"items": [], "count": 2, "type": "created"}]}}, {"tips": {"count": 1}, "contact": {"facebook": "1668848342"}, "firstName": "Jeremy", "gender": "male", "lastName": "Chionh", "id": "6207418", "bio": "", "photo": {"prefix": "https://igx.4sqi.net/img/user/", "suffix": "/6207418-PPGHGB0A4HHGNVVD.jpg"}, "homeCity": "Singapore", "lists": {"groups": [{"items": [], "count": 2, "type": "created"}]}}, {"tips": {"count": 3}, "contact": {"facebook": "100001425087398"}, "firstName": "\ue314Abeqail", "gender": "female", "lastName": "JeanneLuvs", "id": "8632549", "bio": "", "photo": {"prefix": "https://igx.4sqi.net/img/user/", "suffix": "/ADPS0AG4LURQTMAS.jpg"}, "homeCity": "Singapore", "lists": {"groups": [{"items": [], "count": 2, "type": "created"}]}}, {"tips": {"count": 0}, "contact": {"twitter": "mihorianqi", "facebook": "774913756"}, "firstName": "Mihorianqi", "gender": "female", "id": "3555695", "bio": "virgo", "photo": {"prefix": "https://igx.4sqi.net/img/user/", "suffix": "/3555695-RW0NCGHZERJDYP3G.jpg"}, "homeCity": "Singapore", "lists": {"groups": [{"items": [], "count": 2, "type": "created"}]}}, {"tips": {"count": 0}, "contact": {"twitter": "hidayah24"}, "firstName": "Nur", "gender": "female", "lastName": "Hidayah", "id": "5535728", "bio": "", "photo": {"prefix": "https://igx.4sqi.net/img/user/", "suffix": "/KEKWIOUCGNX525IS.jpg"}, "homeCity": "New York, NY", "lists": {"groups": [{"items": [], "count": 2, "type": "created"}]}}, {"tips": {"count": 3}, "contact": {"facebook": "1158489016"}, "firstName": "Nia", "gender": "female", "lastName": "Asyikin", "id": "6272745", "bio": "", "photo": {"prefix": "https://igx.4sqi.net/img/user/", "suffix": "/Q225G3BEWLJWDTLQ.jpg"}, "homeCity": "Jurong West , Singapore", "lists": {"groups": [{"items": [], "count": 2, "type": "created"}]}}, {"tips": {"count": 7}, "contact": {"twitter": "eeffuu", "facebook": "1682782379"}, "firstName": "Evelyn", "gender": "female", "lastName": "Lim", "id": "3978887", "bio": "", "photo": {"prefix": "https://igx.4sqi.net/img/user/", "suffix": "/JZREQK4EA3C2YXTS.jpg"}, "homeCity": "Singapore", "lists": {"groups": [{"items": [], "count": 2, "type": "created"}]}}, {"tips": {"count": 4}, "contact": {"twitter": "solempnis", "facebook": "1390926298"}, "firstName": "Alvin", "gender": "male", "lastName": "S\u014dlempnis", "id": "5538838", "bio": "", "photo": {"prefix": "https://igx.4sqi.net/img/user/", "suffix": "/5538838-YYXRKD0IS5PYUGG5.jpg"}, "homeCity": "Singapore", "lists": {"groups": [{"items": [], "count": 2, "type": "created"}]}}, {"tips": {"count": 0}, "contact": {"twitter": "tappytalbot", "facebook": "574066913"}, "firstName": "Shi", "gender": "female", "lastName": "En", "id": "9824012", "bio": "", "photo": {"prefix": "https://igx.4sqi.net/img/user/", "suffix": "/J0OBDGJTSEF221WE.jpg"}, "homeCity": "Singapore", "lists": {"groups": [{"items": [], "count": 2, "type": "created"}]}}, {"tips": {"count": 0}, "contact": {"twitter": "cordy91"}, "firstName": "Cordelia", "gender": "female", "lastName": "Rodrigues", "id": "5129458", "bio": "", "photo": {"prefix": "https://igx.4sqi.net/img/user/", "suffix": "/5129458-S0MKHIO3IYPTSXPE.jpg"}, "homeCity": "New York, NY", "lists": {"groups": [{"items": [], "count": 2, "type": "created"}]}}, {"tips": {"count": 0}, "contact": {"twitter": "_kupkup", "facebook": "1176181829"}, "firstName": "Sam", "gender": "male", "lastName": "Broken-edHeart-ed", "id": "5266550", "bio": "", "photo": {"prefix": "https://igx.4sqi.net/img/user/", "suffix": "/5266550-LLB3P3UQY0GUXCU4.jpg"}, "homeCity": "Singapore", "lists": {"groups": [{"items": [], "count": 2, "type": "created"}]}}, {"tips": {"count": 0}, "contact": {"twitter": "jiaxjing"}, "firstName": "Jia", "gender": "female", "lastName": "Jing", "id": "8647314", "bio": "", "photo": {"prefix": "https://igx.4sqi.net/img/user/", "suffix": "/Z1UA2PGTEULOMTQB.jpg"}, "homeCity": "Singapore", "lists": {"groups": [{"items": [], "count": 2, "type": "created"}]}}, {"tips": {"count": 1}, "contact": {"twitter": "smoochmi"}, "firstName": "Pearlyn", "gender": "female", "lastName": "Whiskey", "id": "8777010", "bio": "http://twitter.com/smoochmi", "photo": {"prefix": "https://igx.4sqi.net/img/user/", "suffix": "/8777010-KCRWOGPXS1WLOX04.jpg"}, "homeCity": "Singapore", "lists": {"groups": [{"items": [], "count": 2, "type": "created"}]}}], "count": 49}, "checksum": "e4fa98f8e4ced62ecf50b8284abaf8a26def5ff6"}, "meta": {"requestId": "59661d33351e3d64b2fe5cdf", "code": 200}}