{"notifications": [{"type": "notificationTray", "item": {"unreadCount": 0}}], "response": {"friends": {"items": [{"tips": {"count": 0}, "contact": {"facebook": "523019599"}, "firstName": "Soe", "gender": "male", "lastName": "Aik", "id": "4343739", "bio": "", "photo": {"prefix": "https://igx.4sqi.net/img/user/", "suffix": "/0REGFFRYM55R3IMG.gif"}, "homeCity": "Yangon, Myanmar", "lists": {"groups": [{"items": [], "count": 2, "type": "created"}]}}, {"tips": {"count": 2}, "contact": {"twitter": "ms_swaggerbomb", "facebook": "1589535352"}, "firstName": "Yee", "gender": "female", "lastName": "Mon Aung", "id": "6743660", "bio": "", "photo": {"prefix": "https://igx.4sqi.net/img/user/", "suffix": "/E0ENWYSDMV2EPHCA.jpg"}, "homeCity": "Singapore", "lists": {"groups": [{"items": [], "count": 2, "type": "created"}]}}, {"tips": {"count": 1}, "contact": {"facebook": "709758062"}, "firstName": "Wong", "gender": "male", "lastName": "Chun Kiat", "id": "423077", "bio": "", "photo": {"prefix": "https://igx.4sqi.net/img/user/", "suffix": "/IUARTD24FTDJT4TA.jpg"}, "homeCity": "Singapore", "lists": {"groups": [{"items": [], "count": 2, "type": "created"}]}}, {"tips": {"count": 0}, "contact": {"twitter": "yunemee", "facebook": "1295490801"}, "firstName": "Yune", "gender": "female", "lastName": "Mee", "id": "18099732", "bio": "", "photo": {"prefix": "https://igx.4sqi.net/img/user/", "suffix": "/18099732-HHXGPLXARN5VXMP0"}, "homeCity": "Bukit Jalil, Kuala Lumpur", "lists": {"groups": [{"items": [], "count": 2, "type": "created"}]}}, {"tips": {"count": 0}, "contact": {"twitter": "ahkeno", "facebook": "1349744903"}, "firstName": "Chit Thiri", "gender": "female", "lastName": "Maung", "id": "520979", "bio": "", "photo": {"prefix": "https://igx.4sqi.net/img/user/", "suffix": "/EHLA0WDZURORB5PJ.jpg"}, "homeCity": "Singapore", "lists": {"groups": [{"items": [], "count": 2, "type": "created"}]}}, {"tips": {"count": 1}, "contact": {"twitter": "mysteryxero27", "facebook": "1315400423"}, "firstName": "Min", "gender": "male", "lastName": "Htet Aung", "id": "5459427", "bio": "", "photo": {"prefix": "https://igx.4sqi.net/img/user/", "suffix": "/MMPZ41KERXWH0Z20.jpg"}, "homeCity": "Singapore", "lists": {"groups": [{"items": [], "count": 2, "type": "created"}]}}, {"tips": {"count": 14}, "contact": {"twitter": "jeffwadsoeva", "facebook": "1187490511"}, "firstName": "Ye Myat", "gender": "male", "lastName": "Min", "id": "1793749", "bio": "", "photo": {"prefix": "https://igx.4sqi.net/img/user/", "suffix": "/1793749-FR51GC4GNA2PG1DK.jpg"}, "homeCity": "Singapore", "lists": {"groups": [{"items": [], "count": 3, "type": "created"}]}}, {"tips": {"count": 0}, "contact": {}, "firstName": "min", "gender": "male", "lastName": "htoon", "id": "5374442", "bio": "", "photo": {"prefix": "https://igx.4sqi.net/img/user/", "suffix": "/3LPY1POYM425L0DR.jpg"}, "homeCity": "Singapore", "lists": {"groups": [{"items": [], "count": 2, "type": "created"}]}}, {"tips": {"count": 3}, "contact": {"twitter": "kelvinleong", "facebook": "532605105"}, "firstName": "Kelvin", "gender": "male", "lastName": "Leong", "id": "2385674", "bio": "", "photo": {"prefix": "https://igx.4sqi.net/img/user/", "suffix": "/0NTWTGIQZKJVFVCY.png"}, "homeCity": "Singapore", "lists": {"groups": [{"items": [], "count": 2, "type": "created"}]}}, {"tips": {"count": 0}, "contact": {"twitter": "tuntunkyaw47506", "facebook": "1510748672"}, "firstName": "Tun Tun", "gender": "male", "lastName": "Kyaw", "id": "601730", "bio": "Who am I ?", "photo": {"prefix": "https://igx.4sqi.net/img/user/", "suffix": "/601730-YTMLUAWG44NZSJDD.jpg"}, "homeCity": "Singapore ", "lists": {"groups": [{"items": [], "count": 4, "type": "created"}]}}, {"tips": {"count": 0}, "contact": {"facebook": "703510486"}, "firstName": "nang", "gender": "female", "lastName": "phyo", "id": "2992847", "bio": "", "photo": {"prefix": "https://igx.4sqi.net/img/user/", "suffix": "/blank_girl.png", "default": true}, "homeCity": "Singapore", "lists": {"groups": [{"items": [], "count": 2, "type": "created"}]}}, {"tips": {"count": 0}, "contact": {"twitter": "jedediahmurdoch"}, "firstName": "Jonathan", "gender": "male", "lastName": "Ang", "id": "15174038", "bio": "", "photo": {"prefix": "https://igx.4sqi.net/img/user/", "suffix": "/15174038-DDAKIJWYD2Q1AZFB.jpg"}, "homeCity": "Singapore", "lists": {"groups": [{"items": [], "count": 2, "type": "created"}]}}, {"tips": {"count": 5}, "contact": {"twitter": "geekmyo", "facebook": "1073995313"}, "firstName": "myo", "gender": "male", "lastName": "htet aung", "id": "2950802", "bio": "", "photo": {"prefix": "https://igx.4sqi.net/img/user/", "suffix": "/2950802-124ZD4IYDNTKM1FQ.jpg"}, "homeCity": "Yangon, Burma", "lists": {"groups": [{"items": [], "count": 7, "type": "created"}]}}, {"tips": {"count": 1}, "contact": {"twitter": "ngominhnam", "facebook": "713027177"}, "firstName": "Ngo", "gender": "male", "lastName": "Minh Nam", "id": "4215322", "bio": "", "photo": {"prefix": "https://igx.4sqi.net/img/user/", "suffix": "/CA1FABUE4RHUZUM4.png"}, "homeCity": "Melbourne, Australia", "lists": {"groups": [{"items": [], "count": 2, "type": "created"}]}}, {"tips": {"count": 23}, "contact": {"twitter": "geeksean", "facebook": "100000444666164"}, "firstName": "sean", "gender": "male", "lastName": "lin", "id": "849918", "bio": "", "photo": {"prefix": "https://igx.4sqi.net/img/user/", "suffix": "/849918-SJQQMDCPCHMAOJHZ.jpg"}, "homeCity": "Singapore", "lists": {"groups": [{"items": [], "count": 8, "type": "created"}]}}, {"tips": {"count": 0}, "contact": {"twitter": "thuzarislonely", "facebook": "10207766928164993"}, "firstName": "Khin Thuzar", "gender": "female", "lastName": "Thin", "id": "2865555", "bio": "", "photo": {"prefix": "https://igx.4sqi.net/img/user/", "suffix": "/blank_girl.png", "default": true}, "homeCity": "Singapore", "lists": {"groups": [{"items": [], "count": 2, "type": "created"}]}}, {"tips": {"count": 1}, "contact": {"twitter": "kaunghtetmyint", "facebook": "1083349368"}, "firstName": "Kaung Htet", "gender": "male", "lastName": "Myint", "id": "2104020", "bio": "", "photo": {"prefix": "https://igx.4sqi.net/img/user/", "suffix": "/3ZYUTCOKTRLZPLRC.jpg"}, "homeCity": "Singapore", "lists": {"groups": [{"items": [], "count": 2, "type": "created"}]}}, {"tips": {"count": 3}, "contact": {"twitter": "skipsoft", "facebook": "1357994328"}, "firstName": "Zaw", "gender": "male", "lastName": "Tin", "id": "10882774", "bio": "", "photo": {"prefix": "https://igx.4sqi.net/img/user/", "suffix": "/GYVJ1MZISY3YB4JN.jpg"}, "homeCity": "Yangon, Burma", "lists": {"groups": [{"items": [], "count": 2, "type": "created"}]}}, {"tips": {"count": 0}, "contact": {"facebook": "1413065716"}, "firstName": "Amara", "gender": "female", "lastName": "Espresso", "id": "4547612", "bio": "", "photo": {"prefix": "https://igx.4sqi.net/img/user/", "suffix": "/3GARXHK3SXONKMXL.jpg"}, "homeCity": "Singapore", "lists": {"groups": [{"items": [], "count": 2, "type": "created"}]}}, {"tips": {"count": 0}, "contact": {}, "firstName": "Thantzaw", "gender": "male", "lastName": "Swe", "id": "6765153", "bio": "", "photo": {"prefix": "https://igx.4sqi.net/img/user/", "suffix": "/I5OABZROJH2VRPOR.jpg"}, "homeCity": "Singapore", "lists": {"groups": [{"items": [], "count": 2, "type": "created"}]}}, {"tips": {"count": 0}, "contact": {"facebook": "100000651192015"}, "firstName": "Tam", "gender": "male", "lastName": "Kian Liang", "id": "10267082", "bio": "", "photo": {"prefix": "https://igx.4sqi.net/img/user/", "suffix": "/blank_boy.png", "default": true}, "homeCity": "Singapore", "lists": {"groups": [{"items": [], "count": 2, "type": "created"}]}}, {"tips": {"count": 0}, "contact": {"facebook": "1077445615"}, "firstName": "Asher", "gender": "male", "lastName": "Lwin", "id": "4289276", "bio": "", "photo": {"prefix": "https://igx.4sqi.net/img/user/", "suffix": "/TZ0SCVMJPFNWE2VF.jpg"}, "homeCity": "Bang Khae, Thailand", "lists": {"groups": [{"items": [], "count": 2, "type": "created"}]}}, {"tips": {"count": 5}, "contact": {"twitter": "hninmyatoo", "facebook": "1221955793"}, "firstName": "Hnin", "gender": "female", "lastName": "Myat Oo", "id": "5711210", "bio": "", "photo": {"prefix": "https://igx.4sqi.net/img/user/", "suffix": "/CC2YAWRALNUB0YRW.jpg"}, "homeCity": "Singapore", "lists": {"groups": [{"items": [], "count": 2, "type": "created"}]}}, {"tips": {"count": 0}, "contact": {}, "firstName": "Tun Tun", "gender": "male", "lastName": "Myint", "id": "3592385", "bio": "", "photo": {"prefix": "https://igx.4sqi.net/img/user/", "suffix": "/HJ2SWGJL4VMD3MGA.jpg"}, "homeCity": "Singapore", "lists": {"groups": [{"items": [], "count": 2, "type": "created"}]}}, {"tips": {"count": 0}, "contact": {"twitter": "xinyaw13", "facebook": "1192811241"}, "firstName": "Xin", "gender": "male", "lastName": "Yaw", "id": "3840562", "bio": "", "photo": {"prefix": "https://igx.4sqi.net/img/user/", "suffix": "/NZTI5LX0E2HWYNN4.jpg"}, "homeCity": "Singapore", "lists": {"groups": [{"items": [], "count": 2, "type": "created"}]}}, {"tips": {"count": 0}, "contact": {"twitter": "tayzar44", "facebook": "545938912"}, "firstName": "Htoo", "gender": "male", "lastName": "Tay Zar", "id": "1672092", "bio": "", "photo": {"prefix": "https://igx.4sqi.net/img/user/", "suffix": "/UK5H0ZVGAU0UJUS2.jpg"}, "homeCity": "Yangon, Yangon Division", "lists": {"groups": [{"items": [], "count": 2, "type": "created"}]}}, {"tips": {"count": 0}, "contact": {"facebook": "1285837398"}, "firstName": "K Khine", "gender": "female", "lastName": "Thet", "id": "4824929", "bio": "", "photo": {"prefix": "https://igx.4sqi.net/img/user/", "suffix": "/0TSLIEMFAYLR5ZQC.jpg"}, "homeCity": "Singapore", "lists": {"groups": [{"items": [], "count": 2, "type": "created"}]}}, {"tips": {"count": 20}, "contact": {"twitter": "topokkii", "facebook": "100003908126211"}, "firstName": "Thet Htar", "gender": "none", "lastName": "Oo\ud83d\udc67\ud83c\udf3a", "id": "5423478", "bio": "", "photo": {"prefix": "https://igx.4sqi.net/img/user/", "suffix": "/5423478-DVBWDJHM5E2A33M4.jpg"}, "homeCity": "Singapore", "lists": {"groups": [{"items": [], "count": 3, "type": "created"}]}}, {"tips": {"count": 1}, "contact": {}, "firstName": "mikey", "gender": "female", "lastName": "mickey", "id": "4222162", "bio": "", "photo": {"prefix": "https://igx.4sqi.net/img/user/", "suffix": "/SNCLTMGEMUTBEUYO.jpg"}, "homeCity": "Singapore", "lists": {"groups": [{"items": [], "count": 2, "type": "created"}]}}, {"tips": {"count": 0}, "contact": {"twitter": "mistermaung", "facebook": "559609388"}, "firstName": "Ferreira", "gender": "male", "lastName": "Josh", "id": "2026297", "bio": "", "photo": {"prefix": "https://igx.4sqi.net/img/user/", "suffix": "/2026297-T0SN4N0Z4OKACLQE.jpg"}, "homeCity": "Singapore", "lists": {"groups": [{"items": [], "count": 2, "type": "created"}]}}, {"tips": {"count": 0}, "contact": {"facebook": "603181026"}, "firstName": "William", "gender": "male", "lastName": "Ye Lwin Oo Lim", "id": "3431615", "bio": "", "photo": {"prefix": "https://igx.4sqi.net/img/user/", "suffix": "/KOYH1IUSYFAZ1IYZ.jpg"}, "homeCity": "Yangon", "lists": {"groups": [{"items": [], "count": 2, "type": "created"}]}}, {"tips": {"count": 0}, "contact": {}, "firstName": "Zerny", "gender": "male", "id": "10964442", "bio": "", "photo": {"prefix": "https://igx.4sqi.net/img/user/", "suffix": "/HNN5UZCQ1JG1CDWL.jpg"}, "homeCity": "Yangon, Burma", "lists": {"groups": [{"items": [], "count": 2, "type": "created"}]}}, {"tips": {"count": 2}, "contact": {"facebook": "764593182"}, "firstName": "Aliff", "gender": "male", "lastName": "Shark", "id": "4645516", "bio": "The Shark", "photo": {"prefix": "https://igx.4sqi.net/img/user/", "suffix": "/WELRVQTI3ZROCV3J.jpg"}, "homeCity": "Singapore", "lists": {"groups": [{"items": [], "count": 2, "type": "created"}]}}, {"tips": {"count": 0}, "contact": {"twitter": "kyawcthu87", "facebook": "100000461795830"}, "firstName": "Spunky", "gender": "male", "lastName": "Kct", "id": "10243697", "bio": "", "photo": {"prefix": "https://igx.4sqi.net/img/user/", "suffix": "/MLPI0X03VSBKRT2C.jpg"}, "homeCity": "\u0433\u043e\u0440\u043e\u0434 \u041c\u043e\u0441\u043a\u0432\u0430, \u0420\u043e\u0441\u0441\u0438\u044f", "lists": {"groups": [{"items": [], "count": 2, "type": "created"}]}}, {"tips": {"count": 0}, "contact": {"twitter": "sharez90", "facebook": "768905701"}, "firstName": "Shareeq", "gender": "male", "lastName": "Seraj", "id": "5886052", "bio": "", "photo": {"prefix": "https://igx.4sqi.net/img/user/", "suffix": "/04SR1TP04PQ0ODV0.jpg"}, "homeCity": "Singapore", "lists": {"groups": [{"items": [], "count": 2, "type": "created"}]}}, {"tips": {"count": 3}, "contact": {"twitter": "winlwinmoe", "facebook": "1122919322"}, "firstName": "winlwin", "gender": "male", "lastName": "moe", "id": "3950686", "bio": "", "photo": {"prefix": "https://igx.4sqi.net/img/user/", "suffix": "/XT4NRFGULWSSLSXA.jpg"}, "homeCity": "Merrylands, Australia", "lists": {"groups": [{"items": [], "count": 2, "type": "created"}]}}, {"tips": {"count": 87}, "contact": {"facebook": "100000679430662"}, "firstName": "Moe", "gender": "male", "lastName": "Seth", "id": "4053518", "bio": "", "photo": {"prefix": "https://igx.4sqi.net/img/user/", "suffix": "/5ZVZYABKO0NCXWMQ.jpg"}, "homeCity": "Singapore", "lists": {"groups": [{"items": [], "count": 2, "type": "created"}]}}, {"tips": {"count": 9}, "contact": {"facebook": "547373987"}, "firstName": "Tim", "gender": "male", "lastName": "@wwwmz", "id": "1677407", "bio": "", "photo": {"prefix": "https://igx.4sqi.net/img/user/", "suffix": "/RZMQKATMHKPIDOAP.jpg"}, "homeCity": "Bangkok, Thailand", "lists": {"groups": [{"items": [], "count": 2, "type": "created"}]}}, {"tips": {"count": 0}, "contact": {"facebook": "1221178141"}, "firstName": "Susie", "gender": "female", "lastName": "Honey", "id": "8929897", "bio": "", "photo": {"prefix": "https://igx.4sqi.net/img/user/", "suffix": "/S0NU3PON1DPNKAXR.jpg"}, "homeCity": "Yangon, Burma", "lists": {"groups": [{"items": [], "count": 2, "type": "created"}]}}, {"tips": {"count": 0}, "contact": {"twitter": "myokyawhtun", "facebook": "573110683"}, "firstName": "Myo Kyaw", "gender": "male", "lastName": "Htun", "id": "2125576", "bio": "", "photo": {"prefix": "https://igx.4sqi.net/img/user/", "suffix": "/Q3TLXQ5FUFMEATC5.jpg"}, "homeCity": "Suan Luang, Bangkok", "lists": {"groups": [{"items": [], "count": 2, "type": "created"}]}}, {"tips": {"count": 2}, "contact": {"facebook": "100000046344646"}, "firstName": "Htoo", "gender": "male", "lastName": "Aung", "id": "3438295", "bio": "", "photo": {"prefix": "https://igx.4sqi.net/img/user/", "suffix": "/NUX4X3OLAYO1FN4Q.gif"}, "homeCity": "Yangon, Burma", "lists": {"groups": [{"items": [], "count": 2, "type": "created"}]}}, {"tips": {"count": 0}, "contact": {}, "firstName": "Kyaw Zin", "gender": "male", "lastName": "Thein", "id": "6178451", "bio": "", "photo": {"prefix": "https://igx.4sqi.net/img/user/", "suffix": "/K3G4EGB22LRL3O2V.jpg"}, "homeCity": "Singapore", "lists": {"groups": [{"items": [], "count": 2, "type": "created"}]}}, {"tips": {"count": 106}, "contact": {"twitter": "valentinabailey", "facebook": "717516300"}, "firstName": "Valentina", "gender": "female", "id": "10249997", "bio": "", "photo": {"prefix": "https://igx.4sqi.net/img/user/", "suffix": "/10249997-ZAD1D4P4LODXIHLI.jpg"}, "homeCity": "Perth, Australia", "lists": {"groups": [{"items": [], "count": 2, "type": "created"}]}}, {"tips": {"count": 2}, "contact": {}, "firstName": "Ye", "gender": "male", "lastName": "Kyaw", "id": "6028500", "bio": "", "photo": {"prefix": "https://igx.4sqi.net/img/user/", "suffix": "/blank_boy.png", "default": true}, "homeCity": "Singapore", "lists": {"groups": [{"items": [], "count": 2, "type": "created"}]}}, {"tips": {"count": 0}, "contact": {}, "firstName": "Htoo", "gender": "male", "lastName": "Myint Naung", "id": "4539526", "bio": "", "photo": {"prefix": "https://igx.4sqi.net/img/user/", "suffix": "/HL1LDXZTVPRLIAGQ.jpg"}, "homeCity": "Unnamed Location", "lists": {"groups": [{"items": [], "count": 2, "type": "created"}]}}, {"tips": {"count": 3}, "contact": {"twitter": "minnwaiyan", "facebook": "1007833789229414"}, "firstName": "Minwaiyan", "gender": "male", "lastName": "Oo", "id": "5244658", "bio": "", "photo": {"prefix": "https://igx.4sqi.net/img/user/", "suffix": "/L0TJSWYMDCUGIRZR.jpg"}, "homeCity": "Singapore", "lists": {"groups": [{"items": [], "count": 2, "type": "created"}]}}, {"tips": {"count": 9}, "contact": {"twitter": "ahronteo", "facebook": "1440187039"}, "firstName": "Aaron", "gender": "male", "lastName": "Teo", "id": "3449208", "bio": "", "photo": {"prefix": "https://igx.4sqi.net/img/user/", "suffix": "/BLREC4V0SW522GI5.jpg"}, "homeCity": "Singapore", "lists": {"groups": [{"items": [], "count": 2, "type": "created"}]}}, {"tips": {"count": 20}, "contact": {"twitter": "judikayp", "facebook": "1336994145"}, "firstName": "JuDi", "gender": "female", "lastName": "KaYp\ud83d\udc52\ud83c\udf80\ud83c\udf38", "id": "3495092", "bio": "", "photo": {"prefix": "https://igx.4sqi.net/img/user/", "suffix": "/VV22PSJUAODPJNOU.jpg"}, "homeCity": "Australia, Sydney", "lists": {"groups": [{"items": [], "count": 2, "type": "created"}]}}, {"tips": {"count": 3}, "contact": {}, "firstName": "Linn Zaw", "gender": "male", "lastName": "Win", "id": "3679209", "bio": "", "photo": {"prefix": "https://igx.4sqi.net/img/user/", "suffix": "/XG2PS2EDKGXFCALP.jpg"}, "homeCity": "Singapore", "lists": {"groups": [{"items": [], "count": 2, "type": "created"}]}}, {"tips": {"count": 0}, "contact": {}, "firstName": "Straw Hat", "gender": "male", "lastName": "Ricky", "id": "6210834", "bio": "", "photo": {"prefix": "https://igx.4sqi.net/img/user/", "suffix": "/blank_boy.png", "default": true}, "homeCity": "Singapore", "lists": {"groups": [{"items": [], "count": 2, "type": "created"}]}}, {"tips": {"count": 0}, "contact": {"facebook": "1612675483"}, "firstName": "Aung", "gender": "male", "lastName": "Kyaw", "id": "11717426", "bio": "", "photo": {"prefix": "https://igx.4sqi.net/img/user/", "suffix": "/JZETJUW4JWD0TK55.jpg"}, "homeCity": "Singapore", "lists": {"groups": [{"items": [], "count": 2, "type": "created"}]}}, {"tips": {"count": 0}, "contact": {}, "firstName": "Maggie", "gender": "female", "lastName": "Aung", "id": "6069783", "bio": "", "photo": {"prefix": "https://igx.4sqi.net/img/user/", "suffix": "/6069783-RL0FRC14B421Y4TN.jpg"}, "homeCity": "Singapore", "lists": {"groups": [{"items": [], "count": 2, "type": "created"}]}}, {"tips": {"count": 0}, "contact": {"twitter": "romiepissdrunx", "facebook": "635398884"}, "firstName": "Romie", "gender": "male", "lastName": "Rahim", "id": "5323946", "bio": "", "photo": {"prefix": "https://igx.4sqi.net/img/user/", "suffix": "/NDSDBYE2X3TJTVW4.jpg"}, "homeCity": "Singapore", "lists": {"groups": [{"items": [], "count": 2, "type": "created"}]}}, {"tips": {"count": 0}, "contact": {"twitter": "soenaung", "facebook": "747855852"}, "firstName": "Soe Naung", "gender": "male", "lastName": "Win", "id": "3474757", "bio": "", "photo": {"prefix": "https://igx.4sqi.net/img/user/", "suffix": "/blank_boy.png", "default": true}, "homeCity": "Yangon, Burma", "lists": {"groups": [{"items": [], "count": 2, "type": "created"}]}}, {"tips": {"count": 0}, "contact": {}, "firstName": "Digvijay", "gender": "male", "lastName": "Yadav", "id": "4159451", "bio": "", "photo": {"prefix": "https://igx.4sqi.net/img/user/", "suffix": "/0JCOK1UCYQDETOMR.jpg"}, "homeCity": "Mumbai suburban, India", "lists": {"groups": [{"items": [], "count": 2, "type": "created"}]}}, {"tips": {"count": 0}, "contact": {"facebook": "100001805054076"}, "firstName": "Aung Zwe Htet", "gender": "male", "lastName": "Kyaw", "id": "4136667", "bio": "a tech enthusiast who really love programming", "photo": {"prefix": "https://igx.4sqi.net/img/user/", "suffix": "/YOPZDJV5SWO3OBE2.jpg"}, "homeCity": "Rockhampton, Australia", "lists": {"groups": [{"items": [], "count": 2, "type": "created"}]}}, {"tips": {"count": 1}, "contact": {"twitter": "hoshi_dishi", "facebook": "1555295829"}, "firstName": "Hoshi", "gender": "male", "lastName": "Dishi", "id": "6212036", "bio": "", "photo": {"prefix": "https://igx.4sqi.net/img/user/", "suffix": "/R4WTC4K1WVLVK2CP.jpg"}, "homeCity": "Singapore", "lists": {"groups": [{"items": [], "count": 2, "type": "created"}]}}, {"tips": {"count": 0}, "contact": {"facebook": "1358738128"}, "firstName": "Gu", "gender": "female", "lastName": "Gu", "id": "11723541", "bio": "", "photo": {"prefix": "https://igx.4sqi.net/img/user/", "suffix": "/blank_girl.png", "default": true}, "homeCity": "Singapore", "lists": {"groups": [{"items": [], "count": 2, "type": "created"}]}}, {"tips": {"count": 1}, "contact": {"facebook": "100001368978419"}, "firstName": "myohtetaung", "gender": "male", "id": "7484597", "bio": "", "photo": {"prefix": "https://igx.4sqi.net/img/user/", "suffix": "/H3L3YCWMWBGN4SMR.jpg"}, "homeCity": "Yangon, Myanmar", "lists": {"groups": [{"items": [], "count": 2, "type": "created"}]}}, {"tips": {"count": 0}, "contact": {"facebook": "1356034072"}, "firstName": "Aye", "gender": "female", "lastName": "Swe", "id": "8963656", "bio": "", "photo": {"prefix": "https://igx.4sqi.net/img/user/", "suffix": "/YLRQ5BZW5WDA21VL.jpg"}, "homeCity": "Yangon, Burma", "lists": {"groups": [{"items": [], "count": 2, "type": "created"}]}}, {"tips": {"count": 0}, "contact": {}, "firstName": "ThaungSu", "gender": "male", "lastName": "Nyein", "id": "4188502", "bio": "", "photo": {"prefix": "https://igx.4sqi.net/img/user/", "suffix": "/blank_boy.png", "default": true}, "homeCity": "Unnamed Location", "lists": {"groups": [{"items": [], "count": 2, "type": "created"}]}}, {"tips": {"count": 0}, "contact": {"twitter": "artisticsenses", "facebook": "594411908"}, "firstName": "Swee Hong", "gender": "male", "lastName": "Ko", "id": "4161670", "bio": "", "photo": {"prefix": "https://igx.4sqi.net/img/user/", "suffix": "/PARC2LRVBINIRZ5B.jpg"}, "homeCity": "Singapore", "lists": {"groups": [{"items": [], "count": 2, "type": "created"}]}}, {"tips": {"count": 10}, "contact": {}, "firstName": "Kim", "gender": "male", "lastName": "Schotanus", "id": "4692229", "bio": "", "photo": {"prefix": "https://igx.4sqi.net/img/user/", "suffix": "/NI2WK2IOE1MLE2TJ.jpg"}, "homeCity": "Antwerp, Belgium", "lists": {"groups": [{"items": [], "count": 2, "type": "created"}]}}, {"tips": {"count": 0}, "contact": {"facebook": "1574930907"}, "firstName": "\u1031\u1019\u102c\u1004\u1039", "gender": "male", "lastName": "\u1014\u103d\u1004\u1039\u1038\u101c\u1030", "id": "6909236", "bio": "", "photo": {"prefix": "https://igx.4sqi.net/img/user/", "suffix": "/OQ2BSEZEX44N4RQ0.jpg"}, "homeCity": "\u0e25\u0e38\u0e21\u0e1e\u0e34\u0e19\u0e35, \u0e1b\u0e23\u0e30\u0e40\u0e17\u0e28\u0e44\u0e17\u0e22", "lists": {"groups": [{"items": [], "count": 2, "type": "created"}]}}, {"tips": {"count": 2}, "contact": {"twitter": "azizkhalid", "facebook": "661391525"}, "firstName": "Aziz", "gender": "male", "lastName": "Khalid", "id": "11968720", "bio": "", "photo": {"prefix": "https://igx.4sqi.net/img/user/", "suffix": "/F25TLDH32GFHN3WV.jpg"}, "homeCity": "Singapore", "lists": {"groups": [{"items": [], "count": 2, "type": "created"}]}}, {"tips": {"count": 0}, "contact": {"facebook": "1743361574"}, "firstName": "\u9976", "gender": "male", "lastName": "\u6d77\u6e05", "id": "11176670", "bio": "", "photo": {"prefix": "https://igx.4sqi.net/img/user/", "suffix": "/HQQH4MIPTJEVSVIP.jpg"}, "homeCity": "Yangon, Burma", "lists": {"groups": [{"items": [], "count": 2, "type": "created"}]}}, {"tips": {"count": 10}, "contact": {"facebook": "818205100"}, "firstName": "exiter", "gender": "male", "id": "4203695", "bio": "", "photo": {"prefix": "https://igx.4sqi.net/img/user/", "suffix": "/4203695-W4THZZMJGPFLMGOH.jpg"}, "homeCity": "Yangon, Burma", "lists": {"groups": [{"items": [], "count": 2, "type": "created"}]}}, {"tips": {"count": 0}, "contact": {"twitter": "aybustami", "facebook": "631201295"}, "firstName": "A.Y", "gender": "male", "lastName": "Bustami", "id": "6048534", "bio": "", "photo": {"prefix": "https://igx.4sqi.net/img/user/", "suffix": "/OWDAWBT0T142MOQ0.jpg"}, "homeCity": "woodlands,Singapore", "lists": {"groups": [{"items": [], "count": 2, "type": "created"}]}}, {"tips": {"count": 0}, "contact": {"facebook": "1726975638"}, "firstName": "Aung", "gender": "male", "lastName": "Thu Kyaw", "id": "16029786", "bio": "", "photo": {"prefix": "https://igx.4sqi.net/img/user/", "suffix": "/KFQCCQA4V0RMH0UE.jpg"}, "homeCity": "Yangon, Burma", "lists": {"groups": [{"items": [], "count": 2, "type": "created"}]}}, {"tips": {"count": 0}, "contact": {"facebook": "1629707681"}, "firstName": "Mike", "gender": "male", "lastName": "Frozencity", "id": "11488549", "bio": "", "photo": {"prefix": "https://igx.4sqi.net/img/user/", "suffix": "/YQPK3LRXAMELYJAP.jpg"}, "homeCity": "Singapore", "lists": {"groups": [{"items": [], "count": 2, "type": "created"}]}}, {"tips": {"count": 0}, "contact": {"twitter": "icecanno_omgwtf"}, "firstName": "Pan", "gender": "female", "lastName": "Su", "id": "5008566", "bio": "", "photo": {"prefix": "https://igx.4sqi.net/img/user/", "suffix": "/DQ5SBSM4ZDMZY43Y.jpg"}, "homeCity": "Singapore", "lists": {"groups": [{"items": [], "count": 2, "type": "created"}]}}, {"tips": {"count": 0}, "contact": {}, "firstName": "Thant Thet", "gender": "male", "lastName": "Khin Zaw", "id": "6417632", "bio": "", "photo": {"prefix": "https://igx.4sqi.net/img/user/", "suffix": "/4QY0BJJXYQRWV0SY.jpg"}, "homeCity": "Singapore", "lists": {"groups": [{"items": [], "count": 2, "type": "created"}]}}, {"tips": {"count": 2}, "contact": {"twitter": "justinseinlin", "facebook": "227700098"}, "firstName": "Justin", "gender": "male", "lastName": "Lin", "id": "20730677", "bio": "", "photo": {"prefix": "https://igx.4sqi.net/img/user/", "suffix": "/1HBBL24XS3JTV4NX.jpg"}, "homeCity": "Elmhurst, NY", "lists": {"groups": [{"items": [], "count": 2, "type": "created"}]}}, {"tips": {"count": 0}, "contact": {}, "firstName": "Myint Myint", "gender": "female", "lastName": "Win", "id": "6397368", "bio": "", "photo": {"prefix": "https://igx.4sqi.net/img/user/", "suffix": "/NM1EXB5JK2CHO5V0.jpg"}, "homeCity": "Singapore", "lists": {"groups": [{"items": [], "count": 2, "type": "created"}]}}, {"tips": {"count": 30}, "contact": {"twitter": "yayaswan", "facebook": "1496591650"}, "firstName": "Khin Yuya", "gender": "female", "lastName": "Thet", "id": "8655017", "bio": "", "photo": {"prefix": "https://igx.4sqi.net/img/user/", "suffix": "/IIULPCDQ1GT41JFQ.jpg"}, "homeCity": "Singapore", "lists": {"groups": [{"items": [], "count": 2, "type": "created"}]}}, {"tips": {"count": 9}, "contact": {"twitter": "mattmin", "facebook": "100001299643648"}, "firstName": "Min Tun Hla", "gender": "male", "lastName": "Maw", "id": "8824061", "bio": "\u1019\u1004\u103a\u1038\u1011\u103d\u1014\u103a\u1038\u101c\u103e\u1019\u1031\u102c\u103a\u104f Digital \u1001\u103c\u1031\u101b\u102c\u1019\u103b\u102c\u1038 \u1005\u102f\u1005\u100a\u103a\u1038\u101b\u102c\u104b", "photo": {"prefix": "https://igx.4sqi.net/img/user/", "suffix": "/8824061-IUDZDYE1WHDSAEGW.jpg"}, "homeCity": "Singapore", "lists": {"groups": [{"items": [], "count": 3, "type": "created"}]}}, {"tips": {"count": 1}, "contact": {"facebook": "747210942"}, "firstName": "Tun", "gender": "male", "lastName": "Naing", "id": "8835984", "bio": "", "photo": {"prefix": "https://igx.4sqi.net/img/user/", "suffix": "/KDPK02WX0BN04XR4.jpg"}, "homeCity": "Yangon, Burma", "lists": {"groups": [{"items": [], "count": 2, "type": "created"}]}}, {"tips": {"count": 0}, "contact": {"facebook": "672379766"}, "firstName": "Cavin", "gender": "male", "lastName": "Chang", "id": "10949207", "bio": "", "photo": {"prefix": "https://igx.4sqi.net/img/user/", "suffix": "/EZBOA3IETCNNPN51.jpg"}, "homeCity": "Singapore", "lists": {"groups": [{"items": [], "count": 2, "type": "created"}]}}], "count": 178}, "checksum": "0fa9bba7f117291f83c9ce26ac9e67f77adf3886"}, "meta": {"requestId": "5965d20add57972d49c00e2c", "code": 200}}