{"notifications": [{"type": "notificationTray", "item": {"unreadCount": 0}}], "response": {"friends": {"items": [{"tips": {"count": 0}, "contact": {"facebook": "100000779765304"}, "firstName": "Marsha", "gender": "female", "lastName": "Ayumi", "id": "11609379", "bio": "", "photo": {"prefix": "https://igx.4sqi.net/img/user/", "suffix": "/WVRNKYYI1EP2IQHN.jpg"}, "homeCity": "lavender@sg", "lists": {"groups": [{"items": [], "count": 2, "type": "created"}]}}, {"tips": {"count": 0}, "contact": {"facebook": "719222634"}, "firstName": "Nicholas", "gender": "male", "lastName": "Ong", "id": "4468379", "bio": "", "photo": {"prefix": "https://igx.4sqi.net/img/user/", "suffix": "/LNIOUBGMYUFLC024.jpg"}, "homeCity": "New York, NY", "lists": {"groups": [{"items": [], "count": 2, "type": "created"}]}}, {"tips": {"count": 0}, "contact": {}, "firstName": "Robin", "gender": "male", "lastName": "Sim", "id": "6710602", "bio": "", "photo": {"prefix": "https://igx.4sqi.net/img/user/", "suffix": "/CIH1DFEYJ0TAAXRE.jpg"}, "homeCity": "Singapore", "lists": {"groups": [{"items": [], "count": 2, "type": "created"}]}}, {"tips": {"count": 3}, "contact": {}, "firstName": "weiming", "gender": "male", "id": "3509576", "bio": "", "photo": {"prefix": "https://igx.4sqi.net/img/user/", "suffix": "/T34WUQLBGXB414YD.jpg"}, "homeCity": "tampines new town", "lists": {"groups": [{"items": [], "count": 2, "type": "created"}]}}, {"tips": {"count": 1}, "contact": {"facebook": "754989472"}, "firstName": "James", "gender": "male", "lastName": "Lam", "id": "369668", "bio": "", "photo": {"prefix": "https://igx.4sqi.net/img/user/", "suffix": "/blank_boy.png", "default": true}, "homeCity": "Singapore", "lists": {"groups": [{"items": [], "count": 2, "type": "created"}]}}, {"tips": {"count": 3}, "contact": {}, "firstName": "iful", "gender": "male", "lastName": "md", "id": "4252287", "bio": "", "photo": {"prefix": "https://igx.4sqi.net/img/user/", "suffix": "/5KGNCZZ52YFAJMNT.jpg"}, "homeCity": "Singapore", "lists": {"groups": [{"items": [], "count": 2, "type": "created"}]}}, {"tips": {"count": 0}, "contact": {"facebook": "721989803"}, "firstName": "Tiew", "gender": "male", "lastName": "Edmund", "id": "4176887", "bio": "", "photo": {"prefix": "https://igx.4sqi.net/img/user/", "suffix": "/JVTQDNTZ0JSLNLPP.jpg"}, "homeCity": "Singapore", "lists": {"groups": [{"items": [], "count": 2, "type": "created"}]}}, {"tips": {"count": 0}, "contact": {"facebook": "100000842625685"}, "firstName": "Gary tan", "gender": "male", "id": "5457213", "bio": "", "photo": {"prefix": "https://igx.4sqi.net/img/user/", "suffix": "/blank_boy.png", "default": true}, "homeCity": "Singapore", "lists": {"groups": [{"items": [], "count": 2, "type": "created"}]}}, {"tips": {"count": 0}, "contact": {"facebook": "703906351"}, "firstName": "Jeff", "gender": "male", "lastName": "Poon", "id": "2626514", "bio": "", "photo": {"prefix": "https://igx.4sqi.net/img/user/", "suffix": "/UR4I35EHPHGNJIMQ.jpg"}, "homeCity": "Singapore", "lists": {"groups": [{"items": [], "count": 2, "type": "created"}]}}, {"tips": {"count": 0}, "contact": {"facebook": "1672702126"}, "firstName": "Ping", "gender": "male", "lastName": "Ping", "id": "2205822", "bio": "", "photo": {"prefix": "https://igx.4sqi.net/img/user/", "suffix": "/COVAETDGDIVWXPI0.jpg"}, "homeCity": "Singapore", "lists": {"groups": [{"items": [], "count": 2, "type": "created"}]}}, {"tips": {"count": 0}, "contact": {}, "firstName": "sky", "gender": "male", "lastName": "tan", "id": "299433", "bio": "", "photo": {"prefix": "https://igx.4sqi.net/img/user/", "suffix": "/XVBKN300IMTVS5SF.jpg"}, "homeCity": "Singapore", "lists": {"groups": [{"items": [], "count": 2, "type": "created"}]}}, {"tips": {"count": 0}, "contact": {"facebook": "660245922"}, "firstName": "Devon", "gender": "female", "lastName": "Lau", "id": "3476702", "bio": "", "photo": {"prefix": "https://igx.4sqi.net/img/user/", "suffix": "/blank_girl.png", "default": true}, "homeCity": "Singapore", "lists": {"groups": [{"items": [], "count": 2, "type": "created"}]}}, {"tips": {"count": 6}, "contact": {"twitter": "shigehisa", "facebook": "651647443"}, "firstName": "Ichiro", "gender": "male", "lastName": "Shigehisa", "id": "779060", "bio": "Just a sentimental, loyal, down to earth, home minded guy Who is Happy With What He Have & Will Like To Know More Ppl To Enlarge Current Circle Of Friends.", "photo": {"prefix": "https://igx.4sqi.net/img/user/", "suffix": "/NQ1TDCJICESIVDT1.jpg"}, "homeCity": "Singapore", "lists": {"groups": [{"items": [], "count": 2, "type": "created"}]}}, {"tips": {"count": 2}, "contact": {"twitter": "josephuang", "facebook": "522275932"}, "firstName": "Joseph", "gender": "male", "lastName": "Huang", "id": "1479536", "bio": "", "photo": {"prefix": "https://igx.4sqi.net/img/user/", "suffix": "/NAMEPN2JYHUNXUL3.jpg"}, "homeCity": "Sengkang, Singapore", "lists": {"groups": [{"items": [], "count": 2, "type": "created"}]}}, {"tips": {"count": 1}, "contact": {"facebook": "880175281"}, "firstName": "Cradle", "gender": "female", "lastName": "Tan", "id": "4208064", "bio": "", "photo": {"prefix": "https://igx.4sqi.net/img/user/", "suffix": "/ZSX4ZWOGGTCH20KS.jpg"}, "homeCity": "Singapore", "lists": {"groups": [{"items": [], "count": 2, "type": "created"}]}}, {"tips": {"count": 2}, "contact": {"twitter": "chernjie", "facebook": "511067128"}, "firstName": "ChernJie", "gender": "male", "id": "1154160", "bio": "", "photo": {"prefix": "https://igx.4sqi.net/img/user/", "suffix": "/OOJVPR1BEA2F2RW2.jpg"}, "homeCity": "Kunming, Yunnan", "lists": {"groups": [{"items": [], "count": 2, "type": "created"}]}}, {"tips": {"count": 0}, "contact": {"facebook": "780214119"}, "firstName": "Gabriel", "gender": "male", "lastName": "Toh", "id": "2593059", "bio": "", "photo": {"prefix": "https://igx.4sqi.net/img/user/", "suffix": "/FOMKIFIIV3OAHPMA.jpg"}, "homeCity": "Singapore", "lists": {"groups": [{"items": [], "count": 2, "type": "created"}]}}, {"tips": {"count": 5}, "contact": {"twitter": "llhomme", "facebook": "513849523"}, "firstName": "Leslie", "gender": "male", "lastName": "Lin", "id": "915408", "bio": "", "photo": {"prefix": "https://igx.4sqi.net/img/user/", "suffix": "/ZUYJNASBAGNXE3AK.jpg"}, "homeCity": "Singapore", "lists": {"groups": [{"items": [], "count": 2, "type": "created"}]}}, {"tips": {"count": 1}, "contact": {"facebook": "719827847"}, "firstName": "Jing", "gender": "female", "lastName": "Jing", "id": "2165381", "bio": "", "photo": {"prefix": "https://igx.4sqi.net/img/user/", "suffix": "/B1BXCJDRHKPHPTDI.jpg"}, "homeCity": "Singapore, ", "lists": {"groups": [{"items": [], "count": 2, "type": "created"}]}}, {"tips": {"count": 2}, "contact": {"facebook": "776410554"}, "firstName": "Gideon", "gender": "male", "lastName": "Yong", "id": "20589329", "bio": "", "photo": {"prefix": "https://igx.4sqi.net/img/user/", "suffix": "/SN52L2ZJO1W4IWT2.jpg"}, "homeCity": "804 King George's ave", "lists": {"groups": [{"items": [], "count": 2, "type": "created"}]}}, {"tips": {"count": 0}, "contact": {}, "firstName": "Soo", "gender": "female", "lastName": "Charmane", "id": "6189114", "bio": "", "photo": {"prefix": "https://igx.4sqi.net/img/user/", "suffix": "/CIRUJZV024DTMNFK.jpg"}, "homeCity": "Singapore", "lists": {"groups": [{"items": [], "count": 2, "type": "created"}]}}, {"tips": {"count": 0}, "contact": {"facebook": "613377153"}, "firstName": "tony", "gender": "male", "lastName": "ang", "id": "6804805", "bio": "", "photo": {"prefix": "https://igx.4sqi.net/img/user/", "suffix": "/blank_boy.png", "default": true}, "homeCity": "Singapore", "lists": {"groups": [{"items": [], "count": 2, "type": "created"}]}}, {"tips": {"count": 3}, "contact": {"twitter": "mzdaziemae", "facebook": "10206673758021017"}, "firstName": "Michelle", "gender": "female", "lastName": "Rocha", "id": "28504825", "bio": "", "photo": {"prefix": "https://igx.4sqi.net/img/user/", "suffix": "/CEUBSC1DM3ZKMTTD.jpg"}, "homeCity": "Madera, California", "lists": {"groups": [{"items": [], "count": 3, "type": "created"}]}}, {"tips": {"count": 0}, "contact": {"facebook": "1343641809"}, "firstName": "Pennie", "gender": "female", "lastName": "Courtois", "id": "10597090", "bio": "", "photo": {"prefix": "https://igx.4sqi.net/img/user/", "suffix": "/SPEGUUZ5YSPGL54E.jpg"}, "homeCity": "Phoenix, AZ", "lists": {"groups": [{"items": [], "count": 2, "type": "created"}]}}, {"tips": {"count": 0}, "contact": {}, "firstName": "marni", "gender": "female", "lastName": "md noor", "id": "7617570", "bio": "", "photo": {"prefix": "https://igx.4sqi.net/img/user/", "suffix": "/NM5CVNPD3QFKOZHY.jpg"}, "homeCity": "Singapore", "lists": {"groups": [{"items": [], "count": 2, "type": "created"}]}}, {"tips": {"count": 0}, "contact": {}, "firstName": "Lin", "gender": "male", "lastName": "Xizheng", "id": "6577680", "bio": "", "photo": {"prefix": "https://igx.4sqi.net/img/user/", "suffix": "/blank_boy.png", "default": true}, "homeCity": "Singapore", "lists": {"groups": [{"items": [], "count": 2, "type": "created"}]}}, {"tips": {"count": 0}, "contact": {"twitter": "mundz86", "facebook": "652665830"}, "firstName": "Edmund", "gender": "male", "lastName": "Low", "id": "5662161", "bio": "", "photo": {"prefix": "https://igx.4sqi.net/img/user/", "suffix": "/blank_boy.png", "default": true}, "homeCity": "Singapore", "lists": {"groups": [{"items": [], "count": 2, "type": "created"}]}}, {"tips": {"count": 3}, "contact": {"facebook": "598231681"}, "firstName": "Alice", "gender": "female", "lastName": "Ng", "id": "2842288", "bio": "", "photo": {"prefix": "https://igx.4sqi.net/img/user/", "suffix": "/F2MWRYDXZQI03GTL.jpg"}, "homeCity": "Singapore", "lists": {"groups": [{"items": [], "count": 2, "type": "created"}]}}, {"tips": {"count": 0}, "contact": {"facebook": "608021083"}, "firstName": "WP.", "gender": "male", "lastName": "Tan", "id": "3749467", "bio": "", "photo": {"prefix": "https://igx.4sqi.net/img/user/", "suffix": "/blank_boy.png", "default": true}, "homeCity": "Singapore", "lists": {"groups": [{"items": [], "count": 2, "type": "created"}]}}, {"tips": {"count": 0}, "contact": {"facebook": "536654704"}, "firstName": "yin", "gender": "female", "lastName": "shi", "id": "2300696", "bio": "", "photo": {"prefix": "https://igx.4sqi.net/img/user/", "suffix": "/YZVG5RVQDG2SG3FL.jpg"}, "homeCity": "Singapore", "lists": {"groups": [{"items": [], "count": 2, "type": "created"}]}}, {"tips": {"count": 3}, "contact": {"facebook": "742186489"}, "firstName": "Yuanqian", "gender": "male", "lastName": "Lu", "id": "3477374", "bio": "", "photo": {"prefix": "https://igx.4sqi.net/img/user/", "suffix": "/5NF4AIAGQX1GD4AM.jpg"}, "homeCity": "Singapore", "lists": {"groups": [{"items": [], "count": 2, "type": "created"}]}}, {"tips": {"count": 1}, "contact": {}, "firstName": "Gurpreet", "gender": "female", "lastName": "Sidhu", "id": "4813107", "bio": "", "photo": {"prefix": "https://igx.4sqi.net/img/user/", "suffix": "/0BIGPK3IAD01MZTY.jpg"}, "homeCity": "Singapore", "lists": {"groups": [{"items": [], "count": 2, "type": "created"}]}}, {"tips": {"count": 2}, "contact": {"facebook": "657074680"}, "firstName": "Aviet", "gender": "male", "lastName": "Yong", "id": "1766799", "bio": "", "photo": {"prefix": "https://igx.4sqi.net/img/user/", "suffix": "/C2YGQ52KXENNPSF3.jpg"}, "homeCity": "Singapore", "lists": {"groups": [{"items": [], "count": 2, "type": "created"}]}}, {"tips": {"count": 0}, "contact": {"facebook": "514470238"}, "firstName": "Zhong Yaodong", "gender": "male", "id": "1723531", "bio": "", "photo": {"prefix": "https://igx.4sqi.net/img/user/", "suffix": "/XKDUUZ2BPFFPQYUY.jpg"}, "homeCity": "Singapore", "lists": {"groups": [{"items": [], "count": 2, "type": "created"}]}}, {"tips": {"count": 0}, "contact": {"facebook": "739403740"}, "firstName": "Samuel", "gender": "male", "lastName": "Tan", "id": "2677573", "bio": "", "photo": {"prefix": "https://igx.4sqi.net/img/user/", "suffix": "/CTMHOWMHT5VDGUGY.jpg"}, "homeCity": "Singapore", "lists": {"groups": [{"items": [], "count": 2, "type": "created"}]}}, {"tips": {"count": 0}, "contact": {"facebook": "581091061"}, "firstName": "Jl", "gender": "female", "lastName": "Chen", "id": "33502863", "bio": "", "photo": {"prefix": "https://igx.4sqi.net/img/user/", "suffix": "/4FGTRMYWNIHPRAWQ.jpg"}, "homeCity": "Singapore", "lists": {"groups": [{"items": [], "count": 2, "type": "created"}]}}, {"tips": {"count": 0}, "contact": {"twitter": "roystantan", "facebook": "571955652"}, "firstName": "Roystan", "gender": "male", "lastName": "Xian", "id": "23329538", "bio": "", "photo": {"prefix": "https://igx.4sqi.net/img/user/", "suffix": "/DMTLDKNS2HLY30ZD.jpg"}, "homeCity": "New York, NY", "lists": {"groups": [{"items": [], "count": 2, "type": "created"}]}}, {"tips": {"count": 0}, "contact": {"facebook": "539091453"}, "firstName": "Wesley", "gender": "male", "lastName": "gu", "id": "7246112", "bio": "", "photo": {"prefix": "https://igx.4sqi.net/img/user/", "suffix": "/blank_boy.png", "default": true}, "homeCity": "Singapore", "lists": {"groups": [{"items": [], "count": 2, "type": "created"}]}}, {"tips": {"count": 5}, "contact": {"facebook": "100001096688275"}, "firstName": "Zoltan", "gender": "male", "lastName": "Doman", "id": "7029100", "bio": "", "photo": {"prefix": "https://igx.4sqi.net/img/user/", "suffix": "/BHEQRUDYIEUNO4KH.jpg"}, "homeCity": "D\u00e1ny, Magyarorsz\u00e1g", "lists": {"groups": [{"items": [], "count": 2, "type": "created"}]}}, {"tips": {"count": 0}, "contact": {"facebook": "510980802"}, "firstName": "Desmond", "gender": "male", "lastName": "Chua", "id": "10282383", "bio": "", "photo": {"prefix": "https://igx.4sqi.net/img/user/", "suffix": "/JWZW04C0QBASLU5H.jpg"}, "homeCity": "Singapore", "lists": {"groups": [{"items": [], "count": 2, "type": "created"}]}}, {"tips": {"count": 0}, "contact": {}, "firstName": "Edwin", "gender": "male", "lastName": "Goh", "id": "7866506", "bio": "", "photo": {"prefix": "https://igx.4sqi.net/img/user/", "suffix": "/4GLVKXNQN4GWNYIM.jpg"}, "homeCity": "Singapore", "lists": {"groups": [{"items": [], "count": 2, "type": "created"}]}}, {"tips": {"count": 0}, "contact": {"facebook": "663162427"}, "firstName": "Sky", "gender": "male", "lastName": "Tan", "id": "15451114", "bio": "", "photo": {"prefix": "https://igx.4sqi.net/img/user/", "suffix": "/blank_boy.png", "default": true}, "homeCity": "Singapore", "lists": {"groups": [{"items": [], "count": 2, "type": "created"}]}}, {"tips": {"count": 2}, "contact": {"twitter": "nateatsyou", "facebook": "711126501"}, "firstName": "Nathanael", "gender": "male", "lastName": "Tan", "id": "2842423", "bio": "", "photo": {"prefix": "https://igx.4sqi.net/img/user/", "suffix": "/JAA0IQLKV3ZQ3NRC.jpg"}, "homeCity": "Singapore", "lists": {"groups": [{"items": [], "count": 2, "type": "created"}]}}, {"tips": {"count": 0}, "contact": {}, "firstName": "Teo", "gender": "female", "lastName": "Angie", "id": "8088457", "bio": "", "photo": {"prefix": "https://igx.4sqi.net/img/user/", "suffix": "/QJY5KA2Z0MGTWQU5.jpg"}, "homeCity": "Singapore", "lists": {"groups": [{"items": [], "count": 2, "type": "created"}]}}, {"tips": {"count": 0}, "contact": {"twitter": "xlxdragoxlx", "facebook": "1786908047"}, "firstName": "'Kokkiong", "gender": "male", "lastName": "Drago", "id": "4102419", "bio": "", "photo": {"prefix": "https://igx.4sqi.net/img/user/", "suffix": "/5RZZKFXBFUNEN54H.jpg"}, "homeCity": "Singapore", "lists": {"groups": [{"items": [], "count": 2, "type": "created"}]}}, {"tips": {"count": 0}, "contact": {"facebook": "581217968"}, "firstName": "Jun Xiang", "gender": "male", "lastName": "Ong", "id": "8918310", "bio": "", "photo": {"prefix": "https://igx.4sqi.net/img/user/", "suffix": "/1NGDQHZGQQ0ZUOTF.jpg"}, "homeCity": "Singapore", "lists": {"groups": [{"items": [], "count": 2, "type": "created"}]}}, {"tips": {"count": 6}, "contact": {"facebook": "595307671"}, "firstName": "Keith", "gender": "male", "lastName": "Lee", "id": "3553097", "bio": "", "photo": {"prefix": "https://igx.4sqi.net/img/user/", "suffix": "/3BF4JHWBEWNLVUZH.jpg"}, "homeCity": "Singapore", "lists": {"groups": [{"items": [], "count": 2, "type": "created"}]}}, {"tips": {"count": 1}, "contact": {"facebook": "699097874"}, "firstName": "Gl3nn", "gender": "male", "lastName": "Chan", "id": "3008123", "bio": "", "photo": {"prefix": "https://igx.4sqi.net/img/user/", "suffix": "/C0GPMXSRWQZSRH51.jpg"}, "homeCity": "Singapore", "lists": {"groups": [{"items": [], "count": 2, "type": "created"}]}}, {"tips": {"count": 0}, "contact": {"facebook": "650601253"}, "firstName": "Qiuyun", "gender": "none", "lastName": "Lin", "id": "3040427", "bio": "", "photo": {"prefix": "https://igx.4sqi.net/img/user/", "suffix": "/PJYNTLMKEZCALSR1.jpg"}, "homeCity": "Singapore", "lists": {"groups": [{"items": [], "count": 2, "type": "created"}]}}, {"tips": {"count": 0}, "contact": {"facebook": "741818830"}, "firstName": "Thomas", "gender": "male", "lastName": "Lee", "id": "38216832", "bio": "", "photo": {"prefix": "https://igx.4sqi.net/img/user/", "suffix": "/O5J1EWDSTBNEDGRX.jpg"}, "homeCity": "New York, NY", "lists": {"groups": [{"items": [], "count": 2, "type": "created"}]}}, {"tips": {"count": 0}, "contact": {"facebook": "678550443"}, "firstName": "Kevin", "gender": "male", "lastName": "Myung dae", "id": "12701871", "bio": "", "photo": {"prefix": "https://igx.4sqi.net/img/user/", "suffix": "/ML1U4GF504QP5FEW.jpg"}, "homeCity": "Singapore", "lists": {"groups": [{"items": [], "count": 2, "type": "created"}]}}, {"tips": {"count": 0}, "contact": {}, "firstName": "Jun cheng", "gender": "male", "lastName": "Lin", "id": "7161018", "bio": "", "photo": {"prefix": "https://igx.4sqi.net/img/user/", "suffix": "/2KWG2O22LI3PSHFL.jpg"}, "homeCity": "New York, NY", "lists": {"groups": [{"items": [], "count": 2, "type": "created"}]}}, {"tips": {"count": 0}, "contact": {"facebook": "686860178"}, "firstName": "Alex", "gender": "male", "lastName": "Yeo", "id": "14121757", "bio": "", "photo": {"prefix": "https://igx.4sqi.net/img/user/", "suffix": "/blank_boy.png", "default": true}, "homeCity": "Singapore", "lists": {"groups": [{"items": [], "count": 2, "type": "created"}]}}, {"tips": {"count": 0}, "contact": {"facebook": "501902854"}, "firstName": "May", "gender": "female", "lastName": "Cheng", "id": "8022492", "bio": "", "photo": {"prefix": "https://igx.4sqi.net/img/user/", "suffix": "/1UJ5QVGRRJWAYQWT.jpg"}, "homeCity": "Singapore", "lists": {"groups": [{"items": [], "count": 2, "type": "created"}]}}, {"tips": {"count": 0}, "contact": {"twitter": "fabianoshunsuke", "facebook": "628310987"}, "firstName": "Fabian", "gender": "male", "lastName": "Lim", "id": "3361194", "bio": "", "photo": {"prefix": "https://igx.4sqi.net/img/user/", "suffix": "/WDZCFJCWZDCVUPCH.jpg"}, "homeCity": "Singapore", "lists": {"groups": [{"items": [], "count": 3, "type": "created"}]}}, {"tips": {"count": 0}, "contact": {"facebook": "607694561"}, "firstName": "Jerry", "gender": "male", "lastName": "\u90b1\u6b63\u7406", "id": "31065986", "bio": "", "photo": {"prefix": "https://igx.4sqi.net/img/user/", "suffix": "/B4CHESOKRDCORQZF.jpg"}, "homeCity": "New York, NY", "lists": {"groups": [{"items": [], "count": 2, "type": "created"}]}}, {"tips": {"count": 1}, "contact": {"facebook": "508666229"}, "firstName": "Gau Gau", "gender": "male", "lastName": "Lim", "id": "4935225", "bio": "", "photo": {"prefix": "https://igx.4sqi.net/img/user/", "suffix": "/4935225-DLCHG4RPBYDEFZQ2.jpg"}, "homeCity": "Batu Caves, Malaysia", "lists": {"groups": [{"items": [], "count": 2, "type": "created"}]}}, {"tips": {"count": 0}, "contact": {"facebook": "813951505"}, "firstName": "Jeycez", "gender": "male", "lastName": "Lim", "id": "3106030", "bio": "", "photo": {"prefix": "https://igx.4sqi.net/img/user/", "suffix": "/0QAQFHADMAB31GZR.jpg"}, "homeCity": "Singapore", "lists": {"groups": [{"items": [], "count": 2, "type": "created"}]}}, {"tips": {"count": 0}, "contact": {"twitter": "xiaosky51268", "facebook": "503349834"}, "firstName": "Xiaosky", "gender": "male", "lastName": "Xiaosky51268", "id": "3508905", "bio": "", "photo": {"prefix": "https://igx.4sqi.net/img/user/", "suffix": "/RMESLS2YVUBFEO4C.jpg"}, "homeCity": "Singapore", "lists": {"groups": [{"items": [], "count": 2, "type": "created"}]}}, {"tips": {"count": 0}, "contact": {"facebook": "650913742"}, "firstName": "Vincent", "gender": "male", "id": "29745244", "bio": "", "photo": {"prefix": "https://igx.4sqi.net/img/user/", "suffix": "/N3RM2QJ1GNAYS5XF.jpg"}, "homeCity": "New York, NY", "lists": {"groups": [{"items": [], "count": 2, "type": "created"}]}}, {"tips": {"count": 0}, "contact": {"facebook": "581139025"}, "firstName": "Andy", "gender": "male", "lastName": "Ronaldo", "id": "11732657", "bio": "", "photo": {"prefix": "https://igx.4sqi.net/img/user/", "suffix": "/ZPT05RTATLI1YWV4.jpg"}, "homeCity": "Singapore", "lists": {"groups": [{"items": [], "count": 2, "type": "created"}]}}, {"tips": {"count": 3}, "contact": {"facebook": "615053513"}, "firstName": "Nicholas", "gender": "male", "lastName": "Tang", "id": "22215030", "bio": "", "photo": {"prefix": "https://igx.4sqi.net/img/user/", "suffix": "/22215030-WRSNF0SGXBSFPMC4.jpg"}, "homeCity": "johor bahru", "lists": {"groups": [{"items": [], "count": 6, "type": "created"}]}}, {"tips": {"count": 1}, "contact": {"facebook": "504811594"}, "firstName": "Lin", "gender": "male", "lastName": "Xizheng", "id": "8982678", "bio": "", "photo": {"prefix": "https://igx.4sqi.net/img/user/", "suffix": "/blank_boy.png", "default": true}, "homeCity": "Singapore", "lists": {"groups": [{"items": [], "count": 2, "type": "created"}]}}, {"tips": {"count": 3}, "contact": {"facebook": "700763261"}, "firstName": "Jack", "gender": "male", "lastName": "Tan", "id": "3574011", "bio": "", "photo": {"prefix": "https://igx.4sqi.net/img/user/", "suffix": "/BXF5VKRC3JPME1XX.jpg"}, "homeCity": "Singapore", "lists": {"groups": [{"items": [], "count": 2, "type": "created"}]}}, {"tips": {"count": 0}, "contact": {"facebook": "683531238"}, "firstName": "Sarah", "gender": "female", "id": "5429486", "bio": "", "photo": {"prefix": "https://igx.4sqi.net/img/user/", "suffix": "/1VFKZGSHA11XACUC.jpg"}, "homeCity": "Singapore", "lists": {"groups": [{"items": [], "count": 2, "type": "created"}]}}, {"tips": {"count": 1}, "contact": {"facebook": "633148400"}, "firstName": "Goh", "gender": "male", "lastName": "Thuan Yung", "id": "3147517", "bio": "", "photo": {"prefix": "https://igx.4sqi.net/img/user/", "suffix": "/EZAA0RGXQA25GGS3.jpg"}, "homeCity": "Ipoh, Malaysia", "lists": {"groups": [{"items": [], "count": 2, "type": "created"}]}}, {"tips": {"count": 1}, "contact": {"facebook": "681847920"}, "firstName": "Max", "gender": "male", "lastName": "Ng Jiwei", "id": "3672490", "bio": "", "photo": {"prefix": "https://igx.4sqi.net/img/user/", "suffix": "/HKXPMG2MBMB0CJN3.jpg"}, "homeCity": "Singapore", "lists": {"groups": [{"items": [], "count": 2, "type": "created"}]}}, {"tips": {"count": 0}, "contact": {"facebook": "690111719"}, "firstName": "Wending", "gender": "male", "lastName": "Han", "id": "11904685", "bio": "", "photo": {"prefix": "https://igx.4sqi.net/img/user/", "suffix": "/512U5FNTYMQ4FL5Z.jpg"}, "homeCity": "Singapore", "lists": {"groups": [{"items": [], "count": 2, "type": "created"}]}}, {"tips": {"count": 4}, "contact": {"twitter": "jettarga", "facebook": "1348737629"}, "firstName": "Sophie", "gender": "female", "lastName": "Bonnenfant", "id": "28223454", "bio": "", "photo": {"prefix": "https://igx.4sqi.net/img/user/", "suffix": "/HBUERBHLLKGCXZJA.jpg"}, "homeCity": "Champagne-Ardenne", "lists": {"groups": [{"items": [], "count": 2, "type": "created"}]}}, {"tips": {"count": 0}, "contact": {"facebook": "1352657501"}, "firstName": "Kian Hin", "gender": "male", "lastName": "Lee", "id": "10138732", "bio": "", "photo": {"prefix": "https://igx.4sqi.net/img/user/", "suffix": "/CCQSIKHVE0TMEVKX.jpg"}, "homeCity": "Johor Bahru, Malaysia", "lists": {"groups": [{"items": [], "count": 2, "type": "created"}]}}, {"tips": {"count": 0}, "contact": {}, "firstName": "Jessica", "gender": "female", "lastName": "Lau", "id": "4898556", "bio": "", "photo": {"prefix": "https://igx.4sqi.net/img/user/", "suffix": "/blank_girl.png", "default": true}, "homeCity": "Singapore", "lists": {"groups": [{"items": [], "count": 2, "type": "created"}]}}, {"tips": {"count": 4}, "contact": {"facebook": "610309379"}, "firstName": "Yong", "gender": "male", "lastName": "Woon Chin", "id": "8551942", "bio": "", "photo": {"prefix": "https://igx.4sqi.net/img/user/", "suffix": "/5GTLE4NF2SOL3ZID.jpg"}, "homeCity": "Taiping, Malaysia", "lists": {"groups": [{"items": [], "count": 2, "type": "created"}]}}, {"tips": {"count": 3}, "contact": {"twitter": "nafimuya", "facebook": "695497386"}, "firstName": "Devin", "gender": "male", "lastName": "Lam", "id": "3244669", "bio": "", "photo": {"prefix": "https://igx.4sqi.net/img/user/", "suffix": "/LZA4Y1KXZS3CE5SX.jpg"}, "homeCity": "Singapore", "lists": {"groups": [{"items": [], "count": 2, "type": "created"}]}}, {"tips": {"count": 1}, "contact": {"facebook": "631048120"}, "firstName": "Brandon", "gender": "none", "lastName": "Leow", "id": "3850918", "bio": "", "photo": {"prefix": "https://igx.4sqi.net/img/user/", "suffix": "/2WGL5ULACHTX2KWY.jpg"}, "homeCity": "Singapore", "lists": {"groups": [{"items": [], "count": 2, "type": "created"}]}}, {"tips": {"count": 0}, "contact": {"facebook": "664525485"}, "firstName": "Joel", "gender": "male", "lastName": "Lim", "id": "20235313", "bio": "", "photo": {"prefix": "https://igx.4sqi.net/img/user/", "suffix": "/KJYI3C3X4SJGVYFV.jpg"}, "homeCity": "Singapore", "lists": {"groups": [{"items": [], "count": 2, "type": "created"}]}}, {"tips": {"count": 0}, "contact": {"facebook": "618357218"}, "firstName": "Chan", "gender": "male", "lastName": "Yi Quan", "id": "4901144", "bio": "", "photo": {"prefix": "https://igx.4sqi.net/img/user/", "suffix": "/MUXFWUUICIJWWPSD.jpg"}, "homeCity": "Singapore", "lists": {"groups": [{"items": [], "count": 2, "type": "created"}]}}, {"tips": {"count": 3}, "contact": {"twitter": "afresh_felicia", "facebook": "100000442412401"}, "firstName": "Felicia", "gender": "female", "lastName": "Goh", "id": "3469016", "bio": "", "photo": {"prefix": "https://igx.4sqi.net/img/user/", "suffix": "/3CCKD0512TSNME1O.jpg"}, "homeCity": "Singapore", "lists": {"groups": [{"items": [], "count": 2, "type": "created"}]}}, {"tips": {"count": 0}, "contact": {"twitter": "teztay21", "facebook": "688981346"}, "firstName": "Tez", "gender": "male", "lastName": "Tay", "id": "3878894", "bio": "", "photo": {"prefix": "https://igx.4sqi.net/img/user/", "suffix": "/0ELKFTXFPEQABLXQ.jpg"}, "homeCity": "Singapore", "lists": {"groups": [{"items": [], "count": 2, "type": "created"}]}}, {"tips": {"count": 0}, "contact": {"facebook": "701312841"}, "firstName": "sebastian", "gender": "male", "lastName": "goh", "id": "5113776", "bio": "", "photo": {"prefix": "https://igx.4sqi.net/img/user/", "suffix": "/TH51FCLAZQIF2PA1.jpg"}, "homeCity": "Singapore", "lists": {"groups": [{"items": [], "count": 2, "type": "created"}]}}, {"tips": {"count": 0}, "contact": {"twitter": "patrickling"}, "firstName": "Ling", "gender": "male", "lastName": "Patrick", "id": "3643396", "bio": "", "photo": {"prefix": "https://igx.4sqi.net/img/user/", "suffix": "/MXIGIB2P3IPJN1FV.jpg"}, "homeCity": "Singapore", "lists": {"groups": [{"items": [], "count": 2, "type": "created"}]}}, {"tips": {"count": 0}, "contact": {"facebook": "630534004"}, "firstName": "lin", "gender": "male", "lastName": "kelvin", "id": "4020551", "bio": "", "photo": {"prefix": "https://igx.4sqi.net/img/user/", "suffix": "/1X3JF4VGN1S4W0U3.jpg"}, "homeCity": "Singapore", "lists": {"groups": [{"items": [], "count": 2, "type": "created"}]}}, {"tips": {"count": 18}, "contact": {"facebook": "512540907"}, "firstName": "Seb", "gender": "male", "lastName": ".", "id": "5319078", "bio": "", "photo": {"prefix": "https://igx.4sqi.net/img/user/", "suffix": "/3TJMF05QVTHUO22Y.jpg"}, "homeCity": "Singapore", "lists": {"groups": [{"items": [], "count": 2, "type": "created"}]}}, {"tips": {"count": 1}, "contact": {"facebook": "713928638"}, "firstName": "Natalie", "gender": "female", "lastName": "Wong", "id": "3984857", "bio": "", "photo": {"prefix": "https://igx.4sqi.net/img/user/", "suffix": "/QEC0A5DQ5O4BXMWU.jpg"}, "homeCity": "Singapore", "lists": {"groups": [{"items": [], "count": 2, "type": "created"}]}}, {"tips": {"count": 0}, "contact": {}, "firstName": "Ahda", "gender": "male", "lastName": "Da", "id": "4604808", "bio": "", "photo": {"prefix": "https://igx.4sqi.net/img/user/", "suffix": "/blank_boy.png", "default": true}, "homeCity": "Singapore", "lists": {"groups": [{"items": [], "count": 2, "type": "created"}]}}, {"tips": {"count": 0}, "contact": {"facebook": "709901941"}, "firstName": "Yong", "gender": "male", "lastName": "Sheng Yew", "id": "4733598", "bio": "", "photo": {"prefix": "https://igx.4sqi.net/img/user/", "suffix": "/5HDKOC4IOFZ2Z5HZ.jpg"}, "homeCity": "New York, NY", "lists": {"groups": [{"items": [], "count": 2, "type": "created"}]}}, {"tips": {"count": 1}, "contact": {"facebook": "1701146063"}, "firstName": "Petopia", "gender": "male", "lastName": "Singapore", "id": "5540403", "bio": "", "photo": {"prefix": "https://igx.4sqi.net/img/user/", "suffix": "/RMB2ZI1V1LUQ03CR.jpg"}, "homeCity": "Singapore", "lists": {"groups": [{"items": [], "count": 2, "type": "created"}]}}, {"tips": {"count": 0}, "contact": {"twitter": "geraldlimz", "facebook": "626192693"}, "firstName": "Gerald", "gender": "male", "lastName": "Lim", "id": "5905023", "bio": "", "photo": {"prefix": "https://igx.4sqi.net/img/user/", "suffix": "/YFSHH5LLMU5JWCP0.jpg"}, "homeCity": "Singapore", "lists": {"groups": [{"items": [], "count": 2, "type": "created"}]}}, {"tips": {"count": 0}, "contact": {"facebook": "607040591"}, "firstName": "Pei Jia", "gender": "male", "lastName": "Ang", "id": "6655452", "bio": "", "photo": {"prefix": "https://igx.4sqi.net/img/user/", "suffix": "/DBTR4R0P05JM05BW.jpg"}, "homeCity": "Singapore", "lists": {"groups": [{"items": [], "count": 2, "type": "created"}]}}], "count": 88}, "checksum": "898f6e2af6f5ef1700287771235f120f4278c7ba"}, "meta": {"requestId": "5965f0651ed21919f9b0aecf", "code": 200}}