{"notifications": [{"type": "notificationTray", "item": {"unreadCount": 0}}], "response": {"friends": {"items": [{"tips": {"count": 8}, "contact": {}, "firstName": "HRH", "gender": "male", "lastName": "\ue056", "id": "4450826", "bio": "", "photo": {"prefix": "https://igx.4sqi.net/img/user/", "suffix": "/4450826-B2FP4VY5FC5IMEN2.jpg"}, "homeCity": "Singapore", "lists": {"groups": [{"items": [], "count": 2, "type": "created"}]}}, {"tips": {"count": 0}, "contact": {"twitter": "xysynergisticyx", "facebook": "1576341764"}, "firstName": "Ryan", "gender": "male", "lastName": "Ong", "id": "28726207", "bio": "", "photo": {"prefix": "https://igx.4sqi.net/img/user/", "suffix": "/D5EQ4ZVZZWCJRASX.jpg"}, "homeCity": "New York, NY", "lists": {"groups": [{"items": [], "count": 2, "type": "created"}]}}, {"tips": {"count": 4}, "contact": {"twitter": "marcloy", "facebook": "732829675"}, "firstName": "Marcus", "gender": "male", "id": "4312215", "bio": "", "photo": {"prefix": "https://igx.4sqi.net/img/user/", "suffix": "/0IS02F1JFXO1HCN3.jpg"}, "homeCity": "Singapore", "lists": {"groups": [{"items": [], "count": 2, "type": "created"}]}}, {"tips": {"count": 12}, "contact": {"twitter": "alvtoz", "facebook": "100001022722848"}, "firstName": "Alvin", "gender": "male", "lastName": "Zeng", "id": "1591878", "bio": "", "photo": {"prefix": "https://igx.4sqi.net/img/user/", "suffix": "/POQEVFUBA1YSUKFI.jpg"}, "homeCity": "Tampines, Singapore", "lists": {"groups": [{"items": [], "count": 2, "type": "created"}]}}, {"tips": {"count": 3}, "contact": {}, "firstName": "weiming", "gender": "male", "id": "3509576", "bio": "", "photo": {"prefix": "https://igx.4sqi.net/img/user/", "suffix": "/T34WUQLBGXB414YD.jpg"}, "homeCity": "tampines new town", "lists": {"groups": [{"items": [], "count": 2, "type": "created"}]}}, {"tips": {"count": 0}, "contact": {"twitter": "waimenggg", "facebook": "1199740572"}, "firstName": "Chong", "gender": "male", "lastName": "WaiMeng", "id": "30181362", "bio": "It's just me and you anywhere", "photo": {"prefix": "https://igx.4sqi.net/img/user/", "suffix": "/ZW4WNIFEMQ33ED15.jpg"}, "homeCity": "Singapore", "lists": {"groups": [{"items": [], "count": 2, "type": "created"}]}}, {"tips": {"count": 0}, "contact": {"twitter": "yeekit"}, "firstName": "Yee kit", "gender": "female", "lastName": "Tan", "id": "3770457", "bio": "", "photo": {"prefix": "https://igx.4sqi.net/img/user/", "suffix": "/PCNHFTAAUKS0ALOF.jpg"}, "homeCity": "Singapore", "lists": {"groups": [{"items": [], "count": 2, "type": "created"}]}}, {"tips": {"count": 0}, "contact": {}, "firstName": "Derrick", "gender": "male", "lastName": "Weikeong", "id": "6667830", "bio": "", "photo": {"prefix": "https://igx.4sqi.net/img/user/", "suffix": "/30XZHYJ0QHRTAODU.jpg"}, "homeCity": "Singapore", "lists": {"groups": [{"items": [], "count": 2, "type": "created"}]}}, {"tips": {"count": 0}, "contact": {"twitter": "ervintwj", "facebook": "1017276028"}, "firstName": "Ervin", "gender": "male", "lastName": "Tham", "id": "515555", "bio": "Former caffeine addict and party animal. Follow me on Twitter and Instagram at @ervintwj. Whatsapp at 97274772.", "photo": {"prefix": "https://igx.4sqi.net/img/user/", "suffix": "/ZWV3GEDCYICADUAK.jpg"}, "homeCity": "Singapore", "lists": {"groups": [{"items": [], "count": 3, "type": "created"}]}}, {"tips": {"count": 19}, "contact": {"twitter": "aksuperdance", "facebook": "100001050001609"}, "firstName": "Catch Me If You Can", "gender": "male", "id": "245336", "bio": "", "photo": {"prefix": "https://igx.4sqi.net/img/user/", "suffix": "/AN5C1Y2O3ISF0HUD.jpg"}, "homeCity": "Singapore", "lists": {"groups": [{"items": [], "count": 4, "type": "created"}]}}, {"tips": {"count": 0}, "contact": {"twitter": "rerney"}, "firstName": "Rene", "gender": "female", "lastName": "Ng", "id": "5507513", "bio": "If you think you know me, think again.", "photo": {"prefix": "https://igx.4sqi.net/img/user/", "suffix": "/PXZ3IOLG2X5GIWRV.jpg"}, "homeCity": "Singapore", "lists": {"groups": [{"items": [], "count": 2, "type": "created"}]}}, {"tips": {"count": 1}, "contact": {"twitter": "uniquelykelvin", "facebook": "660845409"}, "firstName": "Kelvin", "gender": "male", "lastName": "Tay", "id": "1619285", "bio": "", "photo": {"prefix": "https://igx.4sqi.net/img/user/", "suffix": "/MSWNWNFSHHFDW3N5.jpg"}, "homeCity": "Chinatown, Singapore", "lists": {"groups": [{"items": [], "count": 2, "type": "created"}]}}, {"tips": {"count": 1}, "contact": {"twitter": "aliciaxinhuisia", "facebook": "601391053"}, "firstName": "Alicia", "gender": "female", "lastName": "Sia", "id": "1577772", "bio": "", "photo": {"prefix": "https://igx.4sqi.net/img/user/", "suffix": "/BGEXMJVAQOKIBCGR.jpg"}, "homeCity": "Singapore", "lists": {"groups": [{"items": [], "count": 2, "type": "created"}]}}, {"tips": {"count": 2}, "contact": {"facebook": "100000809776087"}, "firstName": "yummilicious", "gender": "male", "lastName": "chocolatas", "id": "2488186", "bio": "", "photo": {"prefix": "https://igx.4sqi.net/img/user/", "suffix": "/CP5YZKJNGNWH22EW.jpg"}, "homeCity": "Singapore", "lists": {"groups": [{"items": [], "count": 4, "type": "created"}]}}, {"tips": {"count": 3}, "contact": {"facebook": "742186489"}, "firstName": "Yuanqian", "gender": "male", "lastName": "Lu", "id": "3477374", "bio": "", "photo": {"prefix": "https://igx.4sqi.net/img/user/", "suffix": "/5NF4AIAGQX1GD4AM.jpg"}, "homeCity": "Singapore", "lists": {"groups": [{"items": [], "count": 2, "type": "created"}]}}, {"tips": {"count": 4}, "contact": {"facebook": "609083034"}, "firstName": "Ben", "gender": "male", "lastName": "Ng", "id": "3129195", "bio": "", "photo": {"prefix": "https://igx.4sqi.net/img/user/", "suffix": "/H35FLEQ3ZUOADHAY.jpg"}, "homeCity": "Singapore", "lists": {"groups": [{"items": [], "count": 2, "type": "created"}]}}, {"tips": {"count": 2}, "contact": {"facebook": "597436700"}, "firstName": "Noririyani", "gender": "female", "lastName": "Yusop", "id": "3805707", "bio": "", "photo": {"prefix": "https://igx.4sqi.net/img/user/", "suffix": "/U5EI1HCRMKG2RBP5.jpg"}, "homeCity": "Singapore", "lists": {"groups": [{"items": [], "count": 2, "type": "created"}]}}, {"tips": {"count": 3}, "contact": {"twitter": "lilwhisperercc", "facebook": "661520812"}, "firstName": "Christie", "gender": "female", "lastName": "Chua", "id": "1472853", "bio": "", "photo": {"prefix": "https://igx.4sqi.net/img/user/", "suffix": "/AN4RR1K1WVK3PATA.jpg"}, "homeCity": "Singapore", "lists": {"groups": [{"items": [], "count": 2, "type": "created"}]}}, {"tips": {"count": 0}, "contact": {"twitter": "polalion", "facebook": "596411652"}, "firstName": "Zhaohan", "gender": "male", "lastName": "Chua", "id": "2143919", "bio": "", "photo": {"prefix": "https://igx.4sqi.net/img/user/", "suffix": "/JLYOEU4H4DGZISH2.png"}, "homeCity": "Singapore", "lists": {"groups": [{"items": [], "count": 2, "type": "created"}]}}, {"tips": {"count": 9}, "contact": {"twitter": "hpility", "facebook": "525866033"}, "firstName": "Hpility", "gender": "male", "lastName": "Yeo", "id": "918441", "bio": "Http://hpility.sg | http://hpility.blogspot.com", "photo": {"prefix": "https://igx.4sqi.net/img/user/", "suffix": "/918441-LOPYWION2OSADKJE.jpg"}, "homeCity": "Tampines, Singapore", "lists": {"groups": [{"items": [], "count": 3, "type": "created"}]}}, {"tips": {"count": 4}, "contact": {"twitter": "kendricklau", "facebook": "591697637"}, "firstName": "Kendrick", "gender": "male", "lastName": "Lau", "id": "2604846", "bio": "# Media Trainer #\r\n# Adobe Certified Expert #", "photo": {"prefix": "https://igx.4sqi.net/img/user/", "suffix": "/3GDOBN4KNMJ2P42Y.jpg"}, "homeCity": "Singapore", "lists": {"groups": [{"items": [], "count": 2, "type": "created"}]}}, {"tips": {"count": 2}, "contact": {"twitter": "thebusy_girl", "facebook": "10209167057644485"}, "firstName": "Sarah", "gender": "female", "lastName": "A", "id": "2151656", "bio": "Travel Junkie. +65", "photo": {"prefix": "https://igx.4sqi.net/img/user/", "suffix": "/G0KEDKJB0YBVZP3Q.jpg"}, "homeCity": "Singapore", "lists": {"groups": [{"items": [], "count": 3, "type": "created"}]}}, {"tips": {"count": 36}, "contact": {}, "firstName": "@nehpyh", "gender": "male", "lastName": "Line/Talkbox: nehpyh", "id": "4451907", "bio": "", "photo": {"prefix": "https://igx.4sqi.net/img/user/", "suffix": "/4451907-TJFQ42KP4VGE05R4.jpg"}, "homeCity": "Singapore", "lists": {"groups": [{"items": [], "count": 2, "type": "created"}]}}, {"tips": {"count": 0}, "contact": {"twitter": "stickyluvuzxc", "facebook": "1657631597"}, "firstName": "Eugenia", "gender": "female", "id": "30475718", "bio": "", "photo": {"prefix": "https://igx.4sqi.net/img/user/", "suffix": "/KDNU2RGKJJ1PWWBS.jpg"}, "homeCity": "New York, NY", "lists": {"groups": [{"items": [], "count": 2, "type": "created"}]}}, {"tips": {"count": 0}, "contact": {"facebook": "1550593413"}, "firstName": "Loong", "gender": "male", "lastName": "Joshua", "id": "4351538", "bio": "", "photo": {"prefix": "https://igx.4sqi.net/img/user/", "suffix": "/J1HQLT43UNUAI5BP.jpg"}, "homeCity": "Singapore", "lists": {"groups": [{"items": [], "count": 2, "type": "created"}]}}, {"tips": {"count": 0}, "contact": {"facebook": "790455505"}, "firstName": "james", "gender": "male", "lastName": "Cheong", "id": "7075705", "bio": "", "photo": {"prefix": "https://igx.4sqi.net/img/user/", "suffix": "/CX3F5QPNP4Y1LTJJ.jpg"}, "homeCity": "Melbourne, Australia", "lists": {"groups": [{"items": [], "count": 2, "type": "created"}]}}, {"tips": {"count": 0}, "contact": {"twitter": "yeobyebye", "facebook": "1002086211"}, "firstName": "Jovin", "gender": "female", "lastName": "Yeo", "id": "3515261", "bio": "", "photo": {"prefix": "https://igx.4sqi.net/img/user/", "suffix": "/NYPYAFK4KAVXCI0S.jpg"}, "homeCity": "Singapore", "lists": {"groups": [{"items": [], "count": 2, "type": "created"}]}}, {"tips": {"count": 0}, "contact": {"twitter": "sallywongg"}, "firstName": "Sally", "gender": "female", "lastName": "Wong", "id": "3773523", "bio": "", "photo": {"prefix": "https://igx.4sqi.net/img/user/", "suffix": "/G3VY4JPKZ0B1UMC3.jpg"}, "homeCity": "Singapore", "lists": {"groups": [{"items": [], "count": 2, "type": "created"}]}}, {"tips": {"count": 0}, "contact": {"twitter": "al0haall0y", "facebook": "789003777"}, "firstName": "Alloysius", "gender": "male", "lastName": "E", "id": "7666358", "bio": "", "photo": {"prefix": "https://igx.4sqi.net/img/user/", "suffix": "/blank_boy.png", "default": true}, "homeCity": "Singapore", "lists": {"groups": [{"items": [], "count": 2, "type": "created"}]}}, {"tips": {"count": 37}, "contact": {}, "firstName": "Tan", "gender": "male", "lastName": "Colvis", "id": "4282270", "bio": "", "photo": {"prefix": "https://igx.4sqi.net/img/user/", "suffix": "/SQOA14JIUGBBFDRQ.jpg"}, "homeCity": "Singapore", "lists": {"groups": [{"items": [], "count": 3, "type": "created"}]}}, {"tips": {"count": 30}, "contact": {"twitter": "unheardchaos", "facebook": "100001121624381"}, "firstName": "Jason Jdithrysen", "gender": "male", "lastName": "Chua", "id": "5553141", "bio": "Dance is an expression of one's self. I dance to inspire.", "photo": {"prefix": "https://igx.4sqi.net/img/user/", "suffix": "/0H0VLCCH1CC34DUS.jpg"}, "homeCity": "Singapore", "lists": {"groups": [{"items": [], "count": 2, "type": "created"}]}}, {"tips": {"count": 0}, "contact": {"twitter": "vicinspires", "facebook": "1129886527"}, "firstName": "Vic", "gender": "male", "lastName": "Vic", "id": "2703229", "bio": "", "photo": {"prefix": "https://igx.4sqi.net/img/user/", "suffix": "/KDCVMC5GZA31HLQI.jpg"}, "homeCity": "Singapore", "lists": {"groups": [{"items": [], "count": 2, "type": "created"}]}}, {"tips": {"count": 8}, "contact": {"twitter": "andrewmixo", "facebook": "559192643"}, "firstName": "Andrew", "gender": "male", "lastName": "Mixo", "id": "2558325", "bio": "Mixologist", "photo": {"prefix": "https://igx.4sqi.net/img/user/", "suffix": "/2558325-00RLVPHMNEGYATIH.jpg"}, "homeCity": "Jurong West, Singapore", "lists": {"groups": [{"items": [], "count": 2, "type": "created"}]}}, {"tips": {"count": 0}, "contact": {"twitter": "edelynliau", "facebook": "574600162"}, "firstName": "Edelyn", "gender": "female", "lastName": "L", "id": "3784093", "bio": "People that know the least of you, always have the most to say.", "photo": {"prefix": "https://igx.4sqi.net/img/user/", "suffix": "/TLQFHLNPBKLZDLQX.jpg"}, "homeCity": "Singapore", "lists": {"groups": [{"items": [], "count": 2, "type": "created"}]}}, {"tips": {"count": 4}, "contact": {}, "firstName": "Chang", "gender": "male", "lastName": "Joel", "id": "1563103", "bio": "", "photo": {"prefix": "https://igx.4sqi.net/img/user/", "suffix": "/MJHOPPENKCX1BCLS.jpg"}, "homeCity": "Singapore, ", "lists": {"groups": [{"items": [], "count": 2, "type": "created"}]}}, {"tips": {"count": 7}, "contact": {"facebook": "532677224"}, "firstName": "Kevin", "gender": "male", "lastName": "Yin", "id": "955110", "bio": "", "photo": {"prefix": "https://igx.4sqi.net/img/user/", "suffix": "/IEJ3UNPAOKAWQ3FK.jpg"}, "homeCity": "Singapore", "lists": {"groups": [{"items": [], "count": 2, "type": "created"}]}}, {"tips": {"count": 34}, "contact": {"twitter": "chewjunming", "facebook": "509696229"}, "firstName": "Andrew", "gender": "male", "lastName": "Chew", "id": "2759068", "bio": "", "photo": {"prefix": "https://igx.4sqi.net/img/user/", "suffix": "/TDEFBTHNPKZTA0AE.jpg"}, "homeCity": "Singapore", "lists": {"groups": [{"items": [], "count": 4, "type": "created"}]}}, {"tips": {"count": 0}, "contact": {}, "firstName": "jellybeans", "gender": "female", "lastName": "tan", "id": "9335930", "bio": "", "photo": {"prefix": "https://igx.4sqi.net/img/user/", "suffix": "/5USSK5AQ3EDWFCAN.jpg"}, "homeCity": "New York, NY", "lists": {"groups": [{"items": [], "count": 2, "type": "created"}]}}, {"tips": {"count": 4}, "contact": {"facebook": "686022056"}, "firstName": "Jonathan", "gender": "male", "lastName": "Quek", "id": "4469128", "bio": "", "photo": {"prefix": "https://igx.4sqi.net/img/user/", "suffix": "/QR3A5WWFWDDLNR2K.jpg"}, "homeCity": "Singapore", "lists": {"groups": [{"items": [], "count": 2, "type": "created"}]}}, {"tips": {"count": 11}, "contact": {"facebook": "612799262"}, "firstName": "\ue240 Douglas", "gender": "male", "lastName": "Pay \u2764", "id": "7130339", "bio": "", "photo": {"prefix": "https://igx.4sqi.net/img/user/", "suffix": "/GISQPZKJMKSJNM1U.jpg"}, "homeCity": "Singapore", "lists": {"groups": [{"items": [], "count": 2, "type": "created"}]}}, {"tips": {"count": 4}, "contact": {"twitter": "_clarcat"}, "firstName": "Clarissa", "gender": "female", "lastName": "C", "id": "9233974", "bio": "", "photo": {"prefix": "https://igx.4sqi.net/img/user/", "suffix": "/9233974-ZVBFB2O4OOLSTU5U.jpg"}, "homeCity": "Singapore", "lists": {"groups": [{"items": [], "count": 2, "type": "created"}]}}, {"tips": {"count": 6}, "contact": {"facebook": "100002536088840"}, "firstName": "BryanNZC", "gender": "male", "id": "4668659", "bio": "Life's a pitch. Ain't know what you will be facing tomorrow.", "photo": {"prefix": "https://igx.4sqi.net/img/user/", "suffix": "/4668659-4TCRAZBTIZ3CICTK.jpg"}, "homeCity": "Singapore", "lists": {"groups": [{"items": [], "count": 2, "type": "created"}]}}, {"tips": {"count": 0}, "contact": {"twitter": "belsimm"}, "firstName": "Annabel", "gender": "female", "lastName": "Sim", "id": "8085713", "bio": "", "photo": {"prefix": "https://igx.4sqi.net/img/user/", "suffix": "/blank_girl.png", "default": true}, "homeCity": "Singapore", "lists": {"groups": [{"items": [], "count": 2, "type": "created"}]}}, {"tips": {"count": 15}, "contact": {}, "firstName": "Keith", "gender": "male", "lastName": "Tay", "id": "5586965", "bio": "", "photo": {"prefix": "https://igx.4sqi.net/img/user/", "suffix": "/VOTFF2BG5451TOXP.jpg"}, "homeCity": "Singapore", "lists": {"groups": [{"items": [], "count": 2, "type": "created"}]}}, {"tips": {"count": 1}, "contact": {"twitter": "cyndianah", "facebook": "10153730007346000"}, "firstName": "Cyndiana", "gender": "female", "lastName": "Ho", "id": "2703891", "bio": "", "photo": {"prefix": "https://igx.4sqi.net/img/user/", "suffix": "/PLY5R1TFYNETIXHG.jpg"}, "homeCity": "Singapore", "lists": {"groups": [{"items": [], "count": 2, "type": "created"}]}}, {"tips": {"count": 0}, "contact": {"facebook": "772608266"}, "firstName": "thawfiq", "gender": "male", "lastName": "ahmed", "id": "3530345", "bio": "", "photo": {"prefix": "https://igx.4sqi.net/img/user/", "suffix": "/ZFH2BEEIOVXBIZDZ.jpg"}, "homeCity": "Singapore", "lists": {"groups": [{"items": [], "count": 2, "type": "created"}]}}, {"tips": {"count": 0}, "contact": {}, "firstName": "ah", "gender": "male", "lastName": "huat", "id": "4065728", "bio": "", "photo": {"prefix": "https://igx.4sqi.net/img/user/", "suffix": "/HO1BQHTFWVSZ51XJ.jpg"}, "homeCity": "Unnamed Location", "lists": {"groups": [{"items": [], "count": 2, "type": "created"}]}}, {"tips": {"count": 0}, "contact": {"facebook": "100005760096117"}, "firstName": "Mac", "gender": "male", "lastName": "Bok", "id": "2952348", "bio": "", "photo": {"prefix": "https://igx.4sqi.net/img/user/", "suffix": "/HNSPBQPGQUZOXOXQ.jpg"}, "homeCity": "Singapore", "lists": {"groups": [{"items": [], "count": 2, "type": "created"}]}}, {"tips": {"count": 75}, "contact": {}, "firstName": "Lim", "gender": "male", "lastName": "Michael", "id": "1409182", "bio": "", "photo": {"prefix": "https://igx.4sqi.net/img/user/", "suffix": "/2SBGH1NJDIFR4R0K.jpg"}, "homeCity": "River Valley, Singapore", "lists": {"groups": [{"items": [], "count": 2, "type": "created"}]}}, {"tips": {"count": 1}, "contact": {"twitter": "jackson_robin", "facebook": "586010739"}, "firstName": "Jackson", "gender": "none", "lastName": "Robin", "id": "3316992", "bio": "", "photo": {"prefix": "https://igx.4sqi.net/img/user/", "suffix": "/Z4V0KOBIMIR4FLTH.jpg"}, "homeCity": "Singapore", "lists": {"groups": [{"items": [], "count": 2, "type": "created"}]}}, {"tips": {"count": 0}, "contact": {"twitter": "yiwen91"}, "firstName": "Yi Wen Ong", "gender": "female", "lastName": "\uc639\uc774\uc6ec", "id": "4890143", "bio": "", "photo": {"prefix": "https://igx.4sqi.net/img/user/", "suffix": "/JYELR45EKOLDNBPX.jpg"}, "homeCity": "Seoul, South Korea ", "lists": {"groups": [{"items": [], "count": 2, "type": "created"}]}}, {"tips": {"count": 1}, "contact": {"facebook": "874610225"}, "firstName": "Michael", "gender": "male", "lastName": "Lim", "id": "12813529", "bio": "", "photo": {"prefix": "https://igx.4sqi.net/img/user/", "suffix": "/blank_boy.png", "default": true}, "homeCity": "Singapore", "lists": {"groups": [{"items": [], "count": 2, "type": "created"}]}}, {"tips": {"count": 2}, "contact": {"twitter": "evalxn", "facebook": "564955882"}, "firstName": "Evalee", "gender": "female", "lastName": "Lin Qiao Xuan", "id": "7924422", "bio": "", "photo": {"prefix": "https://igx.4sqi.net/img/user/", "suffix": "/PTIKTX5JSUBQGMAY.jpg"}, "homeCity": "Singapore", "lists": {"groups": [{"items": [], "count": 2, "type": "created"}]}}, {"tips": {"count": 0}, "contact": {"facebook": "100002400551709"}, "firstName": "Piggy", "gender": "female", "lastName": "Emily", "id": "13466367", "bio": "\u6211\u53ea\u60f3\u8981\u4f60\u7231\u6211\u591a\u4e00\u70b9\u2665", "photo": {"prefix": "https://igx.4sqi.net/img/user/", "suffix": "/13466367-11AA2DFE3UJORPTG.jpg"}, "homeCity": "Singapore", "lists": {"groups": [{"items": [], "count": 5, "type": "created"}]}}, {"tips": {"count": 1}, "contact": {"twitter": "xiaoennix", "facebook": "10152879965037294"}, "firstName": "\u5c0f\u96c5", "gender": "female", "lastName": "\u2665", "id": "5589886", "bio": "milkbabyy.blogspot.com\nIG xmilkbaby", "photo": {"prefix": "https://igx.4sqi.net/img/user/", "suffix": "/5589886-UBFGE2RR3AA2ELUA.jpg"}, "homeCity": "Singapore", "lists": {"groups": [{"items": [], "count": 3, "type": "created"}]}}, {"tips": {"count": 0}, "contact": {}, "firstName": "Guo Hao", "gender": "male", "id": "2833021", "bio": "", "photo": {"prefix": "https://igx.4sqi.net/img/user/", "suffix": "/VKT3JV2EOG5PMFVP.jpg"}, "homeCity": "Singapore", "lists": {"groups": [{"items": [], "count": 2, "type": "created"}]}}, {"tips": {"count": 10}, "contact": {"twitter": "08windgod80", "facebook": "774530359"}, "firstName": "\ue443\u98a8\u795e\ue443", "gender": "male", "id": "3838815", "bio": "", "photo": {"prefix": "https://igx.4sqi.net/img/user/", "suffix": "/3LIRKBPXUHQ1UPWR.jpg"}, "homeCity": "Singapore", "lists": {"groups": [{"items": [], "count": 2, "type": "created"}]}}, {"tips": {"count": 17}, "contact": {"twitter": "lovefucklust", "facebook": "10154862629685618"}, "firstName": "Chrissy", "gender": "male", "lastName": "Pooh", "id": "4821775", "bio": "I drive, sing, eat, basketball, movie, iPhone and Facebook.", "photo": {"prefix": "https://igx.4sqi.net/img/user/", "suffix": "/4821775-BLG3LYDMSLREUJRG.jpg"}, "homeCity": "Singapore", "lists": {"groups": [{"items": [], "count": 2, "type": "created"}]}}, {"tips": {"count": 4}, "contact": {"twitter": "chaossiin", "facebook": "801999128"}, "firstName": "Alan", "gender": "male", "lastName": "Reeves", "id": "3348908", "bio": "", "photo": {"prefix": "https://igx.4sqi.net/img/user/", "suffix": "/3348908-4IQRRSJL0N1LF2QX.jpg"}, "homeCity": "Singapore", "lists": {"groups": [{"items": [], "count": 2, "type": "created"}]}}, {"tips": {"count": 49}, "contact": {}, "firstName": "Nelson", "gender": "male", "lastName": "Tan", "id": "1845484", "bio": "Businessman. Actor. Mr. Logistics & Insurance.", "photo": {"prefix": "https://igx.4sqi.net/img/user/", "suffix": "/1845484-WBBJRKP05W3FFJE4.jpg"}, "homeCity": "Singapore", "lists": {"groups": [{"items": [], "count": 2, "type": "created"}]}}, {"tips": {"count": 2}, "contact": {"facebook": "100000491855274"}, "firstName": "Shawn", "gender": "male", "lastName": "Wong", "id": "3693657", "bio": "", "photo": {"prefix": "https://igx.4sqi.net/img/user/", "suffix": "/ONIZT2PODIUPW4UR.jpg"}, "homeCity": "Singapore", "lists": {"groups": [{"items": [], "count": 2, "type": "created"}]}}, {"tips": {"count": 1}, "contact": {}, "firstName": "Marcus", "gender": "male", "lastName": "Galvez", "id": "6271330", "bio": "", "photo": {"prefix": "https://igx.4sqi.net/img/user/", "suffix": "/KVR01VI4FHIYBSNU.jpg"}, "homeCity": "Singapore", "lists": {"groups": [{"items": [], "count": 2, "type": "created"}]}}, {"tips": {"count": 0}, "contact": {}, "firstName": "Welna", "gender": "female", "lastName": "Yeo", "id": "12280667", "bio": "", "photo": {"prefix": "https://igx.4sqi.net/img/user/", "suffix": "/5HGQX2F5EPHMSDAV.jpg"}, "homeCity": "NY", "lists": {"groups": [{"items": [], "count": 2, "type": "created"}]}}, {"tips": {"count": 26}, "contact": {"facebook": "100001906762727"}, "firstName": "Yoona", "gender": "none", "lastName": "\uba54\uc2e0\uc800 \uc624\uc724\uc544", "id": "5830806", "bio": "Time are precious. We live like we're dying, try to precious your family/friends ^^ ~", "photo": {"prefix": "https://igx.4sqi.net/img/user/", "suffix": "/O1UAGYMI5VDI3OPR.jpg"}, "homeCity": "Singapore ^^", "lists": {"groups": [{"items": [], "count": 2, "type": "created"}]}}, {"tips": {"count": 4}, "contact": {"twitter": "simpleboi9", "facebook": "10153716774953194"}, "firstName": "JUNJIE", "gender": "male", "lastName": "ONG", "id": "3574769", "bio": "I must learn how to communicate more =)", "photo": {"prefix": "https://igx.4sqi.net/img/user/", "suffix": "/BMIRP03PBGPTXFM1.jpg"}, "homeCity": "Unnamed Location", "lists": {"groups": [{"items": [], "count": 2, "type": "created"}]}}, {"tips": {"count": 0}, "contact": {"facebook": "599061918"}, "firstName": "RuoKang", "gender": "male", "lastName": "Fabian", "id": "3878134", "bio": "", "photo": {"prefix": "https://igx.4sqi.net/img/user/", "suffix": "/ZZ5PAQFXFFWFJOES.jpg"}, "homeCity": "Singapore", "lists": {"groups": [{"items": [], "count": 2, "type": "created"}]}}, {"tips": {"count": 1}, "contact": {"twitter": "raymanestor", "facebook": "591465767"}, "firstName": "Raymond", "gender": "male", "lastName": "Emarosa Low", "id": "3545661", "bio": "", "photo": {"prefix": "https://igx.4sqi.net/img/user/", "suffix": "/SN1BGY0ZXLY0N0M4.jpg"}, "homeCity": "Singapore", "lists": {"groups": [{"items": [], "count": 2, "type": "created"}]}}, {"tips": {"count": 119}, "contact": {"facebook": "578579281"}, "firstName": "Elvin", "gender": "male", "lastName": "Yeo", "id": "2016878", "bio": "", "photo": {"prefix": "https://igx.4sqi.net/img/user/", "suffix": "/2016878-2X3GDDBLWXAUET1U"}, "homeCity": "Singapore", "lists": {"groups": [{"items": [], "count": 2, "type": "created"}]}}, {"tips": {"count": 6}, "contact": {"twitter": "machomonster", "facebook": "608148158"}, "firstName": "Macho", "gender": "none", "lastName": "Monster", "id": "3728882", "bio": "", "photo": {"prefix": "https://igx.4sqi.net/img/user/", "suffix": "/45LV0MGHR4Y2NVKB.jpg"}, "homeCity": "Singapore", "lists": {"groups": [{"items": [], "count": 2, "type": "created"}]}}, {"tips": {"count": 0}, "contact": {"facebook": "691538494"}, "firstName": "Darsh", "gender": "male", "lastName": "Daimontal", "id": "6519292", "bio": "", "photo": {"prefix": "https://igx.4sqi.net/img/user/", "suffix": "/1LQZCUHALWJ1HSTK.jpg"}, "homeCity": "Singapore", "lists": {"groups": [{"items": [], "count": 2, "type": "created"}]}}, {"tips": {"count": 17}, "contact": {"twitter": "lionel1983", "facebook": "727510103"}, "firstName": "Lionel", "gender": "male", "lastName": "Lin", "id": "5942812", "bio": "", "photo": {"prefix": "https://igx.4sqi.net/img/user/", "suffix": "/24IR5ALSVCTGPS1D.jpg"}, "homeCity": "Singapore", "lists": {"groups": [{"items": [], "count": 2, "type": "created"}]}}, {"tips": {"count": 13}, "contact": {"twitter": "yangboii", "facebook": "10153536766962719"}, "firstName": "yangg", "gender": "male", "lastName": "boii", "id": "3584397", "bio": "", "photo": {"prefix": "https://igx.4sqi.net/img/user/", "suffix": "/3584397-2S3ITVH3RKAFAPMY.jpg"}, "homeCity": "Singapore", "lists": {"groups": [{"items": [], "count": 3, "type": "created"}]}}, {"tips": {"count": 0}, "contact": {"twitter": "iijane"}, "firstName": "Jane", "gender": "female", "lastName": "Lee", "id": "3911739", "bio": "", "photo": {"prefix": "https://igx.4sqi.net/img/user/", "suffix": "/WDN3CQMMXK2J4H0W.jpg"}, "homeCity": "Singapore", "lists": {"groups": [{"items": [], "count": 2, "type": "created"}]}}, {"tips": {"count": 0}, "contact": {}, "firstName": "Joe", "gender": "male", "lastName": "Kayleb", "id": "5073655", "bio": "", "photo": {"prefix": "https://igx.4sqi.net/img/user/", "suffix": "/1LSXD0H40OWTJ24Q.jpg"}, "homeCity": "Singapore", "lists": {"groups": [{"items": [], "count": 2, "type": "created"}]}}, {"tips": {"count": 21}, "contact": {"twitter": "kimberlymeagan", "facebook": "566901687"}, "firstName": "Kimberly", "gender": "female", "lastName": "Meagan", "id": "2174373", "bio": "", "photo": {"prefix": "https://igx.4sqi.net/img/user/", "suffix": "/XMGUJLHPER24XKRA.jpg"}, "homeCity": "Singapore, ", "lists": {"groups": [{"items": [], "count": 3, "type": "created"}]}}, {"tips": {"count": 939}, "contact": {}, "firstName": "Lee", "gender": "none", "id": "3856597", "bio": "", "photo": {"prefix": "https://igx.4sqi.net/img/user/", "suffix": "/D4NN1FWHPD5NIWLQ.jpg"}, "homeCity": "Singapore", "lists": {"groups": [{"items": [], "count": 2, "type": "created"}]}}, {"tips": {"count": 0}, "contact": {"facebook": "100000148476305"}, "firstName": "Tere", "gender": "male", "lastName": "Han", "id": "6525803", "bio": "", "photo": {"prefix": "https://igx.4sqi.net/img/user/", "suffix": "/blank_boy.png", "default": true}, "homeCity": "Singapore", "lists": {"groups": [{"items": [], "count": 2, "type": "created"}]}}, {"tips": {"count": 0}, "contact": {}, "firstName": "welna", "gender": "female", "lastName": "yeo", "id": "5999242", "bio": "", "photo": {"prefix": "https://igx.4sqi.net/img/user/", "suffix": "/TSQGSJSE3WDGRICF.jpg"}, "homeCity": "Singapore", "lists": {"groups": [{"items": [], "count": 2, "type": "created"}]}}, {"tips": {"count": 2}, "contact": {"twitter": "orangeround", "facebook": "606600052"}, "firstName": "ChengYuan", "gender": "male", "lastName": "Goh", "id": "9031004", "bio": "", "photo": {"prefix": "https://igx.4sqi.net/img/user/", "suffix": "/2UKUJHKZ2SGAKUNF.jpg"}, "homeCity": "Singapore", "lists": {"groups": [{"items": [], "count": 2, "type": "created"}]}}, {"tips": {"count": 0}, "contact": {}, "firstName": "Jafall", "gender": "male", "lastName": "Mady", "id": "4053878", "bio": "", "photo": {"prefix": "https://igx.4sqi.net/img/user/", "suffix": "/EYDQO0SDWTI12JYA.jpg"}, "homeCity": "Singapore", "lists": {"groups": [{"items": [], "count": 2, "type": "created"}]}}, {"tips": {"count": 0}, "contact": {"facebook": "1590429155"}, "firstName": "Calvin", "gender": "male", "lastName": "Tan", "id": "5084974", "bio": "", "photo": {"prefix": "https://igx.4sqi.net/img/user/", "suffix": "/KZQFR03TF0UYXPER.jpg"}, "homeCity": "Singapore", "lists": {"groups": [{"items": [], "count": 2, "type": "created"}]}}, {"tips": {"count": 27}, "contact": {}, "firstName": "Brandon", "gender": "male", "lastName": "Yeo", "id": "2455282", "bio": "", "photo": {"prefix": "https://igx.4sqi.net/img/user/", "suffix": "/2455282-DPLTVBWDVLOB1VIJ.jpg"}, "homeCity": "Singapore", "lists": {"groups": [{"items": [], "count": 2, "type": "created"}]}}, {"tips": {"count": 3}, "contact": {"facebook": "1201636348"}, "firstName": "Yan", "gender": "male", "lastName": "Teo", "id": "5287844", "bio": "", "photo": {"prefix": "https://igx.4sqi.net/img/user/", "suffix": "/DWS5EGIV5SBQEFPW.jpg"}, "homeCity": "Singapore", "lists": {"groups": [{"items": [], "count": 2, "type": "created"}]}}, {"tips": {"count": 0}, "contact": {"twitter": "cherylgcl", "facebook": "1581464263"}, "firstName": "Cheryl", "gender": "female", "lastName": "Goh", "id": "8580674", "bio": "", "photo": {"prefix": "https://igx.4sqi.net/img/user/", "suffix": "/8580674-XFJ5SJQ2EBXCRH0G.jpg"}, "homeCity": "Singapore", "lists": {"groups": [{"items": [], "count": 2, "type": "created"}]}}, {"tips": {"count": 4}, "contact": {"facebook": "10208685007035846"}, "firstName": "Darryloves", "gender": "male", "id": "6004970", "bio": "", "photo": {"prefix": "https://igx.4sqi.net/img/user/", "suffix": "/TTACRZVXL2PZLIGN.jpg"}, "homeCity": "Singapore", "lists": {"groups": [{"items": [], "count": 2, "type": "created"}]}}, {"tips": {"count": 0}, "contact": {"twitter": "pkxy"}, "firstName": "Pricillia", "gender": "female", "lastName": "Koh", "id": "13059440", "bio": "", "photo": {"prefix": "https://igx.4sqi.net/img/user/", "suffix": "/blank_girl.png", "default": true}, "homeCity": "", "lists": {"groups": [{"items": [], "count": 2, "type": "created"}]}}, {"tips": {"count": 0}, "contact": {"twitter": "desmondkyc", "facebook": "680747115"}, "firstName": "Desmond", "gender": "male", "lastName": "Koh", "id": "7906597", "bio": "", "photo": {"prefix": "https://igx.4sqi.net/img/user/", "suffix": "/blank_boy.png", "default": true}, "homeCity": "Singapore", "lists": {"groups": [{"items": [], "count": 2, "type": "created"}]}}, {"tips": {"count": 4}, "contact": {"facebook": "1103973270"}, "firstName": "Jon", "gender": "male", "lastName": "Jam", "id": "2732107", "bio": "", "photo": {"prefix": "https://igx.4sqi.net/img/user/", "suffix": "/M2XXUEN1E5SSMEDB.jpg"}, "homeCity": "Singapore", "lists": {"groups": [{"items": [], "count": 2, "type": "created"}]}}, {"tips": {"count": 11}, "contact": {"twitter": "bloodyrose037"}, "firstName": "Yuki", "gender": "male", "lastName": "Sohma", "id": "5872282", "bio": "", "photo": {"prefix": "https://igx.4sqi.net/img/user/", "suffix": "/ZZRVBJ225XA4SNHG.jpg"}, "homeCity": "Singapore", "lists": {"groups": [{"items": [], "count": 2, "type": "created"}]}}, {"tips": {"count": 61}, "contact": {}, "firstName": "Jexston", "gender": "male", "lastName": "Ong", "id": "11966330", "bio": "", "photo": {"prefix": "https://igx.4sqi.net/img/user/", "suffix": "/LU0I2LBOWIRVZNQT.jpg"}, "homeCity": "East, Singapore ", "lists": {"groups": [{"items": [], "count": 2, "type": "created"}]}}, {"tips": {"count": 8}, "contact": {"twitter": "shikslx", "facebook": "1568284429"}, "firstName": "Shi", "gender": "female", "lastName": "\ud83e\udd84", "id": "6103343", "bio": "", "photo": {"prefix": "https://igx.4sqi.net/img/user/", "suffix": "/6103343_NmKJzNar_Eg9tCjIwPRQHEzlyBZOHdK5lKCzpVtY0j4yccMHn3wBcAsiVhaQK10EkMuRzac2p.jpg"}, "homeCity": "Singapore", "lists": {"groups": [{"items": [], "count": 2, "type": "created"}]}}, {"tips": {"count": 1}, "contact": {"facebook": "715696317"}, "firstName": "Eric", "gender": "male", "lastName": "Chia", "id": "3014167", "bio": "", "photo": {"prefix": "https://igx.4sqi.net/img/user/", "suffix": "/KXNTVSTOBASGW3PG.jpg"}, "homeCity": "Singapore", "lists": {"groups": [{"items": [], "count": 2, "type": "created"}]}}, {"tips": {"count": 25}, "contact": {"twitter": "supremesebas"}, "firstName": "SupremeSebas", "gender": "male", "id": "6051581", "bio": "", "photo": {"prefix": "https://igx.4sqi.net/img/user/", "suffix": "/6051581-5KJTENDM0X23SUYI.jpg"}, "homeCity": "Pasir Ris, Singapore", "lists": {"groups": [{"items": [], "count": 2, "type": "created"}]}}, {"tips": {"count": 0}, "contact": {}, "firstName": "Ian", "gender": "male", "lastName": "Svenska", "id": "6138227", "bio": "", "photo": {"prefix": "https://igx.4sqi.net/img/user/", "suffix": "/NBGSSFQAAU5VEZT3.jpg"}, "homeCity": "Singapore", "lists": {"groups": [{"items": [], "count": 2, "type": "created"}]}}, {"tips": {"count": 0}, "contact": {}, "firstName": "Danny", "gender": "male", "lastName": "Danny", "id": "3110264", "bio": "", "photo": {"prefix": "https://igx.4sqi.net/img/user/", "suffix": "/blank_boy.png", "default": true}, "homeCity": "Singapore", "lists": {"groups": [{"items": [], "count": 2, "type": "created"}]}}, {"tips": {"count": 0}, "contact": {"twitter": "satanisbipolar", "facebook": "518410938"}, "firstName": "Alif", "gender": "male", "lastName": "Lee", "id": "6084960", "bio": "", "photo": {"prefix": "https://igx.4sqi.net/img/user/", "suffix": "/BWDUYEZERG0WRIHB.jpg"}, "homeCity": "Athens, Greece", "lists": {"groups": [{"items": [], "count": 2, "type": "created"}]}}, {"tips": {"count": 12}, "contact": {"facebook": "1060136298"}, "firstName": "Gilyer", "gender": "male", "lastName": "Cabrera", "id": "7475680", "bio": "", "photo": {"prefix": "https://igx.4sqi.net/img/user/", "suffix": "/4PAZKJCBVEKLV3IV.jpg"}, "homeCity": "OC, California ", "lists": {"groups": [{"items": [], "count": 2, "type": "created"}]}}, {"tips": {"count": 7}, "contact": {"twitter": "hadykindalame", "facebook": "1010245323"}, "firstName": "hady", "gender": "male", "lastName": "Legendary", "id": "3151216", "bio": "", "photo": {"prefix": "https://igx.4sqi.net/img/user/", "suffix": "/FG2GQX0KCQEFRG31.jpg"}, "homeCity": "Singapore", "lists": {"groups": [{"items": [], "count": 2, "type": "created"}]}}, {"tips": {"count": 0}, "contact": {"facebook": "760363688"}, "firstName": "Amanda", "gender": "female", "lastName": "Yap", "id": "6095292", "bio": "", "photo": {"prefix": "https://igx.4sqi.net/img/user/", "suffix": "/3UU3D3ODIBOFE5YZ.jpg"}, "homeCity": "Singapore", "lists": {"groups": [{"items": [], "count": 2, "type": "created"}]}}, {"tips": {"count": 4}, "contact": {"twitter": "fishwaldo", "facebook": "606818649"}, "firstName": "Justin", "gender": "male", "lastName": "Hammond", "id": "8190357", "bio": "", "photo": {"prefix": "https://igx.4sqi.net/img/user/", "suffix": "/WPVHINJYS0VGLRT5.jpg"}, "homeCity": "Singapore", "lists": {"groups": [{"items": [], "count": 2, "type": "created"}]}}, {"tips": {"count": 0}, "contact": {}, "firstName": "Maverick", "gender": "male", "lastName": "Sut", "id": "3192687", "bio": "", "photo": {"prefix": "https://igx.4sqi.net/img/user/", "suffix": "/GRRLP15UQXMSJ0WC.jpg"}, "homeCity": "Singapore", "lists": {"groups": [{"items": [], "count": 2, "type": "created"}]}}, {"tips": {"count": 0}, "contact": {}, "firstName": "ENEN", "gender": "female", "lastName": "<3", "id": "6329205", "bio": "", "photo": {"prefix": "https://igx.4sqi.net/img/user/", "suffix": "/WPLHZTP4QHJYOBU1.jpg"}, "homeCity": "Singapore", "lists": {"groups": [{"items": [], "count": 2, "type": "created"}]}}, {"tips": {"count": 3}, "contact": {}, "firstName": "Will", "gender": "male", "lastName": "L", "id": "3238174", "bio": "", "photo": {"prefix": "https://igx.4sqi.net/img/user/", "suffix": "/ZXDUUKWNCE122GOF.jpg"}, "homeCity": "Singapore", "lists": {"groups": [{"items": [], "count": 2, "type": "created"}]}}, {"tips": {"count": 0}, "contact": {"twitter": "missychanel", "facebook": "1445862628"}, "firstName": "Missy", "gender": "female", "lastName": "Chanel", "id": "6413608", "bio": "", "photo": {"prefix": "https://igx.4sqi.net/img/user/", "suffix": "/VWRYXV3W2TGXRFFS.jpg"}, "homeCity": "Singapore", "lists": {"groups": [{"items": [], "count": 9, "type": "created"}]}}, {"tips": {"count": 1}, "contact": {"twitter": "qiaoyan"}, "firstName": "Qiaoyan", "gender": "female", "lastName": "Lim", "id": "3368519", "bio": "", "photo": {"prefix": "https://igx.4sqi.net/img/user/", "suffix": "/SS2MTHX3ZPFBAVR3.jpg"}, "homeCity": "Singapore", "lists": {"groups": [{"items": [], "count": 2, "type": "created"}]}}, {"tips": {"count": 1}, "contact": {}, "firstName": "Rene", "gender": "male", "lastName": "Ang", "id": "3423757", "bio": "", "photo": {"prefix": "https://igx.4sqi.net/img/user/", "suffix": "/5R5ZRNUBHIP3LF1R.jpg"}, "homeCity": "Singapore", "lists": {"groups": [{"items": [], "count": 2, "type": "created"}]}}, {"tips": {"count": 1}, "contact": {"twitter": "afiq_mok", "facebook": "689665821"}, "firstName": "Afiq", "gender": "male", "lastName": "MoK", "id": "3489296", "bio": "", "photo": {"prefix": "https://igx.4sqi.net/img/user/", "suffix": "/JUDGTY0AS1H14N40.jpg"}, "homeCity": "Singapore", "lists": {"groups": [{"items": [], "count": 2, "type": "created"}]}}, {"tips": {"count": 1}, "contact": {}, "firstName": "Alex neo", "gender": "male", "lastName": "\u5b50\u8f69", "id": "3607991", "bio": "", "photo": {"prefix": "https://igx.4sqi.net/img/user/", "suffix": "/3607991-USHUORWXWMVTS5UG.jpg"}, "homeCity": "Singapore", "lists": {"groups": [{"items": [], "count": 2, "type": "created"}]}}, {"tips": {"count": 0}, "contact": {"twitter": "raineeeeee"}, "firstName": "Rainer", "gender": "male", "lastName": "Soh", "id": "3608521", "bio": "", "photo": {"prefix": "https://igx.4sqi.net/img/user/", "suffix": "/QDKGW4UXCQZJHYIL.jpg"}, "homeCity": "Singapore", "lists": {"groups": [{"items": [], "count": 2, "type": "created"}]}}, {"tips": {"count": 8}, "contact": {"facebook": "545578616"}, "firstName": "Weng", "gender": "male", "lastName": "Xian zhao", "id": "3609214", "bio": "", "photo": {"prefix": "https://igx.4sqi.net/img/user/", "suffix": "/F3SPEKAWRB3PGIWP.jpg"}, "homeCity": "Singapore", "lists": {"groups": [{"items": [], "count": 2, "type": "created"}]}}, {"tips": {"count": 1}, "contact": {"facebook": "1245718585"}, "firstName": "Aaron", "gender": "male", "lastName": "Moon", "id": "3612259", "bio": "", "photo": {"prefix": "https://igx.4sqi.net/img/user/", "suffix": "/BSJXOMTSQNVENMXE.jpg"}, "homeCity": "Singapore", "lists": {"groups": [{"items": [], "count": 2, "type": "created"}]}}, {"tips": {"count": 0}, "contact": {}, "firstName": "Tommy", "gender": "male", "lastName": "Tan", "id": "3616272", "bio": "", "photo": {"prefix": "https://igx.4sqi.net/img/user/", "suffix": "/3616272-V52SQAWOUR5NYKVE.jpg"}, "homeCity": "Singapore", "lists": {"groups": [{"items": [], "count": 2, "type": "created"}]}}, {"tips": {"count": 0}, "contact": {"twitter": "cheehoe90", "facebook": "10153338265399405"}, "firstName": "ryder", "gender": "male", "lastName": "cheehoe", "id": "3831724", "bio": "", "photo": {"prefix": "https://igx.4sqi.net/img/user/", "suffix": "/3831724-55WDXOVYSPHMEPBD.jpg"}, "homeCity": "singapore", "lists": {"groups": [{"items": [], "count": 2, "type": "created"}]}}, {"tips": {"count": 4}, "contact": {"facebook": "720743109"}, "firstName": "Ahmad", "gender": "male", "lastName": "Aidil", "id": "3982151", "bio": "", "photo": {"prefix": "https://igx.4sqi.net/img/user/", "suffix": "/PS1TPXOSBADUNNMF.jpg"}, "homeCity": "Singapore", "lists": {"groups": [{"items": [], "count": 2, "type": "created"}]}}, {"tips": {"count": 0}, "contact": {}, "firstName": "Mad", "gender": "male", "lastName": "Mac", "id": "4072796", "bio": "", "photo": {"prefix": "https://igx.4sqi.net/img/user/", "suffix": "/POVCHY3VPPQRIM4Y.jpg"}, "homeCity": "Singapore", "lists": {"groups": [{"items": [], "count": 2, "type": "created"}]}}, {"tips": {"count": 37}, "contact": {"facebook": "558221911"}, "firstName": "Eugene", "gender": "male", "id": "4728437", "bio": "", "photo": {"prefix": "https://igx.4sqi.net/img/user/", "suffix": "/4728437-O3IXNDZXOYHVSI4S.jpg"}, "homeCity": "Singapore", "lists": {"groups": [{"items": [], "count": 2, "type": "created"}]}}, {"tips": {"count": 0}, "contact": {}, "firstName": "Galvin", "gender": "male", "lastName": "Yeo", "id": "4737882", "bio": "", "photo": {"prefix": "https://igx.4sqi.net/img/user/", "suffix": "/JPHFKWTH4LZECOQ0.jpg"}, "homeCity": "New York, NY", "lists": {"groups": [{"items": [], "count": 2, "type": "created"}]}}, {"tips": {"count": 3}, "contact": {"facebook": "1043389722"}, "firstName": "troll", "gender": "male", "lastName": "face?", "id": "5656451", "bio": "", "photo": {"prefix": "https://igx.4sqi.net/img/user/", "suffix": "/DT5LHINSGERU5IX4.jpg"}, "homeCity": "Singapore", "lists": {"groups": [{"items": [], "count": 2, "type": "created"}]}}, {"tips": {"count": 1}, "contact": {}, "firstName": "Angie", "gender": "female", "lastName": "Choo", "id": "6062216", "bio": "", "photo": {"prefix": "https://igx.4sqi.net/img/user/", "suffix": "/ZMCZS3LGJFPL3VDU.jpg"}, "homeCity": "Singapore", "lists": {"groups": [{"items": [], "count": 2, "type": "created"}]}}, {"tips": {"count": 0}, "contact": {"twitter": "hyper2diaper", "facebook": "806359127"}, "firstName": "Rubina", "gender": "female", "lastName": "Tai", "id": "6403163", "bio": "", "photo": {"prefix": "https://igx.4sqi.net/img/user/", "suffix": "/6403163-ZRNEF5XTD5XRXWD0.jpg"}, "homeCity": "Singapore", "lists": {"groups": [{"items": [], "count": 2, "type": "created"}]}}, {"tips": {"count": 0}, "contact": {"twitter": "thatssochloee", "facebook": "805028495"}, "firstName": "Chloe", "gender": "female", "lastName": "Poon", "id": "6473298", "bio": "", "photo": {"prefix": "https://igx.4sqi.net/img/user/", "suffix": "/BK1SK1FRHBF2VN1I.jpg"}, "homeCity": "Singapore ", "lists": {"groups": [{"items": [], "count": 2, "type": "created"}]}}, {"tips": {"count": 0}, "contact": {"facebook": "585028877"}, "firstName": "leo mark", "gender": "male", "lastName": "landicho", "id": "8697302", "bio": "", "photo": {"prefix": "https://igx.4sqi.net/img/user/", "suffix": "/3WV31KV1JLLPPTSS.jpg"}, "homeCity": "Singapore", "lists": {"groups": [{"items": [], "count": 2, "type": "created"}]}}, {"tips": {"count": 15}, "contact": {"twitter": "webvision99", "facebook": "1539738060"}, "firstName": "Kenichi", "gender": "male", "lastName": "Sano", "id": "13629306", "bio": "", "photo": {"prefix": "https://igx.4sqi.net/img/user/", "suffix": "/JWKXX3BDMZOKGMJX.jpg"}, "homeCity": "\u6771\u4eac\u90fd\u4e16\u7530\u8c37\u533a", "lists": {"groups": [{"items": [], "count": 2, "type": "created"}]}}, {"tips": {"count": 3}, "contact": {"facebook": "1610948352"}, "firstName": "xristony", "gender": "male", "lastName": "X-ism", "id": "14250488", "bio": "", "photo": {"prefix": "https://igx.4sqi.net/img/user/", "suffix": "/AXTBKGBJRDVXGTRO.jpg"}, "homeCity": "Singapore", "lists": {"groups": [{"items": [], "count": 2, "type": "created"}]}}], "count": 124}, "checksum": "749048fa266a9a7bbd7d6d128276a45e2240d4bd"}, "meta": {"requestId": "5966278ddb04f562ec7cf0b1", "code": 200}}