{"notifications": [{"type": "notificationTray", "item": {"unreadCount": 0}}], "response": {"friends": {"items": [{"tips": {"count": 0}, "contact": {"twitter": "jingyi19"}, "firstName": "Jing", "gender": "female", "lastName": "Yi", "id": "9361743", "bio": "", "photo": {"prefix": "https://igx.4sqi.net/img/user/", "suffix": "/AEJ1PVIMXKB1IWUR.jpg"}, "homeCity": "Singapore", "lists": {"groups": [{"items": [], "count": 2, "type": "created"}]}}, {"tips": {"count": 0}, "contact": {"twitter": "cedric_kuko"}, "firstName": "Cedric", "gender": "male", "lastName": "Ko", "id": "4368335", "bio": "", "photo": {"prefix": "https://igx.4sqi.net/img/user/", "suffix": "/LOVBTL1IOIKN4LOX.jpg"}, "homeCity": "Singapore", "lists": {"groups": [{"items": [], "count": 2, "type": "created"}]}}, {"tips": {"count": 3}, "contact": {"facebook": "719805691"}, "firstName": "KIMYONG", "gender": "male", "lastName": "NG", "id": "7394951", "bio": "", "photo": {"prefix": "https://igx.4sqi.net/img/user/", "suffix": "/05XZ51KGGQVKISAV.jpg"}, "homeCity": "SINGAPORE", "lists": {"groups": [{"items": [], "count": 2, "type": "created"}]}}, {"tips": {"count": 0}, "contact": {"twitter": "wennnxin"}, "firstName": "Wenxin", "gender": "female", "id": "37509387", "bio": "I'm not short, just fun-sized.", "photo": {"prefix": "https://igx.4sqi.net/img/user/", "suffix": "/DFMWWA4MWWSGV4CC.jpg"}, "homeCity": "Singapore", "lists": {"groups": [{"items": [], "count": 2, "type": "created"}]}}, {"tips": {"count": 0}, "contact": {"twitter": "hack2k86", "facebook": "554253434"}, "firstName": "Kevin", "gender": "male", "lastName": "Chua", "id": "6633559", "bio": "", "photo": {"prefix": "https://igx.4sqi.net/img/user/", "suffix": "/Z40IX2NWO3JQD2WU.jpg"}, "homeCity": "Singapore", "lists": {"groups": [{"items": [], "count": 2, "type": "created"}]}}, {"tips": {"count": 0}, "contact": {"facebook": "596971114"}, "firstName": "Kershin", "gender": "male", "id": "4253218", "bio": "", "photo": {"prefix": "https://igx.4sqi.net/img/user/", "suffix": "/blank_boy.png", "default": true}, "homeCity": "Singapore", "lists": {"groups": [{"items": [], "count": 2, "type": "created"}]}}, {"tips": {"count": 0}, "contact": {"twitter": "karj_", "facebook": "613729147"}, "firstName": "Kar Jun", "gender": "male", "lastName": "Koh", "id": "4268514", "bio": "", "photo": {"prefix": "https://igx.4sqi.net/img/user/", "suffix": "/GILRAU5LPQPX3GLZ.jpg"}, "homeCity": "Singapore", "lists": {"groups": [{"items": [], "count": 2, "type": "created"}]}}, {"tips": {"count": 0}, "contact": {"twitter": "nave89", "facebook": "602562142"}, "firstName": "Evan", "gender": "male", "lastName": "Lim", "id": "1426640", "bio": "", "photo": {"prefix": "https://igx.4sqi.net/img/user/", "suffix": "/54OQXO12GZAH1VQO.jpg"}, "homeCity": "Singapore", "lists": {"groups": [{"items": [], "count": 2, "type": "created"}]}}, {"tips": {"count": 0}, "contact": {"facebook": "597469408"}, "firstName": "Yanglin", "gender": "female", "id": "5820151", "bio": "", "photo": {"prefix": "https://igx.4sqi.net/img/user/", "suffix": "/blank_girl.png", "default": true}, "homeCity": "Singapore", "lists": {"groups": [{"items": [], "count": 2, "type": "created"}]}}, {"tips": {"count": 0}, "contact": {"facebook": "609324789"}, "firstName": "Kian", "gender": "male", "lastName": "Lam", "id": "4915383", "bio": "", "photo": {"prefix": "https://igx.4sqi.net/img/user/", "suffix": "/LRUOSU5KNB21TUFD.jpg"}, "homeCity": "Singapore", "lists": {"groups": [{"items": [], "count": 2, "type": "created"}]}}, {"tips": {"count": 0}, "contact": {"facebook": "768232136"}, "firstName": "Muhammad", "gender": "none", "lastName": "Zaki", "id": "3864313", "bio": "", "photo": {"prefix": "https://igx.4sqi.net/img/user/", "suffix": "/blank_boy.png", "default": true}, "homeCity": "Singapore", "lists": {"groups": [{"items": [], "count": 2, "type": "created"}]}}, {"tips": {"count": 67}, "contact": {"twitter": "berniedotmobi"}, "firstName": "Bernie", "gender": "female", "lastName": "Chew", "id": "331130", "bio": "Coffee lover. Longboarder. YikeBiker. Mixologist.", "photo": {"prefix": "https://igx.4sqi.net/img/user/", "suffix": "/IWU4LZYI1RG25O3R.jpg"}, "homeCity": "Singapore", "lists": {"groups": [{"items": [], "count": 22, "type": "created"}]}}, {"tips": {"count": 0}, "contact": {"facebook": "575818095"}, "firstName": "Kai Ling", "gender": "female", "lastName": "Ho", "id": "3542806", "bio": "", "photo": {"prefix": "https://igx.4sqi.net/img/user/", "suffix": "/3542806-QPOUF0N0CVQG4ZQB.jpg"}, "homeCity": "Singapore", "lists": {"groups": [{"items": [], "count": 2, "type": "created"}]}}, {"tips": {"count": 0}, "contact": {}, "firstName": "Justin", "gender": "male", "lastName": "Goh", "id": "4859329", "bio": "", "photo": {"prefix": "https://igx.4sqi.net/img/user/", "suffix": "/RWOKYLPQA04XV2MW.jpg"}, "homeCity": "Singapore", "lists": {"groups": [{"items": [], "count": 2, "type": "created"}]}}, {"tips": {"count": 0}, "contact": {"twitter": "ngsusan"}, "firstName": "Susan", "gender": "female", "lastName": "Ng", "id": "1396312", "bio": "", "photo": {"prefix": "https://igx.4sqi.net/img/user/", "suffix": "/VDGQ0OUS3BIGWLV5.jpg"}, "homeCity": "Singapore", "lists": {"groups": [{"items": [], "count": 2, "type": "created"}]}}, {"tips": {"count": 0}, "contact": {"twitter": "chengyee89"}, "firstName": "Chevelle", "gender": "female", "lastName": "Go", "id": "2590765", "bio": "", "photo": {"prefix": "https://igx.4sqi.net/img/user/", "suffix": "/ZX0Q2AMZVMC5FFOA.jpg"}, "homeCity": "Singapore", "lists": {"groups": [{"items": [], "count": 2, "type": "created"}]}}, {"tips": {"count": 1}, "contact": {"facebook": "738696685"}, "firstName": "Jian Yun", "gender": "female", "lastName": "Ng", "id": "33614543", "bio": "", "photo": {"prefix": "https://igx.4sqi.net/img/user/", "suffix": "/IJ0K3KZBLXWOEK33.jpg"}, "homeCity": "Shanghai", "lists": {"groups": [{"items": [], "count": 2, "type": "created"}]}}, {"tips": {"count": 0}, "contact": {"twitter": "kaiyiixz", "facebook": "1247694161921707"}, "firstName": "Lim", "gender": "male", "lastName": "KaiYi", "id": "325763556", "bio": "introverted extrovert \ud83e\udd14", "photo": {"prefix": "https://igx.4sqi.net/img/user/", "suffix": "/325763556-XKDWED3TPJTFXL2G.jpg"}, "homeCity": "Singapore", "lists": {"groups": [{"items": [], "count": 2, "type": "created"}]}}, {"tips": {"count": 0}, "contact": {}, "firstName": "Johnny", "gender": "male", "lastName": "Silver", "id": "4638905", "bio": "", "photo": {"prefix": "https://igx.4sqi.net/img/user/", "suffix": "/QC0FRFKC0NFOFS2W.jpg"}, "homeCity": "Singapore", "lists": {"groups": [{"items": [], "count": 2, "type": "created"}]}}, {"tips": {"count": 0}, "contact": {"twitter": "lester_ngpc", "facebook": "733374289"}, "firstName": "Lester", "gender": "male", "lastName": "Ng", "id": "29243552", "bio": "", "photo": {"prefix": "https://igx.4sqi.net/img/user/", "suffix": "/0ZPO4RYT0ZKIXNQJ.jpg"}, "homeCity": "New York, NY", "lists": {"groups": [{"items": [], "count": 2, "type": "created"}]}}, {"tips": {"count": 0}, "contact": {"facebook": "550488597"}, "firstName": "zack", "gender": "male", "id": "7674851", "bio": "", "photo": {"prefix": "https://igx.4sqi.net/img/user/", "suffix": "/blank_boy.png", "default": true}, "homeCity": "Singapore", "lists": {"groups": [{"items": [], "count": 2, "type": "created"}]}}, {"tips": {"count": 0}, "contact": {"facebook": "1455098168"}, "firstName": "Cheryl", "gender": "female", "lastName": "Smile", "id": "13664678", "bio": "", "photo": {"prefix": "https://igx.4sqi.net/img/user/", "suffix": "/QIQ3VOAYY3CKTNDE.jpg"}, "homeCity": "Singapore", "lists": {"groups": [{"items": [], "count": 2, "type": "created"}]}}, {"tips": {"count": 0}, "contact": {"twitter": "michelletlw", "facebook": "684743494"}, "firstName": "Michelle", "gender": "female", "lastName": "Tan", "id": "3124165", "bio": "", "photo": {"prefix": "https://igx.4sqi.net/img/user/", "suffix": "/CKW352OMAO5Z3EPH.png"}, "homeCity": "Singapore", "lists": {"groups": [{"items": [], "count": 2, "type": "created"}]}}, {"tips": {"count": 1}, "contact": {}, "firstName": "zhi ren", "gender": "male", "id": "4860555", "bio": "", "photo": {"prefix": "https://igx.4sqi.net/img/user/", "suffix": "/H5IH23Y4GLEE4NXK.jpg"}, "homeCity": "Singapore", "lists": {"groups": [{"items": [], "count": 3, "type": "created"}]}}, {"tips": {"count": 1}, "contact": {}, "firstName": "Esther", "gender": "female", "lastName": "Ong", "id": "1813919", "bio": "", "photo": {"prefix": "https://igx.4sqi.net/img/user/", "suffix": "/1813919-LFQVWCHJEVLFSRJF.jpg"}, "homeCity": "Singapore", "lists": {"groups": [{"items": [], "count": 2, "type": "created"}]}}, {"tips": {"count": 3}, "contact": {"twitter": "joeltanjh", "facebook": "562703758"}, "firstName": "Joel", "gender": "male", "lastName": "Tan", "id": "3431903", "bio": "", "photo": {"prefix": "https://igx.4sqi.net/img/user/", "suffix": "/KRUFFJLUFMOQ042D.jpg"}, "homeCity": "Singapore", "lists": {"groups": [{"items": [], "count": 2, "type": "created"}]}}, {"tips": {"count": 0}, "contact": {"twitter": "theshikshin1", "facebook": "713581517"}, "firstName": "Yancong", "gender": "male", "lastName": "Lai", "id": "69653380", "bio": "", "photo": {"prefix": "https://igx.4sqi.net/img/user/", "suffix": "/blank_boy.png", "default": true}, "homeCity": "Singapore", "lists": {"groups": [{"items": [], "count": 2, "type": "created"}]}}, {"tips": {"count": 0}, "contact": {}, "firstName": "Clare", "gender": "female", "lastName": "Macrina", "id": "4782677", "bio": "", "photo": {"prefix": "https://igx.4sqi.net/img/user/", "suffix": "/2XYQFLOOMQYV5GH4.jpg"}, "homeCity": "Singapore", "lists": {"groups": [{"items": [], "count": 2, "type": "created"}]}}, {"tips": {"count": 12}, "contact": {"twitter": "lyddish", "facebook": "551704091"}, "firstName": "Lydd", "gender": "female", "id": "14088036", "bio": "", "photo": {"prefix": "https://igx.4sqi.net/img/user/", "suffix": "/3NTKMM0VVC2TBSLB.jpg"}, "homeCity": "Singapore", "lists": {"groups": [{"items": [], "count": 2, "type": "created"}]}}, {"tips": {"count": 0}, "contact": {"twitter": "robobooga", "facebook": "10153545810342730"}, "firstName": "Nick", "gender": "male", "lastName": "Tan", "id": "3332297", "bio": "", "photo": {"prefix": "https://igx.4sqi.net/img/user/", "suffix": "/3332297-BR5K5F4BYX12QCFV.jpg"}, "homeCity": "Singapore", "lists": {"groups": [{"items": [], "count": 2, "type": "created"}]}}, {"tips": {"count": 0}, "contact": {"facebook": "640427134"}, "firstName": "Marcus", "gender": "male", "lastName": "Koh", "id": "3107276", "bio": "", "photo": {"prefix": "https://igx.4sqi.net/img/user/", "suffix": "/IGS1PF0HVM225AIQ.jpg"}, "homeCity": "Singapore", "lists": {"groups": [{"items": [], "count": 2, "type": "created"}]}}, {"tips": {"count": 0}, "contact": {}, "firstName": "Cf", "gender": "male", "lastName": "Low", "id": "3729769", "bio": "", "photo": {"prefix": "https://igx.4sqi.net/img/user/", "suffix": "/OP1O34ZBDSIBUPOH.jpg"}, "homeCity": "Singapore", "lists": {"groups": [{"items": [], "count": 2, "type": "created"}]}}, {"tips": {"count": 0}, "contact": {"twitter": "alexis_yj"}, "firstName": "Yi Jing", "gender": "female", "lastName": "Alexis", "id": "6902682", "bio": "", "photo": {"prefix": "https://igx.4sqi.net/img/user/", "suffix": "/QPQH3WV0XP2YQXHN.jpg"}, "homeCity": "New York, NY", "lists": {"groups": [{"items": [], "count": 2, "type": "created"}]}}, {"tips": {"count": 0}, "contact": {"facebook": "704154341"}, "firstName": "Derrick", "gender": "male", "lastName": "Kay", "id": "3571376", "bio": "", "photo": {"prefix": "https://igx.4sqi.net/img/user/", "suffix": "/IZKNBOLIWKFIAVWW.jpg"}, "homeCity": "Singapore", "lists": {"groups": [{"items": [], "count": 2, "type": "created"}]}}, {"tips": {"count": 0}, "contact": {"twitter": "yamwanyoudie", "facebook": "1151083801"}, "firstName": "Yamyam", "gender": "male", "lastName": "Yoko", "id": "4040892", "bio": "", "photo": {"prefix": "https://igx.4sqi.net/img/user/", "suffix": "/RZJABGI5I0XSBT3O.jpg"}, "homeCity": "SINGAPORE", "lists": {"groups": [{"items": [], "count": 2, "type": "created"}]}}, {"tips": {"count": 1}, "contact": {"twitter": "ryan_rodeo", "facebook": "597856242"}, "firstName": "Ryan", "gender": "male", "lastName": "Teo", "id": "3710041", "bio": "", "photo": {"prefix": "https://igx.4sqi.net/img/user/", "suffix": "/U5ZRYVPBCX5420PT.jpg"}, "homeCity": "Singapore", "lists": {"groups": [{"items": [], "count": 2, "type": "created"}]}}, {"tips": {"count": 0}, "contact": {"twitter": "chloeang_", "facebook": "638248686"}, "firstName": "Chloe", "gender": "female", "lastName": "Ang", "id": "4750525", "bio": "", "photo": {"prefix": "https://igx.4sqi.net/img/user/", "suffix": "/KNQS4GHBOFROXEOL.jpg"}, "homeCity": "Singapore", "lists": {"groups": [{"items": [], "count": 2, "type": "created"}]}}, {"tips": {"count": 0}, "contact": {}, "firstName": "Darren", "gender": "male", "lastName": "Yeo", "id": "5533151", "bio": "", "photo": {"prefix": "https://igx.4sqi.net/img/user/", "suffix": "/blank_boy.png", "default": true}, "homeCity": "Singapore", "lists": {"groups": [{"items": [], "count": 2, "type": "created"}]}}, {"tips": {"count": 0}, "contact": {}, "firstName": "Maurice", "gender": "male", "lastName": "Chia", "id": "8696043", "bio": "", "photo": {"prefix": "https://igx.4sqi.net/img/user/", "suffix": "/blank_boy.png", "default": true}, "homeCity": "Singapore", "lists": {"groups": [{"items": [], "count": 2, "type": "created"}]}}, {"tips": {"count": 0}, "contact": {"facebook": "608762785"}, "firstName": "Clifford Ling", "gender": "male", "lastName": "Weichang", "id": "61831844", "bio": "", "photo": {"prefix": "https://igx.4sqi.net/img/user/", "suffix": "/4H4KSKVNRVHYDACL.jpg"}, "homeCity": "Singapore", "lists": {"groups": [{"items": [], "count": 2, "type": "created"}]}}], "count": 40}, "checksum": "70a6f4406f7087d03d49d31958144b17c11b0557"}, "meta": {"requestId": "596626fb6a6071143d0563b4", "code": 200}}