{"notifications": [{"type": "notificationTray", "item": {"unreadCount": 0}}], "response": {"friends": {"items": [{"tips": {"count": 0}, "contact": {}, "firstName": "Lester", "gender": "male", "lastName": "Lee", "id": "4883351", "bio": "", "photo": {"prefix": "https://igx.4sqi.net/img/user/", "suffix": "/ZRJS1GVPE1H0SHEA.jpg"}, "homeCity": "Singapore", "lists": {"groups": [{"items": [], "count": 2, "type": "created"}]}}, {"tips": {"count": 0}, "contact": {"facebook": "718673869"}, "firstName": "JunHan", "gender": "male", "lastName": "H", "id": "5147826", "bio": "", "photo": {"prefix": "https://igx.4sqi.net/img/user/", "suffix": "/blank_boy.png", "default": true}, "homeCity": "Singapore", "lists": {"groups": [{"items": [], "count": 2, "type": "created"}]}}, {"tips": {"count": 0}, "contact": {"twitter": "genkigenki", "facebook": "852885612"}, "firstName": "Christopher", "gender": "male", "lastName": "Vu", "id": "362300", "bio": "", "photo": {"prefix": "https://igx.4sqi.net/img/user/", "suffix": "/TD03GDULPKTJWZ5M.png"}, "homeCity": "Singapore", "lists": {"groups": [{"items": [], "count": 2, "type": "created"}]}}, {"tips": {"count": 0}, "contact": {"twitter": "viooonna"}, "firstName": "Vivi", "gender": "female", "lastName": "C.", "id": "4668564", "bio": "", "photo": {"prefix": "https://igx.4sqi.net/img/user/", "suffix": "/S25PYKBSAU1W0WFQ.jpg"}, "homeCity": "Singapore", "lists": {"groups": [{"items": [], "count": 2, "type": "created"}]}}, {"tips": {"count": 0}, "contact": {}, "firstName": "KoKBoOn", "gender": "male", "lastName": "Aw", "id": "4268471", "bio": "", "photo": {"prefix": "https://igx.4sqi.net/img/user/", "suffix": "/WNT3ZIA0N5PP5ZD5.jpg"}, "homeCity": "Singapore", "lists": {"groups": [{"items": [], "count": 2, "type": "created"}]}}, {"tips": {"count": 0}, "contact": {"facebook": "1416818287"}, "firstName": "Arini", "gender": "female", "lastName": "Yuliandari", "id": "30364962", "bio": "", "photo": {"prefix": "https://igx.4sqi.net/img/user/", "suffix": "/R2RA4D3LWTBIDEWS.jpg"}, "homeCity": "Bekasi", "lists": {"groups": [{"items": [], "count": 2, "type": "created"}]}}, {"tips": {"count": 0}, "contact": {"twitter": "th3root", "facebook": "1025095441"}, "firstName": "Nursalim Rudi", "gender": "male", "lastName": "Darmawan", "id": "35046946", "bio": "", "photo": {"prefix": "https://igx.4sqi.net/img/user/", "suffix": "/35046946-24MQJSHR3M5LEE5L.jpg"}, "homeCity": "Depok", "lists": {"groups": [{"items": [], "count": 3, "type": "created"}]}}, {"tips": {"count": 0}, "contact": {"facebook": "663887099"}, "firstName": "AHWEI", "gender": "male", "id": "5466737", "bio": "", "photo": {"prefix": "https://igx.4sqi.net/img/user/", "suffix": "/2UOTPPMAY2TY301K.jpg"}, "homeCity": "Singapore", "lists": {"groups": [{"items": [], "count": 2, "type": "created"}]}}, {"tips": {"count": 3}, "contact": {"facebook": "730308290"}, "firstName": "zie", "gender": "female", "lastName": "azman", "id": "2360611", "bio": "", "photo": {"prefix": "https://igx.4sqi.net/img/user/", "suffix": "/R5VYZXGLAMYOPP5Z.jpg"}, "homeCity": "Hougang, Singapore", "lists": {"groups": [{"items": [], "count": 2, "type": "created"}]}}, {"tips": {"count": 78}, "contact": {"twitter": "denie72", "facebook": "706924337"}, "firstName": "Denie", "gender": "male", "lastName": "Nataprawira", "id": "458840", "bio": "APAKAH JENIS SARAPAN ANDA SUDAH SEHAT? Klik www.ayo.sarapan.id", "photo": {"prefix": "https://igx.4sqi.net/img/user/", "suffix": "/458840-IU1W43QZCESVHRTU.jpg"}, "homeCity": "Jakarta, Indonesia", "lists": {"groups": [{"items": [], "count": 6, "type": "created"}]}}, {"tips": {"count": 61}, "contact": {"twitter": "michaelchanley", "facebook": "529832561"}, "firstName": "Michael", "gender": "male", "lastName": "Chanley", "id": "617515", "bio": "Pastor & Social Networker in #Louisville. Author of #CollaborateBook.... speak internationally on #fammin & #kidmin. Created #cmconnect. I #followback.", "photo": {"prefix": "https://igx.4sqi.net/img/user/", "suffix": "/617515-O4YFAQGXQ3CI34A4.jpg"}, "homeCity": "Louisville, Ky", "lists": {"groups": [{"items": [], "count": 7, "type": "created"}]}}, {"tips": {"count": 5}, "contact": {"twitter": "cioy", "facebook": "10152637424947198"}, "firstName": "Roy", "gender": "male", "lastName": "Rainhart", "id": "395904", "bio": "", "photo": {"prefix": "https://igx.4sqi.net/img/user/", "suffix": "/395904-3L4IVXDE1LMX0GFN.jpg"}, "homeCity": "Jakarta", "lists": {"groups": [{"items": [], "count": 2, "type": "created"}]}}, {"tips": {"count": 0}, "contact": {"twitter": "jonchwan"}, "firstName": "Jon", "gender": "male", "lastName": "Wan", "id": "669381", "bio": "", "photo": {"prefix": "https://igx.4sqi.net/img/user/", "suffix": "/152KDNDPXEY2DSV5.png"}, "homeCity": "Tai Wo, Hong Kong", "lists": {"groups": [{"items": [], "count": 2, "type": "created"}]}}, {"tips": {"count": 5}, "contact": {}, "firstName": "Ananto", "gender": "male", "lastName": "Wibisono", "id": "818795", "bio": "", "photo": {"prefix": "https://igx.4sqi.net/img/user/", "suffix": "/HFJ1AT3I0GKVVCJR.jpg"}, "homeCity": "Jakarta Capital Region, Jakarta Capital Regi", "lists": {"groups": [{"items": [], "count": 2, "type": "created"}]}}, {"tips": {"count": 0}, "contact": {"facebook": "517554498"}, "firstName": "Jessica", "gender": "female", "lastName": "Witjaksana", "id": "1268744", "bio": "", "photo": {"prefix": "https://igx.4sqi.net/img/user/", "suffix": "/WJI5EJ4UFIUUYWCN.jpg"}, "homeCity": "Jakarta, Indonesia", "lists": {"groups": [{"items": [], "count": 2, "type": "created"}]}}, {"tips": {"count": 0}, "contact": {}, "firstName": "Guan", "gender": "male", "lastName": "Gege", "id": "2663025", "bio": "", "photo": {"prefix": "https://igx.4sqi.net/img/user/", "suffix": "/blank_boy.png", "default": true}, "homeCity": "Singapore", "lists": {"groups": [{"items": [], "count": 2, "type": "created"}]}}, {"tips": {"count": 0}, "contact": {}, "firstName": "Andrew", "gender": "male", "lastName": "Tok", "id": "2098155", "bio": "", "photo": {"prefix": "https://igx.4sqi.net/img/user/", "suffix": "/UOKQPLTG2XMRH4XS.jpg"}, "homeCity": "Hougang, Singapore", "lists": {"groups": [{"items": [], "count": 2, "type": "created"}]}}, {"tips": {"count": 0}, "contact": {"twitter": "reneying", "facebook": "537887494"}, "firstName": "Rene", "gender": "female", "lastName": "Ying", "id": "1369091", "bio": "", "photo": {"prefix": "https://igx.4sqi.net/img/user/", "suffix": "/YQN5ARKCS2RWZPZJ.jpg"}, "homeCity": "Hougang, Singapore", "lists": {"groups": [{"items": [], "count": 2, "type": "created"}]}}, {"tips": {"count": 3}, "contact": {}, "firstName": "Lin", "gender": "female", "lastName": "Yu Min", "id": "4889770", "bio": "", "photo": {"prefix": "https://igx.4sqi.net/img/user/", "suffix": "/MSF1IA4MI0ITI2GK.jpg"}, "homeCity": "New York, NY", "lists": {"groups": [{"items": [], "count": 2, "type": "created"}]}}, {"tips": {"count": 0}, "contact": {"facebook": "690423091"}, "firstName": "Kevin", "gender": "female", "lastName": "Goh", "id": "6750969", "bio": "", "photo": {"prefix": "https://igx.4sqi.net/img/user/", "suffix": "/blank_girl.png", "default": true}, "homeCity": "Singapore", "lists": {"groups": [{"items": [], "count": 2, "type": "created"}]}}, {"tips": {"count": 0}, "contact": {"twitter": "nuraladnan", "facebook": "519171031"}, "firstName": "Nural", "gender": "female", "lastName": "A", "id": "1245091", "bio": "", "photo": {"prefix": "https://igx.4sqi.net/img/user/", "suffix": "/OEXUITK54QUBIU3K.jpg"}, "homeCity": "Singapore", "lists": {"groups": [{"items": [], "count": 2, "type": "created"}]}}, {"tips": {"count": 0}, "contact": {"twitter": "missmasturah", "facebook": "570010025"}, "firstName": "MissMasturah", "gender": "female", "lastName": "Maidin", "id": "5621853", "bio": "", "photo": {"prefix": "https://igx.4sqi.net/img/user/", "suffix": "/CQ4WX0ZV3FETXH4H.jpg"}, "homeCity": "Singapore", "lists": {"groups": [{"items": [], "count": 2, "type": "created"}]}}, {"tips": {"count": 3}, "contact": {"facebook": "636154424"}, "firstName": "Yvonne", "gender": "female", "id": "3365621", "bio": "", "photo": {"prefix": "https://igx.4sqi.net/img/user/", "suffix": "/2TS5OLLMBI43NZQB.jpg"}, "homeCity": "Singapore", "lists": {"groups": [{"items": [], "count": 2, "type": "created"}]}}, {"tips": {"count": 7}, "contact": {"twitter": "alexandralydia"}, "firstName": "Alexandra", "gender": "female", "lastName": "Lydia", "id": "3632350", "bio": "like to do the new things and happy to acquainted with new ppl..Hv a nice day all ;)", "photo": {"prefix": "https://igx.4sqi.net/img/user/", "suffix": "/BCHCSR3LR2RSPQUT.jpg"}, "homeCity": "Jakarta, Indonesia", "lists": {"groups": [{"items": [], "count": 2, "type": "created"}]}}, {"tips": {"count": 0}, "contact": {"facebook": "656066346"}, "firstName": "Sern", "gender": "male", "lastName": "Tay", "id": "3549117", "bio": "", "photo": {"prefix": "https://igx.4sqi.net/img/user/", "suffix": "/MTD3KSCGOLHN5JDI.jpg"}, "homeCity": "Singapore", "lists": {"groups": [{"items": [], "count": 2, "type": "created"}]}}, {"tips": {"count": 1}, "contact": {"facebook": "880175281"}, "firstName": "Cradle", "gender": "female", "lastName": "Tan", "id": "4208064", "bio": "", "photo": {"prefix": "https://igx.4sqi.net/img/user/", "suffix": "/ZSX4ZWOGGTCH20KS.jpg"}, "homeCity": "Singapore", "lists": {"groups": [{"items": [], "count": 2, "type": "created"}]}}, {"tips": {"count": 9}, "contact": {}, "firstName": "Yvonne", "gender": "female", "lastName": "Koh", "id": "1292144", "bio": "", "photo": {"prefix": "https://igx.4sqi.net/img/user/", "suffix": "/PN3U5Y4WMVXNPWJS.jpg"}, "homeCity": "Singapore", "lists": {"groups": [{"items": [], "count": 2, "type": "created"}]}}, {"tips": {"count": 0}, "contact": {"twitter": "jianminglee", "facebook": "690292787"}, "firstName": "Jian Ming", "gender": "male", "lastName": "Lee", "id": "2672254", "bio": "", "photo": {"prefix": "https://igx.4sqi.net/img/user/", "suffix": "/DA0R0VD0IR5ZQPFJ.jpg"}, "homeCity": "Singapore", "lists": {"groups": [{"items": [], "count": 2, "type": "created"}]}}, {"tips": {"count": 0}, "contact": {}, "firstName": "Celine", "gender": "female", "lastName": "Ng", "id": "4889774", "bio": "", "photo": {"prefix": "https://igx.4sqi.net/img/user/", "suffix": "/FZNVZCNG113DUD3S.jpg"}, "homeCity": "Singapore", "lists": {"groups": [{"items": [], "count": 2, "type": "created"}]}}, {"tips": {"count": 0}, "contact": {"facebook": "688080601"}, "firstName": "Elisa", "gender": "female", "lastName": "Lua", "id": "6810858", "bio": "", "photo": {"prefix": "https://igx.4sqi.net/img/user/", "suffix": "/VTL5VVHVVHM0YYEW.jpg"}, "homeCity": "Singapore", "lists": {"groups": [{"items": [], "count": 2, "type": "created"}]}}, {"tips": {"count": 0}, "contact": {"facebook": "100000318549046"}, "firstName": "Christopher", "gender": "male", "lastName": "Lim", "id": "27095640", "bio": "", "photo": {"prefix": "https://igx.4sqi.net/img/user/", "suffix": "/LJ4SY2XSG1DTSIJO.jpg"}, "homeCity": "Jurong, Singapore.", "lists": {"groups": [{"items": [], "count": 2, "type": "created"}]}}, {"tips": {"count": 0}, "contact": {}, "firstName": "Panca", "gender": "male", "lastName": "Sutresna", "id": "6578006", "bio": "", "photo": {"prefix": "https://igx.4sqi.net/img/user/", "suffix": "/1WXDWJE1EUSWYI4P.jpg"}, "homeCity": "Jakarta, Indonesia", "lists": {"groups": [{"items": [], "count": 2, "type": "created"}]}}, {"tips": {"count": 0}, "contact": {"facebook": "1536210099"}, "firstName": "Liyanah", "gender": "female", "lastName": "Yeo", "id": "3584938", "bio": "", "photo": {"prefix": "https://igx.4sqi.net/img/user/", "suffix": "/USF3JCYJL0JAR0ED.jpg"}, "homeCity": "Singapore", "lists": {"groups": [{"items": [], "count": 2, "type": "created"}]}}, {"tips": {"count": 1}, "contact": {"twitter": "calvinshi", "facebook": "575725617"}, "firstName": "Sushi", "gender": "none", "id": "1721653", "bio": "", "photo": {"prefix": "https://igx.4sqi.net/img/user/", "suffix": "/1KC1SFQ1EAUAO3LJ.jpg"}, "homeCity": "Rochor, Singapore", "lists": {"groups": [{"items": [], "count": 2, "type": "created"}]}}, {"tips": {"count": 0}, "contact": {}, "firstName": "Bren", "gender": "male", "id": "2844165", "bio": "", "photo": {"prefix": "https://igx.4sqi.net/img/user/", "suffix": "/blank_boy.png", "default": true}, "homeCity": "Singapore", "lists": {"groups": [{"items": [], "count": 2, "type": "created"}]}}, {"tips": {"count": 0}, "contact": {"twitter": "essentielles"}, "firstName": "Mae", "gender": "female", "lastName": "Foong", "id": "5681622", "bio": "", "photo": {"prefix": "https://igx.4sqi.net/img/user/", "suffix": "/blank_girl.png", "default": true}, "homeCity": "Singapore", "lists": {"groups": [{"items": [], "count": 2, "type": "created"}]}}, {"tips": {"count": 0}, "contact": {"facebook": "638028020"}, "firstName": "shielia", "gender": "female", "lastName": "tan", "id": "7048344", "bio": "", "photo": {"prefix": "https://igx.4sqi.net/img/user/", "suffix": "/WMNOT2HUOZBX3TN3.jpg"}, "homeCity": "Singapore", "lists": {"groups": [{"items": [], "count": 2, "type": "created"}]}}, {"tips": {"count": 0}, "contact": {}, "firstName": "Zhi", "gender": "male", "lastName": "Jian", "id": "3588393", "bio": "", "photo": {"prefix": "https://igx.4sqi.net/img/user/", "suffix": "/blank_boy.png", "default": true}, "homeCity": "Singapore", "lists": {"groups": [{"items": [], "count": 2, "type": "created"}]}}, {"tips": {"count": 4}, "contact": {"twitter": "jsoneng", "facebook": "593158824"}, "firstName": "Jason", "gender": "male", "lastName": "Eng", "id": "2478403", "bio": "", "photo": {"prefix": "https://igx.4sqi.net/img/user/", "suffix": "/XD2SHS5ZZSUKEEHG.jpg"}, "homeCity": "Singapore", "lists": {"groups": [{"items": [], "count": 2, "type": "created"}]}}, {"tips": {"count": 0}, "contact": {"twitter": "angelinawqhs", "facebook": "1234419665"}, "firstName": "Angelina", "gender": "female", "lastName": "C.", "id": "3715764", "bio": "", "photo": {"prefix": "https://igx.4sqi.net/img/user/", "suffix": "/PFABHGNJL5ZZ5E1X.jpg"}, "homeCity": "Singapore", "lists": {"groups": [{"items": [], "count": 2, "type": "created"}]}}, {"tips": {"count": 1}, "contact": {"facebook": "766292462"}, "firstName": "Kenny", "gender": "male", "lastName": "Tan", "id": "6519044", "bio": "", "photo": {"prefix": "https://igx.4sqi.net/img/user/", "suffix": "/ODNUFMVOSD1NC05G.jpg"}, "homeCity": "Singapore", "lists": {"groups": [{"items": [], "count": 2, "type": "created"}]}}, {"tips": {"count": 2}, "contact": {"facebook": "671907394"}, "firstName": "Gilbert", "gender": "male", "lastName": "Tay", "id": "3588423", "bio": "", "photo": {"prefix": "https://igx.4sqi.net/img/user/", "suffix": "/AXR3MEWUTHIHPHBQ.jpg"}, "homeCity": "Singapore", "lists": {"groups": [{"items": [], "count": 2, "type": "created"}]}}, {"tips": {"count": 3}, "contact": {"facebook": "529540387"}, "firstName": "Roger", "gender": "male", "lastName": "Seah", "id": "3241054", "bio": "", "photo": {"prefix": "https://igx.4sqi.net/img/user/", "suffix": "/XF3YYE5XEKVHXHDY.jpg"}, "homeCity": "Singapore", "lists": {"groups": [{"items": [], "count": 2, "type": "created"}]}}, {"tips": {"count": 0}, "contact": {}, "firstName": "Macson", "gender": "male", "lastName": "Tan", "id": "3852965", "bio": "", "photo": {"prefix": "https://igx.4sqi.net/img/user/", "suffix": "/KNX1LOOWIV1I0IJO.jpg"}, "homeCity": "Singapore", "lists": {"groups": [{"items": [], "count": 2, "type": "created"}]}}, {"tips": {"count": 0}, "contact": {}, "firstName": "Teresa", "gender": "female", "lastName": "Goh", "id": "6918178", "bio": "", "photo": {"prefix": "https://igx.4sqi.net/img/user/", "suffix": "/blank_girl.png", "default": true}, "homeCity": "Singapore", "lists": {"groups": [{"items": [], "count": 2, "type": "created"}]}}, {"tips": {"count": 0}, "contact": {"facebook": "564663796"}, "firstName": "Kelvin", "gender": "male", "lastName": "Oh", "id": "3951110", "bio": "", "photo": {"prefix": "https://igx.4sqi.net/img/user/", "suffix": "/blank_boy.png", "default": true}, "homeCity": "Singapore", "lists": {"groups": [{"items": [], "count": 2, "type": "created"}]}}, {"tips": {"count": 3}, "contact": {"twitter": "mymytoh", "facebook": "584011002"}, "firstName": "Mymy", "gender": "female", "lastName": "Toh", "id": "3411682", "bio": "", "photo": {"prefix": "https://igx.4sqi.net/img/user/", "suffix": "/2RS2FGXCEHWJJSG1.jpg"}, "homeCity": "Singapore", "lists": {"groups": [{"items": [], "count": 2, "type": "created"}]}}, {"tips": {"count": 2}, "contact": {"facebook": "566911928"}, "firstName": "Sheldon", "gender": "male", "lastName": "Chia", "id": "4137627", "bio": "", "photo": {"prefix": "https://igx.4sqi.net/img/user/", "suffix": "/NKIB4MVSHRRCBTJD.jpg"}, "homeCity": "Singapore", "lists": {"groups": [{"items": [], "count": 2, "type": "created"}]}}, {"tips": {"count": 1}, "contact": {"twitter": "charmaineteh", "facebook": "711450599"}, "firstName": "Charmaine", "gender": "female", "lastName": "Teh", "id": "4909966", "bio": "", "photo": {"prefix": "https://igx.4sqi.net/img/user/", "suffix": "/B13ZXQUTFFUNHLUP.jpg"}, "homeCity": "Singapore", "lists": {"groups": [{"items": [], "count": 2, "type": "created"}]}}, {"tips": {"count": 1}, "contact": {"twitter": "benjaminkhooo", "facebook": "835580505"}, "firstName": "Benjamin", "gender": "male", "lastName": "Khoo", "id": "3558896", "bio": "", "photo": {"prefix": "https://igx.4sqi.net/img/user/", "suffix": "/V0NRVEO4VTYOY22J.jpg"}, "homeCity": "Singapore", "lists": {"groups": [{"items": [], "count": 2, "type": "created"}]}}, {"tips": {"count": 1}, "contact": {"twitter": "rawrrrnald", "facebook": "1500411892"}, "firstName": "Ronald", "gender": "male", "lastName": "Koh", "id": "6661963", "bio": "", "photo": {"prefix": "https://igx.4sqi.net/img/user/", "suffix": "/PVF5WFC4NLZK0U24.jpg"}, "homeCity": "Singapore", "lists": {"groups": [{"items": [], "count": 2, "type": "created"}]}}, {"tips": {"count": 0}, "contact": {}, "firstName": "eunice", "gender": "female", "id": "4987541", "bio": "", "photo": {"prefix": "https://igx.4sqi.net/img/user/", "suffix": "/blank_girl.png", "default": true}, "homeCity": "Singapore", "lists": {"groups": [{"items": [], "count": 2, "type": "created"}]}}, {"tips": {"count": 0}, "contact": {}, "firstName": "Jun", "gender": "male", "lastName": "Hong", "id": "5128481", "bio": "", "photo": {"prefix": "https://igx.4sqi.net/img/user/", "suffix": "/JZ14HJMJET5DUQV0.jpg"}, "homeCity": "Singapore", "lists": {"groups": [{"items": [], "count": 2, "type": "created"}]}}, {"tips": {"count": 0}, "contact": {}, "firstName": "William", "gender": "male", "id": "5313020", "bio": "", "photo": {"prefix": "https://igx.4sqi.net/img/user/", "suffix": "/PJ1ZJHYSJWJEEIXV.jpg"}, "homeCity": "Singapore", "lists": {"groups": [{"items": [], "count": 2, "type": "created"}]}}, {"tips": {"count": 0}, "contact": {}, "firstName": "Charlie", "gender": "male", "lastName": "Tan", "id": "5958211", "bio": "", "photo": {"prefix": "https://igx.4sqi.net/img/user/", "suffix": "/11A0MD30SW2410TL.jpg"}, "homeCity": "Singapore", "lists": {"groups": [{"items": [], "count": 2, "type": "created"}]}}, {"tips": {"count": 0}, "contact": {}, "firstName": "Jonathan", "gender": "male", "lastName": "Tan", "id": "6409841", "bio": "", "photo": {"prefix": "https://igx.4sqi.net/img/user/", "suffix": "/blank_boy.png", "default": true}, "homeCity": "Singapore", "lists": {"groups": [{"items": [], "count": 2, "type": "created"}]}}, {"tips": {"count": 0}, "contact": {}, "firstName": "Sham", "gender": "male", "lastName": "Tan", "id": "7309554", "bio": "", "photo": {"prefix": "https://igx.4sqi.net/img/user/", "suffix": "/blank_boy.png", "default": true}, "homeCity": "Singapore", "lists": {"groups": [{"items": [], "count": 2, "type": "created"}]}}], "count": 57}, "checksum": "e009ac0f7b0cc743ddc3843199e348752f178870"}, "meta": {"requestId": "5965d64edd57972d62bf92d9", "code": 200}}