{"notifications": [{"type": "notificationTray", "item": {"unreadCount": 0}}], "meta": {"requestId": "5966cc92dd579712ebf92db9", "code": 200}, "response": {"friends": {"count": 86, "items": [{"id": "2308003", "photo": {"prefix": "https://igx.4sqi.net/img/user/", "suffix": "/WAEHM2XBI40TLNWL.jpg"}, "homeCity": "Singapore", "contact": {"facebook": "1391562228"}, "firstName": "Kenix", "tips": {"count": 0}, "gender": "none", "lastName": "Wong", "lists": {"groups": [{"count": 2, "type": "created", "items": []}]}, "bio": ""}, {"id": "4555236", "photo": {"prefix": "https://igx.4sqi.net/img/user/", "suffix": "/AYSEMRHYPV3QLUUI.jpg"}, "homeCity": "Singapore", "contact": {"facebook": "1632461617"}, "firstName": "Rebecca", "tips": {"count": 0}, "gender": "female", "lastName": "Tan", "lists": {"groups": [{"count": 2, "type": "created", "items": []}]}, "bio": ""}, {"id": "6801970", "photo": {"prefix": "https://igx.4sqi.net/img/user/", "suffix": "/WLIBE5KWCIF331YP.jpg"}, "homeCity": "Singapore", "contact": {}, "firstName": "Afeeq", "tips": {"count": 0}, "gender": "male", "lastName": "KuaiKuai", "lists": {"groups": [{"count": 2, "type": "created", "items": []}]}, "bio": ""}, {"id": "36542698", "photo": {"prefix": "https://igx.4sqi.net/img/user/", "suffix": "/Y1MM23RQTBT2IKVZ.jpg"}, "homeCity": "Singapore", "contact": {"facebook": "626483198"}, "firstName": "Vanessa", "tips": {"count": 0}, "gender": "female", "lastName": "Tang", "lists": {"groups": [{"count": 2, "type": "created", "items": []}]}, "bio": ""}, {"id": "3769201", "photo": {"prefix": "https://igx.4sqi.net/img/user/", "suffix": "/UNARND1RUO2K2UZK.jpg"}, "homeCity": "Singapore", "contact": {}, "firstName": "Cchutingg", "tips": {"count": 0}, "gender": "female", "lastName": "Huang", "lists": {"groups": [{"count": 2, "type": "created", "items": []}]}, "bio": ""}, {"id": "8048080", "photo": {"prefix": "https://igx.4sqi.net/img/user/", "suffix": "/TOFVXTSLQES4QWKX.jpg"}, "homeCity": "Unnamed Location", "contact": {}, "firstName": "\ue414rinns", "tips": {"count": 0}, "gender": "female", "lastName": "Rina", "lists": {"groups": [{"count": 2, "type": "created", "items": []}]}, "bio": ""}, {"id": "5505456", "photo": {"prefix": "https://igx.4sqi.net/img/user/", "suffix": "/0MNSFAGHAYKSOJ1E.jpg"}, "homeCity": "Singapore", "contact": {"facebook": "566993003"}, "firstName": "Andy", "tips": {"count": 0}, "gender": "male", "lastName": "Low", "lists": {"groups": [{"count": 2, "type": "created", "items": []}]}, "bio": ""}, {"id": "1806603", "photo": {"prefix": "https://igx.4sqi.net/img/user/", "suffix": "/WBM1XWLTWPYOB5PX.jpg"}, "homeCity": "Sembawang, Singapore", "contact": {"facebook": "532053108", "twitter": "yup3ng"}, "firstName": "Yupeng", "tips": {"count": 0}, "gender": "female", "lists": {"groups": [{"count": 2, "type": "created", "items": []}]}, "bio": ""}, {"id": "4912211", "photo": {"prefix": "https://igx.4sqi.net/img/user/", "suffix": "/ZJZHTLW3NVTYJR3N.jpg"}, "homeCity": "Singapore", "contact": {}, "firstName": "Dylan", "tips": {"count": 0}, "gender": "male", "lastName": "Tan", "lists": {"groups": [{"count": 2, "type": "created", "items": []}]}, "bio": ""}, {"id": "2202176", "photo": {"prefix": "https://igx.4sqi.net/img/user/", "suffix": "/VXFAPXULLCL0WKJG.jpg"}, "homeCity": "Singapore", "contact": {"facebook": "516583484"}, "firstName": "Phoenix", "tips": {"count": 1}, "gender": "female", "lastName": "Huang", "lists": {"groups": [{"count": 2, "type": "created", "items": []}]}, "bio": ""}, {"id": "3460021", "photo": {"prefix": "https://igx.4sqi.net/img/user/", "suffix": "/MAQY5L5E01TBVPEP.jpg"}, "homeCity": "Singapore", "contact": {"facebook": "627382544"}, "firstName": "Lynn", "tips": {"count": 3}, "gender": "female", "lastName": "Lu", "lists": {"groups": [{"count": 2, "type": "created", "items": []}]}, "bio": ""}, {"id": "779206", "photo": {"prefix": "https://igx.4sqi.net/img/user/", "suffix": "/WHBF0MRHTPCFZ4CR.jpg"}, "homeCity": "Singapore", "contact": {"twitter": "potatospinach"}, "firstName": "Naomi", "tips": {"count": 18}, "gender": "female", "lastName": "Wendy", "lists": {"groups": [{"count": 2, "type": "created", "items": []}]}, "bio": ""}, {"id": "4956385", "photo": {"prefix": "https://igx.4sqi.net/img/user/", "suffix": "/KS35S452NCZVW0BS.jpg"}, "homeCity": "Singapore", "contact": {"twitter": "rachelljm"}, "firstName": "Rachel", "tips": {"count": 0}, "gender": "female", "lastName": "Lim", "lists": {"groups": [{"count": 2, "type": "created", "items": []}]}, "bio": ""}, {"id": "668990", "photo": {"prefix": "https://igx.4sqi.net/img/user/", "suffix": "/EATJVQKPWCXNXQJA.jpg"}, "homeCity": "New York, NY", "contact": {}, "firstName": "Zachary", "tips": {"count": 6}, "gender": "male", "lastName": "Wong", "lists": {"groups": [{"count": 2, "type": "created", "items": []}]}, "bio": ""}, {"id": "1765344", "photo": {"prefix": "https://igx.4sqi.net/img/user/", "suffix": "/R1QGUTIJVRX3SM0W.jpg"}, "homeCity": "Singapore", "contact": {"facebook": "537188616", "twitter": "ahbaivalynne"}, "firstName": "Valynne", "tips": {"count": 0}, "gender": "female", "lists": {"groups": [{"count": 2, "type": "created", "items": []}]}, "bio": ""}, {"id": "921056", "photo": {"prefix": "https://igx.4sqi.net/img/user/", "suffix": "/BXRBCF32KEWTPZDZ.jpg"}, "homeCity": "Singapore", "contact": {"facebook": "724223976", "twitter": "soniahui"}, "firstName": "Sonia", "tips": {"count": 3}, "gender": "female", "lastName": "Hui", "lists": {"groups": [{"count": 2, "type": "created", "items": []}]}, "bio": ""}, {"id": "2590193", "photo": {"prefix": "https://igx.4sqi.net/img/user/", "suffix": "/WN1C1IGB4IATYY0X.jpg"}, "homeCity": "Singapore", "contact": {"facebook": "552992574"}, "firstName": "Roy", "tips": {"count": 0}, "gender": "male", "lastName": "Chee", "lists": {"groups": [{"count": 2, "type": "created", "items": []}]}, "bio": ""}, {"id": "2100272", "photo": {"prefix": "https://igx.4sqi.net/img/user/", "suffix": "/Q3YYVQ535YFJKLG2.jpg"}, "homeCity": "Singapore", "contact": {"facebook": "833615412"}, "firstName": "Kelly", "tips": {"count": 4}, "gender": "female", "lastName": "Koh", "lists": {"groups": [{"count": 2, "type": "created", "items": []}]}, "bio": ""}, {"id": "1495446", "photo": {"prefix": "https://igx.4sqi.net/img/user/", "suffix": "/3KJHD0W2Y44ZOEAB.jpg"}, "homeCity": "Singapore", "contact": {"twitter": "carrietoh"}, "firstName": "Carrie", "tips": {"count": 3}, "gender": "female", "lists": {"groups": [{"count": 2, "type": "created", "items": []}]}, "bio": ""}, {"id": "2312751", "photo": {"prefix": "https://igx.4sqi.net/img/user/", "suffix": "/MBTAXI4X21SHYJJ2.jpg"}, "homeCity": "Singapore", "contact": {"facebook": "1384518449"}, "firstName": "Alex", "tips": {"count": 13}, "gender": "male", "lastName": "Chong", "lists": {"groups": [{"count": 2, "type": "created", "items": []}]}, "bio": ""}, {"id": "6187250", "photo": {"prefix": "https://igx.4sqi.net/img/user/", "suffix": "/TYXSAH2BU0P5XONF.jpg"}, "homeCity": "Singapore", "contact": {"facebook": "719396559"}, "firstName": "Alan", "tips": {"count": 2}, "gender": "male", "lastName": "Tan", "lists": {"groups": [{"count": 2, "type": "created", "items": []}]}, "bio": ""}, {"id": "6854910", "photo": {"prefix": "https://igx.4sqi.net/img/user/", "suffix": "/NCA3RD3FEEL4MRMB.jpg"}, "homeCity": "Singapore", "contact": {"facebook": "100000094707005"}, "firstName": "Jason", "tips": {"count": 0}, "gender": "male", "lastName": "Chia", "lists": {"groups": [{"count": 2, "type": "created", "items": []}]}, "bio": ""}, {"id": "3771520", "photo": {"prefix": "https://igx.4sqi.net/img/user/", "suffix": "/X5LI0HU3BBJSSGJ3.jpg"}, "homeCity": "Ypsilanti, MI", "contact": {}, "firstName": "\ue503Dave\ue503", "tips": {"count": 5}, "gender": "male", "lists": {"groups": [{"count": 2, "type": "created", "items": []}]}, "bio": ""}, {"id": "5887179", "photo": {"prefix": "https://igx.4sqi.net/img/user/", "suffix": "/AYGUGRJLPKYNYRLC.jpg"}, "homeCity": "Singapore", "contact": {}, "firstName": "Danny", "tips": {"count": 0}, "gender": "male", "lastName": "Lau", "lists": {"groups": [{"count": 2, "type": "created", "items": []}]}, "bio": ""}, {"id": "1934726", "photo": {"prefix": "https://igx.4sqi.net/img/user/", "suffix": "/0QH3LEKOR3GMIT5N.jpg"}, "homeCity": "Bukit Merah, Singapore", "contact": {}, "firstName": "Kenneth", "tips": {"count": 5}, "gender": "male", "lastName": "Tang", "lists": {"groups": [{"count": 2, "type": "created", "items": []}]}, "bio": ""}, {"id": "3062475", "photo": {"prefix": "https://igx.4sqi.net/img/user/", "suffix": "/3062475-WZF2T0KBEVB5ZRGB.jpg"}, "homeCity": "Singapore", "contact": {}, "firstName": "Paul", "tips": {"count": 7}, "gender": "male", "lastName": "Ong", "lists": {"groups": [{"count": 2, "type": "created", "items": []}]}, "bio": ""}, {"id": "4104931", "photo": {"prefix": "https://igx.4sqi.net/img/user/", "suffix": "/M3FEQPV10LBKQRCO.jpg"}, "homeCity": "Singapore", "contact": {"facebook": "657195057"}, "firstName": "von", "tips": {"count": 1}, "gender": "female", "lastName": "chong", "lists": {"groups": [{"count": 2, "type": "created", "items": []}]}, "bio": ""}, {"id": "996502", "photo": {"prefix": "https://igx.4sqi.net/img/user/", "suffix": "/996502-GLVCJ5Y3VGDCQIKK.jpg"}, "homeCity": "Canada", "contact": {}, "firstName": "Gavin", "tips": {"count": 4}, "gender": "male", "lastName": "Lai", "lists": {"groups": [{"count": 2, "type": "created", "items": []}]}, "bio": ""}, {"id": "4148220", "photo": {"prefix": "https://igx.4sqi.net/img/user/", "suffix": "/MZAXFH0YLDRC0ONO.jpg"}, "homeCity": "Singapore", "contact": {}, "firstName": "Lazymuter", "tips": {"count": 0}, "gender": "male", "lastName": "Lim", "lists": {"groups": [{"count": 2, "type": "created", "items": []}]}, "bio": ""}, {"id": "2145469", "photo": {"prefix": "https://igx.4sqi.net/img/user/", "suffix": "/02TUDSG4DL0NF0QI.jpg"}, "homeCity": "Singapore", "contact": {"facebook": "884300112", "twitter": "lynn_y"}, "firstName": "yeoh", "tips": {"count": 11}, "gender": "female", "lastName": "lynn", "lists": {"groups": [{"count": 2, "type": "created", "items": []}]}, "bio": ""}, {"id": "1135319", "photo": {"prefix": "https://igx.4sqi.net/img/user/", "suffix": "/YIW1JAQPWXVIETIR.jpg"}, "homeCity": "San Jose, CA", "contact": {"facebook": "1363380279"}, "firstName": "Vinh", "tips": {"count": 2}, "gender": "male", "lastName": "Nguyen", "lists": {"groups": [{"count": 2, "type": "created", "items": []}]}, "bio": ""}, {"id": "2692601", "photo": {"prefix": "https://igx.4sqi.net/img/user/", "suffix": "/ZNSKL40SZWTIXCGE.jpg"}, "homeCity": "Singapore", "contact": {"facebook": "639294504"}, "firstName": "Elsie", "tips": {"count": 2}, "gender": "female", "lastName": "Tay", "lists": {"groups": [{"count": 2, "type": "created", "items": []}]}, "bio": ""}, {"id": "2101044", "photo": {"prefix": "https://igx.4sqi.net/img/user/", "suffix": "/H3LWVFDA25RODEWI.jpg"}, "homeCity": "Singapore", "contact": {"facebook": "502813162", "twitter": "dnisepereira"}, "firstName": "Denise", "tips": {"count": 9}, "gender": "female", "lastName": "Pereira", "lists": {"groups": [{"count": 2, "type": "created", "items": []}]}, "bio": ""}, {"id": "7171468", "photo": {"prefix": "https://igx.4sqi.net/img/user/", "suffix": "/7171468-OQBSVUQJAKBQTSQB.jpg"}, "homeCity": "Singapore", "contact": {"facebook": "100001466180383"}, "firstName": "apai", "tips": {"count": 2}, "gender": "male", "lastName": "akai", "lists": {"groups": [{"count": 2, "type": "created", "items": []}]}, "bio": ""}, {"id": "4260340", "photo": {"prefix": "https://igx.4sqi.net/img/user/", "suffix": "/N3ZZYDOHEJGU3JBE.jpg"}, "homeCity": "Singapore", "contact": {"facebook": "550563692", "twitter": "garysiah"}, "firstName": "Gary", "tips": {"count": 0}, "gender": "male", "lastName": "Style", "lists": {"groups": [{"count": 2, "type": "created", "items": []}]}, "bio": ""}, {"id": "2283611", "photo": {"prefix": "https://igx.4sqi.net/img/user/", "suffix": "/KZ5N1TRTG1ZWQBU4.jpg"}, "homeCity": "Singapore", "contact": {"facebook": "620203567"}, "firstName": "Carmen", "tips": {"count": 0}, "gender": "female", "lastName": "Chow", "lists": {"groups": [{"count": 2, "type": "created", "items": []}]}, "bio": ""}, {"id": "3524224", "photo": {"prefix": "https://igx.4sqi.net/img/user/", "suffix": "/3524224-UMNC13ULGYSZDIJI.jpg"}, "homeCity": "Ost\u00ebrreich", "contact": {}, "firstName": "\u00ae \u2133i\u1e09\u1e27\u1fb0\u03ad\u1e37 \u262e \u00a9 \u2551\u2588\u2551\u258c\u2551\u2588\u2551\u258c\u2502\u2551\u258c\u2588\u2551\u258c\u2551", "tips": {"count": 5}, "gender": "male", "lists": {"groups": [{"count": 2, "type": "created", "items": []}]}, "bio": ""}, {"id": "5396163", "photo": {"prefix": "https://igx.4sqi.net/img/user/", "suffix": "/ERAX3V3BGZDVCDJ2.jpg"}, "homeCity": "Singapore", "contact": {}, "firstName": "Daniel", "tips": {"count": 3}, "gender": "male", "lastName": "Goh", "lists": {"groups": [{"count": 2, "type": "created", "items": []}]}, "bio": ""}, {"id": "1087666", "photo": {"prefix": "https://igx.4sqi.net/img/user/", "suffix": "/J00E52BYGHYDL5OW.jpg"}, "homeCity": "Manila", "contact": {"facebook": "100000408518996"}, "firstName": "Jason", "tips": {"count": 0}, "gender": "male", "lastName": "Miguel", "lists": {"groups": [{"count": 2, "type": "created", "items": []}]}, "bio": ""}, {"id": "4928195", "photo": {"prefix": "https://igx.4sqi.net/img/user/", "suffix": "/A0PXLHFXE0GHQYFF.jpg"}, "homeCity": "Singapore", "contact": {"facebook": "718015800"}, "firstName": "\ue32eZ!L!ng\ue327", "tips": {"count": 0}, "gender": "female", "lists": {"groups": [{"count": 2, "type": "created", "items": []}]}, "bio": ""}, {"id": "1268926", "photo": {"prefix": "https://igx.4sqi.net/img/user/", "suffix": "/XDNINIKPF3NDGLRZ.jpg"}, "homeCity": "Singapore", "contact": {"facebook": "657805882"}, "firstName": "Charmaine", "tips": {"count": 0}, "gender": "female", "lastName": "Chan", "lists": {"groups": [{"count": 2, "type": "created", "items": []}]}, "bio": ""}, {"id": "2695125", "photo": {"prefix": "https://igx.4sqi.net/img/user/", "suffix": "/X1M5ECSZYBTAVGPG.jpg"}, "homeCity": "Singapore", "contact": {"facebook": "1644165515", "twitter": "ashleylqm"}, "firstName": "Ashley", "tips": {"count": 0}, "gender": "female", "lastName": "Lqm", "lists": {"groups": [{"count": 2, "type": "created", "items": []}]}, "bio": ""}, {"id": "7231266", "photo": {"prefix": "https://igx.4sqi.net/img/user/", "suffix": "/FNF01YLB0BF23G2W.jpg"}, "homeCity": "Singapore", "contact": {}, "firstName": "seng", "tips": {"count": 0}, "gender": "male", "lastName": "seng", "lists": {"groups": [{"count": 2, "type": "created", "items": []}]}, "bio": ""}, {"id": "4675142", "photo": {"prefix": "https://igx.4sqi.net/img/user/", "suffix": "/4HXKBFMOI0FLKIDE.jpg"}, "homeCity": "Singapore", "contact": {}, "firstName": "Kevin", "tips": {"count": 0}, "gender": "male", "lastName": "Ho", "lists": {"groups": [{"count": 2, "type": "created", "items": []}]}, "bio": ""}, {"id": "2288557", "photo": {"prefix": "https://igx.4sqi.net/img/user/", "suffix": "/B1JUPSJC0MZU0YNN.jpg"}, "homeCity": "Singapore", "contact": {"facebook": "754879810"}, "firstName": "Lisa", "tips": {"count": 0}, "gender": "female", "lastName": "Sim", "lists": {"groups": [{"count": 2, "type": "created", "items": []}]}, "bio": ""}, {"id": "3878050", "photo": {"prefix": "https://igx.4sqi.net/img/user/", "suffix": "/J2SKMPWHVBYQ3EK5.jpg"}, "homeCity": "Singapore", "contact": {}, "firstName": "Christopher", "tips": {"count": 0}, "gender": "male", "lastName": "see", "lists": {"groups": [{"count": 2, "type": "created", "items": []}]}, "bio": ""}, {"id": "1699756", "photo": {"prefix": "https://igx.4sqi.net/img/user/", "suffix": "/3HB2GRAVGNYG1CVC.jpg"}, "homeCity": "Singapore", "contact": {"facebook": "631772211"}, "firstName": "Anthony", "tips": {"count": 1}, "gender": "male", "lastName": "\u5764\u8fbe", "lists": {"groups": [{"count": 2, "type": "created", "items": []}]}, "bio": ""}, {"id": "4930889", "photo": {"prefix": "https://igx.4sqi.net/img/user/", "suffix": "/BI0DWAWNVUHQHAC4.jpg"}, "homeCity": "Singapore", "contact": {"facebook": "646507898"}, "firstName": "Ben Irene", "tips": {"count": 1}, "gender": "none", "lastName": "See", "lists": {"groups": [{"count": 2, "type": "created", "items": []}]}, "bio": ""}, {"id": "2327518", "photo": {"prefix": "https://igx.4sqi.net/img/user/", "suffix": "/2JTPOZ0HKRR204IR.jpg"}, "homeCity": "Singapore", "contact": {}, "firstName": "Ranger", "tips": {"count": 0}, "gender": "male", "lastName": "Ng", "lists": {"groups": [{"count": 2, "type": "created", "items": []}]}, "bio": ""}, {"id": "3171031", "photo": {"prefix": "https://igx.4sqi.net/img/user/", "suffix": "/GMJTY3SNQ0AFEZ0G.jpg"}, "homeCity": "Singapore", "contact": {"facebook": "608681126", "twitter": "alwayslainie"}, "firstName": "Lainie", "tips": {"count": 0}, "gender": "female", "lastName": "Tan", "lists": {"groups": [{"count": 2, "type": "created", "items": []}]}, "bio": ""}, {"id": "4870470", "photo": {"prefix": "https://igx.4sqi.net/img/user/", "suffix": "/UWJJSSRJ5AJ5ONZI.jpg"}, "homeCity": "Singapore", "contact": {"facebook": "1151829903"}, "firstName": "Maya", "tips": {"count": 2}, "gender": "female", "lastName": "Toh", "lists": {"groups": [{"count": 2, "type": "created", "items": []}]}, "bio": ""}, {"id": "2707568", "photo": {"prefix": "https://igx.4sqi.net/img/user/", "suffix": "/DW0OIUPEKRPHOSIQ.jpg"}, "homeCity": "Singapore", "contact": {"facebook": "865565346", "twitter": "yurikobaby"}, "firstName": "Yuriko", "tips": {"count": 21}, "gender": "female", "lastName": "Jasmine", "lists": {"groups": [{"count": 2, "type": "created", "items": []}]}, "bio": ""}, {"id": "3903477", "photo": {"prefix": "https://igx.4sqi.net/img/user/", "suffix": "/MSSJF5YYRJLN1OFO.jpg"}, "homeCity": "Singapore", "contact": {"facebook": "685456111"}, "firstName": "\ue32dJolin Jin Blur", "tips": {"count": 4}, "gender": "female", "lists": {"groups": [{"count": 2, "type": "created", "items": []}]}, "bio": ""}, {"id": "1704555", "photo": {"prefix": "https://igx.4sqi.net/img/user/", "suffix": "/1704555_bUUltSNu_l-ybZvMlcxEwrqUqlQh15M4t7hLzk7ENE25WPHeQMopp1xxsZM8pg6rv0ij5vtov.jpg"}, "homeCity": "Boon Lay, Singapore", "contact": {"facebook": "902872396425556"}, "firstName": "Jimmy", "tips": {"count": 19}, "gender": "male", "lastName": "Teo", "lists": {"groups": [{"count": 2, "type": "created", "items": []}]}, "bio": ""}, {"id": "5073015", "photo": {"prefix": "https://igx.4sqi.net/img/user/", "suffix": "/P3EF30NITPI2CHRB.jpg"}, "homeCity": "Singapore", "contact": {"facebook": "554440707"}, "firstName": "Dylan", "tips": {"count": 1}, "gender": "male", "lastName": "Chng", "lists": {"groups": [{"count": 2, "type": "created", "items": []}]}, "bio": ""}, {"id": "2783652", "photo": {"prefix": "https://igx.4sqi.net/img/user/", "default": true, "suffix": "/blank_boy.png"}, "homeCity": "Singapore", "contact": {}, "firstName": "Kian", "tips": {"count": 0}, "gender": "male", "lastName": "Chua", "lists": {"groups": [{"count": 2, "type": "created", "items": []}]}, "bio": ""}, {"id": "3173130", "photo": {"prefix": "https://igx.4sqi.net/img/user/", "suffix": "/YQ2R3HKFN1TKB3QG.jpg"}, "homeCity": "Singapore", "contact": {"facebook": "545532911"}, "firstName": "Simon", "tips": {"count": 11}, "gender": "male", "lastName": "Song", "lists": {"groups": [{"count": 2, "type": "created", "items": []}]}, "bio": ""}, {"id": "7494500", "photo": {"prefix": "https://igx.4sqi.net/img/user/", "suffix": "/LJTZSMN51BHNQ2NS.jpg"}, "homeCity": "Singapore", "contact": {"facebook": "100000034162757"}, "firstName": "snort", "tips": {"count": 0}, "gender": "male", "lastName": "44", "lists": {"groups": [{"count": 2, "type": "created", "items": []}]}, "bio": ""}, {"id": "2967755", "photo": {"prefix": "https://igx.4sqi.net/img/user/", "suffix": "/1RDOAAQDXNHPZXV2.jpg"}, "homeCity": "Singapore", "contact": {"facebook": "100000208150935"}, "firstName": "Kerlynn", "tips": {"count": 0}, "gender": "female", "lastName": "Poh", "lists": {"groups": [{"count": 2, "type": "created", "items": []}]}, "bio": ""}, {"id": "3913966", "photo": {"prefix": "https://igx.4sqi.net/img/user/", "suffix": "/00DBJLV0EYZ3DJA4.jpg"}, "homeCity": "Singapore", "contact": {"facebook": "779621583"}, "firstName": "Keith", "tips": {"count": 1}, "gender": "male", "lastName": "Tey", "lists": {"groups": [{"count": 2, "type": "created", "items": []}]}, "bio": ""}, {"id": "3330374", "photo": {"prefix": "https://igx.4sqi.net/img/user/", "suffix": "/OPKDROU45UBANMR4.jpg"}, "homeCity": "Singapore", "contact": {}, "firstName": "Alex", "tips": {"count": 0}, "gender": "male", "lastName": "Snow", "lists": {"groups": [{"count": 2, "type": "created", "items": []}]}, "bio": ""}, {"id": "3112341", "photo": {"prefix": "https://igx.4sqi.net/img/user/", "suffix": "/YIC2DVR4LTG44O1P.jpg"}, "homeCity": "Singapore", "contact": {"twitter": "dearestbel"}, "firstName": "Belinda", "tips": {"count": 0}, "gender": "female", "lists": {"groups": [{"count": 2, "type": "created", "items": []}]}, "bio": ""}, {"id": "3262517", "photo": {"prefix": "https://igx.4sqi.net/img/user/", "suffix": "/JHC0QJYTEUBXUXRT.jpg"}, "homeCity": "Singapore", "contact": {"facebook": "571946054"}, "firstName": "Michell", "tips": {"count": 0}, "gender": "female", "lastName": "Sim", "lists": {"groups": [{"count": 2, "type": "created", "items": []}]}, "bio": ""}, {"id": "3573648", "photo": {"prefix": "https://igx.4sqi.net/img/user/", "suffix": "/VTH4O11N1DG0VL5T.jpg"}, "homeCity": "Singapore", "contact": {"facebook": "554737246"}, "firstName": "Louis", "tips": {"count": 0}, "gender": "male", "lastName": "Lee", "lists": {"groups": [{"count": 2, "type": "created", "items": []}]}, "bio": ""}, {"id": "3938324", "photo": {"prefix": "https://igx.4sqi.net/img/user/", "suffix": "/Z1QCGTARKMSSSNZP.jpg"}, "homeCity": "Singapore", "contact": {}, "firstName": "Jason", "tips": {"count": 17}, "gender": "male", "lastName": "Tan", "lists": {"groups": [{"count": 2, "type": "created", "items": []}]}, "bio": ""}, {"id": "4624663", "photo": {"prefix": "https://igx.4sqi.net/img/user/", "suffix": "/4624663-HWNL4TO45TM4IZBA.jpg"}, "homeCity": "Singapore", "contact": {"facebook": "1080760086", "twitter": "grb8sg"}, "firstName": "Grb", "tips": {"count": 1}, "gender": "male", "lastName": "Sg", "lists": {"groups": [{"count": 2, "type": "created", "items": []}]}, "bio": ""}, {"id": "3234856", "photo": {"prefix": "https://igx.4sqi.net/img/user/", "suffix": "/HTFRQTMIOLYCA211.jpg"}, "homeCity": "Singapore", "contact": {"facebook": "1267777963"}, "firstName": "philip", "tips": {"count": 0}, "gender": "male", "lists": {"groups": [{"count": 2, "type": "created", "items": []}]}, "bio": ""}, {"id": "3672410", "photo": {"prefix": "https://igx.4sqi.net/img/user/", "suffix": "/3672410-UKBV1TYKDT3T3HSH.jpg"}, "homeCity": "Singapore", "contact": {"facebook": "10153085079466510"}, "firstName": "Ryan", "tips": {"count": 5}, "gender": "male", "lastName": "Yang", "lists": {"groups": [{"count": 3, "type": "created", "items": []}]}, "bio": ""}, {"id": "3657181", "photo": {"prefix": "https://igx.4sqi.net/img/user/", "suffix": "/L3QSTIH0GYECALEV.jpg"}, "homeCity": "Singapore", "contact": {"facebook": "727357538"}, "firstName": "Shark", "tips": {"count": 0}, "gender": "female", "lastName": "Shark", "lists": {"groups": [{"count": 2, "type": "created", "items": []}]}, "bio": ""}, {"id": "3942211", "photo": {"prefix": "https://igx.4sqi.net/img/user/", "suffix": "/GTSIVTNGBVLB5ASY.jpg"}, "homeCity": "New York, NY", "contact": {"facebook": "771103219"}, "firstName": "Shawn", "tips": {"count": 1}, "gender": "male", "lastName": "Tan", "lists": {"groups": [{"count": 2, "type": "created", "items": []}]}, "bio": ""}, {"id": "3493325", "photo": {"prefix": "https://igx.4sqi.net/img/user/", "suffix": "/VFMX5EECVRRYJMH3.jpg"}, "homeCity": "Singapore", "contact": {"facebook": "738892673"}, "firstName": "benjamin", "tips": {"count": 2}, "gender": "male", "lastName": "khoo", "lists": {"groups": [{"count": 2, "type": "created", "items": []}]}, "bio": ""}, {"id": "3726277", "photo": {"prefix": "https://igx.4sqi.net/img/user/", "suffix": "/WEEJDWEZ0TOTSGZN.jpg"}, "homeCity": "Singapore", "contact": {"twitter": "m3lolicious"}, "firstName": "Mel", "tips": {"count": 2}, "gender": "female", "lists": {"groups": [{"count": 2, "type": "created", "items": []}]}, "bio": ""}, {"id": "3568230", "photo": {"prefix": "https://igx.4sqi.net/img/user/", "suffix": "/IK2TTIXWCVGSQO3V.jpg"}, "homeCity": "Taiwan", "contact": {"facebook": "1484746260", "twitter": "fabian_ng"}, "firstName": "Fabian", "tips": {"count": 0}, "gender": "male", "lastName": "Ng", "lists": {"groups": [{"count": 2, "type": "created", "items": []}]}, "bio": ""}, {"id": "3881876", "photo": {"prefix": "https://igx.4sqi.net/img/user/", "suffix": "/3881876-MI3HECM1OR3CQKQ5.jpg"}, "homeCity": "Singapore", "contact": {"facebook": "10203096177916339"}, "firstName": "DeLai", "tips": {"count": 0}, "gender": "male", "lastName": "World", "lists": {"groups": [{"count": 2, "type": "created", "items": []}]}, "bio": "Friends Forever :-)"}, {"id": "3615949", "photo": {"prefix": "https://igx.4sqi.net/img/user/", "suffix": "/WDSBFHTRN3XB3EI2.jpg"}, "homeCity": "Bangkok,Thailand", "contact": {"facebook": "755443762"}, "firstName": "SerRin(88)", "tips": {"count": 0}, "gender": "female", "lists": {"groups": [{"count": 2, "type": "created", "items": []}]}, "bio": ""}, {"id": "3890217", "photo": {"prefix": "https://igx.4sqi.net/img/user/", "suffix": "/3890217-XWRM2JJGY5INFWPX.jpg"}, "homeCity": "Hong Kong", "contact": {"facebook": "100000170043236"}, "firstName": "Sean", "tips": {"count": 291}, "gender": "male", "lastName": "Momo", "lists": {"groups": [{"count": 3, "type": "created", "items": []}]}, "bio": ""}, {"id": "3705695", "photo": {"prefix": "https://igx.4sqi.net/img/user/", "suffix": "/LSXIMQZ2GA4C0X3L.jpg"}, "homeCity": "Singapore", "contact": {}, "firstName": "Lyn", "tips": {"count": 0}, "gender": "female", "lists": {"groups": [{"count": 2, "type": "created", "items": []}]}, "bio": ""}, {"id": "3964565", "photo": {"prefix": "https://igx.4sqi.net/img/user/", "suffix": "/K3BOIFBLI4WEKZPK.jpg"}, "homeCity": "New York, NY", "contact": {}, "firstName": "Kaiwei", "tips": {"count": 0}, "gender": "male", "lastName": "Wu", "lists": {"groups": [{"count": 2, "type": "created", "items": []}]}, "bio": ""}, {"id": "3765085", "photo": {"prefix": "https://igx.4sqi.net/img/user/", "suffix": "/0P4UK31R0T5TBHLV.jpg"}, "homeCity": "Singapore", "contact": {"facebook": "1171831083"}, "firstName": "Colin", "tips": {"count": 0}, "gender": "male", "lastName": "Yap", "lists": {"groups": [{"count": 2, "type": "created", "items": []}]}, "bio": ""}, {"id": "4016503", "photo": {"prefix": "https://igx.4sqi.net/img/user/", "suffix": "/0B2KJTWI1RSXW2IZ.jpg"}, "homeCity": "Singapore", "contact": {}, "firstName": "terren.ce", "tips": {"count": 0}, "gender": "male", "lastName": ".", "lists": {"groups": [{"count": 2, "type": "created", "items": []}]}, "bio": ""}, {"id": "3974775", "photo": {"prefix": "https://igx.4sqi.net/img/user/", "suffix": "/5FW1LU2LP3VQ3YU0.jpg"}, "homeCity": "Singapore", "contact": {}, "firstName": "fAiLuRe", "tips": {"count": 1}, "gender": "male", "lists": {"groups": [{"count": 2, "type": "created", "items": []}]}, "bio": ""}, {"id": "4490851", "photo": {"prefix": "https://igx.4sqi.net/img/user/", "suffix": "/XAQRTL1ANU2N5TFW.jpg"}, "homeCity": "New York, NY", "contact": {"facebook": "642975753"}, "firstName": "Zhihuai", "tips": {"count": 0}, "gender": "male", "lastName": "Wu", "lists": {"groups": [{"count": 2, "type": "created", "items": []}]}, "bio": ""}, {"id": "3995629", "photo": {"prefix": "https://igx.4sqi.net/img/user/", "suffix": "/XTAG0B2M1KTFLPZ3.jpg"}, "homeCity": "Singapore", "contact": {}, "firstName": "KeN", "tips": {"count": 0}, "gender": "male", "lastName": "Milky", "lists": {"groups": [{"count": 2, "type": "created", "items": []}]}, "bio": ""}, {"id": "5208335", "photo": {"prefix": "https://igx.4sqi.net/img/user/", "suffix": "/L501SQ2P15UK3SCF.jpg"}, "homeCity": "Singapore", "contact": {}, "firstName": "Andy", "tips": {"count": 0}, "gender": "male", "lastName": "Wong", "lists": {"groups": [{"count": 2, "type": "created", "items": []}]}, "bio": ""}, {"id": "4431059", "photo": {"prefix": "https://igx.4sqi.net/img/user/", "suffix": "/0I2PQFFUBKSRFBQO.jpg"}, "homeCity": "Singapore", "contact": {}, "firstName": "Darren", "tips": {"count": 0}, "gender": "none", "lastName": "Yeo", "lists": {"groups": [{"count": 2, "type": "created", "items": []}]}, "bio": ""}, {"id": "4731051", "photo": {"prefix": "https://igx.4sqi.net/img/user/", "suffix": "/ZBO4AFQUNJYYNH11.jpg"}, "homeCity": "", "contact": {}, "firstName": "Kenneth", "tips": {"count": 1}, "gender": "male", "lists": {"groups": [{"count": 2, "type": "created", "items": []}]}, "bio": ""}]}, "checksum": "2ca81a46f82893d086f5da7a2776b7d69fc87d7a"}}