{"notifications": [{"type": "notificationTray", "item": {"unreadCount": 0}}], "response": {"friends": {"items": [{"tips": {"count": 3}, "contact": {}, "firstName": "weiming", "gender": "male", "id": "3509576", "bio": "", "photo": {"prefix": "https://igx.4sqi.net/img/user/", "suffix": "/T34WUQLBGXB414YD.jpg"}, "homeCity": "tampines new town", "lists": {"groups": [{"items": [], "count": 2, "type": "created"}]}}, {"tips": {"count": 0}, "contact": {"facebook": "770012501"}, "firstName": "Paul Lzq", "gender": "male", "id": "3771606", "bio": "", "photo": {"prefix": "https://igx.4sqi.net/img/user/", "suffix": "/3RWZT4HOL4GOT32V.jpg"}, "homeCity": "Singapore", "lists": {"groups": [{"items": [], "count": 2, "type": "created"}]}}, {"tips": {"count": 0}, "contact": {"facebook": "770738689"}, "firstName": "gabriel", "gender": "male", "id": "1615129", "bio": "", "photo": {"prefix": "https://igx.4sqi.net/img/user/", "suffix": "/blank_boy.png", "default": true}, "homeCity": "Singapore", "lists": {"groups": [{"items": [], "count": 2, "type": "created"}]}}, {"tips": {"count": 0}, "contact": {"facebook": "789095564"}, "firstName": "Takaishi", "gender": "none", "id": "1585657", "bio": "", "photo": {"prefix": "https://igx.4sqi.net/img/user/", "suffix": "/G0W1RYUATUYO0FAQ.jpg"}, "homeCity": "Singapore, ", "lists": {"groups": [{"items": [], "count": 2, "type": "created"}]}}, {"tips": {"count": 4}, "contact": {"twitter": "appletsl", "facebook": "776682587"}, "firstName": "Apple", "gender": "female", "lastName": "Tan", "id": "2488817", "bio": "", "photo": {"prefix": "https://igx.4sqi.net/img/user/", "suffix": "/LDR5C3QYDNORQXOH.jpg"}, "homeCity": "Singapore", "lists": {"groups": [{"items": [], "count": 2, "type": "created"}]}}, {"superuser": 1, "tips": {"count": 2}, "contact": {"twitter": "rochorbeancurd", "facebook": "1464051362"}, "firstName": "rochorbeancurd", "gender": "male", "lastName": "JasonKoh", "id": "186905", "bio": "", "photo": {"prefix": "https://igx.4sqi.net/img/user/", "suffix": "/M0CTH4TMJWCVNOAM.jpg"}, "homeCity": "Balestier, Singapore", "lists": {"groups": [{"items": [], "count": 2, "type": "created"}]}}, {"tips": {"count": 0}, "contact": {}, "firstName": "Nurisman", "gender": "male", "lastName": "Kenzo", "id": "3787593", "bio": "", "photo": {"prefix": "https://igx.4sqi.net/img/user/", "suffix": "/2ZGRXR0NOITVLY1X.jpg"}, "homeCity": "Singapore", "lists": {"groups": [{"items": [], "count": 2, "type": "created"}]}}, {"tips": {"count": 1}, "contact": {"facebook": "517454862"}, "firstName": "Nick", "gender": "male", "lastName": "Lim", "id": "1479130", "bio": "", "photo": {"prefix": "https://igx.4sqi.net/img/user/", "suffix": "/KHW215VOLZCMHBUV.jpg"}, "homeCity": "Singapore", "lists": {"groups": [{"items": [], "count": 2, "type": "created"}]}}, {"tips": {"count": 0}, "contact": {"facebook": "691546984"}, "firstName": "Soh", "gender": "male", "lastName": "Js", "id": "1755592", "bio": "", "photo": {"prefix": "https://igx.4sqi.net/img/user/", "suffix": "/blank_boy.png", "default": true}, "homeCity": "Pulau Tekong, Singapore", "lists": {"groups": [{"items": [], "count": 2, "type": "created"}]}}, {"tips": {"count": 9}, "contact": {"twitter": "rebeccaseah", "facebook": "754825163"}, "firstName": "Rebecca", "gender": "female", "lastName": "Seah", "id": "784177", "bio": "", "photo": {"prefix": "https://igx.4sqi.net/img/user/", "suffix": "/QAUAP1KOR02QBKQ4.jpg"}, "homeCity": "Fernvale, Singapore", "lists": {"groups": [{"items": [], "count": 2, "type": "created"}]}}, {"tips": {"count": 0}, "contact": {}, "firstName": "Jayson", "gender": "none", "lastName": "Chua", "id": "2593549", "bio": "", "photo": {"prefix": "https://igx.4sqi.net/img/user/", "suffix": "/YOMQFZPHRZMGCME1.jpg"}, "homeCity": "Singapore", "lists": {"groups": [{"items": [], "count": 2, "type": "created"}]}}, {"tips": {"count": 4}, "contact": {}, "firstName": "Joyz", "gender": "female", "lastName": "X", "id": "905732", "bio": "", "photo": {"prefix": "https://igx.4sqi.net/img/user/", "suffix": "/C5ATAXS4MWGW1SUP.jpg"}, "homeCity": "Singapore, 65", "lists": {"groups": [{"items": [], "count": 2, "type": "created"}]}}, {"tips": {"count": 14}, "contact": {"facebook": "10206507600961596"}, "firstName": "Roger", "gender": "male", "lastName": "Wong", "id": "107092", "bio": "", "photo": {"prefix": "https://igx.4sqi.net/img/user/", "suffix": "/XIBHES5QN1CMNCFA.jpg"}, "homeCity": "Singapore", "lists": {"groups": [{"items": [], "count": 4, "type": "created"}]}}, {"tips": {"count": 8}, "contact": {}, "firstName": "Derek", "gender": "male", "lastName": "Lim", "id": "3512160", "bio": "", "photo": {"prefix": "https://igx.4sqi.net/img/user/", "suffix": "/EKHQVZCNB4EXGQOG.jpg"}, "homeCity": "Singapore", "lists": {"groups": [{"items": [], "count": 2, "type": "created"}]}}, {"tips": {"count": 1}, "contact": {"facebook": "727492393"}, "firstName": "Ken", "gender": "male", "lastName": "Lee", "id": "2628937", "bio": "", "photo": {"prefix": "https://igx.4sqi.net/img/user/", "suffix": "/TG0TH4K3MTLPAXMP.jpg"}, "homeCity": "Singapore", "lists": {"groups": [{"items": [], "count": 2, "type": "created"}]}}, {"tips": {"count": 0}, "contact": {"facebook": "642835680"}, "firstName": "Jus", "gender": "male", "lastName": "J Walker", "id": "2567708", "bio": "", "photo": {"prefix": "https://igx.4sqi.net/img/user/", "suffix": "/NEGKLHZSKEJINH1E.jpg"}, "homeCity": "sophia road", "lists": {"groups": [{"items": [], "count": 2, "type": "created"}]}}, {"tips": {"count": 0}, "contact": {"facebook": "757575986"}, "firstName": "jude", "gender": "male", "lastName": "tay", "id": "1768107", "bio": "", "photo": {"prefix": "https://igx.4sqi.net/img/user/", "suffix": "/CDMXHGHQNPDPLJM0.jpg"}, "homeCity": "Tampines, Singapore", "lists": {"groups": [{"items": [], "count": 2, "type": "created"}]}}, {"tips": {"count": 2}, "contact": {"twitter": "lonelyfied", "facebook": "666011044"}, "firstName": "sillykid", "gender": "male", "lastName": "weiliang", "id": "1651961", "bio": "", "photo": {"prefix": "https://igx.4sqi.net/img/user/", "suffix": "/Y40WIQ4EIPVNXF5K.jpg"}, "homeCity": "Bukit Panjang, Singapore", "lists": {"groups": [{"items": [], "count": 2, "type": "created"}]}}, {"tips": {"count": 0}, "contact": {"facebook": "640863536"}, "firstName": "Ivan", "gender": "male", "lastName": "Ang", "id": "2861828", "bio": "", "photo": {"prefix": "https://igx.4sqi.net/img/user/", "suffix": "/JF4OUVDYYPWUOENY.jpg"}, "homeCity": "Singapore", "lists": {"groups": [{"items": [], "count": 2, "type": "created"}]}}, {"tips": {"count": 1}, "contact": {"facebook": "645761996"}, "firstName": "Wendy", "gender": "female", "lastName": "Lim", "id": "2835175", "bio": "", "photo": {"prefix": "https://igx.4sqi.net/img/user/", "suffix": "/N2PHY0JC5UJ3POOL.jpg"}, "homeCity": "Singapore", "lists": {"groups": [{"items": [], "count": 2, "type": "created"}]}}, {"tips": {"count": 0}, "contact": {"facebook": "659581986"}, "firstName": "Ming Han", "gender": "male", "lastName": "Tan", "id": "2918418", "bio": "", "photo": {"prefix": "https://igx.4sqi.net/img/user/", "suffix": "/LZHAMVZJ0TTWGHI0.jpg"}, "homeCity": "Singapore", "lists": {"groups": [{"items": [], "count": 2, "type": "created"}]}}, {"tips": {"count": 2}, "contact": {"twitter": "francisphx", "facebook": "689573736"}, "firstName": "Peh", "gender": "male", "lastName": "Francis", "id": "2269645", "bio": "", "photo": {"prefix": "https://igx.4sqi.net/img/user/", "suffix": "/GLDLVM1QNJIQYYMS.jpg"}, "homeCity": "Singapore", "lists": {"groups": [{"items": [], "count": 2, "type": "created"}]}}, {"tips": {"count": 0}, "contact": {"facebook": "542703107"}, "firstName": "Wee Hock", "gender": "male", "lastName": "Sim", "id": "2863669", "bio": "", "photo": {"prefix": "https://igx.4sqi.net/img/user/", "suffix": "/IUEHXJOXNHIWEVLJ.jpg"}, "homeCity": "Singapore", "lists": {"groups": [{"items": [], "count": 2, "type": "created"}]}}, {"tips": {"count": 2}, "contact": {"facebook": "1283662436"}, "firstName": "Pauline", "gender": "female", "lastName": "Huan", "id": "3573549", "bio": "", "photo": {"prefix": "https://igx.4sqi.net/img/user/", "suffix": "/AYNXF44RGFMIEAD5.jpg"}, "homeCity": "Singapore", "lists": {"groups": [{"items": [], "count": 2, "type": "created"}]}}, {"tips": {"count": 0}, "contact": {"facebook": "597868734"}, "firstName": "Ivan", "gender": "male", "lastName": "Ang", "id": "3067439", "bio": "", "photo": {"prefix": "https://igx.4sqi.net/img/user/", "suffix": "/KGBOL4SWU3RXT5UG.jpg"}, "homeCity": "Singapore", "lists": {"groups": [{"items": [], "count": 2, "type": "created"}]}}, {"tips": {"count": 0}, "contact": {"facebook": "604572793"}, "firstName": "Angela", "gender": "female", "lastName": "Tang", "id": "2324951", "bio": "", "photo": {"prefix": "https://igx.4sqi.net/img/user/", "suffix": "/H4SILTC0L20DQEMG.jpg"}, "homeCity": "Singapore", "lists": {"groups": [{"items": [], "count": 2, "type": "created"}]}}, {"tips": {"count": 3}, "contact": {"twitter": "ookami90", "facebook": "100003695708188"}, "firstName": "Alex", "gender": "male", "lastName": "Seow", "id": "2865576", "bio": "", "photo": {"prefix": "https://igx.4sqi.net/img/user/", "suffix": "/2865576-1A02EYGAOKUZCBUX.jpg"}, "homeCity": "Singapore", "lists": {"groups": [{"items": [], "count": 2, "type": "created"}]}}, {"tips": {"count": 0}, "contact": {}, "firstName": "alex", "gender": "male", "lastName": "toh", "id": "3594903", "bio": "", "photo": {"prefix": "https://igx.4sqi.net/img/user/", "suffix": "/HVI5UT001HLGYHTI.jpg"}, "homeCity": "Singapore", "lists": {"groups": [{"items": [], "count": 2, "type": "created"}]}}, {"tips": {"count": 0}, "contact": {}, "firstName": "Chua", "gender": "male", "lastName": "Steve", "id": "3524674", "bio": "", "photo": {"prefix": "https://igx.4sqi.net/img/user/", "suffix": "/JHBB3QMJN1NDFBFW.jpg"}, "homeCity": "Singapore", "lists": {"groups": [{"items": [], "count": 2, "type": "created"}]}}, {"tips": {"count": 0}, "contact": {"facebook": "643447571"}, "firstName": "Lee", "gender": "male", "lastName": "Yong Siang", "id": "2532779", "bio": "", "photo": {"prefix": "https://igx.4sqi.net/img/user/", "suffix": "/LO3JCC5IB4I2ZACF.jpg"}, "homeCity": "Singapore", "lists": {"groups": [{"items": [], "count": 2, "type": "created"}]}}, {"tips": {"count": 1}, "contact": {"facebook": "658093550"}, "firstName": "Pepper", "gender": "male", "lastName": "Jonkakku", "id": "3202332", "bio": "", "photo": {"prefix": "https://igx.4sqi.net/img/user/", "suffix": "/T4KPVVTCRECVW1LA.jpg"}, "homeCity": "Singapore", "lists": {"groups": [{"items": [], "count": 2, "type": "created"}]}}, {"tips": {"count": 1}, "contact": {"facebook": "815692301"}, "firstName": "Benji", "gender": "male", "lastName": "Ang", "id": "3737511", "bio": "", "photo": {"prefix": "https://igx.4sqi.net/img/user/", "suffix": "/4LDJVN1KP020OH0J.jpg"}, "homeCity": "Singapore", "lists": {"groups": [{"items": [], "count": 2, "type": "created"}]}}, {"tips": {"count": 7}, "contact": {"facebook": "523612689"}, "firstName": "Jeff", "gender": "male", "lastName": "Chan", "id": "2728344", "bio": "", "photo": {"prefix": "https://igx.4sqi.net/img/user/", "suffix": "/JSKYWRRNEPACOYTL.jpg"}, "homeCity": "Singapore", "lists": {"groups": [{"items": [], "count": 2, "type": "created"}]}}, {"tips": {"count": 0}, "contact": {"facebook": "604381253"}, "firstName": "Stanly", "gender": "male", "lastName": "Tan", "id": "3278508", "bio": "", "photo": {"prefix": "https://igx.4sqi.net/img/user/", "suffix": "/ZOAAOJWNWBF0TNKI.jpg"}, "homeCity": "Singapore", "lists": {"groups": [{"items": [], "count": 2, "type": "created"}]}}, {"tips": {"count": 1}, "contact": {"facebook": "628737293"}, "firstName": "Tim", "gender": "male", "lastName": "Wu", "id": "2999118", "bio": "", "photo": {"prefix": "https://igx.4sqi.net/img/user/", "suffix": "/52WEFHR3O0RSA3H2.jpg"}, "homeCity": "Singapore", "lists": {"groups": [{"items": [], "count": 2, "type": "created"}]}}, {"tips": {"count": 3}, "contact": {"facebook": "611004273"}, "firstName": "Jonathan", "gender": "male", "lastName": "Lee", "id": "3289681", "bio": "", "photo": {"prefix": "https://igx.4sqi.net/img/user/", "suffix": "/2TKVMNC4M0CRI01A.jpg"}, "homeCity": "Singapore", "lists": {"groups": [{"items": [], "count": 2, "type": "created"}]}}, {"tips": {"count": 0}, "contact": {"facebook": "635831390"}, "firstName": "Eric", "gender": "male", "lastName": "YaOddy", "id": "3004098", "bio": "", "photo": {"prefix": "https://igx.4sqi.net/img/user/", "suffix": "/blank_boy.png", "default": true}, "homeCity": "Singapore", "lists": {"groups": [{"items": [], "count": 2, "type": "created"}]}}, {"tips": {"count": 0}, "contact": {"facebook": "680031898"}, "firstName": "Emily", "gender": "female", "lastName": "Ong", "id": "3310264", "bio": "", "photo": {"prefix": "https://igx.4sqi.net/img/user/", "suffix": "/P5OUPZL0IIDAC3E3.jpg"}, "homeCity": "Singapore", "lists": {"groups": [{"items": [], "count": 2, "type": "created"}]}}, {"tips": {"count": 0}, "contact": {"facebook": "1303807805"}, "firstName": "Eelin", "gender": "female", "lastName": "Foo", "id": "3016593", "bio": "", "photo": {"prefix": "https://igx.4sqi.net/img/user/", "suffix": "/UQHZPW1UBB4R4S2M.jpg"}, "homeCity": "Singapore", "lists": {"groups": [{"items": [], "count": 2, "type": "created"}]}}, {"tips": {"count": 0}, "contact": {"twitter": "hazel_nutty", "facebook": "804964630"}, "firstName": "Hazel", "gender": "female", "lastName": "Gan", "id": "3508422", "bio": "", "photo": {"prefix": "https://igx.4sqi.net/img/user/", "suffix": "/3508422-D2W2DYGCBET1EH3L.jpg"}, "homeCity": "Singapore", "lists": {"groups": [{"items": [], "count": 2, "type": "created"}]}}, {"tips": {"count": 0}, "contact": {"facebook": "630035016"}, "firstName": "Whyn", "gender": "male", "lastName": "Yan", "id": "3082398", "bio": "", "photo": {"prefix": "https://igx.4sqi.net/img/user/", "suffix": "/WSMUW4IEFYRETMFC.jpg"}, "homeCity": "Singapore", "lists": {"groups": [{"items": [], "count": 2, "type": "created"}]}}, {"tips": {"count": 0}, "contact": {}, "firstName": "OtaIrwan & Elly", "gender": "none", "lastName": "Iryandy", "id": "3691630", "bio": "", "photo": {"prefix": "https://igx.4sqi.net/img/user/", "suffix": "/C5KETMSTEES5CZRV.jpg"}, "homeCity": "malaysia", "lists": {"groups": [{"items": [], "count": 2, "type": "created"}]}}, {"tips": {"count": 5}, "contact": {"facebook": "863150003"}, "firstName": "Gwen", "gender": "female", "lastName": "Hu", "id": "3236281", "bio": "", "photo": {"prefix": "https://igx.4sqi.net/img/user/", "suffix": "/NPFWRZI4CLXDNA0A.jpg"}, "homeCity": "Singapore", "lists": {"groups": [{"items": [], "count": 2, "type": "created"}]}}, {"tips": {"count": 0}, "contact": {"facebook": "605886587"}, "firstName": "Elly-Irwan", "gender": "none", "lastName": "Iryandy", "id": "3693551", "bio": "", "photo": {"prefix": "https://igx.4sqi.net/img/user/", "suffix": "/2ZLISADPD2EUGJZW.jpg"}, "homeCity": "Singapore", "lists": {"groups": [{"items": [], "count": 2, "type": "created"}]}}, {"tips": {"count": 0}, "contact": {"facebook": "584914114"}, "firstName": "Ivy", "gender": "female", "lastName": "Liu", "id": "3380112", "bio": "", "photo": {"prefix": "https://igx.4sqi.net/img/user/", "suffix": "/53U0GUTR5LRED0I3.jpg"}, "homeCity": "Singapore", "lists": {"groups": [{"items": [], "count": 2, "type": "created"}]}}, {"tips": {"count": 0}, "contact": {"facebook": "1608190221"}, "firstName": "Melody", "gender": "female", "lastName": "Chin", "id": "3731630", "bio": "", "photo": {"prefix": "https://igx.4sqi.net/img/user/", "suffix": "/3731630-AHR3OR3AZB1GTUSF.jpg"}, "homeCity": "Singapore", "lists": {"groups": [{"items": [], "count": 2, "type": "created"}]}}, {"tips": {"count": 2}, "contact": {"facebook": "1091953283"}, "firstName": "Lilian", "gender": "none", "lastName": "Yeo", "id": "3472045", "bio": "", "photo": {"prefix": "https://igx.4sqi.net/img/user/", "suffix": "/BVLENZFSUNKUI5BZ.jpg"}, "homeCity": "Singapore", "lists": {"groups": [{"items": [], "count": 2, "type": "created"}]}}, {"tips": {"count": 1}, "contact": {"facebook": "702031426"}, "firstName": "Ding", "gender": "male", "lastName": "Martin", "id": "3848115", "bio": "", "photo": {"prefix": "https://igx.4sqi.net/img/user/", "suffix": "/W4PSWZQBU2PQ2TTS.jpg"}, "homeCity": "Singapore", "lists": {"groups": [{"items": [], "count": 2, "type": "created"}]}}, {"tips": {"count": 11}, "contact": {"facebook": "548489467"}, "firstName": "Ashvin", "gender": "male", "lastName": "Khialani", "id": "3493608", "bio": "", "photo": {"prefix": "https://igx.4sqi.net/img/user/", "suffix": "/010O4GQQS5IXVZOK.jpg"}, "homeCity": "Singapore", "lists": {"groups": [{"items": [], "count": 2, "type": "created"}]}}, {"tips": {"count": 0}, "contact": {"facebook": "1030268985"}, "firstName": "Rave", "gender": "none", "id": "3855014", "bio": "", "photo": {"prefix": "https://igx.4sqi.net/img/user/", "suffix": "/EDXWM5H5N2LCSUPI.jpg"}, "homeCity": "New York, NY", "lists": {"groups": [{"items": [], "count": 2, "type": "created"}]}}, {"tips": {"count": 0}, "contact": {"facebook": "721385476"}, "firstName": "Jacelyn", "gender": "female", "id": "3495442", "bio": "", "photo": {"prefix": "https://igx.4sqi.net/img/user/", "suffix": "/BYLFCFUXP0V4RKYK.jpg"}, "homeCity": "Singapore", "lists": {"groups": [{"items": [], "count": 2, "type": "created"}]}}, {"tips": {"count": 1}, "contact": {"facebook": "722044401"}, "firstName": "Alvin", "gender": "male", "lastName": "Zheng", "id": "3558597", "bio": "", "photo": {"prefix": "https://igx.4sqi.net/img/user/", "suffix": "/GIESJHMCFOML0PRV.jpg"}, "homeCity": "Singapore", "lists": {"groups": [{"items": [], "count": 2, "type": "created"}]}}, {"tips": {"count": 0}, "contact": {"facebook": "669156148"}, "firstName": "Cynthia", "gender": "female", "lastName": "Ho", "id": "3686257", "bio": "", "photo": {"prefix": "https://igx.4sqi.net/img/user/", "suffix": "/TAVECHXMYGLZWCP2.jpg"}, "homeCity": "Singapore", "lists": {"groups": [{"items": [], "count": 2, "type": "created"}]}}, {"tips": {"count": 0}, "contact": {}, "firstName": "Eric", "gender": "male", "lastName": "Tan", "id": "3702037", "bio": "", "photo": {"prefix": "https://igx.4sqi.net/img/user/", "suffix": "/XXEZGQBY50N02TDJ.jpg"}, "homeCity": "Singapore", "lists": {"groups": [{"items": [], "count": 2, "type": "created"}]}}], "count": 154}, "checksum": "d056ba6c3e1d11502b0cddeb69c417d34861e218"}, "meta": {"requestId": "596629751ed21919fb91d1c9", "code": 200}}