{"notifications": [{"type": "notificationTray", "item": {"unreadCount": 0}}], "response": {"friends": {"items": [{"tips": {"count": 0}, "contact": {"twitter": "donilagi", "facebook": "1719961530"}, "firstName": "ada", "gender": "male", "lastName": "lagi", "id": "4317479", "bio": "", "photo": {"prefix": "https://igx.4sqi.net/img/user/", "suffix": "/MOIWK5F1UHLIZHRE.jpg"}, "homeCity": "Purworejo, Indonesia", "lists": {"groups": [{"items": [], "count": 2, "type": "created"}]}}, {"tips": {"count": 5}, "contact": {"twitter": "dieselatlanta", "facebook": "1472938133"}, "firstName": "Diesel", "gender": "male", "lastName": "Atlanta", "id": "284065", "bio": "", "photo": {"prefix": "https://igx.4sqi.net/img/user/", "suffix": "/EBQXQFWKHK15TV0R.jpg"}, "homeCity": "Atlanta, GA", "lists": {"groups": [{"items": [], "count": 2, "type": "created"}]}}, {"tips": {"count": 0}, "contact": {"facebook": "100003366236379"}, "firstName": "Clbsob", "gender": "male", "lastName": "Aquino", "id": "38093278", "bio": "", "photo": {"prefix": "https://igx.4sqi.net/img/user/", "suffix": "/KY2AEOIHGGILSB5R.jpg"}, "homeCity": "Tenente Laurentino Cruz, RN", "lists": {"groups": [{"items": [], "count": 2, "type": "created"}]}}, {"tips": {"count": 2}, "contact": {"twitter": "mosquitoliu8023", "facebook": "100000414339176"}, "firstName": "MosquitoLiu8023", "gender": "male", "id": "1326823", "bio": "", "photo": {"prefix": "https://igx.4sqi.net/img/user/", "suffix": "/YVIPKEFH2YB4B3UV.jpg"}, "homeCity": "Chengdu, Sichuan", "lists": {"groups": [{"items": [], "count": 2, "type": "created"}]}}, {"tips": {"count": 74}, "contact": {}, "firstName": "BRINK Magazine", "gender": "none", "id": "519408", "bio": "The official Foursquare for BRINK Magazine, the free lifestyle magazine in the U.S. Tips on entertainment, fashion, pop culture and places we love.", "photo": {"prefix": "https://igx.4sqi.net/img/user/", "suffix": "/WRJIUCM5CRPSWFOR.jpg"}, "homeCity": "Orlando, Florida", "lists": {"groups": [{"items": [], "count": 2, "type": "created"}]}}, {"tips": {"count": 72}, "contact": {"twitter": "healthwarehouse"}, "firstName": "HealthWarehouse", "gender": "male", "id": "237662", "bio": "Trusted, VIPPS accredited US pharmacy reforming healthcare one prescription at a time.", "photo": {"prefix": "https://igx.4sqi.net/img/user/", "suffix": "/VK1L2NAPWE30SV2O.png"}, "homeCity": "Florence, KY", "lists": {"groups": [{"items": [], "count": 2, "type": "created"}]}}, {"tips": {"count": 4}, "contact": {"facebook": "1514949629"}, "firstName": "Serenne", "gender": "female", "lastName": "Teng", "id": "5658207", "bio": "Hardly login now FSQ now, you can follow me @Instagram: memorybliss_studio and do continue to EAT MOREEEEEEE! :)", "photo": {"prefix": "https://igx.4sqi.net/img/user/", "suffix": "/-TL3OJD0MKPNMOGRG.jpg"}, "homeCity": "Singapore", "lists": {"groups": [{"items": [], "count": 2, "type": "created"}]}}, {"tips": {"count": 15}, "contact": {"facebook": "624065048"}, "firstName": "Dinarfirst", "gender": "male", "id": "2354240", "bio": "", "photo": {"prefix": "https://igx.4sqi.net/img/user/", "suffix": "/A10CSAQIMPQWT4NL.jpg"}, "homeCity": "Jakarta, Bandung, Padang, Jogjakarta, Surabaya, Medan, Makassar, Kuala Lumpur...", "lists": {"groups": [{"items": [], "count": 3, "type": "created"}]}}, {"tips": {"count": 2}, "contact": {"twitter": "mixtapeatlanta"}, "firstName": "MixtapeAtlanta", "gender": "none", "id": "2556138", "bio": "", "photo": {"prefix": "https://igx.4sqi.net/img/user/", "suffix": "/ADIUA4LM4UPLZTR0.jpg"}, "homeCity": "Atlanta, GA", "lists": {"groups": [{"items": [], "count": 2, "type": "created"}]}}, {"tips": {"count": 0}, "contact": {}, "firstName": "New York Academy of Art", "gender": "none", "id": "397438", "bio": "", "photo": {"prefix": "https://igx.4sqi.net/img/user/", "suffix": "/WXC2F3N5MTFMYH45.jpg"}, "homeCity": "New York, NY", "lists": {"groups": [{"items": [], "count": 4, "type": "created"}]}}, {"superuser": 2, "tips": {"count": 207}, "contact": {}, "firstName": "Buttercup", "gender": "none", "lastName": "D", "id": "66361", "bio": "", "photo": {"prefix": "https://igx.4sqi.net/img/user/", "suffix": "/66361_1255926239581.jpg"}, "homeCity": "Los Angeles, CA", "lists": {"groups": [{"items": [], "count": 2, "type": "created"}]}}, {"tips": {"count": 1}, "contact": {"twitter": "surrealvegas", "facebook": "100004023731264"}, "firstName": "Brian Pfeiffer", "gender": "male", "lastName": "www.surrealnightlife.com", "id": "825462", "bio": "Nations Top Nightlife Hosting and Promotions Company", "photo": {"prefix": "https://igx.4sqi.net/img/user/", "suffix": "/825462-CHLZAGACTDHAS4FV.jpg"}, "homeCity": "Las Vegas, NV/Chicago, IL", "lists": {"groups": [{"items": [], "count": 2, "type": "created"}]}}, {"tips": {"count": 57}, "contact": {"twitter": "choiceplusind", "facebook": "1655253053"}, "firstName": "Azana Hotel", "gender": "male", "lastName": "Management", "id": "966022", "bio": "Hotel Management Consultant", "photo": {"prefix": "https://igx.4sqi.net/img/user/", "suffix": "/966022-R43DMA5AG5IH1WG4"}, "homeCity": "Solo, Jawa Tengah", "lists": {"groups": [{"items": [], "count": 3, "type": "created"}]}}, {"tips": {"count": 149}, "contact": {"facebook": "100000249765908"}, "firstName": "Royal Plaza on Scotts", "gender": "none", "lastName": "Singapore", "id": "223053", "bio": "Royal Plaza on Scotts Singapore offers free high speed WIFI for multiple devices, minibar, Nespresso gourmet coffee in all rooms. Located at Orchard Road.", "photo": {"prefix": "https://igx.4sqi.net/img/user/", "suffix": "/CDYZPMCQAQJA15FG.jpg"}, "homeCity": "Singapore", "lists": {"groups": [{"items": [], "count": 2, "type": "created"}]}}, {"tips": {"count": 31}, "contact": {"twitter": "jamesmhayden", "facebook": "656300347"}, "firstName": "4sqESSEX", "gender": "male", "superuser": 2, "id": "564822", "bio": "", "photo": {"prefix": "https://igx.4sqi.net/img/user/", "suffix": "/GMMYBNHU1ZR4XAXD.jpg"}, "homeCity": "Burnham on Crouch, Essex", "lists": {"groups": [{"items": [], "count": 3, "type": "created"}]}}, {"tips": {"count": 0}, "contact": {"facebook": "100001863003070"}, "firstName": "4sq Sg", "gender": "none", "lastName": "Community", "id": "4548691", "bio": "", "photo": {"prefix": "https://igx.4sqi.net/img/user/", "suffix": "/3YXDXW0X0GVZ5COM.jpg"}, "homeCity": "Singapore", "lists": {"groups": [{"items": [], "count": 2, "type": "created"}]}}, {"tips": {"count": 0}, "contact": {"twitter": "4sqth2", "facebook": "100002097750626"}, "firstName": "4sqTH", "gender": "female", "id": "6740461", "bio": "", "photo": {"prefix": "https://igx.4sqi.net/img/user/", "suffix": "/YGZM2BYM3DN4A5Z5.png"}, "homeCity": "Chicago, IL", "lists": {"groups": [{"items": [], "count": 2, "type": "created"}]}}, {"tips": {"count": 0}, "contact": {"twitter": "redwhitetape"}, "firstName": "redwhiteTAPE", "gender": "none", "lastName": "YouTube", "id": "7605539", "bio": "", "photo": {"prefix": "https://igx.4sqi.net/img/user/", "suffix": "/LGQKCVHHIBC5QK5G.jpg"}, "homeCity": "www.redwhitetape.com", "lists": {"groups": [{"items": [], "count": 2, "type": "created"}]}}, {"tips": {"count": 101}, "contact": {"twitter": "brettvincent", "facebook": "631940665"}, "firstName": "Brett", "gender": "male", "lastName": "Vincent", "id": "1389753", "bio": "Comedy Agent, Promoter and Manager... www.getcomedy.com", "photo": {"prefix": "https://igx.4sqi.net/img/user/", "suffix": "/T5NKSJTEYWEIUBWN.jpg"}, "homeCity": "London Town ", "lists": {"groups": [{"items": [], "count": 8, "type": "created"}]}}, {"tips": {"count": 0}, "contact": {"twitter": "tunewiki"}, "firstName": "TuneWiki", "gender": "none", "id": "10407294", "bio": "Lyrics are how we connect with music. Our mobile music app offers synced lyrics (in 40+ languages) to your music. Share or talk about lyrics with friends.", "photo": {"prefix": "https://igx.4sqi.net/img/user/", "suffix": "/RJUYSENNTNFBU5I1.png"}, "homeCity": "Santa Monica, CA", "lists": {"groups": [{"items": [], "count": 2, "type": "created"}]}}, {"tips": {"count": 1}, "contact": {"twitter": "gonuathletics"}, "firstName": "Northeastern", "gender": "none", "lastName": "Athletics", "id": "2467987", "bio": "Northeastern is a private research university located in the heart of Boston, and is an NCAA Division I member of the CAA, Hockey East, EARC and EAWR.", "photo": {"prefix": "https://igx.4sqi.net/img/user/", "suffix": "/X3JDCC44PS4VU5CY.jpg"}, "homeCity": "Boston, MA", "lists": {"groups": [{"items": [], "count": 2, "type": "created"}]}}, {"tips": {"count": 15}, "contact": {"twitter": "liezan", "facebook": "824509034"}, "firstName": "liez@n", "gender": "male", "id": "2573492", "bio": "", "photo": {"prefix": "https://igx.4sqi.net/img/user/", "suffix": "/2573492-ITNV54JN0QT5LBVJ.jpg"}, "homeCity": "Palembang, Indonesia", "lists": {"groups": [{"items": [], "count": 4, "type": "created"}]}}, {"tips": {"count": 15}, "contact": {"twitter": "marketsnyc", "facebook": "10207761505456830"}, "firstName": "Markets of New York City", "gender": "female", "id": "770287", "bio": "Karen Seiger - Author, Blogger, Market Enthusiast! Find out about about the best artisan, farmer, food and flea markets in NYC! (Guidebook and Blog)", "photo": {"prefix": "https://igx.4sqi.net/img/user/", "suffix": "/N2YBR2X2VANDSNSJ.jpg"}, "homeCity": "New York, NY", "lists": {"groups": [{"items": [], "count": 2, "type": "created"}]}}, {"tips": {"count": 0}, "contact": {}, "firstName": "Murder City Devils", "gender": "none", "id": "484051", "bio": "", "photo": {"prefix": "https://igx.4sqi.net/img/user/", "suffix": "/TUG0NJR50GKHM4M3.png"}, "homeCity": "San Francisco, CA", "lists": {"groups": [{"items": [], "count": 2, "type": "created"}]}}, {"tips": {"count": 1}, "contact": {"twitter": "musashi_x"}, "firstName": "Andi tj", "gender": "male", "id": "1311547", "bio": "", "photo": {"prefix": "https://igx.4sqi.net/img/user/", "suffix": "/24GDLKJA4GGLA2BR.jpg"}, "homeCity": "USA", "lists": {"groups": [{"items": [], "count": 2, "type": "created"}]}}, {"tips": {"count": 5}, "contact": {"twitter": "esharipahlawan"}, "firstName": "ESharipahlawan", "gender": "male", "id": "2602756", "bio": "", "photo": {"prefix": "https://igx.4sqi.net/img/user/", "suffix": "/NY0PO3WRDZP3YW5S.jpg"}, "homeCity": "Jakarta, Indonesia Raya", "lists": {"groups": [{"items": [], "count": 2, "type": "created"}]}}, {"tips": {"count": 9}, "contact": {"twitter": "ushamarketplace", "facebook": "100007053908374"}, "firstName": "MotorHead.my", "gender": "male", "lastName": "Malaysia", "id": "6195667", "bio": "The Leading Edge of Motoring Classifieds", "photo": {"prefix": "https://igx.4sqi.net/img/user/", "suffix": "/6195667-2SAGFWID4BLONQML.jpg"}, "homeCity": "Kuala Lumpur, Malaysia", "lists": {"groups": [{"items": [], "count": 4, "type": "created"}]}}, {"tips": {"count": 119}, "contact": {"twitter": "nofearstore", "facebook": "716507106"}, "firstName": "No Fear", "gender": "none", "id": "2711966", "bio": "", "photo": {"prefix": "https://igx.4sqi.net/img/user/", "suffix": "/DOLPECX4PH0KFMT5.jpg"}, "homeCity": "Carlsbad, CA", "lists": {"groups": [{"items": [], "count": 2, "type": "created"}]}}, {"tips": {"count": 12}, "contact": {"facebook": "777203499"}, "firstName": "Barneys", "gender": "male", "lastName": "Beanery", "id": "2881286", "bio": "A staple of Hollywood, Barney's Beanery is a sports bar with five locations across Los Angeles.", "photo": {"prefix": "https://igx.4sqi.net/img/user/", "suffix": "/0QMZOKAAQAVNQF1T.jpg"}, "homeCity": "Los Angeles, CA", "lists": {"groups": [{"items": [], "count": 2, "type": "created"}]}}, {"tips": {"count": 2}, "contact": {}, "firstName": "Los Angeles", "gender": "female", "lastName": "Check In", "id": "3135321", "bio": "All things #foursquare in #LA! Join us on 4/16 to celebrate #4sqDay at Casey's Irish Pub in #DTLA!", "photo": {"prefix": "https://igx.4sqi.net/img/user/", "suffix": "/A1ZAMN0TKYA4SKNL.jpg"}, "homeCity": "Los Angeles, CA", "lists": {"groups": [{"items": [], "count": 2, "type": "created"}]}}, {"tips": {"count": 4}, "contact": {"twitter": "channel963"}, "firstName": "Channel963", "gender": "female", "id": "1959304", "bio": "", "photo": {"prefix": "https://igx.4sqi.net/img/user/", "suffix": "/PZKKF4U21F5STO3C.jpg"}, "homeCity": "Wichita, KS", "lists": {"groups": [{"items": [], "count": 2, "type": "created"}]}}, {"tips": {"count": 4}, "contact": {}, "firstName": "Mia's Pizza and Eats", "gender": "female", "id": "1834853", "bio": "", "photo": {"prefix": "https://igx.4sqi.net/img/user/", "suffix": "/TDPICRB3SDORTSO4.jpg"}, "homeCity": "Cumming, GA", "lists": {"groups": [{"items": [], "count": 3, "type": "created"}]}}, {"tips": {"count": 14}, "contact": {"facebook": "586937252"}, "firstName": "Miki", "gender": "male", "id": "3316310", "bio": "", "photo": {"prefix": "https://igx.4sqi.net/img/user/", "suffix": "/SJNV34F2ZZKLBFE5.jpg"}, "homeCity": "K\u00f8benhavn, Danmark", "lists": {"groups": [{"items": [], "count": 2, "type": "created"}]}}, {"tips": {"count": 0}, "contact": {"facebook": "1288568593"}, "firstName": "American", "gender": "female", "lastName": "Environmental", "id": "12445240", "bio": "Phase I, II & III Environmental Site Assessments (ESAs), subsurface investigations and remediation of contaminated soil and groundwater. http://www.aeasinc.com", "photo": {"prefix": "https://igx.4sqi.net/img/user/", "suffix": "/W3BZOXSG0QGWFA2V.jpg"}, "homeCity": "Brooklyn, NY", "lists": {"groups": [{"items": [], "count": 2, "type": "created"}]}}, {"tips": {"count": 5}, "contact": {"twitter": "nurattika", "facebook": "1490482916"}, "firstName": "nur", "gender": "female", "lastName": "attika", "id": "2957356", "bio": "", "photo": {"prefix": "https://igx.4sqi.net/img/user/", "suffix": "/X5NV5XA5B5ACLAST.jpg"}, "homeCity": "subang jaya, Malaysia", "lists": {"groups": [{"items": [], "count": 2, "type": "created"}]}}, {"tips": {"count": 8}, "contact": {"twitter": "breastyoga", "facebook": "1495521808"}, "firstName": "Breast Cancer Yoga", "gender": "female", "lastName": "www.breastcanceryoga.com", "id": "8920367", "bio": "Dedicated to providing Comfort & Hope for breast cancer with reliable knowledge and therapeutic wellness products", "photo": {"prefix": "https://igx.4sqi.net/img/user/", "suffix": "/KPOFA044UKYRSIDC.jpg"}, "homeCity": "West Palm Beach, FL", "lists": {"groups": [{"items": [], "count": 2, "type": "created"}]}}, {"tips": {"count": 9}, "contact": {}, "firstName": "Wan", "gender": "male", "lastName": "Wan28", "id": "4940405", "bio": "", "photo": {"prefix": "https://igx.4sqi.net/img/user/", "suffix": "/OOHAMGNI4Z4NP1YE.jpg"}, "homeCity": "Singapore", "lists": {"groups": [{"items": [], "count": 2, "type": "created"}]}}, {"tips": {"count": 1}, "contact": {}, "firstName": "8NewsNOW", "gender": "none", "id": "1872536", "bio": "", "photo": {"prefix": "https://igx.4sqi.net/img/user/", "suffix": "/VUPSUM1DIKEPX0BM.jpg"}, "homeCity": "Las Vegas, NV", "lists": {"groups": [{"items": [], "count": 2, "type": "created"}]}}, {"tips": {"count": 1}, "contact": {"twitter": "adist27"}, "firstName": "Adi", "gender": "male", "lastName": "Sudaryanto", "id": "3862233", "bio": "", "photo": {"prefix": "https://igx.4sqi.net/img/user/", "suffix": "/3862233-MVG5URE23Q0HRTGT.jpg"}, "homeCity": "Bekasi, Indonesia", "lists": {"groups": [{"items": [], "count": 2, "type": "created"}]}}, {"tips": {"count": 0}, "contact": {"twitter": "sigmonello", "facebook": "1071514264"}, "firstName": "Signora", "gender": "female", "lastName": "Monello", "id": "3597308", "bio": "", "photo": {"prefix": "https://igx.4sqi.net/img/user/", "suffix": "/3597308-BDNF4GPVAM54JU5B.jpg"}, "homeCity": "Singapore", "lists": {"groups": [{"items": [], "count": 2, "type": "created"}]}}, {"tips": {"count": 0}, "contact": {"twitter": "o2academybrix"}, "firstName": "O2 Academy Brixton", "gender": "none", "id": "2227893", "bio": "", "photo": {"prefix": "https://igx.4sqi.net/img/user/", "suffix": "/2YT0MO4PY34NPGAI.jpg"}, "homeCity": "London, UK", "lists": {"groups": [{"items": [], "count": 2, "type": "created"}]}}, {"tips": {"count": 88}, "contact": {"facebook": "100001669072369"}, "firstName": "AbeUrut", "gender": "male", "lastName": "wechat: abeurut", "id": "5211652", "bio": "Pengiklanan ruangiklan.com   wechat: abeurut", "photo": {"prefix": "https://igx.4sqi.net/img/user/", "suffix": "/FSXBNVGUABDF4VF4.gif"}, "homeCity": "Kuala Lumpur, Malaysia", "lists": {"groups": [{"items": [], "count": 2, "type": "created"}]}}, {"tips": {"count": 27}, "contact": {}, "firstName": "Exclusive Resorts", "gender": "none", "id": "2527129", "bio": "", "photo": {"prefix": "https://igx.4sqi.net/img/user/", "suffix": "/B00ANVOUGB4YO2WK.jpg"}, "homeCity": "Denver, CO", "lists": {"groups": [{"items": [], "count": 3, "type": "created"}]}}, {"tips": {"count": 6}, "contact": {"twitter": "hostingimpact", "facebook": "100000316017675"}, "firstName": "Hosting", "gender": "male", "lastName": "Impact", "id": "6481334", "bio": "Creating your Website Presence. Website Design and Development - Search Engine Optimisation - SEO - Website Hosting", "photo": {"prefix": "https://igx.4sqi.net/img/user/", "suffix": "/-CEXYAC0UNPY1S0QH.png"}, "homeCity": "Newcastle Australia", "lists": {"groups": [{"items": [], "count": 2, "type": "created"}]}}, {"tips": {"count": 8}, "contact": {"twitter": "madura_deco", "facebook": "669429383"}, "firstName": "MADURA Home Decoration", "gender": "none", "lastName": "www.MaduraHome.com", "id": "3412163", "bio": "Great Collection of Home decor products, curtains. http://www.madura.fr  Madura: Rideaux, voilages, accessoires de Decoration.\r\nFrance USA Russia Greece ...", "photo": {"prefix": "https://igx.4sqi.net/img/user/", "suffix": "/ZXEQX1Q4DFERDD15.png"}, "homeCity": "Paris & Hong Kong", "lists": {"groups": [{"items": [], "count": 9, "type": "created"}]}}, {"tips": {"count": 0}, "contact": {"facebook": "633452929"}, "firstName": "Ahmad", "gender": "male", "lastName": "Syazwan", "id": "4595252", "bio": "", "photo": {"prefix": "https://igx.4sqi.net/img/user/", "suffix": "/4595252-S54X04PE5IGHMRE2.jpg"}, "homeCity": "Singapore", "lists": {"groups": [{"items": [], "count": 2, "type": "created"}]}}, {"tips": {"count": 22}, "contact": {"twitter": "aniceholiday"}, "firstName": "A Nice Holiday", "gender": "none", "id": "5343462", "bio": "", "photo": {"prefix": "https://igx.4sqi.net/img/user/", "suffix": "/LN5NF2KMVBJSVTS5.png"}, "homeCity": "Singapore", "lists": {"groups": [{"items": [], "count": 15, "type": "created"}]}}, {"tips": {"count": 44}, "contact": {}, "firstName": "BlackDotCreative", "gender": "none", "id": "5603383", "bio": "Creative multimedia studio", "photo": {"prefix": "https://igx.4sqi.net/img/user/", "suffix": "/5603383-AX3WHGBGRHDB0MQV.jpg"}, "homeCity": "New York City ", "lists": {"groups": [{"items": [], "count": 3, "type": "created"}]}}, {"tips": {"count": 9}, "contact": {"twitter": "burgerbedlam"}, "firstName": "Burger Bedlam", "gender": "male", "id": "6398173", "bio": "Searching for the Best Burger in NYC | We are @kyleshindler & @brettlarsen21 and we're here to make you burger hungry | http://www.burgerbedlamnyc.com", "photo": {"prefix": "https://igx.4sqi.net/img/user/", "suffix": "/3QIJEJXHK5BANDIV.jpg"}, "homeCity": "New York, NY", "lists": {"groups": [{"items": [], "count": 3, "type": "created"}]}}], "count": 49}, "checksum": "8851f723c9b30979a3c295a92fbb683c36acd88f"}, "meta": {"requestId": "5966316ef594df3c085706dc", "code": 200}}