{"notifications": [{"type": "notificationTray", "item": {"unreadCount": 0}}], "meta": {"requestId": "5966e72a1ed21962cd3ace98", "code": 200}, "response": {"friends": {"count": 51, "items": [{"id": "71477174", "photo": {"prefix": "https://igx.4sqi.net/img/user/", "suffix": "/71477174-FRXHS5I2YEROQOPD.jpg"}, "homeCity": "Jakarta, 04", "contact": {"facebook": "1662555307", "twitter": "edmondeskurza"}, "firstName": "Edmond", "tips": {"count": 0}, "gender": "male", "lastName": "Eskurza", "lists": {"groups": [{"count": 2, "type": "created", "items": []}]}, "bio": ""}, {"id": "1369037", "photo": {"prefix": "https://igx.4sqi.net/img/user/", "suffix": "/KLPXNITIO0AIXNNA.jpg"}, "homeCity": "Jakarta", "contact": {"twitter": "veggyvf"}, "firstName": "Veggy Veranie", "tips": {"count": 0}, "gender": "female", "lastName": "Frans", "lists": {"groups": [{"count": 2, "type": "created", "items": []}]}, "bio": ""}, {"id": "12524237", "photo": {"prefix": "https://igx.4sqi.net/img/user/", "suffix": "/CUBIIVJORYHWVUAG.jpg"}, "homeCity": "Auckland, New Zealand", "contact": {"facebook": "1399073873"}, "firstName": "Emmilia", "tips": {"count": 0}, "gender": "female", "lists": {"groups": [{"count": 2, "type": "created", "items": []}]}, "bio": ""}, {"id": "7215831", "photo": {"prefix": "https://igx.4sqi.net/img/user/", "suffix": "/PDHL1HRTY5EYFKU1.jpg"}, "homeCity": "Sydney, Australia", "contact": {"facebook": "650888351", "twitter": "stanleyistheman"}, "firstName": "Stanley", "tips": {"count": 1}, "gender": "male", "lastName": "Ballaholic", "lists": {"groups": [{"count": 2, "type": "created", "items": []}]}, "bio": ""}, {"id": "36597594", "photo": {"prefix": "https://igx.4sqi.net/img/user/", "suffix": "/36597594-XNYLG5O3MW1ZZCYB.jpg"}, "homeCity": "Nusa Tenggara Barat", "contact": {"facebook": "100001096430339", "twitter": "mustafa_alfa"}, "firstName": "Mustafa", "tips": {"count": 0}, "gender": "male", "lastName": "Alfa", "lists": {"groups": [{"count": 3, "type": "created", "items": []}]}, "bio": ""}, {"id": "7990620", "photo": {"prefix": "https://igx.4sqi.net/img/user/", "suffix": "/YXFZNYWNXTYOJZYF.jpg"}, "homeCity": "Jakarta, Indonesia", "contact": {"twitter": "riawulandari"}, "firstName": "Ria", "tips": {"count": 2}, "gender": "female", "lastName": "Wulandari", "lists": {"groups": [{"count": 2, "type": "created", "items": []}]}, "bio": ""}, {"id": "12182748", "photo": {"prefix": "https://igx.4sqi.net/img/user/", "default": true, "suffix": "/blank_boy.png"}, "homeCity": "NY", "contact": {"facebook": "1472319136"}, "firstName": "Ricky", "tips": {"count": 0}, "gender": "male", "lastName": "Rik", "lists": {"groups": [{"count": 2, "type": "created", "items": []}]}, "bio": ""}, {"id": "20874883", "photo": {"prefix": "https://igx.4sqi.net/img/user/", "suffix": "/Y0KOSDMJEG0NYL21.jpg"}, "homeCity": "Jakarta Raya", "contact": {}, "firstName": "Surja", "tips": {"count": 3}, "gender": "none", "lastName": "Tedja", "lists": {"groups": [{"count": 6, "type": "created", "items": []}]}, "bio": ""}, {"id": "1171299", "photo": {"prefix": "https://igx.4sqi.net/img/user/", "suffix": "/LD3Z2AJ0JIC5F3F4.jpg"}, "homeCity": "Bali ", "contact": {"facebook": "646978304", "twitter": "agatamelisa"}, "firstName": "agata", "tips": {"count": 4}, "gender": "female", "lastName": "melisa", "lists": {"groups": [{"count": 3, "type": "created", "items": []}]}, "bio": ""}, {"id": "2515280", "photo": {"prefix": "https://igx.4sqi.net/img/user/", "suffix": "/2IETL2URBI2XXGTI.jpg"}, "homeCity": "Sydney, Australia", "contact": {}, "firstName": "Sanny", "tips": {"count": 6}, "gender": "female", "lastName": "Wijaya", "lists": {"groups": [{"count": 2, "type": "created", "items": []}]}, "bio": ""}, {"id": "3457943", "photo": {"prefix": "https://igx.4sqi.net/img/user/", "suffix": "/K1XQ1MWBE1MXXZHE.jpg"}, "homeCity": "indonesia", "contact": {"facebook": "532032079", "twitter": "mariahunbun"}, "firstName": "Maria", "tips": {"count": 1}, "gender": "female", "lastName": "Hunbun", "lists": {"groups": [{"count": 2, "type": "created", "items": []}]}, "bio": ""}, {"id": "4785171", "photo": {"prefix": "https://igx.4sqi.net/img/user/", "suffix": "/4785171-KDQK4QU5GW0JDJY0.jpg"}, "homeCity": "Bandung, Indonesia", "contact": {"facebook": "828727877"}, "firstName": "Andrew", "tips": {"count": 3}, "gender": "male", "lastName": "Sugianto", "lists": {"groups": [{"count": 4, "type": "created", "items": []}]}, "bio": ""}, {"id": "73054225", "photo": {"prefix": "https://igx.4sqi.net/img/user/", "suffix": "/73054225-AHBQOCOJWF2HZDRI.jpg"}, "homeCity": "Australia", "contact": {"facebook": "100007264114332"}, "firstName": "Terry", "tips": {"count": 0}, "gender": "male", "lastName": "Parsons", "lists": {"groups": [{"count": 2, "type": "created", "items": []}]}, "bio": ""}, {"id": "1057482", "photo": {"prefix": "https://igx.4sqi.net/img/user/", "default": true, "suffix": "/blank_girl.png"}, "homeCity": "Melbourne, Australia", "contact": {"facebook": "1069504184"}, "firstName": "Isabelle", "tips": {"count": 0}, "gender": "female", "lastName": "Jong", "lists": {"groups": [{"count": 2, "type": "created", "items": []}]}, "bio": ""}, {"id": "60320149", "photo": {"prefix": "https://igx.4sqi.net/img/user/", "suffix": "/15H24L2DZTRPYPOF.jpg"}, "homeCity": "Jakarta Barat", "contact": {"facebook": "100001189112832", "twitter": "tamanfoodpark"}, "firstName": "Taman", "tips": {"count": 0}, "gender": "male", "lastName": "FoodPark", "lists": {"groups": [{"count": 2, "type": "created", "items": []}]}, "bio": "Foodcourt di Taman Ratu, Jakarta Barat. Taman Food Park"}, {"id": "1282168", "photo": {"prefix": "https://igx.4sqi.net/img/user/", "suffix": "/2CP1UDTELDIFFPGA.jpg"}, "homeCity": "Jakarta Capital Region, Jakarta Capital Regi", "contact": {"facebook": "1664793052", "twitter": "silvy_liao"}, "firstName": "silviana", "tips": {"count": 7}, "gender": "female", "lastName": "liao", "lists": {"groups": [{"count": 3, "type": "created", "items": []}]}, "bio": ""}, {"id": "3072422", "photo": {"prefix": "https://igx.4sqi.net/img/user/", "suffix": "/FBHAEFKYO34I4IKJ.jpg"}, "homeCity": "Jakarta, Indonesia", "contact": {"twitter": "m2790"}, "firstName": "Monica", "tips": {"count": 35}, "gender": "female", "lastName": "Tanuwidjaja", "lists": {"groups": [{"count": 6, "type": "created", "items": []}]}, "bio": "My travel diary \u2665"}, {"id": "27479745", "photo": {"prefix": "https://igx.4sqi.net/img/user/", "default": true, "suffix": "/blank_girl.png"}, "homeCity": "Jakarta Raya", "contact": {"facebook": "530746423", "twitter": "vivienl"}, "firstName": "Vivien", "tips": {"count": 1}, "gender": "female", "lastName": "Leonita", "lists": {"groups": [{"count": 2, "type": "created", "items": []}]}, "bio": ""}, {"id": "16212752", "photo": {"prefix": "https://igx.4sqi.net/img/user/", "suffix": "/VOEJRMLFNW0HTBEU.jpg"}, "homeCity": "Ryde, Australia", "contact": {"facebook": "574426970"}, "firstName": "Nick", "tips": {"count": 0}, "gender": "male", "lastName": "Ngaso", "lists": {"groups": [{"count": 2, "type": "created", "items": []}]}, "bio": ""}, {"id": "134833767", "photo": {"prefix": "https://igx.4sqi.net/img/user/", "suffix": "/134833767-RBSP5FNJZRAG0C2T.jpg"}, "homeCity": "Jakarta, DKI Jakarta", "contact": {"facebook": "10154031562127977"}, "firstName": "Dennish", "tips": {"count": 0}, "gender": "male", "lastName": "Tjandra", "lists": {"groups": [{"count": 2, "type": "created", "items": []}]}, "bio": ""}, {"id": "18730119", "photo": {"prefix": "https://igx.4sqi.net/img/user/", "suffix": "/K0YETXEVOX32ESFH.jpg"}, "homeCity": "Seattle, WA", "contact": {"facebook": "717008178", "twitter": "yakuza123"}, "firstName": "Raul", "tips": {"count": 0}, "gender": "male", "lastName": "Aditya", "lists": {"groups": [{"count": 2, "type": "created", "items": []}]}, "bio": ""}, {"id": "11842289", "photo": {"prefix": "https://igx.4sqi.net/img/user/", "suffix": "/YQX4FCHACF3CA5QI.jpg"}, "homeCity": "Kalimantan Timur, Indonesia", "contact": {}, "firstName": "Dhedi", "tips": {"count": 0}, "gender": "male", "lastName": "Irawan", "lists": {"groups": [{"count": 2, "type": "created", "items": []}]}, "bio": ""}, {"id": "12284362", "photo": {"prefix": "https://igx.4sqi.net/img/user/", "suffix": "/Q3NEJOXDLUZPKXBG.jpg"}, "homeCity": "Earlwood, Australia", "contact": {}, "firstName": "Joseph", "tips": {"count": 2}, "gender": "male", "lastName": "Swift", "lists": {"groups": [{"count": 2, "type": "created", "items": []}]}, "bio": ""}, {"id": "16495538", "photo": {"prefix": "https://igx.4sqi.net/img/user/", "suffix": "/M0SKX30W1L33W4I5.jpg"}, "homeCity": "Sydney, Australia", "contact": {"facebook": "1799631315"}, "firstName": "Kevin", "tips": {"count": 0}, "gender": "male", "lastName": "Yonatan", "lists": {"groups": [{"count": 2, "type": "created", "items": []}]}, "bio": ""}, {"id": "2909989", "photo": {"prefix": "https://igx.4sqi.net/img/user/", "suffix": "/K3JIKQVJNPI5O55W.jpg"}, "homeCity": "Sydney, Australia", "contact": {"facebook": "1024943429", "twitter": "jeffkartono"}, "firstName": "Jeff", "tips": {"count": 6}, "gender": "male", "lastName": "Kartono", "lists": {"groups": [{"count": 2, "type": "created", "items": []}]}, "bio": ""}, {"id": "4186512", "photo": {"prefix": "https://igx.4sqi.net/img/user/", "suffix": "/SVVPCZAX0FU4FPHK.jpg"}, "homeCity": "Sydney, Australia", "contact": {"facebook": "664832279", "twitter": "atedja"}, "firstName": "Albert", "tips": {"count": 43}, "gender": "male", "lastName": "Tedjadiputra", "lists": {"groups": [{"count": 2, "type": "created", "items": []}]}, "bio": ""}, {"id": "1732137", "photo": {"prefix": "https://igx.4sqi.net/img/user/", "suffix": "/TOX3FLWDQEN21E1Q.jpg"}, "homeCity": "alexandria,nsw", "contact": {}, "firstName": "Monica", "tips": {"count": 6}, "gender": "female", "lastName": "Rivandie", "lists": {"groups": [{"count": 5, "type": "created", "items": []}]}, "bio": ""}, {"id": "1564602", "photo": {"prefix": "https://igx.4sqi.net/img/user/", "suffix": "/JDZZEVVGOWBS5CUZ.jpg"}, "homeCity": "Jakarta Utara, Indonesia", "contact": {}, "firstName": "Adeline", "tips": {"count": 0}, "gender": "female", "lastName": "Luwinda", "lists": {"groups": [{"count": 2, "type": "created", "items": []}]}, "bio": ""}, {"id": "31724301", "photo": {"prefix": "https://igx.4sqi.net/img/user/", "suffix": "/CE2AXOWBMRS1L31E.jpg"}, "homeCity": "Jakarta Raya", "contact": {"facebook": "100000211102833", "twitter": "iandevara11"}, "firstName": "Ian", "tips": {"count": 0}, "gender": "male", "lastName": "Devara", "lists": {"groups": [{"count": 2, "type": "created", "items": []}]}, "bio": ""}, {"id": "16790276", "photo": {"prefix": "https://igx.4sqi.net/img/user/", "suffix": "/0UHKP3RCJFKRGDX5.jpg"}, "homeCity": "Jakarta, Indonesia", "contact": {"facebook": "722178574", "twitter": "el_diablo888"}, "firstName": "Ferdinand", "tips": {"count": 0}, "gender": "male", "lastName": "Willy", "lists": {"groups": [{"count": 2, "type": "created", "items": []}]}, "bio": ""}, {"id": "18802922", "photo": {"prefix": "https://igx.4sqi.net/img/user/", "suffix": "/MUCB1TL2AMAZVHRF.jpg"}, "homeCity": "Haymarket, Australia", "contact": {"facebook": "1128039517"}, "firstName": "Cecilia", "tips": {"count": 1}, "gender": "female", "lastName": "Link", "lists": {"groups": [{"count": 2, "type": "created", "items": []}]}, "bio": ""}, {"id": "14646762", "photo": {"prefix": "https://igx.4sqi.net/img/user/", "suffix": "/QS4CM1IDMDJ0CNEX.jpg"}, "homeCity": "Jakarta, Indonesia", "contact": {"facebook": "1177807969"}, "firstName": "Riko Van Berg", "tips": {"count": 1}, "gender": "male", "lists": {"groups": [{"count": 2, "type": "created", "items": []}]}, "bio": ""}, {"id": "18088717", "photo": {"prefix": "https://igx.4sqi.net/img/user/", "suffix": "/I322QZKN1S3EGIAG.jpg"}, "homeCity": "Dubai, United Arab Emirates", "contact": {"facebook": "748384881", "twitter": "edeglebova"}, "firstName": "Edeline", "tips": {"count": 0}, "gender": "female", "lastName": "Glebova", "lists": {"groups": [{"count": 2, "type": "created", "items": []}]}, "bio": ""}, {"id": "24060254", "photo": {"prefix": "https://igx.4sqi.net/img/user/", "suffix": "/ZL3JZCUN1FMYPLA0.jpg"}, "homeCity": "", "contact": {"facebook": "1485212868", "twitter": "j_focky"}, "firstName": "J Focky", "tips": {"count": 1}, "gender": "male", "lastName": "Ferdinand", "lists": {"groups": [{"count": 2, "type": "created", "items": []}]}, "bio": ""}, {"id": "3530660", "photo": {"prefix": "https://igx.4sqi.net/img/user/", "suffix": "/01JJKL5TE33LCARX.jpg"}, "homeCity": "Sydney, Australia", "contact": {"facebook": "1057148574", "twitter": "michi_rich"}, "firstName": "Michael", "tips": {"count": 2}, "gender": "male", "lastName": "Widjaja", "lists": {"groups": [{"count": 2, "type": "created", "items": []}]}, "bio": ""}, {"id": "63362922", "photo": {"prefix": "https://igx.4sqi.net/img/user/", "default": true, "suffix": "/blank_boy.png"}, "homeCity": "", "contact": {"facebook": "1278124469"}, "firstName": "Eric", "tips": {"count": 0}, "gender": "male", "lastName": "Japari", "lists": {"groups": [{"count": 2, "type": "created", "items": []}]}, "bio": ""}, {"id": "1732147", "photo": {"prefix": "https://igx.4sqi.net/img/user/", "suffix": "/53O1OHGALOEBJZVQ.jpg"}, "homeCity": "Ryde, NSW", "contact": {}, "firstName": "Yan", "tips": {"count": 1}, "gender": "male", "lastName": "Dy", "lists": {"groups": [{"count": 2, "type": "created", "items": []}]}, "bio": ""}, {"id": "1683476", "photo": {"prefix": "https://igx.4sqi.net/img/user/", "suffix": "/RZLWQSJAVF0QMPPF.jpg"}, "homeCity": "Jakarta, Indonesia", "contact": {"facebook": "620987506", "twitter": "cimetyan"}, "firstName": "Yan", "tips": {"count": 4}, "gender": "male", "lastName": "Darsojo", "lists": {"groups": [{"count": 2, "type": "created", "items": []}]}, "bio": ""}, {"id": "33982592", "photo": {"prefix": "https://igx.4sqi.net/img/user/", "suffix": "/33982592-PQLUCT0JAJMR2FLO.jpg"}, "homeCity": "Jakarta", "contact": {"facebook": "574062668"}, "firstName": "Brigita", "tips": {"count": 0}, "gender": "female", "lastName": "Putri", "lists": {"groups": [{"count": 2, "type": "created", "items": []}]}, "bio": ""}, {"id": "22046217", "photo": {"prefix": "https://igx.4sqi.net/img/user/", "suffix": "/UF5VVTOGBPTYKR4F.jpg"}, "homeCity": "Sydney, Australia", "contact": {"facebook": "1351722474"}, "firstName": "Maria", "tips": {"count": 0}, "gender": "female", "lastName": "Cynthia", "lists": {"groups": [{"count": 2, "type": "created", "items": []}]}, "bio": ""}, {"id": "15731381", "photo": {"prefix": "https://igx.4sqi.net/img/user/", "default": true, "suffix": "/blank_boy.png"}, "homeCity": "Jakarta, Indonesia", "contact": {}, "firstName": "Haris", "tips": {"count": 0}, "gender": "male", "lastName": "Fernandez", "lists": {"groups": [{"count": 2, "type": "created", "items": []}]}, "bio": ""}, {"id": "18284334", "photo": {"prefix": "https://igx.4sqi.net/img/user/", "suffix": "/MJ4POVV35I4SN5LU.jpg"}, "homeCity": "Sydney, Australia", "contact": {}, "firstName": "Mama", "tips": {"count": 8}, "gender": "female", "lastName": "Indonesiano", "lists": {"groups": [{"count": 2, "type": "created", "items": []}]}, "bio": ""}, {"id": "14275255", "photo": {"prefix": "https://igx.4sqi.net/img/user/", "suffix": "/14275255-BVDDKPW1YBL3C25Y.jpg"}, "homeCity": "Sydney, Australia", "contact": {"facebook": "756103864", "twitter": "stevenarc"}, "firstName": "Stephanus", "tips": {"count": 11}, "gender": "male", "lastName": "Rangga", "lists": {"groups": [{"count": 3, "type": "created", "items": []}]}, "bio": ""}, {"id": "2950095", "photo": {"prefix": "https://igx.4sqi.net/img/user/", "suffix": "/SMNX1O3X0ZIQMZTW.jpg"}, "homeCity": "Jakarta, Indonesia", "contact": {"facebook": "1513635556", "twitter": "calvinandrian"}, "firstName": "calvin", "tips": {"count": 0}, "gender": "male", "lastName": "andrian", "lists": {"groups": [{"count": 2, "type": "created", "items": []}]}, "bio": ""}, {"id": "2783728", "photo": {"prefix": "https://igx.4sqi.net/img/user/", "suffix": "/HV04AWGBAHJZA1RT.jpg"}, "homeCity": "Indonesia", "contact": {"facebook": "1540926679", "twitter": "taureanboi"}, "firstName": "Antony", "tips": {"count": 3}, "gender": "male", "lastName": "Tarmadjaja", "lists": {"groups": [{"count": 2, "type": "created", "items": []}]}, "bio": ""}, {"id": "27754962", "photo": {"prefix": "https://igx.4sqi.net/img/user/", "suffix": "/BSAI23K1OGK3KZRC.jpg"}, "homeCity": "Jakarta Raya", "contact": {"facebook": "1603107061"}, "firstName": "Fredy", "tips": {"count": 1}, "gender": "male", "lastName": "Fredy", "lists": {"groups": [{"count": 2, "type": "created", "items": []}]}, "bio": ""}, {"id": "20662746", "photo": {"prefix": "https://igx.4sqi.net/img/user/", "suffix": "/YZHLNYELRJPXKDKN.jpg"}, "homeCity": "New York, NY", "contact": {"facebook": "1614551009"}, "firstName": "Alfred", "tips": {"count": 0}, "gender": "male", "lastName": "Hutomo", "lists": {"groups": [{"count": 2, "type": "created", "items": []}]}, "bio": ""}, {"id": "3541825", "photo": {"prefix": "https://igx.4sqi.net/img/user/", "suffix": "/3541825-0CENF1TWBWJ0LLES.jpg"}, "homeCity": "Ciputat, Indonesia", "contact": {}, "firstName": "adityo", "tips": {"count": 0}, "gender": "male", "lastName": "yudhistriatmojo", "lists": {"groups": [{"count": 3, "type": "created", "items": []}]}, "bio": "Love is good, God is great | Madridista"}, {"id": "84314640", "photo": {"prefix": "https://igx.4sqi.net/img/user/", "suffix": "/84314640-P3KCPORUYSESCFBB.jpg"}, "homeCity": "sapanca +beykoz ist", "contact": {}, "firstName": "Efsane D\u00f6nd\u00fc", "tips": {"count": 11}, "gender": "male", "lastName": "Efsanem", "lists": {"groups": [{"count": 2, "type": "created", "items": []}]}, "bio": "\ud83d\udc9c\ud83d\udc95\ud83d\udc93\ud83d\udc9e\ud83d\udc96"}, {"id": "49015899", "photo": {"prefix": "https://igx.4sqi.net/img/user/", "suffix": "/XBLJLVQA4CQWK22C.jpg"}, "homeCity": "Malaysia", "contact": {"facebook": "513078968", "twitter": "skooidi"}, "firstName": "Syazrin", "tips": {"count": 2}, "gender": "female", "lastName": "Amran", "lists": {"groups": [{"count": 3, "type": "created", "items": []}]}, "bio": ""}, {"id": "78944189", "photo": {"prefix": "https://igx.4sqi.net/img/user/", "suffix": "/78944189-10Q5TJZV3PIZI4PR.jpg"}, "homeCity": "Jakarta, Indonesia", "contact": {"facebook": "582691389", "twitter": "amelindadevinaa"}, "firstName": "Amelinda", "tips": {"count": 1}, "gender": "female", "lastName": "Tjoadri", "lists": {"groups": [{"count": 2, "type": "created", "items": []}]}, "bio": ""}]}, "checksum": "02681a05c39159026977a64fffca18888d6b4769"}}