{"notifications": [{"type": "notificationTray", "item": {"unreadCount": 0}}], "meta": {"requestId": "5966e5c26a607115cf8637d3", "code": 200}, "response": {"friends": {"count": 19, "items": [{"id": "6946232", "photo": {"prefix": "https://igx.4sqi.net/img/user/", "suffix": "/NSQEGFWDHV0NMOCR.jpg"}, "homeCity": "Singapore", "contact": {}, "firstName": "Christina", "tips": {"count": 0}, "gender": "female", "lastName": "Kong", "lists": {"groups": [{"count": 2, "type": "created", "items": []}]}, "bio": ""}, {"id": "26396976", "photo": {"prefix": "https://igx.4sqi.net/img/user/", "suffix": "/04JZAUQICTMV3QVU.jpg"}, "homeCity": "Singapore ", "contact": {"facebook": "636808585"}, "firstName": "Edward", "tips": {"count": 3}, "gender": "male", "lastName": "Chin", "lists": {"groups": [{"count": 2, "type": "created", "items": []}]}, "bio": ""}, {"id": "4250438", "photo": {"prefix": "https://igx.4sqi.net/img/user/", "suffix": "/ZSBYBOZOSLVVJIM5.jpg"}, "homeCity": "New York, NY", "contact": {"facebook": "653530954"}, "firstName": "Alvin", "tips": {"count": 3}, "gender": "male", "lastName": "Lye", "lists": {"groups": [{"count": 2, "type": "created", "items": []}]}, "bio": ""}, {"id": "16712113", "photo": {"prefix": "https://igx.4sqi.net/img/user/", "suffix": "/JMNTD515ME21XAV4.jpg"}, "homeCity": "Singapore", "contact": {"facebook": "671222934"}, "firstName": "HuiShan Jesline", "tips": {"count": 0}, "gender": "female", "lastName": "HuiShan Jesline", "lists": {"groups": [{"count": 2, "type": "created", "items": []}]}, "bio": ""}, {"id": "2745356", "photo": {"prefix": "https://igx.4sqi.net/img/user/", "suffix": "/FS4UQTCCLWQTP2OE.jpg"}, "homeCity": "Singapore", "contact": {"facebook": "579110458", "twitter": "max_xing"}, "firstName": "Max", "tips": {"count": 4}, "gender": "male", "lastName": "Goh", "lists": {"groups": [{"count": 2, "type": "created", "items": []}]}, "bio": ""}, {"id": "4056848", "photo": {"prefix": "https://igx.4sqi.net/img/user/", "default": true, "suffix": "/blank_girl.png"}, "homeCity": "Singapore", "contact": {"facebook": "1016743978"}, "firstName": "Valerie", "tips": {"count": 0}, "gender": "female", "lastName": "Ng", "lists": {"groups": [{"count": 2, "type": "created", "items": []}]}, "bio": ""}, {"id": "3477374", "photo": {"prefix": "https://igx.4sqi.net/img/user/", "suffix": "/5NF4AIAGQX1GD4AM.jpg"}, "homeCity": "Singapore", "contact": {"facebook": "742186489"}, "firstName": "Yuanqian", "tips": {"count": 3}, "gender": "male", "lastName": "Lu", "lists": {"groups": [{"count": 2, "type": "created", "items": []}]}, "bio": ""}, {"id": "2998772", "photo": {"prefix": "https://igx.4sqi.net/img/user/", "suffix": "/2998772-SZ3EVVALQKDXS4UL.jpg"}, "homeCity": "Singapore", "contact": {}, "firstName": "Germaine", "tips": {"count": 6}, "gender": "female", "lastName": "Deng", "lists": {"groups": [{"count": 2, "type": "created", "items": []}]}, "bio": ""}, {"id": "698541", "photo": {"prefix": "https://igx.4sqi.net/img/user/", "suffix": "/J5I4F35EZ5VOQ1BU.jpg"}, "homeCity": "Singapore", "contact": {"facebook": "621902536", "twitter": "jean1172"}, "firstName": "J", "tips": {"count": 31}, "gender": "female", "lastName": "Lee", "lists": {"groups": [{"count": 2, "type": "created", "items": []}]}, "bio": ""}, {"id": "85454103", "photo": {"prefix": "https://igx.4sqi.net/img/user/", "suffix": "/85454103-2OQ1XNST2OKBLCUG.jpg"}, "homeCity": "Hong Kong", "contact": {}, "firstName": "Caren", "tips": {"count": 1}, "gender": "female", "lists": {"groups": [{"count": 2, "type": "created", "items": []}]}, "bio": ""}, {"id": "1294299", "photo": {"prefix": "https://igx.4sqi.net/img/user/", "suffix": "/QH4QMR2JSX43WLXK.jpg"}, "homeCity": "Singapore", "contact": {}, "firstName": "Li Lian", "tips": {"count": 151}, "gender": "female", "lastName": "Mah", "lists": {"groups": [{"count": 14, "type": "created", "items": []}]}, "bio": "Food & Golf Addict!"}, {"id": "18424575", "photo": {"prefix": "https://igx.4sqi.net/img/user/", "suffix": "/KMAHOI4BLVQYVZSE.jpg"}, "homeCity": "Singapore", "contact": {"facebook": "1651652247"}, "firstName": "Lye", "tips": {"count": 0}, "gender": "female", "lastName": "May Ling", "lists": {"groups": [{"count": 2, "type": "created", "items": []}]}, "bio": ""}, {"id": "3603499", "photo": {"prefix": "https://igx.4sqi.net/img/user/", "default": true, "suffix": "/blank_boy.png"}, "homeCity": "Singapore", "contact": {}, "firstName": "Wes", "tips": {"count": 0}, "gender": "none", "lists": {"groups": [{"count": 2, "type": "created", "items": []}]}, "bio": ""}, {"id": "7371189", "photo": {"prefix": "https://igx.4sqi.net/img/user/", "default": true, "suffix": "/blank_girl.png"}, "homeCity": "Singapore", "contact": {"facebook": "881530607"}, "firstName": "Jann", "tips": {"count": 0}, "gender": "female", "lastName": "Goh", "lists": {"groups": [{"count": 2, "type": "created", "items": []}]}, "bio": ""}, {"id": "63937970", "photo": {"prefix": "https://igx.4sqi.net/img/user/", "default": true, "suffix": "/blank_girl.png"}, "homeCity": "", "contact": {"facebook": "1057566031"}, "firstName": "Voon", "tips": {"count": 1}, "gender": "female", "lastName": "Tay", "lists": {"groups": [{"count": 6, "type": "created", "items": []}]}, "bio": ""}, {"id": "1708959", "photo": {"prefix": "https://igx.4sqi.net/img/user/", "suffix": "/NVAOGNPD22MOXG41.jpg"}, "homeCity": "Bukit Batok, Singapore", "contact": {}, "firstName": "Wan Zhen", "tips": {"count": 0}, "gender": "female", "lastName": "Lim", "lists": {"groups": [{"count": 2, "type": "created", "items": []}]}, "bio": ""}, {"id": "16089690", "photo": {"prefix": "https://igx.4sqi.net/img/user/", "suffix": "/2WFHGB0BR0VVOHYN.jpg"}, "homeCity": "Bangkok, Thailand", "contact": {}, "firstName": "Yuki", "tips": {"count": 1}, "gender": "female", "lastName": "Ong", "lists": {"groups": [{"count": 15, "type": "created", "items": []}]}, "bio": ""}, {"id": "4160272", "photo": {"prefix": "https://igx.4sqi.net/img/user/", "suffix": "/F0LPFEI3YIUMXNON.jpg"}, "homeCity": "Singapore", "contact": {}, "firstName": "Ronnie Chong", "tips": {"count": 0}, "gender": "none", "lists": {"groups": [{"count": 2, "type": "created", "items": []}]}, "bio": ""}, {"id": "41869796", "photo": {"prefix": "https://igx.4sqi.net/img/user/", "suffix": "/RSA5QZT0YT22WXU2.jpg"}, "homeCity": "Singapore", "contact": {"facebook": "678397217"}, "firstName": "Foong Yee", "tips": {"count": 23}, "gender": "female", "lists": {"groups": [{"count": 25, "type": "created", "items": []}]}, "bio": ""}]}, "checksum": "8d65dff45efc47022e33c32a0c8a25a3b9646091"}}