{"notifications": [{"type": "notificationTray", "item": {"unreadCount": 0}}], "response": {"friends": {"items": [{"tips": {"count": 0}, "contact": {"twitter": "ashleyyytan", "facebook": "1073505431"}, "firstName": "Ashley", "gender": "female", "lastName": "Tan", "id": "6911542", "bio": "", "photo": {"prefix": "https://igx.4sqi.net/img/user/", "suffix": "/G4GSABEJLCB50DCK.jpg"}, "homeCity": "Singapore", "lists": {"groups": [{"items": [], "count": 2, "type": "created"}]}}, {"tips": {"count": 0}, "contact": {"twitter": "izzuddinarman", "facebook": "1227090587"}, "firstName": "Muhammad", "gender": "male", "lastName": "Izzuddin", "id": "6999766", "bio": "", "photo": {"prefix": "https://igx.4sqi.net/img/user/", "suffix": "/T452EP3EK44VVP0L.jpg"}, "homeCity": "Singapore", "lists": {"groups": [{"items": [], "count": 2, "type": "created"}]}}, {"tips": {"count": 2}, "contact": {"twitter": "itsgladysegreat", "facebook": "617075171"}, "firstName": "Gladys", "gender": "female", "lastName": "Phan", "id": "19285411", "bio": "", "photo": {"prefix": "https://igx.4sqi.net/img/user/", "suffix": "/RAAJ5YF3KVLMLGXX.jpg"}, "homeCity": "Singapore", "lists": {"groups": [{"items": [], "count": 2, "type": "created"}]}}, {"tips": {"count": 0}, "contact": {"twitter": "kushaliskushal"}, "firstName": "Kushal", "gender": "male", "lastName": "Shah", "id": "7728726", "bio": "", "photo": {"prefix": "https://igx.4sqi.net/img/user/", "suffix": "/T0U5GX5LGMMUVOBG.jpg"}, "homeCity": "Singapore", "lists": {"groups": [{"items": [], "count": 2, "type": "created"}]}}, {"tips": {"count": 0}, "contact": {"twitter": "_vishald_"}, "firstName": "Vishal", "gender": "none", "lastName": "Doshi", "id": "7994952", "bio": "", "photo": {"prefix": "https://igx.4sqi.net/img/user/", "suffix": "/BQDI4QT53XR4KSI3.jpg"}, "homeCity": "Singapore", "lists": {"groups": [{"items": [], "count": 2, "type": "created"}]}}, {"tips": {"count": 0}, "contact": {"twitter": "reiewwww", "facebook": "1057967510"}, "firstName": "Will", "gender": "male", "lastName": "Tan Wei Er", "id": "5443030", "bio": "", "photo": {"prefix": "https://igx.4sqi.net/img/user/", "suffix": "/5443030-TFTBE3U3XC4XC2OC.jpg"}, "homeCity": "Singapore", "lists": {"groups": [{"items": [], "count": 2, "type": "created"}]}}, {"tips": {"count": 0}, "contact": {"twitter": "shaila_tanwani"}, "firstName": "Shaila", "gender": "female", "lastName": "T", "id": "11988853", "bio": "", "photo": {"prefix": "https://igx.4sqi.net/img/user/", "suffix": "/11988853-4QAXXUF4WGILW0TV.jpg"}, "homeCity": "Singapore", "lists": {"groups": [{"items": [], "count": 2, "type": "created"}]}}, {"tips": {"count": 1}, "contact": {"twitter": "tausuan"}, "firstName": "Cheng", "gender": "female", "lastName": "Suan", "id": "8238901", "bio": "I go places.", "photo": {"prefix": "https://igx.4sqi.net/img/user/", "suffix": "/ZRJVU42C1MTKDSQR.jpg"}, "homeCity": "Singapore", "lists": {"groups": [{"items": [], "count": 2, "type": "created"}]}}, {"tips": {"count": 0}, "contact": {"facebook": "100000571069223"}, "firstName": "Joan", "gender": "female", "lastName": "Ish Yellow", "id": "11528214", "bio": "", "photo": {"prefix": "https://igx.4sqi.net/img/user/", "suffix": "/YYF5TDSV5UIVWNQB.jpg"}, "homeCity": "Singapore", "lists": {"groups": [{"items": [], "count": 2, "type": "created"}]}}, {"tips": {"count": 0}, "contact": {}, "firstName": "Lee", "gender": "female", "lastName": "Pei Lin", "id": "14781254", "bio": "", "photo": {"prefix": "https://igx.4sqi.net/img/user/", "suffix": "/blank_girl.png", "default": true}, "homeCity": "NY", "lists": {"groups": [{"items": [], "count": 2, "type": "created"}]}}, {"tips": {"count": 0}, "contact": {"twitter": "darylramone"}, "firstName": "Daryl", "gender": "male", "lastName": "Shane", "id": "2994722", "bio": "", "photo": {"prefix": "https://igx.4sqi.net/img/user/", "suffix": "/SGPIXRN54XJATO12.jpg"}, "homeCity": "Singapore", "lists": {"groups": [{"items": [], "count": 2, "type": "created"}]}}, {"tips": {"count": 4}, "contact": {"twitter": "situationer", "facebook": "603752749"}, "firstName": "Gibran", "gender": "male", "lastName": "Elahi", "id": "1630920", "bio": "", "photo": {"prefix": "https://igx.4sqi.net/img/user/", "suffix": "/1630920-WBIA2ISNWU1KO1HZ.jpg"}, "homeCity": "409179, Singapore", "lists": {"groups": [{"items": [], "count": 2, "type": "created"}]}}, {"tips": {"count": 4}, "contact": {}, "firstName": "Fionn", "gender": "female", "lastName": "Bidou", "id": "3965750", "bio": "", "photo": {"prefix": "https://igx.4sqi.net/img/user/", "suffix": "/QLTVAWXWT1KPDOGK.jpg"}, "homeCity": "Singapore", "lists": {"groups": [{"items": [], "count": 2, "type": "created"}]}}, {"tips": {"count": 0}, "contact": {"twitter": "muffinsandpies", "facebook": "1590972741"}, "firstName": "Maryam", "gender": "female", "id": "31106375", "bio": "", "photo": {"prefix": "https://igx.4sqi.net/img/user/", "suffix": "/31106375-WZDYCGTNAN5ZUQQX.jpg"}, "homeCity": "New York, NY", "lists": {"groups": [{"items": [], "count": 2, "type": "created"}]}}, {"tips": {"count": 0}, "contact": {}, "firstName": "Jasmine", "gender": "female", "lastName": "Sabnani", "id": "10251582", "bio": "", "photo": {"prefix": "https://igx.4sqi.net/img/user/", "suffix": "/45BXV4GSRYCW3VQK.jpg"}, "homeCity": "Singapore", "lists": {"groups": [{"items": [], "count": 2, "type": "created"}]}}, {"tips": {"count": 0}, "contact": {}, "firstName": "Urvashi", "gender": "female", "lastName": "S", "id": "12132777", "bio": "", "photo": {"prefix": "https://igx.4sqi.net/img/user/", "suffix": "/13NBC3ZAZXSXVZ5A.jpg"}, "homeCity": "Singapore", "lists": {"groups": [{"items": [], "count": 2, "type": "created"}]}}, {"tips": {"count": 0}, "contact": {"facebook": "528506064"}, "firstName": "Rohit", "gender": "male", "lastName": "Thadani", "id": "12990415", "bio": "", "photo": {"prefix": "https://igx.4sqi.net/img/user/", "suffix": "/2LCGTGJSZOUNCJC0.jpg"}, "homeCity": "Singapore", "lists": {"groups": [{"items": [], "count": 2, "type": "created"}]}}, {"tips": {"count": 1}, "contact": {"twitter": "ennaejlau"}, "firstName": "Jeanne", "gender": "none", "lastName": "Lau", "id": "5447709", "bio": "", "photo": {"prefix": "https://igx.4sqi.net/img/user/", "suffix": "/blank_boy.png", "default": true}, "homeCity": "Singapore", "lists": {"groups": [{"items": [], "count": 2, "type": "created"}]}}, {"tips": {"count": 0}, "contact": {"twitter": "lefatduckie"}, "firstName": "Donald", "gender": "male", "lastName": "Lim", "id": "19540044", "bio": "", "photo": {"prefix": "https://igx.4sqi.net/img/user/", "suffix": "/blank_boy.png", "default": true}, "homeCity": "Singapore", "lists": {"groups": [{"items": [], "count": 2, "type": "created"}]}}, {"tips": {"count": 0}, "contact": {"twitter": "aeslzxc", "facebook": "10202610113448578"}, "firstName": "Alicia", "gender": "female", "lastName": "\u2744\ufe0f", "id": "13059538", "bio": "@aeslzxc", "photo": {"prefix": "https://igx.4sqi.net/img/user/", "suffix": "/13059538-QN3ZWBNV2FNKYDJJ.jpg"}, "homeCity": "Seng Kang", "lists": {"groups": [{"items": [], "count": 2, "type": "created"}]}}, {"tips": {"count": 0}, "contact": {"twitter": "theriotfactor"}, "firstName": "Sergio", "gender": "male", "lastName": "Castaneda", "id": "9305931", "bio": "", "photo": {"prefix": "https://igx.4sqi.net/img/user/", "suffix": "/Z01DZ5JQLWJLQKYT.jpg"}, "homeCity": "Singapore", "lists": {"groups": [{"items": [], "count": 2, "type": "created"}]}}, {"tips": {"count": 0}, "contact": {"twitter": "taammmyyyyy"}, "firstName": "Tammy", "gender": "female", "lastName": "Sahetapy", "id": "6653594", "bio": "I is me.", "photo": {"prefix": "https://igx.4sqi.net/img/user/", "suffix": "/HHNMLVPEC03NTINK.jpg"}, "homeCity": "Singapore", "lists": {"groups": [{"items": [], "count": 2, "type": "created"}]}}, {"tips": {"count": 0}, "contact": {}, "firstName": "Sidharth", "gender": "male", "lastName": "Sikka", "id": "11720377", "bio": "", "photo": {"prefix": "https://igx.4sqi.net/img/user/", "suffix": "/INUFTAVLUIY5TCGN.jpg"}, "homeCity": "Singapore", "lists": {"groups": [{"items": [], "count": 2, "type": "created"}]}}, {"tips": {"count": 2}, "contact": {"twitter": "kamalrock5210", "facebook": "100000901881894"}, "firstName": "Kamal", "gender": "male", "lastName": "Gumnani", "id": "19224488", "bio": "", "photo": {"prefix": "https://igx.4sqi.net/img/user/", "suffix": "/19224488-DUDDOU00PQLGTARN.jpg"}, "homeCity": "Singapore", "lists": {"groups": [{"items": [], "count": 2, "type": "created"}]}}, {"tips": {"count": 0}, "contact": {"twitter": "jvlasey", "facebook": "1347565062"}, "firstName": "Casey", "gender": "male", "id": "16133784", "bio": "", "photo": {"prefix": "https://igx.4sqi.net/img/user/", "suffix": "/-0PVTN0GOGXMIP4NX.jpg"}, "homeCity": "Singapore", "lists": {"groups": [{"items": [], "count": 2, "type": "created"}]}}, {"tips": {"count": 0}, "contact": {"twitter": "ellashie", "facebook": "1347685420"}, "firstName": "Ashila", "gender": "female", "lastName": "Rella", "id": "5836719", "bio": "Here, there, everywhere.", "photo": {"prefix": "https://igx.4sqi.net/img/user/", "suffix": "/X0GIT5EHXND5YDRW.jpg"}, "homeCity": "Sunny Singapore", "lists": {"groups": [{"items": [], "count": 2, "type": "created"}]}}, {"tips": {"count": 0}, "contact": {"facebook": "573752896"}, "firstName": "Chirag", "gender": "male", "lastName": "Tewani", "id": "11934156", "bio": "", "photo": {"prefix": "https://igx.4sqi.net/img/user/", "suffix": "/10FRGT1H5WZQ5LRV.jpg"}, "homeCity": "Singapore", "lists": {"groups": [{"items": [], "count": 2, "type": "created"}]}}], "count": 27}, "checksum": "6a922f11a4b591d79770aaed5093c5d2082f3f13"}, "meta": {"requestId": "5965e7f66a6071143afd0be0", "code": 200}}