{"notifications": [{"type": "notificationTray", "item": {"unreadCount": 0}}], "response": {"friends": {"items": [{"tips": {"count": 0}, "contact": {"twitter": "brendalimti", "facebook": "1746450817"}, "firstName": "Brenda", "gender": "female", "lastName": "Lim", "id": "76755919", "bio": "", "photo": {"prefix": "https://igx.4sqi.net/img/user/", "suffix": "/76755919-ISYWLEZ0WCOK0BPH.jpg"}, "homeCity": "Petaling Jaya, SGR", "lists": {"groups": [{"items": [], "count": 2, "type": "created"}]}}, {"tips": {"count": 10}, "contact": {"twitter": "jianweit", "facebook": "663071836"}, "firstName": "Jeffery Tan", "gender": "male", "lastName": "Jian Wei", "id": "4355413", "bio": "", "photo": {"prefix": "https://igx.4sqi.net/img/user/", "suffix": "/VAU5E1JI43QS1ZKM.jpg"}, "homeCity": "Singapore", "lists": {"groups": [{"items": [], "count": 2, "type": "created"}]}}, {"tips": {"count": 0}, "contact": {"twitter": "miaowenn", "facebook": "1583602492"}, "firstName": "Miao wen", "gender": "female", "id": "6747262", "bio": "", "photo": {"prefix": "https://igx.4sqi.net/img/user/", "suffix": "/5YUJ2JRJISAT5JBL.jpg"}, "homeCity": "Singapore", "lists": {"groups": [{"items": [], "count": 2, "type": "created"}]}}, {"tips": {"count": 2}, "contact": {"twitter": "jfaithssl"}, "firstName": "Jazreel", "gender": "female", "lastName": "Faith", "id": "3515975", "bio": "", "photo": {"prefix": "https://igx.4sqi.net/img/user/", "suffix": "/3515975-NOJBG2NIZETIJLNW.jpg"}, "homeCity": "Singapore", "lists": {"groups": [{"items": [], "count": 2, "type": "created"}]}}, {"tips": {"count": 0}, "contact": {"facebook": "100002034594075"}, "firstName": "Alphonsus", "gender": "male", "lastName": "Chia", "id": "25770314", "bio": "", "photo": {"prefix": "https://igx.4sqi.net/img/user/", "suffix": "/3QOMXZCCLOEWYAPR.jpg"}, "homeCity": "Singapore,  Singaporw", "lists": {"groups": [{"items": [], "count": 2, "type": "created"}]}}, {"tips": {"count": 0}, "contact": {"facebook": "580139148"}, "firstName": "Pearcesley", "gender": "male", "lastName": "Tan", "id": "4872297", "bio": "", "photo": {"prefix": "https://igx.4sqi.net/img/user/", "suffix": "/ZFR34R21F2OYQWRT.jpg"}, "homeCity": "Singapore", "lists": {"groups": [{"items": [], "count": 2, "type": "created"}]}}, {"tips": {"count": 0}, "contact": {}, "firstName": "DS", "gender": "male", "lastName": "Ng", "id": "4174655", "bio": "", "photo": {"prefix": "https://igx.4sqi.net/img/user/", "suffix": "/blank_boy.png", "default": true}, "homeCity": "Singapore", "lists": {"groups": [{"items": [], "count": 2, "type": "created"}]}}, {"tips": {"count": 0}, "contact": {}, "firstName": "Edmund", "gender": "male", "lastName": "Devyne", "id": "5510171", "bio": "", "photo": {"prefix": "https://igx.4sqi.net/img/user/", "suffix": "/blank_boy.png", "default": true}, "homeCity": "Singapore", "lists": {"groups": [{"items": [], "count": 2, "type": "created"}]}}, {"tips": {"count": 0}, "contact": {}, "firstName": "Jonathan", "gender": "male", "lastName": "Kor", "id": "2249710", "bio": "", "photo": {"prefix": "https://igx.4sqi.net/img/user/", "suffix": "/blank_boy.png", "default": true}, "homeCity": "Singapore", "lists": {"groups": [{"items": [], "count": 2, "type": "created"}]}}, {"tips": {"count": 0}, "contact": {"twitter": "l_ingggg", "facebook": "100000189518046"}, "firstName": "Kerien \u2661", "gender": "female", "id": "4237760", "bio": "", "photo": {"prefix": "https://igx.4sqi.net/img/user/", "suffix": "/4237760-YRXF4IYZ4VCIZC5L.jpg"}, "homeCity": "\u5fd7\u6770's heart", "lists": {"groups": [{"items": [], "count": 2, "type": "created"}]}}, {"tips": {"count": 2}, "contact": {}, "firstName": "Edwin", "gender": "male", "lastName": "Koh", "id": "2207285", "bio": "", "photo": {"prefix": "https://igx.4sqi.net/img/user/", "suffix": "/DPTUYUCT4DAJ0NRR.jpg"}, "homeCity": "Bedok, Singapore", "lists": {"groups": [{"items": [], "count": 2, "type": "created"}]}}, {"tips": {"count": 0}, "contact": {"facebook": "1637747558"}, "firstName": "Faiz", "gender": "male", "lastName": "Nazirul", "id": "4187548", "bio": "", "photo": {"prefix": "https://igx.4sqi.net/img/user/", "suffix": "/HJCMVOAAV34CHZPQ.jpg"}, "homeCity": "Singapore", "lists": {"groups": [{"items": [], "count": 2, "type": "created"}]}}, {"tips": {"count": 1}, "contact": {"twitter": "nyckerlert", "facebook": "598472438"}, "firstName": "Nicholas", "gender": "male", "lastName": "Shen", "id": "3787377", "bio": "", "photo": {"prefix": "https://igx.4sqi.net/img/user/", "suffix": "/APRDBWSNAY1QHMUF.jpg"}, "homeCity": "Singapore", "lists": {"groups": [{"items": [], "count": 2, "type": "created"}]}}, {"tips": {"count": 0}, "contact": {"twitter": "victor_lim_97", "facebook": "1801973487"}, "firstName": "Victor", "gender": "male", "lastName": "Lim", "id": "73368347", "bio": "", "photo": {"prefix": "https://igx.4sqi.net/img/user/", "suffix": "/73368347-K3FCKRDKGE1HUFLD.jpg"}, "homeCity": "Kuala Lumpur, KUL", "lists": {"groups": [{"items": [], "count": 2, "type": "created"}]}}, {"tips": {"count": 0}, "contact": {"twitter": "gwenlynjill", "facebook": "634378772"}, "firstName": "Gwenlyn", "gender": "female", "lastName": "Tan", "id": "1766784", "bio": "", "photo": {"prefix": "https://igx.4sqi.net/img/user/", "suffix": "/0JO12JGD1IOT200J.jpg"}, "homeCity": "Singapore", "lists": {"groups": [{"items": [], "count": 2, "type": "created"}]}}, {"tips": {"count": 3}, "contact": {"twitter": "lubu525", "facebook": "645256141"}, "firstName": "Marvin", "gender": "male", "lastName": "Ng", "id": "24566995", "bio": "", "photo": {"prefix": "https://igx.4sqi.net/img/user/", "suffix": "/AEHRUFVZQV1OZNCH.jpg"}, "homeCity": "New York, NY", "lists": {"groups": [{"items": [], "count": 2, "type": "created"}]}}, {"tips": {"count": 4}, "contact": {"twitter": "rabbitben", "facebook": "10153670384412885"}, "firstName": "Benjamin", "gender": "male", "lastName": "Tan", "id": "1106838", "bio": "", "photo": {"prefix": "https://igx.4sqi.net/img/user/", "suffix": "/1106838-HAOEC0TUPDM1RPXO.jpg"}, "homeCity": "Singapore", "lists": {"groups": [{"items": [], "count": 10, "type": "created"}]}}, {"tips": {"count": 0}, "contact": {"facebook": "1679034007"}, "firstName": "Siwei", "gender": "male", "lastName": "Goh", "id": "2690326", "bio": "", "photo": {"prefix": "https://igx.4sqi.net/img/user/", "suffix": "/4NIWLRLXJ3UAMLKF.jpg"}, "homeCity": "Singapore", "lists": {"groups": [{"items": [], "count": 2, "type": "created"}]}}, {"tips": {"count": 0}, "contact": {"twitter": "_michclq_"}, "firstName": "Michelle", "gender": "female", "lastName": "Chan", "id": "14845037", "bio": "", "photo": {"prefix": "https://igx.4sqi.net/img/user/", "suffix": "/43SYXRZ4L434T1XB.jpg"}, "homeCity": "Singapore", "lists": {"groups": [{"items": [], "count": 2, "type": "created"}]}}, {"tips": {"count": 14}, "contact": {"twitter": "mister_dino", "facebook": "100006847930841"}, "firstName": "Oliver", "gender": "male", "lastName": "Dino", "id": "40251720", "bio": "I have nothing to declare except my genius. - Oscar Wilde\r\nEmail: me@dinos.us", "photo": {"prefix": "https://igx.4sqi.net/img/user/", "suffix": "/BSRCG5I0QHA5SHMV.png"}, "homeCity": "Singapore", "lists": {"groups": [{"items": [], "count": 2, "type": "created"}]}}, {"tips": {"count": 0}, "contact": {"twitter": "ruishilooks"}, "firstName": "Ruishi", "gender": "female", "lastName": "Leo", "id": "4836688", "bio": "", "photo": {"prefix": "https://igx.4sqi.net/img/user/", "suffix": "/4836688-F3O4WUHENJRMB1YN.jpg"}, "homeCity": "Singapore", "lists": {"groups": [{"items": [], "count": 2, "type": "created"}]}}, {"tips": {"count": 0}, "contact": {}, "firstName": "Joel", "gender": "male", "lastName": "Yeo", "id": "6860888", "bio": "", "photo": {"prefix": "https://igx.4sqi.net/img/user/", "suffix": "/blank_boy.png", "default": true}, "homeCity": "Singapore", "lists": {"groups": [{"items": [], "count": 2, "type": "created"}]}}, {"tips": {"count": 0}, "contact": {"facebook": "1233830483"}, "firstName": "Natalie", "gender": "female", "lastName": "Tow", "id": "28347816", "bio": "", "photo": {"prefix": "https://igx.4sqi.net/img/user/", "suffix": "/LDCTYWPJBYD34KK2.jpg"}, "homeCity": "New York, NY", "lists": {"groups": [{"items": [], "count": 2, "type": "created"}]}}, {"tips": {"count": 0}, "contact": {"twitter": "j0el89", "facebook": "706341397"}, "firstName": "Joel", "gender": "male", "lastName": "Chew", "id": "25878421", "bio": "", "photo": {"prefix": "https://igx.4sqi.net/img/user/", "suffix": "/5XU0SI2DQHA24JQE.jpg"}, "homeCity": "Singapore", "lists": {"groups": [{"items": [], "count": 2, "type": "created"}]}}, {"tips": {"count": 0}, "contact": {}, "firstName": "Maverick", "gender": "male", "lastName": "Loh", "id": "7649290", "bio": "", "photo": {"prefix": "https://igx.4sqi.net/img/user/", "suffix": "/blank_boy.png", "default": true}, "homeCity": "Singapore", "lists": {"groups": [{"items": [], "count": 2, "type": "created"}]}}, {"tips": {"count": 4}, "contact": {"facebook": "1042902627"}, "firstName": "Mark-Dylan", "gender": "male", "id": "4416871", "bio": "", "photo": {"prefix": "https://igx.4sqi.net/img/user/", "suffix": "/4416871-B3F4GFND12NAIPSI.jpg"}, "homeCity": "Singapore", "lists": {"groups": [{"items": [], "count": 2, "type": "created"}]}}, {"tips": {"count": 0}, "contact": {"twitter": "joshsnapyou", "facebook": "521716072"}, "firstName": "Joshua", "gender": "none", "lastName": "Khoo", "id": "5562325", "bio": "", "photo": {"prefix": "https://igx.4sqi.net/img/user/", "suffix": "/QG2RXBK4IJ1Y3GLC.jpg"}, "homeCity": "New York, NY", "lists": {"groups": [{"items": [], "count": 3, "type": "created"}]}}, {"tips": {"count": 0}, "contact": {"facebook": "1091723654"}, "firstName": "Ronggui", "gender": "male", "lastName": "Eng", "id": "3592491", "bio": "", "photo": {"prefix": "https://igx.4sqi.net/img/user/", "suffix": "/QZAEECZOMMY3VA4J.jpg"}, "homeCity": "Singapore", "lists": {"groups": [{"items": [], "count": 2, "type": "created"}]}}, {"tips": {"count": 0}, "contact": {"facebook": "772177347"}, "firstName": "Jeremy", "gender": "male", "lastName": "Thia", "id": "2892381", "bio": "", "photo": {"prefix": "https://igx.4sqi.net/img/user/", "suffix": "/blank_boy.png", "default": true}, "homeCity": "Singapore", "lists": {"groups": [{"items": [], "count": 2, "type": "created"}]}}, {"tips": {"count": 4}, "contact": {"facebook": "1797703531"}, "firstName": "Shawn", "gender": "male", "lastName": "Luvs Appleinc", "id": "5026402", "bio": "", "photo": {"prefix": "https://igx.4sqi.net/img/user/", "suffix": "/NSNDXDZSZK31NCHS.jpg"}, "homeCity": "Singapore", "lists": {"groups": [{"items": [], "count": 2, "type": "created"}]}}, {"tips": {"count": 0}, "contact": {"facebook": "828983536"}, "firstName": "Leon", "gender": "male", "lastName": "Dinesh", "id": "4624105", "bio": "", "photo": {"prefix": "https://igx.4sqi.net/img/user/", "suffix": "/C5B3WXPEWMTP2QX1.jpg"}, "homeCity": "Klang, Malaysia", "lists": {"groups": [{"items": [], "count": 2, "type": "created"}]}}, {"tips": {"count": 0}, "contact": {"twitter": "shinkaro", "facebook": "737372016"}, "firstName": "Derek", "gender": "male", "lastName": "Tung", "id": "2951629", "bio": "", "photo": {"prefix": "https://igx.4sqi.net/img/user/", "suffix": "/H0RX2QHNYUF1NVSR.jpg"}, "homeCity": "Singapore", "lists": {"groups": [{"items": [], "count": 2, "type": "created"}]}}, {"tips": {"count": 1}, "contact": {"twitter": "xtreamzz"}, "firstName": "Mark", "gender": "male", "lastName": "Chu", "id": "1830095", "bio": "", "photo": {"prefix": "https://igx.4sqi.net/img/user/", "suffix": "/1830095-CZOXMRDDVHRNKX2Z.jpg"}, "homeCity": "Rochor, Singapore", "lists": {"groups": [{"items": [], "count": 2, "type": "created"}]}}, {"tips": {"count": 3}, "contact": {"twitter": "rodneypotato"}, "firstName": "Rodney", "gender": "male", "lastName": "Hong", "id": "3037526", "bio": "", "photo": {"prefix": "https://igx.4sqi.net/img/user/", "suffix": "/UEH0UPRACATPO0DN.jpg"}, "homeCity": "Singapore", "lists": {"groups": [{"items": [], "count": 2, "type": "created"}]}}, {"tips": {"count": 0}, "contact": {"twitter": "berrryleow", "facebook": "100003586449189"}, "firstName": "Berry", "gender": "male", "lastName": "Leow", "id": "21982607", "bio": "", "photo": {"prefix": "https://igx.4sqi.net/img/user/", "suffix": "/4KNE1KUZV52EED2D.jpg"}, "homeCity": "Singapore,Sg", "lists": {"groups": [{"items": [], "count": 2, "type": "created"}]}}, {"tips": {"count": 0}, "contact": {"facebook": "686818864"}, "firstName": "Muhammad", "gender": "male", "lastName": "Haikal", "id": "4891323", "bio": "", "photo": {"prefix": "https://igx.4sqi.net/img/user/", "suffix": "/COZR4MMN3CQBH4DF.jpg"}, "homeCity": "Singapore", "lists": {"groups": [{"items": [], "count": 2, "type": "created"}]}}, {"tips": {"count": 0}, "contact": {"facebook": "1622234011"}, "firstName": "Phee", "gender": "male", "lastName": "Yong xiang", "id": "7005306", "bio": "", "photo": {"prefix": "https://igx.4sqi.net/img/user/", "suffix": "/blank_boy.png", "default": true}, "homeCity": "Singapore", "lists": {"groups": [{"items": [], "count": 2, "type": "created"}]}}, {"tips": {"count": 0}, "contact": {"twitter": "edwynkoh", "facebook": "1470406193"}, "firstName": "Edwin", "gender": "male", "lastName": "Koh", "id": "37460028", "bio": "19", "photo": {"prefix": "https://igx.4sqi.net/img/user/", "suffix": "/37460028-2KMJTCL3E32Y2FUK.jpg"}, "homeCity": "Singapore", "lists": {"groups": [{"items": [], "count": 2, "type": "created"}]}}, {"tips": {"count": 0}, "contact": {"twitter": "gohhannah", "facebook": "685782973"}, "firstName": "Hannah", "gender": "female", "lastName": "Goh", "id": "29330767", "bio": "", "photo": {"prefix": "https://igx.4sqi.net/img/user/", "suffix": "/OX3M15WABH1PDWRU.jpg"}, "homeCity": "Bedok, Singapore", "lists": {"groups": [{"items": [], "count": 2, "type": "created"}]}}, {"tips": {"count": 0}, "contact": {}, "firstName": "Nathan", "gender": "male", "lastName": "Wee", "id": "7655865", "bio": "", "photo": {"prefix": "https://igx.4sqi.net/img/user/", "suffix": "/SIZYE2Y1WCEQZYRB.jpg"}, "homeCity": "Singapore", "lists": {"groups": [{"items": [], "count": 2, "type": "created"}]}}, {"tips": {"count": 1}, "contact": {"twitter": "sxndrxgxw"}, "firstName": "Sandra", "gender": "female", "lastName": "Goh", "id": "4421813", "bio": "", "photo": {"prefix": "https://igx.4sqi.net/img/user/", "suffix": "/G1LLPVRIYDQWKJSA.jpg"}, "homeCity": "Singapore", "lists": {"groups": [{"items": [], "count": 2, "type": "created"}]}}, {"tips": {"count": 0}, "contact": {}, "firstName": "Timothy", "gender": "male", "lastName": "Tan", "id": "5637482", "bio": "", "photo": {"prefix": "https://igx.4sqi.net/img/user/", "suffix": "/blank_boy.png", "default": true}, "homeCity": "Singapore", "lists": {"groups": [{"items": [], "count": 2, "type": "created"}]}}, {"tips": {"count": 0}, "contact": {"facebook": "678362606"}, "firstName": "Julian", "gender": "male", "lastName": "Tan", "id": "5322166", "bio": "", "photo": {"prefix": "https://igx.4sqi.net/img/user/", "suffix": "/blank_boy.png", "default": true}, "homeCity": "Singapore, SG", "lists": {"groups": [{"items": [], "count": 2, "type": "created"}]}}, {"tips": {"count": 3}, "contact": {"twitter": "knky21", "facebook": "10153016689915949"}, "firstName": "Keith", "gender": "male", "lastName": "Ng", "id": "3057713", "bio": "", "photo": {"prefix": "https://igx.4sqi.net/img/user/", "suffix": "/3057713-5GW1EF22TRZDW3C1.jpg"}, "homeCity": "Shah Alam, Malaysia", "lists": {"groups": [{"items": [], "count": 2, "type": "created"}]}}, {"tips": {"count": 3}, "contact": {"twitter": "reddawn", "facebook": "590486383"}, "firstName": "David", "gender": "male", "lastName": "Teo", "id": "9171434", "bio": "", "photo": {"prefix": "https://igx.4sqi.net/img/user/", "suffix": "/9171434-N2WPZMJOE4JR0R5N.jpg"}, "homeCity": "Singapore", "lists": {"groups": [{"items": [], "count": 2, "type": "created"}]}}, {"tips": {"count": 1}, "contact": {}, "firstName": "Singapore", "gender": "none", "lastName": "Motor", "id": "4625899", "bio": "", "photo": {"prefix": "https://igx.4sqi.net/img/user/", "suffix": "/ZID3ENJ03D3HBDWZ.jpg"}, "homeCity": "Singapore", "lists": {"groups": [{"items": [], "count": 2, "type": "created"}]}}, {"tips": {"count": 0}, "contact": {}, "firstName": "Kin", "gender": "male", "lastName": "Neo", "id": "4155112", "bio": "", "photo": {"prefix": "https://igx.4sqi.net/img/user/", "suffix": "/blank_boy.png", "default": true}, "homeCity": "New York, NY", "lists": {"groups": [{"items": [], "count": 2, "type": "created"}]}}, {"tips": {"count": 2}, "contact": {"twitter": "isaacjosiah", "facebook": "632321544"}, "firstName": "Isaac", "gender": "male", "lastName": "Josiah", "id": "1833334", "bio": "", "photo": {"prefix": "https://igx.4sqi.net/img/user/", "suffix": "/ISYDXGYLH2PXAMTG.jpg"}, "homeCity": "Singapore, ", "lists": {"groups": [{"items": [], "count": 2, "type": "created"}]}}, {"tips": {"count": 0}, "contact": {"twitter": "clarissajohn"}, "firstName": "Clarissa", "gender": "female", "lastName": "John", "id": "3296630", "bio": "", "photo": {"prefix": "https://igx.4sqi.net/img/user/", "suffix": "/3296630-D52QCCKLW4CTLTJT.jpg"}, "homeCity": "Singapore", "lists": {"groups": [{"items": [], "count": 2, "type": "created"}]}}, {"tips": {"count": 0}, "contact": {"twitter": "belbunny", "facebook": "650039752"}, "firstName": "Belinda", "gender": "female", "id": "32065946", "bio": "", "photo": {"prefix": "https://igx.4sqi.net/img/user/", "suffix": "/TF1G00ZZKPWEV3SK.jpg"}, "homeCity": "New York, NY", "lists": {"groups": [{"items": [], "count": 2, "type": "created"}]}}, {"tips": {"count": 0}, "contact": {"facebook": "534005352"}, "firstName": "Jason", "gender": "male", "lastName": "Yeo", "id": "5682154", "bio": "", "photo": {"prefix": "https://igx.4sqi.net/img/user/", "suffix": "/EO3XMBFFHGF1MSPQ.jpg"}, "homeCity": "Singapore", "lists": {"groups": [{"items": [], "count": 2, "type": "created"}]}}, {"tips": {"count": 0}, "contact": {}, "firstName": "Brandon", "gender": "none", "lastName": "Lim", "id": "7018438", "bio": "", "photo": {"prefix": "https://igx.4sqi.net/img/user/", "suffix": "/QUCCZBV14H53RKJV.jpg"}, "homeCity": "Singapore", "lists": {"groups": [{"items": [], "count": 2, "type": "created"}]}}, {"tips": {"count": 0}, "contact": {"twitter": "waimenggg", "facebook": "1199740572"}, "firstName": "Chong", "gender": "male", "lastName": "WaiMeng", "id": "30181362", "bio": "It's just me and you anywhere", "photo": {"prefix": "https://igx.4sqi.net/img/user/", "suffix": "/ZW4WNIFEMQ33ED15.jpg"}, "homeCity": "Singapore", "lists": {"groups": [{"items": [], "count": 2, "type": "created"}]}}, {"tips": {"count": 0}, "contact": {"twitter": "13thaprils", "facebook": "1144610815"}, "firstName": "Rico", "gender": "male", "lastName": "Tham", "id": "8289659", "bio": "", "photo": {"prefix": "https://igx.4sqi.net/img/user/", "suffix": "/8289659-JMC0FYJDMPH0ZM0H.jpg"}, "homeCity": "Singapore", "lists": {"groups": [{"items": [], "count": 2, "type": "created"}]}}, {"tips": {"count": 10}, "contact": {"twitter": "seokyinnn", "facebook": "100003477028887"}, "firstName": "Seokyinnn", "gender": "female", "id": "6463700", "bio": "", "photo": {"prefix": "https://igx.4sqi.net/img/user/", "suffix": "/6463700-TPO3W0IGG1KXIHTO.jpg"}, "homeCity": "Singapore", "lists": {"groups": [{"items": [], "count": 2, "type": "created"}]}}, {"tips": {"count": 0}, "contact": {}, "firstName": "Jared", "gender": "male", "lastName": "Han", "id": "5916353", "bio": "", "photo": {"prefix": "https://igx.4sqi.net/img/user/", "suffix": "/blank_boy.png", "default": true}, "homeCity": "Singapore", "lists": {"groups": [{"items": [], "count": 2, "type": "created"}]}}, {"tips": {"count": 1}, "contact": {}, "firstName": "Vivian", "gender": "female", "lastName": "Loh", "id": "10424754", "bio": "", "photo": {"prefix": "https://igx.4sqi.net/img/user/", "suffix": "/blank_girl.png", "default": true}, "homeCity": "Singapore", "lists": {"groups": [{"items": [], "count": 2, "type": "created"}]}}, {"tips": {"count": 3}, "contact": {"twitter": "adelnichole", "facebook": "554634556"}, "firstName": "Adel", "gender": "female", "lastName": "Nichole", "id": "3522014", "bio": "", "photo": {"prefix": "https://igx.4sqi.net/img/user/", "suffix": "/DVBVCFZ0JNA11ZWB.jpg"}, "homeCity": "Singapore", "lists": {"groups": [{"items": [], "count": 3, "type": "created"}]}}, {"tips": {"count": 0}, "contact": {"facebook": "100000858077052"}, "firstName": "Dariuschua", "gender": "male", "id": "9688621", "bio": "", "photo": {"prefix": "https://igx.4sqi.net/img/user/", "suffix": "/DQ4S4RTFVH0HYMXM.jpg"}, "homeCity": "Singapore", "lists": {"groups": [{"items": [], "count": 2, "type": "created"}]}}, {"tips": {"count": 0}, "contact": {}, "firstName": "Fahmi", "gender": "male", "lastName": "Amir", "id": "8908450", "bio": "", "photo": {"prefix": "https://igx.4sqi.net/img/user/", "suffix": "/FFMUMRX1QVA4M0QN.jpg"}, "homeCity": "Singapore", "lists": {"groups": [{"items": [], "count": 2, "type": "created"}]}}, {"tips": {"count": 0}, "contact": {"facebook": "1069799090"}, "firstName": "Saifuddin", "gender": "male", "lastName": "Tasnim", "id": "5085557", "bio": "", "photo": {"prefix": "https://igx.4sqi.net/img/user/", "suffix": "/blank_boy.png", "default": true}, "homeCity": "Singapore", "lists": {"groups": [{"items": [], "count": 2, "type": "created"}]}}, {"tips": {"count": 0}, "contact": {"twitter": "ivanng87", "facebook": "710967291"}, "firstName": "Ivan", "gender": "male", "lastName": "Ng", "id": "2039634", "bio": "", "photo": {"prefix": "https://igx.4sqi.net/img/user/", "suffix": "/ISBDNGJPDFHXMYU1.jpg"}, "homeCity": "Kuala Lumpur, Malaysia", "lists": {"groups": [{"items": [], "count": 2, "type": "created"}]}}, {"tips": {"count": 0}, "contact": {}, "firstName": "Ming Jie", "gender": "male", "lastName": "Ng", "id": "3430628", "bio": "", "photo": {"prefix": "https://igx.4sqi.net/img/user/", "suffix": "/blank_boy.png", "default": true}, "homeCity": "Singapore", "lists": {"groups": [{"items": [], "count": 2, "type": "created"}]}}, {"tips": {"count": 0}, "contact": {"twitter": "madwithbears"}, "firstName": "LYNN", "gender": "female", "id": "32651181", "bio": "", "photo": {"prefix": "https://igx.4sqi.net/img/user/", "suffix": "/JWTCYLTAZMG0VSBK.jpg"}, "homeCity": "Korea", "lists": {"groups": [{"items": [], "count": 2, "type": "created"}]}}, {"tips": {"count": 1}, "contact": {}, "firstName": "Junhao", "gender": "male", "lastName": "Wu", "id": "6179350", "bio": "", "photo": {"prefix": "https://igx.4sqi.net/img/user/", "suffix": "/RG2WHP1B1DJOHKDB.jpg"}, "homeCity": "Singapore", "lists": {"groups": [{"items": [], "count": 2, "type": "created"}]}}, {"tips": {"count": 0}, "contact": {"twitter": "bean_han"}, "firstName": "Brandon", "gender": "male", "lastName": "Han", "id": "7018470", "bio": "", "photo": {"prefix": "https://igx.4sqi.net/img/user/", "suffix": "/TKF4O0CFKJ4CITEO.jpg"}, "homeCity": "Singapore", "lists": {"groups": [{"items": [], "count": 2, "type": "created"}]}}, {"tips": {"count": 0}, "contact": {"twitter": "kennethmajiajun", "facebook": "1615870256"}, "firstName": "Kenneth", "gender": "male", "lastName": "Ma", "id": "58435630", "bio": "", "photo": {"prefix": "https://igx.4sqi.net/img/user/", "suffix": "/blank_boy.png", "default": true}, "homeCity": "Singapore", "lists": {"groups": [{"items": [], "count": 2, "type": "created"}]}}, {"tips": {"count": 0}, "contact": {"facebook": "1797861764"}, "firstName": "Neilson", "gender": "none", "id": "17036778", "bio": "", "photo": {"prefix": "https://igx.4sqi.net/img/user/", "suffix": "/17036778-SDCEU0102TZIJGSH.jpg"}, "homeCity": "Singapore", "lists": {"groups": [{"items": [], "count": 2, "type": "created"}]}}, {"tips": {"count": 0}, "contact": {}, "firstName": "Donna", "gender": "female", "lastName": "Wong", "id": "7511250", "bio": "", "photo": {"prefix": "https://igx.4sqi.net/img/user/", "suffix": "/R2KXEC20CQUQAQKM.jpg"}, "homeCity": "\u30b7\u30f3\u30ac\u30dd\u30fc\u30eb, Singapore", "lists": {"groups": [{"items": [], "count": 2, "type": "created"}]}}, {"tips": {"count": 0}, "contact": {"facebook": "100003580482670"}, "firstName": "Joey", "gender": "female", "lastName": "Mah", "id": "6132936", "bio": "", "photo": {"prefix": "https://igx.4sqi.net/img/user/", "suffix": "/OKHLYJCYFIONQ254.jpg"}, "homeCity": "Singapore", "lists": {"groups": [{"items": [], "count": 2, "type": "created"}]}}, {"tips": {"count": 0}, "contact": {"facebook": "738030997"}, "firstName": "Andrew", "gender": "male", "lastName": "Chen", "id": "16227665", "bio": "", "photo": {"prefix": "https://igx.4sqi.net/img/user/", "suffix": "/Z5S22BFGNTIDFKNS.jpg"}, "homeCity": "Singapore", "lists": {"groups": [{"items": [], "count": 2, "type": "created"}]}}, {"tips": {"count": 5}, "contact": {"twitter": "christofurfur", "facebook": "746405774"}, "firstName": "Christopher", "gender": "male", "lastName": "Chua Min Rui", "id": "3526861", "bio": "", "photo": {"prefix": "https://igx.4sqi.net/img/user/", "suffix": "/DKHAOLPLAYUG045T.jpg"}, "homeCity": "Singapore", "lists": {"groups": [{"items": [], "count": 2, "type": "created"}]}}, {"tips": {"count": 153}, "contact": {}, "firstName": "Lareina", "gender": "female", "lastName": "Ng", "id": "64683986", "bio": "", "photo": {"prefix": "https://igx.4sqi.net/img/user/", "suffix": "/QDJSBGPCQYPXR2J3.jpg"}, "homeCity": "Singapore", "lists": {"groups": [{"items": [], "count": 5, "type": "created"}]}}, {"tips": {"count": 1}, "contact": {"twitter": "gaymond"}, "firstName": "Raymond", "gender": "male", "lastName": "Ow", "id": "2531459", "bio": "", "photo": {"prefix": "https://igx.4sqi.net/img/user/", "suffix": "/HDGBWZKQXTEYQKOL.jpg"}, "homeCity": "Nedlands, Western Australia, Australia", "lists": {"groups": [{"items": [], "count": 2, "type": "created"}]}}, {"tips": {"count": 0}, "contact": {"facebook": "100000036662762"}, "firstName": "Lidia", "gender": "female", "lastName": "Lie", "id": "3717736", "bio": "", "photo": {"prefix": "https://igx.4sqi.net/img/user/", "suffix": "/F0CJ44RGFMECRRIR.jpg"}, "homeCity": "Singapore", "lists": {"groups": [{"items": [], "count": 2, "type": "created"}]}}, {"tips": {"count": 1}, "contact": {"facebook": "625564127"}, "firstName": "Pravin", "gender": "male", "lastName": "Pawpstar", "id": "34024312", "bio": "", "photo": {"prefix": "https://igx.4sqi.net/img/user/", "suffix": "/YW4OOU0FWF0GGPIT.jpg"}, "homeCity": "New York, NY", "lists": {"groups": [{"items": [], "count": 2, "type": "created"}]}}, {"tips": {"count": 0}, "contact": {"twitter": "tangtanggirl10"}, "firstName": "Jessica", "gender": "female", "lastName": "Yeo weiling", "id": "6885261", "bio": "", "photo": {"prefix": "https://igx.4sqi.net/img/user/", "suffix": "/CAQOGRIKUATXIJQ3.jpg"}, "homeCity": "Singapore", "lists": {"groups": [{"items": [], "count": 2, "type": "created"}]}}, {"tips": {"count": 1}, "contact": {}, "firstName": "Julian", "gender": "male", "lastName": "Chan", "id": "7020518", "bio": "", "photo": {"prefix": "https://igx.4sqi.net/img/user/", "suffix": "/blank_boy.png", "default": true}, "homeCity": "Singapore", "lists": {"groups": [{"items": [], "count": 2, "type": "created"}]}}, {"tips": {"count": 0}, "contact": {"twitter": "kwoksheng", "facebook": "100000239323725"}, "firstName": "Ryan", "gender": "male", "lastName": "Ng", "id": "17243477", "bio": "", "photo": {"prefix": "https://igx.4sqi.net/img/user/", "suffix": "/17243477-R42KYXCCQ5XXGVPI.jpg"}, "homeCity": "Subang Jaya ", "lists": {"groups": [{"items": [], "count": 2, "type": "created"}]}}, {"tips": {"count": 2}, "contact": {"twitter": "serioussam_", "facebook": "756403072"}, "firstName": "Samuel", "gender": "male", "lastName": "Wong Siu Hsiung", "id": "8050868", "bio": "", "photo": {"prefix": "https://igx.4sqi.net/img/user/", "suffix": "/3XLBLQJPMZ0QYXPW.jpg"}, "homeCity": "Singapore", "lists": {"groups": [{"items": [], "count": 2, "type": "created"}]}}, {"tips": {"count": 0}, "contact": {}, "firstName": "Justin", "gender": "male", "lastName": "Tan", "id": "8499952", "bio": "", "photo": {"prefix": "https://igx.4sqi.net/img/user/", "suffix": "/blank_boy.png", "default": true}, "homeCity": "Singapore", "lists": {"groups": [{"items": [], "count": 2, "type": "created"}]}}, {"tips": {"count": 0}, "contact": {"twitter": "r_enegade", "facebook": "787163211"}, "firstName": "Yunfei", "gender": "female", "lastName": "Ketsurui", "id": "42791903", "bio": "", "photo": {"prefix": "https://igx.4sqi.net/img/user/", "suffix": "/25AB1RQQ2UKU3FQL.jpg"}, "homeCity": "New York, NY", "lists": {"groups": [{"items": [], "count": 2, "type": "created"}]}}, {"tips": {"count": 16}, "contact": {"facebook": "612273890"}, "firstName": "Nicholas", "gender": "male", "lastName": "Ng", "id": "3533152", "bio": "", "photo": {"prefix": "https://igx.4sqi.net/img/user/", "suffix": "/3533152-HSWTEAUGPJZC3JOB.jpg"}, "homeCity": "Shah Alam, Malaysia", "lists": {"groups": [{"items": [], "count": 2, "type": "created"}]}}, {"tips": {"count": 1}, "contact": {"twitter": "danvinlqc", "facebook": "595762683"}, "firstName": "Danvin", "gender": "male", "lastName": "Qicheng \u674e\u5553\u8aa0", "id": "2534343", "bio": "", "photo": {"prefix": "https://igx.4sqi.net/img/user/", "suffix": "/5RC4FZ5KO43SVHDC.jpg"}, "homeCity": "Singapore", "lists": {"groups": [{"items": [], "count": 2, "type": "created"}]}}, {"tips": {"count": 5}, "contact": {"twitter": "irfann_nnafri", "facebook": "529851121"}, "firstName": "irfan \ud83d\ude09", "gender": "male", "id": "3883634", "bio": "", "photo": {"prefix": "https://igx.4sqi.net/img/user/", "suffix": "/2PJTXQF5DAEHZHX4.jpg"}, "homeCity": "Singapore", "lists": {"groups": [{"items": [], "count": 2, "type": "created"}]}}, {"tips": {"count": 0}, "contact": {"facebook": "624944545"}, "firstName": "Rafael", "gender": "male", "lastName": "Tan", "id": "7240851", "bio": "", "photo": {"prefix": "https://igx.4sqi.net/img/user/", "suffix": "/N30OQR1TTMORTZC5.jpg"}, "homeCity": "Singapore", "lists": {"groups": [{"items": [], "count": 2, "type": "created"}]}}, {"tips": {"count": 0}, "contact": {"twitter": "joshtayhw", "facebook": "585976127"}, "firstName": "Joshua", "gender": "male", "lastName": "Tay", "id": "7024959", "bio": "", "photo": {"prefix": "https://igx.4sqi.net/img/user/", "suffix": "/blank_boy.png", "default": true}, "homeCity": "Singapore", "lists": {"groups": [{"items": [], "count": 2, "type": "created"}]}}, {"tips": {"count": 0}, "contact": {"twitter": "jemtay_the_pro", "facebook": "1416998010"}, "firstName": "Jeremy", "gender": "male", "lastName": "Tay", "id": "17720786", "bio": "", "photo": {"prefix": "https://igx.4sqi.net/img/user/", "suffix": "/IQD1EBIITL1RGBFX.jpg"}, "homeCity": "NY", "lists": {"groups": [{"items": [], "count": 2, "type": "created"}]}}, {"tips": {"count": 4}, "contact": {"facebook": "574208392"}, "firstName": "Clement", "gender": "male", "lastName": "Low", "id": "8066140", "bio": "", "photo": {"prefix": "https://igx.4sqi.net/img/user/", "suffix": "/5M1NVC4WRF1TKNWO.jpg"}, "homeCity": "Singapore", "lists": {"groups": [{"items": [], "count": 2, "type": "created"}]}}, {"tips": {"count": 0}, "contact": {"twitter": "aishx", "facebook": "10203766055687616"}, "firstName": "Aishwarya", "gender": "female", "lastName": "Sundram", "id": "43403707", "bio": "", "photo": {"prefix": "https://igx.4sqi.net/img/user/", "suffix": "/43403707-OSYB5QQ0EEMDJK1Z.jpg"}, "homeCity": "Singapore ", "lists": {"groups": [{"items": [], "count": 2, "type": "created"}]}}, {"tips": {"count": 0}, "contact": {}, "firstName": "Brandon", "gender": "male", "lastName": "Chai", "id": "3940458", "bio": "", "photo": {"prefix": "https://igx.4sqi.net/img/user/", "suffix": "/blank_boy.png", "default": true}, "homeCity": "Singapore", "lists": {"groups": [{"items": [], "count": 2, "type": "created"}]}}, {"tips": {"count": 0}, "contact": {"twitter": "breakatrick", "facebook": "621243877"}, "firstName": "Samantha", "gender": "female", "lastName": "Phua", "id": "3086610", "bio": "", "photo": {"prefix": "https://igx.4sqi.net/img/user/", "suffix": "/GTNLGKKNLDGHKQLJ.jpg"}, "homeCity": "Singapore", "lists": {"groups": [{"items": [], "count": 2, "type": "created"}]}}, {"tips": {"count": 0}, "contact": {"twitter": "yoongchoding"}, "firstName": "Kaiser", "gender": "male", "lastName": "Lee", "id": "4010594", "bio": "", "photo": {"prefix": "https://igx.4sqi.net/img/user/", "suffix": "/X33ZP4EZMEA23DBE.jpg"}, "homeCity": "Singapore", "lists": {"groups": [{"items": [], "count": 2, "type": "created"}]}}, {"tips": {"count": 0}, "contact": {}, "firstName": "Royston", "gender": "male", "lastName": "Tan", "id": "8577924", "bio": "", "photo": {"prefix": "https://igx.4sqi.net/img/user/", "suffix": "/5BHW0LTLFXHJZYKI.jpg"}, "homeCity": "Singapore", "lists": {"groups": [{"items": [], "count": 2, "type": "created"}]}}, {"tips": {"count": 0}, "contact": {}, "firstName": "Vanessa", "gender": "female", "lastName": "Yee", "id": "7040857", "bio": "", "photo": {"prefix": "https://igx.4sqi.net/img/user/", "suffix": "/XUGDTL2TZYC4UA4S.jpg"}, "homeCity": "Singapore", "lists": {"groups": [{"items": [], "count": 2, "type": "created"}]}}, {"tips": {"count": 0}, "contact": {"twitter": "faywp", "facebook": "668613505"}, "firstName": "Amos", "gender": "male", "lastName": "Yong", "id": "17855622", "bio": "", "photo": {"prefix": "https://igx.4sqi.net/img/user/", "suffix": "/UERT4PEFWV41ZXX2.jpg"}, "homeCity": "Singapore", "lists": {"groups": [{"items": [], "count": 2, "type": "created"}]}}, {"tips": {"count": 0}, "contact": {}, "firstName": "William", "gender": "male", "lastName": "Yee", "id": "8071439", "bio": "", "photo": {"prefix": "https://igx.4sqi.net/img/user/", "suffix": "/4VJBP341XOOYCRJK.jpg"}, "homeCity": "Singapore", "lists": {"groups": [{"items": [], "count": 2, "type": "created"}]}}, {"tips": {"count": 0}, "contact": {"twitter": "shar_adam", "facebook": "1349892841"}, "firstName": "Adam", "gender": "male", "lastName": "Shar", "id": "43530679", "bio": "", "photo": {"prefix": "https://igx.4sqi.net/img/user/", "suffix": "/NMG4AUMANWVQRMQD.jpg"}, "homeCity": "New York, NY", "lists": {"groups": [{"items": [], "count": 2, "type": "created"}]}}, {"tips": {"count": 2}, "contact": {"facebook": "847715133"}, "firstName": "Bryan", "gender": "male", "lastName": "Chua", "id": "20454678", "bio": "", "photo": {"prefix": "https://igx.4sqi.net/img/user/", "suffix": "/QWARG5QPVBL1WFZ3.jpg"}, "homeCity": "New York, NY", "lists": {"groups": [{"items": [], "count": 2, "type": "created"}]}}, {"tips": {"count": 1}, "contact": {"twitter": "nur_syafaatmuhd", "facebook": "10153834782517786"}, "firstName": "Nur", "gender": "male", "lastName": "Syafa'at", "id": "3087453", "bio": "", "photo": {"prefix": "https://igx.4sqi.net/img/user/", "suffix": "/3087453-2JGGYFU3H2VII4R2.jpg"}, "homeCity": "Singapore", "lists": {"groups": [{"items": [], "count": 2, "type": "created"}]}}, {"tips": {"count": 0}, "contact": {}, "firstName": "Andrea", "gender": "female", "lastName": "Che", "id": "4126243", "bio": "", "photo": {"prefix": "https://igx.4sqi.net/img/user/", "suffix": "/M24C0P0FNO5AMSCQ.jpg"}, "homeCity": "Singapore", "lists": {"groups": [{"items": [], "count": 2, "type": "created"}]}}, {"tips": {"count": 0}, "contact": {"twitter": "orphamiel", "facebook": "793537419"}, "firstName": "Jing Hao", "gender": "male", "lastName": "Lim", "id": "12356060", "bio": "", "photo": {"prefix": "https://igx.4sqi.net/img/user/", "suffix": "/12356060-3CGZTOPOG0GL4J3U"}, "homeCity": "Singapore", "lists": {"groups": [{"items": [], "count": 2, "type": "created"}]}}, {"tips": {"count": 1}, "contact": {"twitter": "jun_zhi", "facebook": "575933794"}, "firstName": "JunZhi", "gender": "male", "lastName": "Lim", "id": "7043660", "bio": "", "photo": {"prefix": "https://igx.4sqi.net/img/user/", "suffix": "/RRGDAJRLTAAEFXZE.jpg"}, "homeCity": "Singapore", "lists": {"groups": [{"items": [], "count": 2, "type": "created"}]}}, {"tips": {"count": 0}, "contact": {"facebook": "625262305"}, "firstName": "Amos", "gender": "male", "lastName": "Fu", "id": "18269622", "bio": "", "photo": {"prefix": "https://igx.4sqi.net/img/user/", "suffix": "/UAHAMCNF3TFFE3U1.jpg"}, "homeCity": "Bordeaux, France", "lists": {"groups": [{"items": [], "count": 2, "type": "created"}]}}, {"tips": {"count": 1}, "contact": {"twitter": "delvinbillebord"}, "firstName": "Delvin", "gender": "male", "lastName": "Toh", "id": "9930389", "bio": "", "photo": {"prefix": "https://igx.4sqi.net/img/user/", "suffix": "/BZ5XAASZ5A20QMXH.jpg"}, "homeCity": "Singapore", "lists": {"groups": [{"items": [], "count": 2, "type": "created"}]}}, {"tips": {"count": 0}, "contact": {}, "firstName": "Chanel", "gender": "female", "lastName": "Grace", "id": "47814014", "bio": "", "photo": {"prefix": "https://igx.4sqi.net/img/user/", "suffix": "/IXKYKZEVCIBCLFKQ.jpg"}, "homeCity": "Marine Parade Estate, Singapore", "lists": {"groups": [{"items": [], "count": 2, "type": "created"}]}}, {"tips": {"count": 32}, "contact": {}, "firstName": "Elyse Kymberly", "gender": "female", "lastName": "Teoh", "id": "3568674", "bio": "", "photo": {"prefix": "https://igx.4sqi.net/img/user/", "suffix": "/GT0ZOUKSEUJWJARR.jpg"}, "homeCity": "Petaling Jaya, Selangor, Malaysia", "lists": {"groups": [{"items": [], "count": 2, "type": "created"}]}}, {"tips": {"count": 0}, "contact": {"twitter": "reinsheer", "facebook": "705079404"}, "firstName": "Eugene", "gender": "male", "lastName": "Tan", "id": "4440612", "bio": "", "photo": {"prefix": "https://igx.4sqi.net/img/user/", "suffix": "/blank_boy.png", "default": true}, "homeCity": "Singapore", "lists": {"groups": [{"items": [], "count": 2, "type": "created"}]}}, {"tips": {"count": 0}, "contact": {"twitter": "maheerasam", "facebook": "1504728027"}, "firstName": "Maheera", "gender": "female", "lastName": "Sam", "id": "12368244", "bio": "", "photo": {"prefix": "https://igx.4sqi.net/img/user/", "suffix": "/STOMUMJ1ULI1KCFZ.jpg"}, "homeCity": "Singapore", "lists": {"groups": [{"items": [], "count": 2, "type": "created"}]}}, {"tips": {"count": 0}, "contact": {}, "firstName": "Jun Wei", "gender": "male", "lastName": "Lim", "id": "7044568", "bio": "", "photo": {"prefix": "https://igx.4sqi.net/img/user/", "suffix": "/0QPY5WVR2K5TCRGX.jpg"}, "homeCity": "Singapore", "lists": {"groups": [{"items": [], "count": 2, "type": "created"}]}}, {"tips": {"count": 0}, "contact": {"twitter": "daniel_xiaohaze", "facebook": "1119805016"}, "firstName": "Daniel", "gender": "male", "lastName": "Trinitybond", "id": "20074297", "bio": "", "photo": {"prefix": "https://igx.4sqi.net/img/user/", "suffix": "/HWA54PIXI0FG55CX.jpg"}, "homeCity": "Singapore", "lists": {"groups": [{"items": [], "count": 2, "type": "created"}]}}, {"tips": {"count": 1}, "contact": {"facebook": "683014787"}, "firstName": "Nathanael", "gender": "none", "lastName": "Teo", "id": "3606262", "bio": "", "photo": {"prefix": "https://igx.4sqi.net/img/user/", "suffix": "/BEZSQ4Q2EBOB3HYG.jpg"}, "homeCity": "Singapore", "lists": {"groups": [{"items": [], "count": 2, "type": "created"}]}}, {"tips": {"count": 0}, "contact": {}, "firstName": "Felicia", "gender": "female", "lastName": "Low", "id": "5766821", "bio": "", "photo": {"prefix": "https://igx.4sqi.net/img/user/", "suffix": "/AQKH5EE4FAVYMQYS.jpg"}, "homeCity": "Los Angeles , CA", "lists": {"groups": [{"items": [], "count": 2, "type": "created"}]}}, {"tips": {"count": 0}, "contact": {"twitter": "mloclamtay"}, "firstName": "Malcolm", "gender": "male", "lastName": "Mloclam", "id": "12470505", "bio": "", "photo": {"prefix": "https://igx.4sqi.net/img/user/", "suffix": "/GIXHRRAKSXJHHNFF.jpg"}, "homeCity": "Singapore", "lists": {"groups": [{"items": [], "count": 2, "type": "created"}]}}, {"tips": {"count": 0}, "contact": {"twitter": "josiahang", "facebook": "100000234137171"}, "firstName": "Josiah", "gender": "male", "lastName": "Ang", "id": "7105652", "bio": "", "photo": {"prefix": "https://igx.4sqi.net/img/user/", "suffix": "/UIUPHOMXGWY0ZIL2.jpg"}, "homeCity": "Singapore", "lists": {"groups": [{"items": [], "count": 2, "type": "created"}]}}, {"tips": {"count": 2}, "contact": {"twitter": "jojoaii", "facebook": "608079549"}, "firstName": "Jocelyn", "gender": "female", "lastName": "Yeo", "id": "4082447", "bio": "", "photo": {"prefix": "https://igx.4sqi.net/img/user/", "suffix": "/4082447-L31YO2D1HA5B0YWJ.jpg"}, "homeCity": "Singapore", "lists": {"groups": [{"items": [], "count": 2, "type": "created"}]}}, {"tips": {"count": 0}, "contact": {}, "firstName": "Alexander", "gender": "male", "lastName": "Tan", "id": "6546177", "bio": "", "photo": {"prefix": "https://igx.4sqi.net/img/user/", "suffix": "/XU4JPBVET1XIYEZH.jpg"}, "homeCity": "Singapore", "lists": {"groups": [{"items": [], "count": 2, "type": "created"}]}}, {"tips": {"count": 1}, "contact": {"twitter": "markuzy", "facebook": "694521937"}, "firstName": "Marcus", "gender": "male", "lastName": "Ong", "id": "16033247", "bio": "", "photo": {"prefix": "https://igx.4sqi.net/img/user/", "suffix": "/RNF4NU31LHRIPKXK.jpg"}, "homeCity": "Singapore", "lists": {"groups": [{"items": [], "count": 2, "type": "created"}]}}, {"tips": {"count": 0}, "contact": {"facebook": "1654935042"}, "firstName": "nigel", "gender": "male", "lastName": "ngeow", "id": "7116417", "bio": "", "photo": {"prefix": "https://igx.4sqi.net/img/user/", "suffix": "/AZ222LWW55ZYTNIY.jpg"}, "homeCity": "Singapore", "lists": {"groups": [{"items": [], "count": 2, "type": "created"}]}}, {"tips": {"count": 1}, "contact": {}, "firstName": "Timothy", "gender": "male", "lastName": "Wong", "id": "4483639", "bio": "", "photo": {"prefix": "https://igx.4sqi.net/img/user/", "suffix": "/UZEJJF41RQBO4UOT.jpg"}, "homeCity": "New York, NY", "lists": {"groups": [{"items": [], "count": 2, "type": "created"}]}}, {"tips": {"count": 0}, "contact": {"twitter": "jisongmkk", "facebook": "1036033838"}, "firstName": "Lee Ji Song", "gender": "male", "id": "7870191", "bio": "", "photo": {"prefix": "https://igx.4sqi.net/img/user/", "suffix": "/7870191-XWVGQ4XW2QPFLZSK.jpg"}, "homeCity": "Singapore", "lists": {"groups": [{"items": [], "count": 2, "type": "created"}]}}, {"tips": {"count": 0}, "contact": {"facebook": "100000002986373"}, "firstName": "Tay", "gender": "male", "lastName": "Jun Hao", "id": "18501982", "bio": "", "photo": {"prefix": "https://igx.4sqi.net/img/user/", "suffix": "/A0W2BJUJ4TW2B0BJ.jpg"}, "homeCity": "New York, NY", "lists": {"groups": [{"items": [], "count": 2, "type": "created"}]}}, {"tips": {"count": 0}, "contact": {"twitter": "fckedupkiddo", "facebook": "10207573342752815"}, "firstName": "Keven", "gender": "male", "lastName": "Anderson", "id": "10246126", "bio": "", "photo": {"prefix": "https://igx.4sqi.net/img/user/", "suffix": "/10246126-I1MGAI4SA1Z1DEJQ.jpg"}, "homeCity": "Singapore", "lists": {"groups": [{"items": [], "count": 2, "type": "created"}]}}, {"tips": {"count": 0}, "contact": {}, "firstName": "William", "gender": "male", "lastName": "Liew", "id": "5342637", "bio": "", "photo": {"prefix": "https://igx.4sqi.net/img/user/", "suffix": "/blank_boy.png", "default": true}, "homeCity": "Singapore", "lists": {"groups": [{"items": [], "count": 2, "type": "created"}]}}, {"tips": {"count": 0}, "contact": {"facebook": "537030032"}, "firstName": "Dominic", "gender": "male", "lastName": "Leong", "id": "8743539", "bio": "", "photo": {"prefix": "https://igx.4sqi.net/img/user/", "suffix": "/UYBWPXYUYYQ3USKW.jpg"}, "homeCity": "Singapore", "lists": {"groups": [{"items": [], "count": 2, "type": "created"}]}}, {"tips": {"count": 3}, "contact": {}, "firstName": "Yani", "gender": "female", "lastName": "Bunny", "id": "5654830", "bio": "", "photo": {"prefix": "https://igx.4sqi.net/img/user/", "suffix": "/FDCSP1GUH2IJ3UIY.jpg"}, "homeCity": "Singapore", "lists": {"groups": [{"items": [], "count": 2, "type": "created"}]}}, {"tips": {"count": 0}, "contact": {"facebook": "684923380"}, "firstName": "Sherman", "gender": "male", "lastName": "Ho", "id": "31129260", "bio": "", "photo": {"prefix": "https://igx.4sqi.net/img/user/", "suffix": "/J3IFEQMIPTHBVFCS.jpg"}, "homeCity": "New York, NY", "lists": {"groups": [{"items": [], "count": 2, "type": "created"}]}}], "count": 127}, "checksum": "2f0909577521c67ac835464c42cff6537a7b5499"}, "meta": {"requestId": "5965ef1c1ed21919fad99c06", "code": 200}}