{"notifications": [{"type": "notificationTray", "item": {"unreadCount": 0}}], "meta": {"requestId": "5966cdd09fb6b770dbbf1339", "code": 200}, "response": {"friends": {"count": 69, "items": [{"id": "4554580", "photo": {"prefix": "https://igx.4sqi.net/img/user/", "suffix": "/VDTWWELXRDF1ITR1.jpg"}, "homeCity": "Singapore", "contact": {"facebook": "770438164", "twitter": "norazeelala"}, "firstName": "Azilla", "tips": {"count": 0}, "gender": "female", "lastName": "Atan", "lists": {"groups": [{"count": 2, "type": "created", "items": []}]}, "bio": ""}, {"id": "5149493", "photo": {"prefix": "https://igx.4sqi.net/img/user/", "suffix": "/XXPQWLJGKST0MCSA.jpg"}, "homeCity": "Singapore", "contact": {"facebook": "737069312"}, "firstName": "Mish", "tips": {"count": 1}, "gender": "female", "lastName": "Mya", "lists": {"groups": [{"count": 2, "type": "created", "items": []}]}, "bio": ""}, {"id": "4378335", "photo": {"prefix": "https://igx.4sqi.net/img/user/", "suffix": "/KRV1DW2L40ELUBX0.jpg"}, "homeCity": "Singapore", "contact": {"facebook": "100002417342490"}, "firstName": "Jade", "tips": {"count": 1}, "gender": "female", "lastName": "Sherose", "lists": {"groups": [{"count": 2, "type": "created", "items": []}]}, "bio": ""}, {"id": "7512156", "photo": {"prefix": "https://igx.4sqi.net/img/user/", "suffix": "/7512156-MKCQ2XWDCRHVKWR5"}, "homeCity": "\u0e1a\u0e49\u0e32\u0e19\u0e43\u0e2b\u0e21\u0e48, \u0e1b\u0e23\u0e30\u0e40\u0e17\u0e28\u0e44\u0e17\u0e22", "contact": {}, "firstName": "Joy", "tips": {"count": 0}, "gender": "female", "lastName": "Mcgraw", "lists": {"groups": [{"count": 2, "type": "created", "items": []}]}, "bio": ""}, {"id": "5458807", "photo": {"prefix": "https://igx.4sqi.net/img/user/", "suffix": "/IHEJUQBRDAMVLTST.jpg"}, "homeCity": "Singapore", "contact": {}, "firstName": "Siti nur aryani", "tips": {"count": 0}, "gender": "female", "lastName": "Zuraini", "lists": {"groups": [{"count": 2, "type": "created", "items": []}]}, "bio": ""}, {"id": "4999499", "photo": {"prefix": "https://igx.4sqi.net/img/user/", "suffix": "/SLZTGJ2N2Y4NYWVR.jpg"}, "homeCity": "Singapore", "contact": {}, "firstName": "Iraasyadovey", "tips": {"count": 0}, "gender": "female", "lastName": ":D", "lists": {"groups": [{"count": 2, "type": "created", "items": []}]}, "bio": ""}, {"id": "3904590", "photo": {"prefix": "https://igx.4sqi.net/img/user/", "suffix": "/TXTYEVSV3UDKRTUM.jpg"}, "homeCity": "Singapore", "contact": {"facebook": "1193481396"}, "firstName": "Nazreen", "tips": {"count": 0}, "gender": "female", "lastName": "Abdul malik", "lists": {"groups": [{"count": 2, "type": "created", "items": []}]}, "bio": ""}, {"id": "1513549", "photo": {"prefix": "https://igx.4sqi.net/img/user/", "suffix": "/2V0LO2SMCIPTZIAY.jpg"}, "homeCity": "Jurong West, Singapore", "contact": {}, "firstName": "Sheh", "tips": {"count": 1}, "gender": "male", "lastName": "Cool", "lists": {"groups": [{"count": 2, "type": "created", "items": []}]}, "bio": ""}, {"id": "1549154", "photo": {"prefix": "https://igx.4sqi.net/img/user/", "suffix": "/TCF2YSCXGEPL2EH3.jpg"}, "homeCity": "Woodlands, Singapore", "contact": {"facebook": "631543083"}, "firstName": "Hafiz", "tips": {"count": 5}, "gender": "male", "lastName": "As'ari", "lists": {"groups": [{"count": 2, "type": "created", "items": []}]}, "bio": ""}, {"id": "149744", "photo": {"prefix": "https://igx.4sqi.net/img/user/", "suffix": "/KB2YGEKOP1XSOXZC.jpg"}, "homeCity": "Olathe, Kansas", "contact": {"facebook": "1225952475", "twitter": "mlinhart"}, "firstName": "Michael \ud83d\ude2c", "tips": {"count": 881}, "gender": "male", "lastName": "Linhart", "lists": {"groups": [{"count": 8, "type": "created", "items": []}]}, "bio": "I won the lottery so I'm rich and I just go around giving money away to needy people...  (I wish!)"}, {"id": "1835132", "photo": {"prefix": "https://igx.4sqi.net/img/user/", "suffix": "/POSGKDYLWN1SAEAA.jpg"}, "homeCity": "Woodlands, Singapore", "contact": {"facebook": "537522068"}, "firstName": "Sugar", "tips": {"count": 0}, "gender": "female", "lastName": "Baybe", "lists": {"groups": [{"count": 2, "type": "created", "items": []}]}, "bio": ""}, {"id": "2445446", "photo": {"prefix": "https://igx.4sqi.net/img/user/", "suffix": "/HJYXOESQMMUHA1BW.jpg"}, "homeCity": "Singapore", "contact": {"facebook": "794559357"}, "firstName": "Kamaruzaman", "tips": {"count": 3}, "gender": "male", "lastName": "Naim", "lists": {"groups": [{"count": 2, "type": "created", "items": []}]}, "bio": ""}, {"id": "4972803", "photo": {"prefix": "https://igx.4sqi.net/img/user/", "suffix": "/4972803-235MOFN1A1FK30MA.jpg"}, "homeCity": "Singapore", "contact": {"facebook": "1108981085"}, "firstName": "Lynda", "tips": {"count": 5}, "gender": "female", "lastName": "Kerr", "lists": {"groups": [{"count": 2, "type": "created", "items": []}]}, "bio": ""}, {"id": "4777490", "photo": {"prefix": "https://igx.4sqi.net/img/user/", "suffix": "/CFAWTQNREEYL4OYW.jpg"}, "homeCity": "Singapore", "contact": {"facebook": "100002485081263", "twitter": "babeysanchi"}, "firstName": "BabeySanchi", "tips": {"count": 8}, "gender": "female", "lists": {"groups": [{"count": 2, "type": "created", "items": []}]}, "bio": "\u2764 Loved. Valued. Purposes. \u2764 \r\nMy Heart & Soul Till Eternity; Mohd Elfy Bin Suparti & Nurul Qistina Edora Tham. \ud83d\udc6a"}, {"id": "6855602", "photo": {"prefix": "https://igx.4sqi.net/img/user/", "suffix": "/HSB0Q41XA1ZEUTLZ.jpg"}, "homeCity": "New York, NY", "contact": {}, "firstName": "Andy", "tips": {"count": 0}, "gender": "male", "lastName": "Choy", "lists": {"groups": [{"count": 2, "type": "created", "items": []}]}, "bio": ""}, {"id": "4868706", "photo": {"prefix": "https://igx.4sqi.net/img/user/", "suffix": "/MLJ0ASQAHZMOK2D0.jpg"}, "homeCity": "Singapore", "contact": {"facebook": "1604547814", "twitter": "mayanatashaa"}, "firstName": "Maya", "tips": {"count": 0}, "gender": "female", "lastName": "Natasha", "lists": {"groups": [{"count": 2, "type": "created", "items": []}]}, "bio": ""}, {"id": "8608562", "photo": {"prefix": "https://igx.4sqi.net/img/user/", "suffix": "/IXDT4BG2QLTCMJ35.jpg"}, "homeCity": "London", "contact": {"facebook": "100000798440958"}, "firstName": "Yin yin adora", "tips": {"count": 0}, "gender": "female", "lastName": "Adora", "lists": {"groups": [{"count": 2, "type": "created", "items": []}]}, "bio": ""}, {"id": "5463055", "photo": {"prefix": "https://igx.4sqi.net/img/user/", "suffix": "/KNUU1JNRAA4KTZSN.jpg"}, "homeCity": "Singapore", "contact": {"facebook": "1801423423"}, "firstName": "Siti Nur Aryani", "tips": {"count": 0}, "gender": "female", "lists": {"groups": [{"count": 2, "type": "created", "items": []}]}, "bio": ""}, {"id": "7894552", "photo": {"prefix": "https://igx.4sqi.net/img/user/", "suffix": "/TRCV2OZRE2C22Q5D.jpg"}, "homeCity": "Singapore", "contact": {}, "firstName": "Baby", "tips": {"count": 0}, "gender": "female", "lastName": "Ema", "lists": {"groups": [{"count": 2, "type": "created", "items": []}]}, "bio": ""}, {"id": "3910124", "photo": {"prefix": "https://igx.4sqi.net/img/user/", "suffix": "/TVRFNZXKMX2R20WE.jpg"}, "homeCity": "Singapore", "contact": {"facebook": "100000529724358"}, "firstName": "Adriana", "tips": {"count": 1}, "gender": "female", "lastName": "Barbie", "lists": {"groups": [{"count": 2, "type": "created", "items": []}]}, "bio": ""}, {"id": "3339449", "photo": {"prefix": "https://igx.4sqi.net/img/user/", "suffix": "/DZKXZU1GGFLQV04J.jpg"}, "homeCity": "Singapore", "contact": {}, "firstName": "Whyte", "tips": {"count": 0}, "gender": "male", "lastName": "Aikie", "lists": {"groups": [{"count": 2, "type": "created", "items": []}]}, "bio": ""}, {"id": "3550240", "photo": {"prefix": "https://igx.4sqi.net/img/user/", "suffix": "/JPAMXBLW4YYZWFOP.jpg"}, "homeCity": "Singapore", "contact": {"facebook": "571731684"}, "firstName": "Siti", "tips": {"count": 1}, "gender": "female", "lastName": "Munirah", "lists": {"groups": [{"count": 2, "type": "created", "items": []}]}, "bio": ""}, {"id": "3012378", "photo": {"prefix": "https://igx.4sqi.net/img/user/", "suffix": "/SKYI1M3N1EMTY5BT.jpg"}, "homeCity": "Singapore", "contact": {"facebook": "572308414", "twitter": "rshykate"}, "firstName": "Rashidah", "tips": {"count": 2}, "gender": "female", "lastName": "Othman", "lists": {"groups": [{"count": 2, "type": "created", "items": []}]}, "bio": ""}, {"id": "2597123", "photo": {"prefix": "https://igx.4sqi.net/img/user/", "suffix": "/QSCF0N1NLPAW5XCJ.jpg"}, "homeCity": "Singapore", "contact": {"facebook": "100002265236354", "twitter": "aennpurry"}, "firstName": "Aenn", "tips": {"count": 0}, "gender": "female", "lists": {"groups": [{"count": 2, "type": "created", "items": []}]}, "bio": ""}, {"id": "4782284", "photo": {"prefix": "https://igx.4sqi.net/img/user/", "suffix": "/4782284-D0JHWGKWDQOC1MPD"}, "homeCity": "kuching,sarawak", "contact": {"twitter": "faizahsafri"}, "firstName": "FS", "tips": {"count": 0}, "gender": "female", "lists": {"groups": [{"count": 2, "type": "created", "items": []}]}, "bio": ""}, {"id": "6860894", "photo": {"prefix": "https://igx.4sqi.net/img/user/", "suffix": "/QRLCFACOX2RRCAAR.jpg"}, "homeCity": "Singapore", "contact": {"twitter": "shiddlesz"}, "firstName": "Shidah", "tips": {"count": 0}, "gender": "female", "lastName": "N", "lists": {"groups": [{"count": 2, "type": "created", "items": []}]}, "bio": ""}, {"id": "8119954", "photo": {"prefix": "https://igx.4sqi.net/img/user/", "default": true, "suffix": "/blank_boy.png"}, "homeCity": "Singapore", "contact": {"facebook": "100000409706374"}, "firstName": "Puikia", "tips": {"count": 1}, "gender": "male", "lists": {"groups": [{"count": 2, "type": "created", "items": []}]}, "bio": ""}, {"id": "5586185", "photo": {"prefix": "https://igx.4sqi.net/img/user/", "suffix": "/3Y01QJQSRHY2YMZ1.jpg"}, "homeCity": "Singapore", "contact": {"facebook": "100000444953493"}, "firstName": "Dyana", "tips": {"count": 0}, "gender": "female", "lastName": "Alba", "lists": {"groups": [{"count": 2, "type": "created", "items": []}]}, "bio": ""}, {"id": "3919284", "photo": {"prefix": "https://igx.4sqi.net/img/user/", "suffix": "/EKIBNO4BX0GU0JZB.jpg"}, "homeCity": "Singapore", "contact": {"facebook": "583134510"}, "firstName": "Imah", "tips": {"count": 0}, "gender": "female", "lastName": "Halil", "lists": {"groups": [{"count": 2, "type": "created", "items": []}]}, "bio": ""}, {"id": "3787596", "photo": {"prefix": "https://igx.4sqi.net/img/user/", "suffix": "/DP3OYNR4VA30PZ5L.jpg"}, "homeCity": "Singapore", "contact": {"facebook": "1137672614"}, "firstName": "Keena", "tips": {"count": 3}, "gender": "female", "lastName": "Azlan", "lists": {"groups": [{"count": 2, "type": "created", "items": []}]}, "bio": ""}, {"id": "4939556", "photo": {"prefix": "https://igx.4sqi.net/img/user/", "suffix": "/KLJ0FPHDC2QJOYHA.jpg"}, "homeCity": "Singapore", "contact": {"facebook": "100000042470031"}, "firstName": "Sepet", "tips": {"count": 3}, "gender": "male", "lastName": "Gochobey", "lists": {"groups": [{"count": 2, "type": "created", "items": []}]}, "bio": ""}, {"id": "3254602", "photo": {"prefix": "https://igx.4sqi.net/img/user/", "suffix": "/XEA3LUV4DNOZJ1CM.jpg"}, "homeCity": "Singapore", "contact": {}, "firstName": "Li", "tips": {"count": 0}, "gender": "female", "lastName": "Kits", "lists": {"groups": [{"count": 2, "type": "created", "items": []}]}, "bio": ""}, {"id": "2818927", "photo": {"prefix": "https://igx.4sqi.net/img/user/", "suffix": "/WIE5ZN2T13MRJQ3H.jpg"}, "homeCity": "Singapore", "contact": {"facebook": "511162668", "twitter": "yvesxydora"}, "firstName": "Brianna", "tips": {"count": 0}, "gender": "female", "lastName": "Yves'xydora", "lists": {"groups": [{"count": 2, "type": "created", "items": []}]}, "bio": ""}, {"id": "5205045", "photo": {"prefix": "https://igx.4sqi.net/img/user/", "suffix": "/32TIU0GBNOPOV5UE.jpg"}, "homeCity": "Singapore", "contact": {}, "firstName": "Sheila", "tips": {"count": 0}, "gender": "female", "lastName": "Wiz-Glare", "lists": {"groups": [{"count": 2, "type": "created", "items": []}]}, "bio": ""}, {"id": "7038481", "photo": {"prefix": "https://igx.4sqi.net/img/user/", "default": true, "suffix": "/blank_girl.png"}, "homeCity": "Singapore", "contact": {"facebook": "100001862329958"}, "firstName": "SiTi", "tips": {"count": 1}, "gender": "female", "lastName": "AisYah O", "lists": {"groups": [{"count": 2, "type": "created", "items": []}]}, "bio": ""}, {"id": "5664090", "photo": {"prefix": "https://igx.4sqi.net/img/user/", "suffix": "/MDOUYVGDAVVIQQG5.jpg"}, "homeCity": "Singapore", "contact": {}, "firstName": "Fyla", "tips": {"count": 1}, "gender": "female", "lastName": "Rossly", "lists": {"groups": [{"count": 2, "type": "created", "items": []}]}, "bio": ""}, {"id": "3926245", "photo": {"prefix": "https://igx.4sqi.net/img/user/", "suffix": "/HMTG5PUREDFKS1LW.jpg"}, "homeCity": "Singapore", "contact": {"facebook": "100000176479933"}, "firstName": "Niina", "tips": {"count": 0}, "gender": "female", "lastName": "Kiitty", "lists": {"groups": [{"count": 2, "type": "created", "items": []}]}, "bio": ""}, {"id": "4066368", "photo": {"prefix": "https://igx.4sqi.net/img/user/", "suffix": "/NYJF0S4QOC2DTBCR.jpg"}, "homeCity": "Singapore", "contact": {"facebook": "100000136728776"}, "firstName": "Lulu", "tips": {"count": 0}, "gender": "female", "lastName": "Venissa", "lists": {"groups": [{"count": 3, "type": "created", "items": []}]}, "bio": ""}, {"id": "8319629", "photo": {"prefix": "https://igx.4sqi.net/img/user/", "suffix": "/2PPMEXFKBTKYGU3B.jpg"}, "homeCity": "Singapore", "contact": {}, "firstName": "Belle", "tips": {"count": 0}, "gender": "female", "lastName": "Fernandez", "lists": {"groups": [{"count": 2, "type": "created", "items": []}]}, "bio": ""}, {"id": "3398593", "photo": {"prefix": "https://igx.4sqi.net/img/user/", "suffix": "/SSSJ5KNAO5Q2PZ5U.jpg"}, "homeCity": "Singapore", "contact": {"facebook": "1115899526"}, "firstName": "Irah", "tips": {"count": 1}, "gender": "female", "lastName": "Elly", "lists": {"groups": [{"count": 2, "type": "created", "items": []}]}, "bio": ""}, {"id": "3384389", "photo": {"prefix": "https://igx.4sqi.net/img/user/", "suffix": "/OC3FAZ1A1BKK5YBH.jpg"}, "homeCity": "Singapore", "contact": {"facebook": "755798654"}, "firstName": "Zulaikha", "tips": {"count": 1}, "gender": "female", "lastName": "Roslan", "lists": {"groups": [{"count": 2, "type": "created", "items": []}]}, "bio": ""}, {"id": "5673273", "photo": {"prefix": "https://igx.4sqi.net/img/user/", "suffix": "/CRIVW15DDRYI2KB3.jpg"}, "homeCity": "Singapore", "contact": {}, "firstName": "Alan", "tips": {"count": 0}, "gender": "male", "lastName": "Alan", "lists": {"groups": [{"count": 2, "type": "created", "items": []}]}, "bio": ""}, {"id": "6099838", "photo": {"prefix": "https://igx.4sqi.net/img/user/", "suffix": "/BVXYXAL0C3JJE1V3.jpg"}, "homeCity": "Singapore", "contact": {"facebook": "1267917237"}, "firstName": "Ija", "tips": {"count": 0}, "gender": "female", "lastName": "Hor", "lists": {"groups": [{"count": 2, "type": "created", "items": []}]}, "bio": ""}, {"id": "5087970", "photo": {"prefix": "https://igx.4sqi.net/img/user/", "suffix": "/J4SD2EXDJAKIOZR2.jpg"}, "homeCity": "Singapore", "contact": {"twitter": "whatsupyunni"}, "firstName": "Yunni", "tips": {"count": 0}, "gender": "female", "lastName": "Rahmat", "lists": {"groups": [{"count": 2, "type": "created", "items": []}]}, "bio": ""}, {"id": "5105394", "photo": {"prefix": "https://igx.4sqi.net/img/user/", "suffix": "/EBQJ0XH2PLXZJYP5.jpg"}, "homeCity": "Singapore", "contact": {"facebook": "530548484", "twitter": "kelvin_lyw"}, "firstName": "Kelvin", "tips": {"count": 1}, "gender": "male", "lastName": "Lim", "lists": {"groups": [{"count": 2, "type": "created", "items": []}]}, "bio": ""}, {"id": "3468946", "photo": {"prefix": "https://igx.4sqi.net/img/user/", "suffix": "/NZPCBDKBQ2PZZPAO.jpg"}, "homeCity": "Mini Red Light District", "contact": {"facebook": "548709988", "twitter": "synntaclaus"}, "firstName": "Cinta", "tips": {"count": 2}, "gender": "female", "lastName": "December", "lists": {"groups": [{"count": 2, "type": "created", "items": []}]}, "bio": ""}, {"id": "3698910", "photo": {"prefix": "https://igx.4sqi.net/img/user/", "suffix": "/Y43P5SOPW2KR3TIO.jpg"}, "homeCity": "Singapore", "contact": {"facebook": "1677191050"}, "firstName": "Vyvian", "tips": {"count": 0}, "gender": "female", "lastName": "chua", "lists": {"groups": [{"count": 2, "type": "created", "items": []}]}, "bio": ""}, {"id": "6192106", "photo": {"prefix": "https://igx.4sqi.net/img/user/", "suffix": "/IASRO05ST2ZHQTWK.jpg"}, "homeCity": "Unnamed Location", "contact": {"facebook": "623438543"}, "firstName": "Aidil", "tips": {"count": 0}, "gender": "male", "lastName": "Astro", "lists": {"groups": [{"count": 2, "type": "created", "items": []}]}, "bio": ""}, {"id": "6133012", "photo": {"prefix": "https://igx.4sqi.net/img/user/", "suffix": "/GZNPCTDAA3IAMZP3.jpg"}, "homeCity": "Singapore", "contact": {}, "firstName": "Edmund", "tips": {"count": 0}, "gender": "male", "lastName": "Lim", "lists": {"groups": [{"count": 2, "type": "created", "items": []}]}, "bio": ""}, {"id": "5337720", "photo": {"prefix": "https://igx.4sqi.net/img/user/", "suffix": "/PXCVXYRYMEREFTWH.jpg"}, "homeCity": "Singapore", "contact": {"facebook": "752381003"}, "firstName": "Rena", "tips": {"count": 0}, "gender": "female", "lastName": "Rowena", "lists": {"groups": [{"count": 2, "type": "created", "items": []}]}, "bio": ""}, {"id": "5108893", "photo": {"prefix": "https://igx.4sqi.net/img/user/", "suffix": "/L2OFHL11UPOJBMUI.jpg"}, "homeCity": "New York, NY", "contact": {"facebook": "100001455233080"}, "firstName": "An", "tips": {"count": 0}, "gender": "male", "lastName": "CaiCai", "lists": {"groups": [{"count": 2, "type": "created", "items": []}]}, "bio": ""}, {"id": "3492900", "photo": {"prefix": "https://igx.4sqi.net/img/user/", "suffix": "/DCDRS334BS2VDDOA.jpg"}, "homeCity": "Singapore", "contact": {"twitter": "deeanahxoxo"}, "firstName": "Deeanah", "tips": {"count": 1}, "gender": "female", "lastName": "Xoxo", "lists": {"groups": [{"count": 2, "type": "created", "items": []}]}, "bio": ""}, {"id": "4017544", "photo": {"prefix": "https://igx.4sqi.net/img/user/", "suffix": "/4K3ST1F0N4GWORAH.jpg"}, "homeCity": "Singapore", "contact": {"facebook": "1836727796"}, "firstName": "Aidil", "tips": {"count": 0}, "gender": "male", "lastName": "Astro", "lists": {"groups": [{"count": 2, "type": "created", "items": []}]}, "bio": ""}, {"id": "6262352", "photo": {"prefix": "https://igx.4sqi.net/img/user/", "suffix": "/0ZZCYCQ5O05CNKRL.jpg"}, "homeCity": "New York, NY", "contact": {"facebook": "1843034241"}, "firstName": "Faz", "tips": {"count": 0}, "gender": "male", "lastName": "guapoh", "lists": {"groups": [{"count": 2, "type": "created", "items": []}]}, "bio": ""}, {"id": "5861168", "photo": {"prefix": "https://igx.4sqi.net/img/user/", "default": true, "suffix": "/blank_girl.png"}, "homeCity": "Singapore", "contact": {"facebook": "100000606645308"}, "firstName": "nurul", "tips": {"count": 0}, "gender": "female", "lastName": "huda", "lists": {"groups": [{"count": 2, "type": "created", "items": []}]}, "bio": ""}, {"id": "3494775", "photo": {"prefix": "https://igx.4sqi.net/img/user/", "suffix": "/E02KD03NU2ZVPCIZ.jpg"}, "homeCity": "Singapore", "contact": {"facebook": "564836441"}, "firstName": "G Jroyz", "tips": {"count": 0}, "gender": "male", "lastName": "Rodriguez", "lists": {"groups": [{"count": 2, "type": "created", "items": []}]}, "bio": ""}, {"id": "4040894", "photo": {"prefix": "https://igx.4sqi.net/img/user/", "suffix": "/OYSAZVLAWJI0SNZJ.jpg"}, "homeCity": "Banjarmasin, Indonesia", "contact": {"facebook": "1405963547", "twitter": "nnunay"}, "firstName": "Nonie", "tips": {"count": 0}, "gender": "female", "lastName": "Unaay", "lists": {"groups": [{"count": 2, "type": "created", "items": []}]}, "bio": "Keep shut my mouth up!"}, {"id": "6890753", "photo": {"prefix": "https://igx.4sqi.net/img/user/", "suffix": "/PLDDIB2ERTWBZQGJ.jpg"}, "homeCity": "Singapura", "contact": {"facebook": "100000232806608"}, "firstName": "White", "tips": {"count": 0}, "gender": "male", "lastName": "The Devil", "lists": {"groups": [{"count": 2, "type": "created", "items": []}]}, "bio": ""}, {"id": "3565959", "photo": {"prefix": "https://igx.4sqi.net/img/user/", "suffix": "/KUGBGW1Y0UMEIB5Z.jpg"}, "homeCity": "Singapore", "contact": {"facebook": "100000005027881"}, "firstName": "Jiexin", "tips": {"count": 0}, "gender": "female", "lastName": "Wee", "lists": {"groups": [{"count": 2, "type": "created", "items": []}]}, "bio": ""}, {"id": "5302117", "photo": {"prefix": "https://igx.4sqi.net/img/user/", "suffix": "/PDCEJA1CXBWD5R0B.jpg"}, "homeCity": "Singapore", "contact": {"facebook": "100000141444551"}, "firstName": "Ayintan", "tips": {"count": 1}, "gender": "female", "lastName": "Ichal", "lists": {"groups": [{"count": 2, "type": "created", "items": []}]}, "bio": ""}, {"id": "7296967", "photo": {"prefix": "https://igx.4sqi.net/img/user/", "suffix": "/K13ND4SNXXOIZ30E.jpg"}, "homeCity": "Singapore", "contact": {"facebook": "596110616"}, "firstName": "Kazman", "tips": {"count": 7}, "gender": "male", "lastName": "Danyal Eshaq", "lists": {"groups": [{"count": 2, "type": "created", "items": []}]}, "bio": ""}, {"id": "3638333", "photo": {"prefix": "https://igx.4sqi.net/img/user/", "suffix": "/WY3URVKIHZYBXBAU.jpg"}, "homeCity": "Singapore", "contact": {"facebook": "537248490"}, "firstName": "Misq", "tips": {"count": 0}, "gender": "female", "lastName": "Rebellcious", "lists": {"groups": [{"count": 2, "type": "created", "items": []}]}, "bio": ""}, {"id": "5306169", "photo": {"prefix": "https://igx.4sqi.net/img/user/", "suffix": "/BDBNKL0X1H2ZT0KF.jpg"}, "homeCity": "Singapore", "contact": {"facebook": "1513065511"}, "firstName": "Pipit", "tips": {"count": 0}, "gender": "male", "lastName": "Kia", "lists": {"groups": [{"count": 2, "type": "created", "items": []}]}, "bio": ""}, {"id": "3981549", "photo": {"prefix": "https://igx.4sqi.net/img/user/", "suffix": "/J5ECF2HCW3G3NDO4.jpg"}, "homeCity": "New York, NY", "contact": {}, "firstName": "WAN", "tips": {"count": 0}, "gender": "male", "lastName": "TOYOL", "lists": {"groups": [{"count": 2, "type": "created", "items": []}]}, "bio": ""}, {"id": "6095872", "photo": {"prefix": "https://igx.4sqi.net/img/user/", "suffix": "/YW1FHBRKXWXQBP51.jpg"}, "homeCity": "New York, NY", "contact": {}, "firstName": "Md", "tips": {"count": 0}, "gender": "male", "lastName": "Rifqi", "lists": {"groups": [{"count": 2, "type": "created", "items": []}]}, "bio": ""}, {"id": "4093332", "photo": {"prefix": "https://igx.4sqi.net/img/user/", "suffix": "/HLQIAZQDTM2UM4ES.jpg"}, "homeCity": "Singapore", "contact": {}, "firstName": "Shahrul", "tips": {"count": 0}, "gender": "male", "lastName": "Nizam", "lists": {"groups": [{"count": 2, "type": "created", "items": []}]}, "bio": ""}, {"id": "4110078", "photo": {"prefix": "https://igx.4sqi.net/img/user/", "suffix": "/X3TRTKBU0P4ZOXAL.jpg"}, "homeCity": "Singapore", "contact": {"facebook": "100000278981258"}, "firstName": "Kinn", "tips": {"count": 0}, "gender": "female", "lastName": "Yunyul", "lists": {"groups": [{"count": 2, "type": "created", "items": []}]}, "bio": ""}, {"id": "4748125", "photo": {"prefix": "https://igx.4sqi.net/img/user/", "suffix": "/ZVCKXUFRDVSC4LYE.jpg"}, "homeCity": "Singapore", "contact": {"facebook": "690095123", "twitter": "suenazty"}, "firstName": "Sueriyati", "tips": {"count": 0}, "gender": "female", "lists": {"groups": [{"count": 2, "type": "created", "items": []}]}, "bio": ""}, {"id": "5345097", "photo": {"prefix": "https://igx.4sqi.net/img/user/", "suffix": "/QPZVFEZ0PYQRFFA2.jpg"}, "homeCity": "Singapore", "contact": {"facebook": "100001434453396"}, "firstName": "Alif", "tips": {"count": 0}, "gender": "male", "lastName": "Taff", "lists": {"groups": [{"count": 2, "type": "created", "items": []}]}, "bio": ""}]}, "checksum": "0f770fdee612203779a4d9d55643edc73e282640"}}