{"notifications": [{"type": "notificationTray", "item": {"unreadCount": 0}}], "meta": {"requestId": "5966e145db04f528b1c1aa42", "code": 200}, "response": {"friends": {"count": 74, "items": [{"id": "2166028", "photo": {"prefix": "https://igx.4sqi.net/img/user/", "suffix": "/1JIHOZS3ETXYVBCW.png"}, "homeCity": "Sibgapore", "contact": {"facebook": "517838644", "twitter": "fredericsai"}, "firstName": "Frederic", "tips": {"count": 1}, "gender": "male", "lastName": "Sai", "lists": {"groups": [{"count": 3, "type": "created", "items": []}]}, "bio": ""}, {"id": "18986220", "photo": {"prefix": "https://igx.4sqi.net/img/user/", "suffix": "/YZF3GBOLS4XLXTAS.jpg"}, "homeCity": "\u9752\u68ee\u5e02, \u65e5\u672c", "contact": {"facebook": "613117193"}, "firstName": "Ren", "tips": {"count": 0}, "gender": "male", "lastName": "Sugaya", "lists": {"groups": [{"count": 2, "type": "created", "items": []}]}, "bio": ""}, {"id": "29001752", "photo": {"prefix": "https://igx.4sqi.net/img/user/", "suffix": "/29001752-4ZFNXT3APE44I3HK.jpg"}, "homeCity": "Philadelphia, PA", "contact": {"facebook": "14601410"}, "firstName": "Zaw Min", "tips": {"count": 0}, "gender": "none", "lastName": "Oo", "lists": {"groups": [{"count": 2, "type": "created", "items": []}]}, "bio": ""}, {"id": "4311170", "photo": {"prefix": "https://igx.4sqi.net/img/user/", "suffix": "/1OOZR3RGSBADRYHZ.jpg"}, "homeCity": "Singapore", "contact": {"facebook": "731105384"}, "firstName": "Joseph", "tips": {"count": 2}, "gender": "male", "lastName": "Wong", "lists": {"groups": [{"count": 2, "type": "created", "items": []}]}, "bio": ""}, {"id": "267257", "photo": {"prefix": "https://igx.4sqi.net/img/user/", "suffix": "/4RGFTUCVY0G40NAV.jpg"}, "homeCity": "Singapore", "contact": {"facebook": "1484827169", "twitter": "nike1125"}, "firstName": "Kenichi", "tips": {"count": 0}, "gender": "male", "lastName": "Nishimura", "lists": {"groups": [{"count": 2, "type": "created", "items": []}]}, "bio": ""}, {"id": "37218006", "photo": {"prefix": "https://igx.4sqi.net/img/user/", "suffix": "/DPP5PYF02I5VYIBQ.jpg"}, "homeCity": "New York, NY", "contact": {"facebook": "795670231"}, "firstName": "Sam Viet-Trieu", "tips": {"count": 0}, "gender": "male", "lastName": "Huynh", "lists": {"groups": [{"count": 2, "type": "created", "items": []}]}, "bio": ""}, {"id": "28464600", "photo": {"prefix": "https://igx.4sqi.net/img/user/", "suffix": "/LZBEOG4EDR3UG0XF.jpg"}, "homeCity": "Elmhurst, NY", "contact": {"facebook": "13802765"}, "firstName": "Shu", "tips": {"count": 0}, "gender": "male", "lastName": "Maung", "lists": {"groups": [{"count": 4, "type": "created", "items": []}]}, "bio": ""}, {"id": "12905637", "photo": {"prefix": "https://igx.4sqi.net/img/user/", "suffix": "/0WJF4HPECB4PGQ40.jpg"}, "homeCity": "Ann Arbor, MI", "contact": {"facebook": "618638707"}, "firstName": "Sokunpanha", "tips": {"count": 0}, "gender": "male", "lastName": "You", "lists": {"groups": [{"count": 2, "type": "created", "items": []}]}, "bio": ""}, {"id": "13844616", "photo": {"prefix": "https://igx.4sqi.net/img/user/", "suffix": "/X1URMBGAOLPJ52ZN.jpg"}, "homeCity": "Singapore", "contact": {"facebook": "625997827", "twitter": "dearsumonm"}, "firstName": "Su Mon", "tips": {"count": 2}, "gender": "female", "lastName": "M", "lists": {"groups": [{"count": 2, "type": "created", "items": []}]}, "bio": ""}, {"id": "14019882", "photo": {"prefix": "https://igx.4sqi.net/img/user/", "default": true, "suffix": "/blank_boy.png"}, "homeCity": "Singapore", "contact": {}, "firstName": "Samuel", "tips": {"count": 0}, "gender": "male", "lastName": "Wong", "lists": {"groups": [{"count": 2, "type": "created", "items": []}]}, "bio": ""}, {"id": "19463424", "photo": {"prefix": "https://igx.4sqi.net/img/user/", "suffix": "/19463424-XDDHXU4F2FLVXVAS.jpg"}, "homeCity": "singapore", "contact": {"facebook": "579633869", "twitter": "wyaung"}, "firstName": "Wai Yan", "tips": {"count": 3}, "gender": "male", "lastName": "Aung", "lists": {"groups": [{"count": 2, "type": "created", "items": []}]}, "bio": ""}, {"id": "5561341", "photo": {"prefix": "https://igx.4sqi.net/img/user/", "suffix": "/JU03KWAOCH2TR4Q4.jpg"}, "homeCity": "Singapore", "contact": {"facebook": "504868137"}, "firstName": "Lenz", "tips": {"count": 0}, "gender": "male", "lastName": "Wong", "lists": {"groups": [{"count": 2, "type": "created", "items": []}]}, "bio": ""}, {"id": "1922370", "photo": {"prefix": "https://igx.4sqi.net/img/user/", "suffix": "/PSCH2QYMQVRBUA3S.jpg"}, "homeCity": "Hong Kong", "contact": {"facebook": "602036147", "twitter": "saikaon"}, "firstName": "\u6069\u6069\u8c6c", "tips": {"count": 44}, "gender": "male", "lists": {"groups": [{"count": 2, "type": "created", "items": []}]}, "bio": ""}, {"id": "47266483", "photo": {"prefix": "https://igx.4sqi.net/img/user/", "suffix": "/BJAGKBE2NPQUQKPM.jpg"}, "homeCity": "New York, NY", "contact": {"facebook": "651454847"}, "firstName": "Raymond", "tips": {"count": 0}, "gender": "male", "lastName": "Aung", "lists": {"groups": [{"count": 2, "type": "created", "items": []}]}, "bio": ""}, {"id": "3903579", "photo": {"prefix": "https://igx.4sqi.net/img/user/", "suffix": "/CP5ZCRCXU5ITFNGM.jpg"}, "homeCity": "Singapore", "contact": {"facebook": "582391189", "twitter": "quentinwsc"}, "firstName": "Quentin", "tips": {"count": 1}, "gender": "male", "lastName": "Wong", "lists": {"groups": [{"count": 2, "type": "created", "items": []}]}, "bio": ""}, {"id": "756487", "photo": {"prefix": "https://igx.4sqi.net/img/user/", "suffix": "/1QORPSNKDA5L31J4.jpg"}, "homeCity": "Singapore", "contact": {}, "firstName": "Yuliana", "tips": {"count": 5}, "gender": "female", "lists": {"groups": [{"count": 2, "type": "created", "items": []}]}, "bio": ""}, {"id": "986415", "photo": {"prefix": "https://igx.4sqi.net/img/user/", "suffix": "/ELZQHMMFILGUAERZ.jpg"}, "homeCity": "Hong Kong", "contact": {"facebook": "2305718", "twitter": "king_msu"}, "firstName": "King", "tips": {"count": 13}, "gender": "male", "lastName": "Leung", "lists": {"groups": [{"count": 2, "type": "created", "items": []}]}, "bio": ""}, {"id": "1894362", "photo": {"prefix": "https://igx.4sqi.net/img/user/", "suffix": "/ECDCAEVZRIDKQE0M.jpg"}, "homeCity": "Singapore", "contact": {"facebook": "612531468"}, "firstName": "Shunhao", "tips": {"count": 0}, "gender": "male", "lastName": "Ng", "lists": {"groups": [{"count": 2, "type": "created", "items": []}]}, "bio": ""}, {"id": "820256", "photo": {"prefix": "https://igx.4sqi.net/img/user/", "suffix": "/GCWTAXTGGMMA23LI.jpg"}, "homeCity": "Birmingham, UK", "contact": {}, "firstName": "DJ", "tips": {"count": 20}, "gender": "none", "lists": {"groups": [{"count": 11, "type": "created", "items": []}]}, "bio": ""}, {"id": "860445", "photo": {"prefix": "https://igx.4sqi.net/img/user/", "suffix": "/JNR5NQXILLYK4K1P.jpg"}, "homeCity": "Singapore", "contact": {"facebook": "813890183", "twitter": "r8x"}, "firstName": "Aaron", "tips": {"count": 4}, "gender": "male", "lastName": "Wei", "lists": {"groups": [{"count": 2, "type": "created", "items": []}]}, "bio": ""}, {"id": "3267503", "photo": {"prefix": "https://igx.4sqi.net/img/user/", "suffix": "/1USQHP4HEHRRATHA.jpg"}, "homeCity": "Singapore", "contact": {"facebook": "100000247170978"}, "firstName": "Arthur", "tips": {"count": 0}, "gender": "male", "lastName": "Shui", "lists": {"groups": [{"count": 2, "type": "created", "items": []}]}, "bio": ""}, {"id": "33795060", "photo": {"prefix": "https://igx.4sqi.net/img/user/", "suffix": "/HW2POQWTMQQ4TNNG.jpg"}, "homeCity": "Yangon, Myanmar", "contact": {}, "firstName": "Wai", "tips": {"count": 0}, "gender": "male", "lastName": "Min", "lists": {"groups": [{"count": 3, "type": "created", "items": []}]}, "bio": ""}, {"id": "29464137", "photo": {"prefix": "https://igx.4sqi.net/img/user/", "suffix": "/JIJ1J5VBM4RWFO0Y.jpg"}, "homeCity": "New York, NY", "contact": {"facebook": "760018625"}, "firstName": "Ke", "tips": {"count": 0}, "gender": "male", "lastName": "Zhong", "lists": {"groups": [{"count": 2, "type": "created", "items": []}]}, "bio": ""}, {"id": "6242779", "photo": {"prefix": "https://igx.4sqi.net/img/user/", "suffix": "/6242779_dmiZUDdR_yAwyIq1njd0cOqEaRHfZ-Yqm3KG_sjA9U0vNwVrUQWAMf41LDJ_bvtQMzVPIpxZQ.jpg"}, "homeCity": "\u7df4\u99ac\u533a, \u65e5\u672c", "contact": {}, "firstName": "Yusaku", "tips": {"count": 4}, "gender": "male", "lists": {"groups": [{"count": 2, "type": "created", "items": []}]}, "bio": ""}, {"id": "7104161", "photo": {"prefix": "https://igx.4sqi.net/img/user/", "default": true, "suffix": "/blank_girl.png"}, "homeCity": "\u65b0\u52a0\u5761, Singapore", "contact": {"facebook": "222100600", "twitter": "katloveshome"}, "firstName": "Kathryn", "tips": {"count": 0}, "gender": "female", "lastName": "Phyo", "lists": {"groups": [{"count": 2, "type": "created", "items": []}]}, "bio": ""}, {"id": "40433109", "photo": {"prefix": "https://igx.4sqi.net/img/user/", "suffix": "/40433109-JAJEYRW5BBIJMUZZ"}, "homeCity": "Yangon, Myanmar", "contact": {"facebook": "803734507"}, "firstName": "Jeffrey", "tips": {"count": 2}, "gender": "male", "lastName": "Yap", "lists": {"groups": [{"count": 2, "type": "created", "items": []}]}, "bio": ""}, {"id": "19147708", "photo": {"prefix": "https://igx.4sqi.net/img/user/", "suffix": "/QULWBZLQ1ZAOAL4Z.jpg"}, "homeCity": "\u795e\u6238\u5e02, \u65e5\u672c", "contact": {"facebook": "500616990", "twitter": "tk5884"}, "firstName": "Teppei", "tips": {"count": 0}, "gender": "male", "lastName": "Kobayashi", "lists": {"groups": [{"count": 2, "type": "created", "items": []}]}, "bio": ""}, {"id": "23575402", "photo": {"prefix": "https://igx.4sqi.net/img/user/", "suffix": "/WDPTCSPBG3C20GQJ.jpg"}, "homeCity": "Singapore", "contact": {"facebook": "1411126716"}, "firstName": "Thiri amk", "tips": {"count": 8}, "gender": "female", "lists": {"groups": [{"count": 2, "type": "created", "items": []}]}, "bio": ""}, {"id": "30363634", "photo": {"prefix": "https://igx.4sqi.net/img/user/", "suffix": "/LRIU1V51BEFDDX2P.jpg"}, "homeCity": "Taipei", "contact": {}, "firstName": "Greg", "tips": {"count": 0}, "gender": "male", "lastName": "Tsai", "lists": {"groups": [{"count": 2, "type": "created", "items": []}]}, "bio": ""}, {"id": "6107864", "photo": {"prefix": "https://igx.4sqi.net/img/user/", "suffix": "/VPLLCFLOXG23JJNA.jpg"}, "homeCity": "Singapore", "contact": {"facebook": "544231914", "twitter": "khinetdin"}, "firstName": "kiko", "tips": {"count": 1}, "gender": "female", "lists": {"groups": [{"count": 2, "type": "created", "items": []}]}, "bio": "-"}, {"id": "2255772", "photo": {"prefix": "https://igx.4sqi.net/img/user/", "suffix": "/UOLGK3SDSW0EMT1G.jpg"}, "homeCity": "Singapore", "contact": {"facebook": "544746578"}, "firstName": "Jargee", "tips": {"count": 0}, "gender": "male", "lastName": "Martin", "lists": {"groups": [{"count": 2, "type": "created", "items": []}]}, "bio": ""}, {"id": "3927485", "photo": {"prefix": "https://igx.4sqi.net/img/user/", "suffix": "/ADS14K2EOXRSG3QG.jpg"}, "homeCity": "Singapore", "contact": {"facebook": "757753563", "twitter": "martinslayer"}, "firstName": "Myo", "tips": {"count": 6}, "gender": "male", "lastName": "Martin", "lists": {"groups": [{"count": 2, "type": "created", "items": []}]}, "bio": ""}, {"id": "3451769", "photo": {"prefix": "https://igx.4sqi.net/img/user/", "default": true, "suffix": "/blank_girl.png"}, "homeCity": "Singapore", "contact": {}, "firstName": "Noon", "tips": {"count": 0}, "gender": "female", "lastName": "Yuki", "lists": {"groups": [{"count": 2, "type": "created", "items": []}]}, "bio": ""}, {"id": "3124024", "photo": {"prefix": "https://igx.4sqi.net/img/user/", "suffix": "/IUETJ0BYZRJN5ZV4.jpg"}, "homeCity": "Singapore ", "contact": {"facebook": "1223013356", "twitter": "zinkohlaing"}, "firstName": "Zin Ko", "tips": {"count": 27}, "gender": "male", "lastName": "Hlaing", "lists": {"groups": [{"count": 3, "type": "created", "items": []}]}, "bio": "Wanderer"}, {"id": "4585255", "photo": {"prefix": "https://igx.4sqi.net/img/user/", "suffix": "/NN42BJELSIG3UB2P.jpg"}, "homeCity": "California, USA", "contact": {}, "firstName": "Jarod G.R.", "tips": {"count": 0}, "gender": "male", "lastName": "Meng", "lists": {"groups": [{"count": 2, "type": "created", "items": []}]}, "bio": ""}, {"id": "9060652", "photo": {"prefix": "https://igx.4sqi.net/img/user/", "suffix": "/3YETWKLCVVDN0LLT.jpg"}, "homeCity": "Singapore", "contact": {"facebook": "100002050273163", "twitter": "chart_121"}, "firstName": "chart", "tips": {"count": 0}, "gender": "male", "lastName": "mp", "lists": {"groups": [{"count": 2, "type": "created", "items": []}]}, "bio": ""}, {"id": "1188261", "photo": {"prefix": "https://igx.4sqi.net/img/user/", "suffix": "/ZYND0RVZJF0XX0C3.jpg"}, "homeCity": "Singapore", "contact": {"facebook": "1420211650", "twitter": "taungoo_thar"}, "firstName": "aung", "tips": {"count": 10}, "gender": "male", "lists": {"groups": [{"count": 2, "type": "created", "items": []}]}, "bio": ""}, {"id": "3320879", "photo": {"prefix": "https://igx.4sqi.net/img/user/", "suffix": "/YT5MAOBYDEBCTXFB.jpg"}, "homeCity": "Singapore", "contact": {"facebook": "1041623769", "twitter": "mrlinnth"}, "firstName": "linnth", "tips": {"count": 3}, "gender": "male", "lastName": "YAN LINN THOR", "lists": {"groups": [{"count": 2, "type": "created", "items": []}]}, "bio": ""}, {"id": "41308090", "photo": {"prefix": "https://igx.4sqi.net/img/user/", "suffix": "/O5GWH2LEFGZKWLXH.jpg"}, "homeCity": "New York, NY", "contact": {"facebook": "227700428"}, "firstName": "Shirley", "tips": {"count": 1}, "gender": "female", "lastName": "Wynn", "lists": {"groups": [{"count": 2, "type": "created", "items": []}]}, "bio": ""}, {"id": "10034418", "photo": {"prefix": "https://igx.4sqi.net/img/user/", "suffix": "/52IA0CVCN3EPLPSI.jpg"}, "homeCity": "\uc218\uc6d0\uc2dc, \ub300\ud55c\ubbfc\uad6d", "contact": {"facebook": "100000954096422", "twitter": "showman198"}, "firstName": "JaeKwon", "tips": {"count": 4}, "gender": "male", "lastName": "Lee", "lists": {"groups": [{"count": 2, "type": "created", "items": []}]}, "bio": ""}, {"id": "8400793", "photo": {"prefix": "https://igx.4sqi.net/img/user/", "suffix": "/CPBRR5PQUWVXNOOD.jpg"}, "homeCity": "Singapore", "contact": {"facebook": "780943372"}, "firstName": "sharon", "tips": {"count": 0}, "gender": "female", "lastName": "jieling", "lists": {"groups": [{"count": 2, "type": "created", "items": []}]}, "bio": ""}, {"id": "24284935", "photo": {"prefix": "https://igx.4sqi.net/img/user/", "suffix": "/24284935-DXKJTWCVIZR5OZPE.jpg"}, "homeCity": "Kingston, JAMAICA", "contact": {"facebook": "1149277968432527", "twitter": "thu_ya"}, "firstName": "Thu", "tips": {"count": 23}, "gender": "male", "lastName": "Ya", "lists": {"groups": [{"count": 2, "type": "created", "items": []}]}, "bio": ""}, {"id": "66217248", "photo": {"prefix": "https://igx.4sqi.net/img/user/", "suffix": "/H4T2JHNHPWOWNXGD.jpg"}, "homeCity": "Los Angeles, CA", "contact": {"facebook": "625925607"}, "firstName": "Yee Mon", "tips": {"count": 0}, "gender": "female", "lastName": "Oo", "lists": {"groups": [{"count": 2, "type": "created", "items": []}]}, "bio": ""}, {"id": "20730677", "photo": {"prefix": "https://igx.4sqi.net/img/user/", "suffix": "/1HBBL24XS3JTV4NX.jpg"}, "homeCity": "Elmhurst, NY", "contact": {"facebook": "227700098", "twitter": "justinseinlin"}, "firstName": "Justin", "tips": {"count": 2}, "gender": "male", "lastName": "Lin", "lists": {"groups": [{"count": 2, "type": "created", "items": []}]}, "bio": ""}, {"id": "2258520", "photo": {"prefix": "https://igx.4sqi.net/img/user/", "suffix": "/2258520-JURZIWGPA0QAPSBS.jpg"}, "homeCity": "Condet, Jakarta", "contact": {"facebook": "1658995934", "twitter": "tongkito"}, "firstName": "Agung", "tips": {"count": 18}, "gender": "male", "lastName": "Hadiyanto", "lists": {"groups": [{"count": 2, "type": "created", "items": []}]}, "bio": ""}, {"id": "3932226", "photo": {"prefix": "https://igx.4sqi.net/img/user/", "suffix": "/0YCWKFF1C4SDGF3I.jpg"}, "homeCity": "Singapore", "contact": {"facebook": "1158212799", "twitter": "arkid0"}, "firstName": "Kyaw", "tips": {"count": 3}, "gender": "male", "lastName": "Moe Hein", "lists": {"groups": [{"count": 2, "type": "created", "items": []}]}, "bio": "Final year student at School of Information Systems, Singapore Management University..."}, {"id": "48824593", "photo": {"prefix": "https://igx.4sqi.net/img/user/", "suffix": "/DPU5KSU0EZIFNUY0.jpg"}, "homeCity": "Manchester", "contact": {"facebook": "527043285"}, "firstName": "Zhazira", "tips": {"count": 0}, "gender": "female", "lastName": "Zhanadin", "lists": {"groups": [{"count": 2, "type": "created", "items": []}]}, "bio": ""}, {"id": "4686126", "photo": {"prefix": "https://igx.4sqi.net/img/user/", "suffix": "/2PLJD3OHN3ETW1NC.jpg"}, "homeCity": "Singapore", "contact": {}, "firstName": "Zayar", "tips": {"count": 0}, "gender": "male", "lastName": "Tun", "lists": {"groups": [{"count": 2, "type": "created", "items": []}]}, "bio": ""}, {"id": "81163320", "photo": {"prefix": "https://igx.4sqi.net/img/user/", "suffix": "/81163320-KM2TN3TLMLSUQSQQ.jpg"}, "homeCity": "Seoul, 11", "contact": {"facebook": "554394012"}, "firstName": "Seokhwan", "tips": {"count": 0}, "gender": "male", "lastName": "Huh", "lists": {"groups": [{"count": 2, "type": "created", "items": []}]}, "bio": ""}, {"id": "56435798", "photo": {"prefix": "https://igx.4sqi.net/img/user/", "default": true, "suffix": "/blank_boy.png"}, "homeCity": "Singapore", "contact": {"facebook": "742064379"}, "firstName": "Daniel", "tips": {"count": 1}, "gender": "male", "lastName": "Koh", "lists": {"groups": [{"count": 2, "type": "created", "items": []}]}, "bio": ""}, {"id": "2419078", "photo": {"prefix": "https://igx.4sqi.net/img/user/", "suffix": "/RP0HO5HFSC3CCWKO.jpg"}, "homeCity": "Singapore", "contact": {"facebook": "621690448"}, "firstName": "Paul", "tips": {"count": 1}, "gender": "male", "lastName": "Chua", "lists": {"groups": [{"count": 2, "type": "created", "items": []}]}, "bio": ""}, {"id": "3386142", "photo": {"prefix": "https://igx.4sqi.net/img/user/", "default": true, "suffix": "/blank_boy.png"}, "homeCity": "Singapore", "contact": {"facebook": "644487689", "twitter": "kakishiz"}, "firstName": "Benz", "tips": {"count": 5}, "gender": "male", "lastName": "Kakishiz", "lists": {"groups": [{"count": 2, "type": "created", "items": []}]}, "bio": ""}, {"id": "66670089", "photo": {"prefix": "https://igx.4sqi.net/img/user/", "suffix": "/CG3LNIPDB3QWAHDX.jpg"}, "homeCity": "Shenzhen, Guangdong", "contact": {"facebook": "692692090"}, "firstName": "Chunmei", "tips": {"count": 0}, "gender": "female", "lastName": "Chen", "lists": {"groups": [{"count": 2, "type": "created", "items": []}]}, "bio": ""}, {"id": "20842707", "photo": {"prefix": "https://igx.4sqi.net/img/user/", "suffix": "/4PWEEPPJRPZGZYA5.jpg"}, "homeCity": "New York, NY", "contact": {"facebook": "675608360"}, "firstName": "Winston", "tips": {"count": 0}, "gender": "male", "lastName": "Hsieh", "lists": {"groups": [{"count": 2, "type": "created", "items": []}]}, "bio": ""}, {"id": "2285678", "photo": {"prefix": "https://igx.4sqi.net/img/user/", "suffix": "/45A2QS3NXTE5TH03.jpg"}, "homeCity": "Singapore", "contact": {"facebook": "501869922"}, "firstName": "Stan", "tips": {"count": 21}, "gender": "male", "lastName": "Yu", "lists": {"groups": [{"count": 2, "type": "created", "items": []}]}, "bio": ""}, {"id": "5244938", "photo": {"prefix": "https://igx.4sqi.net/img/user/", "suffix": "/FSPGKNH5MJF5R3YI.jpg"}, "homeCity": "Singapore", "contact": {"twitter": "shiny"}, "firstName": "Shiny", "tips": {"count": 0}, "gender": "female", "lastName": "Lim", "lists": {"groups": [{"count": 2, "type": "created", "items": []}]}, "bio": ""}, {"id": "9109299", "photo": {"prefix": "https://igx.4sqi.net/img/user/", "suffix": "/XWFJKYS1U4UU14IG.jpg"}, "homeCity": "Singapore", "contact": {"facebook": "100000752540699"}, "firstName": "Myo Ko", "tips": {"count": 5}, "gender": "male", "lastName": "Ko", "lists": {"groups": [{"count": 2, "type": "created", "items": []}]}, "bio": ""}, {"id": "86833386", "photo": {"prefix": "https://igx.4sqi.net/img/user/", "suffix": "/86833386-OM2JCJPTBQNVQCTY.jpg"}, "homeCity": "Chung-ho, Taipei", "contact": {"facebook": "1376889698"}, "firstName": "Thant", "tips": {"count": 0}, "gender": "male", "lastName": "Zin Linn", "lists": {"groups": [{"count": 2, "type": "created", "items": []}]}, "bio": ""}, {"id": "2720517", "photo": {"prefix": "https://igx.4sqi.net/img/user/", "default": true, "suffix": "/blank_boy.png"}, "homeCity": "Singapore", "contact": {"facebook": "686540175"}, "firstName": "Jeffire", "tips": {"count": 0}, "gender": "male", "lastName": "Yang", "lists": {"groups": [{"count": 2, "type": "created", "items": []}]}, "bio": ""}, {"id": "3431615", "photo": {"prefix": "https://igx.4sqi.net/img/user/", "suffix": "/KOYH1IUSYFAZ1IYZ.jpg"}, "homeCity": "Yangon", "contact": {"facebook": "603181026"}, "firstName": "William", "tips": {"count": 0}, "gender": "male", "lastName": "Ye Lwin Oo Lim", "lists": {"groups": [{"count": 2, "type": "created", "items": []}]}, "bio": ""}, {"id": "2804584", "photo": {"prefix": "https://igx.4sqi.net/img/user/", "suffix": "/NCERG25AWGAWK1LG.jpg"}, "homeCity": "\u6e0b\u8c37\u533a, \u65e5\u672c", "contact": {"facebook": "754616098", "twitter": "ttsuzo"}, "firstName": "tsuyoshi", "tips": {"count": 0}, "gender": "male", "lastName": "chujo", "lists": {"groups": [{"count": 2, "type": "created", "items": []}]}, "bio": ""}, {"id": "11270818", "photo": {"prefix": "https://igx.4sqi.net/img/user/", "suffix": "/11270818-SJWLMAPJ3DYPP3XX.jpg"}, "homeCity": "Singapore", "contact": {"facebook": "656546919"}, "firstName": "Stephen", "tips": {"count": 0}, "gender": "male", "lastName": "Ke", "lists": {"groups": [{"count": 2, "type": "created", "items": []}]}, "bio": ""}, {"id": "87869601", "photo": {"prefix": "https://igx.4sqi.net/img/user/", "suffix": "/87869601-XHQQYYISIEM430OC.jpg"}, "homeCity": "Taipei, Taiwan", "contact": {"facebook": "1009975199"}, "firstName": "Yen-Po", "tips": {"count": 0}, "gender": "male", "lastName": "Hsu", "lists": {"groups": [{"count": 2, "type": "created", "items": []}]}, "bio": ""}, {"id": "3567864", "photo": {"prefix": "https://igx.4sqi.net/img/user/", "suffix": "/3MI2RJVCXPOK10HZ.jpg"}, "homeCity": "Irvine", "contact": {}, "firstName": "Thinny", "tips": {"count": 0}, "gender": "female", "lastName": "Aung", "lists": {"groups": [{"count": 2, "type": "created", "items": []}]}, "bio": ""}, {"id": "3502257", "photo": {"prefix": "https://igx.4sqi.net/img/user/", "suffix": "/5TWRWUV0FJQJDTGU.jpg"}, "homeCity": "Singapore", "contact": {"facebook": "715286417", "twitter": "htin_kyaw"}, "firstName": "Stefen", "tips": {"count": 2}, "gender": "male", "lastName": "Htin", "lists": {"groups": [{"count": 2, "type": "created", "items": []}]}, "bio": ""}, {"id": "16239459", "photo": {"prefix": "https://igx.4sqi.net/img/user/", "suffix": "/P0LGDDS2A3ZK0J4M.jpg"}, "homeCity": "Toulouse, France", "contact": {"facebook": "615128218"}, "firstName": "Jean-Nicolas", "tips": {"count": 4}, "gender": "male", "lastName": "Lussiana", "lists": {"groups": [{"count": 2, "type": "created", "items": []}]}, "bio": ""}, {"id": "4603797", "photo": {"prefix": "https://igx.4sqi.net/img/user/", "suffix": "/H1SB5QTMWIAYBXEW.jpg"}, "homeCity": "Singapore", "contact": {"facebook": "564703680"}, "firstName": "Yuzhou", "tips": {"count": 3}, "gender": "male", "lastName": "Li", "lists": {"groups": [{"count": 2, "type": "created", "items": []}]}, "bio": ""}, {"id": "3729600", "photo": {"prefix": "https://igx.4sqi.net/img/user/", "suffix": "/31AMH0SXKSE4DD5W.jpg"}, "homeCity": "Johor Bahru, Malaysia", "contact": {"facebook": "572229898"}, "firstName": "Kevin", "tips": {"count": 2}, "gender": "male", "lastName": "Lau", "lists": {"groups": [{"count": 2, "type": "created", "items": []}]}, "bio": ""}, {"id": "5904165", "photo": {"prefix": "https://igx.4sqi.net/img/user/", "suffix": "/I3M1A2ZFG2XTMLCB.jpg"}, "homeCity": "\uc11c\uc6b8\ud2b9\ubcc4\uc2dc, \ub300\ud55c\ubbfc\uad6d", "contact": {"facebook": "693090160"}, "firstName": "Jung Eun", "tips": {"count": 24}, "gender": "female", "lastName": "Im", "lists": {"groups": [{"count": 2, "type": "created", "items": []}]}, "bio": ""}, {"id": "5527144", "photo": {"prefix": "https://igx.4sqi.net/img/user/", "suffix": "/TREODLS0EPFG4M4F.jpg"}, "homeCity": "Johor Bahru, Malaysia", "contact": {"facebook": "687425738", "twitter": "oluwolealabi"}, "firstName": "Olu", "tips": {"count": 11}, "gender": "male", "lastName": "Alabi", "lists": {"groups": [{"count": 2, "type": "created", "items": []}]}, "bio": ""}, {"id": "8650120", "photo": {"prefix": "https://igx.4sqi.net/img/user/", "suffix": "/FZXL2TNC5LCZQCFJ.jpg"}, "homeCity": "Singapore", "contact": {}, "firstName": "Darryl", "tips": {"count": 1}, "gender": "male", "lastName": "Ng", "lists": {"groups": [{"count": 2, "type": "created", "items": []}]}, "bio": ""}, {"id": "5990915", "photo": {"prefix": "https://igx.4sqi.net/img/user/", "suffix": "/LC15MVZN0BMHWSQA.jpg"}, "homeCity": "Singapore", "contact": {"facebook": "1448427306"}, "firstName": "Pyinnyar Kyaw", "tips": {"count": 0}, "gender": "male", "lastName": "Kyaw", "lists": {"groups": [{"count": 2, "type": "created", "items": []}]}, "bio": ""}, {"id": "31401431", "photo": {"prefix": "https://igx.4sqi.net/img/user/", "suffix": "/31401431-UIECLWZKRNWZWZDQ.jpg"}, "homeCity": "Yokohama", "contact": {"facebook": "1587818345", "twitter": "yumaog168"}, "firstName": "\u3086\u307e\u304a\u3050", "tips": {"count": 3}, "gender": "male", "lists": {"groups": [{"count": 2, "type": "created", "items": []}]}, "bio": ""}, {"id": "8534058", "photo": {"prefix": "https://igx.4sqi.net/img/user/", "suffix": "/CCDYJ5YXMG2BLX1W.jpg"}, "homeCity": "\u5317\u533a, \u65e5\u672c", "contact": {"facebook": "561679010"}, "firstName": "Yutaro", "tips": {"count": 0}, "gender": "male", "lastName": "Minami", "lists": {"groups": [{"count": 2, "type": "created", "items": []}]}, "bio": ""}]}, "checksum": "5c62fc7b2161a902f48f5ba22a61e75df3be7bf1"}}