{"notifications": [{"type": "notificationTray", "item": {"unreadCount": 0}}], "response": {"friends": {"items": [{"tips": {"count": 0}, "contact": {"facebook": "641014155"}, "firstName": "M", "gender": "female", "lastName": "Lee", "id": "1360403", "bio": "", "photo": {"prefix": "https://igx.4sqi.net/img/user/", "suffix": "/F2TPSFP01WDGLX0S.jpg"}, "homeCity": "Singapore", "lists": {"groups": [{"items": [], "count": 2, "type": "created"}]}}, {"tips": {"count": 5}, "contact": {"facebook": "631583836"}, "firstName": "cluboxed", "gender": "male", "lastName": "ix", "id": "4310878", "bio": "", "photo": {"prefix": "https://igx.4sqi.net/img/user/", "suffix": "/KIJ2UJO3O44G5YD3.jpg"}, "homeCity": "Singapore", "lists": {"groups": [{"items": [], "count": 2, "type": "created"}]}}, {"tips": {"count": 8}, "contact": {"twitter": "feedonlove", "facebook": "787288266"}, "firstName": "Cyntherea", "gender": "female", "lastName": "Cheng", "id": "6810225", "bio": "", "photo": {"prefix": "https://igx.4sqi.net/img/user/", "suffix": "/TV3B0QP0T2GIFBNG.jpg"}, "homeCity": "New York, NY", "lists": {"groups": [{"items": [], "count": 2, "type": "created"}]}}, {"tips": {"count": 3}, "contact": {}, "firstName": "weiming", "gender": "male", "id": "3509576", "bio": "", "photo": {"prefix": "https://igx.4sqi.net/img/user/", "suffix": "/T34WUQLBGXB414YD.jpg"}, "homeCity": "tampines new town", "lists": {"groups": [{"items": [], "count": 2, "type": "created"}]}}, {"tips": {"count": 4}, "contact": {"twitter": "djpalu420", "facebook": "100001609059229"}, "firstName": "!DJ Palu", "gender": "female", "id": "25469263", "bio": "DJ Palu in the houseee! Hollaaaaa~!", "photo": {"prefix": "https://igx.4sqi.net/img/user/", "suffix": "/BJYJHJ5MF3LGWDGW.jpg"}, "homeCity": "Http://Paul.com.sg", "lists": {"groups": [{"items": [], "count": 3, "type": "created"}]}}, {"tips": {"count": 0}, "contact": {}, "firstName": "Jasmine", "gender": "female", "lastName": "Tan", "id": "8945844", "bio": "", "photo": {"prefix": "https://igx.4sqi.net/img/user/", "suffix": "/blank_girl.png", "default": true}, "homeCity": "Singapore", "lists": {"groups": [{"items": [], "count": 2, "type": "created"}]}}, {"tips": {"count": 4}, "contact": {}, "firstName": "jason", "gender": "male", "lastName": "ng", "id": "4268868", "bio": "", "photo": {"prefix": "https://igx.4sqi.net/img/user/", "suffix": "/IJ4FT0YLYDZFZWGH.jpg"}, "homeCity": "Singapore", "lists": {"groups": [{"items": [], "count": 2, "type": "created"}]}}, {"tips": {"count": 1}, "contact": {"facebook": "526537680"}, "firstName": "Felix", "gender": "male", "lastName": "Lin", "id": "517906", "bio": "", "photo": {"prefix": "https://igx.4sqi.net/img/user/", "suffix": "/PCXGLYYVUG1Y5JZE.jpg"}, "homeCity": "Kembangan, Singapore", "lists": {"groups": [{"items": [], "count": 2, "type": "created"}]}}, {"tips": {"count": 7}, "contact": {"twitter": "h4ppypills", "facebook": "1241377342"}, "firstName": "Fiona", "gender": "female", "lastName": "Ylt", "id": "5504692", "bio": "", "photo": {"prefix": "https://igx.4sqi.net/img/user/", "suffix": "/CWZ3O323ROYG3R0C.jpg"}, "homeCity": "Singapore", "lists": {"groups": [{"items": [], "count": 3, "type": "created"}]}}, {"tips": {"count": 5}, "contact": {"facebook": "682414018"}, "firstName": "Esther", "gender": "female", "lastName": "Yew", "id": "1621626", "bio": "", "photo": {"prefix": "https://igx.4sqi.net/img/user/", "suffix": "/EETR0IORALCA41H4.jpg"}, "homeCity": "Singapore", "lists": {"groups": [{"items": [], "count": 2, "type": "created"}]}}, {"tips": {"count": 12}, "contact": {"twitter": "seemonslim"}, "firstName": "Simon", "gender": "male", "lastName": "Lim", "id": "657929", "bio": "", "photo": {"prefix": "https://igx.4sqi.net/img/user/", "suffix": "/NKPPSX5JYKUMMXCA.jpg"}, "homeCity": "Singapore", "lists": {"groups": [{"items": [], "count": 2, "type": "created"}]}}, {"tips": {"count": 0}, "contact": {"facebook": "1402476117"}, "firstName": "Kelvin", "gender": "male", "lastName": "Lee", "id": "1236287", "bio": "", "photo": {"prefix": "https://igx.4sqi.net/img/user/", "suffix": "/EZLDC2XQOO0KPB41.jpg"}, "homeCity": "Paya Lebar, Singapore", "lists": {"groups": [{"items": [], "count": 2, "type": "created"}]}}, {"tips": {"count": 0}, "contact": {}, "firstName": "amanda", "gender": "female", "lastName": "Wanda", "id": "3479413", "bio": "", "photo": {"prefix": "https://igx.4sqi.net/img/user/", "suffix": "/blank_girl.png", "default": true}, "homeCity": "Singapore", "lists": {"groups": [{"items": [], "count": 2, "type": "created"}]}}, {"tips": {"count": 6}, "contact": {"twitter": "missvania", "facebook": "722953387"}, "firstName": "Vanessa", "gender": "female", "lastName": "Ng", "id": "325047", "bio": "", "photo": {"prefix": "https://igx.4sqi.net/img/user/", "suffix": "/blank_girl.png", "default": true}, "homeCity": "Sengkang, Singapore", "lists": {"groups": [{"items": [], "count": 5, "type": "created"}]}}, {"tips": {"count": 0}, "contact": {"facebook": "613245801"}, "firstName": "Jason", "gender": "male", "lastName": "Lee", "id": "3808019", "bio": "", "photo": {"prefix": "https://igx.4sqi.net/img/user/", "suffix": "/PIBOF1BXBK2SWRHN.jpg"}, "homeCity": "Singapore", "lists": {"groups": [{"items": [], "count": 2, "type": "created"}]}}, {"tips": {"count": 4}, "contact": {"twitter": "christybellx", "facebook": "10156506626465212"}, "firstName": "Christy Bell", "gender": "female", "lastName": "Goh", "id": "1730835", "bio": "", "photo": {"prefix": "https://igx.4sqi.net/img/user/", "suffix": "/E0DGZOXLS1KH2CQ3.jpg"}, "homeCity": "Singapore", "lists": {"groups": [{"items": [], "count": 2, "type": "created"}]}}, {"tips": {"count": 4}, "contact": {}, "firstName": "Alien", "gender": "male", "lastName": "TYC", "id": "160440", "bio": "", "photo": {"prefix": "https://igx.4sqi.net/img/user/", "suffix": "/YLSQLXUVFCEWJPAB.jpg"}, "homeCity": "Singapore, Singapore", "lists": {"groups": [{"items": [], "count": 2, "type": "created"}]}}, {"tips": {"count": 116}, "contact": {"twitter": "takman1210"}, "firstName": "Takman", "gender": "male", "id": "1188868", "bio": "\u4e16\u754c\u3092\u5f71\u304b\u3089\u3072\u3063\u305d\u308a\u652f\u3048\u308b\u3002\u5357\u306f\u91d1\u6ca2\u6587\u5eab\u304b\u3089\u5317\u306f\uff29\uff34\u307e\u3067\u30ab\u30d0\u30fc\u3002\u91d1\u6ca2\u6587\u5eab\u306e\u30a6\u30a3\u30ad\u30ea\u30fc\u30af\u30b9\u3068\u3082\u8a00\u308f\u308c\u3066\u3044\u308b\u3002\u306f\u3066\u306a\u5e02\u6c11\u3002", "photo": {"prefix": "https://igx.4sqi.net/img/user/", "suffix": "/PUUBAB01KJUVFZUQ.png"}, "homeCity": "\u6a2a\u6d5c\u3001\u6d77\u5074", "lists": {"groups": [{"items": [], "count": 4, "type": "created"}]}}, {"tips": {"count": 4}, "contact": {}, "firstName": "Aubrey", "gender": "female", "lastName": "T", "id": "228138", "bio": "", "photo": {"prefix": "https://igx.4sqi.net/img/user/", "suffix": "/NDHTLHHEMWDSGPSX.jpg"}, "homeCity": "Singapore", "lists": {"groups": [{"items": [], "count": 2, "type": "created"}]}}, {"tips": {"count": 1}, "contact": {}, "firstName": "Sham", "gender": "female", "lastName": "A. Bakar", "id": "2101990", "bio": "", "photo": {"prefix": "https://igx.4sqi.net/img/user/", "suffix": "/DCRKI4YFAMC4NQCN.jpg"}, "homeCity": "Singapore", "lists": {"groups": [{"items": [], "count": 2, "type": "created"}]}}, {"superuser": 2, "tips": {"count": 5}, "contact": {"twitter": "martinperry", "facebook": "688341687"}, "firstName": "Martin", "gender": "male", "lastName": "Perry", "id": "107252", "bio": "", "photo": {"prefix": "https://igx.4sqi.net/img/user/", "suffix": "/107252-OY3PFHIIIB3Z1SYA.jpg"}, "homeCity": "Singapore", "lists": {"groups": [{"items": [], "count": 2, "type": "created"}]}}, {"tips": {"count": 1}, "contact": {"facebook": "701055399"}, "firstName": "Darren", "gender": "male", "lastName": "Lee", "id": "4971460", "bio": "", "photo": {"prefix": "https://igx.4sqi.net/img/user/", "suffix": "/1MJDXZ0X1W5BGLD4.gif"}, "homeCity": "Singapore", "lists": {"groups": [{"items": [], "count": 2, "type": "created"}]}}, {"tips": {"count": 0}, "contact": {"facebook": "523118739"}, "firstName": "Susan", "gender": "female", "lastName": "Ng", "id": "4369242", "bio": "", "photo": {"prefix": "https://igx.4sqi.net/img/user/", "suffix": "/OE2GR1T5LHOLJKS0.jpg"}, "homeCity": "Singapore", "lists": {"groups": [{"items": [], "count": 2, "type": "created"}]}}, {"tips": {"count": 1}, "contact": {"twitter": "nabil6970469"}, "firstName": "Nabil", "gender": "male", "lastName": "Ishtiaq", "id": "11719175", "bio": "i would like to make friends with Singaporeans. if you are using BlackBerry kindly add my pin. Tks! 26C82257", "photo": {"prefix": "https://igx.4sqi.net/img/user/", "suffix": "/QRIMN0LZRI20IHG4.jpg"}, "homeCity": "Singapore", "lists": {"groups": [{"items": [], "count": 2, "type": "created"}]}}, {"tips": {"count": 1}, "contact": {"facebook": "662892881"}, "firstName": "See", "gender": "female", "lastName": "Jasmin", "id": "12830203", "bio": "", "photo": {"prefix": "https://igx.4sqi.net/img/user/", "suffix": "/DDKLS4TUMMW3LYR2.jpg"}, "homeCity": "Singapore", "lists": {"groups": [{"items": [], "count": 2, "type": "created"}]}}, {"tips": {"count": 0}, "contact": {"facebook": "100000934681408"}, "firstName": "Dennis", "gender": "male", "lastName": "Wong", "id": "12035715", "bio": "", "photo": {"prefix": "https://igx.4sqi.net/img/user/", "suffix": "/blank_boy.png", "default": true}, "homeCity": "Singapore", "lists": {"groups": [{"items": [], "count": 2, "type": "created"}]}}, {"tips": {"count": 0}, "contact": {"facebook": "533327895"}, "firstName": "Jeremy", "gender": "male", "lastName": "Soo", "id": "40095181", "bio": "", "photo": {"prefix": "https://igx.4sqi.net/img/user/", "suffix": "/T3XIMLOR2NN5NJFO.jpg"}, "homeCity": "Negeri Sembilan", "lists": {"groups": [{"items": [], "count": 2, "type": "created"}]}}, {"tips": {"count": 106}, "contact": {"facebook": "599146676"}, "firstName": "Jeffrey", "gender": "male", "lastName": "Teo", "id": "1392276", "bio": "", "photo": {"prefix": "https://igx.4sqi.net/img/user/", "suffix": "/OAH125ZJ3AEE0XOM.jpg"}, "homeCity": "Singapore", "lists": {"groups": [{"items": [], "count": 2, "type": "created"}]}}, {"tips": {"count": 0}, "contact": {"facebook": "1543213921"}, "firstName": "\u24be\u24e3\u24e9\u24b7\u24d4\u24dd\u2122", "gender": "male", "lastName": "\u24b8\u24d7\u24e4\u24d2\u24da\u30c5", "id": "5560407", "bio": "", "photo": {"prefix": "https://igx.4sqi.net/img/user/", "suffix": "/PZGNH4D0L5FSTRVM.jpg"}, "homeCity": "Singapore", "lists": {"groups": [{"items": [], "count": 2, "type": "created"}]}}, {"tips": {"count": 1}, "contact": {"facebook": "556125902"}, "firstName": "Takashi", "gender": "male", "lastName": "Derrick", "id": "1806668", "bio": "", "photo": {"prefix": "https://igx.4sqi.net/img/user/", "suffix": "/YK1VPST5OGZ44W02.jpg"}, "homeCity": "Singapore", "lists": {"groups": [{"items": [], "count": 4, "type": "created"}]}}, {"tips": {"count": 0}, "contact": {}, "firstName": "Momina", "gender": "female", "lastName": "Ringo", "id": "1174910", "bio": "", "photo": {"prefix": "https://igx.4sqi.net/img/user/", "suffix": "/1ZWZI12IWPCA5VHZ.jpg"}, "homeCity": "Tokyo, Japan", "lists": {"groups": [{"items": [], "count": 2, "type": "created"}]}}, {"tips": {"count": 0}, "contact": {"twitter": "erwaniza", "facebook": "1371643191"}, "firstName": "Norlizawati", "gender": "female", "lastName": "Suhadi", "id": "2207644", "bio": "", "photo": {"prefix": "https://igx.4sqi.net/img/user/", "suffix": "/5KCEGC1302ZAZ5XC.jpg"}, "homeCity": "Singapore", "lists": {"groups": [{"items": [], "count": 2, "type": "created"}]}}, {"tips": {"count": 6}, "contact": {"twitter": "lynalexz", "facebook": "100002171596982"}, "firstName": "Lyna", "gender": "female", "lastName": "Tan", "id": "4096529", "bio": "\u201cDon't let the words of others stop you. \u00a0Have a quiet confidence, faith, and belief that you can conquer whatever life may bring you.\u201d", "photo": {"prefix": "https://igx.4sqi.net/img/user/", "suffix": "/4096529-SJG0KATAGKUM1IRK.jpg"}, "homeCity": "Singapore", "lists": {"groups": [{"items": [], "count": 2, "type": "created"}]}}, {"tips": {"count": 0}, "contact": {"twitter": "mandy_yeo", "facebook": "652116570"}, "firstName": "Mandy", "gender": "female", "lastName": "Yeo", "id": "622235", "bio": "", "photo": {"prefix": "https://igx.4sqi.net/img/user/", "suffix": "/HBPDMHIECGXRATWW.jpg"}, "homeCity": "Tiong Bahru", "lists": {"groups": [{"items": [], "count": 2, "type": "created"}]}}, {"tips": {"count": 3}, "contact": {}, "firstName": "Lawrence", "gender": "male", "lastName": "G", "id": "3812880", "bio": "", "photo": {"prefix": "https://igx.4sqi.net/img/user/", "suffix": "/PDY2TJM4QCRJ00YL.jpg"}, "homeCity": "Singapore", "lists": {"groups": [{"items": [], "count": 2, "type": "created"}]}}, {"tips": {"count": 4}, "contact": {"twitter": "guillonpa", "facebook": "100001045685721"}, "firstName": "Pierre-Alain", "gender": "male", "lastName": "Guillon", "id": "1905982", "bio": "", "photo": {"prefix": "https://igx.4sqi.net/img/user/", "suffix": "/00G2HDN0YZI132Q3.jpg"}, "homeCity": "Singapore", "lists": {"groups": [{"items": [], "count": 2, "type": "created"}]}}, {"tips": {"count": 0}, "contact": {"facebook": "553449832"}, "firstName": "Jeannette", "gender": "female", "lastName": "Lim", "id": "724985", "bio": "", "photo": {"prefix": "https://igx.4sqi.net/img/user/", "suffix": "/O4Q2BENXHSEVHS4H.jpg"}, "homeCity": "singapore", "lists": {"groups": [{"items": [], "count": 2, "type": "created"}]}}, {"tips": {"count": 0}, "contact": {"twitter": "shoruwataninabe", "facebook": "500848121"}, "firstName": "Dareius", "gender": "male", "lastName": "Shoru", "id": "1547429", "bio": "", "photo": {"prefix": "https://igx.4sqi.net/img/user/", "suffix": "/4GAGXE0LWJO0ZCEQ.jpg"}, "homeCity": "Singapore", "lists": {"groups": [{"items": [], "count": 2, "type": "created"}]}}, {"tips": {"count": 2}, "contact": {"twitter": "happyzaide", "facebook": "612716821"}, "firstName": "PurpleDiana", "gender": "female", "id": "2609905", "bio": "", "photo": {"prefix": "https://igx.4sqi.net/img/user/", "suffix": "/5ODJPSME3O3NFGJW.jpg"}, "homeCity": "Singapore", "lists": {"groups": [{"items": [], "count": 2, "type": "created"}]}}, {"tips": {"count": 0}, "contact": {"facebook": "709668973"}, "firstName": "Eveleen", "gender": "female", "lastName": "Ho", "id": "15931794", "bio": "", "photo": {"prefix": "https://igx.4sqi.net/img/user/", "suffix": "/BK2PGVONXZNWW3H5.jpg"}, "homeCity": "Singapore", "lists": {"groups": [{"items": [], "count": 2, "type": "created"}]}}, {"tips": {"count": 0}, "contact": {}, "firstName": "Ethan", "gender": "male", "lastName": "Zhang", "id": "4971832", "bio": "", "photo": {"prefix": "https://igx.4sqi.net/img/user/", "suffix": "/KAAIOLU4XEK5Z04Q.jpg"}, "homeCity": "Singapore", "lists": {"groups": [{"items": [], "count": 2, "type": "created"}]}}, {"tips": {"count": 6}, "contact": {"facebook": "505473443"}, "firstName": "Sher Iqbal", "gender": "male", "lastName": "Texeira", "id": "4461724", "bio": "", "photo": {"prefix": "https://igx.4sqi.net/img/user/", "suffix": "/SRFVTILUBR4WFL23.jpg"}, "homeCity": "Singapore", "lists": {"groups": [{"items": [], "count": 2, "type": "created"}]}}, {"tips": {"count": 1}, "contact": {"twitter": "iloveyoupeiwen", "facebook": "750916857"}, "firstName": "peiwen", "gender": "female", "lastName": "wenie", "id": "6704135", "bio": "", "photo": {"prefix": "https://igx.4sqi.net/img/user/", "suffix": "/PCYMJOL5RWW0JV1Y.jpg"}, "homeCity": "Singapore", "lists": {"groups": [{"items": [], "count": 2, "type": "created"}]}}, {"tips": {"count": 0}, "contact": {"facebook": "697498307"}, "firstName": "Leon", "gender": "male", "lastName": "Ng", "id": "1850709", "bio": "", "photo": {"prefix": "https://igx.4sqi.net/img/user/", "suffix": "/TWQSII5TOMN1TYYK.jpg"}, "homeCity": "Singapore", "lists": {"groups": [{"items": [], "count": 2, "type": "created"}]}}, {"tips": {"count": 1}, "contact": {"facebook": "760257969"}, "firstName": "Raymond", "gender": "male", "lastName": "Goh", "id": "4241566", "bio": "", "photo": {"prefix": "https://igx.4sqi.net/img/user/", "suffix": "/JRZIIOAVYO11GEZV.jpg"}, "homeCity": "Singapore", "lists": {"groups": [{"items": [], "count": 2, "type": "created"}]}}, {"tips": {"count": 0}, "contact": {"twitter": "j_chiau", "facebook": "754817254599988"}, "firstName": "Jc Chiau", "gender": "male", "lastName": "\u667a\u60df", "id": "2383195", "bio": "", "photo": {"prefix": "https://igx.4sqi.net/img/user/", "suffix": "/2383195-01UVCMYIOGKJLQJJ.jpg"}, "homeCity": "Singapore", "lists": {"groups": [{"items": [], "count": 2, "type": "created"}]}}, {"tips": {"count": 0}, "contact": {"facebook": "585561490"}, "firstName": "Hanjie", "gender": "male", "lastName": "Lin", "id": "4097985", "bio": "", "photo": {"prefix": "https://igx.4sqi.net/img/user/", "suffix": "/045ZQIAZPZEGLJHN.jpg"}, "homeCity": "Singapore", "lists": {"groups": [{"items": [], "count": 2, "type": "created"}]}}, {"tips": {"count": 1}, "contact": {"facebook": "517400068"}, "firstName": "Anastasia", "gender": "female", "lastName": "Ghui", "id": "737878", "bio": "", "photo": {"prefix": "https://igx.4sqi.net/img/user/", "suffix": "/737878-TFHAAFEEJK3TZZV5.jpg"}, "homeCity": "Serangoon, Singapore", "lists": {"groups": [{"items": [], "count": 9, "type": "created"}]}}, {"tips": {"count": 12}, "contact": {"facebook": "100000943943166"}, "firstName": "\ue414 Ignatius \ue10b", "gender": "male", "lastName": "De Souza \ue327", "id": "4957799", "bio": "", "photo": {"prefix": "https://igx.4sqi.net/img/user/", "suffix": "/4957799-QGMXZ53DNPNIP3Y0.jpg"}, "homeCity": "Singapore", "lists": {"groups": [{"items": [], "count": 2, "type": "created"}]}}, {"tips": {"count": 4}, "contact": {}, "firstName": "Ivon", "gender": "none", "lastName": "Teo", "id": "4935103", "bio": "", "photo": {"prefix": "https://igx.4sqi.net/img/user/", "suffix": "/G2ORR0AI5B2JOUYQ.jpg"}, "homeCity": "", "lists": {"groups": [{"items": [], "count": 2, "type": "created"}]}}, {"tips": {"count": 8}, "contact": {}, "firstName": "Cres", "gender": "none", "id": "1763346", "bio": "", "photo": {"prefix": "https://igx.4sqi.net/img/user/", "suffix": "/MGYWCAH2JH4Z5FJM.jpg"}, "homeCity": "Singapore", "lists": {"groups": [{"items": [], "count": 2, "type": "created"}]}}, {"tips": {"count": 5}, "contact": {"facebook": "803934469"}, "firstName": "Ethan", "gender": "male", "lastName": "Chan", "id": "1707976", "bio": "", "photo": {"prefix": "https://igx.4sqi.net/img/user/", "suffix": "/Z10ZQEGS0OBOJSAG.jpg"}, "homeCity": "Singapore", "lists": {"groups": [{"items": [], "count": 2, "type": "created"}]}}, {"tips": {"count": 17}, "contact": {"facebook": "1168744196"}, "firstName": "Joe", "gender": "male", "lastName": "Lim", "id": "2666112", "bio": "", "photo": {"prefix": "https://igx.4sqi.net/img/user/", "suffix": "/DYDG1SYAC0W5IZWG.jpg"}, "homeCity": "Singapore", "lists": {"groups": [{"items": [], "count": 2, "type": "created"}]}}, {"tips": {"count": 2}, "contact": {"twitter": "vire1990"}, "firstName": "Stanvire", "gender": "none", "lastName": "Tan", "id": "4465422", "bio": "", "photo": {"prefix": "https://igx.4sqi.net/img/user/", "suffix": "/TRR4BTDOUITQRKAK.jpg"}, "homeCity": "Singapore", "lists": {"groups": [{"items": [], "count": 2, "type": "created"}]}}, {"tips": {"count": 156}, "contact": {}, "firstName": "Matthew", "gender": "male", "lastName": "Mark Aloysious", "id": "1860260", "bio": "Fun loving, meeting new people, enjoy foods and exchanging conversations with all walks of life.", "photo": {"prefix": "https://igx.4sqi.net/img/user/", "suffix": "/1860260-UE5J2G2EQ5FSZIVH.jpg"}, "homeCity": "Singapore", "lists": {"groups": [{"items": [], "count": 6, "type": "created"}]}}, {"tips": {"count": 0}, "contact": {}, "firstName": "miss", "gender": "female", "lastName": "porkie", "id": "6681139", "bio": "", "photo": {"prefix": "https://igx.4sqi.net/img/user/", "suffix": "/3YBYLVH0ORGHFMQY.jpg"}, "homeCity": "Singapore", "lists": {"groups": [{"items": [], "count": 2, "type": "created"}]}}, {"tips": {"count": 0}, "contact": {"facebook": "662180999"}, "firstName": "Frederick", "gender": "male", "lastName": "Hsu", "id": "2563416", "bio": "", "photo": {"prefix": "https://igx.4sqi.net/img/user/", "suffix": "/TPQ3PLBUXIYM5ERL.jpg"}, "homeCity": "Singapore", "lists": {"groups": [{"items": [], "count": 2, "type": "created"}]}}, {"tips": {"count": 2}, "contact": {}, "firstName": "JeyCeeVee", "gender": "male", "id": "4100572", "bio": "", "photo": {"prefix": "https://igx.4sqi.net/img/user/", "suffix": "/KLVS5SO5GLLDALEE.jpg"}, "homeCity": "Singapore", "lists": {"groups": [{"items": [], "count": 2, "type": "created"}]}}, {"tips": {"count": 3}, "contact": {"twitter": "tomopy77", "facebook": "100001753895370"}, "firstName": "Manabu", "gender": "male", "lastName": "T", "id": "987346", "bio": "\u53cb\u9054\u304c1000\u4eba\u8d85\u3048\u3066\u3001\u305b\u3063\u304b\u304f\u7533\u8acb\u9802\u3044\u3066\u3082\u627f\u8a8d\u51fa\u6765\u307e\u305b\u3093-_-b\u5b9c\u3057\u3051\u308c\u3070Twitter\u3067\u304a\u53cb\u9054\u306b\u306a\u308a\u307e\u3057\u3087\u3046\u3002@tomopy77", "photo": {"prefix": "https://igx.4sqi.net/img/user/", "suffix": "/30ZF2L12YTI2EFHX.jpg"}, "homeCity": "\u4eac\u90fd\u5e02, \u4eac\u90fd\u5e9c", "lists": {"groups": [{"items": [], "count": 2, "type": "created"}]}}, {"tips": {"count": 1}, "contact": {"facebook": "1441327352"}, "firstName": "Loongz", "gender": "male", "lastName": "Loong", "id": "4936679", "bio": "", "photo": {"prefix": "https://igx.4sqi.net/img/user/", "suffix": "/CAXPHI4QN0WI0AKH.jpg"}, "homeCity": "Singapore", "lists": {"groups": [{"items": [], "count": 2, "type": "created"}]}}, {"tips": {"count": 22}, "contact": {"facebook": "884865384"}, "firstName": "Shaun", "gender": "male", "lastName": "Ling", "id": "2142564", "bio": "Chief Digital Officer, Chief Operating Officer, Founder of Prima Media Group, The Digital Marketing Agency \r\n\r\nFollow - http://www.PrimaMedia.com.sg/facebook", "photo": {"prefix": "https://igx.4sqi.net/img/user/", "suffix": "/URDJM1NFABPBPTDU.jpg"}, "homeCity": "Singapore", "lists": {"groups": [{"items": [], "count": 5, "type": "created"}]}}, {"tips": {"count": 1}, "contact": {}, "firstName": "Del", "gender": "female", "lastName": "Aoki", "id": "1724217", "bio": "", "photo": {"prefix": "https://igx.4sqi.net/img/user/", "suffix": "/GVP2WWEJVA1EPNIA.jpg"}, "homeCity": "Singapore", "lists": {"groups": [{"items": [], "count": 2, "type": "created"}]}}, {"tips": {"count": 0}, "contact": {"facebook": "596289310"}, "firstName": "Mike", "gender": "male", "lastName": "Jm", "id": "2870274", "bio": "", "photo": {"prefix": "https://igx.4sqi.net/img/user/", "suffix": "/TM2GLEQAENHPRC3R.jpg"}, "homeCity": "Singapore", "lists": {"groups": [{"items": [], "count": 2, "type": "created"}]}}, {"tips": {"count": 0}, "contact": {"facebook": "100001863003070"}, "firstName": "4sq Sg", "gender": "none", "lastName": "Community", "id": "4548691", "bio": "", "photo": {"prefix": "https://igx.4sqi.net/img/user/", "suffix": "/3YXDXW0X0GVZ5COM.jpg"}, "homeCity": "Singapore", "lists": {"groups": [{"items": [], "count": 2, "type": "created"}]}}, {"tips": {"count": 19}, "contact": {"facebook": "828890108"}, "firstName": "Ah", "gender": "male", "lastName": "Joo", "id": "1912369", "bio": "", "photo": {"prefix": "https://igx.4sqi.net/img/user/", "suffix": "/5PDOFKVFITZPTED3.jpg"}, "homeCity": "Tampines , Singapore", "lists": {"groups": [{"items": [], "count": 2, "type": "created"}]}}, {"tips": {"count": 0}, "contact": {"facebook": "1034737124"}, "firstName": "Vincent", "gender": "male", "lastName": "lim", "id": "8238277", "bio": "", "photo": {"prefix": "https://igx.4sqi.net/img/user/", "suffix": "/RK4RGEB3PWYFLRAZ.jpg"}, "homeCity": "Singapore", "lists": {"groups": [{"items": [], "count": 2, "type": "created"}]}}, {"tips": {"count": 1}, "contact": {"facebook": "716947893"}, "firstName": "Tendou", "gender": "male", "lastName": "Souji", "id": "2572839", "bio": "", "photo": {"prefix": "https://igx.4sqi.net/img/user/", "suffix": "/LJEIRPJAPOFDQHLB.jpg"}, "homeCity": "Singapore", "lists": {"groups": [{"items": [], "count": 2, "type": "created"}]}}, {"tips": {"count": 0}, "contact": {"facebook": "733967882"}, "firstName": "Sabrina", "gender": "female", "lastName": "Leow", "id": "4186854", "bio": "", "photo": {"prefix": "https://igx.4sqi.net/img/user/", "suffix": "/5EFXLO3IYS4Y1EKZ.jpg"}, "homeCity": "Singapore", "lists": {"groups": [{"items": [], "count": 2, "type": "created"}]}}, {"tips": {"count": 1}, "contact": {"facebook": "631772211"}, "firstName": "Anthony", "gender": "male", "lastName": "\u5764\u8fbe", "id": "1699756", "bio": "", "photo": {"prefix": "https://igx.4sqi.net/img/user/", "suffix": "/3HB2GRAVGNYG1CVC.jpg"}, "homeCity": "Singapore", "lists": {"groups": [{"items": [], "count": 2, "type": "created"}]}}, {"tips": {"count": 0}, "contact": {"facebook": "652751345"}, "firstName": "Babyxiiaozhu", "gender": "female", "lastName": "Pat", "id": "10536079", "bio": "", "photo": {"prefix": "https://igx.4sqi.net/img/user/", "suffix": "/2DEKJ54PDMH2A2O1.jpg"}, "homeCity": "Singapore", "lists": {"groups": [{"items": [], "count": 2, "type": "created"}]}}, {"tips": {"count": 1}, "contact": {"facebook": "728768014"}, "firstName": "Kenneth", "gender": "male", "lastName": "Ng", "id": "4207854", "bio": "", "photo": {"prefix": "https://igx.4sqi.net/img/user/", "suffix": "/G5HKECBSE0XRLXC3.jpg"}, "homeCity": "Singapore", "lists": {"groups": [{"items": [], "count": 2, "type": "created"}]}}, {"tips": {"count": 0}, "contact": {"facebook": "608442211"}, "firstName": "Liu", "gender": "male", "lastName": "YiQiang", "id": "1814435", "bio": "", "photo": {"prefix": "https://igx.4sqi.net/img/user/", "suffix": "/KQK2WZFGYGNKT4E2.jpg"}, "homeCity": "Singapore", "lists": {"groups": [{"items": [], "count": 2, "type": "created"}]}}, {"tips": {"count": 0}, "contact": {"facebook": "657875888"}, "firstName": "Eric", "gender": "male", "lastName": "Lee", "id": "3169404", "bio": "", "photo": {"prefix": "https://igx.4sqi.net/img/user/", "suffix": "/WECALEWGBMUSTEHC.jpg"}, "homeCity": "Singapore", "lists": {"groups": [{"items": [], "count": 2, "type": "created"}]}}, {"tips": {"count": 1}, "contact": {"facebook": "702977688"}, "firstName": "Mitchell", "gender": "female", "lastName": "Seng", "id": "5677138", "bio": "", "photo": {"prefix": "https://igx.4sqi.net/img/user/", "suffix": "/0MMJHRWDSQQDO5X0.jpg"}, "homeCity": "Singapore", "lists": {"groups": [{"items": [], "count": 2, "type": "created"}]}}, {"tips": {"count": 0}, "contact": {"facebook": "522437379"}, "firstName": "Kato", "gender": "male", "lastName": "Jason", "id": "2184727", "bio": "", "photo": {"prefix": "https://igx.4sqi.net/img/user/", "suffix": "/SRLLQG0GYRC5SM5K.jpg"}, "homeCity": "\u7acb\u5ddd\u5e02, \u6771\u4eac\u90fd", "lists": {"groups": [{"items": [], "count": 2, "type": "created"}]}}, {"tips": {"count": 0}, "contact": {"facebook": "697853073"}, "firstName": "SaM", "gender": "male", "lastName": "Su", "id": "13671424", "bio": "", "photo": {"prefix": "https://igx.4sqi.net/img/user/", "suffix": "/KUL0SPBTLNIKCOLM.jpg"}, "homeCity": "Singapore", "lists": {"groups": [{"items": [], "count": 2, "type": "created"}]}}, {"tips": {"count": 3}, "contact": {}, "firstName": "Wei Hin", "gender": "male", "lastName": "Tan", "id": "3159861", "bio": "", "photo": {"prefix": "https://igx.4sqi.net/img/user/", "suffix": "/R5D5QOGUO3LVY4HM.jpg"}, "homeCity": "Singapore", "lists": {"groups": [{"items": [], "count": 2, "type": "created"}]}}, {"tips": {"count": 3}, "contact": {"facebook": "577380249"}, "firstName": "Raymond", "gender": "male", "lastName": "Tan", "id": "4188891", "bio": "", "photo": {"prefix": "https://igx.4sqi.net/img/user/", "suffix": "/JR4FODAPJRMBJXD0.jpg"}, "homeCity": "Singapore", "lists": {"groups": [{"items": [], "count": 2, "type": "created"}]}}, {"tips": {"count": 19}, "contact": {"facebook": "902872396425556"}, "firstName": "Jimmy", "gender": "male", "lastName": "Teo", "id": "1704555", "bio": "", "photo": {"prefix": "https://igx.4sqi.net/img/user/", "suffix": "/1704555_bUUltSNu_l-ybZvMlcxEwrqUqlQh15M4t7hLzk7ENE25WPHeQMopp1xxsZM8pg6rv0ij5vtov.jpg"}, "homeCity": "Boon Lay, Singapore", "lists": {"groups": [{"items": [], "count": 2, "type": "created"}]}}, {"tips": {"count": 2}, "contact": {"facebook": "1097304272"}, "firstName": "Clement", "gender": "male", "id": "4210011", "bio": "", "photo": {"prefix": "https://igx.4sqi.net/img/user/", "suffix": "/LV43QZ3MLWXICC2X.jpg"}, "homeCity": "", "lists": {"groups": [{"items": [], "count": 2, "type": "created"}]}}, {"tips": {"count": 3}, "contact": {"facebook": "100001484054197"}, "firstName": "Julian", "gender": "male", "lastName": "Kwong", "id": "1832976", "bio": "", "photo": {"prefix": "https://igx.4sqi.net/img/user/", "suffix": "/1832976-GJIXYNROPGBTMX5Y.jpg"}, "homeCity": "Singapore", "lists": {"groups": [{"items": [], "count": 2, "type": "created"}]}}, {"tips": {"count": 0}, "contact": {"facebook": "1213051594"}, "firstName": "Koon meng", "gender": "male", "lastName": "Meng", "id": "3294146", "bio": "", "photo": {"prefix": "https://igx.4sqi.net/img/user/", "suffix": "/blank_boy.png", "default": true}, "homeCity": "Singapore", "lists": {"groups": [{"items": [], "count": 2, "type": "created"}]}}, {"tips": {"count": 0}, "contact": {"twitter": "rogertan_85", "facebook": "100000044548956"}, "firstName": "Tan", "gender": "male", "lastName": "Roger", "id": "6231400", "bio": "", "photo": {"prefix": "https://igx.4sqi.net/img/user/", "suffix": "/P1CRJKSBOHTOVHEJ.jpg"}, "homeCity": "Singapore", "lists": {"groups": [{"items": [], "count": 2, "type": "created"}]}}, {"tips": {"count": 1}, "contact": {"twitter": "marckwithbangs", "facebook": "680209941"}, "firstName": "Marck", "gender": "male", "lastName": "Anthonny", "id": "2186679", "bio": "", "photo": {"prefix": "https://igx.4sqi.net/img/user/", "suffix": "/1VZVHQ1QBI5ORLY0.jpg"}, "homeCity": "Bedok, Singapore", "lists": {"groups": [{"items": [], "count": 2, "type": "created"}]}}, {"tips": {"count": 1}, "contact": {}, "firstName": "Kelvin", "gender": "male", "lastName": "Kelvin", "id": "3162154", "bio": "", "photo": {"prefix": "https://igx.4sqi.net/img/user/", "suffix": "/NUCZ4E5A3HPMCQC0.jpg"}, "homeCity": "Singapore", "lists": {"groups": [{"items": [], "count": 2, "type": "created"}]}}, {"tips": {"count": 3}, "contact": {"twitter": "toootoo", "facebook": "814754007"}, "firstName": "Espen", "gender": "male", "id": "5029283", "bio": "", "photo": {"prefix": "https://igx.4sqi.net/img/user/", "suffix": "/F4GM2XZ5X33GWTWE.jpg"}, "homeCity": "Singapore", "lists": {"groups": [{"items": [], "count": 2, "type": "created"}]}}, {"tips": {"count": 4}, "contact": {"facebook": "609083034"}, "firstName": "Ben", "gender": "male", "lastName": "Ng", "id": "3129195", "bio": "", "photo": {"prefix": "https://igx.4sqi.net/img/user/", "suffix": "/H35FLEQ3ZUOADHAY.jpg"}, "homeCity": "Singapore", "lists": {"groups": [{"items": [], "count": 2, "type": "created"}]}}, {"tips": {"count": 1}, "contact": {"twitter": "xjovi", "facebook": "644327574"}, "firstName": "Jovi", "gender": "male", "lastName": "Ang", "id": "4404696", "bio": "", "photo": {"prefix": "https://igx.4sqi.net/img/user/", "suffix": "/4404696-JLGHOM4RPW5Z0AGV.jpg"}, "homeCity": "Singapore", "lists": {"groups": [{"items": [], "count": 2, "type": "created"}]}}, {"tips": {"count": 19}, "contact": {"twitter": "socially_cal"}, "firstName": "Calvin", "gender": "male", "lastName": "C.", "id": "2410258", "bio": "", "photo": {"prefix": "https://igx.4sqi.net/img/user/", "suffix": "/2410258-5N10X3Q02G4KEI0I.jpg"}, "homeCity": "Singapore", "lists": {"groups": [{"items": [], "count": 3, "type": "created"}]}}, {"tips": {"count": 1}, "contact": {"facebook": "521791075"}, "firstName": "Iko", "gender": "female", "lastName": "Liao", "id": "3298673", "bio": "", "photo": {"prefix": "https://igx.4sqi.net/img/user/", "suffix": "/RJAIKD4DAKZ5EFGV.jpg"}, "homeCity": "Singapore", "lists": {"groups": [{"items": [], "count": 2, "type": "created"}]}}, {"tips": {"count": 1}, "contact": {"facebook": "1823747950"}, "firstName": "Shaun", "gender": "male", "lastName": "Irwin", "id": "6237432", "bio": "", "photo": {"prefix": "https://igx.4sqi.net/img/user/", "suffix": "/EAQRFMT1YTKDFSLW.jpg"}, "homeCity": "Singapore", "lists": {"groups": [{"items": [], "count": 2, "type": "created"}]}}, {"tips": {"count": 0}, "contact": {"twitter": "turtlettt", "facebook": "520629752"}, "firstName": "Turtle", "gender": "male", "lastName": "Tan", "id": "2289414", "bio": "", "photo": {"prefix": "https://igx.4sqi.net/img/user/", "suffix": "/blank_boy.png", "default": true}, "homeCity": "Singapore", "lists": {"groups": [{"items": [], "count": 2, "type": "created"}]}}, {"tips": {"count": 4}, "contact": {"twitter": "kmikaelaloves", "facebook": "608960871"}, "firstName": "Kym", "gender": "female", "lastName": "Mikaela", "id": "3164483", "bio": "", "photo": {"prefix": "https://igx.4sqi.net/img/user/", "suffix": "/JKVLWCMAVNZE2BVS.jpg"}, "homeCity": "Singapore", "lists": {"groups": [{"items": [], "count": 2, "type": "created"}]}}, {"tips": {"count": 0}, "contact": {"twitter": "jingting_", "facebook": "522068619"}, "firstName": "Jingting", "gender": "female", "lastName": "Tan", "id": "5401300", "bio": "", "photo": {"prefix": "https://igx.4sqi.net/img/user/", "suffix": "/FJLHTFVKZ2THQNNC.jpg"}, "homeCity": "Singapore", "lists": {"groups": [{"items": [], "count": 2, "type": "created"}]}}, {"tips": {"count": 1}, "contact": {"twitter": "skyefch", "facebook": "567913930"}, "firstName": "Skye", "gender": "male", "id": "3130141", "bio": "", "photo": {"prefix": "https://igx.4sqi.net/img/user/", "suffix": "/DLEE3R30VRL0YVOZ.jpg"}, "homeCity": "Singapore", "lists": {"groups": [{"items": [], "count": 3, "type": "created"}]}}, {"tips": {"count": 4}, "contact": {"facebook": "100001076622455"}, "firstName": "Jack", "gender": "male", "lastName": "Froze", "id": "4860239", "bio": "", "photo": {"prefix": "https://igx.4sqi.net/img/user/", "suffix": "/I0AU3KVBX54JTJ2Y.png"}, "homeCity": "Singapore", "lists": {"groups": [{"items": [], "count": 2, "type": "created"}]}}, {"tips": {"count": 9}, "contact": {"facebook": "762098731"}, "firstName": "William Ng", "gender": "male", "id": "2639427", "bio": "", "photo": {"prefix": "https://igx.4sqi.net/img/user/", "suffix": "/PGJGPRMZPN4DOMMH.jpg"}, "homeCity": "Singapore", "lists": {"groups": [{"items": [], "count": 2, "type": "created"}]}}, {"tips": {"count": 3}, "contact": {}, "firstName": "Jovian", "gender": "male", "lastName": "Low", "id": "3436818", "bio": "", "photo": {"prefix": "https://igx.4sqi.net/img/user/", "suffix": "/SB0BQRMLHRQJTJ2J.jpg"}, "homeCity": "Singapore", "lists": {"groups": [{"items": [], "count": 2, "type": "created"}]}}, {"tips": {"count": 2}, "contact": {"twitter": "jithong88", "facebook": "527873834"}, "firstName": "Ah Hong", "gender": "male", "lastName": "\u00a9\u00ae\u2122", "id": "6318181", "bio": "", "photo": {"prefix": "https://igx.4sqi.net/img/user/", "suffix": "/6318181-ZO0IMMLUWVWGKLS3.jpg"}, "homeCity": "Singapore", "lists": {"groups": [{"items": [], "count": 2, "type": "created"}]}}, {"tips": {"count": 3}, "contact": {"facebook": "708067340"}, "firstName": "Yap", "gender": "male", "lastName": "Hendry", "id": "2468481", "bio": "", "photo": {"prefix": "https://igx.4sqi.net/img/user/", "suffix": "/G55W5NPVONRIOH25.jpg"}, "homeCity": "Senja Road, Singapore", "lists": {"groups": [{"items": [], "count": 2, "type": "created"}]}}, {"tips": {"count": 0}, "contact": {"facebook": "653796146"}, "firstName": "Samantha", "gender": "female", "lastName": "Koh", "id": "3751225", "bio": "", "photo": {"prefix": "https://igx.4sqi.net/img/user/", "suffix": "/blank_girl.png", "default": true}, "homeCity": "Singapore", "lists": {"groups": [{"items": [], "count": 2, "type": "created"}]}}, {"tips": {"count": 3}, "contact": {"twitter": "synjiwrote", "facebook": "660807874"}, "firstName": "John", "gender": "male", "lastName": "Ji", "id": "3782657", "bio": "\uc874 \uc9c0 \ud83d\ude4a\r\n\r\nInstagram id: johnjihasnoinstagram\r\nTwitter: synjiwrote\r\n\r\n\ud83d\ude48\ud83d\ude4a", "photo": {"prefix": "https://igx.4sqi.net/img/user/", "suffix": "/A14XSQ1FTE50A3SY.jpg"}, "homeCity": "Singapore", "lists": {"groups": [{"items": [], "count": 2, "type": "created"}]}}, {"tips": {"count": 1}, "contact": {"facebook": "761259387"}, "firstName": "Lingling", "gender": "female", "lastName": "Onn", "id": "2642300", "bio": "", "photo": {"prefix": "https://igx.4sqi.net/img/user/", "suffix": "/XMTPN10Y50DN1FWK.jpg"}, "homeCity": "Singapore", "lists": {"groups": [{"items": [], "count": 2, "type": "created"}]}}, {"tips": {"count": 3}, "contact": {"facebook": "655724843"}, "firstName": "Robin", "gender": "male", "lastName": "Tan", "id": "3678043", "bio": "", "photo": {"prefix": "https://igx.4sqi.net/img/user/", "suffix": "/4FXDYQIBMK3U34KV.jpg"}, "homeCity": "Singapore", "lists": {"groups": [{"items": [], "count": 2, "type": "created"}]}}, {"tips": {"count": 0}, "contact": {"facebook": "100000878951887"}, "firstName": "Michael", "gender": "male", "lastName": "9276", "id": "8108290", "bio": "", "photo": {"prefix": "https://igx.4sqi.net/img/user/", "suffix": "/0SBQ04MPJAQODBEJ.jpg"}, "homeCity": "Singapore", "lists": {"groups": [{"items": [], "count": 2, "type": "created"}]}}, {"tips": {"count": 21}, "contact": {"twitter": "yurikobaby", "facebook": "865565346"}, "firstName": "Yuriko", "gender": "female", "lastName": "Jasmine", "id": "2707568", "bio": "", "photo": {"prefix": "https://igx.4sqi.net/img/user/", "suffix": "/DW0OIUPEKRPHOSIQ.jpg"}, "homeCity": "Singapore", "lists": {"groups": [{"items": [], "count": 2, "type": "created"}]}}, {"tips": {"count": 0}, "contact": {"facebook": "669873817"}, "firstName": "Sandra", "gender": "female", "lastName": "Lim", "id": "3755312", "bio": "", "photo": {"prefix": "https://igx.4sqi.net/img/user/", "suffix": "/3ETEAEPT5UBXAQQA.jpg"}, "homeCity": "Singapore", "lists": {"groups": [{"items": [], "count": 2, "type": "created"}]}}, {"tips": {"count": 1}, "contact": {}, "firstName": "\uad11", "gender": "male", "lastName": "Kwang", "id": "3787208", "bio": "facebook.com/kwaangg", "photo": {"prefix": "https://igx.4sqi.net/img/user/", "suffix": "/1033MGT4OKP1G0YW.jpg"}, "homeCity": "Singapore, Singapore", "lists": {"groups": [{"items": [], "count": 3, "type": "created"}]}}, {"tips": {"count": 12}, "contact": {"twitter": "illoculus", "facebook": "581106643"}, "firstName": "Ja-son", "gender": "male", "id": "2653174", "bio": "Fake Plastic Love.", "photo": {"prefix": "https://igx.4sqi.net/img/user/", "suffix": "/RBOHODZFBQUBAKJ2.jpg"}, "homeCity": "Singapore", "lists": {"groups": [{"items": [], "count": 2, "type": "created"}]}}, {"tips": {"count": 5}, "contact": {"facebook": "737847328"}, "firstName": "Jenson", "gender": "male", "lastName": "Ang", "id": "3730690", "bio": "", "photo": {"prefix": "https://igx.4sqi.net/img/user/", "suffix": "/ZREERBQEHX1PQAA5.jpg"}, "homeCity": "Singapore", "lists": {"groups": [{"items": [], "count": 2, "type": "created"}]}}, {"tips": {"count": 0}, "contact": {"twitter": "ansonnemo", "facebook": "624443056"}, "firstName": "anson", "gender": "male", "lastName": "anson", "id": "12401119", "bio": "", "photo": {"prefix": "https://igx.4sqi.net/img/user/", "suffix": "/ELS5D4SLOE0GWZWQ.jpg"}, "homeCity": "Singapore", "lists": {"groups": [{"items": [], "count": 2, "type": "created"}]}}, {"tips": {"count": 1}, "contact": {"twitter": "jingwentay"}, "firstName": "Jing Wen", "gender": "male", "lastName": "Tan", "id": "2715315", "bio": "", "photo": {"prefix": "https://igx.4sqi.net/img/user/", "suffix": "/42LV10E1KCWH2PRJ.jpg"}, "homeCity": "Singapore", "lists": {"groups": [{"items": [], "count": 2, "type": "created"}]}}, {"tips": {"count": 29}, "contact": {}, "firstName": "Destroyer", "gender": "none", "id": "3835195", "bio": "", "photo": {"prefix": "https://igx.4sqi.net/img/user/", "suffix": "/NF5FJYIS4CTNFZXO.jpg"}, "homeCity": "Singapore", "lists": {"groups": [{"items": [], "count": 2, "type": "created"}]}}, {"tips": {"count": 0}, "contact": {"twitter": "babystridy", "facebook": "100000769787622"}, "firstName": "Lenny", "gender": "male", "lastName": "Ong", "id": "4063051", "bio": "", "photo": {"prefix": "https://igx.4sqi.net/img/user/", "suffix": "/RGJ3ML5EUA0R3MBL.jpg"}, "homeCity": "Singapore", "lists": {"groups": [{"items": [], "count": 2, "type": "created"}]}}, {"tips": {"count": 0}, "contact": {"twitter": "scarletears", "facebook": "548608594"}, "firstName": "Eileen", "gender": "female", "lastName": "Chan", "id": "3016159", "bio": "", "photo": {"prefix": "https://igx.4sqi.net/img/user/", "suffix": "/TIXRUYLPBLDJXOZF.jpg"}, "homeCity": "Singapore", "lists": {"groups": [{"items": [], "count": 2, "type": "created"}]}}, {"tips": {"count": 0}, "contact": {}, "firstName": "Guo", "gender": "male", "lastName": "Junhao", "id": "4015194", "bio": "", "photo": {"prefix": "https://igx.4sqi.net/img/user/", "suffix": "/WQC4TGUQ5JMI3IGU.jpg"}, "homeCity": "Singapore", "lists": {"groups": [{"items": [], "count": 2, "type": "created"}]}}, {"tips": {"count": 1}, "contact": {"facebook": "574238820"}, "firstName": "Jeff", "gender": "male", "lastName": "Bai", "id": "3357172", "bio": "", "photo": {"prefix": "https://igx.4sqi.net/img/user/", "suffix": "/KYKEQE0PDD1TJRKF.jpg"}, "homeCity": "Singapore", "lists": {"groups": [{"items": [], "count": 2, "type": "created"}]}}, {"tips": {"count": 10}, "contact": {"twitter": "08windgod80", "facebook": "774530359"}, "firstName": "\ue443\u98a8\u795e\ue443", "gender": "male", "id": "3838815", "bio": "", "photo": {"prefix": "https://igx.4sqi.net/img/user/", "suffix": "/3LIRKBPXUHQ1UPWR.jpg"}, "homeCity": "Singapore", "lists": {"groups": [{"items": [], "count": 2, "type": "created"}]}}, {"tips": {"count": 5}, "contact": {"facebook": "1035685127"}, "firstName": "ng wee teck", "gender": "male", "lastName": "max", "id": "4064926", "bio": "", "photo": {"prefix": "https://igx.4sqi.net/img/user/", "suffix": "/KVYXPPEPNJ3DACGZ.jpg"}, "homeCity": "Singapore", "lists": {"groups": [{"items": [], "count": 2, "type": "created"}]}}, {"tips": {"count": 2}, "contact": {"twitter": "thomsonnnnnn", "facebook": "1569026102"}, "firstName": "Thomson", "gender": "male", "id": "3081451", "bio": "", "photo": {"prefix": "https://igx.4sqi.net/img/user/", "suffix": "/QAFADOOITWRGIZVU.jpg"}, "homeCity": "Singapore", "lists": {"groups": [{"items": [], "count": 2, "type": "created"}]}}, {"tips": {"count": 0}, "contact": {"facebook": "100000070860201"}, "firstName": "HOCK", "gender": "none", "lastName": "TAN", "id": "4017374", "bio": "", "photo": {"prefix": "https://igx.4sqi.net/img/user/", "suffix": "/11MPOG4DGMIRPC5F.jpg"}, "homeCity": "Singapore", "lists": {"groups": [{"items": [], "count": 2, "type": "created"}]}}, {"tips": {"count": 0}, "contact": {"facebook": "536977464"}, "firstName": "Faith", "gender": "female", "lastName": "Sim", "id": "3579030", "bio": "", "photo": {"prefix": "https://igx.4sqi.net/img/user/", "suffix": "/GKYGY321ZGPZPYDD.jpg"}, "homeCity": "Singapore", "lists": {"groups": [{"items": [], "count": 2, "type": "created"}]}}, {"tips": {"count": 3}, "contact": {"facebook": "643607401"}, "firstName": "Alex", "gender": "male", "lastName": "Wong", "id": "3870755", "bio": "", "photo": {"prefix": "https://igx.4sqi.net/img/user/", "suffix": "/PIUT2Y1JWEPDPBVO.jpg"}, "homeCity": "Singapore", "lists": {"groups": [{"items": [], "count": 2, "type": "created"}]}}, {"tips": {"count": 7}, "contact": {"facebook": "514613851"}, "firstName": "Chia", "gender": "male", "lastName": "Yu jie", "id": "4795543", "bio": "", "photo": {"prefix": "https://igx.4sqi.net/img/user/", "suffix": "/GWJCYGXRROGK5KGM.jpg"}, "homeCity": "Singapore, Yishun", "lists": {"groups": [{"items": [], "count": 2, "type": "created"}]}}, {"tips": {"count": 3}, "contact": {"twitter": "metalgod999", "facebook": "100000245288691"}, "firstName": "Clement", "gender": "male", "lastName": "Andre", "id": "3139852", "bio": "", "photo": {"prefix": "https://igx.4sqi.net/img/user/", "suffix": "/WPGXE43SGIWE3KCU.jpg"}, "homeCity": "Singapore", "lists": {"groups": [{"items": [], "count": 2, "type": "created"}]}}, {"tips": {"count": 4}, "contact": {"facebook": "612121020"}, "firstName": "Luo", "gender": "male", "lastName": "Lianghai", "id": "4135228", "bio": "", "photo": {"prefix": "https://igx.4sqi.net/img/user/", "suffix": "/QKVY2XYZUPSUIU2N.jpg"}, "homeCity": "Singapore", "lists": {"groups": [{"items": [], "count": 2, "type": "created"}]}}, {"tips": {"count": 0}, "contact": {"facebook": "100000138594248"}, "firstName": "Calvin", "gender": "male", "lastName": "Ng", "id": "3654176", "bio": "", "photo": {"prefix": "https://igx.4sqi.net/img/user/", "suffix": "/blank_boy.png", "default": true}, "homeCity": "Singapore", "lists": {"groups": [{"items": [], "count": 2, "type": "created"}]}}, {"tips": {"count": 1}, "contact": {}, "firstName": "Darren", "gender": "male", "lastName": "Justin", "id": "3896728", "bio": "", "photo": {"prefix": "https://igx.4sqi.net/img/user/", "suffix": "/1REINN5ZAQNSVF5V.jpg"}, "homeCity": "Singapore", "lists": {"groups": [{"items": [], "count": 2, "type": "created"}]}}, {"tips": {"count": 0}, "contact": {"facebook": "756934155"}, "firstName": "aH", "gender": "male", "lastName": "Kai", "id": "5109389", "bio": "", "photo": {"prefix": "https://igx.4sqi.net/img/user/", "suffix": "/XIXM2LFZEKZ1N3YR.jpg"}, "homeCity": "Singapore", "lists": {"groups": [{"items": [], "count": 2, "type": "created"}]}}, {"tips": {"count": 0}, "contact": {"twitter": "babylfc", "facebook": "665681371"}, "firstName": "Fadillah", "gender": "female", "lastName": "Azaharie", "id": "3140038", "bio": "", "photo": {"prefix": "https://igx.4sqi.net/img/user/", "suffix": "/APZFFCC4U2N02YXV.jpg"}, "homeCity": "Singapore", "lists": {"groups": [{"items": [], "count": 2, "type": "created"}]}}, {"tips": {"count": 7}, "contact": {"twitter": "hyroe", "facebook": "100006454522916"}, "firstName": "Hyro", "gender": "male", "lastName": "Tan", "id": "4609065", "bio": "", "photo": {"prefix": "https://igx.4sqi.net/img/user/", "suffix": "/3NL4Y44UXWZCZOXJ.jpg"}, "homeCity": "Singapore", "lists": {"groups": [{"items": [], "count": 2, "type": "created"}]}}, {"tips": {"count": 0}, "contact": {"facebook": "697811043"}, "firstName": "Diana", "gender": "female", "lastName": "Lee", "id": "4977137", "bio": "", "photo": {"prefix": "https://igx.4sqi.net/img/user/", "suffix": "/WCFPUB5FCOTUINU0.jpg"}, "homeCity": "Singapore", "lists": {"groups": [{"items": [], "count": 2, "type": "created"}]}}, {"tips": {"count": 0}, "contact": {}, "firstName": "JJ", "gender": "male", "id": "3921745", "bio": "", "photo": {"prefix": "https://igx.4sqi.net/img/user/", "suffix": "/HUYOKNKP43HPZ4BK.jpg"}, "homeCity": "Singapore", "lists": {"groups": [{"items": [], "count": 2, "type": "created"}]}}, {"tips": {"count": 1}, "contact": {"facebook": "699464921"}, "firstName": "Yong", "gender": "male", "id": "3145613", "bio": "", "photo": {"prefix": "https://igx.4sqi.net/img/user/", "suffix": "/Y4ZVUZR45IKI43L2.jpg"}, "homeCity": "Singapore", "lists": {"groups": [{"items": [], "count": 2, "type": "created"}]}}, {"tips": {"count": 0}, "contact": {"twitter": "binqiming", "facebook": "626391674"}, "firstName": "Lin", "gender": "male", "lastName": "Zhiming", "id": "4611634", "bio": "", "photo": {"prefix": "https://igx.4sqi.net/img/user/", "suffix": "/UZJ55FI2YIJV1UIK.jpg"}, "homeCity": "Singapore", "lists": {"groups": [{"items": [], "count": 2, "type": "created"}]}}, {"tips": {"count": 0}, "contact": {}, "firstName": "Alex", "gender": "male", "lastName": "Alex wong", "id": "5017973", "bio": "", "photo": {"prefix": "https://igx.4sqi.net/img/user/", "suffix": "/BJYBKADFG1YOKEZK.jpg"}, "homeCity": "Singapore", "lists": {"groups": [{"items": [], "count": 2, "type": "created"}]}}, {"tips": {"count": 29}, "contact": {}, "firstName": "Angel", "gender": "female", "id": "3924222", "bio": "", "photo": {"prefix": "https://igx.4sqi.net/img/user/", "suffix": "/S55XLNKEDZTMKAOE.gif"}, "homeCity": "Singapore", "lists": {"groups": [{"items": [], "count": 2, "type": "created"}]}}, {"tips": {"count": 2}, "contact": {"twitter": "sitakarma", "facebook": "1067681477"}, "firstName": "Sita", "gender": "female", "lastName": "Karma", "id": "3147563", "bio": "", "photo": {"prefix": "https://igx.4sqi.net/img/user/", "suffix": "/SQZJZVM10TQTUN4O.jpg"}, "homeCity": "Singapore", "lists": {"groups": [{"items": [], "count": 2, "type": "created"}]}}, {"tips": {"count": 0}, "contact": {"twitter": "maximusyip", "facebook": "669946585"}, "firstName": "Maximus", "gender": "male", "lastName": "Yip", "id": "4696311", "bio": "", "photo": {"prefix": "https://igx.4sqi.net/img/user/", "suffix": "/BKWSJ0J0EKF4O5ZY.jpg"}, "homeCity": "Singapore", "lists": {"groups": [{"items": [], "count": 2, "type": "created"}]}}, {"tips": {"count": 0}, "contact": {"facebook": "1206699365"}, "firstName": "Linda", "gender": "female", "lastName": "Mustafa", "id": "40812756", "bio": "", "photo": {"prefix": "https://igx.4sqi.net/img/user/", "suffix": "/0NALQR303TBCM2A0.jpg"}, "homeCity": "My lil haven", "lists": {"groups": [{"items": [], "count": 2, "type": "created"}]}}, {"tips": {"count": 17}, "contact": {}, "firstName": "Jason", "gender": "male", "lastName": "Tan", "id": "3938324", "bio": "", "photo": {"prefix": "https://igx.4sqi.net/img/user/", "suffix": "/Z1QCGTARKMSSSNZP.jpg"}, "homeCity": "Singapore", "lists": {"groups": [{"items": [], "count": 2, "type": "created"}]}}, {"tips": {"count": 0}, "contact": {"facebook": "1072186151"}, "firstName": "AHXING", "gender": "male", "lastName": "NEO", "id": "3222976", "bio": "", "photo": {"prefix": "https://igx.4sqi.net/img/user/", "suffix": "/CCT3ZY0S13GRCDLC.jpg"}, "homeCity": "Singapore", "lists": {"groups": [{"items": [], "count": 2, "type": "created"}]}}, {"tips": {"count": 3}, "contact": {}, "firstName": "Alvin", "gender": "male", "lastName": "Soh", "id": "4760957", "bio": "", "photo": {"prefix": "https://igx.4sqi.net/img/user/", "suffix": "/ERW45B54BEXYZ0GD.jpg"}, "homeCity": "Singapore", "lists": {"groups": [{"items": [], "count": 2, "type": "created"}]}}, {"tips": {"count": 0}, "contact": {"twitter": "ride_withme", "facebook": "620056772"}, "firstName": "Sam", "gender": "female", "lastName": "Wun", "id": "3940649", "bio": "", "photo": {"prefix": "https://igx.4sqi.net/img/user/", "suffix": "/024N4VZ0CQ24XAA2.jpg"}, "homeCity": "Singapore", "lists": {"groups": [{"items": [], "count": 2, "type": "created"}]}}, {"tips": {"count": 9}, "contact": {"twitter": "callenaw", "facebook": "531348576"}, "firstName": "Jeffrey", "gender": "male", "lastName": "Aw", "id": "3244827", "bio": "", "photo": {"prefix": "https://igx.4sqi.net/img/user/", "suffix": "/3244827-UG3TABYP0OOMO4AQ.jpg"}, "homeCity": "Singapore", "lists": {"groups": [{"items": [], "count": 2, "type": "created"}]}}, {"tips": {"count": 0}, "contact": {"facebook": "100001602765379"}, "firstName": "Achey", "gender": "male", "lastName": "Ross francis", "id": "4763482", "bio": "", "photo": {"prefix": "https://igx.4sqi.net/img/user/", "suffix": "/MMVP5X2CS1JHP3NC.jpg"}, "homeCity": "Singapore", "lists": {"groups": [{"items": [], "count": 2, "type": "created"}]}}, {"tips": {"count": 13}, "contact": {"facebook": "355722508124767"}, "firstName": "Tetz", "gender": "female", "id": "4796675", "bio": "", "photo": {"prefix": "https://igx.4sqi.net/img/user/", "suffix": "/YMYFWPOVHCMCM5HZ.jpg"}, "homeCity": "Singapore", "lists": {"groups": [{"items": [], "count": 2, "type": "created"}]}}, {"tips": {"count": 10}, "contact": {"facebook": "511087594"}, "firstName": "Ruby", "gender": "female", "lastName": "Wong", "id": "3255250", "bio": "", "photo": {"prefix": "https://igx.4sqi.net/img/user/", "suffix": "/3255250-VW0NMSJZWYWKL4K5.jpg"}, "homeCity": "Singapore", "lists": {"groups": [{"items": [], "count": 2, "type": "created"}]}}, {"tips": {"count": 2}, "contact": {}, "firstName": "Ann", "gender": "female", "lastName": "Kao", "id": "5522720", "bio": "", "photo": {"prefix": "https://igx.4sqi.net/img/user/", "suffix": "/PPP1HC3NBOKXLZV2.jpg"}, "homeCity": "Singapore", "lists": {"groups": [{"items": [], "count": 2, "type": "created"}]}}, {"tips": {"count": 2}, "contact": {"twitter": "kalistelgic", "facebook": "622800822"}, "firstName": "Katherine", "gender": "female", "lastName": "Goh", "id": "4798005", "bio": "", "photo": {"prefix": "https://igx.4sqi.net/img/user/", "suffix": "/JSHDCNQHMPVVCTIQ.jpg"}, "homeCity": "Singapore", "lists": {"groups": [{"items": [], "count": 2, "type": "created"}]}}, {"tips": {"count": 0}, "contact": {}, "firstName": "zhen", "gender": "female", "lastName": "zhen", "id": "3413010", "bio": "", "photo": {"prefix": "https://igx.4sqi.net/img/user/", "suffix": "/32S3WIUSFPGBV3DX.jpg"}, "homeCity": "Singapore", "lists": {"groups": [{"items": [], "count": 2, "type": "created"}]}}, {"tips": {"count": 9}, "contact": {"facebook": "636634379"}, "firstName": "Thaddeus", "gender": "male", "lastName": "Ong", "id": "10955204", "bio": "", "photo": {"prefix": "https://igx.4sqi.net/img/user/", "suffix": "/IUVDRTJKYZKL5KS1.jpg"}, "homeCity": "Singapore", "lists": {"groups": [{"items": [], "count": 2, "type": "created"}]}}, {"tips": {"count": 0}, "contact": {}, "firstName": "Venga", "gender": "male", "lastName": "Waran", "id": "5869427", "bio": "", "photo": {"prefix": "https://igx.4sqi.net/img/user/", "suffix": "/QCGFUPAN3STZAORF.jpg"}, "homeCity": "Singapore", "lists": {"groups": [{"items": [], "count": 2, "type": "created"}]}}, {"tips": {"count": 5}, "contact": {"facebook": "1048023683"}, "firstName": "Joanne", "gender": "female", "lastName": "Reyes", "id": "3493443", "bio": "", "photo": {"prefix": "https://igx.4sqi.net/img/user/", "suffix": "/IASCH1GCMGNHIBQI.jpg"}, "homeCity": "Singapore", "lists": {"groups": [{"items": [], "count": 2, "type": "created"}]}}, {"tips": {"count": 3}, "contact": {"facebook": "660576931"}, "firstName": "Tommy", "gender": "male", "lastName": "Lim", "id": "3494387", "bio": "", "photo": {"prefix": "https://igx.4sqi.net/img/user/", "suffix": "/3494387-QASE01FKYF5F4KDT.jpg"}, "homeCity": "Singapore", "lists": {"groups": [{"items": [], "count": 2, "type": "created"}]}}, {"tips": {"count": 0}, "contact": {"twitter": "eatmyuppercut", "facebook": "1340144384"}, "firstName": "Lim", "gender": "male", "lastName": "Weizheng", "id": "3555974", "bio": "", "photo": {"prefix": "https://igx.4sqi.net/img/user/", "suffix": "/YP3BRK4BSY24LPB2.jpg"}, "homeCity": "singapore", "lists": {"groups": [{"items": [], "count": 2, "type": "created"}]}}, {"tips": {"count": 0}, "contact": {}, "firstName": "Lili", "gender": "female", "lastName": "Ahmad", "id": "3571088", "bio": "", "photo": {"prefix": "https://igx.4sqi.net/img/user/", "suffix": "/J5A3QULO0BMVDSRE.jpg"}, "homeCity": "Singapore", "lists": {"groups": [{"items": [], "count": 2, "type": "created"}]}}, {"tips": {"count": 0}, "contact": {"facebook": "711051938"}, "firstName": "Tan", "gender": "male", "lastName": "Kok boon", "id": "3637390", "bio": "", "photo": {"prefix": "https://igx.4sqi.net/img/user/", "suffix": "/S00TW30SIFY0LBWX.jpg"}, "homeCity": "Singapore", "lists": {"groups": [{"items": [], "count": 2, "type": "created"}]}}, {"tips": {"count": 2}, "contact": {"facebook": "593809427"}, "firstName": "Jerry", "gender": "male", "lastName": "Tan", "id": "3637752", "bio": "", "photo": {"prefix": "https://igx.4sqi.net/img/user/", "suffix": "/B2XOFT2JBKZGVY5S.jpg"}, "homeCity": "Singapore,670182", "lists": {"groups": [{"items": [], "count": 2, "type": "created"}]}}, {"tips": {"count": 0}, "contact": {"twitter": "duncan_oh2", "facebook": "647945029"}, "firstName": "Duncan", "gender": "none", "lastName": "Goh", "id": "3758671", "bio": "", "photo": {"prefix": "https://igx.4sqi.net/img/user/", "suffix": "/K3X5MFHKCW5B0LIR.jpg"}, "homeCity": "Singapore", "lists": {"groups": [{"items": [], "count": 2, "type": "created"}]}}, {"tips": {"count": 0}, "contact": {}, "firstName": "\u7d00", "gender": "male", "lastName": "\u6771\u8fb0", "id": "3821603", "bio": "", "photo": {"prefix": "https://igx.4sqi.net/img/user/", "suffix": "/YY3U4USRUDO3R2N0.jpg"}, "homeCity": "Bukit Panjang, Singapore", "lists": {"groups": [{"items": [], "count": 2, "type": "created"}]}}, {"tips": {"count": 2}, "contact": {"facebook": "100000029518449"}, "firstName": "Vince", "gender": "male", "id": "3829118", "bio": "", "photo": {"prefix": "https://igx.4sqi.net/img/user/", "suffix": "/ZHQVE0JYOWOA3IJQ.jpg"}, "homeCity": "Singapore", "lists": {"groups": [{"items": [], "count": 2, "type": "created"}]}}, {"tips": {"count": 0}, "contact": {}, "firstName": "KeN", "gender": "male", "lastName": "Milky", "id": "3995629", "bio": "", "photo": {"prefix": "https://igx.4sqi.net/img/user/", "suffix": "/XTAG0B2M1KTFLPZ3.jpg"}, "homeCity": "Singapore", "lists": {"groups": [{"items": [], "count": 2, "type": "created"}]}}, {"tips": {"count": 1}, "contact": {"twitter": "omastho", "facebook": "556742031"}, "firstName": "Thomas", "gender": "male", "lastName": "Lim Wei Chiang", "id": "3999170", "bio": "", "photo": {"prefix": "https://igx.4sqi.net/img/user/", "suffix": "/PCWKX53FDPVIPUF3.jpg"}, "homeCity": "Singapore", "lists": {"groups": [{"items": [], "count": 2, "type": "created"}]}}, {"tips": {"count": 0}, "contact": {"twitter": "sandrasimx"}, "firstName": "Sandra", "gender": "none", "lastName": "Sim", "id": "4002264", "bio": "", "photo": {"prefix": "https://igx.4sqi.net/img/user/", "suffix": "/LPI0CM5NPA3O5CQS.jpg"}, "homeCity": "Singapore", "lists": {"groups": [{"items": [], "count": 2, "type": "created"}]}}, {"tips": {"count": 0}, "contact": {}, "firstName": "Ivan", "gender": "male", "lastName": "Ho", "id": "4077366", "bio": "", "photo": {"prefix": "https://igx.4sqi.net/img/user/", "suffix": "/AU2152QOXJMJEHBV.jpg"}, "homeCity": "Singapore", "lists": {"groups": [{"items": [], "count": 2, "type": "created"}]}}, {"tips": {"count": 38}, "contact": {"twitter": "angelicfiend"}, "firstName": "Bunny", "gender": "female", "lastName": "Tang", "id": "4115371", "bio": "", "photo": {"prefix": "https://igx.4sqi.net/img/user/", "suffix": "/4115371-OH3ASYLFHVM140MQ.jpg"}, "homeCity": "Singapore", "lists": {"groups": [{"items": [], "count": 2, "type": "created"}]}}, {"tips": {"count": 1}, "contact": {"facebook": "1049369502"}, "firstName": "mcsor", "gender": "female", "id": "4159431", "bio": "", "photo": {"prefix": "https://igx.4sqi.net/img/user/", "suffix": "/AZDA2RQENKCFPU1J.jpg"}, "homeCity": "Singapore, Singapore ", "lists": {"groups": [{"items": [], "count": 2, "type": "created"}]}}, {"tips": {"count": 0}, "contact": {"facebook": "100001047091067"}, "firstName": "ANDY", "gender": "male", "lastName": "TOH KOK HONG", "id": "4161745", "bio": "", "photo": {"prefix": "https://igx.4sqi.net/img/user/", "suffix": "/WJ1OTEJ33DW1DM5X.jpg"}, "homeCity": "Singapore", "lists": {"groups": [{"items": [], "count": 2, "type": "created"}]}}, {"tips": {"count": 2}, "contact": {"twitter": "homarcus", "facebook": "100001463958223"}, "firstName": "Marcus", "gender": "male", "lastName": "Ho", "id": "4204224", "bio": "", "photo": {"prefix": "https://igx.4sqi.net/img/user/", "suffix": "/NK2FUZ4YKS1FC2SF.jpg"}, "homeCity": "Singapore", "lists": {"groups": [{"items": [], "count": 2, "type": "created"}]}}, {"tips": {"count": 0}, "contact": {"facebook": "756753511"}, "firstName": "Joshua", "gender": "male", "lastName": "Ho", "id": "4434172", "bio": "", "photo": {"prefix": "https://igx.4sqi.net/img/user/", "suffix": "/Y0FUDUF2BNUVJS1X.jpg"}, "homeCity": "Singapore", "lists": {"groups": [{"items": [], "count": 2, "type": "created"}]}}, {"tips": {"count": 0}, "contact": {"facebook": "725753096"}, "firstName": "Goondu", "gender": "male", "lastName": "Smartie", "id": "4486715", "bio": "", "photo": {"prefix": "https://igx.4sqi.net/img/user/", "suffix": "/CVZ5YDZ102LJ3BTI.jpg"}, "homeCity": "Singapore", "lists": {"groups": [{"items": [], "count": 2, "type": "created"}]}}, {"tips": {"count": 2}, "contact": {"twitter": "stephynduckkie", "facebook": "1176946347"}, "firstName": "Stephanie", "gender": "female", "lastName": "Ngo", "id": "4593302", "bio": "", "photo": {"prefix": "https://igx.4sqi.net/img/user/", "suffix": "/-O45BH1IZELEBORS1.png"}, "homeCity": "Singapore", "lists": {"groups": [{"items": [], "count": 2, "type": "created"}]}}, {"tips": {"count": 0}, "contact": {"twitter": "denxnise"}, "firstName": "Denise", "gender": "female", "lastName": "Y", "id": "4602895", "bio": "", "photo": {"prefix": "https://igx.4sqi.net/img/user/", "suffix": "/VYTHSGBZIETWT0R4.jpg"}, "homeCity": "Singapore", "lists": {"groups": [{"items": [], "count": 2, "type": "created"}]}}, {"tips": {"count": 33}, "contact": {"twitter": "celestialdeva", "facebook": "576411791"}, "firstName": "Celestine", "gender": "female", "lastName": "Sun", "id": "5261538", "bio": "", "photo": {"prefix": "https://igx.4sqi.net/img/user/", "suffix": "/EODG1EZU4AKRJOM4.jpg"}, "homeCity": "Singapore", "lists": {"groups": [{"items": [], "count": 2, "type": "created"}]}}, {"tips": {"count": 4}, "contact": {"twitter": "chillzbar", "facebook": "1257744046"}, "firstName": "Chillz", "gender": "female", "lastName": "Bar", "id": "5262936", "bio": "", "photo": {"prefix": "https://igx.4sqi.net/img/user/", "suffix": "/WFI0DFMUKBDBJ3QQ.jpg"}, "homeCity": "Singapore", "lists": {"groups": [{"items": [], "count": 2, "type": "created"}]}}, {"tips": {"count": 22}, "contact": {"twitter": "aniceholiday"}, "firstName": "A Nice Holiday", "gender": "none", "id": "5343462", "bio": "", "photo": {"prefix": "https://igx.4sqi.net/img/user/", "suffix": "/LN5NF2KMVBJSVTS5.png"}, "homeCity": "Singapore", "lists": {"groups": [{"items": [], "count": 15, "type": "created"}]}}], "count": 177}, "checksum": "37786e277bf9997430c0b3715a31fe8e0f632655"}, "meta": {"requestId": "5965ecdd4434b96bca34597b", "code": 200}}