{"notifications": [{"type": "notificationTray", "item": {"unreadCount": 0}}], "meta": {"requestId": "5966e2c99fb6b770ee72e9ac", "code": 200}, "response": {"friends": {"count": 15, "items": [{"id": "3914945", "photo": {"prefix": "https://igx.4sqi.net/img/user/", "suffix": "/E3PXQBSMYUHHWIYR.jpg"}, "homeCity": "Shah Alam, Malaysia", "contact": {}, "firstName": "Tsu", "tips": {"count": 0}, "gender": "female", "lastName": "Fei", "lists": {"groups": [{"count": 2, "type": "created", "items": []}]}, "bio": ""}, {"id": "4062167", "photo": {"prefix": "https://igx.4sqi.net/img/user/", "suffix": "/C3RNYU00GAUDKTDD.jpg"}, "homeCity": "Singapore", "contact": {}, "firstName": "Iris", "tips": {"count": 0}, "gender": "female", "lastName": "Looi", "lists": {"groups": [{"count": 2, "type": "created", "items": []}]}, "bio": ""}, {"id": "3352597", "photo": {"prefix": "https://igx.4sqi.net/img/user/", "suffix": "/N3CBGAI1AGSS5PLT.jpg"}, "homeCity": "Singapore", "contact": {}, "firstName": "Barry", "tips": {"count": 0}, "gender": "male", "lastName": "Lim", "lists": {"groups": [{"count": 2, "type": "created", "items": []}]}, "bio": ""}, {"id": "1257007", "photo": {"prefix": "https://igx.4sqi.net/img/user/", "suffix": "/ZLVX1DYYOAX1JAAP.jpg"}, "homeCity": "Singapore", "contact": {"facebook": "592832300", "twitter": "ranlod"}, "firstName": "Rick", "tips": {"count": 1}, "gender": "male", "lastName": "Brown", "lists": {"groups": [{"count": 2, "type": "created", "items": []}]}, "bio": ""}, {"id": "3321320", "photo": {"prefix": "https://igx.4sqi.net/img/user/", "suffix": "/KGASF0YX2GSCB4LX.jpg"}, "homeCity": "Singapore", "contact": {"facebook": "511235820"}, "firstName": "allfadzlie", "tips": {"count": 2}, "gender": "male", "lastName": "roslan", "lists": {"groups": [{"count": 2, "type": "created", "items": []}]}, "bio": ""}, {"id": "3353837", "photo": {"prefix": "https://igx.4sqi.net/img/user/", "suffix": "/X3XRPB5HVJ1WGF0F.jpg"}, "homeCity": "Singapore", "contact": {}, "firstName": "Audrey", "tips": {"count": 0}, "gender": "female", "lastName": "Yeong", "lists": {"groups": [{"count": 2, "type": "created", "items": []}]}, "bio": ""}, {"id": "3938623", "photo": {"prefix": "https://igx.4sqi.net/img/user/", "default": true, "suffix": "/blank_girl.png"}, "homeCity": "Kuala Lumpur, Malaysia", "contact": {}, "firstName": "pAnDa", "tips": {"count": 0}, "gender": "female", "lastName": "G", "lists": {"groups": [{"count": 2, "type": "created", "items": []}]}, "bio": ""}, {"id": "1443091", "photo": {"prefix": "https://igx.4sqi.net/img/user/", "suffix": "/1443091-MEM5H4SKIO35RBRJ.jpg"}, "homeCity": "Singapore", "contact": {"facebook": "563847918", "twitter": "seowster"}, "firstName": "Marc", "tips": {"count": 16}, "gender": "male", "lastName": "Seow", "lists": {"groups": [{"count": 2, "type": "created", "items": []}]}, "bio": ""}, {"id": "3387569", "photo": {"prefix": "https://igx.4sqi.net/img/user/", "suffix": "/CR4WDPEFZWNVNPW5.jpg"}, "homeCity": "Singapore", "contact": {}, "firstName": "Albert", "tips": {"count": 11}, "gender": "male", "lastName": "Oh", "lists": {"groups": [{"count": 2, "type": "created", "items": []}]}, "bio": ""}, {"id": "1446379", "photo": {"prefix": "https://igx.4sqi.net/img/user/", "suffix": "/GQQSK11UO4N0UR0M.jpg"}, "homeCity": "Sembawang, Singapore", "contact": {}, "firstName": "Kelvin", "tips": {"count": 0}, "gender": "male", "lastName": "Ng", "lists": {"groups": [{"count": 2, "type": "created", "items": []}]}, "bio": ""}, {"id": "2532086", "photo": {"prefix": "https://igx.4sqi.net/img/user/", "suffix": "/D0T0O5C4REVM0WRY.jpg"}, "homeCity": "Singapore", "contact": {"facebook": "505401532", "twitter": "tomphutton"}, "firstName": "Tom", "tips": {"count": 0}, "gender": "male", "lastName": "Hutton", "lists": {"groups": [{"count": 2, "type": "created", "items": []}]}, "bio": ""}, {"id": "3251217", "photo": {"prefix": "https://igx.4sqi.net/img/user/", "suffix": "/OQSIHQVWDCOYCD0M.jpg"}, "homeCity": "Singapore", "contact": {}, "firstName": "Ness", "tips": {"count": 13}, "gender": "female", "lastName": "Heng", "lists": {"groups": [{"count": 2, "type": "created", "items": []}]}, "bio": ""}, {"id": "3570238", "photo": {"prefix": "https://igx.4sqi.net/img/user/", "suffix": "/ZXGREYU4B0YSGRZF.jpg"}, "homeCity": "Singapore", "contact": {}, "firstName": "Eileen", "tips": {"count": 0}, "gender": "female", "lastName": "Lee", "lists": {"groups": [{"count": 2, "type": "created", "items": []}]}, "bio": ""}, {"id": "3757370", "photo": {"prefix": "https://igx.4sqi.net/img/user/", "suffix": "/ZUH55EQZPNOIAGDT.jpg"}, "homeCity": "Shah Alam, Malaysia", "contact": {}, "firstName": "Rick", "tips": {"count": 0}, "gender": "male", "lastName": "Chong", "lists": {"groups": [{"count": 2, "type": "created", "items": []}]}, "bio": ""}, {"id": "3994394", "photo": {"prefix": "https://igx.4sqi.net/img/user/", "default": true, "suffix": "/blank_girl.png"}, "homeCity": "Bintan Utara, Indonesia", "contact": {}, "firstName": "Sabrene", "tips": {"count": 0}, "gender": "female", "lastName": "Yap", "lists": {"groups": [{"count": 2, "type": "created", "items": []}]}, "bio": ""}]}, "checksum": "64eabb74229217653c1eea82e2269af3ce1dbfec"}}