{"notifications": [{"type": "notificationTray", "item": {"unreadCount": 0}}], "response": {"friends": {"items": [{"tips": {"count": 0}, "contact": {"facebook": "100000087110246"}, "firstName": "Catherine", "gender": "female", "lastName": "Santillan", "id": "19799679", "bio": "", "photo": {"prefix": "https://igx.4sqi.net/img/user/", "suffix": "/N5I2O4H5JDGI30EM.jpg"}, "homeCity": "Makati City, Philippines", "lists": {"groups": [{"items": [], "count": 2, "type": "created"}]}}, {"tips": {"count": 1}, "contact": {"twitter": "romatheexplorer", "facebook": "545683774"}, "firstName": "Roma", "gender": "female", "lastName": "Herrera", "id": "9405765", "bio": "", "photo": {"prefix": "https://igx.4sqi.net/img/user/", "suffix": "/4WBO3NSH50BJLXU5.jpg"}, "homeCity": "Makati City, Philippines", "lists": {"groups": [{"items": [], "count": 2, "type": "created"}]}}, {"tips": {"count": 130}, "contact": {"twitter": "alivein85", "facebook": "342774279246771"}, "firstName": "D.K.", "gender": "female", "id": "75942837", "bio": "", "photo": {"prefix": "https://igx.4sqi.net/img/user/", "suffix": "/75942837-NDTTS14JSKXMKDHJ.jpg"}, "homeCity": "Manila-Ortigas/ in-between", "lists": {"groups": [{"items": [], "count": 5, "type": "created"}]}}, {"tips": {"count": 4}, "contact": {"twitter": "iamzyrone", "facebook": "1458486852"}, "firstName": "Zyrus Ronn", "gender": "male", "id": "5566249", "bio": "BB Pin: 29F88314", "photo": {"prefix": "https://igx.4sqi.net/img/user/", "suffix": "/3RI1R2NRY30H4LMO.jpg"}, "homeCity": "Pasay, Philippines", "lists": {"groups": [{"items": [], "count": 5, "type": "created"}]}}, {"tips": {"count": 1}, "contact": {"twitter": "iamaemily", "facebook": "1473905427"}, "firstName": "Milette", "gender": "female", "lastName": "Robles", "id": "6760588", "bio": "", "photo": {"prefix": "https://igx.4sqi.net/img/user/", "suffix": "/U1FZU4H2LF2K5UTU.jpg"}, "homeCity": "Valenzuela City", "lists": {"groups": [{"items": [], "count": 2, "type": "created"}]}}, {"tips": {"count": 3}, "contact": {"facebook": "1255085757"}, "firstName": "\u30ab\u30ec\u30f3 \u82b1\u611b", "gender": "female", "lastName": "\u30c9\u30a5\u30e2\u30f3", "id": "36296498", "bio": "", "photo": {"prefix": "https://igx.4sqi.net/img/user/", "suffix": "/36296498-VKMKRJA3LEA4XONZ.jpg"}, "homeCity": "Kanagawa-ken, Tokyo, Japan", "lists": {"groups": [{"items": [], "count": 2, "type": "created"}]}}, {"tips": {"count": 3}, "contact": {"facebook": "530362804"}, "firstName": "Diane", "gender": "female", "lastName": "Aguilar", "id": "25241183", "bio": "", "photo": {"prefix": "https://igx.4sqi.net/img/user/", "suffix": "/SWU2VWUNSKBBQ0BX.jpg"}, "homeCity": "Nueva Ecija", "lists": {"groups": [{"items": [], "count": 2, "type": "created"}]}}, {"tips": {"count": 0}, "contact": {"twitter": "rkrivera247"}, "firstName": "Ralph Kenneth", "gender": "male", "lastName": "Rivera", "id": "17171806", "bio": "", "photo": {"prefix": "https://igx.4sqi.net/img/user/", "suffix": "/VN55Z4EOXPJYUNSY.jpg"}, "homeCity": "Brisbane, Australia", "lists": {"groups": [{"items": [], "count": 2, "type": "created"}]}}, {"tips": {"count": 0}, "contact": {"facebook": "1663334563"}, "firstName": "Kimberly", "gender": "female", "lastName": "Lamug", "id": "4419842", "bio": "", "photo": {"prefix": "https://igx.4sqi.net/img/user/", "suffix": "/blank_girl.png", "default": true}, "homeCity": "Quezon City, Philippines", "lists": {"groups": [{"items": [], "count": 2, "type": "created"}]}}, {"tips": {"count": 1}, "contact": {"twitter": "thelouandrian", "facebook": "1448606213"}, "firstName": "Lou", "gender": "male", "lastName": "Diwa", "id": "13298929", "bio": "", "photo": {"prefix": "https://igx.4sqi.net/img/user/", "suffix": "/PQZM0LHMKINWPMT1.jpg"}, "homeCity": "Philippines", "lists": {"groups": [{"items": [], "count": 2, "type": "created"}]}}, {"tips": {"count": 0}, "contact": {"twitter": "noel_nodalo", "facebook": "100000294250444"}, "firstName": "Noel", "gender": "male", "lastName": "Nodalo", "id": "5482621", "bio": "I only wear what fits me.", "photo": {"prefix": "https://igx.4sqi.net/img/user/", "suffix": "/YLBDWQOGBXG0I1TW.jpg"}, "homeCity": "Manila, Philippines", "lists": {"groups": [{"items": [], "count": 2, "type": "created"}]}}, {"tips": {"count": 3}, "contact": {"twitter": "lmvphoto", "facebook": "1172846253"}, "firstName": "Louis", "gender": "male", "lastName": "Vitsas", "id": "2803154", "bio": "", "photo": {"prefix": "https://igx.4sqi.net/img/user/", "suffix": "/S3VSQNCUBTTODACP.jpg"}, "homeCity": "Riverton, NJ", "lists": {"groups": [{"items": [], "count": 2, "type": "created"}]}}, {"tips": {"count": 1}, "contact": {"facebook": "508982761"}, "firstName": "Marie Nicole", "gender": "female", "lastName": "Martinez", "id": "22374695", "bio": "", "photo": {"prefix": "https://igx.4sqi.net/img/user/", "suffix": "/2OFVWRA4RSIOFXIL.jpg"}, "homeCity": "Makkah", "lists": {"groups": [{"items": [], "count": 2, "type": "created"}]}}, {"tips": {"count": 0}, "contact": {}, "firstName": "Sasuke", "gender": "male", "lastName": "Uchicha", "id": "2203984", "bio": "", "photo": {"prefix": "https://igx.4sqi.net/img/user/", "suffix": "/2AGZGL4ITWH4SR1K.jpg"}, "homeCity": "River Valley, Singapore", "lists": {"groups": [{"items": [], "count": 2, "type": "created"}]}}, {"tips": {"count": 0}, "contact": {}, "firstName": "Janis", "gender": "none", "id": "1674055", "bio": "", "photo": {"prefix": "https://igx.4sqi.net/img/user/", "suffix": "/KAAT1NB4KE2JXBT0.jpg"}, "homeCity": "NY, USA", "lists": {"groups": [{"items": [], "count": 2, "type": "created"}]}}, {"tips": {"count": 5}, "contact": {"twitter": "rxlb", "facebook": "792976459"}, "firstName": "Rexel", "gender": "male", "lastName": "Baylon", "id": "5110212", "bio": "", "photo": {"prefix": "https://igx.4sqi.net/img/user/", "suffix": "/PBLI5HD5OVEY4QEZ.jpg"}, "homeCity": "New York, NY", "lists": {"groups": [{"items": [], "count": 2, "type": "created"}]}}, {"tips": {"count": 11}, "contact": {"twitter": "ofbrinksmanship"}, "firstName": "Brinks", "gender": "female", "lastName": "Alo", "id": "35297403", "bio": "", "photo": {"prefix": "https://igx.4sqi.net/img/user/", "suffix": "/35297403-M55LNYC341D4VYPL.jpg"}, "homeCity": "Laguna", "lists": {"groups": [{"items": [], "count": 2, "type": "created"}]}}, {"tips": {"count": 106}, "contact": {}, "firstName": "Steve", "gender": "male", "lastName": "Ramirez", "id": "123048", "bio": "", "photo": {"prefix": "https://igx.4sqi.net/img/user/", "suffix": "/1TBB1IGRCGR5YWOG.jpg"}, "homeCity": "Arizona and California", "lists": {"groups": [{"items": [], "count": 2, "type": "created"}]}}, {"tips": {"count": 0}, "contact": {"twitter": "jhulzilicious", "facebook": "1068021512"}, "firstName": "Jhulz", "gender": "male", "lastName": "Donor", "id": "22710306", "bio": "", "photo": {"prefix": "https://igx.4sqi.net/img/user/", "suffix": "/22710306-DE0LHB1RF4GTHR3A.jpg"}, "homeCity": "Metropolitan Manila", "lists": {"groups": [{"items": [], "count": 2, "type": "created"}]}}, {"tips": {"count": 9}, "contact": {"twitter": "alohapenny", "facebook": "688074306"}, "firstName": "Penny", "gender": "female", "lastName": "Monasterial", "id": "1021386", "bio": "", "photo": {"prefix": "https://igx.4sqi.net/img/user/", "suffix": "/XUZJJISJ3ZXI2DDH.jpg"}, "homeCity": "Manila, Philippines", "lists": {"groups": [{"items": [], "count": 2, "type": "created"}]}}, {"superuser": 3, "tips": {"count": 52}, "contact": {"twitter": "lexarchy", "facebook": "10153118292504588"}, "firstName": "Alexandra", "gender": "female", "lastName": "De Ocampo", "id": "3046319", "bio": "the scouts represent!", "photo": {"prefix": "https://igx.4sqi.net/img/user/", "suffix": "/3046319-C1QL50OF00SRMIKM.jpg"}, "homeCity": "Quezon City, Philippines", "lists": {"groups": [{"items": [], "count": 2, "type": "created"}]}}, {"tips": {"count": 0}, "contact": {"facebook": "1187847914"}, "firstName": "Rodruf", "gender": "male", "id": "33367573", "bio": "", "photo": {"prefix": "https://igx.4sqi.net/img/user/", "suffix": "/LEUJZSMR5A3QTRA1.jpg"}, "homeCity": "Abu Dhabi", "lists": {"groups": [{"items": [], "count": 2, "type": "created"}]}}, {"tips": {"count": 0}, "contact": {"facebook": "1369361175"}, "firstName": "Thessa", "gender": "female", "lastName": "Gasacao", "id": "10982578", "bio": "", "photo": {"prefix": "https://igx.4sqi.net/img/user/", "suffix": "/X0ELDS3O51DTIW2B.jpg"}, "homeCity": "Lynden, WA", "lists": {"groups": [{"items": [], "count": 2, "type": "created"}]}}, {"tips": {"count": 3}, "contact": {"twitter": "raffyandro", "facebook": "764450203609887"}, "firstName": "Rafael Andro", "gender": "male", "lastName": "Santiago", "id": "45883438", "bio": "I can buy Moo, your Bread and those Carbs. <3", "photo": {"prefix": "https://igx.4sqi.net/img/user/", "suffix": "/45883438-KP2R5KRPBRL4R320.jpg"}, "homeCity": "Metropolitan Manila", "lists": {"groups": [{"items": [], "count": 2, "type": "created"}]}}, {"tips": {"count": 0}, "contact": {"facebook": "100000184390661"}, "firstName": "Marcus", "gender": "male", "lastName": "Angeles", "id": "9491368", "bio": "", "photo": {"prefix": "https://igx.4sqi.net/img/user/", "suffix": "/0CQ2S0TTRO424ZKD.jpg"}, "homeCity": "Carson, CA", "lists": {"groups": [{"items": [], "count": 2, "type": "created"}]}}, {"tips": {"count": 0}, "contact": {}, "firstName": "Trinz", "gender": "female", "lastName": "Talusan", "id": "6896723", "bio": "", "photo": {"prefix": "https://igx.4sqi.net/img/user/", "suffix": "/YZRZMJEMS2A0GQBI.jpg"}, "homeCity": "New York, NY", "lists": {"groups": [{"items": [], "count": 2, "type": "created"}]}}, {"tips": {"count": 0}, "contact": {"twitter": "angievianzon", "facebook": "741718660"}, "firstName": "Angie", "gender": "female", "lastName": "Vianzon", "id": "6797431", "bio": "", "photo": {"prefix": "https://igx.4sqi.net/img/user/", "suffix": "/1GQPWDS1PCG5KYWF.jpg"}, "homeCity": "Quezon City, Philippines", "lists": {"groups": [{"items": [], "count": 3, "type": "created"}]}}, {"tips": {"count": 0}, "contact": {"twitter": "unicahija029", "facebook": "1425765970"}, "firstName": "Jocelyn", "gender": "female", "lastName": "Mangurali", "id": "37039245", "bio": "", "photo": {"prefix": "https://igx.4sqi.net/img/user/", "suffix": "/BFZBGWDJSUGGUP1D.jpg"}, "homeCity": "makati", "lists": {"groups": [{"items": [], "count": 2, "type": "created"}]}}, {"tips": {"count": 0}, "contact": {}, "firstName": "piggy", "gender": "female", "id": "26076499", "bio": "", "photo": {"prefix": "https://igx.4sqi.net/img/user/", "suffix": "/26076499-IN3GZC0QAQOY3IEG.jpg"}, "homeCity": "New York, NY", "lists": {"groups": [{"items": [], "count": 2, "type": "created"}]}}, {"tips": {"count": 0}, "contact": {"facebook": "1779491505"}, "firstName": "Stephenluck", "gender": "male", "lastName": "Tugade", "id": "17235429", "bio": "", "photo": {"prefix": "https://igx.4sqi.net/img/user/", "suffix": "/LPD4P24Q3FP0DL5S.jpg"}, "homeCity": "Manila, Philippines", "lists": {"groups": [{"items": [], "count": 2, "type": "created"}]}}, {"tips": {"count": 0}, "contact": {"twitter": "keynasalting", "facebook": "667174577"}, "firstName": "Keyna", "gender": "female", "lastName": "Salting", "id": "12211418", "bio": "", "photo": {"prefix": "https://igx.4sqi.net/img/user/", "suffix": "/12211418-ETVHL1BCMPWGEFPU.jpg"}, "homeCity": "Singapore", "lists": {"groups": [{"items": [], "count": 2, "type": "created"}]}}, {"tips": {"count": 0}, "contact": {"facebook": "100000044791820"}, "firstName": "Ayen", "gender": "female", "lastName": "Ganzon", "id": "22298236", "bio": "", "photo": {"prefix": "https://igx.4sqi.net/img/user/", "suffix": "/RK4NLA34WWCTRZ2H.jpg"}, "homeCity": "Philippines", "lists": {"groups": [{"items": [], "count": 2, "type": "created"}]}}, {"tips": {"count": 0}, "contact": {"facebook": "520270980"}, "firstName": "Christian'ne", "gender": "female", "lastName": "Cabral", "id": "5589176", "bio": "", "photo": {"prefix": "https://igx.4sqi.net/img/user/", "suffix": "/YRPUIRBXBMJGW5F2.jpg"}, "homeCity": "Cavite City, Philippines", "lists": {"groups": [{"items": [], "count": 2, "type": "created"}]}}, {"tips": {"count": 1}, "contact": {"twitter": "zakey907", "facebook": "1369196080"}, "firstName": "Zaqqy", "gender": "male", "lastName": "Jamil", "id": "3354278", "bio": "", "photo": {"prefix": "https://igx.4sqi.net/img/user/", "suffix": "/UP1HYI1FJEIWS0YI.jpg"}, "homeCity": "Singapore", "lists": {"groups": [{"items": [], "count": 2, "type": "created"}]}}, {"tips": {"count": 36}, "contact": {"twitter": "maraisms"}, "firstName": "Mara", "gender": "female", "lastName": "Ruiz", "id": "3064452", "bio": "", "photo": {"prefix": "https://igx.4sqi.net/img/user/", "suffix": "/LOZFVSNZOKBIFWUU.jpg"}, "homeCity": "Imus, Philippines", "lists": {"groups": [{"items": [], "count": 4, "type": "created"}]}}, {"tips": {"count": 1}, "contact": {"twitter": "kristinecall"}, "firstName": "Kristine", "gender": "female", "lastName": "C.", "id": "5407805", "bio": "", "photo": {"prefix": "https://igx.4sqi.net/img/user/", "suffix": "/R03SLT1EWD4JULXU.jpg"}, "homeCity": "Taguig City, Philippines", "lists": {"groups": [{"items": [], "count": 2, "type": "created"}]}}, {"tips": {"count": 1}, "contact": {"facebook": "1291672573"}, "firstName": "Andrew", "gender": "male", "lastName": "E", "id": "8915611", "bio": "", "photo": {"prefix": "https://igx.4sqi.net/img/user/", "suffix": "/8915611-0BROCWCP21WL01VT.jpg"}, "homeCity": "Pasig City, Philippines", "lists": {"groups": [{"items": [], "count": 2, "type": "created"}]}}, {"tips": {"count": 13}, "contact": {}, "firstName": "kates", "gender": "male", "id": "135726", "bio": "", "photo": {"prefix": "https://igx.4sqi.net/img/user/", "suffix": "/40KMOIMYMOW5U0YG.jpg"}, "homeCity": "Singapore", "lists": {"groups": [{"items": [], "count": 2, "type": "created"}]}}, {"tips": {"count": 0}, "contact": {"facebook": "1365888692"}, "firstName": "Jonas", "gender": "male", "lastName": "Quiban", "id": "50240360", "bio": "", "photo": {"prefix": "https://igx.4sqi.net/img/user/", "suffix": "/YMZHHXNLUCFDEXID.jpg"}, "homeCity": "Pasig, 50", "lists": {"groups": [{"items": [], "count": 2, "type": "created"}]}}, {"tips": {"count": 1}, "contact": {"facebook": "595374256"}, "firstName": "Rose", "gender": "female", "lastName": "Carpena", "id": "1278953", "bio": "", "photo": {"prefix": "https://igx.4sqi.net/img/user/", "suffix": "/JMNBDC1C4X2ED1UU.jpg"}, "homeCity": "Singapore", "lists": {"groups": [{"items": [], "count": 2, "type": "created"}]}}, {"tips": {"count": 9}, "contact": {"twitter": "mitchtbautista", "facebook": "1087835314"}, "firstName": "Mitch", "gender": "male", "lastName": "Bautista", "id": "4690555", "bio": "", "photo": {"prefix": "https://igx.4sqi.net/img/user/", "suffix": "/5BXV3JTST3XUFZP5.jpg"}, "homeCity": "Makati City, Philippines", "lists": {"groups": [{"items": [], "count": 3, "type": "created"}]}}, {"tips": {"count": 0}, "contact": {"facebook": "1133751890"}, "firstName": "Bryan", "gender": "male", "id": "33459843", "bio": "", "photo": {"prefix": "https://igx.4sqi.net/img/user/", "suffix": "/3BPTVQ2CBESADIQB.jpg"}, "homeCity": "Metropolitan Manila", "lists": {"groups": [{"items": [], "count": 2, "type": "created"}]}}, {"tips": {"count": 0}, "contact": {}, "firstName": "Jhulz", "gender": "male", "lastName": "Donor", "id": "47351488", "bio": "", "photo": {"prefix": "https://igx.4sqi.net/img/user/", "suffix": "/1U244M1XHPZH1RJO.jpg"}, "homeCity": "Metropolitan Manila", "lists": {"groups": [{"items": [], "count": 2, "type": "created"}]}}, {"tips": {"count": 0}, "contact": {"facebook": "100000133904233"}, "firstName": "Jacqui", "gender": "female", "lastName": "Malunes", "id": "50963183", "bio": "", "photo": {"prefix": "https://igx.4sqi.net/img/user/", "suffix": "/KUPZ1ORO2C2NOY5C.jpg"}, "homeCity": "Makati", "lists": {"groups": [{"items": [], "count": 2, "type": "created"}]}}, {"tips": {"count": 0}, "contact": {"twitter": "d_frowningclown", "facebook": "817313330"}, "firstName": "Louie", "gender": "male", "lastName": "Nicor", "id": "10888580", "bio": "", "photo": {"prefix": "https://igx.4sqi.net/img/user/", "suffix": "/ULCFG53IG5V1YWQO.jpg"}, "homeCity": "La Carlota, Philippines", "lists": {"groups": [{"items": [], "count": 2, "type": "created"}]}}, {"tips": {"count": 5}, "contact": {"twitter": "angelscirclebbs", "facebook": "10203989538162087"}, "firstName": "Jewel", "gender": "none", "id": "8385370", "bio": "http://www.play-asia.com/SOap-23-83-11b7-71-2c-77-3-49-en-15-blue+xbox-84-j-70-3k1.html", "photo": {"prefix": "https://igx.4sqi.net/img/user/", "suffix": "/ORBEP1I0LI3SS0WE.jpg"}, "homeCity": "Philippines", "lists": {"groups": [{"items": [], "count": 2, "type": "created"}]}}, {"tips": {"count": 17}, "contact": {"twitter": "helgatheweber", "facebook": "678094767"}, "firstName": "Helga", "gender": "female", "lastName": "Weber", "id": "7050766", "bio": "http://blog.ditz-revolution.net", "photo": {"prefix": "https://igx.4sqi.net/img/user/", "suffix": "/7050766-EK1XKNTRNXROW0VB.jpg"}, "homeCity": "Quezon City, Philippines", "lists": {"groups": [{"items": [], "count": 2, "type": "created"}]}}, {"tips": {"count": 1}, "contact": {"twitter": "joey_girl11", "facebook": "838762209"}, "firstName": "Joey", "gender": "female", "lastName": "Aiza", "id": "37592433", "bio": "", "photo": {"prefix": "https://igx.4sqi.net/img/user/", "suffix": "/2XQW12R0TNPC4SQV.jpg"}, "homeCity": "Metropolitan Manila", "lists": {"groups": [{"items": [], "count": 2, "type": "created"}]}}, {"tips": {"count": 2}, "contact": {"twitter": "iampaulinalu"}, "firstName": "Paulina", "gender": "female", "lastName": "Lu", "id": "17567603", "bio": "", "photo": {"prefix": "https://igx.4sqi.net/img/user/", "suffix": "/17567603-HJMIDZS2MMYK054E.jpg"}, "homeCity": "Makati City, Philippines", "lists": {"groups": [{"items": [], "count": 2, "type": "created"}]}}, {"tips": {"count": 0}, "contact": {}, "firstName": "Raheel", "gender": "male", "lastName": "Butt", "id": "13116953", "bio": "", "photo": {"prefix": "https://igx.4sqi.net/img/user/", "suffix": "/OXWU3XMOTGT0J5ZI.jpg"}, "homeCity": "U.A.E", "lists": {"groups": [{"items": [], "count": 2, "type": "created"}]}}, {"tips": {"count": 21}, "contact": {"twitter": "eulhene", "facebook": "1442337386"}, "firstName": "Analyn", "gender": "female", "lastName": "Vasquez-Diwa", "id": "5589871", "bio": "", "photo": {"prefix": "https://igx.4sqi.net/img/user/", "suffix": "/5589871-YZEIAXASJAPOE0FC.jpg"}, "homeCity": "Wonderland \u2728", "lists": {"groups": [{"items": [], "count": 2, "type": "created"}]}}, {"tips": {"count": 3}, "contact": {}, "firstName": "Simon878", "gender": "male", "lastName": "Ong", "id": "5324747", "bio": "", "photo": {"prefix": "https://igx.4sqi.net/img/user/", "suffix": "/2RXML5VEBAHRKTSJ.jpg"}, "homeCity": "Singapore", "lists": {"groups": [{"items": [], "count": 2, "type": "created"}]}}, {"tips": {"count": 0}, "contact": {"facebook": "1763161624"}, "firstName": "Chrizy", "gender": "female", "lastName": "Cat", "id": "21735304", "bio": "", "photo": {"prefix": "https://igx.4sqi.net/img/user/", "suffix": "/F5R2XJ4IER20IMGJ.jpg"}, "homeCity": "New York, NY", "lists": {"groups": [{"items": [], "count": 2, "type": "created"}]}}, {"tips": {"count": 0}, "contact": {"twitter": "sheenaniganzz", "facebook": "1621758072"}, "firstName": "Sheena", "gender": "female", "lastName": "Fortin", "id": "5941572", "bio": "", "photo": {"prefix": "https://igx.4sqi.net/img/user/", "suffix": "/1LU5B2YCULT3RD2E.jpg"}, "homeCity": "Makati City, Philippines", "lists": {"groups": [{"items": [], "count": 2, "type": "created"}]}}, {"tips": {"count": 0}, "contact": {"twitter": "jandreasoliman", "facebook": "1685354892"}, "firstName": "aira", "gender": "female", "lastName": "soliman", "id": "21792341", "bio": "", "photo": {"prefix": "https://igx.4sqi.net/img/user/", "suffix": "/5RBG0MOQQWADTIL1.jpg"}, "homeCity": "Metropolitan Manila", "lists": {"groups": [{"items": [], "count": 2, "type": "created"}]}}, {"tips": {"count": 7}, "contact": {"twitter": "snap1es", "facebook": "100004074232102"}, "firstName": "Scarty", "gender": "female", "id": "1771620", "bio": "", "photo": {"prefix": "https://igx.4sqi.net/img/user/", "suffix": "/FQVLPPFVOKKGNXMC.jpg"}, "homeCity": "Chicago, IL", "lists": {"groups": [{"items": [], "count": 2, "type": "created"}]}}, {"tips": {"count": 0}, "contact": {"facebook": "100000602970066"}, "firstName": "Abegail", "gender": "female", "lastName": "Olan", "id": "84608898", "bio": "", "photo": {"prefix": "https://igx.4sqi.net/img/user/", "suffix": "/blank_girl.png", "default": true}, "homeCity": "", "lists": {"groups": [{"items": [], "count": 2, "type": "created"}]}}, {"tips": {"count": 1}, "contact": {"facebook": "100000188424519"}, "firstName": "John Andrew", "gender": "male", "lastName": "Balandra", "id": "3566070", "bio": "", "photo": {"prefix": "https://igx.4sqi.net/img/user/", "suffix": "/blank_boy.png", "default": true}, "homeCity": "Singapore", "lists": {"groups": [{"items": [], "count": 2, "type": "created"}]}}, {"tips": {"count": 5}, "contact": {"twitter": "glennlosentes", "facebook": "739592225"}, "firstName": "Glenn Anthony", "gender": "male", "lastName": "Losentes", "id": "5301983", "bio": "", "photo": {"prefix": "https://igx.4sqi.net/img/user/", "suffix": "/TQ3YSJI2SXCQP021.jpg"}, "homeCity": "Quezon City, Philippines", "lists": {"groups": [{"items": [], "count": 2, "type": "created"}]}}, {"tips": {"count": 0}, "contact": {"facebook": "1236341874"}, "firstName": "Dahlia", "gender": "female", "id": "33547046", "bio": "", "photo": {"prefix": "https://igx.4sqi.net/img/user/", "suffix": "/X1QOMD453NNRBYES.jpg"}, "homeCity": "Aklan", "lists": {"groups": [{"items": [], "count": 2, "type": "created"}]}}, {"tips": {"count": 0}, "contact": {"twitter": "dida_md", "facebook": "100000123534664"}, "firstName": "Irene Jane", "gender": "female", "lastName": "Solamo", "id": "61257428", "bio": "A Nurse. A Midwife. A Physician. \ud83d\udc89\ud83d\udc8a\ud83d\udccb\n\u2764\ufe0fUnconditional love. Patience. Understanding.\u2764\ufe0f", "photo": {"prefix": "https://igx.4sqi.net/img/user/", "suffix": "/61257428-5Y1WICU3G5VUVBOB.jpg"}, "homeCity": "Valenzuela, 26", "lists": {"groups": [{"items": [], "count": 2, "type": "created"}]}}, {"tips": {"count": 0}, "contact": {"twitter": "stampmeup", "facebook": "740950052"}, "firstName": "Stephanie", "gender": "female", "lastName": "Tumampos", "id": "13350582", "bio": "", "photo": {"prefix": "https://igx.4sqi.net/img/user/", "suffix": "/13350582-J5ZQCBJM0JN51DMU.jpg"}, "homeCity": "Quezon City", "lists": {"groups": [{"items": [], "count": 2, "type": "created"}]}}, {"tips": {"count": 0}, "contact": {}, "firstName": "Alex", "gender": "male", "lastName": "Torres", "id": "8554735", "bio": "", "photo": {"prefix": "https://igx.4sqi.net/img/user/", "suffix": "/1HNPO0FUG0XIINNM.jpg"}, "homeCity": "NY", "lists": {"groups": [{"items": [], "count": 2, "type": "created"}]}}, {"tips": {"count": 5}, "contact": {"twitter": "nicklelove", "facebook": "1029897204"}, "firstName": "Nickle", "gender": "female", "lastName": "Love", "id": "7134081", "bio": "Local Store Marketer at Gerry's Grill Bluewave Macapagal. Loves pugs and pups, reading YA novels, taking pictures, and eating!", "photo": {"prefix": "https://igx.4sqi.net/img/user/", "suffix": "/0A2HIDF4MQON5DTI.jpg"}, "homeCity": "Bacoor City, Philippines", "lists": {"groups": [{"items": [], "count": 3, "type": "created"}]}}, {"tips": {"count": 2}, "contact": {}, "firstName": "A\u2661", "gender": "female", "id": "38155248", "bio": "instagram: antoniosm0m \ud83d\udc9b\ud83d\udc9b\ud83d\udc9b\r\n\u2714\u2714Live like it's heaven \ud83d\ude4f\ud83d\udc7c on earth \ud83c\udf0d. \ud83d\ude18\ud83d\ude0d", "photo": {"prefix": "https://igx.4sqi.net/img/user/", "suffix": "/38155248-E0404S2ZE0FM0PFL.jpg"}, "homeCity": "AUSTRALIA", "lists": {"groups": [{"items": [], "count": 2, "type": "created"}]}}, {"tips": {"count": 14}, "contact": {"twitter": "jeanmelgar"}, "firstName": "Jean", "gender": "female", "lastName": "Melgar", "id": "20162438", "bio": "", "photo": {"prefix": "https://igx.4sqi.net/img/user/", "suffix": "/45T2OBPE5UUIULJB.jpg"}, "homeCity": "Los Ba\u00f1os, Philippines", "lists": {"groups": [{"items": [], "count": 2, "type": "created"}]}}, {"tips": {"count": 1}, "contact": {}, "firstName": "Gyro", "gender": "male", "lastName": "Mendoza", "id": "5714664", "bio": "", "photo": {"prefix": "https://igx.4sqi.net/img/user/", "suffix": "/RE023JPDQJ0DBDAK.jpg"}, "homeCity": "Manila, Philippines", "lists": {"groups": [{"items": [], "count": 3, "type": "created"}]}}, {"tips": {"count": 2}, "contact": {"twitter": "kelaynodalo"}, "firstName": "Kelay", "gender": "female", "lastName": "Nodalo", "id": "20481374", "bio": "", "photo": {"prefix": "https://igx.4sqi.net/img/user/", "suffix": "/20481374-FOC5Y5YBYEQG1NZL.jpg"}, "homeCity": "Philippines", "lists": {"groups": [{"items": [], "count": 4, "type": "created"}]}}, {"tips": {"count": 0}, "contact": {"twitter": "crazysaint_08", "facebook": "1446204691"}, "firstName": "Edraline", "gender": "female", "lastName": "So", "id": "47820878", "bio": "", "photo": {"prefix": "https://igx.4sqi.net/img/user/", "suffix": "/KD5JVAO4PTHUC2EL.jpg"}, "homeCity": "Metropolitan Manila", "lists": {"groups": [{"items": [], "count": 2, "type": "created"}]}}, {"tips": {"count": 0}, "contact": {"facebook": "621827056"}, "firstName": "Jhay", "gender": "male", "lastName": "Barba", "id": "10478627", "bio": "", "photo": {"prefix": "https://igx.4sqi.net/img/user/", "suffix": "/BTQUP01TJYBNXU21.jpg"}, "homeCity": "Quezon City, Philippines", "lists": {"groups": [{"items": [], "count": 2, "type": "created"}]}}, {"tips": {"count": 11}, "contact": {"twitter": "yototab", "facebook": "684800816"}, "firstName": "July", "gender": "male", "lastName": "de Leon", "id": "1961353", "bio": "", "photo": {"prefix": "https://igx.4sqi.net/img/user/", "suffix": "/U5W2MBWSALNRZS1R.jpg"}, "homeCity": "Singapore", "lists": {"groups": [{"items": [], "count": 3, "type": "created"}]}}, {"tips": {"count": 5}, "contact": {"facebook": "556331612"}, "firstName": "Rhod", "gender": "none", "lastName": "Esta", "id": "85803272", "bio": "", "photo": {"prefix": "https://igx.4sqi.net/img/user/", "suffix": "/85803272-03PBL4T4VBXCIGJJ.jpg"}, "homeCity": "Pineda, NCR", "lists": {"groups": [{"items": [], "count": 2, "type": "created"}]}}, {"tips": {"count": 0}, "contact": {"facebook": "586572927"}, "firstName": "Ervin", "gender": "male", "lastName": "Raymundo", "id": "3766024", "bio": "", "photo": {"prefix": "https://igx.4sqi.net/img/user/", "suffix": "/0UPIYR43BHUM0SVO.jpg"}, "homeCity": "Malolos City, Philippines", "lists": {"groups": [{"items": [], "count": 2, "type": "created"}]}}, {"tips": {"count": 7}, "contact": {}, "firstName": "Raizyl", "gender": "female", "lastName": ".", "id": "22467832", "bio": "", "photo": {"prefix": "https://igx.4sqi.net/img/user/", "suffix": "/22467832-T3CNBK3PFNWT10VT.jpg"}, "homeCity": "Makati City", "lists": {"groups": [{"items": [], "count": 2, "type": "created"}]}}, {"tips": {"count": 32}, "contact": {"twitter": "volupcheous", "facebook": "1276234550"}, "firstName": "Marivic", "gender": "female", "lastName": "V.", "id": "52433026", "bio": "Single. Adventurous.", "photo": {"prefix": "https://igx.4sqi.net/img/user/", "suffix": "/BAA4CH21U2W4GMKC.jpg"}, "homeCity": "Cabanatuan City", "lists": {"groups": [{"items": [], "count": 2, "type": "created"}]}}, {"tips": {"count": 0}, "contact": {"facebook": "550056881"}, "firstName": "Eurose", "gender": "female", "lastName": "Dangan", "id": "14110019", "bio": "", "photo": {"prefix": "https://igx.4sqi.net/img/user/", "suffix": "/RSM0EVVLPOW2ATBN.jpg"}, "homeCity": "Manila, Philippines", "lists": {"groups": [{"items": [], "count": 2, "type": "created"}]}}, {"tips": {"count": 1}, "contact": {}, "firstName": "Ilaine", "gender": "female", "lastName": "Jocson", "id": "53006848", "bio": "", "photo": {"prefix": "https://igx.4sqi.net/img/user/", "suffix": "/05SROHBWSGLNTIRN.jpg"}, "homeCity": "", "lists": {"groups": [{"items": [], "count": 2, "type": "created"}]}}, {"tips": {"count": 1}, "contact": {"twitter": "clengcleng_11", "facebook": "100003321286560"}, "firstName": "Claire", "gender": "female", "lastName": "Mendez", "id": "8512547", "bio": "", "photo": {"prefix": "https://igx.4sqi.net/img/user/", "suffix": "/8512547-EE4SUCJLH1P5JLNY.jpg"}, "homeCity": "Singapore", "lists": {"groups": [{"items": [], "count": 2, "type": "created"}]}}, {"tips": {"count": 1}, "contact": {"facebook": "1188103798"}, "firstName": "Yra", "gender": "male", "lastName": "Santos", "id": "24158456", "bio": "", "photo": {"prefix": "https://igx.4sqi.net/img/user/", "suffix": "/UGNGD3MJEY31UBVN.jpg"}, "homeCity": "Metropolitan Manila", "lists": {"groups": [{"items": [], "count": 2, "type": "created"}]}}, {"tips": {"count": 16}, "contact": {"twitter": "schumzz", "facebook": "100000555391302"}, "firstName": "Schumi", "gender": "male", "lastName": "Natalicio", "id": "5857355", "bio": "Music is a safe kind of HIGH", "photo": {"prefix": "https://igx.4sqi.net/img/user/", "suffix": "/5857355-EBSL0IQEONOEPZ2R.jpg"}, "homeCity": "Imus Cavite ", "lists": {"groups": [{"items": [], "count": 2, "type": "created"}]}}, {"tips": {"count": 0}, "contact": {"facebook": "1376897140"}, "firstName": "Blythe", "gender": "female", "lastName": "So", "id": "48577689", "bio": "", "photo": {"prefix": "https://igx.4sqi.net/img/user/", "suffix": "/F1OI2GNZABYO2CKU.jpg"}, "homeCity": "Pasig", "lists": {"groups": [{"items": [], "count": 2, "type": "created"}]}}, {"tips": {"count": 2}, "contact": {"twitter": "cilucie", "facebook": "1260445118"}, "firstName": "Lucille", "gender": "female", "lastName": "Jadulco", "id": "21757798", "bio": "", "photo": {"prefix": "https://igx.4sqi.net/img/user/", "suffix": "/2WACWS4MAQWXXAH2.jpg"}, "homeCity": "Metropolitan Manila", "lists": {"groups": [{"items": [], "count": 3, "type": "created"}]}}, {"tips": {"count": 4}, "contact": {"twitter": "lana_0315", "facebook": "100004211558183"}, "firstName": "Ilaine", "gender": "female", "lastName": "Jocson", "id": "4714640", "bio": "", "photo": {"prefix": "https://igx.4sqi.net/img/user/", "suffix": "/4714640-M10SX2K5P2DKRNXD.jpg"}, "homeCity": "Bacolod City, Philippines", "lists": {"groups": [{"items": [], "count": 2, "type": "created"}]}}, {"tips": {"count": 0}, "contact": {}, "firstName": "G\ud83c\udf3b", "gender": "female", "lastName": "Basilio", "id": "4113856", "bio": "", "photo": {"prefix": "https://igx.4sqi.net/img/user/", "suffix": "/4113856-BKC432XSFJSCPVHX.jpg"}, "homeCity": "Makati City, Philippines", "lists": {"groups": [{"items": [], "count": 2, "type": "created"}]}}, {"tips": {"count": 0}, "contact": {"facebook": "1530710706"}, "firstName": "Roy", "gender": "male", "lastName": "Lirio", "id": "61883422", "bio": "", "photo": {"prefix": "https://igx.4sqi.net/img/user/", "suffix": "/R2CZNWIS1JIPNRQO.jpg"}, "homeCity": "Laredo, TX", "lists": {"groups": [{"items": [], "count": 2, "type": "created"}]}}, {"tips": {"count": 4}, "contact": {"facebook": "537887238"}, "firstName": "D.j.", "gender": "male", "lastName": "Hostalero", "id": "16282744", "bio": "", "photo": {"prefix": "https://igx.4sqi.net/img/user/", "suffix": "/JY2D102IPOBMRND1.jpg"}, "homeCity": "Riyadh, Saudi Arabia", "lists": {"groups": [{"items": [], "count": 2, "type": "created"}]}}, {"tips": {"count": 0}, "contact": {"facebook": "1011920570"}, "firstName": "Kelly", "gender": "female", "lastName": "Reyes", "id": "9143493", "bio": "", "photo": {"prefix": "https://igx.4sqi.net/img/user/", "suffix": "/HOCKJMPDS4JHUA45.jpg"}, "homeCity": "Philippines", "lists": {"groups": [{"items": [], "count": 2, "type": "created"}]}}, {"tips": {"count": 0}, "contact": {"twitter": "shielamho", "facebook": "553224310"}, "firstName": "Shiela", "gender": "female", "lastName": "Kho", "id": "24175489", "bio": "", "photo": {"prefix": "https://igx.4sqi.net/img/user/", "suffix": "/24175489-RFSERHJWMIU440Y3.jpg"}, "homeCity": "Manila, Philippines", "lists": {"groups": [{"items": [], "count": 2, "type": "created"}]}}, {"tips": {"count": 24}, "contact": {"twitter": "camera_snaps", "facebook": "1015890253"}, "firstName": "Mrs. Mark", "gender": "female", "id": "6007039", "bio": "", "photo": {"prefix": "https://igx.4sqi.net/img/user/", "suffix": "/6007039-TELIV04RSATFDXJF.jpg"}, "homeCity": "Norwalk/ Merced, CA", "lists": {"groups": [{"items": [], "count": 6, "type": "created"}]}}, {"tips": {"count": 1}, "contact": {"facebook": "720564339"}, "firstName": "Icha", "gender": "male", "lastName": "Ang", "id": "55927605", "bio": "", "photo": {"prefix": "https://igx.4sqi.net/img/user/", "suffix": "/55927605-FRZZLP1S0MAABH1J.jpg"}, "homeCity": "San Pablo City", "lists": {"groups": [{"items": [], "count": 2, "type": "created"}]}}, {"tips": {"count": 0}, "contact": {}, "firstName": "Charlie", "gender": "male", "lastName": "Medialdea", "id": "7785416", "bio": "", "photo": {"prefix": "https://igx.4sqi.net/img/user/", "suffix": "/blank_boy.png", "default": true}, "homeCity": "New York, NY", "lists": {"groups": [{"items": [], "count": 2, "type": "created"}]}}, {"tips": {"count": 0}, "contact": {"twitter": "lovinglabing"}, "firstName": "Loving", "gender": "female", "lastName": "Rosales", "id": "4596022", "bio": "", "photo": {"prefix": "https://igx.4sqi.net/img/user/", "suffix": "/4596022-HGRBVLNXLYOBY0EH.jpg"}, "homeCity": "Singapore", "lists": {"groups": [{"items": [], "count": 2, "type": "created"}]}}, {"tips": {"count": 1}, "contact": {"facebook": "576367196"}, "firstName": "Tony", "gender": "male", "lastName": "Eccles", "id": "27809483", "bio": "", "photo": {"prefix": "https://igx.4sqi.net/img/user/", "suffix": "/GMC4LHVA5ULVPEWI.jpg"}, "homeCity": "Wrexham", "lists": {"groups": [{"items": [], "count": 2, "type": "created"}]}}, {"tips": {"count": 13}, "contact": {"facebook": "1404098063"}, "firstName": "Kenny", "gender": "male", "lastName": "Nodalo", "id": "10379276", "bio": "", "photo": {"prefix": "https://igx.4sqi.net/img/user/", "suffix": "/I350BDRHH3BRWPT3.jpg"}, "homeCity": "Davao City, Philippines", "lists": {"groups": [{"items": [], "count": 3, "type": "created"}]}}, {"tips": {"count": 0}, "contact": {"facebook": "100000104546043"}, "firstName": "Norbert", "gender": "male", "lastName": "Clores", "id": "24240921", "bio": "", "photo": {"prefix": "https://igx.4sqi.net/img/user/", "suffix": "/TEXRJBQ1M1JPUZMR.jpg"}, "homeCity": "Metropolitan Manila", "lists": {"groups": [{"items": [], "count": 2, "type": "created"}]}}, {"tips": {"count": 0}, "contact": {"twitter": "akosimely", "facebook": "1307679798"}, "firstName": "Melissa", "gender": "female", "lastName": "Gacusan", "id": "6081513", "bio": "", "photo": {"prefix": "https://igx.4sqi.net/img/user/", "suffix": "/6081513-5E130UAHT1CT5L5A.jpg"}, "homeCity": "Manila, Philippines", "lists": {"groups": [{"items": [], "count": 2, "type": "created"}]}}, {"tips": {"count": 1}, "contact": {"facebook": "100000138075623"}, "firstName": "Christine Joycee", "gender": "female", "lastName": "Santelices", "id": "79196037", "bio": "", "photo": {"prefix": "https://igx.4sqi.net/img/user/", "suffix": "/79196037-LCLS0WFT41CVDAE0.jpg"}, "homeCity": "Makati city", "lists": {"groups": [{"items": [], "count": 2, "type": "created"}]}}, {"tips": {"count": 1}, "contact": {"facebook": "1012425359"}, "firstName": "Jay", "gender": "male", "lastName": "Nodalo", "id": "5005756", "bio": "", "photo": {"prefix": "https://igx.4sqi.net/img/user/", "suffix": "/XELU5LDTDMRWNVOL.jpg"}, "homeCity": "Singapore", "lists": {"groups": [{"items": [], "count": 2, "type": "created"}]}}, {"tips": {"count": 0}, "contact": {"facebook": "583119136"}, "firstName": "Gale", "gender": "female", "lastName": "Detera", "id": "49479411", "bio": "", "photo": {"prefix": "https://igx.4sqi.net/img/user/", "suffix": "/XUWKBF5OM1KMLNVR.jpg"}, "homeCity": "Pasig", "lists": {"groups": [{"items": [], "count": 2, "type": "created"}]}}, {"tips": {"count": 0}, "contact": {}, "firstName": "JiggerJohn", "gender": "male", "lastName": "Delgado", "id": "11691008", "bio": "", "photo": {"prefix": "https://igx.4sqi.net/img/user/", "suffix": "/NC3OVO0KF0NPYUGM.jpg"}, "homeCity": "Jeddah, Saudi Arabia", "lists": {"groups": [{"items": [], "count": 2, "type": "created"}]}}, {"tips": {"count": 0}, "contact": {"facebook": "1271854773"}, "firstName": "Alviar", "gender": "male", "lastName": "Anday", "id": "6132659", "bio": "", "photo": {"prefix": "https://igx.4sqi.net/img/user/", "suffix": "/SJE5T5IRGNRTXZJX.jpg"}, "homeCity": "Los Banos, CA", "lists": {"groups": [{"items": [], "count": 2, "type": "created"}]}}, {"tips": {"count": 0}, "contact": {"facebook": "100001276534188"}, "firstName": "Jeffrey", "gender": "male", "lastName": "Santos", "id": "52224561", "bio": "", "photo": {"prefix": "https://igx.4sqi.net/img/user/", "suffix": "/1ZSN0FVVKR5U4FYK.jpg"}, "homeCity": "Makati, D9", "lists": {"groups": [{"items": [], "count": 2, "type": "created"}]}}, {"tips": {"count": 0}, "contact": {"facebook": "1593496104"}, "firstName": "Tosh", "gender": "female", "lastName": "Calicdan", "id": "11882578", "bio": "", "photo": {"prefix": "https://igx.4sqi.net/img/user/", "suffix": "/3FPVLLJVOGN35GKQ.jpg"}, "homeCity": "Makati City, Philippines", "lists": {"groups": [{"items": [], "count": 2, "type": "created"}]}}, {"tips": {"count": 0}, "contact": {"facebook": "1221894080"}, "firstName": "Romeo", "gender": "male", "lastName": "Catapang", "id": "8507471", "bio": "", "photo": {"prefix": "https://igx.4sqi.net/img/user/", "suffix": "/XARKWYP1BKFXIMSI.jpg"}, "homeCity": "Hong Kong", "lists": {"groups": [{"items": [], "count": 2, "type": "created"}]}}, {"tips": {"count": 0}, "contact": {"facebook": "100002077704276"}, "firstName": "Yhong", "gender": "female", "lastName": "Wong", "id": "14653753", "bio": "", "photo": {"prefix": "https://igx.4sqi.net/img/user/", "suffix": "/UTNPZCTDE4MPHH3S.jpg"}, "homeCity": "New York, NY", "lists": {"groups": [{"items": [], "count": 2, "type": "created"}]}}, {"tips": {"count": 0}, "contact": {"facebook": "100002533964350"}, "firstName": "Ruan", "gender": "female", "lastName": "Cuaton", "id": "13171261", "bio": "", "photo": {"prefix": "https://igx.4sqi.net/img/user/", "suffix": "/P0QGNCZD04OZBMKC.jpg"}, "homeCity": "Paddington, NSW", "lists": {"groups": [{"items": [], "count": 2, "type": "created"}]}}, {"tips": {"count": 1}, "contact": {"twitter": "yasimeih", "facebook": "1249760423"}, "firstName": "Yasimeih", "gender": "female", "lastName": "Yage", "id": "22958452", "bio": "", "photo": {"prefix": "https://igx.4sqi.net/img/user/", "suffix": "/SLBMD4CMSIZEQUJR.jpg"}, "homeCity": "", "lists": {"groups": [{"items": [], "count": 3, "type": "created"}]}}, {"tips": {"count": 1}, "contact": {"twitter": "iamjeffcastro", "facebook": "727338018"}, "firstName": "Jeffrey", "gender": "male", "lastName": "Castro", "id": "13409172", "bio": "", "photo": {"prefix": "https://igx.4sqi.net/img/user/", "suffix": "/13409172-210NVSWGFASCW0ZO.jpg"}, "homeCity": "Makati City, Philippines", "lists": {"groups": [{"items": [], "count": 3, "type": "created"}]}}, {"tips": {"count": 0}, "contact": {"facebook": "1044333203"}, "firstName": "Thea", "gender": "female", "lastName": "Garcia", "id": "68671167", "bio": "", "photo": {"prefix": "https://igx.4sqi.net/img/user/", "suffix": "/68671167-SFZOPOFNJIWPH4CV.jpg"}, "homeCity": "", "lists": {"groups": [{"items": [], "count": 2, "type": "created"}]}}, {"tips": {"count": 8}, "contact": {"twitter": "hyperfunk_mike", "facebook": "10155167753455573"}, "firstName": "Mike", "gender": "male", "lastName": "Santos", "id": "13689654", "bio": "Hopeless Romantic... Driven... Crazy... Loud...", "photo": {"prefix": "https://igx.4sqi.net/img/user/", "suffix": "/5OQKVJOYWMFFI210.jpg"}, "homeCity": "Manila, Philippines", "lists": {"groups": [{"items": [], "count": 2, "type": "created"}]}}, {"tips": {"count": 0}, "contact": {"facebook": "1497807326"}, "firstName": "Erika", "gender": "female", "lastName": "Pascual", "id": "24977805", "bio": "", "photo": {"prefix": "https://igx.4sqi.net/img/user/", "suffix": "/MEE4OCMCRKVNYCDH.jpg"}, "homeCity": "Metropolitan Manila", "lists": {"groups": [{"items": [], "count": 2, "type": "created"}]}}, {"tips": {"count": 1}, "contact": {"twitter": "thriftylook", "facebook": "100003901999548"}, "firstName": "Sarj Thrifty", "gender": "female", "lastName": "Look", "id": "41126177", "bio": "freelance web developer/web master, photographer, fashion/travel/food/lifestyle blogger (http://thriftylook.com/feed/) &co-founder of www.katrinasclothing.com", "photo": {"prefix": "https://igx.4sqi.net/img/user/", "suffix": "/WK4A4VMJFVY34ZOB.jpg"}, "homeCity": "Butuan City, Philippines", "lists": {"groups": [{"items": [], "count": 2, "type": "created"}]}}], "count": 112}, "checksum": "acb8c18d172b4dd16ee2125cc73ac7acd24bd754"}, "meta": {"requestId": "596618db351e3d64b2dc963a", "code": 200}}