{"notifications": [{"type": "notificationTray", "item": {"unreadCount": 0}}], "meta": {"requestId": "5966e60add579713004263d7", "code": 200}, "response": {"friends": {"count": 143, "items": [{"id": "4328450", "photo": {"prefix": "https://igx.4sqi.net/img/user/", "suffix": "/4328450_aTcA0cK-_eSabZh-RLDrdSfeOcCpTLbc3fsAPNLxtcSmkr3dLjm0NDDhxpRZ09NJjT7G6NYKB.jpg"}, "homeCity": "Tanjong Bungah, Malaysia", "contact": {"facebook": "1204466451"}, "firstName": "Girlly\ud83c\udf52", "tips": {"count": 16}, "gender": "female", "lastName": "Koay", "lists": {"groups": [{"count": 2, "type": "created", "items": []}]}, "bio": ""}, {"id": "4530921", "photo": {"prefix": "https://igx.4sqi.net/img/user/", "default": true, "suffix": "/blank_girl.png"}, "homeCity": "Singapore", "contact": {"facebook": "1059395098"}, "firstName": "ANISHA", "tips": {"count": 0}, "gender": "female", "lastName": "N A", "lists": {"groups": [{"count": 2, "type": "created", "items": []}]}, "bio": ""}, {"id": "427147", "photo": {"prefix": "https://igx.4sqi.net/img/user/", "default": true, "suffix": "/blank_girl.png"}, "homeCity": "Singapore", "contact": {"facebook": "703601242", "twitter": "tayyvonne"}, "firstName": "Yvonne", "tips": {"count": 1}, "gender": "female", "lastName": "Tay", "lists": {"groups": [{"count": 2, "type": "created", "items": []}]}, "bio": ""}, {"id": "513924", "photo": {"prefix": "https://igx.4sqi.net/img/user/", "suffix": "/XZJXPU4TJWOFA5PA.jpg"}, "homeCity": "Petaling Jaya, Malaysia", "contact": {}, "firstName": "Syat", "tips": {"count": 0}, "gender": "female", "lastName": "Safran", "lists": {"groups": [{"count": 2, "type": "created", "items": []}]}, "bio": ""}, {"id": "2809359", "photo": {"prefix": "https://igx.4sqi.net/img/user/", "suffix": "/JJ1SKHJ1R3NZL3EE.jpg"}, "homeCity": "Kuala Lumpur, Malaysia", "contact": {"facebook": "10153042997744069", "twitter": "kwk219"}, "firstName": "wk", "tips": {"count": 20}, "gender": "male", "lastName": "kong", "lists": {"groups": [{"count": 3, "type": "created", "items": []}]}, "bio": ""}, {"id": "4032962", "photo": {"prefix": "https://igx.4sqi.net/img/user/", "suffix": "/2JYMGETIUGPOLKQK.jpg"}, "homeCity": "New York, NY", "contact": {"facebook": "1292024963"}, "firstName": "Mohd", "tips": {"count": 0}, "gender": "none", "lastName": "Akbar", "lists": {"groups": [{"count": 2, "type": "created", "items": []}]}, "bio": ""}, {"id": "463254", "photo": {"prefix": "https://igx.4sqi.net/img/user/", "suffix": "/463254-QMJZPB0X332SZASE.jpg"}, "homeCity": "Kuala Lumpur, Malaysia", "contact": {"facebook": "10154141939092852", "twitter": "taufulou"}, "firstName": "taufulou", "tips": {"count": 270}, "gender": "male", "lastName": "Bok", "lists": {"groups": [{"count": 2, "type": "created", "items": []}]}, "bio": ""}, {"id": "3792067", "photo": {"prefix": "https://igx.4sqi.net/img/user/", "suffix": "/EVEIH1IJRUJ0O2QQ.jpg"}, "homeCity": "Singapore", "contact": {}, "firstName": "Shauny", "tips": {"count": 3}, "gender": "none", "lists": {"groups": [{"count": 2, "type": "created", "items": []}]}, "bio": ""}, {"id": "125493", "photo": {"prefix": "https://igx.4sqi.net/img/user/", "suffix": "/-1_1259188011899.jpg"}, "homeCity": "Marina Bay, Singapore", "contact": {"facebook": "525742664"}, "firstName": "WeiJie", "tips": {"count": 8}, "gender": "male", "lastName": "Chiang", "lists": {"groups": [{"count": 3, "type": "created", "items": []}]}, "bio": ""}, {"id": "161306", "photo": {"prefix": "https://igx.4sqi.net/img/user/", "suffix": "/2MG5NTY52BV1DDXA.jpg"}, "homeCity": "Singapore", "contact": {"facebook": "665970976", "twitter": "fabriziocaruso"}, "firstName": "Fabrizio", "tips": {"count": 7}, "gender": "male", "lists": {"groups": [{"count": 2, "type": "created", "items": []}]}, "bio": ""}, {"id": "874696", "photo": {"prefix": "https://igx.4sqi.net/img/user/", "default": true, "suffix": "/blank_boy.png"}, "homeCity": "Brisbane, Queensland", "contact": {"facebook": "705180595"}, "firstName": "Sashi", "tips": {"count": 0}, "gender": "male", "lastName": "Rajan", "lists": {"groups": [{"count": 2, "type": "created", "items": []}]}, "bio": ""}, {"id": "3385413", "photo": {"prefix": "https://igx.4sqi.net/img/user/", "suffix": "/V0QHSZWHSXWJU1G2.jpg"}, "homeCity": "Singapore", "contact": {"facebook": "1139682725"}, "firstName": "Yuana", "tips": {"count": 1}, "gender": "female", "lastName": "Rashid", "lists": {"groups": [{"count": 2, "type": "created", "items": []}]}, "bio": ""}, {"id": "1122673", "photo": {"prefix": "https://igx.4sqi.net/img/user/", "suffix": "/II0CRQ0P4ZG1PLDU.jpg"}, "homeCity": "Singapore", "contact": {"facebook": "549871569", "twitter": "jellyfransisca"}, "firstName": "Fransisca", "tips": {"count": 1}, "gender": "female", "lastName": "Jelly Fransisca", "lists": {"groups": [{"count": 2, "type": "created", "items": []}]}, "bio": ""}, {"id": "3587730", "photo": {"prefix": "https://igx.4sqi.net/img/user/", "suffix": "/OKXBNRQILEMY534C.jpg"}, "homeCity": "Singapore", "contact": {"facebook": "753668260"}, "firstName": "Catherine", "tips": {"count": 3}, "gender": "female", "lastName": "Koh-Lim", "lists": {"groups": [{"count": 2, "type": "created", "items": []}]}, "bio": ""}, {"id": "3921745", "photo": {"prefix": "https://igx.4sqi.net/img/user/", "suffix": "/HUYOKNKP43HPZ4BK.jpg"}, "homeCity": "Singapore", "contact": {}, "firstName": "JJ", "tips": {"count": 0}, "gender": "male", "lists": {"groups": [{"count": 2, "type": "created", "items": []}]}, "bio": ""}, {"id": "4684375", "photo": {"prefix": "https://igx.4sqi.net/img/user/", "suffix": "/RQZQ13D3ZWLCDF2U.jpg"}, "homeCity": "Singapore", "contact": {}, "firstName": "Man", "tips": {"count": 0}, "gender": "male", "lastName": "Rimo", "lists": {"groups": [{"count": 2, "type": "created", "items": []}]}, "bio": ""}, {"id": "490075", "photo": {"prefix": "https://igx.4sqi.net/img/user/", "suffix": "/0IRWXXNY1RG15MWM.jpg"}, "homeCity": "Singapore", "contact": {"facebook": "652130937", "twitter": "hermejoy"}, "firstName": "Jeremy", "tips": {"count": 35}, "superuser": 2, "gender": "male", "lastName": "Ho", "lists": {"groups": [{"count": 3, "type": "created", "items": []}]}, "bio": "Guitars, Music, Cars"}, {"id": "2146051", "photo": {"prefix": "https://igx.4sqi.net/img/user/", "suffix": "/023YRHF4LZP3DUIK.jpg"}, "homeCity": "Sembawang Close, Singapore", "contact": {"facebook": "713650496"}, "firstName": "Deeg", "tips": {"count": 0}, "gender": "male", "lastName": "Lim", "lists": {"groups": [{"count": 2, "type": "created", "items": []}]}, "bio": ""}, {"id": "887669", "photo": {"prefix": "https://igx.4sqi.net/img/user/", "suffix": "/SNJXMOZX311ZNZKM.jpg"}, "homeCity": "Kuala Lumpur, Malaysia", "contact": {}, "firstName": "Cindy", "tips": {"count": 3}, "gender": "female", "lastName": "Yong", "lists": {"groups": [{"count": 3, "type": "created", "items": []}]}, "bio": ""}, {"id": "3700620", "photo": {"prefix": "https://igx.4sqi.net/img/user/", "suffix": "/5D24FI1KTBPMCF2L.jpg"}, "homeCity": "New York, NY", "contact": {"facebook": "809969608"}, "firstName": "Sean nicholson", "tips": {"count": 3}, "gender": "male", "lastName": "Ting", "lists": {"groups": [{"count": 2, "type": "created", "items": []}]}, "bio": ""}, {"id": "3957072", "photo": {"prefix": "https://igx.4sqi.net/img/user/", "suffix": "/ZI1VMNM0FNHWO5NO.jpg"}, "homeCity": "Singapore", "contact": {}, "firstName": "Mohd", "tips": {"count": 0}, "gender": "male", "lastName": "Helmi", "lists": {"groups": [{"count": 2, "type": "created", "items": []}]}, "bio": ""}, {"id": "3937003", "photo": {"prefix": "https://igx.4sqi.net/img/user/", "suffix": "/1FU3B55CAISBC1PF.jpg"}, "homeCity": "Singapore", "contact": {"facebook": "607772913"}, "firstName": "Cindy", "tips": {"count": 0}, "gender": "female", "lastName": "Chung", "lists": {"groups": [{"count": 2, "type": "created", "items": []}]}, "bio": ""}, {"id": "4783885", "photo": {"prefix": "https://igx.4sqi.net/img/user/", "suffix": "/J2DA24OFS4NKJZDE.jpg"}, "homeCity": "Singapore", "contact": {"facebook": "575306059"}, "firstName": "Yen Chee", "tips": {"count": 2}, "gender": "none", "lists": {"groups": [{"count": 2, "type": "created", "items": []}]}, "bio": ""}, {"id": "3545537", "photo": {"prefix": "https://igx.4sqi.net/img/user/", "default": true, "suffix": "/blank_girl.png"}, "homeCity": "Singapore", "contact": {"facebook": "522114322"}, "firstName": "Ashley", "tips": {"count": 0}, "gender": "female", "lastName": "Loo", "lists": {"groups": [{"count": 2, "type": "created", "items": []}]}, "bio": ""}, {"id": "4206402", "photo": {"prefix": "https://igx.4sqi.net/img/user/", "suffix": "/LBQBKYEQT5S1OJ4E.jpg"}, "homeCity": "Kuala Lumpur, Malaysia", "contact": {"facebook": "1056257725"}, "firstName": "Erica", "tips": {"count": 8}, "gender": "female", "lists": {"groups": [{"count": 2, "type": "created", "items": []}]}, "bio": ""}, {"id": "1828476", "photo": {"prefix": "https://igx.4sqi.net/img/user/", "suffix": "/TUP5ZMVD3GL1TD1P.jpg"}, "homeCity": "Penang, MY", "contact": {"facebook": "724618854", "twitter": "yuialsvior"}, "firstName": "Yui", "tips": {"count": 43}, "gender": "female", "lastName": "Shira", "lists": {"groups": [{"count": 2, "type": "created", "items": []}]}, "bio": ""}, {"id": "3851603", "photo": {"prefix": "https://igx.4sqi.net/img/user/", "suffix": "/UWJKX13ILOBSLGK0.jpg"}, "homeCity": "Singapore", "contact": {"facebook": "575426556"}, "firstName": "Duane", "tips": {"count": 3}, "gender": "male", "lastName": "Ang", "lists": {"groups": [{"count": 2, "type": "created", "items": []}]}, "bio": ""}, {"id": "4820812", "photo": {"prefix": "https://igx.4sqi.net/img/user/", "suffix": "/04UAOYKOIRY1X1RN.jpg"}, "homeCity": "ChiFeng,China ", "contact": {"facebook": "1419019428"}, "firstName": "Kennyslk", "tips": {"count": 0}, "gender": "male", "lastName": "Chong", "lists": {"groups": [{"count": 2, "type": "created", "items": []}]}, "bio": ""}, {"id": "4715507", "photo": {"prefix": "https://igx.4sqi.net/img/user/", "suffix": "/WGL0V5MDIMTWCI3T.jpg"}, "homeCity": "Pulau Pinang, Malaysia", "contact": {"twitter": "angelababy7"}, "firstName": "Angela", "tips": {"count": 0}, "gender": "female", "lastName": "Loh", "lists": {"groups": [{"count": 2, "type": "created", "items": []}]}, "bio": ""}, {"id": "3097375", "photo": {"prefix": "https://igx.4sqi.net/img/user/", "suffix": "/BHELYWLLZ0H5WOUF.jpg"}, "homeCity": "Pulau Pinang, Malaysia", "contact": {"facebook": "582327518"}, "firstName": "yenni", "tips": {"count": 1}, "gender": "female", "lastName": "yenni", "lists": {"groups": [{"count": 2, "type": "created", "items": []}]}, "bio": ""}, {"id": "3963308", "photo": {"prefix": "https://igx.4sqi.net/img/user/", "suffix": "/VUJSW4YAVHKO513Z.jpg"}, "homeCity": "Pulau Pinang, Malaysia", "contact": {"facebook": "518331278"}, "firstName": "Tamt", "tips": {"count": 21}, "gender": "female", "lastName": "Tan", "lists": {"groups": [{"count": 23, "type": "created", "items": []}]}, "bio": ""}, {"id": "3217970", "photo": {"prefix": "https://igx.4sqi.net/img/user/", "suffix": "/3217970-DEFUPTUG0H1B4X1M.jpg"}, "homeCity": "Singapore", "contact": {"facebook": "10152632036288231", "twitter": "joypat18"}, "firstName": "Joycie", "tips": {"count": 0}, "gender": "female", "lastName": "Wang", "lists": {"groups": [{"count": 2, "type": "created", "items": []}]}, "bio": ""}, {"id": "4020427", "photo": {"prefix": "https://igx.4sqi.net/img/user/", "suffix": "/4020427-QOYIN5AKR4FLXBIV.jpg"}, "homeCity": "Singapore", "contact": {"facebook": "1381985142"}, "firstName": "Pucca", "tips": {"count": 0}, "gender": "female", "lastName": "San", "lists": {"groups": [{"count": 2, "type": "created", "items": []}]}, "bio": ""}, {"id": "3470286", "photo": {"prefix": "https://igx.4sqi.net/img/user/", "suffix": "/1HEO3DSYAEIGHQ0D.jpg"}, "homeCity": "Singapore", "contact": {}, "firstName": "Muhammad Sadiq", "tips": {"count": 0}, "gender": "male", "lastName": "Bakry", "lists": {"groups": [{"count": 2, "type": "created", "items": []}]}, "bio": ""}, {"id": "4137878", "photo": {"prefix": "https://igx.4sqi.net/img/user/", "suffix": "/UL13SHKXP3MOK30P.jpg"}, "homeCity": "Singapore", "contact": {}, "firstName": "Audwin", "tips": {"count": 0}, "gender": "male", "lastName": "Ho", "lists": {"groups": [{"count": 2, "type": "created", "items": []}]}, "bio": ""}, {"id": "3607991", "photo": {"prefix": "https://igx.4sqi.net/img/user/", "suffix": "/3607991-USHUORWXWMVTS5UG.jpg"}, "homeCity": "Singapore", "contact": {}, "firstName": "Alex neo", "tips": {"count": 1}, "gender": "male", "lastName": "\u5b50\u8f69", "lists": {"groups": [{"count": 2, "type": "created", "items": []}]}, "bio": ""}, {"id": "4604350", "photo": {"prefix": "https://igx.4sqi.net/img/user/", "suffix": "/FSYZ4OLMQZ4WQL5D.jpg"}, "homeCity": "Subang Jaya, Malaysia", "contact": {}, "firstName": "Ainie", "tips": {"count": 0}, "gender": "none", "lastName": "Wong", "lists": {"groups": [{"count": 2, "type": "created", "items": []}]}, "bio": ""}, {"id": "3642944", "photo": {"prefix": "https://igx.4sqi.net/img/user/", "suffix": "/J5X3JTWXSWNVJVVD.jpg"}, "homeCity": "Malaysia", "contact": {"facebook": "661568821"}, "firstName": "Yumi", "tips": {"count": 0}, "gender": "female", "lastName": "Fudorinki", "lists": {"groups": [{"count": 2, "type": "created", "items": []}]}, "bio": ""}, {"id": "4695763", "photo": {"prefix": "https://igx.4sqi.net/img/user/", "suffix": "/U4F5QN22TKTIZJ5R.jpg"}, "homeCity": "New York, NY", "contact": {"facebook": "1080429662"}, "firstName": "Sutha", "tips": {"count": 0}, "gender": "female", "lastName": "Mahendran", "lists": {"groups": [{"count": 2, "type": "created", "items": []}]}, "bio": ""}, {"id": "3816699", "photo": {"prefix": "https://igx.4sqi.net/img/user/", "suffix": "/S2CCITHNYXTLIROT.jpg"}, "homeCity": "Singapore ", "contact": {}, "firstName": "Griselda", "tips": {"count": 1}, "gender": "female", "lastName": "Tan", "lists": {"groups": [{"count": 2, "type": "created", "items": []}]}, "bio": ""}, {"id": "4075746", "photo": {"prefix": "https://igx.4sqi.net/img/user/", "suffix": "/ODF0C4RECTFURAFA.jpg"}, "homeCity": "Singapore", "contact": {}, "firstName": "Sidi", "tips": {"count": 0}, "gender": "female", "lastName": "Zhu", "lists": {"groups": [{"count": 2, "type": "created", "items": []}]}, "bio": ""}, {"id": "4595192", "photo": {"prefix": "https://igx.4sqi.net/img/user/", "suffix": "/FRZ0S1GPX4CAV3DN.jpg"}, "homeCity": "Hong Kong", "contact": {"facebook": "641667512", "twitter": "giomelfi"}, "firstName": "Giovanna", "tips": {"count": 15}, "gender": "female", "lastName": "Melfi", "lists": {"groups": [{"count": 2, "type": "created", "items": []}]}, "bio": ""}, {"id": "4596453", "photo": {"prefix": "https://igx.4sqi.net/img/user/", "default": true, "suffix": "/blank_girl.png"}, "homeCity": "Singapore", "contact": {}, "firstName": "Gabrielle", "tips": {"count": 0}, "gender": "female", "lastName": "Chen", "lists": {"groups": [{"count": 2, "type": "created", "items": []}]}, "bio": ""}]}, "checksum": "79cbc29e136b59ad0b2a4a7953625799f56066e0"}}