{"notifications": [{"type": "notificationTray", "item": {"unreadCount": 0}}], "meta": {"requestId": "5966e60a6a607115d5bfb100", "code": 200}, "response": {"friends": {"count": 143, "items": [{"id": "2167689", "photo": {"prefix": "https://igx.4sqi.net/img/user/", "suffix": "/LX3A2RT2DOTCCIYU.jpg"}, "homeCity": "S\u00f6renberg, Switzerland", "contact": {"facebook": "501658066", "twitter": "rohanthatte"}, "firstName": "Rohan", "tips": {"count": 7}, "gender": "male", "lastName": "Thatt\u00e9", "lists": {"groups": [{"count": 5, "type": "created", "items": []}]}, "bio": ""}, {"id": "9456753", "photo": {"prefix": "https://igx.4sqi.net/img/user/", "suffix": "/5RTUWHFWRCTXG354.jpg"}, "homeCity": "Kuala Lumpur, Malaysia", "contact": {"facebook": "100001910065807"}, "firstName": "Stacey", "tips": {"count": 0}, "gender": "female", "lastName": "Khor", "lists": {"groups": [{"count": 2, "type": "created", "items": []}]}, "bio": ""}, {"id": "4328450", "photo": {"prefix": "https://igx.4sqi.net/img/user/", "suffix": "/4328450_aTcA0cK-_eSabZh-RLDrdSfeOcCpTLbc3fsAPNLxtcSmkr3dLjm0NDDhxpRZ09NJjT7G6NYKB.jpg"}, "homeCity": "Tanjong Bungah, Malaysia", "contact": {"facebook": "1204466451"}, "firstName": "Girlly\ud83c\udf52", "tips": {"count": 16}, "gender": "female", "lastName": "Koay", "lists": {"groups": [{"count": 2, "type": "created", "items": []}]}, "bio": ""}, {"id": "1202833", "photo": {"prefix": "https://igx.4sqi.net/img/user/", "suffix": "/VAGR21H1WWZ5XAI0.jpg"}, "homeCity": "Malaysia", "contact": {"facebook": "694136719", "twitter": "ojiahui"}, "firstName": "Jiahui", "tips": {"count": 2}, "gender": "female", "lastName": "Ong", "lists": {"groups": [{"count": 2, "type": "created", "items": []}]}, "bio": ""}, {"id": "427147", "photo": {"prefix": "https://igx.4sqi.net/img/user/", "default": true, "suffix": "/blank_girl.png"}, "homeCity": "Singapore", "contact": {"facebook": "703601242", "twitter": "tayyvonne"}, "firstName": "Yvonne", "tips": {"count": 1}, "gender": "female", "lastName": "Tay", "lists": {"groups": [{"count": 2, "type": "created", "items": []}]}, "bio": ""}, {"id": "6617738", "photo": {"prefix": "https://igx.4sqi.net/img/user/", "suffix": "/YXZSYNCXVDA02G5Z.jpg"}, "homeCity": "Singapore", "contact": {"facebook": "658691322", "twitter": "raytchblossomz"}, "firstName": "raytch", "tips": {"count": 0}, "gender": "female", "lastName": "delfinado", "lists": {"groups": [{"count": 2, "type": "created", "items": []}]}, "bio": ""}, {"id": "7961235", "photo": {"prefix": "https://igx.4sqi.net/img/user/", "suffix": "/0TJJXS5N0SBENL0V.jpg"}, "homeCity": "Singapore", "contact": {}, "firstName": "Joanna", "tips": {"count": 19}, "gender": "female", "lastName": "Tang", "lists": {"groups": [{"count": 14, "type": "created", "items": []}]}, "bio": ""}, {"id": "4268868", "photo": {"prefix": "https://igx.4sqi.net/img/user/", "suffix": "/IJ4FT0YLYDZFZWGH.jpg"}, "homeCity": "Singapore", "contact": {}, "firstName": "jason", "tips": {"count": 4}, "gender": "male", "lastName": "ng", "lists": {"groups": [{"count": 2, "type": "created", "items": []}]}, "bio": ""}, {"id": "513924", "photo": {"prefix": "https://igx.4sqi.net/img/user/", "suffix": "/XZJXPU4TJWOFA5PA.jpg"}, "homeCity": "Petaling Jaya, Malaysia", "contact": {}, "firstName": "Syat", "tips": {"count": 0}, "gender": "female", "lastName": "Safran", "lists": {"groups": [{"count": 2, "type": "created", "items": []}]}, "bio": ""}, {"id": "5465826", "photo": {"prefix": "https://igx.4sqi.net/img/user/", "default": true, "suffix": "/blank_boy.png"}, "homeCity": "Sungai Petani, Malaysia", "contact": {}, "firstName": "Edmund Ooi", "tips": {"count": 0}, "gender": "male", "lists": {"groups": [{"count": 2, "type": "created", "items": []}]}, "bio": ""}, {"id": "2809359", "photo": {"prefix": "https://igx.4sqi.net/img/user/", "suffix": "/JJ1SKHJ1R3NZL3EE.jpg"}, "homeCity": "Kuala Lumpur, Malaysia", "contact": {"facebook": "10153042997744069", "twitter": "kwk219"}, "firstName": "wk", "tips": {"count": 20}, "gender": "male", "lastName": "kong", "lists": {"groups": [{"count": 3, "type": "created", "items": []}]}, "bio": ""}, {"id": "4022647", "photo": {"prefix": "https://igx.4sqi.net/img/user/", "suffix": "/ZNJKDJUXJXC2XXML.jpg"}, "homeCity": "Penang,My", "contact": {"facebook": "100000263222041", "twitter": "cheekeang"}, "firstName": "Ck", "tips": {"count": 0}, "gender": "male", "lists": {"groups": [{"count": 2, "type": "created", "items": []}]}, "bio": ""}, {"id": "463254", "photo": {"prefix": "https://igx.4sqi.net/img/user/", "suffix": "/463254-QMJZPB0X332SZASE.jpg"}, "homeCity": "Kuala Lumpur, Malaysia", "contact": {"facebook": "10154141939092852", "twitter": "taufulou"}, "firstName": "taufulou", "tips": {"count": 270}, "gender": "male", "lastName": "Bok", "lists": {"groups": [{"count": 2, "type": "created", "items": []}]}, "bio": ""}, {"id": "5397062", "photo": {"prefix": "https://igx.4sqi.net/img/user/", "suffix": "/CFXJHZINXPTYNPY1.jpg"}, "homeCity": "Sungai Petani, Malaysia", "contact": {"facebook": "675527529"}, "firstName": "Sammy", "tips": {"count": 0}, "gender": "female", "lastName": "Ng", "lists": {"groups": [{"count": 2, "type": "created", "items": []}]}, "bio": ""}, {"id": "3792067", "photo": {"prefix": "https://igx.4sqi.net/img/user/", "suffix": "/EVEIH1IJRUJ0O2QQ.jpg"}, "homeCity": "Singapore", "contact": {}, "firstName": "Shauny", "tips": {"count": 3}, "gender": "none", "lists": {"groups": [{"count": 2, "type": "created", "items": []}]}, "bio": ""}, {"id": "125493", "photo": {"prefix": "https://igx.4sqi.net/img/user/", "suffix": "/-1_1259188011899.jpg"}, "homeCity": "Marina Bay, Singapore", "contact": {"facebook": "525742664"}, "firstName": "WeiJie", "tips": {"count": 8}, "gender": "male", "lastName": "Chiang", "lists": {"groups": [{"count": 3, "type": "created", "items": []}]}, "bio": ""}, {"id": "161306", "photo": {"prefix": "https://igx.4sqi.net/img/user/", "suffix": "/2MG5NTY52BV1DDXA.jpg"}, "homeCity": "Singapore", "contact": {"facebook": "665970976", "twitter": "fabriziocaruso"}, "firstName": "Fabrizio", "tips": {"count": 7}, "gender": "male", "lists": {"groups": [{"count": 2, "type": "created", "items": []}]}, "bio": ""}, {"id": "874696", "photo": {"prefix": "https://igx.4sqi.net/img/user/", "default": true, "suffix": "/blank_boy.png"}, "homeCity": "Brisbane, Queensland", "contact": {"facebook": "705180595"}, "firstName": "Sashi", "tips": {"count": 0}, "gender": "male", "lastName": "Rajan", "lists": {"groups": [{"count": 2, "type": "created", "items": []}]}, "bio": ""}, {"id": "2665302", "photo": {"prefix": "https://igx.4sqi.net/img/user/", "suffix": "/0Z2PP5PJYS4MQSEA.jpg"}, "homeCity": "Manila, Philippines", "contact": {}, "firstName": "Christian", "tips": {"count": 1}, "gender": "male", "lastName": "Besler", "lists": {"groups": [{"count": 2, "type": "created", "items": []}]}, "bio": ""}, {"id": "1122673", "photo": {"prefix": "https://igx.4sqi.net/img/user/", "suffix": "/II0CRQ0P4ZG1PLDU.jpg"}, "homeCity": "Singapore", "contact": {"facebook": "549871569", "twitter": "jellyfransisca"}, "firstName": "Fransisca", "tips": {"count": 1}, "gender": "female", "lastName": "Jelly Fransisca", "lists": {"groups": [{"count": 2, "type": "created", "items": []}]}, "bio": ""}, {"id": "11593558", "photo": {"prefix": "https://igx.4sqi.net/img/user/", "suffix": "/BLRHMBKMNANGIMPK.jpg"}, "homeCity": "Singapore", "contact": {"facebook": "651145937", "twitter": "bradley_charles"}, "firstName": "Benson", "tips": {"count": 19}, "gender": "male", "lastName": "Whinthorpe III", "lists": {"groups": [{"count": 2, "type": "created", "items": []}]}, "bio": ""}, {"id": "4349242", "photo": {"prefix": "https://igx.4sqi.net/img/user/", "default": true, "suffix": "/blank_girl.png"}, "homeCity": "Georgetown, Malaysia", "contact": {"facebook": "723769870"}, "firstName": "Gan", "tips": {"count": 0}, "gender": "female", "lastName": "Phei kuan", "lists": {"groups": [{"count": 2, "type": "created", "items": []}]}, "bio": ""}, {"id": "4530921", "photo": {"prefix": "https://igx.4sqi.net/img/user/", "default": true, "suffix": "/blank_girl.png"}, "homeCity": "Singapore", "contact": {"facebook": "1059395098"}, "firstName": "ANISHA", "tips": {"count": 0}, "gender": "female", "lastName": "N A", "lists": {"groups": [{"count": 2, "type": "created", "items": []}]}, "bio": ""}, {"id": "6435018", "photo": {"prefix": "https://igx.4sqi.net/img/user/", "suffix": "/ANP2NQOST2JEDHXO.jpg"}, "homeCity": "Sungai Petani, Malaysia", "contact": {}, "firstName": "yun", "tips": {"count": 0}, "gender": "female", "lists": {"groups": [{"count": 2, "type": "created", "items": []}]}, "bio": ""}, {"id": "26563552", "photo": {"prefix": "https://igx.4sqi.net/img/user/", "suffix": "/YVIC1K35DLPM4BOB.jpg"}, "homeCity": "New York, NY", "contact": {"facebook": "538570635"}, "firstName": "Juan", "tips": {"count": 0}, "gender": "male", "lastName": "Bengzon", "lists": {"groups": [{"count": 2, "type": "created", "items": []}]}, "bio": ""}, {"id": "8412068", "photo": {"prefix": "https://igx.4sqi.net/img/user/", "suffix": "/YILWW2VBXLEKLTDG.jpg"}, "homeCity": "Singapore", "contact": {}, "firstName": "Niana", "tips": {"count": 0}, "gender": "female", "lastName": "B-Ithnin", "lists": {"groups": [{"count": 2, "type": "created", "items": []}]}, "bio": ""}, {"id": "5271552", "photo": {"prefix": "https://igx.4sqi.net/img/user/", "suffix": "/GBCHA5VMHCYNOLDF.jpg"}, "homeCity": "Singapore", "contact": {}, "firstName": "Norain", "tips": {"count": 0}, "gender": "female", "lastName": "Ahmad", "lists": {"groups": [{"count": 2, "type": "created", "items": []}]}, "bio": ""}, {"id": "6705780", "photo": {"prefix": "https://igx.4sqi.net/img/user/", "suffix": "/XIH1JZ1BWW1VCRVK.jpg"}, "homeCity": "Singapore", "contact": {}, "firstName": "Clint", "tips": {"count": 0}, "gender": "male", "lastName": "Alagdon", "lists": {"groups": [{"count": 2, "type": "created", "items": []}]}, "bio": ""}, {"id": "5513148", "photo": {"prefix": "https://igx.4sqi.net/img/user/", "suffix": "/VEAYEIGCJU15CSYS.jpg"}, "homeCity": "sg dua,butterworth,pulau pinang,malaysia", "contact": {"facebook": "693885273"}, "firstName": "elvis", "tips": {"count": 0}, "gender": "male", "lastName": "goh", "lists": {"groups": [{"count": 2, "type": "created", "items": []}]}, "bio": ""}, {"id": "3587730", "photo": {"prefix": "https://igx.4sqi.net/img/user/", "suffix": "/OKXBNRQILEMY534C.jpg"}, "homeCity": "Singapore", "contact": {"facebook": "753668260"}, "firstName": "Catherine", "tips": {"count": 3}, "gender": "female", "lastName": "Koh-Lim", "lists": {"groups": [{"count": 2, "type": "created", "items": []}]}, "bio": ""}, {"id": "4032962", "photo": {"prefix": "https://igx.4sqi.net/img/user/", "suffix": "/2JYMGETIUGPOLKQK.jpg"}, "homeCity": "New York, NY", "contact": {"facebook": "1292024963"}, "firstName": "Mohd", "tips": {"count": 0}, "gender": "none", "lastName": "Akbar", "lists": {"groups": [{"count": 2, "type": "created", "items": []}]}, "bio": ""}, {"id": "3167300", "photo": {"prefix": "https://igx.4sqi.net/img/user/", "suffix": "/Q1CX5VS0BGFEE0XC.jpg"}, "homeCity": "Singapore", "contact": {}, "firstName": "Chris", "tips": {"count": 0}, "gender": "male", "lastName": "Pek Wen Kwang", "lists": {"groups": [{"count": 2, "type": "created", "items": []}]}, "bio": ""}, {"id": "7603716", "photo": {"prefix": "https://igx.4sqi.net/img/user/", "default": true, "suffix": "/blank_boy.png"}, "homeCity": "Singapore", "contact": {}, "firstName": "Kelvin", "tips": {"count": 0}, "gender": "male", "lastName": "Chew swee choon", "lists": {"groups": [{"count": 2, "type": "created", "items": []}]}, "bio": ""}, {"id": "4684375", "photo": {"prefix": "https://igx.4sqi.net/img/user/", "suffix": "/RQZQ13D3ZWLCDF2U.jpg"}, "homeCity": "Singapore", "contact": {}, "firstName": "Man", "tips": {"count": 0}, "gender": "male", "lastName": "Rimo", "lists": {"groups": [{"count": 2, "type": "created", "items": []}]}, "bio": ""}, {"id": "134950", "photo": {"prefix": "https://igx.4sqi.net/img/user/", "suffix": "/134950_1259735189625.jpg"}, "homeCity": "Makati City, NCR", "contact": {}, "firstName": "Abhishek", "tips": {"count": 4}, "gender": "male", "lists": {"groups": [{"count": 2, "type": "created", "items": []}]}, "bio": ""}, {"id": "2146051", "photo": {"prefix": "https://igx.4sqi.net/img/user/", "suffix": "/023YRHF4LZP3DUIK.jpg"}, "homeCity": "Sembawang Close, Singapore", "contact": {"facebook": "713650496"}, "firstName": "Deeg", "tips": {"count": 0}, "gender": "male", "lastName": "Lim", "lists": {"groups": [{"count": 2, "type": "created", "items": []}]}, "bio": ""}, {"id": "887669", "photo": {"prefix": "https://igx.4sqi.net/img/user/", "suffix": "/SNJXMOZX311ZNZKM.jpg"}, "homeCity": "Kuala Lumpur, Malaysia", "contact": {}, "firstName": "Cindy", "tips": {"count": 3}, "gender": "female", "lastName": "Yong", "lists": {"groups": [{"count": 3, "type": "created", "items": []}]}, "bio": ""}, {"id": "3385413", "photo": {"prefix": "https://igx.4sqi.net/img/user/", "suffix": "/V0QHSZWHSXWJU1G2.jpg"}, "homeCity": "Singapore", "contact": {"facebook": "1139682725"}, "firstName": "Yuana", "tips": {"count": 1}, "gender": "female", "lastName": "Rashid", "lists": {"groups": [{"count": 2, "type": "created", "items": []}]}, "bio": ""}, {"id": "4893702", "photo": {"prefix": "https://igx.4sqi.net/img/user/", "suffix": "/PXAI0BJ1LO0Z355I.jpg"}, "homeCity": "Singapore", "contact": {}, "firstName": "Allan", "tips": {"count": 0}, "gender": "male", "lastName": "Loo", "lists": {"groups": [{"count": 2, "type": "created", "items": []}]}, "bio": ""}, {"id": "6769509", "photo": {"prefix": "https://igx.4sqi.net/img/user/", "suffix": "/6769509-LBT0MOLIAEON11F3.jpg"}, "homeCity": "Singapore", "contact": {"facebook": "584068070"}, "firstName": "Johnson", "tips": {"count": 0}, "gender": "male", "lastName": "Teo", "lists": {"groups": [{"count": 2, "type": "created", "items": []}]}, "bio": ""}, {"id": "5278138", "photo": {"prefix": "https://igx.4sqi.net/img/user/", "default": true, "suffix": "/blank_girl.png"}, "homeCity": "Singapore", "contact": {"facebook": "631079363"}, "firstName": "Siew yen", "tips": {"count": 0}, "gender": "female", "lastName": "Cheong", "lists": {"groups": [{"count": 2, "type": "created", "items": []}]}, "bio": ""}, {"id": "5614388", "photo": {"prefix": "https://igx.4sqi.net/img/user/", "suffix": "/UJXHS05ULSZKPDPE.jpg"}, "homeCity": "Unnamed Location", "contact": {}, "firstName": "Jelly Fransisca", "tips": {"count": 0}, "gender": "female", "lastName": "Hannah", "lists": {"groups": [{"count": 2, "type": "created", "items": []}]}, "bio": ""}, {"id": "3957072", "photo": {"prefix": "https://igx.4sqi.net/img/user/", "suffix": "/ZI1VMNM0FNHWO5NO.jpg"}, "homeCity": "Singapore", "contact": {}, "firstName": "Mohd", "tips": {"count": 0}, "gender": "male", "lastName": "Helmi", "lists": {"groups": [{"count": 2, "type": "created", "items": []}]}, "bio": ""}, {"id": "8903493", "photo": {"prefix": "https://igx.4sqi.net/img/user/", "default": true, "suffix": "/blank_boy.png"}, "homeCity": "Kuala Lumpur, Malaysia", "contact": {}, "firstName": "Damon", "tips": {"count": 0}, "gender": "male", "lastName": "Chow", "lists": {"groups": [{"count": 2, "type": "created", "items": []}]}, "bio": ""}, {"id": "3921745", "photo": {"prefix": "https://igx.4sqi.net/img/user/", "suffix": "/HUYOKNKP43HPZ4BK.jpg"}, "homeCity": "Singapore", "contact": {}, "firstName": "JJ", "tips": {"count": 0}, "gender": "male", "lists": {"groups": [{"count": 2, "type": "created", "items": []}]}, "bio": ""}, {"id": "4783885", "photo": {"prefix": "https://igx.4sqi.net/img/user/", "suffix": "/J2DA24OFS4NKJZDE.jpg"}, "homeCity": "Singapore", "contact": {"facebook": "575306059"}, "firstName": "Yen Chee", "tips": {"count": 2}, "gender": "none", "lists": {"groups": [{"count": 2, "type": "created", "items": []}]}, "bio": ""}, {"id": "480536", "photo": {"prefix": "https://igx.4sqi.net/img/user/", "suffix": "/QRR2AFFLEKGRC1BV.jpg"}, "homeCity": "Denver, CO", "contact": {}, "firstName": "Maddie", "tips": {"count": 4}, "gender": "female", "lists": {"groups": [{"count": 2, "type": "created", "items": []}]}, "bio": ""}, {"id": "4206402", "photo": {"prefix": "https://igx.4sqi.net/img/user/", "suffix": "/LBQBKYEQT5S1OJ4E.jpg"}, "homeCity": "Kuala Lumpur, Malaysia", "contact": {"facebook": "1056257725"}, "firstName": "Erica", "tips": {"count": 8}, "gender": "female", "lists": {"groups": [{"count": 2, "type": "created", "items": []}]}, "bio": ""}, {"id": "1828476", "photo": {"prefix": "https://igx.4sqi.net/img/user/", "suffix": "/TUP5ZMVD3GL1TD1P.jpg"}, "homeCity": "Penang, MY", "contact": {"facebook": "724618854", "twitter": "yuialsvior"}, "firstName": "Yui", "tips": {"count": 43}, "gender": "female", "lastName": "Shira", "lists": {"groups": [{"count": 2, "type": "created", "items": []}]}, "bio": ""}, {"id": "3700620", "photo": {"prefix": "https://igx.4sqi.net/img/user/", "suffix": "/5D24FI1KTBPMCF2L.jpg"}, "homeCity": "New York, NY", "contact": {"facebook": "809969608"}, "firstName": "Sean nicholson", "tips": {"count": 3}, "gender": "male", "lastName": "Ting", "lists": {"groups": [{"count": 2, "type": "created", "items": []}]}, "bio": ""}, {"id": "5678577", "photo": {"prefix": "https://igx.4sqi.net/img/user/", "suffix": "/C5H0TWTUOQMLW5SP.jpg"}, "homeCity": "Singapore", "contact": {"facebook": "1120121693"}, "firstName": "Kent", "tips": {"count": 0}, "gender": "male", "lastName": "Lee", "lists": {"groups": [{"count": 2, "type": "created", "items": []}]}, "bio": ""}, {"id": "6782438", "photo": {"prefix": "https://igx.4sqi.net/img/user/", "suffix": "/X3YGDUPWGDULNSJY.jpg"}, "homeCity": "Singapore", "contact": {"facebook": "1338937850", "twitter": "ziziazali"}, "firstName": "zizi", "tips": {"count": 0}, "gender": "female", "lastName": "azali", "lists": {"groups": [{"count": 2, "type": "created", "items": []}]}, "bio": ""}, {"id": "5806251", "photo": {"prefix": "https://igx.4sqi.net/img/user/", "suffix": "/NEDUYAJH1HO225CO.jpg"}, "homeCity": "Singapore", "contact": {"facebook": "516508762"}, "firstName": "Michelle", "tips": {"count": 3}, "gender": "female", "lists": {"groups": [{"count": 2, "type": "created", "items": []}]}, "bio": ""}, {"id": "5632155", "photo": {"prefix": "https://igx.4sqi.net/img/user/", "suffix": "/4HHXU4R5EAVF3N3W.jpg"}, "homeCity": "Singapore", "contact": {"facebook": "568889785"}, "firstName": "Farhanah", "tips": {"count": 0}, "gender": "female", "lastName": "Firdaus", "lists": {"groups": [{"count": 2, "type": "created", "items": []}]}, "bio": ""}, {"id": "5016359", "photo": {"prefix": "https://igx.4sqi.net/img/user/", "suffix": "/PRSV11PKWIG03TIG.jpg"}, "homeCity": "Singapore", "contact": {"facebook": "714912923"}, "firstName": "Dave", "tips": {"count": 0}, "gender": "male", "lastName": "Ng", "lists": {"groups": [{"count": 2, "type": "created", "items": []}]}, "bio": ""}, {"id": "3937003", "photo": {"prefix": "https://igx.4sqi.net/img/user/", "suffix": "/1FU3B55CAISBC1PF.jpg"}, "homeCity": "Singapore", "contact": {"facebook": "607772913"}, "firstName": "Cindy", "tips": {"count": 0}, "gender": "female", "lastName": "Chung", "lists": {"groups": [{"count": 2, "type": "created", "items": []}]}, "bio": ""}, {"id": "4820812", "photo": {"prefix": "https://igx.4sqi.net/img/user/", "suffix": "/04UAOYKOIRY1X1RN.jpg"}, "homeCity": "ChiFeng,China ", "contact": {"facebook": "1419019428"}, "firstName": "Kennyslk", "tips": {"count": 0}, "gender": "male", "lastName": "Chong", "lists": {"groups": [{"count": 2, "type": "created", "items": []}]}, "bio": ""}, {"id": "490075", "photo": {"prefix": "https://igx.4sqi.net/img/user/", "suffix": "/0IRWXXNY1RG15MWM.jpg"}, "homeCity": "Singapore", "contact": {"facebook": "652130937", "twitter": "hermejoy"}, "firstName": "Jeremy", "tips": {"count": 35}, "superuser": 2, "gender": "male", "lastName": "Ho", "lists": {"groups": [{"count": 3, "type": "created", "items": []}]}, "bio": "Guitars, Music, Cars"}, {"id": "7555549", "photo": {"prefix": "https://igx.4sqi.net/img/user/", "suffix": "/KPTWMGND31PC5HCY.jpg"}, "homeCity": "Singapore", "contact": {"facebook": "100001899679914"}, "firstName": "Stanley", "tips": {"count": 5}, "gender": "male", "lastName": "Tan", "lists": {"groups": [{"count": 2, "type": "created", "items": []}]}, "bio": ""}, {"id": "3097375", "photo": {"prefix": "https://igx.4sqi.net/img/user/", "suffix": "/BHELYWLLZ0H5WOUF.jpg"}, "homeCity": "Pulau Pinang, Malaysia", "contact": {"facebook": "582327518"}, "firstName": "yenni", "tips": {"count": 1}, "gender": "female", "lastName": "yenni", "lists": {"groups": [{"count": 2, "type": "created", "items": []}]}, "bio": ""}, {"id": "3851603", "photo": {"prefix": "https://igx.4sqi.net/img/user/", "suffix": "/UWJKX13ILOBSLGK0.jpg"}, "homeCity": "Singapore", "contact": {"facebook": "575426556"}, "firstName": "Duane", "tips": {"count": 3}, "gender": "male", "lastName": "Ang", "lists": {"groups": [{"count": 2, "type": "created", "items": []}]}, "bio": ""}, {"id": "6189556", "photo": {"prefix": "https://igx.4sqi.net/img/user/", "suffix": "/32P40YF34XNAK2OF.jpg"}, "homeCity": "Singapore", "contact": {}, "firstName": "Casey", "tips": {"count": 0}, "gender": "female", "lastName": "Soo", "lists": {"groups": [{"count": 2, "type": "created", "items": []}]}, "bio": ""}, {"id": "6826393", "photo": {"prefix": "https://igx.4sqi.net/img/user/", "suffix": "/V3GNOA0CNISWWRNW.jpg"}, "homeCity": "Singapore", "contact": {"facebook": "632618244"}, "firstName": "Sarah", "tips": {"count": 0}, "gender": "female", "lastName": "Low", "lists": {"groups": [{"count": 2, "type": "created", "items": []}]}, "bio": ""}, {"id": "5808077", "photo": {"prefix": "https://igx.4sqi.net/img/user/", "suffix": "/XSJLWMIY0IPQN4ME.jpg"}, "homeCity": "Singapore", "contact": {}, "firstName": "Eliza", "tips": {"count": 0}, "gender": "female", "lastName": "Ahmad", "lists": {"groups": [{"count": 2, "type": "created", "items": []}]}, "bio": ""}, {"id": "5842782", "photo": {"prefix": "https://igx.4sqi.net/img/user/", "suffix": "/F1IG0LZ14AZHNQ4C.jpg"}, "homeCity": "Singapore", "contact": {}, "firstName": "Tiffany", "tips": {"count": 0}, "gender": "female", "lastName": "Liao", "lists": {"groups": [{"count": 2, "type": "created", "items": []}]}, "bio": ""}, {"id": "5054758", "photo": {"prefix": "https://igx.4sqi.net/img/user/", "default": true, "suffix": "/blank_girl.png"}, "homeCity": "Sandy Bay, Australia", "contact": {}, "firstName": "Elycia", "tips": {"count": 0}, "gender": "female", "lastName": "Tang", "lists": {"groups": [{"count": 2, "type": "created", "items": []}]}, "bio": ""}, {"id": "5328183", "photo": {"prefix": "https://igx.4sqi.net/img/user/", "suffix": "/S43HSIMUABOVNZCZ.jpg"}, "homeCity": "Petaling Jaya, Malaysia", "contact": {"facebook": "696744166", "twitter": "yoonpeggy"}, "firstName": "Peggy", "tips": {"count": 3}, "gender": "female", "lastName": "Yoon", "lists": {"groups": [{"count": 2, "type": "created", "items": []}]}, "bio": ""}, {"id": "6604241", "photo": {"prefix": "https://igx.4sqi.net/img/user/", "suffix": "/W3LPCNDYQD5TGVIF.jpg"}, "homeCity": "Sungai Petani, Malaysia", "contact": {}, "firstName": "Ray", "tips": {"count": 0}, "gender": "male", "lastName": "Lim", "lists": {"groups": [{"count": 2, "type": "created", "items": []}]}, "bio": ""}, {"id": "551671", "photo": {"prefix": "https://igx.4sqi.net/img/user/", "suffix": "/551671-L2XDN3IMMFQJYSLH.jpg"}, "homeCity": "London, UK", "contact": {"facebook": "758250415", "twitter": "malekjaber"}, "firstName": "Malek", "tips": {"count": 7}, "gender": "male", "lastName": "Jaber", "lists": {"groups": [{"count": 3, "type": "created", "items": []}]}, "bio": ""}, {"id": "3217970", "photo": {"prefix": "https://igx.4sqi.net/img/user/", "suffix": "/3217970-DEFUPTUG0H1B4X1M.jpg"}, "homeCity": "Singapore", "contact": {"facebook": "10152632036288231", "twitter": "joypat18"}, "firstName": "Joycie", "tips": {"count": 0}, "gender": "female", "lastName": "Wang", "lists": {"groups": [{"count": 2, "type": "created", "items": []}]}, "bio": ""}, {"id": "3963308", "photo": {"prefix": "https://igx.4sqi.net/img/user/", "suffix": "/VUJSW4YAVHKO513Z.jpg"}, "homeCity": "Pulau Pinang, Malaysia", "contact": {"facebook": "518331278"}, "firstName": "Tamt", "tips": {"count": 21}, "gender": "female", "lastName": "Tan", "lists": {"groups": [{"count": 23, "type": "created", "items": []}]}, "bio": ""}, {"id": "6894575", "photo": {"prefix": "https://igx.4sqi.net/img/user/", "suffix": "/VFQZB3MC04KUTHPS.jpg"}, "homeCity": "India", "contact": {"facebook": "524051269"}, "firstName": "ally", "tips": {"count": 2}, "gender": "female", "lists": {"groups": [{"count": 2, "type": "created", "items": []}]}, "bio": ""}, {"id": "7088215", "photo": {"prefix": "https://igx.4sqi.net/img/user/", "suffix": "/OUR2VFMS5HDWJKNQ.jpg"}, "homeCity": "Kajang, Malaysia", "contact": {}, "firstName": "Stanley", "tips": {"count": 0}, "gender": "male", "lastName": "Chan", "lists": {"groups": [{"count": 2, "type": "created", "items": []}]}, "bio": ""}, {"id": "6576754", "photo": {"prefix": "https://igx.4sqi.net/img/user/", "suffix": "/CP3DKCSAONH2LVUB.jpg"}, "homeCity": "Pulau Pinang, Malaysia", "contact": {}, "firstName": "Jannie", "tips": {"count": 8}, "gender": "female", "lastName": "Jane", "lists": {"groups": [{"count": 2, "type": "created", "items": []}]}, "bio": ""}, {"id": "5856673", "photo": {"prefix": "https://igx.4sqi.net/img/user/", "suffix": "/RNCYW3ME5WPQ3UVW.jpg"}, "homeCity": "New York, NY", "contact": {}, "firstName": "Lim", "tips": {"count": 0}, "gender": "female", "lastName": "Amy", "lists": {"groups": [{"count": 2, "type": "created", "items": []}]}, "bio": ""}, {"id": "7334076", "photo": {"prefix": "https://igx.4sqi.net/img/user/", "suffix": "/EEAVIFVG2QMETUUA.jpg"}, "homeCity": "New York, NY", "contact": {}, "firstName": "Evelyn", "tips": {"count": 0}, "gender": "female", "lastName": "Ooi", "lists": {"groups": [{"count": 2, "type": "created", "items": []}]}, "bio": ""}, {"id": "5329394", "photo": {"prefix": "https://igx.4sqi.net/img/user/", "suffix": "/R2T0452OJXFOZOUH.jpg"}, "homeCity": "Singapore", "contact": {}, "firstName": "Andy", "tips": {"count": 0}, "gender": "male", "lastName": "Liew", "lists": {"groups": [{"count": 2, "type": "created", "items": []}]}, "bio": ""}, {"id": "6608004", "photo": {"prefix": "https://igx.4sqi.net/img/user/", "suffix": "/YPOMIY2RUW5DOK3E.jpg"}, "homeCity": "Unnamed Location", "contact": {"facebook": "832555724"}, "firstName": "Jonelyn", "tips": {"count": 0}, "gender": "female", "lastName": "Kok", "lists": {"groups": [{"count": 2, "type": "created", "items": []}]}, "bio": ""}, {"id": "673787", "photo": {"prefix": "https://igx.4sqi.net/img/user/", "suffix": "/U2OQ3SBZEKTFNTQ5.jpg"}, "homeCity": "Singapore", "contact": {"facebook": "696914997", "twitter": "serfly_giri"}, "firstName": "\ud83d\udd30Serfly\ud83d\udd30", "tips": {"count": 17}, "gender": "male", "lists": {"groups": [{"count": 2, "type": "created", "items": []}]}, "bio": "Yahooooo!!!!"}, {"id": "3257255", "photo": {"prefix": "https://igx.4sqi.net/img/user/", "suffix": "/21AWJ3TZDTKRN14L.jpg"}, "homeCity": "Singapore", "contact": {}, "firstName": "Shaun tan", "tips": {"count": 1}, "gender": "male", "lists": {"groups": [{"count": 2, "type": "created", "items": []}]}, "bio": ""}, {"id": "4020427", "photo": {"prefix": "https://igx.4sqi.net/img/user/", "suffix": "/4020427-QOYIN5AKR4FLXBIV.jpg"}, "homeCity": "Singapore", "contact": {"facebook": "1381985142"}, "firstName": "Pucca", "tips": {"count": 0}, "gender": "female", "lastName": "San", "lists": {"groups": [{"count": 2, "type": "created", "items": []}]}, "bio": ""}, {"id": "6919198", "photo": {"prefix": "https://igx.4sqi.net/img/user/", "suffix": "/5SL4AQROP0FAWHGQ.jpg"}, "homeCity": "Singapore", "contact": {}, "firstName": "Jess", "tips": {"count": 0}, "gender": "female", "lists": {"groups": [{"count": 2, "type": "created", "items": []}]}, "bio": ""}, {"id": "7091341", "photo": {"prefix": "https://igx.4sqi.net/img/user/", "default": true, "suffix": "/blank_girl.png"}, "homeCity": "Ipoh, Malaysia", "contact": {}, "firstName": "Beh", "tips": {"count": 0}, "gender": "female", "lastName": "Hooi Suan", "lists": {"groups": [{"count": 2, "type": "created", "items": []}]}, "bio": ""}, {"id": "6670025", "photo": {"prefix": "https://igx.4sqi.net/img/user/", "suffix": "/JTAG3KXRKXGJ0PQ5.jpg"}, "homeCity": "Singapore", "contact": {"facebook": "506677104"}, "firstName": "Kin", "tips": {"count": 5}, "gender": "male", "lists": {"groups": [{"count": 2, "type": "created", "items": []}]}, "bio": ""}, {"id": "5972669", "photo": {"prefix": "https://igx.4sqi.net/img/user/", "suffix": "/5972669-5EV55SBP5IDB32YY.jpg"}, "homeCity": "Unnamed Location", "contact": {"facebook": "544097664", "twitter": "ace56xy"}, "firstName": "Xinyu", "tips": {"count": 6}, "gender": "female", "lists": {"groups": [{"count": 2, "type": "created", "items": []}]}, "bio": ""}, {"id": "9033431", "photo": {"prefix": "https://igx.4sqi.net/img/user/", "suffix": "/1SOZMVSCPFECJ55G.jpg"}, "homeCity": "Singapore", "contact": {"facebook": "731426482", "twitter": "kennytan_com"}, "firstName": "Kenny", "tips": {"count": 3}, "gender": "male", "lastName": "Tan", "lists": {"groups": [{"count": 2, "type": "created", "items": []}]}, "bio": ""}, {"id": "7367546", "photo": {"prefix": "https://igx.4sqi.net/img/user/", "suffix": "/W1RE1CFOGU4VHDGB.jpg"}, "homeCity": "Kuala Lumpur, Malaysia", "contact": {"facebook": "614723796"}, "firstName": "Neoh", "tips": {"count": 0}, "gender": "male", "lastName": "Shun Li", "lists": {"groups": [{"count": 2, "type": "created", "items": []}]}, "bio": ""}, {"id": "9111301", "photo": {"prefix": "https://igx.4sqi.net/img/user/", "suffix": "/0C0HTZHXP2IBP0BW.jpg"}, "homeCity": "Bayan Lepas", "contact": {}, "firstName": "Paul", "tips": {"count": 0}, "gender": "male", "lastName": "Khaw", "lists": {"groups": [{"count": 2, "type": "created", "items": []}]}, "bio": ""}, {"id": "3545537", "photo": {"prefix": "https://igx.4sqi.net/img/user/", "default": true, "suffix": "/blank_girl.png"}, "homeCity": "Singapore", "contact": {"facebook": "522114322"}, "firstName": "Ashley", "tips": {"count": 0}, "gender": "female", "lastName": "Loo", "lists": {"groups": [{"count": 2, "type": "created", "items": []}]}, "bio": ""}, {"id": "3470286", "photo": {"prefix": "https://igx.4sqi.net/img/user/", "suffix": "/1HEO3DSYAEIGHQ0D.jpg"}, "homeCity": "Singapore", "contact": {}, "firstName": "Muhammad Sadiq", "tips": {"count": 0}, "gender": "male", "lastName": "Bakry", "lists": {"groups": [{"count": 2, "type": "created", "items": []}]}, "bio": ""}, {"id": "4137878", "photo": {"prefix": "https://igx.4sqi.net/img/user/", "suffix": "/UL13SHKXP3MOK30P.jpg"}, "homeCity": "Singapore", "contact": {}, "firstName": "Audwin", "tips": {"count": 0}, "gender": "male", "lastName": "Ho", "lists": {"groups": [{"count": 2, "type": "created", "items": []}]}, "bio": ""}, {"id": "6921586", "photo": {"prefix": "https://igx.4sqi.net/img/user/", "suffix": "/OCQUBOQHBXGV4O05.jpg"}, "homeCity": "Sungai Petani, Malaysia", "contact": {}, "firstName": "Ben", "tips": {"count": 1}, "gender": "male", "lastName": "Chim", "lists": {"groups": [{"count": 2, "type": "created", "items": []}]}, "bio": ""}, {"id": "7135182", "photo": {"prefix": "https://igx.4sqi.net/img/user/", "suffix": "/PCAWDK5UQLE0CGUO.jpg"}, "homeCity": "Bayan Lepas, Malaysia", "contact": {}, "firstName": "XYZ", "tips": {"count": 4}, "gender": "male", "lastName": "@V@", "lists": {"groups": [{"count": 2, "type": "created", "items": []}]}, "bio": ""}, {"id": "8024707", "photo": {"prefix": "https://igx.4sqi.net/img/user/", "suffix": "/OQUZSF0IAJJ1AJDG.jpg"}, "homeCity": "Tanjong Bungah, Malaysia", "contact": {}, "firstName": "Alvin", "tips": {"count": 6}, "gender": "male", "lastName": "Lew", "lists": {"groups": [{"count": 2, "type": "created", "items": []}]}, "bio": ""}, {"id": "6007316", "photo": {"prefix": "https://igx.4sqi.net/img/user/", "suffix": "/BKNIJH2PVZTCZCBO.jpg"}, "homeCity": "Woodlands, NH", "contact": {"facebook": "1087326271"}, "firstName": "sharon", "tips": {"count": 0}, "gender": "female", "lastName": "sharonella", "lists": {"groups": [{"count": 2, "type": "created", "items": []}]}, "bio": ""}, {"id": "9096708", "photo": {"prefix": "https://igx.4sqi.net/img/user/", "suffix": "/TQQH3AP3GZQZ1FEO.jpg"}, "homeCity": "Sungai Petani, Malaysia", "contact": {"facebook": "1346405611"}, "firstName": "Fiona", "tips": {"count": 3}, "gender": "female", "lastName": "Leong", "lists": {"groups": [{"count": 2, "type": "created", "items": []}]}, "bio": ""}, {"id": "7619775", "photo": {"prefix": "https://igx.4sqi.net/img/user/", "suffix": "/N0ZX0VI42C3EJPIN.jpg"}, "homeCity": "Singapore", "contact": {}, "firstName": "Nickole", "tips": {"count": 0}, "gender": "female", "lastName": "Yap", "lists": {"groups": [{"count": 2, "type": "created", "items": []}]}, "bio": "Hey guys, i dun use foursquare anymore...."}, {"id": "10495855", "photo": {"prefix": "https://igx.4sqi.net/img/user/", "default": true, "suffix": "/blank_girl.png"}, "homeCity": "NY", "contact": {}, "firstName": "Shiau Wah", "tips": {"count": 0}, "gender": "female", "lastName": "Ang", "lists": {"groups": [{"count": 2, "type": "created", "items": []}]}, "bio": ""}, {"id": "4715507", "photo": {"prefix": "https://igx.4sqi.net/img/user/", "suffix": "/WGL0V5MDIMTWCI3T.jpg"}, "homeCity": "Pulau Pinang, Malaysia", "contact": {"twitter": "angelababy7"}, "firstName": "Angela", "tips": {"count": 0}, "gender": "female", "lastName": "Loh", "lists": {"groups": [{"count": 2, "type": "created", "items": []}]}, "bio": ""}, {"id": "3607991", "photo": {"prefix": "https://igx.4sqi.net/img/user/", "suffix": "/3607991-USHUORWXWMVTS5UG.jpg"}, "homeCity": "Singapore", "contact": {}, "firstName": "Alex neo", "tips": {"count": 1}, "gender": "male", "lastName": "\u5b50\u8f69", "lists": {"groups": [{"count": 2, "type": "created", "items": []}]}, "bio": ""}, {"id": "4604350", "photo": {"prefix": "https://igx.4sqi.net/img/user/", "suffix": "/FSYZ4OLMQZ4WQL5D.jpg"}, "homeCity": "Subang Jaya, Malaysia", "contact": {}, "firstName": "Ainie", "tips": {"count": 0}, "gender": "none", "lastName": "Wong", "lists": {"groups": [{"count": 2, "type": "created", "items": []}]}, "bio": ""}, {"id": "6965798", "photo": {"prefix": "https://igx.4sqi.net/img/user/", "suffix": "/DESMFCKRFNX3AA5W.jpg"}, "homeCity": "Singapore", "contact": {}, "firstName": "Neng", "tips": {"count": 0}, "gender": "female", "lastName": "Lizqista", "lists": {"groups": [{"count": 2, "type": "created", "items": []}]}, "bio": ""}, {"id": "7147119", "photo": {"prefix": "https://igx.4sqi.net/img/user/", "suffix": "/WS4CGBNFMVGVFC2T.jpg"}, "homeCity": "New York, NY", "contact": {}, "firstName": "Kelvin", "tips": {"count": 0}, "gender": "male", "lastName": "Lee", "lists": {"groups": [{"count": 2, "type": "created", "items": []}]}, "bio": ""}, {"id": "8048077", "photo": {"prefix": "https://igx.4sqi.net/img/user/", "suffix": "/FHDTDOL4Y3J4CYLG.jpg"}, "homeCity": "Puchong, Malaysia", "contact": {}, "firstName": "Shimun", "tips": {"count": 5}, "gender": "female", "lastName": "Lee", "lists": {"groups": [{"count": 2, "type": "created", "items": []}]}, "bio": ""}, {"id": "6109653", "photo": {"prefix": "https://igx.4sqi.net/img/user/", "suffix": "/ES0MO1SBF145CRUW.jpg"}, "homeCity": "Singapore", "contact": {"facebook": "1147041352"}, "firstName": "gayle", "tips": {"count": 0}, "gender": "female", "lastName": "bonifacio", "lists": {"groups": [{"count": 2, "type": "created", "items": []}]}, "bio": ""}, {"id": "11989310", "photo": {"prefix": "https://igx.4sqi.net/img/user/", "suffix": "/J3GSO23ADRL0JO51.jpg"}, "homeCity": "NY", "contact": {"facebook": "758302947"}, "firstName": "Adamlau", "tips": {"count": 0}, "gender": "male", "lastName": "\u4ebf\u9e3f", "lists": {"groups": [{"count": 2, "type": "created", "items": []}]}, "bio": ""}, {"id": "4930677", "photo": {"prefix": "https://igx.4sqi.net/img/user/", "suffix": "/JFEZZT2F1VBW05EK.jpg"}, "homeCity": "Puchong, Malaysia", "contact": {"facebook": "655668599"}, "firstName": "Cathryn", "tips": {"count": 0}, "gender": "female", "lists": {"groups": [{"count": 2, "type": "created", "items": []}]}, "bio": ""}, {"id": "3642944", "photo": {"prefix": "https://igx.4sqi.net/img/user/", "suffix": "/J5X3JTWXSWNVJVVD.jpg"}, "homeCity": "Malaysia", "contact": {"facebook": "661568821"}, "firstName": "Yumi", "tips": {"count": 0}, "gender": "female", "lastName": "Fudorinki", "lists": {"groups": [{"count": 2, "type": "created", "items": []}]}, "bio": ""}, {"id": "4695763", "photo": {"prefix": "https://igx.4sqi.net/img/user/", "suffix": "/U4F5QN22TKTIZJ5R.jpg"}, "homeCity": "New York, NY", "contact": {"facebook": "1080429662"}, "firstName": "Sutha", "tips": {"count": 0}, "gender": "female", "lastName": "Mahendran", "lists": {"groups": [{"count": 2, "type": "created", "items": []}]}, "bio": ""}, {"id": "7828007", "photo": {"prefix": "https://igx.4sqi.net/img/user/", "suffix": "/EAR3TUUFMK2LC4YK.jpg"}, "homeCity": "Malaysia", "contact": {"facebook": "100000156996099"}, "firstName": "Danny", "tips": {"count": 0}, "gender": "male", "lastName": "Goh", "lists": {"groups": [{"count": 2, "type": "created", "items": []}]}, "bio": ""}, {"id": "7202944", "photo": {"prefix": "https://igx.4sqi.net/img/user/", "suffix": "/AN1CKJFR2G0US4AU.jpg"}, "homeCity": "New York, NY", "contact": {}, "firstName": "Adrian", "tips": {"count": 0}, "gender": "male", "lastName": "AuYong", "lists": {"groups": [{"count": 2, "type": "created", "items": []}]}, "bio": ""}, {"id": "8197910", "photo": {"prefix": "https://igx.4sqi.net/img/user/", "suffix": "/XOSCTFBTKUSWM1U2.jpg"}, "homeCity": "Petaling Jaya, Malaysia", "contact": {}, "firstName": "Aaron", "tips": {"count": 0}, "gender": "male", "lastName": "Chen", "lists": {"groups": [{"count": 2, "type": "created", "items": []}]}, "bio": ""}, {"id": "9292443", "photo": {"prefix": "https://igx.4sqi.net/img/user/", "suffix": "/GZXZJMFMIEKSLOGY.jpg"}, "homeCity": "Petaling Jaya, Malaysia", "contact": {}, "firstName": "Quinn", "tips": {"count": 0}, "gender": "female", "lastName": "Ng", "lists": {"groups": [{"count": 2, "type": "created", "items": []}]}, "bio": ""}, {"id": "5058777", "photo": {"prefix": "https://igx.4sqi.net/img/user/", "suffix": "/3200CIPLV2BNMO5T.jpg"}, "homeCity": "Singapore", "contact": {}, "firstName": "Musadiq", "tips": {"count": 0}, "gender": "male", "lastName": "Abbas", "lists": {"groups": [{"count": 2, "type": "created", "items": []}]}, "bio": ""}, {"id": "3816699", "photo": {"prefix": "https://igx.4sqi.net/img/user/", "suffix": "/S2CCITHNYXTLIROT.jpg"}, "homeCity": "Singapore ", "contact": {}, "firstName": "Griselda", "tips": {"count": 1}, "gender": "female", "lastName": "Tan", "lists": {"groups": [{"count": 2, "type": "created", "items": []}]}, "bio": ""}, {"id": "5873681", "photo": {"prefix": "https://igx.4sqi.net/img/user/", "suffix": "/RMI2TK5WOEZRV1PH.jpg"}, "homeCity": "Unnamed Location", "contact": {"facebook": "554360766"}, "firstName": "Joseph", "tips": {"count": 0}, "gender": "male", "lastName": "Lim", "lists": {"groups": [{"count": 2, "type": "created", "items": []}]}, "bio": ""}, {"id": "10023890", "photo": {"prefix": "https://igx.4sqi.net/img/user/", "suffix": "/RYDZ1YOCTYQVYYXV.jpg"}, "homeCity": "Gelugor, Malaysia", "contact": {}, "firstName": "Patricia", "tips": {"count": 0}, "gender": "female", "lastName": "Lim", "lists": {"groups": [{"count": 2, "type": "created", "items": []}]}, "bio": ""}, {"id": "11856461", "photo": {"prefix": "https://igx.4sqi.net/img/user/", "suffix": "/UGVHZQF1T5YP3K5R.jpg"}, "homeCity": "New York, NY", "contact": {"facebook": "100000037450182"}, "firstName": "HuiLing", "tips": {"count": 0}, "gender": "female", "lastName": "Gan", "lists": {"groups": [{"count": 2, "type": "created", "items": []}]}, "bio": ""}, {"id": "8205839", "photo": {"prefix": "https://igx.4sqi.net/img/user/", "suffix": "/1K5U2XNGGEDFZZ0E.jpg"}, "homeCity": "Kuala Lumpur, Malaysia", "contact": {"facebook": "532833161", "twitter": "dawnjeremiah"}, "firstName": "Dawn", "tips": {"count": 40}, "gender": "female", "lastName": "J", "lists": {"groups": [{"count": 2, "type": "created", "items": []}]}, "bio": ""}, {"id": "9292985", "photo": {"prefix": "https://igx.4sqi.net/img/user/", "suffix": "/2XMZQZKUPVH5JPYX.jpg"}, "homeCity": "Perth ", "contact": {"facebook": "632845602", "twitter": "vincent_doe"}, "firstName": "Vincent", "tips": {"count": 1}, "gender": "male", "lastName": "Doe", "lists": {"groups": [{"count": 2, "type": "created", "items": []}]}, "bio": ""}, {"id": "5069923", "photo": {"prefix": "https://igx.4sqi.net/img/user/", "default": true, "suffix": "/blank_girl.png"}, "homeCity": "Singapore", "contact": {}, "firstName": "Jill", "tips": {"count": 0}, "gender": "female", "lastName": "Eaw", "lists": {"groups": [{"count": 2, "type": "created", "items": []}]}, "bio": ""}, {"id": "4075746", "photo": {"prefix": "https://igx.4sqi.net/img/user/", "suffix": "/ODF0C4RECTFURAFA.jpg"}, "homeCity": "Singapore", "contact": {}, "firstName": "Sidi", "tips": {"count": 0}, "gender": "female", "lastName": "Zhu", "lists": {"groups": [{"count": 2, "type": "created", "items": []}]}, "bio": ""}, {"id": "5992230", "photo": {"prefix": "https://igx.4sqi.net/img/user/", "suffix": "/WOKSR4XFL0B5PGY3.jpg"}, "homeCity": "Singapore", "contact": {}, "firstName": "raging", "tips": {"count": 0}, "gender": "female", "lastName": "raytch", "lists": {"groups": [{"count": 2, "type": "created", "items": []}]}, "bio": ""}, {"id": "12526522", "photo": {"prefix": "https://igx.4sqi.net/img/user/", "suffix": "/KSJBIXAW0TWTGZO5.jpg"}, "homeCity": "Singapore", "contact": {"facebook": "658391448"}, "firstName": "Andy", "tips": {"count": 1}, "gender": "male", "lastName": "Victor", "lists": {"groups": [{"count": 2, "type": "created", "items": []}]}, "bio": ""}, {"id": "15490052", "photo": {"prefix": "https://igx.4sqi.net/img/user/", "suffix": "/FJPHAX5INKSN2C50.jpg"}, "homeCity": "Petaling Jaya, Malaysia", "contact": {"facebook": "629822058"}, "firstName": "Felix", "tips": {"count": 0}, "gender": "male", "lastName": "Tan", "lists": {"groups": [{"count": 2, "type": "created", "items": []}]}, "bio": ""}, {"id": "8495611", "photo": {"prefix": "https://igx.4sqi.net/img/user/", "suffix": "/8495611-2HZGSW410B5LHIP0.jpg"}, "homeCity": "Singapore", "contact": {"facebook": "519657885"}, "firstName": "Shu Peng", "tips": {"count": 0}, "gender": "female", "lastName": "Lim", "lists": {"groups": [{"count": 2, "type": "created", "items": []}]}, "bio": ""}, {"id": "5420331", "photo": {"prefix": "https://igx.4sqi.net/img/user/", "suffix": "/UZA5RXE4WDB32RM5.jpg"}, "homeCity": "Singapore", "contact": {}, "firstName": "Ann", "tips": {"count": 0}, "gender": "female", "lastName": "Macsraig", "lists": {"groups": [{"count": 2, "type": "created", "items": []}]}, "bio": ""}, {"id": "4595192", "photo": {"prefix": "https://igx.4sqi.net/img/user/", "suffix": "/FRZ0S1GPX4CAV3DN.jpg"}, "homeCity": "Hong Kong", "contact": {"facebook": "641667512", "twitter": "giomelfi"}, "firstName": "Giovanna", "tips": {"count": 15}, "gender": "female", "lastName": "Melfi", "lists": {"groups": [{"count": 2, "type": "created", "items": []}]}, "bio": ""}, {"id": "6487202", "photo": {"prefix": "https://igx.4sqi.net/img/user/", "suffix": "/TJAIV2K0AQVUZF0Z.jpg"}, "homeCity": "New York, NY", "contact": {}, "firstName": "Paul Winston", "tips": {"count": 0}, "gender": "male", "lastName": "David", "lists": {"groups": [{"count": 2, "type": "created", "items": []}]}, "bio": ""}, {"id": "29227503", "photo": {"prefix": "https://igx.4sqi.net/img/user/", "suffix": "/VIKU3ZVBYAJNJ2HE.jpg"}, "homeCity": "Th\u00e1i Nguy\u00ean", "contact": {"facebook": "556062913"}, "firstName": "CK", "tips": {"count": 0}, "gender": "male", "lastName": "Kuan", "lists": {"groups": [{"count": 2, "type": "created", "items": []}]}, "bio": ""}, {"id": "7910597", "photo": {"prefix": "https://igx.4sqi.net/img/user/", "suffix": "/7910597-W2LBYABTT1SY1PIH.jpg"}, "homeCity": "Kuala Lumpur, Malaysia", "contact": {"facebook": "1151776487"}, "firstName": "Kum foo", "tips": {"count": 13}, "gender": "male", "lastName": "Choo", "lists": {"groups": [{"count": 2, "type": "created", "items": []}]}, "bio": ""}, {"id": "4596453", "photo": {"prefix": "https://igx.4sqi.net/img/user/", "default": true, "suffix": "/blank_girl.png"}, "homeCity": "Singapore", "contact": {}, "firstName": "Gabrielle", "tips": {"count": 0}, "gender": "female", "lastName": "Chen", "lists": {"groups": [{"count": 2, "type": "created", "items": []}]}, "bio": ""}, {"id": "8691261", "photo": {"prefix": "https://igx.4sqi.net/img/user/", "suffix": "/YWK5ANJACK42E1ZE.jpg"}, "homeCity": "Singapore", "contact": {"facebook": "517360210"}, "firstName": "Jonathan", "tips": {"count": 0}, "gender": "male", "lastName": "Leong", "lists": {"groups": [{"count": 2, "type": "created", "items": []}]}, "bio": ""}, {"id": "10363494", "photo": {"prefix": "https://igx.4sqi.net/img/user/", "suffix": "/ST5AQQVIXCK52Q5B.jpg"}, "homeCity": "New York, NY", "contact": {}, "firstName": "Berry", "tips": {"count": 0}, "gender": "male", "lastName": "Chua", "lists": {"groups": [{"count": 2, "type": "created", "items": []}]}, "bio": ""}, {"id": "5264319", "photo": {"prefix": "https://igx.4sqi.net/img/user/", "suffix": "/YFK0KQWW35QP4CK2.jpg"}, "homeCity": "Perai, Malaysia", "contact": {}, "firstName": "Pan", "tips": {"count": 9}, "gender": "male", "lastName": "Khaw", "lists": {"groups": [{"count": 2, "type": "created", "items": []}]}, "bio": ""}, {"id": "8825436", "photo": {"prefix": "https://igx.4sqi.net/img/user/", "suffix": "/ORUZ5YAIO3DYD5AU.jpg"}, "homeCity": "Ayer Itam, Malaysia", "contact": {"facebook": "553887627"}, "firstName": "Colleen", "tips": {"count": 1}, "gender": "female", "lastName": "Sim", "lists": {"groups": [{"count": 2, "type": "created", "items": []}]}, "bio": ""}, {"id": "5655181", "photo": {"prefix": "https://igx.4sqi.net/img/user/", "suffix": "/JCQGSCLORESLV1FX.jpg"}, "homeCity": "Bayan Lepas, Malaysia", "contact": {"facebook": "642353442"}, "firstName": "Miow", "tips": {"count": 4}, "gender": "female", "lists": {"groups": [{"count": 2, "type": "created", "items": []}]}, "bio": ""}, {"id": "5958964", "photo": {"prefix": "https://igx.4sqi.net/img/user/", "default": true, "suffix": "/blank_girl.png"}, "homeCity": "Singapore", "contact": {}, "firstName": "Sherry", "tips": {"count": 0}, "gender": "female", "lastName": "Ong", "lists": {"groups": [{"count": 2, "type": "created", "items": []}]}, "bio": ""}, {"id": "6470435", "photo": {"prefix": "https://igx.4sqi.net/img/user/", "suffix": "/R0YYP405XTDH3OBN.jpg"}, "homeCity": "New York, NY", "contact": {"twitter": "weirdotong"}, "firstName": "Cheryl", "tips": {"count": 0}, "gender": "female", "lastName": "Tong", "lists": {"groups": [{"count": 2, "type": "created", "items": []}]}, "bio": ""}, {"id": "7315736", "photo": {"prefix": "https://igx.4sqi.net/img/user/", "suffix": "/OHYEFKCYKJDBKM5U.jpg"}, "homeCity": "Singapore", "contact": {"facebook": "701500802", "twitter": "winson_leow"}, "firstName": "Winson", "tips": {"count": 0}, "gender": "male", "lastName": "Leow", "lists": {"groups": [{"count": 2, "type": "created", "items": []}]}, "bio": ""}, {"id": "8652112", "photo": {"prefix": "https://igx.4sqi.net/img/user/", "default": true, "suffix": "/blank_boy.png"}, "homeCity": "Munich", "contact": {}, "firstName": "Michael", "tips": {"count": 3}, "gender": "none", "lastName": "H.", "lists": {"groups": [{"count": 2, "type": "created", "items": []}]}, "bio": ""}, {"id": "8728436", "photo": {"prefix": "https://igx.4sqi.net/img/user/", "suffix": "/8728436-WCLEMI1IFC25QIOW.jpg"}, "homeCity": "Pulau Pinang, Malaysia", "contact": {"facebook": "692847845", "twitter": "taniajeanblake"}, "firstName": "Tania Jean", "tips": {"count": 1}, "gender": "female", "lastName": "Blake", "lists": {"groups": [{"count": 2, "type": "created", "items": []}]}, "bio": ""}, {"id": "13512748", "photo": {"prefix": "https://igx.4sqi.net/img/user/", "default": true, "suffix": "/blank_girl.png"}, "homeCity": "Singapore", "contact": {"facebook": "100001488268873"}, "firstName": "Cecelia", "tips": {"count": 0}, "gender": "female", "lastName": "Jamito", "lists": {"groups": [{"count": 2, "type": "created", "items": []}]}, "bio": ""}]}, "checksum": "602d08b03eceb44193235d0706ea337716f46e00"}}