{"notifications": [{"type": "notificationTray", "item": {"unreadCount": 0}}], "response": {"friends": {"items": [{"tips": {"count": 0}, "contact": {"twitter": "laureneyzabel", "facebook": "100000020199897"}, "firstName": "Laurene", "gender": "female", "lastName": "Yzabel", "id": "4637324", "bio": "", "photo": {"prefix": "https://igx.4sqi.net/img/user/", "suffix": "/APRHAVHFPT0WDZEK.jpg"}, "homeCity": "Singapore", "lists": {"groups": [{"items": [], "count": 2, "type": "created"}]}}, {"tips": {"count": 5}, "contact": {"twitter": "thechicbarbie"}, "firstName": "May", "gender": "female", "lastName": "Chua", "id": "1600849", "bio": "", "photo": {"prefix": "https://igx.4sqi.net/img/user/", "suffix": "/AO5GPP0HUXWEBXY5.jpg"}, "homeCity": "Jurong West Central, Singapore", "lists": {"groups": [{"items": [], "count": 2, "type": "created"}]}}, {"tips": {"count": 1}, "contact": {"twitter": "heysoldier"}, "firstName": "Nina", "gender": "female", "lastName": "Zhang", "id": "1249072", "bio": "", "photo": {"prefix": "https://igx.4sqi.net/img/user/", "suffix": "/1249072-5UACFFNPAJC1W04K.jpg"}, "homeCity": "Hurstville, NSW", "lists": {"groups": [{"items": [], "count": 2, "type": "created"}]}}, {"tips": {"count": 0}, "contact": {"facebook": "100000597637128"}, "firstName": "Chua", "gender": "male", "lastName": "Kiong", "id": "4260443", "bio": "", "photo": {"prefix": "https://igx.4sqi.net/img/user/", "suffix": "/V1XWP5RUPYJ0IYVU.jpg"}, "homeCity": "Singapore", "lists": {"groups": [{"items": [], "count": 2, "type": "created"}]}}, {"tips": {"count": 0}, "contact": {"twitter": "barredfreak", "facebook": "1611985614"}, "firstName": "Sunil", "gender": "male", "lastName": "Singh", "id": "1347070", "bio": "", "photo": {"prefix": "https://igx.4sqi.net/img/user/", "suffix": "/RZOKQOV0D3LTKGDT.jpg"}, "homeCity": "Singapore", "lists": {"groups": [{"items": [], "count": 2, "type": "created"}]}}, {"tips": {"count": 0}, "contact": {"twitter": "emptyatheart", "facebook": "100001626836292"}, "firstName": "Claudia", "gender": "female", "lastName": "Chau", "id": "6698264", "bio": "", "photo": {"prefix": "https://igx.4sqi.net/img/user/", "suffix": "/CG3TON1IERDULB0W.jpg"}, "homeCity": "Singapore", "lists": {"groups": [{"items": [], "count": 2, "type": "created"}]}}, {"tips": {"count": 3}, "contact": {"twitter": "fictionise"}, "firstName": "Danish", "gender": "male", "lastName": "Iylia", "id": "1617574", "bio": "", "photo": {"prefix": "https://igx.4sqi.net/img/user/", "suffix": "/2ULTM5OSOKTV3OXB.jpg"}, "homeCity": "Jurong West, Singapore", "lists": {"groups": [{"items": [], "count": 2, "type": "created"}]}}, {"tips": {"count": 1}, "contact": {"facebook": "1450119862"}, "firstName": "Kris", "gender": "female", "lastName": "Philophobia'z", "id": "4572564", "bio": "", "photo": {"prefix": "https://igx.4sqi.net/img/user/", "suffix": "/K1KU4C5KEESJTEMR.jpg"}, "homeCity": "Singapore", "lists": {"groups": [{"items": [], "count": 2, "type": "created"}]}}, {"tips": {"count": 16}, "contact": {"facebook": "632087601"}, "firstName": "Shah", "gender": "male", "lastName": "Cutler", "id": "2935605", "bio": "", "photo": {"prefix": "https://igx.4sqi.net/img/user/", "suffix": "/D55VY4XDAJRCCVML.jpg"}, "homeCity": "Singapore", "lists": {"groups": [{"items": [], "count": 2, "type": "created"}]}}, {"tips": {"count": 0}, "contact": {}, "firstName": "Jaris", "gender": "male", "lastName": "Hackson", "id": "1681889", "bio": "", "photo": {"prefix": "https://igx.4sqi.net/img/user/", "suffix": "/YAGIFPG5W2N0SGXA.jpg"}, "homeCity": "Rochor, Singapore", "lists": {"groups": [{"items": [], "count": 2, "type": "created"}]}}, {"tips": {"count": 32}, "contact": {"twitter": "squeeeegeeee", "facebook": "643633700"}, "firstName": "Shahirwan", "gender": "male", "lastName": "Gibraltar", "id": "1086909", "bio": "", "photo": {"prefix": "https://igx.4sqi.net/img/user/", "suffix": "/G3OE5TCXVBORKJ2V.jpg"}, "homeCity": "Singapore", "lists": {"groups": [{"items": [], "count": 2, "type": "created"}]}}, {"tips": {"count": 2}, "contact": {"twitter": "2easy4dony", "facebook": "1349689385"}, "firstName": "Capolista", "gender": "male", "id": "1788972", "bio": "Follow me on twitter : @2easy4dony", "photo": {"prefix": "https://igx.4sqi.net/img/user/", "suffix": "/5XQWBOYS1WSZD5YW.jpg"}, "homeCity": "4SQ \u221a", "lists": {"groups": [{"items": [], "count": 5, "type": "created"}]}}, {"tips": {"count": 1}, "contact": {"twitter": "justin_canada"}, "firstName": "Justin", "gender": "male", "lastName": "Canada", "id": "17418", "bio": "", "photo": {"prefix": "https://igx.4sqi.net/img/user/", "suffix": "/NCCQQJAEP3NOCXPQ.jpg"}, "homeCity": "Los Angeles, CA", "lists": {"groups": [{"items": [], "count": 2, "type": "created"}]}}, {"tips": {"count": 1}, "contact": {"twitter": "jonalonso", "facebook": "555503842"}, "firstName": "Jonathan", "gender": "male", "lastName": "Aw", "id": "4207868", "bio": "I tweet/IG at @jonalonso! Ask me at ask.fm/johnnyalonso! :D", "photo": {"prefix": "https://igx.4sqi.net/img/user/", "suffix": "/4207868-OMI1KXRAKV4HAYI5.jpg"}, "homeCity": "Singapore", "lists": {"groups": [{"items": [], "count": 2, "type": "created"}]}}, {"tips": {"count": 0}, "contact": {"twitter": "terrencetan", "facebook": "20801284"}, "firstName": "Terrence", "gender": "male", "lastName": "Tan", "id": "1250056", "bio": "", "photo": {"prefix": "https://igx.4sqi.net/img/user/", "suffix": "/2ED04QKD2VWYBO1G.jpg"}, "homeCity": "Singapore", "lists": {"groups": [{"items": [], "count": 2, "type": "created"}]}}, {"tips": {"count": 2}, "contact": {"twitter": "marshallchia", "facebook": "574008586"}, "firstName": "Marshall", "gender": "male", "lastName": "Chia", "id": "3318322", "bio": "", "photo": {"prefix": "https://igx.4sqi.net/img/user/", "suffix": "/O3POGKLZSUIVNYJ0.jpg"}, "homeCity": "Singapore", "lists": {"groups": [{"items": [], "count": 2, "type": "created"}]}}, {"tips": {"count": 0}, "contact": {"twitter": "weiizheng", "facebook": "1581144103"}, "firstName": "Ernest", "gender": "male", "lastName": "Tan", "id": "9367688", "bio": "", "photo": {"prefix": "https://igx.4sqi.net/img/user/", "suffix": "/AGKKIDOORJCIAT4S.jpg"}, "homeCity": "Singapore", "lists": {"groups": [{"items": [], "count": 2, "type": "created"}]}}, {"tips": {"count": 0}, "contact": {"twitter": "ffeesid"}, "firstName": "Zuyu", "gender": "female", "lastName": "k", "id": "7216619", "bio": "", "photo": {"prefix": "https://igx.4sqi.net/img/user/", "suffix": "/QSYJ5WO2WCJX5W3N.jpg"}, "homeCity": "Singapore", "lists": {"groups": [{"items": [], "count": 2, "type": "created"}]}}, {"tips": {"count": 2}, "contact": {"twitter": "crappypanky", "facebook": "1802303110"}, "firstName": "Niqko", "gender": "male", "lastName": "Akyl", "id": "8599839", "bio": "", "photo": {"prefix": "https://igx.4sqi.net/img/user/", "suffix": "/5SMG33TQVXUDO02W.jpg"}, "homeCity": "Las Vegas", "lists": {"groups": [{"items": [], "count": 2, "type": "created"}]}}, {"tips": {"count": 5}, "contact": {}, "firstName": "Martin", "gender": "male", "lastName": "Goh", "id": "2188329", "bio": "", "photo": {"prefix": "https://igx.4sqi.net/img/user/", "suffix": "/GU54D5H2YVDMUXZT.jpg"}, "homeCity": "Singapore", "lists": {"groups": [{"items": [], "count": 2, "type": "created"}]}}, {"tips": {"count": 3}, "contact": {"facebook": "534742138"}, "firstName": "Andrew", "gender": "male", "id": "2937713", "bio": "", "photo": {"prefix": "https://igx.4sqi.net/img/user/", "suffix": "/RQIODY4YTZVGAOPV.jpg"}, "homeCity": "Singapore", "lists": {"groups": [{"items": [], "count": 2, "type": "created"}]}}, {"tips": {"count": 2}, "contact": {}, "firstName": "JeyCeeVee", "gender": "male", "id": "4100572", "bio": "", "photo": {"prefix": "https://igx.4sqi.net/img/user/", "suffix": "/KLVS5SO5GLLDALEE.jpg"}, "homeCity": "Singapore", "lists": {"groups": [{"items": [], "count": 2, "type": "created"}]}}, {"tips": {"count": 19}, "contact": {"facebook": "902872396425556"}, "firstName": "Jimmy", "gender": "male", "lastName": "Teo", "id": "1704555", "bio": "", "photo": {"prefix": "https://igx.4sqi.net/img/user/", "suffix": "/1704555_bUUltSNu_l-ybZvMlcxEwrqUqlQh15M4t7hLzk7ENE25WPHeQMopp1xxsZM8pg6rv0ij5vtov.jpg"}, "homeCity": "Boon Lay, Singapore", "lists": {"groups": [{"items": [], "count": 2, "type": "created"}]}}, {"tips": {"count": 1}, "contact": {"twitter": "sugandarude", "facebook": "1501685733"}, "firstName": "Sugan", "gender": "male", "lastName": "Ganesan", "id": "3803427", "bio": "", "photo": {"prefix": "https://igx.4sqi.net/img/user/", "suffix": "/ATKZSFSOHPY1GAMZ.jpg"}, "homeCity": "Singapore", "lists": {"groups": [{"items": [], "count": 2, "type": "created"}]}}, {"tips": {"count": 1}, "contact": {}, "firstName": "Jason", "gender": "male", "lastName": "Ang", "id": "5418023", "bio": "", "photo": {"prefix": "https://igx.4sqi.net/img/user/", "suffix": "/0IA3Q1JAFLFCPWVY.jpg"}, "homeCity": "Singapore", "lists": {"groups": [{"items": [], "count": 2, "type": "created"}]}}, {"tips": {"count": 0}, "contact": {"twitter": "justbeing_me_", "facebook": "1566757000"}, "firstName": "Thura", "gender": "male", "lastName": "Phyo", "id": "1658356", "bio": "", "photo": {"prefix": "https://igx.4sqi.net/img/user/", "suffix": "/JMNBEKI0A0ZHMLBW.jpg"}, "homeCity": "Singapore", "lists": {"groups": [{"items": [], "count": 2, "type": "created"}]}}, {"tips": {"count": 1}, "contact": {"facebook": "1294424919"}, "firstName": "Alvin", "gender": "male", "lastName": "Leong", "id": "3853573", "bio": "", "photo": {"prefix": "https://irs0.4sqi.net/img/user/", "suffix": "/BB4Y3OLHRDH355UX.jpg"}, "homeCity": "Singapore", "lists": {"groups": [{"items": [], "count": 2, "type": "created"}]}}, {"tips": {"count": 0}, "contact": {"facebook": "100001611493930"}, "firstName": "JH_", "gender": "male", "lastName": "Shawn", "id": "8869046", "bio": "", "photo": {"prefix": "https://igx.4sqi.net/img/user/", "suffix": "/QDL4LFECC3DEE2FG.jpg"}, "homeCity": "Bt Batok", "lists": {"groups": [{"items": [], "count": 2, "type": "created"}]}}, {"tips": {"count": 7}, "contact": {"twitter": "bunnyzxc", "facebook": "1205100599"}, "firstName": "Cynthia", "gender": "none", "lastName": "Goh", "id": "3354820", "bio": "", "photo": {"prefix": "https://igx.4sqi.net/img/user/", "suffix": "/YWQRQDR1U10J1TKA.jpg"}, "homeCity": "Singapore", "lists": {"groups": [{"items": [], "count": 2, "type": "created"}]}}, {"tips": {"count": 1}, "contact": {"facebook": "1690465766"}, "firstName": "KeLvin", "gender": "male", "lastName": "Goh", "id": "3868286", "bio": "", "photo": {"prefix": "https://igx.4sqi.net/img/user/", "suffix": "/KHWKI0ZTA0K0TJDH.jpg"}, "homeCity": "Singapore", "lists": {"groups": [{"items": [], "count": 2, "type": "created"}]}}, {"tips": {"count": 0}, "contact": {"twitter": "dariuschong", "facebook": "100002092341270"}, "firstName": "Darius", "gender": "male", "lastName": "Chong", "id": "4617751", "bio": "i've learned to live half alive", "photo": {"prefix": "https://igx.4sqi.net/img/user/", "suffix": "/4617751-WJCWWOOHNUB3IUZP.jpg"}, "homeCity": "Singapore", "lists": {"groups": [{"items": [], "count": 2, "type": "created"}]}}, {"tips": {"count": 7}, "contact": {"facebook": "611969012"}, "firstName": "Jeremy", "gender": "male", "lastName": "Poh", "id": "2479070", "bio": "", "photo": {"prefix": "https://igx.4sqi.net/img/user/", "suffix": "/01WAF3ITF1CWMYSI.jpg"}, "homeCity": "Singapore", "lists": {"groups": [{"items": [], "count": 2, "type": "created"}]}}, {"tips": {"count": 2}, "contact": {"facebook": "1043016339"}, "firstName": "Shafiq", "gender": "male", "lastName": "Teague", "id": "3956755", "bio": "", "photo": {"prefix": "https://igx.4sqi.net/img/user/", "suffix": "/TJWX42V2SR2F2MEF.jpg"}, "homeCity": "Singapore", "lists": {"groups": [{"items": [], "count": 2, "type": "created"}]}}, {"tips": {"count": 6}, "contact": {"twitter": "0wnage___", "facebook": "1342819950"}, "firstName": "Jaris\u00b6=", "gender": "male", "lastName": "JThet", "id": "3873196", "bio": "", "photo": {"prefix": "https://igx.4sqi.net/img/user/", "suffix": "/PAWHIB3HLDW3BZ5L.jpg"}, "homeCity": "Singapore", "lists": {"groups": [{"items": [], "count": 2, "type": "created"}]}}, {"tips": {"count": 1}, "contact": {"twitter": "hxkxm", "facebook": "718237723"}, "firstName": "Hakim", "gender": "male", "lastName": "S", "id": "4813665", "bio": "", "photo": {"prefix": "https://igx.4sqi.net/img/user/", "suffix": "/K2JUOQGILCIXBDAG.jpg"}, "homeCity": "Singapore", "lists": {"groups": [{"items": [], "count": 2, "type": "created"}]}}, {"tips": {"count": 0}, "contact": {"twitter": "jestajay", "facebook": "512159656"}, "firstName": "Jesta", "gender": "male", "lastName": "Jay", "id": "2727008", "bio": "", "photo": {"prefix": "https://igx.4sqi.net/img/user/", "suffix": "/F4ATQLU4N5WSHBSJ.jpg"}, "homeCity": "Singapore", "lists": {"groups": [{"items": [], "count": 2, "type": "created"}]}}, {"tips": {"count": 2}, "contact": {}, "firstName": "Owi", "gender": "male", "lastName": "Calvin", "id": "4825342", "bio": "", "photo": {"prefix": "https://igx.4sqi.net/img/user/", "suffix": "/Q0ZWIGOEXORNV3Q5.jpg"}, "homeCity": "Singapore", "lists": {"groups": [{"items": [], "count": 2, "type": "created"}]}}, {"tips": {"count": 7}, "contact": {"twitter": "eeffuu", "facebook": "1682782379"}, "firstName": "Evelyn", "gender": "female", "lastName": "Lim", "id": "3978887", "bio": "", "photo": {"prefix": "https://igx.4sqi.net/img/user/", "suffix": "/JZREQK4EA3C2YXTS.jpg"}, "homeCity": "Singapore", "lists": {"groups": [{"items": [], "count": 2, "type": "created"}]}}, {"tips": {"count": 1}, "contact": {"facebook": "1138351760"}, "firstName": "Ben", "gender": "male", "id": "3989698", "bio": "", "photo": {"prefix": "https://igx.4sqi.net/img/user/", "suffix": "/3989698-2HZKNG1DGAC1FERJ.jpg"}, "homeCity": "Singapore", "lists": {"groups": [{"items": [], "count": 2, "type": "created"}]}}, {"tips": {"count": 0}, "contact": {"facebook": "1478755761"}, "firstName": "Gary", "gender": "male", "lastName": "Wong", "id": "4478024", "bio": "", "photo": {"prefix": "https://igx.4sqi.net/img/user/", "suffix": "/2KYOF4TB2CXK4USK.jpg"}, "homeCity": "Unnamed Location", "lists": {"groups": [{"items": [], "count": 2, "type": "created"}]}}, {"tips": {"count": 1}, "contact": {"facebook": "679445032"}, "firstName": "Cliff", "gender": "male", "lastName": "GoldHair", "id": "5138711", "bio": "", "photo": {"prefix": "https://igx.4sqi.net/img/user/", "suffix": "/Q4PGWPAXDKL5SYGO.jpg"}, "homeCity": "Singapore", "lists": {"groups": [{"items": [], "count": 2, "type": "created"}]}}, {"tips": {"count": 0}, "contact": {"twitter": "_kupkup", "facebook": "1176181829"}, "firstName": "Sam", "gender": "male", "lastName": "Broken-edHeart-ed", "id": "5266550", "bio": "", "photo": {"prefix": "https://igx.4sqi.net/img/user/", "suffix": "/5266550-LLB3P3UQY0GUXCU4.jpg"}, "homeCity": "Singapore", "lists": {"groups": [{"items": [], "count": 2, "type": "created"}]}}, {"tips": {"count": 0}, "contact": {"twitter": "gniyiemx"}, "firstName": "Meiying", "gender": "female", "id": "13513605", "bio": "give me sunflower", "photo": {"prefix": "https://igx.4sqi.net/img/user/", "suffix": "/13513605-TQI45USUXUOJNYKM.jpg"}, "homeCity": "Singapore", "lists": {"groups": [{"items": [], "count": 2, "type": "created"}]}}], "count": 43}, "checksum": "8b2d2db314b028b6240c1d19cacaf97446d6881a"}, "meta": {"requestId": "596617f9f594df3c3f0cda47", "code": 200}}