{"notifications": [{"type": "notificationTray", "item": {"unreadCount": 0}}], "meta": {"requestId": "5966cade6a607115cf1f5f9a", "code": 200}, "response": {"friends": {"count": 202, "items": [{"id": "3309329", "photo": {"prefix": "https://igx.4sqi.net/img/user/", "suffix": "/TRXJHJQKNIGQPO1G.jpg"}, "homeCity": "Singapore", "contact": {"facebook": "1293625456"}, "firstName": "Abdul", "tips": {"count": 0}, "gender": "male", "lastName": "Rahman", "lists": {"groups": [{"count": 2, "type": "created", "items": []}]}, "bio": ""}, {"id": "3237603", "photo": {"prefix": "https://igx.4sqi.net/img/user/", "suffix": "/YTKFMLDXV005I0DA.jpg"}, "homeCity": "Tampines, Singapore", "contact": {"facebook": "614559543", "twitter": "zamry17"}, "firstName": "Abdul Kadir", "tips": {"count": 1}, "gender": "male", "lists": {"groups": [{"count": 2, "type": "created", "items": []}]}, "bio": ""}]}, "checksum": "ea8d4920474561123ec9e8b07f29a9cdbc97bf52"}}