{"notifications": [{"type": "notificationTray", "item": {"unreadCount": 0}}], "response": {"friends": {"items": [{"tips": {"count": 0}, "contact": {}, "firstName": "Jane", "gender": "female", "lastName": "Ee", "id": "6838664", "bio": "", "photo": {"prefix": "https://igx.4sqi.net/img/user/", "suffix": "/LELMYPTYEFSOIYSA.jpg"}, "homeCity": "Singapore", "lists": {"groups": [{"items": [], "count": 2, "type": "created"}]}}, {"tips": {"count": 2}, "contact": {"facebook": "549641323"}, "firstName": "Red", "gender": "male", "lastName": "Kilimanjaro", "id": "6507491", "bio": "", "photo": {"prefix": "https://igx.4sqi.net/img/user/", "suffix": "/0SI2AVDQQTKKIUUY.jpg"}, "homeCity": "Brazil", "lists": {"groups": [{"items": [], "count": 2, "type": "created"}]}}, {"tips": {"count": 6}, "contact": {"facebook": "100002639667169"}, "firstName": "Nur", "gender": "female", "lastName": "Bahri", "id": "5850610", "bio": "", "photo": {"prefix": "https://igx.4sqi.net/img/user/", "suffix": "/WEYMZ245EORJHVJM.jpg"}, "homeCity": "Singapore", "lists": {"groups": [{"items": [], "count": 2, "type": "created"}]}}, {"tips": {"count": 2}, "contact": {"facebook": "10152619854952169"}, "firstName": "\u300c\u98ce\u300d\u4e00\u6837\u7684\u5973\u5b50", "gender": "female", "id": "2626113", "bio": "", "photo": {"prefix": "https://igx.4sqi.net/img/user/", "suffix": "/EUHX1NU402R32Y4X.jpg"}, "homeCity": "Singapore", "lists": {"groups": [{"items": [], "count": 2, "type": "created"}]}}, {"tips": {"count": 0}, "contact": {"facebook": "100000631806279"}, "firstName": "Ian", "gender": "none", "lastName": "Wenjun", "id": "4912839", "bio": "", "photo": {"prefix": "https://igx.4sqi.net/img/user/", "suffix": "/YQXQRLC53FF04WWX.jpg"}, "homeCity": "Singapore", "lists": {"groups": [{"items": [], "count": 2, "type": "created"}]}}, {"tips": {"count": 1}, "contact": {"facebook": "684486736"}, "firstName": "syahrul", "gender": "male", "lastName": "casper", "id": "2887073", "bio": "", "photo": {"prefix": "https://igx.4sqi.net/img/user/", "suffix": "/OGYRVGY1ZIOCSG3X.jpg"}, "homeCity": "Singapore", "lists": {"groups": [{"items": [], "count": 2, "type": "created"}]}}, {"tips": {"count": 0}, "contact": {"facebook": "801354697"}, "firstName": "Lau", "gender": "male", "lastName": "Desmond", "id": "3484719", "bio": "", "photo": {"prefix": "https://igx.4sqi.net/img/user/", "suffix": "/DRS2F1XNHAGGATZU.jpg"}, "homeCity": "Singapore", "lists": {"groups": [{"items": [], "count": 2, "type": "created"}]}}, {"tips": {"count": 0}, "contact": {"facebook": "593970776"}, "firstName": "Jocelyn", "gender": "female", "lastName": "Li", "id": "3121348", "bio": "", "photo": {"prefix": "https://igx.4sqi.net/img/user/", "suffix": "/SUWHLQ5Z5G1RHE0Y.jpg"}, "homeCity": "Singapore", "lists": {"groups": [{"items": [], "count": 2, "type": "created"}]}}, {"tips": {"count": 0}, "contact": {"facebook": "663058382"}, "firstName": "Dj-Victor", "gender": "male", "lastName": "Shaqur", "id": "815634", "bio": "", "photo": {"prefix": "https://igx.4sqi.net/img/user/", "suffix": "/ZQTQ1YJJR2Z1TSGL.jpg"}, "homeCity": "Singapore", "lists": {"groups": [{"items": [], "count": 2, "type": "created"}]}}, {"tips": {"count": 0}, "contact": {"twitter": "terrysg84", "facebook": "531706375"}, "firstName": "Terry", "gender": "male", "lastName": "Lim", "id": "2017232", "bio": "", "photo": {"prefix": "https://igx.4sqi.net/img/user/", "suffix": "/WJPBV0GEXAU3H0HK.jpg"}, "homeCity": "Singapore", "lists": {"groups": [{"items": [], "count": 2, "type": "created"}]}}, {"tips": {"count": 2}, "contact": {"facebook": "1587361812"}, "firstName": "Hafiz", "gender": "male", "lastName": "Chikano", "id": "3173761", "bio": "", "photo": {"prefix": "https://igx.4sqi.net/img/user/", "suffix": "/5RZRTGOZ3JW0I310.jpg"}, "homeCity": "Singapore", "lists": {"groups": [{"items": [], "count": 2, "type": "created"}]}}, {"tips": {"count": 2}, "contact": {"twitter": "vire1990"}, "firstName": "Stanvire", "gender": "none", "lastName": "Tan", "id": "4465422", "bio": "", "photo": {"prefix": "https://igx.4sqi.net/img/user/", "suffix": "/TRR4BTDOUITQRKAK.jpg"}, "homeCity": "Singapore", "lists": {"groups": [{"items": [], "count": 2, "type": "created"}]}}, {"tips": {"count": 1}, "contact": {"facebook": "686081435"}, "firstName": "Dora", "gender": "female", "lastName": "Nora", "id": "3357688", "bio": "", "photo": {"prefix": "https://igx.4sqi.net/img/user/", "suffix": "/Z40OUKMQV1PYPP1M.jpg"}, "homeCity": "Singapore", "lists": {"groups": [{"items": [], "count": 2, "type": "created"}]}}, {"tips": {"count": 1}, "contact": {"twitter": "d_goliath", "facebook": "552045671"}, "firstName": "David", "gender": "male", "lastName": "Smeagol", "id": "3620758", "bio": "", "photo": {"prefix": "https://igx.4sqi.net/img/user/", "suffix": "/2K14EJQ3MFVR2MOA.jpg"}, "homeCity": "Singapore", "lists": {"groups": [{"items": [], "count": 2, "type": "created"}]}}, {"tips": {"count": 6}, "contact": {"facebook": "753351842"}, "firstName": "del", "gender": "none", "lastName": "ho", "id": "3346997", "bio": "", "photo": {"prefix": "https://igx.4sqi.net/img/user/", "suffix": "/DKPUV45IMJJPFOKX.jpg"}, "homeCity": "Singapore", "lists": {"groups": [{"items": [], "count": 2, "type": "created"}]}}, {"tips": {"count": 1}, "contact": {"facebook": "625232076"}, "firstName": "qisha", "gender": "female", "lastName": "ashburn", "id": "2125207", "bio": "", "photo": {"prefix": "https://igx.4sqi.net/img/user/", "suffix": "/ZRI4FZ11TBIU5OMW.jpg"}, "homeCity": "Singapore", "lists": {"groups": [{"items": [], "count": 2, "type": "created"}]}}, {"tips": {"count": 0}, "contact": {}, "firstName": "Rai", "gender": "male", "lastName": "Aziz", "id": "3669367", "bio": "", "photo": {"prefix": "https://igx.4sqi.net/img/user/", "suffix": "/A1A2XFQJBIEHLAZN.jpg"}, "homeCity": "Singapore", "lists": {"groups": [{"items": [], "count": 2, "type": "created"}]}}, {"tips": {"count": 0}, "contact": {"facebook": "734937270"}, "firstName": "Naz", "gender": "male", "lastName": "Arjuna", "id": "5117339", "bio": "", "photo": {"prefix": "https://igx.4sqi.net/img/user/", "suffix": "/J2KZVP1LZSK3PLKN.jpg"}, "homeCity": "Singapore", "lists": {"groups": [{"items": [], "count": 2, "type": "created"}]}}, {"tips": {"count": 1}, "contact": {"facebook": "538651796"}, "firstName": "Rian", "gender": "male", "lastName": "Lionel Mansore Fernandez", "id": "3143937", "bio": "", "photo": {"prefix": "https://igx.4sqi.net/img/user/", "suffix": "/YTFMA4HE20LMH2T2.jpg"}, "homeCity": "Singapore", "lists": {"groups": [{"items": [], "count": 2, "type": "created"}]}}, {"tips": {"count": 0}, "contact": {}, "firstName": "Thomas", "gender": "male", "id": "5287221", "bio": "", "photo": {"prefix": "https://igx.4sqi.net/img/user/", "suffix": "/B3GYT4JWKHW1AV1R.jpg"}, "homeCity": "Singapore", "lists": {"groups": [{"items": [], "count": 2, "type": "created"}]}}, {"tips": {"count": 0}, "contact": {}, "firstName": "Ginalyn", "gender": "female", "lastName": "Castillo", "id": "5121627", "bio": "", "photo": {"prefix": "https://igx.4sqi.net/img/user/", "suffix": "/LOXAOSGD35WKZCY4.jpg"}, "homeCity": "Singapore", "lists": {"groups": [{"items": [], "count": 2, "type": "created"}]}}, {"tips": {"count": 0}, "contact": {"facebook": "1761651634"}, "firstName": "Nur Amira", "gender": "female", "id": "3153237", "bio": "", "photo": {"prefix": "https://igx.4sqi.net/img/user/", "suffix": "/IUMULHE5FH4DXHMP.jpg"}, "homeCity": "Singapore", "lists": {"groups": [{"items": [], "count": 2, "type": "created"}]}}, {"tips": {"count": 0}, "contact": {"twitter": "zenseah", "facebook": "549764950"}, "firstName": "Zen", "gender": "female", "lastName": "Seah", "id": "5795341", "bio": "", "photo": {"prefix": "https://igx.4sqi.net/img/user/", "suffix": "/VH54RPLEFVRN0GYI.jpg"}, "homeCity": "Singapore", "lists": {"groups": [{"items": [], "count": 2, "type": "created"}]}}, {"tips": {"count": 0}, "contact": {"facebook": "551406653"}, "firstName": "Aaron", "gender": "male", "lastName": "Bass", "id": "10805703", "bio": "", "photo": {"prefix": "https://igx.4sqi.net/img/user/", "suffix": "/5M2M5ZTPJOFM4MTH.jpg"}, "homeCity": "Singapore", "lists": {"groups": [{"items": [], "count": 2, "type": "created"}]}}, {"tips": {"count": 0}, "contact": {}, "firstName": "Oman", "gender": "male", "lastName": "Peradilla", "id": "3997699", "bio": "", "photo": {"prefix": "https://igx.4sqi.net/img/user/", "suffix": "/U3TEXTKJG3KGX33R.jpg"}, "homeCity": "Singapore", "lists": {"groups": [{"items": [], "count": 2, "type": "created"}]}}, {"tips": {"count": 1}, "contact": {"twitter": "curtbeth", "facebook": "576819178"}, "firstName": "Curtbeth", "gender": "male", "lastName": "Koh", "id": "5883241", "bio": "", "photo": {"prefix": "https://igx.4sqi.net/img/user/", "suffix": "/PRM4Y0EZYG5IID4P.jpg"}, "homeCity": "Singapore", "lists": {"groups": [{"items": [], "count": 2, "type": "created"}]}}, {"tips": {"count": 3}, "contact": {"twitter": "jillyjiw", "facebook": "100001350826677"}, "firstName": "Jill Jill", "gender": "female", "lastName": "Cnx", "id": "8701690", "bio": "", "photo": {"prefix": "https://igx.4sqi.net/img/user/", "suffix": "/B4MBOJD2HC5KDLLU.jpg"}, "homeCity": "Thailand", "lists": {"groups": [{"items": [], "count": 2, "type": "created"}]}}], "count": 27}, "checksum": "ffc1930a046013be0b73dc8686d1a60344110a83"}, "meta": {"requestId": "59662ba51ed21919f8d95038", "code": 200}}