{"notifications": [{"type": "notificationTray", "item": {"unreadCount": 0}}], "response": {"friends": {"items": [{"tips": {"count": 0}, "contact": {"facebook": "1132604769"}, "firstName": "Sandy", "gender": "female", "lastName": "Koh", "id": "4337951", "bio": "", "photo": {"prefix": "https://igx.4sqi.net/img/user/", "suffix": "/FJIYNFNP05B2P1YB.jpg"}, "homeCity": "Singapore", "lists": {"groups": [{"items": [], "count": 2, "type": "created"}]}}, {"tips": {"count": 7}, "contact": {"twitter": "jasonongwq", "facebook": "1184847793"}, "firstName": "Jason", "gender": "male", "lastName": "Ong", "id": "1197177", "bio": "", "photo": {"prefix": "https://igx.4sqi.net/img/user/", "suffix": "/1197177-4TDVMOIUC0GIXO4F.jpg"}, "homeCity": "Singapore", "lists": {"groups": [{"items": [], "count": 2, "type": "created"}]}}, {"tips": {"count": 5}, "contact": {"twitter": "lohjh", "facebook": "693807174"}, "firstName": "cris", "gender": "male", "lastName": "loh", "id": "422901", "bio": "", "photo": {"prefix": "https://igx.4sqi.net/img/user/", "suffix": "/P225T5J11AKMQ1DB.jpg"}, "homeCity": "Serangoon, Singapore", "lists": {"groups": [{"items": [], "count": 2, "type": "created"}]}}, {"tips": {"count": 5}, "contact": {}, "firstName": "\ue503Dave\ue503", "gender": "male", "id": "3771520", "bio": "", "photo": {"prefix": "https://igx.4sqi.net/img/user/", "suffix": "/X5LI0HU3BBJSSGJ3.jpg"}, "homeCity": "Ypsilanti, MI", "lists": {"groups": [{"items": [], "count": 2, "type": "created"}]}}, {"tips": {"count": 0}, "contact": {}, "firstName": "Michelle", "gender": "none", "lastName": "Chua", "id": "4174395", "bio": "", "photo": {"prefix": "https://igx.4sqi.net/img/user/", "suffix": "/W1LKU4YXMXKIC1CE.jpg"}, "homeCity": "Singapore", "lists": {"groups": [{"items": [], "count": 2, "type": "created"}]}}, {"tips": {"count": 36}, "contact": {}, "firstName": "Jenifer", "gender": "female", "lastName": "Tan", "id": "528828", "bio": "", "photo": {"prefix": "https://igx.4sqi.net/img/user/", "suffix": "/V3D2H3SYOBERBJGS.jpg"}, "homeCity": "Ang Mo Kio, Singapore", "lists": {"groups": [{"items": [], "count": 2, "type": "created"}]}}, {"tips": {"count": 0}, "contact": {}, "firstName": "Nikie", "gender": "male", "id": "5438287", "bio": "", "photo": {"prefix": "https://igx.4sqi.net/img/user/", "suffix": "/JMBURRRAD1BXPN3E.jpg"}, "homeCity": "Singapore", "lists": {"groups": [{"items": [], "count": 2, "type": "created"}]}}, {"tips": {"count": 0}, "contact": {"twitter": "justinthammm", "facebook": "575227717"}, "firstName": "Justin", "gender": "male", "lastName": "Tham", "id": "1791775", "bio": "\u25cf 150914 || I Love My Girlfriend Vincci \u2661 || Love coffee! :D || Machester United Fan Club \u2606 \u25cf", "photo": {"prefix": "https://igx.4sqi.net/img/user/", "suffix": "/1791775-YREBRP3PI3E5PFV5.jpg"}, "homeCity": "Bukit Purmei Road, Singapore", "lists": {"groups": [{"items": [], "count": 2, "type": "created"}]}}, {"tips": {"count": 7}, "contact": {"facebook": "761856638"}, "firstName": "Ong", "gender": "male", "lastName": "Junlong", "id": "4023782", "bio": "", "photo": {"prefix": "https://igx.4sqi.net/img/user/", "suffix": "/WUIFUMVGED1QWLJG.jpg"}, "homeCity": "Singapore", "lists": {"groups": [{"items": [], "count": 2, "type": "created"}]}}, {"tips": {"count": 1}, "contact": {"facebook": "660136808"}, "firstName": "Darren", "gender": "male", "lastName": "Teo", "id": "2386789", "bio": "", "photo": {"prefix": "https://igx.4sqi.net/img/user/", "suffix": "/V4A4Y5MJIENELCSR.jpg"}, "homeCity": "Bandar Sunway, Selangor", "lists": {"groups": [{"items": [], "count": 2, "type": "created"}]}}, {"tips": {"count": 27}, "contact": {}, "firstName": "tony.teokk@gmail.com", "gender": "male", "lastName": "BBM PIN 74418D84", "id": "1663811", "bio": "", "photo": {"prefix": "https://igx.4sqi.net/img/user/", "suffix": "/-JC4LISCRGP2D5NLL.jpg"}, "homeCity": "Kuwait", "lists": {"groups": [{"items": [], "count": 2, "type": "created"}]}}, {"tips": {"count": 7}, "contact": {"twitter": "maxtay", "facebook": "742073704"}, "firstName": "Max", "gender": "male", "lastName": "Tay", "id": "401604", "bio": "", "photo": {"prefix": "https://igx.4sqi.net/img/user/", "suffix": "/W3DNQDE4PG0GBVVY.jpg"}, "homeCity": "Singapore", "lists": {"groups": [{"items": [], "count": 2, "type": "created"}]}}, {"tips": {"count": 1}, "contact": {}, "firstName": "Daryl", "gender": "male", "lastName": "Oh", "id": "3804206", "bio": "", "photo": {"prefix": "https://igx.4sqi.net/img/user/", "suffix": "/MZPLY5SOXNBG3JUH.jpg"}, "homeCity": "Singapore", "lists": {"groups": [{"items": [], "count": 2, "type": "created"}]}}, {"tips": {"count": 6}, "contact": {}, "firstName": "Zachary", "gender": "male", "lastName": "Wong", "id": "668990", "bio": "", "photo": {"prefix": "https://igx.4sqi.net/img/user/", "suffix": "/EATJVQKPWCXNXQJA.jpg"}, "homeCity": "New York, NY", "lists": {"groups": [{"items": [], "count": 2, "type": "created"}]}}, {"tips": {"count": 8}, "contact": {}, "firstName": "Cres", "gender": "none", "id": "1763346", "bio": "", "photo": {"prefix": "https://igx.4sqi.net/img/user/", "suffix": "/MGYWCAH2JH4Z5FJM.jpg"}, "homeCity": "Singapore", "lists": {"groups": [{"items": [], "count": 2, "type": "created"}]}}, {"tips": {"count": 1}, "contact": {"twitter": "zack_ong"}, "firstName": "Zack", "gender": "male", "lastName": "Ong", "id": "1258850", "bio": "", "photo": {"prefix": "https://igx.4sqi.net/img/user/", "suffix": "/1258850-A3HYVH4ZVVZSZHL1.jpg"}, "homeCity": "Singapore", "lists": {"groups": [{"items": [], "count": 2, "type": "created"}]}}, {"tips": {"count": 0}, "contact": {"twitter": "supremefalfen", "facebook": "515174530"}, "firstName": "Falfen", "gender": "male", "lastName": "Fernadez", "id": "2442889", "bio": "", "photo": {"prefix": "https://igx.4sqi.net/img/user/", "suffix": "/JVNTPGPFOPJXAWC2.jpg"}, "homeCity": "Singapore", "lists": {"groups": [{"items": [], "count": 2, "type": "created"}]}}, {"tips": {"count": 0}, "contact": {}, "firstName": "Kenji", "gender": "male", "lastName": "Hiruma", "id": "4970880", "bio": "", "photo": {"prefix": "https://igx.4sqi.net/img/user/", "suffix": "/VM30GYO34KVL1BWF.jpg"}, "homeCity": "Singapore", "lists": {"groups": [{"items": [], "count": 2, "type": "created"}]}}, {"tips": {"count": 0}, "contact": {}, "firstName": "Alan", "gender": "male", "lastName": "Q", "id": "4349277", "bio": "", "photo": {"prefix": "https://igx.4sqi.net/img/user/", "suffix": "/5CICJ5S1CGUNLZIG.jpg"}, "homeCity": "Singapore", "lists": {"groups": [{"items": [], "count": 2, "type": "created"}]}}, {"tips": {"count": 0}, "contact": {}, "firstName": "Shelton", "gender": "male", "lastName": "Differine", "id": "4528808", "bio": "", "photo": {"prefix": "https://igx.4sqi.net/img/user/", "suffix": "/0SDPHC3FJKBUBINW.jpg"}, "homeCity": "Singapore", "lists": {"groups": [{"items": [], "count": 2, "type": "created"}]}}, {"tips": {"count": 0}, "contact": {"facebook": "100000558675966"}, "firstName": "Jowel", "gender": "female", "lastName": "Lim", "id": "4298607", "bio": "", "photo": {"prefix": "https://igx.4sqi.net/img/user/", "suffix": "/3KLHHUYXGFZQOR5U.jpg"}, "homeCity": "Singapore", "lists": {"groups": [{"items": [], "count": 2, "type": "created"}]}}, {"tips": {"count": 0}, "contact": {"twitter": "yapchengyong", "facebook": "548133699"}, "firstName": "Yap", "gender": "male", "lastName": "Cheng Yong", "id": "4266809", "bio": "", "photo": {"prefix": "https://igx.4sqi.net/img/user/", "suffix": "/XFGGLAGCXDFGLUFR.jpg"}, "homeCity": "Singapore", "lists": {"groups": [{"items": [], "count": 2, "type": "created"}]}}, {"tips": {"count": 0}, "contact": {}, "firstName": "Jeremy", "gender": "male", "lastName": "Lin", "id": "5459667", "bio": "", "photo": {"prefix": "https://igx.4sqi.net/img/user/", "suffix": "/QUVPMN0FESKQC2DB.jpg"}, "homeCity": "Singapore", "lists": {"groups": [{"items": [], "count": 2, "type": "created"}]}}, {"tips": {"count": 3}, "contact": {"facebook": "721946428"}, "firstName": "DexteR", "gender": "male", "lastName": "PenguiN", "id": "1862021", "bio": "", "photo": {"prefix": "https://igx.4sqi.net/img/user/", "suffix": "/550NK3H1DWTHNORF.jpg"}, "homeCity": "Singapore", "lists": {"groups": [{"items": [], "count": 2, "type": "created"}]}}, {"tips": {"count": 2}, "contact": {}, "firstName": "Santosh", "gender": "male", "lastName": "Yadav", "id": "4032844", "bio": "", "photo": {"prefix": "https://igx.4sqi.net/img/user/", "suffix": "/04JUWFQAN2Z5TQCX.jpg"}, "homeCity": "Singapore", "lists": {"groups": [{"items": [], "count": 2, "type": "created"}]}}, {"tips": {"count": 0}, "contact": {"twitter": "berlicialselina", "facebook": "653192613"}, "firstName": "Berlicial", "gender": "female", "lastName": "Goh", "id": "2522761", "bio": "", "photo": {"prefix": "https://igx.4sqi.net/img/user/", "suffix": "/01IUQILCPET2AHNY.jpg"}, "homeCity": "Singapore", "lists": {"groups": [{"items": [], "count": 2, "type": "created"}]}}, {"tips": {"count": 5}, "contact": {"twitter": "mikaesch", "facebook": "1339075986"}, "firstName": "Michael", "gender": "male", "lastName": "Schiemann", "id": "3453870", "bio": "", "photo": {"prefix": "https://igx.4sqi.net/img/user/", "suffix": "/34E4H0DBWFQUZPJW.jpg"}, "homeCity": "Baindt, Bundesrepublik Deutschland", "lists": {"groups": [{"items": [], "count": 2, "type": "created"}]}}, {"tips": {"count": 5}, "contact": {"twitter": "definemyline", "facebook": "588092895"}, "firstName": "Christian", "gender": "male", "lastName": "Teo", "id": "989324", "bio": "", "photo": {"prefix": "https://igx.4sqi.net/img/user/", "suffix": "/989324-REC4QHQQ4OFZDTRN.jpg"}, "homeCity": "Ang Mo Kio, Singapore", "lists": {"groups": [{"items": [], "count": 2, "type": "created"}]}}, {"tips": {"count": 4}, "contact": {"twitter": "784543"}, "firstName": "Rui", "gender": "male", "lastName": "J", "id": "4951711", "bio": "", "photo": {"prefix": "https://igx.4sqi.net/img/user/", "suffix": "/URKVFSQGNQU23NTO.jpg"}, "homeCity": "Singapore", "lists": {"groups": [{"items": [], "count": 2, "type": "created"}]}}, {"tips": {"count": 0}, "contact": {"twitter": "chomaii", "facebook": "899855564"}, "firstName": "Mai Mei", "gender": "female", "id": "1905901", "bio": "", "photo": {"prefix": "https://igx.4sqi.net/img/user/", "suffix": "/DKLE52TIOY1SORNC.jpg"}, "homeCity": "", "lists": {"groups": [{"items": [], "count": 2, "type": "created"}]}}, {"tips": {"count": 1}, "contact": {}, "firstName": "Jay", "gender": "male", "lastName": "Ng", "id": "4209098", "bio": "", "photo": {"prefix": "https://igx.4sqi.net/img/user/", "suffix": "/DM4GN3N1YQHYRSIZ.jpg"}, "homeCity": "Singapore", "lists": {"groups": [{"items": [], "count": 2, "type": "created"}]}}, {"tips": {"count": 3}, "contact": {"twitter": "jackylilong", "facebook": "10205944598794029"}, "firstName": "Jacky", "gender": "male", "lastName": "Li Long", "id": "1546794", "bio": "", "photo": {"prefix": "https://igx.4sqi.net/img/user/", "suffix": "/AXX1KE1T4FBDJIC4.jpg"}, "homeCity": "Singapore", "lists": {"groups": [{"items": [], "count": 2, "type": "created"}]}}, {"tips": {"count": 21}, "contact": {"twitter": "momozbq", "facebook": "556052889"}, "firstName": "\u2661ZbQ's MoMo\u2661", "gender": "female", "id": "2507843", "bio": "", "photo": {"prefix": "https://igx.4sqi.net/img/user/", "suffix": "/2507843-C2KO0CXM45QTF4QK.jpg"}, "homeCity": "Singapore", "lists": {"groups": [{"items": [], "count": 2, "type": "created"}]}}, {"tips": {"count": 0}, "contact": {"twitter": "lasthesitation", "facebook": "1086906178"}, "firstName": "JOEY", "gender": "female", "lastName": "CHIA", "id": "4465434", "bio": "", "photo": {"prefix": "https://igx.4sqi.net/img/user/", "suffix": "/4465434-W0DAYBESQFJPORME.jpg"}, "homeCity": "Unnamed Location", "lists": {"groups": [{"items": [], "count": 2, "type": "created"}]}}, {"tips": {"count": 0}, "contact": {"facebook": "743513877"}, "firstName": "Chaihock", "gender": "male", "lastName": "Tan", "id": "4301941", "bio": "", "photo": {"prefix": "https://igx.4sqi.net/img/user/", "suffix": "/FX1J4PY2AXN2O4O1.jpg"}, "homeCity": "Singapore", "lists": {"groups": [{"items": [], "count": 2, "type": "created"}]}}, {"tips": {"count": 0}, "contact": {}, "firstName": "Kuok", "gender": "none", "lastName": "Liang", "id": "4419461", "bio": "", "photo": {"prefix": "https://igx.4sqi.net/img/user/", "suffix": "/2TOEBRSNDCJA4SN0.jpg"}, "homeCity": "Singapore", "lists": {"groups": [{"items": [], "count": 2, "type": "created"}]}}, {"tips": {"count": 0}, "contact": {"facebook": "838454615"}, "firstName": "Aaron King", "gender": "male", "lastName": "Terranova", "id": "5459723", "bio": "", "photo": {"prefix": "https://igx.4sqi.net/img/user/", "suffix": "/PQNQUH132VJ5WY0A.jpg"}, "homeCity": "Singapore", "lists": {"groups": [{"items": [], "count": 2, "type": "created"}]}}, {"tips": {"count": 5}, "contact": {}, "firstName": "Kenneth", "gender": "male", "lastName": "Tang", "id": "1934726", "bio": "", "photo": {"prefix": "https://igx.4sqi.net/img/user/", "suffix": "/0QH3LEKOR3GMIT5N.jpg"}, "homeCity": "Bukit Merah, Singapore", "lists": {"groups": [{"items": [], "count": 2, "type": "created"}]}}, {"tips": {"count": 0}, "contact": {"facebook": "557632143"}, "firstName": "Jx", "gender": "male", "id": "4573751", "bio": "", "photo": {"prefix": "https://igx.4sqi.net/img/user/", "suffix": "/SYIBCWXTVIDK1LF2.jpg"}, "homeCity": "Singapore", "lists": {"groups": [{"items": [], "count": 2, "type": "created"}]}}, {"tips": {"count": 0}, "contact": {}, "firstName": "Jiehua", "gender": "female", "lastName": "Yeo", "id": "2892106", "bio": "", "photo": {"prefix": "https://igx.4sqi.net/img/user/", "suffix": "/05VPBW5143H1DFB5.jpg"}, "homeCity": "Singapore", "lists": {"groups": [{"items": [], "count": 2, "type": "created"}]}}, {"tips": {"count": 0}, "contact": {"facebook": "524429892"}, "firstName": "Lionel Ni", "gender": "male", "lastName": "Papa", "id": "3456399", "bio": "", "photo": {"prefix": "https://igx.4sqi.net/img/user/", "suffix": "/YKSI3THKSLNXWLO5.jpg"}, "homeCity": "Woodlands, NH", "lists": {"groups": [{"items": [], "count": 2, "type": "created"}]}}, {"tips": {"count": 0}, "contact": {"facebook": "672690175"}, "firstName": "Gary", "gender": "male", "lastName": "Teng", "id": "3121508", "bio": "", "photo": {"prefix": "https://igx.4sqi.net/img/user/", "suffix": "/1HIOINGGR4DB2Z5W.jpg"}, "homeCity": "Singapore", "lists": {"groups": [{"items": [], "count": 2, "type": "created"}]}}, {"tips": {"count": 12}, "contact": {"facebook": "100000943943166"}, "firstName": "\ue414 Ignatius \ue10b", "gender": "male", "lastName": "De Souza \ue327", "id": "4957799", "bio": "", "photo": {"prefix": "https://igx.4sqi.net/img/user/", "suffix": "/4957799-QGMXZ53DNPNIP3Y0.jpg"}, "homeCity": "Singapore", "lists": {"groups": [{"items": [], "count": 2, "type": "created"}]}}, {"tips": {"count": 4}, "contact": {"twitter": "chaossiin", "facebook": "801999128"}, "firstName": "Alan", "gender": "male", "lastName": "Reeves", "id": "3348908", "bio": "", "photo": {"prefix": "https://igx.4sqi.net/img/user/", "suffix": "/3348908-4IQRRSJL0N1LF2QX.jpg"}, "homeCity": "Singapore", "lists": {"groups": [{"items": [], "count": 2, "type": "created"}]}}, {"tips": {"count": 0}, "contact": {"facebook": "100001213181970"}, "firstName": "James", "gender": "male", "lastName": "Lek", "id": "4219628", "bio": "", "photo": {"prefix": "https://igx.4sqi.net/img/user/", "suffix": "/C3Y3AWV2IY1WKLMF.jpg"}, "homeCity": "Singapore", "lists": {"groups": [{"items": [], "count": 2, "type": "created"}]}}, {"tips": {"count": 0}, "contact": {}, "firstName": "Eddie", "gender": "male", "lastName": "Lim", "id": "1642252", "bio": "", "photo": {"prefix": "https://igx.4sqi.net/img/user/", "suffix": "/3O13ZULZYKQMXAA0.jpg"}, "homeCity": "Singapore", "lists": {"groups": [{"items": [], "count": 2, "type": "created"}]}}, {"tips": {"count": 6}, "contact": {"facebook": "868805716"}, "firstName": "\ub9ac\uc6e8\uc774\ubc0d", "gender": "male", "lastName": "ScubaBoy", "id": "2550056", "bio": "", "photo": {"prefix": "https://igx.4sqi.net/img/user/", "suffix": "/BX3ACCIFFOT3UTZL.jpg"}, "homeCity": "Singapore", "lists": {"groups": [{"items": [], "count": 2, "type": "created"}]}}, {"tips": {"count": 0}, "contact": {"twitter": "seeweewee", "facebook": "539464433"}, "firstName": "Edzel", "gender": "male", "lastName": "See", "id": "4468715", "bio": "", "photo": {"prefix": "https://igx.4sqi.net/img/user/", "suffix": "/XMFT0BP2QKKAP4FL.jpg"}, "homeCity": "Singapore", "lists": {"groups": [{"items": [], "count": 2, "type": "created"}]}}, {"tips": {"count": 1}, "contact": {}, "firstName": "Kai", "gender": "male", "lastName": "Xian", "id": "4864687", "bio": "", "photo": {"prefix": "https://igx.4sqi.net/img/user/", "suffix": "/QZHUJQCGRVU0L25B.jpg"}, "homeCity": "Singapore", "lists": {"groups": [{"items": [], "count": 2, "type": "created"}]}}, {"tips": {"count": 0}, "contact": {"facebook": "536563660"}, "firstName": "Daniel", "gender": "male", "lastName": "Chen", "id": "4420620", "bio": "", "photo": {"prefix": "https://igx.4sqi.net/img/user/", "suffix": "/1SMDYLA0INRMU43Y.jpg"}, "homeCity": "Singapore", "lists": {"groups": [{"items": [], "count": 2, "type": "created"}]}}, {"tips": {"count": 0}, "contact": {}, "firstName": "William", "gender": "male", "lastName": "Lee", "id": "5462205", "bio": "", "photo": {"prefix": "https://igx.4sqi.net/img/user/", "suffix": "/blank_boy.png", "default": true}, "homeCity": "Singapore", "lists": {"groups": [{"items": [], "count": 2, "type": "created"}]}}, {"tips": {"count": 0}, "contact": {"facebook": "820685200"}, "firstName": "Leticia", "gender": "female", "lastName": "Ching", "id": "2339320", "bio": "", "photo": {"prefix": "https://igx.4sqi.net/img/user/", "suffix": "/B4U4JWBA405NA5A5.jpg"}, "homeCity": "Singapore", "lists": {"groups": [{"items": [], "count": 2, "type": "created"}]}}, {"tips": {"count": 0}, "contact": {}, "firstName": "Agnes", "gender": "female", "lastName": "Chen", "id": "5171479", "bio": "", "photo": {"prefix": "https://igx.4sqi.net/img/user/", "suffix": "/MAWM5IL2VHDDGPUF.jpg"}, "homeCity": "Singapore", "lists": {"groups": [{"items": [], "count": 2, "type": "created"}]}}, {"tips": {"count": 0}, "contact": {"facebook": "580523721"}, "firstName": "Tyler", "gender": "male", "lastName": "Chai", "id": "3055340", "bio": "", "photo": {"prefix": "https://igx.4sqi.net/img/user/", "suffix": "/GTTCW2XJ35S22Q4U.jpg"}, "homeCity": "Singapore", "lists": {"groups": [{"items": [], "count": 2, "type": "created"}]}}, {"tips": {"count": 1}, "contact": {"facebook": "716797304"}, "firstName": "Louis", "gender": "male", "lastName": "Voon", "id": "4100638", "bio": "", "photo": {"prefix": "https://igx.4sqi.net/img/user/", "suffix": "/GKTKTJCFMXEGSERC.jpg"}, "homeCity": "Singapore", "lists": {"groups": [{"items": [], "count": 2, "type": "created"}]}}, {"tips": {"count": 1}, "contact": {"twitter": "farnaaa", "facebook": "749758707"}, "firstName": "Farna", "gender": "female", "lastName": "Omar", "id": "3125140", "bio": "", "photo": {"prefix": "https://igx.4sqi.net/img/user/", "suffix": "/HXJQWFG5MJP0N1HL.jpg"}, "homeCity": "Singapore", "lists": {"groups": [{"items": [], "count": 2, "type": "created"}]}}, {"tips": {"count": 1}, "contact": {"twitter": "tohshekiat", "facebook": "10153296809609219"}, "firstName": "Jared", "gender": "male", "lastName": "Toh", "id": "3348969", "bio": "", "photo": {"prefix": "https://igx.4sqi.net/img/user/", "suffix": "/3348969-WU0GGHQZEDYEIPL1.jpg"}, "homeCity": "Singapore", "lists": {"groups": [{"items": [], "count": 2, "type": "created"}]}}, {"tips": {"count": 14}, "contact": {}, "firstName": "nzyc", "gender": "male", "id": "4227737", "bio": "", "photo": {"prefix": "https://igx.4sqi.net/img/user/", "suffix": "/DXS4GSA03MLUQWWO.jpg"}, "homeCity": "Singapore", "lists": {"groups": [{"items": [], "count": 2, "type": "created"}]}}, {"tips": {"count": 1}, "contact": {}, "firstName": "Lawrence", "gender": "male", "lastName": "Ang", "id": "1650246", "bio": "", "photo": {"prefix": "https://igx.4sqi.net/img/user/", "suffix": "/BXGMOL4GEPEYRUWG.jpg"}, "homeCity": "Singapore", "lists": {"groups": [{"items": [], "count": 2, "type": "created"}]}}, {"tips": {"count": 7}, "contact": {"facebook": "710996929"}, "firstName": "Jun Hong", "gender": "male", "id": "2689739", "bio": "", "photo": {"prefix": "https://igx.4sqi.net/img/user/", "suffix": "/AGWPVP1B33HG2QPN.jpg"}, "homeCity": "Singapore", "lists": {"groups": [{"items": [], "count": 2, "type": "created"}]}}, {"tips": {"count": 1}, "contact": {"facebook": "693847896"}, "firstName": "Wilson", "gender": "male", "lastName": "Tan", "id": "4545043", "bio": "", "photo": {"prefix": "https://igx.4sqi.net/img/user/", "suffix": "/QXQWKLPXMPRASCPM.jpg"}, "homeCity": "Singapore", "lists": {"groups": [{"items": [], "count": 2, "type": "created"}]}}, {"tips": {"count": 2}, "contact": {"twitter": "tiffinkinz", "facebook": "10152741904332771"}, "firstName": "T", "gender": "female", "id": "4423754", "bio": "", "photo": {"prefix": "https://igx.4sqi.net/img/user/", "suffix": "/4423754-KUD0AALDTRFDWV5K.jpg"}, "homeCity": "Singapore", "lists": {"groups": [{"items": [], "count": 2, "type": "created"}]}}, {"tips": {"count": 0}, "contact": {"twitter": "bboygene", "facebook": "775482960"}, "firstName": "Eugene", "gender": "male", "lastName": "Tan", "id": "5506931", "bio": "", "photo": {"prefix": "https://igx.4sqi.net/img/user/", "suffix": "/AFXRFOZUPTLQAJZB.jpg"}, "homeCity": "Singapore", "lists": {"groups": [{"items": [], "count": 2, "type": "created"}]}}, {"tips": {"count": 2}, "contact": {"twitter": "luke_hyena"}, "firstName": "Luke", "gender": "male", "lastName": "Yeo", "id": "2355433", "bio": "twitter: luke_hyena\r\nfacebook: luke.yeo@hotmail.com\r\ninstagram: luke yeo", "photo": {"prefix": "https://igx.4sqi.net/img/user/", "suffix": "/4IS0PP4HBZHK3XUL.jpg"}, "homeCity": "Bedok !", "lists": {"groups": [{"items": [], "count": 2, "type": "created"}]}}, {"tips": {"count": 0}, "contact": {"facebook": "1156306947"}, "firstName": "Eli", "gender": "male", "id": "5186898", "bio": "", "photo": {"prefix": "https://igx.4sqi.net/img/user/", "suffix": "/XY2R2SJNE5SH1TKX.jpg"}, "homeCity": "Singapore", "lists": {"groups": [{"items": [], "count": 2, "type": "created"}]}}, {"tips": {"count": 0}, "contact": {}, "firstName": "Yang", "gender": "male", "lastName": "Benedict", "id": "3523624", "bio": "", "photo": {"prefix": "https://igx.4sqi.net/img/user/", "suffix": "/HGH0JUMM4AJ54QG1.jpg"}, "homeCity": "Singapore", "lists": {"groups": [{"items": [], "count": 2, "type": "created"}]}}, {"tips": {"count": 0}, "contact": {}, "firstName": "Tan", "gender": "male", "lastName": "Gideon", "id": "4181330", "bio": "", "photo": {"prefix": "https://igx.4sqi.net/img/user/", "suffix": "/A2SRIOCGNY43J2MB.jpg"}, "homeCity": "Singapore", "lists": {"groups": [{"items": [], "count": 2, "type": "created"}]}}, {"tips": {"count": 0}, "contact": {"twitter": "weisemoemo", "facebook": "519403035"}, "firstName": "Hongwei", "gender": "none", "id": "3782794", "bio": "", "photo": {"prefix": "https://igx.4sqi.net/img/user/", "suffix": "/01LE3TOZJCMMJ1VO.jpg"}, "homeCity": "Singapore", "lists": {"groups": [{"items": [], "count": 2, "type": "created"}]}}, {"tips": {"count": 2}, "contact": {"facebook": "754895706"}, "firstName": "Jayden", "gender": "male", "lastName": "Zhang", "id": "3538187", "bio": "", "photo": {"prefix": "https://igx.4sqi.net/img/user/", "suffix": "/20FI1KI0SSBVDVR2.jpg"}, "homeCity": "Singapore", "lists": {"groups": [{"items": [], "count": 2, "type": "created"}]}}, {"tips": {"count": 3}, "contact": {}, "firstName": "Terrence", "gender": "male", "lastName": "Ang", "id": "4392135", "bio": "", "photo": {"prefix": "https://igx.4sqi.net/img/user/", "suffix": "/JLZZGGJOPPO2SQTD.jpg"}, "homeCity": "Singapore", "lists": {"groups": [{"items": [], "count": 2, "type": "created"}]}}, {"tips": {"count": 21}, "contact": {"facebook": "1190569977"}, "firstName": "Tan T P", "gender": "none", "id": "1710741", "bio": "", "photo": {"prefix": "https://igx.4sqi.net/img/user/", "suffix": "/CUZUJVOS5KYL4W3Q.jpg"}, "homeCity": "Singapore", "lists": {"groups": [{"items": [], "count": 2, "type": "created"}]}}, {"tips": {"count": 0}, "contact": {}, "firstName": "Chng", "gender": "male", "lastName": "Jerry", "id": "2856401", "bio": "", "photo": {"prefix": "https://igx.4sqi.net/img/user/", "suffix": "/QFMVPNTIH1TK1101.jpg"}, "homeCity": "Singapore", "lists": {"groups": [{"items": [], "count": 2, "type": "created"}]}}, {"tips": {"count": 2}, "contact": {"twitter": "asreespongypant", "facebook": "571954440"}, "firstName": "Asree", "gender": "male", "lastName": "Reynolds", "id": "4648647", "bio": "", "photo": {"prefix": "https://igx.4sqi.net/img/user/", "suffix": "/HM1PFNAGE0J51QMW.jpg"}, "homeCity": "Singapore", "lists": {"groups": [{"items": [], "count": 2, "type": "created"}]}}, {"tips": {"count": 1}, "contact": {}, "firstName": "Janice", "gender": "female", "lastName": "Lim", "id": "5580040", "bio": "", "photo": {"prefix": "https://igx.4sqi.net/img/user/", "suffix": "/RDOXYQJT3GC3R154.jpg"}, "homeCity": "New York, NY", "lists": {"groups": [{"items": [], "count": 2, "type": "created"}]}}, {"tips": {"count": 1}, "contact": {}, "firstName": "Kieran", "gender": "male", "lastName": "Lim", "id": "2364178", "bio": "", "photo": {"prefix": "https://igx.4sqi.net/img/user/", "suffix": "/I5IQEOUSXV2HEJIP.jpg"}, "homeCity": "Singapore", "lists": {"groups": [{"items": [], "count": 2, "type": "created"}]}}, {"tips": {"count": 1}, "contact": {"twitter": "heartellies"}, "firstName": "Rebecca", "gender": "female", "lastName": "Yeo", "id": "3534807", "bio": "Www.twitter.com/heartellies", "photo": {"prefix": "https://igx.4sqi.net/img/user/", "suffix": "/BSO2GKCUDDVXENAC.jpg"}, "homeCity": "Singapore", "lists": {"groups": [{"items": [], "count": 2, "type": "created"}]}}, {"tips": {"count": 0}, "contact": {"facebook": "673984218"}, "firstName": "Nigel", "gender": "male", "lastName": "Lee", "id": "4189655", "bio": "", "photo": {"prefix": "https://igx.4sqi.net/img/user/", "suffix": "/blank_boy.png", "default": true}, "homeCity": "Singapore", "lists": {"groups": [{"items": [], "count": 2, "type": "created"}]}}, {"tips": {"count": 0}, "contact": {"twitter": "jwyeo", "facebook": "601157265"}, "firstName": "Melvin", "gender": "none", "lastName": "Yeo", "id": "4617368", "bio": "", "photo": {"prefix": "https://igx.4sqi.net/img/user/", "suffix": "/AKN1JVQXR2OG2G3N.jpg"}, "homeCity": "Singapore", "lists": {"groups": [{"items": [], "count": 2, "type": "created"}]}}, {"tips": {"count": 13}, "contact": {"twitter": "lovesaiying", "facebook": "1814049278"}, "firstName": "Aiying", "gender": "female", "lastName": "Gan", "id": "3544766", "bio": "", "photo": {"prefix": "https://igx.4sqi.net/img/user/", "suffix": "/3544766-DWSDD0J4EFY345LZ.jpg"}, "homeCity": "Singapore", "lists": {"groups": [{"items": [], "count": 3, "type": "created"}]}}, {"tips": {"count": 4}, "contact": {"facebook": "100001076622455"}, "firstName": "Jack", "gender": "male", "lastName": "Froze", "id": "4860239", "bio": "", "photo": {"prefix": "https://igx.4sqi.net/img/user/", "suffix": "/I0AU3KVBX54JTJ2Y.png"}, "homeCity": "Singapore", "lists": {"groups": [{"items": [], "count": 2, "type": "created"}]}}, {"tips": {"count": 1}, "contact": {"twitter": "hearts_mellie", "facebook": "563854793"}, "firstName": "melinda", "gender": "female", "lastName": "lim", "id": "2015794", "bio": "", "photo": {"prefix": "https://igx.4sqi.net/img/user/", "suffix": "/DT3TKAG1TSPRZ2DF.jpg"}, "homeCity": "Singapore", "lists": {"groups": [{"items": [], "count": 2, "type": "created"}]}}, {"tips": {"count": 4}, "contact": {"facebook": "520226869"}, "firstName": "Zerbel", "gender": "female", "lastName": "Ho", "id": "2866044", "bio": "", "photo": {"prefix": "https://igx.4sqi.net/img/user/", "suffix": "/5V14HV0S5TR4HVND.jpg"}, "homeCity": "Singapore", "lists": {"groups": [{"items": [], "count": 2, "type": "created"}]}}, {"tips": {"count": 7}, "contact": {"facebook": "581271547"}, "firstName": "Den", "gender": "male", "lastName": "King", "id": "4774565", "bio": "", "photo": {"prefix": "https://igx.4sqi.net/img/user/", "suffix": "/40E4E5CTDNCZFVKV.jpg"}, "homeCity": "Singapore", "lists": {"groups": [{"items": [], "count": 2, "type": "created"}]}}, {"tips": {"count": 0}, "contact": {}, "firstName": "Bryan", "gender": "male", "lastName": "Guo", "id": "5640565", "bio": "", "photo": {"prefix": "https://igx.4sqi.net/img/user/", "suffix": "/NLIRFYZY3DJH4Q2F.jpg"}, "homeCity": "New York, NY", "lists": {"groups": [{"items": [], "count": 2, "type": "created"}]}}, {"tips": {"count": 1}, "contact": {}, "firstName": "Rafis", "gender": "male", "lastName": "Khan", "id": "2622604", "bio": "", "photo": {"prefix": "https://igx.4sqi.net/img/user/", "suffix": "/JL4PG5YCN22MWEQR.jpg"}, "homeCity": "Singapore", "lists": {"groups": [{"items": [], "count": 2, "type": "created"}]}}, {"tips": {"count": 0}, "contact": {"twitter": "onlyjuzadream", "facebook": "701909781"}, "firstName": "Jordan", "gender": "male", "lastName": "Lim", "id": "3753718", "bio": "", "photo": {"prefix": "https://igx.4sqi.net/img/user/", "suffix": "/I00DTXL1BAKFUXCD.jpg"}, "homeCity": "Singapore", "lists": {"groups": [{"items": [], "count": 2, "type": "created"}]}}, {"tips": {"count": 0}, "contact": {"facebook": "636920868"}, "firstName": "Alvin", "gender": "male", "lastName": "Lin", "id": "4191485", "bio": "", "photo": {"prefix": "https://igx.4sqi.net/img/user/", "suffix": "/D1U5CWPAJWIZ3EJB.jpg"}, "homeCity": "Singapore", "lists": {"groups": [{"items": [], "count": 2, "type": "created"}]}}, {"tips": {"count": 1}, "contact": {"twitter": "grb8sg", "facebook": "1080760086"}, "firstName": "Grb", "gender": "male", "lastName": "Sg", "id": "4624663", "bio": "", "photo": {"prefix": "https://igx.4sqi.net/img/user/", "suffix": "/4624663-HWNL4TO45TM4IZBA.jpg"}, "homeCity": "Singapore", "lists": {"groups": [{"items": [], "count": 2, "type": "created"}]}}, {"tips": {"count": 0}, "contact": {"facebook": "663111235"}, "firstName": "Gessle", "gender": "male", "lastName": "Ong", "id": "3548582", "bio": "", "photo": {"prefix": "https://igx.4sqi.net/img/user/", "suffix": "/KSLIAJP3MWEG12JI.jpg"}, "homeCity": "Singapore", "lists": {"groups": [{"items": [], "count": 2, "type": "created"}]}}, {"tips": {"count": 0}, "contact": {}, "firstName": "Ranger", "gender": "male", "lastName": "Ng", "id": "2327518", "bio": "", "photo": {"prefix": "https://igx.4sqi.net/img/user/", "suffix": "/2JTPOZ0HKRR204IR.jpg"}, "homeCity": "Singapore", "lists": {"groups": [{"items": [], "count": 2, "type": "created"}]}}, {"tips": {"count": 0}, "contact": {"facebook": "100000881466482"}, "firstName": "Yi Xiang", "gender": "male", "id": "3033882", "bio": "", "photo": {"prefix": "https://igx.4sqi.net/img/user/", "suffix": "/IZMEJT4ETPPYFOPR.jpg"}, "homeCity": "Singapore", "lists": {"groups": [{"items": [], "count": 2, "type": "created"}]}}, {"tips": {"count": 1}, "contact": {"twitter": "raveiskinggg", "facebook": "707606105"}, "firstName": "Andros", "gender": "male", "lastName": "Yiu", "id": "4780784", "bio": "", "photo": {"prefix": "https://igx.4sqi.net/img/user/", "suffix": "/EZ2QFVQLDVFQ3K54.jpg"}, "homeCity": "Singapore", "lists": {"groups": [{"items": [], "count": 2, "type": "created"}]}}, {"tips": {"count": 0}, "contact": {"twitter": "jonzhng"}, "firstName": "JonZh", "gender": "male", "lastName": "Ng", "id": "5660254", "bio": "", "photo": {"prefix": "https://igx.4sqi.net/img/user/", "suffix": "/LLNDY22VDJGFCU4W.jpg"}, "homeCity": "Singapore", "lists": {"groups": [{"items": [], "count": 2, "type": "created"}]}}, {"tips": {"count": 0}, "contact": {}, "firstName": "Nicholas", "gender": "male", "lastName": "Soh", "id": "2629112", "bio": "", "photo": {"prefix": "https://igx.4sqi.net/img/user/", "suffix": "/UXMBV45SUUPQUPRU.jpg"}, "homeCity": "Singapore", "lists": {"groups": [{"items": [], "count": 2, "type": "created"}]}}, {"tips": {"count": 10}, "contact": {"twitter": "08windgod80", "facebook": "774530359"}, "firstName": "\ue443\u98a8\u795e\ue443", "gender": "male", "id": "3838815", "bio": "", "photo": {"prefix": "https://igx.4sqi.net/img/user/", "suffix": "/3LIRKBPXUHQ1UPWR.jpg"}, "homeCity": "Singapore", "lists": {"groups": [{"items": [], "count": 2, "type": "created"}]}}, {"tips": {"count": 0}, "contact": {"facebook": "761612999"}, "firstName": "Nelson", "gender": "male", "lastName": "Tay", "id": "5356639", "bio": "", "photo": {"prefix": "https://igx.4sqi.net/img/user/", "suffix": "/blank_boy.png", "default": true}, "homeCity": "Singapore", "lists": {"groups": [{"items": [], "count": 2, "type": "created"}]}}, {"tips": {"count": 0}, "contact": {}, "firstName": "Karlmal", "gender": "male", "lastName": "Imin", "id": "4626247", "bio": "", "photo": {"prefix": "https://igx.4sqi.net/img/user/", "suffix": "/XIQKA5OC53JMEMTM.jpg"}, "homeCity": "Singapore", "lists": {"groups": [{"items": [], "count": 2, "type": "created"}]}}, {"tips": {"count": 2}, "contact": {}, "firstName": "David", "gender": "male", "lastName": "Wong", "id": "3549861", "bio": "", "photo": {"prefix": "https://igx.4sqi.net/img/user/", "suffix": "/BAQ40NCE2L4QISE5.jpg"}, "homeCity": "Singapore", "lists": {"groups": [{"items": [], "count": 2, "type": "created"}]}}, {"tips": {"count": 0}, "contact": {"facebook": "588113073"}, "firstName": "fuliang", "gender": "male", "lastName": "sun", "id": "2329120", "bio": "", "photo": {"prefix": "https://igx.4sqi.net/img/user/", "suffix": "/XSFXW0UWRXV3Z5G5.jpg"}, "homeCity": "dover, singapore", "lists": {"groups": [{"items": [], "count": 2, "type": "created"}]}}, {"tips": {"count": 0}, "contact": {"twitter": "dessydesmond", "facebook": "513456281"}, "firstName": "Dessy", "gender": "male", "lastName": "Desmond", "id": "3267446", "bio": "", "photo": {"prefix": "https://igx.4sqi.net/img/user/", "suffix": "/ALZ0O3PD0J3ISW3L.jpg"}, "homeCity": "Singapore", "lists": {"groups": [{"items": [], "count": 2, "type": "created"}]}}, {"tips": {"count": 0}, "contact": {}, "firstName": "Dominic", "gender": "male", "lastName": "Chow", "id": "4782968", "bio": "", "photo": {"prefix": "https://igx.4sqi.net/img/user/", "suffix": "/XDO0YXJ2A3PISVAY.jpg"}, "homeCity": "New York, NY", "lists": {"groups": [{"items": [], "count": 2, "type": "created"}]}}, {"tips": {"count": 2}, "contact": {}, "firstName": "Jovis", "gender": "male", "id": "5694198", "bio": "", "photo": {"prefix": "https://igx.4sqi.net/img/user/", "suffix": "/T4GRQCBK5UYORCRW.jpg"}, "homeCity": "Singapore", "lists": {"groups": [{"items": [], "count": 2, "type": "created"}]}}, {"tips": {"count": 0}, "contact": {"facebook": "605050344"}, "firstName": "Sky", "gender": "male", "lastName": "High", "id": "2770631", "bio": "", "photo": {"prefix": "https://igx.4sqi.net/img/user/", "suffix": "/AY2XQOTWZHL1HR00.jpg"}, "homeCity": "Singapore", "lists": {"groups": [{"items": [], "count": 2, "type": "created"}]}}, {"tips": {"count": 0}, "contact": {"twitter": "kennethl_", "facebook": "1641440348"}, "firstName": "Kenneth", "gender": "male", "lastName": "Loke", "id": "3843802", "bio": "", "photo": {"prefix": "https://igx.4sqi.net/img/user/", "suffix": "/31ROYHXGN3K5MFZT.jpg"}, "homeCity": "SG", "lists": {"groups": [{"items": [], "count": 2, "type": "created"}]}}, {"tips": {"count": 0}, "contact": {"twitter": "aliciachancy", "facebook": "100001986508762"}, "firstName": "Alicia", "gender": "female", "lastName": "Chan", "id": "5396666", "bio": "", "photo": {"prefix": "https://igx.4sqi.net/img/user/", "suffix": "/C2UFR1KZHXXBEUKA.jpg"}, "homeCity": "Singapore", "lists": {"groups": [{"items": [], "count": 2, "type": "created"}]}}, {"tips": {"count": 0}, "contact": {"twitter": "ko_chis_"}, "firstName": "Yong", "gender": "male", "lastName": "Xiang", "id": "4685001", "bio": "", "photo": {"prefix": "https://igx.4sqi.net/img/user/", "suffix": "/blank_boy.png", "default": true}, "homeCity": "Singapore", "lists": {"groups": [{"items": [], "count": 2, "type": "created"}]}}, {"tips": {"count": 0}, "contact": {}, "firstName": "Wan Ting", "gender": "female", "lastName": "Lee", "id": "4582499", "bio": "", "photo": {"prefix": "https://igx.4sqi.net/img/user/", "suffix": "/U13ZFDAZY0PIFZ5C.jpg"}, "homeCity": "New York, NY", "lists": {"groups": [{"items": [], "count": 2, "type": "created"}]}}, {"tips": {"count": 0}, "contact": {}, "firstName": "mo-ta", "gender": "male", "id": "2423280", "bio": "", "photo": {"prefix": "https://igx.4sqi.net/img/user/", "suffix": "/3JC50L53WMB5JGRY.png"}, "homeCity": "Bangkok, Thailand", "lists": {"groups": [{"items": [], "count": 2, "type": "created"}]}}, {"tips": {"count": 5}, "contact": {"twitter": "_justinhearts", "facebook": "758524178"}, "firstName": "Justin", "gender": "male", "lastName": "Lim", "id": "3286204", "bio": "Roland Restaurant \n\nCreator of chili crab since 1956!", "photo": {"prefix": "https://igx.4sqi.net/img/user/", "suffix": "/MENZ4RRW3OKS3R1K.jpg"}, "homeCity": "Singapore", "lists": {"groups": [{"items": [], "count": 2, "type": "created"}]}}, {"tips": {"count": 3}, "contact": {"twitter": "norulzsyafeeqah", "facebook": "689067206"}, "firstName": "Nurulsyafiqah", "gender": "female", "lastName": "Sedik", "id": "4878009", "bio": "", "photo": {"prefix": "https://igx.4sqi.net/img/user/", "suffix": "/HEPAJMN4DTHB3X2A.jpg"}, "homeCity": "Singapore", "lists": {"groups": [{"items": [], "count": 2, "type": "created"}]}}, {"tips": {"count": 0}, "contact": {}, "firstName": "Marcus", "gender": "male", "lastName": "Lim", "id": "5725250", "bio": "", "photo": {"prefix": "https://igx.4sqi.net/img/user/", "suffix": "/blank_boy.png", "default": true}, "homeCity": "Singapore", "lists": {"groups": [{"items": [], "count": 2, "type": "created"}]}}, {"tips": {"count": 5}, "contact": {"twitter": "xiaostan", "facebook": "507874186"}, "firstName": "stanley", "gender": "male", "lastName": "cheong", "id": "2838507", "bio": "", "photo": {"prefix": "https://igx.4sqi.net/img/user/", "suffix": "/UXCDKGDEL3E0B004.jpg"}, "homeCity": "Singapore", "lists": {"groups": [{"items": [], "count": 2, "type": "created"}]}}, {"tips": {"count": 0}, "contact": {"twitter": "spoiltchic"}, "firstName": "Weixin", "gender": "female", "lastName": "L", "id": "3877442", "bio": "Goodgirl \ud83c\udf6d x Badgirl \ud83d\udc8b", "photo": {"prefix": "https://igx.4sqi.net/img/user/", "suffix": "/K20N1AWBI4XXW3P5.jpg"}, "homeCity": "Singapore", "lists": {"groups": [{"items": [], "count": 2, "type": "created"}]}}, {"tips": {"count": 5}, "contact": {"facebook": "1633184552"}, "firstName": "Haris", "gender": "male", "lastName": "Lin", "id": "5401206", "bio": "ez going man", "photo": {"prefix": "https://igx.4sqi.net/img/user/", "suffix": "/PCLCVA1FYSJEEPCA.jpg"}, "homeCity": "Singapore", "lists": {"groups": [{"items": [], "count": 2, "type": "created"}]}}, {"tips": {"count": 0}, "contact": {"facebook": "728399080"}, "firstName": "Alex", "gender": "male", "lastName": "Bing Rong", "id": "4810772", "bio": "", "photo": {"prefix": "https://igx.4sqi.net/img/user/", "suffix": "/blank_boy.png", "default": true}, "homeCity": "Singapore", "lists": {"groups": [{"items": [], "count": 2, "type": "created"}]}}, {"tips": {"count": 1}, "contact": {}, "firstName": "Alvin", "gender": "male", "lastName": "Tin", "id": "4701814", "bio": "", "photo": {"prefix": "https://igx.4sqi.net/img/user/", "suffix": "/3PGJBA3KEPWILCGD.jpg"}, "homeCity": "Singapore", "lists": {"groups": [{"items": [], "count": 2, "type": "created"}]}}, {"tips": {"count": 0}, "contact": {"twitter": "babybus85", "facebook": "709844451"}, "firstName": "Louis", "gender": "male", "lastName": "Babybus", "id": "2424047", "bio": "", "photo": {"prefix": "https://igx.4sqi.net/img/user/", "suffix": "/5BHKO1B3J2ECPR11.jpg"}, "homeCity": "Singapore", "lists": {"groups": [{"items": [], "count": 2, "type": "created"}]}}, {"tips": {"count": 0}, "contact": {"facebook": "100001192833125"}, "firstName": "Adelene", "gender": "female", "lastName": "Ong", "id": "3388722", "bio": "", "photo": {"prefix": "https://igx.4sqi.net/img/user/", "suffix": "/blank_girl.png", "default": true}, "homeCity": "Singapore", "lists": {"groups": [{"items": [], "count": 2, "type": "created"}]}}, {"tips": {"count": 0}, "contact": {"facebook": "522773561"}, "firstName": "Sin", "gender": "male", "lastName": "Kai", "id": "4883704", "bio": "", "photo": {"prefix": "https://igx.4sqi.net/img/user/", "suffix": "/LIHQHJOC3HPCI52C.jpg"}, "homeCity": "Singapore", "lists": {"groups": [{"items": [], "count": 2, "type": "created"}]}}, {"tips": {"count": 1}, "contact": {"twitter": "yitingtann"}, "firstName": "Tan", "gender": "female", "lastName": "Yiting", "id": "5726116", "bio": "", "photo": {"prefix": "https://igx.4sqi.net/img/user/", "suffix": "/KTWE1XFISBV0PZM5.jpg"}, "homeCity": "Singapore", "lists": {"groups": [{"items": [], "count": 2, "type": "created"}]}}, {"tips": {"count": 2}, "contact": {"twitter": "nateatsyou", "facebook": "711126501"}, "firstName": "Nathanael", "gender": "male", "lastName": "Tan", "id": "2842423", "bio": "", "photo": {"prefix": "https://igx.4sqi.net/img/user/", "suffix": "/JAA0IQLKV3ZQ3NRC.jpg"}, "homeCity": "Singapore", "lists": {"groups": [{"items": [], "count": 2, "type": "created"}]}}, {"tips": {"count": 0}, "contact": {"twitter": "ahtongheehee"}, "firstName": "Ahtongheehee", "gender": "male", "id": "3877697", "bio": "", "photo": {"prefix": "https://igx.4sqi.net/img/user/", "suffix": "/TX0PQTEOOSL4033E.jpg"}, "homeCity": "Singapore", "lists": {"groups": [{"items": [], "count": 2, "type": "created"}]}}, {"tips": {"count": 2}, "contact": {"twitter": "yourbabbyygirl", "facebook": "758717808"}, "firstName": "Jacqueline", "gender": "female", "lastName": "wong", "id": "4713233", "bio": "", "photo": {"prefix": "https://igx.4sqi.net/img/user/", "suffix": "/COURMBR2OZQ5EEKQ.jpg"}, "homeCity": "Singapore", "lists": {"groups": [{"items": [], "count": 2, "type": "created"}]}}, {"tips": {"count": 1}, "contact": {"twitter": "mrclarencekim", "facebook": "1165713615"}, "firstName": "Clarence kim", "gender": "male", "id": "2481834", "bio": "", "photo": {"prefix": "https://igx.4sqi.net/img/user/", "suffix": "/BOVA1B2OV23EPT2Q.jpg"}, "homeCity": "Singapore", "lists": {"groups": [{"items": [], "count": 2, "type": "created"}]}}, {"tips": {"count": 0}, "contact": {"twitter": "xiaolongxl", "facebook": "741062204"}, "firstName": "Xiao Long", "gender": "male", "lastName": "Xiao Long", "id": "3389254", "bio": "", "photo": {"prefix": "https://igx.4sqi.net/img/user/", "suffix": "/ZIJWER4IWU05QGLP.jpg"}, "homeCity": "Singapore", "lists": {"groups": [{"items": [], "count": 2, "type": "created"}]}}, {"tips": {"count": 7}, "contact": {}, "firstName": "Ken", "gender": "male", "id": "5574126", "bio": "", "photo": {"prefix": "https://igx.4sqi.net/img/user/", "suffix": "/IWCMVB5BNLVA2HTQ.jpg"}, "homeCity": "Singapore", "lists": {"groups": [{"items": [], "count": 2, "type": "created"}]}}, {"tips": {"count": 0}, "contact": {"twitter": "jianhaojh", "facebook": "599798039"}, "firstName": "Jianhao", "gender": "male", "id": "5729502", "bio": "", "photo": {"prefix": "https://igx.4sqi.net/img/user/", "suffix": "/HNTYHGRKUBYG3CP1.jpg"}, "homeCity": "Singapore", "lists": {"groups": [{"items": [], "count": 2, "type": "created"}]}}, {"tips": {"count": 2}, "contact": {"twitter": "inkedpixie", "facebook": "1636670575"}, "firstName": "Dorisa", "gender": "female", "lastName": "\u0e08\u0e34\u0e19\u0e15\u0e19\u0e32", "id": "3584227", "bio": "", "photo": {"prefix": "https://igx.4sqi.net/img/user/", "suffix": "/S2KGEYRPDXRYCULT.jpg"}, "homeCity": "Bangkok, Thailand ", "lists": {"groups": [{"items": [], "count": 2, "type": "created"}]}}, {"tips": {"count": 1}, "contact": {}, "firstName": "Darren", "gender": "male", "lastName": "Justin", "id": "3896728", "bio": "", "photo": {"prefix": "https://igx.4sqi.net/img/user/", "suffix": "/1REINN5ZAQNSVF5V.jpg"}, "homeCity": "Singapore", "lists": {"groups": [{"items": [], "count": 2, "type": "created"}]}}, {"tips": {"count": 0}, "contact": {}, "firstName": "Wuxim", "gender": "male", "lastName": "Ck", "id": "5071665", "bio": "", "photo": {"prefix": "https://igx.4sqi.net/img/user/", "suffix": "/KZYFP3PUHCLTO0CF.jpg"}, "homeCity": "Singapore", "lists": {"groups": [{"items": [], "count": 2, "type": "created"}]}}, {"tips": {"count": 1}, "contact": {"twitter": "weii_", "facebook": "100000100235456"}, "firstName": "rayner", "gender": "male", "lastName": "koh", "id": "2719652", "bio": "", "photo": {"prefix": "https://igx.4sqi.net/img/user/", "suffix": "/1ARCVEE1GHNYHCCP.jpg"}, "homeCity": "Singapore", "lists": {"groups": [{"items": [], "count": 2, "type": "created"}]}}, {"tips": {"count": 0}, "contact": {}, "firstName": "Desiree", "gender": "female", "lastName": "Chua", "id": "3436074", "bio": "", "photo": {"prefix": "https://igx.4sqi.net/img/user/", "suffix": "/blank_girl.png", "default": true}, "homeCity": "Singapore", "lists": {"groups": [{"items": [], "count": 2, "type": "created"}]}}, {"tips": {"count": 0}, "contact": {"twitter": "doritapeng"}, "firstName": "Dorita", "gender": "female", "lastName": "Peng", "id": "5682221", "bio": "", "photo": {"prefix": "https://igx.4sqi.net/img/user/", "suffix": "/3C1AIFTFII5QVMJ3.jpg"}, "homeCity": "Singapore", "lists": {"groups": [{"items": [], "count": 2, "type": "created"}]}}, {"tips": {"count": 0}, "contact": {}, "firstName": "Kelvin", "gender": "male", "lastName": "Lua", "id": "5889609", "bio": "", "photo": {"prefix": "https://igx.4sqi.net/img/user/", "suffix": "/blank_boy.png", "default": true}, "homeCity": "Singapore", "lists": {"groups": [{"items": [], "count": 2, "type": "created"}]}}, {"tips": {"count": 0}, "contact": {}, "firstName": "Wenyan", "gender": "female", "id": "3596625", "bio": "", "photo": {"prefix": "https://igx.4sqi.net/img/user/", "suffix": "/Q0XPP3XF3P0FLB4R.jpg"}, "homeCity": "Singapore", "lists": {"groups": [{"items": [], "count": 2, "type": "created"}]}}, {"tips": {"count": 2}, "contact": {"twitter": "ahhhjie", "facebook": "621240227"}, "firstName": "Tanjiajie", "gender": "male", "lastName": "Luvbfp", "id": "3921779", "bio": "", "photo": {"prefix": "https://igx.4sqi.net/img/user/", "suffix": "/T0TTEQGTUAI4SQOK.jpg"}, "homeCity": "Singapore", "lists": {"groups": [{"items": [], "count": 2, "type": "created"}]}}, {"tips": {"count": 0}, "contact": {"twitter": "leohavehisways"}, "firstName": "Leo", "gender": "male", "lastName": "Quek", "id": "5430271", "bio": "", "photo": {"prefix": "https://igx.4sqi.net/img/user/", "suffix": "/QBQ302BDEARXB12G.jpg"}, "homeCity": "Singapore", "lists": {"groups": [{"items": [], "count": 2, "type": "created"}]}}, {"tips": {"count": 0}, "contact": {"twitter": "andylowhei", "facebook": "697267598"}, "firstName": "Andy", "gender": "male", "lastName": "Lowhei", "id": "2972839", "bio": "", "photo": {"prefix": "https://igx.4sqi.net/img/user/", "suffix": "/1VBKLW1AZYUKNV0V.jpg"}, "homeCity": "Singapore", "lists": {"groups": [{"items": [], "count": 2, "type": "created"}]}}, {"tips": {"count": 0}, "contact": {"twitter": "winnielotte", "facebook": "1472261642"}, "firstName": "Winnie", "gender": "female", "lastName": "Oon", "id": "3499862", "bio": "", "photo": {"prefix": "https://igx.4sqi.net/img/user/", "suffix": "/BIJZHPEWER5QD3RN.jpg"}, "homeCity": "Singapore", "lists": {"groups": [{"items": [], "count": 2, "type": "created"}]}}, {"tips": {"count": 0}, "contact": {"facebook": "1392565662"}, "firstName": "Kawasaki", "gender": "male", "lastName": "Kobayashi", "id": "6024658", "bio": "", "photo": {"prefix": "https://igx.4sqi.net/img/user/", "suffix": "/NFHUJQFQCT5QC5IZ.jpg"}, "homeCity": "Singapore", "lists": {"groups": [{"items": [], "count": 2, "type": "created"}]}}, {"tips": {"count": 0}, "contact": {}, "firstName": "Waveman", "gender": "male", "lastName": "Javier", "id": "3652640", "bio": "", "photo": {"prefix": "https://igx.4sqi.net/img/user/", "suffix": "/CNDTYMNFZM30E0JJ.jpg"}, "homeCity": "Singapore", "lists": {"groups": [{"items": [], "count": 2, "type": "created"}]}}, {"tips": {"count": 1}, "contact": {"facebook": "1673195534"}, "firstName": "TianCheng", "gender": "male", "id": "3922226", "bio": "", "photo": {"prefix": "https://igx.4sqi.net/img/user/", "suffix": "/1BJJLE0KX0CUDBJA.jpg"}, "homeCity": "Singapore", "lists": {"groups": [{"items": [], "count": 2, "type": "created"}]}}, {"tips": {"count": 6}, "contact": {}, "firstName": "Alistair Lias", "gender": "male", "lastName": "Ong", "id": "3011114", "bio": "", "photo": {"prefix": "https://igx.4sqi.net/img/user/", "suffix": "/3011114-DKGTXG3SVTTQINDZ.jpg"}, "homeCity": "Singapore , Bedok", "lists": {"groups": [{"items": [], "count": 2, "type": "created"}]}}, {"tips": {"count": 0}, "contact": {"facebook": "770744600"}, "firstName": "Stephrene", "gender": "female", "lastName": "Ting", "id": "3505667", "bio": "", "photo": {"prefix": "https://igx.4sqi.net/img/user/", "suffix": "/CZRJ3JDH2DGQMGJL.jpg"}, "homeCity": "Singapore", "lists": {"groups": [{"items": [], "count": 2, "type": "created"}]}}, {"tips": {"count": 11}, "contact": {"twitter": "chesternuts", "facebook": "782508368"}, "firstName": "Chester", "gender": "female", "lastName": "Tham", "id": "6076146", "bio": "", "photo": {"prefix": "https://igx.4sqi.net/img/user/", "suffix": "/LCIB5EHEZSAYKLBE.jpg"}, "homeCity": "Singapore", "lists": {"groups": [{"items": [], "count": 2, "type": "created"}]}}, {"tips": {"count": 0}, "contact": {}, "firstName": "Nelson", "gender": "male", "lastName": "Zheng", "id": "3661028", "bio": "", "photo": {"prefix": "https://igx.4sqi.net/img/user/", "suffix": "/blank_boy.png", "default": true}, "homeCity": "Singapore", "lists": {"groups": [{"items": [], "count": 2, "type": "created"}]}}, {"tips": {"count": 3}, "contact": {}, "firstName": "Lim", "gender": "male", "lastName": "Chee siong", "id": "3929994", "bio": "", "photo": {"prefix": "https://igx.4sqi.net/img/user/", "suffix": "/5LQHTYJGLXNSQQVF.jpg"}, "homeCity": "Singapore", "lists": {"groups": [{"items": [], "count": 2, "type": "created"}]}}, {"tips": {"count": 1}, "contact": {"facebook": "715696317"}, "firstName": "Eric", "gender": "male", "lastName": "Chia", "id": "3014167", "bio": "", "photo": {"prefix": "https://igx.4sqi.net/img/user/", "suffix": "/KXNTVSTOBASGW3PG.jpg"}, "homeCity": "Singapore", "lists": {"groups": [{"items": [], "count": 2, "type": "created"}]}}, {"tips": {"count": 1}, "contact": {}, "firstName": "Spencer", "gender": "male", "id": "3679385", "bio": "", "photo": {"prefix": "https://igx.4sqi.net/img/user/", "suffix": "/DUHDL4LDQ21QKD4W.jpg"}, "homeCity": "Singapore", "lists": {"groups": [{"items": [], "count": 2, "type": "created"}]}}, {"tips": {"count": 0}, "contact": {"facebook": "646269400"}, "firstName": "Pinxian", "gender": "male", "lastName": "Lee", "id": "6131756", "bio": "", "photo": {"prefix": "https://igx.4sqi.net/img/user/", "suffix": "/1KBVTNSH5UAQDAR2.jpg"}, "homeCity": "Singapore", "lists": {"groups": [{"items": [], "count": 2, "type": "created"}]}}, {"tips": {"count": 0}, "contact": {"facebook": "759183898"}, "firstName": "Patricia", "gender": "female", "lastName": "Wan", "id": "3961051", "bio": "", "photo": {"prefix": "https://igx.4sqi.net/img/user/", "suffix": "/IILXLJ2SECBLLDNX.jpg"}, "homeCity": "Singapore", "lists": {"groups": [{"items": [], "count": 2, "type": "created"}]}}, {"tips": {"count": 1}, "contact": {}, "firstName": "Ken", "gender": "male", "lastName": "Liu", "id": "3933471", "bio": "", "photo": {"prefix": "https://igx.4sqi.net/img/user/", "suffix": "/CR13ZAINK0QDOBPZ.jpg"}, "homeCity": "Singapore", "lists": {"groups": [{"items": [], "count": 2, "type": "created"}]}}, {"tips": {"count": 0}, "contact": {"twitter": "jmereshawn", "facebook": "620712872"}, "firstName": "Shawn", "gender": "male", "lastName": "Lam", "id": "3019277", "bio": "", "photo": {"prefix": "https://igx.4sqi.net/img/user/", "suffix": "/55KVCNECEOXCQ5IE.jpg"}, "homeCity": "Singapore", "lists": {"groups": [{"items": [], "count": 2, "type": "created"}]}}, {"tips": {"count": 3}, "contact": {"twitter": "lhuiqi", "facebook": "556903497"}, "firstName": "Amanda", "gender": "female", "lastName": "lee", "id": "3694219", "bio": "It's ain't wrong to be simple", "photo": {"prefix": "https://igx.4sqi.net/img/user/", "suffix": "/3694219_EnbRh7gZ_mETDNRC6RraeGRNMeOp5U3J3G_G6SvwSQ2QAO1zxOWkLZl1yHjNpO2JQq3dgckLP.jpg"}, "homeCity": "Singapore", "lists": {"groups": [{"items": [], "count": 2, "type": "created"}]}}, {"tips": {"count": 0}, "contact": {"facebook": "1103205200"}, "firstName": "Kareina", "gender": "female", "lastName": "Lau", "id": "4995141", "bio": "", "photo": {"prefix": "https://igx.4sqi.net/img/user/", "suffix": "/4995141-AZOJIZFDIOLTXOST.jpg"}, "homeCity": "Singapore", "lists": {"groups": [{"items": [], "count": 2, "type": "created"}]}}, {"tips": {"count": 14}, "contact": {}, "firstName": "\ud83c\udd94", "gender": "male", "lastName": "JJ", "id": "3933518", "bio": "", "photo": {"prefix": "https://igx.4sqi.net/img/user/", "suffix": "/4M4ED3QVCPRRMTGZ.jpg"}, "homeCity": "Singapore", "lists": {"groups": [{"items": [], "count": 2, "type": "created"}]}}, {"tips": {"count": 0}, "contact": {"twitter": "orthodoxraycist", "facebook": "790728956"}, "firstName": "Raymond", "gender": "male", "lastName": "Soh", "id": "3081371", "bio": "", "photo": {"prefix": "https://igx.4sqi.net/img/user/", "suffix": "/1STGSEUAYKM3ISXW.jpg"}, "homeCity": "Singapore", "lists": {"groups": [{"items": [], "count": 2, "type": "created"}]}}, {"tips": {"count": 1}, "contact": {}, "firstName": "Zu'el", "gender": "male", "lastName": "Haily", "id": "3717289", "bio": "", "photo": {"prefix": "https://igx.4sqi.net/img/user/", "suffix": "/TPFREJ1RZQC2QMPA.jpg"}, "homeCity": "Singapore", "lists": {"groups": [{"items": [], "count": 2, "type": "created"}]}}, {"tips": {"count": 0}, "contact": {"facebook": "100002465154659"}, "firstName": "Edmund !", "gender": "male", "lastName": "Blur Blur", "id": "5020054", "bio": "", "photo": {"prefix": "https://igx.4sqi.net/img/user/", "suffix": "/OLQOAJLLV2FVNKR4.jpg"}, "homeCity": "Singapore", "lists": {"groups": [{"items": [], "count": 2, "type": "created"}]}}, {"tips": {"count": 19}, "contact": {}, "firstName": "Chen", "gender": "male", "lastName": "Peng", "id": "3935052", "bio": "", "photo": {"prefix": "https://igx.4sqi.net/img/user/", "suffix": "/ERYHOB23G4IDPG2Z.jpg"}, "homeCity": "Singapore", "lists": {"groups": [{"items": [], "count": 2, "type": "created"}]}}, {"tips": {"count": 11}, "contact": {}, "firstName": "Yeo", "gender": "male", "lastName": "Andrian", "id": "3087726", "bio": "", "photo": {"prefix": "https://igx.4sqi.net/img/user/", "suffix": "/5MBQY51WAGN1HMOH.jpg"}, "homeCity": "Singapore", "lists": {"groups": [{"items": [], "count": 2, "type": "created"}]}}, {"tips": {"count": 0}, "contact": {}, "firstName": "Jason", "gender": "male", "lastName": "Ho", "id": "3728686", "bio": "", "photo": {"prefix": "https://igx.4sqi.net/img/user/", "suffix": "/3728686-MIQDUWLOKCM3LZ3T.jpg"}, "homeCity": "Singapore", "lists": {"groups": [{"items": [], "count": 2, "type": "created"}]}}, {"tips": {"count": 1}, "contact": {"twitter": "chenagnes", "facebook": "1460301487"}, "firstName": "Tan", "gender": "female", "lastName": "Agnes", "id": "5316906", "bio": "", "photo": {"prefix": "https://igx.4sqi.net/img/user/", "suffix": "/V2XRHIRLLF3B2F2R.jpg"}, "homeCity": "Singapore", "lists": {"groups": [{"items": [], "count": 2, "type": "created"}]}}, {"tips": {"count": 0}, "contact": {"twitter": "jinxingjx", "facebook": "1104647384"}, "firstName": "koh", "gender": "male", "lastName": "jin xing", "id": "4052255", "bio": "", "photo": {"prefix": "https://igx.4sqi.net/img/user/", "suffix": "/4Q45WNOG4MEAMSYY.jpg"}, "homeCity": "Singapore", "lists": {"groups": [{"items": [], "count": 2, "type": "created"}]}}, {"tips": {"count": 0}, "contact": {"twitter": "mandyteo"}, "firstName": "Mandy", "gender": "female", "lastName": "Teo", "id": "3101917", "bio": "", "photo": {"prefix": "https://igx.4sqi.net/img/user/", "suffix": "/OYTJK3GBABMG322Z.jpg"}, "homeCity": "Singapore", "lists": {"groups": [{"items": [], "count": 2, "type": "created"}]}}, {"tips": {"count": 1}, "contact": {"facebook": "1294424919"}, "firstName": "Alvin", "gender": "male", "lastName": "Leong", "id": "3853573", "bio": "", "photo": {"prefix": "https://irs0.4sqi.net/img/user/", "suffix": "/BB4Y3OLHRDH355UX.jpg"}, "homeCity": "Singapore", "lists": {"groups": [{"items": [], "count": 2, "type": "created"}]}}, {"tips": {"count": 0}, "contact": {"facebook": "767907009"}, "firstName": "JeremyNicholas", "gender": "male", "lastName": "Alezandro", "id": "4056784", "bio": "", "photo": {"prefix": "https://igx.4sqi.net/img/user/", "suffix": "/blank_boy.png", "default": true}, "homeCity": "Singapore", "lists": {"groups": [{"items": [], "count": 2, "type": "created"}]}}, {"tips": {"count": 3}, "contact": {"twitter": "metalgod999", "facebook": "100000245288691"}, "firstName": "Clement", "gender": "male", "lastName": "Andre", "id": "3139852", "bio": "", "photo": {"prefix": "https://igx.4sqi.net/img/user/", "suffix": "/WPGXE43SGIWE3KCU.jpg"}, "homeCity": "Singapore", "lists": {"groups": [{"items": [], "count": 2, "type": "created"}]}}, {"tips": {"count": 939}, "contact": {}, "firstName": "Lee", "gender": "none", "id": "3856597", "bio": "", "photo": {"prefix": "https://igx.4sqi.net/img/user/", "suffix": "/D4NN1FWHPD5NIWLQ.jpg"}, "homeCity": "Singapore", "lists": {"groups": [{"items": [], "count": 2, "type": "created"}]}}, {"tips": {"count": 0}, "contact": {"twitter": "papergui", "facebook": "559307881"}, "firstName": "Zi Gui", "gender": "male", "lastName": "Lim", "id": "4059347", "bio": "", "photo": {"prefix": "https://igx.4sqi.net/img/user/", "suffix": "/HYW1MWMCTFR5KJBM.jpg"}, "homeCity": "Singapore", "lists": {"groups": [{"items": [], "count": 2, "type": "created"}]}}, {"tips": {"count": 2}, "contact": {"facebook": "532828820"}, "firstName": "John", "gender": "male", "lastName": "Low", "id": "3231279", "bio": "", "photo": {"prefix": "https://igx.4sqi.net/img/user/", "suffix": "/ZQLK1RRIZVMIFNLX.jpg"}, "homeCity": "Singapore", "lists": {"groups": [{"items": [], "count": 2, "type": "created"}]}}, {"tips": {"count": 0}, "contact": {}, "firstName": "Irving", "gender": "male", "lastName": "Poh", "id": "3880528", "bio": "", "photo": {"prefix": "https://igx.4sqi.net/img/user/", "suffix": "/2FZXZMCAL545EJCN.jpg"}, "homeCity": "Singapore", "lists": {"groups": [{"items": [], "count": 2, "type": "created"}]}}, {"tips": {"count": 0}, "contact": {}, "firstName": "Delvin", "gender": "male", "lastName": "Yap", "id": "4509440", "bio": "", "photo": {"prefix": "https://igx.4sqi.net/img/user/", "suffix": "/HA3QY5BCFH1TS53P.jpg"}, "homeCity": "Singapore", "lists": {"groups": [{"items": [], "count": 2, "type": "created"}]}}, {"tips": {"count": 0}, "contact": {"twitter": "meowchirps", "facebook": "675624474"}, "firstName": "Melvin", "gender": "male", "lastName": "Lee", "id": "3237384", "bio": "", "photo": {"prefix": "https://igx.4sqi.net/img/user/", "suffix": "/HQJYWWKMTREFKWGL.jpg"}, "homeCity": "Singapore", "lists": {"groups": [{"items": [], "count": 2, "type": "created"}]}}, {"tips": {"count": 2}, "contact": {}, "firstName": "Jarrett", "gender": "male", "lastName": "lee", "id": "3887007", "bio": "", "photo": {"prefix": "https://igx.4sqi.net/img/user/", "suffix": "/FZLE3MKSIF4DFB0C.jpg"}, "homeCity": "Singapore", "lists": {"groups": [{"items": [], "count": 2, "type": "created"}]}}, {"tips": {"count": 1}, "contact": {"twitter": "fookchoysiew", "facebook": "1345932051"}, "firstName": "Fook Choy", "gender": "male", "lastName": "Siew", "id": "4797963", "bio": "", "photo": {"prefix": "https://igx.4sqi.net/img/user/", "suffix": "/KV4YRKKDWBRMXMGZ.jpg"}, "homeCity": "Singapore", "lists": {"groups": [{"items": [], "count": 2, "type": "created"}]}}, {"tips": {"count": 0}, "contact": {}, "firstName": "Dennis", "gender": "male", "lastName": "Dennis", "id": "3379601", "bio": "", "photo": {"prefix": "https://igx.4sqi.net/img/user/", "suffix": "/MCOSQAQ1VRPCTOMD.jpg"}, "homeCity": "Singapore", "lists": {"groups": [{"items": [], "count": 2, "type": "created"}]}}, {"tips": {"count": 0}, "contact": {"twitter": "kcqh__", "facebook": "1612992528"}, "firstName": "Krystin", "gender": "female", "lastName": "Kcqh", "id": "3889276", "bio": "", "photo": {"prefix": "https://igx.4sqi.net/img/user/", "suffix": "/WISO3BJS1A3BRLCU.jpg"}, "homeCity": "Singapore", "lists": {"groups": [{"items": [], "count": 2, "type": "created"}]}}, {"tips": {"count": 2}, "contact": {"facebook": "788659036"}, "firstName": "Raynard", "gender": "male", "lastName": "Kong", "id": "4803753", "bio": "", "photo": {"prefix": "https://igx.4sqi.net/img/user/", "suffix": "/LOGG4KM12YMWRPYH.jpg"}, "homeCity": "Singapore", "lists": {"groups": [{"items": [], "count": 2, "type": "created"}]}}, {"tips": {"count": 1}, "contact": {"facebook": "633466803"}, "firstName": "Kevin", "gender": "male", "id": "3417839", "bio": "", "photo": {"prefix": "https://igx.4sqi.net/img/user/", "suffix": "/RAK1T2350QMTKECE.jpg"}, "homeCity": "Singapore", "lists": {"groups": [{"items": [], "count": 2, "type": "created"}]}}, {"tips": {"count": 1}, "contact": {"facebook": "557257807"}, "firstName": "Kervin", "gender": "male", "lastName": "Chia", "id": "3965346", "bio": "", "photo": {"prefix": "https://igx.4sqi.net/img/user/", "suffix": "/AEYA1JBVP4RJU114.jpg"}, "homeCity": "Singapore", "lists": {"groups": [{"items": [], "count": 2, "type": "created"}]}}, {"tips": {"count": 0}, "contact": {}, "firstName": "congming", "gender": "male", "id": "4806677", "bio": "", "photo": {"prefix": "https://igx.4sqi.net/img/user/", "suffix": "/FDP0GZFXHLW1FFFI.jpg"}, "homeCity": "OH", "lists": {"groups": [{"items": [], "count": 2, "type": "created"}]}}, {"tips": {"count": 0}, "contact": {}, "firstName": "Justin", "gender": "male", "lastName": "Chew", "id": "3491457", "bio": "", "photo": {"prefix": "https://igx.4sqi.net/img/user/", "suffix": "/UV21OXADOFW41OKI.jpg"}, "homeCity": "Singapore", "lists": {"groups": [{"items": [], "count": 2, "type": "created"}]}}, {"tips": {"count": 0}, "contact": {"twitter": "kenecinev", "facebook": "638786468"}, "firstName": "Ken", "gender": "male", "lastName": "Chua", "id": "4127314", "bio": "", "photo": {"prefix": "https://igx.4sqi.net/img/user/", "suffix": "/4ICFCRBIR5WSOMCW.jpg"}, "homeCity": "Singapore", "lists": {"groups": [{"items": [], "count": 2, "type": "created"}]}}, {"tips": {"count": 0}, "contact": {"twitter": "ezlynnnnnn", "facebook": "772630642827144"}, "firstName": "Ezlynn", "gender": "female", "lastName": "Nucky", "id": "5088875", "bio": "", "photo": {"prefix": "https://igx.4sqi.net/img/user/", "suffix": "/5088875-DMZAOJ4T04D1AS5N.jpg"}, "homeCity": "Singapore", "lists": {"groups": [{"items": [], "count": 2, "type": "created"}]}}, {"tips": {"count": 0}, "contact": {"facebook": "713208704"}, "firstName": "Joey", "gender": "male", "lastName": "Bay", "id": "3491549", "bio": "", "photo": {"prefix": "https://igx.4sqi.net/img/user/", "suffix": "/ADEPUVDE0XJSWFUV.jpg"}, "homeCity": "Singapore", "lists": {"groups": [{"items": [], "count": 2, "type": "created"}]}}, {"tips": {"count": 1}, "contact": {"facebook": "566713536"}, "firstName": "Dylan", "gender": "male", "lastName": "Lin jun hao", "id": "4447316", "bio": "", "photo": {"prefix": "https://igx.4sqi.net/img/user/", "suffix": "/LSRM3BEP0EZE3BSO.jpg"}, "homeCity": "Singapore", "lists": {"groups": [{"items": [], "count": 2, "type": "created"}]}}, {"tips": {"count": 0}, "contact": {"facebook": "682543801"}, "firstName": "Joe", "gender": "male", "lastName": "Hong", "id": "5859478", "bio": "", "photo": {"prefix": "https://igx.4sqi.net/img/user/", "suffix": "/QQV44242I2QGJ3F5.jpg"}, "homeCity": "Singapore", "lists": {"groups": [{"items": [], "count": 2, "type": "created"}]}}, {"tips": {"count": 10}, "contact": {"twitter": "thyyqueen", "facebook": "603026730"}, "firstName": "Ruthanne", "gender": "female", "lastName": "Lynn", "id": "3555055", "bio": "", "photo": {"prefix": "https://igx.4sqi.net/img/user/", "suffix": "/TI3BSTMSDXSD0BDZ.jpg"}, "homeCity": "Singapore", "lists": {"groups": [{"items": [], "count": 2, "type": "created"}]}}, {"tips": {"count": 1}, "contact": {"twitter": "joycemargarita", "facebook": "614272205"}, "firstName": "Joyce", "gender": "female", "lastName": "Margarita", "id": "4695802", "bio": "", "photo": {"prefix": "https://igx.4sqi.net/img/user/", "suffix": "/FOVTEF4KSHRG0YW0.jpg"}, "homeCity": "Singapore", "lists": {"groups": [{"items": [], "count": 2, "type": "created"}]}}, {"tips": {"count": 0}, "contact": {"facebook": "100000034309173"}, "firstName": "Vincent", "gender": "male", "lastName": "Ng", "id": "3606465", "bio": "", "photo": {"prefix": "https://igx.4sqi.net/img/user/", "suffix": "/XHD1GGRJ2JMK5AMZ.jpg"}, "homeCity": "Singapore", "lists": {"groups": [{"items": [], "count": 2, "type": "created"}]}}, {"tips": {"count": 7}, "contact": {}, "firstName": "Joe", "gender": "male", "lastName": "Cool", "id": "5223889", "bio": "", "photo": {"prefix": "https://igx.4sqi.net/img/user/", "suffix": "/XJKFONKUIKNXXC4I.jpg"}, "homeCity": "Italy", "lists": {"groups": [{"items": [], "count": 2, "type": "created"}]}}, {"tips": {"count": 2}, "contact": {"twitter": "garbishh", "facebook": "548540529"}, "firstName": "Gabriel", "gender": "male", "lastName": "Seow", "id": "3614612", "bio": "", "photo": {"prefix": "https://igx.4sqi.net/img/user/", "suffix": "/L2TPTXRHR01EIQEF.jpg"}, "homeCity": "Singapore", "lists": {"groups": [{"items": [], "count": 2, "type": "created"}]}}, {"tips": {"count": 0}, "contact": {}, "firstName": "Jianwei", "gender": "male", "id": "5304811", "bio": "", "photo": {"prefix": "https://igx.4sqi.net/img/user/", "suffix": "/blank_boy.png", "default": true}, "homeCity": "Singapore", "lists": {"groups": [{"items": [], "count": 2, "type": "created"}]}}, {"tips": {"count": 0}, "contact": {}, "firstName": "Sebastian", "gender": "male", "lastName": "Tan", "id": "3617744", "bio": "", "photo": {"prefix": "https://igx.4sqi.net/img/user/", "suffix": "/YW5V5TQG2YTQTBHV.jpg"}, "homeCity": "Singapore", "lists": {"groups": [{"items": [], "count": 2, "type": "created"}]}}, {"tips": {"count": 2}, "contact": {"facebook": "737326772"}, "firstName": "Kymm", "gender": "male", "id": "5535679", "bio": "", "photo": {"prefix": "https://igx.4sqi.net/img/user/", "suffix": "/ZPKT15AC2UA3IEFC.jpg"}, "homeCity": "Singapore", "lists": {"groups": [{"items": [], "count": 2, "type": "created"}]}}, {"tips": {"count": 1}, "contact": {"twitter": "eddystarwalking", "facebook": "1386453871"}, "firstName": "eddy", "gender": "male", "lastName": "lee", "id": "3619015", "bio": "", "photo": {"prefix": "https://igx.4sqi.net/img/user/", "suffix": "/3619015-CWN32RKCERTCG22L.jpg"}, "homeCity": "Singapore", "lists": {"groups": [{"items": [], "count": 2, "type": "created"}]}}, {"tips": {"count": 3}, "contact": {"twitter": "seafarer1898", "facebook": "100001807282392"}, "firstName": "Eugene", "gender": "male", "lastName": "Kum", "id": "6052371", "bio": "", "photo": {"prefix": "https://igx.4sqi.net/img/user/", "suffix": "/FIOQP0AZPDQ4LZNN.jpg"}, "homeCity": "Singapore", "lists": {"groups": [{"items": [], "count": 2, "type": "created"}]}}, {"tips": {"count": 3}, "contact": {"facebook": "572821400"}, "firstName": "Paedric", "gender": "male", "lastName": "Chiang", "id": "3642351", "bio": "", "photo": {"prefix": "https://igx.4sqi.net/img/user/", "suffix": "/AFNYLDA1TCIT3Q1H.jpg"}, "homeCity": "Singapore", "lists": {"groups": [{"items": [], "count": 2, "type": "created"}]}}, {"tips": {"count": 0}, "contact": {}, "firstName": "Wilson", "gender": "male", "id": "3688915", "bio": "", "photo": {"prefix": "https://igx.4sqi.net/img/user/", "suffix": "/QDQWXKKJYSS4ULAC.jpg"}, "homeCity": "Singapore", "lists": {"groups": [{"items": [], "count": 2, "type": "created"}]}}, {"tips": {"count": 5}, "contact": {}, "firstName": "Mohd", "gender": "male", "lastName": "Sufi", "id": "3825127", "bio": "", "photo": {"prefix": "https://igx.4sqi.net/img/user/", "suffix": "/XPTZQERFIFS1YSUG.jpg"}, "homeCity": "Singapore", "lists": {"groups": [{"items": [], "count": 2, "type": "created"}]}}, {"tips": {"count": 0}, "contact": {}, "firstName": "J", "gender": "male", "lastName": "C", "id": "3976402", "bio": "", "photo": {"prefix": "https://igx.4sqi.net/img/user/", "suffix": "/LUHFZ4RV1GD3LLYN.jpg"}, "homeCity": "Lima, Peru", "lists": {"groups": [{"items": [], "count": 2, "type": "created"}]}}, {"tips": {"count": 1}, "contact": {"facebook": "100000220511873"}, "firstName": "Peng siong", "gender": "male", "lastName": "Eric", "id": "3992900", "bio": "", "photo": {"prefix": "https://igx.4sqi.net/img/user/", "suffix": "/X1RQRBVH2PUWOGRF.jpg"}, "homeCity": "Blk 315 Bukit Batok St 32", "lists": {"groups": [{"items": [], "count": 2, "type": "created"}]}}, {"tips": {"count": 0}, "contact": {}, "firstName": "Samuel", "gender": "male", "lastName": "Koh", "id": "3996394", "bio": "", "photo": {"prefix": "https://igx.4sqi.net/img/user/", "suffix": "/RDVCJGV5UA4BCQY4.jpg"}, "homeCity": "New York, NY", "lists": {"groups": [{"items": [], "count": 2, "type": "created"}]}}, {"tips": {"count": 10}, "contact": {"facebook": "640305968"}, "firstName": "Elson", "gender": "male", "lastName": "Lee", "id": "4092717", "bio": "", "photo": {"prefix": "https://igx.4sqi.net/img/user/", "suffix": "/UO0AIYRG43WALCXM.jpg"}, "homeCity": "Singapore", "lists": {"groups": [{"items": [], "count": 2, "type": "created"}]}}, {"tips": {"count": 2}, "contact": {"facebook": "691283047"}, "firstName": "Weijie", "gender": "male", "lastName": "Hermano", "id": "4093044", "bio": "", "photo": {"prefix": "https://igx.4sqi.net/img/user/", "suffix": "/GMWN3OKXULAM5OJS.jpg"}, "homeCity": "Singapore", "lists": {"groups": [{"items": [], "count": 2, "type": "created"}]}}, {"tips": {"count": 0}, "contact": {}, "firstName": "Erwin", "gender": "male", "lastName": "Junfryono", "id": "4095842", "bio": "", "photo": {"prefix": "https://igx.4sqi.net/img/user/", "suffix": "/34EF4HP5TC4420KU.jpg"}, "homeCity": "Singapore", "lists": {"groups": [{"items": [], "count": 2, "type": "created"}]}}, {"tips": {"count": 5}, "contact": {}, "firstName": "Kyle", "gender": "male", "lastName": "Tay", "id": "4109931", "bio": "", "photo": {"prefix": "https://igx.4sqi.net/img/user/", "suffix": "/Q32SLRFRY5EUEW32.jpg"}, "homeCity": "Singapore", "lists": {"groups": [{"items": [], "count": 2, "type": "created"}]}}, {"tips": {"count": 0}, "contact": {"twitter": "winshcm", "facebook": "100000063016068"}, "firstName": "Wins", "gender": "male", "lastName": "Ho", "id": "4109965", "bio": "", "photo": {"prefix": "https://igx.4sqi.net/img/user/", "suffix": "/OUOPKIUNWLIPWLBY.jpg"}, "homeCity": "Singapore", "lists": {"groups": [{"items": [], "count": 2, "type": "created"}]}}, {"tips": {"count": 0}, "contact": {}, "firstName": "Wayne", "gender": "male", "lastName": "Ilock", "id": "4111012", "bio": "", "photo": {"prefix": "https://igx.4sqi.net/img/user/", "suffix": "/YFG0CPPOZGOBXTH3.jpg"}, "homeCity": "Singapore", "lists": {"groups": [{"items": [], "count": 2, "type": "created"}]}}, {"tips": {"count": 0}, "contact": {"facebook": "100000842467242"}, "firstName": "Alvin", "gender": "male", "lastName": "Lee", "id": "4118132", "bio": "", "photo": {"prefix": "https://igx.4sqi.net/img/user/", "suffix": "/YKTI00ZGDA2HJKTX.jpg"}, "homeCity": "Singapore", "lists": {"groups": [{"items": [], "count": 2, "type": "created"}]}}, {"tips": {"count": 0}, "contact": {"facebook": "100001047091067"}, "firstName": "ANDY", "gender": "male", "lastName": "TOH KOK HONG", "id": "4161745", "bio": "", "photo": {"prefix": "https://igx.4sqi.net/img/user/", "suffix": "/WJ1OTEJ33DW1DM5X.jpg"}, "homeCity": "Singapore", "lists": {"groups": [{"items": [], "count": 2, "type": "created"}]}}, {"tips": {"count": 0}, "contact": {}, "firstName": "Goh", "gender": "male", "lastName": "Jimmy", "id": "4161862", "bio": "", "photo": {"prefix": "https://igx.4sqi.net/img/user/", "suffix": "/4161862-WE5R2O2BDLRIMPUX.jpg"}, "homeCity": "Singapore", "lists": {"groups": [{"items": [], "count": 2, "type": "created"}]}}, {"tips": {"count": 0}, "contact": {"twitter": "fiontzx", "facebook": "1532411254"}, "firstName": "Fion Tan", "gender": "female", "id": "4427140", "bio": "Faith | Hope | Strength", "photo": {"prefix": "https://igx.4sqi.net/img/user/", "suffix": "/4427140-UQVIPHUOUFF33KRR.jpg"}, "homeCity": "Singapore", "lists": {"groups": [{"items": [], "count": 2, "type": "created"}]}}, {"tips": {"count": 0}, "contact": {"twitter": "khaisewel", "facebook": "1610191167"}, "firstName": "Khai", "gender": "male", "id": "4481486", "bio": "", "photo": {"prefix": "https://igx.4sqi.net/img/user/", "suffix": "/1FH1KTQHJZJPYMW0.jpg"}, "homeCity": "Unnamed Location", "lists": {"groups": [{"items": [], "count": 2, "type": "created"}]}}, {"tips": {"count": 0}, "contact": {"twitter": "lymlymlym"}, "firstName": "Yanmei", "gender": "female", "lastName": "Lee", "id": "4482862", "bio": "", "photo": {"prefix": "https://igx.4sqi.net/img/user/", "suffix": "/VRNOVVSYWZ1UWBD4.jpg"}, "homeCity": "Singapore", "lists": {"groups": [{"items": [], "count": 2, "type": "created"}]}}, {"tips": {"count": 39}, "contact": {"twitter": "pwlow", "facebook": "594601179"}, "firstName": "Low", "gender": "male", "lastName": "Pei Wei", "id": "4483040", "bio": "", "photo": {"prefix": "https://igx.4sqi.net/img/user/", "suffix": "/MBV3EQ4DCDTKH3YC.jpg"}, "homeCity": "Singapore, Singapore", "lists": {"groups": [{"items": [], "count": 2, "type": "created"}]}}, {"tips": {"count": 0}, "contact": {"facebook": "1225811441"}, "firstName": "Javier", "gender": "male", "lastName": "Waveman", "id": "4729961", "bio": "", "photo": {"prefix": "https://igx.4sqi.net/img/user/", "suffix": "/BSHDJD0GNJ4H2K2M.jpg"}, "homeCity": "Singapore", "lists": {"groups": [{"items": [], "count": 2, "type": "created"}]}}, {"tips": {"count": 1}, "contact": {}, "firstName": "Kenneth", "gender": "male", "id": "4731051", "bio": "", "photo": {"prefix": "https://igx.4sqi.net/img/user/", "suffix": "/ZBO4AFQUNJYYNH11.jpg"}, "homeCity": "", "lists": {"groups": [{"items": [], "count": 2, "type": "created"}]}}, {"tips": {"count": 0}, "contact": {}, "firstName": "Chester", "gender": "male", "lastName": "Hernandez", "id": "5009116", "bio": "", "photo": {"prefix": "https://igx.4sqi.net/img/user/", "suffix": "/RBVDKO1TX5ONMB02.jpg"}, "homeCity": "Singapore", "lists": {"groups": [{"items": [], "count": 2, "type": "created"}]}}, {"tips": {"count": 1}, "contact": {}, "firstName": "JL", "gender": "male", "lastName": "i", "id": "5127904", "bio": "", "photo": {"prefix": "https://igx.4sqi.net/img/user/", "suffix": "/Y2OVXJSWWDOJFSRV.jpg"}, "homeCity": "Singapore", "lists": {"groups": [{"items": [], "count": 2, "type": "created"}]}}, {"tips": {"count": 0}, "contact": {"twitter": "prissylala", "facebook": "1409972575688463"}, "firstName": "Priscilla", "gender": "female", "id": "5128300", "bio": "Instagram: prissyvixi \r\nhttp://prissyfiore.tumblr.com", "photo": {"prefix": "https://igx.4sqi.net/img/user/", "suffix": "/5128300-B3TBW12ICWQ3Z5WP.jpg"}, "homeCity": "Singapore", "lists": {"groups": [{"items": [], "count": 2, "type": "created"}]}}, {"tips": {"count": 0}, "contact": {}, "firstName": "Jun", "gender": "male", "lastName": "Hong", "id": "5128481", "bio": "", "photo": {"prefix": "https://igx.4sqi.net/img/user/", "suffix": "/JZ14HJMJET5DUQV0.jpg"}, "homeCity": "Singapore", "lists": {"groups": [{"items": [], "count": 2, "type": "created"}]}}, {"tips": {"count": 0}, "contact": {"twitter": "andyozj", "facebook": "953414901365051"}, "firstName": "Andy", "gender": "male", "lastName": "Oie", "id": "5229664", "bio": "", "photo": {"prefix": "https://igx.4sqi.net/img/user/", "suffix": "/5229664-LYCN4MTLFD0JUKEU.jpg"}, "homeCity": "Singapore", "lists": {"groups": [{"items": [], "count": 2, "type": "created"}]}}, {"tips": {"count": 2}, "contact": {"twitter": "heartliesdead"}, "firstName": "\u0e08\u0e2d\u0e22\u0e0b\u0e4c", "gender": "female", "id": "5260548", "bio": "", "photo": {"prefix": "https://igx.4sqi.net/img/user/", "suffix": "/5260548-T3E3T3BDYT3ZAIRE.jpg"}, "homeCity": "Singapore", "lists": {"groups": [{"items": [], "count": 2, "type": "created"}]}}, {"tips": {"count": 0}, "contact": {"facebook": "624164496"}, "firstName": "Jingxian", "gender": "male", "lastName": "Lim", "id": "5347089", "bio": "", "photo": {"prefix": "https://igx.4sqi.net/img/user/", "suffix": "/KCE1D1LCERNPZKRC.jpg"}, "homeCity": "Singapore", "lists": {"groups": [{"items": [], "count": 2, "type": "created"}]}}, {"tips": {"count": 0}, "contact": {}, "firstName": "Leong", "gender": "male", "lastName": "Salvatore", "id": "5959061", "bio": "", "photo": {"prefix": "https://igx.4sqi.net/img/user/", "suffix": "/DJJNBBHC5NMQSRQO.jpg"}, "homeCity": "Singapore", "lists": {"groups": [{"items": [], "count": 2, "type": "created"}]}}, {"tips": {"count": 0}, "contact": {"facebook": "655327568"}, "firstName": "King", "gender": "male", "lastName": "Teo", "id": "6020921", "bio": "", "photo": {"prefix": "https://igx.4sqi.net/img/user/", "suffix": "/XGUO0LWD2IO5OVMM.jpg"}, "homeCity": "Singapore", "lists": {"groups": [{"items": [], "count": 2, "type": "created"}]}}], "count": 428}, "checksum": "4404087dcb6bfa65f8c981db1bbe59d152e29250"}, "meta": {"requestId": "59661f8ef594df3c730c2634", "code": 200}}