{"notifications": [{"type": "notificationTray", "item": {"unreadCount": 0}}], "response": {"friends": {"items": [{"tips": {"count": 0}, "contact": {}, "firstName": "Lynnie", "gender": "female", "lastName": "Barlynnie", "id": "7089220", "bio": "", "photo": {"prefix": "https://igx.4sqi.net/img/user/", "suffix": "/blank_girl.png", "default": true}, "homeCity": "New York, NY", "lists": {"groups": [{"items": [], "count": 2, "type": "created"}]}}, {"tips": {"count": 0}, "contact": {}, "firstName": "Remmy", "gender": "male", "lastName": "Rykell", "id": "6560036", "bio": "", "photo": {"prefix": "https://igx.4sqi.net/img/user/", "suffix": "/4KTLP3JELUD1VXBK.jpg"}, "homeCity": "Bekasi, Indonesia", "lists": {"groups": [{"items": [], "count": 2, "type": "created"}]}}, {"tips": {"count": 0}, "contact": {}, "firstName": "Feroz", "gender": "male", "lastName": "Feroz", "id": "7662965", "bio": "", "photo": {"prefix": "https://igx.4sqi.net/img/user/", "suffix": "/AZIZ3T1SLECJHU3O.jpg"}, "homeCity": "New York, NY", "lists": {"groups": [{"items": [], "count": 2, "type": "created"}]}}, {"tips": {"count": 1}, "contact": {}, "firstName": "Fahmi", "gender": "male", "lastName": "Aziz", "id": "5479164", "bio": "", "photo": {"prefix": "https://igx.4sqi.net/img/user/", "suffix": "/MSPTKNNPOHOHWRJ5.jpg"}, "homeCity": "Singapore", "lists": {"groups": [{"items": [], "count": 2, "type": "created"}]}}, {"tips": {"count": 0}, "contact": {"facebook": "100002270450458"}, "firstName": "fidah", "gender": "female", "lastName": "ali", "id": "3573622", "bio": "", "photo": {"prefix": "https://igx.4sqi.net/img/user/", "suffix": "/Z130RIMVOXUFOQHU.jpg"}, "homeCity": "Singapore", "lists": {"groups": [{"items": [], "count": 2, "type": "created"}]}}, {"tips": {"count": 0}, "contact": {}, "firstName": "Sarah Toh", "gender": "female", "lastName": "\u0633\u064a\u062a\u064a\u0646\u0648\u0631\u0633\u0627\u0631\u0647", "id": "2890347", "bio": "", "photo": {"prefix": "https://igx.4sqi.net/img/user/", "suffix": "/0BSROK3UMMBKZKU5.jpg"}, "homeCity": "Singapore", "lists": {"groups": [{"items": [], "count": 2, "type": "created"}]}}, {"tips": {"count": 5}, "contact": {"facebook": "1679640634"}, "firstName": "Bigmanz", "gender": "male", "lastName": "Sani", "id": "3453900", "bio": "", "photo": {"prefix": "https://igx.4sqi.net/img/user/", "suffix": "/EMJE2R0KHLI3QVRE.jpg"}, "homeCity": "Singapore", "lists": {"groups": [{"items": [], "count": 2, "type": "created"}]}}, {"tips": {"count": 0}, "contact": {"facebook": "1143855147"}, "firstName": "Suhaimy", "gender": "none", "id": "4683456", "bio": "", "photo": {"prefix": "https://igx.4sqi.net/img/user/", "suffix": "/WRVZETPGJKSERIE1.jpg"}, "homeCity": "Singapore", "lists": {"groups": [{"items": [], "count": 2, "type": "created"}]}}, {"tips": {"count": 6}, "contact": {"facebook": "100000080494067"}, "firstName": "Rabiduz Ayid", "gender": "male", "id": "4394695", "bio": "", "photo": {"prefix": "https://igx.4sqi.net/img/user/", "suffix": "/LJYVPKBOKCKNUPMB.jpg"}, "homeCity": "Singapore", "lists": {"groups": [{"items": [], "count": 2, "type": "created"}]}}, {"tips": {"count": 0}, "contact": {}, "firstName": "Mohammad", "gender": "male", "lastName": "Kamaruzaman", "id": "3185661", "bio": "", "photo": {"prefix": "https://igx.4sqi.net/img/user/", "suffix": "/GRP3QUJHMS5TL5IL.jpg"}, "homeCity": "Singapore", "lists": {"groups": [{"items": [], "count": 2, "type": "created"}]}}, {"tips": {"count": 2}, "contact": {"facebook": "1058316666"}, "firstName": "Lynda", "gender": "female", "lastName": "Bonnie", "id": "2861065", "bio": "", "photo": {"prefix": "https://igx.4sqi.net/img/user/", "suffix": "/XICGBG5UMTC50CQT.jpg"}, "homeCity": "Singapore", "lists": {"groups": [{"items": [], "count": 2, "type": "created"}]}}, {"tips": {"count": 0}, "contact": {"facebook": "659326709"}, "firstName": "Yanti", "gender": "female", "lastName": "Manz", "id": "4350077", "bio": "", "photo": {"prefix": "https://igx.4sqi.net/img/user/", "suffix": "/BRFSWU2N0A2WECJI.jpg"}, "homeCity": "Singapore", "lists": {"groups": [{"items": [], "count": 2, "type": "created"}]}}, {"tips": {"count": 0}, "contact": {}, "firstName": "Nor Azizah", "gender": "female", "lastName": "Abu Bakar", "id": "7861540", "bio": "", "photo": {"prefix": "https://igx.4sqi.net/img/user/", "suffix": "/W4IJCUVUSV0CT1ZG.jpg"}, "homeCity": "Singapore", "lists": {"groups": [{"items": [], "count": 2, "type": "created"}]}}, {"tips": {"count": 0}, "contact": {}, "firstName": "Faz", "gender": "male", "lastName": "Juma'at", "id": "5545930", "bio": "", "photo": {"prefix": "https://igx.4sqi.net/img/user/", "suffix": "/FWRF3WL1TAJASBF1.jpg"}, "homeCity": "Darwin International Airport, Australia", "lists": {"groups": [{"items": [], "count": 2, "type": "created"}]}}, {"tips": {"count": 0}, "contact": {"facebook": "701140776"}, "firstName": "Julian", "gender": "male", "lastName": "Scott", "id": "4907233", "bio": "", "photo": {"prefix": "https://igx.4sqi.net/img/user/", "suffix": "/WE4Y5YQKXDF2ECYU.jpg"}, "homeCity": "Singapore", "lists": {"groups": [{"items": [], "count": 2, "type": "created"}]}}, {"tips": {"count": 1}, "contact": {}, "firstName": "Mika", "gender": "male", "lastName": "Bear", "id": "2896362", "bio": "", "photo": {"prefix": "https://igx.4sqi.net/img/user/", "suffix": "/5VCRBKJ1YFSC2NSX.jpg"}, "homeCity": "Singapore", "lists": {"groups": [{"items": [], "count": 2, "type": "created"}]}}, {"tips": {"count": 0}, "contact": {"facebook": "100000155036824"}, "firstName": "Ida", "gender": "female", "lastName": "Nasrom", "id": "5397835", "bio": "", "photo": {"prefix": "https://igx.4sqi.net/img/user/", "suffix": "/5397835-YHTJJODOADWZTEYC.jpg"}, "homeCity": "Singapore", "lists": {"groups": [{"items": [], "count": 2, "type": "created"}]}}, {"tips": {"count": 1}, "contact": {}, "firstName": "Remy", "gender": "male", "lastName": "Rahman", "id": "3462978", "bio": "", "photo": {"prefix": "https://igx.4sqi.net/img/user/", "suffix": "/UOACWBUZKKWZGPHN.jpg"}, "homeCity": "Singapore", "lists": {"groups": [{"items": [], "count": 2, "type": "created"}]}}, {"tips": {"count": 5}, "contact": {"twitter": "still_a_boy", "facebook": "553968788"}, "firstName": "Naim", "gender": "male", "lastName": "Chavez", "id": "2863978", "bio": "", "photo": {"prefix": "https://igx.4sqi.net/img/user/", "suffix": "/14YPA4E3F0ZJW1TA.jpg"}, "homeCity": "Singapore", "lists": {"groups": [{"items": [], "count": 2, "type": "created"}]}}, {"tips": {"count": 2}, "contact": {"facebook": "703783431"}, "firstName": "Fariq", "gender": "male", "lastName": "Bash", "id": "4465076", "bio": "", "photo": {"prefix": "https://igx.4sqi.net/img/user/", "suffix": "/MAUCUAKEBH5EI5F4.jpg"}, "homeCity": "Singapore", "lists": {"groups": [{"items": [], "count": 2, "type": "created"}]}}, {"tips": {"count": 0}, "contact": {}, "firstName": "Illah", "gender": "female", "lastName": "Fadzillah", "id": "5633407", "bio": "", "photo": {"prefix": "https://igx.4sqi.net/img/user/", "suffix": "/O0TQOKJUYHZVX0R0.jpg"}, "homeCity": "Singapore", "lists": {"groups": [{"items": [], "count": 2, "type": "created"}]}}, {"tips": {"count": 3}, "contact": {"facebook": "100000205081931"}, "firstName": "Farrah diana", "gender": "female", "lastName": "Ismail", "id": "2924106", "bio": "", "photo": {"prefix": "https://igx.4sqi.net/img/user/", "suffix": "/3UTQCCRVI5LIUPEZ.jpg"}, "homeCity": "Singapore", "lists": {"groups": [{"items": [], "count": 2, "type": "created"}]}}, {"tips": {"count": 0}, "contact": {"facebook": "753216729"}, "firstName": "Didee", "gender": "male", "lastName": "P", "id": "3486456", "bio": "", "photo": {"prefix": "https://igx.4sqi.net/img/user/", "suffix": "/3FH2LOJHXNK2OHJ4.jpg"}, "homeCity": "Singapore", "lists": {"groups": [{"items": [], "count": 2, "type": "created"}]}}, {"tips": {"count": 0}, "contact": {"facebook": "771468636"}, "firstName": "Yan", "gender": "male", "lastName": "ToMoi", "id": "2872601", "bio": "", "photo": {"prefix": "https://igx.4sqi.net/img/user/", "suffix": "/LO4TRALBPTRE3AGK.jpg"}, "homeCity": "Singapore", "lists": {"groups": [{"items": [], "count": 2, "type": "created"}]}}, {"tips": {"count": 4}, "contact": {"twitter": "ayuzinasution", "facebook": "1281793518"}, "firstName": "Ayuzi", "gender": "female", "lastName": "Nasution", "id": "4895929", "bio": "", "photo": {"prefix": "https://igx.4sqi.net/img/user/", "suffix": "/LNJC1CRBIYQA3ZT0.jpg"}, "homeCity": "Denpasar Bali, Indonesia", "lists": {"groups": [{"items": [], "count": 2, "type": "created"}]}}, {"tips": {"count": 0}, "contact": {}, "firstName": "Aza", "gender": "male", "lastName": "Vale", "id": "6159771", "bio": "", "photo": {"prefix": "https://igx.4sqi.net/img/user/", "suffix": "/blank_boy.png", "default": true}, "homeCity": "Singapore", "lists": {"groups": [{"items": [], "count": 2, "type": "created"}]}}, {"tips": {"count": 10}, "contact": {"facebook": "1130882890"}, "firstName": "Sarimah", "gender": "female", "lastName": "M Y", "id": "3919561", "bio": "", "photo": {"prefix": "https://igx.4sqi.net/img/user/", "suffix": "/SN1M1IFK2TV51GRB.jpg"}, "homeCity": "Singapore", "lists": {"groups": [{"items": [], "count": 2, "type": "created"}]}}, {"tips": {"count": 0}, "contact": {"facebook": "1455092136"}, "firstName": "Rahmad", "gender": "male", "lastName": "Abdul majid", "id": "3612713", "bio": "", "photo": {"prefix": "https://igx.4sqi.net/img/user/", "suffix": "/OODCEP1R35GRBKUC.jpg"}, "homeCity": "Singapore", "lists": {"groups": [{"items": [], "count": 2, "type": "created"}]}}, {"tips": {"count": 2}, "contact": {"facebook": "643560611"}, "firstName": "Kerol", "gender": "male", "lastName": "A", "id": "3318966", "bio": "", "photo": {"prefix": "https://igx.4sqi.net/img/user/", "suffix": "/JODJPRLUW1NNJBOW.jpg"}, "homeCity": "Singapore", "lists": {"groups": [{"items": [], "count": 2, "type": "created"}]}}, {"tips": {"count": 0}, "contact": {"facebook": "1579177281"}, "firstName": "Kelana", "gender": "male", "lastName": "Ma'ani", "id": "6181631", "bio": "", "photo": {"prefix": "https://igx.4sqi.net/img/user/", "suffix": "/5U3FDQ5EWTC4WPJR.jpg"}, "homeCity": "Singapore", "lists": {"groups": [{"items": [], "count": 2, "type": "created"}]}}, {"tips": {"count": 0}, "contact": {"facebook": "681976934"}, "firstName": "Inah", "gender": "female", "lastName": "Jenninah", "id": "5250796", "bio": "", "photo": {"prefix": "https://igx.4sqi.net/img/user/", "suffix": "/P003MDRT3J2UKSDR.jpg"}, "homeCity": "Singapore", "lists": {"groups": [{"items": [], "count": 2, "type": "created"}]}}, {"tips": {"count": 0}, "contact": {"facebook": "1465068087"}, "firstName": "Nur", "gender": "female", "lastName": "Shida", "id": "3760309", "bio": "", "photo": {"prefix": "https://igx.4sqi.net/img/user/", "suffix": "/42PFWVF5XHUZR5AB.jpg"}, "homeCity": "Singapore", "lists": {"groups": [{"items": [], "count": 2, "type": "created"}]}}, {"tips": {"count": 0}, "contact": {"facebook": "1038225119"}, "firstName": "Imam Wahyudi", "gender": "male", "id": "3321114", "bio": "", "photo": {"prefix": "https://igx.4sqi.net/img/user/", "suffix": "/BTDFXUVOLYZJXEHO.jpg"}, "homeCity": "Singapore", "lists": {"groups": [{"items": [], "count": 2, "type": "created"}]}}, {"tips": {"count": 0}, "contact": {}, "firstName": "Ittah", "gender": "female", "lastName": "Ayob", "id": "6247403", "bio": "", "photo": {"prefix": "https://igx.4sqi.net/img/user/", "suffix": "/ENN55WO40PZN5PIW.jpg"}, "homeCity": "New York, NY", "lists": {"groups": [{"items": [], "count": 2, "type": "created"}]}}, {"tips": {"count": 0}, "contact": {"facebook": "1318186147"}, "firstName": "Eric", "gender": "male", "lastName": "Chan", "id": "4082825", "bio": "", "photo": {"prefix": "https://igx.4sqi.net/img/user/", "suffix": "/XLZLVDN3HG0PNGU0.jpg"}, "homeCity": "Singapore", "lists": {"groups": [{"items": [], "count": 2, "type": "created"}]}}, {"tips": {"count": 0}, "contact": {}, "firstName": "Yati", "gender": "female", "lastName": "Yusoff", "id": "3386692", "bio": "", "photo": {"prefix": "https://igx.4sqi.net/img/user/", "suffix": "/RDXFQHOACQJUZ0MD.jpg"}, "homeCity": "Singapore", "lists": {"groups": [{"items": [], "count": 2, "type": "created"}]}}, {"tips": {"count": 0}, "contact": {}, "firstName": "Fifi", "gender": "female", "lastName": "Olive", "id": "6897111", "bio": "", "photo": {"prefix": "https://igx.4sqi.net/img/user/", "suffix": "/I532IXTGPXILQKFN.jpg"}, "homeCity": "Singapore", "lists": {"groups": [{"items": [], "count": 2, "type": "created"}]}}, {"tips": {"count": 5}, "contact": {"facebook": "703660121"}, "firstName": "Kevin", "gender": "male", "lastName": "Dayshaun", "id": "4085515", "bio": "", "photo": {"prefix": "https://igx.4sqi.net/img/user/", "suffix": "/FDC1J0WDR1U51LXU.jpg"}, "homeCity": "Singapore", "lists": {"groups": [{"items": [], "count": 2, "type": "created"}]}}, {"tips": {"count": 1}, "contact": {"facebook": "1318323639"}, "firstName": "Rasul", "gender": "male", "lastName": "Messi", "id": "3389049", "bio": "", "photo": {"prefix": "https://igx.4sqi.net/img/user/", "suffix": "/YYSX2ZUQOAT3YN1D.jpg"}, "homeCity": "Singapore", "lists": {"groups": [{"items": [], "count": 2, "type": "created"}]}}, {"tips": {"count": 0}, "contact": {}, "firstName": "Ben", "gender": "male", "lastName": "Chong", "id": "6919840", "bio": "", "photo": {"prefix": "https://igx.4sqi.net/img/user/", "suffix": "/blank_boy.png", "default": true}, "homeCity": "Singapore", "lists": {"groups": [{"items": [], "count": 2, "type": "created"}]}}, {"tips": {"count": 0}, "contact": {"facebook": "1022560716"}, "firstName": "Mohamed", "gender": "male", "lastName": "Taufik", "id": "5910481", "bio": "", "photo": {"prefix": "https://igx.4sqi.net/img/user/", "suffix": "/PGYLTY5TT5FD3V2F.jpg"}, "homeCity": "Singapore", "lists": {"groups": [{"items": [], "count": 2, "type": "created"}]}}, {"tips": {"count": 0}, "contact": {"facebook": "100001404501541"}, "firstName": "Wan", "gender": "male", "lastName": "Bmw", "id": "3880062", "bio": "", "photo": {"prefix": "https://igx.4sqi.net/img/user/", "suffix": "/3ROPZ52LN34ZVYF2.jpg"}, "homeCity": "Singapore", "lists": {"groups": [{"items": [], "count": 2, "type": "created"}]}}, {"tips": {"count": 0}, "contact": {"facebook": "623474307"}, "firstName": "Siti", "gender": "female", "lastName": "Aishah", "id": "4693349", "bio": "", "photo": {"prefix": "https://igx.4sqi.net/img/user/", "suffix": "/Z5NL1UV4Q15J0KDM.jpg"}, "homeCity": "Singapore", "lists": {"groups": [{"items": [], "count": 2, "type": "created"}]}}], "count": 43}, "checksum": "ca0afb0a8f84578dc7ef947c0bad73a81536b582"}, "meta": {"requestId": "59660fe2f594df3c084c7a3a", "code": 200}}