{"notifications": [{"type": "notificationTray", "item": {"unreadCount": 0}}], "meta": {"requestId": "5966eef11ed2196302672c16", "code": 200}, "response": {"friends": {"count": 19, "items": [{"id": "6863372", "photo": {"prefix": "https://igx.4sqi.net/img/user/", "suffix": "/5NSX5MA24YHL14QP.jpg"}, "homeCity": "New York, NY", "contact": {}, "firstName": "Sue", "tips": {"count": 0}, "gender": "female", "lastName": "Kadir", "lists": {"groups": [{"count": 2, "type": "created", "items": []}]}, "bio": ""}, {"id": "1245811", "photo": {"prefix": "https://igx.4sqi.net/img/user/", "suffix": "/NNLMFVER1DL5IGKW.jpg"}, "homeCity": "Jakarta, Indonesia", "contact": {"facebook": "752232831", "twitter": "veldarusli"}, "firstName": "Velda", "tips": {"count": 1}, "gender": "female", "lastName": "Rusli", "lists": {"groups": [{"count": 2, "type": "created", "items": []}]}, "bio": ""}, {"id": "29256609", "photo": {"prefix": "https://igx.4sqi.net/img/user/", "suffix": "/29256609-IWUNDLSK2CKBURTX.jpg"}, "homeCity": "62 Clapham Common Southside", "contact": {"facebook": "585984427", "twitter": "kelhamcorp"}, "firstName": "David", "tips": {"count": 86}, "gender": "male", "lastName": "Kelham", "lists": {"groups": [{"count": 2, "type": "created", "items": []}]}, "bio": "Semi-retired from a 40 year HR career. A POSH supporter for over 60 years. Looking forward to being back in Singapore with husband for the winter."}, {"id": "5730516", "photo": {"prefix": "https://igx.4sqi.net/img/user/", "default": true, "suffix": "/blank_girl.png"}, "homeCity": "Singapore", "contact": {"facebook": "570144650"}, "firstName": "Shujun", "tips": {"count": 0}, "gender": "female", "lastName": "Lui", "lists": {"groups": [{"count": 2, "type": "created", "items": []}]}, "bio": ""}, {"id": "2834238", "photo": {"prefix": "https://igx.4sqi.net/img/user/", "suffix": "/V5OXSJNEPY5YXSSR.jpg"}, "homeCity": "Singapore", "contact": {"facebook": "10153459931568957"}, "firstName": "Liziana", "tips": {"count": 26}, "gender": "female", "lastName": "AR", "lists": {"groups": [{"count": 3, "type": "created", "items": []}]}, "bio": ""}, {"id": "4032115", "photo": {"prefix": "https://igx.4sqi.net/img/user/", "default": true, "suffix": "/blank_girl.png"}, "homeCity": "Singapore", "contact": {"facebook": "100000798881761"}, "firstName": "Nur", "tips": {"count": 0}, "gender": "female", "lists": {"groups": [{"count": 2, "type": "created", "items": []}]}, "bio": ""}, {"id": "2930183", "photo": {"prefix": "https://igx.4sqi.net/img/user/", "suffix": "/LDTEJCRQO51VUXTK.jpg"}, "homeCity": "Singapore", "contact": {"facebook": "720641140", "twitter": "heroesgo2hell"}, "firstName": "Han", "tips": {"count": 0}, "gender": "male", "lastName": "Samsudin", "lists": {"groups": [{"count": 2, "type": "created", "items": []}]}, "bio": ""}, {"id": "5035064", "photo": {"prefix": "https://igx.4sqi.net/img/user/", "suffix": "/MWL5DTFJLXGCYLGG.jpg"}, "homeCity": "Singapore", "contact": {}, "firstName": "James", "tips": {"count": 0}, "gender": "male", "lastName": "Yong", "lists": {"groups": [{"count": 2, "type": "created", "items": []}]}, "bio": ""}, {"id": "5105229", "photo": {"prefix": "https://igx.4sqi.net/img/user/", "suffix": "/3FL45U4WASKZUVAY.jpg"}, "homeCity": "Singapore", "contact": {"facebook": "711818828"}, "firstName": "James", "tips": {"count": 2}, "gender": "male", "lastName": "Yong", "lists": {"groups": [{"count": 2, "type": "created", "items": []}]}, "bio": ""}, {"id": "3549919", "photo": {"prefix": "https://igx.4sqi.net/img/user/", "default": true, "suffix": "/blank_girl.png"}, "homeCity": "Medan", "contact": {"facebook": "1055838719"}, "firstName": "Era", "tips": {"count": 2}, "gender": "female", "lastName": "Maharani", "lists": {"groups": [{"count": 2, "type": "created", "items": []}]}, "bio": ""}, {"id": "3607956", "photo": {"prefix": "https://igx.4sqi.net/img/user/", "default": true, "suffix": "/blank_girl.png"}, "homeCity": "Singapore", "contact": {"facebook": "585974781"}, "firstName": "Faridah", "tips": {"count": 0}, "gender": "female", "lastName": "Ali", "lists": {"groups": [{"count": 2, "type": "created", "items": []}]}, "bio": ""}, {"id": "6049985", "photo": {"prefix": "https://igx.4sqi.net/img/user/", "suffix": "/TN2V0K0DDL225TOO.jpg"}, "homeCity": "Singapore", "contact": {"facebook": "100001551965756"}, "firstName": "Nur", "tips": {"count": 0}, "gender": "female", "lastName": "Jannah", "lists": {"groups": [{"count": 2, "type": "created", "items": []}]}, "bio": ""}, {"id": "24737509", "photo": {"prefix": "https://igx.4sqi.net/img/user/", "suffix": "/24737509-TWNK0VZIGVBFJLVH.jpg"}, "homeCity": "Clapham Common Southside SW4", "contact": {"facebook": "788232872", "twitter": "bestphotos1962"}, "firstName": "Bestphotos1962", "tips": {"count": 7}, "gender": "male", "lists": {"groups": [{"count": 3, "type": "created", "items": []}]}, "bio": ""}, {"id": "7750507", "photo": {"prefix": "https://igx.4sqi.net/img/user/", "default": true, "suffix": "/blank_boy.png"}, "homeCity": "Singapore", "contact": {"facebook": "1358462617"}, "firstName": "Zul", "tips": {"count": 0}, "gender": "male", "lastName": "Noh", "lists": {"groups": [{"count": 2, "type": "created", "items": []}]}, "bio": ""}, {"id": "4904543", "photo": {"prefix": "https://igx.4sqi.net/img/user/", "suffix": "/MBQMHKPV4UYMRVRY.jpg"}, "homeCity": "Unnamed Location", "contact": {}, "firstName": "Eugene", "tips": {"count": 4}, "gender": "male", "lastName": "Yip", "lists": {"groups": [{"count": 2, "type": "created", "items": []}]}, "bio": ""}, {"id": "3618203", "photo": {"prefix": "https://igx.4sqi.net/img/user/", "suffix": "/TU5POIOYU5XWJUBJ.jpg"}, "homeCity": "Singapore", "contact": {"facebook": "639971313"}, "firstName": "Richard", "tips": {"count": 0}, "gender": "male", "lastName": "Ong", "lists": {"groups": [{"count": 2, "type": "created", "items": []}]}, "bio": ""}, {"id": "5016441", "photo": {"prefix": "https://igx.4sqi.net/img/user/", "suffix": "/F5FSCU5EJAPZTKMY.jpg"}, "homeCity": "Singapore", "contact": {"facebook": "1074556575"}, "firstName": "Afiq", "tips": {"count": 0}, "gender": "male", "lists": {"groups": [{"count": 2, "type": "created", "items": []}]}, "bio": ""}, {"id": "4164771", "photo": {"prefix": "https://igx.4sqi.net/img/user/", "suffix": "/MBFE1RNLB5TSPYXZ.jpg"}, "homeCity": "New York, NY", "contact": {}, "firstName": "Judy", "tips": {"count": 0}, "gender": "female", "lastName": "Lim", "lists": {"groups": [{"count": 2, "type": "created", "items": []}]}, "bio": ""}, {"id": "5316474", "photo": {"prefix": "https://igx.4sqi.net/img/user/", "suffix": "/WFJYOOORNRAY5XMU.jpg"}, "homeCity": "Singapore", "contact": {}, "firstName": "Shenise", "tips": {"count": 4}, "gender": "female", "lastName": "Wong", "lists": {"groups": [{"count": 2, "type": "created", "items": []}]}, "bio": ""}]}, "checksum": "8d5176194f7181b1cd676563c0a64809b5aa2013"}}