{"notifications": [{"type": "notificationTray", "item": {"unreadCount": 0}}], "response": {"friends": {"items": [{"tips": {"count": 0}, "contact": {"facebook": "626378823"}, "firstName": "Sim", "gender": "female", "lastName": "Siti", "id": "6726320", "bio": "", "photo": {"prefix": "https://igx.4sqi.net/img/user/", "suffix": "/C4NPODI3SRKHAD45.jpg"}, "homeCity": "Singapore", "lists": {"groups": [{"items": [], "count": 2, "type": "created"}]}}, {"tips": {"count": 0}, "contact": {}, "firstName": "Ady", "gender": "male", "lastName": "Yusof", "id": "4251473", "bio": "", "photo": {"prefix": "https://igx.4sqi.net/img/user/", "suffix": "/HOMVVBDCFZF4Q0AI.jpg"}, "homeCity": "Singapore", "lists": {"groups": [{"items": [], "count": 2, "type": "created"}]}}, {"tips": {"count": 4}, "contact": {"facebook": "1779019247"}, "firstName": "Yan", "gender": "male", "lastName": "Toi", "id": "4414081", "bio": "", "photo": {"prefix": "https://igx.4sqi.net/img/user/", "suffix": "/I1BFOMTBK4DWUNJK.jpg"}, "homeCity": "Singapore", "lists": {"groups": [{"items": [], "count": 3, "type": "created"}]}}, {"tips": {"count": 0}, "contact": {}, "firstName": "Natasha", "gender": "female", "lastName": "Ryn", "id": "6700983", "bio": "", "photo": {"prefix": "https://igx.4sqi.net/img/user/", "suffix": "/0PA1R415WQFXWAFF.jpg"}, "homeCity": "Singapore", "lists": {"groups": [{"items": [], "count": 2, "type": "created"}]}}, {"tips": {"count": 1}, "contact": {"facebook": "645782534"}, "firstName": "Bob", "gender": "male", "lastName": "Rizuan", "id": "5786750", "bio": "", "photo": {"prefix": "https://igx.4sqi.net/img/user/", "suffix": "/KIO5KWGGRR4IOIEA.jpg"}, "homeCity": "Singapore", "lists": {"groups": [{"items": [], "count": 2, "type": "created"}]}}, {"tips": {"count": 156}, "contact": {}, "firstName": "Matthew", "gender": "male", "lastName": "Mark Aloysious", "id": "1860260", "bio": "Fun loving, meeting new people, enjoy foods and exchanging conversations with all walks of life.", "photo": {"prefix": "https://igx.4sqi.net/img/user/", "suffix": "/1860260-UE5J2G2EQ5FSZIVH.jpg"}, "homeCity": "Singapore", "lists": {"groups": [{"items": [], "count": 6, "type": "created"}]}}, {"tips": {"count": 0}, "contact": {}, "firstName": "Ida", "gender": "female", "lastName": "Mazlabd", "id": "4574683", "bio": "", "photo": {"prefix": "https://igx.4sqi.net/img/user/", "suffix": "/ZTB5OHN3FPLOVYXF.jpg"}, "homeCity": "Singapore", "lists": {"groups": [{"items": [], "count": 2, "type": "created"}]}}, {"tips": {"count": 6}, "contact": {"facebook": "100000019476618"}, "firstName": "Maria", "gender": "female", "lastName": "Jumahat", "id": "2208196", "bio": "", "photo": {"prefix": "https://igx.4sqi.net/img/user/", "suffix": "/QJNDNTZKT5CVPWGP.jpg"}, "homeCity": "Singapore", "lists": {"groups": [{"items": [], "count": 2, "type": "created"}]}}, {"tips": {"count": 0}, "contact": {"facebook": "721077861"}, "firstName": "Hafizroy", "gender": "male", "id": "1665616", "bio": "", "photo": {"prefix": "https://igx.4sqi.net/img/user/", "suffix": "/FATEQDWWRDYYDNOG.jpg"}, "homeCity": "Singapore", "lists": {"groups": [{"items": [], "count": 2, "type": "created"}]}}, {"tips": {"count": 1}, "contact": {}, "firstName": "Manoj", "gender": "male", "lastName": "Kumar", "id": "1696847", "bio": "", "photo": {"prefix": "https://igx.4sqi.net/img/user/", "suffix": "/QOFYDMUWRNMT4MWA.jpg"}, "homeCity": "Singapore", "lists": {"groups": [{"items": [], "count": 2, "type": "created"}]}}, {"tips": {"count": 4}, "contact": {"facebook": "639558828"}, "firstName": "Shah", "gender": "male", "lastName": "D'man", "id": "3807500", "bio": "", "photo": {"prefix": "https://igx.4sqi.net/img/user/", "suffix": "/KLPV52YACCVY42MS.jpg"}, "homeCity": "Singapore", "lists": {"groups": [{"items": [], "count": 2, "type": "created"}]}}, {"tips": {"count": 0}, "contact": {}, "firstName": "Mamat", "gender": "male", "lastName": "Dhahf", "id": "3545017", "bio": "", "photo": {"prefix": "https://igx.4sqi.net/img/user/", "suffix": "/40J1TGVS0P5T3AZG.jpg"}, "homeCity": "Singapore", "lists": {"groups": [{"items": [], "count": 2, "type": "created"}]}}, {"tips": {"count": 0}, "contact": {"facebook": "557668658"}, "firstName": "Sariathi", "gender": "female", "lastName": "Safri", "id": "4399782", "bio": "", "photo": {"prefix": "https://igx.4sqi.net/img/user/", "suffix": "/E3K1DRF2FVQOM4Z0.jpg"}, "homeCity": "Unnamed Location", "lists": {"groups": [{"items": [], "count": 2, "type": "created"}]}}, {"tips": {"count": 0}, "contact": {"facebook": "665784128"}, "firstName": "alicia", "gender": "female", "lastName": "salvatore", "id": "1632653", "bio": "", "photo": {"prefix": "https://igx.4sqi.net/img/user/", "suffix": "/XHPUX22THG4O1L5U.jpg"}, "homeCity": "Singapore", "lists": {"groups": [{"items": [], "count": 2, "type": "created"}]}}, {"tips": {"count": 0}, "contact": {"twitter": "djheizry", "facebook": "100000630975021"}, "firstName": "Rico", "gender": "male", "lastName": "Heizry", "id": "3175241", "bio": "", "photo": {"prefix": "https://igx.4sqi.net/img/user/", "suffix": "/WFVWLPW0AYJNS1BP.jpg"}, "homeCity": "Singapore", "lists": {"groups": [{"items": [], "count": 2, "type": "created"}]}}, {"tips": {"count": 2}, "contact": {"facebook": "1004036542"}, "firstName": "Hazwani", "gender": "female", "lastName": "Hassim", "id": "4351514", "bio": "", "photo": {"prefix": "https://igx.4sqi.net/img/user/", "suffix": "/WV505XSO1HHVWSFP.jpg"}, "homeCity": "Singapore", "lists": {"groups": [{"items": [], "count": 2, "type": "created"}]}}, {"tips": {"count": 0}, "contact": {"facebook": "1607178338"}, "firstName": "Norman", "gender": "male", "lastName": "Musa", "id": "7005034", "bio": "", "photo": {"prefix": "https://igx.4sqi.net/img/user/", "suffix": "/SZMDD2PWBFXKHKSE.jpg"}, "homeCity": "Singapore", "lists": {"groups": [{"items": [], "count": 2, "type": "created"}]}}, {"tips": {"count": 0}, "contact": {"twitter": "suliana31", "facebook": "1095805988"}, "firstName": "Suliana", "gender": "female", "lastName": "Abdul Aziz", "id": "4676281", "bio": "", "photo": {"prefix": "https://igx.4sqi.net/img/user/", "suffix": "/AK2XA10L1YBWMIFN.jpg"}, "homeCity": "Singapore", "lists": {"groups": [{"items": [], "count": 2, "type": "created"}]}}, {"tips": {"count": 0}, "contact": {"facebook": "1327595067"}, "firstName": "Zalyqha", "gender": "female", "lastName": "Jelaly", "id": "4417593", "bio": "", "photo": {"prefix": "https://igx.4sqi.net/img/user/", "suffix": "/N1ZYDNNHPE5VPIRV.jpg"}, "homeCity": "Singapore", "lists": {"groups": [{"items": [], "count": 2, "type": "created"}]}}, {"tips": {"count": 0}, "contact": {"facebook": "1477309165"}, "firstName": "Rain", "gender": "male", "lastName": "Yusoff", "id": "5850678", "bio": "", "photo": {"prefix": "https://igx.4sqi.net/img/user/", "suffix": "/RN5PKYMW44D20WZD.jpg"}, "homeCity": "Singapore", "lists": {"groups": [{"items": [], "count": 2, "type": "created"}]}}, {"tips": {"count": 12}, "contact": {"twitter": "desirevinod", "facebook": "572132761"}, "firstName": "Vinod", "gender": "male", "lastName": "Sharma", "id": "4661135", "bio": "", "photo": {"prefix": "https://igx.4sqi.net/img/user/", "suffix": "/41VEOEYGN1WGK0SK.jpg"}, "homeCity": "Singapore", "lists": {"groups": [{"items": [], "count": 2, "type": "created"}]}}, {"tips": {"count": 0}, "contact": {"facebook": "1679493820"}, "firstName": "Sofia", "gender": "female", "lastName": "Hana", "id": "2571377", "bio": "", "photo": {"prefix": "https://igx.4sqi.net/img/user/", "suffix": "/VUZAQUOHY3YVKGB3.jpg"}, "homeCity": "Singapore", "lists": {"groups": [{"items": [], "count": 2, "type": "created"}]}}, {"tips": {"count": 0}, "contact": {"facebook": "100000136728776"}, "firstName": "Lulu", "gender": "female", "lastName": "Venissa", "id": "4066368", "bio": "", "photo": {"prefix": "https://igx.4sqi.net/img/user/", "suffix": "/NYJF0S4QOC2DTBCR.jpg"}, "homeCity": "Singapore", "lists": {"groups": [{"items": [], "count": 3, "type": "created"}]}}, {"tips": {"count": 0}, "contact": {"facebook": "580970513"}, "firstName": "Vernon", "gender": "male", "lastName": "Vj Koh", "id": "2083573", "bio": "", "photo": {"prefix": "https://igx.4sqi.net/img/user/", "suffix": "/DITG3JSNVGAZBULR.jpg"}, "homeCity": "Singapore", "lists": {"groups": [{"items": [], "count": 2, "type": "created"}]}}, {"tips": {"count": 0}, "contact": {"facebook": "1065934906"}, "firstName": "Yusman", "gender": "male", "lastName": "Shariff", "id": "3318082", "bio": "", "photo": {"prefix": "https://igx.4sqi.net/img/user/", "suffix": "/KQGAVS5ZOXQ5SML2.jpg"}, "homeCity": "Singapore", "lists": {"groups": [{"items": [], "count": 2, "type": "created"}]}}, {"tips": {"count": 0}, "contact": {}, "firstName": "J", "gender": "none", "lastName": "C", "id": "4639923", "bio": "", "photo": {"prefix": "https://igx.4sqi.net/img/user/", "suffix": "/blank_boy.png", "default": true}, "homeCity": "Singapore", "lists": {"groups": [{"items": [], "count": 2, "type": "created"}]}}, {"tips": {"count": 0}, "contact": {}, "firstName": "Ange", "gender": "female", "lastName": "Peter", "id": "6566965", "bio": "", "photo": {"prefix": "https://igx.4sqi.net/img/user/", "suffix": "/5EQTWLVBVSUB5Y2Z.jpg"}, "homeCity": "Singapore", "lists": {"groups": [{"items": [], "count": 2, "type": "created"}]}}, {"tips": {"count": 0}, "contact": {}, "firstName": "Sharrine", "gender": "male", "lastName": "Ishak", "id": "7516944", "bio": "", "photo": {"prefix": "https://igx.4sqi.net/img/user/", "suffix": "/AFURCZFAWDWQOOYD.jpg"}, "homeCity": "Bandar Kinrara, Malaysia", "lists": {"groups": [{"items": [], "count": 2, "type": "created"}]}}, {"tips": {"count": 11}, "contact": {"twitter": "barrybear14", "facebook": "513666644"}, "firstName": "Barry Bear", "gender": "male", "lastName": "Pereira", "id": "4999851", "bio": "", "photo": {"prefix": "https://igx.4sqi.net/img/user/", "suffix": "/4999851-LGJAOVI1KJLA0XSX.jpg"}, "homeCity": "Singapore", "lists": {"groups": [{"items": [], "count": 2, "type": "created"}]}}, {"tips": {"count": 0}, "contact": {"facebook": "680726207"}, "firstName": "Lya", "gender": "female", "lastName": "Mohd", "id": "3055928", "bio": "", "photo": {"prefix": "https://igx.4sqi.net/img/user/", "suffix": "/5TKQPJVC2EF3IAHM.jpg"}, "homeCity": "Singapore", "lists": {"groups": [{"items": [], "count": 2, "type": "created"}]}}, {"tips": {"count": 0}, "contact": {"facebook": "100001517057027"}, "firstName": "Rizal", "gender": "male", "lastName": "Massashimaru", "id": "4070710", "bio": "", "photo": {"prefix": "https://igx.4sqi.net/img/user/", "suffix": "/CRXYJB5SGKWYP0AC.jpg"}, "homeCity": "Singapore", "lists": {"groups": [{"items": [], "count": 2, "type": "created"}]}}, {"tips": {"count": 0}, "contact": {}, "firstName": "Elizabeth", "gender": "female", "lastName": "Tan", "id": "2224924", "bio": "", "photo": {"prefix": "https://igx.4sqi.net/img/user/", "suffix": "/JAEOM0GRQI3TYAEW.jpg"}, "homeCity": "Singapore, ", "lists": {"groups": [{"items": [], "count": 2, "type": "created"}]}}, {"tips": {"count": 0}, "contact": {}, "firstName": "Al", "gender": "male", "lastName": "Shemir", "id": "3678497", "bio": "", "photo": {"prefix": "https://igx.4sqi.net/img/user/", "suffix": "/0RC4XXE2PSNVP5JB.jpg"}, "homeCity": "Singapore", "lists": {"groups": [{"items": [], "count": 2, "type": "created"}]}}, {"tips": {"count": 0}, "contact": {"facebook": "604867595"}, "firstName": "Slim", "gender": "male", "lastName": "Jimi", "id": "4885382", "bio": "", "photo": {"prefix": "https://igx.4sqi.net/img/user/", "suffix": "/EGQCLRF15UFXIFCC.jpg"}, "homeCity": "Singapore", "lists": {"groups": [{"items": [], "count": 2, "type": "created"}]}}, {"tips": {"count": 0}, "contact": {"twitter": "candeelala"}, "firstName": "Candee", "gender": "female", "lastName": "\ud83d\udc8b", "id": "14115034", "bio": "", "photo": {"prefix": "https://igx.4sqi.net/img/user/", "suffix": "/HJLJKJT3EF1PXDZA.jpg"}, "homeCity": "Singapore", "lists": {"groups": [{"items": [], "count": 2, "type": "created"}]}}, {"tips": {"count": 0}, "contact": {"twitter": "henrychongyufu", "facebook": "100000962043212"}, "firstName": "Chong", "gender": "male", "lastName": "Yu Fu", "id": "5013495", "bio": "", "photo": {"prefix": "https://igx.4sqi.net/img/user/", "suffix": "/PW1OLYRVRGA14ZXI.jpg"}, "homeCity": "Singapore", "lists": {"groups": [{"items": [], "count": 2, "type": "created"}]}}, {"tips": {"count": 11}, "contact": {"twitter": "ckin_bz", "facebook": "715207880"}, "firstName": "Nurahsikin", "gender": "male", "lastName": "Zianal", "id": "3620241", "bio": "ShyGuy in e House!!", "photo": {"prefix": "https://igx.4sqi.net/img/user/", "suffix": "/3620241-N3HUSI1YQNOUIYTA.jpg"}, "homeCity": "Singapore", "lists": {"groups": [{"items": [], "count": 2, "type": "created"}]}}, {"tips": {"count": 0}, "contact": {}, "firstName": "Shah", "gender": "male", "id": "4687775", "bio": "", "photo": {"prefix": "https://igx.4sqi.net/img/user/", "suffix": "/S0VMTAGK0TKEY11H.jpg"}, "homeCity": "Singapore", "lists": {"groups": [{"items": [], "count": 2, "type": "created"}]}}, {"tips": {"count": 0}, "contact": {}, "firstName": "Alvin", "gender": "male", "lastName": "Junbin", "id": "2236937", "bio": "", "photo": {"prefix": "https://igx.4sqi.net/img/user/", "suffix": "/0E3SGZNEJJDCWHCH.jpg"}, "homeCity": "Bukit Panjang, Singapore", "lists": {"groups": [{"items": [], "count": 2, "type": "created"}]}}, {"tips": {"count": 0}, "contact": {}, "firstName": "Nonoi", "gender": "female", "id": "3963961", "bio": "", "photo": {"prefix": "https://igx.4sqi.net/img/user/", "suffix": "/3BLEUJHTC52CWFBI.jpg"}, "homeCity": "Singapore", "lists": {"groups": [{"items": [], "count": 2, "type": "created"}]}}, {"tips": {"count": 0}, "contact": {}, "firstName": "CaNdyLiLciOus", "gender": "female", "id": "6187646", "bio": "", "photo": {"prefix": "https://igx.4sqi.net/img/user/", "suffix": "/3PIXEH1ZK5RGCXAS.jpg"}, "homeCity": "New York, NY", "lists": {"groups": [{"items": [], "count": 2, "type": "created"}]}}, {"tips": {"count": 7}, "contact": {"facebook": "1230741919"}, "firstName": "Norshadia", "gender": "female", "lastName": "Supandi", "id": "5124649", "bio": "", "photo": {"prefix": "https://igx.4sqi.net/img/user/", "suffix": "/O54GBC1D0QI5GVZ1.jpg"}, "homeCity": "JB", "lists": {"groups": [{"items": [], "count": 2, "type": "created"}]}}, {"tips": {"count": 1}, "contact": {"facebook": "520922698"}, "firstName": "Sharifuddin", "gender": "male", "lastName": "Alwi", "id": "3621088", "bio": "", "photo": {"prefix": "https://igx.4sqi.net/img/user/", "suffix": "/XUBRBVJHXNV2R1EZ.jpg"}, "homeCity": "Singapore", "lists": {"groups": [{"items": [], "count": 2, "type": "created"}]}}, {"tips": {"count": 1}, "contact": {}, "firstName": "Jeremie", "gender": "male", "lastName": "Tan", "id": "3001645", "bio": "", "photo": {"prefix": "https://igx.4sqi.net/img/user/", "suffix": "/XNA2Y2LU54STPMLJ.jpg"}, "homeCity": "Singapore", "lists": {"groups": [{"items": [], "count": 2, "type": "created"}]}}, {"tips": {"count": 0}, "contact": {}, "firstName": "Rico", "gender": "none", "lastName": "Heizry", "id": "4038326", "bio": "", "photo": {"prefix": "https://igx.4sqi.net/img/user/", "suffix": "/DEPSXGHON1FBFZQ4.jpg"}, "homeCity": "Singapore", "lists": {"groups": [{"items": [], "count": 2, "type": "created"}]}}, {"tips": {"count": 0}, "contact": {}, "firstName": "Isnin", "gender": "male", "lastName": "Rasit", "id": "6187875", "bio": "", "photo": {"prefix": "https://igx.4sqi.net/img/user/", "suffix": "/VQNNFJ52W30DWL4B.jpg"}, "homeCity": "New York, NY", "lists": {"groups": [{"items": [], "count": 2, "type": "created"}]}}, {"tips": {"count": 0}, "contact": {"facebook": "1408872753"}, "firstName": "Kinn", "gender": "female", "lastName": "Adore", "id": "3903787", "bio": "", "photo": {"prefix": "https://igx.4sqi.net/img/user/", "suffix": "/IG4G1CQZNOSJDNPZ.jpg"}, "homeCity": "Lion City", "lists": {"groups": [{"items": [], "count": 2, "type": "created"}]}}, {"tips": {"count": 1}, "contact": {"facebook": "699464921"}, "firstName": "Yong", "gender": "male", "id": "3145613", "bio": "", "photo": {"prefix": "https://igx.4sqi.net/img/user/", "suffix": "/Y4ZVUZR45IKI43L2.jpg"}, "homeCity": "Singapore", "lists": {"groups": [{"items": [], "count": 2, "type": "created"}]}}, {"tips": {"count": 0}, "contact": {"facebook": "100000369049083"}, "firstName": "Benedict", "gender": "male", "lastName": "Wee Chong Ming", "id": "4044535", "bio": "", "photo": {"prefix": "https://igx.4sqi.net/img/user/", "suffix": "/B4JOOZ1F2SFNFTPS.jpg"}, "homeCity": "Singapore", "lists": {"groups": [{"items": [], "count": 2, "type": "created"}]}}, {"tips": {"count": 1}, "contact": {"facebook": "738072238"}, "firstName": "Muhammad Yusoff", "gender": "male", "lastName": "Sallim", "id": "6208479", "bio": "", "photo": {"prefix": "https://igx.4sqi.net/img/user/", "suffix": "/KDRAEKLYXIULCO1Q.jpg"}, "homeCity": "Singapore", "lists": {"groups": [{"items": [], "count": 2, "type": "created"}]}}, {"tips": {"count": 0}, "contact": {}, "firstName": "Nonoi", "gender": "female", "id": "3908639", "bio": "", "photo": {"prefix": "https://igx.4sqi.net/img/user/", "suffix": "/blank_girl.png", "default": true}, "homeCity": "Singapore", "lists": {"groups": [{"items": [], "count": 2, "type": "created"}]}}, {"tips": {"count": 4}, "contact": {}, "firstName": "Enriquez", "gender": "male", "lastName": "Darren Keith", "id": "3680457", "bio": "", "photo": {"prefix": "https://igx.4sqi.net/img/user/", "suffix": "/blank_boy.png", "default": true}, "homeCity": "Singapore", "lists": {"groups": [{"items": [], "count": 2, "type": "created"}]}}, {"tips": {"count": 0}, "contact": {}, "firstName": "Izzarazu", "gender": "male", "lastName": "Bixente", "id": "5775453", "bio": "", "photo": {"prefix": "https://igx.4sqi.net/img/user/", "suffix": "/AMATHTDCJF4B5GWL.jpg"}, "homeCity": "singapore", "lists": {"groups": [{"items": [], "count": 2, "type": "created"}]}}, {"tips": {"count": 0}, "contact": {"facebook": "551485473"}, "firstName": "Vincent", "gender": "male", "lastName": "Tan", "id": "6266363", "bio": "", "photo": {"prefix": "https://igx.4sqi.net/img/user/", "suffix": "/TT51TX31NOYEV0EH.jpg"}, "homeCity": "Singapore", "lists": {"groups": [{"items": [], "count": 2, "type": "created"}]}}, {"tips": {"count": 1}, "contact": {"facebook": "713959102"}, "firstName": "RaHzAroN", "gender": "male", "lastName": "MoHaMMeD", "id": "4809756", "bio": "", "photo": {"prefix": "https://igx.4sqi.net/img/user/", "suffix": "/OIIE4U1UPR5VMX11.jpg"}, "homeCity": "Singapore", "lists": {"groups": [{"items": [], "count": 2, "type": "created"}]}}, {"tips": {"count": 2}, "contact": {"facebook": "526137745"}, "firstName": "Anna", "gender": "female", "lastName": "Molly", "id": "3682185", "bio": "", "photo": {"prefix": "https://igx.4sqi.net/img/user/", "suffix": "/ZH14JMSOQB4JETMJ.jpg"}, "homeCity": "Singapore", "lists": {"groups": [{"items": [], "count": 2, "type": "created"}]}}, {"tips": {"count": 0}, "contact": {"facebook": "552582340"}, "firstName": "Lenny", "gender": "female", "lastName": "Kazuko", "id": "7254901", "bio": "", "photo": {"prefix": "https://igx.4sqi.net/img/user/", "suffix": "/RPV12BBXHOCETL0L.jpg"}, "homeCity": "Singapore", "lists": {"groups": [{"items": [], "count": 2, "type": "created"}]}}, {"tips": {"count": 1}, "contact": {"facebook": "100001598362946"}, "firstName": "Natasha", "gender": "female", "lastName": "Ambar", "id": "3830806", "bio": "", "photo": {"prefix": "https://igx.4sqi.net/img/user/", "suffix": "/FZWPXPC5DZR3KUHN.jpg"}, "homeCity": "Singapore", "lists": {"groups": [{"items": [], "count": 3, "type": "created"}]}}, {"tips": {"count": 0}, "contact": {}, "firstName": "Aan", "gender": "male", "lastName": "Loza", "id": "3995670", "bio": "", "photo": {"prefix": "https://igx.4sqi.net/img/user/", "suffix": "/CRK5NP5HVX3YCRBV.jpg"}, "homeCity": "Singapore", "lists": {"groups": [{"items": [], "count": 2, "type": "created"}]}}, {"tips": {"count": 1}, "contact": {}, "firstName": "nicholas", "gender": "male", "lastName": "yeap", "id": "3995862", "bio": "", "photo": {"prefix": "https://igx.4sqi.net/img/user/", "suffix": "/UXY1IWMQXPVPWZLZ.jpg"}, "homeCity": "singapore", "lists": {"groups": [{"items": [], "count": 2, "type": "created"}]}}, {"tips": {"count": 0}, "contact": {"facebook": "1685341026"}, "firstName": "Fianz", "gender": "male", "id": "4001202", "bio": "", "photo": {"prefix": "https://igx.4sqi.net/img/user/", "suffix": "/MA4XEIXCUUKGHEFC.jpg"}, "homeCity": "New York, NY", "lists": {"groups": [{"items": [], "count": 2, "type": "created"}]}}, {"tips": {"count": 3}, "contact": {"facebook": "100000535424809"}, "firstName": "Qaseh Nur Huda", "gender": "female", "lastName": "Osman", "id": "4485926", "bio": "", "photo": {"prefix": "https://igx.4sqi.net/img/user/", "suffix": "/33LIWYU1AIY0U40G.jpg"}, "homeCity": "Singapore", "lists": {"groups": [{"items": [], "count": 3, "type": "created"}]}}, {"tips": {"count": 0}, "contact": {"facebook": "657104901"}, "firstName": "nyna", "gender": "female", "lastName": "symon", "id": "5592834", "bio": "", "photo": {"prefix": "https://igx.4sqi.net/img/user/", "suffix": "/WYEFI4VMD1WLSQSN.jpg"}, "homeCity": "Singapore", "lists": {"groups": [{"items": [], "count": 2, "type": "created"}]}}, {"tips": {"count": 1}, "contact": {}, "firstName": "XingXing", "gender": "male", "lastName": "Chow", "id": "5905512", "bio": "", "photo": {"prefix": "https://igx.4sqi.net/img/user/", "suffix": "/CRTBZZ4ITSIBTEQ4.jpg"}, "homeCity": "Singapore", "lists": {"groups": [{"items": [], "count": 2, "type": "created"}]}}, {"tips": {"count": 0}, "contact": {}, "firstName": "Raz", "gender": "male", "lastName": "Yazid", "id": "6059039", "bio": "", "photo": {"prefix": "https://igx.4sqi.net/img/user/", "suffix": "/UF31NMN4N3XHGY3M.jpg"}, "homeCity": "New York, NY", "lists": {"groups": [{"items": [], "count": 2, "type": "created"}]}}, {"tips": {"count": 2}, "contact": {"facebook": "707148164"}, "firstName": "James", "gender": "male", "lastName": "Ebenezer", "id": "6332786", "bio": "", "photo": {"prefix": "https://igx.4sqi.net/img/user/", "suffix": "/2DSZCNYYFWUD5BHD.jpg"}, "homeCity": "Singapore", "lists": {"groups": [{"items": [], "count": 2, "type": "created"}]}}, {"tips": {"count": 0}, "contact": {"facebook": "1208550848"}, "firstName": "Ina", "gender": "female", "lastName": "Naieko", "id": "7281325", "bio": "", "photo": {"prefix": "https://igx.4sqi.net/img/user/", "suffix": "/VGJRWZIAZ2G0IXKD.jpg"}, "homeCity": "Singapore", "lists": {"groups": [{"items": [], "count": 2, "type": "created"}]}}], "count": 67}, "checksum": "259abe472d93b1bec45bbaf2e9bee2e979c7cc66"}, "meta": {"requestId": "59660ff44c1f67704e1a81a1", "code": 200}}