{"notifications": [{"type": "notificationTray", "item": {"unreadCount": 0}}], "meta": {"requestId": "5966cd52351e3d479aa6e7a6", "code": 200}, "response": {"friends": {"count": 5, "items": [{"id": "3138396", "photo": {"prefix": "https://igx.4sqi.net/img/user/", "suffix": "/BLQRK41F4INBG4FH.jpg"}, "homeCity": "Singapore", "contact": {}, "firstName": "Minyang", "tips": {"count": 2}, "gender": "female", "lastName": "Goh", "lists": {"groups": [{"count": 2, "type": "created", "items": []}]}, "bio": ""}, {"id": "29799", "photo": {"prefix": "https://igx.4sqi.net/img/user/", "suffix": "/LVQZFB3CXLQOJ3PG.jpg"}, "homeCity": "New York", "contact": {}, "firstName": "Anil", "tips": {"count": 27}, "gender": "male", "lastName": "Ramchand", "lists": {"groups": [{"count": 3, "type": "created", "items": []}]}, "bio": ""}, {"id": "3238165", "photo": {"prefix": "https://igx.4sqi.net/img/user/", "suffix": "/CGCMIKANOZPNFFBI.jpg"}, "homeCity": "Singapore", "contact": {}, "firstName": "Ernest", "tips": {"count": 43}, "gender": "male", "lists": {"groups": [{"count": 2, "type": "created", "items": []}]}, "bio": ""}, {"id": "3346620", "photo": {"prefix": "https://igx.4sqi.net/img/user/", "suffix": "/VNH03HPCBJSSTCCD.jpg"}, "homeCity": "Singapore", "contact": {}, "firstName": "Audrey", "tips": {"count": 0}, "gender": "female", "lastName": "Wong", "lists": {"groups": [{"count": 2, "type": "created", "items": []}]}, "bio": ""}, {"id": "3607672", "photo": {"prefix": "https://igx.4sqi.net/img/user/", "suffix": "/VLMERPGRMQGEH33C.jpg"}, "homeCity": "Singapore", "contact": {}, "firstName": "Jem", "tips": {"count": 0}, "gender": "none", "lastName": "Jem", "lists": {"groups": [{"count": 2, "type": "created", "items": []}]}, "bio": ""}]}, "checksum": "e1d73868104d157e2b5245d83ce7954e0e820e6f"}}