{"notifications": [{"type": "notificationTray", "item": {"unreadCount": 0}}], "meta": {"requestId": "5966cec91ed219630b59953b", "code": 200}, "response": {"friends": {"count": 63, "items": [{"id": "286427", "photo": {"prefix": "https://igx.4sqi.net/img/user/", "suffix": "/BQODELOYU34CMCTJ.jpg"}, "homeCity": "Singapore", "contact": {"facebook": "598180568", "twitter": "sparklette"}, "firstName": "Veron @ Sparklette.net", "tips": {"count": 247}, "gender": "female", "lists": {"groups": [{"count": 2, "type": "created", "items": []}]}, "bio": ""}, {"id": "414705", "photo": {"prefix": "https://igx.4sqi.net/img/user/", "suffix": "/HEIARS13MTECLPEK.jpg"}, "homeCity": "Singapore", "contact": {}, "firstName": "Jacqueline Julz", "tips": {"count": 4}, "gender": "female", "lastName": "Ng", "lists": {"groups": [{"count": 2, "type": "created", "items": []}]}, "bio": ""}, {"id": "356204", "photo": {"prefix": "https://igx.4sqi.net/img/user/", "suffix": "/CXQ12TTVVSODXUKU.jpg"}, "homeCity": "Churchlands, WA", "contact": {"facebook": "10153171354166914", "twitter": "jtzc"}, "firstName": "Japelin", "tips": {"count": 3}, "gender": "female", "lists": {"groups": [{"count": 2, "type": "created", "items": []}]}, "bio": ""}, {"id": "3770381", "photo": {"prefix": "https://igx.4sqi.net/img/user/", "suffix": "/X1LZUDASRH12HLI3.jpg"}, "homeCity": "Singapore", "contact": {"facebook": "619391347"}, "firstName": "Kaychye", "tips": {"count": 0}, "gender": "male", "lists": {"groups": [{"count": 2, "type": "created", "items": []}]}, "bio": ""}, {"id": "4169708", "photo": {"prefix": "https://igx.4sqi.net/img/user/", "suffix": "/JL3DZDM4Y2F0QZ24.jpg"}, "homeCity": "Singapore", "contact": {}, "firstName": "Gary Hui", "tips": {"count": 0}, "gender": "male", "lastName": "Singh", "lists": {"groups": [{"count": 2, "type": "created", "items": []}]}, "bio": ""}, {"id": "4290536", "photo": {"prefix": "https://igx.4sqi.net/img/user/", "suffix": "/2341RL4AP0FK3W2Y.jpg"}, "homeCity": "Singapore", "contact": {"facebook": "876205299"}, "firstName": "Xann", "tips": {"count": 0}, "gender": "female", "lastName": "Jr", "lists": {"groups": [{"count": 2, "type": "created", "items": []}]}, "bio": ""}, {"id": "5458983", "photo": {"prefix": "https://igx.4sqi.net/img/user/", "suffix": "/0250OYDEQAGNBO2K.jpg"}, "homeCity": "Singapore", "contact": {"facebook": "528865032"}, "firstName": "Charles", "tips": {"count": 0}, "gender": "male", "lastName": "Kwek", "lists": {"groups": [{"count": 2, "type": "created", "items": []}]}, "bio": ""}, {"id": "2623651", "photo": {"prefix": "https://igx.4sqi.net/img/user/", "suffix": "/BY5AQFXPUMAJE1PC.jpg"}, "homeCity": "Singapore", "contact": {}, "firstName": "Daf", "tips": {"count": 0}, "gender": "none", "lists": {"groups": [{"count": 2, "type": "created", "items": []}]}, "bio": ""}, {"id": "2924802", "photo": {"prefix": "https://igx.4sqi.net/img/user/", "suffix": "/W4K3EGFTG50RTEPH.jpg"}, "homeCity": "Singapore", "contact": {"facebook": "727783731", "twitter": "mezame"}, "firstName": "Mezame", "tips": {"count": 3}, "gender": "male", "lists": {"groups": [{"count": 2, "type": "created", "items": []}]}, "bio": ""}, {"id": "187768", "photo": {"prefix": "https://igx.4sqi.net/img/user/", "suffix": "/HVIGMZHQTT5K5T2P.jpg"}, "homeCity": "Singapore", "contact": {"facebook": "718650174408", "twitter": "lucasho"}, "firstName": "Lucas", "tips": {"count": 2}, "gender": "male", "lastName": "Ho", "lists": {"groups": [{"count": 2, "type": "created", "items": []}]}, "bio": ""}, {"id": "606058", "photo": {"prefix": "https://igx.4sqi.net/img/user/", "suffix": "/VMFMTPDA4XLSLJGT.jpg"}, "homeCity": "Neutral Bay, NSW", "contact": {"facebook": "533364946"}, "firstName": "Leonardo", "tips": {"count": 6}, "gender": "male", "lastName": "Suryana", "lists": {"groups": [{"count": 2, "type": "created", "items": []}]}, "bio": ""}, {"id": "396363", "photo": {"prefix": "https://igx.4sqi.net/img/user/", "suffix": "/XZVANGK1QXOOZL5V.jpg"}, "homeCity": "Singapore", "contact": {"twitter": "charlesneo"}, "firstName": "charles", "tips": {"count": 10}, "gender": "male", "lastName": "neo", "lists": {"groups": [{"count": 2, "type": "created", "items": []}]}, "bio": ""}, {"id": "471037", "photo": {"prefix": "https://igx.4sqi.net/img/user/", "suffix": "/GDU5UK5OGVDVX404.jpg"}, "homeCity": "Shah Alam, Selangor", "contact": {}, "firstName": "Kenny", "tips": {"count": 5}, "gender": "male", "lastName": "Woo", "lists": {"groups": [{"count": 2, "type": "created", "items": []}]}, "bio": ""}, {"id": "4224107", "photo": {"prefix": "https://igx.4sqi.net/img/user/", "suffix": "/I4MD150304UH3G5S.jpg"}, "homeCity": "Singapore", "contact": {}, "firstName": "Nellie", "tips": {"count": 0}, "gender": "none", "lists": {"groups": [{"count": 2, "type": "created", "items": []}]}, "bio": ""}, {"id": "1104330", "photo": {"prefix": "https://igx.4sqi.net/img/user/", "suffix": "/1104330_7KHSZj0N_8Y_sx9LD4pc-xoW1NJ6kkzURuWy_fcSfJy7VhmYpWVOaRQKkNOP_q6DtVuCpNEsK.jpg"}, "homeCity": "Singapore", "contact": {"facebook": "649097272"}, "firstName": "Kenneth", "tips": {"count": 10}, "gender": "male", "lastName": "Ang", "lists": {"groups": [{"count": 2, "type": "created", "items": []}]}, "bio": ""}, {"id": "2552613", "photo": {"prefix": "https://igx.4sqi.net/img/user/", "suffix": "/0RAHM4ME0VO1GCWI.jpg"}, "homeCity": "Kuala Lumpur, Malaysia", "contact": {"facebook": "873845261"}, "firstName": "Liling", "tips": {"count": 1}, "gender": "female", "lastName": "See", "lists": {"groups": [{"count": 2, "type": "created", "items": []}]}, "bio": ""}, {"id": "4315912", "photo": {"prefix": "https://igx.4sqi.net/img/user/", "default": true, "suffix": "/blank_boy.png"}, "homeCity": "Singapore", "contact": {"facebook": "691421110"}, "firstName": "Winson", "tips": {"count": 0}, "gender": "male", "lastName": "Iskandar", "lists": {"groups": [{"count": 2, "type": "created", "items": []}]}, "bio": ""}, {"id": "6755944", "photo": {"prefix": "https://igx.4sqi.net/img/user/", "default": true, "suffix": "/blank_boy.png"}, "homeCity": "Singapore", "contact": {}, "firstName": "Andy", "tips": {"count": 0}, "gender": "male", "lastName": "Wong", "lists": {"groups": [{"count": 2, "type": "created", "items": []}]}, "bio": ""}, {"id": "427645", "photo": {"prefix": "https://igx.4sqi.net/img/user/", "suffix": "/HSQZKPF4XKGLKSOS.jpg"}, "homeCity": "Singapore, SG", "contact": {"facebook": "751684604", "twitter": "stellamin"}, "firstName": "Lee", "tips": {"count": 0}, "gender": "female", "lastName": "Jaesumin", "lists": {"groups": [{"count": 2, "type": "created", "items": []}]}, "bio": ""}, {"id": "8112586", "photo": {"prefix": "https://igx.4sqi.net/img/user/", "default": true, "suffix": "/blank_boy.png"}, "homeCity": "Singapore", "contact": {}, "firstName": "Tyler", "tips": {"count": 0}, "gender": "male", "lastName": "Lim", "lists": {"groups": [{"count": 2, "type": "created", "items": []}]}, "bio": ""}, {"id": "4416728", "photo": {"prefix": "https://igx.4sqi.net/img/user/", "suffix": "/FEBIUMMARS3DQ4A1.jpg"}, "homeCity": "Suan luang, Thailand", "contact": {"facebook": "517478419"}, "firstName": "Phiriyahbhoon", "tips": {"count": 0}, "gender": "male", "lastName": "Pithakvarakorn", "lists": {"groups": [{"count": 2, "type": "created", "items": []}]}, "bio": ""}, {"id": "2704120", "photo": {"prefix": "https://igx.4sqi.net/img/user/", "default": true, "suffix": "/blank_boy.png"}, "homeCity": "Singapore", "contact": {"facebook": "699527850"}, "firstName": "Benjamin", "tips": {"count": 0}, "gender": "male", "lastName": "Leong", "lists": {"groups": [{"count": 2, "type": "created", "items": []}]}, "bio": ""}, {"id": "3874292", "photo": {"prefix": "https://igx.4sqi.net/img/user/", "suffix": "/2U2LFREJBYRCDGGO.jpg"}, "homeCity": "Singapore", "contact": {"facebook": "718239472"}, "firstName": "Jeffrey", "tips": {"count": 0}, "gender": "male", "lastName": "Neo", "lists": {"groups": [{"count": 2, "type": "created", "items": []}]}, "bio": ""}, {"id": "4099597", "photo": {"prefix": "https://igx.4sqi.net/img/user/", "suffix": "/KOCGMONVLELKLQJX.jpg"}, "homeCity": "Singapore", "contact": {"facebook": "596471578"}, "firstName": "Jiamei", "tips": {"count": 0}, "gender": "female", "lastName": "Quek", "lists": {"groups": [{"count": 2, "type": "created", "items": []}]}, "bio": ""}, {"id": "1700208", "photo": {"prefix": "https://igx.4sqi.net/img/user/", "suffix": "/2AKO3WLFA4NU3XQY.jpg"}, "homeCity": "Singapore", "contact": {"facebook": "513087591"}, "firstName": "Elaine", "tips": {"count": 0}, "gender": "female", "lists": {"groups": [{"count": 2, "type": "created", "items": []}]}, "bio": ""}, {"id": "540140", "photo": {"prefix": "https://igx.4sqi.net/img/user/", "suffix": "/VLED22JDL5JZ5OFF.jpg"}, "homeCity": "singapore", "contact": {"facebook": "527301850", "twitter": "choowee"}, "firstName": "choo wee", "tips": {"count": 4}, "gender": "male", "lastName": "ang", "lists": {"groups": [{"count": 3, "type": "created", "items": []}]}, "bio": ""}, {"id": "1273309", "photo": {"prefix": "https://igx.4sqi.net/img/user/", "suffix": "/KEFU2QNJFTBXHWKI.jpg"}, "homeCity": "Singapore River, Singapore", "contact": {"facebook": "581747171", "twitter": "amoebaic"}, "firstName": "Jascelyn", "tips": {"count": 16}, "gender": "female", "lastName": "Teo", "lists": {"groups": [{"count": 2, "type": "created", "items": []}]}, "bio": ""}, {"id": "3315186", "photo": {"prefix": "https://igx.4sqi.net/img/user/", "suffix": "/3315186-SR3MBHF15J5CPC5S.jpg"}, "homeCity": "Singapore", "contact": {"facebook": "680592048", "twitter": "reytang"}, "firstName": "Rey", "tips": {"count": 1}, "gender": "male", "lastName": "Tang", "lists": {"groups": [{"count": 2, "type": "created", "items": []}]}, "bio": ""}, {"id": "6180357", "photo": {"prefix": "https://igx.4sqi.net/img/user/", "suffix": "/5OHIEEAQGYU0CCT0.jpg"}, "homeCity": "Singapore", "contact": {}, "firstName": "Wilman", "tips": {"count": 0}, "gender": "male", "lastName": "Low", "lists": {"groups": [{"count": 2, "type": "created", "items": []}]}, "bio": ""}, {"id": "7010024", "photo": {"prefix": "https://igx.4sqi.net/img/user/", "suffix": "/ASCVAFDDOEUEARA4.jpg"}, "homeCity": "Shah Alam", "contact": {"facebook": "517315241"}, "firstName": "Mustafa", "tips": {"count": 0}, "gender": "male", "lastName": "Yassin", "lists": {"groups": [{"count": 2, "type": "created", "items": []}]}, "bio": ""}, {"id": "3514011", "photo": {"prefix": "https://igx.4sqi.net/img/user/", "suffix": "/03YRTY1IDSSKSNSM.jpg"}, "homeCity": "Singapore", "contact": {"facebook": "611148462"}, "firstName": "J-Kenzo", "tips": {"count": 0}, "gender": "male", "lastName": "Lin", "lists": {"groups": [{"count": 2, "type": "created", "items": []}]}, "bio": ""}, {"id": "5815696", "photo": {"prefix": "https://igx.4sqi.net/img/user/", "suffix": "/3IJ5SL3J4WUZGZUB.jpg"}, "homeCity": "Singapore", "contact": {"facebook": "668535021", "twitter": "yjlow"}, "firstName": "Eugene", "tips": {"count": 4}, "gender": "male", "lastName": "Low", "lists": {"groups": [{"count": 2, "type": "created", "items": []}]}, "bio": ""}, {"id": "2834105", "photo": {"prefix": "https://igx.4sqi.net/img/user/", "suffix": "/RND2J4S422L3N05J.jpg"}, "homeCity": "Singapore", "contact": {"facebook": "827355485", "twitter": "beatmastermark"}, "firstName": "Mark", "tips": {"count": 2}, "gender": "male", "lastName": "Cheng", "lists": {"groups": [{"count": 2, "type": "created", "items": []}]}, "bio": ""}, {"id": "5386231", "photo": {"prefix": "https://igx.4sqi.net/img/user/", "suffix": "/LEEVLD5CJPMASSH2.jpg"}, "homeCity": "Singapore", "contact": {"facebook": "783195391"}, "firstName": "Stamford", "tips": {"count": 0}, "gender": "male", "lastName": "Loh", "lists": {"groups": [{"count": 2, "type": "created", "items": []}]}, "bio": ""}, {"id": "3125441", "photo": {"prefix": "https://igx.4sqi.net/img/user/", "suffix": "/1VF2GHIAIAZSIJJL.jpg"}, "homeCity": "Singapore", "contact": {"facebook": "516948874", "twitter": "niroger"}, "firstName": "ni", "tips": {"count": 0}, "gender": "male", "lastName": "roger", "lists": {"groups": [{"count": 2, "type": "created", "items": []}]}, "bio": ""}, {"id": "1395859", "photo": {"prefix": "https://igx.4sqi.net/img/user/", "suffix": "/1395859-SDEBVQGHDM4UEZSZ.jpg"}, "homeCity": "Singapore River, Singapore", "contact": {}, "firstName": "Avis", "tips": {"count": 10}, "gender": "female", "lastName": "Hong", "lists": {"groups": [{"count": 2, "type": "created", "items": []}]}, "bio": ""}, {"id": "4013419", "photo": {"prefix": "https://igx.4sqi.net/img/user/", "suffix": "/SZ53NBPMPR5P4GBG.jpg"}, "homeCity": "Singapore", "contact": {"facebook": "749014365"}, "firstName": "Ismaniyah", "tips": {"count": 0}, "gender": "female", "lastName": "Muzairin", "lists": {"groups": [{"count": 2, "type": "created", "items": []}]}, "bio": ""}, {"id": "6887209", "photo": {"prefix": "https://igx.4sqi.net/img/user/", "default": true, "suffix": "/blank_girl.png"}, "homeCity": "Singapore", "contact": {}, "firstName": "Cynthia", "tips": {"count": 0}, "gender": "female", "lastName": "Low", "lists": {"groups": [{"count": 2, "type": "created", "items": []}]}, "bio": ""}, {"id": "3516530", "photo": {"prefix": "https://igx.4sqi.net/img/user/", "suffix": "/5XFWKXJ4WPVQUPWG.jpg"}, "homeCity": "Singapore", "contact": {"facebook": "709907092"}, "firstName": "Madeline", "tips": {"count": 39}, "gender": "female", "lastName": "Chen", "lists": {"groups": [{"count": 2, "type": "created", "items": []}]}, "bio": ""}, {"id": "6455854", "photo": {"prefix": "https://igx.4sqi.net/img/user/", "suffix": "/JJGDWKXXV2VYZYFK.jpg"}, "homeCity": "Singapore", "contact": {"facebook": "1594924208"}, "firstName": "Nigel", "tips": {"count": 0}, "gender": "male", "lastName": "Yeo", "lists": {"groups": [{"count": 2, "type": "created", "items": []}]}, "bio": ""}, {"id": "3664537", "photo": {"prefix": "https://igx.4sqi.net/img/user/", "suffix": "/XYIPTUHEIFJLTMKR.jpg"}, "homeCity": "Singapore", "contact": {"facebook": "685328988"}, "firstName": "Bi Qin", "tips": {"count": 1}, "gender": "female", "lists": {"groups": [{"count": 2, "type": "created", "items": []}]}, "bio": ""}, {"id": "3790092", "photo": {"prefix": "https://igx.4sqi.net/img/user/", "suffix": "/NB5YNEXA4KYIBGCO.jpg"}, "homeCity": "Singapore", "contact": {"facebook": "531041453"}, "firstName": "Ian", "tips": {"count": 0}, "gender": "male", "lastName": "Wui", "lists": {"groups": [{"count": 2, "type": "created", "items": []}]}, "bio": ""}, {"id": "1640718", "photo": {"prefix": "https://igx.4sqi.net/img/user/", "suffix": "/VPJBCEP5OIATIGDC.jpg"}, "homeCity": "Singapore", "contact": {}, "firstName": "Bernice", "tips": {"count": 1}, "gender": "female", "lastName": "Lim", "lists": {"groups": [{"count": 2, "type": "created", "items": []}]}, "bio": ""}, {"id": "4038070", "photo": {"prefix": "https://igx.4sqi.net/img/user/", "default": true, "suffix": "/blank_boy.png"}, "homeCity": "Singapore", "contact": {"facebook": "502545326"}, "firstName": "Terence", "tips": {"count": 0}, "gender": "male", "lastName": "Tan", "lists": {"groups": [{"count": 2, "type": "created", "items": []}]}, "bio": ""}, {"id": "9235313", "photo": {"prefix": "https://igx.4sqi.net/img/user/", "suffix": "/YF5GQGK2JITZT1EI.jpg"}, "homeCity": "Singapore", "contact": {"facebook": "546296436"}, "firstName": "Joyce", "tips": {"count": 0}, "gender": "female", "lastName": "Teo", "lists": {"groups": [{"count": 2, "type": "created", "items": []}]}, "bio": ""}, {"id": "4984778", "photo": {"prefix": "https://igx.4sqi.net/img/user/", "default": true, "suffix": "/blank_boy.png"}, "homeCity": "Singapore", "contact": {}, "firstName": "Sam", "tips": {"count": 0}, "gender": "male", "lastName": "Chua", "lists": {"groups": [{"count": 2, "type": "created", "items": []}]}, "bio": ""}, {"id": "1829124", "photo": {"prefix": "https://igx.4sqi.net/img/user/", "suffix": "/YRPMSS1TAA11XY3R.jpg"}, "homeCity": "Geylang, Singapore", "contact": {"facebook": "699423851"}, "firstName": "Elvina", "tips": {"count": 0}, "gender": "female", "lastName": "Liow", "lists": {"groups": [{"count": 2, "type": "created", "items": []}]}, "bio": ""}, {"id": "4501096", "photo": {"prefix": "https://igx.4sqi.net/img/user/", "suffix": "/MGHTCMVDWB4Q13N0.jpg"}, "homeCity": "Singapore", "contact": {"facebook": "668687577"}, "firstName": "Veron", "tips": {"count": 0}, "gender": "female", "lastName": "Lau", "lists": {"groups": [{"count": 2, "type": "created", "items": []}]}, "bio": ""}, {"id": "5052133", "photo": {"prefix": "https://igx.4sqi.net/img/user/", "default": true, "suffix": "/blank_boy.png"}, "homeCity": "Singapore", "contact": {}, "firstName": "Jensen", "tips": {"count": 0}, "gender": "male", "lastName": "Yap", "lists": {"groups": [{"count": 2, "type": "created", "items": []}]}, "bio": ""}, {"id": "2079056", "photo": {"prefix": "https://igx.4sqi.net/img/user/", "suffix": "/1FPEASNNQMDNIJMH.jpg"}, "homeCity": "Singapore", "contact": {"facebook": "555982600"}, "firstName": "Merliza", "tips": {"count": 0}, "gender": "female", "lastName": "Lim", "lists": {"groups": [{"count": 2, "type": "created", "items": []}]}, "bio": ""}, {"id": "2419584", "photo": {"prefix": "https://igx.4sqi.net/img/user/", "suffix": "/COU30BYQ2B40X0D2.jpg"}, "homeCity": "Singapore", "contact": {"facebook": "683325118", "twitter": "kaidee"}, "firstName": "Kitty", "tips": {"count": 1}, "gender": "female", "lastName": "Tan", "lists": {"groups": [{"count": 2, "type": "created", "items": []}]}, "bio": ""}, {"id": "2420979", "photo": {"prefix": "https://igx.4sqi.net/img/user/", "suffix": "/SNRYOTL1BN0IIVKM.jpg"}, "homeCity": "Singapore", "contact": {"facebook": "607259782"}, "firstName": "Peirong", "tips": {"count": 0}, "gender": "female", "lastName": "Ng", "lists": {"groups": [{"count": 2, "type": "created", "items": []}]}, "bio": ""}, {"id": "2647485", "photo": {"prefix": "https://igx.4sqi.net/img/user/", "default": true, "suffix": "/blank_boy.png"}, "homeCity": "Singapore", "contact": {}, "firstName": "Johann", "tips": {"count": 0}, "gender": "male", "lists": {"groups": [{"count": 2, "type": "created", "items": []}]}, "bio": ""}, {"id": "3143324", "photo": {"prefix": "https://igx.4sqi.net/img/user/", "suffix": "/ZRJOVNT3LF2R015P.jpg"}, "homeCity": "New York, NY", "contact": {}, "firstName": "Peerawatr", "tips": {"count": 3}, "gender": "male", "lastName": "Wongdhongnidhi", "lists": {"groups": [{"count": 2, "type": "created", "items": []}]}, "bio": ""}, {"id": "3217635", "photo": {"prefix": "https://igx.4sqi.net/img/user/", "suffix": "/IGW2MUB4M5FTMN1G.jpg"}, "homeCity": "Singapore", "contact": {"facebook": "545801759", "twitter": "p0rn5tar_sg"}, "firstName": "Eric", "tips": {"count": 1}, "gender": "male", "lastName": "Ng", "lists": {"groups": [{"count": 2, "type": "created", "items": []}]}, "bio": ""}, {"id": "3470091", "photo": {"prefix": "https://igx.4sqi.net/img/user/", "suffix": "/WEHWEQSIU4GH11Y0.jpg"}, "homeCity": "\u9999\u6e2f", "contact": {"facebook": "744581010", "twitter": "edwardlsc"}, "firstName": "Edward", "tips": {"count": 5}, "gender": "male", "lastName": "Lim", "lists": {"groups": [{"count": 2, "type": "created", "items": []}]}, "bio": ""}, {"id": "3636680", "photo": {"prefix": "https://igx.4sqi.net/img/user/", "suffix": "/JGSD2N302J1TJYXS.jpg"}, "homeCity": "Singapore", "contact": {"facebook": "654965210"}, "firstName": "Kmiang", "tips": {"count": 0}, "gender": "female", "lists": {"groups": [{"count": 2, "type": "created", "items": []}]}, "bio": ""}, {"id": "3706059", "photo": {"prefix": "https://igx.4sqi.net/img/user/", "suffix": "/NYV1ONWCWBPXVUGH.jpg"}, "homeCity": "Singapore", "contact": {"facebook": "660688967"}, "firstName": "Colin", "tips": {"count": 0}, "gender": "male", "lastName": "Tan", "lists": {"groups": [{"count": 2, "type": "created", "items": []}]}, "bio": ""}, {"id": "3713600", "photo": {"prefix": "https://igx.4sqi.net/img/user/", "suffix": "/EDUCSQLSKK2LE50O.jpg"}, "homeCity": "Singapore", "contact": {}, "firstName": "Kian", "tips": {"count": 0}, "gender": "male", "lastName": "Phua", "lists": {"groups": [{"count": 2, "type": "created", "items": []}]}, "bio": ""}, {"id": "3994829", "photo": {"prefix": "https://igx.4sqi.net/img/user/", "suffix": "/ZDX25QLQAZ3ZTXKM.jpg"}, "homeCity": "Singapore", "contact": {"facebook": "533473442"}, "firstName": "Derrick", "tips": {"count": 5}, "gender": "male", "lastName": "Tan", "lists": {"groups": [{"count": 2, "type": "created", "items": []}]}, "bio": ""}, {"id": "4205019", "photo": {"prefix": "https://igx.4sqi.net/img/user/", "suffix": "/244VJSGEAO1K44CK.jpg"}, "homeCity": "Singapore", "contact": {}, "firstName": "Sean", "tips": {"count": 2}, "gender": "male", "lastName": "Gan", "lists": {"groups": [{"count": 2, "type": "created", "items": []}]}, "bio": ""}, {"id": "5132843", "photo": {"prefix": "https://igx.4sqi.net/img/user/", "suffix": "/5132843-VXAKDMFRTZ0P0ALJ.jpg"}, "homeCity": "Singapore", "contact": {"facebook": "520487094"}, "firstName": "Monica", "tips": {"count": 6}, "gender": "female", "lastName": "Eng", "lists": {"groups": [{"count": 2, "type": "created", "items": []}]}, "bio": ""}, {"id": "5591640", "photo": {"prefix": "https://igx.4sqi.net/img/user/", "suffix": "/FFJ1VEKLRGXEVTB0.jpg"}, "homeCity": "Oxford, UK", "contact": {"facebook": "1010665", "twitter": "jacuzzijo"}, "firstName": "Joses", "tips": {"count": 0}, "gender": "male", "lastName": "Ho", "lists": {"groups": [{"count": 2, "type": "created", "items": []}]}, "bio": ""}]}, "checksum": "528c8e101705dce150fbf968ec0e375b80ea4ad3"}}