{"notifications": [{"type": "notificationTray", "item": {"unreadCount": 0}}], "response": {"friends": {"items": [{"tips": {"count": 7}, "contact": {"twitter": "cooltrekkerkoo", "facebook": "725629864"}, "firstName": "David", "gender": "male", "lastName": "Koo", "id": "561300", "bio": "", "photo": {"prefix": "https://igx.4sqi.net/img/user/", "suffix": "/UOK52NLH423EO24A.jpg"}, "homeCity": "Bangkok, Thailand", "lists": {"groups": [{"items": [], "count": 2, "type": "created"}]}}, {"tips": {"count": 0}, "contact": {"facebook": "100000472586994"}, "firstName": "Dennis", "gender": "male", "lastName": "Chong", "id": "49413067", "bio": "", "photo": {"prefix": "https://igx.4sqi.net/img/user/", "suffix": "/5JIXXKMLLBCGKMTW.jpg"}, "homeCity": "New York, NY", "lists": {"groups": [{"items": [], "count": 2, "type": "created"}]}}, {"tips": {"count": 0}, "contact": {}, "firstName": "Jessica", "gender": "female", "lastName": "Lee", "id": "4322628", "bio": "", "photo": {"prefix": "https://igx.4sqi.net/img/user/", "suffix": "/blank_girl.png", "default": true}, "homeCity": "New York, NY", "lists": {"groups": [{"items": [], "count": 2, "type": "created"}]}}, {"tips": {"count": 7}, "contact": {"facebook": "600914644"}, "firstName": "Olivier", "gender": "male", "lastName": "Longuet knoepfel", "id": "278937", "bio": "", "photo": {"prefix": "https://igx.4sqi.net/img/user/", "suffix": "/SYOUKDTCSPOF4KMY.jpg"}, "homeCity": "Bangkok", "lists": {"groups": [{"items": [], "count": 2, "type": "created"}]}}, {"tips": {"count": 11}, "contact": {"facebook": "1269854823036869"}, "firstName": "Lay", "gender": "male", "lastName": "GB SHOP", "id": "38499376", "bio": "", "photo": {"prefix": "https://igx.4sqi.net/img/user/", "suffix": "/ISTPQAWLBHKBOLDB.jpg"}, "homeCity": "Negeri Sembilan", "lists": {"groups": [{"items": [], "count": 2, "type": "created"}]}}, {"tips": {"count": 0}, "contact": {}, "firstName": "Roger", "gender": "male", "lastName": "Rau", "id": "4381619", "bio": "", "photo": {"prefix": "https://igx.4sqi.net/img/user/", "suffix": "/JZYHIKW1I4IACFYO.jpg"}, "homeCity": "Singapore", "lists": {"groups": [{"items": [], "count": 2, "type": "created"}]}}, {"tips": {"count": 3}, "contact": {"twitter": "kkittyjung", "facebook": "100004909187876"}, "firstName": "Kkitty", "gender": "female", "lastName": "Mercy", "id": "4559570", "bio": "", "photo": {"prefix": "https://igx.4sqi.net/img/user/", "suffix": "/4559570-RUZBFFW1Q2RK31C4.jpg"}, "homeCity": "Bangkok", "lists": {"groups": [{"items": [], "count": 2, "type": "created"}]}}, {"tips": {"count": 2}, "contact": {}, "firstName": "Alan", "gender": "male", "lastName": "Tan", "id": "250786", "bio": "", "photo": {"prefix": "https://igx.4sqi.net/img/user/", "suffix": "/BRFPKDI25ASSQHHN.jpg"}, "homeCity": "Singapore", "lists": {"groups": [{"items": [], "count": 2, "type": "created"}]}}, {"tips": {"count": 0}, "contact": {}, "firstName": "Nath", "gender": "none", "lastName": "De SingingCoconut", "id": "6164431", "bio": "", "photo": {"prefix": "https://igx.4sqi.net/img/user/", "suffix": "/blank_boy.png", "default": true}, "homeCity": "New York, NY", "lists": {"groups": [{"items": [], "count": 2, "type": "created"}]}}, {"tips": {"count": 1}, "contact": {"facebook": "616908684"}, "firstName": "henry", "gender": "male", "lastName": "gan", "id": "2968612", "bio": "", "photo": {"prefix": "https://igx.4sqi.net/img/user/", "suffix": "/AA4LDF4DTO4FHXF5.jpg"}, "homeCity": "Singapore", "lists": {"groups": [{"items": [], "count": 2, "type": "created"}]}}, {"tips": {"count": 0}, "contact": {}, "firstName": "Susan Meow", "gender": "female", "id": "1167026", "bio": "", "photo": {"prefix": "https://igx.4sqi.net/img/user/", "suffix": "/1167026-LFNFZYFHKRNK5OVF.jpg"}, "homeCity": "Sengkang, Singapore", "lists": {"groups": [{"items": [], "count": 2, "type": "created"}]}}, {"tips": {"count": 2}, "contact": {}, "firstName": "James", "gender": "male", "lastName": "Wan", "id": "2371190", "bio": "", "photo": {"prefix": "https://igx.4sqi.net/img/user/", "suffix": "/XGLSP11RGYLICVIZ.jpg"}, "homeCity": "Singapore", "lists": {"groups": [{"items": [], "count": 2, "type": "created"}]}}, {"tips": {"count": 0}, "contact": {"facebook": "801623997"}, "firstName": "Shir", "gender": "female", "lastName": "A", "id": "4182063", "bio": "", "photo": {"prefix": "https://igx.4sqi.net/img/user/", "suffix": "/4182063-JEFV5DCUHI0YLYRJ.jpg"}, "homeCity": "Singapore", "lists": {"groups": [{"items": [], "count": 2, "type": "created"}]}}, {"tips": {"count": 1}, "contact": {"twitter": "sethie_poo", "facebook": "586138899"}, "firstName": "Kenny", "gender": "male", "lastName": "Leow", "id": "996748", "bio": "", "photo": {"prefix": "https://igx.4sqi.net/img/user/", "suffix": "/BIH031WOY0EMX2Q0.jpg"}, "homeCity": "Singapore", "lists": {"groups": [{"items": [], "count": 2, "type": "created"}]}}, {"tips": {"count": 0}, "contact": {}, "firstName": "Sean", "gender": "male", "lastName": "Chay", "id": "7902540", "bio": "", "photo": {"prefix": "https://igx.4sqi.net/img/user/", "suffix": "/LVREBMHYFJ43RRU3.jpg"}, "homeCity": "New York, NY", "lists": {"groups": [{"items": [], "count": 2, "type": "created"}]}}, {"tips": {"count": 0}, "contact": {"twitter": "leslielcw", "facebook": "645925554"}, "firstName": "Leslie", "gender": "male", "lastName": "Lim", "id": "1983097", "bio": "", "photo": {"prefix": "https://igx.4sqi.net/img/user/", "suffix": "/blank_boy.png", "default": true}, "homeCity": "Ang Mo Kio, Singapore", "lists": {"groups": [{"items": [], "count": 2, "type": "created"}]}}, {"tips": {"count": 1}, "contact": {}, "firstName": "Andrea", "gender": "female", "lastName": "Lin", "id": "1073130", "bio": "", "photo": {"prefix": "https://igx.4sqi.net/img/user/", "suffix": "/MBEXBVQ1BBOPRT34.jpg"}, "homeCity": "Singapore", "lists": {"groups": [{"items": [], "count": 2, "type": "created"}]}}, {"tips": {"count": 0}, "contact": {"facebook": "538468563"}, "firstName": "Ronnie", "gender": "male", "lastName": "Lee", "id": "3263746", "bio": "", "photo": {"prefix": "https://igx.4sqi.net/img/user/", "suffix": "/30YOBLWSGRKPPP4W.jpg"}, "homeCity": "Singapore", "lists": {"groups": [{"items": [], "count": 2, "type": "created"}]}}, {"tips": {"count": 3}, "contact": {"twitter": "evejumsai", "facebook": "1176951497"}, "firstName": "Oop-ifZ", "gender": "female", "lastName": "Jumsai Na Ayudhya", "id": "32892256", "bio": "Singer/Vocal.", "photo": {"prefix": "https://igx.4sqi.net/img/user/", "suffix": "/32892256-4CXDSPGVBM1LEK0G.jpg"}, "homeCity": "Singapore, Singapore", "lists": {"groups": [{"items": [], "count": 4, "type": "created"}]}}, {"tips": {"count": 1}, "contact": {"facebook": "725272665"}, "firstName": "Esther", "gender": "female", "lastName": "Chan", "id": "27166622", "bio": "", "photo": {"prefix": "https://igx.4sqi.net/img/user/", "suffix": "/HSSECOZNEKZQFU0T.jpg"}, "homeCity": "New York, NY", "lists": {"groups": [{"items": [], "count": 2, "type": "created"}]}}, {"tips": {"count": 0}, "contact": {}, "firstName": "Dan", "gender": "male", "lastName": "Ghy", "id": "30845379", "bio": "Just duno hw to describe & explain abt myself.But jus wanna say im jus a normal guy on the street that i dun think any1 will take any notice @ all.", "photo": {"prefix": "https://igx.4sqi.net/img/user/", "suffix": "/VV3WWBJVLWKAJ3IS.jpg"}, "homeCity": "SINGAPORE", "lists": {"groups": [{"items": [], "count": 2, "type": "created"}]}}, {"tips": {"count": 2}, "contact": {"facebook": "537871793"}, "firstName": "Andrew", "gender": "male", "lastName": "Chew", "id": "4644730", "bio": "", "photo": {"prefix": "https://igx.4sqi.net/img/user/", "suffix": "/01WKMJQ53ALBTEWN.jpg"}, "homeCity": "Singapore", "lists": {"groups": [{"items": [], "count": 2, "type": "created"}]}}, {"tips": {"count": 11}, "contact": {"facebook": "620547805"}, "firstName": "Johnny", "gender": "male", "lastName": "DaVas", "id": "4523100", "bio": "", "photo": {"prefix": "https://igx.4sqi.net/img/user/", "suffix": "/YDUNWBQRFMFUUX1N.jpg"}, "homeCity": "Singapore", "lists": {"groups": [{"items": [], "count": 2, "type": "created"}]}}, {"tips": {"count": 0}, "contact": {"facebook": "631596450"}, "firstName": "Huang jian yong", "gender": "male", "lastName": "Hope", "id": "5812790", "bio": "", "photo": {"prefix": "https://igx.4sqi.net/img/user/", "suffix": "/XQLJAJBNRJCQSAYC.jpg"}, "homeCity": "Singapore", "lists": {"groups": [{"items": [], "count": 2, "type": "created"}]}}, {"tips": {"count": 0}, "contact": {"twitter": "evayingz", "facebook": "623395091"}, "firstName": "Eva", "gender": "female", "lastName": "Tuan", "id": "3583676", "bio": "", "photo": {"prefix": "https://igx.4sqi.net/img/user/", "suffix": "/VPR1OG1CMDLFIYPQ.jpg"}, "homeCity": "Singapore", "lists": {"groups": [{"items": [], "count": 2, "type": "created"}]}}, {"tips": {"count": 0}, "contact": {"facebook": "679623792"}, "firstName": "Sylvia pang", "gender": "female", "id": "4578226", "bio": "", "photo": {"prefix": "https://igx.4sqi.net/img/user/", "suffix": "/SHXZ3KYLIDIJALZR.jpg"}, "homeCity": "Singapore", "lists": {"groups": [{"items": [], "count": 2, "type": "created"}]}}, {"tips": {"count": 2}, "contact": {}, "firstName": "Gillin", "gender": "female", "lastName": "Ping", "id": "2912739", "bio": "", "photo": {"prefix": "https://igx.4sqi.net/img/user/", "suffix": "/RMHX2LMW1QRW4DVF.jpg"}, "homeCity": "Singapore", "lists": {"groups": [{"items": [], "count": 2, "type": "created"}]}}, {"tips": {"count": 0}, "contact": {}, "firstName": "Selina", "gender": "female", "lastName": "Ong", "id": "5028472", "bio": "", "photo": {"prefix": "https://igx.4sqi.net/img/user/", "suffix": "/SUFLUYN3T50NCWYF.jpg"}, "homeCity": "Singapore", "lists": {"groups": [{"items": [], "count": 2, "type": "created"}]}}, {"tips": {"count": 0}, "contact": {}, "firstName": "Janneve", "gender": "female", "lastName": "Lee", "id": "3793904", "bio": "", "photo": {"prefix": "https://igx.4sqi.net/img/user/", "suffix": "/4YTJRNKNU03F0VUV.jpg"}, "homeCity": "Singapore", "lists": {"groups": [{"items": [], "count": 2, "type": "created"}]}}, {"tips": {"count": 1}, "contact": {"facebook": "1188590465"}, "firstName": "Katie", "gender": "female", "lastName": "Dang", "id": "14221326", "bio": "", "photo": {"prefix": "https://igx.4sqi.net/img/user/", "suffix": "/Y2ENN4NBOQBZIXBL.jpg"}, "homeCity": "Vietnam", "lists": {"groups": [{"items": [], "count": 2, "type": "created"}]}}, {"tips": {"count": 0}, "contact": {"facebook": "528223268"}, "firstName": "Joanne", "gender": "female", "lastName": "Wong", "id": "4229385", "bio": "", "photo": {"prefix": "https://igx.4sqi.net/img/user/", "suffix": "/X3D3FGA2DCTS2ZHR.jpg"}, "homeCity": "Singapore", "lists": {"groups": [{"items": [], "count": 2, "type": "created"}]}}, {"tips": {"count": 1}, "contact": {"twitter": "rennylui", "facebook": "719352398"}, "firstName": "renny", "gender": "none", "lastName": "lui", "id": "1105905", "bio": "", "photo": {"prefix": "https://igx.4sqi.net/img/user/", "suffix": "/blank_boy.png", "default": true}, "homeCity": "Clementi, Singapore", "lists": {"groups": [{"items": [], "count": 2, "type": "created"}]}}, {"tips": {"count": 0}, "contact": {"facebook": "501012716"}, "firstName": "Richard", "gender": "male", "lastName": "Ngiam", "id": "3395159", "bio": "Hi! Will you be my friend?", "photo": {"prefix": "https://igx.4sqi.net/img/user/", "suffix": "/TSLW4NRZVP4XK53I.jpg"}, "homeCity": "Asia Pacific", "lists": {"groups": [{"items": [], "count": 2, "type": "created"}]}}, {"tips": {"count": 0}, "contact": {}, "firstName": "Ashley", "gender": "female", "id": "6242081", "bio": "", "photo": {"prefix": "https://igx.4sqi.net/img/user/", "suffix": "/0GUBGHDJDBDGBR4Z.jpg"}, "homeCity": "Singapore", "lists": {"groups": [{"items": [], "count": 2, "type": "created"}]}}, {"tips": {"count": 0}, "contact": {"facebook": "806059932"}, "firstName": "Rena", "gender": "female", "lastName": "Yang", "id": "4527662", "bio": "", "photo": {"prefix": "https://igx.4sqi.net/img/user/", "suffix": "/blank_girl.png", "default": true}, "homeCity": "Singapore", "lists": {"groups": [{"items": [], "count": 2, "type": "created"}]}}, {"tips": {"count": 0}, "contact": {"facebook": "10154735341969629"}, "firstName": "Mohammad Aidil", "gender": "male", "lastName": "Dolrahim", "id": "3597116", "bio": "", "photo": {"prefix": "https://igx.4sqi.net/img/user/", "suffix": "/ZNTJ4CLJC5VXB5TQ.jpg"}, "homeCity": "Singapore", "lists": {"groups": [{"items": [], "count": 2, "type": "created"}]}}, {"tips": {"count": 0}, "contact": {}, "firstName": "Matthias", "gender": "male", "lastName": "Lee", "id": "5166086", "bio": "", "photo": {"prefix": "https://igx.4sqi.net/img/user/", "suffix": "/CS5SI5SLZE4C51KG.jpg"}, "homeCity": "Singapore", "lists": {"groups": [{"items": [], "count": 2, "type": "created"}]}}, {"tips": {"count": 0}, "contact": {"twitter": "fredggy", "facebook": "704246076"}, "firstName": "Freddy", "gender": "male", "lastName": "Heng", "id": "3630517", "bio": "", "photo": {"prefix": "https://igx.4sqi.net/img/user/", "suffix": "/CWPPKS12RKC3XZL3.jpg"}, "homeCity": "Singapore", "lists": {"groups": [{"items": [], "count": 2, "type": "created"}]}}, {"tips": {"count": 2}, "contact": {}, "firstName": "Keith", "gender": "male", "lastName": "He", "id": "5363032", "bio": "", "photo": {"prefix": "https://igx.4sqi.net/img/user/", "suffix": "/CZCDCEJR33GWENHC.jpg"}, "homeCity": "Singapore", "lists": {"groups": [{"items": [], "count": 2, "type": "created"}]}}, {"tips": {"count": 1}, "contact": {"facebook": "100001881388234"}, "firstName": "Nadear", "gender": "female", "lastName": "C -Za", "id": "23162534", "bio": "", "photo": {"prefix": "https://igx.4sqi.net/img/user/", "suffix": "/QTOEQ2TBATQZ3BSA.jpg"}, "homeCity": "", "lists": {"groups": [{"items": [], "count": 2, "type": "created"}]}}, {"tips": {"count": 0}, "contact": {"facebook": "818515741"}, "firstName": "Maneerat", "gender": "female", "lastName": "Suanprasert", "id": "21119799", "bio": "", "photo": {"prefix": "https://igx.4sqi.net/img/user/", "suffix": "/WIITXVBXREAD0FNY.jpg"}, "homeCity": "New York, NY", "lists": {"groups": [{"items": [], "count": 2, "type": "created"}]}}, {"tips": {"count": 3}, "contact": {"facebook": "507191411"}, "firstName": "Wan simin", "gender": "female", "lastName": "Cecelia", "id": "4861707", "bio": "", "photo": {"prefix": "https://igx.4sqi.net/img/user/", "suffix": "/4AVBYEH2C2RZDVF4.jpg"}, "homeCity": "Singapore", "lists": {"groups": [{"items": [], "count": 2, "type": "created"}]}}, {"tips": {"count": 6}, "contact": {"twitter": "sisaricantiq", "facebook": "10210368808759468"}, "firstName": "Sari", "gender": "female", "lastName": "Zuchri", "id": "1459818", "bio": "", "photo": {"prefix": "https://igx.4sqi.net/img/user/", "suffix": "/1459818-2LDJ4UVDVCWNJDAE.jpg"}, "homeCity": "Cipete", "lists": {"groups": [{"items": [], "count": 2, "type": "created"}]}}, {"tips": {"count": 0}, "contact": {}, "firstName": "Ai Wen", "gender": "female", "lastName": "Chung", "id": "3395196", "bio": "", "photo": {"prefix": "https://igx.4sqi.net/img/user/", "suffix": "/MY4SJPB30SDTBQTL.jpg"}, "homeCity": "Singapore", "lists": {"groups": [{"items": [], "count": 2, "type": "created"}]}}, {"tips": {"count": 1}, "contact": {"facebook": "827895593"}, "firstName": "Joanne", "gender": "female", "lastName": "Sim", "id": "11965290", "bio": "", "photo": {"prefix": "https://igx.4sqi.net/img/user/", "suffix": "/11965290-BTKKCDKN4KWDT3RP.jpg"}, "homeCity": "", "lists": {"groups": [{"items": [], "count": 2, "type": "created"}]}}, {"tips": {"count": 6}, "contact": {"twitter": "fowj", "facebook": "572547786"}, "firstName": "Frederic", "gender": "male", "lastName": "Ong", "id": "7047479", "bio": "", "photo": {"prefix": "https://igx.4sqi.net/img/user/", "suffix": "/UPSQYSL3I1WBTBQT.jpg"}, "homeCity": "Singapore", "lists": {"groups": [{"items": [], "count": 2, "type": "created"}]}}, {"tips": {"count": 0}, "contact": {"facebook": "585385777"}, "firstName": "Sebastian", "gender": "male", "id": "3656118", "bio": "", "photo": {"prefix": "https://igx.4sqi.net/img/user/", "suffix": "/CKXEKGETKF0NFSLC.jpg"}, "homeCity": "Singapore", "lists": {"groups": [{"items": [], "count": 2, "type": "created"}]}}, {"tips": {"count": 0}, "contact": {"facebook": "776528495"}, "firstName": "Matthias", "gender": "male", "lastName": "Lee", "id": "5179681", "bio": "", "photo": {"prefix": "https://igx.4sqi.net/img/user/", "suffix": "/BDCUDKHJRJYWM2UX.jpg"}, "homeCity": "Singapore", "lists": {"groups": [{"items": [], "count": 2, "type": "created"}]}}, {"tips": {"count": 1}, "contact": {"facebook": "530119481"}, "firstName": "Xavi", "gender": "male", "lastName": "Lee", "id": "3752754", "bio": "", "photo": {"prefix": "https://igx.4sqi.net/img/user/", "suffix": "/QRPNRY4MHHPBWRTW.jpg"}, "homeCity": "Singapore", "lists": {"groups": [{"items": [], "count": 2, "type": "created"}]}}, {"tips": {"count": 0}, "contact": {"facebook": "1254514311"}, "firstName": "Jupjip", "gender": "female", "lastName": "Kanoklug", "id": "23168757", "bio": "", "photo": {"prefix": "https://igx.4sqi.net/img/user/", "suffix": "/QOVIAJPWNO1WUXOB.jpg"}, "homeCity": "", "lists": {"groups": [{"items": [], "count": 2, "type": "created"}]}}, {"tips": {"count": 18}, "contact": {"twitter": "dionysusyeo", "facebook": "677957427"}, "firstName": "Dionysus", "gender": "male", "lastName": "Yeo", "id": "1651442", "bio": "", "photo": {"prefix": "https://igx.4sqi.net/img/user/", "suffix": "/F5A1HCXDXSGIXNJY.jpg"}, "homeCity": "Singapore", "lists": {"groups": [{"items": [], "count": 3, "type": "created"}]}}, {"tips": {"count": 3}, "contact": {"twitter": "bfgq", "facebook": "725427433"}, "firstName": "Brandon", "gender": "male", "lastName": "Feng", "id": "3395387", "bio": "", "photo": {"prefix": "https://igx.4sqi.net/img/user/", "suffix": "/S2Y1LUAAEMIHUMNV.jpg"}, "homeCity": "Singapore", "lists": {"groups": [{"items": [], "count": 2, "type": "created"}]}}, {"tips": {"count": 0}, "contact": {"twitter": "kai20ku", "facebook": "790669595"}, "firstName": "Zahari", "gender": "male", "lastName": "Rahim", "id": "48979600", "bio": "", "photo": {"prefix": "https://igx.4sqi.net/img/user/", "suffix": "/UQ5XTJPFG2PZMP4Z.jpg"}, "homeCity": "New York, NY", "lists": {"groups": [{"items": [], "count": 2, "type": "created"}]}}, {"tips": {"count": 0}, "contact": {"facebook": "580183751"}, "firstName": "Lau", "gender": "male", "lastName": "Liang", "id": "7148351", "bio": "", "photo": {"prefix": "https://igx.4sqi.net/img/user/", "suffix": "/ERHLKJ25DBNGGGZK.jpg"}, "homeCity": "Singapore", "lists": {"groups": [{"items": [], "count": 2, "type": "created"}]}}, {"tips": {"count": 10}, "contact": {"twitter": "get_creative"}, "firstName": "Lawrence", "gender": "male", "lastName": "Zhuang", "id": "7893033", "bio": "", "photo": {"prefix": "https://igx.4sqi.net/img/user/", "suffix": "/7893033-2O4522KO5D4EQ1KE.jpg"}, "homeCity": "Singapore", "lists": {"groups": [{"items": [], "count": 2, "type": "created"}]}}, {"tips": {"count": 0}, "contact": {"facebook": "577728695"}, "firstName": "Valerie", "gender": "female", "lastName": "Zhin", "id": "47188957", "bio": "", "photo": {"prefix": "https://igx.4sqi.net/img/user/", "suffix": "/MRZ44312RMGSOQTL.jpg"}, "homeCity": "New York, NY", "lists": {"groups": [{"items": [], "count": 2, "type": "created"}]}}, {"tips": {"count": 0}, "contact": {"facebook": "714663202"}, "firstName": "Jackie", "gender": "female", "lastName": "Su", "id": "54328384", "bio": "", "photo": {"prefix": "https://igx.4sqi.net/img/user/", "suffix": "/IVZNW3RTTU5N51HN.jpg"}, "homeCity": "Beijing, 22", "lists": {"groups": [{"items": [], "count": 2, "type": "created"}]}}, {"tips": {"count": 7}, "contact": {"facebook": "607767762"}, "firstName": "Dios", "gender": "male", "lastName": "Chae", "id": "2231753", "bio": "", "photo": {"prefix": "https://igx.4sqi.net/img/user/", "suffix": "/FSOMKULUJUAOUQBM.jpg"}, "homeCity": "Singapore, ", "lists": {"groups": [{"items": [], "count": 2, "type": "created"}]}}, {"tips": {"count": 0}, "contact": {"twitter": "adelineeg", "facebook": "617023186"}, "firstName": "Adeline", "gender": "female", "lastName": "Goh", "id": "3726207", "bio": "", "photo": {"prefix": "https://igx.4sqi.net/img/user/", "suffix": "/YKHHI0NGX3OPX1F3.jpg"}, "homeCity": "Singapore", "lists": {"groups": [{"items": [], "count": 2, "type": "created"}]}}, {"tips": {"count": 46}, "contact": {"twitter": "singingcoconut", "facebook": "10153992275467299"}, "firstName": "Wabbit", "gender": "female", "lastName": "SingingCoconut", "id": "7799983", "bio": "Http://fb.com/nathaliebluesc", "photo": {"prefix": "https://igx.4sqi.net/img/user/", "suffix": "/T2UQP30SFI1CUYOW.jpg"}, "homeCity": "Singapore", "lists": {"groups": [{"items": [], "count": 3, "type": "created"}]}}, {"tips": {"count": 4}, "contact": {"facebook": "10153140367454483"}, "firstName": "Tolga", "gender": "male", "lastName": "Y\u00fcksel", "id": "42494060", "bio": "\ud83e\udd14", "photo": {"prefix": "https://igx.4sqi.net/img/user/", "suffix": "/42494060_KmbL2OAx_y06CQJniktcR8BeB-7WMQ6lbsRMt7QqkdyUSxyfgibq3sz36FHKzHB5A0MdQ3VAJ.jpg"}, "homeCity": "Izmir", "lists": {"groups": [{"items": [], "count": 2, "type": "created"}]}}, {"tips": {"count": 29}, "contact": {"twitter": "dahtank", "facebook": "660805886"}, "firstName": "Daryl", "gender": "male", "lastName": "Tang", "id": "3016957", "bio": "", "photo": {"prefix": "https://igx.4sqi.net/img/user/", "suffix": "/3016957-GSPXRFWXYY4IRNE1.jpg"}, "homeCity": "Singapore", "lists": {"groups": [{"items": [], "count": 2, "type": "created"}]}}, {"tips": {"count": 0}, "contact": {}, "firstName": "eLFy", "gender": "none", "id": "3879759", "bio": "", "photo": {"prefix": "https://igx.4sqi.net/img/user/", "suffix": "/CHJWXOHW13DJAFQE.jpg"}, "homeCity": "Singapore", "lists": {"groups": [{"items": [], "count": 2, "type": "created"}]}}, {"tips": {"count": 0}, "contact": {}, "firstName": "Chris", "gender": "male", "lastName": "Ang", "id": "7804469", "bio": "", "photo": {"prefix": "https://igx.4sqi.net/img/user/", "suffix": "/AL1VUS03Q0CDZ0RA.jpg"}, "homeCity": "Singapore", "lists": {"groups": [{"items": [], "count": 2, "type": "created"}]}}, {"tips": {"count": 0}, "contact": {"facebook": "677225258"}, "firstName": "Edwin", "gender": "male", "lastName": "Neo", "id": "3119803", "bio": "", "photo": {"prefix": "https://igx.4sqi.net/img/user/", "suffix": "/1BT22OWQQKUULGS3.jpg"}, "homeCity": "Singapore", "lists": {"groups": [{"items": [], "count": 2, "type": "created"}]}}, {"tips": {"count": 0}, "contact": {"twitter": "amandaztruly", "facebook": "1015652391"}, "firstName": "Amanda", "gender": "female", "lastName": "Pang", "id": "3881662", "bio": "", "photo": {"prefix": "https://igx.4sqi.net/img/user/", "suffix": "/PB3RVGUVSVUUNZOS.jpg"}, "homeCity": "Singapore", "lists": {"groups": [{"items": [], "count": 2, "type": "created"}]}}, {"tips": {"count": 18}, "contact": {"twitter": "sjisabadgirl"}, "firstName": "Strawberry", "gender": "female", "lastName": "Jolin", "id": "3187424", "bio": "", "photo": {"prefix": "https://igx.4sqi.net/img/user/", "suffix": "/D02ZDJOQEHTNIMZK.jpg"}, "homeCity": "Singapore", "lists": {"groups": [{"items": [], "count": 3, "type": "created"}]}}, {"tips": {"count": 2}, "contact": {}, "firstName": "Sandra", "gender": "none", "id": "3882113", "bio": "", "photo": {"prefix": "https://igx.4sqi.net/img/user/", "suffix": "/CTJMHGHLUYOTQYDO.jpg"}, "homeCity": "New York, NY", "lists": {"groups": [{"items": [], "count": 2, "type": "created"}]}}, {"tips": {"count": 0}, "contact": {"facebook": "720469634"}, "firstName": "Charisselim", "gender": "female", "id": "3220199", "bio": "", "photo": {"prefix": "https://igx.4sqi.net/img/user/", "suffix": "/FWJLM3TX3SEJMRIM.jpg"}, "homeCity": "Singapore", "lists": {"groups": [{"items": [], "count": 2, "type": "created"}]}}, {"tips": {"count": 3}, "contact": {"twitter": "puriku_pure", "facebook": "1277971676"}, "firstName": "PU\u00aeIKU\u2122", "gender": "female", "id": "4690591", "bio": "", "photo": {"prefix": "https://igx.4sqi.net/img/user/", "suffix": "/EH4ZR25YWE0CAT0S.jpg"}, "homeCity": "Bangkok  Thailand ", "lists": {"groups": [{"items": [], "count": 2, "type": "created"}]}}, {"tips": {"count": 0}, "contact": {"facebook": "642066416"}, "firstName": "Chantel", "gender": "female", "lastName": "Hong", "id": "3235635", "bio": "", "photo": {"prefix": "https://igx.4sqi.net/img/user/", "suffix": "/YMEHL2LX2HJTMIK3.jpg"}, "homeCity": "Singapore", "lists": {"groups": [{"items": [], "count": 2, "type": "created"}]}}, {"tips": {"count": 0}, "contact": {}, "firstName": "Yang", "gender": "female", "lastName": "Candy", "id": "6326031", "bio": "", "photo": {"prefix": "https://igx.4sqi.net/img/user/", "suffix": "/0REK43GOXHFZZLAQ.jpg"}, "homeCity": "Singapore", "lists": {"groups": [{"items": [], "count": 2, "type": "created"}]}}, {"tips": {"count": 0}, "contact": {"facebook": "719916905"}, "firstName": "Shuting", "gender": "female", "id": "3376942", "bio": "", "photo": {"prefix": "https://igx.4sqi.net/img/user/", "suffix": "/0V4JOE04AAI0ZTI1.jpg"}, "homeCity": "Singapore", "lists": {"groups": [{"items": [], "count": 2, "type": "created"}]}}, {"tips": {"count": 3}, "contact": {"facebook": "690736883"}, "firstName": "Silver", "gender": "female", "lastName": "Yeo", "id": "3377892", "bio": "", "photo": {"prefix": "https://igx.4sqi.net/img/user/", "suffix": "/SWSHUWNEXW1W0JQG.jpg"}, "homeCity": "Singapore", "lists": {"groups": [{"items": [], "count": 2, "type": "created"}]}}, {"tips": {"count": 0}, "contact": {"twitter": "fade1987", "facebook": "529904351"}, "firstName": "Sharlene", "gender": "female", "lastName": "Fade", "id": "3412039", "bio": "", "photo": {"prefix": "https://igx.4sqi.net/img/user/", "suffix": "/N3QCHLLXXHB3KJXH.jpg"}, "homeCity": "Singapore", "lists": {"groups": [{"items": [], "count": 2, "type": "created"}]}}, {"tips": {"count": 1}, "contact": {"facebook": "840081596"}, "firstName": "Matthew", "gender": "male", "lastName": "Lim", "id": "4081863", "bio": "", "photo": {"prefix": "https://igx.4sqi.net/img/user/", "suffix": "/5IYYBVSBFGN1QPIQ.jpg"}, "homeCity": "Singapore", "lists": {"groups": [{"items": [], "count": 2, "type": "created"}]}}, {"tips": {"count": 0}, "contact": {}, "firstName": "Angeline", "gender": "female", "lastName": "Liu", "id": "4093551", "bio": "", "photo": {"prefix": "https://igx.4sqi.net/img/user/", "suffix": "/RHNQKRP3QMVCJEXL.jpg"}, "homeCity": "Singapore", "lists": {"groups": [{"items": [], "count": 2, "type": "created"}]}}, {"tips": {"count": 0}, "contact": {"facebook": "788362831"}, "firstName": "Bernice", "gender": "female", "id": "4602233", "bio": "", "photo": {"prefix": "https://igx.4sqi.net/img/user/", "suffix": "/blank_girl.png", "default": true}, "homeCity": "Singapore", "lists": {"groups": [{"items": [], "count": 2, "type": "created"}]}}, {"tips": {"count": 0}, "contact": {}, "firstName": "Darren", "gender": "male", "lastName": "Chiu", "id": "4731132", "bio": "", "photo": {"prefix": "https://igx.4sqi.net/img/user/", "suffix": "/blank_boy.png", "default": true}, "homeCity": "Singapore", "lists": {"groups": [{"items": [], "count": 2, "type": "created"}]}}, {"tips": {"count": 0}, "contact": {"facebook": "640863554"}, "firstName": "Leona", "gender": "female", "lastName": "Lim", "id": "5002534", "bio": "", "photo": {"prefix": "https://igx.4sqi.net/img/user/", "suffix": "/2BQ4WL0S2SNWPIVP.jpg"}, "homeCity": "Singapore", "lists": {"groups": [{"items": [], "count": 2, "type": "created"}]}}, {"tips": {"count": 0}, "contact": {}, "firstName": "Candy", "gender": "female", "lastName": "Teo", "id": "5007081", "bio": "", "photo": {"prefix": "https://igx.4sqi.net/img/user/", "suffix": "/CIGJB2QKZOLDPUMA.jpg"}, "homeCity": "Singapore", "lists": {"groups": [{"items": [], "count": 2, "type": "created"}]}}, {"tips": {"count": 3}, "contact": {"facebook": "668128299"}, "firstName": "Izat", "gender": "male", "lastName": "Rahmat", "id": "5131522", "bio": "", "photo": {"prefix": "https://igx.4sqi.net/img/user/", "suffix": "/TF3MSBQDED1FEFRL.jpg"}, "homeCity": "Singapore", "lists": {"groups": [{"items": [], "count": 2, "type": "created"}]}}], "count": 82}, "checksum": "8a51bdc3d266c2a96fc7f93b5d31842391e5d0dd"}, "meta": {"requestId": "596622226a607114396b6d65", "code": 200}}