{"notifications": [{"type": "notificationTray", "item": {"unreadCount": 0}}], "response": {"friends": {"items": [{"tips": {"count": 8}, "contact": {"twitter": "blurhoney", "facebook": "286862348347157"}, "firstName": "Blurhoney", "gender": "female", "lastName": "...", "id": "1347286", "bio": "", "photo": {"prefix": "https://igx.4sqi.net/img/user/", "suffix": "/1347286_SKH3q9gg_pE9PCuXkm6-ZBxattSdv7NygU4tTeSOa-WLECBTvqdDA8biOfNr0E5eBxCOWJf5g.jpg"}, "homeCity": "City, Singapore", "lists": {"groups": [{"items": [], "count": 2, "type": "created"}]}}, {"tips": {"count": 0}, "contact": {"facebook": "697498307"}, "firstName": "Leon", "gender": "male", "lastName": "Ng", "id": "1850709", "bio": "", "photo": {"prefix": "https://igx.4sqi.net/img/user/", "suffix": "/TWQSII5TOMN1TYYK.jpg"}, "homeCity": "Singapore", "lists": {"groups": [{"items": [], "count": 2, "type": "created"}]}}, {"tips": {"count": 18}, "contact": {"twitter": "jaliboyruder", "facebook": "1105744315"}, "firstName": "Jaliboy\u2122[LCN]", "gender": "male", "lastName": "Ruder", "id": "2908789", "bio": "", "photo": {"prefix": "https://igx.4sqi.net/img/user/", "suffix": "/02ZCRWW0GW4SRI3F.jpg"}, "homeCity": "Singapore", "lists": {"groups": [{"items": [], "count": 2, "type": "created"}]}}, {"tips": {"count": 0}, "contact": {"facebook": "740581453"}, "firstName": "Edmund", "gender": "male", "lastName": "Ong", "id": "1665503", "bio": "", "photo": {"prefix": "https://igx.4sqi.net/img/user/", "suffix": "/1665503-DCIJCSU1XKJ4HYOU.jpg"}, "homeCity": "Singapore", "lists": {"groups": [{"items": [], "count": 2, "type": "created"}]}}, {"tips": {"count": 8}, "contact": {"twitter": "iamnothuifen"}, "firstName": "Huifen X", "gender": "female", "lastName": "Huifen", "id": "3337992", "bio": "", "photo": {"prefix": "https://igx.4sqi.net/img/user/", "suffix": "/E2C0YXELYGCJI1AR.jpg"}, "homeCity": "Singapore", "lists": {"groups": [{"items": [], "count": 2, "type": "created"}]}}, {"tips": {"count": 0}, "contact": {"twitter": "sarahannlim", "facebook": "828885636"}, "firstName": "Sarah Ann", "gender": "female", "lastName": "Lim", "id": "1907397", "bio": "", "photo": {"prefix": "https://igx.4sqi.net/img/user/", "suffix": "/Y2UEP4TMU3CDPGFI.jpg"}, "homeCity": "Singapore", "lists": {"groups": [{"items": [], "count": 2, "type": "created"}]}}, {"tips": {"count": 8}, "contact": {}, "firstName": "Cres", "gender": "none", "id": "1763346", "bio": "", "photo": {"prefix": "https://igx.4sqi.net/img/user/", "suffix": "/MGYWCAH2JH4Z5FJM.jpg"}, "homeCity": "Singapore", "lists": {"groups": [{"items": [], "count": 2, "type": "created"}]}}, {"tips": {"count": 0}, "contact": {"facebook": "752327835"}, "firstName": "Yong Choon", "gender": "male", "id": "876629", "bio": "", "photo": {"prefix": "https://igx.4sqi.net/img/user/", "suffix": "/VG1DXDP53NYQNO1S.jpg"}, "homeCity": "Singapore", "lists": {"groups": [{"items": [], "count": 2, "type": "created"}]}}, {"tips": {"count": 0}, "contact": {"twitter": "supremefalfen", "facebook": "515174530"}, "firstName": "Falfen", "gender": "male", "lastName": "Fernadez", "id": "2442889", "bio": "", "photo": {"prefix": "https://igx.4sqi.net/img/user/", "suffix": "/JVNTPGPFOPJXAWC2.jpg"}, "homeCity": "Singapore", "lists": {"groups": [{"items": [], "count": 2, "type": "created"}]}}, {"tips": {"count": 10}, "contact": {}, "firstName": "Nicholas", "gender": "male", "lastName": "Tan", "id": "1491570", "bio": "", "photo": {"prefix": "https://igx.4sqi.net/img/user/", "suffix": "/4WTGNULDULC4DNAC.jpg"}, "homeCity": "Potong Pasir, Singapore", "lists": {"groups": [{"items": [], "count": 2, "type": "created"}]}}, {"tips": {"count": 2}, "contact": {"facebook": "541185136"}, "firstName": "Tommy", "gender": "male", "lastName": "Wong", "id": "1869535", "bio": "", "photo": {"prefix": "https://igx.4sqi.net/img/user/", "suffix": "/POEKSGQO3VSKAGKR.jpg"}, "homeCity": "Singapore", "lists": {"groups": [{"items": [], "count": 2, "type": "created"}]}}, {"tips": {"count": 0}, "contact": {"twitter": "evanczx", "facebook": "555514806"}, "firstName": "Evan", "gender": "male", "lastName": "Chua", "id": "2919360", "bio": "", "photo": {"prefix": "https://igx.4sqi.net/img/user/", "suffix": "/BRODGCP3ECEX5SHT.jpg"}, "homeCity": "Singapore", "lists": {"groups": [{"items": [], "count": 2, "type": "created"}]}}, {"tips": {"count": 0}, "contact": {"facebook": "684402274"}, "firstName": "Charlene", "gender": "female", "lastName": "Chia", "id": "3450211", "bio": "", "photo": {"prefix": "https://igx.4sqi.net/img/user/", "suffix": "/blank_girl.png", "default": true}, "homeCity": "Singapore", "lists": {"groups": [{"items": [], "count": 2, "type": "created"}]}}, {"tips": {"count": 11}, "contact": {"twitter": "lynn_y", "facebook": "884300112"}, "firstName": "yeoh", "gender": "female", "lastName": "lynn", "id": "2145469", "bio": "", "photo": {"prefix": "https://igx.4sqi.net/img/user/", "suffix": "/02TUDSG4DL0NF0QI.jpg"}, "homeCity": "Singapore", "lists": {"groups": [{"items": [], "count": 2, "type": "created"}]}}, {"tips": {"count": 0}, "contact": {"twitter": "egnatius", "facebook": "832183728"}, "firstName": "Egnatius", "gender": "male", "lastName": "Jae", "id": "1022815", "bio": "", "photo": {"prefix": "https://igx.4sqi.net/img/user/", "suffix": "/255IL2GEHSNXDJRP.jpg"}, "homeCity": "Queenstown, Singapore", "lists": {"groups": [{"items": [], "count": 2, "type": "created"}]}}, {"tips": {"count": 1}, "contact": {"facebook": "505255800"}, "firstName": "Lane", "gender": "female", "lastName": "Tan", "id": "2620038", "bio": "", "photo": {"prefix": "https://igx.4sqi.net/img/user/", "suffix": "/VTCE51RJ4HQKE4XH.jpg"}, "homeCity": "Singapore", "lists": {"groups": [{"items": [], "count": 2, "type": "created"}]}}, {"tips": {"count": 0}, "contact": {"twitter": "caslin090904", "facebook": "645350695"}, "firstName": "Caslin", "gender": "female", "lastName": "belle", "id": "2153238", "bio": "", "photo": {"prefix": "https://igx.4sqi.net/img/user/", "suffix": "/ZNBBMLE2FJSX5N3X.jpg"}, "homeCity": "Pair Ris, Singapore", "lists": {"groups": [{"items": [], "count": 2, "type": "created"}]}}, {"tips": {"count": 0}, "contact": {}, "firstName": "Lina", "gender": "female", "lastName": "Lina", "id": "2836060", "bio": "", "photo": {"prefix": "https://igx.4sqi.net/img/user/", "suffix": "/UWNT1LHT3ZK0AACT.jpg"}, "homeCity": "Singapore", "lists": {"groups": [{"items": [], "count": 2, "type": "created"}]}}, {"tips": {"count": 1}, "contact": {"twitter": "joseslow", "facebook": "766470438"}, "firstName": "Joses Low", "gender": "male", "id": "2925133", "bio": "", "photo": {"prefix": "https://igx.4sqi.net/img/user/", "suffix": "/XUATXMTHVVDWQ0TU.jpg"}, "homeCity": "Singapore", "lists": {"groups": [{"items": [], "count": 2, "type": "created"}]}}, {"tips": {"count": 1}, "contact": {}, "firstName": "Nana", "gender": "female", "lastName": "Teo", "id": "3450296", "bio": "", "photo": {"prefix": "https://igx.4sqi.net/img/user/", "suffix": "/E1MSM5E1MWEA0WVT.jpg"}, "homeCity": "Singapore", "lists": {"groups": [{"items": [], "count": 2, "type": "created"}]}}, {"tips": {"count": 0}, "contact": {"twitter": "pattersonyeoh", "facebook": "663817216"}, "firstName": "Patterson", "gender": "male", "lastName": "Yeoh", "id": "1573221", "bio": "", "photo": {"prefix": "https://igx.4sqi.net/img/user/", "suffix": "/OBP0DKX2VM0THNTE.jpg"}, "homeCity": "Singapore", "lists": {"groups": [{"items": [], "count": 2, "type": "created"}]}}, {"tips": {"count": 94}, "contact": {"twitter": "shnjuay", "facebook": "817680117"}, "firstName": "Shn", "gender": "female", "lastName": "Juay", "id": "2660955", "bio": "", "photo": {"prefix": "https://igx.4sqi.net/img/user/", "suffix": "/GQMUCGVTBCHNVVXU.jpg"}, "homeCity": "Singapore", "lists": {"groups": [{"items": [], "count": 6, "type": "created"}]}}, {"tips": {"count": 6}, "contact": {"facebook": "595076282"}, "firstName": "Tanya", "gender": "female", "lastName": "Yunhui", "id": "2925184", "bio": "", "photo": {"prefix": "https://igx.4sqi.net/img/user/", "suffix": "/J2M51UCSFMAJAW5V.jpg"}, "homeCity": "Singapore", "lists": {"groups": [{"items": [], "count": 2, "type": "created"}]}}, {"tips": {"count": 0}, "contact": {"facebook": "631511995"}, "firstName": "desmond", "gender": "male", "id": "3453363", "bio": "", "photo": {"prefix": "https://igx.4sqi.net/img/user/", "suffix": "/RXC1E1T1INDQZUGB.jpg"}, "homeCity": "Singapore", "lists": {"groups": [{"items": [], "count": 2, "type": "created"}]}}, {"tips": {"count": 3}, "contact": {"twitter": "justpearle", "facebook": "575595140"}, "firstName": "Pearle", "gender": "female", "lastName": "Tan", "id": "2029920", "bio": "", "photo": {"prefix": "https://igx.4sqi.net/img/user/", "suffix": "/4LSQDMCDOIGZ4PRL.jpg"}, "homeCity": ", Singapore", "lists": {"groups": [{"items": [], "count": 2, "type": "created"}]}}, {"tips": {"count": 1}, "contact": {"twitter": "d0lphiin", "facebook": "746908624"}, "firstName": "Kat", "gender": "female", "lastName": "Law", "id": "3302640", "bio": "Heaven is a place on earth. ;)\r\nLet love in. :))\r\nNever give up on the one you love. :) \u2665", "photo": {"prefix": "https://igx.4sqi.net/img/user/", "suffix": "/KYQQCBESI1UI3E4Q.jpg"}, "homeCity": "Singapore", "lists": {"groups": [{"items": [], "count": 2, "type": "created"}]}}, {"tips": {"count": 0}, "contact": {"facebook": "634455335"}, "firstName": "Careen", "gender": "female", "lastName": "Ang", "id": "2116493", "bio": "", "photo": {"prefix": "https://igx.4sqi.net/img/user/", "suffix": "/OSSOMYZOOKKOXD3L.jpg"}, "homeCity": "Singapore", "lists": {"groups": [{"items": [], "count": 2, "type": "created"}]}}, {"tips": {"count": 2}, "contact": {"twitter": "edisonliang", "facebook": "567695038"}, "firstName": "Edison", "gender": "male", "lastName": "Liang", "id": "3396188", "bio": "", "photo": {"prefix": "https://igx.4sqi.net/img/user/", "suffix": "/BSAY01TRUXJW2WJZ.jpg"}, "homeCity": "Singapore", "lists": {"groups": [{"items": [], "count": 2, "type": "created"}]}}, {"tips": {"count": 3}, "contact": {"twitter": "yiqinling"}, "firstName": "Yiqin", "gender": "female", "lastName": "Ling", "id": "2649654", "bio": "", "photo": {"prefix": "https://igx.4sqi.net/img/user/", "suffix": "/15GUH3KXWKUYZE4V.jpg"}, "homeCity": "Singapore", "lists": {"groups": [{"items": [], "count": 2, "type": "created"}]}}, {"tips": {"count": 1}, "contact": {"twitter": "merylanne"}, "firstName": "Meryl", "gender": "female", "lastName": "Anne", "id": "2999671", "bio": "", "photo": {"prefix": "https://igx.4sqi.net/img/user/", "suffix": "/IU5MXEGHMRIRVMN1.jpg"}, "homeCity": "Singapore", "lists": {"groups": [{"items": [], "count": 2, "type": "created"}]}}, {"tips": {"count": 0}, "contact": {"twitter": "ryaancho"}, "firstName": "Ryan", "gender": "male", "lastName": "Cho", "id": "3108912", "bio": "", "photo": {"prefix": "https://igx.4sqi.net/img/user/", "suffix": "/blank_boy.png", "default": true}, "homeCity": "Singapore", "lists": {"groups": [{"items": [], "count": 2, "type": "created"}]}}, {"tips": {"count": 2}, "contact": {"facebook": "532828820"}, "firstName": "John", "gender": "male", "lastName": "Low", "id": "3231279", "bio": "", "photo": {"prefix": "https://igx.4sqi.net/img/user/", "suffix": "/ZQLK1RRIZVMIFNLX.jpg"}, "homeCity": "Singapore", "lists": {"groups": [{"items": [], "count": 2, "type": "created"}]}}, {"tips": {"count": 1}, "contact": {"twitter": "iamnotranden"}, "firstName": "Randen", "gender": "male", "lastName": "Lim", "id": "3370146", "bio": "", "photo": {"prefix": "https://igx.4sqi.net/img/user/", "suffix": "/22SB5VLPLJSFPHOA.jpg"}, "homeCity": "Singapore", "lists": {"groups": [{"items": [], "count": 2, "type": "created"}]}}, {"tips": {"count": 6}, "contact": {"twitter": "jaechn", "facebook": "513519068"}, "firstName": "Jae", "gender": "male", "lastName": "Chin", "id": "3408993", "bio": "", "photo": {"prefix": "https://igx.4sqi.net/img/user/", "suffix": "/RKFS05BO3HMIJPFF.jpg"}, "homeCity": "Singapore", "lists": {"groups": [{"items": [], "count": 2, "type": "created"}]}}, {"tips": {"count": 0}, "contact": {"twitter": "jaslinegan", "facebook": "1438372576"}, "firstName": "Jasline", "gender": "female", "id": "3418258", "bio": "", "photo": {"prefix": "https://igx.4sqi.net/img/user/", "suffix": "/ITOBYNKZ3QNTMEIL.jpg"}, "homeCity": "Singapore", "lists": {"groups": [{"items": [], "count": 2, "type": "created"}]}}, {"tips": {"count": 0}, "contact": {"twitter": "louisure", "facebook": "731241553"}, "firstName": "Louisure", "gender": "female", "lastName": "Tan", "id": "3466297", "bio": "", "photo": {"prefix": "https://igx.4sqi.net/img/user/", "suffix": "/DY4PC5YHORBZEQD0.jpg"}, "homeCity": "Singapore ", "lists": {"groups": [{"items": [], "count": 2, "type": "created"}]}}], "count": 236}, "checksum": "f6b6cf97daa2de5b11d06db7a046f60b900f7217"}, "meta": {"requestId": "5965ebf39fb6b77bc7809f0f", "code": 200}}