{"notifications": [{"type": "notificationTray", "item": {"unreadCount": 0}}], "response": {"friends": {"items": [{"tips": {"count": 3}, "contact": {"facebook": "1167767630"}, "firstName": "Kosanto", "gender": "male", "lastName": "X\u00fc", "id": "10080252", "bio": "", "photo": {"prefix": "https://igx.4sqi.net/img/user/", "suffix": "/PPCKOJGVYY54R3GY.jpg"}, "homeCity": "Jakarta, Indonesia", "lists": {"groups": [{"items": [], "count": 2, "type": "created"}]}}, {"tips": {"count": 0}, "contact": {"facebook": "580882380"}, "firstName": "Novy", "gender": "female", "lastName": "Chen", "id": "7390953", "bio": "", "photo": {"prefix": "https://igx.4sqi.net/img/user/", "suffix": "/7390953-MAEZBRMZV1XU0QIL.jpg"}, "homeCity": "Jakarta, Indonesia", "lists": {"groups": [{"items": [], "count": 2, "type": "created"}]}}, {"tips": {"count": 0}, "contact": {"twitter": "dadamutz"}, "firstName": "Dahlia", "gender": "female", "lastName": "Saputra", "id": "9238414", "bio": "", "photo": {"prefix": "https://igx.4sqi.net/img/user/", "suffix": "/HXOKRR3XEAKOXRJK.jpg"}, "homeCity": "NY", "lists": {"groups": [{"items": [], "count": 2, "type": "created"}]}}, {"tips": {"count": 0}, "contact": {}, "firstName": "Jareth", "gender": "male", "lastName": "Cheiw", "id": "6575880", "bio": "", "photo": {"prefix": "https://igx.4sqi.net/img/user/", "suffix": "/NV0NVDWP0FEID5MZ.jpg"}, "homeCity": "Taiping, Malaysia", "lists": {"groups": [{"items": [], "count": 2, "type": "created"}]}}, {"tips": {"count": 11}, "contact": {"twitter": "mercyanaelita", "facebook": "1566942513"}, "firstName": "mercyana", "gender": "female", "lastName": "elita", "id": "5482689", "bio": "", "photo": {"prefix": "https://igx.4sqi.net/img/user/", "suffix": "/HFHFGXH2X3SFQICP.jpg"}, "homeCity": "Jakarta, Indonesia", "lists": {"groups": [{"items": [], "count": 3, "type": "created"}]}}, {"tips": {"count": 3}, "contact": {"twitter": "olazhang", "facebook": "1092984494"}, "firstName": "Aviola", "gender": "female", "lastName": "Zhang", "id": "2008535", "bio": "", "photo": {"prefix": "https://igx.4sqi.net/img/user/", "suffix": "/YUQC2M2RDEJUP3UT.jpg"}, "homeCity": "Jakarta Capital Region, Jakarta Capital Regi", "lists": {"groups": [{"items": [], "count": 2, "type": "created"}]}}, {"tips": {"count": 0}, "contact": {"twitter": "mayun_manyun"}, "firstName": "Michael", "gender": "male", "lastName": "Lim", "id": "2929394", "bio": "", "photo": {"prefix": "https://igx.4sqi.net/img/user/", "suffix": "/HOFBQH4ASVGTYA3N.jpg"}, "homeCity": "Jakarta, Indonesia", "lists": {"groups": [{"items": [], "count": 2, "type": "created"}]}}, {"tips": {"count": 0}, "contact": {"twitter": "merlinjonkzz", "facebook": "1656206951"}, "firstName": "Merlin", "gender": "female", "lastName": "Melon", "id": "5358277", "bio": "", "photo": {"prefix": "https://igx.4sqi.net/img/user/", "suffix": "/YYOZ1J2FGDDAEQLL.jpg"}, "homeCity": "Jakarta, Indonesia", "lists": {"groups": [{"items": [], "count": 2, "type": "created"}]}}, {"tips": {"count": 1}, "contact": {"facebook": "1210900543"}, "firstName": "Septra", "gender": "male", "lastName": "Winoto", "id": "35285241", "bio": "", "photo": {"prefix": "https://igx.4sqi.net/img/user/", "suffix": "/BBYIAHXSMLQRAHQZ.jpg"}, "homeCity": "Jakarta, Indonesia", "lists": {"groups": [{"items": [], "count": 3, "type": "created"}]}}, {"tips": {"count": 0}, "contact": {"twitter": "youna_yon", "facebook": "1624673016"}, "firstName": "yona", "gender": "female", "lastName": "aprilia", "id": "9196942", "bio": "", "photo": {"prefix": "https://igx.4sqi.net/img/user/", "suffix": "/QFITSMB2H1YXGI2O.jpg"}, "homeCity": "Jakarta, Indonesia", "lists": {"groups": [{"items": [], "count": 2, "type": "created"}]}}, {"tips": {"count": 0}, "contact": {"twitter": "dannydr4k3", "facebook": "656888512"}, "firstName": "Danny", "gender": "male", "lastName": "Tanoto", "id": "1879231", "bio": "", "photo": {"prefix": "https://irs0.4sqi.net/img/user/", "suffix": "/TTENFMD25A2CH33R.jpg"}, "homeCity": "Jakarta, Indonesia", "lists": {"groups": [{"items": [], "count": 2, "type": "created"}]}}, {"tips": {"count": 1}, "contact": {"twitter": "olent_lie", "facebook": "1064917273"}, "firstName": "laurent", "gender": "female", "lastName": "lie", "id": "3433743", "bio": "", "photo": {"prefix": "https://igx.4sqi.net/img/user/", "suffix": "/WNRQ2L5SEK4CUMR3.jpg"}, "homeCity": "Indonesia", "lists": {"groups": [{"items": [], "count": 2, "type": "created"}]}}, {"tips": {"count": 0}, "contact": {"twitter": "iwalysell"}, "firstName": "Novita", "gender": "female", "lastName": "Noppie", "id": "31724567", "bio": "close to Jehovah makes my life become meaningful =)))", "photo": {"prefix": "https://igx.4sqi.net/img/user/", "suffix": "/BGPKFP4SECW30D4I.jpg"}, "homeCity": "Jakarta", "lists": {"groups": [{"items": [], "count": 2, "type": "created"}]}}, {"tips": {"count": 3}, "contact": {"facebook": "100003348137962"}, "firstName": "Kok Sing", "gender": "male", "lastName": "Hee", "id": "11568766", "bio": "", "photo": {"prefix": "https://igx.4sqi.net/img/user/", "suffix": "/11568766-OKAAQKLAN2XOO2IB.jpg"}, "homeCity": "Singapore", "lists": {"groups": [{"items": [], "count": 2, "type": "created"}]}}, {"tips": {"count": 36}, "contact": {"facebook": "1195397236"}, "firstName": "Usher", "gender": "male", "lastName": "Musketeer Thong", "id": "8881530", "bio": "+6582007448", "photo": {"prefix": "https://igx.4sqi.net/img/user/", "suffix": "/8881530-PFTNOBCDRJT41WC3.jpg"}, "homeCity": "Singapore", "lists": {"groups": [{"items": [], "count": 2, "type": "created"}]}}, {"tips": {"count": 0}, "contact": {"twitter": "melvinatarto"}, "firstName": "Melvina", "gender": "female", "lastName": "Tarto", "id": "10709359", "bio": "", "photo": {"prefix": "https://igx.4sqi.net/img/user/", "suffix": "/10709359-FNVJQFSZ3F1KTQG4.jpg"}, "homeCity": "Jakarta, Indonesia", "lists": {"groups": [{"items": [], "count": 2, "type": "created"}]}}, {"tips": {"count": 0}, "contact": {}, "firstName": "Davys", "gender": "male", "lastName": "D'costa", "id": "23703015", "bio": "", "photo": {"prefix": "https://igx.4sqi.net/img/user/", "suffix": "/SDNBERDOFUXLGOLF.jpg"}, "homeCity": "Sulawesi Utara", "lists": {"groups": [{"items": [], "count": 2, "type": "created"}]}}, {"tips": {"count": 0}, "contact": {"twitter": "lorenthea"}, "firstName": "Lorenthea", "gender": "female", "id": "6025203", "bio": "", "photo": {"prefix": "https://igx.4sqi.net/img/user/", "suffix": "/02HIVGDKW5YTCXDS.jpg"}, "homeCity": "Jakarta,Indonesia", "lists": {"groups": [{"items": [], "count": 2, "type": "created"}]}}, {"tips": {"count": 1}, "contact": {"twitter": "yovanyaurelia", "facebook": "1620713891"}, "firstName": "Yovany", "gender": "female", "lastName": "Aurelia \u25d5\u203f\u25d5", "id": "2805964", "bio": "", "photo": {"prefix": "https://igx.4sqi.net/img/user/", "suffix": "/2805964-KMIN1OYOYKT5NWBR.jpg"}, "homeCity": "Indonesia", "lists": {"groups": [{"items": [], "count": 3, "type": "created"}]}}, {"tips": {"count": 1}, "contact": {"twitter": "wandisony", "facebook": "1659973146"}, "firstName": "Soni", "gender": "male", "lastName": "Suwandi", "id": "4510515", "bio": "", "photo": {"prefix": "https://igx.4sqi.net/img/user/", "suffix": "/4510515-ISXPYSU32ZXZYNYX.jpg"}, "homeCity": "Jakarta, Indonesia", "lists": {"groups": [{"items": [], "count": 2, "type": "created"}]}}, {"tips": {"count": 0}, "contact": {"twitter": "aprusx"}, "firstName": "Martinus", "gender": "male", "lastName": "Wijaya", "id": "9197000", "bio": "", "photo": {"prefix": "https://igx.4sqi.net/img/user/", "suffix": "/QEOZMAXDO3VX411D.jpg"}, "homeCity": "Jakarta, Indonesia", "lists": {"groups": [{"items": [], "count": 2, "type": "created"}]}}, {"tips": {"count": 0}, "contact": {"twitter": "annagustine"}, "firstName": "anna", "gender": "female", "lastName": "agustine", "id": "7427047", "bio": "", "photo": {"prefix": "https://igx.4sqi.net/img/user/", "suffix": "/TDRBTR3MKX1GIJUX.jpg"}, "homeCity": "Jakarta, Indonesia", "lists": {"groups": [{"items": [], "count": 2, "type": "created"}]}}, {"tips": {"count": 1}, "contact": {"facebook": "1633874848"}, "firstName": "Deon", "gender": "male", "lastName": "Martinez", "id": "34104710", "bio": "", "photo": {"prefix": "https://igx.4sqi.net/img/user/", "suffix": "/IE35WZJMUALL4KMQ.jpg"}, "homeCity": "Houston, TX", "lists": {"groups": [{"items": [], "count": 2, "type": "created"}]}}, {"tips": {"count": 0}, "contact": {"twitter": "rachmatdwinata", "facebook": "1061763548"}, "firstName": "Rachmat", "gender": "male", "lastName": "Dwinata", "id": "6025433", "bio": "", "photo": {"prefix": "https://igx.4sqi.net/img/user/", "suffix": "/RUYKKLWSLU3HYXCL.jpg"}, "homeCity": "Jakarta, Indonesia", "lists": {"groups": [{"items": [], "count": 2, "type": "created"}]}}, {"tips": {"count": 8}, "contact": {"twitter": "juwandysusilo", "facebook": "1724841568"}, "firstName": "juwandy", "gender": "male", "lastName": "susilo", "id": "3588710", "bio": "", "photo": {"prefix": "https://irs0.4sqi.net/img/user/", "suffix": "/UBMVN3TJWPCF0JUK.jpg"}, "homeCity": "Kalimantan Barat, Indonesia", "lists": {"groups": [{"items": [], "count": 2, "type": "created"}]}}, {"tips": {"count": 0}, "contact": {"twitter": "yovinamelia"}, "firstName": "Yovina", "gender": "female", "lastName": "Amelia", "id": "22334439", "bio": "", "photo": {"prefix": "https://igx.4sqi.net/img/user/", "suffix": "/2PKQICC3W515B15M.jpg"}, "homeCity": "Jakarta Raya", "lists": {"groups": [{"items": [], "count": 2, "type": "created"}]}}, {"tips": {"count": 3}, "contact": {"facebook": "100000021043249"}, "firstName": "Wekli", "gender": "male", "lastName": "Ferdian", "id": "16235173", "bio": "Life is simple", "photo": {"prefix": "https://igx.4sqi.net/img/user/", "suffix": "/-ML0IHEMRC2MS5X3H.jpg"}, "homeCity": "Jakarta, Indonesia", "lists": {"groups": [{"items": [], "count": 2, "type": "created"}]}}], "count": 27}, "checksum": "9c770b233f2d69ea185f98a97bfc1712d78864c1"}, "meta": {"requestId": "5966252e6a6071143bc7ab65", "code": 200}}