{"notifications": [{"type": "notificationTray", "item": {"unreadCount": 0}}], "response": {"friends": {"items": [{"tips": {"count": 0}, "contact": {"twitter": "gimloong", "facebook": "610425799"}, "firstName": "Gim", "gender": "male", "lastName": "Loong", "id": "1355763", "bio": "", "photo": {"prefix": "https://igx.4sqi.net/img/user/", "suffix": "/DII2JB4O5JCM3RB1.jpg"}, "homeCity": "Singapore", "lists": {"groups": [{"items": [], "count": 2, "type": "created"}]}}, {"tips": {"count": 0}, "contact": {"facebook": "1458691354"}, "firstName": "Roziana", "gender": "female", "lastName": "Yatman", "id": "4332232", "bio": "", "photo": {"prefix": "https://igx.4sqi.net/img/user/", "suffix": "/F4QACQAJPAN0FHG1.jpg"}, "homeCity": "New York, NY", "lists": {"groups": [{"items": [], "count": 2, "type": "created"}]}}, {"tips": {"count": 0}, "contact": {"facebook": "708399496"}, "firstName": "Faidz", "gender": "male", "lastName": "Skunk", "id": "6721488", "bio": "", "photo": {"prefix": "https://igx.4sqi.net/img/user/", "suffix": "/IYEYULCTA5VMQM44.jpg"}, "homeCity": "Singapore", "lists": {"groups": [{"items": [], "count": 2, "type": "created"}]}}, {"tips": {"count": 0}, "contact": {"facebook": "646704212"}, "firstName": "Ayie", "gender": "male", "lastName": "Howitzer", "id": "10222789", "bio": "", "photo": {"prefix": "https://igx.4sqi.net/img/user/", "suffix": "/23VEOOG10G4NQL1X.jpg"}, "homeCity": "Singapore", "lists": {"groups": [{"items": [], "count": 2, "type": "created"}]}}, {"tips": {"count": 8}, "contact": {"twitter": "jinjie"}, "firstName": "Jin Jie", "gender": "male", "lastName": "Kong", "id": "370420", "bio": "", "photo": {"prefix": "https://igx.4sqi.net/img/user/", "suffix": "/370420-FMF25TRU5PRNIBGP"}, "homeCity": "Singapore", "lists": {"groups": [{"items": [], "count": 3, "type": "created"}]}}, {"tips": {"count": 0}, "contact": {"facebook": "100000636384087"}, "firstName": "Missey", "gender": "female", "lastName": "Mana", "id": "7705650", "bio": "", "photo": {"prefix": "https://igx.4sqi.net/img/user/", "suffix": "/0ZVBC3MMKWKCDDZ1.jpg"}, "homeCity": "Singapore", "lists": {"groups": [{"items": [], "count": 2, "type": "created"}]}}, {"tips": {"count": 0}, "contact": {"twitter": "tanhazel", "facebook": "10153758614579948"}, "firstName": "Tan", "gender": "female", "lastName": "Hazel", "id": "4419412", "bio": "", "photo": {"prefix": "https://igx.4sqi.net/img/user/", "suffix": "/4419412-HR2FAW4VV4RGDT3P.jpg"}, "homeCity": "Singapore", "lists": {"groups": [{"items": [], "count": 2, "type": "created"}]}}, {"tips": {"count": 0}, "contact": {}, "firstName": "Shavonn", "gender": "female", "id": "5486658", "bio": "", "photo": {"prefix": "https://igx.4sqi.net/img/user/", "suffix": "/VWZDXC41JZ2HWRIB.jpg"}, "homeCity": "Singapore", "lists": {"groups": [{"items": [], "count": 2, "type": "created"}]}}, {"tips": {"count": 0}, "contact": {"facebook": "753136061"}, "firstName": "hwe2ying", "gender": "female", "id": "3662086", "bio": "", "photo": {"prefix": "https://igx.4sqi.net/img/user/", "suffix": "/XGZATROIMOPDGOZF.jpg"}, "homeCity": "Singapore", "lists": {"groups": [{"items": [], "count": 2, "type": "created"}]}}, {"tips": {"count": 0}, "contact": {}, "firstName": "Jaslynna", "gender": "female", "id": "4235058", "bio": "", "photo": {"prefix": "https://igx.4sqi.net/img/user/", "suffix": "/XVWHGDWPCLN32YUR.jpg"}, "homeCity": "Singapore", "lists": {"groups": [{"items": [], "count": 2, "type": "created"}]}}, {"tips": {"count": 170}, "contact": {}, "firstName": "Alicia", "gender": "female", "id": "1222769", "bio": "", "photo": {"prefix": "https://igx.4sqi.net/img/user/", "suffix": "/O0MPHMF2RMHD03MD.jpg"}, "homeCity": "Singapore", "lists": {"groups": [{"items": [], "count": 14, "type": "created"}]}}, {"tips": {"count": 0}, "contact": {"facebook": "719625778"}, "firstName": "Jim", "gender": "male", "lastName": "Kian", "id": "5362622", "bio": "", "photo": {"prefix": "https://igx.4sqi.net/img/user/", "suffix": "/4D1TDGO5BP352YN1.jpg"}, "homeCity": "Johor Bahru, Malaysia", "lists": {"groups": [{"items": [], "count": 2, "type": "created"}]}}, {"tips": {"count": 1}, "contact": {"facebook": "663191621"}, "firstName": "Benji", "gender": "none", "lastName": "Lim", "id": "1518940", "bio": "", "photo": {"prefix": "https://igx.4sqi.net/img/user/", "suffix": "/HQ20B1P5R3NNJ23D.jpg"}, "homeCity": "Singapore", "lists": {"groups": [{"items": [], "count": 2, "type": "created"}]}}, {"tips": {"count": 0}, "contact": {"facebook": "643883586"}, "firstName": "Sheryn", "gender": "female", "lastName": "Toh", "id": "4949115", "bio": "", "photo": {"prefix": "https://igx.4sqi.net/img/user/", "suffix": "/blank_girl.png", "default": true}, "homeCity": "Singapore", "lists": {"groups": [{"items": [], "count": 2, "type": "created"}]}}, {"tips": {"count": 0}, "contact": {"facebook": "691006377"}, "firstName": "Xaal", "gender": "male", "lastName": "Rezal", "id": "1966693", "bio": "If brute force doesn't solve your problems, then you aren't using enough.", "photo": {"prefix": "https://igx.4sqi.net/img/user/", "suffix": "/EPAJRPXMAFASRQPE.jpg"}, "homeCity": "Singapore", "lists": {"groups": [{"items": [], "count": 2, "type": "created"}]}}, {"tips": {"count": 0}, "contact": {"facebook": "691837997"}, "firstName": "Alvin", "gender": "male", "lastName": "Tan", "id": "1395087", "bio": "", "photo": {"prefix": "https://igx.4sqi.net/img/user/", "suffix": "/blank_boy.png", "default": true}, "homeCity": "Singapore", "lists": {"groups": [{"items": [], "count": 2, "type": "created"}]}}, {"tips": {"count": 0}, "contact": {"facebook": "1094242804"}, "firstName": "Jason Cheah", "gender": "male", "id": "2871308", "bio": "", "photo": {"prefix": "https://igx.4sqi.net/img/user/", "suffix": "/2871308_1DavH7o8_E0al4M5CFfyjNb5GJlPMiHqXpWaR0ABs6V8goM3AfChDBBPJ2LW_evjdWnXx1N8i.jpg"}, "homeCity": "Singapore", "lists": {"groups": [{"items": [], "count": 2, "type": "created"}]}}, {"tips": {"count": 2}, "contact": {"facebook": "854765857"}, "firstName": "Charmerina", "gender": "female", "lastName": "Eus", "id": "2163576", "bio": "", "photo": {"prefix": "https://igx.4sqi.net/img/user/", "suffix": "/OQ23AWX05BFAA0O5.jpg"}, "homeCity": "Singapore", "lists": {"groups": [{"items": [], "count": 2, "type": "created"}]}}, {"tips": {"count": 0}, "contact": {"twitter": "mellable", "facebook": "695876112"}, "firstName": "Melvin", "gender": "male", "lastName": "Lim", "id": "4969160", "bio": "", "photo": {"prefix": "https://igx.4sqi.net/img/user/", "suffix": "/JH2OJLWHVZNB3DQR.jpg"}, "homeCity": "Singapore", "lists": {"groups": [{"items": [], "count": 2, "type": "created"}]}}, {"tips": {"count": 0}, "contact": {}, "firstName": "Paul", "gender": "male", "lastName": "C", "id": "6217354", "bio": "", "photo": {"prefix": "https://igx.4sqi.net/img/user/", "suffix": "/5KDWGRPHEMAYHB4U.jpg"}, "homeCity": "Singapore", "lists": {"groups": [{"items": [], "count": 2, "type": "created"}]}}, {"tips": {"count": 0}, "contact": {"facebook": "1091921007"}, "firstName": "Faiza", "gender": "female", "lastName": "Noor", "id": "7054464", "bio": "", "photo": {"prefix": "https://igx.4sqi.net/img/user/", "suffix": "/EBH1V3TKSZG0DZRF.jpg"}, "homeCity": "Singapore", "lists": {"groups": [{"items": [], "count": 2, "type": "created"}]}}, {"tips": {"count": 0}, "contact": {}, "firstName": "Ming", "gender": "male", "lastName": "Ze", "id": "7990018", "bio": "", "photo": {"prefix": "https://igx.4sqi.net/img/user/", "suffix": "/BJXW42KAC1V5DEIY.jpg"}, "homeCity": "Singapore", "lists": {"groups": [{"items": [], "count": 2, "type": "created"}]}}, {"tips": {"count": 1}, "contact": {}, "firstName": "Desmond", "gender": "male", "id": "5807788", "bio": "", "photo": {"prefix": "https://igx.4sqi.net/img/user/", "suffix": "/3H5IOYXUY5TU2EHL.jpg"}, "homeCity": "Singapore", "lists": {"groups": [{"items": [], "count": 2, "type": "created"}]}}, {"tips": {"count": 0}, "contact": {"facebook": "731146717"}, "firstName": "Sharon", "gender": "female", "lastName": "Leong", "id": "5503606", "bio": "", "photo": {"prefix": "https://igx.4sqi.net/img/user/", "suffix": "/MSJIQ5BMBXMM0UBQ.jpg"}, "homeCity": "Singapore", "lists": {"groups": [{"items": [], "count": 2, "type": "created"}]}}, {"tips": {"count": 0}, "contact": {}, "firstName": "Karen", "gender": "female", "lastName": "Hong", "id": "4998121", "bio": "", "photo": {"prefix": "https://igx.4sqi.net/img/user/", "suffix": "/JZPHNXDDMV5O1YOG.jpg"}, "homeCity": "Singapore", "lists": {"groups": [{"items": [], "count": 2, "type": "created"}]}}, {"tips": {"count": 0}, "contact": {}, "firstName": "Kwok", "gender": "female", "lastName": "Elaine", "id": "4238000", "bio": "", "photo": {"prefix": "https://igx.4sqi.net/img/user/", "suffix": "/FFI5TJUSAGVMIZZS.jpg"}, "homeCity": "Singapore", "lists": {"groups": [{"items": [], "count": 2, "type": "created"}]}}, {"tips": {"count": 3}, "contact": {"facebook": "534742138"}, "firstName": "Andrew", "gender": "male", "id": "2937713", "bio": "", "photo": {"prefix": "https://igx.4sqi.net/img/user/", "suffix": "/RQIODY4YTZVGAOPV.jpg"}, "homeCity": "Singapore", "lists": {"groups": [{"items": [], "count": 2, "type": "created"}]}}, {"tips": {"count": 3}, "contact": {}, "firstName": "Daniel", "gender": "male", "lastName": "Goh", "id": "5396163", "bio": "", "photo": {"prefix": "https://igx.4sqi.net/img/user/", "suffix": "/ERAX3V3BGZDVCDJ2.jpg"}, "homeCity": "Singapore", "lists": {"groups": [{"items": [], "count": 2, "type": "created"}]}}, {"tips": {"count": 0}, "contact": {"facebook": "634257648"}, "firstName": "Cheryl", "gender": "female", "id": "4687456", "bio": "", "photo": {"prefix": "https://igx.4sqi.net/img/user/", "suffix": "/UIHOPEQR2XJIS1GQ.jpg"}, "homeCity": "Singapore", "lists": {"groups": [{"items": [], "count": 2, "type": "created"}]}}, {"tips": {"count": 0}, "contact": {"facebook": "556788864"}, "firstName": "Syed", "gender": "male", "lastName": "Fahmi", "id": "4952910", "bio": "", "photo": {"prefix": "https://igx.4sqi.net/img/user/", "suffix": "/HUO4TU33O3F5L4D3.jpg"}, "homeCity": "Singapore", "lists": {"groups": [{"items": [], "count": 2, "type": "created"}]}}, {"tips": {"count": 0}, "contact": {}, "firstName": "Low", "gender": "male", "lastName": "Kaywee", "id": "4716926", "bio": "", "photo": {"prefix": "https://igx.4sqi.net/img/user/", "suffix": "/2FPARUDGF5BERFUS.jpg"}, "homeCity": "Singapore", "lists": {"groups": [{"items": [], "count": 2, "type": "created"}]}}, {"tips": {"count": 7}, "contact": {"facebook": "558174498"}, "firstName": "Shin Wee", "gender": "female", "lastName": "Puah", "id": "1532457", "bio": "", "photo": {"prefix": "https://igx.4sqi.net/img/user/", "suffix": "/BGUZBOQ0AZ45PSSU.jpg"}, "homeCity": "Upper Thomson, Singapore", "lists": {"groups": [{"items": [], "count": 2, "type": "created"}]}}, {"tips": {"count": 1}, "contact": {"twitter": "patchua78", "facebook": "662854397"}, "firstName": "Patrick", "gender": "none", "lastName": "Chua", "id": "3266748", "bio": "", "photo": {"prefix": "https://igx.4sqi.net/img/user/", "suffix": "/C2LW5QEWVMYNWKJ5.jpg"}, "homeCity": "Singapore", "lists": {"groups": [{"items": [], "count": 2, "type": "created"}]}}, {"tips": {"count": 0}, "contact": {"facebook": "690605762"}, "firstName": "Felix", "gender": "male", "lastName": "Ng", "id": "9422980", "bio": "", "photo": {"prefix": "https://igx.4sqi.net/img/user/", "suffix": "/IHOLHZWOPUIPEXG2.jpg"}, "homeCity": "Singapore", "lists": {"groups": [{"items": [], "count": 2, "type": "created"}]}}, {"tips": {"count": 0}, "contact": {"facebook": "816079095"}, "firstName": "Karen", "gender": "female", "lastName": "Hong", "id": "6220192", "bio": "", "photo": {"prefix": "https://igx.4sqi.net/img/user/", "suffix": "/BZDBXQODXQZ2K5QH.jpg"}, "homeCity": "Singapore", "lists": {"groups": [{"items": [], "count": 2, "type": "created"}]}}, {"tips": {"count": 0}, "contact": {"facebook": "717690122"}, "firstName": "Francis Yeo", "gender": "male", "id": "8139878", "bio": "", "photo": {"prefix": "https://igx.4sqi.net/img/user/", "suffix": "/8139878-FI1NUKFPIH0VP2LJ.jpg"}, "homeCity": "Singapore", "lists": {"groups": [{"items": [], "count": 2, "type": "created"}]}}, {"tips": {"count": 0}, "contact": {}, "firstName": "Hazel", "gender": "female", "lastName": "Tay", "id": "5562825", "bio": "", "photo": {"prefix": "https://igx.4sqi.net/img/user/", "suffix": "/0CYU13JEE02FX5VT.jpg"}, "homeCity": "Singapore", "lists": {"groups": [{"items": [], "count": 2, "type": "created"}]}}, {"tips": {"count": 0}, "contact": {"facebook": "100000030960277"}, "firstName": "Shermine", "gender": "female", "lastName": "SuN", "id": "4575537", "bio": "", "photo": {"prefix": "https://igx.4sqi.net/img/user/", "suffix": "/SFWNGWWVMZCHEWE3.jpg"}, "homeCity": "\u65b0\u52a0\u5761, Singapore", "lists": {"groups": [{"items": [], "count": 2, "type": "created"}]}}, {"tips": {"count": 0}, "contact": {}, "firstName": "Ang", "gender": "male", "lastName": "Yeok Chong", "id": "3164191", "bio": "", "photo": {"prefix": "https://igx.4sqi.net/img/user/", "suffix": "/blank_boy.png", "default": true}, "homeCity": "Singapore", "lists": {"groups": [{"items": [], "count": 2, "type": "created"}]}}, {"tips": {"count": 0}, "contact": {}, "firstName": "Nitya", "gender": "female", "lastName": "Sri", "id": "4956621", "bio": "", "photo": {"prefix": "https://igx.4sqi.net/img/user/", "suffix": "/blank_girl.png", "default": true}, "homeCity": "Singapore", "lists": {"groups": [{"items": [], "count": 2, "type": "created"}]}}, {"tips": {"count": 0}, "contact": {"facebook": "100000080205564"}, "firstName": "Mohd", "gender": "male", "lastName": "Salleh", "id": "5425399", "bio": "", "photo": {"prefix": "https://igx.4sqi.net/img/user/", "suffix": "/blank_boy.png", "default": true}, "homeCity": "New York, NY", "lists": {"groups": [{"items": [], "count": 2, "type": "created"}]}}, {"tips": {"count": 4}, "contact": {"twitter": "fioz", "facebook": "697479821"}, "firstName": "Fiona", "gender": "female", "lastName": "Yeo", "id": "1571451", "bio": "", "photo": {"prefix": "https://igx.4sqi.net/img/user/", "suffix": "/MZ4HPATVAAA4ULW0.jpg"}, "homeCity": "Jurong West, Singapore", "lists": {"groups": [{"items": [], "count": 2, "type": "created"}]}}, {"tips": {"count": 0}, "contact": {"facebook": "751064809"}, "firstName": "Deshun", "gender": "male", "lastName": "Xu", "id": "3968770", "bio": "", "photo": {"prefix": "https://igx.4sqi.net/img/user/", "suffix": "/OGLKG0AXQKSZGDDB.jpg"}, "homeCity": "Singapore", "lists": {"groups": [{"items": [], "count": 2, "type": "created"}]}}, {"tips": {"count": 0}, "contact": {"facebook": "538230844"}, "firstName": "Chocolate", "gender": "female", "lastName": "Loo", "id": "9715240", "bio": "", "photo": {"prefix": "https://igx.4sqi.net/img/user/", "suffix": "/CZ2BGKJDBJ40OHFX.jpg"}, "homeCity": "Singapore", "lists": {"groups": [{"items": [], "count": 2, "type": "created"}]}}, {"tips": {"count": 0}, "contact": {"twitter": "javlyn_qiqi", "facebook": "1365896651"}, "firstName": "Qi", "gender": "female", "lastName": "Qi", "id": "6242879", "bio": "", "photo": {"prefix": "https://igx.4sqi.net/img/user/", "suffix": "/6242879-AKEJJUHVUX5XSE3E.jpg"}, "homeCity": "Singapore", "lists": {"groups": [{"items": [], "count": 2, "type": "created"}]}}, {"tips": {"count": 1}, "contact": {"facebook": "543104459"}, "firstName": "Don", "gender": "male", "lastName": "Chan", "id": "19896924", "bio": "", "photo": {"prefix": "https://igx.4sqi.net/img/user/", "suffix": "/blank_boy.png", "default": true}, "homeCity": "Singapore", "lists": {"groups": [{"items": [], "count": 2, "type": "created"}]}}, {"tips": {"count": 0}, "contact": {}, "firstName": "Nicole", "gender": "female", "lastName": "Loh", "id": "5667579", "bio": "", "photo": {"prefix": "https://igx.4sqi.net/img/user/", "suffix": "/B25WTAG2EXCWISYD.jpg"}, "homeCity": "New York, NY", "lists": {"groups": [{"items": [], "count": 2, "type": "created"}]}}, {"tips": {"count": 0}, "contact": {}, "firstName": "Lim", "gender": "female", "lastName": "Yenfang", "id": "4916085", "bio": "", "photo": {"prefix": "https://igx.4sqi.net/img/user/", "suffix": "/blank_girl.png", "default": true}, "homeCity": "Singapore", "lists": {"groups": [{"items": [], "count": 2, "type": "created"}]}}, {"tips": {"count": 0}, "contact": {"facebook": "1192321650"}, "firstName": "Joanne", "gender": "female", "lastName": "Tan", "id": "3527669", "bio": "", "photo": {"prefix": "https://igx.4sqi.net/img/user/", "suffix": "/10YH3XRHTJSX4VBB.jpg"}, "homeCity": "Singapore", "lists": {"groups": [{"items": [], "count": 2, "type": "created"}]}}, {"tips": {"count": 0}, "contact": {"facebook": "100004132476013"}, "firstName": "Victor Wang", "gender": "male", "id": "35334205", "bio": "", "photo": {"prefix": "https://igx.4sqi.net/img/user/", "suffix": "/IILEGR0VJUQIMRFL.jpg"}, "homeCity": "Singapore", "lists": {"groups": [{"items": [], "count": 2, "type": "created"}]}}, {"tips": {"count": 1}, "contact": {}, "firstName": "Neo", "gender": "none", "lastName": "Christine", "id": "3403521", "bio": "", "photo": {"prefix": "https://igx.4sqi.net/img/user/", "suffix": "/VBM3NMV3BVKNLOWL.jpg"}, "homeCity": "Singapore", "lists": {"groups": [{"items": [], "count": 2, "type": "created"}]}}, {"tips": {"count": 0}, "contact": {}, "firstName": "Neo", "gender": "female", "lastName": "Dawn", "id": "3972925", "bio": "", "photo": {"prefix": "https://igx.4sqi.net/img/user/", "suffix": "/H4VLZ5BL1TVUQOSW.jpg"}, "homeCity": "Singapore", "lists": {"groups": [{"items": [], "count": 2, "type": "created"}]}}, {"tips": {"count": 4}, "contact": {"facebook": "545522065"}, "firstName": "Daphne", "gender": "female", "lastName": "Lai", "id": "6881741", "bio": "", "photo": {"prefix": "https://igx.4sqi.net/img/user/", "suffix": "/6881741-4HCJ5REBOYRXPSPR.jpg"}, "homeCity": "Singapore", "lists": {"groups": [{"items": [], "count": 3, "type": "created"}]}}, {"tips": {"count": 0}, "contact": {}, "firstName": "Kwok", "gender": "female", "lastName": "Cally", "id": "5996441", "bio": "", "photo": {"prefix": "https://igx.4sqi.net/img/user/", "suffix": "/WNSXAAJWDDSLDG0S.jpg"}, "homeCity": "Singapore", "lists": {"groups": [{"items": [], "count": 2, "type": "created"}]}}, {"tips": {"count": 0}, "contact": {"facebook": "812698017"}, "firstName": "Shafri", "gender": "male", "lastName": "Rasta", "id": "3536686", "bio": "", "photo": {"prefix": "https://igx.4sqi.net/img/user/", "suffix": "/OTSFOKMJAQP3XC25.jpg"}, "homeCity": "Singapore", "lists": {"groups": [{"items": [], "count": 2, "type": "created"}]}}, {"tips": {"count": 0}, "contact": {"facebook": "716332579"}, "firstName": "Saodah", "gender": "female", "lastName": "Buang", "id": "3408116", "bio": "", "photo": {"prefix": "https://igx.4sqi.net/img/user/", "suffix": "/WVU1WS0GPDDV4V5J.jpg"}, "homeCity": "Singapore", "lists": {"groups": [{"items": [], "count": 2, "type": "created"}]}}, {"tips": {"count": 6}, "contact": {"facebook": "531289091"}, "firstName": "Kenshin", "gender": "male", "lastName": "Tee", "id": "4014046", "bio": "", "photo": {"prefix": "https://igx.4sqi.net/img/user/", "suffix": "/EVCDZ1125PE3JTSJ.jpg"}, "homeCity": "Singapore", "lists": {"groups": [{"items": [], "count": 2, "type": "created"}]}}, {"tips": {"count": 0}, "contact": {"twitter": "rayne_sya"}, "firstName": "Rayne", "gender": "female", "lastName": "Sim", "id": "14090468", "bio": "", "photo": {"prefix": "https://igx.4sqi.net/img/user/", "suffix": "/14090468-RWDVHENIUBXH1RK4.jpg"}, "homeCity": "Singapore", "lists": {"groups": [{"items": [], "count": 2, "type": "created"}]}}, {"tips": {"count": 0}, "contact": {"twitter": "emmaerina22"}, "firstName": "Emma", "gender": "female", "lastName": "Erina", "id": "3755075", "bio": "", "photo": {"prefix": "https://igx.4sqi.net/img/user/", "suffix": "/LSWSGUPETIPP41C5.jpg"}, "homeCity": "singapore", "lists": {"groups": [{"items": [], "count": 2, "type": "created"}]}}, {"tips": {"count": 6}, "contact": {"facebook": "1269858484"}, "firstName": "Valval", "gender": "female", "id": "3418115", "bio": "", "photo": {"prefix": "https://igx.4sqi.net/img/user/", "suffix": "/XWTOL0KG12ZOIXA2.jpg"}, "homeCity": "singapore", "lists": {"groups": [{"items": [], "count": 2, "type": "created"}]}}, {"tips": {"count": 0}, "contact": {"facebook": "751486109"}, "firstName": "Lina", "gender": "female", "id": "4132827", "bio": "", "photo": {"prefix": "https://igx.4sqi.net/img/user/", "suffix": "/blank_girl.png", "default": true}, "homeCity": "Singapore", "lists": {"groups": [{"items": [], "count": 2, "type": "created"}]}}, {"tips": {"count": 0}, "contact": {}, "firstName": "Muhd", "gender": "male", "lastName": "Firdaus", "id": "3928541", "bio": "", "photo": {"prefix": "https://igx.4sqi.net/img/user/", "suffix": "/IOIC0VWDRVJGWBSY.jpg"}, "homeCity": "NSW, Australia", "lists": {"groups": [{"items": [], "count": 2, "type": "created"}]}}, {"tips": {"count": 0}, "contact": {"facebook": "776930421"}, "firstName": "Dolly", "gender": "female", "lastName": "Ang", "id": "3554898", "bio": "", "photo": {"prefix": "https://igx.4sqi.net/img/user/", "suffix": "/N3XPLCKQEJSS54N0.jpg"}, "homeCity": "Singapore", "lists": {"groups": [{"items": [], "count": 2, "type": "created"}]}}, {"tips": {"count": 3}, "contact": {"facebook": "1132607666"}, "firstName": "Shirlve", "gender": "female", "id": "4445538", "bio": "", "photo": {"prefix": "https://igx.4sqi.net/img/user/", "suffix": "/4CD1QLRZG5CMMFLD.jpg"}, "homeCity": "Singapore", "lists": {"groups": [{"items": [], "count": 2, "type": "created"}]}}, {"tips": {"count": 0}, "contact": {}, "firstName": "Chloe", "gender": "female", "lastName": "Neo", "id": "3942408", "bio": "", "photo": {"prefix": "https://igx.4sqi.net/img/user/", "suffix": "/W1M0ZL4WWVXESAAV.jpg"}, "homeCity": "Singapore", "lists": {"groups": [{"items": [], "count": 2, "type": "created"}]}}, {"tips": {"count": 0}, "contact": {"facebook": "683037543"}, "firstName": "Raymond", "gender": "male", "lastName": "Ng", "id": "3605062", "bio": "", "photo": {"prefix": "https://igx.4sqi.net/img/user/", "suffix": "/DQUA2OM4MPYRKAYM.jpg"}, "homeCity": "Singapore", "lists": {"groups": [{"items": [], "count": 2, "type": "created"}]}}, {"tips": {"count": 0}, "contact": {"facebook": "1025011676"}, "firstName": "Devlen", "gender": "male", "lastName": "Loh", "id": "4606410", "bio": "", "photo": {"prefix": "https://igx.4sqi.net/img/user/", "suffix": "/ERQCLVCLDIQWYOIS.jpg"}, "homeCity": "Singapore", "lists": {"groups": [{"items": [], "count": 2, "type": "created"}]}}, {"tips": {"count": 5}, "contact": {"facebook": "744699289"}, "firstName": "Lay Kwan", "gender": "female", "lastName": "Yong", "id": "4798418", "bio": "", "photo": {"prefix": "https://igx.4sqi.net/img/user/", "suffix": "/CF4OM4LSHBGKTSGK.jpg"}, "homeCity": "Singapore", "lists": {"groups": [{"items": [], "count": 2, "type": "created"}]}}, {"tips": {"count": 0}, "contact": {"facebook": "622533553"}, "firstName": "Kwang hwei", "gender": "male", "lastName": "Koh", "id": "3609689", "bio": "", "photo": {"prefix": "https://igx.4sqi.net/img/user/", "suffix": "/2V0J3BITCZ351HIW.jpg"}, "homeCity": "Singapore", "lists": {"groups": [{"items": [], "count": 2, "type": "created"}]}}, {"tips": {"count": 2}, "contact": {}, "firstName": "Ron", "gender": "male", "lastName": "Quek", "id": "4616340", "bio": "", "photo": {"prefix": "https://igx.4sqi.net/img/user/", "suffix": "/NKS2JVJADK5JC3ZN.jpg"}, "homeCity": "New York, NY", "lists": {"groups": [{"items": [], "count": 2, "type": "created"}]}}, {"tips": {"count": 0}, "contact": {}, "firstName": "Weixin", "gender": "female", "lastName": "Goi", "id": "4804830", "bio": "", "photo": {"prefix": "https://igx.4sqi.net/img/user/", "suffix": "/QLLLYV35GCE22QBQ.jpg"}, "homeCity": "Singapore", "lists": {"groups": [{"items": [], "count": 2, "type": "created"}]}}, {"tips": {"count": 0}, "contact": {}, "firstName": "Chooi", "gender": "none", "lastName": "Mei", "id": "3614515", "bio": "", "photo": {"prefix": "https://igx.4sqi.net/img/user/", "suffix": "/VXWHTAH4U5EITHWG.jpg"}, "homeCity": "Singapore", "lists": {"groups": [{"items": [], "count": 2, "type": "created"}]}}, {"tips": {"count": 0}, "contact": {"facebook": "1809747939"}, "firstName": "Hanxiong", "gender": "male", "lastName": "Chan", "id": "4772345", "bio": "", "photo": {"prefix": "https://igx.4sqi.net/img/user/", "suffix": "/IYTXTO3VZMLZARRL.jpg"}, "homeCity": "New York, NY", "lists": {"groups": [{"items": [], "count": 2, "type": "created"}]}}, {"tips": {"count": 0}, "contact": {"twitter": "kweemei", "facebook": "632746005"}, "firstName": "KweeMei", "gender": "female", "lastName": "Seo", "id": "3757906", "bio": "", "photo": {"prefix": "https://igx.4sqi.net/img/user/", "suffix": "/VOVAAAYYCEJCLZZU.jpg"}, "homeCity": "Singapore", "lists": {"groups": [{"items": [], "count": 2, "type": "created"}]}}, {"tips": {"count": 0}, "contact": {"facebook": "584707281"}, "firstName": "Koh", "gender": "male", "lastName": "Walter", "id": "5523264", "bio": "", "photo": {"prefix": "https://igx.4sqi.net/img/user/", "suffix": "/ZZ4ZGR1M5WPLIC0U.jpg"}, "homeCity": "Singapore", "lists": {"groups": [{"items": [], "count": 2, "type": "created"}]}}, {"tips": {"count": 0}, "contact": {"twitter": "dunogal", "facebook": "1628254155"}, "firstName": "Janie", "gender": "female", "lastName": "HuiQin", "id": "4003437", "bio": "", "photo": {"prefix": "https://igx.4sqi.net/img/user/", "suffix": "/UGBQOWT1XXSEVSP4.jpg"}, "homeCity": "Singapore", "lists": {"groups": [{"items": [], "count": 2, "type": "created"}]}}, {"tips": {"count": 5}, "contact": {}, "firstName": "Lirong", "gender": "female", "id": "5538118", "bio": "", "photo": {"prefix": "https://igx.4sqi.net/img/user/", "suffix": "/FN5XS055UUSEP0ND.jpg"}, "homeCity": "Singapore", "lists": {"groups": [{"items": [], "count": 2, "type": "created"}]}}, {"tips": {"count": 0}, "contact": {}, "firstName": "Janie", "gender": "female", "lastName": "Chua", "id": "4003596", "bio": "", "photo": {"prefix": "https://igx.4sqi.net/img/user/", "suffix": "/blank_girl.png", "default": true}, "homeCity": "Singapore", "lists": {"groups": [{"items": [], "count": 2, "type": "created"}]}}, {"tips": {"count": 0}, "contact": {}, "firstName": "Kwok", "gender": "female", "lastName": "Emily", "id": "5771877", "bio": "", "photo": {"prefix": "https://igx.4sqi.net/img/user/", "suffix": "/HP23XTDIK1JWMSUR.jpg"}, "homeCity": "Singapore", "lists": {"groups": [{"items": [], "count": 2, "type": "created"}]}}, {"tips": {"count": 0}, "contact": {}, "firstName": "Amer Sakinah", "gender": "none", "id": "4004567", "bio": "", "photo": {"prefix": "https://igx.4sqi.net/img/user/", "suffix": "/WV0MHYEFXFGJFRQ0.jpg"}, "homeCity": "New York, NY", "lists": {"groups": [{"items": [], "count": 2, "type": "created"}]}}, {"tips": {"count": 0}, "contact": {"facebook": "715207902"}, "firstName": "Sallymieyah", "gender": "female", "lastName": "Leyman", "id": "21184778", "bio": "", "photo": {"prefix": "https://igx.4sqi.net/img/user/", "suffix": "/U0D0B0O0OJPZVJCJ.jpg"}, "homeCity": "New York, NY", "lists": {"groups": [{"items": [], "count": 2, "type": "created"}]}}, {"tips": {"count": 0}, "contact": {}, "firstName": "Ian", "gender": "female", "lastName": "Tng", "id": "5244144", "bio": "", "photo": {"prefix": "https://igx.4sqi.net/img/user/", "suffix": "/FG2MOTJ224S3CE5M.jpg"}, "homeCity": "Singapore", "lists": {"groups": [{"items": [], "count": 2, "type": "created"}]}}, {"tips": {"count": 1}, "contact": {"facebook": "660438801"}, "firstName": "Cristy", "gender": "female", "lastName": "Toh", "id": "5346460", "bio": "", "photo": {"prefix": "https://igx.4sqi.net/img/user/", "suffix": "/IXZPOTNVOPCYZ225.jpg"}, "homeCity": "Singapore", "lists": {"groups": [{"items": [], "count": 2, "type": "created"}]}}, {"tips": {"count": 0}, "contact": {}, "firstName": "Hwee", "gender": "female", "lastName": "Teng", "id": "6469051", "bio": "", "photo": {"prefix": "https://igx.4sqi.net/img/user/", "suffix": "/XHEO52JD4F22NUIG.jpg"}, "homeCity": "New York, NY", "lists": {"groups": [{"items": [], "count": 2, "type": "created"}]}}], "count": 84}, "checksum": "445509cea5b88a8be216b83903e7678de2c7c53c"}, "meta": {"requestId": "5966266c6a6071143c7c2626", "code": 200}}