{"notifications": [{"type": "notificationTray", "item": {"unreadCount": 0}}], "meta": {"requestId": "5966fa23f594df21ba428f10", "code": 200}, "response": {"friends": {"count": 140, "items": [{"id": "19764313", "photo": {"prefix": "https://igx.4sqi.net/img/user/", "suffix": "/19764313-TKW5ASOGQX0VDEK5.jpg"}, "homeCity": "Singapore", "contact": {"facebook": "1636124185", "twitter": "reginaazx"}, "firstName": "Regina", "tips": {"count": 0}, "gender": "female", "lastName": "Lee", "lists": {"groups": [{"count": 2, "type": "created", "items": []}]}, "bio": ""}, {"id": "4459240", "photo": {"prefix": "https://igx.4sqi.net/img/user/", "suffix": "/AM0VCP3OLNNX1M1Z.jpg"}, "homeCity": "Singapore", "contact": {"facebook": "640556766", "twitter": "kinkypinkfairy"}, "firstName": "Amee", "tips": {"count": 3}, "gender": "female", "lastName": "Tan", "lists": {"groups": [{"count": 2, "type": "created", "items": []}]}, "bio": ""}, {"id": "4358828", "photo": {"prefix": "https://igx.4sqi.net/img/user/", "suffix": "/DXAIA2TI2FSGVJBC.jpg"}, "homeCity": "Singapore", "contact": {}, "firstName": "Nicolette", "tips": {"count": 0}, "gender": "female", "lastName": "Tan", "lists": {"groups": [{"count": 2, "type": "created", "items": []}]}, "bio": ""}, {"id": "6804593", "photo": {"prefix": "https://igx.4sqi.net/img/user/", "suffix": "/5IAOA3PK2GCPLFBR.jpg"}, "homeCity": "Singapore", "contact": {}, "firstName": "Sivakumaran", "tips": {"count": 0}, "gender": "male", "lastName": "Lucky P", "lists": {"groups": [{"count": 2, "type": "created", "items": []}]}, "bio": ""}, {"id": "9245646", "photo": {"prefix": "https://igx.4sqi.net/img/user/", "suffix": "/9245646-SJXHR1GOHWPIOPV1.jpg"}, "homeCity": "Singapore", "contact": {"facebook": "1200240738", "twitter": "jannacyt"}, "firstName": "Janna", "tips": {"count": 0}, "gender": "female", "lastName": "Chan", "lists": {"groups": [{"count": 2, "type": "created", "items": []}]}, "bio": ""}, {"id": "6508332", "photo": {"prefix": "https://igx.4sqi.net/img/user/", "suffix": "/P1ZYTHWFUK543NOP.jpg"}, "homeCity": "Unnamed Location", "contact": {"facebook": "721739602"}, "firstName": "Zaffry", "tips": {"count": 0}, "gender": "male", "lastName": "Salvatore", "lists": {"groups": [{"count": 2, "type": "created", "items": []}]}, "bio": ""}, {"id": "4379692", "photo": {"prefix": "https://igx.4sqi.net/img/user/", "suffix": "/ZR3VDH0AU540YV4Y.jpg"}, "homeCity": "Singapore", "contact": {"facebook": "1449086493"}, "firstName": "Kevin", "tips": {"count": 0}, "gender": "male", "lastName": "Goh", "lists": {"groups": [{"count": 2, "type": "created", "items": []}]}, "bio": ""}, {"id": "10300132", "photo": {"prefix": "https://igx.4sqi.net/img/user/", "suffix": "/FJR2YBEUKSWHZUKA.jpg"}, "homeCity": "Singapore", "contact": {"facebook": "579702182"}, "firstName": "JiaHong", "tips": {"count": 0}, "gender": "male", "lastName": "Dai", "lists": {"groups": [{"count": 2, "type": "created", "items": []}]}, "bio": ""}, {"id": "4288847", "photo": {"prefix": "https://igx.4sqi.net/img/user/", "suffix": "/04IRRBGBFHD5L1AS.jpg"}, "homeCity": "Singapore", "contact": {"facebook": "1354248933", "twitter": "peifeng_"}, "firstName": "PF", "tips": {"count": 0}, "gender": "male", "lastName": "Guo", "lists": {"groups": [{"count": 2, "type": "created", "items": []}]}, "bio": ""}, {"id": "5587220", "photo": {"prefix": "https://igx.4sqi.net/img/user/", "suffix": "/KFWAL1CHS1REHZUH.jpg"}, "homeCity": "Singapore", "contact": {"facebook": "1212495239", "twitter": "delinnserena"}, "firstName": "delinnSerena", "tips": {"count": 0}, "gender": "female", "lastName": "C.", "lists": {"groups": [{"count": 2, "type": "created", "items": []}]}, "bio": ""}, {"id": "1805031", "photo": {"prefix": "https://igx.4sqi.net/img/user/", "suffix": "/KT4XABWMC5PASQDZ.jpg"}, "homeCity": "Singapore", "contact": {"twitter": "sexlustlie"}, "firstName": "Ayako", "tips": {"count": 0}, "gender": "female", "lastName": "San", "lists": {"groups": [{"count": 2, "type": "created", "items": []}]}, "bio": "Facebook ; Ayako Kittymeow\r\nTwitter ; @SEXLUSTLIE\r\nYou can never find me."}, {"id": "5710204", "photo": {"prefix": "https://igx.4sqi.net/img/user/", "suffix": "/W55HBDALV1VWGJHJ.jpg"}, "homeCity": "Singapore", "contact": {}, "firstName": "Sheralyn", "tips": {"count": 0}, "gender": "female", "lastName": "Koh", "lists": {"groups": [{"count": 2, "type": "created", "items": []}]}, "bio": ""}, {"id": "2493633", "photo": {"prefix": "https://igx.4sqi.net/img/user/", "suffix": "/NHSKK43XPBMMY51A.jpg"}, "homeCity": "Singapore", "contact": {"facebook": "664938484", "twitter": "wanlinkoh"}, "firstName": "Wanlin", "tips": {"count": 29}, "gender": "female", "lastName": "Koh", "lists": {"groups": [{"count": 2, "type": "created", "items": []}]}, "bio": ""}, {"id": "3449208", "photo": {"prefix": "https://igx.4sqi.net/img/user/", "suffix": "/BLREC4V0SW522GI5.jpg"}, "homeCity": "Singapore", "contact": {"facebook": "1440187039", "twitter": "ahronteo"}, "firstName": "Aaron", "tips": {"count": 9}, "gender": "male", "lastName": "Teo", "lists": {"groups": [{"count": 2, "type": "created", "items": []}]}, "bio": ""}, {"id": "3126343", "photo": {"prefix": "https://igx.4sqi.net/img/user/", "suffix": "/UL14LJ3POGM2LPM3.jpg"}, "homeCity": "Singapore", "contact": {}, "firstName": "Dj", "tips": {"count": 0}, "gender": "male", "lastName": "Kzee", "lists": {"groups": [{"count": 2, "type": "created", "items": []}]}, "bio": ""}, {"id": "2949340", "photo": {"prefix": "https://igx.4sqi.net/img/user/", "suffix": "/HGOB0IKIUKAOWCJF.jpg"}, "homeCity": "Singapore", "contact": {"facebook": "534661491", "twitter": "mychelleeeee"}, "firstName": "Mychelle", "tips": {"count": 0}, "gender": "female", "lastName": "Wong", "lists": {"groups": [{"count": 2, "type": "created", "items": []}]}, "bio": ""}, {"id": "4213507", "photo": {"prefix": "https://igx.4sqi.net/img/user/", "suffix": "/LLKQFWBI5SHRGRPT.jpg"}, "homeCity": "New York ", "contact": {"facebook": "533335547", "twitter": "jaryyyy"}, "firstName": "Jaryne", "tips": {"count": 0}, "gender": "female", "lastName": "Daniella K\u00e4estner", "lists": {"groups": [{"count": 2, "type": "created", "items": []}]}, "bio": ""}, {"id": "896013", "photo": {"prefix": "https://igx.4sqi.net/img/user/", "suffix": "/896013-GLXOHANG4ASSKTXO.jpg"}, "homeCity": "Tampico, M\u00e9xico", "contact": {"twitter": "piovii"}, "firstName": "! Poio", "tips": {"count": 42}, "superuser": 6, "gender": "male", "lastName": "Mora", "lists": {"groups": [{"count": 7, "type": "created", "items": []}]}, "bio": ""}, {"id": "2441482", "photo": {"prefix": "https://igx.4sqi.net/img/user/", "suffix": "/KPN4PV5SJFKQ55HO.jpg"}, "homeCity": "Singapore", "contact": {"facebook": "574085210"}, "firstName": "Krystalbel", "tips": {"count": 23}, "gender": "female", "lastName": "'En", "lists": {"groups": [{"count": 13, "type": "created", "items": []}]}, "bio": ""}, {"id": "33665674", "photo": {"prefix": "https://igx.4sqi.net/img/user/", "suffix": "/W33IAZ2A0IZ41QRW.jpg"}, "homeCity": "Victoria", "contact": {"facebook": "100004642509049"}, "firstName": "Kervin", "tips": {"count": 1}, "gender": "male", "lists": {"groups": [{"count": 2, "type": "created", "items": []}]}, "bio": ""}, {"id": "29497197", "photo": {"prefix": "https://igx.4sqi.net/img/user/", "suffix": "/SW35FIPXJR1KI1J4.jpg"}, "homeCity": "New York, NY", "contact": {"facebook": "558207157", "twitter": "just2ofus"}, "firstName": "Lucas", "tips": {"count": 0}, "gender": "male", "lastName": "Ong", "lists": {"groups": [{"count": 2, "type": "created", "items": []}]}, "bio": ""}, {"id": "9523171", "photo": {"prefix": "https://igx.4sqi.net/img/user/", "suffix": "/W3WQ2COUQPNLAWHT.jpg"}, "homeCity": "Thailand", "contact": {"facebook": "100000152205126", "twitter": "moohammm"}, "firstName": "Hammy", "tips": {"count": 3}, "gender": "female", "lastName": "Ham", "lists": {"groups": [{"count": 2, "type": "created", "items": []}]}, "bio": ""}, {"id": "4374075", "photo": {"prefix": "https://igx.4sqi.net/img/user/", "suffix": "/015DL5AYEKPUPSGX.jpg"}, "homeCity": "Singapore", "contact": {}, "firstName": "Branden", "tips": {"count": 1}, "gender": "none", "lastName": "Foo", "lists": {"groups": [{"count": 2, "type": "created", "items": []}]}, "bio": ""}, {"id": "6812346", "photo": {"prefix": "https://igx.4sqi.net/img/user/", "suffix": "/6812346_Iu9mB0Wu_2LyhGgHvCftS6nmzmXjmyiNFfl-Z-ogiKRwKkS8ZcJMpajC0sy8bB5c3vx-g_77E.jpg"}, "homeCity": "Singapore", "contact": {"facebook": "1070799024", "twitter": "yiyangaahhh"}, "firstName": "yY", "tips": {"count": 0}, "gender": "male", "lists": {"groups": [{"count": 3, "type": "created", "items": []}]}, "bio": "Tweet me @yiyangaahhh"}, {"id": "12241134", "photo": {"prefix": "https://igx.4sqi.net/img/user/", "suffix": "/RLIBCVWLLJMSHCKX.jpg"}, "homeCity": "Singapore", "contact": {"facebook": "694568414"}, "firstName": "Sunny", "tips": {"count": 0}, "gender": "male", "lastName": "Ng", "lists": {"groups": [{"count": 2, "type": "created", "items": []}]}, "bio": ""}, {"id": "4871803", "photo": {"prefix": "https://igx.4sqi.net/img/user/", "suffix": "/4871803-Z4ZYZQNXJ5WICEQH.jpg"}, "homeCity": "Singapore", "contact": {"facebook": "700804790", "twitter": "inquisitivejune"}, "firstName": "June", "tips": {"count": 1}, "gender": "female", "lastName": "Lim", "lists": {"groups": [{"count": 2, "type": "created", "items": []}]}, "bio": ""}, {"id": "12183346", "photo": {"prefix": "https://igx.4sqi.net/img/user/", "suffix": "/YXNKD4JMZQXYIE4B.jpg"}, "homeCity": "Singapore", "contact": {"facebook": "10153359507805649"}, "firstName": "Kiyoko", "tips": {"count": 1}, "gender": "female", "lastName": "Carmen", "lists": {"groups": [{"count": 5, "type": "created", "items": []}]}, "bio": ""}, {"id": "22309364", "photo": {"prefix": "https://igx.4sqi.net/img/user/", "suffix": "/UVAM2DTHG13QK55S.jpg"}, "homeCity": "Singapore", "contact": {"facebook": "100001380478990"}, "firstName": "Muhd", "tips": {"count": 0}, "gender": "male", "lastName": "Ismarwan", "lists": {"groups": [{"count": 2, "type": "created", "items": []}]}, "bio": ""}, {"id": "5642539", "photo": {"prefix": "https://igx.4sqi.net/img/user/", "suffix": "/RB3J4R3IKJIFLRHM.jpg"}, "homeCity": "Singapore", "contact": {"twitter": "elainelmq"}, "firstName": "Elaine", "tips": {"count": 0}, "gender": "female", "lastName": "Victoria\ud83d\udc51", "lists": {"groups": [{"count": 2, "type": "created", "items": []}]}, "bio": ""}, {"id": "1912501", "photo": {"prefix": "https://igx.4sqi.net/img/user/", "suffix": "/2WMPT41KGDBW5BDI.jpg"}, "homeCity": "\u0e14\u0e34\u0e19\u0e41\u0e14\u0e07, \u0e1b\u0e23\u0e30\u0e40\u0e17\u0e28\u0e44\u0e17\u0e22", "contact": {"facebook": "1594973862"}, "firstName": "Tukta", "tips": {"count": 1}, "gender": "female", "lastName": "Plainarin", "lists": {"groups": [{"count": 3, "type": "created", "items": []}]}, "bio": ""}, {"id": "70244137", "photo": {"prefix": "https://igx.4sqi.net/img/user/", "default": true, "suffix": "/blank_boy.png"}, "homeCity": "Provinsi Kepulauan Riau", "contact": {"facebook": "100001729115980"}, "firstName": "Adam", "tips": {"count": 0}, "gender": "none", "lastName": "Gibbson", "lists": {"groups": [{"count": 2, "type": "created", "items": []}]}, "bio": ""}, {"id": "2906105", "photo": {"prefix": "https://igx.4sqi.net/img/user/", "suffix": "/3MJGPHA4RUVIZA5Y.jpg"}, "homeCity": "Singapore", "contact": {"facebook": "1330215142", "twitter": "jasonbraveman"}, "firstName": "Jason", "tips": {"count": 0}, "gender": "male", "lastName": "Ang", "lists": {"groups": [{"count": 4, "type": "created", "items": []}]}, "bio": ""}, {"id": "4102458", "photo": {"prefix": "https://igx.4sqi.net/img/user/", "suffix": "/CKJNSLX5S1TQN53J.jpg"}, "homeCity": "Singapore", "contact": {"twitter": "derekkgohh"}, "firstName": "Derek", "tips": {"count": 0}, "gender": "male", "lastName": "Goh", "lists": {"groups": [{"count": 2, "type": "created", "items": []}]}, "bio": ""}, {"id": "3325352", "photo": {"prefix": "https://igx.4sqi.net/img/user/", "default": true, "suffix": "/blank_boy.png"}, "homeCity": "Singapore", "contact": {}, "firstName": "Muhamad", "tips": {"count": 0}, "gender": "male", "lastName": "Kamal", "lists": {"groups": [{"count": 2, "type": "created", "items": []}]}, "bio": ""}, {"id": "4707399", "photo": {"prefix": "https://igx.4sqi.net/img/user/", "suffix": "/Z0QRIYN234322D1Q.jpg"}, "homeCity": "Singapore", "contact": {"facebook": "551437265"}, "firstName": "Lee", "tips": {"count": 0}, "gender": "male", "lastName": "Adam", "lists": {"groups": [{"count": 2, "type": "created", "items": []}]}, "bio": ""}, {"id": "4220477", "photo": {"prefix": "https://igx.4sqi.net/img/user/", "suffix": "/4220477-RSUZBEA1HWELXI34.jpg"}, "homeCity": "Singapore", "contact": {"twitter": "jaylaemilyy"}, "firstName": "em", "tips": {"count": 0}, "gender": "female", "lastName": "emilly", "lists": {"groups": [{"count": 2, "type": "created", "items": []}]}, "bio": ""}, {"id": "1320456", "photo": {"prefix": "https://igx.4sqi.net/img/user/", "suffix": "/DS4NK4LD13XBC1HM.jpg"}, "homeCity": "Hougang, Singapore", "contact": {}, "firstName": "Ivy", "tips": {"count": 0}, "gender": "female", "lastName": "Ho", "lists": {"groups": [{"count": 2, "type": "created", "items": []}]}, "bio": ""}, {"id": "2610530", "photo": {"prefix": "https://igx.4sqi.net/img/user/", "suffix": "/K25ULWHR0EV2AEO0.jpg"}, "homeCity": "Here", "contact": {"facebook": "1591630167", "twitter": "stellaaaho"}, "firstName": "Stellaaa", "tips": {"count": 0}, "gender": "female", "lastName": "Hhl", "lists": {"groups": [{"count": 2, "type": "created", "items": []}]}, "bio": "Tell me where you are."}, {"id": "39148393", "photo": {"prefix": "https://igx.4sqi.net/img/user/", "suffix": "/I4FGLXVCTMI1DD2T.jpg"}, "homeCity": "New York, NY", "contact": {"facebook": "1508966298"}, "firstName": "Chung Hau", "tips": {"count": 0}, "gender": "male", "lastName": "Lim", "lists": {"groups": [{"count": 2, "type": "created", "items": []}]}, "bio": ""}, {"id": "10636048", "photo": {"prefix": "https://igx.4sqi.net/img/user/", "suffix": "/UUIIYCK4DTE4KJLY.jpg"}, "homeCity": "Singapore", "contact": {"facebook": "676498888"}, "firstName": "Liting", "tips": {"count": 0}, "gender": "female", "lastName": "Ng", "lists": {"groups": [{"count": 2, "type": "created", "items": []}]}, "bio": ""}, {"id": "4470662", "photo": {"prefix": "https://igx.4sqi.net/img/user/", "suffix": "/IFWEDELXW0LPLLRI.jpg"}, "homeCity": "Singapore", "contact": {"facebook": "100001265058186", "twitter": "ribbonrocket"}, "firstName": "Michelle", "tips": {"count": 0}, "gender": "female", "lastName": "Tickled Pink", "lists": {"groups": [{"count": 2, "type": "created", "items": []}]}, "bio": ""}, {"id": "6989229", "photo": {"prefix": "https://igx.4sqi.net/img/user/", "suffix": "/G3CYZAXQ2NIUAD4R.jpg"}, "homeCity": "Singapore", "contact": {"facebook": "100002908024507"}, "firstName": "Jonathan", "tips": {"count": 1}, "gender": "male", "lastName": "Neo", "lists": {"groups": [{"count": 2, "type": "created", "items": []}]}, "bio": ""}, {"id": "25222344", "photo": {"prefix": "https://igx.4sqi.net/img/user/", "suffix": "/LCP42QJL3KKJ4RYB.jpg"}, "homeCity": "Singapore", "contact": {"facebook": "1050608489", "twitter": "missyaxq"}, "firstName": "Tada", "tips": {"count": 0}, "gender": "female", "lists": {"groups": [{"count": 2, "type": "created", "items": []}]}, "bio": ""}, {"id": "7687216", "photo": {"prefix": "https://igx.4sqi.net/img/user/", "suffix": "/5VS1FX1DR2QJFN2U.jpg"}, "homeCity": "Singapore", "contact": {}, "firstName": "Andy", "tips": {"count": 1}, "gender": "male", "lastName": "Lin", "lists": {"groups": [{"count": 2, "type": "created", "items": []}]}, "bio": ""}, {"id": "13466367", "photo": {"prefix": "https://igx.4sqi.net/img/user/", "suffix": "/13466367-11AA2DFE3UJORPTG.jpg"}, "homeCity": "Singapore", "contact": {"facebook": "100002400551709"}, "firstName": "Piggy", "tips": {"count": 0}, "gender": "female", "lastName": "Emily", "lists": {"groups": [{"count": 5, "type": "created", "items": []}]}, "bio": "\u6211\u53ea\u60f3\u8981\u4f60\u7231\u6211\u591a\u4e00\u70b9\u2665"}, {"id": "5684889", "photo": {"prefix": "https://igx.4sqi.net/img/user/", "suffix": "/UPUDWOE12OWAAFTC.jpg"}, "homeCity": "Singapore", "contact": {"facebook": "100001789761281"}, "firstName": "Emily", "tips": {"count": 0}, "gender": "female", "lastName": "Darling Eunice", "lists": {"groups": [{"count": 2, "type": "created", "items": []}]}, "bio": ""}, {"id": "2194012", "photo": {"prefix": "https://igx.4sqi.net/img/user/", "suffix": "/JJI1VVCTW2PIAJN2.jpg"}, "homeCity": "Singapore", "contact": {"twitter": "25thjanuary"}, "firstName": "Nana", "tips": {"count": 1}, "gender": "female", "lastName": "Lawletta", "lists": {"groups": [{"count": 2, "type": "created", "items": []}]}, "bio": ""}, {"id": "3527215", "photo": {"prefix": "https://igx.4sqi.net/img/user/", "suffix": "/CTANFUXJN4IBGFM4.jpg"}, "homeCity": "Singapore", "contact": {"facebook": "10155393396180137", "twitter": "lfranciszh"}, "firstName": "Francis", "tips": {"count": 0}, "gender": "male", "lastName": "Liew", "lists": {"groups": [{"count": 2, "type": "created", "items": []}]}, "bio": ""}, {"id": "4189186", "photo": {"prefix": "https://igx.4sqi.net/img/user/", "suffix": "/EWS2EJKIINDXE5DI.jpg"}, "homeCity": "Din Daeng, Thailand", "contact": {"facebook": "662839596"}, "firstName": "Pantipa", "tips": {"count": 1}, "gender": "female", "lastName": "Rachoo", "lists": {"groups": [{"count": 2, "type": "created", "items": []}]}, "bio": ""}, {"id": "3326793", "photo": {"prefix": "https://igx.4sqi.net/img/user/", "suffix": "/U0FNDDGAKDQIS4L1.jpg"}, "homeCity": "Singapore", "contact": {"facebook": "555423556", "twitter": "jeffhighonbass"}, "firstName": "Jeff", "tips": {"count": 2}, "gender": "male", "lastName": "Loe", "lists": {"groups": [{"count": 2, "type": "created", "items": []}]}, "bio": ""}, {"id": "4929263", "photo": {"prefix": "https://igx.4sqi.net/img/user/", "suffix": "/XHI0YHZDNBTWFGAO.jpg"}, "homeCity": "Singapore", "contact": {"facebook": "593401309"}, "firstName": "Jevan", "tips": {"count": 0}, "gender": "none", "lastName": "Lim", "lists": {"groups": [{"count": 2, "type": "created", "items": []}]}, "bio": ""}, {"id": "2418269", "photo": {"prefix": "https://igx.4sqi.net/img/user/", "suffix": "/TW24WXTQZQQOVM32.jpg"}, "homeCity": "Singapore", "contact": {"facebook": "884060404", "twitter": "helmsross"}, "firstName": "Helms", "tips": {"count": 0}, "gender": "male", "lastName": "Baijuri", "lists": {"groups": [{"count": 2, "type": "created", "items": []}]}, "bio": ""}, {"id": "2748068", "photo": {"prefix": "https://igx.4sqi.net/img/user/", "suffix": "/2O4WLBPHWX5ERETZ.jpg"}, "homeCity": "Singapore", "contact": {"facebook": "702215189", "twitter": "bbxqm"}, "firstName": "BaBa", "tips": {"count": 1}, "gender": "female", "lastName": "QM", "lists": {"groups": [{"count": 2, "type": "created", "items": []}]}, "bio": ""}, {"id": "11591710", "photo": {"prefix": "https://igx.4sqi.net/img/user/", "suffix": "/A23E0QQU4M3EK424.jpg"}, "homeCity": "Singapore", "contact": {"facebook": "688576588"}, "firstName": "Bing", "tips": {"count": 0}, "gender": "male", "lastName": "Ru", "lists": {"groups": [{"count": 2, "type": "created", "items": []}]}, "bio": ""}, {"id": "4545123", "photo": {"prefix": "https://igx.4sqi.net/img/user/", "suffix": "/PPXG415RNWBPG3VW.jpg"}, "homeCity": "Singapore", "contact": {}, "firstName": "Faviia", "tips": {"count": 0}, "gender": "female", "lastName": "Hoo", "lists": {"groups": [{"count": 2, "type": "created", "items": []}]}, "bio": ""}, {"id": "7230856", "photo": {"prefix": "https://igx.4sqi.net/img/user/", "suffix": "/1B0NDGTODP2PZNHF.jpg"}, "homeCity": "Singapore", "contact": {"facebook": "719523788"}, "firstName": "Si yuan", "tips": {"count": 0}, "gender": "male", "lastName": "Yeo", "lists": {"groups": [{"count": 2, "type": "created", "items": []}]}, "bio": ""}, {"id": "25591861", "photo": {"prefix": "https://igx.4sqi.net/img/user/", "suffix": "/4KVWSGRVPOFHKUFE.jpg"}, "homeCity": "New York, NY", "contact": {}, "firstName": "Vinnettexo", "tips": {"count": 2}, "gender": "female", "lists": {"groups": [{"count": 2, "type": "created", "items": []}]}, "bio": ""}, {"id": "7931331", "photo": {"prefix": "https://igx.4sqi.net/img/user/", "suffix": "/GTUSI2O2U3MIHXYD.jpg"}, "homeCity": "Singapore", "contact": {"facebook": "1203392344", "twitter": "tigrexyyeo"}, "firstName": "David", "tips": {"count": 3}, "gender": "male", "lastName": "yeo", "lists": {"groups": [{"count": 2, "type": "created", "items": []}]}, "bio": ""}, {"id": "20230533", "photo": {"prefix": "https://igx.4sqi.net/img/user/", "suffix": "/D5J2X54QHYBXUY5W.jpg"}, "homeCity": "New York, NY", "contact": {"facebook": "573354074"}, "firstName": "Vanessa", "tips": {"count": 0}, "gender": "female", "lastName": "Ahh Tian", "lists": {"groups": [{"count": 2, "type": "created", "items": []}]}, "bio": ""}, {"id": "5819680", "photo": {"prefix": "https://igx.4sqi.net/img/user/", "suffix": "/CV4KTOEJLFGFA34V.jpg"}, "homeCity": "Singapore", "contact": {}, "firstName": "Dream", "tips": {"count": 0}, "gender": "female", "lastName": "Liu", "lists": {"groups": [{"count": 2, "type": "created", "items": []}]}, "bio": ""}, {"id": "2292896", "photo": {"prefix": "https://igx.4sqi.net/img/user/", "suffix": "/2292896-0NR4YLDEOYQJEOCY.jpg"}, "homeCity": "Singapore", "contact": {"facebook": "10153084550437540", "twitter": "jeremygemstarr"}, "firstName": "Jeremy", "tips": {"count": 4}, "gender": "male", "lastName": "GemStarr", "lists": {"groups": [{"count": 2, "type": "created", "items": []}]}, "bio": "DJ GemStarr, Resident DJ of DREAM & Playhouse. DJ Instructor @ Ministry Of DJs. Co-Founder of the $UPAFELLAZ! Crew. Follow me on Instagram @jeremygemstarr"}, {"id": "3870851", "photo": {"prefix": "https://igx.4sqi.net/img/user/", "default": true, "suffix": "/blank_boy.png"}, "homeCity": "Singapore", "contact": {}, "firstName": "Jackson", "tips": {"count": 0}, "gender": "male", "lastName": "Teo", "lists": {"groups": [{"count": 2, "type": "created", "items": []}]}, "bio": ""}, {"id": "5358534", "photo": {"prefix": "https://igx.4sqi.net/img/user/", "suffix": "/5358534-2D2F1FSFNYOJINXC.jpg"}, "homeCity": "Singapore", "contact": {"twitter": "trishaatan"}, "firstName": "Trisha", "tips": {"count": 0}, "gender": "female", "lastName": "Tan", "lists": {"groups": [{"count": 2, "type": "created", "items": []}]}, "bio": ""}, {"id": "4793843", "photo": {"prefix": "https://igx.4sqi.net/img/user/", "suffix": "/VMDIUX13K5GJWVZ0.jpg"}, "homeCity": "Singapore", "contact": {"facebook": "574568676", "twitter": "adamwenkai"}, "firstName": "Adam", "tips": {"count": 0}, "gender": "male", "lastName": "Wenkai", "lists": {"groups": [{"count": 2, "type": "created", "items": []}]}, "bio": ""}, {"id": "8312754", "photo": {"prefix": "https://igx.4sqi.net/img/user/", "suffix": "/8312754-3DJBARUNUA25VHO2.jpg"}, "homeCity": "Singapore", "contact": {"twitter": "kybeatrice"}, "firstName": "Kaying Beatrice", "tips": {"count": 0}, "gender": "female", "lastName": "Lam", "lists": {"groups": [{"count": 2, "type": "created", "items": []}]}, "bio": ""}, {"id": "2584445", "photo": {"prefix": "https://igx.4sqi.net/img/user/", "suffix": "/5FXO5ECOVIJ2GIDV.jpg"}, "homeCity": "Singapore", "contact": {"facebook": "662469987", "twitter": "jocelyntipsy"}, "firstName": "Jocelyn", "tips": {"count": 0}, "gender": "female", "lastName": "Tan", "lists": {"groups": [{"count": 2, "type": "created", "items": []}]}, "bio": ""}, {"id": "3173761", "photo": {"prefix": "https://igx.4sqi.net/img/user/", "suffix": "/5RZRTGOZ3JW0I310.jpg"}, "homeCity": "Singapore", "contact": {"facebook": "1587361812"}, "firstName": "Hafiz", "tips": {"count": 2}, "gender": "male", "lastName": "Chikano", "lists": {"groups": [{"count": 2, "type": "created", "items": []}]}, "bio": ""}, {"id": "13419333", "photo": {"prefix": "https://igx.4sqi.net/img/user/", "suffix": "/13419333-CTM0BZDZSPBFMDFS.jpg"}, "homeCity": "Samut Prakan, Thailand", "contact": {"twitter": "carelesslyox"}, "firstName": "Yogyokyox'", "tips": {"count": 1}, "gender": "female", "lastName": "Watvoraseth", "lists": {"groups": [{"count": 2, "type": "created", "items": []}]}, "bio": ""}, {"id": "5155961", "photo": {"prefix": "https://igx.4sqi.net/img/user/", "suffix": "/WBTVVEMNKTQAFKTN.jpg"}, "homeCity": "Singapore", "contact": {"facebook": "738561731", "twitter": "viiarenice"}, "firstName": "Essa", "tips": {"count": 3}, "gender": "female", "lastName": "Love", "lists": {"groups": [{"count": 2, "type": "created", "items": []}]}, "bio": ""}, {"id": "10693057", "photo": {"prefix": "https://igx.4sqi.net/img/user/", "suffix": "/31LFIOXNPSHAZABK.jpg"}, "homeCity": "\u0e01\u0e23\u0e38\u0e07\u0e40\u0e17\u0e1e\u0e21\u0e2b\u0e32\u0e19\u0e04\u0e23, \u0e1b\u0e23\u0e30\u0e40\u0e17\u0e28\u0e44\u0e17\u0e22", "contact": {"facebook": "646291918", "twitter": "king_chybub"}, "firstName": "King", "tips": {"count": 0}, "gender": "female", "lastName": "Taechanarong", "lists": {"groups": [{"count": 2, "type": "created", "items": []}]}, "bio": ""}, {"id": "25710673", "photo": {"prefix": "https://igx.4sqi.net/img/user/", "suffix": "/TW35C2ZIHBCYDKW4.jpg"}, "homeCity": "Singapore", "contact": {"facebook": "100002505814900"}, "firstName": "Anna", "tips": {"count": 1}, "gender": "female", "lastName": "Ezad", "lists": {"groups": [{"count": 2, "type": "created", "items": []}]}, "bio": ""}, {"id": "10053069", "photo": {"prefix": "https://igx.4sqi.net/img/user/", "suffix": "/FNURRQT0YRAYJQJL.jpg"}, "homeCity": "Singapore", "contact": {"facebook": "567112491"}, "firstName": "Dewa T.Kervin", "tips": {"count": 10}, "gender": "male", "lists": {"groups": [{"count": 2, "type": "created", "items": []}]}, "bio": ""}, {"id": "30346076", "photo": {"prefix": "https://igx.4sqi.net/img/user/", "suffix": "/30346076-CNM5MGVGUR1WZURI.jpg"}, "homeCity": "Pathum Thani", "contact": {"facebook": "100001083447669", "twitter": "natnch13"}, "firstName": "\u0e1e.", "tips": {"count": 1}, "gender": "female", "lists": {"groups": [{"count": 2, "type": "created", "items": []}]}, "bio": ""}, {"id": "5920421", "photo": {"prefix": "https://igx.4sqi.net/img/user/", "suffix": "/EOYN3MPYIXIJWIGY.jpg"}, "homeCity": "Singapore", "contact": {}, "firstName": "Jm", "tips": {"count": 1}, "gender": "male", "lastName": "Leong", "lists": {"groups": [{"count": 2, "type": "created", "items": []}]}, "bio": ""}, {"id": "2623531", "photo": {"prefix": "https://igx.4sqi.net/img/user/", "suffix": "/K1YL0W3RYWXP33QU.jpg"}, "homeCity": "Singapore", "contact": {"facebook": "1039614726", "twitter": "elizabethggh"}, "firstName": "Elizabeth", "tips": {"count": 8}, "gender": "none", "lastName": "Goh", "lists": {"groups": [{"count": 2, "type": "created", "items": []}]}, "bio": ""}, {"id": "3933529", "photo": {"prefix": "https://igx.4sqi.net/img/user/", "suffix": "/BPTVWTHYM3EFWKDZ.jpg"}, "homeCity": "Singapore", "contact": {}, "firstName": "Mervin", "tips": {"count": 2}, "gender": "male", "lastName": "Zeng", "lists": {"groups": [{"count": 2, "type": "created", "items": []}]}, "bio": ""}, {"id": "63185503", "photo": {"prefix": "https://igx.4sqi.net/img/user/", "suffix": "/TSY5HOELIYAFVN4L.jpg"}, "homeCity": "Singapore", "contact": {"facebook": "1749452255", "twitter": "ivyadonicayx"}, "firstName": "Ivy", "tips": {"count": 0}, "gender": "female", "lastName": "Adonica", "lists": {"groups": [{"count": 2, "type": "created", "items": []}]}, "bio": ""}, {"id": "9310305", "photo": {"prefix": "https://igx.4sqi.net/img/user/", "suffix": "/4KVPCJ1AWU2FBUXT.jpg"}, "homeCity": "Singapore", "contact": {"facebook": "1074985499"}, "firstName": "Amandy", "tips": {"count": 0}, "gender": "female", "lists": {"groups": [{"count": 2, "type": "created", "items": []}]}, "bio": ""}, {"id": "8320567", "photo": {"prefix": "https://igx.4sqi.net/img/user/", "suffix": "/8320567-I1JMD0MQWHBLOJ12.jpg"}, "homeCity": "Singapore", "contact": {"facebook": "10206091879239863", "twitter": "meiqitoh"}, "firstName": "Meiqi", "tips": {"count": 3}, "gender": "female", "lastName": "Toh", "lists": {"groups": [{"count": 2, "type": "created", "items": []}]}, "bio": ""}, {"id": "2716533", "photo": {"prefix": "https://igx.4sqi.net/img/user/", "suffix": "/ES5BV052LMP12FBG.jpg"}, "homeCity": "Singapore", "contact": {"facebook": "549389448"}, "firstName": "Theresa", "tips": {"count": 0}, "gender": "female", "lastName": "Teo", "lists": {"groups": [{"count": 2, "type": "created", "items": []}]}, "bio": ""}, {"id": "3263378", "photo": {"prefix": "https://igx.4sqi.net/img/user/", "suffix": "/LA4YCMH0QOEGGKRT.jpg"}, "homeCity": "Singapore", "contact": {"facebook": "788939092", "twitter": "derrick_nq"}, "firstName": "Derrick", "tips": {"count": 0}, "gender": "male", "lastName": "Ng", "lists": {"groups": [{"count": 2, "type": "created", "items": []}]}, "bio": ""}, {"id": "28059785", "photo": {"prefix": "https://igx.4sqi.net/img/user/", "suffix": "/3LWSM2J0AS5QXOVA.jpg"}, "homeCity": "New York, NY", "contact": {"facebook": "611034704", "twitter": "bryanmaoo"}, "firstName": "Bryan", "tips": {"count": 1}, "gender": "male", "lastName": "Lim", "lists": {"groups": [{"count": 2, "type": "created", "items": []}]}, "bio": ""}, {"id": "6193874", "photo": {"prefix": "https://igx.4sqi.net/img/user/", "suffix": "/IKQASEA33YXJGINS.jpg"}, "homeCity": "Singapore", "contact": {}, "firstName": "Beverley", "tips": {"count": 0}, "gender": "female", "lastName": "Matilda", "lists": {"groups": [{"count": 2, "type": "created", "items": []}]}, "bio": ""}, {"id": "11664786", "photo": {"prefix": "https://igx.4sqi.net/img/user/", "suffix": "/EV0AX3HVKMG2OGOU.jpg"}, "homeCity": "Singapore", "contact": {"facebook": "587906472", "twitter": "jcmt7"}, "firstName": "Joelene", "tips": {"count": 0}, "gender": "female", "lastName": "Chong", "lists": {"groups": [{"count": 2, "type": "created", "items": []}]}, "bio": ""}, {"id": "26272123", "photo": {"prefix": "https://igx.4sqi.net/img/user/", "default": true, "suffix": "/blank_girl.png"}, "homeCity": "New York, NY", "contact": {"facebook": "1636376642"}, "firstName": "Guo", "tips": {"count": 1}, "gender": "female", "lastName": "Suki", "lists": {"groups": [{"count": 2, "type": "created", "items": []}]}, "bio": ""}, {"id": "17638228", "photo": {"prefix": "https://igx.4sqi.net/img/user/", "suffix": "/FE3BADW2AMOI1RP1.jpg"}, "homeCity": "Singapore", "contact": {}, "firstName": "Sylvia", "tips": {"count": 0}, "gender": "female", "lastName": "elmo", "lists": {"groups": [{"count": 2, "type": "created", "items": []}]}, "bio": ""}, {"id": "6078890", "photo": {"prefix": "https://igx.4sqi.net/img/user/", "suffix": "/D5IYG1XJSAJD5X3I.jpg"}, "homeCity": "Singapore", "contact": {}, "firstName": "Greg", "tips": {"count": 2}, "gender": "male", "lastName": "Tan", "lists": {"groups": [{"count": 2, "type": "created", "items": []}]}, "bio": ""}, {"id": "2746988", "photo": {"prefix": "https://igx.4sqi.net/img/user/", "suffix": "/MCJODR1P4LTRDORM.jpg"}, "homeCity": "Singapore", "contact": {"facebook": "572812629", "twitter": "jannicel"}, "firstName": "Janice", "tips": {"count": 1}, "gender": "female", "lastName": "Slapsyou!", "lists": {"groups": [{"count": 2, "type": "created", "items": []}]}, "bio": ""}, {"id": "3943531", "photo": {"prefix": "https://igx.4sqi.net/img/user/", "suffix": "/DZCYWFAYMCCPGHNO.jpg"}, "homeCity": "Singapore", "contact": {}, "firstName": "Michelle", "tips": {"count": 0}, "gender": "female", "lastName": "Tickled Pink", "lists": {"groups": [{"count": 2, "type": "created", "items": []}]}, "bio": ""}, {"id": "11940195", "photo": {"prefix": "https://igx.4sqi.net/img/user/", "suffix": "/11940195-2SPCNOKIPOLLL0QH.jpg"}, "homeCity": "Singapore", "contact": {"facebook": "100002599443775", "twitter": "wyonnaw"}, "firstName": "Wyonna", "tips": {"count": 0}, "gender": "female", "lastName": "Wee", "lists": {"groups": [{"count": 2, "type": "created", "items": []}]}, "bio": "Follow me on Instagram @wyonnaaa\r\n\ud83d\udcac dollycrap.blogspot.sg\n\ud83d\udc7bchat : wyonnaaa\n\ud83d\udcf8 insta: wyonnaaa"}, {"id": "8550369", "photo": {"prefix": "https://igx.4sqi.net/img/user/", "suffix": "/8550369-Z3TH0XAOIYZCQCSS.jpg"}, "homeCity": "singapore", "contact": {"twitter": "yannishiew"}, "firstName": "Yannis", "tips": {"count": 1}, "gender": "female", "lastName": "Hiew", "lists": {"groups": [{"count": 3, "type": "created", "items": []}]}, "bio": ""}, {"id": "2999979", "photo": {"prefix": "https://igx.4sqi.net/img/user/", "suffix": "/J4S5GKIJ0LXJKCWK.jpg"}, "homeCity": "Singapore", "contact": {"facebook": "1012896341", "twitter": "bensrule"}, "firstName": "Ben", "tips": {"count": 0}, "gender": "male", "lastName": "chew", "lists": {"groups": [{"count": 2, "type": "created", "items": []}]}, "bio": ""}, {"id": "3854923", "photo": {"prefix": "https://igx.4sqi.net/img/user/", "suffix": "/CMC3RQOHUSSEALSS.jpg"}, "homeCity": "Singapore", "contact": {"facebook": "1599133961", "twitter": "kevynkitty"}, "firstName": "Kevyn", "tips": {"count": 0}, "gender": "female", "lastName": "Kitty", "lists": {"groups": [{"count": 2, "type": "created", "items": []}]}, "bio": ""}, {"id": "6448122", "photo": {"prefix": "https://igx.4sqi.net/img/user/", "suffix": "/6448122-QRYJIF4XUS3MI0FF.jpg"}, "homeCity": "Singapore", "contact": {"facebook": "827670073960609", "twitter": "lustlovedesire"}, "firstName": "Cassandra", "tips": {"count": 1}, "gender": "female", "lists": {"groups": [{"count": 2, "type": "created", "items": []}]}, "bio": ""}, {"id": "11790293", "photo": {"prefix": "https://igx.4sqi.net/img/user/", "suffix": "/2W1XTF2S5FRMWCNX.jpg"}, "homeCity": "Singapore", "contact": {"facebook": "100002190277742", "twitter": "at_ariess"}, "firstName": "Aries", "tips": {"count": 0}, "gender": "female", "lastName": "Tan", "lists": {"groups": [{"count": 2, "type": "created", "items": []}]}, "bio": ""}, {"id": "26886740", "photo": {"prefix": "https://igx.4sqi.net/img/user/", "suffix": "/EE32AZXWUCQ5JYPH.jpg"}, "homeCity": "New York, NY", "contact": {"facebook": "634286150"}, "firstName": "Simon", "tips": {"count": 0}, "gender": "male", "lastName": "Ang", "lists": {"groups": [{"count": 2, "type": "created", "items": []}]}, "bio": ""}, {"id": "30805833", "photo": {"prefix": "https://igx.4sqi.net/img/user/", "suffix": "/2EXZNOXLOLT1YUGM.jpg"}, "homeCity": "New York, NY", "contact": {"twitter": "kingdarrenldl"}, "firstName": "Darren", "tips": {"count": 0}, "gender": "male", "lastName": "Lee", "lists": {"groups": [{"count": 2, "type": "created", "items": []}]}, "bio": ""}, {"id": "2960382", "photo": {"prefix": "https://igx.4sqi.net/img/user/", "suffix": "/22XHANTUEFDPEL2B.jpg"}, "homeCity": "Singapore", "contact": {"facebook": "705939891", "twitter": "fauzisyazwan"}, "firstName": "Fauzi", "tips": {"count": 1}, "gender": "male", "lastName": "Mohamad", "lists": {"groups": [{"count": 2, "type": "created", "items": []}]}, "bio": ""}, {"id": "8254210", "photo": {"prefix": "https://igx.4sqi.net/img/user/", "suffix": "/YPZXMKOZGUQ0A20I.jpg"}, "homeCity": "Singapore", "contact": {"facebook": "503115898", "twitter": "yvonnecmyy"}, "firstName": "Yvonne", "tips": {"count": 0}, "gender": "female", "lastName": "Chan", "lists": {"groups": [{"count": 2, "type": "created", "items": []}]}, "bio": ""}, {"id": "64868638", "photo": {"prefix": "https://igx.4sqi.net/img/user/", "suffix": "/JZKYOMIIXV3PQ04B.jpg"}, "homeCity": "Singapore", "contact": {"facebook": "681909787"}, "firstName": "Miki", "tips": {"count": 0}, "gender": "female", "lastName": "Hsu", "lists": {"groups": [{"count": 2, "type": "created", "items": []}]}, "bio": ""}, {"id": "21116138", "photo": {"prefix": "https://igx.4sqi.net/img/user/", "suffix": "/IXY5T30DT0ERAMJC.jpg"}, "homeCity": "Bangkok Metropolis", "contact": {}, "firstName": "IPrince", "tips": {"count": 0}, "gender": "female", "lastName": "UN", "lists": {"groups": [{"count": 2, "type": "created", "items": []}]}, "bio": ""}, {"id": "3092994", "photo": {"prefix": "https://igx.4sqi.net/img/user/", "suffix": "/T3O2WABVFLXU5ICK.jpg"}, "homeCity": "Singapore", "contact": {"facebook": "1249908941", "twitter": "egxhy"}, "firstName": "Ezella", "tips": {"count": 7}, "gender": "female", "lastName": "Goh", "lists": {"groups": [{"count": 2, "type": "created", "items": []}]}, "bio": ""}, {"id": "3962296", "photo": {"prefix": "https://igx.4sqi.net/img/user/", "suffix": "/3962296-QQ4RW01F05JTVV4J.jpg"}, "homeCity": "Singapore", "contact": {"facebook": "548317163", "twitter": "chasingdistance"}, "firstName": "Evangeline", "tips": {"count": 1}, "gender": "female", "lastName": "Irwin", "lists": {"groups": [{"count": 2, "type": "created", "items": []}]}, "bio": ""}, {"id": "7303552", "photo": {"prefix": "https://igx.4sqi.net/img/user/", "suffix": "/EVERUP3PGH2L1MJP.jpg"}, "homeCity": "Singapore", "contact": {"facebook": "1694442081", "twitter": "landychia"}, "firstName": "Landy", "tips": {"count": 6}, "gender": "male", "lists": {"groups": [{"count": 2, "type": "created", "items": []}]}, "bio": ""}, {"id": "11895072", "photo": {"prefix": "https://igx.4sqi.net/img/user/", "suffix": "/RDHPJAXXMZJDW02J.jpg"}, "homeCity": "Singapore ", "contact": {}, "firstName": "Missy", "tips": {"count": 0}, "gender": "female", "lastName": "Axq", "lists": {"groups": [{"count": 2, "type": "created", "items": []}]}, "bio": ""}, {"id": "60887918", "photo": {"prefix": "https://igx.4sqi.net/img/user/", "suffix": "/1JTA5AE2QZA2Y2JP.jpg"}, "homeCity": "Bangkok, Thailand", "contact": {"facebook": "702050872"}, "firstName": "Joyce", "tips": {"count": 0}, "gender": "female", "lastName": "Satitkasem", "lists": {"groups": [{"count": 2, "type": "created", "items": []}]}, "bio": ""}, {"id": "3584632", "photo": {"prefix": "https://igx.4sqi.net/img/user/", "suffix": "/WUUVBSCCX1WSQ1L2.jpg"}, "homeCity": "Singapore", "contact": {"facebook": "529983008", "twitter": "veopoo"}, "firstName": "Felicia", "tips": {"count": 3}, "gender": "female", "lastName": "Ong", "lists": {"groups": [{"count": 2, "type": "created", "items": []}]}, "bio": ""}, {"id": "15899583", "photo": {"prefix": "https://igx.4sqi.net/img/user/", "suffix": "/15899583-SVAN1GTGIXCCXCH2.jpg"}, "homeCity": "Taiwan", "contact": {"twitter": "kiki_chiachi"}, "firstName": "kiki", "tips": {"count": 0}, "gender": "female", "lastName": "_chiachi", "lists": {"groups": [{"count": 6, "type": "created", "items": []}]}, "bio": ""}, {"id": "65930143", "photo": {"prefix": "https://igx.4sqi.net/img/user/", "suffix": "/JIUDBJL4CX4EUGIL.jpg"}, "homeCity": "Singapore", "contact": {"facebook": "621187698"}, "firstName": "Ejaz", "tips": {"count": 0}, "gender": "male", "lastName": "Ho", "lists": {"groups": [{"count": 2, "type": "created", "items": []}]}, "bio": ""}, {"id": "80544121", "photo": {"prefix": "https://igx.4sqi.net/img/user/", "suffix": "/80544121-CKM0VWPW0MPDO1CQ.jpg"}, "homeCity": "", "contact": {}, "firstName": "Karina", "tips": {"count": 0}, "gender": "female", "lastName": "Scott", "lists": {"groups": [{"count": 2, "type": "created", "items": []}]}, "bio": ""}, {"id": "3185444", "photo": {"prefix": "https://igx.4sqi.net/img/user/", "suffix": "/VQMB1ZB0UMQIFLGN.jpg"}, "homeCity": "Singapore", "contact": {"facebook": "1331717025"}, "firstName": "Wennan", "tips": {"count": 0}, "gender": "female", "lastName": "Chen", "lists": {"groups": [{"count": 2, "type": "created", "items": []}]}, "bio": ""}, {"id": "3964447", "photo": {"prefix": "https://igx.4sqi.net/img/user/", "default": true, "suffix": "/blank_girl.png"}, "homeCity": "Singapore", "contact": {"facebook": "611696698"}, "firstName": "leo", "tips": {"count": 0}, "gender": "female", "lastName": "sherlynn", "lists": {"groups": [{"count": 2, "type": "created", "items": []}]}, "bio": ""}, {"id": "18700407", "photo": {"prefix": "https://igx.4sqi.net/img/user/", "suffix": "/ULYZLFPVSJJUP5XH.jpg"}, "homeCity": "France", "contact": {"facebook": "1044487446"}, "firstName": "\u24e2", "tips": {"count": 0}, "gender": "female", "lastName": "shirleyelrihsyi", "lists": {"groups": [{"count": 2, "type": "created", "items": []}]}, "bio": ""}, {"id": "14332020", "photo": {"prefix": "https://igx.4sqi.net/img/user/", "suffix": "/G1EOVIAE4UV2RGXH.jpg"}, "homeCity": "Singapore", "contact": {"facebook": "1072441964", "twitter": "poshhhhh"}, "firstName": "Petrina", "tips": {"count": 0}, "gender": "female", "lastName": "Ong", "lists": {"groups": [{"count": 2, "type": "created", "items": []}]}, "bio": ""}, {"id": "66377649", "photo": {"prefix": "https://igx.4sqi.net/img/user/", "suffix": "/N50DOP1BHYEH1MWB.jpg"}, "homeCity": "Singapore", "contact": {"facebook": "536161022"}, "firstName": "Jy", "tips": {"count": 0}, "gender": "male", "lastName": "Wang", "lists": {"groups": [{"count": 2, "type": "created", "items": []}]}, "bio": ""}, {"id": "3662253", "photo": {"prefix": "https://igx.4sqi.net/img/user/", "suffix": "/3662253-IPKHFCUGX3PFRTY1.jpg"}, "homeCity": "Singapore", "contact": {"facebook": "100001560160125", "twitter": "babylicious88"}, "firstName": "babylicious", "tips": {"count": 2}, "gender": "female", "lists": {"groups": [{"count": 2, "type": "created", "items": []}]}, "bio": ""}, {"id": "3237981", "photo": {"prefix": "https://igx.4sqi.net/img/user/", "suffix": "/CTU2S510SPSJCEGY.jpg"}, "homeCity": "Singapore", "contact": {"facebook": "703882573"}, "firstName": "Matt", "tips": {"count": 8}, "gender": "male", "lastName": "Evans", "lists": {"groups": [{"count": 2, "type": "created", "items": []}]}, "bio": ""}, {"id": "4122923", "photo": {"prefix": "https://igx.4sqi.net/img/user/", "suffix": "/UCQ52YN5EQMP1QBB.jpg"}, "homeCity": "Unnamed Location", "contact": {"facebook": "631922773", "twitter": "gracielimqy"}, "firstName": "Grace", "tips": {"count": 0}, "gender": "female", "lastName": "Lim", "lists": {"groups": [{"count": 2, "type": "created", "items": []}]}, "bio": ""}, {"id": "18822727", "photo": {"prefix": "https://igx.4sqi.net/img/user/", "suffix": "/18822727-G0OFOY355O1MAI0P.jpg"}, "homeCity": "Singapore", "contact": {"facebook": "574346068", "twitter": "estoy_sh"}, "firstName": "Shihui", "tips": {"count": 1}, "gender": "female", "lastName": "Ang", "lists": {"groups": [{"count": 2, "type": "created", "items": []}]}, "bio": ""}, {"id": "3744673", "photo": {"prefix": "https://igx.4sqi.net/img/user/", "suffix": "/3744673-FTRVTDT1R0ONFAP1.jpg"}, "homeCity": "Singapore", "contact": {"facebook": "100001091423269", "twitter": "dorisecretos"}, "firstName": "Doris", "tips": {"count": 14}, "gender": "female", "lastName": "Winatap", "lists": {"groups": [{"count": 2, "type": "created", "items": []}]}, "bio": ""}, {"id": "3424014", "photo": {"prefix": "https://igx.4sqi.net/img/user/", "suffix": "/EWMCCRNPWHMHV2YS.jpg"}, "homeCity": "Singapore", "contact": {}, "firstName": "Li", "tips": {"count": 0}, "gender": "male", "lastName": "Benson", "lists": {"groups": [{"count": 2, "type": "created", "items": []}]}, "bio": ""}, {"id": "4447343", "photo": {"prefix": "https://igx.4sqi.net/img/user/", "suffix": "/H2LBQU53MCJ2FSVJ.jpg"}, "homeCity": "Singapore", "contact": {}, "firstName": "Lucas", "tips": {"count": 0}, "gender": "male", "lastName": "Ong", "lists": {"groups": [{"count": 2, "type": "created", "items": []}]}, "bio": ""}, {"id": "27850351", "photo": {"prefix": "https://igx.4sqi.net/img/user/", "suffix": "/27850351-AK1M10GJHLF3X4HE.jpg"}, "homeCity": "Singapore , SG", "contact": {"facebook": "10153301441353537", "twitter": "skinnnybodies"}, "firstName": "Megan C. Skylar \ud83c\udf3b", "tips": {"count": 1}, "gender": "female", "lists": {"groups": [{"count": 2, "type": "created", "items": []}]}, "bio": "I tweet @Skinnnybodies \u2661.\r\nJust wanna explore the world. \u2708\ud83d\ude80\ud83d\ude81\ud83d\udea4\u26f5\ud83d\ude82\u2693\ud83d\udea3"}, {"id": "5318644", "photo": {"prefix": "https://igx.4sqi.net/img/user/", "suffix": "/VA44BKAHU3WJSAKS.jpg"}, "homeCity": "Singapore", "contact": {"twitter": "shanellim"}, "firstName": "Shanel", "tips": {"count": 0}, "gender": "female", "lastName": "Lim", "lists": {"groups": [{"count": 2, "type": "created", "items": []}]}, "bio": ""}, {"id": "3611951", "photo": {"prefix": "https://igx.4sqi.net/img/user/", "suffix": "/3611951-BZZEIJPUQPDU542K.jpg"}, "homeCity": "Singapore", "contact": {"twitter": "cherieannx3"}, "firstName": "Cherie", "tips": {"count": 2}, "gender": "female", "lastName": "Ann", "lists": {"groups": [{"count": 2, "type": "created", "items": []}]}, "bio": ""}, {"id": "5872290", "photo": {"prefix": "https://igx.4sqi.net/img/user/", "suffix": "/VRAFGRD0N5CZXZBA.jpg"}, "homeCity": "Singapore", "contact": {"facebook": "582572026"}, "firstName": "Jonathan", "tips": {"count": 0}, "gender": "none", "lastName": "Chng", "lists": {"groups": [{"count": 2, "type": "created", "items": []}]}, "bio": ""}, {"id": "9097439", "photo": {"prefix": "https://igx.4sqi.net/img/user/", "suffix": "/3MOAJOX0HZ3P0RTX.jpg"}, "homeCity": "Singapore", "contact": {"facebook": "584425137"}, "firstName": "Ivan", "tips": {"count": 0}, "gender": "male", "lastName": "Drinkdrankdrunk", "lists": {"groups": [{"count": 2, "type": "created", "items": []}]}, "bio": ""}, {"id": "3613235", "photo": {"prefix": "https://igx.4sqi.net/img/user/", "suffix": "/WZGWQ4ZYGRYSI4ON.jpg"}, "homeCity": "Singapore", "contact": {}, "firstName": "Angie", "tips": {"count": 0}, "gender": "female", "lastName": "Choa", "lists": {"groups": [{"count": 2, "type": "created", "items": []}]}, "bio": ""}, {"id": "8722952", "photo": {"prefix": "https://igx.4sqi.net/img/user/", "suffix": "/WNVPT5IBBPCEV1HP.jpg"}, "homeCity": "Singapore", "contact": {"facebook": "679274201"}, "firstName": "Gordon", "tips": {"count": 1}, "gender": "male", "lastName": "Foo", "lists": {"groups": [{"count": 2, "type": "created", "items": []}]}, "bio": ""}, {"id": "3820440", "photo": {"prefix": "https://igx.4sqi.net/img/user/", "suffix": "/3820440-1DJ4NKR05B40DCYY.jpg"}, "homeCity": "Singapore", "contact": {"facebook": "746311799"}, "firstName": "Raymond", "tips": {"count": 1}, "gender": "male", "lastName": "Neo", "lists": {"groups": [{"count": 2, "type": "created", "items": []}]}, "bio": ""}, {"id": "3998794", "photo": {"prefix": "https://igx.4sqi.net/img/user/", "default": true, "suffix": "/blank_boy.png"}, "homeCity": "Singapore", "contact": {"facebook": "682131651", "twitter": "socialboysjason"}, "firstName": "Jason", "tips": {"count": 0}, "gender": "male", "lastName": "Chords", "lists": {"groups": [{"count": 2, "type": "created", "items": []}]}, "bio": ""}, {"id": "4093722", "photo": {"prefix": "https://igx.4sqi.net/img/user/", "suffix": "/4093722-Z0OM0QYEHRAOOT0A.jpg"}, "homeCity": "Singapore", "contact": {"twitter": "unknownknockout"}, "firstName": "Joanna", "tips": {"count": 1}, "gender": "female", "lastName": "Chan", "lists": {"groups": [{"count": 2, "type": "created", "items": []}]}, "bio": ""}, {"id": "4110973", "photo": {"prefix": "https://igx.4sqi.net/img/user/", "suffix": "/ZS2WOGSZE12J140J.jpg"}, "homeCity": "Singapore", "contact": {"facebook": "757749964", "twitter": "thatlaady"}, "firstName": "Yining", "tips": {"count": 0}, "gender": "female", "lastName": "Tan", "lists": {"groups": [{"count": 2, "type": "created", "items": []}]}, "bio": ""}, {"id": "4202976", "photo": {"prefix": "https://igx.4sqi.net/img/user/", "suffix": "/GPRAZKWFFKVKPKZE.jpg"}, "homeCity": "Singapore", "contact": {}, "firstName": "Ben", "tips": {"count": 0}, "gender": "male", "lastName": "Goh", "lists": {"groups": [{"count": 2, "type": "created", "items": []}]}, "bio": ""}, {"id": "4426542", "photo": {"prefix": "https://igx.4sqi.net/img/user/", "suffix": "/4426542-OKPA5IJ4H1KBF0WE.jpg"}, "homeCity": "Singapore", "contact": {"facebook": "665899820", "twitter": "sherylbel"}, "firstName": "Sheryl", "tips": {"count": 1}, "gender": "female", "lastName": "Bella", "lists": {"groups": [{"count": 2, "type": "created", "items": []}]}, "bio": ""}, {"id": "4476646", "photo": {"prefix": "https://igx.4sqi.net/img/user/", "suffix": "/QMFZ32TP5EX4DU4S.jpg"}, "homeCity": "Singapore", "contact": {"facebook": "614307383"}, "firstName": "Mohamed", "tips": {"count": 0}, "gender": "male", "lastName": "Redza", "lists": {"groups": [{"count": 2, "type": "created", "items": []}]}, "bio": ""}, {"id": "4482061", "photo": {"prefix": "https://igx.4sqi.net/img/user/", "suffix": "/ZUZCGBMSKU1MVW0E.jpg"}, "homeCity": "Singapore", "contact": {"facebook": "677621121"}, "firstName": "Samson", "tips": {"count": 1}, "gender": "male", "lastName": "Lee", "lists": {"groups": [{"count": 2, "type": "created", "items": []}]}, "bio": ""}, {"id": "4487855", "photo": {"prefix": "https://igx.4sqi.net/img/user/", "suffix": "/4487855-XF3T0SKRDLMBM00Z.jpg"}, "homeCity": "Singapore", "contact": {"twitter": "yourmotherugly"}, "firstName": "\u2726Sandy", "tips": {"count": 26}, "gender": "female", "lists": {"groups": [{"count": 2, "type": "created", "items": []}]}, "bio": "Chinese/Thai"}, {"id": "5961647", "photo": {"prefix": "https://igx.4sqi.net/img/user/", "suffix": "/VFQMUKQOHGJPQ34P.jpg"}, "homeCity": "Singapore", "contact": {"facebook": "1148507931", "twitter": "lovexxue"}, "firstName": "Sour", "tips": {"count": 0}, "gender": "female", "lastName": "Shirss", "lists": {"groups": [{"count": 2, "type": "created", "items": []}]}, "bio": ""}, {"id": "8778005", "photo": {"prefix": "https://igx.4sqi.net/img/user/", "suffix": "/EE4XSKUKVVGCUS3X.jpg"}, "homeCity": "Singapore", "contact": {"facebook": "639073280"}, "firstName": "Jacky", "tips": {"count": 0}, "gender": "male", "lastName": "Ho", "lists": {"groups": [{"count": 2, "type": "created", "items": []}]}, "bio": ""}]}, "checksum": "f7727ab2c8978342ca6c8e90194c340317dde8d2"}}