{"notifications": [{"type": "notificationTray", "item": {"unreadCount": 0}}], "response": {"friends": {"items": [{"tips": {"count": 0}, "contact": {}, "firstName": "Man", "gender": "male", "id": "3509779", "bio": "", "photo": {"prefix": "https://igx.4sqi.net/img/user/", "suffix": "/blank_boy.png", "default": true}, "homeCity": "Singapore", "lists": {"groups": [{"items": [], "count": 2, "type": "created"}]}}, {"tips": {"count": 0}, "contact": {"facebook": "512982002"}, "firstName": "NaNa", "gender": "female", "id": "1929477", "bio": "", "photo": {"prefix": "https://igx.4sqi.net/img/user/", "suffix": "/DQMV5TBS1XKETXWR.jpg"}, "homeCity": "Singapore", "lists": {"groups": [{"items": [], "count": 2, "type": "created"}]}}, {"tips": {"count": 2}, "contact": {}, "firstName": "Koh", "gender": "male", "lastName": "Vincent", "id": "3530067", "bio": "", "photo": {"prefix": "https://igx.4sqi.net/img/user/", "suffix": "/2SIQFMQBAUGNIVKC.jpg"}, "homeCity": "Singapore", "lists": {"groups": [{"items": [], "count": 2, "type": "created"}]}}, {"tips": {"count": 1}, "contact": {"twitter": "loveschar", "facebook": "701268930"}, "firstName": "Char", "gender": "female", "lastName": "Lene", "id": "3458612", "bio": "", "photo": {"prefix": "https://igx.4sqi.net/img/user/", "suffix": "/VWUFL1HVEVVQN2OC.jpg"}, "homeCity": "Singapore", "lists": {"groups": [{"items": [], "count": 2, "type": "created"}]}}, {"tips": {"count": 8}, "contact": {"twitter": "beejaeee", "facebook": "631516858"}, "firstName": "beejaee", "gender": "none", "lastName": "guo", "id": "991873", "bio": "", "photo": {"prefix": "https://igx.4sqi.net/img/user/", "suffix": "/NXWT1SHTKQF0CMYU.jpg"}, "homeCity": "Singapore", "lists": {"groups": [{"items": [], "count": 2, "type": "created"}]}}, {"tips": {"count": 1}, "contact": {}, "firstName": "Summerise", "gender": "female", "lastName": "Annie", "id": "2641807", "bio": "", "photo": {"prefix": "https://igx.4sqi.net/img/user/", "suffix": "/-TTQHE5PTGR4NVLHA.jpg"}, "homeCity": "Singapore", "lists": {"groups": [{"items": [], "count": 2, "type": "created"}]}}, {"tips": {"count": 1}, "contact": {"facebook": "100000582985052"}, "firstName": "Juneilly", "gender": "female", "lastName": "Junne", "id": "3316218", "bio": "", "photo": {"prefix": "https://igx.4sqi.net/img/user/", "suffix": "/H1UWHBG35BGAIIDE.jpg"}, "homeCity": "Singapore", "lists": {"groups": [{"items": [], "count": 2, "type": "created"}]}}, {"tips": {"count": 0}, "contact": {"twitter": "caslin090904", "facebook": "645350695"}, "firstName": "Caslin", "gender": "female", "lastName": "belle", "id": "2153238", "bio": "", "photo": {"prefix": "https://igx.4sqi.net/img/user/", "suffix": "/ZNBBMLE2FJSX5N3X.jpg"}, "homeCity": "Pair Ris, Singapore", "lists": {"groups": [{"items": [], "count": 2, "type": "created"}]}}, {"tips": {"count": 2}, "contact": {}, "firstName": "Rickson", "gender": "male", "id": "2471355", "bio": "", "photo": {"prefix": "https://igx.4sqi.net/img/user/", "suffix": "/CSR3Y1VNUIQOCDFM.jpg"}, "homeCity": "Singapore", "lists": {"groups": [{"items": [], "count": 2, "type": "created"}]}}, {"tips": {"count": 4}, "contact": {"facebook": "526962100"}, "firstName": "Jay", "gender": "male", "lastName": "Sephiroth", "id": "3108199", "bio": "", "photo": {"prefix": "https://igx.4sqi.net/img/user/", "suffix": "/P5LQ4OJKPSCVHIV2.jpg"}, "homeCity": "Singapore", "lists": {"groups": [{"items": [], "count": 2, "type": "created"}]}}, {"tips": {"count": 0}, "contact": {"facebook": "619408421"}, "firstName": "Steve", "gender": "male", "lastName": "Pang", "id": "3141353", "bio": "", "photo": {"prefix": "https://igx.4sqi.net/img/user/", "suffix": "/UWRJO4RELZK4HFNE.jpg"}, "homeCity": "Singapore", "lists": {"groups": [{"items": [], "count": 2, "type": "created"}]}}, {"tips": {"count": 1}, "contact": {}, "firstName": "Issey", "gender": "female", "lastName": "Lim", "id": "3468858", "bio": "", "photo": {"prefix": "https://igx.4sqi.net/img/user/", "suffix": "/ECOSUFQ3NNZIJHYK.jpg"}, "homeCity": "Singapore", "lists": {"groups": [{"items": [], "count": 2, "type": "created"}]}}, {"tips": {"count": 0}, "contact": {"facebook": "726812007"}, "firstName": "Amy", "gender": "female", "lastName": "Tan", "id": "3490659", "bio": "", "photo": {"prefix": "https://igx.4sqi.net/img/user/", "suffix": "/YLLO1VSNJ3WJX2OL.jpg"}, "homeCity": "Singapore", "lists": {"groups": [{"items": [], "count": 2, "type": "created"}]}}, {"tips": {"count": 1}, "contact": {"twitter": "kkenchar", "facebook": "644526351"}, "firstName": "Charken", "gender": "male", "id": "3492392", "bio": "", "photo": {"prefix": "https://igx.4sqi.net/img/user/", "suffix": "/B1FRFF45BRYJKQ1V.jpg"}, "homeCity": "Singapore", "lists": {"groups": [{"items": [], "count": 2, "type": "created"}]}}, {"tips": {"count": 3}, "contact": {"facebook": "1055467920"}, "firstName": "Eliott", "gender": "male", "lastName": "Augier de Moussac", "id": "3614681", "bio": "", "photo": {"prefix": "https://igx.4sqi.net/img/user/", "suffix": "/3J3DLWH1VGQEO55G.jpg"}, "homeCity": "Singapore", "lists": {"groups": [{"items": [], "count": 2, "type": "created"}]}}], "count": 115}, "checksum": "9dd7692b71691f1dcf3a5c82c852f6dcc7422c86"}, "meta": {"requestId": "5965d856f594df3c7308aff3", "code": 200}}