{"notifications": [{"type": "notificationTray", "item": {"unreadCount": 0}}], "response": {"friends": {"items": [{"tips": {"count": 0}, "contact": {"twitter": "alwaysbedere4u", "facebook": "549260864"}, "firstName": "MrsCiindys", "gender": "female", "lastName": "Ho-Lim", "id": "3510096", "bio": "", "photo": {"prefix": "https://igx.4sqi.net/img/user/", "suffix": "/CECCW4XPE2KST0NJ.jpg"}, "homeCity": "Singapore", "lists": {"groups": [{"items": [], "count": 2, "type": "created"}]}}, {"tips": {"count": 0}, "contact": {"facebook": "100001819026090"}, "firstName": "Seow", "gender": "female", "lastName": "Shu Fang", "id": "4292436", "bio": "", "photo": {"prefix": "https://igx.4sqi.net/img/user/", "suffix": "/blank_girl.png", "default": true}, "homeCity": "Singapore", "lists": {"groups": [{"items": [], "count": 2, "type": "created"}]}}, {"tips": {"count": 0}, "contact": {"facebook": "522438857"}, "firstName": "Hongming", "gender": "male", "lastName": "Chan", "id": "5581687", "bio": "", "photo": {"prefix": "https://igx.4sqi.net/img/user/", "suffix": "/blank_boy.png", "default": true}, "homeCity": "Singapore", "lists": {"groups": [{"items": [], "count": 2, "type": "created"}]}}, {"tips": {"count": 0}, "contact": {"facebook": "579011356"}, "firstName": "Celest", "gender": "female", "lastName": "Ang", "id": "3362457", "bio": "", "photo": {"prefix": "https://igx.4sqi.net/img/user/", "suffix": "/FOXSTBA0300MMRNY.jpg"}, "homeCity": "Boston, MA", "lists": {"groups": [{"items": [], "count": 2, "type": "created"}]}}, {"tips": {"count": 2}, "contact": {"twitter": "ycmidw"}, "firstName": "Wei hao", "gender": "male", "lastName": "Tan", "id": "4240991", "bio": "", "photo": {"prefix": "https://igx.4sqi.net/img/user/", "suffix": "/43HJDISRLOV1GGW1.jpg"}, "homeCity": "Singapore", "lists": {"groups": [{"items": [], "count": 2, "type": "created"}]}}, {"tips": {"count": 0}, "contact": {"twitter": "xueqing_chew", "facebook": "1118960700"}, "firstName": "Dean", "gender": "female", "lastName": "Chew", "id": "3054173", "bio": "", "photo": {"prefix": "https://igx.4sqi.net/img/user/", "suffix": "/WSOBCD0COTR5UPKV.jpg"}, "homeCity": "Singapore", "lists": {"groups": [{"items": [], "count": 2, "type": "created"}]}}, {"tips": {"count": 3}, "contact": {"twitter": "shukrymvp", "facebook": "677058491"}, "firstName": "Shukry", "gender": "male", "lastName": "Rashid", "id": "5399357", "bio": "", "photo": {"prefix": "https://igx.4sqi.net/img/user/", "suffix": "/TEVCMEUSGKE3RQBN.jpg"}, "homeCity": "Bukit Batok, Singapore", "lists": {"groups": [{"items": [], "count": 2, "type": "created"}]}}, {"tips": {"count": 0}, "contact": {}, "firstName": "Helmi", "gender": "male", "lastName": "Ishak", "id": "3792877", "bio": "", "photo": {"prefix": "https://igx.4sqi.net/img/user/", "suffix": "/QBB4UR5NUUANY3UB.jpg"}, "homeCity": "Singapore", "lists": {"groups": [{"items": [], "count": 2, "type": "created"}]}}, {"tips": {"count": 0}, "contact": {}, "firstName": "Wong", "gender": "female", "lastName": "Lihui", "id": "3642824", "bio": "", "photo": {"prefix": "https://igx.4sqi.net/img/user/", "suffix": "/QWBODUZLLJWRWN3I.jpg"}, "homeCity": "Singapore", "lists": {"groups": [{"items": [], "count": 2, "type": "created"}]}}, {"tips": {"count": 0}, "contact": {"twitter": "amandaayc", "facebook": "1208169886"}, "firstName": "Amanda", "gender": "female", "lastName": "Ang", "id": "3391629", "bio": "", "photo": {"prefix": "https://igx.4sqi.net/img/user/", "suffix": "/0D3SYG1KFRXJCVV3.jpg"}, "homeCity": "Singapore", "lists": {"groups": [{"items": [], "count": 2, "type": "created"}]}}, {"tips": {"count": 0}, "contact": {"facebook": "644840417"}, "firstName": "shikai", "gender": "male", "lastName": "chan", "id": "2099699", "bio": "", "photo": {"prefix": "https://igx.4sqi.net/img/user/", "suffix": "/1MHTO2SQFMIGJG2X.jpg"}, "homeCity": "Singapore", "lists": {"groups": [{"items": [], "count": 2, "type": "created"}]}}, {"tips": {"count": 4}, "contact": {"twitter": "anbujackavle", "facebook": "772954610"}, "firstName": "Jackavle", "gender": "male", "lastName": "Arucard", "id": "4639608", "bio": "", "photo": {"prefix": "https://igx.4sqi.net/img/user/", "suffix": "/Z4DZCV2LIROZWCUM.jpg"}, "homeCity": "Singapore", "lists": {"groups": [{"items": [], "count": 2, "type": "created"}]}}, {"tips": {"count": 0}, "contact": {"facebook": "615283307"}, "firstName": "La Ron", "gender": "male", "lastName": "Milan", "id": "3518963", "bio": "", "photo": {"prefix": "https://igx.4sqi.net/img/user/", "suffix": "/I31NLXOF2SSHBWS1.jpg"}, "homeCity": "Singapore", "lists": {"groups": [{"items": [], "count": 2, "type": "created"}]}}, {"tips": {"count": 0}, "contact": {}, "firstName": "Sebastian", "gender": "male", "lastName": "Teow", "id": "6551504", "bio": "", "photo": {"prefix": "https://igx.4sqi.net/img/user/", "suffix": "/LFHAOLNNOQEYMOZR.jpg"}, "homeCity": "Singapore", "lists": {"groups": [{"items": [], "count": 2, "type": "created"}]}}, {"tips": {"count": 0}, "contact": {}, "firstName": "Xiuwen", "gender": "female", "lastName": "\u79c0\u96ef", "id": "3603561", "bio": "", "photo": {"prefix": "https://igx.4sqi.net/img/user/", "suffix": "/4TZJD4X3C03YSDPB.jpg"}, "homeCity": "Singapore", "lists": {"groups": [{"items": [], "count": 2, "type": "created"}]}}, {"tips": {"count": 0}, "contact": {"facebook": "641574155"}, "firstName": "Neo", "gender": "female", "lastName": "Yiying", "id": "3058608", "bio": "", "photo": {"prefix": "https://igx.4sqi.net/img/user/", "suffix": "/ZIJMT2AG5SDQD0OJ.jpg"}, "homeCity": "Singapore", "lists": {"groups": [{"items": [], "count": 2, "type": "created"}]}}, {"tips": {"count": 0}, "contact": {}, "firstName": "Hoen", "gender": "male", "lastName": "Lee", "id": "3395589", "bio": "", "photo": {"prefix": "https://igx.4sqi.net/img/user/", "suffix": "/blank_boy.png", "default": true}, "homeCity": "Singapore", "lists": {"groups": [{"items": [], "count": 2, "type": "created"}]}}, {"tips": {"count": 0}, "contact": {}, "firstName": "Derrick", "gender": "male", "lastName": "Ng", "id": "5569205", "bio": "", "photo": {"prefix": "https://igx.4sqi.net/img/user/", "suffix": "/blank_boy.png", "default": true}, "homeCity": "Singapore", "lists": {"groups": [{"items": [], "count": 2, "type": "created"}]}}, {"tips": {"count": 2}, "contact": {"facebook": "611570362"}, "firstName": "Lydia", "gender": "female", "lastName": "Chin", "id": "3165281", "bio": "", "photo": {"prefix": "https://igx.4sqi.net/img/user/", "suffix": "/1A3GN5VEHYVAOQSO.jpg"}, "homeCity": "Singapore", "lists": {"groups": [{"items": [], "count": 2, "type": "created"}]}}, {"tips": {"count": 1}, "contact": {}, "firstName": "Soon", "gender": "male", "lastName": "Ny", "id": "3438455", "bio": "", "photo": {"prefix": "https://igx.4sqi.net/img/user/", "suffix": "/HM0D5FRZLTVMUEO3.jpg"}, "homeCity": "Singapore", "lists": {"groups": [{"items": [], "count": 2, "type": "created"}]}}, {"tips": {"count": 4}, "contact": {"facebook": "513695749"}, "firstName": "Jun Wu", "gender": "male", "lastName": "Tong", "id": "5680711", "bio": "", "photo": {"prefix": "https://igx.4sqi.net/img/user/", "suffix": "/4TRN1LWIHCI4HEOE.jpg"}, "homeCity": "Singapore", "lists": {"groups": [{"items": [], "count": 2, "type": "created"}]}}, {"tips": {"count": 0}, "contact": {}, "firstName": "Wong", "gender": "female", "lastName": "Lihui", "id": "3536798", "bio": "", "photo": {"prefix": "https://igx.4sqi.net/img/user/", "suffix": "/WAWHLL4Z4RVFVKBD.jpg"}, "homeCity": "Singapore", "lists": {"groups": [{"items": [], "count": 2, "type": "created"}]}}, {"tips": {"count": 0}, "contact": {"facebook": "538041844"}, "firstName": "Xiuwen", "gender": "female", "lastName": "\u79c0\u96ef", "id": "4138566", "bio": "", "photo": {"prefix": "https://igx.4sqi.net/img/user/", "suffix": "/WCJNBJM4UUQ5GO3O.jpg"}, "homeCity": "Singapore", "lists": {"groups": [{"items": [], "count": 2, "type": "created"}]}}, {"tips": {"count": 0}, "contact": {"facebook": "1492494450"}, "firstName": "Sharena", "gender": "none", "lastName": "Mohamed", "id": "3914650", "bio": "", "photo": {"prefix": "https://igx.4sqi.net/img/user/", "suffix": "/EK34FSPPTLKGCMD5.jpg"}, "homeCity": "Singapore", "lists": {"groups": [{"items": [], "count": 2, "type": "created"}]}}, {"tips": {"count": 0}, "contact": {"facebook": "1042998566"}, "firstName": "Michelle", "gender": "female", "lastName": "Fong", "id": "4496672", "bio": "", "photo": {"prefix": "https://igx.4sqi.net/img/user/", "suffix": "/3TY0Y5HBYQY3CBIR.jpg"}, "homeCity": "Singapore", "lists": {"groups": [{"items": [], "count": 2, "type": "created"}]}}, {"tips": {"count": 0}, "contact": {"facebook": "632754148"}, "firstName": "Weijie", "gender": "male", "lastName": "Loh", "id": "3930850", "bio": "", "photo": {"prefix": "https://igx.4sqi.net/img/user/", "suffix": "/blank_boy.png", "default": true}, "homeCity": "Singapore", "lists": {"groups": [{"items": [], "count": 2, "type": "created"}]}}, {"tips": {"count": 0}, "contact": {"facebook": "813300594"}, "firstName": "Heslyn", "gender": "female", "lastName": "Tan", "id": "6384354", "bio": "", "photo": {"prefix": "https://igx.4sqi.net/img/user/", "suffix": "/FRLD30TPPY4E4EEJ.jpg"}, "homeCity": "Singapore", "lists": {"groups": [{"items": [], "count": 2, "type": "created"}]}}], "count": 27}, "checksum": "5cef5f698713fde84370af5572f920c500348b35"}, "meta": {"requestId": "5966348d6a6071143d74e37e", "code": 200}}