{"notifications": [{"type": "notificationTray", "item": {"unreadCount": 0}}], "response": {"friends": {"items": [{"tips": {"count": 16}, "contact": {"twitter": "spinandhita", "facebook": "10153071124408437"}, "firstName": "Satria", "gender": "male", "lastName": "Pinandhita", "id": "254001", "bio": "", "photo": {"prefix": "https://igx.4sqi.net/img/user/", "suffix": "/2BAZLA511WF0KUCU.jpg"}, "homeCity": "Singapore", "lists": {"groups": [{"items": [], "count": 2, "type": "created"}]}}, {"tips": {"count": 10}, "contact": {"twitter": "aryaaa", "facebook": "598892213"}, "firstName": "Aryanto", "gender": "male", "lastName": "Nugroho", "id": "476267", "bio": "#ExtremeCardioSports junkie. Life is Short, Eat Irresponsibly \u2122", "photo": {"prefix": "https://igx.4sqi.net/img/user/", "suffix": "/S54TVCP0KR55BFTH.jpg"}, "homeCity": "Jakarta, Indonesia", "lists": {"groups": [{"items": [], "count": 2, "type": "created"}]}}, {"tips": {"count": 6}, "contact": {"twitter": "febrrika"}, "firstName": "Febrrika", "gender": "female", "id": "727647", "bio": "", "photo": {"prefix": "https://igx.4sqi.net/img/user/", "suffix": "/P0NHLAAFO5PZXSVF.jpg"}, "homeCity": "Singapore", "lists": {"groups": [{"items": [], "count": 2, "type": "created"}]}}, {"tips": {"count": 1}, "contact": {"twitter": "miraabduh"}, "firstName": "Mira", "gender": "female", "lastName": "Iskarnita", "id": "1008830", "bio": "", "photo": {"prefix": "https://igx.4sqi.net/img/user/", "suffix": "/GCHMDNSYGAXBBVMH.jpg"}, "homeCity": "Jakarta Capital Region, Jakarta Capital Regi", "lists": {"groups": [{"items": [], "count": 2, "type": "created"}]}}, {"tips": {"count": 1}, "contact": {"twitter": "ajirokhadi", "facebook": "616302618"}, "firstName": "Aji", "gender": "male", "lastName": "Rokhadi", "id": "3881126", "bio": "", "photo": {"prefix": "https://igx.4sqi.net/img/user/", "suffix": "/3881126-Q5RRCTUV3WGGGLEU.jpg"}, "homeCity": "Singapore", "lists": {"groups": [{"items": [], "count": 2, "type": "created"}]}}, {"tips": {"count": 33}, "contact": {}, "firstName": "Yoshi", "gender": "male", "lastName": "Sugi", "id": "4862944", "bio": "", "photo": {"prefix": "https://igx.4sqi.net/img/user/", "suffix": "/5CL3BY2U1RXS3AK0.jpg"}, "homeCity": "\u82a6\u5c4b\u5e02, \u65e5\u672c", "lists": {"groups": [{"items": [], "count": 2, "type": "created"}]}}, {"tips": {"count": 159}, "contact": {"twitter": "chrysalic", "facebook": "559753713"}, "firstName": "chrysalic", "gender": "female", "id": "729784", "bio": "", "photo": {"prefix": "https://igx.4sqi.net/img/user/", "suffix": "/CIY15EKAFOYT1WEY.jpg"}, "homeCity": "Jakarta", "lists": {"groups": [{"items": [], "count": 5, "type": "created"}]}}, {"tips": {"count": 1}, "contact": {"twitter": "swilanda", "facebook": "648694542"}, "firstName": "A Sofwan", "gender": "male", "lastName": "Wilanda", "id": "2031713", "bio": "", "photo": {"prefix": "https://igx.4sqi.net/img/user/", "suffix": "/LGUMSRUNIP3YBBYD.jpg"}, "homeCity": "Singapore", "lists": {"groups": [{"items": [], "count": 3, "type": "created"}]}}], "count": 8}, "checksum": "e14530da2a695fe06d1f7e1e6077ab5e5e21121a"}, "meta": {"requestId": "596628a5f594df3c0ba3fe9a", "code": 200}}