{"notifications": [{"type": "notificationTray", "item": {"unreadCount": 0}}], "response": {"friends": {"items": [{"tips": {"count": 17}, "contact": {"twitter": "bangkokbiking", "facebook": "568073852"}, "firstName": "Andre", "gender": "male", "lastName": "Breuer", "id": "9713331", "bio": "", "photo": {"prefix": "https://igx.4sqi.net/img/user/", "suffix": "/9713331_vlDcnHpw_Hmtsq4uGepynWMMIhln09TBoK1S5N5G4ptavdCyWadnxTvqm-f893SUueGjlMgOt.jpg"}, "homeCity": "\u0e01\u0e23\u0e38\u0e07\u0e40\u0e17\u0e1e\u0e21\u0e2b\u0e32\u0e19\u0e04\u0e23, \u0e1b\u0e23\u0e30\u0e40\u0e17\u0e28\u0e44\u0e17\u0e22", "lists": {"groups": [{"items": [], "count": 2, "type": "created"}]}}, {"tips": {"count": 73}, "contact": {"facebook": "747035226"}, "firstName": "Karan", "gender": "male", "lastName": "Bhatia", "id": "6308036", "bio": "", "photo": {"prefix": "https://igx.4sqi.net/img/user/", "suffix": "/FVEBOUNVU4SMKRNA.jpg"}, "homeCity": "Phuket", "lists": {"groups": [{"items": [], "count": 2, "type": "created"}]}}, {"tips": {"count": 0}, "contact": {}, "firstName": "Nicholas", "gender": "male", "lastName": "Lim", "id": "7161775", "bio": "", "photo": {"prefix": "https://igx.4sqi.net/img/user/", "suffix": "/TJVBE4KZUKJ5VI5F.jpg"}, "homeCity": "Singapore", "lists": {"groups": [{"items": [], "count": 2, "type": "created"}]}}, {"tips": {"count": 3}, "contact": {"facebook": "1548534112"}, "firstName": "Jularat", "gender": "female", "lastName": "Julamanee", "id": "28623863", "bio": "", "photo": {"prefix": "https://igx.4sqi.net/img/user/", "suffix": "/K3TKW1HRCAWJ0DFL.jpg"}, "homeCity": "Phatthalung", "lists": {"groups": [{"items": [], "count": 2, "type": "created"}]}}, {"tips": {"count": 2}, "contact": {"facebook": "1047437717"}, "firstName": "Crazzy", "gender": "female", "lastName": "Ice", "id": "19315113", "bio": "", "photo": {"prefix": "https://igx.4sqi.net/img/user/", "suffix": "/RFO510KYGNTM0J2S.jpg"}, "homeCity": "Singapore", "lists": {"groups": [{"items": [], "count": 2, "type": "created"}]}}, {"tips": {"count": 4}, "contact": {"twitter": "msvivaciouss", "facebook": "786955005"}, "firstName": "Vivian", "gender": "female", "id": "527449", "bio": "", "photo": {"prefix": "https://igx.4sqi.net/img/user/", "suffix": "/527449-OUECYJNQKHMFTCFW.jpg"}, "homeCity": "Singapore", "lists": {"groups": [{"items": [], "count": 2, "type": "created"}]}}, {"tips": {"count": 19}, "contact": {}, "firstName": "MICHAEL", "gender": "male", "lastName": "LESSER", "id": "20991752", "bio": "", "photo": {"prefix": "https://igx.4sqi.net/img/user/", "suffix": "/ZRR2IVMLUQMSLVFL.jpg"}, "homeCity": "Geylang, Singapore", "lists": {"groups": [{"items": [], "count": 2, "type": "created"}]}}, {"tips": {"count": 0}, "contact": {"facebook": "571385349"}, "firstName": "muanhong_bry", "gender": "male", "id": "5661154", "bio": "", "photo": {"prefix": "https://igx.4sqi.net/img/user/", "suffix": "/ZDR5NV451XU1YQ0I.jpg"}, "homeCity": "Singapore", "lists": {"groups": [{"items": [], "count": 2, "type": "created"}]}}, {"tips": {"count": 0}, "contact": {}, "firstName": "Ronghua", "gender": "male", "lastName": "Hong", "id": "4907046", "bio": "", "photo": {"prefix": "https://igx.4sqi.net/img/user/", "suffix": "/X2NP1SK5B3VDRYRK.jpg"}, "homeCity": "Singapore", "lists": {"groups": [{"items": [], "count": 2, "type": "created"}]}}, {"tips": {"count": 1}, "contact": {"facebook": "1344656630"}, "firstName": "Muaija", "gender": "female", "id": "11506227", "bio": "", "photo": {"prefix": "https://igx.4sqi.net/img/user/", "suffix": "/OLOH25HN1TEN4P0A.jpg"}, "homeCity": "\u0e01\u0e23\u0e38\u0e07\u0e40\u0e17\u0e1e\u0e21\u0e2b\u0e32\u0e19\u0e04\u0e23, \u0e1b\u0e23\u0e30\u0e40\u0e17\u0e28\u0e44\u0e17\u0e22", "lists": {"groups": [{"items": [], "count": 4, "type": "created"}]}}, {"tips": {"count": 0}, "contact": {}, "firstName": "Kayley", "gender": "female", "lastName": "Lovern", "id": "80545850", "bio": "", "photo": {"prefix": "https://igx.4sqi.net/img/user/", "suffix": "/80545850-UY33SUJHQ5OOWVNM.jpg"}, "homeCity": "", "lists": {"groups": [{"items": [], "count": 2, "type": "created"}]}}, {"tips": {"count": 58}, "contact": {"twitter": "marsoddity"}, "firstName": "Lindsay", "gender": "female", "lastName": "Rose", "id": "87262776", "bio": "New to FourSquare!", "photo": {"prefix": "https://igx.4sqi.net/img/user/", "suffix": "/87262776-VUBSK34EVKLKAASL.jpg"}, "homeCity": "Los Angeles, CA", "lists": {"groups": [{"items": [], "count": 5, "type": "created"}]}}, {"tips": {"count": 4}, "contact": {"twitter": "sianzrong", "facebook": "769014138"}, "firstName": "ma", "gender": "male", "lastName": "xianrong", "id": "974713", "bio": "", "photo": {"prefix": "https://igx.4sqi.net/img/user/", "suffix": "/URWOCKCDV35RMMYF.jpg"}, "homeCity": "Singapore", "lists": {"groups": [{"items": [], "count": 2, "type": "created"}]}}, {"tips": {"count": 0}, "contact": {"facebook": "542645882"}, "firstName": "Gareth", "gender": "none", "lastName": "Fong", "id": "3168301", "bio": "", "photo": {"prefix": "https://igx.4sqi.net/img/user/", "suffix": "/blank_boy.png", "default": true}, "homeCity": "Singapore", "lists": {"groups": [{"items": [], "count": 2, "type": "created"}]}}, {"tips": {"count": 0}, "contact": {"facebook": "1663485877"}, "firstName": "Long", "gender": "female", "lastName": "PeiFen", "id": "69724379", "bio": "", "photo": {"prefix": "https://igx.4sqi.net/img/user/", "suffix": "/XO0PVRBFH1035JZH.jpg"}, "homeCity": "Singapore", "lists": {"groups": [{"items": [], "count": 2, "type": "created"}]}}, {"tips": {"count": 0}, "contact": {}, "firstName": "Amanda", "gender": "female", "lastName": "Loo", "id": "7285869", "bio": "", "photo": {"prefix": "https://igx.4sqi.net/img/user/", "suffix": "/MBT2LXOSCO2GEGUD.jpg"}, "homeCity": "Singapore", "lists": {"groups": [{"items": [], "count": 2, "type": "created"}]}}, {"tips": {"count": 0}, "contact": {"twitter": "addiecting", "facebook": "1667686736"}, "firstName": "Adrianne", "gender": "female", "lastName": "Narciso", "id": "30036403", "bio": "", "photo": {"prefix": "https://igx.4sqi.net/img/user/", "suffix": "/30036403-K1M5DN431JA2BEAN.jpg"}, "homeCity": "Singapore", "lists": {"groups": [{"items": [], "count": 2, "type": "created"}]}}, {"tips": {"count": 0}, "contact": {"facebook": "652796494"}, "firstName": "Hazel", "gender": "female", "lastName": "Ang", "id": "26002009", "bio": "", "photo": {"prefix": "https://igx.4sqi.net/img/user/", "suffix": "/MZ1D0FRO04UEW1ZB.jpg"}, "homeCity": "New York, NY", "lists": {"groups": [{"items": [], "count": 2, "type": "created"}]}}, {"tips": {"count": 0}, "contact": {}, "firstName": "David Victor", "gender": "male", "lastName": "Sin", "id": "6069777", "bio": "", "photo": {"prefix": "https://igx.4sqi.net/img/user/", "suffix": "/Z2IW4ZBELY0OPOFB.jpg"}, "homeCity": "Singapore", "lists": {"groups": [{"items": [], "count": 2, "type": "created"}]}}, {"tips": {"count": 16}, "contact": {"facebook": "561169006"}, "firstName": "Hilarion", "gender": "male", "lastName": "Goh", "id": "8165634", "bio": "", "photo": {"prefix": "https://igx.4sqi.net/img/user/", "suffix": "/UKHD3U0CCWDYOW3W.jpg"}, "homeCity": "Singapore", "lists": {"groups": [{"items": [], "count": 2, "type": "created"}]}}, {"tips": {"count": 1}, "contact": {}, "firstName": "Umeer hyder", "gender": "male", "id": "1417191", "bio": "", "photo": {"prefix": "https://igx.4sqi.net/img/user/", "suffix": "/JEW2POFZJ1PTDUGA.jpg"}, "homeCity": "Singapore", "lists": {"groups": [{"items": [], "count": 2, "type": "created"}]}}, {"tips": {"count": 0}, "contact": {}, "firstName": "Terence", "gender": "male", "lastName": "Lim", "id": "14292216", "bio": "", "photo": {"prefix": "https://igx.4sqi.net/img/user/", "suffix": "/ZXZUMTLEUDBMLQZA.jpg"}, "homeCity": "Singapore", "lists": {"groups": [{"items": [], "count": 2, "type": "created"}]}}, {"tips": {"count": 0}, "contact": {}, "firstName": "Xiwen", "gender": "female", "lastName": "Tan", "id": "6162878", "bio": "", "photo": {"prefix": "https://igx.4sqi.net/img/user/", "suffix": "/EJMXYNPXPT13EKQE.jpg"}, "homeCity": "Singapore", "lists": {"groups": [{"items": [], "count": 2, "type": "created"}]}}, {"tips": {"count": 0}, "contact": {"facebook": "620630878"}, "firstName": "Si Yun", "gender": "female", "lastName": "Khoo", "id": "3378680", "bio": "", "photo": {"prefix": "https://igx.4sqi.net/img/user/", "suffix": "/blank_girl.png", "default": true}, "homeCity": "Singapore", "lists": {"groups": [{"items": [], "count": 2, "type": "created"}]}}, {"tips": {"count": 0}, "contact": {}, "firstName": "Joelle", "gender": "female", "lastName": "Stultz", "id": "76387791", "bio": "Soo was up babez??", "photo": {"prefix": "https://igx.4sqi.net/img/user/", "suffix": "/blank_girl.png", "default": true}, "homeCity": "Phoenix, AZ", "lists": {"groups": [{"items": [], "count": 2, "type": "created"}]}}, {"tips": {"count": 0}, "contact": {"facebook": "624307583"}, "firstName": "\u9673\u5fb7\u69ae", "gender": "male", "id": "5267965", "bio": "", "photo": {"prefix": "https://igx.4sqi.net/img/user/", "suffix": "/04DFLKJ3E1MKEJEN.jpg"}, "homeCity": "Singapore", "lists": {"groups": [{"items": [], "count": 2, "type": "created"}]}}], "count": 26}, "checksum": "68965271470bf71b406a1acaa9c8f2bef58d2bed"}, "meta": {"requestId": "5966142c351e3d64af55e57b", "code": 200}}