{"notifications": [{"type": "notificationTray", "item": {"unreadCount": 0}}], "response": {"friends": {"items": [{"tips": {"count": 423}, "contact": {"twitter": "opheliap", "facebook": "513644757"}, "firstName": "Jasmine", "gender": "female", "lastName": "Pang", "id": "16504035", "bio": "", "photo": {"prefix": "https://igx.4sqi.net/img/user/", "suffix": "/16504035-Y240Y2NOOU022AVR.jpg"}, "homeCity": "Singapore", "lists": {"groups": [{"items": [], "count": 5, "type": "created"}]}}, {"tips": {"count": 0}, "contact": {"twitter": "glenngannasis", "facebook": "532702682"}, "firstName": "Glenn", "gender": "male", "lastName": "Gan Nasis", "id": "52280396", "bio": "", "photo": {"prefix": "https://igx.4sqi.net/img/user/", "suffix": "/HLZESALRYTCMPUCT.jpg"}, "homeCity": "Manila, NCR", "lists": {"groups": [{"items": [], "count": 2, "type": "created"}]}}, {"tips": {"count": 0}, "contact": {}, "firstName": "Weiwei", "gender": "female", "lastName": "Lam", "id": "6203629", "bio": "", "photo": {"prefix": "https://igx.4sqi.net/img/user/", "suffix": "/YFTQ35G4R3WKNWMI.jpg"}, "homeCity": "Singapore", "lists": {"groups": [{"items": [], "count": 2, "type": "created"}]}}, {"tips": {"count": 10}, "contact": {"twitter": "charleneisms", "facebook": "625650912"}, "firstName": "Charlene SL", "gender": "female", "lastName": "Tan", "id": "268068", "bio": "", "photo": {"prefix": "https://igx.4sqi.net/img/user/", "suffix": "/NJ0YP15HCTEV1512.jpg"}, "homeCity": "Thomson, Singapore", "lists": {"groups": [{"items": [], "count": 2, "type": "created"}]}}, {"tips": {"count": 1}, "contact": {"facebook": "573823322"}, "firstName": "Kevin", "gender": "male", "lastName": "Lau", "id": "10213619", "bio": "", "photo": {"prefix": "https://igx.4sqi.net/img/user/", "suffix": "/AAWBK1API0Y4DOFW.jpg"}, "homeCity": "Singapore", "lists": {"groups": [{"items": [], "count": 2, "type": "created"}]}}, {"tips": {"count": 18}, "contact": {}, "firstName": "Glenise", "gender": "female", "lastName": "Lim", "id": "350261", "bio": "", "photo": {"prefix": "https://igx.4sqi.net/img/user/", "suffix": "/350261-B3HCRM1DRZ1AD432.jpg"}, "homeCity": "Singapore", "lists": {"groups": [{"items": [], "count": 2, "type": "created"}]}}, {"tips": {"count": 0}, "contact": {}, "firstName": "Henry", "gender": "male", "lastName": "L", "id": "12906093", "bio": "", "photo": {"prefix": "https://igx.4sqi.net/img/user/", "suffix": "/KYCTHPPOAO5X44ZJ.jpg"}, "homeCity": "Singapore", "lists": {"groups": [{"items": [], "count": 2, "type": "created"}]}}, {"tips": {"count": 634}, "contact": {"twitter": "ian_sg", "facebook": "556060268"}, "firstName": "Ian", "gender": "male", "lastName": "Thomtori", "id": "1339539", "bio": "Food enthusiast & gym rat. Be my Fren n follow me. Talk to me at Instagram & Tumblr: THOMTORI & Line:THOMTORITORI", "photo": {"prefix": "https://igx.4sqi.net/img/user/", "suffix": "/1339539-AIRJPNFKHLZSMUDJ.jpg"}, "homeCity": "Singapore", "lists": {"groups": [{"items": [], "count": 5, "type": "created"}]}}, {"tips": {"count": 52}, "contact": {"facebook": "521642199"}, "firstName": "Irene", "gender": "female", "lastName": "Tin", "id": "1380793", "bio": "", "photo": {"prefix": "https://igx.4sqi.net/img/user/", "suffix": "/SE3YYBAAY4XWUWFK.jpg"}, "homeCity": "Kuala Lumpur, Malaysia", "lists": {"groups": [{"items": [], "count": 2, "type": "created"}]}}, {"tips": {"count": 4}, "contact": {}, "firstName": "Dmitry", "gender": "male", "lastName": "L", "id": "241056", "bio": "", "photo": {"prefix": "https://igx.4sqi.net/img/user/", "suffix": "/F2F0UECC1SRWM4SB.jpg"}, "homeCity": "Singapore", "lists": {"groups": [{"items": [], "count": 2, "type": "created"}]}}, {"tips": {"count": 0}, "contact": {}, "firstName": "Eileen", "gender": "female", "lastName": "Lim", "id": "5503786", "bio": "", "photo": {"prefix": "https://igx.4sqi.net/img/user/", "suffix": "/blank_girl.png", "default": true}, "homeCity": "Singapore", "lists": {"groups": [{"items": [], "count": 2, "type": "created"}]}}, {"tips": {"count": 0}, "contact": {"twitter": "dyeysee"}, "firstName": "Jhun", "gender": "male", "lastName": "Capistrano", "id": "2367111", "bio": "", "photo": {"prefix": "https://igx.4sqi.net/img/user/", "suffix": "/GBIWG4VWLAXFROK5.jpg"}, "homeCity": "Singapore", "lists": {"groups": [{"items": [], "count": 2, "type": "created"}]}}, {"tips": {"count": 0}, "contact": {"facebook": "734930510"}, "firstName": "Titus", "gender": "male", "lastName": "Lee", "id": "11459549", "bio": "", "photo": {"prefix": "https://igx.4sqi.net/img/user/", "suffix": "/QQJF2GO1O222NZAM.jpg"}, "homeCity": "Singapore", "lists": {"groups": [{"items": [], "count": 2, "type": "created"}]}}, {"tips": {"count": 0}, "contact": {"facebook": "586862472"}, "firstName": "Ferdinand", "gender": "male", "lastName": "Gutierrez", "id": "448836", "bio": "", "photo": {"prefix": "https://igx.4sqi.net/img/user/", "suffix": "/blank_boy.png", "default": true}, "homeCity": "Chong Nonsi, Bangkok", "lists": {"groups": [{"items": [], "count": 2, "type": "created"}]}}, {"tips": {"count": 11}, "contact": {"twitter": "jetchoy", "facebook": "690770333"}, "firstName": "Jet", "gender": "male", "lastName": "Choy", "id": "304008", "bio": "", "photo": {"prefix": "https://igx.4sqi.net/img/user/", "suffix": "/AOVMAWXLZR0RA3RF.jpg"}, "homeCity": "Sunnyvale, CA", "lists": {"groups": [{"items": [], "count": 2, "type": "created"}]}}, {"tips": {"count": 0}, "contact": {"facebook": "731917805"}, "firstName": "Tony", "gender": "male", "lastName": "Chang", "id": "1740433", "bio": "", "photo": {"prefix": "https://igx.4sqi.net/img/user/", "suffix": "/1740433_v0YFHXaL_IwMrUKzvNfoPv7MgAyYe424roPRg0Pkt4B_j8dktuw3RCOUMwDWWfN-gFhGWasgS.jpg"}, "homeCity": "Kuala Lumpur, Malaysia", "lists": {"groups": [{"items": [], "count": 2, "type": "created"}]}}, {"tips": {"count": 12}, "contact": {"twitter": "seoulscurry", "facebook": "500093392"}, "firstName": "Steve", "gender": "male", "lastName": "Curry", "id": "325082", "bio": "", "photo": {"prefix": "https://igx.4sqi.net/img/user/", "suffix": "/5D51AE4ZR32DA0CX.jpg"}, "homeCity": "Santa Monica, CA", "lists": {"groups": [{"items": [], "count": 3, "type": "created"}]}}, {"tips": {"count": 0}, "contact": {"facebook": "651047174"}, "firstName": "Jaclyn", "gender": "female", "lastName": "Aw", "id": "796189", "bio": "", "photo": {"prefix": "https://igx.4sqi.net/img/user/", "suffix": "/Q3L4GFK3PIGKHDQG.jpg"}, "homeCity": "Singapore", "lists": {"groups": [{"items": [], "count": 2, "type": "created"}]}}, {"tips": {"count": 84}, "contact": {}, "firstName": "Rachel", "gender": "none", "lastName": "F", "id": "113994", "bio": "", "photo": {"prefix": "https://igx.4sqi.net/img/user/", "suffix": "/113994_Xxz0ieKp_oLJuk-LxVB2zIkSbliHPSveGNZ20mIPYM8YXhirGICcy5bXWdAUNN1MsIGO_QssI.jpg"}, "homeCity": "Petaling Jaya, Malaysia", "lists": {"groups": [{"items": [], "count": 17, "type": "created"}]}}, {"superuser": 2, "tips": {"count": 67}, "contact": {}, "firstName": "Ivan", "gender": "male", "lastName": "Low", "id": "156697", "bio": "", "photo": {"prefix": "https://igx.4sqi.net/img/user/", "suffix": "/BU30VTRHSSEPBVP2.jpg"}, "homeCity": "Kuala Lumpur, Malaysia", "lists": {"groups": [{"items": [], "count": 6, "type": "created"}]}}, {"tips": {"count": 2}, "contact": {"twitter": "peteyoong"}, "firstName": "Peter", "gender": "male", "lastName": "Yoong", "id": "953038", "bio": "", "photo": {"prefix": "https://igx.4sqi.net/img/user/", "suffix": "/ZKHLABQQCMI5FVOQ.jpg"}, "homeCity": ", Selangor", "lists": {"groups": [{"items": [], "count": 2, "type": "created"}]}}, {"tips": {"count": 60}, "contact": {"twitter": "varf"}, "firstName": "Colin", "gender": "male", "lastName": "Leong", "id": "224137", "bio": "", "photo": {"prefix": "https://igx.4sqi.net/img/user/", "suffix": "/0ABZUY5AW5DSMNH5.jpg"}, "homeCity": "Singapore", "lists": {"groups": [{"items": [], "count": 12, "type": "created"}]}}, {"tips": {"count": 5}, "contact": {"twitter": "crab68", "facebook": "527743732"}, "firstName": "Abdul Aziz", "gender": "male", "lastName": "Agil", "id": "579485", "bio": "", "photo": {"prefix": "https://igx.4sqi.net/img/user/", "suffix": "/O545GFZPX20AI3MT.jpg"}, "homeCity": "Singapore", "lists": {"groups": [{"items": [], "count": 6, "type": "created"}]}}, {"tips": {"count": 28}, "contact": {"twitter": "chinleongchua", "facebook": "520759225"}, "firstName": "Chin Leong", "gender": "male", "superuser": 2, "id": "106150", "bio": "our lives are not our own", "photo": {"prefix": "https://igx.4sqi.net/img/user/", "suffix": "/106150-QMVLIRURKPMK3Y32.jpg"}, "homeCity": "Singapore", "lists": {"groups": [{"items": [], "count": 2, "type": "created"}]}}, {"tips": {"count": 0}, "contact": {}, "firstName": "Pamela", "gender": "female", "lastName": "Cajilig", "id": "6248887", "bio": "", "photo": {"prefix": "https://igx.4sqi.net/img/user/", "suffix": "/C4YH22G4UH1V50CE.jpg"}, "homeCity": "Kuala Lumpur, Malaysia", "lists": {"groups": [{"items": [], "count": 2, "type": "created"}]}}, {"tips": {"count": 2}, "contact": {"facebook": "837518414"}, "firstName": "li chin", "gender": "female", "lastName": "yap", "id": "7223106", "bio": "", "photo": {"prefix": "https://igx.4sqi.net/img/user/", "suffix": "/blank_girl.png", "default": true}, "homeCity": "Shah Alam, Malaysia", "lists": {"groups": [{"items": [], "count": 4, "type": "created"}]}}, {"tips": {"count": 10}, "contact": {"twitter": "szzzq", "facebook": "730920737"}, "firstName": "Susana", "gender": "female", "lastName": "Tsui", "id": "10710630", "bio": "", "photo": {"prefix": "https://igx.4sqi.net/img/user/", "suffix": "/P4FCSMP0TYHUX4IF.jpg"}, "homeCity": "Singapore", "lists": {"groups": [{"items": [], "count": 3, "type": "created"}]}}, {"tips": {"count": 27}, "contact": {"twitter": "byeow2001", "facebook": "637238792"}, "firstName": "Benjamin", "gender": "male", "lastName": "Yeow", "id": "1240800", "bio": "", "photo": {"prefix": "https://igx.4sqi.net/img/user/", "suffix": "/3IR1TSJ1KN5X4P1B.jpg"}, "homeCity": "Singapore", "lists": {"groups": [{"items": [], "count": 9, "type": "created"}]}}, {"tips": {"count": 0}, "contact": {"facebook": "747963941"}, "firstName": "Arvin", "gender": "male", "lastName": "Leow", "id": "16672919", "bio": "", "photo": {"prefix": "https://igx.4sqi.net/img/user/", "suffix": "/11ALHTEUQGSSUIZS.jpg"}, "homeCity": "Singapore", "lists": {"groups": [{"items": [], "count": 2, "type": "created"}]}}, {"tips": {"count": 0}, "contact": {}, "firstName": "Eileen", "gender": "female", "lastName": "Lim", "id": "5812485", "bio": "", "photo": {"prefix": "https://igx.4sqi.net/img/user/", "suffix": "/blank_girl.png", "default": true}, "homeCity": "Singapore", "lists": {"groups": [{"items": [], "count": 2, "type": "created"}]}}, {"tips": {"count": 0}, "contact": {}, "firstName": "PS", "gender": "female", "lastName": "Fong", "id": "6696792", "bio": "", "photo": {"prefix": "https://igx.4sqi.net/img/user/", "suffix": "/blank_girl.png", "default": true}, "homeCity": "Petaling Jaya, Malaysia", "lists": {"groups": [{"items": [], "count": 2, "type": "created"}]}}, {"tips": {"count": 1}, "contact": {"facebook": "527343774"}, "firstName": "Hazel", "gender": "female", "lastName": "Lee", "id": "5665953", "bio": "", "photo": {"prefix": "https://igx.4sqi.net/img/user/", "suffix": "/ZJ5B0FQXQY5YAXET.jpg"}, "homeCity": "Subang Jaya, Malaysia", "lists": {"groups": [{"items": [], "count": 2, "type": "created"}]}}, {"tips": {"count": 0}, "contact": {"twitter": "prasath_pbmw", "facebook": "1020290711"}, "firstName": "Prasath", "gender": "male", "lastName": "Kanagaras", "id": "2834441", "bio": "", "photo": {"prefix": "https://igx.4sqi.net/img/user/", "suffix": "/R4I1TBR5BPCJROVL.jpg"}, "homeCity": "Kuala Lumpur, Malaysia", "lists": {"groups": [{"items": [], "count": 2, "type": "created"}]}}, {"tips": {"count": 3}, "contact": {"twitter": "7sat7", "facebook": "1148641714"}, "firstName": "Satwinder", "gender": "female", "lastName": "Dhillon", "id": "22605673", "bio": "", "photo": {"prefix": "https://igx.4sqi.net/img/user/", "suffix": "/VP1H45ONQVGESX4F.jpg"}, "homeCity": "Kuala Lumpur", "lists": {"groups": [{"items": [], "count": 2, "type": "created"}]}}, {"tips": {"count": 0}, "contact": {"twitter": "jeevank79", "facebook": "708846741"}, "firstName": "Jeevan", "gender": "male", "lastName": "Kumar", "id": "452628", "bio": "", "photo": {"prefix": "https://igx.4sqi.net/img/user/", "suffix": "/CZVD3P44B5WXDCUB.jpg"}, "homeCity": "Kuala Lumpur", "lists": {"groups": [{"items": [], "count": 2, "type": "created"}]}}, {"tips": {"count": 0}, "contact": {"facebook": "747760907"}, "firstName": "karen", "gender": "female", "lastName": "thong", "id": "3457165", "bio": "", "photo": {"prefix": "https://igx.4sqi.net/img/user/", "suffix": "/JEYLKPUAIEPGZQLP.jpg"}, "homeCity": "Kuala Lumpur, Malaysia", "lists": {"groups": [{"items": [], "count": 2, "type": "created"}]}}, {"tips": {"count": 2}, "contact": {"facebook": "718162422"}, "firstName": "Chris", "gender": "male", "lastName": "Pattinson", "id": "329483", "bio": "", "photo": {"prefix": "https://igx.4sqi.net/img/user/", "suffix": "/KGBEV5O2VO41TDBG.jpg"}, "homeCity": "Changi, Singapore", "lists": {"groups": [{"items": [], "count": 2, "type": "created"}]}}, {"tips": {"count": 20}, "contact": {"facebook": "734877288"}, "firstName": "Jona", "gender": "female", "lastName": "Neo", "id": "140784", "bio": "A life less ordinary", "photo": {"prefix": "https://igx.4sqi.net/img/user/", "suffix": "/YSUJTO1R41UCGIAV.jpg"}, "homeCity": "Singapore", "lists": {"groups": [{"items": [], "count": 2, "type": "created"}]}}, {"tips": {"count": 0}, "contact": {"twitter": "joeltonmoo", "facebook": "620130152"}, "firstName": "Joelton Moo", "gender": "male", "id": "824954", "bio": "", "photo": {"prefix": "https://igx.4sqi.net/img/user/", "suffix": "/ONLMGEXY5PFPI1QG.jpg"}, "homeCity": "Kuala Lumpur", "lists": {"groups": [{"items": [], "count": 2, "type": "created"}]}}, {"tips": {"count": 8}, "contact": {"facebook": "742681564"}, "firstName": "Daniel", "gender": "male", "lastName": "Kew", "id": "968425", "bio": "", "photo": {"prefix": "https://igx.4sqi.net/img/user/", "suffix": "/968425-UVBR53W5J2RFRGRO.jpg"}, "homeCity": "Melbourne, Australia", "lists": {"groups": [{"items": [], "count": 2, "type": "created"}]}}, {"tips": {"count": 0}, "contact": {}, "firstName": "Tai Wai David", "gender": "male", "lastName": "Lam", "id": "3727398", "bio": "", "photo": {"prefix": "https://igx.4sqi.net/img/user/", "suffix": "/DQYXGKMQUNEGFLPM.jpg"}, "homeCity": "Singapore", "lists": {"groups": [{"items": [], "count": 2, "type": "created"}]}}, {"tips": {"count": 6}, "contact": {"facebook": "505303779"}, "firstName": "Aaron", "gender": "male", "lastName": "Foong", "id": "19758730", "bio": "", "photo": {"prefix": "https://igx.4sqi.net/img/user/", "suffix": "/ZDO25TKS5QFSTQ3T.jpg"}, "homeCity": "Petaling Jaya, Malaysia", "lists": {"groups": [{"items": [], "count": 2, "type": "created"}]}}, {"tips": {"count": 4}, "contact": {}, "firstName": ":: BeRt ::", "gender": "none", "id": "6936707", "bio": "", "photo": {"prefix": "https://igx.4sqi.net/img/user/", "suffix": "/M4UU5JLKEYKGY5OR.png"}, "homeCity": "Little Red Dot", "lists": {"groups": [{"items": [], "count": 2, "type": "created"}]}}, {"tips": {"count": 1}, "contact": {}, "firstName": "Queenie", "gender": "female", "lastName": "Lo", "id": "11968921", "bio": "", "photo": {"prefix": "https://igx.4sqi.net/img/user/", "suffix": "/T4FKTC41ZT31AVNU.jpg"}, "homeCity": "Hong Kong", "lists": {"groups": [{"items": [], "count": 7, "type": "created"}]}}, {"tips": {"count": 20}, "contact": {"facebook": "10152963263707492"}, "firstName": "Zac", "gender": "female", "lastName": "Lim", "id": "28353493", "bio": "", "photo": {"prefix": "https://igx.4sqi.net/img/user/", "suffix": "/22I0NZMAOG1DRJLT.jpg"}, "homeCity": "Selangor", "lists": {"groups": [{"items": [], "count": 5, "type": "created"}]}}, {"tips": {"count": 2}, "contact": {}, "firstName": "Daniel", "gender": "male", "lastName": "Than", "id": "5833454", "bio": "", "photo": {"prefix": "https://igx.4sqi.net/img/user/", "suffix": "/BQZ4ALYPT402MZ2R.jpg"}, "homeCity": "Singapore", "lists": {"groups": [{"items": [], "count": 2, "type": "created"}]}}, {"tips": {"count": 1}, "contact": {}, "firstName": "Celestine", "gender": "male", "lastName": "Tan", "id": "3589759", "bio": "", "photo": {"prefix": "https://igx.4sqi.net/img/user/", "suffix": "/blank_boy.png", "default": true}, "homeCity": "Kuala Lumpur, Malaysia", "lists": {"groups": [{"items": [], "count": 2, "type": "created"}]}}, {"tips": {"count": 1}, "contact": {"twitter": "absolutnivlac", "facebook": "562473484"}, "firstName": "Calvin", "gender": "male", "lastName": "Tan", "id": "3834268", "bio": "", "photo": {"prefix": "https://igx.4sqi.net/img/user/", "suffix": "/2JPNFY0I4YDR2BDR.jpg"}, "homeCity": "Rawang, Malaysia", "lists": {"groups": [{"items": [], "count": 2, "type": "created"}]}}, {"tips": {"count": 13}, "contact": {"facebook": "625295658"}, "firstName": "Paul", "gender": "male", "lastName": "Lim", "id": "340388", "bio": "", "photo": {"prefix": "https://igx.4sqi.net/img/user/", "suffix": "/340388-QPIPETYSPIZWEBFO.jpg"}, "homeCity": "Singapore", "lists": {"groups": [{"items": [], "count": 2, "type": "created"}]}}, {"tips": {"count": 0}, "contact": {"facebook": "565556617"}, "firstName": "Bruno", "gender": "male", "lastName": "Tay", "id": "810975", "bio": "", "photo": {"prefix": "https://igx.4sqi.net/img/user/", "suffix": "/PDJYSVMUUUO4JN2E.jpg"}, "homeCity": "Singapore", "lists": {"groups": [{"items": [], "count": 2, "type": "created"}]}}, {"tips": {"count": 0}, "contact": {"facebook": "600417005"}, "firstName": "Tina", "gender": "female", "lastName": "Chang", "id": "24578433", "bio": "", "photo": {"prefix": "https://igx.4sqi.net/img/user/", "suffix": "/W0I4G0TRC53KW5BD.jpg"}, "homeCity": "Singapore", "lists": {"groups": [{"items": [], "count": 2, "type": "created"}]}}, {"tips": {"count": 4}, "contact": {"twitter": "blurhero", "facebook": "732174133"}, "firstName": "Sea Yen", "gender": "male", "id": "975695", "bio": "", "photo": {"prefix": "https://igx.4sqi.net/img/user/", "suffix": "/975695-JDGW4DNV4A1WEMPR.jpg"}, "homeCity": "Petaling Jaya, Selangor", "lists": {"groups": [{"items": [], "count": 2, "type": "created"}]}}, {"tips": {"count": 1}, "contact": {"facebook": "738263351"}, "firstName": "John", "gender": "male", "lastName": "Ng", "id": "5540269", "bio": "", "photo": {"prefix": "https://igx.4sqi.net/img/user/", "suffix": "/1CLK0OT0BNH5ZJ3V.jpg"}, "homeCity": "Singapore", "lists": {"groups": [{"items": [], "count": 2, "type": "created"}]}}, {"tips": {"count": 2}, "contact": {}, "firstName": "Syahirah", "gender": "female", "lastName": "Din", "id": "7289124", "bio": "", "photo": {"prefix": "https://igx.4sqi.net/img/user/", "suffix": "/JPTAE3MOFZHTGWXI.jpg"}, "homeCity": "Port Dickson, Malaysia", "lists": {"groups": [{"items": [], "count": 2, "type": "created"}]}}, {"tips": {"count": 3}, "contact": {"twitter": "jasmine_eng", "facebook": "657774890"}, "firstName": "Jasmine", "gender": "female", "lastName": "Eng", "id": "36311603", "bio": "", "photo": {"prefix": "https://igx.4sqi.net/img/user/", "suffix": "/2XVRFVIO3KEESEW0.jpg"}, "homeCity": "Singapore", "lists": {"groups": [{"items": [], "count": 2, "type": "created"}]}}, {"tips": {"count": 0}, "contact": {"facebook": "544395748"}, "firstName": "Prem", "gender": "male", "lastName": "Kumar", "id": "7772455", "bio": "", "photo": {"prefix": "https://igx.4sqi.net/img/user/", "suffix": "/JUFYZZCD2QXN2HM3.jpg"}, "homeCity": "Kuala Lumpur, Malaysia", "lists": {"groups": [{"items": [], "count": 2, "type": "created"}]}}, {"tips": {"count": 0}, "contact": {"twitter": "iamalleycaat", "facebook": "563788411"}, "firstName": "Fong", "gender": "male", "lastName": "Jaff", "id": "42403580", "bio": "Just a lazy caat on this dog eat dog world", "photo": {"prefix": "https://igx.4sqi.net/img/user/", "suffix": "/45QJANJM2K0SQ4UX.jpg"}, "homeCity": "Sin City", "lists": {"groups": [{"items": [], "count": 2, "type": "created"}]}}, {"tips": {"count": 5}, "contact": {}, "firstName": "Ziggy", "gender": "female", "lastName": "Lim", "id": "3835059", "bio": "", "photo": {"prefix": "https://igx.4sqi.net/img/user/", "suffix": "/FZL5M5Y40LW1XU5W.jpg"}, "homeCity": "Petaling Jaya, Malaysia", "lists": {"groups": [{"items": [], "count": 2, "type": "created"}]}}, {"tips": {"count": 5}, "contact": {"twitter": "wongmingming", "facebook": "750728135"}, "firstName": "Michelle", "gender": "female", "lastName": "Wong", "id": "341188", "bio": "", "photo": {"prefix": "https://igx.4sqi.net/img/user/", "suffix": "/KG3WU2DFXVE1TO5L.jpg"}, "homeCity": "", "lists": {"groups": [{"items": [], "count": 2, "type": "created"}]}}, {"tips": {"count": 31}, "contact": {"twitter": "apkw", "facebook": "749131918"}, "firstName": "Alvin", "gender": "male", "lastName": "Phey", "id": "1053707", "bio": "", "photo": {"prefix": "https://igx.4sqi.net/img/user/", "suffix": "/1053707-3VEARHADHB2ZTRIH.jpg"}, "homeCity": "Kuala Lumpur", "lists": {"groups": [{"items": [], "count": 2, "type": "created"}]}}, {"tips": {"count": 3}, "contact": {"facebook": "724652915"}, "firstName": "Patricia", "gender": "female", "lastName": "Koh", "id": "87777509", "bio": "", "photo": {"prefix": "https://igx.4sqi.net/img/user/", "suffix": "/87777509-INVB2V0JM3M42GO4.jpg"}, "homeCity": "Singapore", "lists": {"groups": [{"items": [], "count": 2, "type": "created"}]}}, {"tips": {"count": 0}, "contact": {"facebook": "503397543"}, "firstName": "Roma", "gender": "female", "lastName": "Singhal", "id": "1187451", "bio": "", "photo": {"prefix": "https://igx.4sqi.net/img/user/", "suffix": "/0DPDQJG4LSB5DQEL.jpg"}, "homeCity": "Australia", "lists": {"groups": [{"items": [], "count": 2, "type": "created"}]}}, {"tips": {"count": 1}, "contact": {"twitter": "yeoenhui", "facebook": "10152725742298691"}, "firstName": "En Hui", "gender": "female", "lastName": "Yeo", "id": "6540215", "bio": "", "photo": {"prefix": "https://igx.4sqi.net/img/user/", "suffix": "/PFZOCXLC0Z22X0SR.jpg"}, "homeCity": "Singapore", "lists": {"groups": [{"items": [], "count": 2, "type": "created"}]}}, {"tips": {"count": 1}, "contact": {"facebook": "830769427"}, "firstName": "Wong", "gender": "female", "lastName": "June", "id": "18569467", "bio": "", "photo": {"prefix": "https://igx.4sqi.net/img/user/", "suffix": "/18569467-ZA3THYQO4EPMB5AR.jpg"}, "homeCity": "Kuala Lumpur, Malaysia", "lists": {"groups": [{"items": [], "count": 3, "type": "created"}]}}, {"tips": {"count": 0}, "contact": {"facebook": "702670902"}, "firstName": "Regine", "gender": "female", "lastName": "Chua", "id": "57804753", "bio": "", "photo": {"prefix": "https://igx.4sqi.net/img/user/", "suffix": "/O4Z3Z3RTGXFZZAHF.jpg"}, "homeCity": "Singapore", "lists": {"groups": [{"items": [], "count": 3, "type": "created"}]}}, {"tips": {"count": 4}, "contact": {}, "firstName": "Stan", "gender": "male", "lastName": "Wong", "id": "9721748", "bio": "", "photo": {"prefix": "https://igx.4sqi.net/img/user/", "suffix": "/O3WAWRKYYV1UT5GR.jpg"}, "homeCity": "San Francisco, CA", "lists": {"groups": [{"items": [], "count": 2, "type": "created"}]}}, {"tips": {"count": 1}, "contact": {"twitter": "andreasolsson", "facebook": "600016868"}, "firstName": "Andreas", "gender": "male", "id": "345241", "bio": "", "photo": {"prefix": "https://igx.4sqi.net/img/user/", "suffix": "/W0YAALESUDPSGCJX.jpg"}, "homeCity": "Bukit Jalil, Kuala Lumpur", "lists": {"groups": [{"items": [], "count": 2, "type": "created"}]}}, {"tips": {"count": 1}, "contact": {"twitter": "zaighamzaggi", "facebook": "778843477"}, "firstName": "zaggi", "gender": "male", "id": "1469190", "bio": "", "photo": {"prefix": "https://igx.4sqi.net/img/user/", "suffix": "/OQUP0RFYODAD0MN3.jpg"}, "homeCity": "Singapore", "lists": {"groups": [{"items": [], "count": 2, "type": "created"}]}}, {"tips": {"count": 0}, "contact": {"facebook": "100000520272976"}, "firstName": "Felicia", "gender": "female", "lastName": "Tay", "id": "89171093", "bio": "", "photo": {"prefix": "https://igx.4sqi.net/img/user/", "suffix": "/89171093-YS1VM02Y1SEQ2VCZ.jpg"}, "homeCity": "Singapore", "lists": {"groups": [{"items": [], "count": 2, "type": "created"}]}}, {"tips": {"count": 2}, "contact": {"twitter": "delilahchan", "facebook": "100001018312665"}, "firstName": "Delilah", "gender": "female", "lastName": "Chan", "id": "1310877", "bio": "", "photo": {"prefix": "https://igx.4sqi.net/img/user/", "suffix": "/1PCHUSQIU3YNNPD4.jpg"}, "homeCity": "Singapore", "lists": {"groups": [{"items": [], "count": 2, "type": "created"}]}}, {"tips": {"count": 16}, "contact": {"twitter": "jonnyha"}, "firstName": "Jonny", "gender": "male", "lastName": "Haha", "id": "35428553", "bio": "Instagram: jonnyhaha", "photo": {"prefix": "https://igx.4sqi.net/img/user/", "suffix": "/35428553-TITQPPMVLR3D3ICB.jpg"}, "homeCity": "Asia", "lists": {"groups": [{"items": [], "count": 3, "type": "created"}]}}, {"tips": {"count": 0}, "contact": {"facebook": "1024644263"}, "firstName": "Grace", "gender": "female", "lastName": "Lu", "id": "40386771", "bio": "", "photo": {"prefix": "https://igx.4sqi.net/img/user/", "suffix": "/0ETVHW3KYPNUPFGP.jpg"}, "homeCity": "Singapore", "lists": {"groups": [{"items": [], "count": 2, "type": "created"}]}}, {"tips": {"count": 1}, "contact": {"facebook": "627852230"}, "firstName": "Victor", "gender": "male", "lastName": "Hui", "id": "49564737", "bio": "", "photo": {"prefix": "https://igx.4sqi.net/img/user/", "suffix": "/RWHP24DXARSSYXSA.jpg"}, "homeCity": "Singapore", "lists": {"groups": [{"items": [], "count": 2, "type": "created"}]}}, {"tips": {"count": 13}, "contact": {"twitter": "rodsantiago", "facebook": "631673665"}, "firstName": "Rod", "gender": "male", "id": "378490", "bio": "", "photo": {"prefix": "https://igx.4sqi.net/img/user/", "suffix": "/Q5GXB1YTUCUMYXCM.jpg"}, "homeCity": "True North, Canada", "lists": {"groups": [{"items": [], "count": 3, "type": "created"}]}}, {"tips": {"count": 36}, "contact": {"twitter": "phatfreemiguel", "facebook": "636511158"}, "firstName": "Miguel", "gender": "male", "lastName": "Bernas", "id": "1472873", "bio": "", "photo": {"prefix": "https://igx.4sqi.net/img/user/", "suffix": "/LEL5X5H0VW52MSGY.jpg"}, "homeCity": "Singapore", "lists": {"groups": [{"items": [], "count": 2, "type": "created"}]}}, {"tips": {"count": 0}, "contact": {"facebook": "692963252"}, "firstName": "Jeffrey", "gender": "male", "lastName": "Ong", "id": "1500732", "bio": "", "photo": {"prefix": "https://igx.4sqi.net/img/user/", "suffix": "/VEMSTBYZFS2SQ4PD.jpg"}, "homeCity": "Tampines, Singapore", "lists": {"groups": [{"items": [], "count": 2, "type": "created"}]}}, {"tips": {"count": 0}, "contact": {}, "firstName": "v", "gender": "none", "lastName": "w", "id": "56703963", "bio": "", "photo": {"prefix": "https://igx.4sqi.net/img/user/", "suffix": "/BPJOQ2KNCDLSTHFZ.jpg"}, "homeCity": "San Francisco, CA", "lists": {"groups": [{"items": [], "count": 2, "type": "created"}]}}, {"tips": {"count": 12}, "contact": {"twitter": "angelibeltran", "facebook": "628127958"}, "firstName": "Angeli", "gender": "female", "lastName": "Beltran", "id": "397749", "bio": "", "photo": {"prefix": "https://igx.4sqi.net/img/user/", "suffix": "/543OSSVHZMSZG1YG.jpg"}, "homeCity": "Singapore", "lists": {"groups": [{"items": [], "count": 2, "type": "created"}]}}, {"tips": {"count": 0}, "contact": {"facebook": "617362330"}, "firstName": "maria", "gender": "female", "lastName": "eddy", "id": "1563885", "bio": "", "photo": {"prefix": "https://igx.4sqi.net/img/user/", "suffix": "/5VXXJ0WEWD5D4URM.jpg"}, "homeCity": "Singapore", "lists": {"groups": [{"items": [], "count": 2, "type": "created"}]}}, {"tips": {"count": 4}, "contact": {}, "firstName": "Karen", "gender": "female", "lastName": "Thong", "id": "1682652", "bio": "", "photo": {"prefix": "https://igx.4sqi.net/img/user/", "suffix": "/IBL5RCZXFXZJ00OA.jpg"}, "homeCity": "Stockholm, Sweden", "lists": {"groups": [{"items": [], "count": 2, "type": "created"}]}}, {"tips": {"count": 0}, "contact": {"facebook": "621706650"}, "firstName": "Lynn", "gender": "female", "lastName": "Chong", "id": "691461", "bio": "", "photo": {"prefix": "https://igx.4sqi.net/img/user/", "suffix": "/LLTKC0APQBXJQJ5P.jpg"}, "homeCity": "Singapore", "lists": {"groups": [{"items": [], "count": 2, "type": "created"}]}}, {"tips": {"count": 0}, "contact": {"twitter": "eehoww", "facebook": "633849458"}, "firstName": "Yihao", "gender": "male", "lastName": "Chua", "id": "1728347", "bio": "", "photo": {"prefix": "https://igx.4sqi.net/img/user/", "suffix": "/0NRJARRQZIJ5RPW3.jpg"}, "homeCity": "Singapore", "lists": {"groups": [{"items": [], "count": 2, "type": "created"}]}}, {"tips": {"count": 12}, "contact": {}, "firstName": "Shereen", "gender": "female", "id": "1722541", "bio": "", "photo": {"prefix": "https://igx.4sqi.net/img/user/", "suffix": "/S3JOH2XDFWIA1JPI.jpg"}, "homeCity": "Kuala Lumpur, Malaysia", "lists": {"groups": [{"items": [], "count": 2, "type": "created"}]}}, {"tips": {"count": 0}, "contact": {"twitter": "dinss2001"}, "firstName": "dinesh", "gender": "male", "lastName": "sandhu", "id": "4627046", "bio": "", "photo": {"prefix": "https://igx.4sqi.net/img/user/", "suffix": "/CTY4SUSHDHSXMCUX.jpg"}, "homeCity": "Singapore", "lists": {"groups": [{"items": [], "count": 2, "type": "created"}]}}, {"tips": {"count": 1}, "contact": {"facebook": "1438320691"}, "firstName": "Karla", "gender": "female", "lastName": "Trina", "id": "1892732", "bio": "", "photo": {"prefix": "https://igx.4sqi.net/img/user/", "suffix": "/JD5PYXYKVMYMI0NM.jpg"}, "homeCity": "Singapore", "lists": {"groups": [{"items": [], "count": 2, "type": "created"}]}}, {"tips": {"count": 0}, "contact": {}, "firstName": "Cyndi", "gender": "female", "lastName": "Chua", "id": "2075578", "bio": "", "photo": {"prefix": "https://igx.4sqi.net/img/user/", "suffix": "/RX0UNUISJUJZD3CC.jpg"}, "homeCity": "Singapore", "lists": {"groups": [{"items": [], "count": 2, "type": "created"}]}}, {"tips": {"count": 0}, "contact": {"facebook": "559643222"}, "firstName": "Gerald", "gender": "male", "lastName": "Lim", "id": "34503009", "bio": "", "photo": {"prefix": "https://igx.4sqi.net/img/user/", "suffix": "/3IMS52XP5MNDICQT.jpg"}, "homeCity": "Bangkok ", "lists": {"groups": [{"items": [], "count": 3, "type": "created"}]}}, {"tips": {"count": 6}, "contact": {"twitter": "mitchellotti", "facebook": "648527510"}, "firstName": "Pete", "gender": "male", "lastName": "Mitchell", "id": "1893240", "bio": "", "photo": {"prefix": "https://igx.4sqi.net/img/user/", "suffix": "/1893240-QRIW0KZVBL4EW3K3"}, "homeCity": "Singapore", "lists": {"groups": [{"items": [], "count": 2, "type": "created"}]}}, {"tips": {"count": 1}, "contact": {"twitter": "nadineyap", "facebook": "702850396"}, "firstName": "Nadine", "gender": "female", "lastName": "Yap", "id": "2231905", "bio": "", "photo": {"prefix": "https://igx.4sqi.net/img/user/", "suffix": "/5WB5MU4XYYEBDW3B.jpg"}, "homeCity": "Singapore", "lists": {"groups": [{"items": [], "count": 2, "type": "created"}]}}, {"tips": {"count": 0}, "contact": {"twitter": "ah_fu46", "facebook": "10153184838329506"}, "firstName": "Angeline", "gender": "female", "lastName": "Tan", "id": "80987171", "bio": "", "photo": {"prefix": "https://igx.4sqi.net/img/user/", "suffix": "/80987171-5QCBNTBXABH511SO.jpg"}, "homeCity": "Singapore, Singapore", "lists": {"groups": [{"items": [], "count": 2, "type": "created"}]}}, {"tips": {"count": 42}, "contact": {"twitter": "amisswan", "facebook": "682697811"}, "firstName": "Amy", "gender": "female", "lastName": "Yep", "id": "2780748", "bio": "", "photo": {"prefix": "https://igx.4sqi.net/img/user/", "suffix": "/Z0XH0JDZ4UG4SNVO.jpg"}, "homeCity": "Malaysia", "lists": {"groups": [{"items": [], "count": 8, "type": "created"}]}}, {"tips": {"count": 0}, "contact": {"twitter": "iamcindyburke", "facebook": "10154765998924018"}, "firstName": "Cindy", "gender": "female", "lastName": "Burke", "id": "6342587", "bio": "", "photo": {"prefix": "https://igx.4sqi.net/img/user/", "suffix": "/X3MV4KZWVTG2RJUB.jpg"}, "homeCity": "Sydney, Australia", "lists": {"groups": [{"items": [], "count": 4, "type": "created"}]}}, {"tips": {"count": 2}, "contact": {"twitter": "suzzdotcom"}, "firstName": "Suzzana Low", "gender": "female", "lastName": "Chew", "id": "6467810", "bio": "", "photo": {"prefix": "https://igx.4sqi.net/img/user/", "suffix": "/YADO54BLU0SSQZM1.jpg"}, "homeCity": "Singapore", "lists": {"groups": [{"items": [], "count": 2, "type": "created"}]}}, {"tips": {"count": 0}, "contact": {"facebook": "1143462952"}, "firstName": "Rai", "gender": "male", "lastName": "Parjan", "id": "8730241", "bio": "", "photo": {"prefix": "https://igx.4sqi.net/img/user/", "suffix": "/DY5UBAUUJCOINDCR.jpg"}, "homeCity": "Singapore", "lists": {"groups": [{"items": [], "count": 2, "type": "created"}]}}], "count": 94}, "checksum": "8220f1d346663a827202f362041a107fffbddb73"}, "meta": {"requestId": "5965ee171ed21919fad260d0", "code": 200}}