{"notifications": [{"type": "notificationTray", "item": {"unreadCount": 0}}], "response": {"friends": {"items": [{"tips": {"count": 0}, "contact": {}, "firstName": "Eugene", "gender": "male", "lastName": "Ong", "id": "6774959", "bio": "", "photo": {"prefix": "https://igx.4sqi.net/img/user/", "suffix": "/TIVJQ0HBW1A4VOPK.jpg"}, "homeCity": "Singapore", "lists": {"groups": [{"items": [], "count": 2, "type": "created"}]}}, {"tips": {"count": 16}, "contact": {"facebook": "100000795062906"}, "firstName": "Benjamin", "gender": "male", "lastName": "Leong", "id": "6434637", "bio": "", "photo": {"prefix": "https://igx.4sqi.net/img/user/", "suffix": "/NQUSZ4F42C1J33X2.jpg"}, "homeCity": "Singapore", "lists": {"groups": [{"items": [], "count": 2, "type": "created"}]}}, {"tips": {"count": 0}, "contact": {"twitter": "cscare"}, "firstName": "Care", "gender": "male", "lastName": "Chee Siong", "id": "25513286", "bio": "Let's be friends =)", "photo": {"prefix": "https://igx.4sqi.net/img/user/", "suffix": "/QZR1ZYRHTPSHCBSC.jpg"}, "homeCity": "singapore", "lists": {"groups": [{"items": [], "count": 2, "type": "created"}]}}, {"tips": {"count": 0}, "contact": {"twitter": "deeenah", "facebook": "719466909"}, "firstName": "Dinah", "gender": "female", "lastName": "Li", "id": "1325085", "bio": "", "photo": {"prefix": "https://igx.4sqi.net/img/user/", "suffix": "/1AAQI5JCUGS4BVQA.jpg"}, "homeCity": "Singapore", "lists": {"groups": [{"items": [], "count": 2, "type": "created"}]}}, {"tips": {"count": 0}, "contact": {}, "firstName": "Kenny", "gender": "male", "lastName": "Chan", "id": "4169149", "bio": "", "photo": {"prefix": "https://igx.4sqi.net/img/user/", "suffix": "/RAFZO4MJL05J1NWX.jpg"}, "homeCity": "Singapore", "lists": {"groups": [{"items": [], "count": 2, "type": "created"}]}}, {"tips": {"count": 0}, "contact": {"facebook": "511544720"}, "firstName": "Dino", "gender": "male", "lastName": "Huber", "id": "4284278", "bio": "", "photo": {"prefix": "https://igx.4sqi.net/img/user/", "suffix": "/C0MLJJXQ5QEWV45E.jpg"}, "homeCity": "Singapore", "lists": {"groups": [{"items": [], "count": 2, "type": "created"}]}}, {"tips": {"count": 40}, "contact": {}, "firstName": "Kegen", "gender": "male", "lastName": "T", "id": "1435613", "bio": "I'm not lazy. I'm on Energy Saving Mode. @KGNTSTNY", "photo": {"prefix": "https://igx.4sqi.net/img/user/", "suffix": "/1435613-EENVOQIH3VJO0XXX.jpg"}, "homeCity": "Singapore", "lists": {"groups": [{"items": [], "count": 2, "type": "created"}]}}, {"tips": {"count": 1}, "contact": {"twitter": "charmtjy", "facebook": "586570963"}, "firstName": "Charmaine", "gender": "female", "lastName": "Tay", "id": "5638747", "bio": "", "photo": {"prefix": "https://igx.4sqi.net/img/user/", "suffix": "/CG4HQQ2SFJLS2WDZ.jpg"}, "homeCity": "Singapore", "lists": {"groups": [{"items": [], "count": 2, "type": "created"}]}}, {"tips": {"count": 1}, "contact": {"facebook": "10100868620728939"}, "firstName": "Victor", "gender": "male", "lastName": "Hsu", "id": "2462642", "bio": "", "photo": {"prefix": "https://igx.4sqi.net/img/user/", "suffix": "/0YWJDKLWAW5EMRJW.jpg"}, "homeCity": "Hong Kong", "lists": {"groups": [{"items": [], "count": 4, "type": "created"}]}}, {"tips": {"count": 18}, "contact": {"twitter": "mughalventures", "facebook": "648030377"}, "firstName": "Raj", "gender": "male", "lastName": "George", "id": "655133", "bio": "brand development @mughalventures @missionchinesefood", "photo": {"prefix": "https://igx.4sqi.net/img/user/", "suffix": "/RJ33DCUGGHL4M2W3.jpg"}, "homeCity": "", "lists": {"groups": [{"items": [], "count": 8, "type": "created"}]}}, {"tips": {"count": 0}, "contact": {"facebook": "730231659"}, "firstName": "Marcus", "gender": "male", "lastName": "Goh", "id": "2572148", "bio": "", "photo": {"prefix": "https://igx.4sqi.net/img/user/", "suffix": "/4M15JNB4NWEGNV00.jpg"}, "homeCity": "Singapore", "lists": {"groups": [{"items": [], "count": 2, "type": "created"}]}}, {"tips": {"count": 5}, "contact": {"facebook": "602820555"}, "firstName": "Tricia", "gender": "female", "lastName": "Kong", "id": "1671690", "bio": "", "photo": {"prefix": "https://igx.4sqi.net/img/user/", "suffix": "/1671690-YSMFJINIOEYJKUQB.jpg"}, "homeCity": "Singapore, SG", "lists": {"groups": [{"items": [], "count": 4, "type": "created"}]}}, {"tips": {"count": 2}, "contact": {"twitter": "fayhokulani", "facebook": "649046217"}, "firstName": "Fay", "gender": "female", "lastName": "Hokulani", "id": "319747", "bio": "", "photo": {"prefix": "https://igx.4sqi.net/img/user/", "suffix": "/AN51ADMWZEQE1YQC.jpg"}, "homeCity": "Kuala Lumpur, Malaysia", "lists": {"groups": [{"items": [], "count": 2, "type": "created"}]}}, {"tips": {"count": 0}, "contact": {"twitter": "desertsand_rose", "facebook": "515396667"}, "firstName": "DesertSand", "gender": "male", "lastName": "Rose", "id": "3812731", "bio": "", "photo": {"prefix": "https://igx.4sqi.net/img/user/", "suffix": "/PRGXEEU3Z3PZA5OC.jpg"}, "homeCity": "Singapore", "lists": {"groups": [{"items": [], "count": 2, "type": "created"}]}}, {"tips": {"count": 2}, "contact": {"twitter": "andr3wch4ng", "facebook": "533161561"}, "firstName": "Andrew", "gender": "male", "lastName": "Chang", "id": "1056156", "bio": "", "photo": {"prefix": "https://igx.4sqi.net/img/user/", "suffix": "/K2BJJT3SYFF3TCHO.jpg"}, "homeCity": "Albion, Victoria", "lists": {"groups": [{"items": [], "count": 2, "type": "created"}]}}, {"tips": {"count": 0}, "contact": {"facebook": "516744425"}, "firstName": "-Yun", "gender": "female", "lastName": "Yun \u96f2\u96f2-", "id": "1761313", "bio": "", "photo": {"prefix": "https://igx.4sqi.net/img/user/", "suffix": "/L2GFLPIWDQC44E13.jpg"}, "homeCity": "Elizabeth, New Jersey", "lists": {"groups": [{"items": [], "count": 2, "type": "created"}]}}, {"tips": {"count": 2}, "contact": {"twitter": "gavinchoo"}, "firstName": "Gavin", "gender": "male", "lastName": "Choo", "id": "1322826", "bio": "", "photo": {"prefix": "https://igx.4sqi.net/img/user/", "suffix": "/1322826-MNRFPD5N343ED4SD.jpg"}, "homeCity": "Bangkok", "lists": {"groups": [{"items": [], "count": 2, "type": "created"}]}}, {"tips": {"count": 2}, "contact": {}, "firstName": "Shalon", "gender": "female", "lastName": "Kong", "id": "2672543", "bio": "", "photo": {"prefix": "https://igx.4sqi.net/img/user/", "suffix": "/R1T52EPKLR040MII.jpg"}, "homeCity": "Singapore", "lists": {"groups": [{"items": [], "count": 2, "type": "created"}]}}, {"tips": {"count": 0}, "contact": {"facebook": "624210859"}, "firstName": "Andrew", "gender": "male", "lastName": "Lin", "id": "10963248", "bio": "", "photo": {"prefix": "https://igx.4sqi.net/img/user/", "suffix": "/blank_boy.png", "default": true}, "homeCity": "Singapore", "lists": {"groups": [{"items": [], "count": 2, "type": "created"}]}}, {"tips": {"count": 0}, "contact": {}, "firstName": "Han", "gender": "male", "lastName": "Ali", "id": "4336861", "bio": "", "photo": {"prefix": "https://igx.4sqi.net/img/user/", "suffix": "/GZL0PIGL2OQQVR33.jpg"}, "homeCity": "Singapore", "lists": {"groups": [{"items": [], "count": 2, "type": "created"}]}}, {"tips": {"count": 0}, "contact": {"twitter": "xinyi_1711"}, "firstName": "\u6b23\u6021", "gender": "female", "lastName": "\u738b", "id": "6822777", "bio": "", "photo": {"prefix": "https://igx.4sqi.net/img/user/", "suffix": "/JVQIESPYAPCVEYCV.jpg"}, "homeCity": "Singapore", "lists": {"groups": [{"items": [], "count": 2, "type": "created"}]}}, {"tips": {"count": 0}, "contact": {"facebook": "771209113"}, "firstName": "Natalie", "gender": "female", "lastName": "Mah", "id": "3767677", "bio": "", "photo": {"prefix": "https://igx.4sqi.net/img/user/", "suffix": "/KY0WXG2ISFZBDKHG.jpg"}, "homeCity": "Singapore", "lists": {"groups": [{"items": [], "count": 2, "type": "created"}]}}, {"tips": {"count": 0}, "contact": {}, "firstName": "Marel", "gender": "female", "lastName": "Yong", "id": "4418587", "bio": "", "photo": {"prefix": "https://igx.4sqi.net/img/user/", "suffix": "/AJO1WW2Y24SIGW02.jpg"}, "homeCity": "Singapore", "lists": {"groups": [{"items": [], "count": 2, "type": "created"}]}}, {"tips": {"count": 4}, "contact": {"twitter": "helloiamvee", "facebook": "712670363"}, "firstName": "Vivian", "gender": "female", "lastName": "Lin", "id": "57447581", "bio": "", "photo": {"prefix": "https://igx.4sqi.net/img/user/", "suffix": "/57447581-H3N4YNR3YB3OFVHT.jpg"}, "homeCity": "Singapore, 00", "lists": {"groups": [{"items": [], "count": 2, "type": "created"}]}}, {"tips": {"count": 1}, "contact": {"facebook": "652807888"}, "firstName": "Phing chuen", "gender": "male", "lastName": "Sim", "id": "5719737", "bio": "", "photo": {"prefix": "https://igx.4sqi.net/img/user/", "suffix": "/3J2A2YZGMSETK0XK.jpg"}, "homeCity": "Singapore", "lists": {"groups": [{"items": [], "count": 2, "type": "created"}]}}, {"tips": {"count": 6}, "contact": {"facebook": "723793225"}, "firstName": "Cindy", "gender": "female", "lastName": "Chong", "id": "2467761", "bio": "", "photo": {"prefix": "https://igx.4sqi.net/img/user/", "suffix": "/QQPPYHRW3WC4XK04.jpg"}, "homeCity": "Singapore", "lists": {"groups": [{"items": [], "count": 2, "type": "created"}]}}, {"tips": {"count": 0}, "contact": {"twitter": "kewpie20", "facebook": "624566404"}, "firstName": "xtiNe", "gender": "female", "id": "4035047", "bio": "", "photo": {"prefix": "https://igx.4sqi.net/img/user/", "suffix": "/P3PRZ1YZQYUL1YAD.jpg"}, "homeCity": "Singapore", "lists": {"groups": [{"items": [], "count": 2, "type": "created"}]}}, {"tips": {"count": 0}, "contact": {"facebook": "514466423"}, "firstName": "Ho", "gender": "male", "lastName": "Bert", "id": "5335621", "bio": "", "photo": {"prefix": "https://igx.4sqi.net/img/user/", "suffix": "/B524LO22NXEMHL4N.jpg"}, "homeCity": "Singapore", "lists": {"groups": [{"items": [], "count": 2, "type": "created"}]}}, {"tips": {"count": 1}, "contact": {"facebook": "658022086"}, "firstName": "James", "gender": "male", "lastName": "Ong", "id": "985350", "bio": "", "photo": {"prefix": "https://igx.4sqi.net/img/user/", "suffix": "/JTTSBTZX3L3QXD3N.jpg"}, "homeCity": "Singapore", "lists": {"groups": [{"items": [], "count": 2, "type": "created"}]}}, {"tips": {"count": 0}, "contact": {"facebook": "677722079"}, "firstName": "Dixie", "gender": "female", "lastName": "Looi", "id": "15165719", "bio": "", "photo": {"prefix": "https://igx.4sqi.net/img/user/", "suffix": "/5E5RVPENE5BQVO5U.jpg"}, "homeCity": "Singapore", "lists": {"groups": [{"items": [], "count": 2, "type": "created"}]}}, {"tips": {"count": 2}, "contact": {"twitter": "hazeltwinkle90", "facebook": "100001447267259"}, "firstName": "\ud83d\udc63HazeL", "gender": "female", "lastName": "Oon\ud83d\udc8b", "id": "1563854", "bio": "", "photo": {"prefix": "https://igx.4sqi.net/img/user/", "suffix": "/JAB1IMHGUU4Y2YQH.jpg"}, "homeCity": "Penang", "lists": {"groups": [{"items": [], "count": 2, "type": "created"}]}}, {"tips": {"count": 0}, "contact": {"facebook": "669975804"}, "firstName": "Wei", "gender": "male", "lastName": "Ming", "id": "13618045", "bio": "", "photo": {"prefix": "https://igx.4sqi.net/img/user/", "suffix": "/2NE0TDWIHZPBZZM0.jpg"}, "homeCity": "Singapore", "lists": {"groups": [{"items": [], "count": 2, "type": "created"}]}}, {"tips": {"count": 1}, "contact": {"twitter": "lovejacq", "facebook": "540821002"}, "firstName": "Jacqueline", "gender": "female", "lastName": "Ng", "id": "1539677", "bio": "", "photo": {"prefix": "https://igx.4sqi.net/img/user/", "suffix": "/PTK1UXOFXUG40WKM.jpg"}, "homeCity": "Singapore", "lists": {"groups": [{"items": [], "count": 2, "type": "created"}]}}, {"tips": {"count": 0}, "contact": {"facebook": "544819541"}, "firstName": "Yoshie", "gender": "female", "lastName": "Kakimoto", "id": "3180833", "bio": "", "photo": {"prefix": "https://igx.4sqi.net/img/user/", "suffix": "/UTYQCMXDTYALU52U.jpg"}, "homeCity": "Singapore", "lists": {"groups": [{"items": [], "count": 2, "type": "created"}]}}, {"tips": {"count": 6}, "contact": {"twitter": "dondon80", "facebook": "655587190"}, "firstName": "Donald", "gender": "male", "lastName": "Koh", "id": "32084616", "bio": "", "photo": {"prefix": "https://igx.4sqi.net/img/user/", "suffix": "/IHHRKC2UNJDHI3EJ.jpg"}, "homeCity": "New York, NY", "lists": {"groups": [{"items": [], "count": 2, "type": "created"}]}}, {"tips": {"count": 0}, "contact": {}, "firstName": "Lee", "gender": "female", "lastName": "Adeline", "id": "4548474", "bio": "", "photo": {"prefix": "https://igx.4sqi.net/img/user/", "suffix": "/AVPDAGY4VNKCYCXE.jpg"}, "homeCity": "Singapore", "lists": {"groups": [{"items": [], "count": 2, "type": "created"}]}}, {"tips": {"count": 0}, "contact": {"facebook": "638715888"}, "firstName": "YuanZheng", "gender": "male", "lastName": "Lin", "id": "7012921", "bio": "", "photo": {"prefix": "https://igx.4sqi.net/img/user/", "suffix": "/WUYU5DJFPNJ3DEF4.jpg"}, "homeCity": "Singapore", "lists": {"groups": [{"items": [], "count": 2, "type": "created"}]}}, {"tips": {"count": 1}, "contact": {"twitter": "kissesoflife", "facebook": "10153772353423764"}, "firstName": "Jessica", "gender": "female", "lastName": "Thian", "id": "4301172", "bio": "", "photo": {"prefix": "https://igx.4sqi.net/img/user/", "suffix": "/4301172-ZJELQ3LDM4XQAZRT.jpg"}, "homeCity": "Singapore", "lists": {"groups": [{"items": [], "count": 2, "type": "created"}]}}, {"tips": {"count": 0}, "contact": {"facebook": "556590199"}, "firstName": "Ahmad", "gender": "male", "lastName": "Marzuk", "id": "6029446", "bio": "", "photo": {"prefix": "https://igx.4sqi.net/img/user/", "suffix": "/MJXVWXXL4T3GAPNX.jpg"}, "homeCity": "Singapore", "lists": {"groups": [{"items": [], "count": 2, "type": "created"}]}}, {"tips": {"count": 10}, "contact": {"facebook": "699188882"}, "firstName": "Clement", "gender": "male", "lastName": "Tan", "id": "2828493", "bio": "", "photo": {"prefix": "https://igx.4sqi.net/img/user/", "suffix": "/I005BUVYSERRY23V.jpg"}, "homeCity": "Singapore", "lists": {"groups": [{"items": [], "count": 2, "type": "created"}]}}, {"tips": {"count": 0}, "contact": {"facebook": "645416061"}, "firstName": "Adeline", "gender": "female", "lastName": "Wee", "id": "5168170", "bio": "", "photo": {"prefix": "https://igx.4sqi.net/img/user/", "suffix": "/NAWQFJADGZ1NSHCW.jpg"}, "homeCity": "Singapore", "lists": {"groups": [{"items": [], "count": 2, "type": "created"}]}}, {"tips": {"count": 0}, "contact": {}, "firstName": "Ken", "gender": "male", "lastName": "Ong", "id": "5385265", "bio": "", "photo": {"prefix": "https://igx.4sqi.net/img/user/", "suffix": "/TP0NCKDROOQZHQHJ.jpg"}, "homeCity": "Singapore", "lists": {"groups": [{"items": [], "count": 2, "type": "created"}]}}, {"tips": {"count": 0}, "contact": {"facebook": "514085370"}, "firstName": "Gopi", "gender": "male", "lastName": "Gopal", "id": "1696226", "bio": "", "photo": {"prefix": "https://igx.4sqi.net/img/user/", "suffix": "/RVJSAS4GZADPPMS1.jpg"}, "homeCity": "Singapore", "lists": {"groups": [{"items": [], "count": 2, "type": "created"}]}}, {"tips": {"count": 12}, "contact": {"twitter": "louistanhp"}, "firstName": "Louis", "gender": "male", "lastName": "Tan", "id": "51024863", "bio": "Believe there are still pockets of treasures in this giant concrete jungle.", "photo": {"prefix": "https://igx.4sqi.net/img/user/", "suffix": "/51024863-FSEYDL2VWG5XY1I5.jpg"}, "homeCity": "Singapore", "lists": {"groups": [{"items": [], "count": 5, "type": "created"}]}}, {"tips": {"count": 22}, "contact": {"twitter": "j_stephannie", "facebook": "1247974443"}, "firstName": "Junnita", "gender": "female", "lastName": "Stephannie", "id": "1770639", "bio": "", "photo": {"prefix": "https://igx.4sqi.net/img/user/", "suffix": "/42UTA1DBGXXULI3M.jpg"}, "homeCity": "singapore", "lists": {"groups": [{"items": [], "count": 2, "type": "created"}]}}, {"tips": {"count": 0}, "contact": {}, "firstName": "Tas", "gender": "female", "lastName": "Anne", "id": "1631421", "bio": "", "photo": {"prefix": "https://igx.4sqi.net/img/user/", "suffix": "/0QMEKGOQECXZGGFA.jpg"}, "homeCity": "Singapore", "lists": {"groups": [{"items": [], "count": 2, "type": "created"}]}}, {"tips": {"count": 10}, "contact": {"facebook": "540950509"}, "firstName": "Gary", "gender": "male", "lastName": "Chien", "id": "3854463", "bio": "", "photo": {"prefix": "https://igx.4sqi.net/img/user/", "suffix": "/4SYZ5KVGLGPIM2W2.jpg"}, "homeCity": "singapore", "lists": {"groups": [{"items": [], "count": 2, "type": "created"}]}}, {"tips": {"count": 0}, "contact": {"facebook": "545070455"}, "firstName": "Melvyn", "gender": "male", "lastName": "Chua", "id": "4843945", "bio": "", "photo": {"prefix": "https://igx.4sqi.net/img/user/", "suffix": "/blank_boy.png", "default": true}, "homeCity": "\u0394\u03b5\u03bb\u03c6\u03bf\u03af, \u0395\u03bb\u03bb\u03ac\u03b4\u03b1", "lists": {"groups": [{"items": [], "count": 2, "type": "created"}]}}, {"tips": {"count": 1}, "contact": {"facebook": "100000862986866"}, "firstName": "Chen", "gender": "male", "lastName": "Liliang", "id": "7041601", "bio": "", "photo": {"prefix": "https://igx.4sqi.net/img/user/", "suffix": "/7041601-BFRNHY0EOTAL1CVT.jpg"}, "homeCity": "Singapore", "lists": {"groups": [{"items": [], "count": 2, "type": "created"}]}}, {"tips": {"count": 0}, "contact": {"facebook": "100002969974015"}, "firstName": "Joelle", "gender": "female", "lastName": "Yeo", "id": "4867007", "bio": "", "photo": {"prefix": "https://igx.4sqi.net/img/user/", "suffix": "/4867007-2X1DNPPV34SMJUWX.jpg"}, "homeCity": "Singapore", "lists": {"groups": [{"items": [], "count": 2, "type": "created"}]}}, {"tips": {"count": 0}, "contact": {}, "firstName": "Roberto H.", "gender": "male", "lastName": "Kim", "id": "13727330", "bio": "", "photo": {"prefix": "https://igx.4sqi.net/img/user/", "suffix": "/IAZNAAKFHSVF1SAA.jpg"}, "homeCity": "\uc11c\uc6b8\ud2b9\ubcc4\uc2dc, \ub300\ud55c\ubbfc\uad6d", "lists": {"groups": [{"items": [], "count": 2, "type": "created"}]}}, {"tips": {"count": 65}, "contact": {"facebook": "543016628"}, "firstName": "Calvin", "gender": "male", "lastName": "Chan", "id": "5013402", "bio": "www.drcalvinchan.com", "photo": {"prefix": "https://igx.4sqi.net/img/user/", "suffix": "/5013402-LH2MA45YOTBJA5FA.jpg"}, "homeCity": "Singapore", "lists": {"groups": [{"items": [], "count": 2, "type": "created"}]}}, {"tips": {"count": 11}, "contact": {"twitter": "myglowinghalo"}, "firstName": "Alvin", "gender": "male", "lastName": "J", "id": "11935145", "bio": "Inspired.", "photo": {"prefix": "https://igx.4sqi.net/img/user/", "suffix": "/11935145-0KP35KWZ2RK1J1QT.jpg"}, "homeCity": "Singapore", "lists": {"groups": [{"items": [], "count": 2, "type": "created"}]}}, {"tips": {"count": 0}, "contact": {}, "firstName": "Diggypee", "gender": "male", "lastName": "Peerapong", "id": "4711644", "bio": "", "photo": {"prefix": "https://igx.4sqi.net/img/user/", "suffix": "/B1ZSHJOVVXYSVMZX.jpg"}, "homeCity": "New York, NY", "lists": {"groups": [{"items": [], "count": 2, "type": "created"}]}}, {"tips": {"count": 29}, "contact": {}, "firstName": "V", "gender": "female", "lastName": "Aiko", "id": "1708406", "bio": "", "photo": {"prefix": "https://igx.4sqi.net/img/user/", "suffix": "/1708406-JW3XQSCZB1003ACX.jpg"}, "homeCity": "Hong Kong", "lists": {"groups": [{"items": [], "count": 8, "type": "created"}]}}, {"tips": {"count": 2}, "contact": {"facebook": "716521855"}, "firstName": "mel", "gender": "female", "lastName": "lim", "id": "3856877", "bio": "", "photo": {"prefix": "https://igx.4sqi.net/img/user/", "suffix": "/DABX3GBAFW4KTZHI.jpg"}, "homeCity": "Singapore", "lists": {"groups": [{"items": [], "count": 2, "type": "created"}]}}, {"tips": {"count": 0}, "contact": {"facebook": "578686631"}, "firstName": "Dennis Kieran", "gender": "male", "lastName": "Ng", "id": "8391108", "bio": "", "photo": {"prefix": "https://igx.4sqi.net/img/user/", "suffix": "/GTGRNV0MNDMHA3GJ.jpg"}, "homeCity": "\u798f\u5ca1\u5e02\u535a\u591a\u533a, \u65e5\u672c", "lists": {"groups": [{"items": [], "count": 2, "type": "created"}]}}, {"tips": {"count": 1}, "contact": {"facebook": "1022045396"}, "firstName": "Lavin", "gender": "female", "lastName": "Ong", "id": "7065674", "bio": "", "photo": {"prefix": "https://igx.4sqi.net/img/user/", "suffix": "/M1KULHWXBRZTKQMI.jpg"}, "homeCity": "Singapore", "lists": {"groups": [{"items": [], "count": 2, "type": "created"}]}}, {"tips": {"count": 3}, "contact": {"facebook": "599603688"}, "firstName": "Kristin", "gender": "female", "lastName": "Yeo", "id": "7494893", "bio": "", "photo": {"prefix": "https://igx.4sqi.net/img/user/", "suffix": "/R0FVY3TOZTIJREOF.jpg"}, "homeCity": "Singapore", "lists": {"groups": [{"items": [], "count": 3, "type": "created"}]}}, {"tips": {"count": 0}, "contact": {"facebook": "100004567691707"}, "firstName": "\uc724\uae38", "gender": "male", "lastName": "\uc1a1", "id": "44889080", "bio": "", "photo": {"prefix": "https://igx.4sqi.net/img/user/", "suffix": "/BLE0Q0DCTLPIA35X.jpg"}, "homeCity": "Gyeongsangnam-do", "lists": {"groups": [{"items": [], "count": 2, "type": "created"}]}}, {"tips": {"count": 5}, "contact": {"facebook": "1507383144"}, "firstName": "Zephyr", "gender": "male", "lastName": "Ong", "id": "5017494", "bio": "", "photo": {"prefix": "https://igx.4sqi.net/img/user/", "suffix": "/53G4LXDPCQDGOD11.jpg"}, "homeCity": "Singapore", "lists": {"groups": [{"items": [], "count": 2, "type": "created"}]}}, {"tips": {"count": 0}, "contact": {"facebook": "654861337"}, "firstName": "Elaine", "gender": "female", "lastName": "Chee", "id": "80839737", "bio": "", "photo": {"prefix": "https://igx.4sqi.net/img/user/", "suffix": "/80839737-1AJSS1IWCZKHEWAE.jpg"}, "homeCity": "Gauteng", "lists": {"groups": [{"items": [], "count": 2, "type": "created"}]}}, {"tips": {"count": 0}, "contact": {"facebook": "539875735"}, "firstName": "Adelaide", "gender": "female", "lastName": "Isabel", "id": "2422387", "bio": "", "photo": {"prefix": "https://igx.4sqi.net/img/user/", "suffix": "/H1LOEMP0CBTU34N2.jpg"}, "homeCity": "Singapore", "lists": {"groups": [{"items": [], "count": 2, "type": "created"}]}}, {"tips": {"count": 0}, "contact": {"facebook": "711320417"}, "firstName": "Stella", "gender": "female", "lastName": "Tan", "id": "3862420", "bio": "", "photo": {"prefix": "https://igx.4sqi.net/img/user/", "suffix": "/0Q5VJRI0S5PDFQJN.jpg"}, "homeCity": "Singapore", "lists": {"groups": [{"items": [], "count": 2, "type": "created"}]}}, {"tips": {"count": 0}, "contact": {"facebook": "853810017"}, "firstName": "Michelle", "gender": "female", "lastName": "Lee", "id": "7182860", "bio": "", "photo": {"prefix": "https://igx.4sqi.net/img/user/", "suffix": "/3CCI4T0QA05TUBAR.jpg"}, "homeCity": "Frankfurt am Main, Deutschland", "lists": {"groups": [{"items": [], "count": 2, "type": "created"}]}}, {"tips": {"count": 0}, "contact": {}, "firstName": "Jian Ling", "gender": "female", "lastName": "Oon", "id": "7964663", "bio": "", "photo": {"prefix": "https://igx.4sqi.net/img/user/", "suffix": "/YDUAVMJW0GMRPH4J.jpg"}, "homeCity": "Singapore", "lists": {"groups": [{"items": [], "count": 2, "type": "created"}]}}, {"tips": {"count": 2}, "contact": {"facebook": "100000726374277"}, "firstName": "Janson", "gender": "male", "lastName": "Law", "id": "13950239", "bio": "", "photo": {"prefix": "https://igx.4sqi.net/img/user/", "suffix": "/5VO2HLO0IXFFWUIW.jpg"}, "homeCity": "Singapore", "lists": {"groups": [{"items": [], "count": 2, "type": "created"}]}}, {"tips": {"count": 0}, "contact": {"twitter": "desmondchien", "facebook": "591511332"}, "firstName": "Desmond", "gender": "male", "lastName": "Chien", "id": "90785825", "bio": "Buy, Sell & Trade All Day", "photo": {"prefix": "https://igx.4sqi.net/img/user/", "suffix": "/90785825-LWXM3AKRAAATRLIR.jpg"}, "homeCity": "Singapore", "lists": {"groups": [{"items": [], "count": 2, "type": "created"}]}}, {"tips": {"count": 1}, "contact": {"facebook": "529050776"}, "firstName": "Yee hsien", "gender": "male", "lastName": "Ngeow", "id": "2968959", "bio": "", "photo": {"prefix": "https://igx.4sqi.net/img/user/", "suffix": "/J0ZTD5HKM2CHMVUT.jpg"}, "homeCity": "Singapore", "lists": {"groups": [{"items": [], "count": 2, "type": "created"}]}}, {"tips": {"count": 0}, "contact": {}, "firstName": "Victor", "gender": "male", "lastName": "Xie", "id": "3962180", "bio": "", "photo": {"prefix": "https://igx.4sqi.net/img/user/", "suffix": "/02MLD4D0NRCTEZEV.jpg"}, "homeCity": "Singapore", "lists": {"groups": [{"items": [], "count": 2, "type": "created"}]}}, {"tips": {"count": 0}, "contact": {}, "firstName": "Elaine", "gender": "female", "lastName": "Chee", "id": "7235423", "bio": "", "photo": {"prefix": "https://igx.4sqi.net/img/user/", "suffix": "/blank_girl.png", "default": true}, "homeCity": "Singapore", "lists": {"groups": [{"items": [], "count": 2, "type": "created"}]}}, {"tips": {"count": 1}, "contact": {"twitter": "darkesttragedy", "facebook": "852765564"}, "firstName": "esther", "gender": "female", "lastName": "lim", "id": "17295104", "bio": "", "photo": {"prefix": "https://igx.4sqi.net/img/user/", "suffix": "/X0TK3EDUJBT2CASQ.jpg"}, "homeCity": "Singapore", "lists": {"groups": [{"items": [], "count": 2, "type": "created"}]}}, {"tips": {"count": 0}, "contact": {}, "firstName": "Laura", "gender": "female", "lastName": "Quan", "id": "3467982", "bio": "", "photo": {"prefix": "https://igx.4sqi.net/img/user/", "suffix": "/KVT3WVWAGFPEFHHV.jpg"}, "homeCity": "Singapore", "lists": {"groups": [{"items": [], "count": 2, "type": "created"}]}}, {"tips": {"count": 0}, "contact": {"facebook": "635716010"}, "firstName": "Winson", "gender": "male", "lastName": "Lai", "id": "4439028", "bio": "", "photo": {"prefix": "https://igx.4sqi.net/img/user/", "suffix": "/5WAE1URAFYP3PARC.jpg"}, "homeCity": "Singapore", "lists": {"groups": [{"items": [], "count": 2, "type": "created"}]}}, {"tips": {"count": 0}, "contact": {"facebook": "1528330152"}, "firstName": "Erol", "gender": "male", "lastName": "Aykanli", "id": "99784653", "bio": "M\u00fchendis \ud83c\udf3f\ud83c\udf40\nNicosia Cyprus \ud83c\uddf9\ud83c\uddf7\ud83c\uddf9\ud83c\uddf7", "photo": {"prefix": "https://igx.4sqi.net/img/user/", "suffix": "/99784653_WhUQdGFn_psM2sohBlrVAf_m5ubFbT9FV6d3hniGxQsGOloVWTL7hZnEqpcvkIrkMezITvh50.jpg"}, "homeCity": "Istanbul, Istanbul", "lists": {"groups": [{"items": [], "count": 2, "type": "created"}]}}, {"tips": {"count": 10}, "contact": {"facebook": "10152797492289983"}, "firstName": "Chikai", "gender": "male", "lastName": "Huang", "id": "3485633", "bio": "", "photo": {"prefix": "https://igx.4sqi.net/img/user/", "suffix": "/OF1LIEEW0VB55OY1.jpg"}, "homeCity": "Singapore", "lists": {"groups": [{"items": [], "count": 5, "type": "created"}]}}, {"tips": {"count": 0}, "contact": {"facebook": "707686666"}, "firstName": "Sean", "gender": "male", "lastName": "Koh", "id": "4445631", "bio": "", "photo": {"prefix": "https://igx.4sqi.net/img/user/", "suffix": "/blank_boy.png", "default": true}, "homeCity": "Singapore", "lists": {"groups": [{"items": [], "count": 2, "type": "created"}]}}, {"tips": {"count": 2}, "contact": {"facebook": "738892673"}, "firstName": "benjamin", "gender": "male", "lastName": "khoo", "id": "3493325", "bio": "", "photo": {"prefix": "https://igx.4sqi.net/img/user/", "suffix": "/VFMX5EECVRRYJMH3.jpg"}, "homeCity": "Singapore", "lists": {"groups": [{"items": [], "count": 2, "type": "created"}]}}, {"tips": {"count": 0}, "contact": {"facebook": "776483398"}, "firstName": "wayne", "gender": "male", "lastName": "tan", "id": "5298617", "bio": "", "photo": {"prefix": "https://igx.4sqi.net/img/user/", "suffix": "/B1LH5STKU03XNEWP.jpg"}, "homeCity": "Singapore", "lists": {"groups": [{"items": [], "count": 2, "type": "created"}]}}, {"tips": {"count": 4}, "contact": {}, "firstName": "Jessie", "gender": "female", "id": "3496859", "bio": "", "photo": {"prefix": "https://igx.4sqi.net/img/user/", "suffix": "/3496859-DOBWMVNPJJ43ZVP2.jpg"}, "homeCity": "Singapore", "lists": {"groups": [{"items": [], "count": 2, "type": "created"}]}}, {"tips": {"count": 0}, "contact": {}, "firstName": "Wendii", "gender": "female", "lastName": "Ken", "id": "6092481", "bio": "", "photo": {"prefix": "https://igx.4sqi.net/img/user/", "suffix": "/FULL1T3X23RNIUKG.jpg"}, "homeCity": "New York, NY", "lists": {"groups": [{"items": [], "count": 2, "type": "created"}]}}, {"tips": {"count": 0}, "contact": {"facebook": "531611188"}, "firstName": "Wayne", "gender": "male", "lastName": "Ang", "id": "3561213", "bio": "", "photo": {"prefix": "https://igx.4sqi.net/img/user/", "suffix": "/STB5UCR24M321CF4.jpg"}, "homeCity": "Singapore", "lists": {"groups": [{"items": [], "count": 2, "type": "created"}]}}, {"tips": {"count": 1}, "contact": {"facebook": "10154365846633066"}, "firstName": "Sky", "gender": "male", "lastName": "Sng", "id": "5342496", "bio": "", "photo": {"prefix": "https://igx.4sqi.net/img/user/", "suffix": "/5342496-VWYVZBQR4G3SB5LR.jpg"}, "homeCity": "Singapore", "lists": {"groups": [{"items": [], "count": 2, "type": "created"}]}}], "count": 83}, "checksum": "ee5bba01bf6404d85dc4dcd2108b2d39e4e0b74c"}, "meta": {"requestId": "59660fc51ed21919fc367c6d", "code": 200}}