{"notifications": [{"type": "notificationTray", "item": {"unreadCount": 0}}], "response": {"friends": {"items": [{"tips": {"count": 18}, "contact": {"twitter": "jacob__ng", "facebook": "516383295"}, "firstName": "Jacob", "gender": "male", "lastName": "Ng", "id": "6936982", "bio": "", "photo": {"prefix": "https://igx.4sqi.net/img/user/", "suffix": "/KEO3LKLBTM3NUXWX.jpg"}, "homeCity": "England", "lists": {"groups": [{"items": [], "count": 4, "type": "created"}]}}, {"tips": {"count": 4}, "contact": {"facebook": "582627369"}, "firstName": "Baoqi", "gender": "female", "lastName": "WPK", "id": "4530703", "bio": "", "photo": {"prefix": "https://igx.4sqi.net/img/user/", "suffix": "/GHJRZX1L3P4TSTFG.jpg"}, "homeCity": "Kuching, Malaysia", "lists": {"groups": [{"items": [], "count": 2, "type": "created"}]}}, {"tips": {"count": 0}, "contact": {"twitter": "silvtidangelz", "facebook": "557835663"}, "firstName": "Brendon", "gender": "male", "lastName": "Koh", "id": "419866", "bio": "", "photo": {"prefix": "https://igx.4sqi.net/img/user/", "suffix": "/4YRZO0ODH4K5LSA0.jpg"}, "homeCity": "Singapore", "lists": {"groups": [{"items": [], "count": 2, "type": "created"}]}}, {"tips": {"count": 0}, "contact": {"twitter": "suiqilove", "facebook": "616226976"}, "firstName": "Suiqi", "gender": "female", "lastName": "ThreeSeptember", "id": "41019647", "bio": "", "photo": {"prefix": "https://igx.4sqi.net/img/user/", "suffix": "/R5IHDN15PSZUPJHA.jpg"}, "homeCity": "Singapore", "lists": {"groups": [{"items": [], "count": 2, "type": "created"}]}}, {"tips": {"count": 0}, "contact": {"twitter": "elvinlee90", "facebook": "658488843"}, "firstName": "Elvin Lee", "gender": "male", "id": "4872697", "bio": "", "photo": {"prefix": "https://igx.4sqi.net/img/user/", "suffix": "/4872697-IQY12Y4ZRMEVOMNM.jpg"}, "homeCity": "Kajang, Malaysia", "lists": {"groups": [{"items": [], "count": 2, "type": "created"}]}}, {"tips": {"count": 1}, "contact": {"facebook": "538771381"}, "firstName": "Charlotte", "gender": "none", "lastName": "Goh", "id": "6570769", "bio": "", "photo": {"prefix": "https://igx.4sqi.net/img/user/", "suffix": "/OPZTKASBP3JQINWU.jpg"}, "homeCity": "Parit Jawa, Malaysia", "lists": {"groups": [{"items": [], "count": 2, "type": "created"}]}}, {"tips": {"count": 0}, "contact": {"facebook": "1183875426"}, "firstName": "Samantha", "gender": "female", "lastName": "Low", "id": "8444213", "bio": "", "photo": {"prefix": "https://igx.4sqi.net/img/user/", "suffix": "/TQQVAO0IVHUC14N1.jpg"}, "homeCity": "NY", "lists": {"groups": [{"items": [], "count": 2, "type": "created"}]}}, {"tips": {"count": 86}, "contact": {"twitter": "lovedbyro"}, "firstName": "Yanthong", "gender": "female", "lastName": "W", "id": "3591097", "bio": "", "photo": {"prefix": "https://igx.4sqi.net/img/user/", "suffix": "/3591097-P5HKI2YKNBPGU4JQ.jpg"}, "homeCity": "Malaysia", "lists": {"groups": [{"items": [], "count": 3, "type": "created"}]}}, {"tips": {"count": 3}, "contact": {"twitter": "theichod"}, "firstName": "Brigitta", "gender": "female", "lastName": "Uisaga", "id": "3062060", "bio": "Coffee addict . Imaginer . Explorer . Designer and a Dreamer", "photo": {"prefix": "https://igx.4sqi.net/img/user/", "suffix": "/1PNI5TEFX2VZSDJV.jpg"}, "homeCity": "Indonesia", "lists": {"groups": [{"items": [], "count": 2, "type": "created"}]}}, {"tips": {"count": 10}, "contact": {"twitter": "mouse_louis", "facebook": "1082352343"}, "firstName": "Louis", "gender": "male", "lastName": "Tan", "id": "4153617", "bio": "", "photo": {"prefix": "https://igx.4sqi.net/img/user/", "suffix": "/2QQ0UTCCZGBW13PO.jpg"}, "homeCity": "Seri Kembangan, Malaysia", "lists": {"groups": [{"items": [], "count": 2, "type": "created"}]}}, {"tips": {"count": 12}, "contact": {"facebook": "608595184"}, "firstName": "Kelvin", "gender": "male", "lastName": "Lee", "id": "878050", "bio": "", "photo": {"prefix": "https://igx.4sqi.net/img/user/", "suffix": "/878050-BSHJEYG2XRCNB13L.jpg"}, "homeCity": "Kajang, Malaysia", "lists": {"groups": [{"items": [], "count": 2, "type": "created"}]}}, {"tips": {"count": 5}, "contact": {"twitter": "roguedesign", "facebook": "673362740"}, "firstName": "benjamin", "gender": "male", "lastName": "kong", "id": "3179877", "bio": "", "photo": {"prefix": "https://igx.4sqi.net/img/user/", "suffix": "/U3CEW5GAM3NEVYNS.jpg"}, "homeCity": "Kajang, Malaysia", "lists": {"groups": [{"items": [], "count": 2, "type": "created"}]}}, {"tips": {"count": 9}, "contact": {"twitter": "princesselayne"}, "firstName": "Elaine", "gender": "female", "lastName": "Lim", "id": "1369932", "bio": "", "photo": {"prefix": "https://igx.4sqi.net/img/user/", "suffix": "/1369932-PFPA3QS0QU2BKFLL.jpg"}, "homeCity": "Kuala Lumpur", "lists": {"groups": [{"items": [], "count": 2, "type": "created"}]}}, {"tips": {"count": 4}, "contact": {"facebook": "607619226"}, "firstName": "Yu Kit", "gender": "male", "lastName": "Hor", "id": "12418195", "bio": "", "photo": {"prefix": "https://igx.4sqi.net/img/user/", "suffix": "/10TBS4WQ5YURXQOV.jpg"}, "homeCity": "Ipoh, Malaysia", "lists": {"groups": [{"items": [], "count": 2, "type": "created"}]}}, {"tips": {"count": 0}, "contact": {}, "firstName": "Min Shan", "gender": "female", "lastName": "Chen", "id": "7225918", "bio": "", "photo": {"prefix": "https://igx.4sqi.net/img/user/", "suffix": "/GXKOQJXRNHFXLWCG.jpg"}, "homeCity": "Klang, Malaysia", "lists": {"groups": [{"items": [], "count": 2, "type": "created"}]}}, {"tips": {"count": 0}, "contact": {"facebook": "1467097651"}, "firstName": "Victor", "gender": "male", "id": "36613469", "bio": "", "photo": {"prefix": "https://igx.4sqi.net/img/user/", "suffix": "/EVX5DZO00NE5RRWZ.jpg"}, "homeCity": "New York, NY", "lists": {"groups": [{"items": [], "count": 2, "type": "created"}]}}, {"tips": {"count": 0}, "contact": {}, "firstName": "chloe", "gender": "female", "lastName": "yeo", "id": "7952963", "bio": "", "photo": {"prefix": "https://igx.4sqi.net/img/user/", "suffix": "/GSCUAAO2J5QW4PA2.jpg"}, "homeCity": "Singapore", "lists": {"groups": [{"items": [], "count": 2, "type": "created"}]}}, {"tips": {"count": 0}, "contact": {"twitter": "jerrydoo779", "facebook": "546470223"}, "firstName": "Jerry", "gender": "male", "lastName": "Doo", "id": "9657306", "bio": "", "photo": {"prefix": "https://igx.4sqi.net/img/user/", "suffix": "/JV05WJA4I0D1OYSG.jpg"}, "homeCity": "NY", "lists": {"groups": [{"items": [], "count": 2, "type": "created"}]}}, {"tips": {"count": 0}, "contact": {"twitter": "nadrulshaqriz", "facebook": "1524794528"}, "firstName": "Nadrul Shaqriz", "gender": "male", "id": "5051095", "bio": "", "photo": {"prefix": "https://igx.4sqi.net/img/user/", "suffix": "/1LQIQ0KOXEU3L43V.jpg"}, "homeCity": "Selangor, Malaysia", "lists": {"groups": [{"items": [], "count": 2, "type": "created"}]}}, {"tips": {"count": 0}, "contact": {"facebook": "755137958"}, "firstName": "Ary", "gender": "female", "lastName": "Ary", "id": "5383687", "bio": "", "photo": {"prefix": "https://igx.4sqi.net/img/user/", "suffix": "/LUBCCXS50HWFCFZK.jpg"}, "homeCity": "Singapore", "lists": {"groups": [{"items": [], "count": 2, "type": "created"}]}}, {"tips": {"count": 0}, "contact": {"twitter": "hillaryitie", "facebook": "100001234872958"}, "firstName": "Hillary", "gender": "female", "lastName": "Eva", "id": "7429374", "bio": "", "photo": {"prefix": "https://igx.4sqi.net/img/user/", "suffix": "/EZH11MYDQRD3IVK0.jpg"}, "homeCity": "Puchong, Malaysia", "lists": {"groups": [{"items": [], "count": 2, "type": "created"}]}}, {"tips": {"count": 1}, "contact": {"twitter": "yokesan", "facebook": "581634902"}, "firstName": "Yokesan", "gender": "female", "lastName": "Tan", "id": "3260159", "bio": "", "photo": {"prefix": "https://igx.4sqi.net/img/user/", "suffix": "/C5NN1GBELGSEH0JB.jpg"}, "homeCity": "Sheffield, UK", "lists": {"groups": [{"items": [], "count": 2, "type": "created"}]}}, {"tips": {"count": 3}, "contact": {}, "firstName": "Yvonne", "gender": "female", "lastName": "Ng", "id": "4971082", "bio": "", "photo": {"prefix": "https://igx.4sqi.net/img/user/", "suffix": "/DI1XQ5EZ4Z2RSKQF.jpg"}, "homeCity": "Petaling Jaya, Malaysia", "lists": {"groups": [{"items": [], "count": 2, "type": "created"}]}}, {"tips": {"count": 3}, "contact": {"facebook": "555612540"}, "firstName": "Jack Gan", "gender": "male", "id": "56650938", "bio": "", "photo": {"prefix": "https://igx.4sqi.net/img/user/", "suffix": "/3Z0OLQ1T2HNP0KC1.jpg"}, "homeCity": "", "lists": {"groups": [{"items": [], "count": 2, "type": "created"}]}}, {"tips": {"count": 0}, "contact": {}, "firstName": "Li Lian", "gender": "female", "id": "7387278", "bio": "", "photo": {"prefix": "https://igx.4sqi.net/img/user/", "suffix": "/FDYDVIYSGNRP01KP.jpg"}, "homeCity": "Kuala Lumpur, Malaysia", "lists": {"groups": [{"items": [], "count": 2, "type": "created"}]}}, {"tips": {"count": 0}, "contact": {"facebook": "100000028001905"}, "firstName": "Panda", "gender": "male", "lastName": "Kuku", "id": "17128296", "bio": "", "photo": {"prefix": "https://igx.4sqi.net/img/user/", "suffix": "/LEK02JP0XQZEETRL.jpg"}, "homeCity": "Johor, Malaysia", "lists": {"groups": [{"items": [], "count": 2, "type": "created"}]}}, {"tips": {"count": 0}, "contact": {"facebook": "599807792"}, "firstName": "Cheau", "gender": "female", "lastName": "Yeng", "id": "13877722", "bio": "", "photo": {"prefix": "https://igx.4sqi.net/img/user/", "suffix": "/2TO4MZI5ZTL5J5IS.jpg"}, "homeCity": "New York, NY", "lists": {"groups": [{"items": [], "count": 2, "type": "created"}]}}, {"tips": {"count": 0}, "contact": {}, "firstName": "Yongkian", "gender": "male", "lastName": "Goh", "id": "5322303", "bio": "", "photo": {"prefix": "https://igx.4sqi.net/img/user/", "suffix": "/4IWNBPAZXYZFLKSE.jpg"}, "homeCity": "Kluang, Malaysia", "lists": {"groups": [{"items": [], "count": 2, "type": "created"}]}}, {"tips": {"count": 5}, "contact": {}, "firstName": "Ying ying", "gender": "female", "lastName": "Toh", "id": "12935751", "bio": "", "photo": {"prefix": "https://igx.4sqi.net/img/user/", "suffix": "/3AH3DQV4VCHM3QMZ.jpg"}, "homeCity": "Tamsui", "lists": {"groups": [{"items": [], "count": 3, "type": "created"}]}}, {"tips": {"count": 1}, "contact": {"facebook": "1430462200"}, "firstName": "Ravenn", "gender": "female", "id": "7462369", "bio": "", "photo": {"prefix": "https://igx.4sqi.net/img/user/", "suffix": "/7462369-JFUNUYF1SQPIHPRA.jpg"}, "homeCity": "Puchong", "lists": {"groups": [{"items": [], "count": 2, "type": "created"}]}}, {"tips": {"count": 8}, "contact": {"twitter": "k3v1n1v3k"}, "firstName": "Kevin Yong", "gender": "male", "id": "3285978", "bio": "", "photo": {"prefix": "https://igx.4sqi.net/img/user/", "suffix": "/3285978-X1AND1KO4GYL4RZT.jpg"}, "homeCity": "Ipoh, Malaysia", "lists": {"groups": [{"items": [], "count": 2, "type": "created"}]}}, {"tips": {"count": 40}, "contact": {"facebook": "662146200"}, "firstName": "Rachel MeiSia", "gender": "female", "lastName": "Ooi", "id": "11906037", "bio": "", "photo": {"prefix": "https://igx.4sqi.net/img/user/", "suffix": "/Y1ZLQW3NJEJEWODD.jpg"}, "homeCity": "Petaling Jaya, Malaysia", "lists": {"groups": [{"items": [], "count": 15, "type": "created"}]}}, {"tips": {"count": 1}, "contact": {"facebook": "1583141738"}, "firstName": "Sally", "gender": "female", "lastName": "May", "id": "18675846", "bio": "", "photo": {"prefix": "https://igx.4sqi.net/img/user/", "suffix": "/INA1PP3CUP1GT4XE.jpg"}, "homeCity": "Ulu Tiram, Malaysia", "lists": {"groups": [{"items": [], "count": 2, "type": "created"}]}}, {"tips": {"count": 0}, "contact": {"facebook": "1646432293"}, "firstName": "Jemmy", "gender": "male", "lastName": "Han", "id": "60917473", "bio": "", "photo": {"prefix": "https://igx.4sqi.net/img/user/", "suffix": "/2RS3G2LCBEQ4T3NN.jpg"}, "homeCity": "Petaling Jaya, SGR", "lists": {"groups": [{"items": [], "count": 2, "type": "created"}]}}, {"tips": {"count": 0}, "contact": {}, "firstName": "Ryan", "gender": "male", "lastName": "Ku", "id": "7339338", "bio": "", "photo": {"prefix": "https://igx.4sqi.net/img/user/", "suffix": "/5FM4E3FF10WTBOFT.jpg"}, "homeCity": "Petaling Jaya, Malaysia", "lists": {"groups": [{"items": [], "count": 2, "type": "created"}]}}, {"tips": {"count": 0}, "contact": {"twitter": "engkyle16", "facebook": "741789640"}, "firstName": "Kyle", "gender": "male", "lastName": "Eng", "id": "53628928", "bio": "", "photo": {"prefix": "https://igx.4sqi.net/img/user/", "suffix": "/53628928-SRNOPHZIFZEFSQDP.jpg"}, "homeCity": "Lincoln, NE", "lists": {"groups": [{"items": [], "count": 3, "type": "created"}]}}, {"tips": {"count": 0}, "contact": {"facebook": "691747085"}, "firstName": "Vincent", "gender": "male", "lastName": "Lim", "id": "4752108", "bio": "", "photo": {"prefix": "https://igx.4sqi.net/img/user/", "suffix": "/ENZ5ITZD02NADXTO.jpg"}, "homeCity": "New York, NY", "lists": {"groups": [{"items": [], "count": 2, "type": "created"}]}}, {"tips": {"count": 0}, "contact": {"facebook": "717106129"}, "firstName": "Eileen", "gender": "female", "lastName": "Mix", "id": "7407259", "bio": "", "photo": {"prefix": "https://igx.4sqi.net/img/user/", "suffix": "/JDONXWCVERVH1I4K.jpg"}, "homeCity": "New York, NY", "lists": {"groups": [{"items": [], "count": 2, "type": "created"}]}}, {"tips": {"count": 1}, "contact": {"facebook": "790394484"}, "firstName": "Lewis", "gender": "male", "lastName": "Soo", "id": "6348984", "bio": "", "photo": {"prefix": "https://igx.4sqi.net/img/user/", "suffix": "/DJRSDQTRYE50L5ST.jpg"}, "homeCity": "Nilai, Malaysia", "lists": {"groups": [{"items": [], "count": 2, "type": "created"}]}}, {"tips": {"count": 0}, "contact": {"facebook": "1141115937"}, "firstName": "Shawn", "gender": "none", "lastName": "Lim", "id": "6493234", "bio": "", "photo": {"prefix": "https://igx.4sqi.net/img/user/", "suffix": "/XTGUVGWEBT5YNP2S.jpg"}, "homeCity": "Muar, Malaysia", "lists": {"groups": [{"items": [], "count": 2, "type": "created"}]}}], "count": 40}, "checksum": "b1df77c98af945f9457f8b7c4b9b817bd7855ce9"}, "meta": {"requestId": "5965c4d09fb6b77b77a712bf", "code": 200}}