{"notifications": [{"type": "notificationTray", "item": {"unreadCount": 0}}], "meta": {"requestId": "5966e4179fb6b77148363b23", "code": 200}, "response": {"friends": {"count": 106, "items": [{"id": "30238494", "photo": {"prefix": "https://igx.4sqi.net/img/user/", "suffix": "/WSOQWFVK1Y0LDCBQ.jpg"}, "homeCity": "antipolo city", "contact": {"facebook": "565786120", "twitter": "itsreeoh"}, "firstName": "Rio Anna", "tips": {"count": 0}, "gender": "female", "lastName": "Soliman", "lists": {"groups": [{"count": 3, "type": "created", "items": []}]}, "bio": ""}, {"id": "4964983", "photo": {"prefix": "https://igx.4sqi.net/img/user/", "suffix": "/A3J4O35FCVGHLJZH.jpg"}, "homeCity": "Quezon City, Philippines", "contact": {"facebook": "1634250033", "twitter": "arsieorgano"}, "firstName": "Arsie", "tips": {"count": 2}, "gender": "male", "lastName": "Organo Jr", "lists": {"groups": [{"count": 2, "type": "created", "items": []}]}, "bio": ""}, {"id": "30454834", "photo": {"prefix": "https://igx.4sqi.net/img/user/", "suffix": "/30454834-V3KXK5LQRVJGN4VL.jpg"}, "homeCity": "New York, NY", "contact": {"facebook": "1069866360"}, "firstName": "Jowe", "tips": {"count": 0}, "gender": "male", "lastName": "Givera", "lists": {"groups": [{"count": 2, "type": "created", "items": []}]}, "bio": ""}, {"id": "4314711", "photo": {"prefix": "https://igx.4sqi.net/img/user/", "suffix": "/RU033EMN2NMZDUUD.jpg"}, "homeCity": "Singapore", "contact": {}, "firstName": "An yeong", "tips": {"count": 0}, "gender": "male", "lastName": "Yang", "lists": {"groups": [{"count": 2, "type": "created", "items": []}]}, "bio": ""}, {"id": "5148922", "photo": {"prefix": "https://igx.4sqi.net/img/user/", "suffix": "/TCBHOXDZAXRGO4AH.jpg"}, "homeCity": "Singapore", "contact": {"facebook": "1331566324"}, "firstName": "Ma Clarizza Lizanne", "tips": {"count": 1}, "gender": "female", "lastName": "Jovinal", "lists": {"groups": [{"count": 2, "type": "created", "items": []}]}, "bio": ""}, {"id": "36528698", "photo": {"prefix": "https://igx.4sqi.net/img/user/", "suffix": "/NAX1CXV4HT2S33MU.jpg"}, "homeCity": "Legazpi City", "contact": {"facebook": "100000989725064", "twitter": "dyosarevilla"}, "firstName": "Joza Marie", "tips": {"count": 0}, "gender": "female", "lastName": "Revilla", "lists": {"groups": [{"count": 2, "type": "created", "items": []}]}, "bio": "There's always a rainbow after the rain."}, {"id": "25370665", "photo": {"prefix": "https://igx.4sqi.net/img/user/", "suffix": "/UBGMNOQ3M4YKP0IU.jpg"}, "homeCity": "Manila, Philippines", "contact": {"facebook": "100000079057836"}, "firstName": "Xyra Grace", "tips": {"count": 0}, "gender": "female", "lastName": "Apostol", "lists": {"groups": [{"count": 2, "type": "created", "items": []}]}, "bio": ""}, {"id": "4672503", "photo": {"prefix": "https://igx.4sqi.net/img/user/", "suffix": "/J5SO0TFL3FD04EM5.jpg"}, "homeCity": "Singapore", "contact": {"facebook": "1166538080"}, "firstName": "Rui", "tips": {"count": 0}, "gender": "female", "lastName": "Padilla", "lists": {"groups": [{"count": 2, "type": "created", "items": []}]}, "bio": ""}, {"id": "13112279", "photo": {"prefix": "https://igx.4sqi.net/img/user/", "suffix": "/34K4CV5FHLRKWQTC.jpg"}, "homeCity": "Singapore", "contact": {"facebook": "701736212"}, "firstName": "Mrk", "tips": {"count": 5}, "gender": "male", "lastName": "Jayson", "lists": {"groups": [{"count": 2, "type": "created", "items": []}]}, "bio": ""}, {"id": "11471447", "photo": {"prefix": "https://igx.4sqi.net/img/user/", "suffix": "/3I24HNTVYYUFGITP.jpg"}, "homeCity": "Singapore", "contact": {"facebook": "894700396", "twitter": "dunnabebe"}, "firstName": "Donna", "tips": {"count": 0}, "gender": "female", "lastName": "Bebe-Pitt", "lists": {"groups": [{"count": 2, "type": "created", "items": []}]}, "bio": ""}, {"id": "13818127", "photo": {"prefix": "https://igx.4sqi.net/img/user/", "suffix": "/13818127-E3EEOTQXLW2O1KHD.jpg"}, "homeCity": "Singapore", "contact": {"facebook": "1636313884", "twitter": "andypublicis"}, "firstName": "Andrea", "tips": {"count": 7}, "gender": "none", "lists": {"groups": [{"count": 2, "type": "created", "items": []}]}, "bio": "I am what I am..."}, {"id": "5450822", "photo": {"prefix": "https://igx.4sqi.net/img/user/", "suffix": "/KPFKXTLWREJS4WOL.jpg"}, "homeCity": "Singapore", "contact": {"facebook": "652104672"}, "firstName": "Farrah", "tips": {"count": 0}, "gender": "female", "lastName": "Senson", "lists": {"groups": [{"count": 2, "type": "created", "items": []}]}, "bio": ""}, {"id": "2190668", "photo": {"prefix": "https://igx.4sqi.net/img/user/", "suffix": "/D5GQ004JSSD3EY2M.jpg"}, "homeCity": "Singapore", "contact": {"facebook": "646773777", "twitter": "biittchy"}, "firstName": "Biitchy", "tips": {"count": 0}, "gender": "female", "lastName": "Glenna", "lists": {"groups": [{"count": 2, "type": "created", "items": []}]}, "bio": ""}, {"id": "4916754", "photo": {"prefix": "https://igx.4sqi.net/img/user/", "suffix": "/ZIYW52T42NIFL3CJ.jpg"}, "homeCity": "New York, NY", "contact": {}, "firstName": "donna", "tips": {"count": 0}, "gender": "female", "lastName": "recana", "lists": {"groups": [{"count": 2, "type": "created", "items": []}]}, "bio": ""}, {"id": "456305", "photo": {"prefix": "https://igx.4sqi.net/img/user/", "suffix": "/HNWDIDEB4HDQZYP5.png"}, "homeCity": "Johor Bahru, Johor", "contact": {}, "firstName": "Yat", "tips": {"count": 0}, "gender": "male", "lastName": "Yat", "lists": {"groups": [{"count": 2, "type": "created", "items": []}]}, "bio": ""}, {"id": "1672977", "photo": {"prefix": "https://igx.4sqi.net/img/user/", "suffix": "/JSFZRUQGU1PZKVIG.jpg"}, "homeCity": "Singapore", "contact": {"facebook": "680262591"}, "firstName": "Paolo Miguel", "tips": {"count": 0}, "gender": "male", "lastName": "Pajadan", "lists": {"groups": [{"count": 2, "type": "created", "items": []}]}, "bio": ""}, {"id": "3790037", "photo": {"prefix": "https://igx.4sqi.net/img/user/", "suffix": "/3790037-PDC5DA4544CSDADB.jpg"}, "homeCity": "Singapore", "contact": {"facebook": "608753486"}, "firstName": "Daniel", "tips": {"count": 2}, "gender": "male", "lastName": "Hua", "lists": {"groups": [{"count": 2, "type": "created", "items": []}]}, "bio": ""}, {"id": "22678036", "photo": {"prefix": "https://igx.4sqi.net/img/user/", "suffix": "/JZARWGDSJ1PCML4U.jpg"}, "homeCity": "Misamis Oriental", "contact": {}, "firstName": "Liza", "tips": {"count": 0}, "gender": "female", "lastName": "Yasa-Sevilla", "lists": {"groups": [{"count": 2, "type": "created", "items": []}]}, "bio": ""}, {"id": "5421646", "photo": {"prefix": "https://igx.4sqi.net/img/user/", "suffix": "/-NP1GVJLHKYPJK0CM.jpg"}, "homeCity": "Singapore", "contact": {"facebook": "1327056551", "twitter": "iam_tonton"}, "firstName": "TonTon", "tips": {"count": 4}, "gender": "male", "lists": {"groups": [{"count": 2, "type": "created", "items": []}]}, "bio": "A Filipino, Ninja and Jaywalker! Hakuna Matata!"}, {"id": "835858", "photo": {"prefix": "https://igx.4sqi.net/img/user/", "suffix": "/835858-ETIDPB0PXW24CFQR.jpg"}, "homeCity": "Singapore", "contact": {"facebook": "575797331", "twitter": "ayi3a"}, "firstName": "Ayi3", "tips": {"count": 49}, "gender": "female", "lastName": "A", "lists": {"groups": [{"count": 2, "type": "created", "items": []}]}, "bio": "Sometimes healthy, sometimes fatty. Always happy. ~ #TFKI"}, {"id": "953014", "photo": {"prefix": "https://igx.4sqi.net/img/user/", "suffix": "/953014-MTU4EFYUKGO0DR1U.jpg"}, "homeCity": "Singapore, ", "contact": {"facebook": "828777279", "twitter": "joanjdavid"}, "firstName": "Joan", "tips": {"count": 8}, "gender": "female", "lastName": "David-Reyes", "lists": {"groups": [{"count": 4, "type": "created", "items": []}]}, "bio": ""}, {"id": "2612314", "photo": {"prefix": "https://igx.4sqi.net/img/user/", "suffix": "/BPVKQS5LOPR3I4PJ.jpg"}, "homeCity": "Singapore", "contact": {"facebook": "1017367481"}, "firstName": "Kenneth henry", "tips": {"count": 1}, "gender": "male", "lastName": "King", "lists": {"groups": [{"count": 2, "type": "created", "items": []}]}, "bio": ""}, {"id": "58783878", "photo": {"prefix": "https://igx.4sqi.net/img/user/", "default": true, "suffix": "/blank_boy.png"}, "homeCity": "Para\u00f1aque", "contact": {"facebook": "1258326587"}, "firstName": "Frederick", "tips": {"count": 0}, "gender": "male", "lastName": "Garing", "lists": {"groups": [{"count": 2, "type": "created", "items": []}]}, "bio": ""}, {"id": "21281405", "photo": {"prefix": "https://igx.4sqi.net/img/user/", "suffix": "/21281405-3QMIDW5MWV0HTDJA.jpg"}, "homeCity": "Singapore", "contact": {"facebook": "722025955"}, "firstName": "Myca", "tips": {"count": 0}, "gender": "female", "lastName": "Leonardo", "lists": {"groups": [{"count": 2, "type": "created", "items": []}]}, "bio": ""}, {"id": "40254449", "photo": {"prefix": "https://igx.4sqi.net/img/user/", "suffix": "/EE1GXXLAV5P3HVJ1.jpg"}, "homeCity": "Cavite", "contact": {"facebook": "1758133572", "twitter": "aimssenson"}, "firstName": "Aimee", "tips": {"count": 0}, "gender": "female", "lastName": "Senson", "lists": {"groups": [{"count": 2, "type": "created", "items": []}]}, "bio": ""}, {"id": "11923934", "photo": {"prefix": "https://igx.4sqi.net/img/user/", "suffix": "/TNDPDISTHOM4ZN0H.jpg"}, "homeCity": "Singapore", "contact": {"facebook": "1553071512", "twitter": "ronna_beth"}, "firstName": "Ronnabeth", "tips": {"count": 0}, "gender": "female", "lastName": "Doble", "lists": {"groups": [{"count": 2, "type": "created", "items": []}]}, "bio": ""}, {"id": "34727319", "photo": {"prefix": "https://igx.4sqi.net/img/user/", "suffix": "/PW5QM4FRW1MXYHZL.jpg"}, "homeCity": "Laguna", "contact": {"facebook": "1395857557"}, "firstName": "Renato Jr", "tips": {"count": 0}, "gender": "male", "lastName": "Manaog", "lists": {"groups": [{"count": 2, "type": "created", "items": []}]}, "bio": ""}, {"id": "4370585", "photo": {"prefix": "https://igx.4sqi.net/img/user/", "suffix": "/4370585-I4QO4OLKU2FAPTMG.jpg"}, "homeCity": "Singapore", "contact": {"facebook": "627944067"}, "firstName": "Irene", "tips": {"count": 0}, "gender": "female", "lastName": "Ong", "lists": {"groups": [{"count": 2, "type": "created", "items": []}]}, "bio": ""}, {"id": "7034586", "photo": {"prefix": "https://igx.4sqi.net/img/user/", "suffix": "/AXSNDFUQZISI0WXB.jpg"}, "homeCity": "Pasig, Philippines", "contact": {"facebook": "534497407", "twitter": "bcsiy"}, "firstName": "Brian", "tips": {"count": 20}, "gender": "male", "lastName": "Siy", "lists": {"groups": [{"count": 3, "type": "created", "items": []}]}, "bio": ""}, {"id": "38080087", "photo": {"prefix": "https://igx.4sqi.net/img/user/", "suffix": "/RPNTKCUK20ZNTCGN.jpg"}, "homeCity": "Albay", "contact": {"facebook": "100000018309274"}, "firstName": "Rizza", "tips": {"count": 0}, "gender": "female", "lastName": "Lim", "lists": {"groups": [{"count": 2, "type": "created", "items": []}]}, "bio": ""}, {"id": "25569351", "photo": {"prefix": "https://igx.4sqi.net/img/user/", "suffix": "/TPQLGR0EQXXNYGZT.jpg"}, "homeCity": "New York , NY", "contact": {"facebook": "1174363332"}, "firstName": "Anna", "tips": {"count": 1}, "gender": "female", "lastName": "Reyes", "lists": {"groups": [{"count": 2, "type": "created", "items": []}]}, "bio": ""}, {"id": "13083173", "photo": {"prefix": "https://igx.4sqi.net/img/user/", "suffix": "/3V0WWOFSA02ZOGGM.jpg"}, "homeCity": "Quezon City, Philippines", "contact": {"facebook": "1395184500508274", "twitter": "julrange"}, "firstName": "Leonor", "tips": {"count": 0}, "gender": "female", "lastName": "Reyno", "lists": {"groups": [{"count": 11, "type": "created", "items": []}]}, "bio": ""}, {"id": "13114720", "photo": {"prefix": "https://igx.4sqi.net/img/user/", "suffix": "/13114720-KHHIOBLPZAGL5D1H.jpg"}, "homeCity": "Philippines", "contact": {"facebook": "1229786667", "twitter": "louise_rex"}, "firstName": "Louise", "tips": {"count": 0}, "gender": "female", "lastName": "Resurreccion", "lists": {"groups": [{"count": 2, "type": "created", "items": []}]}, "bio": ""}, {"id": "22303869", "photo": {"prefix": "https://igx.4sqi.net/img/user/", "suffix": "/U14TLMPYY22KERIL.jpg"}, "homeCity": "Singapore, Singapore", "contact": {"facebook": "100000158617890", "twitter": "romeoubaldo"}, "firstName": "Romeo", "tips": {"count": 0}, "gender": "male", "lastName": "Ubaldo", "lists": {"groups": [{"count": 2, "type": "created", "items": []}]}, "bio": ""}, {"id": "131069474", "photo": {"prefix": "https://igx.4sqi.net/img/user/", "suffix": "/131069474-SDGJ5LID0FECM5RR.jpg"}, "homeCity": "Manila, Philippines", "contact": {"facebook": "10203182390559299", "twitter": "ncoleapl"}, "firstName": "Nicole Antoinette", "tips": {"count": 0}, "gender": "female", "lastName": "Apil", "lists": {"groups": [{"count": 2, "type": "created", "items": []}]}, "bio": ""}, {"id": "5558804", "photo": {"prefix": "https://igx.4sqi.net/img/user/", "suffix": "/5558804-TODYEELZFV1EEHMM.jpg"}, "homeCity": "Quezon City, Philippines", "contact": {"facebook": "1220825860", "twitter": "akoposiferman"}, "firstName": "Ferman", "tips": {"count": 7}, "gender": "male", "lastName": "Vergel de Dios", "lists": {"groups": [{"count": 2, "type": "created", "items": []}]}, "bio": ""}, {"id": "2706956", "photo": {"prefix": "https://igx.4sqi.net/img/user/", "suffix": "/VVB1BPGADKRHWOKU.jpg"}, "homeCity": "Singapore", "contact": {"facebook": "100000662100695"}, "firstName": "Don", "tips": {"count": 0}, "gender": "male", "lastName": "Ante", "lists": {"groups": [{"count": 2, "type": "created", "items": []}]}, "bio": ""}, {"id": "22362544", "photo": {"prefix": "https://igx.4sqi.net/img/user/", "suffix": "/LWZRSBPPEIW0FRNF.jpg"}, "homeCity": "Rizal", "contact": {"facebook": "1601500121"}, "firstName": "Arvin", "tips": {"count": 0}, "gender": "male", "lastName": "Toledo", "lists": {"groups": [{"count": 3, "type": "created", "items": []}]}, "bio": ""}, {"id": "2882889", "photo": {"prefix": "https://igx.4sqi.net/img/user/", "suffix": "/ZKBXCH3ZAYBCUYCY.jpg"}, "homeCity": "Singapore", "contact": {"facebook": "727483436"}, "firstName": "Aya", "tips": {"count": 0}, "gender": "none", "lastName": "Penarroyo", "lists": {"groups": [{"count": 2, "type": "created", "items": []}]}, "bio": ""}, {"id": "13941615", "photo": {"prefix": "https://igx.4sqi.net/img/user/", "suffix": "/ZA00VTG2Q0WXH0HB.jpg"}, "homeCity": "San Pedro, Philippines", "contact": {"facebook": "637123171"}, "firstName": "mary joy", "tips": {"count": 0}, "gender": "female", "lastName": "olila", "lists": {"groups": [{"count": 3, "type": "created", "items": []}]}, "bio": ""}, {"id": "4624026", "photo": {"prefix": "https://igx.4sqi.net/img/user/", "suffix": "/PW0GBIVPDN4MFP25.jpg"}, "homeCity": "Singapore", "contact": {}, "firstName": "Cayi", "tips": {"count": 1}, "gender": "none", "lastName": "Blue", "lists": {"groups": [{"count": 2, "type": "created", "items": []}]}, "bio": ""}, {"id": "54908220", "photo": {"prefix": "https://igx.4sqi.net/img/user/", "suffix": "/WGTDB10QSXZDZLUD.jpg"}, "homeCity": "", "contact": {"facebook": "100000170906153"}, "firstName": "Bams", "tips": {"count": 0}, "gender": "female", "lastName": "Limutin", "lists": {"groups": [{"count": 2, "type": "created", "items": []}]}, "bio": ""}, {"id": "21852700", "photo": {"prefix": "https://igx.4sqi.net/img/user/", "suffix": "/EP1ZIAOTOHKVY131.jpg"}, "homeCity": "Metropolitan Manila", "contact": {"twitter": "rowellagarcia"}, "firstName": "Weng", "tips": {"count": 2}, "gender": "female", "lastName": "Garcia", "lists": {"groups": [{"count": 2, "type": "created", "items": []}]}, "bio": ""}, {"id": "4215888", "photo": {"prefix": "https://igx.4sqi.net/img/user/", "suffix": "/COBVTEKTYQ2EF0I0.jpg"}, "homeCity": "Singapore", "contact": {"facebook": "10152609503993107", "twitter": "jasminetas"}, "firstName": "Jasmine", "tips": {"count": 88}, "gender": "female", "lastName": "Tay", "lists": {"groups": [{"count": 2, "type": "created", "items": []}]}, "bio": "Hope. Believe. Achieve. \u2665\u2717\u2665\u2717"}, {"id": "1280691", "photo": {"prefix": "https://igx.4sqi.net/img/user/", "suffix": "/XXV3Q0CM54U22SB4.jpg"}, "homeCity": "Makati City, PH", "contact": {"facebook": "1417922246", "twitter": "paulgonzaga"}, "firstName": "Paul", "tips": {"count": 11}, "gender": "male", "lastName": "Gonzaga", "lists": {"groups": [{"count": 2, "type": "created", "items": []}]}, "bio": ""}, {"id": "2680915", "photo": {"prefix": "https://igx.4sqi.net/img/user/", "suffix": "/YRCBYBCMHVA4U2TR.jpg"}, "homeCity": "Singapore", "contact": {"facebook": "654066249"}, "firstName": "Frederick", "tips": {"count": 0}, "gender": "male", "lastName": "Esparagoza", "lists": {"groups": [{"count": 2, "type": "created", "items": []}]}, "bio": ""}, {"id": "77854532", "photo": {"prefix": "https://igx.4sqi.net/img/user/", "suffix": "/77854532-QDQVAO43M2AHG1OI.jpg"}, "homeCity": "Guinobatan, Albay, Philippines", "contact": {"facebook": "100000375172354", "twitter": "itsmesidnii"}, "firstName": "Sydney", "tips": {"count": 0}, "gender": "female", "lastName": "Oliquino", "lists": {"groups": [{"count": 3, "type": "created", "items": []}]}, "bio": ""}, {"id": "34592133", "photo": {"prefix": "https://igx.4sqi.net/img/user/", "suffix": "/UF2VPHWQC2AACMKA.jpg"}, "homeCity": "Ad Dawhah", "contact": {"facebook": "788499718"}, "firstName": "Gladys Mae", "tips": {"count": 1}, "gender": "female", "lastName": "Sicsic", "lists": {"groups": [{"count": 2, "type": "created", "items": []}]}, "bio": "I'm a host of imperfection..."}, {"id": "41600633", "photo": {"prefix": "https://igx.4sqi.net/img/user/", "suffix": "/LBWLOGDFPXHXI0GG.jpg"}, "homeCity": "Cavite", "contact": {"facebook": "1483894628"}, "firstName": "Ladi", "tips": {"count": 0}, "gender": "male", "lastName": "Magallanes", "lists": {"groups": [{"count": 2, "type": "created", "items": []}]}, "bio": ""}, {"id": "4632250", "photo": {"prefix": "https://igx.4sqi.net/img/user/", "suffix": "/RMHFRKT43SSYWMXL.jpg"}, "homeCity": "Jakarta, Indonesia", "contact": {}, "firstName": "Narya", "tips": {"count": 0}, "gender": "female", "lastName": "Nadyanka", "lists": {"groups": [{"count": 2, "type": "created", "items": []}]}, "bio": ""}, {"id": "7231887", "photo": {"prefix": "https://igx.4sqi.net/img/user/", "suffix": "/RKUVUZCJ4XQEPLMN.jpg"}, "homeCity": "Manila, Philippines", "contact": {"facebook": "1416616832", "twitter": "chiearriola"}, "firstName": "Chie", "tips": {"count": 4}, "gender": "female", "lastName": "Arriola", "lists": {"groups": [{"count": 3, "type": "created", "items": []}]}, "bio": ""}, {"id": "56187497", "photo": {"prefix": "https://igx.4sqi.net/img/user/", "suffix": "/EHTEIDWTG5ZD1ARG.jpg"}, "homeCity": "Reno, Nevada", "contact": {"facebook": "1436435867", "twitter": "karailmedo"}, "firstName": "Kara", "tips": {"count": 0}, "gender": "female", "lastName": "Ilmedo", "lists": {"groups": [{"count": 2, "type": "created", "items": []}]}, "bio": ""}, {"id": "18763361", "photo": {"prefix": "https://igx.4sqi.net/img/user/", "suffix": "/GXKQ1B0SAW2YV1EP.jpg"}, "homeCity": "Quezon City, Philippines", "contact": {"facebook": "100000161300586"}, "firstName": "Cyrel", "tips": {"count": 0}, "gender": "female", "lastName": "Regorgo", "lists": {"groups": [{"count": 2, "type": "created", "items": []}]}, "bio": ""}, {"id": "19881139", "photo": {"prefix": "https://igx.4sqi.net/img/user/", "suffix": "/MGYT24ARQ3OC0EAI.jpg"}, "homeCity": "Singapore", "contact": {"facebook": "579042052", "twitter": "ayarcia"}, "firstName": "Augustus Emmanuel", "tips": {"count": 0}, "gender": "male", "lastName": "Yarcia", "lists": {"groups": [{"count": 2, "type": "created", "items": []}]}, "bio": ""}, {"id": "50399148", "photo": {"prefix": "https://igx.4sqi.net/img/user/", "suffix": "/AIXKB4MUWWIGFGTP.jpg"}, "homeCity": "San Jose del Monte, Bulacan", "contact": {"facebook": "1451484164"}, "firstName": "Ruzzell", "tips": {"count": 0}, "gender": "male", "lastName": "Heredia", "lists": {"groups": [{"count": 2, "type": "created", "items": []}]}, "bio": ""}, {"id": "5972717", "photo": {"prefix": "https://igx.4sqi.net/img/user/", "suffix": "/SRSRFSW1O3C23WX4.jpg"}, "homeCity": "Singapore", "contact": {"facebook": "666898255"}, "firstName": "Mikem", "tips": {"count": 0}, "gender": "male", "lists": {"groups": [{"count": 2, "type": "created", "items": []}]}, "bio": ""}, {"id": "2809543", "photo": {"prefix": "https://igx.4sqi.net/img/user/", "suffix": "/PXN34OFTF4XDRLKG.jpg"}, "homeCity": "Pasig City", "contact": {"twitter": "hasiaraliuga"}, "firstName": "Jinx", "tips": {"count": 50}, "gender": "female", "lastName": "Raliuga", "lists": {"groups": [{"count": 2, "type": "created", "items": []}]}, "bio": "Snakecharmer"}, {"id": "27226922", "photo": {"prefix": "https://igx.4sqi.net/img/user/", "default": true, "suffix": "/blank_boy.png"}, "homeCity": "", "contact": {"facebook": "612926107", "twitter": "rhon3g"}, "firstName": "david jr", "tips": {"count": 0}, "gender": "male", "lastName": "guillermo", "lists": {"groups": [{"count": 2, "type": "created", "items": []}]}, "bio": ""}, {"id": "2898063", "photo": {"prefix": "https://igx.4sqi.net/img/user/", "suffix": "/LBRMRGABDBF1KH3R.jpg"}, "homeCity": "Singapore", "contact": {"facebook": "641121115", "twitter": "babynibeans"}, "firstName": "Mel", "tips": {"count": 4}, "gender": "female", "lastName": "Leonardo", "lists": {"groups": [{"count": 3, "type": "created", "items": []}]}, "bio": ""}, {"id": "4792848", "photo": {"prefix": "https://igx.4sqi.net/img/user/", "suffix": "/FIC3PGYCNB5HKREY.jpg"}, "homeCity": "New York, NY", "contact": {"facebook": "1027218025"}, "firstName": "jecter", "tips": {"count": 0}, "gender": "male", "lastName": "pascual", "lists": {"groups": [{"count": 2, "type": "created", "items": []}]}, "bio": ""}, {"id": "56320845", "photo": {"prefix": "https://igx.4sqi.net/img/user/", "suffix": "/VXIL40M3Y155JJRU.jpg"}, "homeCity": "", "contact": {"facebook": "1493718118"}, "firstName": "Mylene", "tips": {"count": 0}, "gender": "female", "lastName": "Ramos", "lists": {"groups": [{"count": 2, "type": "created", "items": []}]}, "bio": ""}, {"id": "21137728", "photo": {"prefix": "https://igx.4sqi.net/img/user/", "suffix": "/5EJM202PSO2P40E2.jpg"}, "homeCity": "Manila, Philippines", "contact": {"facebook": "522058877"}, "firstName": "Miletski", "tips": {"count": 5}, "gender": "female", "lastName": "Lapiad", "lists": {"groups": [{"count": 2, "type": "created", "items": []}]}, "bio": ""}, {"id": "1637217", "photo": {"prefix": "https://igx.4sqi.net/img/user/", "suffix": "/ELKGGKYEFOVLWQAV.jpg"}, "homeCity": "Singapore", "contact": {"facebook": "714236868", "twitter": "charkissesyou"}, "firstName": "charmaine", "tips": {"count": 0}, "gender": "female", "lists": {"groups": [{"count": 2, "type": "created", "items": []}]}, "bio": ""}, {"id": "3969911", "photo": {"prefix": "https://igx.4sqi.net/img/user/", "suffix": "/BYA0ER01APM4LZZ1.jpg"}, "homeCity": "Singapore", "contact": {"facebook": "1069526216"}, "firstName": "Euo", "tips": {"count": 4}, "gender": "none", "lastName": "Salazar", "lists": {"groups": [{"count": 2, "type": "created", "items": []}]}, "bio": ""}, {"id": "53424797", "photo": {"prefix": "https://igx.4sqi.net/img/user/", "suffix": "/53424797-XFLARJNOUSZB5BZF.jpg"}, "homeCity": "Manila, Philippines", "contact": {"facebook": "10208683917001607", "twitter": "kristineelian"}, "firstName": "Kristine Lian", "tips": {"count": 0}, "gender": "female", "lastName": "Ajero", "lists": {"groups": [{"count": 2, "type": "created", "items": []}]}, "bio": ""}, {"id": "4777159", "photo": {"prefix": "https://igx.4sqi.net/img/user/", "suffix": "/4777159-24UXZDJWJ30P4UP2.jpg"}, "homeCity": "Mandaluyong, Philippines", "contact": {"facebook": "10152679420578445", "twitter": "babypinkelle"}, "firstName": "Elle", "tips": {"count": 5}, "gender": "female", "lastName": "Alfaro-Encarnacion", "lists": {"groups": [{"count": 2, "type": "created", "items": []}]}, "bio": ""}, {"id": "11880814", "photo": {"prefix": "https://igx.4sqi.net/img/user/", "suffix": "/WRENNNWSUCQ5HKM2.jpg"}, "homeCity": "Cagayan de Oro, Philippines", "contact": {"twitter": "sanctumware"}, "firstName": "Michael Angelo", "tips": {"count": 8}, "gender": "male", "lastName": "Sevilla", "lists": {"groups": [{"count": 2, "type": "created", "items": []}]}, "bio": "Everyone needs to believe in something, I believe I'll have another beer.."}, {"id": "28858346", "photo": {"prefix": "https://igx.4sqi.net/img/user/", "suffix": "/U1NY10QRZ1EFJRHR.jpg"}, "homeCity": "Dubay", "contact": {}, "firstName": "Henry", "tips": {"count": 0}, "gender": "male", "lastName": "Hosana", "lists": {"groups": [{"count": 2, "type": "created", "items": []}]}, "bio": ""}, {"id": "39215444", "photo": {"prefix": "https://igx.4sqi.net/img/user/", "suffix": "/39215444-J2OTJRXVMG4JW4VC.jpg"}, "homeCity": "Albay", "contact": {"facebook": "100000489690514"}, "firstName": "Joanne Manneli", "tips": {"count": 2}, "gender": "female", "lastName": "Basco", "lists": {"groups": [{"count": 2, "type": "created", "items": []}]}, "bio": ""}, {"id": "50401435", "photo": {"prefix": "https://igx.4sqi.net/img/user/", "suffix": "/50401435-YAHMAZX2GR3MW0VF.jpg"}, "homeCity": "New York, NY", "contact": {"facebook": "1062101303", "twitter": "cherusiana"}, "firstName": "Cherry Jasmin", "tips": {"count": 0}, "gender": "female", "lastName": "Rusiana", "lists": {"groups": [{"count": 2, "type": "created", "items": []}]}, "bio": ""}, {"id": "6165013", "photo": {"prefix": "https://igx.4sqi.net/img/user/", "suffix": "/1A3WLFY0LME5MDPZ.jpg"}, "homeCity": "Thailand", "contact": {"facebook": "619278595"}, "firstName": "Nitta", "tips": {"count": 0}, "gender": "female", "lastName": "Horsakulkon", "lists": {"groups": [{"count": 2, "type": "created", "items": []}]}, "bio": ""}, {"id": "2837819", "photo": {"prefix": "https://igx.4sqi.net/img/user/", "suffix": "/EMDCWGMLCSJZ4YWN.jpg"}, "homeCity": "Singapore", "contact": {"facebook": "607019991"}, "firstName": "Joanne", "tips": {"count": 0}, "gender": "female", "lastName": "Muniz", "lists": {"groups": [{"count": 2, "type": "created", "items": []}]}, "bio": ""}, {"id": "3914227", "photo": {"prefix": "https://igx.4sqi.net/img/user/", "suffix": "/BWWDUYYHS41LNM33.jpg"}, "homeCity": "Quezon City, Philippines", "contact": {"facebook": "1045287859"}, "firstName": "Paul Zian", "tips": {"count": 2}, "gender": "male", "lastName": "Salvador", "lists": {"groups": [{"count": 2, "type": "created", "items": []}]}, "bio": ""}, {"id": "20379731", "photo": {"prefix": "https://igx.4sqi.net/img/user/", "suffix": "/SVNXSDTF5G01LI0Z.jpg"}, "homeCity": "Tainan, Taiwan", "contact": {"facebook": "100000760138252"}, "firstName": "Antonio", "tips": {"count": 0}, "gender": "male", "lastName": "Baes", "lists": {"groups": [{"count": 2, "type": "created", "items": []}]}, "bio": ""}, {"id": "80154968", "photo": {"prefix": "https://igx.4sqi.net/img/user/", "suffix": "/80154968_lq590zhb_5waoOfmFbJqFDLK0QpKwRIrbV3FNfSBlbNUKohOivVrTD8juBXIGOCEQyYypjfe1.jpg"}, "homeCity": "", "contact": {"facebook": "100000098137793", "twitter": "heyalexandriaa"}, "firstName": "Aprille", "tips": {"count": 1}, "gender": "female", "lastName": "Vibar", "lists": {"groups": [{"count": 2, "type": "created", "items": []}]}, "bio": ""}, {"id": "85123411", "photo": {"prefix": "https://igx.4sqi.net/img/user/", "suffix": "/85123411-GLMGRSFJZ5NN4HPJ.jpg"}, "homeCity": "Legazpi City", "contact": {}, "firstName": "Rio Kaye", "tips": {"count": 0}, "gender": "female", "lastName": "Jalmanzar", "lists": {"groups": [{"count": 2, "type": "created", "items": []}]}, "bio": ""}, {"id": "2971464", "photo": {"prefix": "https://igx.4sqi.net/img/user/", "suffix": "/UVEFLWWECEBC4YBU.jpg"}, "homeCity": "Singapore", "contact": {"facebook": "1294597955", "twitter": "skinnedhead19"}, "firstName": "Enrique", "tips": {"count": 1}, "gender": "none", "lastName": "Diaz", "lists": {"groups": [{"count": 2, "type": "created", "items": []}]}, "bio": ""}, {"id": "4490954", "photo": {"prefix": "https://igx.4sqi.net/img/user/", "suffix": "/IOVBE25FVFUAVGY0.jpg"}, "homeCity": "Muntinlupa City, Philippines", "contact": {"facebook": "1320466047", "twitter": "funsizedbeng"}, "firstName": "colormebeng", "tips": {"count": 2}, "gender": "female", "lastName": "bansagale", "lists": {"groups": [{"count": 2, "type": "created", "items": []}]}, "bio": ""}, {"id": "6917792", "photo": {"prefix": "https://igx.4sqi.net/img/user/", "suffix": "/ETQSF5LTYRRR0VV0.jpg"}, "homeCity": "Singapore", "contact": {}, "firstName": "Pebz", "tips": {"count": 0}, "gender": "male", "lastName": "Buan", "lists": {"groups": [{"count": 2, "type": "created", "items": []}]}, "bio": ""}, {"id": "28859179", "photo": {"prefix": "https://igx.4sqi.net/img/user/", "suffix": "/28859179-MBMGNQC0YDWCHSSM.jpg"}, "homeCity": "Dubai, United Arab Emirates", "contact": {"facebook": "100000785505434"}, "firstName": "Henry", "tips": {"count": 4}, "gender": "male", "lastName": "Hosana", "lists": {"groups": [{"count": 2, "type": "created", "items": []}]}, "bio": ""}, {"id": "39221485", "photo": {"prefix": "https://igx.4sqi.net/img/user/", "suffix": "/39221485-COK4XORAOLIQ3RBR.jpg"}, "homeCity": "Albay", "contact": {"facebook": "100003675811165"}, "firstName": "Czarina Faye", "tips": {"count": 2}, "gender": "female", "lastName": "Sabaria", "lists": {"groups": [{"count": 2, "type": "created", "items": []}]}, "bio": ""}, {"id": "22344782", "photo": {"prefix": "https://igx.4sqi.net/img/user/", "suffix": "/ECJELVS4LAG2ZN4H.jpg"}, "homeCity": "", "contact": {"facebook": "1038290624"}, "firstName": "Mark Anthony", "tips": {"count": 1}, "gender": "male", "lastName": "Soriano", "lists": {"groups": [{"count": 2, "type": "created", "items": []}]}, "bio": ""}, {"id": "5014282", "photo": {"prefix": "https://igx.4sqi.net/img/user/", "suffix": "/4ESK40NQDNVS14UY.jpg"}, "homeCity": "Singapore", "contact": {"facebook": "655697011"}, "firstName": "blech", "tips": {"count": 3}, "gender": "none", "lists": {"groups": [{"count": 2, "type": "created", "items": []}]}, "bio": ""}, {"id": "4513208", "photo": {"prefix": "https://igx.4sqi.net/img/user/", "suffix": "/4513208-P5DXFUGH3XS3RVDY.jpg"}, "homeCity": "Philippines", "contact": {"facebook": "663952674", "twitter": "rinaantoniette"}, "firstName": "Rina", "tips": {"count": 2}, "gender": "female", "lastName": "Saludo", "lists": {"groups": [{"count": 2, "type": "created", "items": []}]}, "bio": ""}, {"id": "80543875", "photo": {"prefix": "https://igx.4sqi.net/img/user/", "suffix": "/80543875-4UXL4321GNJRFCI4.jpg"}, "homeCity": "", "contact": {}, "firstName": "Paulina", "tips": {"count": 0}, "gender": "female", "lastName": "Hamilton", "lists": {"groups": [{"count": 2, "type": "created", "items": []}]}, "bio": ""}, {"id": "86574787", "photo": {"prefix": "https://igx.4sqi.net/img/user/", "suffix": "/86574787-GQ5C4K0VTCEZX2AM.jpg"}, "homeCity": "Manila, NCR", "contact": {"facebook": "100000623023042"}, "firstName": "Dolly", "tips": {"count": 0}, "gender": "female", "lastName": "Nellas-Libo", "lists": {"groups": [{"count": 2, "type": "created", "items": []}]}, "bio": ""}, {"id": "3240619", "photo": {"prefix": "https://igx.4sqi.net/img/user/", "suffix": "/DCJJKUJSM3MDOVHN.jpg"}, "homeCity": "Singapore", "contact": {"facebook": "565007967"}, "firstName": "Vincent", "tips": {"count": 18}, "gender": "male", "lastName": "Sia", "lists": {"groups": [{"count": 2, "type": "created", "items": []}]}, "bio": ""}, {"id": "4495605", "photo": {"prefix": "https://igx.4sqi.net/img/user/", "suffix": "/4I1LQU25J05T0R1Y.jpg"}, "homeCity": "Singapore", "contact": {"facebook": "1253282947", "twitter": "ashhhleee"}, "firstName": "Ashlee", "tips": {"count": 0}, "gender": "female", "lastName": "Tan", "lists": {"groups": [{"count": 2, "type": "created", "items": []}]}, "bio": ""}, {"id": "18567818", "photo": {"prefix": "https://igx.4sqi.net/img/user/", "suffix": "/B2MHJXG4NWCIY0F0.jpg"}, "homeCity": "San Pedro, Laguna Philippines 4023", "contact": {"facebook": "100000320608015", "twitter": "biboyoreo"}, "firstName": "Biboy", "tips": {"count": 0}, "gender": "none", "lastName": "Oreo", "lists": {"groups": [{"count": 2, "type": "created", "items": []}]}, "bio": ""}, {"id": "53364848", "photo": {"prefix": "https://igx.4sqi.net/img/user/", "suffix": "/UUWBYK3F5JHOKAPY.jpg"}, "homeCity": "Singapore", "contact": {"facebook": "100003918018026"}, "firstName": "I-Am", "tips": {"count": 2}, "gender": "female", "lastName": "Horikawa", "lists": {"groups": [{"count": 2, "type": "created", "items": []}]}, "bio": ""}, {"id": "75426149", "photo": {"prefix": "https://igx.4sqi.net/img/user/", "suffix": "/75426149-XJRWSHUCLUE4PMJA.jpg"}, "homeCity": "Makati City, NCR", "contact": {"facebook": "100000201068040", "twitter": "pauresu"}, "firstName": "Pau", "tips": {"count": 0}, "gender": "female", "lastName": "Resurreccion", "lists": {"groups": [{"count": 2, "type": "created", "items": []}]}, "bio": ""}, {"id": "16809082", "photo": {"prefix": "https://igx.4sqi.net/img/user/", "suffix": "/-VHB14CNUJHNWIC1Q.jpg"}, "homeCity": "Jakarta, 10630", "contact": {"facebook": "100000370599409", "twitter": "priskilaeva"}, "firstName": "Stefanie", "tips": {"count": 0}, "gender": "female", "lastName": "Eva", "lists": {"groups": [{"count": 2, "type": "created", "items": []}]}, "bio": "I Believe in GOD ...BB : 32875009 , FB  : S Eva Wahyuni"}, {"id": "5244578", "photo": {"prefix": "https://igx.4sqi.net/img/user/", "suffix": "/DAZEMUR1ON1BDGNS.jpg"}, "homeCity": "Singapore", "contact": {"facebook": "100000235035084"}, "firstName": "Edmon", "tips": {"count": 0}, "gender": "male", "lastName": "Cabacis", "lists": {"groups": [{"count": 2, "type": "created", "items": []}]}, "bio": ""}, {"id": "4484838", "photo": {"prefix": "https://igx.4sqi.net/img/user/", "suffix": "/0GH44BAZE1ZCU0R5.jpg"}, "homeCity": "Singapore", "contact": {}, "firstName": "Si Ting", "tips": {"count": 0}, "gender": "female", "lastName": "Lim", "lists": {"groups": [{"count": 2, "type": "created", "items": []}]}, "bio": ""}, {"id": "4692928", "photo": {"prefix": "https://igx.4sqi.net/img/user/", "suffix": "/UTOKFMBZL0FVY2CZ.jpg"}, "homeCity": "Singapore", "contact": {}, "firstName": "Mumsk!", "tips": {"count": 0}, "gender": "female", "lastName": "Lur!z", "lists": {"groups": [{"count": 2, "type": "created", "items": []}]}, "bio": ""}, {"id": "20880685", "photo": {"prefix": "https://igx.4sqi.net/img/user/", "suffix": "/EVLAA4TEN3INBYJW.jpg"}, "homeCity": "Metropolitan Manila", "contact": {"facebook": "555375881"}, "firstName": "Andrew", "tips": {"count": 2}, "gender": "male", "lastName": "Del Rosario", "lists": {"groups": [{"count": 2, "type": "created", "items": []}]}, "bio": ""}, {"id": "34493586", "photo": {"prefix": "https://igx.4sqi.net/img/user/", "suffix": "/NHOMNAHFH3D1J2KW.jpg"}, "homeCity": "salmiya, kuwait ", "contact": {"facebook": "579000627"}, "firstName": "Phoebe", "tips": {"count": 0}, "gender": "female", "lastName": "Grace", "lists": {"groups": [{"count": 2, "type": "created", "items": []}]}, "bio": ""}, {"id": "5233925", "photo": {"prefix": "https://igx.4sqi.net/img/user/", "default": true, "suffix": "/blank_girl.png"}, "homeCity": "Singapore", "contact": {"facebook": "649062265"}, "firstName": "Mumai", "tips": {"count": 0}, "gender": "female", "lastName": "Luriz", "lists": {"groups": [{"count": 2, "type": "created", "items": []}]}, "bio": ""}, {"id": "4751995", "photo": {"prefix": "https://igx.4sqi.net/img/user/", "suffix": "/3GS1QYQPVYBZCQPK.jpg"}, "homeCity": "Singapore", "contact": {"facebook": "1076782794"}, "firstName": "Dyan", "tips": {"count": 0}, "gender": "female", "lastName": "Castellano", "lists": {"groups": [{"count": 2, "type": "created", "items": []}]}, "bio": ""}, {"id": "43399523", "photo": {"prefix": "https://igx.4sqi.net/img/user/", "suffix": "/IV5AJQKR0FFLXZ14.jpg"}, "homeCity": "Metropolitan Manila", "contact": {"facebook": "608596668", "twitter": "stanleyjacinto"}, "firstName": "Stanley", "tips": {"count": 0}, "gender": "male", "lastName": "Jacinto", "lists": {"groups": [{"count": 2, "type": "created", "items": []}]}, "bio": ""}, {"id": "54154666", "photo": {"prefix": "https://igx.4sqi.net/img/user/", "suffix": "/OZOCHVVKDMYWD2VX.jpg"}, "homeCity": "Pavia, Italy", "contact": {"facebook": "100000241080479"}, "firstName": "Bradley James", "tips": {"count": 0}, "gender": "male", "lastName": "Popan", "lists": {"groups": [{"count": 2, "type": "created", "items": []}]}, "bio": ""}, {"id": "7275652", "photo": {"prefix": "https://igx.4sqi.net/img/user/", "suffix": "/KR5ZICE4IBNZJNXZ.jpg"}, "homeCity": "Rizal, Philippines", "contact": {"facebook": "636672049"}, "firstName": "Thor", "tips": {"count": 3}, "gender": "male", "lastName": "Frias", "lists": {"groups": [{"count": 2, "type": "created", "items": []}]}, "bio": ""}, {"id": "8720963", "photo": {"prefix": "https://igx.4sqi.net/img/user/", "suffix": "/BC0X1FB2AJADKJYR.jpg"}, "homeCity": "Cainta, Philippines", "contact": {"facebook": "1448495332", "twitter": "xyeyz"}, "firstName": "XyEyZ", "tips": {"count": 0}, "gender": "male", "lists": {"groups": [{"count": 2, "type": "created", "items": []}]}, "bio": ""}, {"id": "7324846", "photo": {"prefix": "https://igx.4sqi.net/img/user/", "suffix": "/GN3WZCAX1Z2ZT40F.jpg"}, "homeCity": "Hong Kong Island, Hong Kong", "contact": {}, "firstName": "Jenny Lee", "tips": {"count": 0}, "gender": "female", "lastName": "Padama", "lists": {"groups": [{"count": 2, "type": "created", "items": []}]}, "bio": ""}, {"id": "10952529", "photo": {"prefix": "https://igx.4sqi.net/img/user/", "suffix": "/10952529-DRKF0VANOHKG1LPG.jpg"}, "homeCity": "Quezon City, Philippines", "contact": {"facebook": "635815058"}, "firstName": "Jomz", "tips": {"count": 1}, "gender": "male", "lastName": "Kizs", "lists": {"groups": [{"count": 2, "type": "created", "items": []}]}, "bio": ""}, {"id": "46743294", "photo": {"prefix": "https://igx.4sqi.net/img/user/", "suffix": "/46743294-Z1PQ3JTKDQCCI2SV.jpg"}, "homeCity": "philippines", "contact": {"facebook": "1713657074", "twitter": "meloveyyou"}, "firstName": "jomariekenn", "tips": {"count": 2}, "gender": "female", "lastName": "hatoc", "lists": {"groups": [{"count": 2, "type": "created", "items": []}]}, "bio": ""}]}, "checksum": "d1b702267600bf574eb659c6bea1f74af18b1236"}}