{"notifications": [{"type": "notificationTray", "item": {"unreadCount": 0}}], "response": {"friends": {"items": [{"tips": {"count": 3}, "contact": {}, "firstName": "Clara", "gender": "female", "lastName": "Teo", "id": "281551", "bio": "", "photo": {"prefix": "https://igx.4sqi.net/img/user/", "suffix": "/FSH25STHSUVYUZIX.jpg"}, "homeCity": "Woodford, QLD", "lists": {"groups": [{"items": [], "count": 3, "type": "created"}]}}, {"tips": {"count": 6}, "contact": {"twitter": "kishi", "facebook": "10152524781727064"}, "firstName": "kishi", "gender": "male", "id": "11357505", "bio": "I like any kind of attempts which can make internet more interesting place. \u904a\u3079\u308b\u30a4\u30f3\u30bf\u30fc\u30cd\u30c3\u30c8\u597d\u304d\u3002Associate @UNIT9, ECD@Bannistar", "photo": {"prefix": "https://igx.4sqi.net/img/user/", "suffix": "/QVZ4LZENPHHTFZDS.jpg"}, "homeCity": "Singapore", "lists": {"groups": [{"items": [], "count": 2, "type": "created"}]}}, {"tips": {"count": 1}, "contact": {"twitter": "kenoid", "facebook": "545198478"}, "firstName": "Ken", "gender": "male", "lastName": "Choo", "id": "4292831", "bio": "", "photo": {"prefix": "https://igx.4sqi.net/img/user/", "suffix": "/JIA5XVETVVFAPW1X.jpg"}, "homeCity": "Singapore", "lists": {"groups": [{"items": [], "count": 3, "type": "created"}]}}, {"tips": {"count": 0}, "contact": {"facebook": "586223651"}, "firstName": "Noel", "gender": "male", "lastName": "Chan", "id": "8142064", "bio": "", "photo": {"prefix": "https://igx.4sqi.net/img/user/", "suffix": "/5SIA0LSFBR4RE2U2.jpg"}, "homeCity": "Singapore", "lists": {"groups": [{"items": [], "count": 2, "type": "created"}]}}, {"tips": {"count": 22}, "contact": {"twitter": "miyagi", "facebook": "595622587"}, "firstName": "Benjamin", "gender": "male", "lastName": "Lee", "id": "254627", "bio": "", "photo": {"prefix": "https://igx.4sqi.net/img/user/", "suffix": "/2KUKTSRVV4HF1KF4.jpg"}, "homeCity": "Singapore", "lists": {"groups": [{"items": [], "count": 2, "type": "created"}]}}, {"tips": {"count": 0}, "contact": {"twitter": "nictionary_", "facebook": "584157419"}, "firstName": "Nicole", "gender": "female", "lastName": "Sim", "id": "7424074", "bio": "", "photo": {"prefix": "https://igx.4sqi.net/img/user/", "suffix": "/WFMJGYQE5BLSBMIG.jpg"}, "homeCity": "Singapore", "lists": {"groups": [{"items": [], "count": 2, "type": "created"}]}}, {"tips": {"count": 1}, "contact": {}, "firstName": "3loe", "gender": "none", "lastName": "K", "id": "3162340", "bio": "", "photo": {"prefix": "https://igx.4sqi.net/img/user/", "suffix": "/3162340-FBHHQKZYBOU2KMXZ.jpg"}, "homeCity": "Bokjeong-dong", "lists": {"groups": [{"items": [], "count": 2, "type": "created"}]}}, {"tips": {"count": 20}, "contact": {"twitter": "edtoh", "facebook": "722362502"}, "firstName": "Edwin", "gender": "male", "id": "604918", "bio": "", "photo": {"prefix": "https://igx.4sqi.net/img/user/", "suffix": "/604918-THAZ4XJA51TQFQN4"}, "homeCity": "Singapore", "lists": {"groups": [{"items": [], "count": 11, "type": "created"}]}}, {"tips": {"count": 4}, "contact": {"facebook": "10152700728430614"}, "firstName": "Xander", "gender": "male", "lastName": "Lee", "id": "378650", "bio": "", "photo": {"prefix": "https://igx.4sqi.net/img/user/", "suffix": "/LXPVSANAUEP01KK1.jpg"}, "homeCity": "Singapore", "lists": {"groups": [{"items": [], "count": 2, "type": "created"}]}}, {"tips": {"count": 0}, "contact": {"facebook": "517180304"}, "firstName": "Valerie", "gender": "female", "lastName": "Cheng", "id": "1476849", "bio": "", "photo": {"prefix": "https://igx.4sqi.net/img/user/", "suffix": "/EEM3JEMMPLBTUKDQ.jpg"}, "homeCity": "Singapore", "lists": {"groups": [{"items": [], "count": 2, "type": "created"}]}}, {"tips": {"count": 0}, "contact": {"twitter": "edwintyr", "facebook": "631327412"}, "firstName": "Edwin", "gender": "male", "lastName": "Tan", "id": "874257", "bio": "", "photo": {"prefix": "https://igx.4sqi.net/img/user/", "suffix": "/MHTDFI5GFNSPHD0P.jpg"}, "homeCity": "Singapore", "lists": {"groups": [{"items": [], "count": 2, "type": "created"}]}}, {"tips": {"count": 41}, "contact": {"twitter": "jeremychia", "facebook": "836795412"}, "firstName": "Jeremy", "gender": "male", "lastName": "Chia", "id": "208191", "bio": "", "photo": {"prefix": "https://igx.4sqi.net/img/user/", "suffix": "/1P1EFSMSVHQO50JG.jpg"}, "homeCity": "Singapore", "lists": {"groups": [{"items": [], "count": 6, "type": "created"}]}}, {"tips": {"count": 1}, "contact": {"facebook": "1747399815"}, "firstName": "Patrice", "gender": "male", "lastName": "Dubarre", "id": "33005376", "bio": "", "photo": {"prefix": "https://igx.4sqi.net/img/user/", "suffix": "/JOHVRCI3SH0Z1PET.jpg"}, "homeCity": "Lille", "lists": {"groups": [{"items": [], "count": 2, "type": "created"}]}}, {"tips": {"count": 0}, "contact": {}, "firstName": "Lilletoots", "gender": "female", "id": "16104642", "bio": "Avid traveller and foodie. Love hunting for back alleys. Outdoor lover.", "photo": {"prefix": "https://igx.4sqi.net/img/user/", "suffix": "/16104642-X321IFMEIPNVXRFU.jpg"}, "homeCity": "Stockholm ", "lists": {"groups": [{"items": [], "count": 2, "type": "created"}]}}, {"tips": {"count": 0}, "contact": {}, "firstName": "Radio", "gender": "male", "lastName": "Woon", "id": "7013844", "bio": "", "photo": {"prefix": "https://igx.4sqi.net/img/user/", "suffix": "/MHFVWOIDWEX0GVK0.jpg"}, "homeCity": "\u4e0a\u6d77\u5e02, \u4e2d\u56fd", "lists": {"groups": [{"items": [], "count": 3, "type": "created"}]}}, {"tips": {"count": 0}, "contact": {"twitter": "welovenoise", "facebook": "614250248"}, "firstName": "Luke", "gender": "male", "lastName": "Finch", "id": "26645296", "bio": "", "photo": {"prefix": "https://igx.4sqi.net/img/user/", "suffix": "/MVGDYX15NUQOZNPK.jpg"}, "homeCity": "San Francisco ", "lists": {"groups": [{"items": [], "count": 2, "type": "created"}]}}, {"tips": {"count": 3}, "contact": {"facebook": "690683214"}, "firstName": "Gen", "gender": "female", "lastName": "Tan", "id": "4386829", "bio": "", "photo": {"prefix": "https://igx.4sqi.net/img/user/", "suffix": "/MB4I2DFZCINC3OJN.jpg"}, "homeCity": "Singapore", "lists": {"groups": [{"items": [], "count": 2, "type": "created"}]}}, {"tips": {"count": 0}, "contact": {"facebook": "675505990"}, "firstName": "Alicia", "gender": "female", "lastName": "Tan", "id": "50372908", "bio": "", "photo": {"prefix": "https://igx.4sqi.net/img/user/", "suffix": "/J5AIWBOVNDHFM24Q.jpg"}, "homeCity": "Copenhagen, Region Hovedstaden", "lists": {"groups": [{"items": [], "count": 2, "type": "created"}]}}, {"tips": {"count": 0}, "contact": {"facebook": "1019942475"}, "firstName": "HarFong", "gender": "female", "lastName": "Chen", "id": "25021107", "bio": "", "photo": {"prefix": "https://igx.4sqi.net/img/user/", "suffix": "/IXCGFUONWNHFUNPM.jpg"}, "homeCity": "New York, NY", "lists": {"groups": [{"items": [], "count": 2, "type": "created"}]}}, {"tips": {"count": 0}, "contact": {}, "firstName": "Eric", "gender": "male", "lastName": "Lau", "id": "4803207", "bio": "", "photo": {"prefix": "https://igx.4sqi.net/img/user/", "suffix": "/11VYCCESEJ220QP1.jpg"}, "homeCity": "Singapore", "lists": {"groups": [{"items": [], "count": 2, "type": "created"}]}}, {"tips": {"count": 0}, "contact": {"twitter": "cindylos"}, "firstName": "cinDs", "gender": "female", "id": "3447271", "bio": "", "photo": {"prefix": "https://igx.4sqi.net/img/user/", "suffix": "/OQRBNZQSMCQMMLQL.jpg"}, "homeCity": "Subang Jaya, Malaysia", "lists": {"groups": [{"items": [], "count": 2, "type": "created"}]}}, {"tips": {"count": 26}, "contact": {"twitter": "brianandlee", "facebook": "740436116"}, "firstName": "Brian", "gender": "male", "lastName": "Lee", "id": "13982580", "bio": "", "photo": {"prefix": "https://igx.4sqi.net/img/user/", "suffix": "/13982580-DBTZDJFN1NP42PZU.jpg"}, "homeCity": "Stockholm", "lists": {"groups": [{"items": [], "count": 4, "type": "created"}]}}, {"tips": {"count": 0}, "contact": {"facebook": "613392278"}, "firstName": "Cain", "gender": "male", "lastName": "Lim", "id": "4719647", "bio": "", "photo": {"prefix": "https://igx.4sqi.net/img/user/", "suffix": "/ZVGX1NW40H455FE2.jpg"}, "homeCity": "Singapore", "lists": {"groups": [{"items": [], "count": 2, "type": "created"}]}}, {"tips": {"count": 63}, "contact": {"twitter": "yellowestboy", "facebook": "599831965"}, "firstName": "Melvyn", "gender": "male", "lastName": "Lim", "id": "897415", "bio": "", "photo": {"prefix": "https://igx.4sqi.net/img/user/", "suffix": "/CAG5P3M522OFTBE1.jpg"}, "homeCity": "Singapore", "lists": {"groups": [{"items": [], "count": 4, "type": "created"}]}}, {"tips": {"count": 0}, "contact": {}, "firstName": "Serene", "gender": "female", "lastName": "Lim", "id": "6349506", "bio": "", "photo": {"prefix": "https://igx.4sqi.net/img/user/", "suffix": "/blank_girl.png", "default": true}, "homeCity": "Singapore", "lists": {"groups": [{"items": [], "count": 2, "type": "created"}]}}, {"tips": {"count": 0}, "contact": {"facebook": "656012693"}, "firstName": "Jeanette", "gender": "female", "lastName": "Lim", "id": "43147669", "bio": "", "photo": {"prefix": "https://igx.4sqi.net/img/user/", "suffix": "/1J0G5BFPDBTG5CBX.jpg"}, "homeCity": "New York, NY", "lists": {"groups": [{"items": [], "count": 2, "type": "created"}]}}, {"tips": {"count": 0}, "contact": {"twitter": "hellodriv", "facebook": "562098413"}, "firstName": "Driv", "gender": "male", "lastName": "Loo", "id": "4809819", "bio": "", "photo": {"prefix": "https://igx.4sqi.net/img/user/", "suffix": "/PL42NYUFFBUBZS4Y.jpg"}, "homeCity": "\u9577\u91ce\u5e02, \u65e5\u672c", "lists": {"groups": [{"items": [], "count": 2, "type": "created"}]}}, {"tips": {"count": 13}, "contact": {"facebook": "10153501195556265"}, "firstName": "Caleb", "gender": "male", "lastName": "Ming", "id": "14535110", "bio": "", "photo": {"prefix": "https://igx.4sqi.net/img/user/", "suffix": "/XX4L2RTMI4ED2VEC.jpg"}, "homeCity": "Singapore", "lists": {"groups": [{"items": [], "count": 2, "type": "created"}]}}, {"tips": {"count": 0}, "contact": {"twitter": "createyu", "facebook": "612913313"}, "firstName": "Yah-Leng", "gender": "female", "lastName": "Yu", "id": "1413749", "bio": "", "photo": {"prefix": "https://igx.4sqi.net/img/user/", "suffix": "/J5IQ0LAHA5A5H3MY.gif"}, "homeCity": "Singapore", "lists": {"groups": [{"items": [], "count": 2, "type": "created"}]}}, {"tips": {"count": 0}, "contact": {"facebook": "741132596"}, "firstName": "Jasond", "gender": "male", "lastName": "Lim", "id": "20556305", "bio": "", "photo": {"prefix": "https://igx.4sqi.net/img/user/", "suffix": "/blank_boy.png", "default": true}, "homeCity": "Selangor", "lists": {"groups": [{"items": [], "count": 2, "type": "created"}]}}, {"tips": {"count": 0}, "contact": {"facebook": "542652758"}, "firstName": "Craig", "gender": "male", "lastName": "Neo", "id": "3995661", "bio": "", "photo": {"prefix": "https://igx.4sqi.net/img/user/", "suffix": "/CJMAER5ZQGEUHYXV.jpg"}, "homeCity": "Singapore", "lists": {"groups": [{"items": [], "count": 2, "type": "created"}]}}], "count": 31}, "checksum": "3dbc5cbec436a1a25cb1be97d4ae7d56c1c3216e"}, "meta": {"requestId": "5965e9ec6a6071143a0a946f", "code": 200}}