{"notifications": [{"type": "notificationTray", "item": {"unreadCount": 0}}], "response": {"friends": {"items": [{"tips": {"count": 0}, "contact": {"twitter": "farisasnin", "facebook": "632893769"}, "firstName": "Faris", "gender": "male", "lastName": "Asnin", "id": "4467564", "bio": "", "photo": {"prefix": "https://igx.4sqi.net/img/user/", "suffix": "/blank_boy.png", "default": true}, "homeCity": "Singapore", "lists": {"groups": [{"items": [], "count": 2, "type": "created"}]}}, {"tips": {"count": 4}, "contact": {"twitter": "greenster_", "facebook": "621184350"}, "firstName": "Daphne", "gender": "female", "lastName": "Yeo", "id": "350494", "bio": "", "photo": {"prefix": "https://igx.4sqi.net/img/user/", "suffix": "/A0LAL24H52KCVJU2.jpg"}, "homeCity": "Singapore", "lists": {"groups": [{"items": [], "count": 2, "type": "created"}]}}, {"tips": {"count": 1}, "contact": {"twitter": "gabrielgannn", "facebook": "10203779368079802"}, "firstName": "Gabriel", "gender": "male", "lastName": "Gan", "id": "4293061", "bio": "", "photo": {"prefix": "https://igx.4sqi.net/img/user/", "suffix": "/4293061-TB3UZACT3BIVTYF2.jpg"}, "homeCity": "Singapore", "lists": {"groups": [{"items": [], "count": 2, "type": "created"}]}}, {"tips": {"count": 0}, "contact": {"twitter": "ganchinboon", "facebook": "720302910"}, "firstName": "Gan Chin Boon Vycent", "gender": "male", "lastName": "\u989c\u632f\u6587", "id": "5280047", "bio": "Capturing that desired moment in you, for you.", "photo": {"prefix": "https://igx.4sqi.net/img/user/", "suffix": "/5280047-I5JYM3U51CC0Y5VX.jpg"}, "homeCity": "Singapore", "lists": {"groups": [{"items": [], "count": 2, "type": "created"}]}}, {"tips": {"count": 0}, "contact": {"twitter": "sandyismyname", "facebook": "630391617"}, "firstName": "sandyismyname", "gender": "female", "id": "4535773", "bio": "", "photo": {"prefix": "https://igx.4sqi.net/img/user/", "suffix": "/AAOQZP3YXUA4P11P.jpg"}, "homeCity": "Singapore", "lists": {"groups": [{"items": [], "count": 2, "type": "created"}]}}, {"tips": {"count": 2}, "contact": {}, "firstName": "Edwin", "gender": "male", "lastName": "Koh", "id": "2207285", "bio": "", "photo": {"prefix": "https://igx.4sqi.net/img/user/", "suffix": "/DPTUYUCT4DAJ0NRR.jpg"}, "homeCity": "Bedok, Singapore", "lists": {"groups": [{"items": [], "count": 2, "type": "created"}]}}, {"tips": {"count": 1}, "contact": {"twitter": "lianrui", "facebook": "601147881"}, "firstName": "Jonas", "gender": "male", "lastName": "Wang", "id": "3128118", "bio": "", "photo": {"prefix": "https://igx.4sqi.net/img/user/", "suffix": "/VV5F35DT5V2PCBCJ.jpg"}, "homeCity": "Singapore", "lists": {"groups": [{"items": [], "count": 2, "type": "created"}]}}, {"tips": {"count": 2}, "contact": {}, "firstName": "Syahrinnn", "gender": "male", "lastName": "D", "id": "3814762", "bio": "", "photo": {"prefix": "https://igx.4sqi.net/img/user/", "suffix": "/OVJKKEKVBKOXMANN.jpg"}, "homeCity": "Singapore", "lists": {"groups": [{"items": [], "count": 2, "type": "created"}]}}, {"tips": {"count": 1}, "contact": {"twitter": "melfulness", "facebook": "671928821"}, "firstName": "Melissa", "gender": "female", "lastName": "Lok", "id": "1464621", "bio": "", "photo": {"prefix": "https://igx.4sqi.net/img/user/", "suffix": "/1464621-UAFCJHATL3JE2R5S.jpg"}, "homeCity": "Singapore", "lists": {"groups": [{"items": [], "count": 2, "type": "created"}]}}, {"tips": {"count": 12}, "contact": {"facebook": "1241223127"}, "firstName": "fathan", "gender": "male", "lastName": "setyono", "id": "4213536", "bio": "", "photo": {"prefix": "https://igx.4sqi.net/img/user/", "suffix": "/QLMWMTNKMHR0OEVF.jpg"}, "homeCity": "Semarang, Indonesia", "lists": {"groups": [{"items": [], "count": 2, "type": "created"}]}}, {"tips": {"count": 1}, "contact": {}, "firstName": "ahgump", "gender": "male", "id": "1208438", "bio": "", "photo": {"prefix": "https://igx.4sqi.net/img/user/", "suffix": "/JBXQUZWOMHIKP1LH.jpg"}, "homeCity": "Singapore", "lists": {"groups": [{"items": [], "count": 2, "type": "created"}]}}, {"tips": {"count": 0}, "contact": {"facebook": "734539743"}, "firstName": "Maisul", "gender": "male", "lastName": "Kamil", "id": "4017779", "bio": "", "photo": {"prefix": "https://igx.4sqi.net/img/user/", "suffix": "/KBCWUHLYIJSZKJUY.jpg"}, "homeCity": "Singapore", "lists": {"groups": [{"items": [], "count": 2, "type": "created"}]}}, {"tips": {"count": 9}, "contact": {}, "firstName": "Steve", "gender": "male", "superuser": 1, "id": "105742", "bio": "", "photo": {"prefix": "https://igx.4sqi.net/img/user/", "suffix": "/105742_1258685767409.jpg"}, "homeCity": "Novena, Singapore", "lists": {"groups": [{"items": [], "count": 2, "type": "created"}]}}, {"tips": {"count": 0}, "contact": {"twitter": "daohueyyy", "facebook": "659555039"}, "firstName": "Johnathon", "gender": "male", "lastName": "Lim", "id": "4548915", "bio": "", "photo": {"prefix": "https://igx.4sqi.net/img/user/", "suffix": "/RZQNREUXUH5LU4G2.jpg"}, "homeCity": "Singapore", "lists": {"groups": [{"items": [], "count": 2, "type": "created"}]}}, {"tips": {"count": 1}, "contact": {"twitter": "yingyingcai"}, "firstName": "Yingying", "gender": "female", "lastName": "Cai", "id": "4660988", "bio": "", "photo": {"prefix": "https://igx.4sqi.net/img/user/", "suffix": "/DRPKW3NMW33AUZ5F.jpg"}, "homeCity": "Singapore", "lists": {"groups": [{"items": [], "count": 2, "type": "created"}]}}, {"tips": {"count": 4}, "contact": {"twitter": "steph_nich", "facebook": "755954864"}, "firstName": "Wednesday", "gender": "female", "lastName": "LaQuay", "id": "2210656", "bio": "", "photo": {"prefix": "https://igx.4sqi.net/img/user/", "suffix": "/KIYWIPRWHQMULBBC.jpg"}, "homeCity": "In your closet.", "lists": {"groups": [{"items": [], "count": 2, "type": "created"}]}}, {"tips": {"count": 0}, "contact": {"facebook": "738010072"}, "firstName": "Bryan", "gender": "none", "lastName": "^^", "id": "3788134", "bio": "", "photo": {"prefix": "https://igx.4sqi.net/img/user/", "suffix": "/SP0VQY1FCWCWXZYZ.jpg"}, "homeCity": "Singapore", "lists": {"groups": [{"items": [], "count": 2, "type": "created"}]}}, {"tips": {"count": 0}, "contact": {}, "firstName": "Josephine", "gender": "female", "lastName": "Aurelia", "id": "1730915", "bio": "", "photo": {"prefix": "https://igx.4sqi.net/img/user/", "suffix": "/0QQQCP4FNOVL11N4.jpg"}, "homeCity": "Singapore", "lists": {"groups": [{"items": [], "count": 2, "type": "created"}]}}, {"tips": {"count": 1}, "contact": {"facebook": "739826588"}, "firstName": "Benjamin", "gender": "male", "lastName": "Lim", "id": "3402171", "bio": "", "photo": {"prefix": "https://igx.4sqi.net/img/user/", "suffix": "/3402171-CCGNCX22VOXZPRAP.jpg"}, "homeCity": "Singapore", "lists": {"groups": [{"items": [], "count": 2, "type": "created"}]}}, {"tips": {"count": 0}, "contact": {"facebook": "715073254"}, "firstName": "Philo", "gender": "male", "lastName": "Greenwood", "id": "4037991", "bio": "", "photo": {"prefix": "https://igx.4sqi.net/img/user/", "suffix": "/KJ1KRSBKTWRQYB0O.jpg"}, "homeCity": "Singapore", "lists": {"groups": [{"items": [], "count": 2, "type": "created"}]}}, {"tips": {"count": 0}, "contact": {}, "firstName": "Ling", "gender": "male", "lastName": "Yi Da", "id": "5153044", "bio": "", "photo": {"prefix": "https://igx.4sqi.net/img/user/", "suffix": "/blank_boy.png", "default": true}, "homeCity": "Singapore", "lists": {"groups": [{"items": [], "count": 2, "type": "created"}]}}, {"tips": {"count": 4}, "contact": {"twitter": "crimsonaffairs", "facebook": "769554342"}, "firstName": "Afifah", "gender": "none", "lastName": "Mustaffa", "id": "5015294", "bio": "", "photo": {"prefix": "https://igx.4sqi.net/img/user/", "suffix": "/AZUO15G2QMFRVXP4.jpg"}, "homeCity": "New York, NY", "lists": {"groups": [{"items": [], "count": 2, "type": "created"}]}}, {"tips": {"count": 3}, "contact": {"twitter": "khairealezad", "facebook": "1577140926"}, "firstName": "Khairil Izzat", "gender": "male", "lastName": "Mohd Ali", "id": "5089488", "bio": "", "photo": {"prefix": "https://igx.4sqi.net/img/user/", "suffix": "/SDULWC3P41ZJSX05.jpg"}, "homeCity": "Singapore,SG", "lists": {"groups": [{"items": [], "count": 2, "type": "created"}]}}, {"tips": {"count": 2}, "contact": {"facebook": "746914299"}, "firstName": "Khoo", "gender": "female", "lastName": "Zhen Ning", "id": "4061932", "bio": "", "photo": {"prefix": "https://igx.4sqi.net/img/user/", "suffix": "/VUWSKW5Y3SCAWGL4.jpg"}, "homeCity": "Singapore", "lists": {"groups": [{"items": [], "count": 2, "type": "created"}]}}, {"tips": {"count": 0}, "contact": {"twitter": "theonlyirsa", "facebook": "541268907"}, "firstName": "Irsalina", "gender": "female", "lastName": "Zainal", "id": "3411088", "bio": "", "photo": {"prefix": "https://igx.4sqi.net/img/user/", "suffix": "/3411088-MOPOCI51VCBLRQTW.jpg"}, "homeCity": "Singapore", "lists": {"groups": [{"items": [], "count": 2, "type": "created"}]}}, {"tips": {"count": 0}, "contact": {}, "firstName": "Jing kai", "gender": "male", "lastName": "Lim", "id": "4042051", "bio": "", "photo": {"prefix": "https://igx.4sqi.net/img/user/", "suffix": "/blank_boy.png", "default": true}, "homeCity": "Singapore", "lists": {"groups": [{"items": [], "count": 2, "type": "created"}]}}, {"tips": {"count": 0}, "contact": {"twitter": "sergeant1994", "facebook": "1622796604"}, "firstName": "Victor Koh", "gender": "male", "lastName": "IsBored", "id": "5251389", "bio": "", "photo": {"prefix": "https://igx.4sqi.net/img/user/", "suffix": "/T4YDA0LIH43IMZ2G.jpg"}, "homeCity": "Singapore", "lists": {"groups": [{"items": [], "count": 2, "type": "created"}]}}, {"tips": {"count": 0}, "contact": {}, "firstName": "Jeremy", "gender": "male", "lastName": "Ong", "id": "4821131", "bio": "", "photo": {"prefix": "https://igx.4sqi.net/img/user/", "suffix": "/01N1O5YKKGZB44MY.jpg"}, "homeCity": "Singapore", "lists": {"groups": [{"items": [], "count": 2, "type": "created"}]}}, {"tips": {"count": 0}, "contact": {"facebook": "1823561592"}, "firstName": "farfaraway", "gender": "female", "lastName": "land", "id": "3638666", "bio": "", "photo": {"prefix": "https://igx.4sqi.net/img/user/", "suffix": "/3638666-L00CC3NJ5JIUYNA2.jpg"}, "homeCity": "Singapore ", "lists": {"groups": [{"items": [], "count": 2, "type": "created"}]}}, {"tips": {"count": 0}, "contact": {}, "firstName": "Muhammad", "gender": "male", "lastName": "Raffee", "id": "4760722", "bio": "", "photo": {"prefix": "https://igx.4sqi.net/img/user/", "suffix": "/2MLAKXSMSX2VJV1P.jpg"}, "homeCity": "Unnamed Location", "lists": {"groups": [{"items": [], "count": 2, "type": "created"}]}}, {"tips": {"count": 0}, "contact": {"facebook": "1159327016"}, "firstName": "Nurfadhilah", "gender": "female", "id": "3702309", "bio": "", "photo": {"prefix": "https://igx.4sqi.net/img/user/", "suffix": "/YJXXABWEB3UZNJYI.jpg"}, "homeCity": "Singapore", "lists": {"groups": [{"items": [], "count": 2, "type": "created"}]}}, {"tips": {"count": 0}, "contact": {"twitter": "bimboyeo", "facebook": "662829400"}, "firstName": "Jiaying", "gender": "female", "lastName": "Yeo", "id": "3982967", "bio": "", "photo": {"prefix": "https://igx.4sqi.net/img/user/", "suffix": "/3982967-KHTY3QTGVQ2MUX0W.jpg"}, "homeCity": "Singapore", "lists": {"groups": [{"items": [], "count": 2, "type": "created"}]}}, {"tips": {"count": 0}, "contact": {}, "firstName": "Eddy", "gender": "male", "lastName": "Fonseca", "id": "5341786", "bio": "", "photo": {"prefix": "https://igx.4sqi.net/img/user/", "suffix": "/blank_boy.png", "default": true}, "homeCity": "Singapore", "lists": {"groups": [{"items": [], "count": 2, "type": "created"}]}}], "count": 133}, "checksum": "2ac56036de8a5b6e035e65db74c05c7bcddf69ae"}, "meta": {"requestId": "59662d01dd57972d623b86f1", "code": 200}}