{"notifications": [{"type": "notificationTray", "item": {"unreadCount": 0}}], "meta": {"requestId": "5966c9d51ed2196302d9e722", "code": 200}, "response": {"friends": {"count": 40, "items": [{"id": "5146914", "photo": {"prefix": "https://igx.4sqi.net/img/user/", "suffix": "/QSEXQUNOWNQ4QOVD.jpg"}, "homeCity": "Singapore", "contact": {}, "firstName": "Muhd", "tips": {"count": 0}, "gender": "male", "lastName": "Faizal", "lists": {"groups": [{"count": 2, "type": "created", "items": []}]}, "bio": ""}, {"id": "5690918", "photo": {"prefix": "https://igx.4sqi.net/img/user/", "suffix": "/YQIMHZHUBQ0AMV04.jpg"}, "homeCity": "Singapore", "contact": {"facebook": "837403503"}, "firstName": "Shikin", "tips": {"count": 0}, "gender": "female", "lastName": "Firdaus", "lists": {"groups": [{"count": 2, "type": "created", "items": []}]}, "bio": ""}, {"id": "3586505", "photo": {"prefix": "https://igx.4sqi.net/img/user/", "suffix": "/51OFG0WQSPKBRPT1.jpg"}, "homeCity": "Singapore", "contact": {}, "firstName": "Shekyn", "tips": {"count": 0}, "gender": "female", "lastName": "Shahry", "lists": {"groups": [{"count": 2, "type": "created", "items": []}]}, "bio": ""}, {"id": "5700099", "photo": {"prefix": "https://igx.4sqi.net/img/user/", "suffix": "/G5GAP01ZWNG0V53T.jpg"}, "homeCity": "Singapore", "contact": {}, "firstName": "Nurfazilah", "tips": {"count": 0}, "gender": "female", "lastName": "Lailasani", "lists": {"groups": [{"count": 2, "type": "created", "items": []}]}, "bio": ""}, {"id": "3526965", "photo": {"prefix": "https://igx.4sqi.net/img/user/", "suffix": "/SXWK0B53LNSX3QN4.jpg"}, "homeCity": "Singapore", "contact": {"facebook": "100000395136292"}, "firstName": "Eila", "tips": {"count": 1}, "gender": "female", "lastName": "Junior", "lists": {"groups": [{"count": 2, "type": "created", "items": []}]}, "bio": ""}, {"id": "5036039", "photo": {"prefix": "https://igx.4sqi.net/img/user/", "suffix": "/H1FWEMIPS1M5GI0C.jpg"}, "homeCity": "Singapore", "contact": {"twitter": "fahaha10"}, "firstName": "Nur", "tips": {"count": 1}, "gender": "female", "lastName": "Fasha", "lists": {"groups": [{"count": 2, "type": "created", "items": []}]}, "bio": ""}, {"id": "2985554", "photo": {"prefix": "https://igx.4sqi.net/img/user/", "suffix": "/S4UOHX4PDOHVM4H5.jpg"}, "homeCity": "Singapore", "contact": {"facebook": "1265191692"}, "firstName": "CtHawa", "tips": {"count": 0}, "gender": "female", "lists": {"groups": [{"count": 2, "type": "created", "items": []}]}, "bio": ""}, {"id": "3800842", "photo": {"prefix": "https://igx.4sqi.net/img/user/", "suffix": "/221U5ZYBG24JRBYR.jpg"}, "homeCity": "Singapore", "contact": {"facebook": "1287630162"}, "firstName": "Juza", "tips": {"count": 0}, "gender": "female", "lastName": "Adha", "lists": {"groups": [{"count": 2, "type": "created", "items": []}]}, "bio": ""}, {"id": "473795", "photo": {"prefix": "https://igx.4sqi.net/img/user/", "suffix": "/GN0HUWGUEJSLJXOY.jpg"}, "homeCity": "Singapore", "contact": {"facebook": "713017293"}, "firstName": "Rebecca", "tips": {"count": 0}, "gender": "female", "lastName": "P.", "lists": {"groups": [{"count": 2, "type": "created", "items": []}]}, "bio": ""}, {"id": "2970063", "photo": {"prefix": "https://igx.4sqi.net/img/user/", "suffix": "/Q14HQDSBITNENMQG.jpg"}, "homeCity": "Singapore", "contact": {}, "firstName": "Hetty", "tips": {"count": 0}, "gender": "female", "lastName": "Elvirna", "lists": {"groups": [{"count": 2, "type": "created", "items": []}]}, "bio": ""}, {"id": "2393720", "photo": {"prefix": "https://igx.4sqi.net/img/user/", "suffix": "/TVJSXEAGAC4K4UFP.jpg"}, "homeCity": "Singapore", "contact": {"facebook": "1402542967", "twitter": "eeldafeus"}, "firstName": "sue", "tips": {"count": 1}, "gender": "female", "lastName": "fadhlee", "lists": {"groups": [{"count": 2, "type": "created", "items": []}]}, "bio": ""}, {"id": "4346243", "photo": {"prefix": "https://igx.4sqi.net/img/user/", "suffix": "/DQOBP32XHLW224UF.jpg"}, "homeCity": "Singapore", "contact": {"facebook": "614301612"}, "firstName": "Yoshita", "tips": {"count": 0}, "gender": "none", "lastName": "Youichi", "lists": {"groups": [{"count": 2, "type": "created", "items": []}]}, "bio": ""}, {"id": "7208034", "photo": {"prefix": "https://igx.4sqi.net/img/user/", "default": true, "suffix": "/blank_boy.png"}, "homeCity": "Singapore", "contact": {"facebook": "100000287882968"}, "firstName": "Nizam", "tips": {"count": 0}, "gender": "male", "lastName": "RockSteady", "lists": {"groups": [{"count": 2, "type": "created", "items": []}]}, "bio": ""}, {"id": "5830387", "photo": {"prefix": "https://igx.4sqi.net/img/user/", "suffix": "/QGTNOZ5AYN4DXFYM.jpg"}, "homeCity": "Singapore", "contact": {"facebook": "1281077236"}, "firstName": "Linda", "tips": {"count": 0}, "gender": "female", "lastName": "S.", "lists": {"groups": [{"count": 2, "type": "created", "items": []}]}, "bio": ""}, {"id": "4533551", "photo": {"prefix": "https://igx.4sqi.net/img/user/", "suffix": "/DM4YUW0HRYT1RS22.jpg"}, "homeCity": "Singapore", "contact": {"facebook": "628129304"}, "firstName": "sista", "tips": {"count": 1}, "gender": "female", "lastName": "luv", "lists": {"groups": [{"count": 2, "type": "created", "items": []}]}, "bio": ""}, {"id": "3936498", "photo": {"prefix": "https://igx.4sqi.net/img/user/", "default": true, "suffix": "/blank_boy.png"}, "homeCity": "Singapore", "contact": {}, "firstName": "Rafydha", "tips": {"count": 0}, "gender": "male", "lastName": "Cullen", "lists": {"groups": [{"count": 2, "type": "created", "items": []}]}, "bio": ""}, {"id": "4950183", "photo": {"prefix": "https://igx.4sqi.net/img/user/", "suffix": "/DJMRW5NWZRQOHLFM.jpg"}, "homeCity": "Singapore", "contact": {}, "firstName": "Raihan", "tips": {"count": 0}, "gender": "female", "lastName": "Darf's wife", "lists": {"groups": [{"count": 2, "type": "created", "items": []}]}, "bio": ""}, {"id": "4155743", "photo": {"prefix": "https://igx.4sqi.net/img/user/", "suffix": "/YFIYJIEZ1UI3153U.jpg"}, "homeCity": "Singapore", "contact": {"facebook": "1157391226", "twitter": "kartzim"}, "firstName": "Her", "tips": {"count": 1}, "gender": "female", "lastName": "Him", "lists": {"groups": [{"count": 2, "type": "created", "items": []}]}, "bio": ""}, {"id": "3105483", "photo": {"prefix": "https://igx.4sqi.net/img/user/", "suffix": "/REOKOBALFLPTSWFO.jpg"}, "homeCity": "Singapore", "contact": {"facebook": "735708103", "twitter": "fazieliciously"}, "firstName": "Fazie", "tips": {"count": 1}, "gender": "female", "lastName": "Radziah", "lists": {"groups": [{"count": 2, "type": "created", "items": []}]}, "bio": ""}, {"id": "2548227", "photo": {"prefix": "https://igx.4sqi.net/img/user/", "suffix": "/D03PZMVTFQY33AGB.jpg"}, "homeCity": "Singapore", "contact": {"facebook": "1036644536"}, "firstName": "Dee", "tips": {"count": 0}, "gender": "female", "lists": {"groups": [{"count": 2, "type": "created", "items": []}]}, "bio": ""}, {"id": "4651709", "photo": {"prefix": "https://igx.4sqi.net/img/user/", "default": true, "suffix": "/blank_girl.png"}, "homeCity": "Singapore", "contact": {"facebook": "666553779"}, "firstName": "Norazleen", "tips": {"count": 0}, "gender": "female", "lastName": "Ayob", "lists": {"groups": [{"count": 2, "type": "created", "items": []}]}, "bio": ""}, {"id": "7356467", "photo": {"prefix": "https://igx.4sqi.net/img/user/", "suffix": "/2A3BKA4CLK4WDHVE.jpg"}, "homeCity": "Singapore", "contact": {"facebook": "762867678"}, "firstName": "Aishah", "tips": {"count": 0}, "gender": "female", "lastName": "Rahim", "lists": {"groups": [{"count": 2, "type": "created", "items": []}]}, "bio": ""}, {"id": "4909722", "photo": {"prefix": "https://igx.4sqi.net/img/user/", "suffix": "/GYTAHKEDJQXM25EY.jpg"}, "homeCity": "Singapore", "contact": {"facebook": "713009199"}, "firstName": "Bobbi", "tips": {"count": 0}, "gender": "male", "lastName": "Brown", "lists": {"groups": [{"count": 2, "type": "created", "items": []}]}, "bio": ""}, {"id": "3938192", "photo": {"prefix": "https://igx.4sqi.net/img/user/", "suffix": "/ZMBSTOWXCFKJ5BFS.jpg"}, "homeCity": "Singapore", "contact": {}, "firstName": "Fido", "tips": {"count": 0}, "gender": "female", "lastName": "Dido", "lists": {"groups": [{"count": 2, "type": "created", "items": []}]}, "bio": ""}, {"id": "4956842", "photo": {"prefix": "https://igx.4sqi.net/img/user/", "suffix": "/PWSEL23T4EIBDVTF.jpg"}, "homeCity": "Singapore", "contact": {"facebook": "100000149679200"}, "firstName": "MarLyn", "tips": {"count": 0}, "gender": "none", "lists": {"groups": [{"count": 2, "type": "created", "items": []}]}, "bio": ""}, {"id": "3405909", "photo": {"prefix": "https://igx.4sqi.net/img/user/", "suffix": "/AHHDWTZKCTCESXHI.jpg"}, "homeCity": "Singapore", "contact": {"facebook": "100000223167116"}, "firstName": "Mohamad Olly", "tips": {"count": 5}, "gender": "male", "lists": {"groups": [{"count": 2, "type": "created", "items": []}]}, "bio": ""}, {"id": "2685574", "photo": {"prefix": "https://igx.4sqi.net/img/user/", "suffix": "/QKWLHZVW3QS5EE2V.jpg"}, "homeCity": "Singapore", "contact": {"facebook": "1589381155", "twitter": "fellllly"}, "firstName": "felly", "tips": {"count": 0}, "gender": "female", "lastName": "za", "lists": {"groups": [{"count": 2, "type": "created", "items": []}]}, "bio": ""}, {"id": "6937537", "photo": {"prefix": "https://igx.4sqi.net/img/user/", "suffix": "/FMXRO5AI1Q5RFBAU.jpg"}, "homeCity": "Singapore", "contact": {"facebook": "1129954252", "twitter": "junejamal"}, "firstName": "june", "tips": {"count": 1}, "gender": "female", "lastName": "jamal", "lists": {"groups": [{"count": 2, "type": "created", "items": []}]}, "bio": ""}, {"id": "11897391", "photo": {"prefix": "https://igx.4sqi.net/img/user/", "suffix": "/U01RGN5RKILU2IFF.jpg"}, "homeCity": "Singapore", "contact": {"facebook": "1407413566"}, "firstName": "Noorazizah", "tips": {"count": 0}, "gender": "female", "lastName": "Rahman", "lists": {"groups": [{"count": 2, "type": "created", "items": []}]}, "bio": ""}, {"id": "4980190", "photo": {"prefix": "https://igx.4sqi.net/img/user/", "suffix": "/JOK1E0ENNGUAJPBS.jpg"}, "homeCity": "Yishun,Singapore", "contact": {"facebook": "1109707391"}, "firstName": "Ayie", "tips": {"count": 1}, "gender": "male", "lastName": "Addry", "lists": {"groups": [{"count": 2, "type": "created", "items": []}]}, "bio": ""}, {"id": "5088247", "photo": {"prefix": "https://igx.4sqi.net/img/user/", "suffix": "/MWJAHDIPPU45MPZA.jpg"}, "homeCity": "Singapore", "contact": {"facebook": "1074133835"}, "firstName": "Leela", "tips": {"count": 1}, "gender": "none", "lastName": "Chomel", "lists": {"groups": [{"count": 2, "type": "created", "items": []}]}, "bio": ""}, {"id": "3413361", "photo": {"prefix": "https://igx.4sqi.net/img/user/", "suffix": "/24CPLEZDROTTU52X.jpg"}, "homeCity": "Singapore", "contact": {"facebook": "643422310"}, "firstName": "deelahx", "tips": {"count": 0}, "gender": "female", "lastName": "dee", "lists": {"groups": [{"count": 2, "type": "created", "items": []}]}, "bio": ""}, {"id": "3076395", "photo": {"prefix": "https://igx.4sqi.net/img/user/", "suffix": "/YAURSUKCCZWNHGDI.jpg"}, "homeCity": "Singapore", "contact": {"facebook": "548834722"}, "firstName": "Fizah", "tips": {"count": 1}, "gender": "female", "lastName": "Jr", "lists": {"groups": [{"count": 2, "type": "created", "items": []}]}, "bio": ""}, {"id": "5125149", "photo": {"prefix": "https://igx.4sqi.net/img/user/", "suffix": "/CGVH4T0XHO4X3CVA.jpg"}, "homeCity": "Block 576 Woodlands Drive 16", "contact": {"facebook": "671315779"}, "firstName": "Raja", "tips": {"count": 0}, "gender": "male", "lastName": "Pandian", "lists": {"groups": [{"count": 2, "type": "created", "items": []}]}, "bio": ""}, {"id": "4005280", "photo": {"prefix": "https://igx.4sqi.net/img/user/", "default": true, "suffix": "/blank_girl.png"}, "homeCity": "Singapore", "contact": {}, "firstName": "Ghaibgerl", "tips": {"count": 0}, "gender": "female", "lastName": "Hamid", "lists": {"groups": [{"count": 2, "type": "created", "items": []}]}, "bio": ""}, {"id": "3263184", "photo": {"prefix": "https://igx.4sqi.net/img/user/", "suffix": "/TFEHNPICYISCUS4M.jpg"}, "homeCity": "Singapore", "contact": {"facebook": "696143101"}, "firstName": "Mariya", "tips": {"count": 2}, "gender": "female", "lastName": "Ahmad", "lists": {"groups": [{"count": 2, "type": "created", "items": []}]}, "bio": ""}, {"id": "3296643", "photo": {"prefix": "https://igx.4sqi.net/img/user/", "suffix": "/L44SFWEPQFGKPZJI.jpg"}, "homeCity": "Singapore", "contact": {}, "firstName": "Miryanti", "tips": {"count": 3}, "gender": "female", "lastName": "Azhar", "lists": {"groups": [{"count": 2, "type": "created", "items": []}]}, "bio": ""}, {"id": "3670211", "photo": {"prefix": "https://igx.4sqi.net/img/user/", "default": true, "suffix": "/blank_boy.png"}, "homeCity": "New York, NY", "contact": {}, "firstName": "Addy", "tips": {"count": 0}, "gender": "none", "lastName": "Olie", "lists": {"groups": [{"count": 2, "type": "created", "items": []}]}, "bio": ""}, {"id": "3965374", "photo": {"prefix": "https://igx.4sqi.net/img/user/", "suffix": "/IMCYPSZ03G34OXUT.jpg"}, "homeCity": "Johor Bahru, Malaysia", "contact": {"facebook": "562876364"}, "firstName": "Elicqa", "tips": {"count": 0}, "gender": "female", "lastName": "Shay Riley", "lists": {"groups": [{"count": 2, "type": "created", "items": []}]}, "bio": ""}, {"id": "6647636", "photo": {"prefix": "https://igx.4sqi.net/img/user/", "suffix": "/B2TDOU4ZFNGZ50Y1.jpg"}, "homeCity": "Johor Bahru, Malaysia", "contact": {"facebook": "100000010860689"}, "firstName": "Siti tunzillah", "tips": {"count": 0}, "gender": "female", "lastName": "Tunzillah", "lists": {"groups": [{"count": 2, "type": "created", "items": []}]}, "bio": ""}]}, "checksum": "1cd72158fd6b892c897b0a2a6d4668a8fe3eedc6"}}