{"notifications": [{"type": "notificationTray", "item": {"unreadCount": 0}}], "response": {"friends": {"items": [{"tips": {"count": 1}, "contact": {"facebook": "750589843"}, "firstName": "Andrew", "gender": "male", "lastName": "Lim", "id": "1809314", "bio": "", "photo": {"prefix": "https://igx.4sqi.net/img/user/", "suffix": "/4YDUT2IZNQQ3DWG5.jpg"}, "homeCity": "Singapore", "lists": {"groups": [{"items": [], "count": 2, "type": "created"}]}}, {"tips": {"count": 0}, "contact": {}, "firstName": "Sam", "gender": "male", "lastName": "T", "id": "1159363", "bio": "", "photo": {"prefix": "https://igx.4sqi.net/img/user/", "suffix": "/blank_boy.png", "default": true}, "homeCity": "Singapore", "lists": {"groups": [{"items": [], "count": 2, "type": "created"}]}}, {"tips": {"count": 1}, "contact": {"facebook": "646281414"}, "firstName": "Kian Ann", "gender": "none", "lastName": "Tan", "id": "1948900", "bio": "", "photo": {"prefix": "https://igx.4sqi.net/img/user/", "suffix": "/RCB1IIHLNV5044AM.jpg"}, "homeCity": "Singapore", "lists": {"groups": [{"items": [], "count": 2, "type": "created"}]}}, {"tips": {"count": 2}, "contact": {"twitter": "timothyyew", "facebook": "661907700"}, "firstName": "Timothy", "gender": "male", "lastName": "Yew", "id": "677605", "bio": "", "photo": {"prefix": "https://igx.4sqi.net/img/user/", "suffix": "/LZULLYPXO44WDHFR.jpg"}, "homeCity": "Bukit Merah, Singapore", "lists": {"groups": [{"items": [], "count": 2, "type": "created"}]}}, {"tips": {"count": 10}, "contact": {}, "firstName": "Adeline", "gender": "female", "lastName": "Raleigh", "id": "1573148", "bio": "", "photo": {"prefix": "https://igx.4sqi.net/img/user/", "suffix": "/01J2D0GZJRXJZOMC.jpg"}, "homeCity": "Sengkang, Singapore", "lists": {"groups": [{"items": [], "count": 2, "type": "created"}]}}, {"tips": {"count": 11}, "contact": {"facebook": "530032585"}, "firstName": "Jerral", "gender": "male", "lastName": "Cheong", "id": "2851923", "bio": "", "photo": {"prefix": "https://igx.4sqi.net/img/user/", "suffix": "/WQ03MPI0R0YHP02P.jpg"}, "homeCity": "Singapore", "lists": {"groups": [{"items": [], "count": 2, "type": "created"}]}}, {"tips": {"count": 19}, "contact": {}, "firstName": "Wolfgang", "gender": "male", "lastName": "Amadeus", "id": "1123120", "bio": "", "photo": {"prefix": "https://igx.4sqi.net/img/user/", "suffix": "/STBQSU1UVB1VOX2P.jpg"}, "homeCity": "Bukit Merah, Singapore", "lists": {"groups": [{"items": [], "count": 2, "type": "created"}]}}, {"tips": {"count": 24}, "contact": {"facebook": "753783461"}, "firstName": "Shi", "gender": "male", "lastName": "Heng Cheong", "id": "2013201", "bio": "", "photo": {"prefix": "https://igx.4sqi.net/img/user/", "suffix": "/PNXVHLZN5BEONOYF.jpg"}, "homeCity": "Singapore", "lists": {"groups": [{"items": [], "count": 2, "type": "created"}]}}, {"tips": {"count": 0}, "contact": {"facebook": "694351744"}, "firstName": "Melvin", "gender": "male", "lastName": "Chia", "id": "3880495", "bio": "", "photo": {"prefix": "https://igx.4sqi.net/img/user/", "suffix": "/IW2FKHFN3SSNZU0J.jpg"}, "homeCity": "Singapore", "lists": {"groups": [{"items": [], "count": 2, "type": "created"}]}}, {"tips": {"count": 1}, "contact": {"facebook": "665515142"}, "firstName": "Gabriel", "gender": "male", "lastName": "Choong", "id": "3374788", "bio": "", "photo": {"prefix": "https://igx.4sqi.net/img/user/", "suffix": "/QNXFDY3YXL0PEY1Y.jpg"}, "homeCity": "Singapore", "lists": {"groups": [{"items": [], "count": 2, "type": "created"}]}}, {"tips": {"count": 0}, "contact": {"facebook": "529876249"}, "firstName": "Danny", "gender": "male", "lastName": "Lee", "id": "3410463", "bio": "", "photo": {"prefix": "https://igx.4sqi.net/img/user/", "suffix": "/LFW3VQFDCYO1IECC.jpg"}, "homeCity": "Singapore", "lists": {"groups": [{"items": [], "count": 2, "type": "created"}]}}, {"tips": {"count": 1}, "contact": {"facebook": "716865207"}, "firstName": "Eric", "gender": "male", "lastName": "Goh", "id": "3491250", "bio": "", "photo": {"prefix": "https://igx.4sqi.net/img/user/", "suffix": "/TX1KNFROFKYZVANK.jpg"}, "homeCity": "Singapore", "lists": {"groups": [{"items": [], "count": 2, "type": "created"}]}}, {"tips": {"count": 5}, "contact": {"facebook": "1321607809"}, "firstName": "Alvin", "gender": "male", "lastName": "Tan", "id": "3565445", "bio": "", "photo": {"prefix": "https://igx.4sqi.net/img/user/", "suffix": "/LDNN4W4L5ADOOS1M.jpg"}, "homeCity": "Singapore", "lists": {"groups": [{"items": [], "count": 2, "type": "created"}]}}, {"tips": {"count": 0}, "contact": {}, "firstName": "Fabian", "gender": "male", "lastName": "Tan", "id": "3762188", "bio": "", "photo": {"prefix": "https://igx.4sqi.net/img/user/", "suffix": "/NLG4UAF53KTL40Q4.jpg"}, "homeCity": "Singapore", "lists": {"groups": [{"items": [], "count": 2, "type": "created"}]}}, {"tips": {"count": 0}, "contact": {"facebook": "100000697552313"}, "firstName": "Andy", "gender": "male", "lastName": "Low", "id": "3765263", "bio": "", "photo": {"prefix": "https://igx.4sqi.net/img/user/", "suffix": "/blank_boy.png", "default": true}, "homeCity": "Singapore", "lists": {"groups": [{"items": [], "count": 2, "type": "created"}]}}], "count": 15}, "checksum": "44bb397aeba0cde2d2d7059a03ad947e2db115f1"}, "meta": {"requestId": "5965da119fb6b77b934fb9e2", "code": 200}}