{"notifications": [{"type": "notificationTray", "item": {"unreadCount": 0}}], "meta": {"requestId": "5966d5b64c1f67578d20e4a7", "code": 200}, "response": {"friends": {"count": 21, "items": [{"id": "7299182", "photo": {"prefix": "https://igx.4sqi.net/img/user/", "suffix": "/QE2AOZVGAN0SQD3F.jpg"}, "homeCity": "Singapore", "contact": {"facebook": "100002186825571", "twitter": "jasonbigmachine"}, "firstName": "Jason", "tips": {"count": 17}, "gender": "male", "lastName": "Nah", "lists": {"groups": [{"count": 2, "type": "created", "items": []}]}, "bio": "Dude.\r\n \r\nwww.realfit.com.sg"}, {"id": "26154772", "photo": {"prefix": "https://igx.4sqi.net/img/user/", "default": true, "suffix": "/blank_girl.png"}, "homeCity": "New York, NY", "contact": {"facebook": "577720951"}, "firstName": "Ivy", "tips": {"count": 0}, "gender": "female", "lastName": "Ng", "lists": {"groups": [{"count": 2, "type": "created", "items": []}]}, "bio": ""}, {"id": "4248560", "photo": {"prefix": "https://igx.4sqi.net/img/user/", "default": true, "suffix": "/blank_girl.png"}, "homeCity": "Singapore", "contact": {}, "firstName": "Yvonne", "tips": {"count": 1}, "gender": "female", "lastName": "Goh", "lists": {"groups": [{"count": 2, "type": "created", "items": []}]}, "bio": ""}, {"id": "7859585", "photo": {"prefix": "https://igx.4sqi.net/img/user/", "suffix": "/7859585-JZGPBLTIOY5OMR3L.jpg"}, "homeCity": "\u4e0a\u6d77\u5e02, \u4e2d\u56fd", "contact": {"facebook": "727142790", "twitter": "philguo"}, "firstName": "Phil", "tips": {"count": 2}, "gender": "male", "lastName": "Guo", "lists": {"groups": [{"count": 2, "type": "created", "items": []}]}, "bio": ""}, {"id": "518906", "photo": {"prefix": "https://igx.4sqi.net/img/user/", "suffix": "/RBPETYOKYNZMWX2M.jpg"}, "homeCity": "Denver, Colorado", "contact": {"facebook": "692096999", "twitter": "tim_berry"}, "firstName": "Tim", "tips": {"count": 7}, "gender": "male", "lastName": "Berry", "lists": {"groups": [{"count": 2, "type": "created", "items": []}]}, "bio": "Mountain biker, cyclist & owner of a marketing agency, providing local, mobile, social, SEO, and online reputation management services to businesses."}, {"id": "1918888", "photo": {"prefix": "https://igx.4sqi.net/img/user/", "suffix": "/RBQ2CXTRZEJDZLKO.jpg"}, "homeCity": "Singapore", "contact": {"facebook": "530362349", "twitter": "ms_ley"}, "firstName": "Ashley", "tips": {"count": 65}, "gender": "female", "lastName": "Chen", "lists": {"groups": [{"count": 7, "type": "created", "items": []}]}, "bio": ""}, {"id": "185731", "photo": {"prefix": "https://igx.4sqi.net/img/user/", "suffix": "/ZVCNCA3I11KJHT4I.jpg"}, "homeCity": "Singapore", "contact": {"facebook": "720075782", "twitter": "simontay78"}, "firstName": "Simon", "tips": {"count": 5}, "gender": "male", "lastName": "Tay", "lists": {"groups": [{"count": 4, "type": "created", "items": []}]}, "bio": ""}, {"id": "643995", "photo": {"prefix": "https://igx.4sqi.net/img/user/", "suffix": "/Y1PSSJGRJ3JZK5JZ.jpg"}, "homeCity": "Singapore", "contact": {"facebook": "1828386089"}, "firstName": "Lawrence", "tips": {"count": 9}, "gender": "male", "lastName": "Chan", "lists": {"groups": [{"count": 3, "type": "created", "items": []}]}, "bio": "www.water-movement.com will change your life"}, {"id": "50252", "photo": {"prefix": "https://igx.4sqi.net/img/user/", "suffix": "/50252_1259979403368.jpg"}, "homeCity": "Singapore", "contact": {"facebook": "10153225028235312", "twitter": "geekonomics"}, "firstName": "Nicholas Aaron", "tips": {"count": 26}, "superuser": 1, "gender": "male", "lastName": "Khoo", "lists": {"groups": [{"count": 5, "type": "created", "items": []}]}, "bio": ""}, {"id": "940322", "photo": {"prefix": "https://igx.4sqi.net/img/user/", "suffix": "/CNMT3HTWK4B12SSJ.jpg"}, "homeCity": "Elgin, IL", "contact": {"facebook": "545277184", "twitter": "tracireuter"}, "firstName": "Traci", "tips": {"count": 0}, "gender": "female", "lastName": "Reuter", "lists": {"groups": [{"count": 2, "type": "created", "items": []}]}, "bio": ""}, {"id": "22848177", "photo": {"prefix": "https://igx.4sqi.net/img/user/", "suffix": "/B24SINTKQOR0IACZ.jpg"}, "homeCity": "New York, NY", "contact": {"facebook": "1507617771"}, "firstName": "Cassandra", "tips": {"count": 6}, "gender": "female", "lastName": "Tang", "lists": {"groups": [{"count": 2, "type": "created", "items": []}]}, "bio": ""}, {"id": "12675822", "photo": {"prefix": "https://igx.4sqi.net/img/user/", "suffix": "/GFOPQUMYYWGI2BPH.jpg"}, "homeCity": "Bogot\u00e1, Colombia", "contact": {"facebook": "538487106", "twitter": "feltricks"}, "firstName": "Felipe", "tips": {"count": 0}, "gender": "male", "lastName": "Leal", "lists": {"groups": [{"count": 2, "type": "created", "items": []}]}, "bio": ""}, {"id": "14882446", "photo": {"prefix": "https://igx.4sqi.net/img/user/", "suffix": "/14882446-WTHBCLWPBRBV4M0T.jpg"}, "homeCity": "Table Mountain", "contact": {"facebook": "582902426", "twitter": "fionalau03"}, "firstName": "Fiona L", "tips": {"count": 21}, "gender": "female", "lastName": "\ud53c\uc624\ub098", "lists": {"groups": [{"count": 3, "type": "created", "items": []}]}, "bio": ""}, {"id": "2347058", "photo": {"prefix": "https://igx.4sqi.net/img/user/", "suffix": "/E2CJA5IOVFBQZAJV.jpg"}, "homeCity": "Singapore", "contact": {"facebook": "1810508235"}, "firstName": "Jasmine", "tips": {"count": 1}, "gender": "female", "lastName": "Tan", "lists": {"groups": [{"count": 2, "type": "created", "items": []}]}, "bio": ""}, {"id": "295620", "photo": {"prefix": "https://igx.4sqi.net/img/user/", "default": true, "suffix": "/blank_girl.png"}, "homeCity": "Singapore", "contact": {}, "firstName": "Karen", "tips": {"count": 7}, "gender": "female", "lastName": "Chia", "lists": {"groups": [{"count": 2, "type": "created", "items": []}]}, "bio": ""}, {"id": "1014682", "photo": {"prefix": "https://igx.4sqi.net/img/user/", "suffix": "/BH2AVNHBXHZ24NR1.png"}, "homeCity": "Eden Prairie, MN", "contact": {"facebook": "865685327", "twitter": "ericworre"}, "firstName": "Eric", "tips": {"count": 0}, "gender": "male", "lastName": "Worre", "lists": {"groups": [{"count": 2, "type": "created", "items": []}]}, "bio": ""}, {"id": "39923760", "photo": {"prefix": "https://igx.4sqi.net/img/user/", "suffix": "/QUYBUNK5SY2QIXNA.jpg"}, "homeCity": "Singapore", "contact": {}, "firstName": "Adrian", "tips": {"count": 0}, "gender": "male", "lastName": "Lee", "lists": {"groups": [{"count": 2, "type": "created", "items": []}]}, "bio": ""}, {"id": "1660431", "photo": {"prefix": "https://igx.4sqi.net/img/user/", "suffix": "/OEV5TTVVRDAERS1S.jpg"}, "homeCity": "Petaling Jaya, Malaysia", "contact": {"twitter": "jamieloh"}, "firstName": "Jamie", "tips": {"count": 7}, "gender": "female", "lastName": "Loh", "lists": {"groups": [{"count": 2, "type": "created", "items": []}]}, "bio": ""}, {"id": "1707976", "photo": {"prefix": "https://igx.4sqi.net/img/user/", "suffix": "/Z10ZQEGS0OBOJSAG.jpg"}, "homeCity": "Singapore", "contact": {"facebook": "803934469"}, "firstName": "Ethan", "tips": {"count": 5}, "gender": "male", "lastName": "Chan", "lists": {"groups": [{"count": 2, "type": "created", "items": []}]}, "bio": ""}, {"id": "3702832", "photo": {"prefix": "https://igx.4sqi.net/img/user/", "suffix": "/YES0YGZ2IXKGC4H0.jpg"}, "homeCity": "Singapore", "contact": {"facebook": "706270958"}, "firstName": "May", "tips": {"count": 0}, "gender": "female", "lastName": "B", "lists": {"groups": [{"count": 2, "type": "created", "items": []}]}, "bio": ""}, {"id": "14912817", "photo": {"prefix": "https://igx.4sqi.net/img/user/", "suffix": "/DQHYTLBVNJVKVEED.jpg"}, "homeCity": "San Jose, CA", "contact": {"facebook": "511981557"}, "firstName": "Vickie", "tips": {"count": 40}, "gender": "female", "lastName": "Chandler", "lists": {"groups": [{"count": 2, "type": "created", "items": []}]}, "bio": ""}]}, "checksum": "cd8bdc9036b47cc95ba4fb0446dfeb72ded355dd"}}