{"notifications": [{"type": "notificationTray", "item": {"unreadCount": 0}}], "response": {"friends": {"items": [{"tips": {"count": 2}, "contact": {"facebook": "524207154"}, "firstName": "Kelvin", "gender": "male", "id": "3655380", "bio": "", "photo": {"prefix": "https://igx.4sqi.net/img/user/", "suffix": "/EEX3KTTNUUFFSSZW.jpg"}, "homeCity": "Singapore", "lists": {"groups": [{"items": [], "count": 2, "type": "created"}]}}, {"tips": {"count": 0}, "contact": {}, "firstName": "Denise", "gender": "female", "lastName": "Yang", "id": "1163573", "bio": "", "photo": {"prefix": "https://igx.4sqi.net/img/user/", "suffix": "/LKJYI4YEI1IIBM3I.jpg"}, "homeCity": "Singapore", "lists": {"groups": [{"items": [], "count": 2, "type": "created"}]}}, {"tips": {"count": 4}, "contact": {"twitter": "mikolovecoco", "facebook": "620482170"}, "firstName": "Miko", "gender": "female", "lastName": "Ong", "id": "3627352", "bio": "", "photo": {"prefix": "https://igx.4sqi.net/img/user/", "suffix": "/D43TL2BU0NWENYV3.jpg"}, "homeCity": "Singapore", "lists": {"groups": [{"items": [], "count": 2, "type": "created"}]}}, {"tips": {"count": 50}, "contact": {"twitter": "daphnemaia", "facebook": "590335708"}, "firstName": "Daphne Maia", "gender": "female", "lastName": "Loo", "id": "129416", "bio": "Coffee \u2022 Powerlifting \u2022 @fortitudegym \u2022 \r\nDigital Marketing \u2022 Writer \u2022 Introvert \u2022", "photo": {"prefix": "https://igx.4sqi.net/img/user/", "suffix": "/129416-CE2O03KIZRMARIQW.jpg"}, "homeCity": "Singapore", "lists": {"groups": [{"items": [], "count": 6, "type": "created"}]}}, {"tips": {"count": 2}, "contact": {}, "firstName": "Dion", "gender": "female", "lastName": "Tan", "id": "3683954", "bio": "", "photo": {"prefix": "https://igx.4sqi.net/img/user/", "suffix": "/QSYYIUEMRDH25M2V.jpg"}, "homeCity": "New York, NY", "lists": {"groups": [{"items": [], "count": 2, "type": "created"}]}}, {"tips": {"count": 1}, "contact": {"twitter": "pearlynps"}, "firstName": "Pearlyn", "gender": "female", "lastName": "Teo", "id": "3391647", "bio": "", "photo": {"prefix": "https://igx.4sqi.net/img/user/", "suffix": "/24BUA5NXNHRJ23F2.jpg"}, "homeCity": "Singapore", "lists": {"groups": [{"items": [], "count": 2, "type": "created"}]}}, {"tips": {"count": 1}, "contact": {"facebook": "1325649000"}, "firstName": "Dennis", "gender": "male", "lastName": "Soh", "id": "13455416", "bio": "", "photo": {"prefix": "https://igx.4sqi.net/img/user/", "suffix": "/blank_boy.png", "default": true}, "homeCity": "Singapore", "lists": {"groups": [{"items": [], "count": 2, "type": "created"}]}}, {"tips": {"count": 9}, "contact": {"facebook": "1444036676"}, "firstName": "Charlston", "gender": "none", "id": "5421295", "bio": "", "photo": {"prefix": "https://igx.4sqi.net/img/user/", "suffix": "/ZSFIT3IF1EMVSPK0.jpg"}, "homeCity": "Singapore", "lists": {"groups": [{"items": [], "count": 2, "type": "created"}]}}], "count": 8}, "checksum": "917cde7ddb88ddec9832c07edf9aa8961db08f65"}, "meta": {"requestId": "5965beccf594df3c3fad56d1", "code": 200}}