{"notifications": [{"type": "notificationTray", "item": {"unreadCount": 0}}], "response": {"friends": {"items": [{"tips": {"count": 0}, "contact": {}, "firstName": "vidoze", "gender": "male", "id": "567603", "bio": "", "photo": {"prefix": "https://igx.4sqi.net/img/user/", "suffix": "/U5P4NDANMIMBY3Q4.jpg"}, "homeCity": "Singapore", "lists": {"groups": [{"items": [], "count": 2, "type": "created"}]}}, {"tips": {"count": 0}, "contact": {}, "firstName": "Kenji", "gender": "male", "lastName": "Hiruma", "id": "4970880", "bio": "", "photo": {"prefix": "https://igx.4sqi.net/img/user/", "suffix": "/VM30GYO34KVL1BWF.jpg"}, "homeCity": "Singapore", "lists": {"groups": [{"items": [], "count": 2, "type": "created"}]}}, {"tips": {"count": 9}, "contact": {"twitter": "weihoee", "facebook": "524630304"}, "firstName": "Ow Weihoe", "gender": "male", "lastName": "Weihoe", "id": "4325224", "bio": "", "photo": {"prefix": "https://igx.4sqi.net/img/user/", "suffix": "/Q4MDVLNN0BVW3O3L.jpg"}, "homeCity": "Singapore", "lists": {"groups": [{"items": [], "count": 2, "type": "created"}]}}, {"tips": {"count": 12}, "contact": {"twitter": "badassprovider", "facebook": "549754244"}, "firstName": "Tyler", "gender": "male", "lastName": "Santos", "id": "4524752", "bio": "", "photo": {"prefix": "https://igx.4sqi.net/img/user/", "suffix": "/KAKIAHY3WUCBSVYJ.jpg"}, "homeCity": "Singapore", "lists": {"groups": [{"items": [], "count": 2, "type": "created"}]}}, {"tips": {"count": 1}, "contact": {"facebook": "754989472"}, "firstName": "James", "gender": "male", "lastName": "Lam", "id": "369668", "bio": "", "photo": {"prefix": "https://igx.4sqi.net/img/user/", "suffix": "/blank_boy.png", "default": true}, "homeCity": "Singapore", "lists": {"groups": [{"items": [], "count": 2, "type": "created"}]}}, {"tips": {"count": 0}, "contact": {}, "firstName": "Desmond", "gender": "male", "lastName": "Foo", "id": "3771185", "bio": "", "photo": {"prefix": "https://igx.4sqi.net/img/user/", "suffix": "/DWRQ5OJIMHPAXFED.jpg"}, "homeCity": "Singapore", "lists": {"groups": [{"items": [], "count": 2, "type": "created"}]}}, {"tips": {"count": 0}, "contact": {"facebook": "100000313026391"}, "firstName": "Fabz", "gender": "male", "lastName": "Lee", "id": "4416327", "bio": "", "photo": {"prefix": "https://igx.4sqi.net/img/user/", "suffix": "/FLJ53FJYSD1B1ZVO.jpg"}, "homeCity": "SG,singapore", "lists": {"groups": [{"items": [], "count": 2, "type": "created"}]}}, {"tips": {"count": 1}, "contact": {"facebook": "667690603"}, "firstName": "Adrian ong", "gender": "male", "id": "4290632", "bio": "", "photo": {"prefix": "https://igx.4sqi.net/img/user/", "suffix": "/WPDNMIXXTIED1SIR.jpg"}, "homeCity": "Singapore", "lists": {"groups": [{"items": [], "count": 2, "type": "created"}]}}, {"tips": {"count": 0}, "contact": {"twitter": "bu88l3kid", "facebook": "574716101"}, "firstName": "Adrian", "gender": "male", "lastName": "Hui", "id": "1435609", "bio": "", "photo": {"prefix": "https://igx.4sqi.net/img/user/", "suffix": "/YFYRYXTI5GUL4AIQ.jpg"}, "homeCity": "Singapore", "lists": {"groups": [{"items": [], "count": 2, "type": "created"}]}}, {"tips": {"count": 0}, "contact": {}, "firstName": "Ang", "gender": "female", "lastName": "Veron", "id": "5457877", "bio": "", "photo": {"prefix": "https://igx.4sqi.net/img/user/", "suffix": "/OCFMGTONXK3XBHTR.jpg"}, "homeCity": "New York, NY", "lists": {"groups": [{"items": [], "count": 2, "type": "created"}]}}, {"tips": {"count": 156}, "contact": {}, "firstName": "Matthew", "gender": "male", "lastName": "Mark Aloysious", "id": "1860260", "bio": "Fun loving, meeting new people, enjoy foods and exchanging conversations with all walks of life.", "photo": {"prefix": "https://igx.4sqi.net/img/user/", "suffix": "/1860260-UE5J2G2EQ5FSZIVH.jpg"}, "homeCity": "Singapore", "lists": {"groups": [{"items": [], "count": 6, "type": "created"}]}}, {"tips": {"count": 1}, "contact": {"facebook": "658340554"}, "firstName": "Welfred chong", "gender": "male", "id": "5172885", "bio": "", "photo": {"prefix": "https://igx.4sqi.net/img/user/", "suffix": "/QYJJHDLLCVXTEWEF.jpg"}, "homeCity": "Kota Kinabalu, Malaysia", "lists": {"groups": [{"items": [], "count": 2, "type": "created"}]}}, {"tips": {"count": 2}, "contact": {"facebook": "100000809776087"}, "firstName": "yummilicious", "gender": "male", "lastName": "chocolatas", "id": "2488186", "bio": "", "photo": {"prefix": "https://igx.4sqi.net/img/user/", "suffix": "/CP5YZKJNGNWH22EW.jpg"}, "homeCity": "Singapore", "lists": {"groups": [{"items": [], "count": 4, "type": "created"}]}}, {"tips": {"count": 5}, "contact": {"twitter": "lesterolf", "facebook": "756184154"}, "firstName": "Rolf Lester", "gender": "male", "lastName": "Cubillan", "id": "4099865", "bio": "", "photo": {"prefix": "https://igx.4sqi.net/img/user/", "suffix": "/DDHWMXMRQAXVWY24.jpg"}, "homeCity": "Singapore", "lists": {"groups": [{"items": [], "count": 2, "type": "created"}]}}, {"tips": {"count": 43}, "contact": {}, "firstName": "The R", "gender": "male", "id": "1078948", "bio": "", "photo": {"prefix": "https://igx.4sqi.net/img/user/", "suffix": "/LSJHFI2B3Y5C4A44.jpg"}, "homeCity": "Singapore", "lists": {"groups": [{"items": [], "count": 2, "type": "created"}]}}, {"tips": {"count": 2}, "contact": {"twitter": "sodramaqueen", "facebook": "632262471"}, "firstName": "liangliang", "gender": "female", "lastName": "Joanne", "id": "1564061", "bio": "", "photo": {"prefix": "https://igx.4sqi.net/img/user/", "suffix": "/NDRKUIUDNZX0GRGH.jpg"}, "homeCity": "Singapore", "lists": {"groups": [{"items": [], "count": 2, "type": "created"}]}}, {"tips": {"count": 0}, "contact": {"facebook": "611219198"}, "firstName": "Benny", "gender": "male", "lastName": "Tan", "id": "4211952", "bio": "", "photo": {"prefix": "https://igx.4sqi.net/img/user/", "suffix": "/MXCLVIUPWC3EPMVV.jpg"}, "homeCity": "Singapore", "lists": {"groups": [{"items": [], "count": 2, "type": "created"}]}}, {"tips": {"count": 3}, "contact": {"facebook": "734322180"}, "firstName": "Andy", "gender": "male", "lastName": "Yip", "id": "2471767", "bio": "", "photo": {"prefix": "https://igx.4sqi.net/img/user/", "suffix": "/2471767-HNFLGZ5FLJDX4SUR.jpg"}, "homeCity": "Perth, Australia", "lists": {"groups": [{"items": [], "count": 2, "type": "created"}]}}, {"tips": {"count": 1}, "contact": {"facebook": "796914965"}, "firstName": "Raymond", "gender": "male", "lastName": "Soh", "id": "3041639", "bio": "", "photo": {"prefix": "https://igx.4sqi.net/img/user/", "suffix": "/PBT2WCMHDPULNFHM.jpg"}, "homeCity": "Singapore", "lists": {"groups": [{"items": [], "count": 2, "type": "created"}]}}, {"tips": {"count": 2}, "contact": {"twitter": "lucretius", "facebook": "707956614"}, "firstName": "Lucretius", "gender": "male", "lastName": "\ub8e8 \ud0a4 \ucc98 \uc2a4", "id": "170980", "bio": "What would you attempt to do if you know you could not fail ?", "photo": {"prefix": "https://igx.4sqi.net/img/user/", "suffix": "/L1IX01TP2Y1RFGIF.jpg"}, "homeCity": "Singapore", "lists": {"groups": [{"items": [], "count": 2, "type": "created"}]}}, {"tips": {"count": 0}, "contact": {"facebook": "674644857"}, "firstName": "Janet", "gender": "female", "lastName": "Lee", "id": "4335033", "bio": "", "photo": {"prefix": "https://igx.4sqi.net/img/user/", "suffix": "/PYI0UNUT5N5PIWZJ.jpg"}, "homeCity": "Singapore", "lists": {"groups": [{"items": [], "count": 2, "type": "created"}]}}, {"tips": {"count": 0}, "contact": {}, "firstName": "Eden", "gender": "male", "lastName": "Tan", "id": "5146169", "bio": "", "photo": {"prefix": "https://igx.4sqi.net/img/user/", "suffix": "/NT5UE0BSS3VSCFQU.jpg"}, "homeCity": "Singapore", "lists": {"groups": [{"items": [], "count": 2, "type": "created"}]}}, {"tips": {"count": 1}, "contact": {"facebook": "769719251"}, "firstName": "Wendy", "gender": "female", "lastName": "Xie", "id": "5629490", "bio": "", "photo": {"prefix": "https://igx.4sqi.net/img/user/", "suffix": "/ADDSINIVPV0NQBWI.jpg"}, "homeCity": "Singapore", "lists": {"groups": [{"items": [], "count": 2, "type": "created"}]}}, {"tips": {"count": 0}, "contact": {}, "firstName": "Neo", "gender": "male", "lastName": "Evaband", "id": "5637859", "bio": "", "photo": {"prefix": "https://igx.4sqi.net/img/user/", "suffix": "/GH1RMCOYLHRKBUIR.jpg"}, "homeCity": "\u0e2a\u0e33\u0e19\u0e31\u0e01\u0e02\u0e32\u0e21, \u0e1b\u0e23\u0e30\u0e40\u0e17\u0e28\u0e44\u0e17\u0e22", "lists": {"groups": [{"items": [], "count": 2, "type": "created"}]}}, {"tips": {"count": 5}, "contact": {}, "firstName": "Kenneth", "gender": "male", "lastName": "Tang", "id": "1934726", "bio": "", "photo": {"prefix": "https://igx.4sqi.net/img/user/", "suffix": "/0QH3LEKOR3GMIT5N.jpg"}, "homeCity": "Bukit Merah, Singapore", "lists": {"groups": [{"items": [], "count": 2, "type": "created"}]}}, {"tips": {"count": 198}, "contact": {}, "firstName": "\ue10e Constantine \ue11c\u2122", "gender": "none", "id": "2914234", "bio": "", "photo": {"prefix": "https://igx.4sqi.net/img/user/", "suffix": "/GZR4FTUBFDZWUTPX.jpg"}, "homeCity": "Singapore", "lists": {"groups": [{"items": [], "count": 2, "type": "created"}]}}, {"tips": {"count": 0}, "contact": {"facebook": "626008660"}, "firstName": "Michelle", "gender": "female", "lastName": "Zhuo", "id": "4184217", "bio": "", "photo": {"prefix": "https://igx.4sqi.net/img/user/", "suffix": "/LMOI53JYNLJNBY55.jpg"}, "homeCity": "Singapore", "lists": {"groups": [{"items": [], "count": 2, "type": "created"}]}}, {"tips": {"count": 0}, "contact": {"twitter": "jasminlau", "facebook": "655183062"}, "firstName": "Jasmine", "gender": "female", "id": "3783090", "bio": "", "photo": {"prefix": "https://igx.4sqi.net/img/user/", "suffix": "/4IA4IDENGWWTLTVF.jpg"}, "homeCity": "Singapore", "lists": {"groups": [{"items": [], "count": 2, "type": "created"}]}}, {"tips": {"count": 0}, "contact": {"facebook": "1161010685"}, "firstName": "Melvin", "gender": "male", "lastName": "Chan", "id": "3347382", "bio": "", "photo": {"prefix": "https://igx.4sqi.net/img/user/", "suffix": "/OMTQA1GF55RV2QGY.jpg"}, "homeCity": "Singapore", "lists": {"groups": [{"items": [], "count": 2, "type": "created"}]}}, {"tips": {"count": 0}, "contact": {}, "firstName": "Nelson", "gender": "male", "lastName": "Cheong", "id": "4222679", "bio": "Make the best of it\ud83d\udc4f\ud83d\ude0a\ud83d\udc4d", "photo": {"prefix": "https://igx.4sqi.net/img/user/", "suffix": "/4222679-NXDCS5CIQWTR3SCF.jpg"}, "homeCity": "Singapore Hougang ", "lists": {"groups": [{"items": [], "count": 2, "type": "created"}]}}, {"tips": {"count": 1}, "contact": {"facebook": "812020102"}, "firstName": "Wuming", "gender": "male", "lastName": "Kelvin", "id": "3368928", "bio": "", "photo": {"prefix": "https://igx.4sqi.net/img/user/", "suffix": "/34SOPGTTZXO3SFWY.jpg"}, "homeCity": "Singapore", "lists": {"groups": [{"items": [], "count": 2, "type": "created"}]}}, {"tips": {"count": 1}, "contact": {}, "firstName": "Junior", "gender": "male", "lastName": "Ang", "id": "3045113", "bio": "", "photo": {"prefix": "https://igx.4sqi.net/img/user/", "suffix": "/blank_boy.png", "default": true}, "homeCity": "Singapore", "lists": {"groups": [{"items": [], "count": 2, "type": "created"}]}}, {"tips": {"count": 0}, "contact": {}, "firstName": "Eric", "gender": "male", "lastName": "Ng", "id": "4350460", "bio": "", "photo": {"prefix": "https://igx.4sqi.net/img/user/", "suffix": "/PZTHNWHCZ34PA2B3.jpg"}, "homeCity": "Singapore", "lists": {"groups": [{"items": [], "count": 2, "type": "created"}]}}, {"tips": {"count": 0}, "contact": {"facebook": "1526290425"}, "firstName": "Tobtab", "gender": "male", "lastName": "Tobtab", "id": "5150371", "bio": "", "photo": {"prefix": "https://igx.4sqi.net/img/user/", "suffix": "/I2ONFIBBQ1FZP3ZN.jpg"}, "homeCity": "Bangkok,Thailand", "lists": {"groups": [{"items": [], "count": 2, "type": "created"}]}}, {"tips": {"count": 0}, "contact": {"facebook": "100001850797856"}, "firstName": "Zest", "gender": "male", "lastName": "Zee", "id": "5667732", "bio": "", "photo": {"prefix": "https://igx.4sqi.net/img/user/", "suffix": "/0ENBD431ERBUXKQY.jpg"}, "homeCity": "Singapore", "lists": {"groups": [{"items": [], "count": 2, "type": "created"}]}}, {"tips": {"count": 0}, "contact": {"facebook": "513333306"}, "firstName": "Sean", "gender": "male", "lastName": "Ang", "id": "2351643", "bio": "", "photo": {"prefix": "https://igx.4sqi.net/img/user/", "suffix": "/0ZN00WPZRH1RKT42.jpg"}, "homeCity": "Singapore", "lists": {"groups": [{"items": [], "count": 2, "type": "created"}]}}, {"tips": {"count": 0}, "contact": {}, "firstName": "Michelle", "gender": "female", "lastName": "Zhui", "id": "3054171", "bio": "", "photo": {"prefix": "https://igx.4sqi.net/img/user/", "suffix": "/1RVENBHJX1K1QEJV.jpg"}, "homeCity": "Singapore", "lists": {"groups": [{"items": [], "count": 2, "type": "created"}]}}, {"tips": {"count": 0}, "contact": {}, "firstName": "Yiyong", "gender": "male", "lastName": "Sng", "id": "5026336", "bio": "", "photo": {"prefix": "https://igx.4sqi.net/img/user/", "suffix": "/5SKXZYSVYE4XLGW2.jpg"}, "homeCity": "Singapore", "lists": {"groups": [{"items": [], "count": 2, "type": "created"}]}}, {"tips": {"count": 0}, "contact": {}, "firstName": "XiAoP", "gender": "female", "lastName": "HuaNg", "id": "4590444", "bio": "", "photo": {"prefix": "https://igx.4sqi.net/img/user/", "suffix": "/UUNRRDVAMKN0YWGQ.jpg"}, "homeCity": "Singapore", "lists": {"groups": [{"items": [], "count": 2, "type": "created"}]}}, {"tips": {"count": 1}, "contact": {}, "firstName": "Ken", "gender": "male", "lastName": "Tang", "id": "3564841", "bio": "", "photo": {"prefix": "https://igx.4sqi.net/img/user/", "suffix": "/blank_boy.png", "default": true}, "homeCity": "Singapore", "lists": {"groups": [{"items": [], "count": 2, "type": "created"}]}}, {"tips": {"count": 1}, "contact": {"facebook": "687561447"}, "firstName": "Kunkun", "gender": "female", "lastName": "Kunnie", "id": "3045174", "bio": "", "photo": {"prefix": "https://igx.4sqi.net/img/user/", "suffix": "/IZCQBYEQB3TEM4KO.jpg"}, "homeCity": "Singapore", "lists": {"groups": [{"items": [], "count": 2, "type": "created"}]}}, {"tips": {"count": 0}, "contact": {"facebook": "647852270"}, "firstName": "Teo", "gender": "male", "lastName": "Benson", "id": "4365814", "bio": "", "photo": {"prefix": "https://igx.4sqi.net/img/user/", "suffix": "/blank_boy.png", "default": true}, "homeCity": "Unnamed Location", "lists": {"groups": [{"items": [], "count": 2, "type": "created"}]}}, {"tips": {"count": 0}, "contact": {}, "firstName": "Huddath", "gender": "female", "lastName": "Lee", "id": "6104407", "bio": "", "photo": {"prefix": "https://igx.4sqi.net/img/user/", "suffix": "/5AGHVJ0DG2QGSUFM.jpg"}, "homeCity": "New York, NY", "lists": {"groups": [{"items": [], "count": 2, "type": "created"}]}}, {"tips": {"count": 2}, "contact": {}, "firstName": "Rickson", "gender": "male", "id": "2471355", "bio": "", "photo": {"prefix": "https://igx.4sqi.net/img/user/", "suffix": "/CSR3Y1VNUIQOCDFM.jpg"}, "homeCity": "Singapore", "lists": {"groups": [{"items": [], "count": 2, "type": "created"}]}}, {"tips": {"count": 3}, "contact": {}, "firstName": "Wei Hin", "gender": "male", "lastName": "Tan", "id": "3159861", "bio": "", "photo": {"prefix": "https://igx.4sqi.net/img/user/", "suffix": "/R5D5QOGUO3LVY4HM.jpg"}, "homeCity": "Singapore", "lists": {"groups": [{"items": [], "count": 2, "type": "created"}]}}, {"tips": {"count": 0}, "contact": {"facebook": "569091267"}, "firstName": "Wilfred", "gender": "male", "lastName": "Lee", "id": "5039357", "bio": "", "photo": {"prefix": "https://igx.4sqi.net/img/user/", "suffix": "/AZUES1HJVK2IFA5J.jpg"}, "homeCity": "Singapore", "lists": {"groups": [{"items": [], "count": 2, "type": "created"}]}}, {"tips": {"count": 0}, "contact": {}, "firstName": "Joe", "gender": "male", "lastName": "Santiago", "id": "5414253", "bio": "", "photo": {"prefix": "https://igx.4sqi.net/img/user/", "suffix": "/MATKWNLJZUYALCA0.jpg"}, "homeCity": "Kota Kinabalu, Malaysia", "lists": {"groups": [{"items": [], "count": 2, "type": "created"}]}}, {"tips": {"count": 0}, "contact": {}, "firstName": "Luis", "gender": "male", "lastName": "Lau", "id": "3611452", "bio": "", "photo": {"prefix": "https://igx.4sqi.net/img/user/", "suffix": "/F1CLA51OLR5OOGND.jpg"}, "homeCity": "Singapore", "lists": {"groups": [{"items": [], "count": 2, "type": "created"}]}}, {"tips": {"count": 1}, "contact": {"facebook": "576127738"}, "firstName": "hao", "gender": "male", "id": "3077633", "bio": "", "photo": {"prefix": "https://igx.4sqi.net/img/user/", "suffix": "/VYX2XGQWJBXSMDQA.jpg"}, "homeCity": "Bukit Merah, Singapore", "lists": {"groups": [{"items": [], "count": 2, "type": "created"}]}}, {"tips": {"count": 0}, "contact": {}, "firstName": "Andy", "gender": "male", "lastName": "Er", "id": "4371393", "bio": "", "photo": {"prefix": "https://igx.4sqi.net/img/user/", "suffix": "/JMFAEBXVC3VAFWLE.jpg"}, "homeCity": "Unnamed Location", "lists": {"groups": [{"items": [], "count": 2, "type": "created"}]}}, {"tips": {"count": 0}, "contact": {}, "firstName": "Gilbert", "gender": "male", "lastName": "Tan", "id": "6157724", "bio": "", "photo": {"prefix": "https://igx.4sqi.net/img/user/", "suffix": "/blank_boy.png", "default": true}, "homeCity": "Singapore", "lists": {"groups": [{"items": [], "count": 2, "type": "created"}]}}, {"tips": {"count": 0}, "contact": {"facebook": "573422920"}, "firstName": "Zen", "gender": "male", "lastName": "Tay", "id": "2765529", "bio": "", "photo": {"prefix": "https://igx.4sqi.net/img/user/", "suffix": "/PE4BXSREAD0YDNEA.jpg"}, "homeCity": "Toa Payoh, Singapore", "lists": {"groups": [{"items": [], "count": 2, "type": "created"}]}}, {"tips": {"count": 1}, "contact": {}, "firstName": "Kelvin", "gender": "male", "lastName": "Kelvin", "id": "3162154", "bio": "", "photo": {"prefix": "https://igx.4sqi.net/img/user/", "suffix": "/NUCZ4E5A3HPMCQC0.jpg"}, "homeCity": "Singapore", "lists": {"groups": [{"items": [], "count": 2, "type": "created"}]}}, {"tips": {"count": 11}, "contact": {"twitter": "kc_ng", "facebook": "733430457"}, "firstName": "K.C.", "gender": "male", "lastName": "Ng", "id": "3711429", "bio": "", "photo": {"prefix": "https://igx.4sqi.net/img/user/", "suffix": "/GYSOFINNHFXP5YQ5.jpg"}, "homeCity": "Singapore", "lists": {"groups": [{"items": [], "count": 2, "type": "created"}]}}, {"tips": {"count": 0}, "contact": {"facebook": "538468563"}, "firstName": "Ronnie", "gender": "male", "lastName": "Lee", "id": "3263746", "bio": "", "photo": {"prefix": "https://igx.4sqi.net/img/user/", "suffix": "/30YOBLWSGRKPPP4W.jpg"}, "homeCity": "Singapore", "lists": {"groups": [{"items": [], "count": 2, "type": "created"}]}}, {"tips": {"count": 0}, "contact": {}, "firstName": "Dominic", "gender": "none", "lastName": "Neo", "id": "6228050", "bio": "", "photo": {"prefix": "https://igx.4sqi.net/img/user/", "suffix": "/PS0SZAOKOLQCCSBZ.jpg"}, "homeCity": "Singapore", "lists": {"groups": [{"items": [], "count": 2, "type": "created"}]}}, {"tips": {"count": 0}, "contact": {}, "firstName": "Fendi", "gender": "female", "lastName": "Lim", "id": "6160999", "bio": "", "photo": {"prefix": "https://igx.4sqi.net/img/user/", "suffix": "/OKUBLXV3NZ3KJJ5V.jpg"}, "homeCity": "New York, NY", "lists": {"groups": [{"items": [], "count": 2, "type": "created"}]}}, {"tips": {"count": 3}, "contact": {"twitter": "anesern", "facebook": "692097735"}, "firstName": "anesern", "gender": "female", "lastName": "kwong", "id": "3359597", "bio": "", "photo": {"prefix": "https://igx.4sqi.net/img/user/", "suffix": "/XLVU1XBZ525UTZOY.jpg"}, "homeCity": "Singapore", "lists": {"groups": [{"items": [], "count": 2, "type": "created"}]}}, {"tips": {"count": 0}, "contact": {"facebook": "526147739"}, "firstName": "Shawn", "gender": "male", "lastName": "Yen", "id": "3537016", "bio": "", "photo": {"prefix": "https://igx.4sqi.net/img/user/", "suffix": "/WTUNOUSD4L1Q0JEL.jpg"}, "homeCity": "Singapore", "lists": {"groups": [{"items": [], "count": 2, "type": "created"}]}}, {"tips": {"count": 0}, "contact": {}, "firstName": "Cheryl", "gender": "female", "lastName": "Lim Shiam Ngo", "id": "3757287", "bio": "", "photo": {"prefix": "https://igx.4sqi.net/img/user/", "suffix": "/3CKRFFMLKOEPH0KU.jpg"}, "homeCity": "Singapore ", "lists": {"groups": [{"items": [], "count": 2, "type": "created"}]}}, {"tips": {"count": 0}, "contact": {"twitter": "geraldinetoh", "facebook": "10153331375553264"}, "firstName": "Geraldine", "gender": "female", "lastName": "Toh", "id": "3297277", "bio": "", "photo": {"prefix": "https://igx.4sqi.net/img/user/", "suffix": "/3297277-LLO5DYS3OCLP4YT2.jpg"}, "homeCity": "Singapore", "lists": {"groups": [{"items": [], "count": 3, "type": "created"}]}}, {"tips": {"count": 0}, "contact": {}, "firstName": "Pamela", "gender": "none", "lastName": "Goh", "id": "6297853", "bio": "", "photo": {"prefix": "https://igx.4sqi.net/img/user/", "suffix": "/A2EOD1XJ1N4XW1QA.jpg"}, "homeCity": "Singapore", "lists": {"groups": [{"items": [], "count": 2, "type": "created"}]}}, {"tips": {"count": 0}, "contact": {"facebook": "740326288"}, "firstName": "KEEVIN", "gender": "male", "id": "4900437", "bio": "", "photo": {"prefix": "https://igx.4sqi.net/img/user/", "suffix": "/YYOU5BW0RMFV5QN4.jpg"}, "homeCity": "Kajang", "lists": {"groups": [{"items": [], "count": 2, "type": "created"}]}}, {"tips": {"count": 10}, "contact": {"twitter": "08windgod80", "facebook": "774530359"}, "firstName": "\ue443\u98a8\u795e\ue443", "gender": "male", "id": "3838815", "bio": "", "photo": {"prefix": "https://igx.4sqi.net/img/user/", "suffix": "/3LIRKBPXUHQ1UPWR.jpg"}, "homeCity": "Singapore", "lists": {"groups": [{"items": [], "count": 2, "type": "created"}]}}, {"tips": {"count": 0}, "contact": {"facebook": "676653935"}, "firstName": "Jean", "gender": "female", "lastName": "Chen", "id": "3760329", "bio": "", "photo": {"prefix": "https://igx.4sqi.net/img/user/", "suffix": "/ZJQTA0A1QLMQ0YD0.jpg"}, "homeCity": "Singapore", "lists": {"groups": [{"items": [], "count": 2, "type": "created"}]}}, {"tips": {"count": 1}, "contact": {"facebook": "581940225"}, "firstName": "Leow", "gender": "female", "lastName": "Clarissa", "id": "3880245", "bio": "", "photo": {"prefix": "https://igx.4sqi.net/img/user/", "suffix": "/NLNP3Y2G52RUZPAJ.jpg"}, "homeCity": "Singapore", "lists": {"groups": [{"items": [], "count": 2, "type": "created"}]}}, {"tips": {"count": 0}, "contact": {}, "firstName": "Peter", "gender": "male", "lastName": "Foo", "id": "4994422", "bio": "", "photo": {"prefix": "https://igx.4sqi.net/img/user/", "suffix": "/MGRLYPCLY13G0SCI.jpg"}, "homeCity": "Singapore", "lists": {"groups": [{"items": [], "count": 2, "type": "created"}]}}, {"tips": {"count": 0}, "contact": {}, "firstName": "Darren", "gender": "none", "lastName": "Ong", "id": "3842546", "bio": "", "photo": {"prefix": "https://igx.4sqi.net/img/user/", "suffix": "/CVCSAUXU5CRKCQOK.jpg"}, "homeCity": "Singapore", "lists": {"groups": [{"items": [], "count": 2, "type": "created"}]}}, {"tips": {"count": 0}, "contact": {"facebook": "1039955026"}, "firstName": "Desmond", "gender": "male", "lastName": "Loh", "id": "3764904", "bio": "", "photo": {"prefix": "https://igx.4sqi.net/img/user/", "suffix": "/0KLNUHJ2Q2IICEH0.jpg"}, "homeCity": "singapore", "lists": {"groups": [{"items": [], "count": 2, "type": "created"}]}}, {"tips": {"count": 0}, "contact": {"facebook": "567764433"}, "firstName": "Hazel", "gender": "female", "lastName": "Lam", "id": "3885386", "bio": "", "photo": {"prefix": "https://igx.4sqi.net/img/user/", "suffix": "/R5VHZ54OYU1BELWQ.jpg"}, "homeCity": "Singapore", "lists": {"groups": [{"items": [], "count": 2, "type": "created"}]}}, {"tips": {"count": 3}, "contact": {"facebook": "643607401"}, "firstName": "Alex", "gender": "male", "lastName": "Wong", "id": "3870755", "bio": "", "photo": {"prefix": "https://igx.4sqi.net/img/user/", "suffix": "/PIUT2Y1JWEPDPBVO.jpg"}, "homeCity": "Singapore", "lists": {"groups": [{"items": [], "count": 2, "type": "created"}]}}, {"tips": {"count": 0}, "contact": {"facebook": "775506912"}, "firstName": "Jasmine", "gender": "female", "lastName": "Wong", "id": "4002217", "bio": "", "photo": {"prefix": "https://igx.4sqi.net/img/user/", "suffix": "/SM4XN4SCIJ1GAFFD.jpg"}, "homeCity": "Singapore", "lists": {"groups": [{"items": [], "count": 2, "type": "created"}]}}, {"tips": {"count": 1}, "contact": {"facebook": "611471206"}, "firstName": "moses", "gender": "male", "lastName": "lew", "id": "4139259", "bio": "", "photo": {"prefix": "https://igx.4sqi.net/img/user/", "suffix": "/DJFYGJKYQBTOQ1GN.jpg"}, "homeCity": "Singapore", "lists": {"groups": [{"items": [], "count": 2, "type": "created"}]}}, {"tips": {"count": 3}, "contact": {"facebook": "1108071636"}, "firstName": "Kozen", "gender": "male", "lastName": "Tan", "id": "3871607", "bio": "", "photo": {"prefix": "https://igx.4sqi.net/img/user/", "suffix": "/UM5REIXKBJEAPPPG.jpg"}, "homeCity": "Singapore", "lists": {"groups": [{"items": [], "count": 2, "type": "created"}]}}, {"tips": {"count": 0}, "contact": {"facebook": "100001047091067"}, "firstName": "ANDY", "gender": "male", "lastName": "TOH KOK HONG", "id": "4161745", "bio": "", "photo": {"prefix": "https://igx.4sqi.net/img/user/", "suffix": "/WJ1OTEJ33DW1DM5X.jpg"}, "homeCity": "Singapore", "lists": {"groups": [{"items": [], "count": 2, "type": "created"}]}}, {"tips": {"count": 0}, "contact": {"facebook": "100001415784843"}, "firstName": "'Zender", "gender": "male", "lastName": "Tan'", "id": "4436300", "bio": "", "photo": {"prefix": "https://igx.4sqi.net/img/user/", "suffix": "/YDFSMU5VL1MKV2FC.jpg"}, "homeCity": "Singapore", "lists": {"groups": [{"items": [], "count": 2, "type": "created"}]}}, {"tips": {"count": 0}, "contact": {"facebook": "663622045"}, "firstName": "Jolynn", "gender": "female", "lastName": "Lee", "id": "3875261", "bio": "", "photo": {"prefix": "https://igx.4sqi.net/img/user/", "suffix": "/YVZ0FBRACNIGLSOE.jpg"}, "homeCity": "Singapore", "lists": {"groups": [{"items": [], "count": 2, "type": "created"}]}}, {"tips": {"count": 0}, "contact": {}, "firstName": "Ganesh", "gender": "male", "lastName": "Krishnan", "id": "4196985", "bio": "", "photo": {"prefix": "https://igx.4sqi.net/img/user/", "suffix": "/blank_boy.png", "default": true}, "homeCity": "Singapore", "lists": {"groups": [{"items": [], "count": 2, "type": "created"}]}}, {"tips": {"count": 1}, "contact": {}, "firstName": "Melv", "gender": "male", "lastName": "Lim", "id": "5984095", "bio": "", "photo": {"prefix": "https://igx.4sqi.net/img/user/", "suffix": "/UZKK15NTMQTW4QMB.jpg"}, "homeCity": "Singapore", "lists": {"groups": [{"items": [], "count": 2, "type": "created"}]}}, {"tips": {"count": 0}, "contact": {"facebook": "599061918"}, "firstName": "RuoKang", "gender": "male", "lastName": "Fabian", "id": "3878134", "bio": "", "photo": {"prefix": "https://igx.4sqi.net/img/user/", "suffix": "/ZZ5PAQFXFFWFJOES.jpg"}, "homeCity": "Singapore", "lists": {"groups": [{"items": [], "count": 2, "type": "created"}]}}, {"tips": {"count": 3}, "contact": {"facebook": "535561512"}, "firstName": "Bridget", "gender": "female", "lastName": "Yeo", "id": "4435725", "bio": "", "photo": {"prefix": "https://igx.4sqi.net/img/user/", "suffix": "/TNB25CSQRIK4SXQN.jpg"}, "homeCity": "Singapore", "lists": {"groups": [{"items": [], "count": 2, "type": "created"}]}}, {"tips": {"count": 0}, "contact": {}, "firstName": "Andy", "gender": "male", "id": "6321031", "bio": "", "photo": {"prefix": "https://igx.4sqi.net/img/user/", "suffix": "/0LU5WH4ZEIMIZF40.jpg"}, "homeCity": "Singapore", "lists": {"groups": [{"items": [], "count": 2, "type": "created"}]}}, {"tips": {"count": 3}, "contact": {}, "firstName": "Kuan", "gender": "none", "id": "3920842", "bio": "", "photo": {"prefix": "https://igx.4sqi.net/img/user/", "suffix": "/HCJ0HQSLTKK2W2VM.jpg"}, "homeCity": "", "lists": {"groups": [{"items": [], "count": 2, "type": "created"}]}}, {"tips": {"count": 5}, "contact": {}, "firstName": "Grace", "gender": "female", "lastName": "Ho", "id": "5232061", "bio": "", "photo": {"prefix": "https://igx.4sqi.net/img/user/", "suffix": "/A4ZQXUM3JMCDFTN2.jpg"}, "homeCity": "Singapore", "lists": {"groups": [{"items": [], "count": 2, "type": "created"}]}}, {"tips": {"count": 0}, "contact": {}, "firstName": "Moh", "gender": "female", "lastName": "Kristyn", "id": "6383680", "bio": "", "photo": {"prefix": "https://igx.4sqi.net/img/user/", "suffix": "/blank_girl.png", "default": true}, "homeCity": "Singapore", "lists": {"groups": [{"items": [], "count": 2, "type": "created"}]}}, {"tips": {"count": 1}, "contact": {}, "firstName": "Alan", "gender": "male", "id": "3933555", "bio": "", "photo": {"prefix": "https://igx.4sqi.net/img/user/", "suffix": "/3HDYQ1DWXYSQFRYU.jpg"}, "homeCity": "Singapore", "lists": {"groups": [{"items": [], "count": 2, "type": "created"}]}}, {"tips": {"count": 0}, "contact": {}, "firstName": "Maoqing", "gender": "none", "id": "5956445", "bio": "", "photo": {"prefix": "https://igx.4sqi.net/img/user/", "suffix": "/blank_boy.png", "default": true}, "homeCity": "New York, NY", "lists": {"groups": [{"items": [], "count": 2, "type": "created"}]}}, {"tips": {"count": 0}, "contact": {}, "firstName": "Kristyn", "gender": "female", "lastName": "Moh", "id": "6423245", "bio": "", "photo": {"prefix": "https://igx.4sqi.net/img/user/", "suffix": "/WSLW2PDQABKC330F.jpg"}, "homeCity": "Singapore", "lists": {"groups": [{"items": [], "count": 2, "type": "created"}]}}, {"tips": {"count": 2}, "contact": {"facebook": "697732796"}, "firstName": "Douglas", "gender": "male", "lastName": "Yeo", "id": "4053771", "bio": "", "photo": {"prefix": "https://igx.4sqi.net/img/user/", "suffix": "/EJFBR4NTDRSD0DEL.jpg"}, "homeCity": "Singapore", "lists": {"groups": [{"items": [], "count": 2, "type": "created"}]}}, {"tips": {"count": 1}, "contact": {"facebook": "672695942"}, "firstName": "Jackie", "gender": "male", "lastName": "Boy", "id": "4054588", "bio": "", "photo": {"prefix": "https://igx.4sqi.net/img/user/", "suffix": "/blank_boy.png", "default": true}, "homeCity": "Singapore", "lists": {"groups": [{"items": [], "count": 2, "type": "created"}]}}, {"tips": {"count": 0}, "contact": {"facebook": "643423527"}, "firstName": "ooberoo", "gender": "male", "lastName": "Tan", "id": "4511341", "bio": "", "photo": {"prefix": "https://igx.4sqi.net/img/user/", "suffix": "/QJDFRQ5IPZ22WGXK.jpg"}, "homeCity": "Singapore", "lists": {"groups": [{"items": [], "count": 2, "type": "created"}]}}, {"tips": {"count": 0}, "contact": {"facebook": "602485633"}, "firstName": "Mellissa", "gender": "female", "lastName": "Yong", "id": "5252595", "bio": "", "photo": {"prefix": "https://igx.4sqi.net/img/user/", "suffix": "/JC4H0SBW3SLNUSA1.jpg"}, "homeCity": "Melbourne, Australia", "lists": {"groups": [{"items": [], "count": 2, "type": "created"}]}}], "count": 192}, "checksum": "5983842f1bd0e7e20006bd5b366e8efba6a44a18"}, "meta": {"requestId": "596627eb4434b96bcaf438b4", "code": 200}}