{"notifications": [{"type": "notificationTray", "item": {"unreadCount": 0}}], "meta": {"requestId": "5966d4b0f594df219d13b2d8", "code": 200}, "response": {"friends": {"count": 13, "items": [{"id": "3058258", "photo": {"prefix": "https://igx.4sqi.net/img/user/", "suffix": "/5OW40HNCESTCCWUN.jpg"}, "homeCity": "Singapore", "contact": {}, "firstName": "Vernice", "tips": {"count": 2}, "gender": "female", "lastName": "Lim", "lists": {"groups": [{"count": 2, "type": "created", "items": []}]}, "bio": ""}, {"id": "2954065", "photo": {"prefix": "https://igx.4sqi.net/img/user/", "suffix": "/CS1FIUWWSFVK2M2U.jpg"}, "homeCity": "Singapore", "contact": {"facebook": "603885077", "twitter": "jazlyntoh"}, "firstName": "jazlyn", "tips": {"count": 0}, "gender": "female", "lastName": "toh", "lists": {"groups": [{"count": 2, "type": "created", "items": []}]}, "bio": ""}, {"id": "2225050", "photo": {"prefix": "https://igx.4sqi.net/img/user/", "suffix": "/2F4CQX5GI4Q4UMM5.jpg"}, "homeCity": "Singapore", "contact": {}, "firstName": "Belle", "tips": {"count": 1}, "gender": "female", "lastName": "Teo", "lists": {"groups": [{"count": 2, "type": "created", "items": []}]}, "bio": ""}, {"id": "2595835", "photo": {"prefix": "https://igx.4sqi.net/img/user/", "suffix": "/J31WE3YAOIZVX0Z1.jpg"}, "homeCity": "Singapore", "contact": {"facebook": "1288828523", "twitter": "mtjiahui"}, "firstName": "May", "tips": {"count": 5}, "gender": "female", "lastName": "Tan", "lists": {"groups": [{"count": 2, "type": "created", "items": []}]}, "bio": ""}, {"id": "2708469", "photo": {"prefix": "https://igx.4sqi.net/img/user/", "default": true, "suffix": "/blank_boy.png"}, "homeCity": "Singapore", "contact": {"facebook": "529273702"}, "firstName": "Alexander", "tips": {"count": 0}, "gender": "male", "lastName": "Goofy", "lists": {"groups": [{"count": 2, "type": "created", "items": []}]}, "bio": ""}, {"id": "3629985", "photo": {"prefix": "https://igx.4sqi.net/img/user/", "suffix": "/ALXXXNR4TM5BZSOR.jpg"}, "homeCity": "Singapore", "contact": {}, "firstName": "Stanley", "tips": {"count": 0}, "gender": "male", "lastName": "Lim", "lists": {"groups": [{"count": 2, "type": "created", "items": []}]}, "bio": ""}, {"id": "3616535", "photo": {"prefix": "https://igx.4sqi.net/img/user/", "suffix": "/3616535-P2LEIJOQAB1PXA2G.jpg"}, "homeCity": "Singapore", "contact": {"twitter": "carintohyp"}, "firstName": "Carin", "tips": {"count": 1}, "gender": "female", "lastName": "Toh", "lists": {"groups": [{"count": 2, "type": "created", "items": []}]}, "bio": ""}, {"id": "2818340", "photo": {"prefix": "https://igx.4sqi.net/img/user/", "suffix": "/4WPBLKXBM5RBVEPM.jpg"}, "homeCity": "Singapore", "contact": {}, "firstName": "Dinesh", "tips": {"count": 0}, "gender": "male", "lastName": "Nair", "lists": {"groups": [{"count": 2, "type": "created", "items": []}]}, "bio": ""}, {"id": "4985659", "photo": {"prefix": "https://igx.4sqi.net/img/user/", "suffix": "/CSYEOOJ5D0FY4SXI.jpg"}, "homeCity": "Singapore", "contact": {}, "firstName": "Jeremy", "tips": {"count": 0}, "gender": "male", "lastName": "Tang", "lists": {"groups": [{"count": 2, "type": "created", "items": []}]}, "bio": ""}, {"id": "3703971", "photo": {"prefix": "https://igx.4sqi.net/img/user/", "suffix": "/EWX1Q3CJHS4QHKPE.jpg"}, "homeCity": "Singapore", "contact": {}, "firstName": "Eileenn", "tips": {"count": 1}, "gender": "female", "lastName": "Lee", "lists": {"groups": [{"count": 2, "type": "created", "items": []}]}, "bio": ""}, {"id": "3211959", "photo": {"prefix": "https://igx.4sqi.net/img/user/", "suffix": "/SDUFDAZTP1YY2YPW.jpg"}, "homeCity": "Singapore", "contact": {"facebook": "762276288", "twitter": "ce_ine"}, "firstName": "Celine", "tips": {"count": 1}, "gender": "female", "lastName": "Sy", "lists": {"groups": [{"count": 2, "type": "created", "items": []}]}, "bio": ""}, {"id": "3712404", "photo": {"prefix": "https://igx.4sqi.net/img/user/", "suffix": "/3712404-CMX2L3SKWE4GKWES.jpg"}, "homeCity": "Singapore", "contact": {"facebook": "1340806509", "twitter": "eileenluo"}, "firstName": "Eileen", "tips": {"count": 0}, "gender": "female", "lastName": "Luo", "lists": {"groups": [{"count": 2, "type": "created", "items": []}]}, "bio": ""}, {"id": "4072934", "photo": {"prefix": "https://igx.4sqi.net/img/user/", "suffix": "/4AJBO4CCK1K5N2LW.jpg"}, "homeCity": "Singapore", "contact": {}, "firstName": "Elaine", "tips": {"count": 1}, "gender": "female", "lastName": "Toh", "lists": {"groups": [{"count": 2, "type": "created", "items": []}]}, "bio": ""}]}, "checksum": "5fbe9d21692ea9cac41873640e98cdf8cd5299a9"}}