{"notifications": [{"type": "notificationTray", "item": {"unreadCount": 0}}], "meta": {"requestId": "5966cf824434b95522c1e32d", "code": 200}, "response": {"friends": {"count": 26, "items": [{"id": "9417414", "photo": {"prefix": "https://igx.4sqi.net/img/user/", "suffix": "/RMOI0IZL3PCLC2AZ.jpg"}, "homeCity": "Las Vegas, NV", "contact": {"facebook": "630545950"}, "firstName": "Brandon", "tips": {"count": 0}, "gender": "male", "lastName": "Singleton", "lists": {"groups": [{"count": 2, "type": "created", "items": []}]}, "bio": ""}, {"id": "7244687", "photo": {"prefix": "https://igx.4sqi.net/img/user/", "suffix": "/TAJVI5POAYXFV1LK.jpg"}, "homeCity": "Arlington, WA", "contact": {}, "firstName": "Julia", "tips": {"count": 7}, "gender": "female", "lastName": "Goodridge", "lists": {"groups": [{"count": 2, "type": "created", "items": []}]}, "bio": ""}, {"id": "6727254", "photo": {"prefix": "https://igx.4sqi.net/img/user/", "suffix": "/2U515NJVOVAYCP5T.jpg"}, "homeCity": "Galveston, TX", "contact": {}, "firstName": "Shane", "tips": {"count": 0}, "gender": "male", "lastName": "Johnson", "lists": {"groups": [{"count": 2, "type": "created", "items": []}]}, "bio": ""}, {"id": "28589233", "photo": {"prefix": "https://igx.4sqi.net/img/user/", "suffix": "/MC2YMI1WMJ4JHQXZ.jpg"}, "homeCity": "Portland, Oregon", "contact": {"facebook": "1306123559"}, "firstName": "Ryan", "tips": {"count": 0}, "gender": "male", "lastName": "Brady", "lists": {"groups": [{"count": 2, "type": "created", "items": []}]}, "bio": ""}, {"id": "6464127", "photo": {"prefix": "https://igx.4sqi.net/img/user/", "suffix": "/NCOMQVMMOTPCEBYZ.jpg"}, "homeCity": "Singapore", "contact": {"facebook": "618887936"}, "firstName": "Malia", "tips": {"count": 0}, "gender": "female", "lists": {"groups": [{"count": 2, "type": "created", "items": []}]}, "bio": ""}, {"id": "1378633", "photo": {"prefix": "https://igx.4sqi.net/img/user/", "suffix": "/1378633-WGXBCOO4YMM1SKKG.jpg"}, "homeCity": "Vancouver, Wa", "contact": {"facebook": "10155172037393206"}, "firstName": "Charlie", "tips": {"count": 0}, "gender": "male", "lastName": "Foster", "lists": {"groups": [{"count": 2, "type": "created", "items": []}]}, "bio": ""}, {"id": "8443438", "photo": {"prefix": "https://igx.4sqi.net/img/user/", "default": true, "suffix": "/blank_girl.png"}, "homeCity": "Singapore", "contact": {}, "firstName": "Sarah", "tips": {"count": 0}, "gender": "female", "lastName": "De guzman furner", "lists": {"groups": [{"count": 2, "type": "created", "items": []}]}, "bio": ""}, {"id": "2462244", "photo": {"prefix": "https://igx.4sqi.net/img/user/", "suffix": "/D1CHHCS2HPMPT5KR.jpg"}, "homeCity": "Seattle, WA", "contact": {"facebook": "574678627"}, "firstName": "Greg", "tips": {"count": 20}, "gender": "male", "lastName": "Fisher", "lists": {"groups": [{"count": 2, "type": "created", "items": []}]}, "bio": ""}, {"id": "9615663", "photo": {"prefix": "https://igx.4sqi.net/img/user/", "suffix": "/CLTHHADNRANQKUDA.jpg"}, "homeCity": "Great Falls, Mt", "contact": {"facebook": "537307487"}, "firstName": "Karilyn", "tips": {"count": 1}, "gender": "female", "lastName": "Hann", "lists": {"groups": [{"count": 2, "type": "created", "items": []}]}, "bio": ""}, {"id": "12932565", "photo": {"prefix": "https://igx.4sqi.net/img/user/", "suffix": "/ZL1XPMGVUFDW0ALN.jpg"}, "homeCity": "Singapore", "contact": {"facebook": "100002646790845"}, "firstName": "Princess", "tips": {"count": 0}, "gender": "female", "lastName": "Athirah", "lists": {"groups": [{"count": 2, "type": "created", "items": []}]}, "bio": ""}, {"id": "195762", "photo": {"prefix": "https://igx.4sqi.net/img/user/", "suffix": "/LEX24FEIQP23M0KF.jpg"}, "homeCity": "Portland, OR", "contact": {"facebook": "679152682", "twitter": "dveneski"}, "firstName": "David", "tips": {"count": 1}, "gender": "male", "lastName": "Veneski", "lists": {"groups": [{"count": 2, "type": "created", "items": []}]}, "bio": ""}, {"id": "65348796", "photo": {"prefix": "https://igx.4sqi.net/img/user/", "suffix": "/1VRJWTRLZREJ0RYY.jpg"}, "homeCity": "Texas", "contact": {"facebook": "764046239"}, "firstName": "Millie", "tips": {"count": 0}, "gender": "female", "lastName": "Ruchti", "lists": {"groups": [{"count": 2, "type": "created", "items": []}]}, "bio": ""}, {"id": "35902", "photo": {"prefix": "https://igx.4sqi.net/img/user/", "suffix": "/2MRNJGMMA4H1LYEC.jpg"}, "homeCity": "Portland, OR", "contact": {"facebook": "671410313", "twitter": "cyndibrigham"}, "firstName": "Cyndi", "tips": {"count": 1}, "gender": "female", "lastName": "Brigham", "lists": {"groups": [{"count": 2, "type": "created", "items": []}]}, "bio": ""}, {"id": "136096", "photo": {"prefix": "https://igx.4sqi.net/img/user/", "suffix": "/136096_1260074753909.jpg"}, "homeCity": "Portland, Oregon", "contact": {"facebook": "1089347463", "twitter": "hollyanna"}, "firstName": "Hollyanna", "tips": {"count": 1}, "gender": "female", "lastName": "McCollom", "lists": {"groups": [{"count": 2, "type": "created", "items": []}]}, "bio": ""}, {"id": "935569", "photo": {"prefix": "https://igx.4sqi.net/img/user/", "suffix": "/2RZWVJDK2WCQZKA2.jpg"}, "homeCity": "Eugene, OR", "contact": {"facebook": "547786456", "twitter": "joannargonzales"}, "firstName": "Joanna", "tips": {"count": 0}, "gender": "female", "lastName": "Gonzales", "lists": {"groups": [{"count": 2, "type": "created", "items": []}]}, "bio": ""}, {"id": "4015638", "photo": {"prefix": "https://igx.4sqi.net/img/user/", "suffix": "/U4VFVUDCRRWGNYOP.jpg"}, "homeCity": "Singapore", "contact": {"facebook": "695758720"}, "firstName": "AdeL", "tips": {"count": 0}, "gender": "female", "lastName": "Toh", "lists": {"groups": [{"count": 2, "type": "created", "items": []}]}, "bio": ""}, {"id": "1300605", "photo": {"prefix": "https://igx.4sqi.net/img/user/", "suffix": "/I3FMGWBC4QMR4CJE.jpg"}, "homeCity": "Westminster, Colorado", "contact": {"facebook": "1041238875", "twitter": "miltrae"}, "firstName": "James", "tips": {"count": 0}, "gender": "male", "lastName": "Suckow", "lists": {"groups": [{"count": 2, "type": "created", "items": []}]}, "bio": ""}, {"id": "11322385", "photo": {"prefix": "https://igx.4sqi.net/img/user/", "suffix": "/MH5GVZIMATSANNJX.jpg"}, "homeCity": "Salem, OR", "contact": {"facebook": "1427605183", "twitter": "hackdrummer"}, "firstName": "Chris", "tips": {"count": 2}, "gender": "male", "lastName": "Jamison", "lists": {"groups": [{"count": 2, "type": "created", "items": []}]}, "bio": ""}, {"id": "10136988", "photo": {"prefix": "https://igx.4sqi.net/img/user/", "default": true, "suffix": "/blank_girl.png"}, "homeCity": "New York, NY", "contact": {"facebook": "623133440"}, "firstName": "Jennifer", "tips": {"count": 0}, "gender": "female", "lastName": "Holmes", "lists": {"groups": [{"count": 2, "type": "created", "items": []}]}, "bio": ""}, {"id": "13863385", "photo": {"prefix": "https://igx.4sqi.net/img/user/", "suffix": "/MX3XLLSR2JM52QHD.jpg"}, "homeCity": "Portland, OR", "contact": {"facebook": "1450320066"}, "firstName": "McKenzie", "tips": {"count": 0}, "gender": "female", "lastName": "Buckley", "lists": {"groups": [{"count": 2, "type": "created", "items": []}]}, "bio": ""}, {"id": "2297552", "photo": {"prefix": "https://igx.4sqi.net/img/user/", "suffix": "/FT1KZOJANYCHF4YW.jpg"}, "homeCity": "Portland, OR", "contact": {"facebook": "1039773123"}, "firstName": "Robin", "tips": {"count": 2}, "gender": "female", "lastName": "Healy", "lists": {"groups": [{"count": 2, "type": "created", "items": []}]}, "bio": ""}, {"id": "1276429", "photo": {"prefix": "https://igx.4sqi.net/img/user/", "suffix": "/VGB5KE15WKNVDGHA.jpg"}, "homeCity": "Hillsboro, OR", "contact": {"facebook": "722400887", "twitter": "stacekar"}, "firstName": "Stace", "tips": {"count": 7}, "gender": "male", "lastName": "Karussos", "lists": {"groups": [{"count": 2, "type": "created", "items": []}]}, "bio": ""}, {"id": "44215278", "photo": {"prefix": "https://igx.4sqi.net/img/user/", "default": true, "suffix": "/blank_boy.png"}, "homeCity": "Great Falls, MT", "contact": {"facebook": "1160404915"}, "firstName": "Thaddeus", "tips": {"count": 0}, "gender": "male", "lastName": "Hann", "lists": {"groups": [{"count": 2, "type": "created", "items": []}]}, "bio": ""}, {"id": "1822185", "photo": {"prefix": "https://igx.4sqi.net/img/user/", "suffix": "/STA0OVCN2DFFTGL3.jpg"}, "homeCity": "Helena, Montana", "contact": {"facebook": "502673647"}, "firstName": "Jason", "tips": {"count": 7}, "gender": "male", "lastName": "Neiffer", "lists": {"groups": [{"count": 2, "type": "created", "items": []}]}, "bio": ""}, {"id": "1885644", "photo": {"prefix": "https://igx.4sqi.net/img/user/", "suffix": "/RAYF2U5J41JQY4J2.jpg"}, "homeCity": "Portland, OR", "contact": {"facebook": "1027621989"}, "firstName": "Barb", "tips": {"count": 0}, "gender": "female", "lists": {"groups": [{"count": 2, "type": "created", "items": []}]}, "bio": ""}, {"id": "2638577", "photo": {"prefix": "https://igx.4sqi.net/img/user/", "suffix": "/ETKRLMIM0CYD1YMJ.jpg"}, "homeCity": "Veneta, OR", "contact": {"facebook": "1514261611"}, "firstName": "Heather", "tips": {"count": 0}, "gender": "female", "lastName": "Rhodes", "lists": {"groups": [{"count": 2, "type": "created", "items": []}]}, "bio": ""}]}, "checksum": "3eba1965fe9c8c2a1d07d6ca860780743e71b69e"}}