{"notifications": [{"type": "notificationTray", "item": {"unreadCount": 0}}], "response": {"friends": {"items": [{"tips": {"count": 34}, "contact": {"twitter": "martinloo", "facebook": "510226576"}, "firstName": "Martin", "gender": "male", "lastName": "Loo", "id": "512602", "bio": "", "photo": {"prefix": "https://igx.4sqi.net/img/user/", "suffix": "/TTI5NJMFRQSDZVYM.jpg"}, "homeCity": "Singapore", "lists": {"groups": [{"items": [], "count": 2, "type": "created"}]}}, {"tips": {"count": 18}, "contact": {"twitter": "jeffcheong", "facebook": "588493413"}, "firstName": "jeff", "gender": "male", "lastName": "cheong", "id": "251006", "bio": "", "photo": {"prefix": "https://igx.4sqi.net/img/user/", "suffix": "/3KPLY2JMZY0T5MQB.jpg"}, "homeCity": "Singapore", "lists": {"groups": [{"items": [], "count": 2, "type": "created"}]}}, {"tips": {"count": 0}, "contact": {"facebook": "612558664"}, "firstName": "Neil", "gender": "male", "lastName": "Dusuki", "id": "767402", "bio": "", "photo": {"prefix": "https://igx.4sqi.net/img/user/", "suffix": "/767402-Q5CLDKAKQJ14QF4R.jpg"}, "homeCity": "London", "lists": {"groups": [{"items": [], "count": 3, "type": "created"}]}}, {"tips": {"count": 0}, "contact": {"twitter": "lohkevin", "facebook": "638281148"}, "firstName": "Kevin Ignatius", "gender": "male", "lastName": "Loh", "id": "486345", "bio": "", "photo": {"prefix": "https://igx.4sqi.net/img/user/", "suffix": "/QUAZ5XU0YKTHKVGL.jpg"}, "homeCity": "Singapore", "lists": {"groups": [{"items": [], "count": 2, "type": "created"}]}}, {"tips": {"count": 13}, "contact": {"twitter": "sueannho"}, "firstName": "Sue Ann", "gender": "female", "lastName": "Ho", "id": "2609704", "bio": "", "photo": {"prefix": "https://igx.4sqi.net/img/user/", "suffix": "/FIOI20F2FM1TYAZY.jpg"}, "homeCity": "Singapore", "lists": {"groups": [{"items": [], "count": 2, "type": "created"}]}}, {"tips": {"count": 16}, "contact": {}, "firstName": "Claudia", "gender": "female", "lastName": "Lin", "id": "429555", "bio": "", "photo": {"prefix": "https://igx.4sqi.net/img/user/", "suffix": "/2IRHRCKV5BAMZUS5.jpg"}, "homeCity": "Singapore", "lists": {"groups": [{"items": [], "count": 2, "type": "created"}]}}, {"tips": {"count": 0}, "contact": {}, "firstName": "Francis", "gender": "male", "lastName": "Chong", "id": "251234", "bio": "", "photo": {"prefix": "https://igx.4sqi.net/img/user/", "suffix": "/RR3TL20QKILLBPVI.jpg"}, "homeCity": "Singapore, ", "lists": {"groups": [{"items": [], "count": 2, "type": "created"}]}}, {"tips": {"count": 0}, "contact": {"facebook": "601384534"}, "firstName": "Kevin", "gender": "male", "lastName": "Su", "id": "3311130", "bio": "", "photo": {"prefix": "https://igx.4sqi.net/img/user/", "suffix": "/JYTL5W4ZYRT1FX4S.jpg"}, "homeCity": "Singapore", "lists": {"groups": [{"items": [], "count": 2, "type": "created"}]}}], "count": 108}, "checksum": "4dc6c8fc754d9e32c319ff6019e67d815378d163"}, "meta": {"requestId": "5965c6c94434b96bc87ea2a9", "code": 200}}