{"notifications": [{"type": "notificationTray", "item": {"unreadCount": 0}}], "response": {"friends": {"items": [{"tips": {"count": 7}, "contact": {"twitter": "gremlin", "facebook": "846435404"}, "firstName": "Ernest", "gender": "male", "lastName": "Khoo", "id": "109182", "bio": "", "photo": {"prefix": "https://igx.4sqi.net/img/user/", "suffix": "/0UHP5BR3PX5ULKT0.jpg"}, "homeCity": "Singapore", "lists": {"groups": [{"items": [], "count": 2, "type": "created"}]}}, {"tips": {"count": 13}, "contact": {"facebook": "1384518449"}, "firstName": "Alex", "gender": "male", "lastName": "Chong", "id": "2312751", "bio": "", "photo": {"prefix": "https://igx.4sqi.net/img/user/", "suffix": "/MBTAXI4X21SHYJJ2.jpg"}, "homeCity": "Singapore", "lists": {"groups": [{"items": [], "count": 2, "type": "created"}]}}, {"tips": {"count": 2}, "contact": {"facebook": "1534323846"}, "firstName": "Sarah", "gender": "female", "lastName": "Kaur", "id": "28744292", "bio": "", "photo": {"prefix": "https://igx.4sqi.net/img/user/", "suffix": "/IUR2YMMM0MMEO4RF.jpg"}, "homeCity": "Singapore", "lists": {"groups": [{"items": [], "count": 5, "type": "created"}]}}, {"tips": {"count": 0}, "contact": {}, "firstName": "Chris", "gender": "male", "lastName": "Lim", "id": "4349581", "bio": "", "photo": {"prefix": "https://igx.4sqi.net/img/user/", "suffix": "/UQBXZ14DGNXA4HGC.jpg"}, "homeCity": "Singapore", "lists": {"groups": [{"items": [], "count": 2, "type": "created"}]}}, {"tips": {"count": 0}, "contact": {"facebook": "616741616"}, "firstName": "Dawn", "gender": "female", "lastName": "Tan", "id": "6720208", "bio": "", "photo": {"prefix": "https://igx.4sqi.net/img/user/", "suffix": "/blank_girl.png", "default": true}, "homeCity": "New York, NY", "lists": {"groups": [{"items": [], "count": 2, "type": "created"}]}}, {"tips": {"count": 28}, "contact": {"twitter": "omysg", "facebook": "100000217299336"}, "firstName": "omysg", "gender": "none", "id": "427439", "bio": "", "photo": {"prefix": "https://igx.4sqi.net/img/user/", "suffix": "/E5DRFBZ3A0LHZDSH.jpg"}, "homeCity": "Singapore", "lists": {"groups": [{"items": [], "count": 3, "type": "created"}]}}, {"tips": {"count": 1}, "contact": {"twitter": "kabuks", "facebook": "558616743"}, "firstName": "Eunice", "gender": "female", "id": "1248190", "bio": "", "photo": {"prefix": "https://igx.4sqi.net/img/user/", "suffix": "/blank_girl.png", "default": true}, "homeCity": "Singapore", "lists": {"groups": [{"items": [], "count": 2, "type": "created"}]}}, {"tips": {"count": 2}, "contact": {"twitter": "esxy1187", "facebook": "100001926105262"}, "firstName": "Serene", "gender": "female", "lastName": "Xu", "id": "4263004", "bio": "", "photo": {"prefix": "https://igx.4sqi.net/img/user/", "suffix": "/4263004-VQEUUWYNFTD14HHZ.jpg"}, "homeCity": "Singapore", "lists": {"groups": [{"items": [], "count": 2, "type": "created"}]}}, {"tips": {"count": 0}, "contact": {}, "firstName": "Jason", "gender": "male", "lastName": "Chen", "id": "5284486", "bio": "", "photo": {"prefix": "https://igx.4sqi.net/img/user/", "suffix": "/GYAJKTLKL0CIUU3Q.jpg"}, "homeCity": "Singapore", "lists": {"groups": [{"items": [], "count": 2, "type": "created"}]}}, {"tips": {"count": 0}, "contact": {"twitter": "kkchin711", "facebook": "10153064886448513"}, "firstName": "Kk", "gender": "male", "lastName": "Chin", "id": "5448430", "bio": "", "photo": {"prefix": "https://igx.4sqi.net/img/user/", "suffix": "/L5YIPCDOF5RZRXQJ.jpg"}, "homeCity": "Singapore", "lists": {"groups": [{"items": [], "count": 2, "type": "created"}]}}, {"tips": {"count": 8}, "contact": {"twitter": "zong76", "facebook": "679192684"}, "firstName": "Zong", "gender": "male", "lastName": "Ong Runner", "id": "1807562", "bio": "", "photo": {"prefix": "https://igx.4sqi.net/img/user/", "suffix": "/UW5XAJ0KOFVEVFEM.jpg"}, "homeCity": "Singapore", "lists": {"groups": [{"items": [], "count": 2, "type": "created"}]}}, {"tips": {"count": 0}, "contact": {"facebook": "566825038"}, "firstName": "ira", "gender": "female", "lastName": "batra", "id": "1578148", "bio": "", "photo": {"prefix": "https://igx.4sqi.net/img/user/", "suffix": "/TVDA4KCJ4ZADLKFB.jpg"}, "homeCity": "Singapore", "lists": {"groups": [{"items": [], "count": 2, "type": "created"}]}}, {"tips": {"count": 0}, "contact": {"twitter": "dreamofmine"}, "firstName": "Lewis", "gender": "male", "lastName": "Siwel", "id": "1226661", "bio": "", "photo": {"prefix": "https://igx.4sqi.net/img/user/", "suffix": "/LRWNIUMYNVKQOQPM.jpg"}, "homeCity": "Singapore", "lists": {"groups": [{"items": [], "count": 2, "type": "created"}]}}, {"tips": {"count": 1}, "contact": {"facebook": "10206596423335026"}, "firstName": "Ivan", "gender": "male", "lastName": "Lau", "id": "4186164", "bio": "", "photo": {"prefix": "https://igx.4sqi.net/img/user/", "suffix": "/4A0SGU2TSSXMFCLO.jpg"}, "homeCity": "Singapore", "lists": {"groups": [{"items": [], "count": 2, "type": "created"}]}}, {"tips": {"count": 4}, "contact": {"facebook": "625423183"}, "firstName": "Mohamad Zulkifli", "gender": "male", "lastName": "Hanafi", "id": "995273", "bio": "", "photo": {"prefix": "https://igx.4sqi.net/img/user/", "suffix": "/BQIBTV1R3DTL53HN.jpg"}, "homeCity": "Singapore", "lists": {"groups": [{"items": [], "count": 2, "type": "created"}]}}, {"tips": {"count": 0}, "contact": {"facebook": "100003920352898"}, "firstName": "Wendy", "gender": "female", "lastName": "Lee", "id": "72658072", "bio": "", "photo": {"prefix": "https://igx.4sqi.net/img/user/", "suffix": "/72658072-FFXMKBTQMLAFRWRQ.jpg"}, "homeCity": "Singapore, Singapore", "lists": {"groups": [{"items": [], "count": 2, "type": "created"}]}}, {"tips": {"count": 19}, "contact": {"twitter": "darrenmak", "facebook": "719162026"}, "firstName": "Darren", "gender": "male", "lastName": "Mak", "id": "136888", "bio": "", "photo": {"prefix": "https://igx.4sqi.net/img/user/", "suffix": "/M1CPA5BLETGFKTZP.jpg"}, "homeCity": "Winnipeg, MB", "lists": {"groups": [{"items": [], "count": 2, "type": "created"}]}}, {"tips": {"count": 2}, "contact": {"twitter": "hopeyger", "facebook": "883490536"}, "firstName": "Hope", "gender": "female", "lastName": "Aw", "id": "4850884", "bio": "", "photo": {"prefix": "https://igx.4sqi.net/img/user/", "suffix": "/TSU5Z5F25NC3QE12.jpg"}, "homeCity": "Singapore", "lists": {"groups": [{"items": [], "count": 2, "type": "created"}]}}, {"tips": {"count": 0}, "contact": {}, "firstName": "Jasmine", "gender": "female", "lastName": "Tan", "id": "1114041", "bio": "", "photo": {"prefix": "https://igx.4sqi.net/img/user/", "suffix": "/OLQ2MYGVWR10YQQ2.jpg"}, "homeCity": "Little india, Singapore", "lists": {"groups": [{"items": [], "count": 2, "type": "created"}]}}, {"tips": {"count": 0}, "contact": {"facebook": "706974764"}, "firstName": "Alck", "gender": "male", "lastName": "Low", "id": "2859885", "bio": "", "photo": {"prefix": "https://igx.4sqi.net/img/user/", "suffix": "/5VQJKGGLVJAQWIUE.jpg"}, "homeCity": "Singapore", "lists": {"groups": [{"items": [], "count": 2, "type": "created"}]}}, {"tips": {"count": 5}, "contact": {"twitter": "crab68", "facebook": "527743732"}, "firstName": "Abdul Aziz", "gender": "male", "lastName": "Agil", "id": "579485", "bio": "", "photo": {"prefix": "https://igx.4sqi.net/img/user/", "suffix": "/O545GFZPX20AI3MT.jpg"}, "homeCity": "Singapore", "lists": {"groups": [{"items": [], "count": 6, "type": "created"}]}}, {"tips": {"count": 0}, "contact": {"twitter": "lucas_yeo", "facebook": "145096715899472"}, "firstName": "Luc\u00c5s", "gender": "male", "lastName": "Y\u00ebo", "id": "203606878", "bio": "", "photo": {"prefix": "https://igx.4sqi.net/img/user/", "suffix": "/203606878-BZNIEWLRH3BA1CYS.jpg"}, "homeCity": "Singapore", "lists": {"groups": [{"items": [], "count": 2, "type": "created"}]}}, {"tips": {"count": 1}, "contact": {"facebook": "715798913"}, "firstName": "Dave", "gender": "male", "lastName": "Poh", "id": "2148255", "bio": "", "photo": {"prefix": "https://igx.4sqi.net/img/user/", "suffix": "/5H533EEJLMR4PNC1.jpg"}, "homeCity": "Singapore", "lists": {"groups": [{"items": [], "count": 2, "type": "created"}]}}, {"tips": {"count": 0}, "contact": {"facebook": "100002680174438"}, "firstName": "Mileage", "gender": "none", "lastName": "Runner", "id": "11564361", "bio": "", "photo": {"prefix": "https://igx.4sqi.net/img/user/", "suffix": "/AGJIJZL1DVM23WLF.jpg"}, "homeCity": "Singapore", "lists": {"groups": [{"items": [], "count": 2, "type": "created"}]}}, {"tips": {"count": 0}, "contact": {"facebook": "532846381"}, "firstName": "Albert", "gender": "male", "lastName": "Yam", "id": "59012089", "bio": "Runner from Singapore. I am a friendly guy.", "photo": {"prefix": "https://igx.4sqi.net/img/user/", "suffix": "/ZKUNBJGZSSTT5Q3N.jpg"}, "homeCity": "Singapore, 00", "lists": {"groups": [{"items": [], "count": 2, "type": "created"}]}}, {"tips": {"count": 3}, "contact": {"facebook": "100001055166349"}, "firstName": "Jiujiteiro", "gender": "male", "id": "6514993", "bio": "Jet setter for the rich and famous", "photo": {"prefix": "https://igx.4sqi.net/img/user/", "suffix": "/6514993-ZFLIDKIRJEE4GKAZ.jpg"}, "homeCity": "Jurong, Singapore", "lists": {"groups": [{"items": [], "count": 2, "type": "created"}]}}, {"tips": {"count": 4}, "contact": {"twitter": "lululujiale", "facebook": "715003386"}, "firstName": "Lu", "gender": "male", "lastName": "Jiale", "id": "15854879", "bio": "", "photo": {"prefix": "https://igx.4sqi.net/img/user/", "suffix": "/4S5J1C5WD35SR0BU.jpg"}, "homeCity": "Singapore", "lists": {"groups": [{"items": [], "count": 2, "type": "created"}]}}, {"tips": {"count": 16}, "contact": {"facebook": "10152559838416045"}, "firstName": "Emerson", "gender": "male", "lastName": "Hernandez", "id": "25519261", "bio": "", "photo": {"prefix": "https://igx.4sqi.net/img/user/", "suffix": "/25519261-XUFVHQSS4ENPWZXH.jpg"}, "homeCity": "Arlington, VA", "lists": {"groups": [{"items": [], "count": 2, "type": "created"}]}}, {"tips": {"count": 0}, "contact": {"twitter": "tancaibao", "facebook": "10153428011038286"}, "firstName": "Ace", "gender": "male", "lastName": "Tan", "id": "6563941", "bio": "Software engineer and Runner", "photo": {"prefix": "https://igx.4sqi.net/img/user/", "suffix": "/6563941-N1LUJ5WRMZPTHE5E.jpg"}, "homeCity": "Singapore", "lists": {"groups": [{"items": [], "count": 2, "type": "created"}]}}, {"tips": {"count": 0}, "contact": {"facebook": "604312103"}, "firstName": "Liwin", "gender": "male", "lastName": "Chua", "id": "5460470", "bio": "", "photo": {"prefix": "https://igx.4sqi.net/img/user/", "suffix": "/5460470-4IC2WQQE0RTQ5RAQ.jpg"}, "homeCity": "Singapore", "lists": {"groups": [{"items": [], "count": 2, "type": "created"}]}}, {"tips": {"count": 5}, "contact": {"facebook": "577714583"}, "firstName": "Moon", "gender": "female", "id": "1861831", "bio": "", "photo": {"prefix": "https://igx.4sqi.net/img/user/", "suffix": "/DAVF4KKDUR1GYZFT.jpg"}, "homeCity": "Clementi, Singapore", "lists": {"groups": [{"items": [], "count": 2, "type": "created"}]}}, {"tips": {"count": 0}, "contact": {"facebook": "727293403"}, "firstName": "Nel", "gender": "male", "lastName": "Tulsiani", "id": "5189491", "bio": "", "photo": {"prefix": "https://igx.4sqi.net/img/user/", "suffix": "/CJPAJAKH4ZYJBM3V.jpg"}, "homeCity": "Singapore", "lists": {"groups": [{"items": [], "count": 2, "type": "created"}]}}, {"tips": {"count": 35}, "contact": {}, "firstName": "Shane", "gender": "female", "lastName": "Goh", "id": "2494036", "bio": "", "photo": {"prefix": "https://igx.4sqi.net/img/user/", "suffix": "/BVTALZ5QI0443JFT.jpg"}, "homeCity": "Singapore", "lists": {"groups": [{"items": [], "count": 2, "type": "created"}]}}, {"tips": {"count": 4}, "contact": {"twitter": "ashe_ek", "facebook": "1025535869"}, "firstName": "Ashek", "gender": "male", "lastName": "Ek", "id": "5032322", "bio": "", "photo": {"prefix": "https://igx.4sqi.net/img/user/", "suffix": "/5032322-VUAPNKGOTRJTTRZ5.jpg"}, "homeCity": "Malaysia", "lists": {"groups": [{"items": [], "count": 2, "type": "created"}]}}, {"tips": {"count": 2}, "contact": {"facebook": "527009403"}, "firstName": "Rachel", "gender": "female", "id": "4825810", "bio": "Triathlete", "photo": {"prefix": "https://igx.4sqi.net/img/user/", "suffix": "/1BZQ3GLVDW2WNEGZ.jpg"}, "homeCity": "Earth", "lists": {"groups": [{"items": [], "count": 2, "type": "created"}]}}, {"tips": {"count": 0}, "contact": {"twitter": "kimiekit", "facebook": "604826347"}, "firstName": "KiMiE", "gender": "female", "lastName": "KiT", "id": "1768048", "bio": "", "photo": {"prefix": "https://igx.4sqi.net/img/user/", "suffix": "/S20TLBELPXGRYJZU.jpg"}, "homeCity": "Queenstown", "lists": {"groups": [{"items": [], "count": 2, "type": "created"}]}}, {"tips": {"count": 0}, "contact": {"twitter": "herwanmj", "facebook": "735288173"}, "firstName": "herwanmj", "gender": "male", "lastName": "Jumali", "id": "1134796", "bio": "", "photo": {"prefix": "https://igx.4sqi.net/img/user/", "suffix": "/blank_boy.png", "default": true}, "homeCity": "Singapore", "lists": {"groups": [{"items": [], "count": 2, "type": "created"}]}}, {"tips": {"count": 2}, "contact": {"twitter": "bjykb", "facebook": "1043138580"}, "firstName": "Benjamin", "gender": "male", "lastName": "Yap", "id": "3173110", "bio": "", "photo": {"prefix": "https://igx.4sqi.net/img/user/", "suffix": "/HTA2VVYJ3PGHGKTC.jpg"}, "homeCity": "Singapore", "lists": {"groups": [{"items": [], "count": 2, "type": "created"}]}}, {"tips": {"count": 3}, "contact": {"facebook": "522982191"}, "firstName": "Little Twin Star Karen", "gender": "female", "lastName": "Karen", "id": "19033269", "bio": "", "photo": {"prefix": "https://igx.4sqi.net/img/user/", "suffix": "/DBXJIPMYI13RLREY.jpg"}, "homeCity": "Singapore", "lists": {"groups": [{"items": [], "count": 7, "type": "created"}]}}, {"tips": {"count": 2}, "contact": {}, "firstName": "Tina", "gender": "female", "lastName": "Knickman", "id": "6913913", "bio": "", "photo": {"prefix": "https://igx.4sqi.net/img/user/", "suffix": "/PENOOEM2DXAMEGEE.jpg"}, "homeCity": "Singapore", "lists": {"groups": [{"items": [], "count": 2, "type": "created"}]}}, {"tips": {"count": 0}, "contact": {"facebook": "788438352"}, "firstName": "Hamrit", "gender": "male", "lastName": "Runner", "id": "77158480", "bio": "", "photo": {"prefix": "https://igx.4sqi.net/img/user/", "suffix": "/77158480-JQUWIIUZQC3PEDN1.jpg"}, "homeCity": "Singapore", "lists": {"groups": [{"items": [], "count": 2, "type": "created"}]}}, {"tips": {"count": 0}, "contact": {"facebook": "615553285"}, "firstName": "Tan", "gender": "male", "lastName": "Caibao", "id": "12147614", "bio": "", "photo": {"prefix": "https://igx.4sqi.net/img/user/", "suffix": "/MSHW3X5ZAJNGZGVB.jpg"}, "homeCity": "Singapore", "lists": {"groups": [{"items": [], "count": 2, "type": "created"}]}}, {"tips": {"count": 7}, "contact": {"twitter": "shellyng128", "facebook": "600298088"}, "firstName": "Shelly", "gender": "female", "lastName": "Ng", "id": "5589188", "bio": "", "photo": {"prefix": "https://igx.4sqi.net/img/user/", "suffix": "/S24VQ0LVY50OAZ3L.jpg"}, "homeCity": "Singapore", "lists": {"groups": [{"items": [], "count": 2, "type": "created"}]}}, {"tips": {"count": 0}, "contact": {}, "firstName": "Elmer", "gender": "male", "lastName": "Malsi", "id": "3949783", "bio": "", "photo": {"prefix": "https://igx.4sqi.net/img/user/", "suffix": "/N4OKGW2EYEWPZICE.jpg"}, "homeCity": "Singapore", "lists": {"groups": [{"items": [], "count": 2, "type": "created"}]}}, {"tips": {"count": 0}, "contact": {}, "firstName": "Bahktier", "gender": "male", "lastName": "Bin awal", "id": "6680162", "bio": "", "photo": {"prefix": "https://igx.4sqi.net/img/user/", "suffix": "/2HOMOILZV1ALEA1G.jpg"}, "homeCity": "Singapore", "lists": {"groups": [{"items": [], "count": 2, "type": "created"}]}}, {"tips": {"count": 0}, "contact": {"facebook": "714689890"}, "firstName": "Sam", "gender": "male", "lastName": "Emmanuelson", "id": "2937801", "bio": "", "photo": {"prefix": "https://igx.4sqi.net/img/user/", "suffix": "/DRW33YFJDQ3ZTBW4.jpg"}, "homeCity": "\u65e5\u672c", "lists": {"groups": [{"items": [], "count": 2, "type": "created"}]}}, {"tips": {"count": 2}, "contact": {"twitter": "sgeventphotog", "facebook": "706747072"}, "firstName": "SG Event Photographers", "gender": "none", "id": "50521189", "bio": "SGEventPhotographers is a team of Fun&Energetic Photographers providing onestop Photography services to capture your events | www.SGEventPhotographers.sg", "photo": {"prefix": "https://igx.4sqi.net/img/user/", "suffix": "/LWV2PZD4J2RP3DS3.png"}, "homeCity": "Singapore", "lists": {"groups": [{"items": [], "count": 25, "type": "created"}]}}, {"tips": {"count": 0}, "contact": {"facebook": "1575542381"}, "firstName": "Angelina", "gender": "female", "lastName": "Anthony", "id": "34510362", "bio": "", "photo": {"prefix": "https://igx.4sqi.net/img/user/", "suffix": "/KPDVCMMBG5SLHKA1.jpg"}, "homeCity": "New York, NY", "lists": {"groups": [{"items": [], "count": 2, "type": "created"}]}}, {"tips": {"count": 0}, "contact": {"twitter": "shalomjudith", "facebook": "689069583"}, "firstName": "Judith", "gender": "female", "lastName": "Linda", "id": "1962975", "bio": "", "photo": {"prefix": "https://igx.4sqi.net/img/user/", "suffix": "/KI4CJGUDPTTXC3RC.jpg"}, "homeCity": "Singapore", "lists": {"groups": [{"items": [], "count": 2, "type": "created"}]}}, {"tips": {"count": 0}, "contact": {"twitter": "the_queenofmean", "facebook": "814785044"}, "firstName": "Jamie", "gender": "female", "id": "1258549", "bio": "", "photo": {"prefix": "https://igx.4sqi.net/img/user/", "suffix": "/QINK5EZ0N3E5DP3Q.jpg"}, "homeCity": "Singapore", "lists": {"groups": [{"items": [], "count": 2, "type": "created"}]}}, {"tips": {"count": 0}, "contact": {"facebook": "728069190"}, "firstName": "Sabrina", "gender": "female", "lastName": "Ali", "id": "3202111", "bio": "", "photo": {"prefix": "https://igx.4sqi.net/img/user/", "suffix": "/IM5EGVYHER1D3QNI.jpg"}, "homeCity": "Singapore", "lists": {"groups": [{"items": [], "count": 2, "type": "created"}]}}, {"tips": {"count": 4}, "contact": {"facebook": "690898734"}, "firstName": "John", "gender": "male", "lastName": "Klass", "id": "27784174", "bio": "", "photo": {"prefix": "https://igx.4sqi.net/img/user/", "suffix": "/ME1UZUXF5V3RFHUH.jpg"}, "homeCity": "Singapore", "lists": {"groups": [{"items": [], "count": 2, "type": "created"}]}}, {"tips": {"count": 0}, "contact": {"facebook": "784426227"}, "firstName": "Fong", "gender": "female", "lastName": "Yee", "id": "10092844", "bio": "", "photo": {"prefix": "https://igx.4sqi.net/img/user/", "suffix": "/BPQYLOLVG0GMOCIR.jpg"}, "homeCity": "Singapore", "lists": {"groups": [{"items": [], "count": 2, "type": "created"}]}}, {"tips": {"count": 4}, "contact": {"facebook": "673708039"}, "firstName": "Mark", "gender": "male", "lastName": "Mu", "id": "12167742", "bio": "", "photo": {"prefix": "https://igx.4sqi.net/img/user/", "suffix": "/G3RAUYWOQWMXPSFR.jpg"}, "homeCity": "Singapore", "lists": {"groups": [{"items": [], "count": 3, "type": "created"}]}}, {"tips": {"count": 2}, "contact": {"facebook": "692291683"}, "firstName": "Eddie", "gender": "male", "lastName": "Ng", "id": "5658620", "bio": "", "photo": {"prefix": "https://igx.4sqi.net/img/user/", "suffix": "/YJRGWZVNDKQLUYBV.jpg"}, "homeCity": "Singapore", "lists": {"groups": [{"items": [], "count": 2, "type": "created"}]}}, {"tips": {"count": 9}, "contact": {"twitter": "andy_goh63", "facebook": "543213951"}, "firstName": "\uc564\ub514 Goh", "gender": "male", "lastName": "\u54e5", "id": "4533127", "bio": "", "photo": {"prefix": "https://igx.4sqi.net/img/user/", "suffix": "/HIBPRQ4KE42TME0Q.jpg"}, "homeCity": "Singapore", "lists": {"groups": [{"items": [], "count": 2, "type": "created"}]}}, {"tips": {"count": 0}, "contact": {"twitter": "hanpaopao", "facebook": "596985660"}, "firstName": "Bev", "gender": "female", "lastName": "Pao", "id": "51793403", "bio": "", "photo": {"prefix": "https://igx.4sqi.net/img/user/", "suffix": "/YAWLK0ZKVRZTN1JQ.jpg"}, "homeCity": "Singapore", "lists": {"groups": [{"items": [], "count": 2, "type": "created"}]}}, {"tips": {"count": 0}, "contact": {"facebook": "648633842"}, "firstName": "Ronald", "gender": "male", "lastName": "Heng", "id": "3629350", "bio": "", "photo": {"prefix": "https://igx.4sqi.net/img/user/", "suffix": "/ONJQT0F5BVFSLXGQ.jpg"}, "homeCity": "Singapore", "lists": {"groups": [{"items": [], "count": 2, "type": "created"}]}}, {"tips": {"count": 0}, "contact": {"facebook": "100000103140370"}, "firstName": "Yeow", "gender": "male", "lastName": "Lai Boon", "id": "64130634", "bio": "", "photo": {"prefix": "https://igx.4sqi.net/img/user/", "suffix": "/L1X3F40E2TIAFDDZ.jpg"}, "homeCity": "Singapore", "lists": {"groups": [{"items": [], "count": 2, "type": "created"}]}}, {"tips": {"count": 3}, "contact": {"facebook": "670780662"}, "firstName": "Yiheng", "gender": "male", "lastName": "Hong", "id": "2953248", "bio": "", "photo": {"prefix": "https://igx.4sqi.net/img/user/", "suffix": "/NKI3Q0NIVQE5FPAV.jpg"}, "homeCity": "Woodlands, Singapore", "lists": {"groups": [{"items": [], "count": 2, "type": "created"}]}}, {"tips": {"count": 1}, "contact": {}, "firstName": "Joe", "gender": "male", "lastName": "Goh", "id": "1509957", "bio": "", "photo": {"prefix": "https://igx.4sqi.net/img/user/", "suffix": "/1509957-4DVTN0RUHS0OARQK.jpg"}, "homeCity": "Yishun, Singapore", "lists": {"groups": [{"items": [], "count": 2, "type": "created"}]}}, {"tips": {"count": 1}, "contact": {}, "firstName": "Topel", "gender": "male", "lastName": "Villanueva", "id": "3276418", "bio": "", "photo": {"prefix": "https://igx.4sqi.net/img/user/", "suffix": "/BNWIDIGO350NMTWP.jpg"}, "homeCity": "Singapore", "lists": {"groups": [{"items": [], "count": 2, "type": "created"}]}}, {"tips": {"count": 24}, "contact": {"twitter": "gisete", "facebook": "710616115"}, "firstName": "Gis", "gender": "female", "lastName": "Tay", "id": "17638563", "bio": "", "photo": {"prefix": "https://igx.4sqi.net/img/user/", "suffix": "/17638563-2MRZYRYQW5FXXHBP.jpg"}, "homeCity": "Singapore", "lists": {"groups": [{"items": [], "count": 2, "type": "created"}]}}, {"tips": {"count": 0}, "contact": {}, "firstName": "Wendy", "gender": "female", "lastName": "Cheng", "id": "5818426", "bio": "", "photo": {"prefix": "https://igx.4sqi.net/img/user/", "suffix": "/NPUHDCFAUH1OO2F3.jpg"}, "homeCity": "Singapore", "lists": {"groups": [{"items": [], "count": 2, "type": "created"}]}}, {"tips": {"count": 0}, "contact": {"facebook": "1150975084"}, "firstName": "Fia", "gender": "female", "lastName": "Permadi", "id": "42981764", "bio": "", "photo": {"prefix": "https://igx.4sqi.net/img/user/", "suffix": "/2EETKN420SQECCSC.jpg"}, "homeCity": "Singapore", "lists": {"groups": [{"items": [], "count": 2, "type": "created"}]}}, {"tips": {"count": 3}, "contact": {"twitter": "xoxocells", "facebook": "556998742"}, "firstName": "Celeste", "gender": "female", "id": "3917607", "bio": "", "photo": {"prefix": "https://igx.4sqi.net/img/user/", "suffix": "/G1OZBUJ3RSR3S2PA.jpg"}, "homeCity": "Singapore", "lists": {"groups": [{"items": [], "count": 2, "type": "created"}]}}, {"tips": {"count": 1}, "contact": {"facebook": "685043571"}, "firstName": "Halim", "gender": "male", "lastName": "Yusof", "id": "3352133", "bio": "", "photo": {"prefix": "https://igx.4sqi.net/img/user/", "suffix": "/XZREPFZQK53HCKGZ.jpg"}, "homeCity": "Singapore", "lists": {"groups": [{"items": [], "count": 2, "type": "created"}]}}, {"tips": {"count": 0}, "contact": {"twitter": "cyndishi", "facebook": "565571113"}, "firstName": "Cindy", "gender": "female", "lastName": "Leticia", "id": "2019772", "bio": "", "photo": {"prefix": "https://igx.4sqi.net/img/user/", "suffix": "/OZHBYHN2PMHYYSLO.jpg"}, "homeCity": "Singapore", "lists": {"groups": [{"items": [], "count": 2, "type": "created"}]}}, {"tips": {"count": 0}, "contact": {"facebook": "1048495411"}, "firstName": "Chanthel", "gender": "female", "id": "3386018", "bio": "", "photo": {"prefix": "https://igx.4sqi.net/img/user/", "suffix": "/PAIFSCYHBXTDX3JH.jpg"}, "homeCity": "Singapore", "lists": {"groups": [{"items": [], "count": 2, "type": "created"}]}}, {"tips": {"count": 0}, "contact": {"facebook": "100001910415199"}, "firstName": "Guo", "gender": "male", "lastName": "Hanqiang", "id": "5886781", "bio": "", "photo": {"prefix": "https://igx.4sqi.net/img/user/", "suffix": "/504NTROF0V1DFHFS.jpg"}, "homeCity": "Singapore", "lists": {"groups": [{"items": [], "count": 2, "type": "created"}]}}, {"tips": {"count": 0}, "contact": {"facebook": "579401027"}, "firstName": "Karwei", "gender": "male", "lastName": "Yeo", "id": "48542188", "bio": "", "photo": {"prefix": "https://igx.4sqi.net/img/user/", "suffix": "/2VCKPQJ4100NRT5V.jpg"}, "homeCity": "New York, NY", "lists": {"groups": [{"items": [], "count": 2, "type": "created"}]}}, {"tips": {"count": 2}, "contact": {"facebook": "651188716"}, "firstName": "William", "gender": "male", "lastName": "Tan", "id": "4581392", "bio": "", "photo": {"prefix": "https://igx.4sqi.net/img/user/", "suffix": "/4581392-1JXUH5FBABL53PKV.jpg"}, "homeCity": "Singapore", "lists": {"groups": [{"items": [], "count": 2, "type": "created"}]}}, {"superuser": 3, "tips": {"count": 25}, "contact": {"twitter": "spaceman_sg", "facebook": "749368263"}, "firstName": "Alan", "gender": "male", "lastName": "Tan", "id": "2421718", "bio": "Completed my year 2017 36th full marathon at Osim Sundown Marathon Singapore after my last full marathon in December 2016. Feeling great!", "photo": {"prefix": "https://igx.4sqi.net/img/user/", "suffix": "/2421718-0BCAFQHO5E1G5GGS.jpg"}, "homeCity": "Singapore", "lists": {"groups": [{"items": [], "count": 8, "type": "created"}]}}, {"tips": {"count": 0}, "contact": {"twitter": "rrrroystonnnn", "facebook": "546830206"}, "firstName": "Royston", "gender": "male", "lastName": "Lim", "id": "3680249", "bio": "", "photo": {"prefix": "https://igx.4sqi.net/img/user/", "suffix": "/QAEHM2DY2JEVJ5RY.jpg"}, "homeCity": "Singapore", "lists": {"groups": [{"items": [], "count": 2, "type": "created"}]}}, {"tips": {"count": 0}, "contact": {"facebook": "100000391279187"}, "firstName": "Norman", "gender": "male", "lastName": "Lee", "id": "5888324", "bio": "", "photo": {"prefix": "https://igx.4sqi.net/img/user/", "suffix": "/5888324-NFXA0UGBMLWXGP5K.jpg"}, "homeCity": "Singapore", "lists": {"groups": [{"items": [], "count": 3, "type": "created"}]}}, {"tips": {"count": 1}, "contact": {"facebook": "100005281572483"}, "firstName": "Je Suis", "gender": "male", "lastName": "Chris", "id": "48696068", "bio": "", "photo": {"prefix": "https://igx.4sqi.net/img/user/", "suffix": "/HKKMF42RRXZKTMZO.jpg"}, "homeCity": "Singapore", "lists": {"groups": [{"items": [], "count": 2, "type": "created"}]}}, {"tips": {"count": 0}, "contact": {"facebook": "773809408"}, "firstName": "Lucia", "gender": "female", "lastName": "Jacqueline", "id": "4926836", "bio": "", "photo": {"prefix": "https://igx.4sqi.net/img/user/", "suffix": "/DB5CTHBUSPJODSXQ.jpg"}, "homeCity": "Singapore", "lists": {"groups": [{"items": [], "count": 2, "type": "created"}]}}, {"tips": {"count": 9}, "contact": {"facebook": "670086348"}, "firstName": "Phill", "gender": "male", "lastName": "Hong", "id": "2474020", "bio": "", "photo": {"prefix": "https://igx.4sqi.net/img/user/", "suffix": "/2474020-52J0H2JGTAEH5AU1.jpg"}, "homeCity": "Singapore", "lists": {"groups": [{"items": [], "count": 2, "type": "created"}]}}, {"tips": {"count": 1}, "contact": {"facebook": "632689676"}, "firstName": "Suhaila", "gender": "female", "lastName": "Othman", "id": "4605062", "bio": "", "photo": {"prefix": "https://igx.4sqi.net/img/user/", "suffix": "/BQMOINXWLGVEPGF4.jpg"}, "homeCity": "Singapore", "lists": {"groups": [{"items": [], "count": 2, "type": "created"}]}}, {"tips": {"count": 12}, "contact": {"facebook": "10153041223222512"}, "firstName": "Violice", "gender": "none", "lastName": "Neo", "id": "6139219", "bio": "", "photo": {"prefix": "https://igx.4sqi.net/img/user/", "suffix": "/DNP21PMZ1PJWVWSQ.jpg"}, "homeCity": "Singapore", "lists": {"groups": [{"items": [], "count": 2, "type": "created"}]}}, {"tips": {"count": 0}, "contact": {"facebook": "100000714323148"}, "firstName": "Lynda", "gender": "female", "lastName": "Khor", "id": "53782618", "bio": "", "photo": {"prefix": "https://igx.4sqi.net/img/user/", "suffix": "/40NUR5RVAB5Z2BDT.jpg"}, "homeCity": "Singapore", "lists": {"groups": [{"items": [], "count": 2, "type": "created"}]}}, {"tips": {"count": 4}, "contact": {"facebook": "659449912"}, "firstName": "Lucas", "gender": "male", "lastName": "Y\u00ebo", "id": "5083156", "bio": "", "photo": {"prefix": "https://igx.4sqi.net/img/user/", "suffix": "/5083156-QJAMYSY3POI3DLWE.jpg"}, "homeCity": "Singapore", "lists": {"groups": [{"items": [], "count": 2, "type": "created"}]}}, {"tips": {"count": 1}, "contact": {"twitter": "hellovelle", "facebook": "621466908"}, "firstName": "Valentia", "gender": "female", "lastName": "Velle", "id": "3241327", "bio": "", "photo": {"prefix": "https://igx.4sqi.net/img/user/", "suffix": "/IVMTR3YVR3QU55KV.jpg"}, "homeCity": "New Zealand", "lists": {"groups": [{"items": [], "count": 2, "type": "created"}]}}, {"tips": {"count": 1}, "contact": {}, "firstName": "Joseph", "gender": "male", "lastName": "Tan", "id": "5802672", "bio": "", "photo": {"prefix": "https://igx.4sqi.net/img/user/", "suffix": "/VYNCJVUT2SF2TISD.jpg"}, "homeCity": "Singapore", "lists": {"groups": [{"items": [], "count": 2, "type": "created"}]}}, {"tips": {"count": 0}, "contact": {"facebook": "1297052180"}, "firstName": "Yew Chye", "gender": "male", "lastName": "Chua", "id": "71887297", "bio": "", "photo": {"prefix": "https://igx.4sqi.net/img/user/", "suffix": "/71887297-CEN1GUYD5ZKEMYQU.jpg"}, "homeCity": "Singapore", "lists": {"groups": [{"items": [], "count": 2, "type": "created"}]}}, {"tips": {"count": 1}, "contact": {"twitter": "nee_lie", "facebook": "227700543"}, "firstName": "Eileen", "gender": "female", "lastName": "Lim", "id": "8351311", "bio": "", "photo": {"prefix": "https://igx.4sqi.net/img/user/", "suffix": "/U15MY3AYICN3AVV4.jpg"}, "homeCity": "Singapore", "lists": {"groups": [{"items": [], "count": 3, "type": "created"}]}}, {"tips": {"count": 0}, "contact": {}, "firstName": "Jee Seng", "gender": "male", "id": "3248932", "bio": "", "photo": {"prefix": "https://igx.4sqi.net/img/user/", "suffix": "/3248932-JQ2WROMVWPF1BD4Z.jpg"}, "homeCity": "Singapore", "lists": {"groups": [{"items": [], "count": 3, "type": "created"}]}}, {"tips": {"count": 1}, "contact": {"twitter": "jonongdez", "facebook": "646623775"}, "firstName": "Jonathan Ong", "gender": "male", "id": "6326012", "bio": "", "photo": {"prefix": "https://igx.4sqi.net/img/user/", "suffix": "/X2IMJM4HOSALBBOX.jpg"}, "homeCity": "Singapore", "lists": {"groups": [{"items": [], "count": 2, "type": "created"}]}}, {"tips": {"count": 0}, "contact": {"facebook": "679862666"}, "firstName": "Yee", "gender": "female", "lastName": "Hua", "id": "21863695", "bio": "", "photo": {"prefix": "https://igx.4sqi.net/img/user/", "suffix": "/C4INAYVHY2JEERX0.jpg"}, "homeCity": "New York, NY", "lists": {"groups": [{"items": [], "count": 2, "type": "created"}]}}, {"tips": {"count": 4}, "contact": {"facebook": "704219124"}, "firstName": "Shamsul Kamal", "gender": "none", "lastName": "(Sam.K)", "id": "3412456", "bio": "", "photo": {"prefix": "https://igx.4sqi.net/img/user/", "suffix": "/GH1SV1SXLWFPKDTA.jpg"}, "homeCity": "Singapore", "lists": {"groups": [{"items": [], "count": 2, "type": "created"}]}}, {"tips": {"count": 0}, "contact": {"facebook": "100000406246532"}, "firstName": "Tommy", "gender": "male", "lastName": "Tan", "id": "79539713", "bio": "", "photo": {"prefix": "https://igx.4sqi.net/img/user/", "suffix": "/79539713-0OSPUFNMPTJXWI1X.jpg"}, "homeCity": "Singapore, Singapore", "lists": {"groups": [{"items": [], "count": 2, "type": "created"}]}}, {"tips": {"count": 4}, "contact": {"facebook": "736961624"}, "firstName": "Henry", "gender": "male", "lastName": "Tan", "id": "3470159", "bio": "", "photo": {"prefix": "https://igx.4sqi.net/img/user/", "suffix": "/RPDMBNUZPTTTC1DW.jpg"}, "homeCity": "Singapore", "lists": {"groups": [{"items": [], "count": 2, "type": "created"}]}}, {"tips": {"count": 4}, "contact": {}, "firstName": "Ivan", "gender": "male", "lastName": "Low", "id": "6475302", "bio": "", "photo": {"prefix": "https://igx.4sqi.net/img/user/", "suffix": "/B32Q4BHXLIEUI35E.jpg"}, "homeCity": "Singapore", "lists": {"groups": [{"items": [], "count": 2, "type": "created"}]}}, {"tips": {"count": 15}, "contact": {"twitter": "mad_oreo", "facebook": "676889828"}, "firstName": "matthew", "gender": "male", "lastName": "lim", "id": "7325177", "bio": "", "photo": {"prefix": "https://igx.4sqi.net/img/user/", "suffix": "/1X4KCOMSOIYLR5Z4.jpg"}, "homeCity": "Singapore", "lists": {"groups": [{"items": [], "count": 2, "type": "created"}]}}, {"tips": {"count": 0}, "contact": {"twitter": "linhasda", "facebook": "753084745"}, "firstName": "Haslinda", "gender": "female", "lastName": "Hassan", "id": "31309393", "bio": "", "photo": {"prefix": "https://igx.4sqi.net/img/user/", "suffix": "/MOBXJ5Z5ZZ5A4EEY.jpg"}, "homeCity": "singapore.", "lists": {"groups": [{"items": [], "count": 2, "type": "created"}]}}], "count": 95}, "checksum": "c1e0b0675c0b38555941643a1478ca0c034eef0a"}, "meta": {"requestId": "5965cdff6a60711438aacd55", "code": 200}}