{"notifications": [{"type": "notificationTray", "item": {"unreadCount": 0}}], "meta": {"requestId": "5966d9f46a607115d0f89dc8", "code": 200}, "response": {"friends": {"count": 7, "items": [{"id": "5110088", "photo": {"prefix": "https://igx.4sqi.net/img/user/", "default": true, "suffix": "/blank_boy.png"}, "homeCity": "Singapore", "contact": {}, "firstName": "Alan", "tips": {"count": 0}, "gender": "none", "lastName": "Lai", "lists": {"groups": [{"count": 2, "type": "created", "items": []}]}, "bio": ""}, {"id": "2453325", "photo": {"prefix": "https://igx.4sqi.net/img/user/", "suffix": "/4XGGIJKMKDTECPG5.jpg"}, "homeCity": "Malaysia", "contact": {"facebook": "655683123", "twitter": "lilymissyblurry"}, "firstName": "Elaine", "tips": {"count": 0}, "gender": "female", "lastName": "Leong", "lists": {"groups": [{"count": 2, "type": "created", "items": []}]}, "bio": ""}, {"id": "6043768", "photo": {"prefix": "https://igx.4sqi.net/img/user/", "suffix": "/IPHO0O5R05JRGJSX.jpg"}, "homeCity": "Singapore", "contact": {}, "firstName": "Xueqi", "tips": {"count": 1}, "gender": "none", "lastName": "Lee", "lists": {"groups": [{"count": 2, "type": "created", "items": []}]}, "bio": ""}, {"id": "6023865", "photo": {"prefix": "https://igx.4sqi.net/img/user/", "suffix": "/WROPLT20CYT1302U.jpg"}, "homeCity": "Singapore", "contact": {}, "firstName": "Joyce", "tips": {"count": 0}, "gender": "female", "lastName": "Liew", "lists": {"groups": [{"count": 2, "type": "created", "items": []}]}, "bio": ""}, {"id": "3238863", "photo": {"prefix": "https://igx.4sqi.net/img/user/", "suffix": "/UR1NVCUYYN4WQXUZ.jpg"}, "homeCity": "Singapore", "contact": {"facebook": "618342544"}, "firstName": "Justina", "tips": {"count": 0}, "gender": "female", "lastName": "Goh", "lists": {"groups": [{"count": 2, "type": "created", "items": []}]}, "bio": ""}, {"id": "3410046", "photo": {"prefix": "https://igx.4sqi.net/img/user/", "suffix": "/4IROAXHWZRXNBIRN.png"}, "homeCity": "Singapore", "contact": {"facebook": "550338226", "twitter": "snowwie"}, "firstName": "Snowwie", "tips": {"count": 2}, "gender": "female", "lastName": "Ning", "lists": {"groups": [{"count": 2, "type": "created", "items": []}]}, "bio": ""}, {"id": "3420349", "photo": {"prefix": "https://igx.4sqi.net/img/user/", "suffix": "/RLISTIG1PDCOY1W0.jpg"}, "homeCity": "Singapore", "contact": {"facebook": "657441493"}, "firstName": "Jacqueline", "tips": {"count": 1}, "gender": "female", "lastName": "Leong", "lists": {"groups": [{"count": 2, "type": "created", "items": []}]}, "bio": ""}]}, "checksum": "ea3dbd3fc0498b695e297de8ec8ce1af758d8467"}}