{"notifications": [{"type": "notificationTray", "item": {"unreadCount": 0}}], "response": {"friends": {"items": [{"tips": {"count": 0}, "contact": {}, "firstName": "Becs", "gender": "female", "lastName": "Olive", "id": "4522336", "bio": "", "photo": {"prefix": "https://igx.4sqi.net/img/user/", "suffix": "/UY3IG2PSSFEWHHBJ.jpg"}, "homeCity": "Singapore", "lists": {"groups": [{"items": [], "count": 2, "type": "created"}]}}, {"tips": {"count": 1}, "contact": {"twitter": "elsieepalsy", "facebook": "581023441"}, "firstName": "Cherlene", "gender": "female", "lastName": "Lim", "id": "1336391", "bio": "", "photo": {"prefix": "https://igx.4sqi.net/img/user/", "suffix": "/NP2OM0RNJNBA3AFI.jpg"}, "homeCity": "Tampines, Singapore", "lists": {"groups": [{"items": [], "count": 2, "type": "created"}]}}, {"tips": {"count": 0}, "contact": {"twitter": "gordlim", "facebook": "586016371"}, "firstName": "Gordon", "gender": "male", "lastName": "Lim", "id": "1866208", "bio": "", "photo": {"prefix": "https://igx.4sqi.net/img/user/", "suffix": "/LVXASLJ1JERGUA3B.jpg"}, "homeCity": "Singapore", "lists": {"groups": [{"items": [], "count": 2, "type": "created"}]}}, {"tips": {"count": 1}, "contact": {"facebook": "533573765"}, "firstName": "cecelia", "gender": "female", "lastName": "lee", "id": "4238758", "bio": "", "photo": {"prefix": "https://igx.4sqi.net/img/user/", "suffix": "/GWKOZGJMEAAWIQYW.jpg"}, "homeCity": "Singapore", "lists": {"groups": [{"items": [], "count": 2, "type": "created"}]}}, {"tips": {"count": 0}, "contact": {"facebook": "648005750"}, "firstName": "dddesmonddd", "gender": "male", "lastName": "lee", "id": "3524009", "bio": "", "photo": {"prefix": "https://igx.4sqi.net/img/user/", "suffix": "/IQ4K4GO2RNLVK3U2.jpg"}, "homeCity": "Singapore", "lists": {"groups": [{"items": [], "count": 2, "type": "created"}]}}, {"tips": {"count": 0}, "contact": {"facebook": "741019712"}, "firstName": "Yukiya Desmond", "gender": "male", "lastName": "Ho", "id": "5402707", "bio": "Male", "photo": {"prefix": "https://igx.4sqi.net/img/user/", "suffix": "/5402707-INHC5ENJWKHQCE4R.jpg"}, "homeCity": "Singapore", "lists": {"groups": [{"items": [], "count": 2, "type": "created"}]}}, {"tips": {"count": 0}, "contact": {"facebook": "638150586"}, "firstName": "Brenda", "gender": "female", "lastName": "Cher", "id": "4625242", "bio": "", "photo": {"prefix": "https://igx.4sqi.net/img/user/", "suffix": "/OTSLBY4YWWIHCF4W.jpg"}, "homeCity": "Singapore", "lists": {"groups": [{"items": [], "count": 2, "type": "created"}]}}, {"tips": {"count": 2}, "contact": {"twitter": "diamond_dust", "facebook": "606673463"}, "firstName": "Angie", "gender": "female", "lastName": "Low", "id": "1777231", "bio": "", "photo": {"prefix": "https://igx.4sqi.net/img/user/", "suffix": "/KXCDBAQFBOQ0XPJF.jpg"}, "homeCity": "Singapore", "lists": {"groups": [{"items": [], "count": 2, "type": "created"}]}}, {"tips": {"count": 0}, "contact": {}, "firstName": "Nellie", "gender": "none", "id": "4224107", "bio": "", "photo": {"prefix": "https://igx.4sqi.net/img/user/", "suffix": "/I4MD150304UH3G5S.jpg"}, "homeCity": "Singapore", "lists": {"groups": [{"items": [], "count": 2, "type": "created"}]}}, {"tips": {"count": 0}, "contact": {"facebook": "649654262"}, "firstName": "Lucy", "gender": "female", "lastName": "Tan", "id": "1544415", "bio": "", "photo": {"prefix": "https://igx.4sqi.net/img/user/", "suffix": "/TGX2XYCYJIBJHTIL.jpg"}, "homeCity": "Singapore", "lists": {"groups": [{"items": [], "count": 2, "type": "created"}]}}, {"tips": {"count": 1}, "contact": {"twitter": "paraneox", "facebook": "509406128"}, "firstName": "Neo", "gender": "male", "lastName": "Chua", "id": "3432298", "bio": "", "photo": {"prefix": "https://igx.4sqi.net/img/user/", "suffix": "/2FJLWWNN15PPKRVJ.png"}, "homeCity": "Singapore", "lists": {"groups": [{"items": [], "count": 2, "type": "created"}]}}, {"tips": {"count": 0}, "contact": {"facebook": "1561387511"}, "firstName": "Colin", "gender": "male", "id": "4330882", "bio": "", "photo": {"prefix": "https://igx.4sqi.net/img/user/", "suffix": "/M2GVSF1U3HQWKJJ4.jpg"}, "homeCity": "Singapore", "lists": {"groups": [{"items": [], "count": 2, "type": "created"}]}}, {"tips": {"count": 0}, "contact": {}, "firstName": "Liz", "gender": "female", "id": "6822536", "bio": "", "photo": {"prefix": "https://igx.4sqi.net/img/user/", "suffix": "/OPTZXUI1SV2QZUFB.jpg"}, "homeCity": "Singapore", "lists": {"groups": [{"items": [], "count": 2, "type": "created"}]}}, {"tips": {"count": 1}, "contact": {"facebook": "557868872"}, "firstName": "Ling", "gender": "female", "id": "2260558", "bio": "", "photo": {"prefix": "https://igx.4sqi.net/img/user/", "suffix": "/QXCRG4CDPQ3N42MN.jpg"}, "homeCity": "Bedok, Singapore", "lists": {"groups": [{"items": [], "count": 2, "type": "created"}]}}, {"tips": {"count": 0}, "contact": {"twitter": "builderingnut", "facebook": "600917915"}, "firstName": "Imran", "gender": "male", "id": "8374009", "bio": "", "photo": {"prefix": "https://igx.4sqi.net/img/user/", "suffix": "/CCJ55PEON5TLRVFR.jpg"}, "homeCity": "Singapore", "lists": {"groups": [{"items": [], "count": 2, "type": "created"}]}}, {"tips": {"count": 1}, "contact": {"twitter": "daphne__ho", "facebook": "607900406"}, "firstName": "Daphne", "gender": "female", "lastName": "Ho", "id": "3876685", "bio": "", "photo": {"prefix": "https://igx.4sqi.net/img/user/", "suffix": "/1QOA45RSBWLCG43B.jpg"}, "homeCity": "Singapore", "lists": {"groups": [{"items": [], "count": 2, "type": "created"}]}}, {"tips": {"count": 0}, "contact": {"facebook": "716930886"}, "firstName": "Winnie", "gender": "female", "lastName": "Ang", "id": "11536827", "bio": "", "photo": {"prefix": "https://igx.4sqi.net/img/user/", "suffix": "/5FJLWYMTILB5NEDR.jpg"}, "homeCity": "Singapore", "lists": {"groups": [{"items": [], "count": 2, "type": "created"}]}}, {"tips": {"count": 7}, "contact": {"twitter": "leejhynne", "facebook": "691116451"}, "firstName": "Jhynne \uc774\uc218\ud61c", "gender": "female", "id": "2953950", "bio": "", "photo": {"prefix": "https://igx.4sqi.net/img/user/", "suffix": "/BA4Z3ADYPGDT3ZSW.jpg"}, "homeCity": "tvN \u97e9\u661f 360\u00b0 [ Singapore ]", "lists": {"groups": [{"items": [], "count": 2, "type": "created"}]}}, {"tips": {"count": 0}, "contact": {"facebook": "745695054"}, "firstName": "David javid", "gender": "male", "lastName": "Tan", "id": "2423767", "bio": "", "photo": {"prefix": "https://igx.4sqi.net/img/user/", "suffix": "/T3IC0KV4UD5LVCWA.jpg"}, "homeCity": "Singapore", "lists": {"groups": [{"items": [], "count": 2, "type": "created"}]}}, {"tips": {"count": 0}, "contact": {"facebook": "530712262"}, "firstName": "Douglas", "gender": "male", "id": "4466188", "bio": "", "photo": {"prefix": "https://igx.4sqi.net/img/user/", "suffix": "/QG51L3G01O4QEYHI.jpg"}, "homeCity": "Singapore", "lists": {"groups": [{"items": [], "count": 2, "type": "created"}]}}, {"tips": {"count": 0}, "contact": {"facebook": "1069901697"}, "firstName": "Wei Xuan", "gender": "male", "lastName": "Wang", "id": "3573661", "bio": "", "photo": {"prefix": "https://igx.4sqi.net/img/user/", "suffix": "/DJLJOKK5GFCISNM0.jpg"}, "homeCity": "Singapore", "lists": {"groups": [{"items": [], "count": 2, "type": "created"}]}}, {"tips": {"count": 0}, "contact": {"twitter": "serenetaylf", "facebook": "558434295"}, "firstName": "Serene", "gender": "female", "lastName": "Tay", "id": "4599893", "bio": "", "photo": {"prefix": "https://igx.4sqi.net/img/user/", "suffix": "/VFUGAYYAXDMZK0GE.jpg"}, "homeCity": "Singapore", "lists": {"groups": [{"items": [], "count": 2, "type": "created"}]}}, {"tips": {"count": 6}, "contact": {"twitter": "steviestevetoh", "facebook": "567523755"}, "firstName": "Steve", "gender": "male", "lastName": "Toh", "id": "4877991", "bio": "", "photo": {"prefix": "https://igx.4sqi.net/img/user/", "suffix": "/M3Z50IXIZVCGTHO4.jpg"}, "homeCity": "Singapore, Woodlands", "lists": {"groups": [{"items": [], "count": 2, "type": "created"}]}}, {"tips": {"count": 0}, "contact": {"twitter": "magtoh", "facebook": "639400564"}, "firstName": "Mag", "gender": "female", "lastName": "Toh", "id": "6362844", "bio": "", "photo": {"prefix": "https://igx.4sqi.net/img/user/", "suffix": "/2OZ23Z04WG5GZBEB.png"}, "homeCity": "Singapore", "lists": {"groups": [{"items": [], "count": 2, "type": "created"}]}}, {"tips": {"count": 0}, "contact": {"twitter": "dalveedo"}, "firstName": "David", "gender": "male", "lastName": "oh", "id": "6211764", "bio": "", "photo": {"prefix": "https://igx.4sqi.net/img/user/", "suffix": "/HLYXHMCFUJPFJTLP.jpg"}, "homeCity": "Singapore", "lists": {"groups": [{"items": [], "count": 2, "type": "created"}]}}], "count": 25}, "checksum": "450d73df3231ac7940f92fcab9c35672b298f290"}, "meta": {"requestId": "5965f2e41ed21919faf49430", "code": 200}}