{"notifications": [{"type": "notificationTray", "item": {"unreadCount": 0}}], "response": {"friends": {"items": [{"tips": {"count": 3}, "contact": {"facebook": "685209598"}, "firstName": "Nur", "gender": "male", "lastName": "Danial", "id": "4844570", "bio": "", "photo": {"prefix": "https://igx.4sqi.net/img/user/", "suffix": "/GXWFCJUOGPHXGMLV.jpg"}, "homeCity": "Singapore", "lists": {"groups": [{"items": [], "count": 2, "type": "created"}]}}, {"tips": {"count": 1}, "contact": {"twitter": "bardblaine"}, "firstName": "Bard", "gender": "male", "id": "3770306", "bio": "bardblaine@twitter\r\nbardblaine@instagram", "photo": {"prefix": "https://igx.4sqi.net/img/user/", "suffix": "/ENCCSUBIJQZONXIN.jpg"}, "homeCity": "Singapore", "lists": {"groups": [{"items": [], "count": 2, "type": "created"}]}}, {"tips": {"count": 0}, "contact": {}, "firstName": "Kelvin", "gender": "male", "lastName": "Ong", "id": "4272755", "bio": "", "photo": {"prefix": "https://igx.4sqi.net/img/user/", "suffix": "/blank_boy.png", "default": true}, "homeCity": "Singapore", "lists": {"groups": [{"items": [], "count": 2, "type": "created"}]}}, {"tips": {"count": 11}, "contact": {"twitter": "lenethemean", "facebook": "507610876"}, "firstName": "Sharlene", "gender": "female", "lastName": "Tan", "id": "1436960", "bio": "", "photo": {"prefix": "https://igx.4sqi.net/img/user/", "suffix": "/VKCXJEORSXDJLGOA.jpg"}, "homeCity": "singapore, Singapore", "lists": {"groups": [{"items": [], "count": 2, "type": "created"}]}}, {"tips": {"count": 23}, "contact": {"facebook": "5116405"}, "firstName": "Giancarlo", "gender": "male", "lastName": "Damiani", "id": "2289242", "bio": "", "photo": {"prefix": "https://igx.4sqi.net/img/user/", "suffix": "/US3UADPBDDEYCK1I.jpg"}, "homeCity": "Singapore", "lists": {"groups": [{"items": [], "count": 2, "type": "created"}]}}, {"tips": {"count": 1}, "contact": {"facebook": "1288977404"}, "firstName": "Yudy", "gender": "male", "lastName": "Shafiq", "id": "1177170", "bio": "", "photo": {"prefix": "https://irs0.4sqi.net/img/user/", "suffix": "/AWB1R55RPABGGIE5.jpg"}, "homeCity": "Sentosa Island, Singapore", "lists": {"groups": [{"items": [], "count": 2, "type": "created"}]}}, {"tips": {"count": 31}, "contact": {"twitter": "urbs0918", "facebook": "793545284"}, "firstName": "Jason", "gender": "male", "lastName": "Urbanski", "id": "2914048", "bio": "", "photo": {"prefix": "https://igx.4sqi.net/img/user/", "suffix": "/C3NUN1QALFNYPQMD.jpg"}, "homeCity": "Orlando, FL", "lists": {"groups": [{"items": [], "count": 2, "type": "created"}]}}, {"tips": {"count": 0}, "contact": {"facebook": "546061715"}, "firstName": "Azie", "gender": "female", "lastName": "Natrisya", "id": "3458378", "bio": "", "photo": {"prefix": "https://igx.4sqi.net/img/user/", "suffix": "/VDKBBFQSJ4YEVLDZ.jpg"}, "homeCity": "Singapore", "lists": {"groups": [{"items": [], "count": 2, "type": "created"}]}}, {"tips": {"count": 0}, "contact": {"twitter": "dorymacaroni", "facebook": "655157643"}, "firstName": "Dory", "gender": "female", "lastName": "Sezxyouup", "id": "3333378", "bio": "", "photo": {"prefix": "https://igx.4sqi.net/img/user/", "suffix": "/VYH53EN1MKH5MSEC.jpg"}, "homeCity": "Singapore", "lists": {"groups": [{"items": [], "count": 2, "type": "created"}]}}, {"tips": {"count": 0}, "contact": {"twitter": "fizzyfiz", "facebook": "637136271"}, "firstName": "Nur", "gender": "female", "lastName": "Hafizah", "id": "1769127", "bio": "", "photo": {"prefix": "https://igx.4sqi.net/img/user/", "suffix": "/VKUUTX4QZK0UVJUI.jpg"}, "homeCity": ", Singapore", "lists": {"groups": [{"items": [], "count": 2, "type": "created"}]}}, {"tips": {"count": 0}, "contact": {}, "firstName": "Jasmine", "gender": "none", "lastName": "Jj", "id": "2789073", "bio": "", "photo": {"prefix": "https://igx.4sqi.net/img/user/", "suffix": "/FVMFDMLDBZHQ4NDE.jpg"}, "homeCity": "Singapore", "lists": {"groups": [{"items": [], "count": 2, "type": "created"}]}}, {"tips": {"count": 1}, "contact": {"twitter": "jonchannn", "facebook": "663750898"}, "firstName": "\uc870\ub098\ub2e8", "gender": "male", "superuser": 2, "id": "2846425", "bio": "", "photo": {"prefix": "https://igx.4sqi.net/img/user/", "suffix": "/2846425-5ECRJIDC4W0MORWU.jpg"}, "homeCity": "Singapore", "lists": {"groups": [{"items": [], "count": 4, "type": "created"}]}}, {"tips": {"count": 4}, "contact": {"twitter": "pamelaseak", "facebook": "650943439"}, "firstName": "Pamela", "gender": "female", "lastName": "Seak", "id": "509097", "bio": "", "photo": {"prefix": "https://igx.4sqi.net/img/user/", "suffix": "/KZMFLYALEJGKCK1I.jpg"}, "homeCity": "Singapore", "lists": {"groups": [{"items": [], "count": 2, "type": "created"}]}}, {"tips": {"count": 0}, "contact": {}, "firstName": "Frans", "gender": "female", "lastName": "Fortunata", "id": "4275838", "bio": "", "photo": {"prefix": "https://igx.4sqi.net/img/user/", "suffix": "/YYXMIJX3YJAWQDRE.jpg"}, "homeCity": "Singapore", "lists": {"groups": [{"items": [], "count": 2, "type": "created"}]}}, {"tips": {"count": 0}, "contact": {"facebook": "539815764"}, "firstName": "Erin", "gender": "female", "id": "2340276", "bio": "", "photo": {"prefix": "https://igx.4sqi.net/img/user/", "suffix": "/V2PYYCDRXZF3VMKP.jpg"}, "homeCity": "Sentosa, Singapore", "lists": {"groups": [{"items": [], "count": 2, "type": "created"}]}}, {"tips": {"count": 3}, "contact": {}, "firstName": "Cassidy", "gender": "female", "lastName": "Anderson", "id": "3062671", "bio": "", "photo": {"prefix": "https://igx.4sqi.net/img/user/", "suffix": "/J1GZCECNY3NVGUJB.jpg"}, "homeCity": "Singapore", "lists": {"groups": [{"items": [], "count": 2, "type": "created"}]}}, {"tips": {"count": 0}, "contact": {"facebook": "1475306104"}, "firstName": "Fahmy", "gender": "male", "lastName": "Roslee", "id": "4188703", "bio": "", "photo": {"prefix": "https://igx.4sqi.net/img/user/", "suffix": "/MFTDIA2CEA1D312X.jpg"}, "homeCity": "Singapore", "lists": {"groups": [{"items": [], "count": 2, "type": "created"}]}}, {"tips": {"count": 0}, "contact": {}, "firstName": "Myra", "gender": "female", "lastName": "Husny", "id": "4586557", "bio": "", "photo": {"prefix": "https://igx.4sqi.net/img/user/", "suffix": "/XTOWK01BQV4WWQID.jpg"}, "homeCity": "Singapore", "lists": {"groups": [{"items": [], "count": 2, "type": "created"}]}}, {"tips": {"count": 1}, "contact": {"facebook": "604294964"}, "firstName": "haley", "gender": "female", "lastName": "imah", "id": "2976715", "bio": "", "photo": {"prefix": "https://igx.4sqi.net/img/user/", "suffix": "/12O2ECAS4MYKRQDL.jpg"}, "homeCity": "Singapore", "lists": {"groups": [{"items": [], "count": 2, "type": "created"}]}}, {"tips": {"count": 1}, "contact": {"twitter": "chelseenova", "facebook": "734310904"}, "firstName": "Chelsea", "gender": "female", "lastName": "Nova", "id": "2863334", "bio": "", "photo": {"prefix": "https://igx.4sqi.net/img/user/", "suffix": "/DN2YK4NID3BE0DIZ.jpg"}, "homeCity": "Newcastle, Australia", "lists": {"groups": [{"items": [], "count": 2, "type": "created"}]}}, {"tips": {"count": 5}, "contact": {"facebook": "776169369"}, "firstName": "Khalisah", "gender": "female", "lastName": "Jumain", "id": "2836199", "bio": "", "photo": {"prefix": "https://igx.4sqi.net/img/user/", "suffix": "/DUS0SVSYZFSL1EZR.jpg"}, "homeCity": "Singapore", "lists": {"groups": [{"items": [], "count": 2, "type": "created"}]}}, {"tips": {"count": 0}, "contact": {}, "firstName": "Sadrina", "gender": "female", "lastName": "Hamzah", "id": "4055762", "bio": "", "photo": {"prefix": "https://igx.4sqi.net/img/user/", "suffix": "/blank_girl.png", "default": true}, "homeCity": "Singapore", "lists": {"groups": [{"items": [], "count": 2, "type": "created"}]}}, {"tips": {"count": 3}, "contact": {"facebook": "667966037"}, "firstName": "Mohd Elfie", "gender": "male", "lastName": "Mohd Amin", "id": "3117254", "bio": "", "photo": {"prefix": "https://igx.4sqi.net/img/user/", "suffix": "/TJQYMUHLPRCZC4MG.jpg"}, "homeCity": "Singapore", "lists": {"groups": [{"items": [], "count": 2, "type": "created"}]}}, {"tips": {"count": 1}, "contact": {"twitter": "lennardchan", "facebook": "100001352706908"}, "firstName": "Lennard", "gender": "male", "lastName": "Chan", "id": "2871376", "bio": "", "photo": {"prefix": "https://igx.4sqi.net/img/user/", "suffix": "/2871376-MMDNSSC41YEEEFGS.jpg"}, "homeCity": "Singapore", "lists": {"groups": [{"items": [], "count": 2, "type": "created"}]}}, {"tips": {"count": 2}, "contact": {"facebook": "100001490452289"}, "firstName": "Frizmo", "gender": "male", "lastName": "Kaito", "id": "3378280", "bio": "", "photo": {"prefix": "https://igx.4sqi.net/img/user/", "suffix": "/3BNEV51ZAP1QCEZA.jpg"}, "homeCity": "Singapore", "lists": {"groups": [{"items": [], "count": 2, "type": "created"}]}}, {"tips": {"count": 0}, "contact": {}, "firstName": "Esah", "gender": "female", "lastName": "Aziz", "id": "3505441", "bio": "", "photo": {"prefix": "https://igx.4sqi.net/img/user/", "suffix": "/TYU5I345LCACZYWZ.jpg"}, "homeCity": "Singapore", "lists": {"groups": [{"items": [], "count": 2, "type": "created"}]}}, {"tips": {"count": 3}, "contact": {}, "firstName": "Juliana", "gender": "female", "lastName": "Mazlan", "id": "3403869", "bio": "", "photo": {"prefix": "https://igx.4sqi.net/img/user/", "suffix": "/V0S5X22DPQJNNYRN.jpg"}, "homeCity": "Singapore", "lists": {"groups": [{"items": [], "count": 2, "type": "created"}]}}, {"tips": {"count": 0}, "contact": {}, "firstName": "Khairul Anshary", "gender": "male", "lastName": "Mohamed", "id": "3701530", "bio": "", "photo": {"prefix": "https://igx.4sqi.net/img/user/", "suffix": "/2KDIWMCI5D5OHOUY.jpg"}, "homeCity": "Singapore", "lists": {"groups": [{"items": [], "count": 2, "type": "created"}]}}, {"tips": {"count": 4}, "contact": {}, "firstName": "Wan", "gender": "male", "lastName": "Fresco", "id": "3642050", "bio": "", "photo": {"prefix": "https://igx.4sqi.net/img/user/", "suffix": "/WIQ5IHIM3ZSH0IZU.jpg"}, "homeCity": "Singapore", "lists": {"groups": [{"items": [], "count": 2, "type": "created"}]}}, {"tips": {"count": 0}, "contact": {}, "firstName": "Zulaiha", "gender": "female", "lastName": "Zainudin", "id": "3856338", "bio": "", "photo": {"prefix": "https://igx.4sqi.net/img/user/", "suffix": "/4NMYMOGSH1KDYT2S.jpg"}, "homeCity": "Singapore", "lists": {"groups": [{"items": [], "count": 2, "type": "created"}]}}, {"tips": {"count": 2}, "contact": {"facebook": "689502539"}, "firstName": "Cam", "gender": "female", "lastName": "Carlos", "id": "3682554", "bio": "", "photo": {"prefix": "https://igx.4sqi.net/img/user/", "suffix": "/T2EH0EP4DHAL10PF.jpg"}, "homeCity": "Singapore", "lists": {"groups": [{"items": [], "count": 2, "type": "created"}]}}, {"tips": {"count": 0}, "contact": {"facebook": "1839916742"}, "firstName": "Alan Shari", "gender": "male", "lastName": "Shearer", "id": "4020074", "bio": "", "photo": {"prefix": "https://igx.4sqi.net/img/user/", "suffix": "/2Q1UZJJENXYCBO05.jpg"}, "homeCity": "Singapore", "lists": {"groups": [{"items": [], "count": 2, "type": "created"}]}}, {"tips": {"count": 3}, "contact": {}, "firstName": "Boo", "gender": "female", "lastName": "Boo", "id": "3688010", "bio": "", "photo": {"prefix": "https://igx.4sqi.net/img/user/", "suffix": "/GV1XXN0NRPZVWKH1.jpg"}, "homeCity": "Singapore", "lists": {"groups": [{"items": [], "count": 2, "type": "created"}]}}, {"tips": {"count": 1}, "contact": {"facebook": "873720536"}, "firstName": "Mohammad", "gender": "male", "lastName": "Fadli", "id": "4040813", "bio": "", "photo": {"prefix": "https://igx.4sqi.net/img/user/", "suffix": "/VCNISSAOVDOG0C02.jpg"}, "homeCity": "Singapore", "lists": {"groups": [{"items": [], "count": 2, "type": "created"}]}}, {"tips": {"count": 3}, "contact": {}, "firstName": "Adam", "gender": "male", "lastName": "Horwitz", "id": "3984474", "bio": "", "photo": {"prefix": "https://igx.4sqi.net/img/user/", "suffix": "/JEUF4GOYUNBWQ5PW.jpg"}, "homeCity": "Singapore", "lists": {"groups": [{"items": [], "count": 2, "type": "created"}]}}, {"tips": {"count": 0}, "contact": {"facebook": "571730078"}, "firstName": "Audrey", "gender": "none", "lastName": "Cheong", "id": "4110033", "bio": "", "photo": {"prefix": "https://igx.4sqi.net/img/user/", "suffix": "/VJELLZ5EBWQEBD1Q.jpg"}, "homeCity": "Singapore", "lists": {"groups": [{"items": [], "count": 2, "type": "created"}]}}, {"tips": {"count": 0}, "contact": {"facebook": "620302814"}, "firstName": "Jessica", "gender": "female", "lastName": "Chua", "id": "4161979", "bio": "", "photo": {"prefix": "https://igx.4sqi.net/img/user/", "suffix": "/1IIN0PLQ5ZEPJS5G.jpg"}, "homeCity": "", "lists": {"groups": [{"items": [], "count": 2, "type": "created"}]}}, {"tips": {"count": 0}, "contact": {}, "firstName": "Ayis", "gender": "male", "lastName": "Kaito", "id": "4483919", "bio": "", "photo": {"prefix": "https://igx.4sqi.net/img/user/", "suffix": "/51WAMOJEO2IJGSNF.jpg"}, "homeCity": "Singapore", "lists": {"groups": [{"items": [], "count": 2, "type": "created"}]}}], "count": 38}, "checksum": "1dbdcaae67c5c61522af3480f62b08b93f72ec78"}, "meta": {"requestId": "5965d8171ed21919fcae33ae", "code": 200}}