{"notifications": [{"type": "notificationTray", "item": {"unreadCount": 0}}], "response": {"friends": {"items": [{"tips": {"count": 0}, "contact": {}, "firstName": "Joey", "gender": "female", "lastName": "Yong", "id": "7219540", "bio": "", "photo": {"prefix": "https://igx.4sqi.net/img/user/", "suffix": "/blank_girl.png", "default": true}, "homeCity": "Singapore", "lists": {"groups": [{"items": [], "count": 2, "type": "created"}]}}, {"tips": {"count": 3}, "contact": {"facebook": "1599109568"}, "firstName": "neo", "gender": "female", "lastName": "june", "id": "4250563", "bio": "", "photo": {"prefix": "https://igx.4sqi.net/img/user/", "suffix": "/MMNSVL4TLTP4QGDY.jpg"}, "homeCity": "Singapore", "lists": {"groups": [{"items": [], "count": 2, "type": "created"}]}}, {"tips": {"count": 0}, "contact": {}, "firstName": "Paul", "gender": "male", "lastName": "Decipeda", "id": "5831353", "bio": "", "photo": {"prefix": "https://igx.4sqi.net/img/user/", "suffix": "/SUAGKTK0GPLHX1MV.jpg"}, "homeCity": "Singapore", "lists": {"groups": [{"items": [], "count": 2, "type": "created"}]}}, {"tips": {"count": 0}, "contact": {}, "firstName": "Haojie.", "gender": "male", "lastName": "Ong", "id": "3588530", "bio": "", "photo": {"prefix": "https://igx.4sqi.net/img/user/", "suffix": "/AVS0YSTOEJ5KU0DQ.jpg"}, "homeCity": "Singapore", "lists": {"groups": [{"items": [], "count": 2, "type": "created"}]}}, {"tips": {"count": 0}, "contact": {}, "firstName": "Karen", "gender": "female", "lastName": "Ge", "id": "4574792", "bio": "", "photo": {"prefix": "https://igx.4sqi.net/img/user/", "suffix": "/NLRMLTH1LTMN1LLP.jpg"}, "homeCity": "Singapore, Punggol", "lists": {"groups": [{"items": [], "count": 2, "type": "created"}]}}, {"tips": {"count": 0}, "contact": {"facebook": "638243353"}, "firstName": "Irene", "gender": "female", "lastName": "Lim", "id": "3164282", "bio": "", "photo": {"prefix": "https://igx.4sqi.net/img/user/", "suffix": "/P0MDK1AFSS4LSMGA.jpg"}, "homeCity": "Singapore", "lists": {"groups": [{"items": [], "count": 2, "type": "created"}]}}, {"tips": {"count": 1}, "contact": {"twitter": "green_with_envy", "facebook": "645563293"}, "firstName": "Caroline", "gender": "female", "lastName": "Huang", "id": "3454430", "bio": "", "photo": {"prefix": "https://igx.4sqi.net/img/user/", "suffix": "/ZYQYKQVMYVFUYIZK.jpg"}, "homeCity": "Singapore", "lists": {"groups": [{"items": [], "count": 2, "type": "created"}]}}, {"tips": {"count": 0}, "contact": {}, "firstName": "VyVy", "gender": "female", "id": "1766388", "bio": "", "photo": {"prefix": "https://igx.4sqi.net/img/user/", "suffix": "/IUTOSHBYAJJRHD0S.jpg"}, "homeCity": "singapore", "lists": {"groups": [{"items": [], "count": 2, "type": "created"}]}}, {"tips": {"count": 0}, "contact": {}, "firstName": "Tay", "gender": "male", "lastName": "Gary", "id": "4226156", "bio": "", "photo": {"prefix": "https://igx.4sqi.net/img/user/", "suffix": "/1HUNOFGA4PHP0HNW.jpg"}, "homeCity": "Singapore", "lists": {"groups": [{"items": [], "count": 2, "type": "created"}]}}, {"tips": {"count": 0}, "contact": {"facebook": "100000431050442"}, "firstName": "Doris", "gender": "female", "id": "918343", "bio": "", "photo": {"prefix": "https://igx.4sqi.net/img/user/", "suffix": "/XTXVNBZQMLVNKALG.jpg"}, "homeCity": "Sengkang, Singapore", "lists": {"groups": [{"items": [], "count": 2, "type": "created"}]}}, {"tips": {"count": 3}, "contact": {"facebook": "10153135832863299"}, "firstName": "Eileen", "gender": "female", "lastName": "Goh", "id": "2547877", "bio": "", "photo": {"prefix": "https://igx.4sqi.net/img/user/", "suffix": "/2547877-LZBTBAPRBNMCPG5V.jpg"}, "homeCity": "Singapore", "lists": {"groups": [{"items": [], "count": 15, "type": "created"}]}}, {"tips": {"count": 0}, "contact": {"facebook": "716100832"}, "firstName": "Michelle", "gender": "female", "lastName": "Toh", "id": "2161963", "bio": "", "photo": {"prefix": "https://igx.4sqi.net/img/user/", "suffix": "/1NE5TP3D5KAXO1A5.jpg"}, "homeCity": "Sembawang, Singapore", "lists": {"groups": [{"items": [], "count": 2, "type": "created"}]}}, {"tips": {"count": 0}, "contact": {}, "firstName": "Ann", "gender": "female", "id": "4262013", "bio": "", "photo": {"prefix": "https://igx.4sqi.net/img/user/", "suffix": "/blank_girl.png", "default": true}, "homeCity": "Singapore", "lists": {"groups": [{"items": [], "count": 2, "type": "created"}]}}, {"tips": {"count": 0}, "contact": {}, "firstName": "Ann", "gender": "female", "lastName": "Neo", "id": "3654561", "bio": "", "photo": {"prefix": "https://igx.4sqi.net/img/user/", "suffix": "/blank_girl.png", "default": true}, "homeCity": "New York, NY", "lists": {"groups": [{"items": [], "count": 2, "type": "created"}]}}, {"tips": {"count": 0}, "contact": {}, "firstName": "Steve Soo", "gender": "male", "id": "3533637", "bio": "", "photo": {"prefix": "https://igx.4sqi.net/img/user/", "suffix": "/K3GOV1WF552V2GU3.jpg"}, "homeCity": "Singapore", "lists": {"groups": [{"items": [], "count": 2, "type": "created"}]}}, {"tips": {"count": 0}, "contact": {}, "firstName": "Calvin", "gender": "male", "lastName": "Tan", "id": "5408767", "bio": "", "photo": {"prefix": "https://igx.4sqi.net/img/user/", "suffix": "/blank_boy.png", "default": true}, "homeCity": "Singapore", "lists": {"groups": [{"items": [], "count": 2, "type": "created"}]}}, {"tips": {"count": 3}, "contact": {"twitter": "soniahui", "facebook": "724223976"}, "firstName": "Sonia", "gender": "female", "lastName": "Hui", "id": "921056", "bio": "", "photo": {"prefix": "https://igx.4sqi.net/img/user/", "suffix": "/BXRBCF32KEWTPZDZ.jpg"}, "homeCity": "Singapore", "lists": {"groups": [{"items": [], "count": 2, "type": "created"}]}}, {"tips": {"count": 1}, "contact": {"facebook": "556734185"}, "firstName": "Louise", "gender": "female", "lastName": "Lim", "id": "3432223", "bio": "", "photo": {"prefix": "https://igx.4sqi.net/img/user/", "suffix": "/5LEXJ3IUDLO2XEXY.jpg"}, "homeCity": "Singapore", "lists": {"groups": [{"items": [], "count": 2, "type": "created"}]}}, {"tips": {"count": 5}, "contact": {"facebook": "1379021342"}, "firstName": "Michelle", "gender": "female", "lastName": "Tan", "id": "5053260", "bio": "", "photo": {"prefix": "https://igx.4sqi.net/img/user/", "suffix": "/JE0HYLMKU0AG0FAT.jpg"}, "homeCity": "Singapore", "lists": {"groups": [{"items": [], "count": 2, "type": "created"}]}}, {"tips": {"count": 0}, "contact": {"facebook": "100000773703029"}, "firstName": "serene tan", "gender": "female", "id": "4055641", "bio": "", "photo": {"prefix": "https://igx.4sqi.net/img/user/", "suffix": "/QYSQMLNJOQO4ZILP.jpg"}, "homeCity": "Singapore", "lists": {"groups": [{"items": [], "count": 2, "type": "created"}]}}, {"tips": {"count": 0}, "contact": {"facebook": "744751693"}, "firstName": "Jia", "gender": "female", "lastName": "Yi", "id": "1131419", "bio": "", "photo": {"prefix": "https://igx.4sqi.net/img/user/", "suffix": "/50KOLNUTHWS2O42Z.jpg"}, "homeCity": "Tampines, Singapore", "lists": {"groups": [{"items": [], "count": 2, "type": "created"}]}}, {"tips": {"count": 2}, "contact": {"facebook": "1183580135"}, "firstName": "Sarah", "gender": "female", "lastName": "Cai", "id": "3442385", "bio": "", "photo": {"prefix": "https://igx.4sqi.net/img/user/", "suffix": "/RODWPOWRHP3Z0NEY.jpg"}, "homeCity": "Singapore", "lists": {"groups": [{"items": [], "count": 2, "type": "created"}]}}, {"tips": {"count": 0}, "contact": {"facebook": "619304573"}, "firstName": "Adrian", "gender": "male", "lastName": "Tan", "id": "3141796", "bio": "", "photo": {"prefix": "https://igx.4sqi.net/img/user/", "suffix": "/RIMMRXTETRADJ5IC.jpg"}, "homeCity": "Singapore", "lists": {"groups": [{"items": [], "count": 4, "type": "created"}]}}, {"tips": {"count": 0}, "contact": {}, "firstName": "Eric", "gender": "male", "lastName": "Chong", "id": "3728188", "bio": "", "photo": {"prefix": "https://igx.4sqi.net/img/user/", "suffix": "/G5NCWHKIZTLRLASN.jpg"}, "homeCity": "Singapore", "lists": {"groups": [{"items": [], "count": 2, "type": "created"}]}}, {"tips": {"count": 3}, "contact": {"facebook": "640675661"}, "firstName": "Christine", "gender": "female", "lastName": "Lee-Tan", "id": "3153278", "bio": "", "photo": {"prefix": "https://igx.4sqi.net/img/user/", "suffix": "/ELWHUWGYKWDN245J.jpg"}, "homeCity": "Singapore", "lists": {"groups": [{"items": [], "count": 3, "type": "created"}]}}, {"tips": {"count": 0}, "contact": {"facebook": "569682748"}, "firstName": "Joanne", "gender": "female", "lastName": "Ong", "id": "3729081", "bio": "", "photo": {"prefix": "https://igx.4sqi.net/img/user/", "suffix": "/XEWNLAHSMLK0GTYH.jpg"}, "homeCity": "Singapore", "lists": {"groups": [{"items": [], "count": 2, "type": "created"}]}}, {"tips": {"count": 4}, "contact": {"twitter": "tracy_girlie", "facebook": "703292894"}, "firstName": "Tracy", "gender": "female", "lastName": "Tee", "id": "3193088", "bio": "", "photo": {"prefix": "https://igx.4sqi.net/img/user/", "suffix": "/HI0SX4W02QSM3D2S.jpg"}, "homeCity": "Singapore", "lists": {"groups": [{"items": [], "count": 2, "type": "created"}]}}, {"tips": {"count": 0}, "contact": {}, "firstName": "Xavier", "gender": "male", "lastName": "Fam", "id": "3858936", "bio": "", "photo": {"prefix": "https://igx.4sqi.net/img/user/", "suffix": "/PFTUUQPZ4FSM40TI.jpg"}, "homeCity": "Singapore", "lists": {"groups": [{"items": [], "count": 2, "type": "created"}]}}, {"tips": {"count": 0}, "contact": {"facebook": "669156488"}, "firstName": "Lena", "gender": "female", "id": "3492806", "bio": "", "photo": {"prefix": "https://igx.4sqi.net/img/user/", "suffix": "/blank_girl.png", "default": true}, "homeCity": "Singapore", "lists": {"groups": [{"items": [], "count": 2, "type": "created"}]}}, {"tips": {"count": 0}, "contact": {"facebook": "687500368"}, "firstName": "Kristine", "gender": "female", "lastName": "Lim", "id": "4037919", "bio": "", "photo": {"prefix": "https://igx.4sqi.net/img/user/", "suffix": "/R2B54H2Y5W102U1F.jpg"}, "homeCity": "Singapore", "lists": {"groups": [{"items": [], "count": 2, "type": "created"}]}}, {"tips": {"count": 3}, "contact": {"facebook": "564197713"}, "firstName": "Shirley", "gender": "female", "lastName": "Ling", "id": "3761903", "bio": "", "photo": {"prefix": "https://igx.4sqi.net/img/user/", "suffix": "/MBZBKFODFFCKVZB5.jpg"}, "homeCity": "Singapore", "lists": {"groups": [{"items": [], "count": 2, "type": "created"}]}}, {"tips": {"count": 0}, "contact": {}, "firstName": "Jamie", "gender": "female", "lastName": "Tan", "id": "5218628", "bio": "", "photo": {"prefix": "https://igx.4sqi.net/img/user/", "suffix": "/blank_girl.png", "default": true}, "homeCity": "Singapore", "lists": {"groups": [{"items": [], "count": 2, "type": "created"}]}}, {"tips": {"count": 0}, "contact": {"twitter": "cyndeewoon", "facebook": "629918472"}, "firstName": "Cyndee", "gender": "female", "lastName": "Woon", "id": "4734769", "bio": "", "photo": {"prefix": "https://igx.4sqi.net/img/user/", "suffix": "/EQMSABVAHA51INJZ.jpg"}, "homeCity": "Singapore", "lists": {"groups": [{"items": [], "count": 2, "type": "created"}]}}, {"tips": {"count": 0}, "contact": {}, "firstName": "Donny", "gender": "male", "lastName": "Lai", "id": "6385770", "bio": "", "photo": {"prefix": "https://igx.4sqi.net/img/user/", "suffix": "/blank_boy.png", "default": true}, "homeCity": "Singapore", "lists": {"groups": [{"items": [], "count": 2, "type": "created"}]}}], "count": 34}, "checksum": "317e827ac2c00b1f4792b8a320692b5e0aa3c17a"}, "meta": {"requestId": "5965c78e351e3d64b2a72669", "code": 200}}