{"notifications": [{"type": "notificationTray", "item": {"unreadCount": 0}}], "response": {"friends": {"items": [{"tips": {"count": 0}, "contact": {"twitter": "kieferteo", "facebook": "756304568"}, "firstName": "Kiefer", "gender": "male", "lastName": "Teo", "id": "1482165", "bio": "", "photo": {"prefix": "https://igx.4sqi.net/img/user/", "suffix": "/51W4HIIZ3K4ECQNH.jpg"}, "homeCity": "Singapore", "lists": {"groups": [{"items": [], "count": 2, "type": "created"}]}}, {"tips": {"count": 4}, "contact": {"twitter": "davidwongsb"}, "firstName": "David wong", "gender": "male", "id": "9398317", "bio": "", "photo": {"prefix": "https://igx.4sqi.net/img/user/", "suffix": "/1CKUJJHB4VWVH54Z.jpg"}, "homeCity": "Singapore", "lists": {"groups": [{"items": [], "count": 2, "type": "created"}]}}, {"tips": {"count": 0}, "contact": {"facebook": "645572917"}, "firstName": "Benjamin", "gender": "male", "lastName": "Giam", "id": "51105966", "bio": "", "photo": {"prefix": "https://igx.4sqi.net/img/user/", "suffix": "/B2BF2OCFLUEYF0LQ.jpg"}, "homeCity": "Singapore, Singapore", "lists": {"groups": [{"items": [], "count": 2, "type": "created"}]}}, {"tips": {"count": 1}, "contact": {"twitter": "jasonkohjh", "facebook": "818337066"}, "firstName": "Jason", "gender": "male", "lastName": "Koh", "id": "4545954", "bio": "", "photo": {"prefix": "https://igx.4sqi.net/img/user/", "suffix": "/US323AAXCKB1LTV4.jpg"}, "homeCity": "Singapore", "lists": {"groups": [{"items": [], "count": 2, "type": "created"}]}}, {"tips": {"count": 0}, "contact": {"twitter": "applelicious_", "facebook": "10204490893653422"}, "firstName": "Hui Ping \ud83d\udc37", "gender": "female", "id": "6747787", "bio": "", "photo": {"prefix": "https://igx.4sqi.net/img/user/", "suffix": "/6747787-YSV4FNJPSR2PS5AV.jpg"}, "homeCity": "Ang Mo Kio, Singapore", "lists": {"groups": [{"items": [], "count": 2, "type": "created"}]}}, {"tips": {"count": 1}, "contact": {"facebook": "657542986"}, "firstName": "Takezou", "gender": "male", "lastName": "Tsubame", "id": "10210821", "bio": "", "photo": {"prefix": "https://igx.4sqi.net/img/user/", "suffix": "/EE0XX5LVW4XFRZ5D.jpg"}, "homeCity": "New York, NY", "lists": {"groups": [{"items": [], "count": 2, "type": "created"}]}}, {"tips": {"count": 0}, "contact": {}, "firstName": "Cynthia", "gender": "female", "lastName": "Lee", "id": "6625521", "bio": "", "photo": {"prefix": "https://igx.4sqi.net/img/user/", "suffix": "/D4EUIAJNHMDFJ141.jpg"}, "homeCity": "New York, NY", "lists": {"groups": [{"items": [], "count": 2, "type": "created"}]}}, {"tips": {"count": 0}, "contact": {"facebook": "1042079092485899"}, "firstName": "Zulkifli Mohamad", "gender": "male", "id": "3773944", "bio": "", "photo": {"prefix": "https://igx.4sqi.net/img/user/", "suffix": "/3773944-XXH3UEMJ4JSOHQQE.jpg"}, "homeCity": "Singapore", "lists": {"groups": [{"items": [], "count": 2, "type": "created"}]}}, {"tips": {"count": 0}, "contact": {"twitter": "jaiimekiiu", "facebook": "718352682"}, "firstName": "Jaime", "gender": "female", "lastName": "Kiu", "id": "4418937", "bio": "", "photo": {"prefix": "https://igx.4sqi.net/img/user/", "suffix": "/5VMCAPQCXATHGVUY.jpg"}, "homeCity": "Singapore", "lists": {"groups": [{"items": [], "count": 2, "type": "created"}]}}, {"tips": {"count": 0}, "contact": {"facebook": "708235375"}, "firstName": "MICHELLEEET", "gender": "female", "lastName": "YX", "id": "4289286", "bio": "", "photo": {"prefix": "https://igx.4sqi.net/img/user/", "suffix": "/4AJCY3YLKH0HJ354.jpg"}, "homeCity": "Singapore", "lists": {"groups": [{"items": [], "count": 2, "type": "created"}]}}, {"tips": {"count": 1}, "contact": {}, "firstName": "Ambrose", "gender": "male", "lastName": "Puah", "id": "5487397", "bio": "", "photo": {"prefix": "https://igx.4sqi.net/img/user/", "suffix": "/blank_boy.png", "default": true}, "homeCity": "Singapore", "lists": {"groups": [{"items": [], "count": 2, "type": "created"}]}}, {"tips": {"count": 5}, "contact": {"twitter": "dearestbenson", "facebook": "724648195"}, "firstName": "DearestBenson", "gender": "male", "id": "2799888", "bio": "", "photo": {"prefix": "https://igx.4sqi.net/img/user/", "suffix": "/5IIT0I0DLQRM3DRB.jpg"}, "homeCity": "Singapore", "lists": {"groups": [{"items": [], "count": 2, "type": "created"}]}}, {"tips": {"count": 0}, "contact": {"facebook": "647816302"}, "firstName": "Shah", "gender": "male", "lastName": "Gallagher", "id": "8377252", "bio": "", "photo": {"prefix": "https://igx.4sqi.net/img/user/", "suffix": "/KTHWX44A4I5EH0HM.jpg"}, "homeCity": "Singapore", "lists": {"groups": [{"items": [], "count": 2, "type": "created"}]}}, {"tips": {"count": 1}, "contact": {"twitter": "lovelustliar", "facebook": "1801167835"}, "firstName": "Joyce", "gender": "female", "lastName": "Ling", "id": "2205767", "bio": "Daydreamer", "photo": {"prefix": "https://igx.4sqi.net/img/user/", "suffix": "/QTZ2TTXTPLSIXKTA.jpg"}, "homeCity": "Singapore", "lists": {"groups": [{"items": [], "count": 2, "type": "created"}]}}, {"tips": {"count": 0}, "contact": {"twitter": "albertxzz", "facebook": "1348062987"}, "firstName": "Albert", "gender": "male", "lastName": "Wenazh", "id": "1674342", "bio": "", "photo": {"prefix": "https://igx.4sqi.net/img/user/", "suffix": "/EWUIKXWGH3IMPVKP.jpg"}, "homeCity": "Surabaya, Jawa Timur", "lists": {"groups": [{"items": [], "count": 2, "type": "created"}]}}, {"tips": {"count": 0}, "contact": {}, "firstName": "Raki", "gender": "male", "lastName": "Jia Hao", "id": "3798710", "bio": "", "photo": {"prefix": "https://igx.4sqi.net/img/user/", "suffix": "/NFSGIB1RPY4AFL12.jpg"}, "homeCity": "Singapore", "lists": {"groups": [{"items": [], "count": 2, "type": "created"}]}}, {"tips": {"count": 0}, "contact": {"facebook": "676592848"}, "firstName": "Baoyin", "gender": "female", "lastName": "Koh", "id": "3808862", "bio": "", "photo": {"prefix": "https://igx.4sqi.net/img/user/", "suffix": "/blank_girl.png", "default": true}, "homeCity": "Singapore", "lists": {"groups": [{"items": [], "count": 2, "type": "created"}]}}, {"tips": {"count": 0}, "contact": {}, "firstName": "Joshua", "gender": "male", "lastName": "Chua", "id": "3544553", "bio": "", "photo": {"prefix": "https://igx.4sqi.net/img/user/", "suffix": "/blank_boy.png", "default": true}, "homeCity": "Singapore", "lists": {"groups": [{"items": [], "count": 2, "type": "created"}]}}, {"tips": {"count": 0}, "contact": {"twitter": "rehtseyat", "facebook": "762719825"}, "firstName": "Esther", "gender": "female", "lastName": "Tay", "id": "1763748", "bio": "", "photo": {"prefix": "https://igx.4sqi.net/img/user/", "suffix": "/2ORB4R1IPMKJ2UTP.jpg"}, "homeCity": "Singapore", "lists": {"groups": [{"items": [], "count": 2, "type": "created"}]}}, {"tips": {"count": 0}, "contact": {"twitter": "nicholaslkk", "facebook": "528757015"}, "firstName": "Nicholas", "gender": "male", "lastName": "Lim", "id": "897419", "bio": "", "photo": {"prefix": "https://igx.4sqi.net/img/user/", "suffix": "/51NXCBZHD4WE2EIC.jpg"}, "homeCity": "Tampines, Singapore", "lists": {"groups": [{"items": [], "count": 2, "type": "created"}]}}, {"tips": {"count": 0}, "contact": {"twitter": "nathanielong", "facebook": "619856400"}, "firstName": "Nathaniel", "gender": "male", "lastName": "Ong", "id": "202090", "bio": "", "photo": {"prefix": "https://igx.4sqi.net/img/user/", "suffix": "/202090-YAC0TMG5F0FHEQ1E"}, "homeCity": "Singapore", "lists": {"groups": [{"items": [], "count": 2, "type": "created"}]}}, {"tips": {"count": 3}, "contact": {"twitter": "jncwjlee"}, "firstName": "Jnc", "gender": "female", "lastName": "Lee", "id": "58831948", "bio": "", "photo": {"prefix": "https://igx.4sqi.net/img/user/", "suffix": "/58831948-HWCYTCPHKA1ISHR4.jpg"}, "homeCity": "Singapore", "lists": {"groups": [{"items": [], "count": 2, "type": "created"}]}}, {"tips": {"count": 3}, "contact": {"twitter": "johnsontan90", "facebook": "1293018105"}, "firstName": "Johnson", "gender": "male", "lastName": "Tan", "id": "9712336", "bio": "Left hander.", "photo": {"prefix": "https://igx.4sqi.net/img/user/", "suffix": "/9712336-YQA0PR3ZYAGRSVUV.jpg"}, "homeCity": "Singapore", "lists": {"groups": [{"items": [], "count": 2, "type": "created"}]}}, {"tips": {"count": 0}, "contact": {}, "firstName": "Demi", "gender": "female", "lastName": "Ching", "id": "4640119", "bio": "", "photo": {"prefix": "https://igx.4sqi.net/img/user/", "suffix": "/RNI322MF3MOYR342.jpg"}, "homeCity": "Singapore", "lists": {"groups": [{"items": [], "count": 2, "type": "created"}]}}, {"tips": {"count": 0}, "contact": {"facebook": "687373745"}, "firstName": "reginald", "gender": "male", "lastName": "kong", "id": "7016250", "bio": "", "photo": {"prefix": "https://igx.4sqi.net/img/user/", "suffix": "/41KBUCZJDGUF5TTN.jpg"}, "homeCity": "Singapore", "lists": {"groups": [{"items": [], "count": 2, "type": "created"}]}}, {"tips": {"count": 1}, "contact": {}, "firstName": "Cindy Marie Christine", "gender": "female", "lastName": "Fernandez", "id": "22528985", "bio": "", "photo": {"prefix": "https://igx.4sqi.net/img/user/", "suffix": "/MLV0PJ1OI2MJ4H3Y.jpg"}, "homeCity": "New York, NY", "lists": {"groups": [{"items": [], "count": 2, "type": "created"}]}}, {"tips": {"count": 0}, "contact": {"facebook": "723948090"}, "firstName": "Wee Meng", "gender": "male", "lastName": "Soh", "id": "3781870", "bio": "", "photo": {"prefix": "https://igx.4sqi.net/img/user/", "suffix": "/KALNV1WRVSILZDEQ.jpg"}, "homeCity": "Singapore", "lists": {"groups": [{"items": [], "count": 2, "type": "created"}]}}, {"tips": {"count": 0}, "contact": {"facebook": "558343296"}, "firstName": "Cheng An", "gender": "male", "lastName": "Wong", "id": "5630065", "bio": "", "photo": {"prefix": "https://igx.4sqi.net/img/user/", "suffix": "/0RVOAEH5HHP1TNKE.jpg"}, "homeCity": "Singapore", "lists": {"groups": [{"items": [], "count": 2, "type": "created"}]}}, {"tips": {"count": 0}, "contact": {"twitter": "oliioo"}, "firstName": "Olivia", "gender": "female", "lastName": "Cheng", "id": "13241826", "bio": "", "photo": {"prefix": "https://igx.4sqi.net/img/user/", "suffix": "/PZOFTM0ZQZEHUKZL.jpg"}, "homeCity": "Singapore", "lists": {"groups": [{"items": [], "count": 2, "type": "created"}]}}, {"tips": {"count": 0}, "contact": {"facebook": "677013232"}, "firstName": "Fiona", "gender": "female", "lastName": "\u4f69\u96ef.", "id": "5584531", "bio": "", "photo": {"prefix": "https://igx.4sqi.net/img/user/", "suffix": "/FPY2TD4QMCLONTBR.jpg"}, "homeCity": "Singapore", "lists": {"groups": [{"items": [], "count": 2, "type": "created"}]}}, {"tips": {"count": 0}, "contact": {}, "firstName": "Haojie.", "gender": "male", "lastName": "Ong", "id": "3588530", "bio": "", "photo": {"prefix": "https://igx.4sqi.net/img/user/", "suffix": "/AVS0YSTOEJ5KU0DQ.jpg"}, "homeCity": "Singapore", "lists": {"groups": [{"items": [], "count": 2, "type": "created"}]}}, {"tips": {"count": 0}, "contact": {"facebook": "726686856"}, "firstName": "Natalie", "gender": "female", "lastName": "Lee", "id": "2574213", "bio": "", "photo": {"prefix": "https://igx.4sqi.net/img/user/", "suffix": "/NVLTXWRNUTILCCDX.jpg"}, "homeCity": "Singapore", "lists": {"groups": [{"items": [], "count": 2, "type": "created"}]}}, {"tips": {"count": 0}, "contact": {"facebook": "10154290035071907"}, "firstName": "Sharon", "gender": "female", "lastName": "Ng", "id": "5356151", "bio": "", "photo": {"prefix": "https://igx.4sqi.net/img/user/", "suffix": "/5356151-1UYQADN3V4UTX3FS.jpg"}, "homeCity": "Singapore", "lists": {"groups": [{"items": [], "count": 2, "type": "created"}]}}, {"tips": {"count": 0}, "contact": {"twitter": "bobbymeow", "facebook": "746693143"}, "firstName": "Shahril", "gender": "male", "lastName": "Tan", "id": "12010613", "bio": "", "photo": {"prefix": "https://igx.4sqi.net/img/user/", "suffix": "/0BT02GGHZGKH0Q5F.jpg"}, "homeCity": "Singapore", "lists": {"groups": [{"items": [], "count": 2, "type": "created"}]}}, {"tips": {"count": 0}, "contact": {}, "firstName": "Donovan", "gender": "male", "lastName": "Tan", "id": "4220977", "bio": "", "photo": {"prefix": "https://igx.4sqi.net/img/user/", "suffix": "/5FG5CCS42NE2ZJSS.jpg"}, "homeCity": "Singapore", "lists": {"groups": [{"items": [], "count": 2, "type": "created"}]}}, {"tips": {"count": 7}, "contact": {"twitter": "lauwsh", "facebook": "565831545"}, "firstName": "laura", "gender": "female", "lastName": "Wong", "id": "1835452", "bio": "", "photo": {"prefix": "https://igx.4sqi.net/img/user/", "suffix": "/XZ0XXAH5JXK23SB2.jpg"}, "homeCity": "Singapore", "lists": {"groups": [{"items": [], "count": 2, "type": "created"}]}}, {"tips": {"count": 0}, "contact": {}, "firstName": "Stephanie", "gender": "female", "lastName": "Ho", "id": "3035945", "bio": "", "photo": {"prefix": "https://igx.4sqi.net/img/user/", "suffix": "/FYSNFZTEIO0FLO2O.jpg"}, "homeCity": "Singapore", "lists": {"groups": [{"items": [], "count": 2, "type": "created"}]}}, {"tips": {"count": 0}, "contact": {"facebook": "100001655648073"}, "firstName": "Minn", "gender": "male", "lastName": "Paing", "id": "71375114", "bio": "", "photo": {"prefix": "https://igx.4sqi.net/img/user/", "suffix": "/71375114-4Q1WOGSDUBYM4SQH.jpg"}, "homeCity": "", "lists": {"groups": [{"items": [], "count": 2, "type": "created"}]}}, {"tips": {"count": 0}, "contact": {"facebook": "1108330058"}, "firstName": "Lynn", "gender": "female", "lastName": "Wang", "id": "10623221", "bio": "", "photo": {"prefix": "https://igx.4sqi.net/img/user/", "suffix": "/10623221-3YZ4YWPAPRQKRK20.jpg"}, "homeCity": "NY", "lists": {"groups": [{"items": [], "count": 2, "type": "created"}]}}, {"tips": {"count": 0}, "contact": {"twitter": "angelinekmt", "facebook": "533792842"}, "firstName": "AngelineJolie", "gender": "female", "lastName": "Kim", "id": "4773630", "bio": "", "photo": {"prefix": "https://igx.4sqi.net/img/user/", "suffix": "/QY1DMB1K23ASFTSD.jpg"}, "homeCity": "Singapore", "lists": {"groups": [{"items": [], "count": 2, "type": "created"}]}}, {"tips": {"count": 0}, "contact": {"facebook": "607598803"}, "firstName": "Xavien", "gender": "male", "lastName": "Ang", "id": "7039462", "bio": "", "photo": {"prefix": "https://igx.4sqi.net/img/user/", "suffix": "/FMUFJLLRPYNAF1VX.jpg"}, "homeCity": "Singapore", "lists": {"groups": [{"items": [], "count": 2, "type": "created"}]}}, {"tips": {"count": 12}, "contact": {"facebook": "100000049905025"}, "firstName": "\u0e01\u0e34\u0e19\u0e40\u0e17\u0e35\u0e48\u0e22\u0e27", "gender": "female", "lastName": "\u0e40\u0e23\u0e37\u0e48\u0e2d\u0e22\u0e40\u0e1b\u0e37\u0e48\u0e2d\u0e22", "id": "26425332", "bio": "", "photo": {"prefix": "https://igx.4sqi.net/img/user/", "suffix": "/26425332-QFNO2XZ44AH4S5GT.jpg"}, "homeCity": "Bkk", "lists": {"groups": [{"items": [], "count": 2, "type": "created"}]}}, {"tips": {"count": 0}, "contact": {}, "firstName": "George", "gender": "male", "lastName": "Ng", "id": "4872278", "bio": "", "photo": {"prefix": "https://igx.4sqi.net/img/user/", "suffix": "/IBP51KHHFYH0HXG2.jpg"}, "homeCity": "Singapore", "lists": {"groups": [{"items": [], "count": 2, "type": "created"}]}}, {"tips": {"count": 0}, "contact": {}, "firstName": "Ridaudin", "gender": "male", "lastName": "Abdul Rasid", "id": "8492633", "bio": "", "photo": {"prefix": "https://igx.4sqi.net/img/user/", "suffix": "/IFARSJW1RRUILHSJ.jpg"}, "homeCity": "Singapore", "lists": {"groups": [{"items": [], "count": 2, "type": "created"}]}}, {"tips": {"count": 0}, "contact": {"facebook": "684603062"}, "firstName": "Fervyn", "gender": "female", "lastName": "Kate", "id": "5714996", "bio": "", "photo": {"prefix": "https://igx.4sqi.net/img/user/", "suffix": "/2MC0IX3AOIYYLLNE.jpg"}, "homeCity": "Singapore", "lists": {"groups": [{"items": [], "count": 2, "type": "created"}]}}, {"tips": {"count": 1}, "contact": {"twitter": "babyysher", "facebook": "750085773"}, "firstName": "Sherlynn", "gender": "female", "id": "7338791", "bio": "", "photo": {"prefix": "https://igx.4sqi.net/img/user/", "suffix": "/7338791-NE1XM15B5W3SZHJX.jpg"}, "homeCity": "Singapore", "lists": {"groups": [{"items": [], "count": 2, "type": "created"}]}}, {"tips": {"count": 1}, "contact": {"twitter": "lovediehard"}, "firstName": "Katherine", "gender": "female", "lastName": "Kang", "id": "3059613", "bio": "", "photo": {"prefix": "https://igx.4sqi.net/img/user/", "suffix": "/LEAM0UOGMYA1HRZI.jpg"}, "homeCity": "Singapore", "lists": {"groups": [{"items": [], "count": 2, "type": "created"}]}}, {"tips": {"count": 0}, "contact": {"twitter": "zurinabryant", "facebook": "628461514"}, "firstName": "Zurina", "gender": "female", "lastName": "Bryant", "id": "5397843", "bio": "", "photo": {"prefix": "https://igx.4sqi.net/img/user/", "suffix": "/5397843-1D0PKJS2YFDATO2S.jpg"}, "homeCity": "Singapore", "lists": {"groups": [{"items": [], "count": 2, "type": "created"}]}}, {"tips": {"count": 1}, "contact": {"twitter": "itsbemily", "facebook": "605774698"}, "firstName": "Bemily", "gender": "female", "lastName": "Huang", "id": "23247965", "bio": "", "photo": {"prefix": "https://igx.4sqi.net/img/user/", "suffix": "/5VIZBGUU13FYENJH.jpg"}, "homeCity": "Singapore", "lists": {"groups": [{"items": [], "count": 2, "type": "created"}]}}, {"tips": {"count": 0}, "contact": {"twitter": "josephwantstobe", "facebook": "615474519"}, "firstName": "Joseph", "gender": "male", "lastName": "Sadboii", "id": "4226862", "bio": "", "photo": {"prefix": "https://igx.4sqi.net/img/user/", "suffix": "/1FT4Z3TU0CLUSYU0.jpg"}, "homeCity": "Singapore", "lists": {"groups": [{"items": [], "count": 2, "type": "created"}]}}, {"tips": {"count": 16}, "contact": {"twitter": "ohsunflowerlove", "facebook": "597943130"}, "firstName": "Keely", "gender": "female", "lastName": "Liyue", "id": "3245738", "bio": "", "photo": {"prefix": "https://igx.4sqi.net/img/user/", "suffix": "/TBEDQIDJ0CE3JH2G.jpg"}, "homeCity": "Singapore", "lists": {"groups": [{"items": [], "count": 2, "type": "created"}]}}, {"tips": {"count": 0}, "contact": {"twitter": "smellmywords", "facebook": "778032353"}, "firstName": "Jolene", "gender": "female", "lastName": "Tan", "id": "3039057", "bio": "", "photo": {"prefix": "https://igx.4sqi.net/img/user/", "suffix": "/DBV1AFPIPDM0XXXO.jpg"}, "homeCity": "Singapore", "lists": {"groups": [{"items": [], "count": 2, "type": "created"}]}}, {"tips": {"count": 0}, "contact": {"facebook": "1658461794"}, "firstName": "Lya", "gender": "female", "lastName": "Lea", "id": "11327852", "bio": "", "photo": {"prefix": "https://igx.4sqi.net/img/user/", "suffix": "/1YB5OGQWSNY044JJ.jpg"}, "homeCity": "Singapore", "lists": {"groups": [{"items": [], "count": 2, "type": "created"}]}}, {"tips": {"count": 0}, "contact": {"twitter": "ngansunhong", "facebook": "711650943"}, "firstName": "sun", "gender": "male", "lastName": "hong", "id": "4773778", "bio": "", "photo": {"prefix": "https://igx.4sqi.net/img/user/", "suffix": "/RPTP31LSXUH1KU0R.jpg"}, "homeCity": "Singapore", "lists": {"groups": [{"items": [], "count": 2, "type": "created"}]}}, {"tips": {"count": 0}, "contact": {"twitter": "pris0401", "facebook": "1180639355350298"}, "firstName": "Priscilla", "gender": "female", "lastName": "Wong", "id": "10384605", "bio": "", "photo": {"prefix": "https://igx.4sqi.net/img/user/", "suffix": "/VMECCB30KCVTXLGO.jpg"}, "homeCity": "Singapore", "lists": {"groups": [{"items": [], "count": 2, "type": "created"}]}}, {"tips": {"count": 1}, "contact": {"twitter": "shannonate", "facebook": "1804231000"}, "firstName": "Shannon", "gender": "male", "lastName": "Lim", "id": "26638469", "bio": "", "photo": {"prefix": "https://igx.4sqi.net/img/user/", "suffix": "/AWAFXKZRDN2V2ZJ5.jpg"}, "homeCity": "Singapore", "lists": {"groups": [{"items": [], "count": 2, "type": "created"}]}}, {"tips": {"count": 0}, "contact": {"facebook": "753397098"}, "firstName": "Teriza", "gender": "female", "lastName": "Ang", "id": "7488488", "bio": "", "photo": {"prefix": "https://igx.4sqi.net/img/user/", "suffix": "/HKFJPJ343WTVH5EN.jpg"}, "homeCity": "Singapore", "lists": {"groups": [{"items": [], "count": 2, "type": "created"}]}}, {"tips": {"count": 0}, "contact": {}, "firstName": "Mile", "gender": "female", "lastName": "Foo", "id": "9267320", "bio": "", "photo": {"prefix": "https://igx.4sqi.net/img/user/", "suffix": "/blank_girl.png", "default": true}, "homeCity": "joanne_fwq@hotmail.com", "lists": {"groups": [{"items": [], "count": 2, "type": "created"}]}}, {"tips": {"count": 0}, "contact": {"twitter": "syafsdemurity", "facebook": "656847730"}, "firstName": "Nur Syafiqah", "gender": "female", "lastName": "Ahmad", "id": "6107167", "bio": "", "photo": {"prefix": "https://igx.4sqi.net/img/user/", "suffix": "/TENDBTRJIFW10LVY.jpg"}, "homeCity": "Singapore", "lists": {"groups": [{"items": [], "count": 2, "type": "created"}]}}, {"tips": {"count": 20}, "contact": {"twitter": "j_lifeisabitch", "facebook": "636503720"}, "firstName": "Jo-Ann", "gender": "female", "lastName": "Yam", "id": "11982141", "bio": "Food and dessert is my job.", "photo": {"prefix": "https://igx.4sqi.net/img/user/", "suffix": "/11982141-X1FZXXWPJ2YUHFGM.jpg"}, "homeCity": "Yew Tee", "lists": {"groups": [{"items": [], "count": 4, "type": "created"}]}}, {"tips": {"count": 1}, "contact": {"twitter": "waffle_creamies", "facebook": "1338554868"}, "firstName": "Cavell", "gender": "male", "lastName": "Lim", "id": "3835661", "bio": "", "photo": {"prefix": "https://igx.4sqi.net/img/user/", "suffix": "/TVEY5CGDK3YH2UO1.jpg"}, "homeCity": "Singapore", "lists": {"groups": [{"items": [], "count": 2, "type": "created"}]}}, {"tips": {"count": 0}, "contact": {}, "firstName": "Jnc", "gender": "female", "lastName": "Lee", "id": "6591130", "bio": "", "photo": {"prefix": "https://igx.4sqi.net/img/user/", "suffix": "/blank_girl.png", "default": true}, "homeCity": "Singapore", "lists": {"groups": [{"items": [], "count": 2, "type": "created"}]}}, {"tips": {"count": 0}, "contact": {"facebook": "660305748"}, "firstName": "Ang", "gender": "male", "lastName": "Teck Kang", "id": "4395917", "bio": "", "photo": {"prefix": "https://igx.4sqi.net/img/user/", "suffix": "/G1SPD1DCOSWC4XYZ.jpg"}, "homeCity": "Singapore", "lists": {"groups": [{"items": [], "count": 2, "type": "created"}]}}, {"tips": {"count": 2}, "contact": {"twitter": "tiffpaddle"}, "firstName": "TIFF.", "gender": "female", "id": "3368935", "bio": "", "photo": {"prefix": "https://igx.4sqi.net/img/user/", "suffix": "/OIP2TKR4YLL3NR2Z.jpg"}, "homeCity": "Singapore", "lists": {"groups": [{"items": [], "count": 2, "type": "created"}]}}, {"tips": {"count": 2}, "contact": {"twitter": "leemiaoqi"}, "firstName": "Miaoqi", "gender": "female", "lastName": "Lee", "id": "3171897", "bio": "", "photo": {"prefix": "https://igx.4sqi.net/img/user/", "suffix": "/3171897-1HQTMDQQ5JMLJOO5.jpg"}, "homeCity": "Singapore", "lists": {"groups": [{"items": [], "count": 2, "type": "created"}]}}, {"tips": {"count": 1}, "contact": {"twitter": "txlserene", "facebook": "661842725"}, "firstName": "Serene", "gender": "female", "lastName": "Teo", "id": "13421875", "bio": "I eat potatoes.", "photo": {"prefix": "https://igx.4sqi.net/img/user/", "suffix": "/WEJG0QJY4BIAFUDX.jpg"}, "homeCity": "Singapore", "lists": {"groups": [{"items": [], "count": 3, "type": "created"}]}}, {"tips": {"count": 4}, "contact": {"twitter": "jasonhaw87", "facebook": "751291844"}, "firstName": "Jason", "gender": "male", "lastName": "Haw", "id": "4836626", "bio": "", "photo": {"prefix": "https://igx.4sqi.net/img/user/", "suffix": "/4836626_lRxfDl-9_mCJ1RkoRQnEAeGX0TKYbQxbLgeZqcmznZMkFhNYvV-paNRsOC5ifs6BsgoJcQCG8.jpg"}, "homeCity": "Singapore", "lists": {"groups": [{"items": [], "count": 2, "type": "created"}]}}, {"tips": {"count": 0}, "contact": {"facebook": "1491870754"}, "firstName": "Attica", "gender": "female", "lastName": "R", "id": "11661684", "bio": "I.R PALADIN II ARTOFPALLY", "photo": {"prefix": "https://igx.4sqi.net/img/user/", "suffix": "/XCAPSJOGWIJORA1V.jpg"}, "homeCity": "Sydney, NSW", "lists": {"groups": [{"items": [], "count": 2, "type": "created"}]}}, {"tips": {"count": 0}, "contact": {"twitter": "leeonso", "facebook": "603237680"}, "firstName": "Lee", "gender": "male", "lastName": "Ronson", "id": "28473343", "bio": "", "photo": {"prefix": "https://igx.4sqi.net/img/user/", "suffix": "/FV3VIP1VENMDFL1B.jpg"}, "homeCity": "New York, NY", "lists": {"groups": [{"items": [], "count": 2, "type": "created"}]}}, {"tips": {"count": 1}, "contact": {"facebook": "688129080"}, "firstName": "Jeunesse", "gender": "female", "id": "7955148", "bio": "", "photo": {"prefix": "https://igx.4sqi.net/img/user/", "suffix": "/SWPFPLOTUW2125LO.jpg"}, "homeCity": "Singapore", "lists": {"groups": [{"items": [], "count": 2, "type": "created"}]}}, {"tips": {"count": 0}, "contact": {"twitter": "firfriday", "facebook": "1097319651"}, "firstName": "Fir", "gender": "male", "lastName": "Friday", "id": "19394091", "bio": "", "photo": {"prefix": "https://igx.4sqi.net/img/user/", "suffix": "/HK1VMAO3EUPDYPC2.jpg"}, "homeCity": "Singapore", "lists": {"groups": [{"items": [], "count": 2, "type": "created"}]}}, {"tips": {"count": 4}, "contact": {"twitter": "undeadpromises"}, "firstName": "Jeslyn", "gender": "female", "lastName": "Tan", "id": "6111576", "bio": "", "photo": {"prefix": "https://igx.4sqi.net/img/user/", "suffix": "/TDXGYGLCPSU1VHXT.jpg"}, "homeCity": "Singapore", "lists": {"groups": [{"items": [], "count": 2, "type": "created"}]}}, {"tips": {"count": 0}, "contact": {"twitter": "rainism1989", "facebook": "1665161823"}, "firstName": "Simon", "gender": "male", "lastName": "Rain", "id": "43078831", "bio": "", "photo": {"prefix": "https://igx.4sqi.net/img/user/", "suffix": "/QPTGJ3ITVKPNON55.jpg"}, "homeCity": "Singapore", "lists": {"groups": [{"items": [], "count": 2, "type": "created"}]}}, {"tips": {"count": 2}, "contact": {"twitter": "gabriellesheep", "facebook": "100003733954406"}, "firstName": "Gabby", "gender": "female", "lastName": "Sheepy", "id": "3916626", "bio": "", "photo": {"prefix": "https://igx.4sqi.net/img/user/", "suffix": "/3916626-PNH4PNKX0X2C1F2C.jpg"}, "homeCity": "Singapore", "lists": {"groups": [{"items": [], "count": 2, "type": "created"}]}}, {"tips": {"count": 0}, "contact": {"twitter": "karleneliew"}, "firstName": "Karlene", "gender": "female", "lastName": "Liew", "id": "14783747", "bio": "", "photo": {"prefix": "https://igx.4sqi.net/img/user/", "suffix": "/LNR11T5SFGMV1PK1.jpg"}, "homeCity": "Singapore", "lists": {"groups": [{"items": [], "count": 2, "type": "created"}]}}, {"tips": {"count": 0}, "contact": {}, "firstName": "Andy", "gender": "male", "lastName": "Toss You", "id": "4404299", "bio": "", "photo": {"prefix": "https://igx.4sqi.net/img/user/", "suffix": "/blank_boy.png", "default": true}, "homeCity": "New York, NY", "lists": {"groups": [{"items": [], "count": 2, "type": "created"}]}}, {"tips": {"count": 0}, "contact": {"twitter": "canicegoh", "facebook": "528877036"}, "firstName": "Canice", "gender": "female", "lastName": "Goh", "id": "3414466", "bio": "", "photo": {"prefix": "https://igx.4sqi.net/img/user/", "suffix": "/GN2NDF14IMTNDYGT.jpg"}, "homeCity": "Singapore", "lists": {"groups": [{"items": [], "count": 2, "type": "created"}]}}, {"tips": {"count": 1}, "contact": {"twitter": "dannyphantomx_"}, "firstName": "Danny", "gender": "male", "lastName": "Phantomx", "id": "3849078", "bio": "Hi.", "photo": {"prefix": "https://igx.4sqi.net/img/user/", "suffix": "/3849078-DWMQ45NL2KMWBQ1S.jpg"}, "homeCity": "Singapore", "lists": {"groups": [{"items": [], "count": 2, "type": "created"}]}}, {"tips": {"count": 0}, "contact": {}, "firstName": "Chaplin", "gender": "male", "lastName": "Hong", "id": "5204344", "bio": "", "photo": {"prefix": "https://igx.4sqi.net/img/user/", "suffix": "/blank_boy.png", "default": true}, "homeCity": "Singapore", "lists": {"groups": [{"items": [], "count": 2, "type": "created"}]}}, {"tips": {"count": 0}, "contact": {"twitter": "cynthialeeeee", "facebook": "1501577856"}, "firstName": "Cynthia", "gender": "female", "lastName": "Lee", "id": "57090505", "bio": "", "photo": {"prefix": "https://igx.4sqi.net/img/user/", "suffix": "/KHW0MNABT3JTYC05.jpg"}, "homeCity": "Singapore", "lists": {"groups": [{"items": [], "count": 2, "type": "created"}]}}, {"tips": {"count": 0}, "contact": {}, "firstName": "Demi", "gender": "female", "lastName": "Ching", "id": "7956429", "bio": "", "photo": {"prefix": "https://igx.4sqi.net/img/user/", "suffix": "/100MXNTAGFQ5RNTT.jpg"}, "homeCity": "New York, NY", "lists": {"groups": [{"items": [], "count": 2, "type": "created"}]}}, {"tips": {"count": 0}, "contact": {"twitter": "doudoueyy", "facebook": "684633334"}, "firstName": "Samantha", "gender": "female", "lastName": "Lee", "id": "19929686", "bio": "", "photo": {"prefix": "https://igx.4sqi.net/img/user/", "suffix": "/YXO3UXDQYKTENFZB.jpg"}, "homeCity": "Singapore", "lists": {"groups": [{"items": [], "count": 2, "type": "created"}]}}, {"tips": {"count": 0}, "contact": {}, "firstName": "Syahida", "gender": "female", "lastName": "Salim", "id": "8329779", "bio": "", "photo": {"prefix": "https://igx.4sqi.net/img/user/", "suffix": "/blank_girl.png", "default": true}, "homeCity": "Singapore", "lists": {"groups": [{"items": [], "count": 2, "type": "created"}]}}, {"tips": {"count": 0}, "contact": {"twitter": "aarella"}, "firstName": "Arella", "gender": "female", "lastName": "Ho", "id": "3934747", "bio": "", "photo": {"prefix": "https://igx.4sqi.net/img/user/", "suffix": "/DKMET2DUYJCXSGXH.jpg"}, "homeCity": "Singapore", "lists": {"groups": [{"items": [], "count": 2, "type": "created"}]}}, {"tips": {"count": 0}, "contact": {"twitter": "thatomy", "facebook": "100001024063804"}, "firstName": "Ong", "gender": "male", "lastName": "Mingyi", "id": "22384229", "bio": "", "photo": {"prefix": "https://igx.4sqi.net/img/user/", "suffix": "/LHXNZ4L5C1BNHY1K.jpg"}, "homeCity": "New York, NY", "lists": {"groups": [{"items": [], "count": 2, "type": "created"}]}}, {"tips": {"count": 1}, "contact": {"twitter": "danettelong", "facebook": "635248138"}, "firstName": "Danette", "gender": "female", "lastName": "Long", "id": "50241455", "bio": "", "photo": {"prefix": "https://igx.4sqi.net/img/user/", "suffix": "/50241455_UtdlD1PI_a5o7QxQ7v2OvBge_Cokm2Yvvoe-3fxCwjJNa4_EE_8oM-2F-Mr3BhCf37nLu1BKt.jpg"}, "homeCity": "Singapore", "lists": {"groups": [{"items": [], "count": 2, "type": "created"}]}}, {"tips": {"count": 0}, "contact": {"twitter": "ahgui", "facebook": "556401920"}, "firstName": "Kenny", "gender": "male", "lastName": "Lai", "id": "4095555", "bio": "", "photo": {"prefix": "https://igx.4sqi.net/img/user/", "suffix": "/TXEEY0KH0ETV1XKH.jpg"}, "homeCity": "Singapore", "lists": {"groups": [{"items": [], "count": 2, "type": "created"}]}}, {"tips": {"count": 0}, "contact": {"facebook": "1000242101"}, "firstName": "Kho", "gender": "female", "lastName": "Janet", "id": "3961985", "bio": "", "photo": {"prefix": "https://igx.4sqi.net/img/user/", "suffix": "/QFCR5Q2AW5DKZ4AK.jpg"}, "homeCity": "Singapore", "lists": {"groups": [{"items": [], "count": 2, "type": "created"}]}}, {"tips": {"count": 0}, "contact": {}, "firstName": "Lif", "gender": "male", "lastName": "Skinbolic91", "id": "6195445", "bio": "", "photo": {"prefix": "https://igx.4sqi.net/img/user/", "suffix": "/HIX4MNIF1XY04WUY.png"}, "homeCity": "Singapore", "lists": {"groups": [{"items": [], "count": 2, "type": "created"}]}}, {"tips": {"count": 0}, "contact": {"facebook": "595649342"}, "firstName": "Timothy", "gender": "male", "lastName": "Loveswimming", "id": "10293133", "bio": "", "photo": {"prefix": "https://igx.4sqi.net/img/user/", "suffix": "/SKYHCZZJPFCKRISD.jpg"}, "homeCity": "\uc11c\uc6b8\ud2b9\ubcc4\uc2dc, \ub300\ud55c\ubbfc\uad6d", "lists": {"groups": [{"items": [], "count": 2, "type": "created"}]}}, {"tips": {"count": 1}, "contact": {"twitter": "sorahypernoize", "facebook": "563087444"}, "firstName": "Sora", "gender": "male", "lastName": "Noize", "id": "27970971", "bio": "", "photo": {"prefix": "https://igx.4sqi.net/img/user/", "suffix": "/UQDVROLRRTCXYWLX.jpg"}, "homeCity": "Los Angeles, California", "lists": {"groups": [{"items": [], "count": 2, "type": "created"}]}}, {"tips": {"count": 0}, "contact": {"facebook": "1083875904"}, "firstName": "Satoshi", "gender": "male", "lastName": "Genji", "id": "48782387", "bio": "", "photo": {"prefix": "https://igx.4sqi.net/img/user/", "suffix": "/QOGNN1YJ1ENHU1UF.jpg"}, "homeCity": "Singapore", "lists": {"groups": [{"items": [], "count": 2, "type": "created"}]}}, {"tips": {"count": 3}, "contact": {}, "firstName": "Felix", "gender": "male", "lastName": "Ang", "id": "4118955", "bio": "", "photo": {"prefix": "https://igx.4sqi.net/img/user/", "suffix": "/E5JGZXHIWPJIYJWL.jpg"}, "homeCity": "Singapore", "lists": {"groups": [{"items": [], "count": 2, "type": "created"}]}}, {"tips": {"count": 0}, "contact": {"twitter": "jhn_isk", "facebook": "1567205215"}, "firstName": "Johan", "gender": "male", "lastName": "Iskandar", "id": "4137773", "bio": "", "photo": {"prefix": "https://igx.4sqi.net/img/user/", "suffix": "/1Y2QMPLCWZ4AZAJV.jpg"}, "homeCity": "Singapore", "lists": {"groups": [{"items": [], "count": 2, "type": "created"}]}}, {"tips": {"count": 2}, "contact": {"facebook": "620103299"}, "firstName": "Zhane", "gender": "male", "lastName": "Tang", "id": "6263498", "bio": "", "photo": {"prefix": "https://igx.4sqi.net/img/user/", "suffix": "/R4CTGOYGFYJCZJGK.jpg"}, "homeCity": "Singapore", "lists": {"groups": [{"items": [], "count": 2, "type": "created"}]}}, {"tips": {"count": 2}, "contact": {"twitter": "_kawaiichan_", "facebook": "633333438"}, "firstName": "Fahmi", "gender": "male", "lastName": "Kazunari", "id": "17917819", "bio": "", "photo": {"prefix": "https://igx.4sqi.net/img/user/", "suffix": "/QD4I0QXDMUFLURQM.jpg"}, "homeCity": "Singapore", "lists": {"groups": [{"items": [], "count": 2, "type": "created"}]}}, {"tips": {"count": 0}, "contact": {"twitter": "mysteriousme_tw", "facebook": "100001138803830"}, "firstName": "PoCheng", "gender": "male", "lastName": "Yang", "id": "4193724", "bio": "", "photo": {"prefix": "https://igx.4sqi.net/img/user/", "suffix": "/LJCIK3DF2RIUCJQ5.jpg"}, "homeCity": "Singapore", "lists": {"groups": [{"items": [], "count": 2, "type": "created"}]}}, {"tips": {"count": 0}, "contact": {"facebook": "1278955675"}, "firstName": "Suhailah", "gender": "female", "lastName": "Afique", "id": "4139550", "bio": "", "photo": {"prefix": "https://igx.4sqi.net/img/user/", "suffix": "/ICCMQM5EJ21MY0JL.jpg"}, "homeCity": "Singapore", "lists": {"groups": [{"items": [], "count": 2, "type": "created"}]}}, {"tips": {"count": 0}, "contact": {}, "firstName": "Yu-En", "gender": "male", "lastName": "Yaya", "id": "6951936", "bio": "", "photo": {"prefix": "https://igx.4sqi.net/img/user/", "suffix": "/W5G4KIWIW20Z3J4E.jpg"}, "homeCity": "Leysin, Switzerland", "lists": {"groups": [{"items": [], "count": 2, "type": "created"}]}}, {"tips": {"count": 0}, "contact": {}, "firstName": "Mini", "gender": "female", "lastName": "Woon", "id": "4203651", "bio": "", "photo": {"prefix": "https://igx.4sqi.net/img/user/", "suffix": "/YZVJENDOH3GBOBJG.jpg"}, "homeCity": "Singapore", "lists": {"groups": [{"items": [], "count": 2, "type": "created"}]}}, {"tips": {"count": 0}, "contact": {"facebook": "709860863"}, "firstName": "Jay-W", "gender": "male", "lastName": "Yap", "id": "4443653", "bio": "", "photo": {"prefix": "https://igx.4sqi.net/img/user/", "suffix": "/PNFURFMP35EENXYH.jpg"}, "homeCity": "Singapore", "lists": {"groups": [{"items": [], "count": 2, "type": "created"}]}}, {"tips": {"count": 0}, "contact": {"twitter": "sherinboice_", "facebook": "1348403138"}, "firstName": "Hui", "gender": "female", "lastName": "Yu", "id": "8557395", "bio": "", "photo": {"prefix": "https://igx.4sqi.net/img/user/", "suffix": "/8557395-SBRDRPZ4VIUOSW3E.jpg"}, "homeCity": "Singapore,Hougang", "lists": {"groups": [{"items": [], "count": 2, "type": "created"}]}}, {"tips": {"count": 0}, "contact": {"facebook": "1037347248"}, "firstName": "Joshua", "gender": "male", "lastName": "\u0e42\u0e08\u0e0a\u0e31\u0e27", "id": "4473610", "bio": "", "photo": {"prefix": "https://igx.4sqi.net/img/user/", "suffix": "/2KXV3IAVF2YVNJUJ.jpg"}, "homeCity": "Singapore", "lists": {"groups": [{"items": [], "count": 2, "type": "created"}]}}, {"tips": {"count": 0}, "contact": {}, "firstName": "Lee", "gender": "male", "lastName": "JJ", "id": "5302670", "bio": "", "photo": {"prefix": "https://igx.4sqi.net/img/user/", "suffix": "/0RGMMIUBYH4L3STQ.jpg"}, "homeCity": "Singapore", "lists": {"groups": [{"items": [], "count": 2, "type": "created"}]}}, {"tips": {"count": 0}, "contact": {"twitter": "tweetingwind", "facebook": "732185887"}, "firstName": "Honghao", "gender": "male", "lastName": "Wind", "id": "12410568", "bio": "", "photo": {"prefix": "https://igx.4sqi.net/img/user/", "suffix": "/2X4OM1JNIR25MAYI.jpg"}, "homeCity": "Singapore", "lists": {"groups": [{"items": [], "count": 2, "type": "created"}]}}, {"tips": {"count": 0}, "contact": {"twitter": "sebastientan", "facebook": "1638725040"}, "firstName": "Sebastien", "gender": "male", "lastName": "Tan", "id": "4736724", "bio": "", "photo": {"prefix": "https://igx.4sqi.net/img/user/", "suffix": "/3XAXVHEMVLV3LUKX.jpg"}, "homeCity": "Singapore", "lists": {"groups": [{"items": [], "count": 2, "type": "created"}]}}, {"tips": {"count": 0}, "contact": {"twitter": "yanniang", "facebook": "1354664166"}, "firstName": "Yanni", "gender": "female", "lastName": "Ang", "id": "5765620", "bio": "", "photo": {"prefix": "https://igx.4sqi.net/img/user/", "suffix": "/KO32SR4MUFXOCMRB.jpg"}, "homeCity": "Singapore", "lists": {"groups": [{"items": [], "count": 2, "type": "created"}]}}, {"tips": {"count": 0}, "contact": {"twitter": "ngsiweijoanne"}, "firstName": "ngsiweijoanne", "gender": "female", "id": "30499012", "bio": "", "photo": {"prefix": "https://igx.4sqi.net/img/user/", "suffix": "/OU3BYG0PJUIDLKHJ.jpg"}, "homeCity": "Korea, Jeju", "lists": {"groups": [{"items": [], "count": 2, "type": "created"}]}}, {"tips": {"count": 3}, "contact": {}, "firstName": "Raki", "gender": "male", "lastName": "Raki", "id": "4745833", "bio": "", "photo": {"prefix": "https://igx.4sqi.net/img/user/", "suffix": "/AFT2TRY0VCYNOM1I.jpg"}, "homeCity": "Singapore", "lists": {"groups": [{"items": [], "count": 2, "type": "created"}]}}, {"tips": {"count": 0}, "contact": {"twitter": "rawrserbelle"}, "firstName": "Rosabelle", "gender": "female", "lastName": "Chia", "id": "5988675", "bio": "", "photo": {"prefix": "https://igx.4sqi.net/img/user/", "suffix": "/UBLI44EYWVRRIPEW.jpg"}, "homeCity": "Singapore", "lists": {"groups": [{"items": [], "count": 2, "type": "created"}]}}, {"tips": {"count": 0}, "contact": {"facebook": "1450689050"}, "firstName": "Huifen", "gender": "female", "lastName": "Neo", "id": "5904160", "bio": "", "photo": {"prefix": "https://igx.4sqi.net/img/user/", "suffix": "/Q4LBWCJXOZ31DAFB.jpg"}, "homeCity": "Singapore", "lists": {"groups": [{"items": [], "count": 2, "type": "created"}]}}, {"tips": {"count": 0}, "contact": {}, "firstName": "Jia Jin", "gender": "female", "lastName": "Lim", "id": "6378963", "bio": "", "photo": {"prefix": "https://igx.4sqi.net/img/user/", "suffix": "/SJBTRWUTHQVSL0AG.jpg"}, "homeCity": "Singapore", "lists": {"groups": [{"items": [], "count": 2, "type": "created"}]}}, {"tips": {"count": 0}, "contact": {}, "firstName": "Hui ru", "gender": "female", "lastName": "Lee", "id": "6334742", "bio": "", "photo": {"prefix": "https://igx.4sqi.net/img/user/", "suffix": "/VOYQ3B0TSCZRF452.jpg"}, "homeCity": "New York, NY", "lists": {"groups": [{"items": [], "count": 2, "type": "created"}]}}, {"tips": {"count": 0}, "contact": {}, "firstName": "August", "gender": "male", "lastName": "Pok", "id": "6416253", "bio": "", "photo": {"prefix": "https://igx.4sqi.net/img/user/", "suffix": "/XIG0T1V1BPXEP054.jpg"}, "homeCity": "Singapore", "lists": {"groups": [{"items": [], "count": 2, "type": "created"}]}}, {"tips": {"count": 2}, "contact": {"facebook": "629415105"}, "firstName": "Foo", "gender": "male", "lastName": "Guo Wei", "id": "6341407", "bio": "", "photo": {"prefix": "https://igx.4sqi.net/img/user/", "suffix": "/N145MJI5U5NOARA1.jpg"}, "homeCity": "Singapore", "lists": {"groups": [{"items": [], "count": 2, "type": "created"}]}}, {"tips": {"count": 0}, "contact": {}, "firstName": "Jia", "gender": "female", "lastName": "Feng", "id": "6656310", "bio": "", "photo": {"prefix": "https://igx.4sqi.net/img/user/", "suffix": "/blank_girl.png", "default": true}, "homeCity": "Singapore", "lists": {"groups": [{"items": [], "count": 2, "type": "created"}]}}, {"tips": {"count": 3}, "contact": {"twitter": "ohjustcrap", "facebook": "10205196049275962"}, "firstName": "Xiaoqing", "gender": "female", "id": "7269031", "bio": "", "photo": {"prefix": "https://igx.4sqi.net/img/user/", "suffix": "/LGW2ETN43CSUQBD5.jpg"}, "homeCity": "Singapore", "lists": {"groups": [{"items": [], "count": 2, "type": "created"}]}}, {"tips": {"count": 1}, "contact": {}, "firstName": "Tan", "gender": "male", "lastName": "Kian ann", "id": "8532178", "bio": "", "photo": {"prefix": "https://igx.4sqi.net/img/user/", "suffix": "/AS3QKS054T5FOV5P.jpg"}, "homeCity": "NY", "lists": {"groups": [{"items": [], "count": 2, "type": "created"}]}}, {"tips": {"count": 0}, "contact": {"twitter": "deborah_seah", "facebook": "593902011"}, "firstName": "Deborah", "gender": "female", "id": "7459924", "bio": "", "photo": {"prefix": "https://igx.4sqi.net/img/user/", "suffix": "/7459924-LJJYXY5Y0GBLBBKI.jpg"}, "homeCity": "Singapore", "lists": {"groups": [{"items": [], "count": 2, "type": "created"}]}}], "count": 119}, "checksum": "7538cd698cba162b0e05fef5a1bd08dd26394d40"}, "meta": {"requestId": "59660ea8f594df3c0bd7e09b", "code": 200}}