{"notifications": [{"type": "notificationTray", "item": {"unreadCount": 0}}], "response": {"friends": {"items": [{"tips": {"count": 0}, "contact": {}, "firstName": "\ue405soo", "gender": "female", "lastName": "fern\ue405", "id": "4452804", "bio": "", "photo": {"prefix": "https://igx.4sqi.net/img/user/", "suffix": "/4452804-23E4NIZL2KHC5EHK.jpg"}, "homeCity": "Johor bahru, Malaysia", "lists": {"groups": [{"items": [], "count": 2, "type": "created"}]}}, {"tips": {"count": 4}, "contact": {}, "firstName": "Lee", "gender": "female", "lastName": "Sacha", "id": "4469686", "bio": "", "photo": {"prefix": "https://igx.4sqi.net/img/user/", "suffix": "/RWIXNL3PJ5HGAK5B.jpg"}, "homeCity": "Johor Bahru, Malaysia", "lists": {"groups": [{"items": [], "count": 2, "type": "created"}]}}, {"tips": {"count": 25}, "contact": {"facebook": "831794201"}, "firstName": "leng", "gender": "female", "lastName": "ah", "id": "3512890", "bio": "", "photo": {"prefix": "https://igx.4sqi.net/img/user/", "suffix": "/NQ3ERLFTA3K4PLJO.jpg"}, "homeCity": "Singapore", "lists": {"groups": [{"items": [], "count": 2, "type": "created"}]}}, {"tips": {"count": 0}, "contact": {}, "firstName": "\ue11bde", "gender": "female", "id": "4416803", "bio": "", "photo": {"prefix": "https://igx.4sqi.net/img/user/", "suffix": "/YVHL5YB4MPP4CNS1.jpg"}, "homeCity": "Johor Bahru, Malaysia", "lists": {"groups": [{"items": [], "count": 2, "type": "created"}]}}, {"tips": {"count": 0}, "contact": {"twitter": "garyler", "facebook": "685100892"}, "firstName": "Gary", "gender": "male", "lastName": "Ler", "id": "250960", "bio": "", "photo": {"prefix": "https://igx.4sqi.net/img/user/", "suffix": "/SCX32XSP5YMERJ2O.jpg"}, "homeCity": "Singapore", "lists": {"groups": [{"items": [], "count": 2, "type": "created"}]}}, {"tips": {"count": 0}, "contact": {"facebook": "749465010"}, "firstName": "Hui Yung", "gender": "male", "lastName": "Wong", "id": "2286959", "bio": "", "photo": {"prefix": "https://igx.4sqi.net/img/user/", "suffix": "/1GYQ5R4CQXYTLZF2.jpg"}, "homeCity": "Johor Bahru, Malaysia", "lists": {"groups": [{"items": [], "count": 2, "type": "created"}]}}, {"tips": {"count": 1}, "contact": {}, "firstName": "Freda", "gender": "female", "lastName": "Ee", "id": "4026769", "bio": "", "photo": {"prefix": "https://igx.4sqi.net/img/user/", "suffix": "/MPXNOUIKUGI1C3ZM.jpg"}, "homeCity": "New York, NY", "lists": {"groups": [{"items": [], "count": 2, "type": "created"}]}}, {"tips": {"count": 0}, "contact": {"facebook": "1072996500"}, "firstName": "scott", "gender": "male", "lastName": "mackenzie", "id": "2573175", "bio": "", "photo": {"prefix": "https://igx.4sqi.net/img/user/", "suffix": "/blank_boy.png", "default": true}, "homeCity": "Johor Bahru, Malaysia", "lists": {"groups": [{"items": [], "count": 2, "type": "created"}]}}, {"tips": {"count": 2}, "contact": {}, "firstName": "Tan", "gender": "male", "lastName": "Lan seng", "id": "3457043", "bio": "", "photo": {"prefix": "https://igx.4sqi.net/img/user/", "suffix": "/DMAOGL4JCW0E3HWA.jpg"}, "homeCity": "Singapore", "lists": {"groups": [{"items": [], "count": 2, "type": "created"}]}}, {"tips": {"count": 0}, "contact": {}, "firstName": "Joe", "gender": "male", "lastName": "Heng", "id": "3808174", "bio": "", "photo": {"prefix": "https://igx.4sqi.net/img/user/", "suffix": "/PBI5DY0IUZBWPU0A.jpg"}, "homeCity": "Singapore", "lists": {"groups": [{"items": [], "count": 2, "type": "created"}]}}, {"tips": {"count": 28}, "contact": {"facebook": "500601331"}, "firstName": "Wendy", "gender": "female", "lastName": ".C", "id": "672143", "bio": "", "photo": {"prefix": "https://igx.4sqi.net/img/user/", "suffix": "/672143-HUL4ZHJKKL1EOYUE.jpg"}, "homeCity": "Kuala Lumpur, Malaysia", "lists": {"groups": [{"items": [], "count": 3, "type": "created"}]}}, {"tips": {"count": 13}, "contact": {"facebook": "547082544"}, "firstName": "G\u24d8\uff62N\uff63\u25ce", "gender": "male", "id": "4223424", "bio": "", "photo": {"prefix": "https://igx.4sqi.net/img/user/", "suffix": "/4223424-4TXM3VULHEY0VW1Q.jpg"}, "homeCity": "\uff62Johor Bahru\uff63 [Malaysia]", "lists": {"groups": [{"items": [], "count": 2, "type": "created"}]}}, {"tips": {"count": 0}, "contact": {}, "firstName": "Samantha", "gender": "female", "lastName": "Liew", "id": "965659", "bio": "", "photo": {"prefix": "https://igx.4sqi.net/img/user/", "suffix": "/NE4LFPIN1WUZ1QK2.jpg"}, "homeCity": "NT, HONG KONG", "lists": {"groups": [{"items": [], "count": 2, "type": "created"}]}}, {"tips": {"count": 5}, "contact": {"twitter": "nigelytl", "facebook": "726057440"}, "firstName": "Nigel", "gender": "male", "lastName": "Yap", "id": "216876", "bio": "", "photo": {"prefix": "https://igx.4sqi.net/img/user/", "suffix": "/216876-BNWO12IQEYRI30PE.jpg"}, "homeCity": "Petaling Jaya, Selangor", "lists": {"groups": [{"items": [], "count": 2, "type": "created"}]}}, {"tips": {"count": 5}, "contact": {"facebook": "531147117"}, "firstName": "Tom", "gender": "male", "lastName": "Boy", "id": "583051", "bio": "", "photo": {"prefix": "https://igx.4sqi.net/img/user/", "suffix": "/MVFBBHHEL1LAAU41.jpg"}, "homeCity": "Changi, Singapore", "lists": {"groups": [{"items": [], "count": 2, "type": "created"}]}}, {"tips": {"count": 0}, "contact": {}, "firstName": "Lau", "gender": "male", "lastName": "Kok Seng", "id": "1304604", "bio": "", "photo": {"prefix": "https://igx.4sqi.net/img/user/", "suffix": "/UD2NKEXRNADWS2IU.jpg"}, "homeCity": "Singapore", "lists": {"groups": [{"items": [], "count": 2, "type": "created"}]}}, {"tips": {"count": 0}, "contact": {}, "firstName": "David", "gender": "male", "lastName": "Lee", "id": "4563219", "bio": "", "photo": {"prefix": "https://igx.4sqi.net/img/user/", "suffix": "/H20ICTZVN1YBGBQW.jpg"}, "homeCity": "Malaysia", "lists": {"groups": [{"items": [], "count": 2, "type": "created"}]}}, {"tips": {"count": 0}, "contact": {}, "firstName": "Chieh Yong", "gender": "male", "id": "3593328", "bio": "", "photo": {"prefix": "https://igx.4sqi.net/img/user/", "suffix": "/blank_boy.png", "default": true}, "homeCity": "Singapore", "lists": {"groups": [{"items": [], "count": 2, "type": "created"}]}}, {"tips": {"count": 0}, "contact": {}, "firstName": "Federick", "gender": "male", "lastName": "Wang", "id": "4231482", "bio": "", "photo": {"prefix": "https://igx.4sqi.net/img/user/", "suffix": "/QQSC1WPF0H54EXWK.jpg"}, "homeCity": "Johor Bahru, Malaysia", "lists": {"groups": [{"items": [], "count": 2, "type": "created"}]}}, {"tips": {"count": 11}, "contact": {}, "firstName": "Joanne \ud83c\udf3b Jasz\ud83d\udc3b\ud83d\udc3b", "gender": "female", "id": "3527847", "bio": "", "photo": {"prefix": "https://igx.4sqi.net/img/user/", "suffix": "/YY5WIZFZLWKRSX3I.jpg"}, "homeCity": "Malaysia", "lists": {"groups": [{"items": [], "count": 3, "type": "created"}]}}, {"tips": {"count": 0}, "contact": {}, "firstName": "Teyly", "gender": "female", "lastName": "Liew", "id": "1552246", "bio": "", "photo": {"prefix": "https://igx.4sqi.net/img/user/", "suffix": "/QO4LLH4TCXZJSSYX.jpg"}, "homeCity": "Melaka, Malaysia", "lists": {"groups": [{"items": [], "count": 2, "type": "created"}]}}, {"tips": {"count": 1}, "contact": {"twitter": "zhaodi1124", "facebook": "874135453"}, "firstName": "Di", "gender": "male", "lastName": "Zhao", "id": "1254674", "bio": "", "photo": {"prefix": "https://igx.4sqi.net/img/user/", "suffix": "/PRHXNIURONLV5H14.jpg"}, "homeCity": "Toa Payoh, Singapore", "lists": {"groups": [{"items": [], "count": 2, "type": "created"}]}}, {"tips": {"count": 0}, "contact": {"facebook": "649410731"}, "firstName": "Liu", "gender": "male", "lastName": "Chang", "id": "3439190", "bio": "", "photo": {"prefix": "https://igx.4sqi.net/img/user/", "suffix": "/TVU03ZJ0PB0WU2AO.jpg"}, "homeCity": "Singapore", "lists": {"groups": [{"items": [], "count": 2, "type": "created"}]}}, {"tips": {"count": 2}, "contact": {"facebook": "635699495"}, "firstName": "Jackson J", "gender": "male", "lastName": "Ng", "id": "3951724", "bio": "", "photo": {"prefix": "https://igx.4sqi.net/img/user/", "suffix": "/RTD3TTUIKCP2YDIC.jpg"}, "homeCity": "Johor Bahru, Malaysia", "lists": {"groups": [{"items": [], "count": 2, "type": "created"}]}}, {"tips": {"count": 0}, "contact": {"facebook": "606766030"}, "firstName": "Titus", "gender": "male", "lastName": "Whon", "id": "3755395", "bio": "", "photo": {"prefix": "https://igx.4sqi.net/img/user/", "suffix": "/Y5RSSI5LSCZVH134.jpg"}, "homeCity": "Singapore", "lists": {"groups": [{"items": [], "count": 2, "type": "created"}]}}, {"tips": {"count": 0}, "contact": {"facebook": "621792953"}, "firstName": "Nay", "gender": "male", "lastName": "Tun Naing", "id": "3547665", "bio": "", "photo": {"prefix": "https://igx.4sqi.net/img/user/", "suffix": "/blank_boy.png", "default": true}, "homeCity": "Singapore", "lists": {"groups": [{"items": [], "count": 2, "type": "created"}]}}, {"tips": {"count": 19}, "contact": {"twitter": "kenstyle", "facebook": "652402253"}, "firstName": "Ken", "gender": "male", "lastName": "Chuang", "id": "2041055", "bio": "", "photo": {"prefix": "https://igx.4sqi.net/img/user/", "suffix": "/0E3NLGKG4APT4HTR.jpg"}, "homeCity": "JayBee, Malaysia", "lists": {"groups": [{"items": [], "count": 2, "type": "created"}]}}, {"tips": {"count": 1}, "contact": {"facebook": "1001225984"}, "firstName": "Tiah long", "gender": "male", "lastName": "Tan", "id": "3504294", "bio": "", "photo": {"prefix": "https://igx.4sqi.net/img/user/", "suffix": "/5FKPEZCKH23KKROZ.jpg"}, "homeCity": "Singapore", "lists": {"groups": [{"items": [], "count": 2, "type": "created"}]}}, {"tips": {"count": 0}, "contact": {"facebook": "1409490135"}, "firstName": "Zhu", "gender": "female", "lastName": "Li", "id": "3755927", "bio": "", "photo": {"prefix": "https://igx.4sqi.net/img/user/", "suffix": "/4ATIAPNX01X5W4PM.jpg"}, "homeCity": "New York, NY", "lists": {"groups": [{"items": [], "count": 2, "type": "created"}]}}, {"tips": {"count": 0}, "contact": {}, "firstName": "Edwin", "gender": "male", "lastName": "Tan", "id": "3548918", "bio": "", "photo": {"prefix": "https://igx.4sqi.net/img/user/", "suffix": "/YDHTBQMGYR2SZYLO.jpg"}, "homeCity": "Selangor, Malaysia", "lists": {"groups": [{"items": [], "count": 2, "type": "created"}]}}, {"tips": {"count": 0}, "contact": {"facebook": "833115192"}, "firstName": "Isaac", "gender": "male", "lastName": "Aw", "id": "3485821", "bio": "", "photo": {"prefix": "https://igx.4sqi.net/img/user/", "suffix": "/PE2IF0BPRS3STZMQ.jpg"}, "homeCity": "Subang Jaya, Malaysia", "lists": {"groups": [{"items": [], "count": 2, "type": "created"}]}}, {"tips": {"count": 3}, "contact": {"facebook": "100000878467241"}, "firstName": "irene", "gender": "female", "lastName": "hui", "id": "3675794", "bio": "", "photo": {"prefix": "https://igx.4sqi.net/img/user/", "suffix": "/4APGL3G1QQFUBB3C.jpg"}, "homeCity": "Singapore", "lists": {"groups": [{"items": [], "count": 2, "type": "created"}]}}, {"tips": {"count": 1}, "contact": {}, "firstName": "Jimmy Ng", "gender": "male", "id": "3832984", "bio": "", "photo": {"prefix": "https://igx.4sqi.net/img/user/", "suffix": "/LQS4BCJNKTANMJZ3.jpg"}, "homeCity": "Kuala Lumpur, Malaysia", "lists": {"groups": [{"items": [], "count": 2, "type": "created"}]}}, {"tips": {"count": 0}, "contact": {}, "firstName": "Footprints Hostel", "gender": "none", "id": "4151137", "bio": "", "photo": {"prefix": "https://igx.4sqi.net/img/user/", "suffix": "/blank_boy.png", "default": true}, "homeCity": "Singapore", "lists": {"groups": [{"items": [], "count": 2, "type": "created"}]}}, {"tips": {"count": 0}, "contact": {}, "firstName": "Isaac", "gender": "male", "lastName": "Aw", "id": "3487059", "bio": "", "photo": {"prefix": "https://igx.4sqi.net/img/user/", "suffix": "/252VXHSJ3KZZ1Y55.jpg"}, "homeCity": "Subang Jaya, Malaysia", "lists": {"groups": [{"items": [], "count": 2, "type": "created"}]}}, {"tips": {"count": 1}, "contact": {"facebook": "783288004"}, "firstName": "Sam", "gender": "male", "lastName": "Lim", "id": "3731777", "bio": "", "photo": {"prefix": "https://igx.4sqi.net/img/user/", "suffix": "/IRNIVQ2SHKQUNGSJ.jpg"}, "homeCity": "Singapore", "lists": {"groups": [{"items": [], "count": 2, "type": "created"}]}}, {"tips": {"count": 2}, "contact": {"facebook": "734556696"}, "firstName": "Bryan", "gender": "male", "lastName": "Lee", "id": "3867248", "bio": "", "photo": {"prefix": "https://igx.4sqi.net/img/user/", "suffix": "/AFJTX253O1SFEX3S.jpg"}, "homeCity": "Johor Bahru, Malaysia", "lists": {"groups": [{"items": [], "count": 2, "type": "created"}]}}, {"tips": {"count": 18}, "contact": {"facebook": "1038043555"}, "firstName": "Speedzone", "gender": "male", "id": "3557496", "bio": "", "photo": {"prefix": "https://igx.4sqi.net/img/user/", "suffix": "/K1421IYSBE5XAQXS.jpg"}, "homeCity": "Johor Bahru, Malaysia", "lists": {"groups": [{"items": [], "count": 2, "type": "created"}]}}, {"tips": {"count": 0}, "contact": {}, "firstName": "See Hong", "gender": "male", "lastName": "Tay", "id": "3888083", "bio": "", "photo": {"prefix": "https://igx.4sqi.net/img/user/", "suffix": "/5T2EMKJS1AM35QCM.jpg"}, "homeCity": "Singapore", "lists": {"groups": [{"items": [], "count": 2, "type": "created"}]}}, {"tips": {"count": 0}, "contact": {}, "firstName": "Aaron", "gender": "male", "lastName": "Ng", "id": "3922609", "bio": "", "photo": {"prefix": "https://igx.4sqi.net/img/user/", "suffix": "/TRXOVDMEGM3HYPHS.jpg"}, "homeCity": "Johor Bahru, Malaysia", "lists": {"groups": [{"items": [], "count": 2, "type": "created"}]}}, {"tips": {"count": 0}, "contact": {"twitter": "normlai", "facebook": "682268177"}, "firstName": "Norman", "gender": "male", "lastName": "Lai", "id": "3619633", "bio": "", "photo": {"prefix": "https://igx.4sqi.net/img/user/", "suffix": "/SGMYIKPJAJPYDO0N.jpg"}, "homeCity": "Johor Bahru, Malaysia", "lists": {"groups": [{"items": [], "count": 2, "type": "created"}]}}, {"tips": {"count": 0}, "contact": {"facebook": "543604225"}, "firstName": "Giggs li", "gender": "male", "id": "3962109", "bio": "", "photo": {"prefix": "https://igx.4sqi.net/img/user/", "suffix": "/2IYEU3DN4K0AGDM4.jpg"}, "homeCity": "Johor Bahru, Malaysia", "lists": {"groups": [{"items": [], "count": 2, "type": "created"}]}}, {"tips": {"count": 0}, "contact": {"facebook": "100000846327640"}, "firstName": "Lawrence koh", "gender": "male", "id": "3922674", "bio": "", "photo": {"prefix": "https://igx.4sqi.net/img/user/", "suffix": "/INCKID3RXK0W0VVS.jpg"}, "homeCity": "Johor Bahru, Malaysia", "lists": {"groups": [{"items": [], "count": 2, "type": "created"}]}}, {"tips": {"count": 0}, "contact": {}, "firstName": "bill", "gender": "male", "lastName": "Tey", "id": "3687005", "bio": "", "photo": {"prefix": "https://igx.4sqi.net/img/user/", "suffix": "/LCYY3LTZ0LYVUIL5.jpg"}, "homeCity": "Johor Bahru, Malaysia", "lists": {"groups": [{"items": [], "count": 2, "type": "created"}]}}, {"tips": {"count": 1}, "contact": {}, "firstName": "Charmaine", "gender": "female", "lastName": "Lim", "id": "4017771", "bio": "", "photo": {"prefix": "https://igx.4sqi.net/img/user/", "suffix": "/KE1VYFCDFSKL3J3Z.jpg"}, "homeCity": "Ulu Tiram, Malaysia", "lists": {"groups": [{"items": [], "count": 2, "type": "created"}]}}, {"tips": {"count": 0}, "contact": {"facebook": "740726928"}, "firstName": "Fionliang", "gender": "female", "id": "3922885", "bio": "", "photo": {"prefix": "https://igx.4sqi.net/img/user/", "suffix": "/NEBRUFAEC0QEDSOP.jpg"}, "homeCity": "Johor Bahru, Malaysia", "lists": {"groups": [{"items": [], "count": 2, "type": "created"}]}}, {"tips": {"count": 0}, "contact": {}, "firstName": "Kate", "gender": "female", "lastName": "Kee", "id": "3759412", "bio": "", "photo": {"prefix": "https://igx.4sqi.net/img/user/", "suffix": "/XNBJQIBO3OZ2J2UX.jpg"}, "homeCity": "Johor Bahru, Malaysia", "lists": {"groups": [{"items": [], "count": 2, "type": "created"}]}}, {"tips": {"count": 2}, "contact": {"facebook": "543501297"}, "firstName": "Jin", "gender": "male", "lastName": "Ang", "id": "4491757", "bio": "", "photo": {"prefix": "https://igx.4sqi.net/img/user/", "suffix": "/Z2FGNUSLKYDUMROX.jpg"}, "homeCity": "Johor Bahru, Malaysia", "lists": {"groups": [{"items": [], "count": 2, "type": "created"}]}}, {"tips": {"count": 7}, "contact": {"facebook": "614612835"}, "firstName": "adrian", "gender": "male", "lastName": "ee", "id": "4049423", "bio": "", "photo": {"prefix": "https://igx.4sqi.net/img/user/", "suffix": "/blank_boy.png", "default": true}, "homeCity": "Unnamed Location", "lists": {"groups": [{"items": [], "count": 2, "type": "created"}]}}, {"tips": {"count": 0}, "contact": {}, "firstName": "Chen", "gender": "female", "lastName": "Huiyi", "id": "3763677", "bio": "", "photo": {"prefix": "https://igx.4sqi.net/img/user/", "suffix": "/LS2IA1GLWVLGGHVG.jpg"}, "homeCity": "Singapore", "lists": {"groups": [{"items": [], "count": 2, "type": "created"}]}}, {"tips": {"count": 0}, "contact": {}, "firstName": "Tim\"mers", "gender": "none", "lastName": "Slim", "id": "4513529", "bio": "", "photo": {"prefix": "https://igx.4sqi.net/img/user/", "suffix": "/B0FECZKATLETJXAM.jpg"}, "homeCity": "Genting Highlands, Malaysia", "lists": {"groups": [{"items": [], "count": 2, "type": "created"}]}}, {"tips": {"count": 0}, "contact": {}, "firstName": "Sacha", "gender": "female", "lastName": "Lee", "id": "4485092", "bio": "", "photo": {"prefix": "https://igx.4sqi.net/img/user/", "suffix": "/GSSRA05RPZIEXZAN.jpg"}, "homeCity": "New York, NY", "lists": {"groups": [{"items": [], "count": 2, "type": "created"}]}}, {"tips": {"count": 3}, "contact": {}, "firstName": "Alvin", "gender": "male", "lastName": "Teo", "id": "4595671", "bio": "", "photo": {"prefix": "https://igx.4sqi.net/img/user/", "suffix": "/CSTH5YD535L4D0UI.jpg"}, "homeCity": "Johor Bahru, Malaysia", "lists": {"groups": [{"items": [], "count": 2, "type": "created"}]}}], "count": 153}, "checksum": "d92e48323c9817e0083a6d8464ea99e531ed9fb1"}, "meta": {"requestId": "5965f39cdd57972d499d14fa", "code": 200}}