{"notifications": [{"type": "notificationTray", "item": {"unreadCount": 0}}], "meta": {"requestId": "5966e3bbf594df21bae9b827", "code": 200}, "response": {"friends": {"count": 124, "items": [{"id": "1492176", "photo": {"prefix": "https://igx.4sqi.net/img/user/", "suffix": "/PT12KSS3ULYOV5SH.jpg"}, "homeCity": "Pasir Ris, Singapore", "contact": {"facebook": "574217672"}, "firstName": "Eriko", "tips": {"count": 0}, "gender": "female", "lastName": "Chris", "lists": {"groups": [{"count": 2, "type": "created", "items": []}]}, "bio": ""}, {"id": "4454811", "photo": {"prefix": "https://igx.4sqi.net/img/user/", "default": true, "suffix": "/blank_boy.png"}, "homeCity": "Singapore", "contact": {"facebook": "754259021"}, "firstName": "ChinSoon", "tips": {"count": 0}, "gender": "male", "lastName": "Tay", "lists": {"groups": [{"count": 2, "type": "created", "items": []}]}, "bio": ""}, {"id": "4312909", "photo": {"prefix": "https://igx.4sqi.net/img/user/", "suffix": "/QLCCEIVQ3LQW2F2S.jpg"}, "homeCity": "Singapore", "contact": {"facebook": "781374814"}, "firstName": "Dehui", "tips": {"count": 3}, "gender": "male", "lastName": "Chua", "lists": {"groups": [{"count": 2, "type": "created", "items": []}]}, "bio": ""}, {"id": "5142857", "photo": {"prefix": "https://igx.4sqi.net/img/user/", "suffix": "/BWXKTQZG4F5FWNER.jpg"}, "homeCity": "Singapore", "contact": {"facebook": "646605485", "twitter": "alvin_ncs"}, "firstName": "Alvin", "tips": {"count": 12}, "gender": "male", "lastName": "Ncs", "lists": {"groups": [{"count": 2, "type": "created", "items": []}]}, "bio": ""}, {"id": "7984812", "photo": {"prefix": "https://igx.4sqi.net/img/user/", "suffix": "/XFMMZP1DEECROHR3.jpg"}, "homeCity": "Singapore", "contact": {"facebook": "702216759", "twitter": "ahjan_"}, "firstName": "Janice", "tips": {"count": 0}, "gender": "female", "lastName": "Koh", "lists": {"groups": [{"count": 2, "type": "created", "items": []}]}, "bio": ""}, {"id": "1338992", "photo": {"prefix": "https://igx.4sqi.net/img/user/", "suffix": "/ZAWTMFSSLOTV310H.jpg"}, "homeCity": "Singapore", "contact": {"twitter": "jermrocktheboat"}, "firstName": "Jermaine", "tips": {"count": 0}, "gender": "male", "lastName": "Tan", "lists": {"groups": [{"count": 2, "type": "created", "items": []}]}, "bio": ""}, {"id": "245336", "photo": {"prefix": "https://igx.4sqi.net/img/user/", "suffix": "/AN5C1Y2O3ISF0HUD.jpg"}, "homeCity": "Singapore", "contact": {"facebook": "100001050001609", "twitter": "aksuperdance"}, "firstName": "Catch Me If You Can", "tips": {"count": 19}, "gender": "male", "lists": {"groups": [{"count": 4, "type": "created", "items": []}]}, "bio": ""}, {"id": "5550784", "photo": {"prefix": "https://igx.4sqi.net/img/user/", "suffix": "/GC4DAHJTVYLMA2LW.jpg"}, "homeCity": "Singapore", "contact": {"facebook": "598261663", "twitter": "spkbxxx"}, "firstName": "Xin Chee", "tips": {"count": 0}, "gender": "male", "lastName": "Siew", "lists": {"groups": [{"count": 2, "type": "created", "items": []}]}, "bio": ""}, {"id": "2244244", "photo": {"prefix": "https://igx.4sqi.net/img/user/", "suffix": "/2IMB3PJHDKNCPRXM.jpg"}, "homeCity": "Serangoon, Singapore", "contact": {"facebook": "624983572", "twitter": "em0jen"}, "firstName": "Jennifer", "tips": {"count": 0}, "gender": "female", "lastName": "Teo", "lists": {"groups": [{"count": 2, "type": "created", "items": []}]}, "bio": ""}, {"id": "657112", "photo": {"prefix": "https://igx.4sqi.net/img/user/", "suffix": "/ZNV2GEOQIWY1RI3L.jpg"}, "homeCity": "Singapore", "contact": {"facebook": "633250271", "twitter": "nurulmaideen"}, "firstName": "Nurul", "tips": {"count": 0}, "gender": "female", "lastName": "Maideen", "lists": {"groups": [{"count": 2, "type": "created", "items": []}]}, "bio": ""}, {"id": "1236287", "photo": {"prefix": "https://igx.4sqi.net/img/user/", "suffix": "/EZLDC2XQOO0KPB41.jpg"}, "homeCity": "Paya Lebar, Singapore", "contact": {"facebook": "1402476117"}, "firstName": "Kelvin", "tips": {"count": 0}, "gender": "male", "lastName": "Lee", "lists": {"groups": [{"count": 2, "type": "created", "items": []}]}, "bio": ""}, {"id": "189274", "photo": {"prefix": "https://igx.4sqi.net/img/user/", "suffix": "/KYA2NPYV53KVOCJW.jpg"}, "homeCity": "Singapore", "contact": {"twitter": "donaldsng"}, "firstName": "Donald", "tips": {"count": 5}, "gender": "male", "lastName": "Sun", "lists": {"groups": [{"count": 2, "type": "created", "items": []}]}, "bio": ""}, {"id": "1674574", "photo": {"prefix": "https://igx.4sqi.net/img/user/", "suffix": "/D1W2KDKYRUP0NIFZ.jpg"}, "homeCity": "Bedok, Singapore", "contact": {"facebook": "524938966", "twitter": "skeletonyo"}, "firstName": "lili", "tips": {"count": 1}, "gender": "female", "lastName": "yeo", "lists": {"groups": [{"count": 2, "type": "created", "items": []}]}, "bio": ""}, {"id": "689147", "photo": {"prefix": "https://igx.4sqi.net/img/user/", "suffix": "/HKUCVAER2EHTPMOV.jpg"}, "homeCity": "Jurong East, Singapore", "contact": {"facebook": "759848759", "twitter": "lil_xumbrella"}, "firstName": "Lilian", "tips": {"count": 0}, "gender": "female", "lastName": "Chia", "lists": {"groups": [{"count": 2, "type": "created", "items": []}]}, "bio": ""}, {"id": "707355", "photo": {"prefix": "https://igx.4sqi.net/img/user/", "suffix": "/IDWRXYKCXZOUVA2K.jpg"}, "homeCity": "Singapore", "contact": {"facebook": "100001446770734", "twitter": "_deathkite"}, "firstName": "Jocelyn", "tips": {"count": 5}, "gender": "female", "lastName": "Teo", "lists": {"groups": [{"count": 2, "type": "created", "items": []}]}, "bio": ""}, {"id": "3349088", "photo": {"prefix": "https://igx.4sqi.net/img/user/", "suffix": "/FBPJ503RPQH0SWHM.jpg"}, "homeCity": "Southbank, Australia", "contact": {"facebook": "100001000078710", "twitter": "fluffythebunny"}, "firstName": "Cindy", "tips": {"count": 2}, "gender": "female", "lastName": "Cham", "lists": {"groups": [{"count": 2, "type": "created", "items": []}]}, "bio": ""}, {"id": "730683", "photo": {"prefix": "https://igx.4sqi.net/img/user/", "suffix": "/WYJPUHUNWK53MSAN.jpg"}, "homeCity": "Boon Lay, Singapore", "contact": {"twitter": "project_loser"}, "firstName": "Jamie", "tips": {"count": 8}, "gender": "female", "lists": {"groups": [{"count": 2, "type": "created", "items": []}]}, "bio": ""}, {"id": "884679", "photo": {"prefix": "https://igx.4sqi.net/img/user/", "suffix": "/BDQEH0W0FHYTWM4M.jpg"}, "homeCity": "Singapore", "contact": {"twitter": "chris_goh"}, "firstName": "chris", "tips": {"count": 0}, "gender": "female", "lastName": "goh", "lists": {"groups": [{"count": 2, "type": "created", "items": []}]}, "bio": ""}, {"id": "223260", "photo": {"prefix": "https://igx.4sqi.net/img/user/", "suffix": "/223260-2QXYO2EZWMVBVSR1.jpg"}, "homeCity": "Singapore", "contact": {}, "firstName": "Sengaporean", "tips": {"count": 140}, "gender": "female", "lists": {"groups": [{"count": 36, "type": "created", "items": []}]}, "bio": ""}, {"id": "170358", "photo": {"prefix": "https://igx.4sqi.net/img/user/", "suffix": "/DQQK0I0GIDABNAC2.jpg"}, "homeCity": "Singapore", "contact": {}, "firstName": "Smith", "tips": {"count": 27}, "gender": "male", "lastName": "Leong", "lists": {"groups": [{"count": 2, "type": "created", "items": []}]}, "bio": ""}, {"id": "16979610", "photo": {"prefix": "https://igx.4sqi.net/img/user/", "suffix": "/2DZBVCBAPXWH5SFU.jpg"}, "homeCity": "Singapore", "contact": {"facebook": "644513735"}, "firstName": "Dillon", "tips": {"count": 3}, "gender": "female", "lastName": "Poh", "lists": {"groups": [{"count": 2, "type": "created", "items": []}]}, "bio": ""}, {"id": "31488398", "photo": {"prefix": "https://igx.4sqi.net/img/user/", "suffix": "/VFZ5FDUDNCQM3ALV.jpg"}, "homeCity": "New York, NY", "contact": {"twitter": "darkcherryred"}, "firstName": "Joleneruth", "tips": {"count": 0}, "gender": "female", "lists": {"groups": [{"count": 2, "type": "created", "items": []}]}, "bio": ""}, {"id": "4781197", "photo": {"prefix": "https://igx.4sqi.net/img/user/", "suffix": "/Q0TEXVC0YPPO012V.jpg"}, "homeCity": "Singapore", "contact": {"facebook": "625975335", "twitter": "daleyang"}, "firstName": "Dale", "tips": {"count": 9}, "gender": "male", "lastName": "Yang", "lists": {"groups": [{"count": 2, "type": "created", "items": []}]}, "bio": ""}, {"id": "5145350", "photo": {"prefix": "https://igx.4sqi.net/img/user/", "suffix": "/S1CNJMPTEOJE12P3.jpg"}, "homeCity": "Singapore", "contact": {"facebook": "657348847", "twitter": "chamhui"}, "firstName": "Hui", "tips": {"count": 3}, "gender": "female", "lastName": "Cham", "lists": {"groups": [{"count": 2, "type": "created", "items": []}]}, "bio": ""}, {"id": "12030001", "photo": {"prefix": "https://igx.4sqi.net/img/user/", "suffix": "/5PVFPHQAQHWCB2PX.jpg"}, "homeCity": "Unnamed Location", "contact": {"facebook": "684942053"}, "firstName": "Weehan", "tips": {"count": 0}, "gender": "male", "lastName": "Soh", "lists": {"groups": [{"count": 2, "type": "created", "items": []}]}, "bio": ""}, {"id": "8078625", "photo": {"prefix": "https://igx.4sqi.net/img/user/", "default": true, "suffix": "/blank_boy.png"}, "homeCity": "Singapore", "contact": {"facebook": "1185448014"}, "firstName": "Reb", "tips": {"count": 0}, "gender": "none", "lastName": "Reb", "lists": {"groups": [{"count": 2, "type": "created", "items": []}]}, "bio": ""}, {"id": "38637011", "photo": {"prefix": "https://igx.4sqi.net/img/user/", "suffix": "/DSI0EE2CXV3F0BEF.jpg"}, "homeCity": "Singapore ", "contact": {}, "firstName": "Carey", "tips": {"count": 2}, "gender": "female", "lastName": "Peh", "lists": {"groups": [{"count": 2, "type": "created", "items": []}]}, "bio": ""}, {"id": "5559676", "photo": {"prefix": "https://igx.4sqi.net/img/user/", "suffix": "/5YMIE5SG4K0BOTFG.jpg"}, "homeCity": "Singapore", "contact": {}, "firstName": "Terry", "tips": {"count": 5}, "gender": "male", "lastName": "Leong", "lists": {"groups": [{"count": 2, "type": "created", "items": []}]}, "bio": ""}, {"id": "2626723", "photo": {"prefix": "https://igx.4sqi.net/img/user/", "suffix": "/H54YMFW4NVYBBC3X.jpg"}, "homeCity": "Singapore", "contact": {"facebook": "648226658", "twitter": "sophiaong09"}, "firstName": "Sophia", "tips": {"count": 0}, "gender": "female", "lastName": "Ong", "lists": {"groups": [{"count": 2, "type": "created", "items": []}]}, "bio": ""}, {"id": "1578872", "photo": {"prefix": "https://igx.4sqi.net/img/user/", "suffix": "/0NZ3A1VOA4CUH4B2.jpg"}, "homeCity": "Singapore", "contact": {"facebook": "635884933", "twitter": "wayneteo"}, "firstName": "Wayne", "tips": {"count": 54}, "gender": "male", "lists": {"groups": [{"count": 2, "type": "created", "items": []}]}, "bio": ""}, {"id": "2572178", "photo": {"prefix": "https://igx.4sqi.net/img/user/", "suffix": "/D0DYBP0Q5SFDM0KV.jpg"}, "homeCity": "Singapore", "contact": {"facebook": "578480015"}, "firstName": "Sheila", "tips": {"count": 0}, "gender": "female", "lastName": "Toh", "lists": {"groups": [{"count": 2, "type": "created", "items": []}]}, "bio": ""}, {"id": "291816", "photo": {"prefix": "https://igx.4sqi.net/img/user/", "suffix": "/291816-1LZO0KIMKT52XWS1.jpg"}, "homeCity": "Singapore", "contact": {"facebook": "580003208", "twitter": "woosheryl"}, "firstName": "Sheryl", "tips": {"count": 4}, "gender": "female", "lastName": "Woo", "lists": {"groups": [{"count": 2, "type": "created", "items": []}]}, "bio": ""}, {"id": "3460021", "photo": {"prefix": "https://igx.4sqi.net/img/user/", "suffix": "/MAQY5L5E01TBVPEP.jpg"}, "homeCity": "Singapore", "contact": {"facebook": "627382544"}, "firstName": "Lynn", "tips": {"count": 3}, "gender": "female", "lastName": "Lu", "lists": {"groups": [{"count": 2, "type": "created", "items": []}]}, "bio": ""}, {"id": "991873", "photo": {"prefix": "https://igx.4sqi.net/img/user/", "suffix": "/NXWT1SHTKQF0CMYU.jpg"}, "homeCity": "Singapore", "contact": {"facebook": "631516858", "twitter": "beejaeee"}, "firstName": "beejaee", "tips": {"count": 8}, "gender": "none", "lastName": "guo", "lists": {"groups": [{"count": 2, "type": "created", "items": []}]}, "bio": ""}, {"id": "4958245", "photo": {"prefix": "https://igx.4sqi.net/img/user/", "suffix": "/5UPAQ050YUDTEADX.jpg"}, "homeCity": "Singapore, SG", "contact": {"facebook": "1073112653", "twitter": "cheinyeanlim"}, "firstName": "Alex", "tips": {"count": 0}, "gender": "male", "lastName": "Lim", "lists": {"groups": [{"count": 2, "type": "created", "items": []}]}, "bio": ""}, {"id": "3551180", "photo": {"prefix": "https://igx.4sqi.net/img/user/", "suffix": "/TLAIJREGLZBNESJN.jpg"}, "homeCity": "Singapore", "contact": {}, "firstName": "Chan", "tips": {"count": 0}, "gender": "male", "lastName": "Wei jian", "lists": {"groups": [{"count": 2, "type": "created", "items": []}]}, "bio": ""}, {"id": "838811", "photo": {"prefix": "https://igx.4sqi.net/img/user/", "suffix": "/BC0E3DJYCGTWXJRV.jpg"}, "homeCity": "Singapore", "contact": {"facebook": "554936863", "twitter": "cchryl"}, "firstName": "cheryl", "tips": {"count": 4}, "gender": "female", "lastName": "leong", "lists": {"groups": [{"count": 2, "type": "created", "items": []}]}, "bio": ""}, {"id": "886757", "photo": {"prefix": "https://igx.4sqi.net/img/user/", "suffix": "/886757-ONISZMBKDNGYKZNK.jpg"}, "homeCity": "Singapore", "contact": {"twitter": "leilashleigh"}, "firstName": "Leila", "tips": {"count": 0}, "gender": "female", "lastName": "Char", "lists": {"groups": [{"count": 2, "type": "created", "items": []}]}, "bio": ""}, {"id": "2550056", "photo": {"prefix": "https://igx.4sqi.net/img/user/", "suffix": "/BX3ACCIFFOT3UTZL.jpg"}, "homeCity": "Singapore", "contact": {"facebook": "868805716"}, "firstName": "\ub9ac\uc6e8\uc774\ubc0d", "tips": {"count": 6}, "gender": "male", "lastName": "ScubaBoy", "lists": {"groups": [{"count": 2, "type": "created", "items": []}]}, "bio": ""}, {"id": "27166622", "photo": {"prefix": "https://igx.4sqi.net/img/user/", "suffix": "/HSSECOZNEKZQFU0T.jpg"}, "homeCity": "New York, NY", "contact": {"facebook": "725272665"}, "firstName": "Esther", "tips": {"count": 1}, "gender": "female", "lastName": "Chan", "lists": {"groups": [{"count": 2, "type": "created", "items": []}]}, "bio": ""}, {"id": "45560991", "photo": {"prefix": "https://igx.4sqi.net/img/user/", "suffix": "/VZUUTBBYGASTZXRA.jpg"}, "homeCity": "New York, NY", "contact": {"facebook": "630425148"}, "firstName": "Rena", "tips": {"count": 0}, "gender": "female", "lastName": "Heng", "lists": {"groups": [{"count": 2, "type": "created", "items": []}]}, "bio": ""}, {"id": "49495390", "photo": {"prefix": "https://igx.4sqi.net/img/user/", "suffix": "/5T4HMXOJKYMLKY33.jpg"}, "homeCity": "New York, NY", "contact": {"facebook": "100000363736965"}, "firstName": "BigGuy", "tips": {"count": 0}, "gender": "male", "lastName": "Linus", "lists": {"groups": [{"count": 2, "type": "created", "items": []}]}, "bio": ""}, {"id": "5683177", "photo": {"prefix": "https://igx.4sqi.net/img/user/", "suffix": "/E0JZEDDIZWXIN5AZ.jpg"}, "homeCity": "Singapore", "contact": {}, "firstName": "Jeremy Andre", "tips": {"count": 0}, "gender": "male", "lastName": "Cheah", "lists": {"groups": [{"count": 2, "type": "created", "items": []}]}, "bio": ""}, {"id": "6747070", "photo": {"prefix": "https://igx.4sqi.net/img/user/", "suffix": "/MTIKSDNH43KU2XSS.jpg"}, "homeCity": "Singapore", "contact": {"facebook": "544035973", "twitter": "ionlysayokcan"}, "firstName": "Kenji L.", "tips": {"count": 0}, "gender": "female", "lists": {"groups": [{"count": 2, "type": "created", "items": []}]}, "bio": ""}, {"id": "10141573", "photo": {"prefix": "https://igx.4sqi.net/img/user/", "suffix": "/3HI3IZNVLDR4SLKQ.jpg"}, "homeCity": "\u5317\u4eac\u5e02, \u4e2d\u56fd", "contact": {}, "firstName": "Lao", "tips": {"count": 0}, "gender": "male", "lastName": "Yi", "lists": {"groups": [{"count": 2, "type": "created", "items": []}]}, "bio": ""}, {"id": "5684104", "photo": {"prefix": "https://igx.4sqi.net/img/user/", "suffix": "/VMHDGX2YBPZYGEMY.jpg"}, "homeCity": "Singapore", "contact": {}, "firstName": "Winnie", "tips": {"count": 0}, "gender": "none", "lastName": "T", "lists": {"groups": [{"count": 2, "type": "created", "items": []}]}, "bio": ""}, {"id": "2836060", "photo": {"prefix": "https://igx.4sqi.net/img/user/", "suffix": "/UWNT1LHT3ZK0AACT.jpg"}, "homeCity": "Singapore", "contact": {}, "firstName": "Lina", "tips": {"count": 0}, "gender": "female", "lastName": "Lina", "lists": {"groups": [{"count": 2, "type": "created", "items": []}]}, "bio": ""}, {"id": "4917035", "photo": {"prefix": "https://igx.4sqi.net/img/user/", "suffix": "/A4IYBHOJ4VJUYVA4.jpg"}, "homeCity": "Singapore", "contact": {"twitter": "anittababyanna"}, "firstName": "Anitta", "tips": {"count": 1}, "gender": "female", "lastName": "Babyanna", "lists": {"groups": [{"count": 2, "type": "created", "items": []}]}, "bio": ""}, {"id": "3162154", "photo": {"prefix": "https://igx.4sqi.net/img/user/", "suffix": "/NUCZ4E5A3HPMCQC0.jpg"}, "homeCity": "Singapore", "contact": {}, "firstName": "Kelvin", "tips": {"count": 1}, "gender": "male", "lastName": "Kelvin", "lists": {"groups": [{"count": 2, "type": "created", "items": []}]}, "bio": ""}, {"id": "297384", "photo": {"prefix": "https://igx.4sqi.net/img/user/", "suffix": "/SZQC5HBH13IBEIHO.jpg"}, "homeCity": "Singapore", "contact": {"twitter": "figsley"}, "firstName": "Figsley", "tips": {"count": 15}, "gender": "female", "lists": {"groups": [{"count": 2, "type": "created", "items": []}]}, "bio": ""}, {"id": "4186977", "photo": {"prefix": "https://igx.4sqi.net/img/user/", "suffix": "/KU1XTMSRV3HJZOTW.jpg"}, "homeCity": "Singapore", "contact": {"facebook": "770484044"}, "firstName": "Ivy", "tips": {"count": 0}, "gender": "female", "lastName": "Zhong", "lists": {"groups": [{"count": 2, "type": "created", "items": []}]}, "bio": ""}, {"id": "1696940", "photo": {"prefix": "https://igx.4sqi.net/img/user/", "suffix": "/4GKY5D2GZW1QGJ0E.jpg"}, "homeCity": "Bukit Panjang, Singapore", "contact": {"facebook": "521865783", "twitter": "kcyder"}, "firstName": "Kris", "tips": {"count": 5}, "gender": "female", "lastName": "Wong", "lists": {"groups": [{"count": 2, "type": "created", "items": []}]}, "bio": ""}, {"id": "14995539", "photo": {"prefix": "https://igx.4sqi.net/img/user/", "suffix": "/TOFIBF4JUMOLKACC.jpg"}, "homeCity": "Singapore", "contact": {"facebook": "764654310", "twitter": "drealim"}, "firstName": "Andrea", "tips": {"count": 0}, "gender": "female", "lastName": "Lim", "lists": {"groups": [{"count": 2, "type": "created", "items": []}]}, "bio": ""}, {"id": "4145905", "photo": {"prefix": "https://igx.4sqi.net/img/user/", "suffix": "/ZSDVMSCLC4WHCRNQ.jpg"}, "homeCity": "Singapore", "contact": {"facebook": "546122770", "twitter": "michaeltaybc"}, "firstName": "Michael Tay", "tips": {"count": 12}, "gender": "male", "lastName": "BC", "lists": {"groups": [{"count": 2, "type": "created", "items": []}]}, "bio": ""}, {"id": "974713", "photo": {"prefix": "https://igx.4sqi.net/img/user/", "suffix": "/URWOCKCDV35RMMYF.jpg"}, "homeCity": "Singapore", "contact": {"facebook": "769014138", "twitter": "sianzrong"}, "firstName": "ma", "tips": {"count": 4}, "gender": "male", "lastName": "xianrong", "lists": {"groups": [{"count": 2, "type": "created", "items": []}]}, "bio": ""}, {"id": "3435218", "photo": {"prefix": "https://igx.4sqi.net/img/user/", "default": true, "suffix": "/blank_girl.png"}, "homeCity": "Singapore", "contact": {}, "firstName": "Amber", "tips": {"count": 0}, "gender": "female", "lastName": "Zheng Kexin", "lists": {"groups": [{"count": 2, "type": "created", "items": []}]}, "bio": ""}, {"id": "6211253", "photo": {"prefix": "https://igx.4sqi.net/img/user/", "suffix": "/TBVTND12TW3SEN3Y.jpg"}, "homeCity": "Singapore", "contact": {"facebook": "530181406"}, "firstName": "Clara", "tips": {"count": 0}, "gender": "female", "lastName": "Kriessya", "lists": {"groups": [{"count": 2, "type": "created", "items": []}]}, "bio": ""}, {"id": "6787365", "photo": {"prefix": "https://igx.4sqi.net/img/user/", "suffix": "/U3TQBNQJBJ4GT0P2.jpg"}, "homeCity": "Singapore", "contact": {}, "firstName": "Kamal", "tips": {"count": 0}, "gender": "male", "lastName": "Ramli", "lists": {"groups": [{"count": 2, "type": "created", "items": []}]}, "bio": ""}, {"id": "10784806", "photo": {"prefix": "https://igx.4sqi.net/img/user/", "suffix": "/VGDAYW3NKNCEYIDD.jpg"}, "homeCity": "Singapore", "contact": {"facebook": "100000414264714"}, "firstName": "Alina", "tips": {"count": 0}, "gender": "female", "lastName": "Tay", "lists": {"groups": [{"count": 2, "type": "created", "items": []}]}, "bio": ""}, {"id": "5821944", "photo": {"prefix": "https://igx.4sqi.net/img/user/", "suffix": "/TXJQAQGT5MF4PW5G.jpg"}, "homeCity": "Singapore", "contact": {"facebook": "100001640888579"}, "firstName": "Cheryl", "tips": {"count": 1}, "gender": "female", "lastName": "Zeng", "lists": {"groups": [{"count": 2, "type": "created", "items": []}]}, "bio": ""}, {"id": "5020546", "photo": {"prefix": "https://igx.4sqi.net/img/user/", "suffix": "/5020546-OH1LII2FRZKYBTVL.jpg"}, "homeCity": "Singapore", "contact": {"facebook": "10153069911355443", "twitter": "xdrums"}, "firstName": "Andrew", "tips": {"count": 2}, "gender": "male", "lastName": "Loh", "lists": {"groups": [{"count": 2, "type": "created", "items": []}]}, "bio": "percussion, drums, music, scuba diving, cycling, running, science & technology"}, {"id": "5179403", "photo": {"prefix": "https://igx.4sqi.net/img/user/", "suffix": "/T5Y4W4A3HHXYNLPI.jpg"}, "homeCity": "Singapore", "contact": {"facebook": "100000756897681", "twitter": "jeronnable"}, "firstName": "Jeronn", "tips": {"count": 0}, "gender": "male", "lastName": "Loong", "lists": {"groups": [{"count": 2, "type": "created", "items": []}]}, "bio": ""}, {"id": "3529106", "photo": {"prefix": "https://igx.4sqi.net/img/user/", "suffix": "/XPL5FPPNQN1ZQD2U.jpg"}, "homeCity": "Singapore", "contact": {"facebook": "563298575", "twitter": "brainneo"}, "firstName": "Brian", "tips": {"count": 1}, "gender": "male", "lastName": "Neo", "lists": {"groups": [{"count": 2, "type": "created", "items": []}]}, "bio": ""}, {"id": "5028464", "photo": {"prefix": "https://igx.4sqi.net/img/user/", "suffix": "/J4YORD5QCQQW0VF3.jpg"}, "homeCity": "singapore", "contact": {"twitter": "applezxx"}, "firstName": "Apple", "tips": {"count": 0}, "gender": "female", "lastName": "Pie", "lists": {"groups": [{"count": 2, "type": "created", "items": []}]}, "bio": ""}, {"id": "3333378", "photo": {"prefix": "https://igx.4sqi.net/img/user/", "suffix": "/VYH53EN1MKH5MSEC.jpg"}, "homeCity": "Singapore", "contact": {"facebook": "655157643", "twitter": "dorymacaroni"}, "firstName": "Dory", "tips": {"count": 0}, "gender": "female", "lastName": "Sezxyouup", "lists": {"groups": [{"count": 2, "type": "created", "items": []}]}, "bio": ""}, {"id": "1022815", "photo": {"prefix": "https://igx.4sqi.net/img/user/", "suffix": "/255IL2GEHSNXDJRP.jpg"}, "homeCity": "Queenstown, Singapore", "contact": {"facebook": "832183728", "twitter": "egnatius"}, "firstName": "Egnatius", "tips": {"count": 0}, "gender": "male", "lastName": "Jae", "lists": {"groups": [{"count": 2, "type": "created", "items": []}]}, "bio": ""}, {"id": "3673183", "photo": {"prefix": "https://igx.4sqi.net/img/user/", "default": true, "suffix": "/blank_boy.png"}, "homeCity": "Singapore", "contact": {}, "firstName": "Elmo", "tips": {"count": 0}, "gender": "male", "lastName": "Tan", "lists": {"groups": [{"count": 2, "type": "created", "items": []}]}, "bio": ""}, {"id": "6243004", "photo": {"prefix": "https://igx.4sqi.net/img/user/", "suffix": "/EAE3MELYBMQ2FANG.jpg"}, "homeCity": "Singapore", "contact": {"facebook": "701301328", "twitter": "ryanwrong"}, "firstName": "Ryan", "tips": {"count": 3}, "gender": "male", "lastName": "Wong", "lists": {"groups": [{"count": 2, "type": "created", "items": []}]}, "bio": ""}, {"id": "9146657", "photo": {"prefix": "https://igx.4sqi.net/img/user/", "default": true, "suffix": "/blank_boy.png"}, "homeCity": "Singapore", "contact": {}, "firstName": "Fagan", "tips": {"count": 0}, "gender": "male", "lastName": "Cheong", "lists": {"groups": [{"count": 2, "type": "created", "items": []}]}, "bio": ""}, {"id": "10412131", "photo": {"prefix": "https://igx.4sqi.net/img/user/", "suffix": "/DWH5PSJZH50CCASD.jpg"}, "homeCity": "Singapore", "contact": {"facebook": "566933295"}, "firstName": "Joanne", "tips": {"count": 2}, "gender": "female", "lastName": "Wong", "lists": {"groups": [{"count": 2, "type": "created", "items": []}]}, "bio": ""}, {"id": "5056651", "photo": {"prefix": "https://igx.4sqi.net/img/user/", "suffix": "/VSYTXH5IEFQOGA0W.jpg"}, "homeCity": "Singapore", "contact": {}, "firstName": "Ben tay", "tips": {"count": 0}, "gender": "male", "lastName": "Ben tay", "lists": {"groups": [{"count": 2, "type": "created", "items": []}]}, "bio": ""}, {"id": "5192021", "photo": {"prefix": "https://igx.4sqi.net/img/user/", "suffix": "/M3JZPNVEFBJNVTMK.jpg"}, "homeCity": "Singapore", "contact": {}, "firstName": "Jin hui", "tips": {"count": 0}, "gender": "male", "lists": {"groups": [{"count": 2, "type": "created", "items": []}]}, "bio": ""}, {"id": "3921875", "photo": {"prefix": "https://igx.4sqi.net/img/user/", "suffix": "/5HFD0GOL13Q3VTUM.jpg"}, "homeCity": "Singapore", "contact": {}, "firstName": "Fenny", "tips": {"count": 0}, "gender": "female", "lastName": "Li", "lists": {"groups": [{"count": 2, "type": "created", "items": []}]}, "bio": ""}, {"id": "4618663", "photo": {"prefix": "https://igx.4sqi.net/img/user/", "suffix": "/VDFRJFUTIVT1LTOG.jpg"}, "homeCity": "Singapore", "contact": {"facebook": "591623578"}, "firstName": "Trevor", "tips": {"count": 0}, "gender": "male", "lastName": "Gordon", "lists": {"groups": [{"count": 2, "type": "created", "items": []}]}, "bio": ""}, {"id": "1134220", "photo": {"prefix": "https://igx.4sqi.net/img/user/", "suffix": "/GFENAVS5C05LEOUQ.jpg"}, "homeCity": "Singapore ", "contact": {"facebook": "729780135"}, "firstName": "Lay ling", "tips": {"count": 3}, "gender": "female", "lastName": "Toh", "lists": {"groups": [{"count": 2, "type": "created", "items": []}]}, "bio": ""}, {"id": "4041619", "photo": {"prefix": "https://igx.4sqi.net/img/user/", "suffix": "/CRBVNUPDJIW1DQ53.jpg"}, "homeCity": "Singapore", "contact": {}, "firstName": "Pamelia", "tips": {"count": 0}, "gender": "female", "lastName": "Sng", "lists": {"groups": [{"count": 2, "type": "created", "items": []}]}, "bio": ""}, {"id": "6933676", "photo": {"prefix": "https://igx.4sqi.net/img/user/", "default": true, "suffix": "/blank_girl.png"}, "homeCity": "Singapore", "contact": {}, "firstName": "Wendy", "tips": {"count": 0}, "gender": "female", "lastName": "Yeo", "lists": {"groups": [{"count": 2, "type": "created", "items": []}]}, "bio": ""}, {"id": "13086981", "photo": {"prefix": "https://igx.4sqi.net/img/user/", "suffix": "/N1LPKNLTVLW3S4IA.jpg"}, "homeCity": "Singapore", "contact": {"facebook": "100002635255929"}, "firstName": "Dealzilla", "tips": {"count": 40}, "gender": "none", "lastName": "Monst", "lists": {"groups": [{"count": 6, "type": "created", "items": []}]}, "bio": ""}, {"id": "7415386", "photo": {"prefix": "https://igx.4sqi.net/img/user/", "default": true, "suffix": "/blank_boy.png"}, "homeCity": "Singapore", "contact": {}, "firstName": "Yorn", "tips": {"count": 0}, "gender": "none", "lastName": "Lee", "lists": {"groups": [{"count": 2, "type": "created", "items": []}]}, "bio": ""}, {"id": "4051424", "photo": {"prefix": "https://igx.4sqi.net/img/user/", "suffix": "/3V0MD3QKPWXE54IX.jpg"}, "homeCity": "Singapore", "contact": {"facebook": "100001567940101"}, "firstName": "Mark", "tips": {"count": 2}, "gender": "male", "lastName": "Chua", "lists": {"groups": [{"count": 2, "type": "created", "items": []}]}, "bio": ""}, {"id": "65449833", "photo": {"prefix": "https://igx.4sqi.net/img/user/", "suffix": "/HUPKGJUWMNH33AXP.jpg"}, "homeCity": "Singapore", "contact": {"facebook": "653740887", "twitter": "gerhh"}, "firstName": "Gerhh", "tips": {"count": 0}, "gender": "female", "lastName": "Goh", "lists": {"groups": [{"count": 2, "type": "created", "items": []}]}, "bio": ""}, {"id": "1250188", "photo": {"prefix": "https://igx.4sqi.net/img/user/", "suffix": "/USLC3QU5C5XP2OVF.jpg"}, "homeCity": "Singapore", "contact": {"twitter": "sianzkia"}, "firstName": "Andrew", "tips": {"count": 3}, "gender": "male", "lists": {"groups": [{"count": 2, "type": "created", "items": []}]}, "bio": ""}, {"id": "4043204", "photo": {"prefix": "https://igx.4sqi.net/img/user/", "default": true, "suffix": "/blank_boy.png"}, "homeCity": "New York, NY", "contact": {}, "firstName": "Ang", "tips": {"count": 0}, "gender": "none", "lastName": "Diana", "lists": {"groups": [{"count": 2, "type": "created", "items": []}]}, "bio": ""}, {"id": "7296853", "photo": {"prefix": "https://igx.4sqi.net/img/user/", "suffix": "/3BFNWXOAMJBFGAYI.jpg"}, "homeCity": "Singapore", "contact": {"facebook": "100000123289848"}, "firstName": "Annette", "tips": {"count": 0}, "gender": "female", "lastName": "Phay", "lists": {"groups": [{"count": 2, "type": "created", "items": []}]}, "bio": ""}, {"id": "13499417", "photo": {"prefix": "https://igx.4sqi.net/img/user/", "suffix": "/13499417-TO13ZGOJA05DBSNW.jpg"}, "homeCity": "\u0423\u043b\u0430\u043d-\u0423\u0434\u044d", "contact": {"facebook": "100001024655400", "twitter": "davismystery"}, "firstName": "\u0414\u0435\u043d\u0438\u0441", "tips": {"count": 1}, "gender": "male", "lastName": "\u0410\u044e\u0448\u0435\u0435\u0432", "lists": {"groups": [{"count": 2, "type": "created", "items": []}]}, "bio": ""}, {"id": "67327596", "photo": {"prefix": "https://igx.4sqi.net/img/user/", "suffix": "/67327596-DZK4MVFKLFFF2GH3.jpg"}, "homeCity": "Exeter, ENG", "contact": {"facebook": "739483876", "twitter": "dailypotatoes"}, "firstName": "Cheryl", "tips": {"count": 0}, "gender": "female", "lastName": "Yun", "lists": {"groups": [{"count": 2, "type": "created", "items": []}]}, "bio": ""}, {"id": "4506470", "photo": {"prefix": "https://igx.4sqi.net/img/user/", "suffix": "/AHDLNBCAKOK2KZHJ.jpg"}, "homeCity": "Singapore", "contact": {}, "firstName": "Joleneruth", "tips": {"count": 0}, "gender": "female", "lastName": "Tan", "lists": {"groups": [{"count": 2, "type": "created", "items": []}]}, "bio": ""}, {"id": "1444838", "photo": {"prefix": "https://igx.4sqi.net/img/user/", "suffix": "/1444838-2Y3MMNAYAPWRGCY2.jpg"}, "homeCity": "Singapore", "contact": {"facebook": "704524307"}, "firstName": "Amy", "tips": {"count": 4}, "gender": "female", "lastName": "Chua", "lists": {"groups": [{"count": 2, "type": "created", "items": []}]}, "bio": ""}, {"id": "5209351", "photo": {"prefix": "https://igx.4sqi.net/img/user/", "suffix": "/TSUUO4IVMAU1WD1R.jpg"}, "homeCity": "Singapore", "contact": {}, "firstName": "Daniel", "tips": {"count": 0}, "gender": "male", "lastName": "Chng", "lists": {"groups": [{"count": 2, "type": "created", "items": []}]}, "bio": ""}, {"id": "35082059", "photo": {"prefix": "https://igx.4sqi.net/img/user/", "suffix": "/LA3JY5BELPOP1YGH.jpg"}, "homeCity": "New York, NY", "contact": {"facebook": "523732282"}, "firstName": "Valencia", "tips": {"count": 0}, "gender": "none", "lastName": "Lin", "lists": {"groups": [{"count": 2, "type": "created", "items": []}]}, "bio": ""}, {"id": "4509997", "photo": {"prefix": "https://igx.4sqi.net/img/user/", "suffix": "/FTHMJNYWEYRICFFC.jpg"}, "homeCity": "Singapore", "contact": {}, "firstName": "Low", "tips": {"count": 0}, "gender": "male", "lastName": "Nixon", "lists": {"groups": [{"count": 2, "type": "created", "items": []}]}, "bio": ""}, {"id": "1629547", "photo": {"prefix": "https://igx.4sqi.net/img/user/", "suffix": "/1629547-4H2YAST1VJBHIZXQ.jpg"}, "homeCity": "Nong Bon, Bangkok", "contact": {"facebook": "100000248871262", "twitter": "khanpop"}, "firstName": "Khanpop", "tips": {"count": 10}, "gender": "male", "lastName": "Rachapakdee", "lists": {"groups": [{"count": 2, "type": "created", "items": []}]}, "bio": ""}, {"id": "5217862", "photo": {"prefix": "https://igx.4sqi.net/img/user/", "suffix": "/HTWXFFMWODRNG1XW.jpg"}, "homeCity": "Singapore", "contact": {}, "firstName": "Heng", "tips": {"count": 0}, "gender": "female", "lastName": "Rena", "lists": {"groups": [{"count": 2, "type": "created", "items": []}]}, "bio": ""}, {"id": "4800957", "photo": {"prefix": "https://igx.4sqi.net/img/user/", "suffix": "/XR13DXLRLPQJTXVU.jpg"}, "homeCity": "Singapore, Bukit Panjang", "contact": {"facebook": "708074571"}, "firstName": "Jasonz", "tips": {"count": 1}, "gender": "male", "lastName": "Teoh Shikamaru", "lists": {"groups": [{"count": 2, "type": "created", "items": []}]}, "bio": ""}, {"id": "1832976", "photo": {"prefix": "https://igx.4sqi.net/img/user/", "suffix": "/1832976-GJIXYNROPGBTMX5Y.jpg"}, "homeCity": "Singapore", "contact": {"facebook": "100001484054197"}, "firstName": "Julian", "tips": {"count": 3}, "gender": "male", "lastName": "Kwong", "lists": {"groups": [{"count": 2, "type": "created", "items": []}]}, "bio": ""}, {"id": "5768585", "photo": {"prefix": "https://igx.4sqi.net/img/user/", "suffix": "/5NRHP0QLJS2DUZQO.jpg"}, "homeCity": "Singapore", "contact": {"facebook": "734231192", "twitter": "alysharouge"}, "firstName": "Alysha", "tips": {"count": 0}, "gender": "female", "lastName": "Gwee", "lists": {"groups": [{"count": 2, "type": "created", "items": []}]}, "bio": ""}, {"id": "4806947", "photo": {"prefix": "https://igx.4sqi.net/img/user/", "suffix": "/FGREQI2YPD1OFUOC.jpg"}, "homeCity": "Singapore", "contact": {"facebook": "1666110717", "twitter": "the_krusty_crap"}, "firstName": "Loy", "tips": {"count": 1}, "gender": "male", "lastName": "Chuan wei", "lists": {"groups": [{"count": 2, "type": "created", "items": []}]}, "bio": ""}, {"id": "1874926", "photo": {"prefix": "https://igx.4sqi.net/img/user/", "suffix": "/DMFQLQGD5JRLIRRX.jpg"}, "homeCity": "Singapore", "contact": {"facebook": "727920080"}, "firstName": "Sarah", "tips": {"count": 2}, "gender": "female", "lastName": "Lin", "lists": {"groups": [{"count": 2, "type": "created", "items": []}]}, "bio": ""}, {"id": "5772093", "photo": {"prefix": "https://igx.4sqi.net/img/user/", "suffix": "/QNU2EM45NTF0DHEV.jpg"}, "homeCity": "Singapore", "contact": {}, "firstName": "Gladys", "tips": {"count": 4}, "gender": "female", "lastName": "Wu", "lists": {"groups": [{"count": 2, "type": "created", "items": []}]}, "bio": ""}, {"id": "9757734", "photo": {"prefix": "https://igx.4sqi.net/img/user/", "default": true, "suffix": "/blank_boy.png"}, "homeCity": "Singapore", "contact": {}, "firstName": "GuoPeng", "tips": {"count": 0}, "gender": "male", "lastName": "Yew", "lists": {"groups": [{"count": 2, "type": "created", "items": []}]}, "bio": ""}, {"id": "2067948", "photo": {"prefix": "https://igx.4sqi.net/img/user/", "suffix": "/5JCD2O4MVQWLLHDN.jpg"}, "homeCity": "Singapore", "contact": {"twitter": "minnieleong"}, "firstName": "Minnie", "tips": {"count": 2}, "gender": "female", "lastName": "L", "lists": {"groups": [{"count": 2, "type": "created", "items": []}]}, "bio": ""}, {"id": "5877814", "photo": {"prefix": "https://igx.4sqi.net/img/user/", "suffix": "/GS5WAKVLHCTRJ44M.jpg"}, "homeCity": "Singapore", "contact": {"facebook": "718987529"}, "firstName": "Gina", "tips": {"count": 4}, "gender": "female", "lastName": "Tan", "lists": {"groups": [{"count": 2, "type": "created", "items": []}]}, "bio": ""}, {"id": "16945462", "photo": {"prefix": "https://igx.4sqi.net/img/user/", "suffix": "/16945462-DF4ANE31LGPL0Q1F.jpg"}, "homeCity": "Singapore", "contact": {"facebook": "556405021", "twitter": "jyaeinthemood"}, "firstName": "Jyaeshika", "tips": {"count": 0}, "gender": "female", "lastName": "Low", "lists": {"groups": [{"count": 2, "type": "created", "items": []}]}, "bio": ""}, {"id": "2226428", "photo": {"prefix": "https://igx.4sqi.net/img/user/", "suffix": "/S2MYNN3NALZPYTEX.jpg"}, "homeCity": "Singapore", "contact": {"facebook": "575083514", "twitter": "tanwk3"}, "firstName": "Wee Kiong", "tips": {"count": 69}, "gender": "male", "lastName": "Tan", "lists": {"groups": [{"count": 4, "type": "created", "items": []}]}, "bio": ""}, {"id": "6054802", "photo": {"prefix": "https://igx.4sqi.net/img/user/", "default": true, "suffix": "/blank_boy.png"}, "homeCity": "Singapore", "contact": {}, "firstName": "Kelvin", "tips": {"count": 0}, "gender": "male", "lastName": "Chia", "lists": {"groups": [{"count": 2, "type": "created", "items": []}]}, "bio": ""}, {"id": "20955487", "photo": {"prefix": "https://igx.4sqi.net/img/user/", "suffix": "/RCLWOULKS0AHQGEG.jpg"}, "homeCity": "singapore", "contact": {"facebook": "736927687"}, "firstName": "Ray", "tips": {"count": 1}, "gender": "female", "lastName": "Cheng", "lists": {"groups": [{"count": 2, "type": "created", "items": []}]}, "bio": ""}, {"id": "2727864", "photo": {"prefix": "https://igx.4sqi.net/img/user/", "suffix": "/KFCAVUGBUAEQQD51.jpg"}, "homeCity": "\u842c\u83ef\u5340, Taiwan", "contact": {}, "firstName": "Joanna", "tips": {"count": 0}, "gender": "female", "lastName": "Jao", "lists": {"groups": [{"count": 2, "type": "created", "items": []}]}, "bio": ""}, {"id": "7873546", "photo": {"prefix": "https://igx.4sqi.net/img/user/", "suffix": "/BDIOJURZVCTGJEQ1.jpg"}, "homeCity": "Singapore", "contact": {}, "firstName": "Claire", "tips": {"count": 2}, "gender": "female", "lastName": "Tham", "lists": {"groups": [{"count": 2, "type": "created", "items": []}]}, "bio": ""}, {"id": "54326391", "photo": {"prefix": "https://igx.4sqi.net/img/user/", "suffix": "/CR02EOT0M2LI2DNX.jpg"}, "homeCity": "Singapore", "contact": {"facebook": "628536588"}, "firstName": "Keith", "tips": {"count": 0}, "gender": "female", "lastName": "Toh", "lists": {"groups": [{"count": 2, "type": "created", "items": []}]}, "bio": ""}, {"id": "3021902", "photo": {"prefix": "https://igx.4sqi.net/img/user/", "suffix": "/2VHRGVPHKIA02BGA.jpg"}, "homeCity": "Singapore", "contact": {"facebook": "630355011"}, "firstName": "Michiko", "tips": {"count": 0}, "gender": "female", "lastName": "Makino", "lists": {"groups": [{"count": 2, "type": "created", "items": []}]}, "bio": ""}, {"id": "3080329", "photo": {"prefix": "https://igx.4sqi.net/img/user/", "suffix": "/AFV2L2C21SH40ZKR.jpg"}, "homeCity": "Singapore", "contact": {"facebook": "1059794137"}, "firstName": "Tricia", "tips": {"count": 0}, "gender": "female", "lastName": "Lee", "lists": {"groups": [{"count": 2, "type": "created", "items": []}]}, "bio": ""}, {"id": "3103689", "photo": {"prefix": "https://igx.4sqi.net/img/user/", "suffix": "/Z20Q5B4HDRYU0ZLI.jpg"}, "homeCity": "Singapore", "contact": {"facebook": "547472186", "twitter": "janewws"}, "firstName": "Jane", "tips": {"count": 0}, "gender": "female", "lastName": "Wong", "lists": {"groups": [{"count": 2, "type": "created", "items": []}]}, "bio": ""}, {"id": "3220654", "photo": {"prefix": "https://igx.4sqi.net/img/user/", "suffix": "/0KCUOONHL5WD1CIB.jpg"}, "homeCity": "Singapore", "contact": {"facebook": "554571163"}, "firstName": "Julya", "tips": {"count": 0}, "gender": "female", "lastName": "Azura", "lists": {"groups": [{"count": 2, "type": "created", "items": []}]}, "bio": ""}, {"id": "3246423", "photo": {"prefix": "https://igx.4sqi.net/img/user/", "default": true, "suffix": "/blank_boy.png"}, "homeCity": "Singapore", "contact": {}, "firstName": "Deen", "tips": {"count": 0}, "gender": "male", "lastName": "Cat", "lists": {"groups": [{"count": 2, "type": "created", "items": []}]}, "bio": ""}, {"id": "3257153", "photo": {"prefix": "https://igx.4sqi.net/img/user/", "suffix": "/3257153-5ZUBS0Y331OPS2N0.jpg"}, "homeCity": "Singapore", "contact": {"facebook": "1061289412"}, "firstName": "Helina", "tips": {"count": 0}, "gender": "female", "lastName": "Lim", "lists": {"groups": [{"count": 2, "type": "created", "items": []}]}, "bio": ""}, {"id": "3378197", "photo": {"prefix": "https://igx.4sqi.net/img/user/", "suffix": "/3378197-XI3IBPVP5UTVI5PU.jpg"}, "homeCity": "Singapore", "contact": {"facebook": "564539769", "twitter": "rainbownclouds"}, "firstName": "Velda", "tips": {"count": 1}, "gender": "female", "lists": {"groups": [{"count": 2, "type": "created", "items": []}]}, "bio": ""}, {"id": "3490458", "photo": {"prefix": "https://igx.4sqi.net/img/user/", "suffix": "/1WLMMIMEW44QRQG4.jpg"}, "homeCity": "Petaling Jaya, Malaysia", "contact": {"facebook": "100000100820880"}, "firstName": "Soulja", "tips": {"count": 1}, "gender": "male", "lastName": "Boy", "lists": {"groups": [{"count": 2, "type": "created", "items": []}]}, "bio": ""}, {"id": "3493314", "photo": {"prefix": "https://igx.4sqi.net/img/user/", "suffix": "/HUIX4ILOSN1KG30C.jpg"}, "homeCity": "Singapore", "contact": {}, "firstName": "kcalb", "tips": {"count": 0}, "gender": "male", "lastName": "Mon", "lists": {"groups": [{"count": 2, "type": "created", "items": []}]}, "bio": ""}, {"id": "3685850", "photo": {"prefix": "https://igx.4sqi.net/img/user/", "suffix": "/OVNJH4YZQGLEAMHA.jpg"}, "homeCity": "Singapore", "contact": {"facebook": "1796229247"}, "firstName": "Huishan", "tips": {"count": 0}, "gender": "female", "lastName": "Li", "lists": {"groups": [{"count": 2, "type": "created", "items": []}]}, "bio": ""}, {"id": "4002741", "photo": {"prefix": "https://igx.4sqi.net/img/user/", "suffix": "/WC44S1OSSR4YYUKM.jpg"}, "homeCity": "New York, NY", "contact": {"facebook": "729770864"}, "firstName": "Vincent", "tips": {"count": 6}, "gender": "male", "lastName": "Chan", "lists": {"groups": [{"count": 2, "type": "created", "items": []}]}, "bio": ""}, {"id": "4164277", "photo": {"prefix": "https://igx.4sqi.net/img/user/", "suffix": "/UC304LKBDGAM24SW.jpg"}, "homeCity": "Singapore", "contact": {"twitter": "yueseven"}, "firstName": "Yueli", "tips": {"count": 0}, "gender": "female", "lastName": "Ong", "lists": {"groups": [{"count": 2, "type": "created", "items": []}]}, "bio": ""}, {"id": "4732924", "photo": {"prefix": "https://igx.4sqi.net/img/user/", "suffix": "/1OBYNQ4ABOCERRNP.jpg"}, "homeCity": "singapore", "contact": {"facebook": "798522435", "twitter": "free_man77"}, "firstName": "Christopher", "tips": {"count": 35}, "gender": "male", "lastName": "Gyrel", "lists": {"groups": [{"count": 2, "type": "created", "items": []}]}, "bio": "Travel junkie, coffee conoisseur"}, {"id": "5655909", "photo": {"prefix": "https://igx.4sqi.net/img/user/", "suffix": "/41MRIRSD1MGT0ZLJ.jpg"}, "homeCity": "Singapore", "contact": {}, "firstName": "Kenny", "tips": {"count": 0}, "gender": "male", "lists": {"groups": [{"count": 2, "type": "created", "items": []}]}, "bio": ""}, {"id": "6409276", "photo": {"prefix": "https://igx.4sqi.net/img/user/", "suffix": "/10APJJ1SFSNZMFQD.jpg"}, "homeCity": "Singapore", "contact": {}, "firstName": "Iain", "tips": {"count": 0}, "gender": "male", "lastName": "Lim", "lists": {"groups": [{"count": 2, "type": "created", "items": []}]}, "bio": ""}]}, "checksum": "2a112bde3e8fce2410fccf836b8b31107aa88579"}}