{"notifications": [{"type": "notificationTray", "item": {"unreadCount": 0}}], "response": {"friends": {"items": [{"tips": {"count": 0}, "contact": {}, "firstName": "Sam", "gender": "male", "lastName": "Lim", "id": "4844617", "bio": "", "photo": {"prefix": "https://igx.4sqi.net/img/user/", "suffix": "/blank_boy.png", "default": true}, "homeCity": "Singapore", "lists": {"groups": [{"items": [], "count": 2, "type": "created"}]}}, {"tips": {"count": 0}, "contact": {"facebook": "580395138"}, "firstName": "Mariah", "gender": "female", "lastName": "Mahli", "id": "4423037", "bio": "", "photo": {"prefix": "https://igx.4sqi.net/img/user/", "suffix": "/CTLS3GBJ5I5OAYJL.jpg"}, "homeCity": "Singapore", "lists": {"groups": [{"items": [], "count": 2, "type": "created"}]}}, {"tips": {"count": 3}, "contact": {"facebook": "624653201"}, "firstName": "Kavitha", "gender": "female", "lastName": "Singaram", "id": "5785573", "bio": "", "photo": {"prefix": "https://igx.4sqi.net/img/user/", "suffix": "/0FL43VBAEETLLKNZ.jpg"}, "homeCity": "Singapore", "lists": {"groups": [{"items": [], "count": 2, "type": "created"}]}}, {"tips": {"count": 0}, "contact": {"twitter": "lizbytes"}, "firstName": "Liza", "gender": "female", "lastName": "J.", "id": "3164095", "bio": "", "photo": {"prefix": "https://igx.4sqi.net/img/user/", "suffix": "/15K3SQM4DROX2PL4.jpg"}, "homeCity": "Singapore", "lists": {"groups": [{"items": [], "count": 2, "type": "created"}]}}, {"tips": {"count": 0}, "contact": {}, "firstName": "Santhosh", "gender": "male", "lastName": "Joseph", "id": "3447533", "bio": "", "photo": {"prefix": "https://igx.4sqi.net/img/user/", "suffix": "/SFDKEXSOBY12KMNT.jpg"}, "homeCity": "Thiruvallur, India", "lists": {"groups": [{"items": [], "count": 2, "type": "created"}]}}, {"tips": {"count": 2}, "contact": {"facebook": "638586009"}, "firstName": "D", "gender": "male", "lastName": "Speck", "id": "2994698", "bio": "", "photo": {"prefix": "https://igx.4sqi.net/img/user/", "suffix": "/YEPSHMWRUZRJJK2V.jpg"}, "homeCity": "Singapore", "lists": {"groups": [{"items": [], "count": 2, "type": "created"}]}}, {"tips": {"count": 8}, "contact": {"facebook": "1664622897"}, "firstName": "Norhidayat", "gender": "male", "lastName": "Ali", "id": "3806109", "bio": "", "photo": {"prefix": "https://igx.4sqi.net/img/user/", "suffix": "/2JWMBN23TFAOFW1V.jpg"}, "homeCity": "Singapore", "lists": {"groups": [{"items": [], "count": 2, "type": "created"}]}}, {"tips": {"count": 0}, "contact": {}, "firstName": "Jaya", "gender": "female", "lastName": "Thevathasan", "id": "4208440", "bio": "", "photo": {"prefix": "https://igx.4sqi.net/img/user/", "suffix": "/VEXA2IXXBWYGZXOF.jpg"}, "homeCity": "Singapore", "lists": {"groups": [{"items": [], "count": 2, "type": "created"}]}}, {"tips": {"count": 0}, "contact": {"twitter": "tickledpinkgem"}, "firstName": "Nur", "gender": "female", "lastName": "Amalina", "id": "3120927", "bio": "", "photo": {"prefix": "https://igx.4sqi.net/img/user/", "suffix": "/blank_girl.png", "default": true}, "homeCity": "Singapore", "lists": {"groups": [{"items": [], "count": 2, "type": "created"}]}}, {"tips": {"count": 3}, "contact": {"twitter": "hayleypereira", "facebook": "511258655"}, "firstName": "hayl", "gender": "female", "id": "3209367", "bio": "", "photo": {"prefix": "https://igx.4sqi.net/img/user/", "suffix": "/KGZKRP2Y1TQQPPWK.jpg"}, "homeCity": "Singapore", "lists": {"groups": [{"items": [], "count": 2, "type": "created"}]}}, {"tips": {"count": 7}, "contact": {"twitter": "aprima", "facebook": "100006916816469"}, "firstName": "Sarah", "gender": "female", "lastName": "Mansor", "id": "502724", "bio": "", "photo": {"prefix": "https://igx.4sqi.net/img/user/", "suffix": "/502724-455C4UZRGCEL5TUA.jpg"}, "homeCity": "Singapore", "lists": {"groups": [{"items": [], "count": 2, "type": "created"}]}}, {"tips": {"count": 0}, "contact": {}, "firstName": "Shah hida", "gender": "female", "lastName": "Anuar", "id": "5207011", "bio": "", "photo": {"prefix": "https://igx.4sqi.net/img/user/", "suffix": "/GBLPWPIGO5K1ZKVB.jpg"}, "homeCity": "Singapore", "lists": {"groups": [{"items": [], "count": 2, "type": "created"}]}}, {"tips": {"count": 13}, "contact": {"facebook": "688051019"}, "firstName": "Ana", "gender": "female", "lastName": "Ow", "id": "3449036", "bio": "", "photo": {"prefix": "https://igx.4sqi.net/img/user/", "suffix": "/E2EQTV1PCI1RB513.jpg"}, "homeCity": "Singapore", "lists": {"groups": [{"items": [], "count": 2, "type": "created"}]}}, {"tips": {"count": 0}, "contact": {"facebook": "508427514"}, "firstName": "Rebecca", "gender": "female", "lastName": "K", "id": "3121912", "bio": "", "photo": {"prefix": "https://igx.4sqi.net/img/user/", "suffix": "/1QQ2HW35VSP1DH1Z.jpg"}, "homeCity": "Singapore", "lists": {"groups": [{"items": [], "count": 2, "type": "created"}]}}, {"tips": {"count": 0}, "contact": {}, "firstName": "Duanhong", "gender": "male", "lastName": "Zhuang", "id": "4953911", "bio": "", "photo": {"prefix": "https://igx.4sqi.net/img/user/", "suffix": "/blank_boy.png", "default": true}, "homeCity": "Johor Bahru, Malaysia", "lists": {"groups": [{"items": [], "count": 2, "type": "created"}]}}, {"tips": {"count": 5}, "contact": {"facebook": "619644820"}, "firstName": "Vigneswaran", "gender": "male", "lastName": "Avalee", "id": "4858949", "bio": "", "photo": {"prefix": "https://igx.4sqi.net/img/user/", "suffix": "/blank_boy.png", "default": true}, "homeCity": "Singapore", "lists": {"groups": [{"items": [], "count": 2, "type": "created"}]}}, {"tips": {"count": 0}, "contact": {}, "firstName": "Cecilia", "gender": "female", "lastName": "Ra", "id": "3371959", "bio": "", "photo": {"prefix": "https://igx.4sqi.net/img/user/", "suffix": "/V4KABMESME4TMEVI.jpg"}, "homeCity": "Singapore", "lists": {"groups": [{"items": [], "count": 2, "type": "created"}]}}, {"tips": {"count": 0}, "contact": {"facebook": "809701543"}, "firstName": "Shoba", "gender": "female", "lastName": "Ganesh", "id": "3430151", "bio": "", "photo": {"prefix": "https://igx.4sqi.net/img/user/", "suffix": "/PM3TRL0JIJWVROLW.jpg"}, "homeCity": "Singapore", "lists": {"groups": [{"items": [], "count": 2, "type": "created"}]}}, {"tips": {"count": 3}, "contact": {"twitter": "shyna_m", "facebook": "539135989"}, "firstName": "Shyna", "gender": "female", "lastName": "M", "id": "506491", "bio": "", "photo": {"prefix": "https://igx.4sqi.net/img/user/", "suffix": "/RITHLMW5BUTMLKJI.jpg"}, "homeCity": "Singapore", "lists": {"groups": [{"items": [], "count": 2, "type": "created"}]}}, {"tips": {"count": 0}, "contact": {}, "firstName": "Jaya", "gender": "female", "lastName": "Thevathasab", "id": "6206591", "bio": "", "photo": {"prefix": "https://igx.4sqi.net/img/user/", "suffix": "/BSSXVUVWG2FHA41R.jpg"}, "homeCity": "Singapore", "lists": {"groups": [{"items": [], "count": 2, "type": "created"}]}}, {"tips": {"count": 0}, "contact": {"twitter": "nyraevans", "facebook": "675856587"}, "firstName": "Nyra", "gender": "female", "lastName": "J Anirah Sander", "id": "3784903", "bio": "", "photo": {"prefix": "https://igx.4sqi.net/img/user/", "suffix": "/LQ0MXP3ELIFDIMQN.jpg"}, "homeCity": "Singapore", "lists": {"groups": [{"items": [], "count": 2, "type": "created"}]}}, {"tips": {"count": 2}, "contact": {"twitter": "laimd88", "facebook": "10153058128992960"}, "firstName": "Min Dzi", "gender": "male", "lastName": "Lai", "id": "3415528", "bio": "", "photo": {"prefix": "https://igx.4sqi.net/img/user/", "suffix": "/CYHOPSARHWBSOEHZ.jpg"}, "homeCity": "Singapore", "lists": {"groups": [{"items": [], "count": 2, "type": "created"}]}}, {"tips": {"count": 1}, "contact": {"twitter": "piggykai", "facebook": "833697219"}, "firstName": "Zhikai", "gender": "male", "lastName": "Ong", "id": "3420373", "bio": "", "photo": {"prefix": "https://igx.4sqi.net/img/user/", "suffix": "/52PICYEZIKMDWHOI.jpg"}, "homeCity": "Singapore", "lists": {"groups": [{"items": [], "count": 2, "type": "created"}]}}, {"tips": {"count": 0}, "contact": {"twitter": "purplelia", "facebook": "1120119806"}, "firstName": "Purplelia", "gender": "female", "id": "3705419", "bio": "", "photo": {"prefix": "https://igx.4sqi.net/img/user/", "suffix": "/C1Y0CIT3QPI1JBVV.jpg"}, "homeCity": "London UK", "lists": {"groups": [{"items": [], "count": 2, "type": "created"}]}}, {"tips": {"count": 0}, "contact": {}, "firstName": "Anush", "gender": "female", "id": "3825344", "bio": "", "photo": {"prefix": "https://igx.4sqi.net/img/user/", "suffix": "/2A2PSQBT4O4R1OFF.jpg"}, "homeCity": "Singapore", "lists": {"groups": [{"items": [], "count": 2, "type": "created"}]}}, {"tips": {"count": 0}, "contact": {}, "firstName": "Priya", "gender": "female", "lastName": "Manoharan", "id": "4086274", "bio": "", "photo": {"prefix": "https://igx.4sqi.net/img/user/", "suffix": "/blank_girl.png", "default": true}, "homeCity": "Singapore", "lists": {"groups": [{"items": [], "count": 2, "type": "created"}]}}, {"tips": {"count": 0}, "contact": {}, "firstName": "Kogila", "gender": "female", "lastName": "Durai", "id": "4731670", "bio": "", "photo": {"prefix": "https://igx.4sqi.net/img/user/", "suffix": "/YHSR4O4IPAFF3M5M.jpg"}, "homeCity": "Singapore", "lists": {"groups": [{"items": [], "count": 2, "type": "created"}]}}, {"tips": {"count": 0}, "contact": {}, "firstName": "Bren", "gender": "none", "id": "5342657", "bio": "", "photo": {"prefix": "https://igx.4sqi.net/img/user/", "suffix": "/blank_boy.png", "default": true}, "homeCity": "Singapore", "lists": {"groups": [{"items": [], "count": 2, "type": "created"}]}}, {"tips": {"count": 0}, "contact": {}, "firstName": "Santhya", "gender": "female", "id": "6357230", "bio": "", "photo": {"prefix": "https://igx.4sqi.net/img/user/", "suffix": "/DD41QLQT3UPFC4ZZ.jpg"}, "homeCity": "Singapore", "lists": {"groups": [{"items": [], "count": 2, "type": "created"}]}}], "count": 29}, "checksum": "38f50e644ff49cfff17cc91494dba0d72eb306e4"}, "meta": {"requestId": "5966217b1ed21919fb51e5c0", "code": 200}}