{"notifications": [{"type": "notificationTray", "item": {"unreadCount": 0}}], "response": {"friends": {"items": [{"tips": {"count": 0}, "contact": {"facebook": "631898923"}, "firstName": "Melissa", "gender": "female", "lastName": "Loh", "id": "4466961", "bio": "", "photo": {"prefix": "https://igx.4sqi.net/img/user/", "suffix": "/ZDE5JWSEFEVWWDLX.jpg"}, "homeCity": "Singapore", "lists": {"groups": [{"items": [], "count": 2, "type": "created"}]}}, {"tips": {"count": 0}, "contact": {}, "firstName": "Lexus", "gender": "male", "lastName": "Teo", "id": "20427603", "bio": "", "photo": {"prefix": "https://igx.4sqi.net/img/user/", "suffix": "/M2JEII3S3INKAL1D.jpg"}, "homeCity": "New York, NY", "lists": {"groups": [{"items": [], "count": 2, "type": "created"}]}}, {"tips": {"count": 0}, "contact": {"facebook": "528601919"}, "firstName": "Jace", "gender": "female", "lastName": "Koh \u062a", "id": "1249115", "bio": "", "photo": {"prefix": "https://igx.4sqi.net/img/user/", "suffix": "/XUTUQYAI04MLDY1M.jpg"}, "homeCity": "Kallang, Singapore", "lists": {"groups": [{"items": [], "count": 2, "type": "created"}]}}, {"tips": {"count": 0}, "contact": {"twitter": "annettelth"}, "firstName": "Annette", "gender": "female", "lastName": "Lim \ud83d\udd4a", "id": "4267157", "bio": "+65 / 96", "photo": {"prefix": "https://igx.4sqi.net/img/user/", "suffix": "/4267157_5hFtGvAX_z7UWqC31V8nxXWmwD3nNnTtmmwvred-XTAqi9OEWTrFR9Ws3TWt6IkZercVv0h7b.jpg"}, "homeCity": "Singapore", "lists": {"groups": [{"items": [], "count": 2, "type": "created"}]}}, {"tips": {"count": 8}, "contact": {"twitter": "xpollypocket"}, "firstName": "Eunice", "gender": "female", "lastName": "Ng", "id": "522378", "bio": "", "photo": {"prefix": "https://igx.4sqi.net/img/user/", "suffix": "/WVDJ4HFMO5QFWASA.jpg"}, "homeCity": "Singapore", "lists": {"groups": [{"items": [], "count": 2, "type": "created"}]}}, {"tips": {"count": 0}, "contact": {"facebook": "555186348"}, "firstName": "Daven", "gender": "male", "lastName": "Koh", "id": "3948996", "bio": "", "photo": {"prefix": "https://igx.4sqi.net/img/user/", "suffix": "/JLJXKVIPIBBJVXRS.jpg"}, "homeCity": "Singapore", "lists": {"groups": [{"items": [], "count": 2, "type": "created"}]}}, {"tips": {"count": 0}, "contact": {}, "firstName": "\u306f\u3084\u3057", "gender": "female", "lastName": "\u308c\u3044", "id": "8371602", "bio": "", "photo": {"prefix": "https://igx.4sqi.net/img/user/", "suffix": "/VGJCHIFKCYT0IMGL.jpg"}, "homeCity": "Singapore", "lists": {"groups": [{"items": [], "count": 2, "type": "created"}]}}, {"tips": {"count": 0}, "contact": {"facebook": "1356591674"}, "firstName": "rebecca", "gender": "female", "id": "2567402", "bio": "", "photo": {"prefix": "https://igx.4sqi.net/img/user/", "suffix": "/RFJDEWXEV0IWKLJR.jpg"}, "homeCity": "Singapore", "lists": {"groups": [{"items": [], "count": 2, "type": "created"}]}}, {"tips": {"count": 1}, "contact": {"twitter": "qwebie", "facebook": "729520407"}, "firstName": "Jason", "gender": "male", "lastName": "Loong", "id": "3449164", "bio": "", "photo": {"prefix": "https://igx.4sqi.net/img/user/", "suffix": "/G5WCBZIAIYXGCMKK.gif"}, "homeCity": "\u5927\u962a\u5e02\u897f\u533a, \u65e5\u672c", "lists": {"groups": [{"items": [], "count": 2, "type": "created"}]}}, {"tips": {"count": 3}, "contact": {"twitter": "stephanietang", "facebook": "641292235"}, "firstName": "Stephanie", "gender": "female", "lastName": "Tang", "id": "318287", "bio": "", "photo": {"prefix": "https://igx.4sqi.net/img/user/", "suffix": "/AUQJ002T2GUTKVAC.jpg"}, "homeCity": "Singapore", "lists": {"groups": [{"items": [], "count": 2, "type": "created"}]}}, {"tips": {"count": 1}, "contact": {"facebook": "730620897"}, "firstName": "Jiang Jin", "gender": "male", "id": "4145499", "bio": "", "photo": {"prefix": "https://igx.4sqi.net/img/user/", "suffix": "/3LIOR2U1B3DUXAS1.jpg"}, "homeCity": "Singapore", "lists": {"groups": [{"items": [], "count": 2, "type": "created"}]}}, {"tips": {"count": 0}, "contact": {"facebook": "844315152"}, "firstName": "Lin", "gender": "male", "lastName": "Wenjian", "id": "787348", "bio": "", "photo": {"prefix": "https://igx.4sqi.net/img/user/", "suffix": "/blank_boy.png", "default": true}, "homeCity": "Yishun, Singapore", "lists": {"groups": [{"items": [], "count": 2, "type": "created"}]}}, {"tips": {"count": 4}, "contact": {"facebook": "540218429"}, "firstName": "GuoQiang", "gender": "male", "lastName": "Low", "id": "3039095", "bio": "", "photo": {"prefix": "https://igx.4sqi.net/img/user/", "suffix": "/2BYP1WJACPGGKI35.jpg"}, "homeCity": "Singapore, SG", "lists": {"groups": [{"items": [], "count": 2, "type": "created"}]}}, {"tips": {"count": 2}, "contact": {"facebook": "737297218"}, "firstName": "Seng Tat", "gender": "male", "lastName": "Tan", "id": "19663772", "bio": "", "photo": {"prefix": "https://igx.4sqi.net/img/user/", "suffix": "/WQLIYXE2C4AIPJMX.jpg"}, "homeCity": "Singapore", "lists": {"groups": [{"items": [], "count": 3, "type": "created"}]}}, {"tips": {"count": 0}, "contact": {"facebook": "716888401"}, "firstName": "Tay", "gender": "male", "lastName": "Huat", "id": "6295986", "bio": "", "photo": {"prefix": "https://igx.4sqi.net/img/user/", "suffix": "/blank_boy.png", "default": true}, "homeCity": "Singapore", "lists": {"groups": [{"items": [], "count": 2, "type": "created"}]}}, {"tips": {"count": 0}, "contact": {"facebook": "656465445"}, "firstName": "Yan Wen", "gender": "male", "lastName": "Tan", "id": "7507728", "bio": "", "photo": {"prefix": "https://igx.4sqi.net/img/user/", "suffix": "/blank_boy.png", "default": true}, "homeCity": "Singapore", "lists": {"groups": [{"items": [], "count": 2, "type": "created"}]}}, {"tips": {"count": 0}, "contact": {"facebook": "818093344"}, "firstName": "Vick", "gender": "male", "lastName": "Tan", "id": "3958187", "bio": "", "photo": {"prefix": "https://igx.4sqi.net/img/user/", "suffix": "/Z1EN1W4JBSTTJWBL.jpg"}, "homeCity": "Singapore", "lists": {"groups": [{"items": [], "count": 2, "type": "created"}]}}, {"tips": {"count": 5}, "contact": {"facebook": "790890627"}, "firstName": "Kelvin", "gender": "male", "lastName": "Lee", "id": "3619953", "bio": "", "photo": {"prefix": "https://igx.4sqi.net/img/user/", "suffix": "/QCO30C5MNTZWJDSF.jpg"}, "homeCity": "Singapore", "lists": {"groups": [{"items": [], "count": 2, "type": "created"}]}}, {"tips": {"count": 0}, "contact": {}, "firstName": "Willie", "gender": "male", "lastName": "Lee", "id": "5936205", "bio": "", "photo": {"prefix": "https://igx.4sqi.net/img/user/", "suffix": "/blank_boy.png", "default": true}, "homeCity": "Singapore", "lists": {"groups": [{"items": [], "count": 2, "type": "created"}]}}, {"tips": {"count": 0}, "contact": {}, "firstName": "Esta", "gender": "female", "lastName": "Tan", "id": "4626227", "bio": "", "photo": {"prefix": "https://igx.4sqi.net/img/user/", "suffix": "/2BDAJTDN0HZFSCAV.jpg"}, "homeCity": "Singapore", "lists": {"groups": [{"items": [], "count": 2, "type": "created"}]}}, {"tips": {"count": 0}, "contact": {"facebook": "687728532"}, "firstName": "Florence", "gender": "female", "lastName": "Chew", "id": "4943699", "bio": "", "photo": {"prefix": "https://igx.4sqi.net/img/user/", "suffix": "/EPNGQZWD5GNQUHB3.jpg"}, "homeCity": "Singapore", "lists": {"groups": [{"items": [], "count": 2, "type": "created"}]}}, {"tips": {"count": 1}, "contact": {"twitter": "skinnyshortcake", "facebook": "739698525"}, "firstName": "Huihui", "gender": "female", "lastName": "Ng", "id": "2534995", "bio": "", "photo": {"prefix": "https://igx.4sqi.net/img/user/", "suffix": "/FKZX4G2XFJPVACRL.jpg"}, "homeCity": "tiny red dot", "lists": {"groups": [{"items": [], "count": 2, "type": "created"}]}}, {"tips": {"count": 2}, "contact": {}, "firstName": "miAomiAo", "gender": "female", "lastName": "Lim", "id": "3042418", "bio": "", "photo": {"prefix": "https://igx.4sqi.net/img/user/", "suffix": "/TGLSAJTR2LILY4KU.jpg"}, "homeCity": "Singapore", "lists": {"groups": [{"items": [], "count": 2, "type": "created"}]}}, {"tips": {"count": 0}, "contact": {}, "firstName": "Xiaoqi", "gender": "female", "lastName": "Bunnysaur", "id": "6302487", "bio": "", "photo": {"prefix": "https://igx.4sqi.net/img/user/", "suffix": "/HAQWXOBXHLNF4ZUT.jpg"}, "homeCity": "Singapore", "lists": {"groups": [{"items": [], "count": 2, "type": "created"}]}}, {"tips": {"count": 0}, "contact": {"facebook": "563926697"}, "firstName": "Steve", "gender": "male", "lastName": "Auyong", "id": "7863131", "bio": "", "photo": {"prefix": "https://igx.4sqi.net/img/user/", "suffix": "/blank_boy.png", "default": true}, "homeCity": "Singapore", "lists": {"groups": [{"items": [], "count": 2, "type": "created"}]}}, {"tips": {"count": 1}, "contact": {"twitter": "xxtin3", "facebook": "518701635"}, "firstName": "Christine", "gender": "female", "lastName": "Ang", "id": "3834146", "bio": "", "photo": {"prefix": "https://igx.4sqi.net/img/user/", "suffix": "/NNB4TA3R1M5IL5IT.jpg"}, "homeCity": "Singapore", "lists": {"groups": [{"items": [], "count": 2, "type": "created"}]}}, {"tips": {"count": 0}, "contact": {"facebook": "554353252"}, "firstName": "Jeanette", "gender": "female", "lastName": "Lim", "id": "3148421", "bio": "", "photo": {"prefix": "https://igx.4sqi.net/img/user/", "suffix": "/blank_girl.png", "default": true}, "homeCity": "Singapore", "lists": {"groups": [{"items": [], "count": 2, "type": "created"}]}}, {"tips": {"count": 5}, "contact": {"facebook": "645549369"}, "firstName": "Cynthia", "gender": "female", "lastName": "Wong", "id": "6535731", "bio": "", "photo": {"prefix": "https://igx.4sqi.net/img/user/", "suffix": "/3ACD5I0SQR2ID0WW.jpg"}, "homeCity": "", "lists": {"groups": [{"items": [], "count": 2, "type": "created"}]}}, {"tips": {"count": 3}, "contact": {}, "firstName": "Yuenyung", "gender": "female", "lastName": "Wong", "id": "10141526", "bio": "", "photo": {"prefix": "https://igx.4sqi.net/img/user/", "suffix": "/10141526-WQCACQZNO4L32QZU.jpg"}, "homeCity": "Singapore", "lists": {"groups": [{"items": [], "count": 2, "type": "created"}]}}, {"tips": {"count": 0}, "contact": {}, "firstName": "Bernard", "gender": "male", "lastName": "Huang", "id": "4805423", "bio": "", "photo": {"prefix": "https://igx.4sqi.net/img/user/", "suffix": "/FUZB3QG1TYDZ1ZZ4.jpg"}, "homeCity": "New York, NY", "lists": {"groups": [{"items": [], "count": 2, "type": "created"}]}}, {"tips": {"count": 0}, "contact": {"facebook": "640408278"}, "firstName": "Lini", "gender": "female", "lastName": "Farhan", "id": "3568246", "bio": "", "photo": {"prefix": "https://igx.4sqi.net/img/user/", "suffix": "/4CRPZBUOSC13ECRF.jpg"}, "homeCity": "Singapore", "lists": {"groups": [{"items": [], "count": 2, "type": "created"}]}}, {"tips": {"count": 0}, "contact": {}, "firstName": "Rina", "gender": "female", "lastName": "Lim", "id": "6944109", "bio": "", "photo": {"prefix": "https://igx.4sqi.net/img/user/", "suffix": "/C2DZ3GCAPRQBEJCQ.jpg"}, "homeCity": "Singapore", "lists": {"groups": [{"items": [], "count": 2, "type": "created"}]}}, {"tips": {"count": 0}, "contact": {}, "firstName": "Rene", "gender": "female", "lastName": "Beibei", "id": "9716721", "bio": "", "photo": {"prefix": "https://igx.4sqi.net/img/user/", "suffix": "/03ZJQ4FG1FPFGGIP.jpg"}, "homeCity": "Singapore", "lists": {"groups": [{"items": [], "count": 2, "type": "created"}]}}, {"tips": {"count": 0}, "contact": {}, "firstName": "Joanne", "gender": "none", "lastName": "Ng", "id": "4095722", "bio": "", "photo": {"prefix": "https://igx.4sqi.net/img/user/", "suffix": "/A1FDLSGZMZG203CW.jpg"}, "homeCity": "Bartlett, IL", "lists": {"groups": [{"items": [], "count": 2, "type": "created"}]}}], "count": 34}, "checksum": "f77441a445284b9ba769e489c9c9e87d9ff2feb8"}, "meta": {"requestId": "596620439fb6b77b77246284", "code": 200}}