{"notifications": [{"type": "notificationTray", "item": {"unreadCount": 0}}], "meta": {"requestId": "5966e6a8f594df219d56f483", "code": 200}, "response": {"friends": {"count": 126, "items": [{"id": "18382787", "photo": {"prefix": "https://igx.4sqi.net/img/user/", "suffix": "/IXCHKA1HSEZZXFFY.jpg"}, "homeCity": "Singapore", "contact": {"facebook": "100001017425915"}, "firstName": "felicia", "tips": {"count": 0}, "gender": "female", "lastName": "lim", "lists": {"groups": [{"count": 2, "type": "created", "items": []}]}, "bio": ""}, {"id": "9461867", "photo": {"prefix": "https://igx.4sqi.net/img/user/", "suffix": "/9461867-4APASCGNUMOPLZTM.jpg"}, "homeCity": "Singapore", "contact": {"facebook": "100000073945307", "twitter": "linjinnnnnn"}, "firstName": "Jin", "tips": {"count": 1}, "gender": "female", "lastName": "Lin", "lists": {"groups": [{"count": 2, "type": "created", "items": []}]}, "bio": ""}, {"id": "28729807", "photo": {"prefix": "https://igx.4sqi.net/img/user/", "suffix": "/BLO2NCQITLW1ELN1.jpg"}, "homeCity": "New York, NY", "contact": {"facebook": "703718495"}, "firstName": "Beatrice", "tips": {"count": 0}, "gender": "female", "lastName": "Victoria", "lists": {"groups": [{"count": 2, "type": "created", "items": []}]}, "bio": ""}, {"id": "4310085", "photo": {"prefix": "https://igx.4sqi.net/img/user/", "suffix": "/2FEIFKFYYSF5QMBO.jpg"}, "homeCity": "Bundesrepublik Deutschland", "contact": {"facebook": "1479635044", "twitter": "alysonapple"}, "firstName": "yan chin", "tips": {"count": 1}, "gender": "female", "lastName": "Wong", "lists": {"groups": [{"count": 2, "type": "created", "items": []}]}, "bio": ""}, {"id": "6721307", "photo": {"prefix": "https://igx.4sqi.net/img/user/", "suffix": "/NAVROGCRKIKV1KWP.jpg"}, "homeCity": "Leicester, UK", "contact": {"facebook": "645771722", "twitter": "tupperwarebox"}, "firstName": "Madz", "tips": {"count": 0}, "gender": "female", "lastName": "Conway", "lists": {"groups": [{"count": 2, "type": "created", "items": []}]}, "bio": ""}, {"id": "3509641", "photo": {"prefix": "https://igx.4sqi.net/img/user/", "suffix": "/FPKUZSDNDV055KB5.jpg"}, "homeCity": "Singapore", "contact": {"facebook": "1066209585"}, "firstName": "Evelyn", "tips": {"count": 0}, "gender": "female", "lastName": "Foo", "lists": {"groups": [{"count": 2, "type": "created", "items": []}]}, "bio": ""}, {"id": "25232770", "photo": {"prefix": "https://igx.4sqi.net/img/user/", "suffix": "/25232770-VK21SBXULTDMQH3C.jpg"}, "homeCity": "Singapore", "contact": {"facebook": "100001910349284", "twitter": "lovepeaceetc"}, "firstName": "Amanda", "tips": {"count": 1}, "gender": "female", "lastName": "Aoki", "lists": {"groups": [{"count": 2, "type": "created", "items": []}]}, "bio": "Instagram: lovepeaceetc\r\nTwitter: lovepeaceetc"}, {"id": "4243624", "photo": {"prefix": "https://igx.4sqi.net/img/user/", "suffix": "/G4V3YLYM4NLFS1VL.jpg"}, "homeCity": "Singapore", "contact": {"facebook": "664352487", "twitter": "princessgss"}, "firstName": "Nanako", "tips": {"count": 1}, "gender": "female", "lastName": "Yamada", "lists": {"groups": [{"count": 2, "type": "created", "items": []}]}, "bio": ""}, {"id": "4416308", "photo": {"prefix": "https://igx.4sqi.net/img/user/", "suffix": "/XOBUYUWHLQV4VLT3.jpg"}, "homeCity": "Singapore, SG", "contact": {"twitter": "milliefujii"}, "firstName": "Millie", "tips": {"count": 1}, "gender": "female", "lastName": "Fujii", "lists": {"groups": [{"count": 2, "type": "created", "items": []}]}, "bio": ""}, {"id": "1373841", "photo": {"prefix": "https://igx.4sqi.net/img/user/", "suffix": "/CMADBTYQIBPWJ2N3.jpg"}, "homeCity": "Corte Madera, CA", "contact": {"facebook": "575012126", "twitter": "ronnie2k"}, "firstName": "Ronnie", "tips": {"count": 1}, "gender": "male", "lastName": "Singh", "lists": {"groups": [{"count": 2, "type": "created", "items": []}]}, "bio": ""}, {"id": "13823173", "photo": {"prefix": "https://igx.4sqi.net/img/user/", "suffix": "/IY5CLONT24Y2IPFY.jpg"}, "homeCity": "Singapore", "contact": {"twitter": "kimitingting"}, "firstName": "kexuantingting", "tips": {"count": 0}, "gender": "female", "lists": {"groups": [{"count": 2, "type": "created", "items": []}]}, "bio": ""}, {"id": "5509057", "photo": {"prefix": "https://igx.4sqi.net/img/user/", "suffix": "/JQIL32QQIZLJBZF5.jpg"}, "homeCity": "Shah Alam, Malaysia", "contact": {}, "firstName": "Phuan", "tips": {"count": 2}, "gender": "male", "lastName": "Andy", "lists": {"groups": [{"count": 2, "type": "created", "items": []}]}, "bio": ""}, {"id": "1924161", "photo": {"prefix": "https://igx.4sqi.net/img/user/", "suffix": "/1924161-AMX1M4O0Z2TSS3K5.jpg"}, "homeCity": "London, UK", "contact": {"twitter": "kohlben"}, "firstName": "Kohlben", "tips": {"count": 14}, "gender": "male", "lastName": "Vodden", "lists": {"groups": [{"count": 2, "type": "created", "items": []}]}, "bio": "A world explorer who is passionate about art, luxury travel, nutrition and science."}, {"id": "8369260", "photo": {"prefix": "https://igx.4sqi.net/img/user/", "suffix": "/0443UKF12IT10JXV.jpg"}, "homeCity": "Singapore", "contact": {"facebook": "822749971", "twitter": "bitesizedmind"}, "firstName": "Gwendolyn", "tips": {"count": 0}, "gender": "female", "lastName": "MinYee", "lists": {"groups": [{"count": 2, "type": "created", "items": []}]}, "bio": ""}, {"id": "2385179", "photo": {"prefix": "https://igx.4sqi.net/img/user/", "suffix": "/OBS2MJ20DPAXJUOB.jpg"}, "homeCity": "Singapore", "contact": {"facebook": "10152424253421148", "twitter": "juwylim"}, "firstName": "Juwy", "tips": {"count": 9}, "gender": "male", "lastName": "Lim", "lists": {"groups": [{"count": 2, "type": "created", "items": []}]}, "bio": ""}, {"id": "1663424", "photo": {"prefix": "https://igx.4sqi.net/img/user/", "suffix": "/1663424-LDDYW2BKTE2QZBFC.jpg"}, "homeCity": "Sembawang, Singapore", "contact": {"facebook": "653855384", "twitter": "ohthatlove"}, "firstName": "Hui Fen", "tips": {"count": 2}, "gender": "female", "lists": {"groups": [{"count": 2, "type": "created", "items": []}]}, "bio": ""}, {"id": "3785781", "photo": {"prefix": "https://igx.4sqi.net/img/user/", "suffix": "/1IC4YQ52FYMJSEEE.jpg"}, "homeCity": "", "contact": {"twitter": "zunnieoo"}, "firstName": "Zun", "tips": {"count": 1}, "gender": "female", "lastName": "Oo", "lists": {"groups": [{"count": 2, "type": "created", "items": []}]}, "bio": ""}, {"id": "3804051", "photo": {"prefix": "https://igx.4sqi.net/img/user/", "suffix": "/AFCR5NZA1NGP24LJ.jpg"}, "homeCity": "Singapore", "contact": {"facebook": "623447269", "twitter": "dino_claire"}, "firstName": "Claire", "tips": {"count": 4}, "gender": "female", "lastName": "Leong", "lists": {"groups": [{"count": 2, "type": "created", "items": []}]}, "bio": ""}, {"id": "552820", "photo": {"prefix": "https://igx.4sqi.net/img/user/", "suffix": "/CJUEEPEP0BZUG2OG.png"}, "homeCity": "Liverpool", "contact": {"twitter": "richard4481"}, "firstName": "richard4481", "tips": {"count": 0}, "gender": "male", "lists": {"groups": [{"count": 2, "type": "created", "items": []}]}, "bio": ""}, {"id": "2143003", "photo": {"prefix": "https://igx.4sqi.net/img/user/", "suffix": "/01IAQYD0O2DJBSUZ.jpg"}, "homeCity": "Singapore", "contact": {}, "firstName": "Novaria", "tips": {"count": 0}, "gender": "female", "lastName": "Yusuf", "lists": {"groups": [{"count": 2, "type": "created", "items": []}]}, "bio": ""}, {"id": "1271496", "photo": {"prefix": "https://igx.4sqi.net/img/user/", "suffix": "/F3WSNWAHQMJJMV3Z.png"}, "homeCity": "Choa Chu Kang, Singapore", "contact": {"facebook": "704231302", "twitter": "shirleymichelle"}, "firstName": "Shirley Michelle", "tips": {"count": 7}, "gender": "female", "lastName": "Koh", "lists": {"groups": [{"count": 2, "type": "created", "items": []}]}, "bio": ""}, {"id": "3260591", "photo": {"prefix": "https://igx.4sqi.net/img/user/", "suffix": "/0GMVSS30TEP1DSSB.jpg"}, "homeCity": "Manila, Philippines", "contact": {"facebook": "520096718", "twitter": "rioortiz"}, "firstName": "Rio", "tips": {"count": 7}, "gender": "female", "lastName": "Ortiz", "lists": {"groups": [{"count": 2, "type": "created", "items": []}]}, "bio": ""}, {"id": "2103638", "photo": {"prefix": "https://igx.4sqi.net/img/user/", "suffix": "/QGXNLBWN5GI4BHHW.jpg"}, "homeCity": "Singapore", "contact": {"twitter": "usamiyuri"}, "firstName": "Felicia", "tips": {"count": 1}, "gender": "female", "lists": {"groups": [{"count": 2, "type": "created", "items": []}]}, "bio": ""}, {"id": "54706994", "photo": {"prefix": "https://igx.4sqi.net/img/user/", "suffix": "/GYJSTSIVFASDYFAA.jpg"}, "homeCity": "Singapore", "contact": {"facebook": "532151991"}, "firstName": "Darren", "tips": {"count": 0}, "gender": "male", "lastName": "Tan", "lists": {"groups": [{"count": 2, "type": "created", "items": []}]}, "bio": ""}, {"id": "22840228", "photo": {"prefix": "https://igx.4sqi.net/img/user/", "suffix": "/22840228-ETJF13LS0ZOBZXRE.jpg"}, "homeCity": "New York, NY", "contact": {"facebook": "531548285", "twitter": "liqionary"}, "firstName": "Liqionary", "tips": {"count": 2}, "gender": "female", "lastName": "Liqi", "lists": {"groups": [{"count": 5, "type": "created", "items": []}]}, "bio": ""}, {"id": "11331868", "photo": {"prefix": "https://igx.4sqi.net/img/user/", "default": true, "suffix": "/blank_boy.png"}, "homeCity": "Unnamed Location", "contact": {"facebook": "594928721", "twitter": "melliemong"}, "firstName": "Melvin", "tips": {"count": 0}, "gender": "male", "lastName": "Yap", "lists": {"groups": [{"count": 2, "type": "created", "items": []}]}, "bio": ""}, {"id": "4333593", "photo": {"prefix": "https://igx.4sqi.net/img/user/", "suffix": "/VO0NKBLLJZLUUAAT.jpg"}, "homeCity": "Singapore", "contact": {"facebook": "590682023"}, "firstName": "Christiene Jane", "tips": {"count": 0}, "gender": "female", "lastName": "Vargas Oidem", "lists": {"groups": [{"count": 2, "type": "created", "items": []}]}, "bio": ""}, {"id": "6782645", "photo": {"prefix": "https://igx.4sqi.net/img/user/", "suffix": "/3WCYZHPFHKDBNMVB.jpg"}, "homeCity": "Singapore", "contact": {"facebook": "730378018", "twitter": "yishishi"}, "firstName": "Yishi", "tips": {"count": 0}, "gender": "female", "lastName": "Lam", "lists": {"groups": [{"count": 2, "type": "created", "items": []}]}, "bio": ""}, {"id": "10217341", "photo": {"prefix": "https://igx.4sqi.net/img/user/", "suffix": "/JH3MJUQMZTJMRRNP.jpg"}, "homeCity": "Singapore", "contact": {"facebook": "602352936"}, "firstName": "Michael", "tips": {"count": 0}, "gender": "male", "lastName": "Dominno", "lists": {"groups": [{"count": 2, "type": "created", "items": []}]}, "bio": ""}, {"id": "25789126", "photo": {"prefix": "https://igx.4sqi.net/img/user/", "suffix": "/5FWRB4WM4K5RA01A.jpg"}, "homeCity": "Singapore", "contact": {"facebook": "1168470766"}, "firstName": "Rui", "tips": {"count": 0}, "gender": "male", "lastName": "Chuen", "lists": {"groups": [{"count": 2, "type": "created", "items": []}]}, "bio": ""}, {"id": "4380161", "photo": {"prefix": "https://igx.4sqi.net/img/user/", "default": true, "suffix": "/blank_boy.png"}, "homeCity": "Singapore", "contact": {}, "firstName": "Arjun", "tips": {"count": 0}, "gender": "male", "lastName": "Rashiwala", "lists": {"groups": [{"count": 2, "type": "created", "items": []}]}, "bio": ""}, {"id": "4557373", "photo": {"prefix": "https://igx.4sqi.net/img/user/", "suffix": "/DJSYKDE313U3LUC4.jpg"}, "homeCity": "Singapore", "contact": {"facebook": "763841305", "twitter": "lhckelvin"}, "firstName": "Kelvin", "tips": {"count": 0}, "gender": "male", "lastName": "Low", "lists": {"groups": [{"count": 2, "type": "created", "items": []}]}, "bio": ""}, {"id": "6695538", "photo": {"prefix": "https://igx.4sqi.net/img/user/", "default": true, "suffix": "/blank_girl.png"}, "homeCity": "Singapore", "contact": {"twitter": "sheillytan"}, "firstName": "Sheilly", "tips": {"count": 0}, "gender": "female", "lastName": "Tan", "lists": {"groups": [{"count": 2, "type": "created", "items": []}]}, "bio": ""}, {"id": "58211522", "photo": {"prefix": "https://igx.4sqi.net/img/user/", "default": true, "suffix": "/blank_boy.png"}, "homeCity": "Sydney, NSW", "contact": {"facebook": "1099099657"}, "firstName": "Oscar", "tips": {"count": 0}, "gender": "male", "lastName": "Wang", "lists": {"groups": [{"count": 2, "type": "created", "items": []}]}, "bio": ""}, {"id": "5637482", "photo": {"prefix": "https://igx.4sqi.net/img/user/", "default": true, "suffix": "/blank_boy.png"}, "homeCity": "Singapore", "contact": {}, "firstName": "Timothy", "tips": {"count": 0}, "gender": "male", "lastName": "Tan", "lists": {"groups": [{"count": 2, "type": "created", "items": []}]}, "bio": ""}, {"id": "3733569", "photo": {"prefix": "https://igx.4sqi.net/img/user/", "suffix": "/J4XCWN1HQZDKG35G.jpg"}, "homeCity": "Singapore", "contact": {"facebook": "521015781"}, "firstName": "Weiling", "tips": {"count": 0}, "gender": "female", "lastName": "Heng", "lists": {"groups": [{"count": 2, "type": "created", "items": []}]}, "bio": ""}, {"id": "13972551", "photo": {"prefix": "https://igx.4sqi.net/img/user/", "suffix": "/-5YOO5Q2R3NPYE0UF.jpg"}, "homeCity": "Singapore", "contact": {"facebook": "715604453"}, "firstName": "Raymond", "tips": {"count": 0}, "gender": "male", "lastName": "Low", "lists": {"groups": [{"count": 2, "type": "created", "items": []}]}, "bio": ""}, {"id": "4053518", "photo": {"prefix": "https://igx.4sqi.net/img/user/", "suffix": "/5ZVZYABKO0NCXWMQ.jpg"}, "homeCity": "Singapore", "contact": {"facebook": "100000679430662"}, "firstName": "Moe", "tips": {"count": 87}, "gender": "male", "lastName": "Seth", "lists": {"groups": [{"count": 2, "type": "created", "items": []}]}, "bio": ""}, {"id": "4183482", "photo": {"prefix": "https://igx.4sqi.net/img/user/", "suffix": "/GXUFG3YDADSXDPE0.jpg"}, "homeCity": "Singapore", "contact": {}, "firstName": "Guan", "tips": {"count": 1}, "gender": "male", "lastName": "Zhihua", "lists": {"groups": [{"count": 2, "type": "created", "items": []}]}, "bio": ""}, {"id": "3793259", "photo": {"prefix": "https://igx.4sqi.net/img/user/", "suffix": "/LJD5G1XF3JZT5HMZ.jpg"}, "homeCity": "Singapore", "contact": {}, "firstName": "Raja", "tips": {"count": 1}, "gender": "male", "lastName": "Ahmad rizal", "lists": {"groups": [{"count": 2, "type": "created", "items": []}]}, "bio": ""}, {"id": "5059414", "photo": {"prefix": "https://igx.4sqi.net/img/user/", "suffix": "/L33LUUQR0WIYQ0AY.jpg"}, "homeCity": "Singapore", "contact": {"facebook": "775322089"}, "firstName": "Sean", "tips": {"count": 1}, "gender": "male", "lastName": "Mok", "lists": {"groups": [{"count": 2, "type": "created", "items": []}]}, "bio": ""}, {"id": "4409303", "photo": {"prefix": "https://igx.4sqi.net/img/user/", "suffix": "/NESWCBCFBO12OHL2.jpg"}, "homeCity": "Singapore", "contact": {"facebook": "646066487"}, "firstName": "Mervyn", "tips": {"count": 2}, "gender": "male", "lastName": "Lee", "lists": {"groups": [{"count": 2, "type": "created", "items": []}]}, "bio": ""}, {"id": "1535080", "photo": {"prefix": "https://igx.4sqi.net/img/user/", "suffix": "/TRGPHY2NHVOQDR0R.jpg"}, "homeCity": "Singapore", "contact": {"twitter": "feliciacandi"}, "firstName": "Felicia", "tips": {"count": 0}, "gender": "female", "lastName": "Candi", "lists": {"groups": [{"count": 2, "type": "created", "items": []}]}, "bio": ""}, {"id": "4012242", "photo": {"prefix": "https://igx.4sqi.net/img/user/", "suffix": "/CPIKKG1WPP1FV2V5.jpg"}, "homeCity": "Singapore", "contact": {}, "firstName": "Chao", "tips": {"count": 3}, "gender": "male", "lastName": "Yong", "lists": {"groups": [{"count": 2, "type": "created", "items": []}]}, "bio": ""}, {"id": "32662853", "photo": {"prefix": "https://igx.4sqi.net/img/user/", "default": true, "suffix": "/blank_girl.png"}, "homeCity": "New York, NY", "contact": {}, "firstName": "Anna", "tips": {"count": 0}, "gender": "female", "lists": {"groups": [{"count": 2, "type": "created", "items": []}]}, "bio": ""}, {"id": "11560831", "photo": {"prefix": "https://igx.4sqi.net/img/user/", "suffix": "/3WZ2PWADOVHK41ZE.jpg"}, "homeCity": "Singapore", "contact": {"facebook": "713408534"}, "firstName": "Joel", "tips": {"count": 0}, "gender": "male", "lastName": "Lim", "lists": {"groups": [{"count": 2, "type": "created", "items": []}]}, "bio": ""}, {"id": "4369399", "photo": {"prefix": "https://igx.4sqi.net/img/user/", "suffix": "/1PWNTBCGZDAATD5X.jpg"}, "homeCity": "Singapore", "contact": {"facebook": "1079654325", "twitter": "odagiriryu"}, "firstName": "Mabel", "tips": {"count": 9}, "gender": "none", "lastName": "Khoo", "lists": {"groups": [{"count": 2, "type": "created", "items": []}]}, "bio": ""}, {"id": "6795146", "photo": {"prefix": "https://igx.4sqi.net/img/user/", "suffix": "/USCDOUWDVXQ3TVJA.jpg"}, "homeCity": "Australia", "contact": {"twitter": "lu_hong"}, "firstName": "Luhong", "tips": {"count": 0}, "gender": "female", "lastName": "Lin", "lists": {"groups": [{"count": 2, "type": "created", "items": []}]}, "bio": ""}, {"id": "10293133", "photo": {"prefix": "https://igx.4sqi.net/img/user/", "suffix": "/SKYHCZZJPFCKRISD.jpg"}, "homeCity": "\uc11c\uc6b8\ud2b9\ubcc4\uc2dc, \ub300\ud55c\ubbfc\uad6d", "contact": {"facebook": "595649342"}, "firstName": "Timothy", "tips": {"count": 0}, "gender": "male", "lastName": "Loveswimming", "lists": {"groups": [{"count": 2, "type": "created", "items": []}]}, "bio": ""}, {"id": "7659675", "photo": {"prefix": "https://igx.4sqi.net/img/user/", "suffix": "/MYGK02M4U5XB5NSO.jpg"}, "homeCity": "Singapore", "contact": {}, "firstName": "Jason", "tips": {"count": 0}, "gender": "male", "lastName": "Oeij", "lists": {"groups": [{"count": 2, "type": "created", "items": []}]}, "bio": ""}, {"id": "6700898", "photo": {"prefix": "https://igx.4sqi.net/img/user/", "suffix": "/HBT22Q4B4MAIPCT2.jpg"}, "homeCity": "Singapore", "contact": {}, "firstName": "Walter", "tips": {"count": 0}, "gender": "male", "lastName": "Koh", "lists": {"groups": [{"count": 2, "type": "created", "items": []}]}, "bio": ""}, {"id": "5657942", "photo": {"prefix": "https://igx.4sqi.net/img/user/", "suffix": "/TLDK2FGUPIC2XI31.jpg"}, "homeCity": "Singapore", "contact": {}, "firstName": "beatrice", "tips": {"count": 0}, "gender": "female", "lastName": "victoria", "lists": {"groups": [{"count": 2, "type": "created", "items": []}]}, "bio": ""}, {"id": "4662667", "photo": {"prefix": "https://igx.4sqi.net/img/user/", "suffix": "/4662667-PLPHAAWCB2JJY0RD"}, "homeCity": "Singapore", "contact": {"facebook": "1345621198", "twitter": "spgradsguild"}, "firstName": "SPGG", "tips": {"count": 0}, "gender": "none", "lists": {"groups": [{"count": 2, "type": "created", "items": []}]}, "bio": "A welcoming environment to unwind, have fun, dine or hold conferences, meetings and celebrations.\r\n\r\nwww.spgg.org.sg"}, {"id": "4057466", "photo": {"prefix": "https://igx.4sqi.net/img/user/", "default": true, "suffix": "/blank_boy.png"}, "homeCity": "Singapore", "contact": {"facebook": "1456152846"}, "firstName": "JianAn", "tips": {"count": 0}, "gender": "male", "lastName": "Jars Tan", "lists": {"groups": [{"count": 2, "type": "created", "items": []}]}, "bio": ""}, {"id": "6601126", "photo": {"prefix": "https://igx.4sqi.net/img/user/", "suffix": "/2Q21FC35CU2GXG4Z.jpg"}, "homeCity": "Singapore", "contact": {"facebook": "633046005", "twitter": "jval18"}, "firstName": "John", "tips": {"count": 2}, "gender": "male", "lastName": "Valentine", "lists": {"groups": [{"count": 2, "type": "created", "items": []}]}, "bio": ""}, {"id": "3795718", "photo": {"prefix": "https://igx.4sqi.net/img/user/", "suffix": "/550TNEGYTJVJRZQS.jpg"}, "homeCity": "New York, NY", "contact": {"twitter": "rockstargames"}, "firstName": "Rockstar", "tips": {"count": 0}, "gender": "none", "lastName": "Games", "lists": {"groups": [{"count": 2, "type": "created", "items": []}]}, "bio": ""}, {"id": "5075589", "photo": {"prefix": "https://igx.4sqi.net/img/user/", "suffix": "/E0PT4TVZ43PBYMKH.jpg"}, "homeCity": "Singapore", "contact": {"twitter": "earthtosm"}, "firstName": "Maycey", "tips": {"count": 0}, "gender": "female", "lastName": "Yam", "lists": {"groups": [{"count": 2, "type": "created", "items": []}]}, "bio": ""}, {"id": "9046843", "photo": {"prefix": "https://igx.4sqi.net/img/user/", "suffix": "/F20ZWCRR42WU442Q.jpg"}, "homeCity": "Singapore", "contact": {}, "firstName": "Chiew", "tips": {"count": 0}, "gender": "male", "lastName": "Tzekeng", "lists": {"groups": [{"count": 2, "type": "created", "items": []}]}, "bio": ""}, {"id": "1707730", "photo": {"prefix": "https://igx.4sqi.net/img/user/", "suffix": "/PWYVKZCDNJ5GWGNP.jpg"}, "homeCity": "Singapore", "contact": {"twitter": "lilahkgibran"}, "firstName": "Khalil", "tips": {"count": 0}, "gender": "male", "lastName": "Gibran", "lists": {"groups": [{"count": 2, "type": "created", "items": []}]}, "bio": ""}, {"id": "4037787", "photo": {"prefix": "https://igx.4sqi.net/img/user/", "suffix": "/PI4TIIB3GVRTBKI1.jpg"}, "homeCity": "Singapore", "contact": {"facebook": "795114306", "twitter": "itszacbitches"}, "firstName": "Zac", "tips": {"count": 0}, "gender": "male", "lastName": "Esa", "lists": {"groups": [{"count": 2, "type": "created", "items": []}]}, "bio": ""}, {"id": "4555479", "photo": {"prefix": "https://igx.4sqi.net/img/user/", "default": true, "suffix": "/blank_girl.png"}, "homeCity": "Singapore", "contact": {}, "firstName": "LILI", "tips": {"count": 0}, "gender": "female", "lastName": "CHEN", "lists": {"groups": [{"count": 2, "type": "created", "items": []}]}, "bio": ""}, {"id": "7072831", "photo": {"prefix": "https://igx.4sqi.net/img/user/", "default": true, "suffix": "/blank_boy.png"}, "homeCity": "Singapore", "contact": {}, "firstName": "Dylan", "tips": {"count": 0}, "gender": "male", "lastName": "Tan", "lists": {"groups": [{"count": 2, "type": "created", "items": []}]}, "bio": ""}, {"id": "12285475", "photo": {"prefix": "https://igx.4sqi.net/img/user/", "suffix": "/AJJZRODF4K3313MT.jpg"}, "homeCity": "Singapore", "contact": {"facebook": "1224127704", "twitter": "laura_hha"}, "firstName": "Laura", "tips": {"count": 0}, "gender": "female", "lists": {"groups": [{"count": 2, "type": "created", "items": []}]}, "bio": ""}, {"id": "8006720", "photo": {"prefix": "https://igx.4sqi.net/img/user/", "suffix": "/F2UQQGVXMSP3FOOX.jpg"}, "homeCity": "Singapore", "contact": {"twitter": "tinacandi"}, "firstName": "Christina", "tips": {"count": 0}, "gender": "female", "lastName": "Candi", "lists": {"groups": [{"count": 2, "type": "created", "items": []}]}, "bio": ""}, {"id": "11475385", "photo": {"prefix": "https://igx.4sqi.net/img/user/", "suffix": "/JZZVH3ABZVTLEC4V.jpg"}, "homeCity": "Singapore", "contact": {"facebook": "100001562091316", "twitter": "itshongyi"}, "firstName": "Hong Yi", "tips": {"count": 0}, "gender": "male", "lastName": "Goh", "lists": {"groups": [{"count": 2, "type": "created", "items": []}]}, "bio": ""}, {"id": "6033046", "photo": {"prefix": "https://igx.4sqi.net/img/user/", "suffix": "/CWWH0IM4V3ZXIGDU.jpg"}, "homeCity": "Singapore", "contact": {"facebook": "684608037"}, "firstName": "Zen", "tips": {"count": 1}, "gender": "male", "lists": {"groups": [{"count": 2, "type": "created", "items": []}]}, "bio": ""}, {"id": "4993678", "photo": {"prefix": "https://igx.4sqi.net/img/user/", "suffix": "/PYY3TFEGRHYQCA3J.jpg"}, "homeCity": "Singapore", "contact": {"facebook": "672462988", "twitter": "burmesecookie"}, "firstName": "Ei", "tips": {"count": 7}, "gender": "female", "lastName": "Phyu", "lists": {"groups": [{"count": 2, "type": "created", "items": []}]}, "bio": ""}, {"id": "7621830", "photo": {"prefix": "https://igx.4sqi.net/img/user/", "suffix": "/ZGO4MFAIB43MACUT.jpg"}, "homeCity": "Singapore", "contact": {"facebook": "583986865", "twitter": "siminxoxo"}, "firstName": "Simin", "tips": {"count": 0}, "gender": "female", "lastName": "Teo", "lists": {"groups": [{"count": 2, "type": "created", "items": []}]}, "bio": ""}, {"id": "9589911", "photo": {"prefix": "https://igx.4sqi.net/img/user/", "default": true, "suffix": "/blank_boy.png"}, "homeCity": "Singapore", "contact": {}, "firstName": "Chris", "tips": {"count": 0}, "gender": "male", "lastName": "Neo", "lists": {"groups": [{"count": 2, "type": "created", "items": []}]}, "bio": ""}, {"id": "4062275", "photo": {"prefix": "https://igx.4sqi.net/img/user/", "suffix": "/OMXJ51DFQ5YDSLAV.jpg"}, "homeCity": "Singapore", "contact": {"facebook": "661043683"}, "firstName": "Fae", "tips": {"count": 6}, "gender": "male", "lastName": "Tan", "lists": {"groups": [{"count": 2, "type": "created", "items": []}]}, "bio": ""}, {"id": "5076552", "photo": {"prefix": "https://igx.4sqi.net/img/user/", "suffix": "/I2YW0ZQ22MIFQKIU.jpg"}, "homeCity": "Malaysia", "contact": {}, "firstName": "agnes", "tips": {"count": 0}, "gender": "female", "lastName": "choo", "lists": {"groups": [{"count": 2, "type": "created", "items": []}]}, "bio": ""}, {"id": "10639155", "photo": {"prefix": "https://igx.4sqi.net/img/user/", "suffix": "/K42XM4OIEPM5SBCC.jpg"}, "homeCity": "Yangon, Burma", "contact": {"facebook": "1074720505", "twitter": "h_clone"}, "firstName": "Harry", "tips": {"count": 2}, "gender": "male", "lastName": "Lee", "lists": {"groups": [{"count": 2, "type": "created", "items": []}]}, "bio": ""}, {"id": "2265135", "photo": {"prefix": "https://igx.4sqi.net/img/user/", "suffix": "/YDGFP5YTXCNUQTXL.jpg"}, "homeCity": "Singapore", "contact": {"facebook": "1019317203", "twitter": "kent_nai"}, "firstName": "Kent", "tips": {"count": 1}, "gender": "male", "lastName": "Nai", "lists": {"groups": [{"count": 2, "type": "created", "items": []}]}, "bio": ""}, {"id": "4444478", "photo": {"prefix": "https://igx.4sqi.net/img/user/", "suffix": "/IND1LBHG4AEN0N2Y.jpg"}, "homeCity": "New York, NY", "contact": {}, "firstName": "Jeline", "tips": {"count": 0}, "gender": "female", "lastName": "Lim", "lists": {"groups": [{"count": 2, "type": "created", "items": []}]}, "bio": ""}, {"id": "6203534", "photo": {"prefix": "https://igx.4sqi.net/img/user/", "suffix": "/31J5PUO3LMZOGUC3.jpg"}, "homeCity": "Singapore", "contact": {"facebook": "539252242"}, "firstName": "Dedrick", "tips": {"count": 0}, "gender": "male", "lastName": "Tan", "lists": {"groups": [{"count": 2, "type": "created", "items": []}]}, "bio": ""}, {"id": "16674218", "photo": {"prefix": "https://igx.4sqi.net/img/user/", "suffix": "/33DKYC2GV0CSLPV3.jpg"}, "homeCity": "Singapore", "contact": {"facebook": "833109847", "twitter": "mouth46"}, "firstName": "Jaime", "tips": {"count": 2}, "gender": "male", "lastName": "Pabilo\u00f1a", "lists": {"groups": [{"count": 2, "type": "created", "items": []}]}, "bio": ""}, {"id": "24409081", "photo": {"prefix": "https://igx.4sqi.net/img/user/", "suffix": "/P5DFELDFJ3AOA4JP.jpg"}, "homeCity": "New York, NY", "contact": {"facebook": "706478112"}, "firstName": "Nelson", "tips": {"count": 0}, "gender": "male", "lastName": "Sng", "lists": {"groups": [{"count": 2, "type": "created", "items": []}]}, "bio": ""}, {"id": "14028468", "photo": {"prefix": "https://igx.4sqi.net/img/user/", "suffix": "/L3XM0IHHTCWHNGYK.jpg"}, "homeCity": "Kuala Lumpur, Malaysia", "contact": {"facebook": "700103852", "twitter": "faysern"}, "firstName": "Fason", "tips": {"count": 3}, "gender": "male", "lastName": "Heng", "lists": {"groups": [{"count": 2, "type": "created", "items": []}]}, "bio": ""}, {"id": "6080356", "photo": {"prefix": "https://igx.4sqi.net/img/user/", "suffix": "/6080356-BRTQWYOPVJJ5R5AR.jpg"}, "homeCity": "Singapore", "contact": {"facebook": "814461307"}, "firstName": "Muhammad", "tips": {"count": 2}, "gender": "male", "lastName": "Mukhlis", "lists": {"groups": [{"count": 2, "type": "created", "items": []}]}, "bio": ""}, {"id": "5121077", "photo": {"prefix": "https://igx.4sqi.net/img/user/", "suffix": "/JWJEPZ1AV2WU4WPT.jpg"}, "homeCity": "Singapore", "contact": {"twitter": "sinkingbunny"}, "firstName": "Charmaine", "tips": {"count": 0}, "gender": "female", "lastName": "Soh", "lists": {"groups": [{"count": 2, "type": "created", "items": []}]}, "bio": ""}, {"id": "8261400", "photo": {"prefix": "https://igx.4sqi.net/img/user/", "suffix": "/P4FVS2PEJNFGOGWI.jpg"}, "homeCity": "Singapore", "contact": {"facebook": "100001013207133", "twitter": "jh_wesley"}, "firstName": "Wesley", "tips": {"count": 4}, "gender": "male", "lastName": "Yin", "lists": {"groups": [{"count": 2, "type": "created", "items": []}]}, "bio": ""}, {"id": "24910585", "photo": {"prefix": "https://igx.4sqi.net/img/user/", "default": true, "suffix": "/blank_girl.png"}, "homeCity": "New York, NY", "contact": {"facebook": "1635562166", "twitter": "sint_thida_bo"}, "firstName": "Sint", "tips": {"count": 0}, "gender": "female", "lastName": "Thida Bo", "lists": {"groups": [{"count": 2, "type": "created", "items": []}]}, "bio": ""}, {"id": "4065341", "photo": {"prefix": "https://igx.4sqi.net/img/user/", "suffix": "/X1SU3Z5OQDHLXYSK.jpg"}, "homeCity": "Singapore", "contact": {"facebook": "521645519"}, "firstName": "Wesley", "tips": {"count": 0}, "gender": "male", "lastName": "Dj", "lists": {"groups": [{"count": 2, "type": "created", "items": []}]}, "bio": ""}, {"id": "5423478", "photo": {"prefix": "https://igx.4sqi.net/img/user/", "suffix": "/5423478-DVBWDJHM5E2A33M4.jpg"}, "homeCity": "Singapore", "contact": {"facebook": "100003908126211", "twitter": "topokkii"}, "firstName": "Thet Htar", "tips": {"count": 20}, "gender": "none", "lastName": "Oo\ud83d\udc67\ud83c\udf3a", "lists": {"groups": [{"count": 3, "type": "created", "items": []}]}, "bio": ""}, {"id": "2481577", "photo": {"prefix": "https://igx.4sqi.net/img/user/", "suffix": "/HE5Y1VY3WOTVCBUQ.jpg"}, "homeCity": "Singapore", "contact": {"facebook": "713393153", "twitter": "samsonzq"}, "firstName": "Samson", "tips": {"count": 0}, "gender": "male", "lastName": "Hsu", "lists": {"groups": [{"count": 2, "type": "created", "items": []}]}, "bio": ""}, {"id": "4490869", "photo": {"prefix": "https://igx.4sqi.net/img/user/", "suffix": "/UAWVT2VGTSL5CI2P.jpg"}, "homeCity": "Singapore", "contact": {"facebook": "607407514", "twitter": "zzzhannn"}, "firstName": "Zhan", "tips": {"count": 0}, "gender": "male", "lastName": "Hui", "lists": {"groups": [{"count": 2, "type": "created", "items": []}]}, "bio": ""}, {"id": "6210879", "photo": {"prefix": "https://igx.4sqi.net/img/user/", "default": true, "suffix": "/blank_girl.png"}, "homeCity": "Singapore", "contact": {"twitter": "ilyesa"}, "firstName": "Ruby", "tips": {"count": 0}, "gender": "female", "lastName": "Gloom", "lists": {"groups": [{"count": 2, "type": "created", "items": []}]}, "bio": ""}, {"id": "17771854", "photo": {"prefix": "https://igx.4sqi.net/img/user/", "suffix": "/DBFJW4PMGGMCTRJV.jpg"}, "homeCity": "Singapore", "contact": {"facebook": "640301633"}, "firstName": "Kit Yee", "tips": {"count": 0}, "gender": "female", "lists": {"groups": [{"count": 2, "type": "created", "items": []}]}, "bio": ""}, {"id": "6137869", "photo": {"prefix": "https://igx.4sqi.net/img/user/", "suffix": "/2PPGIOBPUBBZ11II.jpg"}, "homeCity": "Singapore", "contact": {}, "firstName": "Win Min", "tips": {"count": 0}, "gender": "male", "lastName": "Than", "lists": {"groups": [{"count": 2, "type": "created", "items": []}]}, "bio": ""}, {"id": "7424877", "photo": {"prefix": "https://igx.4sqi.net/img/user/", "suffix": "/W2TSG3SNYIIKP2HQ.jpg"}, "homeCity": "Singapore", "contact": {"facebook": "714037832", "twitter": "iamxueting"}, "firstName": "Xueting", "tips": {"count": 0}, "gender": "female", "lastName": "Low", "lists": {"groups": [{"count": 2, "type": "created", "items": []}]}, "bio": ""}, {"id": "9769691", "photo": {"prefix": "https://igx.4sqi.net/img/user/", "suffix": "/E3VWXJUZNZH0EDUO.jpg"}, "homeCity": "Johor Bahru, Malaysia", "contact": {"facebook": "786667617"}, "firstName": "geetha", "tips": {"count": 0}, "gender": "none", "lastName": "venka", "lists": {"groups": [{"count": 2, "type": "created", "items": []}]}, "bio": ""}, {"id": "5427586", "photo": {"prefix": "https://igx.4sqi.net/img/user/", "suffix": "/LDX13RUBUSOIKEYL.jpg"}, "homeCity": "Singapore", "contact": {"facebook": "755426870"}, "firstName": "FANGS", "tips": {"count": 0}, "gender": "female", "lastName": "AMBER", "lists": {"groups": [{"count": 2, "type": "created", "items": []}]}, "bio": ""}, {"id": "3488976", "photo": {"prefix": "https://igx.4sqi.net/img/user/", "suffix": "/J1XTMQV3FTMEDRBO.jpg"}, "homeCity": "Medan, Indonesia", "contact": {"facebook": "593475553", "twitter": "bforbenny"}, "firstName": "bforbenny", "tips": {"count": 0}, "gender": "male", "lists": {"groups": [{"count": 2, "type": "created", "items": []}]}, "bio": ""}, {"id": "5305200", "photo": {"prefix": "https://igx.4sqi.net/img/user/", "suffix": "/3NCQP2QDFGXV00RV.jpg"}, "homeCity": "Singapore", "contact": {"facebook": "714988671", "twitter": "yadumag"}, "firstName": "Yadana", "tips": {"count": 1}, "gender": "female", "lastName": "Maggie", "lists": {"groups": [{"count": 2, "type": "created", "items": []}]}, "bio": ""}, {"id": "6259387", "photo": {"prefix": "https://igx.4sqi.net/img/user/", "suffix": "/OR1MIYWHCUT2E4V1.jpg"}, "homeCity": "\ue056", "contact": {"facebook": "760075493", "twitter": "eve1ynn"}, "firstName": "Eve", "tips": {"count": 0}, "gender": "female", "lastName": "Lynn", "lists": {"groups": [{"count": 2, "type": "created", "items": []}]}, "bio": ""}, {"id": "17919899", "photo": {"prefix": "https://igx.4sqi.net/img/user/", "suffix": "/17919899-DLK0ANWL1H2QFKRP.jpg"}, "homeCity": "Singapore", "contact": {"facebook": "702855184"}, "firstName": "Valerie", "tips": {"count": 0}, "gender": "female", "lastName": "Wong", "lists": {"groups": [{"count": 2, "type": "created", "items": []}]}, "bio": ""}, {"id": "7766190", "photo": {"prefix": "https://igx.4sqi.net/img/user/", "suffix": "/IJU1DOCNJWFLQK3R.jpg"}, "homeCity": "Singapore", "contact": {"facebook": "521194089"}, "firstName": "Kelvin", "tips": {"count": 0}, "gender": "male", "lastName": "Ng", "lists": {"groups": [{"count": 2, "type": "created", "items": []}]}, "bio": ""}, {"id": "9039247", "photo": {"prefix": "https://igx.4sqi.net/img/user/", "default": true, "suffix": "/blank_girl.png"}, "homeCity": "Singapore", "contact": {}, "firstName": "Beatrice", "tips": {"count": 0}, "gender": "female", "lastName": "Cho", "lists": {"groups": [{"count": 2, "type": "created", "items": []}]}, "bio": ""}, {"id": "14001097", "photo": {"prefix": "https://igx.4sqi.net/img/user/", "suffix": "/HKBQSWI0ZXC0NHNY.jpg"}, "homeCity": "Singapore", "contact": {"facebook": "546818948", "twitter": "wasabi_is_spicy"}, "firstName": "Elizabeth", "tips": {"count": 2}, "gender": "female", "lastName": "Wong", "lists": {"groups": [{"count": 2, "type": "created", "items": []}]}, "bio": ""}, {"id": "3763483", "photo": {"prefix": "https://igx.4sqi.net/img/user/", "suffix": "/M52SCQYNZZZH2QHU.jpg"}, "homeCity": "Singapore", "contact": {}, "firstName": "Jun yi", "tips": {"count": 0}, "gender": "male", "lastName": "Lim", "lists": {"groups": [{"count": 2, "type": "created", "items": []}]}, "bio": ""}, {"id": "5880023", "photo": {"prefix": "https://igx.4sqi.net/img/user/", "suffix": "/MEXYJ41MQ4THBI1Q.jpg"}, "homeCity": "Singapore", "contact": {"facebook": "574673882", "twitter": "gutawafang"}, "firstName": "Cliff", "tips": {"count": 0}, "gender": "female", "lastName": "Hanger", "lists": {"groups": [{"count": 2, "type": "created", "items": []}]}, "bio": ""}, {"id": "6291702", "photo": {"prefix": "https://igx.4sqi.net/img/user/", "suffix": "/XXZZYVKGKA2CCX3V.jpg"}, "homeCity": "New York, NY", "contact": {"facebook": "615080698", "twitter": "cloudydengs"}, "firstName": "Win", "tips": {"count": 1}, "gender": "male", "lastName": "Jonhson", "lists": {"groups": [{"count": 2, "type": "created", "items": []}]}, "bio": ""}, {"id": "18829665", "photo": {"prefix": "https://igx.4sqi.net/img/user/", "suffix": "/51OH0VKNPSAAKWQH.jpg"}, "homeCity": "Singapore", "contact": {}, "firstName": "Muhammad Alfie", "tips": {"count": 8}, "gender": "male", "lastName": "Lee", "lists": {"groups": [{"count": 2, "type": "created", "items": []}]}, "bio": ""}, {"id": "8445305", "photo": {"prefix": "https://igx.4sqi.net/img/user/", "default": true, "suffix": "/blank_boy.png"}, "homeCity": "Singapore", "contact": {"facebook": "100000455862114"}, "firstName": "Han", "tips": {"count": 0}, "gender": "male", "lastName": "Win", "lists": {"groups": [{"count": 2, "type": "created", "items": []}]}, "bio": ""}, {"id": "19556893", "photo": {"prefix": "https://igx.4sqi.net/img/user/", "suffix": "/JGVXKPX2TYNEWOWH.jpg"}, "homeCity": "Singapore", "contact": {"facebook": "811337835", "twitter": "eunicenicenice"}, "firstName": "Eunice", "tips": {"count": 5}, "gender": "female", "lastName": "Liew", "lists": {"groups": [{"count": 2, "type": "created", "items": []}]}, "bio": ""}, {"id": "47833580", "photo": {"prefix": "https://igx.4sqi.net/img/user/", "suffix": "/00T1TW4DANWL2HFX.jpg"}, "homeCity": "New York, NY", "contact": {"facebook": "540934019"}, "firstName": "Jun Yi", "tips": {"count": 0}, "gender": "male", "lastName": "Lim", "lists": {"groups": [{"count": 2, "type": "created", "items": []}]}, "bio": ""}, {"id": "3764064", "photo": {"prefix": "https://igx.4sqi.net/img/user/", "suffix": "/ZQGUCF3CAQJP2WIE.jpg"}, "homeCity": "Singapore", "contact": {"facebook": "615309668", "twitter": "xsaturdaysgirl"}, "firstName": "Bernice", "tips": {"count": 3}, "gender": "female", "lastName": "Zablehta", "lists": {"groups": [{"count": 2, "type": "created", "items": []}]}, "bio": ""}, {"id": "5990976", "photo": {"prefix": "https://igx.4sqi.net/img/user/", "suffix": "/V2532M4DUML1JJFR.jpg"}, "homeCity": "Singapore", "contact": {}, "firstName": "Peggy", "tips": {"count": 1}, "gender": "female", "lastName": "Ng Chen Pei", "lists": {"groups": [{"count": 2, "type": "created", "items": []}]}, "bio": ""}, {"id": "6296382", "photo": {"prefix": "https://igx.4sqi.net/img/user/", "suffix": "/V52MUCEWRQIT3WWB.jpg"}, "homeCity": "Singapore", "contact": {"facebook": "508393428"}, "firstName": "Lincoln", "tips": {"count": 1}, "gender": "male", "lastName": "Benjamin", "lists": {"groups": [{"count": 2, "type": "created", "items": []}]}, "bio": ""}, {"id": "8505760", "photo": {"prefix": "https://igx.4sqi.net/img/user/", "suffix": "/XI4PKC2X25UDPB4F.jpg"}, "homeCity": "Singapore", "contact": {"facebook": "100002431867373", "twitter": "bernycebernyce"}, "firstName": "Bernyce", "tips": {"count": 0}, "gender": "female", "lastName": "koh", "lists": {"groups": [{"count": 2, "type": "created", "items": []}]}, "bio": ""}, {"id": "42461204", "photo": {"prefix": "https://igx.4sqi.net/img/user/", "suffix": "/5J1LAFHGYOJAQ5CC.jpg"}, "homeCity": "New York, NY", "contact": {"facebook": "1292321668"}, "firstName": "Caroline", "tips": {"count": 0}, "gender": "female", "lastName": "Deiparine", "lists": {"groups": [{"count": 2, "type": "created", "items": []}]}, "bio": ""}, {"id": "3817105", "photo": {"prefix": "https://igx.4sqi.net/img/user/", "default": true, "suffix": "/blank_boy.png"}, "homeCity": "Singapore", "contact": {"facebook": "619248063", "twitter": "kelvinlee89"}, "firstName": "Kelvin", "tips": {"count": 0}, "gender": "male", "lastName": "Lee", "lists": {"groups": [{"count": 2, "type": "created", "items": []}]}, "bio": ""}, {"id": "5991223", "photo": {"prefix": "https://igx.4sqi.net/img/user/", "default": true, "suffix": "/blank_girl.png"}, "homeCity": "Singapore", "contact": {"facebook": "688567594", "twitter": "xatic"}, "firstName": "Hainita", "tips": {"count": 0}, "gender": "female", "lists": {"groups": [{"count": 2, "type": "created", "items": []}]}, "bio": ""}, {"id": "7247934", "photo": {"prefix": "https://igx.4sqi.net/img/user/", "suffix": "/S1ECIA5POYAUFGF5.jpg"}, "homeCity": "Singapore", "contact": {}, "firstName": "Wilson", "tips": {"count": 0}, "gender": "male", "lastName": "Chunhung", "lists": {"groups": [{"count": 2, "type": "created", "items": []}]}, "bio": ""}, {"id": "4073330", "photo": {"prefix": "https://igx.4sqi.net/img/user/", "suffix": "/KKNOANXM2FKJ21HE.jpg"}, "homeCity": "Singapore", "contact": {"facebook": "1062791956"}, "firstName": "Ronnie", "tips": {"count": 0}, "gender": "male", "lastName": "Choc", "lists": {"groups": [{"count": 2, "type": "created", "items": []}]}, "bio": ""}, {"id": "6542280", "photo": {"prefix": "https://igx.4sqi.net/img/user/", "suffix": "/5JB4OGM2WUUZJO1G.jpg"}, "homeCity": "Singapore", "contact": {"facebook": "1149745683", "twitter": "thisaintmee"}, "firstName": "Eugene", "tips": {"count": 0}, "gender": "male", "lastName": "Lim", "lists": {"groups": [{"count": 2, "type": "created", "items": []}]}, "bio": ""}, {"id": "7259473", "photo": {"prefix": "https://igx.4sqi.net/img/user/", "suffix": "/7259473-J3GJFWMI2RAYCDX1.jpg"}, "homeCity": "Malaysia", "contact": {"twitter": "wyjl"}, "firstName": "Wendy", "tips": {"count": 1}, "gender": "female", "lastName": "Yee", "lists": {"groups": [{"count": 2, "type": "created", "items": []}]}, "bio": ""}, {"id": "4095555", "photo": {"prefix": "https://igx.4sqi.net/img/user/", "suffix": "/TXEEY0KH0ETV1XKH.jpg"}, "homeCity": "Singapore", "contact": {"facebook": "556401920", "twitter": "ahgui"}, "firstName": "Kenny", "tips": {"count": 0}, "gender": "male", "lastName": "Lai", "lists": {"groups": [{"count": 2, "type": "created", "items": []}]}, "bio": ""}, {"id": "6648660", "photo": {"prefix": "https://igx.4sqi.net/img/user/", "default": true, "suffix": "/blank_girl.png"}, "homeCity": "Singapore", "contact": {"facebook": "648133207", "twitter": "menty_zee"}, "firstName": "Menty", "tips": {"count": 1}, "gender": "female", "lastName": "Zee", "lists": {"groups": [{"count": 2, "type": "created", "items": []}]}, "bio": ""}, {"id": "12379229", "photo": {"prefix": "https://igx.4sqi.net/img/user/", "suffix": "/WFOK21N3ZCUJ4N2T.jpg"}, "homeCity": "Singapore", "contact": {"facebook": "1061895056"}, "firstName": "Zuda", "tips": {"count": 0}, "gender": "male", "lastName": "Ng", "lists": {"groups": [{"count": 2, "type": "created", "items": []}]}, "bio": ""}, {"id": "5010650", "photo": {"prefix": "https://igx.4sqi.net/img/user/", "suffix": "/W3GHVFUN5MTF0ATY.jpg"}, "homeCity": "Kuala Lumpur, Malaysia", "contact": {}, "firstName": "ashley", "tips": {"count": 0}, "gender": "female", "lastName": "yow", "lists": {"groups": [{"count": 2, "type": "created", "items": []}]}, "bio": ""}, {"id": "8749619", "photo": {"prefix": "https://igx.4sqi.net/img/user/", "suffix": "/KWXZQFCVB0GUUMTB.jpg"}, "homeCity": "Singapore", "contact": {"facebook": "100000556063175", "twitter": "minyi116"}, "firstName": "Minyi", "tips": {"count": 0}, "gender": "female", "lastName": "Chew", "lists": {"groups": [{"count": 2, "type": "created", "items": []}]}, "bio": ""}, {"id": "16754303", "photo": {"prefix": "https://igx.4sqi.net/img/user/", "suffix": "/L54YK0LTHGLLX51A.jpg"}, "homeCity": "Singapore", "contact": {"facebook": "701973974", "twitter": "lynnzie_azura"}, "firstName": "Tracy", "tips": {"count": 1}, "gender": "female", "lastName": "Lynn", "lists": {"groups": [{"count": 2, "type": "created", "items": []}]}, "bio": ""}, {"id": "5234221", "photo": {"prefix": "https://igx.4sqi.net/img/user/", "default": true, "suffix": "/blank_girl.png"}, "homeCity": "Seri Kembangan, Malaysia", "contact": {"facebook": "690346333", "twitter": "gnilil"}, "firstName": "Liling", "tips": {"count": 1}, "gender": "female", "lastName": "Chiew", "lists": {"groups": [{"count": 2, "type": "created", "items": []}]}, "bio": ""}, {"id": "5655811", "photo": {"prefix": "https://igx.4sqi.net/img/user/", "suffix": "/IRQ4ITRP035D3JTM.jpg"}, "homeCity": "Singapore", "contact": {"facebook": "1223359020"}, "firstName": "Shannon", "tips": {"count": 0}, "gender": "female", "lastName": "Goh", "lists": {"groups": [{"count": 2, "type": "created", "items": []}]}, "bio": ""}, {"id": "5905858", "photo": {"prefix": "https://igx.4sqi.net/img/user/", "suffix": "/X5NWTQJ4QXM0BUCY.jpg"}, "homeCity": "Unnamed Location", "contact": {"facebook": "1001137099", "twitter": "eniw_eniw"}, "firstName": "Wine", "tips": {"count": 3}, "gender": "female", "lastName": "O wine", "lists": {"groups": [{"count": 2, "type": "created", "items": []}]}, "bio": ""}]}, "checksum": "82cb9e7bc0d50065617b7470cb0fa71fa1dcc4bb"}}