{"notifications": [{"type": "notificationTray", "item": {"unreadCount": 0}}], "response": {"friends": {"items": [{"tips": {"count": 0}, "contact": {"facebook": "227700116"}, "firstName": "Lee", "gender": "female", "lastName": "Xin", "id": "77988392", "bio": "", "photo": {"prefix": "https://igx.4sqi.net/img/user/", "suffix": "/77988392-0T4Q3NLACJ25OTGP.jpg"}, "homeCity": "Singapore", "lists": {"groups": [{"items": [], "count": 2, "type": "created"}]}}, {"tips": {"count": 0}, "contact": {}, "firstName": "Joseph", "gender": "male", "lastName": "Poon", "id": "4306721", "bio": "", "photo": {"prefix": "https://igx.4sqi.net/img/user/", "suffix": "/BRIRVGO2FHOVQXGP.jpg"}, "homeCity": "Singapore", "lists": {"groups": [{"items": [], "count": 2, "type": "created"}]}}, {"tips": {"count": 0}, "contact": {}, "firstName": "Emily", "gender": "none", "lastName": "Ng", "id": "6833141", "bio": "", "photo": {"prefix": "https://igx.4sqi.net/img/user/", "suffix": "/blank_boy.png", "default": true}, "homeCity": "Singapore", "lists": {"groups": [{"items": [], "count": 2, "type": "created"}]}}, {"tips": {"count": 0}, "contact": {"facebook": "605895952"}, "firstName": "Michelle Michie", "gender": "female", "lastName": "Tan", "id": "9854773", "bio": "", "photo": {"prefix": "https://igx.4sqi.net/img/user/", "suffix": "/AFQ2YOOSQFPPTR3C.jpg"}, "homeCity": "Singapore", "lists": {"groups": [{"items": [], "count": 2, "type": "created"}]}}, {"tips": {"count": 108}, "contact": {"twitter": "bleumoonee", "facebook": "579758807"}, "firstName": "Eric", "gender": "male", "lastName": "Neo", "id": "27078708", "bio": "", "photo": {"prefix": "https://igx.4sqi.net/img/user/", "suffix": "/27078708-SQA1WPHJCK02AHIQ.jpg"}, "homeCity": "Singapore", "lists": {"groups": [{"items": [], "count": 3, "type": "created"}]}}, {"tips": {"count": 2}, "contact": {"facebook": "602096233"}, "firstName": "Laverene", "gender": "none", "lastName": "Chua", "id": "4247747", "bio": "", "photo": {"prefix": "https://igx.4sqi.net/img/user/", "suffix": "/KTLNF2XDGUS44NK1.jpg"}, "homeCity": "Singapore", "lists": {"groups": [{"items": [], "count": 2, "type": "created"}]}}, {"tips": {"count": 1}, "contact": {"facebook": "613723536"}, "firstName": "Jerry", "gender": "male", "lastName": "Tan", "id": "19872434", "bio": "", "photo": {"prefix": "https://igx.4sqi.net/img/user/", "suffix": "/ZUDJNK0LL0M0AIJT.jpg"}, "homeCity": "Singapore", "lists": {"groups": [{"items": [], "count": 2, "type": "created"}]}}, {"tips": {"count": 0}, "contact": {"facebook": "697643295"}, "firstName": "Joey", "gender": "female", "lastName": "Sim", "id": "76381703", "bio": "", "photo": {"prefix": "https://igx.4sqi.net/img/user/", "suffix": "/76381703-LOPYNWHSZJBJMCTJ.jpg"}, "homeCity": "Singapore", "lists": {"groups": [{"items": [], "count": 2, "type": "created"}]}}, {"tips": {"count": 0}, "contact": {}, "firstName": "Low", "gender": "female", "lastName": "Yan Nee", "id": "2837716", "bio": "", "photo": {"prefix": "https://igx.4sqi.net/img/user/", "suffix": "/1ESP5OSW5FZVJKF1.jpg"}, "homeCity": "Singapore", "lists": {"groups": [{"items": [], "count": 2, "type": "created"}]}}, {"tips": {"count": 0}, "contact": {}, "firstName": "Kevin", "gender": "male", "lastName": "Choo", "id": "4025626", "bio": "", "photo": {"prefix": "https://igx.4sqi.net/img/user/", "suffix": "/blank_boy.png", "default": true}, "homeCity": "New York, NY", "lists": {"groups": [{"items": [], "count": 2, "type": "created"}]}}, {"tips": {"count": 0}, "contact": {"facebook": "516119771"}, "firstName": "May Shan", "gender": "female", "lastName": "Chin", "id": "439358", "bio": "", "photo": {"prefix": "https://igx.4sqi.net/img/user/", "suffix": "/LX1WKMZKZQBZOK2F.jpg"}, "homeCity": "Singapore", "lists": {"groups": [{"items": [], "count": 2, "type": "created"}]}}, {"tips": {"count": 0}, "contact": {}, "firstName": "Andy", "gender": "none", "lastName": "Lee", "id": "63207622", "bio": "", "photo": {"prefix": "https://igx.4sqi.net/img/user/", "suffix": "/blank_boy.png", "default": true}, "homeCity": "Singapore", "lists": {"groups": [{"items": [], "count": 2, "type": "created"}]}}, {"tips": {"count": 3}, "contact": {}, "firstName": "Dylan", "gender": "male", "lastName": "Chua", "id": "4818059", "bio": "", "photo": {"prefix": "https://igx.4sqi.net/img/user/", "suffix": "/OLS5U51W0DRXWB1P.jpg"}, "homeCity": "Singapore", "lists": {"groups": [{"items": [], "count": 2, "type": "created"}]}}, {"tips": {"count": 0}, "contact": {"facebook": "100001959456580"}, "firstName": "Jon", "gender": "male", "lastName": "Siva", "id": "38889397", "bio": "", "photo": {"prefix": "https://igx.4sqi.net/img/user/", "suffix": "/FB0BWG4JFMAB33PR.jpg"}, "homeCity": "New York, NY", "lists": {"groups": [{"items": [], "count": 2, "type": "created"}]}}, {"tips": {"count": 2}, "contact": {}, "firstName": "Angel", "gender": "female", "lastName": "Lim", "id": "2950952", "bio": "", "photo": {"prefix": "https://igx.4sqi.net/img/user/", "suffix": "/S2P5TAQIRZVRSV2R.jpg"}, "homeCity": "Singapore", "lists": {"groups": [{"items": [], "count": 2, "type": "created"}]}}, {"tips": {"count": 1}, "contact": {"facebook": "100003168118493"}, "firstName": "Raymond", "gender": "male", "lastName": "Goh", "id": "22435554", "bio": "", "photo": {"prefix": "https://igx.4sqi.net/img/user/", "suffix": "/22435554_xKe1TXPk_0_5oy6cdDuocc34spmBb_1pm4ZnswUYaTAeX0ixY-2_9gYvfGlH3lzGauit1_iLu.jpg"}, "homeCity": "Singapore", "lists": {"groups": [{"items": [], "count": 2, "type": "created"}]}}, {"tips": {"count": 64}, "contact": {"facebook": "521016064"}, "firstName": "Jansen", "gender": "male", "lastName": "Ek", "id": "1279756", "bio": "", "photo": {"prefix": "https://igx.4sqi.net/img/user/", "suffix": "/T4AHVW45IS4TRQLU.jpg"}, "homeCity": "Singapore", "lists": {"groups": [{"items": [], "count": 2, "type": "created"}]}}, {"tips": {"count": 1}, "contact": {}, "firstName": "Wee li", "gender": "male", "lastName": "Yap", "id": "6543613", "bio": "", "photo": {"prefix": "https://igx.4sqi.net/img/user/", "suffix": "/RVS3XSAOWCJ5UMTM.jpg"}, "homeCity": "Jakarta, Indonesia", "lists": {"groups": [{"items": [], "count": 2, "type": "created"}]}}, {"tips": {"count": 0}, "contact": {"facebook": "671115185"}, "firstName": "Catherine", "gender": "female", "lastName": "Goh", "id": "32681219", "bio": "", "photo": {"prefix": "https://igx.4sqi.net/img/user/", "suffix": "/CHUD33VRWFBRKXI4.jpg"}, "homeCity": "New York, NY", "lists": {"groups": [{"items": [], "count": 2, "type": "created"}]}}, {"tips": {"count": 41}, "contact": {}, "firstName": "Ryan", "gender": "male", "lastName": "Lim", "id": "1038407", "bio": "", "photo": {"prefix": "https://igx.4sqi.net/img/user/", "suffix": "/AC0YYUNGRSDOT2TX.jpg"}, "homeCity": "Singapore ", "lists": {"groups": [{"items": [], "count": 2, "type": "created"}]}}, {"tips": {"count": 0}, "contact": {}, "firstName": "Howie", "gender": "male", "lastName": "Lau", "id": "7831727", "bio": "", "photo": {"prefix": "https://igx.4sqi.net/img/user/", "suffix": "/TUSQL3QEW4SDEJAM.jpg"}, "homeCity": "Singapore", "lists": {"groups": [{"items": [], "count": 2, "type": "created"}]}}, {"tips": {"count": 0}, "contact": {}, "firstName": "Sebastian", "gender": "male", "lastName": "Chong", "id": "7605634", "bio": "", "photo": {"prefix": "https://igx.4sqi.net/img/user/", "suffix": "/1QGBSG4XE2N5KGXU.jpg"}, "homeCity": "Singapore", "lists": {"groups": [{"items": [], "count": 2, "type": "created"}]}}, {"tips": {"count": 0}, "contact": {}, "firstName": "Michael", "gender": "male", "lastName": "Chua", "id": "51407201", "bio": "", "photo": {"prefix": "https://igx.4sqi.net/img/user/", "suffix": "/AK1XZ5U1PPCXKP1N.jpg"}, "homeCity": "Singapore", "lists": {"groups": [{"items": [], "count": 2, "type": "created"}]}}, {"tips": {"count": 0}, "contact": {}, "firstName": "Sasha", "gender": "female", "lastName": "Ann smarr", "id": "3745325", "bio": "", "photo": {"prefix": "https://igx.4sqi.net/img/user/", "suffix": "/LRXR0VD0AELQUALV.jpg"}, "homeCity": "Singapore", "lists": {"groups": [{"items": [], "count": 2, "type": "created"}]}}, {"tips": {"count": 1}, "contact": {"twitter": "syeowh", "facebook": "10204617469770328"}, "firstName": "Simon", "gender": "male", "lastName": "Yeo", "id": "2899735", "bio": "", "photo": {"prefix": "https://igx.4sqi.net/img/user/", "suffix": "/KYAG10U4RDSXGMGM.jpg"}, "homeCity": "Singapore", "lists": {"groups": [{"items": [], "count": 3, "type": "created"}]}}, {"tips": {"count": 1}, "contact": {"facebook": "522522929"}, "firstName": "Yq", "gender": "male", "lastName": "Tan", "id": "89049432", "bio": "", "photo": {"prefix": "https://igx.4sqi.net/img/user/", "suffix": "/89049432-P51WQP4TQAV21VA0.jpg"}, "homeCity": "Singapore", "lists": {"groups": [{"items": [], "count": 2, "type": "created"}]}}, {"tips": {"count": 0}, "contact": {"facebook": "689352752"}, "firstName": "Tyna", "gender": "female", "lastName": "Haji Saleh", "id": "64126616", "bio": "", "photo": {"prefix": "https://igx.4sqi.net/img/user/", "suffix": "/64126616-NGUTCQTH3P5QFKYV.jpg"}, "homeCity": "Singapore", "lists": {"groups": [{"items": [], "count": 2, "type": "created"}]}}, {"tips": {"count": 0}, "contact": {}, "firstName": "Judie", "gender": "female", "lastName": "Zoe Ang", "id": "2952849", "bio": "", "photo": {"prefix": "https://igx.4sqi.net/img/user/", "suffix": "/GEYSW0ETGOASVK3P.jpg"}, "homeCity": "Auckland, New Zealand", "lists": {"groups": [{"items": [], "count": 2, "type": "created"}]}}, {"tips": {"count": 1}, "contact": {"facebook": "537618581"}, "firstName": "\ud83c\udf80 Irene", "gender": "female", "lastName": "\uc544\uc774\ub9b0 \ud83c\udf80", "id": "3107260", "bio": "", "photo": {"prefix": "https://igx.4sqi.net/img/user/", "suffix": "/CU01IVYGODWEDS5S.jpg"}, "homeCity": "Singapore", "lists": {"groups": [{"items": [], "count": 2, "type": "created"}]}}, {"tips": {"count": 0}, "contact": {"facebook": "648092202"}, "firstName": "Yan", "gender": "female", "lastName": "Nee", "id": "10951963", "bio": "", "photo": {"prefix": "https://igx.4sqi.net/img/user/", "suffix": "/blank_girl.png", "default": true}, "homeCity": "New York, NY", "lists": {"groups": [{"items": [], "count": 2, "type": "created"}]}}, {"tips": {"count": 0}, "contact": {"facebook": "789553159"}, "firstName": "Gary", "gender": "male", "lastName": "Tan", "id": "34047552", "bio": "", "photo": {"prefix": "https://igx.4sqi.net/img/user/", "suffix": "/XTXZF1YFJS0R344I.jpg"}, "homeCity": "New York, NY", "lists": {"groups": [{"items": [], "count": 2, "type": "created"}]}}, {"tips": {"count": 0}, "contact": {"facebook": "1059249701"}, "firstName": "Wei", "gender": "male", "lastName": "Keong", "id": "27728110", "bio": "", "photo": {"prefix": "https://igx.4sqi.net/img/user/", "suffix": "/SCXQ4BLRMOZONAFQ.jpg"}, "homeCity": "Singapore", "lists": {"groups": [{"items": [], "count": 2, "type": "created"}]}}, {"tips": {"count": 0}, "contact": {"facebook": "539784394"}, "firstName": "Kathryn", "gender": "female", "lastName": "Chia", "id": "18685052", "bio": "", "photo": {"prefix": "https://igx.4sqi.net/img/user/", "suffix": "/SKUKP01RT44DHDIB.jpg"}, "homeCity": "Singapore", "lists": {"groups": [{"items": [], "count": 2, "type": "created"}]}}, {"tips": {"count": 0}, "contact": {}, "firstName": "Alvin", "gender": "male", "lastName": "Goh", "id": "4535227", "bio": "", "photo": {"prefix": "https://igx.4sqi.net/img/user/", "suffix": "/blank_boy.png", "default": true}, "homeCity": "Singapore", "lists": {"groups": [{"items": [], "count": 2, "type": "created"}]}}, {"tips": {"count": 0}, "contact": {"facebook": "764618263"}, "firstName": "Melvin", "gender": "male", "lastName": "Ho", "id": "51874269", "bio": "", "photo": {"prefix": "https://igx.4sqi.net/img/user/", "suffix": "/QCX5C0FM3ZQWKOFO.jpg"}, "homeCity": "Singapore", "lists": {"groups": [{"items": [], "count": 2, "type": "created"}]}}, {"tips": {"count": 6}, "contact": {"facebook": "741173131"}, "firstName": "Elaine", "gender": "female", "lastName": "Lee", "id": "79199702", "bio": "", "photo": {"prefix": "https://igx.4sqi.net/img/user/", "suffix": "/79199702-S0BQ2GK3TGZVID41.jpg"}, "homeCity": "Singapore", "lists": {"groups": [{"items": [], "count": 2, "type": "created"}]}}, {"tips": {"count": 0}, "contact": {"facebook": "550021971"}, "firstName": "Christinerexy", "gender": "female", "id": "3153580", "bio": "", "photo": {"prefix": "https://igx.4sqi.net/img/user/", "suffix": "/LI21OXK5W3O3SCZP.jpg"}, "homeCity": "Singapore", "lists": {"groups": [{"items": [], "count": 2, "type": "created"}]}}, {"tips": {"count": 0}, "contact": {"facebook": "100004789023426"}, "firstName": "Justin", "gender": "male", "lastName": "See", "id": "90107739", "bio": "", "photo": {"prefix": "https://igx.4sqi.net/img/user/", "suffix": "/90107739-V5T5RQR0IUROLXNN.jpg"}, "homeCity": "Singapore", "lists": {"groups": [{"items": [], "count": 2, "type": "created"}]}}, {"tips": {"count": 0}, "contact": {"twitter": "lebonlim", "facebook": "100000473801779"}, "firstName": "Patrick", "gender": "male", "lastName": "Lim Yong Sern", "id": "45818528", "bio": "", "photo": {"prefix": "https://igx.4sqi.net/img/user/", "suffix": "/DURKGXDCBQT5NF4R.jpg"}, "homeCity": "Singapore", "lists": {"groups": [{"items": [], "count": 2, "type": "created"}]}}, {"tips": {"count": 0}, "contact": {"facebook": "723136686"}, "firstName": "Wong", "gender": "male", "lastName": "Hun", "id": "45434866", "bio": "", "photo": {"prefix": "https://igx.4sqi.net/img/user/", "suffix": "/PSMYFG520BWEYNDM.jpg"}, "homeCity": "New York, NY", "lists": {"groups": [{"items": [], "count": 3, "type": "created"}]}}, {"tips": {"count": 13}, "contact": {"facebook": "742923284"}, "firstName": "Derek", "gender": "male", "lastName": "Poh", "id": "49170697", "bio": "", "photo": {"prefix": "https://igx.4sqi.net/img/user/", "suffix": "/2N10R114WBUHZN3T.jpg"}, "homeCity": "Singapore, Singapore", "lists": {"groups": [{"items": [], "count": 3, "type": "created"}]}}, {"tips": {"count": 2}, "contact": {"facebook": "837127626"}, "firstName": "Christina", "gender": "female", "lastName": "You", "id": "4902733", "bio": "", "photo": {"prefix": "https://igx.4sqi.net/img/user/", "suffix": "/GHVA5J3R4LRKHGI4.jpg"}, "homeCity": "Petaling Jaya, Malaysia", "lists": {"groups": [{"items": [], "count": 2, "type": "created"}]}}, {"tips": {"count": 0}, "contact": {}, "firstName": "Aubree", "gender": "female", "lastName": "Kinsey", "id": "80546326", "bio": "", "photo": {"prefix": "https://igx.4sqi.net/img/user/", "suffix": "/80546326-2JGMQFCSMPNIC31L.jpg"}, "homeCity": "", "lists": {"groups": [{"items": [], "count": 2, "type": "created"}]}}, {"tips": {"count": 11}, "contact": {"twitter": "theetfamily"}, "firstName": "Esther", "gender": "female", "lastName": "Teo", "id": "3229452", "bio": "", "photo": {"prefix": "https://igx.4sqi.net/img/user/", "suffix": "/EQZ42ACZ4W4MUNYH.jpg"}, "homeCity": "Singapore", "lists": {"groups": [{"items": [], "count": 2, "type": "created"}]}}, {"tips": {"count": 0}, "contact": {}, "firstName": "Pearl", "gender": "female", "id": "4996667", "bio": "", "photo": {"prefix": "https://igx.4sqi.net/img/user/", "suffix": "/RPTBH2OEHQ3E5OOI.jpg"}, "homeCity": "Singapore", "lists": {"groups": [{"items": [], "count": 2, "type": "created"}]}}, {"tips": {"count": 6}, "contact": {"twitter": "jillkontherun", "facebook": "553963727"}, "firstName": "Jill", "gender": "female", "lastName": "Kee", "id": "3253074", "bio": "", "photo": {"prefix": "https://igx.4sqi.net/img/user/", "suffix": "/XTU1HZ053R3CADJ1.jpg"}, "homeCity": "Singapore", "lists": {"groups": [{"items": [], "count": 5, "type": "created"}]}}, {"tips": {"count": 0}, "contact": {}, "firstName": "Mike", "gender": "male", "lastName": "Yuen", "id": "5054448", "bio": "", "photo": {"prefix": "https://igx.4sqi.net/img/user/", "suffix": "/CMXBWY4BP5JYSF5H.jpg"}, "homeCity": "Singapore", "lists": {"groups": [{"items": [], "count": 2, "type": "created"}]}}, {"tips": {"count": 4}, "contact": {"facebook": "723151015"}, "firstName": "Becky", "gender": "female", "lastName": "Tan", "id": "3706805", "bio": "", "photo": {"prefix": "https://igx.4sqi.net/img/user/", "suffix": "/GAA1QFSYXCPR1V4N.jpg"}, "homeCity": "Singapore", "lists": {"groups": [{"items": [], "count": 2, "type": "created"}]}}, {"tips": {"count": 0}, "contact": {"facebook": "1200543725"}, "firstName": "Joseph", "gender": "male", "lastName": "Poon", "id": "16230170", "bio": "", "photo": {"prefix": "https://igx.4sqi.net/img/user/", "suffix": "/JJO4ZL3ADOHOH2SZ.jpg"}, "homeCity": "Singapore", "lists": {"groups": [{"items": [], "count": 2, "type": "created"}]}}, {"tips": {"count": 0}, "contact": {"facebook": "674848869"}, "firstName": "Ah Poon", "gender": "female", "id": "3982414", "bio": "", "photo": {"prefix": "https://igx.4sqi.net/img/user/", "suffix": "/WHCZO3EHTCK03YR3.jpg"}, "homeCity": "Singapore", "lists": {"groups": [{"items": [], "count": 2, "type": "created"}]}}, {"tips": {"count": 0}, "contact": {"facebook": "730727653"}, "firstName": "Choon-Pheng", "gender": "male", "lastName": "Lim", "id": "43071507", "bio": "", "photo": {"prefix": "https://igx.4sqi.net/img/user/", "suffix": "/JG20C553LMBTFIOR.jpg"}, "homeCity": "Singapore", "lists": {"groups": [{"items": [], "count": 2, "type": "created"}]}}, {"tips": {"count": 6}, "contact": {"facebook": "608081711"}, "firstName": "YokeKuan", "gender": "female", "lastName": "Sun", "id": "4730822", "bio": "", "photo": {"prefix": "https://igx.4sqi.net/img/user/", "suffix": "/ISPJUDT5SGNOIAON.jpg"}, "homeCity": "Kuala Lumpur, Malaysia", "lists": {"groups": [{"items": [], "count": 2, "type": "created"}]}}, {"tips": {"count": 0}, "contact": {"facebook": "756112897"}, "firstName": "Elaine", "gender": "female", "lastName": "Ng", "id": "20772971", "bio": "", "photo": {"prefix": "https://igx.4sqi.net/img/user/", "suffix": "/BXTHJ2CY4GHSHE4R.jpg"}, "homeCity": "New York, NY", "lists": {"groups": [{"items": [], "count": 2, "type": "created"}]}}, {"tips": {"count": 0}, "contact": {"facebook": "710743232"}, "firstName": "Adrian", "gender": "male", "lastName": "Phang", "id": "31226049", "bio": "", "photo": {"prefix": "https://igx.4sqi.net/img/user/", "suffix": "/W2254EFPGGPC213A.jpg"}, "homeCity": "Singapore, Singapore", "lists": {"groups": [{"items": [], "count": 2, "type": "created"}]}}], "count": 54}, "checksum": "e408c5f4b7e1d02300f28b1cf303fadd10d4739d"}, "meta": {"requestId": "59662ad46a60711438484cab", "code": 200}}