{"notifications": [{"type": "notificationTray", "item": {"unreadCount": 0}}], "meta": {"requestId": "5966c9c74434b95524211685", "code": 200}, "response": {"friends": {"count": 89, "items": [{"id": "6726146", "photo": {"prefix": "https://igx.4sqi.net/img/user/", "suffix": "/Q4Q0AF1VDPYIN2QB.jpg"}, "homeCity": "Singapore", "contact": {}, "firstName": "Mushawwir", "tips": {"count": 0}, "gender": "male", "lastName": "Azmi", "lists": {"groups": [{"count": 2, "type": "created", "items": []}]}, "bio": ""}, {"id": "4292690", "photo": {"prefix": "https://igx.4sqi.net/img/user/", "suffix": "/KZLHFJK5LQ43LDNH.jpg"}, "homeCity": "Singapore", "contact": {}, "firstName": "Mustaffa", "tips": {"count": 2}, "gender": "male", "lastName": "Ahmad", "lists": {"groups": [{"count": 2, "type": "created", "items": []}]}, "bio": ""}, {"id": "4556221", "photo": {"prefix": "https://igx.4sqi.net/img/user/", "suffix": "/A3GTFSUE3TW4ZS3I.jpg"}, "homeCity": "Singapore", "contact": {"facebook": "100001283251265"}, "firstName": "Isa", "tips": {"count": 0}, "gender": "male", "lastName": "Sham", "lists": {"groups": [{"count": 2, "type": "created", "items": []}]}, "bio": ""}, {"id": "5449139", "photo": {"prefix": "https://igx.4sqi.net/img/user/", "suffix": "/PLTZ5B1ZU5P4NJBH.jpg"}, "homeCity": "Singapore", "contact": {"facebook": "556777362", "twitter": "visqueraient"}, "firstName": "Afiq", "tips": {"count": 39}, "gender": "male", "lastName": "Syazani", "lists": {"groups": [{"count": 3, "type": "created", "items": []}]}, "bio": ""}, {"id": "3591683", "photo": {"prefix": "https://igx.4sqi.net/img/user/", "suffix": "/3VA1Y4B1VGSEZ1TC.jpg"}, "homeCity": "Singapore", "contact": {}, "firstName": "Rad\ue23f", "tips": {"count": 0}, "gender": "male", "lists": {"groups": [{"count": 2, "type": "created", "items": []}]}, "bio": ""}, {"id": "4580423", "photo": {"prefix": "https://igx.4sqi.net/img/user/", "suffix": "/T2SCXEGWLW2M43FM.jpg"}, "homeCity": "Singapore", "contact": {"facebook": "644232920"}, "firstName": "Sham", "tips": {"count": 0}, "gender": "male", "lastName": "Affandi", "lists": {"groups": [{"count": 2, "type": "created", "items": []}]}, "bio": ""}, {"id": "4048506", "photo": {"prefix": "https://igx.4sqi.net/img/user/", "suffix": "/IXHK2QEEMTQIPGVY.jpg"}, "homeCity": "Singapore", "contact": {}, "firstName": "Hanafi", "tips": {"count": 0}, "gender": "male", "lastName": "Amir", "lists": {"groups": [{"count": 2, "type": "created", "items": []}]}, "bio": ""}, {"id": "3449256", "photo": {"prefix": "https://igx.4sqi.net/img/user/", "suffix": "/HISQLFCLFOMUZPRT.jpg"}, "homeCity": "Singapore", "contact": {"facebook": "1624885919"}, "firstName": "Zulhusmi", "tips": {"count": 3}, "gender": "male", "lastName": "Yusoff", "lists": {"groups": [{"count": 2, "type": "created", "items": []}]}, "bio": ""}, {"id": "3322769", "photo": {"prefix": "https://igx.4sqi.net/img/user/", "suffix": "/QIRGWE3WZFYMDIHG.jpg"}, "homeCity": "Singapore", "contact": {"twitter": "diladeal"}, "firstName": "Dil", "tips": {"count": 0}, "gender": "female", "lastName": "Adeal", "lists": {"groups": [{"count": 2, "type": "created", "items": []}]}, "bio": ""}, {"id": "1952403", "photo": {"prefix": "https://igx.4sqi.net/img/user/", "suffix": "/PJDL0ADUXA0GFWR1.jpg"}, "homeCity": "Singapore", "contact": {"facebook": "10204650809018691", "twitter": "linnn_er"}, "firstName": "Linhui", "tips": {"count": 0}, "gender": "female", "lastName": "Sim", "lists": {"groups": [{"count": 2, "type": "created", "items": []}]}, "bio": ""}, {"id": "835286", "photo": {"prefix": "https://igx.4sqi.net/img/user/", "suffix": "/HWBHH1ZU4BWSRVFS.jpg"}, "homeCity": "Singapore", "contact": {}, "firstName": "Amir", "tips": {"count": 0}, "gender": "male", "lastName": "Sahib", "lists": {"groups": [{"count": 2, "type": "created", "items": []}]}, "bio": ""}, {"id": "942906", "photo": {"prefix": "https://igx.4sqi.net/img/user/", "suffix": "/PNTVXOE2XE1YNLLT.jpg"}, "homeCity": "Singapore", "contact": {"facebook": "715987287", "twitter": "p0rkyx"}, "firstName": "Nicholas", "tips": {"count": 0}, "gender": "male", "lists": {"groups": [{"count": 2, "type": "created", "items": []}]}, "bio": ""}, {"id": "2387500", "photo": {"prefix": "https://igx.4sqi.net/img/user/", "suffix": "/C3LULPMNAAEULELP.jpg"}, "homeCity": "Singapore", "contact": {"facebook": "100000312549374"}, "firstName": "Dn", "tips": {"count": 0}, "gender": "female", "lastName": "Bebeh", "lists": {"groups": [{"count": 2, "type": "created", "items": []}]}, "bio": ""}, {"id": "4335638", "photo": {"prefix": "https://igx.4sqi.net/img/user/", "suffix": "/ITLHBRMIPZ0AIPTI.jpg"}, "homeCity": "Singapore", "contact": {"facebook": "100000969512472"}, "firstName": "azlan", "tips": {"count": 2}, "gender": "male", "lastName": "yayan", "lists": {"groups": [{"count": 2, "type": "created", "items": []}]}, "bio": ""}, {"id": "6797596", "photo": {"prefix": "https://igx.4sqi.net/img/user/", "suffix": "/JWUYA4WVOLZ5NFC2.jpg"}, "homeCity": "Singapore", "contact": {}, "firstName": "Yxian", "tips": {"count": 0}, "gender": "female", "lists": {"groups": [{"count": 2, "type": "created", "items": []}]}, "bio": ""}, {"id": "4294824", "photo": {"prefix": "https://igx.4sqi.net/img/user/", "suffix": "/4ZSSC5O303OHBIHX.jpg"}, "homeCity": "Singapore", "contact": {}, "firstName": "Akiddo", "tips": {"count": 0}, "gender": "male", "lastName": "Khalid", "lists": {"groups": [{"count": 2, "type": "created", "items": []}]}, "bio": ""}, {"id": "5285016", "photo": {"prefix": "https://igx.4sqi.net/img/user/", "suffix": "/AM14C05KT425F0QC.jpg"}, "homeCity": "Singapore", "contact": {}, "firstName": "Vijay", "tips": {"count": 0}, "gender": "male", "lists": {"groups": [{"count": 2, "type": "created", "items": []}]}, "bio": ""}, {"id": "5484697", "photo": {"prefix": "https://igx.4sqi.net/img/user/", "suffix": "/4WO4SSRJXYWC232J.jpg"}, "homeCity": "Singapore", "contact": {"facebook": "515618304"}, "firstName": "lonGz", "tips": {"count": 3}, "gender": "male", "lists": {"groups": [{"count": 2, "type": "created", "items": []}]}, "bio": ""}, {"id": "3659134", "photo": {"prefix": "https://igx.4sqi.net/img/user/", "suffix": "/M11IRWL3SJCYOQ3C.jpg"}, "homeCity": "Singapore", "contact": {"facebook": "100000588746911", "twitter": "noibella"}, "firstName": "Noi", "tips": {"count": 0}, "gender": "female", "lastName": "Bella", "lists": {"groups": [{"count": 2, "type": "created", "items": []}]}, "bio": ""}, {"id": "6680485", "photo": {"prefix": "https://igx.4sqi.net/img/user/", "suffix": "/KPAQRO5XUWSUDZEC.jpg"}, "homeCity": "Singapore", "contact": {"facebook": "656183578"}, "firstName": "Mushawwir", "tips": {"count": 0}, "gender": "male", "lastName": "Azmi", "lists": {"groups": [{"count": 2, "type": "created", "items": []}]}, "bio": ""}, {"id": "8277677", "photo": {"prefix": "https://igx.4sqi.net/img/user/", "suffix": "/QBWYX5PNA10JAZPE.jpg"}, "homeCity": "Singapore", "contact": {}, "firstName": "Farhan", "tips": {"count": 0}, "gender": "male", "lastName": "Musbah", "lists": {"groups": [{"count": 2, "type": "created", "items": []}]}, "bio": ""}, {"id": "3483965", "photo": {"prefix": "https://igx.4sqi.net/img/user/", "suffix": "/L3CDKFQSZX3EEMHE.jpg"}, "homeCity": "Singapore", "contact": {}, "firstName": "Kazuki", "tips": {"count": 0}, "gender": "male", "lists": {"groups": [{"count": 2, "type": "created", "items": []}]}, "bio": ""}, {"id": "4786723", "photo": {"prefix": "https://igx.4sqi.net/img/user/", "suffix": "/FMFQJ0NJ55SWNFJI.jpg"}, "homeCity": "Singapore", "contact": {}, "firstName": "\ud83d\udc93Queenie.A\ud83d\udc93", "tips": {"count": 27}, "gender": "female", "lists": {"groups": [{"count": 2, "type": "created", "items": []}]}, "bio": ""}, {"id": "1962738", "photo": {"prefix": "https://igx.4sqi.net/img/user/", "suffix": "/KUNP3Z0ZECGGI5SZ.jpg"}, "homeCity": "Singapore", "contact": {"facebook": "1175261931"}, "firstName": "Indra", "tips": {"count": 4}, "gender": "male", "lastName": "Kamalzakie", "lists": {"groups": [{"count": 2, "type": "created", "items": []}]}, "bio": ""}, {"id": "4395704", "photo": {"prefix": "https://igx.4sqi.net/img/user/", "suffix": "/BLGYTUO5NUAICHEO.jpg"}, "homeCity": "Singapore", "contact": {"facebook": "1035306451"}, "firstName": "Faizal", "tips": {"count": 0}, "gender": "male", "lastName": "Kiyo", "lists": {"groups": [{"count": 2, "type": "created", "items": []}]}, "bio": ""}, {"id": "1708995", "photo": {"prefix": "https://igx.4sqi.net/img/user/", "suffix": "/O2BD0CESUL1RLR1V.jpg"}, "homeCity": "Singapore", "contact": {}, "firstName": "capitano", "tips": {"count": 0}, "gender": "male", "lastName": "wan", "lists": {"groups": [{"count": 2, "type": "created", "items": []}]}, "bio": ""}, {"id": "2758944", "photo": {"prefix": "https://igx.4sqi.net/img/user/", "suffix": "/G2K1C34NCXYIZXA0.jpg"}, "homeCity": "Singapore", "contact": {"facebook": "553028776"}, "firstName": "NoorHafawati", "tips": {"count": 0}, "gender": "female", "lastName": "Othman", "lists": {"groups": [{"count": 2, "type": "created", "items": []}]}, "bio": ""}, {"id": "4337612", "photo": {"prefix": "https://igx.4sqi.net/img/user/", "suffix": "/P0UTBGMKZ0YK4PYU.jpg"}, "homeCity": "Singapore", "contact": {"facebook": "659107614"}, "firstName": "Alex", "tips": {"count": 1}, "gender": "male", "lastName": "Ng", "lists": {"groups": [{"count": 2, "type": "created", "items": []}]}, "bio": ""}, {"id": "6806993", "photo": {"prefix": "https://igx.4sqi.net/img/user/", "suffix": "/FZWD2LAQJP55I50M.jpg"}, "homeCity": "Singapore", "contact": {}, "firstName": "Thereal", "tips": {"count": 2}, "gender": "female", "lastName": "Capulet", "lists": {"groups": [{"count": 2, "type": "created", "items": []}]}, "bio": ""}, {"id": "7935848", "photo": {"prefix": "https://igx.4sqi.net/img/user/", "suffix": "/OAOWE3RSXKT2NZOU.jpg"}, "homeCity": "Singapore", "contact": {"facebook": "752030883"}, "firstName": "Fizah", "tips": {"count": 0}, "gender": "female", "lists": {"groups": [{"count": 2, "type": "created", "items": []}]}, "bio": ""}, {"id": "7524103", "photo": {"prefix": "https://igx.4sqi.net/img/user/", "suffix": "/RXULZL2HWN1IEWC1.jpg"}, "homeCity": "Singapore", "contact": {"facebook": "628052154"}, "firstName": "Angeline ester", "tips": {"count": 0}, "gender": "female", "lastName": "Huang", "lists": {"groups": [{"count": 2, "type": "created", "items": []}]}, "bio": ""}, {"id": "5847037", "photo": {"prefix": "https://igx.4sqi.net/img/user/", "suffix": "/FURZGF1LP5LODCHX.jpg"}, "homeCity": "Singapore", "contact": {"twitter": "yqdean"}, "firstName": "Dean", "tips": {"count": 0}, "gender": "male", "lists": {"groups": [{"count": 2, "type": "created", "items": []}]}, "bio": ""}, {"id": "3662927", "photo": {"prefix": "https://igx.4sqi.net/img/user/", "suffix": "/5GSIUY4SLLMIJW3E.jpg"}, "homeCity": "Singapore", "contact": {"facebook": "1747777143"}, "firstName": "Faten", "tips": {"count": 2}, "gender": "female", "lastName": "Rafidah", "lists": {"groups": [{"count": 2, "type": "created", "items": []}]}, "bio": ""}, {"id": "4188587", "photo": {"prefix": "https://igx.4sqi.net/img/user/", "suffix": "/V3KJRQQ33SPM01V2.jpg"}, "homeCity": "Singapore", "contact": {}, "firstName": "md shanurizal", "tips": {"count": 0}, "gender": "male", "lists": {"groups": [{"count": 2, "type": "created", "items": []}]}, "bio": ""}, {"id": "4821882", "photo": {"prefix": "https://igx.4sqi.net/img/user/", "suffix": "/DYXAIKJESRLVTLPQ.jpg"}, "homeCity": "Singapore", "contact": {"facebook": "627466681", "twitter": "zzhenxiangg"}, "firstName": "Zack", "tips": {"count": 0}, "gender": "male", "lastName": "Zhenxiang", "lists": {"groups": [{"count": 2, "type": "created", "items": []}]}, "bio": ""}, {"id": "3340064", "photo": {"prefix": "https://igx.4sqi.net/img/user/", "suffix": "/2OB030BTWLWC1HNB.jpg"}, "homeCity": "Singapore", "contact": {"facebook": "669622687"}, "firstName": "WaN AdiK", "tips": {"count": 0}, "gender": "male", "lists": {"groups": [{"count": 2, "type": "created", "items": []}]}, "bio": ""}, {"id": "1973602", "photo": {"prefix": "https://igx.4sqi.net/img/user/", "suffix": "/MCX3HGNVWDFVOH4I.jpg"}, "homeCity": "Singapore", "contact": {"facebook": "714243496", "twitter": "giantbouncing"}, "firstName": "Giant", "tips": {"count": 1}, "gender": "male", "lists": {"groups": [{"count": 2, "type": "created", "items": []}]}, "bio": ""}, {"id": "3171581", "photo": {"prefix": "https://igx.4sqi.net/img/user/", "suffix": "/E3ZT51N3FM13UQNX.jpg"}, "homeCity": "Singapore", "contact": {"facebook": "605027035", "twitter": "dennis_1987"}, "firstName": "Dennis Hazril", "tips": {"count": 1}, "gender": "male", "lists": {"groups": [{"count": 2, "type": "created", "items": []}]}, "bio": ""}, {"id": "4344332", "photo": {"prefix": "https://igx.4sqi.net/img/user/", "default": true, "suffix": "/blank_boy.png"}, "homeCity": "Singapore", "contact": {"facebook": "522138808"}, "firstName": "Bam", "tips": {"count": 1}, "gender": "male", "lastName": "Li", "lists": {"groups": [{"count": 2, "type": "created", "items": []}]}, "bio": ""}, {"id": "7037843", "photo": {"prefix": "https://igx.4sqi.net/img/user/", "suffix": "/UNZAMGCUYCK5YE5J.jpg"}, "homeCity": "Singapore", "contact": {}, "firstName": "Faiz", "tips": {"count": 0}, "gender": "male", "lastName": "Caholic", "lists": {"groups": [{"count": 2, "type": "created", "items": []}]}, "bio": ""}, {"id": "5969236", "photo": {"prefix": "https://igx.4sqi.net/img/user/", "suffix": "/MGRYKE41PJDLBB5J.jpg"}, "homeCity": "Singapore", "contact": {"facebook": "600811731"}, "firstName": "Irza", "tips": {"count": 0}, "gender": "male", "lastName": "Namza", "lists": {"groups": [{"count": 2, "type": "created", "items": []}]}, "bio": ""}, {"id": "3952083", "photo": {"prefix": "https://igx.4sqi.net/img/user/", "suffix": "/0ON33S0YX1YGCQLT.jpg"}, "homeCity": "Singapore", "contact": {"facebook": "560607959", "twitter": "faliaandamz"}, "firstName": "Amalia", "tips": {"count": 0}, "gender": "female", "lastName": "faliaandamz", "lists": {"groups": [{"count": 2, "type": "created", "items": []}]}, "bio": ""}, {"id": "5027807", "photo": {"prefix": "https://igx.4sqi.net/img/user/", "suffix": "/WSJF4UFJ1WDX4ETO.jpg"}, "homeCity": "Singapore", "contact": {}, "firstName": "Sherry", "tips": {"count": 0}, "gender": "female", "lastName": "Sharinna", "lists": {"groups": [{"count": 2, "type": "created", "items": []}]}, "bio": ""}, {"id": "3340183", "photo": {"prefix": "https://igx.4sqi.net/img/user/", "suffix": "/BD4V504GTO1A3L1X.jpg"}, "homeCity": "Singapore", "contact": {}, "firstName": "Vijay", "tips": {"count": 0}, "gender": "male", "lists": {"groups": [{"count": 2, "type": "created", "items": []}]}, "bio": ""}, {"id": "2031845", "photo": {"prefix": "https://igx.4sqi.net/img/user/", "suffix": "/H14VHWXM1CXFWKTM.jpg"}, "homeCity": "Singapore", "contact": {"facebook": "557836848"}, "firstName": "Aaz", "tips": {"count": 1}, "gender": "female", "lastName": "Neo", "lists": {"groups": [{"count": 2, "type": "created", "items": []}]}, "bio": ""}, {"id": "3277427", "photo": {"prefix": "https://igx.4sqi.net/img/user/", "suffix": "/VP4KJGBJTLCPLZMR.jpg"}, "homeCity": "Singapore", "contact": {"facebook": "100000836901304", "twitter": "yuniewanie"}, "firstName": "Profond\u00e8ment", "tips": {"count": 0}, "gender": "none", "lastName": "Amoureux", "lists": {"groups": [{"count": 2, "type": "created", "items": []}]}, "bio": ""}, {"id": "4777341", "photo": {"prefix": "https://igx.4sqi.net/img/user/", "suffix": "/AITBPXRFHBRNHQZG.jpg"}, "homeCity": "Singapore", "contact": {}, "firstName": "Margaret", "tips": {"count": 0}, "gender": "female", "lastName": "Kan", "lists": {"groups": [{"count": 2, "type": "created", "items": []}]}, "bio": ""}, {"id": "6082019", "photo": {"prefix": "https://igx.4sqi.net/img/user/", "suffix": "/HVOKQ50YLTPLP3AC.jpg"}, "homeCity": "Singapore", "contact": {}, "firstName": "Ismawati", "tips": {"count": 0}, "gender": "female", "lastName": "Da Silva", "lists": {"groups": [{"count": 2, "type": "created", "items": []}]}, "bio": ""}, {"id": "3958891", "photo": {"prefix": "https://igx.4sqi.net/img/user/", "suffix": "/1VLMLYEUXOGHTVNS.jpg"}, "homeCity": "Singapore", "contact": {}, "firstName": "Mustaffa", "tips": {"count": 0}, "gender": "male", "lastName": "Ahmad", "lists": {"groups": [{"count": 2, "type": "created", "items": []}]}, "bio": ""}, {"id": "5039106", "photo": {"prefix": "https://igx.4sqi.net/img/user/", "suffix": "/UJXS1HNB1J0T23MU.jpg"}, "homeCity": "Singapore", "contact": {"facebook": "100002072313051"}, "firstName": "Zool", "tips": {"count": 0}, "gender": "male", "lastName": "Zulkafly", "lists": {"groups": [{"count": 2, "type": "created", "items": []}]}, "bio": ""}, {"id": "3341384", "photo": {"prefix": "https://igx.4sqi.net/img/user/", "suffix": "/5VVNHZNJKJF2S4Y0.jpg"}, "homeCity": "Singapore", "contact": {}, "firstName": "Ryu watanabe", "tips": {"count": 0}, "gender": "male", "lists": {"groups": [{"count": 2, "type": "created", "items": []}]}, "bio": ""}, {"id": "2405728", "photo": {"prefix": "https://igx.4sqi.net/img/user/", "suffix": "/X1PLHNQE2CZSEC3G.jpg"}, "homeCity": "Singapore", "contact": {"facebook": "663371569", "twitter": "ddiyenn"}, "firstName": "dian", "tips": {"count": 9}, "gender": "female", "lastName": "hafiz", "lists": {"groups": [{"count": 2, "type": "created", "items": []}]}, "bio": ""}, {"id": "3299324", "photo": {"prefix": "https://igx.4sqi.net/img/user/", "suffix": "/XV35VTK3F4LBMSQM.jpg"}, "homeCity": "Singapore", "contact": {"facebook": "100002440209152"}, "firstName": "OGGY", "tips": {"count": 4}, "gender": "male", "lastName": "BARKER", "lists": {"groups": [{"count": 2, "type": "created", "items": []}]}, "bio": ""}, {"id": "4843809", "photo": {"prefix": "https://igx.4sqi.net/img/user/", "suffix": "/UVVYI2QUIB3ZVPU3.jpg"}, "homeCity": "Singapore", "contact": {}, "firstName": "Murni", "tips": {"count": 0}, "gender": "female", "lists": {"groups": [{"count": 2, "type": "created", "items": []}]}, "bio": ""}, {"id": "8325088", "photo": {"prefix": "https://igx.4sqi.net/img/user/", "suffix": "/LBFYJ3IK40KUXWLK.jpg"}, "homeCity": "Singapore", "contact": {"facebook": "660471082", "twitter": "lilibillie"}, "firstName": "Fadli", "tips": {"count": 0}, "gender": "male", "lists": {"groups": [{"count": 2, "type": "created", "items": []}]}, "bio": ""}, {"id": "4904583", "photo": {"prefix": "https://igx.4sqi.net/img/user/", "suffix": "/VAJGGO1J1B0YDJFZ.jpg"}, "homeCity": "Singapore", "contact": {"facebook": "628757428"}, "firstName": "Amylia", "tips": {"count": 0}, "gender": "female", "lastName": "Dollybaby", "lists": {"groups": [{"count": 2, "type": "created", "items": []}]}, "bio": ""}, {"id": "5363375", "photo": {"prefix": "https://igx.4sqi.net/img/user/", "default": true, "suffix": "/blank_girl.png"}, "homeCity": "Singapore", "contact": {}, "firstName": "Peiqi", "tips": {"count": 0}, "gender": "female", "lastName": "Woon", "lists": {"groups": [{"count": 2, "type": "created", "items": []}]}, "bio": ""}, {"id": "5071685", "photo": {"prefix": "https://igx.4sqi.net/img/user/", "suffix": "/VAXP1ZV2ECXBCZPQ.jpg"}, "homeCity": "Singapore", "contact": {"facebook": "679375010"}, "firstName": "bat", "tips": {"count": 2}, "gender": "male", "lastName": "meon", "lists": {"groups": [{"count": 2, "type": "created", "items": []}]}, "bio": ""}, {"id": "2455977", "photo": {"prefix": "https://igx.4sqi.net/img/user/", "suffix": "/XCU3H5MZGAIHBXNC.jpg"}, "homeCity": "Singapore", "contact": {"facebook": "1473084028", "twitter": "lollitus"}, "firstName": "Kit 'Ain", "tips": {"count": 14}, "gender": "female", "lastName": "Cary", "lists": {"groups": [{"count": 2, "type": "created", "items": []}]}, "bio": ""}, {"id": "3435697", "photo": {"prefix": "https://igx.4sqi.net/img/user/", "suffix": "/1NRN5RI2NT4YD2CN.jpg"}, "homeCity": "Singapore", "contact": {"facebook": "100000020590559"}, "firstName": "Diana N Amir", "tips": {"count": 0}, "gender": "female", "lists": {"groups": [{"count": 2, "type": "created", "items": []}]}, "bio": ""}, {"id": "5152628", "photo": {"prefix": "https://igx.4sqi.net/img/user/", "suffix": "/KKFTONWN3E0TF0VJ.jpg"}, "homeCity": "JurOnG", "contact": {}, "firstName": "ShaSha", "tips": {"count": 8}, "gender": "female", "lastName": "ZaCk", "lists": {"groups": [{"count": 2, "type": "created", "items": []}]}, "bio": ""}, {"id": "4976049", "photo": {"prefix": "https://igx.4sqi.net/img/user/", "suffix": "/IFN1NTBLT3UDJ3JU.jpg"}, "homeCity": "Singapore", "contact": {"facebook": "100002774181001", "twitter": "nadtgyea"}, "firstName": "Nadiah", "tips": {"count": 0}, "gender": "female", "lastName": "F A", "lists": {"groups": [{"count": 2, "type": "created", "items": []}]}, "bio": ""}, {"id": "5928501", "photo": {"prefix": "https://igx.4sqi.net/img/user/", "suffix": "/DZQHCVBYMFOV3TIL.jpg"}, "homeCity": "Singapore", "contact": {}, "firstName": "dOn", "tips": {"count": 0}, "gender": "male", "lastName": "tAnAh", "lists": {"groups": [{"count": 2, "type": "created", "items": []}]}, "bio": ""}, {"id": "2476058", "photo": {"prefix": "https://igx.4sqi.net/img/user/", "default": true, "suffix": "/blank_boy.png"}, "homeCity": "Singapore", "contact": {"facebook": "100000085012826"}, "firstName": "lilscamp", "tips": {"count": 0}, "gender": "male", "lastName": "yan", "lists": {"groups": [{"count": 2, "type": "created", "items": []}]}, "bio": ""}, {"id": "3857180", "photo": {"prefix": "https://igx.4sqi.net/img/user/", "suffix": "/YATUYGISHXJHPPN4.jpg"}, "homeCity": "Singapore", "contact": {"facebook": "667021849", "twitter": "syazashnleah"}, "firstName": "Syaza", "tips": {"count": 4}, "gender": "female", "lastName": "Shonilia", "lists": {"groups": [{"count": 2, "type": "created", "items": []}]}, "bio": ""}, {"id": "5157961", "photo": {"prefix": "https://igx.4sqi.net/img/user/", "default": true, "suffix": "/blank_boy.png"}, "homeCity": "Singapore", "contact": {"facebook": "100000500824699"}, "firstName": "Chin Sheng", "tips": {"count": 1}, "gender": "male", "lastName": "Soh", "lists": {"groups": [{"count": 2, "type": "created", "items": []}]}, "bio": ""}, {"id": "5325154", "photo": {"prefix": "https://igx.4sqi.net/img/user/", "suffix": "/P4TGJNAGQPU05XWD.jpg"}, "homeCity": "Singapore", "contact": {"facebook": "600022637", "twitter": "yusrirahmat"}, "firstName": "Yusri", "tips": {"count": 2}, "gender": "male", "lastName": "Mahamod", "lists": {"groups": [{"count": 2, "type": "created", "items": []}]}, "bio": ""}, {"id": "5934075", "photo": {"prefix": "https://igx.4sqi.net/img/user/", "default": true, "suffix": "/blank_boy.png"}, "homeCity": "Singapore", "contact": {}, "firstName": "Hafifi Aziz", "tips": {"count": 0}, "gender": "male", "lists": {"groups": [{"count": 2, "type": "created", "items": []}]}, "bio": ""}, {"id": "3001781", "photo": {"prefix": "https://igx.4sqi.net/img/user/", "suffix": "/NI1XJGANSKYRJW2Y.jpg"}, "homeCity": "Hougang, Singapore", "contact": {"facebook": "732654289"}, "firstName": "Jamian", "tips": {"count": 3}, "gender": "male", "lastName": "Mohd", "lists": {"groups": [{"count": 2, "type": "created", "items": []}]}, "bio": ""}, {"id": "3893428", "photo": {"prefix": "https://igx.4sqi.net/img/user/", "suffix": "/CMOYYBBC4MNDJZBM.jpg"}, "homeCity": "Singapore", "contact": {}, "firstName": "Chacha", "tips": {"count": 0}, "gender": "female", "lastName": "Annabelle", "lists": {"groups": [{"count": 2, "type": "created", "items": []}]}, "bio": ""}, {"id": "5164193", "photo": {"prefix": "https://igx.4sqi.net/img/user/", "suffix": "/MG2EABGVDJP4CNTG.jpg"}, "homeCity": "Singapore", "contact": {"twitter": "azhariasrin"}, "firstName": "Azhari", "tips": {"count": 0}, "gender": "male", "lastName": "Arie", "lists": {"groups": [{"count": 2, "type": "created", "items": []}]}, "bio": ""}, {"id": "3019525", "photo": {"prefix": "https://igx.4sqi.net/img/user/", "suffix": "/4O5WA4I15QIRY2BY.jpg"}, "homeCity": "Singapore", "contact": {"facebook": "1076466762"}, "firstName": "Elfie", "tips": {"count": 3}, "gender": "male", "lastName": "Ellias", "lists": {"groups": [{"count": 2, "type": "created", "items": []}]}, "bio": ""}, {"id": "4014046", "photo": {"prefix": "https://igx.4sqi.net/img/user/", "suffix": "/EVCDZ1125PE3JTSJ.jpg"}, "homeCity": "Singapore", "contact": {"facebook": "531289091"}, "firstName": "Kenshin", "tips": {"count": 6}, "gender": "male", "lastName": "Tee", "lists": {"groups": [{"count": 2, "type": "created", "items": []}]}, "bio": ""}, {"id": "6238991", "photo": {"prefix": "https://igx.4sqi.net/img/user/", "default": true, "suffix": "/blank_boy.png"}, "homeCity": "Singapore", "contact": {}, "firstName": "Francis", "tips": {"count": 0}, "gender": "male", "lastName": "Teo", "lists": {"groups": [{"count": 2, "type": "created", "items": []}]}, "bio": ""}, {"id": "3614296", "photo": {"prefix": "https://igx.4sqi.net/img/user/", "suffix": "/34OHHLT1Y0WOBBQA.jpg"}, "homeCity": "Singapore", "contact": {"facebook": "595073018", "twitter": "ruydee"}, "firstName": "Roy", "tips": {"count": 1}, "gender": "male", "lastName": "Di", "lists": {"groups": [{"count": 2, "type": "created", "items": []}]}, "bio": ""}, {"id": "4045354", "photo": {"prefix": "https://igx.4sqi.net/img/user/", "suffix": "/2CKWRU52ERMY0GF4.jpg"}, "homeCity": "Singapore", "contact": {"facebook": "521726676"}, "firstName": "Vicky", "tips": {"count": 0}, "gender": "female", "lastName": "Anandan", "lists": {"groups": [{"count": 2, "type": "created", "items": []}]}, "bio": ""}, {"id": "6259376", "photo": {"prefix": "https://igx.4sqi.net/img/user/", "suffix": "/DVO3SSOBW3IPIATJ.jpg"}, "homeCity": "Pengerang, Malaysia", "contact": {}, "firstName": "adi", "tips": {"count": 0}, "gender": "male", "lastName": ".", "lists": {"groups": [{"count": 2, "type": "created", "items": []}]}, "bio": ""}, {"id": "3618370", "photo": {"prefix": "https://igx.4sqi.net/img/user/", "suffix": "/HGKAIWS2JKBOGIBV.jpg"}, "homeCity": "Singapore", "contact": {"facebook": "1165360843", "twitter": "71azlan"}, "firstName": "md", "tips": {"count": 0}, "gender": "male", "lastName": "azlannn", "lists": {"groups": [{"count": 2, "type": "created", "items": []}]}, "bio": ""}, {"id": "6656714", "photo": {"prefix": "https://igx.4sqi.net/img/user/", "default": true, "suffix": "/blank_boy.png"}, "homeCity": "Singapore", "contact": {}, "firstName": "mohamed ridhwan", "tips": {"count": 0}, "gender": "male", "lists": {"groups": [{"count": 2, "type": "created", "items": []}]}, "bio": ""}, {"id": "6880331", "photo": {"prefix": "https://igx.4sqi.net/img/user/", "suffix": "/KTJO2SF42JAH5U1Q.jpg"}, "homeCity": "Singapore", "contact": {"facebook": "699058413"}, "firstName": "Batman", "tips": {"count": 0}, "gender": "male", "lists": {"groups": [{"count": 2, "type": "created", "items": []}]}, "bio": ""}, {"id": "3639546", "photo": {"prefix": "https://igx.4sqi.net/img/user/", "suffix": "/MI2QESTFQZZUUGDL.jpg"}, "homeCity": "Singapore", "contact": {"facebook": "694878566", "twitter": "adamtengteng"}, "firstName": "Adam phoon", "tips": {"count": 0}, "gender": "male", "lists": {"groups": [{"count": 2, "type": "created", "items": []}]}, "bio": ""}, {"id": "8529655", "photo": {"prefix": "https://igx.4sqi.net/img/user/", "suffix": "/SCNEOKHK5AUL3D2X.jpg"}, "homeCity": "Singapore", "contact": {"facebook": "569659571", "twitter": "dhily0"}, "firstName": "Fadhil", "tips": {"count": 0}, "gender": "male", "lastName": "Sahuji", "lists": {"groups": [{"count": 2, "type": "created", "items": []}]}, "bio": ""}, {"id": "8569974", "photo": {"prefix": "https://igx.4sqi.net/img/user/", "suffix": "/0V4AG3DGKLIJFFM1.jpg"}, "homeCity": "Singapore", "contact": {}, "firstName": "Afiq", "tips": {"count": 0}, "gender": "male", "lastName": "Chikano", "lists": {"groups": [{"count": 2, "type": "created", "items": []}]}, "bio": ""}, {"id": "4076664", "photo": {"prefix": "https://igx.4sqi.net/img/user/", "suffix": "/3VBUXHLXSQR1D1F0.jpg"}, "homeCity": "Singapore", "contact": {"facebook": "563657830"}, "firstName": "Lill", "tips": {"count": 2}, "gender": "male", "lastName": "Shorty", "lists": {"groups": [{"count": 2, "type": "created", "items": []}]}, "bio": ""}, {"id": "4201697", "photo": {"prefix": "https://igx.4sqi.net/img/user/", "suffix": "/CRUSX5VVA05G0DRL.jpg"}, "homeCity": "Singapore", "contact": {"facebook": "757088890"}, "firstName": "Chee Chuan", "tips": {"count": 0}, "gender": "male", "lastName": "Yeo", "lists": {"groups": [{"count": 2, "type": "created", "items": []}]}, "bio": ""}, {"id": "4472981", "photo": {"prefix": "https://igx.4sqi.net/img/user/", "suffix": "/JSDK5F3BJJSBEEXG.jpg"}, "homeCity": "Singapore", "contact": {"facebook": "607910831", "twitter": "yida88"}, "firstName": "Zen", "tips": {"count": 1}, "gender": "male", "lastName": "Tan", "lists": {"groups": [{"count": 2, "type": "created", "items": []}]}, "bio": ""}, {"id": "5739715", "photo": {"prefix": "https://igx.4sqi.net/img/user/", "suffix": "/JPCHTEJUFWDSDK0S.jpg"}, "homeCity": "Singapore", "contact": {}, "firstName": "Kumaravel", "tips": {"count": 0}, "gender": "male", "lastName": "Kadirval", "lists": {"groups": [{"count": 2, "type": "created", "items": []}]}, "bio": ""}, {"id": "5968446", "photo": {"prefix": "https://igx.4sqi.net/img/user/", "suffix": "/GDR1IWS1R3BIBJBJ.jpg"}, "homeCity": "Singapore", "contact": {}, "firstName": "Mohammed Syafiq", "tips": {"count": 0}, "gender": "male", "lastName": "Bin Ramli", "lists": {"groups": [{"count": 2, "type": "created", "items": []}]}, "bio": ""}, {"id": "7426893", "photo": {"prefix": "https://igx.4sqi.net/img/user/", "suffix": "/1TP0RUDXMGAGFEDW.jpg"}, "homeCity": "Singapore", "contact": {"facebook": "100000613288005", "twitter": "aydasasa"}, "firstName": "Aydaa", "tips": {"count": 1}, "gender": "female", "lastName": "Sasa", "lists": {"groups": [{"count": 2, "type": "created", "items": []}]}, "bio": ""}]}, "checksum": "4b9f05b122cc211d272b1a76db682991f0212cfb"}}