{"notifications": [{"type": "notificationTray", "item": {"unreadCount": 0}}], "meta": {"requestId": "59670c224434b9553d7b9a8e", "code": 200}, "response": {"friends": {"count": 12, "items": [{"id": "10892341", "photo": {"prefix": "https://igx.4sqi.net/img/user/", "suffix": "/10892341-G2JH0I5ZSJHOBZ3N.jpg"}, "homeCity": "Singapore", "contact": {}, "firstName": "June", "tips": {"count": 0}, "gender": "female", "lastName": "J", "lists": {"groups": [{"count": 2, "type": "created", "items": []}]}, "bio": ""}, {"id": "5608381", "photo": {"prefix": "https://igx.4sqi.net/img/user/", "suffix": "/5608381-3OYW2W1M1LWK4PAF.jpg"}, "homeCity": "Singapore", "contact": {"facebook": "931110763578197"}, "firstName": "Lynn", "tips": {"count": 0}, "gender": "female", "lastName": "Mansor", "lists": {"groups": [{"count": 2, "type": "created", "items": []}]}, "bio": ""}, {"id": "8904206", "photo": {"prefix": "https://igx.4sqi.net/img/user/", "suffix": "/DZPGCROHE0QXCIEP.jpg"}, "homeCity": "Singapore", "contact": {}, "firstName": "Leah", "tips": {"count": 0}, "gender": "female", "lastName": "B", "lists": {"groups": [{"count": 2, "type": "created", "items": []}]}, "bio": ""}, {"id": "5859338", "photo": {"prefix": "https://igx.4sqi.net/img/user/", "suffix": "/5859338-VRJWNHAJERF1KDVI.jpg"}, "homeCity": "Singapore", "contact": {"facebook": "1608801100"}, "firstName": "Han", "tips": {"count": 0}, "gender": "female", "lastName": "B", "lists": {"groups": [{"count": 2, "type": "created", "items": []}]}, "bio": ""}, {"id": "3087298", "photo": {"prefix": "https://igx.4sqi.net/img/user/", "suffix": "/3087298-UPLU3CJYOU1KFBUH.jpg"}, "homeCity": "Singapore", "contact": {"facebook": "681561031", "twitter": "afiyy"}, "firstName": "Afiyy", "tips": {"count": 2}, "gender": "male", "lastName": "Afiyy", "lists": {"groups": [{"count": 2, "type": "created", "items": []}]}, "bio": ""}, {"id": "3430173", "photo": {"prefix": "https://igx.4sqi.net/img/user/", "suffix": "/W5ND4QWSNO31BOOY.jpg"}, "homeCity": "Singapore", "contact": {}, "firstName": "Danny", "tips": {"count": 0}, "gender": "male", "lastName": "Blackheart", "lists": {"groups": [{"count": 2, "type": "created", "items": []}]}, "bio": ""}, {"id": "162399512", "photo": {"prefix": "https://igx.4sqi.net/img/user/", "suffix": "/162399512-WBYMOMSHV44IXLMK.jpg"}, "homeCity": "Singapore", "contact": {"facebook": "782774848494954"}, "firstName": "June", "tips": {"count": 0}, "gender": "female", "lastName": "Arj", "lists": {"groups": [{"count": 2, "type": "created", "items": []}]}, "bio": ""}, {"id": "5857069", "photo": {"prefix": "https://igx.4sqi.net/img/user/", "default": true, "suffix": "/blank_boy.png"}, "homeCity": "Singapore", "contact": {"facebook": "10205377103135377", "twitter": "zbaharim"}, "firstName": "Zainal", "tips": {"count": 0}, "gender": "male", "lastName": "Baharim", "lists": {"groups": [{"count": 2, "type": "created", "items": []}]}, "bio": ""}, {"id": "3231044", "photo": {"prefix": "https://igx.4sqi.net/img/user/", "suffix": "/PTIKIBLSQT3GVK5J.jpg"}, "homeCity": "Singapore", "contact": {"facebook": "632777783"}, "firstName": "LaNa", "tips": {"count": 1}, "gender": "female", "lastName": "IssEy", "lists": {"groups": [{"count": 2, "type": "created", "items": []}]}, "bio": ""}, {"id": "3434082", "photo": {"prefix": "https://igx.4sqi.net/img/user/", "suffix": "/3434082-T2M2JUCMDMK3AGK2.jpg"}, "homeCity": "Singapore", "contact": {"facebook": "569379604", "twitter": "alfin_orton"}, "firstName": "Alfie", "tips": {"count": 0}, "gender": "male", "lastName": "Orton", "lists": {"groups": [{"count": 2, "type": "created", "items": []}]}, "bio": ""}, {"id": "6024930", "photo": {"prefix": "https://igx.4sqi.net/img/user/", "suffix": "/6024930-W3FXIZ0OMOY5EF34.jpg"}, "homeCity": "Singapore", "contact": {}, "firstName": "kikki", "tips": {"count": 1}, "gender": "male", "lastName": "tomi", "lists": {"groups": [{"count": 4, "type": "created", "items": []}]}, "bio": ""}, {"id": "3420155", "photo": {"prefix": "https://igx.4sqi.net/img/user/", "suffix": "/3420155-IU2ARJD0YMIROYDI.jpg"}, "homeCity": "Singapore", "contact": {}, "firstName": "Dj Issey", "tips": {"count": 1}, "gender": "male", "lists": {"groups": [{"count": 2, "type": "created", "items": []}]}, "bio": ""}]}, "checksum": "a3f7fde9f45a08251295f59dcce4b9d1d29ebc49"}}