{"notifications": [{"type": "notificationTray", "item": {"unreadCount": 0}}], "response": {"friends": {"items": [{"tips": {"count": 0}, "contact": {}, "firstName": "ShirLey", "gender": "female", "lastName": "Lim", "id": "6964449", "bio": "", "photo": {"prefix": "https://igx.4sqi.net/img/user/", "suffix": "/blank_girl.png", "default": true}, "homeCity": "Singapore", "lists": {"groups": [{"items": [], "count": 2, "type": "created"}]}}, {"tips": {"count": 1}, "contact": {"facebook": "1631313561"}, "firstName": "Samantha", "gender": "female", "lastName": "Isbored", "id": "12023255", "bio": "", "photo": {"prefix": "https://igx.4sqi.net/img/user/", "suffix": "/TVTXF5THUBXLRG24.jpg"}, "homeCity": "Singapore", "lists": {"groups": [{"items": [], "count": 2, "type": "created"}]}}, {"tips": {"count": 0}, "contact": {"facebook": "1563675845"}, "firstName": "Talia", "gender": "none", "lastName": "Ng", "id": "5281812", "bio": "", "photo": {"prefix": "https://igx.4sqi.net/img/user/", "suffix": "/HYZ1ZF0LMCAU2TWZ.jpg"}, "homeCity": "Singapore", "lists": {"groups": [{"items": [], "count": 2, "type": "created"}]}}, {"tips": {"count": 0}, "contact": {"facebook": "100000471940789"}, "firstName": "SIMYAA", "gender": "female", "lastName": "MARICARR", "id": "13289052", "bio": "Be that change.", "photo": {"prefix": "https://igx.4sqi.net/img/user/", "suffix": "/YSRAHIFGMCI4BR5E.jpg"}, "homeCity": "OVER THE RAINBOW .", "lists": {"groups": [{"items": [], "count": 2, "type": "created"}]}}, {"tips": {"count": 2}, "contact": {"facebook": "619709600"}, "firstName": "Charlie Dwi Yulianto", "gender": "male", "lastName": "Silayano", "id": "5470475", "bio": "", "photo": {"prefix": "https://igx.4sqi.net/img/user/", "suffix": "/20HCYDE4PA2XGC4V.jpg"}, "homeCity": "Singapore", "lists": {"groups": [{"items": [], "count": 2, "type": "created"}]}}, {"tips": {"count": 0}, "contact": {}, "firstName": "ee chin", "gender": "female", "lastName": "liaw", "id": "4023258", "bio": "", "photo": {"prefix": "https://igx.4sqi.net/img/user/", "suffix": "/blank_girl.png", "default": true}, "homeCity": "Singapore", "lists": {"groups": [{"items": [], "count": 2, "type": "created"}]}}, {"tips": {"count": 0}, "contact": {"twitter": "lifeamazesme"}, "firstName": "hanah", "gender": "female", "lastName": "din", "id": "3632413", "bio": "", "photo": {"prefix": "https://igx.4sqi.net/img/user/", "suffix": "/Y2UXH5EXD14K0UGB.jpg"}, "homeCity": "Singapore", "lists": {"groups": [{"items": [], "count": 2, "type": "created"}]}}, {"tips": {"count": 1}, "contact": {"facebook": "558192092"}, "firstName": "EngJoo", "gender": "male", "lastName": "Gay", "id": "1884059", "bio": "", "photo": {"prefix": "https://igx.4sqi.net/img/user/", "suffix": "/WWKP2ND501UAT0UD.jpg"}, "homeCity": "Singapore", "lists": {"groups": [{"items": [], "count": 2, "type": "created"}]}}, {"tips": {"count": 13}, "contact": {"twitter": "jimflo", "facebook": "1024038697"}, "firstName": "Lee", "gender": "male", "lastName": "Hwee Siong", "id": "3433198", "bio": "", "photo": {"prefix": "https://igx.4sqi.net/img/user/", "suffix": "/5LSXJENPGIRTL0IV.jpg"}, "homeCity": "Singapore", "lists": {"groups": [{"items": [], "count": 2, "type": "created"}]}}, {"tips": {"count": 0}, "contact": {}, "firstName": "Likie", "gender": "female", "lastName": "Low", "id": "16215529", "bio": "", "photo": {"prefix": "https://igx.4sqi.net/img/user/", "suffix": "/L3KQVK5QON20Q0LT.jpg"}, "homeCity": "NY", "lists": {"groups": [{"items": [], "count": 2, "type": "created"}]}}, {"tips": {"count": 0}, "contact": {}, "firstName": "Anjou", "gender": "female", "id": "7831450", "bio": "", "photo": {"prefix": "https://igx.4sqi.net/img/user/", "suffix": "/YVA0XF3M43CD4CGF.jpg"}, "homeCity": "New York, NY", "lists": {"groups": [{"items": [], "count": 2, "type": "created"}]}}, {"tips": {"count": 0}, "contact": {"facebook": "100000068771456"}, "firstName": "Shu Wen", "gender": "female", "lastName": "Ling", "id": "12023631", "bio": "", "photo": {"prefix": "https://igx.4sqi.net/img/user/", "suffix": "/E1XJ42S1WZPG3A25.jpg"}, "homeCity": "Singapore", "lists": {"groups": [{"items": [], "count": 2, "type": "created"}]}}, {"tips": {"count": 0}, "contact": {"facebook": "1154264537"}, "firstName": "ShiMing \u00d6", "gender": "female", "lastName": "Seet", "id": "15113723", "bio": "", "photo": {"prefix": "https://igx.4sqi.net/img/user/", "suffix": "/5NDGURRZKO33WVBV.jpg"}, "homeCity": "Singapore", "lists": {"groups": [{"items": [], "count": 2, "type": "created"}]}}, {"tips": {"count": 0}, "contact": {"twitter": "valzeura", "facebook": "100002198864418"}, "firstName": "Valerie", "gender": "female", "lastName": "Ivan", "id": "4036818", "bio": "", "photo": {"prefix": "https://igx.4sqi.net/img/user/", "suffix": "/3EXXTXYNOQBXT3UB.jpg"}, "homeCity": "Singapore", "lists": {"groups": [{"items": [], "count": 2, "type": "created"}]}}, {"tips": {"count": 7}, "contact": {"twitter": "skatesingapore"}, "firstName": "Skate", "gender": "none", "lastName": "Singapore", "id": "3751616", "bio": "", "photo": {"prefix": "https://igx.4sqi.net/img/user/", "suffix": "/A4FOPBZ0RIO3G31G.jpg"}, "homeCity": "Singapore", "lists": {"groups": [{"items": [], "count": 2, "type": "created"}]}}, {"tips": {"count": 0}, "contact": {"facebook": "671964557"}, "firstName": "Tan", "gender": "female", "lastName": "Florence", "id": "3436438", "bio": "", "photo": {"prefix": "https://igx.4sqi.net/img/user/", "suffix": "/CLSCLDYBBC0O22ZY.jpg"}, "homeCity": "New York, NY", "lists": {"groups": [{"items": [], "count": 2, "type": "created"}]}}, {"tips": {"count": 0}, "contact": {"facebook": "1765760229"}, "firstName": "Ernst", "gender": "male", "lastName": "Kwa", "id": "12023710", "bio": "", "photo": {"prefix": "https://igx.4sqi.net/img/user/", "suffix": "/U3P5C5ULCLCC5NHL.jpg"}, "homeCity": "Singapore", "lists": {"groups": [{"items": [], "count": 2, "type": "created"}]}}, {"tips": {"count": 1}, "contact": {}, "firstName": "ong", "gender": "male", "lastName": "adam", "id": "19605899", "bio": "", "photo": {"prefix": "https://igx.4sqi.net/img/user/", "suffix": "/4OA3EYRZM3I2LF2Y"}, "homeCity": "Singapore", "lists": {"groups": [{"items": [], "count": 2, "type": "created"}]}}, {"tips": {"count": 0}, "contact": {"twitter": "smpitrnal", "facebook": "100000003241510"}, "firstName": "Tay", "gender": "female", "lastName": "Jia Jia \ud83d\ude48", "id": "48378916", "bio": "what doesnt destroy u leaves u broken instead", "photo": {"prefix": "https://igx.4sqi.net/img/user/", "suffix": "/48378916-LLBC4JR3IDGKO5GI.jpg"}, "homeCity": "+65", "lists": {"groups": [{"items": [], "count": 2, "type": "created"}]}}], "count": 19}, "checksum": "802322d864e568f742241bf41ef412719dff94b6"}, "meta": {"requestId": "5965c46e9fb6b77b7956745c", "code": 200}}