{"notifications": [{"type": "notificationTray", "item": {"unreadCount": 0}}], "response": {"friends": {"items": [{"tips": {"count": 0}, "contact": {"twitter": "fattyang", "facebook": "100001289828008"}, "firstName": "Alvin", "gender": "male", "lastName": "Loveconstance", "id": "10658014", "bio": "", "photo": {"prefix": "https://igx.4sqi.net/img/user/", "suffix": "/XM5PSJYO0WZOOC14.jpg"}, "homeCity": "Singapore", "lists": {"groups": [{"items": [], "count": 2, "type": "created"}]}}, {"tips": {"count": 0}, "contact": {"facebook": "100006033876948"}, "firstName": "Sally", "gender": "female", "lastName": "Ang", "id": "59805046", "bio": "", "photo": {"prefix": "https://igx.4sqi.net/img/user/", "suffix": "/blank_girl.png", "default": true}, "homeCity": "Singapore", "lists": {"groups": [{"items": [], "count": 2, "type": "created"}]}}, {"tips": {"count": 0}, "contact": {"twitter": "spengayboy", "facebook": "590662860"}, "firstName": "Spencer", "gender": "male", "lastName": "Deng", "id": "4271434", "bio": "", "photo": {"prefix": "https://igx.4sqi.net/img/user/", "suffix": "/ZVRAUWJEFMWNXV2H.jpg"}, "homeCity": "Singapore", "lists": {"groups": [{"items": [], "count": 2, "type": "created"}]}}, {"tips": {"count": 1}, "contact": {"twitter": "kialeng", "facebook": "567198354"}, "firstName": "Kerine", "gender": "female", "lastName": "Tan", "id": "34995198", "bio": "", "photo": {"prefix": "https://igx.4sqi.net/img/user/", "suffix": "/34995198-RW1SGHLBCVYXTANN.jpg"}, "homeCity": "", "lists": {"groups": [{"items": [], "count": 2, "type": "created"}]}}, {"tips": {"count": 0}, "contact": {"facebook": "668587325"}, "firstName": "Shirley", "gender": "female", "lastName": "Fong", "id": "5505362", "bio": "", "photo": {"prefix": "https://igx.4sqi.net/img/user/", "suffix": "/blank_girl.png", "default": true}, "homeCity": "Singapore", "lists": {"groups": [{"items": [], "count": 2, "type": "created"}]}}, {"tips": {"count": 0}, "contact": {"twitter": "dilyslim"}, "firstName": "Dilys", "gender": "female", "lastName": "Lim", "id": "4994479", "bio": "", "photo": {"prefix": "https://igx.4sqi.net/img/user/", "suffix": "/CICEONZG3K2KTVVM.jpg"}, "homeCity": "Singapore", "lists": {"groups": [{"items": [], "count": 2, "type": "created"}]}}, {"tips": {"count": 1}, "contact": {"twitter": "fu_shireen", "facebook": "545676510"}, "firstName": "Shireen", "gender": "female", "lastName": "Fu", "id": "25038969", "bio": "", "photo": {"prefix": "https://igx.4sqi.net/img/user/", "suffix": "/OFWRXCCZNDRVCFBV.jpg"}, "homeCity": "", "lists": {"groups": [{"items": [], "count": 2, "type": "created"}]}}, {"tips": {"count": 0}, "contact": {"twitter": "ivanchew1990", "facebook": "1607250709"}, "firstName": "Ivan", "gender": "male", "lastName": "Chew", "id": "3803821", "bio": "", "photo": {"prefix": "https://igx.4sqi.net/img/user/", "suffix": "/FTRJGT4D1LCG33OZ.jpg"}, "homeCity": "Singapore", "lists": {"groups": [{"items": [], "count": 2, "type": "created"}]}}, {"tips": {"count": 0}, "contact": {"twitter": "sandylistic"}, "firstName": "Sandy", "gender": "female", "lastName": "Tan", "id": "5424536", "bio": "", "photo": {"prefix": "https://igx.4sqi.net/img/user/", "suffix": "/5WQXP4ICJHFFE3OL.jpg"}, "homeCity": "Singapore", "lists": {"groups": [{"items": [], "count": 2, "type": "created"}]}}, {"tips": {"count": 0}, "contact": {"twitter": "minminmindy", "facebook": "599264957"}, "firstName": "Toh", "gender": "female", "lastName": "MinMin", "id": "4211161", "bio": "", "photo": {"prefix": "https://igx.4sqi.net/img/user/", "suffix": "/EKBE1LGXGNR53IZH.jpg"}, "homeCity": "Singapore", "lists": {"groups": [{"items": [], "count": 2, "type": "created"}]}}, {"tips": {"count": 0}, "contact": {"facebook": "732892522"}, "firstName": "Shibiao", "gender": "male", "lastName": "Pang", "id": "1410010", "bio": "", "photo": {"prefix": "https://igx.4sqi.net/img/user/", "suffix": "/A4C5TJASECI13H2C.jpg"}, "homeCity": "Singapore", "lists": {"groups": [{"items": [], "count": 2, "type": "created"}]}}, {"tips": {"count": 0}, "contact": {"twitter": "mavismatsu", "facebook": "657033059"}, "firstName": "Neo", "gender": "female", "lastName": "Mavis", "id": "3433454", "bio": "", "photo": {"prefix": "https://igx.4sqi.net/img/user/", "suffix": "/R5PRM0XMUUFDNZT2.jpg"}, "homeCity": "Singapore", "lists": {"groups": [{"items": [], "count": 2, "type": "created"}]}}, {"tips": {"count": 0}, "contact": {"twitter": "mintyzen"}, "firstName": "Shimin", "gender": "female", "id": "31820468", "bio": "", "photo": {"prefix": "https://igx.4sqi.net/img/user/", "suffix": "/OBRTEFHVVU5OFZNG.jpg"}, "homeCity": "Singapore ", "lists": {"groups": [{"items": [], "count": 2, "type": "created"}]}}, {"tips": {"count": 6}, "contact": {"twitter": "sabbychoo", "facebook": "647758073"}, "firstName": "Sabrina", "gender": "female", "lastName": "Choo", "id": "568958", "bio": "", "photo": {"prefix": "https://igx.4sqi.net/img/user/", "suffix": "/QX42HJRZUF4UGIXA.jpg"}, "homeCity": "Singapore", "lists": {"groups": [{"items": [], "count": 2, "type": "created"}]}}, {"tips": {"count": 12}, "contact": {"twitter": "blackypig", "facebook": "788028899"}, "firstName": "Andrew", "gender": "male", "lastName": "Tang", "id": "18516223", "bio": "", "photo": {"prefix": "https://igx.4sqi.net/img/user/", "suffix": "/18516223-UJHJUWG05R4NFEQT.jpg"}, "homeCity": "Singapore", "lists": {"groups": [{"items": [], "count": 2, "type": "created"}]}}, {"tips": {"count": 0}, "contact": {"facebook": "784227089"}, "firstName": "Mark", "gender": "male", "lastName": "Ratnam", "id": "68976442", "bio": "", "photo": {"prefix": "https://igx.4sqi.net/img/user/", "suffix": "/YV01IWZYC5MGWMRV.jpg"}, "homeCity": "Singapore, Singapore", "lists": {"groups": [{"items": [], "count": 2, "type": "created"}]}}, {"tips": {"count": 8}, "contact": {}, "firstName": "Chen", "gender": "female", "lastName": "Ciyun", "id": "9175256", "bio": "", "photo": {"prefix": "https://igx.4sqi.net/img/user/", "suffix": "/ZCHLHK4JPT5ANQZM.jpg"}, "homeCity": "Singapore", "lists": {"groups": [{"items": [], "count": 2, "type": "created"}]}}, {"tips": {"count": 0}, "contact": {"twitter": "ralfyeo", "facebook": "736879090"}, "firstName": "Ralf yeo", "gender": "male", "lastName": "Wei peng", "id": "5562662", "bio": "", "photo": {"prefix": "https://igx.4sqi.net/img/user/", "suffix": "/T0HB0AK0YEFOEPSD.jpg"}, "homeCity": "Singapore", "lists": {"groups": [{"items": [], "count": 2, "type": "created"}]}}, {"tips": {"count": 0}, "contact": {"facebook": "572995824"}, "firstName": "Wan", "gender": "female", "lastName": "Ling", "id": "48072163", "bio": "", "photo": {"prefix": "https://igx.4sqi.net/img/user/", "suffix": "/WHVT3O0CVCO3H4LG.jpg"}, "homeCity": "New York, NY", "lists": {"groups": [{"items": [], "count": 2, "type": "created"}]}}, {"tips": {"count": 0}, "contact": {"twitter": "chan_marilyn", "facebook": "1552041212"}, "firstName": "Marilyn", "gender": "female", "lastName": "Chan", "id": "23240524", "bio": "", "photo": {"prefix": "https://igx.4sqi.net/img/user/", "suffix": "/AFX5LZSLKKRD4MAL.jpg"}, "homeCity": "Singapore", "lists": {"groups": [{"items": [], "count": 2, "type": "created"}]}}, {"tips": {"count": 0}, "contact": {"facebook": "578924040"}, "firstName": "Desmond", "gender": "male", "lastName": "Seet", "id": "2123659", "bio": "", "photo": {"prefix": "https://igx.4sqi.net/img/user/", "suffix": "/YPWUZVUTYJ4JTZQ4.jpg"}, "homeCity": "Singapore", "lists": {"groups": [{"items": [], "count": 2, "type": "created"}]}}, {"tips": {"count": 0}, "contact": {"twitter": "jingwen__", "facebook": "672479817"}, "firstName": "JingWen", "gender": "female", "lastName": "Ong", "id": "4045056", "bio": "", "photo": {"prefix": "https://igx.4sqi.net/img/user/", "suffix": "/Z25ZAVLE5W1DIST2.jpg"}, "homeCity": "Singapore", "lists": {"groups": [{"items": [], "count": 2, "type": "created"}]}}, {"tips": {"count": 0}, "contact": {"facebook": "100005383141481"}, "firstName": "Sheik", "gender": "male", "lastName": "Samir", "id": "68892618", "bio": "", "photo": {"prefix": "https://igx.4sqi.net/img/user/", "suffix": "/DTQB1TSNTAJOJCM4.jpg"}, "homeCity": "Singapore", "lists": {"groups": [{"items": [], "count": 2, "type": "created"}]}}, {"tips": {"count": 0}, "contact": {"twitter": "siiminn"}, "firstName": "Pris", "gender": "female", "lastName": "Chow", "id": "2409757", "bio": "", "photo": {"prefix": "https://igx.4sqi.net/img/user/", "suffix": "/MWHW1LF2FN1HG2GL.jpg"}, "homeCity": "Singapore", "lists": {"groups": [{"items": [], "count": 2, "type": "created"}]}}, {"tips": {"count": 0}, "contact": {"twitter": "mentmentt", "facebook": "738542427"}, "firstName": "Clement", "gender": "male", "lastName": "Teo", "id": "46508153", "bio": "", "photo": {"prefix": "https://igx.4sqi.net/img/user/", "suffix": "/46508153-MGJFSCBVZ1GXHRJZ.jpg"}, "homeCity": "Singapore", "lists": {"groups": [{"items": [], "count": 2, "type": "created"}]}}], "count": 25}, "checksum": "750fbfe7b1f693361bd8acf8521eae68f97843c1"}, "meta": {"requestId": "59661d694434b96c19cf2b6d", "code": 200}}