{"notifications": [{"type": "notificationTray", "item": {"unreadCount": 0}}], "meta": {"requestId": "5966e018dd579712eb4436b3", "code": 200}, "response": {"friends": {"count": 103, "items": [{"id": "3239794", "photo": {"prefix": "https://igx.4sqi.net/img/user/", "suffix": "/5SWDDZCE0JJA2MBK.jpg"}, "homeCity": "Singapore", "contact": {"facebook": "649249202"}, "firstName": "Denis Wu", "tips": {"count": 0}, "gender": "male", "lists": {"groups": [{"count": 2, "type": "created", "items": []}]}, "bio": ""}, {"id": "1766799", "photo": {"prefix": "https://igx.4sqi.net/img/user/", "suffix": "/C2YGQ52KXENNPSF3.jpg"}, "homeCity": "Singapore", "contact": {"facebook": "657074680"}, "firstName": "Aviet", "tips": {"count": 2}, "gender": "male", "lastName": "Yong", "lists": {"groups": [{"count": 2, "type": "created", "items": []}]}, "bio": ""}, {"id": "4086860", "photo": {"prefix": "https://igx.4sqi.net/img/user/", "suffix": "/GH2V4H2LILQIWMR4.png"}, "homeCity": "Singapore", "contact": {"facebook": "678704564"}, "firstName": "Jeremy", "tips": {"count": 4}, "gender": "male", "lastName": "Heng", "lists": {"groups": [{"count": 2, "type": "created", "items": []}]}, "bio": ""}]}, "checksum": "91cef00332e940247b71e7ee8a00ef02e105597d"}}