{"notifications": [{"type": "notificationTray", "item": {"unreadCount": 0}}], "meta": {"requestId": "5966e24f4434b9553dc4a4ff", "code": 200}, "response": {"friends": {"count": 121, "items": [{"id": "60574473", "photo": {"prefix": "https://igx.4sqi.net/img/user/", "suffix": "/60574473-WR0T00YBG04JSJQD.jpg"}, "homeCity": "Seri Kembangan", "contact": {"facebook": "1083625354", "twitter": "euniceyeewoonsi"}, "firstName": "Eunice", "tips": {"count": 12}, "gender": "female", "lastName": "Yee", "lists": {"groups": [{"count": 3, "type": "created", "items": []}]}, "bio": ""}, {"id": "9434521", "photo": {"prefix": "https://igx.4sqi.net/img/user/", "suffix": "/AL3MYV02JEDUVEZI.jpg"}, "homeCity": "Malaysia", "contact": {"facebook": "100001686246390"}, "firstName": "Thura", "tips": {"count": 0}, "gender": "male", "lastName": "Soe", "lists": {"groups": [{"count": 2, "type": "created", "items": []}]}, "bio": ""}, {"id": "28524558", "photo": {"prefix": "https://igx.4sqi.net/img/user/", "suffix": "/28524558-HTHSTWUD0WS2W2M1.jpg"}, "homeCity": "Kajang", "contact": {"facebook": "100000312174399"}, "firstName": "Joe Kajang", "tips": {"count": 54}, "gender": "male", "lists": {"groups": [{"count": 2, "type": "created", "items": []}]}, "bio": ""}, {"id": "4334522", "photo": {"prefix": "https://igx.4sqi.net/img/user/", "suffix": "/V1FHRIULU3XEJ0AB.jpg"}, "homeCity": "Singapore", "contact": {"twitter": "chubbymice"}, "firstName": "Mice", "tips": {"count": 0}, "gender": "female", "lists": {"groups": [{"count": 2, "type": "created", "items": []}]}, "bio": ""}, {"id": "1603349", "photo": {"prefix": "https://igx.4sqi.net/img/user/", "suffix": "/QD2FPCYDBYDAM4EA.jpg"}, "homeCity": "Singapore", "contact": {"facebook": "741759155", "twitter": "vibrantstyle"}, "firstName": "Robin", "tips": {"count": 4}, "gender": "male", "lastName": "Poh", "lists": {"groups": [{"count": 2, "type": "created", "items": []}]}, "bio": ""}, {"id": "35485999", "photo": {"prefix": "https://igx.4sqi.net/img/user/", "suffix": "/HRWZOABGC3150ATE.jpg"}, "homeCity": "Surakarta, Jawa Tengah", "contact": {"facebook": "100000112459906"}, "firstName": "Petrania", "tips": {"count": 3}, "gender": "female", "lastName": "Putri", "lists": {"groups": [{"count": 4, "type": "created", "items": []}]}, "bio": ""}, {"id": "10728452", "photo": {"prefix": "https://igx.4sqi.net/img/user/", "suffix": "/10728452-5DQ5ZXMG3MZW3SXS.jpg"}, "homeCity": "Unnamed Location", "contact": {"facebook": "1062356954"}, "firstName": "Berk", "tips": {"count": 5}, "gender": "male", "lastName": "Altunkaya", "lists": {"groups": [{"count": 2, "type": "created", "items": []}]}, "bio": ""}, {"id": "4262110", "photo": {"prefix": "https://igx.4sqi.net/img/user/", "suffix": "/ABAPLTT0BEWSI3ZL.jpg"}, "homeCity": "Malaysia", "contact": {"facebook": "1038665870", "twitter": "shortyilcm"}, "firstName": "Ida", "tips": {"count": 0}, "gender": "female", "lastName": "Liyana", "lists": {"groups": [{"count": 2, "type": "created", "items": []}]}, "bio": ""}, {"id": "5284736", "photo": {"prefix": "https://igx.4sqi.net/img/user/", "suffix": "/5284736-QNZ3QZQ5SB5YA4TY.jpg"}, "homeCity": "", "contact": {}, "firstName": "Shawn", "tips": {"count": 1}, "gender": "male", "lastName": "Ling", "lists": {"groups": [{"count": 2, "type": "created", "items": []}]}, "bio": ""}, {"id": "51611143", "photo": {"prefix": "https://igx.4sqi.net/img/user/", "suffix": "/51611143-UHEMUUS4JICRAFPU.jpg"}, "homeCity": "Batam , Kepulauan Riau ", "contact": {"twitter": "ryoekoprasetyo"}, "firstName": "Ryo Eko", "tips": {"count": 0}, "gender": "male", "lastName": "Prasetyo", "lists": {"groups": [{"count": 2, "type": "created", "items": []}]}, "bio": "@ryoekoprasetyo on tweet"}, {"id": "22582398", "photo": {"prefix": "https://igx.4sqi.net/img/user/", "suffix": "/WLNDG0F0U5MUNMTZ.jpg"}, "homeCity": "New York, NY", "contact": {"facebook": "1255454335"}, "firstName": "Primus", "tips": {"count": 4}, "gender": "male", "lastName": "Nazim", "lists": {"groups": [{"count": 2, "type": "created", "items": []}]}, "bio": ""}, {"id": "5658945", "photo": {"prefix": "https://igx.4sqi.net/img/user/", "suffix": "/5658945-HLZXPG34IS3VJDM5.jpg"}, "homeCity": "", "contact": {"facebook": "10153452228758120"}, "firstName": "Andrew", "tips": {"count": 11}, "superuser": 1, "gender": "male", "lastName": "Lee", "lists": {"groups": [{"count": 2, "type": "created", "items": []}]}, "bio": ""}, {"id": "1790034", "photo": {"prefix": "https://igx.4sqi.net/img/user/", "suffix": "/UL5NHZ3GPARALROI.jpg"}, "homeCity": "Kuala Lumpur, Federal Territory of", "contact": {"facebook": "579462174", "twitter": "rashidraven"}, "firstName": "Rashid", "tips": {"count": 11}, "gender": "male", "lastName": "Raven", "lists": {"groups": [{"count": 2, "type": "created", "items": []}]}, "bio": "Anywhere but here"}, {"id": "1165672", "photo": {"prefix": "https://igx.4sqi.net/img/user/", "default": true, "suffix": "/blank_girl.png"}, "homeCity": "Melbourne, Australia", "contact": {"facebook": "701556354"}, "firstName": "Samantha", "tips": {"count": 0}, "gender": "female", "lastName": "Teh", "lists": {"groups": [{"count": 2, "type": "created", "items": []}]}, "bio": ""}, {"id": "2909184", "photo": {"prefix": "https://igx.4sqi.net/img/user/", "suffix": "/A1ABBUGSLXP1LIMJ.jpg"}, "homeCity": "Kuala Lumpur, Malaysia", "contact": {"facebook": "1171748097"}, "firstName": "Jickky", "tips": {"count": 10}, "gender": "female", "lastName": "Chee", "lists": {"groups": [{"count": 2, "type": "created", "items": []}]}, "bio": ""}, {"id": "3449945", "photo": {"prefix": "https://igx.4sqi.net/img/user/", "suffix": "/IE2G5Q5CYI0P4TGW.jpg"}, "homeCity": "Singapore", "contact": {"facebook": "676696772"}, "firstName": "Michael", "tips": {"count": 0}, "gender": "male", "lastName": "Ong", "lists": {"groups": [{"count": 2, "type": "created", "items": []}]}, "bio": ""}, {"id": "14700315", "photo": {"prefix": "https://igx.4sqi.net/img/user/", "suffix": "/14700315-VXUOZQXMCNGMAWT3.jpg"}, "homeCity": "Medan,Indonesia", "contact": {"facebook": "1756052085", "twitter": "ndk_jefri"}, "firstName": "Jefri", "tips": {"count": 0}, "gender": "male", "lastName": "Ndk", "lists": {"groups": [{"count": 2, "type": "created", "items": []}]}, "bio": "Selalu bersyukur"}, {"id": "21839620", "photo": {"prefix": "https://igx.4sqi.net/img/user/", "suffix": "/HD3KKBZVGV0GZE4U.jpg"}, "homeCity": "Kuala Lumpur, Malaysia", "contact": {}, "firstName": "Chris", "tips": {"count": 0}, "gender": "male", "lastName": "Goh", "lists": {"groups": [{"count": 3, "type": "created", "items": []}]}, "bio": ""}, {"id": "492948", "photo": {"prefix": "https://igx.4sqi.net/img/user/", "suffix": "/CXD0B02N4FZLOAUO.jpg"}, "homeCity": "KL, Malaysia", "contact": {"facebook": "1348720557"}, "firstName": "stevenfah", "tips": {"count": 0}, "gender": "male", "lists": {"groups": [{"count": 2, "type": "created", "items": []}]}, "bio": ""}, {"id": "4225110", "photo": {"prefix": "https://igx.4sqi.net/img/user/", "suffix": "/S13YWOFJ0IJXYWZS.jpg"}, "homeCity": "malaysia", "contact": {}, "firstName": "Milton", "tips": {"count": 0}, "gender": "male", "lastName": "Kwk", "lists": {"groups": [{"count": 2, "type": "created", "items": []}]}, "bio": ""}, {"id": "1271209", "photo": {"prefix": "https://igx.4sqi.net/img/user/", "suffix": "/1271209-ZFQVZXP3ZCPLYH0P.jpg"}, "homeCity": "West Jakarta", "contact": {"facebook": "847534490"}, "firstName": "Hendra Eka", "tips": {"count": 30}, "gender": "male", "lists": {"groups": [{"count": 2, "type": "created", "items": []}]}, "bio": "\ud83d\udcf7\ud83d\udcf1"}, {"id": "2549875", "photo": {"prefix": "https://igx.4sqi.net/img/user/", "suffix": "/LOFMZ4VAQ1JENYLS.jpg"}, "homeCity": "Jakarta, Indonesia", "contact": {"facebook": "518044474"}, "firstName": "\u2215\u0334\u0196\u01a6\u0310\u00ed\u20ac\u0310", "tips": {"count": 21}, "gender": "male", "lastName": "\u0627\u0633\u0643\u0646\u062f\u0631", "lists": {"groups": [{"count": 2, "type": "created", "items": []}]}, "bio": "(-\u0361. \u2022\u0361)"}, {"id": "31865854", "photo": {"prefix": "https://igx.4sqi.net/img/user/", "suffix": "/SFQQWIUFWZ0JVRBL.jpg"}, "homeCity": "Batam, Indonesia ", "contact": {}, "firstName": "Rasti", "tips": {"count": 0}, "gender": "female", "lastName": "R", "lists": {"groups": [{"count": 2, "type": "created", "items": []}]}, "bio": ""}, {"id": "1044238", "photo": {"prefix": "https://igx.4sqi.net/img/user/", "suffix": "/J1DJHDV33VHLX4QR.jpg"}, "homeCity": "\u672d\u5e4c\u5e02\u4e2d\u592e\u533a, \u65e5\u672c", "contact": {"facebook": "549225404", "twitter": "pinkpheng"}, "firstName": "PINKPheng", "tips": {"count": 0}, "gender": "female", "lists": {"groups": [{"count": 2, "type": "created", "items": []}]}, "bio": ""}, {"id": "29292830", "photo": {"prefix": "https://igx.4sqi.net/img/user/", "suffix": "/29292830-N01LN1FYBCL51YQT.jpg"}, "homeCity": "Kuala Lumpur, Malaysia", "contact": {"twitter": "asyarwanimd"}, "firstName": "Sir", "tips": {"count": 7}, "gender": "male", "lastName": "Ahmad", "lists": {"groups": [{"count": 2, "type": "created", "items": []}]}, "bio": "if i like you, i like you. along with your flaws and imperfections."}, {"id": "4468396", "photo": {"prefix": "https://igx.4sqi.net/img/user/", "suffix": "/CRG2DG14TEPBQ1KU.jpg"}, "homeCity": "Bandar Baru Bangi, Malaysia", "contact": {"facebook": "763799886"}, "firstName": "Izzat", "tips": {"count": 0}, "gender": "male", "lastName": "Ahmad", "lists": {"groups": [{"count": 2, "type": "created", "items": []}]}, "bio": ""}, {"id": "6815267", "photo": {"prefix": "https://igx.4sqi.net/img/user/", "suffix": "/WIEDMLDB3ZGQ2FNO.jpg"}, "homeCity": "Kuching, Malaysia", "contact": {"facebook": "1102386224", "twitter": "ezamariff"}, "firstName": "Ezam", "tips": {"count": 0}, "gender": "male", "lastName": "Ariff", "lists": {"groups": [{"count": 2, "type": "created", "items": []}]}, "bio": ""}, {"id": "51351788", "photo": {"prefix": "https://igx.4sqi.net/img/user/", "suffix": "/51351788-1BDKNRWFR0ADDQEF.jpg"}, "homeCity": "Singapore", "contact": {"facebook": "726539210", "twitter": "benhslee"}, "firstName": "Ben", "tips": {"count": 1}, "gender": "male", "lastName": "Lee", "lists": {"groups": [{"count": 2, "type": "created", "items": []}]}, "bio": ""}, {"id": "4262317", "photo": {"prefix": "https://igx.4sqi.net/img/user/", "suffix": "/EOKZHWDYZ0MRDPMT.jpg"}, "homeCity": "Singapore", "contact": {"facebook": "669356991", "twitter": "mambo71"}, "firstName": "Winston", "tips": {"count": 6}, "gender": "male", "lastName": "T", "lists": {"groups": [{"count": 2, "type": "created", "items": []}]}, "bio": ""}, {"id": "7997942", "photo": {"prefix": "https://igx.4sqi.net/img/user/", "suffix": "/1FUBD0E3JD2PKSGZ.jpg"}, "homeCity": "Johor Bahru", "contact": {}, "firstName": "Jack", "tips": {"count": 24}, "gender": "male", "lastName": "SparrowPS", "lists": {"groups": [{"count": 2, "type": "created", "items": []}]}, "bio": "The more u give. The more u ll get."}, {"id": "152060189", "photo": {"prefix": "https://igx.4sqi.net/img/user/", "suffix": "/152060189-EG2OPTBF2NA2NXVX.jpg"}, "homeCity": "Kuala Lumpur, 14", "contact": {"facebook": "1508556172780388", "twitter": "akmalvabu"}, "firstName": "Akmal", "tips": {"count": 0}, "gender": "male", "lastName": "Abu", "lists": {"groups": [{"count": 2, "type": "created", "items": []}]}, "bio": ""}, {"id": "5788948", "photo": {"prefix": "https://igx.4sqi.net/img/user/", "suffix": "/HN5HR0WMLL4XN52G.jpg"}, "homeCity": "Singapore", "contact": {"facebook": "1015139811"}, "firstName": "Sean", "tips": {"count": 4}, "gender": "male", "lastName": "Liong", "lists": {"groups": [{"count": 2, "type": "created", "items": []}]}, "bio": ""}, {"id": "10809266", "photo": {"prefix": "https://igx.4sqi.net/img/user/", "suffix": "/LN1HSAGOE24NAAVI.jpg"}, "homeCity": "Malaysia", "contact": {"facebook": "713647910"}, "firstName": "Melissa", "tips": {"count": 1}, "gender": "female", "lastName": "Wong", "lists": {"groups": [{"count": 2, "type": "created", "items": []}]}, "bio": ""}, {"id": "5167157", "photo": {"prefix": "https://igx.4sqi.net/img/user/", "suffix": "/D2IHRSYJIWCDX2AC.jpg"}, "homeCity": "Kuala Lumpur", "contact": {"facebook": "1366570356"}, "firstName": "Abby", "tips": {"count": 2}, "gender": "female", "lastName": "Ng", "lists": {"groups": [{"count": 2, "type": "created", "items": []}]}, "bio": ""}, {"id": "2919069", "photo": {"prefix": "https://igx.4sqi.net/img/user/", "suffix": "/CZVUXJQ2MUIGEX0B.jpg"}, "homeCity": "Kuala Lumpur, Malaysia", "contact": {"twitter": "nikkitannn"}, "firstName": "Nikki Tan", "tips": {"count": 22}, "gender": "female", "lastName": "Yoke Seang", "lists": {"groups": [{"count": 2, "type": "created", "items": []}]}, "bio": ""}, {"id": "56915276", "photo": {"prefix": "https://igx.4sqi.net/img/user/", "suffix": "/56915276-54UC1FXBI1Z4W4WL.jpg"}, "homeCity": "Daegu", "contact": {"facebook": "48910688", "twitter": "theveryace"}, "firstName": "Hoon", "tips": {"count": 46}, "gender": "male", "lastName": "Kim", "lists": {"groups": [{"count": 3, "type": "created", "items": []}]}, "bio": ""}, {"id": "63704837", "photo": {"prefix": "https://igx.4sqi.net/img/user/", "suffix": "/63704837-ZFJR3LPCCTH0VLUQ.jpg"}, "homeCity": "", "contact": {}, "firstName": "Topon", "tips": {"count": 0}, "gender": "male", "lastName": "Lorona", "lists": {"groups": [{"count": 2, "type": "created", "items": []}]}, "bio": ""}, {"id": "74513794", "photo": {"prefix": "https://igx.4sqi.net/img/user/", "default": true, "suffix": "/blank_boy.png"}, "homeCity": "", "contact": {}, "firstName": "LonG", "tips": {"count": 0}, "gender": "male", "lastName": "SharK", "lists": {"groups": [{"count": 2, "type": "created", "items": []}]}, "bio": ""}, {"id": "4715717", "photo": {"prefix": "https://igx.4sqi.net/img/user/", "suffix": "/LTEPREQ1T2YBJ0TH.jpg"}, "homeCity": "Kuala Lumpur, Malaysia", "contact": {"facebook": "613503643"}, "firstName": "Lucas", "tips": {"count": 3}, "gender": "male", "lastName": "Chou", "lists": {"groups": [{"count": 2, "type": "created", "items": []}]}, "bio": ""}, {"id": "10645610", "photo": {"prefix": "https://igx.4sqi.net/img/user/", "suffix": "/NWZJZW1BGV2ZGJVY.jpg"}, "homeCity": "NY", "contact": {}, "firstName": "Hamzah", "tips": {"count": 4}, "gender": "male", "lastName": "Hazmi", "lists": {"groups": [{"count": 2, "type": "created", "items": []}]}, "bio": ""}, {"id": "1281257", "photo": {"prefix": "https://igx.4sqi.net/img/user/", "suffix": "/1281257-4EQ45UJAMRKLBOGK.jpg"}, "homeCity": "Kuala Lumpur, Malaysia", "contact": {}, "firstName": "aza", "tips": {"count": 16}, "gender": "none", "lastName": "radzak", "lists": {"groups": [{"count": 2, "type": "created", "items": []}]}, "bio": ""}, {"id": "2666112", "photo": {"prefix": "https://igx.4sqi.net/img/user/", "suffix": "/DYDG1SYAC0W5IZWG.jpg"}, "homeCity": "Singapore", "contact": {"facebook": "1168744196"}, "firstName": "Joe", "tips": {"count": 17}, "gender": "male", "lastName": "Lim", "lists": {"groups": [{"count": 2, "type": "created", "items": []}]}, "bio": ""}, {"id": "32660080", "photo": {"prefix": "https://igx.4sqi.net/img/user/", "suffix": "/QELRCNIUAZ44Z0AW.jpg"}, "homeCity": "Maharashtra", "contact": {"facebook": "1099054403", "twitter": "shibs6"}, "firstName": "Shibani", "tips": {"count": 0}, "gender": "female", "lists": {"groups": [{"count": 2, "type": "created", "items": []}]}, "bio": ""}, {"id": "1491274", "photo": {"prefix": "https://igx.4sqi.net/img/user/", "suffix": "/EFIWBCCBGPP1NFGH.jpg"}, "homeCity": "Vancouver, British Columbia", "contact": {"facebook": "549270260", "twitter": "jfly05"}, "firstName": "Jiali", "tips": {"count": 4}, "gender": "female", "lastName": "Kimoto", "lists": {"groups": [{"count": 2, "type": "created", "items": []}]}, "bio": ""}, {"id": "38410204", "photo": {"prefix": "https://igx.4sqi.net/img/user/", "suffix": "/5VUTQOOZ01Y3HQWI.jpg"}, "homeCity": "Singapore ", "contact": {"facebook": "1470346127", "twitter": "tenntenzoo"}, "firstName": "tenneessy", "tips": {"count": 0}, "gender": "female", "lastName": "talampas", "lists": {"groups": [{"count": 2, "type": "created", "items": []}]}, "bio": ""}, {"id": "4641033", "photo": {"prefix": "https://igx.4sqi.net/img/user/", "suffix": "/J25TOVPXDW4PFW0F.jpg"}, "homeCity": "Cyberjaya, Malaysia", "contact": {}, "firstName": "Vivian", "tips": {"count": 0}, "gender": "female", "lastName": "Chan", "lists": {"groups": [{"count": 2, "type": "created", "items": []}]}, "bio": ""}, {"id": "7207726", "photo": {"prefix": "https://igx.4sqi.net/img/user/", "suffix": "/7207726-BZDDPZ3G0JZTPMBU.jpg"}, "homeCity": "Petaling Jaya, Malaysia", "contact": {"facebook": "549623975", "twitter": "khairul_azhar"}, "firstName": "KhairuL", "tips": {"count": 1}, "gender": "male", "lastName": "AzhaR", "lists": {"groups": [{"count": 2, "type": "created", "items": []}]}, "bio": "Gemini who loves music and red devil fanatic. A mastermind behind cool parties who brings awesome music too and work at peoples 3rd place."}, {"id": "51363550", "photo": {"prefix": "https://igx.4sqi.net/img/user/", "suffix": "/3KOLNELMLQATROKI.jpg"}, "homeCity": "piracicaba,sp", "contact": {"facebook": "617278478"}, "firstName": "Eiji", "tips": {"count": 21}, "gender": "male", "lastName": "Yamaguti", "lists": {"groups": [{"count": 2, "type": "created", "items": []}]}, "bio": ""}, {"id": "17722922", "photo": {"prefix": "https://igx.4sqi.net/img/user/", "suffix": "/PFI5CFPK30MC40KY.jpg"}, "homeCity": "Singapore", "contact": {}, "firstName": "Louis", "tips": {"count": 14}, "gender": "male", "lastName": "Chang", "lists": {"groups": [{"count": 4, "type": "created", "items": []}]}, "bio": ""}, {"id": "11120724", "photo": {"prefix": "https://igx.4sqi.net/img/user/", "suffix": "/OSDCHZFE0E1KITG0.jpg"}, "homeCity": "Petaling Jaya, Malaysia", "contact": {}, "firstName": "WMW", "tips": {"count": 53}, "gender": "female", "lists": {"groups": [{"count": 3, "type": "created", "items": []}]}, "bio": ""}, {"id": "5791364", "photo": {"prefix": "https://igx.4sqi.net/img/user/", "suffix": "/5791364-211YE1KR0SQSOJFH.jpg"}, "homeCity": "Kuala Lumpur, WP", "contact": {"facebook": "606297464", "twitter": "bloody18"}, "firstName": "Abbie", "tips": {"count": 3}, "gender": "female", "lastName": "Yap", "lists": {"groups": [{"count": 4, "type": "created", "items": []}]}, "bio": ""}, {"id": "42308045", "photo": {"prefix": "https://igx.4sqi.net/img/user/", "suffix": "/3YGKPU0E02RINP4D.jpg"}, "homeCity": "Taegu-gwangyoksi", "contact": {"facebook": "1650524805", "twitter": "94489899"}, "firstName": "Seunghyeon", "tips": {"count": 0}, "gender": "female", "lastName": "Kim", "lists": {"groups": [{"count": 2, "type": "created", "items": []}]}, "bio": ""}, {"id": "5182234", "photo": {"prefix": "https://igx.4sqi.net/img/user/", "suffix": "/YSJFVCD5MGAZOBSP.jpg"}, "homeCity": "Malaysia", "contact": {}, "firstName": "Adli", "tips": {"count": 5}, "gender": "male", "lastName": "Ali", "lists": {"groups": [{"count": 2, "type": "created", "items": []}]}, "bio": ""}, {"id": "8252186", "photo": {"prefix": "https://igx.4sqi.net/img/user/", "suffix": "/XNH41JZSMLYIKLHG.jpg"}, "homeCity": "Kuala Lumpur, Malaysia", "contact": {"facebook": "100000005584971"}, "firstName": "Chester y", "tips": {"count": 0}, "gender": "male", "lists": {"groups": [{"count": 2, "type": "created", "items": []}]}, "bio": ""}, {"id": "65257279", "photo": {"prefix": "https://igx.4sqi.net/img/user/", "suffix": "/TA2HG3TIAP53O3XF.jpg"}, "homeCity": "Sungai Pelek, SGR", "contact": {"facebook": "1324097271"}, "firstName": "Josephine", "tips": {"count": 0}, "gender": "none", "lastName": "Tan", "lists": {"groups": [{"count": 2, "type": "created", "items": []}]}, "bio": ""}, {"id": "5417772", "photo": {"prefix": "https://igx.4sqi.net/img/user/", "suffix": "/QIFFJNJCADWJWV2M.jpg"}, "homeCity": "Kuala Lumpur, Malaysia", "contact": {"facebook": "751294680", "twitter": "jerrytyc"}, "firstName": "Jerry", "tips": {"count": 11}, "gender": "male", "lastName": "Tan", "lists": {"groups": [{"count": 3, "type": "created", "items": []}]}, "bio": ""}, {"id": "87165183", "photo": {"prefix": "https://igx.4sqi.net/img/user/", "suffix": "/87165183-UMR3ACBOH1VKIOT5.jpg"}, "homeCity": "Melaka, MLK", "contact": {"facebook": "672012534"}, "firstName": "Ho", "tips": {"count": 0}, "gender": "female", "lastName": "Evelyn", "lists": {"groups": [{"count": 2, "type": "created", "items": []}]}, "bio": ""}, {"id": "1415419", "photo": {"prefix": "https://igx.4sqi.net/img/user/", "suffix": "/BM42ZUZ0GB53ANSN.jpg"}, "homeCity": "Singapore", "contact": {}, "firstName": "Felicia", "tips": {"count": 4}, "gender": "female", "lastName": "Ashley", "lists": {"groups": [{"count": 2, "type": "created", "items": []}]}, "bio": ""}, {"id": "2809957", "photo": {"prefix": "https://igx.4sqi.net/img/user/", "suffix": "/QMHY04JUOEUVTHII.jpg"}, "homeCity": "Malaysia", "contact": {"facebook": "563458538"}, "firstName": "Az", "tips": {"count": 12}, "gender": "female", "lastName": "Saje", "lists": {"groups": [{"count": 2, "type": "created", "items": []}]}, "bio": ""}, {"id": "66665117", "photo": {"prefix": "https://igx.4sqi.net/img/user/", "suffix": "/0ACHESRLMC3AY2B2.jpg"}, "homeCity": "selangor,cheras", "contact": {}, "firstName": "Apek", "tips": {"count": 0}, "gender": "male", "lastName": "Apiz", "lists": {"groups": [{"count": 2, "type": "created", "items": []}]}, "bio": "Simple guy"}, {"id": "22857215", "photo": {"prefix": "https://igx.4sqi.net/img/user/", "suffix": "/NYE3XLTHBDPV4XRT.jpg"}, "homeCity": "Melaka", "contact": {}, "firstName": "Nicole", "tips": {"count": 47}, "gender": "female", "lists": {"groups": [{"count": 12, "type": "created", "items": []}]}, "bio": ""}, {"id": "50797837", "photo": {"prefix": "https://igx.4sqi.net/img/user/", "suffix": "/HZOA4VIVJUZXP3Q4.jpg"}, "homeCity": "Cheras, 12", "contact": {"facebook": "735011237"}, "firstName": "Jerekah", "tips": {"count": 2}, "gender": "female", "lastName": "Wong", "lists": {"groups": [{"count": 2, "type": "created", "items": []}]}, "bio": ""}, {"id": "6265835", "photo": {"prefix": "https://igx.4sqi.net/img/user/", "suffix": "/KNUQUE2RYM41J200.jpg"}, "homeCity": "Subang Jaya, Malaysia", "contact": {"facebook": "757404150"}, "firstName": "ai", "tips": {"count": 0}, "gender": "female", "lastName": "fiorano", "lists": {"groups": [{"count": 2, "type": "created", "items": []}]}, "bio": ""}, {"id": "11971943", "photo": {"prefix": "https://igx.4sqi.net/img/user/", "suffix": "/11971943-SWF2KMEGYKYYSLKU.jpg"}, "homeCity": "Jakarta, Indonesia", "contact": {"twitter": "talamz"}, "firstName": "Ronny", "tips": {"count": 2}, "gender": "male", "lastName": "Taslim", "lists": {"groups": [{"count": 2, "type": "created", "items": []}]}, "bio": "Agen Property"}, {"id": "18013416", "photo": {"prefix": "https://igx.4sqi.net/img/user/", "suffix": "/18013416-UQ3RWTDWQVXPQQS2.jpg"}, "homeCity": "Negeri Sembilan Malaysia", "contact": {}, "firstName": "Nasa Dint", "tips": {"count": 1}, "gender": "male", "lists": {"groups": [{"count": 2, "type": "created", "items": []}]}, "bio": ""}, {"id": "12221840", "photo": {"prefix": "https://igx.4sqi.net/img/user/", "suffix": "/U1JQQZBKYOIWVORA.jpg"}, "homeCity": "Kuala Lumpur, Malaysia", "contact": {"facebook": "727227764"}, "firstName": "Chee", "tips": {"count": 16}, "gender": "male", "lastName": "Ann", "lists": {"groups": [{"count": 2, "type": "created", "items": []}]}, "bio": ""}, {"id": "43479121", "photo": {"prefix": "https://igx.4sqi.net/img/user/", "suffix": "/0P4TL5YJG0VZBQH4.jpg"}, "homeCity": "Selangor", "contact": {"facebook": "888200314"}, "firstName": "InDer", "tips": {"count": 0}, "gender": "male", "lastName": "Gill", "lists": {"groups": [{"count": 2, "type": "created", "items": []}]}, "bio": ""}, {"id": "5188505", "photo": {"prefix": "https://igx.4sqi.net/img/user/", "suffix": "/FULP2FFZ5GEV3NZD.jpg"}, "homeCity": "Singapore", "contact": {}, "firstName": "sam", "tips": {"count": 1}, "gender": "male", "lastName": "lee", "lists": {"groups": [{"count": 9, "type": "created", "items": []}]}, "bio": ""}, {"id": "9744875", "photo": {"prefix": "https://igx.4sqi.net/img/user/", "suffix": "/9744875-HKIEWKLW0TSVGQ3R.jpg"}, "homeCity": "Seoul, South Korea", "contact": {"twitter": "knulaw2nd"}, "firstName": "po8orsky", "tips": {"count": 307}, "gender": "male", "lists": {"groups": [{"count": 13, "type": "created", "items": []}]}, "bio": ""}, {"id": "65599860", "photo": {"prefix": "https://igx.4sqi.net/img/user/", "suffix": "/65599860-VFEJTV3GBI3HIMZJ.jpg"}, "homeCity": "NY", "contact": {}, "firstName": "Acik", "tips": {"count": 0}, "gender": "female", "lists": {"groups": [{"count": 2, "type": "created", "items": []}]}, "bio": ""}, {"id": "38946960", "photo": {"prefix": "https://igx.4sqi.net/img/user/", "suffix": "/AJGDCLREVGN4RYJE.jpg"}, "homeCity": "Selangor", "contact": {}, "firstName": "Kami", "tips": {"count": 0}, "gender": "male", "lastName": "San", "lists": {"groups": [{"count": 2, "type": "created", "items": []}]}, "bio": ""}, {"id": "1710580", "photo": {"prefix": "https://igx.4sqi.net/img/user/", "suffix": "/TB5UWJRR1V5NE3E2.jpg"}, "homeCity": "Singapore", "contact": {}, "firstName": "Jianmin", "tips": {"count": 0}, "gender": "male", "lastName": "Mike", "lists": {"groups": [{"count": 2, "type": "created", "items": []}]}, "bio": ""}, {"id": "2849847", "photo": {"prefix": "https://igx.4sqi.net/img/user/", "suffix": "/0YBUSKFCAZQSXTOR.jpg"}, "homeCity": "Kuala Lumpur, Malaysia", "contact": {"facebook": "825773565", "twitter": "meredithjane13"}, "firstName": "Lisa Jane", "tips": {"count": 4}, "gender": "female", "lastName": "Mohd Johari", "lists": {"groups": [{"count": 2, "type": "created", "items": []}]}, "bio": ""}, {"id": "211323409", "photo": {"prefix": "https://igx.4sqi.net/img/user/", "suffix": "/211323409-KK1ITTQQUQDTXMCJ.jpg"}, "homeCity": "Semarang", "contact": {"facebook": "469377336602067", "twitter": "pndcntk"}, "firstName": "Panda", "tips": {"count": 0}, "gender": "female", "lastName": "Agaisha", "lists": {"groups": [{"count": 2, "type": "created", "items": []}]}, "bio": ""}, {"id": "6318181", "photo": {"prefix": "https://igx.4sqi.net/img/user/", "suffix": "/6318181-ZO0IMMLUWVWGKLS3.jpg"}, "homeCity": "Singapore", "contact": {"facebook": "527873834", "twitter": "jithong88"}, "firstName": "Ah Hong", "tips": {"count": 2}, "gender": "male", "lastName": "\u00a9\u00ae\u2122", "lists": {"groups": [{"count": 2, "type": "created", "items": []}]}, "bio": ""}, {"id": "15506466", "photo": {"prefix": "https://igx.4sqi.net/img/user/", "suffix": "/2ZW51O15ROCZGITT.jpg"}, "homeCity": "Batu 9 Cheras, Malaysia", "contact": {"facebook": "748013283", "twitter": "mohd_rashiman"}, "firstName": "Mohd", "tips": {"count": 0}, "gender": "male", "lastName": "Rashiman", "lists": {"groups": [{"count": 2, "type": "created", "items": []}]}, "bio": ""}, {"id": "18254124", "photo": {"prefix": "https://igx.4sqi.net/img/user/", "suffix": "/XNPTO1L5T0ZTS0LG.jpg"}, "homeCity": "Batu 9 Cheras, Malaysia", "contact": {"facebook": "579203719"}, "firstName": "Sally", "tips": {"count": 0}, "gender": "female", "lastName": "Ling", "lists": {"groups": [{"count": 2, "type": "created", "items": []}]}, "bio": ""}, {"id": "14711750", "photo": {"prefix": "https://igx.4sqi.net/img/user/", "suffix": "/XT0VEVTEMTQBYYFE.jpg"}, "homeCity": "Kuala Lumpur, Malaysia", "contact": {}, "firstName": "Isz", "tips": {"count": 0}, "gender": "female", "lastName": "Hashim", "lists": {"groups": [{"count": 3, "type": "created", "items": []}]}, "bio": ""}, {"id": "6691239", "photo": {"prefix": "https://igx.4sqi.net/img/user/", "suffix": "/EGDYIHORKCOAAEMY.jpg"}, "homeCity": "Singapore", "contact": {}, "firstName": "EVE MSB", "tips": {"count": 86}, "gender": "female", "lists": {"groups": [{"count": 3, "type": "created", "items": []}]}, "bio": ""}, {"id": "13053525", "photo": {"prefix": "https://igx.4sqi.net/img/user/", "suffix": "/4CZI30VYRY1KXSNA.jpg"}, "homeCity": "Kuala Lumpur, Malaysia", "contact": {"facebook": "760833067"}, "firstName": "Janson", "tips": {"count": 1}, "gender": "male", "lastName": "Loh", "lists": {"groups": [{"count": 2, "type": "created", "items": []}]}, "bio": ""}, {"id": "2232004", "photo": {"prefix": "https://igx.4sqi.net/img/user/", "suffix": "/GQLBYEIOUNXOKGI1.jpg"}, "homeCity": "Bandar Sri Permaisuri, Kuala Lumpur", "contact": {"facebook": "1006653367", "twitter": "azraihisham"}, "firstName": "Jai Rodriguez", "tips": {"count": 2}, "gender": "male", "lists": {"groups": [{"count": 2, "type": "created", "items": []}]}, "bio": ""}, {"id": "3043699", "photo": {"prefix": "https://igx.4sqi.net/img/user/", "suffix": "/5SPUNLQCMZNFFKDM.jpg"}, "homeCity": "Daegu, Korea", "contact": {"twitter": "junytae"}, "firstName": "Juny", "tips": {"count": 20}, "gender": "male", "lastName": "Tae", "lists": {"groups": [{"count": 2, "type": "created", "items": []}]}, "bio": ""}, {"id": "6904885", "photo": {"prefix": "https://igx.4sqi.net/img/user/", "suffix": "/6904885-CH41M02LWH1HILPN.jpg"}, "homeCity": "Quezon City", "contact": {"facebook": "10152612800007695", "twitter": "honeykins15"}, "firstName": "Honey", "tips": {"count": 0}, "gender": "female", "lastName": "Marquez", "lists": {"groups": [{"count": 2, "type": "created", "items": []}]}, "bio": ""}, {"id": "68910776", "photo": {"prefix": "https://igx.4sqi.net/img/user/", "suffix": "/B5W1Y232FIHSJJMD.jpg"}, "homeCity": "Petaling Jaya, 12", "contact": {"facebook": "1015512226"}, "firstName": "Stefney", "tips": {"count": 0}, "gender": "female", "lastName": "Tan", "lists": {"groups": [{"count": 2, "type": "created", "items": []}]}, "bio": ""}, {"id": "18349711", "photo": {"prefix": "https://igx.4sqi.net/img/user/", "suffix": "/KRI03J02OFIDTBHD.jpg"}, "homeCity": "Ampang, Malaysia", "contact": {"facebook": "1042238653", "twitter": "hunnybabeh"}, "firstName": "HuNNy", "tips": {"count": 0}, "gender": "female", "lastName": "BaBeH", "lists": {"groups": [{"count": 2, "type": "created", "items": []}]}, "bio": ""}, {"id": "23726411", "photo": {"prefix": "https://igx.4sqi.net/img/user/", "suffix": "/23726411-RDTWVYETJGPGZ0FQ.jpg"}, "homeCity": "Selangor", "contact": {"facebook": "708538176", "twitter": "izzidesilva"}, "firstName": "Anil", "tips": {"count": 3}, "gender": "male", "lastName": "De Silva", "lists": {"groups": [{"count": 2, "type": "created", "items": []}]}, "bio": ""}, {"id": "10434066", "photo": {"prefix": "https://igx.4sqi.net/img/user/", "suffix": "/KJVYHRXU3B2EFLEL.jpg"}, "homeCity": "Singapore", "contact": {"facebook": "100003128778701"}, "firstName": "J", "tips": {"count": 0}, "gender": "male", "lastName": "\u270c", "lists": {"groups": [{"count": 2, "type": "created", "items": []}]}, "bio": "Offroading"}, {"id": "24838331", "photo": {"prefix": "https://igx.4sqi.net/img/user/", "suffix": "/103WPRDB3N12YYQA.jpg"}, "homeCity": "Selangor", "contact": {"facebook": "827823543"}, "firstName": "Azlin", "tips": {"count": 1}, "gender": "none", "lastName": "Mohamed Nordin", "lists": {"groups": [{"count": 2, "type": "created", "items": []}]}, "bio": ""}, {"id": "2539502", "photo": {"prefix": "https://igx.4sqi.net/img/user/", "suffix": "/ADAOOXMMJP55FVAY.jpg"}, "homeCity": "Kuala Lumpur, Malaysia", "contact": {"facebook": "1409835140", "twitter": "zoelasindarela"}, "firstName": "Zoela", "tips": {"count": 19}, "gender": "none", "lastName": "Sindarela", "lists": {"groups": [{"count": 8, "type": "created", "items": []}]}, "bio": ""}, {"id": "3290953", "photo": {"prefix": "https://igx.4sqi.net/img/user/", "suffix": "/HXKGDI1LA10VRBNJ.jpg"}, "homeCity": "Singapore", "contact": {"facebook": "573715733"}, "firstName": "Adeline", "tips": {"count": 2}, "gender": "female", "lastName": "Chai", "lists": {"groups": [{"count": 2, "type": "created", "items": []}]}, "bio": "Just someone who was born to explore and get experience from tis world. ^_^\\/"}, {"id": "7299182", "photo": {"prefix": "https://igx.4sqi.net/img/user/", "suffix": "/QE2AOZVGAN0SQD3F.jpg"}, "homeCity": "Singapore", "contact": {"facebook": "100002186825571", "twitter": "jasonbigmachine"}, "firstName": "Jason", "tips": {"count": 17}, "gender": "male", "lastName": "Nah", "lists": {"groups": [{"count": 2, "type": "created", "items": []}]}, "bio": "Dude.\r\n \r\nwww.realfit.com.sg"}, {"id": "84182169", "photo": {"prefix": "https://igx.4sqi.net/img/user/", "suffix": "/84182169-TYSUWPDZLUJ4HXNS.jpg"}, "homeCity": "Oakham", "contact": {"facebook": "10153919334158979", "twitter": "lovelifecake"}, "firstName": "Love Life, Eat Cake!", "tips": {"count": 0}, "gender": "female", "lastName": "by Michele Walters", "lists": {"groups": [{"count": 2, "type": "created", "items": []}]}, "bio": ""}, {"id": "49178062", "photo": {"prefix": "https://igx.4sqi.net/img/user/", "suffix": "/LVGQBMQSJBKSK4OZ.jpg"}, "homeCity": "Melaka", "contact": {"facebook": "762971201"}, "firstName": "Winkert", "tips": {"count": 0}, "gender": "male", "lastName": "Khut", "lists": {"groups": [{"count": 3, "type": "created", "items": []}]}, "bio": ""}, {"id": "40068342", "photo": {"prefix": "https://igx.4sqi.net/img/user/", "suffix": "/MHVR2ODXB14NRU5H.jpg"}, "homeCity": "Melaka", "contact": {"facebook": "100004435657990"}, "firstName": "Roy", "tips": {"count": 0}, "gender": "male", "lastName": "Beach", "lists": {"groups": [{"count": 2, "type": "created", "items": []}]}, "bio": ""}, {"id": "20926370", "photo": {"prefix": "https://igx.4sqi.net/img/user/", "suffix": "/20926370-XRAIA2VWL3XAAFR2.jpg"}, "homeCity": "S\u00e3o Paulo, Brasil", "contact": {"facebook": "100002318564145"}, "firstName": "L'Carlos", "tips": {"count": 11}, "gender": "male", "lastName": "Paix\u00e3o", "lists": {"groups": [{"count": 2, "type": "created", "items": []}]}, "bio": "facebook.com/paixao17"}, {"id": "48358170", "photo": {"prefix": "https://igx.4sqi.net/img/user/", "suffix": "/MJZULP2VH14NQVJ2.jpg"}, "homeCity": "Selangor", "contact": {"facebook": "100003252320250"}, "firstName": "Zebrina", "tips": {"count": 0}, "gender": "female", "lastName": "Rahman", "lists": {"groups": [{"count": 2, "type": "created", "items": []}]}, "bio": ""}, {"id": "2728346", "photo": {"prefix": "https://igx.4sqi.net/img/user/", "suffix": "/BGFIQSYUONRR1HSW.jpg"}, "homeCity": "Kuala Lumpur, Malaysia", "contact": {"facebook": "584029712"}, "firstName": "Edward", "tips": {"count": 5}, "gender": "male", "lastName": "De Silva", "lists": {"groups": [{"count": 2, "type": "created", "items": []}]}, "bio": ""}, {"id": "3890217", "photo": {"prefix": "https://igx.4sqi.net/img/user/", "suffix": "/3890217-XWRM2JJGY5INFWPX.jpg"}, "homeCity": "Hong Kong", "contact": {"facebook": "100000170043236"}, "firstName": "Sean", "tips": {"count": 291}, "gender": "male", "lastName": "Momo", "lists": {"groups": [{"count": 3, "type": "created", "items": []}]}, "bio": ""}, {"id": "9065362", "photo": {"prefix": "https://igx.4sqi.net/img/user/", "suffix": "/QBPKCH1TIGYH5VZ4.jpg"}, "homeCity": "Tawau, Malaysia", "contact": {}, "firstName": "Kenny", "tips": {"count": 0}, "gender": "male", "lastName": "Lee", "lists": {"groups": [{"count": 2, "type": "created", "items": []}]}, "bio": ""}, {"id": "146607485", "photo": {"prefix": "https://igx.4sqi.net/img/user/", "suffix": "/146607485-LEGQA1YH5UFLI5Z1.jpg"}, "homeCity": "", "contact": {}, "firstName": "Nayla", "tips": {"count": 0}, "gender": "female", "lastName": "Somat", "lists": {"groups": [{"count": 2, "type": "created", "items": []}]}, "bio": "You are my wold\ud83c\udfb6london\u2764\u2764"}, {"id": "126504956", "photo": {"prefix": "https://igx.4sqi.net/img/user/", "suffix": "/126504956-KRLUC4WSNDWCCVAH"}, "homeCity": "Sarasota, FL", "contact": {"facebook": "10207305583151240", "twitter": "eatmecustomcake"}, "firstName": "Eat Me", "tips": {"count": 4}, "gender": "none", "lastName": "-A Custom Cake Co", "lists": {"groups": [{"count": 2, "type": "created", "items": []}]}, "bio": "Sarasota Florida Family owned bespoke cake co"}, {"id": "84279261", "photo": {"prefix": "https://igx.4sqi.net/img/user/", "default": true, "suffix": "/blank_girl.png"}, "homeCity": "Hong Kong", "contact": {"facebook": "761119668"}, "firstName": "Adelyne", "tips": {"count": 0}, "gender": "female", "lastName": "Kek", "lists": {"groups": [{"count": 2, "type": "created", "items": []}]}, "bio": ""}, {"id": "3148320", "photo": {"prefix": "https://igx.4sqi.net/img/user/", "suffix": "/OJ5TPPVARTDJ1DNK.jpg"}, "homeCity": "Singapore", "contact": {"facebook": "574005336", "twitter": "jyunx"}, "firstName": "Jiayun", "tips": {"count": 16}, "gender": "female", "lastName": "Bai", "lists": {"groups": [{"count": 2, "type": "created", "items": []}]}, "bio": ""}, {"id": "4445595", "photo": {"prefix": "https://igx.4sqi.net/img/user/", "suffix": "/4445595-NCEN5BVWY3LMHVZ1.jpg"}, "homeCity": "Singapore", "contact": {"facebook": "100000091105647"}, "firstName": "Desmond", "tips": {"count": 0}, "gender": "male", "lastName": "Phua", "lists": {"groups": [{"count": 2, "type": "created", "items": []}]}, "bio": ""}, {"id": "9810184", "photo": {"prefix": "https://igx.4sqi.net/img/user/", "suffix": "/3SC4UN0OP5MFPREO.jpg"}, "homeCity": "SG", "contact": {"facebook": "100000441977339", "twitter": "edwin_aesthetic"}, "firstName": "Edwin Cheng", "tips": {"count": 0}, "gender": "male", "lists": {"groups": [{"count": 2, "type": "created", "items": []}]}, "bio": "Lift Hard !\r\nNo Pain No Gain !"}, {"id": "160300337", "photo": {"prefix": "https://igx.4sqi.net/img/user/", "suffix": "/160300337-W1H1KIV3EN53BDOZ.jpg"}, "homeCity": "Istanbul, 34", "contact": {}, "firstName": "Durgun", "tips": {"count": 0}, "gender": "male", "lastName": "Kara", "lists": {"groups": [{"count": 2, "type": "created", "items": []}]}, "bio": ""}, {"id": "3415256", "photo": {"prefix": "https://igx.4sqi.net/img/user/", "suffix": "/GR3COJEWMISOLCEQ.jpg"}, "homeCity": "Johor Bahru, Malaysia", "contact": {"facebook": "1789997543"}, "firstName": "Harris yoong", "tips": {"count": 0}, "gender": "male", "lastName": "Kim boon", "lists": {"groups": [{"count": 2, "type": "created", "items": []}]}, "bio": ""}, {"id": "4446664", "photo": {"prefix": "https://igx.4sqi.net/img/user/", "suffix": "/4446664-JLHZQ2FAEKGYAY2P.jpg"}, "homeCity": "Kajang, Malaysia", "contact": {"facebook": "1409946547"}, "firstName": "aishiteru", "tips": {"count": 3}, "gender": "female", "lastName": "yakemii", "lists": {"groups": [{"count": 2, "type": "created", "items": []}]}, "bio": ""}, {"id": "12354713", "photo": {"prefix": "https://igx.4sqi.net/img/user/", "suffix": "/12354713-LVWFF4FSIEP5NQQV.jpg"}, "homeCity": "Kuala Lumpur, Malaysia", "contact": {"facebook": "1135834470"}, "firstName": "Mic", "tips": {"count": 0}, "gender": "female", "lastName": "Kwan", "lists": {"groups": [{"count": 2, "type": "created", "items": []}]}, "bio": ""}, {"id": "3557499", "photo": {"prefix": "https://igx.4sqi.net/img/user/", "suffix": "/1YQSKOEXYWGZYKTG.jpg"}, "homeCity": "Kuala Lumpur, Malaysia", "contact": {"facebook": "1321320437"}, "firstName": "Carven", "tips": {"count": 1}, "gender": "female", "lastName": "Soo", "lists": {"groups": [{"count": 2, "type": "created", "items": []}]}, "bio": ""}, {"id": "4605851", "photo": {"prefix": "https://igx.4sqi.net/img/user/", "suffix": "/4605851-XWN1WMQMRGY5CCWP.jpg"}, "homeCity": "Shinjuku-sanchome, Japan", "contact": {}, "firstName": "Mich", "tips": {"count": 21}, "gender": "male", "lastName": "Kim Woo Bin", "lists": {"groups": [{"count": 3, "type": "created", "items": []}]}, "bio": ""}, {"id": "12455339", "photo": {"prefix": "https://igx.4sqi.net/img/user/", "suffix": "/4ZXNCY4PGOXK1OY0.jpg"}, "homeCity": "Medan, Indonesia", "contact": {}, "firstName": "Yudhie", "tips": {"count": 0}, "gender": "male", "lastName": "Bazz", "lists": {"groups": [{"count": 3, "type": "created", "items": []}]}, "bio": ""}, {"id": "4157733", "photo": {"prefix": "https://igx.4sqi.net/img/user/", "suffix": "/52TLWV0TLOGKPIXD.jpg"}, "homeCity": "korea", "contact": {}, "firstName": "frenchfly", "tips": {"count": 16}, "gender": "none", "lists": {"groups": [{"count": 2, "type": "created", "items": []}]}, "bio": ""}, {"id": "4755980", "photo": {"prefix": "https://igx.4sqi.net/img/user/", "suffix": "/D2L553JZK4NIHU2A.jpg"}, "homeCity": "New York, NY", "contact": {"facebook": "526452253"}, "firstName": "Joe", "tips": {"count": 0}, "gender": "male", "lastName": "Jenn", "lists": {"groups": [{"count": 2, "type": "created", "items": []}]}, "bio": ""}, {"id": "12649473", "photo": {"prefix": "https://igx.4sqi.net/img/user/", "suffix": "/EJDLNCLM5FAQHEWM.jpg"}, "homeCity": "Jakarta, Indonesia", "contact": {}, "firstName": "Van", "tips": {"count": 1}, "gender": "male", "lastName": "Noize", "lists": {"groups": [{"count": 2, "type": "created", "items": []}]}, "bio": "@vanoize"}, {"id": "4593044", "photo": {"prefix": "https://igx.4sqi.net/img/user/", "suffix": "/225UB0ZXMHXHKFJX.jpg"}, "homeCity": "seremban negeri sembilan", "contact": {"facebook": "684458036"}, "firstName": "Jon", "tips": {"count": 10}, "gender": "male", "lastName": "Raj", "lists": {"groups": [{"count": 2, "type": "created", "items": []}]}, "bio": ""}, {"id": "13475112", "photo": {"prefix": "https://igx.4sqi.net/img/user/", "suffix": "/13475112-1JJO2FRIT0WXDIXN.jpg"}, "homeCity": "malaysia", "contact": {}, "firstName": "66\u2122", "tips": {"count": 48}, "gender": "male", "lists": {"groups": [{"count": 2, "type": "created", "items": []}]}, "bio": "Excident leh roger..."}, {"id": "16764901", "photo": {"prefix": "https://igx.4sqi.net/img/user/", "suffix": "/YLJNMXXCIVNAXEBK.jpg"}, "homeCity": "Surabaya, Indonesia", "contact": {}, "firstName": "Hendra", "tips": {"count": 0}, "gender": "male", "lastName": "Art", "lists": {"groups": [{"count": 2, "type": "created", "items": []}]}, "bio": ""}, {"id": "8726706", "photo": {"prefix": "https://igx.4sqi.net/img/user/", "suffix": "/K0JWN1SKOXCFPOA4.jpg"}, "homeCity": "Kuala Lumpur, Malaysia", "contact": {"facebook": "568910886", "twitter": "ryanleong27"}, "firstName": "Ryan", "tips": {"count": 3}, "gender": "male", "lastName": "Leong", "lists": {"groups": [{"count": 2, "type": "created", "items": []}]}, "bio": ""}, {"id": "15329894", "photo": {"prefix": "https://igx.4sqi.net/img/user/", "suffix": "/15329894-2IIBTIKGLUURRE10.jpg"}, "homeCity": "kl", "contact": {"facebook": "741646807", "twitter": "kristyt9"}, "firstName": "Lisa", "tips": {"count": 30}, "gender": "female", "lastName": "Yee", "lists": {"groups": [{"count": 4, "type": "created", "items": []}]}, "bio": ""}, {"id": "19423873", "photo": {"prefix": "https://igx.4sqi.net/img/user/", "suffix": "/43ORGPM2P1XJANEM.jpg"}, "homeCity": "Selangor, Malaysia", "contact": {"facebook": "100001656922137", "twitter": "suhanna5"}, "firstName": "Sue", "tips": {"count": 4}, "gender": "female", "lastName": "Anne", "lists": {"groups": [{"count": 2, "type": "created", "items": []}]}, "bio": "Hidup mesti happy"}]}, "checksum": "5df4bfe5cf746a969320bf0f038890a8f681f640"}}