{"notifications": [{"type": "notificationTray", "item": {"unreadCount": 0}}], "response": {"friends": {"items": [{"tips": {"count": 5}, "contact": {"twitter": "tommyadam", "facebook": "1070948305"}, "firstName": "Tommy", "gender": "male", "lastName": "Adam", "id": "2372025", "bio": "", "photo": {"prefix": "https://igx.4sqi.net/img/user/", "suffix": "/2372025-YA3HFX4BJJAB5BUX.jpg"}, "homeCity": "Sidoarjo, Jawa Timur", "lists": {"groups": [{"items": [], "count": 2, "type": "created"}]}}, {"tips": {"count": 2}, "contact": {"twitter": "faturbikey"}, "firstName": "Fatur", "gender": "male", "lastName": "Bikey", "id": "1734957", "bio": "", "photo": {"prefix": "https://igx.4sqi.net/img/user/", "suffix": "/W0CI0OYZSC5LFDN1.jpg"}, "homeCity": "Jakarta Capital Region, Jakarta Capital Regi", "lists": {"groups": [{"items": [], "count": 2, "type": "created"}]}}, {"tips": {"count": 0}, "contact": {"twitter": "meynaraudito"}, "firstName": "Meynar", "gender": "male", "lastName": "Audito", "id": "1981913", "bio": "", "photo": {"prefix": "https://igx.4sqi.net/img/user/", "suffix": "/G2CWQMW2NQ2FFL31.jpg"}, "homeCity": "Mojokerto, Indonesia", "lists": {"groups": [{"items": [], "count": 2, "type": "created"}]}}, {"tips": {"count": 2}, "contact": {}, "firstName": "Mega", "gender": "female", "lastName": "Citra", "id": "2232294", "bio": "", "photo": {"prefix": "https://igx.4sqi.net/img/user/", "suffix": "/43DMJ0V25UB5MTMP.jpg"}, "homeCity": "Jawa Timur", "lists": {"groups": [{"items": [], "count": 2, "type": "created"}]}}, {"tips": {"count": 0}, "contact": {"twitter": "santi_chu", "facebook": "1581789199"}, "firstName": "Santi", "gender": "female", "lastName": "Budiman", "id": "3202344", "bio": "", "photo": {"prefix": "https://igx.4sqi.net/img/user/", "suffix": "/3NFJAEO0155T25TN.jpg"}, "homeCity": "New York, NY", "lists": {"groups": [{"items": [], "count": 2, "type": "created"}]}}, {"tips": {"count": 7}, "contact": {"twitter": "suryaperdhana", "facebook": "1530726293"}, "firstName": "Surya", "gender": "male", "lastName": "Perdhana", "id": "1201362", "bio": "", "photo": {"prefix": "https://igx.4sqi.net/img/user/", "suffix": "/JX2OWFC4NQTAFPDQ.jpg"}, "homeCity": "Surabaya, Jawa Timur", "lists": {"groups": [{"items": [], "count": 2, "type": "created"}]}}, {"tips": {"count": 0}, "contact": {"twitter": "jovaalexa", "facebook": "1581845994"}, "firstName": "jova", "gender": "male", "lastName": "alexa", "id": "3058860", "bio": "", "photo": {"prefix": "https://igx.4sqi.net/img/user/", "suffix": "/NP4W0VGUX0E2XGDE.jpg"}, "homeCity": "Surabaya, Indonesia", "lists": {"groups": [{"items": [], "count": 3, "type": "created"}]}}, {"tips": {"count": 28}, "contact": {"twitter": "andiemakkawaru", "facebook": "809369932"}, "firstName": "Andie", "gender": "male", "lastName": "Makkawaru", "id": "1954547", "bio": "want to be a photographer", "photo": {"prefix": "https://igx.4sqi.net/img/user/", "suffix": "/GYD0CRBSWJD3HCBS.png"}, "homeCity": "Jakarta", "lists": {"groups": [{"items": [], "count": 2, "type": "created"}]}}, {"tips": {"count": 179}, "contact": {"twitter": "mikaaffandy", "facebook": "1238934473"}, "firstName": "mika", "gender": "male", "lastName": "affandy", "id": "2241931", "bio": "@MIKAAFFANDY", "photo": {"prefix": "https://igx.4sqi.net/img/user/", "suffix": "/2241931-KP4Q0HY3TGT0BYNR.jpg"}, "homeCity": "Jakarta", "lists": {"groups": [{"items": [], "count": 2, "type": "created"}]}}, {"tips": {"count": 1}, "contact": {"twitter": "yana_yna", "facebook": "1361850360"}, "firstName": "yanna", "gender": "female", "lastName": "yna", "id": "2945080", "bio": "", "photo": {"prefix": "https://igx.4sqi.net/img/user/", "suffix": "/X5IPQRHRBDQZF3VI.jpg"}, "homeCity": "Indonesia", "lists": {"groups": [{"items": [], "count": 2, "type": "created"}]}}, {"tips": {"count": 0}, "contact": {"twitter": "chachacha"}, "firstName": "Chacha", "gender": "female", "lastName": "Yanuariska", "id": "3098611", "bio": "", "photo": {"prefix": "https://igx.4sqi.net/img/user/", "suffix": "/3IB44CRLLSQIDP2D.jpg"}, "homeCity": "new york", "lists": {"groups": [{"items": [], "count": 2, "type": "created"}]}}, {"tips": {"count": 1}, "contact": {"facebook": "1160452988"}, "firstName": "Anton", "gender": "male", "lastName": "Zifell", "id": "3250077", "bio": "", "photo": {"prefix": "https://igx.4sqi.net/img/user/", "suffix": "/WXPSKV13UN55PDN2.jpg"}, "homeCity": "jakarta", "lists": {"groups": [{"items": [], "count": 2, "type": "created"}]}}], "count": 912}, "checksum": "201d05a52ab48a2ccc40a538ac749bbefcf7981d"}, "meta": {"requestId": "5965b68d4434b96bc825286e", "code": 200}}