{"notifications": [{"type": "notificationTray", "item": {"unreadCount": 0}}], "response": {"friends": {"items": [{"tips": {"count": 2}, "contact": {"twitter": "lam13ank", "facebook": "1336397887"}, "firstName": "Herlambang", "gender": "male", "lastName": "\u30b9\u30c6\u30a3\u30a2\u30ef\u30f3", "id": "4305858", "bio": "", "photo": {"prefix": "https://igx.4sqi.net/img/user/", "suffix": "/-EMTAYVYZW2JFAWSG.jpg"}, "homeCity": "Mojokerto, Indonesia", "lists": {"groups": [{"items": [], "count": 2, "type": "created"}]}}, {"tips": {"count": 3}, "contact": {"twitter": "itsme_dean", "facebook": "1082630820"}, "firstName": "Dean", "gender": "none", "lastName": "Mahendra", "id": "1200722", "bio": "i enjoyed myself with you there :)", "photo": {"prefix": "https://igx.4sqi.net/img/user/", "suffix": "/LU4TXXMC5LY0THEW.jpg"}, "homeCity": "Surabaya, East Java", "lists": {"groups": [{"items": [], "count": 2, "type": "created"}]}}, {"tips": {"count": 3}, "contact": {"twitter": "ivannamagdalena", "facebook": "10153559455846351"}, "firstName": "Ivanna", "gender": "female", "lastName": "Magdalena", "id": "411105", "bio": "", "photo": {"prefix": "https://igx.4sqi.net/img/user/", "suffix": "/411105-Y5KKHAONISM2EVBD.jpg"}, "homeCity": "Malang, Indonesia", "lists": {"groups": [{"items": [], "count": 4, "type": "created"}]}}, {"tips": {"count": 6}, "contact": {"twitter": "anggafreud"}, "firstName": "Angga", "gender": "male", "lastName": "Freud", "id": "1244920", "bio": "", "photo": {"prefix": "https://igx.4sqi.net/img/user/", "suffix": "/00P5P2M0IG02SPEP.jpg"}, "homeCity": "Bandung", "lists": {"groups": [{"items": [], "count": 2, "type": "created"}]}}, {"tips": {"count": 5}, "contact": {"twitter": "m_berkati", "facebook": "1410078989"}, "firstName": "muhammad", "gender": "male", "lastName": "berkati", "id": "1324822", "bio": "", "photo": {"prefix": "https://igx.4sqi.net/img/user/", "suffix": "/0OE4VVBNGH00MXQS.jpg"}, "homeCity": "South Kalimantan", "lists": {"groups": [{"items": [], "count": 2, "type": "created"}]}}, {"tips": {"count": 5}, "contact": {"twitter": "degocantik", "facebook": "716603217"}, "firstName": "dego", "gender": "female", "lastName": "taharuddin", "id": "1347580", "bio": "", "photo": {"prefix": "https://igx.4sqi.net/img/user/", "suffix": "/BLIORVCVIEKN4EWR.jpg"}, "homeCity": "Surabaya, Indonesia", "lists": {"groups": [{"items": [], "count": 2, "type": "created"}]}}, {"tips": {"count": 0}, "contact": {"facebook": "1630339924"}, "firstName": "Vincent", "gender": "male", "lastName": "Setyono", "id": "4284204", "bio": "", "photo": {"prefix": "https://igx.4sqi.net/img/user/", "suffix": "/R23KCF3MHN2KHE0G.jpg"}, "homeCity": "Surabaya, Indonesia", "lists": {"groups": [{"items": [], "count": 2, "type": "created"}]}}, {"tips": {"count": 1}, "contact": {"facebook": "676096014"}, "firstName": "Parningotan", "gender": "male", "lastName": "Simarmata", "id": "11017856", "bio": "", "photo": {"prefix": "https://igx.4sqi.net/img/user/", "suffix": "/P2X4AEGLI05RCMNB.jpg"}, "homeCity": "Medan, Indonesia", "lists": {"groups": [{"items": [], "count": 2, "type": "created"}]}}, {"tips": {"count": 2}, "contact": {"twitter": "angvirgina"}, "firstName": "Virgina", "gender": "female", "lastName": "P. Sanni", "id": "5508108", "bio": "", "photo": {"prefix": "https://igx.4sqi.net/img/user/", "suffix": "/NK5UXQCY2NENFZ0L.jpg"}, "homeCity": "Denpasar", "lists": {"groups": [{"items": [], "count": 2, "type": "created"}]}}, {"tips": {"count": 1}, "contact": {"twitter": "adrerror", "facebook": "545451975"}, "firstName": "Aji Dibyo", "gender": "male", "lastName": "Respati", "id": "1792476", "bio": "", "photo": {"prefix": "https://igx.4sqi.net/img/user/", "suffix": "/14FSVCX53421ZVYG.jpg"}, "homeCity": "Jakarta Capital Region, Jakarta Capital Regi", "lists": {"groups": [{"items": [], "count": 2, "type": "created"}]}}, {"tips": {"count": 5}, "contact": {"twitter": "ony_surya", "facebook": "1081069382"}, "firstName": "Ony Surya", "gender": "male", "id": "4234850", "bio": "", "photo": {"prefix": "https://igx.4sqi.net/img/user/", "suffix": "/ODKGTSVV5VIHJMJZ.jpg"}, "homeCity": "Mojokerto, Indonesia", "lists": {"groups": [{"items": [], "count": 2, "type": "created"}]}}, {"tips": {"count": 5}, "contact": {"twitter": "tommyadam", "facebook": "1070948305"}, "firstName": "Tommy", "gender": "male", "lastName": "Adam", "id": "2372025", "bio": "", "photo": {"prefix": "https://igx.4sqi.net/img/user/", "suffix": "/2372025-YA3HFX4BJJAB5BUX.jpg"}, "homeCity": "Sidoarjo, Jawa Timur", "lists": {"groups": [{"items": [], "count": 2, "type": "created"}]}}, {"tips": {"count": 4}, "contact": {"facebook": "1309151352"}, "firstName": "okvin", "gender": "male", "lastName": "moreno", "id": "4103853", "bio": "", "photo": {"prefix": "https://igx.4sqi.net/img/user/", "suffix": "/-YLIQLPGJXQ24XCRB.jpg"}, "homeCity": "Mojokerto, Indonesia", "lists": {"groups": [{"items": [], "count": 2, "type": "created"}]}}, {"tips": {"count": 7}, "contact": {"twitter": "firmania", "facebook": "556042846"}, "firstName": "firmania", "gender": "female", "lastName": ".", "id": "1083031", "bio": "", "photo": {"prefix": "https://igx.4sqi.net/img/user/", "suffix": "/SJAUT1BKBZ0GZ01F.jpg"}, "homeCity": "", "lists": {"groups": [{"items": [], "count": 4, "type": "created"}]}}, {"tips": {"count": 4}, "contact": {"twitter": "p1nkchristy"}, "firstName": "Christina", "gender": "female", "lastName": "Victoria", "id": "1729152", "bio": "", "photo": {"prefix": "https://igx.4sqi.net/img/user/", "suffix": "/PUMHV3OI0CUDDN5F.jpg"}, "homeCity": "Surabaya, East Java", "lists": {"groups": [{"items": [], "count": 2, "type": "created"}]}}, {"tips": {"count": 3}, "contact": {"twitter": "nidnidya"}, "firstName": "nidya rachma", "gender": "female", "lastName": "nawinda", "id": "1749624", "bio": "Cutie from indonesia", "photo": {"prefix": "https://igx.4sqi.net/img/user/", "suffix": "/UQJEIMTY4KIZMVJ3.jpg"}, "homeCity": "Surabaya, East Java", "lists": {"groups": [{"items": [], "count": 2, "type": "created"}]}}, {"tips": {"count": 34}, "contact": {"twitter": "uzanck"}, "firstName": "Uzanck", "gender": "male", "id": "931305", "bio": "", "photo": {"prefix": "https://igx.4sqi.net/img/user/", "suffix": "/931305-EQVF0EUFKDNKGQNJ.jpg"}, "homeCity": "Mojokerto, Jawatimur", "lists": {"groups": [{"items": [], "count": 2, "type": "created"}]}}, {"tips": {"count": 1}, "contact": {"twitter": "seaovie", "facebook": "1587507149"}, "firstName": "sea", "gender": "female", "lastName": "ovie", "id": "2436811", "bio": "", "photo": {"prefix": "https://igx.4sqi.net/img/user/", "suffix": "/VB0WUUAMUKWQXZZ5.jpg"}, "homeCity": "Surabaya, Indonesia", "lists": {"groups": [{"items": [], "count": 2, "type": "created"}]}}, {"tips": {"count": 1}, "contact": {"twitter": "arnitaaaa", "facebook": "1544620035"}, "firstName": "Arnita", "gender": "female", "id": "11293358", "bio": "", "photo": {"prefix": "https://igx.4sqi.net/img/user/", "suffix": "/UGAEOJ2RDFT11134.jpg"}, "homeCity": "jakarta", "lists": {"groups": [{"items": [], "count": 2, "type": "created"}]}}, {"tips": {"count": 3}, "contact": {"twitter": "mymiloz", "facebook": "10154476977230558"}, "firstName": "Markus", "gender": "male", "lastName": "AP", "id": "1089190", "bio": "", "photo": {"prefix": "https://igx.4sqi.net/img/user/", "suffix": "/L2NNB0PSWLPV4LLL.jpg"}, "homeCity": "Bandung Regency, West Java", "lists": {"groups": [{"items": [], "count": 2, "type": "created"}]}}, {"tips": {"count": 0}, "contact": {"twitter": "marissa_pan", "facebook": "1727325823"}, "firstName": "Marissa", "gender": "female", "lastName": "Pandunata", "id": "4333195", "bio": "", "photo": {"prefix": "https://igx.4sqi.net/img/user/", "suffix": "/K4K2ZYI405UIJRIO.jpg"}, "homeCity": "Surabaya, Indonesia", "lists": {"groups": [{"items": [], "count": 2, "type": "created"}]}}, {"tips": {"count": 7}, "contact": {"twitter": "suryaperdhana", "facebook": "1530726293"}, "firstName": "Surya", "gender": "male", "lastName": "Perdhana", "id": "1201362", "bio": "", "photo": {"prefix": "https://igx.4sqi.net/img/user/", "suffix": "/JX2OWFC4NQTAFPDQ.jpg"}, "homeCity": "Surabaya, Jawa Timur", "lists": {"groups": [{"items": [], "count": 2, "type": "created"}]}}, {"tips": {"count": 3}, "contact": {"twitter": "elvanrenova", "facebook": "1353167020"}, "firstName": "Elvan", "gender": "male", "lastName": "R.P", "id": "6504316", "bio": "", "photo": {"prefix": "https://igx.4sqi.net/img/user/", "suffix": "/R3IPNWRPG4ZKSKOY.jpg"}, "homeCity": "Surabaya, Indonesia", "lists": {"groups": [{"items": [], "count": 3, "type": "created"}]}}, {"tips": {"count": 1}, "contact": {"twitter": "tetezo"}, "firstName": "tetezo", "gender": "male", "id": "4871681", "bio": "", "photo": {"prefix": "https://igx.4sqi.net/img/user/", "suffix": "/IVDOHJYLBF5PCNAD.jpg"}, "homeCity": "Jakarta, Indonesia", "lists": {"groups": [{"items": [], "count": 2, "type": "created"}]}}, {"tips": {"count": 1}, "contact": {"twitter": "maulanarachmadi", "facebook": "1235540654"}, "firstName": "Maulana", "gender": "male", "lastName": "Rachmadi", "id": "5270285", "bio": "", "photo": {"prefix": "https://igx.4sqi.net/img/user/", "suffix": "/TG4UVXW2UHCJ0BO3.jpg"}, "homeCity": "Surabaya, Indonesia", "lists": {"groups": [{"items": [], "count": 3, "type": "created"}]}}, {"tips": {"count": 1}, "contact": {"twitter": "lauda_nabil", "facebook": "1247235343"}, "firstName": "rakhmat", "gender": "male", "lastName": "rusmin widyartha", "id": "4284454", "bio": "", "photo": {"prefix": "https://igx.4sqi.net/img/user/", "suffix": "/UMWAADERUNEQLO3J.jpg"}, "homeCity": "Malang, Indonesia", "lists": {"groups": [{"items": [], "count": 2, "type": "created"}]}}, {"tips": {"count": 3}, "contact": {"twitter": "vatine_beatrice", "facebook": "100001718934101"}, "firstName": "Vatine", "gender": "female", "lastName": "alraz", "id": "5818249", "bio": "Wherever I go. GOD always with me.", "photo": {"prefix": "https://igx.4sqi.net/img/user/", "suffix": "/5818249-5Y2KHJ3KI00Q2XSC.jpg"}, "homeCity": "Surabaya, Indonesia", "lists": {"groups": [{"items": [], "count": 6, "type": "created"}]}}, {"tips": {"count": 518}, "contact": {"twitter": "supermind", "facebook": "100001856745563"}, "firstName": "Wuryanano\u2122", "gender": "male", "id": "1922894", "bio": "Business Coach, Human Development Coach, Life Coach.", "photo": {"prefix": "https://igx.4sqi.net/img/user/", "suffix": "/1922894-34UHMJSLHE3JGUTL.jpg"}, "homeCity": "Indonesia", "lists": {"groups": [{"items": [], "count": 2, "type": "created"}]}}, {"tips": {"count": 1}, "contact": {"facebook": "1319272738"}, "firstName": "putu", "gender": "female", "lastName": "vinda", "id": "4239237", "bio": "", "photo": {"prefix": "https://igx.4sqi.net/img/user/", "suffix": "/NJ1IAJQUICY525BA.jpg"}, "homeCity": "Surabaya, Indonesia", "lists": {"groups": [{"items": [], "count": 2, "type": "created"}]}}, {"tips": {"count": 20}, "contact": {"twitter": "nizaralief", "facebook": "100000995746391"}, "firstName": "Nizar", "gender": "male", "lastName": "Alief", "id": "2934749", "bio": "", "photo": {"prefix": "https://igx.4sqi.net/img/user/", "suffix": "/11QSR4YS1YJXTGU0.jpg"}, "homeCity": "Mojokerto, Indonesia", "lists": {"groups": [{"items": [], "count": 2, "type": "created"}]}}, {"tips": {"count": 1}, "contact": {"twitter": "joesikabahar", "facebook": "1669450922"}, "firstName": "Vanda", "gender": "female", "lastName": "Nona Bahar", "id": "7797217", "bio": "", "photo": {"prefix": "https://igx.4sqi.net/img/user/", "suffix": "/ASSXAEUU4ZAX0KZF.jpg"}, "homeCity": "Surabaya, Indonesia", "lists": {"groups": [{"items": [], "count": 3, "type": "created"}]}}, {"tips": {"count": 0}, "contact": {"twitter": "inesloethfiana"}, "firstName": "ines", "gender": "female", "lastName": "loethfiana", "id": "2993626", "bio": "", "photo": {"prefix": "https://igx.4sqi.net/img/user/", "suffix": "/O0PLHHIYFNMR4XPR.jpg"}, "homeCity": "Indonesia", "lists": {"groups": [{"items": [], "count": 2, "type": "created"}]}}, {"tips": {"count": 2}, "contact": {"twitter": "faturbikey"}, "firstName": "Fatur", "gender": "male", "lastName": "Bikey", "id": "1734957", "bio": "", "photo": {"prefix": "https://igx.4sqi.net/img/user/", "suffix": "/W0CI0OYZSC5LFDN1.jpg"}, "homeCity": "Jakarta Capital Region, Jakarta Capital Regi", "lists": {"groups": [{"items": [], "count": 2, "type": "created"}]}}, {"tips": {"count": 112}, "contact": {}, "firstName": "aku", "gender": "male", "lastName": "pezi", "id": "1751276", "bio": "Love to Explore the world..", "photo": {"prefix": "https://igx.4sqi.net/img/user/", "suffix": "/1751276-2P2K0LCCTUB32TRX.jpg"}, "homeCity": "Jakarta, Indonesia", "lists": {"groups": [{"items": [], "count": 2, "type": "created"}]}}, {"tips": {"count": 5}, "contact": {"facebook": "1348751030"}, "firstName": "Agustian", "gender": "male", "lastName": "Wahyudi", "id": "1178653", "bio": "", "photo": {"prefix": "https://igx.4sqi.net/img/user/", "suffix": "/IJ3M2JMSVBHUT4XY.jpg"}, "homeCity": "Gresik", "lists": {"groups": [{"items": [], "count": 2, "type": "created"}]}}, {"tips": {"count": 0}, "contact": {"twitter": "syaifulmell", "facebook": "1213434908"}, "firstName": "melaty", "gender": "female", "lastName": "syaiful", "id": "2593763", "bio": "", "photo": {"prefix": "https://igx.4sqi.net/img/user/", "suffix": "/IHR0GXYL020B0POP.jpg"}, "homeCity": "Jakarta, Indonesia", "lists": {"groups": [{"items": [], "count": 2, "type": "created"}]}}, {"tips": {"count": 0}, "contact": {}, "firstName": "cynthia", "gender": "female", "lastName": "karamina", "id": "1369350", "bio": "", "photo": {"prefix": "https://igx.4sqi.net/img/user/", "suffix": "/AY5HNXSPVYSVHG5R.jpg"}, "homeCity": "jakarta", "lists": {"groups": [{"items": [], "count": 2, "type": "created"}]}}, {"tips": {"count": 0}, "contact": {"facebook": "1741771375"}, "firstName": "sandi", "gender": "male", "lastName": "marza", "id": "4365824", "bio": "", "photo": {"prefix": "https://igx.4sqi.net/img/user/", "suffix": "/blank_boy.png", "default": true}, "homeCity": "Malang, Indonesia", "lists": {"groups": [{"items": [], "count": 2, "type": "created"}]}}, {"tips": {"count": 0}, "contact": {"facebook": "100001179982350"}, "firstName": "Regina", "gender": "female", "lastName": "Gunawan", "id": "4529093", "bio": "", "photo": {"prefix": "https://igx.4sqi.net/img/user/", "suffix": "/QZBEE5G02Y51JZP1.jpg"}, "homeCity": "Malang, Indonesia", "lists": {"groups": [{"items": [], "count": 2, "type": "created"}]}}, {"tips": {"count": 1}, "contact": {"twitter": "eraya_tika", "facebook": "1556202136"}, "firstName": "Eraya Tika", "gender": "female", "id": "11094303", "bio": "20 y.o\r\nIG  : erayatika\r\nPath : erayatika\r\nLine : eraya.tika", "photo": {"prefix": "https://igx.4sqi.net/img/user/", "suffix": "/11094303-K34JNF4YU2RRWIMD.jpg"}, "homeCity": "Sidoarjo, Indonesia", "lists": {"groups": [{"items": [], "count": 3, "type": "created"}]}}, {"tips": {"count": 0}, "contact": {"twitter": "dh1dh13", "facebook": "1804935486"}, "firstName": "Dhidhie", "gender": "male", "lastName": "Zimilikity", "id": "7685764", "bio": "", "photo": {"prefix": "https://igx.4sqi.net/img/user/", "suffix": "/HVXLUUEGABQHDD0V.jpg"}, "homeCity": "indonesia", "lists": {"groups": [{"items": [], "count": 2, "type": "created"}]}}, {"tips": {"count": 1}, "contact": {"twitter": "chentiaaisya"}, "firstName": "chentia", "gender": "female", "lastName": "aisya", "id": "5818240", "bio": "", "photo": {"prefix": "https://igx.4sqi.net/img/user/", "suffix": "/5818240-QUW34Z1IW0MWE0Z0.jpg"}, "homeCity": "Surabaya, Indonesia", "lists": {"groups": [{"items": [], "count": 2, "type": "created"}]}}, {"tips": {"count": 0}, "contact": {"twitter": "belgieangel", "facebook": "1483317632"}, "firstName": "Angelina Canessa", "gender": "female", "lastName": "Belgie", "id": "6697328", "bio": "", "photo": {"prefix": "https://igx.4sqi.net/img/user/", "suffix": "/QPAGLIKFAU4NE3GT.jpg"}, "homeCity": "Bekasi, Indonesia", "lists": {"groups": [{"items": [], "count": 2, "type": "created"}]}}, {"tips": {"count": 0}, "contact": {"twitter": "farastria", "facebook": "1635367306"}, "firstName": "Faradina", "gender": "female", "lastName": "Astria", "id": "5898299", "bio": "", "photo": {"prefix": "https://igx.4sqi.net/img/user/", "suffix": "/KX25NQMQZMHDSGGX.jpg"}, "homeCity": "kediri, Indonesia", "lists": {"groups": [{"items": [], "count": 2, "type": "created"}]}}, {"tips": {"count": 0}, "contact": {"twitter": "phitapratiwi"}, "firstName": "Phita", "gender": "female", "lastName": "Pratiwi", "id": "1935666", "bio": "", "photo": {"prefix": "https://igx.4sqi.net/img/user/", "suffix": "/0YRUTOZJKOT3FN1Q.jpg"}, "homeCity": "Jakarta, Indonesia", "lists": {"groups": [{"items": [], "count": 2, "type": "created"}]}}, {"tips": {"count": 5}, "contact": {"twitter": "lananr", "facebook": "1498789503"}, "firstName": "Maulana Nur", "gender": "female", "lastName": "Rachma", "id": "5186074", "bio": "", "photo": {"prefix": "https://igx.4sqi.net/img/user/", "suffix": "/DTOBRNHGRSPFNUTB.jpg"}, "homeCity": "Surabaya, Indonesia", "lists": {"groups": [{"items": [], "count": 2, "type": "created"}]}}, {"tips": {"count": 0}, "contact": {"twitter": "jovaalexa", "facebook": "1581845994"}, "firstName": "jova", "gender": "male", "lastName": "alexa", "id": "3058860", "bio": "", "photo": {"prefix": "https://igx.4sqi.net/img/user/", "suffix": "/NP4W0VGUX0E2XGDE.jpg"}, "homeCity": "Surabaya, Indonesia", "lists": {"groups": [{"items": [], "count": 3, "type": "created"}]}}, {"tips": {"count": 2}, "contact": {"twitter": "chalidherdy"}, "firstName": "Chalid", "gender": "male", "lastName": "Herdy", "id": "3783989", "bio": "", "photo": {"prefix": "https://igx.4sqi.net/img/user/", "suffix": "/G0NA4QD31PMAUENK.jpg"}, "homeCity": "Mojokerto, Indonesia", "lists": {"groups": [{"items": [], "count": 2, "type": "created"}]}}, {"tips": {"count": 0}, "contact": {"twitter": "cha0397"}, "firstName": "cha", "gender": "female", "lastName": "0397", "id": "1890282", "bio": "", "photo": {"prefix": "https://igx.4sqi.net/img/user/", "suffix": "/DAFVFKK5L2L4JJHR.jpg"}, "homeCity": "Indonesia", "lists": {"groups": [{"items": [], "count": 2, "type": "created"}]}}, {"tips": {"count": 1}, "contact": {"twitter": "dell_lia", "facebook": "1157967030"}, "firstName": "lia", "gender": "female", "lastName": "khodel", "id": "1980541", "bio": "", "photo": {"prefix": "https://igx.4sqi.net/img/user/", "suffix": "/GD2XK2YLVZRDONHN.jpg"}, "homeCity": "Jakarta Selatan, Indonesia", "lists": {"groups": [{"items": [], "count": 2, "type": "created"}]}}, {"tips": {"count": 0}, "contact": {"twitter": "chemoel"}, "firstName": "Annisa Puspa Andira", "gender": "female", "lastName": "Dharmayanda", "id": "1322901", "bio": "", "photo": {"prefix": "https://igx.4sqi.net/img/user/", "suffix": "/RQONG2D3CYZGDAD0.jpg"}, "homeCity": "Surabaya, ", "lists": {"groups": [{"items": [], "count": 2, "type": "created"}]}}, {"tips": {"count": 9}, "contact": {"twitter": "shasuz_sheno", "facebook": "10206050009391398"}, "firstName": "Shasuz", "gender": "male", "lastName": "Sheno", "id": "2609480", "bio": "@Shasuz_Sheno", "photo": {"prefix": "https://igx.4sqi.net/img/user/", "suffix": "/2609480-Q0GUO5HR2TTMUNPS.jpg"}, "homeCity": "Malang, Indonesia", "lists": {"groups": [{"items": [], "count": 3, "type": "created"}]}}, {"tips": {"count": 4}, "contact": {"facebook": "1206961324"}, "firstName": "EZztee", "gender": "female", "lastName": "PRamesti", "id": "9342841", "bio": "", "photo": {"prefix": "https://igx.4sqi.net/img/user/", "suffix": "/RA3GHRJH4W1JQLHG.jpg"}, "homeCity": "Surabaya, Indonesia", "lists": {"groups": [{"items": [], "count": 2, "type": "created"}]}}, {"tips": {"count": 0}, "contact": {"facebook": "1647902443"}, "firstName": "Euodia", "gender": "female", "lastName": "Ajeng", "id": "4368079", "bio": "", "photo": {"prefix": "https://igx.4sqi.net/img/user/", "suffix": "/JSZ2CKL2PEAPRX4W.jpg"}, "homeCity": "Sampit, Indonesia", "lists": {"groups": [{"items": [], "count": 2, "type": "created"}]}}, {"tips": {"count": 0}, "contact": {"facebook": "100000564861609"}, "firstName": "epha", "gender": "female", "lastName": "cephaelis acuminata", "id": "6773130", "bio": "", "photo": {"prefix": "https://igx.4sqi.net/img/user/", "suffix": "/TXPLLVH5KZB2HJ4B.jpg"}, "homeCity": "Sidoarjo, Indonesia", "lists": {"groups": [{"items": [], "count": 2, "type": "created"}]}}, {"tips": {"count": 0}, "contact": {"twitter": "efsurabaya", "facebook": "1058390882"}, "firstName": "EF", "gender": "male", "lastName": "Surabaya", "id": "11355820", "bio": "", "photo": {"prefix": "https://igx.4sqi.net/img/user/", "suffix": "/RXTRZK2F0J40EPG2.jpg"}, "homeCity": "Surabaya, Indonesia", "lists": {"groups": [{"items": [], "count": 2, "type": "created"}]}}, {"tips": {"count": 7}, "contact": {}, "firstName": "Cayoo", "gender": "male", "lastName": "Pratama", "id": "7727961", "bio": "Aku + kamu = kita", "photo": {"prefix": "https://igx.4sqi.net/img/user/", "suffix": "/B3I0JGKZM0ZPW10G.jpg"}, "homeCity": "malang,indonesia", "lists": {"groups": [{"items": [], "count": 2, "type": "created"}]}}, {"tips": {"count": 0}, "contact": {"facebook": "100000363723403"}, "firstName": "prayuni", "gender": "female", "lastName": "damayanti", "id": "6667481", "bio": "", "photo": {"prefix": "https://igx.4sqi.net/img/user/", "suffix": "/WD5BGV2XQCJRGH3M.jpg"}, "homeCity": "Sedati, Indonesia", "lists": {"groups": [{"items": [], "count": 2, "type": "created"}]}}, {"tips": {"count": 0}, "contact": {}, "firstName": "Agil", "gender": "male", "lastName": "Basuki", "id": "6131729", "bio": "", "photo": {"prefix": "https://igx.4sqi.net/img/user/", "suffix": "/HRQ1HA4RB15YNQ5X.jpg"}, "homeCity": "Mojokerto, Indonesia", "lists": {"groups": [{"items": [], "count": 2, "type": "created"}]}}, {"tips": {"count": 15}, "contact": {"twitter": "_mariasd_", "facebook": "1307696645"}, "firstName": "Maria", "gender": "female", "lastName": "Shintya D.", "id": "2462429", "bio": "Ordinary girl in ordinary world\r\n\r\nThink without thinking", "photo": {"prefix": "https://igx.4sqi.net/img/user/", "suffix": "/34TWK010VTIMFBPD.jpg"}, "homeCity": "Surabaya,East Java", "lists": {"groups": [{"items": [], "count": 2, "type": "created"}]}}, {"tips": {"count": 0}, "contact": {}, "firstName": "chandra dewi", "gender": "female", "lastName": "lestari", "id": "14560003", "bio": "", "photo": {"prefix": "https://igx.4sqi.net/img/user/", "suffix": "/3LBUTI1IJRXQ0OZD.jpg"}, "homeCity": "Surabaya, Indonesia", "lists": {"groups": [{"items": [], "count": 2, "type": "created"}]}}, {"tips": {"count": 0}, "contact": {"facebook": "100000290508042"}, "firstName": "ReeD", "gender": "male", "lastName": "Ae", "id": "3060746", "bio": "", "photo": {"prefix": "https://igx.4sqi.net/img/user/", "suffix": "/XITGRDWFYTFJT1DU.jpg"}, "homeCity": "surabaya, Indonesia", "lists": {"groups": [{"items": [], "count": 2, "type": "created"}]}}, {"tips": {"count": 0}, "contact": {"facebook": "1555940809"}, "firstName": "Florentzia", "gender": "female", "lastName": "Karina", "id": "4686876", "bio": "", "photo": {"prefix": "https://igx.4sqi.net/img/user/", "suffix": "/L5OV0QAQFTCNCQIC.jpg"}, "homeCity": "Surabaya, Indonesia", "lists": {"groups": [{"items": [], "count": 2, "type": "created"}]}}, {"tips": {"count": 28}, "contact": {"twitter": "andiemakkawaru", "facebook": "809369932"}, "firstName": "Andie", "gender": "male", "lastName": "Makkawaru", "id": "1954547", "bio": "want to be a photographer", "photo": {"prefix": "https://igx.4sqi.net/img/user/", "suffix": "/GYD0CRBSWJD3HCBS.png"}, "homeCity": "Jakarta", "lists": {"groups": [{"items": [], "count": 2, "type": "created"}]}}, {"tips": {"count": 0}, "contact": {"twitter": "meynaraudito"}, "firstName": "Meynar", "gender": "male", "lastName": "Audito", "id": "1981913", "bio": "", "photo": {"prefix": "https://igx.4sqi.net/img/user/", "suffix": "/G2CWQMW2NQ2FFL31.jpg"}, "homeCity": "Mojokerto, Indonesia", "lists": {"groups": [{"items": [], "count": 2, "type": "created"}]}}, {"tips": {"count": 4}, "contact": {"twitter": "tengahjalan"}, "firstName": "Danny", "gender": "male", "lastName": "Irawan", "id": "1449287", "bio": "", "photo": {"prefix": "https://igx.4sqi.net/img/user/", "suffix": "/XTAS2KM5M3OFQ04E.jpg"}, "homeCity": "Surabaya, East Java", "lists": {"groups": [{"items": [], "count": 2, "type": "created"}]}}, {"tips": {"count": 5}, "contact": {"twitter": "nyudcha", "facebook": "10209962895246267"}, "firstName": "Ellyza", "gender": "female", "lastName": "Novrita Juan", "id": "2669531", "bio": "cant take my steps off you", "photo": {"prefix": "https://igx.4sqi.net/img/user/", "suffix": "/2669531_k5loqS0q_kxDH6NE6bcD1ij00qWNlVkcRqefCrWfSLIc_Boiic7H7gOnPiJMzgrdB-37p8I1u.jpg"}, "homeCity": "Surabaya, Indonesia", "lists": {"groups": [{"items": [], "count": 2, "type": "created"}]}}, {"tips": {"count": 0}, "contact": {"twitter": "paramita__mita", "facebook": "1536147228"}, "firstName": "paramita", "gender": "female", "lastName": "sari", "id": "9433329", "bio": "", "photo": {"prefix": "https://igx.4sqi.net/img/user/", "suffix": "/RFY3GPRGI4BW0PYR.jpg"}, "homeCity": "Buduran, Indonesia", "lists": {"groups": [{"items": [], "count": 2, "type": "created"}]}}, {"tips": {"count": 24}, "contact": {"twitter": "diputrii_", "facebook": "100000519041336"}, "firstName": "Dewi", "gender": "female", "lastName": "Putri", "id": "4377392", "bio": "I'm very interested in photography and travelling. Add me\u263a\u263a", "photo": {"prefix": "https://igx.4sqi.net/img/user/", "suffix": "/PUBZNVZFMMQ4TTBV.jpg"}, "homeCity": "Malang, Indonesia", "lists": {"groups": [{"items": [], "count": 2, "type": "created"}]}}, {"tips": {"count": 0}, "contact": {"twitter": "july_mutz", "facebook": "100000037692507"}, "firstName": "July", "gender": "female", "lastName": "Mutz", "id": "6987408", "bio": "", "photo": {"prefix": "https://igx.4sqi.net/img/user/", "suffix": "/6987408-CTF4BQHTGH0E5JTO.jpg"}, "homeCity": "Jakarta, Indonesia", "lists": {"groups": [{"items": [], "count": 2, "type": "created"}]}}, {"tips": {"count": 3}, "contact": {"twitter": "budyhartanto797", "facebook": "1501346164"}, "firstName": "Budy", "gender": "male", "lastName": "Hartanto", "id": "11416467", "bio": "", "photo": {"prefix": "https://igx.4sqi.net/img/user/", "suffix": "/Q5UJKR4JOHS3IORQ.jpg"}, "homeCity": "Surabaya, Indonesia", "lists": {"groups": [{"items": [], "count": 2, "type": "created"}]}}, {"tips": {"count": 0}, "contact": {"twitter": "echelmike_", "facebook": "1502956545"}, "firstName": "Michael", "gender": "male", "lastName": "Tirajoh", "id": "7729764", "bio": "", "photo": {"prefix": "https://igx.4sqi.net/img/user/", "suffix": "/QFSJUM2I4T1DZWJ0.jpg"}, "homeCity": "Malalayang, Indonesia", "lists": {"groups": [{"items": [], "count": 2, "type": "created"}]}}, {"tips": {"count": 1}, "contact": {"twitter": "anandarizali", "facebook": "1668961210"}, "firstName": "ananda", "gender": "female", "lastName": "rizali", "id": "7515644", "bio": "", "photo": {"prefix": "https://igx.4sqi.net/img/user/", "suffix": "/WIPN5OPDOGS1ONLZ.jpg"}, "homeCity": "Surabaya, Indonesia", "lists": {"groups": [{"items": [], "count": 2, "type": "created"}]}}, {"tips": {"count": 0}, "contact": {"facebook": "100000567474625"}, "firstName": "septo", "gender": "male", "lastName": "kurniawan", "id": "7680602", "bio": "", "photo": {"prefix": "https://igx.4sqi.net/img/user/", "suffix": "/V4T3WHJT31VX3FPV.jpg"}, "homeCity": "Surabaya, Indonesia", "lists": {"groups": [{"items": [], "count": 2, "type": "created"}]}}, {"tips": {"count": 28}, "contact": {"twitter": "kizzfromarose", "facebook": "1392278895"}, "firstName": "Kizz", "gender": "female", "lastName": "Kuzz", "id": "2834426", "bio": "An alice in the citraland", "photo": {"prefix": "https://igx.4sqi.net/img/user/", "suffix": "/2834426-4MO0CBECZO4Z22ZJ.jpg"}, "homeCity": "Indonesia", "lists": {"groups": [{"items": [], "count": 2, "type": "created"}]}}, {"tips": {"count": 15}, "contact": {"twitter": "bradersan"}, "firstName": "istyanto", "gender": "male", "lastName": "defry", "id": "3525009", "bio": "", "photo": {"prefix": "https://igx.4sqi.net/img/user/", "suffix": "/LZM3TJC3DMW5TGWA.jpg"}, "homeCity": "Surabaya, Indonesia", "lists": {"groups": [{"items": [], "count": 2, "type": "created"}]}}, {"tips": {"count": 0}, "contact": {"twitter": "putuvinda"}, "firstName": "Putu", "gender": "female", "lastName": "Vinda", "id": "9301846", "bio": "", "photo": {"prefix": "https://igx.4sqi.net/img/user/", "suffix": "/XK1ULCCCPR2OJHYM.jpg"}, "homeCity": "Waru, Indonesia", "lists": {"groups": [{"items": [], "count": 2, "type": "created"}]}}, {"tips": {"count": 1}, "contact": {"twitter": "yana_yna", "facebook": "1361850360"}, "firstName": "yanna", "gender": "female", "lastName": "yna", "id": "2945080", "bio": "", "photo": {"prefix": "https://igx.4sqi.net/img/user/", "suffix": "/X5IPQRHRBDQZF3VI.jpg"}, "homeCity": "Indonesia", "lists": {"groups": [{"items": [], "count": 2, "type": "created"}]}}, {"tips": {"count": 1}, "contact": {"twitter": "puutd"}, "firstName": "putri", "gender": "female", "lastName": "damayanti", "id": "4392577", "bio": "", "photo": {"prefix": "https://igx.4sqi.net/img/user/", "suffix": "/K4D4S0W1KIJJGZCV.jpg"}, "homeCity": "Surabaya, Indonesia", "lists": {"groups": [{"items": [], "count": 2, "type": "created"}]}}, {"tips": {"count": 0}, "contact": {"twitter": "yunizaicha"}, "firstName": "yuniza", "gender": "female", "lastName": "icha", "id": "1543585", "bio": "", "photo": {"prefix": "https://igx.4sqi.net/img/user/", "suffix": "/N0VHXTVYJK0FM3EW.jpg"}, "homeCity": "Bandung Regency, West Java", "lists": {"groups": [{"items": [], "count": 2, "type": "created"}]}}, {"tips": {"count": 19}, "contact": {"twitter": "dinilianto", "facebook": "1221321668"}, "firstName": "Dini", "gender": "female", "lastName": "Lianto", "id": "2809958", "bio": "", "photo": {"prefix": "https://igx.4sqi.net/img/user/", "suffix": "/XJYEFDVHEE3QWZK5.jpg"}, "homeCity": "Bekasi, Indonesia", "lists": {"groups": [{"items": [], "count": 2, "type": "created"}]}}, {"tips": {"count": 0}, "contact": {"twitter": "gargums"}, "firstName": "elgar gumilang", "gender": "male", "lastName": "suradibrata", "id": "4639103", "bio": "", "photo": {"prefix": "https://igx.4sqi.net/img/user/", "suffix": "/W4OB5XRTIUSVYYUW.jpg"}, "homeCity": "Surabaya, Indonesia", "lists": {"groups": [{"items": [], "count": 2, "type": "created"}]}}, {"tips": {"count": 1}, "contact": {"twitter": "adeade__", "facebook": "100001887334671"}, "firstName": "Ade", "gender": "female", "lastName": "Nurhandayani", "id": "7010760", "bio": "", "photo": {"prefix": "https://igx.4sqi.net/img/user/", "suffix": "/YTR1DH4022MUDNZF.jpg"}, "homeCity": "jakarta, indonesia", "lists": {"groups": [{"items": [], "count": 2, "type": "created"}]}}, {"tips": {"count": 0}, "contact": {"facebook": "100000616211420"}, "firstName": "Arina", "gender": "female", "lastName": "Alright", "id": "10291972", "bio": "", "photo": {"prefix": "https://igx.4sqi.net/img/user/", "suffix": "/V4LMTC4NL3J3HDCE.jpg"}, "homeCity": "Surabaya, Indonesia", "lists": {"groups": [{"items": [], "count": 2, "type": "created"}]}}, {"tips": {"count": 1}, "contact": {"twitter": "witadwitiya", "facebook": "100000365461725"}, "firstName": "witadwitiya", "gender": "female", "lastName": "pRiyahita", "id": "8006068", "bio": "kadang menjadi dewasa tidak semudah yg kita kira", "photo": {"prefix": "https://igx.4sqi.net/img/user/", "suffix": "/2EEA3CAZDO1IWGVI.jpg"}, "homeCity": "Lamongan, Indonesia", "lists": {"groups": [{"items": [], "count": 2, "type": "created"}]}}, {"tips": {"count": 0}, "contact": {"facebook": "1488229644"}, "firstName": "fathur", "gender": "male", "lastName": "rozi", "id": "7737985", "bio": "", "photo": {"prefix": "https://igx.4sqi.net/img/user/", "suffix": "/JFIS3TOZQA12AE24.jpg"}, "homeCity": "Gresik, Indonesia", "lists": {"groups": [{"items": [], "count": 2, "type": "created"}]}}, {"tips": {"count": 10}, "contact": {"twitter": "sumith_yauw"}, "firstName": "Sumith", "gender": "male", "lastName": "Yauw", "id": "3367512", "bio": "", "photo": {"prefix": "https://igx.4sqi.net/img/user/", "suffix": "/X3SH0T1N4ELV0NV0.jpg"}, "homeCity": "Makassar, Indonesia", "lists": {"groups": [{"items": [], "count": 2, "type": "created"}]}}, {"tips": {"count": 4}, "contact": {"twitter": "febriesmond", "facebook": "100002618605745"}, "firstName": "Cris Febri", "gender": "male", "lastName": "Frets Wensen", "id": "3918964", "bio": "", "photo": {"prefix": "https://igx.4sqi.net/img/user/", "suffix": "/QOSMVV1B0QK0EWV2.jpg"}, "homeCity": "Indonesia", "lists": {"groups": [{"items": [], "count": 2, "type": "created"}]}}, {"tips": {"count": 0}, "contact": {}, "firstName": "meme", "gender": "female", "lastName": "quantio nayful", "id": "14701843", "bio": "", "photo": {"prefix": "https://igx.4sqi.net/img/user/", "suffix": "/blank_girl.png", "default": true}, "homeCity": "Indonesia", "lists": {"groups": [{"items": [], "count": 2, "type": "created"}]}}, {"tips": {"count": 0}, "contact": {"twitter": "jarahmonggo", "facebook": "100000135410896"}, "firstName": "Jarah", "gender": "female", "lastName": "Monggo", "id": "3551595", "bio": "", "photo": {"prefix": "https://igx.4sqi.net/img/user/", "suffix": "/WFPLZQW2CPKDH0RT.jpg"}, "homeCity": "Jakarta, Indonesia", "lists": {"groups": [{"items": [], "count": 2, "type": "created"}]}}, {"tips": {"count": 0}, "contact": {"twitter": "chiesquidward", "facebook": "1430525248"}, "firstName": "chie", "gender": "female", "lastName": "squidward", "id": "4394598", "bio": "", "photo": {"prefix": "https://igx.4sqi.net/img/user/", "suffix": "/02VVVKGXFL0LHEGQ.jpg"}, "homeCity": "Surabaya, Indonesia", "lists": {"groups": [{"items": [], "count": 2, "type": "created"}]}}, {"tips": {"count": 0}, "contact": {"twitter": "bruummm", "facebook": "1288878441"}, "firstName": "bramasto", "gender": "male", "lastName": "bayu", "id": "1682758", "bio": "", "photo": {"prefix": "https://igx.4sqi.net/img/user/", "suffix": "/IZESWUB0C1G4OIKV.jpg"}, "homeCity": "Surabaya", "lists": {"groups": [{"items": [], "count": 2, "type": "created"}]}}, {"tips": {"count": 0}, "contact": {"twitter": "santi_chu", "facebook": "1581789199"}, "firstName": "Santi", "gender": "female", "lastName": "Budiman", "id": "3202344", "bio": "", "photo": {"prefix": "https://igx.4sqi.net/img/user/", "suffix": "/3NFJAEO0155T25TN.jpg"}, "homeCity": "New York, NY", "lists": {"groups": [{"items": [], "count": 2, "type": "created"}]}}, {"tips": {"count": 0}, "contact": {"twitter": "benyadam", "facebook": "100001526360953"}, "firstName": "Beny", "gender": "male", "lastName": "Adam", "id": "6181069", "bio": "", "photo": {"prefix": "https://igx.4sqi.net/img/user/", "suffix": "/CSDA1E0GMX2LBOFG.jpg"}, "homeCity": "Surabaya, East Java, Indonesia", "lists": {"groups": [{"items": [], "count": 2, "type": "created"}]}}, {"tips": {"count": 1}, "contact": {"twitter": "mita_mito", "facebook": "1389769332"}, "firstName": "paramita", "gender": "female", "id": "7222289", "bio": "Be real, be yourself, be unique, be true, be honest, be humble, be happy..", "photo": {"prefix": "https://igx.4sqi.net/img/user/", "suffix": "/7222289-N24AAIG0DZGNCC1E.jpg"}, "homeCity": "Jakarta, Indonesia", "lists": {"groups": [{"items": [], "count": 6, "type": "created"}]}}, {"tips": {"count": 0}, "contact": {"facebook": "100000020131450"}, "firstName": "Made", "gender": "male", "lastName": "Setyawan", "id": "10741977", "bio": "", "photo": {"prefix": "https://igx.4sqi.net/img/user/", "suffix": "/R4TK3MCP453U3PMZ.jpg"}, "homeCity": "Malang, Indonesia", "lists": {"groups": [{"items": [], "count": 2, "type": "created"}]}}, {"tips": {"count": 0}, "contact": {"twitter": "fahmirantiw", "facebook": "1170446113"}, "firstName": "Fahmiranti", "gender": "female", "lastName": "Widazulfia", "id": "8067046", "bio": "", "photo": {"prefix": "https://igx.4sqi.net/img/user/", "suffix": "/K3DI2MO3VV33NMKD.jpg"}, "homeCity": "Indonesia", "lists": {"groups": [{"items": [], "count": 2, "type": "created"}]}}, {"tips": {"count": 0}, "contact": {"facebook": "1445804682"}, "firstName": "Jason", "gender": "male", "lastName": "Decman", "id": "13171544", "bio": "", "photo": {"prefix": "https://igx.4sqi.net/img/user/", "suffix": "/GXV4LRKBXJF0BTKP.jpg"}, "homeCity": "Surabaya", "lists": {"groups": [{"items": [], "count": 2, "type": "created"}]}}, {"tips": {"count": 2}, "contact": {"twitter": "justindrafull", "facebook": "1046183007"}, "firstName": "Just Indra", "gender": "male", "id": "3571533", "bio": "", "photo": {"prefix": "https://igx.4sqi.net/img/user/", "suffix": "/IVCZRQ0KVJNCEECF.jpg"}, "homeCity": "jakarta", "lists": {"groups": [{"items": [], "count": 2, "type": "created"}]}}, {"tips": {"count": 0}, "contact": {"facebook": "1120660254"}, "firstName": "bayi", "gender": "male", "lastName": "99", "id": "3923191", "bio": "", "photo": {"prefix": "https://igx.4sqi.net/img/user/", "suffix": "/INLVKEPS5FVJRWGW.jpg"}, "homeCity": "Jawa Timur, Indonesia", "lists": {"groups": [{"items": [], "count": 2, "type": "created"}]}}, {"tips": {"count": 0}, "contact": {"facebook": "100000840498886"}, "firstName": "Rahmat", "gender": "male", "lastName": "Hidayat", "id": "4590098", "bio": "", "photo": {"prefix": "https://igx.4sqi.net/img/user/", "suffix": "/-PZC2ZNYUUT2HAC3M.jpg"}, "homeCity": "Surabaya, Indonesia", "lists": {"groups": [{"items": [], "count": 2, "type": "created"}]}}, {"tips": {"count": 1}, "contact": {"twitter": "uneznezz", "facebook": "1425431457"}, "firstName": "Unezz", "gender": "male", "lastName": "Nezz", "id": "7568503", "bio": "", "photo": {"prefix": "https://igx.4sqi.net/img/user/", "suffix": "/H55KMKDXTS2YXXAR.jpg"}, "homeCity": "Surabaya, Indonesia", "lists": {"groups": [{"items": [], "count": 2, "type": "created"}]}}, {"tips": {"count": 1}, "contact": {"twitter": "daniasafitri", "facebook": "1655741112"}, "firstName": "dania", "gender": "female", "lastName": "safitri", "id": "1722198", "bio": "", "photo": {"prefix": "https://igx.4sqi.net/img/user/", "suffix": "/OSW5COY0WLCIKUNT.jpg"}, "homeCity": "surabaya, indonesia", "lists": {"groups": [{"items": [], "count": 2, "type": "created"}]}}, {"tips": {"count": 5}, "contact": {"facebook": "1169024005"}, "firstName": "Samoke", "gender": "male", "lastName": "Moxer", "id": "3202730", "bio": "", "photo": {"prefix": "https://igx.4sqi.net/img/user/", "suffix": "/401JHW2LRGPLWYZ2.jpg"}, "homeCity": "Surabaya, Indonesia", "lists": {"groups": [{"items": [], "count": 2, "type": "created"}]}}, {"tips": {"count": 2}, "contact": {"twitter": "juriiig"}, "firstName": "Juju", "gender": "none", "lastName": "Jurig", "id": "6895104", "bio": "", "photo": {"prefix": "https://igx.4sqi.net/img/user/", "suffix": "/JFQUX43IK1OA05TK.jpg"}, "homeCity": "Bandung, Indonesia", "lists": {"groups": [{"items": [], "count": 2, "type": "created"}]}}, {"tips": {"count": 1}, "contact": {"twitter": "puputchantiek", "facebook": "1745203728"}, "firstName": "Puput", "gender": "female", "lastName": "Chanchubiez", "id": "7363164", "bio": "", "photo": {"prefix": "https://igx.4sqi.net/img/user/", "suffix": "/M3XLJFSAF3TNKPDA.jpg"}, "homeCity": "Surabaya, Indonesia", "lists": {"groups": [{"items": [], "count": 2, "type": "created"}]}}, {"tips": {"count": 2}, "contact": {"twitter": "reinaldojilholy", "facebook": "100000587330395"}, "firstName": "reinaldo", "gender": "male", "lastName": "ndagu", "id": "10749590", "bio": "", "photo": {"prefix": "https://igx.4sqi.net/img/user/", "suffix": "/FQ2E03W2OZNHJJDS.jpg"}, "homeCity": "Denpasar, Indonesia", "lists": {"groups": [{"items": [], "count": 8, "type": "created"}]}}, {"tips": {"count": 162}, "contact": {"twitter": "ardykomputer", "facebook": "535324923"}, "firstName": "Fandy", "gender": "male", "lastName": "Ardy", "id": "8081447", "bio": "", "photo": {"prefix": "https://igx.4sqi.net/img/user/", "suffix": "/HNGNLH3LAQPWXCAB.jpg"}, "homeCity": "Malang, Indonesia", "lists": {"groups": [{"items": [], "count": 4, "type": "created"}]}}, {"tips": {"count": 0}, "contact": {"twitter": "lukmanhf"}, "firstName": "Lukman", "gender": "male", "lastName": "Firdausi", "id": "13408643", "bio": "", "photo": {"prefix": "https://igx.4sqi.net/img/user/", "suffix": "/F51JNF4YU3PS2W0U.jpg"}, "homeCity": "Surabaya, Indonesia", "lists": {"groups": [{"items": [], "count": 3, "type": "created"}]}}, {"tips": {"count": 1}, "contact": {"facebook": "100001463780671"}, "firstName": "Katrin", "gender": "female", "lastName": "endah", "id": "3595537", "bio": "", "photo": {"prefix": "https://igx.4sqi.net/img/user/", "suffix": "/YLN03QV1BSIJKBOZ.jpg"}, "homeCity": "Jakarta, Indonesia", "lists": {"groups": [{"items": [], "count": 2, "type": "created"}]}}, {"tips": {"count": 3}, "contact": {"twitter": "ayumeliana", "facebook": "1648776032"}, "firstName": "Marthy", "gender": "female", "lastName": "Meliana", "id": "5383375", "bio": "", "photo": {"prefix": "https://igx.4sqi.net/img/user/", "suffix": "/FPN011VMMOTCFKQF.jpg"}, "homeCity": "Surabaya, Indonesia", "lists": {"groups": [{"items": [], "count": 2, "type": "created"}]}}, {"tips": {"count": 0}, "contact": {}, "firstName": "Cynthia", "gender": "female", "lastName": "R.H", "id": "4707254", "bio": "", "photo": {"prefix": "https://igx.4sqi.net/img/user/", "suffix": "/VXCSUU5E0NJRGCZW.jpg"}, "homeCity": "Surabaya, Indonesia", "lists": {"groups": [{"items": [], "count": 2, "type": "created"}]}}, {"tips": {"count": 2}, "contact": {"twitter": "risahree"}, "firstName": "sahree", "gender": "male", "lastName": "ramadhan", "id": "1829173", "bio": "", "photo": {"prefix": "https://igx.4sqi.net/img/user/", "suffix": "/IZ0U5CWUEZ5HZNJ3.jpg"}, "homeCity": "Bandung, Indonesia", "lists": {"groups": [{"items": [], "count": 2, "type": "created"}]}}, {"tips": {"count": 2}, "contact": {"twitter": "63enkes", "facebook": "100000974055106"}, "firstName": "Enkes", "gender": "male", "lastName": "sejahtera", "id": "3262914", "bio": "", "photo": {"prefix": "https://igx.4sqi.net/img/user/", "suffix": "/KZZIN1JQXMZBUZG0.jpg"}, "homeCity": "Mojokerto, Indonesia", "lists": {"groups": [{"items": [], "count": 2, "type": "created"}]}}, {"tips": {"count": 2}, "contact": {"twitter": "rifaelleonardo", "facebook": "1808648855"}, "firstName": "rifael", "gender": "male", "lastName": "leonardo", "id": "7303034", "bio": "", "photo": {"prefix": "https://igx.4sqi.net/img/user/", "suffix": "/3GSAG0UVHPUC5RXB.jpg"}, "homeCity": "Malang, Indonesia", "lists": {"groups": [{"items": [], "count": 2, "type": "created"}]}}, {"tips": {"count": 2}, "contact": {"twitter": "abunclass_", "facebook": "1162233907"}, "firstName": "Abun", "gender": "male", "lastName": "lovely", "id": "7759016", "bio": "", "photo": {"prefix": "https://igx.4sqi.net/img/user/", "suffix": "/D2GVONXPDAYBA5U3.jpg"}, "homeCity": "Bandung, Indonesia", "lists": {"groups": [{"items": [], "count": 2, "type": "created"}]}}, {"tips": {"count": 1}, "contact": {"twitter": "raturara"}, "firstName": "Ratu", "gender": "female", "lastName": "Cahaya", "id": "13362661", "bio": "", "photo": {"prefix": "https://igx.4sqi.net/img/user/", "suffix": "/L2BDDYU4TEMBJENU.jpg"}, "homeCity": "NY", "lists": {"groups": [{"items": [], "count": 2, "type": "created"}]}}, {"tips": {"count": 0}, "contact": {"twitter": "bywijaksono", "facebook": "1262596157"}, "firstName": "Bayu", "gender": "male", "lastName": "Wijaksono", "id": "8498617", "bio": "", "photo": {"prefix": "https://igx.4sqi.net/img/user/", "suffix": "/15DF2LJLWWRXBUHC.jpg"}, "homeCity": "surabaya, Indonesia", "lists": {"groups": [{"items": [], "count": 2, "type": "created"}]}}, {"tips": {"count": 0}, "contact": {"facebook": "1685896258"}, "firstName": "angelia", "gender": "female", "lastName": "wijaya", "id": "13725583", "bio": "", "photo": {"prefix": "https://igx.4sqi.net/img/user/", "suffix": "/13725583-1HQONKBZNFTQY3AV.jpg"}, "homeCity": "Malang, Indonesia", "lists": {"groups": [{"items": [], "count": 2, "type": "created"}]}}, {"tips": {"count": 1}, "contact": {"twitter": "herupharmacist", "facebook": "10204300022966692"}, "firstName": "heru", "gender": "male", "lastName": "pharmacist", "id": "3657288", "bio": "", "photo": {"prefix": "https://igx.4sqi.net/img/user/", "suffix": "/GZX3TI1IWLFK1W1I.jpg"}, "homeCity": "Mojokerto, Indonesia", "lists": {"groups": [{"items": [], "count": 2, "type": "created"}]}}, {"tips": {"count": 0}, "contact": {"facebook": "1731264121"}, "firstName": "etta", "gender": "female", "lastName": "tjia", "id": "5870337", "bio": "", "photo": {"prefix": "https://igx.4sqi.net/img/user/", "suffix": "/O13VH2UWK5C5DJO2.jpg"}, "homeCity": "Surabaya, Indonesia", "lists": {"groups": [{"items": [], "count": 2, "type": "created"}]}}, {"tips": {"count": 5}, "contact": {"twitter": "bib_biboxz", "facebook": "1403518346331199"}, "firstName": "Aprilia", "gender": "female", "lastName": "Sisca", "id": "4709900", "bio": "", "photo": {"prefix": "https://igx.4sqi.net/img/user/", "suffix": "/4709900-V4ETN5PFR3C0UMSM.jpg"}, "homeCity": "Indonesia", "lists": {"groups": [{"items": [], "count": 4, "type": "created"}]}}, {"tips": {"count": 3}, "contact": {"twitter": "mizzeloveshoot", "facebook": "1243126232"}, "firstName": "Michelle", "gender": "female", "lastName": "Yeremi", "id": "2030436", "bio": "Model from Camera, Photographer from Google, Designer from Paper, Fashionable from Blog, MC from Mic, Vocalist from Heaven, DJ from Hell ! Volunteer for Christ~", "photo": {"prefix": "https://igx.4sqi.net/img/user/", "suffix": "/YWX4OBMVYDGRPLGD.jpg"}, "homeCity": "Surabaya, ID", "lists": {"groups": [{"items": [], "count": 2, "type": "created"}]}}, {"tips": {"count": 0}, "contact": {"twitter": "adiet_kendor", "facebook": "1085106701"}, "firstName": "Adiet", "gender": "male", "lastName": "Kendor", "id": "3394982", "bio": "", "photo": {"prefix": "https://igx.4sqi.net/img/user/", "suffix": "/0NKSFB1IIJZSZ2MZ.jpg"}, "homeCity": "Surabaya, Indonesia", "lists": {"groups": [{"items": [], "count": 2, "type": "created"}]}}, {"tips": {"count": 0}, "contact": {"facebook": "1546681035"}, "firstName": "Tyas Surya", "gender": "female", "lastName": "Ninggar", "id": "8556091", "bio": "", "photo": {"prefix": "https://igx.4sqi.net/img/user/", "suffix": "/8556091-TYKCT1DPNLM1ZBDQ.jpg"}, "homeCity": "Surabaya, Indonesia", "lists": {"groups": [{"items": [], "count": 2, "type": "created"}]}}, {"tips": {"count": 2}, "contact": {"twitter": "the_dunk7", "facebook": "1410275790"}, "firstName": "Teddy", "gender": "male", "lastName": "Yosza", "id": "11690010", "bio": "", "photo": {"prefix": "https://igx.4sqi.net/img/user/", "suffix": "/11690010-AU2QS1CWXDHV2ZO3.jpg"}, "homeCity": "Surabaya, Indonesia", "lists": {"groups": [{"items": [], "count": 2, "type": "created"}]}}, {"tips": {"count": 0}, "contact": {"twitter": "di_ardhi", "facebook": "100001574406122"}, "firstName": "ardhi", "gender": "male", "lastName": "ansyah", "id": "8978155", "bio": "", "photo": {"prefix": "https://igx.4sqi.net/img/user/", "suffix": "/8978155-VHWEB3VSPSROCOXB.jpg"}, "homeCity": "Surabaya, Indonesia", "lists": {"groups": [{"items": [], "count": 2, "type": "created"}]}}, {"tips": {"count": 1}, "contact": {"facebook": "1041205151"}, "firstName": "Asrini", "gender": "female", "lastName": "Prabandari", "id": "13874134", "bio": "", "photo": {"prefix": "https://igx.4sqi.net/img/user/", "suffix": "/3MIH1YSOWJQRFTBX.jpg"}, "homeCity": "Banjarnegara, Indonesia", "lists": {"groups": [{"items": [], "count": 2, "type": "created"}]}}, {"tips": {"count": 4}, "contact": {"twitter": "anugrah_ebtanto", "facebook": "843589843"}, "firstName": "anugrah", "gender": "male", "lastName": "ebtanto", "id": "3660429", "bio": "", "photo": {"prefix": "https://igx.4sqi.net/img/user/", "suffix": "/ZLN3WUUY3CFMOI3X.jpg"}, "homeCity": "Surabaya", "lists": {"groups": [{"items": [], "count": 2, "type": "created"}]}}, {"tips": {"count": 7}, "contact": {"twitter": "hizkiaumbuhina", "facebook": "1064574657"}, "firstName": "Hizkia", "gender": "male", "lastName": "umbu", "id": "8254489", "bio": "", "photo": {"prefix": "https://igx.4sqi.net/img/user/", "suffix": "/QDLDJNY2ZNQQRXSC.jpg"}, "homeCity": "Mojokerto, Indonesia", "lists": {"groups": [{"items": [], "count": 7, "type": "created"}]}}, {"tips": {"count": 0}, "contact": {"twitter": "deteksijp", "facebook": "692899524"}, "firstName": "DetEksi", "gender": "male", "lastName": "jawapos", "id": "4710883", "bio": "", "photo": {"prefix": "https://igx.4sqi.net/img/user/", "suffix": "/U0BXY5BFNGNEFTXN.jpg"}, "homeCity": "Surabaya, Indonesia", "lists": {"groups": [{"items": [], "count": 2, "type": "created"}]}}, {"tips": {"count": 0}, "contact": {"twitter": "lutfihere", "facebook": "1318416901"}, "firstName": "Lutfi", "gender": "male", "lastName": "Here", "id": "2218605", "bio": "", "photo": {"prefix": "https://igx.4sqi.net/img/user/", "suffix": "/5Z2BZJHCJRAL3KGN.jpg"}, "homeCity": "Banjarmasin, South Borneo", "lists": {"groups": [{"items": [], "count": 2, "type": "created"}]}}, {"tips": {"count": 1}, "contact": {"twitter": "hendriovp", "facebook": "1383417043"}, "firstName": "hendrio", "gender": "male", "lastName": "verry pradistira", "id": "3396491", "bio": "", "photo": {"prefix": "https://igx.4sqi.net/img/user/", "suffix": "/WT213MYCDE3M5ZXT.jpg"}, "homeCity": "Mojokerto, Indonesia", "lists": {"groups": [{"items": [], "count": 2, "type": "created"}]}}, {"tips": {"count": 2}, "contact": {"facebook": "1262433261"}, "firstName": "Maria", "gender": "female", "lastName": "Shinta", "id": "8581724", "bio": "", "photo": {"prefix": "https://igx.4sqi.net/img/user/", "suffix": "/UZFOTBUIP1Z2SSVN.jpg"}, "homeCity": "Surabaya, Indonesia", "lists": {"groups": [{"items": [], "count": 2, "type": "created"}]}}, {"tips": {"count": 2}, "contact": {"twitter": "komputerlaptop", "facebook": "100001137815864"}, "firstName": "komputer", "gender": "male", "id": "11718936", "bio": "", "photo": {"prefix": "https://igx.4sqi.net/img/user/", "suffix": "/3AYETICKKY3X5HIF.jpg"}, "homeCity": "Bogor, Indonesia", "lists": {"groups": [{"items": [], "count": 2, "type": "created"}]}}, {"tips": {"count": 7}, "contact": {}, "firstName": "Putu", "gender": "female", "lastName": "Larashati", "id": "12978101", "bio": "", "photo": {"prefix": "https://igx.4sqi.net/img/user/", "suffix": "/1SZBM1PEZUFOCPS2.jpg"}, "homeCity": "", "lists": {"groups": [{"items": [], "count": 2, "type": "created"}]}}, {"tips": {"count": 15}, "contact": {"twitter": "awanmelon", "facebook": "1051480132"}, "firstName": "Awan", "gender": "male", "lastName": "Melon", "id": "3744227", "bio": "", "photo": {"prefix": "https://igx.4sqi.net/img/user/", "suffix": "/3YMBZ0SNOQCBBNHO.jpg"}, "homeCity": "Jakarta, Indonesia", "lists": {"groups": [{"items": [], "count": 2, "type": "created"}]}}, {"tips": {"count": 0}, "contact": {}, "firstName": "Helda", "gender": "female", "lastName": "Shahab", "id": "12934081", "bio": "", "photo": {"prefix": "https://igx.4sqi.net/img/user/", "suffix": "/FVTS3ARPZ3HFFZL5.jpg"}, "homeCity": "NY", "lists": {"groups": [{"items": [], "count": 2, "type": "created"}]}}, {"tips": {"count": 1}, "contact": {"twitter": "simon_justpioz", "facebook": "1267092379"}, "firstName": "Simon", "gender": "male", "lastName": "Justpioz", "id": "7909806", "bio": "", "photo": {"prefix": "https://igx.4sqi.net/img/user/", "suffix": "/4CHCO4IRHF250TL4.jpg"}, "homeCity": "Surabaya, Indonesia", "lists": {"groups": [{"items": [], "count": 5, "type": "created"}]}}, {"tips": {"count": 2}, "contact": {}, "firstName": "Mega", "gender": "female", "lastName": "Citra", "id": "2232294", "bio": "", "photo": {"prefix": "https://igx.4sqi.net/img/user/", "suffix": "/43DMJ0V25UB5MTMP.jpg"}, "homeCity": "Jawa Timur", "lists": {"groups": [{"items": [], "count": 2, "type": "created"}]}}, {"tips": {"count": 0}, "contact": {}, "firstName": "Niken", "gender": "female", "lastName": "Saraswati", "id": "3397219", "bio": "", "photo": {"prefix": "https://igx.4sqi.net/img/user/", "suffix": "/EI3X2XW5MUSKPQV3.jpg"}, "homeCity": "Surabaya, Indonesia", "lists": {"groups": [{"items": [], "count": 2, "type": "created"}]}}, {"tips": {"count": 66}, "contact": {"twitter": "echo_aslah", "facebook": "100001917311771"}, "firstName": "Eko", "gender": "male", "lastName": "Wahyu Setiawan", "id": "9076198", "bio": "", "photo": {"prefix": "https://igx.4sqi.net/img/user/", "suffix": "/LZ1GF5OYG2WR4NTN.jpg"}, "homeCity": "Tabanan, Indonesia", "lists": {"groups": [{"items": [], "count": 4, "type": "created"}]}}, {"tips": {"count": 0}, "contact": {}, "firstName": "Cynthia", "gender": "female", "lastName": "R.H", "id": "14326086", "bio": "Faculty Of Psychology, Surabaya University. Engaged with Rizky Setiawan", "photo": {"prefix": "https://igx.4sqi.net/img/user/", "suffix": "/YM4X4JCR3K2XI2XP.jpg"}, "homeCity": "Surabaya, Indonesia", "lists": {"groups": [{"items": [], "count": 2, "type": "created"}]}}, {"tips": {"count": 1}, "contact": {}, "firstName": "Didik", "gender": "male", "lastName": "Fahmi", "id": "13809413", "bio": "", "photo": {"prefix": "https://igx.4sqi.net/img/user/", "suffix": "/XS10JPUKXL0TYNND.jpg"}, "homeCity": "Bekasi, Indonesia", "lists": {"groups": [{"items": [], "count": 2, "type": "created"}]}}, {"tips": {"count": 0}, "contact": {"twitter": "octitis", "facebook": "1804211188"}, "firstName": "Octitis", "gender": "female", "lastName": "Paulina", "id": "3960006", "bio": "", "photo": {"prefix": "https://igx.4sqi.net/img/user/", "suffix": "/DD2PJSZZGI4AEFYT.jpg"}, "homeCity": "Mojokerto, Indonesia", "lists": {"groups": [{"items": [], "count": 2, "type": "created"}]}}, {"tips": {"count": 0}, "contact": {}, "firstName": "Rangga", "gender": "male", "lastName": "Gejebor", "id": "12941106", "bio": "", "photo": {"prefix": "https://igx.4sqi.net/img/user/", "suffix": "/J24HN3OBD2I3LLBM.jpg"}, "homeCity": "Mojokerto, Indonesia", "lists": {"groups": [{"items": [], "count": 2, "type": "created"}]}}, {"tips": {"count": 0}, "contact": {"facebook": "100000084260180"}, "firstName": "Chumy", "gender": "male", "lastName": "Kide Bouvier", "id": "8311708", "bio": "", "photo": {"prefix": "https://igx.4sqi.net/img/user/", "suffix": "/blank_boy.png", "default": true}, "homeCity": "Cilacap, Indonesia", "lists": {"groups": [{"items": [], "count": 2, "type": "created"}]}}, {"tips": {"count": 179}, "contact": {"twitter": "mikaaffandy", "facebook": "1238934473"}, "firstName": "mika", "gender": "male", "lastName": "affandy", "id": "2241931", "bio": "@MIKAAFFANDY", "photo": {"prefix": "https://igx.4sqi.net/img/user/", "suffix": "/2241931-KP4Q0HY3TGT0BYNR.jpg"}, "homeCity": "Jakarta", "lists": {"groups": [{"items": [], "count": 2, "type": "created"}]}}, {"tips": {"count": 0}, "contact": {"twitter": "apfia_raharja", "facebook": "1260794822"}, "firstName": "Apfia", "gender": "female", "lastName": "Raharja", "id": "3851836", "bio": "", "photo": {"prefix": "https://igx.4sqi.net/img/user/", "suffix": "/CMV40EZ4KVTD1Q1J.jpg"}, "homeCity": "Surabaya, Indonesia", "lists": {"groups": [{"items": [], "count": 2, "type": "created"}]}}, {"tips": {"count": 0}, "contact": {"facebook": "100001263151018"}, "firstName": "Jezzy", "gender": "female", "lastName": "Dewantari", "id": "10029676", "bio": "", "photo": {"prefix": "https://igx.4sqi.net/img/user/", "suffix": "/NZC04JSVYN24MQUH.jpg"}, "homeCity": "Surabaya, Indonesia", "lists": {"groups": [{"items": [], "count": 2, "type": "created"}]}}, {"tips": {"count": 0}, "contact": {"twitter": "okay_angga", "facebook": "1736161485"}, "firstName": "okay", "gender": "male", "lastName": "angga", "id": "14644777", "bio": "", "photo": {"prefix": "https://igx.4sqi.net/img/user/", "suffix": "/LR0NNWVS40DEX15E.jpg"}, "homeCity": "Indonesia", "lists": {"groups": [{"items": [], "count": 3, "type": "created"}]}}, {"tips": {"count": 0}, "contact": {}, "firstName": "Meng", "gender": "female", "lastName": "Makcho", "id": "15125693", "bio": "", "photo": {"prefix": "https://igx.4sqi.net/img/user/", "suffix": "/blank_girl.png", "default": true}, "homeCity": "Surabaya, Indonesia", "lists": {"groups": [{"items": [], "count": 2, "type": "created"}]}}, {"tips": {"count": 0}, "contact": {"twitter": "sriworyati", "facebook": "100001231656730"}, "firstName": "Sri", "gender": "female", "lastName": "Woryati", "id": "4907915", "bio": "", "photo": {"prefix": "https://igx.4sqi.net/img/user/", "suffix": "/3OOJOUOM3Z0MQ1ZK.jpg"}, "homeCity": "Surabaya", "lists": {"groups": [{"items": [], "count": 2, "type": "created"}]}}, {"tips": {"count": 0}, "contact": {"twitter": "thiiazzt"}, "firstName": "Thiiazzt", "gender": "female", "lastName": "Sun", "id": "13057913", "bio": "", "photo": {"prefix": "https://igx.4sqi.net/img/user/", "suffix": "/FMNTYSP5R4OM42Y2.jpg"}, "homeCity": "Surabaya, Indonesia", "lists": {"groups": [{"items": [], "count": 3, "type": "created"}]}}, {"tips": {"count": 4}, "contact": {"facebook": "1525427792"}, "firstName": "tukang_...", "gender": "male", "id": "9963288", "bio": "", "photo": {"prefix": "https://igx.4sqi.net/img/user/", "suffix": "/XGFD50U5WWLCYXWG.jpg"}, "homeCity": "Makassar, Indonesia", "lists": {"groups": [{"items": [], "count": 2, "type": "created"}]}}, {"tips": {"count": 0}, "contact": {"twitter": "dodofm", "facebook": "1665325762"}, "firstName": "Fitri", "gender": "female", "lastName": "Maharany", "id": "2262273", "bio": "a dream catcher", "photo": {"prefix": "https://igx.4sqi.net/img/user/", "suffix": "/4WQJT1FWCTHTLLBK.jpg"}, "homeCity": "Malang, Indonesia", "lists": {"groups": [{"items": [], "count": 2, "type": "created"}]}}, {"tips": {"count": 4}, "contact": {"twitter": "4ud19"}, "firstName": "Audi", "gender": "male", "lastName": "Hidayat", "id": "3886512", "bio": "", "photo": {"prefix": "https://igx.4sqi.net/img/user/", "suffix": "/COLZCHOJ1GQU1RZK.jpg"}, "homeCity": "Riyadh, Saudi Arabia", "lists": {"groups": [{"items": [], "count": 2, "type": "created"}]}}, {"tips": {"count": 2}, "contact": {"twitter": "dephiemarpaung"}, "firstName": "Dephie", "gender": "female", "lastName": "Marpaung", "id": "10334754", "bio": "", "photo": {"prefix": "https://igx.4sqi.net/img/user/", "suffix": "/SG35LFMKZ4JKFLHS.jpg"}, "homeCity": "Waru - Sidoarjo", "lists": {"groups": [{"items": [], "count": 2, "type": "created"}]}}, {"tips": {"count": 0}, "contact": {"twitter": "vir9iantoro", "facebook": "1215924585"}, "firstName": "ivan", "gender": "male", "lastName": "virgiantoro", "id": "15050714", "bio": "", "photo": {"prefix": "https://igx.4sqi.net/img/user/", "suffix": "/UV0DM4ORKRBYCIWH.jpg"}, "homeCity": "Malaysia", "lists": {"groups": [{"items": [], "count": 6, "type": "created"}]}}, {"tips": {"count": 2}, "contact": {"twitter": "warongs", "facebook": "100001599662315"}, "firstName": "wan yotomo", "gender": "male", "id": "4908003", "bio": "", "photo": {"prefix": "https://igx.4sqi.net/img/user/", "suffix": "/3K15GYXKFQSJRNPX.jpg"}, "homeCity": "Surabaya,Indonesia", "lists": {"groups": [{"items": [], "count": 2, "type": "created"}]}}, {"tips": {"count": 0}, "contact": {}, "firstName": "dewie", "gender": "female", "lastName": "tricia", "id": "12021683", "bio": "", "photo": {"prefix": "https://igx.4sqi.net/img/user/", "suffix": "/TAYQRERLIHY2FIOF.jpg"}, "homeCity": "Surabaya, Indonesia", "lists": {"groups": [{"items": [], "count": 2, "type": "created"}]}}, {"tips": {"count": 0}, "contact": {"twitter": "putrakusumadp", "facebook": "100000054083833"}, "firstName": "Putra", "gender": "male", "lastName": "Kusuma", "id": "2727555", "bio": "", "photo": {"prefix": "https://igx.4sqi.net/img/user/", "suffix": "/OLXCH0CJLNBKZGMD.jpg"}, "homeCity": "Malang , East Java , Indonesia", "lists": {"groups": [{"items": [], "count": 2, "type": "created"}]}}, {"tips": {"count": 3}, "contact": {"twitter": "johanesbudhi", "facebook": "1590662060"}, "firstName": "Johanes", "gender": "male", "lastName": "Budhi Hermawan", "id": "4613745", "bio": "", "photo": {"prefix": "https://igx.4sqi.net/img/user/", "suffix": "/GQZN21KGF1I1RWAV.jpg"}, "homeCity": "Surabaya, Indonesia", "lists": {"groups": [{"items": [], "count": 2, "type": "created"}]}}, {"tips": {"count": 0}, "contact": {"twitter": "miraamelya"}, "firstName": "mira", "gender": "female", "lastName": "amelia", "id": "10673214", "bio": "", "photo": {"prefix": "https://igx.4sqi.net/img/user/", "suffix": "/I2EEBOSFGXZBVHWT.jpg"}, "homeCity": "Salisbury, MD", "lists": {"groups": [{"items": [], "count": 2, "type": "created"}]}}, {"tips": {"count": 1}, "contact": {"twitter": "zhiie", "facebook": "1737609232"}, "firstName": "ziziie", "gender": "female", "id": "4990234", "bio": "@zhiie", "photo": {"prefix": "https://igx.4sqi.net/img/user/", "suffix": "/OI0A1KCEPNVT1Y44.jpg"}, "homeCity": "Surabaya, Indonesia", "lists": {"groups": [{"items": [], "count": 2, "type": "created"}]}}, {"tips": {"count": 3}, "contact": {"twitter": "ikeputrytama", "facebook": "100000002233325"}, "firstName": "Ike", "gender": "female", "lastName": "Putrytama", "id": "2787913", "bio": "", "photo": {"prefix": "https://igx.4sqi.net/img/user/", "suffix": "/KTKBTWBF4BDR0W4D.jpg"}, "homeCity": "surabaya", "lists": {"groups": [{"items": [], "count": 4, "type": "created"}]}}, {"tips": {"count": 2}, "contact": {"twitter": "chiqa_rizka", "facebook": "100000981734350"}, "firstName": "Rizka", "gender": "female", "lastName": "Chiqa", "id": "5304680", "bio": "", "photo": {"prefix": "https://igx.4sqi.net/img/user/", "suffix": "/5304680-J0RNDAMD5TVE4KHF.jpg"}, "homeCity": "New York, NY", "lists": {"groups": [{"items": [], "count": 2, "type": "created"}]}}, {"tips": {"count": 0}, "contact": {"twitter": "ristytriwi"}, "firstName": "Eristyana", "gender": "female", "lastName": "Triwi", "id": "12435966", "bio": "", "photo": {"prefix": "https://igx.4sqi.net/img/user/", "suffix": "/XEUIQMQMYI0QIVMM.jpg"}, "homeCity": "Waru, Indonesia", "lists": {"groups": [{"items": [], "count": 2, "type": "created"}]}}, {"tips": {"count": 2}, "contact": {"twitter": "baloonks", "facebook": "100000185856689"}, "firstName": "baloonk", "gender": "male", "lastName": "adja", "id": "4998813", "bio": "", "photo": {"prefix": "https://igx.4sqi.net/img/user/", "suffix": "/KEIPIWT5YOOYNOJ1.jpg"}, "homeCity": "Mojokerto, Indonesia", "lists": {"groups": [{"items": [], "count": 2, "type": "created"}]}}, {"tips": {"count": 1}, "contact": {"twitter": "thaliaaryanda"}, "firstName": "thalia", "gender": "female", "lastName": "aryanda", "id": "2969988", "bio": "", "photo": {"prefix": "https://igx.4sqi.net/img/user/", "suffix": "/VTBXZSMOEW2SUT1R.jpg"}, "homeCity": "Batam, Indonesia", "lists": {"groups": [{"items": [], "count": 2, "type": "created"}]}}, {"tips": {"count": 4}, "contact": {"twitter": "zee_keyen", "facebook": "1236610856"}, "firstName": "Zee", "gender": "male", "lastName": "Keyen", "id": "5538856", "bio": "", "photo": {"prefix": "https://igx.4sqi.net/img/user/", "suffix": "/0C5OHXMH3FJYAORE.jpg"}, "homeCity": "Bangsal, Indonesia", "lists": {"groups": [{"items": [], "count": 2, "type": "created"}]}}, {"tips": {"count": 2}, "contact": {"twitter": "febrywidy", "facebook": "1736242627"}, "firstName": "Febry Widyastuti", "gender": "female", "lastName": "Koesmantoro", "id": "12652509", "bio": "Mahasiswi Ilmu Komunikasi Unair 2011 / Anggota UKTK Unair / www.abcdefebrywidyastuti.blogspot.com / @febrywidy / Febry Widyastuti", "photo": {"prefix": "https://igx.4sqi.net/img/user/", "suffix": "/CQL30UW5FPPLFKLW.jpg"}, "homeCity": "Indonesia", "lists": {"groups": [{"items": [], "count": 2, "type": "created"}]}}, {"tips": {"count": 0}, "contact": {}, "firstName": "Gregre", "gender": "male", "lastName": "Luke", "id": "5051625", "bio": "", "photo": {"prefix": "https://igx.4sqi.net/img/user/", "suffix": "/303WDGRX3MJOPZDY.jpg"}, "homeCity": "North Attleboro, MA", "lists": {"groups": [{"items": [], "count": 2, "type": "created"}]}}, {"tips": {"count": 2}, "contact": {"twitter": "bagusplatinum", "facebook": "1694697791"}, "firstName": "bagus", "gender": "male", "lastName": "satria", "id": "3011300", "bio": "", "photo": {"prefix": "https://igx.4sqi.net/img/user/", "suffix": "/CDCWGN5FYL1UJAOZ.jpg"}, "homeCity": "Surabaya, Indonesia", "lists": {"groups": [{"items": [], "count": 2, "type": "created"}]}}, {"tips": {"count": 10}, "contact": {"twitter": "heloessa", "facebook": "1698499210"}, "firstName": "Essa", "gender": "male", "lastName": "Mahadias", "id": "5982593", "bio": "", "photo": {"prefix": "https://igx.4sqi.net/img/user/", "suffix": "/0H4A0R4CG2Z4PJY0.jpg"}, "homeCity": "Surabaya, Indonesia", "lists": {"groups": [{"items": [], "count": 17, "type": "created"}]}}, {"tips": {"count": 10}, "contact": {"twitter": "baruna_trans", "facebook": "1376418116"}, "firstName": "Donny", "gender": "male", "lastName": "Baruna", "id": "12700908", "bio": "Pin BB : 281C3F49", "photo": {"prefix": "https://igx.4sqi.net/img/user/", "suffix": "/PGQDMY0SJXZ4UAEQ.jpg"}, "homeCity": "Surabaya", "lists": {"groups": [{"items": [], "count": 2, "type": "created"}]}}, {"tips": {"count": 0}, "contact": {"facebook": "100000005302338"}, "firstName": "Maya", "gender": "female", "lastName": "Gardiyah", "id": "5052091", "bio": "", "photo": {"prefix": "https://igx.4sqi.net/img/user/", "suffix": "/KJ3EJIIUIJ3WG4IL.jpg"}, "homeCity": "Surabaya, Indonesia", "lists": {"groups": [{"items": [], "count": 2, "type": "created"}]}}, {"tips": {"count": 0}, "contact": {"twitter": "chachacha"}, "firstName": "Chacha", "gender": "female", "lastName": "Yanuariska", "id": "3098611", "bio": "", "photo": {"prefix": "https://igx.4sqi.net/img/user/", "suffix": "/3IB44CRLLSQIDP2D.jpg"}, "homeCity": "new york", "lists": {"groups": [{"items": [], "count": 2, "type": "created"}]}}, {"tips": {"count": 3}, "contact": {"twitter": "hafiz_rafly", "facebook": "1685657826"}, "firstName": "Hafiz", "gender": "male", "lastName": "Rafly", "id": "6045211", "bio": "", "photo": {"prefix": "https://igx.4sqi.net/img/user/", "suffix": "/251T4L2JO04E350B.jpg"}, "homeCity": "Kalimantan Selatan, Indonesia", "lists": {"groups": [{"items": [], "count": 2, "type": "created"}]}}, {"tips": {"count": 7}, "contact": {"twitter": "ndiedimdim", "facebook": "100000018387846"}, "firstName": "Shendy", "gender": "female", "lastName": "Yunikaa", "id": "12719904", "bio": "", "photo": {"prefix": "https://igx.4sqi.net/img/user/", "suffix": "/B0KI3PQDOLFZI3A5.jpg"}, "homeCity": "Surabaya, Indonesia", "lists": {"groups": [{"items": [], "count": 6, "type": "created"}]}}, {"tips": {"count": 3}, "contact": {"facebook": "100000476874819"}, "firstName": "Dewi", "gender": "female", "lastName": "Nurhayati", "id": "12243956", "bio": "a pharmacist assistant", "photo": {"prefix": "https://igx.4sqi.net/img/user/", "suffix": "/1DYWUOM3XWXRQUMV.jpg"}, "homeCity": "Surabaya, Indonesia", "lists": {"groups": [{"items": [], "count": 2, "type": "created"}]}}, {"tips": {"count": 0}, "contact": {"twitter": "riskawibisono", "facebook": "1319795725"}, "firstName": "Riska", "gender": "female", "lastName": "Wibisono", "id": "3228992", "bio": "", "photo": {"prefix": "https://igx.4sqi.net/img/user/", "suffix": "/M5K0BCQZ5M5031XM.jpg"}, "homeCity": "Sidoarjo", "lists": {"groups": [{"items": [], "count": 2, "type": "created"}]}}, {"tips": {"count": 0}, "contact": {"twitter": "byakbyuk"}, "firstName": "Byakbyuk", "gender": "male", "lastName": "Mov's", "id": "6051849", "bio": "", "photo": {"prefix": "https://igx.4sqi.net/img/user/", "suffix": "/BYAW53Z0XNRKAECV.jpg"}, "homeCity": "Malang, Indonesia", "lists": {"groups": [{"items": [], "count": 2, "type": "created"}]}}, {"tips": {"count": 1}, "contact": {"twitter": "dhiasasihulupi"}, "firstName": "Dhiasasih", "gender": "female", "lastName": "Ulupi", "id": "12804438", "bio": "\u0623\u062f\u0631\u064a \u0633\u0627\u062c\u0627\u0631\u0645\u0627\u062b\u0627 - XVII\u2663", "photo": {"prefix": "https://igx.4sqi.net/img/user/", "suffix": "/SZ4V3UP214Z3GL3Y.jpg"}, "homeCity": "Jakarta - Yogyakarta", "lists": {"groups": [{"items": [], "count": 5, "type": "created"}]}}, {"tips": {"count": 0}, "contact": {"twitter": "yuditmackhz", "facebook": "1569964470"}, "firstName": "yudit", "gender": "male", "lastName": "mackhz", "id": "13579043", "bio": "", "photo": {"prefix": "https://igx.4sqi.net/img/user/", "suffix": "/3K2QIB51TOADICIC.jpg"}, "homeCity": "Surabaya, Indonesia", "lists": {"groups": [{"items": [], "count": 2, "type": "created"}]}}, {"tips": {"count": 1}, "contact": {"facebook": "1160452988"}, "firstName": "Anton", "gender": "male", "lastName": "Zifell", "id": "3250077", "bio": "", "photo": {"prefix": "https://igx.4sqi.net/img/user/", "suffix": "/WXPSKV13UN55PDN2.jpg"}, "homeCity": "jakarta", "lists": {"groups": [{"items": [], "count": 2, "type": "created"}]}}, {"tips": {"count": 0}, "contact": {"twitter": "humbledaddy", "facebook": "1768074549"}, "firstName": "Bintang Raditya", "gender": "male", "lastName": "Putra", "id": "6095219", "bio": "I like goin on a new place, meet new people, and new stuff.\r\nIm wanna go abroad..Europe, Japan, USA, and Africa i'll coming soon!!!", "photo": {"prefix": "https://igx.4sqi.net/img/user/", "suffix": "/BWFIXQBTIBZB3YZD.jpg"}, "homeCity": "Surabaya, Indonesia", "lists": {"groups": [{"items": [], "count": 2, "type": "created"}]}}, {"tips": {"count": 2}, "contact": {"twitter": "jembloeng", "facebook": "100001572459399"}, "firstName": "eko", "gender": "male", "lastName": "dian", "id": "3409183", "bio": "", "photo": {"prefix": "https://igx.4sqi.net/img/user/", "suffix": "/DWF45AMOZ034BCWZ.jpg"}, "homeCity": "Surabaya, Indonesia", "lists": {"groups": [{"items": [], "count": 2, "type": "created"}]}}, {"tips": {"count": 0}, "contact": {"twitter": "cristianto_ade"}, "firstName": "Ade", "gender": "male", "id": "6384118", "bio": "", "photo": {"prefix": "https://igx.4sqi.net/img/user/", "suffix": "/EZDXUUVPPWRGHPDX.jpg"}, "homeCity": "Kediri, East Java", "lists": {"groups": [{"items": [], "count": 2, "type": "created"}]}}, {"tips": {"count": 1}, "contact": {"twitter": "iqbal_rahadian"}, "firstName": "Iqbal", "gender": "male", "lastName": "Rahadian", "id": "3412948", "bio": "", "photo": {"prefix": "https://igx.4sqi.net/img/user/", "suffix": "/JM2TW1DG2L5GALPQ.jpg"}, "homeCity": "Bogor, Indonesia", "lists": {"groups": [{"items": [], "count": 2, "type": "created"}]}}, {"tips": {"count": 42}, "contact": {"twitter": "jefryabdusalam", "facebook": "1113434622"}, "firstName": "Jefry", "gender": "male", "lastName": "Abdusalam", "id": "6418720", "bio": "twitter @jefryabdusalam, line, whatsup, skype", "photo": {"prefix": "https://igx.4sqi.net/img/user/", "suffix": "/KTBONXRDZW1GJVNS.jpg"}, "homeCity": "Surabaya", "lists": {"groups": [{"items": [], "count": 2, "type": "created"}]}}, {"tips": {"count": 1}, "contact": {"twitter": "amooyy"}, "firstName": "Deviani", "gender": "female", "lastName": "Agustina", "id": "3491388", "bio": "", "photo": {"prefix": "https://igx.4sqi.net/img/user/", "suffix": "/3PMDAZLQL21CMQDC.jpg"}, "homeCity": "Surabaya, Indonesia", "lists": {"groups": [{"items": [], "count": 2, "type": "created"}]}}, {"tips": {"count": 22}, "contact": {"facebook": "100000297711101"}, "firstName": "Chandra", "gender": "male", "lastName": "Gintings", "id": "8825981", "bio": "I'm a simple guy 'n I love travelling a lot! :-D", "photo": {"prefix": "https://igx.4sqi.net/img/user/", "suffix": "/8825981-VBLF0HQ3VKT5WYB0.jpg"}, "homeCity": "Tanjungpinang, Indonesia", "lists": {"groups": [{"items": [], "count": 3, "type": "created"}]}}, {"tips": {"count": 11}, "contact": {"twitter": "tierliv", "facebook": "1594013985"}, "firstName": "Tiara Livia", "gender": "female", "lastName": "Permata", "id": "3607298", "bio": "", "photo": {"prefix": "https://igx.4sqi.net/img/user/", "suffix": "/R1DTG2I1YY1DCFJR.jpg"}, "homeCity": "Surabaya, Indonesia", "lists": {"groups": [{"items": [], "count": 2, "type": "created"}]}}, {"tips": {"count": 0}, "contact": {"facebook": "100000203698268"}, "firstName": "Kanjeng", "gender": "male", "lastName": "Agunk Palsu", "id": "15547970", "bio": "", "photo": {"prefix": "https://igx.4sqi.net/img/user/", "suffix": "/OWIR5F4KDGE0IBKV.jpg"}, "homeCity": "Surabaya, Indonesia", "lists": {"groups": [{"items": [], "count": 3, "type": "created"}]}}, {"tips": {"count": 0}, "contact": {"twitter": "ranggafinza", "facebook": "1480534376"}, "firstName": "rangga", "gender": "male", "lastName": "finza", "id": "3688655", "bio": "", "photo": {"prefix": "https://igx.4sqi.net/img/user/", "suffix": "/B4HWYNN0HJVZUQWS.jpg"}, "homeCity": "Jakarta,Indonesia", "lists": {"groups": [{"items": [], "count": 2, "type": "created"}]}}, {"tips": {"count": 1}, "contact": {"twitter": "radenekkyduta", "facebook": "100002418361587"}, "firstName": "Ekky", "gender": "male", "lastName": "Duta", "id": "15549515", "bio": "", "photo": {"prefix": "https://igx.4sqi.net/img/user/", "suffix": "/KD2YPVF3NBNB4J5B.jpg"}, "homeCity": "Surabaya, Indonesia", "lists": {"groups": [{"items": [], "count": 2, "type": "created"}]}}, {"tips": {"count": 1}, "contact": {"twitter": "abang_iyo", "facebook": "1454373751"}, "firstName": "Rio", "gender": "male", "lastName": "Pratama", "id": "3996877", "bio": "", "photo": {"prefix": "https://igx.4sqi.net/img/user/", "suffix": "/EFWFWLZBEIJKJCHO.jpg"}, "homeCity": "Bandar Lampung, Indonesia", "lists": {"groups": [{"items": [], "count": 2, "type": "created"}]}}, {"tips": {"count": 0}, "contact": {"twitter": "yandes_"}, "firstName": "YANde", "gender": "male", "lastName": "veranDES", "id": "3998431", "bio": "", "photo": {"prefix": "https://igx.4sqi.net/img/user/", "suffix": "/1BFWHJXDV0AAMLGO.jpg"}, "homeCity": "Indonesia", "lists": {"groups": [{"items": [], "count": 2, "type": "created"}]}}, {"tips": {"count": 1}, "contact": {"twitter": "ajisakasetiya", "facebook": "1329480281"}, "firstName": "Ajisaka", "gender": "male", "lastName": "Setiyawan", "id": "4164543", "bio": "", "photo": {"prefix": "https://igx.4sqi.net/img/user/", "suffix": "/WOS0J14SBL2C523W.jpg"}, "homeCity": "Sidoarjo, Indonesia", "lists": {"groups": [{"items": [], "count": 2, "type": "created"}]}}, {"tips": {"count": 0}, "contact": {}, "firstName": "Bara", "gender": "male", "lastName": "Madya", "id": "4600748", "bio": "", "photo": {"prefix": "https://igx.4sqi.net/img/user/", "suffix": "/4PJRVOUYYB4PNEWR.jpg"}, "homeCity": "Surabaya, Indonesia", "lists": {"groups": [{"items": [], "count": 2, "type": "created"}]}}, {"tips": {"count": 0}, "contact": {"twitter": "adlinaa_h"}, "firstName": "Adlina", "gender": "female", "lastName": "Hafidzati", "id": "4734628", "bio": "", "photo": {"prefix": "https://igx.4sqi.net/img/user/", "suffix": "/NDWAEQE2BW1HNP5B.jpg"}, "homeCity": "Indonesia", "lists": {"groups": [{"items": [], "count": 2, "type": "created"}]}}, {"tips": {"count": 1}, "contact": {"twitter": "realtalk_ryo", "facebook": "1377141349"}, "firstName": "Rio", "gender": "male", "lastName": "Setiawan", "id": "4736754", "bio": "", "photo": {"prefix": "https://igx.4sqi.net/img/user/", "suffix": "/0OFCOYDVJE3Y0EJF.jpg"}, "homeCity": "Jakarta, Indonesia", "lists": {"groups": [{"items": [], "count": 2, "type": "created"}]}}, {"tips": {"count": 0}, "contact": {"twitter": "admochamad"}, "firstName": "Adhe", "gender": "male", "lastName": "Putra", "id": "5004368", "bio": "", "photo": {"prefix": "https://igx.4sqi.net/img/user/", "suffix": "/Q1HJWU5I5RUIXEA2.jpg"}, "homeCity": "New York, NY", "lists": {"groups": [{"items": [], "count": 2, "type": "created"}]}}, {"tips": {"count": 2}, "contact": {}, "firstName": "Viando", "gender": "male", "lastName": "Manarisip", "id": "5230229", "bio": "", "photo": {"prefix": "https://igx.4sqi.net/img/user/", "suffix": "/50U0OJ0XZ2AHPILU.jpg"}, "homeCity": "Manado, Indonesia", "lists": {"groups": [{"items": [], "count": 2, "type": "created"}]}}, {"tips": {"count": 0}, "contact": {"twitter": "meliianayu"}, "firstName": "Meliana", "gender": "female", "lastName": "Ayu", "id": "5905196", "bio": "", "photo": {"prefix": "https://igx.4sqi.net/img/user/", "suffix": "/HMJCDOD1HAFDTEP2.jpg"}, "homeCity": "Surabaya, Indonesia", "lists": {"groups": [{"items": [], "count": 2, "type": "created"}]}}, {"tips": {"count": 6}, "contact": {"twitter": "yonatantina", "facebook": "1150511862"}, "firstName": "Yonatan", "gender": "male", "lastName": "Lie", "id": "6014595", "bio": "", "photo": {"prefix": "https://igx.4sqi.net/img/user/", "suffix": "/DNXQWSIWDKV3VVQ4.jpg"}, "homeCity": "New York, NY", "lists": {"groups": [{"items": [], "count": 2, "type": "created"}]}}, {"tips": {"count": 1}, "contact": {"twitter": "joopyjoo", "facebook": "1464212991"}, "firstName": "Hans", "gender": "male", "lastName": "Joviol", "id": "6401968", "bio": "", "photo": {"prefix": "https://igx.4sqi.net/img/user/", "suffix": "/PMJIM5HGEWRQ5QZE.jpg"}, "homeCity": "Surabaya, Indonesia", "lists": {"groups": [{"items": [], "count": 2, "type": "created"}]}}, {"tips": {"count": 0}, "contact": {}, "firstName": "pieyou", "gender": "male", "lastName": "pieyou upixz", "id": "7425583", "bio": "", "photo": {"prefix": "https://igx.4sqi.net/img/user/", "suffix": "/blank_boy.png", "default": true}, "homeCity": "Surabaya, Indonesia", "lists": {"groups": [{"items": [], "count": 2, "type": "created"}]}}, {"tips": {"count": 0}, "contact": {"facebook": "1614200717"}, "firstName": "Aprilini", "gender": "female", "lastName": "Franssisca", "id": "8651821", "bio": "", "photo": {"prefix": "https://igx.4sqi.net/img/user/", "suffix": "/WNXLQIT53MRCBTRW.jpg"}, "homeCity": "Surabaya, Indonesia", "lists": {"groups": [{"items": [], "count": 2, "type": "created"}]}}, {"tips": {"count": 0}, "contact": {}, "firstName": "Simon", "gender": "male", "lastName": "Yuli", "id": "8787936", "bio": "", "photo": {"prefix": "https://igx.4sqi.net/img/user/", "suffix": "/GNK1H3QFALGFIPO0.jpg"}, "homeCity": "Surabaya, Indonesia", "lists": {"groups": [{"items": [], "count": 2, "type": "created"}]}}, {"tips": {"count": 0}, "contact": {"twitter": "witta_thok", "facebook": "100000109309852"}, "firstName": "Witta", "gender": "male", "lastName": "Chandrawinata", "id": "13216513", "bio": "", "photo": {"prefix": "https://igx.4sqi.net/img/user/", "suffix": "/MEJPRWI0MMLZSF14.jpg"}, "homeCity": "Surabaya, Indonesia", "lists": {"groups": [{"items": [], "count": 2, "type": "created"}]}}], "count": 912}, "checksum": "978de978b137104b79cff75ad4739377e7235761"}, "meta": {"requestId": "5965b68c4434b96c1918ad4d", "code": 200}}