{"notifications": [{"type": "notificationTray", "item": {"unreadCount": 0}}], "response": {"friends": {"items": [{"tips": {"count": 4}, "contact": {"twitter": "ssf_glen", "facebook": "10153084562919136"}, "firstName": "Glenhill", "gender": "male", "lastName": "Sim", "id": "9411024", "bio": "", "photo": {"prefix": "https://igx.4sqi.net/img/user/", "suffix": "/9411024-RLTAMFT2LOLGC5XJ.jpg"}, "homeCity": "Singapore", "lists": {"groups": [{"items": [], "count": 2, "type": "created"}]}}, {"tips": {"count": 0}, "contact": {"twitter": "i_mbx", "facebook": "625633426"}, "firstName": "BingXue", "gender": "male", "lastName": "Goh", "id": "6979175", "bio": "", "photo": {"prefix": "https://igx.4sqi.net/img/user/", "suffix": "/1ER43G1X4SV5DKQ0.jpg"}, "homeCity": "Singapore", "lists": {"groups": [{"items": [], "count": 2, "type": "created"}]}}, {"tips": {"count": 3}, "contact": {"twitter": "cloverbel", "facebook": "1142354341"}, "firstName": "Cloverbel", "gender": "female", "id": "4529096", "bio": "", "photo": {"prefix": "https://igx.4sqi.net/img/user/", "suffix": "/VC5CKZRGCSYTWIYT.jpg"}, "homeCity": "Singapore", "lists": {"groups": [{"items": [], "count": 2, "type": "created"}]}}, {"tips": {"count": 0}, "contact": {"twitter": "yao_zu", "facebook": "552859278"}, "firstName": "Yao Zu", "gender": "male", "lastName": "Poo", "id": "17439437", "bio": "", "photo": {"prefix": "https://igx.4sqi.net/img/user/", "suffix": "/O5VELBYOGNWDQIQD.jpg"}, "homeCity": "Singapore", "lists": {"groups": [{"items": [], "count": 2, "type": "created"}]}}, {"tips": {"count": 9}, "contact": {"twitter": "kimberlyfrance", "facebook": "665161851"}, "firstName": "Kimberly", "gender": "female", "lastName": "Naval", "id": "4413946", "bio": "", "photo": {"prefix": "https://igx.4sqi.net/img/user/", "suffix": "/PA0TCYXC5XAD4UVA.jpg"}, "homeCity": "Singapore", "lists": {"groups": [{"items": [], "count": 2, "type": "created"}]}}, {"tips": {"count": 0}, "contact": {"facebook": "571385349"}, "firstName": "muanhong_bry", "gender": "male", "id": "5661154", "bio": "", "photo": {"prefix": "https://igx.4sqi.net/img/user/", "suffix": "/ZDR5NV451XU1YQ0I.jpg"}, "homeCity": "Singapore", "lists": {"groups": [{"items": [], "count": 2, "type": "created"}]}}, {"tips": {"count": 0}, "contact": {"twitter": "findddme", "facebook": "623828063"}, "firstName": "chyening", "gender": "female", "id": "2288728", "bio": "", "photo": {"prefix": "https://igx.4sqi.net/img/user/", "suffix": "/NTSD1S20TVG1HQGS.jpg"}, "homeCity": "Yishun, Singapore", "lists": {"groups": [{"items": [], "count": 2, "type": "created"}]}}, {"tips": {"count": 1}, "contact": {"twitter": "somonster"}, "firstName": "Jingyan", "gender": "female", "lastName": "So", "id": "4797266", "bio": "", "photo": {"prefix": "https://igx.4sqi.net/img/user/", "suffix": "/Z2DMHKTJXJ5FS334.jpg"}, "homeCity": "Singapore", "lists": {"groups": [{"items": [], "count": 2, "type": "created"}]}}, {"tips": {"count": 14}, "contact": {"twitter": "thepoppingone", "facebook": "10153446684263039"}, "firstName": "Poh Peng", "gender": "male", "lastName": "Wang", "id": "4794342", "bio": "", "photo": {"prefix": "https://igx.4sqi.net/img/user/", "suffix": "/BOELEUIQE5WXYUTL.jpg"}, "homeCity": "Singapore", "lists": {"groups": [{"items": [], "count": 2, "type": "created"}]}}, {"tips": {"count": 8}, "contact": {}, "firstName": "Sun", "gender": "female", "lastName": "Xuanmin", "id": "4948279", "bio": "", "photo": {"prefix": "https://igx.4sqi.net/img/user/", "suffix": "/4948279-POOJGT5JHRQRA1DB.jpg"}, "homeCity": "Location not on Earth", "lists": {"groups": [{"items": [], "count": 2, "type": "created"}]}}, {"tips": {"count": 0}, "contact": {}, "firstName": "Claire", "gender": "female", "lastName": "Sun", "id": "4927036", "bio": "", "photo": {"prefix": "https://igx.4sqi.net/img/user/", "suffix": "/I1EYCELA4SS10J3Q.jpg"}, "homeCity": "New York, NY", "lists": {"groups": [{"items": [], "count": 2, "type": "created"}]}}, {"tips": {"count": 3}, "contact": {"twitter": "garagedoll"}, "firstName": "Jiawen", "gender": "female", "lastName": "Lee", "id": "2419996", "bio": "", "photo": {"prefix": "https://igx.4sqi.net/img/user/", "suffix": "/0XXEDSH0QZ4VVTZR.jpg"}, "homeCity": "Singapore", "lists": {"groups": [{"items": [], "count": 2, "type": "created"}]}}, {"tips": {"count": 0}, "contact": {"twitter": "fishingmonkey"}, "firstName": "YanJun", "gender": "female", "lastName": "Pang", "id": "3316379", "bio": "", "photo": {"prefix": "https://igx.4sqi.net/img/user/", "suffix": "/IH4UKTLHHINOPQ1P.jpg"}, "homeCity": "Singapore", "lists": {"groups": [{"items": [], "count": 2, "type": "created"}]}}, {"tips": {"count": 4}, "contact": {"twitter": "netteohnette"}, "firstName": "NETTE", "gender": "female", "lastName": "NETTE", "id": "907157", "bio": "", "photo": {"prefix": "https://igx.4sqi.net/img/user/", "suffix": "/WAM3SJ5FAKJSGMBA.jpg"}, "homeCity": "Singapore", "lists": {"groups": [{"items": [], "count": 2, "type": "created"}]}}, {"tips": {"count": 1}, "contact": {"twitter": "iifaaloves"}, "firstName": "Ifaaaaa", "gender": "female", "lastName": "Latifah", "id": "1126747", "bio": "", "photo": {"prefix": "https://igx.4sqi.net/img/user/", "suffix": "/JCUAVGSRXLG3IDJH.jpg"}, "homeCity": "Singapore", "lists": {"groups": [{"items": [], "count": 2, "type": "created"}]}}, {"tips": {"count": 0}, "contact": {"twitter": "jollyyumi"}, "firstName": "Pauline", "gender": "female", "lastName": "Thelittle", "id": "16586991", "bio": "", "photo": {"prefix": "https://igx.4sqi.net/img/user/", "suffix": "/MTSJCSMYFLUGCDUA.jpg"}, "homeCity": "Singapore", "lists": {"groups": [{"items": [], "count": 2, "type": "created"}]}}, {"tips": {"count": 0}, "contact": {"twitter": "slexaye"}, "firstName": "Alex", "gender": "male", "lastName": "E", "id": "4663684", "bio": "", "photo": {"prefix": "https://igx.4sqi.net/img/user/", "suffix": "/blank_boy.png", "default": true}, "homeCity": "Singapore", "lists": {"groups": [{"items": [], "count": 2, "type": "created"}]}}, {"tips": {"count": 0}, "contact": {}, "firstName": "Glo", "gender": "female", "lastName": "Ong", "id": "2453622", "bio": "", "photo": {"prefix": "https://igx.4sqi.net/img/user/", "suffix": "/LEK44QRABGDJR1LZ.jpg"}, "homeCity": "Singapore", "lists": {"groups": [{"items": [], "count": 2, "type": "created"}]}}, {"tips": {"count": 0}, "contact": {"twitter": "tommehgym"}, "firstName": "Tommy", "gender": "male", "lastName": "Liang", "id": "6097834", "bio": "", "photo": {"prefix": "https://igx.4sqi.net/img/user/", "suffix": "/M1TPE15TOH24KZRB.jpg"}, "homeCity": "Singapore", "lists": {"groups": [{"items": [], "count": 2, "type": "created"}]}}, {"tips": {"count": 0}, "contact": {"facebook": "637883879"}, "firstName": "Jenson", "gender": "male", "lastName": "Salvatore", "id": "2097147", "bio": "", "photo": {"prefix": "https://igx.4sqi.net/img/user/", "suffix": "/AV5OKF3HW2UZNFAO.jpg"}, "homeCity": "Singapore", "lists": {"groups": [{"items": [], "count": 2, "type": "created"}]}}, {"tips": {"count": 0}, "contact": {"twitter": "gummiesdummies", "facebook": "534248429"}, "firstName": "WanTing", "gender": "female", "lastName": "Ng", "id": "10813737", "bio": "", "photo": {"prefix": "https://igx.4sqi.net/img/user/", "suffix": "/YQ0DC2HYPRFJSW21.jpg"}, "homeCity": "Singapore", "lists": {"groups": [{"items": [], "count": 2, "type": "created"}]}}, {"tips": {"count": 6}, "contact": {}, "firstName": "Yifang", "gender": "female", "lastName": "Chloe", "id": "2531290", "bio": "", "photo": {"prefix": "https://igx.4sqi.net/img/user/", "suffix": "/DIMMJCVASTY1M2LN.jpg"}, "homeCity": "Singapore", "lists": {"groups": [{"items": [], "count": 2, "type": "created"}]}}], "count": 22}, "checksum": "7f78d9dda4a09624376353cc70ed8f2256076c5f"}, "meta": {"requestId": "59661744dd57972d2b241a9d", "code": 200}}