{"notifications": [{"type": "notificationTray", "item": {"unreadCount": 0}}], "response": {"friends": {"items": [{"tips": {"count": 0}, "contact": {"twitter": "chloeliting", "facebook": "674153951"}, "firstName": "Chloe", "gender": "female", "lastName": "Liting", "id": "1801940", "bio": "", "photo": {"prefix": "https://igx.4sqi.net/img/user/", "suffix": "/P13W1QWZECXVCQ1D.jpg"}, "homeCity": "Bukit Timah, Singapore", "lists": {"groups": [{"items": [], "count": 2, "type": "created"}]}}, {"tips": {"count": 0}, "contact": {}, "firstName": "Nicole", "gender": "female", "lastName": "Chua Kai Ying", "id": "4509222", "bio": "", "photo": {"prefix": "https://igx.4sqi.net/img/user/", "suffix": "/KIDQ21ERN02EXWQ2.jpg"}, "homeCity": "Singapore", "lists": {"groups": [{"items": [], "count": 2, "type": "created"}]}}, {"tips": {"count": 0}, "contact": {}, "firstName": "Stephanie", "gender": "none", "id": "4795851", "bio": "", "photo": {"prefix": "https://igx.4sqi.net/img/user/", "suffix": "/blank_boy.png", "default": true}, "homeCity": "Singapore", "lists": {"groups": [{"items": [], "count": 2, "type": "created"}]}}, {"tips": {"count": 1}, "contact": {"twitter": "jerral_cyj", "facebook": "1565294359"}, "firstName": "Jerral", "gender": "male", "lastName": "Cheng", "id": "4206381", "bio": "Harlow", "photo": {"prefix": "https://igx.4sqi.net/img/user/", "suffix": "/4206381-QAS4NNJZSOBGEEJ2.jpg"}, "homeCity": "Singapore", "lists": {"groups": [{"items": [], "count": 2, "type": "created"}]}}, {"tips": {"count": 0}, "contact": {"twitter": "charkissesyou", "facebook": "714236868"}, "firstName": "charmaine", "gender": "female", "id": "1637217", "bio": "", "photo": {"prefix": "https://igx.4sqi.net/img/user/", "suffix": "/ELKGGKYEFOVLWQAV.jpg"}, "homeCity": "Singapore", "lists": {"groups": [{"items": [], "count": 2, "type": "created"}]}}, {"tips": {"count": 0}, "contact": {}, "firstName": "Zenobia", "gender": "female", "lastName": "mizuko", "id": "3034540", "bio": "", "photo": {"prefix": "https://igx.4sqi.net/img/user/", "suffix": "/BCSAU0TQDWUJIPJQ.jpg"}, "homeCity": "singapore", "lists": {"groups": [{"items": [], "count": 2, "type": "created"}]}}, {"tips": {"count": 4}, "contact": {"facebook": "699252864"}, "firstName": "Alee", "gender": "male", "lastName": "Cyphonic", "id": "4260662", "bio": "", "photo": {"prefix": "https://igx.4sqi.net/img/user/", "suffix": "/ZT1DH1NNRFDKPL21.jpg"}, "homeCity": "Singapore", "lists": {"groups": [{"items": [], "count": 2, "type": "created"}]}}, {"tips": {"count": 2}, "contact": {"facebook": "775824124"}, "firstName": "Jeffio", "gender": "male", "lastName": "Ng", "id": "3654145", "bio": "", "photo": {"prefix": "https://igx.4sqi.net/img/user/", "suffix": "/BWWAVVLEEC1FLFYP.jpg"}, "homeCity": "Singapore", "lists": {"groups": [{"items": [], "count": 2, "type": "created"}]}}, {"tips": {"count": 8}, "contact": {}, "firstName": "Keng", "gender": "male", "lastName": "Hwee", "id": "1848500", "bio": "", "photo": {"prefix": "https://igx.4sqi.net/img/user/", "suffix": "/E2L0IM1RBMZ0DLLJ.jpg"}, "homeCity": "Singapore", "lists": {"groups": [{"items": [], "count": 2, "type": "created"}]}}, {"tips": {"count": 15}, "contact": {"facebook": "665205414"}, "firstName": "Derrick", "gender": "male", "lastName": "Loh", "id": "3205352", "bio": "", "photo": {"prefix": "https://igx.4sqi.net/img/user/", "suffix": "/4NJP0YNREYQA2SWU.gif"}, "homeCity": "Singapore", "lists": {"groups": [{"items": [], "count": 2, "type": "created"}]}}, {"tips": {"count": 3}, "contact": {"facebook": "536600571"}, "firstName": "Karen", "gender": "female", "lastName": "Tan", "id": "4666919", "bio": "", "photo": {"prefix": "https://igx.4sqi.net/img/user/", "suffix": "/DRV0S1X35C5JXWRK.jpg"}, "homeCity": "Singapore", "lists": {"groups": [{"items": [], "count": 2, "type": "created"}]}}, {"tips": {"count": 0}, "contact": {"facebook": "1449233388"}, "firstName": "Nah", "gender": "female", "lastName": "Dawn Danielle", "id": "3664905", "bio": "", "photo": {"prefix": "https://igx.4sqi.net/img/user/", "suffix": "/FEXHGURHRGWAAFAB.jpg"}, "homeCity": "Singapore", "lists": {"groups": [{"items": [], "count": 2, "type": "created"}]}}, {"tips": {"count": 0}, "contact": {"facebook": "634339925"}, "firstName": "MING", "gender": "male", "lastName": "MING", "id": "2326319", "bio": "", "photo": {"prefix": "https://igx.4sqi.net/img/user/", "suffix": "/blank_boy.png", "default": true}, "homeCity": "Singapore", "lists": {"groups": [{"items": [], "count": 2, "type": "created"}]}}, {"tips": {"count": 0}, "contact": {}, "firstName": "Yeow", "gender": "male", "lastName": "R", "id": "3678086", "bio": "", "photo": {"prefix": "https://igx.4sqi.net/img/user/", "suffix": "/3ODXFFJUB5XBOTML.jpg"}, "homeCity": "New York, NY", "lists": {"groups": [{"items": [], "count": 2, "type": "created"}]}}, {"tips": {"count": 0}, "contact": {}, "firstName": "Cyndi", "gender": "female", "lastName": "Yeap", "id": "3740251", "bio": "", "photo": {"prefix": "https://igx.4sqi.net/img/user/", "suffix": "/UCP4BWUIL1LGFN4J.jpg"}, "homeCity": "Singapore", "lists": {"groups": [{"items": [], "count": 2, "type": "created"}]}}, {"tips": {"count": 4}, "contact": {"facebook": "1051810756"}, "firstName": "Daniel", "gender": "male", "lastName": "\u0e41\u0e14\u0e40\u0e19\u0e35\u0e22\u0e25", "id": "3080446", "bio": "", "photo": {"prefix": "https://igx.4sqi.net/img/user/", "suffix": "/G0UTCZ5ZNBXOEA0N.jpg"}, "homeCity": "Singapore", "lists": {"groups": [{"items": [], "count": 2, "type": "created"}]}}, {"tips": {"count": 0}, "contact": {"facebook": "587299364"}, "firstName": "Zac", "gender": "male", "lastName": "Cher", "id": "3614871", "bio": "", "photo": {"prefix": "https://igx.4sqi.net/img/user/", "suffix": "/ZZ0MZIXA0DYISACP.jpg"}, "homeCity": "Singapore", "lists": {"groups": [{"items": [], "count": 2, "type": "created"}]}}], "count": 17}, "checksum": "c22d1b41d62b2db5d001fc68260de062439aee3a"}, "meta": {"requestId": "5965cae21ed21919f8262d7b", "code": 200}}