{"notifications": [{"type": "notificationTray", "item": {"unreadCount": 0}}], "meta": {"requestId": "5966dbcbdb04f528aff53850", "code": 200}, "response": {"friends": {"count": 118, "items": [{"id": "3515584", "photo": {"prefix": "https://igx.4sqi.net/img/user/", "suffix": "/4V50C0KWZC4O21NN.jpg"}, "homeCity": "Singapore", "contact": {"facebook": "670434079", "twitter": "channchannchann"}, "firstName": "Channie", "tips": {"count": 1}, "gender": "male", "lists": {"groups": [{"count": 2, "type": "created", "items": []}]}, "bio": ""}, {"id": "2283076", "photo": {"prefix": "https://igx.4sqi.net/img/user/", "suffix": "/GRM3OG0FQSIGB4A5.jpg"}, "homeCity": "Singapore", "contact": {"facebook": "667692643", "twitter": "tohvictor"}, "firstName": "Victor", "tips": {"count": 9}, "gender": "male", "lastName": "Toh", "lists": {"groups": [{"count": 2, "type": "created", "items": []}]}, "bio": ""}, {"id": "2923122", "photo": {"prefix": "https://igx.4sqi.net/img/user/", "suffix": "/AAWLAAKOKAZPEPJU.jpg"}, "homeCity": "Singapore", "contact": {"facebook": "696577322"}, "firstName": "Valerie", "tips": {"count": 1}, "gender": "female", "lastName": "Lin", "lists": {"groups": [{"count": 2, "type": "created", "items": []}]}, "bio": ""}, {"id": "3130476", "photo": {"prefix": "https://igx.4sqi.net/img/user/", "suffix": "/KUR1PKFXFCBAMJVQ.jpg"}, "homeCity": "Singapore", "contact": {"facebook": "779347102", "twitter": "daplala"}, "firstName": "Dap", "tips": {"count": 0}, "gender": "female", "lastName": "Lala", "lists": {"groups": [{"count": 2, "type": "created", "items": []}]}, "bio": ""}, {"id": "468307", "photo": {"prefix": "https://igx.4sqi.net/img/user/", "suffix": "/S1M4PRJHPQB0LRVE.jpg"}, "homeCity": "Bishan, Singapore", "contact": {"twitter": "reien"}, "firstName": "ReiEn", "tips": {"count": 1}, "gender": "none", "lastName": "Ong", "lists": {"groups": [{"count": 3, "type": "created", "items": []}]}, "bio": ""}, {"id": "2132300", "photo": {"prefix": "https://igx.4sqi.net/img/user/", "suffix": "/PNX5W5B0ZS0X1GRM.jpg"}, "homeCity": "Singapore", "contact": {"facebook": "662480064", "twitter": "jjchiajeremy"}, "firstName": "J J Chia", "tips": {"count": 0}, "gender": "male", "lastName": "Jeremy", "lists": {"groups": [{"count": 2, "type": "created", "items": []}]}, "bio": ""}, {"id": "2038125", "photo": {"prefix": "https://igx.4sqi.net/img/user/", "suffix": "/21GJ42F2LNKQTZRR.jpg"}, "homeCity": "Singapore", "contact": {"facebook": "1304557572", "twitter": "hottatista"}, "firstName": "Maryam", "tips": {"count": 2}, "gender": "female", "lastName": "Adilah", "lists": {"groups": [{"count": 2, "type": "created", "items": []}]}, "bio": ""}, {"id": "2440278", "photo": {"prefix": "https://igx.4sqi.net/img/user/", "suffix": "/EWQ1IR10WYI1O3UO.jpg"}, "homeCity": "Singapore", "contact": {"facebook": "650807940"}, "firstName": "AzMean", "tips": {"count": 0}, "gender": "male", "lastName": "Sam", "lists": {"groups": [{"count": 2, "type": "created", "items": []}]}, "bio": ""}, {"id": "1494611", "photo": {"prefix": "https://igx.4sqi.net/img/user/", "suffix": "/LNWWWUF2YERJOUY2.jpg"}, "homeCity": "Singapore", "contact": {"twitter": "eletheowl"}, "firstName": "Eleanor Joan", "tips": {"count": 1}, "gender": "female", "lastName": "Ong", "lists": {"groups": [{"count": 2, "type": "created", "items": []}]}, "bio": ""}, {"id": "2286307", "photo": {"prefix": "https://igx.4sqi.net/img/user/", "suffix": "/2CKM4S5VBOU4MOSV.jpg"}, "homeCity": "Singapore", "contact": {"twitter": "gracesu_"}, "firstName": "Lau", "tips": {"count": 5}, "gender": "female", "lastName": "Grace", "lists": {"groups": [{"count": 2, "type": "created", "items": []}]}, "bio": ""}, {"id": "538031", "photo": {"prefix": "https://igx.4sqi.net/img/user/", "suffix": "/538031-TJVRTFLUFUQMIKOS.jpg"}, "homeCity": "Singapore", "contact": {"facebook": "100001277881338", "twitter": "stephysim"}, "firstName": "Stephanie", "tips": {"count": 0}, "gender": "female", "lastName": "Sim", "lists": {"groups": [{"count": 2, "type": "created", "items": []}]}, "bio": "Stephysim.blogspot.com"}, {"id": "2423612", "photo": {"prefix": "https://igx.4sqi.net/img/user/", "suffix": "/MMEERNCV32CCQMLA.jpg"}, "homeCity": "Singapore", "contact": {"facebook": "637685551", "twitter": "alphonsusloh"}, "firstName": "Alphonsus", "tips": {"count": 2}, "gender": "male", "lastName": "Loh", "lists": {"groups": [{"count": 2, "type": "created", "items": []}]}, "bio": ""}, {"id": "3394320", "photo": {"prefix": "https://igx.4sqi.net/img/user/", "suffix": "/B20FGOEX4VABKXFP.jpg"}, "homeCity": "Singapore", "contact": {"facebook": "604067328", "twitter": "phoenixhavoc"}, "firstName": "phoenixhavoc", "tips": {"count": 2}, "gender": "female", "lists": {"groups": [{"count": 2, "type": "created", "items": []}]}, "bio": ""}, {"id": "2955478", "photo": {"prefix": "https://igx.4sqi.net/img/user/", "suffix": "/IF0JQA0PGCBE4BZS.jpg"}, "homeCity": "Singapore", "contact": {"facebook": "589961933", "twitter": "x_huanglovesyou"}, "firstName": "Jonathan", "tips": {"count": 4}, "gender": "male", "lastName": "Ooi", "lists": {"groups": [{"count": 2, "type": "created", "items": []}]}, "bio": ""}, {"id": "2726458", "photo": {"prefix": "https://igx.4sqi.net/img/user/", "suffix": "/ETPOVNZPYWTNOC0G.jpg"}, "homeCity": "Singapore", "contact": {"facebook": "839295710"}, "firstName": "\ue329 Lyd", "tips": {"count": 0}, "gender": "female", "lastName": "AidyL \ue329", "lists": {"groups": [{"count": 2, "type": "created", "items": []}]}, "bio": ""}, {"id": "2728718", "photo": {"prefix": "https://igx.4sqi.net/img/user/", "suffix": "/DJGAWSPVKY23BWIE.jpg"}, "homeCity": "Singapore", "contact": {"facebook": "721721125", "twitter": "salibeanz"}, "firstName": "Nur Saliyana Munira", "tips": {"count": 0}, "gender": "female", "lastName": "Tuliman", "lists": {"groups": [{"count": 2, "type": "created", "items": []}]}, "bio": ""}, {"id": "3399080", "photo": {"prefix": "https://igx.4sqi.net/img/user/", "suffix": "/H4QYBKJWTIIABQGX.gif"}, "homeCity": "", "contact": {"facebook": "1090273101"}, "firstName": "Suraya", "tips": {"count": 0}, "gender": "female", "lastName": "Baili", "lists": {"groups": [{"count": 2, "type": "created", "items": []}]}, "bio": ""}, {"id": "3489171", "photo": {"prefix": "https://igx.4sqi.net/img/user/", "suffix": "/QUXIGBD3GNZFXCBZ.jpg"}, "homeCity": "Singapore", "contact": {"facebook": "657633945", "twitter": "josh_oh"}, "firstName": "Josh", "tips": {"count": 26}, "gender": "male", "lastName": "Oh K M", "lists": {"groups": [{"count": 2, "type": "created", "items": []}]}, "bio": ""}]}, "checksum": "31f02de22fc37ea409c4a424a5c2eb3cb707c162"}}