{"notifications": [{"type": "notificationTray", "item": {"unreadCount": 0}}], "meta": {"requestId": "5966dbca9fb6b77112bf94f6", "code": 200}, "response": {"friends": {"count": 118, "items": [{"id": "1097879", "photo": {"prefix": "https://igx.4sqi.net/img/user/", "suffix": "/RMODBVIPTIB1VH2F.jpg"}, "homeCity": "Singapore", "contact": {"twitter": "ayexmei"}, "firstName": "Mavis", "tips": {"count": 0}, "gender": "female", "lastName": "K. Xmei", "lists": {"groups": [{"count": 2, "type": "created", "items": []}]}, "bio": ""}, {"id": "4463483", "photo": {"prefix": "https://igx.4sqi.net/img/user/", "suffix": "/C3QVOGLXK5JXALMI.jpg"}, "homeCity": "Singapore", "contact": {}, "firstName": "Sarina", "tips": {"count": 0}, "gender": "female", "lastName": "Sarib", "lists": {"groups": [{"count": 2, "type": "created", "items": []}]}, "bio": ""}, {"id": "5146829", "photo": {"prefix": "https://igx.4sqi.net/img/user/", "suffix": "/J4E2Y1BDBTTBTOOM.jpg"}, "homeCity": "Singapore", "contact": {"facebook": "626294498"}, "firstName": "Weijie", "tips": {"count": 0}, "gender": "male", "lastName": "Tan", "lists": {"groups": [{"count": 2, "type": "created", "items": []}]}, "bio": ""}, {"id": "3515584", "photo": {"prefix": "https://igx.4sqi.net/img/user/", "suffix": "/4V50C0KWZC4O21NN.jpg"}, "homeCity": "Singapore", "contact": {"facebook": "670434079", "twitter": "channchannchann"}, "firstName": "Channie", "tips": {"count": 1}, "gender": "male", "lists": {"groups": [{"count": 2, "type": "created", "items": []}]}, "bio": ""}, {"id": "6632034", "photo": {"prefix": "https://igx.4sqi.net/img/user/", "suffix": "/FEWTNSSLIWL0ROJR.jpg"}, "homeCity": "Singapore", "contact": {}, "firstName": "Maya", "tips": {"count": 11}, "gender": "female", "lastName": "Kecik", "lists": {"groups": [{"count": 2, "type": "created", "items": []}]}, "bio": ""}, {"id": "3771185", "photo": {"prefix": "https://igx.4sqi.net/img/user/", "suffix": "/DWRQ5OJIMHPAXFED.jpg"}, "homeCity": "Singapore", "contact": {}, "firstName": "Desmond", "tips": {"count": 0}, "gender": "male", "lastName": "Foo", "lists": {"groups": [{"count": 2, "type": "created", "items": []}]}, "bio": ""}, {"id": "4560270", "photo": {"prefix": "https://igx.4sqi.net/img/user/", "suffix": "/4154QMQWS3L3HDV4.jpg"}, "homeCity": "Singapore", "contact": {}, "firstName": "Cindy", "tips": {"count": 0}, "gender": "female", "lastName": "Chang-Ang", "lists": {"groups": [{"count": 2, "type": "created", "items": []}]}, "bio": ""}, {"id": "5499565", "photo": {"prefix": "https://igx.4sqi.net/img/user/", "suffix": "/ELDFMVKEZGVOHEJ2.jpg"}, "homeCity": "Singapore", "contact": {}, "firstName": "Neal", "tips": {"count": 1}, "gender": "male", "lastName": "Ng", "lists": {"groups": [{"count": 2, "type": "created", "items": []}]}, "bio": ""}, {"id": "1999965", "photo": {"prefix": "https://igx.4sqi.net/img/user/", "suffix": "/BNYQEFNW2RG2ORGA.jpg"}, "homeCity": "Singapore", "contact": {"twitter": "kelvinnnn"}, "firstName": "Kelvin", "tips": {"count": 6}, "gender": "male", "lastName": "Chin", "lists": {"groups": [{"count": 2, "type": "created", "items": []}]}, "bio": ""}, {"id": "4579623", "photo": {"prefix": "https://igx.4sqi.net/img/user/", "suffix": "/SWIC22VXXBNJGNT3.jpg"}, "homeCity": "Singapore", "contact": {"facebook": "626895949"}, "firstName": "Darren", "tips": {"count": 0}, "gender": "male", "lastName": "Yong", "lists": {"groups": [{"count": 2, "type": "created", "items": []}]}, "bio": ""}, {"id": "2923122", "photo": {"prefix": "https://igx.4sqi.net/img/user/", "suffix": "/AAWLAAKOKAZPEPJU.jpg"}, "homeCity": "Singapore", "contact": {"facebook": "696577322"}, "firstName": "Valerie", "tips": {"count": 1}, "gender": "female", "lastName": "Lin", "lists": {"groups": [{"count": 2, "type": "created", "items": []}]}, "bio": ""}, {"id": "4098923", "photo": {"prefix": "https://igx.4sqi.net/img/user/", "default": true, "suffix": "/blank_boy.png"}, "homeCity": "Singapore", "contact": {}, "firstName": "Adrian", "tips": {"count": 0}, "gender": "male", "lastName": "Pang", "lists": {"groups": [{"count": 2, "type": "created", "items": []}]}, "bio": ""}, {"id": "3130476", "photo": {"prefix": "https://igx.4sqi.net/img/user/", "suffix": "/KUR1PKFXFCBAMJVQ.jpg"}, "homeCity": "Singapore", "contact": {"facebook": "779347102", "twitter": "daplala"}, "firstName": "Dap", "tips": {"count": 0}, "gender": "female", "lastName": "Lala", "lists": {"groups": [{"count": 2, "type": "created", "items": []}]}, "bio": ""}, {"id": "710695", "photo": {"prefix": "https://igx.4sqi.net/img/user/", "suffix": "/2EKHPFWV4UP5FF1J.jpg"}, "homeCity": "Toa Payoh, Singapore", "contact": {"facebook": "646465505", "twitter": "mandypanty"}, "firstName": "mandy", "tips": {"count": 2}, "gender": "female", "lastName": "seet", "lists": {"groups": [{"count": 2, "type": "created", "items": []}]}, "bio": ""}, {"id": "468307", "photo": {"prefix": "https://igx.4sqi.net/img/user/", "suffix": "/S1M4PRJHPQB0LRVE.jpg"}, "homeCity": "Bishan, Singapore", "contact": {"twitter": "reien"}, "firstName": "ReiEn", "tips": {"count": 1}, "gender": "none", "lastName": "Ong", "lists": {"groups": [{"count": 3, "type": "created", "items": []}]}, "bio": ""}, {"id": "2132300", "photo": {"prefix": "https://igx.4sqi.net/img/user/", "suffix": "/PNX5W5B0ZS0X1GRM.jpg"}, "homeCity": "Singapore", "contact": {"facebook": "662480064", "twitter": "jjchiajeremy"}, "firstName": "J J Chia", "tips": {"count": 0}, "gender": "male", "lastName": "Jeremy", "lists": {"groups": [{"count": 2, "type": "created", "items": []}]}, "bio": ""}, {"id": "1188421", "photo": {"prefix": "https://igx.4sqi.net/img/user/", "suffix": "/NADPA4HMDIP4JVQT.jpg"}, "homeCity": "Singapore", "contact": {"facebook": "604521789", "twitter": "janny_manny"}, "firstName": "Janice", "tips": {"count": 2}, "gender": "female", "lastName": "Cheng", "lists": {"groups": [{"count": 2, "type": "created", "items": []}]}, "bio": ""}, {"id": "2440278", "photo": {"prefix": "https://igx.4sqi.net/img/user/", "suffix": "/EWQ1IR10WYI1O3UO.jpg"}, "homeCity": "Singapore", "contact": {"facebook": "650807940"}, "firstName": "AzMean", "tips": {"count": 0}, "gender": "male", "lastName": "Sam", "lists": {"groups": [{"count": 2, "type": "created", "items": []}]}, "bio": ""}, {"id": "1494611", "photo": {"prefix": "https://igx.4sqi.net/img/user/", "suffix": "/LNWWWUF2YERJOUY2.jpg"}, "homeCity": "Singapore", "contact": {"twitter": "eletheowl"}, "firstName": "Eleanor Joan", "tips": {"count": 1}, "gender": "female", "lastName": "Ong", "lists": {"groups": [{"count": 2, "type": "created", "items": []}]}, "bio": ""}, {"id": "4548738", "photo": {"prefix": "https://igx.4sqi.net/img/user/", "default": true, "suffix": "/blank_boy.png"}, "homeCity": "Singapore", "contact": {}, "firstName": "Nave", "tips": {"count": 0}, "gender": "male", "lastName": "Tan", "lists": {"groups": [{"count": 2, "type": "created", "items": []}]}, "bio": ""}, {"id": "9247541", "photo": {"prefix": "https://igx.4sqi.net/img/user/", "suffix": "/INXHSQ21PNNYM2UI.jpg"}, "homeCity": "Singapore", "contact": {}, "firstName": "Jason", "tips": {"count": 8}, "gender": "male", "lastName": "Teo", "lists": {"groups": [{"count": 2, "type": "created", "items": []}]}, "bio": ""}, {"id": "10719493", "photo": {"prefix": "https://igx.4sqi.net/img/user/", "suffix": "/PWA5YJCTEAPZSWMI.jpg"}, "homeCity": "Singapore", "contact": {"facebook": "722132004"}, "firstName": "Chan", "tips": {"count": 0}, "gender": "male", "lastName": "Hon", "lists": {"groups": [{"count": 2, "type": "created", "items": []}]}, "bio": ""}, {"id": "4381603", "photo": {"prefix": "https://igx.4sqi.net/img/user/", "suffix": "/N0SAW4YZ3PZQUXRU.jpg"}, "homeCity": "Singapore", "contact": {"facebook": "672773556", "twitter": "missynana_x"}, "firstName": "Nana", "tips": {"count": 14}, "gender": "female", "lastName": "Nana", "lists": {"groups": [{"count": 2, "type": "created", "items": []}]}, "bio": ""}, {"id": "6666672", "photo": {"prefix": "https://igx.4sqi.net/img/user/", "suffix": "/KAJ0KCIRXPJXXDDC.jpg"}, "homeCity": "Singapore", "contact": {}, "firstName": "Lily", "tips": {"count": 0}, "gender": "female", "lastName": "Triston", "lists": {"groups": [{"count": 2, "type": "created", "items": []}]}, "bio": ""}, {"id": "5554093", "photo": {"prefix": "https://igx.4sqi.net/img/user/", "suffix": "/T5VDN0F4CCGBGPXD.jpg"}, "homeCity": "Singapore", "contact": {}, "firstName": "Atikah", "tips": {"count": 0}, "gender": "female", "lastName": "Sohri", "lists": {"groups": [{"count": 2, "type": "created", "items": []}]}, "bio": ""}, {"id": "2283076", "photo": {"prefix": "https://igx.4sqi.net/img/user/", "suffix": "/GRM3OG0FQSIGB4A5.jpg"}, "homeCity": "Singapore", "contact": {"facebook": "667692643", "twitter": "tohvictor"}, "firstName": "Victor", "tips": {"count": 9}, "gender": "male", "lastName": "Toh", "lists": {"groups": [{"count": 2, "type": "created", "items": []}]}, "bio": ""}, {"id": "4925353", "photo": {"prefix": "https://igx.4sqi.net/img/user/", "suffix": "/MGXBK1NHGLCRCGYO.jpg"}, "homeCity": "Singapore", "contact": {"facebook": "603980918"}, "firstName": "Quentin", "tips": {"count": 2}, "gender": "male", "lastName": "Quek", "lists": {"groups": [{"count": 2, "type": "created", "items": []}]}, "bio": ""}, {"id": "3159775", "photo": {"prefix": "https://igx.4sqi.net/img/user/", "suffix": "/4O1EIK21VJTNOEPF.jpg"}, "homeCity": "Singapore", "contact": {"facebook": "1021182427", "twitter": "eriandyzuraihi"}, "firstName": "Eriandy", "tips": {"count": 4}, "gender": "female", "lastName": "Zuraihi", "lists": {"groups": [{"count": 2, "type": "created", "items": []}]}, "bio": ""}, {"id": "4099341", "photo": {"prefix": "https://igx.4sqi.net/img/user/", "suffix": "/HVOBUFNQSGJBIUJW.jpg"}, "homeCity": "Singapore", "contact": {"facebook": "1410854473"}, "firstName": "Johnny", "tips": {"count": 0}, "gender": "male", "lastName": "Stonner", "lists": {"groups": [{"count": 2, "type": "created", "items": []}]}, "bio": ""}, {"id": "3791740", "photo": {"prefix": "https://igx.4sqi.net/img/user/", "suffix": "/BGL2IMCMXDTQSYPP.jpg"}, "homeCity": "Singapore", "contact": {"facebook": "100003817060810", "twitter": "asidtongue"}, "firstName": "Zahidah", "tips": {"count": 18}, "gender": "female", "lastName": "Jasmin", "lists": {"groups": [{"count": 2, "type": "created", "items": []}]}, "bio": ""}, {"id": "490911", "photo": {"prefix": "https://igx.4sqi.net/img/user/", "suffix": "/Q1CRDO2VDRE42OBG.jpg"}, "homeCity": "Singapore", "contact": {"facebook": "612758331", "twitter": "ahvonn"}, "firstName": "Yvonne", "tips": {"count": 2}, "gender": "female", "lastName": "Teo", "lists": {"groups": [{"count": 2, "type": "created", "items": []}]}, "bio": ""}, {"id": "4228938", "photo": {"prefix": "https://igx.4sqi.net/img/user/", "suffix": "/AO44YOZFBXTZAUEQ.jpg"}, "homeCity": "Singapore", "contact": {}, "firstName": "Hwanling", "tips": {"count": 1}, "gender": "female", "lastName": "Siah", "lists": {"groups": [{"count": 2, "type": "created", "items": []}]}, "bio": ""}, {"id": "2038125", "photo": {"prefix": "https://igx.4sqi.net/img/user/", "suffix": "/21GJ42F2LNKQTZRR.jpg"}, "homeCity": "Singapore", "contact": {"facebook": "1304557572", "twitter": "hottatista"}, "firstName": "Maryam", "tips": {"count": 2}, "gender": "female", "lastName": "Adilah", "lists": {"groups": [{"count": 2, "type": "created", "items": []}]}, "bio": ""}, {"id": "2854526", "photo": {"prefix": "https://igx.4sqi.net/img/user/", "suffix": "/2I30AMD0IU425I45.jpg"}, "homeCity": "Singapore", "contact": {}, "firstName": "Clarissa", "tips": {"count": 3}, "gender": "female", "lastName": "Ong", "lists": {"groups": [{"count": 2, "type": "created", "items": []}]}, "bio": ""}, {"id": "5205079", "photo": {"prefix": "https://igx.4sqi.net/img/user/", "suffix": "/HUDNFSQVD1BSBZEI.jpg"}, "homeCity": "Singapore", "contact": {}, "firstName": "Eman", "tips": {"count": 0}, "gender": "female", "lastName": "Alkatiri", "lists": {"groups": [{"count": 2, "type": "created", "items": []}]}, "bio": ""}, {"id": "4867053", "photo": {"prefix": "https://igx.4sqi.net/img/user/", "default": true, "suffix": "/blank_boy.png"}, "homeCity": "Singapore", "contact": {"facebook": "779263419", "twitter": "skeleking"}, "firstName": "Jason", "tips": {"count": 0}, "gender": "male", "lastName": "Koay", "lists": {"groups": [{"count": 2, "type": "created", "items": []}]}, "bio": ""}, {"id": "6674209", "photo": {"prefix": "https://igx.4sqi.net/img/user/", "suffix": "/WHR1R3EFEKMGS3JR.jpg"}, "homeCity": "Singapore", "contact": {"facebook": "667712944"}, "firstName": "Joy", "tips": {"count": 0}, "gender": "female", "lastName": "Tan", "lists": {"groups": [{"count": 2, "type": "created", "items": []}]}, "bio": ""}, {"id": "5584843", "photo": {"prefix": "https://igx.4sqi.net/img/user/", "suffix": "/XMUDRPXHNN5YQFA2.jpg"}, "homeCity": "Singapore", "contact": {"facebook": "100000682921110"}, "firstName": "Stacey", "tips": {"count": 2}, "gender": "female", "lastName": "Cheong", "lists": {"groups": [{"count": 2, "type": "created", "items": []}]}, "bio": ""}, {"id": "2286307", "photo": {"prefix": "https://igx.4sqi.net/img/user/", "suffix": "/2CKM4S5VBOU4MOSV.jpg"}, "homeCity": "Singapore", "contact": {"twitter": "gracesu_"}, "firstName": "Lau", "tips": {"count": 5}, "gender": "female", "lastName": "Grace", "lists": {"groups": [{"count": 2, "type": "created", "items": []}]}, "bio": ""}, {"id": "3636081", "photo": {"prefix": "https://igx.4sqi.net/img/user/", "suffix": "/FZO33DC3OH53JDRZ.jpg"}, "homeCity": "Singapore", "contact": {"facebook": "551368073"}, "firstName": "Rakcent", "tips": {"count": 0}, "gender": "male", "lastName": "Wong", "lists": {"groups": [{"count": 2, "type": "created", "items": []}]}, "bio": ""}, {"id": "4622172", "photo": {"prefix": "https://igx.4sqi.net/img/user/", "suffix": "/AYGRMOABHTWTZVGE.jpg"}, "homeCity": "Singapore", "contact": {"facebook": "626789134"}, "firstName": "nelson", "tips": {"count": 1}, "gender": "male", "lastName": "lee", "lists": {"groups": [{"count": 2, "type": "created", "items": []}]}, "bio": ""}, {"id": "538031", "photo": {"prefix": "https://igx.4sqi.net/img/user/", "suffix": "/538031-TJVRTFLUFUQMIKOS.jpg"}, "homeCity": "Singapore", "contact": {"facebook": "100001277881338", "twitter": "stephysim"}, "firstName": "Stephanie", "tips": {"count": 0}, "gender": "female", "lastName": "Sim", "lists": {"groups": [{"count": 2, "type": "created", "items": []}]}, "bio": "Stephysim.blogspot.com"}, {"id": "4858441", "photo": {"prefix": "https://igx.4sqi.net/img/user/", "suffix": "/I3WOR1AMD5JPIJJZ.jpg"}, "homeCity": "Singapore", "contact": {"facebook": "710110668", "twitter": "caiyii"}, "firstName": "Caiyi", "tips": {"count": 0}, "gender": "female", "lastName": "Lee", "lists": {"groups": [{"count": 2, "type": "created", "items": []}]}, "bio": ""}, {"id": "2123114", "photo": {"prefix": "https://igx.4sqi.net/img/user/", "suffix": "/OP3BROLML5ANNTS3.jpg"}, "homeCity": "singapore", "contact": {"facebook": "1781848571"}, "firstName": "TtwAy", "tips": {"count": 1}, "gender": "male", "lastName": "Tee", "lists": {"groups": [{"count": 4, "type": "created", "items": []}]}, "bio": ""}, {"id": "3394320", "photo": {"prefix": "https://igx.4sqi.net/img/user/", "suffix": "/B20FGOEX4VABKXFP.jpg"}, "homeCity": "Singapore", "contact": {"facebook": "604067328", "twitter": "phoenixhavoc"}, "firstName": "phoenixhavoc", "tips": {"count": 2}, "gender": "female", "lists": {"groups": [{"count": 2, "type": "created", "items": []}]}, "bio": ""}, {"id": "5682517", "photo": {"prefix": "https://igx.4sqi.net/img/user/", "suffix": "/NPOFYTZQU5J5QHKM.jpg"}, "homeCity": "Singapore", "contact": {}, "firstName": "Boey", "tips": {"count": 0}, "gender": "male", "lists": {"groups": [{"count": 2, "type": "created", "items": []}]}, "bio": ""}, {"id": "10053035", "photo": {"prefix": "https://igx.4sqi.net/img/user/", "suffix": "/LUHOOLVUHKXK2XBP.jpg"}, "homeCity": "NY", "contact": {"facebook": "540447204"}, "firstName": "Ryan", "tips": {"count": 0}, "gender": "male", "lastName": "O'Hara", "lists": {"groups": [{"count": 2, "type": "created", "items": []}]}, "bio": ""}, {"id": "7854921", "photo": {"prefix": "https://igx.4sqi.net/img/user/", "default": true, "suffix": "/blank_boy.png"}, "homeCity": "Singapore", "contact": {"facebook": "780354861"}, "firstName": "KingWa", "tips": {"count": 0}, "gender": "male", "lastName": "Yeung", "lists": {"groups": [{"count": 2, "type": "created", "items": []}]}, "bio": ""}, {"id": "5641317", "photo": {"prefix": "https://igx.4sqi.net/img/user/", "suffix": "/UN1C4HPMOVSPFJRB.jpg"}, "homeCity": "Unnamed Location", "contact": {"facebook": "100000748701164"}, "firstName": "Purrie", "tips": {"count": 0}, "gender": "female", "lastName": "Lim", "lists": {"groups": [{"count": 2, "type": "created", "items": []}]}, "bio": ""}, {"id": "2625608", "photo": {"prefix": "https://igx.4sqi.net/img/user/", "suffix": "/11QAQWBHOJHVNKGP.jpg"}, "homeCity": "Singapore", "contact": {"facebook": "666366854"}, "firstName": "Adha", "tips": {"count": 1}, "gender": "male", "lastName": "Legend", "lists": {"groups": [{"count": 2, "type": "created", "items": []}]}, "bio": ""}, {"id": "3751728", "photo": {"prefix": "https://igx.4sqi.net/img/user/", "default": true, "suffix": "/blank_boy.png"}, "homeCity": "Singapore", "contact": {}, "firstName": "Hema", "tips": {"count": 0}, "gender": "male", "lastName": "Lim", "lists": {"groups": [{"count": 2, "type": "created", "items": []}]}, "bio": ""}, {"id": "9635685", "photo": {"prefix": "https://igx.4sqi.net/img/user/", "suffix": "/TGXTT144I4QLQGIG.jpg"}, "homeCity": "Singapore", "contact": {"facebook": "100003014607088"}, "firstName": "Hana", "tips": {"count": 2}, "gender": "female", "lastName": "Leong", "lists": {"groups": [{"count": 2, "type": "created", "items": []}]}, "bio": ""}, {"id": "4859595", "photo": {"prefix": "https://igx.4sqi.net/img/user/", "suffix": "/GYJFTIIK1TGUKF1O.jpg"}, "homeCity": "Singapore", "contact": {"facebook": "770674622"}, "firstName": "Koon Long", "tips": {"count": 0}, "gender": "male", "lastName": "Phoa", "lists": {"groups": [{"count": 2, "type": "created", "items": []}]}, "bio": ""}, {"id": "2423612", "photo": {"prefix": "https://igx.4sqi.net/img/user/", "suffix": "/MMEERNCV32CCQMLA.jpg"}, "homeCity": "Singapore", "contact": {"facebook": "637685551", "twitter": "alphonsusloh"}, "firstName": "Alphonsus", "tips": {"count": 2}, "gender": "male", "lastName": "Loh", "lists": {"groups": [{"count": 2, "type": "created", "items": []}]}, "bio": ""}, {"id": "3863061", "photo": {"prefix": "https://igx.4sqi.net/img/user/", "suffix": "/N1STLNG4NEGTOJ4D.jpg"}, "homeCity": "New York, NY", "contact": {"facebook": "705866859"}, "firstName": "YenYin", "tips": {"count": 0}, "gender": "female", "lastName": "Quek", "lists": {"groups": [{"count": 2, "type": "created", "items": []}]}, "bio": ""}, {"id": "6195149", "photo": {"prefix": "https://igx.4sqi.net/img/user/", "suffix": "/NEJP0O2TCOOIUGKL.jpg"}, "homeCity": "Singapore", "contact": {"facebook": "100004333506365"}, "firstName": "Miyoko", "tips": {"count": 6}, "gender": "female", "lastName": "Cassandra", "lists": {"groups": [{"count": 2, "type": "created", "items": []}]}, "bio": ""}, {"id": "7996061", "photo": {"prefix": "https://igx.4sqi.net/img/user/", "suffix": "/XBGUO0FKPVZ2FIV4.jpg"}, "homeCity": "Bukit batok west ave 6, Singapore", "contact": {"facebook": "1385696250"}, "firstName": "Eri", "tips": {"count": 0}, "gender": "female", "lastName": "Zuraihi", "lists": {"groups": [{"count": 2, "type": "created", "items": []}]}, "bio": ""}, {"id": "5722620", "photo": {"prefix": "https://igx.4sqi.net/img/user/", "suffix": "/KWTQSFW201552L43.jpg"}, "homeCity": "Singapore", "contact": {}, "firstName": "Aidy", "tips": {"count": 0}, "gender": "male", "lists": {"groups": [{"count": 2, "type": "created", "items": []}]}, "bio": ""}, {"id": "2733437", "photo": {"prefix": "https://igx.4sqi.net/img/user/", "suffix": "/2733437-CGTMRMARWWXA5ZL1.jpg"}, "homeCity": "Singapore", "contact": {"facebook": "10153769441231490"}, "firstName": "Diana", "tips": {"count": 7}, "gender": "female", "lastName": "Tham", "lists": {"groups": [{"count": 3, "type": "created", "items": []}]}, "bio": ""}, {"id": "3845453", "photo": {"prefix": "https://igx.4sqi.net/img/user/", "suffix": "/WOGQEVF0X5L4PZVX.jpg"}, "homeCity": "Singapore", "contact": {}, "firstName": "Nicholas", "tips": {"count": 0}, "gender": "male", "lastName": "Nah", "lists": {"groups": [{"count": 2, "type": "created", "items": []}]}, "bio": ""}, {"id": "2726458", "photo": {"prefix": "https://igx.4sqi.net/img/user/", "suffix": "/ETPOVNZPYWTNOC0G.jpg"}, "homeCity": "Singapore", "contact": {"facebook": "839295710"}, "firstName": "\ue329 Lyd", "tips": {"count": 0}, "gender": "female", "lastName": "AidyL \ue329", "lists": {"groups": [{"count": 2, "type": "created", "items": []}]}, "bio": ""}, {"id": "3886219", "photo": {"prefix": "https://igx.4sqi.net/img/user/", "suffix": "/FJZCPADHCDQWGAEL.jpg"}, "homeCity": "Singapore", "contact": {"facebook": "625826343"}, "firstName": "Kyle", "tips": {"count": 0}, "gender": "male", "lastName": "Shum", "lists": {"groups": [{"count": 2, "type": "created", "items": []}]}, "bio": ""}, {"id": "6242302", "photo": {"prefix": "https://igx.4sqi.net/img/user/", "suffix": "/1N1JOSDMRWIW51AI.jpg"}, "homeCity": "Singapore", "contact": {"facebook": "100000491300710"}, "firstName": "Schizy", "tips": {"count": 0}, "gender": "male", "lastName": "Eazy", "lists": {"groups": [{"count": 2, "type": "created", "items": []}]}, "bio": ""}, {"id": "12860689", "photo": {"prefix": "https://igx.4sqi.net/img/user/", "suffix": "/NQMX45TONVPH0CMN.jpg"}, "homeCity": "Singapore", "contact": {"facebook": "641091735"}, "firstName": "Nora", "tips": {"count": 0}, "gender": "female", "lastName": "Barker", "lists": {"groups": [{"count": 2, "type": "created", "items": []}]}, "bio": ""}, {"id": "5725669", "photo": {"prefix": "https://igx.4sqi.net/img/user/", "suffix": "/1DRRM1H3ON0E342M.jpg"}, "homeCity": "Singapore", "contact": {}, "firstName": "Rachel", "tips": {"count": 0}, "gender": "female", "lastName": "Chieng", "lists": {"groups": [{"count": 2, "type": "created", "items": []}]}, "bio": ""}, {"id": "2955478", "photo": {"prefix": "https://igx.4sqi.net/img/user/", "suffix": "/IF0JQA0PGCBE4BZS.jpg"}, "homeCity": "Singapore", "contact": {"facebook": "589961933", "twitter": "x_huanglovesyou"}, "firstName": "Jonathan", "tips": {"count": 4}, "gender": "male", "lastName": "Ooi", "lists": {"groups": [{"count": 2, "type": "created", "items": []}]}, "bio": ""}, {"id": "3870220", "photo": {"prefix": "https://igx.4sqi.net/img/user/", "suffix": "/GQTJMWHAKKRLFMTU.jpg"}, "homeCity": "Singapore", "contact": {"facebook": "1216821570"}, "firstName": "Suhaidah", "tips": {"count": 0}, "gender": "female", "lastName": "Habeed", "lists": {"groups": [{"count": 2, "type": "created", "items": []}]}, "bio": ""}, {"id": "2728718", "photo": {"prefix": "https://igx.4sqi.net/img/user/", "suffix": "/DJGAWSPVKY23BWIE.jpg"}, "homeCity": "Singapore", "contact": {"facebook": "721721125", "twitter": "salibeanz"}, "firstName": "Nur Saliyana Munira", "tips": {"count": 0}, "gender": "female", "lastName": "Tuliman", "lists": {"groups": [{"count": 2, "type": "created", "items": []}]}, "bio": ""}, {"id": "4048037", "photo": {"prefix": "https://igx.4sqi.net/img/user/", "suffix": "/QERBZIMDN23TCIV1.jpg"}, "homeCity": "Singapore", "contact": {}, "firstName": "Wenwei", "tips": {"count": 0}, "gender": "male", "lastName": "Lee", "lists": {"groups": [{"count": 2, "type": "created", "items": []}]}, "bio": ""}, {"id": "6286490", "photo": {"prefix": "https://igx.4sqi.net/img/user/", "suffix": "/HNZ2LSMXWPQRZQ5F.jpg"}, "homeCity": "Singapore", "contact": {}, "firstName": "Cassandra", "tips": {"count": 0}, "gender": "female", "lastName": "Leo", "lists": {"groups": [{"count": 2, "type": "created", "items": []}]}, "bio": ""}, {"id": "5886727", "photo": {"prefix": "https://igx.4sqi.net/img/user/", "suffix": "/GDUOSP4MKCCM2W35.jpg"}, "homeCity": "Singapore", "contact": {"facebook": "736856823"}, "firstName": "Dy", "tips": {"count": 0}, "gender": "male", "lists": {"groups": [{"count": 2, "type": "created", "items": []}]}, "bio": ""}, {"id": "2959656", "photo": {"prefix": "https://igx.4sqi.net/img/user/", "suffix": "/HY50R3AWTNF1W3NH.jpg"}, "homeCity": "Singapore", "contact": {"facebook": "715617990"}, "firstName": "Marcus", "tips": {"count": 0}, "gender": "male", "lists": {"groups": [{"count": 2, "type": "created", "items": []}]}, "bio": ""}, {"id": "4055762", "photo": {"prefix": "https://igx.4sqi.net/img/user/", "default": true, "suffix": "/blank_girl.png"}, "homeCity": "Singapore", "contact": {}, "firstName": "Sadrina", "tips": {"count": 0}, "gender": "female", "lastName": "Hamzah", "lists": {"groups": [{"count": 2, "type": "created", "items": []}]}, "bio": ""}, {"id": "2999043", "photo": {"prefix": "https://igx.4sqi.net/img/user/", "suffix": "/FORARHGT4I24UKDF.jpg"}, "homeCity": "Singapore", "contact": {}, "firstName": "Gina", "tips": {"count": 5}, "gender": "female", "lists": {"groups": [{"count": 2, "type": "created", "items": []}]}, "bio": ""}, {"id": "4136473", "photo": {"prefix": "https://igx.4sqi.net/img/user/", "suffix": "/LS1QE4GLKRKIYYDG.jpg"}, "homeCity": "Singapore", "contact": {"facebook": "1039411120", "twitter": "halizaali"}, "firstName": "liz", "tips": {"count": 0}, "gender": "female", "lastName": "iris", "lists": {"groups": [{"count": 2, "type": "created", "items": []}]}, "bio": ""}, {"id": "6635414", "photo": {"prefix": "https://igx.4sqi.net/img/user/", "default": true, "suffix": "/blank_girl.png"}, "homeCity": "Singapore", "contact": {"facebook": "1317474593"}, "firstName": "Arin Kingkingking", "tips": {"count": 0}, "gender": "female", "lists": {"groups": [{"count": 2, "type": "created", "items": []}]}, "bio": ""}, {"id": "5887570", "photo": {"prefix": "https://igx.4sqi.net/img/user/", "suffix": "/YJVLMPDCZLKTIS5Y.jpg"}, "homeCity": "Singapore", "contact": {"facebook": "1671686724", "twitter": "ivannjy"}, "firstName": "Ivan", "tips": {"count": 0}, "gender": "male", "lastName": "jy", "lists": {"groups": [{"count": 2, "type": "created", "items": []}]}, "bio": ""}, {"id": "3583914", "photo": {"prefix": "https://igx.4sqi.net/img/user/", "suffix": "/D1XP4QC1SVVYQR5S.jpg"}, "homeCity": "Singapore", "contact": {"facebook": "708585109", "twitter": "priscaime"}, "firstName": "Priscilla", "tips": {"count": 4}, "gender": "female", "lastName": "A.C", "lists": {"groups": [{"count": 2, "type": "created", "items": []}]}, "bio": ""}, {"id": "4504740", "photo": {"prefix": "https://igx.4sqi.net/img/user/", "suffix": "/V1DJW13N5JC0QU3Z.jpg"}, "homeCity": "Singapore", "contact": {}, "firstName": "Wayne Randall", "tips": {"count": 0}, "gender": "male", "lastName": "De Cruz", "lists": {"groups": [{"count": 2, "type": "created", "items": []}]}, "bio": ""}, {"id": "3097098", "photo": {"prefix": "https://igx.4sqi.net/img/user/", "suffix": "/V3K524S0Y0OSVOCN.jpg"}, "homeCity": "Singapore", "contact": {"facebook": "1648455411", "twitter": "zhaooxuann"}, "firstName": "Zhao Xuan", "tips": {"count": 0}, "gender": "male", "lastName": "Tay", "lists": {"groups": [{"count": 2, "type": "created", "items": []}]}, "bio": ""}, {"id": "4143373", "photo": {"prefix": "https://igx.4sqi.net/img/user/", "suffix": "/Z1UF41NXHKN0CMNM.jpg"}, "homeCity": "Singapore", "contact": {"twitter": "anne_dah"}, "firstName": "Joanne A.H", "tips": {"count": 1}, "gender": "female", "lists": {"groups": [{"count": 2, "type": "created", "items": []}]}, "bio": ""}, {"id": "10024527", "photo": {"prefix": "https://igx.4sqi.net/img/user/", "suffix": "/VESM0NH3OYNDINMZ.jpg"}, "homeCity": "Singapore", "contact": {"facebook": "780342753"}, "firstName": "Shahibul", "tips": {"count": 2}, "gender": "male", "lastName": "Kahfi", "lists": {"groups": [{"count": 2, "type": "created", "items": []}]}, "bio": ""}, {"id": "5890457", "photo": {"prefix": "https://igx.4sqi.net/img/user/", "suffix": "/ECN1LIE05J2MPKKK.jpg"}, "homeCity": "New York, NY", "contact": {}, "firstName": "Fadily", "tips": {"count": 0}, "gender": "male", "lastName": "Ahmad", "lists": {"groups": [{"count": 2, "type": "created", "items": []}]}, "bio": ""}, {"id": "3739878", "photo": {"prefix": "https://igx.4sqi.net/img/user/", "suffix": "/3739878-KDGFL40L42L114NA.jpg"}, "homeCity": "Singapore", "contact": {"facebook": "586441713", "twitter": "yyennyy"}, "firstName": "Yenny", "tips": {"count": 18}, "gender": "female", "lastName": "Bay", "lists": {"groups": [{"count": 2, "type": "created", "items": []}]}, "bio": ""}, {"id": "5090608", "photo": {"prefix": "https://igx.4sqi.net/img/user/", "default": true, "suffix": "/blank_boy.png"}, "homeCity": "Singapore", "contact": {"facebook": "541821861"}, "firstName": "Soon Poh", "tips": {"count": 0}, "gender": "male", "lastName": "Leong", "lists": {"groups": [{"count": 2, "type": "created", "items": []}]}, "bio": ""}, {"id": "3259064", "photo": {"prefix": "https://igx.4sqi.net/img/user/", "suffix": "/GHOHZAFILV4IXZ1K.jpg"}, "homeCity": "Singapore", "contact": {}, "firstName": "Felix", "tips": {"count": 0}, "gender": "male", "lastName": "Ng", "lists": {"groups": [{"count": 2, "type": "created", "items": []}]}, "bio": ""}, {"id": "4445123", "photo": {"prefix": "https://igx.4sqi.net/img/user/", "suffix": "/4445123-5JNRIH2DU4AFAXT1.jpg"}, "homeCity": "Singapore ", "contact": {"facebook": "1463913721", "twitter": "gucciienvyme"}, "firstName": "Gucciienvyme", "tips": {"count": 1}, "gender": "female", "lastName": "Sherry", "lists": {"groups": [{"count": 2, "type": "created", "items": []}]}, "bio": "Twitter & Instagram - @gucciienvyme"}, {"id": "5942505", "photo": {"prefix": "https://igx.4sqi.net/img/user/", "suffix": "/GIUFWQ10MWNX5OBK.jpg"}, "homeCity": "Singapore", "contact": {"facebook": "100000458235793", "twitter": "ahhlow"}, "firstName": "AhhLow", "tips": {"count": 0}, "gender": "none", "lists": {"groups": [{"count": 2, "type": "created", "items": []}]}, "bio": ""}, {"id": "3960446", "photo": {"prefix": "https://igx.4sqi.net/img/user/", "suffix": "/3GB4QEPL4IHZKW0I.jpg"}, "homeCity": "Singapore", "contact": {"facebook": "646467494", "twitter": "_queen89_"}, "firstName": "Rachel", "tips": {"count": 0}, "gender": "female", "lastName": "Wu", "lists": {"groups": [{"count": 2, "type": "created", "items": []}]}, "bio": ""}, {"id": "5328517", "photo": {"prefix": "https://igx.4sqi.net/img/user/", "suffix": "/ABGOXS1BTNEQFJG5.jpg"}, "homeCity": "Singapore", "contact": {}, "firstName": "Fadily", "tips": {"count": 0}, "gender": "male", "lastName": "Ahmad", "lists": {"groups": [{"count": 2, "type": "created", "items": []}]}, "bio": ""}, {"id": "3399080", "photo": {"prefix": "https://igx.4sqi.net/img/user/", "suffix": "/H4QYBKJWTIIABQGX.gif"}, "homeCity": "", "contact": {"facebook": "1090273101"}, "firstName": "Suraya", "tips": {"count": 0}, "gender": "female", "lastName": "Baili", "lists": {"groups": [{"count": 2, "type": "created", "items": []}]}, "bio": ""}, {"id": "4605309", "photo": {"prefix": "https://igx.4sqi.net/img/user/", "suffix": "/1ALF22B02YW1EKTM.jpg"}, "homeCity": "Singapore", "contact": {}, "firstName": "Iris", "tips": {"count": 0}, "gender": "female", "lists": {"groups": [{"count": 2, "type": "created", "items": []}]}, "bio": ""}, {"id": "5944767", "photo": {"prefix": "https://igx.4sqi.net/img/user/", "suffix": "/OHSGZ2EATVYSQJZE.jpg"}, "homeCity": "Singapore", "contact": {}, "firstName": "Schizy", "tips": {"count": 0}, "gender": "male", "lastName": "Eazy", "lists": {"groups": [{"count": 2, "type": "created", "items": []}]}, "bio": ""}, {"id": "4903888", "photo": {"prefix": "https://igx.4sqi.net/img/user/", "suffix": "/RSRC13LRDRZZXZIX.jpg"}, "homeCity": "Singapore", "contact": {}, "firstName": "Kar Chun", "tips": {"count": 0}, "gender": "male", "lastName": "Luk", "lists": {"groups": [{"count": 2, "type": "created", "items": []}]}, "bio": ""}, {"id": "3416140", "photo": {"prefix": "https://igx.4sqi.net/img/user/", "suffix": "/WICKJFYHV5YERPJX.jpg"}, "homeCity": "Singapore", "contact": {"facebook": "1351918153"}, "firstName": "Marilyn", "tips": {"count": 0}, "gender": "female", "lastName": "Yanh", "lists": {"groups": [{"count": 2, "type": "created", "items": []}]}, "bio": ""}, {"id": "4608181", "photo": {"prefix": "https://igx.4sqi.net/img/user/", "suffix": "/1QTBP2QJSZVWU3O5.jpg"}, "homeCity": "Singapore", "contact": {"facebook": "625400361"}, "firstName": "Christine", "tips": {"count": 0}, "gender": "female", "lastName": "Toh", "lists": {"groups": [{"count": 2, "type": "created", "items": []}]}, "bio": ""}, {"id": "5950976", "photo": {"prefix": "https://igx.4sqi.net/img/user/", "default": true, "suffix": "/blank_girl.png"}, "homeCity": "Singapore", "contact": {}, "firstName": "Lee", "tips": {"count": 0}, "gender": "female", "lastName": "Hui ling", "lists": {"groups": [{"count": 2, "type": "created", "items": []}]}, "bio": ""}, {"id": "9868739", "photo": {"prefix": "https://igx.4sqi.net/img/user/", "suffix": "/TOCYMXSQM51IGPPT.jpg"}, "homeCity": "Singapore", "contact": {"facebook": "1493757162"}, "firstName": "Zoey", "tips": {"count": 1}, "gender": "female", "lastName": "Cher", "lists": {"groups": [{"count": 2, "type": "created", "items": []}]}, "bio": ""}, {"id": "3489171", "photo": {"prefix": "https://igx.4sqi.net/img/user/", "suffix": "/QUXIGBD3GNZFXCBZ.jpg"}, "homeCity": "Singapore", "contact": {"facebook": "657633945", "twitter": "josh_oh"}, "firstName": "Josh", "tips": {"count": 26}, "gender": "male", "lastName": "Oh K M", "lists": {"groups": [{"count": 2, "type": "created", "items": []}]}, "bio": ""}, {"id": "4748963", "photo": {"prefix": "https://igx.4sqi.net/img/user/", "suffix": "/IFSUXDEX0XOTTU0P.jpg"}, "homeCity": "Singapore", "contact": {"facebook": "1136366892"}, "firstName": "NaNaMi", "tips": {"count": 0}, "gender": "female", "lastName": "NaNeMo", "lists": {"groups": [{"count": 2, "type": "created", "items": []}]}, "bio": ""}, {"id": "8446198", "photo": {"prefix": "https://igx.4sqi.net/img/user/", "default": true, "suffix": "/blank_boy.png"}, "homeCity": "Singapore", "contact": {}, "firstName": "Richard", "tips": {"count": 0}, "gender": "male", "lastName": "Wong", "lists": {"groups": [{"count": 2, "type": "created", "items": []}]}, "bio": ""}, {"id": "9871337", "photo": {"prefix": "https://igx.4sqi.net/img/user/", "default": true, "suffix": "/blank_boy.png"}, "homeCity": "Singapore", "contact": {}, "firstName": "Jason", "tips": {"count": 0}, "gender": "male", "lastName": "Koay", "lists": {"groups": [{"count": 2, "type": "created", "items": []}]}, "bio": ""}, {"id": "3555670", "photo": {"prefix": "https://igx.4sqi.net/img/user/", "suffix": "/EIOM4IST0BGFFUNA.jpg"}, "homeCity": "Singapore", "contact": {"facebook": "100000016956866"}, "firstName": "Miimii", "tips": {"count": 0}, "gender": "female", "lastName": "Mia", "lists": {"groups": [{"count": 2, "type": "created", "items": []}]}, "bio": ""}, {"id": "4761810", "photo": {"prefix": "https://igx.4sqi.net/img/user/", "suffix": "/LCZTANVHODAEJMQJ.jpg"}, "homeCity": "Singapore", "contact": {"facebook": "775719774"}, "firstName": "Mohamad", "tips": {"count": 1}, "gender": "male", "lastName": "Aidil", "lists": {"groups": [{"count": 2, "type": "created", "items": []}]}, "bio": ""}, {"id": "13446393", "photo": {"prefix": "https://igx.4sqi.net/img/user/", "suffix": "/WV1NXPECPNVXMGQG.jpg"}, "homeCity": "Singapore", "contact": {"facebook": "1542230337", "twitter": "babeh_m"}, "firstName": "Merilyn", "tips": {"count": 0}, "gender": "female", "lastName": "Wang", "lists": {"groups": [{"count": 2, "type": "created", "items": []}]}, "bio": ""}, {"id": "3612425", "photo": {"prefix": "https://igx.4sqi.net/img/user/", "default": true, "suffix": "/blank_boy.png"}, "homeCity": "Singapore", "contact": {}, "firstName": "Matthew", "tips": {"count": 0}, "gender": "male", "lastName": "Sim", "lists": {"groups": [{"count": 2, "type": "created", "items": []}]}, "bio": ""}, {"id": "4765920", "photo": {"prefix": "https://igx.4sqi.net/img/user/", "suffix": "/4765920-T4O5DAXC1MHLVC5Y.jpg"}, "homeCity": "Singapore", "contact": {}, "firstName": "Renny", "tips": {"count": 0}, "gender": "male", "lastName": "Lim", "lists": {"groups": [{"count": 2, "type": "created", "items": []}]}, "bio": ""}, {"id": "4000105", "photo": {"prefix": "https://igx.4sqi.net/img/user/", "suffix": "/4QJCMYJ0J3B0HKGW.jpg"}, "homeCity": "Singapore", "contact": {}, "firstName": "Nur Sabrina", "tips": {"count": 0}, "gender": "female", "lastName": "Baharudin", "lists": {"groups": [{"count": 2, "type": "created", "items": []}]}, "bio": ""}, {"id": "5309859", "photo": {"prefix": "https://igx.4sqi.net/img/user/", "suffix": "/L0IGQRDB3YOVEBQC.jpg"}, "homeCity": "Singapore", "contact": {"facebook": "657387144"}, "firstName": "Choon Hee", "tips": {"count": 0}, "gender": "male", "lastName": "Koh", "lists": {"groups": [{"count": 2, "type": "created", "items": []}]}, "bio": ""}, {"id": "4072846", "photo": {"prefix": "https://igx.4sqi.net/img/user/", "suffix": "/TQ2QIXU04ML3JEUJ.jpg"}, "homeCity": "Singapore", "contact": {"facebook": "639615984", "twitter": "hengsterr"}, "firstName": "Heng", "tips": {"count": 2}, "gender": "none", "lastName": "Kidf", "lists": {"groups": [{"count": 2, "type": "created", "items": []}]}, "bio": ""}, {"id": "5522395", "photo": {"prefix": "https://igx.4sqi.net/img/user/", "suffix": "/0FV2EPV43DHSJWFK.jpg"}, "homeCity": "Singapore", "contact": {"facebook": "516702683", "twitter": "dwaynediesel"}, "firstName": "Dwayne", "tips": {"count": 3}, "gender": "male", "lastName": "Diesel", "lists": {"groups": [{"count": 2, "type": "created", "items": []}]}, "bio": ""}, {"id": "4165719", "photo": {"prefix": "https://igx.4sqi.net/img/user/", "suffix": "/AMMPHOUP5PLCE13E.jpg"}, "homeCity": "New York, NY", "contact": {}, "firstName": "Josephine", "tips": {"count": 0}, "gender": "female", "lastName": "Ho", "lists": {"groups": [{"count": 2, "type": "created", "items": []}]}, "bio": ""}, {"id": "6053371", "photo": {"prefix": "https://igx.4sqi.net/img/user/", "suffix": "/5DFVXQ0B3OUCBEZJ.jpg"}, "homeCity": "Singapore", "contact": {"facebook": "672514291"}, "firstName": "Tan", "tips": {"count": 0}, "gender": "female", "lastName": "Yanjun", "lists": {"groups": [{"count": 2, "type": "created", "items": []}]}, "bio": ""}, {"id": "4741813", "photo": {"prefix": "https://igx.4sqi.net/img/user/", "suffix": "/JM5YZB1DAYSL1IL2.jpg"}, "homeCity": "Singapore", "contact": {"facebook": "100001115030847", "twitter": "xradhyahx"}, "firstName": "Rian", "tips": {"count": 3}, "gender": "female", "lastName": "Radhyah", "lists": {"groups": [{"count": 2, "type": "created", "items": []}]}, "bio": "Happily in love, really."}, {"id": "6327739", "photo": {"prefix": "https://igx.4sqi.net/img/user/", "suffix": "/VFUZAPX1J2MAY500.jpg"}, "homeCity": "Singapore", "contact": {"facebook": "100000050374987"}, "firstName": "Sophian", "tips": {"count": 3}, "gender": "male", "lastName": "Marlow", "lists": {"groups": [{"count": 2, "type": "created", "items": []}]}, "bio": ""}, {"id": "5961094", "photo": {"prefix": "https://igx.4sqi.net/img/user/", "suffix": "/BX400VLK0BYKNWOW.jpg"}, "homeCity": "Singapore", "contact": {}, "firstName": "Mohammad", "tips": {"count": 0}, "gender": "male", "lastName": "Riduwan", "lists": {"groups": [{"count": 2, "type": "created", "items": []}]}, "bio": ""}, {"id": "6544115", "photo": {"prefix": "https://igx.4sqi.net/img/user/", "suffix": "/FKICRU3GHOWXVZLH.jpg"}, "homeCity": "Singapore", "contact": {}, "firstName": "Koh", "tips": {"count": 1}, "gender": "male", "lastName": "Jedrick", "lists": {"groups": [{"count": 2, "type": "created", "items": []}]}, "bio": ""}, {"id": "8651119", "photo": {"prefix": "https://igx.4sqi.net/img/user/", "suffix": "/ZPL1TBDUNRDFDGZD.jpg"}, "homeCity": "Singapore", "contact": {"facebook": "547426549"}, "firstName": "Jenna", "tips": {"count": 0}, "gender": "female", "lastName": "Goh", "lists": {"groups": [{"count": 2, "type": "created", "items": []}]}, "bio": ""}]}, "checksum": "eabda66f59278dd640097ad3eb53954d41c8ea2e"}}