{"notifications": [{"type": "notificationTray", "item": {"unreadCount": 0}}], "response": {"friends": {"items": [{"tips": {"count": 0}, "contact": {"facebook": "521335250"}, "firstName": "Aishah", "gender": "female", "lastName": "Akbar", "id": "7832365", "bio": "", "photo": {"prefix": "https://igx.4sqi.net/img/user/", "suffix": "/UDQJHUXHYJTARVOD.jpg"}, "homeCity": "Singapore", "lists": {"groups": [{"items": [], "count": 2, "type": "created"}]}}, {"tips": {"count": 8}, "contact": {"twitter": "fattychoo", "facebook": "603582037"}, "firstName": "Paul", "gender": "male", "lastName": "Choo", "id": "1429588", "bio": "", "photo": {"prefix": "https://igx.4sqi.net/img/user/", "suffix": "/QN02LGXWEMOENMVX.jpg"}, "homeCity": "Pasir Ris, Singapore", "lists": {"groups": [{"items": [], "count": 2, "type": "created"}]}}, {"tips": {"count": 0}, "contact": {"facebook": "620092966"}, "firstName": "Adrian", "gender": "male", "lastName": "Ng", "id": "5585710", "bio": "", "photo": {"prefix": "https://igx.4sqi.net/img/user/", "suffix": "/523J410BHZAWN5ZH.jpg"}, "homeCity": "Singapore", "lists": {"groups": [{"items": [], "count": 2, "type": "created"}]}}, {"tips": {"count": 1}, "contact": {}, "firstName": "Joshua", "gender": "male", "lastName": "Tan", "id": "2831817", "bio": "", "photo": {"prefix": "https://igx.4sqi.net/img/user/", "suffix": "/L2J1H4RNEJXJCWJ2.jpg"}, "homeCity": "Singapore", "lists": {"groups": [{"items": [], "count": 2, "type": "created"}]}}, {"tips": {"count": 3}, "contact": {"facebook": "738068428"}, "firstName": "Neuk", "gender": "male", "id": "2917950", "bio": "", "photo": {"prefix": "https://igx.4sqi.net/img/user/", "suffix": "/JYNH5UN2AMTUCBWD.jpg"}, "homeCity": "Singapore", "lists": {"groups": [{"items": [], "count": 2, "type": "created"}]}}, {"tips": {"count": 4}, "contact": {"facebook": "705987232"}, "firstName": "Daniel", "gender": "male", "lastName": "Chia", "id": "838504", "bio": "", "photo": {"prefix": "https://igx.4sqi.net/img/user/", "suffix": "/blank_boy.png", "default": true}, "homeCity": "Canberra, ACT", "lists": {"groups": [{"items": [], "count": 2, "type": "created"}]}}, {"tips": {"count": 0}, "contact": {"facebook": "731020395"}, "firstName": "Wangyang", "gender": "male", "lastName": "Xie", "id": "896634", "bio": "", "photo": {"prefix": "https://igx.4sqi.net/img/user/", "suffix": "/blank_boy.png", "default": true}, "homeCity": "Singapore", "lists": {"groups": [{"items": [], "count": 2, "type": "created"}]}}, {"tips": {"count": 1}, "contact": {"facebook": "556734185"}, "firstName": "Louise", "gender": "female", "lastName": "Lim", "id": "3432223", "bio": "", "photo": {"prefix": "https://igx.4sqi.net/img/user/", "suffix": "/5LEXJ3IUDLO2XEXY.jpg"}, "homeCity": "Singapore", "lists": {"groups": [{"items": [], "count": 2, "type": "created"}]}}, {"tips": {"count": 0}, "contact": {"twitter": "tabithamok"}, "firstName": "Tabitha", "gender": "female", "id": "31992163", "bio": "", "photo": {"prefix": "https://igx.4sqi.net/img/user/", "suffix": "/PURA11LA1OS51CYT.jpg"}, "homeCity": "Western Australia", "lists": {"groups": [{"items": [], "count": 2, "type": "created"}]}}, {"tips": {"count": 0}, "contact": {"facebook": "690691489"}, "firstName": "Parissa", "gender": "female", "lastName": "Tock", "id": "4966992", "bio": "", "photo": {"prefix": "https://igx.4sqi.net/img/user/", "suffix": "/Z553FGM1UY2JONV0.jpg"}, "homeCity": "Singapore", "lists": {"groups": [{"items": [], "count": 2, "type": "created"}]}}, {"tips": {"count": 0}, "contact": {"facebook": "780875526"}, "firstName": "Ci", "gender": "female", "lastName": "Pei", "id": "24959455", "bio": "", "photo": {"prefix": "https://igx.4sqi.net/img/user/", "suffix": "/NVLDS3Z0ENUMDTVH.jpg"}, "homeCity": "Singapore", "lists": {"groups": [{"items": [], "count": 2, "type": "created"}]}}, {"tips": {"count": 0}, "contact": {"facebook": "638243353"}, "firstName": "Irene", "gender": "female", "lastName": "Lim", "id": "3164282", "bio": "", "photo": {"prefix": "https://igx.4sqi.net/img/user/", "suffix": "/P0MDK1AFSS4LSMGA.jpg"}, "homeCity": "Singapore", "lists": {"groups": [{"items": [], "count": 2, "type": "created"}]}}, {"tips": {"count": 0}, "contact": {"twitter": "4ngeli4", "facebook": "673052665"}, "firstName": "Angelia", "gender": "female", "lastName": "Paw", "id": "3983242", "bio": "", "photo": {"prefix": "https://igx.4sqi.net/img/user/", "suffix": "/53VDEWKPSZZ2CKVQ.jpg"}, "homeCity": "Singapore", "lists": {"groups": [{"items": [], "count": 2, "type": "created"}]}}, {"tips": {"count": 4}, "contact": {"twitter": "tanhuiyi"}, "firstName": "Hui Yi", "gender": "female", "id": "3848613", "bio": "", "photo": {"prefix": "https://igx.4sqi.net/img/user/", "suffix": "/40NEKWIKEDGBJI5G.jpg"}, "homeCity": "Singapore", "lists": {"groups": [{"items": [], "count": 2, "type": "created"}]}}, {"tips": {"count": 0}, "contact": {"facebook": "508956062"}, "firstName": "Koh", "gender": "male", "lastName": "Allan", "id": "11566859", "bio": "", "photo": {"prefix": "https://igx.4sqi.net/img/user/", "suffix": "/XYR5TEVJZ4JEHIX3.jpg"}, "homeCity": "Singapore", "lists": {"groups": [{"items": [], "count": 2, "type": "created"}]}}, {"tips": {"count": 0}, "contact": {"facebook": "510683132"}, "firstName": "ZhongWei", "gender": "male", "lastName": "Lu", "id": "53780417", "bio": "", "photo": {"prefix": "https://igx.4sqi.net/img/user/", "suffix": "/ONUFZAST11515EB2.jpg"}, "homeCity": "Singapore", "lists": {"groups": [{"items": [], "count": 2, "type": "created"}]}}, {"tips": {"count": 3}, "contact": {"twitter": "kwekhansiong", "facebook": "10152493828597681"}, "firstName": "Kwek", "gender": "male", "lastName": "Siong", "id": "10572359", "bio": "", "photo": {"prefix": "https://igx.4sqi.net/img/user/", "suffix": "/LO2YYLTZBPHU4SNH.jpg"}, "homeCity": "Singapore", "lists": {"groups": [{"items": [], "count": 3, "type": "created"}]}}], "count": 17}, "checksum": "9a6f045423276b59ac3555fc34336da3acfad0fe"}, "meta": {"requestId": "596619b86a6071143b6cf76c", "code": 200}}