{"notifications": [{"type": "notificationTray", "item": {"unreadCount": 0}}], "response": {"friends": {"items": [{"tips": {"count": 0}, "contact": {"facebook": "814148009"}, "firstName": "Bellissima", "gender": "female", "lastName": "Gndcs", "id": "4525664", "bio": "", "photo": {"prefix": "https://igx.4sqi.net/img/user/", "suffix": "/3YWLH25LAPG4FAU4.jpg"}, "homeCity": "Singapore", "lists": {"groups": [{"items": [], "count": 2, "type": "created"}]}}, {"tips": {"count": 4}, "contact": {"facebook": "503394130"}, "firstName": "Roger", "gender": "male", "lastName": "Prem", "id": "4378954", "bio": "", "photo": {"prefix": "https://igx.4sqi.net/img/user/", "suffix": "/4378954-TFESWXBIGRSCJCO3.jpg"}, "homeCity": "Singapore", "lists": {"groups": [{"items": [], "count": 3, "type": "created"}]}}, {"tips": {"count": 0}, "contact": {}, "firstName": "B\u00f4Yk\u00c2", "gender": "male", "lastName": "B\u00ed\u00f2L", "id": "5887762", "bio": "", "photo": {"prefix": "https://igx.4sqi.net/img/user/", "suffix": "/XSRCKEAKO1CPEF3X.jpg"}, "homeCity": "Singapore", "lists": {"groups": [{"items": [], "count": 2, "type": "created"}]}}, {"tips": {"count": 0}, "contact": {"facebook": "696527140"}, "firstName": "tracy", "gender": "female", "lastName": "asilo", "id": "1852770", "bio": "", "photo": {"prefix": "https://igx.4sqi.net/img/user/", "suffix": "/DTYHKPT3ECN33LKX.jpg"}, "homeCity": "Singapore", "lists": {"groups": [{"items": [], "count": 2, "type": "created"}]}}, {"tips": {"count": 0}, "contact": {"facebook": "609853715"}, "firstName": "Afikz", "gender": "male", "lastName": "Ramanz", "id": "4918976", "bio": "", "photo": {"prefix": "https://igx.4sqi.net/img/user/", "suffix": "/2W3MBR21NXZFPB25.jpg"}, "homeCity": "Singapore", "lists": {"groups": [{"items": [], "count": 2, "type": "created"}]}}, {"tips": {"count": 18}, "contact": {"twitter": "jaliboyruder", "facebook": "1105744315"}, "firstName": "Jaliboy\u2122[LCN]", "gender": "male", "lastName": "Ruder", "id": "2908789", "bio": "", "photo": {"prefix": "https://igx.4sqi.net/img/user/", "suffix": "/02ZCRWW0GW4SRI3F.jpg"}, "homeCity": "Singapore", "lists": {"groups": [{"items": [], "count": 2, "type": "created"}]}}, {"tips": {"count": 2}, "contact": {}, "firstName": "wan", "gender": "male", "lastName": "trogilo", "id": "5361683", "bio": "", "photo": {"prefix": "https://igx.4sqi.net/img/user/", "suffix": "/MVJLW0MWSJ0T0B1C.jpg"}, "homeCity": "Singapore", "lists": {"groups": [{"items": [], "count": 2, "type": "created"}]}}, {"tips": {"count": 1}, "contact": {"twitter": "kyroskoh", "facebook": "10154111055585169"}, "firstName": "Kyros", "gender": "male", "lastName": "Koh", "id": "771517", "bio": "One of the 4sq's (Early) Ambassadors!\n\nFacebook/Twitter/Instagram: @kyroskoh", "photo": {"prefix": "https://igx.4sqi.net/img/user/", "suffix": "/771517-QZUXUTMJ2EBKVGRZ.jpg"}, "homeCity": "Singapore", "lists": {"groups": [{"items": [], "count": 2, "type": "created"}]}}, {"tips": {"count": 5}, "contact": {"facebook": "631543083"}, "firstName": "Hafiz", "gender": "male", "lastName": "As'ari", "id": "1549154", "bio": "", "photo": {"prefix": "https://igx.4sqi.net/img/user/", "suffix": "/TCF2YSCXGEPL2EH3.jpg"}, "homeCity": "Woodlands, Singapore", "lists": {"groups": [{"items": [], "count": 2, "type": "created"}]}}, {"tips": {"count": 3}, "contact": {"twitter": "jeffreyiman", "facebook": "1098406237"}, "firstName": "Jeffrey", "gender": "male", "lastName": "Iman\u2122", "id": "4225796", "bio": "", "photo": {"prefix": "https://igx.4sqi.net/img/user/", "suffix": "/PXHFJZPKN4D0TNYM.jpg"}, "homeCity": "Singapore", "lists": {"groups": [{"items": [], "count": 2, "type": "created"}]}}, {"tips": {"count": 2}, "contact": {"facebook": "635993950"}, "firstName": "LiL", "gender": "male", "lastName": "ImP", "id": "782514", "bio": "", "photo": {"prefix": "https://igx.4sqi.net/img/user/", "suffix": "/0R1HNYOCOTNF0RPR.jpg"}, "homeCity": ", Singapore", "lists": {"groups": [{"items": [], "count": 2, "type": "created"}]}}, {"tips": {"count": 0}, "contact": {"facebook": "589179159"}, "firstName": "Muhammad", "gender": "male", "lastName": "Reza", "id": "3185213", "bio": "", "photo": {"prefix": "https://igx.4sqi.net/img/user/", "suffix": "/1BORS0IKW3QL1X4N.jpg"}, "homeCity": "Singapore", "lists": {"groups": [{"items": [], "count": 2, "type": "created"}]}}, {"tips": {"count": 5}, "contact": {}, "firstName": "El Yan", "gender": "male", "lastName": "Nino \ue511", "id": "4306049", "bio": "", "photo": {"prefix": "https://igx.4sqi.net/img/user/", "suffix": "/3EF144KKKFGMABGD.jpg"}, "homeCity": "Singapore", "lists": {"groups": [{"items": [], "count": 2, "type": "created"}]}}, {"tips": {"count": 0}, "contact": {"facebook": "100002046963966"}, "firstName": "RIdjUan", "gender": "male", "lastName": "Bio", "id": "6029976", "bio": "", "photo": {"prefix": "https://igx.4sqi.net/img/user/", "suffix": "/RH3RPI1A03MS1GZ4.jpg"}, "homeCity": "Singapore", "lists": {"groups": [{"items": [], "count": 2, "type": "created"}]}}, {"tips": {"count": 0}, "contact": {"twitter": "crankydude09", "facebook": "1489148539"}, "firstName": "Biggie", "gender": "male", "lastName": "Bear", "id": "2361553", "bio": "", "photo": {"prefix": "https://igx.4sqi.net/img/user/", "suffix": "/ONLAPXFHEKKY3SZN.jpg"}, "homeCity": "Singapore", "lists": {"groups": [{"items": [], "count": 2, "type": "created"}]}}, {"tips": {"count": 0}, "contact": {"facebook": "738222082"}, "firstName": "ryan", "gender": "male", "lastName": "shah", "id": "2935807", "bio": "", "photo": {"prefix": "https://igx.4sqi.net/img/user/", "suffix": "/YBCCF4XNL3TTITRS.jpg"}, "homeCity": "Singapore", "lists": {"groups": [{"items": [], "count": 2, "type": "created"}]}}, {"tips": {"count": 0}, "contact": {"facebook": "100000698035689"}, "firstName": "Bastero", "gender": "male", "lastName": "Man", "id": "4711114", "bio": "", "photo": {"prefix": "https://igx.4sqi.net/img/user/", "suffix": "/blank_boy.png", "default": true}, "homeCity": "Singapore", "lists": {"groups": [{"items": [], "count": 2, "type": "created"}]}}, {"tips": {"count": 0}, "contact": {"facebook": "1507219156"}, "firstName": "Mohamed", "gender": "male", "lastName": "Ismail", "id": "4861009", "bio": "", "photo": {"prefix": "https://igx.4sqi.net/img/user/", "suffix": "/DTZ5A00A5WPKF105.jpg"}, "homeCity": "514 west coast rd, Singapore", "lists": {"groups": [{"items": [], "count": 2, "type": "created"}]}}, {"tips": {"count": 36}, "contact": {"twitter": "egginapan", "facebook": "1575566022"}, "firstName": "Zahari", "gender": "male", "lastName": "N", "id": "1393570", "bio": "", "photo": {"prefix": "https://igx.4sqi.net/img/user/", "suffix": "/AX1RNLCGBH5N2LYZ.jpg"}, "homeCity": "Singapore", "lists": {"groups": [{"items": [], "count": 4, "type": "created"}]}}, {"tips": {"count": 1}, "contact": {"facebook": "716644638"}, "firstName": "Farez", "gender": "male", "lastName": "Masril", "id": "3207376", "bio": "", "photo": {"prefix": "https://igx.4sqi.net/img/user/", "suffix": "/S3XOPDAKDG1Z32XX.jpg"}, "homeCity": "Singapore", "lists": {"groups": [{"items": [], "count": 2, "type": "created"}]}}, {"tips": {"count": 1}, "contact": {}, "firstName": "Ruud", "gender": "male", "lastName": "Serizawa", "id": "4335668", "bio": "", "photo": {"prefix": "https://igx.4sqi.net/img/user/", "suffix": "/KNB0VSSJKQHIWMLB.jpg"}, "homeCity": "Singapore", "lists": {"groups": [{"items": [], "count": 2, "type": "created"}]}}, {"tips": {"count": 1}, "contact": {"facebook": "1514403356"}, "firstName": "Mohamad", "gender": "male", "lastName": "Idrus", "id": "3582646", "bio": "", "photo": {"prefix": "https://igx.4sqi.net/img/user/", "suffix": "/NIA3JUE154KOT1U1.jpg"}, "homeCity": "Woodlands", "lists": {"groups": [{"items": [], "count": 2, "type": "created"}]}}, {"tips": {"count": 5}, "contact": {"facebook": "1033025198"}, "firstName": "James", "gender": "male", "lastName": "Nazerth", "id": "3157964", "bio": "", "photo": {"prefix": "https://igx.4sqi.net/img/user/", "suffix": "/YKNZTMRJB5U3TTWA.jpg"}, "homeCity": "Sydney, Australia ", "lists": {"groups": [{"items": [], "count": 2, "type": "created"}]}}, {"tips": {"count": 0}, "contact": {}, "firstName": "Randy", "gender": "male", "lastName": "Tan", "id": "4927223", "bio": "", "photo": {"prefix": "https://igx.4sqi.net/img/user/", "suffix": "/QAAZE0PHLOOVGJKS.jpg"}, "homeCity": "Singapore", "lists": {"groups": [{"items": [], "count": 2, "type": "created"}]}}, {"tips": {"count": 6}, "contact": {"facebook": "537376124"}, "firstName": "Jason", "gender": "male", "lastName": "Lim", "id": "3116647", "bio": "", "photo": {"prefix": "https://igx.4sqi.net/img/user/", "suffix": "/PA1ZYLTZJVWIWN2F.jpg"}, "homeCity": "Singapore", "lists": {"groups": [{"items": [], "count": 2, "type": "created"}]}}, {"tips": {"count": 0}, "contact": {}, "firstName": "Jason", "gender": "male", "lastName": "Chia", "id": "3854772", "bio": "", "photo": {"prefix": "https://igx.4sqi.net/img/user/", "suffix": "/YUO0DT33PRYG1I4B.jpg"}, "homeCity": "Singapore", "lists": {"groups": [{"items": [], "count": 2, "type": "created"}]}}, {"tips": {"count": 1}, "contact": {"facebook": "763202319"}, "firstName": "Roslee", "gender": "male", "lastName": "Ismail", "id": "4637812", "bio": "", "photo": {"prefix": "https://igx.4sqi.net/img/user/", "suffix": "/TYXAAUQNROW5MPUE.jpg"}, "homeCity": "Singapore", "lists": {"groups": [{"items": [], "count": 2, "type": "created"}]}}, {"tips": {"count": 0}, "contact": {"facebook": "100001445786414"}, "firstName": "Mohamed", "gender": "male", "lastName": "Hafis", "id": "3654574", "bio": "", "photo": {"prefix": "https://igx.4sqi.net/img/user/", "suffix": "/GYR4KIWUCF3CVL2E.jpg"}, "homeCity": "Singapore", "lists": {"groups": [{"items": [], "count": 2, "type": "created"}]}}, {"tips": {"count": 5}, "contact": {"twitter": "arraihann"}, "firstName": "Arraihan", "gender": "male", "lastName": "Rosman", "id": "3837007", "bio": "", "photo": {"prefix": "https://igx.4sqi.net/img/user/", "suffix": "/SSJMTV43ARYG2YCE.jpg"}, "homeCity": "Singapore", "lists": {"groups": [{"items": [], "count": 2, "type": "created"}]}}, {"tips": {"count": 5}, "contact": {"twitter": "aishah_lala"}, "firstName": "Siti aishah", "gender": "female", "id": "5433118", "bio": "", "photo": {"prefix": "https://igx.4sqi.net/img/user/", "suffix": "/ZILHOMCYVLB1YHOL.jpg"}, "homeCity": "Singapore", "lists": {"groups": [{"items": [], "count": 2, "type": "created"}]}}, {"tips": {"count": 0}, "contact": {"twitter": "shaidelirious"}, "firstName": "Shai", "gender": "male", "lastName": "D.", "id": "3196270", "bio": "", "photo": {"prefix": "https://igx.4sqi.net/img/user/", "suffix": "/4VMWTVRTHSAK5LFK.jpg"}, "homeCity": "Singapore", "lists": {"groups": [{"items": [], "count": 2, "type": "created"}]}}, {"tips": {"count": 0}, "contact": {"facebook": "100000909256580"}, "firstName": "\u054f\u057e\u04bd\u056a \u0192\u0251\u056a\u04c0\u057e", "gender": "male", "id": "3963897", "bio": "", "photo": {"prefix": "https://igx.4sqi.net/img/user/", "suffix": "/RF51CD0ZTOQKP5WM.jpg"}, "homeCity": "Singapore", "lists": {"groups": [{"items": [], "count": 2, "type": "created"}]}}, {"tips": {"count": 0}, "contact": {}, "firstName": "Theblackstudio", "gender": "male", "id": "4886849", "bio": "", "photo": {"prefix": "https://igx.4sqi.net/img/user/", "suffix": "/1QFNFT24WUP4LMUR.jpg"}, "homeCity": "Singapore", "lists": {"groups": [{"items": [], "count": 2, "type": "created"}]}}, {"tips": {"count": 1}, "contact": {"facebook": "1743322923"}, "firstName": "Ijal", "gender": "male", "lastName": "Cortez", "id": "3654904", "bio": "", "photo": {"prefix": "https://igx.4sqi.net/img/user/", "suffix": "/QTS3R3H1E4GOUEO2.jpg"}, "homeCity": "Singapore", "lists": {"groups": [{"items": [], "count": 2, "type": "created"}]}}, {"tips": {"count": 0}, "contact": {}, "firstName": "Christopher", "gender": "male", "lastName": "see", "id": "3878050", "bio": "", "photo": {"prefix": "https://igx.4sqi.net/img/user/", "suffix": "/J2SKMPWHVBYQ3EK5.jpg"}, "homeCity": "Singapore", "lists": {"groups": [{"items": [], "count": 2, "type": "created"}]}}, {"tips": {"count": 2}, "contact": {"facebook": "100001490452289"}, "firstName": "Frizmo", "gender": "male", "lastName": "Kaito", "id": "3378280", "bio": "", "photo": {"prefix": "https://igx.4sqi.net/img/user/", "suffix": "/3BNEV51ZAP1QCEZA.jpg"}, "homeCity": "Singapore", "lists": {"groups": [{"items": [], "count": 2, "type": "created"}]}}, {"tips": {"count": 0}, "contact": {}, "firstName": "Tan", "gender": "male", "lastName": "Wen yong", "id": "4040792", "bio": "", "photo": {"prefix": "https://igx.4sqi.net/img/user/", "suffix": "/QNMZGI4WXAJAB5PT.jpg"}, "homeCity": "Singapore", "lists": {"groups": [{"items": [], "count": 2, "type": "created"}]}}, {"tips": {"count": 0}, "contact": {}, "firstName": "Nur Shazlyn", "gender": "female", "lastName": "Mohd Shah", "id": "6448553", "bio": "", "photo": {"prefix": "https://igx.4sqi.net/img/user/", "suffix": "/WMIAYIX5PEN2ZGEV.jpg"}, "homeCity": "Singapore", "lists": {"groups": [{"items": [], "count": 2, "type": "created"}]}}, {"tips": {"count": 0}, "contact": {"twitter": "waniniwanana", "facebook": "701877538"}, "firstName": "Wani", "gender": "female", "lastName": "Su'aidi", "id": "3961744", "bio": "", "photo": {"prefix": "https://igx.4sqi.net/img/user/", "suffix": "/4JWCZAF1HKFA3HBH.jpg"}, "homeCity": "Singapore", "lists": {"groups": [{"items": [], "count": 2, "type": "created"}]}}, {"tips": {"count": 0}, "contact": {"facebook": "1197581589"}, "firstName": "\ue13eIvor Joy", "gender": "female", "lastName": "Soguilon\ue318", "id": "3925494", "bio": "malditaCivy", "photo": {"prefix": "https://igx.4sqi.net/img/user/", "suffix": "/MKZZ5SXGUGUUZZV1.jpg"}, "homeCity": "Singapore", "lists": {"groups": [{"items": [], "count": 3, "type": "created"}]}}, {"tips": {"count": 2}, "contact": {"facebook": "736005010"}, "firstName": "Wady", "gender": "male", "lastName": "Kuntare", "id": "3418562", "bio": "", "photo": {"prefix": "https://igx.4sqi.net/img/user/", "suffix": "/RWZCHRYU5H33WPLS.jpg"}, "homeCity": "Singapore", "lists": {"groups": [{"items": [], "count": 2, "type": "created"}]}}, {"tips": {"count": 2}, "contact": {"facebook": "566447325"}, "firstName": "ijal", "gender": "male", "lastName": "Bai", "id": "4438590", "bio": "", "photo": {"prefix": "https://igx.4sqi.net/img/user/", "suffix": "/2FWSQ0MB30S3WDVT.jpg"}, "homeCity": "Singapore", "lists": {"groups": [{"items": [], "count": 2, "type": "created"}]}}, {"tips": {"count": 25}, "contact": {}, "firstName": "Azuary", "gender": "male", "lastName": "TerNaKaL", "id": "3933719", "bio": "", "photo": {"prefix": "https://igx.4sqi.net/img/user/", "suffix": "/2WPHQ5D2EZU3L2YG.jpg"}, "homeCity": "Singapore", "lists": {"groups": [{"items": [], "count": 2, "type": "created"}]}}, {"tips": {"count": 0}, "contact": {"twitter": "lisvstarr", "facebook": "723239359"}, "firstName": "Lisvstarr", "gender": "female", "lastName": "Hanafi", "id": "3426661", "bio": "", "photo": {"prefix": "https://igx.4sqi.net/img/user/", "suffix": "/U2QAEHGDJA3P5OME.jpg"}, "homeCity": "Singapore", "lists": {"groups": [{"items": [], "count": 2, "type": "created"}]}}, {"tips": {"count": 0}, "contact": {"facebook": "611118472"}, "firstName": "Still", "gender": "male", "lastName": "Fly", "id": "4494970", "bio": "", "photo": {"prefix": "https://igx.4sqi.net/img/user/", "suffix": "/GI3N2VIL0BCM5SN5.jpg"}, "homeCity": "Singapore", "lists": {"groups": [{"items": [], "count": 2, "type": "created"}]}}, {"tips": {"count": 0}, "contact": {"facebook": "100001045692361"}, "firstName": "Lebai", "gender": "male", "lastName": "Zul", "id": "3941143", "bio": "", "photo": {"prefix": "https://igx.4sqi.net/img/user/", "suffix": "/3941143-ICV1UBSHLHM0SWGO.jpg"}, "homeCity": "Singapore", "lists": {"groups": [{"items": [], "count": 2, "type": "created"}]}}, {"tips": {"count": 0}, "contact": {}, "firstName": "kcalb", "gender": "male", "lastName": "Mon", "id": "3493314", "bio": "", "photo": {"prefix": "https://igx.4sqi.net/img/user/", "suffix": "/HUIX4ILOSN1KG30C.jpg"}, "homeCity": "Singapore", "lists": {"groups": [{"items": [], "count": 2, "type": "created"}]}}, {"tips": {"count": 0}, "contact": {"facebook": "100001501617382"}, "firstName": "Benny", "gender": "male", "lastName": "Truelove", "id": "3685986", "bio": "", "photo": {"prefix": "https://igx.4sqi.net/img/user/", "suffix": "/PM0AFLRQRDD55LFN.jpg"}, "homeCity": "Singapore", "lists": {"groups": [{"items": [], "count": 2, "type": "created"}]}}, {"tips": {"count": 0}, "contact": {"facebook": "1800227275"}, "firstName": "Dahdah", "gender": "female", "lastName": "La", "id": "3976932", "bio": "", "photo": {"prefix": "https://igx.4sqi.net/img/user/", "suffix": "/PZKVOCRKGYFAIVAS.jpg"}, "homeCity": "Singapore", "lists": {"groups": [{"items": [], "count": 2, "type": "created"}]}}, {"tips": {"count": 2}, "contact": {"twitter": "glennstatic"}, "firstName": "Glenn", "gender": "male", "lastName": "Gonzalo", "id": "4072192", "bio": "", "photo": {"prefix": "https://igx.4sqi.net/img/user/", "suffix": "/AVRDN2YXGW3OCO2Q.jpg"}, "homeCity": "Singapore", "lists": {"groups": [{"items": [], "count": 2, "type": "created"}]}}, {"tips": {"count": 0}, "contact": {"facebook": "650103011"}, "firstName": "AiLian Koh", "gender": "female", "id": "4082982", "bio": "", "photo": {"prefix": "https://igx.4sqi.net/img/user/", "suffix": "/S04TLAFB3ABGB2ZW.jpg"}, "homeCity": "Singapore", "lists": {"groups": [{"items": [], "count": 2, "type": "created"}]}}, {"tips": {"count": 0}, "contact": {"facebook": "634478860"}, "firstName": "Maxi", "gender": "male", "lastName": "Maximus", "id": "4112695", "bio": "", "photo": {"prefix": "https://igx.4sqi.net/img/user/", "suffix": "/RJFUI3VYEVIGDIH0.jpg"}, "homeCity": "Singapore", "lists": {"groups": [{"items": [], "count": 2, "type": "created"}]}}, {"tips": {"count": 0}, "contact": {}, "firstName": "Arnold", "gender": "male", "lastName": "De Borja", "id": "4725555", "bio": "", "photo": {"prefix": "https://igx.4sqi.net/img/user/", "suffix": "/JVQQHMR5KA4JFDU5.jpg"}, "homeCity": "Singapore", "lists": {"groups": [{"items": [], "count": 2, "type": "created"}]}}, {"tips": {"count": 0}, "contact": {"facebook": "614302873"}, "firstName": "Abu", "gender": "male", "lastName": "Haziq", "id": "5227367", "bio": "", "photo": {"prefix": "https://igx.4sqi.net/img/user/", "suffix": "/U50KGGVDEMO3PVWC.jpg"}, "homeCity": "Singapore", "lists": {"groups": [{"items": [], "count": 2, "type": "created"}]}}, {"tips": {"count": 0}, "contact": {}, "firstName": "Suzaini", "gender": "male", "lastName": "boyhiker", "id": "6465667", "bio": "", "photo": {"prefix": "https://igx.4sqi.net/img/user/", "suffix": "/N0A0RPOT4PTLOKFI.jpg"}, "homeCity": "Singapore", "lists": {"groups": [{"items": [], "count": 2, "type": "created"}]}}], "count": 155}, "checksum": "c8c957d729e9051336fc60de656249d39fbc9c69"}, "meta": {"requestId": "59662b549fb6b77b93a5c1b7", "code": 200}}