{"notifications": [{"type": "notificationTray", "item": {"unreadCount": 0}}], "response": {"friends": {"items": [{"tips": {"count": 5}, "contact": {}, "firstName": "El Yan", "gender": "male", "lastName": "Nino \ue511", "id": "4306049", "bio": "", "photo": {"prefix": "https://igx.4sqi.net/img/user/", "suffix": "/3EF144KKKFGMABGD.jpg"}, "homeCity": "Singapore", "lists": {"groups": [{"items": [], "count": 2, "type": "created"}]}}, {"tips": {"count": 0}, "contact": {"facebook": "814148009"}, "firstName": "Bellissima", "gender": "female", "lastName": "Gndcs", "id": "4525664", "bio": "", "photo": {"prefix": "https://igx.4sqi.net/img/user/", "suffix": "/3YWLH25LAPG4FAU4.jpg"}, "homeCity": "Singapore", "lists": {"groups": [{"items": [], "count": 2, "type": "created"}]}}, {"tips": {"count": 29}, "contact": {"twitter": "skyfall2359", "facebook": "1852031637"}, "firstName": "Mat \ue415", "gender": "male", "lastName": "Salleh", "id": "3517642", "bio": "", "photo": {"prefix": "https://igx.4sqi.net/img/user/", "suffix": "/3517642-MSD5H4CEYWGKWRZU.jpg"}, "homeCity": "Takbolehtahan.com", "lists": {"groups": [{"items": [], "count": 3, "type": "created"}]}}, {"tips": {"count": 0}, "contact": {"twitter": "tigress_roar", "facebook": "100000062102107"}, "firstName": "Pauline", "gender": "female", "lastName": "Cornelius", "id": "6504225", "bio": "", "photo": {"prefix": "https://igx.4sqi.net/img/user/", "suffix": "/GDUSWZGYDXC3YWCY.jpg"}, "homeCity": "Singapore", "lists": {"groups": [{"items": [], "count": 2, "type": "created"}]}}, {"tips": {"count": 8}, "contact": {"facebook": "100000808609546"}, "firstName": "Is", "gender": "male", "lastName": "Rossi", "id": "4249405", "bio": "", "photo": {"prefix": "https://igx.4sqi.net/img/user/", "suffix": "/01LQHRJVUJFQUUZ0.jpg"}, "homeCity": "Singapore", "lists": {"groups": [{"items": [], "count": 2, "type": "created"}]}}, {"tips": {"count": 0}, "contact": {"facebook": "100000313698550"}, "firstName": "Diavolo", "gender": "male", "lastName": "Menance", "id": "5281973", "bio": "", "photo": {"prefix": "https://igx.4sqi.net/img/user/", "suffix": "/KT5OKBFBBAIOLIQZ.jpg"}, "homeCity": "", "lists": {"groups": [{"items": [], "count": 2, "type": "created"}]}}, {"tips": {"count": 0}, "contact": {"facebook": "636379993"}, "firstName": "Almond", "gender": "female", "lastName": "Reyes", "id": "5481216", "bio": "", "photo": {"prefix": "https://igx.4sqi.net/img/user/", "suffix": "/IGWPQCEMG0PBNL1U.jpg"}, "homeCity": "Singapore", "lists": {"groups": [{"items": [], "count": 2, "type": "created"}]}}, {"tips": {"count": 0}, "contact": {"facebook": "696527140"}, "firstName": "tracy", "gender": "female", "lastName": "asilo", "id": "1852770", "bio": "", "photo": {"prefix": "https://igx.4sqi.net/img/user/", "suffix": "/DTYHKPT3ECN33LKX.jpg"}, "homeCity": "Singapore", "lists": {"groups": [{"items": [], "count": 2, "type": "created"}]}}, {"tips": {"count": 0}, "contact": {"facebook": "609853715"}, "firstName": "Afikz", "gender": "male", "lastName": "Ramanz", "id": "4918976", "bio": "", "photo": {"prefix": "https://igx.4sqi.net/img/user/", "suffix": "/2W3MBR21NXZFPB25.jpg"}, "homeCity": "Singapore", "lists": {"groups": [{"items": [], "count": 2, "type": "created"}]}}, {"tips": {"count": 0}, "contact": {"facebook": "551189686"}, "firstName": "Ken", "gender": "male", "lastName": "Clark", "id": "2885685", "bio": "", "photo": {"prefix": "https://igx.4sqi.net/img/user/", "suffix": "/ILKYZLHSPGCHZMUZ.jpg"}, "homeCity": "Singapore", "lists": {"groups": [{"items": [], "count": 2, "type": "created"}]}}, {"tips": {"count": 0}, "contact": {"twitter": "celiayuling", "facebook": "519141794"}, "firstName": "Celia", "gender": "female", "lastName": "Seah", "id": "4103559", "bio": "", "photo": {"prefix": "https://igx.4sqi.net/img/user/", "suffix": "/23SEI3ZG112IBF4P.jpg"}, "homeCity": "Australia", "lists": {"groups": [{"items": [], "count": 2, "type": "created"}]}}, {"tips": {"count": 1}, "contact": {"twitter": "kyroskoh", "facebook": "10154111055585169"}, "firstName": "Kyros", "gender": "male", "lastName": "Koh", "id": "771517", "bio": "One of the 4sq's (Early) Ambassadors!\n\nFacebook/Twitter/Instagram: @kyroskoh", "photo": {"prefix": "https://igx.4sqi.net/img/user/", "suffix": "/771517-QZUXUTMJ2EBKVGRZ.jpg"}, "homeCity": "Singapore", "lists": {"groups": [{"items": [], "count": 2, "type": "created"}]}}, {"tips": {"count": 5}, "contact": {"facebook": "631543083"}, "firstName": "Hafiz", "gender": "male", "lastName": "As'ari", "id": "1549154", "bio": "", "photo": {"prefix": "https://igx.4sqi.net/img/user/", "suffix": "/TCF2YSCXGEPL2EH3.jpg"}, "homeCity": "Woodlands, Singapore", "lists": {"groups": [{"items": [], "count": 2, "type": "created"}]}}, {"tips": {"count": 3}, "contact": {"twitter": "jeffreyiman", "facebook": "1098406237"}, "firstName": "Jeffrey", "gender": "male", "lastName": "Iman\u2122", "id": "4225796", "bio": "", "photo": {"prefix": "https://igx.4sqi.net/img/user/", "suffix": "/PXHFJZPKN4D0TNYM.jpg"}, "homeCity": "Singapore", "lists": {"groups": [{"items": [], "count": 2, "type": "created"}]}}, {"tips": {"count": 2}, "contact": {"facebook": "635993950"}, "firstName": "LiL", "gender": "male", "lastName": "ImP", "id": "782514", "bio": "", "photo": {"prefix": "https://igx.4sqi.net/img/user/", "suffix": "/0R1HNYOCOTNF0RPR.jpg"}, "homeCity": ", Singapore", "lists": {"groups": [{"items": [], "count": 2, "type": "created"}]}}, {"tips": {"count": 0}, "contact": {}, "firstName": "Christopher", "gender": "male", "lastName": "Sujadi", "id": "2444996", "bio": "", "photo": {"prefix": "https://igx.4sqi.net/img/user/", "suffix": "/blank_boy.png", "default": true}, "homeCity": "Singapore", "lists": {"groups": [{"items": [], "count": 2, "type": "created"}]}}, {"tips": {"count": 0}, "contact": {}, "firstName": "Matthew", "gender": "male", "lastName": "Petra", "id": "33468202", "bio": "", "photo": {"prefix": "https://igx.4sqi.net/img/user/", "suffix": "/blank_boy.png", "default": true}, "homeCity": "New York, NY", "lists": {"groups": [{"items": [], "count": 2, "type": "created"}]}}, {"tips": {"count": 0}, "contact": {"facebook": "1605190898"}, "firstName": "Faizal", "gender": "male", "lastName": "Zal", "id": "9469426", "bio": "", "photo": {"prefix": "https://igx.4sqi.net/img/user/", "suffix": "/OBVICLLFFTRZICHL.jpg"}, "homeCity": "Singapore", "lists": {"groups": [{"items": [], "count": 2, "type": "created"}]}}, {"tips": {"count": 3}, "contact": {"facebook": "1601317421"}, "firstName": "Ad", "gender": "male", "lastName": "Lee", "id": "4335582", "bio": "", "photo": {"prefix": "https://igx.4sqi.net/img/user/", "suffix": "/OJHNWCZPL3C3SXQ4.jpg"}, "homeCity": "kau_bodoh@hotmail.com", "lists": {"groups": [{"items": [], "count": 2, "type": "created"}]}}, {"tips": {"count": 0}, "contact": {"facebook": "100001304288992"}, "firstName": "Rya", "gender": "female", "lastName": "Espamer", "id": "6752111", "bio": "", "photo": {"prefix": "https://igx.4sqi.net/img/user/", "suffix": "/H5QFSDIA2GUPRU3Q.jpg"}, "homeCity": "Singapore", "lists": {"groups": [{"items": [], "count": 2, "type": "created"}]}}, {"tips": {"count": 0}, "contact": {"twitter": "nanachikatora", "facebook": "100003033699649"}, "firstName": "\ud83c\udf3aNanaMika\ud83d\udc9aSayoNara\ud83c\udf3a", "gender": "female", "id": "9247759", "bio": "Married to WanAyam NamaikiTora.. R blessed 2 hv 3 kiddos.. \"Hapi Familia\" \u2764\u2764\u2764", "photo": {"prefix": "https://igx.4sqi.net/img/user/", "suffix": "/WKMP2BT5ERW2FBFY.jpg"}, "homeCity": "Dakota Crescent, Singapore", "lists": {"groups": [{"items": [], "count": 2, "type": "created"}]}}, {"tips": {"count": 0}, "contact": {}, "firstName": "Noorsahudin", "gender": "male", "lastName": "Salleh", "id": "6622078", "bio": "", "photo": {"prefix": "https://igx.4sqi.net/img/user/", "suffix": "/blank_boy.png", "default": true}, "homeCity": "Singapore", "lists": {"groups": [{"items": [], "count": 2, "type": "created"}]}}, {"tips": {"count": 4}, "contact": {"facebook": "503394130"}, "firstName": "Roger", "gender": "male", "lastName": "Prem", "id": "4378954", "bio": "", "photo": {"prefix": "https://igx.4sqi.net/img/user/", "suffix": "/4378954-TFESWXBIGRSCJCO3.jpg"}, "homeCity": "Singapore", "lists": {"groups": [{"items": [], "count": 3, "type": "created"}]}}, {"tips": {"count": 0}, "contact": {"facebook": "1832890569"}, "firstName": "Arep YnWa", "gender": "male", "id": "5282841", "bio": "", "photo": {"prefix": "https://igx.4sqi.net/img/user/", "suffix": "/SIDQE0T1NWLOZR2E.jpg"}, "homeCity": "Singapore", "lists": {"groups": [{"items": [], "count": 2, "type": "created"}]}}, {"tips": {"count": 8}, "contact": {"facebook": "1351802111"}, "firstName": "Simon", "gender": "male", "lastName": "Pang", "id": "5563986", "bio": "", "photo": {"prefix": "https://igx.4sqi.net/img/user/", "suffix": "/M2AOGTQNNDTKAATG.jpg"}, "homeCity": "Singapore, tampines ", "lists": {"groups": [{"items": [], "count": 2, "type": "created"}]}}, {"tips": {"count": 0}, "contact": {"facebook": "100001770340911"}, "firstName": "Ubhaidullah", "gender": "male", "lastName": "Crutchlow", "id": "2339433", "bio": "", "photo": {"prefix": "https://igx.4sqi.net/img/user/", "suffix": "/JDZON4RRJBDY1G5W.jpg"}, "homeCity": "Singapore", "lists": {"groups": [{"items": [], "count": 2, "type": "created"}]}}, {"tips": {"count": 2}, "contact": {"facebook": "1490555510"}, "firstName": "Wensy", "gender": "male", "lastName": "Maweru", "id": "16670201", "bio": "", "photo": {"prefix": "https://igx.4sqi.net/img/user/", "suffix": "/DYMDV4JXU5A41XNK.jpg"}, "homeCity": "NY", "lists": {"groups": [{"items": [], "count": 2, "type": "created"}]}}, {"tips": {"count": 18}, "contact": {"twitter": "jaliboyruder", "facebook": "1105744315"}, "firstName": "Jaliboy\u2122[LCN]", "gender": "male", "lastName": "Ruder", "id": "2908789", "bio": "", "photo": {"prefix": "https://igx.4sqi.net/img/user/", "suffix": "/02ZCRWW0GW4SRI3F.jpg"}, "homeCity": "Singapore", "lists": {"groups": [{"items": [], "count": 2, "type": "created"}]}}, {"tips": {"count": 2}, "contact": {}, "firstName": "wan", "gender": "male", "lastName": "trogilo", "id": "5361683", "bio": "", "photo": {"prefix": "https://igx.4sqi.net/img/user/", "suffix": "/MVJLW0MWSJ0T0B1C.jpg"}, "homeCity": "Singapore", "lists": {"groups": [{"items": [], "count": 2, "type": "created"}]}}, {"tips": {"count": 1}, "contact": {}, "firstName": "Robin", "gender": "male", "id": "1517572", "bio": "", "photo": {"prefix": "https://igx.4sqi.net/img/user/", "suffix": "/CLXCTSZOCDZNQXCC.jpg"}, "homeCity": "Singapore", "lists": {"groups": [{"items": [], "count": 2, "type": "created"}]}}, {"tips": {"count": 2}, "contact": {"facebook": "648155045"}, "firstName": "Edwin", "gender": "male", "lastName": "Gordon", "id": "4583549", "bio": "", "photo": {"prefix": "https://igx.4sqi.net/img/user/", "suffix": "/LOJX4KJBLRVAUMPD.jpg"}, "homeCity": "Singapore", "lists": {"groups": [{"items": [], "count": 2, "type": "created"}]}}, {"tips": {"count": 3}, "contact": {"twitter": "elmoyat", "facebook": "1489166289"}, "firstName": "dayat", "gender": "male", "lastName": "ismail", "id": "4406166", "bio": "", "photo": {"prefix": "https://igx.4sqi.net/img/user/", "suffix": "/EJL2KGPU4UQ3PSGG.jpg"}, "homeCity": "Singapore", "lists": {"groups": [{"items": [], "count": 2, "type": "created"}]}}, {"tips": {"count": 36}, "contact": {"twitter": "egginapan", "facebook": "1575566022"}, "firstName": "Zahari", "gender": "male", "lastName": "N", "id": "1393570", "bio": "", "photo": {"prefix": "https://igx.4sqi.net/img/user/", "suffix": "/AX1RNLCGBH5N2LYZ.jpg"}, "homeCity": "Singapore", "lists": {"groups": [{"items": [], "count": 4, "type": "created"}]}}, {"tips": {"count": 0}, "contact": {"facebook": "611610209"}, "firstName": "Zaki", "gender": "male", "lastName": "Ramlan", "id": "2810808", "bio": "", "photo": {"prefix": "https://igx.4sqi.net/img/user/", "suffix": "/DCACS5LF0KZRMPPA.jpg"}, "homeCity": "Singapore", "lists": {"groups": [{"items": [], "count": 2, "type": "created"}]}}, {"tips": {"count": 0}, "contact": {"twitter": "yazkuza78", "facebook": "100000101072228"}, "firstName": "Yaz", "gender": "male", "lastName": "Yaz", "id": "10883560", "bio": "", "photo": {"prefix": "https://igx.4sqi.net/img/user/", "suffix": "/IAKNJJVJXMIBJOPA.jpg"}, "homeCity": "Singapore", "lists": {"groups": [{"items": [], "count": 2, "type": "created"}]}}, {"tips": {"count": 1}, "contact": {}, "firstName": "Ruud", "gender": "male", "lastName": "Serizawa", "id": "4335668", "bio": "", "photo": {"prefix": "https://igx.4sqi.net/img/user/", "suffix": "/KNB0VSSJKQHIWMLB.jpg"}, "homeCity": "Singapore", "lists": {"groups": [{"items": [], "count": 2, "type": "created"}]}}, {"tips": {"count": 0}, "contact": {}, "firstName": "Nuridhuan", "gender": "male", "lastName": "Ahmad", "id": "6801522", "bio": "", "photo": {"prefix": "https://igx.4sqi.net/img/user/", "suffix": "/P4EUPEAU0FTBUH2R.jpg"}, "homeCity": "Singapore", "lists": {"groups": [{"items": [], "count": 2, "type": "created"}]}}, {"tips": {"count": 0}, "contact": {"twitter": "wanayam84", "facebook": "100003027937163"}, "firstName": "\ud83c\udf8c\u24c7\u0131u\u0254\u0265\u24d8 \ud83c\uddef\ud83c\uddf5 \u24c0\u0250s\u0265\u0131\u026f\u24de\ud83c\udf8c", "gender": "male", "lastName": "\ud83c\udf8c\u24c3\u24d0\u24dc\u24d0\u24d8\u24da\u24d8 \ud83c\udf8e \u24c9\u24de\u24e1\u24d0\ud83c\udf8c\u2122", "id": "9249190", "bio": "\ud83c\udf8c\u24c3\u24d0\u24dc\u24d0\u24d8\u24da\u24d8 \ud83c\udf8e \u24c9\u24de\u24e1\u24d0\ud83c\udf8c\u2122", "photo": {"prefix": "https://igx.4sqi.net/img/user/", "suffix": "/GYSLQPDQARC3WZ40.jpg"}, "homeCity": "DakoTaro CrescenTora, SyonanTo", "lists": {"groups": [{"items": [], "count": 2, "type": "created"}]}}, {"tips": {"count": 0}, "contact": {"twitter": "yinglubz", "facebook": "617993018"}, "firstName": "Duo", "gender": "female", "lastName": "Li", "id": "22526588", "bio": "", "photo": {"prefix": "https://igx.4sqi.net/img/user/", "suffix": "/blank_girl.png", "default": true}, "homeCity": "New York, NY", "lists": {"groups": [{"items": [], "count": 2, "type": "created"}]}}, {"tips": {"count": 0}, "contact": {"facebook": "1686654822"}, "firstName": "Adi", "gender": "none", "lastName": "Mohd", "id": "7690809", "bio": "", "photo": {"prefix": "https://igx.4sqi.net/img/user/", "suffix": "/LDGD3DPZTUYPG32B.jpg"}, "homeCity": "Singapore", "lists": {"groups": [{"items": [], "count": 2, "type": "created"}]}}, {"tips": {"count": 0}, "contact": {}, "firstName": "Patrick", "gender": "male", "lastName": "Ah pat", "id": "8199548", "bio": "", "photo": {"prefix": "https://igx.4sqi.net/img/user/", "suffix": "/EB4VHDGQLC3RTLFV.jpg"}, "homeCity": "Singapore", "lists": {"groups": [{"items": [], "count": 2, "type": "created"}]}}, {"tips": {"count": 7}, "contact": {"twitter": "christopherchaw", "facebook": "10153225468281698"}, "firstName": "Christopher", "gender": "male", "lastName": "Chaw", "id": "5690710", "bio": "I am an aspiring entrepreneur and internet marketer and christian saved by grace who loves God.", "photo": {"prefix": "https://igx.4sqi.net/img/user/", "suffix": "/5690710-ESJI2TLAJSL53T04.jpg"}, "homeCity": "Singapore", "lists": {"groups": [{"items": [], "count": 2, "type": "created"}]}}, {"tips": {"count": 0}, "contact": {"twitter": "crankydude09", "facebook": "1489148539"}, "firstName": "Biggie", "gender": "male", "lastName": "Bear", "id": "2361553", "bio": "", "photo": {"prefix": "https://igx.4sqi.net/img/user/", "suffix": "/ONLAPXFHEKKY3SZN.jpg"}, "homeCity": "Singapore", "lists": {"groups": [{"items": [], "count": 2, "type": "created"}]}}, {"tips": {"count": 0}, "contact": {}, "firstName": "Surfslider", "gender": "male", "lastName": "Sync", "id": "22352166", "bio": "", "photo": {"prefix": "https://igx.4sqi.net/img/user/", "suffix": "/ZCKXMHUZCHM14ZSO.jpg"}, "homeCity": "Singapore", "lists": {"groups": [{"items": [], "count": 2, "type": "created"}]}}, {"tips": {"count": 198}, "contact": {}, "firstName": "\ue10e Constantine \ue11c\u2122", "gender": "none", "id": "2914234", "bio": "", "photo": {"prefix": "https://igx.4sqi.net/img/user/", "suffix": "/GZR4FTUBFDZWUTPX.jpg"}, "homeCity": "Singapore", "lists": {"groups": [{"items": [], "count": 2, "type": "created"}]}}, {"tips": {"count": 0}, "contact": {}, "firstName": "Missy", "gender": "female", "lastName": "Ryna", "id": "7589419", "bio": "", "photo": {"prefix": "https://igx.4sqi.net/img/user/", "suffix": "/RORCGZDMMND3E3BE.jpg"}, "homeCity": "New York, NY", "lists": {"groups": [{"items": [], "count": 2, "type": "created"}]}}, {"tips": {"count": 1}, "contact": {"facebook": "1030942683"}, "firstName": "Aan", "gender": "male", "lastName": "Hendra", "id": "2991501", "bio": "", "photo": {"prefix": "https://igx.4sqi.net/img/user/", "suffix": "/1ATEUPIWU2SRMX14.jpg"}, "homeCity": "Jakarta, Indonesia", "lists": {"groups": [{"items": [], "count": 2, "type": "created"}]}}, {"tips": {"count": 0}, "contact": {"facebook": "100000698035689"}, "firstName": "Bastero", "gender": "male", "lastName": "Man", "id": "4711114", "bio": "", "photo": {"prefix": "https://igx.4sqi.net/img/user/", "suffix": "/blank_boy.png", "default": true}, "homeCity": "Singapore", "lists": {"groups": [{"items": [], "count": 2, "type": "created"}]}}, {"tips": {"count": 0}, "contact": {"facebook": "572535974"}, "firstName": "AJ", "gender": "male", "lastName": "Khamiz", "id": "4856036", "bio": "", "photo": {"prefix": "https://igx.4sqi.net/img/user/", "suffix": "/YIZSNWE1QHSSMEGK.jpg"}, "homeCity": "Singapore", "lists": {"groups": [{"items": [], "count": 2, "type": "created"}]}}, {"tips": {"count": 1}, "contact": {"facebook": "100000188688043"}, "firstName": "Dj Sky", "gender": "male", "id": "2055867", "bio": "", "photo": {"prefix": "https://igx.4sqi.net/img/user/", "suffix": "/WSFDHW2JHC5LMPGL.jpg"}, "homeCity": "Singapore", "lists": {"groups": [{"items": [], "count": 2, "type": "created"}]}}, {"tips": {"count": 0}, "contact": {"facebook": "100000127006099"}, "firstName": "Syam", "gender": "male", "lastName": "CyriL", "id": "3037626", "bio": "", "photo": {"prefix": "https://igx.4sqi.net/img/user/", "suffix": "/A50UWS31IHEU45RH.jpg"}, "homeCity": "Singapore", "lists": {"groups": [{"items": [], "count": 2, "type": "created"}]}}, {"tips": {"count": 0}, "contact": {"facebook": "100002299703456"}, "firstName": "Wan", "gender": "male", "lastName": "Atractivo", "id": "11369789", "bio": "", "photo": {"prefix": "https://igx.4sqi.net/img/user/", "suffix": "/X4NYCXIB4HM4ODV0.jpg"}, "homeCity": "Singapore", "lists": {"groups": [{"items": [], "count": 2, "type": "created"}]}}, {"tips": {"count": 0}, "contact": {"facebook": "100000246123854"}, "firstName": "Afad", "gender": "male", "lastName": "Ravers", "id": "4355198", "bio": "", "photo": {"prefix": "https://igx.4sqi.net/img/user/", "suffix": "/E0PDTXMO1TE1FWBO.jpg"}, "homeCity": "New York, NY", "lists": {"groups": [{"items": [], "count": 2, "type": "created"}]}}, {"tips": {"count": 1}, "contact": {"facebook": "683133864"}, "firstName": "Darling Giovanna", "gender": "female", "id": "7066750", "bio": "", "photo": {"prefix": "https://igx.4sqi.net/img/user/", "suffix": "/HNJS2BPO4CY2LXVZ.jpg"}, "homeCity": "Singapore", "lists": {"groups": [{"items": [], "count": 2, "type": "created"}]}}, {"tips": {"count": 0}, "contact": {}, "firstName": "Princess Atiyah", "gender": "female", "lastName": "Narita", "id": "10469944", "bio": "", "photo": {"prefix": "https://igx.4sqi.net/img/user/", "suffix": "/RQXSR2J32X3GS13N.jpg"}, "homeCity": "Singapore", "lists": {"groups": [{"items": [], "count": 2, "type": "created"}]}}, {"tips": {"count": 0}, "contact": {"twitter": "nurinwhachadoin", "facebook": "100000654461717"}, "firstName": "Nurin", "gender": "female", "lastName": "Yusoff", "id": "25497752", "bio": "", "photo": {"prefix": "https://igx.4sqi.net/img/user/", "suffix": "/CMN5VNR4Y532UBLV.jpg"}, "homeCity": "New York, NY", "lists": {"groups": [{"items": [], "count": 2, "type": "created"}]}}, {"tips": {"count": 0}, "contact": {}, "firstName": "Syuaidi", "gender": "male", "lastName": "Sulaiman", "id": "8200118", "bio": "", "photo": {"prefix": "https://igx.4sqi.net/img/user/", "suffix": "/CJYSF54ON3L2CPCO.jpg"}, "homeCity": "Singapore", "lists": {"groups": [{"items": [], "count": 2, "type": "created"}]}}, {"tips": {"count": 0}, "contact": {}, "firstName": "B\u00f4Yk\u00c2", "gender": "male", "lastName": "B\u00ed\u00f2L", "id": "5887762", "bio": "", "photo": {"prefix": "https://igx.4sqi.net/img/user/", "suffix": "/XSRCKEAKO1CPEF3X.jpg"}, "homeCity": "Singapore", "lists": {"groups": [{"items": [], "count": 2, "type": "created"}]}}, {"tips": {"count": 1}, "contact": {"facebook": "1514403356"}, "firstName": "Mohamad", "gender": "male", "lastName": "Idrus", "id": "3582646", "bio": "", "photo": {"prefix": "https://igx.4sqi.net/img/user/", "suffix": "/NIA3JUE154KOT1U1.jpg"}, "homeCity": "Woodlands", "lists": {"groups": [{"items": [], "count": 2, "type": "created"}]}}, {"tips": {"count": 3}, "contact": {"facebook": "658663758"}, "firstName": "Mohd Sazlyirwanto", "gender": "male", "lastName": "Mohd Salleh", "id": "2915951", "bio": "", "photo": {"prefix": "https://igx.4sqi.net/img/user/", "suffix": "/GCLZF4H15MYRX5I3.jpg"}, "homeCity": "Singapore", "lists": {"groups": [{"items": [], "count": 2, "type": "created"}]}}, {"tips": {"count": 2}, "contact": {"twitter": "romeomustdie88", "facebook": "651674583"}, "firstName": "Muhammad", "gender": "male", "lastName": "Muhzin", "id": "4681795", "bio": "", "photo": {"prefix": "https://igx.4sqi.net/img/user/", "suffix": "/JK3GSRHA1CIO30XT.jpg"}, "homeCity": "Singapore", "lists": {"groups": [{"items": [], "count": 2, "type": "created"}]}}, {"tips": {"count": 0}, "contact": {"facebook": "100000268082071"}, "firstName": "Hisyam", "gender": "male", "lastName": "Din", "id": "4715899", "bio": "", "photo": {"prefix": "https://igx.4sqi.net/img/user/", "suffix": "/blank_boy.png", "default": true}, "homeCity": "Singapore", "lists": {"groups": [{"items": [], "count": 2, "type": "created"}]}}, {"tips": {"count": 0}, "contact": {"facebook": "1507219156"}, "firstName": "Mohamed", "gender": "male", "lastName": "Ismail", "id": "4861009", "bio": "", "photo": {"prefix": "https://igx.4sqi.net/img/user/", "suffix": "/DTZ5A00A5WPKF105.jpg"}, "homeCity": "514 west coast rd, Singapore", "lists": {"groups": [{"items": [], "count": 2, "type": "created"}]}}, {"tips": {"count": 1}, "contact": {"facebook": "786512731"}, "firstName": "Francis", "gender": "male", "lastName": "Tan", "id": "2457413", "bio": "", "photo": {"prefix": "https://igx.4sqi.net/img/user/", "suffix": "/RNHR5W1DRBROF0X4.jpg"}, "homeCity": "Singapore", "lists": {"groups": [{"items": [], "count": 2, "type": "created"}]}}, {"tips": {"count": 0}, "contact": {"facebook": "589179159"}, "firstName": "Muhammad", "gender": "male", "lastName": "Reza", "id": "3185213", "bio": "", "photo": {"prefix": "https://igx.4sqi.net/img/user/", "suffix": "/1BORS0IKW3QL1X4N.jpg"}, "homeCity": "Singapore", "lists": {"groups": [{"items": [], "count": 2, "type": "created"}]}}, {"tips": {"count": 0}, "contact": {}, "firstName": "Adam", "gender": "male", "lastName": "John", "id": "15634097", "bio": "", "photo": {"prefix": "https://igx.4sqi.net/img/user/", "suffix": "/GD0UB0TRS2JAFLXM.jpg"}, "homeCity": "Johor Bahru, Malaysia", "lists": {"groups": [{"items": [], "count": 2, "type": "created"}]}}, {"tips": {"count": 1}, "contact": {"facebook": "763202319"}, "firstName": "Roslee", "gender": "male", "lastName": "Ismail", "id": "4637812", "bio": "", "photo": {"prefix": "https://igx.4sqi.net/img/user/", "suffix": "/TYXAAUQNROW5MPUE.jpg"}, "homeCity": "Singapore", "lists": {"groups": [{"items": [], "count": 2, "type": "created"}]}}, {"tips": {"count": 0}, "contact": {}, "firstName": "TIkus", "gender": "male", "lastName": "Izaguire", "id": "7087368", "bio": "", "photo": {"prefix": "https://igx.4sqi.net/img/user/", "suffix": "/ETDVHGNFHRZ5TCXO.jpg"}, "homeCity": "Singapore", "lists": {"groups": [{"items": [], "count": 2, "type": "created"}]}}, {"tips": {"count": 0}, "contact": {"facebook": "100001257107416"}, "firstName": "Takiya", "gender": "male", "lastName": "Genji", "id": "10699443", "bio": "", "photo": {"prefix": "https://igx.4sqi.net/img/user/", "suffix": "/UK2TT41UEVGTPLMC.jpg"}, "homeCity": "Singapore", "lists": {"groups": [{"items": [], "count": 2, "type": "created"}]}}, {"tips": {"count": 30}, "contact": {"facebook": "1022407567"}, "firstName": "Quoc", "gender": "male", "lastName": "Pham", "id": "12200858", "bio": "", "photo": {"prefix": "https://igx.4sqi.net/img/user/", "suffix": "/MW3HJ2OEH2OJD4M5.jpg"}, "homeCity": "Qu\u1eadn 1, Vietnam", "lists": {"groups": [{"items": [], "count": 3, "type": "created"}]}}, {"tips": {"count": 4}, "contact": {"twitter": "zakimazlan", "facebook": "661361972"}, "firstName": "\ue311 Zaki \ue113", "gender": "male", "lastName": "Mazlan", "id": "5973989", "bio": "", "photo": {"prefix": "https://igx.4sqi.net/img/user/", "suffix": "/HBO4CSP3M0NY4QZT.jpg"}, "homeCity": "Kuala Lumpur, Malaysia", "lists": {"groups": [{"items": [], "count": 2, "type": "created"}]}}, {"tips": {"count": 0}, "contact": {"facebook": "100001445786414"}, "firstName": "Mohamed", "gender": "male", "lastName": "Hafis", "id": "3654574", "bio": "", "photo": {"prefix": "https://igx.4sqi.net/img/user/", "suffix": "/GYR4KIWUCF3CVL2E.jpg"}, "homeCity": "Singapore", "lists": {"groups": [{"items": [], "count": 2, "type": "created"}]}}, {"tips": {"count": 0}, "contact": {"facebook": "738222082"}, "firstName": "ryan", "gender": "male", "lastName": "shah", "id": "2935807", "bio": "", "photo": {"prefix": "https://igx.4sqi.net/img/user/", "suffix": "/YBCCF4XNL3TTITRS.jpg"}, "homeCity": "Singapore", "lists": {"groups": [{"items": [], "count": 2, "type": "created"}]}}, {"tips": {"count": 0}, "contact": {}, "firstName": "Randy", "gender": "male", "lastName": "Tan", "id": "4927223", "bio": "", "photo": {"prefix": "https://igx.4sqi.net/img/user/", "suffix": "/QAAZE0PHLOOVGJKS.jpg"}, "homeCity": "Singapore", "lists": {"groups": [{"items": [], "count": 2, "type": "created"}]}}, {"tips": {"count": 0}, "contact": {}, "firstName": "Mamat Gastapo", "gender": "male", "id": "7563158", "bio": "", "photo": {"prefix": "https://igx.4sqi.net/img/user/", "suffix": "/OD25QC0QBGZEI2KI.jpg"}, "homeCity": "New York, NY", "lists": {"groups": [{"items": [], "count": 2, "type": "created"}]}}, {"tips": {"count": 3}, "contact": {}, "firstName": "Ethan", "gender": "male", "id": "2725559", "bio": "", "photo": {"prefix": "https://igx.4sqi.net/img/user/", "suffix": "/DDZSQWI1IQSIWHDS.jpg"}, "homeCity": "Singapore", "lists": {"groups": [{"items": [], "count": 3, "type": "created"}]}}, {"tips": {"count": 1}, "contact": {"facebook": "716644638"}, "firstName": "Farez", "gender": "male", "lastName": "Masril", "id": "3207376", "bio": "", "photo": {"prefix": "https://igx.4sqi.net/img/user/", "suffix": "/S3XOPDAKDG1Z32XX.jpg"}, "homeCity": "Singapore", "lists": {"groups": [{"items": [], "count": 2, "type": "created"}]}}, {"tips": {"count": 1}, "contact": {"twitter": "rockerskasiakoe", "facebook": "649868370"}, "firstName": "Erning", "gender": "male", "lastName": "Gutierrez", "id": "15828312", "bio": "Arkitekto.Badmintonero.Basketbolero.Pilipino", "photo": {"prefix": "https://igx.4sqi.net/img/user/", "suffix": "/15828312-GFODQAYWUAICZPNY.jpg"}, "homeCity": "Singapore", "lists": {"groups": [{"items": [], "count": 2, "type": "created"}]}}, {"tips": {"count": 0}, "contact": {"facebook": "1077352054"}, "firstName": "ShamBusa", "gender": "male", "lastName": "Jamal", "id": "4650499", "bio": "", "photo": {"prefix": "https://igx.4sqi.net/img/user/", "suffix": "/1E31DHCUMWEFGDZS.jpg"}, "homeCity": "Singapore", "lists": {"groups": [{"items": [], "count": 2, "type": "created"}]}}, {"tips": {"count": 0}, "contact": {"facebook": "533504864"}, "firstName": "Vic", "gender": "male", "lastName": "HENG", "id": "7179323", "bio": "", "photo": {"prefix": "https://igx.4sqi.net/img/user/", "suffix": "/UXFES51TODAQU5OI.jpg"}, "homeCity": "Singapore", "lists": {"groups": [{"items": [], "count": 2, "type": "created"}]}}, {"tips": {"count": 0}, "contact": {"facebook": "1242067627"}, "firstName": "Noor Azlin", "gender": "female", "lastName": "Md", "id": "11406072", "bio": "", "photo": {"prefix": "https://igx.4sqi.net/img/user/", "suffix": "/blank_girl.png", "default": true}, "homeCity": "NY", "lists": {"groups": [{"items": [], "count": 2, "type": "created"}]}}, {"tips": {"count": 0}, "contact": {"twitter": "syafiemsza"}, "firstName": "Sya", "gender": "male", "lastName": "Fie", "id": "23948855", "bio": "", "photo": {"prefix": "https://igx.4sqi.net/img/user/", "suffix": "/45NYYMXMW2BPIMMF.jpg"}, "homeCity": "Selangor", "lists": {"groups": [{"items": [], "count": 2, "type": "created"}]}}, {"tips": {"count": 0}, "contact": {"facebook": "100002046963966"}, "firstName": "RIdjUan", "gender": "male", "lastName": "Bio", "id": "6029976", "bio": "", "photo": {"prefix": "https://igx.4sqi.net/img/user/", "suffix": "/RH3RPI1A03MS1GZ4.jpg"}, "homeCity": "Singapore", "lists": {"groups": [{"items": [], "count": 2, "type": "created"}]}}, {"tips": {"count": 1}, "contact": {"facebook": "1743322923"}, "firstName": "Ijal", "gender": "male", "lastName": "Cortez", "id": "3654904", "bio": "", "photo": {"prefix": "https://igx.4sqi.net/img/user/", "suffix": "/QTS3R3H1E4GOUEO2.jpg"}, "homeCity": "Singapore", "lists": {"groups": [{"items": [], "count": 2, "type": "created"}]}}, {"tips": {"count": 5}, "contact": {"facebook": "1033025198"}, "firstName": "James", "gender": "male", "lastName": "Nazerth", "id": "3157964", "bio": "", "photo": {"prefix": "https://igx.4sqi.net/img/user/", "suffix": "/YKNZTMRJB5U3TTWA.jpg"}, "homeCity": "Sydney, Australia ", "lists": {"groups": [{"items": [], "count": 2, "type": "created"}]}}, {"tips": {"count": 16}, "contact": {}, "firstName": "\u0627\u0644\u0644\u0647", "gender": "male", "lastName": "\u0628\u0627\u0633\u0645 \u0627\u0644\u0644\u0647 \u0627\u0644\u0631\u062d\u0645\u0646 \u0627\u0644\u0631\u062d\u064a\u0645.", "id": "4933702", "bio": "", "photo": {"prefix": "https://igx.4sqi.net/img/user/", "suffix": "/RAE31HMQSHYMQYKU.jpg"}, "homeCity": "Perth, Australia", "lists": {"groups": [{"items": [], "count": 3, "type": "created"}]}}, {"tips": {"count": 6}, "contact": {"facebook": "537376124"}, "firstName": "Jason", "gender": "male", "lastName": "Lim", "id": "3116647", "bio": "", "photo": {"prefix": "https://igx.4sqi.net/img/user/", "suffix": "/PA1ZYLTZJVWIWN2F.jpg"}, "homeCity": "Singapore", "lists": {"groups": [{"items": [], "count": 2, "type": "created"}]}}, {"tips": {"count": 20}, "contact": {"facebook": "1656314540"}, "firstName": "Muhammad", "gender": "male", "lastName": "Khalid", "id": "3390637", "bio": "", "photo": {"prefix": "https://igx.4sqi.net/img/user/", "suffix": "/CLRA2YOC3RRPU1Q4.jpg"}, "homeCity": "Singapore", "lists": {"groups": [{"items": [], "count": 2, "type": "created"}]}}, {"tips": {"count": 0}, "contact": {}, "firstName": "Theblackstudio", "gender": "male", "id": "4886849", "bio": "", "photo": {"prefix": "https://igx.4sqi.net/img/user/", "suffix": "/1QFNFT24WUP4LMUR.jpg"}, "homeCity": "Singapore", "lists": {"groups": [{"items": [], "count": 2, "type": "created"}]}}, {"tips": {"count": 0}, "contact": {"facebook": "100000581957102"}, "firstName": "Ayak", "gender": "male", "lastName": "Dmonster", "id": "11643833", "bio": "", "photo": {"prefix": "https://igx.4sqi.net/img/user/", "suffix": "/T5IPISI54MTPIBAE"}, "homeCity": "Woodlands, singapore", "lists": {"groups": [{"items": [], "count": 2, "type": "created"}]}}, {"tips": {"count": 0}, "contact": {"facebook": "100000465167152"}, "firstName": "Boy Itik", "gender": "male", "lastName": "Kecik San", "id": "3956185", "bio": "", "photo": {"prefix": "https://igx.4sqi.net/img/user/", "suffix": "/FVV41A4GR43Z2SDL.jpg"}, "homeCity": "Singapore", "lists": {"groups": [{"items": [], "count": 2, "type": "created"}]}}, {"tips": {"count": 5}, "contact": {"twitter": "arraihann"}, "firstName": "Arraihan", "gender": "male", "lastName": "Rosman", "id": "3837007", "bio": "", "photo": {"prefix": "https://igx.4sqi.net/img/user/", "suffix": "/SSJMTV43ARYG2YCE.jpg"}, "homeCity": "Singapore", "lists": {"groups": [{"items": [], "count": 2, "type": "created"}]}}, {"tips": {"count": 0}, "contact": {"facebook": "100001102480736"}, "firstName": "kaza", "gender": "male", "id": "5073234", "bio": "", "photo": {"prefix": "https://igx.4sqi.net/img/user/", "suffix": "/RJQNGLPJ253QATOF.jpg"}, "homeCity": "Singapore", "lists": {"groups": [{"items": [], "count": 2, "type": "created"}]}}, {"tips": {"count": 0}, "contact": {"facebook": "100000977606824"}, "firstName": "Jalie", "gender": "male", "lastName": "Drifter", "id": "3120816", "bio": "", "photo": {"prefix": "https://igx.4sqi.net/img/user/", "suffix": "/KYYXPATGQYWDDYBG.jpg"}, "homeCity": "Singapore", "lists": {"groups": [{"items": [], "count": 2, "type": "created"}]}}, {"tips": {"count": 0}, "contact": {"facebook": "567202118"}, "firstName": "Alyn", "gender": "female", "id": "3678959", "bio": "", "photo": {"prefix": "https://igx.4sqi.net/img/user/", "suffix": "/JK4NCZKIRNSA1HUT.jpg"}, "homeCity": "Singapore", "lists": {"groups": [{"items": [], "count": 2, "type": "created"}]}}, {"tips": {"count": 0}, "contact": {}, "firstName": "Nur Shazlyn", "gender": "female", "lastName": "Mohd Shah", "id": "6448553", "bio": "", "photo": {"prefix": "https://igx.4sqi.net/img/user/", "suffix": "/WMIAYIX5PEN2ZGEV.jpg"}, "homeCity": "Singapore", "lists": {"groups": [{"items": [], "count": 2, "type": "created"}]}}, {"tips": {"count": 0}, "contact": {"twitter": "waniniwanana", "facebook": "701877538"}, "firstName": "Wani", "gender": "female", "lastName": "Su'aidi", "id": "3961744", "bio": "", "photo": {"prefix": "https://igx.4sqi.net/img/user/", "suffix": "/4JWCZAF1HKFA3HBH.jpg"}, "homeCity": "Singapore", "lists": {"groups": [{"items": [], "count": 2, "type": "created"}]}}, {"tips": {"count": 0}, "contact": {}, "firstName": "Christopher", "gender": "male", "lastName": "see", "id": "3878050", "bio": "", "photo": {"prefix": "https://igx.4sqi.net/img/user/", "suffix": "/J2SKMPWHVBYQ3EK5.jpg"}, "homeCity": "Singapore", "lists": {"groups": [{"items": [], "count": 2, "type": "created"}]}}, {"tips": {"count": 5}, "contact": {"twitter": "aishah_lala"}, "firstName": "Siti aishah", "gender": "female", "id": "5433118", "bio": "", "photo": {"prefix": "https://igx.4sqi.net/img/user/", "suffix": "/ZILHOMCYVLB1YHOL.jpg"}, "homeCity": "Singapore", "lists": {"groups": [{"items": [], "count": 2, "type": "created"}]}}, {"tips": {"count": 0}, "contact": {"twitter": "shaidelirious"}, "firstName": "Shai", "gender": "male", "lastName": "D.", "id": "3196270", "bio": "", "photo": {"prefix": "https://igx.4sqi.net/img/user/", "suffix": "/4VMWTVRTHSAK5LFK.jpg"}, "homeCity": "Singapore", "lists": {"groups": [{"items": [], "count": 2, "type": "created"}]}}, {"tips": {"count": 0}, "contact": {"facebook": "691823391"}, "firstName": "Wan Faris", "gender": "male", "lastName": "Samad", "id": "3730172", "bio": "", "photo": {"prefix": "https://igx.4sqi.net/img/user/", "suffix": "/243AK4NW2OMVYTZP.jpg"}, "homeCity": "Singapore", "lists": {"groups": [{"items": [], "count": 2, "type": "created"}]}}, {"tips": {"count": 0}, "contact": {}, "firstName": "Damien", "gender": "male", "lastName": "Kaimi", "id": "7265955", "bio": "", "photo": {"prefix": "https://igx.4sqi.net/img/user/", "suffix": "/OHZ5FXT1HH0JI1E2.jpg"}, "homeCity": "Singapore", "lists": {"groups": [{"items": [], "count": 2, "type": "created"}]}}, {"tips": {"count": 2}, "contact": {}, "firstName": "Muhammad", "gender": "male", "lastName": "Sufyan\u2122", "id": "4663697", "bio": "", "photo": {"prefix": "https://igx.4sqi.net/img/user/", "suffix": "/MAQZX3NBOUXUTMMT.jpg"}, "homeCity": "Singapore", "lists": {"groups": [{"items": [], "count": 3, "type": "created"}]}}, {"tips": {"count": 0}, "contact": {"facebook": "1197581589"}, "firstName": "\ue13eIvor Joy", "gender": "female", "lastName": "Soguilon\ue318", "id": "3925494", "bio": "malditaCivy", "photo": {"prefix": "https://igx.4sqi.net/img/user/", "suffix": "/MKZZ5SXGUGUUZZV1.jpg"}, "homeCity": "Singapore", "lists": {"groups": [{"items": [], "count": 3, "type": "created"}]}}, {"tips": {"count": 2}, "contact": {"facebook": "100001490452289"}, "firstName": "Frizmo", "gender": "male", "lastName": "Kaito", "id": "3378280", "bio": "", "photo": {"prefix": "https://igx.4sqi.net/img/user/", "suffix": "/3BNEV51ZAP1QCEZA.jpg"}, "homeCity": "Singapore", "lists": {"groups": [{"items": [], "count": 2, "type": "created"}]}}, {"tips": {"count": 0}, "contact": {}, "firstName": "Jason", "gender": "male", "lastName": "Chia", "id": "3854772", "bio": "", "photo": {"prefix": "https://igx.4sqi.net/img/user/", "suffix": "/YUO0DT33PRYG1I4B.jpg"}, "homeCity": "Singapore", "lists": {"groups": [{"items": [], "count": 2, "type": "created"}]}}, {"tips": {"count": 0}, "contact": {}, "firstName": "Iskandar", "gender": "male", "lastName": "Muhamad", "id": "8579631", "bio": "", "photo": {"prefix": "https://igx.4sqi.net/img/user/", "suffix": "/QS2PBBUE01E04HDD.jpg"}, "homeCity": "Singapore", "lists": {"groups": [{"items": [], "count": 2, "type": "created"}]}}, {"tips": {"count": 1}, "contact": {"twitter": "zaidini", "facebook": "738385534"}, "firstName": "Zaid", "gender": "male", "lastName": "Zain", "id": "5124174", "bio": "", "photo": {"prefix": "https://igx.4sqi.net/img/user/", "suffix": "/TDU4GU5HY02AKF2S.jpg"}, "homeCity": "Singapore", "lists": {"groups": [{"items": [], "count": 2, "type": "created"}]}}, {"tips": {"count": 25}, "contact": {}, "firstName": "Azuary", "gender": "male", "lastName": "TerNaKaL", "id": "3933719", "bio": "", "photo": {"prefix": "https://igx.4sqi.net/img/user/", "suffix": "/2WPHQ5D2EZU3L2YG.jpg"}, "homeCity": "Singapore", "lists": {"groups": [{"items": [], "count": 2, "type": "created"}]}}, {"tips": {"count": 2}, "contact": {"facebook": "736005010"}, "firstName": "Wady", "gender": "male", "lastName": "Kuntare", "id": "3418562", "bio": "", "photo": {"prefix": "https://igx.4sqi.net/img/user/", "suffix": "/RWZCHRYU5H33WPLS.jpg"}, "homeCity": "Singapore", "lists": {"groups": [{"items": [], "count": 2, "type": "created"}]}}, {"tips": {"count": 0}, "contact": {"facebook": "100000909256580"}, "firstName": "\u054f\u057e\u04bd\u056a \u0192\u0251\u056a\u04c0\u057e", "gender": "male", "id": "3963897", "bio": "", "photo": {"prefix": "https://igx.4sqi.net/img/user/", "suffix": "/RF51CD0ZTOQKP5WM.jpg"}, "homeCity": "Singapore", "lists": {"groups": [{"items": [], "count": 2, "type": "created"}]}}, {"tips": {"count": 6}, "contact": {}, "firstName": "RemyRxz", "gender": "male", "id": "10031218", "bio": "", "photo": {"prefix": "https://igx.4sqi.net/img/user/", "suffix": "/ODO5OIHZVLMGMCFY.jpg"}, "homeCity": "Admiralty\u2122", "lists": {"groups": [{"items": [], "count": 2, "type": "created"}]}}, {"tips": {"count": 0}, "contact": {}, "firstName": "Mohd", "gender": "male", "lastName": "Ridza", "id": "7895853", "bio": "", "photo": {"prefix": "https://igx.4sqi.net/img/user/", "suffix": "/DWFMKYD3VXUFHG0W.jpg"}, "homeCity": "Singapore", "lists": {"groups": [{"items": [], "count": 2, "type": "created"}]}}, {"tips": {"count": 0}, "contact": {"facebook": "100001045692361"}, "firstName": "Lebai", "gender": "male", "lastName": "Zul", "id": "3941143", "bio": "", "photo": {"prefix": "https://igx.4sqi.net/img/user/", "suffix": "/3941143-ICV1UBSHLHM0SWGO.jpg"}, "homeCity": "Singapore", "lists": {"groups": [{"items": [], "count": 2, "type": "created"}]}}, {"tips": {"count": 0}, "contact": {"twitter": "lisvstarr", "facebook": "723239359"}, "firstName": "Lisvstarr", "gender": "female", "lastName": "Hanafi", "id": "3426661", "bio": "", "photo": {"prefix": "https://igx.4sqi.net/img/user/", "suffix": "/U2QAEHGDJA3P5OME.jpg"}, "homeCity": "Singapore", "lists": {"groups": [{"items": [], "count": 2, "type": "created"}]}}, {"tips": {"count": 0}, "contact": {}, "firstName": "Tan", "gender": "male", "lastName": "Wen yong", "id": "4040792", "bio": "", "photo": {"prefix": "https://igx.4sqi.net/img/user/", "suffix": "/QNMZGI4WXAJAB5PT.jpg"}, "homeCity": "Singapore", "lists": {"groups": [{"items": [], "count": 2, "type": "created"}]}}, {"tips": {"count": 0}, "contact": {}, "firstName": "Zack", "gender": "male", "lastName": "Bits", "id": "25025572", "bio": "", "photo": {"prefix": "https://igx.4sqi.net/img/user/", "suffix": "/Q2XEAFLH1OOHPRIZ.jpg"}, "homeCity": "Mumbai", "lists": {"groups": [{"items": [], "count": 2, "type": "created"}]}}, {"tips": {"count": 12}, "contact": {"facebook": "815654556"}, "firstName": "Nor Azahar", "gender": "male", "lastName": "Mohd Noor", "id": "4059911", "bio": "", "photo": {"prefix": "https://igx.4sqi.net/img/user/", "suffix": "/HMZIVTHUSFTZGGCB.jpg"}, "homeCity": "Singapore", "lists": {"groups": [{"items": [], "count": 2, "type": "created"}]}}, {"tips": {"count": 0}, "contact": {"facebook": "100000145113535"}, "firstName": "Kartel Nass", "gender": "male", "lastName": "Shakur", "id": "3427155", "bio": "", "photo": {"prefix": "https://igx.4sqi.net/img/user/", "suffix": "/C10JTSRZ5HYBR5ZV.jpg"}, "homeCity": "Singapore", "lists": {"groups": [{"items": [], "count": 2, "type": "created"}]}}, {"tips": {"count": 2}, "contact": {"facebook": "566447325"}, "firstName": "ijal", "gender": "male", "lastName": "Bai", "id": "4438590", "bio": "", "photo": {"prefix": "https://igx.4sqi.net/img/user/", "suffix": "/2FWSQ0MB30S3WDVT.jpg"}, "homeCity": "Singapore", "lists": {"groups": [{"items": [], "count": 2, "type": "created"}]}}, {"tips": {"count": 0}, "contact": {"twitter": "tiffanypwincess", "facebook": "574454422"}, "firstName": "Emylia", "gender": "female", "lastName": "Jaafar", "id": "5246291", "bio": "", "photo": {"prefix": "https://igx.4sqi.net/img/user/", "suffix": "/PX3X2WUMAXPPQQD4.jpg"}, "homeCity": "", "lists": {"groups": [{"items": [], "count": 2, "type": "created"}]}}, {"tips": {"count": 1}, "contact": {"twitter": "afiq_mok", "facebook": "689665821"}, "firstName": "Afiq", "gender": "male", "lastName": "MoK", "id": "3489296", "bio": "", "photo": {"prefix": "https://igx.4sqi.net/img/user/", "suffix": "/JUDGTY0AS1H14N40.jpg"}, "homeCity": "Singapore", "lists": {"groups": [{"items": [], "count": 2, "type": "created"}]}}, {"tips": {"count": 0}, "contact": {"facebook": "611118472"}, "firstName": "Still", "gender": "male", "lastName": "Fly", "id": "4494970", "bio": "", "photo": {"prefix": "https://igx.4sqi.net/img/user/", "suffix": "/GI3N2VIL0BCM5SN5.jpg"}, "homeCity": "Singapore", "lists": {"groups": [{"items": [], "count": 2, "type": "created"}]}}, {"tips": {"count": 2}, "contact": {"facebook": "746787891"}, "firstName": "AKey", "gender": "male", "lastName": "MasTa", "id": "5253754", "bio": "", "photo": {"prefix": "https://igx.4sqi.net/img/user/", "suffix": "/4C434WJCIYFYZ1LL.jpg"}, "homeCity": "Singapore", "lists": {"groups": [{"items": [], "count": 2, "type": "created"}]}}, {"tips": {"count": 0}, "contact": {}, "firstName": "kcalb", "gender": "male", "lastName": "Mon", "id": "3493314", "bio": "", "photo": {"prefix": "https://igx.4sqi.net/img/user/", "suffix": "/HUIX4ILOSN1KG30C.jpg"}, "homeCity": "Singapore", "lists": {"groups": [{"items": [], "count": 2, "type": "created"}]}}, {"tips": {"count": 1}, "contact": {"facebook": "555889135"}, "firstName": "mamat", "gender": "male", "lastName": "batman", "id": "5289535", "bio": "", "photo": {"prefix": "https://igx.4sqi.net/img/user/", "suffix": "/ZDKKVAOTC5X2LHBA.jpg"}, "homeCity": "Singapore", "lists": {"groups": [{"items": [], "count": 2, "type": "created"}]}}, {"tips": {"count": 0}, "contact": {"facebook": "100001501617382"}, "firstName": "Benny", "gender": "male", "lastName": "Truelove", "id": "3685986", "bio": "", "photo": {"prefix": "https://igx.4sqi.net/img/user/", "suffix": "/PM0AFLRQRDD55LFN.jpg"}, "homeCity": "Singapore", "lists": {"groups": [{"items": [], "count": 2, "type": "created"}]}}, {"tips": {"count": 3}, "contact": {}, "firstName": "Zairul", "gender": "male", "lastName": "Fadzly", "id": "5804406", "bio": "", "photo": {"prefix": "https://igx.4sqi.net/img/user/", "suffix": "/BJSWQSNH4Y2DI2UP.jpg"}, "homeCity": "Singapore", "lists": {"groups": [{"items": [], "count": 2, "type": "created"}]}}, {"tips": {"count": 0}, "contact": {"facebook": "1800227275"}, "firstName": "Dahdah", "gender": "female", "lastName": "La", "id": "3976932", "bio": "", "photo": {"prefix": "https://igx.4sqi.net/img/user/", "suffix": "/PZKVOCRKGYFAIVAS.jpg"}, "homeCity": "Singapore", "lists": {"groups": [{"items": [], "count": 2, "type": "created"}]}}, {"tips": {"count": 3}, "contact": {}, "firstName": "Mann", "gender": "male", "lastName": "Zorron", "id": "5879047", "bio": "", "photo": {"prefix": "https://igx.4sqi.net/img/user/", "suffix": "/SY2ZYVXVPKK14023.jpg"}, "homeCity": "Singapore", "lists": {"groups": [{"items": [], "count": 2, "type": "created"}]}}, {"tips": {"count": 2}, "contact": {"twitter": "glennstatic"}, "firstName": "Glenn", "gender": "male", "lastName": "Gonzalo", "id": "4072192", "bio": "", "photo": {"prefix": "https://igx.4sqi.net/img/user/", "suffix": "/AVRDN2YXGW3OCO2Q.jpg"}, "homeCity": "Singapore", "lists": {"groups": [{"items": [], "count": 2, "type": "created"}]}}, {"tips": {"count": 12}, "contact": {"twitter": "kazama_alan"}, "firstName": "kazama_", "gender": "male", "lastName": "alan", "id": "5884769", "bio": "", "photo": {"prefix": "https://igx.4sqi.net/img/user/", "suffix": "/B21J2QAQBGHIMHII.jpg"}, "homeCity": "New York, NY", "lists": {"groups": [{"items": [], "count": 2, "type": "created"}]}}, {"tips": {"count": 0}, "contact": {"facebook": "650103011"}, "firstName": "AiLian Koh", "gender": "female", "id": "4082982", "bio": "", "photo": {"prefix": "https://igx.4sqi.net/img/user/", "suffix": "/S04TLAFB3ABGB2ZW.jpg"}, "homeCity": "Singapore", "lists": {"groups": [{"items": [], "count": 2, "type": "created"}]}}, {"tips": {"count": 2}, "contact": {"twitter": "faizalegon", "facebook": "100000606608772"}, "firstName": "Mohamad", "gender": "male", "lastName": "Faizal", "id": "6085610", "bio": "", "photo": {"prefix": "https://igx.4sqi.net/img/user/", "suffix": "/JMXZ5OSF0TULVAUH.jpg"}, "homeCity": "Singapore", "lists": {"groups": [{"items": [], "count": 2, "type": "created"}]}}, {"tips": {"count": 1}, "contact": {"facebook": "704695293"}, "firstName": "Effa", "gender": "female", "id": "4111885", "bio": "", "photo": {"prefix": "https://igx.4sqi.net/img/user/", "suffix": "/IJUPSL0GOVVKEPLD.jpg"}, "homeCity": "Singapore", "lists": {"groups": [{"items": [], "count": 2, "type": "created"}]}}, {"tips": {"count": 4}, "contact": {"twitter": "fendi32"}, "firstName": "Cookie", "gender": "male", "lastName": "monster\u00a9", "id": "6355426", "bio": "", "photo": {"prefix": "https://igx.4sqi.net/img/user/", "suffix": "/AQJEBCBS55Q1JPYN.jpg"}, "homeCity": "Singapore", "lists": {"groups": [{"items": [], "count": 2, "type": "created"}]}}, {"tips": {"count": 0}, "contact": {"facebook": "634478860"}, "firstName": "Maxi", "gender": "male", "lastName": "Maximus", "id": "4112695", "bio": "", "photo": {"prefix": "https://igx.4sqi.net/img/user/", "suffix": "/RJFUI3VYEVIGDIH0.jpg"}, "homeCity": "Singapore", "lists": {"groups": [{"items": [], "count": 2, "type": "created"}]}}, {"tips": {"count": 0}, "contact": {"facebook": "100000593255892"}, "firstName": "Sweetz", "gender": "female", "lastName": "Waannie", "id": "6498392", "bio": "", "photo": {"prefix": "https://igx.4sqi.net/img/user/", "suffix": "/WSAA3ETKAUMKWSOS.jpg"}, "homeCity": "New York, NY", "lists": {"groups": [{"items": [], "count": 2, "type": "created"}]}}, {"tips": {"count": 0}, "contact": {}, "firstName": "SimPLe_Guy", "gender": "male", "id": "4428276", "bio": "", "photo": {"prefix": "https://igx.4sqi.net/img/user/", "suffix": "/TYYB44BY24KPRAXW.jpg"}, "homeCity": "Singapore", "lists": {"groups": [{"items": [], "count": 2, "type": "created"}]}}, {"tips": {"count": 0}, "contact": {}, "firstName": "Art", "gender": "male", "lastName": "tribianni", "id": "8527515", "bio": "", "photo": {"prefix": "https://igx.4sqi.net/img/user/", "suffix": "/SSG2Z3O4IHR2QJUZ.jpg"}, "homeCity": "Singapore", "lists": {"groups": [{"items": [], "count": 2, "type": "created"}]}}, {"tips": {"count": 4}, "contact": {"facebook": "1078704434"}, "firstName": "Jurgen", "gender": "male", "lastName": "Zulz", "id": "4483333", "bio": "", "photo": {"prefix": "https://igx.4sqi.net/img/user/", "suffix": "/JHYNJWLL2MVJPEKW.jpg"}, "homeCity": "Singapore", "lists": {"groups": [{"items": [], "count": 2, "type": "created"}]}}, {"tips": {"count": 0}, "contact": {}, "firstName": "Johnny", "gender": "male", "lastName": "Knoxville", "id": "8529751", "bio": "", "photo": {"prefix": "https://igx.4sqi.net/img/user/", "suffix": "/01LCH1U555SGKCH3.jpg"}, "homeCity": "NY", "lists": {"groups": [{"items": [], "count": 2, "type": "created"}]}}, {"tips": {"count": 0}, "contact": {}, "firstName": "Arnold", "gender": "male", "lastName": "De Borja", "id": "4725555", "bio": "", "photo": {"prefix": "https://igx.4sqi.net/img/user/", "suffix": "/JVQQHMR5KA4JFDU5.jpg"}, "homeCity": "Singapore", "lists": {"groups": [{"items": [], "count": 2, "type": "created"}]}}, {"tips": {"count": 10}, "contact": {"twitter": "sundrom", "facebook": "100001381896649"}, "firstName": "\ud83d\udc98 Ram \ud83d\udc98", "gender": "male", "lastName": "Browny", "id": "8657254", "bio": "\ud83c\udf39 no STOP Line \ud83c\udf39", "photo": {"prefix": "https://igx.4sqi.net/img/user/", "suffix": "/EFOQ5D4J2GHMSOBN.jpg"}, "homeCity": "Greatest City", "lists": {"groups": [{"items": [], "count": 2, "type": "created"}]}}, {"tips": {"count": 0}, "contact": {"facebook": "614302873"}, "firstName": "Abu", "gender": "male", "lastName": "Haziq", "id": "5227367", "bio": "", "photo": {"prefix": "https://igx.4sqi.net/img/user/", "suffix": "/U50KGGVDEMO3PVWC.jpg"}, "homeCity": "Singapore", "lists": {"groups": [{"items": [], "count": 2, "type": "created"}]}}, {"tips": {"count": 0}, "contact": {"facebook": "100000926993607"}, "firstName": "Mardi mad", "gender": "male", "lastName": "Mady", "id": "8830104", "bio": "", "photo": {"prefix": "https://igx.4sqi.net/img/user/", "suffix": "/CIYRTGJHUJZMFAMY.jpg"}, "homeCity": "Singapore", "lists": {"groups": [{"items": [], "count": 2, "type": "created"}]}}, {"tips": {"count": 0}, "contact": {"facebook": "100000474478154"}, "firstName": "Farhan", "gender": "male", "lastName": "Brow", "id": "5959806", "bio": "", "photo": {"prefix": "https://igx.4sqi.net/img/user/", "suffix": "/XHWC5XILNFOS1LKM.jpg"}, "homeCity": "Singapore", "lists": {"groups": [{"items": [], "count": 2, "type": "created"}]}}, {"tips": {"count": 0}, "contact": {"facebook": "100000801757668"}, "firstName": "Astro", "gender": "male", "lastName": "Roosevelt", "id": "16389359", "bio": "", "photo": {"prefix": "https://igx.4sqi.net/img/user/", "suffix": "/20E3Z2OFJ1ZZBP0B.jpg"}, "homeCity": "Singapore", "lists": {"groups": [{"items": [], "count": 2, "type": "created"}]}}, {"tips": {"count": 16}, "contact": {"twitter": "danioxyethylene"}, "firstName": "Dani", "gender": "none", "lastName": "Avril", "id": "6014312", "bio": "Hey ho!", "photo": {"prefix": "https://igx.4sqi.net/img/user/", "suffix": "/6014312-QSKL3NSTESPVKMG2.jpg"}, "homeCity": "New York City", "lists": {"groups": [{"items": [], "count": 3, "type": "created"}]}}, {"tips": {"count": 1}, "contact": {"twitter": "aizatsuruji"}, "firstName": "aizat", "gender": "male", "id": "6058954", "bio": "", "photo": {"prefix": "https://igx.4sqi.net/img/user/", "suffix": "/6058954-O3A3JY0G0UJ4ASKU.jpg"}, "homeCity": "Singapore", "lists": {"groups": [{"items": [], "count": 2, "type": "created"}]}}, {"tips": {"count": 0}, "contact": {}, "firstName": "Suzaini", "gender": "male", "lastName": "boyhiker", "id": "6465667", "bio": "", "photo": {"prefix": "https://igx.4sqi.net/img/user/", "suffix": "/N0A0RPOT4PTLOKFI.jpg"}, "homeCity": "Singapore", "lists": {"groups": [{"items": [], "count": 2, "type": "created"}]}}, {"tips": {"count": 0}, "contact": {}, "firstName": "Eda", "gender": "female", "lastName": "Chiyoko karuto", "id": "6467384", "bio": "", "photo": {"prefix": "https://igx.4sqi.net/img/user/", "suffix": "/blank_girl.png", "default": true}, "homeCity": "Singapore", "lists": {"groups": [{"items": [], "count": 2, "type": "created"}]}}, {"tips": {"count": 3}, "contact": {"facebook": "100000983480837"}, "firstName": "Shazwan", "gender": "male", "lastName": "JubJub", "id": "6473319", "bio": "", "photo": {"prefix": "https://igx.4sqi.net/img/user/", "suffix": "/XU22QH5BLOPRKHGU.jpg"}, "homeCity": "Singapore", "lists": {"groups": [{"items": [], "count": 2, "type": "created"}]}}, {"tips": {"count": 0}, "contact": {}, "firstName": "\u0e27\u0e34\u0e42\u0e23\u0e08\u0e19\u0e4c \uf8ff Virote", "gender": "male", "id": "6474004", "bio": "", "photo": {"prefix": "https://igx.4sqi.net/img/user/", "suffix": "/23TOKFFJJVNWPAST.jpg"}, "homeCity": "Thailand", "lists": {"groups": [{"items": [], "count": 2, "type": "created"}]}}, {"tips": {"count": 1}, "contact": {"facebook": "100001601455985"}, "firstName": "Alucard", "gender": "male", "lastName": "Sg", "id": "7427548", "bio": "", "photo": {"prefix": "https://igx.4sqi.net/img/user/", "suffix": "/PUX15ZOH4F5EAR5R.jpg"}, "homeCity": "Singapore", "lists": {"groups": [{"items": [], "count": 2, "type": "created"}]}}], "count": 155}, "checksum": "51535c92df0f8396e3e7abc21b531745d2021913"}, "meta": {"requestId": "59662b544434b96be52f75e2", "code": 200}}