{"notifications": [{"type": "notificationTray", "item": {"unreadCount": 0}}], "response": {"friends": {"items": [{"tips": {"count": 4}, "contact": {"facebook": "622472940"}, "firstName": "Max", "gender": "male", "lastName": "Yeong", "id": "2153862", "bio": "", "photo": {"prefix": "https://igx.4sqi.net/img/user/", "suffix": "/KCZHOMP2I3PSOXBQ.jpg"}, "homeCity": "Tampines, Singapore", "lists": {"groups": [{"items": [], "count": 2, "type": "created"}]}}, {"tips": {"count": 2}, "contact": {"facebook": "572906658"}, "firstName": "Jonathan", "gender": "male", "lastName": "Ho", "id": "1358244", "bio": "", "photo": {"prefix": "https://igx.4sqi.net/img/user/", "suffix": "/3XSSFYNCIB13FCMA.jpg"}, "homeCity": "Singapore", "lists": {"groups": [{"items": [], "count": 2, "type": "created"}]}}, {"tips": {"count": 0}, "contact": {}, "firstName": "Jirayu", "gender": "male", "lastName": "Kaewprateep", "id": "6184141", "bio": "", "photo": {"prefix": "https://igx.4sqi.net/img/user/", "suffix": "/DITY4V0E5GJH2PIP.jpg"}, "homeCity": "\u0e1a\u0e32\u0e07\u0e19\u0e32, \u0e1b\u0e23\u0e30\u0e40\u0e17\u0e28\u0e44\u0e17\u0e22", "lists": {"groups": [{"items": [], "count": 2, "type": "created"}]}}, {"tips": {"count": 3}, "contact": {"facebook": "100000130463082"}, "firstName": "Brenda", "gender": "female", "id": "7117655", "bio": "", "photo": {"prefix": "https://igx.4sqi.net/img/user/", "suffix": "/1HSTQP0ZZYDGNGAQ.jpg"}, "homeCity": "Singapore", "lists": {"groups": [{"items": [], "count": 2, "type": "created"}]}}, {"tips": {"count": 0}, "contact": {"facebook": "693412105"}, "firstName": "phyphy", "gender": "female", "id": "3518477", "bio": "", "photo": {"prefix": "https://igx.4sqi.net/img/user/", "suffix": "/5JRS03YJYMH0XXS3.jpg"}, "homeCity": "Singapore", "lists": {"groups": [{"items": [], "count": 2, "type": "created"}]}}, {"tips": {"count": 1}, "contact": {"twitter": "falconzy"}, "firstName": "Ian", "gender": "male", "lastName": "Zhao", "id": "66120969", "bio": "", "photo": {"prefix": "https://igx.4sqi.net/img/user/", "suffix": "/blank_boy.png", "default": true}, "homeCity": "Singapore", "lists": {"groups": [{"items": [], "count": 2, "type": "created"}]}}, {"tips": {"count": 0}, "contact": {"facebook": "716621200"}, "firstName": "Raine", "gender": "female", "lastName": "Ang", "id": "6571742", "bio": "", "photo": {"prefix": "https://igx.4sqi.net/img/user/", "suffix": "/blank_girl.png", "default": true}, "homeCity": "Singapore", "lists": {"groups": [{"items": [], "count": 2, "type": "created"}]}}, {"tips": {"count": 0}, "contact": {"twitter": "beeraveewan", "facebook": "638526872"}, "firstName": "Wiiwee", "gender": "female", "id": "1380865", "bio": "", "photo": {"prefix": "https://igx.4sqi.net/img/user/", "suffix": "/DMC5ETLNGLTMDALV.jpg"}, "homeCity": "Bangkok", "lists": {"groups": [{"items": [], "count": 2, "type": "created"}]}}, {"tips": {"count": 1}, "contact": {"facebook": "717998367"}, "firstName": "Cindy", "gender": "female", "lastName": "Kang", "id": "5513999", "bio": "", "photo": {"prefix": "https://igx.4sqi.net/img/user/", "suffix": "/0M2DRI5LJCNXHI0E.jpg"}, "homeCity": "Singapore", "lists": {"groups": [{"items": [], "count": 2, "type": "created"}]}}, {"tips": {"count": 4}, "contact": {}, "firstName": "Lala", "gender": "female", "lastName": "Chua", "id": "2190709", "bio": "", "photo": {"prefix": "https://igx.4sqi.net/img/user/", "suffix": "/F40XJZOOGTJRRPLK.jpg"}, "homeCity": "Singapore", "lists": {"groups": [{"items": [], "count": 2, "type": "created"}]}}, {"tips": {"count": 3}, "contact": {"facebook": "1038806533"}, "firstName": "PaEng", "gender": "female", "lastName": "KiKi", "id": "4571082", "bio": "", "photo": {"prefix": "https://igx.4sqi.net/img/user/", "suffix": "/XMOKDQXIQHR5C3PM.jpg"}, "homeCity": "Bangkok, Thailand", "lists": {"groups": [{"items": [], "count": 2, "type": "created"}]}}, {"tips": {"count": 0}, "contact": {}, "firstName": "Bel", "gender": "none", "lastName": "Chua", "id": "2995074", "bio": "", "photo": {"prefix": "https://igx.4sqi.net/img/user/", "suffix": "/blank_boy.png", "default": true}, "homeCity": "Singapore", "lists": {"groups": [{"items": [], "count": 2, "type": "created"}]}}, {"tips": {"count": 39}, "contact": {}, "firstName": "Jin", "gender": "female", "lastName": ".", "id": "3802560", "bio": "", "photo": {"prefix": "https://igx.4sqi.net/img/user/", "suffix": "/UG5QGDLDJKC1V1OX.jpg"}, "homeCity": "Singapore", "lists": {"groups": [{"items": [], "count": 2, "type": "created"}]}}, {"tips": {"count": 37}, "contact": {"twitter": "worapong", "facebook": "824998728"}, "firstName": "Worapong", "gender": "male", "lastName": "Lekuthaiphan", "id": "472894", "bio": "Guitar lover", "photo": {"prefix": "https://igx.4sqi.net/img/user/", "suffix": "/4P3AX4HQLDJF3WCT.jpg"}, "homeCity": "Ratburana, Bangkok", "lists": {"groups": [{"items": [], "count": 2, "type": "created"}]}}, {"tips": {"count": 0}, "contact": {}, "firstName": "Jen.", "gender": "female", "lastName": "CY", "id": "4223562", "bio": "", "photo": {"prefix": "https://igx.4sqi.net/img/user/", "suffix": "/4DBDPJADA1ASR04D.jpg"}, "homeCity": "Singapore", "lists": {"groups": [{"items": [], "count": 2, "type": "created"}]}}, {"tips": {"count": 4}, "contact": {"facebook": "704524307"}, "firstName": "Amy", "gender": "female", "lastName": "Chua", "id": "1444838", "bio": "", "photo": {"prefix": "https://igx.4sqi.net/img/user/", "suffix": "/1444838-2Y3MMNAYAPWRGCY2.jpg"}, "homeCity": "Singapore", "lists": {"groups": [{"items": [], "count": 2, "type": "created"}]}}, {"tips": {"count": 3}, "contact": {"facebook": "618504116"}, "firstName": "Kailing", "gender": "female", "lastName": "Loh", "id": "2860955", "bio": "", "photo": {"prefix": "https://igx.4sqi.net/img/user/", "suffix": "/PZB5DRSPYLA3VKAJ.jpg"}, "homeCity": "Singapore", "lists": {"groups": [{"items": [], "count": 2, "type": "created"}]}}, {"tips": {"count": 0}, "contact": {"facebook": "596363681"}, "firstName": "Cindy", "gender": "female", "lastName": "Qxl", "id": "14834801", "bio": "", "photo": {"prefix": "https://igx.4sqi.net/img/user/", "suffix": "/blank_girl.png", "default": true}, "homeCity": "Singapore", "lists": {"groups": [{"items": [], "count": 2, "type": "created"}]}}, {"tips": {"count": 0}, "contact": {"facebook": "606817381"}, "firstName": "Tommy", "gender": "male", "lastName": "ZG", "id": "28292416", "bio": "", "photo": {"prefix": "https://igx.4sqi.net/img/user/", "suffix": "/AIO32WBKX4M2HWZ3.jpg"}, "homeCity": "Bangkok Metropolis", "lists": {"groups": [{"items": [], "count": 2, "type": "created"}]}}, {"tips": {"count": 0}, "contact": {"facebook": "742594494"}, "firstName": "Chris", "gender": "male", "lastName": "Foong", "id": "22866856", "bio": "", "photo": {"prefix": "https://igx.4sqi.net/img/user/", "suffix": "/OOGN2UUIV5IUODXQ.jpg"}, "homeCity": "Singapore", "lists": {"groups": [{"items": [], "count": 2, "type": "created"}]}}, {"tips": {"count": 0}, "contact": {}, "firstName": "Yingqi", "gender": "none", "lastName": "Tan", "id": "1372457", "bio": "", "photo": {"prefix": "https://igx.4sqi.net/img/user/", "suffix": "/OP0CJGMW4E1HQG2T.jpg"}, "homeCity": "Singapore", "lists": {"groups": [{"items": [], "count": 2, "type": "created"}]}}, {"tips": {"count": 0}, "contact": {"twitter": "eida786"}, "firstName": "eida", "gender": "female", "id": "9985775", "bio": "", "photo": {"prefix": "https://igx.4sqi.net/img/user/", "suffix": "/9985775-GNOE2CM3MCOAJDLO.jpg"}, "homeCity": "Singapore", "lists": {"groups": [{"items": [], "count": 2, "type": "created"}]}}, {"tips": {"count": 0}, "contact": {}, "firstName": "Sarah", "gender": "female", "lastName": "Harrid", "id": "7227602", "bio": "", "photo": {"prefix": "https://igx.4sqi.net/img/user/", "suffix": "/blank_girl.png", "default": true}, "homeCity": "New York, NY", "lists": {"groups": [{"items": [], "count": 2, "type": "created"}]}}, {"tips": {"count": 0}, "contact": {"facebook": "1348866615"}, "firstName": "Ron", "gender": "male", "lastName": "Poh", "id": "57973253", "bio": "", "photo": {"prefix": "https://igx.4sqi.net/img/user/", "suffix": "/blank_boy.png", "default": true}, "homeCity": "Singapore, 00", "lists": {"groups": [{"items": [], "count": 2, "type": "created"}]}}, {"tips": {"count": 0}, "contact": {"facebook": "566634465"}, "firstName": "Naret", "gender": "male", "lastName": "Charoonwittayakul", "id": "7517152", "bio": "", "photo": {"prefix": "https://igx.4sqi.net/img/user/", "suffix": "/T231IXR0J4XKFVD1.jpg"}, "homeCity": "\u0e1a\u0e32\u0e07\u0e19\u0e32, \u0e1b\u0e23\u0e30\u0e40\u0e17\u0e28\u0e44\u0e17\u0e22", "lists": {"groups": [{"items": [], "count": 2, "type": "created"}]}}, {"tips": {"count": 0}, "contact": {}, "firstName": "Mavis", "gender": "female", "lastName": "Lee", "id": "6024324", "bio": "", "photo": {"prefix": "https://igx.4sqi.net/img/user/", "suffix": "/blank_girl.png", "default": true}, "homeCity": "Singapore", "lists": {"groups": [{"items": [], "count": 2, "type": "created"}]}}, {"tips": {"count": 1}, "contact": {"facebook": "658448932"}, "firstName": "Qzleo", "gender": "male", "lastName": "Qzleo", "id": "2710966", "bio": "", "photo": {"prefix": "https://igx.4sqi.net/img/user/", "suffix": "/I3TGR4BZOW3QJDOK.jpg"}, "homeCity": "Singapore", "lists": {"groups": [{"items": [], "count": 2, "type": "created"}]}}, {"tips": {"count": 0}, "contact": {}, "firstName": "Jaime", "gender": "female", "lastName": "Chua", "id": "4823716", "bio": "", "photo": {"prefix": "https://igx.4sqi.net/img/user/", "suffix": "/L5HWAZ42HKLXTOJ1.jpg"}, "homeCity": "Singapore", "lists": {"groups": [{"items": [], "count": 2, "type": "created"}]}}, {"tips": {"count": 0}, "contact": {"facebook": "697638363"}, "firstName": "Casey", "gender": "male", "lastName": "Tay", "id": "72941961", "bio": "", "photo": {"prefix": "https://igx.4sqi.net/img/user/", "suffix": "/72941961-0G4T0EXR1F44MRHG.jpg"}, "homeCity": "Singapore", "lists": {"groups": [{"items": [], "count": 2, "type": "created"}]}}, {"tips": {"count": 0}, "contact": {}, "firstName": "Lim", "gender": "male", "lastName": "Richard", "id": "4587937", "bio": "", "photo": {"prefix": "https://igx.4sqi.net/img/user/", "suffix": "/blank_boy.png", "default": true}, "homeCity": "Singapore", "lists": {"groups": [{"items": [], "count": 2, "type": "created"}]}}, {"tips": {"count": 0}, "contact": {}, "firstName": "Chris", "gender": "male", "lastName": "Foong", "id": "4854935", "bio": "", "photo": {"prefix": "https://igx.4sqi.net/img/user/", "suffix": "/4AY5HW0KR5DP0XWK.jpg"}, "homeCity": "Singapore", "lists": {"groups": [{"items": [], "count": 2, "type": "created"}]}}, {"tips": {"count": 0}, "contact": {}, "firstName": "wendy", "gender": "female", "id": "2061787", "bio": "", "photo": {"prefix": "https://igx.4sqi.net/img/user/", "suffix": "/S2LJ2LIOWQYH34AP.jpg"}, "homeCity": "Makati", "lists": {"groups": [{"items": [], "count": 2, "type": "created"}]}}, {"tips": {"count": 0}, "contact": {}, "firstName": "Joe", "gender": "male", "lastName": "Joe", "id": "3700567", "bio": "", "photo": {"prefix": "https://igx.4sqi.net/img/user/", "suffix": "/blank_boy.png", "default": true}, "homeCity": "Singapore", "lists": {"groups": [{"items": [], "count": 2, "type": "created"}]}}, {"tips": {"count": 1}, "contact": {"twitter": "skyblue1808", "facebook": "699021805"}, "firstName": "Henry", "gender": "male", "lastName": "Koh", "id": "11544136", "bio": "", "photo": {"prefix": "https://igx.4sqi.net/img/user/", "suffix": "/UR2JQMEDAZMR3NVC.jpg"}, "homeCity": "Singapore", "lists": {"groups": [{"items": [], "count": 5, "type": "created"}]}}, {"tips": {"count": 11}, "contact": {"twitter": "wesley_wong_jh", "facebook": "568000881"}, "firstName": "Wesley", "gender": "male", "lastName": "Wong", "id": "18804077", "bio": "", "photo": {"prefix": "https://igx.4sqi.net/img/user/", "suffix": "/FHDZQERQHDGCX1WF.jpg"}, "homeCity": "Singapore", "lists": {"groups": [{"items": [], "count": 2, "type": "created"}]}}, {"tips": {"count": 4}, "contact": {"twitter": "auraca", "facebook": "694123894"}, "firstName": "David", "gender": "male", "lastName": "Le \u2122", "id": "22123080", "bio": "", "photo": {"prefix": "https://igx.4sqi.net/img/user/", "suffix": "/SRFKYYIEYFFEHFLG.jpg"}, "homeCity": "H? Ch\u00ed Minh city", "lists": {"groups": [{"items": [], "count": 2, "type": "created"}]}}, {"tips": {"count": 1}, "contact": {"twitter": "garychm", "facebook": "1399780076"}, "firstName": "Gary", "gender": "male", "lastName": "Chow", "id": "10114305", "bio": "", "photo": {"prefix": "https://igx.4sqi.net/img/user/", "suffix": "/CZICQYADIWDD44KU.jpg"}, "homeCity": "Singapore", "lists": {"groups": [{"items": [], "count": 2, "type": "created"}]}}, {"tips": {"count": 0}, "contact": {"facebook": "825878813"}, "firstName": "Sharon", "gender": "female", "lastName": "Yee", "id": "13919391", "bio": "", "photo": {"prefix": "https://igx.4sqi.net/img/user/", "suffix": "/D1ZOSWFI22WZ0XUV.jpg"}, "homeCity": "Singapore", "lists": {"groups": [{"items": [], "count": 2, "type": "created"}]}}, {"tips": {"count": 0}, "contact": {"twitter": "idly_dee", "facebook": "557327688"}, "firstName": "Dee", "gender": "none", "lastName": "Ser", "id": "3655929", "bio": "", "photo": {"prefix": "https://igx.4sqi.net/img/user/", "suffix": "/LA3J1V03B3IWCFQB.jpg"}, "homeCity": "Singapore", "lists": {"groups": [{"items": [], "count": 2, "type": "created"}]}}, {"tips": {"count": 0}, "contact": {}, "firstName": "\u8d22\u8d24", "gender": "male", "lastName": "\u4f55", "id": "5100781", "bio": "", "photo": {"prefix": "https://igx.4sqi.net/img/user/", "suffix": "/MP0RUMDTZIQUZ3SJ.jpg"}, "homeCity": "Singapore", "lists": {"groups": [{"items": [], "count": 2, "type": "created"}]}}, {"tips": {"count": 0}, "contact": {"facebook": "1544512568"}, "firstName": "andy", "gender": "male", "lastName": "lau", "id": "4945230", "bio": "", "photo": {"prefix": "https://igx.4sqi.net/img/user/", "suffix": "/blank_boy.png", "default": true}, "homeCity": "Singapore", "lists": {"groups": [{"items": [], "count": 2, "type": "created"}]}}, {"tips": {"count": 0}, "contact": {"facebook": "634339925"}, "firstName": "MING", "gender": "male", "lastName": "MING", "id": "2326319", "bio": "", "photo": {"prefix": "https://igx.4sqi.net/img/user/", "suffix": "/blank_boy.png", "default": true}, "homeCity": "Singapore", "lists": {"groups": [{"items": [], "count": 2, "type": "created"}]}}, {"tips": {"count": 1}, "contact": {"facebook": "100001650301642"}, "firstName": "J.S", "gender": "female", "lastName": "Lee", "id": "4754869", "bio": "", "photo": {"prefix": "https://igx.4sqi.net/img/user/", "suffix": "/SPK254RGUWG30R5B.jpg"}, "homeCity": "", "lists": {"groups": [{"items": [], "count": 2, "type": "created"}]}}, {"tips": {"count": 2}, "contact": {}, "firstName": "Lawrence Lee", "gender": "male", "lastName": "Chong Yan", "id": "15427518", "bio": "", "photo": {"prefix": "https://igx.4sqi.net/img/user/", "suffix": "/HKSEQ0ST151OR4OU.jpg"}, "homeCity": "Singapore", "lists": {"groups": [{"items": [], "count": 2, "type": "created"}]}}, {"tips": {"count": 0}, "contact": {"facebook": "821873725"}, "firstName": "Bobbin", "gender": "male", "lastName": "Aw", "id": "13119336", "bio": "", "photo": {"prefix": "https://igx.4sqi.net/img/user/", "suffix": "/NC0SEBSO4JBSHYWX.jpg"}, "homeCity": "New York, NY", "lists": {"groups": [{"items": [], "count": 2, "type": "created"}]}}, {"tips": {"count": 0}, "contact": {"facebook": "1648290970"}, "firstName": "Bryan", "gender": "male", "lastName": "Isno Longerhere", "id": "44099782", "bio": "", "photo": {"prefix": "https://igx.4sqi.net/img/user/", "suffix": "/OCJKMYAKXEHN23KO.jpg"}, "homeCity": "New York, NY", "lists": {"groups": [{"items": [], "count": 2, "type": "created"}]}}, {"tips": {"count": 0}, "contact": {}, "firstName": "Lee", "gender": "male", "lastName": "Alex", "id": "5014410", "bio": "", "photo": {"prefix": "https://igx.4sqi.net/img/user/", "suffix": "/U3D34GLV4VK3TB4L.jpg"}, "homeCity": "Singapore", "lists": {"groups": [{"items": [], "count": 2, "type": "created"}]}}, {"tips": {"count": 1}, "contact": {"facebook": "100006100778119"}, "firstName": "Jaguar", "gender": "male", "lastName": "Leo", "id": "71263020", "bio": "", "photo": {"prefix": "https://igx.4sqi.net/img/user/", "suffix": "/71263020-VH2T434VBMNCV4ZS.jpg"}, "homeCity": "Singapore", "lists": {"groups": [{"items": [], "count": 2, "type": "created"}]}}, {"tips": {"count": 2}, "contact": {"facebook": "753784212"}, "firstName": "R.L", "gender": "male", "id": "5424358", "bio": "", "photo": {"prefix": "https://igx.4sqi.net/img/user/", "suffix": "/DM1TNQJ1L2FSGIOR.jpg"}, "homeCity": "Singapore", "lists": {"groups": [{"items": [], "count": 2, "type": "created"}]}}, {"tips": {"count": 0}, "contact": {"facebook": "723474701"}, "firstName": "JArvis", "gender": "male", "lastName": "L", "id": "2785503", "bio": "", "photo": {"prefix": "https://igx.4sqi.net/img/user/", "suffix": "/T15DWUMDZCPZTU12.jpg"}, "homeCity": "Singapore", "lists": {"groups": [{"items": [], "count": 2, "type": "created"}]}}, {"tips": {"count": 44}, "contact": {"twitter": "apomppuppy", "facebook": "552618380"}, "firstName": "apompompuppy", "gender": "female", "id": "5773244", "bio": "", "photo": {"prefix": "https://igx.4sqi.net/img/user/", "suffix": "/SNLPAELQWQTUFZ11.jpg"}, "homeCity": "Bangkok, Thailand", "lists": {"groups": [{"items": [], "count": 2, "type": "created"}]}}, {"tips": {"count": 0}, "contact": {"facebook": "1762015378"}, "firstName": "Brina", "gender": "female", "lastName": "Choo", "id": "23616704", "bio": "", "photo": {"prefix": "https://igx.4sqi.net/img/user/", "suffix": "/0AZC1D4IR5100WIK.jpg"}, "homeCity": "New York", "lists": {"groups": [{"items": [], "count": 2, "type": "created"}]}}, {"tips": {"count": 1}, "contact": {"facebook": "809814240"}, "firstName": "Esmond", "gender": "male", "lastName": "Choo", "id": "42851917", "bio": "", "photo": {"prefix": "https://igx.4sqi.net/img/user/", "suffix": "/XT54PZXRG0OLNCOQ.jpg"}, "homeCity": "Singapore", "lists": {"groups": [{"items": [], "count": 2, "type": "created"}]}}, {"tips": {"count": 6}, "contact": {"twitter": "fabiencohen", "facebook": "518409891"}, "firstName": "Cohen", "gender": "male", "id": "3256225", "bio": "", "photo": {"prefix": "https://igx.4sqi.net/img/user/", "suffix": "/Z13S45UNT5FK3XK4.jpg"}, "homeCity": "Singapore", "lists": {"groups": [{"items": [], "count": 2, "type": "created"}]}}, {"tips": {"count": 0}, "contact": {}, "firstName": "Jason", "gender": "male", "lastName": "Phua", "id": "5880791", "bio": "", "photo": {"prefix": "https://igx.4sqi.net/img/user/", "suffix": "/blank_boy.png", "default": true}, "homeCity": "New York, NY", "lists": {"groups": [{"items": [], "count": 2, "type": "created"}]}}, {"tips": {"count": 0}, "contact": {}, "firstName": "Veronica", "gender": "female", "lastName": "Koh", "id": "3568793", "bio": "", "photo": {"prefix": "https://igx.4sqi.net/img/user/", "suffix": "/blank_girl.png", "default": true}, "homeCity": "Singapore", "lists": {"groups": [{"items": [], "count": 2, "type": "created"}]}}, {"tips": {"count": 0}, "contact": {"twitter": "gnileeoet", "facebook": "737224517"}, "firstName": "Ee Ling", "gender": "female", "lastName": "Teo", "id": "3604451", "bio": "", "photo": {"prefix": "https://igx.4sqi.net/img/user/", "suffix": "/3H4G0C5XADFJ3LTM.jpg"}, "homeCity": "Singapore", "lists": {"groups": [{"items": [], "count": 2, "type": "created"}]}}, {"tips": {"count": 5}, "contact": {"twitter": "yokejune", "facebook": "587058579"}, "firstName": "Wan", "gender": "male", "lastName": "YJ", "id": "3997252", "bio": "", "photo": {"prefix": "https://igx.4sqi.net/img/user/", "suffix": "/4YVT4VU4YX3OFZQ1.jpg"}, "homeCity": "Malaysia", "lists": {"groups": [{"items": [], "count": 2, "type": "created"}]}}, {"tips": {"count": 1}, "contact": {}, "firstName": "Adrain", "gender": "male", "lastName": "Ng", "id": "4594686", "bio": "", "photo": {"prefix": "https://igx.4sqi.net/img/user/", "suffix": "/B0H1SUFLH3Q4M4OZ.jpg"}, "homeCity": "New York, NY", "lists": {"groups": [{"items": [], "count": 2, "type": "created"}]}}, {"tips": {"count": 0}, "contact": {}, "firstName": "Oliver", "gender": "none", "lastName": "Anicete", "id": "4595680", "bio": "", "photo": {"prefix": "https://igx.4sqi.net/img/user/", "suffix": "/blank_boy.png", "default": true}, "homeCity": "Singapore", "lists": {"groups": [{"items": [], "count": 2, "type": "created"}]}}, {"tips": {"count": 0}, "contact": {"facebook": "612356320"}, "firstName": "Josephine", "gender": "female", "lastName": "Lee", "id": "5243712", "bio": "", "photo": {"prefix": "https://igx.4sqi.net/img/user/", "suffix": "/NR5EMF5KWZY1BMU2.jpg"}, "homeCity": "Singapore", "lists": {"groups": [{"items": [], "count": 2, "type": "created"}]}}, {"tips": {"count": 0}, "contact": {}, "firstName": "Burt", "gender": "male", "lastName": "Lee", "id": "6469085", "bio": "", "photo": {"prefix": "https://igx.4sqi.net/img/user/", "suffix": "/blank_boy.png", "default": true}, "homeCity": "Singapore", "lists": {"groups": [{"items": [], "count": 2, "type": "created"}]}}], "count": 62}, "checksum": "59fe3fe06d9b1155c917fe4d26816529cf59749c"}, "meta": {"requestId": "5965c2cbdd57972d2be0a303", "code": 200}}