{"notifications": [{"type": "notificationTray", "item": {"unreadCount": 0}}], "response": {"friends": {"items": [{"tips": {"count": 3}, "contact": {}, "firstName": "Linda", "gender": "female", "id": "4329892", "bio": "", "photo": {"prefix": "https://igx.4sqi.net/img/user/", "suffix": "/4329892-DNT32NOY3NSXVDIH"}, "homeCity": "Jakarta, Indonesia", "lists": {"groups": [{"items": [], "count": 7, "type": "created"}]}}, {"tips": {"count": 0}, "contact": {"twitter": "febymargaretha"}, "firstName": "Feby", "gender": "female", "lastName": "Sitompul", "id": "6743146", "bio": "", "photo": {"prefix": "https://igx.4sqi.net/img/user/", "suffix": "/3VDT200V2VCEPYKE.jpg"}, "homeCity": "Padang, Indonesia", "lists": {"groups": [{"items": [], "count": 2, "type": "created"}]}}, {"tips": {"count": 5}, "contact": {"twitter": "suryadiwakawaka", "facebook": "1074096814"}, "firstName": "Suryadi", "gender": "male", "lastName": "Shen", "id": "19111467", "bio": "", "photo": {"prefix": "https://igx.4sqi.net/img/user/", "suffix": "/DCOMOJZB4HGKSKHJ.jpg"}, "homeCity": "Singapore", "lists": {"groups": [{"items": [], "count": 2, "type": "created"}]}}, {"tips": {"count": 0}, "contact": {"twitter": "albert_hans"}, "firstName": "Albert", "gender": "male", "lastName": "Hans", "id": "8076821", "bio": "", "photo": {"prefix": "https://igx.4sqi.net/img/user/", "suffix": "/XI3SEM3RLHMIVQ1J.jpg"}, "homeCity": "Singapore", "lists": {"groups": [{"items": [], "count": 2, "type": "created"}]}}, {"tips": {"count": 0}, "contact": {"twitter": "ritchieleexpert", "facebook": "1593504546"}, "firstName": "Ritchie", "gender": "male", "lastName": "Leexpert", "id": "5610426", "bio": "", "photo": {"prefix": "https://igx.4sqi.net/img/user/", "suffix": "/CJFZCFTRRDKSBUW5.jpg"}, "homeCity": "Pekan Baru, Indonesia", "lists": {"groups": [{"items": [], "count": 2, "type": "created"}]}}, {"tips": {"count": 4}, "contact": {"twitter": "elismonzz", "facebook": "10201788404629289"}, "firstName": "Elis Orita Arlie", "gender": "female", "id": "1863134", "bio": "", "photo": {"prefix": "https://igx.4sqi.net/img/user/", "suffix": "/1863134-Z4YIOWSYPII5YYUD.jpg"}, "homeCity": "Indonesia", "lists": {"groups": [{"items": [], "count": 2, "type": "created"}]}}, {"tips": {"count": 9}, "contact": {"twitter": "joannalimei", "facebook": "725142308"}, "firstName": "Joanna", "gender": "female", "lastName": "Wang", "id": "5190114", "bio": "", "photo": {"prefix": "https://igx.4sqi.net/img/user/", "suffix": "/YG3Q1IQK31ZIBWZB.jpg"}, "homeCity": "Singapore", "lists": {"groups": [{"items": [], "count": 3, "type": "created"}]}}, {"tips": {"count": 18}, "contact": {}, "firstName": "Fransiska", "gender": "female", "lastName": "Siska", "id": "4507189", "bio": "", "photo": {"prefix": "https://igx.4sqi.net/img/user/", "suffix": "/MYVQSB112UDNLU5N.jpg"}, "homeCity": "Yogyakarta, Indonesia", "lists": {"groups": [{"items": [], "count": 2, "type": "created"}]}}, {"tips": {"count": 0}, "contact": {"twitter": "davinwong", "facebook": "657311869"}, "firstName": "Davin", "gender": "male", "lastName": "Wong", "id": "3322201", "bio": "", "photo": {"prefix": "https://igx.4sqi.net/img/user/", "suffix": "/3322201-BCCD2JQ0XULMTYDB.jpg"}, "homeCity": "Medan, Indonesia", "lists": {"groups": [{"items": [], "count": 2, "type": "created"}]}}, {"tips": {"count": 0}, "contact": {"twitter": "forgivemysins"}, "firstName": "alfiro", "gender": "male", "lastName": "afrindo", "id": "966599", "bio": "", "photo": {"prefix": "https://igx.4sqi.net/img/user/", "suffix": "/41Z3XJWEN1U5UALT.jpg"}, "homeCity": "Palembang, Indonesia", "lists": {"groups": [{"items": [], "count": 2, "type": "created"}]}}, {"tips": {"count": 12}, "contact": {"twitter": "aberttan", "facebook": "1378394309"}, "firstName": "Albert", "gender": "male", "lastName": "Surya T", "id": "2441688", "bio": "", "photo": {"prefix": "https://igx.4sqi.net/img/user/", "suffix": "/20TNOYMTW2JVYYSB.jpg"}, "homeCity": "Banjarmasin, Indonesia", "lists": {"groups": [{"items": [], "count": 2, "type": "created"}]}}, {"tips": {"count": 1}, "contact": {"facebook": "100000093995883"}, "firstName": "Sadrakh", "gender": "male", "lastName": "Anthony", "id": "16591081", "bio": "", "photo": {"prefix": "https://igx.4sqi.net/img/user/", "suffix": "/2DI32DJSCGSOQXT3.jpg"}, "homeCity": "Medan, Indonesia", "lists": {"groups": [{"items": [], "count": 2, "type": "created"}]}}, {"tips": {"count": 1}, "contact": {"twitter": "jnzl523", "facebook": "1032399780"}, "firstName": "Joey", "gender": "female", "lastName": "Ng", "id": "6178781", "bio": "", "photo": {"prefix": "https://igx.4sqi.net/img/user/", "suffix": "/0YCRJH0G04PDHFPH.jpg"}, "homeCity": "Singapore", "lists": {"groups": [{"items": [], "count": 2, "type": "created"}]}}, {"tips": {"count": 0}, "contact": {"twitter": "joshk7", "facebook": "521862572"}, "firstName": "Josiah", "gender": "male", "lastName": "Kalangie", "id": "8400819", "bio": "", "photo": {"prefix": "https://igx.4sqi.net/img/user/", "suffix": "/blank_boy.png", "default": true}, "homeCity": "Singapore", "lists": {"groups": [{"items": [], "count": 2, "type": "created"}]}}, {"tips": {"count": 0}, "contact": {"facebook": "100000126668605"}, "firstName": "alex", "gender": "male", "lastName": "sihite", "id": "5717067", "bio": "", "photo": {"prefix": "https://igx.4sqi.net/img/user/", "suffix": "/RWQ1I5OKPU3OQ2DX.jpg"}, "homeCity": "Pekan Baru, Indonesia", "lists": {"groups": [{"items": [], "count": 2, "type": "created"}]}}, {"tips": {"count": 4}, "contact": {"twitter": "oiinkzone"}, "firstName": "Nevaeh", "gender": "female", "lastName": "Quanesha", "id": "1406933", "bio": "", "photo": {"prefix": "https://igx.4sqi.net/img/user/", "suffix": "/1FFJGVEJVRXJ4BHG.jpg"}, "homeCity": "Singapore", "lists": {"groups": [{"items": [], "count": 2, "type": "created"}]}}, {"tips": {"count": 52}, "contact": {"facebook": "1758434241053486"}, "firstName": "Kristina", "gender": "female", "lastName": "Theo", "id": "2604771", "bio": "", "photo": {"prefix": "https://igx.4sqi.net/img/user/", "suffix": "/2604771-TY5EFSRQ32WU4M5F.jpg"}, "homeCity": "Indonesia", "lists": {"groups": [{"items": [], "count": 5, "type": "created"}]}}, {"tips": {"count": 1}, "contact": {"twitter": "juniuzz", "facebook": "1175427447"}, "firstName": "Junius", "gender": "male", "lastName": "C", "id": "6219463", "bio": "", "photo": {"prefix": "https://igx.4sqi.net/img/user/", "suffix": "/SYHTZZ2APTAV0NYK.jpg"}, "homeCity": "Pekan Baru, Indonesia", "lists": {"groups": [{"items": [], "count": 2, "type": "created"}]}}, {"tips": {"count": 15}, "contact": {"twitter": "xprincesssherly", "facebook": "100000022341774"}, "firstName": "PRINCESS SHERLY", "gender": "female", "id": "5973609", "bio": "", "photo": {"prefix": "https://igx.4sqi.net/img/user/", "suffix": "/5973609-N42W5CYOOCG1MAJB.jpg"}, "homeCity": "Melbourne, australia", "lists": {"groups": [{"items": [], "count": 4, "type": "created"}]}}, {"tips": {"count": 1}, "contact": {"facebook": "100001020982202"}, "firstName": "JuLz", "gender": "male", "lastName": "Caesar II", "id": "2585438", "bio": "Success is about doing not wishing !!", "photo": {"prefix": "https://igx.4sqi.net/img/user/", "suffix": "/VAR4H52OEZZ2QPSB.jpg"}, "homeCity": "Singapore", "lists": {"groups": [{"items": [], "count": 2, "type": "created"}]}}, {"tips": {"count": 1}, "contact": {"twitter": "prana_lim", "facebook": "1583187714"}, "firstName": "Prana", "gender": "male", "lastName": "Lim", "id": "4446376", "bio": "", "photo": {"prefix": "https://igx.4sqi.net/img/user/", "suffix": "/3ZMFGJZ0QIOGKPRL.jpg"}, "homeCity": "Medan, Indonesia", "lists": {"groups": [{"items": [], "count": 2, "type": "created"}]}}, {"tips": {"count": 0}, "contact": {}, "firstName": "Patrick", "gender": "male", "lastName": "Salim", "id": "12722501", "bio": "", "photo": {"prefix": "https://igx.4sqi.net/img/user/", "suffix": "/blank_boy.png", "default": true}, "homeCity": "Singapore", "lists": {"groups": [{"items": [], "count": 2, "type": "created"}]}}, {"tips": {"count": 0}, "contact": {"twitter": "ipaand", "facebook": "1027430545"}, "firstName": "Ivand", "gender": "male", "lastName": "Hintingo", "id": "13402515", "bio": "", "photo": {"prefix": "https://igx.4sqi.net/img/user/", "suffix": "/HKHOVUCQFFUA5E5R.jpg"}, "homeCity": "Pekan Baru, Indonesia", "lists": {"groups": [{"items": [], "count": 2, "type": "created"}]}}, {"tips": {"count": 10}, "contact": {"twitter": "rendy_rahadian", "facebook": "1139786445"}, "firstName": "Rendy", "gender": "male", "lastName": "Rahadian", "id": "3235933", "bio": "\u2665 Jesus Christ \u2665 @yovanka_kirani \u2665 My FamiLy \u2665 All my friends \u2665 \uf8eb pin:27FC0676", "photo": {"prefix": "https://igx.4sqi.net/img/user/", "suffix": "/GGUZCBNIJZWB2OIY.jpg"}, "homeCity": "Malang, Indonesia", "lists": {"groups": [{"items": [], "count": 2, "type": "created"}]}}, {"tips": {"count": 0}, "contact": {"twitter": "ariuswijaya", "facebook": "1470229850"}, "firstName": "Arius", "gender": "male", "lastName": "Wijaya", "id": "4446700", "bio": "", "photo": {"prefix": "https://igx.4sqi.net/img/user/", "suffix": "/BREYZBCZCLMK3HH3.jpg"}, "homeCity": "", "lists": {"groups": [{"items": [], "count": 2, "type": "created"}]}}, {"tips": {"count": 0}, "contact": {"twitter": "gre_vin", "facebook": "1606830729"}, "firstName": "Greffin", "gender": "male", "lastName": "Vincent", "id": "3607986", "bio": "Petroleum Engineering UPN Yogyakarta 2012", "photo": {"prefix": "https://igx.4sqi.net/img/user/", "suffix": "/3607986-AJ53AXKYX1VT4WDL.jpg"}, "homeCity": "Pekanbaru, Indonesia", "lists": {"groups": [{"items": [], "count": 2, "type": "created"}]}}, {"tips": {"count": 0}, "contact": {}, "firstName": "chelsea", "gender": "female", "lastName": "zhng", "id": "5540289", "bio": "", "photo": {"prefix": "https://igx.4sqi.net/img/user/", "suffix": "/J3FUCLCFMJVHXJBQ.jpg"}, "homeCity": "Medan, Indonesia", "lists": {"groups": [{"items": [], "count": 2, "type": "created"}]}}, {"tips": {"count": 0}, "contact": {"facebook": "1789560124"}, "firstName": "Sherly", "gender": "female", "lastName": "Chosisca", "id": "4087171", "bio": "", "photo": {"prefix": "https://igx.4sqi.net/img/user/", "suffix": "/KYX4YV3X55LGGHUB.jpg"}, "homeCity": "Pekanbaru, Riau", "lists": {"groups": [{"items": [], "count": 2, "type": "created"}]}}, {"tips": {"count": 0}, "contact": {"twitter": "immanuelzaluchu", "facebook": "1841067173"}, "firstName": "immanuel", "gender": "male", "lastName": "zaluchu", "id": "6426042", "bio": "", "photo": {"prefix": "https://igx.4sqi.net/img/user/", "suffix": "/02WWH2CD3SXVRLFL.jpg"}, "homeCity": "Riau, Indonesia", "lists": {"groups": [{"items": [], "count": 2, "type": "created"}]}}, {"tips": {"count": 4}, "contact": {"facebook": "1785784922"}, "firstName": "Ges", "gender": "female", "lastName": "Hutauruk", "id": "5741563", "bio": "", "photo": {"prefix": "https://igx.4sqi.net/img/user/", "suffix": "/2YADH1R1QPR3V0XT.jpg"}, "homeCity": "Pekan Baru, Indonesia", "lists": {"groups": [{"items": [], "count": 2, "type": "created"}]}}, {"tips": {"count": 0}, "contact": {"twitter": "vivimirwan", "facebook": "655087207"}, "firstName": "Vivi", "gender": "female", "lastName": "Mirwan", "id": "5964946", "bio": "", "photo": {"prefix": "https://igx.4sqi.net/img/user/", "suffix": "/OV12JJ3IAYOX4KT3.jpg"}, "homeCity": "Singapore", "lists": {"groups": [{"items": [], "count": 2, "type": "created"}]}}], "count": 31}, "checksum": "8171f1ad64aede46ad2e4b2877aa6c4719281462"}, "meta": {"requestId": "5966273b1ed2191a00b06d00", "code": 200}}