{"notifications": [{"type": "notificationTray", "item": {"unreadCount": 0}}], "response": {"friends": {"items": [{"tips": {"count": 8}, "contact": {"twitter": "snnngorious", "facebook": "756893882"}, "firstName": "Yixin", "gender": "female", "lastName": "Sng", "id": "1367476", "bio": "", "photo": {"prefix": "https://igx.4sqi.net/img/user/", "suffix": "/YYWED0ZUV5R2LSVX.jpg"}, "homeCity": "Serangoon Garden, Singapore", "lists": {"groups": [{"items": [], "count": 2, "type": "created"}]}}, {"tips": {"count": 0}, "contact": {"twitter": "brobear1985", "facebook": "1645382330"}, "firstName": "John", "gender": "male", "lastName": "Tan", "id": "4332183", "bio": "", "photo": {"prefix": "https://igx.4sqi.net/img/user/", "suffix": "/RPN2V1MDFG0HAMBG.jpg"}, "homeCity": "Singapore", "lists": {"groups": [{"items": [], "count": 2, "type": "created"}]}}, {"tips": {"count": 0}, "contact": {"twitter": "janewsmy", "facebook": "659581206"}, "firstName": "Jane", "gender": "female", "lastName": "WSM", "id": "1190370", "bio": "", "photo": {"prefix": "https://igx.4sqi.net/img/user/", "suffix": "/KIMYMBHB3HXGGPNB.jpg"}, "homeCity": "Singapore", "lists": {"groups": [{"items": [], "count": 2, "type": "created"}]}}, {"tips": {"count": 0}, "contact": {}, "firstName": "Sylvester", "gender": "male", "lastName": "Goh", "id": "25715149", "bio": "", "photo": {"prefix": "https://igx.4sqi.net/img/user/", "suffix": "/blank_boy.png", "default": true}, "homeCity": "New York, NY", "lists": {"groups": [{"items": [], "count": 2, "type": "created"}]}}, {"tips": {"count": 0}, "contact": {}, "firstName": "Liau", "gender": "male", "lastName": "JunXi", "id": "7652102", "bio": "", "photo": {"prefix": "https://igx.4sqi.net/img/user/", "suffix": "/blank_boy.png", "default": true}, "homeCity": "Singapore", "lists": {"groups": [{"items": [], "count": 2, "type": "created"}]}}, {"tips": {"count": 2}, "contact": {"twitter": "cosmichaos", "facebook": "501039653"}, "firstName": "Muhammad", "gender": "male", "lastName": "Zulfadhli", "id": "1335646", "bio": "", "photo": {"prefix": "https://igx.4sqi.net/img/user/", "suffix": "/1335646-F113SDM5X4VLING2.jpg"}, "homeCity": "Choa Chu Kang, Singapore", "lists": {"groups": [{"items": [], "count": 2, "type": "created"}]}}, {"tips": {"count": 2}, "contact": {"twitter": "elextrify", "facebook": "560731930"}, "firstName": "\u306a\u304a\u307f", "gender": "female", "id": "1420398", "bio": "girl with a one track mind\r\ni am your perestroika", "photo": {"prefix": "https://igx.4sqi.net/img/user/", "suffix": "/B24QEN1T5KUSGNXO.jpg"}, "homeCity": "London", "lists": {"groups": [{"items": [], "count": 2, "type": "created"}]}}, {"tips": {"count": 0}, "contact": {"twitter": "marcusnaw", "facebook": "671308191"}, "firstName": "Marcus", "gender": "male", "lastName": "Ng", "id": "5510184", "bio": "", "photo": {"prefix": "https://igx.4sqi.net/img/user/", "suffix": "/5510184-4CH4MDY2P5KMQRU4.jpg"}, "homeCity": "Singapore", "lists": {"groups": [{"items": [], "count": 2, "type": "created"}]}}, {"tips": {"count": 0}, "contact": {"facebook": "559175764"}, "firstName": "Michelle Melissa", "gender": "female", "lastName": "Sim", "id": "1931089", "bio": "", "photo": {"prefix": "https://igx.4sqi.net/img/user/", "suffix": "/1931089-C30POIAYV4DVAWXE"}, "homeCity": "Singapore", "lists": {"groups": [{"items": [], "count": 2, "type": "created"}]}}, {"tips": {"count": 1}, "contact": {}, "firstName": "Salmah", "gender": "none", "lastName": "Alsagoff", "id": "4237895", "bio": "", "photo": {"prefix": "https://igx.4sqi.net/img/user/", "suffix": "/RZMKXG4N2XO2FYDZ.jpg"}, "homeCity": "Singapore", "lists": {"groups": [{"items": [], "count": 2, "type": "created"}]}}, {"tips": {"count": 1}, "contact": {}, "firstName": "Kai Xiang", "gender": "male", "lastName": "Yeo", "id": "3060620", "bio": "", "photo": {"prefix": "https://igx.4sqi.net/img/user/", "suffix": "/T3UQOSI5IUQLNSIG.jpg"}, "homeCity": "Singapore, SG", "lists": {"groups": [{"items": [], "count": 2, "type": "created"}]}}, {"tips": {"count": 0}, "contact": {"twitter": "clareqsh", "facebook": "521332624"}, "firstName": "Clare", "gender": "female", "lastName": "QSH", "id": "3456119", "bio": "", "photo": {"prefix": "https://igx.4sqi.net/img/user/", "suffix": "/KJJOJ5CLGGN1WXPE.jpg"}, "homeCity": "Singapore", "lists": {"groups": [{"items": [], "count": 2, "type": "created"}]}}, {"tips": {"count": 0}, "contact": {}, "firstName": "Dj", "gender": "male", "lastName": "Kzee", "id": "3126343", "bio": "", "photo": {"prefix": "https://igx.4sqi.net/img/user/", "suffix": "/UL14LJ3POGM2LPM3.jpg"}, "homeCity": "Singapore", "lists": {"groups": [{"items": [], "count": 2, "type": "created"}]}}, {"tips": {"count": 50}, "contact": {"twitter": "daphnemaia", "facebook": "590335708"}, "firstName": "Daphne Maia", "gender": "female", "lastName": "Loo", "id": "129416", "bio": "Coffee \u2022 Powerlifting \u2022 @fortitudegym \u2022 \r\nDigital Marketing \u2022 Writer \u2022 Introvert \u2022", "photo": {"prefix": "https://igx.4sqi.net/img/user/", "suffix": "/129416-CE2O03KIZRMARIQW.jpg"}, "homeCity": "Singapore", "lists": {"groups": [{"items": [], "count": 6, "type": "created"}]}}, {"tips": {"count": 0}, "contact": {"facebook": "645924863"}, "firstName": "Anna", "gender": "female", "lastName": "Low", "id": "1755116", "bio": "", "photo": {"prefix": "https://igx.4sqi.net/img/user/", "suffix": "/HKTXBEOOPMBF2EZ2.jpg"}, "homeCity": "Newton, Singapore", "lists": {"groups": [{"items": [], "count": 2, "type": "created"}]}}, {"tips": {"count": 6}, "contact": {"twitter": "laksanaa"}, "firstName": "Daniel", "gender": "male", "lastName": "Laksana", "id": "879543", "bio": "", "photo": {"prefix": "https://igx.4sqi.net/img/user/", "suffix": "/JN5L4ZK1N4M05ZN0.jpg"}, "homeCity": "Singapore", "lists": {"groups": [{"items": [], "count": 3, "type": "created"}]}}, {"tips": {"count": 1}, "contact": {"twitter": "ashannmich", "facebook": "644794006"}, "firstName": "Ashleigh", "gender": "female", "lastName": "Ann Chong", "id": "2690290", "bio": "", "photo": {"prefix": "https://igx.4sqi.net/img/user/", "suffix": "/LDLEOG5NQWJYFBKQ.jpg"}, "homeCity": "Singapore", "lists": {"groups": [{"items": [], "count": 2, "type": "created"}]}}, {"tips": {"count": 0}, "contact": {"twitter": "rrrolickin", "facebook": "599316950"}, "firstName": "Rachel", "gender": "female", "lastName": "Ooi", "id": "20294867", "bio": "", "photo": {"prefix": "https://igx.4sqi.net/img/user/", "suffix": "/UICNNAGNEK1GL5WH.jpg"}, "homeCity": "New York, NY", "lists": {"groups": [{"items": [], "count": 2, "type": "created"}]}}, {"tips": {"count": 0}, "contact": {"twitter": "jeremyliang"}, "firstName": "Jeremy", "gender": "male", "lastName": "Liang", "id": "4350619", "bio": "", "photo": {"prefix": "https://igx.4sqi.net/img/user/", "suffix": "/4350619-R2VJKQHLEOUT1NHH.jpg"}, "homeCity": "Singapore", "lists": {"groups": [{"items": [], "count": 3, "type": "created"}]}}, {"tips": {"count": 0}, "contact": {}, "firstName": "Shann", "gender": "female", "lastName": "Lin", "id": "6799906", "bio": "", "photo": {"prefix": "https://igx.4sqi.net/img/user/", "suffix": "/1GMYD5Z3E5CCXCEV.jpg"}, "homeCity": "Singapore", "lists": {"groups": [{"items": [], "count": 2, "type": "created"}]}}, {"tips": {"count": 0}, "contact": {"facebook": "684998264"}, "firstName": "Yong", "gender": "female", "lastName": "Mizuki", "id": "7969430", "bio": "", "photo": {"prefix": "https://igx.4sqi.net/img/user/", "suffix": "/7969430-QSFTVP3KHM4GGARI.jpg"}, "homeCity": "Singapore", "lists": {"groups": [{"items": [], "count": 2, "type": "created"}]}}, {"tips": {"count": 0}, "contact": {}, "firstName": "Jazreel Th\u00e9r\u00e8se", "gender": "female", "lastName": "Wong", "id": "4414043", "bio": "", "photo": {"prefix": "https://igx.4sqi.net/img/user/", "suffix": "/ZHATZOSRAQRKGCUK.jpg"}, "homeCity": "Singapore", "lists": {"groups": [{"items": [], "count": 2, "type": "created"}]}}, {"tips": {"count": 1}, "contact": {"twitter": "brownyanmotion", "facebook": "100000005937265"}, "firstName": "Bryan J.", "gender": "male", "lastName": "K.", "id": "5662022", "bio": "Here and there.", "photo": {"prefix": "https://igx.4sqi.net/img/user/", "suffix": "/43N2DKPPKQM1PP4M.jpg"}, "homeCity": "Singapore", "lists": {"groups": [{"items": [], "count": 2, "type": "created"}]}}, {"tips": {"count": 0}, "contact": {}, "firstName": "Elda", "gender": "female", "lastName": "Yong", "id": "2366861", "bio": "", "photo": {"prefix": "https://igx.4sqi.net/img/user/", "suffix": "/HYFBZ4EXGL1RJPRD.jpg"}, "homeCity": "Singapore", "lists": {"groups": [{"items": [], "count": 2, "type": "created"}]}}, {"tips": {"count": 0}, "contact": {}, "firstName": "David", "gender": "male", "lastName": "Ng", "id": "4572982", "bio": "", "photo": {"prefix": "https://igx.4sqi.net/img/user/", "suffix": "/CEQW233YOGULGXCO.jpg"}, "homeCity": "Singapore", "lists": {"groups": [{"items": [], "count": 2, "type": "created"}]}}, {"tips": {"count": 6}, "contact": {"twitter": "jocelynfmw"}, "firstName": "Jocelyn", "gender": "female", "lastName": "Foo", "id": "4804902", "bio": "", "photo": {"prefix": "https://igx.4sqi.net/img/user/", "suffix": "/P3TM4CJNI1F3FLSJ.jpg"}, "homeCity": "Singapore", "lists": {"groups": [{"items": [], "count": 2, "type": "created"}]}}, {"tips": {"count": 0}, "contact": {}, "firstName": "Amelie", "gender": "female", "lastName": "Tan", "id": "3484092", "bio": "", "photo": {"prefix": "https://igx.4sqi.net/img/user/", "suffix": "/blank_girl.png", "default": true}, "homeCity": "Singapore", "lists": {"groups": [{"items": [], "count": 2, "type": "created"}]}}, {"tips": {"count": 0}, "contact": {"twitter": "cherylabel", "facebook": "773256928"}, "firstName": "Christabel", "gender": "female", "lastName": "Cheryl", "id": "4621267", "bio": "", "photo": {"prefix": "https://igx.4sqi.net/img/user/", "suffix": "/blank_girl.png", "default": true}, "homeCity": "Singapore", "lists": {"groups": [{"items": [], "count": 2, "type": "created"}]}}, {"tips": {"count": 1}, "contact": {"twitter": "boybernard"}, "firstName": "Bernard", "gender": "male", "lastName": "Goh", "id": "4206813", "bio": "", "photo": {"prefix": "https://igx.4sqi.net/img/user/", "suffix": "/DO3R1MJFXBLUMTT4.jpg"}, "homeCity": "Singapore", "lists": {"groups": [{"items": [], "count": 2, "type": "created"}]}}, {"tips": {"count": 3}, "contact": {"twitter": "lynnesther", "facebook": "733675907"}, "firstName": "Yang", "gender": "female", "lastName": "Xiting Lynn", "id": "932194", "bio": "", "photo": {"prefix": "https://igx.4sqi.net/img/user/", "suffix": "/R0MMXPE4BITMO2VQ.jpg"}, "homeCity": "Singapore", "lists": {"groups": [{"items": [], "count": 2, "type": "created"}]}}, {"tips": {"count": 0}, "contact": {"twitter": "alexawaw"}, "firstName": "Alex", "gender": "male", "lastName": "Aw", "id": "3432468", "bio": "", "photo": {"prefix": "https://igx.4sqi.net/img/user/", "suffix": "/K5SIG104HBQI2JG4.jpg"}, "homeCity": "Singapore", "lists": {"groups": [{"items": [], "count": 2, "type": "created"}]}}, {"tips": {"count": 0}, "contact": {"twitter": "gavinyeow"}, "firstName": "Gavin", "gender": "none", "lastName": "Yeow", "id": "4776940", "bio": "", "photo": {"prefix": "https://igx.4sqi.net/img/user/", "suffix": "/3PAHWEEOIJAJCLTY.jpg"}, "homeCity": "Singapore", "lists": {"groups": [{"items": [], "count": 2, "type": "created"}]}}, {"tips": {"count": 0}, "contact": {"twitter": "panickkkk", "facebook": "525776518"}, "firstName": "Nick", "gender": "male", "lastName": "Lim", "id": "7210214", "bio": "", "photo": {"prefix": "https://igx.4sqi.net/img/user/", "suffix": "/5MKHR3IYX42YTHPH.jpg"}, "homeCity": "Singapore", "lists": {"groups": [{"items": [], "count": 2, "type": "created"}]}}, {"tips": {"count": 0}, "contact": {"facebook": "655881121"}, "firstName": "Eric", "gender": "male", "lastName": "Tan", "id": "4420454", "bio": "", "photo": {"prefix": "https://igx.4sqi.net/img/user/", "suffix": "/IQFSOBOVPBNEHSPO.jpg"}, "homeCity": "Singapore", "lists": {"groups": [{"items": [], "count": 2, "type": "created"}]}}, {"tips": {"count": 0}, "contact": {}, "firstName": "Shawn", "gender": "male", "lastName": "Ting", "id": "5736916", "bio": "", "photo": {"prefix": "https://igx.4sqi.net/img/user/", "suffix": "/I3KCH4FXSWWUWKMV.jpg"}, "homeCity": "Singapore", "lists": {"groups": [{"items": [], "count": 2, "type": "created"}]}}, {"tips": {"count": 0}, "contact": {"twitter": "bernice_lim", "facebook": "722224102"}, "firstName": "Bernice", "gender": "female", "lastName": "Lim", "id": "2742299", "bio": "", "photo": {"prefix": "https://igx.4sqi.net/img/user/", "suffix": "/2Q03SSK5EZ41QLUD.jpg"}, "homeCity": "Singapore", "lists": {"groups": [{"items": [], "count": 2, "type": "created"}]}}, {"tips": {"count": 0}, "contact": {"facebook": "703303367"}, "firstName": "Zachary", "gender": "male", "lastName": "Lee", "id": "4913269", "bio": "", "photo": {"prefix": "https://igx.4sqi.net/img/user/", "suffix": "/OQ5E3FQNUOSS4T23.jpg"}, "homeCity": "Singapore", "lists": {"groups": [{"items": [], "count": 2, "type": "created"}]}}, {"tips": {"count": 1}, "contact": {"twitter": "cherylashhhh", "facebook": "330064747199169"}, "firstName": "Cheryl", "gender": "female", "lastName": "Ashlynn", "id": "8087266", "bio": "Haunting melody of the insane.", "photo": {"prefix": "https://igx.4sqi.net/img/user/", "suffix": "/8087266-GOODVVX3PHO41KIR.jpg"}, "homeCity": "Singapore", "lists": {"groups": [{"items": [], "count": 2, "type": "created"}]}}, {"tips": {"count": 0}, "contact": {"twitter": "synsofly"}, "firstName": "Syndris", "gender": "female", "lastName": "Goh", "id": "5036747", "bio": "", "photo": {"prefix": "https://igx.4sqi.net/img/user/", "suffix": "/3NLYKQFKWME3GCMN.jpg"}, "homeCity": "Singapore", "lists": {"groups": [{"items": [], "count": 2, "type": "created"}]}}, {"tips": {"count": 1}, "contact": {"twitter": "fazrocksyrworld", "facebook": "555476527"}, "firstName": "Fazrul", "gender": "male", "lastName": "Muhamad", "id": "4685717", "bio": "", "photo": {"prefix": "https://igx.4sqi.net/img/user/", "suffix": "/KV1OSNU3DUI32GZE.jpg"}, "homeCity": "Singapore", "lists": {"groups": [{"items": [], "count": 2, "type": "created"}]}}, {"tips": {"count": 0}, "contact": {"twitter": "roderickc", "facebook": "618037331"}, "firstName": "Roderick", "gender": "male", "id": "4220529", "bio": "", "photo": {"prefix": "https://igx.4sqi.net/img/user/", "suffix": "/TMD0OFU2HM0YCQQ2.jpg"}, "homeCity": "Singapore", "lists": {"groups": [{"items": [], "count": 2, "type": "created"}]}}, {"tips": {"count": 0}, "contact": {"twitter": "andreaseet"}, "firstName": "Andrea", "gender": "female", "lastName": "Seet", "id": "1073098", "bio": "", "photo": {"prefix": "https://igx.4sqi.net/img/user/", "suffix": "/KTBDSHKUGMWKZP02.jpg"}, "homeCity": "Singapore", "lists": {"groups": [{"items": [], "count": 2, "type": "created"}]}}, {"tips": {"count": 0}, "contact": {"facebook": "554726028"}, "firstName": "Nur", "gender": "female", "lastName": "Aniszah", "id": "3497204", "bio": "", "photo": {"prefix": "https://igx.4sqi.net/img/user/", "suffix": "/1O2LABRNEHKQFDOU.jpg"}, "homeCity": "Singapore", "lists": {"groups": [{"items": [], "count": 2, "type": "created"}]}}, {"tips": {"count": 0}, "contact": {}, "firstName": "romeo", "gender": "male", "lastName": "loh", "id": "6272363", "bio": "", "photo": {"prefix": "https://igx.4sqi.net/img/user/", "suffix": "/2BT5QBVP315RS2FD.jpg"}, "homeCity": "Singapore", "lists": {"groups": [{"items": [], "count": 2, "type": "created"}]}}, {"tips": {"count": 0}, "contact": {"twitter": "jeftanyy", "facebook": "753139070"}, "firstName": "Jef", "gender": "male", "lastName": "Tan Yiyang", "id": "11055297", "bio": "", "photo": {"prefix": "https://igx.4sqi.net/img/user/", "suffix": "/KQUU4WG1UHB2D4I1.jpg"}, "homeCity": "Singapore", "lists": {"groups": [{"items": [], "count": 2, "type": "created"}]}}, {"tips": {"count": 7}, "contact": {}, "firstName": "Dray", "gender": "male", "lastName": "Yong", "id": "7517729", "bio": "", "photo": {"prefix": "https://igx.4sqi.net/img/user/", "suffix": "/0BRKHXVR4ZFMJFIX.jpg"}, "homeCity": "Singapore", "lists": {"groups": [{"items": [], "count": 2, "type": "created"}]}}, {"tips": {"count": 1}, "contact": {"twitter": "mwyonghua", "facebook": "552623834"}, "firstName": "Michael", "gender": "male", "lastName": "Walker", "id": "5899118", "bio": "", "photo": {"prefix": "https://igx.4sqi.net/img/user/", "suffix": "/GP1UREW0154SHFZ5.jpg"}, "homeCity": "Singapore", "lists": {"groups": [{"items": [], "count": 2, "type": "created"}]}}, {"tips": {"count": 0}, "contact": {}, "firstName": "Sunrise", "gender": "male", "lastName": "Yeo", "id": "3578347", "bio": "", "photo": {"prefix": "https://igx.4sqi.net/img/user/", "suffix": "/NLJMZG2PDVAWH30C.jpg"}, "homeCity": "Singapore", "lists": {"groups": [{"items": [], "count": 2, "type": "created"}]}}, {"tips": {"count": 0}, "contact": {"twitter": "haydenim", "facebook": "725864005"}, "firstName": "Hayden", "gender": "male", "lastName": "Ng Yeuk Hang", "id": "5168373", "bio": "", "photo": {"prefix": "https://igx.4sqi.net/img/user/", "suffix": "/4WZL1FSYOTHGQDCU.jpg"}, "homeCity": "Singapore", "lists": {"groups": [{"items": [], "count": 2, "type": "created"}]}}, {"tips": {"count": 0}, "contact": {"twitter": "leiyisaurus"}, "firstName": "Hailey", "gender": "female", "lastName": "Chan", "id": "8250274", "bio": "", "photo": {"prefix": "https://igx.4sqi.net/img/user/", "suffix": "/S5S4HE3YRIF1IDVP.jpg"}, "homeCity": "Singapore", "lists": {"groups": [{"items": [], "count": 2, "type": "created"}]}}, {"tips": {"count": 0}, "contact": {"facebook": "1352645610"}, "firstName": "Irene", "gender": "female", "lastName": "Hay", "id": "4390245", "bio": "", "photo": {"prefix": "https://igx.4sqi.net/img/user/", "suffix": "/YH4PYTNE1SHGSJF4.jpg"}, "homeCity": "Singapore", "lists": {"groups": [{"items": [], "count": 2, "type": "created"}]}}, {"tips": {"count": 0}, "contact": {"twitter": "jamzxz", "facebook": "710065966"}, "firstName": "Jamie", "gender": "female", "lastName": "Chow", "id": "1117634", "bio": "Meow \ud83d\udc31", "photo": {"prefix": "https://igx.4sqi.net/img/user/", "suffix": "/1117634-512RTGSSE5UQSUWH.jpg"}, "homeCity": "Singapore", "lists": {"groups": [{"items": [], "count": 2, "type": "created"}]}}, {"tips": {"count": 0}, "contact": {}, "firstName": "Clare", "gender": "female", "lastName": "Serhui", "id": "3856607", "bio": "", "photo": {"prefix": "https://igx.4sqi.net/img/user/", "suffix": "/blank_girl.png", "default": true}, "homeCity": "Singapore", "lists": {"groups": [{"items": [], "count": 2, "type": "created"}]}}, {"tips": {"count": 0}, "contact": {}, "firstName": "felice", "gender": "female", "lastName": "yap", "id": "6295504", "bio": "", "photo": {"prefix": "https://igx.4sqi.net/img/user/", "suffix": "/ZLU3J3A0MRHER3XL.jpg"}, "homeCity": "Singapore", "lists": {"groups": [{"items": [], "count": 2, "type": "created"}]}}, {"tips": {"count": 4}, "contact": {"facebook": "609141351"}, "firstName": "Bryan", "gender": "male", "lastName": "Lee", "id": "5921895", "bio": "", "photo": {"prefix": "https://igx.4sqi.net/img/user/", "suffix": "/FKKKGZBL2EYH5VA4.jpg"}, "homeCity": "Singapore", "lists": {"groups": [{"items": [], "count": 2, "type": "created"}]}}, {"tips": {"count": 149}, "contact": {"twitter": "clride", "facebook": "10155694125995615"}, "firstName": "Karen", "gender": "female", "lastName": "L.", "id": "3595710", "bio": "", "photo": {"prefix": "https://igx.4sqi.net/img/user/", "suffix": "/3POB4IABOOPHCXLG.jpg"}, "homeCity": "Singapore", "lists": {"groups": [{"items": [], "count": 2, "type": "created"}]}}, {"tips": {"count": 2}, "contact": {"twitter": "seansuntan", "facebook": "729127383"}, "firstName": "Sean", "gender": "male", "lastName": "Tan", "id": "5191774", "bio": "", "photo": {"prefix": "https://igx.4sqi.net/img/user/", "suffix": "/AYXCIQWL2FP1WEBO.jpg"}, "homeCity": "Singapore", "lists": {"groups": [{"items": [], "count": 2, "type": "created"}]}}, {"tips": {"count": 0}, "contact": {"twitter": "laughinsheenana", "facebook": "557497032"}, "firstName": "Sheena", "gender": "female", "lastName": "Lau", "id": "9898124", "bio": "", "photo": {"prefix": "https://igx.4sqi.net/img/user/", "suffix": "/ALRACMO2GTMFQ0IQ.jpg"}, "homeCity": "Singapore", "lists": {"groups": [{"items": [], "count": 2, "type": "created"}]}}, {"tips": {"count": 0}, "contact": {"twitter": "wajihahwestwick"}, "firstName": "Wajihah", "gender": "female", "lastName": "Westwick", "id": "9227125", "bio": "", "photo": {"prefix": "https://igx.4sqi.net/img/user/", "suffix": "/WIHYROMJDKVNGYNP.jpg"}, "homeCity": "Singapore", "lists": {"groups": [{"items": [], "count": 2, "type": "created"}]}}, {"tips": {"count": 0}, "contact": {"twitter": "tiantze"}, "firstName": "Ryan", "gender": "male", "lastName": "Reid", "id": "1130417", "bio": "", "photo": {"prefix": "https://igx.4sqi.net/img/user/", "suffix": "/XG2Z5S10BGAWDS5J.jpg"}, "homeCity": "Singapore", "lists": {"groups": [{"items": [], "count": 2, "type": "created"}]}}, {"tips": {"count": 2}, "contact": {}, "firstName": "Jarrett", "gender": "male", "lastName": "lee", "id": "3887007", "bio": "", "photo": {"prefix": "https://igx.4sqi.net/img/user/", "suffix": "/FZLE3MKSIF4DFB0C.jpg"}, "homeCity": "Singapore", "lists": {"groups": [{"items": [], "count": 2, "type": "created"}]}}, {"tips": {"count": 17}, "contact": {"twitter": "manfreko", "facebook": "10206024994698058"}, "firstName": "Manfred Lim", "gender": "male", "id": "6297647", "bio": "", "photo": {"prefix": "https://igx.4sqi.net/img/user/", "suffix": "/WCFGD4CWH250DEEK.jpg"}, "homeCity": "Singapore", "lists": {"groups": [{"items": [], "count": 3, "type": "created"}]}}, {"tips": {"count": 0}, "contact": {}, "firstName": "Janice", "gender": "female", "id": "6103856", "bio": "", "photo": {"prefix": "https://igx.4sqi.net/img/user/", "suffix": "/blank_girl.png", "default": true}, "homeCity": "Singapore", "lists": {"groups": [{"items": [], "count": 2, "type": "created"}]}}, {"tips": {"count": 6}, "contact": {"twitter": "wasikengwee"}, "firstName": "KENGWEE", "gender": "male", "id": "3656345", "bio": "", "photo": {"prefix": "https://igx.4sqi.net/img/user/", "suffix": "/3656345-WUNPVZ0R0ERKMCKY.jpg"}, "homeCity": "Singapore", "lists": {"groups": [{"items": [], "count": 6, "type": "created"}]}}, {"tips": {"count": 1}, "contact": {"twitter": "jensupadupafly", "facebook": "520001722"}, "firstName": "J\u00ebn", "gender": "male", "lastName": "Diuleilomo", "id": "9230338", "bio": "", "photo": {"prefix": "https://igx.4sqi.net/img/user/", "suffix": "/DARLEFBVSX1WTPTR.jpg"}, "homeCity": "Singapore", "lists": {"groups": [{"items": [], "count": 2, "type": "created"}]}}, {"tips": {"count": 0}, "contact": {"twitter": "blackboos", "facebook": "566528852"}, "firstName": "Ryan", "gender": "male", "lastName": "Yap", "id": "1250384", "bio": "", "photo": {"prefix": "https://igx.4sqi.net/img/user/", "suffix": "/YQOMT14AHRMCSNEW.png"}, "homeCity": "Singapore", "lists": {"groups": [{"items": [], "count": 2, "type": "created"}]}}, {"tips": {"count": 0}, "contact": {"twitter": "iamcjb", "facebook": "535973281"}, "firstName": "JianBao", "gender": "male", "lastName": "Chua", "id": "4489414", "bio": "", "photo": {"prefix": "https://igx.4sqi.net/img/user/", "suffix": "/blank_boy.png", "default": true}, "homeCity": "Singapore", "lists": {"groups": [{"items": [], "count": 2, "type": "created"}]}}, {"tips": {"count": 0}, "contact": {}, "firstName": "Deez", "gender": "female", "lastName": "Deedadee", "id": "3952391", "bio": "", "photo": {"prefix": "https://igx.4sqi.net/img/user/", "suffix": "/V4II03MKETMUKFON.jpg"}, "homeCity": "Singapore", "lists": {"groups": [{"items": [], "count": 2, "type": "created"}]}}, {"tips": {"count": 0}, "contact": {"facebook": "707735832"}, "firstName": "uk", "gender": "male", "lastName": "graig", "id": "1257101", "bio": "", "photo": {"prefix": "https://igx.4sqi.net/img/user/", "suffix": "/D3TB24ZS0O2OYWQA.jpg"}, "homeCity": "Bukit Timah, Singapore", "lists": {"groups": [{"items": [], "count": 2, "type": "created"}]}}, {"tips": {"count": 0}, "contact": {"twitter": "charmaineeyy", "facebook": "548963348"}, "firstName": "Charmaine", "gender": "female", "lastName": "Lim", "id": "4490373", "bio": "", "photo": {"prefix": "https://igx.4sqi.net/img/user/", "suffix": "/5TBX3UDOHRMH04MG.jpg"}, "homeCity": "Singapore", "lists": {"groups": [{"items": [], "count": 2, "type": "created"}]}}, {"tips": {"count": 1}, "contact": {"twitter": "sbashley", "facebook": "1241934551"}, "firstName": "Ashley", "gender": "female", "lastName": "Goh", "id": "4975620", "bio": "", "photo": {"prefix": "https://igx.4sqi.net/img/user/", "suffix": "/KUPB5L2CZCFIQPFA.jpg"}, "homeCity": "Unnamed Location", "lists": {"groups": [{"items": [], "count": 2, "type": "created"}]}}, {"tips": {"count": 0}, "contact": {"twitter": "sheilalexis"}, "firstName": "Sheila", "gender": "female", "lastName": "Seah", "id": "1506508", "bio": "", "photo": {"prefix": "https://igx.4sqi.net/img/user/", "suffix": "/142NZU4MBDW5RZEV.jpg"}, "homeCity": "Singapore", "lists": {"groups": [{"items": [], "count": 2, "type": "created"}]}}, {"tips": {"count": 4}, "contact": {}, "firstName": "Dingren", "gender": "male", "lastName": "Huang", "id": "4501366", "bio": "", "photo": {"prefix": "https://igx.4sqi.net/img/user/", "suffix": "/FPM1HT12YBYNIOVR.jpg"}, "homeCity": "Singapore", "lists": {"groups": [{"items": [], "count": 2, "type": "created"}]}}, {"tips": {"count": 0}, "contact": {"facebook": "729712293"}, "firstName": "Jayf", "gender": "male", "lastName": "Soh", "id": "5050310", "bio": "", "photo": {"prefix": "https://igx.4sqi.net/img/user/", "suffix": "/blank_boy.png", "default": true}, "homeCity": "Singapore", "lists": {"groups": [{"items": [], "count": 2, "type": "created"}]}}, {"tips": {"count": 5}, "contact": {}, "firstName": "Khairul", "gender": "male", "lastName": "Mohamad", "id": "1707876", "bio": "", "photo": {"prefix": "https://igx.4sqi.net/img/user/", "suffix": "/5CPCUVA5U1G4IJBK.jpg"}, "homeCity": "Singapore", "lists": {"groups": [{"items": [], "count": 2, "type": "created"}]}}, {"tips": {"count": 7}, "contact": {"twitter": "joeypinkk", "facebook": "1461271704"}, "firstName": "Pink", "gender": "female", "lastName": "Joey", "id": "4762769", "bio": "", "photo": {"prefix": "https://igx.4sqi.net/img/user/", "suffix": "/4762769-2VF054DTMX5OXNSZ.jpg"}, "homeCity": "Singapore", "lists": {"groups": [{"items": [], "count": 2, "type": "created"}]}}, {"tips": {"count": 0}, "contact": {"twitter": "aliachua"}, "firstName": "Alia", "gender": "female", "id": "5324509", "bio": "", "photo": {"prefix": "https://igx.4sqi.net/img/user/", "suffix": "/ISQOCDNDYY0RWH3W.jpg"}, "homeCity": "Singapore", "lists": {"groups": [{"items": [], "count": 2, "type": "created"}]}}, {"tips": {"count": 2}, "contact": {"twitter": "alphonsusloh", "facebook": "637685551"}, "firstName": "Alphonsus", "gender": "male", "lastName": "Loh", "id": "2423612", "bio": "", "photo": {"prefix": "https://igx.4sqi.net/img/user/", "suffix": "/MMEERNCV32CCQMLA.jpg"}, "homeCity": "Singapore", "lists": {"groups": [{"items": [], "count": 2, "type": "created"}]}}, {"tips": {"count": 4}, "contact": {"twitter": "gibbygibgibb", "facebook": "557956664"}, "firstName": "gibston", "gender": "male", "lastName": "lim", "id": "5298830", "bio": "", "photo": {"prefix": "https://igx.4sqi.net/img/user/", "suffix": "/10KD2WQVDJWWDROO.jpg"}, "homeCity": "Singapore", "lists": {"groups": [{"items": [], "count": 2, "type": "created"}]}}, {"tips": {"count": 2}, "contact": {"twitter": "oofffyy", "facebook": "543951073"}, "firstName": "val", "gender": "female", "lastName": "chia", "id": "3088945", "bio": "", "photo": {"prefix": "https://igx.4sqi.net/img/user/", "suffix": "/3088945-R40VIOBO5BIXGC0K.jpg"}, "homeCity": "Singapore", "lists": {"groups": [{"items": [], "count": 2, "type": "created"}]}}, {"tips": {"count": 0}, "contact": {"twitter": "skinnylovej", "facebook": "541106821"}, "firstName": "Justine", "gender": "female", "lastName": "Kwan", "id": "6045745", "bio": "", "photo": {"prefix": "https://igx.4sqi.net/img/user/", "suffix": "/DQ5OY1HBQ24TQYT3.jpg"}, "homeCity": "Dubai", "lists": {"groups": [{"items": [], "count": 2, "type": "created"}]}}, {"tips": {"count": 0}, "contact": {"twitter": "ruizryan", "facebook": "627592797"}, "firstName": "Ryan Christopher", "gender": "male", "lastName": "Ruiz", "id": "3143108", "bio": "", "photo": {"prefix": "https://igx.4sqi.net/img/user/", "suffix": "/M3JGKRIPWSCJDU4V.png"}, "homeCity": "Singapore", "lists": {"groups": [{"items": [], "count": 2, "type": "created"}]}}, {"tips": {"count": 1}, "contact": {"twitter": "couchp0tat0", "facebook": "739952825"}, "firstName": "Val", "gender": "female", "lastName": "C", "id": "6375806", "bio": "Decide how you want to feel and go wherever it takes to feel that way.", "photo": {"prefix": "https://igx.4sqi.net/img/user/", "suffix": "/NWXSDRSWYA4UK1P1.jpg"}, "homeCity": "Kastanienbaum", "lists": {"groups": [{"items": [], "count": 4, "type": "created"}]}}, {"tips": {"count": 0}, "contact": {}, "firstName": "Muzamir", "gender": "male", "lastName": "Tan", "id": "3993243", "bio": "", "photo": {"prefix": "https://igx.4sqi.net/img/user/", "suffix": "/OASPQQCJMG3JDR4Q.jpg"}, "homeCity": "Singapore", "lists": {"groups": [{"items": [], "count": 2, "type": "created"}]}}, {"tips": {"count": 0}, "contact": {"twitter": "lingtetsu"}, "firstName": "Wei", "gender": "female", "lastName": "Ling", "id": "4000561", "bio": "", "photo": {"prefix": "https://igx.4sqi.net/img/user/", "suffix": "/VBOWGINMWNSODMBL.jpg"}, "homeCity": "Singapore", "lists": {"groups": [{"items": [], "count": 2, "type": "created"}]}}, {"tips": {"count": 0}, "contact": {"twitter": "karr_", "facebook": "1018715607"}, "firstName": "Karen", "gender": "female", "lastName": "Lenon", "id": "4079387", "bio": "", "photo": {"prefix": "https://igx.4sqi.net/img/user/", "suffix": "/YBJYNE5FSKZHPZCS.jpg"}, "homeCity": "Singapore", "lists": {"groups": [{"items": [], "count": 2, "type": "created"}]}}, {"tips": {"count": 2}, "contact": {}, "firstName": "Xing Yi", "gender": "female", "lastName": "Chua", "id": "4488528", "bio": "", "photo": {"prefix": "https://igx.4sqi.net/img/user/", "suffix": "/3OQEONPE1QQ2TDRQ.jpg"}, "homeCity": "Singapore", "lists": {"groups": [{"items": [], "count": 2, "type": "created"}]}}, {"tips": {"count": 1}, "contact": {}, "firstName": "Ly", "gender": "none", "lastName": "Chiang", "id": "5006090", "bio": "", "photo": {"prefix": "https://igx.4sqi.net/img/user/", "suffix": "/4YN3HRYOKNYNXN3D.jpg"}, "homeCity": "Singapore", "lists": {"groups": [{"items": [], "count": 2, "type": "created"}]}}, {"tips": {"count": 0}, "contact": {"twitter": "jonnyboyboi", "facebook": "691282653"}, "firstName": "Jonathan Justin", "gender": "male", "lastName": "Chng", "id": "5007834", "bio": "", "photo": {"prefix": "https://igx.4sqi.net/img/user/", "suffix": "/LNIVO4JSLKTR1VNG.jpg"}, "homeCity": "New York, NY", "lists": {"groups": [{"items": [], "count": 2, "type": "created"}]}}, {"tips": {"count": 1}, "contact": {"twitter": "flymetodeemoon", "facebook": "537552972"}, "firstName": "wincy", "gender": "female", "lastName": "wendy", "id": "5228727", "bio": "", "photo": {"prefix": "https://igx.4sqi.net/img/user/", "suffix": "/1D4WBVMI2WIHQOE1.jpg"}, "homeCity": "Singapore", "lists": {"groups": [{"items": [], "count": 2, "type": "created"}]}}, {"tips": {"count": 4}, "contact": {}, "firstName": "Marcia", "gender": "none", "lastName": "Vanderstraaten", "id": "5341336", "bio": "", "photo": {"prefix": "https://igx.4sqi.net/img/user/", "suffix": "/YHQPT2KJBSKAOYCM.jpg"}, "homeCity": "Singapore", "lists": {"groups": [{"items": [], "count": 2, "type": "created"}]}}, {"tips": {"count": 0}, "contact": {"twitter": "enzoalec92"}, "firstName": "Alex", "gender": "male", "lastName": "Tan", "id": "5645203", "bio": "Delinquent by design", "photo": {"prefix": "https://igx.4sqi.net/img/user/", "suffix": "/-XGCWEUE3UDDUQR4Z.jpg"}, "homeCity": "Singapore", "lists": {"groups": [{"items": [], "count": 2, "type": "created"}]}}, {"tips": {"count": 0}, "contact": {"twitter": "helloweixuan", "facebook": "532676567"}, "firstName": "Wei Xuan", "gender": "female", "lastName": "Setoh", "id": "5961682", "bio": "", "photo": {"prefix": "https://igx.4sqi.net/img/user/", "suffix": "/ENXJ1VY1BEEVYUBT.jpg"}, "homeCity": "Singapore", "lists": {"groups": [{"items": [], "count": 2, "type": "created"}]}}, {"tips": {"count": 1}, "contact": {"facebook": "648455728"}, "firstName": "Nic", "gender": "male", "id": "7435633", "bio": "", "photo": {"prefix": "https://igx.4sqi.net/img/user/", "suffix": "/LUBTO3W4HZ2Z0UCU.jpg"}, "homeCity": "Singapore", "lists": {"groups": [{"items": [], "count": 2, "type": "created"}]}}, {"tips": {"count": 3}, "contact": {"twitter": "kwekhansiong", "facebook": "10152493828597681"}, "firstName": "Kwek", "gender": "male", "lastName": "Siong", "id": "10572359", "bio": "", "photo": {"prefix": "https://igx.4sqi.net/img/user/", "suffix": "/LO2YYLTZBPHU4SNH.jpg"}, "homeCity": "Singapore", "lists": {"groups": [{"items": [], "count": 3, "type": "created"}]}}], "count": 95}, "checksum": "240852e38644265e19923e6af4f491000f5dce5e"}, "meta": {"requestId": "5965da98db04f562efb88bab", "code": 200}}