{"notifications": [{"type": "notificationTray", "item": {"unreadCount": 0}}], "response": {"friends": {"items": [{"tips": {"count": 13}, "contact": {"twitter": "shelbypoppy", "facebook": "555808980"}, "firstName": "Shelby", "gender": "female", "lastName": "Poppy", "id": "4451329", "bio": "", "photo": {"prefix": "https://igx.4sqi.net/img/user/", "suffix": "/ESBGFHC0OGAECX1Q.jpg"}, "homeCity": "Woodlands, NH", "lists": {"groups": [{"items": [], "count": 2, "type": "created"}]}}, {"tips": {"count": 0}, "contact": {}, "firstName": "Hoe", "gender": "male", "lastName": "Kokwai", "id": "4549977", "bio": "", "photo": {"prefix": "https://igx.4sqi.net/img/user/", "suffix": "/B3GOOBQSGNNGTLJ5.jpg"}, "homeCity": "New York, NY", "lists": {"groups": [{"items": [], "count": 2, "type": "created"}]}}, {"tips": {"count": 0}, "contact": {"facebook": "716770694"}, "firstName": "Jeffrey", "gender": "male", "lastName": "Chew", "id": "6769912", "bio": "", "photo": {"prefix": "https://igx.4sqi.net/img/user/", "suffix": "/AGCIJX0VWV0K3L0M.jpg"}, "homeCity": "Singapore", "lists": {"groups": [{"items": [], "count": 2, "type": "created"}]}}, {"tips": {"count": 2}, "contact": {"facebook": "777722585"}, "firstName": "Daniel", "gender": "male", "lastName": "Ong", "id": "3514395", "bio": "", "photo": {"prefix": "https://igx.4sqi.net/img/user/", "suffix": "/GXSLLHKKCQH4KETL.jpg"}, "homeCity": "Singapore", "lists": {"groups": [{"items": [], "count": 2, "type": "created"}]}}, {"tips": {"count": 8}, "contact": {"twitter": "gentlesquall"}, "firstName": "Andrew", "gender": "male", "lastName": "Wai", "id": "29189309", "bio": "Family guy who ate lots of good food, then turned fat but not regretting one bit.", "photo": {"prefix": "https://igx.4sqi.net/img/user/", "suffix": "/FKQPLUYUFUTSLKKP.jpg"}, "homeCity": "Pasir Ris, Singapore", "lists": {"groups": [{"items": [], "count": 2, "type": "created"}]}}, {"tips": {"count": 0}, "contact": {"facebook": "709583763"}, "firstName": "Nigel", "gender": "male", "lastName": "Lim", "id": "7614832", "bio": "", "photo": {"prefix": "https://igx.4sqi.net/img/user/", "suffix": "/MBSFLWQBBH15VQ0H.jpg"}, "homeCity": "Singapore", "lists": {"groups": [{"items": [], "count": 2, "type": "created"}]}}, {"tips": {"count": 0}, "contact": {"twitter": "bengchuen", "facebook": "574398178"}, "firstName": "Jiang", "gender": "male", "lastName": "Ming Chuan", "id": "1346097", "bio": "", "photo": {"prefix": "https://igx.4sqi.net/img/user/", "suffix": "/MERBZYOIXWXBMF25.jpg"}, "homeCity": "Bukit Timah, Singapore", "lists": {"groups": [{"items": [], "count": 2, "type": "created"}]}}, {"tips": {"count": 0}, "contact": {"facebook": "634750629"}, "firstName": "P K", "gender": "male", "lastName": "Poh Kui", "id": "5449313", "bio": "", "photo": {"prefix": "https://igx.4sqi.net/img/user/", "suffix": "/SQTOG4DZTG5PYQ2H.jpg"}, "homeCity": "Singapore", "lists": {"groups": [{"items": [], "count": 2, "type": "created"}]}}, {"tips": {"count": 53}, "contact": {"twitter": "adymorningstar", "facebook": "523841572"}, "firstName": "Abdillah", "gender": "male", "lastName": "Ady", "id": "2292654", "bio": "", "photo": {"prefix": "https://igx.4sqi.net/img/user/", "suffix": "/2292654-5ZLNPP1JWFJC1Z24.jpg"}, "homeCity": "Singapore, ", "lists": {"groups": [{"items": [], "count": 2, "type": "created"}]}}, {"tips": {"count": 0}, "contact": {}, "firstName": "Yuen", "gender": "female", "lastName": "Angela", "id": "5372114", "bio": "", "photo": {"prefix": "https://igx.4sqi.net/img/user/", "suffix": "/2Z0JWN3RPAYJZTPK.jpg"}, "homeCity": "Singapore", "lists": {"groups": [{"items": [], "count": 2, "type": "created"}]}}, {"tips": {"count": 2}, "contact": {}, "firstName": "Jocelyn", "gender": "female", "lastName": "Zhiying", "id": "2896602", "bio": "", "photo": {"prefix": "https://igx.4sqi.net/img/user/", "suffix": "/W0WTUM1RNBXB1T3S.jpg"}, "homeCity": "Singapore", "lists": {"groups": [{"items": [], "count": 2, "type": "created"}]}}, {"tips": {"count": 0}, "contact": {"facebook": "683942107"}, "firstName": "Ka Mei", "gender": "female", "lastName": "Kok", "id": "4103383", "bio": "", "photo": {"prefix": "https://igx.4sqi.net/img/user/", "suffix": "/C0S2EMOCDZKVBYPU.jpg"}, "homeCity": "Singapore", "lists": {"groups": [{"items": [], "count": 2, "type": "created"}]}}, {"tips": {"count": 0}, "contact": {"twitter": "ahcong"}, "firstName": "Zi Cong", "gender": "male", "lastName": "Lau", "id": "324695", "bio": "", "photo": {"prefix": "https://igx.4sqi.net/img/user/", "suffix": "/Z2SH0SKKWUDZNV2E.jpg"}, "homeCity": "Singapore", "lists": {"groups": [{"items": [], "count": 2, "type": "created"}]}}, {"tips": {"count": 0}, "contact": {"facebook": "735715000"}, "firstName": "Terence", "gender": "male", "lastName": "Fong", "id": "710145", "bio": "", "photo": {"prefix": "https://igx.4sqi.net/img/user/", "suffix": "/CD54JDQJI1HAVUDH.jpg"}, "homeCity": "France", "lists": {"groups": [{"items": [], "count": 2, "type": "created"}]}}, {"tips": {"count": 1}, "contact": {"twitter": "lemueltay", "facebook": "739810455"}, "firstName": "Lemuel", "gender": "male", "lastName": "Tay", "id": "1552724", "bio": "", "photo": {"prefix": "https://igx.4sqi.net/img/user/", "suffix": "/E1SQ5FYZMXVRTGGP.jpg"}, "homeCity": "Singapore, SG", "lists": {"groups": [{"items": [], "count": 2, "type": "created"}]}}, {"tips": {"count": 4}, "contact": {"twitter": "tanannkok", "facebook": "560121103"}, "firstName": "Desmond", "gender": "male", "lastName": "Tan", "id": "718708", "bio": "", "photo": {"prefix": "https://igx.4sqi.net/img/user/", "suffix": "/JGY4KUZKQRQVQVWA.jpg"}, "homeCity": "Singapore, Pasir Ris", "lists": {"groups": [{"items": [], "count": 2, "type": "created"}]}}, {"tips": {"count": 1}, "contact": {"twitter": "flappyfloppy", "facebook": "537676397"}, "firstName": "Faiz", "gender": "male", "lastName": "Yamin", "id": "897372", "bio": "", "photo": {"prefix": "https://igx.4sqi.net/img/user/", "suffix": "/KDKS2PR5UERQHVI1.jpg"}, "homeCity": "Singapore", "lists": {"groups": [{"items": [], "count": 2, "type": "created"}]}}, {"tips": {"count": 1}, "contact": {}, "firstName": "Junior", "gender": "male", "lastName": "Ang", "id": "3045113", "bio": "", "photo": {"prefix": "https://igx.4sqi.net/img/user/", "suffix": "/blank_boy.png", "default": true}, "homeCity": "Singapore", "lists": {"groups": [{"items": [], "count": 2, "type": "created"}]}}, {"tips": {"count": 0}, "contact": {}, "firstName": "Dominic", "gender": "male", "lastName": "Ling", "id": "570511", "bio": "", "photo": {"prefix": "https://igx.4sqi.net/img/user/", "suffix": "/blank_boy.png", "default": true}, "homeCity": "Singapore", "lists": {"groups": [{"items": [], "count": 2, "type": "created"}]}}, {"tips": {"count": 1}, "contact": {}, "firstName": "Dominic", "gender": "male", "lastName": "Ling", "id": "11917831", "bio": "", "photo": {"prefix": "https://igx.4sqi.net/img/user/", "suffix": "/FUVHHPCH1NLZKAX2.jpg"}, "homeCity": "Singapore", "lists": {"groups": [{"items": [], "count": 2, "type": "created"}]}}, {"tips": {"count": 0}, "contact": {}, "firstName": "Qamarul", "gender": "male", "lastName": "Quezy", "id": "4878277", "bio": "", "photo": {"prefix": "https://igx.4sqi.net/img/user/", "suffix": "/H5G5WPX3G3OJ1HLV.jpg"}, "homeCity": "Singapore", "lists": {"groups": [{"items": [], "count": 2, "type": "created"}]}}, {"tips": {"count": 0}, "contact": {"facebook": "524714312"}, "firstName": "Lim", "gender": "female", "lastName": "Nicole", "id": "6851611", "bio": "", "photo": {"prefix": "https://igx.4sqi.net/img/user/", "suffix": "/QN1LMIDAF1NUZVJ0.jpg"}, "homeCity": "Singapore", "lists": {"groups": [{"items": [], "count": 2, "type": "created"}]}}, {"tips": {"count": 0}, "contact": {}, "firstName": "federica", "gender": "female", "lastName": "Tong", "id": "7928172", "bio": "", "photo": {"prefix": "https://igx.4sqi.net/img/user/", "suffix": "/OECB1L2UCON2GI1M.jpg"}, "homeCity": "Singapore", "lists": {"groups": [{"items": [], "count": 2, "type": "created"}]}}, {"tips": {"count": 0}, "contact": {}, "firstName": "Amanda", "gender": "none", "lastName": "Mok", "id": "4274102", "bio": "", "photo": {"prefix": "https://igx.4sqi.net/img/user/", "suffix": "/blank_boy.png", "default": true}, "homeCity": "New York, NY", "lists": {"groups": [{"items": [], "count": 2, "type": "created"}]}}, {"tips": {"count": 2}, "contact": {"twitter": "iamnicsoon", "facebook": "725660814"}, "firstName": "Nicholas Soon", "gender": "male", "lastName": "Foon", "id": "5553270", "bio": "", "photo": {"prefix": "https://igx.4sqi.net/img/user/", "suffix": "/HPUV1VMCBLCOXITQ.jpg"}, "homeCity": "Singapore", "lists": {"groups": [{"items": [], "count": 2, "type": "created"}]}}, {"tips": {"count": 1}, "contact": {"facebook": "627400485"}, "firstName": "Dinie", "gender": "male", "lastName": "Abubakar", "id": "2709332", "bio": "", "photo": {"prefix": "https://igx.4sqi.net/img/user/", "suffix": "/QOBRU1B3T0O3HD3E.jpg"}, "homeCity": "Singapore", "lists": {"groups": [{"items": [], "count": 2, "type": "created"}]}}, {"tips": {"count": 0}, "contact": {"facebook": "587188131"}, "firstName": "Edwin", "gender": "male", "lastName": "Poh", "id": "6689496", "bio": "", "photo": {"prefix": "https://igx.4sqi.net/img/user/", "suffix": "/blank_boy.png", "default": true}, "homeCity": "Singapore", "lists": {"groups": [{"items": [], "count": 2, "type": "created"}]}}, {"tips": {"count": 2}, "contact": {}, "firstName": "Chocmel", "gender": "female", "lastName": "Yann", "id": "2908232", "bio": "", "photo": {"prefix": "https://igx.4sqi.net/img/user/", "suffix": "/5OQ0IGKYYH51IA4Z.jpg"}, "homeCity": "Singapore", "lists": {"groups": [{"items": [], "count": 2, "type": "created"}]}}, {"tips": {"count": 0}, "contact": {}, "firstName": "Pricilia", "gender": "female", "lastName": "Teo", "id": "4061475", "bio": "", "photo": {"prefix": "https://igx.4sqi.net/img/user/", "suffix": "/XVGPPZYJP3WRL4YN.jpg"}, "homeCity": "Singapore", "lists": {"groups": [{"items": [], "count": 2, "type": "created"}]}}, {"tips": {"count": 0}, "contact": {"twitter": "marlvellous", "facebook": "590696512"}, "firstName": "marliyana", "gender": "female", "lastName": "pauzi", "id": "3805811", "bio": "", "photo": {"prefix": "https://igx.4sqi.net/img/user/", "suffix": "/VUWEB41ZH5TRYQ0L.jpg"}, "homeCity": "Singapore", "lists": {"groups": [{"items": [], "count": 2, "type": "created"}]}}, {"tips": {"count": 0}, "contact": {"facebook": "1226971377"}, "firstName": "Sharul", "gender": "male", "lastName": "Nizam", "id": "4155377", "bio": "", "photo": {"prefix": "https://igx.4sqi.net/img/user/", "suffix": "/LOGGV0TF31WD2M1I.jpg"}, "homeCity": "Singapore", "lists": {"groups": [{"items": [], "count": 2, "type": "created"}]}}, {"tips": {"count": 0}, "contact": {}, "firstName": "Joanne", "gender": "female", "lastName": "Bonkie", "id": "4228752", "bio": "", "photo": {"prefix": "https://igx.4sqi.net/img/user/", "suffix": "/VK0YDM4NMMKMOKSR.jpg"}, "homeCity": "Singapore", "lists": {"groups": [{"items": [], "count": 2, "type": "created"}]}}, {"tips": {"count": 0}, "contact": {"twitter": "pattersonyeoh", "facebook": "663817216"}, "firstName": "Patterson", "gender": "male", "lastName": "Yeoh", "id": "1573221", "bio": "", "photo": {"prefix": "https://igx.4sqi.net/img/user/", "suffix": "/OBP0DKX2VM0THNTE.jpg"}, "homeCity": "Singapore", "lists": {"groups": [{"items": [], "count": 2, "type": "created"}]}}, {"tips": {"count": 7}, "contact": {}, "firstName": "Michelle", "gender": "female", "lastName": "Tan", "id": "3723709", "bio": "", "photo": {"prefix": "https://igx.4sqi.net/img/user/", "suffix": "/FAPW1R3YL4CQQ2LU.jpg"}, "homeCity": "Singapore", "lists": {"groups": [{"items": [], "count": 2, "type": "created"}]}}, {"tips": {"count": 0}, "contact": {"twitter": "jasminejasmeen", "facebook": "100002757765631"}, "firstName": "Jasmine", "gender": "female", "lastName": "Lim", "id": "16540274", "bio": "", "photo": {"prefix": "https://igx.4sqi.net/img/user/", "suffix": "/RLN4JLEZUTEW3JEX.jpg"}, "homeCity": "Cheltenham, UK", "lists": {"groups": [{"items": [], "count": 2, "type": "created"}]}}, {"tips": {"count": 0}, "contact": {}, "firstName": "Nurul", "gender": "female", "lastName": "Innayah", "id": "6881810", "bio": "", "photo": {"prefix": "https://igx.4sqi.net/img/user/", "suffix": "/XGNAFXCSSEIJ3YCP.jpg"}, "homeCity": "Singapore", "lists": {"groups": [{"items": [], "count": 2, "type": "created"}]}}, {"tips": {"count": 0}, "contact": {"facebook": "645126277"}, "firstName": "Jerome", "gender": "male", "lastName": "Tan", "id": "17199415", "bio": "", "photo": {"prefix": "https://igx.4sqi.net/img/user/", "suffix": "/OLPMQB3NNFBSWYMO.jpg"}, "homeCity": "Singapore", "lists": {"groups": [{"items": [], "count": 2, "type": "created"}]}}, {"tips": {"count": 0}, "contact": {"facebook": "741080330"}, "firstName": "Habib", "gender": "male", "lastName": "Rahman", "id": "8049755", "bio": "", "photo": {"prefix": "https://igx.4sqi.net/img/user/", "suffix": "/blank_boy.png", "default": true}, "homeCity": "Singapore", "lists": {"groups": [{"items": [], "count": 2, "type": "created"}]}}, {"tips": {"count": 0}, "contact": {"facebook": "854225432"}, "firstName": "Joshua Anderson", "gender": "male", "lastName": "Cheong", "id": "5736192", "bio": "", "photo": {"prefix": "https://igx.4sqi.net/img/user/", "suffix": "/054ESZO3Z35GBCAH.jpg"}, "homeCity": "Singapore", "lists": {"groups": [{"items": [], "count": 2, "type": "created"}]}}, {"tips": {"count": 1}, "contact": {"twitter": "enidlareguw", "facebook": "1426193917"}, "firstName": "Geraldine", "gender": "female", "lastName": "Wu", "id": "2842109", "bio": "", "photo": {"prefix": "https://igx.4sqi.net/img/user/", "suffix": "/2842109-1UCYPAVE4IPFTPGW.jpg"}, "homeCity": "Singapore", "lists": {"groups": [{"items": [], "count": 2, "type": "created"}]}}, {"tips": {"count": 0}, "contact": {"twitter": "omgaly", "facebook": "595702910"}, "firstName": "Aly", "gender": "female", "lastName": "Z.", "id": "3754366", "bio": "", "photo": {"prefix": "https://igx.4sqi.net/img/user/", "suffix": "/XZOJB3OEEQ2F5QLG.jpg"}, "homeCity": "Singapore", "lists": {"groups": [{"items": [], "count": 2, "type": "created"}]}}, {"tips": {"count": 0}, "contact": {"twitter": "mokxianshen", "facebook": "700065414"}, "firstName": "Mok", "gender": "male", "lastName": "Xian", "id": "5102834", "bio": "", "photo": {"prefix": "https://igx.4sqi.net/img/user/", "suffix": "/5102834-T1S3F3NBTDSLE35V.jpg"}, "homeCity": "Singapore", "lists": {"groups": [{"items": [], "count": 2, "type": "created"}]}}, {"tips": {"count": 0}, "contact": {"facebook": "577101699"}, "firstName": "Keith", "gender": "male", "lastName": "Kay", "id": "22409854", "bio": "", "photo": {"prefix": "https://igx.4sqi.net/img/user/", "suffix": "/WUR1BO2W2IGOVQMJ.jpg"}, "homeCity": "Baden-W\u00fcrttemberg", "lists": {"groups": [{"items": [], "count": 2, "type": "created"}]}}, {"tips": {"count": 0}, "contact": {"facebook": "816209337"}, "firstName": "Weien", "gender": "male", "lastName": "Teo", "id": "56332117", "bio": "", "photo": {"prefix": "https://igx.4sqi.net/img/user/", "suffix": "/blank_boy.png", "default": true}, "homeCity": "Calgary, Alberta", "lists": {"groups": [{"items": [], "count": 2, "type": "created"}]}}, {"tips": {"count": 0}, "contact": {"facebook": "815810542"}, "firstName": "Junior", "gender": "male", "lastName": "Ang", "id": "84483647", "bio": "", "photo": {"prefix": "https://igx.4sqi.net/img/user/", "suffix": "/84483647-YYA0KK5SED5A1P1O.jpg"}, "homeCity": "Singapore", "lists": {"groups": [{"items": [], "count": 2, "type": "created"}]}}, {"tips": {"count": 1}, "contact": {"twitter": "petite_ponnie", "facebook": "511402773"}, "firstName": "PoNNi3", "gender": "female", "lastName": "J.", "id": "1640506", "bio": "", "photo": {"prefix": "https://igx.4sqi.net/img/user/", "suffix": "/YZWHFBE4RHQNPDHI.jpg"}, "homeCity": "Bangkok, Thailand", "lists": {"groups": [{"items": [], "count": 2, "type": "created"}]}}, {"tips": {"count": 0}, "contact": {"facebook": "533704435"}, "firstName": "Princess", "gender": "female", "lastName": "YunaBelle", "id": "3885756", "bio": "", "photo": {"prefix": "https://igx.4sqi.net/img/user/", "suffix": "/SQZ4U2WXHLVC24IR.jpg"}, "homeCity": "Singapore", "lists": {"groups": [{"items": [], "count": 2, "type": "created"}]}}, {"tips": {"count": 0}, "contact": {"facebook": "640996570"}, "firstName": "Sunny", "gender": "male", "lastName": "Tan", "id": "57749527", "bio": "", "photo": {"prefix": "https://igx.4sqi.net/img/user/", "suffix": "/TAEGTDLSRFHQ03ZA.jpg"}, "homeCity": "Singapore, 00", "lists": {"groups": [{"items": [], "count": 2, "type": "created"}]}}, {"tips": {"count": 0}, "contact": {"facebook": "624168999"}, "firstName": "Ah", "gender": "male", "lastName": "Boon", "id": "18540147", "bio": "", "photo": {"prefix": "https://igx.4sqi.net/img/user/", "suffix": "/RYVMDBTNROYPUJO1.jpg"}, "homeCity": "Singapore", "lists": {"groups": [{"items": [], "count": 2, "type": "created"}]}}, {"tips": {"count": 8}, "contact": {"facebook": "754152149"}, "firstName": "Kerubin", "gender": "male", "lastName": "Yip", "id": "18059696", "bio": "", "photo": {"prefix": "https://igx.4sqi.net/img/user/", "suffix": "/XH3MNE0UL2FDHNTE.jpg"}, "homeCity": "Singapore", "lists": {"groups": [{"items": [], "count": 2, "type": "created"}]}}, {"tips": {"count": 0}, "contact": {"twitter": "muhdfairuz13", "facebook": "753353397"}, "firstName": "Muhd", "gender": "male", "lastName": "Fairuz", "id": "8056122", "bio": "", "photo": {"prefix": "https://igx.4sqi.net/img/user/", "suffix": "/WQQZCHXG0LBIFDOB.jpg"}, "homeCity": "Singapore", "lists": {"groups": [{"items": [], "count": 2, "type": "created"}]}}, {"tips": {"count": 1}, "contact": {}, "firstName": "Ho", "gender": "female", "lastName": "Yun Zhi", "id": "5846013", "bio": "", "photo": {"prefix": "https://igx.4sqi.net/img/user/", "suffix": "/WLWG1E15OA4LPN53.jpg"}, "homeCity": "Singapore", "lists": {"groups": [{"items": [], "count": 2, "type": "created"}]}}, {"tips": {"count": 0}, "contact": {}, "firstName": "Gin", "gender": "female", "lastName": "Tan", "id": "3961407", "bio": "", "photo": {"prefix": "https://igx.4sqi.net/img/user/", "suffix": "/K0O0SUKKNQWTLEDT.jpg"}, "homeCity": "Singapore", "lists": {"groups": [{"items": [], "count": 2, "type": "created"}]}}, {"tips": {"count": 0}, "contact": {}, "firstName": "Jeremy", "gender": "male", "lastName": "Tan", "id": "3898394", "bio": "", "photo": {"prefix": "https://igx.4sqi.net/img/user/", "suffix": "/4220VMT540WRKS3H.jpg"}, "homeCity": "Singapore", "lists": {"groups": [{"items": [], "count": 2, "type": "created"}]}}, {"tips": {"count": 1}, "contact": {"facebook": "601267892"}, "firstName": "Andrew", "gender": "male", "lastName": "Lim Kai Huai", "id": "64876520", "bio": "", "photo": {"prefix": "https://igx.4sqi.net/img/user/", "suffix": "/GPAGQ4EKFUHY444E.jpg"}, "homeCity": "Singapore, 00", "lists": {"groups": [{"items": [], "count": 2, "type": "created"}]}}, {"tips": {"count": 0}, "contact": {"facebook": "1052041964"}, "firstName": "Razak", "gender": "male", "lastName": "Acak", "id": "79215210", "bio": "", "photo": {"prefix": "https://igx.4sqi.net/img/user/", "suffix": "/79215210-NXR1PHJD2M4D5CYD.jpg"}, "homeCity": "Singapore", "lists": {"groups": [{"items": [], "count": 2, "type": "created"}]}}, {"tips": {"count": 0}, "contact": {"twitter": "aprilshirui", "facebook": "715956971"}, "firstName": "April", "gender": "female", "lastName": "Cheok", "id": "3000910", "bio": "", "photo": {"prefix": "https://igx.4sqi.net/img/user/", "suffix": "/KGOUYYKVUO3GBRHJ.jpg"}, "homeCity": "Singapore", "lists": {"groups": [{"items": [], "count": 2, "type": "created"}]}}, {"tips": {"count": 1}, "contact": {"facebook": "608334052"}, "firstName": "Marcus", "gender": "male", "lastName": "Leong", "id": "5216206", "bio": "", "photo": {"prefix": "https://igx.4sqi.net/img/user/", "suffix": "/TWVPWQYZC4BILXN0.jpg"}, "homeCity": "Singapore", "lists": {"groups": [{"items": [], "count": 2, "type": "created"}]}}, {"tips": {"count": 11}, "contact": {"twitter": "dominicling", "facebook": "592446185"}, "firstName": "Dominic", "gender": "male", "lastName": "Ling", "id": "69723361", "bio": "", "photo": {"prefix": "https://igx.4sqi.net/img/user/", "suffix": "/KDXX5OXP1Q3X4AN3.jpg"}, "homeCity": "Singapore", "lists": {"groups": [{"items": [], "count": 11, "type": "created"}]}}, {"tips": {"count": 0}, "contact": {"twitter": "zyndiew", "facebook": "695643510"}, "firstName": "Zyndie", "gender": "female", "id": "30527638", "bio": "", "photo": {"prefix": "https://igx.4sqi.net/img/user/", "suffix": "/U52JUYNT0DHWMUIN.jpg"}, "homeCity": "New York, NY", "lists": {"groups": [{"items": [], "count": 2, "type": "created"}]}}, {"tips": {"count": 0}, "contact": {"facebook": "706691327"}, "firstName": "Jason", "gender": "male", "lastName": "Seet", "id": "12873722", "bio": "", "photo": {"prefix": "https://igx.4sqi.net/img/user/", "suffix": "/4WO33DVMLRHHOR1B.jpg"}, "homeCity": "Singapore", "lists": {"groups": [{"items": [], "count": 2, "type": "created"}]}}, {"tips": {"count": 0}, "contact": {}, "firstName": "Ivan", "gender": "male", "lastName": "Chong", "id": "8161546", "bio": "", "photo": {"prefix": "https://igx.4sqi.net/img/user/", "suffix": "/blank_boy.png", "default": true}, "homeCity": "Singapore", "lists": {"groups": [{"items": [], "count": 2, "type": "created"}]}}, {"tips": {"count": 0}, "contact": {"twitter": "ilove2swimnrun", "facebook": "1601094345"}, "firstName": "Koh", "gender": "male", "lastName": "Hong Wee", "id": "4900050", "bio": "", "photo": {"prefix": "https://igx.4sqi.net/img/user/", "suffix": "/Z31MDAC5Y4ANTEB2.jpg"}, "homeCity": "Singapore", "lists": {"groups": [{"items": [], "count": 2, "type": "created"}]}}, {"tips": {"count": 4}, "contact": {"facebook": "597933979"}, "firstName": "Marcus", "gender": "male", "lastName": "Tan", "id": "3899952", "bio": "", "photo": {"prefix": "https://igx.4sqi.net/img/user/", "suffix": "/0ZRDCWUPINOUAOTA.jpg"}, "homeCity": "Singapore", "lists": {"groups": [{"items": [], "count": 2, "type": "created"}]}}, {"tips": {"count": 7}, "contact": {}, "firstName": "Kel", "gender": "none", "lastName": "Situ", "id": "3029967", "bio": "", "photo": {"prefix": "https://igx.4sqi.net/img/user/", "suffix": "/MAB02Q3WZCBHFUJT.jpg"}, "homeCity": "Rivervale, Australia", "lists": {"groups": [{"items": [], "count": 2, "type": "created"}]}}, {"tips": {"count": 0}, "contact": {"facebook": "100002213754959"}, "firstName": "Mickey'z", "gender": "female", "lastName": "Wenz", "id": "8538096", "bio": "", "photo": {"prefix": "https://igx.4sqi.net/img/user/", "suffix": "/XENDOFVHDSQVOXXE.jpg"}, "homeCity": "Georgetown, TX", "lists": {"groups": [{"items": [], "count": 2, "type": "created"}]}}, {"tips": {"count": 3}, "contact": {}, "firstName": "WeiXin", "gender": "male", "lastName": "P", "id": "50168456", "bio": "\ud83d\ude0a", "photo": {"prefix": "https://igx.4sqi.net/img/user/", "suffix": "/50168456-FRVL4ZGY3FD2NXCM.jpg"}, "homeCity": "Ang Mo Kio, Singapore", "lists": {"groups": [{"items": [], "count": 2, "type": "created"}]}}, {"tips": {"count": 6}, "contact": {"facebook": "10153846001707928"}, "firstName": "Boon", "gender": "male", "lastName": "Jin", "id": "5016674", "bio": "", "photo": {"prefix": "https://igx.4sqi.net/img/user/", "suffix": "/1WVDIFCAOGWFWTLZ.jpg"}, "homeCity": "Singapore", "lists": {"groups": [{"items": [], "count": 2, "type": "created"}]}}, {"tips": {"count": 2}, "contact": {"twitter": "aliciakoh", "facebook": "737525834"}, "firstName": "Alicia", "gender": "female", "lastName": "Koh", "id": "4056964", "bio": "", "photo": {"prefix": "https://igx.4sqi.net/img/user/", "suffix": "/LE04OODZOTKN32WY.jpg"}, "homeCity": "Singapore", "lists": {"groups": [{"items": [], "count": 2, "type": "created"}]}}, {"tips": {"count": 0}, "contact": {"facebook": "769543312"}, "firstName": "Shi Yim", "gender": "female", "lastName": "Chew", "id": "3613291", "bio": "", "photo": {"prefix": "https://igx.4sqi.net/img/user/", "suffix": "/POKTM4JCBGRZQEJF.jpg"}, "homeCity": "Singapore", "lists": {"groups": [{"items": [], "count": 2, "type": "created"}]}}, {"tips": {"count": 0}, "contact": {"facebook": "594617058"}, "firstName": "Ryan", "gender": "male", "lastName": "Lee", "id": "7894269", "bio": "", "photo": {"prefix": "https://igx.4sqi.net/img/user/", "suffix": "/blank_boy.png", "default": true}, "homeCity": "New York, NY", "lists": {"groups": [{"items": [], "count": 2, "type": "created"}]}}, {"tips": {"count": 0}, "contact": {}, "firstName": "Kok Yi", "gender": "male", "lastName": "Wong", "id": "5330368", "bio": "", "photo": {"prefix": "https://igx.4sqi.net/img/user/", "suffix": "/blank_boy.png", "default": true}, "homeCity": "Singapore", "lists": {"groups": [{"items": [], "count": 2, "type": "created"}]}}, {"tips": {"count": 4}, "contact": {"facebook": "520746880"}, "firstName": "Jingwei", "gender": "none", "lastName": "Teh", "id": "4008201", "bio": "", "photo": {"prefix": "https://igx.4sqi.net/img/user/", "suffix": "/NEXX5RSXFWUGD3SN.jpg"}, "homeCity": "Singapore", "lists": {"groups": [{"items": [], "count": 2, "type": "created"}]}}, {"tips": {"count": 4}, "contact": {"facebook": "706726119"}, "firstName": "Ivy", "gender": "female", "lastName": "Kwan", "id": "5338223", "bio": "", "photo": {"prefix": "https://igx.4sqi.net/img/user/", "suffix": "/K3QY4UQJ2IJMFSC3.jpg"}, "homeCity": "Singapore", "lists": {"groups": [{"items": [], "count": 2, "type": "created"}]}}, {"tips": {"count": 3}, "contact": {"twitter": "lennoxgoh", "facebook": "519537000"}, "firstName": "Lennox", "gender": "none", "id": "4163286", "bio": "", "photo": {"prefix": "https://igx.4sqi.net/img/user/", "suffix": "/TTEHYJJULURD3ADS.jpg"}, "homeCity": "Sing A Pork", "lists": {"groups": [{"items": [], "count": 2, "type": "created"}]}}, {"tips": {"count": 0}, "contact": {"facebook": "100001766790876"}, "firstName": "Muhamed", "gender": "male", "lastName": "Ishaq", "id": "4164105", "bio": "", "photo": {"prefix": "https://igx.4sqi.net/img/user/", "suffix": "/LNSYTNITRG32O0RX.jpg"}, "homeCity": "Singapore", "lists": {"groups": [{"items": [], "count": 2, "type": "created"}]}}, {"tips": {"count": 0}, "contact": {"facebook": "586799322"}, "firstName": "Jasmine", "gender": "female", "lastName": "Seet", "id": "4597185", "bio": "", "photo": {"prefix": "https://igx.4sqi.net/img/user/", "suffix": "/P1EOO5VTMMA3VK10.jpg"}, "homeCity": "Singapore", "lists": {"groups": [{"items": [], "count": 2, "type": "created"}]}}, {"tips": {"count": 1}, "contact": {"twitter": "shimmeringpink", "facebook": "502641098"}, "firstName": "Angela", "gender": "female", "lastName": "Ang", "id": "4600097", "bio": "", "photo": {"prefix": "https://igx.4sqi.net/img/user/", "suffix": "/QCPKNKYPQINB2OWJ.jpg"}, "homeCity": "Singapore", "lists": {"groups": [{"items": [], "count": 2, "type": "created"}]}}], "count": 78}, "checksum": "f0e68759eafb2852000daae74188c997deeef3f0"}, "meta": {"requestId": "5965c3d49fb6b77b77a17fe1", "code": 200}}