{"notifications": [{"type": "notificationTray", "item": {"unreadCount": 0}}], "response": {"friends": {"items": [{"tips": {"count": 2}, "contact": {"twitter": "josephine1123", "facebook": "575034105"}, "firstName": "Josephine", "gender": "female", "id": "4331723", "bio": "", "photo": {"prefix": "https://igx.4sqi.net/img/user/", "suffix": "/BQEAYKLDFCL3YTGA.jpg"}, "homeCity": "Kuala Lumpur, Malaysia", "lists": {"groups": [{"items": [], "count": 2, "type": "created"}]}}, {"tips": {"count": 1}, "contact": {"twitter": "berlsvampy", "facebook": "653115399"}, "firstName": "Berline", "gender": "female", "lastName": "Lim", "id": "11398767", "bio": "", "photo": {"prefix": "https://igx.4sqi.net/img/user/", "suffix": "/NQIBECOIRURAWL51.jpg"}, "homeCity": "Singapore", "lists": {"groups": [{"items": [], "count": 2, "type": "created"}]}}, {"tips": {"count": 2}, "contact": {"twitter": "teresanah"}, "firstName": "Teresa", "gender": "female", "lastName": "Nah", "id": "10462936", "bio": "", "photo": {"prefix": "https://igx.4sqi.net/img/user/", "suffix": "/10462936-FOOOMHQLQEZFLNXM.jpg"}, "homeCity": "Singapore", "lists": {"groups": [{"items": [], "count": 2, "type": "created"}]}}, {"tips": {"count": 0}, "contact": {"facebook": "572636827"}, "firstName": "Mei Ling", "gender": "female", "lastName": "Chia", "id": "10718751", "bio": "", "photo": {"prefix": "https://igx.4sqi.net/img/user/", "suffix": "/2ISJFHPRBF40XLWP.jpg"}, "homeCity": "Kuala Lumpur, Malaysia", "lists": {"groups": [{"items": [], "count": 2, "type": "created"}]}}, {"tips": {"count": 1}, "contact": {"facebook": "653551957"}, "firstName": "Lester", "gender": "male", "lastName": "Yip", "id": "4388293", "bio": "", "photo": {"prefix": "https://igx.4sqi.net/img/user/", "suffix": "/SWWLBLKLJLT5VR3X.jpg"}, "homeCity": "Singapore", "lists": {"groups": [{"items": [], "count": 2, "type": "created"}]}}, {"tips": {"count": 0}, "contact": {}, "firstName": "Tan", "gender": "female", "lastName": "Shu Wen", "id": "4419432", "bio": "", "photo": {"prefix": "https://igx.4sqi.net/img/user/", "suffix": "/JMC10DB5RP3QAHPI.jpg"}, "homeCity": "Singapore", "lists": {"groups": [{"items": [], "count": 2, "type": "created"}]}}, {"tips": {"count": 1}, "contact": {"facebook": "625430851"}, "firstName": "Meilian", "gender": "female", "id": "5636950", "bio": "", "photo": {"prefix": "https://igx.4sqi.net/img/user/", "suffix": "/32UD2ZOZNDQG3LSF.jpg"}, "homeCity": "Singapore", "lists": {"groups": [{"items": [], "count": 2, "type": "created"}]}}, {"tips": {"count": 203}, "contact": {"facebook": "697856454"}, "firstName": "Annabelle", "gender": "female", "lastName": "Kittykitkat", "id": "7414643", "bio": "", "photo": {"prefix": "https://igx.4sqi.net/img/user/", "suffix": "/B51Q2FFGKDXCRJWU.jpg"}, "homeCity": "Singapore", "lists": {"groups": [{"items": [], "count": 2, "type": "created"}]}}, {"tips": {"count": 9}, "contact": {"twitter": "refusalf", "facebook": "560132811"}, "firstName": "Alfred", "gender": "male", "lastName": "T.", "id": "5168932", "bio": "", "photo": {"prefix": "https://igx.4sqi.net/img/user/", "suffix": "/5168932-WAQS5SXFVLWDE0XU.jpg"}, "homeCity": "Singapore", "lists": {"groups": [{"items": [], "count": 2, "type": "created"}]}}, {"tips": {"count": 3}, "contact": {"twitter": "liting89", "facebook": "10153353695621071"}, "firstName": "Liting", "gender": "female", "lastName": "Kong", "id": "3632874", "bio": "", "photo": {"prefix": "https://igx.4sqi.net/img/user/", "suffix": "/RDUTLRR1ZOVB4SBZ.jpg"}, "homeCity": "Singapore", "lists": {"groups": [{"items": [], "count": 2, "type": "created"}]}}, {"tips": {"count": 0}, "contact": {"twitter": "gleeinme"}, "firstName": "Michelle Diane", "gender": "female", "lastName": "Lim", "id": "4181467", "bio": "", "photo": {"prefix": "https://igx.4sqi.net/img/user/", "suffix": "/4181467-ZJQG13TYFXUFQYYO.jpg"}, "homeCity": "Singapore", "lists": {"groups": [{"items": [], "count": 2, "type": "created"}]}}, {"tips": {"count": 0}, "contact": {"facebook": "752253499"}, "firstName": "Eqa", "gender": "female", "lastName": "Lee", "id": "2987660", "bio": "", "photo": {"prefix": "https://igx.4sqi.net/img/user/", "suffix": "/XMXFITYVUBYTJTWT.jpg"}, "homeCity": "Singapore", "lists": {"groups": [{"items": [], "count": 2, "type": "created"}]}}, {"tips": {"count": 0}, "contact": {"facebook": "688590735"}, "firstName": "Shirley", "gender": "female", "lastName": "Yap", "id": "3811381", "bio": "", "photo": {"prefix": "https://igx.4sqi.net/img/user/", "suffix": "/3VXKZ4O0F2FUGZ5K.jpg"}, "homeCity": "Singapore", "lists": {"groups": [{"items": [], "count": 2, "type": "created"}]}}, {"tips": {"count": 1}, "contact": {"twitter": "yattato", "facebook": "547787146"}, "firstName": "Yattato", "gender": "male", "id": "5425089", "bio": "", "photo": {"prefix": "https://igx.4sqi.net/img/user/", "suffix": "/ORIQGVWL2V32UBHA.jpg"}, "homeCity": "New York, NY", "lists": {"groups": [{"items": [], "count": 2, "type": "created"}]}}, {"tips": {"count": 1}, "contact": {"twitter": "aocheng"}, "firstName": "Aocheng", "gender": "male", "lastName": "Su", "id": "940946", "bio": "", "photo": {"prefix": "https://igx.4sqi.net/img/user/", "suffix": "/CKT2RWVZG0KP4BS5.jpg"}, "homeCity": "Bukit Panjang, Singapore", "lists": {"groups": [{"items": [], "count": 2, "type": "created"}]}}, {"tips": {"count": 0}, "contact": {"facebook": "687616877"}, "firstName": "Christina", "gender": "female", "lastName": "Wai", "id": "8688554", "bio": "", "photo": {"prefix": "https://igx.4sqi.net/img/user/", "suffix": "/WR5GASJB35PJ5QTZ.jpg"}, "homeCity": "Singapore", "lists": {"groups": [{"items": [], "count": 2, "type": "created"}]}}, {"tips": {"count": 5}, "contact": {"twitter": "tinynutcase"}, "firstName": "Quinn", "gender": "none", "lastName": "Thunder", "id": "1099159", "bio": "", "photo": {"prefix": "https://igx.4sqi.net/img/user/", "suffix": "/T5CMKIU20ENP2LFE.jpg"}, "homeCity": "Singapore", "lists": {"groups": [{"items": [], "count": 3, "type": "created"}]}}, {"tips": {"count": 0}, "contact": {}, "firstName": "Carrie", "gender": "female", "lastName": "Siew", "id": "4844750", "bio": "", "photo": {"prefix": "https://igx.4sqi.net/img/user/", "suffix": "/1N11U1TTUZXC2EGI.jpg"}, "homeCity": "Singapore", "lists": {"groups": [{"items": [], "count": 2, "type": "created"}]}}, {"tips": {"count": 0}, "contact": {"twitter": "woshihk", "facebook": "663906686"}, "firstName": "Hk", "gender": "male", "lastName": "Ng", "id": "9132360", "bio": "", "photo": {"prefix": "https://igx.4sqi.net/img/user/", "suffix": "/JVXO5EDOREH43IMS.jpg"}, "homeCity": "Singapore", "lists": {"groups": [{"items": [], "count": 2, "type": "created"}]}}, {"tips": {"count": 0}, "contact": {"twitter": "willieloke", "facebook": "597375544"}, "firstName": "Willie", "gender": "male", "lastName": "Loke", "id": "11207660", "bio": "", "photo": {"prefix": "https://igx.4sqi.net/img/user/", "suffix": "/TZLW2VJQUBRQMXHL.jpg"}, "homeCity": "Singapore", "lists": {"groups": [{"items": [], "count": 2, "type": "created"}]}}, {"tips": {"count": 0}, "contact": {"twitter": "skysam25"}, "firstName": "Samantha", "gender": "female", "lastName": "Zhang", "id": "3755755", "bio": "", "photo": {"prefix": "https://igx.4sqi.net/img/user/", "suffix": "/HOHCN1G1DPOT43LJ.jpg"}, "homeCity": "Singapore", "lists": {"groups": [{"items": [], "count": 2, "type": "created"}]}}, {"tips": {"count": 3}, "contact": {"facebook": "1115823881763022"}, "firstName": "Yen", "gender": "female", "id": "4820655", "bio": "", "photo": {"prefix": "https://igx.4sqi.net/img/user/", "suffix": "/CATGKYGODSJKIB1U.jpg"}, "homeCity": "Petaling Jaya, Malaysia", "lists": {"groups": [{"items": [], "count": 2, "type": "created"}]}}, {"tips": {"count": 4}, "contact": {"twitter": "il0vekenneth", "facebook": "783954890"}, "firstName": "Inglorious", "gender": "male", "lastName": "Kenneth", "id": "10512813", "bio": "", "photo": {"prefix": "https://igx.4sqi.net/img/user/", "suffix": "/EF3OOP0JU4REVGMZ.jpg"}, "homeCity": "Singapore", "lists": {"groups": [{"items": [], "count": 2, "type": "created"}]}}, {"tips": {"count": 2}, "contact": {"twitter": "alexnthemachine", "facebook": "523517827"}, "firstName": "Alexander", "gender": "male", "lastName": "Wong", "id": "2720909", "bio": "", "photo": {"prefix": "https://igx.4sqi.net/img/user/", "suffix": "/AVOPNIQRSMEZO1DO.jpg"}, "homeCity": "Singapore", "lists": {"groups": [{"items": [], "count": 2, "type": "created"}]}}, {"tips": {"count": 4}, "contact": {"twitter": "kubbon", "facebook": "746971518"}, "firstName": "Kelvin", "gender": "male", "lastName": "Kubbon", "id": "8739781", "bio": "", "photo": {"prefix": "https://igx.4sqi.net/img/user/", "suffix": "/4ATSL4MIS20E4ZNO.jpg"}, "homeCity": "Singapore", "lists": {"groups": [{"items": [], "count": 3, "type": "created"}]}}, {"tips": {"count": 1}, "contact": {}, "firstName": "Jerrick", "gender": "male", "lastName": "Chew", "id": "4451226", "bio": "", "photo": {"prefix": "https://igx.4sqi.net/img/user/", "suffix": "/4451226-CRQZHGHZEUPTDCKA"}, "homeCity": "Singapore", "lists": {"groups": [{"items": [], "count": 2, "type": "created"}]}}, {"tips": {"count": 0}, "contact": {"twitter": "maymeicai", "facebook": "602275157"}, "firstName": "May", "gender": "female", "lastName": "Chua", "id": "7582780", "bio": "", "photo": {"prefix": "https://igx.4sqi.net/img/user/", "suffix": "/THAAWWSRI4U1XKK2.jpg"}, "homeCity": "Singapore", "lists": {"groups": [{"items": [], "count": 2, "type": "created"}]}}, {"tips": {"count": 0}, "contact": {"twitter": "yeo_kenny", "facebook": "649903526"}, "firstName": "Yeo", "gender": "male", "lastName": "Kenny", "id": "16927252", "bio": "", "photo": {"prefix": "https://igx.4sqi.net/img/user/", "suffix": "/K4QNJJJXYRPC3AXA.jpg"}, "homeCity": "Singapore", "lists": {"groups": [{"items": [], "count": 2, "type": "created"}]}}, {"tips": {"count": 0}, "contact": {}, "firstName": "Xav", "gender": "male", "lastName": "Ng", "id": "3706081", "bio": "", "photo": {"prefix": "https://igx.4sqi.net/img/user/", "suffix": "/K5WAME0SGYTUFZXF.jpg"}, "homeCity": "Singapore", "lists": {"groups": [{"items": [], "count": 2, "type": "created"}]}}, {"tips": {"count": 0}, "contact": {}, "firstName": "ADLN", "gender": "female", "lastName": "\u270c", "id": "10327103", "bio": "", "photo": {"prefix": "https://igx.4sqi.net/img/user/", "suffix": "/EA2NUAXCQ3OI3A4V.jpg"}, "homeCity": "Singapore", "lists": {"groups": [{"items": [], "count": 4, "type": "created"}]}}, {"tips": {"count": 0}, "contact": {"twitter": "jffrmk"}, "firstName": "Juffri", "gender": "male", "lastName": "Mok", "id": "5655180", "bio": "", "photo": {"prefix": "https://igx.4sqi.net/img/user/", "suffix": "/WWESUX1S50SYYGYV.jpg"}, "homeCity": "Singapore", "lists": {"groups": [{"items": [], "count": 2, "type": "created"}]}}, {"tips": {"count": 0}, "contact": {"twitter": "thekidwhowtf", "facebook": "531358630"}, "firstName": "Ashraf", "gender": "male", "lastName": "Aziz", "id": "6125517", "bio": "", "photo": {"prefix": "https://igx.4sqi.net/img/user/", "suffix": "/PWDPOUVUYLC1FA1U.jpg"}, "homeCity": "Singapore", "lists": {"groups": [{"items": [], "count": 2, "type": "created"}]}}], "count": 32}, "checksum": "6368aaabc0df542d544edd88af060b50faa93b82"}, "meta": {"requestId": "5965cffbdb04f562ef776ee6", "code": 200}}