{"notifications": [{"type": "notificationTray", "item": {"unreadCount": 0}}], "response": {"friends": {"items": [{"tips": {"count": 0}, "contact": {"facebook": "1549359164"}, "firstName": "Ace", "gender": "male", "lastName": "Soong", "id": "11606193", "bio": "", "photo": {"prefix": "https://igx.4sqi.net/img/user/", "suffix": "/blank_boy.png", "default": true}, "homeCity": "NY", "lists": {"groups": [{"items": [], "count": 2, "type": "created"}]}}, {"tips": {"count": 1}, "contact": {"facebook": "783992762"}, "firstName": "Ashley", "gender": "female", "lastName": "Tan", "id": "4308954", "bio": "", "photo": {"prefix": "https://igx.4sqi.net/img/user/", "suffix": "/G41BQNWAWOYYYFD4.jpg"}, "homeCity": "Singapore", "lists": {"groups": [{"items": [], "count": 2, "type": "created"}]}}, {"tips": {"count": 1}, "contact": {"facebook": "575817789"}, "firstName": "Desmond", "gender": "male", "lastName": "Chiew", "id": "49909804", "bio": "", "photo": {"prefix": "https://igx.4sqi.net/img/user/", "suffix": "/13XIBX3E3S413FBN.jpg"}, "homeCity": "Singapore", "lists": {"groups": [{"items": [], "count": 2, "type": "created"}]}}, {"tips": {"count": 0}, "contact": {"facebook": "659659544"}, "firstName": "Sunny", "gender": "male", "lastName": "Neo", "id": "4381215", "bio": "", "photo": {"prefix": "https://igx.4sqi.net/img/user/", "suffix": "/2X2BVRRGMRKFBJOA.jpg"}, "homeCity": "Singapore", "lists": {"groups": [{"items": [], "count": 2, "type": "created"}]}}, {"tips": {"count": 1}, "contact": {"facebook": "689417775"}, "firstName": "Liyun", "gender": "female", "lastName": "Soh", "id": "4419121", "bio": "", "photo": {"prefix": "https://igx.4sqi.net/img/user/", "suffix": "/T3IYYM4DSU12BV0F.jpg"}, "homeCity": "Singapore", "lists": {"groups": [{"items": [], "count": 2, "type": "created"}]}}, {"tips": {"count": 0}, "contact": {}, "firstName": "Kelly", "gender": "female", "lastName": "Tan", "id": "6701468", "bio": "", "photo": {"prefix": "https://igx.4sqi.net/img/user/", "suffix": "/RUWPD5PEJ5ZUM5IB.jpg"}, "homeCity": "Singapore", "lists": {"groups": [{"items": [], "count": 2, "type": "created"}]}}, {"tips": {"count": 0}, "contact": {"twitter": "supnxt", "facebook": "100001801877590"}, "firstName": "Natalie", "gender": "female", "lastName": "Maurer", "id": "21362597", "bio": "\u2639", "photo": {"prefix": "https://igx.4sqi.net/img/user/", "suffix": "/21362597_AapeuHrE_RghI7QIp6zcBFitwYBzVXEskMs2yoYiO4Uw5fcIx4zZ8GWTpHpQsndG52Dt7kiTB.jpg"}, "homeCity": "Singapore", "lists": {"groups": [{"items": [], "count": 2, "type": "created"}]}}, {"tips": {"count": 0}, "contact": {"facebook": "1620596525"}, "firstName": "Wawan", "gender": "male", "lastName": "Konichiwa", "id": "5441784", "bio": "", "photo": {"prefix": "https://igx.4sqi.net/img/user/", "suffix": "/PY2THFQZ5S5SCMCC.jpg"}, "homeCity": "Singapore", "lists": {"groups": [{"items": [], "count": 2, "type": "created"}]}}, {"tips": {"count": 0}, "contact": {"facebook": "527864186"}, "firstName": "Brenda", "gender": "female", "lastName": "Tan", "id": "40684500", "bio": "", "photo": {"prefix": "https://igx.4sqi.net/img/user/", "suffix": "/301XKORXRTCLMK4O.jpg"}, "homeCity": "New York, NY", "lists": {"groups": [{"items": [], "count": 2, "type": "created"}]}}, {"tips": {"count": 3}, "contact": {"facebook": "743778421"}, "firstName": "Wenxi", "gender": "female", "lastName": "Ng", "id": "1522164", "bio": "", "photo": {"prefix": "https://igx.4sqi.net/img/user/", "suffix": "/GNTEMN4PWDLSDOZB.jpg"}, "homeCity": "Choa Chu Kang, Singapore", "lists": {"groups": [{"items": [], "count": 2, "type": "created"}]}}, {"tips": {"count": 0}, "contact": {"facebook": "663167016"}, "firstName": "Evelyn", "gender": "female", "lastName": "Lim", "id": "3806890", "bio": "", "photo": {"prefix": "https://igx.4sqi.net/img/user/", "suffix": "/OTKWWECIYNE2D23C.jpg"}, "homeCity": "Singapore", "lists": {"groups": [{"items": [], "count": 2, "type": "created"}]}}, {"tips": {"count": 2}, "contact": {"twitter": "suffocation_x", "facebook": "10152864714887832"}, "firstName": "Teo", "gender": "male", "lastName": "Wei Kiat", "id": "4586370", "bio": "Instagram: @joshtwk_", "photo": {"prefix": "https://igx.4sqi.net/img/user/", "suffix": "/4586370-2B3RZS0YJLT3KHWU.jpg"}, "homeCity": "Singapore", "lists": {"groups": [{"items": [], "count": 2, "type": "created"}]}}, {"tips": {"count": 23}, "contact": {"twitter": "beloved_cheryl", "facebook": "637865752"}, "firstName": "Cheryl", "gender": "female", "lastName": "Chua", "id": "4402674", "bio": "", "photo": {"prefix": "https://igx.4sqi.net/img/user/", "suffix": "/E23ECIIZT1B0X4CP.jpg"}, "homeCity": "Singapore", "lists": {"groups": [{"items": [], "count": 3, "type": "created"}]}}, {"tips": {"count": 1}, "contact": {"facebook": "655361376"}, "firstName": "Wayne", "gender": "male", "lastName": "Goh", "id": "2059703", "bio": "", "photo": {"prefix": "https://igx.4sqi.net/img/user/", "suffix": "/DKWUX2ADNIKZW10J.jpg"}, "homeCity": "Tampines, Singapore", "lists": {"groups": [{"items": [], "count": 2, "type": "created"}]}}, {"tips": {"count": 0}, "contact": {"facebook": "596262641"}, "firstName": "Kelly", "gender": "female", "lastName": "Low", "id": "2603042", "bio": "", "photo": {"prefix": "https://igx.4sqi.net/img/user/", "suffix": "/UCOXH3U4NKOGB2TL.jpg"}, "homeCity": "Singapore", "lists": {"groups": [{"items": [], "count": 2, "type": "created"}]}}, {"tips": {"count": 0}, "contact": {"facebook": "1568019120"}, "firstName": "Lucas", "gender": "male", "lastName": "Toh B H", "id": "911901", "bio": "", "photo": {"prefix": "https://igx.4sqi.net/img/user/", "suffix": "/01PWD4BP4UHCUWDQ.jpg"}, "homeCity": "Singapore", "lists": {"groups": [{"items": [], "count": 2, "type": "created"}]}}, {"tips": {"count": 0}, "contact": {"twitter": "lyndatanleeting", "facebook": "518475701"}, "firstName": "Lynda", "gender": "female", "lastName": "Tan", "id": "2167948", "bio": "", "photo": {"prefix": "https://igx.4sqi.net/img/user/", "suffix": "/2167948-4ODQ1JTDXINHZFNJ.jpg"}, "homeCity": "Singapore", "lists": {"groups": [{"items": [], "count": 2, "type": "created"}]}}, {"tips": {"count": 2}, "contact": {"twitter": "limhoney", "facebook": "100000895236848"}, "firstName": "Honey", "gender": "female", "lastName": "Lim", "id": "5204380", "bio": "", "photo": {"prefix": "https://igx.4sqi.net/img/user/", "suffix": "/FVLCFIX1LYS4DZUS.jpg"}, "homeCity": "Singapore", "lists": {"groups": [{"items": [], "count": 2, "type": "created"}]}}, {"tips": {"count": 0}, "contact": {"facebook": "562978772"}, "firstName": "Winnie", "gender": "female", "lastName": "Lu", "id": "4864963", "bio": "", "photo": {"prefix": "https://irs0.4sqi.net/img/user/", "suffix": "/M4T4OERNUCXZB2DP.jpg"}, "homeCity": "Singapore", "lists": {"groups": [{"items": [], "count": 2, "type": "created"}]}}, {"tips": {"count": 0}, "contact": {"twitter": "minshilee"}, "firstName": "Min Shi", "gender": "female", "lastName": "Lee", "id": "5586846", "bio": "", "photo": {"prefix": "https://igx.4sqi.net/img/user/", "suffix": "/XQ0CUL3AMYRVHSKP.jpg"}, "homeCity": "Singapore", "lists": {"groups": [{"items": [], "count": 2, "type": "created"}]}}, {"tips": {"count": 0}, "contact": {"twitter": "zzeshi", "facebook": "653150367"}, "firstName": "Jessie", "gender": "female", "id": "3321615", "bio": "", "photo": {"prefix": "https://igx.4sqi.net/img/user/", "suffix": "/K25BSSPL4GSKETXP.jpg"}, "homeCity": "Singapore", "lists": {"groups": [{"items": [], "count": 2, "type": "created"}]}}, {"tips": {"count": 0}, "contact": {"facebook": "669187912"}, "firstName": "Rongiee", "gender": "female", "lastName": "Wong", "id": "2790127", "bio": "", "photo": {"prefix": "https://igx.4sqi.net/img/user/", "suffix": "/EX1VL330XHA0NC31.jpg"}, "homeCity": "Singapore", "lists": {"groups": [{"items": [], "count": 2, "type": "created"}]}}, {"tips": {"count": 0}, "contact": {"facebook": "563124052"}, "firstName": "AiKiko", "gender": "female", "lastName": "Lanz Veromee", "id": "4037172", "bio": "", "photo": {"prefix": "https://igx.4sqi.net/img/user/", "suffix": "/4037172-PT5U5EGH4KED3RZH.jpg"}, "homeCity": "Singapore", "lists": {"groups": [{"items": [], "count": 2, "type": "created"}]}}, {"tips": {"count": 0}, "contact": {"twitter": "su3tsu3t", "facebook": "100005223217032"}, "firstName": "suet", "gender": "female", "id": "31020140", "bio": "", "photo": {"prefix": "https://igx.4sqi.net/img/user/", "suffix": "/PKKOHTZW1QH3EXGD.jpg"}, "homeCity": "singapore", "lists": {"groups": [{"items": [], "count": 3, "type": "created"}]}}, {"tips": {"count": 0}, "contact": {"facebook": "567297581"}, "firstName": "xiangyi", "gender": "female", "lastName": "xiangyi", "id": "6294415", "bio": "", "photo": {"prefix": "https://igx.4sqi.net/img/user/", "suffix": "/blank_girl.png", "default": true}, "homeCity": "Singapore", "lists": {"groups": [{"items": [], "count": 2, "type": "created"}]}}, {"tips": {"count": 0}, "contact": {"twitter": "charmainensm", "facebook": "660675835"}, "firstName": "Charmaine", "gender": "female", "lastName": "Ng", "id": "10755553", "bio": "", "photo": {"prefix": "https://igx.4sqi.net/img/user/", "suffix": "/UKXYEFGC3EX3WXHO.jpg"}, "homeCity": "Singapore", "lists": {"groups": [{"items": [], "count": 2, "type": "created"}]}}, {"tips": {"count": 0}, "contact": {"facebook": "607824116"}, "firstName": "Nicholas", "gender": "male", "lastName": "Chng", "id": "3702964", "bio": "", "photo": {"prefix": "https://igx.4sqi.net/img/user/", "suffix": "/W0KPLDWGGQIKGIJS.jpg"}, "homeCity": "Singapore", "lists": {"groups": [{"items": [], "count": 2, "type": "created"}]}}, {"tips": {"count": 5}, "contact": {"twitter": "kiddyrei", "facebook": "557159456"}, "firstName": "Reina", "gender": "female", "lastName": "Ng", "id": "4041021", "bio": "", "photo": {"prefix": "https://igx.4sqi.net/img/user/", "suffix": "/GRL5ULRLVZCXU5FN.jpg"}, "homeCity": "Singapore", "lists": {"groups": [{"items": [], "count": 3, "type": "created"}]}}, {"tips": {"count": 0}, "contact": {"facebook": "702855184"}, "firstName": "Valerie", "gender": "female", "lastName": "Wong", "id": "17919899", "bio": "", "photo": {"prefix": "https://igx.4sqi.net/img/user/", "suffix": "/17919899-DLK0ANWL1H2QFKRP.jpg"}, "homeCity": "Singapore", "lists": {"groups": [{"items": [], "count": 2, "type": "created"}]}}, {"tips": {"count": 4}, "contact": {"twitter": "ahchaigcp", "facebook": "1092503441"}, "firstName": "Ah Chai", "gender": "female", "id": "3760601", "bio": "", "photo": {"prefix": "https://igx.4sqi.net/img/user/", "suffix": "/3760601_HIT5w7l3_gQOXvJaS1ih9bavmuikrWQc5iOJVS55s89AOCecm2WteUrIWsfAN8Li-cp7luC57.jpg"}, "homeCity": "Singapore", "lists": {"groups": [{"items": [], "count": 2, "type": "created"}]}}, {"tips": {"count": 5}, "contact": {}, "firstName": "Peggy", "gender": "none", "lastName": "Peiqi", "id": "5264524", "bio": "", "photo": {"prefix": "https://igx.4sqi.net/img/user/", "suffix": "/Z55NFT1EVAPMUAMM.jpg"}, "homeCity": "Singapore", "lists": {"groups": [{"items": [], "count": 2, "type": "created"}]}}], "count": 31}, "checksum": "5c431964486687d166d0a376b9d9ec919c603f66"}, "meta": {"requestId": "5965c079f594df3c596fd60a", "code": 200}}