{"notifications": [{"type": "notificationTray", "item": {"unreadCount": 0}}], "meta": {"requestId": "5966d717dd579712ec7831b4", "code": 200}, "response": {"friends": {"count": 159, "items": [{"id": "1031561", "photo": {"prefix": "https://igx.4sqi.net/img/user/", "suffix": "/L3DWTHBYYR5JFGK2.jpg"}, "homeCity": "Changi, Singapore", "contact": {"facebook": "729259800", "twitter": "v1v1_an"}, "firstName": "Vivian", "tips": {"count": 2}, "gender": "female", "lastName": "Tan", "lists": {"groups": [{"count": 2, "type": "created", "items": []}]}, "bio": ""}, {"id": "2308003", "photo": {"prefix": "https://igx.4sqi.net/img/user/", "suffix": "/WAEHM2XBI40TLNWL.jpg"}, "homeCity": "Singapore", "contact": {"facebook": "1391562228"}, "firstName": "Kenix", "tips": {"count": 0}, "gender": "none", "lastName": "Wong", "lists": {"groups": [{"count": 2, "type": "created", "items": []}]}, "bio": ""}, {"id": "3781594", "photo": {"prefix": "https://igx.4sqi.net/img/user/", "suffix": "/K2TQTB2GOCYVQG0T.jpg"}, "homeCity": "Singapore", "contact": {"facebook": "502539446", "twitter": "hereisnow"}, "firstName": "Edwin", "tips": {"count": 1}, "gender": "male", "lastName": "Lee", "lists": {"groups": [{"count": 2, "type": "created", "items": []}]}, "bio": ""}, {"id": "1614018", "photo": {"prefix": "https://igx.4sqi.net/img/user/", "suffix": "/SVYHNOWYFJTD2FGM.jpg"}, "homeCity": "Singapore", "contact": {"facebook": "596234407"}, "firstName": "Benjamin", "tips": {"count": 0}, "gender": "male", "lastName": "Chai", "lists": {"groups": [{"count": 2, "type": "created", "items": []}]}, "bio": ""}, {"id": "3167897", "photo": {"prefix": "https://igx.4sqi.net/img/user/", "suffix": "/AS0VXNNZI3SX2PNU.jpg"}, "homeCity": "Singapore", "contact": {}, "firstName": "Diana", "tips": {"count": 5}, "gender": "female", "lastName": "Lum", "lists": {"groups": [{"count": 2, "type": "created", "items": []}]}, "bio": ""}, {"id": "310431", "photo": {"prefix": "https://igx.4sqi.net/img/user/", "suffix": "/1NAJP5EXGX1TMKLZ.jpg"}, "homeCity": "Singapore", "contact": {"facebook": "544235582", "twitter": "the_serge"}, "firstName": "Serge", "tips": {"count": 8}, "gender": "male", "lastName": "Maximus", "lists": {"groups": [{"count": 2, "type": "created", "items": []}]}, "bio": ""}, {"id": "746699", "photo": {"prefix": "https://igx.4sqi.net/img/user/", "suffix": "/E1VXH1IAE30O4GQH.jpg"}, "homeCity": "Singapore, ", "contact": {"facebook": "516208795", "twitter": "little_gracie"}, "firstName": "Gracieee", "tips": {"count": 0}, "gender": "female", "lists": {"groups": [{"count": 2, "type": "created", "items": []}]}, "bio": ""}, {"id": "320656", "photo": {"prefix": "https://igx.4sqi.net/img/user/", "suffix": "/320656-QA5SVL1ZQPOCSWW3.jpg"}, "homeCity": "Singapore", "contact": {"facebook": "516610427", "twitter": "daphne_61"}, "firstName": "daph", "tips": {"count": 3}, "gender": "female", "lastName": "daph", "lists": {"groups": [{"count": 2, "type": "created", "items": []}]}, "bio": ""}, {"id": "61278", "photo": {"prefix": "https://igx.4sqi.net/img/user/", "default": true, "suffix": "/blank_boy.png"}, "homeCity": "Singapore", "contact": {"facebook": "227700001", "twitter": "bigsurf"}, "firstName": "Justin", "tips": {"count": 4}, "gender": "male", "lastName": "Lee", "lists": {"groups": [{"count": 2, "type": "created", "items": []}]}, "bio": ""}, {"id": "1073104", "photo": {"prefix": "https://igx.4sqi.net/img/user/", "suffix": "/HJ0BEDASRDAGBGZZ.jpg"}, "homeCity": "Khlong Toei, Bangkok", "contact": {"facebook": "638686594", "twitter": "ladyshalyn"}, "firstName": "Shalyn", "tips": {"count": 1}, "gender": "female", "lastName": "Tong", "lists": {"groups": [{"count": 2, "type": "created", "items": []}]}, "bio": ""}, {"id": "2871376", "photo": {"prefix": "https://igx.4sqi.net/img/user/", "suffix": "/2871376-MMDNSSC41YEEEFGS.jpg"}, "homeCity": "Singapore", "contact": {"facebook": "100001352706908", "twitter": "lennardchan"}, "firstName": "Lennard", "tips": {"count": 1}, "gender": "male", "lastName": "Chan", "lists": {"groups": [{"count": 2, "type": "created", "items": []}]}, "bio": ""}, {"id": "172488", "photo": {"prefix": "https://igx.4sqi.net/img/user/", "suffix": "/MEMHMDNDWVRYQPAE.jpg"}, "homeCity": "Singapore", "contact": {"facebook": "626247321", "twitter": "iamleonwei"}, "firstName": "Leon", "tips": {"count": 0}, "gender": "male", "lastName": "Wei", "lists": {"groups": [{"count": 2, "type": "created", "items": []}]}, "bio": ""}, {"id": "1481869", "photo": {"prefix": "https://igx.4sqi.net/img/user/", "suffix": "/WZZJVLX3QBVRXNGE.jpg"}, "homeCity": "Singapore", "contact": {"twitter": "zemmie_"}, "firstName": "Zemmie", "tips": {"count": 1}, "gender": "female", "lastName": "Cham", "lists": {"groups": [{"count": 2, "type": "created", "items": []}]}, "bio": ""}, {"id": "1806603", "photo": {"prefix": "https://igx.4sqi.net/img/user/", "suffix": "/WBM1XWLTWPYOB5PX.jpg"}, "homeCity": "Sembawang, Singapore", "contact": {"facebook": "532053108", "twitter": "yup3ng"}, "firstName": "Yupeng", "tips": {"count": 0}, "gender": "female", "lists": {"groups": [{"count": 2, "type": "created", "items": []}]}, "bio": ""}, {"id": "3536010", "photo": {"prefix": "https://igx.4sqi.net/img/user/", "suffix": "/DOLC5F5GMQUVDV5N.jpg"}, "homeCity": "Singapore", "contact": {"facebook": "524471764", "twitter": "zj_ahkiat"}, "firstName": "Huang", "tips": {"count": 4}, "gender": "male", "lastName": "Zhenjie", "lists": {"groups": [{"count": 2, "type": "created", "items": []}]}, "bio": ""}, {"id": "3460446", "photo": {"prefix": "https://igx.4sqi.net/img/user/", "suffix": "/YMZ1Z5RZ0SKLHT5I.jpg"}, "homeCity": "Singapore", "contact": {"facebook": "707013531", "twitter": "joanakemiyeo"}, "firstName": "Joan", "tips": {"count": 0}, "gender": "female", "lastName": "Yeo", "lists": {"groups": [{"count": 2, "type": "created", "items": []}]}, "bio": ""}, {"id": "620696", "photo": {"prefix": "https://igx.4sqi.net/img/user/", "suffix": "/NKXELT1EHU30UOAF.jpg"}, "homeCity": "Singapore", "contact": {"facebook": "679012101", "twitter": "kingmun"}, "firstName": "Sheryl", "tips": {"count": 2}, "gender": "female", "lastName": "Seah", "lists": {"groups": [{"count": 2, "type": "created", "items": []}]}, "bio": ""}, {"id": "1461005", "photo": {"prefix": "https://igx.4sqi.net/img/user/", "suffix": "/4YQRACU2AXE3JODH.png"}, "homeCity": "Singapore", "contact": {"facebook": "584507095"}, "firstName": "steve", "tips": {"count": 2}, "gender": "male", "lastName": "thong", "lists": {"groups": [{"count": 2, "type": "created", "items": []}]}, "bio": ""}, {"id": "1155032", "photo": {"prefix": "https://igx.4sqi.net/img/user/", "suffix": "/LKEU05YYYKFMNZ4E.jpg"}, "homeCity": "Singapore", "contact": {"facebook": "605405303"}, "firstName": "Eugene", "tips": {"count": 0}, "gender": "male", "lastName": "Teo", "lists": {"groups": [{"count": 2, "type": "created", "items": []}]}, "bio": ""}, {"id": "3039095", "photo": {"prefix": "https://igx.4sqi.net/img/user/", "suffix": "/2BYP1WJACPGGKI35.jpg"}, "homeCity": "Singapore, SG", "contact": {"facebook": "540218429"}, "firstName": "GuoQiang", "tips": {"count": 4}, "gender": "male", "lastName": "Low", "lists": {"groups": [{"count": 2, "type": "created", "items": []}]}, "bio": ""}, {"id": "1495446", "photo": {"prefix": "https://igx.4sqi.net/img/user/", "suffix": "/3KJHD0W2Y44ZOEAB.jpg"}, "homeCity": "Singapore", "contact": {"twitter": "carrietoh"}, "firstName": "Carrie", "tips": {"count": 3}, "gender": "female", "lists": {"groups": [{"count": 2, "type": "created", "items": []}]}, "bio": ""}, {"id": "1937733", "photo": {"prefix": "https://igx.4sqi.net/img/user/", "suffix": "/VTUKPZUX4ZW1Z1RZ.jpg"}, "homeCity": "Singapore", "contact": {"facebook": "594845299", "twitter": "lelandang"}, "firstName": "Leland", "tips": {"count": 1}, "gender": "male", "lastName": "Ang", "lists": {"groups": [{"count": 2, "type": "created", "items": []}]}, "bio": ""}, {"id": "3752281", "photo": {"prefix": "https://igx.4sqi.net/img/user/", "suffix": "/DWTMKPWDCRZNTHV0.jpg"}, "homeCity": "Singapore", "contact": {"facebook": "601082128", "twitter": "duanleng"}, "firstName": "Kelvin", "tips": {"count": 0}, "gender": "male", "lastName": "Ong", "lists": {"groups": [{"count": 2, "type": "created", "items": []}]}, "bio": ""}, {"id": "1700726", "photo": {"prefix": "https://igx.4sqi.net/img/user/", "suffix": "/1700726-MMX02E3Z5PXX4ID1.jpg"}, "homeCity": "Singapore", "contact": {"facebook": "721775077", "twitter": "lily_adali"}, "firstName": "Lily Adali", "tips": {"count": 24}, "gender": "female", "lastName": "\u250c\u2229\u2510(\u25e3_\u25e2)\u250c\u2229\u2510", "lists": {"groups": [{"count": 2, "type": "created", "items": []}]}, "bio": "Make Up Artist From Trasformazione'"}, {"id": "3548007", "photo": {"prefix": "https://igx.4sqi.net/img/user/", "suffix": "/TXGZ2CKBS0TC5FG3.jpg"}, "homeCity": "Singapore", "contact": {"facebook": "595147506"}, "firstName": "Jimmy", "tips": {"count": 6}, "gender": "male", "lastName": "Seah", "lists": {"groups": [{"count": 2, "type": "created", "items": []}]}, "bio": ""}, {"id": "1268926", "photo": {"prefix": "https://igx.4sqi.net/img/user/", "suffix": "/XDNINIKPF3NDGLRZ.jpg"}, "homeCity": "Singapore", "contact": {"facebook": "657805882"}, "firstName": "Charmaine", "tips": {"count": 0}, "gender": "female", "lastName": "Chan", "lists": {"groups": [{"count": 2, "type": "created", "items": []}]}, "bio": ""}, {"id": "3182483", "photo": {"prefix": "https://igx.4sqi.net/img/user/", "suffix": "/3182483-0LDSSHXD54OFLL2C.jpg"}, "homeCity": "Singapore", "contact": {"facebook": "806198078", "twitter": "amytwittedso"}, "firstName": "Amy", "tips": {"count": 3}, "gender": "female", "lastName": "Ho", "lists": {"groups": [{"count": 2, "type": "created", "items": []}]}, "bio": ""}, {"id": "1994655", "photo": {"prefix": "https://igx.4sqi.net/img/user/", "suffix": "/PIZ1AI1TXIAA5DPQ.jpg"}, "homeCity": "Singapore", "contact": {}, "firstName": "Haiquan", "tips": {"count": 6}, "gender": "male", "lists": {"groups": [{"count": 2, "type": "created", "items": []}]}, "bio": ""}, {"id": "3754885", "photo": {"prefix": "https://igx.4sqi.net/img/user/", "default": true, "suffix": "/blank_boy.png"}, "homeCity": "Singapore", "contact": {}, "firstName": "jintong", "tips": {"count": 0}, "gender": "male", "lastName": "khok", "lists": {"groups": [{"count": 2, "type": "created", "items": []}]}, "bio": ""}, {"id": "3549654", "photo": {"prefix": "https://igx.4sqi.net/img/user/", "suffix": "/4CQFDPJYMYFG0XTJ.jpg"}, "homeCity": "Singapore", "contact": {"facebook": "722983327"}, "firstName": "Agnes", "tips": {"count": 0}, "gender": "female", "lastName": "Ang", "lists": {"groups": [{"count": 2, "type": "created", "items": []}]}, "bio": ""}, {"id": "1283135", "photo": {"prefix": "https://igx.4sqi.net/img/user/", "suffix": "/C5ZWUZTB0PANVEDC.jpg"}, "homeCity": "Singapore", "contact": {"facebook": "646270942"}, "firstName": "Adeline", "tips": {"count": 1}, "gender": "female", "lastName": "Kam", "lists": {"groups": [{"count": 2, "type": "created", "items": []}]}, "bio": ""}, {"id": "3499404", "photo": {"prefix": "https://igx.4sqi.net/img/user/", "suffix": "/KS3A2GUX1BG1J5HH.jpg"}, "homeCity": "Singapore", "contact": {"facebook": "638154334"}, "firstName": "Amanda", "tips": {"count": 0}, "gender": "female", "lastName": "Biaokia", "lists": {"groups": [{"count": 2, "type": "created", "items": []}]}, "bio": ""}, {"id": "2287881", "photo": {"prefix": "https://igx.4sqi.net/img/user/", "suffix": "/G3ZNLAOP12RMV3HS.jpg"}, "homeCity": "singapore", "contact": {"facebook": "677067296"}, "firstName": "Justin", "tips": {"count": 31}, "gender": "male", "lastName": "C", "lists": {"groups": [{"count": 5, "type": "created", "items": []}]}, "bio": ""}, {"id": "3833867", "photo": {"prefix": "https://igx.4sqi.net/img/user/", "suffix": "/ZGMYNFZSAYGJ34W4.jpg"}, "homeCity": "Singapore", "contact": {}, "firstName": "Leslie", "tips": {"count": 0}, "gender": "male", "lastName": "Velge", "lists": {"groups": [{"count": 2, "type": "created", "items": []}]}, "bio": ""}, {"id": "1690475", "photo": {"prefix": "https://igx.4sqi.net/img/user/", "suffix": "/1H1PTI1T4ALXCAT1.jpg"}, "homeCity": "Yokohama, Japan", "contact": {"facebook": "761944279", "twitter": "greginsingapore"}, "firstName": "Gregory", "tips": {"count": 2}, "gender": "male", "lastName": "Gumo", "lists": {"groups": [{"count": 2, "type": "created", "items": []}]}, "bio": ""}, {"id": "3678977", "photo": {"prefix": "https://igx.4sqi.net/img/user/", "suffix": "/XALNTNWVDP4TZCEC.jpg"}, "homeCity": "Singapore", "contact": {"facebook": "742094501", "twitter": "js_chen"}, "firstName": "Jinsheng", "tips": {"count": 0}, "gender": "male", "lastName": "Chen", "lists": {"groups": [{"count": 2, "type": "created", "items": []}]}, "bio": ""}, {"id": "2740741", "photo": {"prefix": "https://igx.4sqi.net/img/user/", "suffix": "/DGIQQQP0EP2G51WQ.jpg"}, "homeCity": "Singapore", "contact": {"facebook": "742269096"}, "firstName": "Melody", "tips": {"count": 1}, "gender": "female", "lastName": "Chan", "lists": {"groups": [{"count": 2, "type": "created", "items": []}]}, "bio": ""}, {"id": "3876685", "photo": {"prefix": "https://igx.4sqi.net/img/user/", "suffix": "/1QOA45RSBWLCG43B.jpg"}, "homeCity": "Singapore", "contact": {"facebook": "607900406", "twitter": "daphne__ho"}, "firstName": "Daphne", "tips": {"count": 1}, "gender": "female", "lastName": "Ho", "lists": {"groups": [{"count": 2, "type": "created", "items": []}]}, "bio": ""}, {"id": "1810317", "photo": {"prefix": "https://igx.4sqi.net/img/user/", "suffix": "/A0UPFVVB1RZKTJGH.jpg"}, "homeCity": " Singapore", "contact": {"facebook": "745843176", "twitter": "_missyserene"}, "firstName": "Serene", "tips": {"count": 5}, "gender": "female", "lastName": "Ng", "lists": {"groups": [{"count": 2, "type": "created", "items": []}]}, "bio": ""}, {"id": "3860778", "photo": {"prefix": "https://igx.4sqi.net/img/user/", "suffix": "/XNGT3U3TYZFKFKWX.jpg"}, "homeCity": "Singapore, Jurong", "contact": {"facebook": "1013253772"}, "firstName": "Marcus", "tips": {"count": 2}, "gender": "male", "lastName": "Toh", "lists": {"groups": [{"count": 2, "type": "created", "items": []}]}, "bio": ""}, {"id": "3362624", "photo": {"prefix": "https://igx.4sqi.net/img/user/", "suffix": "/DLSWZVTCPE53RBLM.jpg"}, "homeCity": "Singapore", "contact": {}, "firstName": "Soh", "tips": {"count": 2}, "gender": "female", "lastName": "Cynthia", "lists": {"groups": [{"count": 2, "type": "created", "items": []}]}, "bio": ""}, {"id": "3923311", "photo": {"prefix": "https://igx.4sqi.net/img/user/", "suffix": "/KJFYAV31UPFBU2FW.jpg"}, "homeCity": "Singapore", "contact": {}, "firstName": "Sam", "tips": {"count": 0}, "gender": "male", "lastName": "Chin", "lists": {"groups": [{"count": 2, "type": "created", "items": []}]}, "bio": ""}, {"id": "1967407", "photo": {"prefix": "https://igx.4sqi.net/img/user/", "suffix": "/J4OM4OBLAEA4JCKR.jpg"}, "homeCity": "Singapore", "contact": {"facebook": "10154263267466407"}, "firstName": "Max", "tips": {"count": 0}, "gender": "male", "lastName": "Yeo", "lists": {"groups": [{"count": 2, "type": "created", "items": []}]}, "bio": ""}, {"id": "3878812", "photo": {"prefix": "https://igx.4sqi.net/img/user/", "default": true, "suffix": "/blank_boy.png"}, "homeCity": "Singapore", "contact": {}, "firstName": "Nigel Rhys", "tips": {"count": 0}, "gender": "male", "lastName": "Lee", "lists": {"groups": [{"count": 2, "type": "created", "items": []}]}, "bio": ""}, {"id": "3578632", "photo": {"prefix": "https://igx.4sqi.net/img/user/", "suffix": "/JXNUSCAXBJUJIFU4.jpg"}, "homeCity": "Singapore", "contact": {"facebook": "629945576", "twitter": "evaling"}, "firstName": "Eva", "tips": {"count": 2}, "gender": "female", "lastName": "Ling", "lists": {"groups": [{"count": 2, "type": "created", "items": []}]}, "bio": ""}, {"id": "3933700", "photo": {"prefix": "https://igx.4sqi.net/img/user/", "suffix": "/ZRQGGH5XRWNAZ2FX.jpg"}, "homeCity": "Singapore", "contact": {"facebook": "705212238"}, "firstName": "Dominic", "tips": {"count": 0}, "gender": "male", "lastName": "Cheng", "lists": {"groups": [{"count": 2, "type": "created", "items": []}]}, "bio": ""}, {"id": "2529502", "photo": {"prefix": "https://igx.4sqi.net/img/user/", "suffix": "/WDFVHKB1S23LFUVP.jpg"}, "homeCity": "Adelaide, Australia", "contact": {"facebook": "635242101", "twitter": "eileenary"}, "firstName": "Eileen", "tips": {"count": 3}, "gender": "female", "lastName": "Low", "lists": {"groups": [{"count": 2, "type": "created", "items": []}]}, "bio": ""}, {"id": "3881876", "photo": {"prefix": "https://igx.4sqi.net/img/user/", "suffix": "/3881876-MI3HECM1OR3CQKQ5.jpg"}, "homeCity": "Singapore", "contact": {"facebook": "10203096177916339"}, "firstName": "DeLai", "tips": {"count": 0}, "gender": "male", "lastName": "World", "lists": {"groups": [{"count": 2, "type": "created", "items": []}]}, "bio": "Friends Forever :-)"}, {"id": "3660619", "photo": {"prefix": "https://igx.4sqi.net/img/user/", "suffix": "/DZDVHFTR4JXIHLFT.jpg"}, "homeCity": "Singapore", "contact": {}, "firstName": "Law", "tips": {"count": 0}, "gender": "male", "lastName": "Gerald", "lists": {"groups": [{"count": 2, "type": "created", "items": []}]}, "bio": ""}, {"id": "2722300", "photo": {"prefix": "https://igx.4sqi.net/img/user/", "default": true, "suffix": "/blank_boy.png"}, "homeCity": "Singapore", "contact": {}, "firstName": "Hannah", "tips": {"count": 0}, "gender": "none", "lastName": "Lau", "lists": {"groups": [{"count": 2, "type": "created", "items": []}]}, "bio": ""}, {"id": "2975015", "photo": {"prefix": "https://igx.4sqi.net/img/user/", "suffix": "/DRZ2AL345BP5Y0G0.jpg"}, "homeCity": "Singapore", "contact": {"facebook": "708582778"}, "firstName": "Deth", "tips": {"count": 2}, "gender": "male", "lists": {"groups": [{"count": 2, "type": "created", "items": []}]}, "bio": ""}, {"id": "3013421", "photo": {"prefix": "https://igx.4sqi.net/img/user/", "suffix": "/KDPVJCD4T54TGEET.jpg"}, "homeCity": "Singapore", "contact": {"facebook": "100000268427875"}, "firstName": "Eugene", "tips": {"count": 1}, "gender": "male", "lastName": "Hong", "lists": {"groups": [{"count": 2, "type": "created", "items": []}]}, "bio": ""}, {"id": "3234085", "photo": {"prefix": "https://igx.4sqi.net/img/user/", "suffix": "/4EK3UC550I3TDVXB.jpg"}, "homeCity": "Singapore", "contact": {"facebook": "579128952"}, "firstName": "Kar Soon", "tips": {"count": 1}, "gender": "male", "lastName": "Hoi", "lists": {"groups": [{"count": 2, "type": "created", "items": []}]}, "bio": ""}, {"id": "3378082", "photo": {"prefix": "https://igx.4sqi.net/img/user/", "suffix": "/CB1Y5VITEZYCC0CB.jpg"}, "homeCity": "Singapore", "contact": {"facebook": "1279168501"}, "firstName": "Gary", "tips": {"count": 1}, "gender": "male", "lastName": "Lim", "lists": {"groups": [{"count": 2, "type": "created", "items": []}]}, "bio": ""}, {"id": "3565937", "photo": {"prefix": "https://igx.4sqi.net/img/user/", "suffix": "/5CUBRBEKIFJX2FL4.jpg"}, "homeCity": "Singapore", "contact": {"facebook": "699118476"}, "firstName": "Felix", "tips": {"count": 2}, "gender": "male", "lastName": "Ooi", "lists": {"groups": [{"count": 2, "type": "created", "items": []}]}, "bio": ""}, {"id": "3568230", "photo": {"prefix": "https://igx.4sqi.net/img/user/", "suffix": "/IK2TTIXWCVGSQO3V.jpg"}, "homeCity": "Taiwan", "contact": {"facebook": "1484746260", "twitter": "fabian_ng"}, "firstName": "Fabian", "tips": {"count": 0}, "gender": "male", "lastName": "Ng", "lists": {"groups": [{"count": 2, "type": "created", "items": []}]}, "bio": ""}, {"id": "3612450", "photo": {"prefix": "https://igx.4sqi.net/img/user/", "suffix": "/RL5GSEDHRCHURVYD.jpg"}, "homeCity": "Singapore", "contact": {"facebook": "775795611"}, "firstName": "Herbert", "tips": {"count": 4}, "gender": "male", "lastName": "Liu", "lists": {"groups": [{"count": 2, "type": "created", "items": []}]}, "bio": ""}, {"id": "4167056", "photo": {"prefix": "https://igx.4sqi.net/img/user/", "suffix": "/3VKGBHAACLO1DZLW.jpg"}, "homeCity": "Singapore", "contact": {}, "firstName": "Bao", "tips": {"count": 0}, "gender": "male", "lists": {"groups": [{"count": 2, "type": "created", "items": []}]}, "bio": ""}, {"id": "4196985", "photo": {"prefix": "https://igx.4sqi.net/img/user/", "default": true, "suffix": "/blank_boy.png"}, "homeCity": "Singapore", "contact": {}, "firstName": "Ganesh", "tips": {"count": 0}, "gender": "male", "lastName": "Krishnan", "lists": {"groups": [{"count": 2, "type": "created", "items": []}]}, "bio": ""}]}, "checksum": "5b2340dcd0ee336c61f91074562fe3d82d53ef3c"}}