{"notifications": [{"type": "notificationTray", "item": {"unreadCount": 0}}], "meta": {"requestId": "5966d1c2dd579712ea59a522", "code": 200}, "response": {"friends": {"count": 70, "items": [{"id": "11634370", "photo": {"prefix": "https://igx.4sqi.net/img/user/", "suffix": "/HEGNHGBH4LHWKYXX.jpg"}, "homeCity": "", "contact": {"twitter": "rianararakalsum"}, "firstName": "Riana Rara", "tips": {"count": 0}, "gender": "female", "lastName": "Kalsum", "lists": {"groups": [{"count": 2, "type": "created", "items": []}]}, "bio": "I want you to know but I don't want to tell you..."}, {"id": "28842079", "photo": {"prefix": "https://igx.4sqi.net/img/user/", "suffix": "/4ZG5LD1ZYBZZQ5VS.jpg"}, "homeCity": "Jakarta Raya", "contact": {"facebook": "607578369", "twitter": "madameloly"}, "firstName": "Loli", "tips": {"count": 0}, "gender": "female", "lastName": "Norita", "lists": {"groups": [{"count": 2, "type": "created", "items": []}]}, "bio": ""}, {"id": "6191121", "photo": {"prefix": "https://igx.4sqi.net/img/user/", "suffix": "/51DRLLHR0XPT5BRN.jpg"}, "homeCity": "Jakarta, Indonesia", "contact": {"facebook": "1579031725", "twitter": "anggahuprobo"}, "firstName": "Angga", "tips": {"count": 0}, "gender": "male", "lastName": "Huprobo", "lists": {"groups": [{"count": 2, "type": "created", "items": []}]}, "bio": "Untuk Tuhan, Negara dan Korps Kesatuan"}, {"id": "1199794", "photo": {"prefix": "https://igx.4sqi.net/img/user/", "suffix": "/TNLGXCATMMSULGOG.jpg"}, "homeCity": "Jakarta Capital Region, Jakarta Capital Regi", "contact": {"twitter": "arnita_rosiana"}, "firstName": "Arnita", "tips": {"count": 1}, "gender": "female", "lastName": "Rosiana", "lists": {"groups": [{"count": 2, "type": "created", "items": []}]}, "bio": ""}, {"id": "37465798", "photo": {"prefix": "https://igx.4sqi.net/img/user/", "suffix": "/XUIVXMIHY5I1ZOC2.jpg"}, "homeCity": "Jakarta Raya", "contact": {"facebook": "1071237734", "twitter": "armanmaasir"}, "firstName": "Arman", "tips": {"count": 0}, "gender": "male", "lastName": "Maasir", "lists": {"groups": [{"count": 2, "type": "created", "items": []}]}, "bio": ""}, {"id": "26929070", "photo": {"prefix": "https://igx.4sqi.net/img/user/", "suffix": "/XW4OK2XGUCML3NZ0.jpg"}, "homeCity": "Jakarta Raya", "contact": {"facebook": "1371877048", "twitter": "madeacip"}, "firstName": "Made", "tips": {"count": 0}, "gender": "male", "lastName": "Sucipta", "lists": {"groups": [{"count": 2, "type": "created", "items": []}]}, "bio": ""}, {"id": "3770665", "photo": {"prefix": "https://igx.4sqi.net/img/user/", "default": true, "suffix": "/blank_boy.png"}, "homeCity": "Jakarta, Indonesia", "contact": {}, "firstName": "Ufi", "tips": {"count": 0}, "gender": "male", "lastName": "Ufi", "lists": {"groups": [{"count": 2, "type": "created", "items": []}]}, "bio": ""}, {"id": "1349888", "photo": {"prefix": "https://igx.4sqi.net/img/user/", "suffix": "/PWHUPARCSZFTMBH3.jpg"}, "homeCity": "Pekanbaru, Riau", "contact": {"facebook": "679315817", "twitter": "faridlatif"}, "firstName": "Farid", "tips": {"count": 2}, "gender": "male", "lastName": "Latif", "lists": {"groups": [{"count": 2, "type": "created", "items": []}]}, "bio": ""}, {"id": "11480476", "photo": {"prefix": "https://igx.4sqi.net/img/user/", "suffix": "/PR3R13YYY34XDMTJ.jpg"}, "homeCity": "Jakarta", "contact": {"facebook": "608658952"}, "firstName": "Nelwin", "tips": {"count": 10}, "gender": "male", "lastName": "Aldriansyah", "lists": {"groups": [{"count": 2, "type": "created", "items": []}]}, "bio": ""}, {"id": "20858318", "photo": {"prefix": "https://igx.4sqi.net/img/user/", "suffix": "/A0J2XDPT3ETPKPO4.jpg"}, "homeCity": "Banten", "contact": {"facebook": "1830528497", "twitter": "pasarsepeda"}, "firstName": "Odjie JPG", "tips": {"count": 4}, "gender": "male", "lastName": "@PasarSepeda", "lists": {"groups": [{"count": 2, "type": "created", "items": []}]}, "bio": "Cycling for Fit & Fun, Friends & Family, Finance & Future. Lets Riding Your Life #BeBetterByBike hp 081280200100"}, {"id": "2184970", "photo": {"prefix": "https://igx.4sqi.net/img/user/", "suffix": "/DHNS4UHBW2EV5IDM.jpg"}, "homeCity": "Jakarta, Indonesia", "contact": {"facebook": "637687346", "twitter": "bowowitjaksono"}, "firstName": "Bowo Witjaksono", "tips": {"count": 20}, "gender": "male", "lastName": "Suhardjo", "lists": {"groups": [{"count": 2, "type": "created", "items": []}]}, "bio": "Business Sherpa, Investment Specialist, Art-Design-Apple geek"}, {"id": "54615811", "photo": {"prefix": "https://igx.4sqi.net/img/user/", "default": true, "suffix": "/blank_girl.png"}, "homeCity": "Kansas City, MO", "contact": {"facebook": "612422032", "twitter": "ikazinn"}, "firstName": "Ika", "tips": {"count": 0}, "gender": "female", "lastName": "Zimn", "lists": {"groups": [{"count": 2, "type": "created", "items": []}]}, "bio": ""}, {"id": "1221893", "photo": {"prefix": "https://igx.4sqi.net/img/user/", "suffix": "/RSJOJRVSK3ATSI5V.jpg"}, "homeCity": "Jakarta, Indonesia", "contact": {"twitter": "sikiky"}, "firstName": "sikiky", "tips": {"count": 2}, "gender": "female", "lists": {"groups": [{"count": 2, "type": "created", "items": []}]}, "bio": ""}, {"id": "3454472", "photo": {"prefix": "https://igx.4sqi.net/img/user/", "suffix": "/O3GDE133OL2AZEDQ.jpg"}, "homeCity": "Pondok Aren, Indonesia", "contact": {"facebook": "100000084706392"}, "firstName": "Rudi", "tips": {"count": 0}, "gender": "male", "lastName": "Bike", "lists": {"groups": [{"count": 3, "type": "created", "items": []}]}, "bio": ""}, {"id": "986989", "photo": {"prefix": "https://igx.4sqi.net/img/user/", "suffix": "/UNNYCE4PNE4D1FB5.png"}, "homeCity": "Jakarta Selatan, Jakarta", "contact": {"facebook": "715387447"}, "firstName": "Ian", "tips": {"count": 1}, "gender": "male", "lastName": "Herbowo", "lists": {"groups": [{"count": 2, "type": "created", "items": []}]}, "bio": ""}, {"id": "1787096", "photo": {"prefix": "https://igx.4sqi.net/img/user/", "suffix": "/WOPDAZWICKHHGHDC.jpg"}, "homeCity": "B. Lampung", "contact": {"facebook": "1175478521", "twitter": "arnoldy_arnoldy"}, "firstName": "Arnoldy", "tips": {"count": 12}, "gender": "male", "lastName": "Arnoldy", "lists": {"groups": [{"count": 2, "type": "created", "items": []}]}, "bio": ""}, {"id": "1476703", "photo": {"prefix": "https://igx.4sqi.net/img/user/", "suffix": "/5IMO41W4IDXXLSQS.jpg"}, "homeCity": "Jakarta Indonesia", "contact": {"facebook": "606261858", "twitter": "simon_p1000"}, "firstName": "Simon", "tips": {"count": 9}, "gender": "male", "lastName": "Pasaribu", "lists": {"groups": [{"count": 2, "type": "created", "items": []}]}, "bio": ""}, {"id": "87578561", "photo": {"prefix": "https://igx.4sqi.net/img/user/", "default": true, "suffix": "/blank_boy.png"}, "homeCity": "", "contact": {"facebook": "1004953152"}, "firstName": "Muhammad Hasan", "tips": {"count": 0}, "gender": "male", "lastName": "Alatas", "lists": {"groups": [{"count": 2, "type": "created", "items": []}]}, "bio": ""}, {"id": "937147", "photo": {"prefix": "https://igx.4sqi.net/img/user/", "suffix": "/Z2DKA4TZJE3YZM3U.jpg"}, "homeCity": "Indonesia", "contact": {"facebook": "1549555471", "twitter": "bsyaelendra"}, "firstName": "bayu adam", "tips": {"count": 0}, "gender": "male", "lastName": "syaelendra", "lists": {"groups": [{"count": 2, "type": "created", "items": []}]}, "bio": ""}, {"id": "2665582", "photo": {"prefix": "https://igx.4sqi.net/img/user/", "suffix": "/YBURIUOM3OH0PMF0.jpg"}, "homeCity": "Jakarta, Indonesia", "contact": {"facebook": "1006767512", "twitter": "wisnugrohow"}, "firstName": "Wishnew", "tips": {"count": 3}, "gender": "male", "lists": {"groups": [{"count": 2, "type": "created", "items": []}]}, "bio": ""}, {"id": "2150541", "photo": {"prefix": "https://igx.4sqi.net/img/user/", "suffix": "/B4J1FJ21UG0MUUN1.jpg"}, "homeCity": "Jakarta", "contact": {"facebook": "1620846855", "twitter": "edu_djalil"}, "firstName": "Edu", "tips": {"count": 2}, "gender": "male", "lastName": "D", "lists": {"groups": [{"count": 2, "type": "created", "items": []}]}, "bio": ""}, {"id": "13207958", "photo": {"prefix": "https://igx.4sqi.net/img/user/", "suffix": "/XBP5I0UEMRDX5N05.jpg"}, "homeCity": "Ciputat, Indonesia", "contact": {"facebook": "1103920300"}, "firstName": "Burlita", "tips": {"count": 0}, "gender": "female", "lastName": "Chan", "lists": {"groups": [{"count": 2, "type": "created", "items": []}]}, "bio": ""}, {"id": "50830216", "photo": {"prefix": "https://igx.4sqi.net/img/user/", "suffix": "/TYJ0V55B4OFSJZQG.jpg"}, "homeCity": "Miami Beach, FL", "contact": {"facebook": "100002013414244"}, "firstName": "Romeo", "tips": {"count": 0}, "gender": "male", "lastName": "Matthieu", "lists": {"groups": [{"count": 2, "type": "created", "items": []}]}, "bio": ""}, {"id": "7390455", "photo": {"prefix": "https://igx.4sqi.net/img/user/", "suffix": "/ETHNBK4OKEKS0AGU.jpg"}, "homeCity": "Jakarta, Indonesia", "contact": {"facebook": "677068572", "twitter": "azmaddanatja"}, "firstName": "Anzi", "tips": {"count": 66}, "gender": "none", "lists": {"groups": [{"count": 7, "type": "created", "items": []}]}, "bio": ""}, {"id": "39804449", "photo": {"prefix": "https://igx.4sqi.net/img/user/", "suffix": "/KU0C03I0FHAGSKOP.jpg"}, "homeCity": "Kalimantan Timur", "contact": {"facebook": "1101326801", "twitter": "poppyo2"}, "firstName": "Poppy", "tips": {"count": 0}, "gender": "female", "lastName": "Hendrati", "lists": {"groups": [{"count": 2, "type": "created", "items": []}]}, "bio": ""}, {"id": "12069871", "photo": {"prefix": "https://igx.4sqi.net/img/user/", "suffix": "/12069871-ETEEN33T5UMHEHFC.jpg"}, "homeCity": "Jakarta, Indonesia", "contact": {"facebook": "753061165", "twitter": "sikokoq"}, "firstName": "ika", "tips": {"count": 0}, "gender": "female", "lastName": "arfiani", "lists": {"groups": [{"count": 2, "type": "created", "items": []}]}, "bio": ""}, {"id": "7661574", "photo": {"prefix": "https://igx.4sqi.net/img/user/", "suffix": "/N20R32GRD3JGK1SP.jpg"}, "homeCity": "jakarta", "contact": {"facebook": "819131589"}, "firstName": "Tasman", "tips": {"count": 0}, "gender": "male", "lastName": "Tasman", "lists": {"groups": [{"count": 2, "type": "created", "items": []}]}, "bio": ""}, {"id": "66374581", "photo": {"prefix": "https://igx.4sqi.net/img/user/", "suffix": "/UF3RMAJARXP20GBV.jpg"}, "homeCity": "Pondokaren, 30", "contact": {"facebook": "100003639521907"}, "firstName": "Kamelia", "tips": {"count": 0}, "gender": "female", "lastName": "Devi", "lists": {"groups": [{"count": 2, "type": "created", "items": []}]}, "bio": ""}, {"id": "2189959", "photo": {"prefix": "https://igx.4sqi.net/img/user/", "suffix": "/VNZ4AWVPE1GUWZW2.jpg"}, "homeCity": "Jakarta, Indonesia", "contact": {"facebook": "715324829", "twitter": "aldogandara"}, "firstName": "Aldo", "tips": {"count": 3}, "gender": "male", "lastName": "Gandara", "lists": {"groups": [{"count": 2, "type": "created", "items": []}]}, "bio": ""}, {"id": "1222489", "photo": {"prefix": "https://igx.4sqi.net/img/user/", "suffix": "/GPFBB2PL301ND1B4.jpg"}, "homeCity": "Jakarta Capital Region, Jakarta Capital Regi", "contact": {"twitter": "nugieaza"}, "firstName": "Rizky", "tips": {"count": 2}, "gender": "male", "lastName": "Gelo", "lists": {"groups": [{"count": 2, "type": "created", "items": []}]}, "bio": ""}, {"id": "3334056", "photo": {"prefix": "https://igx.4sqi.net/img/user/", "suffix": "/3334056-WZCKFHOZWCOLPI4K.jpg"}, "homeCity": "Indonesia", "contact": {"facebook": "10153121599648867", "twitter": "w1eth4"}, "firstName": "Windy", "tips": {"count": 0}, "gender": "female", "lastName": "Octaviyanie", "lists": {"groups": [{"count": 2, "type": "created", "items": []}]}, "bio": ""}, {"id": "21063989", "photo": {"prefix": "https://igx.4sqi.net/img/user/", "suffix": "/21063989-5GEGTT2RVZS2CNV3.jpg"}, "homeCity": "Jawa Barat", "contact": {"facebook": "667074792"}, "firstName": "romi", "tips": {"count": 0}, "gender": "male", "lastName": "peranginangin", "lists": {"groups": [{"count": 2, "type": "created", "items": []}]}, "bio": ""}, {"id": "80543484", "photo": {"prefix": "https://igx.4sqi.net/img/user/", "suffix": "/80543484-55BGLDRFMLF2MLNF.jpg"}, "homeCity": "", "contact": {}, "firstName": "Juliana", "tips": {"count": 0}, "gender": "female", "lastName": "Waggoner", "lists": {"groups": [{"count": 2, "type": "created", "items": []}]}, "bio": ""}, {"id": "1142254", "photo": {"prefix": "https://igx.4sqi.net/img/user/", "suffix": "/NFHAHQPUPXB5BMFB.jpg"}, "homeCity": "Jakarta, Indonesia", "contact": {"facebook": "712136667", "twitter": "r3miel"}, "firstName": "Remiel", "tips": {"count": 15}, "gender": "male", "lists": {"groups": [{"count": 2, "type": "created", "items": []}]}, "bio": ""}, {"id": "3035809", "photo": {"prefix": "https://igx.4sqi.net/img/user/", "suffix": "/KFEZUW2UOHLEHSWF.jpg"}, "homeCity": "Jakarta, Indonesia", "contact": {"facebook": "672866882", "twitter": "sthanny"}, "firstName": "Hanny", "tips": {"count": 0}, "gender": "male", "lastName": "Sutanto", "lists": {"groups": [{"count": 2, "type": "created", "items": []}]}, "bio": ""}, {"id": "75586555", "photo": {"prefix": "https://igx.4sqi.net/img/user/", "suffix": "/75586555-3YXAOUZWNMPEAK24.jpg"}, "homeCity": "Bintaro, Daerah Khusus Ibukota Jakarta", "contact": {"twitter": "gitoatm"}, "firstName": "Gitoatm", "tips": {"count": 10}, "gender": "none", "lists": {"groups": [{"count": 2, "type": "created", "items": []}]}, "bio": ""}, {"id": "56620825", "photo": {"prefix": "https://igx.4sqi.net/img/user/", "default": true, "suffix": "/blank_girl.png"}, "homeCity": "Jakarta, 04", "contact": {"facebook": "1268773306"}, "firstName": "Mila", "tips": {"count": 0}, "gender": "female", "lastName": "Handiana", "lists": {"groups": [{"count": 2, "type": "created", "items": []}]}, "bio": ""}, {"id": "54820729", "photo": {"prefix": "https://igx.4sqi.net/img/user/", "default": true, "suffix": "/blank_girl.png"}, "homeCity": "Jakarta, 04", "contact": {"facebook": "1377619998", "twitter": "tredonneclinic"}, "firstName": "Mona", "tips": {"count": 0}, "gender": "female", "lastName": "Ys", "lists": {"groups": [{"count": 2, "type": "created", "items": []}]}, "bio": ""}, {"id": "55140042", "photo": {"prefix": "https://igx.4sqi.net/img/user/", "suffix": "/ZMJUORAWAOBJ0TDC.jpg"}, "homeCity": "Bandung", "contact": {"facebook": "100001571721792"}, "firstName": "Hambaludin", "tips": {"count": 0}, "gender": "male", "lastName": "Jamal", "lists": {"groups": [{"count": 2, "type": "created", "items": []}]}, "bio": ""}, {"id": "18235026", "photo": {"prefix": "https://igx.4sqi.net/img/user/", "suffix": "/JQFWVKCL5M3OC3OE.jpg"}, "homeCity": "NY", "contact": {"facebook": "766229780"}, "firstName": "Andina", "tips": {"count": 0}, "gender": "female", "lastName": "Pramesti", "lists": {"groups": [{"count": 2, "type": "created", "items": []}]}, "bio": ""}, {"id": "19903494", "photo": {"prefix": "https://igx.4sqi.net/img/user/", "suffix": "/1LIY0DEC3A32CSR1.jpg"}, "homeCity": "\u03a3\u03c0\u03ac\u03c4\u03b1, \u0395\u03bb\u03bb\u03ac\u03c2", "contact": {"facebook": "816777234"}, "firstName": "Dimitris", "tips": {"count": 0}, "gender": "male", "lastName": "Markou", "lists": {"groups": [{"count": 2, "type": "created", "items": []}]}, "bio": ""}, {"id": "2243933", "photo": {"prefix": "https://igx.4sqi.net/img/user/", "suffix": "/RCUWWTH2JTA2YKIE.gif"}, "homeCity": "jakarta, Indonesia", "contact": {"facebook": "507304081", "twitter": "jsjxyz"}, "firstName": "Jerry", "tips": {"count": 5}, "gender": "male", "lastName": "Justianto", "lists": {"groups": [{"count": 2, "type": "created", "items": []}]}, "bio": ""}, {"id": "1232035", "photo": {"prefix": "https://igx.4sqi.net/img/user/", "suffix": "/VQZRZJODFB25AEIQ.png"}, "homeCity": "Jakarta Capital Region, Jakarta Capital Regi", "contact": {"facebook": "1041092502", "twitter": "johnsonkhuo"}, "firstName": "Johnson", "tips": {"count": 2}, "gender": "male", "lastName": "Khuo", "lists": {"groups": [{"count": 2, "type": "created", "items": []}]}, "bio": ""}, {"id": "62191989", "photo": {"prefix": "https://igx.4sqi.net/img/user/", "default": true, "suffix": "/blank_boy.png"}, "homeCity": "Jakarta, 04", "contact": {"facebook": "1021940770"}, "firstName": "H'rish", "tips": {"count": 0}, "gender": "male", "lastName": "Chan", "lists": {"groups": [{"count": 2, "type": "created", "items": []}]}, "bio": ""}, {"id": "1219674", "photo": {"prefix": "https://igx.4sqi.net/img/user/", "suffix": "/PRX3XIV5YRS45Q0K.jpg"}, "homeCity": "Jakarta Capital Region, Jakarta Capital Regi", "contact": {"twitter": "chicha_haroen"}, "firstName": "Chicha", "tips": {"count": 2}, "gender": "male", "lastName": "Haroen", "lists": {"groups": [{"count": 2, "type": "created", "items": []}]}, "bio": ""}, {"id": "3436826", "photo": {"prefix": "https://igx.4sqi.net/img/user/", "suffix": "/3436826-PHNRQ4HJLHBGKVA2.jpg"}, "homeCity": "Jakarta, Indonesia", "contact": {"facebook": "628368717", "twitter": "yasami_id"}, "firstName": "Yasami", "tips": {"count": 1}, "gender": "male", "lastName": "Japanese Sushi", "lists": {"groups": [{"count": 3, "type": "created", "items": []}]}, "bio": "We serve a wide variety of sushi"}, {"id": "23627311", "photo": {"prefix": "https://igx.4sqi.net/img/user/", "suffix": "/PBSWHRVBOPLZLNQX.jpg"}, "homeCity": "Jakarta", "contact": {"facebook": "1600089233", "twitter": "anassantoso"}, "firstName": "Anastasia", "tips": {"count": 0}, "gender": "female", "lastName": "Santoso", "lists": {"groups": [{"count": 2, "type": "created", "items": []}]}, "bio": ""}, {"id": "2628114", "photo": {"prefix": "https://igx.4sqi.net/img/user/", "suffix": "/SCZLNEA4ABV5UM3Y.jpg"}, "homeCity": "jakarta,indonesia", "contact": {"facebook": "1371927543", "twitter": "tiawijaya"}, "firstName": "Tiara", "tips": {"count": 0}, "gender": "female", "lastName": "Annisa", "lists": {"groups": [{"count": 2, "type": "created", "items": []}]}, "bio": ""}, {"id": "3905551", "photo": {"prefix": "https://igx.4sqi.net/img/user/", "suffix": "/2AIO1FW4PTQGKPOV.jpg"}, "homeCity": "Jakarta, Indonesia", "contact": {"facebook": "10153816112713402", "twitter": "yuliasaleh"}, "firstName": "yulia", "tips": {"count": 0}, "gender": "female", "lastName": "saleh", "lists": {"groups": [{"count": 2, "type": "created", "items": []}]}, "bio": ""}, {"id": "1253676", "photo": {"prefix": "https://igx.4sqi.net/img/user/", "suffix": "/ES1ZLVNULXGI2T4B.jpg"}, "homeCity": "DKI Jakarta", "contact": {"facebook": "503693457", "twitter": "notariza"}, "firstName": "Notariza", "tips": {"count": 8}, "gender": "male", "lastName": "Taher", "lists": {"groups": [{"count": 2, "type": "created", "items": []}]}, "bio": ""}, {"id": "8723157", "photo": {"prefix": "https://igx.4sqi.net/img/user/", "suffix": "/KJHFBLBGP0O4RAPO.jpg"}, "homeCity": "Jakarta, Indonesia", "contact": {"facebook": "100000952775848", "twitter": "marleyjakarta"}, "firstName": "Marley Signature Bar & Food", "tips": {"count": 0}, "gender": "none", "lists": {"groups": [{"count": 2, "type": "created", "items": []}]}, "bio": ""}, {"id": "23727669", "photo": {"prefix": "https://igx.4sqi.net/img/user/", "suffix": "/5CKQ5NVJ0UDIGYKP.jpg"}, "homeCity": "Jakarta Raya", "contact": {"facebook": "1182470290", "twitter": "giriharsadhi"}, "firstName": "Giri", "tips": {"count": 0}, "gender": "male", "lastName": "Harsadhi", "lists": {"groups": [{"count": 2, "type": "created", "items": []}]}, "bio": ""}, {"id": "2635776", "photo": {"prefix": "https://igx.4sqi.net/img/user/", "suffix": "/FOMLEQ5XD4TDT541.jpg"}, "homeCity": "Madrid, Spain", "contact": {"facebook": "10208458924891655"}, "firstName": "Lieke Roesli", "tips": {"count": 2}, "gender": "female", "lastName": "Tamala", "lists": {"groups": [{"count": 4, "type": "created", "items": []}]}, "bio": ""}, {"id": "5387261", "photo": {"prefix": "https://igx.4sqi.net/img/user/", "suffix": "/PKVKEO3AOG5GQ2X4.jpg"}, "homeCity": "Jakarta, Indonesia", "contact": {"facebook": "1022639005", "twitter": "jangkrik_bos"}, "firstName": "Yusmy Amaleka", "tips": {"count": 7}, "gender": "male", "lastName": "Pandu", "lists": {"groups": [{"count": 3, "type": "created", "items": []}]}, "bio": ""}, {"id": "1272266", "photo": {"prefix": "https://igx.4sqi.net/img/user/", "suffix": "/CQBS2VMO0IEBHQ4S.jpg"}, "homeCity": "Jakarta", "contact": {"twitter": "aryonyc"}, "firstName": "Carolus", "tips": {"count": 1}, "gender": "male", "lastName": "Aryo", "lists": {"groups": [{"count": 2, "type": "created", "items": []}]}, "bio": ""}, {"id": "42038548", "photo": {"prefix": "https://igx.4sqi.net/img/user/", "suffix": "/I12YCDGFWC1KNS1Z.jpg"}, "homeCity": "Jakarta Raya", "contact": {"twitter": "astridtweety"}, "firstName": "Astrid Anindya", "tips": {"count": 0}, "gender": "none", "lastName": "Thamrin", "lists": {"groups": [{"count": 2, "type": "created", "items": []}]}, "bio": ""}, {"id": "2838430", "photo": {"prefix": "https://igx.4sqi.net/img/user/", "suffix": "/GCEFAMNHIUT3NZWJ.jpg"}, "homeCity": "Bandung, Jawa Barat", "contact": {"facebook": "1559064026", "twitter": "daduyz"}, "firstName": "Herman", "tips": {"count": 4}, "gender": "male", "lastName": "Gunadi", "lists": {"groups": [{"count": 2, "type": "created", "items": []}]}, "bio": ""}, {"id": "9778517", "photo": {"prefix": "https://igx.4sqi.net/img/user/", "suffix": "/9778517-MTCZZNM4NJMWCLDU.jpg"}, "homeCity": "Madinah, Saudi Arabia", "contact": {}, "firstName": "Firman \"Ferry\"", "tips": {"count": 5}, "gender": "male", "lastName": "Kahar", "lists": {"groups": [{"count": 2, "type": "created", "items": []}]}, "bio": ""}, {"id": "2016721", "photo": {"prefix": "https://igx.4sqi.net/img/user/", "suffix": "/BNB2AG43AE3RTM5T.jpg"}, "homeCity": "Jakarta Capital Region, Jakarta Capital Regi", "contact": {"facebook": "1339921280", "twitter": "rully_nawawi"}, "firstName": "Chairul", "tips": {"count": 22}, "gender": "male", "lastName": "Hamdani", "lists": {"groups": [{"count": 2, "type": "created", "items": []}]}, "bio": "HR executive, husband, father of two, simple man, far vision..."}, {"id": "3597041", "photo": {"prefix": "https://igx.4sqi.net/img/user/", "suffix": "/3597041-OC3P0KJOAHCWPZGI.jpg"}, "homeCity": "New York, NY", "contact": {"facebook": "554879733", "twitter": "raypande"}, "firstName": "Ray", "tips": {"count": 32}, "gender": "male", "lastName": "Pande", "lists": {"groups": [{"count": 2, "type": "created", "items": []}]}, "bio": ""}, {"id": "2170710", "photo": {"prefix": "https://igx.4sqi.net/img/user/", "suffix": "/MOVUKAJNWM4UTMPK.jpg"}, "homeCity": "Jakarta", "contact": {"twitter": "yassinmachdi"}, "firstName": "Yassin", "tips": {"count": 19}, "gender": "male", "lastName": "Machdi", "lists": {"groups": [{"count": 2, "type": "created", "items": []}]}, "bio": ""}, {"id": "2643660", "photo": {"prefix": "https://igx.4sqi.net/img/user/", "suffix": "/EXNIVJ5E4HUUM0D1.jpg"}, "homeCity": "Jakarta, Indonesia", "contact": {"facebook": "1255058315"}, "firstName": "Setyo", "tips": {"count": 0}, "gender": "male", "lastName": "Wibowo", "lists": {"groups": [{"count": 2, "type": "created", "items": []}]}, "bio": ""}, {"id": "2648795", "photo": {"prefix": "https://igx.4sqi.net/img/user/", "suffix": "/PRGO2LDK5TKXIILE.jpg"}, "homeCity": "\u897f\u5bae\u5e02, \u65e5\u672c", "contact": {"facebook": "649581223", "twitter": "adjiyahya"}, "firstName": "Mahendra", "tips": {"count": 196}, "gender": "male", "lastName": "Yahya", "lists": {"groups": [{"count": 3, "type": "created", "items": []}]}, "bio": "Photo- freak: shoots people, cars, bicycle, cars n planes."}, {"id": "2780172", "photo": {"prefix": "https://igx.4sqi.net/img/user/", "suffix": "/KUQ4MGV3CUFDUOVD.jpg"}, "homeCity": "Pamulang, Indonesia", "contact": {"facebook": "712828137", "twitter": "alinegandara"}, "firstName": "Aline", "tips": {"count": 0}, "gender": "female", "lastName": "Gandara", "lists": {"groups": [{"count": 2, "type": "created", "items": []}]}, "bio": ""}, {"id": "3411574", "photo": {"prefix": "https://igx.4sqi.net/img/user/", "suffix": "/E1S4ZXR0P3FD1APV.jpg"}, "homeCity": "Jakarta", "contact": {"facebook": "555600981"}, "firstName": "Nda", "tips": {"count": 2}, "gender": "male", "lastName": "Juan", "lists": {"groups": [{"count": 2, "type": "created", "items": []}]}, "bio": ""}, {"id": "3424842", "photo": {"prefix": "https://igx.4sqi.net/img/user/", "suffix": "/U5YEH3WOKJVEBLOI.jpg"}, "homeCity": "Banten, Indonesia", "contact": {"facebook": "1327023940"}, "firstName": "Rizal", "tips": {"count": 0}, "gender": "male", "lastName": "Abbas", "lists": {"groups": [{"count": 2, "type": "created", "items": []}]}, "bio": ""}, {"id": "4164478", "photo": {"prefix": "https://igx.4sqi.net/img/user/", "suffix": "/CWELYNIPZO01DCUM.jpg"}, "homeCity": "Jakarta", "contact": {}, "firstName": "Deasy", "tips": {"count": 43}, "gender": "female", "lastName": "Natalia", "lists": {"groups": [{"count": 2, "type": "created", "items": []}]}, "bio": ""}, {"id": "4734240", "photo": {"prefix": "https://igx.4sqi.net/img/user/", "suffix": "/CVBMGXHZY1AKL2XH.jpg"}, "homeCity": "Malaysia", "contact": {"facebook": "1616714757"}, "firstName": "Azlin Shah", "tips": {"count": 2}, "gender": "male", "lastName": "Othman", "lists": {"groups": [{"count": 3, "type": "created", "items": []}]}, "bio": ""}, {"id": "6020771", "photo": {"prefix": "https://igx.4sqi.net/img/user/", "suffix": "/6020771-IPBKANQEJWAV25AT.jpg"}, "homeCity": "Bogor, Indonesia", "contact": {"facebook": "1585451097", "twitter": "jfitriani"}, "firstName": "Juni", "tips": {"count": 1}, "gender": "female", "lastName": "Fitriani", "lists": {"groups": [{"count": 2, "type": "created", "items": []}]}, "bio": ""}, {"id": "14245440", "photo": {"prefix": "https://igx.4sqi.net/img/user/", "suffix": "/G1INRJF4DLQ5XDUD.jpg"}, "homeCity": "JKT, Indonesia", "contact": {"facebook": "1485727464"}, "firstName": "Jauddar", "tips": {"count": 0}, "gender": "male", "lastName": "Saragih", "lists": {"groups": [{"count": 3, "type": "created", "items": []}]}, "bio": ""}]}, "checksum": "c6e630e752856834cd07be97fa352a588f728adc"}}