{"notifications": [{"type": "notificationTray", "item": {"unreadCount": 0}}], "response": {"friends": {"items": [{"tips": {"count": 14}, "contact": {"twitter": "clc4214", "facebook": "100001204001759"}, "firstName": "\u6f5c\u6c34", "gender": "male", "lastName": "\u55b5", "id": "2313533", "bio": "", "photo": {"prefix": "https://igx.4sqi.net/img/user/", "suffix": "/FDC0WZRKYLG3TQCO.jpg"}, "homeCity": "\u4e0a\u6d77\u5e02, \u4e2d\u56fd", "lists": {"groups": [{"items": [], "count": 3, "type": "created"}]}}, {"tips": {"count": 25}, "contact": {}, "firstName": "4zai", "gender": "male", "id": "410687", "bio": "", "photo": {"prefix": "https://igx.4sqi.net/img/user/", "suffix": "/5H4G35TJMMUBUW3V.jpg"}, "homeCity": "dongwan", "lists": {"groups": [{"items": [], "count": 3, "type": "created"}]}}, {"tips": {"count": 3}, "contact": {"twitter": "weelun", "facebook": "1238888028"}, "firstName": "Weelun", "gender": "male", "lastName": "Liew", "id": "1346506", "bio": "I'm Balloon Inside", "photo": {"prefix": "https://igx.4sqi.net/img/user/", "suffix": "/-CE4L1URX0H413WKF.jpg"}, "homeCity": "Klang , Malaysia", "lists": {"groups": [{"items": [], "count": 3, "type": "created"}]}}, {"tips": {"count": 15}, "contact": {"twitter": "ksky", "facebook": "593908265"}, "firstName": "ksky", "gender": "male", "id": "250565", "bio": "", "photo": {"prefix": "https://igx.4sqi.net/img/user/", "suffix": "/ESMGXWYZ4MT2MCSN.jpg"}, "homeCity": "Beijing", "lists": {"groups": [{"items": [], "count": 2, "type": "created"}]}}, {"tips": {"count": 0}, "contact": {"twitter": "fanfou110", "facebook": "100000271330572"}, "firstName": "Maverick", "gender": "none", "lastName": "Chen", "id": "2837844", "bio": "", "photo": {"prefix": "https://igx.4sqi.net/img/user/", "suffix": "/RYZHYZZ4ZDIOGZYA.jpg"}, "homeCity": "\u6c5f\u82cf\u7701, \u4e2d\u56fd", "lists": {"groups": [{"items": [], "count": 2, "type": "created"}]}}, {"tips": {"count": 0}, "contact": {}, "firstName": "Ash", "gender": "female", "lastName": "Lim", "id": "454070", "bio": "", "photo": {"prefix": "https://igx.4sqi.net/img/user/", "suffix": "/blank_girl.png", "default": true}, "homeCity": "Singapore", "lists": {"groups": [{"items": [], "count": 2, "type": "created"}]}}, {"tips": {"count": 3}, "contact": {"twitter": "amoiist", "facebook": "10154213417887064"}, "firstName": "Peter", "gender": "male", "lastName": "Guo", "id": "315129", "bio": "", "photo": {"prefix": "https://igx.4sqi.net/img/user/", "suffix": "/LZL2FOQPFLZWSVO4.jpg"}, "homeCity": "New York", "lists": {"groups": [{"items": [], "count": 2, "type": "created"}]}}, {"tips": {"count": 1}, "contact": {}, "firstName": "Yang", "gender": "male", "lastName": "Lao", "id": "606475", "bio": "", "photo": {"prefix": "https://igx.4sqi.net/img/user/", "suffix": "/GWWCESRUG5NCY3TE.jpg"}, "homeCity": "Singapore", "lists": {"groups": [{"items": [], "count": 2, "type": "created"}]}}, {"tips": {"count": 0}, "contact": {"twitter": "liu5zy"}, "firstName": "Liu", "gender": "male", "lastName": "Zhengyao", "id": "687913", "bio": "", "photo": {"prefix": "https://igx.4sqi.net/img/user/", "suffix": "/687913-251PO4N2UIYMSNBN.jpg"}, "homeCity": "Jilin", "lists": {"groups": [{"items": [], "count": 2, "type": "created"}]}}, {"tips": {"count": 0}, "contact": {"twitter": "wllcjd"}, "firstName": "wll", "gender": "male", "lastName": "cjd", "id": "470040", "bio": "", "photo": {"prefix": "https://igx.4sqi.net/img/user/", "suffix": "/JIJ4EOXZTNE5NWYL.png"}, "homeCity": "China", "lists": {"groups": [{"items": [], "count": 2, "type": "created"}]}}, {"tips": {"count": 0}, "contact": {"twitter": "ittalks"}, "firstName": "Wei", "gender": "male", "id": "728886", "bio": "", "photo": {"prefix": "https://igx.4sqi.net/img/user/", "suffix": "/JYGLGV4KVRWJLHNA.jpg"}, "homeCity": "Shanghai, China", "lists": {"groups": [{"items": [], "count": 2, "type": "created"}]}}, {"tips": {"count": 3}, "contact": {"twitter": "snhine"}, "firstName": "snhine", "gender": "none", "id": "785569", "bio": "", "photo": {"prefix": "https://igx.4sqi.net/img/user/", "suffix": "/ZRGTH24XBKOOWGDA.jpg"}, "homeCity": "\u4e0a\u6d77", "lists": {"groups": [{"items": [], "count": 3, "type": "created"}]}}, {"tips": {"count": 2}, "contact": {"twitter": "doriasun", "facebook": "1069764593066778"}, "firstName": "Doria", "gender": "female", "lastName": "Sun", "id": "2595798", "bio": "", "photo": {"prefix": "https://igx.4sqi.net/img/user/", "suffix": "/CWC4QZAJGO140W5O.jpg"}, "homeCity": "Shanghai, China", "lists": {"groups": [{"items": [], "count": 2, "type": "created"}]}}, {"tips": {"count": 0}, "contact": {"twitter": "zkaip", "facebook": "1775252364"}, "firstName": "KeKemars", "gender": "male", "id": "107716", "bio": "", "photo": {"prefix": "https://igx.4sqi.net/img/user/", "suffix": "/-1_1258701480538.png"}, "homeCity": "\u6d1b\u9633\u5e02,\u6cb3\u5357\u7701", "lists": {"groups": [{"items": [], "count": 2, "type": "created"}]}}, {"tips": {"count": 1}, "contact": {"twitter": "timxjh", "facebook": "1846393087"}, "firstName": "timxjh", "gender": "male", "id": "414402", "bio": "", "photo": {"prefix": "https://igx.4sqi.net/img/user/", "suffix": "/ZALG2YJ4U2BZS30I.jpg"}, "homeCity": "\u4e0a\u6d77", "lists": {"groups": [{"items": [], "count": 2, "type": "created"}]}}, {"tips": {"count": 1}, "contact": {"twitter": "m0__", "facebook": "1404491640"}, "firstName": "xiaomo", "gender": "female", "id": "1420929", "bio": "", "photo": {"prefix": "https://igx.4sqi.net/img/user/", "suffix": "/PXJ1B3SQI2UJ4A5H.jpg"}, "homeCity": "\u54c8\u5c14\u6ee8, ", "lists": {"groups": [{"items": [], "count": 3, "type": "created"}]}}, {"tips": {"count": 0}, "contact": {"twitter": "shadowofmay", "facebook": "687687384"}, "firstName": "Li", "gender": "male", "lastName": "Wang", "id": "3589352", "bio": "", "photo": {"prefix": "https://igx.4sqi.net/img/user/", "suffix": "/blank_boy.png", "default": true}, "homeCity": "Prescott, AZ", "lists": {"groups": [{"items": [], "count": 2, "type": "created"}]}}, {"tips": {"count": 0}, "contact": {"twitter": "cosbeta"}, "firstName": "cos", "gender": "male", "lastName": "beta", "id": "1612562", "bio": "", "photo": {"prefix": "https://igx.4sqi.net/img/user/", "suffix": "/QTFLJPCR1JBPJMLJ.jpg"}, "homeCity": "\u6210\u90fd\u5e02, \u4e2d\u56fd", "lists": {"groups": [{"items": [], "count": 2, "type": "created"}]}}, {"tips": {"count": 2}, "contact": {"twitter": "leonsyc", "facebook": "100000783853052"}, "firstName": "Leon", "gender": "male", "lastName": "Hayabusa", "id": "1742691", "bio": "", "photo": {"prefix": "https://igx.4sqi.net/img/user/", "suffix": "/1742691-LSXDPVBMM2IANUDN"}, "homeCity": "Madison, TN", "lists": {"groups": [{"items": [], "count": 2, "type": "created"}]}}, {"tips": {"count": 3}, "contact": {"twitter": "claurentw", "facebook": "100001274833465"}, "firstName": "ClaurentW", "gender": "male", "lastName": "Wong", "id": "1699306", "bio": "", "photo": {"prefix": "https://igx.4sqi.net/img/user/", "suffix": "/1699306-1V302K0OAYN03E42.jpg"}, "homeCity": "\u6df1\u5733\u5e02,\u5e7f\u4e1c\u7701, \u4e2d\u56fd", "lists": {"groups": [{"items": [], "count": 2, "type": "created"}]}}, {"tips": {"count": 24}, "contact": {"twitter": "zhoushuguang", "facebook": "10153958131952757"}, "firstName": "Zola", "gender": "male", "lastName": "Zhou", "id": "476669", "bio": "", "photo": {"prefix": "https://igx.4sqi.net/img/user/", "suffix": "/OL4ELBVWOCNCKVR0.jpg"}, "homeCity": "Hualieni, Taiwan", "lists": {"groups": [{"items": [], "count": 2, "type": "created"}]}}, {"tips": {"count": 5}, "contact": {"twitter": "wubuntust", "facebook": "100000597485085"}, "firstName": "wu", "gender": "male", "id": "825054", "bio": "", "photo": {"prefix": "https://igx.4sqi.net/img/user/", "suffix": "/AAYRQM2ZL1VEG4FB.jpg"}, "homeCity": "\u54b8\u5b81\u5e02, \u6e56\u5317\u7701", "lists": {"groups": [{"items": [], "count": 2, "type": "created"}]}}, {"tips": {"count": 0}, "contact": {"twitter": "limuxy", "facebook": "1053995115"}, "firstName": "Kyle", "gender": "male", "lastName": "Chen", "id": "873598", "bio": "", "photo": {"prefix": "https://igx.4sqi.net/img/user/", "suffix": "/YBOZDNNF2IHNU02T.jpg"}, "homeCity": "Shanghai, China", "lists": {"groups": [{"items": [], "count": 2, "type": "created"}]}}, {"tips": {"count": 0}, "contact": {"twitter": "ericyu1023"}, "firstName": "eric", "gender": "male", "id": "3044851", "bio": "", "photo": {"prefix": "https://igx.4sqi.net/img/user/", "suffix": "/FCL2DTZT2ISBJ5EL.jpg"}, "homeCity": "\u4e0a\u6d77\u5e02, \u4e2d\u56fd", "lists": {"groups": [{"items": [], "count": 2, "type": "created"}]}}, {"tips": {"count": 2}, "contact": {}, "firstName": "tan", "gender": "male", "lastName": "qiang", "id": "107746", "bio": "\u4e0a\u6d77\u6ee9\uff0c\u5929\u5929\u4e0a\u63a8\u7684\u4e0d\u8bb8\u4e0a\u63a8\u515a\uff0c\u68d2\u7403\u8ff7\uff0c\u7c7b\u4eba\u5b69\uff0c\u7626\u8eab\u4e2d\uff0c\u504f\u597d\u7d20\u98df\u4e0d\u53cd\u5bf9\u5927\u4f19\u5403\u9c7c\u5403\u8089\u5403\u86cb\u5403\u6d77\u9c9c\uff0c\u65e9\u8d77\u3002", "photo": {"prefix": "https://igx.4sqi.net/img/user/", "suffix": "/107746-ZQNGGJYBVO4PJU0C.jpg"}, "homeCity": "Shanghai, China", "lists": {"groups": [{"items": [], "count": 2, "type": "created"}]}}, {"tips": {"count": 6}, "contact": {"twitter": "kunshou", "facebook": "501598684"}, "firstName": "Kunshou", "gender": "male", "id": "428092", "bio": "\u6211\u8981\u4ece\u5357\u8d70\u5230\u5317\u6211\u8fd8\u8981\u4ece\u767d\u8d70\u5230\u9ed1. \r\nhttps://google.com/+kunshou", "photo": {"prefix": "https://igx.4sqi.net/img/user/", "suffix": "/428092-GXVPVTX4LYOXCD2F.jpg"}, "homeCity": "Taiyuan, Shanxi", "lists": {"groups": [{"items": [], "count": 3, "type": "created"}]}}, {"tips": {"count": 0}, "contact": {"twitter": "dickapple_", "facebook": "1206065851"}, "firstName": "dickapple", "gender": "male", "lastName": "Jiang", "id": "1422055", "bio": "\u6b66\u6c49er//WFLSer//PKUer//Mac user//HTC G14  \u4e0d\u77e5\u9053\u81ea\u5df1\u662f\u4ec0\u4e48\uff0c\u4e0d\u77e5\u9053\u4ec0\u4e48\u662f\u5bf9\u4ec0\u4e48\u662f\u7f8e\uff0c\u4e0d\u77e5\u9053\u4ec0\u4e48\u8be5\u76f8\u4fe1\u4ec0\u4e48\u8be5\u8bc9\u8bf4\uff0c\u4e0d\u77e5\u9053\u4ece\u4f55\u800c\u6765\u5411\u4f55\u800c\u53bb\uff0c\u4e0d\u77e5\u9053", "photo": {"prefix": "https://igx.4sqi.net/img/user/", "suffix": "/B0CFIEMMERCWJVYW.jpg"}, "homeCity": "", "lists": {"groups": [{"items": [], "count": 2, "type": "created"}]}}, {"tips": {"count": 0}, "contact": {}, "firstName": "Xin", "gender": "male", "lastName": "G.", "id": "3593968", "bio": "", "photo": {"prefix": "https://igx.4sqi.net/img/user/", "suffix": "/Q4PCQOIJGKHOESJF.jpg"}, "homeCity": "\u6b66\u6c49\u5e02, \u4e2d\u56fd", "lists": {"groups": [{"items": [], "count": 2, "type": "created"}]}}, {"tips": {"count": 0}, "contact": {"twitter": "chenxiaoshu"}, "firstName": "Xiaoshu", "gender": "male", "lastName": "Chen", "id": "2898013", "bio": "", "photo": {"prefix": "https://igx.4sqi.net/img/user/", "suffix": "/JOKPQL3XYX5NHUNV.jpg"}, "homeCity": "\u4e0a\u6d77\u5e02, \u4e2d\u56fd", "lists": {"groups": [{"items": [], "count": 2, "type": "created"}]}}, {"tips": {"count": 0}, "contact": {"twitter": "sincegin"}, "firstName": "sinceGin", "gender": "male", "id": "2991355", "bio": "", "photo": {"prefix": "https://igx.4sqi.net/img/user/", "suffix": "/NESVYWXCUX02QSFI.jpg"}, "homeCity": "\u65e5\u672c", "lists": {"groups": [{"items": [], "count": 2, "type": "created"}]}}, {"tips": {"count": 5}, "contact": {"twitter": "orezna", "facebook": "596194882"}, "firstName": "Yi", "gender": "male", "lastName": "Lan", "id": "491234", "bio": "\u7537\uff0c\u751f\u4e8e\u5357\u65b9\uff0c\u957f\u4e8e\u5317\u5730\u3002\u559c\u8bfb\u6587\u53f2\uff0c\u559c\u542c\u738b\u83f2\uff0c\u7231\u5199\u6587\u5b57\u3002linuxsir\uff0c\u9ed1\u8393\u63a7\uff0c\u7d22\u5c3c\u63a7\uff0c\u8ba8\u538c\u865a\u4f2a\uff0c\u5b85\u3002", "photo": {"prefix": "https://igx.4sqi.net/img/user/", "suffix": "/VR2C4FO5YGEBKO3M.jpg"}, "homeCity": "\u5317\u4eac\u5e02, \u4e2d\u56fd", "lists": {"groups": [{"items": [], "count": 2, "type": "created"}]}}, {"tips": {"count": 3}, "contact": {}, "firstName": "Daniel", "gender": "male", "id": "837159", "bio": "", "photo": {"prefix": "https://igx.4sqi.net/img/user/", "suffix": "/5WDPQ0N4GMU4Y53L.gif"}, "homeCity": "Washington, DC", "lists": {"groups": [{"items": [], "count": 2, "type": "created"}]}}, {"tips": {"count": 16}, "contact": {"twitter": "chinasb", "facebook": "100006486841348"}, "firstName": "Charles", "gender": "male", "lastName": "Cao", "id": "924926", "bio": "\u5728\u52a0\u62ff\u5927", "photo": {"prefix": "https://igx.4sqi.net/img/user/", "suffix": "/YGQOQQ0ALFWOS2SS.jpg"}, "homeCity": "Nantong,China", "lists": {"groups": [{"items": [], "count": 2, "type": "created"}]}}, {"tips": {"count": 1}, "contact": {"twitter": "dgheaven", "facebook": "100001967022895"}, "firstName": "Heaven", "gender": "male", "lastName": "Zhang", "id": "3277710", "bio": "", "photo": {"prefix": "https://igx.4sqi.net/img/user/", "suffix": "/3277710-4NHUNBE0N14KTVKP.jpg"}, "homeCity": "\u897f\u5b89\u5e02, \u4e2d\u56fd", "lists": {"groups": [{"items": [], "count": 2, "type": "created"}]}}, {"tips": {"count": 5}, "contact": {"twitter": "nocoa"}, "firstName": "Kun", "gender": "male", "lastName": "530", "id": "504974", "bio": "", "photo": {"prefix": "https://igx.4sqi.net/img/user/", "suffix": "/QAWTJONS3BML4TLO.jpg"}, "homeCity": "\u5317\u4eac\u5e02, \u4e2d\u56fd", "lists": {"groups": [{"items": [], "count": 2, "type": "created"}]}}, {"tips": {"count": 0}, "contact": {"twitter": "benxxie"}, "firstName": "ben", "gender": "male", "lastName": "xxi", "id": "429186", "bio": "", "photo": {"prefix": "https://igx.4sqi.net/img/user/", "suffix": "/KUHEDEGVV2BUSZKU.jpg"}, "homeCity": "\u4e2d\u56fd", "lists": {"groups": [{"items": [], "count": 2, "type": "created"}]}}, {"tips": {"count": 11}, "contact": {"twitter": "ilovinheart", "facebook": "100001270061469"}, "firstName": "Ai", "gender": "female", "lastName": "Enma", "id": "1432229", "bio": "", "photo": {"prefix": "https://igx.4sqi.net/img/user/", "suffix": "/MA0D3NZ5PHX1D0WS.jpg"}, "homeCity": "\u4e0a\u6d77, \u4e2d\u56fd", "lists": {"groups": [{"items": [], "count": 2, "type": "created"}]}}, {"tips": {"count": 0}, "contact": {"twitter": "ainesmile", "facebook": "100000681136401"}, "firstName": "ainesmile", "gender": "female", "id": "3635242", "bio": "", "photo": {"prefix": "https://igx.4sqi.net/img/user/", "suffix": "/JN3DQXKQITD3FJS3.jpg"}, "homeCity": "\u5609\u5174\u5e02, \u4e2d\u56fd", "lists": {"groups": [{"items": [], "count": 2, "type": "created"}]}}, {"tips": {"count": 7}, "contact": {"twitter": "muchmonkey"}, "firstName": "muchmonkey", "gender": "male", "id": "3128274", "bio": "", "photo": {"prefix": "https://igx.4sqi.net/img/user/", "suffix": "/WOPG0MCNMWOLZ1LJ.jpg"}, "homeCity": "\u4e0a\u6d77\u5e02, \u4e2d\u56fd", "lists": {"groups": [{"items": [], "count": 2, "type": "created"}]}}, {"superuser": 5, "tips": {"count": 2}, "contact": {"twitter": "chao87", "facebook": "1040185734"}, "firstName": "Jason", "gender": "male", "lastName": "Chao", "id": "1978280", "bio": "twitter:@chao87  \njasonchao.me", "photo": {"prefix": "https://igx.4sqi.net/img/user/", "suffix": "/QS3CUPCACWS2HNWP.jpg"}, "homeCity": "\u5b81\u6ce2,\u4e2d\u56fd", "lists": {"groups": [{"items": [], "count": 7, "type": "created"}]}}, {"tips": {"count": 1}, "contact": {}, "firstName": "MagicFish1990", "gender": "male", "id": "944347", "bio": "", "photo": {"prefix": "https://igx.4sqi.net/img/user/", "suffix": "/P4KQKIYQ3JITL4MU.jpg"}, "homeCity": "\u5317\u4eac\u5e02, \u4e2d\u56fd", "lists": {"groups": [{"items": [], "count": 2, "type": "created"}]}}, {"tips": {"count": 4}, "contact": {}, "firstName": "Viki", "gender": "female", "lastName": "Vone", "id": "508596", "bio": "", "photo": {"prefix": "https://igx.4sqi.net/img/user/", "suffix": "/1EYP1I1BXRF4MQJY.jpg"}, "homeCity": "beijing", "lists": {"groups": [{"items": [], "count": 2, "type": "created"}]}}, {"tips": {"count": 1}, "contact": {"twitter": "ianzhao"}, "firstName": "Ian", "gender": "male", "lastName": "Zhao", "id": "1156231", "bio": "", "photo": {"prefix": "https://igx.4sqi.net/img/user/", "suffix": "/KJFII1WSROXZ4ST3.jpg"}, "homeCity": "\u6f4d\u574a\u5e02, \u4e2d\u56fd", "lists": {"groups": [{"items": [], "count": 2, "type": "created"}]}}, {"tips": {"count": 8}, "contact": {"twitter": "dunduncat", "facebook": "1777110608981620"}, "firstName": "Dundun", "gender": "male", "lastName": "Yabu", "id": "570188", "bio": "", "photo": {"prefix": "https://igx.4sqi.net/img/user/", "suffix": "/FJKSHZRJ0CDA2F5X.png"}, "homeCity": "Chengdu,Sichuan,CHN", "lists": {"groups": [{"items": [], "count": 2, "type": "created"}]}}, {"superuser": 2, "tips": {"count": 15}, "contact": {}, "firstName": "Sam", "gender": "male", "lastName": "Chen", "id": "1186101", "bio": "", "photo": {"prefix": "https://igx.4sqi.net/img/user/", "suffix": "/1186101-BTG51CHPTYDSIV0R.jpg"}, "homeCity": "\u5e7f\u5dde, \u4e2d\u56fd", "lists": {"groups": [{"items": [], "count": 2, "type": "created"}]}}, {"tips": {"count": 9}, "contact": {"twitter": "felixonmars", "facebook": "1356053224"}, "firstName": "Felix", "gender": "male", "lastName": "Yan", "id": "1304805", "bio": "", "photo": {"prefix": "https://igx.4sqi.net/img/user/", "suffix": "/0SLDMU5LGYH52B3O.png"}, "homeCity": "\u6b66\u6c49\u5e02, \u4e2d\u56fd", "lists": {"groups": [{"items": [], "count": 2, "type": "created"}]}}, {"tips": {"count": 12}, "contact": {"twitter": "newsinchina"}, "firstName": "newsinchina", "gender": "male", "id": "1280398", "bio": "\u5c45\u9b54\u90fd,bio\u8fd8\u6ca1\u60f3\u597d", "photo": {"prefix": "https://igx.4sqi.net/img/user/", "suffix": "/TH0OTSBBDNLZJ2MN.jpg"}, "homeCity": "shanghai", "lists": {"groups": [{"items": [], "count": 2, "type": "created"}]}}, {"tips": {"count": 0}, "contact": {"twitter": "jackbilldarren", "facebook": "675961979207277"}, "firstName": "jack", "gender": "male", "lastName": "darren", "id": "1495294", "bio": "", "photo": {"prefix": "https://igx.4sqi.net/img/user/", "suffix": "/1CQXEDD44AXZ0DYT.jpg"}, "homeCity": "\u4e0a\u6d77\u5e02, \u4e2d\u56fd", "lists": {"groups": [{"items": [], "count": 2, "type": "created"}]}}, {"tips": {"count": 36}, "contact": {"twitter": "fisio", "facebook": "10154971736630156"}, "firstName": "fisio", "gender": "male", "id": "1419145", "bio": "", "photo": {"prefix": "https://igx.4sqi.net/img/user/", "suffix": "/C5CJUJOGLWVLWWKI.png"}, "homeCity": "", "lists": {"groups": [{"items": [], "count": 3, "type": "created"}]}}, {"tips": {"count": 1}, "contact": {"twitter": "linrihui", "facebook": "1397663600279561"}, "firstName": "linrihui", "gender": "male", "id": "1509573", "bio": "", "photo": {"prefix": "https://igx.4sqi.net/img/user/", "suffix": "/THKPGVOXKUEVC0LE.jpg"}, "homeCity": "Shanghai", "lists": {"groups": [{"items": [], "count": 2, "type": "created"}]}}, {"tips": {"count": 0}, "contact": {"twitter": "leywas", "facebook": "100001008327637"}, "firstName": "Dan", "gender": "male", "lastName": "Lee", "id": "1510381", "bio": "", "photo": {"prefix": "https://igx.4sqi.net/img/user/", "suffix": "/AAMZCCBM4VARNVGX.jpg"}, "homeCity": "\u4e2d\u56fd", "lists": {"groups": [{"items": [], "count": 2, "type": "created"}]}}, {"tips": {"count": 0}, "contact": {"twitter": "crazyjolie"}, "firstName": "Zhu", "gender": "female", "lastName": "Li", "id": "1529914", "bio": "", "photo": {"prefix": "https://igx.4sqi.net/img/user/", "suffix": "/TQSHOIBMGXZZLGLH.jpg"}, "homeCity": "\u5f90\u5dde\u5e02, \u4e2d\u56fd", "lists": {"groups": [{"items": [], "count": 2, "type": "created"}]}}, {"tips": {"count": 0}, "contact": {}, "firstName": "li", "gender": "male", "lastName": "xu", "id": "1718208", "bio": "", "photo": {"prefix": "https://igx.4sqi.net/img/user/", "suffix": "/0THQIZAGMG4FV3AB.jpg"}, "homeCity": "\u5927\u8fde\u5e02, \u4e2d\u56fd", "lists": {"groups": [{"items": [], "count": 2, "type": "created"}]}}, {"tips": {"count": 5}, "contact": {"twitter": "dndsmans"}, "firstName": "Dnds", "gender": "male", "lastName": "Mans", "id": "2058853", "bio": "", "photo": {"prefix": "https://igx.4sqi.net/img/user/", "suffix": "/ZC2GTYH5NV2IPICT.jpg"}, "homeCity": "\u4f59\u676d\u9547,\u4f59\u676d\u533a,\u676d\u5dde\u5e02, \u4e2d\u56fd", "lists": {"groups": [{"items": [], "count": 2, "type": "created"}]}}, {"tips": {"count": 3}, "contact": {"twitter": "nagatoyi", "facebook": "100001061156680"}, "firstName": "nagato", "gender": "male", "lastName": "yi", "id": "2083379", "bio": "", "photo": {"prefix": "https://igx.4sqi.net/img/user/", "suffix": "/3CT2WQB5YQF0WJSS.jpg"}, "homeCity": "\u6b66\u6c49\u5e02, \u6e56\u5317\u7701", "lists": {"groups": [{"items": [], "count": 2, "type": "created"}]}}, {"tips": {"count": 4}, "contact": {"twitter": "cyyhou", "facebook": "100001898556433"}, "firstName": "cyyhou", "gender": "male", "id": "2168593", "bio": "", "photo": {"prefix": "https://igx.4sqi.net/img/user/", "suffix": "/-JUMKOYXRZI3X1H0J.png"}, "homeCity": "\u4e2d\u56fd", "lists": {"groups": [{"items": [], "count": 3, "type": "created"}]}}, {"tips": {"count": 1}, "contact": {"twitter": "pigu006", "facebook": "100001370221781"}, "firstName": "pigu006", "gender": "male", "id": "2402048", "bio": "", "photo": {"prefix": "https://igx.4sqi.net/img/user/", "suffix": "/DHWFX54SAQMBEYK3.jpg"}, "homeCity": "Shanghai", "lists": {"groups": [{"items": [], "count": 2, "type": "created"}]}}, {"tips": {"count": 2}, "contact": {"twitter": "cos_xs"}, "firstName": "Spring brother", "gender": "male", "id": "2579964", "bio": "", "photo": {"prefix": "https://igx.4sqi.net/img/user/", "suffix": "/ZYZZTL4Y3L5GB2O5.jpg"}, "homeCity": "\u4e0a\u6d77\u5e02, \u4e2d\u56fd", "lists": {"groups": [{"items": [], "count": 2, "type": "created"}]}}, {"tips": {"count": 1}, "contact": {}, "firstName": "\u6653\u6653", "gender": "female", "lastName": "\u9ec4", "id": "3017762", "bio": "", "photo": {"prefix": "https://igx.4sqi.net/img/user/", "suffix": "/3017762-ZBBQZGBE0TGW2VV4.jpg"}, "homeCity": "\u4e0a\u6d77\u5e02, \u4e2d\u56fd", "lists": {"groups": [{"items": [], "count": 2, "type": "created"}]}}], "count": 159}, "checksum": "06e0274fe40382061e9850744f2009f42332fa82"}, "meta": {"requestId": "5966178d4c1f67703af5165e", "code": 200}}