{"notifications": [{"type": "notificationTray", "item": {"unreadCount": 0}}], "meta": {"requestId": "5966ccbbdb04f528afbaeb67", "code": 200}, "response": {"friends": {"count": 61, "items": [{"id": "4347484", "photo": {"prefix": "https://igx.4sqi.net/img/user/", "default": true, "suffix": "/blank_girl.png"}, "homeCity": "koolflame16 ", "contact": {"facebook": "645727024"}, "firstName": "Danni", "tips": {"count": 0}, "gender": "female", "lastName": "RAHAYU", "lists": {"groups": [{"count": 2, "type": "created", "items": []}]}, "bio": ""}, {"id": "5141565", "photo": {"prefix": "https://igx.4sqi.net/img/user/", "suffix": "/GW3YBF21JWT1FIZS.jpg"}, "homeCity": "Yishun, Singapore", "contact": {"facebook": "653951885", "twitter": "iflyslowly"}, "firstName": "Farhan", "tips": {"count": 3}, "gender": "male", "lastName": "Tahar", "lists": {"groups": [{"count": 2, "type": "created", "items": []}]}, "bio": ""}, {"id": "6623947", "photo": {"prefix": "https://igx.4sqi.net/img/user/", "suffix": "/WNOPAJGSBNXO3KNQ.jpg"}, "homeCity": "", "contact": {"facebook": "100000086308396"}, "firstName": "Fisa", "tips": {"count": 0}, "gender": "female", "lastName": "Azryn", "lists": {"groups": [{"count": 2, "type": "created", "items": []}]}, "bio": ""}, {"id": "3775789", "photo": {"prefix": "https://igx.4sqi.net/img/user/", "suffix": "/QQY4PBNSW2YWWOJV.jpg"}, "homeCity": "Singapore", "contact": {}, "firstName": "Fahmi", "tips": {"count": 0}, "gender": "male", "lists": {"groups": [{"count": 2, "type": "created", "items": []}]}, "bio": ""}, {"id": "4176467", "photo": {"prefix": "https://igx.4sqi.net/img/user/", "suffix": "/EJ31RBNML3KYLFEU.jpg"}, "homeCity": "Singapore", "contact": {}, "firstName": "Hani kumiko julieto raz", "tips": {"count": 1}, "gender": "female", "lists": {"groups": [{"count": 2, "type": "created", "items": []}]}, "bio": ""}, {"id": "5827407", "photo": {"prefix": "https://igx.4sqi.net/img/user/", "suffix": "/T221DYVXHEUC51DM.jpg"}, "homeCity": "Singapore", "contact": {"twitter": "iam_belleoh"}, "firstName": "EMMA", "tips": {"count": 0}, "gender": "female", "lastName": "LEE", "lists": {"groups": [{"count": 2, "type": "created", "items": []}]}, "bio": ""}, {"id": "2705673", "photo": {"prefix": "https://igx.4sqi.net/img/user/", "suffix": "/BDG1DSNPUT13TPIG.jpg"}, "homeCity": "Singapore", "contact": {"facebook": "640474820"}, "firstName": "Ameen", "tips": {"count": 2}, "gender": "male", "lastName": "Arcadia", "lists": {"groups": [{"count": 2, "type": "created", "items": []}]}, "bio": ""}, {"id": "4023765", "photo": {"prefix": "https://igx.4sqi.net/img/user/", "suffix": "/COZ1XYR0ZA30HTLY.jpg"}, "homeCity": "Singapore", "contact": {"facebook": "1230863990"}, "firstName": "Ashton Kai", "tips": {"count": 0}, "gender": "male", "lists": {"groups": [{"count": 2, "type": "created", "items": []}]}, "bio": ""}, {"id": "2908789", "photo": {"prefix": "https://igx.4sqi.net/img/user/", "suffix": "/02ZCRWW0GW4SRI3F.jpg"}, "homeCity": "Singapore", "contact": {"facebook": "1105744315", "twitter": "jaliboyruder"}, "firstName": "Jaliboy\u2122[LCN]", "tips": {"count": 18}, "gender": "male", "lastName": "Ruder", "lists": {"groups": [{"count": 2, "type": "created", "items": []}]}, "bio": ""}, {"id": "1674163", "photo": {"prefix": "https://igx.4sqi.net/img/user/", "suffix": "/W2UFK1SXDNGHVKFG.jpg"}, "homeCity": "Singapore", "contact": {"facebook": "100000490144786", "twitter": "yunussy"}, "firstName": "Yunus", "tips": {"count": 0}, "gender": "male", "lists": {"groups": [{"count": 2, "type": "created", "items": []}]}, "bio": ""}, {"id": "2995216", "photo": {"prefix": "https://igx.4sqi.net/img/user/", "suffix": "/2995216_y5PuPOD5_7lqp_oiPu9s2zpGuqAFWr_z_K7U1EVeLgbJh0epVnadEBhQId5Rc9Eqofttu1uAp.jpg"}, "homeCity": "Singapore", "contact": {}, "firstName": "Izzac", "tips": {"count": 44}, "gender": "male", "lastName": "Helmy", "lists": {"groups": [{"count": 2, "type": "created", "items": []}]}, "bio": "\u26a1Ride The Lightning\u26a1"}, {"id": "3815859", "photo": {"prefix": "https://igx.4sqi.net/img/user/", "suffix": "/YTLTEAMGRKYSMR1N.jpg"}, "homeCity": "Singapore", "contact": {}, "firstName": "C.", "tips": {"count": 11}, "gender": "female", "lastName": "Ng", "lists": {"groups": [{"count": 2, "type": "created", "items": []}]}, "bio": ""}, {"id": "1770043", "photo": {"prefix": "https://igx.4sqi.net/img/user/", "suffix": "/HVJAQITQXM1IP2T5.jpg"}, "homeCity": "Jurong West", "contact": {"facebook": "713506662"}, "firstName": "Ica", "tips": {"count": 0}, "gender": "female", "lastName": "Irritz", "lists": {"groups": [{"count": 2, "type": "created", "items": []}]}, "bio": ""}, {"id": "2045166", "photo": {"prefix": "https://igx.4sqi.net/img/user/", "suffix": "/LEG5PAF5HBLX5POG.jpg"}, "homeCity": "Singapore", "contact": {"facebook": "532815057", "twitter": "34thjuly"}, "firstName": "Vonica L.", "tips": {"count": 0}, "gender": "female", "lastName": "Salvatore", "lists": {"groups": [{"count": 2, "type": "created", "items": []}]}, "bio": "\u2693 34."}, {"id": "2864800", "photo": {"prefix": "https://igx.4sqi.net/img/user/", "suffix": "/2864800-IYAN4MDE4PSESDMW.jpg"}, "homeCity": "Singapore", "contact": {"facebook": "10152960378566452", "twitter": "naznazzeer"}, "firstName": "Nazree", "tips": {"count": 75}, "gender": "male", "lastName": "Nazzeer", "lists": {"groups": [{"count": 6, "type": "created", "items": []}]}, "bio": ""}, {"id": "2163741", "photo": {"prefix": "https://igx.4sqi.net/img/user/", "suffix": "/0WWIDRNPADB40MN4.jpg"}, "homeCity": "Singapore", "contact": {"facebook": "100001079996010"}, "firstName": "syakir", "tips": {"count": 1}, "gender": "male", "lastName": "kyo", "lists": {"groups": [{"count": 2, "type": "created", "items": []}]}, "bio": ""}, {"id": "4548076", "photo": {"prefix": "https://igx.4sqi.net/img/user/", "suffix": "/S5NN2122YYQKDCBQ.jpg"}, "homeCity": "Singapore, Sg", "contact": {"facebook": "1157318494"}, "firstName": "SarahafiZ", "tips": {"count": 0}, "gender": "female", "lists": {"groups": [{"count": 2, "type": "created", "items": []}]}, "bio": ""}, {"id": "11112772", "photo": {"prefix": "https://igx.4sqi.net/img/user/", "suffix": "/IVDPATGY4ZLDCW4T.jpg"}, "homeCity": "Singapore", "contact": {"facebook": "601536386", "twitter": "dee_ghani"}, "firstName": "DeE", "tips": {"count": 3}, "gender": "none", "lastName": "DQ", "lists": {"groups": [{"count": 2, "type": "created", "items": []}]}, "bio": ""}, {"id": "5969283", "photo": {"prefix": "https://igx.4sqi.net/img/user/", "suffix": "/YIKCNBMBKNIALDSL.jpg"}, "homeCity": "Singapore", "contact": {"facebook": "100001773594167"}, "firstName": "El", "tips": {"count": 0}, "gender": "male", "lastName": "nino", "lists": {"groups": [{"count": 2, "type": "created", "items": []}]}, "bio": ""}, {"id": "3582646", "photo": {"prefix": "https://igx.4sqi.net/img/user/", "suffix": "/NIA3JUE154KOT1U1.jpg"}, "homeCity": "Woodlands", "contact": {"facebook": "1514403356"}, "firstName": "Mohamad", "tips": {"count": 1}, "gender": "male", "lastName": "Idrus", "lists": {"groups": [{"count": 2, "type": "created", "items": []}]}, "bio": ""}, {"id": "2914234", "photo": {"prefix": "https://igx.4sqi.net/img/user/", "suffix": "/GZR4FTUBFDZWUTPX.jpg"}, "homeCity": "Singapore", "contact": {}, "firstName": "\ue10e Constantine \ue11c\u2122", "tips": {"count": 198}, "gender": "none", "lists": {"groups": [{"count": 2, "type": "created", "items": []}]}, "bio": ""}, {"id": "3453248", "photo": {"prefix": "https://igx.4sqi.net/img/user/", "suffix": "/E2BF40UQZFFLDQAB.jpg"}, "homeCity": "Singapore", "contact": {"facebook": "1127870227", "twitter": "azriaziz86"}, "firstName": "AzriAziz", "tips": {"count": 0}, "gender": "male", "lastName": "\u2122", "lists": {"groups": [{"count": 2, "type": "created", "items": []}]}, "bio": "just call me QoBe\u2122"}, {"id": "2997533", "photo": {"prefix": "https://igx.4sqi.net/img/user/", "suffix": "/0AQWT0EID2BDB4KT.jpg"}, "homeCity": "Singapore", "contact": {}, "firstName": "Mohammad", "tips": {"count": 0}, "gender": "male", "lastName": "Ridzwan", "lists": {"groups": [{"count": 2, "type": "created", "items": []}]}, "bio": ""}, {"id": "2949626", "photo": {"prefix": "https://igx.4sqi.net/img/user/", "suffix": "/QLX14VZ0NXC1RXVM.jpg"}, "homeCity": "Singapore", "contact": {"facebook": "686343430"}, "firstName": "MrFizzy", "tips": {"count": 0}, "gender": "male", "lastName": "Fizzy", "lists": {"groups": [{"count": 2, "type": "created", "items": []}]}, "bio": ""}, {"id": "3150790", "photo": {"prefix": "https://igx.4sqi.net/img/user/", "suffix": "/NX5C00QSOCRBBMXP.jpg"}, "homeCity": "Singapore", "contact": {"facebook": "880910075"}, "firstName": "Dan", "tips": {"count": 0}, "gender": "male", "lastName": "Pedrosa", "lists": {"groups": [{"count": 2, "type": "created", "items": []}]}, "bio": ""}, {"id": "3038297", "photo": {"prefix": "https://igx.4sqi.net/img/user/", "suffix": "/VBXWES0XXCPVA0RR.jpg"}, "homeCity": "Singapore", "contact": {"facebook": "100000186802555"}, "firstName": "Irfan", "tips": {"count": 2}, "gender": "male", "lists": {"groups": [{"count": 2, "type": "created", "items": []}]}, "bio": ""}, {"id": "4549674", "photo": {"prefix": "https://igx.4sqi.net/img/user/", "suffix": "/FV0E3QSIGLFVPQ1O.jpg"}, "homeCity": "Singapore", "contact": {}, "firstName": "Wak Din", "tips": {"count": 1}, "gender": "male", "lists": {"groups": [{"count": 2, "type": "created", "items": []}]}, "bio": ""}, {"id": "17254115", "photo": {"prefix": "https://igx.4sqi.net/img/user/", "suffix": "/NHJGPTJXW3O05IOG.jpg"}, "homeCity": "7 feet under", "contact": {"facebook": "100002736649388"}, "firstName": "Shah", "tips": {"count": 0}, "gender": "male", "lists": {"groups": [{"count": 2, "type": "created", "items": []}]}, "bio": ""}, {"id": "8507125", "photo": {"prefix": "https://igx.4sqi.net/img/user/", "suffix": "/8507125_lv5c0Ax9_Qpl1HdBhfcDUUxWYq5QGpUvL-snMpnp7f-Hf8Byh9W63ZzvtMlM0MmOhMX69eFiP.jpg"}, "homeCity": "Tanah yg dipijak sementara", "contact": {}, "firstName": "\ue50bAken", "tips": {"count": 7}, "gender": "male", "lastName": "Arish\u2122", "lists": {"groups": [{"count": 6, "type": "created", "items": []}]}, "bio": "la illaha anta subahaka inni kuntu minaz zalimiin"}, {"id": "3588370", "photo": {"prefix": "https://igx.4sqi.net/img/user/", "suffix": "/BUL1RMA0JXE2BIPW.jpg"}, "homeCity": "Singapore", "contact": {"facebook": "100000073396001", "twitter": "awieadeq"}, "firstName": "awie", "tips": {"count": 2}, "gender": "male", "lastName": "berg", "lists": {"groups": [{"count": 2, "type": "created", "items": []}]}, "bio": ""}, {"id": "2935807", "photo": {"prefix": "https://igx.4sqi.net/img/user/", "suffix": "/YBCCF4XNL3TTITRS.jpg"}, "homeCity": "Singapore", "contact": {"facebook": "738222082"}, "firstName": "ryan", "tips": {"count": 0}, "gender": "male", "lastName": "shah", "lists": {"groups": [{"count": 2, "type": "created", "items": []}]}, "bio": ""}, {"id": "3458997", "photo": {"prefix": "https://igx.4sqi.net/img/user/", "suffix": "/CZICSERO3ICSAYWN.jpg"}, "homeCity": "Singapore", "contact": {"facebook": "1649434028"}, "firstName": "Mohamad Faizal", "tips": {"count": 1}, "gender": "male", "lastName": "Mohamad Hamzah", "lists": {"groups": [{"count": 2, "type": "created", "items": []}]}, "bio": ""}, {"id": "3127870", "photo": {"prefix": "https://igx.4sqi.net/img/user/", "suffix": "/SX3OWYIQP24LXTJM.jpg"}, "homeCity": "Singapore", "contact": {}, "firstName": "Dan", "tips": {"count": 1}, "gender": "male", "lastName": "Pedrosa", "lists": {"groups": [{"count": 2, "type": "created", "items": []}]}, "bio": ""}, {"id": "5058777", "photo": {"prefix": "https://igx.4sqi.net/img/user/", "suffix": "/3200CIPLV2BNMO5T.jpg"}, "homeCity": "Singapore", "contact": {}, "firstName": "Musadiq", "tips": {"count": 0}, "gender": "male", "lastName": "Abbas", "lists": {"groups": [{"count": 2, "type": "created", "items": []}]}, "bio": ""}, {"id": "3258365", "photo": {"prefix": "https://igx.4sqi.net/img/user/", "suffix": "/N0L5Q5SLNWMZAEIK.jpg"}, "homeCity": "Singapore", "contact": {"facebook": "517094343", "twitter": "lhs3939"}, "firstName": "Lee", "tips": {"count": 3}, "gender": "male", "lastName": "Hwa Seng", "lists": {"groups": [{"count": 2, "type": "created", "items": []}]}, "bio": ""}, {"id": "3042921", "photo": {"prefix": "https://igx.4sqi.net/img/user/", "suffix": "/HLRK5DZ20WH0FKIT.jpg"}, "homeCity": "Singapore", "contact": {}, "firstName": "Deedy", "tips": {"count": 6}, "gender": "male", "lists": {"groups": [{"count": 2, "type": "created", "items": []}]}, "bio": ""}, {"id": "4831607", "photo": {"prefix": "https://igx.4sqi.net/img/user/", "suffix": "/WPHLMM5TIZLNVCVK.jpg"}, "homeCity": "Singapore", "contact": {}, "firstName": "Ezal6667", "tips": {"count": 1}, "gender": "male", "lists": {"groups": [{"count": 2, "type": "created", "items": []}]}, "bio": ""}, {"id": "3739514", "photo": {"prefix": "https://igx.4sqi.net/img/user/", "suffix": "/SG1OXRL11QMHYGY2.jpg"}, "homeCity": "Singapore", "contact": {"facebook": "1333084703"}, "firstName": "Izzee", "tips": {"count": 0}, "gender": "male", "lastName": "Bear", "lists": {"groups": [{"count": 2, "type": "created", "items": []}]}, "bio": ""}, {"id": "3932387", "photo": {"prefix": "https://igx.4sqi.net/img/user/", "suffix": "/1WIXCYOAFLTSSLH2.jpg"}, "homeCity": "Singapore", "contact": {}, "firstName": "Liza", "tips": {"count": 0}, "gender": "female", "lastName": "Baizura", "lists": {"groups": [{"count": 2, "type": "created", "items": []}]}, "bio": ""}, {"id": "3784437", "photo": {"prefix": "https://igx.4sqi.net/img/user/", "suffix": "/E35TRZ2WJUW0J4D0.jpg"}, "homeCity": "Singapore", "contact": {"facebook": "1066118142"}, "firstName": "Azren", "tips": {"count": 1}, "gender": "male", "lastName": "Azman", "lists": {"groups": [{"count": 2, "type": "created", "items": []}]}, "bio": ""}, {"id": "5064980", "photo": {"prefix": "https://igx.4sqi.net/img/user/", "suffix": "/RANTRCMNDL132GSV.jpg"}, "homeCity": "Singapore", "contact": {"facebook": "1706693357"}, "firstName": "Farhan", "tips": {"count": 2}, "gender": "male", "lastName": "Othman", "lists": {"groups": [{"count": 2, "type": "created", "items": []}]}, "bio": ""}, {"id": "3688041", "photo": {"prefix": "https://igx.4sqi.net/img/user/", "suffix": "/WCNBLGEDUHD5JJQA.jpg"}, "homeCity": "singapore", "contact": {"facebook": "696242637"}, "firstName": "Umar", "tips": {"count": 0}, "gender": "male", "lastName": "Mukhtar", "lists": {"groups": [{"count": 2, "type": "created", "items": []}]}, "bio": ""}, {"id": "3183484", "photo": {"prefix": "https://igx.4sqi.net/img/user/", "suffix": "/KF2BSGP2K5WBSRBZ.jpg"}, "homeCity": "Singapore", "contact": {"facebook": "639643661"}, "firstName": "Coco", "tips": {"count": 0}, "gender": "female", "lastName": "LingLing", "lists": {"groups": [{"count": 2, "type": "created", "items": []}]}, "bio": ""}, {"id": "6243656", "photo": {"prefix": "https://igx.4sqi.net/img/user/", "default": true, "suffix": "/blank_girl.png"}, "homeCity": "Singapore", "contact": {"facebook": "724719215"}, "firstName": "Mona", "tips": {"count": 0}, "gender": "female", "lastName": "Aziz", "lists": {"groups": [{"count": 2, "type": "created", "items": []}]}, "bio": ""}, {"id": "4663697", "photo": {"prefix": "https://igx.4sqi.net/img/user/", "suffix": "/MAQZX3NBOUXUTMMT.jpg"}, "homeCity": "Singapore", "contact": {}, "firstName": "Muhammad", "tips": {"count": 2}, "gender": "male", "lastName": "Sufyan\u2122", "lists": {"groups": [{"count": 3, "type": "created", "items": []}]}, "bio": ""}, {"id": "5334111", "photo": {"prefix": "https://igx.4sqi.net/img/user/", "suffix": "/RJ0ERSBY4QJQWIM4.jpg"}, "homeCity": "Singapore", "contact": {"facebook": "786573879"}, "firstName": "AhLyzz", "tips": {"count": 1}, "gender": "none", "lastName": "Rossi", "lists": {"groups": [{"count": 2, "type": "created", "items": []}]}, "bio": ""}, {"id": "3793556", "photo": {"prefix": "https://igx.4sqi.net/img/user/", "suffix": "/ADYTOAOCBAE35Q5G.jpg"}, "homeCity": "Singapore", "contact": {}, "firstName": "Firiman", "tips": {"count": 9}, "gender": "male", "lastName": "Muhammad", "lists": {"groups": [{"count": 2, "type": "created", "items": []}]}, "bio": ""}, {"id": "3974775", "photo": {"prefix": "https://igx.4sqi.net/img/user/", "suffix": "/5FW1LU2LP3VQ3YU0.jpg"}, "homeCity": "Singapore", "contact": {}, "firstName": "fAiLuRe", "tips": {"count": 1}, "gender": "male", "lists": {"groups": [{"count": 2, "type": "created", "items": []}]}, "bio": ""}, {"id": "3261628", "photo": {"prefix": "https://igx.4sqi.net/img/user/", "default": true, "suffix": "/blank_girl.png"}, "homeCity": "Singapore", "contact": {"facebook": "710236366"}, "firstName": "Jasmine", "tips": {"count": 2}, "gender": "female", "lastName": "Loke", "lists": {"groups": [{"count": 2, "type": "created", "items": []}]}, "bio": ""}, {"id": "6289749", "photo": {"prefix": "https://igx.4sqi.net/img/user/", "suffix": "/AUIYRO5NPVIIQE2H.jpg"}, "homeCity": "Singapore", "contact": {"facebook": "100000370511241"}, "firstName": "Atok", "tips": {"count": 2}, "gender": "male", "lastName": "Blazin", "lists": {"groups": [{"count": 2, "type": "created", "items": []}]}, "bio": ""}, {"id": "4910453", "photo": {"prefix": "https://igx.4sqi.net/img/user/", "suffix": "/Z2DZO4PUGZB1ZA13.jpg"}, "homeCity": "Singapore", "contact": {}, "firstName": "Udin Dinjah", "tips": {"count": 0}, "gender": "male", "lastName": "Lokalz", "lists": {"groups": [{"count": 2, "type": "created", "items": []}]}, "bio": ""}, {"id": "4158659", "photo": {"prefix": "https://igx.4sqi.net/img/user/", "suffix": "/SHG3Q1ZYFZHYL3WY.jpg"}, "homeCity": "Singapore", "contact": {}, "firstName": "Sue", "tips": {"count": 3}, "gender": "none", "lists": {"groups": [{"count": 2, "type": "created", "items": []}]}, "bio": ""}, {"id": "3434392", "photo": {"prefix": "https://igx.4sqi.net/img/user/", "suffix": "/2X0QZVWXLDR515QP.jpg"}, "homeCity": "Singapore", "contact": {"facebook": "596153408", "twitter": "sanwan7"}, "firstName": "Sanwan", "tips": {"count": 0}, "gender": "male", "lastName": "Trift7", "lists": {"groups": [{"count": 2, "type": "created", "items": []}]}, "bio": ""}, {"id": "16029103", "photo": {"prefix": "https://igx.4sqi.net/img/user/", "default": true, "suffix": "/blank_boy.png"}, "homeCity": "Spore", "contact": {"facebook": "100001660861073"}, "firstName": "Ebal", "tips": {"count": 0}, "gender": "none", "lastName": "Mimie", "lists": {"groups": [{"count": 2, "type": "created", "items": []}]}, "bio": ""}, {"id": "4993675", "photo": {"prefix": "https://igx.4sqi.net/img/user/", "suffix": "/3KJXT3DGUUHO32NV.jpg"}, "homeCity": "Singapore", "contact": {"facebook": "811505042"}, "firstName": "Lily", "tips": {"count": 0}, "gender": "female", "lastName": "Han", "lists": {"groups": [{"count": 2, "type": "created", "items": []}]}, "bio": ""}, {"id": "4198935", "photo": {"prefix": "https://igx.4sqi.net/img/user/", "suffix": "/QTVPYV4MNDXE0CO5.jpg"}, "homeCity": "Singapore", "contact": {}, "firstName": "Mariam", "tips": {"count": 0}, "gender": "female", "lastName": "Lee", "lists": {"groups": [{"count": 2, "type": "created", "items": []}]}, "bio": ""}, {"id": "3883586", "photo": {"prefix": "https://igx.4sqi.net/img/user/", "suffix": "/D0MTCU40PVAOCLZW.jpg"}, "homeCity": "Singapore", "contact": {"facebook": "684190418"}, "firstName": "R", "tips": {"count": 0}, "gender": "male", "lastName": "L", "lists": {"groups": [{"count": 2, "type": "created", "items": []}]}, "bio": ""}, {"id": "5751494", "photo": {"prefix": "https://igx.4sqi.net/img/user/", "suffix": "/OTJXU4EB0FHQSI2X.jpg"}, "homeCity": "Singapore", "contact": {"facebook": "1720277404"}, "firstName": "Siti Zulaikha", "tips": {"count": 0}, "gender": "female", "lastName": "Zazali", "lists": {"groups": [{"count": 2, "type": "created", "items": []}]}, "bio": ""}, {"id": "4137073", "photo": {"prefix": "https://igx.4sqi.net/img/user/", "suffix": "/4SZDFVSACETYLMFR.jpg"}, "homeCity": "Singapore", "contact": {"twitter": "faddrodd"}, "firstName": "Fadhli", "tips": {"count": 2}, "gender": "male", "lists": {"groups": [{"count": 2, "type": "created", "items": []}]}, "bio": ""}, {"id": "5911507", "photo": {"prefix": "https://igx.4sqi.net/img/user/", "suffix": "/5911507-VYDTHUMT5HGBG4OQ.jpg"}, "homeCity": "Dubai UAE", "contact": {"facebook": "542263138", "twitter": "mynameizram"}, "firstName": "rAmiRo", "tips": {"count": 27}, "gender": "male", "lastName": "\uf8ff", "lists": {"groups": [{"count": 2, "type": "created", "items": []}]}, "bio": "\u2022 \ud83c\uddf5\ud83c\udded\ud83d\udccd\ud83c\udde6\ud83c\uddea\n\u2022 random \ud83d\udcf7\n\u2022 \u264f\ufe0f|\ud83d\udc2f\n\u2022 \uf8ff \ud83d\udcf1\ud83d\udcbb"}, {"id": "8667077", "photo": {"prefix": "https://igx.4sqi.net/img/user/", "suffix": "/LQLHQKIGPDFUIDJR.jpg"}, "homeCity": "NY", "contact": {"facebook": "1825954104"}, "firstName": "Muhammad", "tips": {"count": 0}, "gender": "male", "lastName": "Adie", "lists": {"groups": [{"count": 2, "type": "created", "items": []}]}, "bio": ""}]}, "checksum": "d26ba579ad22aae0fbbfc3f3019bfe69bcceb9fd"}}