{"notifications": [{"type": "notificationTray", "item": {"unreadCount": 0}}], "meta": {"requestId": "5966fa749fb6b770eed094f8", "code": 200}, "response": {"friends": {"count": 84, "items": [{"id": "27723762", "photo": {"prefix": "https://igx.4sqi.net/img/user/", "suffix": "/YHJPRGVB4IKSXS1H.jpg"}, "homeCity": "singapore", "contact": {"facebook": "100000349735692"}, "firstName": "Jacqueline", "tips": {"count": 0}, "gender": "female", "lastName": "Tang", "lists": {"groups": [{"count": 2, "type": "created", "items": []}]}, "bio": ""}, {"id": "9336551", "photo": {"prefix": "https://igx.4sqi.net/img/user/", "suffix": "/WVMNZGE5MWIYKPVE.jpg"}, "homeCity": "Singapore", "contact": {}, "firstName": "Uma", "tips": {"count": 7}, "gender": "female", "lastName": "Gal", "lists": {"groups": [{"count": 2, "type": "created", "items": []}]}, "bio": ""}, {"id": "4362249", "photo": {"prefix": "https://igx.4sqi.net/img/user/", "suffix": "/J2FHQJ4BRGOOLXTX.jpg"}, "homeCity": "Singapore", "contact": {"facebook": "605965642"}, "firstName": "BryanBryan", "tips": {"count": 1}, "gender": "male", "lastName": "FrankenBerry", "lists": {"groups": [{"count": 2, "type": "created", "items": []}]}, "bio": ""}, {"id": "6728228", "photo": {"prefix": "https://igx.4sqi.net/img/user/", "suffix": "/6728228-A2T5AFE5JM1HRTHY.jpg"}, "homeCity": "Singapore", "contact": {"facebook": "10153371833894415", "twitter": "ledanielogy"}, "firstName": "Daniel", "tips": {"count": 1}, "gender": "male", "lists": {"groups": [{"count": 2, "type": "created", "items": []}]}, "bio": ""}, {"id": "4264359", "photo": {"prefix": "https://igx.4sqi.net/img/user/", "suffix": "/AGLX0YARJBU4FKGX.jpg"}, "homeCity": "Singapore", "contact": {"facebook": "1513086038", "twitter": "kelvintangbh"}, "firstName": "Kelvin", "tips": {"count": 1}, "gender": "male", "lastName": "Tang", "lists": {"groups": [{"count": 2, "type": "created", "items": []}]}, "bio": ""}, {"id": "5817446", "photo": {"prefix": "https://igx.4sqi.net/img/user/", "suffix": "/ZCIU31JNUYKZ3WYO.jpg"}, "homeCity": "Singapore", "contact": {"facebook": "1052410866"}, "firstName": "Thai", "tips": {"count": 0}, "gender": "none", "lastName": "Edwin", "lists": {"groups": [{"count": 2, "type": "created", "items": []}]}, "bio": ""}, {"id": "5494033", "photo": {"prefix": "https://igx.4sqi.net/img/user/", "suffix": "/NTHEZHRY2D5L5CSF.jpg"}, "homeCity": "Singapore", "contact": {"facebook": "1085599932", "twitter": "xlinklaux"}, "firstName": "Link", "tips": {"count": 0}, "gender": "none", "lastName": "Lau", "lists": {"groups": [{"count": 2, "type": "created", "items": []}]}, "bio": ""}, {"id": "4543512", "photo": {"prefix": "https://igx.4sqi.net/img/user/", "suffix": "/WA1VERTMWLO5FMF3.jpg"}, "homeCity": "\u9999\u6e2f", "contact": {}, "firstName": "Him", "tips": {"count": 0}, "gender": "male", "lastName": "Wong", "lists": {"groups": [{"count": 2, "type": "created", "items": []}]}, "bio": ""}, {"id": "6695292", "photo": {"prefix": "https://igx.4sqi.net/img/user/", "suffix": "/BXT2XUTSJN2XFLI4.jpg"}, "homeCity": "Singapore", "contact": {"facebook": "636579135"}, "firstName": "Kristy", "tips": {"count": 0}, "gender": "female", "lastName": "Tay", "lists": {"groups": [{"count": 2, "type": "created", "items": []}]}, "bio": ""}, {"id": "2906907", "photo": {"prefix": "https://igx.4sqi.net/img/user/", "suffix": "/NUAFFHKTVOEPLLUJ.jpg"}, "homeCity": "Singapore", "contact": {"facebook": "100000470900660"}, "firstName": "Sathyakumaran", "tips": {"count": 0}, "gender": "male", "lastName": "Subramaniam", "lists": {"groups": [{"count": 2, "type": "created", "items": []}]}, "bio": ""}, {"id": "191413", "photo": {"prefix": "https://igx.4sqi.net/img/user/", "suffix": "/HLYXENTZU0V4H0UU.jpg"}, "homeCity": "Frankfurt Germany", "contact": {}, "firstName": "Poundcake", "tips": {"count": 2}, "gender": "none", "lastName": "Zarah", "lists": {"groups": [{"count": 2, "type": "created", "items": []}]}, "bio": ""}, {"id": "5028083", "photo": {"prefix": "https://igx.4sqi.net/img/user/", "suffix": "/IIYSJEEEKGG4OZGH.jpg"}, "homeCity": "Singapore", "contact": {"facebook": "546325108"}, "firstName": "Lenus", "tips": {"count": 3}, "gender": "female", "lastName": "Choo", "lists": {"groups": [{"count": 2, "type": "created", "items": []}]}, "bio": ""}, {"id": "3784275", "photo": {"prefix": "https://igx.4sqi.net/img/user/", "suffix": "/OSKUKSMPPCO3M0IG.jpg"}, "homeCity": "Singapore", "contact": {}, "firstName": "Fiza", "tips": {"count": 1}, "gender": "female", "lastName": "Fifi", "lists": {"groups": [{"count": 2, "type": "created", "items": []}]}, "bio": ""}, {"id": "4155377", "photo": {"prefix": "https://igx.4sqi.net/img/user/", "suffix": "/LOGGV0TF31WD2M1I.jpg"}, "homeCity": "Singapore", "contact": {"facebook": "1226971377"}, "firstName": "Sharul", "tips": {"count": 0}, "gender": "male", "lastName": "Nizam", "lists": {"groups": [{"count": 2, "type": "created", "items": []}]}, "bio": ""}, {"id": "4213723", "photo": {"prefix": "https://igx.4sqi.net/img/user/", "suffix": "/DHSIZRKDGCVIENWS.jpg"}, "homeCity": "Singapore", "contact": {"facebook": "732910122", "twitter": "meztaarfin"}, "firstName": "Arfin", "tips": {"count": 1}, "gender": "male", "lists": {"groups": [{"count": 2, "type": "created", "items": []}]}, "bio": ""}, {"id": "1724217", "photo": {"prefix": "https://igx.4sqi.net/img/user/", "suffix": "/GVP2WWEJVA1EPNIA.jpg"}, "homeCity": "Singapore", "contact": {}, "firstName": "Del", "tips": {"count": 1}, "gender": "female", "lastName": "Aoki", "lists": {"groups": [{"count": 2, "type": "created", "items": []}]}, "bio": ""}, {"id": "2440603", "photo": {"prefix": "https://igx.4sqi.net/img/user/", "suffix": "/UVFE3MMWOHYS0SNG.jpg"}, "homeCity": "Singapore", "contact": {"facebook": "1341358279", "twitter": "scissorpaw"}, "firstName": "Michelle", "tips": {"count": 0}, "gender": "female", "lastName": "Kayla", "lists": {"groups": [{"count": 2, "type": "created", "items": []}]}, "bio": ""}, {"id": "32990088", "photo": {"prefix": "https://igx.4sqi.net/img/user/", "suffix": "/32990088-2Y5HIB43ZMFG0M3G.jpg"}, "homeCity": "Negeri Sembilan", "contact": {"twitter": "nicoleyunbing"}, "firstName": "Yunbing", "tips": {"count": 0}, "gender": "female", "lastName": "Loke", "lists": {"groups": [{"count": 2, "type": "created", "items": []}]}, "bio": ""}, {"id": "1117897", "photo": {"prefix": "https://igx.4sqi.net/img/user/", "suffix": "/GIIQIKLXCLCXR4AB.jpg"}, "homeCity": "Jakarta", "contact": {"twitter": "icewhitec"}, "firstName": "Yessita", "tips": {"count": 0}, "gender": "female", "lastName": "Azeharie", "lists": {"groups": [{"count": 2, "type": "created", "items": []}]}, "bio": ""}, {"id": "16515866", "photo": {"prefix": "https://igx.4sqi.net/img/user/", "suffix": "/GWJWCTRQKOYJ1M2K.jpg"}, "homeCity": "Singapore", "contact": {"facebook": "100002930545662", "twitter": "miagetcrazy"}, "firstName": "Weewee", "tips": {"count": 0}, "gender": "female", "lastName": "Thebreezy", "lists": {"groups": [{"count": 2, "type": "created", "items": []}]}, "bio": ""}, {"id": "6188438", "photo": {"prefix": "https://igx.4sqi.net/img/user/", "suffix": "/WBDCLK02OQBHH2XO.jpg"}, "homeCity": "Singapore", "contact": {}, "firstName": "Kayden", "tips": {"count": 0}, "gender": "male", "lastName": "Chong", "lists": {"groups": [{"count": 2, "type": "created", "items": []}]}, "bio": ""}, {"id": "7218166", "photo": {"prefix": "https://igx.4sqi.net/img/user/", "suffix": "/F23LOIJOB23WVUHU.jpg"}, "homeCity": "Singapore", "contact": {"facebook": "1376509963", "twitter": "jocelyntang_ml"}, "firstName": "Jocelyn", "tips": {"count": 0}, "gender": "female", "lastName": "Tang", "lists": {"groups": [{"count": 2, "type": "created", "items": []}]}, "bio": ""}, {"id": "6560368", "photo": {"prefix": "https://igx.4sqi.net/img/user/", "suffix": "/6560368-OQPR133YKKGFZ5TR.jpg"}, "homeCity": "Woodlands,Singapore", "contact": {"facebook": "1520873941", "twitter": "xsmallboy96x"}, "firstName": "Bryan", "tips": {"count": 3}, "gender": "male", "lastName": "Tang", "lists": {"groups": [{"count": 2, "type": "created", "items": []}]}, "bio": ""}, {"id": "8054106", "photo": {"prefix": "https://igx.4sqi.net/img/user/", "suffix": "/S4DQ1UPLEWM0GYBC.jpg"}, "homeCity": "Singapore", "contact": {}, "firstName": "Chan", "tips": {"count": 0}, "gender": "female", "lastName": "Xinning", "lists": {"groups": [{"count": 2, "type": "created", "items": []}]}, "bio": ""}, {"id": "5543788", "photo": {"prefix": "https://igx.4sqi.net/img/user/", "suffix": "/PKCHHLNJSRAJKQKQ.png"}, "homeCity": "Singapore", "contact": {"facebook": "587116947", "twitter": "ambrosells"}, "firstName": "Ambrose", "tips": {"count": 5}, "gender": "male", "lastName": "Lee", "lists": {"groups": [{"count": 2, "type": "created", "items": []}]}, "bio": ""}, {"id": "4908076", "photo": {"prefix": "https://igx.4sqi.net/img/user/", "suffix": "/GDSXYMXCL0ML20EV.jpg"}, "homeCity": "Singapore", "contact": {"facebook": "100001031117672"}, "firstName": "Eugene", "tips": {"count": 0}, "gender": "male", "lastName": "Ngen", "lists": {"groups": [{"count": 2, "type": "created", "items": []}]}, "bio": ""}, {"id": "88213000", "photo": {"prefix": "https://igx.4sqi.net/img/user/", "suffix": "/88213000-APHMQQDDBTZVXASB.jpg"}, "homeCity": "", "contact": {"facebook": "100000389906641"}, "firstName": "Lilylily", "tips": {"count": 0}, "gender": "female", "lastName": "Wong", "lists": {"groups": [{"count": 2, "type": "created", "items": []}]}, "bio": ""}, {"id": "3843753", "photo": {"prefix": "https://igx.4sqi.net/img/user/", "suffix": "/3843753-UDH31HIWHM1BSW3O.jpg"}, "homeCity": "Singapore", "contact": {"facebook": "590822436", "twitter": "rachelkohshiyi"}, "firstName": "Rachel", "tips": {"count": 2}, "gender": "female", "lastName": "Koh", "lists": {"groups": [{"count": 2, "type": "created", "items": []}]}, "bio": ""}, {"id": "5940801", "photo": {"prefix": "https://igx.4sqi.net/img/user/", "suffix": "/CYN3TZUMTRQGWSTD.jpg"}, "homeCity": "Singapore", "contact": {}, "firstName": "\uc624\ub9c8", "tips": {"count": 0}, "gender": "male", "lastName": "F\u00e4R\u00e3H", "lists": {"groups": [{"count": 2, "type": "created", "items": []}]}, "bio": ""}, {"id": "4795207", "photo": {"prefix": "https://igx.4sqi.net/img/user/", "suffix": "/3RXGZK42SB0VVN4P.jpg"}, "homeCity": "Singapore", "contact": {"facebook": "1006665929"}, "firstName": "Chuink", "tips": {"count": 3}, "gender": "female", "lastName": "Bee", "lists": {"groups": [{"count": 2, "type": "created", "items": []}]}, "bio": ""}, {"id": "4945352", "photo": {"prefix": "https://igx.4sqi.net/img/user/", "suffix": "/E0YJTX5XIYLLO3OB.jpg"}, "homeCity": "Singapore", "contact": {}, "firstName": "Nonny", "tips": {"count": 0}, "gender": "female", "lastName": "Florentine", "lists": {"groups": [{"count": 2, "type": "created", "items": []}]}, "bio": ""}, {"id": "8423573", "photo": {"prefix": "https://igx.4sqi.net/img/user/", "suffix": "/NRX2GYMKRO5MVHZM.jpg"}, "homeCity": "Singapore", "contact": {}, "firstName": "Princess", "tips": {"count": 0}, "gender": "female", "lastName": "Nazzy", "lists": {"groups": [{"count": 2, "type": "created", "items": []}]}, "bio": ""}, {"id": "3147777", "photo": {"prefix": "https://igx.4sqi.net/img/user/", "suffix": "/01MFCFIQB5TXYM2R.jpg"}, "homeCity": "Singapore", "contact": {"facebook": "545070150", "twitter": "arterioles"}, "firstName": "Athirah", "tips": {"count": 0}, "gender": "female", "lastName": "Suhaimi", "lists": {"groups": [{"count": 2, "type": "created", "items": []}]}, "bio": ""}, {"id": "2756626", "photo": {"prefix": "https://igx.4sqi.net/img/user/", "suffix": "/CBMUH2N1TNMDN0FL.jpg"}, "homeCity": "Singapore", "contact": {"facebook": "100000758968967"}, "firstName": "Ken", "tips": {"count": 0}, "gender": "none", "lastName": "Ken", "lists": {"groups": [{"count": 2, "type": "created", "items": []}]}, "bio": ""}, {"id": "38276789", "photo": {"prefix": "https://igx.4sqi.net/img/user/", "suffix": "/38276789_XLPnTd2S_TB9njwf7879jw8-B_Ib_Wb-Gx9PgQRhiP2oI3T51dOMQwFmlRyhJ9YQEMzgxeJCR.jpg"}, "homeCity": "Hong Kong ", "contact": {"facebook": "10158157358635705", "twitter": "himhimhimhim1"}, "firstName": "Himson", "tips": {"count": 1}, "gender": "male", "lastName": "Wong", "lists": {"groups": [{"count": 2, "type": "created", "items": []}]}, "bio": ""}, {"id": "6306965", "photo": {"prefix": "https://igx.4sqi.net/img/user/", "suffix": "/ZVAJZZ1BDW15AQQZ.jpg"}, "homeCity": "Singapore", "contact": {"facebook": "705883977"}, "firstName": "DINESH", "tips": {"count": 0}, "gender": "male", "lastName": "EvilANGEL", "lists": {"groups": [{"count": 2, "type": "created", "items": []}]}, "bio": ""}, {"id": "11848131", "photo": {"prefix": "https://igx.4sqi.net/img/user/", "suffix": "/0DKZU4G5ADXRD0N1.jpg"}, "homeCity": "Unnamed Location", "contact": {"facebook": "1374691944"}, "firstName": "Hanson Wong", "tips": {"count": 0}, "gender": "male", "lastName": "Yat Hengg", "lists": {"groups": [{"count": 2, "type": "created", "items": []}]}, "bio": ""}, {"id": "18126320", "photo": {"prefix": "https://igx.4sqi.net/img/user/", "default": true, "suffix": "/blank_girl.png"}, "homeCity": "Singapore", "contact": {"facebook": "724804006"}, "firstName": "Yamuna", "tips": {"count": 0}, "gender": "female", "lastName": "Mahalingam", "lists": {"groups": [{"count": 2, "type": "created", "items": []}]}, "bio": ""}, {"id": "13118984", "photo": {"prefix": "https://igx.4sqi.net/img/user/", "suffix": "/E4BP1QZRLA5PQPBD.jpg"}, "homeCity": "Singapore", "contact": {"facebook": "1642650508"}, "firstName": "JingHui", "tips": {"count": 0}, "gender": "male", "lastName": "Lim", "lists": {"groups": [{"count": 2, "type": "created", "items": []}]}, "bio": ""}, {"id": "5638404", "photo": {"prefix": "https://igx.4sqi.net/img/user/", "default": true, "suffix": "/blank_boy.png"}, "homeCity": "Singapore", "contact": {"facebook": "691435812"}, "firstName": "Alvin", "tips": {"count": 0}, "gender": "male", "lastName": "Ee", "lists": {"groups": [{"count": 2, "type": "created", "items": []}]}, "bio": ""}, {"id": "4910388", "photo": {"prefix": "https://igx.4sqi.net/img/user/", "suffix": "/F22U00SY4SVZQISS.jpg"}, "homeCity": "Singapore", "contact": {"facebook": "1025747077", "twitter": "selem87"}, "firstName": "Selembrasan", "tips": {"count": 3}, "gender": "male", "lists": {"groups": [{"count": 3, "type": "created", "items": []}]}, "bio": ""}, {"id": "3869617", "photo": {"prefix": "https://igx.4sqi.net/img/user/", "suffix": "/4GBDMV2XLJX0EGCP.jpg"}, "homeCity": "Singapore", "contact": {}, "firstName": "Mizta", "tips": {"count": 0}, "gender": "male", "lastName": "Jack", "lists": {"groups": [{"count": 2, "type": "created", "items": []}]}, "bio": ""}, {"id": "8914103", "photo": {"prefix": "https://igx.4sqi.net/img/user/", "suffix": "/RKVDTADS4CWFS2BH.jpg"}, "homeCity": "Pulau Pinang, Malaysia", "contact": {}, "firstName": "HH", "tips": {"count": 2}, "gender": "male", "lists": {"groups": [{"count": 3, "type": "created", "items": []}]}, "bio": ""}, {"id": "10640556", "photo": {"prefix": "https://igx.4sqi.net/img/user/", "suffix": "/1IYURJZEVCWXWZJM.jpg"}, "homeCity": "Singapore", "contact": {"facebook": "1096504230"}, "firstName": "Fadhli", "tips": {"count": 0}, "gender": "male", "lastName": "Kamis", "lists": {"groups": [{"count": 2, "type": "created", "items": []}]}, "bio": ""}, {"id": "3245329", "photo": {"prefix": "https://igx.4sqi.net/img/user/", "suffix": "/0VZ3REEXBQAEWJV0.jpg"}, "homeCity": "Singapore", "contact": {}, "firstName": "Rima", "tips": {"count": 0}, "gender": "female", "lastName": "Rahim", "lists": {"groups": [{"count": 2, "type": "created", "items": []}]}, "bio": ""}, {"id": "2850052", "photo": {"prefix": "https://igx.4sqi.net/img/user/", "suffix": "/KPNSZFGLU3ARJTXA.jpg"}, "homeCity": "Singapore", "contact": {"facebook": "705921221"}, "firstName": "ZeXian", "tips": {"count": 1}, "gender": "male", "lastName": "Goh", "lists": {"groups": [{"count": 2, "type": "created", "items": []}]}, "bio": ""}, {"id": "52663677", "photo": {"prefix": "https://igx.4sqi.net/img/user/", "suffix": "/52663677-CUGFTJYVRSSE4TYO.jpg"}, "homeCity": "Singapore", "contact": {"facebook": "1810034307"}, "firstName": "Tang", "tips": {"count": 3}, "gender": "male", "lastName": "Allan", "lists": {"groups": [{"count": 2, "type": "created", "items": []}]}, "bio": ""}, {"id": "6894727", "photo": {"prefix": "https://igx.4sqi.net/img/user/", "suffix": "/R101IYXLNIOHQDVB.jpg"}, "homeCity": "Singapore", "contact": {"facebook": "647049456"}, "firstName": "Yaty", "tips": {"count": 0}, "gender": "female", "lastName": "Mnsl", "lists": {"groups": [{"count": 2, "type": "created", "items": []}]}, "bio": ""}, {"id": "14325691", "photo": {"prefix": "https://igx.4sqi.net/img/user/", "suffix": "/SEKJ1EERLOBMW1AM.jpg"}, "homeCity": "Singapore", "contact": {"facebook": "1709011457", "twitter": "airement"}, "firstName": "Bingkun", "tips": {"count": 0}, "gender": "none", "lastName": "Goh", "lists": {"groups": [{"count": 2, "type": "created", "items": []}]}, "bio": ""}, {"id": "5690308", "photo": {"prefix": "https://igx.4sqi.net/img/user/", "suffix": "/5690308-UPIBHWHVHJADMIRF.jpg"}, "homeCity": "Singapore", "contact": {"facebook": "951805611499062"}, "firstName": "Syamiryati", "tips": {"count": 0}, "gender": "female", "lastName": "Adrianna", "lists": {"groups": [{"count": 2, "type": "created", "items": []}]}, "bio": ""}, {"id": "4978077", "photo": {"prefix": "https://igx.4sqi.net/img/user/", "suffix": "/PUKFSEK01IT0XKMI.jpg"}, "homeCity": "Singapore", "contact": {"facebook": "100000003940536", "twitter": "val_yourstruly"}, "firstName": "Valerie", "tips": {"count": 1}, "gender": "female", "lastName": "Tan", "lists": {"groups": [{"count": 2, "type": "created", "items": []}]}, "bio": ""}, {"id": "3907485", "photo": {"prefix": "https://igx.4sqi.net/img/user/", "suffix": "/OC3QYXS3TRBUQP5N.png"}, "homeCity": "Singapore", "contact": {}, "firstName": "Zulkiflie", "tips": {"count": 1}, "gender": "male", "lastName": "Ahmad", "lists": {"groups": [{"count": 2, "type": "created", "items": []}]}, "bio": ""}, {"id": "9632713", "photo": {"prefix": "https://igx.4sqi.net/img/user/", "suffix": "/IOZHCFRGEBKUV3O2.jpg"}, "homeCity": "Singapore", "contact": {"facebook": "554894159", "twitter": "limpehgong"}, "firstName": "Wei Tong", "tips": {"count": 0}, "gender": "male", "lastName": "Ng", "lists": {"groups": [{"count": 2, "type": "created", "items": []}]}, "bio": ""}, {"id": "3826744", "photo": {"prefix": "https://igx.4sqi.net/img/user/", "suffix": "/RMOND35JK1YGQUWD.jpg"}, "homeCity": "Singapore", "contact": {"facebook": "595466708"}, "firstName": "Shane", "tips": {"count": 0}, "gender": "female", "lists": {"groups": [{"count": 2, "type": "created", "items": []}]}, "bio": ""}, {"id": "3508190", "photo": {"prefix": "https://igx.4sqi.net/img/user/", "suffix": "/YJJ0K1L4RUBBBSJO.jpg"}, "homeCity": "Singapore", "contact": {"facebook": "555753918"}, "firstName": "Jazzy", "tips": {"count": 0}, "gender": "male", "lastName": "Juma'at", "lists": {"groups": [{"count": 2, "type": "created", "items": []}]}, "bio": ""}, {"id": "6947326", "photo": {"prefix": "https://igx.4sqi.net/img/user/", "default": true, "suffix": "/blank_boy.png"}, "homeCity": "New York, NY", "contact": {"twitter": "nscrewloose"}, "firstName": "Nicholas", "tips": {"count": 0}, "gender": "male", "lastName": "Goh", "lists": {"groups": [{"count": 2, "type": "created", "items": []}]}, "bio": ""}, {"id": "5886658", "photo": {"prefix": "https://igx.4sqi.net/img/user/", "suffix": "/2JQRFARIS5TYKTXZ.jpg"}, "homeCity": "Singapore", "contact": {"facebook": "503239202", "twitter": "lynniers"}, "firstName": "Lynn", "tips": {"count": 0}, "gender": "female", "lastName": "Lee", "lists": {"groups": [{"count": 2, "type": "created", "items": []}]}, "bio": ""}, {"id": "10845203", "photo": {"prefix": "https://igx.4sqi.net/img/user/", "suffix": "/CXS0X2NXGGMP52OE.jpg"}, "homeCity": "Singapore", "contact": {"facebook": "1493483079", "twitter": "qaliffah"}, "firstName": "Qal", "tips": {"count": 1}, "gender": "male", "lastName": "Jacob", "lists": {"groups": [{"count": 2, "type": "created", "items": []}]}, "bio": ""}, {"id": "3934619", "photo": {"prefix": "https://igx.4sqi.net/img/user/", "suffix": "/S0P34F4QFPNYI0Y1.jpg"}, "homeCity": "Singapore", "contact": {}, "firstName": "Syaiz", "tips": {"count": 0}, "gender": "male", "lastName": "Hangfirez", "lists": {"groups": [{"count": 2, "type": "created", "items": []}]}, "bio": ""}, {"id": "3830725", "photo": {"prefix": "https://igx.4sqi.net/img/user/", "suffix": "/N0WWADMZ2TIIGSZJ.jpg"}, "homeCity": "Singapore", "contact": {"facebook": "1171966584", "twitter": "priswongz"}, "firstName": "Pris", "tips": {"count": 0}, "gender": "female", "lastName": "Wong", "lists": {"groups": [{"count": 2, "type": "created", "items": []}]}, "bio": ""}, {"id": "3698910", "photo": {"prefix": "https://igx.4sqi.net/img/user/", "suffix": "/Y43P5SOPW2KR3TIO.jpg"}, "homeCity": "Singapore", "contact": {"facebook": "1677191050"}, "firstName": "Vyvian", "tips": {"count": 0}, "gender": "female", "lastName": "chua", "lists": {"groups": [{"count": 2, "type": "created", "items": []}]}, "bio": ""}, {"id": "11051161", "photo": {"prefix": "https://igx.4sqi.net/img/user/", "suffix": "/NMVXI0P3TYO4VWHD.jpg"}, "homeCity": "Singapore", "contact": {"facebook": "665974485"}, "firstName": "Vivian", "tips": {"count": 0}, "gender": "female", "lastName": "Low", "lists": {"groups": [{"count": 2, "type": "created", "items": []}]}, "bio": ""}, {"id": "5919779", "photo": {"prefix": "https://igx.4sqi.net/img/user/", "suffix": "/04QCCELZNTGANHQ5.jpg"}, "homeCity": "Singapore", "contact": {"facebook": "574646997"}, "firstName": "Adam Sarhan", "tips": {"count": 3}, "gender": "male", "lastName": "Roisza", "lists": {"groups": [{"count": 2, "type": "created", "items": []}]}, "bio": ""}, {"id": "15773268", "photo": {"prefix": "https://igx.4sqi.net/img/user/", "suffix": "/H3ROIOCRBUQ10P4M.jpg"}, "homeCity": "Singapore", "contact": {"facebook": "589342388"}, "firstName": "Ziling", "tips": {"count": 0}, "gender": "female", "lastName": "Goh", "lists": {"groups": [{"count": 2, "type": "created", "items": []}]}, "bio": ""}, {"id": "4502151", "photo": {"prefix": "https://igx.4sqi.net/img/user/", "suffix": "/14DTOYVGNJA10CJY.jpg"}, "homeCity": "Singapore", "contact": {"facebook": "562976188"}, "firstName": "Wei jian", "tips": {"count": 0}, "gender": "male", "lastName": "Neo", "lists": {"groups": [{"count": 2, "type": "created", "items": []}]}, "bio": ""}, {"id": "3989922", "photo": {"prefix": "https://igx.4sqi.net/img/user/", "suffix": "/MTNJ5UF3UDYDKSJ3.jpg"}, "homeCity": "Singapore", "contact": {"facebook": "566509176"}, "firstName": "Amelia", "tips": {"count": 0}, "gender": "female", "lists": {"groups": [{"count": 2, "type": "created", "items": []}]}, "bio": ""}, {"id": "4489183", "photo": {"prefix": "https://igx.4sqi.net/img/user/", "suffix": "/PSD5PQNRNWB5CFSV.jpg"}, "homeCity": "New York, NY", "contact": {"facebook": "650429546"}, "firstName": "Rueben", "tips": {"count": 1}, "gender": "male", "lastName": "Emmanuel", "lists": {"groups": [{"count": 2, "type": "created", "items": []}]}, "bio": ""}, {"id": "11958842", "photo": {"prefix": "https://igx.4sqi.net/img/user/", "suffix": "/H5H2RZLRWN2V4SV4.jpg"}, "homeCity": "", "contact": {"facebook": "689960401"}, "firstName": "Sheryl", "tips": {"count": 0}, "gender": "female", "lastName": "Sim", "lists": {"groups": [{"count": 2, "type": "created", "items": []}]}, "bio": ""}, {"id": "9565616", "photo": {"prefix": "https://igx.4sqi.net/img/user/", "default": true, "suffix": "/blank_girl.png"}, "homeCity": "Singapore", "contact": {"facebook": "1801747745"}, "firstName": "Winnie", "tips": {"count": 1}, "gender": "female", "lastName": "Canocious", "lists": {"groups": [{"count": 2, "type": "created", "items": []}]}, "bio": ""}, {"id": "43813817", "photo": {"prefix": "https://igx.4sqi.net/img/user/", "suffix": "/I5A5N3WXE0ZYOQCR.jpg"}, "homeCity": "Singapore", "contact": {"facebook": "100000206240649"}, "firstName": "Baobao", "tips": {"count": 0}, "gender": "female", "lastName": "Kimchi", "lists": {"groups": [{"count": 2, "type": "created", "items": []}]}, "bio": ""}, {"id": "4510675", "photo": {"prefix": "https://igx.4sqi.net/img/user/", "suffix": "/MIRKNCYAN1TTWKDQ.jpg"}, "homeCity": "Singapore", "contact": {"facebook": "556171757", "twitter": "shaunshaunie"}, "firstName": "Shaun", "tips": {"count": 1}, "gender": "male", "lastName": "S", "lists": {"groups": [{"count": 2, "type": "created", "items": []}]}, "bio": ""}, {"id": "3992364", "photo": {"prefix": "https://igx.4sqi.net/img/user/", "suffix": "/5VEW0U1UABUVBLPZ.jpg"}, "homeCity": "Singapore", "contact": {"facebook": "100001600650960", "twitter": "jarofhearts_87"}, "firstName": "Bubufire", "tips": {"count": 0}, "gender": "female", "lastName": "Fuidausu", "lists": {"groups": [{"count": 2, "type": "created", "items": []}]}, "bio": ""}, {"id": "4689433", "photo": {"prefix": "https://igx.4sqi.net/img/user/", "suffix": "/TZTETPOBWP2ZPEZQ.jpg"}, "homeCity": "Singapore", "contact": {}, "firstName": "Feefi", "tips": {"count": 0}, "gender": "female", "lastName": "Bmz", "lists": {"groups": [{"count": 2, "type": "created", "items": []}]}, "bio": ""}, {"id": "52997360", "photo": {"prefix": "https://igx.4sqi.net/img/user/", "suffix": "/52997360-IANRSHEYMAJ1GQM2.jpg"}, "homeCity": "", "contact": {"facebook": "100000407584722"}, "firstName": "Zueyi", "tips": {"count": 0}, "gender": "female", "lastName": "Loke", "lists": {"groups": [{"count": 2, "type": "created", "items": []}]}, "bio": ""}, {"id": "5253026", "photo": {"prefix": "https://igx.4sqi.net/img/user/", "suffix": "/4PP3Q01ZHD45R5FD.jpg"}, "homeCity": "Singapore", "contact": {"facebook": "100001036720258"}, "firstName": "Cm.karunanidi", "tips": {"count": 0}, "gender": "male", "lastName": "Muthu", "lists": {"groups": [{"count": 2, "type": "created", "items": []}]}, "bio": ""}, {"id": "3992701", "photo": {"prefix": "https://igx.4sqi.net/img/user/", "suffix": "/ZJWTS4Z3ASPMXC2N.jpg"}, "homeCity": "Singapore", "contact": {"facebook": "723158618"}, "firstName": "David", "tips": {"count": 6}, "gender": "male", "lastName": "Tan", "lists": {"groups": [{"count": 2, "type": "created", "items": []}]}, "bio": ""}, {"id": "4760048", "photo": {"prefix": "https://igx.4sqi.net/img/user/", "suffix": "/3LNJ1E5WTMZ01TBT.jpg"}, "homeCity": "Singapore", "contact": {"facebook": "609463074", "twitter": "terralim"}, "firstName": "Terra", "tips": {"count": 0}, "gender": "female", "lastName": "Lim", "lists": {"groups": [{"count": 2, "type": "created", "items": []}]}, "bio": ""}, {"id": "4094714", "photo": {"prefix": "https://igx.4sqi.net/img/user/", "suffix": "/SZX2JQE0RZY1QOHE.jpg"}, "homeCity": "Singapore", "contact": {"facebook": "543250093"}, "firstName": "Rachel", "tips": {"count": 0}, "gender": "female", "lastName": "Chua", "lists": {"groups": [{"count": 2, "type": "created", "items": []}]}, "bio": ""}, {"id": "5527743", "photo": {"prefix": "https://igx.4sqi.net/img/user/", "default": true, "suffix": "/blank_girl.png"}, "homeCity": "Singapore", "contact": {"facebook": "533775828"}, "firstName": "Bertha", "tips": {"count": 0}, "gender": "female", "lastName": "Kwok", "lists": {"groups": [{"count": 2, "type": "created", "items": []}]}, "bio": ""}, {"id": "4200091", "photo": {"prefix": "https://igx.4sqi.net/img/user/", "suffix": "/NHH4SFYZRK0ASPNK.jpg"}, "homeCity": "Singapore", "contact": {}, "firstName": "Azman", "tips": {"count": 0}, "gender": "male", "lastName": "Hamid", "lists": {"groups": [{"count": 2, "type": "created", "items": []}]}, "bio": ""}, {"id": "6097194", "photo": {"prefix": "https://igx.4sqi.net/img/user/", "suffix": "/3YOEBTT5NGYN4RDY.jpg"}, "homeCity": "Singapore", "contact": {}, "firstName": "Jen or", "tips": {"count": 3}, "gender": "female", "lists": {"groups": [{"count": 2, "type": "created", "items": []}]}, "bio": ""}, {"id": "5743780", "photo": {"prefix": "https://igx.4sqi.net/img/user/", "default": true, "suffix": "/blank_boy.png"}, "homeCity": "New York, NY", "contact": {"facebook": "592365916"}, "firstName": "Sara", "tips": {"count": 0}, "gender": "none", "lastName": "Koh", "lists": {"groups": [{"count": 2, "type": "created", "items": []}]}, "bio": ""}, {"id": "6417931", "photo": {"prefix": "https://igx.4sqi.net/img/user/", "suffix": "/K1SIZH1EOGWZEGYE.jpg"}, "homeCity": "Singapore", "contact": {"facebook": "10153289188945660", "twitter": "ilovepapaya"}, "firstName": "Qing Xiang", "tips": {"count": 2}, "gender": "male", "lastName": "Sim", "lists": {"groups": [{"count": 2, "type": "created", "items": []}]}, "bio": ""}, {"id": "8753001", "photo": {"prefix": "https://igx.4sqi.net/img/user/", "suffix": "/8753001-NJCDBIDUVBNYEDKU.jpg"}, "homeCity": "Singapore", "contact": {"facebook": "1766630186", "twitter": "stephdanceshoes"}, "firstName": "Stephanie", "tips": {"count": 1}, "gender": "female", "lastName": "Kong", "lists": {"groups": [{"count": 2, "type": "created", "items": []}]}, "bio": ""}]}, "checksum": "4b9246db49a32e612732950cc247c90484c83abe"}}