{"notifications": [{"type": "notificationTray", "item": {"unreadCount": 0}}], "response": {"friends": {"items": [{"tips": {"count": 0}, "contact": {"facebook": "1341221593"}, "firstName": "Wesley", "gender": "male", "lastName": "Ting", "id": "2309632", "bio": "", "photo": {"prefix": "https://igx.4sqi.net/img/user/", "suffix": "/T4CPCUDF3R1P2ZBB.jpg"}, "homeCity": "Yishun, Singapore", "lists": {"groups": [{"items": [], "count": 2, "type": "created"}]}}, {"tips": {"count": 0}, "contact": {"twitter": "ailengong", "facebook": "523448638"}, "firstName": "Ong", "gender": "female", "lastName": "Ai Leng", "id": "28539322", "bio": "", "photo": {"prefix": "https://igx.4sqi.net/img/user/", "suffix": "/OLTNDQ4BQR0DWIT5.jpg"}, "homeCity": "Selangor", "lists": {"groups": [{"items": [], "count": 2, "type": "created"}]}}, {"tips": {"count": 0}, "contact": {"twitter": "evoneneo", "facebook": "514765375"}, "firstName": "Yvonne", "gender": "female", "id": "4308829", "bio": "+65\r\nMy mundane life.", "photo": {"prefix": "https://igx.4sqi.net/img/user/", "suffix": "/4308829-FKI5S4LRCJTL0EAL.jpg"}, "homeCity": "Singapore", "lists": {"groups": [{"items": [], "count": 6, "type": "created"}]}}, {"tips": {"count": 0}, "contact": {"facebook": "770005151"}, "firstName": "lu", "gender": "male", "lastName": "Jianwen", "id": "7050839", "bio": "", "photo": {"prefix": "https://igx.4sqi.net/img/user/", "suffix": "/OBMP11UUQHAKRT2R.jpg"}, "homeCity": "Singapore", "lists": {"groups": [{"items": [], "count": 2, "type": "created"}]}}, {"tips": {"count": 16}, "contact": {}, "firstName": "Jolene", "gender": "female", "lastName": "Poh", "id": "3509570", "bio": "www.newindecember.com", "photo": {"prefix": "https://igx.4sqi.net/img/user/", "suffix": "/Z4YKAJSSH02KHX2Q.jpg"}, "homeCity": "Singapore", "lists": {"groups": [{"items": [], "count": 2, "type": "created"}]}}, {"tips": {"count": 0}, "contact": {}, "firstName": "Lista", "gender": "female", "id": "16297051", "bio": "", "photo": {"prefix": "https://igx.4sqi.net/img/user/", "suffix": "/QDRXJQVDGMVORTIY.jpg"}, "homeCity": "Singapore", "lists": {"groups": [{"items": [], "count": 2, "type": "created"}]}}, {"tips": {"count": 0}, "contact": {}, "firstName": "Leon", "gender": "male", "id": "4863741", "bio": "", "photo": {"prefix": "https://igx.4sqi.net/img/user/", "suffix": "/Z5HNWQNZZ25JBB4D.jpg"}, "homeCity": "Singapore", "lists": {"groups": [{"items": [], "count": 2, "type": "created"}]}}, {"tips": {"count": 0}, "contact": {"facebook": "628142352"}, "firstName": "Benno", "gender": "male", "lastName": "Lim", "id": "9279384", "bio": "", "photo": {"prefix": "https://igx.4sqi.net/img/user/", "suffix": "/HETNGEPBJR0RQT4G.jpg"}, "homeCity": "Singapore", "lists": {"groups": [{"items": [], "count": 2, "type": "created"}]}}, {"tips": {"count": 0}, "contact": {"facebook": "625186163"}, "firstName": "Marvyn", "gender": "male", "lastName": "Soh", "id": "13777940", "bio": "", "photo": {"prefix": "https://igx.4sqi.net/img/user/", "suffix": "/blank_boy.png", "default": true}, "homeCity": "Singapore", "lists": {"groups": [{"items": [], "count": 2, "type": "created"}]}}, {"tips": {"count": 0}, "contact": {"twitter": "evaa_licious"}, "firstName": "Eva", "gender": "female", "lastName": "Chin", "id": "5468340", "bio": "", "photo": {"prefix": "https://igx.4sqi.net/img/user/", "suffix": "/FBUO3RNTNKZXSRW0.jpg"}, "homeCity": "Singapore", "lists": {"groups": [{"items": [], "count": 2, "type": "created"}]}}, {"tips": {"count": 0}, "contact": {"twitter": "gendivulge", "facebook": "1494127575"}, "firstName": "Gen", "gender": "female", "lastName": "Poh", "id": "2189784", "bio": "", "photo": {"prefix": "https://igx.4sqi.net/img/user/", "suffix": "/540VZBVVVSZOMINW.jpg"}, "homeCity": "Singapore", "lists": {"groups": [{"items": [], "count": 2, "type": "created"}]}}, {"tips": {"count": 2}, "contact": {"twitter": "johntrolls", "facebook": "625594127"}, "firstName": "John", "gender": "male", "lastName": "Lee", "id": "5165076", "bio": "", "photo": {"prefix": "https://igx.4sqi.net/img/user/", "suffix": "/KA1I5BUUKVPVSNFL.jpg"}, "homeCity": "Singapore", "lists": {"groups": [{"items": [], "count": 2, "type": "created"}]}}, {"tips": {"count": 1}, "contact": {"facebook": "758913270"}, "firstName": "Rodney", "gender": "male", "lastName": "Tay", "id": "3910954", "bio": "", "photo": {"prefix": "https://igx.4sqi.net/img/user/", "suffix": "/QHCIL5NWCC0A5XG1.jpg"}, "homeCity": "Singapore", "lists": {"groups": [{"items": [], "count": 2, "type": "created"}]}}, {"tips": {"count": 0}, "contact": {"twitter": "aaronalised", "facebook": "717296657"}, "firstName": "Aaronalised", "gender": "male", "lastName": "Ing", "id": "761147", "bio": "", "photo": {"prefix": "https://igx.4sqi.net/img/user/", "suffix": "/JCWDKDUHYRVZO3IA.jpg"}, "homeCity": "Singapore", "lists": {"groups": [{"items": [], "count": 2, "type": "created"}]}}, {"tips": {"count": 3}, "contact": {}, "firstName": "Meiru", "gender": "none", "id": "4061067", "bio": "", "photo": {"prefix": "https://igx.4sqi.net/img/user/", "suffix": "/WPZPZPG1D3KESEJJ.jpg"}, "homeCity": "Singapore", "lists": {"groups": [{"items": [], "count": 2, "type": "created"}]}}, {"tips": {"count": 1}, "contact": {"twitter": "meztaarfin", "facebook": "732910122"}, "firstName": "Arfin", "gender": "male", "id": "4213723", "bio": "", "photo": {"prefix": "https://igx.4sqi.net/img/user/", "suffix": "/DHSIZRKDGCVIENWS.jpg"}, "homeCity": "Singapore", "lists": {"groups": [{"items": [], "count": 2, "type": "created"}]}}, {"tips": {"count": 3}, "contact": {"twitter": "leonardsiew", "facebook": "614980824"}, "firstName": "Leonard", "gender": "male", "lastName": "Siew", "id": "942223", "bio": "", "photo": {"prefix": "https://igx.4sqi.net/img/user/", "suffix": "/IFHKOKKSKSK3GPGV.jpg"}, "homeCity": "Singapore", "lists": {"groups": [{"items": [], "count": 3, "type": "created"}]}}, {"tips": {"count": 24}, "contact": {"facebook": "513495228"}, "firstName": "Natalie", "gender": "female", "lastName": "Ng", "id": "2692910", "bio": "", "photo": {"prefix": "https://igx.4sqi.net/img/user/", "suffix": "/SPM33NKUF0RFIO1G.jpg"}, "homeCity": "Singapore", "lists": {"groups": [{"items": [], "count": 2, "type": "created"}]}}, {"tips": {"count": 0}, "contact": {"twitter": "j_olvin", "facebook": "700495364"}, "firstName": "Jolvin", "gender": "male", "id": "1497137", "bio": "", "photo": {"prefix": "https://igx.4sqi.net/img/user/", "suffix": "/3E51ZMQQ3AWY3O5T.jpg"}, "homeCity": "Singapore", "lists": {"groups": [{"items": [], "count": 2, "type": "created"}]}}, {"tips": {"count": 0}, "contact": {"facebook": "573136164"}, "firstName": "Strike", "gender": "male", "lastName": "Tan", "id": "11552250", "bio": "", "photo": {"prefix": "https://igx.4sqi.net/img/user/", "suffix": "/blank_boy.png", "default": true}, "homeCity": "New York, NY", "lists": {"groups": [{"items": [], "count": 2, "type": "created"}]}}, {"tips": {"count": 1}, "contact": {"twitter": "princederricksg", "facebook": "701410193"}, "firstName": "Derrick", "gender": "male", "id": "4351052", "bio": "", "photo": {"prefix": "https://igx.4sqi.net/img/user/", "suffix": "/4UECPITKZQHZQJJT.jpg"}, "homeCity": "Singapore", "lists": {"groups": [{"items": [], "count": 2, "type": "created"}]}}, {"tips": {"count": 0}, "contact": {}, "firstName": "Chris", "gender": "male", "lastName": "Ang", "id": "7804469", "bio": "", "photo": {"prefix": "https://igx.4sqi.net/img/user/", "suffix": "/AL1VUS03Q0CDZ0RA.jpg"}, "homeCity": "Singapore", "lists": {"groups": [{"items": [], "count": 2, "type": "created"}]}}, {"tips": {"count": 0}, "contact": {}, "firstName": "Daneil", "gender": "male", "id": "3510219", "bio": "", "photo": {"prefix": "https://igx.4sqi.net/img/user/", "suffix": "/XASLDKHO2ROIEGCY.jpg"}, "homeCity": "Singapore", "lists": {"groups": [{"items": [], "count": 2, "type": "created"}]}}, {"tips": {"count": 0}, "contact": {}, "firstName": "Vivianne", "gender": "female", "lastName": "Tan", "id": "26366501", "bio": "", "photo": {"prefix": "https://igx.4sqi.net/img/user/", "suffix": "/24FJ1JKJQILBLQP1.jpg"}, "homeCity": "Singapore, Tampines", "lists": {"groups": [{"items": [], "count": 2, "type": "created"}]}}, {"tips": {"count": 0}, "contact": {"twitter": "fredachia", "facebook": "717088195"}, "firstName": "Freda", "gender": "female", "id": "5477429", "bio": "", "photo": {"prefix": "https://igx.4sqi.net/img/user/", "suffix": "/AQF44Z3KETTUAOUM.jpg"}, "homeCity": "Singapore", "lists": {"groups": [{"items": [], "count": 2, "type": "created"}]}}, {"tips": {"count": 2}, "contact": {}, "firstName": "Jeremy", "gender": "male", "lastName": "Soo", "id": "3603671", "bio": "", "photo": {"prefix": "https://igx.4sqi.net/img/user/", "suffix": "/IWIR1M1D4EHVHVNB.jpg"}, "homeCity": "Kuala Lumpur, Malaysia", "lists": {"groups": [{"items": [], "count": 2, "type": "created"}]}}, {"tips": {"count": 0}, "contact": {"twitter": "alexastonchua", "facebook": "665670573"}, "firstName": "Alex", "gender": "male", "lastName": "Chua", "id": "5169193", "bio": "", "photo": {"prefix": "https://igx.4sqi.net/img/user/", "suffix": "/3I5NSYPC0DVZNF05.jpg"}, "homeCity": "Singapore", "lists": {"groups": [{"items": [], "count": 2, "type": "created"}]}}, {"tips": {"count": 0}, "contact": {"facebook": "651540769"}, "firstName": "Zihan", "gender": "female", "lastName": "Ng", "id": "3452399", "bio": "", "photo": {"prefix": "https://igx.4sqi.net/img/user/", "suffix": "/E0JCB50DJJBDQE5C.jpg"}, "homeCity": "Singapore", "lists": {"groups": [{"items": [], "count": 2, "type": "created"}]}}, {"tips": {"count": 0}, "contact": {"twitter": "yunjie_", "facebook": "785295571"}, "firstName": "Yunjie", "gender": "male", "lastName": "Low", "id": "14199659", "bio": "", "photo": {"prefix": "https://igx.4sqi.net/img/user/", "suffix": "/NJDELLRSHQLV11AR.jpg"}, "homeCity": "Singapore", "lists": {"groups": [{"items": [], "count": 3, "type": "created"}]}}, {"tips": {"count": 1}, "contact": {"twitter": "zack_ong"}, "firstName": "Zack", "gender": "male", "lastName": "Ong", "id": "1258850", "bio": "", "photo": {"prefix": "https://igx.4sqi.net/img/user/", "suffix": "/1258850-A3HYVH4ZVVZSZHL1.jpg"}, "homeCity": "Singapore", "lists": {"groups": [{"items": [], "count": 2, "type": "created"}]}}, {"tips": {"count": 0}, "contact": {}, "firstName": "Yvonne", "gender": "female", "id": "2820092", "bio": "", "photo": {"prefix": "https://igx.4sqi.net/img/user/", "suffix": "/C0FAUHP4XZMDXWXU.jpg"}, "homeCity": "Singapore", "lists": {"groups": [{"items": [], "count": 2, "type": "created"}]}}, {"tips": {"count": 0}, "contact": {"facebook": "703537738"}, "firstName": "Tan", "gender": "male", "lastName": "Yu Zhi", "id": "11631431", "bio": "", "photo": {"prefix": "https://igx.4sqi.net/img/user/", "suffix": "/Y4TAAONSPGNW2UYO.jpg"}, "homeCity": "Singapore", "lists": {"groups": [{"items": [], "count": 2, "type": "created"}]}}, {"tips": {"count": 0}, "contact": {"twitter": "souleclipser", "facebook": "1575846692"}, "firstName": "Guanwen", "gender": "male", "lastName": "Samuel Huang", "id": "4463635", "bio": "", "photo": {"prefix": "https://igx.4sqi.net/img/user/", "suffix": "/UJ03N1SJC32DUFSZ.jpg"}, "homeCity": "Singapore", "lists": {"groups": [{"items": [], "count": 2, "type": "created"}]}}, {"tips": {"count": 1}, "contact": {"twitter": "gtsw", "facebook": "589280353"}, "firstName": "Gerald", "gender": "male", "lastName": "Tan", "id": "8395402", "bio": "", "photo": {"prefix": "https://igx.4sqi.net/img/user/", "suffix": "/TRZBPEBFM4FITOBF.jpg"}, "homeCity": "Singapore", "lists": {"groups": [{"items": [], "count": 2, "type": "created"}]}}, {"tips": {"count": 0}, "contact": {"twitter": "ngsufanna", "facebook": "10154659980803487"}, "firstName": "sufanna", "gender": "female", "lastName": "ng", "id": "3511043", "bio": "", "photo": {"prefix": "https://igx.4sqi.net/img/user/", "suffix": "/3511043-JL4AED35JIOHH1BV.jpg"}, "homeCity": "Singapore", "lists": {"groups": [{"items": [], "count": 2, "type": "created"}]}}, {"tips": {"count": 0}, "contact": {}, "firstName": "Yang", "gender": "female", "lastName": "Shi li", "id": "5636734", "bio": "", "photo": {"prefix": "https://igx.4sqi.net/img/user/", "suffix": "/ZUIFIFXNCMAQXSBC.jpg"}, "homeCity": "Singapore", "lists": {"groups": [{"items": [], "count": 2, "type": "created"}]}}, {"tips": {"count": 0}, "contact": {"twitter": "liciasqueaks", "facebook": "1611578880"}, "firstName": "LICIA :D", "gender": "female", "id": "4538541", "bio": "", "photo": {"prefix": "https://igx.4sqi.net/img/user/", "suffix": "/XQL4M4GY2NYUYJF2.jpg"}, "homeCity": "Singapore", "lists": {"groups": [{"items": [], "count": 2, "type": "created"}]}}, {"tips": {"count": 0}, "contact": {"facebook": "593583998"}, "firstName": "Chua", "gender": "male", "lastName": "Jiaqin", "id": "3476213", "bio": "", "photo": {"prefix": "https://igx.4sqi.net/img/user/", "suffix": "/2GNBNUWDNLXS215I.jpg"}, "homeCity": "Singapore", "lists": {"groups": [{"items": [], "count": 2, "type": "created"}]}}, {"tips": {"count": 0}, "contact": {"twitter": "mistermaung", "facebook": "559609388"}, "firstName": "Ferreira", "gender": "male", "lastName": "Josh", "id": "2026297", "bio": "", "photo": {"prefix": "https://igx.4sqi.net/img/user/", "suffix": "/2026297-T0SN4N0Z4OKACLQE.jpg"}, "homeCity": "Singapore", "lists": {"groups": [{"items": [], "count": 2, "type": "created"}]}}, {"tips": {"count": 0}, "contact": {"twitter": "kenesu_", "facebook": "701694907"}, "firstName": "Kenneth", "gender": "male", "lastName": "Soo", "id": "2845137", "bio": "", "photo": {"prefix": "https://igx.4sqi.net/img/user/", "suffix": "/AJW4XC2MNMRZGESB.jpg"}, "homeCity": "Singapore", "lists": {"groups": [{"items": [], "count": 2, "type": "created"}]}}, {"tips": {"count": 0}, "contact": {}, "firstName": "Miranda", "gender": "female", "lastName": "Ng", "id": "4841948", "bio": "", "photo": {"prefix": "https://igx.4sqi.net/img/user/", "suffix": "/ZIJD2LIYZH0QWQSD.jpg"}, "homeCity": "Singapore", "lists": {"groups": [{"items": [], "count": 2, "type": "created"}]}}, {"tips": {"count": 0}, "contact": {"twitter": "tandaxin", "facebook": "526613214"}, "firstName": "Daxin", "gender": "male", "lastName": "Tan", "id": "10461397", "bio": "", "photo": {"prefix": "https://igx.4sqi.net/img/user/", "suffix": "/CEZMZSOIMLGDEGYR.jpg"}, "homeCity": "Singapore", "lists": {"groups": [{"items": [], "count": 2, "type": "created"}]}}, {"tips": {"count": 0}, "contact": {}, "firstName": "Rainie", "gender": "female", "lastName": "Ong", "id": "5711253", "bio": "", "photo": {"prefix": "https://igx.4sqi.net/img/user/", "suffix": "/XR02C1D5Q2IQ3BJG.jpg"}, "homeCity": "Singapore", "lists": {"groups": [{"items": [], "count": 2, "type": "created"}]}}, {"tips": {"count": 0}, "contact": {}, "firstName": "SHERMAINE", "gender": "female", "lastName": "NG", "id": "5013906", "bio": "", "photo": {"prefix": "https://igx.4sqi.net/img/user/", "suffix": "/MAYB5IHPRFNQWUXO.jpg"}, "homeCity": "Singapore", "lists": {"groups": [{"items": [], "count": 2, "type": "created"}]}}, {"tips": {"count": 4}, "contact": {"twitter": "jingwsoshi", "facebook": "624843135"}, "firstName": "Jingwei", "gender": "male", "id": "5040338", "bio": "", "photo": {"prefix": "https://igx.4sqi.net/img/user/", "suffix": "/HMCKTQE3VV1ZFQJV.jpg"}, "homeCity": "Bedok North Ave 1 553", "lists": {"groups": [{"items": [], "count": 2, "type": "created"}]}}, {"tips": {"count": 0}, "contact": {"twitter": "heng_yg", "facebook": "595789342"}, "firstName": "Yaoguang", "gender": "male", "lastName": "Heng", "id": "3146286", "bio": "", "photo": {"prefix": "https://igx.4sqi.net/img/user/", "suffix": "/YSMNAMGQQFBMZUOX.jpg"}, "homeCity": "Singapore", "lists": {"groups": [{"items": [], "count": 2, "type": "created"}]}}, {"tips": {"count": 0}, "contact": {"facebook": "598028822"}, "firstName": "Margaret", "gender": "female", "lastName": "Quek", "id": "3173228", "bio": "", "photo": {"prefix": "https://igx.4sqi.net/img/user/", "suffix": "/ISBWN53NWKYMSZG1.jpg"}, "homeCity": "Singapore", "lists": {"groups": [{"items": [], "count": 2, "type": "created"}]}}, {"tips": {"count": 0}, "contact": {}, "firstName": "Kayden", "gender": "male", "lastName": "Chong", "id": "6188438", "bio": "", "photo": {"prefix": "https://igx.4sqi.net/img/user/", "suffix": "/WBDCLK02OQBHH2XO.jpg"}, "homeCity": "Singapore", "lists": {"groups": [{"items": [], "count": 2, "type": "created"}]}}, {"tips": {"count": 1}, "contact": {"twitter": "freddysparrow", "facebook": "632494950"}, "firstName": "Fredrik", "gender": "male", "lastName": "Yeo", "id": "7482720", "bio": "", "photo": {"prefix": "https://igx.4sqi.net/img/user/", "suffix": "/MLCVVPCLXAA5O1GK.jpg"}, "homeCity": "Singapore", "lists": {"groups": [{"items": [], "count": 2, "type": "created"}]}}, {"tips": {"count": 0}, "contact": {}, "firstName": "Dwight", "gender": "male", "lastName": "Chew", "id": "9101577", "bio": "", "photo": {"prefix": "https://igx.4sqi.net/img/user/", "suffix": "/blank_boy.png", "default": true}, "homeCity": "Singapore", "lists": {"groups": [{"items": [], "count": 2, "type": "created"}]}}, {"tips": {"count": 0}, "contact": {"twitter": "xinrong_", "facebook": "627951772"}, "firstName": "Xinrong", "gender": "female", "id": "5358885", "bio": "", "photo": {"prefix": "https://igx.4sqi.net/img/user/", "suffix": "/HTVOZMEYA3Q1PGN1.jpg"}, "homeCity": "Singapore", "lists": {"groups": [{"items": [], "count": 2, "type": "created"}]}}, {"tips": {"count": 1}, "contact": {"twitter": "hellovelle", "facebook": "621466908"}, "firstName": "Valentia", "gender": "female", "lastName": "Velle", "id": "3241327", "bio": "", "photo": {"prefix": "https://igx.4sqi.net/img/user/", "suffix": "/IVMTR3YVR3QU55KV.jpg"}, "homeCity": "New Zealand", "lists": {"groups": [{"items": [], "count": 2, "type": "created"}]}}, {"tips": {"count": 0}, "contact": {"facebook": "697551558"}, "firstName": "Jason", "gender": "male", "lastName": "Lee", "id": "3279356", "bio": "", "photo": {"prefix": "https://igx.4sqi.net/img/user/", "suffix": "/QGK5QBA4WTJZOSXH.jpg"}, "homeCity": "Singapore", "lists": {"groups": [{"items": [], "count": 2, "type": "created"}]}}, {"tips": {"count": 3}, "contact": {"twitter": "ashleymisaki", "facebook": "537080596"}, "firstName": "Ashley", "gender": "female", "lastName": "Chow", "id": "6644497", "bio": "", "photo": {"prefix": "https://igx.4sqi.net/img/user/", "suffix": "/FB1NBWEYZBU0KJPK.jpg"}, "homeCity": "Singapore", "lists": {"groups": [{"items": [], "count": 2, "type": "created"}]}}, {"tips": {"count": 0}, "contact": {}, "firstName": "Derrick", "gender": "male", "lastName": "Ng", "id": "9678409", "bio": "", "photo": {"prefix": "https://igx.4sqi.net/img/user/", "suffix": "/5WWFJ21HGXSSCQZD.jpg"}, "homeCity": "Singapore", "lists": {"groups": [{"items": [], "count": 2, "type": "created"}]}}, {"tips": {"count": 0}, "contact": {"twitter": "ryanch90", "facebook": "709992092"}, "firstName": "Ryan", "gender": "male", "lastName": "Chen", "id": "3257836", "bio": "", "photo": {"prefix": "https://igx.4sqi.net/img/user/", "suffix": "/KBAF4PNGB1222MU2.jpg"}, "homeCity": "Singapore", "lists": {"groups": [{"items": [], "count": 2, "type": "created"}]}}, {"tips": {"count": 4}, "contact": {"facebook": "747399516"}, "firstName": "Angie", "gender": "female", "lastName": "Lee", "id": "3880782", "bio": "", "photo": {"prefix": "https://igx.4sqi.net/img/user/", "suffix": "/RIPJJ45WRLQM0MTI.jpg"}, "homeCity": "Singapore", "lists": {"groups": [{"items": [], "count": 2, "type": "created"}]}}, {"tips": {"count": 0}, "contact": {}, "firstName": "Leong", "gender": "male", "lastName": "Wenjin", "id": "6891020", "bio": "", "photo": {"prefix": "https://igx.4sqi.net/img/user/", "suffix": "/K2N4ASMGNUK5RBHV.jpg"}, "homeCity": "Unnamed Location", "lists": {"groups": [{"items": [], "count": 2, "type": "created"}]}}, {"tips": {"count": 38}, "contact": {"twitter": "evelyndivulge", "facebook": "1108423312"}, "firstName": "Evelyn", "gender": "female", "lastName": "Poh", "id": "3411205", "bio": "", "photo": {"prefix": "https://igx.4sqi.net/img/user/", "suffix": "/3411205-XHM32BEW50RGHJV4.jpg"}, "homeCity": "Singapore", "lists": {"groups": [{"items": [], "count": 2, "type": "created"}]}}, {"tips": {"count": 0}, "contact": {"twitter": "glen7408"}, "firstName": "Glen", "gender": "male", "id": "3881277", "bio": "", "photo": {"prefix": "https://igx.4sqi.net/img/user/", "suffix": "/AGXCNVSUFYZSL0JG.jpg"}, "homeCity": "Singapore", "lists": {"groups": [{"items": [], "count": 2, "type": "created"}]}}, {"tips": {"count": 0}, "contact": {"facebook": "100000413325552"}, "firstName": "Shanemia", "gender": "female", "lastName": "Ong", "id": "6967213", "bio": "", "photo": {"prefix": "https://igx.4sqi.net/img/user/", "suffix": "/OIIEGS3MCMXO4MQL.jpg"}, "homeCity": "Singapore", "lists": {"groups": [{"items": [], "count": 2, "type": "created"}]}}, {"tips": {"count": 1}, "contact": {"twitter": "ablackpanda", "facebook": "1639602801"}, "firstName": "Yingzy", "gender": "female", "lastName": "Panda", "id": "3490032", "bio": "", "photo": {"prefix": "https://igx.4sqi.net/img/user/", "suffix": "/3490032-TS25UV3D0KMSN0QU.jpg"}, "homeCity": "Singapore", "lists": {"groups": [{"items": [], "count": 2, "type": "created"}]}}, {"tips": {"count": 0}, "contact": {"facebook": "1087034998"}, "firstName": "Rika", "gender": "female", "lastName": "Ariani", "id": "4139953", "bio": "", "photo": {"prefix": "https://igx.4sqi.net/img/user/", "suffix": "/AYDDPKYPJC1IOE1A.jpg"}, "homeCity": "Singapore", "lists": {"groups": [{"items": [], "count": 2, "type": "created"}]}}, {"tips": {"count": 0}, "contact": {}, "firstName": "Stephanie", "gender": "female", "lastName": "Yeo", "id": "7582980", "bio": "", "photo": {"prefix": "https://igx.4sqi.net/img/user/", "suffix": "/BN2KOLBVZYBCWFQ4.jpg"}, "homeCity": "Singapore", "lists": {"groups": [{"items": [], "count": 2, "type": "created"}]}}, {"tips": {"count": 1}, "contact": {"twitter": "memoiirs", "facebook": "737941063"}, "firstName": "Melissa Caroline", "gender": "female", "id": "3559881", "bio": "", "photo": {"prefix": "https://igx.4sqi.net/img/user/", "suffix": "/ULWJEERUUMRQL4JP.jpg"}, "homeCity": "Singapore", "lists": {"groups": [{"items": [], "count": 2, "type": "created"}]}}, {"tips": {"count": 0}, "contact": {"facebook": "675899218"}, "firstName": "Weiquan", "gender": "male", "lastName": "Ng", "id": "4753636", "bio": "", "photo": {"prefix": "https://igx.4sqi.net/img/user/", "suffix": "/blank_boy.png", "default": true}, "homeCity": "Singapore", "lists": {"groups": [{"items": [], "count": 2, "type": "created"}]}}, {"tips": {"count": 0}, "contact": {"facebook": "100000235981270"}, "firstName": "Karen", "gender": "female", "lastName": "Sim", "id": "8303106", "bio": "", "photo": {"prefix": "https://igx.4sqi.net/img/user/", "suffix": "/blank_girl.png", "default": true}, "homeCity": "Singapore", "lists": {"groups": [{"items": [], "count": 2, "type": "created"}]}}, {"tips": {"count": 0}, "contact": {}, "firstName": "Ashwaq", "gender": "female", "lastName": "Bintaleb", "id": "3644033", "bio": "", "photo": {"prefix": "https://igx.4sqi.net/img/user/", "suffix": "/1AE4K2OPOWBLP2NZ.jpg"}, "homeCity": "Singapore", "lists": {"groups": [{"items": [], "count": 2, "type": "created"}]}}, {"tips": {"count": 0}, "contact": {}, "firstName": "Hafiz", "gender": "male", "lastName": "Ismail", "id": "5301201", "bio": "", "photo": {"prefix": "https://igx.4sqi.net/img/user/", "suffix": "/IDIBOZXQKDIQKSBP.jpg"}, "homeCity": "Singapore", "lists": {"groups": [{"items": [], "count": 2, "type": "created"}]}}, {"tips": {"count": 0}, "contact": {"twitter": "kiateng", "facebook": "579403039"}, "firstName": "Kiat Eng", "gender": "male", "lastName": "Ng", "id": "3832292", "bio": "", "photo": {"prefix": "https://igx.4sqi.net/img/user/", "suffix": "/0VPPTJXFNQ3S5OKM.jpg"}, "homeCity": "Singapore", "lists": {"groups": [{"items": [], "count": 2, "type": "created"}]}}, {"tips": {"count": 0}, "contact": {"twitter": "weekiatbellus", "facebook": "100000983636810"}, "firstName": "Tan", "gender": "male", "lastName": "Weekiat", "id": "5306580", "bio": "", "photo": {"prefix": "https://igx.4sqi.net/img/user/", "suffix": "/HUTP5DI4X5FJR04T.jpg"}, "homeCity": "Singapore", "lists": {"groups": [{"items": [], "count": 2, "type": "created"}]}}, {"tips": {"count": 0}, "contact": {"facebook": "623345897"}, "firstName": "Marshall", "gender": "male", "lastName": "Jun", "id": "4427631", "bio": "", "photo": {"prefix": "https://igx.4sqi.net/img/user/", "suffix": "/EV3XS225HR5ZVXLD.jpg"}, "homeCity": "Singapore", "lists": {"groups": [{"items": [], "count": 2, "type": "created"}]}}, {"tips": {"count": 2}, "contact": {"facebook": "626337955"}, "firstName": "Wenqi", "gender": "female", "lastName": "Yee", "id": "6329207", "bio": "", "photo": {"prefix": "https://igx.4sqi.net/img/user/", "suffix": "/M0PYSCQFKELBUW32.jpg"}, "homeCity": "New York, NY", "lists": {"groups": [{"items": [], "count": 2, "type": "created"}]}}, {"tips": {"count": 0}, "contact": {}, "firstName": "Keith", "gender": "female", "lastName": "Ooi", "id": "8711771", "bio": "", "photo": {"prefix": "https://igx.4sqi.net/img/user/", "suffix": "/TMUUPQBMXYI5CPEG.jpg"}, "homeCity": "Singapore", "lists": {"groups": [{"items": [], "count": 2, "type": "created"}]}}], "count": 74}, "checksum": "141a777e5ecdb4c999229c961f0843864bbe8d85"}, "meta": {"requestId": "5965d3396a6071143b77d356", "code": 200}}