{"notifications": [{"type": "notificationTray", "item": {"unreadCount": 0}}], "meta": {"requestId": "5966da20db04f528afeef9ef", "code": 200}, "response": {"friends": {"count": 153, "items": [{"id": "3513538", "photo": {"prefix": "https://igx.4sqi.net/img/user/", "suffix": "/MLEOGYFOJ41XZZX1.jpg"}, "homeCity": "Singapore", "contact": {"facebook": "655405328"}, "firstName": "Jervin", "tips": {"count": 0}, "gender": "female", "lastName": "Leow", "lists": {"groups": [{"count": 2, "type": "created", "items": []}]}, "bio": ""}, {"id": "4261897", "photo": {"prefix": "https://igx.4sqi.net/img/user/", "suffix": "/4261897-TONFBGIFPLBQ0DRI.jpg"}, "homeCity": "Singapore", "contact": {"facebook": "524931504"}, "firstName": "V", "tips": {"count": 2}, "gender": "female", "lists": {"groups": [{"count": 2, "type": "created", "items": []}]}, "bio": ""}, {"id": "4180198", "photo": {"prefix": "https://igx.4sqi.net/img/user/", "suffix": "/3HIZYQCZEL0A5WUA.jpg"}, "homeCity": "Singapore", "contact": {"facebook": "744038906", "twitter": "katieehon"}, "firstName": "Katie", "tips": {"count": 0}, "gender": "female", "lastName": "Hon", "lists": {"groups": [{"count": 2, "type": "created", "items": []}]}, "bio": ""}, {"id": "1614163", "photo": {"prefix": "https://igx.4sqi.net/img/user/", "suffix": "/RWVXAYR3L2VXYRHF.jpg"}, "homeCity": "Singapore", "contact": {"facebook": "672961327", "twitter": "yongjinchen"}, "firstName": "Yong Jin", "tips": {"count": 2}, "gender": "male", "lastName": "Chen", "lists": {"groups": [{"count": 2, "type": "created", "items": []}]}, "bio": ""}, {"id": "1164175", "photo": {"prefix": "https://igx.4sqi.net/img/user/", "suffix": "/N3C3PSI3NQEJRHB5.jpg"}, "homeCity": "Singapore", "contact": {"facebook": "554820776", "twitter": "ashlee_sindy"}, "firstName": "Ashlee", "tips": {"count": 0}, "gender": "female", "lists": {"groups": [{"count": 2, "type": "created", "items": []}]}, "bio": ""}, {"id": "2896431", "photo": {"prefix": "https://igx.4sqi.net/img/user/", "suffix": "/YXSZ50O4BFWQ1QXX.jpg"}, "homeCity": "Pasir Ris, Singapore", "contact": {}, "firstName": "Aundrea", "tips": {"count": 2}, "gender": "female", "lastName": "Quek", "lists": {"groups": [{"count": 2, "type": "created", "items": []}]}, "bio": ""}, {"id": "624056", "photo": {"prefix": "https://igx.4sqi.net/img/user/", "suffix": "/624056-VY4Z2JUHXSD0JSAM.jpg"}, "homeCity": "Singapore", "contact": {"facebook": "732860673"}, "firstName": "Labbito", "tips": {"count": 1}, "gender": "male", "lastName": "Aaron", "lists": {"groups": [{"count": 2, "type": "created", "items": []}]}, "bio": ""}, {"id": "1781118", "photo": {"prefix": "https://igx.4sqi.net/img/user/", "suffix": "/LXQOYCNNAXGAOT2K.jpg"}, "homeCity": "Singapore", "contact": {"facebook": "730237996"}, "firstName": "Weijian", "tips": {"count": 0}, "gender": "male", "lastName": "Lim", "lists": {"groups": [{"count": 2, "type": "created", "items": []}]}, "bio": ""}, {"id": "3544199", "photo": {"prefix": "https://igx.4sqi.net/img/user/", "suffix": "/VXGD2ZBY5BEDBNQR.jpg"}, "homeCity": "Singapore", "contact": {"facebook": "654171971"}, "firstName": "Serene", "tips": {"count": 0}, "gender": "female", "lastName": "Lee", "lists": {"groups": [{"count": 2, "type": "created", "items": []}]}, "bio": ""}, {"id": "822293", "photo": {"prefix": "https://igx.4sqi.net/img/user/", "suffix": "/1FI5PHUAMDREFRHT.jpg"}, "homeCity": "Singapore", "contact": {}, "firstName": "Lee", "tips": {"count": 0}, "gender": "male", "lastName": "S m", "lists": {"groups": [{"count": 2, "type": "created", "items": []}]}, "bio": ""}, {"id": "947962", "photo": {"prefix": "https://igx.4sqi.net/img/user/", "suffix": "/GI1X3GOXNAR2GJQL.jpg"}, "homeCity": "Singapore", "contact": {}, "firstName": "Derrick", "tips": {"count": 0}, "gender": "male", "lastName": "Ang", "lists": {"groups": [{"count": 2, "type": "created", "items": []}]}, "bio": ""}, {"id": "2816336", "photo": {"prefix": "https://igx.4sqi.net/img/user/", "suffix": "/VGN20LCZWDBK3TVT.jpg"}, "homeCity": "Singapore", "contact": {"facebook": "100001869769327", "twitter": "imprintedroses"}, "firstName": "Shanice", "tips": {"count": 4}, "gender": "female", "lastName": "Wu", "lists": {"groups": [{"count": 2, "type": "created", "items": []}]}, "bio": ""}, {"id": "4370113", "photo": {"prefix": "https://igx.4sqi.net/img/user/", "suffix": "/I5YD20UFLDLSUHGN.jpg"}, "homeCity": "Singapore", "contact": {"facebook": "100000096221312", "twitter": "shirleycupidx"}, "firstName": "shirley", "tips": {"count": 1}, "gender": "female", "lastName": "chen", "lists": {"groups": [{"count": 2, "type": "created", "items": []}]}, "bio": ""}, {"id": "4867044", "photo": {"prefix": "https://igx.4sqi.net/img/user/", "suffix": "/N0XLVU504THUR4DE.jpg"}, "homeCity": "New York, NY", "contact": {}, "firstName": "Kareen", "tips": {"count": 0}, "gender": "female", "lastName": "Lim", "lists": {"groups": [{"count": 2, "type": "created", "items": []}]}, "bio": ""}, {"id": "4418551", "photo": {"prefix": "https://igx.4sqi.net/img/user/", "default": true, "suffix": "/blank_boy.png"}, "homeCity": "Singapore", "contact": {"facebook": "626860145"}, "firstName": "Peter", "tips": {"count": 0}, "gender": "male", "lastName": "Mark", "lists": {"groups": [{"count": 2, "type": "created", "items": []}]}, "bio": ""}, {"id": "2765654", "photo": {"prefix": "https://igx.4sqi.net/img/user/", "suffix": "/X20VSV3DTJV4GUTU.jpg"}, "homeCity": "Singapore", "contact": {"facebook": "676842033", "twitter": "anggie_ashley"}, "firstName": "Anggie", "tips": {"count": 0}, "gender": "female", "lastName": "Tay", "lists": {"groups": [{"count": 2, "type": "created", "items": []}]}, "bio": ""}, {"id": "1174367", "photo": {"prefix": "https://igx.4sqi.net/img/user/", "suffix": "/TKQBQYEANIYFV1KZ.jpg"}, "homeCity": "Singapore", "contact": {"facebook": "1444257429"}, "firstName": "Currypok", "tips": {"count": 5}, "gender": "male", "lists": {"groups": [{"count": 2, "type": "created", "items": []}]}, "bio": ""}, {"id": "3536615", "photo": {"prefix": "https://igx.4sqi.net/img/user/", "suffix": "/TYNFEFFNHF23CJJB.jpg"}, "homeCity": "Singapore", "contact": {"facebook": "629120066"}, "firstName": "George", "tips": {"count": 0}, "gender": "male", "lastName": "Koh", "lists": {"groups": [{"count": 2, "type": "created", "items": []}]}, "bio": ""}, {"id": "777404", "photo": {"prefix": "https://igx.4sqi.net/img/user/", "suffix": "/PTCWLRRZN4GOVLGN.jpg"}, "homeCity": "Singapore", "contact": {"facebook": "584943506", "twitter": "fwishieee"}, "firstName": "Fishhh", "tips": {"count": 1}, "gender": "female", "lastName": "Finn", "lists": {"groups": [{"count": 2, "type": "created", "items": []}]}, "bio": ""}, {"id": "3801597", "photo": {"prefix": "https://igx.4sqi.net/img/user/", "suffix": "/FQRNTGE0MASTOBZ2.jpg"}, "homeCity": "Singapore", "contact": {"facebook": "565148963"}, "firstName": "Henry", "tips": {"count": 2}, "gender": "male", "lastName": "Tan", "lists": {"groups": [{"count": 2, "type": "created", "items": []}]}, "bio": ""}, {"id": "3547106", "photo": {"prefix": "https://igx.4sqi.net/img/user/", "suffix": "/IW13CXY3CWHUO1QV.jpg"}, "homeCity": "Singapore", "contact": {}, "firstName": "Brandon", "tips": {"count": 3}, "gender": "male", "lastName": "Lim", "lists": {"groups": [{"count": 2, "type": "created", "items": []}]}, "bio": ""}, {"id": "1983097", "photo": {"prefix": "https://igx.4sqi.net/img/user/", "default": true, "suffix": "/blank_boy.png"}, "homeCity": "Ang Mo Kio, Singapore", "contact": {"facebook": "645925554", "twitter": "leslielcw"}, "firstName": "Leslie", "tips": {"count": 0}, "gender": "male", "lastName": "Lim", "lists": {"groups": [{"count": 2, "type": "created", "items": []}]}, "bio": ""}, {"id": "1637351", "photo": {"prefix": "https://igx.4sqi.net/img/user/", "suffix": "/T5C442MOIORHSMWT.jpg"}, "homeCity": "Jurong East, Singapore", "contact": {"facebook": "1346109406"}, "firstName": "Nana", "tips": {"count": 0}, "gender": "female", "lastName": "Lau", "lists": {"groups": [{"count": 2, "type": "created", "items": []}]}, "bio": ""}, {"id": "2819695", "photo": {"prefix": "https://igx.4sqi.net/img/user/", "suffix": "/FGMAF3ZPUGWYAJP2.jpg"}, "homeCity": "Singapore", "contact": {"facebook": "617527769", "twitter": "fionieeee"}, "firstName": "Fionieeee", "tips": {"count": 0}, "gender": "female", "lists": {"groups": [{"count": 2, "type": "created", "items": []}]}, "bio": ""}, {"id": "4645303", "photo": {"prefix": "https://igx.4sqi.net/img/user/", "suffix": "/J1VXVYVALIIVZEZM.jpg"}, "homeCity": "Singapore", "contact": {}, "firstName": "Nathaniel", "tips": {"count": 3}, "gender": "male", "lastName": "Goh", "lists": {"groups": [{"count": 2, "type": "created", "items": []}]}, "bio": ""}, {"id": "2800288", "photo": {"prefix": "https://igx.4sqi.net/img/user/", "suffix": "/YXLBMBEK0GWTA2KF.jpg"}, "homeCity": "Singapore", "contact": {"facebook": "1113396512"}, "firstName": "Shanice", "tips": {"count": 0}, "gender": "female", "lastName": "Tan", "lists": {"groups": [{"count": 2, "type": "created", "items": []}]}, "bio": ""}, {"id": "4915734", "photo": {"prefix": "https://igx.4sqi.net/img/user/", "suffix": "/H2MMDVGEJR3NBEJ3.jpg"}, "homeCity": "Jakarta, Indonesia", "contact": {}, "firstName": "Harry", "tips": {"count": 8}, "gender": "male", "lastName": "K", "lists": {"groups": [{"count": 2, "type": "created", "items": []}]}, "bio": ""}, {"id": "3756650", "photo": {"prefix": "https://igx.4sqi.net/img/user/", "default": true, "suffix": "/blank_boy.png"}, "homeCity": "Singapore", "contact": {}, "firstName": "Chua", "tips": {"count": 0}, "gender": "male", "lastName": "Janson", "lists": {"groups": [{"count": 2, "type": "created", "items": []}]}, "bio": ""}, {"id": "3121348", "photo": {"prefix": "https://igx.4sqi.net/img/user/", "suffix": "/SUWHLQ5Z5G1RHE0Y.jpg"}, "homeCity": "Singapore", "contact": {"facebook": "593970776"}, "firstName": "Jocelyn", "tips": {"count": 0}, "gender": "female", "lastName": "Li", "lists": {"groups": [{"count": 2, "type": "created", "items": []}]}, "bio": ""}, {"id": "3806275", "photo": {"prefix": "https://igx.4sqi.net/img/user/", "suffix": "/5OD3HGSWFDA40FUY.jpg"}, "homeCity": "Singapore", "contact": {"twitter": "ch33huei"}, "firstName": "D3idrick", "tips": {"count": 2}, "gender": "male", "lastName": "Chua", "lists": {"groups": [{"count": 2, "type": "created", "items": []}]}, "bio": ""}, {"id": "4718639", "photo": {"prefix": "https://igx.4sqi.net/img/user/", "suffix": "/QJIZXBGL0EPCPXDW.jpg"}, "homeCity": "Singapore", "contact": {"twitter": "fionakoh"}, "firstName": "Fiona", "tips": {"count": 0}, "gender": "female", "lastName": "Koh", "lists": {"groups": [{"count": 2, "type": "created", "items": []}]}, "bio": ""}, {"id": "4210715", "photo": {"prefix": "https://igx.4sqi.net/img/user/", "suffix": "/FJVJ5AQFWP5E2TMK.jpg"}, "homeCity": "Singapore", "contact": {}, "firstName": "Judy", "tips": {"count": 0}, "gender": "female", "lastName": "Tay", "lists": {"groups": [{"count": 2, "type": "created", "items": []}]}, "bio": ""}, {"id": "1714848", "photo": {"prefix": "https://igx.4sqi.net/img/user/", "suffix": "/1714848-GDWJRJE4WS3VFBNO.jpg"}, "homeCity": "Singapore", "contact": {"facebook": "1240303912694201", "twitter": "nkerlyn"}, "firstName": "Kerlyn", "tips": {"count": 0}, "gender": "female", "lastName": "Ng", "lists": {"groups": [{"count": 2, "type": "created", "items": []}]}, "bio": ""}, {"id": "3319514", "photo": {"prefix": "https://igx.4sqi.net/img/user/", "suffix": "/3319514-LIXRHHIDOBJUKN2G.jpg"}, "homeCity": "Singapore", "contact": {"facebook": "527597292", "twitter": "starczyx"}, "firstName": "Star", "tips": {"count": 0}, "gender": "female", "lastName": "Chen", "lists": {"groups": [{"count": 2, "type": "created", "items": []}]}, "bio": ""}, {"id": "2804429", "photo": {"prefix": "https://igx.4sqi.net/img/user/", "suffix": "/C2HM1XZZPQX2NUES.jpg"}, "homeCity": "Singapore", "contact": {"facebook": "1271224027", "twitter": "jamiesaki"}, "firstName": "jamie", "tips": {"count": 2}, "gender": "female", "lastName": "saki", "lists": {"groups": [{"count": 2, "type": "created", "items": []}]}, "bio": ""}, {"id": "4922838", "photo": {"prefix": "https://igx.4sqi.net/img/user/", "suffix": "/AHNKSEHOWBPHCLLF.jpg"}, "homeCity": "Singapore", "contact": {}, "firstName": "Vincent", "tips": {"count": 0}, "gender": "male", "lastName": "Wong", "lists": {"groups": [{"count": 2, "type": "created", "items": []}]}, "bio": ""}, {"id": "3122665", "photo": {"prefix": "https://igx.4sqi.net/img/user/", "suffix": "/0NIZUQEY0JFYJRYK.jpg"}, "homeCity": "Singapore", "contact": {}, "firstName": "Huiqin", "tips": {"count": 0}, "gender": "female", "lastName": "\ufe95", "lists": {"groups": [{"count": 2, "type": "created", "items": []}]}, "bio": ""}, {"id": "3811107", "photo": {"prefix": "https://igx.4sqi.net/img/user/", "suffix": "/2RTKM14C010YFP4C.jpg"}, "homeCity": "Singapore", "contact": {"facebook": "581550173", "twitter": "adorawhitney"}, "firstName": "Whitney", "tips": {"count": 0}, "gender": "female", "lastName": "Wee", "lists": {"groups": [{"count": 2, "type": "created", "items": []}]}, "bio": ""}, {"id": "4722718", "photo": {"prefix": "https://igx.4sqi.net/img/user/", "suffix": "/WX4PXXDZDNEZ442I.jpg"}, "homeCity": "Yishun, Singapore", "contact": {"facebook": "634983228", "twitter": "technosavviest"}, "firstName": "Anthony", "tips": {"count": 1}, "gender": "male", "lastName": "Ong", "lists": {"groups": [{"count": 2, "type": "created", "items": []}]}, "bio": ""}, {"id": "2169228", "photo": {"prefix": "https://igx.4sqi.net/img/user/", "suffix": "/FNINDMAXJSDCT52Q.jpg"}, "homeCity": "Singapore", "contact": {"facebook": "1276830702"}, "firstName": "Elyn", "tips": {"count": 0}, "gender": "female", "lastName": "L", "lists": {"groups": [{"count": 2, "type": "created", "items": []}]}, "bio": ""}, {"id": "3396681", "photo": {"prefix": "https://igx.4sqi.net/img/user/", "suffix": "/SSOP1CDVIVS3SIFQ.jpg"}, "homeCity": "Singapore", "contact": {"facebook": "570801736"}, "firstName": "Angeline", "tips": {"count": 0}, "gender": "female", "lastName": "Tan", "lists": {"groups": [{"count": 2, "type": "created", "items": []}]}, "bio": ""}, {"id": "3127994", "photo": {"prefix": "https://igx.4sqi.net/img/user/", "suffix": "/RYR5TVO05GE25ELS.jpg"}, "homeCity": "Singapore", "contact": {"facebook": "783164241", "twitter": "dadaseah"}, "firstName": "Dada", "tips": {"count": 3}, "gender": "female", "lastName": "Seah", "lists": {"groups": [{"count": 2, "type": "created", "items": []}]}, "bio": ""}, {"id": "2640072", "photo": {"prefix": "https://igx.4sqi.net/img/user/", "suffix": "/VMDZ2F3KAJ1CIHS3.jpg"}, "homeCity": "Singapore", "contact": {"facebook": "1170508409", "twitter": "jasminetsj"}, "firstName": "Jasmine", "tips": {"count": 1}, "gender": "female", "lastName": "Tay", "lists": {"groups": [{"count": 2, "type": "created", "items": []}]}, "bio": ""}, {"id": "3671947", "photo": {"prefix": "https://igx.4sqi.net/img/user/", "suffix": "/MVW1XW5HYDE35J03.jpg"}, "homeCity": "Singapore", "contact": {"facebook": "1242000334", "twitter": "tanteckming"}, "firstName": "Dam", "tips": {"count": 1}, "gender": "male", "lastName": "Tan", "lists": {"groups": [{"count": 2, "type": "created", "items": []}]}, "bio": ""}, {"id": "3331835", "photo": {"prefix": "https://igx.4sqi.net/img/user/", "suffix": "/2ITJU1IMAISWBXB5.jpg"}, "homeCity": "Singapore", "contact": {"facebook": "545211198"}, "firstName": "Andy", "tips": {"count": 0}, "gender": "male", "lastName": "KaKa", "lists": {"groups": [{"count": 2, "type": "created", "items": []}]}, "bio": ""}, {"id": "3219464", "photo": {"prefix": "https://igx.4sqi.net/img/user/", "suffix": "/IMRZHU3AII5HNK4T.jpg"}, "homeCity": "Singapore", "contact": {"facebook": "565751572"}, "firstName": "Jesline", "tips": {"count": 0}, "gender": "female", "lastName": "Ng", "lists": {"groups": [{"count": 2, "type": "created", "items": []}]}, "bio": ""}, {"id": "3236101", "photo": {"prefix": "https://igx.4sqi.net/img/user/", "suffix": "/NZGOJKPYRE40XCGQ.jpg"}, "homeCity": "Singapore", "contact": {"facebook": "747401320"}, "firstName": "Cindy", "tips": {"count": 0}, "gender": "female", "lastName": "Loo", "lists": {"groups": [{"count": 2, "type": "created", "items": []}]}, "bio": ""}, {"id": "3259064", "photo": {"prefix": "https://igx.4sqi.net/img/user/", "suffix": "/GHOHZAFILV4IXZ1K.jpg"}, "homeCity": "Singapore", "contact": {}, "firstName": "Felix", "tips": {"count": 0}, "gender": "male", "lastName": "Ng", "lists": {"groups": [{"count": 2, "type": "created", "items": []}]}, "bio": ""}, {"id": "3413010", "photo": {"prefix": "https://igx.4sqi.net/img/user/", "suffix": "/32S3WIUSFPGBV3DX.jpg"}, "homeCity": "Singapore", "contact": {}, "firstName": "zhen", "tips": {"count": 0}, "gender": "female", "lastName": "zhen", "lists": {"groups": [{"count": 2, "type": "created", "items": []}]}, "bio": ""}, {"id": "3495310", "photo": {"prefix": "https://igx.4sqi.net/img/user/", "suffix": "/SPGNU5J5U33QNC45.jpg"}, "homeCity": "Singapore", "contact": {"facebook": "534363714"}, "firstName": "Jiunn chin", "tips": {"count": 1}, "gender": "male", "lastName": "Teo", "lists": {"groups": [{"count": 2, "type": "created", "items": []}]}, "bio": ""}, {"id": "3555563", "photo": {"prefix": "https://igx.4sqi.net/img/user/", "suffix": "/IZ10ZSR00JC0GXKY.jpg"}, "homeCity": "Singapore", "contact": {"twitter": "noelng33"}, "firstName": "nOel\u2122", "tips": {"count": 12}, "gender": "male", "lists": {"groups": [{"count": 3, "type": "created", "items": []}]}, "bio": ""}, {"id": "4091731", "photo": {"prefix": "https://igx.4sqi.net/img/user/", "suffix": "/4091731_g7ShRa-I_EF0DYf6404pn7k96PktBOnd6MbL1Bo2zE2akcnQcEmVfchMNvBIifPtDOm6mLLQt.jpg"}, "homeCity": "Tau yuan, Taiwan ", "contact": {"facebook": "10153263615558537", "twitter": "lilyqlk"}, "firstName": "LilyQuek", "tips": {"count": 7}, "gender": "female", "lists": {"groups": [{"count": 2, "type": "created", "items": []}]}, "bio": ""}, {"id": "4488361", "photo": {"prefix": "https://igx.4sqi.net/img/user/", "suffix": "/OR2NNK121M0C0YMK.jpg"}, "homeCity": "Unnamed Location", "contact": {"facebook": "660185777", "twitter": "abandonrib"}, "firstName": "Ade", "tips": {"count": 0}, "gender": "female", "lastName": "Tan", "lists": {"groups": [{"count": 2, "type": "created", "items": []}]}, "bio": ""}]}, "checksum": "58342928b3a126ad3bd291f03547817873cb8652"}}