{"notifications": [{"type": "notificationTray", "item": {"unreadCount": 0}}], "meta": {"requestId": "5966dddd4c1f67578d3faaed", "code": 200}, "response": {"friends": {"count": 40, "items": [{"id": "11361303", "photo": {"prefix": "https://igx.4sqi.net/img/user/", "suffix": "/YHK03ELT0XSBVXW2.jpg"}, "homeCity": "Singapore", "contact": {"facebook": "757238983"}, "firstName": "Jason", "tips": {"count": 0}, "gender": "male", "lastName": "Lim", "lists": {"groups": [{"count": 2, "type": "created", "items": []}]}, "bio": ""}, {"id": "4339741", "photo": {"prefix": "https://igx.4sqi.net/img/user/", "suffix": "/UVFHD5K443VNEHL0.jpg"}, "homeCity": "S\u00e3o Paulo, Brasil", "contact": {"facebook": "579131474"}, "firstName": "Daniele", "tips": {"count": 2}, "gender": "female", "lastName": "Silva", "lists": {"groups": [{"count": 2, "type": "created", "items": []}]}, "bio": ""}, {"id": "6718030", "photo": {"prefix": "https://igx.4sqi.net/img/user/", "default": true, "suffix": "/blank_girl.png"}, "homeCity": "Singapore", "contact": {"facebook": "636029506"}, "firstName": "Cheng Ya", "tips": {"count": 0}, "gender": "female", "lastName": "Pang", "lists": {"groups": [{"count": 2, "type": "created", "items": []}]}, "bio": ""}, {"id": "3512728", "photo": {"prefix": "https://igx.4sqi.net/img/user/", "suffix": "/3GFSPFNFB5WE1IPB.jpg"}, "homeCity": "Singapore", "contact": {}, "firstName": "Frances Janet", "tips": {"count": 0}, "gender": "female", "lastName": "Yeo", "lists": {"groups": [{"count": 2, "type": "created", "items": []}]}, "bio": ""}, {"id": "1324670", "photo": {"prefix": "https://igx.4sqi.net/img/user/", "suffix": "/1324670-PSBQBDEGEBRTY0LW.jpg"}, "homeCity": "Bukit Panjang, Singapore", "contact": {"facebook": "757889914", "twitter": "ahlipz"}, "firstName": "Ah", "tips": {"count": 4}, "gender": "male", "lastName": "Lipz", "lists": {"groups": [{"count": 3, "type": "created", "items": []}]}, "bio": ""}, {"id": "21352094", "photo": {"prefix": "https://igx.4sqi.net/img/user/", "default": true, "suffix": "/blank_boy.png"}, "homeCity": "Singapore", "contact": {}, "firstName": "Raphael", "tips": {"count": 0}, "gender": "male", "lastName": "Ng", "lists": {"groups": [{"count": 2, "type": "created", "items": []}]}, "bio": ""}, {"id": "5996369", "photo": {"prefix": "https://igx.4sqi.net/img/user/", "suffix": "/23PTU41M3YE5P15S.jpg"}, "homeCity": "New York, NY", "contact": {}, "firstName": "Amy", "tips": {"count": 0}, "gender": "female", "lastName": "Yeo", "lists": {"groups": [{"count": 2, "type": "created", "items": []}]}, "bio": ""}, {"id": "40806446", "photo": {"prefix": "https://igx.4sqi.net/img/user/", "suffix": "/YPLSYMGVSQK3WNYG.jpg"}, "homeCity": "New York, NY", "contact": {"facebook": "608688324"}, "firstName": "Wendy", "tips": {"count": 0}, "gender": "female", "lastName": "Lim", "lists": {"groups": [{"count": 2, "type": "created", "items": []}]}, "bio": ""}, {"id": "88489175", "photo": {"prefix": "https://igx.4sqi.net/img/user/", "suffix": "/88489175-JMTGY0NZZ3XEMSKN.jpg"}, "homeCity": "Singapore", "contact": {"facebook": "505669212"}, "firstName": "Malcolm", "tips": {"count": 0}, "gender": "male", "lastName": "Lim", "lists": {"groups": [{"count": 2, "type": "created", "items": []}]}, "bio": ""}, {"id": "3634780", "photo": {"prefix": "https://igx.4sqi.net/img/user/", "suffix": "/3634780-E4QMW4KKF3CQFNHV.jpg"}, "homeCity": "Katy, Texas", "contact": {"facebook": "100000272027006"}, "firstName": "Pritam", "tips": {"count": 2}, "gender": "male", "lastName": "Mulay", "lists": {"groups": [{"count": 2, "type": "created", "items": []}]}, "bio": ""}, {"id": "4187595", "photo": {"prefix": "https://igx.4sqi.net/img/user/", "default": true, "suffix": "/blank_girl.png"}, "homeCity": "New York, NY", "contact": {}, "firstName": "Joanne", "tips": {"count": 1}, "gender": "female", "lastName": "Yeo", "lists": {"groups": [{"count": 2, "type": "created", "items": []}]}, "bio": ""}, {"id": "740399", "photo": {"prefix": "https://igx.4sqi.net/img/user/", "suffix": "/5DN2PNYF4H3GISPU.jpg"}, "homeCity": "Singapore", "contact": {"facebook": "541266488", "twitter": "nutinbkk"}, "firstName": "Pattarawut", "tips": {"count": 8}, "gender": "male", "lastName": "Preechasuchart", "lists": {"groups": [{"count": 2, "type": "created", "items": []}]}, "bio": ""}, {"id": "698947", "photo": {"prefix": "https://igx.4sqi.net/img/user/", "suffix": "/Q3SIWOQJENZYH2D1.jpg"}, "homeCity": "Pasir Ris, Singapore", "contact": {"facebook": "567261924", "twitter": "tasha_abu_bakar"}, "firstName": "Tasha", "tips": {"count": 16}, "gender": "male", "lastName": "Abu Bakar", "lists": {"groups": [{"count": 2, "type": "created", "items": []}]}, "bio": ""}, {"id": "4146801", "photo": {"prefix": "https://igx.4sqi.net/img/user/", "suffix": "/RAJW012OCXAEVLJI.jpg"}, "homeCity": "Singapore", "contact": {"facebook": "100000627521058"}, "firstName": "Dan", "tips": {"count": 0}, "gender": "male", "lastName": "Buay", "lists": {"groups": [{"count": 2, "type": "created", "items": []}]}, "bio": ""}, {"id": "729923", "photo": {"prefix": "https://igx.4sqi.net/img/user/", "suffix": "/1UQEYDUABXFWDHY4.jpg"}, "homeCity": "Singapore", "contact": {"facebook": "720840836", "twitter": "ipporek"}, "firstName": "Julian", "tips": {"count": 29}, "gender": "male", "lastName": "Lee", "lists": {"groups": [{"count": 2, "type": "created", "items": []}]}, "bio": ""}, {"id": "3375254", "photo": {"prefix": "https://igx.4sqi.net/img/user/", "suffix": "/PBDS1DD5QTZVJZAA.jpg"}, "homeCity": "Singapore", "contact": {}, "firstName": "Lim", "tips": {"count": 0}, "gender": "female", "lastName": "Hwee Hwee", "lists": {"groups": [{"count": 2, "type": "created", "items": []}]}, "bio": ""}, {"id": "2861260", "photo": {"prefix": "https://igx.4sqi.net/img/user/", "suffix": "/WNB3FC140ZTKZ0J5.jpg"}, "homeCity": "2 Yishun Industrial Street 1, North Point Biz Hub, #03-03, (s) 768159", "contact": {"facebook": "100001317483983"}, "firstName": "Xuan Concept", "tips": {"count": 1}, "gender": "male", "lists": {"groups": [{"count": 3, "type": "created", "items": []}]}, "bio": ""}, {"id": "15922258", "photo": {"prefix": "https://igx.4sqi.net/img/user/", "suffix": "/OCKYKSIKC5RS5MW5.jpg"}, "homeCity": "Singapore", "contact": {"facebook": "1675605330"}, "firstName": "Wolfgang", "tips": {"count": 33}, "gender": "male", "lastName": "P.", "lists": {"groups": [{"count": 5, "type": "created", "items": []}]}, "bio": ""}, {"id": "11607181", "photo": {"prefix": "https://igx.4sqi.net/img/user/", "suffix": "/GJPMO50FJMDXB4Y3.jpg"}, "homeCity": "Unnamed Location", "contact": {"facebook": "100000527590958"}, "firstName": "Sharon", "tips": {"count": 0}, "gender": "female", "lastName": "Ng", "lists": {"groups": [{"count": 2, "type": "created", "items": []}]}, "bio": ""}, {"id": "6189844", "photo": {"prefix": "https://igx.4sqi.net/img/user/", "suffix": "/2HXGMQITTE1ZMX3W.jpg"}, "homeCity": "Singapore", "contact": {}, "firstName": "Xpert", "tips": {"count": 0}, "gender": "male", "lists": {"groups": [{"count": 2, "type": "created", "items": []}]}, "bio": ""}, {"id": "4296618", "photo": {"prefix": "https://igx.4sqi.net/img/user/", "suffix": "/UN3D0QFPUAJRRNEK.jpg"}, "homeCity": "Singapore", "contact": {}, "firstName": "Patrick", "tips": {"count": 3}, "gender": "male", "lastName": "Tay", "lists": {"groups": [{"count": 2, "type": "created", "items": []}]}, "bio": ""}, {"id": "3755374", "photo": {"prefix": "https://igx.4sqi.net/img/user/", "suffix": "/WMOKE4BTJK435Q02.jpg"}, "homeCity": "Singapore", "contact": {}, "firstName": "Janet", "tips": {"count": 0}, "gender": "female", "lastName": "Law", "lists": {"groups": [{"count": 2, "type": "created", "items": []}]}, "bio": ""}, {"id": "55662235", "photo": {"prefix": "https://igx.4sqi.net/img/user/", "suffix": "/55662235-O5EJVRJ0UV1FIFKW"}, "homeCity": "Singapore", "contact": {"facebook": "605518128"}, "firstName": "Funz", "tips": {"count": 1}, "gender": "male", "lastName": "Centre", "lists": {"groups": [{"count": 2, "type": "created", "items": []}]}, "bio": "A hobby shop specializing in video games, collectible toys. We have 6 outlets at AMK Hub, Orchard Central, Vivo City, Katong 112, Bedok Mall, and OneKM."}, {"id": "64343224", "photo": {"prefix": "https://igx.4sqi.net/img/user/", "suffix": "/LWA3DQ2TFGKJSMDF.jpg"}, "homeCity": "Bad Rappenau", "contact": {}, "firstName": "Tobias", "tips": {"count": 2}, "gender": "male", "lastName": "Kienzle", "lists": {"groups": [{"count": 2, "type": "created", "items": []}]}, "bio": ""}, {"id": "60751497", "photo": {"prefix": "https://igx.4sqi.net/img/user/", "suffix": "/YNHJGXNPD2CDMTUG.jpg"}, "homeCity": "Singapore", "contact": {"facebook": "1620683847"}, "firstName": "Kyoko", "tips": {"count": 0}, "gender": "female", "lastName": "Masuda", "lists": {"groups": [{"count": 2, "type": "created", "items": []}]}, "bio": ""}, {"id": "14218213", "photo": {"prefix": "https://igx.4sqi.net/img/user/", "suffix": "/UWVRFAGOWAAI2SBV.jpg"}, "homeCity": "Singapore", "contact": {}, "firstName": "Cecilia", "tips": {"count": 11}, "gender": "female", "lastName": "Neo", "lists": {"groups": [{"count": 2, "type": "created", "items": []}]}, "bio": ""}, {"id": "22430072", "photo": {"prefix": "https://igx.4sqi.net/img/user/", "suffix": "/BBLXKTVHAWVENRMH.jpg"}, "homeCity": "Singapore", "contact": {"facebook": "1616574101"}, "firstName": "John Robert", "tips": {"count": 1}, "gender": "male", "lastName": "Chua", "lists": {"groups": [{"count": 2, "type": "created", "items": []}]}, "bio": ""}, {"id": "3562390", "photo": {"prefix": "https://igx.4sqi.net/img/user/", "suffix": "/5UC52PW1FJPGEDUB.jpg"}, "homeCity": "Singapore", "contact": {"facebook": "1847195670", "twitter": "twhadeline"}, "firstName": "Adeline", "tips": {"count": 0}, "gender": "female", "lastName": "Tan", "lists": {"groups": [{"count": 2, "type": "created", "items": []}]}, "bio": ""}, {"id": "3429336", "photo": {"prefix": "https://igx.4sqi.net/img/user/", "suffix": "/ABC35QFM0PR4UDYM.jpg"}, "homeCity": "Singapore", "contact": {"facebook": "696437008"}, "firstName": "Eugene", "tips": {"count": 24}, "gender": "male", "lastName": "YS Han", "lists": {"groups": [{"count": 2, "type": "created", "items": []}]}, "bio": ""}, {"id": "16549475", "photo": {"prefix": "https://igx.4sqi.net/img/user/", "suffix": "/H54CBNCSIEF3PZQB.jpg"}, "homeCity": "Singapore", "contact": {}, "firstName": "Valerie", "tips": {"count": 0}, "gender": "female", "lastName": "Ang", "lists": {"groups": [{"count": 2, "type": "created", "items": []}]}, "bio": ""}, {"id": "6255996", "photo": {"prefix": "https://igx.4sqi.net/img/user/", "suffix": "/5LEIWHEOL0EWX1UO.jpg"}, "homeCity": "Singapore", "contact": {"facebook": "625192823"}, "firstName": "Samsam", "tips": {"count": 2}, "gender": "male", "lastName": "Samsam", "lists": {"groups": [{"count": 2, "type": "created", "items": []}]}, "bio": ""}, {"id": "50227466", "photo": {"prefix": "https://igx.4sqi.net/img/user/", "suffix": "/QJI130N51SBZ0CIU.jpg"}, "homeCity": "Singapore", "contact": {"facebook": "604718873"}, "firstName": "Ed", "tips": {"count": 0}, "gender": "male", "lastName": "Ferns", "lists": {"groups": [{"count": 2, "type": "created", "items": []}]}, "bio": ""}, {"id": "3610452", "photo": {"prefix": "https://igx.4sqi.net/img/user/", "suffix": "/NHBKGMZBMIB0BGXY.jpg"}, "homeCity": "Singapore", "contact": {"facebook": "1623424880"}, "firstName": "Teow Meng", "tips": {"count": 0}, "gender": "male", "lastName": "Chua", "lists": {"groups": [{"count": 2, "type": "created", "items": []}]}, "bio": ""}, {"id": "4019803", "photo": {"prefix": "https://igx.4sqi.net/img/user/", "suffix": "/0NGQCAQGC4VIVWH2.jpg"}, "homeCity": "Singapore", "contact": {"facebook": "1013541587"}, "firstName": "Kenny", "tips": {"count": 0}, "gender": "male", "lastName": "Sim", "lists": {"groups": [{"count": 2, "type": "created", "items": []}]}, "bio": ""}, {"id": "12475620", "photo": {"prefix": "https://igx.4sqi.net/img/user/", "default": true, "suffix": "/blank_girl.png"}, "homeCity": "Singapore", "contact": {"facebook": "715548556"}, "firstName": "Lisa", "tips": {"count": 0}, "gender": "female", "lastName": "Lim", "lists": {"groups": [{"count": 2, "type": "created", "items": []}]}, "bio": ""}, {"id": "3758441", "photo": {"prefix": "https://igx.4sqi.net/img/user/", "suffix": "/ESEEOHPHQNLVFXKB.jpg"}, "homeCity": "Singapore", "contact": {}, "firstName": "Ken", "tips": {"count": 0}, "gender": "male", "lastName": "Yeo", "lists": {"groups": [{"count": 2, "type": "created", "items": []}]}, "bio": ""}, {"id": "4134052", "photo": {"prefix": "https://igx.4sqi.net/img/user/", "suffix": "/BULFUD04GNG4VLBL.jpg"}, "homeCity": "Singapore", "contact": {}, "firstName": "Yew Yen", "tips": {"count": 0}, "gender": "male", "lastName": "Tham", "lists": {"groups": [{"count": 2, "type": "created", "items": []}]}, "bio": ""}, {"id": "4162641", "photo": {"prefix": "https://igx.4sqi.net/img/user/", "default": true, "suffix": "/blank_boy.png"}, "homeCity": "Singapore", "contact": {}, "firstName": "Pritam", "tips": {"count": 0}, "gender": "male", "lastName": "Mulay", "lists": {"groups": [{"count": 2, "type": "created", "items": []}]}, "bio": ""}, {"id": "6414169", "photo": {"prefix": "https://igx.4sqi.net/img/user/", "suffix": "/DVZ5L4QMTGOMGADR.jpg"}, "homeCity": "New York, NY", "contact": {"facebook": "531443994"}, "firstName": "Jenn Yang", "tips": {"count": 0}, "gender": "male", "lastName": "Lim", "lists": {"groups": [{"count": 2, "type": "created", "items": []}]}, "bio": ""}, {"id": "8860664", "photo": {"prefix": "https://igx.4sqi.net/img/user/", "suffix": "/4VI3VNWNGFSWFFPV.jpg"}, "homeCity": "Singapore", "contact": {}, "firstName": "ZacH", "tips": {"count": 0}, "gender": "male", "lastName": "LeonG", "lists": {"groups": [{"count": 2, "type": "created", "items": []}]}, "bio": ""}]}, "checksum": "528035deff3bc62aa776435a6f86667bab94619e"}}