{"notifications": [{"type": "notificationTray", "item": {"unreadCount": 0}}], "response": {"friends": {"items": [{"tips": {"count": 2}, "contact": {}, "firstName": "Ming", "gender": "male", "lastName": "Yi", "id": "4648282", "bio": "", "photo": {"prefix": "https://igx.4sqi.net/img/user/", "suffix": "/53YRJLUW2045FBIC.jpg"}, "homeCity": "Singapore", "lists": {"groups": [{"items": [], "count": 2, "type": "created"}]}}, {"tips": {"count": 0}, "contact": {}, "firstName": "Saudamini", "gender": "female", "lastName": "Poddar", "id": "11053894", "bio": "", "photo": {"prefix": "https://igx.4sqi.net/img/user/", "suffix": "/blank_girl.png", "default": true}, "homeCity": "NY", "lists": {"groups": [{"items": [], "count": 2, "type": "created"}]}}, {"tips": {"count": 1}, "contact": {"twitter": "maoyuanzhang", "facebook": "516937909"}, "firstName": "Morgan", "gender": "male", "lastName": "Zhang", "id": "352417", "bio": "", "photo": {"prefix": "https://igx.4sqi.net/img/user/", "suffix": "/2RPKGUMI2C2PF2SK.jpg"}, "homeCity": "Ang Mo Kio, Singapore", "lists": {"groups": [{"items": [], "count": 2, "type": "created"}]}}, {"tips": {"count": 11}, "contact": {"twitter": "ragastrma", "facebook": "222100156"}, "firstName": "Amrt", "gender": "male", "lastName": "Sagar", "id": "11429880", "bio": "", "photo": {"prefix": "https://igx.4sqi.net/img/user/", "suffix": "/VEYGEMYFKMBGYXIO.jpg"}, "homeCity": "Singapore", "lists": {"groups": [{"items": [], "count": 3, "type": "created"}]}}, {"tips": {"count": 0}, "contact": {}, "firstName": "JAE WHAN", "gender": "male", "lastName": "NA", "id": "4168111", "bio": "", "photo": {"prefix": "https://igx.4sqi.net/img/user/", "suffix": "/2QBSCS54ETLADWK0.jpg"}, "homeCity": "\ubd80\uc0b0\uad11\uc5ed\uc2dc, \ub300\ud55c\ubbfc\uad6d", "lists": {"groups": [{"items": [], "count": 2, "type": "created"}]}}, {"tips": {"count": 6}, "contact": {"facebook": "222100345"}, "firstName": "Jeremy", "gender": "male", "lastName": "Aruldoss", "id": "11478155", "bio": "", "photo": {"prefix": "https://igx.4sqi.net/img/user/", "suffix": "/ELGTCEH5WFPEQFZM.jpg"}, "homeCity": "Singapore", "lists": {"groups": [{"items": [], "count": 2, "type": "created"}]}}, {"tips": {"count": 7}, "contact": {"twitter": "daveliem", "facebook": "574850260"}, "firstName": "David", "gender": "male", "lastName": "Liem", "id": "233022", "bio": "", "photo": {"prefix": "https://igx.4sqi.net/img/user/", "suffix": "/1C24ZZM4Q0QYZRAE.jpg"}, "homeCity": "Singapore", "lists": {"groups": [{"items": [], "count": 2, "type": "created"}]}}, {"tips": {"count": 4}, "contact": {"facebook": "708138507"}, "firstName": "Shubhodeep", "gender": "male", "lastName": "Pal", "id": "1792183", "bio": "", "photo": {"prefix": "https://igx.4sqi.net/img/user/", "suffix": "/UTMK1K5EFNIZOEFS.jpg"}, "homeCity": "Singapore", "lists": {"groups": [{"items": [], "count": 2, "type": "created"}]}}, {"tips": {"count": 0}, "contact": {"twitter": "sirth14"}, "firstName": "Saurabh", "gender": "male", "lastName": "S", "id": "11512782", "bio": "", "photo": {"prefix": "https://igx.4sqi.net/img/user/", "suffix": "/CGYBX1IQ34LDVRLJ.jpg"}, "homeCity": "Bangalore, Karn\u0101taka, India", "lists": {"groups": [{"items": [], "count": 3, "type": "created"}]}}, {"tips": {"count": 0}, "contact": {"twitter": "cyj_", "facebook": "592330883"}, "firstName": "Yongjian", "gender": "male", "lastName": "Chia", "id": "757305", "bio": "", "photo": {"prefix": "https://igx.4sqi.net/img/user/", "suffix": "/A423AB4TLQBX3NKB.jpg"}, "homeCity": "Tanjong Pagar, Singapore", "lists": {"groups": [{"items": [], "count": 2, "type": "created"}]}}, {"tips": {"count": 0}, "contact": {}, "firstName": "Rachit", "gender": "male", "lastName": "Dayal", "id": "1720679", "bio": "", "photo": {"prefix": "https://igx.4sqi.net/img/user/", "suffix": "/JPHGQULL5C0MJFON.jpg"}, "homeCity": "Changi, Singapore", "lists": {"groups": [{"items": [], "count": 2, "type": "created"}]}}, {"tips": {"count": 0}, "contact": {}, "firstName": "Anirban", "gender": "male", "lastName": "Datta Gupta", "id": "4123401", "bio": "", "photo": {"prefix": "https://igx.4sqi.net/img/user/", "suffix": "/blank_boy.png", "default": true}, "homeCity": "Unnamed Location", "lists": {"groups": [{"items": [], "count": 2, "type": "created"}]}}, {"tips": {"count": 3}, "contact": {}, "firstName": "Shilpa", "gender": "female", "lastName": "Bisaria", "id": "497557", "bio": "", "photo": {"prefix": "https://igx.4sqi.net/img/user/", "suffix": "/blank_girl.png", "default": true}, "homeCity": "Singapore", "lists": {"groups": [{"items": [], "count": 2, "type": "created"}]}}, {"tips": {"count": 37}, "contact": {}, "firstName": "Charu", "gender": "female", "lastName": "Srivastava", "id": "11787293", "bio": "", "photo": {"prefix": "https://igx.4sqi.net/img/user/", "suffix": "/JIPFMGODIKXYD3AR.jpg"}, "homeCity": "London", "lists": {"groups": [{"items": [], "count": 2, "type": "created"}]}}, {"tips": {"count": 5}, "contact": {"twitter": "sylvgee", "facebook": "222100453"}, "firstName": "Sylvia", "gender": "female", "lastName": "G", "id": "355417", "bio": "", "photo": {"prefix": "https://igx.4sqi.net/img/user/", "suffix": "/355417_Adfw6Zxb_OWEgcDqseIadSqXcr5DacWkSUZTsyI_zNl5GpSXeFJAIx25nZvdKP7XKviEVOe25.jpg"}, "homeCity": "Singapore", "lists": {"groups": [{"items": [], "count": 2, "type": "created"}]}}, {"tips": {"count": 2}, "contact": {"twitter": "choconista", "facebook": "222100141"}, "firstName": "Simrat", "gender": "female", "lastName": "Sawhney", "id": "18663014", "bio": "", "photo": {"prefix": "https://igx.4sqi.net/img/user/", "suffix": "/ALDGHGUYRDH2GHXS.jpg"}, "homeCity": "", "lists": {"groups": [{"items": [], "count": 2, "type": "created"}]}}, {"tips": {"count": 0}, "contact": {"facebook": "510033303"}, "firstName": "Nupur", "gender": "female", "lastName": "Singh", "id": "6673115", "bio": "", "photo": {"prefix": "https://igx.4sqi.net/img/user/", "suffix": "/6673115-AAB4IBAMT5M5W4OZ.jpg"}, "homeCity": "Singapore", "lists": {"groups": [{"items": [], "count": 2, "type": "created"}]}}, {"tips": {"count": 0}, "contact": {"twitter": "shalynee", "facebook": "222100001"}, "firstName": "Shalini", "gender": "female", "lastName": "Chintalapati", "id": "13279506", "bio": "", "photo": {"prefix": "https://igx.4sqi.net/img/user/", "suffix": "/IXYH2B0QFBNQXSXF.jpg"}, "homeCity": "Hyderabad", "lists": {"groups": [{"items": [], "count": 2, "type": "created"}]}}, {"tips": {"count": 1}, "contact": {}, "firstName": "Prantik", "gender": "male", "lastName": "Mazumdar", "id": "246548", "bio": "", "photo": {"prefix": "https://igx.4sqi.net/img/user/", "suffix": "/blank_boy.png", "default": true}, "homeCity": "Singapore", "lists": {"groups": [{"items": [], "count": 2, "type": "created"}]}}, {"tips": {"count": 2}, "contact": {"twitter": "beatmastermark", "facebook": "827355485"}, "firstName": "Mark", "gender": "male", "lastName": "Cheng", "id": "2834105", "bio": "", "photo": {"prefix": "https://igx.4sqi.net/img/user/", "suffix": "/RND2J4S422L3N05J.jpg"}, "homeCity": "Singapore", "lists": {"groups": [{"items": [], "count": 2, "type": "created"}]}}, {"tips": {"count": 0}, "contact": {"facebook": "10153192214717580"}, "firstName": "Akshay", "gender": "male", "id": "1835924", "bio": "", "photo": {"prefix": "https://igx.4sqi.net/img/user/", "suffix": "/R13N3HKBRDW4CZNX.jpg"}, "homeCity": "Singapore", "lists": {"groups": [{"items": [], "count": 2, "type": "created"}]}}, {"tips": {"count": 0}, "contact": {"twitter": "nilishavirmani", "facebook": "500290232"}, "firstName": "Nilisha", "gender": "female", "lastName": "Virmani", "id": "4136480", "bio": "", "photo": {"prefix": "https://igx.4sqi.net/img/user/", "suffix": "/blank_girl.png", "default": true}, "homeCity": "Singapore", "lists": {"groups": [{"items": [], "count": 2, "type": "created"}]}}, {"tips": {"count": 21}, "contact": {"facebook": "222100247"}, "firstName": "Wanda", "gender": "female", "lastName": "Wang", "id": "16809496", "bio": "", "photo": {"prefix": "https://igx.4sqi.net/img/user/", "suffix": "/YJIUEAAV43IGK4BE.jpg"}, "homeCity": "Singapore", "lists": {"groups": [{"items": [], "count": 3, "type": "created"}]}}, {"tips": {"count": 0}, "contact": {"twitter": "skyeraphael", "facebook": "746503051"}, "firstName": "Skye Raphael", "gender": "female", "lastName": "Lye", "id": "2786582", "bio": "", "photo": {"prefix": "https://igx.4sqi.net/img/user/", "suffix": "/Y54HAAZQ0DB0R0V4.jpg"}, "homeCity": "Singapore", "lists": {"groups": [{"items": [], "count": 2, "type": "created"}]}}, {"tips": {"count": 0}, "contact": {"twitter": "09aysha", "facebook": "666375331"}, "firstName": "Aysha", "gender": "female", "lastName": "Akbar", "id": "6044233", "bio": "", "photo": {"prefix": "https://igx.4sqi.net/img/user/", "suffix": "/YAHQY0MQSYM0RQML.jpg"}, "homeCity": "Singapore", "lists": {"groups": [{"items": [], "count": 2, "type": "created"}]}}, {"tips": {"count": 2}, "contact": {}, "firstName": "Daniel @", "gender": "male", "lastName": "Fashionising.com", "id": "3232733", "bio": "Editor-in-chief and Chairman of Fashionising.com, Director of Rogue Menage, lover of history, travel addict and hater of the status quo.", "photo": {"prefix": "https://igx.4sqi.net/img/user/", "suffix": "/0OJANDFXZQTPB4BG.jpg"}, "homeCity": "London, UK", "lists": {"groups": [{"items": [], "count": 2, "type": "created"}]}}, {"tips": {"count": 4}, "contact": {"twitter": "katszel", "facebook": "753084295"}, "firstName": "Katherine", "gender": "female", "lastName": "Law", "id": "5957566", "bio": "", "photo": {"prefix": "https://igx.4sqi.net/img/user/", "suffix": "/W40I1DE0INMYDTTY.jpg"}, "homeCity": "Singapore", "lists": {"groups": [{"items": [], "count": 2, "type": "created"}]}}], "count": 27}, "checksum": "12803cc35aa4577d9a6fc0e95929d72bee29200f"}, "meta": {"requestId": "59663603db04f562ef657962", "code": 200}}