{"notifications": [{"type": "notificationTray", "item": {"unreadCount": 0}}], "response": {"friends": {"items": [{"tips": {"count": 3}, "contact": {"twitter": "patriciahidris", "facebook": "25009420"}, "firstName": "PATRICIA", "gender": "female", "lastName": "HIDRIS", "id": "1372490", "bio": "i am never too busy to be beautiful, inside out. \r\nfind me. under the clouds, next to you.", "photo": {"prefix": "https://igx.4sqi.net/img/user/", "suffix": "/-A0EGZXKOR5FJ3HMM"}, "homeCity": "Jakarta, Indonesia", "lists": {"groups": [{"items": [], "count": 2, "type": "created"}]}}, {"tips": {"count": 0}, "contact": {"twitter": "favefave", "facebook": "626258472"}, "firstName": "Favian", "gender": "male", "lastName": "A", "id": "11964711", "bio": "", "photo": {"prefix": "https://igx.4sqi.net/img/user/", "suffix": "/PGXQKHEZFEZ5HE2T.jpg"}, "homeCity": "Bandung, Indonesia", "lists": {"groups": [{"items": [], "count": 2, "type": "created"}]}}, {"tips": {"count": 0}, "contact": {"facebook": "1572789432960416"}, "firstName": "Yongki", "gender": "male", "lastName": "Setiawan", "id": "6766745", "bio": "", "photo": {"prefix": "https://igx.4sqi.net/img/user/", "suffix": "/6766745-FQ513W01JXYMXTS3.jpg"}, "homeCity": "Jakarta", "lists": {"groups": [{"items": [], "count": 2, "type": "created"}]}}, {"tips": {"count": 0}, "contact": {"twitter": "stefanusindra", "facebook": "625601918"}, "firstName": "stefanus", "gender": "male", "lastName": "indra", "id": "1350446", "bio": "", "photo": {"prefix": "https://igx.4sqi.net/img/user/", "suffix": "/1350446-0NNMIWJ40XEHDWG4.jpg"}, "homeCity": "Jakarta Capital Region, Jakarta Capital Regi", "lists": {"groups": [{"items": [], "count": 2, "type": "created"}]}}, {"tips": {"count": 3}, "contact": {}, "firstName": "Dennis", "gender": "male", "lastName": "Martin", "id": "6701807", "bio": "", "photo": {"prefix": "https://igx.4sqi.net/img/user/", "suffix": "/KJS2055BI00FMCWU.jpg"}, "homeCity": "Aachen, Germany", "lists": {"groups": [{"items": [], "count": 2, "type": "created"}]}}, {"tips": {"count": 1}, "contact": {"twitter": "raphaelya", "facebook": "759685143"}, "firstName": "Raphael", "gender": "male", "lastName": "Yandi", "id": "1791956", "bio": "", "photo": {"prefix": "https://igx.4sqi.net/img/user/", "suffix": "/FOFS0UN1NGEKRKBC.jpg"}, "homeCity": "Marine Parade, Singapore", "lists": {"groups": [{"items": [], "count": 2, "type": "created"}]}}, {"tips": {"count": 9}, "contact": {}, "firstName": "Steven", "gender": "male", "lastName": "Sanjaya", "id": "2519965", "bio": "", "photo": {"prefix": "https://igx.4sqi.net/img/user/", "suffix": "/BD1BH13T4MATCQNH.jpg"}, "homeCity": "Jakarta, Indonesia", "lists": {"groups": [{"items": [], "count": 2, "type": "created"}]}}, {"tips": {"count": 1}, "contact": {"twitter": "xtopu", "facebook": "713858952"}, "firstName": "Kristo", "gender": "male", "lastName": "Putranda", "id": "5360408", "bio": "", "photo": {"prefix": "https://igx.4sqi.net/img/user/", "suffix": "/PWOL5MK0JQXV0SM0.jpg"}, "homeCity": "Citeureup, Indonesia", "lists": {"groups": [{"items": [], "count": 2, "type": "created"}]}}, {"tips": {"count": 7}, "contact": {"twitter": "november82", "facebook": "717450571"}, "firstName": "Erlina", "gender": "female", "lastName": "Husada", "id": "988206", "bio": "", "photo": {"prefix": "https://igx.4sqi.net/img/user/", "suffix": "/TBYWDIUIBBITPK3X.jpg"}, "homeCity": "Singapore", "lists": {"groups": [{"items": [], "count": 2, "type": "created"}]}}, {"tips": {"count": 10}, "contact": {}, "firstName": "Karina", "gender": "female", "lastName": "Linardy", "id": "464466", "bio": "", "photo": {"prefix": "https://igx.4sqi.net/img/user/", "suffix": "/464466-YZ5Z5LTDL5DMS3A4.jpg"}, "homeCity": "New York City, New York", "lists": {"groups": [{"items": [], "count": 4, "type": "created"}]}}, {"tips": {"count": 1}, "contact": {"twitter": "edmo0001", "facebook": "546680180"}, "firstName": "Edmond", "gender": "male", "lastName": "Gunarso", "id": "1753842", "bio": "", "photo": {"prefix": "https://igx.4sqi.net/img/user/", "suffix": "/5FNKC0DFRDLBLWFN.jpg"}, "homeCity": "Singapore", "lists": {"groups": [{"items": [], "count": 2, "type": "created"}]}}, {"tips": {"count": 0}, "contact": {"twitter": "momotaro86"}, "firstName": "Erlina", "gender": "female", "lastName": "Santoso", "id": "788897", "bio": "", "photo": {"prefix": "https://igx.4sqi.net/img/user/", "suffix": "/2OPAUOOXWG2TLYZR.jpg"}, "homeCity": "Southern, Singapore", "lists": {"groups": [{"items": [], "count": 2, "type": "created"}]}}, {"tips": {"count": 1}, "contact": {"facebook": "596422126"}, "firstName": "Arnold", "gender": "male", "lastName": "Soetarso", "id": "3262610", "bio": "", "photo": {"prefix": "https://igx.4sqi.net/img/user/", "suffix": "/EAH4ODT22XM0JKE3.jpg"}, "homeCity": "New York, NY", "lists": {"groups": [{"items": [], "count": 2, "type": "created"}]}}, {"tips": {"count": 1}, "contact": {"twitter": "oditsihombing", "facebook": "1401972479"}, "firstName": "Odit", "gender": "male", "lastName": "Sihombing", "id": "1298298", "bio": "", "photo": {"prefix": "https://igx.4sqi.net/img/user/", "suffix": "/D1TUMIAIUWPG4H5F.jpg"}, "homeCity": "Jakarta", "lists": {"groups": [{"items": [], "count": 2, "type": "created"}]}}, {"tips": {"count": 0}, "contact": {}, "firstName": "Sari", "gender": "none", "id": "13376722", "bio": "", "photo": {"prefix": "https://igx.4sqi.net/img/user/", "suffix": "/blank_boy.png", "default": true}, "homeCity": "NY", "lists": {"groups": [{"items": [], "count": 2, "type": "created"}]}}, {"tips": {"count": 0}, "contact": {}, "firstName": "Sari", "gender": "female", "id": "7201137", "bio": "", "photo": {"prefix": "https://igx.4sqi.net/img/user/", "suffix": "/blank_girl.png", "default": true}, "homeCity": "Singapore", "lists": {"groups": [{"items": [], "count": 2, "type": "created"}]}}, {"tips": {"count": 1}, "contact": {"twitter": "michelle_mike", "facebook": "570009409"}, "firstName": "michelle", "gender": "female", "lastName": "halim", "id": "2887620", "bio": "", "photo": {"prefix": "https://igx.4sqi.net/img/user/", "suffix": "/GFKPTDTGKIVC0ZRF.jpg"}, "homeCity": "Jakarta, Indonesia", "lists": {"groups": [{"items": [], "count": 2, "type": "created"}]}}, {"tips": {"count": 10}, "contact": {"twitter": "oliviawillyost", "facebook": "671954124"}, "firstName": "Olivia", "gender": "female", "lastName": "Willyost", "id": "1051377", "bio": "", "photo": {"prefix": "https://igx.4sqi.net/img/user/", "suffix": "/AT2IL1W5B31O4NDM.jpg"}, "homeCity": "Ciputat, Banten", "lists": {"groups": [{"items": [], "count": 2, "type": "created"}]}}, {"tips": {"count": 10}, "contact": {"twitter": "diz_ty", "facebook": "1044849920"}, "firstName": "Thrynsi", "gender": "female", "lastName": "Adisty", "id": "972697", "bio": "", "photo": {"prefix": "https://igx.4sqi.net/img/user/", "suffix": "/HQSOTS3GIKPDKMBV.jpg"}, "homeCity": "Jakarta Pusat, Jakarta", "lists": {"groups": [{"items": [], "count": 2, "type": "created"}]}}, {"tips": {"count": 0}, "contact": {}, "firstName": "cai", "gender": "male", "lastName": "chang", "id": "3288858", "bio": "", "photo": {"prefix": "https://igx.4sqi.net/img/user/", "suffix": "/JZTG0QJSZ1KKQJIM.jpg"}, "homeCity": "Jakarta, Indonesia", "lists": {"groups": [{"items": [], "count": 2, "type": "created"}]}}, {"tips": {"count": 4}, "contact": {"twitter": "kevin_sugiarto", "facebook": "1356126938"}, "firstName": "Kevin", "gender": "male", "lastName": "Sugiarto", "id": "5247243", "bio": "", "photo": {"prefix": "https://igx.4sqi.net/img/user/", "suffix": "/HKWUNHCYUB4QYRSH.jpg"}, "homeCity": "Jakarta", "lists": {"groups": [{"items": [], "count": 2, "type": "created"}]}}, {"tips": {"count": 3}, "contact": {"twitter": "aurickf", "facebook": "1303119996"}, "firstName": "aurick", "gender": "male", "lastName": "frederick", "id": "1283432", "bio": "", "photo": {"prefix": "https://igx.4sqi.net/img/user/", "suffix": "/GFCBLHAKYPSTP0VP.jpg"}, "homeCity": "Jakarta, South Jakarta", "lists": {"groups": [{"items": [], "count": 2, "type": "created"}]}}, {"tips": {"count": 12}, "contact": {}, "firstName": "\u24e1\u24d4\u24e3\u24e1\u24de", "gender": "male", "id": "4043605", "bio": "", "photo": {"prefix": "https://igx.4sqi.net/img/user/", "suffix": "/MSQOU2MUMB0H2YAJ.jpg"}, "homeCity": "Singapore", "lists": {"groups": [{"items": [], "count": 2, "type": "created"}]}}, {"tips": {"count": 0}, "contact": {"twitter": "sweet_kouchan", "facebook": "697793657"}, "firstName": "Sulyanti", "gender": "female", "lastName": "Sulyanti", "id": "1397599", "bio": "", "photo": {"prefix": "https://igx.4sqi.net/img/user/", "suffix": "/UETVSGKWJPNUJ4E4.jpg"}, "homeCity": "Indonesia, ", "lists": {"groups": [{"items": [], "count": 2, "type": "created"}]}}, {"tips": {"count": 7}, "contact": {"twitter": "callmeirenz", "facebook": "636720204"}, "firstName": "callmeirenz", "gender": "female", "lastName": "callmeirenz", "id": "1646997", "bio": "", "photo": {"prefix": "https://igx.4sqi.net/img/user/", "suffix": "/DQ20S5FXK35KP03D.jpg"}, "homeCity": "hawaii ", "lists": {"groups": [{"items": [], "count": 2, "type": "created"}]}}, {"tips": {"count": 3}, "contact": {"facebook": "688981411"}, "firstName": "Hendri", "gender": "male", "lastName": "Budi", "id": "1647496", "bio": "", "photo": {"prefix": "https://igx.4sqi.net/img/user/", "suffix": "/DQ5RHS4JRKENHGSN.jpg"}, "homeCity": "Singapore", "lists": {"groups": [{"items": [], "count": 2, "type": "created"}]}}, {"tips": {"count": 0}, "contact": {"twitter": "ngelzz"}, "firstName": "Angela", "gender": "female", "lastName": "Ari", "id": "1717194", "bio": "", "photo": {"prefix": "https://igx.4sqi.net/img/user/", "suffix": "/XUHBCHZ2ULHGIJJG.jpg"}, "homeCity": "Singapore", "lists": {"groups": [{"items": [], "count": 2, "type": "created"}]}}, {"tips": {"count": 0}, "contact": {"facebook": "551062588"}, "firstName": "Stanley", "gender": "male", "lastName": "J", "id": "2124700", "bio": "", "photo": {"prefix": "https://igx.4sqi.net/img/user/", "suffix": "/2124700-RTTLJMXLGY4RB0SO.jpg"}, "homeCity": "Jakarta, Indonesia", "lists": {"groups": [{"items": [], "count": 3, "type": "created"}]}}, {"tips": {"count": 0}, "contact": {"facebook": "826567557"}, "firstName": "mona", "gender": "female", "lastName": "cella", "id": "2170564", "bio": "", "photo": {"prefix": "https://igx.4sqi.net/img/user/", "suffix": "/ERNJ31WYWNNE4ALH.jpg"}, "homeCity": "Jakarta Capital Region, Jakarta Capital Regi", "lists": {"groups": [{"items": [], "count": 2, "type": "created"}]}}, {"tips": {"count": 2}, "contact": {"twitter": "w1ndfly3r", "facebook": "564605934"}, "firstName": "William David", "gender": "male", "lastName": "Liauw", "id": "2261926", "bio": "", "photo": {"prefix": "https://igx.4sqi.net/img/user/", "suffix": "/-EPJ4JH0F5KDCTLDU.jpg"}, "homeCity": "Jakarta, Indonesia", "lists": {"groups": [{"items": [], "count": 2, "type": "created"}]}}, {"tips": {"count": 0}, "contact": {"twitter": "wayanwolvie", "facebook": "537533619"}, "firstName": "Wayan", "gender": "male", "lastName": "Tresna", "id": "2452562", "bio": "", "photo": {"prefix": "https://igx.4sqi.net/img/user/", "suffix": "/2452562-ZACAATWNRYUCJISY.jpg"}, "homeCity": "Singapore", "lists": {"groups": [{"items": [], "count": 2, "type": "created"}]}}, {"tips": {"count": 0}, "contact": {"twitter": "watsonchua", "facebook": "766543355"}, "firstName": "Watson", "gender": "male", "lastName": "Chua", "id": "3013307", "bio": "", "photo": {"prefix": "https://igx.4sqi.net/img/user/", "suffix": "/WKOHBLAPMXZXYHA3.jpg"}, "homeCity": "Singapore", "lists": {"groups": [{"items": [], "count": 2, "type": "created"}]}}], "count": 32}, "checksum": "841df7c4d151ff723fa2b65ad7657e5587f185b1"}, "meta": {"requestId": "5965ccb91ed21919f83148ca", "code": 200}}