{"notifications": [{"type": "notificationTray", "item": {"unreadCount": 0}}], "response": {"friends": {"items": [{"tips": {"count": 0}, "contact": {}, "firstName": "Simon", "gender": "male", "lastName": "Tan", "id": "1036712", "bio": "", "photo": {"prefix": "https://igx.4sqi.net/img/user/", "suffix": "/LQPZYTFXIVMXX3UC.jpg"}, "homeCity": "Singapore", "lists": {"groups": [{"items": [], "count": 2, "type": "created"}]}}, {"tips": {"count": 1}, "contact": {"facebook": "629705155"}, "firstName": "Ronald", "gender": "male", "lastName": "Chan", "id": "4448618", "bio": "", "photo": {"prefix": "https://igx.4sqi.net/img/user/", "suffix": "/blank_boy.png", "default": true}, "homeCity": "Singapore", "lists": {"groups": [{"items": [], "count": 2, "type": "created"}]}}, {"tips": {"count": 3}, "contact": {"twitter": "cherixyo"}, "firstName": "Cheryl", "gender": "female", "lastName": "Tan", "id": "4315862", "bio": "", "photo": {"prefix": "https://igx.4sqi.net/img/user/", "suffix": "/WKRFTNOQ35OEEMEL.jpg"}, "homeCity": "Singapore", "lists": {"groups": [{"items": [], "count": 2, "type": "created"}]}}, {"tips": {"count": 0}, "contact": {"facebook": "606115380"}, "firstName": "Gucci", "gender": "female", "lastName": "Lang", "id": "4526113", "bio": "", "photo": {"prefix": "https://igx.4sqi.net/img/user/", "suffix": "/MVFCQ2UCRYZUJHAN.jpg"}, "homeCity": "Singapore", "lists": {"groups": [{"items": [], "count": 2, "type": "created"}]}}, {"tips": {"count": 1}, "contact": {"twitter": "queencokewhore", "facebook": "672851573"}, "firstName": "farah", "gender": "female", "lastName": "chew", "id": "405758", "bio": "", "photo": {"prefix": "https://igx.4sqi.net/img/user/", "suffix": "/V52QMN20TP3CWUGY.jpg"}, "homeCity": "Singapore", "lists": {"groups": [{"items": [], "count": 2, "type": "created"}]}}, {"tips": {"count": 1}, "contact": {"twitter": "okosama_star", "facebook": "711632343"}, "firstName": "Ryosuke", "gender": "male", "lastName": "Tei", "id": "356360", "bio": "", "photo": {"prefix": "https://igx.4sqi.net/img/user/", "suffix": "/2BLTG1B2404LNAVV.jpg"}, "homeCity": "\u795e\u6238\u5e02", "lists": {"groups": [{"items": [], "count": 2, "type": "created"}]}}, {"tips": {"count": 0}, "contact": {"twitter": "mrauntie", "facebook": "10210671490536347"}, "firstName": "Locke", "gender": "male", "lastName": "Hiah", "id": "7943236", "bio": "", "photo": {"prefix": "https://igx.4sqi.net/img/user/", "suffix": "/PPCLAU2D5YC3U1DN.jpg"}, "homeCity": "Singapore", "lists": {"groups": [{"items": [], "count": 2, "type": "created"}]}}, {"tips": {"count": 1}, "contact": {"facebook": "558510347"}, "firstName": "toutou", "gender": "male", "lastName": "toutou", "id": "4169282", "bio": "", "photo": {"prefix": "https://igx.4sqi.net/img/user/", "suffix": "/EHLWZINXF3S0YZ2F.jpg"}, "homeCity": "Singapore", "lists": {"groups": [{"items": [], "count": 2, "type": "created"}]}}, {"tips": {"count": 2}, "contact": {}, "firstName": "Hazel", "gender": "female", "lastName": "Lam", "id": "1383235", "bio": "", "photo": {"prefix": "https://igx.4sqi.net/img/user/", "suffix": "/RNCCQ4BQZYQH3Z3L.jpg"}, "homeCity": "\uc11c\uc6b8\ud2b9\ubcc4\uc2dc, \ud55c\uad6d", "lists": {"groups": [{"items": [], "count": 2, "type": "created"}]}}, {"tips": {"count": 2}, "contact": {"facebook": "736977830"}, "firstName": "Lex", "gender": "female", "lastName": "Teo", "id": "5443901", "bio": "", "photo": {"prefix": "https://igx.4sqi.net/img/user/", "suffix": "/WK4JXMSUAIPJKCH1.jpg"}, "homeCity": "Singapore", "lists": {"groups": [{"items": [], "count": 2, "type": "created"}]}}, {"tips": {"count": 0}, "contact": {"facebook": "839262271"}, "firstName": "Mike", "gender": "male", "lastName": "Mitchell", "id": "2196546", "bio": "", "photo": {"prefix": "https://igx.4sqi.net/img/user/", "suffix": "/124OJS0ZWT4OSFAJ.jpg"}, "homeCity": "Van Nuys, CA", "lists": {"groups": [{"items": [], "count": 2, "type": "created"}]}}, {"tips": {"count": 4}, "contact": {"twitter": "creativenatty", "facebook": "519122005"}, "firstName": "Nat", "gender": "female", "lastName": "Lim", "id": "1169826", "bio": "", "photo": {"prefix": "https://igx.4sqi.net/img/user/", "suffix": "/MDG1OALPZ3KXV0AI.jpg"}, "homeCity": "Singapore", "lists": {"groups": [{"items": [], "count": 2, "type": "created"}]}}, {"tips": {"count": 0}, "contact": {"twitter": "javi3rrr", "facebook": "622118071"}, "firstName": "Javier", "gender": "male", "lastName": "Siew", "id": "3165765", "bio": "", "photo": {"prefix": "https://igx.4sqi.net/img/user/", "suffix": "/CJX35YLESEKRJ5RY.jpg"}, "homeCity": "Singapore", "lists": {"groups": [{"items": [], "count": 2, "type": "created"}]}}, {"tips": {"count": 5}, "contact": {"twitter": "wyboo", "facebook": "661910842"}, "firstName": "Wei yi", "gender": "male", "lastName": "Boo", "id": "191083", "bio": "", "photo": {"prefix": "https://igx.4sqi.net/img/user/", "suffix": "/FQ2JNJWUWA1VZ3GQ.jpg"}, "homeCity": "Singapore", "lists": {"groups": [{"items": [], "count": 2, "type": "created"}]}}, {"tips": {"count": 0}, "contact": {}, "firstName": "Media", "gender": "none", "lastName": "Temple", "id": "601882", "bio": "", "photo": {"prefix": "https://igx.4sqi.net/img/user/", "suffix": "/YEDZMCAPDTMU5EPE.png"}, "homeCity": "Culver City, CA", "lists": {"groups": [{"items": [], "count": 2, "type": "created"}]}}, {"tips": {"count": 55}, "contact": {"twitter": "gogofranks", "facebook": "100000125364291"}, "firstName": "GoGo", "gender": "male", "lastName": "Franks", "id": "1516814", "bio": "GoGo Franks was created to satisfy the ever changing taste of Singaporeans for an Asian Tasting Sausage that carry the home grown flavors.", "photo": {"prefix": "https://igx.4sqi.net/img/user/", "suffix": "/-CFMLQY351R4PSHG0.jpg"}, "homeCity": "Singapore", "lists": {"groups": [{"items": [], "count": 2, "type": "created"}]}}, {"tips": {"count": 3}, "contact": {"twitter": "klsx2001", "facebook": "582040731"}, "firstName": "Kenneth", "gender": "male", "lastName": "Lee", "id": "593829", "bio": "", "photo": {"prefix": "https://igx.4sqi.net/img/user/", "suffix": "/593829-HTPSLL3L1RAJLLZ4.jpg"}, "homeCity": "Perth, Western Australia", "lists": {"groups": [{"items": [], "count": 2, "type": "created"}]}}, {"tips": {"count": 234}, "contact": {"twitter": "skinnylatte", "facebook": "10157136597960265"}, "firstName": "Adrianna", "gender": "male", "lastName": "Tan", "id": "113201", "bio": "", "photo": {"prefix": "https://igx.4sqi.net/img/user/", "suffix": "/113201_1259743369979.jpg"}, "homeCity": "Jakarta, DKI Jakarta, Indonesia", "lists": {"groups": [{"items": [], "count": 45, "type": "created"}]}}, {"tips": {"count": 0}, "contact": {"facebook": "514612136"}, "firstName": "Alvin", "gender": "male", "lastName": "Long", "id": "4851501", "bio": "", "photo": {"prefix": "https://igx.4sqi.net/img/user/", "suffix": "/blank_boy.png", "default": true}, "homeCity": "Singapore", "lists": {"groups": [{"items": [], "count": 2, "type": "created"}]}}, {"tips": {"count": 19}, "contact": {"facebook": "725077329"}, "firstName": "Ethan", "gender": "male", "lastName": "Lin", "id": "1154230", "bio": "", "photo": {"prefix": "https://igx.4sqi.net/img/user/", "suffix": "/1154230-AOG4JERXY1FFNEER.jpg"}, "homeCity": "Simei, Singapore", "lists": {"groups": [{"items": [], "count": 4, "type": "created"}]}}, {"tips": {"count": 1}, "contact": {"twitter": "purplebrown", "facebook": "643526937"}, "firstName": "cherlene", "gender": "none", "lastName": "koo", "id": "2551829", "bio": "", "photo": {"prefix": "https://igx.4sqi.net/img/user/", "suffix": "/0TQCKICO3NO5CQKS.jpg"}, "homeCity": "Singapore", "lists": {"groups": [{"items": [], "count": 2, "type": "created"}]}}, {"tips": {"count": 21}, "contact": {"twitter": "freakyfir", "facebook": "516304654"}, "firstName": "freakyfir", "gender": "male", "id": "585659", "bio": "", "photo": {"prefix": "https://igx.4sqi.net/img/user/", "suffix": "/NTX1BEMB2KT04WFB.jpg"}, "homeCity": "Hougang, Singapore", "lists": {"groups": [{"items": [], "count": 2, "type": "created"}]}}, {"tips": {"count": 0}, "contact": {"twitter": "27mm", "facebook": "697447778"}, "firstName": "Manfred", "gender": "male", "lastName": "Tan", "id": "29479014", "bio": "", "photo": {"prefix": "https://igx.4sqi.net/img/user/", "suffix": "/AJPNEQ4IGDFTQGAA.jpg"}, "homeCity": "singapore", "lists": {"groups": [{"items": [], "count": 2, "type": "created"}]}}, {"tips": {"count": 0}, "contact": {"twitter": "jasminejasmeen", "facebook": "100002757765631"}, "firstName": "Jasmine", "gender": "female", "lastName": "Lim", "id": "16540274", "bio": "", "photo": {"prefix": "https://igx.4sqi.net/img/user/", "suffix": "/RLN4JLEZUTEW3JEX.jpg"}, "homeCity": "Cheltenham, UK", "lists": {"groups": [{"items": [], "count": 2, "type": "created"}]}}, {"tips": {"count": 0}, "contact": {"facebook": "1245680895"}, "firstName": "Frederick", "gender": "male", "lastName": "Law", "id": "4326502", "bio": "", "photo": {"prefix": "https://igx.4sqi.net/img/user/", "suffix": "/IFQHXDUZHPWL4KJG.jpg"}, "homeCity": "Singapore", "lists": {"groups": [{"items": [], "count": 2, "type": "created"}]}}, {"tips": {"count": 1}, "contact": {"twitter": "radicalcomics", "facebook": "100001914997963"}, "firstName": "Radical", "gender": "none", "lastName": "Publishing", "id": "5144202", "bio": "", "photo": {"prefix": "https://igx.4sqi.net/img/user/", "suffix": "/FLWKHVEDBZ04GQF3.jpg"}, "homeCity": "Los Angeles, CA", "lists": {"groups": [{"items": [], "count": 2, "type": "created"}]}}, {"tips": {"count": 1}, "contact": {"facebook": "740270375"}, "firstName": "El", "gender": "none", "lastName": "Diablo", "id": "6440242", "bio": "", "photo": {"prefix": "https://igx.4sqi.net/img/user/", "suffix": "/IRRLIXM3VMIQAWE4.jpg"}, "homeCity": "Singapore", "lists": {"groups": [{"items": [], "count": 2, "type": "created"}]}}, {"tips": {"count": 0}, "contact": {"facebook": "766830594"}, "firstName": "Samantha", "gender": "female", "lastName": "Fonh", "id": "8946287", "bio": "", "photo": {"prefix": "https://igx.4sqi.net/img/user/", "suffix": "/3GMQGREFB2WJMWYZ.jpg"}, "homeCity": "Singapore", "lists": {"groups": [{"items": [], "count": 2, "type": "created"}]}}, {"tips": {"count": 1}, "contact": {"facebook": "571391560"}, "firstName": "Vanessa", "gender": "female", "lastName": "Chibabomb", "id": "5271375", "bio": "", "photo": {"prefix": "https://igx.4sqi.net/img/user/", "suffix": "/DDWQMJAGIQZV31BO.jpg"}, "homeCity": "Singapore", "lists": {"groups": [{"items": [], "count": 2, "type": "created"}]}}, {"tips": {"count": 0}, "contact": {}, "firstName": "Nicholas", "gender": "male", "lastName": "Teng", "id": "4289540", "bio": "", "photo": {"prefix": "https://igx.4sqi.net/img/user/", "suffix": "/blank_boy.png", "default": true}, "homeCity": "Singapore", "lists": {"groups": [{"items": [], "count": 2, "type": "created"}]}}, {"superuser": 1, "tips": {"count": 3}, "contact": {"twitter": "n0rm4nch3w", "facebook": "535982175"}, "firstName": "Norman", "gender": "male", "lastName": "Chew", "id": "5467709", "bio": "", "photo": {"prefix": "https://igx.4sqi.net/img/user/", "suffix": "/5467709-OWTDEOQIKMEYJ3EH.jpg"}, "homeCity": "Singapore", "lists": {"groups": [{"items": [], "count": 2, "type": "created"}]}}, {"tips": {"count": 1}, "contact": {"twitter": "indulgencesg", "facebook": "100000410825777"}, "firstName": "Indulgence SG", "gender": "female", "id": "2255479", "bio": "", "photo": {"prefix": "https://igx.4sqi.net/img/user/", "suffix": "/MRRKLKPKAKMHBKLQ.jpg"}, "homeCity": "Singapore", "lists": {"groups": [{"items": [], "count": 2, "type": "created"}]}}, {"tips": {"count": 0}, "contact": {"twitter": "guasiz", "facebook": "680097495"}, "firstName": "Siz Asher", "gender": "female", "lastName": "Soh", "id": "1576324", "bio": "", "photo": {"prefix": "https://igx.4sqi.net/img/user/", "suffix": "/5HTM5F45D0MJLRHH.jpg"}, "homeCity": "Singapore", "lists": {"groups": [{"items": [], "count": 2, "type": "created"}]}}, {"tips": {"count": 7}, "contact": {}, "firstName": "Pei", "gender": "female", "lastName": "Wen", "id": "3633586", "bio": "", "photo": {"prefix": "https://igx.4sqi.net/img/user/", "suffix": "/2RHA4JPFVHW11Z0Q.jpg"}, "homeCity": "Singapore", "lists": {"groups": [{"items": [], "count": 2, "type": "created"}]}}, {"tips": {"count": 0}, "contact": {"facebook": "607288092"}, "firstName": "Jason Yong Jie", "gender": "male", "lastName": "Shi", "id": "5359848", "bio": "", "photo": {"prefix": "https://igx.4sqi.net/img/user/", "suffix": "/blank_boy.png", "default": true}, "homeCity": "Singapore", "lists": {"groups": [{"items": [], "count": 2, "type": "created"}]}}, {"tips": {"count": 0}, "contact": {"facebook": "673558370"}, "firstName": "Leslie", "gender": "male", "lastName": "Tan", "id": "3335871", "bio": "", "photo": {"prefix": "https://igx.4sqi.net/img/user/", "suffix": "/M25K4C3JZIA1YLIR.jpg"}, "homeCity": "Singapore", "lists": {"groups": [{"items": [], "count": 2, "type": "created"}]}}, {"tips": {"count": 3}, "contact": {"twitter": "sueeeeannn", "facebook": "622706749"}, "firstName": "Sueann", "gender": "female", "lastName": "Tan", "id": "708452", "bio": "", "photo": {"prefix": "https://igx.4sqi.net/img/user/", "suffix": "/2FAG5EVRKJRC20HP.jpg"}, "homeCity": "Singapore", "lists": {"groups": [{"items": [], "count": 2, "type": "created"}]}}, {"tips": {"count": 13}, "contact": {"twitter": "melicacy", "facebook": "1653040064954832"}, "firstName": "melissa", "gender": "female", "lastName": "koh", "id": "1559008", "bio": "", "photo": {"prefix": "https://igx.4sqi.net/img/user/", "suffix": "/IRQYWQIROKHWP1DG.jpg"}, "homeCity": "Singapore", "lists": {"groups": [{"items": [], "count": 2, "type": "created"}]}}, {"tips": {"count": 0}, "contact": {"twitter": "nicolekwek"}, "firstName": "Nicole", "gender": "female", "lastName": "K", "id": "4854867", "bio": "", "photo": {"prefix": "https://igx.4sqi.net/img/user/", "suffix": "/JU0LD1NFTVUOT0FM.jpg"}, "homeCity": "Unnamed Location", "lists": {"groups": [{"items": [], "count": 2, "type": "created"}]}}, {"tips": {"count": 1}, "contact": {"twitter": "lowellkoh"}, "firstName": "Jeremy", "gender": "male", "lastName": "Koh", "id": "1183710", "bio": "", "photo": {"prefix": "https://igx.4sqi.net/img/user/", "suffix": "/YKQMYE1NGCJYHG24.jpg"}, "homeCity": "Singapore", "lists": {"groups": [{"items": [], "count": 2, "type": "created"}]}}, {"tips": {"count": 3}, "contact": {}, "firstName": "Ying", "gender": "female", "lastName": "\u0e2b\u0e0d\u0e34\u0e07", "id": "2762726", "bio": "", "photo": {"prefix": "https://igx.4sqi.net/img/user/", "suffix": "/5OD2HQO4SZZKD15J.jpg"}, "homeCity": "Singapore", "lists": {"groups": [{"items": [], "count": 3, "type": "created"}]}}, {"tips": {"count": 15}, "contact": {}, "firstName": "Keith", "gender": "male", "lastName": "Lee", "id": "4461394", "bio": "", "photo": {"prefix": "https://igx.4sqi.net/img/user/", "suffix": "/D5Q4J1C0JXNN1PAM.jpg"}, "homeCity": "Singapore", "lists": {"groups": [{"items": [], "count": 2, "type": "created"}]}}, {"tips": {"count": 0}, "contact": {"facebook": "647765606"}, "firstName": "Fai ming", "gender": "none", "lastName": "Low", "id": "5146723", "bio": "", "photo": {"prefix": "https://igx.4sqi.net/img/user/", "suffix": "/blank_boy.png", "default": true}, "homeCity": "Singapore", "lists": {"groups": [{"items": [], "count": 2, "type": "created"}]}}, {"tips": {"count": 0}, "contact": {"facebook": "609150394"}, "firstName": "Flogging", "gender": "female", "lastName": "Vale", "id": "25193096", "bio": "", "photo": {"prefix": "https://igx.4sqi.net/img/user/", "suffix": "/UHMWNTJIOEDJ30XS.jpg"}, "homeCity": "Roma, It", "lists": {"groups": [{"items": [], "count": 2, "type": "created"}]}}, {"tips": {"count": 0}, "contact": {"twitter": "philipvongrave"}, "firstName": "Philip", "gender": "male", "lastName": "Grave", "id": "12136447", "bio": "", "photo": {"prefix": "https://igx.4sqi.net/img/user/", "suffix": "/QUDWFRYMPTW1ZY4N.jpg"}, "homeCity": "Batcave", "lists": {"groups": [{"items": [], "count": 2, "type": "created"}]}}, {"tips": {"count": 15}, "contact": {"facebook": "748053909"}, "firstName": "Darius", "gender": "male", "lastName": "Kalinauskas", "id": "20162792", "bio": "", "photo": {"prefix": "https://igx.4sqi.net/img/user/", "suffix": "/KF10IOVW5ATD3HGA.jpg"}, "homeCity": "Vilnius, Lietuva", "lists": {"groups": [{"items": [], "count": 2, "type": "created"}]}}, {"tips": {"count": 0}, "contact": {}, "firstName": "Lin", "gender": "female", "lastName": "Ye", "id": "5510143", "bio": "", "photo": {"prefix": "https://igx.4sqi.net/img/user/", "suffix": "/blank_girl.png", "default": true}, "homeCity": "Singapore", "lists": {"groups": [{"items": [], "count": 2, "type": "created"}]}}, {"tips": {"count": 0}, "contact": {"twitter": "jeneunicr", "facebook": "1460013218"}, "firstName": "Eunice", "gender": "female", "lastName": "E", "id": "2630178", "bio": "", "photo": {"prefix": "https://igx.4sqi.net/img/user/", "suffix": "/VV4KEEGQKFBOAATI.jpg"}, "homeCity": "Singapore", "lists": {"groups": [{"items": [], "count": 2, "type": "created"}]}}, {"tips": {"count": 0}, "contact": {"twitter": "enjoytheprocess", "facebook": "595277967"}, "firstName": "Zhi Xuan", "gender": "male", "lastName": "Kang", "id": "5193871", "bio": "", "photo": {"prefix": "https://igx.4sqi.net/img/user/", "suffix": "/GPB1LEUKGBB12ROK.jpg"}, "homeCity": "Singapore", "lists": {"groups": [{"items": [], "count": 2, "type": "created"}]}}, {"tips": {"count": 5}, "contact": {"facebook": "711111952"}, "firstName": "Ian Ong", "gender": "male", "lastName": "Kok Hsing", "id": "3876514", "bio": "", "photo": {"prefix": "https://igx.4sqi.net/img/user/", "suffix": "/3UPQ0CVKS0LUU0BM.jpg"}, "homeCity": "Singapore", "lists": {"groups": [{"items": [], "count": 2, "type": "created"}]}}, {"tips": {"count": 0}, "contact": {}, "firstName": "Yusuf", "gender": "male", "lastName": "Hosea", "id": "6594781", "bio": "", "photo": {"prefix": "https://igx.4sqi.net/img/user/", "suffix": "/KVT0K0EWSQHPFZQZ.jpg"}, "homeCity": "Singapore", "lists": {"groups": [{"items": [], "count": 2, "type": "created"}]}}, {"tips": {"count": 0}, "contact": {"facebook": "749602798"}, "firstName": "Lim", "gender": "male", "lastName": "Jeff", "id": "3788221", "bio": "", "photo": {"prefix": "https://igx.4sqi.net/img/user/", "suffix": "/O3KW2VIDTWNN2X5H.jpg"}, "homeCity": "Singapore", "lists": {"groups": [{"items": [], "count": 2, "type": "created"}]}}, {"tips": {"count": 1}, "contact": {"twitter": "dropdeadgordon"}, "firstName": "Gordon", "gender": "male", "lastName": "L", "id": "3799930", "bio": "", "photo": {"prefix": "https://igx.4sqi.net/img/user/", "suffix": "/VH4QO304WICE5W5O.jpg"}, "homeCity": "Singapore", "lists": {"groups": [{"items": [], "count": 2, "type": "created"}]}}, {"tips": {"count": 3}, "contact": {"twitter": "plainsharon", "facebook": "699839545"}, "firstName": "Sharon", "gender": "female", "lastName": "Tan", "id": "1908356", "bio": "", "photo": {"prefix": "https://igx.4sqi.net/img/user/", "suffix": "/JJ41AF0S31EQKOAT.jpg"}, "homeCity": "Singapore, SG", "lists": {"groups": [{"items": [], "count": 2, "type": "created"}]}}, {"tips": {"count": 0}, "contact": {"twitter": "maniccaesar", "facebook": "532102548"}, "firstName": "Jian", "gender": "male", "lastName": "Wei", "id": "14604446", "bio": "", "photo": {"prefix": "https://igx.4sqi.net/img/user/", "suffix": "/PBPMEWRNFEJFFUTZ.jpg"}, "homeCity": "Singapore", "lists": {"groups": [{"items": [], "count": 2, "type": "created"}]}}, {"tips": {"count": 0}, "contact": {"twitter": "kengguan", "facebook": "668705684"}, "firstName": "Tan", "gender": "male", "lastName": "Keng Guan", "id": "1270008", "bio": "", "photo": {"prefix": "https://igx.4sqi.net/img/user/", "suffix": "/2JBBHUFYXJ5MDTLV.jpg"}, "homeCity": "Singapore", "lists": {"groups": [{"items": [], "count": 2, "type": "created"}]}}, {"tips": {"count": 0}, "contact": {"facebook": "565623763"}, "firstName": "Mike", "gender": "male", "lastName": "McBriar", "id": "3035656", "bio": "", "photo": {"prefix": "https://igx.4sqi.net/img/user/", "suffix": "/blank_boy.png", "default": true}, "homeCity": "Perth, Australia", "lists": {"groups": [{"items": [], "count": 2, "type": "created"}]}}, {"tips": {"count": 10}, "contact": {"twitter": "kaisersumhungry", "facebook": "569713761"}, "firstName": "Kaiser", "gender": "male", "lastName": "Shen", "id": "4550712", "bio": "", "photo": {"prefix": "https://igx.4sqi.net/img/user/", "suffix": "/B5KJ0CIQAB3A1KZH.jpg"}, "homeCity": "Singapore", "lists": {"groups": [{"items": [], "count": 3, "type": "created"}]}}, {"tips": {"count": 0}, "contact": {"facebook": "547185365"}, "firstName": "Angela", "gender": "female", "lastName": "Chan", "id": "6779190", "bio": "", "photo": {"prefix": "https://igx.4sqi.net/img/user/", "suffix": "/blank_girl.png", "default": true}, "homeCity": "Singapore", "lists": {"groups": [{"items": [], "count": 2, "type": "created"}]}}, {"tips": {"count": 0}, "contact": {"facebook": "509519911"}, "firstName": "Ivaughn", "gender": "male", "lastName": "Salvatore", "id": "22558607", "bio": "", "photo": {"prefix": "https://igx.4sqi.net/img/user/", "suffix": "/K2I0P0XHQLBOIH5U.jpg"}, "homeCity": "New York, NY", "lists": {"groups": [{"items": [], "count": 2, "type": "created"}]}}, {"tips": {"count": 0}, "contact": {"twitter": "ruthparades"}, "firstName": "simone", "gender": "female", "lastName": "ruth", "id": "5511235", "bio": "", "photo": {"prefix": "https://igx.4sqi.net/img/user/", "suffix": "/blank_girl.png", "default": true}, "homeCity": "Singapore", "lists": {"groups": [{"items": [], "count": 2, "type": "created"}]}}, {"tips": {"count": 0}, "contact": {"twitter": "kisstea", "facebook": "582001651"}, "firstName": "christie", "gender": "female", "lastName": "way", "id": "2831314", "bio": "", "photo": {"prefix": "https://igx.4sqi.net/img/user/", "suffix": "/FEZMYCM1TVFRQDFK.jpg"}, "homeCity": "Singapore", "lists": {"groups": [{"items": [], "count": 2, "type": "created"}]}}, {"tips": {"count": 10}, "contact": {"twitter": "retardedrums", "facebook": "608793910"}, "firstName": "Pearson", "gender": "male", "lastName": "Eckhard Justus \u5433", "id": "3925636", "bio": "", "photo": {"prefix": "https://igx.4sqi.net/img/user/", "suffix": "/UTBSZKJ1TB1RZITD.jpg"}, "homeCity": "Singapore", "lists": {"groups": [{"items": [], "count": 2, "type": "created"}]}}, {"tips": {"count": 7}, "contact": {"twitter": "yvnneneo", "facebook": "624418023"}, "firstName": "Yvnne", "gender": "female", "lastName": "Neo", "id": "3789340", "bio": "", "photo": {"prefix": "https://igx.4sqi.net/img/user/", "suffix": "/3789340-IQXP3X1IYX1VHYXL.jpg"}, "homeCity": "Singapore", "lists": {"groups": [{"items": [], "count": 2, "type": "created"}]}}, {"tips": {"count": 0}, "contact": {}, "firstName": "Herman", "gender": "male", "lastName": "Wong", "id": "3815781", "bio": "", "photo": {"prefix": "https://igx.4sqi.net/img/user/", "suffix": "/KPKEE1HCEASCXUO4.jpg"}, "homeCity": "Singapore", "lists": {"groups": [{"items": [], "count": 2, "type": "created"}]}}, {"tips": {"count": 0}, "contact": {"facebook": "613392278"}, "firstName": "Cain", "gender": "male", "lastName": "Lim", "id": "4719647", "bio": "", "photo": {"prefix": "https://igx.4sqi.net/img/user/", "suffix": "/ZVGX1NW40H455FE2.jpg"}, "homeCity": "Singapore", "lists": {"groups": [{"items": [], "count": 2, "type": "created"}]}}, {"tips": {"count": 0}, "contact": {"facebook": "744650074"}, "firstName": "James", "gender": "male", "lastName": "Ng", "id": "1510022", "bio": "", "photo": {"prefix": "https://igx.4sqi.net/img/user/", "suffix": "/OTKSBMYQEVUFTPGY.jpg"}, "homeCity": "Singapore", "lists": {"groups": [{"items": [], "count": 2, "type": "created"}]}}, {"tips": {"count": 2}, "contact": {"twitter": "raynerho"}, "firstName": "Rayner", "gender": "male", "lastName": "Ho", "id": "3281664", "bio": "", "photo": {"prefix": "https://igx.4sqi.net/img/user/", "suffix": "/MUBQD1MYS0TEQW5Y.jpg"}, "homeCity": "Singapore", "lists": {"groups": [{"items": [], "count": 2, "type": "created"}]}}, {"tips": {"count": 0}, "contact": {}, "firstName": "Terrence", "gender": "male", "lastName": "Voo", "id": "4644911", "bio": "", "photo": {"prefix": "https://igx.4sqi.net/img/user/", "suffix": "/MN4JSSNXRH5SRBTZ.jpg"}, "homeCity": "Singapore", "lists": {"groups": [{"items": [], "count": 2, "type": "created"}]}}, {"tips": {"count": 0}, "contact": {"facebook": "691785123"}, "firstName": "Yanxi", "gender": "female", "lastName": "Tan", "id": "6779307", "bio": "", "photo": {"prefix": "https://igx.4sqi.net/img/user/", "suffix": "/QS1D21JM4AIGTDYY.jpg"}, "homeCity": "Singapore", "lists": {"groups": [{"items": [], "count": 2, "type": "created"}]}}, {"tips": {"count": 0}, "contact": {"facebook": "626905146"}, "firstName": "Tarek", "gender": "male", "lastName": "Dergamoun", "id": "39372697", "bio": "", "photo": {"prefix": "https://igx.4sqi.net/img/user/", "suffix": "/SGUQO1YKVAU3ALX3.jpg"}, "homeCity": "Ad Dawhah", "lists": {"groups": [{"items": [], "count": 2, "type": "created"}]}}, {"tips": {"count": 0}, "contact": {"facebook": "608412086"}, "firstName": "Issy", "gender": "male", "lastName": "Doink", "id": "5630656", "bio": "", "photo": {"prefix": "https://igx.4sqi.net/img/user/", "suffix": "/JDNEXRGQXIHOCRJI.jpg"}, "homeCity": "Singapore", "lists": {"groups": [{"items": [], "count": 2, "type": "created"}]}}, {"tips": {"count": 0}, "contact": {"twitter": "qiminmin", "facebook": "1741039386"}, "firstName": "Qi Min", "gender": "male", "lastName": "ONG", "id": "2834351", "bio": "", "photo": {"prefix": "https://igx.4sqi.net/img/user/", "suffix": "/AW5TGMOUZ011IVLD.jpg"}, "homeCity": "Singapore", "lists": {"groups": [{"items": [], "count": 2, "type": "created"}]}}, {"tips": {"count": 0}, "contact": {"facebook": "595686848"}, "firstName": "Ken Cheng", "gender": "male", "lastName": "Yuan Seng", "id": "3947422", "bio": "", "photo": {"prefix": "https://igx.4sqi.net/img/user/", "suffix": "/LYZP44B0GDQRG2BM.jpg"}, "homeCity": "Singapore", "lists": {"groups": [{"items": [], "count": 2, "type": "created"}]}}, {"tips": {"count": 0}, "contact": {"twitter": "angelicagoh", "facebook": "100000305041340"}, "firstName": "Sabrina", "gender": "female", "lastName": "Goh", "id": "3797613", "bio": "", "photo": {"prefix": "https://igx.4sqi.net/img/user/", "suffix": "/BUB5DD0ONQOMKVPO.jpg"}, "homeCity": "Singapore", "lists": {"groups": [{"items": [], "count": 2, "type": "created"}]}}, {"tips": {"count": 2}, "contact": {"twitter": "greginsingapore", "facebook": "761944279"}, "firstName": "Gregory", "gender": "male", "lastName": "Gumo", "id": "1690475", "bio": "", "photo": {"prefix": "https://igx.4sqi.net/img/user/", "suffix": "/1H1PTI1T4ALXCAT1.jpg"}, "homeCity": "Yokohama, Japan", "lists": {"groups": [{"items": [], "count": 2, "type": "created"}]}}, {"tips": {"count": 0}, "contact": {"twitter": "stupid24", "facebook": "637183643"}, "firstName": "Mabel", "gender": "female", "lastName": "Chan", "id": "3391462", "bio": "", "photo": {"prefix": "https://igx.4sqi.net/img/user/", "suffix": "/WW3BTDBOFCNM2MVY.jpg"}, "homeCity": "Singapore", "lists": {"groups": [{"items": [], "count": 2, "type": "created"}]}}, {"tips": {"count": 3}, "contact": {}, "firstName": "Cheryl", "gender": "female", "lastName": "Sim", "id": "4777291", "bio": "", "photo": {"prefix": "https://igx.4sqi.net/img/user/", "suffix": "/AO3SZANA3H0N2QPW.jpg"}, "homeCity": "Singapore", "lists": {"groups": [{"items": [], "count": 2, "type": "created"}]}}, {"tips": {"count": 0}, "contact": {"facebook": "549055277"}, "firstName": "Hwei Sie", "gender": "female", "lastName": "Tay", "id": "7112579", "bio": "", "photo": {"prefix": "https://igx.4sqi.net/img/user/", "suffix": "/blank_girl.png", "default": true}, "homeCity": "Singapore", "lists": {"groups": [{"items": [], "count": 2, "type": "created"}]}}, {"tips": {"count": 0}, "contact": {"twitter": "jaspayway", "facebook": "1675382692"}, "firstName": "Jasmine", "gender": "female", "lastName": "Pay Way", "id": "5717686", "bio": "", "photo": {"prefix": "https://igx.4sqi.net/img/user/", "suffix": "/A0FZ3HFZWPTAS51C.jpg"}, "homeCity": "Singapore", "lists": {"groups": [{"items": [], "count": 2, "type": "created"}]}}, {"tips": {"count": 0}, "contact": {"facebook": "628150512"}, "firstName": "Dennis", "gender": "male", "lastName": "Chan", "id": "3356800", "bio": "", "photo": {"prefix": "https://igx.4sqi.net/img/user/", "suffix": "/DTPX34IZK343F3SE.jpg"}, "homeCity": "Singapore", "lists": {"groups": [{"items": [], "count": 2, "type": "created"}]}}, {"tips": {"count": 2}, "contact": {"twitter": "shanefaustus", "facebook": "702403035"}, "firstName": "Shane", "gender": "male", "lastName": "Lau", "id": "4061552", "bio": "", "photo": {"prefix": "https://igx.4sqi.net/img/user/", "suffix": "/WU4DF0DXIUL3X01Z.jpg"}, "homeCity": "Singapore", "lists": {"groups": [{"items": [], "count": 2, "type": "created"}]}}, {"tips": {"count": 2}, "contact": {"twitter": "lippyonyrcollar"}, "firstName": "Lynette", "gender": "female", "lastName": "Kang", "id": "1721786", "bio": "", "photo": {"prefix": "https://igx.4sqi.net/img/user/", "suffix": "/4ZC15HJLSDNBS3XG.jpg"}, "homeCity": "Melbourne, Australia", "lists": {"groups": [{"items": [], "count": 2, "type": "created"}]}}, {"tips": {"count": 0}, "contact": {"twitter": "gnimoad", "facebook": "662541019"}, "firstName": "David", "gender": "male", "lastName": "Lee", "id": "3431321", "bio": "", "photo": {"prefix": "https://igx.4sqi.net/img/user/", "suffix": "/BPJPZLFYUWVW23GL.jpg"}, "homeCity": "Singapore", "lists": {"groups": [{"items": [], "count": 2, "type": "created"}]}}, {"tips": {"count": 0}, "contact": {"facebook": "644255019"}, "firstName": "Aaron", "gender": "male", "lastName": "Teo", "id": "6311347", "bio": "", "photo": {"prefix": "https://igx.4sqi.net/img/user/", "suffix": "/blank_boy.png", "default": true}, "homeCity": "Singapore", "lists": {"groups": [{"items": [], "count": 2, "type": "created"}]}}, {"tips": {"count": 0}, "contact": {"facebook": "100001033081705"}, "firstName": "Jasmine", "gender": "female", "lastName": "Lim", "id": "14635574", "bio": "", "photo": {"prefix": "https://igx.4sqi.net/img/user/", "suffix": "/ZAKNPD2F44IY1GTQ.jpg"}, "homeCity": "Singapore", "lists": {"groups": [{"items": [], "count": 2, "type": "created"}]}}, {"tips": {"count": 5}, "contact": {}, "firstName": "Xek", "gender": "male", "lastName": "Ng", "id": "5898469", "bio": "", "photo": {"prefix": "https://igx.4sqi.net/img/user/", "suffix": "/ETY0GAP4UIRKFYRF.jpg"}, "homeCity": "Singapore", "lists": {"groups": [{"items": [], "count": 2, "type": "created"}]}}, {"tips": {"count": 1}, "contact": {"twitter": "gabe_aloysius", "facebook": "627545718"}, "firstName": "Gabriel", "gender": "male", "lastName": "Pang", "id": "3588384", "bio": "", "photo": {"prefix": "https://igx.4sqi.net/img/user/", "suffix": "/WCGBA5M43MR5V2K5.jpg"}, "homeCity": "Singapore", "lists": {"groups": [{"items": [], "count": 2, "type": "created"}]}}, {"tips": {"count": 0}, "contact": {"twitter": "loeydrz", "facebook": "785572834"}, "firstName": "Wilson", "gender": "male", "lastName": "Loey", "id": "4066273", "bio": "", "photo": {"prefix": "https://igx.4sqi.net/img/user/", "suffix": "/IUYJ3WYZX0IGHYJW.jpg"}, "homeCity": "Singapore", "lists": {"groups": [{"items": [], "count": 2, "type": "created"}]}}, {"tips": {"count": 0}, "contact": {"facebook": "672180952"}, "firstName": "Marcus", "gender": "male", "lastName": "Lim", "id": "1724175", "bio": "", "photo": {"prefix": "https://igx.4sqi.net/img/user/", "suffix": "/blank_boy.png", "default": true}, "homeCity": "Hougang, Singapore", "lists": {"groups": [{"items": [], "count": 2, "type": "created"}]}}, {"tips": {"count": 0}, "contact": {}, "firstName": "Rs", "gender": "female", "lastName": "H.", "id": "3672238", "bio": "", "photo": {"prefix": "https://igx.4sqi.net/img/user/", "suffix": "/3672238-CGZPJLHR1QJVQWNR"}, "homeCity": "Singapore", "lists": {"groups": [{"items": [], "count": 2, "type": "created"}]}}, {"tips": {"count": 0}, "contact": {"twitter": "leechiaying", "facebook": "862285596"}, "firstName": "Tiffany Chia Ying", "gender": "female", "lastName": "Lee", "id": "6894082", "bio": "Bubbly , way too bubbly ^.^", "photo": {"prefix": "https://igx.4sqi.net/img/user/", "suffix": "/BCXRUFEI0J232LGS.jpg"}, "homeCity": "Singapore", "lists": {"groups": [{"items": [], "count": 2, "type": "created"}]}}, {"tips": {"count": 0}, "contact": {"twitter": "jason_885", "facebook": "632723011"}, "firstName": "Jason", "gender": "male", "lastName": "Tay", "id": "5946115", "bio": "", "photo": {"prefix": "https://igx.4sqi.net/img/user/", "suffix": "/blank_boy.png", "default": true}, "homeCity": "Singapore", "lists": {"groups": [{"items": [], "count": 2, "type": "created"}]}}, {"tips": {"count": 0}, "contact": {}, "firstName": "JunHong", "gender": "male", "lastName": "Lee", "id": "3589899", "bio": "", "photo": {"prefix": "https://igx.4sqi.net/img/user/", "suffix": "/OOL14K510UJHGMJS.jpg"}, "homeCity": "Singapore", "lists": {"groups": [{"items": [], "count": 2, "type": "created"}]}}, {"tips": {"count": 1}, "contact": {"twitter": "dnieces"}, "firstName": "De", "gender": "female", "lastName": "Nice", "id": "4825165", "bio": "", "photo": {"prefix": "https://igx.4sqi.net/img/user/", "suffix": "/KJOOXEMS24E5V5JZ.jpg"}, "homeCity": "Singapore", "lists": {"groups": [{"items": [], "count": 2, "type": "created"}]}}, {"tips": {"count": 0}, "contact": {"facebook": "608442211"}, "firstName": "Liu", "gender": "male", "lastName": "YiQiang", "id": "1814435", "bio": "", "photo": {"prefix": "https://igx.4sqi.net/img/user/", "suffix": "/KQK2WZFGYGNKT4E2.jpg"}, "homeCity": "Singapore", "lists": {"groups": [{"items": [], "count": 2, "type": "created"}]}}, {"tips": {"count": 0}, "contact": {"twitter": "chuanking"}, "firstName": "Ho", "gender": "male", "lastName": "Siu chuan", "id": "3965389", "bio": "", "photo": {"prefix": "https://irs0.4sqi.net/img/user/", "suffix": "/MQJUADBJC2A1OJ4U.jpg"}, "homeCity": "Singapore", "lists": {"groups": [{"items": [], "count": 2, "type": "created"}]}}, {"tips": {"count": 0}, "contact": {"twitter": "tootsycherie", "facebook": "511080826"}, "firstName": "Cherie", "gender": "female", "lastName": "Tan", "id": "12418388", "bio": "", "photo": {"prefix": "https://igx.4sqi.net/img/user/", "suffix": "/ZFIICMHQ2S04PXUG.jpg"}, "homeCity": "Aubin Grove, Australia", "lists": {"groups": [{"items": [], "count": 2, "type": "created"}]}}, {"tips": {"count": 0}, "contact": {"facebook": "720797223"}, "firstName": "Sin Yen", "gender": "female", "lastName": "Ngan", "id": "6032485", "bio": "", "photo": {"prefix": "https://igx.4sqi.net/img/user/", "suffix": "/blank_girl.png", "default": true}, "homeCity": "Singapore", "lists": {"groups": [{"items": [], "count": 2, "type": "created"}]}}, {"tips": {"count": 2}, "contact": {}, "firstName": "Terrence", "gender": "male", "lastName": "Yong", "id": "3960981", "bio": "", "photo": {"prefix": "https://igx.4sqi.net/img/user/", "suffix": "/YCXZWY0HZZ3B5WYT.jpg"}, "homeCity": "Singapore", "lists": {"groups": [{"items": [], "count": 4, "type": "created"}]}}, {"tips": {"count": 0}, "contact": {"twitter": "lorinna", "facebook": "753948480"}, "firstName": "Lorinna", "gender": "female", "lastName": "Loh", "id": "2405725", "bio": "", "photo": {"prefix": "https://igx.4sqi.net/img/user/", "suffix": "/QMA3DGZAWGOGTMUJ.jpg"}, "homeCity": "Singapore", "lists": {"groups": [{"items": [], "count": 2, "type": "created"}]}}, {"tips": {"count": 0}, "contact": {"facebook": "706318934"}, "firstName": "JuLie", "gender": "female", "lastName": "AndherDreamz", "id": "4121711", "bio": "", "photo": {"prefix": "https://igx.4sqi.net/img/user/", "suffix": "/blank_girl.png", "default": true}, "homeCity": "Singapore", "lists": {"groups": [{"items": [], "count": 2, "type": "created"}]}}, {"tips": {"count": 0}, "contact": {"twitter": "skfaiiaf", "facebook": "563927296"}, "firstName": "Sirada", "gender": "female", "lastName": "Kurujitkosol", "id": "12687817", "bio": "", "photo": {"prefix": "https://igx.4sqi.net/img/user/", "suffix": "/1H1I0ZEA0LRGHGUY.jpg"}, "homeCity": "Singapore", "lists": {"groups": [{"items": [], "count": 2, "type": "created"}]}}, {"tips": {"count": 2}, "contact": {}, "firstName": "Andy", "gender": "male", "lastName": "Mok", "id": "11187883", "bio": "", "photo": {"prefix": "https://igx.4sqi.net/img/user/", "suffix": "/DISLXDHXF4HDDIY4.jpg"}, "homeCity": "New York, NY", "lists": {"groups": [{"items": [], "count": 2, "type": "created"}]}}, {"tips": {"count": 0}, "contact": {"twitter": "lctismine", "facebook": "708576087"}, "firstName": "Kaixin", "gender": "female", "lastName": "See", "id": "4532757", "bio": "", "photo": {"prefix": "https://igx.4sqi.net/img/user/", "suffix": "/5XEZXU2AEXMSIHBC.jpg"}, "homeCity": "Unnamed Location", "lists": {"groups": [{"items": [], "count": 2, "type": "created"}]}}, {"tips": {"count": 3}, "contact": {"twitter": "jimathans", "facebook": "631095277"}, "firstName": "Jim", "gender": "male", "lastName": "!", "id": "2780606", "bio": "", "photo": {"prefix": "https://igx.4sqi.net/img/user/", "suffix": "/122ISQD2TOQ20FWU.jpg"}, "homeCity": "Singapore", "lists": {"groups": [{"items": [], "count": 2, "type": "created"}]}}, {"tips": {"count": 0}, "contact": {"twitter": "multiplications"}, "firstName": "Jason", "gender": "male", "lastName": "Feng", "id": "4139928", "bio": "", "photo": {"prefix": "https://igx.4sqi.net/img/user/", "suffix": "/TVBLAYEE2UU2ESGR.jpg"}, "homeCity": "Singapore", "lists": {"groups": [{"items": [], "count": 2, "type": "created"}]}}, {"tips": {"count": 0}, "contact": {}, "firstName": "Elaine", "gender": "female", "lastName": "Ng", "id": "4534417", "bio": "", "photo": {"prefix": "https://igx.4sqi.net/img/user/", "suffix": "/EIVVKFRGSBA1BNLJ.jpg"}, "homeCity": "Singapore", "lists": {"groups": [{"items": [], "count": 2, "type": "created"}]}}, {"tips": {"count": 0}, "contact": {}, "firstName": "Qihao", "gender": "male", "lastName": "Shum", "id": "2976785", "bio": "", "photo": {"prefix": "https://igx.4sqi.net/img/user/", "suffix": "/EP25FFCBL12XHWNL.jpg"}, "homeCity": "Singapore", "lists": {"groups": [{"items": [], "count": 2, "type": "created"}]}}, {"tips": {"count": 1}, "contact": {}, "firstName": "Junqian", "gender": "male", "id": "4498205", "bio": "", "photo": {"prefix": "https://igx.4sqi.net/img/user/", "suffix": "/HF0KBYN1U315WSBC.jpg"}, "homeCity": "Singapore", "lists": {"groups": [{"items": [], "count": 2, "type": "created"}]}}, {"tips": {"count": 1}, "contact": {"twitter": "leyyee"}, "firstName": "Ley", "gender": "female", "lastName": "Yee", "id": "4652909", "bio": "", "photo": {"prefix": "https://igx.4sqi.net/img/user/", "suffix": "/LIMVL454PP21JEM3.jpg"}, "homeCity": "Singapore", "lists": {"groups": [{"items": [], "count": 2, "type": "created"}]}}, {"tips": {"count": 1}, "contact": {"twitter": "skytm", "facebook": "785632976"}, "firstName": "Sky", "gender": "male", "id": "3104647", "bio": "", "photo": {"prefix": "https://igx.4sqi.net/img/user/", "suffix": "/3104647-BUSD1RQVO1VQAC0M.jpg"}, "homeCity": "Singapore", "lists": {"groups": [{"items": [], "count": 2, "type": "created"}]}}, {"tips": {"count": 1}, "contact": {}, "firstName": "Ee Ling", "gender": "female", "lastName": "Kwek", "id": "4753697", "bio": "", "photo": {"prefix": "https://igx.4sqi.net/img/user/", "suffix": "/ZOTE4USSBTLIR101.jpg"}, "homeCity": "Merimbula, Australia", "lists": {"groups": [{"items": [], "count": 2, "type": "created"}]}}, {"tips": {"count": 1}, "contact": {"facebook": "658336306"}, "firstName": "Joelle", "gender": "female", "lastName": "Heng", "id": "4978153", "bio": "", "photo": {"prefix": "https://igx.4sqi.net/img/user/", "suffix": "/OQCGB2VZ2W1BVUEQ.jpg"}, "homeCity": "Singapore", "lists": {"groups": [{"items": [], "count": 2, "type": "created"}]}}, {"tips": {"count": 0}, "contact": {"facebook": "786054407"}, "firstName": "Cliffy", "gender": "male", "lastName": "Ooi", "id": "3188348", "bio": "", "photo": {"prefix": "https://igx.4sqi.net/img/user/", "suffix": "/KSQL2NESC5GAFZCN.jpg"}, "homeCity": "Singapore", "lists": {"groups": [{"items": [], "count": 2, "type": "created"}]}}, {"tips": {"count": 0}, "contact": {}, "firstName": "Ivy", "gender": "female", "lastName": "Soh", "id": "4771122", "bio": "", "photo": {"prefix": "https://igx.4sqi.net/img/user/", "suffix": "/CECL5U42O0M52VW0.jpg"}, "homeCity": "Singapore", "lists": {"groups": [{"items": [], "count": 2, "type": "created"}]}}, {"tips": {"count": 0}, "contact": {"facebook": "732129782"}, "firstName": "Lui", "gender": "female", "lastName": "Aileen", "id": "4996525", "bio": "", "photo": {"prefix": "https://igx.4sqi.net/img/user/", "suffix": "/blank_girl.png", "default": true}, "homeCity": "Singapore", "lists": {"groups": [{"items": [], "count": 2, "type": "created"}]}}, {"tips": {"count": 0}, "contact": {"facebook": "622036359"}, "firstName": "Eleanor", "gender": "female", "lastName": "Jiaqun", "id": "3222034", "bio": "", "photo": {"prefix": "https://igx.4sqi.net/img/user/", "suffix": "/1WQRA34LPTLFDI1F.jpg"}, "homeCity": "Singapore", "lists": {"groups": [{"items": [], "count": 2, "type": "created"}]}}, {"tips": {"count": 2}, "contact": {}, "firstName": "May", "gender": "female", "lastName": "Cheong", "id": "5527044", "bio": "", "photo": {"prefix": "https://igx.4sqi.net/img/user/", "suffix": "/3RCE3T3KCD5BAKP5.jpg"}, "homeCity": "Singapore", "lists": {"groups": [{"items": [], "count": 2, "type": "created"}]}}, {"tips": {"count": 0}, "contact": {}, "firstName": "CK", "gender": "none", "id": "5054768", "bio": "", "photo": {"prefix": "https://igx.4sqi.net/img/user/", "suffix": "/WOZ1MLA3AOBKFBIK.jpg"}, "homeCity": "Kota Damansara , Malaysia", "lists": {"groups": [{"items": [], "count": 2, "type": "created"}]}}, {"tips": {"count": 0}, "contact": {"facebook": "680108092"}, "firstName": "Tee", "gender": "male", "lastName": "Jonathan", "id": "3472097", "bio": "", "photo": {"prefix": "https://igx.4sqi.net/img/user/", "suffix": "/blank_boy.png", "default": true}, "homeCity": "Singapore", "lists": {"groups": [{"items": [], "count": 2, "type": "created"}]}}, {"tips": {"count": 2}, "contact": {}, "firstName": "Gwen", "gender": "female", "lastName": "Goh", "id": "6657097", "bio": "", "photo": {"prefix": "https://igx.4sqi.net/img/user/", "suffix": "/QQEQKYAGHZGGFTH3.jpg"}, "homeCity": "Singapore", "lists": {"groups": [{"items": [], "count": 2, "type": "created"}]}}, {"tips": {"count": 0}, "contact": {"facebook": "535500658"}, "firstName": "Nicole", "gender": "female", "lastName": "Tham", "id": "5325017", "bio": "", "photo": {"prefix": "https://igx.4sqi.net/img/user/", "suffix": "/blank_girl.png", "default": true}, "homeCity": "Singapore", "lists": {"groups": [{"items": [], "count": 2, "type": "created"}]}}, {"tips": {"count": 1}, "contact": {"facebook": "545316204"}, "firstName": "Zhijian", "gender": "male", "lastName": "Tan", "id": "3472646", "bio": "", "photo": {"prefix": "https://igx.4sqi.net/img/user/", "suffix": "/LW1Z34I5QS1ZEHAH.jpg"}, "homeCity": "Singapore", "lists": {"groups": [{"items": [], "count": 2, "type": "created"}]}}, {"tips": {"count": 1}, "contact": {"twitter": "jonathantheo", "facebook": "661159257"}, "firstName": "Jonathan", "gender": "male", "lastName": "Theo", "id": "8459118", "bio": "", "photo": {"prefix": "https://igx.4sqi.net/img/user/", "suffix": "/blank_boy.png", "default": true}, "homeCity": "Singapore", "lists": {"groups": [{"items": [], "count": 2, "type": "created"}]}}, {"tips": {"count": 2}, "contact": {}, "firstName": "Lishy", "gender": "female", "id": "3762975", "bio": "", "photo": {"prefix": "https://igx.4sqi.net/img/user/", "suffix": "/G4BW0SSGZWU1M15P.jpg"}, "homeCity": "Singapore", "lists": {"groups": [{"items": [], "count": 2, "type": "created"}]}}, {"tips": {"count": 5}, "contact": {"facebook": "679300477"}, "firstName": "Sam", "gender": "male", "lastName": "Tan", "id": "3977587", "bio": "", "photo": {"prefix": "https://igx.4sqi.net/img/user/", "suffix": "/MTMPPIB5KPTHZHAV.jpg"}, "homeCity": "Singapore", "lists": {"groups": [{"items": [], "count": 2, "type": "created"}]}}, {"tips": {"count": 26}, "contact": {"twitter": "yourmotherugly"}, "firstName": "\u2726Sandy", "gender": "female", "id": "4487855", "bio": "Chinese/Thai", "photo": {"prefix": "https://igx.4sqi.net/img/user/", "suffix": "/4487855-XF3T0SKRDLMBM00Z.jpg"}, "homeCity": "Singapore", "lists": {"groups": [{"items": [], "count": 2, "type": "created"}]}}, {"tips": {"count": 69}, "contact": {"facebook": "664260875"}, "firstName": "Vanessa", "gender": "female", "lastName": "Quek", "id": "6020569", "bio": "", "photo": {"prefix": "https://igx.4sqi.net/img/user/", "suffix": "/6020569-H2XC5XSPG2NSAWRT.jpg"}, "homeCity": "Singapore", "lists": {"groups": [{"items": [], "count": 3, "type": "created"}]}}, {"tips": {"count": 0}, "contact": {}, "firstName": "Christina", "gender": "female", "lastName": "Pang", "id": "6067230", "bio": "", "photo": {"prefix": "https://igx.4sqi.net/img/user/", "suffix": "/H3XJM1EYTVWZIXDL.jpg"}, "homeCity": "Singapore", "lists": {"groups": [{"items": [], "count": 2, "type": "created"}]}}, {"tips": {"count": 0}, "contact": {}, "firstName": "Aloysius", "gender": "male", "lastName": "Ann", "id": "6125402", "bio": "", "photo": {"prefix": "https://igx.4sqi.net/img/user/", "suffix": "/blank_boy.png", "default": true}, "homeCity": "Singapore", "lists": {"groups": [{"items": [], "count": 2, "type": "created"}]}}, {"tips": {"count": 0}, "contact": {"facebook": "592818630"}, "firstName": "Jose", "gender": "male", "lastName": "Tan", "id": "7316191", "bio": "", "photo": {"prefix": "https://igx.4sqi.net/img/user/", "suffix": "/EMLVBI1AGBKC52FS.jpg"}, "homeCity": "Singapore", "lists": {"groups": [{"items": [], "count": 2, "type": "created"}]}}, {"tips": {"count": 0}, "contact": {}, "firstName": "Asvind", "gender": "male", "lastName": "Alejandro", "id": "7320814", "bio": "", "photo": {"prefix": "https://igx.4sqi.net/img/user/", "suffix": "/S51U4UOEJ1JAA21A.jpg"}, "homeCity": "Singapore", "lists": {"groups": [{"items": [], "count": 2, "type": "created"}]}}, {"tips": {"count": 0}, "contact": {"twitter": "darrennnnn"}, "firstName": "Darren", "gender": "male", "lastName": "Cheh", "id": "10563922", "bio": "", "photo": {"prefix": "https://igx.4sqi.net/img/user/", "suffix": "/3FZZXTI5FCNAP0TL.jpg"}, "homeCity": "Singapore", "lists": {"groups": [{"items": [], "count": 2, "type": "created"}]}}, {"tips": {"count": 0}, "contact": {"facebook": "632815992"}, "firstName": "Deon", "gender": "female", "lastName": "Choo", "id": "24642840", "bio": "", "photo": {"prefix": "https://igx.4sqi.net/img/user/", "suffix": "/KDKSDFVEPU4RLLQU.jpg"}, "homeCity": "Singapore", "lists": {"groups": [{"items": [], "count": 2, "type": "created"}]}}], "count": 135}, "checksum": "6c5f58799e2af2fe3d5c5714dcc99dc230b5d47d"}, "meta": {"requestId": "5965b965f594df3c25138228", "code": 200}}