{"notifications": [{"type": "notificationTray", "item": {"unreadCount": 0}}], "meta": {"requestId": "5966ccd5f594df22017a3001", "code": 200}, "response": {"friends": {"count": 66, "items": [{"id": "4329575", "photo": {"prefix": "https://igx.4sqi.net/img/user/", "suffix": "/INKVMY50QIV5FZ05.jpg"}, "homeCity": "Singapore", "contact": {"twitter": "haziq_tyler"}, "firstName": "Haziq", "tips": {"count": 1}, "gender": "male", "lastName": "Tyler", "lists": {"groups": [{"count": 2, "type": "created", "items": []}]}, "bio": ""}, {"id": "6729050", "photo": {"prefix": "https://igx.4sqi.net/img/user/", "suffix": "/UHJRHC5XP2HHFZ4M.jpg"}, "homeCity": "New York, NY", "contact": {}, "firstName": "Boi", "tips": {"count": 0}, "gender": "male", "lastName": "B", "lists": {"groups": [{"count": 2, "type": "created", "items": []}]}, "bio": ""}, {"id": "4389079", "photo": {"prefix": "https://igx.4sqi.net/img/user/", "suffix": "/TMLUSDIPEIWM4TYJ.jpg"}, "homeCity": "Singapore", "contact": {}, "firstName": "Antoinette", "tips": {"count": 3}, "gender": "female", "lists": {"groups": [{"count": 2, "type": "created", "items": []}]}, "bio": ""}, {"id": "4268529", "photo": {"prefix": "https://igx.4sqi.net/img/user/", "suffix": "/NDI4YUDOOVKAJ4FA.jpg"}, "homeCity": "Singapore", "contact": {"facebook": "531492464", "twitter": "flintstonetjang"}, "firstName": "Daniel", "tips": {"count": 1}, "gender": "male", "lastName": "Tjang", "lists": {"groups": [{"count": 2, "type": "created", "items": []}]}, "bio": ""}, {"id": "5554849", "photo": {"prefix": "https://igx.4sqi.net/img/user/", "suffix": "/NAX2EIWKUU22EJYL.jpg"}, "homeCity": "New York, NY", "contact": {"facebook": "100000429827515", "twitter": "eeen_aeen"}, "firstName": "een", "tips": {"count": 0}, "gender": "male", "lastName": "suarez", "lists": {"groups": [{"count": 2, "type": "created", "items": []}]}, "bio": ""}, {"id": "2743355", "photo": {"prefix": "https://igx.4sqi.net/img/user/", "suffix": "/QVKAACAYWVSLWOYY.jpg"}, "homeCity": "New York, NY", "contact": {"twitter": "julpolim"}, "firstName": "Julius", "tips": {"count": 1}, "gender": "male", "lastName": "Polim", "lists": {"groups": [{"count": 2, "type": "created", "items": []}]}, "bio": ""}, {"id": "656637", "photo": {"prefix": "https://igx.4sqi.net/img/user/", "suffix": "/MB04H2M0VD2HXQEN.jpg"}, "homeCity": "Singapore", "contact": {"facebook": "1515640820"}, "firstName": "Farlyanna", "tips": {"count": 0}, "gender": "female", "lastName": "Mohd Nor", "lists": {"groups": [{"count": 2, "type": "created", "items": []}]}, "bio": ""}, {"id": "2887202", "photo": {"prefix": "https://igx.4sqi.net/img/user/", "suffix": "/2IOXPSNJM43D1SSI.jpg"}, "homeCity": "Singapore", "contact": {"facebook": "517448297"}, "firstName": "Hana", "tips": {"count": 0}, "gender": "female", "lastName": "Alesana", "lists": {"groups": [{"count": 2, "type": "created", "items": []}]}, "bio": ""}, {"id": "5037349", "photo": {"prefix": "https://igx.4sqi.net/img/user/", "suffix": "/L21EDFHDOWBPYL0J.jpg"}, "homeCity": "Singapore", "contact": {}, "firstName": "Aaron", "tips": {"count": 1}, "gender": "male", "lastName": "Ng", "lists": {"groups": [{"count": 2, "type": "created", "items": []}]}, "bio": ""}, {"id": "2987660", "photo": {"prefix": "https://igx.4sqi.net/img/user/", "suffix": "/XMXFITYVUBYTJTWT.jpg"}, "homeCity": "Singapore", "contact": {"facebook": "752253499"}, "firstName": "Eqa", "tips": {"count": 0}, "gender": "female", "lastName": "Lee", "lists": {"groups": [{"count": 2, "type": "created", "items": []}]}, "bio": ""}, {"id": "4943829", "photo": {"prefix": "https://igx.4sqi.net/img/user/", "suffix": "/2ZXMZ3Q4QMJEK5JP.jpg"}, "homeCity": "Singapore", "contact": {"facebook": "647855850", "twitter": "hazelsim"}, "firstName": "Hazel", "tips": {"count": 0}, "gender": "none", "lastName": "Sim", "lists": {"groups": [{"count": 2, "type": "created", "items": []}]}, "bio": ""}, {"id": "4221240", "photo": {"prefix": "https://igx.4sqi.net/img/user/", "suffix": "/GFF5PFLZBGTJVD3W.jpg"}, "homeCity": "Singapore", "contact": {}, "firstName": "Nurulhuda", "tips": {"count": 0}, "gender": "female", "lastName": "Ahmad", "lists": {"groups": [{"count": 2, "type": "created", "items": []}]}, "bio": ""}, {"id": "1440142", "photo": {"prefix": "https://igx.4sqi.net/img/user/", "suffix": "/YQOSMHCWEAVSW0E4.jpg"}, "homeCity": "Serangoon, Singapore", "contact": {"facebook": "661657100", "twitter": "saurahsayuti"}, "firstName": "Saurah", "tips": {"count": 2}, "gender": "female", "lastName": "Sayuti", "lists": {"groups": [{"count": 2, "type": "created", "items": []}]}, "bio": ""}, {"id": "3210227", "photo": {"prefix": "https://igx.4sqi.net/img/user/", "suffix": "/YCHEBWPQ4ICPAI1I.jpg"}, "homeCity": "Johor bahru", "contact": {"facebook": "1361649815"}, "firstName": "Queen", "tips": {"count": 1}, "gender": "female", "lastName": "Ryani", "lists": {"groups": [{"count": 2, "type": "created", "items": []}]}, "bio": ""}, {"id": "4967509", "photo": {"prefix": "https://igx.4sqi.net/img/user/", "suffix": "/CIA2TQIJMUCYWZKI.jpg"}, "homeCity": "Singapore", "contact": {}, "firstName": "An'nadya", "tips": {"count": 0}, "gender": "female", "lastName": "An'nahari", "lists": {"groups": [{"count": 2, "type": "created", "items": []}]}, "bio": ""}, {"id": "4342372", "photo": {"prefix": "https://igx.4sqi.net/img/user/", "suffix": "/0D3OZHUKCPMLLSIB.jpg"}, "homeCity": "New York, NY", "contact": {}, "firstName": "Md", "tips": {"count": 0}, "gender": "male", "lastName": "Asnor", "lists": {"groups": [{"count": 2, "type": "created", "items": []}]}, "bio": ""}, {"id": "7079135", "photo": {"prefix": "https://igx.4sqi.net/img/user/", "default": true, "suffix": "/blank_girl.png"}, "homeCity": "Geelong, Australia", "contact": {}, "firstName": "Sandhya", "tips": {"count": 0}, "gender": "female", "lastName": "Limbu", "lists": {"groups": [{"count": 2, "type": "created", "items": []}]}, "bio": ""}, {"id": "6461521", "photo": {"prefix": "https://igx.4sqi.net/img/user/", "suffix": "/EIAXSJ4FPVO3XTP1.jpg"}, "homeCity": "Singapore", "contact": {"facebook": "717283465"}, "firstName": "Mohamed", "tips": {"count": 0}, "gender": "male", "lastName": "Razeen", "lists": {"groups": [{"count": 2, "type": "created", "items": []}]}, "bio": ""}, {"id": "5756643", "photo": {"prefix": "https://igx.4sqi.net/img/user/", "suffix": "/WPMG322LET4JRBLY.jpg"}, "homeCity": "Singapore", "contact": {}, "firstName": "Jose Carlos", "tips": {"count": 0}, "gender": "male", "lastName": "Roque", "lists": {"groups": [{"count": 2, "type": "created", "items": []}]}, "bio": ""}, {"id": "3578538", "photo": {"prefix": "https://igx.4sqi.net/img/user/", "suffix": "/QI2OPMLFPXB1PFZG.jpg"}, "homeCity": "Singapore", "contact": {"facebook": "670544386"}, "firstName": "Abdul", "tips": {"count": 1}, "gender": "male", "lastName": "Rahim", "lists": {"groups": [{"count": 2, "type": "created", "items": []}]}, "bio": ""}, {"id": "4023982", "photo": {"prefix": "https://igx.4sqi.net/img/user/", "default": true, "suffix": "/blank_girl.png"}, "homeCity": "Singapore", "contact": {"facebook": "567082714"}, "firstName": "Chong", "tips": {"count": 0}, "gender": "female", "lastName": "Ai Ling", "lists": {"groups": [{"count": 2, "type": "created", "items": []}]}, "bio": ""}, {"id": "3528821", "photo": {"prefix": "https://igx.4sqi.net/img/user/", "suffix": "/SGVXLCE4MQ4GTQHZ.jpg"}, "homeCity": "Singapore", "contact": {}, "firstName": "Aliah", "tips": {"count": 1}, "gender": "female", "lastName": "Ishak", "lists": {"groups": [{"count": 2, "type": "created", "items": []}]}, "bio": ""}, {"id": "5357338", "photo": {"prefix": "https://igx.4sqi.net/img/user/", "suffix": "/2ZD3OSPBF3KDIERX.jpg"}, "homeCity": "Singapore", "contact": {}, "firstName": "Catherine", "tips": {"count": 0}, "gender": "none", "lastName": "Goh", "lists": {"groups": [{"count": 2, "type": "created", "items": []}]}, "bio": ""}, {"id": "4794734", "photo": {"prefix": "https://igx.4sqi.net/img/user/", "suffix": "/KHB2P32IMYUQZA5Q.jpg"}, "homeCity": "Singapore", "contact": {}, "firstName": "Meng", "tips": {"count": 0}, "gender": "female", "lastName": "Chen", "lists": {"groups": [{"count": 2, "type": "created", "items": []}]}, "bio": ""}, {"id": "5419269", "photo": {"prefix": "https://igx.4sqi.net/img/user/", "suffix": "/4RQKSEKEJSVWWVXZ.jpg"}, "homeCity": "Singapore", "contact": {}, "firstName": "Jackie mary lynne", "tips": {"count": 0}, "gender": "female", "lastName": "Tenchavez", "lists": {"groups": [{"count": 2, "type": "created", "items": []}]}, "bio": ""}, {"id": "4402549", "photo": {"prefix": "https://igx.4sqi.net/img/user/", "suffix": "/0C4FDCSTAN3O4WKH.jpg"}, "homeCity": "Singapore", "contact": {"facebook": "547343747", "twitter": "amirahamran"}, "firstName": "mira", "tips": {"count": 0}, "gender": "female", "lastName": "mira", "lists": {"groups": [{"count": 2, "type": "created", "items": []}]}, "bio": ""}, {"id": "1459578", "photo": {"prefix": "https://igx.4sqi.net/img/user/", "suffix": "/MMAKR5HUT1ZOKBNH.jpg"}, "homeCity": "Singapore", "contact": {"facebook": "100002851200691", "twitter": "vhoneypancake"}, "firstName": "Vanessa", "tips": {"count": 2}, "gender": "female", "lastName": "Chan", "lists": {"groups": [{"count": 2, "type": "created", "items": []}]}, "bio": ""}, {"id": "3262568", "photo": {"prefix": "https://igx.4sqi.net/img/user/", "suffix": "/3EYLHUYLYNWDUELA.jpg"}, "homeCity": "Singapore", "contact": {"facebook": "1172744076", "twitter": "scarletdreams_"}, "firstName": "Eunice Natalie", "tips": {"count": 0}, "gender": "female", "lastName": "Wee", "lists": {"groups": [{"count": 2, "type": "created", "items": []}]}, "bio": ""}, {"id": "4351995", "photo": {"prefix": "https://igx.4sqi.net/img/user/", "suffix": "/00YNHHG23DCSHDU2.jpg"}, "homeCity": "Singapore", "contact": {"facebook": "100001711981493"}, "firstName": "Apul", "tips": {"count": 0}, "gender": "male", "lastName": "Stoner", "lists": {"groups": [{"count": 2, "type": "created", "items": []}]}, "bio": ""}, {"id": "7405970", "photo": {"prefix": "https://igx.4sqi.net/img/user/", "default": true, "suffix": "/blank_boy.png"}, "homeCity": "Singapore", "contact": {"facebook": "607279101"}, "firstName": "Dingboon", "tips": {"count": 0}, "gender": "male", "lastName": "Ong", "lists": {"groups": [{"count": 2, "type": "created", "items": []}]}, "bio": ""}, {"id": "5784544", "photo": {"prefix": "https://igx.4sqi.net/img/user/", "suffix": "/DCVSTDX4JBD0JEDW.jpg"}, "homeCity": "Singapore", "contact": {"facebook": "100001571441082"}, "firstName": "YAS", "tips": {"count": 5}, "gender": "male", "lists": {"groups": [{"count": 2, "type": "created", "items": []}]}, "bio": ""}, {"id": "4978354", "photo": {"prefix": "https://igx.4sqi.net/img/user/", "suffix": "/LQ2B3AG1XGJEDHBA.jpg"}, "homeCity": "Singapore", "contact": {"facebook": "100000047758756"}, "firstName": "Huslan", "tips": {"count": 0}, "gender": "male", "lastName": "Mohd", "lists": {"groups": [{"count": 2, "type": "created", "items": []}]}, "bio": ""}, {"id": "4577152", "photo": {"prefix": "https://igx.4sqi.net/img/user/", "suffix": "/VDCYG2CLR4HAWHK4.jpg"}, "homeCity": "Singapore", "contact": {"facebook": "1137216918"}, "firstName": "Noraleen", "tips": {"count": 1}, "gender": "female", "lastName": "Sanjose", "lists": {"groups": [{"count": 2, "type": "created", "items": []}]}, "bio": ""}, {"id": "3533329", "photo": {"prefix": "https://igx.4sqi.net/img/user/", "suffix": "/WAURIZ1HA4CJ5NED.jpg"}, "homeCity": "Singapore", "contact": {"facebook": "633303269"}, "firstName": "zhong", "tips": {"count": 0}, "gender": "female", "lastName": "yarui", "lists": {"groups": [{"count": 2, "type": "created", "items": []}]}, "bio": ""}, {"id": "5110854", "photo": {"prefix": "https://igx.4sqi.net/img/user/", "suffix": "/ZAU5EJ2XEUO0CFIO.jpg"}, "homeCity": "New York, NY", "contact": {}, "firstName": "Yvonne", "tips": {"count": 0}, "gender": "female", "lastName": "Chua", "lists": {"groups": [{"count": 2, "type": "created", "items": []}]}, "bio": ""}, {"id": "1637974", "photo": {"prefix": "https://igx.4sqi.net/img/user/", "suffix": "/A40UK0VDJOW1MKKW.jpg"}, "homeCity": "Singapore", "contact": {"facebook": "1058599104"}, "firstName": "Asraf", "tips": {"count": 6}, "gender": "male", "lastName": "Muhammad", "lists": {"groups": [{"count": 2, "type": "created", "items": []}]}, "bio": ""}, {"id": "3384168", "photo": {"prefix": "https://igx.4sqi.net/img/user/", "suffix": "/I20CFVQEA2YQCUR1.jpg"}, "homeCity": "Singapore", "contact": {"facebook": "1476708423", "twitter": "neeyeaa"}, "firstName": "Nia", "tips": {"count": 0}, "gender": "female", "lastName": "Saneeyah", "lists": {"groups": [{"count": 2, "type": "created", "items": []}]}, "bio": ""}, {"id": "4364138", "photo": {"prefix": "https://igx.4sqi.net/img/user/", "suffix": "/GEINNPQ3QZSA3P0Q.jpg"}, "homeCity": "Singapore", "contact": {"facebook": "610348451"}, "firstName": "Erdiah", "tips": {"count": 0}, "gender": "female", "lastName": "Samad", "lists": {"groups": [{"count": 2, "type": "created", "items": []}]}, "bio": ""}, {"id": "6077076", "photo": {"prefix": "https://igx.4sqi.net/img/user/", "suffix": "/O3EAYINK4ULGEZQ2.jpg"}, "homeCity": "Singapore", "contact": {"facebook": "100000162274962"}, "firstName": "Mhelz", "tips": {"count": 0}, "gender": "female", "lastName": "Panes", "lists": {"groups": [{"count": 2, "type": "created", "items": []}]}, "bio": ""}, {"id": "5047185", "photo": {"prefix": "https://igx.4sqi.net/img/user/", "suffix": "/34KOQIP04JF4BYZF.jpg"}, "homeCity": "Singapore", "contact": {"facebook": "588836988", "twitter": "shafrinio"}, "firstName": "Shafrinio", "tips": {"count": 0}, "gender": "male", "lastName": "Syahrin", "lists": {"groups": [{"count": 2, "type": "created", "items": []}]}, "bio": ""}, {"id": "3874826", "photo": {"prefix": "https://igx.4sqi.net/img/user/", "suffix": "/3874826-54ZNVKX4RGTTVJGQ.jpg"}, "homeCity": "Sg,Singapore", "contact": {"facebook": "544126445", "twitter": "xusilvia"}, "firstName": "Silvia", "tips": {"count": 16}, "gender": "female", "lastName": "Sastrajuta", "lists": {"groups": [{"count": 3, "type": "created", "items": []}]}, "bio": ""}, {"id": "3103137", "photo": {"prefix": "https://igx.4sqi.net/img/user/", "suffix": "/3103137-AIXZJSNPGNJA10M4.jpg"}, "homeCity": "Singapore", "contact": {"facebook": "572146930"}, "firstName": "Vivian", "tips": {"count": 0}, "gender": "female", "lastName": "Leo", "lists": {"groups": [{"count": 2, "type": "created", "items": []}]}, "bio": ""}, {"id": "3855509", "photo": {"prefix": "https://igx.4sqi.net/img/user/", "suffix": "/G23Y3JMLXLNS3RPM.jpg"}, "homeCity": "Singapore", "contact": {"facebook": "699642304"}, "firstName": "Hafiza", "tips": {"count": 2}, "gender": "female", "lastName": "Yahya", "lists": {"groups": [{"count": 2, "type": "created", "items": []}]}, "bio": ""}, {"id": "6275902", "photo": {"prefix": "https://igx.4sqi.net/img/user/", "suffix": "/AZW41V5DIKUX0BI0.jpg"}, "homeCity": "Singapore", "contact": {"facebook": "598181218"}, "firstName": "Jamie Ng", "tips": {"count": 0}, "gender": "female", "lastName": "Yee May", "lists": {"groups": [{"count": 2, "type": "created", "items": []}]}, "bio": ""}, {"id": "6110236", "photo": {"prefix": "https://igx.4sqi.net/img/user/", "suffix": "/RKX0JNO3LKTHHTAV.jpg"}, "homeCity": "Johor bahru , Malaysia", "contact": {}, "firstName": "Epitbesh", "tips": {"count": 6}, "gender": "male", "lists": {"groups": [{"count": 2, "type": "created", "items": []}]}, "bio": ""}, {"id": "5321169", "photo": {"prefix": "https://igx.4sqi.net/img/user/", "suffix": "/HBIZYYEUNMQI12NC.jpg"}, "homeCity": "Singapore", "contact": {}, "firstName": "Stallone", "tips": {"count": 0}, "gender": "male", "lastName": "Benjamin", "lists": {"groups": [{"count": 2, "type": "created", "items": []}]}, "bio": ""}, {"id": "4059911", "photo": {"prefix": "https://igx.4sqi.net/img/user/", "suffix": "/HMZIVTHUSFTZGGCB.jpg"}, "homeCity": "Singapore", "contact": {"facebook": "815654556"}, "firstName": "Nor Azahar", "tips": {"count": 12}, "gender": "male", "lastName": "Mohd Noor", "lists": {"groups": [{"count": 2, "type": "created", "items": []}]}, "bio": ""}, {"id": "3638078", "photo": {"prefix": "https://igx.4sqi.net/img/user/", "suffix": "/CWKGB0DIQRIIQXL3.jpg"}, "homeCity": "Singapore", "contact": {}, "firstName": "Alfert", "tips": {"count": 0}, "gender": "female", "lastName": "Oman", "lists": {"groups": [{"count": 2, "type": "created", "items": []}]}, "bio": ""}, {"id": "4749725", "photo": {"prefix": "https://igx.4sqi.net/img/user/", "suffix": "/DOYH3RXU1IIKMTIV.jpg"}, "homeCity": "Singapore", "contact": {"facebook": "1109101275"}, "firstName": "gretchen joy", "tips": {"count": 0}, "gender": "female", "lastName": "samson", "lists": {"groups": [{"count": 2, "type": "created", "items": []}]}, "bio": ""}, {"id": "6529151", "photo": {"prefix": "https://igx.4sqi.net/img/user/", "suffix": "/BMDHMV3QQSVRCUFB.jpg"}, "homeCity": "Singapore", "contact": {"facebook": "100000001926975"}, "firstName": "zenn", "tips": {"count": 0}, "gender": "male", "lastName": "bummer", "lists": {"groups": [{"count": 2, "type": "created", "items": []}]}, "bio": ""}, {"id": "3762773", "photo": {"prefix": "https://igx.4sqi.net/img/user/", "suffix": "/0GCBQ1BBEUJR0HYL.jpg"}, "homeCity": "Singapore", "contact": {}, "firstName": "Eza", "tips": {"count": 1}, "gender": "female", "lastName": "Dumbo", "lists": {"groups": [{"count": 2, "type": "created", "items": []}]}, "bio": ""}, {"id": "5211112", "photo": {"prefix": "https://igx.4sqi.net/img/user/", "suffix": "/JM0XSRZGLWGUPZGO.jpg"}, "homeCity": "Singapore", "contact": {"facebook": "648193508"}, "firstName": "muhammad", "tips": {"count": 0}, "gender": "male", "lastName": "fahmi", "lists": {"groups": [{"count": 2, "type": "created", "items": []}]}, "bio": ""}, {"id": "4093159", "photo": {"prefix": "https://igx.4sqi.net/img/user/", "suffix": "/4093159-X4OPIQRLRPD21H3Q.jpg"}, "homeCity": "Bengaluru, India", "contact": {"facebook": "100001320126315", "twitter": "sumanthrrr95"}, "firstName": "sumanth", "tips": {"count": 0}, "gender": "male", "lastName": "yadav", "lists": {"groups": [{"count": 2, "type": "created", "items": []}]}, "bio": "Wn u gt a king dnt reshuffle d pack u m8 end up wid joker"}, {"id": "5534393", "photo": {"prefix": "https://igx.4sqi.net/img/user/", "suffix": "/Q5K4Q0SXG0W4COHQ.jpg"}, "homeCity": "Singapore", "contact": {"facebook": "741768844"}, "firstName": "Joy", "tips": {"count": 2}, "gender": "female", "lists": {"groups": [{"count": 2, "type": "created", "items": []}]}, "bio": ""}, {"id": "4731719", "photo": {"prefix": "https://igx.4sqi.net/img/user/", "suffix": "/L4LEQJMHU5CU220E.jpg"}, "homeCity": "Singapore", "contact": {"facebook": "100001486503997"}, "firstName": "Kwok Ren", "tips": {"count": 0}, "gender": "male", "lastName": "Xing", "lists": {"groups": [{"count": 2, "type": "created", "items": []}]}, "bio": ""}, {"id": "5986129", "photo": {"prefix": "https://igx.4sqi.net/img/user/", "suffix": "/1OK0COCLG4GF35IY.jpg"}, "homeCity": "Singapore", "contact": {"facebook": "1494251293", "twitter": "lydia_kristen"}, "firstName": "Lydia Kristen", "tips": {"count": 0}, "gender": "female", "lastName": "Ng", "lists": {"groups": [{"count": 2, "type": "created", "items": []}]}, "bio": ""}, {"id": "5257029", "photo": {"prefix": "https://igx.4sqi.net/img/user/", "suffix": "/HYVR51AHXUBVXVZQ.jpg"}, "homeCity": "Singapore", "contact": {"facebook": "100000571220527"}, "firstName": "Fyd", "tips": {"count": 0}, "gender": "female", "lastName": "Fida", "lists": {"groups": [{"count": 2, "type": "created", "items": []}]}, "bio": ""}, {"id": "5990617", "photo": {"prefix": "https://igx.4sqi.net/img/user/", "suffix": "/RMEFMJ3ZFHWGZT4E.jpg"}, "homeCity": "Singapore", "contact": {"facebook": "689893934", "twitter": "shannonlimo"}, "firstName": "Shannon", "tips": {"count": 0}, "gender": "female", "lastName": "Lim", "lists": {"groups": [{"count": 2, "type": "created", "items": []}]}, "bio": ""}, {"id": "5748024", "photo": {"prefix": "https://igx.4sqi.net/img/user/", "suffix": "/5748024-ZZO1G3RI5AB15WO1.jpg"}, "homeCity": "Singapore", "contact": {"facebook": "1320138480", "twitter": "evsnyx"}, "firstName": "Evan", "tips": {"count": 1}, "gender": "female", "lastName": "J.", "lists": {"groups": [{"count": 2, "type": "created", "items": []}]}, "bio": ""}, {"id": "6153228", "photo": {"prefix": "https://igx.4sqi.net/img/user/", "suffix": "/CXKSYKONOXQDSGDL.jpg"}, "homeCity": "New York, NY", "contact": {}, "firstName": "SzeMin", "tips": {"count": 0}, "gender": "female", "lastName": "Tan", "lists": {"groups": [{"count": 2, "type": "created", "items": []}]}, "bio": ""}, {"id": "5959806", "photo": {"prefix": "https://igx.4sqi.net/img/user/", "suffix": "/XHWC5XILNFOS1LKM.jpg"}, "homeCity": "Singapore", "contact": {"facebook": "100000474478154"}, "firstName": "Farhan", "tips": {"count": 0}, "gender": "male", "lastName": "Brow", "lists": {"groups": [{"count": 2, "type": "created", "items": []}]}, "bio": ""}, {"id": "6153873", "photo": {"prefix": "https://igx.4sqi.net/img/user/", "suffix": "/RV12GA1KGK150BNW.jpg"}, "homeCity": "Singapore", "contact": {"facebook": "100000304947287", "twitter": "carolrukawa"}, "firstName": "carol", "tips": {"count": 1}, "gender": "female", "lastName": "carlos", "lists": {"groups": [{"count": 2, "type": "created", "items": []}]}, "bio": ""}, {"id": "6010674", "photo": {"prefix": "https://igx.4sqi.net/img/user/", "default": true, "suffix": "/blank_boy.png"}, "homeCity": "New York, NY", "contact": {}, "firstName": "Ng", "tips": {"count": 0}, "gender": "male", "lastName": "Zhengyuan", "lists": {"groups": [{"count": 2, "type": "created", "items": []}]}, "bio": ""}, {"id": "6382741", "photo": {"prefix": "https://igx.4sqi.net/img/user/", "suffix": "/2YKGFIKYMLJQTBY1.jpg"}, "homeCity": "Singapore", "contact": {}, "firstName": "Kimi", "tips": {"count": 0}, "gender": "male", "lastName": "Anyhow", "lists": {"groups": [{"count": 2, "type": "created", "items": []}]}, "bio": ""}, {"id": "6367696", "photo": {"prefix": "https://igx.4sqi.net/img/user/", "suffix": "/NWA1B1U5TJQRBA2S.jpg"}, "homeCity": "Singapore", "contact": {"facebook": "1640710520"}, "firstName": "Harniz", "tips": {"count": 0}, "gender": "male", "lastName": "Sufiyan", "lists": {"groups": [{"count": 2, "type": "created", "items": []}]}, "bio": ""}, {"id": "6423811", "photo": {"prefix": "https://igx.4sqi.net/img/user/", "suffix": "/SUNFGDKWXUP1SDJR.jpg"}, "homeCity": "Unnamed Location", "contact": {}, "firstName": "winz", "tips": {"count": 1}, "gender": "male", "lastName": ".", "lists": {"groups": [{"count": 2, "type": "created", "items": []}]}, "bio": ""}]}, "checksum": "174d6f2906123268bd0635271d505707b4178609"}}