{"notifications": [{"type": "notificationTray", "item": {"unreadCount": 0}}], "response": {"friends": {"items": [{"tips": {"count": 3}, "contact": {"twitter": "rexito9", "facebook": "370184389853496"}, "firstName": "Rex", "gender": "male", "lastName": "Sullivan", "id": "19037237", "bio": "", "photo": {"prefix": "https://igx.4sqi.net/img/user/", "suffix": "/19037237-Q0K5NZ4GCPHTFNJV.jpg"}, "homeCity": "Singapore", "lists": {"groups": [{"items": [], "count": 2, "type": "created"}]}}, {"tips": {"count": 2}, "contact": {"twitter": "alexxchiang", "facebook": "602218643"}, "firstName": "Alex", "gender": "male", "lastName": "Chiang", "id": "4372475", "bio": "", "photo": {"prefix": "https://igx.4sqi.net/img/user/", "suffix": "/0T4UGSVLM42YZU44.jpg"}, "homeCity": "Singapore", "lists": {"groups": [{"items": [], "count": 2, "type": "created"}]}}, {"tips": {"count": 0}, "contact": {"twitter": "retrojello"}, "firstName": "Stella", "gender": "female", "lastName": "Tan", "id": "2108339", "bio": "", "photo": {"prefix": "https://igx.4sqi.net/img/user/", "suffix": "/S0N0IL5JIVYVMBBE.png"}, "homeCity": "Orchard, Singapore", "lists": {"groups": [{"items": [], "count": 2, "type": "created"}]}}, {"tips": {"count": 13}, "contact": {"twitter": "muoku"}, "firstName": "Ju", "gender": "female", "lastName": "Lee", "id": "3516676", "bio": "", "photo": {"prefix": "https://igx.4sqi.net/img/user/", "suffix": "/CCN2H3JA5EEANSFS.jpg"}, "homeCity": "Singapore", "lists": {"groups": [{"items": [], "count": 2, "type": "created"}]}}, {"tips": {"count": 0}, "contact": {"facebook": "19510944"}, "firstName": "Brian", "gender": "male", "lastName": "Seery", "id": "19328104", "bio": "", "photo": {"prefix": "https://igx.4sqi.net/img/user/", "suffix": "/20T55CLQI54VSFQF.jpg"}, "homeCity": "NY", "lists": {"groups": [{"items": [], "count": 2, "type": "created"}]}}, {"tips": {"count": 0}, "contact": {"facebook": "702899199"}, "firstName": "Durgauti", "gender": "female", "lastName": "Pandey", "id": "8079255", "bio": "", "photo": {"prefix": "https://igx.4sqi.net/img/user/", "suffix": "/blank_girl.png", "default": true}, "homeCity": "Singapore", "lists": {"groups": [{"items": [], "count": 2, "type": "created"}]}}, {"tips": {"count": 10}, "contact": {"twitter": "kennerve", "facebook": "10152759775641507"}, "firstName": "Kennerve", "gender": "male", "lastName": "Goh", "id": "520797", "bio": "", "photo": {"prefix": "https://igx.4sqi.net/img/user/", "suffix": "/520797-1YKINCQNYPEPEBZB.jpg"}, "homeCity": "Singapore", "lists": {"groups": [{"items": [], "count": 2, "type": "created"}]}}, {"tips": {"count": 3}, "contact": {"facebook": "549127614"}, "firstName": "Terrence", "gender": "male", "lastName": "Simon", "id": "250970", "bio": "", "photo": {"prefix": "https://igx.4sqi.net/img/user/", "suffix": "/V1FXCS12RKASVQCF.jpg"}, "homeCity": "Singapore, Singapore", "lists": {"groups": [{"items": [], "count": 2, "type": "created"}]}}, {"tips": {"count": 1}, "contact": {"facebook": "543911404"}, "firstName": "Eric", "gender": "male", "lastName": "Shih", "id": "5662774", "bio": "", "photo": {"prefix": "https://igx.4sqi.net/img/user/", "suffix": "/FDRV5CT4K4MERDSU.jpg"}, "homeCity": "Singapore", "lists": {"groups": [{"items": [], "count": 2, "type": "created"}]}}, {"tips": {"count": 4}, "contact": {"twitter": "elsabakh", "facebook": "1176736103"}, "firstName": "ELsabakh", "gender": "female", "lastName": "ELisabeth", "id": "2710505", "bio": "", "photo": {"prefix": "https://igx.4sqi.net/img/user/", "suffix": "/2710505-RS3M35035CZEZMRN.jpg"}, "homeCity": "", "lists": {"groups": [{"items": [], "count": 2, "type": "created"}]}}, {"tips": {"count": 1}, "contact": {"facebook": "506234782"}, "firstName": "Mrinalini", "gender": "female", "lastName": "Gupta", "id": "11212401", "bio": "", "photo": {"prefix": "https://igx.4sqi.net/img/user/", "suffix": "/35G2D4IXKOYB45ED.jpg"}, "homeCity": "Washington, DC", "lists": {"groups": [{"items": [], "count": 2, "type": "created"}]}}, {"tips": {"count": 1}, "contact": {}, "firstName": "Clarence", "gender": "male", "lastName": "Ceniza", "id": "444775", "bio": "", "photo": {"prefix": "https://igx.4sqi.net/img/user/", "suffix": "/IBR2BYAGW2SYBM5G.jpg"}, "homeCity": "Amsterdam, Netherlands", "lists": {"groups": [{"items": [], "count": 2, "type": "created"}]}}, {"tips": {"count": 8}, "contact": {"twitter": "nomoreemostory", "facebook": "591846388"}, "firstName": "Gerald", "gender": "male", "lastName": "Ho", "id": "316254", "bio": "", "photo": {"prefix": "https://igx.4sqi.net/img/user/", "suffix": "/HDFZPRUJYBOVWLJ0.jpg"}, "homeCity": "Singapore", "lists": {"groups": [{"items": [], "count": 2, "type": "created"}]}}, {"tips": {"count": 14}, "contact": {"twitter": "fjahja", "facebook": "609448981"}, "firstName": "Ferdian", "gender": "male", "lastName": "Jahja", "id": "607640", "bio": "", "photo": {"prefix": "https://igx.4sqi.net/img/user/", "suffix": "/WSD1M121R00BN3DZ.jpg"}, "homeCity": "Jakarta Capital Region, Jakarta Capital Regi", "lists": {"groups": [{"items": [], "count": 2, "type": "created"}]}}, {"tips": {"count": 4}, "contact": {"twitter": "eggmanhwan", "facebook": "652693050"}, "firstName": "Egan", "gender": "male", "lastName": "Hwan", "id": "739243", "bio": "", "photo": {"prefix": "https://igx.4sqi.net/img/user/", "suffix": "/YI0TRI5QRELLA3IQ.jpg"}, "homeCity": "Singapore", "lists": {"groups": [{"items": [], "count": 2, "type": "created"}]}}, {"tips": {"count": 5}, "contact": {"twitter": "sheriexoxo", "facebook": "730706094"}, "firstName": "Sherie", "gender": "female", "lastName": "A.", "id": "1783049", "bio": "Not your average drama queen friend.", "photo": {"prefix": "https://igx.4sqi.net/img/user/", "suffix": "/MNBKVVCY0S04WZ33.jpg"}, "homeCity": "Singapore", "lists": {"groups": [{"items": [], "count": 2, "type": "created"}]}}, {"tips": {"count": 11}, "contact": {"twitter": "mayankkochhar", "facebook": "10101749083010526"}, "firstName": "Mayank", "gender": "male", "lastName": "Kochhar", "id": "1563992", "bio": "", "photo": {"prefix": "https://igx.4sqi.net/img/user/", "suffix": "/YR4PNOG51Q2HJNQZ.jpg"}, "homeCity": "Singapore", "lists": {"groups": [{"items": [], "count": 2, "type": "created"}]}}, {"tips": {"count": 41}, "contact": {"twitter": "sameersadhu", "facebook": "160201133"}, "firstName": "Sameer", "gender": "male", "lastName": "Sadhu", "id": "4410631", "bio": "26. Clear eyes, full hearts, can't lose. @sameersadhu", "photo": {"prefix": "https://igx.4sqi.net/img/user/", "suffix": "/4410631-S04YSQMZTI3ZSOAJ.jpg"}, "homeCity": "Atlanta, GA", "lists": {"groups": [{"items": [], "count": 4, "type": "created"}]}}, {"tips": {"count": 0}, "contact": {"facebook": "799074618"}, "firstName": "Roi", "gender": "male", "lastName": "Cheng", "id": "951143", "bio": "", "photo": {"prefix": "https://igx.4sqi.net/img/user/", "suffix": "/W4CFPNKCL2JG4D4Z.jpg"}, "homeCity": "Fitzroy North, Australia", "lists": {"groups": [{"items": [], "count": 2, "type": "created"}]}}, {"tips": {"count": 0}, "contact": {}, "firstName": "Widya", "gender": "female", "lastName": "Tantra", "id": "3034261", "bio": "", "photo": {"prefix": "https://igx.4sqi.net/img/user/", "suffix": "/VHB45ZXQSH1ZVM2Z.jpg"}, "homeCity": "Jakarta, Indonesia", "lists": {"groups": [{"items": [], "count": 2, "type": "created"}]}}, {"tips": {"count": 4}, "contact": {"facebook": "578545936"}, "firstName": "Louis Nicholas", "gender": "male", "lastName": "Retnam", "id": "913674", "bio": "", "photo": {"prefix": "https://igx.4sqi.net/img/user/", "suffix": "/ZB5GMLVXXHG0VI3H.jpg"}, "homeCity": "Jurong West, Singapore", "lists": {"groups": [{"items": [], "count": 2, "type": "created"}]}}, {"tips": {"count": 0}, "contact": {"facebook": "1244906065"}, "firstName": "Intania", "gender": "female", "lastName": "Primasari", "id": "1485736", "bio": "", "photo": {"prefix": "https://igx.4sqi.net/img/user/", "suffix": "/JG3TIMAIASBKYFER.jpg"}, "homeCity": "Singapore", "lists": {"groups": [{"items": [], "count": 2, "type": "created"}]}}, {"tips": {"count": 6}, "contact": {"facebook": "505473443"}, "firstName": "Sher Iqbal", "gender": "male", "lastName": "Texeira", "id": "4461724", "bio": "", "photo": {"prefix": "https://igx.4sqi.net/img/user/", "suffix": "/SRFVTILUBR4WFL23.jpg"}, "homeCity": "Singapore", "lists": {"groups": [{"items": [], "count": 2, "type": "created"}]}}, {"tips": {"count": 0}, "contact": {"facebook": "100000176897408"}, "firstName": "Vishal", "gender": "male", "lastName": "Daryanani", "id": "22154090", "bio": "", "photo": {"prefix": "https://igx.4sqi.net/img/user/", "suffix": "/blank_boy.png", "default": true}, "homeCity": "New York, NY", "lists": {"groups": [{"items": [], "count": 2, "type": "created"}]}}, {"tips": {"count": 9}, "contact": {"twitter": "dj_nichofroz_t", "facebook": "1500917659"}, "firstName": "Ian Nicholas", "gender": "male", "lastName": "Foo", "id": "25301065", "bio": "Facebook : www.facebook.com/djnichofrozt\r\n\r\nBand page : fb.bandpage.com/djnichofrozt/player\r\n\r\nSoundcloud : soundcloud.com/dj-froz-t", "photo": {"prefix": "https://igx.4sqi.net/img/user/", "suffix": "/MIGNRHGFNDMA1LJJ.jpg"}, "homeCity": "Singapore", "lists": {"groups": [{"items": [], "count": 7, "type": "created"}]}}, {"tips": {"count": 0}, "contact": {"facebook": "100000968979798"}, "firstName": "Nini", "gender": "female", "lastName": "Kook", "id": "9136718", "bio": "", "photo": {"prefix": "https://igx.4sqi.net/img/user/", "suffix": "/OBCA31XPIL14QPZH.jpg"}, "homeCity": "Singapore", "lists": {"groups": [{"items": [], "count": 2, "type": "created"}]}}, {"tips": {"count": 20}, "contact": {"twitter": "hungrykristin", "facebook": "219200305"}, "firstName": "Kristin", "gender": "female", "lastName": "Khor", "id": "3573628", "bio": "", "photo": {"prefix": "https://igx.4sqi.net/img/user/", "suffix": "/CIJ4AZLXLNJCBIGN.jpg"}, "homeCity": "New York, NY", "lists": {"groups": [{"items": [], "count": 2, "type": "created"}]}}, {"tips": {"count": 2}, "contact": {"twitter": "smellydevil", "facebook": "652165408"}, "firstName": "FOong", "gender": "male", "lastName": "FOk", "id": "16662290", "bio": "", "photo": {"prefix": "https://igx.4sqi.net/img/user/", "suffix": "/W0VIAORXWJKAKZU1.jpg"}, "homeCity": "Singapore", "lists": {"groups": [{"items": [], "count": 2, "type": "created"}]}}, {"tips": {"count": 0}, "contact": {"facebook": "710191966"}, "firstName": "Samuel", "gender": "male", "lastName": "Sum", "id": "2214147", "bio": "", "photo": {"prefix": "https://igx.4sqi.net/img/user/", "suffix": "/4CKEBFKUQJYTDGNH.jpg"}, "homeCity": "Singapore", "lists": {"groups": [{"items": [], "count": 2, "type": "created"}]}}, {"tips": {"count": 1}, "contact": {"twitter": "deborawisye", "facebook": "723227370"}, "firstName": "Debbie", "gender": "female", "lastName": "Wiratno", "id": "1666321", "bio": "too sweet, not good for your teeth ;)", "photo": {"prefix": "https://igx.4sqi.net/img/user/", "suffix": "/DHS5TSFAPJDKHSBA.jpg"}, "homeCity": "Bali", "lists": {"groups": [{"items": [], "count": 2, "type": "created"}]}}, {"tips": {"count": 5}, "contact": {}, "firstName": "\u2661ro\u0445anne \u043c\u03b9c\u043delle", "gender": "female", "id": "1949280", "bio": "", "photo": {"prefix": "https://igx.4sqi.net/img/user/", "suffix": "/AAJIMXAD1AY0P2DA.jpg"}, "homeCity": "Bishan, Singapore", "lists": {"groups": [{"items": [], "count": 2, "type": "created"}]}}, {"tips": {"count": 0}, "contact": {"facebook": "777847151"}, "firstName": "Sofyani", "gender": "female", "lastName": "Adi Nazuar", "id": "22406673", "bio": "", "photo": {"prefix": "https://igx.4sqi.net/img/user/", "suffix": "/5MTH504K2NIUKTMP.jpg"}, "homeCity": "New York, NY", "lists": {"groups": [{"items": [], "count": 2, "type": "created"}]}}, {"tips": {"count": 1}, "contact": {"facebook": "547018896"}, "firstName": "Keith", "gender": "male", "lastName": "Zhang", "id": "1767452", "bio": "", "photo": {"prefix": "https://igx.4sqi.net/img/user/", "suffix": "/ZBWF01GY4KXTQMHR.jpg"}, "homeCity": "Singapore", "lists": {"groups": [{"items": [], "count": 2, "type": "created"}]}}, {"tips": {"count": 5}, "contact": {"twitter": "prawnination", "facebook": "631600807"}, "firstName": "Perlin", "gender": "female", "lastName": "Kathmann", "id": "955458", "bio": "Why do people get so hung up on what they don't agree on, when it's those differences that make life interesting?", "photo": {"prefix": "https://igx.4sqi.net/img/user/", "suffix": "/134BYB022GGFUNBN.jpg"}, "homeCity": "Boise, Idaho", "lists": {"groups": [{"items": [], "count": 2, "type": "created"}]}}, {"tips": {"count": 3}, "contact": {"twitter": "hayleypereira", "facebook": "511258655"}, "firstName": "hayl", "gender": "female", "id": "3209367", "bio": "", "photo": {"prefix": "https://igx.4sqi.net/img/user/", "suffix": "/KGZKRP2Y1TQQPPWK.jpg"}, "homeCity": "Singapore", "lists": {"groups": [{"items": [], "count": 2, "type": "created"}]}}, {"tips": {"count": 0}, "contact": {"twitter": "dellaire", "facebook": "734618954"}, "firstName": "Nurul", "gender": "female", "id": "31930821", "bio": "", "photo": {"prefix": "https://igx.4sqi.net/img/user/", "suffix": "/FEEOFAA1RKUQY3BI.jpg"}, "homeCity": "Singapore", "lists": {"groups": [{"items": [], "count": 2, "type": "created"}]}}, {"tips": {"count": 0}, "contact": {"facebook": "72613678"}, "firstName": "Michael", "gender": "male", "lastName": "Liew", "id": "19755999", "bio": "", "photo": {"prefix": "https://igx.4sqi.net/img/user/", "suffix": "/PT10SYA5L2BULCSA.jpg"}, "homeCity": "Seremban, Malaysia", "lists": {"groups": [{"items": [], "count": 2, "type": "created"}]}}, {"tips": {"count": 6}, "contact": {"twitter": "gmchowkevin", "facebook": "632328236"}, "firstName": "Kevin", "gender": "male", "lastName": "Chow", "id": "8108620", "bio": "", "photo": {"prefix": "https://igx.4sqi.net/img/user/", "suffix": "/DU5I0X0DPRHTYKXN.jpg"}, "homeCity": "Singapore", "lists": {"groups": [{"items": [], "count": 3, "type": "created"}]}}, {"tips": {"count": 0}, "contact": {"facebook": "690640398"}, "firstName": "Arnab", "gender": "male", "lastName": "Sen", "id": "27915782", "bio": "", "photo": {"prefix": "https://igx.4sqi.net/img/user/", "suffix": "/JWM1OMONTZY5MYPQ.jpg"}, "homeCity": "Bangalore, India", "lists": {"groups": [{"items": [], "count": 2, "type": "created"}]}}, {"tips": {"count": 0}, "contact": {"facebook": "506955056"}, "firstName": "Radhika", "gender": "female", "lastName": "Sen", "id": "23694268", "bio": "", "photo": {"prefix": "https://igx.4sqi.net/img/user/", "suffix": "/blank_girl.png", "default": true}, "homeCity": "Brent", "lists": {"groups": [{"items": [], "count": 2, "type": "created"}]}}, {"tips": {"count": 7}, "contact": {"facebook": "411879"}, "firstName": "Kelly", "gender": "female", "lastName": "Hotta", "id": "3575059", "bio": "", "photo": {"prefix": "https://igx.4sqi.net/img/user/", "suffix": "/PZ5TAVXJCZTRV0IE.jpg"}, "homeCity": "Singapore", "lists": {"groups": [{"items": [], "count": 4, "type": "created"}]}}, {"tips": {"count": 0}, "contact": {"facebook": "58012168"}, "firstName": "Mallika", "gender": "female", "lastName": "Chaudhuri", "id": "20925051", "bio": "", "photo": {"prefix": "https://igx.4sqi.net/img/user/", "suffix": "/KXCGCGP2ILXRIGCH.jpg"}, "homeCity": "Chennai, Tamil Nadu", "lists": {"groups": [{"items": [], "count": 2, "type": "created"}]}}, {"tips": {"count": 1}, "contact": {"twitter": "kieranedwards", "facebook": "793925592"}, "firstName": "Kieran", "gender": "male", "lastName": "Edwards", "id": "2572431", "bio": "", "photo": {"prefix": "https://igx.4sqi.net/img/user/", "suffix": "/LNGLSLYIWJDW5U2C.jpg"}, "homeCity": "Singapore", "lists": {"groups": [{"items": [], "count": 2, "type": "created"}]}}, {"tips": {"count": 0}, "contact": {"facebook": "626910826"}, "firstName": "Lewis", "gender": "male", "lastName": "Lee", "id": "1678314", "bio": "", "photo": {"prefix": "https://igx.4sqi.net/img/user/", "suffix": "/J3LLUSNKIY5K5AFB.jpg"}, "homeCity": "Singapore", "lists": {"groups": [{"items": [], "count": 2, "type": "created"}]}}, {"tips": {"count": 0}, "contact": {"facebook": "594217764"}, "firstName": "Alastair", "gender": "male", "lastName": "Chan", "id": "2993910", "bio": "", "photo": {"prefix": "https://igx.4sqi.net/img/user/", "suffix": "/blank_boy.png", "default": true}, "homeCity": "Singapore", "lists": {"groups": [{"items": [], "count": 2, "type": "created"}]}}, {"tips": {"count": 27}, "contact": {}, "firstName": "Manish", "gender": "male", "lastName": "Melwani", "id": "1906475", "bio": "", "photo": {"prefix": "https://igx.4sqi.net/img/user/", "suffix": "/UUXVU1FSW1I2A500.jpg"}, "homeCity": "Brooklyn, NY", "lists": {"groups": [{"items": [], "count": 2, "type": "created"}]}}, {"tips": {"count": 3}, "contact": {"facebook": "544760339"}, "firstName": "Joanne", "gender": "female", "lastName": "Chiew", "id": "1180641", "bio": "", "photo": {"prefix": "https://igx.4sqi.net/img/user/", "suffix": "/WQWWLFYTJQCLZSVZ.jpg"}, "homeCity": "Singapore", "lists": {"groups": [{"items": [], "count": 2, "type": "created"}]}}, {"tips": {"count": 0}, "contact": {"twitter": "syaminmusa", "facebook": "699541624"}, "firstName": "Syamin", "gender": "male", "lastName": "Musa", "id": "3278710", "bio": "", "photo": {"prefix": "https://igx.4sqi.net/img/user/", "suffix": "/F45SARVWT4ZXNUEV.jpg"}, "homeCity": "Singapore", "lists": {"groups": [{"items": [], "count": 2, "type": "created"}]}}, {"tips": {"count": 0}, "contact": {"facebook": "509454075"}, "firstName": "Lin", "gender": "male", "lastName": "Jiasheng", "id": "40252196", "bio": "", "photo": {"prefix": "https://igx.4sqi.net/img/user/", "suffix": "/AVNUVNEKCJPKKAZS.jpg"}, "homeCity": "New York, NY", "lists": {"groups": [{"items": [], "count": 2, "type": "created"}]}}, {"tips": {"count": 0}, "contact": {"facebook": "9019695"}, "firstName": "Rohan", "gender": "male", "lastName": "Gupta", "id": "10093953", "bio": "", "photo": {"prefix": "https://igx.4sqi.net/img/user/", "suffix": "/VX00SVUDM5FCBDXO.jpg"}, "homeCity": "Derby, CT", "lists": {"groups": [{"items": [], "count": 2, "type": "created"}]}}, {"tips": {"count": 1}, "contact": {"twitter": "spotchez"}, "firstName": "Chez", "gender": "female", "id": "3629329", "bio": "", "photo": {"prefix": "https://igx.4sqi.net/img/user/", "suffix": "/K5EXYWTTHFENIUV5.jpg"}, "homeCity": "Singapore", "lists": {"groups": [{"items": [], "count": 2, "type": "created"}]}}, {"tips": {"count": 0}, "contact": {"facebook": "541153071"}, "firstName": "Priscilla", "gender": "female", "lastName": "Woo", "id": "10543735", "bio": "", "photo": {"prefix": "https://igx.4sqi.net/img/user/", "suffix": "/blank_girl.png", "default": true}, "homeCity": "\uc11c\uc6b8\ud2b9\ubcc4\uc2dc, \ub300\ud55c\ubbfc\uad6d", "lists": {"groups": [{"items": [], "count": 2, "type": "created"}]}}, {"tips": {"count": 6}, "contact": {"twitter": "milsonng", "facebook": "10208305061797123"}, "firstName": "Milson", "gender": "male", "lastName": "Ng", "id": "1415601", "bio": "", "photo": {"prefix": "https://igx.4sqi.net/img/user/", "suffix": "/0JQZLV2AGMW1PIUQ.jpg"}, "homeCity": "Singapore", "lists": {"groups": [{"items": [], "count": 3, "type": "created"}]}}, {"tips": {"count": 2}, "contact": {"facebook": "650054228"}, "firstName": "Pearl", "gender": "female", "id": "3437293", "bio": "", "photo": {"prefix": "https://igx.4sqi.net/img/user/", "suffix": "/SGVKFDLT3TK5S0RE.jpg"}, "homeCity": "Singapore", "lists": {"groups": [{"items": [], "count": 2, "type": "created"}]}}, {"tips": {"count": 0}, "contact": {"facebook": "1363414224"}, "firstName": "Terence", "gender": "male", "lastName": "Joseph", "id": "15481214", "bio": "", "photo": {"prefix": "https://igx.4sqi.net/img/user/", "suffix": "/XGAKJ334RCJSKHAQ.jpg"}, "homeCity": "Doha, Qatar", "lists": {"groups": [{"items": [], "count": 2, "type": "created"}]}}, {"tips": {"count": 1}, "contact": {"facebook": "507960196"}, "firstName": "Setthawut", "gender": "male", "lastName": "Popspective", "id": "7624603", "bio": "", "photo": {"prefix": "https://igx.4sqi.net/img/user/", "suffix": "/VCGKVK3NZR2W2YXV.jpg"}, "homeCity": "Thailand", "lists": {"groups": [{"items": [], "count": 8, "type": "created"}]}}, {"tips": {"count": 0}, "contact": {"twitter": "anitakamelia"}, "firstName": "Anita", "gender": "female", "lastName": "Haripurwanto", "id": "1533327", "bio": "", "photo": {"prefix": "https://igx.4sqi.net/img/user/", "suffix": "/QEJNQOJE03FXHRZC.jpg"}, "homeCity": "Singapore", "lists": {"groups": [{"items": [], "count": 2, "type": "created"}]}}, {"tips": {"count": 0}, "contact": {"twitter": "alokegolf"}, "firstName": "Aloke", "gender": "male", "lastName": "Gupta", "id": "6491880", "bio": "", "photo": {"prefix": "https://igx.4sqi.net/img/user/", "suffix": "/blank_boy.png", "default": true}, "homeCity": "Singapore", "lists": {"groups": [{"items": [], "count": 2, "type": "created"}]}}, {"tips": {"count": 0}, "contact": {"facebook": "554984065"}, "firstName": "Cherlyn", "gender": "female", "lastName": "Long", "id": "27599559", "bio": "", "photo": {"prefix": "https://igx.4sqi.net/img/user/", "suffix": "/E4FMB45UG4GIFNYD.jpg"}, "homeCity": "Singapore, Singapore", "lists": {"groups": [{"items": [], "count": 2, "type": "created"}]}}, {"tips": {"count": 1}, "contact": {}, "firstName": "Mihir", "gender": "male", "lastName": "Mathur", "id": "8251869", "bio": "", "photo": {"prefix": "https://igx.4sqi.net/img/user/", "suffix": "/RWUKQFGNRGFEZETS.jpg"}, "homeCity": "NY", "lists": {"groups": [{"items": [], "count": 2, "type": "created"}]}}, {"tips": {"count": 1}, "contact": {"twitter": "abbywae"}, "firstName": "abby", "gender": "female", "lastName": "wong", "id": "2268877", "bio": "", "photo": {"prefix": "https://igx.4sqi.net/img/user/", "suffix": "/NLBXTXHCQKZWYSI2.jpg"}, "homeCity": "Singapore", "lists": {"groups": [{"items": [], "count": 2, "type": "created"}]}}, {"tips": {"count": 62}, "contact": {"facebook": "688326783"}, "firstName": "Aaron", "gender": "male", "lastName": "Brigatti", "id": "8835867", "bio": "", "photo": {"prefix": "https://igx.4sqi.net/img/user/", "suffix": "/PYPADS3LLOQ322IG.jpg"}, "homeCity": "Haywards Heath, UK", "lists": {"groups": [{"items": [], "count": 4, "type": "created"}]}}, {"tips": {"count": 36}, "contact": {"twitter": "drumzfreak", "facebook": "560734041"}, "firstName": "Keith", "gender": "male", "lastName": "Tan", "id": "2449612", "bio": "www.tankprojects.co", "photo": {"prefix": "https://igx.4sqi.net/img/user/", "suffix": "/AC2E2BFLROSR52YM.jpg"}, "homeCity": "New York, NY", "lists": {"groups": [{"items": [], "count": 20, "type": "created"}]}}, {"tips": {"count": 0}, "contact": {}, "firstName": "randy", "gender": "male", "lastName": "teo", "id": "2974900", "bio": "", "photo": {"prefix": "https://igx.4sqi.net/img/user/", "suffix": "/GCXKOKAS4SABVWWK.jpg"}, "homeCity": "Singapore", "lists": {"groups": [{"items": [], "count": 2, "type": "created"}]}}, {"tips": {"count": 0}, "contact": {"facebook": "19400096"}, "firstName": "Daniel", "gender": "male", "lastName": "Liu", "id": "3089289", "bio": "", "photo": {"prefix": "https://igx.4sqi.net/img/user/", "suffix": "/4CHEIVYWZCM2WVQV.jpg"}, "homeCity": "Singapore", "lists": {"groups": [{"items": [], "count": 3, "type": "created"}]}}, {"tips": {"count": 0}, "contact": {"facebook": "503226154"}, "firstName": "Saurabh", "gender": "male", "lastName": "Goenka", "id": "3259398", "bio": "", "photo": {"prefix": "https://igx.4sqi.net/img/user/", "suffix": "/blank_boy.png", "default": true}, "homeCity": "Singapore", "lists": {"groups": [{"items": [], "count": 2, "type": "created"}]}}, {"tips": {"count": 0}, "contact": {"twitter": "ohsexx", "facebook": "785840831"}, "firstName": "SHUIXIAN", "gender": "female", "id": "4167857", "bio": "", "photo": {"prefix": "https://igx.4sqi.net/img/user/", "suffix": "/I5JUFGKZOKMKAXW1.jpg"}, "homeCity": "Singapore", "lists": {"groups": [{"items": [], "count": 2, "type": "created"}]}}, {"tips": {"count": 5}, "contact": {"facebook": "679143894"}, "firstName": "Minty", "gender": "female", "id": "21913258", "bio": "", "photo": {"prefix": "https://igx.4sqi.net/img/user/", "suffix": "/21913258-33510NCSYIT2DCOQ.jpg"}, "homeCity": "Selangor", "lists": {"groups": [{"items": [], "count": 3, "type": "created"}]}}], "count": 168}, "checksum": "49878e9c2438d4b13015db44f6a9b7677b6dab9c"}, "meta": {"requestId": "596629e49fb6b77be2a144f6", "code": 200}}