{"notifications": [{"type": "notificationTray", "item": {"unreadCount": 0}}], "response": {"friends": {"items": [{"tips": {"count": 0}, "contact": {}, "firstName": "Eng Yong", "gender": "male", "lastName": "Lee", "id": "6552088", "bio": "", "photo": {"prefix": "https://igx.4sqi.net/img/user/", "suffix": "/TJAOVO5YGA2BB4D1.jpg"}, "homeCity": "Singapore", "lists": {"groups": [{"items": [], "count": 2, "type": "created"}]}}, {"tips": {"count": 0}, "contact": {}, "firstName": "Isaac", "gender": "male", "lastName": "Chan", "id": "4416494", "bio": "", "photo": {"prefix": "https://igx.4sqi.net/img/user/", "suffix": "/VROUXZQABMGQAFVH.jpg"}, "homeCity": "Singapore", "lists": {"groups": [{"items": [], "count": 2, "type": "created"}]}}, {"tips": {"count": 3}, "contact": {}, "firstName": "Absoulte", "gender": "male", "lastName": "Jerry", "id": "4286373", "bio": "", "photo": {"prefix": "https://igx.4sqi.net/img/user/", "suffix": "/4GHD4TISFESOD3XL.jpg"}, "homeCity": "Singapore", "lists": {"groups": [{"items": [], "count": 2, "type": "created"}]}}, {"tips": {"count": 0}, "contact": {"facebook": "634266449"}, "firstName": "Jessica", "gender": "female", "lastName": "Chay", "id": "6131733", "bio": "", "photo": {"prefix": "https://igx.4sqi.net/img/user/", "suffix": "/ZDDEMAF20XPQ4EDB.jpg"}, "homeCity": "Singapore", "lists": {"groups": [{"items": [], "count": 2, "type": "created"}]}}, {"tips": {"count": 6}, "contact": {"facebook": "688210987"}, "firstName": "Jaslin", "gender": "female", "lastName": "Sarah", "id": "1623827", "bio": "", "photo": {"prefix": "https://igx.4sqi.net/img/user/", "suffix": "/CA14IX02DCPIBAEP.jpg"}, "homeCity": "Singapore", "lists": {"groups": [{"items": [], "count": 2, "type": "created"}]}}, {"tips": {"count": 0}, "contact": {}, "firstName": "Leng Leng", "gender": "female", "lastName": "Ng", "id": "3747156", "bio": "", "photo": {"prefix": "https://igx.4sqi.net/img/user/", "suffix": "/SDY10IXZ4V4KIPZ1.jpg"}, "homeCity": "Singapore", "lists": {"groups": [{"items": [], "count": 2, "type": "created"}]}}, {"tips": {"count": 14}, "contact": {}, "firstName": "DoLfie", "gender": "female", "id": "1744562", "bio": "", "photo": {"prefix": "https://igx.4sqi.net/img/user/", "suffix": "/MWJ54UMFXTFUGAZB.jpg"}, "homeCity": "Singapore", "lists": {"groups": [{"items": [], "count": 8, "type": "created"}]}}, {"tips": {"count": 0}, "contact": {"facebook": "592954298"}, "firstName": "Anthony", "gender": "male", "lastName": "Lee", "id": "1779311", "bio": "", "photo": {"prefix": "https://igx.4sqi.net/img/user/", "suffix": "/XQAV5H0KLTWZRL2M.jpg"}, "homeCity": "Singapore", "lists": {"groups": [{"items": [], "count": 2, "type": "created"}]}}, {"tips": {"count": 29}, "contact": {}, "firstName": "Glenn", "gender": "male", "lastName": "M", "id": "679834", "bio": "", "photo": {"prefix": "https://igx.4sqi.net/img/user/", "suffix": "/P212245AZ2PPKOHB.jpg"}, "homeCity": "Chicago", "lists": {"groups": [{"items": [], "count": 2, "type": "created"}]}}, {"tips": {"count": 1}, "contact": {"twitter": "stevetansh", "facebook": "746254396"}, "firstName": "Steve", "gender": "male", "lastName": "Tan", "id": "847639", "bio": "", "photo": {"prefix": "https://igx.4sqi.net/img/user/", "suffix": "/M0OQZJ21KGMEER24.jpg"}, "homeCity": "Singapore", "lists": {"groups": [{"items": [], "count": 2, "type": "created"}]}}, {"tips": {"count": 1}, "contact": {"facebook": "625961770"}, "firstName": "Serene", "gender": "female", "lastName": "Cho", "id": "2592751", "bio": "", "photo": {"prefix": "https://igx.4sqi.net/img/user/", "suffix": "/blank_girl.png", "default": true}, "homeCity": "Clementi, Singapore", "lists": {"groups": [{"items": [], "count": 2, "type": "created"}]}}, {"tips": {"count": 0}, "contact": {}, "firstName": "Teck loon", "gender": "none", "lastName": "Tan", "id": "4343877", "bio": "", "photo": {"prefix": "https://igx.4sqi.net/img/user/", "suffix": "/NA1SEBLFPQLCJMA5.jpg"}, "homeCity": "Singapore", "lists": {"groups": [{"items": [], "count": 2, "type": "created"}]}}, {"tips": {"count": 0}, "contact": {"twitter": "prissssyla", "facebook": "100000070235792"}, "firstName": "Priscilla", "gender": "female", "id": "4565191", "bio": "", "photo": {"prefix": "https://igx.4sqi.net/img/user/", "suffix": "/BY1FI4DTTOTC2V4H.jpg"}, "homeCity": "Singapore", "lists": {"groups": [{"items": [], "count": 2, "type": "created"}]}}, {"tips": {"count": 0}, "contact": {"twitter": "zzzman02", "facebook": "1050735978"}, "firstName": "KianHow", "gender": "male", "lastName": "Tan", "id": "2244280", "bio": "", "photo": {"prefix": "https://igx.4sqi.net/img/user/", "suffix": "/JA1WL4WUHJHWX2VZ.jpg"}, "homeCity": "Singapore", "lists": {"groups": [{"items": [], "count": 2, "type": "created"}]}}, {"tips": {"count": 1}, "contact": {"facebook": "710253644"}, "firstName": "Regina", "gender": "female", "lastName": "Tan", "id": "3874068", "bio": "", "photo": {"prefix": "https://igx.4sqi.net/img/user/", "suffix": "/01O0UUO5NCZL3SGU.jpg"}, "homeCity": "Singapore", "lists": {"groups": [{"items": [], "count": 2, "type": "created"}]}}, {"tips": {"count": 0}, "contact": {}, "firstName": "Yen Ling", "gender": "female", "id": "4186035", "bio": "", "photo": {"prefix": "https://igx.4sqi.net/img/user/", "suffix": "/EWU2HDC3C0O5EIFI.jpg"}, "homeCity": "New York, NY", "lists": {"groups": [{"items": [], "count": 2, "type": "created"}]}}, {"tips": {"count": 0}, "contact": {"facebook": "1046532922"}, "firstName": "Vivien", "gender": "female", "lastName": "Tan", "id": "4947736", "bio": "", "photo": {"prefix": "https://igx.4sqi.net/img/user/", "suffix": "/blank_girl.png", "default": true}, "homeCity": "Singapore", "lists": {"groups": [{"items": [], "count": 2, "type": "created"}]}}, {"tips": {"count": 1}, "contact": {"facebook": "770589119"}, "firstName": "Orange", "gender": "female", "lastName": "Lotsabubblelis", "id": "2417217", "bio": "", "photo": {"prefix": "https://igx.4sqi.net/img/user/", "suffix": "/blank_girl.png", "default": true}, "homeCity": "Singapore", "lists": {"groups": [{"items": [], "count": 2, "type": "created"}]}}, {"tips": {"count": 0}, "contact": {"facebook": "524308420"}, "firstName": "Patrick", "gender": "male", "id": "3881968", "bio": "", "photo": {"prefix": "https://igx.4sqi.net/img/user/", "suffix": "/blank_boy.png", "default": true}, "homeCity": "Singapore", "lists": {"groups": [{"items": [], "count": 2, "type": "created"}]}}, {"tips": {"count": 0}, "contact": {}, "firstName": "Dawn", "gender": "female", "lastName": "Low", "id": "4349935", "bio": "", "photo": {"prefix": "https://igx.4sqi.net/img/user/", "suffix": "/IY4JBRIVJCTRTINF.jpg"}, "homeCity": "Singapore", "lists": {"groups": [{"items": [], "count": 2, "type": "created"}]}}, {"tips": {"count": 0}, "contact": {"facebook": "632617560"}, "firstName": "Kee", "gender": "female", "lastName": "Jennifer", "id": "6570910", "bio": "", "photo": {"prefix": "https://igx.4sqi.net/img/user/", "suffix": "/blank_girl.png", "default": true}, "homeCity": "Singapore", "lists": {"groups": [{"items": [], "count": 2, "type": "created"}]}}, {"tips": {"count": 0}, "contact": {"facebook": "553418965"}, "firstName": "Wu", "gender": "female", "lastName": "Joanne", "id": "3936904", "bio": "", "photo": {"prefix": "https://igx.4sqi.net/img/user/", "suffix": "/OW5VPVQJNV0DTBYM.jpg"}, "homeCity": "Singapore", "lists": {"groups": [{"items": [], "count": 2, "type": "created"}]}}, {"tips": {"count": 5}, "contact": {"facebook": "651592780"}, "firstName": "Grace", "gender": "female", "lastName": "Quek", "id": "3559923", "bio": "", "photo": {"prefix": "https://igx.4sqi.net/img/user/", "suffix": "/F44TIGJIPEMKFNAX.jpg"}, "homeCity": "Singapore", "lists": {"groups": [{"items": [], "count": 2, "type": "created"}]}}, {"tips": {"count": 0}, "contact": {"facebook": "713187118"}, "firstName": "Wilson", "gender": "male", "lastName": "Ho", "id": "4444516", "bio": "", "photo": {"prefix": "https://igx.4sqi.net/img/user/", "suffix": "/blank_boy.png", "default": true}, "homeCity": "Singapore", "lists": {"groups": [{"items": [], "count": 2, "type": "created"}]}}, {"tips": {"count": 0}, "contact": {}, "firstName": "Joey", "gender": "none", "id": "5201785", "bio": "", "photo": {"prefix": "https://igx.4sqi.net/img/user/", "suffix": "/blank_boy.png", "default": true}, "homeCity": "New York, NY", "lists": {"groups": [{"items": [], "count": 2, "type": "created"}]}}, {"tips": {"count": 0}, "contact": {"facebook": "549104848"}, "firstName": "Andy", "gender": "male", "lastName": "Tan", "id": "3613729", "bio": "", "photo": {"prefix": "https://igx.4sqi.net/img/user/", "suffix": "/LNTF31A1E5ISZUG4.jpg"}, "homeCity": "Singapore", "lists": {"groups": [{"items": [], "count": 2, "type": "created"}]}}, {"tips": {"count": 0}, "contact": {"facebook": "623474307"}, "firstName": "Siti", "gender": "female", "lastName": "Aishah", "id": "4693349", "bio": "", "photo": {"prefix": "https://igx.4sqi.net/img/user/", "suffix": "/Z5NL1UV4Q15J0KDM.jpg"}, "homeCity": "Singapore", "lists": {"groups": [{"items": [], "count": 2, "type": "created"}]}}, {"tips": {"count": 0}, "contact": {}, "firstName": "Alex", "gender": "male", "lastName": "Tan", "id": "3682492", "bio": "", "photo": {"prefix": "https://igx.4sqi.net/img/user/", "suffix": "/J2R5ELJYBMDGWMQE.jpg"}, "homeCity": "Singapore", "lists": {"groups": [{"items": [], "count": 2, "type": "created"}]}}, {"tips": {"count": 0}, "contact": {"facebook": "683323631"}, "firstName": "Elizabeth", "gender": "female", "lastName": "Chong", "id": "4198629", "bio": "", "photo": {"prefix": "https://igx.4sqi.net/img/user/", "suffix": "/blank_girl.png", "default": true}, "homeCity": "Singapore", "lists": {"groups": [{"items": [], "count": 2, "type": "created"}]}}, {"tips": {"count": 0}, "contact": {"facebook": "773808048"}, "firstName": "Wan Faridah", "gender": "female", "lastName": "Haris", "id": "4602869", "bio": "", "photo": {"prefix": "https://igx.4sqi.net/img/user/", "suffix": "/QCUUSP5TTNFIUPXL.jpg"}, "homeCity": "Singapore", "lists": {"groups": [{"items": [], "count": 2, "type": "created"}]}}], "count": 30}, "checksum": "35d42d6aca8c827361965e3dc8efb78a7f971dd7"}, "meta": {"requestId": "5965c7e14c1f67709eab763a", "code": 200}}