{"notifications": [{"type": "notificationTray", "item": {"unreadCount": 0}}], "meta": {"requestId": "5966e48add579712eaa0620c", "code": 200}, "response": {"friends": {"count": 50, "items": [{"id": "1366502", "photo": {"prefix": "https://igx.4sqi.net/img/user/", "suffix": "/CW2JHFJUXB2W2JVM.jpg"}, "homeCity": "Singapore", "contact": {"twitter": "wanielovecoli"}, "firstName": "Wanie", "tips": {"count": 5}, "gender": "female", "lastName": "Love coli", "lists": {"groups": [{"count": 2, "type": "created", "items": []}]}, "bio": ""}, {"id": "4350302", "photo": {"prefix": "https://igx.4sqi.net/img/user/", "suffix": "/4350302-YA5RG3BOZ4OCGZ2O.jpg"}, "homeCity": "Singapore", "contact": {"facebook": "732452075", "twitter": "myname_meiyan"}, "firstName": "Meiyan", "tips": {"count": 2}, "gender": "female", "lastName": "Yap", "lists": {"groups": [{"count": 2, "type": "created", "items": []}]}, "bio": ""}, {"id": "6773378", "photo": {"prefix": "https://igx.4sqi.net/img/user/", "suffix": "/TFFTKHZJEIM3HNA5.jpg"}, "homeCity": "Singapore", "contact": {"facebook": "100000595103790"}, "firstName": "AcEh", "tips": {"count": 0}, "gender": "male", "lastName": "Oi", "lists": {"groups": [{"count": 2, "type": "created", "items": []}]}, "bio": ""}, {"id": "3514659", "photo": {"prefix": "https://igx.4sqi.net/img/user/", "suffix": "/B1ZDZ55MFVKLBRSJ.jpg"}, "homeCity": "Singapore", "contact": {"facebook": "637871814"}, "firstName": "Jason", "tips": {"count": 0}, "gender": "male", "lastName": "Wee", "lists": {"groups": [{"count": 2, "type": "created", "items": []}]}, "bio": ""}, {"id": "4413873", "photo": {"prefix": "https://igx.4sqi.net/img/user/", "default": true, "suffix": "/blank_girl.png"}, "homeCity": "Singapore", "contact": {"facebook": "1619566080"}, "firstName": "Ivy", "tips": {"count": 0}, "gender": "female", "lastName": "Tan", "lists": {"groups": [{"count": 2, "type": "created", "items": []}]}, "bio": ""}, {"id": "5712459", "photo": {"prefix": "https://igx.4sqi.net/img/user/", "suffix": "/5712459-QV5HRFEQFDW1AQXX.jpg"}, "homeCity": "Singapore", "contact": {"facebook": "100001054104804"}, "firstName": "Teng", "tips": {"count": 0}, "gender": "male", "lastName": "Wencong", "lists": {"groups": [{"count": 2, "type": "created", "items": []}]}, "bio": ""}, {"id": "2708876", "photo": {"prefix": "https://igx.4sqi.net/img/user/", "suffix": "/E0DN2LADADPOKVK0.jpg"}, "homeCity": "Singapore", "contact": {"facebook": "100000225428819"}, "firstName": "Joanne", "tips": {"count": 3}, "gender": "female", "lists": {"groups": [{"count": 2, "type": "created", "items": []}]}, "bio": ""}, {"id": "2382043", "photo": {"prefix": "https://igx.4sqi.net/img/user/", "suffix": "/IDQQDKO5S5QCYJNI.jpg"}, "homeCity": "Singapore", "contact": {"facebook": "538333582", "twitter": "yawenwasana"}, "firstName": "Yawen", "tips": {"count": 0}, "gender": "female", "lastName": "Chng", "lists": {"groups": [{"count": 2, "type": "created", "items": []}]}, "bio": ""}, {"id": "3454443", "photo": {"prefix": "https://igx.4sqi.net/img/user/", "suffix": "/H1KQVUX0YB0JMGVZ.jpg"}, "homeCity": "Singapore", "contact": {"facebook": "541856432"}, "firstName": "Candy", "tips": {"count": 0}, "gender": "female", "lastName": "Chng", "lists": {"groups": [{"count": 2, "type": "created", "items": []}]}, "bio": ""}, {"id": "1516329", "photo": {"prefix": "https://igx.4sqi.net/img/user/", "suffix": "/GEBB4NITI1ATUP41.jpg"}, "homeCity": "Singapore", "contact": {}, "firstName": "Jolyn", "tips": {"count": 2}, "gender": "female", "lastName": "Lim", "lists": {"groups": [{"count": 2, "type": "created", "items": []}]}, "bio": ""}, {"id": "1777973", "photo": {"prefix": "https://igx.4sqi.net/img/user/", "suffix": "/MDQZADDCELTNUFLV.jpg"}, "homeCity": "Rochor, Singapore", "contact": {}, "firstName": "Melissa", "tips": {"count": 1}, "gender": "female", "lastName": "Siah", "lists": {"groups": [{"count": 2, "type": "created", "items": []}]}, "bio": ""}, {"id": "1730883", "photo": {"prefix": "https://igx.4sqi.net/img/user/", "suffix": "/KXTTAYJWAXDXVP0B.jpg"}, "homeCity": "Singapore", "contact": {"facebook": "817079061", "twitter": "jaslowkl"}, "firstName": "Jasmine", "tips": {"count": 0}, "gender": "female", "lastName": "Low", "lists": {"groups": [{"count": 2, "type": "created", "items": []}]}, "bio": ""}, {"id": "1066291", "photo": {"prefix": "https://igx.4sqi.net/img/user/", "suffix": "/SRMGA0MMC40FIMZF.jpg"}, "homeCity": "Singapore", "contact": {"facebook": "1511744617", "twitter": "nelleesmyth"}, "firstName": "Nellee", "tips": {"count": 0}, "gender": "female", "lastName": "Smyth", "lists": {"groups": [{"count": 2, "type": "created", "items": []}]}, "bio": ""}, {"id": "2440839", "photo": {"prefix": "https://igx.4sqi.net/img/user/", "suffix": "/2440839-GWWSI23XXP3LW2JJ.jpg"}, "homeCity": "Singapore", "contact": {"twitter": "lyhxoxo"}, "firstName": "Yinghui", "tips": {"count": 0}, "gender": "female", "lastName": "Lau", "lists": {"groups": [{"count": 2, "type": "created", "items": []}]}, "bio": ""}, {"id": "1493820", "photo": {"prefix": "https://igx.4sqi.net/img/user/", "suffix": "/S3AZTFDQMLQXCWK3.jpg"}, "homeCity": "Singapore", "contact": {"facebook": "725116277", "twitter": "jazz_gmt88"}, "firstName": "Jazz", "tips": {"count": 3}, "gender": "female", "lastName": "Guo", "lists": {"groups": [{"count": 2, "type": "created", "items": []}]}, "bio": ""}, {"id": "4471257", "photo": {"prefix": "https://igx.4sqi.net/img/user/", "suffix": "/3AMHD4GOWP0HYQME.jpg"}, "homeCity": "Singapore", "contact": {"facebook": "1069079492"}, "firstName": "Alan", "tips": {"count": 0}, "gender": "male", "lastName": "Tan", "lists": {"groups": [{"count": 2, "type": "created", "items": []}]}, "bio": ""}, {"id": "6812799", "photo": {"prefix": "https://igx.4sqi.net/img/user/", "suffix": "/C2P4D0LENBXL4GZU.jpg"}, "homeCity": "Singapore", "contact": {}, "firstName": "Irene", "tips": {"count": 1}, "gender": "female", "lastName": "Ong", "lists": {"groups": [{"count": 2, "type": "created", "items": []}]}, "bio": ""}, {"id": "2764707", "photo": {"prefix": "https://igx.4sqi.net/img/user/", "default": true, "suffix": "/blank_girl.png"}, "homeCity": "Singapore", "contact": {"facebook": "624360715"}, "firstName": "Janice", "tips": {"count": 0}, "gender": "female", "lastName": "\uc720\ud6a8\ubbf8", "lists": {"groups": [{"count": 2, "type": "created", "items": []}]}, "bio": ""}, {"id": "3058292", "photo": {"prefix": "https://igx.4sqi.net/img/user/", "suffix": "/HSWCI4FDT120GQZN.jpg"}, "homeCity": "Singapore", "contact": {}, "firstName": "Amirah", "tips": {"count": 0}, "gender": "female", "lastName": "Isnin", "lists": {"groups": [{"count": 2, "type": "created", "items": []}]}, "bio": ""}, {"id": "5032795", "photo": {"prefix": "https://igx.4sqi.net/img/user/", "suffix": "/T3TZ1S1LLJHMQGD0.jpg"}, "homeCity": "Singapore", "contact": {"facebook": "100001591939920"}, "firstName": "eugene", "tips": {"count": 0}, "gender": "male", "lastName": "chen", "lists": {"groups": [{"count": 2, "type": "created", "items": []}]}, "bio": ""}, {"id": "2993661", "photo": {"prefix": "https://igx.4sqi.net/img/user/", "suffix": "/EEQ51DXVKDR35ZTN.jpg"}, "homeCity": "Singapore", "contact": {}, "firstName": "Theresa", "tips": {"count": 0}, "gender": "female", "lastName": "Tan", "lists": {"groups": [{"count": 2, "type": "created", "items": []}]}, "bio": ""}, {"id": "4928195", "photo": {"prefix": "https://igx.4sqi.net/img/user/", "suffix": "/A0PXLHFXE0GHQYFF.jpg"}, "homeCity": "Singapore", "contact": {"facebook": "718015800"}, "firstName": "\ue32eZ!L!ng\ue327", "tips": {"count": 0}, "gender": "female", "lists": {"groups": [{"count": 2, "type": "created", "items": []}]}, "bio": ""}, {"id": "1401693", "photo": {"prefix": "https://igx.4sqi.net/img/user/", "suffix": "/STSY4NVEL2NJXS2D.jpg"}, "homeCity": "Singapore, 529757", "contact": {"facebook": "622155474", "twitter": "kammyadrienne"}, "firstName": "Kammy", "tips": {"count": 1}, "gender": "female", "lastName": "Adrienne", "lists": {"groups": [{"count": 2, "type": "created", "items": []}]}, "bio": ""}, {"id": "3168293", "photo": {"prefix": "https://igx.4sqi.net/img/user/", "suffix": "/SEGVD55XYVY0ZWBF.jpg"}, "homeCity": "Singapore", "contact": {}, "firstName": "Jo", "tips": {"count": 7}, "gender": "female", "lists": {"groups": [{"count": 2, "type": "created", "items": []}]}, "bio": ""}, {"id": "4554829", "photo": {"prefix": "https://igx.4sqi.net/img/user/", "suffix": "/X0XPDQPPV2OZBO2K.jpg"}, "homeCity": "Singapore", "contact": {}, "firstName": "Candy", "tips": {"count": 0}, "gender": "female", "lastName": "Yip", "lists": {"groups": [{"count": 2, "type": "created", "items": []}]}, "bio": ""}, {"id": "7236130", "photo": {"prefix": "https://igx.4sqi.net/img/user/", "suffix": "/C4V5QYCWINBPJOIY.jpg"}, "homeCity": "Singapore", "contact": {}, "firstName": "Kok Ee", "tips": {"count": 0}, "gender": "female", "lastName": "Chong", "lists": {"groups": [{"count": 2, "type": "created", "items": []}]}, "bio": ""}, {"id": "2765654", "photo": {"prefix": "https://igx.4sqi.net/img/user/", "suffix": "/X20VSV3DTJV4GUTU.jpg"}, "homeCity": "Singapore", "contact": {"facebook": "676842033", "twitter": "anggie_ashley"}, "firstName": "Anggie", "tips": {"count": 0}, "gender": "female", "lastName": "Tay", "lists": {"groups": [{"count": 2, "type": "created", "items": []}]}, "bio": ""}, {"id": "3901868", "photo": {"prefix": "https://igx.4sqi.net/img/user/", "suffix": "/3901868-WCH1ND3KV22HDLW3.jpg"}, "homeCity": "Singapore", "contact": {"facebook": "570703756"}, "firstName": "Phang", "tips": {"count": 0}, "gender": "male", "lastName": "Martin", "lists": {"groups": [{"count": 2, "type": "created", "items": []}]}, "bio": ""}, {"id": "8548084", "photo": {"prefix": "https://igx.4sqi.net/img/user/", "suffix": "/HFCKDI4PLH4P4NZZ.jpg"}, "homeCity": "NY", "contact": {}, "firstName": "Kelvin", "tips": {"count": 0}, "gender": "male", "lastName": "Oyster", "lists": {"groups": [{"count": 2, "type": "created", "items": []}]}, "bio": ""}, {"id": "2078022", "photo": {"prefix": "https://igx.4sqi.net/img/user/", "suffix": "/X3W34AFQDUBOJHDR.jpg"}, "homeCity": "Singapore, SG", "contact": {}, "firstName": "BabyToji", "tips": {"count": 0}, "gender": "female", "lastName": "Nurin", "lists": {"groups": [{"count": 2, "type": "created", "items": []}]}, "bio": ""}, {"id": "4134950", "photo": {"prefix": "https://igx.4sqi.net/img/user/", "suffix": "/YFZOSMYPUFDMVDIO.jpg"}, "homeCity": "Singapore", "contact": {"facebook": "1035105870"}, "firstName": "Guoling", "tips": {"count": 0}, "gender": "female", "lists": {"groups": [{"count": 2, "type": "created", "items": []}]}, "bio": ""}, {"id": "4879836", "photo": {"prefix": "https://igx.4sqi.net/img/user/", "default": true, "suffix": "/blank_boy.png"}, "homeCity": "Singapore", "contact": {"facebook": "532936972"}, "firstName": "Javis", "tips": {"count": 0}, "gender": "male", "lastName": "Tai", "lists": {"groups": [{"count": 2, "type": "created", "items": []}]}, "bio": ""}, {"id": "2800589", "photo": {"prefix": "https://igx.4sqi.net/img/user/", "suffix": "/TLFDL04QUZZBYDYO.jpg"}, "homeCity": "Singapore", "contact": {"twitter": "atticakrm"}, "firstName": "Atticakrm", "tips": {"count": 1}, "gender": "female", "lists": {"groups": [{"count": 3, "type": "created", "items": []}]}, "bio": ""}, {"id": "3903477", "photo": {"prefix": "https://igx.4sqi.net/img/user/", "suffix": "/MSSJF5YYRJLN1OFO.jpg"}, "homeCity": "Singapore", "contact": {"facebook": "685456111"}, "firstName": "\ue32dJolin Jin Blur", "tips": {"count": 4}, "gender": "female", "lists": {"groups": [{"count": 2, "type": "created", "items": []}]}, "bio": ""}, {"id": "2172355", "photo": {"prefix": "https://igx.4sqi.net/img/user/", "suffix": "/C3NQRO0IMRKNVPXH.jpg"}, "homeCity": "Singapore", "contact": {"facebook": "100002113120559", "twitter": "aiko_meimei"}, "firstName": "Aiko", "tips": {"count": 0}, "gender": "female", "lastName": "yawichaipan", "lists": {"groups": [{"count": 2, "type": "created", "items": []}]}, "bio": ""}, {"id": "5984853", "photo": {"prefix": "https://igx.4sqi.net/img/user/", "suffix": "/ULIBMBWGAKY0M3SB.jpg"}, "homeCity": "Singapore", "contact": {}, "firstName": "Janice", "tips": {"count": 0}, "gender": "female", "lastName": "Chin", "lists": {"groups": [{"count": 2, "type": "created", "items": []}]}, "bio": ""}, {"id": "6207220", "photo": {"prefix": "https://igx.4sqi.net/img/user/", "suffix": "/G23TPNJSBKOISR2U.jpg"}, "homeCity": "Singapore", "contact": {"facebook": "570897823"}, "firstName": "Eddie", "tips": {"count": 0}, "gender": "male", "lastName": "Chen", "lists": {"groups": [{"count": 2, "type": "created", "items": []}]}, "bio": ""}, {"id": "2967755", "photo": {"prefix": "https://igx.4sqi.net/img/user/", "suffix": "/1RDOAAQDXNHPZXV2.jpg"}, "homeCity": "Singapore", "contact": {"facebook": "100000208150935"}, "firstName": "Kerlynn", "tips": {"count": 0}, "gender": "female", "lastName": "Poh", "lists": {"groups": [{"count": 2, "type": "created", "items": []}]}, "bio": ""}, {"id": "5097127", "photo": {"prefix": "https://igx.4sqi.net/img/user/", "suffix": "/WVHZJ4P55QSNXBVK.jpg"}, "homeCity": "Singapore", "contact": {"facebook": "809523642", "twitter": "mofoslut"}, "firstName": "Amanda", "tips": {"count": 5}, "gender": "female", "lastName": "Tiong", "lists": {"groups": [{"count": 2, "type": "created", "items": []}]}, "bio": "A proud mama with a beautiful daughter..!!"}, {"id": "2531309", "photo": {"prefix": "https://igx.4sqi.net/img/user/", "suffix": "/2531309-NI2PNRUHZ13P5SV0.jpg"}, "homeCity": "Singapore", "contact": {"facebook": "650557263"}, "firstName": "shaikhy\ud83d\udc9ewatie", "tips": {"count": 5}, "gender": "male", "lists": {"groups": [{"count": 2, "type": "created", "items": []}]}, "bio": "For u know for u find out where is the place are.."}, {"id": "6344793", "photo": {"prefix": "https://igx.4sqi.net/img/user/", "suffix": "/MF2RYKTNPRC3T33S.jpg"}, "homeCity": "Singapore", "contact": {"facebook": "100001780315915"}, "firstName": "Lim", "tips": {"count": 6}, "gender": "male", "lastName": "Clifford", "lists": {"groups": [{"count": 2, "type": "created", "items": []}]}, "bio": ""}, {"id": "3356451", "photo": {"prefix": "https://igx.4sqi.net/img/user/", "suffix": "/PNONO3UNI35ZDHGQ.jpg"}, "homeCity": "Singapore", "contact": {"facebook": "733266109", "twitter": "estheralyse"}, "firstName": "\ud83c\udf80Esther", "tips": {"count": 5}, "gender": "female", "lastName": "Alyse Yang\ud83c\udf80", "lists": {"groups": [{"count": 3, "type": "created", "items": []}]}, "bio": ""}, {"id": "5253770", "photo": {"prefix": "https://igx.4sqi.net/img/user/", "suffix": "/ZN00IJSQBQAPL0QG.jpg"}, "homeCity": "Singapore", "contact": {}, "firstName": "Eunice", "tips": {"count": 0}, "gender": "female", "lastName": "Lim", "lists": {"groups": [{"count": 2, "type": "created", "items": []}]}, "bio": ""}, {"id": "2978059", "photo": {"prefix": "https://igx.4sqi.net/img/user/", "suffix": "/HIDVPKGXAJKVUR5Y.jpg"}, "homeCity": "Singapore", "contact": {"facebook": "100000353043445"}, "firstName": "Ahsong", "tips": {"count": 0}, "gender": "male", "lists": {"groups": [{"count": 2, "type": "created", "items": []}]}, "bio": ""}, {"id": "3359045", "photo": {"prefix": "https://igx.4sqi.net/img/user/", "suffix": "/RX5E4B2IQ01W2R2O.jpg"}, "homeCity": "\u0e1a\u0e49\u0e32\u0e19\u0e20\u0e32\u0e13\u0e38 , \u0e1b\u0e23\u0e30\u0e40\u0e17\u0e28\u0e44\u0e17\u0e22", "contact": {"facebook": "755149324", "twitter": "abthita"}, "firstName": "Vivian", "tips": {"count": 7}, "gender": "female", "lastName": "Ho", "lists": {"groups": [{"count": 4, "type": "created", "items": []}]}, "bio": ""}, {"id": "5337271", "photo": {"prefix": "https://igx.4sqi.net/img/user/", "suffix": "/BXMTCAHQ454G02NZ.jpg"}, "homeCity": "Singapore", "contact": {"facebook": "533485387"}, "firstName": "Wei Yong", "tips": {"count": 1}, "gender": "male", "lastName": "Cai", "lists": {"groups": [{"count": 2, "type": "created", "items": []}]}, "bio": ""}, {"id": "4603706", "photo": {"prefix": "https://igx.4sqi.net/img/user/", "suffix": "/PZ2JIAZB0QN5PWXP.jpg"}, "homeCity": "Singapore", "contact": {}, "firstName": "Ckhong", "tips": {"count": 0}, "gender": "male", "lists": {"groups": [{"count": 2, "type": "created", "items": []}]}, "bio": ""}, {"id": "3955864", "photo": {"prefix": "https://igx.4sqi.net/img/user/", "suffix": "/UABED5BSJWKDVW2T.jpg"}, "homeCity": "Singapore", "contact": {"facebook": "648199562"}, "firstName": "Berx2", "tips": {"count": 4}, "gender": "female", "lists": {"groups": [{"count": 2, "type": "created", "items": []}]}, "bio": ""}, {"id": "5384834", "photo": {"prefix": "https://igx.4sqi.net/img/user/", "default": true, "suffix": "/blank_girl.png"}, "homeCity": "Singapore", "contact": {}, "firstName": "Ivy", "tips": {"count": 0}, "gender": "female", "lastName": "Tan", "lists": {"groups": [{"count": 2, "type": "created", "items": []}]}, "bio": ""}, {"id": "5123737", "photo": {"prefix": "https://igx.4sqi.net/img/user/", "default": true, "suffix": "/blank_boy.png"}, "homeCity": "Singapore", "contact": {"facebook": "580369128"}, "firstName": "Nicholas", "tips": {"count": 0}, "gender": "male", "lastName": "Lim", "lists": {"groups": [{"count": 2, "type": "created", "items": []}]}, "bio": ""}]}, "checksum": "d3a678b17e2563ee2ec8341aef5d0d9a5d0848cb"}}