{"notifications": [{"type": "notificationTray", "item": {"unreadCount": 0}}], "response": {"friends": {"items": [{"tips": {"count": 0}, "contact": {}, "firstName": "Cassandra", "gender": "female", "lastName": "Jones", "id": "80542120", "bio": "", "photo": {"prefix": "https://igx.4sqi.net/img/user/", "suffix": "/80542120-FJ5RFZXXFFMFZFRO.jpg"}, "homeCity": "", "lists": {"groups": [{"items": [], "count": 2, "type": "created"}]}}, {"tips": {"count": 0}, "contact": {}, "firstName": "Gillian", "gender": "female", "lastName": "Maxwell", "id": "76040654", "bio": "I was looking for you...where you from??", "photo": {"prefix": "https://igx.4sqi.net/img/user/", "suffix": "/blank_girl.png", "default": true}, "homeCity": "Lansford, PA", "lists": {"groups": [{"items": [], "count": 2, "type": "created"}]}}], "count": 2}, "checksum": "57c2eaaad22ef4d230a265c917d37741740c6e86"}, "meta": {"requestId": "59661b7a1ed21919f858d40f", "code": 200}}