{"meta": {"code": 200, "requestId": "595a3a614c1f67709e4980b7"}, "response": {"suggestedFilters": {"filters": [{"name": "Open now", "key": "openNow"}], "header": "Tap to show:"}, "totalResults": 49, "headerFullLocation": "Bukit Panjang, Singapore", "headerLocationGranularity": "neighborhood", "suggestedBounds": {"ne": {"lng": 103.77169200744584, "lat": 1.3939030322139272}, "sw": {"lng": 103.75731466887217, "lat": 1.379503017813913}}, "groups": [{"items": [{"reasons": {"items": [{"reasonName": "globalInteractionReason", "summary": "This spot is popular", "type": "general"}], "count": 0}, "venue": {"hereNow": {"groups": [], "summary": "Nobody here", "count": 0}, "contact": {"phone": "+6567641080", "formattedPhone": "+65 6764 1080"}, "photos": {"groups": [], "count": 0}, "rating": 7.8, "name": "McDonald's", "ratingSignals": 35, "allowMenuUrlEdit": true, "categories": [{"pluralName": "Fast Food Restaurants", "id": "4bf58dd8d48988d16e941735", "primary": true, "icon": {"prefix": "https://ss3.4sqi.net/img/categories_v2/food/fastfood_", "suffix": ".png"}, "name": "Fast Food Restaurant", "shortName": "Fast Food"}], "stats": {"checkinsCount": 9402, "usersCount": 2225, "tipCount": 25}, "id": "4bffd189369476b011558e1f", "beenHere": {"lastCheckinExpiredAt": 0, "count": 0, "marked": false}, "url": "http://www.mcdonalds.com.sg", "ratingColor": "C5DE35", "location": {"lng": 103.77034905218021, "formattedAddress": ["#01-520, Fajar Shopping Centre (445 Fajar Rd)", "670445", "Singapore"], "postalCode": "670445", "lat": 1.3840472937318868, "crossStreet": "445 Fajar Rd", "country": "Singapore", "distance": 714, "city": "Singapore", "cc": "SG", "address": "#01-520, Fajar Shopping Centre", "labeledLatLngs": [{"lng": 103.77034905218021, "label": "display", "lat": 1.3840472937318868}]}, "hours": {"isLocalHoliday": false, "isOpen": true, "status": "Likely open"}, "verified": false, "price": {"tier": 1, "currency": "$", "message": "Cheap"}}, "referralId": "e-3-4bffd189369476b011558e1f-0", "tips": [{"id": "4d4c51a52d0d8cfa8762ce25", "text": "squeezeeee out... all-day-juicy-access, all-you-can-consume-wifi for phhhrreeeeeeee...!!! ain't you lovin' it too? aaawwuuuuugggaaahhh~", "disagreeCount": 0, "logView": true, "createdAt": 1296847269, "likes": {"groups": [], "summary": "2 likes", "count": 2}, "todo": {"count": 0}, "agreeCount": 2, "canonicalUrl": "https://foursquare.com/item/4d4c51a52d0d8cfa8762ce25", "type": "user", "user": {"gender": "female", "id": "3068427", "photo": {"prefix": "https://igx.4sqi.net/img/user/", "suffix": "/43QWORWP05KNXO13.jpg"}, "firstName": "Cytheria", "lastName": "Dorian"}}]}, {"reasons": {"items": [{"reasonName": "globalInteractionReason", "summary": "This spot is popular", "type": "general"}], "count": 0}, "venue": {"hereNow": {"groups": [], "summary": "Nobody here", "count": 0}, "contact": {"phone": "+6568924142", "formattedPhone": "+65 6892 4142"}, "photos": {"groups": [], "count": 0}, "rating": 6.9, "name": "Subway", "ratingSignals": 11, "allowMenuUrlEdit": true, "categories": [{"pluralName": "Sandwich Places", "id": "4bf58dd8d48988d1c5941735", "primary": true, "icon": {"prefix": "https://ss3.4sqi.net/img/categories_v2/food/deli_", "suffix": ".png"}, "name": "Sandwich Place", "shortName": "Sandwiches"}], "stats": {"checkinsCount": 1501, "usersCount": 597, "tipCount": 3}, "id": "4bd44229462cb7130ae8df07", "beenHere": {"lastCheckinExpiredAt": 0, "count": 0, "marked": false}, "url": "http://www.subway.com.sg", "ratingColor": "FFC800", "location": {"lng": 103.76413069259615, "formattedAddress": ["#01-38, Bukit Panjang Plaza (1 Jelebu Rd)", "677743", "Singapore"], "postalCode": "677743", "lat": 1.3798143731572792, "crossStreet": "1 Jelebu Rd", "country": "Singapore", "distance": 767, "city": "Singapore", "cc": "SG", "address": "#01-38, Bukit Panjang Plaza", "labeledLatLngs": [{"lng": 103.76413069259615, "label": "display", "lat": 1.3798143731572792}]}, "hours": {"isLocalHoliday": false, "isOpen": true, "status": "Likely open"}, "verified": false, "price": {"tier": 1, "currency": "$", "message": "Cheap"}}, "referralId": "e-3-4bd44229462cb7130ae8df07-1", "tips": [{"id": "513b0a7be4b0fdf0d5303a9c", "text": "Packed my wrap. The Rail Mall add only 40cents for wrap. Here add 50cents. Why the difference?", "disagreeCount": 0, "createdAt": 1362823803, "logView": true, "todo": {"count": 0}, "agreeCount": 0, "canonicalUrl": "https://foursquare.com/item/513b0a7be4b0fdf0d5303a9c", "type": "user", "user": {"gender": "female", "id": "4831377", "photo": {"prefix": "https://igx.4sqi.net/img/user/", "suffix": "/4831377-Z0SULWALJD1KYHSP.jpg"}, "firstName": "Andorra", "lastName": "Ooi"}}]}, {"reasons": {"items": [{"reasonName": "globalInteractionReason", "summary": "This spot is popular", "type": "general"}], "count": 0}, "venue": {"hereNow": {"groups": [], "summary": "Nobody here", "count": 0}, "contact": {"phone": "+6568928700", "formattedPhone": "+65 6892 8700"}, "photos": {"groups": [], "count": 0}, "rating": 6.3, "name": "Jack's Place", "ratingSignals": 20, "allowMenuUrlEdit": true, "categories": [{"pluralName": "Steakhouses", "id": "4bf58dd8d48988d1cc941735", "primary": true, "icon": {"prefix": "https://ss3.4sqi.net/img/categories_v2/food/steakhouse_", "suffix": ".png"}, "name": "Steakhouse", "shortName": "Steakhouse"}], "stats": {"checkinsCount": 1842, "usersCount": 972, "tipCount": 7}, "id": "4bff72cbdaf9c9b6b443faef", "beenHere": {"lastCheckinExpiredAt": 0, "count": 0, "marked": false}, "ratingColor": "FFC800", "location": {"lng": 103.76428346049326, "formattedAddress": ["#03-10 Bukit Panjang Plaza (1 Jelebu Rd.)", "677743", "Singapore"], "postalCode": "677743", "lat": 1.37980939116703, "crossStreet": "1 Jelebu Rd.", "country": "Singapore", "distance": 767, "city": "Singapore", "cc": "SG", "address": "#03-10 Bukit Panjang Plaza", "labeledLatLngs": [{"lng": 103.76428346049326, "label": "display", "lat": 1.37980939116703}]}, "hours": {"isLocalHoliday": false, "isOpen": true, "status": "Likely open"}, "verified": false, "price": {"tier": 4, "currency": "$", "message": "Very Expensive"}}, "referralId": "e-3-4bff72cbdaf9c9b6b443faef-2", "tips": [{"id": "5152993be4b049c634570e9b", "text": "Nice and friendly service staff here", "disagreeCount": 0, "logView": true, "createdAt": 1364367675, "likes": {"groups": [], "summary": "3 likes", "count": 3}, "todo": {"count": 0}, "agreeCount": 3, "canonicalUrl": "https://foursquare.com/item/5152993be4b049c634570e9b", "type": "user", "user": {"gender": "female", "id": "31246984", "photo": {"prefix": "https://igx.4sqi.net/img/user/", "suffix": "/31246984-UCI45XIP2JYNJUSI.jpg"}, "firstName": "Thong", "lastName": "Kaisin"}}]}, {"reasons": {"items": [{"reasonName": "globalInteractionReason", "summary": "This spot is popular", "type": "general"}], "count": 0}, "venue": {"hereNow": {"groups": [], "summary": "Nobody here", "count": 0}, "contact": {}, "photos": {"groups": [], "count": 0}, "rating": 6.3, "name": "Swensen's", "ratingSignals": 23, "allowMenuUrlEdit": true, "categories": [{"pluralName": "American Restaurants", "id": "4bf58dd8d48988d14e941735", "primary": true, "icon": {"prefix": "https://ss3.4sqi.net/img/categories_v2/food/default_", "suffix": ".png"}, "name": "American Restaurant", "shortName": "American"}], "stats": {"checkinsCount": 2298, "usersCount": 1333, "tipCount": 13}, "id": "4bd28d0e41b9ef3b666efee5", "beenHere": {"lastCheckinExpiredAt": 0, "count": 0, "marked": false}, "ratingColor": "FFC800", "location": {"lng": 103.76409674419818, "formattedAddress": ["#03-04, Bukit Panjang Plaza (1 Jelebu Road)", "677743", "Singapore"], "postalCode": "677743", "lat": 1.3796346899710992, "crossStreet": "1 Jelebu Road", "country": "Singapore", "distance": 788, "city": "Singapore", "cc": "SG", "address": "#03-04, Bukit Panjang Plaza", "labeledLatLngs": [{"lng": 103.76409674419818, "label": "display", "lat": 1.3796346899710992}]}, "hours": {"isLocalHoliday": false, "isOpen": true, "status": "Likely open"}, "verified": false, "price": {"tier": 2, "currency": "$", "message": "Moderate"}}, "referralId": "e-3-4bd28d0e41b9ef3b666efee5-3", "tips": [{"id": "4c61e1c6de1b2d7fc40ae170", "text": "I love Swensens!", "disagreeCount": 0, "logView": true, "createdAt": 1281483206, "likes": {"groups": [], "summary": "10 likes", "count": 10}, "todo": {"count": 0}, "agreeCount": 0, "canonicalUrl": "https://foursquare.com/item/4c61e1c6de1b2d7fc40ae170", "type": "user", "user": {"gender": "female", "id": "2585968", "photo": {"prefix": "https://igx.4sqi.net/img/user/", "suffix": "/XYW50HY3AYHW51HX.jpg"}, "firstName": "Sueann", "lastName": "Toh"}}]}, {"reasons": {"items": [{"reasonName": "globalInteractionReason", "summary": "This spot is popular", "type": "general"}], "count": 0}, "venue": {"hereNow": {"groups": [], "summary": "Nobody here", "count": 0}, "contact": {"twitter": "kfc_sg", "phone": "+6567690105", "formattedPhone": "+65 6769 0105"}, "photos": {"groups": [], "count": 0}, "rating": 5.7, "name": "KFC", "ratingSignals": 8, "allowMenuUrlEdit": true, "categories": [{"pluralName": "Fried Chicken Joints", "id": "4d4ae6fc7a7b7dea34424761", "primary": true, "icon": {"prefix": "https://ss3.4sqi.net/img/categories_v2/food/friedchicken_", "suffix": ".png"}, "name": "Fried Chicken Joint", "shortName": "Fried Chicken"}], "stats": {"checkinsCount": 1619, "usersCount": 509, "tipCount": 6}, "id": "4c5e2fad85a1e21e66d05b11", "beenHere": {"lastCheckinExpiredAt": 0, "count": 0, "marked": false}, "url": "http://www.kfc.com.sg", "ratingColor": "FF9600", "location": {"lng": 103.76599788665771, "formattedAddress": ["#01-04 Greenridge Shopping Centre (524A Jelapang Rd)", "671524", "Singapore"], "postalCode": "671524", "lat": 1.3848291378464876, "crossStreet": "524A Jelapang Rd", "country": "Singapore", "distance": 266, "city": "Singapore", "cc": "SG", "address": "#01-04 Greenridge Shopping Centre", "labeledLatLngs": [{"lng": 103.76599788665771, "label": "display", "lat": 1.3848291378464876}]}, "hours": {"isLocalHoliday": false, "isOpen": true, "status": "Likely open"}, "verified": false, "price": {"tier": 1, "currency": "$", "message": "Cheap"}}, "referralId": "e-3-4c5e2fad85a1e21e66d05b11-4", "tips": [{"id": "4e9c0c0f02d5df1b50da1370", "text": "Love their bandito pocket. Hehe.", "disagreeCount": 0, "createdAt": 1318849551, "logView": true, "todo": {"count": 0}, "agreeCount": 0, "canonicalUrl": "https://foursquare.com/item/4e9c0c0f02d5df1b50da1370", "type": "user", "user": {"id": "7228307", "photo": {"prefix": "https://igx.4sqi.net/img/user/", "suffix": "/7228307_2g05TS6r_L8GHihSIIyx2aYA9Sp8GEQO8vtNCCjQNmItMKQHvrrfg4f-YWA62fYGfzLICizXz.jpg"}, "firstName": "Peony", "gender": "female"}}]}, {"reasons": {"items": [{"reasonName": "globalInteractionReason", "summary": "This spot is popular", "type": "general"}], "count": 0}, "venue": {"hereNow": {"groups": [], "summary": "Nobody here", "count": 0}, "contact": {"phone": "+6567592338", "formattedPhone": "+65 6759 2338"}, "photos": {"groups": [], "count": 0}, "name": "Amethyst Pastry & Cakes", "allowMenuUrlEdit": true, "beenHere": {"lastCheckinExpiredAt": 0, "count": 0, "marked": false}, "stats": {"checkinsCount": 356, "usersCount": 23, "tipCount": 1}, "id": "4cf492d97e0da1cdcff8a297", "categories": [{"pluralName": "Bakeries", "id": "4bf58dd8d48988d16a941735", "primary": true, "icon": {"prefix": "https://ss3.4sqi.net/img/categories_v2/food/bakery_", "suffix": ".png"}, "name": "Bakery", "shortName": "Bakery"}], "location": {"lng": 103.76523402020136, "formattedAddress": ["#02-04 Greenridge Shopping Centre (Blk 524A Jelapang Rd)", "Singapore"], "lat": 1.3857613106348428, "crossStreet": "Blk 524A Jelapang Rd", "country": "Singapore", "distance": 132, "city": "Singapore", "cc": "SG", "address": "#02-04 Greenridge Shopping Centre", "labeledLatLngs": [{"lng": 103.76523402020136, "label": "display", "lat": 1.3857613106348428}]}, "verified": false, "price": {"tier": 1, "currency": "$", "message": "Cheap"}}, "referralId": "e-3-4cf492d97e0da1cdcff8a297-5", "tips": [{"id": "55f56673498e53a28759b9fa", "text": "Did u know? This is a 62-yo Hainanese bakery!", "disagreeCount": 0, "createdAt": 1442145907, "logView": true, "todo": {"count": 0}, "agreeCount": 0, "canonicalUrl": "https://foursquare.com/item/55f56673498e53a28759b9fa", "type": "user", "user": {"gender": "male", "id": "231366", "photo": {"prefix": "https://igx.4sqi.net/img/user/", "suffix": "/231366-Q2ZSAEF50GYUXPDA.jpg"}, "firstName": "Cheen", "lastName": "The Curious"}}]}, {"reasons": {"items": [{"reasonName": "globalInteractionReason", "summary": "This spot is popular", "type": "general"}], "count": 0}, "venue": {"hereNow": {"groups": [], "summary": "Nobody here", "count": 0}, "contact": {}, "photos": {"groups": [], "count": 0}, "name": "Ming Kitchen Seafood Restaurant", "allowMenuUrlEdit": true, "beenHere": {"lastCheckinExpiredAt": 0, "count": 0, "marked": false}, "stats": {"checkinsCount": 140, "usersCount": 33, "tipCount": 1}, "id": "4d7cc1ae5a396dcb83c67afb", "categories": [{"pluralName": "Seafood Restaurants", "id": "4bf58dd8d48988d1ce941735", "primary": true, "icon": {"prefix": "https://ss3.4sqi.net/img/categories_v2/food/seafood_", "suffix": ".png"}, "name": "Seafood Restaurant", "shortName": "Seafood"}], "location": {"lng": 103.76600352584393, "formattedAddress": ["524A (Jelapang Road)", "Singapore"], "lat": 1.3847840996194312, "crossStreet": "Jelapang Road", "country": "Singapore", "distance": 271, "city": "Singapore", "cc": "SG", "address": "524A", "labeledLatLngs": [{"lng": 103.76600352584393, "label": "display", "lat": 1.3847840996194312}]}, "verified": false, "price": {"tier": 3, "currency": "$", "message": "Expensive"}}, "referralId": "e-3-4d7cc1ae5a396dcb83c67afb-6", "tips": [{"id": "4d7cc2176152b60c15749726", "text": "Service sucks.", "disagreeCount": 0, "createdAt": 1300021783, "logView": true, "todo": {"count": 0}, "agreeCount": 0, "canonicalUrl": "https://foursquare.com/item/4d7cc2176152b60c15749726", "type": "user", "user": {"gender": "male", "id": "2852546", "photo": {"prefix": "https://igx.4sqi.net/img/user/", "suffix": "/2852546_TKQpgxry_MYwG0h7Iosd1k4UasWKL7kYIWAtg13hth6O54ks3Ck5ZYELz7J5W0wfk-z8tqMbl.jpg"}, "firstName": "Christopher", "lastName": "Phoon"}}]}, {"reasons": {"items": [{"reasonName": "globalInteractionReason", "summary": "This spot is popular", "type": "general"}], "count": 0}, "venue": {"contact": {}, "photos": {"groups": [], "count": 0}, "name": "Bagus", "allowMenuUrlEdit": true, "beenHere": {"lastCheckinExpiredAt": 0, "count": 0, "marked": false}, "stats": {"checkinsCount": 461, "usersCount": 140, "tipCount": 1}, "id": "4faf9f4be4b0c8d28899b192", "categories": [{"pluralName": "Food Courts", "id": "4bf58dd8d48988d120951735", "primary": true, "icon": {"prefix": "https://ss3.4sqi.net/img/categories_v2/shops/food_foodcourt_", "suffix": ".png"}, "name": "Food Court", "shortName": "Food Court"}], "location": {"formattedAddress": ["524A Jelapang Road", "Singapore"], "lat": 1.384782592540451, "lng": 103.76628077528052, "country": "Singapore", "distance": 291, "city": "Singapore", "cc": "SG", "address": "524A Jelapang Road", "labeledLatLngs": [{"lng": 103.76628077528052, "label": "display", "lat": 1.384782592540451}]}, "hours": {"isLocalHoliday": false, "isOpen": true, "status": "Likely open"}, "verified": false, "hereNow": {"groups": [], "summary": "Nobody here", "count": 0}}, "referralId": "e-3-4faf9f4be4b0c8d28899b192-7", "tips": [{"id": "5388a3da11d295de0c8b6b05", "text": "The fish ball noddles and prawn noodles have been consistently outstanding ever since I first patronised the stall in 2004! =D", "disagreeCount": 0, "createdAt": 1401463770, "logView": true, "todo": {"count": 0}, "agreeCount": 0, "canonicalUrl": "https://foursquare.com/item/5388a3da11d295de0c8b6b05", "type": "user", "user": {"gender": "male", "id": "5449139", "photo": {"prefix": "https://igx.4sqi.net/img/user/", "suffix": "/PLTZ5B1ZU5P4NJBH.jpg"}, "firstName": "Afiq", "lastName": "Syazani"}}]}, {"reasons": {"items": [{"reasonName": "globalInteractionReason", "summary": "This spot is popular", "type": "general"}], "count": 0}, "venue": {"hereNow": {"groups": [], "summary": "Nobody here", "count": 0}, "contact": {}, "photos": {"groups": [], "count": 0}, "rating": 5.9, "name": "Nice Cafe", "ratingSignals": 9, "allowMenuUrlEdit": true, "categories": [{"pluralName": "Asian Restaurants", "id": "4bf58dd8d48988d142941735", "primary": true, "icon": {"prefix": "https://ss3.4sqi.net/img/categories_v2/food/asian_", "suffix": ".png"}, "name": "Asian Restaurant", "shortName": "Asian"}], "stats": {"checkinsCount": 629, "usersCount": 162, "tipCount": 8}, "id": "4cfa28ad0df3236a0d1ef2a9", "beenHere": {"lastCheckinExpiredAt": 0, "count": 0, "marked": false}, "ratingColor": "FF9600", "location": {"lng": 103.7644100189209, "formattedAddress": ["Senja-Cashew Community Club #01-04 (101 Bukit Panjang Rd)", "679910", "Singapore"], "postalCode": "679910", "lat": 1.3813432819976297, "crossStreet": "101 Bukit Panjang Rd", "country": "Singapore", "distance": 596, "city": "Singapore", "cc": "SG", "address": "Senja-Cashew Community Club #01-04", "labeledLatLngs": [{"lng": 103.7644100189209, "label": "display", "lat": 1.3813432819976297}]}, "hours": {"isLocalHoliday": false, "isOpen": false}, "verified": false, "price": {"tier": 2, "currency": "$", "message": "Moderate"}}, "referralId": "e-3-4cfa28ad0df3236a0d1ef2a9-8", "tips": [{"id": "4d82d7b05e70224b3c55ec08", "text": "Muslim food here very nice..yummy!", "disagreeCount": 0, "logView": true, "createdAt": 1300420528, "likes": {"groups": [], "summary": "2 likes", "count": 2}, "todo": {"count": 0}, "agreeCount": 2, "canonicalUrl": "https://foursquare.com/item/4d82d7b05e70224b3c55ec08", "type": "user", "user": {"gender": "male", "id": "5884379", "photo": {"prefix": "https://igx.4sqi.net/img/user/", "suffix": "/SE5B3KSTQC1LBLNM.jpg"}, "firstName": "Alex", "lastName": "Wong"}}]}, {"reasons": {"items": [{"reasonName": "globalInteractionReason", "summary": "This spot is popular", "type": "general"}], "count": 0}, "venue": {"id": "4d0207473fd4224b2b85b477", "hereNow": {"groups": [], "summary": "Nobody here", "count": 0}, "contact": {}, "beenHere": {"lastCheckinExpiredAt": 0, "count": 0, "marked": false}, "photos": {"groups": [], "count": 0}, "name": "Tenderbest @ Greenridge Shopping centre", "location": {"formattedAddress": ["524A jelapang road", "Singapore"], "lat": 1.3848542653894136, "lng": 103.76649012727502, "distance": 302, "country": "Singapore", "cc": "SG", "address": "524A jelapang road", "labeledLatLngs": [{"lng": 103.76649012727502, "label": "display", "lat": 1.3848542653894136}]}, "allowMenuUrlEdit": true, "verified": false, "categories": [{"pluralName": "Food Courts", "id": "4bf58dd8d48988d120951735", "primary": true, "icon": {"prefix": "https://ss3.4sqi.net/img/categories_v2/shops/food_foodcourt_", "suffix": ".png"}, "name": "Food Court", "shortName": "Food Court"}], "stats": {"checkinsCount": 233, "usersCount": 56, "tipCount": 4}}, "referralId": "e-3-4d0207473fd4224b2b85b477-9", "tips": [{"id": "4d1981d8816af04dda1b5ec2", "text": "The chicken chop is definitely a must have!!", "disagreeCount": 0, "logView": true, "createdAt": 1293517272, "likes": {"groups": [], "summary": "7 likes", "count": 7}, "todo": {"count": 0}, "agreeCount": 0, "canonicalUrl": "https://foursquare.com/item/4d1981d8816af04dda1b5ec2", "type": "user", "user": {"gender": "male", "id": "4061552", "photo": {"prefix": "https://igx.4sqi.net/img/user/", "suffix": "/WU4DF0DXIUL3X01Z.jpg"}, "firstName": "Shane", "lastName": "Lau"}}]}, {"reasons": {"items": [{"reasonName": "globalInteractionReason", "summary": "This spot is popular", "type": "general"}], "count": 0}, "venue": {"hereNow": {"groups": [], "summary": "Nobody here", "count": 0}, "contact": {"phone": "+6567648936", "formattedPhone": "+65 6764 8936"}, "photos": {"groups": [], "count": 0}, "rating": 5.9, "name": "Wang Cafe", "ratingSignals": 14, "allowMenuUrlEdit": true, "categories": [{"pluralName": "Caf\u00e9s", "id": "4bf58dd8d48988d16d941735", "primary": true, "icon": {"prefix": "https://ss3.4sqi.net/img/categories_v2/food/cafe_", "suffix": ".png"}, "name": "Caf\u00e9", "shortName": "Caf\u00e9"}], "stats": {"checkinsCount": 1836, "usersCount": 633, "tipCount": 11}, "id": "4c57bfdf7329c928a9a28f80", "beenHere": {"lastCheckinExpiredAt": 0, "count": 0, "marked": false}, "ratingColor": "FF9600", "location": {"lng": 103.76371765433693, "formattedAddress": ["#01-53/54, Bukit Panjang Plaza (1 Jelebu Rd)", "677738", "Singapore"], "postalCode": "677738", "lat": 1.3803860680143183, "crossStreet": "1 Jelebu Rd", "country": "Singapore", "distance": 708, "city": "Singapore", "cc": "SG", "address": "#01-53/54, Bukit Panjang Plaza", "labeledLatLngs": [{"lng": 103.76371765433693, "label": "display", "lat": 1.3803860680143183}]}, "hours": {"isLocalHoliday": false, "isOpen": true, "status": "Likely open"}, "verified": false, "price": {"tier": 1, "currency": "$", "message": "Cheap"}}, "referralId": "e-3-4c57bfdf7329c928a9a28f80-10", "tips": [{"id": "4e446f20c65b8210946b8063", "text": "Nice smell of brewing coffee. Wonder whether is it frm here or the Starbucks next door.", "disagreeCount": 0, "logView": true, "createdAt": 1313107744, "likes": {"groups": [], "summary": "1 like", "count": 1}, "todo": {"count": 0}, "agreeCount": 1, "canonicalUrl": "https://foursquare.com/item/4e446f20c65b8210946b8063", "type": "user", "user": {"gender": "none", "id": "3793385", "photo": {"prefix": "https://igx.4sqi.net/img/user/", "suffix": "/Z4FJFAU3GOSP4OCC.jpg"}, "firstName": "Wan", "lastName": "Aifah"}}]}, {"reasons": {"items": [{"reasonName": "globalInteractionReason", "summary": "This spot is popular", "type": "general"}], "count": 0}, "venue": {"hereNow": {"groups": [], "summary": "Nobody here", "count": 0}, "contact": {"phone": "+6568772419", "formattedPhone": "+65 6877 2419"}, "photos": {"groups": [], "count": 0}, "rating": 5.9, "name": "Shan Cheng \u5c71\u57ce (Shan Cheng)", "ratingSignals": 12, "allowMenuUrlEdit": true, "categories": [{"pluralName": "Asian Restaurants", "id": "4bf58dd8d48988d142941735", "primary": true, "icon": {"prefix": "https://ss3.4sqi.net/img/categories_v2/food/asian_", "suffix": ".png"}, "name": "Asian Restaurant", "shortName": "Asian"}], "stats": {"checkinsCount": 349, "usersCount": 189, "tipCount": 8}, "id": "4fbb58a2e4b01b3b56f22631", "beenHere": {"lastCheckinExpiredAt": 0, "count": 0, "marked": false}, "ratingColor": "FF9600", "location": {"lng": 103.76396095069205, "formattedAddress": ["#01-56/57 Bukit Panjang Plaza (1 Jelebu Rd.)", "677743", "Singapore"], "postalCode": "677743", "lat": 1.380488776439558, "crossStreet": "1 Jelebu Rd.", "country": "Singapore", "distance": 694, "city": "Singapore", "cc": "SG", "address": "#01-56/57 Bukit Panjang Plaza", "labeledLatLngs": [{"lng": 103.76396095069205, "label": "display", "lat": 1.380488776439558}]}, "hours": {"isLocalHoliday": false, "isOpen": false}, "verified": false, "price": {"tier": 2, "currency": "$", "message": "Moderate"}}, "referralId": "e-3-4fbb58a2e4b01b3b56f22631-11", "tips": [{"id": "55a68081498ed21cd9c16a13", "text": "Portion sizes have increased! Love the Kway teow they use here - silky smooth! Another favorite is the Laksa Cheong Fun, add their special chilli sauce which is packed with heat, and mint leaves", "disagreeCount": 0, "createdAt": 1436975233, "logView": true, "todo": {"count": 0}, "agreeCount": 0, "canonicalUrl": "https://foursquare.com/item/55a68081498ed21cd9c16a13", "type": "user", "user": {"gender": "female", "id": "91347466", "photo": {"prefix": "https://igx.4sqi.net/img/user/", "suffix": "/91347466-TCMRKQIPKKCG3RXQ.jpg"}, "firstName": "She-Ler", "lastName": "Goh"}}]}, {"reasons": {"items": [{"reasonName": "globalInteractionReason", "summary": "This spot is popular", "type": "general"}], "count": 0}, "venue": {"contact": {"phone": "+6567670557", "formattedPhone": "+65 6767 0557"}, "photos": {"groups": [], "count": 0}, "rating": 5.8, "name": "Eighteen Chefs", "ratingSignals": 18, "allowMenuUrlEdit": true, "categories": [{"pluralName": "Bistros", "id": "52e81612bcbc57f1066b79f1", "primary": true, "icon": {"prefix": "https://ss3.4sqi.net/img/categories_v2/food/default_", "suffix": ".png"}, "name": "Bistro", "shortName": "Bistro"}], "stats": {"checkinsCount": 1116, "usersCount": 577, "tipCount": 5}, "id": "548e8203498e99006bd11807", "beenHere": {"lastCheckinExpiredAt": 0, "count": 0, "marked": false}, "ratingColor": "FF9600", "location": {"lng": 103.76394397651345, "formattedAddress": ["#02-19, Bukit Panjang Plaza (1 Jelebu Road)", "677743", "Singapore"], "postalCode": "677743", "lat": 1.3806035524500442, "crossStreet": "1 Jelebu Road", "country": "Singapore", "distance": 681, "city": "Singapore", "cc": "SG", "address": "#02-19, Bukit Panjang Plaza", "labeledLatLngs": [{"lng": 103.76394397651345, "label": "display", "lat": 1.3806035524500442}]}, "hours": {"isLocalHoliday": false, "isOpen": true, "status": "Likely open"}, "verified": false, "hereNow": {"groups": [], "summary": "Nobody here", "count": 0}}, "referralId": "e-3-548e8203498e99006bd11807-12", "tips": [{"id": "57b6e3ed498eb7b373b5a2ca", "text": "Food sucks!", "disagreeCount": 0, "createdAt": 1471603693, "logView": true, "todo": {"count": 0}, "agreeCount": 0, "canonicalUrl": "https://foursquare.com/item/57b6e3ed498eb7b373b5a2ca", "type": "user", "user": {"gender": "female", "id": "7221184", "photo": {"prefix": "https://igx.4sqi.net/img/user/", "suffix": "/7221184-OMJZTRSE4V30KNBV.jpg"}, "firstName": "Elaine", "lastName": "Yong Xinni"}}]}, {"reasons": {"items": [{"reasonName": "globalInteractionReason", "summary": "This spot is popular", "type": "general"}], "count": 0}, "venue": {"contact": {}, "photos": {"groups": [], "count": 0}, "venueRatingBlacklisted": true, "name": "West Spring Canteen", "id": "4d264a46c406721ec74d5db6", "beenHere": {"lastCheckinExpiredAt": 0, "count": 0, "marked": false}, "stats": {"checkinsCount": 3513, "usersCount": 191, "tipCount": 2}, "allowMenuUrlEdit": true, "categories": [{"pluralName": "Cafeterias", "id": "4bf58dd8d48988d128941735", "primary": true, "icon": {"prefix": "https://ss3.4sqi.net/img/categories_v2/education/cafeteria_", "suffix": ".png"}, "name": "Cafeteria", "shortName": "Cafeteria"}], "location": {"formattedAddress": ["61 Senja Road", "677737", "Singapore"], "postalCode": "677737", "lat": 1.3872853224279598, "lng": 103.76006484031677, "country": "Singapore", "distance": 498, "city": "Singapore", "cc": "SG", "address": "61 Senja Road", "labeledLatLngs": [{"lng": 103.76006484031677, "label": "display", "lat": 1.3872853224279598}]}, "hours": {"isLocalHoliday": false, "isOpen": false}, "verified": false, "hereNow": {"groups": [], "summary": "Nobody here", "count": 0}}, "referralId": "e-3-4d264a46c406721ec74d5db6-13", "tips": [{"id": "4f810a11e4b0ef2098c4fdd2", "text": "I'M GONNA SNATCH YOUR MAYORSHIP. MWAHAHAHA :B", "disagreeCount": 0, "logView": true, "createdAt": 1333856785, "likes": {"groups": [], "summary": "4 likes", "count": 4}, "todo": {"count": 0}, "agreeCount": 0, "canonicalUrl": "https://foursquare.com/item/4f810a11e4b0ef2098c4fdd2", "type": "user", "user": {"gender": "female", "id": "18692853", "photo": {"prefix": "https://igx.4sqi.net/img/user/", "suffix": "/GI4MCWL54ORWL44F.jpg"}, "firstName": "Shiying", "lastName": "haheho"}}]}, {"reasons": {"items": [{"reasonName": "globalInteractionReason", "summary": "This spot is popular", "type": "general"}], "count": 0}, "venue": {"hereNow": {"groups": [], "summary": "Nobody here", "count": 0}, "contact": {}, "photos": {"groups": [], "count": 0}, "name": "Odense Bakers", "allowMenuUrlEdit": true, "beenHere": {"lastCheckinExpiredAt": 0, "count": 0, "marked": false}, "stats": {"checkinsCount": 117, "usersCount": 31, "tipCount": 0}, "id": "4cc81f6cfa03224b645c42ef", "categories": [{"pluralName": "Bakeries", "id": "4bf58dd8d48988d16a941735", "primary": true, "icon": {"prefix": "https://ss3.4sqi.net/img/categories_v2/food/bakery_", "suffix": ".png"}, "name": "Bakery", "shortName": "Bakery"}], "location": {"lng": 103.760309, "formattedAddress": ["628 Senja Rd #01-03 (Senja Grand)", "670628", "Singapore"], "postalCode": "670628", "lat": 1.384988, "crossStreet": "Senja Grand", "country": "Singapore", "distance": 504, "city": "Singapore", "cc": "SG", "address": "628 Senja Rd #01-03", "labeledLatLngs": [{"lng": 103.760309, "label": "display", "lat": 1.384988}]}, "verified": false, "price": {"tier": 1, "currency": "$", "message": "Cheap"}}, "referralId": "e-3-4cc81f6cfa03224b645c42ef-14"}, {"reasons": {"items": [{"reasonName": "globalInteractionReason", "summary": "This spot is popular", "type": "general"}], "count": 0}, "venue": {"contact": {}, "photos": {"groups": [], "count": 0}, "name": "Yummy Corner", "allowMenuUrlEdit": true, "beenHere": {"lastCheckinExpiredAt": 0, "count": 0, "marked": false}, "stats": {"checkinsCount": 302, "usersCount": 12, "tipCount": 0}, "id": "4dee3057fa76b21ed994d442", "categories": [{"pluralName": "Food", "id": "4d4b7105d754a06374d81259", "primary": true, "icon": {"prefix": "https://ss3.4sqi.net/img/categories_v2/food/default_", "suffix": ".png"}, "name": "Food", "shortName": "Food"}], "location": {"formattedAddress": ["My Kitchen", "Singapore"], "lat": 1.3825595767129013, "lng": 103.76238801925224, "country": "Singapore", "distance": 517, "city": "Singapore", "cc": "SG", "address": "My Kitchen", "labeledLatLngs": [{"lng": 103.76238801925224, "label": "display", "lat": 1.3825595767129013}]}, "hours": {"isLocalHoliday": false, "isOpen": true, "status": "Likely open"}, "verified": false, "hereNow": {"groups": [], "summary": "Nobody here", "count": 0}}, "referralId": "e-3-4dee3057fa76b21ed994d442-15"}, {"reasons": {"items": [{"reasonName": "globalInteractionReason", "summary": "This spot is popular", "type": "general"}], "count": 0}, "venue": {"id": "4d684ba4b6f46dcbfb7511b2", "hereNow": {"groups": [], "summary": "Nobody here", "count": 0}, "contact": {}, "beenHere": {"lastCheckinExpiredAt": 0, "count": 0, "marked": false}, "photos": {"groups": [], "count": 0}, "name": "Mutiara Malay & Indian Cuisine", "location": {"lng": 103.76020431518555, "formattedAddress": ["628 Senja Rd (Kopitiam)", "670628", "Singapore"], "postalCode": "670628", "lat": 1.384914943464315, "crossStreet": "Kopitiam", "country": "Singapore", "distance": 518, "city": "Singapore", "cc": "SG", "address": "628 Senja Rd", "labeledLatLngs": [{"lng": 103.76020431518555, "label": "display", "lat": 1.384914943464315}]}, "allowMenuUrlEdit": true, "verified": false, "categories": [{"pluralName": "Halal Restaurants", "id": "52e81612bcbc57f1066b79ff", "primary": true, "icon": {"prefix": "https://ss3.4sqi.net/img/categories_v2/food/halal_", "suffix": ".png"}, "name": "Halal Restaurant", "shortName": "Halal"}], "stats": {"checkinsCount": 107, "usersCount": 17, "tipCount": 1}}, "referralId": "e-3-4d684ba4b6f46dcbfb7511b2-16", "tips": [{"id": "5243c563498e0d2df454166b", "text": "Delicious authentic Malay food, enrich with lots of fresh spices..", "disagreeCount": 0, "createdAt": 1380173155, "logView": true, "todo": {"count": 0}, "agreeCount": 0, "canonicalUrl": "https://foursquare.com/item/5243c563498e0d2df454166b", "type": "user", "user": {"gender": "male", "id": "4922624", "photo": {"prefix": "https://igx.4sqi.net/img/user/", "suffix": "/4922624-533QQQRHTPUWJTEH.jpg"}, "firstName": ",7TOMA\u2122\u00ae\ud83c\uddf8\ud83c\uddec", "lastName": "Sumarto Hj Kamsir\u2122\u00ae"}}]}, {"reasons": {"items": [{"reasonName": "globalInteractionReason", "summary": "This spot is popular", "type": "general"}], "count": 0}, "venue": {"hereNow": {"groups": [], "summary": "Nobody here", "count": 0}, "contact": {}, "photos": {"groups": [], "count": 0}, "name": "Roasted Delights", "allowMenuUrlEdit": true, "beenHere": {"lastCheckinExpiredAt": 0, "count": 0, "marked": false}, "stats": {"checkinsCount": 34, "usersCount": 12, "tipCount": 0}, "id": "4e466e3ab61c03d0cd0b11e4", "categories": [{"pluralName": "Chinese Restaurants", "id": "4bf58dd8d48988d145941735", "primary": true, "icon": {"prefix": "https://ss3.4sqi.net/img/categories_v2/food/asian_", "suffix": ".png"}, "name": "Chinese Restaurant", "shortName": "Chinese"}], "location": {"lng": 103.76017576196901, "formattedAddress": ["Kopitiam (628 Senja Road)", "Singapore"], "lat": 1.3849246144675262, "crossStreet": "628 Senja Road", "country": "Singapore", "distance": 520, "city": "Singapore", "cc": "SG", "address": "Kopitiam", "labeledLatLngs": [{"lng": 103.76017576196901, "label": "display", "lat": 1.3849246144675262}]}, "verified": false, "price": {"tier": 1, "currency": "$", "message": "Cheap"}}, "referralId": "e-3-4e466e3ab61c03d0cd0b11e4-17"}, {"reasons": {"items": [{"reasonName": "globalInteractionReason", "summary": "This spot is popular", "type": "general"}], "count": 0}, "venue": {"hereNow": {"groups": [], "summary": "Nobody here", "count": 0}, "contact": {}, "photos": {"groups": [], "count": 0}, "rating": 5.7, "name": "Punggol Nasi Padang", "ratingSignals": 17, "allowMenuUrlEdit": true, "categories": [{"pluralName": "Asian Restaurants", "id": "4bf58dd8d48988d142941735", "primary": true, "icon": {"prefix": "https://ss3.4sqi.net/img/categories_v2/food/asian_", "suffix": ".png"}, "name": "Asian Restaurant", "shortName": "Asian"}], "stats": {"checkinsCount": 474, "usersCount": 261, "tipCount": 6}, "id": "4e7285cf52b1aabf962c0729", "beenHere": {"lastCheckinExpiredAt": 0, "count": 0, "marked": false}, "ratingColor": "FF9600", "location": {"lng": 103.76394397651345, "formattedAddress": ["Bukit Panjang Plaza (1 Jelebu Road)", "677743", "Singapore"], "postalCode": "677743", "lat": 1.3806485682368705, "crossStreet": "1 Jelebu Road", "country": "Singapore", "distance": 676, "city": "Singapore", "cc": "SG", "address": "Bukit Panjang Plaza", "labeledLatLngs": [{"lng": 103.76394397651345, "label": "display", "lat": 1.3806485682368705}]}, "hours": {"isLocalHoliday": false, "isOpen": true, "status": "Likely open"}, "verified": false, "price": {"tier": 2, "currency": "$", "message": "Moderate"}}, "referralId": "e-3-4e7285cf52b1aabf962c0729-18", "tips": [{"id": "546163cf498e0b9ba688e1d5", "text": "Murtabak is pretty and yummy! $6.00 and v tummy filling!", "disagreeCount": 0, "createdAt": 1415668687, "logView": true, "todo": {"count": 0}, "agreeCount": 0, "canonicalUrl": "https://foursquare.com/item/546163cf498e0b9ba688e1d5", "type": "user", "user": {"gender": "female", "id": "3411412", "photo": {"prefix": "https://igx.4sqi.net/img/user/", "suffix": "/0PVMWWOV1UM4HDNZ.jpg"}, "firstName": "Teo", "lastName": "PQ"}}]}, {"reasons": {"items": [{"reasonName": "globalInteractionReason", "summary": "This spot is popular", "type": "general"}], "count": 0}, "venue": {"hereNow": {"groups": [], "summary": "Nobody here", "count": 0}, "contact": {}, "photos": {"groups": [], "count": 0}, "name": "628 \u6d77\u9bae DF Kitchen Seafood", "allowMenuUrlEdit": true, "beenHere": {"lastCheckinExpiredAt": 0, "count": 0, "marked": false}, "stats": {"checkinsCount": 50, "usersCount": 14, "tipCount": 2}, "id": "532c15c4498e29cc5dedb771", "categories": [{"pluralName": "Chinese Restaurants", "id": "4bf58dd8d48988d145941735", "primary": true, "icon": {"prefix": "https://ss3.4sqi.net/img/categories_v2/food/asian_", "suffix": ".png"}, "name": "Chinese Restaurant", "shortName": "Chinese"}], "location": {"lng": 103.76010220928396, "formattedAddress": ["Kopitiam (628 Senja Rd, #01-07 (Senja Grand))", "670628", "Singapore"], "postalCode": "670628", "lat": 1.3849224049389992, "crossStreet": "628 Senja Rd, #01-07 (Senja Grand)", "country": "Singapore", "distance": 528, "city": "Singapore", "cc": "SG", "address": "Kopitiam", "labeledLatLngs": [{"lng": 103.76010220928396, "label": "display", "lat": 1.3849224049389992}]}, "verified": false, "price": {"tier": 1, "currency": "$", "message": "Cheap"}}, "referralId": "e-3-532c15c4498e29cc5dedb771-19", "tips": [{"id": "57516229cd1074e5302cf3ac", "text": "\u6392\u9aa8\u738b\u5c0f\u5305$9 now only 8 pcs instead of 9. Same small pcs & poorer taste. Boycott! \ud83d\ude21", "disagreeCount": 0, "createdAt": 1464951337, "logView": true, "todo": {"count": 0}, "agreeCount": 0, "canonicalUrl": "https://foursquare.com/item/57516229cd1074e5302cf3ac", "type": "user", "user": {"id": "130074443", "photo": {"prefix": "https://igx.4sqi.net/img/user/", "default": true, "suffix": "/blank_boy.png"}, "firstName": "Coolrunner7", "gender": "none"}}]}, {"reasons": {"items": [{"reasonName": "globalInteractionReason", "summary": "This spot is popular", "type": "general"}], "count": 0}, "venue": {"hereNow": {"groups": [], "summary": "Nobody here", "count": 0}, "contact": {}, "photos": {"groups": [], "count": 0}, "name": "\u5a01\u5f3a\u9999\u6e2f\u70e7\u814a\u9762", "allowMenuUrlEdit": true, "beenHere": {"lastCheckinExpiredAt": 0, "count": 0, "marked": false}, "stats": {"checkinsCount": 70, "usersCount": 19, "tipCount": 1}, "id": "4d3b97d3a2e4b1f7627ce125", "categories": [{"pluralName": "Chinese Restaurants", "id": "4bf58dd8d48988d145941735", "primary": true, "icon": {"prefix": "https://ss3.4sqi.net/img/categories_v2/food/asian_", "suffix": ".png"}, "name": "Chinese Restaurant", "shortName": "Chinese"}], "location": {"lng": 103.75998339349321, "formattedAddress": ["KopiTiam @ Senja Grand (628 Senja Rd. #01-07.)", "670628", "Singapore"], "postalCode": "670628", "lat": 1.3849522084371324, "crossStreet": "628 Senja Rd. #01-07.", "country": "Singapore", "distance": 539, "city": "Singapore", "cc": "SG", "address": "KopiTiam @ Senja Grand", "labeledLatLngs": [{"lng": 103.75998339349321, "label": "display", "lat": 1.3849522084371324}]}, "verified": false, "price": {"tier": 1, "currency": "$", "message": "Cheap"}}, "referralId": "e-3-4d3b97d3a2e4b1f7627ce125-20", "tips": [{"id": "54c3b6c0498e6e802daee246", "text": "They have already moved", "disagreeCount": 0, "createdAt": 1422112448, "logView": true, "todo": {"count": 0}, "agreeCount": 0, "canonicalUrl": "https://foursquare.com/item/54c3b6c0498e6e802daee246", "type": "user", "user": {"gender": "female", "id": "114898297", "photo": {"prefix": "https://igx.4sqi.net/img/user/", "suffix": "/114898297-WWDYWGSEUQB1BA4X.jpg"}, "firstName": "Joey", "lastName": "Hui"}}]}, {"reasons": {"items": [{"reasonName": "globalInteractionReason", "summary": "This spot is popular", "type": "general"}], "count": 0}, "venue": {"hereNow": {"groups": [], "summary": "Nobody here", "count": 0}, "contact": {}, "photos": {"groups": [], "count": 0}, "name": "Fajar Pasar Malam", "allowMenuUrlEdit": true, "beenHere": {"lastCheckinExpiredAt": 0, "count": 0, "marked": false}, "stats": {"checkinsCount": 38, "usersCount": 25, "tipCount": 0}, "id": "4de7629f52b19568bd7a8052", "categories": [{"pluralName": "Food Trucks", "id": "4bf58dd8d48988d1cb941735", "primary": true, "icon": {"prefix": "https://ss3.4sqi.net/img/categories_v2/food/streetfood_", "suffix": ".png"}, "name": "Food Truck", "shortName": "Food Truck"}], "location": {"formattedAddress": ["Singapore"], "lat": 1.384797986661692, "lng": 103.76903066801435, "country": "Singapore", "distance": 546, "city": "Singapore", "cc": "SG", "labeledLatLngs": [{"lng": 103.76903066801435, "label": "display", "lat": 1.384797986661692}]}, "verified": false, "price": {"tier": 1, "currency": "$", "message": "Cheap"}}, "referralId": "e-3-4de7629f52b19568bd7a8052-21"}, {"reasons": {"items": [{"reasonName": "globalInteractionReason", "summary": "This spot is popular", "type": "general"}], "count": 0}, "venue": {"hereNow": {"groups": [], "summary": "Nobody here", "count": 0}, "contact": {}, "photos": {"groups": [], "count": 0}, "name": "Each A Cup Cafe", "allowMenuUrlEdit": true, "beenHere": {"lastCheckinExpiredAt": 0, "count": 0, "marked": false}, "stats": {"checkinsCount": 855, "usersCount": 297, "tipCount": 5}, "id": "4d85f5e599b78cfa04c0d91f", "categories": [{"pluralName": "Caf\u00e9s", "id": "4bf58dd8d48988d16d941735", "primary": true, "icon": {"prefix": "https://ss3.4sqi.net/img/categories_v2/food/cafe_", "suffix": ".png"}, "name": "Caf\u00e9", "shortName": "Caf\u00e9"}], "location": {"lng": 103.7649737472316, "formattedAddress": ["Senja-Cashew Community Centre (Bukit Panjang)", "Singapore"], "lat": 1.3816111760385013, "crossStreet": "Bukit Panjang", "country": "Singapore", "distance": 569, "city": "Singapore", "cc": "SG", "address": "Senja-Cashew Community Centre", "labeledLatLngs": [{"lng": 103.7649737472316, "label": "display", "lat": 1.3816111760385013}]}, "hours": {"isLocalHoliday": false, "isOpen": true, "status": "Likely open"}, "verified": false, "price": {"tier": 1, "currency": "$", "message": "Cheap"}}, "referralId": "e-3-4d85f5e599b78cfa04c0d91f-22", "tips": [{"id": "4fc741c1e4b00c1861e4eae8", "text": "Jasmine Green Milk Tea is love. \uf60d", "disagreeCount": 0, "logView": true, "createdAt": 1338458561, "likes": {"groups": [], "summary": "1 like", "count": 1}, "todo": {"count": 0}, "agreeCount": 1, "canonicalUrl": "https://foursquare.com/item/4fc741c1e4b00c1861e4eae8", "type": "user", "user": {"gender": "female", "id": "16111391", "photo": {"prefix": "https://igx.4sqi.net/img/user/", "suffix": "/16111391-SJEYGGRWYSFR40ZT.jpg"}, "firstName": "Anna", "lastName": "Chai"}}]}, {"reasons": {"items": [{"reasonName": "globalInteractionReason", "summary": "This spot is popular", "type": "general"}], "count": 0}, "venue": {"hereNow": {"groups": [], "summary": "Nobody here", "count": 0}, "contact": {}, "photos": {"groups": [], "count": 0}, "name": "Segar 547 Coffeeshop", "allowMenuUrlEdit": true, "beenHere": {"lastCheckinExpiredAt": 0, "count": 0, "marked": false}, "stats": {"checkinsCount": 133, "usersCount": 48, "tipCount": 1}, "id": "54f955d0498e65c796d47e51", "categories": [{"pluralName": "Caf\u00e9s", "id": "4bf58dd8d48988d16d941735", "primary": true, "icon": {"prefix": "https://ss3.4sqi.net/img/categories_v2/food/cafe_", "suffix": ".png"}, "name": "Caf\u00e9", "shortName": "Caf\u00e9"}], "location": {"formattedAddress": ["Singapore"], "lat": 1.387603064537175, "lng": 103.76960781313942, "distance": 576, "country": "Singapore", "cc": "SG", "labeledLatLngs": [{"lng": 103.76960781313942, "label": "display", "lat": 1.387603064537175}]}, "verified": false, "price": {"tier": 1, "currency": "$", "message": "Cheap"}}, "referralId": "e-3-54f955d0498e65c796d47e51-23", "tips": [{"id": "55025d81498e36f5aa44ea33", "text": "Newly open coffeeshop.Went there exactly a wk ago.Bought a pkt of fries from Tenderbest ard 4pm.A lady was infront of me.Staffs more than adequate.Took them forever to get me damn fries.20~30mins.", "disagreeCount": 0, "createdAt": 1426218369, "logView": true, "todo": {"count": 0}, "agreeCount": 0, "canonicalUrl": "https://foursquare.com/item/55025d81498e36f5aa44ea33", "type": "user", "user": {"id": "1222769", "photo": {"prefix": "https://igx.4sqi.net/img/user/", "suffix": "/O0MPHMF2RMHD03MD.jpg"}, "firstName": "Alicia", "gender": "female"}}]}, {"reasons": {"items": [{"reasonName": "globalInteractionReason", "summary": "This spot is popular", "type": "general"}], "count": 0}, "venue": {"hereNow": {"groups": [], "summary": "Nobody here", "count": 0}, "contact": {}, "photos": {"groups": [], "count": 0}, "name": "Mahmudah Muslim Food", "allowMenuUrlEdit": true, "beenHere": {"lastCheckinExpiredAt": 0, "count": 0, "marked": false}, "stats": {"checkinsCount": 41, "usersCount": 10, "tipCount": 2}, "id": "4e091d707d8b2a018064acba", "categories": [{"pluralName": "Asian Restaurants", "id": "4bf58dd8d48988d142941735", "primary": true, "icon": {"prefix": "https://ss3.4sqi.net/img/categories_v2/food/asian_", "suffix": ".png"}, "name": "Asian Restaurant", "shortName": "Asian"}], "location": {"lng": 103.76466751098633, "formattedAddress": ["Nice Cafe @ Senja-Cashew Community Club #01-04 (101 Bukit Panjang Rd.)", "679910", "Singapore"], "postalCode": "679910", "lat": 1.381482716329854, "crossStreet": "101 Bukit Panjang Rd.", "country": "Singapore", "distance": 581, "city": "Singapore", "cc": "SG", "address": "Nice Cafe @ Senja-Cashew Community Club #01-04", "labeledLatLngs": [{"lng": 103.76466751098633, "label": "display", "lat": 1.381482716329854}]}, "verified": false, "price": {"tier": 2, "currency": "$", "message": "Moderate"}}, "referralId": "e-3-4e091d707d8b2a018064acba-24", "tips": [{"id": "4e446f4662e1b6355aacab8f", "text": "Nice food @ Nice Cafe.", "disagreeCount": 0, "createdAt": 1313107782, "logView": true, "todo": {"count": 0}, "agreeCount": 0, "canonicalUrl": "https://foursquare.com/item/4e446f4662e1b6355aacab8f", "type": "user", "user": {"gender": "none", "id": "3793385", "photo": {"prefix": "https://igx.4sqi.net/img/user/", "suffix": "/Z4FJFAU3GOSP4OCC.jpg"}, "firstName": "Wan", "lastName": "Aifah"}}]}, {"reasons": {"items": [{"reasonName": "globalInteractionReason", "summary": "This spot is popular", "type": "general"}], "count": 0}, "venue": {"hereNow": {"groups": [], "summary": "Nobody here", "count": 0}, "contact": {}, "photos": {"groups": [], "count": 0}, "name": "Siam Kitchen", "allowMenuUrlEdit": true, "beenHere": {"lastCheckinExpiredAt": 0, "count": 0, "marked": false}, "stats": {"checkinsCount": 178, "usersCount": 130, "tipCount": 2}, "id": "54a67515498e87a65db20498", "categories": [{"pluralName": "Thai Restaurants", "id": "4bf58dd8d48988d149941735", "primary": true, "icon": {"prefix": "https://ss3.4sqi.net/img/categories_v2/food/thai_", "suffix": ".png"}, "name": "Thai Restaurant", "shortName": "Thai"}], "location": {"lng": 103.76396095069205, "formattedAddress": ["Bukit Panjang Plaza (1 Jelebu Rd.)", "677743", "Singapore"], "postalCode": "677743", "lat": 1.3807088315284297, "crossStreet": "1 Jelebu Rd.", "country": "Singapore", "distance": 669, "city": "Singapore", "cc": "SG", "address": "Bukit Panjang Plaza", "labeledLatLngs": [{"lng": 103.76396095069205, "label": "display", "lat": 1.3807088315284297}]}, "verified": false, "price": {"tier": 2, "currency": "$", "message": "Moderate"}}, "referralId": "e-3-54a67515498e87a65db20498-25", "tips": [{"logView": true, "photo": {"id": "554d8bbe498e12e345cc58c3", "visibility": "public", "source": {"name": "Foursquare for iOS", "url": "https://foursquare.com/download/#/iphone"}, "suffix": "/3726996_xHFOhBbnySVMd_qa7l_W7JwkNhxNqLLpbLcY2BP0_Pg.jpg", "createdAt": 1431145406, "prefix": "https://igx.4sqi.net/img/general/", "width": 1440, "height": 1920}, "createdAt": 1431145400, "agreeCount": 0, "id": "554d8bb8498e8ec333745667", "text": "Order a light refreshing drink to cool down the bite of the spice.", "type": "user", "disagreeCount": 0, "user": {"gender": "female", "id": "3726996", "photo": {"prefix": "https://igx.4sqi.net/img/user/", "suffix": "/3726996_zgSdm-Xz_8yGEAClGHvjBreJRQg35guCj9yK_1SyEk9soXSsn8k_QDrnetMvL4WW0clUQWJYs.jpg"}, "firstName": "Bianca", "lastName": "Bueno"}, "canonicalUrl": "https://foursquare.com/item/554d8bb8498e8ec333745667", "todo": {"count": 0}, "photourl": "https://igx.4sqi.net/img/general/original/3726996_xHFOhBbnySVMd_qa7l_W7JwkNhxNqLLpbLcY2BP0_Pg.jpg"}]}, {"reasons": {"items": [{"reasonName": "globalInteractionReason", "summary": "This spot is popular", "type": "general"}], "count": 0}, "venue": {"hereNow": {"groups": [{"items": [], "name": "Other people here", "count": 2, "type": "others"}], "summary": "2 people are here", "count": 2}, "contact": {}, "photos": {"groups": [], "count": 0}, "name": "Suki-ya", "allowMenuUrlEdit": true, "beenHere": {"lastCheckinExpiredAt": 0, "count": 0, "marked": false}, "stats": {"checkinsCount": 562, "usersCount": 302, "tipCount": 1}, "id": "54915f7d498e59aa82084630", "categories": [{"pluralName": "Japanese Restaurants", "id": "4bf58dd8d48988d111941735", "primary": true, "icon": {"prefix": "https://ss3.4sqi.net/img/categories_v2/food/japanese_", "suffix": ".png"}, "name": "Japanese Restaurant", "shortName": "Japanese"}], "location": {"lng": 103.76393266039557, "formattedAddress": ["Bukit Panjang Plaza (1 Jelebu Road)", "677743", "Singapore"], "postalCode": "677743", "lat": 1.3806720776965178, "crossStreet": "1 Jelebu Road", "country": "Singapore", "distance": 674, "city": "Singapore", "cc": "SG", "address": "Bukit Panjang Plaza", "labeledLatLngs": [{"lng": 103.76393266039557, "label": "display", "lat": 1.3806720776965178}]}, "hours": {"isLocalHoliday": false, "isOpen": false}, "verified": false, "price": {"tier": 2, "currency": "$", "message": "Moderate"}}, "referralId": "e-3-54915f7d498e59aa82084630-26", "tips": [{"id": "57b5f126498e6abe0f67c657", "text": "Like their buffet promotion. Only tried lunch as the lunch promo is cheaper. Hence, your selection of food is also quite limited. Do note the dining timing.", "disagreeCount": 0, "createdAt": 1471541542, "logView": true, "todo": {"count": 0}, "agreeCount": 0, "canonicalUrl": "https://foursquare.com/item/57b5f126498e6abe0f67c657", "type": "user", "user": {"gender": "female", "id": "755166", "photo": {"prefix": "https://igx.4sqi.net/img/user/", "suffix": "/AHLCKLUBB1SKADXI.jpg"}, "firstName": "Jasmine", "lastName": "Ho"}}]}, {"reasons": {"items": [{"reasonName": "globalInteractionReason", "summary": "This spot is popular", "type": "general"}], "count": 0}, "venue": {"hereNow": {"groups": [], "summary": "Nobody here", "count": 0}, "contact": {}, "photos": {"groups": [], "count": 0}, "name": "Old Chang Kee", "allowMenuUrlEdit": true, "beenHere": {"lastCheckinExpiredAt": 0, "count": 0, "marked": false}, "stats": {"checkinsCount": 130, "usersCount": 80, "tipCount": 2}, "id": "4c09f331009a0f4765b6e8bf", "categories": [{"pluralName": "Snack Places", "id": "4bf58dd8d48988d1c7941735", "primary": true, "icon": {"prefix": "https://ss3.4sqi.net/img/categories_v2/food/snacks_", "suffix": ".png"}, "name": "Snack Place", "shortName": "Snacks"}], "location": {"lng": 103.76355357099743, "formattedAddress": ["Bukit Panjang Plaza (1 Jelebu Road)", "677743", "Singapore"], "postalCode": "677743", "lat": 1.3806548777678966, "crossStreet": "1 Jelebu Road", "country": "Singapore", "distance": 681, "city": "Singapore", "cc": "SG", "address": "Bukit Panjang Plaza", "labeledLatLngs": [{"lng": 103.76355357099743, "label": "display", "lat": 1.3806548777678966}]}, "verified": false, "price": {"tier": 1, "currency": "$", "message": "Cheap"}}, "referralId": "e-3-4c09f331009a0f4765b6e8bf-27", "tips": [{"id": "4d19dfb96d103704ca8e4abd", "text": "Popiah nice", "disagreeCount": 0, "createdAt": 1293541305, "logView": true, "todo": {"count": 0}, "agreeCount": 0, "canonicalUrl": "https://foursquare.com/item/4d19dfb96d103704ca8e4abd", "type": "user", "user": {"gender": "none", "id": "3876315", "photo": {"prefix": "https://igx.4sqi.net/img/user/", "suffix": "/YCSCHZTVYPOFMLQJ.jpg"}, "firstName": "Zenn", "lastName": "Szy Min"}}]}, {"reasons": {"items": [{"reasonName": "globalInteractionReason", "summary": "This spot is popular", "type": "general"}], "count": 0}, "venue": {"hereNow": {"groups": [], "summary": "Nobody here", "count": 0}, "contact": {}, "photos": {"groups": [], "count": 0}, "name": "Mr Bean", "allowMenuUrlEdit": true, "beenHere": {"lastCheckinExpiredAt": 0, "count": 0, "marked": false}, "stats": {"checkinsCount": 192, "usersCount": 89, "tipCount": 0}, "id": "4d1ff5fc2eb1f04d954decc1", "categories": [{"pluralName": "Snack Places", "id": "4bf58dd8d48988d1c7941735", "primary": true, "icon": {"prefix": "https://ss3.4sqi.net/img/categories_v2/food/snacks_", "suffix": ".png"}, "name": "Snack Place", "shortName": "Snacks"}], "location": {"lng": 103.76373462848693, "formattedAddress": ["Bukit Panjang Plaza (1 Jelebu Road)", "677743", "Singapore"], "postalCode": "677743", "lat": 1.380517735348916, "crossStreet": "1 Jelebu Road", "country": "Singapore", "distance": 693, "city": "Singapore", "cc": "SG", "address": "Bukit Panjang Plaza", "labeledLatLngs": [{"lng": 103.76373462848693, "label": "display", "lat": 1.380517735348916}]}, "verified": false, "price": {"tier": 1, "currency": "$", "message": "Cheap"}}, "referralId": "e-3-4d1ff5fc2eb1f04d954decc1-28"}, {"reasons": {"items": [{"reasonName": "globalInteractionReason", "summary": "This spot is popular", "type": "general"}], "count": 0}, "venue": {"contact": {}, "photos": {"groups": [], "count": 0}, "name": "Kampong By Kopitiam", "allowMenuUrlEdit": true, "beenHere": {"lastCheckinExpiredAt": 0, "count": 0, "marked": false}, "stats": {"checkinsCount": 390, "usersCount": 113, "tipCount": 2}, "id": "54a656cc498ed5ddc7461895", "categories": [{"pluralName": "Food Courts", "id": "4bf58dd8d48988d120951735", "primary": true, "icon": {"prefix": "https://ss3.4sqi.net/img/categories_v2/shops/food_foodcourt_", "suffix": ".png"}, "name": "Food Court", "shortName": "Food Court"}], "url": "http://www.kopitiam.biz", "location": {"lng": 103.76403450549083, "formattedAddress": ["Bukit Panjang Plaza (1 Jelebu Road)", "677743", "Singapore"], "postalCode": "677743", "lat": 1.3804749312398532, "crossStreet": "1 Jelebu Road", "country": "Singapore", "distance": 695, "city": "Singapore", "cc": "SG", "address": "Bukit Panjang Plaza", "labeledLatLngs": [{"lng": 103.76403450549083, "label": "display", "lat": 1.3804749312398532}]}, "hours": {"isLocalHoliday": false, "isOpen": true, "status": "Open until 10:00 PM"}, "verified": false, "hereNow": {"groups": [], "summary": "Nobody here", "count": 0}}, "referralId": "e-3-54a656cc498ed5ddc7461895-29", "tips": [{"id": "57fce741cd10b5b9fb3aa0b4", "text": "Nice place after renovation... Like the curry chicken here..", "disagreeCount": 0, "createdAt": 1476192065, "logView": true, "todo": {"count": 0}, "agreeCount": 0, "canonicalUrl": "https://foursquare.com/item/57fce741cd10b5b9fb3aa0b4", "type": "user", "user": {"gender": "male", "id": "5741534", "photo": {"prefix": "https://igx.4sqi.net/img/user/", "suffix": "/JABT4RG1MSOZU2VS.jpg"}, "firstName": "Alan", "lastName": "Tan"}}]}, {"reasons": {"items": [{"reasonName": "globalInteractionReason", "summary": "This spot is popular", "type": "general"}], "count": 0}, "venue": {"hereNow": {"groups": [], "summary": "Nobody here", "count": 0}, "contact": {}, "photos": {"groups": [], "count": 0}, "name": "Encik Tan", "allowMenuUrlEdit": true, "beenHere": {"lastCheckinExpiredAt": 0, "count": 0, "marked": false}, "stats": {"checkinsCount": 159, "usersCount": 57, "tipCount": 0}, "id": "559e45d6498eb5694f92d07d", "categories": [{"pluralName": "Chinese Restaurants", "id": "4bf58dd8d48988d145941735", "primary": true, "icon": {"prefix": "https://ss3.4sqi.net/img/categories_v2/food/asian_", "suffix": ".png"}, "name": "Chinese Restaurant", "shortName": "Chinese"}], "location": {"lng": 103.76428346049326, "formattedAddress": ["#01-58/59, Bukit Panjang Plaza (1 Jelebu Road)", "677743", "Singapore"], "postalCode": "677743", "lat": 1.380364503657915, "crossStreet": "1 Jelebu Road", "country": "Singapore", "distance": 706, "city": "Singapore", "cc": "SG", "address": "#01-58/59, Bukit Panjang Plaza", "labeledLatLngs": [{"lng": 103.76428346049326, "label": "display", "lat": 1.380364503657915}]}, "verified": false, "price": {"tier": 1, "currency": "$", "message": "Cheap"}}, "referralId": "e-3-559e45d6498eb5694f92d07d-30"}, {"reasons": {"items": [{"reasonName": "globalInteractionReason", "summary": "This spot is popular", "type": "general"}], "count": 0}, "venue": {"hereNow": {"groups": [], "summary": "Nobody here", "count": 0}, "contact": {}, "photos": {"groups": [], "count": 0}, "name": "\u5174\u5fb7\u8208\u6d77\u9c9c\u56ed", "allowMenuUrlEdit": true, "beenHere": {"lastCheckinExpiredAt": 0, "count": 0, "marked": false}, "stats": {"checkinsCount": 51, "usersCount": 16, "tipCount": 0}, "id": "4e3ec94d18a83d5b28564a0e", "categories": [{"pluralName": "Chinese Restaurants", "id": "4bf58dd8d48988d145941735", "primary": true, "icon": {"prefix": "https://ss3.4sqi.net/img/categories_v2/food/asian_", "suffix": ".png"}, "name": "Chinese Restaurant", "shortName": "Chinese"}], "location": {"formattedAddress": ["Singapore", "Singapore"], "lat": 1.3873824759424862, "lng": 103.75818985361886, "country": "Singapore", "distance": 706, "city": "Singapore", "cc": "SG", "address": "Singapore", "labeledLatLngs": [{"lng": 103.75818985361886, "label": "display", "lat": 1.3873824759424862}]}, "verified": false, "price": {"tier": 1, "currency": "$", "message": "Cheap"}}, "referralId": "e-3-4e3ec94d18a83d5b28564a0e-31"}, {"reasons": {"items": [{"reasonName": "globalInteractionReason", "summary": "This spot is popular", "type": "general"}], "count": 0}, "venue": {"hereNow": {"groups": [], "summary": "Nobody here", "count": 0}, "contact": {}, "photos": {"groups": [], "count": 0}, "name": "Prima Deli", "allowMenuUrlEdit": true, "beenHere": {"lastCheckinExpiredAt": 0, "count": 0, "marked": false}, "stats": {"checkinsCount": 39, "usersCount": 25, "tipCount": 1}, "id": "51aad925498e59e841162e13", "categories": [{"pluralName": "Bakeries", "id": "4bf58dd8d48988d16a941735", "primary": true, "icon": {"prefix": "https://ss3.4sqi.net/img/categories_v2/food/bakery_", "suffix": ".png"}, "name": "Bakery", "shortName": "Bakery"}], "location": {"lng": 103.76381384121535, "formattedAddress": ["Bukit Panjang Plaza (1 Jelebu Rd.)", "677743", "Singapore"], "postalCode": "677743", "lat": 1.380372022572022, "crossStreet": "1 Jelebu Rd.", "country": "Singapore", "distance": 708, "city": "Singapore", "cc": "SG", "address": "Bukit Panjang Plaza", "labeledLatLngs": [{"lng": 103.76381384121535, "label": "display", "lat": 1.380372022572022}]}, "verified": false, "price": {"tier": 1, "currency": "$", "message": "Cheap"}}, "referralId": "e-3-51aad925498e59e841162e13-32", "tips": [{"id": "5222fd7511d2ac12158bfd5c", "text": "The waffle it so nice and I can smell when I walk pass the shop", "disagreeCount": 0, "createdAt": 1378024821, "logView": true, "todo": {"count": 0}, "agreeCount": 0, "canonicalUrl": "https://foursquare.com/item/5222fd7511d2ac12158bfd5c", "type": "user", "user": {"gender": "male", "id": "15503312", "photo": {"prefix": "https://igx.4sqi.net/img/user/", "suffix": "/15503312-URYTDESY3SVBUP2G.jpg"}, "firstName": "meng", "lastName": "han"}}]}, {"reasons": {"items": [{"reasonName": "globalInteractionReason", "summary": "This spot is popular", "type": "general"}], "count": 0}, "venue": {"hereNow": {"groups": [{"items": [], "name": "Other people here", "count": 1, "type": "others"}], "summary": "One other person is here", "count": 1}, "contact": {}, "photos": {"groups": [], "count": 0}, "name": "Koo Kee Yong Tau Foo \u9ad8\u8bb0\u917f\u8c46\u8150", "allowMenuUrlEdit": true, "beenHere": {"lastCheckinExpiredAt": 0, "count": 0, "marked": false}, "stats": {"checkinsCount": 206, "usersCount": 70, "tipCount": 2}, "id": "548cf4b8498e8beca9c6d34c", "categories": [{"pluralName": "Chinese Restaurants", "id": "4bf58dd8d48988d145941735", "primary": true, "icon": {"prefix": "https://ss3.4sqi.net/img/categories_v2/food/asian_", "suffix": ".png"}, "name": "Chinese Restaurant", "shortName": "Chinese"}], "location": {"formattedAddress": ["Bukit Panjang Plaza", "Singapore"], "lat": 1.3803574097295037, "lng": 103.76378555094985, "distance": 710, "country": "Singapore", "cc": "SG", "address": "Bukit Panjang Plaza", "labeledLatLngs": [{"lng": 103.76378555094985, "label": "display", "lat": 1.3803574097295037}]}, "verified": false, "price": {"tier": 1, "currency": "$", "message": "Cheap"}}, "referralId": "e-3-548cf4b8498e8beca9c6d34c-33", "tips": [{"logView": true, "photo": {"id": "56d48713498ebbe7c574efe9", "visibility": "public", "source": {"name": "Foursquare Web", "url": "https://foursquare.com"}, "suffix": "/6306884_10ZFaNKGJ2AbNnQQrzGR4ImxH6f6euIAsEQGuqHmYr4.jpg", "createdAt": 1456768787, "prefix": "https://igx.4sqi.net/img/general/", "width": 900, "height": 900}, "createdAt": 1456768761, "agreeCount": 0, "id": "56d486f9498ee54743509926", "text": "Creative Dish: Hot Plate Spicy Mee Tai Mak. This Mee Tai Mak texture feels like \u8fa3\u7092\u5e74\u7cd5 , but flavours not as strong nor spicy.", "type": "user", "disagreeCount": 0, "user": {"gender": "female", "id": "6306884", "photo": {"prefix": "https://igx.4sqi.net/img/user/", "suffix": "/6306884-L21LWV3MMZFIVU5F"}, "firstName": "Jess", "lastName": "Thia"}, "canonicalUrl": "https://foursquare.com/item/56d486f9498ee54743509926", "todo": {"count": 0}, "photourl": "https://igx.4sqi.net/img/general/original/6306884_10ZFaNKGJ2AbNnQQrzGR4ImxH6f6euIAsEQGuqHmYr4.jpg"}]}, {"reasons": {"items": [{"reasonName": "globalInteractionReason", "summary": "This spot is popular", "type": "general"}], "count": 0}, "venue": {"hereNow": {"groups": [], "summary": "Nobody here", "count": 0}, "contact": {}, "photos": {"groups": [], "count": 0}, "name": "Mr Bean", "allowMenuUrlEdit": true, "beenHere": {"lastCheckinExpiredAt": 0, "count": 0, "marked": false}, "stats": {"checkinsCount": 524, "usersCount": 184, "tipCount": 0}, "id": "4cb558888db0a143e9f76116", "categories": [{"pluralName": "Snack Places", "id": "4bf58dd8d48988d1c7941735", "primary": true, "icon": {"prefix": "https://ss3.4sqi.net/img/categories_v2/food/snacks_", "suffix": ".png"}, "name": "Snack Place", "shortName": "Snacks"}], "location": {"formattedAddress": ["Fajar Shopping Centre", "Singapore"], "lat": 1.3841461546750664, "lng": 103.77044524380574, "country": "Singapore", "distance": 719, "city": "Singapore", "cc": "SG", "address": "Fajar Shopping Centre", "labeledLatLngs": [{"lng": 103.77044524380574, "label": "display", "lat": 1.3841461546750664}]}, "hours": {"isLocalHoliday": false, "isOpen": true, "status": "Likely open"}, "verified": false, "price": {"tier": 1, "currency": "$", "message": "Cheap"}}, "referralId": "e-3-4cb558888db0a143e9f76116-34"}, {"reasons": {"items": [{"reasonName": "globalInteractionReason", "summary": "This spot is popular", "type": "general"}], "count": 0}, "venue": {"contact": {}, "photos": {"groups": [], "count": 0}, "name": "Koufu", "allowMenuUrlEdit": true, "beenHere": {"lastCheckinExpiredAt": 0, "count": 0, "marked": false}, "stats": {"checkinsCount": 409, "usersCount": 136, "tipCount": 3}, "id": "515cacfbe4b0d533bb51b726", "categories": [{"pluralName": "Food Courts", "id": "4bf58dd8d48988d120951735", "primary": true, "icon": {"prefix": "https://ss3.4sqi.net/img/categories_v2/shops/food_foodcourt_", "suffix": ".png"}, "name": "Food Court", "shortName": "Food Court"}], "location": {"lng": 103.77050399780273, "formattedAddress": ["Fajar Shopping Centre (445 Fajar Rd.)", "670445", "Singapore"], "postalCode": "670445", "lat": 1.3841426927920155, "crossStreet": "445 Fajar Rd.", "country": "Singapore", "distance": 726, "city": "Singapore", "cc": "SG", "address": "Fajar Shopping Centre", "labeledLatLngs": [{"lng": 103.77050399780273, "label": "display", "lat": 1.3841426927920155}]}, "hours": {"isLocalHoliday": false, "isOpen": true, "status": "Likely open"}, "verified": false, "hereNow": {"groups": [], "summary": "Nobody here", "count": 0}}, "referralId": "e-3-515cacfbe4b0d533bb51b726-35", "tips": [{"id": "515f6a22498e09c1788049d1", "text": "I miss the old uncles from A star coffeeshop who make the teh & kopi.", "disagreeCount": 0, "createdAt": 1365207586, "logView": true, "todo": {"count": 0}, "agreeCount": 0, "canonicalUrl": "https://foursquare.com/item/515f6a22498e09c1788049d1", "type": "user", "user": {"gender": "female", "id": "4789941", "photo": {"prefix": "https://igx.4sqi.net/img/user/", "suffix": "/JUTWSFVQX0KRFJRV.jpg"}, "firstName": "Rose", "lastName": "Aurora"}}]}, {"reasons": {"items": [{"reasonName": "globalInteractionReason", "summary": "This spot is popular", "type": "general"}], "count": 0}, "venue": {"hereNow": {"groups": [], "summary": "Nobody here", "count": 0}, "contact": {}, "photos": {"groups": [], "count": 0}, "name": "Bengawan Solo", "allowMenuUrlEdit": true, "beenHere": {"lastCheckinExpiredAt": 0, "count": 0, "marked": false}, "stats": {"checkinsCount": 309, "usersCount": 82, "tipCount": 0}, "id": "4c3db1eeb169c9b61e554768", "categories": [{"pluralName": "Bakeries", "id": "4bf58dd8d48988d16a941735", "primary": true, "icon": {"prefix": "https://ss3.4sqi.net/img/categories_v2/food/bakery_", "suffix": ".png"}, "name": "Bakery", "shortName": "Bakery"}], "location": {"lng": 103.76388739593357, "formattedAddress": ["Bukit Panjang Plaza, Level 1 (1 Jelebu Rd)", "Singapore"], "lat": 1.3801907008950043, "crossStreet": "1 Jelebu Rd", "country": "Singapore", "distance": 728, "city": "Singapore", "cc": "SG", "address": "Bukit Panjang Plaza, Level 1", "labeledLatLngs": [{"lng": 103.76388739593357, "label": "display", "lat": 1.3801907008950043}]}, "hours": {"isLocalHoliday": false, "isOpen": true, "status": "Likely open"}, "verified": false, "price": {"tier": 1, "currency": "$", "message": "Cheap"}}, "referralId": "e-3-4c3db1eeb169c9b61e554768-36"}, {"reasons": {"items": [{"reasonName": "globalInteractionReason", "summary": "This spot is popular", "type": "general"}], "count": 0}, "venue": {"hereNow": {"groups": [], "summary": "Nobody here", "count": 0}, "contact": {}, "photos": {"groups": [], "count": 0}, "name": "Polar", "allowMenuUrlEdit": true, "beenHere": {"lastCheckinExpiredAt": 0, "count": 0, "marked": false}, "stats": {"checkinsCount": 50, "usersCount": 22, "tipCount": 0}, "id": "4d3ada65bf6d5481610ed1e1", "categories": [{"pluralName": "Bakeries", "id": "4bf58dd8d48988d16a941735", "primary": true, "icon": {"prefix": "https://ss3.4sqi.net/img/categories_v2/food/bakery_", "suffix": ".png"}, "name": "Bakery", "shortName": "Bakery"}], "location": {"lng": 103.764056, "formattedAddress": ["Bukit Panjang Plaza (1 Jelebu Road)", "Singapore"], "lat": 1.3801564995769113, "crossStreet": "1 Jelebu Road", "country": "Singapore", "distance": 730, "city": "Singapore", "cc": "SG", "address": "Bukit Panjang Plaza", "labeledLatLngs": [{"lng": 103.764056, "label": "display", "lat": 1.3801564995769113}]}, "verified": false, "price": {"tier": 1, "currency": "$", "message": "Cheap"}}, "referralId": "e-3-4d3ada65bf6d5481610ed1e1-37"}, {"reasons": {"items": [{"reasonName": "globalInteractionReason", "summary": "This spot is popular", "type": "general"}], "count": 0}, "venue": {"hereNow": {"groups": [], "summary": "Nobody here", "count": 0}, "contact": {}, "photos": {"groups": [], "count": 0}, "name": "Four Leaves", "allowMenuUrlEdit": true, "beenHere": {"lastCheckinExpiredAt": 0, "count": 0, "marked": false}, "stats": {"checkinsCount": 304, "usersCount": 97, "tipCount": 1}, "id": "4c3d9aa2980320a1942d8ce4", "categories": [{"pluralName": "Bakeries", "id": "4bf58dd8d48988d16a941735", "primary": true, "icon": {"prefix": "https://ss3.4sqi.net/img/categories_v2/food/bakery_", "suffix": ".png"}, "name": "Bakery", "shortName": "Bakery"}], "location": {"lng": 103.76409674419818, "formattedAddress": ["Bukit Panjang Plaza (1 Jelebu Rd.)", "677743", "Singapore"], "postalCode": "677743", "lat": 1.3799635330732176, "crossStreet": "1 Jelebu Rd.", "country": "Singapore", "distance": 751, "city": "Singapore", "cc": "SG", "address": "Bukit Panjang Plaza", "labeledLatLngs": [{"lng": 103.76409674419818, "label": "display", "lat": 1.3799635330732176}]}, "hours": {"isLocalHoliday": false, "isOpen": true, "status": "Likely open"}, "verified": false, "price": {"tier": 1, "currency": "$", "message": "Cheap"}}, "referralId": "e-3-4c3d9aa2980320a1942d8ce4-38", "tips": [{"id": "50f49d5ce4b0e117b92f06ce", "text": "Limited bread to choose from.", "disagreeCount": 0, "createdAt": 1358208348, "logView": true, "todo": {"count": 0}, "agreeCount": 0, "canonicalUrl": "https://foursquare.com/item/50f49d5ce4b0e117b92f06ce", "type": "user", "user": {"gender": "female", "id": "4119185", "photo": {"prefix": "https://igx.4sqi.net/img/user/", "suffix": "/1BZTG34FZCFJHQF2.jpg"}, "firstName": "Ger.", "lastName": "C"}}]}, {"reasons": {"items": [{"reasonName": "globalInteractionReason", "summary": "This spot is popular", "type": "general"}], "count": 0}, "venue": {"hereNow": {"groups": [], "summary": "Nobody here", "count": 0}, "contact": {}, "photos": {"groups": [], "count": 0}, "name": "Old Street Bak Kut Teh \u8001\u8857\u8089\u9aa8\u8336", "allowMenuUrlEdit": true, "beenHere": {"lastCheckinExpiredAt": 0, "count": 0, "marked": false}, "stats": {"checkinsCount": 363, "usersCount": 206, "tipCount": 1}, "id": "55757453498edadbec1b1cce", "categories": [{"pluralName": "Diners", "id": "4bf58dd8d48988d147941735", "primary": true, "icon": {"prefix": "https://ss3.4sqi.net/img/categories_v2/food/diner_", "suffix": ".png"}, "name": "Diner", "shortName": "Diner"}], "location": {"lng": 103.76414200873073, "formattedAddress": ["Bukit Panjang Plaza (1 Jelebu Road)", "Singapore"], "lat": 1.3799422246132111, "crossStreet": "1 Jelebu Road", "country": "Singapore", "distance": 753, "city": "Singapore", "cc": "SG", "address": "Bukit Panjang Plaza", "labeledLatLngs": [{"lng": 103.76414200873073, "label": "display", "lat": 1.3799422246132111}]}, "hours": {"isLocalHoliday": false, "isOpen": true, "status": "Likely open"}, "verified": false, "price": {"tier": 1, "currency": "$", "message": "Cheap"}}, "referralId": "e-3-55757453498edadbec1b1cce-39", "tips": [{"logView": true, "photo": {"id": "55d9451d498ea9404c7a0c05", "visibility": "public", "source": {"name": "Foursquare for iOS", "url": "https://foursquare.com/download/#/iphone"}, "suffix": "/3411412_QOIWz_FJa8bSxXTuat2NukPNLecixk6CO5mHylnz5EI.jpg", "createdAt": 1440302365, "prefix": "https://igx.4sqi.net/img/general/", "width": 1440, "height": 1920}, "createdAt": 1440302362, "agreeCount": 1, "id": "55d9451a498ee85c36ff5cc8", "text": "Utensils in sliding drawer at your table!", "type": "user", "disagreeCount": 0, "user": {"gender": "female", "id": "3411412", "photo": {"prefix": "https://igx.4sqi.net/img/user/", "suffix": "/0PVMWWOV1UM4HDNZ.jpg"}, "firstName": "Teo", "lastName": "PQ"}, "canonicalUrl": "https://foursquare.com/item/55d9451a498ee85c36ff5cc8", "todo": {"count": 0}, "photourl": "https://igx.4sqi.net/img/general/original/3411412_QOIWz_FJa8bSxXTuat2NukPNLecixk6CO5mHylnz5EI.jpg"}]}, {"reasons": {"items": [{"reasonName": "globalInteractionReason", "summary": "This spot is popular", "type": "general"}], "count": 0}, "venue": {"hereNow": {"groups": [], "summary": "Nobody here", "count": 0}, "contact": {}, "photos": {"groups": [], "count": 0}, "name": "Swee Heng Bakery", "allowMenuUrlEdit": true, "beenHere": {"lastCheckinExpiredAt": 0, "count": 0, "marked": false}, "stats": {"checkinsCount": 140, "usersCount": 72, "tipCount": 2}, "id": "4cac3089d971b1f7c5652ee1", "categories": [{"pluralName": "Bakeries", "id": "4bf58dd8d48988d16a941735", "primary": true, "icon": {"prefix": "https://ss3.4sqi.net/img/categories_v2/food/bakery_", "suffix": ".png"}, "name": "Bakery", "shortName": "Bakery"}], "location": {"lng": 103.76417595714015, "formattedAddress": ["Bukit Panjang Plaza (1 Jelebu Rd.)", "Singapore"], "lat": 1.3798370810128058, "crossStreet": "1 Jelebu Rd.", "country": "Singapore", "distance": 765, "city": "Singapore", "cc": "SG", "address": "Bukit Panjang Plaza", "labeledLatLngs": [{"lng": 103.76417595714015, "label": "display", "lat": 1.3798370810128058}]}, "verified": false, "price": {"tier": 1, "currency": "$", "message": "Cheap"}}, "referralId": "e-3-4cac3089d971b1f7c5652ee1-40", "tips": [{"id": "553ca835498e6acfaadec2c7", "text": "The smallest birthday cakes for sharing is sold here!", "disagreeCount": 0, "createdAt": 1430038581, "logView": true, "todo": {"count": 0}, "agreeCount": 0, "canonicalUrl": "https://foursquare.com/item/553ca835498e6acfaadec2c7", "type": "user", "user": {"id": "1222769", "photo": {"prefix": "https://igx.4sqi.net/img/user/", "suffix": "/O0MPHMF2RMHD03MD.jpg"}, "firstName": "Alicia", "gender": "female"}}]}, {"reasons": {"items": [{"reasonName": "globalInteractionReason", "summary": "This spot is popular", "type": "general"}], "count": 0}, "venue": {"hereNow": {"groups": [], "summary": "Nobody here", "count": 0}, "contact": {}, "photos": {"groups": [], "count": 0}, "name": "Sushi Deli @ Bukit Panjang Plaza", "allowMenuUrlEdit": true, "beenHere": {"lastCheckinExpiredAt": 0, "count": 0, "marked": false}, "stats": {"checkinsCount": 310, "usersCount": 62, "tipCount": 2}, "id": "4c2c579457a9c9b6924cf767", "categories": [{"pluralName": "Sushi Restaurants", "id": "4bf58dd8d48988d1d2941735", "primary": true, "icon": {"prefix": "https://ss3.4sqi.net/img/categories_v2/food/sushi_", "suffix": ".png"}, "name": "Sushi Restaurant", "shortName": "Sushi"}], "location": {"formattedAddress": ["Singapore"], "lat": 1.3801052979331703, "lng": 103.76227485942738, "state": "Singapore", "distance": 775, "country": "Singapore", "cc": "SG", "labeledLatLngs": [{"lng": 103.76227485942738, "label": "display", "lat": 1.3801052979331703}]}, "hours": {"isLocalHoliday": false, "isOpen": true, "status": "Likely open"}, "verified": false, "price": {"tier": 2, "currency": "$", "message": "Moderate"}}, "referralId": "e-3-4c2c579457a9c9b6924cf767-41", "tips": [{"id": "4cf2299d7bf3b60cfc49647f", "text": "wide varieties of sushi. cheap but good (:", "disagreeCount": 0, "logView": true, "createdAt": 1290938781, "likes": {"groups": [], "summary": "1 like", "count": 1}, "todo": {"count": 0}, "agreeCount": 1, "canonicalUrl": "https://foursquare.com/item/4cf2299d7bf3b60cfc49647f", "type": "user", "user": {"id": "2865450", "photo": {"prefix": "https://igx.4sqi.net/img/user/", "suffix": "/2865450-KX5DRJY31G453CUH.jpg"}, "firstName": "mud", "gender": "male"}}]}, {"reasons": {"items": [{"reasonName": "globalInteractionReason", "summary": "This spot is popular", "type": "general"}], "count": 0}, "venue": {"hereNow": {"groups": [], "summary": "Nobody here", "count": 0}, "contact": {}, "photos": {"groups": [], "count": 0}, "name": "Angie The Choice", "allowMenuUrlEdit": true, "beenHere": {"lastCheckinExpiredAt": 0, "count": 0, "marked": false}, "stats": {"checkinsCount": 67, "usersCount": 32, "tipCount": 0}, "id": "4c24a40b905a0f47e8066060", "categories": [{"pluralName": "Bakeries", "id": "4bf58dd8d48988d16a941735", "primary": true, "icon": {"prefix": "https://ss3.4sqi.net/img/categories_v2/food/bakery_", "suffix": ".png"}, "name": "Bakery", "shortName": "Bakery"}], "location": {"lng": 103.76408542806742, "formattedAddress": ["#01-18 Bukit Panjang Plaza (1 Jelebu Rd.)", "Singapore"], "lat": 1.379739254983643, "crossStreet": "1 Jelebu Rd.", "country": "Singapore", "distance": 776, "city": "Singapore", "cc": "SG", "address": "#01-18 Bukit Panjang Plaza", "labeledLatLngs": [{"lng": 103.76408542806742, "label": "display", "lat": 1.379739254983643}]}, "verified": false, "price": {"tier": 1, "currency": "$", "message": "Cheap"}}, "referralId": "e-3-4c24a40b905a0f47e8066060-42"}, {"reasons": {"items": [{"reasonName": "globalInteractionReason", "summary": "This spot is popular", "type": "general"}], "count": 0}, "venue": {"hereNow": {"groups": [], "summary": "Nobody here", "count": 0}, "contact": {}, "photos": {"groups": [], "count": 0}, "name": "Nene Chicken", "allowMenuUrlEdit": true, "beenHere": {"lastCheckinExpiredAt": 0, "count": 0, "marked": false}, "stats": {"checkinsCount": 297, "usersCount": 154, "tipCount": 1}, "id": "55a9f962498e24734b5caf66", "categories": [{"pluralName": "Fried Chicken Joints", "id": "4d4ae6fc7a7b7dea34424761", "primary": true, "icon": {"prefix": "https://ss3.4sqi.net/img/categories_v2/food/friedchicken_", "suffix": ".png"}, "name": "Fried Chicken Joint", "shortName": "Fried Chicken"}], "location": {"lng": 103.7641024022639, "formattedAddress": ["Bukit Panjang Plaza (1 Jelebu Road)", "Singapore"], "lat": 1.3797143785892951, "crossStreet": "1 Jelebu Road", "country": "Singapore", "distance": 779, "city": "Singapore", "cc": "SG", "address": "Bukit Panjang Plaza", "labeledLatLngs": [{"lng": 103.7641024022639, "label": "display", "lat": 1.3797143785892951}]}, "hours": {"isLocalHoliday": false, "isOpen": true, "status": "Likely open"}, "verified": false, "price": {"tier": 1, "currency": "$", "message": "Cheap"}}, "referralId": "e-3-55a9f962498e24734b5caf66-43", "tips": [{"id": "5732c965498e3657d114cc7a", "text": "Bad service, be warned!", "disagreeCount": 0, "createdAt": 1462946149, "logView": true, "todo": {"count": 0}, "agreeCount": 0, "canonicalUrl": "https://foursquare.com/item/5732c965498e3657d114cc7a", "type": "user", "user": {"gender": "male", "id": "18671244", "photo": {"prefix": "https://igx.4sqi.net/img/user/", "suffix": "/18671244-M0J4K54WO0ELM2GF.jpg"}, "firstName": "Charles", "lastName": "Ryan Teo"}}]}, {"reasons": {"items": [{"reasonName": "globalInteractionReason", "summary": "This spot is popular", "type": "general"}], "count": 0}, "venue": {"hereNow": {"groups": [], "summary": "Nobody here", "count": 0}, "contact": {}, "photos": {"groups": [], "count": 0}, "name": "LENAS", "allowMenuUrlEdit": true, "beenHere": {"lastCheckinExpiredAt": 0, "count": 0, "marked": false}, "stats": {"checkinsCount": 230, "usersCount": 118, "tipCount": 1}, "id": "55bde221498eb4327c9abf33", "categories": [{"pluralName": "Restaurants", "id": "4bf58dd8d48988d1c4941735", "primary": true, "icon": {"prefix": "https://ss3.4sqi.net/img/categories_v2/food/default_", "suffix": ".png"}, "name": "Restaurant", "shortName": "Restaurant"}], "location": {"lng": 103.76408542806742, "formattedAddress": ["Bukit Panjang Plaza (1 Jelebu Road)", "Singapore"], "lat": 1.3797093966410972, "crossStreet": "1 Jelebu Road", "country": "Singapore", "distance": 779, "city": "Singapore", "cc": "SG", "address": "Bukit Panjang Plaza", "labeledLatLngs": [{"lng": 103.76408542806742, "label": "display", "lat": 1.3797093966410972}]}, "verified": false, "price": {"tier": 2, "currency": "$", "message": "Moderate"}}, "referralId": "e-3-55bde221498eb4327c9abf33-44", "tips": [{"id": "5696f3b6498e20b7038607cb", "text": "Download the Poket app for their lifetime membership with discounts and upgrades. Good and fast service. Variety of food to choose from.", "disagreeCount": 0, "createdAt": 1452733366, "logView": true, "todo": {"count": 0}, "agreeCount": 0, "canonicalUrl": "https://foursquare.com/item/5696f3b6498e20b7038607cb", "type": "user", "user": {"gender": "female", "id": "6215090", "photo": {"prefix": "https://igx.4sqi.net/img/user/", "suffix": "/FLXM0TGQ3WCU3ICT.jpg"}, "firstName": "Elise", "lastName": "C"}}]}, {"reasons": {"items": [{"reasonName": "globalInteractionReason", "summary": "This spot is popular", "type": "general"}], "count": 0}, "venue": {"hereNow": {"groups": [], "summary": "Nobody here", "count": 0}, "contact": {"facebook": "218559275009472", "facebookUsername": "TanakaVegetarian", "facebookName": "Tanaka Vegetarian", "phone": "+6590015798", "formattedPhone": "+65 9001 5798"}, "photos": {"groups": [], "count": 0}, "name": "Tanaka Vegetarian Food", "allowMenuUrlEdit": true, "beenHere": {"lastCheckinExpiredAt": 0, "count": 0, "marked": false}, "stats": {"checkinsCount": 112, "usersCount": 26, "tipCount": 1}, "id": "4db37a7481543d71da326560", "categories": [{"pluralName": "Vegetarian / Vegan Restaurants", "id": "4bf58dd8d48988d1d3941735", "primary": true, "icon": {"prefix": "https://ss3.4sqi.net/img/categories_v2/food/vegetarian_", "suffix": ".png"}, "name": "Vegetarian / Vegan Restaurant", "shortName": "Vegetarian / Vegan"}], "location": {"formattedAddress": ["Blk 445, Fajar Road", "670445", "Singapore"], "postalCode": "670445", "neighborhood": "Bukit Panjang, Singapore", "lat": 1.3837784943110711, "lng": 103.77092054461271, "country": "Singapore", "distance": 784, "city": "Singapore", "cc": "SG", "address": "Blk 445, Fajar Road", "labeledLatLngs": [{"lng": 103.77092054461271, "label": "display", "lat": 1.3837784943110711}]}, "hours": {"isLocalHoliday": false, "isOpen": false, "status": "Closed until 6:00 AM tomorrow"}, "verified": false, "price": {"tier": 2, "currency": "$", "message": "Moderate"}}, "referralId": "e-3-4db37a7481543d71da326560-45", "tips": [{"logView": true, "photo": {"id": "584411988cfe5402f063077e", "visibility": "public", "source": {"name": "Foursquare for iOS", "url": "https://foursquare.com/download/#/iphone"}, "suffix": "/776718_cVDkzVyPyjUUmsvSgWyclwXJwlmUmgjC-M4Bbt-QbGU.jpg", "createdAt": 1480855960, "prefix": "https://igx.4sqi.net/img/general/", "width": 1920, "height": 1440}, "createdAt": 1480855956, "agreeCount": 0, "id": "58441194005a0f4a1aa224fd", "text": "The chicken rice is absolutely a must try!!", "type": "user", "disagreeCount": 0, "user": {"gender": "none", "id": "776718", "photo": {"prefix": "https://igx.4sqi.net/img/user/", "suffix": "/776718-HYMKL1JB3S4GHGEB.jpg"}, "firstName": "Yarn", "lastName": "Lam"}, "canonicalUrl": "https://foursquare.com/item/58441194005a0f4a1aa224fd", "todo": {"count": 0}, "photourl": "https://igx.4sqi.net/img/general/original/776718_cVDkzVyPyjUUmsvSgWyclwXJwlmUmgjC-M4Bbt-QbGU.jpg"}]}, {"reasons": {"items": [{"reasonName": "globalInteractionReason", "summary": "This spot is popular", "type": "general"}], "count": 0}, "venue": {"hereNow": {"groups": [], "summary": "Nobody here", "count": 0}, "contact": {}, "photos": {"groups": [], "count": 0}, "name": "Sam's Western Grill Restaurant", "allowMenuUrlEdit": true, "beenHere": {"lastCheckinExpiredAt": 0, "count": 0, "marked": false}, "stats": {"checkinsCount": 64, "usersCount": 37, "tipCount": 0}, "id": "5614b3e5498e7df76f875bad", "categories": [{"pluralName": "Restaurants", "id": "4bf58dd8d48988d1c4941735", "primary": true, "icon": {"prefix": "https://ss3.4sqi.net/img/categories_v2/food/default_", "suffix": ".png"}, "name": "Restaurant", "shortName": "Restaurant"}], "location": {"formattedAddress": ["Junction 10 #01-35", "Singapore"], "lat": 1.3808345754536357, "lng": 103.7605095785077, "country": "Singapore", "distance": 790, "city": "Singapore", "cc": "SG", "address": "Junction 10 #01-35", "labeledLatLngs": [{"lng": 103.7605095785077, "label": "display", "lat": 1.3808345754536357}]}, "verified": false, "price": {"tier": 2, "currency": "$", "message": "Moderate"}}, "referralId": "e-3-5614b3e5498e7df76f875bad-46"}, {"reasons": {"items": [{"reasonName": "globalInteractionReason", "summary": "This spot is popular", "type": "general"}], "count": 0}, "venue": {"hereNow": {"groups": [], "summary": "Nobody here", "count": 0}, "contact": {}, "photos": {"groups": [], "count": 0}, "name": "The Old Pontian Cafe", "allowMenuUrlEdit": true, "beenHere": {"lastCheckinExpiredAt": 0, "count": 0, "marked": false}, "stats": {"checkinsCount": 347, "usersCount": 167, "tipCount": 3}, "id": "4e0f0d38483bc2b5f48789d9", "categories": [{"pluralName": "Asian Restaurants", "id": "4bf58dd8d48988d142941735", "primary": true, "icon": {"prefix": "https://ss3.4sqi.net/img/categories_v2/food/asian_", "suffix": ".png"}, "name": "Asian Restaurant", "shortName": "Asian"}], "location": {"lng": 103.76422122169939, "formattedAddress": ["#01-05, Bukit Panjang Plaza (1 Jelebu Rd)", "Singapore"], "lat": 1.3795707479812611, "crossStreet": "1 Jelebu Rd", "country": "Singapore", "distance": 794, "city": "Singapore", "cc": "SG", "address": "#01-05, Bukit Panjang Plaza", "labeledLatLngs": [{"lng": 103.76422122169939, "label": "display", "lat": 1.3795707479812611}]}, "hours": {"isLocalHoliday": false, "isOpen": true, "status": "Likely open"}, "verified": false, "price": {"tier": 2, "currency": "$", "message": "Moderate"}}, "referralId": "e-3-4e0f0d38483bc2b5f48789d9-47", "tips": [{"logView": true, "photo": {"id": "542ecae7498ea7e45cdb3cda", "visibility": "public", "source": {"name": "Foursquare for iOS", "url": "https://foursquare.com/download/#/iphone"}, "suffix": "/8907910_lSQD_Hk81iC49zg5ScL6mVaHrPfdDrJRSSuDxW1rLOs.jpg", "createdAt": 1412352743, "prefix": "https://igx.4sqi.net/img/general/", "width": 819, "height": 720}, "createdAt": 1412352740, "agreeCount": 0, "id": "542ecae4498e98f2ac72abf1", "text": "Love the malacca Teh n their version of pontian noodles. Well cooked, noodles were q and overall affordable. Do try it!", "type": "user", "disagreeCount": 0, "user": {"gender": "female", "id": "8907910", "photo": {"prefix": "https://igx.4sqi.net/img/user/", "suffix": "/PJUZ3FQI32TCMKY4.jpg"}, "firstName": "Jane", "lastName": "Tok"}, "canonicalUrl": "https://foursquare.com/item/542ecae4498e98f2ac72abf1", "todo": {"count": 0}, "photourl": "https://igx.4sqi.net/img/general/original/8907910_lSQD_Hk81iC49zg5ScL6mVaHrPfdDrJRSSuDxW1rLOs.jpg"}]}, {"reasons": {"items": [{"reasonName": "globalInteractionReason", "summary": "This spot is popular", "type": "general"}], "count": 0}, "venue": {"hereNow": {"groups": [], "summary": "Nobody here", "count": 0}, "contact": {}, "photos": {"groups": [], "count": 0}, "name": "The Old Malaya Cafe", "allowMenuUrlEdit": true, "beenHere": {"lastCheckinExpiredAt": 0, "count": 0, "marked": false}, "stats": {"checkinsCount": 98, "usersCount": 49, "tipCount": 1}, "id": "4e659983d164ddd5e71c34ac", "categories": [{"pluralName": "Asian Restaurants", "id": "4bf58dd8d48988d142941735", "primary": true, "icon": {"prefix": "https://ss3.4sqi.net/img/categories_v2/food/asian_", "suffix": ".png"}, "name": "Asian Restaurant", "shortName": "Asian"}], "location": {"lng": 103.76433438316423, "formattedAddress": ["Bukit Panjang Plaza (Jelebu Rd)", "Singapore"], "lat": 1.3795287131778298, "crossStreet": "Jelebu Rd", "country": "Singapore", "distance": 798, "city": "Singapore", "cc": "SG", "address": "Bukit Panjang Plaza", "labeledLatLngs": [{"lng": 103.76433438316423, "label": "display", "lat": 1.3795287131778298}]}, "verified": false, "price": {"tier": 2, "currency": "$", "message": "Moderate"}}, "referralId": "e-3-4e659983d164ddd5e71c34ac-48", "tips": [{"id": "514e86aee4b045dfa5d442d1", "text": "Overpriced and lousy food. $6.50 for a plate of rice and curry chicken - with just 1 drumstick and 3 potatoes. Never coming back here.", "disagreeCount": 0, "createdAt": 1364100782, "logView": true, "todo": {"count": 0}, "agreeCount": 0, "canonicalUrl": "https://foursquare.com/item/514e86aee4b045dfa5d442d1", "type": "user", "user": {"gender": "male", "id": "26547769", "photo": {"prefix": "https://igx.4sqi.net/img/user/", "suffix": "/S3SN0FOESBWDMVI5.jpg"}, "firstName": "Jason", "lastName": "Ong"}}]}], "name": "recommended", "type": "Recommended Places"}], "query": "food", "headerLocation": "Bukit Panjang"}}