{"meta": {"code": 200, "requestId": "595a3a6f6a607114398cb601"}, "response": {"suggestedFilters": {"filters": [{"name": "Open now", "key": "openNow"}], "header": "Tap to show:"}, "totalResults": 61, "headerFullLocation": "Choa Chu Kang, Singapore", "headerLocationGranularity": "neighborhood", "suggestedBounds": {"ne": {"lng": 103.75174239486225, "lat": 1.3920363671658271}, "sw": {"lng": 103.73736506761975, "lat": 1.3776363527658129}}, "groups": [{"items": [{"reasons": {"items": [{"reasonName": "globalInteractionReason", "summary": "This spot is popular", "type": "general"}], "count": 0}, "venue": {"hereNow": {"groups": [], "summary": "Nobody here", "count": 0}, "contact": {}, "photos": {"groups": [], "count": 0}, "name": "Eating House@429A CCK", "allowMenuUrlEdit": true, "beenHere": {"lastCheckinExpiredAt": 0, "count": 0, "marked": false}, "stats": {"checkinsCount": 300, "usersCount": 66, "tipCount": 0}, "id": "4c35a53ea0ced13a08131a6e", "categories": [{"pluralName": "Asian Restaurants", "id": "4bf58dd8d48988d142941735", "primary": true, "icon": {"prefix": "https://ss3.4sqi.net/img/categories_v2/food/asian_", "suffix": ".png"}, "name": "Asian Restaurant", "shortName": "Asian"}], "location": {"lng": 103.74034062993773, "formattedAddress": ["429A (Choa Chu Kang Ave 4)", "Singapore"], "lat": 1.3831349246324145, "crossStreet": "Choa Chu Kang Ave 4", "distance": 505, "country": "Singapore", "cc": "SG", "address": "429A", "labeledLatLngs": [{"lng": 103.74034062993773, "label": "display", "lat": 1.3831349246324145}]}, "hours": {"isLocalHoliday": false, "isOpen": false}, "verified": false, "price": {"tier": 2, "currency": "$", "message": "Moderate"}}, "referralId": "e-3-4c35a53ea0ced13a08131a6e-50"}, {"reasons": {"items": [{"reasonName": "globalInteractionReason", "summary": "This spot is popular", "type": "general"}], "count": 0}, "venue": {"hereNow": {"groups": [], "summary": "Nobody here", "count": 0}, "contact": {}, "photos": {"groups": [], "count": 0}, "name": "Trattoria Milano", "allowMenuUrlEdit": true, "beenHere": {"lastCheckinExpiredAt": 0, "count": 0, "marked": false}, "stats": {"checkinsCount": 170, "usersCount": 78, "tipCount": 1}, "id": "4c49dd35b5eec9b6b24e54a5", "categories": [{"pluralName": "Italian Restaurants", "id": "4bf58dd8d48988d110941735", "primary": true, "icon": {"prefix": "https://ss3.4sqi.net/img/categories_v2/food/italian_", "suffix": ".png"}, "name": "Italian Restaurant", "shortName": "Italian"}], "location": {"formattedAddress": ["3 Chu Lin Road", "669893", "Singapore"], "postalCode": "669893", "lat": 1.3808970103604694, "lng": 103.74137021942462, "country": "Singapore", "distance": 563, "city": "Singapore", "cc": "SG", "address": "3 Chu Lin Road", "labeledLatLngs": [{"lng": 103.74137021942462, "label": "display", "lat": 1.3808970103604694}]}, "verified": false, "price": {"tier": 2, "currency": "$", "message": "Moderate"}}, "referralId": "e-3-4c49dd35b5eec9b6b24e54a5-51", "tips": [{"id": "4cede98db1466a3108d7a7fe", "text": "Homemade Italian cuisine made with only the freshest ingredients \u2013 Chef D has his own herb garden in the restaurant's backyard! The risotto beetroot is perfect for vegetarians or the health-conscious.", "disagreeCount": 0, "logView": true, "createdAt": 1290660237, "likes": {"groups": [], "summary": "11 likes", "count": 11}, "todo": {"count": 5}, "agreeCount": 1, "canonicalUrl": "https://foursquare.com/item/4cede98db1466a3108d7a7fe", "type": "user", "user": {"id": "1473703", "photo": {"prefix": "https://igx.4sqi.net/img/user/", "suffix": "/DINWRXJSYXKGGWAW.jpg"}, "firstName": "Supermodelme", "type": "page", "gender": "none"}}]}, {"reasons": {"items": [{"reasonName": "globalInteractionReason", "summary": "This spot is popular", "type": "general"}], "count": 0}, "venue": {"hereNow": {"groups": [], "summary": "Nobody here", "count": 0}, "contact": {}, "photos": {"groups": [], "count": 0}, "name": "Suki Sushi @ Keat Hong", "allowMenuUrlEdit": true, "beenHere": {"lastCheckinExpiredAt": 0, "count": 0, "marked": false}, "stats": {"checkinsCount": 198, "usersCount": 85, "tipCount": 1}, "id": "4c1caee2fcf8c9b67169aa0b", "categories": [{"pluralName": "Sushi Restaurants", "id": "4bf58dd8d48988d1d2941735", "primary": true, "icon": {"prefix": "https://ss3.4sqi.net/img/categories_v2/food/sushi_", "suffix": ".png"}, "name": "Sushi Restaurant", "shortName": "Sushi"}], "location": {"formattedAddress": ["blk 253 choa chu kang", "681276", "Singapore"], "postalCode": "681276", "lat": 1.379028831365541, "lng": 103.74444772090882, "distance": 646, "country": "Singapore", "cc": "SG", "address": "blk 253 choa chu kang", "labeledLatLngs": [{"lng": 103.74444772090882, "label": "display", "lat": 1.379028831365541}]}, "verified": false, "price": {"tier": 2, "currency": "$", "message": "Moderate"}}, "referralId": "e-3-4c1caee2fcf8c9b67169aa0b-52", "tips": [{"id": "4c7d22ef1eeb9c74fcd5b506", "text": "it have buffet n ala carta style which serves many kind of jap dishes tat u like..", "disagreeCount": 0, "createdAt": 1283269359, "logView": true, "todo": {"count": 1}, "agreeCount": 0, "canonicalUrl": "https://foursquare.com/item/4c7d22ef1eeb9c74fcd5b506", "type": "user", "user": {"gender": "female", "id": "1904860", "photo": {"prefix": "https://igx.4sqi.net/img/user/", "suffix": "/1904860-PGYSZJUWJARQXCDS.jpg"}, "firstName": "Gay", "lastName": "Justina"}}]}, {"reasons": {"items": [{"reasonName": "globalInteractionReason", "summary": "This spot is popular", "type": "general"}], "count": 0}, "venue": {"hereNow": {"groups": [], "summary": "Nobody here", "count": 0}, "contact": {}, "photos": {"groups": [], "count": 0}, "name": "BBQ Pit @Tembusu Park, CCK Neighbourhood 2", "allowMenuUrlEdit": true, "beenHere": {"lastCheckinExpiredAt": 0, "count": 0, "marked": false}, "stats": {"checkinsCount": 134, "usersCount": 25, "tipCount": 0}, "id": "4d1f4b7e5c4ca1cd4d40983d", "categories": [{"pluralName": "BBQ Joints", "id": "4bf58dd8d48988d1df931735", "primary": true, "icon": {"prefix": "https://ss3.4sqi.net/img/categories_v2/food/bbqalt_", "suffix": ".png"}, "name": "BBQ Joint", "shortName": "BBQ"}], "location": {"formattedAddress": ["Choa Chu Kang Ave 2", "Singapore"], "lat": 1.3786058411272804, "lng": 103.74316353430206, "country": "Singapore", "distance": 710, "city": "Singapore", "cc": "SG", "address": "Choa Chu Kang Ave 2", "labeledLatLngs": [{"lng": 103.74316353430206, "label": "display", "lat": 1.3786058411272804}]}, "verified": false, "price": {"tier": 2, "currency": "$", "message": "Moderate"}}, "referralId": "e-3-4d1f4b7e5c4ca1cd4d40983d-53"}, {"reasons": {"items": [{"reasonName": "globalInteractionReason", "summary": "This spot is popular", "type": "general"}], "count": 0}, "venue": {"contact": {}, "photos": {"groups": [], "count": 0}, "name": "\u6e58\u80b4\u8bb0 \u2014Keat Hong", "allowMenuUrlEdit": true, "beenHere": {"lastCheckinExpiredAt": 0, "count": 0, "marked": false}, "stats": {"checkinsCount": 342, "usersCount": 30, "tipCount": 0}, "id": "4cda127d5aeda1cd3bf7b411", "categories": [{"pluralName": "Food Courts", "id": "4bf58dd8d48988d120951735", "primary": true, "icon": {"prefix": "https://ss3.4sqi.net/img/categories_v2/shops/food_foodcourt_", "suffix": ".png"}, "name": "Food Court", "shortName": "Food Court"}], "location": {"formattedAddress": ["choa chu kang ave 2", "Singapore"], "lat": 1.3786199860850863, "lng": 103.74297119023173, "distance": 714, "country": "Singapore", "cc": "SG", "address": "choa chu kang ave 2", "labeledLatLngs": [{"lng": 103.74297119023173, "label": "display", "lat": 1.3786199860850863}]}, "hours": {"isLocalHoliday": false, "isOpen": false}, "verified": false, "hereNow": {"groups": [], "summary": "Nobody here", "count": 0}}, "referralId": "e-3-4cda127d5aeda1cd3bf7b411-54"}, {"reasons": {"items": [{"reasonName": "globalInteractionReason", "summary": "This spot is popular", "type": "general"}], "count": 0}, "venue": {"hereNow": {"groups": [], "summary": "Nobody here", "count": 0}, "contact": {}, "photos": {"groups": [], "count": 0}, "name": "Good News Cafe @ BPGHS", "allowMenuUrlEdit": true, "beenHere": {"lastCheckinExpiredAt": 0, "count": 0, "marked": false}, "stats": {"checkinsCount": 93, "usersCount": 25, "tipCount": 0}, "id": "4db672b5fa8c35024110a313", "categories": [{"pluralName": "Caf\u00e9s", "id": "4bf58dd8d48988d16d941735", "primary": true, "icon": {"prefix": "https://ss3.4sqi.net/img/categories_v2/food/cafe_", "suffix": ".png"}, "name": "Caf\u00e9", "shortName": "Caf\u00e9"}], "location": {"lng": 103.738705, "formattedAddress": ["Bukit Panjang Government High School (7 Choa Chu Kang Ave. 4)", "Singapore"], "lat": 1.381783, "crossStreet": "7 Choa Chu Kang Ave. 4", "country": "Singapore", "distance": 734, "city": "Singapore", "cc": "SG", "address": "Bukit Panjang Government High School", "labeledLatLngs": [{"lng": 103.738705, "label": "display", "lat": 1.381783}]}, "verified": false, "price": {"tier": 1, "currency": "$", "message": "Cheap"}}, "referralId": "e-3-4db672b5fa8c35024110a313-55"}, {"reasons": {"items": [{"reasonName": "globalInteractionReason", "summary": "This spot is popular", "type": "general"}], "count": 0}, "venue": {"hereNow": {"groups": [], "summary": "Nobody here", "count": 0}, "contact": {"phone": "+6567662464", "formattedPhone": "+65 6766 2464"}, "photos": {"groups": [], "count": 0}, "name": "Canteen@KSS.", "allowMenuUrlEdit": true, "beenHere": {"lastCheckinExpiredAt": 0, "count": 0, "marked": false}, "stats": {"checkinsCount": 638, "usersCount": 64, "tipCount": 2}, "id": "4d2c0a67849f37044c269741", "categories": [{"pluralName": "Caf\u00e9s", "id": "4bf58dd8d48988d16d941735", "primary": true, "icon": {"prefix": "https://ss3.4sqi.net/img/categories_v2/food/cafe_", "suffix": ".png"}, "name": "Caf\u00e9", "shortName": "Caf\u00e9"}], "location": {"formattedAddress": ["61 Choa Chu Kang Street 51", "689333", "Singapore"], "postalCode": "689333", "lat": 1.3914594836867504, "lng": 103.74339547898956, "country": "Singapore", "distance": 748, "city": "Singapore", "cc": "SG", "address": "61 Choa Chu Kang Street 51", "labeledLatLngs": [{"lng": 103.74339547898956, "label": "display", "lat": 1.3914594836867504}]}, "hours": {"isLocalHoliday": false, "isOpen": false}, "verified": false, "price": {"tier": 1, "currency": "$", "message": "Cheap"}}, "referralId": "e-3-4d2c0a67849f37044c269741-56", "tips": [{"id": "50f101a4e4b0e6ba5d3f7d9e", "text": "No more bottle caps for students anymore ! Poor thing", "disagreeCount": 0, "logView": true, "createdAt": 1357971876, "likes": {"groups": [], "summary": "1 like", "count": 1}, "todo": {"count": 0}, "agreeCount": 1, "canonicalUrl": "https://foursquare.com/item/50f101a4e4b0e6ba5d3f7d9e", "type": "user", "user": {"gender": "male", "id": "22003470", "photo": {"prefix": "https://igx.4sqi.net/img/user/", "suffix": "/IPD0ALKBHK51ZWYD.jpg"}, "firstName": "Bryan", "lastName": "Tey"}}]}, {"reasons": {"items": [{"reasonName": "globalInteractionReason", "summary": "This spot is popular", "type": "general"}], "count": 0}, "venue": {"hereNow": {"groups": [], "summary": "Nobody here", "count": 0}, "contact": {}, "photos": {"groups": [], "count": 0}, "name": "Sakura @ Keat Hong Shopping Centre", "allowMenuUrlEdit": true, "beenHere": {"lastCheckinExpiredAt": 0, "count": 0, "marked": false}, "stats": {"checkinsCount": 40, "usersCount": 37, "tipCount": 2}, "id": "4c6286cf58810f47c651071e", "categories": [{"pluralName": "Japanese Restaurants", "id": "4bf58dd8d48988d111941735", "primary": true, "icon": {"prefix": "https://ss3.4sqi.net/img/categories_v2/food/japanese_", "suffix": ".png"}, "name": "Japanese Restaurant", "shortName": "Japanese"}], "location": {"formattedAddress": ["Singapore"], "lat": 1.377809, "lng": 103.744481, "country": "Singapore", "distance": 782, "city": "Singapore", "cc": "SG", "labeledLatLngs": [{"lng": 103.744481, "label": "display", "lat": 1.377809}]}, "verified": false, "price": {"tier": 2, "currency": "$", "message": "Moderate"}}, "referralId": "e-3-4c6286cf58810f47c651071e-57", "tips": [{"id": "4c9deed1542b224b8797ee9f", "text": "Seating arrangement is very bad. Same goes for the food too.", "disagreeCount": 0, "createdAt": 1285418705, "logView": true, "todo": {"count": 0}, "agreeCount": 0, "canonicalUrl": "https://foursquare.com/item/4c9deed1542b224b8797ee9f", "type": "user", "user": {"gender": "male", "id": "3262799", "photo": {"prefix": "https://igx.4sqi.net/img/user/", "suffix": "/HFJG2CETXSXBAMXK.jpg"}, "firstName": "Goon", "lastName": "Wai"}}]}, {"reasons": {"items": [{"reasonName": "globalInteractionReason", "summary": "This spot is popular", "type": "general"}], "count": 0}, "venue": {"hereNow": {"groups": [], "summary": "Nobody here", "count": 0}, "contact": {}, "photos": {"groups": [], "count": 0}, "name": "Nihon Mura Kaiten Sushi", "allowMenuUrlEdit": true, "beenHere": {"lastCheckinExpiredAt": 0, "count": 0, "marked": false}, "stats": {"checkinsCount": 87, "usersCount": 42, "tipCount": 2}, "id": "4cba6afe7148f04d52afdcab", "categories": [{"pluralName": "Sushi Restaurants", "id": "4bf58dd8d48988d1d2941735", "primary": true, "icon": {"prefix": "https://ss3.4sqi.net/img/categories_v2/food/sushi_", "suffix": ".png"}, "name": "Sushi Restaurant", "shortName": "Sushi"}], "location": {"formattedAddress": ["Singapore"], "lat": 1.3776858092862962, "lng": 103.74414324760437, "state": "Singapore", "country": "Singapore", "distance": 797, "city": "Keat Hong Shopping Centre", "cc": "SG", "labeledLatLngs": [{"lng": 103.74414324760437, "label": "display", "lat": 1.3776858092862962}]}, "verified": false, "price": {"tier": 2, "currency": "$", "message": "Moderate"}}, "referralId": "e-3-4cba6afe7148f04d52afdcab-58", "tips": [{"id": "4d04bb8437036dcb31ac12fb", "text": "Sushi mentai is good!!! But dun try the curry.....", "disagreeCount": 0, "logView": true, "createdAt": 1292155780, "likes": {"groups": [], "summary": "1 like", "count": 1}, "todo": {"count": 0}, "agreeCount": 0, "canonicalUrl": "https://foursquare.com/item/4d04bb8437036dcb31ac12fb", "type": "user", "user": {"gender": "male", "id": "3859498", "photo": {"prefix": "https://igx.4sqi.net/img/user/", "suffix": "/FPLZS0V15GCUZ3MG.jpg"}, "firstName": "Dennis", "lastName": "Tan"}}]}, {"reasons": {"items": [{"reasonName": "globalInteractionReason", "summary": "This spot is popular", "type": "general"}], "count": 0}, "venue": {"hereNow": {"groups": [], "summary": "Nobody here", "count": 0}, "contact": {}, "photos": {"groups": [], "count": 0}, "name": "Sakura International Buffet Restautant", "allowMenuUrlEdit": true, "beenHere": {"lastCheckinExpiredAt": 0, "count": 0, "marked": false}, "stats": {"checkinsCount": 152, "usersCount": 122, "tipCount": 3}, "id": "4c779df1f24737046b8666eb", "categories": [{"pluralName": "Restaurants", "id": "4bf58dd8d48988d1c4941735", "primary": true, "icon": {"prefix": "https://ss3.4sqi.net/img/categories_v2/food/default_", "suffix": ".png"}, "name": "Restaurant", "shortName": "Restaurant"}], "location": {"formattedAddress": ["Singapore"], "lat": 1.377682, "lng": 103.744044, "distance": 798, "country": "Singapore", "cc": "SG", "labeledLatLngs": [{"lng": 103.744044, "label": "display", "lat": 1.377682}]}, "verified": false, "price": {"tier": 2, "currency": "$", "message": "Moderate"}}, "referralId": "e-3-4c779df1f24737046b8666eb-59", "tips": [{"id": "4cfd1dea2c6459417ee3444a", "text": "make a point to call before going just to check if there's a lot of reservation made. it could be crowded even on a weekday!!!", "disagreeCount": 0, "logView": true, "createdAt": 1291656682, "likes": {"groups": [], "summary": "2 likes", "count": 2}, "todo": {"count": 0}, "agreeCount": 0, "canonicalUrl": "https://foursquare.com/item/4cfd1dea2c6459417ee3444a", "type": "user", "user": {"gender": "male", "id": "4778326", "photo": {"prefix": "https://igx.4sqi.net/img/user/", "suffix": "/1YD1PEXQ22R2IKZX.jpg"}, "firstName": "Helmie", "lastName": "Fizmie"}}]}, {"reasons": {"items": [{"reasonName": "globalInteractionReason", "summary": "This spot is popular", "type": "general"}], "count": 0}, "venue": {"hereNow": {"groups": [], "summary": "Nobody here", "count": 0}, "contact": {}, "photos": {"groups": [], "count": 0}, "name": "CCKPS Canteen", "allowMenuUrlEdit": true, "beenHere": {"lastCheckinExpiredAt": 0, "count": 0, "marked": false}, "stats": {"checkinsCount": 195, "usersCount": 13, "tipCount": 0}, "id": "4da3049f9935a0930224c06f", "categories": [{"pluralName": "Caf\u00e9s", "id": "4bf58dd8d48988d16d941735", "primary": true, "icon": {"prefix": "https://ss3.4sqi.net/img/categories_v2/food/cafe_", "suffix": ".png"}, "name": "Caf\u00e9", "shortName": "Caf\u00e9"}], "location": {"formattedAddress": ["Singapore"], "lat": 1.3781641294981681, "lng": 103.74186804575227, "distance": 800, "country": "Singapore", "cc": "SG", "labeledLatLngs": [{"lng": 103.74186804575227, "label": "display", "lat": 1.3781641294981681}]}, "verified": false, "price": {"tier": 1, "currency": "$", "message": "Cheap"}}, "referralId": "e-3-4da3049f9935a0930224c06f-60"}], "name": "recommended", "type": "Recommended Places"}], "query": "food", "headerLocation": "Choa Chu Kang"}}