{"meta": {"code": 200, "requestId": "595a3a6ef594df3c3f7ff5c9"}, "response": {"suggestedFilters": {"filters": [{"name": "Open now", "key": "openNow"}], "header": "Tap to show:"}, "totalResults": 61, "headerFullLocation": "Choa Chu Kang, Singapore", "headerLocationGranularity": "neighborhood", "suggestedBounds": {"ne": {"lng": 103.75174239486225, "lat": 1.3920363671658271}, "sw": {"lng": 103.73736506761975, "lat": 1.3776363527658129}}, "groups": [{"items": [{"reasons": {"items": [{"reasonName": "globalInteractionReason", "summary": "This spot is popular", "type": "general"}], "count": 0}, "venue": {"hereNow": {"groups": [], "summary": "Nobody here", "count": 0}, "contact": {}, "photos": {"groups": [], "count": 0}, "rating": 7.3, "name": "\u30d1\u30f3\u9054\u4eba BAKER TALENT", "ratingSignals": 16, "allowMenuUrlEdit": true, "categories": [{"pluralName": "Bakeries", "id": "4bf58dd8d48988d16a941735", "primary": true, "icon": {"prefix": "https://ss3.4sqi.net/img/categories_v2/food/bakery_", "suffix": ".png"}, "name": "Bakery", "shortName": "Bakery"}], "stats": {"checkinsCount": 355, "usersCount": 75, "tipCount": 7}, "id": "4f6332c6e4b08b476e2604b1", "beenHere": {"lastCheckinExpiredAt": 0, "count": 0, "marked": false}, "ratingColor": "C5DE35", "location": {"formattedAddress": ["303 Choa Chu Kang Ave 4 #01-723", "Singapore"], "lat": 1.384180192719575, "lng": 103.74423274608141, "distance": 81, "country": "Singapore", "cc": "SG", "address": "303 Choa Chu Kang Ave 4 #01-723", "labeledLatLngs": [{"lng": 103.74423274608141, "label": "display", "lat": 1.384180192719575}]}, "hours": {"isLocalHoliday": false, "isOpen": true, "status": "Likely open"}, "verified": false, "price": {"tier": 1, "currency": "$", "message": "Cheap"}}, "referralId": "e-3-4f6332c6e4b08b476e2604b1-0", "tips": [{"id": "548d8f18498e895f147e7234", "text": "Cheap and nice breads. Cream cheese brioche is tastier/has more fillings than BreadTalk's offering at 1/3 its price.", "disagreeCount": 0, "createdAt": 1418563352, "logView": true, "todo": {"count": 0}, "agreeCount": 0, "canonicalUrl": "https://foursquare.com/item/548d8f18498e895f147e7234", "type": "user", "user": {"gender": "male", "id": "2972602", "photo": {"prefix": "https://igx.4sqi.net/img/user/", "suffix": "/4HLSEA0M4QNKL1FM.jpg"}, "firstName": "Tian Haw", "lastName": "Koh"}}]}, {"reasons": {"items": [{"reasonName": "globalInteractionReason", "summary": "This spot is popular", "type": "general"}], "count": 0}, "venue": {"hereNow": {"groups": [], "summary": "Nobody here", "count": 0}, "contact": {}, "photos": {"groups": [], "count": 0}, "rating": 6.7, "name": "Siam Kitchen", "ratingSignals": 18, "allowMenuUrlEdit": true, "categories": [{"pluralName": "Thai Restaurants", "id": "4bf58dd8d48988d149941735", "primary": true, "icon": {"prefix": "https://ss3.4sqi.net/img/categories_v2/food/thai_", "suffix": ".png"}, "name": "Thai Restaurant", "shortName": "Thai"}], "stats": {"checkinsCount": 1280, "usersCount": 896, "tipCount": 8}, "id": "4bada046f964a520c75f3be3", "beenHere": {"lastCheckinExpiredAt": 0, "count": 0, "marked": false}, "ratingColor": "FFC800", "location": {"lng": 103.74495121593384, "formattedAddress": ["#02-25, Lot 1 Shoppers' Mall (21 Choa Chu Kang Ave 4)", "689812", "Singapore"], "postalCode": "689812", "lat": 1.3848735917894126, "crossStreet": "21 Choa Chu Kang Ave 4", "country": "Singapore", "distance": 44, "city": "Singapore", "cc": "SG", "address": "#02-25, Lot 1 Shoppers' Mall", "labeledLatLngs": [{"lng": 103.74495121593384, "label": "display", "lat": 1.3848735917894126}]}, "hours": {"isLocalHoliday": false, "isOpen": true, "status": "Likely open"}, "verified": false, "price": {"tier": 2, "currency": "$", "message": "Moderate"}}, "referralId": "e-3-4bada046f964a520c75f3be3-1", "tips": [{"id": "4cf6573bc020b60c578b1f75", "text": "The Pineapple Rice is great...", "disagreeCount": 0, "logView": true, "createdAt": 1291212603, "likes": {"groups": [], "summary": "3 likes", "count": 3}, "todo": {"count": 0}, "agreeCount": 1, "canonicalUrl": "https://foursquare.com/item/4cf6573bc020b60c578b1f75", "type": "user", "user": {"id": "3235509", "photo": {"prefix": "https://igx.4sqi.net/img/user/", "suffix": "/AXLVHARKLOQNP321.jpg"}, "firstName": "Sham", "gender": "male"}}]}, {"reasons": {"items": [{"reasonName": "globalInteractionReason", "summary": "This spot is popular", "type": "general"}], "count": 0}, "venue": {"hereNow": {"groups": [], "summary": "Nobody here", "count": 0}, "contact": {"phone": "+6567661776", "formattedPhone": "+65 6766 1776"}, "photos": {"groups": [], "count": 0}, "rating": 6.5, "name": "Dian Xiao Er \u5e97\u5c0f\u4e8c", "ratingSignals": 21, "allowMenuUrlEdit": true, "categories": [{"pluralName": "Asian Restaurants", "id": "4bf58dd8d48988d142941735", "primary": true, "icon": {"prefix": "https://ss3.4sqi.net/img/categories_v2/food/asian_", "suffix": ".png"}, "name": "Asian Restaurant", "shortName": "Asian"}], "stats": {"checkinsCount": 1310, "usersCount": 884, "tipCount": 9}, "id": "4cdab2a84006a143196ad3b2", "beenHere": {"lastCheckinExpiredAt": 0, "count": 0, "marked": false}, "ratingColor": "FFC800", "location": {"lng": 103.7446683533273, "formattedAddress": ["#B1-32/33 Lot 1 Shoppers' Mall (21 Choa Chu Kang Ave 4)", "689812", "Singapore"], "postalCode": "689812", "lat": 1.3854932749896303, "crossStreet": "21 Choa Chu Kang Ave 4", "country": "Singapore", "distance": 74, "city": "Singapore", "cc": "SG", "address": "#B1-32/33 Lot 1 Shoppers' Mall", "labeledLatLngs": [{"lng": 103.7446683533273, "label": "display", "lat": 1.3854932749896303}]}, "hours": {"isLocalHoliday": false, "isOpen": true, "status": "Likely open"}, "verified": false, "price": {"tier": 2, "currency": "$", "message": "Moderate"}}, "referralId": "e-3-4cdab2a84006a143196ad3b2-2", "tips": [{"id": "5072b7d1e4b07e6d895636d4", "text": "The water chestnut drink is very refreshing!!", "disagreeCount": 0, "logView": true, "createdAt": 1349695441, "likes": {"groups": [], "summary": "3 likes", "count": 3}, "todo": {"count": 0}, "agreeCount": 3, "canonicalUrl": "https://foursquare.com/item/5072b7d1e4b07e6d895636d4", "type": "user", "user": {"gender": "female", "id": "1377281", "photo": {"prefix": "https://igx.4sqi.net/img/user/", "suffix": "/VHF4KO5HTCGYMRUN.jpg"}, "firstName": "Ezbel", "lastName": "Tay"}}]}, {"reasons": {"items": [{"reasonName": "globalInteractionReason", "summary": "This spot is popular", "type": "general"}], "count": 0}, "venue": {"hereNow": {"groups": [], "summary": "Nobody here", "count": 0}, "contact": {}, "photos": {"groups": [], "count": 0}, "rating": 6.4, "name": "Nando's", "ratingSignals": 12, "allowMenuUrlEdit": true, "categories": [{"pluralName": "Portuguese Restaurants", "id": "4def73e84765ae376e57713a", "primary": true, "icon": {"prefix": "https://ss3.4sqi.net/img/categories_v2/food/portuguese_", "suffix": ".png"}, "name": "Portuguese Restaurant", "shortName": "Portuguese"}], "stats": {"checkinsCount": 440, "usersCount": 297, "tipCount": 8}, "id": "537afd3a498ee189b9fe7f57", "beenHere": {"lastCheckinExpiredAt": 0, "count": 0, "marked": false}, "ratingColor": "FFC800", "location": {"lng": 103.74495687319207, "formattedAddress": ["Lot 1 Shoppers' Mall (21 Choa Chu Kang Ave. 4)", "689812", "Singapore"], "postalCode": "689812", "lat": 1.3846288793752506, "crossStreet": "21 Choa Chu Kang Ave. 4", "country": "Singapore", "distance": 50, "city": "Singapore", "cc": "SG", "address": "Lot 1 Shoppers' Mall", "labeledLatLngs": [{"lng": 103.74495687319207, "label": "display", "lat": 1.3846288793752506}]}, "hours": {"isLocalHoliday": false, "isOpen": true, "status": "Likely open"}, "verified": false, "price": {"tier": 2, "currency": "$", "message": "Moderate"}}, "referralId": "e-3-537afd3a498ee189b9fe7f57-3", "tips": [{"id": "562b283e498e4b2db4daec45", "text": "It's a Saturday and 3PM. You've agreed to indulge my craving for the chicken liver Portuguese roll. Thanks for coming with me even if you're not hungry. #truelove", "disagreeCount": 0, "createdAt": 1445668926, "logView": true, "todo": {"count": 0}, "agreeCount": 0, "canonicalUrl": "https://foursquare.com/item/562b283e498e4b2db4daec45", "type": "user", "user": {"gender": "female", "id": "3726996", "photo": {"prefix": "https://igx.4sqi.net/img/user/", "suffix": "/3726996_zgSdm-Xz_8yGEAClGHvjBreJRQg35guCj9yK_1SyEk9soXSsn8k_QDrnetMvL4WW0clUQWJYs.jpg"}, "firstName": "Bianca", "lastName": "Bueno"}}]}, {"reasons": {"items": [{"reasonName": "globalInteractionReason", "summary": "This spot is popular", "type": "general"}], "count": 0}, "venue": {"hereNow": {"groups": [], "summary": "Nobody here", "count": 0}, "contact": {"phone": "+6567676007", "formattedPhone": "+65 6767 6007"}, "photos": {"groups": [], "count": 0}, "rating": 6.4, "name": "Subway", "ratingSignals": 23, "allowMenuUrlEdit": true, "categories": [{"pluralName": "Sandwich Places", "id": "4bf58dd8d48988d1c5941735", "primary": true, "icon": {"prefix": "https://ss3.4sqi.net/img/categories_v2/food/deli_", "suffix": ".png"}, "name": "Sandwich Place", "shortName": "Sandwiches"}], "stats": {"checkinsCount": 2093, "usersCount": 979, "tipCount": 11}, "id": "4b9f5913f964a520c81d37e3", "beenHere": {"lastCheckinExpiredAt": 0, "count": 0, "marked": false}, "url": "http://www.subway.com.sg", "ratingColor": "FFC800", "location": {"lng": 103.7447440624237, "formattedAddress": ["#B1-34/35, Lot 1 Shoppers' Mall (21 Choa Chu Kang Ave 4)", "689812", "Singapore"], "postalCode": "689812", "lat": 1.3855370341006876, "crossStreet": "21 Choa Chu Kang Ave 4", "country": "Singapore", "distance": 80, "city": "Singapore", "cc": "SG", "address": "#B1-34/35, Lot 1 Shoppers' Mall", "labeledLatLngs": [{"lng": 103.7447440624237, "label": "display", "lat": 1.3855370341006876}]}, "hours": {"isLocalHoliday": false, "isOpen": true, "status": "Likely open"}, "verified": false, "price": {"tier": 1, "currency": "$", "message": "Cheap"}}, "referralId": "e-3-4b9f5913f964a520c81d37e3-4", "tips": [{"id": "4ef3284b61af815c7a7d1edf", "text": "Try grated cheese next time you order a sub!", "disagreeCount": 0, "logView": true, "createdAt": 1324558411, "likes": {"groups": [], "summary": "1 like", "count": 1}, "todo": {"count": 0}, "agreeCount": 1, "canonicalUrl": "https://foursquare.com/item/4ef3284b61af815c7a7d1edf", "type": "user", "user": {"gender": "male", "id": "455078", "photo": {"prefix": "https://igx.4sqi.net/img/user/", "suffix": "/RESIQS5XT3WPTE55.jpg"}, "firstName": "Duncan", "lastName": "Winters"}}]}, {"reasons": {"items": [{"reasonName": "globalInteractionReason", "summary": "This spot is popular", "type": "general"}], "count": 0}, "venue": {"hereNow": {"groups": [], "summary": "Nobody here", "count": 0}, "contact": {"facebook": "118622732394", "facebookUsername": "ParadiseGrp", "facebookName": "Paradise Group Holdings", "formattedPhone": "+65 6766 2380", "twitter": "paradisegrpsg", "phone": "+6567662380"}, "photos": {"groups": [], "count": 0}, "rating": 6.1, "name": "Paradise Dynasty \u6a02\u5929\u7687\u671d", "ratingSignals": 41, "allowMenuUrlEdit": true, "categories": [{"pluralName": "Dumpling Restaurants", "id": "4bf58dd8d48988d108941735", "primary": true, "icon": {"prefix": "https://ss3.4sqi.net/img/categories_v2/food/dumplings_", "suffix": ".png"}, "name": "Dumpling Restaurant", "shortName": "Dumplings"}], "stats": {"checkinsCount": 1784, "usersCount": 1008, "tipCount": 14}, "id": "507bfab5e4b0d3b80a1a91be", "beenHere": {"lastCheckinExpiredAt": 0, "count": 0, "marked": false}, "url": "http://www.paradisegroup.com.sg", "ratingColor": "FFC800", "location": {"lng": 103.74483241356634, "formattedAddress": ["#03-02B, Lot One Shoppers' Mall (21 Choa Chu Kang Ave 4)", "689812", "Singapore"], "postalCode": "689812", "lat": 1.3844737763547301, "crossStreet": "21 Choa Chu Kang Ave 4", "country": "Singapore", "distance": 50, "city": "Singapore", "cc": "SG", "address": "#03-02B, Lot One Shoppers' Mall", "labeledLatLngs": [{"lng": 103.74483241356634, "label": "display", "lat": 1.3844737763547301}]}, "hours": {"isLocalHoliday": false, "isOpen": true, "status": "Open until 10:00 PM"}, "verified": false, "price": {"tier": 1, "currency": "$", "message": "Cheap"}}, "referralId": "e-3-507bfab5e4b0d3b80a1a91be-5", "tips": [{"id": "55a27f09498eb0d1509d3662", "text": "Do try their pan fried shanghai buns and tianjin buns. Equally as yummy as their xiao long bao.", "disagreeCount": 0, "createdAt": 1436712713, "logView": true, "todo": {"count": 0}, "agreeCount": 0, "canonicalUrl": "https://foursquare.com/item/55a27f09498eb0d1509d3662", "type": "user", "user": {"gender": "female", "id": "42668193", "photo": {"prefix": "https://igx.4sqi.net/img/user/", "suffix": "/TD0GT2403DBIQDT5.jpg"}, "firstName": "Elizabeth", "lastName": "Lee"}}]}, {"reasons": {"items": [{"reasonName": "globalInteractionReason", "summary": "This spot is popular", "type": "general"}], "count": 0}, "venue": {"contact": {}, "photos": {"groups": [], "count": 0}, "rating": 5.8, "name": "CCK 302 Coffeehouse", "ratingSignals": 86, "allowMenuUrlEdit": true, "categories": [{"pluralName": "Food Courts", "id": "4bf58dd8d48988d120951735", "primary": true, "icon": {"prefix": "https://ss3.4sqi.net/img/categories_v2/shops/food_foodcourt_", "suffix": ".png"}, "name": "Food Court", "shortName": "Food Court"}], "stats": {"checkinsCount": 11846, "usersCount": 3191, "tipCount": 56}, "id": "4b6ece37f964a5205dcb2ce3", "beenHere": {"lastCheckinExpiredAt": 0, "count": 0, "marked": false}, "ratingColor": "FF9600", "location": {"formattedAddress": ["302 Choa Chu Kang Ave 4", "680302", "Singapore"], "postalCode": "680302", "lat": 1.3848130492927977, "lng": 103.74330639839172, "country": "Singapore", "distance": 138, "city": "Singapore", "cc": "SG", "address": "302 Choa Chu Kang Ave 4", "labeledLatLngs": [{"lng": 103.74330639839172, "label": "display", "lat": 1.3848130492927977}]}, "hours": {"isLocalHoliday": false, "isOpen": true, "status": "Open"}, "verified": false, "hereNow": {"groups": [{"items": [], "name": "Other people here", "count": 1, "type": "others"}], "summary": "One other person is here", "count": 1}}, "referralId": "e-3-4b6ece37f964a5205dcb2ce3-6", "tips": [{"id": "4ffbb316e4b01adae54ed035", "text": "Suddenly central CCK 302 Coffeehouse known as Frankie's Place Kopi Point? Is this Frankie from Phua Chu Kang taking over Choa Chu Kang now?? ;)", "disagreeCount": 0, "logView": true, "createdAt": 1341895446, "likes": {"groups": [], "summary": "3 likes", "count": 3}, "todo": {"count": 0}, "agreeCount": 3, "canonicalUrl": "https://foursquare.com/item/4ffbb316e4b01adae54ed035", "type": "user", "user": {"gender": "male", "id": "1480426", "photo": {"prefix": "https://igx.4sqi.net/img/user/", "suffix": "/1480426-0ZLYEE11G5J5M04V.jpg"}, "firstName": "ONLY G_E_E_K", "lastName": "G_E_T-I.T."}}]}, {"reasons": {"items": [{"reasonName": "globalInteractionReason", "summary": "This spot is popular", "type": "general"}], "count": 0}, "venue": {"hereNow": {"groups": [], "summary": "Nobody here", "count": 0}, "contact": {"phone": "+6567652213", "formattedPhone": "+65 6765 2213"}, "photos": {"groups": [], "count": 0}, "rating": 5.8, "name": "PastaMania", "ratingSignals": 33, "allowMenuUrlEdit": true, "categories": [{"pluralName": "Italian Restaurants", "id": "4bf58dd8d48988d110941735", "primary": true, "icon": {"prefix": "https://ss3.4sqi.net/img/categories_v2/food/italian_", "suffix": ".png"}, "name": "Italian Restaurant", "shortName": "Italian"}], "stats": {"checkinsCount": 4504, "usersCount": 1965, "tipCount": 13}, "id": "4d5f50d95b276dcbd59106c6", "beenHere": {"lastCheckinExpiredAt": 0, "count": 0, "marked": false}, "url": "http://www.pastamania.com.sg", "ratingColor": "FF9600", "location": {"lng": 103.74486207962036, "formattedAddress": ["#03-02A, Lot One Shoppers' Mall (21 Choa Chu Kang Ave 4)", "689812", "Singapore"], "postalCode": "689812", "lat": 1.3848505892512213, "crossStreet": "21 Choa Chu Kang Ave 4", "country": "Singapore", "distance": 34, "city": "Singapore", "cc": "SG", "address": "#03-02A, Lot One Shoppers' Mall", "labeledLatLngs": [{"lng": 103.74486207962036, "label": "display", "lat": 1.3848505892512213}]}, "hours": {"isLocalHoliday": false, "isOpen": true, "status": "Likely open"}, "verified": false, "price": {"tier": 2, "currency": "$", "message": "Moderate"}}, "referralId": "e-3-4d5f50d95b276dcbd59106c6-7", "tips": [{"id": "513b4c1fe4b04d6900084e73", "text": "turkey bacon cheesy crumble and apple mint *yummy* :)", "disagreeCount": 0, "logView": true, "createdAt": 1362840607, "likes": {"groups": [], "summary": "2 likes", "count": 2}, "todo": {"count": 0}, "agreeCount": 2, "canonicalUrl": "https://foursquare.com/item/513b4c1fe4b04d6900084e73", "type": "user", "user": {"id": "13787755", "photo": {"prefix": "https://igx.4sqi.net/img/user/", "suffix": "/13787755-NERNCLJ2GKHQMDEH.jpg"}, "firstName": "Charmaine", "gender": "female"}}]}, {"reasons": {"items": [{"reasonName": "globalInteractionReason", "summary": "This spot is popular", "type": "general"}], "count": 0}, "venue": {"hereNow": {"groups": [], "summary": "Nobody here", "count": 0}, "contact": {"phone": "+6567698603", "formattedPhone": "+65 6769 8603"}, "photos": {"groups": [], "count": 0}, "rating": 5.6, "name": "McDonald's", "ratingSignals": 7, "allowMenuUrlEdit": true, "categories": [{"pluralName": "Fast Food Restaurants", "id": "4bf58dd8d48988d16e941735", "primary": true, "icon": {"prefix": "https://ss3.4sqi.net/img/categories_v2/food/fastfood_", "suffix": ".png"}, "name": "Fast Food Restaurant", "shortName": "Fast Food"}], "stats": {"checkinsCount": 1268, "usersCount": 655, "tipCount": 8}, "id": "4b0953ccf964a520bc1523e3", "beenHere": {"lastCheckinExpiredAt": 0, "count": 0, "marked": false}, "url": "http://www.mcdonalds.com.sg", "ratingColor": "FF9600", "location": {"lng": 103.74487280845642, "formattedAddress": ["10 Choa Chu Kang Ave 4, #01-K3 (Choa Chu Kang MRT)", "689810", "Singapore"], "postalCode": "689810", "lat": 1.3849363948682851, "crossStreet": "Choa Chu Kang MRT", "country": "Singapore", "distance": 37, "city": "Singapore", "cc": "SG", "address": "10 Choa Chu Kang Ave 4, #01-K3", "labeledLatLngs": [{"lng": 103.74487280845642, "label": "display", "lat": 1.3849363948682851}]}, "hours": {"isLocalHoliday": false, "isOpen": true, "status": "Likely open"}, "verified": false, "price": {"tier": 1, "currency": "$", "message": "Cheap"}}, "referralId": "e-3-4b0953ccf964a520bc1523e3-8", "tips": [{"id": "4c53adcdb3b09c74d25819b4", "text": "Food Food Food!", "disagreeCount": 0, "logView": true, "createdAt": 1280552397, "likes": {"groups": [], "summary": "17 likes", "count": 17}, "todo": {"count": 2}, "agreeCount": 0, "canonicalUrl": "https://foursquare.com/item/4c53adcdb3b09c74d25819b4", "type": "user", "user": {"id": "2000970", "photo": {"prefix": "https://igx.4sqi.net/img/user/", "suffix": "/OKIAIHTXRTQTSWQI.jpg"}, "firstName": "IaMRuzaini", "gender": "male"}}]}, {"reasons": {"items": [{"reasonName": "globalInteractionReason", "summary": "This spot is popular", "type": "general"}], "count": 0}, "venue": {"hereNow": {"groups": [], "summary": "Nobody here", "count": 0}, "contact": {}, "photos": {"groups": [], "count": 0}, "rating": 5.6, "name": "\u65fa Wang Cafe", "ratingSignals": 8, "allowMenuUrlEdit": true, "categories": [{"pluralName": "Caf\u00e9s", "id": "4bf58dd8d48988d16d941735", "primary": true, "icon": {"prefix": "https://ss3.4sqi.net/img/categories_v2/food/cafe_", "suffix": ".png"}, "name": "Caf\u00e9", "shortName": "Caf\u00e9"}], "stats": {"checkinsCount": 602, "usersCount": 309, "tipCount": 8}, "id": "4b8a12fff964a520be5e32e3", "beenHere": {"lastCheckinExpiredAt": 0, "count": 0, "marked": false}, "ratingColor": "FF9600", "location": {"lng": 103.74432326175615, "formattedAddress": ["#01-24/25, Choa Chu Kang MRT (10 Choa Chu Kang Ave 4)", "689810", "Singapore"], "postalCode": "689810", "lat": 1.3856859806465773, "crossStreet": "10 Choa Chu Kang Ave 4", "country": "Singapore", "distance": 97, "city": "Singapore", "cc": "SG", "address": "#01-24/25, Choa Chu Kang MRT", "labeledLatLngs": [{"lng": 103.74432326175615, "label": "display", "lat": 1.3856859806465773}]}, "hours": {"isLocalHoliday": false, "isOpen": true, "status": "Likely open"}, "verified": false, "price": {"tier": 1, "currency": "$", "message": "Cheap"}}, "referralId": "e-3-4b8a12fff964a520be5e32e3-9", "tips": [{"id": "4bab5edb70c603bbf0a295b4", "text": "Try the kopi roti, nice!", "disagreeCount": 0, "logView": true, "createdAt": 1269522139, "likes": {"groups": [], "summary": "4 likes", "count": 4}, "todo": {"count": 0}, "agreeCount": 0, "canonicalUrl": "https://foursquare.com/item/4bab5edb70c603bbf0a295b4", "type": "user", "user": {"gender": "male", "id": "219725", "photo": {"prefix": "https://igx.4sqi.net/img/user/", "suffix": "/GBVJ2QB2GQ3GL4FW.jpg"}, "firstName": "Hawshy", "lastName": "Goh"}}]}, {"reasons": {"items": [{"reasonName": "globalInteractionReason", "summary": "This spot is popular", "type": "general"}], "count": 0}, "venue": {"hereNow": {"groups": [], "summary": "Nobody here", "count": 0}, "contact": {"phone": "+6567635908", "formattedPhone": "+65 6763 5908"}, "photos": {"groups": [], "count": 0}, "rating": 5.6, "name": "McDonald's / McCaf\u00e9", "ratingSignals": 68, "allowMenuUrlEdit": true, "categories": [{"pluralName": "Fast Food Restaurants", "id": "4bf58dd8d48988d16e941735", "primary": true, "icon": {"prefix": "https://ss3.4sqi.net/img/categories_v2/food/fastfood_", "suffix": ".png"}, "name": "Fast Food Restaurant", "shortName": "Fast Food"}], "stats": {"checkinsCount": 14822, "usersCount": 5501, "tipCount": 30}, "id": "4b0953a3f964a520b91523e3", "beenHere": {"lastCheckinExpiredAt": 0, "count": 0, "marked": false}, "url": "http://www.mcdonalds.com.sg", "ratingColor": "FF9600", "location": {"lng": 103.74471187591553, "formattedAddress": ["#01-20, Lot 1 Shopper's Mall (21 Choa Chu Kang Ave 4)", "689812", "Singapore"], "postalCode": "689812", "lat": 1.3856871938849817, "crossStreet": "21 Choa Chu Kang Ave 4", "country": "Singapore", "distance": 96, "city": "Singapore", "cc": "SG", "address": "#01-20, Lot 1 Shopper's Mall", "labeledLatLngs": [{"lng": 103.74471187591553, "label": "display", "lat": 1.3856871938849817}]}, "hours": {"isLocalHoliday": false, "isOpen": true, "status": "Likely open"}, "verified": false, "price": {"tier": 1, "currency": "$", "message": "Cheap"}}, "referralId": "e-3-4b0953a3f964a520b91523e3-10", "tips": [{"id": "4db200de0437a93f7f977e11", "text": "NETS available!", "disagreeCount": 0, "logView": true, "createdAt": 1303511262, "likes": {"groups": [], "summary": "2 likes", "count": 2}, "todo": {"count": 2}, "agreeCount": 2, "canonicalUrl": "https://foursquare.com/item/4db200de0437a93f7f977e11", "type": "user", "user": {"gender": "female", "id": "2128175", "photo": {"prefix": "https://igx.4sqi.net/img/user/", "suffix": "/T0YZ4FF1SNH3ELWG.jpg"}, "firstName": "Shiya", "lastName": "Ong"}}]}, {"reasons": {"items": [{"reasonName": "globalInteractionReason", "summary": "This spot is popular", "type": "general"}], "count": 0}, "venue": {"hereNow": {"groups": [], "summary": "Nobody here", "count": 0}, "contact": {"twitter": "SakaeSushi", "phone": "+6567643678", "formattedPhone": "+65 6764 3678"}, "photos": {"groups": [], "count": 0}, "rating": 5.6, "name": "Sakae Sushi", "ratingSignals": 31, "allowMenuUrlEdit": true, "categories": [{"pluralName": "Sushi Restaurants", "id": "4bf58dd8d48988d1d2941735", "primary": true, "icon": {"prefix": "https://ss3.4sqi.net/img/categories_v2/food/sushi_", "suffix": ".png"}, "name": "Sushi Restaurant", "shortName": "Sushi"}], "stats": {"checkinsCount": 3407, "usersCount": 1908, "tipCount": 15}, "id": "4bc441632a89ef3b4408f688", "beenHere": {"lastCheckinExpiredAt": 0, "count": 0, "marked": false}, "ratingColor": "FF9600", "location": {"lng": 103.74479281280058, "formattedAddress": ["#03-10, Lot One Shoppers' Mall (21 Choa Chu Kang Ave 4)", "689812", "Singapore"], "postalCode": "689812", "lat": 1.3849231304563616, "crossStreet": "21 Choa Chu Kang Ave 4", "country": "Singapore", "distance": 28, "city": "Singapore", "cc": "SG", "address": "#03-10, Lot One Shoppers' Mall", "labeledLatLngs": [{"lng": 103.74479281280058, "label": "display", "lat": 1.3849231304563616}]}, "hours": {"isLocalHoliday": false, "isOpen": true, "status": "Likely open"}, "verified": true, "price": {"tier": 2, "currency": "$", "message": "Moderate"}}, "referralId": "e-3-4bc441632a89ef3b4408f688-11", "tips": [{"id": "5056e02ee4b09a662e89c8a5", "text": "Good service however the buffet wasn't delicious, not very fresh.", "disagreeCount": 0, "logView": true, "createdAt": 1347870766, "likes": {"groups": [], "summary": "2 likes", "count": 2}, "todo": {"count": 0}, "agreeCount": 2, "canonicalUrl": "https://foursquare.com/item/5056e02ee4b09a662e89c8a5", "type": "user", "user": {"gender": "male", "id": "8657388", "photo": {"prefix": "https://igx.4sqi.net/img/user/", "suffix": "/SRPVX1B3V45PEBFJ.jpg"}, "firstName": "Gladwin", "lastName": "Tan Wei Hong"}}]}, {"reasons": {"items": [{"reasonName": "globalInteractionReason", "summary": "This spot is popular", "type": "general"}], "count": 0}, "venue": {"contact": {"phone": "+6567644556", "formattedPhone": "+65 6764 4556"}, "photos": {"groups": [], "count": 0}, "rating": 5.6, "name": "Food Culture", "ratingSignals": 12, "allowMenuUrlEdit": true, "categories": [{"pluralName": "Food Courts", "id": "4bf58dd8d48988d120951735", "primary": true, "icon": {"prefix": "https://ss3.4sqi.net/img/categories_v2/shops/food_foodcourt_", "suffix": ".png"}, "name": "Food Court", "shortName": "Food Court"}], "stats": {"checkinsCount": 2801, "usersCount": 1441, "tipCount": 19}, "id": "4baed2aff964a520edda3be3", "beenHere": {"lastCheckinExpiredAt": 0, "count": 0, "marked": false}, "ratingColor": "FF9600", "location": {"lng": 103.74478965997696, "formattedAddress": ["#03-02B, Lot 1 Shopper\u2019s Mall (21 Choa Chu Kang Ave 4)", "689812", "Singapore"], "postalCode": "689812", "lat": 1.3847218808198176, "crossStreet": "21 Choa Chu Kang Ave 4", "country": "Singapore", "distance": 29, "city": "Singapore", "cc": "SG", "address": "#03-02B, Lot 1 Shopper\u2019s Mall", "labeledLatLngs": [{"lng": 103.74478965997696, "label": "display", "lat": 1.3847218808198176}]}, "hours": {"isLocalHoliday": false, "isOpen": true, "status": "Likely open"}, "verified": false, "hereNow": {"groups": [], "summary": "Nobody here", "count": 0}}, "referralId": "e-3-4baed2aff964a520edda3be3-12", "tips": [{"id": "4c87dd4b9dd6b60c354e013a", "text": "The korean food is the sex!", "disagreeCount": 0, "logView": true, "createdAt": 1283972427, "likes": {"groups": [], "summary": "19 likes", "count": 19}, "todo": {"count": 3}, "agreeCount": 0, "canonicalUrl": "https://foursquare.com/item/4c87dd4b9dd6b60c354e013a", "type": "user", "user": {"gender": "female", "id": "913365", "photo": {"prefix": "https://igx.4sqi.net/img/user/", "suffix": "/913365-YWMG1NATIPZGOIJH.jpg"}, "firstName": "Zafirah", "lastName": "Eleanor"}}]}, {"reasons": {"items": [{"reasonName": "globalInteractionReason", "summary": "This spot is popular", "type": "general"}], "count": 0}, "venue": {"hereNow": {"groups": [], "summary": "Nobody here", "count": 0}, "contact": {}, "photos": {"groups": [], "count": 0}, "name": "Sakae Teppanyaki", "allowMenuUrlEdit": true, "beenHere": {"lastCheckinExpiredAt": 0, "count": 0, "marked": false}, "stats": {"checkinsCount": 71, "usersCount": 61, "tipCount": 1}, "id": "4d4e7e4d20d3236a3e239c28", "categories": [{"pluralName": "Japanese Restaurants", "id": "4bf58dd8d48988d111941735", "primary": true, "icon": {"prefix": "https://ss3.4sqi.net/img/categories_v2/food/japanese_", "suffix": ".png"}, "name": "Japanese Restaurant", "shortName": "Japanese"}], "location": {"formattedAddress": ["Lot One shopping centre", "Singapore"], "lat": 1.3853209774563864, "lng": 103.74487201434381, "distance": 64, "country": "Singapore", "cc": "SG", "address": "Lot One shopping centre", "labeledLatLngs": [{"lng": 103.74487201434381, "label": "display", "lat": 1.3853209774563864}]}, "verified": false, "price": {"tier": 2, "currency": "$", "message": "Moderate"}}, "referralId": "e-3-4d4e7e4d20d3236a3e239c28-13", "tips": [{"id": "4eef2e4b722ea776199fc94b", "text": "Ipad interactive menu", "disagreeCount": 0, "createdAt": 1324297803, "logView": true, "todo": {"count": 0}, "agreeCount": 0, "canonicalUrl": "https://foursquare.com/item/4eef2e4b722ea776199fc94b", "type": "user", "user": {"gender": "female", "id": "6017609", "photo": {"prefix": "https://igx.4sqi.net/img/user/", "suffix": "/XCJW3PCM4JUSYIB2.jpg"}, "firstName": "Lynette", "lastName": "Sam"}}]}, {"reasons": {"items": [{"reasonName": "globalInteractionReason", "summary": "This spot is popular", "type": "general"}], "count": 0}, "venue": {"hereNow": {"groups": [], "summary": "Nobody here", "count": 0}, "contact": {"phone": "+6568937677", "formattedPhone": "+65 6893 7677"}, "photos": {"groups": [], "count": 0}, "name": "Polar Puffs & Cakes\u2122", "allowMenuUrlEdit": true, "beenHere": {"lastCheckinExpiredAt": 0, "count": 0, "marked": false}, "stats": {"checkinsCount": 125, "usersCount": 84, "tipCount": 1}, "id": "4e3e51f952b1a04aff24266e", "categories": [{"pluralName": "Bakeries", "id": "4bf58dd8d48988d16a941735", "primary": true, "icon": {"prefix": "https://ss3.4sqi.net/img/categories_v2/food/bakery_", "suffix": ".png"}, "name": "Bakery", "shortName": "Bakery"}], "location": {"lat": 1.385515582702137, "distance": 88, "country": "Singapore", "cc": "SG", "crossStreet": "21 Choa Chu Kang Ave 4", "formattedAddress": ["#B1-K20, Lot 1 Shoppers' Mall (21 Choa Chu Kang Ave 4)", "689812", "Singapore"], "city": "Choa Chu Kang New Town", "lng": 103.74496936798096, "state": "Singapore", "labeledLatLngs": [{"lng": 103.74496936798096, "label": "display", "lat": 1.385515582702137}], "address": "#B1-K20, Lot 1 Shoppers' Mall", "postalCode": "689812"}, "verified": false, "price": {"tier": 1, "currency": "$", "message": "Cheap"}}, "referralId": "e-3-4e3e51f952b1a04aff24266e-14", "tips": [{"id": "4e9cd5509a5262f980e7b262", "text": "UNUS INSTAR OMINUM! Beta ELITE!", "disagreeCount": 0, "createdAt": 1318901072, "logView": true, "todo": {"count": 0}, "agreeCount": 0, "canonicalUrl": "https://foursquare.com/item/4e9cd5509a5262f980e7b262", "type": "user", "user": {"gender": "male", "id": "6232378", "photo": {"prefix": "https://igx.4sqi.net/img/user/", "suffix": "/BRLYQXXMMLJN0MGC.jpg"}, "firstName": "John Patrick", "lastName": "Santos"}}]}, {"reasons": {"items": [{"reasonName": "globalInteractionReason", "summary": "This spot is popular", "type": "general"}], "count": 0}, "venue": {"hereNow": {"groups": [], "summary": "Nobody here", "count": 0}, "contact": {}, "photos": {"groups": [], "count": 0}, "name": "Chippy @ lot one", "allowMenuUrlEdit": true, "beenHere": {"lastCheckinExpiredAt": 0, "count": 0, "marked": false}, "stats": {"checkinsCount": 95, "usersCount": 75, "tipCount": 1}, "id": "4c0cbe0d336220a13a9ec977", "categories": [{"pluralName": "Fast Food Restaurants", "id": "4bf58dd8d48988d16e941735", "primary": true, "icon": {"prefix": "https://ss3.4sqi.net/img/categories_v2/food/fastfood_", "suffix": ".png"}, "name": "Fast Food Restaurant", "shortName": "Fast Food"}], "location": {"formattedAddress": ["Singapore"], "lat": 1.3848827663579908, "lng": 103.74470114707947, "distance": 17, "country": "Singapore", "cc": "SG", "labeledLatLngs": [{"lng": 103.74470114707947, "label": "display", "lat": 1.3848827663579908}]}, "verified": false, "price": {"tier": 1, "currency": "$", "message": "Cheap"}}, "referralId": "e-3-4c0cbe0d336220a13a9ec977-15", "tips": [{"id": "4d2ed180ad3a8cfa838d97bd", "text": "The original cheese sausage with mash potato is a must try", "disagreeCount": 0, "logView": true, "createdAt": 1294913920, "likes": {"groups": [], "summary": "1 like", "count": 1}, "todo": {"count": 0}, "agreeCount": 0, "canonicalUrl": "https://foursquare.com/item/4d2ed180ad3a8cfa838d97bd", "type": "user", "user": {"gender": "none", "id": "4503461", "photo": {"prefix": "https://igx.4sqi.net/img/user/", "suffix": "/POQ3FXTRT0DX5IBG.jpg"}, "firstName": "Muelmuel", "lastName": "Cheong"}}]}, {"reasons": {"items": [{"reasonName": "globalInteractionReason", "summary": "This spot is popular", "type": "general"}], "count": 0}, "venue": {"hereNow": {"groups": [], "summary": "Nobody here", "count": 0}, "contact": {}, "photos": {"groups": [], "count": 0}, "name": "Wow Tako @ Lot 1", "allowMenuUrlEdit": true, "beenHere": {"lastCheckinExpiredAt": 0, "count": 0, "marked": false}, "stats": {"checkinsCount": 117, "usersCount": 32, "tipCount": 0}, "id": "4d3bec686b3d236afc9a5c64", "categories": [{"pluralName": "Japanese Restaurants", "id": "4bf58dd8d48988d111941735", "primary": true, "icon": {"prefix": "https://ss3.4sqi.net/img/categories_v2/food/japanese_", "suffix": ".png"}, "name": "Japanese Restaurant", "shortName": "Japanese"}], "location": {"formattedAddress": ["Singapore"], "lat": 1.3846655728733752, "lng": 103.74477584104741, "distance": 31, "country": "Singapore", "cc": "SG", "labeledLatLngs": [{"lng": 103.74477584104741, "label": "display", "lat": 1.3846655728733752}]}, "verified": false, "price": {"tier": 2, "currency": "$", "message": "Moderate"}}, "referralId": "e-3-4d3bec686b3d236afc9a5c64-16"}, {"reasons": {"items": [{"reasonName": "globalInteractionReason", "summary": "This spot is popular", "type": "general"}], "count": 0}, "venue": {"hereNow": {"groups": [], "summary": "Nobody here", "count": 0}, "contact": {}, "photos": {"groups": [], "count": 0}, "name": "Spuddies", "allowMenuUrlEdit": true, "beenHere": {"lastCheckinExpiredAt": 0, "count": 0, "marked": false}, "stats": {"checkinsCount": 116, "usersCount": 42, "tipCount": 2}, "id": "4d71b103bce5721e80e0c215", "categories": [{"pluralName": "Snack Places", "id": "4bf58dd8d48988d1c7941735", "primary": true, "icon": {"prefix": "https://ss3.4sqi.net/img/categories_v2/food/snacks_", "suffix": ".png"}, "name": "Snack Place", "shortName": "Snacks"}], "url": "http://www.spuddiesfries.com", "location": {"lng": 103.744747, "formattedAddress": ["#B1-K9 Lot One Shoppers' Mall (21 Choa Chu Kang Ave. 4)", "689812", "Singapore"], "postalCode": "689812", "lat": 1.385592, "crossStreet": "21 Choa Chu Kang Ave. 4", "country": "Singapore", "distance": 86, "city": "Singapore", "cc": "SG", "address": "#B1-K9 Lot One Shoppers' Mall", "labeledLatLngs": [{"lng": 103.744747, "label": "display", "lat": 1.385592}]}, "verified": false, "price": {"tier": 1, "currency": "$", "message": "Cheap"}}, "referralId": "e-3-4d71b103bce5721e80e0c215-17", "tips": [{"id": "4da925af93a04642f060096b", "text": "Try the Cheddar supreme, it's really nice", "disagreeCount": 0, "logView": true, "createdAt": 1302930863, "likes": {"groups": [], "summary": "2 likes", "count": 2}, "todo": {"count": 0}, "agreeCount": 0, "canonicalUrl": "https://foursquare.com/item/4da925af93a04642f060096b", "type": "user", "user": {"gender": "female", "id": "7982675", "photo": {"prefix": "https://igx.4sqi.net/img/user/", "suffix": "/TJ4UG4XNANVZ1C14.jpg"}, "firstName": "Goh", "lastName": "Sok ling"}}]}, {"reasons": {"items": [{"reasonName": "globalInteractionReason", "summary": "This spot is popular", "type": "general"}], "count": 0}, "venue": {"id": "4c90aeb57088a1430718aa43", "hereNow": {"groups": [], "summary": "Nobody here", "count": 0}, "contact": {}, "beenHere": {"lastCheckinExpiredAt": 0, "count": 0, "marked": false}, "photos": {"groups": [], "count": 0}, "name": "Pie Kia @ Choa Chu Kang Xchange", "location": {"formattedAddress": ["Singapore"], "lat": 1.3854002193123875, "lng": 103.74490030062059, "distance": 73, "country": "Singapore", "cc": "SG", "labeledLatLngs": [{"lng": 103.74490030062059, "label": "display", "lat": 1.3854002193123875}]}, "allowMenuUrlEdit": true, "verified": false, "categories": [{"pluralName": "Pie Shops", "id": "52e81612bcbc57f1066b7a0a", "primary": true, "icon": {"prefix": "https://ss3.4sqi.net/img/categories_v2/food/pieshop_", "suffix": ".png"}, "name": "Pie Shop", "shortName": "Pie Shop"}], "stats": {"checkinsCount": 151, "usersCount": 110, "tipCount": 1}}, "referralId": "e-3-4c90aeb57088a1430718aa43-18", "tips": [{"id": "4e78378a45ddedd585d2c046", "text": "$2.90 for the chilli hot dog, quite cheap if you ask me. ;)", "disagreeCount": 0, "createdAt": 1316501386, "logView": true, "todo": {"count": 0}, "agreeCount": 0, "canonicalUrl": "https://foursquare.com/item/4e78378a45ddedd585d2c046", "type": "user", "user": {"id": "3182736", "photo": {"prefix": "https://igx.4sqi.net/img/user/", "suffix": "/CJPLBXACK5RJ111S.jpg"}, "firstName": "Deebz", "gender": "female"}}]}, {"reasons": {"items": [{"reasonName": "globalInteractionReason", "summary": "This spot is popular", "type": "general"}], "count": 0}, "venue": {"hereNow": {"groups": [], "summary": "Nobody here", "count": 0}, "contact": {}, "photos": {"groups": [], "count": 0}, "name": "QQ Rice", "allowMenuUrlEdit": true, "beenHere": {"lastCheckinExpiredAt": 0, "count": 0, "marked": false}, "stats": {"checkinsCount": 32, "usersCount": 16, "tipCount": 0}, "id": "533019ca11d22e5b3c12a4d5", "categories": [{"pluralName": "Snack Places", "id": "4bf58dd8d48988d1c7941735", "primary": true, "icon": {"prefix": "https://ss3.4sqi.net/img/categories_v2/food/snacks_", "suffix": ".png"}, "name": "Snack Place", "shortName": "Snacks"}], "location": {"formattedAddress": ["Singapore"], "lat": 1.3857416746480387, "lng": 103.74448166433416, "distance": 101, "country": "Singapore", "cc": "SG", "labeledLatLngs": [{"lng": 103.74448166433416, "label": "display", "lat": 1.3857416746480387}]}, "verified": false, "price": {"tier": 1, "currency": "$", "message": "Cheap"}}, "referralId": "e-3-533019ca11d22e5b3c12a4d5-19"}, {"reasons": {"items": [{"reasonName": "globalInteractionReason", "summary": "This spot is popular", "type": "general"}], "count": 0}, "venue": {"hereNow": {"groups": [], "summary": "Nobody here", "count": 0}, "contact": {}, "photos": {"groups": [], "count": 0}, "name": "Jalapeno's Pepper Express", "allowMenuUrlEdit": true, "beenHere": {"lastCheckinExpiredAt": 0, "count": 0, "marked": false}, "stats": {"checkinsCount": 109, "usersCount": 88, "tipCount": 5}, "id": "4bc957d2cc8cd13ad596bbcf", "categories": [{"pluralName": "Mexican Restaurants", "id": "4bf58dd8d48988d1c1941735", "primary": true, "icon": {"prefix": "https://ss3.4sqi.net/img/categories_v2/food/mexican_", "suffix": ".png"}, "name": "Mexican Restaurant", "shortName": "Mexican"}], "location": {"formattedAddress": ["Lot 1", "Singapore"], "lat": 1.38543, "lng": 103.744822, "distance": 72, "country": "Singapore", "cc": "SG", "address": "Lot 1", "labeledLatLngs": [{"lng": 103.744822, "label": "display", "lat": 1.38543}]}, "verified": false, "price": {"tier": 1, "currency": "$", "message": "Cheap"}}, "referralId": "e-3-4bc957d2cc8cd13ad596bbcf-20", "tips": [{"id": "4d6f8dfb641254819214cf93", "text": "FAIL", "disagreeCount": 0, "logView": true, "createdAt": 1299156475, "likes": {"groups": [], "summary": "3 likes", "count": 3}, "todo": {"count": 0}, "agreeCount": 0, "canonicalUrl": "https://foursquare.com/item/4d6f8dfb641254819214cf93", "type": "user", "user": {"gender": "male", "id": "5041980", "photo": {"prefix": "https://igx.4sqi.net/img/user/", "suffix": "/MNKI01LTETQJ4PED.jpg"}, "firstName": "Ken", "lastName": "Amadeus"}}]}, {"reasons": {"items": [{"reasonName": "globalInteractionReason", "summary": "This spot is popular", "type": "general"}], "count": 0}, "venue": {"hereNow": {"groups": [], "summary": "Nobody here", "count": 0}, "contact": {}, "photos": {"groups": [], "count": 0}, "name": "Prima Deli", "allowMenuUrlEdit": true, "beenHere": {"lastCheckinExpiredAt": 0, "count": 0, "marked": false}, "stats": {"checkinsCount": 196, "usersCount": 97, "tipCount": 4}, "id": "4c65093794160f47a35f2e17", "categories": [{"pluralName": "Bakeries", "id": "4bf58dd8d48988d16a941735", "primary": true, "icon": {"prefix": "https://ss3.4sqi.net/img/categories_v2/food/bakery_", "suffix": ".png"}, "name": "Bakery", "shortName": "Bakery"}], "location": {"lng": 103.7449342441606, "formattedAddress": ["Lot 1 Shoppers' Mall (Choa Chu Kang Ave 4)", "Singapore"], "lat": 1.3846338964485447, "crossStreet": "Choa Chu Kang Ave 4", "country": "Singapore", "distance": 47, "city": "Singapore", "cc": "SG", "address": "Lot 1 Shoppers' Mall", "labeledLatLngs": [{"lng": 103.7449342441606, "label": "display", "lat": 1.3846338964485447}]}, "verified": false, "price": {"tier": 1, "currency": "$", "message": "Cheap"}}, "referralId": "e-3-4c65093794160f47a35f2e17-21", "tips": [{"id": "4f3d0b37e4b054d240bde2c6", "text": "Must try their great crispy pancake !! Quality assurance is No.1 best among other brands or typical auntie shop that I tried..no one can fight Prima Deli's crispy soft pancake! Worth it!", "disagreeCount": 0, "createdAt": 1329400631, "logView": true, "todo": {"count": 0}, "agreeCount": 0, "canonicalUrl": "https://foursquare.com/item/4f3d0b37e4b054d240bde2c6", "type": "user", "user": {"gender": "female", "id": "3622219", "photo": {"prefix": "https://igx.4sqi.net/img/user/", "suffix": "/3622219_BTK3Ytry_GjX1VbAAGrSs8lUFx_fcF1kGq6IHmoUAmHbY_B7Lr3g6fjSxoTDZgPCdME1IGLj-.jpg"}, "firstName": "\ud83d\udc8bJuWieZy\u2122", "lastName": "VoGueZ \ud83c\udf78"}}]}, {"reasons": {"items": [{"reasonName": "globalInteractionReason", "summary": "This spot is popular", "type": "general"}], "count": 0}, "venue": {"hereNow": {"groups": [], "summary": "Nobody here", "count": 0}, "contact": {}, "photos": {"groups": [], "count": 0}, "name": "\u6210\u767c", "allowMenuUrlEdit": true, "beenHere": {"lastCheckinExpiredAt": 0, "count": 0, "marked": false}, "stats": {"checkinsCount": 93, "usersCount": 19, "tipCount": 1}, "id": "4db0e8285da32cf2df528a38", "categories": [{"pluralName": "Chinese Restaurants", "id": "4bf58dd8d48988d145941735", "primary": true, "icon": {"prefix": "https://ss3.4sqi.net/img/categories_v2/food/asian_", "suffix": ".png"}, "name": "Chinese Restaurant", "shortName": "Chinese"}], "location": {"lng": 103.74337077140808, "formattedAddress": ["302 CCK Food House (Blk 302, Choa Chu Kang Ave 4)", "680302", "Singapore"], "postalCode": "680302", "lat": 1.3848613149535245, "crossStreet": "Blk 302, Choa Chu Kang Ave 4", "country": "Singapore", "distance": 131, "city": "Singapore", "cc": "SG", "address": "302 CCK Food House", "labeledLatLngs": [{"lng": 103.74337077140808, "label": "display", "lat": 1.3848613149535245}]}, "verified": false, "price": {"tier": 1, "currency": "$", "message": "Cheap"}}, "referralId": "e-3-4db0e8285da32cf2df528a38-22", "tips": [{"id": "57f07f01498e8cd27156a929", "text": "Standard drop alr", "disagreeCount": 0, "createdAt": 1475378945, "logView": true, "todo": {"count": 0}, "agreeCount": 0, "canonicalUrl": "https://foursquare.com/item/57f07f01498e8cd27156a929", "type": "user", "user": {"gender": "male", "id": "73363364", "photo": {"prefix": "https://igx.4sqi.net/img/user/", "suffix": "/73363364-FAYZGKNJIQDWLFVX.jpg"}, "firstName": "Weiyong", "lastName": "Toh"}}]}, {"reasons": {"items": [{"reasonName": "globalInteractionReason", "summary": "This spot is popular", "type": "general"}], "count": 0}, "venue": {"hereNow": {"groups": [], "summary": "Nobody here", "count": 0}, "contact": {}, "photos": {"groups": [], "count": 0}, "name": "MOF Japanese Sweets & Coffee", "allowMenuUrlEdit": true, "beenHere": {"lastCheckinExpiredAt": 0, "count": 0, "marked": false}, "stats": {"checkinsCount": 162, "usersCount": 100, "tipCount": 0}, "id": "4d888be34757721e8b2a8f69", "categories": [{"pluralName": "Japanese Restaurants", "id": "4bf58dd8d48988d111941735", "primary": true, "icon": {"prefix": "https://ss3.4sqi.net/img/categories_v2/food/japanese_", "suffix": ".png"}, "name": "Japanese Restaurant", "shortName": "Japanese"}], "location": {"lng": 103.74490595787665, "formattedAddress": ["#03-20, Lot One Shoppers' Mall (Chua Chu Kang Avenue 4)", "Singapore"], "lat": 1.3852706693946204, "crossStreet": "Chua Chu Kang Avenue 4", "country": "Singapore", "distance": 62, "city": "Singapore", "cc": "SG", "address": "#03-20, Lot One Shoppers' Mall", "labeledLatLngs": [{"lng": 103.74490595787665, "label": "display", "lat": 1.3852706693946204}]}, "verified": false, "price": {"tier": 2, "currency": "$", "message": "Moderate"}}, "referralId": "e-3-4d888be34757721e8b2a8f69-23"}, {"reasons": {"items": [{"reasonName": "globalInteractionReason", "summary": "This spot is popular", "type": "general"}], "count": 0}, "venue": {"hereNow": {"groups": [], "summary": "Nobody here", "count": 0}, "contact": {"twitter": "pepperlunchsg"}, "photos": {"groups": [], "count": 0}, "name": "Pepper Lunch Express", "allowMenuUrlEdit": true, "beenHere": {"lastCheckinExpiredAt": 0, "count": 0, "marked": false}, "stats": {"checkinsCount": 669, "usersCount": 178, "tipCount": 0}, "id": "4ca811c214c33704a7b0d03b", "categories": [{"pluralName": "Japanese Restaurants", "id": "4bf58dd8d48988d111941735", "primary": true, "icon": {"prefix": "https://ss3.4sqi.net/img/categories_v2/food/japanese_", "suffix": ".png"}, "name": "Japanese Restaurant", "shortName": "Japanese"}], "url": "http://www.pepperlunch.com.sg", "location": {"lng": 103.74479281280058, "formattedAddress": ["#04-05 Lot 1 Shoppers' Mall (Food Junction) (21 Choa Chu Kang Ave. 4)", "689812", "Singapore"], "postalCode": "689812", "lat": 1.3852575236363684, "crossStreet": "21 Choa Chu Kang Ave. 4", "country": "Singapore", "distance": 53, "city": "Singapore", "cc": "SG", "address": "#04-05 Lot 1 Shoppers' Mall (Food Junction)", "labeledLatLngs": [{"lng": 103.74479281280058, "label": "display", "lat": 1.3852575236363684}]}, "hours": {"isLocalHoliday": false, "isOpen": false}, "verified": false, "price": {"tier": 2, "currency": "$", "message": "Moderate"}}, "referralId": "e-3-4ca811c214c33704a7b0d03b-24"}, {"reasons": {"items": [{"reasonName": "globalInteractionReason", "summary": "This spot is popular", "type": "general"}], "count": 0}, "venue": {"hereNow": {"groups": [], "summary": "Nobody here", "count": 0}, "contact": {}, "photos": {"groups": [], "count": 0}, "name": "Pontian Wanton Mee @ Lot 1", "allowMenuUrlEdit": true, "beenHere": {"lastCheckinExpiredAt": 0, "count": 0, "marked": false}, "stats": {"checkinsCount": 30, "usersCount": 17, "tipCount": 2}, "id": "4e379c15fa7606f143fcf17b", "categories": [{"pluralName": "Noodle Houses", "id": "4bf58dd8d48988d1d1941735", "primary": true, "icon": {"prefix": "https://ss3.4sqi.net/img/categories_v2/food/ramen_", "suffix": ".png"}, "name": "Noodle House", "shortName": "Noodles"}], "location": {"formattedAddress": ["Singapore"], "lat": 1.3849558749065185, "lng": 103.74477018379685, "distance": 27, "country": "Singapore", "cc": "SG", "labeledLatLngs": [{"lng": 103.74477018379685, "label": "display", "lat": 1.3849558749065185}]}, "verified": false, "price": {"tier": 1, "currency": "$", "message": "Cheap"}}, "referralId": "e-3-4e379c15fa7606f143fcf17b-25", "tips": [{"id": "4e379c7822713b80b9fe28bb", "text": "The chili here is gd and strong. Nice!!\ue056", "disagreeCount": 0, "createdAt": 1312267384, "logView": true, "todo": {"count": 0}, "agreeCount": 0, "canonicalUrl": "https://foursquare.com/item/4e379c7822713b80b9fe28bb", "type": "user", "user": {"gender": "male", "id": "11963695", "photo": {"prefix": "https://igx.4sqi.net/img/user/", "suffix": "/HFUIMB2BZ5Z3GK4Y.jpg"}, "firstName": "Chai", "lastName": "WeiJie"}}]}, {"reasons": {"items": [{"reasonName": "globalInteractionReason", "summary": "This spot is popular", "type": "general"}], "count": 0}, "venue": {"hereNow": {"groups": [], "summary": "Nobody here", "count": 0}, "contact": {}, "photos": {"groups": [], "count": 0}, "name": "Swee Heng Bakery", "allowMenuUrlEdit": true, "beenHere": {"lastCheckinExpiredAt": 0, "count": 0, "marked": false}, "stats": {"checkinsCount": 60, "usersCount": 32, "tipCount": 0}, "id": "4d7c1693ace96a31de435391", "categories": [{"pluralName": "Bakeries", "id": "4bf58dd8d48988d16a941735", "primary": true, "icon": {"prefix": "https://ss3.4sqi.net/img/categories_v2/food/bakery_", "suffix": ".png"}, "name": "Bakery", "shortName": "Bakery"}], "location": {"lng": 103.74281287193298, "formattedAddress": ["Blk 306 (Choa Chu Kang Ave 4, #01-683)", "680306", "Singapore"], "postalCode": "680306", "lat": 1.3850222004822321, "crossStreet": "Choa Chu Kang Ave 4, #01-683", "country": "Singapore", "distance": 194, "city": "Singapore", "cc": "SG", "address": "Blk 306", "labeledLatLngs": [{"lng": 103.74281287193298, "label": "display", "lat": 1.3850222004822321}]}, "verified": false, "price": {"tier": 1, "currency": "$", "message": "Cheap"}}, "referralId": "e-3-4d7c1693ace96a31de435391-26"}, {"reasons": {"items": [{"reasonName": "globalInteractionReason", "summary": "This spot is popular", "type": "general"}], "count": 0}, "venue": {"hereNow": {"groups": [], "summary": "Nobody here", "count": 0}, "contact": {}, "photos": {"groups": [], "count": 0}, "name": "Famous Amos @ Lot 1", "allowMenuUrlEdit": true, "beenHere": {"lastCheckinExpiredAt": 0, "count": 0, "marked": false}, "stats": {"checkinsCount": 280, "usersCount": 91, "tipCount": 1}, "id": "4bc5a51a6c26b7130981ebf3", "categories": [{"pluralName": "Snack Places", "id": "4bf58dd8d48988d1c7941735", "primary": true, "icon": {"prefix": "https://ss3.4sqi.net/img/categories_v2/food/snacks_", "suffix": ".png"}, "name": "Snack Place", "shortName": "Snacks"}], "location": {"formattedAddress": ["Singapore"], "lat": 1.3855924881314317, "lng": 103.74471926855239, "distance": 86, "country": "Singapore", "cc": "SG", "labeledLatLngs": [{"lng": 103.74471926855239, "label": "display", "lat": 1.3855924881314317}]}, "hours": {"isLocalHoliday": false, "isOpen": false}, "verified": false, "price": {"tier": 1, "currency": "$", "message": "Cheap"}}, "referralId": "e-3-4bc5a51a6c26b7130981ebf3-27", "tips": [{"id": "4ec9f8d1f79041351fa3a3fa", "text": "Recommended flavour: Chocolatechip w/ pecan, no nut chocolatechip, double chocolatechip & white chocolatechip w/ macadamia (:", "disagreeCount": 0, "logView": true, "createdAt": 1321859281, "likes": {"groups": [], "summary": "1 like", "count": 1}, "todo": {"count": 0}, "agreeCount": 1, "canonicalUrl": "https://foursquare.com/item/4ec9f8d1f79041351fa3a3fa", "type": "user", "user": {"id": "5189951", "photo": {"prefix": "https://igx.4sqi.net/img/user/", "suffix": "/TCQ3WIOM4NACRXIY.jpg"}, "firstName": "Zahiraahh", "gender": "female"}}]}, {"reasons": {"items": [{"reasonName": "globalInteractionReason", "summary": "This spot is popular", "type": "general"}], "count": 0}, "venue": {"hereNow": {"groups": [], "summary": "Nobody here", "count": 0}, "contact": {}, "photos": {"groups": [], "count": 0}, "name": "Lot One \u6e7e\u4ed4 \ue340", "allowMenuUrlEdit": true, "beenHere": {"lastCheckinExpiredAt": 0, "count": 0, "marked": false}, "stats": {"checkinsCount": 81, "usersCount": 45, "tipCount": 1}, "id": "4cd3815ca61c4688990db428", "categories": [{"pluralName": "Asian Restaurants", "id": "4bf58dd8d48988d142941735", "primary": true, "icon": {"prefix": "https://ss3.4sqi.net/img/categories_v2/food/asian_", "suffix": ".png"}, "name": "Asian Restaurant", "shortName": "Asian"}], "location": {"formattedAddress": ["Singapore"], "lat": 1.385461954204959, "lng": 103.74539852142334, "distance": 116, "country": "Singapore", "cc": "SG", "labeledLatLngs": [{"lng": 103.74539852142334, "label": "display", "lat": 1.385461954204959}]}, "verified": false, "price": {"tier": 2, "currency": "$", "message": "Moderate"}}, "referralId": "e-3-4cd3815ca61c4688990db428-28", "tips": [{"id": "4dbfe103cda12687c83d2d9e", "text": "The salted egg prawn is nice chewy but definitely lacks the salted egg taste. Beef noodles not consistent, this time the meat tough like chewing gum.", "disagreeCount": 0, "createdAt": 1304420611, "logView": true, "todo": {"count": 0}, "agreeCount": 0, "canonicalUrl": "https://foursquare.com/item/4dbfe103cda12687c83d2d9e", "type": "user", "user": {"gender": "male", "id": "1179596", "photo": {"prefix": "https://igx.4sqi.net/img/user/", "default": true, "suffix": "/blank_boy.png"}, "firstName": "Tommy", "lastName": "Lee"}}]}, {"reasons": {"items": [{"reasonName": "globalInteractionReason", "summary": "This spot is popular", "type": "general"}], "count": 0}, "venue": {"hereNow": {"groups": [], "summary": "Nobody here", "count": 0}, "contact": {}, "photos": {"groups": [], "count": 0}, "name": "Arnor Crepes", "allowMenuUrlEdit": true, "beenHere": {"lastCheckinExpiredAt": 0, "count": 0, "marked": false}, "stats": {"checkinsCount": 113, "usersCount": 41, "tipCount": 1}, "id": "4e8be6bed22db1c42b0df304", "categories": [{"pluralName": "Snack Places", "id": "4bf58dd8d48988d1c7941735", "primary": true, "icon": {"prefix": "https://ss3.4sqi.net/img/categories_v2/food/snacks_", "suffix": ".png"}, "name": "Snack Place", "shortName": "Snacks"}], "location": {"formattedAddress": ["#B1-K32, Lot 1 Shopper's Mall, 21 Choa Chu Kang Ave. 4", "689812", "Singapore"], "postalCode": "689812", "lat": 1.384712, "lng": 103.744926, "country": "Singapore", "distance": 43, "city": "Singapore", "cc": "SG", "address": "#B1-K32, Lot 1 Shopper's Mall, 21 Choa Chu Kang Ave. 4", "labeledLatLngs": [{"lng": 103.744926, "label": "display", "lat": 1.384712}]}, "verified": false, "price": {"tier": 1, "currency": "$", "message": "Cheap"}}, "referralId": "e-3-4e8be6bed22db1c42b0df304-29", "tips": [{"id": "4ed5068e7ee5ddf3149c59ad", "text": "The best crepes at lot 1 . Worth it !", "disagreeCount": 0, "logView": true, "createdAt": 1322583694, "likes": {"groups": [], "summary": "1 like", "count": 1}, "todo": {"count": 0}, "agreeCount": 0, "canonicalUrl": "https://foursquare.com/item/4ed5068e7ee5ddf3149c59ad", "type": "user", "user": {"gender": "female", "id": "6781332", "photo": {"prefix": "https://igx.4sqi.net/img/user/", "suffix": "/6781332-KIVQMBRUNEF4YVWM.jpg"}, "firstName": "Boyot", "lastName": "Oyot"}}]}, {"reasons": {"items": [{"reasonName": "globalInteractionReason", "summary": "This spot is popular", "type": "general"}], "count": 0}, "venue": {"hereNow": {"groups": [], "summary": "Nobody here", "count": 0}, "contact": {}, "photos": {"groups": [], "count": 0}, "name": "Food Alley @ Lot One Shopper's Mall", "allowMenuUrlEdit": true, "beenHere": {"lastCheckinExpiredAt": 0, "count": 0, "marked": false}, "stats": {"checkinsCount": 150, "usersCount": 100, "tipCount": 0}, "id": "4ceca2d7f368b1f7dda576f7", "categories": [{"pluralName": "Asian Restaurants", "id": "4bf58dd8d48988d142941735", "primary": true, "icon": {"prefix": "https://ss3.4sqi.net/img/categories_v2/food/asian_", "suffix": ".png"}, "name": "Asian Restaurant", "shortName": "Asian"}], "location": {"formattedAddress": ["21 Choa Chu Kang Ave 4", "680309", "Singapore"], "postalCode": "680309", "lat": 1.3849673844009533, "lng": 103.74489464336474, "distance": 40, "country": "Singapore", "cc": "SG", "address": "21 Choa Chu Kang Ave 4", "labeledLatLngs": [{"lng": 103.74489464336474, "label": "display", "lat": 1.3849673844009533}]}, "verified": false, "price": {"tier": 2, "currency": "$", "message": "Moderate"}}, "referralId": "e-3-4ceca2d7f368b1f7dda576f7-30"}, {"reasons": {"items": [{"reasonName": "globalInteractionReason", "summary": "This spot is popular", "type": "general"}], "count": 0}, "venue": {"hereNow": {"groups": [], "summary": "Nobody here", "count": 0}, "contact": {}, "photos": {"groups": [], "count": 0}, "name": "Gelateria Italia", "allowMenuUrlEdit": true, "beenHere": {"lastCheckinExpiredAt": 0, "count": 0, "marked": false}, "stats": {"checkinsCount": 47, "usersCount": 41, "tipCount": 0}, "id": "529b1769498e059d6c131248", "categories": [{"pluralName": "Italian Restaurants", "id": "4bf58dd8d48988d110941735", "primary": true, "icon": {"prefix": "https://ss3.4sqi.net/img/categories_v2/food/italian_", "suffix": ".png"}, "name": "Italian Restaurant", "shortName": "Italian"}], "location": {"formattedAddress": ["Lot One", "Singapore"], "lat": 1.384506054357428, "lng": 103.74500213126645, "distance": 61, "country": "Singapore", "cc": "SG", "address": "Lot One", "labeledLatLngs": [{"lng": 103.74500213126645, "label": "display", "lat": 1.384506054357428}]}, "verified": false, "price": {"tier": 2, "currency": "$", "message": "Moderate"}}, "referralId": "e-3-529b1769498e059d6c131248-31"}, {"reasons": {"items": [{"reasonName": "globalInteractionReason", "summary": "This spot is popular", "type": "general"}], "count": 0}, "venue": {"hereNow": {"groups": [], "summary": "Nobody here", "count": 0}, "contact": {}, "photos": {"groups": [], "count": 0}, "name": "Edo Sushi @ Lot1", "allowMenuUrlEdit": true, "beenHere": {"lastCheckinExpiredAt": 0, "count": 0, "marked": false}, "stats": {"checkinsCount": 34, "usersCount": 19, "tipCount": 0}, "id": "4da169839aa4721ea992fa19", "categories": [{"pluralName": "Sushi Restaurants", "id": "4bf58dd8d48988d1d2941735", "primary": true, "icon": {"prefix": "https://ss3.4sqi.net/img/categories_v2/food/sushi_", "suffix": ".png"}, "name": "Sushi Restaurant", "shortName": "Sushi"}], "location": {"formattedAddress": ["Singapore"], "lat": 1.3853769384318741, "lng": 103.74479847005213, "country": "Singapore", "distance": 66, "city": "Singapore", "cc": "SG", "labeledLatLngs": [{"lng": 103.74479847005213, "label": "display", "lat": 1.3853769384318741}]}, "verified": false, "price": {"tier": 2, "currency": "$", "message": "Moderate"}}, "referralId": "e-3-4da169839aa4721ea992fa19-32"}, {"reasons": {"items": [{"reasonName": "globalInteractionReason", "summary": "This spot is popular", "type": "general"}], "count": 0}, "venue": {"hereNow": {"groups": [], "summary": "Nobody here", "count": 0}, "contact": {}, "photos": {"groups": [], "count": 0}, "name": "GoGo Franks @ Lot One", "allowMenuUrlEdit": true, "beenHere": {"lastCheckinExpiredAt": 0, "count": 0, "marked": false}, "stats": {"checkinsCount": 31, "usersCount": 23, "tipCount": 0}, "id": "4d41489d89616dcb550b0db5", "categories": [{"pluralName": "Fast Food Restaurants", "id": "4bf58dd8d48988d16e941735", "primary": true, "icon": {"prefix": "https://ss3.4sqi.net/img/categories_v2/food/fastfood_", "suffix": ".png"}, "name": "Fast Food Restaurant", "shortName": "Fast Food"}], "location": {"formattedAddress": ["Singapore"], "lat": 1.3846703225299963, "lng": 103.74490595787665, "distance": 43, "country": "Singapore", "cc": "SG", "labeledLatLngs": [{"lng": 103.74490595787665, "label": "display", "lat": 1.3846703225299963}]}, "verified": false, "price": {"tier": 1, "currency": "$", "message": "Cheap"}}, "referralId": "e-3-4d41489d89616dcb550b0db5-33"}, {"reasons": {"items": [{"reasonName": "globalInteractionReason", "summary": "This spot is popular", "type": "general"}], "count": 0}, "venue": {"hereNow": {"groups": [], "summary": "Nobody here", "count": 0}, "contact": {}, "photos": {"groups": [], "count": 0}, "name": "Kobayashi Hangul", "allowMenuUrlEdit": true, "beenHere": {"lastCheckinExpiredAt": 0, "count": 0, "marked": false}, "stats": {"checkinsCount": 333, "usersCount": 241, "tipCount": 4}, "id": "4c3167a6452620a18fa3200f", "categories": [{"pluralName": "Japanese Restaurants", "id": "4bf58dd8d48988d111941735", "primary": true, "icon": {"prefix": "https://ss3.4sqi.net/img/categories_v2/food/japanese_", "suffix": ".png"}, "name": "Japanese Restaurant", "shortName": "Japanese"}], "location": {"lng": 103.74477624893188, "formattedAddress": ["#B1-16 Lot 1 Shoppers' Mall (21 Choa Chu Kang Ave. 4)", "689812", "Singapore"], "postalCode": "689812", "lat": 1.3854834056039804, "crossStreet": "21 Choa Chu Kang Ave. 4", "country": "Singapore", "distance": 76, "city": "Singapore", "cc": "SG", "address": "#B1-16 Lot 1 Shoppers' Mall", "labeledLatLngs": [{"lng": 103.74477624893188, "label": "display", "lat": 1.3854834056039804}]}, "hours": {"isLocalHoliday": false, "isOpen": true, "status": "Likely open"}, "verified": false, "price": {"tier": 2, "currency": "$", "message": "Moderate"}}, "referralId": "e-3-4c3167a6452620a18fa3200f-34", "tips": [{"id": "4dd8ccf57d8b32266411d68c", "text": "The people serving looks so dead..", "disagreeCount": 0, "logView": true, "createdAt": 1306053877, "likes": {"groups": [], "summary": "5 likes", "count": 5}, "todo": {"count": 0}, "agreeCount": 0, "canonicalUrl": "https://foursquare.com/item/4dd8ccf57d8b32266411d68c", "type": "user", "user": {"id": "5347035", "photo": {"prefix": "https://igx.4sqi.net/img/user/", "suffix": "/Y5ZXYPPVF2NYYNCJ.jpg"}, "firstName": "Liancheng", "gender": "male"}}]}, {"reasons": {"items": [{"reasonName": "globalInteractionReason", "summary": "This spot is popular", "type": "general"}], "count": 0}, "venue": {"hereNow": {"groups": [], "summary": "Nobody here", "count": 0}, "contact": {}, "photos": {"groups": [], "count": 0}, "name": "Four Leaves", "allowMenuUrlEdit": true, "beenHere": {"lastCheckinExpiredAt": 0, "count": 0, "marked": false}, "stats": {"checkinsCount": 320, "usersCount": 121, "tipCount": 2}, "id": "4d8841bf6daeb60cd99a37e0", "categories": [{"pluralName": "Bakeries", "id": "4bf58dd8d48988d16a941735", "primary": true, "icon": {"prefix": "https://ss3.4sqi.net/img/categories_v2/food/bakery_", "suffix": ".png"}, "name": "Bakery", "shortName": "Bakery"}], "location": {"lng": 103.74457218017713, "formattedAddress": ["Lot 1 (Chua Chu Kang Central)", "689810", "Singapore"], "postalCode": "689810", "lat": 1.384825994495553, "crossStreet": "Chua Chu Kang Central", "country": "Singapore", "distance": 2, "city": "Singapore", "cc": "SG", "address": "Lot 1", "labeledLatLngs": [{"lng": 103.74457218017713, "label": "display", "lat": 1.384825994495553}]}, "hours": {"isLocalHoliday": false, "isOpen": true, "status": "Likely open"}, "verified": false, "price": {"tier": 1, "currency": "$", "message": "Cheap"}}, "referralId": "e-3-4d8841bf6daeb60cd99a37e0-35", "tips": [{"id": "529593e911d2ab525b408eb1", "text": "Mini Coffee Boy and Danish Bread (like brioche) are the top items here. Small floss buns are very flossy as well.", "disagreeCount": 0, "createdAt": 1385534441, "logView": true, "todo": {"count": 0}, "agreeCount": 0, "canonicalUrl": "https://foursquare.com/item/529593e911d2ab525b408eb1", "type": "user", "user": {"gender": "male", "id": "59704532", "photo": {"prefix": "https://igx.4sqi.net/img/user/", "suffix": "/59704532-KMGXA4W21YGKWBRX.jpg"}, "firstName": "David", "lastName": "Prl"}}]}, {"reasons": {"items": [{"reasonName": "globalInteractionReason", "summary": "This spot is popular", "type": "general"}], "count": 0}, "venue": {"hereNow": {"groups": [], "summary": "Nobody here", "count": 0}, "contact": {}, "photos": {"groups": [], "count": 0}, "name": "The Royals @ Lot 1", "allowMenuUrlEdit": true, "beenHere": {"lastCheckinExpiredAt": 0, "count": 0, "marked": false}, "stats": {"checkinsCount": 42, "usersCount": 27, "tipCount": 1}, "id": "4c6b8da8e503c928ec5d48b3", "categories": [{"pluralName": "Bakeries", "id": "4bf58dd8d48988d16a941735", "primary": true, "icon": {"prefix": "https://ss3.4sqi.net/img/categories_v2/food/bakery_", "suffix": ".png"}, "name": "Bakery", "shortName": "Bakery"}], "location": {"formattedAddress": ["Singapore"], "lat": 1.385316863096998, "lng": 103.7447136113042, "distance": 56, "country": "Singapore", "cc": "SG", "labeledLatLngs": [{"lng": 103.7447136113042, "label": "display", "lat": 1.385316863096998}]}, "verified": false, "price": {"tier": 1, "currency": "$", "message": "Cheap"}}, "referralId": "e-3-4c6b8da8e503c928ec5d48b3-36", "tips": [{"id": "4e6bfdf1483b1f5ebde44ba5", "text": "seems to closed down as of 10th sept when i last checked.", "disagreeCount": 0, "createdAt": 1315700209, "logView": true, "todo": {"count": 0}, "agreeCount": 0, "canonicalUrl": "https://foursquare.com/item/4e6bfdf1483b1f5ebde44ba5", "type": "user", "user": {"gender": "male", "id": "10017235", "photo": {"prefix": "https://igx.4sqi.net/img/user/", "suffix": "/QAQ3MGBCV2QNHXJA.jpg"}, "firstName": "Richard", "lastName": "rv"}}]}, {"reasons": {"items": [{"reasonName": "globalInteractionReason", "summary": "This spot is popular", "type": "general"}], "count": 0}, "venue": {"hereNow": {"groups": [], "summary": "Nobody here", "count": 0}, "contact": {}, "photos": {"groups": [], "count": 0}, "name": "Snackz It!", "allowMenuUrlEdit": true, "beenHere": {"lastCheckinExpiredAt": 0, "count": 0, "marked": false}, "stats": {"checkinsCount": 45, "usersCount": 29, "tipCount": 0}, "id": "4d182e51401db60cab66f1a4", "categories": [{"pluralName": "Asian Restaurants", "id": "4bf58dd8d48988d142941735", "primary": true, "icon": {"prefix": "https://ss3.4sqi.net/img/categories_v2/food/asian_", "suffix": ".png"}, "name": "Asian Restaurant", "shortName": "Asian"}], "location": {"formattedAddress": ["Lot 1 CCK", "Singapore"], "lat": 1.3856198500409636, "lng": 103.7447362402984, "distance": 89, "country": "Singapore", "cc": "SG", "address": "Lot 1 CCK", "labeledLatLngs": [{"lng": 103.7447362402984, "label": "display", "lat": 1.3856198500409636}]}, "verified": false, "price": {"tier": 2, "currency": "$", "message": "Moderate"}}, "referralId": "e-3-4d182e51401db60cab66f1a4-37"}, {"reasons": {"items": [{"reasonName": "globalInteractionReason", "summary": "This spot is popular", "type": "general"}], "count": 0}, "venue": {"hereNow": {"groups": [], "summary": "Nobody here", "count": 0}, "contact": {}, "photos": {"groups": [], "count": 0}, "name": "Pasamalam@CCK", "allowMenuUrlEdit": true, "beenHere": {"lastCheckinExpiredAt": 0, "count": 0, "marked": false}, "stats": {"checkinsCount": 39, "usersCount": 25, "tipCount": 0}, "id": "4d6c45d3fcafa1cde9392806", "categories": [{"pluralName": "Asian Restaurants", "id": "4bf58dd8d48988d142941735", "primary": true, "icon": {"prefix": "https://ss3.4sqi.net/img/categories_v2/food/asian_", "suffix": ".png"}, "name": "Asian Restaurant", "shortName": "Asian"}], "location": {"formattedAddress": ["Singapore"], "lat": 1.3840142551079335, "lng": 103.74426103222319, "country": "Singapore", "distance": 97, "city": "Singapore", "cc": "SG", "labeledLatLngs": [{"lng": 103.74426103222319, "label": "display", "lat": 1.3840142551079335}]}, "verified": false, "price": {"tier": 2, "currency": "$", "message": "Moderate"}}, "referralId": "e-3-4d6c45d3fcafa1cde9392806-38"}, {"reasons": {"items": [{"reasonName": "globalInteractionReason", "summary": "This spot is popular", "type": "general"}], "count": 0}, "venue": {"hereNow": {"groups": [], "summary": "Nobody here", "count": 0}, "contact": {}, "photos": {"groups": [], "count": 0}, "name": "Mr Bean @ Lot One Shopper's Mall", "allowMenuUrlEdit": true, "beenHere": {"lastCheckinExpiredAt": 0, "count": 0, "marked": false}, "stats": {"checkinsCount": 98, "usersCount": 44, "tipCount": 0}, "id": "4c74e1a5d8948cfab71d66da", "categories": [{"pluralName": "Snack Places", "id": "4bf58dd8d48988d1c7941735", "primary": true, "icon": {"prefix": "https://ss3.4sqi.net/img/categories_v2/food/snacks_", "suffix": ".png"}, "name": "Snack Place", "shortName": "Snacks"}], "location": {"formattedAddress": ["21 Choa Chu Kang Ave 4", "Singapore"], "lat": 1.3844298899729195, "lng": 103.74427234668157, "distance": 55, "country": "Singapore", "cc": "SG", "address": "21 Choa Chu Kang Ave 4", "labeledLatLngs": [{"lng": 103.74427234668157, "label": "display", "lat": 1.3844298899729195}]}, "verified": false, "price": {"tier": 1, "currency": "$", "message": "Cheap"}}, "referralId": "e-3-4c74e1a5d8948cfab71d66da-39"}, {"reasons": {"items": [{"reasonName": "globalInteractionReason", "summary": "This spot is popular", "type": "general"}], "count": 0}, "venue": {"hereNow": {"groups": [], "summary": "Nobody here", "count": 0}, "contact": {}, "photos": {"groups": [], "count": 0}, "name": "Moviebites Shaw Lot One", "allowMenuUrlEdit": true, "beenHere": {"lastCheckinExpiredAt": 0, "count": 0, "marked": false}, "stats": {"checkinsCount": 87, "usersCount": 42, "tipCount": 0}, "id": "4dbe3a08815439392fbba482", "categories": [{"pluralName": "Snack Places", "id": "4bf58dd8d48988d1c7941735", "primary": true, "icon": {"prefix": "https://ss3.4sqi.net/img/categories_v2/food/snacks_", "suffix": ".png"}, "name": "Snack Place", "shortName": "Snacks"}], "location": {"formattedAddress": ["Singapore"], "lat": 1.385020970538078, "lng": 103.74494555867585, "country": "Singapore", "distance": 48, "city": "Singapore", "cc": "SG", "labeledLatLngs": [{"lng": 103.74494555867585, "label": "display", "lat": 1.385020970538078}]}, "verified": false, "price": {"tier": 1, "currency": "$", "message": "Cheap"}}, "referralId": "e-3-4dbe3a08815439392fbba482-40"}, {"reasons": {"items": [{"reasonName": "globalInteractionReason", "summary": "This spot is popular", "type": "general"}], "count": 0}, "venue": {"hereNow": {"groups": [], "summary": "Nobody here", "count": 0}, "contact": {}, "photos": {"groups": [], "count": 0}, "name": "Yoshinoya LOTONE Food Junction", "allowMenuUrlEdit": true, "beenHere": {"lastCheckinExpiredAt": 0, "count": 0, "marked": false}, "stats": {"checkinsCount": 36, "usersCount": 19, "tipCount": 2}, "id": "4ca2c76d5720b1f7615e2cef", "categories": [{"pluralName": "Japanese Restaurants", "id": "4bf58dd8d48988d111941735", "primary": true, "icon": {"prefix": "https://ss3.4sqi.net/img/categories_v2/food/japanese_", "suffix": ".png"}, "name": "Japanese Restaurant", "shortName": "Japanese"}], "location": {"formattedAddress": ["Lot One", "Singapore"], "lat": 1.3854590572673893, "lng": 103.74491161513296, "country": "Singapore", "distance": 79, "city": "Singapore", "cc": "SG", "address": "Lot One", "labeledLatLngs": [{"lng": 103.74491161513296, "label": "display", "lat": 1.3854590572673893}]}, "verified": false, "price": {"tier": 2, "currency": "$", "message": "Moderate"}}, "referralId": "e-3-4ca2c76d5720b1f7615e2cef-41", "tips": [{"id": "4dbd5a051e72b351cac7fa4e", "text": "The food presentation of combo can't beat their main food chain", "disagreeCount": 0, "createdAt": 1304254981, "logView": true, "todo": {"count": 0}, "agreeCount": 0, "canonicalUrl": "https://foursquare.com/item/4dbd5a051e72b351cac7fa4e", "type": "user", "user": {"gender": "female", "id": "4831377", "photo": {"prefix": "https://igx.4sqi.net/img/user/", "suffix": "/4831377-Z0SULWALJD1KYHSP.jpg"}, "firstName": "Andorra", "lastName": "Ooi"}}]}, {"reasons": {"items": [{"reasonName": "globalInteractionReason", "summary": "This spot is popular", "type": "general"}], "count": 0}, "venue": {"hereNow": {"groups": [], "summary": "Nobody here", "count": 0}, "contact": {}, "photos": {"groups": [], "count": 0}, "name": "Old Street Bak Kut Teh \u8001\u8857\u8089\u9aa8\u8336", "allowMenuUrlEdit": true, "beenHere": {"lastCheckinExpiredAt": 0, "count": 0, "marked": false}, "stats": {"checkinsCount": 158, "usersCount": 108, "tipCount": 1}, "id": "56ef9213498e24f356eb6332", "categories": [{"pluralName": "Diners", "id": "4bf58dd8d48988d147941735", "primary": true, "icon": {"prefix": "https://ss3.4sqi.net/img/categories_v2/food/diner_", "suffix": ".png"}, "name": "Diner", "shortName": "Diner"}], "location": {"formattedAddress": ["Lot One Shopping Mall", "Singapore"], "lat": 1.3847257138725884, "lng": 103.74483807081954, "distance": 33, "country": "Singapore", "cc": "SG", "address": "Lot One Shopping Mall", "labeledLatLngs": [{"lng": 103.74483807081954, "label": "display", "lat": 1.3847257138725884}]}, "verified": false, "price": {"tier": 1, "currency": "$", "message": "Cheap"}}, "referralId": "e-3-56ef9213498e24f356eb6332-42", "tips": [{"id": "57a9f2ce498e641e35c1bf34", "text": "Soup is not peppery enough. Doesn't have that \u2018warm your stomach\u2019 after drinking the soup. The meat is cooked just right. Overall 3/5. Will give a 4/5 if the soup improve. \ud83d\ude0a", "disagreeCount": 0, "createdAt": 1470755534, "logView": true, "todo": {"count": 0}, "agreeCount": 0, "canonicalUrl": "https://foursquare.com/item/57a9f2ce498e641e35c1bf34", "type": "user", "user": {"gender": "female", "id": "755166", "photo": {"prefix": "https://igx.4sqi.net/img/user/", "suffix": "/AHLCKLUBB1SKADXI.jpg"}, "firstName": "Jasmine", "lastName": "Ho"}}]}, {"reasons": {"items": [{"reasonName": "globalInteractionReason", "summary": "This spot is popular", "type": "general"}], "count": 0}, "venue": {"hereNow": {"groups": [], "summary": "Nobody here", "count": 0}, "contact": {}, "photos": {"groups": [], "count": 0}, "name": "Pezzo", "allowMenuUrlEdit": true, "beenHere": {"lastCheckinExpiredAt": 0, "count": 0, "marked": false}, "stats": {"checkinsCount": 47, "usersCount": 15, "tipCount": 0}, "id": "52e87ed711d2ee4b29d19675", "categories": [{"pluralName": "Pizza Places", "id": "4bf58dd8d48988d1ca941735", "primary": true, "icon": {"prefix": "https://ss3.4sqi.net/img/categories_v2/food/pizza_", "suffix": ".png"}, "name": "Pizza Place", "shortName": "Pizza"}], "location": {"lng": 103.74579980733695, "formattedAddress": ["#B1-23, Lot One Shoppers' Mal (21 Choa Chu Kang Ave 4)", "689812", "Singapore"], "postalCode": "689812", "lat": 1.3850258887791504, "crossStreet": "21 Choa Chu Kang Ave 4", "country": "Singapore", "distance": 140, "city": "Singapore", "cc": "SG", "address": "#B1-23, Lot One Shoppers' Mal", "labeledLatLngs": [{"lng": 103.74579980733695, "label": "display", "lat": 1.3850258887791504}]}, "hours": {"isLocalHoliday": false, "isOpen": true, "status": "Open until 10:00 PM"}, "verified": false, "price": {"tier": 1, "currency": "$", "message": "Cheap"}}, "referralId": "e-3-52e87ed711d2ee4b29d19675-43"}, {"reasons": {"items": [{"reasonName": "globalInteractionReason", "summary": "This spot is popular", "type": "general"}], "count": 0}, "venue": {"hereNow": {"groups": [], "summary": "Nobody here", "count": 0}, "contact": {}, "photos": {"groups": [], "count": 0}, "name": "Ananas Cafe", "allowMenuUrlEdit": true, "beenHere": {"lastCheckinExpiredAt": 0, "count": 0, "marked": false}, "stats": {"checkinsCount": 233, "usersCount": 121, "tipCount": 1}, "id": "4c45a355da2176b05c38637a", "categories": [{"pluralName": "Asian Restaurants", "id": "4bf58dd8d48988d142941735", "primary": true, "icon": {"prefix": "https://ss3.4sqi.net/img/categories_v2/food/asian_", "suffix": ".png"}, "name": "Asian Restaurant", "shortName": "Asian"}], "location": {"formattedAddress": ["#01-15, 10 Choa Chu Kang Ave 4", "689810", "Singapore"], "postalCode": "689810", "lat": 1.384513553788216, "lng": 103.74449863605007, "country": "Singapore", "distance": 36, "city": "Singapore", "cc": "SG", "address": "#01-15, 10 Choa Chu Kang Ave 4", "labeledLatLngs": [{"lng": 103.74449863605007, "label": "display", "lat": 1.384513553788216}]}, "verified": false, "price": {"tier": 2, "currency": "$", "message": "Moderate"}}, "referralId": "e-3-4c45a355da2176b05c38637a-44", "tips": [{"id": "4e37ec8de4cdedd4a1b6204c", "text": "2.50 Nasi  Lemak, chicken wing, w an egg", "disagreeCount": 0, "createdAt": 1312287885, "logView": true, "todo": {"count": 0}, "agreeCount": 0, "canonicalUrl": "https://foursquare.com/item/4e37ec8de4cdedd4a1b6204c", "type": "user", "user": {"gender": "female", "id": "4372597", "photo": {"prefix": "https://igx.4sqi.net/img/user/", "suffix": "/USH0RGCVFNX03UJL.jpg"}, "firstName": "Catharine", "lastName": "Yong"}}]}, {"reasons": {"items": [{"reasonName": "globalInteractionReason", "summary": "This spot is popular", "type": "general"}], "count": 0}, "venue": {"hereNow": {"groups": [], "summary": "Nobody here", "count": 0}, "contact": {}, "photos": {"groups": [], "count": 0}, "name": "Jollibean @ Lot 1", "allowMenuUrlEdit": true, "beenHere": {"lastCheckinExpiredAt": 0, "count": 0, "marked": false}, "stats": {"checkinsCount": 43, "usersCount": 30, "tipCount": 0}, "id": "4cd0ee9e9d87224b5037583b", "categories": [{"pluralName": "Snack Places", "id": "4bf58dd8d48988d1c7941735", "primary": true, "icon": {"prefix": "https://ss3.4sqi.net/img/categories_v2/food/snacks_", "suffix": ".png"}, "name": "Snack Place", "shortName": "Snacks"}], "location": {"formattedAddress": ["Singapore"], "lat": 1.3849910661698752, "lng": 103.74491161513296, "distance": 43, "country": "Singapore", "cc": "SG", "labeledLatLngs": [{"lng": 103.74491161513296, "label": "display", "lat": 1.3849910661698752}]}, "verified": false, "price": {"tier": 1, "currency": "$", "message": "Cheap"}}, "referralId": "e-3-4cd0ee9e9d87224b5037583b-45"}, {"reasons": {"items": [{"reasonName": "globalInteractionReason", "summary": "This spot is popular", "type": "general"}], "count": 0}, "venue": {"hereNow": {"groups": [], "summary": "Nobody here", "count": 0}, "contact": {}, "photos": {"groups": [], "count": 0}, "name": "Turkish Kebab", "allowMenuUrlEdit": true, "beenHere": {"lastCheckinExpiredAt": 0, "count": 0, "marked": false}, "stats": {"checkinsCount": 31, "usersCount": 19, "tipCount": 4}, "id": "4ff162d4e4b0616aab20e084", "categories": [{"pluralName": "Burrito Places", "id": "4bf58dd8d48988d153941735", "primary": true, "icon": {"prefix": "https://ss3.4sqi.net/img/categories_v2/food/burrito_", "suffix": ".png"}, "name": "Burrito Place", "shortName": "Burritos"}], "location": {"formattedAddress": ["Lot One Shopper's Mall", "Singapore"], "lat": 1.384796992499344, "lng": 103.74505870388091, "distance": 56, "country": "Singapore", "cc": "SG", "address": "Lot One Shopper's Mall", "labeledLatLngs": [{"lng": 103.74505870388091, "label": "display", "lat": 1.384796992499344}]}, "verified": false, "price": {"tier": 1, "currency": "$", "message": "Cheap"}}, "referralId": "e-3-4ff162d4e4b0616aab20e084-46", "tips": [{"id": "51e4f33c498e4ddefb962388", "text": "They've stopped selling the hummus... pity, it was one of my favourites.", "disagreeCount": 0, "createdAt": 1373958972, "logView": true, "todo": {"count": 0}, "agreeCount": 0, "canonicalUrl": "https://foursquare.com/item/51e4f33c498e4ddefb962388", "type": "user", "user": {"gender": "female", "id": "1377281", "photo": {"prefix": "https://igx.4sqi.net/img/user/", "suffix": "/VHF4KO5HTCGYMRUN.jpg"}, "firstName": "Ezbel", "lastName": "Tay"}}]}, {"reasons": {"items": [{"reasonName": "globalInteractionReason", "summary": "This spot is popular", "type": "general"}], "count": 0}, "venue": {"hereNow": {"groups": [], "summary": "Nobody here", "count": 0}, "contact": {}, "photos": {"groups": [], "count": 0}, "name": "Hell's Kitchen", "allowMenuUrlEdit": true, "beenHere": {"lastCheckinExpiredAt": 0, "count": 0, "marked": false}, "stats": {"checkinsCount": 661, "usersCount": 30, "tipCount": 0}, "id": "4d78dc504b30a143d7f199cb", "categories": [{"pluralName": "Food Trucks", "id": "4bf58dd8d48988d1cb941735", "primary": true, "icon": {"prefix": "https://ss3.4sqi.net/img/categories_v2/food/streetfood_", "suffix": ".png"}, "name": "Food Truck", "shortName": "Food Truck"}], "location": {"formattedAddress": ["Choa Chu Kang Central", "Singapore"], "lat": 1.3831384739907322, "lng": 103.74357650926864, "country": "Singapore", "distance": 218, "city": "Singapore", "cc": "SG", "address": "Choa Chu Kang Central", "labeledLatLngs": [{"lng": 103.74357650926864, "label": "display", "lat": 1.3831384739907322}]}, "hours": {"isLocalHoliday": false, "isOpen": false}, "verified": false, "price": {"tier": 1, "currency": "$", "message": "Cheap"}}, "referralId": "e-3-4d78dc504b30a143d7f199cb-47"}, {"reasons": {"items": [{"reasonName": "globalInteractionReason", "summary": "This spot is popular", "type": "general"}], "count": 0}, "venue": {"hereNow": {"groups": [], "summary": "Nobody here", "count": 0}, "contact": {}, "photos": {"groups": [], "count": 0}, "name": "Warren Bbq Pit Area", "allowMenuUrlEdit": true, "beenHere": {"lastCheckinExpiredAt": 0, "count": 0, "marked": false}, "stats": {"checkinsCount": 91, "usersCount": 78, "tipCount": 0}, "id": "4d0cb2a61f6bf04d03d77831", "categories": [{"pluralName": "BBQ Joints", "id": "4bf58dd8d48988d1df931735", "primary": true, "icon": {"prefix": "https://ss3.4sqi.net/img/categories_v2/food/bbqalt_", "suffix": ".png"}, "name": "BBQ Joint", "shortName": "BBQ"}], "location": {"formattedAddress": ["69 Choa Chu Kang Loop", "Singapore"], "lat": 1.387028, "lng": 103.743981, "country": "Singapore", "distance": 252, "city": "Singapore", "cc": "SG", "address": "69 Choa Chu Kang Loop", "labeledLatLngs": [{"lng": 103.743981, "label": "display", "lat": 1.387028}]}, "verified": false, "price": {"tier": 2, "currency": "$", "message": "Moderate"}}, "referralId": "e-3-4d0cb2a61f6bf04d03d77831-48"}, {"reasons": {"items": [{"reasonName": "globalInteractionReason", "summary": "This spot is popular", "type": "general"}], "count": 0}, "venue": {"hereNow": {"groups": [], "summary": "Nobody here", "count": 0}, "contact": {}, "photos": {"groups": [], "count": 0}, "name": "\u7063\u4ed4\u9999\u6e2f\u5976\u8336\u5e97", "allowMenuUrlEdit": true, "beenHere": {"lastCheckinExpiredAt": 0, "count": 0, "marked": false}, "stats": {"checkinsCount": 109, "usersCount": 39, "tipCount": 0}, "id": "4d6335db625f6dcb2c4e685e", "categories": [{"pluralName": "Caf\u00e9s", "id": "4bf58dd8d48988d16d941735", "primary": true, "icon": {"prefix": "https://ss3.4sqi.net/img/categories_v2/food/cafe_", "suffix": ".png"}, "name": "Caf\u00e9", "shortName": "Caf\u00e9"}], "location": {"lng": 103.74626370624293, "formattedAddress": ["Lot 1 shopping Mall (Chuo Chu Kang)", "Singapore"], "lat": 1.3826323080986478, "crossStreet": "Chuo Chu Kang", "country": "Singapore", "distance": 310, "city": "Singapore", "cc": "SG", "address": "Lot 1 shopping Mall", "labeledLatLngs": [{"lng": 103.74626370624293, "label": "display", "lat": 1.3826323080986478}]}, "verified": false, "price": {"tier": 1, "currency": "$", "message": "Cheap"}}, "referralId": "e-3-4d6335db625f6dcb2c4e685e-49"}], "name": "recommended", "type": "Recommended Places"}], "query": "food", "headerLocation": "Choa Chu Kang"}}