{"meta": {"code": 200, "requestId": "595a3a739fb6b77b77586568"}, "response": {"suggestedFilters": {"filters": [{"name": "Open now", "key": "openNow"}], "header": "Tap to show:"}, "totalResults": 79, "headerFullLocation": "Choa Chu Kang, Singapore", "headerLocationGranularity": "neighborhood", "suggestedBounds": {"ne": {"lng": 103.75248044992242, "lat": 1.3874982944172871}, "sw": {"lng": 103.7381031501636, "lat": 1.3730982800172729}}, "groups": [{"items": [{"reasons": {"items": [{"reasonName": "globalInteractionReason", "summary": "This spot is popular", "type": "general"}], "count": 0}, "venue": {"hereNow": {"groups": [], "summary": "Nobody here", "count": 0}, "contact": {}, "photos": {"groups": [], "count": 0}, "name": "Pezzo", "allowMenuUrlEdit": true, "beenHere": {"lastCheckinExpiredAt": 0, "count": 0, "marked": false}, "stats": {"checkinsCount": 47, "usersCount": 15, "tipCount": 0}, "id": "52e87ed711d2ee4b29d19675", "categories": [{"pluralName": "Pizza Places", "id": "4bf58dd8d48988d1ca941735", "primary": true, "icon": {"prefix": "https://ss3.4sqi.net/img/categories_v2/food/pizza_", "suffix": ".png"}, "name": "Pizza Place", "shortName": "Pizza"}], "location": {"lng": 103.74579980733695, "formattedAddress": ["#B1-23, Lot One Shoppers' Mal (21 Choa Chu Kang Ave 4)", "689812", "Singapore"], "postalCode": "689812", "lat": 1.3850258887791504, "crossStreet": "21 Choa Chu Kang Ave 4", "country": "Singapore", "distance": 529, "city": "Singapore", "cc": "SG", "address": "#B1-23, Lot One Shoppers' Mal", "labeledLatLngs": [{"lng": 103.74579980733695, "label": "display", "lat": 1.3850258887791504}]}, "hours": {"isLocalHoliday": false, "isOpen": true, "status": "Open until 10:00 PM"}, "verified": false, "price": {"tier": 1, "currency": "$", "message": "Cheap"}}, "referralId": "e-3-52e87ed711d2ee4b29d19675-50"}, {"reasons": {"items": [{"reasonName": "globalInteractionReason", "summary": "This spot is popular", "type": "general"}], "count": 0}, "venue": {"hereNow": {"groups": [], "summary": "Nobody here", "count": 0}, "contact": {"twitter": "pepperlunchsg"}, "photos": {"groups": [], "count": 0}, "name": "Pepper Lunch Express", "allowMenuUrlEdit": true, "beenHere": {"lastCheckinExpiredAt": 0, "count": 0, "marked": false}, "stats": {"checkinsCount": 669, "usersCount": 178, "tipCount": 0}, "id": "4ca811c214c33704a7b0d03b", "categories": [{"pluralName": "Japanese Restaurants", "id": "4bf58dd8d48988d111941735", "primary": true, "icon": {"prefix": "https://ss3.4sqi.net/img/categories_v2/food/japanese_", "suffix": ".png"}, "name": "Japanese Restaurant", "shortName": "Japanese"}], "url": "http://www.pepperlunch.com.sg", "location": {"lng": 103.74479281280058, "formattedAddress": ["#04-05 Lot 1 Shoppers' Mall (Food Junction) (21 Choa Chu Kang Ave. 4)", "689812", "Singapore"], "postalCode": "689812", "lat": 1.3852575236363684, "crossStreet": "21 Choa Chu Kang Ave. 4", "country": "Singapore", "distance": 554, "city": "Singapore", "cc": "SG", "address": "#04-05 Lot 1 Shoppers' Mall (Food Junction)", "labeledLatLngs": [{"lng": 103.74479281280058, "label": "display", "lat": 1.3852575236363684}]}, "hours": {"isLocalHoliday": false, "isOpen": false}, "verified": false, "price": {"tier": 2, "currency": "$", "message": "Moderate"}}, "referralId": "e-3-4ca811c214c33704a7b0d03b-51"}, {"reasons": {"items": [{"reasonName": "globalInteractionReason", "summary": "This spot is popular", "type": "general"}], "count": 0}, "venue": {"hereNow": {"groups": [], "summary": "Nobody here", "count": 0}, "contact": {}, "photos": {"groups": [], "count": 0}, "name": "MOF Japanese Sweets & Coffee", "allowMenuUrlEdit": true, "beenHere": {"lastCheckinExpiredAt": 0, "count": 0, "marked": false}, "stats": {"checkinsCount": 162, "usersCount": 100, "tipCount": 0}, "id": "4d888be34757721e8b2a8f69", "categories": [{"pluralName": "Japanese Restaurants", "id": "4bf58dd8d48988d111941735", "primary": true, "icon": {"prefix": "https://ss3.4sqi.net/img/categories_v2/food/japanese_", "suffix": ".png"}, "name": "Japanese Restaurant", "shortName": "Japanese"}], "location": {"lng": 103.74490595787665, "formattedAddress": ["#03-20, Lot One Shoppers' Mall (Chua Chu Kang Avenue 4)", "Singapore"], "lat": 1.3852706693946204, "crossStreet": "Chua Chu Kang Avenue 4", "country": "Singapore", "distance": 555, "city": "Singapore", "cc": "SG", "address": "#03-20, Lot One Shoppers' Mall", "labeledLatLngs": [{"lng": 103.74490595787665, "label": "display", "lat": 1.3852706693946204}]}, "verified": false, "price": {"tier": 2, "currency": "$", "message": "Moderate"}}, "referralId": "e-3-4d888be34757721e8b2a8f69-52"}, {"reasons": {"items": [{"reasonName": "globalInteractionReason", "summary": "This spot is popular", "type": "general"}], "count": 0}, "venue": {"hereNow": {"groups": [], "summary": "Nobody here", "count": 0}, "contact": {}, "photos": {"groups": [], "count": 0}, "name": "The Royals @ Lot 1", "allowMenuUrlEdit": true, "beenHere": {"lastCheckinExpiredAt": 0, "count": 0, "marked": false}, "stats": {"checkinsCount": 42, "usersCount": 27, "tipCount": 1}, "id": "4c6b8da8e503c928ec5d48b3", "categories": [{"pluralName": "Bakeries", "id": "4bf58dd8d48988d16a941735", "primary": true, "icon": {"prefix": "https://ss3.4sqi.net/img/categories_v2/food/bakery_", "suffix": ".png"}, "name": "Bakery", "shortName": "Bakery"}], "location": {"formattedAddress": ["Singapore"], "lat": 1.385316863096998, "lng": 103.7447136113042, "distance": 562, "country": "Singapore", "cc": "SG", "labeledLatLngs": [{"lng": 103.7447136113042, "label": "display", "lat": 1.385316863096998}]}, "verified": false, "price": {"tier": 1, "currency": "$", "message": "Cheap"}}, "referralId": "e-3-4c6b8da8e503c928ec5d48b3-53", "tips": [{"id": "4e6bfdf1483b1f5ebde44ba5", "text": "seems to closed down as of 10th sept when i last checked.", "disagreeCount": 0, "createdAt": 1315700209, "logView": true, "todo": {"count": 0}, "agreeCount": 0, "canonicalUrl": "https://foursquare.com/item/4e6bfdf1483b1f5ebde44ba5", "type": "user", "user": {"gender": "male", "id": "10017235", "photo": {"prefix": "https://igx.4sqi.net/img/user/", "suffix": "/QAQ3MGBCV2QNHXJA.jpg"}, "firstName": "Richard", "lastName": "rv"}}]}, {"reasons": {"items": [{"reasonName": "globalInteractionReason", "summary": "This spot is popular", "type": "general"}], "count": 0}, "venue": {"hereNow": {"groups": [], "summary": "Nobody here", "count": 0}, "contact": {}, "photos": {"groups": [], "count": 0}, "name": "Edo Sushi @ Lot1", "allowMenuUrlEdit": true, "beenHere": {"lastCheckinExpiredAt": 0, "count": 0, "marked": false}, "stats": {"checkinsCount": 34, "usersCount": 19, "tipCount": 0}, "id": "4da169839aa4721ea992fa19", "categories": [{"pluralName": "Sushi Restaurants", "id": "4bf58dd8d48988d1d2941735", "primary": true, "icon": {"prefix": "https://ss3.4sqi.net/img/categories_v2/food/sushi_", "suffix": ".png"}, "name": "Sushi Restaurant", "shortName": "Sushi"}], "location": {"formattedAddress": ["Singapore"], "lat": 1.3853769384318741, "lng": 103.74479847005213, "country": "Singapore", "distance": 568, "city": "Singapore", "cc": "SG", "labeledLatLngs": [{"lng": 103.74479847005213, "label": "display", "lat": 1.3853769384318741}]}, "verified": false, "price": {"tier": 2, "currency": "$", "message": "Moderate"}}, "referralId": "e-3-4da169839aa4721ea992fa19-54"}, {"reasons": {"items": [{"reasonName": "globalInteractionReason", "summary": "This spot is popular", "type": "general"}], "count": 0}, "venue": {"id": "4c90aeb57088a1430718aa43", "hereNow": {"groups": [], "summary": "Nobody here", "count": 0}, "contact": {}, "beenHere": {"lastCheckinExpiredAt": 0, "count": 0, "marked": false}, "photos": {"groups": [], "count": 0}, "name": "Pie Kia @ Choa Chu Kang Xchange", "location": {"formattedAddress": ["Singapore"], "lat": 1.3854002193123875, "lng": 103.74490030062059, "distance": 569, "country": "Singapore", "cc": "SG", "labeledLatLngs": [{"lng": 103.74490030062059, "label": "display", "lat": 1.3854002193123875}]}, "allowMenuUrlEdit": true, "verified": false, "categories": [{"pluralName": "Pie Shops", "id": "52e81612bcbc57f1066b7a0a", "primary": true, "icon": {"prefix": "https://ss3.4sqi.net/img/categories_v2/food/pieshop_", "suffix": ".png"}, "name": "Pie Shop", "shortName": "Pie Shop"}], "stats": {"checkinsCount": 151, "usersCount": 110, "tipCount": 1}}, "referralId": "e-3-4c90aeb57088a1430718aa43-55", "tips": [{"id": "4e78378a45ddedd585d2c046", "text": "$2.90 for the chilli hot dog, quite cheap if you ask me. ;)", "disagreeCount": 0, "createdAt": 1316501386, "logView": true, "todo": {"count": 0}, "agreeCount": 0, "canonicalUrl": "https://foursquare.com/item/4e78378a45ddedd585d2c046", "type": "user", "user": {"id": "3182736", "photo": {"prefix": "https://igx.4sqi.net/img/user/", "suffix": "/CJPLBXACK5RJ111S.jpg"}, "firstName": "Deebz", "gender": "female"}}]}, {"reasons": {"items": [{"reasonName": "globalInteractionReason", "summary": "This spot is popular", "type": "general"}], "count": 0}, "venue": {"hereNow": {"groups": [], "summary": "Nobody here", "count": 0}, "contact": {}, "photos": {"groups": [], "count": 0}, "name": "Jalapeno's Pepper Express", "allowMenuUrlEdit": true, "beenHere": {"lastCheckinExpiredAt": 0, "count": 0, "marked": false}, "stats": {"checkinsCount": 109, "usersCount": 88, "tipCount": 5}, "id": "4bc957d2cc8cd13ad596bbcf", "categories": [{"pluralName": "Mexican Restaurants", "id": "4bf58dd8d48988d1c1941735", "primary": true, "icon": {"prefix": "https://ss3.4sqi.net/img/categories_v2/food/mexican_", "suffix": ".png"}, "name": "Mexican Restaurant", "shortName": "Mexican"}], "location": {"formattedAddress": ["Lot 1", "Singapore"], "lat": 1.38543, "lng": 103.744822, "distance": 573, "country": "Singapore", "cc": "SG", "address": "Lot 1", "labeledLatLngs": [{"lng": 103.744822, "label": "display", "lat": 1.38543}]}, "verified": false, "price": {"tier": 1, "currency": "$", "message": "Cheap"}}, "referralId": "e-3-4bc957d2cc8cd13ad596bbcf-56", "tips": [{"id": "4d6f8dfb641254819214cf93", "text": "FAIL", "disagreeCount": 0, "logView": true, "createdAt": 1299156475, "likes": {"groups": [], "summary": "3 likes", "count": 3}, "todo": {"count": 0}, "agreeCount": 0, "canonicalUrl": "https://foursquare.com/item/4d6f8dfb641254819214cf93", "type": "user", "user": {"gender": "male", "id": "5041980", "photo": {"prefix": "https://igx.4sqi.net/img/user/", "suffix": "/MNKI01LTETQJ4PED.jpg"}, "firstName": "Ken", "lastName": "Amadeus"}}]}, {"reasons": {"items": [{"reasonName": "globalInteractionReason", "summary": "This spot is popular", "type": "general"}], "count": 0}, "venue": {"hereNow": {"groups": [], "summary": "Nobody here", "count": 0}, "contact": {}, "photos": {"groups": [], "count": 0}, "name": "Lot One \u6e7e\u4ed4 \ue340", "allowMenuUrlEdit": true, "beenHere": {"lastCheckinExpiredAt": 0, "count": 0, "marked": false}, "stats": {"checkinsCount": 81, "usersCount": 45, "tipCount": 1}, "id": "4cd3815ca61c4688990db428", "categories": [{"pluralName": "Asian Restaurants", "id": "4bf58dd8d48988d142941735", "primary": true, "icon": {"prefix": "https://ss3.4sqi.net/img/categories_v2/food/asian_", "suffix": ".png"}, "name": "Asian Restaurant", "shortName": "Asian"}], "location": {"formattedAddress": ["Singapore"], "lat": 1.385461954204959, "lng": 103.74539852142334, "distance": 574, "country": "Singapore", "cc": "SG", "labeledLatLngs": [{"lng": 103.74539852142334, "label": "display", "lat": 1.385461954204959}]}, "verified": false, "price": {"tier": 2, "currency": "$", "message": "Moderate"}}, "referralId": "e-3-4cd3815ca61c4688990db428-57", "tips": [{"id": "4dbfe103cda12687c83d2d9e", "text": "The salted egg prawn is nice chewy but definitely lacks the salted egg taste. Beef noodles not consistent, this time the meat tough like chewing gum.", "disagreeCount": 0, "createdAt": 1304420611, "logView": true, "todo": {"count": 0}, "agreeCount": 0, "canonicalUrl": "https://foursquare.com/item/4dbfe103cda12687c83d2d9e", "type": "user", "user": {"gender": "male", "id": "1179596", "photo": {"prefix": "https://igx.4sqi.net/img/user/", "default": true, "suffix": "/blank_boy.png"}, "firstName": "Tommy", "lastName": "Lee"}}]}, {"reasons": {"items": [{"reasonName": "globalInteractionReason", "summary": "This spot is popular", "type": "general"}], "count": 0}, "venue": {"hereNow": {"groups": [], "summary": "Nobody here", "count": 0}, "contact": {}, "photos": {"groups": [], "count": 0}, "name": "Yoshinoya LOTONE Food Junction", "allowMenuUrlEdit": true, "beenHere": {"lastCheckinExpiredAt": 0, "count": 0, "marked": false}, "stats": {"checkinsCount": 36, "usersCount": 19, "tipCount": 2}, "id": "4ca2c76d5720b1f7615e2cef", "categories": [{"pluralName": "Japanese Restaurants", "id": "4bf58dd8d48988d111941735", "primary": true, "icon": {"prefix": "https://ss3.4sqi.net/img/categories_v2/food/japanese_", "suffix": ".png"}, "name": "Japanese Restaurant", "shortName": "Japanese"}], "location": {"formattedAddress": ["Lot One", "Singapore"], "lat": 1.3854590572673893, "lng": 103.74491161513296, "country": "Singapore", "distance": 576, "city": "Singapore", "cc": "SG", "address": "Lot One", "labeledLatLngs": [{"lng": 103.74491161513296, "label": "display", "lat": 1.3854590572673893}]}, "verified": false, "price": {"tier": 2, "currency": "$", "message": "Moderate"}}, "referralId": "e-3-4ca2c76d5720b1f7615e2cef-58", "tips": [{"id": "4dbd5a051e72b351cac7fa4e", "text": "The food presentation of combo can't beat their main food chain", "disagreeCount": 0, "createdAt": 1304254981, "logView": true, "todo": {"count": 0}, "agreeCount": 0, "canonicalUrl": "https://foursquare.com/item/4dbd5a051e72b351cac7fa4e", "type": "user", "user": {"gender": "female", "id": "4831377", "photo": {"prefix": "https://igx.4sqi.net/img/user/", "suffix": "/4831377-Z0SULWALJD1KYHSP.jpg"}, "firstName": "Andorra", "lastName": "Ooi"}}]}, {"reasons": {"items": [{"reasonName": "globalInteractionReason", "summary": "This spot is popular", "type": "general"}], "count": 0}, "venue": {"hereNow": {"groups": [], "summary": "Nobody here", "count": 0}, "contact": {}, "photos": {"groups": [], "count": 0}, "name": "Kobayashi Hangul", "allowMenuUrlEdit": true, "beenHere": {"lastCheckinExpiredAt": 0, "count": 0, "marked": false}, "stats": {"checkinsCount": 333, "usersCount": 241, "tipCount": 4}, "id": "4c3167a6452620a18fa3200f", "categories": [{"pluralName": "Japanese Restaurants", "id": "4bf58dd8d48988d111941735", "primary": true, "icon": {"prefix": "https://ss3.4sqi.net/img/categories_v2/food/japanese_", "suffix": ".png"}, "name": "Japanese Restaurant", "shortName": "Japanese"}], "location": {"lng": 103.74477624893188, "formattedAddress": ["#B1-16 Lot 1 Shoppers' Mall (21 Choa Chu Kang Ave. 4)", "689812", "Singapore"], "postalCode": "689812", "lat": 1.3854834056039804, "crossStreet": "21 Choa Chu Kang Ave. 4", "country": "Singapore", "distance": 580, "city": "Singapore", "cc": "SG", "address": "#B1-16 Lot 1 Shoppers' Mall", "labeledLatLngs": [{"lng": 103.74477624893188, "label": "display", "lat": 1.3854834056039804}]}, "hours": {"isLocalHoliday": false, "isOpen": true, "status": "Likely open"}, "verified": false, "price": {"tier": 2, "currency": "$", "message": "Moderate"}}, "referralId": "e-3-4c3167a6452620a18fa3200f-59", "tips": [{"id": "4dd8ccf57d8b32266411d68c", "text": "The people serving looks so dead..", "disagreeCount": 0, "logView": true, "createdAt": 1306053877, "likes": {"groups": [], "summary": "5 likes", "count": 5}, "todo": {"count": 0}, "agreeCount": 0, "canonicalUrl": "https://foursquare.com/item/4dd8ccf57d8b32266411d68c", "type": "user", "user": {"id": "5347035", "photo": {"prefix": "https://igx.4sqi.net/img/user/", "suffix": "/Y5ZXYPPVF2NYYNCJ.jpg"}, "firstName": "Liancheng", "gender": "male"}}]}, {"reasons": {"items": [{"reasonName": "globalInteractionReason", "summary": "This spot is popular", "type": "general"}], "count": 0}, "venue": {"hereNow": {"groups": [], "summary": "Nobody here", "count": 0}, "contact": {"phone": "+6568937677", "formattedPhone": "+65 6893 7677"}, "photos": {"groups": [], "count": 0}, "name": "Polar Puffs & Cakes\u2122", "allowMenuUrlEdit": true, "beenHere": {"lastCheckinExpiredAt": 0, "count": 0, "marked": false}, "stats": {"checkinsCount": 125, "usersCount": 84, "tipCount": 1}, "id": "4e3e51f952b1a04aff24266e", "categories": [{"pluralName": "Bakeries", "id": "4bf58dd8d48988d16a941735", "primary": true, "icon": {"prefix": "https://ss3.4sqi.net/img/categories_v2/food/bakery_", "suffix": ".png"}, "name": "Bakery", "shortName": "Bakery"}], "location": {"lat": 1.385515582702137, "distance": 581, "country": "Singapore", "cc": "SG", "crossStreet": "21 Choa Chu Kang Ave 4", "formattedAddress": ["#B1-K20, Lot 1 Shoppers' Mall (21 Choa Chu Kang Ave 4)", "689812", "Singapore"], "city": "Choa Chu Kang New Town", "lng": 103.74496936798096, "state": "Singapore", "labeledLatLngs": [{"lng": 103.74496936798096, "label": "display", "lat": 1.385515582702137}], "address": "#B1-K20, Lot 1 Shoppers' Mall", "postalCode": "689812"}, "verified": false, "price": {"tier": 1, "currency": "$", "message": "Cheap"}}, "referralId": "e-3-4e3e51f952b1a04aff24266e-60", "tips": [{"id": "4e9cd5509a5262f980e7b262", "text": "UNUS INSTAR OMINUM! Beta ELITE!", "disagreeCount": 0, "createdAt": 1318901072, "logView": true, "todo": {"count": 0}, "agreeCount": 0, "canonicalUrl": "https://foursquare.com/item/4e9cd5509a5262f980e7b262", "type": "user", "user": {"gender": "male", "id": "6232378", "photo": {"prefix": "https://igx.4sqi.net/img/user/", "suffix": "/BRLYQXXMMLJN0MGC.jpg"}, "firstName": "John Patrick", "lastName": "Santos"}}]}, {"reasons": {"items": [{"reasonName": "globalInteractionReason", "summary": "This spot is popular", "type": "general"}], "count": 0}, "venue": {"hereNow": {"groups": [], "summary": "Nobody here", "count": 0}, "contact": {}, "photos": {"groups": [], "count": 0}, "name": "Spuddies", "allowMenuUrlEdit": true, "beenHere": {"lastCheckinExpiredAt": 0, "count": 0, "marked": false}, "stats": {"checkinsCount": 116, "usersCount": 42, "tipCount": 2}, "id": "4d71b103bce5721e80e0c215", "categories": [{"pluralName": "Snack Places", "id": "4bf58dd8d48988d1c7941735", "primary": true, "icon": {"prefix": "https://ss3.4sqi.net/img/categories_v2/food/snacks_", "suffix": ".png"}, "name": "Snack Place", "shortName": "Snacks"}], "url": "http://www.spuddiesfries.com", "location": {"lng": 103.744747, "formattedAddress": ["#B1-K9 Lot One Shoppers' Mall (21 Choa Chu Kang Ave. 4)", "689812", "Singapore"], "postalCode": "689812", "lat": 1.385592, "crossStreet": "21 Choa Chu Kang Ave. 4", "country": "Singapore", "distance": 592, "city": "Singapore", "cc": "SG", "address": "#B1-K9 Lot One Shoppers' Mall", "labeledLatLngs": [{"lng": 103.744747, "label": "display", "lat": 1.385592}]}, "verified": false, "price": {"tier": 1, "currency": "$", "message": "Cheap"}}, "referralId": "e-3-4d71b103bce5721e80e0c215-61", "tips": [{"id": "4da925af93a04642f060096b", "text": "Try the Cheddar supreme, it's really nice", "disagreeCount": 0, "logView": true, "createdAt": 1302930863, "likes": {"groups": [], "summary": "2 likes", "count": 2}, "todo": {"count": 0}, "agreeCount": 0, "canonicalUrl": "https://foursquare.com/item/4da925af93a04642f060096b", "type": "user", "user": {"gender": "female", "id": "7982675", "photo": {"prefix": "https://igx.4sqi.net/img/user/", "suffix": "/TJ4UG4XNANVZ1C14.jpg"}, "firstName": "Goh", "lastName": "Sok ling"}}]}, {"reasons": {"items": [{"reasonName": "globalInteractionReason", "summary": "This spot is popular", "type": "general"}], "count": 0}, "venue": {"hereNow": {"groups": [], "summary": "Nobody here", "count": 0}, "contact": {}, "photos": {"groups": [], "count": 0}, "name": "Famous Amos @ Lot 1", "allowMenuUrlEdit": true, "beenHere": {"lastCheckinExpiredAt": 0, "count": 0, "marked": false}, "stats": {"checkinsCount": 280, "usersCount": 91, "tipCount": 1}, "id": "4bc5a51a6c26b7130981ebf3", "categories": [{"pluralName": "Snack Places", "id": "4bf58dd8d48988d1c7941735", "primary": true, "icon": {"prefix": "https://ss3.4sqi.net/img/categories_v2/food/snacks_", "suffix": ".png"}, "name": "Snack Place", "shortName": "Snacks"}], "location": {"formattedAddress": ["Singapore"], "lat": 1.3855924881314317, "lng": 103.74471926855239, "distance": 592, "country": "Singapore", "cc": "SG", "labeledLatLngs": [{"lng": 103.74471926855239, "label": "display", "lat": 1.3855924881314317}]}, "hours": {"isLocalHoliday": false, "isOpen": false}, "verified": false, "price": {"tier": 1, "currency": "$", "message": "Cheap"}}, "referralId": "e-3-4bc5a51a6c26b7130981ebf3-62", "tips": [{"id": "4ec9f8d1f79041351fa3a3fa", "text": "Recommended flavour: Chocolatechip w/ pecan, no nut chocolatechip, double chocolatechip & white chocolatechip w/ macadamia (:", "disagreeCount": 0, "logView": true, "createdAt": 1321859281, "likes": {"groups": [], "summary": "1 like", "count": 1}, "todo": {"count": 0}, "agreeCount": 1, "canonicalUrl": "https://foursquare.com/item/4ec9f8d1f79041351fa3a3fa", "type": "user", "user": {"id": "5189951", "photo": {"prefix": "https://igx.4sqi.net/img/user/", "suffix": "/TCQ3WIOM4NACRXIY.jpg"}, "firstName": "Zahiraahh", "gender": "female"}}]}, {"reasons": {"items": [{"reasonName": "globalInteractionReason", "summary": "This spot is popular", "type": "general"}], "count": 0}, "venue": {"hereNow": {"groups": [], "summary": "Nobody here", "count": 0}, "contact": {}, "photos": {"groups": [], "count": 0}, "name": "Swee Heng Bakery", "allowMenuUrlEdit": true, "beenHere": {"lastCheckinExpiredAt": 0, "count": 0, "marked": false}, "stats": {"checkinsCount": 60, "usersCount": 32, "tipCount": 0}, "id": "4d7c1693ace96a31de435391", "categories": [{"pluralName": "Bakeries", "id": "4bf58dd8d48988d16a941735", "primary": true, "icon": {"prefix": "https://ss3.4sqi.net/img/categories_v2/food/bakery_", "suffix": ".png"}, "name": "Bakery", "shortName": "Bakery"}], "location": {"lng": 103.74281287193298, "formattedAddress": ["Blk 306 (Choa Chu Kang Ave 4, #01-683)", "680306", "Singapore"], "postalCode": "680306", "lat": 1.3850222004822321, "crossStreet": "Choa Chu Kang Ave 4, #01-683", "country": "Singapore", "distance": 593, "city": "Singapore", "cc": "SG", "address": "Blk 306", "labeledLatLngs": [{"lng": 103.74281287193298, "label": "display", "lat": 1.3850222004822321}]}, "verified": false, "price": {"tier": 1, "currency": "$", "message": "Cheap"}}, "referralId": "e-3-4d7c1693ace96a31de435391-63"}, {"reasons": {"items": [{"reasonName": "globalInteractionReason", "summary": "This spot is popular", "type": "general"}], "count": 0}, "venue": {"hereNow": {"groups": [], "summary": "Nobody here", "count": 0}, "contact": {}, "photos": {"groups": [], "count": 0}, "name": "Snackz It!", "allowMenuUrlEdit": true, "beenHere": {"lastCheckinExpiredAt": 0, "count": 0, "marked": false}, "stats": {"checkinsCount": 45, "usersCount": 29, "tipCount": 0}, "id": "4d182e51401db60cab66f1a4", "categories": [{"pluralName": "Asian Restaurants", "id": "4bf58dd8d48988d142941735", "primary": true, "icon": {"prefix": "https://ss3.4sqi.net/img/categories_v2/food/asian_", "suffix": ".png"}, "name": "Asian Restaurant", "shortName": "Asian"}], "location": {"formattedAddress": ["Lot 1 CCK", "Singapore"], "lat": 1.3856198500409636, "lng": 103.7447362402984, "distance": 595, "country": "Singapore", "cc": "SG", "address": "Lot 1 CCK", "labeledLatLngs": [{"lng": 103.7447362402984, "label": "display", "lat": 1.3856198500409636}]}, "verified": false, "price": {"tier": 2, "currency": "$", "message": "Moderate"}}, "referralId": "e-3-4d182e51401db60cab66f1a4-64"}, {"reasons": {"items": [{"reasonName": "globalInteractionReason", "summary": "This spot is popular", "type": "general"}], "count": 0}, "venue": {"hereNow": {"groups": [], "summary": "Nobody here", "count": 0}, "contact": {}, "photos": {"groups": [], "count": 0}, "name": "QQ Rice", "allowMenuUrlEdit": true, "beenHere": {"lastCheckinExpiredAt": 0, "count": 0, "marked": false}, "stats": {"checkinsCount": 32, "usersCount": 16, "tipCount": 0}, "id": "533019ca11d22e5b3c12a4d5", "categories": [{"pluralName": "Snack Places", "id": "4bf58dd8d48988d1c7941735", "primary": true, "icon": {"prefix": "https://ss3.4sqi.net/img/categories_v2/food/snacks_", "suffix": ".png"}, "name": "Snack Place", "shortName": "Snacks"}], "location": {"formattedAddress": ["Singapore"], "lat": 1.3857416746480387, "lng": 103.74448166433416, "distance": 612, "country": "Singapore", "cc": "SG", "labeledLatLngs": [{"lng": 103.74448166433416, "label": "display", "lat": 1.3857416746480387}]}, "verified": false, "price": {"tier": 1, "currency": "$", "message": "Cheap"}}, "referralId": "e-3-533019ca11d22e5b3c12a4d5-65"}, {"reasons": {"items": [{"reasonName": "globalInteractionReason", "summary": "This spot is popular", "type": "general"}], "count": 0}, "venue": {"hereNow": {"groups": [], "summary": "Nobody here", "count": 0}, "contact": {}, "photos": {"groups": [], "count": 0}, "name": "Eating House@429A CCK", "allowMenuUrlEdit": true, "beenHere": {"lastCheckinExpiredAt": 0, "count": 0, "marked": false}, "stats": {"checkinsCount": 300, "usersCount": 66, "tipCount": 0}, "id": "4c35a53ea0ced13a08131a6e", "categories": [{"pluralName": "Asian Restaurants", "id": "4bf58dd8d48988d142941735", "primary": true, "icon": {"prefix": "https://ss3.4sqi.net/img/categories_v2/food/asian_", "suffix": ".png"}, "name": "Asian Restaurant", "shortName": "Asian"}], "location": {"lng": 103.74034062993773, "formattedAddress": ["429A (Choa Chu Kang Ave 4)", "Singapore"], "lat": 1.3831349246324145, "crossStreet": "Choa Chu Kang Ave 4", "distance": 635, "country": "Singapore", "cc": "SG", "address": "429A", "labeledLatLngs": [{"lng": 103.74034062993773, "label": "display", "lat": 1.3831349246324145}]}, "hours": {"isLocalHoliday": false, "isOpen": false}, "verified": false, "price": {"tier": 2, "currency": "$", "message": "Moderate"}}, "referralId": "e-3-4c35a53ea0ced13a08131a6e-66"}, {"reasons": {"items": [{"reasonName": "globalInteractionReason", "summary": "This spot is popular", "type": "general"}], "count": 0}, "venue": {"hereNow": {"groups": [], "summary": "Nobody here", "count": 0}, "contact": {}, "photos": {"groups": [], "count": 0}, "name": "Fun Hut", "allowMenuUrlEdit": true, "beenHere": {"lastCheckinExpiredAt": 0, "count": 0, "marked": false}, "stats": {"checkinsCount": 635, "usersCount": 52, "tipCount": 1}, "id": "4c57f8f36418a593d577800e", "categories": [{"pluralName": "Restaurants", "id": "4bf58dd8d48988d1c4941735", "primary": true, "icon": {"prefix": "https://ss3.4sqi.net/img/categories_v2/food/default_", "suffix": ".png"}, "name": "Restaurant", "shortName": "Restaurant"}], "location": {"formattedAddress": ["137 Teck Whye Lane", "680137", "Singapore"], "postalCode": "680137", "lat": 1.3812177556697391, "lng": 103.75124223461557, "distance": 670, "country": "Singapore", "cc": "SG", "address": "137 Teck Whye Lane", "labeledLatLngs": [{"lng": 103.75124223461557, "label": "display", "lat": 1.3812177556697391}]}, "hours": {"isLocalHoliday": false, "isOpen": true, "status": "Likely open"}, "verified": false, "price": {"tier": 2, "currency": "$", "message": "Moderate"}}, "referralId": "e-3-4c57f8f36418a593d577800e-67", "tips": [{"id": "4c5e5d186ebe2d7f03aad52e", "text": "Yummy bubble tea, and lots of delicious snacks prepared upon ordering! Nice sweet soup available as well!", "disagreeCount": 0, "logView": true, "createdAt": 1281252632, "likes": {"groups": [], "summary": "3 likes", "count": 3}, "todo": {"count": 1}, "agreeCount": 0, "canonicalUrl": "https://foursquare.com/item/4c5e5d186ebe2d7f03aad52e", "type": "user", "user": {"gender": "female", "id": "1107478", "photo": {"prefix": "https://igx.4sqi.net/img/user/", "suffix": "/D2KJWWPLWTRLJNDN.jpg"}, "firstName": "Hui Yee", "lastName": "Nyoe"}}]}, {"reasons": {"items": [{"reasonName": "globalInteractionReason", "summary": "This spot is popular", "type": "general"}], "count": 0}, "venue": {"hereNow": {"groups": [], "summary": "Nobody here", "count": 0}, "contact": {}, "photos": {"groups": [], "count": 0}, "name": "Big Eater Seafood @ Sunshine Place", "allowMenuUrlEdit": true, "beenHere": {"lastCheckinExpiredAt": 0, "count": 0, "marked": false}, "stats": {"checkinsCount": 161, "usersCount": 62, "tipCount": 2}, "id": "4d60e651d7206ea82878faf1", "categories": [{"pluralName": "Seafood Restaurants", "id": "4bf58dd8d48988d1ce941735", "primary": true, "icon": {"prefix": "https://ss3.4sqi.net/img/categories_v2/food/seafood_", "suffix": ".png"}, "name": "Seafood Restaurant", "shortName": "Seafood"}], "location": {"lng": 103.73960494994816, "formattedAddress": ["Sunshine Place (Choa Chu Kang Avenue 3)", "Singapore"], "lat": 1.3775181770324307, "crossStreet": "Choa Chu Kang Avenue 3", "country": "Singapore", "distance": 704, "city": "Singapore", "cc": "SG", "address": "Sunshine Place", "labeledLatLngs": [{"lng": 103.73960494994816, "label": "display", "lat": 1.3775181770324307}]}, "verified": false, "price": {"tier": 3, "currency": "$", "message": "Expensive"}}, "referralId": "e-3-4d60e651d7206ea82878faf1-68", "tips": [{"id": "4d60e6b8b19fa14323a0fbc8", "text": "Eat the crabs!!", "disagreeCount": 0, "createdAt": 1298196152, "logView": true, "todo": {"count": 0}, "agreeCount": 0, "canonicalUrl": "https://foursquare.com/item/4d60e6b8b19fa14323a0fbc8", "type": "user", "user": {"gender": "male", "id": "4570043", "photo": {"prefix": "https://igx.4sqi.net/img/user/", "suffix": "/NGVSBCUGCYGKOEIQ.jpg"}, "firstName": "Eric", "lastName": "Loh"}}]}, {"reasons": {"items": [{"reasonName": "globalInteractionReason", "summary": "This spot is popular", "type": "general"}], "count": 0}, "venue": {"contact": {}, "photos": {"groups": [], "count": 0}, "name": "Kopitiam", "allowMenuUrlEdit": true, "beenHere": {"lastCheckinExpiredAt": 0, "count": 0, "marked": false}, "stats": {"checkinsCount": 926, "usersCount": 143, "tipCount": 0}, "id": "4fe9293de4b038fdd45d4377", "categories": [{"pluralName": "Food Courts", "id": "4bf58dd8d48988d120951735", "primary": true, "icon": {"prefix": "https://ss3.4sqi.net/img/categories_v2/shops/food_foodcourt_", "suffix": ".png"}, "name": "Food Court", "shortName": "Food Court"}], "location": {"formattedAddress": ["Choa Chu Kang Ave 3", "Singapore"], "lat": 1.377398095673474, "lng": 103.73964481295505, "distance": 706, "country": "Singapore", "cc": "SG", "address": "Choa Chu Kang Ave 3", "labeledLatLngs": [{"lng": 103.73964481295505, "label": "display", "lat": 1.377398095673474}]}, "hours": {"isLocalHoliday": false, "isOpen": true, "status": "Likely open"}, "verified": false, "hereNow": {"groups": [], "summary": "Nobody here", "count": 0}}, "referralId": "e-3-4fe9293de4b038fdd45d4377-69"}, {"reasons": {"items": [{"reasonName": "globalInteractionReason", "summary": "This spot is popular", "type": "general"}], "count": 0}, "venue": {"hereNow": {"groups": [], "summary": "Nobody here", "count": 0}, "contact": {}, "photos": {"groups": [], "count": 0}, "name": "Bake Inc", "allowMenuUrlEdit": true, "beenHere": {"lastCheckinExpiredAt": 0, "count": 0, "marked": false}, "stats": {"checkinsCount": 904, "usersCount": 91, "tipCount": 1}, "id": "4bc1adaa2a89ef3ba19ef288", "categories": [{"pluralName": "Bakeries", "id": "4bf58dd8d48988d16a941735", "primary": true, "icon": {"prefix": "https://ss3.4sqi.net/img/categories_v2/food/bakery_", "suffix": ".png"}, "name": "Bakery", "shortName": "Bakery"}], "location": {"lng": 103.73963915592121, "formattedAddress": ["#01-07, Sunshine Place (475 Choa Chu Kang Avenue 3)", "Singapore"], "lat": 1.377310343492795, "crossStreet": "475 Choa Chu Kang Avenue 3", "country": "Singapore", "distance": 711, "city": "Singapore", "cc": "SG", "address": "#01-07, Sunshine Place", "labeledLatLngs": [{"lng": 103.73963915592121, "label": "display", "lat": 1.377310343492795}]}, "hours": {"isLocalHoliday": false, "isOpen": true, "status": "Likely open"}, "verified": false, "price": {"tier": 1, "currency": "$", "message": "Cheap"}}, "referralId": "e-3-4bc1adaa2a89ef3ba19ef288-70", "tips": [{"id": "4d60f9aa338bb60cd2f42ebd", "text": "try their cream cakes. for $2.80, you can have a cake the same size as what you'll get for twice the price at secret recipe! awesome!", "disagreeCount": 0, "createdAt": 1298201002, "logView": true, "todo": {"count": 0}, "agreeCount": 0, "canonicalUrl": "https://foursquare.com/item/4d60f9aa338bb60cd2f42ebd", "type": "user", "user": {"id": "6440467", "photo": {"prefix": "https://igx.4sqi.net/img/user/", "suffix": "/3DWLTPUWMTEFHZIH.jpg"}, "firstName": "Raymond", "gender": "male"}}]}, {"reasons": {"items": [{"reasonName": "globalInteractionReason", "summary": "This spot is popular", "type": "general"}], "count": 0}, "venue": {"hereNow": {"groups": [], "summary": "Nobody here", "count": 0}, "contact": {}, "photos": {"groups": [], "count": 0}, "name": "\u8f9b\u798f\u5229 Wanton Mee", "allowMenuUrlEdit": true, "beenHere": {"lastCheckinExpiredAt": 0, "count": 0, "marked": false}, "stats": {"checkinsCount": 280, "usersCount": 60, "tipCount": 6}, "id": "4ce478fdf5f9236a73ca8561", "categories": [{"pluralName": "Noodle Houses", "id": "4bf58dd8d48988d1d1941735", "primary": true, "icon": {"prefix": "https://ss3.4sqi.net/img/categories_v2/food/ramen_", "suffix": ".png"}, "name": "Noodle House", "shortName": "Noodles"}], "location": {"lng": 103.73950904420938, "formattedAddress": ["@ Sunshine Place (Chao Chu Kang Ave 3)", "Singapore"], "lat": 1.3773909544479475, "crossStreet": "Chao Chu Kang Ave 3", "country": "Singapore", "distance": 720, "city": "Singapore", "cc": "SG", "address": "@ Sunshine Place", "labeledLatLngs": [{"lng": 103.73950904420938, "label": "display", "lat": 1.3773909544479475}]}, "hours": {"isLocalHoliday": false, "isOpen": false}, "verified": false, "price": {"tier": 1, "currency": "$", "message": "Cheap"}}, "referralId": "e-3-4ce478fdf5f9236a73ca8561-71", "tips": [{"id": "53cb638f498ed5d7bd55a35b", "text": "I love this wantan mee because of it's special soupy sauce. This sauce, sweet and savoury with gingery spicy notes, is unique.", "disagreeCount": 0, "url": "http://johorkaki.blogspot.sg/2014/07/fs-wantan-mee-in-chua-chu-kang-singapore.html", "createdAt": 1405838223, "logView": true, "todo": {"count": 0}, "agreeCount": 0, "canonicalUrl": "https://foursquare.com/item/53cb638f498ed5d7bd55a35b", "type": "user", "user": {"gender": "male", "id": "26131025", "photo": {"prefix": "https://igx.4sqi.net/img/user/", "suffix": "/3SA25RUMFKAV2NV3.jpg"}, "firstName": "Tony", "lastName": "Johor Kaki"}}]}, {"reasons": {"items": [{"reasonName": "globalInteractionReason", "summary": "This spot is popular", "type": "general"}], "count": 0}, "venue": {"id": "57cb99da498ec51d0c3b883b", "hereNow": {"groups": [], "summary": "Nobody here", "count": 0}, "contact": {}, "beenHere": {"lastCheckinExpiredAt": 0, "count": 0, "marked": false}, "photos": {"groups": [], "count": 0}, "name": "Blk 803 Keat Hong Pride 24hr Coffee Shop", "location": {"formattedAddress": ["Singapore"], "lat": 1.374311, "lng": 103.742818, "distance": 721, "country": "Singapore", "cc": "SG", "labeledLatLngs": [{"lng": 103.742818, "label": "display", "lat": 1.374311}]}, "allowMenuUrlEdit": true, "verified": false, "categories": [{"pluralName": "Food Courts", "id": "4bf58dd8d48988d120951735", "primary": true, "icon": {"prefix": "https://ss3.4sqi.net/img/categories_v2/shops/food_foodcourt_", "suffix": ".png"}, "name": "Food Court", "shortName": "Food Court"}], "stats": {"checkinsCount": 36, "usersCount": 15, "tipCount": 1}}, "referralId": "e-3-57cb99da498ec51d0c3b883b-72", "tips": [{"id": "5932a2c298fbfc6eee75269d", "text": "Not every stall is 24H. Only the fishball noodles and the Chinese vegetable rice.", "disagreeCount": 0, "createdAt": 1496490690, "logView": true, "todo": {"count": 0}, "agreeCount": 0, "canonicalUrl": "https://foursquare.com/item/5932a2c298fbfc6eee75269d", "type": "user", "user": {"gender": "male", "id": "108030", "photo": {"prefix": "https://igx.4sqi.net/img/user/", "suffix": "/108030-AKBFBUUGH1SQ5N4L"}, "firstName": "Lester", "lastName": "Chan"}}]}, {"reasons": {"items": [{"reasonName": "globalInteractionReason", "summary": "This spot is popular", "type": "general"}], "count": 0}, "venue": {"hereNow": {"groups": [], "summary": "Nobody here", "count": 0}, "contact": {}, "photos": {"groups": [], "count": 0}, "name": "Good News Cafe @ BPGHS", "allowMenuUrlEdit": true, "beenHere": {"lastCheckinExpiredAt": 0, "count": 0, "marked": false}, "stats": {"checkinsCount": 93, "usersCount": 25, "tipCount": 0}, "id": "4db672b5fa8c35024110a313", "categories": [{"pluralName": "Caf\u00e9s", "id": "4bf58dd8d48988d16d941735", "primary": true, "icon": {"prefix": "https://ss3.4sqi.net/img/categories_v2/food/cafe_", "suffix": ".png"}, "name": "Caf\u00e9", "shortName": "Caf\u00e9"}], "location": {"lng": 103.738705, "formattedAddress": ["Bukit Panjang Government High School (7 Choa Chu Kang Ave. 4)", "Singapore"], "lat": 1.381783, "crossStreet": "7 Choa Chu Kang Ave. 4", "country": "Singapore", "distance": 751, "city": "Singapore", "cc": "SG", "address": "Bukit Panjang Government High School", "labeledLatLngs": [{"lng": 103.738705, "label": "display", "lat": 1.381783}]}, "verified": false, "price": {"tier": 1, "currency": "$", "message": "Cheap"}}, "referralId": "e-3-4db672b5fa8c35024110a313-73"}, {"reasons": {"items": [{"reasonName": "globalInteractionReason", "summary": "This spot is popular", "type": "general"}], "count": 0}, "venue": {"hereNow": {"groups": [], "summary": "Nobody here", "count": 0}, "contact": {}, "photos": {"groups": [], "count": 0}, "name": "Sweet Talk", "allowMenuUrlEdit": true, "beenHere": {"lastCheckinExpiredAt": 0, "count": 0, "marked": false}, "stats": {"checkinsCount": 129, "usersCount": 15, "tipCount": 1}, "id": "4cef912762ef6dcb65ebfe59", "categories": [{"pluralName": "Caf\u00e9s", "id": "4bf58dd8d48988d16d941735", "primary": true, "icon": {"prefix": "https://ss3.4sqi.net/img/categories_v2/food/cafe_", "suffix": ".png"}, "name": "Caf\u00e9", "shortName": "Caf\u00e9"}], "location": {"formattedAddress": ["Sunshine Place", "Singapore"], "lat": 1.3801614497952923, "lng": 103.73849643999156, "distance": 756, "country": "Singapore", "cc": "SG", "address": "Sunshine Place", "labeledLatLngs": [{"lng": 103.73849643999156, "label": "display", "lat": 1.3801614497952923}]}, "verified": false, "price": {"tier": 1, "currency": "$", "message": "Cheap"}}, "referralId": "e-3-4cef912762ef6dcb65ebfe59-74", "tips": [{"id": "4cef91c68604a1cd1795fdc0", "text": "Do not order the milktea here. They only have 'Emperor' milktea. Which is more expensive ($2.50) but doesn't taste any better.", "disagreeCount": 0, "logView": true, "createdAt": 1290768838, "likes": {"groups": [], "summary": "3 likes", "count": 3}, "todo": {"count": 0}, "agreeCount": 1, "canonicalUrl": "https://foursquare.com/item/4cef91c68604a1cd1795fdc0", "type": "user", "user": {"gender": "male", "id": "677993", "photo": {"prefix": "https://igx.4sqi.net/img/user/", "suffix": "/C5WURLT0UUV1F0OM.jpg"}, "firstName": "Terrell", "lastName": "Yap"}}]}, {"reasons": {"items": [{"reasonName": "globalInteractionReason", "summary": "This spot is popular", "type": "general"}], "count": 0}, "venue": {"hereNow": {"groups": [], "summary": "Nobody here", "count": 0}, "contact": {}, "photos": {"groups": [], "count": 0}, "name": "Warren Bbq Pit Area", "allowMenuUrlEdit": true, "beenHere": {"lastCheckinExpiredAt": 0, "count": 0, "marked": false}, "stats": {"checkinsCount": 91, "usersCount": 78, "tipCount": 0}, "id": "4d0cb2a61f6bf04d03d77831", "categories": [{"pluralName": "BBQ Joints", "id": "4bf58dd8d48988d1df931735", "primary": true, "icon": {"prefix": "https://ss3.4sqi.net/img/categories_v2/food/bbqalt_", "suffix": ".png"}, "name": "BBQ Joint", "shortName": "BBQ"}], "location": {"formattedAddress": ["69 Choa Chu Kang Loop", "Singapore"], "lat": 1.387028, "lng": 103.743981, "country": "Singapore", "distance": 763, "city": "Singapore", "cc": "SG", "address": "69 Choa Chu Kang Loop", "labeledLatLngs": [{"lng": 103.743981, "label": "display", "lat": 1.387028}]}, "verified": false, "price": {"tier": 2, "currency": "$", "message": "Moderate"}}, "referralId": "e-3-4d0cb2a61f6bf04d03d77831-75"}, {"reasons": {"items": [{"reasonName": "globalInteractionReason", "summary": "This spot is popular", "type": "general"}], "count": 0}, "venue": {"contact": {}, "photos": {"groups": [], "count": 0}, "venueRatingBlacklisted": true, "name": "Canteen @ Cckss", "id": "4d2ab274915fa0931f0c110a", "beenHere": {"lastCheckinExpiredAt": 0, "count": 0, "marked": false}, "stats": {"checkinsCount": 341, "usersCount": 37, "tipCount": 1}, "allowMenuUrlEdit": true, "categories": [{"pluralName": "Cafeterias", "id": "4bf58dd8d48988d128941735", "primary": true, "icon": {"prefix": "https://ss3.4sqi.net/img/categories_v2/education/cafeteria_", "suffix": ".png"}, "name": "Cafeteria", "shortName": "Cafeteria"}], "location": {"formattedAddress": ["Singapore"], "lat": 1.382757154719858, "lng": 103.7517231249894, "distance": 766, "country": "Singapore", "cc": "SG", "labeledLatLngs": [{"lng": 103.7517231249894, "label": "display", "lat": 1.382757154719858}]}, "hours": {"isLocalHoliday": false, "isOpen": false}, "verified": false, "hereNow": {"groups": [], "summary": "Nobody here", "count": 0}}, "referralId": "e-3-4d2ab274915fa0931f0c110a-76", "tips": [{"id": "522ec2e511d2eff1e71d174f", "text": "Bites and cuppa so expensive lol", "disagreeCount": 0, "createdAt": 1378796261, "logView": true, "todo": {"count": 0}, "agreeCount": 0, "canonicalUrl": "https://foursquare.com/item/522ec2e511d2eff1e71d174f", "type": "user", "user": {"gender": "female", "id": "13243827", "photo": {"prefix": "https://igx.4sqi.net/img/user/", "suffix": "/13243827-1ACBZOCFWO05JNGW.jpg"}, "firstName": "Vanessa", "lastName": "\ue11b\ue11b\ue11b"}}]}, {"reasons": {"items": [{"reasonName": "globalInteractionReason", "summary": "This spot is popular", "type": "general"}], "count": 0}, "venue": {"hereNow": {"groups": [], "summary": "Nobody here", "count": 0}, "contact": {}, "photos": {"groups": [], "count": 0}, "name": "Fun Hut@ Teck Whye Market", "allowMenuUrlEdit": true, "beenHere": {"lastCheckinExpiredAt": 0, "count": 0, "marked": false}, "stats": {"checkinsCount": 153, "usersCount": 53, "tipCount": 2}, "id": "4ce210c7f8a4a1435182eebc", "categories": [{"pluralName": "Snack Places", "id": "4bf58dd8d48988d1c7941735", "primary": true, "icon": {"prefix": "https://ss3.4sqi.net/img/categories_v2/food/snacks_", "suffix": ".png"}, "name": "Snack Place", "shortName": "Snacks"}], "location": {"formattedAddress": ["Blk 137 Teck Whye Lane", "Singapore"], "lat": 1.3794456689218402, "lng": 103.75226059274227, "distance": 781, "country": "Singapore", "cc": "SG", "address": "Blk 137 Teck Whye Lane", "labeledLatLngs": [{"lng": 103.75226059274227, "label": "display", "lat": 1.3794456689218402}]}, "verified": false, "price": {"tier": 1, "currency": "$", "message": "Cheap"}}, "referralId": "e-3-4ce210c7f8a4a1435182eebc-77", "tips": [{"id": "4d7e9f71e7e1721e2cdae30b", "text": "Shopkeepers are so friendly.! ^~^", "disagreeCount": 0, "logView": true, "createdAt": 1300143985, "likes": {"groups": [], "summary": "2 likes", "count": 2}, "todo": {"count": 1}, "agreeCount": 0, "canonicalUrl": "https://foursquare.com/item/4d7e9f71e7e1721e2cdae30b", "type": "user", "user": {"gender": "female", "id": "5965793", "photo": {"prefix": "https://igx.4sqi.net/img/user/", "suffix": "/5965793-42ILTGJ30UCXLV4S.jpg"}, "firstName": "Joyce", "lastName": "Kcx"}}]}, {"reasons": {"items": [{"reasonName": "globalInteractionReason", "summary": "This spot is popular", "type": "general"}], "count": 0}, "venue": {"hereNow": {"groups": [], "summary": "Nobody here", "count": 0}, "contact": {}, "photos": {"groups": [], "count": 0}, "name": "Teck Whye Lane 7-11 Store And More!", "allowMenuUrlEdit": true, "beenHere": {"lastCheckinExpiredAt": 0, "count": 0, "marked": false}, "stats": {"checkinsCount": 43, "usersCount": 16, "tipCount": 0}, "id": "4d53fb2065586ea86b5071c8", "categories": [{"pluralName": "Asian Restaurants", "id": "4bf58dd8d48988d142941735", "primary": true, "icon": {"prefix": "https://ss3.4sqi.net/img/categories_v2/food/asian_", "suffix": ".png"}, "name": "Asian Restaurant", "shortName": "Asian"}], "location": {"lng": 103.7520226, "formattedAddress": ["Teck Whye Lane blk 141 (Teck Whye Lane)", "Singapore"], "lat": 1.3781284999999999, "crossStreet": "Teck Whye Lane", "country": "Singapore", "distance": 787, "city": "Singapore", "cc": "SG", "address": "Teck Whye Lane blk 141", "labeledLatLngs": [{"lng": 103.7520226, "label": "display", "lat": 1.3781284999999999}]}, "verified": false, "price": {"tier": 2, "currency": "$", "message": "Moderate"}}, "referralId": "e-3-4d53fb2065586ea86b5071c8-78"}], "name": "recommended", "type": "Recommended Places"}], "query": "food", "headerLocation": "Choa Chu Kang"}}