{"meta": {"code": 200, "requestId": "595a3a4bdd57972d298a3514"}, "response": {"suggestedFilters": {"filters": [{"name": "Open now", "key": "openNow"}], "header": "Tap to show:"}, "totalResults": 43, "headerFullLocation": "Choa Chu Kang, Singapore", "headerLocationGranularity": "neighborhood", "suggestedBounds": {"ne": {"lng": 103.75624416415677, "lat": 1.3858027731830271}, "sw": {"lng": 103.74186687464324, "lat": 1.3714027587830129}}, "groups": [{"items": [{"reasons": {"items": [{"reasonName": "globalInteractionReason", "summary": "This spot is popular", "type": "general"}], "count": 0}, "venue": {"hereNow": {"groups": [], "summary": "Nobody here", "count": 0}, "contact": {"phone": "+6567690866", "formattedPhone": "+65 6769 0866"}, "photos": {"groups": [], "count": 0}, "rating": 7.0, "name": "Sinaran Seafood Restaurant", "ratingSignals": 37, "allowMenuUrlEdit": true, "categories": [{"pluralName": "Asian Restaurants", "id": "4bf58dd8d48988d142941735", "primary": true, "icon": {"prefix": "https://ss3.4sqi.net/img/categories_v2/food/asian_", "suffix": ".png"}, "name": "Asian Restaurant", "shortName": "Asian"}], "stats": {"checkinsCount": 2866, "usersCount": 1309, "tipCount": 22}, "id": "4d060b9b7d9ba35dff166e23", "beenHere": {"lastCheckinExpiredAt": 0, "count": 0, "marked": false}, "ratingColor": "C5DE35", "location": {"formattedAddress": ["26 Teck Whye Lane", "Singapore"], "lat": 1.377964829385733, "lng": 103.7561530550676, "country": "Singapore", "distance": 793, "city": "Singapore", "cc": "SG", "address": "26 Teck Whye Lane", "labeledLatLngs": [{"lng": 103.7561530550676, "label": "display", "lat": 1.377964829385733}]}, "hours": {"isLocalHoliday": false, "isOpen": true, "status": "Likely open"}, "verified": false, "price": {"tier": 2, "currency": "$", "message": "Moderate"}}, "referralId": "e-3-4d060b9b7d9ba35dff166e23-0", "tips": [{"id": "4c6a9ab30e98a593965d2759", "text": "Shark fin soup & chili crab are superb.. *thumb ups*", "disagreeCount": 0, "logView": true, "createdAt": 1282054835, "likes": {"groups": [], "summary": "3 likes", "count": 3}, "todo": {"count": 1}, "agreeCount": 0, "canonicalUrl": "https://foursquare.com/item/4c6a9ab30e98a593965d2759", "type": "user", "user": {"id": "2667720", "photo": {"prefix": "https://igx.4sqi.net/img/user/", "suffix": "/RFGX2RYCG0IK03ZI.jpg"}, "firstName": "Shida", "gender": "female"}}]}, {"reasons": {"items": [{"reasonName": "globalInteractionReason", "summary": "This spot is popular", "type": "general"}], "count": 0}, "venue": {"hereNow": {"groups": [], "summary": "Nobody here", "count": 0}, "contact": {}, "photos": {"groups": [], "count": 0}, "rating": 6.3, "name": "Each-A-Cup", "ratingSignals": 16, "allowMenuUrlEdit": true, "categories": [{"pluralName": "Caf\u00e9s", "id": "4bf58dd8d48988d16d941735", "primary": true, "icon": {"prefix": "https://ss3.4sqi.net/img/categories_v2/food/cafe_", "suffix": ".png"}, "name": "Caf\u00e9", "shortName": "Caf\u00e9"}], "stats": {"checkinsCount": 2896, "usersCount": 785, "tipCount": 15}, "id": "4c57ac7a15a39c74ae643eb9", "beenHere": {"lastCheckinExpiredAt": 0, "count": 0, "marked": false}, "ratingColor": "FFC800", "location": {"lng": 103.75228106975555, "formattedAddress": ["ITE College West, #05-01 (1 Choa Chu Kang Grove)", "688236", "Singapore"], "postalCode": "688236", "lat": 1.3761895688306252, "crossStreet": "1 Choa Chu Kang Grove", "country": "Singapore", "distance": 448, "city": "Singapore", "cc": "SG", "address": "ITE College West, #05-01", "labeledLatLngs": [{"lng": 103.75228106975555, "label": "display", "lat": 1.3761895688306252}]}, "hours": {"isLocalHoliday": false, "isOpen": false}, "verified": false, "price": {"tier": 1, "currency": "$", "message": "Cheap"}}, "referralId": "e-3-4c57ac7a15a39c74ae643eb9-1", "tips": [{"id": "4f03ac8cd3e35fb2b6dff63e", "text": "Bubble tea!!! Lol.", "disagreeCount": 0, "logView": true, "createdAt": 1325640844, "likes": {"groups": [], "summary": "1 like", "count": 1}, "todo": {"count": 0}, "agreeCount": 1, "canonicalUrl": "https://foursquare.com/item/4f03ac8cd3e35fb2b6dff63e", "type": "user", "user": {"id": "846184", "photo": {"prefix": "https://igx.4sqi.net/img/user/", "suffix": "/846184-KGPMZ5GENIAFMTPP"}, "firstName": "D\u00f6na\u0142d \u0295 \u2022\u1d25\u2022\u0294", "gender": "male"}}]}, {"reasons": {"items": [{"reasonName": "globalInteractionReason", "summary": "This spot is popular", "type": "general"}], "count": 0}, "venue": {"hereNow": {"groups": [], "summary": "Nobody here", "count": 0}, "contact": {}, "photos": {"groups": [], "count": 0}, "rating": 6.4, "name": "85 Cafe", "ratingSignals": 8, "allowMenuUrlEdit": true, "categories": [{"pluralName": "Asian Restaurants", "id": "4bf58dd8d48988d142941735", "primary": true, "icon": {"prefix": "https://ss3.4sqi.net/img/categories_v2/food/asian_", "suffix": ".png"}, "name": "Asian Restaurant", "shortName": "Asian"}], "stats": {"checkinsCount": 663, "usersCount": 216, "tipCount": 7}, "id": "4bd531aa4e32d13a6591c080", "beenHere": {"lastCheckinExpiredAt": 0, "count": 0, "marked": false}, "ratingColor": "FFC800", "location": {"formattedAddress": ["Block 253 Choa Chu Kang Ave 1", "Singapore"], "lat": 1.3772960645529446, "lng": 103.74437417685009, "distance": 540, "country": "Singapore", "cc": "SG", "address": "Block 253 Choa Chu Kang Ave 1", "labeledLatLngs": [{"lng": 103.74437417685009, "label": "display", "lat": 1.3772960645529446}]}, "hours": {"isLocalHoliday": false, "isOpen": true, "status": "Likely open"}, "verified": false, "price": {"tier": 2, "currency": "$", "message": "Moderate"}}, "referralId": "e-3-4bd531aa4e32d13a6591c080-2", "tips": [{"id": "50d8fde3e4b0f0bf5d828535", "text": "Muz try the laksa n prawn mee... Love the prawn soup...", "disagreeCount": 0, "logView": true, "createdAt": 1356398051, "likes": {"groups": [], "summary": "1 like", "count": 1}, "todo": {"count": 0}, "agreeCount": 1, "canonicalUrl": "https://foursquare.com/item/50d8fde3e4b0f0bf5d828535", "type": "user", "user": {"gender": "female", "id": "4687054", "photo": {"prefix": "https://igx.4sqi.net/img/user/", "suffix": "/4687054-ONBIXQ21XFQWWUGQ.jpg"}, "firstName": "\ud83c\udf3b\u7f8e\u73b2\ud83c\udf40", "lastName": "Gloria"}}]}, {"reasons": {"items": [{"reasonName": "globalInteractionReason", "summary": "This spot is popular", "type": "general"}], "count": 0}, "venue": {"hereNow": {"groups": [], "summary": "Nobody here", "count": 0}, "contact": {"twitter": "kfc_sg", "phone": "+6564685223", "formattedPhone": "+65 6468 5223"}, "photos": {"groups": [], "count": 0}, "rating": 6.2, "name": "KFC", "ratingSignals": 5, "allowMenuUrlEdit": true, "categories": [{"pluralName": "Fried Chicken Joints", "id": "4d4ae6fc7a7b7dea34424761", "primary": true, "icon": {"prefix": "https://ss3.4sqi.net/img/categories_v2/food/friedchicken_", "suffix": ".png"}, "name": "Fried Chicken Joint", "shortName": "Fried Chicken"}], "stats": {"checkinsCount": 1237, "usersCount": 438, "tipCount": 2}, "id": "4c9b2dc278ffa0939e7e7275", "beenHere": {"lastCheckinExpiredAt": 0, "count": 0, "marked": false}, "url": "http://www.kfc.com.sg", "ratingColor": "FFC800", "location": {"lng": 103.74419689178467, "formattedAddress": ["#01-02, Keat Hong Shopping Centre (253 Choa Chu Kang Ave 1)", "680253", "Singapore"], "postalCode": "680253", "lat": 1.3770208136441817, "crossStreet": "253 Choa Chu Kang Ave 1", "country": "Singapore", "distance": 568, "city": "Singapore", "cc": "SG", "address": "#01-02, Keat Hong Shopping Centre", "labeledLatLngs": [{"lng": 103.74419689178467, "label": "display", "lat": 1.3770208136441817}]}, "hours": {"isLocalHoliday": false, "isOpen": true, "status": "Open until 10:00 PM"}, "verified": false, "price": {"tier": 1, "currency": "$", "message": "Cheap"}}, "referralId": "e-3-4c9b2dc278ffa0939e7e7275-3", "tips": [{"id": "4dd4a3178877e2b7c5deb314", "text": "Swithart favorites!", "disagreeCount": 0, "createdAt": 1305781015, "logView": true, "todo": {"count": 0}, "agreeCount": 0, "canonicalUrl": "https://foursquare.com/item/4dd4a3178877e2b7c5deb314", "type": "user", "user": {"gender": "male", "id": "8810276", "photo": {"prefix": "https://igx.4sqi.net/img/user/", "suffix": "/8810276-11QCF4V44UECQ0LF.jpg"}, "firstName": "Suhaimi", "lastName": "D\u2122"}}]}, {"reasons": {"items": [{"reasonName": "globalInteractionReason", "summary": "This spot is popular", "type": "general"}], "count": 0}, "venue": {"hereNow": {"groups": [], "summary": "Nobody here", "count": 0}, "contact": {}, "photos": {"groups": [], "count": 0}, "rating": 6.1, "name": "Domino's Pizza", "ratingSignals": 9, "allowMenuUrlEdit": true, "categories": [{"pluralName": "Pizza Places", "id": "4bf58dd8d48988d1ca941735", "primary": true, "icon": {"prefix": "https://ss3.4sqi.net/img/categories_v2/food/pizza_", "suffix": ".png"}, "name": "Pizza Place", "shortName": "Pizza"}], "stats": {"checkinsCount": 894, "usersCount": 238, "tipCount": 6}, "id": "4e699c641495acb0c664a237", "beenHere": {"lastCheckinExpiredAt": 0, "count": 0, "marked": false}, "ratingColor": "FFC800", "location": {"lng": 103.7443458906844, "formattedAddress": ["#01-01, Keat Hong Shopping Centre (253 Choa Chu Kang Ave. 1)", "680253", "Singapore"], "postalCode": "680253", "lat": 1.3773236877735098, "crossStreet": "253 Choa Chu Kang Ave. 1", "country": "Singapore", "distance": 543, "city": "Singapore", "cc": "SG", "address": "#01-01, Keat Hong Shopping Centre", "labeledLatLngs": [{"lng": 103.7443458906844, "label": "display", "lat": 1.3773236877735098}]}, "hours": {"isLocalHoliday": false, "isOpen": false}, "verified": false, "price": {"tier": 1, "currency": "$", "message": "Cheap"}}, "referralId": "e-3-4e699c641495acb0c664a237-4", "tips": [{"id": "5420d1df498eca57732ccd81", "text": "Service is good fast & good attitude \ud83d\udc4d", "disagreeCount": 0, "createdAt": 1411437023, "logView": true, "todo": {"count": 0}, "agreeCount": 0, "canonicalUrl": "https://foursquare.com/item/5420d1df498eca57732ccd81", "type": "user", "user": {"gender": "male", "id": "73363364", "photo": {"prefix": "https://igx.4sqi.net/img/user/", "suffix": "/73363364-FAYZGKNJIQDWLFVX.jpg"}, "firstName": "Weiyong", "lastName": "Toh"}}]}, {"reasons": {"items": [{"reasonName": "globalInteractionReason", "summary": "This spot is popular", "type": "general"}], "count": 0}, "venue": {"hereNow": {"groups": [], "summary": "Nobody here", "count": 0}, "contact": {"phone": "+6567630401", "formattedPhone": "+65 6763 0401"}, "photos": {"groups": [], "count": 0}, "rating": 5.9, "name": "McDonald's", "ratingSignals": 32, "allowMenuUrlEdit": true, "categories": [{"pluralName": "Fast Food Restaurants", "id": "4bf58dd8d48988d16e941735", "primary": true, "icon": {"prefix": "https://ss3.4sqi.net/img/categories_v2/food/fastfood_", "suffix": ".png"}, "name": "Fast Food Restaurant", "shortName": "Fast Food"}], "stats": {"checkinsCount": 7641, "usersCount": 2460, "tipCount": 12}, "id": "4b6efb3af964a52099d42ce3", "beenHere": {"lastCheckinExpiredAt": 0, "count": 0, "marked": false}, "url": "http://www.mcdonalds.com.sg", "ratingColor": "FF9600", "location": {"lng": 103.75218704439624, "formattedAddress": ["#01-01, Chua Chu Kang CC (35 Teck Whye Ave)", "688892", "Singapore"], "postalCode": "688892", "lat": 1.381446811309182, "crossStreet": "35 Teck Whye Ave", "country": "Singapore", "distance": 470, "city": "Singapore", "cc": "SG", "address": "#01-01, Chua Chu Kang CC", "labeledLatLngs": [{"lng": 103.75218704439624, "label": "display", "lat": 1.381446811309182}]}, "hours": {"isLocalHoliday": false, "isOpen": true, "status": "Likely open"}, "verified": false, "price": {"tier": 1, "currency": "$", "message": "Cheap"}}, "referralId": "e-3-4b6efb3af964a52099d42ce3-5", "tips": [{"id": "5155053ee4b071ef7cec76ed", "text": "No Ice cream after 2 a.m. \uf624", "disagreeCount": 0, "logView": true, "createdAt": 1364526398, "likes": {"groups": [], "summary": "2 likes", "count": 2}, "todo": {"count": 0}, "agreeCount": 2, "canonicalUrl": "https://foursquare.com/item/5155053ee4b071ef7cec76ed", "type": "user", "user": {"gender": "male", "id": "50155005", "photo": {"prefix": "https://igx.4sqi.net/img/user/", "suffix": "/NCJOAKYAUWBHRNHV.jpg"}, "firstName": "Jay", "lastName": "Alejandrino"}}]}, {"reasons": {"items": [{"reasonName": "globalInteractionReason", "summary": "This spot is popular", "type": "general"}], "count": 0}, "venue": {"hereNow": {"groups": [], "summary": "Nobody here", "count": 0}, "contact": {}, "photos": {"groups": [], "count": 0}, "name": "Teck Whye Lane 7-11 Store And More!", "allowMenuUrlEdit": true, "beenHere": {"lastCheckinExpiredAt": 0, "count": 0, "marked": false}, "stats": {"checkinsCount": 43, "usersCount": 16, "tipCount": 0}, "id": "4d53fb2065586ea86b5071c8", "categories": [{"pluralName": "Asian Restaurants", "id": "4bf58dd8d48988d142941735", "primary": true, "icon": {"prefix": "https://ss3.4sqi.net/img/categories_v2/food/asian_", "suffix": ".png"}, "name": "Asian Restaurant", "shortName": "Asian"}], "location": {"lng": 103.7520226, "formattedAddress": ["Teck Whye Lane blk 141 (Teck Whye Lane)", "Singapore"], "lat": 1.3781284999999999, "crossStreet": "Teck Whye Lane", "country": "Singapore", "distance": 334, "city": "Singapore", "cc": "SG", "address": "Teck Whye Lane blk 141", "labeledLatLngs": [{"lng": 103.7520226, "label": "display", "lat": 1.3781284999999999}]}, "verified": false, "price": {"tier": 2, "currency": "$", "message": "Moderate"}}, "referralId": "e-3-4d53fb2065586ea86b5071c8-6"}, {"reasons": {"items": [{"reasonName": "globalInteractionReason", "summary": "This spot is popular", "type": "general"}], "count": 0}, "venue": {"hereNow": {"groups": [], "summary": "Nobody here", "count": 0}, "contact": {}, "photos": {"groups": [], "count": 0}, "name": "Fun Hut@ Teck Whye Market", "allowMenuUrlEdit": true, "beenHere": {"lastCheckinExpiredAt": 0, "count": 0, "marked": false}, "stats": {"checkinsCount": 153, "usersCount": 53, "tipCount": 2}, "id": "4ce210c7f8a4a1435182eebc", "categories": [{"pluralName": "Snack Places", "id": "4bf58dd8d48988d1c7941735", "primary": true, "icon": {"prefix": "https://ss3.4sqi.net/img/categories_v2/food/snacks_", "suffix": ".png"}, "name": "Snack Place", "shortName": "Snacks"}], "location": {"formattedAddress": ["Blk 137 Teck Whye Lane", "Singapore"], "lat": 1.3794456689218402, "lng": 103.75226059274227, "distance": 368, "country": "Singapore", "cc": "SG", "address": "Blk 137 Teck Whye Lane", "labeledLatLngs": [{"lng": 103.75226059274227, "label": "display", "lat": 1.3794456689218402}]}, "verified": false, "price": {"tier": 1, "currency": "$", "message": "Cheap"}}, "referralId": "e-3-4ce210c7f8a4a1435182eebc-7", "tips": [{"id": "4d7e9f71e7e1721e2cdae30b", "text": "Shopkeepers are so friendly.! ^~^", "disagreeCount": 0, "logView": true, "createdAt": 1300143985, "likes": {"groups": [], "summary": "2 likes", "count": 2}, "todo": {"count": 1}, "agreeCount": 0, "canonicalUrl": "https://foursquare.com/item/4d7e9f71e7e1721e2cdae30b", "type": "user", "user": {"gender": "female", "id": "5965793", "photo": {"prefix": "https://igx.4sqi.net/img/user/", "suffix": "/5965793-42ILTGJ30UCXLV4S.jpg"}, "firstName": "Joyce", "lastName": "Kcx"}}]}, {"reasons": {"items": [{"reasonName": "globalInteractionReason", "summary": "This spot is popular", "type": "general"}], "count": 0}, "venue": {"hereNow": {"groups": [], "summary": "Nobody here", "count": 0}, "contact": {}, "photos": {"groups": [], "count": 0}, "name": "Fun Hut", "allowMenuUrlEdit": true, "beenHere": {"lastCheckinExpiredAt": 0, "count": 0, "marked": false}, "stats": {"checkinsCount": 635, "usersCount": 52, "tipCount": 1}, "id": "4c57f8f36418a593d577800e", "categories": [{"pluralName": "Restaurants", "id": "4bf58dd8d48988d1c4941735", "primary": true, "icon": {"prefix": "https://ss3.4sqi.net/img/categories_v2/food/default_", "suffix": ".png"}, "name": "Restaurant", "shortName": "Restaurant"}], "location": {"formattedAddress": ["137 Teck Whye Lane", "680137", "Singapore"], "postalCode": "680137", "lat": 1.3812177556697391, "lng": 103.75124223461557, "distance": 379, "country": "Singapore", "cc": "SG", "address": "137 Teck Whye Lane", "labeledLatLngs": [{"lng": 103.75124223461557, "label": "display", "lat": 1.3812177556697391}]}, "hours": {"isLocalHoliday": false, "isOpen": true, "status": "Likely open"}, "verified": false, "price": {"tier": 2, "currency": "$", "message": "Moderate"}}, "referralId": "e-3-4c57f8f36418a593d577800e-8", "tips": [{"id": "4c5e5d186ebe2d7f03aad52e", "text": "Yummy bubble tea, and lots of delicious snacks prepared upon ordering! Nice sweet soup available as well!", "disagreeCount": 0, "logView": true, "createdAt": 1281252632, "likes": {"groups": [], "summary": "3 likes", "count": 3}, "todo": {"count": 1}, "agreeCount": 0, "canonicalUrl": "https://foursquare.com/item/4c5e5d186ebe2d7f03aad52e", "type": "user", "user": {"gender": "female", "id": "1107478", "photo": {"prefix": "https://igx.4sqi.net/img/user/", "suffix": "/D2KJWWPLWTRLJNDN.jpg"}, "firstName": "Hui Yee", "lastName": "Nyoe"}}]}, {"reasons": {"items": [{"reasonName": "globalInteractionReason", "summary": "This spot is popular", "type": "general"}], "count": 0}, "venue": {"hereNow": {"groups": [], "summary": "Nobody here", "count": 0}, "contact": {}, "photos": {"groups": [], "count": 0}, "name": "New Seafood Restaurant \u65b0\u6d77\u9c9c\u9910\u9986", "allowMenuUrlEdit": true, "beenHere": {"lastCheckinExpiredAt": 0, "count": 0, "marked": false}, "stats": {"checkinsCount": 173, "usersCount": 107, "tipCount": 1}, "id": "4bebea2462c0c9284aa0e2d4", "categories": [{"pluralName": "Chinese Restaurants", "id": "4bf58dd8d48988d145941735", "primary": true, "icon": {"prefix": "https://ss3.4sqi.net/img/categories_v2/food/asian_", "suffix": ".png"}, "name": "Chinese Restaurant", "shortName": "Chinese"}], "location": {"formattedAddress": ["188 Choa Chu Kang Ave 1", "689465", "Singapore"], "postalCode": "689465", "lat": 1.376911889861295, "lng": 103.74585072299206, "country": "Singapore", "distance": 403, "city": "Singapore", "cc": "SG", "address": "188 Choa Chu Kang Ave 1", "labeledLatLngs": [{"lng": 103.74585072299206, "label": "display", "lat": 1.376911889861295}]}, "verified": false, "price": {"tier": 1, "currency": "$", "message": "Cheap"}}, "referralId": "e-3-4bebea2462c0c9284aa0e2d4-9", "tips": [{"id": "4dbd603dfa8cee727364c2c2", "text": "Good food & reasonable price!!!! Ideal place for family dine in...", "disagreeCount": 0, "createdAt": 1304256573, "logView": true, "todo": {"count": 0}, "agreeCount": 0, "canonicalUrl": "https://foursquare.com/item/4dbd603dfa8cee727364c2c2", "type": "user", "user": {"gender": "male", "id": "5741534", "photo": {"prefix": "https://igx.4sqi.net/img/user/", "suffix": "/JABT4RG1MSOZU2VS.jpg"}, "firstName": "Alan", "lastName": "Tan"}}]}, {"reasons": {"items": [{"reasonName": "globalInteractionReason", "summary": "This spot is popular", "type": "general"}], "count": 0}, "venue": {"hereNow": {"groups": [], "summary": "Nobody here", "count": 0}, "contact": {}, "photos": {"groups": [], "count": 0}, "name": "Crema", "allowMenuUrlEdit": true, "beenHere": {"lastCheckinExpiredAt": 0, "count": 0, "marked": false}, "stats": {"checkinsCount": 598, "usersCount": 213, "tipCount": 2}, "id": "4e32624a7d8bf5432e3ba1ca", "categories": [{"pluralName": "Caf\u00e9s", "id": "4bf58dd8d48988d16d941735", "primary": true, "icon": {"prefix": "https://ss3.4sqi.net/img/categories_v2/food/cafe_", "suffix": ".png"}, "name": "Caf\u00e9", "shortName": "Caf\u00e9"}], "location": {"formattedAddress": ["1 Choa Chu Kang Grove", "688236", "Singapore"], "postalCode": "688236", "lat": 1.3759972003803604, "lng": 103.75183627591625, "country": "Singapore", "distance": 424, "city": "Singapore", "cc": "SG", "address": "1 Choa Chu Kang Grove", "labeledLatLngs": [{"lng": 103.75183627591625, "label": "display", "lat": 1.3759972003803604}]}, "hours": {"isLocalHoliday": false, "isOpen": false}, "verified": false, "price": {"tier": 1, "currency": "$", "message": "Cheap"}}, "referralId": "e-3-4e32624a7d8bf5432e3ba1ca-10", "tips": [{"id": "561643bc498ebe546cd14d9f", "text": "The drink here is super sweet", "disagreeCount": 0, "createdAt": 1444299708, "logView": true, "todo": {"count": 0}, "agreeCount": 0, "canonicalUrl": "https://foursquare.com/item/561643bc498ebe546cd14d9f", "type": "user", "user": {"gender": "male", "id": "73363364", "photo": {"prefix": "https://igx.4sqi.net/img/user/", "suffix": "/73363364-FAYZGKNJIQDWLFVX.jpg"}, "firstName": "Weiyong", "lastName": "Toh"}}]}, {"reasons": {"items": [{"reasonName": "globalInteractionReason", "summary": "This spot is popular", "type": "general"}], "count": 0}, "venue": {"hereNow": {"groups": [], "summary": "Nobody here", "count": 0}, "contact": {}, "photos": {"groups": [], "count": 0}, "rating": 5.7, "name": "\u4e2d\u534e Coffee Shop", "ratingSignals": 25, "allowMenuUrlEdit": true, "categories": [{"pluralName": "Asian Restaurants", "id": "4bf58dd8d48988d142941735", "primary": true, "icon": {"prefix": "https://ss3.4sqi.net/img/categories_v2/food/asian_", "suffix": ".png"}, "name": "Asian Restaurant", "shortName": "Asian"}], "stats": {"checkinsCount": 1464, "usersCount": 382, "tipCount": 18}, "id": "4c6ca306e13db60c82d3d6b1", "beenHere": {"lastCheckinExpiredAt": 0, "count": 0, "marked": false}, "ratingColor": "FF9600", "location": {"formattedAddress": ["16 Teck Whye Lane", "Singapore"], "lat": 1.3781141172543176, "lng": 103.7547442874917, "country": "Singapore", "distance": 635, "city": "Singapore", "cc": "SG", "address": "16 Teck Whye Lane", "labeledLatLngs": [{"lng": 103.7547442874917, "label": "display", "lat": 1.3781141172543176}]}, "hours": {"isLocalHoliday": false, "isOpen": true, "status": "Likely open"}, "verified": false, "price": {"tier": 2, "currency": "$", "message": "Moderate"}}, "referralId": "e-3-4c6ca306e13db60c82d3d6b1-11", "tips": [{"id": "4c97083694a0236ac4e5a312", "text": "Food not really very fantastic:(", "disagreeCount": 0, "logView": true, "createdAt": 1284966454, "likes": {"groups": [], "summary": "3 likes", "count": 3}, "todo": {"count": 0}, "agreeCount": 0, "canonicalUrl": "https://foursquare.com/item/4c97083694a0236ac4e5a312", "type": "user", "user": {"gender": "male", "id": "2146881", "photo": {"prefix": "https://igx.4sqi.net/img/user/", "suffix": "/3ASSLFWUTOVCI5OP.jpg"}, "firstName": "Poh teck", "lastName": "Lua"}}]}, {"reasons": {"items": [{"reasonName": "globalInteractionReason", "summary": "This spot is popular", "type": "general"}], "count": 0}, "venue": {"hereNow": {"groups": [], "summary": "Nobody here", "count": 0}, "contact": {}, "photos": {"groups": [], "count": 0}, "name": "252 Choa Chu Kang Live Seafood", "allowMenuUrlEdit": true, "beenHere": {"lastCheckinExpiredAt": 0, "count": 0, "marked": false}, "stats": {"checkinsCount": 696, "usersCount": 373, "tipCount": 11}, "id": "4be8c140c5220f47882faaca", "categories": [{"pluralName": "Seafood Restaurants", "id": "4bf58dd8d48988d1ce941735", "primary": true, "icon": {"prefix": "https://ss3.4sqi.net/img/categories_v2/food/seafood_", "suffix": ".png"}, "name": "Seafood Restaurant", "shortName": "Seafood"}], "location": {"formattedAddress": ["Singapore"], "lat": 1.3767097672317512, "lng": 103.74526977539062, "distance": 471, "country": "Singapore", "cc": "SG", "labeledLatLngs": [{"lng": 103.74526977539062, "label": "display", "lat": 1.3767097672317512}]}, "hours": {"isLocalHoliday": false, "isOpen": true, "status": "Likely open"}, "verified": false, "price": {"tier": 3, "currency": "$", "message": "Expensive"}}, "referralId": "e-3-4be8c140c5220f47882faaca-12", "tips": [{"id": "4de1b8202271bfb8448b956b", "text": "CC190 Wan Ton Noddles in morning quite nice.", "disagreeCount": 0, "logView": true, "createdAt": 1306638368, "likes": {"groups": [], "summary": "2 likes", "count": 2}, "todo": {"count": 0}, "agreeCount": 0, "canonicalUrl": "https://foursquare.com/item/4de1b8202271bfb8448b956b", "type": "user", "user": {"gender": "none", "id": "5957096", "photo": {"prefix": "https://igx.4sqi.net/img/user/", "suffix": "/21DIS3UWWEWJXKRP.jpg"}, "firstName": "Ripple", "lastName": "Van"}}]}, {"reasons": {"items": [{"reasonName": "globalInteractionReason", "summary": "This spot is popular", "type": "general"}], "count": 0}, "venue": {"hereNow": {"groups": [], "summary": "Nobody here", "count": 0}, "contact": {"phone": "+6567691972", "formattedPhone": "+65 6769 1972"}, "photos": {"groups": [], "count": 0}, "name": "Choon Seng Hng Restaurant", "allowMenuUrlEdit": true, "beenHere": {"lastCheckinExpiredAt": 0, "count": 0, "marked": false}, "stats": {"checkinsCount": 532, "usersCount": 247, "tipCount": 5}, "id": "4d27f975915fa093f4c9f809", "categories": [{"pluralName": "Asian Restaurants", "id": "4bf58dd8d48988d142941735", "primary": true, "icon": {"prefix": "https://ss3.4sqi.net/img/categories_v2/food/asian_", "suffix": ".png"}, "name": "Asian Restaurant", "shortName": "Asian"}], "location": {"lng": 103.75255478652981, "formattedAddress": ["#02-02, ITE College West (1 Choa Chu Kang Grove)", "688236", "Singapore"], "postalCode": "688236", "lat": 1.3760656830671811, "crossStreet": "1 Choa Chu Kang Grove", "country": "Singapore", "distance": 481, "city": "Singapore", "cc": "SG", "address": "#02-02, ITE College West", "labeledLatLngs": [{"lng": 103.75255478652981, "label": "display", "lat": 1.3760656830671811}]}, "hours": {"isLocalHoliday": false, "isOpen": false}, "verified": false, "price": {"tier": 2, "currency": "$", "message": "Moderate"}}, "referralId": "e-3-4d27f975915fa093f4c9f809-13", "tips": [{"id": "508e07ede4b0167a9eb0ac8f", "text": "The food is nice but the drinks is like worse... Some times sweet some times bitter!!", "disagreeCount": 0, "logView": true, "createdAt": 1351485421, "likes": {"groups": [], "summary": "1 like", "count": 1}, "todo": {"count": 0}, "agreeCount": 1, "canonicalUrl": "https://foursquare.com/item/508e07ede4b0167a9eb0ac8f", "type": "user", "user": {"gender": "male", "id": "9133280", "photo": {"prefix": "https://igx.4sqi.net/img/user/", "suffix": "/9133280_96NmBoNl_yGX_ZCR9MO9dIAlnEkqOf0mDjLkMDPEaE1f19giiCG4yqNLKCniJAbfF07XOYWnD.jpg"}, "firstName": "Ronald", "lastName": "Fwanio"}}]}, {"reasons": {"items": [{"reasonName": "globalInteractionReason", "summary": "This spot is popular", "type": "general"}], "count": 0}, "venue": {"contact": {}, "photos": {"groups": [], "count": 0}, "name": "Foodpark", "allowMenuUrlEdit": true, "beenHere": {"lastCheckinExpiredAt": 0, "count": 0, "marked": false}, "stats": {"checkinsCount": 534, "usersCount": 134, "tipCount": 3}, "id": "4cac01a844a8224b730a3040", "categories": [{"pluralName": "Food Courts", "id": "4bf58dd8d48988d120951735", "primary": true, "icon": {"prefix": "https://ss3.4sqi.net/img/categories_v2/shops/food_foodcourt_", "suffix": ".png"}, "name": "Food Court", "shortName": "Food Court"}], "location": {"formattedAddress": ["143 Teck whye lane", "Singapore"], "lat": 1.3801098240870502, "lng": 103.75312328338623, "distance": 482, "country": "Singapore", "cc": "SG", "address": "143 Teck whye lane", "labeledLatLngs": [{"lng": 103.75312328338623, "label": "display", "lat": 1.3801098240870502}]}, "hours": {"isLocalHoliday": false, "isOpen": true, "status": "Likely open"}, "verified": false, "hereNow": {"groups": [], "summary": "Nobody here", "count": 0}}, "referralId": "e-3-4cac01a844a8224b730a3040-14", "tips": [{"id": "4cda8d745aeda1cdc073b711", "text": "Ba kut teh is awesome. Dim sum guy may look fierce but he's very polite and patient.", "disagreeCount": 0, "logView": true, "createdAt": 1289391476, "likes": {"groups": [], "summary": "1 like", "count": 1}, "todo": {"count": 1}, "agreeCount": 1, "canonicalUrl": "https://foursquare.com/item/4cda8d745aeda1cdc073b711", "type": "user", "user": {"gender": "female", "id": "1346864", "photo": {"prefix": "https://igx.4sqi.net/img/user/", "suffix": "/3AMXL04MYGI2ZHSC.jpg"}, "firstName": "Elysha", "lastName": "Chua"}}]}, {"reasons": {"items": [{"reasonName": "globalInteractionReason", "summary": "This spot is popular", "type": "general"}], "count": 0}, "venue": {"hereNow": {"groups": [], "summary": "Nobody here", "count": 0}, "contact": {}, "photos": {"groups": [], "count": 0}, "name": "Institut Paul Bocuse", "allowMenuUrlEdit": true, "beenHere": {"lastCheckinExpiredAt": 0, "count": 0, "marked": false}, "stats": {"checkinsCount": 118, "usersCount": 16, "tipCount": 0}, "id": "51b5c7dc498e5871bf3cf5e8", "categories": [{"pluralName": "French Restaurants", "id": "4bf58dd8d48988d10c941735", "primary": true, "icon": {"prefix": "https://ss3.4sqi.net/img/categories_v2/food/french_", "suffix": ".png"}, "name": "French Restaurant", "shortName": "French"}], "location": {"lng": 103.75256044410898, "formattedAddress": ["ITE College (1 Choa Chu Kang Grove)", "688236", "Singapore"], "postalCode": "688236", "lat": 1.375892021977186, "crossStreet": "1 Choa Chu Kang Grove", "country": "Singapore", "distance": 493, "city": "Singapore", "cc": "SG", "address": "ITE College", "labeledLatLngs": [{"lng": 103.75256044410898, "label": "display", "lat": 1.375892021977186}]}, "verified": false, "price": {"tier": 3, "currency": "$", "message": "Expensive"}}, "referralId": "e-3-51b5c7dc498e5871bf3cf5e8-15"}, {"reasons": {"items": [{"reasonName": "globalInteractionReason", "summary": "This spot is popular", "type": "general"}], "count": 0}, "venue": {"hereNow": {"groups": [], "summary": "Nobody here", "count": 0}, "contact": {}, "photos": {"groups": [], "count": 0}, "name": "Amber", "allowMenuUrlEdit": true, "beenHere": {"lastCheckinExpiredAt": 0, "count": 0, "marked": false}, "stats": {"checkinsCount": 250, "usersCount": 113, "tipCount": 1}, "id": "4e24ef2352b17b2b5dca45b5", "categories": [{"pluralName": "French Restaurants", "id": "4bf58dd8d48988d10c941735", "primary": true, "icon": {"prefix": "https://ss3.4sqi.net/img/categories_v2/food/french_", "suffix": ".png"}, "name": "French Restaurant", "shortName": "French"}], "location": {"formattedAddress": ["1 Choa Chu Kang Grove", "Singapore"], "lat": 1.3761607956794202, "lng": 103.7527810898825, "country": "Singapore", "distance": 495, "city": "Singapore", "cc": "SG", "address": "1 Choa Chu Kang Grove", "labeledLatLngs": [{"lng": 103.7527810898825, "label": "display", "lat": 1.3761607956794202}]}, "verified": false, "price": {"tier": 3, "currency": "$", "message": "Expensive"}}, "referralId": "e-3-4e24ef2352b17b2b5dca45b5-16", "tips": [{"id": "4ea0f7af550325089ae88003", "text": "Eating lunch with hubby.. Fine dining.. Everything serve by students", "disagreeCount": 0, "createdAt": 1319172015, "logView": true, "todo": {"count": 0}, "agreeCount": 0, "canonicalUrl": "https://foursquare.com/item/4ea0f7af550325089ae88003", "type": "user", "user": {"gender": "female", "id": "7147075", "photo": {"prefix": "https://igx.4sqi.net/img/user/", "suffix": "/5NT1NBFXRI0ZUW20.jpg"}, "firstName": "Sally", "lastName": "Chan"}}]}, {"reasons": {"items": [{"reasonName": "globalInteractionReason", "summary": "This spot is popular", "type": "general"}], "count": 0}, "venue": {"hereNow": {"groups": [], "summary": "Nobody here", "count": 0}, "contact": {}, "photos": {"groups": [], "count": 0}, "name": "\u91d1\u5b9d\u7802\u7172\u8089\u9aa8\u8336", "allowMenuUrlEdit": true, "beenHere": {"lastCheckinExpiredAt": 0, "count": 0, "marked": false}, "stats": {"checkinsCount": 95, "usersCount": 49, "tipCount": 1}, "id": "4e05d785d1640223a4923346", "categories": [{"pluralName": "Asian Restaurants", "id": "4bf58dd8d48988d142941735", "primary": true, "icon": {"prefix": "https://ss3.4sqi.net/img/categories_v2/food/asian_", "suffix": ".png"}, "name": "Asian Restaurant", "shortName": "Asian"}], "location": {"formattedAddress": ["Singapore"], "lat": 1.3803725663498112, "lng": 103.7531544912493, "country": "Singapore", "distance": 496, "city": "Singapore", "cc": "SG", "labeledLatLngs": [{"lng": 103.7531544912493, "label": "display", "lat": 1.3803725663498112}]}, "verified": false, "price": {"tier": 2, "currency": "$", "message": "Moderate"}}, "referralId": "e-3-4e05d785d1640223a4923346-17", "tips": [{"id": "4faa1679e4b0061d16a007b5", "text": "Claypot Bak Kut Teh. Soup is definitely thick enough. For those who dislike the strong herbal smell, go for it!", "disagreeCount": 0, "createdAt": 1336546937, "logView": true, "todo": {"count": 0}, "agreeCount": 0, "canonicalUrl": "https://foursquare.com/item/4faa1679e4b0061d16a007b5", "type": "user", "user": {"gender": "female", "id": "4831377", "photo": {"prefix": "https://igx.4sqi.net/img/user/", "suffix": "/4831377-Z0SULWALJD1KYHSP.jpg"}, "firstName": "Andorra", "lastName": "Ooi"}}]}, {"reasons": {"items": [{"reasonName": "globalInteractionReason", "summary": "This spot is popular", "type": "general"}], "count": 0}, "venue": {"hereNow": {"groups": [], "summary": "Nobody here", "count": 0}, "contact": {}, "photos": {"groups": [], "count": 0}, "name": "Ite Cck Blk 2 Lvl 2 Chinese Resturant", "allowMenuUrlEdit": true, "beenHere": {"lastCheckinExpiredAt": 0, "count": 0, "marked": false}, "stats": {"checkinsCount": 47, "usersCount": 25, "tipCount": 1}, "id": "4ceb3dac0f196dcbe0c256ae", "categories": [{"pluralName": "Chinese Restaurants", "id": "4bf58dd8d48988d145941735", "primary": true, "icon": {"prefix": "https://ss3.4sqi.net/img/categories_v2/food/asian_", "suffix": ".png"}, "name": "Chinese Restaurant", "shortName": "Chinese"}], "location": {"formattedAddress": ["Singapore"], "lat": 1.3760648852348303, "lng": 103.7527697747058, "distance": 500, "country": "Singapore", "cc": "SG", "labeledLatLngs": [{"lng": 103.7527697747058, "label": "display", "lat": 1.3760648852348303}]}, "verified": false, "price": {"tier": 1, "currency": "$", "message": "Cheap"}}, "referralId": "e-3-4ceb3dac0f196dcbe0c256ae-18", "tips": [{"id": "4db69711f7b121c29f751294", "text": "everything is nice , every set meal you order prepare $5.35  :)", "disagreeCount": 0, "logView": true, "createdAt": 1303811857, "likes": {"groups": [], "summary": "1 like", "count": 1}, "todo": {"count": 0}, "agreeCount": 0, "canonicalUrl": "https://foursquare.com/item/4db69711f7b121c29f751294", "type": "user", "user": {"gender": "female", "id": "4440525", "photo": {"prefix": "https://igx.4sqi.net/img/user/", "suffix": "/Y0WL1KYYBLRYT3X1.jpg"}, "firstName": "Joanna", "lastName": "Ng"}}]}, {"reasons": {"items": [{"reasonName": "globalInteractionReason", "summary": "This spot is popular", "type": "general"}], "count": 0}, "venue": {"id": "4db19d144b22ba776d866e84", "hereNow": {"groups": [], "summary": "Nobody here", "count": 0}, "contact": {}, "beenHere": {"lastCheckinExpiredAt": 0, "count": 0, "marked": false}, "photos": {"groups": [], "count": 0}, "name": "Blk 143 Teck Whye Lane", "location": {"formattedAddress": ["Blk 143 teck whye lane", "Singapore"], "lat": 1.380249, "lng": 103.753274, "distance": 503, "country": "Singapore", "cc": "SG", "address": "Blk 143 teck whye lane", "labeledLatLngs": [{"lng": 103.753274, "label": "display", "lat": 1.380249}]}, "allowMenuUrlEdit": true, "verified": false, "categories": [{"pluralName": "Food", "id": "4d4b7105d754a06374d81259", "primary": true, "icon": {"prefix": "https://ss3.4sqi.net/img/categories_v2/food/default_", "suffix": ".png"}, "name": "Food", "shortName": "Food"}], "stats": {"checkinsCount": 143, "usersCount": 74, "tipCount": 1}}, "referralId": "e-3-4db19d144b22ba776d866e84-19", "tips": [{"id": "4e620b4c62e13e3bce74bbe0", "text": "come n eat..", "disagreeCount": 0, "createdAt": 1315048268, "logView": true, "todo": {"count": 0}, "agreeCount": 0, "canonicalUrl": "https://foursquare.com/item/4e620b4c62e13e3bce74bbe0", "type": "user", "user": {"gender": "male", "id": "5467682", "photo": {"prefix": "https://igx.4sqi.net/img/user/", "suffix": "/UZR2AZMPXPNA3NLW.jpg"}, "firstName": "Apizz", "lastName": "Ahmad Shukri"}}]}, {"reasons": {"items": [{"reasonName": "globalInteractionReason", "summary": "This spot is popular", "type": "general"}], "count": 0}, "venue": {"hereNow": {"groups": [], "summary": "Nobody here", "count": 0}, "contact": {}, "photos": {"groups": [], "count": 0}, "name": "Refresh! @ CCK ITE", "allowMenuUrlEdit": true, "beenHere": {"lastCheckinExpiredAt": 0, "count": 0, "marked": false}, "stats": {"checkinsCount": 99, "usersCount": 22, "tipCount": 1}, "id": "5217061c498ef6e456c38800", "categories": [{"pluralName": "Restaurants", "id": "4bf58dd8d48988d1c4941735", "primary": true, "icon": {"prefix": "https://ss3.4sqi.net/img/categories_v2/food/default_", "suffix": ".png"}, "name": "Restaurant", "shortName": "Restaurant"}], "location": {"lng": 103.75201731759779, "formattedAddress": ["1 Choa Chu Kang Grove (Choa Chu Kang)", "Singapore"], "lat": 1.375052542377522, "crossStreet": "Choa Chu Kang", "country": "Singapore", "distance": 514, "city": "Singapore", "cc": "SG", "address": "1 Choa Chu Kang Grove", "labeledLatLngs": [{"lng": 103.75201731759779, "label": "display", "lat": 1.375052542377522}]}, "verified": false, "price": {"tier": 2, "currency": "$", "message": "Moderate"}}, "referralId": "e-3-5217061c498ef6e456c38800-20", "tips": [{"id": "526e48c511d25108e89c15f7", "text": "Be sure to try the new korean shop", "disagreeCount": 0, "createdAt": 1382959301, "logView": true, "todo": {"count": 0}, "agreeCount": 0, "canonicalUrl": "https://foursquare.com/item/526e48c511d25108e89c15f7", "type": "user", "user": {"gender": "male", "id": "4264270", "photo": {"prefix": "https://igx.4sqi.net/img/user/", "suffix": "/XNWJW3YXT5EQMOUG.jpg"}, "firstName": "Hariz", "lastName": "Archibald"}}]}, {"reasons": {"items": [{"reasonName": "globalInteractionReason", "summary": "This spot is popular", "type": "general"}], "count": 0}, "venue": {"hereNow": {"groups": [], "summary": "Nobody here", "count": 0}, "contact": {}, "photos": {"groups": [], "count": 0}, "name": "Suki Sushi @ Keat Hong", "allowMenuUrlEdit": true, "beenHere": {"lastCheckinExpiredAt": 0, "count": 0, "marked": false}, "stats": {"checkinsCount": 198, "usersCount": 85, "tipCount": 1}, "id": "4c1caee2fcf8c9b67169aa0b", "categories": [{"pluralName": "Sushi Restaurants", "id": "4bf58dd8d48988d1d2941735", "primary": true, "icon": {"prefix": "https://ss3.4sqi.net/img/categories_v2/food/sushi_", "suffix": ".png"}, "name": "Sushi Restaurant", "shortName": "Sushi"}], "location": {"formattedAddress": ["blk 253 choa chu kang", "681276", "Singapore"], "postalCode": "681276", "lat": 1.379028831365541, "lng": 103.74444772090882, "distance": 514, "country": "Singapore", "cc": "SG", "address": "blk 253 choa chu kang", "labeledLatLngs": [{"lng": 103.74444772090882, "label": "display", "lat": 1.379028831365541}]}, "verified": false, "price": {"tier": 2, "currency": "$", "message": "Moderate"}}, "referralId": "e-3-4c1caee2fcf8c9b67169aa0b-21", "tips": [{"id": "4c7d22ef1eeb9c74fcd5b506", "text": "it have buffet n ala carta style which serves many kind of jap dishes tat u like..", "disagreeCount": 0, "createdAt": 1283269359, "logView": true, "todo": {"count": 1}, "agreeCount": 0, "canonicalUrl": "https://foursquare.com/item/4c7d22ef1eeb9c74fcd5b506", "type": "user", "user": {"gender": "female", "id": "1904860", "photo": {"prefix": "https://igx.4sqi.net/img/user/", "suffix": "/1904860-PGYSZJUWJARQXCDS.jpg"}, "firstName": "Gay", "lastName": "Justina"}}]}, {"reasons": {"items": [{"reasonName": "globalInteractionReason", "summary": "This spot is popular", "type": "general"}], "count": 0}, "venue": {"hereNow": {"groups": [], "summary": "Nobody here", "count": 0}, "contact": {}, "photos": {"groups": [], "count": 0}, "name": "Sakura @ Keat Hong Shopping Centre", "allowMenuUrlEdit": true, "beenHere": {"lastCheckinExpiredAt": 0, "count": 0, "marked": false}, "stats": {"checkinsCount": 40, "usersCount": 37, "tipCount": 2}, "id": "4c6286cf58810f47c651071e", "categories": [{"pluralName": "Japanese Restaurants", "id": "4bf58dd8d48988d111941735", "primary": true, "icon": {"prefix": "https://ss3.4sqi.net/img/categories_v2/food/japanese_", "suffix": ".png"}, "name": "Japanese Restaurant", "shortName": "Japanese"}], "location": {"formattedAddress": ["Singapore"], "lat": 1.377809, "lng": 103.744481, "country": "Singapore", "distance": 516, "city": "Singapore", "cc": "SG", "labeledLatLngs": [{"lng": 103.744481, "label": "display", "lat": 1.377809}]}, "verified": false, "price": {"tier": 2, "currency": "$", "message": "Moderate"}}, "referralId": "e-3-4c6286cf58810f47c651071e-22", "tips": [{"id": "4c9deed1542b224b8797ee9f", "text": "Seating arrangement is very bad. Same goes for the food too.", "disagreeCount": 0, "createdAt": 1285418705, "logView": true, "todo": {"count": 0}, "agreeCount": 0, "canonicalUrl": "https://foursquare.com/item/4c9deed1542b224b8797ee9f", "type": "user", "user": {"gender": "male", "id": "3262799", "photo": {"prefix": "https://igx.4sqi.net/img/user/", "suffix": "/HFJG2CETXSXBAMXK.jpg"}, "firstName": "Goon", "lastName": "Wai"}}]}, {"reasons": {"items": [{"reasonName": "globalInteractionReason", "summary": "This spot is popular", "type": "general"}], "count": 0}, "venue": {"hereNow": {"groups": [], "summary": "Nobody here", "count": 0}, "contact": {}, "photos": {"groups": [], "count": 0}, "name": "Tenderbest @ Teck Whye", "allowMenuUrlEdit": true, "beenHere": {"lastCheckinExpiredAt": 0, "count": 0, "marked": false}, "stats": {"checkinsCount": 130, "usersCount": 47, "tipCount": 0}, "id": "4cc68dc382388cfad8987c35", "categories": [{"pluralName": "Fast Food Restaurants", "id": "4bf58dd8d48988d16e941735", "primary": true, "icon": {"prefix": "https://ss3.4sqi.net/img/categories_v2/food/fastfood_", "suffix": ".png"}, "name": "Fast Food Restaurant", "shortName": "Fast Food"}], "location": {"formattedAddress": ["Singapore"], "lat": 1.380339, "lng": 103.753363, "distance": 516, "country": "Singapore", "cc": "SG", "labeledLatLngs": [{"lng": 103.753363, "label": "display", "lat": 1.380339}]}, "verified": false, "price": {"tier": 1, "currency": "$", "message": "Cheap"}}, "referralId": "e-3-4cc68dc382388cfad8987c35-23"}, {"reasons": {"items": [{"reasonName": "globalInteractionReason", "summary": "This spot is popular", "type": "general"}], "count": 0}, "venue": {"hereNow": {"groups": [], "summary": "Nobody here", "count": 0}, "contact": {}, "photos": {"groups": [], "count": 0}, "name": "Refresh!", "allowMenuUrlEdit": true, "beenHere": {"lastCheckinExpiredAt": 0, "count": 0, "marked": false}, "stats": {"checkinsCount": 132, "usersCount": 40, "tipCount": 0}, "id": "51eddbf4498e2a177d9e5480", "categories": [{"pluralName": "Caf\u00e9s", "id": "4bf58dd8d48988d16d941735", "primary": true, "icon": {"prefix": "https://ss3.4sqi.net/img/categories_v2/food/cafe_", "suffix": ".png"}, "name": "Caf\u00e9", "shortName": "Caf\u00e9"}], "location": {"lng": 103.75210783853022, "formattedAddress": ["ITE College West (1 Chua Chu Kang Grove)", "Singapore"], "lat": 1.3750977575771153, "crossStreet": "1 Chua Chu Kang Grove", "distance": 517, "country": "Singapore", "cc": "SG", "address": "ITE College West", "labeledLatLngs": [{"lng": 103.75210783853022, "label": "display", "lat": 1.3750977575771153}]}, "verified": false, "price": {"tier": 1, "currency": "$", "message": "Cheap"}}, "referralId": "e-3-51eddbf4498e2a177d9e5480-24"}, {"reasons": {"items": [{"reasonName": "globalInteractionReason", "summary": "This spot is popular", "type": "general"}], "count": 0}, "venue": {"hereNow": {"groups": [], "summary": "Nobody here", "count": 0}, "contact": {}, "photos": {"groups": [], "count": 0}, "name": "\u6210\u529f\u8783\u87f9\u4e4b\u5bb6", "allowMenuUrlEdit": true, "beenHere": {"lastCheckinExpiredAt": 0, "count": 0, "marked": false}, "stats": {"checkinsCount": 73, "usersCount": 24, "tipCount": 0}, "id": "4d4ab2f848a06dcb04967da2", "categories": [{"pluralName": "Chinese Restaurants", "id": "4bf58dd8d48988d145941735", "primary": true, "icon": {"prefix": "https://ss3.4sqi.net/img/categories_v2/food/asian_", "suffix": ".png"}, "name": "Chinese Restaurant", "shortName": "Chinese"}], "location": {"formattedAddress": ["Blk253 keat hong market", "Singapore"], "lat": 1.3773415158334754, "lng": 103.74443640643563, "distance": 532, "country": "Singapore", "cc": "SG", "address": "Blk253 keat hong market", "labeledLatLngs": [{"lng": 103.74443640643563, "label": "display", "lat": 1.3773415158334754}]}, "verified": false, "price": {"tier": 1, "currency": "$", "message": "Cheap"}}, "referralId": "e-3-4d4ab2f848a06dcb04967da2-25"}, {"reasons": {"items": [{"reasonName": "globalInteractionReason", "summary": "This spot is popular", "type": "general"}], "count": 0}, "venue": {"hereNow": {"groups": [], "summary": "Nobody here", "count": 0}, "contact": {}, "photos": {"groups": [], "count": 0}, "name": "\u7f8e\u7f8e\u6d77\u9c9c", "allowMenuUrlEdit": true, "beenHere": {"lastCheckinExpiredAt": 0, "count": 0, "marked": false}, "stats": {"checkinsCount": 69, "usersCount": 34, "tipCount": 2}, "id": "4d299747c406721e38957cb6", "categories": [{"pluralName": "Asian Restaurants", "id": "4bf58dd8d48988d142941735", "primary": true, "icon": {"prefix": "https://ss3.4sqi.net/img/categories_v2/food/asian_", "suffix": ".png"}, "name": "Asian Restaurant", "shortName": "Asian"}], "location": {"formattedAddress": ["Singapore"], "lat": 1.38034, "lng": 103.753555, "distance": 536, "country": "Singapore", "cc": "SG", "labeledLatLngs": [{"lng": 103.753555, "label": "display", "lat": 1.38034}]}, "verified": false, "price": {"tier": 2, "currency": "$", "message": "Moderate"}}, "referralId": "e-3-4d299747c406721e38957cb6-26", "tips": [{"id": "4e158230ae60a0ac063318c4", "text": "Three Crabs at $20", "disagreeCount": 0, "createdAt": 1310032432, "logView": true, "todo": {"count": 0}, "agreeCount": 0, "canonicalUrl": "https://foursquare.com/item/4e158230ae60a0ac063318c4", "type": "user", "user": {"gender": "female", "id": "4372597", "photo": {"prefix": "https://igx.4sqi.net/img/user/", "suffix": "/USH0RGCVFNX03UJL.jpg"}, "firstName": "Catharine", "lastName": "Yong"}}]}, {"reasons": {"items": [{"reasonName": "globalInteractionReason", "summary": "This spot is popular", "type": "general"}], "count": 0}, "venue": {"hereNow": {"groups": [], "summary": "Nobody here", "count": 0}, "contact": {}, "photos": {"groups": [], "count": 0}, "name": "Keat Hong Coffee Shop", "allowMenuUrlEdit": true, "beenHere": {"lastCheckinExpiredAt": 0, "count": 0, "marked": false}, "stats": {"checkinsCount": 676, "usersCount": 213, "tipCount": 1}, "id": "4cb8dcd8d78f4688aeb3b273", "categories": [{"pluralName": "Breakfast Spots", "id": "4bf58dd8d48988d143941735", "primary": true, "icon": {"prefix": "https://ss3.4sqi.net/img/categories_v2/food/breakfast_", "suffix": ".png"}, "name": "Breakfast Spot", "shortName": "Breakfast"}], "location": {"formattedAddress": ["Singapore"], "lat": 1.3776267465707872, "lng": 103.74427234668157, "distance": 543, "country": "Singapore", "cc": "SG", "labeledLatLngs": [{"lng": 103.74427234668157, "label": "display", "lat": 1.3776267465707872}]}, "hours": {"isLocalHoliday": false, "isOpen": false}, "verified": false, "price": {"tier": 1, "currency": "$", "message": "Cheap"}}, "referralId": "e-3-4cb8dcd8d78f4688aeb3b273-27", "tips": [{"id": "52a69e8e498e96fbe2fb1fd3", "text": "Fried Carrot Cake", "disagreeCount": 0, "createdAt": 1386651278, "logView": true, "todo": {"count": 0}, "agreeCount": 0, "canonicalUrl": "https://foursquare.com/item/52a69e8e498e96fbe2fb1fd3", "type": "user", "user": {"gender": "male", "id": "50216808", "photo": {"prefix": "https://igx.4sqi.net/img/user/", "suffix": "/-RG3GK1LH5Z24RCCS.jpg"}, "firstName": "Stanley", "lastName": "Ang"}}]}, {"reasons": {"items": [{"reasonName": "globalInteractionReason", "summary": "This spot is popular", "type": "general"}], "count": 0}, "venue": {"contact": {}, "photos": {"groups": [], "count": 0}, "name": "Berjaya Eating House", "allowMenuUrlEdit": true, "beenHere": {"lastCheckinExpiredAt": 0, "count": 0, "marked": false}, "stats": {"checkinsCount": 534, "usersCount": 142, "tipCount": 7}, "id": "4c384d06ae2da593a96d00c6", "categories": [{"pluralName": "Food Courts", "id": "4bf58dd8d48988d120951735", "primary": true, "icon": {"prefix": "https://ss3.4sqi.net/img/categories_v2/shops/food_foodcourt_", "suffix": ".png"}, "name": "Food Court", "shortName": "Food Court"}], "location": {"formattedAddress": ["Keat Hong Shopping Centre 01-17", "Singapore"], "lat": 1.3774607401099361, "lng": 103.74430629006248, "country": "Singapore", "distance": 543, "city": "Singapore", "cc": "SG", "address": "Keat Hong Shopping Centre 01-17", "labeledLatLngs": [{"lng": 103.74430629006248, "label": "display", "lat": 1.3774607401099361}]}, "hours": {"isLocalHoliday": false, "isOpen": false}, "verified": false, "hereNow": {"groups": [], "summary": "Nobody here", "count": 0}}, "referralId": "e-3-4c384d06ae2da593a96d00c6-28", "tips": [{"id": "4f917d05e4b047933da5e759", "text": "The young man who works from 4 till late makes exceptionally nice drinks! Try to believe...", "disagreeCount": 0, "logView": true, "createdAt": 1334934789, "likes": {"groups": [], "summary": "2 likes", "count": 2}, "todo": {"count": 0}, "agreeCount": 1, "canonicalUrl": "https://foursquare.com/item/4f917d05e4b047933da5e759", "type": "user", "user": {"gender": "male", "id": "5418974", "photo": {"prefix": "https://igx.4sqi.net/img/user/", "suffix": "/5XSXDMH5AA04TECS.jpg"}, "firstName": "Silas", "lastName": "Siew"}}]}, {"reasons": {"items": [{"reasonName": "globalInteractionReason", "summary": "This spot is popular", "type": "general"}], "count": 0}, "venue": {"hereNow": {"groups": [], "summary": "Nobody here", "count": 0}, "contact": {}, "photos": {"groups": [], "count": 0}, "name": "\u7063\u4ed4\u9999\u6e2f\u5976\u8336\u5e97", "allowMenuUrlEdit": true, "beenHere": {"lastCheckinExpiredAt": 0, "count": 0, "marked": false}, "stats": {"checkinsCount": 109, "usersCount": 39, "tipCount": 0}, "id": "4d6335db625f6dcb2c4e685e", "categories": [{"pluralName": "Caf\u00e9s", "id": "4bf58dd8d48988d16d941735", "primary": true, "icon": {"prefix": "https://ss3.4sqi.net/img/categories_v2/food/cafe_", "suffix": ".png"}, "name": "Caf\u00e9", "shortName": "Caf\u00e9"}], "location": {"lng": 103.74626370624293, "formattedAddress": ["Lot 1 shopping Mall (Chuo Chu Kang)", "Singapore"], "lat": 1.3826323080986478, "crossStreet": "Chuo Chu Kang", "country": "Singapore", "distance": 545, "city": "Singapore", "cc": "SG", "address": "Lot 1 shopping Mall", "labeledLatLngs": [{"lng": 103.74626370624293, "label": "display", "lat": 1.3826323080986478}]}, "verified": false, "price": {"tier": 1, "currency": "$", "message": "Cheap"}}, "referralId": "e-3-4d6335db625f6dcb2c4e685e-29"}, {"reasons": {"items": [{"reasonName": "globalInteractionReason", "summary": "This spot is popular", "type": "general"}], "count": 0}, "venue": {"contact": {}, "photos": {"groups": [], "count": 0}, "venueRatingBlacklisted": true, "name": "Canteen @ Cckss", "id": "4d2ab274915fa0931f0c110a", "beenHere": {"lastCheckinExpiredAt": 0, "count": 0, "marked": false}, "stats": {"checkinsCount": 341, "usersCount": 37, "tipCount": 1}, "allowMenuUrlEdit": true, "categories": [{"pluralName": "Cafeterias", "id": "4bf58dd8d48988d128941735", "primary": true, "icon": {"prefix": "https://ss3.4sqi.net/img/categories_v2/education/cafeteria_", "suffix": ".png"}, "name": "Cafeteria", "shortName": "Cafeteria"}], "location": {"formattedAddress": ["Singapore"], "lat": 1.382757154719858, "lng": 103.7517231249894, "distance": 549, "country": "Singapore", "cc": "SG", "labeledLatLngs": [{"lng": 103.7517231249894, "label": "display", "lat": 1.382757154719858}]}, "hours": {"isLocalHoliday": false, "isOpen": false}, "verified": false, "hereNow": {"groups": [], "summary": "Nobody here", "count": 0}}, "referralId": "e-3-4d2ab274915fa0931f0c110a-30", "tips": [{"id": "522ec2e511d2eff1e71d174f", "text": "Bites and cuppa so expensive lol", "disagreeCount": 0, "createdAt": 1378796261, "logView": true, "todo": {"count": 0}, "agreeCount": 0, "canonicalUrl": "https://foursquare.com/item/522ec2e511d2eff1e71d174f", "type": "user", "user": {"gender": "female", "id": "13243827", "photo": {"prefix": "https://igx.4sqi.net/img/user/", "suffix": "/13243827-1ACBZOCFWO05JNGW.jpg"}, "firstName": "Vanessa", "lastName": "\ue11b\ue11b\ue11b"}}]}, {"reasons": {"items": [{"reasonName": "globalInteractionReason", "summary": "This spot is popular", "type": "general"}], "count": 0}, "venue": {"hereNow": {"groups": [], "summary": "Nobody here", "count": 0}, "contact": {}, "photos": {"groups": [], "count": 0}, "name": "Nihon Mura Kaiten Sushi", "allowMenuUrlEdit": true, "beenHere": {"lastCheckinExpiredAt": 0, "count": 0, "marked": false}, "stats": {"checkinsCount": 87, "usersCount": 42, "tipCount": 2}, "id": "4cba6afe7148f04d52afdcab", "categories": [{"pluralName": "Sushi Restaurants", "id": "4bf58dd8d48988d1d2941735", "primary": true, "icon": {"prefix": "https://ss3.4sqi.net/img/categories_v2/food/sushi_", "suffix": ".png"}, "name": "Sushi Restaurant", "shortName": "Sushi"}], "location": {"formattedAddress": ["Singapore"], "lat": 1.3776858092862962, "lng": 103.74414324760437, "state": "Singapore", "country": "Singapore", "distance": 556, "city": "Keat Hong Shopping Centre", "cc": "SG", "labeledLatLngs": [{"lng": 103.74414324760437, "label": "display", "lat": 1.3776858092862962}]}, "verified": false, "price": {"tier": 2, "currency": "$", "message": "Moderate"}}, "referralId": "e-3-4cba6afe7148f04d52afdcab-31", "tips": [{"id": "4d04bb8437036dcb31ac12fb", "text": "Sushi mentai is good!!! But dun try the curry.....", "disagreeCount": 0, "logView": true, "createdAt": 1292155780, "likes": {"groups": [], "summary": "1 like", "count": 1}, "todo": {"count": 0}, "agreeCount": 0, "canonicalUrl": "https://foursquare.com/item/4d04bb8437036dcb31ac12fb", "type": "user", "user": {"gender": "male", "id": "3859498", "photo": {"prefix": "https://igx.4sqi.net/img/user/", "suffix": "/FPLZS0V15GCUZ3MG.jpg"}, "firstName": "Dennis", "lastName": "Tan"}}]}, {"reasons": {"items": [{"reasonName": "globalInteractionReason", "summary": "This spot is popular", "type": "general"}], "count": 0}, "venue": {"hereNow": {"groups": [], "summary": "Nobody here", "count": 0}, "contact": {}, "photos": {"groups": [], "count": 0}, "name": "Sakura International Buffet Restautant", "allowMenuUrlEdit": true, "beenHere": {"lastCheckinExpiredAt": 0, "count": 0, "marked": false}, "stats": {"checkinsCount": 152, "usersCount": 122, "tipCount": 3}, "id": "4c779df1f24737046b8666eb", "categories": [{"pluralName": "Restaurants", "id": "4bf58dd8d48988d1c4941735", "primary": true, "icon": {"prefix": "https://ss3.4sqi.net/img/categories_v2/food/default_", "suffix": ".png"}, "name": "Restaurant", "shortName": "Restaurant"}], "location": {"formattedAddress": ["Singapore"], "lat": 1.377682, "lng": 103.744044, "distance": 567, "country": "Singapore", "cc": "SG", "labeledLatLngs": [{"lng": 103.744044, "label": "display", "lat": 1.377682}]}, "verified": false, "price": {"tier": 2, "currency": "$", "message": "Moderate"}}, "referralId": "e-3-4c779df1f24737046b8666eb-32", "tips": [{"id": "4cfd1dea2c6459417ee3444a", "text": "make a point to call before going just to check if there's a lot of reservation made. it could be crowded even on a weekday!!!", "disagreeCount": 0, "logView": true, "createdAt": 1291656682, "likes": {"groups": [], "summary": "2 likes", "count": 2}, "todo": {"count": 0}, "agreeCount": 0, "canonicalUrl": "https://foursquare.com/item/4cfd1dea2c6459417ee3444a", "type": "user", "user": {"gender": "male", "id": "4778326", "photo": {"prefix": "https://igx.4sqi.net/img/user/", "suffix": "/1YD1PEXQ22R2IKZX.jpg"}, "firstName": "Helmie", "lastName": "Fizmie"}}]}, {"reasons": {"items": [{"reasonName": "globalInteractionReason", "summary": "This spot is popular", "type": "general"}], "count": 0}, "venue": {"hereNow": {"groups": [], "summary": "Nobody here", "count": 0}, "contact": {}, "photos": {"groups": [], "count": 0}, "name": "Good News Caf\u00e9", "allowMenuUrlEdit": true, "beenHere": {"lastCheckinExpiredAt": 0, "count": 0, "marked": false}, "stats": {"checkinsCount": 109, "usersCount": 24, "tipCount": 1}, "id": "4f03ee18c512408c6537d1b1", "categories": [{"pluralName": "Caf\u00e9s", "id": "4bf58dd8d48988d16d941735", "primary": true, "icon": {"prefix": "https://ss3.4sqi.net/img/categories_v2/food/cafe_", "suffix": ".png"}, "name": "Caf\u00e9", "shortName": "Caf\u00e9"}], "location": {"formattedAddress": ["3 Teck Whye Crescent", "Singapore"], "lat": 1.3834470911440189, "lng": 103.75197205715449, "distance": 629, "country": "Singapore", "cc": "SG", "address": "3 Teck Whye Crescent", "labeledLatLngs": [{"lng": 103.75197205715449, "label": "display", "lat": 1.3834470911440189}]}, "verified": false, "price": {"tier": 1, "currency": "$", "message": "Cheap"}}, "referralId": "e-3-4f03ee18c512408c6537d1b1-33", "tips": [{"id": "4f03ef2df79000b5dcdb0f68", "text": "Ice Chocolate is shiok!", "disagreeCount": 0, "logView": true, "createdAt": 1325657901, "likes": {"groups": [], "summary": "1 like", "count": 1}, "todo": {"count": 2}, "agreeCount": 0, "canonicalUrl": "https://foursquare.com/item/4f03ef2df79000b5dcdb0f68", "type": "user", "user": {"gender": "male", "id": "3958586", "photo": {"prefix": "https://igx.4sqi.net/img/user/", "suffix": "/3958586-25RKGMN4K3FWCRQW.jpg"}, "firstName": "Kenneth", "lastName": "Ng"}}]}, {"reasons": {"items": [{"reasonName": "globalInteractionReason", "summary": "This spot is popular", "type": "general"}], "count": 0}, "venue": {"hereNow": {"groups": [], "summary": "Nobody here", "count": 0}, "contact": {"phone": "+6568993838", "formattedPhone": "+65 6899 3838"}, "photos": {"groups": [], "count": 0}, "name": "Rite Pizza", "allowMenuUrlEdit": true, "beenHere": {"lastCheckinExpiredAt": 0, "count": 0, "marked": false}, "stats": {"checkinsCount": 148, "usersCount": 71, "tipCount": 3}, "id": "4bdd1645cd51b71301e33af1", "categories": [{"pluralName": "Pizza Places", "id": "4bf58dd8d48988d1ca941735", "primary": true, "icon": {"prefix": "https://ss3.4sqi.net/img/categories_v2/food/pizza_", "suffix": ".png"}, "name": "Pizza Place", "shortName": "Pizza"}], "location": {"formattedAddress": ["206A Choa Chu Kang Ave 1", "689472", "Singapore"], "postalCode": "689472", "lat": 1.376915529655877, "lng": 103.74363308128103, "country": "Singapore", "distance": 631, "city": "Singapore", "cc": "SG", "address": "206A Choa Chu Kang Ave 1", "labeledLatLngs": [{"lng": 103.74363308128103, "label": "display", "lat": 1.376915529655877}]}, "verified": false, "price": {"tier": 1, "currency": "$", "message": "Cheap"}}, "referralId": "e-3-4bdd1645cd51b71301e33af1-34", "tips": [{"id": "54d0ce1b498e776b6d0927ad", "text": "Taste like shit, rather make myself.", "disagreeCount": 0, "createdAt": 1422970395, "logView": true, "todo": {"count": 0}, "agreeCount": 0, "canonicalUrl": "https://foursquare.com/item/54d0ce1b498e776b6d0927ad", "type": "user", "user": {"id": "109868356", "photo": {"prefix": "https://igx.4sqi.net/img/user/", "default": true, "suffix": "/blank_boy.png"}, "firstName": "Noor", "gender": "male"}}]}, {"reasons": {"items": [{"reasonName": "globalInteractionReason", "summary": "This spot is popular", "type": "general"}], "count": 0}, "venue": {"id": "4c9c03447c096dcbce16bed1", "hereNow": {"groups": [], "summary": "Nobody here", "count": 0}, "contact": {}, "beenHere": {"lastCheckinExpiredAt": 0, "count": 0, "marked": false}, "photos": {"groups": [], "count": 0}, "name": "Tiong Wah Restaurant", "location": {"formattedAddress": ["Blk 16 @ Teck Whye Lane", "Singapore"], "lat": 1.3781559177159657, "lng": 103.75476126050698, "distance": 636, "country": "Singapore", "cc": "SG", "address": "Blk 16 @ Teck Whye Lane", "labeledLatLngs": [{"lng": 103.75476126050698, "label": "display", "lat": 1.3781559177159657}]}, "allowMenuUrlEdit": true, "verified": false, "categories": [{"pluralName": "Food Courts", "id": "4bf58dd8d48988d120951735", "primary": true, "icon": {"prefix": "https://ss3.4sqi.net/img/categories_v2/shops/food_foodcourt_", "suffix": ".png"}, "name": "Food Court", "shortName": "Food Court"}], "stats": {"checkinsCount": 225, "usersCount": 70, "tipCount": 0}}, "referralId": "e-3-4c9c03447c096dcbce16bed1-35"}, {"reasons": {"items": [{"reasonName": "globalInteractionReason", "summary": "This spot is popular", "type": "general"}], "count": 0}, "venue": {"hereNow": {"groups": [], "summary": "Nobody here", "count": 0}, "contact": {}, "photos": {"groups": [], "count": 0}, "name": "Long Heng Snack Bar", "allowMenuUrlEdit": true, "beenHere": {"lastCheckinExpiredAt": 0, "count": 0, "marked": false}, "stats": {"checkinsCount": 144, "usersCount": 50, "tipCount": 2}, "id": "4d06bb95347da1cdfe7f378f", "categories": [{"pluralName": "Malay Restaurants", "id": "4bf58dd8d48988d156941735", "primary": true, "icon": {"prefix": "https://ss3.4sqi.net/img/categories_v2/food/malaysian_", "suffix": ".png"}, "name": "Malay Restaurant", "shortName": "Malay"}], "location": {"formattedAddress": ["Teck Whye Lane", "Singapore"], "lat": 1.3821752394142222, "lng": 103.75353355127595, "distance": 637, "country": "Singapore", "cc": "SG", "address": "Teck Whye Lane", "labeledLatLngs": [{"lng": 103.75353355127595, "label": "display", "lat": 1.3821752394142222}]}, "verified": false, "price": {"tier": 2, "currency": "$", "message": "Moderate"}}, "referralId": "e-3-4d06bb95347da1cdfe7f378f-36", "tips": [{"id": "55e2891b498e5ef083e756cb", "text": "Gan mian fen guo is the best down here \ud83d\udc4d", "disagreeCount": 0, "createdAt": 1440909595, "logView": true, "todo": {"count": 0}, "agreeCount": 0, "canonicalUrl": "https://foursquare.com/item/55e2891b498e5ef083e756cb", "type": "user", "user": {"gender": "male", "id": "73363364", "photo": {"prefix": "https://igx.4sqi.net/img/user/", "suffix": "/73363364-FAYZGKNJIQDWLFVX.jpg"}, "firstName": "Weiyong", "lastName": "Toh"}}]}, {"reasons": {"items": [{"reasonName": "globalInteractionReason", "summary": "This spot is popular", "type": "general"}], "count": 0}, "venue": {"hereNow": {"groups": [], "summary": "Nobody here", "count": 0}, "contact": {}, "photos": {"groups": [], "count": 0}, "name": "BBQ Pit @Tembusu Park, CCK Neighbourhood 2", "allowMenuUrlEdit": true, "beenHere": {"lastCheckinExpiredAt": 0, "count": 0, "marked": false}, "stats": {"checkinsCount": 134, "usersCount": 25, "tipCount": 0}, "id": "4d1f4b7e5c4ca1cd4d40983d", "categories": [{"pluralName": "BBQ Joints", "id": "4bf58dd8d48988d1df931735", "primary": true, "icon": {"prefix": "https://ss3.4sqi.net/img/categories_v2/food/bbqalt_", "suffix": ".png"}, "name": "BBQ Joint", "shortName": "BBQ"}], "location": {"formattedAddress": ["Choa Chu Kang Ave 2", "Singapore"], "lat": 1.3786058411272804, "lng": 103.74316353430206, "country": "Singapore", "distance": 655, "city": "Singapore", "cc": "SG", "address": "Choa Chu Kang Ave 2", "labeledLatLngs": [{"lng": 103.74316353430206, "label": "display", "lat": 1.3786058411272804}]}, "verified": false, "price": {"tier": 2, "currency": "$", "message": "Moderate"}}, "referralId": "e-3-4d1f4b7e5c4ca1cd4d40983d-37"}, {"reasons": {"items": [{"reasonName": "globalInteractionReason", "summary": "This spot is popular", "type": "general"}], "count": 0}, "venue": {"hereNow": {"groups": [], "summary": "Nobody here", "count": 0}, "contact": {}, "photos": {"groups": [], "count": 0}, "name": "Master Crab @ Sunshine Place", "allowMenuUrlEdit": true, "beenHere": {"lastCheckinExpiredAt": 0, "count": 0, "marked": false}, "stats": {"checkinsCount": 44, "usersCount": 25, "tipCount": 2}, "id": "4bd05e1477b29c742d908a82", "categories": [{"pluralName": "Asian Restaurants", "id": "4bf58dd8d48988d142941735", "primary": true, "icon": {"prefix": "https://ss3.4sqi.net/img/categories_v2/food/asian_", "suffix": ".png"}, "name": "Asian Restaurant", "shortName": "Asian"}], "location": {"formattedAddress": ["Choa Chu Kang Avenue 1", "Singapore"], "lat": 1.3772344870963502, "lng": 103.74323707769607, "state": "Singapore", "country": "Singapore", "distance": 665, "city": "Choa Chu Kang New Town", "cc": "SG", "address": "Choa Chu Kang Avenue 1", "labeledLatLngs": [{"lng": 103.74323707769607, "label": "display", "lat": 1.3772344870963502}]}, "verified": false, "price": {"tier": 2, "currency": "$", "message": "Moderate"}}, "referralId": "e-3-4bd05e1477b29c742d908a82-38", "tips": [{"id": "4dea316ae4cdc079f47c45fd", "text": "Try their Sambal Fried Rice, ask for \u6c34\u8fa3\u6912 to go with!", "disagreeCount": 0, "createdAt": 1307193706, "logView": true, "todo": {"count": 0}, "agreeCount": 0, "canonicalUrl": "https://foursquare.com/item/4dea316ae4cdc079f47c45fd", "type": "user", "user": {"gender": "male", "id": "3258896", "photo": {"prefix": "https://igx.4sqi.net/img/user/", "suffix": "/3258896_fLq6swlw_p0F-1U3fn0ASA68vcE6smoX9dTVWhVQ5gY9D6Que2MF_m9k-9izwisuqfN3k_9Ye.jpg"}, "firstName": "Wesley", "lastName": "Tee"}}]}, {"reasons": {"items": [{"reasonName": "globalInteractionReason", "summary": "This spot is popular", "type": "general"}], "count": 0}, "venue": {"hereNow": {"groups": [], "summary": "Nobody here", "count": 0}, "contact": {}, "photos": {"groups": [], "count": 0}, "name": "Sinaran Muslim Seafood & Catering Services", "allowMenuUrlEdit": true, "beenHere": {"lastCheckinExpiredAt": 0, "count": 0, "marked": false}, "stats": {"checkinsCount": 119, "usersCount": 80, "tipCount": 3}, "id": "4d96fb0da2c654813dc3cc53", "categories": [{"pluralName": "Asian Restaurants", "id": "4bf58dd8d48988d142941735", "primary": true, "icon": {"prefix": "https://ss3.4sqi.net/img/categories_v2/food/asian_", "suffix": ".png"}, "name": "Asian Restaurant", "shortName": "Asian"}], "location": {"formattedAddress": ["Singapore"], "lat": 1.37831, "lng": 103.756026, "distance": 776, "country": "Singapore", "cc": "SG", "labeledLatLngs": [{"lng": 103.756026, "label": "display", "lat": 1.37831}]}, "verified": false, "price": {"tier": 2, "currency": "$", "message": "Moderate"}}, "referralId": "e-3-4d96fb0da2c654813dc3cc53-39", "tips": [{"id": "4e085e7cb61c60b0454aa891", "text": "Great Food! Best than other similar Halal food house in Woodlands or Clementi!!! Worth the long wait \ue00e", "disagreeCount": 0, "logView": true, "createdAt": 1309171324, "likes": {"groups": [], "summary": "2 likes", "count": 2}, "todo": {"count": 0}, "agreeCount": 0, "canonicalUrl": "https://foursquare.com/item/4e085e7cb61c60b0454aa891", "type": "user", "user": {"gender": "male", "id": "2629873", "photo": {"prefix": "https://igx.4sqi.net/img/user/", "suffix": "/KTPA14ZM02TOQPRT.jpg"}, "firstName": "Lorenzo", "lastName": "Lim Jingxiang"}}]}, {"reasons": {"items": [{"reasonName": "globalInteractionReason", "summary": "This spot is popular", "type": "general"}], "count": 0}, "venue": {"hereNow": {"groups": [], "summary": "Nobody here", "count": 0}, "contact": {}, "photos": {"groups": [], "count": 0}, "name": "Hell's Kitchen", "allowMenuUrlEdit": true, "beenHere": {"lastCheckinExpiredAt": 0, "count": 0, "marked": false}, "stats": {"checkinsCount": 661, "usersCount": 30, "tipCount": 0}, "id": "4d78dc504b30a143d7f199cb", "categories": [{"pluralName": "Food Trucks", "id": "4bf58dd8d48988d1cb941735", "primary": true, "icon": {"prefix": "https://ss3.4sqi.net/img/categories_v2/food/streetfood_", "suffix": ".png"}, "name": "Food Truck", "shortName": "Food Truck"}], "location": {"formattedAddress": ["Choa Chu Kang Central", "Singapore"], "lat": 1.3831384739907322, "lng": 103.74357650926864, "country": "Singapore", "distance": 791, "city": "Singapore", "cc": "SG", "address": "Choa Chu Kang Central", "labeledLatLngs": [{"lng": 103.74357650926864, "label": "display", "lat": 1.3831384739907322}]}, "hours": {"isLocalHoliday": false, "isOpen": false}, "verified": false, "price": {"tier": 1, "currency": "$", "message": "Cheap"}}, "referralId": "e-3-4d78dc504b30a143d7f199cb-40"}, {"reasons": {"items": [{"reasonName": "globalInteractionReason", "summary": "This spot is popular", "type": "general"}], "count": 0}, "venue": {"hereNow": {"groups": [], "summary": "Nobody here", "count": 0}, "contact": {}, "photos": {"groups": [], "count": 0}, "name": "Gelateria Italia", "allowMenuUrlEdit": true, "beenHere": {"lastCheckinExpiredAt": 0, "count": 0, "marked": false}, "stats": {"checkinsCount": 47, "usersCount": 41, "tipCount": 0}, "id": "529b1769498e059d6c131248", "categories": [{"pluralName": "Italian Restaurants", "id": "4bf58dd8d48988d110941735", "primary": true, "icon": {"prefix": "https://ss3.4sqi.net/img/categories_v2/food/italian_", "suffix": ".png"}, "name": "Italian Restaurant", "shortName": "Italian"}], "location": {"formattedAddress": ["Lot One", "Singapore"], "lat": 1.384506054357428, "lng": 103.74500213126645, "distance": 797, "country": "Singapore", "cc": "SG", "address": "Lot One", "labeledLatLngs": [{"lng": 103.74500213126645, "label": "display", "lat": 1.384506054357428}]}, "verified": false, "price": {"tier": 2, "currency": "$", "message": "Moderate"}}, "referralId": "e-3-529b1769498e059d6c131248-41"}, {"reasons": {"items": [{"reasonName": "globalInteractionReason", "summary": "This spot is popular", "type": "general"}], "count": 0}, "venue": {"hereNow": {"groups": [], "summary": "Nobody here", "count": 0}, "contact": {}, "photos": {"groups": [], "count": 0}, "name": "CCKPS Canteen", "allowMenuUrlEdit": true, "beenHere": {"lastCheckinExpiredAt": 0, "count": 0, "marked": false}, "stats": {"checkinsCount": 195, "usersCount": 13, "tipCount": 0}, "id": "4da3049f9935a0930224c06f", "categories": [{"pluralName": "Caf\u00e9s", "id": "4bf58dd8d48988d16d941735", "primary": true, "icon": {"prefix": "https://ss3.4sqi.net/img/categories_v2/food/cafe_", "suffix": ".png"}, "name": "Caf\u00e9", "shortName": "Caf\u00e9"}], "location": {"formattedAddress": ["Singapore"], "lat": 1.3781641294981681, "lng": 103.74186804575227, "distance": 801, "country": "Singapore", "cc": "SG", "labeledLatLngs": [{"lng": 103.74186804575227, "label": "display", "lat": 1.3781641294981681}]}, "verified": false, "price": {"tier": 1, "currency": "$", "message": "Cheap"}}, "referralId": "e-3-4da3049f9935a0930224c06f-42"}], "name": "recommended", "type": "Recommended Places"}], "query": "food", "headerLocation": "Choa Chu Kang"}}