{"meta": {"code": 200, "requestId": "595a3a25f594df3c0b91df50"}, "response": {"suggestedFilters": {"filters": [{"name": "Open now", "key": "openNow"}], "header": "Tap to show:"}, "totalResults": 60, "headerFullLocation": "Bukit Panjang, Singapore", "headerLocationGranularity": "neighborhood", "suggestedBounds": {"ne": {"lng": 103.77020227645123, "lat": 1.3851099051822071}, "sw": {"lng": 103.75582499112078, "lat": 1.3707098907821929}}, "groups": [{"items": [{"reasons": {"items": [{"reasonName": "globalInteractionReason", "summary": "This spot is popular", "type": "general"}], "count": 0}, "venue": {"hereNow": {"groups": [], "summary": "Nobody here", "count": 0}, "contact": {}, "photos": {"groups": [], "count": 0}, "name": "Sam's Western Grill Restaurant", "allowMenuUrlEdit": true, "beenHere": {"lastCheckinExpiredAt": 0, "count": 0, "marked": false}, "stats": {"checkinsCount": 64, "usersCount": 37, "tipCount": 0}, "id": "5614b3e5498e7df76f875bad", "categories": [{"pluralName": "Restaurants", "id": "4bf58dd8d48988d1c4941735", "primary": true, "icon": {"prefix": "https://ss3.4sqi.net/img/categories_v2/food/default_", "suffix": ".png"}, "name": "Restaurant", "shortName": "Restaurant"}], "location": {"formattedAddress": ["Junction 10 #01-35", "Singapore"], "lat": 1.3808345754536357, "lng": 103.7605095785077, "country": "Singapore", "distance": 428, "city": "Singapore", "cc": "SG", "address": "Junction 10 #01-35", "labeledLatLngs": [{"lng": 103.7605095785077, "label": "display", "lat": 1.3808345754536357}]}, "verified": false, "price": {"tier": 2, "currency": "$", "message": "Moderate"}}, "referralId": "e-3-5614b3e5498e7df76f875bad-50"}, {"reasons": {"items": [{"reasonName": "globalInteractionReason", "summary": "This spot is popular", "type": "general"}], "count": 0}, "venue": {"hereNow": {"groups": [], "summary": "Nobody here", "count": 0}, "contact": {}, "photos": {"groups": [], "count": 0}, "name": "Each A Cup Cafe", "allowMenuUrlEdit": true, "beenHere": {"lastCheckinExpiredAt": 0, "count": 0, "marked": false}, "stats": {"checkinsCount": 855, "usersCount": 297, "tipCount": 5}, "id": "4d85f5e599b78cfa04c0d91f", "categories": [{"pluralName": "Caf\u00e9s", "id": "4bf58dd8d48988d16d941735", "primary": true, "icon": {"prefix": "https://ss3.4sqi.net/img/categories_v2/food/cafe_", "suffix": ".png"}, "name": "Caf\u00e9", "shortName": "Caf\u00e9"}], "location": {"lng": 103.7649737472316, "formattedAddress": ["Senja-Cashew Community Centre (Bukit Panjang)", "Singapore"], "lat": 1.3816111760385013, "crossStreet": "Bukit Panjang", "country": "Singapore", "distance": 466, "city": "Singapore", "cc": "SG", "address": "Senja-Cashew Community Centre", "labeledLatLngs": [{"lng": 103.7649737472316, "label": "display", "lat": 1.3816111760385013}]}, "hours": {"isLocalHoliday": false, "isOpen": true, "status": "Likely open"}, "verified": false, "price": {"tier": 1, "currency": "$", "message": "Cheap"}}, "referralId": "e-3-4d85f5e599b78cfa04c0d91f-51", "tips": [{"id": "4fc741c1e4b00c1861e4eae8", "text": "Jasmine Green Milk Tea is love. \uf60d", "disagreeCount": 0, "logView": true, "createdAt": 1338458561, "likes": {"groups": [], "summary": "1 like", "count": 1}, "todo": {"count": 0}, "agreeCount": 1, "canonicalUrl": "https://foursquare.com/item/4fc741c1e4b00c1861e4eae8", "type": "user", "user": {"gender": "female", "id": "16111391", "photo": {"prefix": "https://igx.4sqi.net/img/user/", "suffix": "/16111391-SJEYGGRWYSFR40ZT.jpg"}, "firstName": "Anna", "lastName": "Chai"}}]}, {"reasons": {"items": [{"reasonName": "globalInteractionReason", "summary": "This spot is popular", "type": "general"}], "count": 0}, "venue": {"hereNow": {"groups": [], "summary": "Nobody here", "count": 0}, "contact": {}, "photos": {"groups": [], "count": 0}, "name": "Chin Choon Prawn Noodles", "allowMenuUrlEdit": true, "beenHere": {"lastCheckinExpiredAt": 0, "count": 0, "marked": false}, "stats": {"checkinsCount": 262, "usersCount": 136, "tipCount": 3}, "id": "4c185b90838020a1f025e461", "categories": [{"pluralName": "Noodle Houses", "id": "4bf58dd8d48988d1d1941735", "primary": true, "icon": {"prefix": "https://ss3.4sqi.net/img/categories_v2/food/ramen_", "suffix": ".png"}, "name": "Noodle House", "shortName": "Noodles"}], "location": {"lng": 103.7630896122947, "formattedAddress": ["Chun Sheng Yuan Eating House (826 Upper Bukit Timah Rd.)", "Singapore"], "lat": 1.373655495610205, "crossStreet": "826 Upper Bukit Timah Rd.", "country": "Singapore", "distance": 473, "city": "Singapore", "cc": "SG", "address": "Chun Sheng Yuan Eating House", "labeledLatLngs": [{"lng": 103.7630896122947, "label": "display", "lat": 1.373655495610205}]}, "verified": false, "price": {"tier": 1, "currency": "$", "message": "Cheap"}}, "referralId": "e-3-4c185b90838020a1f025e461-52", "tips": [{"id": "51a0221e498e4690208f28cb", "text": "Order prata while waiting.... Very decent prata here.", "disagreeCount": 0, "logView": true, "createdAt": 1369448990, "likes": {"groups": [], "summary": "1 like", "count": 1}, "todo": {"count": 0}, "agreeCount": 1, "canonicalUrl": "https://foursquare.com/item/51a0221e498e4690208f28cb", "type": "user", "user": {"id": "2872578", "photo": {"prefix": "https://igx.4sqi.net/img/user/", "suffix": "/2872578-YTSZBE5LGX1F5JDX.jpg"}, "firstName": "Melvin K.", "gender": "male"}}]}, {"reasons": {"items": [{"reasonName": "globalInteractionReason", "summary": "This spot is popular", "type": "general"}], "count": 0}, "venue": {"contact": {}, "photos": {"groups": [], "count": 0}, "rating": 5.6, "name": "Ga-Hock Eating House", "ratingSignals": 12, "allowMenuUrlEdit": true, "categories": [{"pluralName": "Food Courts", "id": "4bf58dd8d48988d120951735", "primary": true, "icon": {"prefix": "https://ss3.4sqi.net/img/categories_v2/shops/food_foodcourt_", "suffix": ".png"}, "name": "Food Court", "shortName": "Food Court"}], "stats": {"checkinsCount": 981, "usersCount": 440, "tipCount": 9}, "id": "4c1468c782a3c9b6fc52fdf8", "beenHere": {"lastCheckinExpiredAt": 0, "count": 0, "marked": false}, "ratingColor": "FF9600", "location": {"lng": 103.7632084308342, "formattedAddress": ["Hokkien Konghuay (794 Upper Bukit Timah Road)", "678133", "Singapore"], "postalCode": "678133", "lat": 1.372874683714645, "crossStreet": "794 Upper Bukit Timah Road", "country": "Singapore", "distance": 560, "city": "Singapore", "cc": "SG", "address": "Hokkien Konghuay", "labeledLatLngs": [{"lng": 103.7632084308342, "label": "display", "lat": 1.372874683714645}]}, "hours": {"isLocalHoliday": false, "isOpen": true, "status": "Likely open"}, "verified": false, "hereNow": {"groups": [], "summary": "Nobody here", "count": 0}}, "referralId": "e-3-4c1468c782a3c9b6fc52fdf8-53", "tips": [{"id": "4caec455db32f04df130b24d", "text": "Bak kut teh & pig trotter is a muz try!!!", "disagreeCount": 0, "logView": true, "createdAt": 1286521941, "likes": {"groups": [], "summary": "10 likes", "count": 10}, "todo": {"count": 1}, "agreeCount": 1, "canonicalUrl": "https://foursquare.com/item/4caec455db32f04df130b24d", "type": "user", "user": {"gender": "male", "id": "3336015", "photo": {"prefix": "https://igx.4sqi.net/img/user/", "suffix": "/COAKZKDIVHU5OOTI.jpg"}, "firstName": "Yongcai", "lastName": "Huang"}}]}, {"reasons": {"items": [{"reasonName": "globalInteractionReason", "summary": "This spot is popular", "type": "general"}], "count": 0}, "venue": {"contact": {}, "photos": {"groups": [], "count": 0}, "name": "Yummy Corner", "allowMenuUrlEdit": true, "beenHere": {"lastCheckinExpiredAt": 0, "count": 0, "marked": false}, "stats": {"checkinsCount": 302, "usersCount": 12, "tipCount": 0}, "id": "4dee3057fa76b21ed994d442", "categories": [{"pluralName": "Food", "id": "4d4b7105d754a06374d81259", "primary": true, "icon": {"prefix": "https://ss3.4sqi.net/img/categories_v2/food/default_", "suffix": ".png"}, "name": "Food", "shortName": "Food"}], "location": {"formattedAddress": ["My Kitchen", "Singapore"], "lat": 1.3825595767129013, "lng": 103.76238801925224, "country": "Singapore", "distance": 522, "city": "Singapore", "cc": "SG", "address": "My Kitchen", "labeledLatLngs": [{"lng": 103.76238801925224, "label": "display", "lat": 1.3825595767129013}]}, "hours": {"isLocalHoliday": false, "isOpen": true, "status": "Likely open"}, "verified": false, "hereNow": {"groups": [], "summary": "Nobody here", "count": 0}}, "referralId": "e-3-4dee3057fa76b21ed994d442-54"}, {"reasons": {"items": [{"reasonName": "globalInteractionReason", "summary": "This spot is popular", "type": "general"}], "count": 0}, "venue": {"id": "4cd68b16886cb60c1a718a89", "hereNow": {"groups": [], "summary": "Nobody here", "count": 0}, "contact": {}, "beenHere": {"lastCheckinExpiredAt": 0, "count": 0, "marked": false}, "photos": {"groups": [], "count": 0}, "name": "Soon Western Food Ayam Goreng", "location": {"formattedAddress": ["#01-01 276 Jurong West Street 25", "640276", "Singapore"], "postalCode": "640276", "lat": 1.3767937, "lng": 103.7677717, "country": "Singapore", "distance": 543, "city": "Singapore", "cc": "SG", "address": "#01-01 276 Jurong West Street 25", "labeledLatLngs": [{"lng": 103.7677717, "label": "display", "lat": 1.3767937}]}, "allowMenuUrlEdit": true, "verified": false, "categories": [{"pluralName": "Food Courts", "id": "4bf58dd8d48988d120951735", "primary": true, "icon": {"prefix": "https://ss3.4sqi.net/img/categories_v2/shops/food_foodcourt_", "suffix": ".png"}, "name": "Food Court", "shortName": "Food Court"}], "stats": {"checkinsCount": 98, "usersCount": 21, "tipCount": 1}}, "referralId": "e-3-4cd68b16886cb60c1a718a89-55", "tips": [{"id": "4cf9054295153704f7fe5f89", "text": "Nice food!! Especially the wings, chicken cutlet & chicken chop!! But price went up after coffeeshop renovated..", "disagreeCount": 0, "logView": true, "createdAt": 1291388226, "likes": {"groups": [], "summary": "6 likes", "count": 6}, "todo": {"count": 0}, "agreeCount": 1, "canonicalUrl": "https://foursquare.com/item/4cf9054295153704f7fe5f89", "type": "user", "user": {"gender": "female", "id": "3319947", "photo": {"prefix": "https://igx.4sqi.net/img/user/", "suffix": "/OBY5R3ITDW10FAHR.jpg"}, "firstName": "Sabrina", "lastName": "Oh"}}]}, {"reasons": {"items": [{"reasonName": "globalInteractionReason", "summary": "This spot is popular", "type": "general"}], "count": 0}, "venue": {"hereNow": {"groups": [], "summary": "Nobody here", "count": 0}, "contact": {}, "photos": {"groups": [], "count": 0}, "name": "Phoenix Indian Restaurant", "allowMenuUrlEdit": true, "beenHere": {"lastCheckinExpiredAt": 0, "count": 0, "marked": false}, "stats": {"checkinsCount": 60, "usersCount": 47, "tipCount": 5}, "id": "4cb7db7e035d236a2dd8c84e", "categories": [{"pluralName": "Indian Restaurants", "id": "4bf58dd8d48988d10f941735", "primary": true, "icon": {"prefix": "https://ss3.4sqi.net/img/categories_v2/food/indian_", "suffix": ".png"}, "name": "Indian Restaurant", "shortName": "Indian"}], "location": {"formattedAddress": ["4 Phoenix Road, Phoenix Heights", "Singapore"], "lat": 1.377361476017467, "lng": 103.75710355721085, "country": "Singapore", "distance": 660, "city": "Singapore", "cc": "SG", "address": "4 Phoenix Road, Phoenix Heights", "labeledLatLngs": [{"lng": 103.75710355721085, "label": "display", "lat": 1.377361476017467}]}, "verified": false, "price": {"tier": 2, "currency": "$", "message": "Moderate"}}, "referralId": "e-3-4cb7db7e035d236a2dd8c84e-56", "tips": [{"id": "53c29899498e154aaea8a032", "text": "Very ordinary food, not worth the price.  Slow service, it took them more than 40 mins to bring our normal order.", "disagreeCount": 0, "createdAt": 1405261977, "logView": true, "todo": {"count": 0}, "agreeCount": 0, "canonicalUrl": "https://foursquare.com/item/53c29899498e154aaea8a032", "type": "user", "user": {"gender": "male", "id": "3944688", "photo": {"prefix": "https://igx.4sqi.net/img/user/", "suffix": "/3944688-DX4WDQQ1BDGFQSNK.jpg"}, "firstName": "Saurabh", "lastName": "Kumar"}}]}, {"reasons": {"items": [{"reasonName": "globalInteractionReason", "summary": "This spot is popular", "type": "general"}], "count": 0}, "venue": {"hereNow": {"groups": [], "summary": "Nobody here", "count": 0}, "contact": {}, "photos": {"groups": [], "count": 0}, "name": "Rasa Rasa Seafood Restaurant", "allowMenuUrlEdit": true, "beenHere": {"lastCheckinExpiredAt": 0, "count": 0, "marked": false}, "stats": {"checkinsCount": 519, "usersCount": 154, "tipCount": 0}, "id": "53749f67498ebf1a4f44c65b", "categories": [{"pluralName": "Thai Restaurants", "id": "4bf58dd8d48988d149941735", "primary": true, "icon": {"prefix": "https://ss3.4sqi.net/img/categories_v2/food/thai_", "suffix": ".png"}, "name": "Thai Restaurant", "shortName": "Thai"}], "location": {"formattedAddress": ["Singapore"], "lat": 1.380143518349123, "lng": 103.75698474407473, "distance": 715, "country": "Singapore", "cc": "SG", "labeledLatLngs": [{"lng": 103.75698474407473, "label": "display", "lat": 1.380143518349123}]}, "hours": {"isLocalHoliday": false, "isOpen": true, "status": "Likely open"}, "verified": false, "price": {"tier": 2, "currency": "$", "message": "Moderate"}}, "referralId": "e-3-53749f67498ebf1a4f44c65b-57"}, {"reasons": {"items": [{"reasonName": "globalInteractionReason", "summary": "This spot is popular", "type": "general"}], "count": 0}, "venue": {"hereNow": {"groups": [], "summary": "Nobody here", "count": 0}, "contact": {}, "photos": {"groups": [], "count": 0}, "name": "Blk 121 Pending Road BBQ Corner", "allowMenuUrlEdit": true, "beenHere": {"lastCheckinExpiredAt": 0, "count": 0, "marked": false}, "stats": {"checkinsCount": 42, "usersCount": 19, "tipCount": 0}, "id": "4da8b1fb6e81162ae7ab6793", "categories": [{"pluralName": "BBQ Joints", "id": "4bf58dd8d48988d1df931735", "primary": true, "icon": {"prefix": "https://ss3.4sqi.net/img/categories_v2/food/bbqalt_", "suffix": ".png"}, "name": "BBQ Joint", "shortName": "BBQ"}], "location": {"formattedAddress": ["121 Pending Rd.", "Singapore"], "lat": 1.377641, "lng": 103.769791, "country": "Singapore", "distance": 754, "city": "Singapore", "cc": "SG", "address": "121 Pending Rd.", "labeledLatLngs": [{"lng": 103.769791, "label": "display", "lat": 1.377641}]}, "verified": false, "price": {"tier": 2, "currency": "$", "message": "Moderate"}}, "referralId": "e-3-4da8b1fb6e81162ae7ab6793-58"}, {"reasons": {"items": [{"reasonName": "globalInteractionReason", "summary": "This spot is popular", "type": "general"}], "count": 0}, "venue": {"hereNow": {"groups": [], "summary": "Nobody here", "count": 0}, "contact": {}, "photos": {"groups": [], "count": 0}, "name": "Sinaran Muslim Seafood & Catering Services", "allowMenuUrlEdit": true, "beenHere": {"lastCheckinExpiredAt": 0, "count": 0, "marked": false}, "stats": {"checkinsCount": 119, "usersCount": 80, "tipCount": 3}, "id": "4d96fb0da2c654813dc3cc53", "categories": [{"pluralName": "Asian Restaurants", "id": "4bf58dd8d48988d142941735", "primary": true, "icon": {"prefix": "https://ss3.4sqi.net/img/categories_v2/food/asian_", "suffix": ".png"}, "name": "Asian Restaurant", "shortName": "Asian"}], "location": {"formattedAddress": ["Singapore"], "lat": 1.37831, "lng": 103.756026, "distance": 778, "country": "Singapore", "cc": "SG", "labeledLatLngs": [{"lng": 103.756026, "label": "display", "lat": 1.37831}]}, "verified": false, "price": {"tier": 2, "currency": "$", "message": "Moderate"}}, "referralId": "e-3-4d96fb0da2c654813dc3cc53-59", "tips": [{"id": "4e085e7cb61c60b0454aa891", "text": "Great Food! Best than other similar Halal food house in Woodlands or Clementi!!! Worth the long wait \ue00e", "disagreeCount": 0, "logView": true, "createdAt": 1309171324, "likes": {"groups": [], "summary": "2 likes", "count": 2}, "todo": {"count": 0}, "agreeCount": 0, "canonicalUrl": "https://foursquare.com/item/4e085e7cb61c60b0454aa891", "type": "user", "user": {"gender": "male", "id": "2629873", "photo": {"prefix": "https://igx.4sqi.net/img/user/", "suffix": "/KTPA14ZM02TOQPRT.jpg"}, "firstName": "Lorenzo", "lastName": "Lim Jingxiang"}}]}], "name": "recommended", "type": "Recommended Places"}], "query": "food", "headerLocation": "Bukit Panjang"}}