{"meta": {"code": 200, "requestId": "595a3a999fb6b77b76cc4799"}, "response": {"suggestedFilters": {"filters": [{"name": "Open now", "key": "openNow"}], "header": "Tap to show:"}, "totalResults": 17, "headerFullLocation": "Bukit Panjang, Singapore", "headerLocationGranularity": "neighborhood", "suggestedBounds": {"ne": {"lng": 103.77845881594895, "lat": 1.383342889985057}, "sw": {"lng": 103.76408154127704, "lat": 1.3689428755850428}}, "groups": [{"items": [{"reasons": {"items": [{"reasonName": "globalInteractionReason", "summary": "This spot is popular", "type": "general"}], "count": 0}, "venue": {"hereNow": {"groups": [], "summary": "Nobody here", "count": 0}, "contact": {}, "photos": {"groups": [], "count": 0}, "rating": 7.8, "name": "Hai Xian Zhu Zhou \u6d77\u9c9c\u716e\u7ca5", "ratingSignals": 54, "allowMenuUrlEdit": true, "categories": [{"pluralName": "Noodle Houses", "id": "4bf58dd8d48988d1d1941735", "primary": true, "icon": {"prefix": "https://ss3.4sqi.net/img/categories_v2/food/ramen_", "suffix": ".png"}, "name": "Noodle House", "shortName": "Noodles"}], "stats": {"checkinsCount": 10838, "usersCount": 2165, "tipCount": 22}, "id": "4cae20ce39458cfa13eeef9f", "beenHere": {"lastCheckinExpiredAt": 0, "count": 0, "marked": false}, "ratingColor": "C5DE35", "location": {"lng": 103.76471347476611, "formattedAddress": ["Choh Dee Place (163A Gangsa Road)", "670163", "Singapore"], "postalCode": "670163", "lat": 1.3772270964748192, "crossStreet": "163A Gangsa Road", "country": "Singapore", "distance": 739, "city": "Singapore", "cc": "SG", "address": "Choh Dee Place", "labeledLatLngs": [{"lng": 103.76471347476611, "label": "display", "lat": 1.3772270964748192}]}, "verified": false, "price": {"tier": 1, "currency": "$", "message": "Cheap"}}, "referralId": "e-3-4cae20ce39458cfa13eeef9f-0", "tips": [{"id": "4d72a34ad976236a02cb0979", "text": "Best food after a clubbing night!", "disagreeCount": 0, "logView": true, "createdAt": 1299358538, "likes": {"groups": [], "summary": "2 likes", "count": 2}, "todo": {"count": 0}, "agreeCount": 2, "canonicalUrl": "https://foursquare.com/item/4d72a34ad976236a02cb0979", "type": "user", "user": {"gender": "male", "id": "960755", "photo": {"prefix": "https://igx.4sqi.net/img/user/", "suffix": "/DKWZPKAC1LHSKH22.jpg"}, "firstName": "Benedict", "lastName": "Lim"}}]}, {"reasons": {"items": [{"reasonName": "globalInteractionReason", "summary": "This spot is popular", "type": "general"}], "count": 0}, "venue": {"contact": {}, "photos": {"groups": [], "count": 0}, "rating": 5.9, "name": "Fu Yuan Can Shi \u798f\u56ed\u9910\u5ba4", "ratingSignals": 17, "allowMenuUrlEdit": true, "categories": [{"pluralName": "Food Courts", "id": "4bf58dd8d48988d120951735", "primary": true, "icon": {"prefix": "https://ss3.4sqi.net/img/categories_v2/shops/food_foodcourt_", "suffix": ".png"}, "name": "Food Court", "shortName": "Food Court"}], "stats": {"checkinsCount": 1042, "usersCount": 312, "tipCount": 17}, "id": "4c4baef09c8d2d7f20f5476b", "beenHere": {"lastCheckinExpiredAt": 0, "count": 0, "marked": false}, "ratingColor": "FF9600", "location": {"lng": 103.77317824639185, "formattedAddress": ["259 Bukit Panjang Ring Rd, #01-34 (Bangkit Rd)", "670257", "Singapore"], "postalCode": "670257", "lat": 1.3768013713912266, "crossStreet": "Bangkit Rd", "country": "Singapore", "distance": 224, "city": "Singapore", "cc": "SG", "address": "259 Bukit Panjang Ring Rd, #01-34", "labeledLatLngs": [{"lng": 103.77317824639185, "label": "display", "lat": 1.3768013713912266}]}, "hours": {"isLocalHoliday": false, "isOpen": true, "status": "Likely open"}, "verified": false, "hereNow": {"groups": [{"items": [], "name": "Other people here", "count": 1, "type": "others"}], "summary": "One other person is here", "count": 1}}, "referralId": "e-3-4c4baef09c8d2d7f20f5476b-1", "tips": [{"id": "4c4bb02f712ac928d0153b6d", "text": "\u6b63\u5473's braised duck kway teow is good~ e queue, however, is a torture... Only a couple tending e stall.", "disagreeCount": 0, "logView": true, "createdAt": 1280028719, "likes": {"groups": [], "summary": "3 likes", "count": 3}, "todo": {"count": 1}, "agreeCount": 3, "canonicalUrl": "https://foursquare.com/item/4c4bb02f712ac928d0153b6d", "type": "user", "user": {"id": "2142548", "photo": {"prefix": "https://igx.4sqi.net/img/user/", "suffix": "/IUPMBSXOZKSQGTO0.jpg"}, "firstName": "Ni Min", "gender": "female"}}]}, {"reasons": {"items": [{"reasonName": "globalInteractionReason", "summary": "This spot is popular", "type": "general"}], "count": 0}, "venue": {"contact": {}, "photos": {"groups": [], "count": 0}, "rating": 6.0, "name": "Zhenghua Coffee House 257", "ratingSignals": 30, "allowMenuUrlEdit": true, "categories": [{"pluralName": "Food Courts", "id": "4bf58dd8d48988d120951735", "primary": true, "icon": {"prefix": "https://ss3.4sqi.net/img/categories_v2/shops/food_foodcourt_", "suffix": ".png"}, "name": "Food Court", "shortName": "Food Court"}], "stats": {"checkinsCount": 2512, "usersCount": 720, "tipCount": 24}, "id": "4c6f3f29d7fab1f76f0f5bc9", "beenHere": {"lastCheckinExpiredAt": 0, "count": 0, "marked": false}, "ratingColor": "FFC800", "location": {"formattedAddress": ["257 Bangkit Road", "Singapore"], "lat": 1.378887091266008, "lng": 103.77331495285034, "country": "Singapore", "distance": 380, "city": "Singapore", "cc": "SG", "address": "257 Bangkit Road", "labeledLatLngs": [{"lng": 103.77331495285034, "label": "display", "lat": 1.378887091266008}]}, "hours": {"isLocalHoliday": false, "isOpen": true, "status": "Likely open"}, "verified": false, "hereNow": {"groups": [], "summary": "Nobody here", "count": 0}}, "referralId": "e-3-4c6f3f29d7fab1f76f0f5bc9-2", "tips": [{"id": "4d1bea95c68aa1cdaf9a9ee2", "text": "Mee hoon kuay here is the BEST .", "disagreeCount": 0, "logView": true, "createdAt": 1293675157, "likes": {"groups": [], "summary": "1 like", "count": 1}, "todo": {"count": 0}, "agreeCount": 1, "canonicalUrl": "https://foursquare.com/item/4d1bea95c68aa1cdaf9a9ee2", "type": "user", "user": {"id": "5113763", "photo": {"prefix": "https://igx.4sqi.net/img/user/", "suffix": "/5113763-PA0UHMEI1XTTSCI4.jpg"}, "firstName": "Wei Jian", "gender": "male"}}]}, {"reasons": {"items": [{"reasonName": "globalInteractionReason", "summary": "This spot is popular", "type": "general"}], "count": 0}, "venue": {"hereNow": {"groups": [], "summary": "Nobody here", "count": 0}, "contact": {}, "photos": {"groups": [], "count": 0}, "name": "252 Pending Road Live Seafood", "allowMenuUrlEdit": true, "beenHere": {"lastCheckinExpiredAt": 0, "count": 0, "marked": false}, "stats": {"checkinsCount": 118, "usersCount": 51, "tipCount": 1}, "id": "4d984e02af3d236a0a0b39c7", "categories": [{"pluralName": "Seafood Restaurants", "id": "4bf58dd8d48988d1ce941735", "primary": true, "icon": {"prefix": "https://ss3.4sqi.net/img/categories_v2/food/seafood_", "suffix": ".png"}, "name": "Seafood Restaurant", "shortName": "Seafood"}], "location": {"formattedAddress": ["252 pending road", "670252", "Singapore"], "postalCode": "670252", "lat": 1.3764933001740127, "lng": 103.77024154397432, "country": "Singapore", "distance": 120, "city": "Singapore", "cc": "SG", "address": "252 pending road", "labeledLatLngs": [{"lng": 103.77024154397432, "label": "display", "lat": 1.3764933001740127}]}, "verified": false, "price": {"tier": 3, "currency": "$", "message": "Expensive"}}, "referralId": "e-3-4d984e02af3d236a0a0b39c7-3", "tips": [{"id": "52118db511d2ef513f64876b", "text": "\u6ed1\u86cb\u6cb3\u7c89is nice", "disagreeCount": 0, "createdAt": 1376882101, "logView": true, "todo": {"count": 0}, "agreeCount": 0, "canonicalUrl": "https://foursquare.com/item/52118db511d2ef513f64876b", "type": "user", "user": {"id": "14302536", "photo": {"prefix": "https://igx.4sqi.net/img/user/", "suffix": "/ZQKPMCJV3K2CEH20.jpg"}, "firstName": "Magnus", "gender": "male"}}]}, {"reasons": {"items": [{"reasonName": "globalInteractionReason", "summary": "This spot is popular", "type": "general"}], "count": 0}, "venue": {"hereNow": {"groups": [], "summary": "Nobody here", "count": 0}, "contact": {}, "photos": {"groups": [], "count": 0}, "name": "Canadian Pizza @ Pending Road", "allowMenuUrlEdit": true, "beenHere": {"lastCheckinExpiredAt": 0, "count": 0, "marked": false}, "stats": {"checkinsCount": 58, "usersCount": 19, "tipCount": 0}, "id": "4d7656c1004b37046d870194", "categories": [{"pluralName": "Pizza Places", "id": "4bf58dd8d48988d1ca941735", "primary": true, "icon": {"prefix": "https://ss3.4sqi.net/img/categories_v2/food/pizza_", "suffix": ".png"}, "name": "Pizza Place", "shortName": "Pizza"}], "location": {"formattedAddress": ["Singapore"], "lat": 1.3765937186597037, "lng": 103.77030944388383, "distance": 118, "country": "Singapore", "cc": "SG", "labeledLatLngs": [{"lng": 103.77030944388383, "label": "display", "lat": 1.3765937186597037}]}, "verified": false, "price": {"tier": 1, "currency": "$", "message": "Cheap"}}, "referralId": "e-3-4d7656c1004b37046d870194-4"}, {"reasons": {"items": [{"reasonName": "globalInteractionReason", "summary": "This spot is popular", "type": "general"}], "count": 0}, "venue": {"hereNow": {"groups": [], "summary": "Nobody here", "count": 0}, "contact": {}, "photos": {"groups": [], "count": 0}, "name": "\u6b63\u5473 \u5364\u9e2d\u9762 Braised Duck", "allowMenuUrlEdit": true, "beenHere": {"lastCheckinExpiredAt": 0, "count": 0, "marked": false}, "stats": {"checkinsCount": 135, "usersCount": 43, "tipCount": 7}, "id": "4d967908e07ea35d6b60c102", "categories": [{"pluralName": "Noodle Houses", "id": "4bf58dd8d48988d1d1941735", "primary": true, "icon": {"prefix": "https://ss3.4sqi.net/img/categories_v2/food/ramen_", "suffix": ".png"}, "name": "Noodle House", "shortName": "Noodles"}], "location": {"lng": 103.77306507748044, "formattedAddress": ["Fuyuan Canshi (259 Bukit Panjang Ring Rd. #01-34.)", "670259", "Singapore"], "postalCode": "670259", "lat": 1.376747231098686, "crossStreet": "259 Bukit Panjang Ring Rd. #01-34.", "country": "Singapore", "distance": 210, "city": "Singapore", "cc": "SG", "address": "Fuyuan Canshi", "labeledLatLngs": [{"lng": 103.77306507748044, "label": "display", "lat": 1.376747231098686}]}, "hours": {"isLocalHoliday": false, "isOpen": false, "status": "Closed until 5:30 AM tomorrow"}, "verified": false, "price": {"tier": 1, "currency": "$", "message": "Cheap"}}, "referralId": "e-3-4d967908e07ea35d6b60c102-5", "tips": [{"id": "56889638498e0d8843402344", "text": "Train route from Bukit Panjang MRT station: transfer to LRT & get off at Pending station. This stall, \"Zheng Wei\", operates in the Fu Yuan Can Shi coffee shop near the Bukit Panjang Hawker Centre", "disagreeCount": 0, "logView": true, "createdAt": 1451791928, "likes": {"groups": [], "summary": "1 like", "count": 1}, "todo": {"count": 0}, "agreeCount": 1, "canonicalUrl": "https://foursquare.com/item/56889638498e0d8843402344", "type": "user", "user": {"gender": "male", "id": "231366", "photo": {"prefix": "https://igx.4sqi.net/img/user/", "suffix": "/231366-Q2ZSAEF50GYUXPDA.jpg"}, "firstName": "Cheen", "lastName": "The Curious"}}]}, {"reasons": {"items": [{"reasonName": "globalInteractionReason", "summary": "This spot is popular", "type": "general"}], "count": 0}, "venue": {"hereNow": {"groups": [], "summary": "Nobody here", "count": 0}, "contact": {}, "photos": {"groups": [], "count": 0}, "name": "Blk 121 Pending Road BBQ Corner", "allowMenuUrlEdit": true, "beenHere": {"lastCheckinExpiredAt": 0, "count": 0, "marked": false}, "stats": {"checkinsCount": 42, "usersCount": 19, "tipCount": 0}, "id": "4da8b1fb6e81162ae7ab6793", "categories": [{"pluralName": "BBQ Joints", "id": "4bf58dd8d48988d1df931735", "primary": true, "icon": {"prefix": "https://ss3.4sqi.net/img/categories_v2/food/bbqalt_", "suffix": ".png"}, "name": "BBQ Joint", "shortName": "BBQ"}], "location": {"formattedAddress": ["121 Pending Rd.", "Singapore"], "lat": 1.377641, "lng": 103.769791, "country": "Singapore", "distance": 234, "city": "Singapore", "cc": "SG", "address": "121 Pending Rd.", "labeledLatLngs": [{"lng": 103.769791, "label": "display", "lat": 1.377641}]}, "verified": false, "price": {"tier": 2, "currency": "$", "message": "Moderate"}}, "referralId": "e-3-4da8b1fb6e81162ae7ab6793-6"}, {"reasons": {"items": [{"reasonName": "globalInteractionReason", "summary": "This spot is popular", "type": "general"}], "count": 0}, "venue": {"hereNow": {"groups": [], "summary": "Nobody here", "count": 0}, "contact": {}, "photos": {"groups": [], "count": 0}, "name": "Eng Huat Seng Snack Bar", "allowMenuUrlEdit": true, "beenHere": {"lastCheckinExpiredAt": 0, "count": 0, "marked": false}, "stats": {"checkinsCount": 67, "usersCount": 11, "tipCount": 1}, "id": "50a9ee02e4b0370ed1ca6b5a", "categories": [{"pluralName": "Snack Places", "id": "4bf58dd8d48988d1c7941735", "primary": true, "icon": {"prefix": "https://ss3.4sqi.net/img/categories_v2/food/snacks_", "suffix": ".png"}, "name": "Snack Place", "shortName": "Snacks"}], "location": {"formattedAddress": ["Blk 257 Bangkit Road #01-59", "Singapore"], "lat": 1.3789334075261765, "lng": 103.77304810215195, "state": "Singapore", "distance": 368, "country": "Singapore", "cc": "SG", "address": "Blk 257 Bangkit Road #01-59", "labeledLatLngs": [{"lng": 103.77304810215195, "label": "display", "lat": 1.3789334075261765}]}, "verified": false, "price": {"tier": 1, "currency": "$", "message": "Cheap"}}, "referralId": "e-3-50a9ee02e4b0370ed1ca6b5a-7", "tips": [{"id": "5664d9f4498e17f7ecfab5ed", "text": "Closed on Monday", "disagreeCount": 0, "createdAt": 1449449972, "logView": true, "todo": {"count": 0}, "agreeCount": 0, "canonicalUrl": "https://foursquare.com/item/5664d9f4498e17f7ecfab5ed", "type": "user", "user": {"gender": "female", "id": "6444375", "photo": {"prefix": "https://igx.4sqi.net/img/user/", "suffix": "/ONVR42JYZWZUAGU4.jpg"}, "firstName": "Evelyn", "lastName": "Tan"}}]}, {"reasons": {"items": [{"reasonName": "globalInteractionReason", "summary": "This spot is popular", "type": "general"}], "count": 0}, "venue": {"id": "4cd68b16886cb60c1a718a89", "hereNow": {"groups": [], "summary": "Nobody here", "count": 0}, "contact": {}, "beenHere": {"lastCheckinExpiredAt": 0, "count": 0, "marked": false}, "photos": {"groups": [], "count": 0}, "name": "Soon Western Food Ayam Goreng", "location": {"formattedAddress": ["#01-01 276 Jurong West Street 25", "640276", "Singapore"], "postalCode": "640276", "lat": 1.3767937, "lng": 103.7677717, "country": "Singapore", "distance": 396, "city": "Singapore", "cc": "SG", "address": "#01-01 276 Jurong West Street 25", "labeledLatLngs": [{"lng": 103.7677717, "label": "display", "lat": 1.3767937}]}, "allowMenuUrlEdit": true, "verified": false, "categories": [{"pluralName": "Food Courts", "id": "4bf58dd8d48988d120951735", "primary": true, "icon": {"prefix": "https://ss3.4sqi.net/img/categories_v2/shops/food_foodcourt_", "suffix": ".png"}, "name": "Food Court", "shortName": "Food Court"}], "stats": {"checkinsCount": 98, "usersCount": 21, "tipCount": 1}}, "referralId": "e-3-4cd68b16886cb60c1a718a89-8", "tips": [{"id": "4cf9054295153704f7fe5f89", "text": "Nice food!! Especially the wings, chicken cutlet & chicken chop!! But price went up after coffeeshop renovated..", "disagreeCount": 0, "logView": true, "createdAt": 1291388226, "likes": {"groups": [], "summary": "6 likes", "count": 6}, "todo": {"count": 0}, "agreeCount": 1, "canonicalUrl": "https://foursquare.com/item/4cf9054295153704f7fe5f89", "type": "user", "user": {"gender": "female", "id": "3319947", "photo": {"prefix": "https://igx.4sqi.net/img/user/", "suffix": "/OBY5R3ITDW10FAHR.jpg"}, "firstName": "Sabrina", "lastName": "Oh"}}]}, {"reasons": {"items": [{"reasonName": "globalInteractionReason", "summary": "This spot is popular", "type": "general"}], "count": 0}, "venue": {"contact": {}, "photos": {"groups": [], "count": 0}, "name": "Liv2eat", "allowMenuUrlEdit": true, "beenHere": {"lastCheckinExpiredAt": 0, "count": 0, "marked": false}, "stats": {"checkinsCount": 585, "usersCount": 152, "tipCount": 1}, "id": "4c6932235be8d13ad827627a", "categories": [{"pluralName": "Food Courts", "id": "4bf58dd8d48988d120951735", "primary": true, "icon": {"prefix": "https://ss3.4sqi.net/img/categories_v2/shops/food_foodcourt_", "suffix": ".png"}, "name": "Food Court", "shortName": "Food Court"}], "location": {"formattedAddress": ["257 Bangkit Rd.", "Singapore"], "lat": 1.3794803684909265, "lng": 103.77338195067236, "country": "Singapore", "distance": 439, "city": "Singapore", "cc": "SG", "address": "257 Bangkit Rd.", "labeledLatLngs": [{"lng": 103.77338195067236, "label": "display", "lat": 1.3794803684909265}]}, "hours": {"isLocalHoliday": false, "isOpen": false}, "verified": false, "hereNow": {"groups": [], "summary": "Nobody here", "count": 0}}, "referralId": "e-3-4c6932235be8d13ad827627a-9", "tips": [{"id": "4f3cd9f4e4b08f6e582c831c", "text": "THE PLACE WHERE I BELONG", "disagreeCount": 0, "createdAt": 1329388020, "logView": true, "todo": {"count": 0}, "agreeCount": 0, "canonicalUrl": "https://foursquare.com/item/4f3cd9f4e4b08f6e582c831c", "type": "user", "user": {"gender": "female", "id": "18755877", "photo": {"prefix": "https://igx.4sqi.net/img/user/", "suffix": "/DC21A1LLP2K05IKZ.jpg"}, "firstName": "Nia", "lastName": "Kim ' Tiffany"}}]}, {"reasons": {"items": [{"reasonName": "globalInteractionReason", "summary": "This spot is popular", "type": "general"}], "count": 0}, "venue": {"contact": {}, "photos": {"groups": [], "count": 0}, "name": "Soon Western Food", "allowMenuUrlEdit": true, "beenHere": {"lastCheckinExpiredAt": 0, "count": 0, "marked": false}, "stats": {"checkinsCount": 441, "usersCount": 38, "tipCount": 3}, "id": "4d022a43e5f16ea8205aa928", "categories": [{"pluralName": "Food Courts", "id": "4bf58dd8d48988d120951735", "primary": true, "icon": {"prefix": "https://ss3.4sqi.net/img/categories_v2/shops/food_foodcourt_", "suffix": ".png"}, "name": "Food Court", "shortName": "Food Court"}], "location": {"formattedAddress": ["Blk 110 gangsa rd", "Singapore"], "lat": 1.3771893683306375, "lng": 103.76729358930913, "distance": 457, "country": "Singapore", "cc": "SG", "address": "Blk 110 gangsa rd", "labeledLatLngs": [{"lng": 103.76729358930913, "label": "display", "lat": 1.3771893683306375}]}, "hours": {"isLocalHoliday": false, "isOpen": true, "status": "Likely open"}, "verified": false, "hereNow": {"groups": [], "summary": "Nobody here", "count": 0}}, "referralId": "e-3-4d022a43e5f16ea8205aa928-10", "tips": [{"id": "4d022afe6b0c236aa1f0aca2", "text": "A must-try western food (!!!) plus it's cheap (:", "disagreeCount": 0, "logView": true, "createdAt": 1291987710, "likes": {"groups": [], "summary": "6 likes", "count": 6}, "todo": {"count": 0}, "agreeCount": 0, "canonicalUrl": "https://foursquare.com/item/4d022afe6b0c236aa1f0aca2", "type": "user", "user": {"id": "2865450", "photo": {"prefix": "https://igx.4sqi.net/img/user/", "suffix": "/2865450-KX5DRJY31G453CUH.jpg"}, "firstName": "mud", "gender": "male"}}]}, {"reasons": {"items": [{"reasonName": "globalInteractionReason", "summary": "This spot is popular", "type": "general"}], "count": 0}, "venue": {"hereNow": {"groups": [], "summary": "Nobody here", "count": 0}, "contact": {}, "photos": {"groups": [], "count": 0}, "name": "UnoDeli Cafe", "allowMenuUrlEdit": true, "beenHere": {"lastCheckinExpiredAt": 0, "count": 0, "marked": false}, "stats": {"checkinsCount": 276, "usersCount": 61, "tipCount": 3}, "id": "4d07607ca2685481e255c6bd", "categories": [{"pluralName": "Caf\u00e9s", "id": "4bf58dd8d48988d16d941735", "primary": true, "icon": {"prefix": "https://ss3.4sqi.net/img/categories_v2/food/cafe_", "suffix": ".png"}, "name": "Caf\u00e9", "shortName": "Caf\u00e9"}], "location": {"formattedAddress": ["Cashew Heights condominium", "Singapore"], "lat": 1.3739279735984598, "lng": 103.76709555244611, "distance": 525, "country": "Singapore", "cc": "SG", "address": "Cashew Heights condominium", "labeledLatLngs": [{"lng": 103.76709555244611, "label": "display", "lat": 1.3739279735984598}]}, "hours": {"isLocalHoliday": false, "isOpen": true, "status": "Likely open"}, "verified": false, "price": {"tier": 1, "currency": "$", "message": "Cheap"}}, "referralId": "e-3-4d07607ca2685481e255c6bd-11", "tips": [{"id": "4fc4537ce4b022676dbce327", "text": "Try the Fish in Teochew style, it's the best ^^", "disagreeCount": 0, "logView": true, "createdAt": 1338266492, "likes": {"groups": [], "summary": "1 like", "count": 1}, "todo": {"count": 0}, "agreeCount": 1, "canonicalUrl": "https://foursquare.com/item/4fc4537ce4b022676dbce327", "type": "user", "user": {"gender": "none", "id": "16337991", "photo": {"prefix": "https://igx.4sqi.net/img/user/", "suffix": "/16337991-ZDOFPAEOUOPE1CWN.jpg"}, "firstName": "Crissie", "lastName": "Tan"}}]}, {"reasons": {"items": [{"reasonName": "globalInteractionReason", "summary": "This spot is popular", "type": "general"}], "count": 0}, "venue": {"hereNow": {"groups": [], "summary": "Nobody here", "count": 0}, "contact": {}, "photos": {"groups": [], "count": 0}, "name": "Kimly Seafood", "allowMenuUrlEdit": true, "beenHere": {"lastCheckinExpiredAt": 0, "count": 0, "marked": false}, "stats": {"checkinsCount": 307, "usersCount": 122, "tipCount": 3}, "id": "4d0f3a68d467236a74f5bc4a", "categories": [{"pluralName": "Seafood Restaurants", "id": "4bf58dd8d48988d1ce941735", "primary": true, "icon": {"prefix": "https://ss3.4sqi.net/img/categories_v2/food/seafood_", "suffix": ".png"}, "name": "Seafood Restaurant", "shortName": "Seafood"}], "location": {"lng": 103.76468518431112, "formattedAddress": ["Choh Dee Place (163A Gangsa Rd. #01-01.)", "671163", "Singapore"], "postalCode": "671163", "lat": 1.3772682949842003, "crossStreet": "163A Gangsa Rd. #01-01.", "country": "Singapore", "distance": 743, "city": "Singapore", "cc": "SG", "address": "Choh Dee Place", "labeledLatLngs": [{"lng": 103.76468518431112, "label": "display", "lat": 1.3772682949842003}]}, "verified": false, "price": {"tier": 3, "currency": "$", "message": "Expensive"}}, "referralId": "e-3-4d0f3a68d467236a74f5bc4a-12", "tips": [{"id": "51eaef08498e7feb874616e5", "text": "the zi-char here is one of Bukit Panjang's hidden gems. consistent and at an affordable price. tip to anglers: bring your fresh catch here and they'll scale and cook it for you at a price.", "disagreeCount": 0, "createdAt": 1374351112, "logView": true, "todo": {"count": 0}, "agreeCount": 0, "canonicalUrl": "https://foursquare.com/item/51eaef08498e7feb874616e5", "type": "user", "user": {"gender": "male", "id": "7045407", "photo": {"prefix": "https://igx.4sqi.net/img/user/", "suffix": "/0YDN0SJAIQPWWSBX.jpg"}, "firstName": "Ang", "lastName": "Kai Wen"}}]}, {"reasons": {"items": [{"reasonName": "globalInteractionReason", "summary": "This spot is popular", "type": "general"}], "count": 0}, "venue": {"hereNow": {"groups": [], "summary": "Nobody here", "count": 0}, "contact": {}, "photos": {"groups": [], "count": 0}, "name": "School Canteen", "allowMenuUrlEdit": true, "beenHere": {"lastCheckinExpiredAt": 0, "count": 0, "marked": false}, "stats": {"checkinsCount": 428, "usersCount": 70, "tipCount": 0}, "id": "4d267f8c915fa093a430eb09", "categories": [{"pluralName": "Restaurants", "id": "4bf58dd8d48988d1c4941735", "primary": true, "icon": {"prefix": "https://ss3.4sqi.net/img/categories_v2/food/default_", "suffix": ".png"}, "name": "Restaurant", "shortName": "Restaurant"}], "location": {"formattedAddress": ["Greenridge Secondary School", "Singapore"], "lat": 1.3825917895887507, "lng": 103.77337063375978, "distance": 754, "country": "Singapore", "cc": "SG", "address": "Greenridge Secondary School", "labeledLatLngs": [{"lng": 103.77337063375978, "label": "display", "lat": 1.3825917895887507}]}, "hours": {"isLocalHoliday": false, "isOpen": false}, "verified": false, "price": {"tier": 2, "currency": "$", "message": "Moderate"}}, "referralId": "e-3-4d267f8c915fa093a430eb09-13"}, {"reasons": {"items": [{"reasonName": "globalInteractionReason", "summary": "This spot is popular", "type": "general"}], "count": 0}, "venue": {"contact": {}, "photos": {"groups": [], "count": 0}, "venueRatingBlacklisted": true, "name": "CDSS Canteen", "id": "4e9cdfc96c251c381dca73b6", "beenHere": {"lastCheckinExpiredAt": 0, "count": 0, "marked": false}, "stats": {"checkinsCount": 1361, "usersCount": 90, "tipCount": 1}, "allowMenuUrlEdit": true, "categories": [{"pluralName": "Cafeterias", "id": "4bf58dd8d48988d128941735", "primary": true, "icon": {"prefix": "https://ss3.4sqi.net/img/categories_v2/education/cafeteria_", "suffix": ".png"}, "name": "Cafeteria", "shortName": "Cafeteria"}], "location": {"formattedAddress": ["Chestnut Dr", "Singapore"], "lat": 1.3692486875414802, "lng": 103.77012837753468, "country": "Singapore", "distance": 777, "city": "Singapore", "cc": "SG", "address": "Chestnut Dr", "labeledLatLngs": [{"lng": 103.77012837753468, "label": "display", "lat": 1.3692486875414802}]}, "hours": {"isLocalHoliday": false, "isOpen": false}, "verified": false, "hereNow": {"groups": [], "summary": "Nobody here", "count": 0}}, "referralId": "e-3-4e9cdfc96c251c381dca73b6-14", "tips": [{"id": "4f0babd0e4b0a87afa18567a", "text": "Eat the mee rebus and mee soto!", "disagreeCount": 0, "logView": true, "createdAt": 1326164944, "likes": {"groups": [], "summary": "5 likes", "count": 5}, "todo": {"count": 0}, "agreeCount": 1, "canonicalUrl": "https://foursquare.com/item/4f0babd0e4b0a87afa18567a", "type": "user", "user": {"gender": "female", "id": "6886184", "photo": {"prefix": "https://igx.4sqi.net/img/user/", "suffix": "/0511RL1GD3LOKKNX.jpg"}, "firstName": "Adrianna", "lastName": "MarcoRoux"}}]}, {"reasons": {"items": [{"reasonName": "globalInteractionReason", "summary": "This spot is popular", "type": "general"}], "count": 0}, "venue": {"contact": {}, "photos": {"groups": [], "count": 0}, "venueRatingBlacklisted": true, "name": "Fajar Secondary School Canteen", "id": "4d6c8d467585b1f7f6df0fd5", "beenHere": {"lastCheckinExpiredAt": 0, "count": 0, "marked": false}, "stats": {"checkinsCount": 422, "usersCount": 54, "tipCount": 0}, "allowMenuUrlEdit": true, "categories": [{"pluralName": "Cafeterias", "id": "4bf58dd8d48988d128941735", "primary": true, "icon": {"prefix": "https://ss3.4sqi.net/img/categories_v2/education/cafeteria_", "suffix": ".png"}, "name": "Cafeteria", "shortName": "Cafeteria"}], "location": {"formattedAddress": ["31 Gangsa Road", "670174", "Singapore"], "postalCode": "670174", "lat": 1.37545739375761, "lng": 103.76426082820124, "country": "Singapore", "distance": 783, "city": "Singapore", "cc": "SG", "address": "31 Gangsa Road", "labeledLatLngs": [{"lng": 103.76426082820124, "label": "display", "lat": 1.37545739375761}]}, "hours": {"isLocalHoliday": false, "isOpen": false}, "verified": false, "hereNow": {"groups": [], "summary": "Nobody here", "count": 0}}, "referralId": "e-3-4d6c8d467585b1f7f6df0fd5-15"}, {"reasons": {"items": [{"reasonName": "globalInteractionReason", "summary": "This spot is popular", "type": "general"}], "count": 0}, "venue": {"id": "58b1915226a9534fe5a1a22e", "hereNow": {"groups": [], "summary": "Nobody here", "count": 0}, "contact": {}, "beenHere": {"lastCheckinExpiredAt": 0, "count": 0, "marked": false}, "photos": {"groups": [], "count": 0}, "name": "Torigo", "location": {"lng": 103.764442, "formattedAddress": ["#B1-37/38/39/40 Hillion Mall (17 Petir Road)", "Singapore"], "lat": 1.378277, "crossStreet": "17 Petir Road", "distance": 796, "country": "Singapore", "cc": "SG", "address": "#B1-37/38/39/40 Hillion Mall", "labeledLatLngs": [{"lng": 103.764442, "label": "display", "lat": 1.378277}]}, "allowMenuUrlEdit": true, "verified": false, "categories": [{"pluralName": "Comfort Food Restaurants", "id": "52e81612bcbc57f1066b7a00", "primary": true, "icon": {"prefix": "https://ss3.4sqi.net/img/categories_v2/food/default_", "suffix": ".png"}, "name": "Comfort Food Restaurant", "shortName": "Comfort Food"}], "stats": {"checkinsCount": 40, "usersCount": 37, "tipCount": 0}}, "referralId": "e-3-58b1915226a9534fe5a1a22e-16"}], "name": "recommended", "type": "Recommended Places"}], "query": "food", "headerLocation": "Bukit Panjang"}}