{"meta": {"code": 200, "requestId": "595a3bda9fb6b77b938ca8d5"}, "response": {"suggestedFilters": {"filters": [{"name": "Open now", "key": "openNow"}], "header": "Tap to show:"}, "totalResults": 110, "headerFullLocation": "Serangoon, Singapore", "headerLocationGranularity": "neighborhood", "suggestedBounds": {"ne": {"lng": 103.87955665055092, "lat": 1.357795263643337}, "sw": {"lng": 103.86517952845107, "lat": 1.3433952492433228}}, "groups": [{"items": [{"reasons": {"items": [{"reasonName": "globalInteractionReason", "summary": "This spot is popular", "type": "general"}], "count": 0}, "venue": {"hereNow": {"groups": [{"items": [], "name": "Other people here", "count": 1, "type": "others"}], "summary": "One other person is here", "count": 1}, "contact": {"phone": "+6566347628", "formattedPhone": "+65 6634 7628"}, "photos": {"groups": [], "count": 0}, "rating": 5.5, "name": "Ajisen Gourmet Town", "ratingSignals": 51, "allowMenuUrlEdit": true, "categories": [{"pluralName": "Japanese Restaurants", "id": "4bf58dd8d48988d111941735", "primary": true, "icon": {"prefix": "https://ss3.4sqi.net/img/categories_v2/food/japanese_", "suffix": ".png"}, "name": "Japanese Restaurant", "shortName": "Japanese"}], "stats": {"checkinsCount": 3610, "usersCount": 2465, "tipCount": 26}, "id": "4d0b52cf6c51a143f075a935", "beenHere": {"lastCheckinExpiredAt": 0, "count": 0, "marked": false}, "ratingColor": "FF9600", "location": {"lng": 103.87266208949167, "formattedAddress": ["#03-06/07 nex (23 Serangoon Central)", "556083", "Singapore"], "postalCode": "556083", "lat": 1.3507798068018633, "crossStreet": "23 Serangoon Central", "country": "Singapore", "distance": 38, "city": "Singapore", "cc": "SG", "address": "#03-06/07 nex", "labeledLatLngs": [{"lng": 103.87266208949167, "label": "display", "lat": 1.3507798068018633}]}, "hours": {"isLocalHoliday": false, "isOpen": true, "status": "Likely open"}, "verified": false, "price": {"tier": 2, "currency": "$", "message": "Moderate"}}, "referralId": "e-3-4d0b52cf6c51a143f075a935-50", "tips": [{"id": "4d1729106d1037045d0d35bd", "text": "service sux", "disagreeCount": 0, "logView": true, "createdAt": 1293363472, "likes": {"groups": [], "summary": "3 likes", "count": 3}, "todo": {"count": 0}, "agreeCount": 1, "canonicalUrl": "https://foursquare.com/item/4d1729106d1037045d0d35bd", "type": "user", "user": {"gender": "female", "id": "2554457", "photo": {"prefix": "https://igx.4sqi.net/img/user/", "suffix": "/2554457-3NH5Z0J0FETCOCFV.jpg"}, "firstName": "wu", "lastName": "gui"}}]}, {"reasons": {"items": [{"reasonName": "globalInteractionReason", "summary": "This spot is popular", "type": "general"}], "count": 0}, "venue": {"hereNow": {"groups": [], "summary": "Nobody here", "count": 0}, "contact": {}, "photos": {"groups": [], "count": 0}, "name": "Tori Q Japanese Yakitori", "allowMenuUrlEdit": true, "beenHere": {"lastCheckinExpiredAt": 0, "count": 0, "marked": false}, "stats": {"checkinsCount": 49, "usersCount": 36, "tipCount": 0}, "id": "57f8da0c498ea2b99976d69f", "categories": [{"pluralName": "Japanese Restaurants", "id": "4bf58dd8d48988d111941735", "primary": true, "icon": {"prefix": "https://ss3.4sqi.net/img/categories_v2/food/japanese_", "suffix": ".png"}, "name": "Japanese Restaurant", "shortName": "Japanese"}], "location": {"formattedAddress": ["#B2-52 nex", "556083", "Singapore"], "postalCode": "556083", "lat": 1.350735, "lng": 103.872896, "state": "Singapore", "distance": 60, "country": "Singapore", "cc": "SG", "address": "#B2-52 nex", "labeledLatLngs": [{"lng": 103.872896, "label": "display", "lat": 1.350735}]}, "verified": false, "price": {"tier": 2, "currency": "$", "message": "Moderate"}}, "referralId": "e-3-57f8da0c498ea2b99976d69f-51"}, {"reasons": {"items": [{"reasonName": "globalInteractionReason", "summary": "This spot is popular", "type": "general"}], "count": 0}, "venue": {"id": "4f9e50f1e4b04a1eee54fe35", "hereNow": {"groups": [], "summary": "Nobody here", "count": 0}, "contact": {}, "beenHere": {"lastCheckinExpiredAt": 0, "count": 0, "marked": false}, "photos": {"groups": [], "count": 0}, "name": "Wisma Wah Eng Beef House", "location": {"formattedAddress": ["NEX FOOD JUNCTION L4", "Singapore"], "lat": 1.3502564624897628, "lng": 103.87292823226993, "distance": 72, "country": "Singapore", "cc": "SG", "address": "NEX FOOD JUNCTION L4", "labeledLatLngs": [{"lng": 103.87292823226993, "label": "display", "lat": 1.3502564624897628}]}, "allowMenuUrlEdit": true, "verified": false, "categories": [{"pluralName": "Food Courts", "id": "4bf58dd8d48988d120951735", "primary": true, "icon": {"prefix": "https://ss3.4sqi.net/img/categories_v2/shops/food_foodcourt_", "suffix": ".png"}, "name": "Food Court", "shortName": "Food Court"}], "stats": {"checkinsCount": 56, "usersCount": 20, "tipCount": 0}}, "referralId": "e-3-4f9e50f1e4b04a1eee54fe35-52"}, {"reasons": {"items": [{"reasonName": "globalInteractionReason", "summary": "This spot is popular", "type": "general"}], "count": 0}, "venue": {"hereNow": {"groups": [], "summary": "Nobody here", "count": 0}, "contact": {}, "photos": {"groups": [], "count": 0}, "name": "Toast@Work", "allowMenuUrlEdit": true, "beenHere": {"lastCheckinExpiredAt": 0, "count": 0, "marked": false}, "stats": {"checkinsCount": 124, "usersCount": 54, "tipCount": 1}, "id": "4cff471b75d3236a7565e4f7", "categories": [{"pluralName": "Caf\u00e9s", "id": "4bf58dd8d48988d16d941735", "primary": true, "icon": {"prefix": "https://ss3.4sqi.net/img/categories_v2/food/cafe_", "suffix": ".png"}, "name": "Caf\u00e9", "shortName": "Caf\u00e9"}], "location": {"lng": 103.872932, "formattedAddress": ["#04-36/37, NEX (23 Serangoon Central)", "556083", "Singapore"], "postalCode": "556083", "lat": 1.350452925, "crossStreet": "23 Serangoon Central", "country": "Singapore", "distance": 64, "city": "Singapore", "cc": "SG", "address": "#04-36/37, NEX", "labeledLatLngs": [{"lng": 103.872932, "label": "display", "lat": 1.350452925}]}, "verified": false, "price": {"tier": 1, "currency": "$", "message": "Cheap"}}, "referralId": "e-3-4cff471b75d3236a7565e4f7-53", "tips": [{"id": "4e7966bb483b48648ba7655a", "text": "Shoukd try the ice coffee here! Dope shittt!!", "disagreeCount": 0, "logView": true, "createdAt": 1316579003, "likes": {"groups": [], "summary": "1 like", "count": 1}, "todo": {"count": 0}, "agreeCount": 1, "canonicalUrl": "https://foursquare.com/item/4e7966bb483b48648ba7655a", "type": "user", "user": {"gender": "male", "id": "1141668", "photo": {"prefix": "https://igx.4sqi.net/img/user/", "suffix": "/1141668-H1ZIFJH3JHTQJN1F.jpg"}, "firstName": "Shunsuke", "lastName": "Mizamura"}}]}, {"reasons": {"items": [{"reasonName": "globalInteractionReason", "summary": "This spot is popular", "type": "general"}], "count": 0}, "venue": {"hereNow": {"groups": [], "summary": "Nobody here", "count": 0}, "contact": {}, "photos": {"groups": [], "count": 0}, "name": "Lu Gang Xiao Zhen", "allowMenuUrlEdit": true, "beenHere": {"lastCheckinExpiredAt": 0, "count": 0, "marked": false}, "stats": {"checkinsCount": 54, "usersCount": 50, "tipCount": 1}, "id": "4cf4e3d41c158cfa9efce5b5", "categories": [{"pluralName": "Chinese Restaurants", "id": "4bf58dd8d48988d145941735", "primary": true, "icon": {"prefix": "https://ss3.4sqi.net/img/categories_v2/food/asian_", "suffix": ".png"}, "name": "Chinese Restaurant", "shortName": "Chinese"}], "location": {"lng": 103.8722562789917, "formattedAddress": ["#B1-73/74, nex (23 Serangoon Central)", "556083", "Singapore"], "postalCode": "556083", "lat": 1.3512896309750912, "crossStreet": "23 Serangoon Central", "country": "Singapore", "distance": 78, "city": "Singapore", "cc": "SG", "address": "#B1-73/74, nex", "labeledLatLngs": [{"lng": 103.8722562789917, "label": "display", "lat": 1.3512896309750912}]}, "verified": false, "price": {"tier": 1, "currency": "$", "message": "Cheap"}}, "referralId": "e-3-4cf4e3d41c158cfa9efce5b5-54", "tips": [{"id": "4e2ea4911f6ed9df9017563c", "text": "Must tries are the roast duck and roast chicken if avail !", "disagreeCount": 0, "createdAt": 1311679633, "logView": true, "todo": {"count": 0}, "agreeCount": 0, "canonicalUrl": "https://foursquare.com/item/4e2ea4911f6ed9df9017563c", "type": "user", "user": {"gender": "female", "id": "1030899", "photo": {"prefix": "https://igx.4sqi.net/img/user/", "suffix": "/JMEG4LQ5TM1RT2VF.jpg"}, "firstName": "Melissa", "lastName": "Clare"}}]}, {"reasons": {"items": [{"reasonName": "globalInteractionReason", "summary": "This spot is popular", "type": "general"}], "count": 0}, "venue": {"hereNow": {"groups": [], "summary": "Nobody here", "count": 0}, "contact": {"facebook": "179182828899054", "facebookUsername": "BeardPapaSingapore", "facebookName": "Beard Papa Singapore", "phone": "+6563360800", "formattedPhone": "+65 6336 0800"}, "photos": {"groups": [], "count": 0}, "name": "Beard Papa", "allowMenuUrlEdit": true, "beenHere": {"lastCheckinExpiredAt": 0, "count": 0, "marked": false}, "stats": {"checkinsCount": 195, "usersCount": 107, "tipCount": 1}, "id": "4cea1a3cf3bda143bcfbc3e4", "categories": [{"pluralName": "Snack Places", "id": "4bf58dd8d48988d1c7941735", "primary": true, "icon": {"prefix": "https://ss3.4sqi.net/img/categories_v2/food/snacks_", "suffix": ".png"}, "name": "Snack Place", "shortName": "Snacks"}], "location": {"lng": 103.8728602808729, "formattedAddress": ["#03-K15, nex (23 Serangoon Central)", "556083", "Singapore"], "postalCode": "556083", "lat": 1.350669085500948, "crossStreet": "23 Serangoon Central", "country": "Singapore", "distance": 55, "city": "Singapore", "cc": "SG", "address": "#03-K15, nex", "labeledLatLngs": [{"lng": 103.8728602808729, "label": "display", "lat": 1.350669085500948}]}, "verified": false, "price": {"tier": 1, "currency": "$", "message": "Cheap"}}, "referralId": "e-3-4cea1a3cf3bda143bcfbc3e4-55", "tips": [{"id": "4eecbb616da1536879c9b7c4", "text": "The papa made cakes and stick them with his Beard! :X", "disagreeCount": 0, "createdAt": 1324137313, "logView": true, "todo": {"count": 0}, "agreeCount": 0, "canonicalUrl": "https://foursquare.com/item/4eecbb616da1536879c9b7c4", "type": "user", "user": {"gender": "male", "id": "3890217", "photo": {"prefix": "https://igx.4sqi.net/img/user/", "suffix": "/3890217-XWRM2JJGY5INFWPX.jpg"}, "firstName": "Sean", "lastName": "Momo"}}]}, {"reasons": {"items": [{"reasonName": "globalInteractionReason", "summary": "This spot is popular", "type": "general"}], "count": 0}, "venue": {"hereNow": {"groups": [], "summary": "Nobody here", "count": 0}, "contact": {}, "photos": {"groups": [], "count": 0}, "name": "Dae Bak Korean Restaurant", "allowMenuUrlEdit": true, "beenHere": {"lastCheckinExpiredAt": 0, "count": 0, "marked": false}, "stats": {"checkinsCount": 194, "usersCount": 129, "tipCount": 2}, "id": "4f9a750ee4b0b38d2e1467b4", "categories": [{"pluralName": "Korean Restaurants", "id": "4bf58dd8d48988d113941735", "primary": true, "icon": {"prefix": "https://ss3.4sqi.net/img/categories_v2/food/korean_", "suffix": ".png"}, "name": "Korean Restaurant", "shortName": "Korean"}], "location": {"lng": 103.87274702861977, "formattedAddress": ["Nex (Serangoon)", "Singapore"], "lat": 1.3501768213390968, "crossStreet": "Serangoon", "state": "Singapore", "distance": 62, "country": "Singapore", "cc": "SG", "address": "Nex", "labeledLatLngs": [{"lng": 103.87274702861977, "label": "display", "lat": 1.3501768213390968}]}, "verified": false, "price": {"tier": 2, "currency": "$", "message": "Moderate"}}, "referralId": "e-3-4f9a750ee4b0b38d2e1467b4-56", "tips": [{"id": "50b1ad74e4b03ca4f575f77c", "text": "Food is cheap..you get what you pay for..so don't expect too much. The bean paste soup is not authentic. I think it's safer to go for the hot plate meat", "disagreeCount": 0, "createdAt": 1353821556, "logView": true, "todo": {"count": 0}, "agreeCount": 0, "canonicalUrl": "https://foursquare.com/item/50b1ad74e4b03ca4f575f77c", "type": "user", "user": {"id": "29928930", "photo": {"prefix": "https://igx.4sqi.net/img/user/", "suffix": "/29928930-50AT5HRSMXPKRAX3.jpg"}, "firstName": "Nic", "gender": "male"}}]}, {"reasons": {"items": [{"reasonName": "globalInteractionReason", "summary": "This spot is popular", "type": "general"}], "count": 0}, "venue": {"hereNow": {"groups": [], "summary": "Nobody here", "count": 0}, "contact": {}, "photos": {"groups": [], "count": 0}, "name": "Mr Bean", "allowMenuUrlEdit": true, "beenHere": {"lastCheckinExpiredAt": 0, "count": 0, "marked": false}, "stats": {"checkinsCount": 249, "usersCount": 121, "tipCount": 1}, "id": "4ed969cc775bcc53f95e7bd6", "categories": [{"pluralName": "Caf\u00e9s", "id": "4bf58dd8d48988d16d941735", "primary": true, "icon": {"prefix": "https://ss3.4sqi.net/img/categories_v2/food/cafe_", "suffix": ".png"}, "name": "Caf\u00e9", "shortName": "Caf\u00e9"}], "location": {"formattedAddress": ["NEX 23 Serangoon Central", "Singapore"], "lat": 1.3500903670047637, "lng": 103.87275835384087, "country": "Singapore", "distance": 71, "city": "Singapore", "cc": "SG", "address": "NEX 23 Serangoon Central", "labeledLatLngs": [{"lng": 103.87275835384087, "label": "display", "lat": 1.3500903670047637}]}, "verified": false, "price": {"tier": 1, "currency": "$", "message": "Cheap"}}, "referralId": "e-3-4ed969cc775bcc53f95e7bd6-57", "tips": [{"id": "523c3c91498eb802a945ed33", "text": "Strawberry cheese pancake and pineapple pie is sooo good :)", "disagreeCount": 0, "createdAt": 1379679377, "logView": true, "todo": {"count": 0}, "agreeCount": 0, "canonicalUrl": "https://foursquare.com/item/523c3c91498eb802a945ed33", "type": "user", "user": {"gender": "female", "id": "56420326", "photo": {"prefix": "https://igx.4sqi.net/img/user/", "suffix": "/BEYIL0G4ZGDLUVG2.jpg"}, "firstName": "Nia Kurniati", "lastName": "Junaeni"}}]}, {"reasons": {"items": [{"reasonName": "globalInteractionReason", "summary": "This spot is popular", "type": "general"}], "count": 0}, "venue": {"hereNow": {"groups": [{"items": [], "name": "Other people here", "count": 1, "type": "others"}], "summary": "One other person is here", "count": 1}, "contact": {"phone": "+6566340014", "formattedPhone": "+65 6634 0014"}, "photos": {"groups": [], "count": 0}, "name": "Ch\u00e2terais\u00e9", "allowMenuUrlEdit": true, "beenHere": {"lastCheckinExpiredAt": 0, "count": 0, "marked": false}, "stats": {"checkinsCount": 80, "usersCount": 51, "tipCount": 0}, "id": "581705af38fa16f5c31aa42d", "categories": [{"pluralName": "Bakeries", "id": "4bf58dd8d48988d16a941735", "primary": true, "icon": {"prefix": "https://ss3.4sqi.net/img/categories_v2/food/bakery_", "suffix": ".png"}, "name": "Bakery", "shortName": "Bakery"}], "location": {"formattedAddress": ["23 Serangoon Central Nex #B2-49A", "556083", "Singapore"], "postalCode": "556083", "lat": 1.3493898, "lng": 103.87233, "distance": 134, "country": "Singapore", "cc": "SG", "address": "23 Serangoon Central Nex #B2-49A", "labeledLatLngs": [{"lng": 103.87233, "label": "display", "lat": 1.3493898}]}, "verified": false, "price": {"tier": 1, "currency": "$", "message": "Cheap"}}, "referralId": "e-3-581705af38fa16f5c31aa42d-58"}, {"reasons": {"items": [{"reasonName": "globalInteractionReason", "summary": "This spot is popular", "type": "general"}], "count": 0}, "venue": {"hereNow": {"groups": [], "summary": "Nobody here", "count": 0}, "contact": {"phone": "+6566344568", "formattedPhone": "+65 6634 4568"}, "photos": {"groups": [], "count": 0}, "name": "Kuriya Fish Market", "allowMenuUrlEdit": true, "beenHere": {"lastCheckinExpiredAt": 0, "count": 0, "marked": false}, "stats": {"checkinsCount": 265, "usersCount": 95, "tipCount": 3}, "id": "4d04ce4f9d33a143cf4dbd78", "categories": [{"pluralName": "Japanese Restaurants", "id": "4bf58dd8d48988d111941735", "primary": true, "icon": {"prefix": "https://ss3.4sqi.net/img/categories_v2/food/japanese_", "suffix": ".png"}, "name": "Japanese Restaurant", "shortName": "Japanese"}], "url": "http://www.kuriyafishmarket.com.sg/", "location": {"lng": 103.87274136600959, "formattedAddress": ["#B1-03 NEX (23 Serangoon Central)", "556083", "Singapore"], "postalCode": "556083", "lat": 1.3491991305271067, "crossStreet": "23 Serangoon Central", "country": "Singapore", "distance": 160, "city": "Singapore", "cc": "SG", "address": "#B1-03 NEX", "labeledLatLngs": [{"lng": 103.87274136600959, "label": "display", "lat": 1.3491991305271067}]}, "hours": {"isLocalHoliday": false, "isOpen": true, "status": "Open until 9:30 PM"}, "verified": false, "price": {"tier": 2, "currency": "$", "message": "Moderate"}}, "referralId": "e-3-4d04ce4f9d33a143cf4dbd78-59", "tips": [{"todo": {"count": 0}, "id": "5073e769e4b07ac4789fdc68", "text": "Come around 8.30pm - all sushi and sashimi at 30% off when you purchase $5 and  abv. The earlier you come the better range of sushi you can get. Be quick! :)", "disagreeCount": 0, "createdAt": 1349773161, "logView": true, "editedAt": 1353859470, "agreeCount": 0, "canonicalUrl": "https://foursquare.com/item/5073e769e4b07ac4789fdc68", "type": "user", "user": {"gender": "female", "id": "1158539", "photo": {"prefix": "https://igx.4sqi.net/img/user/", "suffix": "/1158539-03T20IMZJRSOYGFI"}, "firstName": "Shermin", "lastName": "Wu"}}]}, {"reasons": {"items": [{"reasonName": "globalInteractionReason", "summary": "This spot is popular", "type": "general"}], "count": 0}, "venue": {"id": "4f37935ce4b0e313d3aefc14", "hereNow": {"groups": [], "summary": "Nobody here", "count": 0}, "contact": {}, "beenHere": {"lastCheckinExpiredAt": 0, "count": 0, "marked": false}, "photos": {"groups": [], "count": 0}, "name": "Fu Xiang Kitchen", "location": {"lng": 103.87267341470569, "formattedAddress": ["Food Junction #04-36/37, nex (23 Serangoon Central)", "Singapore"], "lat": 1.3505371967156006, "crossStreet": "23 Serangoon Central", "country": "Singapore", "distance": 34, "city": "Singapore", "cc": "SG", "address": "Food Junction #04-36/37, nex", "labeledLatLngs": [{"lng": 103.87267341470569, "label": "display", "lat": 1.3505371967156006}]}, "allowMenuUrlEdit": true, "verified": false, "categories": [{"pluralName": "Food Courts", "id": "4bf58dd8d48988d120951735", "primary": true, "icon": {"prefix": "https://ss3.4sqi.net/img/categories_v2/shops/food_foodcourt_", "suffix": ".png"}, "name": "Food Court", "shortName": "Food Court"}], "stats": {"checkinsCount": 56, "usersCount": 32, "tipCount": 1}}, "referralId": "e-3-4f37935ce4b0e313d3aefc14-60", "tips": [{"id": "50f24a9be4b00ee584e4a87e", "text": "Long queue for Curry Chicken.", "disagreeCount": 0, "createdAt": 1358056091, "logView": true, "todo": {"count": 0}, "agreeCount": 0, "canonicalUrl": "https://foursquare.com/item/50f24a9be4b00ee584e4a87e", "type": "user", "user": {"gender": "male", "id": "6628968", "photo": {"prefix": "https://igx.4sqi.net/img/user/", "suffix": "/2ACYGBHG4UYS3SYS.jpg"}, "firstName": "Kevin", "lastName": "Fobrogo"}}]}, {"reasons": {"items": [{"reasonName": "globalInteractionReason", "summary": "This spot is popular", "type": "general"}], "count": 0}, "venue": {"hereNow": {"groups": [], "summary": "Nobody here", "count": 0}, "contact": {"facebook": "639319639435974", "facebookUsername": "greendotsg", "facebookName": "Greendot Singapore", "phone": "+6590705911", "formattedPhone": "+65 9070 5911"}, "photos": {"groups": [], "count": 0}, "menu": {"mobileUrl": "http://www.greendot.sg/menu/", "externalUrl": "http://www.greendot.sg/menu/", "url": "http://www.greendot.sg/menu/", "anchor": "View Menu", "label": "Menu", "type": "Menu"}, "name": "Greendot", "allowMenuUrlEdit": true, "categories": [{"pluralName": "Vegetarian / Vegan Restaurants", "id": "4bf58dd8d48988d1d3941735", "primary": true, "icon": {"prefix": "https://ss3.4sqi.net/img/categories_v2/food/vegetarian_", "suffix": ".png"}, "name": "Vegetarian / Vegan Restaurant", "shortName": "Vegetarian / Vegan"}], "stats": {"checkinsCount": 170, "usersCount": 88, "tipCount": 3}, "id": "5760da3d498ed29e475fbd66", "beenHere": {"lastCheckinExpiredAt": 0, "count": 0, "marked": false}, "url": "http://www.greendot.sg", "location": {"lat": 1.3504497, "distance": 42, "country": "Singapore", "cc": "SG", "crossStreet": "23 Serangoon Central", "formattedAddress": ["#02-K2/K3/K4, nex (23 Serangoon Central)", "556083", "Singapore"], "neighborhood": "Serangoon, Singapore", "city": "Singapore", "lng": 103.87272, "labeledLatLngs": [{"lng": 103.87272, "label": "display", "lat": 1.3504497}], "address": "#02-K2/K3/K4, nex", "postalCode": "556083"}, "hours": {"isLocalHoliday": false, "isOpen": true, "status": "Open until 9:00 PM"}, "verified": false, "price": {"tier": 2, "currency": "$", "message": "Moderate"}}, "referralId": "e-3-5760da3d498ed29e475fbd66-61", "tips": [{"id": "5944aad4fdb9a7271df18939", "text": "Yummy lunch options! I just wish their noodles weren't so soft.", "disagreeCount": 0, "createdAt": 1497672404, "logView": true, "todo": {"count": 0}, "agreeCount": 0, "canonicalUrl": "https://foursquare.com/item/5944aad4fdb9a7271df18939", "type": "user", "user": {"gender": "female", "id": "1973074", "photo": {"prefix": "https://igx.4sqi.net/img/user/", "suffix": "/N2TAR4AZM2VDJ5GN.jpg"}, "firstName": "Adrienne", "lastName": "M"}}]}, {"reasons": {"items": [{"reasonName": "globalInteractionReason", "summary": "This spot is popular", "type": "general"}], "count": 0}, "venue": {"hereNow": {"groups": [], "summary": "Nobody here", "count": 0}, "contact": {}, "photos": {"groups": [], "count": 0}, "name": "Hong Kong Cafe", "allowMenuUrlEdit": true, "beenHere": {"lastCheckinExpiredAt": 0, "count": 0, "marked": false}, "stats": {"checkinsCount": 34, "usersCount": 31, "tipCount": 1}, "id": "528df7ea498ef74ebece5bb3", "categories": [{"pluralName": "Chinese Restaurants", "id": "4bf58dd8d48988d145941735", "primary": true, "icon": {"prefix": "https://ss3.4sqi.net/img/categories_v2/food/asian_", "suffix": ".png"}, "name": "Chinese Restaurant", "shortName": "Chinese"}], "location": {"formattedAddress": ["Serangoon NEX", "Singapore"], "lat": 1.3504618587832313, "lng": 103.87323967660629, "distance": 98, "country": "Singapore", "cc": "SG", "address": "Serangoon NEX", "labeledLatLngs": [{"lng": 103.87323967660629, "label": "display", "lat": 1.3504618587832313}]}, "verified": false, "price": {"tier": 1, "currency": "$", "message": "Cheap"}}, "referralId": "e-3-528df7ea498ef74ebece5bb3-62", "tips": [{"id": "52d24ae5498eba87ecf14637", "text": "The Milk Tea here is awesome!", "disagreeCount": 0, "createdAt": 1389513445, "logView": true, "todo": {"count": 0}, "agreeCount": 0, "canonicalUrl": "https://foursquare.com/item/52d24ae5498eba87ecf14637", "type": "user", "user": {"gender": "male", "id": "18539056", "photo": {"prefix": "https://igx.4sqi.net/img/user/", "suffix": "/4THYB3RQ342T3RYX.jpg"}, "firstName": "Yi Jie", "lastName": "Toh"}}]}, {"reasons": {"items": [{"reasonName": "globalInteractionReason", "summary": "This spot is popular", "type": "general"}], "count": 0}, "venue": {"hereNow": {"groups": [], "summary": "Nobody here", "count": 0}, "contact": {}, "photos": {"groups": [], "count": 0}, "name": "Movie Bites @ Shaw Nex", "allowMenuUrlEdit": true, "beenHere": {"lastCheckinExpiredAt": 0, "count": 0, "marked": false}, "stats": {"checkinsCount": 122, "usersCount": 67, "tipCount": 0}, "id": "4e74442e483b0cf5ec378899", "categories": [{"pluralName": "Hot Dog Joints", "id": "4bf58dd8d48988d16f941735", "primary": true, "icon": {"prefix": "https://ss3.4sqi.net/img/categories_v2/food/hotdog_", "suffix": ".png"}, "name": "Hot Dog Joint", "shortName": "Hot Dogs"}], "location": {"formattedAddress": ["23 Serangoon Central #04", "Singapore"], "lat": 1.3506353538926192, "lng": 103.87251377105713, "country": "Singapore", "distance": 16, "city": "Singapore", "cc": "SG", "address": "23 Serangoon Central #04", "labeledLatLngs": [{"lng": 103.87251377105713, "label": "display", "lat": 1.3506353538926192}]}, "verified": false, "price": {"tier": 1, "currency": "$", "message": "Cheap"}}, "referralId": "e-3-4e74442e483b0cf5ec378899-63"}, {"reasons": {"items": [{"reasonName": "globalInteractionReason", "summary": "This spot is popular", "type": "general"}], "count": 0}, "venue": {"hereNow": {"groups": [], "summary": "Nobody here", "count": 0}, "contact": {}, "photos": {"groups": [], "count": 0}, "name": "Mugiya", "allowMenuUrlEdit": true, "beenHere": {"lastCheckinExpiredAt": 0, "count": 0, "marked": false}, "stats": {"checkinsCount": 50, "usersCount": 15, "tipCount": 4}, "id": "5516ceb1498ea63bf9695fca", "categories": [{"pluralName": "Bakeries", "id": "4bf58dd8d48988d16a941735", "primary": true, "icon": {"prefix": "https://ss3.4sqi.net/img/categories_v2/food/bakery_", "suffix": ".png"}, "name": "Bakery", "shortName": "Bakery"}], "location": {"formattedAddress": ["B1-44 nex", "Singapore"], "lat": 1.3497272654142158, "lng": 103.87331895346004, "distance": 143, "country": "Singapore", "cc": "SG", "address": "B1-44 nex", "labeledLatLngs": [{"lng": 103.87331895346004, "label": "display", "lat": 1.3497272654142158}]}, "verified": false, "price": {"tier": 1, "currency": "$", "message": "Cheap"}}, "referralId": "e-3-5516ceb1498ea63bf9695fca-64", "tips": [{"id": "579cbb90498ea7091f7de9c1", "text": "Bolo bun is so good", "disagreeCount": 0, "createdAt": 1469889424, "logView": true, "todo": {"count": 0}, "agreeCount": 0, "canonicalUrl": "https://foursquare.com/item/579cbb90498ea7091f7de9c1", "type": "user", "user": {"id": "52115076", "photo": {"prefix": "https://igx.4sqi.net/img/user/", "suffix": "/52115076-5ZD1FLBUYRU1Q5HF.jpg"}, "firstName": "\u51b0\u6dc7\u6dcb", "gender": "male"}}]}, {"reasons": {"items": [{"reasonName": "globalInteractionReason", "summary": "This spot is popular", "type": "general"}], "count": 0}, "venue": {"hereNow": {"groups": [], "summary": "Nobody here", "count": 0}, "contact": {}, "photos": {"groups": [], "count": 0}, "name": "Thye Hong Fried Prawn Noodles", "allowMenuUrlEdit": true, "beenHere": {"lastCheckinExpiredAt": 0, "count": 0, "marked": false}, "stats": {"checkinsCount": 52, "usersCount": 39, "tipCount": 0}, "id": "4d566630b4deb1f7c228107a", "categories": [{"pluralName": "Chinese Restaurants", "id": "4bf58dd8d48988d145941735", "primary": true, "icon": {"prefix": "https://ss3.4sqi.net/img/categories_v2/food/asian_", "suffix": ".png"}, "name": "Chinese Restaurant", "shortName": "Chinese"}], "location": {"formattedAddress": ["Food Republic, Nex", "Singapore"], "lat": 1.351271, "lng": 103.872383, "country": "Singapore", "distance": 75, "city": "Singapore", "cc": "SG", "address": "Food Republic, Nex", "labeledLatLngs": [{"lng": 103.872383, "label": "display", "lat": 1.351271}]}, "verified": false, "price": {"tier": 1, "currency": "$", "message": "Cheap"}}, "referralId": "e-3-4d566630b4deb1f7c228107a-65"}, {"reasons": {"items": [{"reasonName": "globalInteractionReason", "summary": "This spot is popular", "type": "general"}], "count": 0}, "venue": {"hereNow": {"groups": [], "summary": "Nobody here", "count": 0}, "contact": {}, "photos": {"groups": [], "count": 0}, "name": "Penang Culture (Street Food Paradise) @ Nex", "allowMenuUrlEdit": true, "beenHere": {"lastCheckinExpiredAt": 0, "count": 0, "marked": false}, "stats": {"checkinsCount": 93, "usersCount": 73, "tipCount": 4}, "id": "57f73bd7498e3aa8786cf66e", "categories": [{"pluralName": "Asian Restaurants", "id": "4bf58dd8d48988d142941735", "primary": true, "icon": {"prefix": "https://ss3.4sqi.net/img/categories_v2/food/asian_", "suffix": ".png"}, "name": "Asian Restaurant", "shortName": "Asian"}], "location": {"formattedAddress": ["23 Serangoon Central - NEX #B1-76", "556083", "Singapore"], "postalCode": "556083", "lat": 1.3504142, "lng": 103.87274, "distance": 46, "country": "Singapore", "cc": "SG", "address": "23 Serangoon Central - NEX #B1-76", "labeledLatLngs": [{"lng": 103.87274, "label": "display", "lat": 1.3504142}]}, "verified": false, "price": {"tier": 2, "currency": "$", "message": "Moderate"}}, "referralId": "e-3-57f73bd7498e3aa8786cf66e-66", "tips": [{"id": "58fc9e77135b394a0e53bd6f", "text": "Hokkien mee has chicken meat that tastes stale. Fried kuay teow is salty & not tasty. Quality has dropped since they first opened.", "disagreeCount": 0, "createdAt": 1492950647, "logView": true, "todo": {"count": 0}, "agreeCount": 0, "canonicalUrl": "https://foursquare.com/item/58fc9e77135b394a0e53bd6f", "type": "user", "user": {"id": "10224886", "photo": {"prefix": "https://igx.4sqi.net/img/user/", "suffix": "/WSTGKEHIUX033DCU.jpg"}, "firstName": "MAC", "gender": "none"}}]}, {"reasons": {"items": [{"reasonName": "globalInteractionReason", "summary": "This spot is popular", "type": "general"}], "count": 0}, "venue": {"hereNow": {"groups": [], "summary": "Nobody here", "count": 0}, "contact": {}, "photos": {"groups": [], "count": 0}, "name": "Snowman Churros & Icecream", "allowMenuUrlEdit": true, "beenHere": {"lastCheckinExpiredAt": 0, "count": 0, "marked": false}, "stats": {"checkinsCount": 77, "usersCount": 55, "tipCount": 0}, "id": "555c721f498e86f0d8363d42", "categories": [{"pluralName": "Korean Restaurants", "id": "4bf58dd8d48988d113941735", "primary": true, "icon": {"prefix": "https://ss3.4sqi.net/img/categories_v2/food/korean_", "suffix": ".png"}, "name": "Korean Restaurant", "shortName": "Korean"}], "location": {"formattedAddress": ["23 Serangoon Central #02-04 NEX, Singapore", "556083", "Singapore"], "postalCode": "556083", "lat": 1.3508063796562069, "lng": 103.87193727775089, "distance": 53, "country": "Singapore", "cc": "SG", "address": "23 Serangoon Central #02-04 NEX, Singapore", "labeledLatLngs": [{"lng": 103.87193727775089, "label": "display", "lat": 1.3508063796562069}]}, "verified": false, "price": {"tier": 2, "currency": "$", "message": "Moderate"}}, "referralId": "e-3-555c721f498e86f0d8363d42-67"}, {"reasons": {"items": [{"reasonName": "globalInteractionReason", "summary": "This spot is popular", "type": "general"}], "count": 0}, "venue": {"hereNow": {"groups": [], "summary": "Nobody here", "count": 0}, "contact": {}, "photos": {"groups": [], "count": 0}, "name": "\u9999\u6e2f\u8857\u798f\u8bb0\u9c7c\u5934\u7089", "allowMenuUrlEdit": true, "beenHere": {"lastCheckinExpiredAt": 0, "count": 0, "marked": false}, "stats": {"checkinsCount": 225, "usersCount": 93, "tipCount": 2}, "id": "4c273555f1272d7fa6d287c5", "categories": [{"pluralName": "Chinese Restaurants", "id": "4bf58dd8d48988d145941735", "primary": true, "icon": {"prefix": "https://ss3.4sqi.net/img/categories_v2/food/asian_", "suffix": ".png"}, "name": "Chinese Restaurant", "shortName": "Chinese"}], "location": {"formattedAddress": ["Blk 204 Serangoon Central", "Singapore"], "lat": 1.352245, "lng": 103.873493, "state": "North East Community Development Region", "country": "Singapore", "distance": 222, "city": "Serangoon", "cc": "SG", "address": "Blk 204 Serangoon Central", "labeledLatLngs": [{"lng": 103.873493, "label": "display", "lat": 1.352245}]}, "verified": false, "price": {"tier": 1, "currency": "$", "message": "Cheap"}}, "referralId": "e-3-4c273555f1272d7fa6d287c5-68", "tips": [{"id": "4e9576ea55037479eb110e0e", "text": "Chili crab \ue34d yummy \ue409\ue409", "disagreeCount": 0, "logView": true, "createdAt": 1318418154, "likes": {"groups": [], "summary": "2 likes", "count": 2}, "todo": {"count": 0}, "agreeCount": 0, "canonicalUrl": "https://foursquare.com/item/4e9576ea55037479eb110e0e", "type": "user", "user": {"gender": "female", "id": "6129246", "photo": {"prefix": "https://igx.4sqi.net/img/user/", "suffix": "/6129246-HAXMSRRICS5IUQOP.jpg"}, "firstName": "cindy", "lastName": "Ying"}}]}, {"reasons": {"items": [{"reasonName": "globalInteractionReason", "summary": "This spot is popular", "type": "general"}], "count": 0}, "venue": {"hereNow": {"groups": [], "summary": "Nobody here", "count": 0}, "contact": {"phone": "+6562868798", "formattedPhone": "+65 6286 8798"}, "photos": {"groups": [], "count": 0}, "name": "Hong Kong St. Hock Kee Fish-head Steamboat", "allowMenuUrlEdit": true, "beenHere": {"lastCheckinExpiredAt": 0, "count": 0, "marked": false}, "stats": {"checkinsCount": 183, "usersCount": 81, "tipCount": 1}, "id": "4ca718dd44a8224bde8f0940", "categories": [{"pluralName": "Chinese Restaurants", "id": "4bf58dd8d48988d145941735", "primary": true, "icon": {"prefix": "https://ss3.4sqi.net/img/categories_v2/food/asian_", "suffix": ".png"}, "name": "Chinese Restaurant", "shortName": "Chinese"}], "location": {"formattedAddress": ["Serangoon Central Blk 204", "550204", "Singapore"], "postalCode": "550204", "lat": 1.3524614300634372, "lng": 103.87351959943771, "state": "North East Community Development Region", "country": "Singapore", "distance": 244, "city": "Serangoon", "cc": "SG", "address": "Serangoon Central Blk 204", "labeledLatLngs": [{"lng": 103.87351959943771, "label": "display", "lat": 1.3524614300634372}]}, "verified": false, "price": {"tier": 1, "currency": "$", "message": "Cheap"}}, "referralId": "e-3-4ca718dd44a8224bde8f0940-69", "tips": [{"id": "4e7f319f6c253723ab328496", "text": "Fishhead steamboat is good. However the chilli crab is nothing to shout about.", "disagreeCount": 0, "createdAt": 1316958623, "logView": true, "todo": {"count": 0}, "agreeCount": 0, "canonicalUrl": "https://foursquare.com/item/4e7f319f6c253723ab328496", "type": "user", "user": {"gender": "male", "id": "240116", "photo": {"prefix": "https://igx.4sqi.net/img/user/", "suffix": "/240116-PUFV2FJ0Z0M3KGEF.jpg"}, "firstName": "Melvin", "lastName": "Chee"}}]}, {"reasons": {"items": [{"reasonName": "globalInteractionReason", "summary": "This spot is popular", "type": "general"}], "count": 0}, "venue": {"hereNow": {"groups": [], "summary": "Nobody here", "count": 0}, "contact": {"phone": "+6562856442", "formattedPhone": "+65 6285 6442"}, "photos": {"groups": [], "count": 0}, "rating": 5.8, "name": "Suriya Curry House", "ratingSignals": 41, "allowMenuUrlEdit": true, "categories": [{"pluralName": "Indian Restaurants", "id": "4bf58dd8d48988d10f941735", "primary": true, "icon": {"prefix": "https://ss3.4sqi.net/img/categories_v2/food/indian_", "suffix": ".png"}, "name": "Indian Restaurant", "shortName": "Indian"}], "stats": {"checkinsCount": 3879, "usersCount": 1327, "tipCount": 28}, "id": "4b378d32f964a5201c4225e3", "beenHere": {"lastCheckinExpiredAt": 0, "count": 0, "marked": false}, "ratingColor": "FF9600", "location": {"lng": 103.871599, "formattedAddress": ["536A Upp Serangoon Rd (Sunshine Terrace)", "534551", "Singapore"], "postalCode": "534551", "lat": 1.346058, "crossStreet": "Sunshine Terrace", "country": "Singapore", "distance": 512, "city": "Singapore", "cc": "SG", "address": "536A Upp Serangoon Rd", "labeledLatLngs": [{"lng": 103.871599, "label": "display", "lat": 1.346058}]}, "hours": {"isLocalHoliday": false, "isOpen": true, "status": "Likely open"}, "verified": false, "price": {"tier": 2, "currency": "$", "message": "Moderate"}}, "referralId": "e-3-4b378d32f964a5201c4225e3-70", "tips": [{"id": "4ce3ed892407a1cd53be50d0", "text": "Standard dropped drastically. :( prata and mee goreng.", "disagreeCount": 0, "logView": true, "createdAt": 1290005897, "likes": {"groups": [], "summary": "12 likes", "count": 12}, "todo": {"count": 3}, "agreeCount": 4, "canonicalUrl": "https://foursquare.com/item/4ce3ed892407a1cd53be50d0", "type": "user", "user": {"gender": "female", "id": "1753703", "photo": {"prefix": "https://igx.4sqi.net/img/user/", "suffix": "/1753703-QARKNPJ4MQPYXVTU.jpg"}, "firstName": "Diana", "lastName": "Mok"}}]}, {"reasons": {"items": [{"reasonName": "globalInteractionReason", "summary": "This spot is popular", "type": "general"}], "count": 0}, "venue": {"hereNow": {"groups": [], "summary": "Nobody here", "count": 0}, "contact": {}, "photos": {"groups": [], "count": 0}, "name": "Chuan Xiao Chi", "allowMenuUrlEdit": true, "beenHere": {"lastCheckinExpiredAt": 0, "count": 0, "marked": false}, "stats": {"checkinsCount": 67, "usersCount": 30, "tipCount": 0}, "id": "54fe61aa498ef2ecce7de7a4", "categories": [{"pluralName": "Asian Restaurants", "id": "4bf58dd8d48988d142941735", "primary": true, "icon": {"prefix": "https://ss3.4sqi.net/img/categories_v2/food/asian_", "suffix": ".png"}, "name": "Asian Restaurant", "shortName": "Asian"}], "location": {"formattedAddress": ["Serangoon Central", "Singapore"], "lat": 1.3530578325203562, "lng": 103.87216378100594, "distance": 275, "country": "Singapore", "cc": "SG", "address": "Serangoon Central", "labeledLatLngs": [{"lng": 103.87216378100594, "label": "display", "lat": 1.3530578325203562}]}, "verified": false, "price": {"tier": 2, "currency": "$", "message": "Moderate"}}, "referralId": "e-3-54fe61aa498ef2ecce7de7a4-71"}, {"reasons": {"items": [{"reasonName": "globalInteractionReason", "summary": "This spot is popular", "type": "general"}], "count": 0}, "venue": {"hereNow": {"groups": [], "summary": "Nobody here", "count": 0}, "contact": {}, "photos": {"groups": [], "count": 0}, "name": "\u559c\u76f8\u9022\u9910\u5385", "allowMenuUrlEdit": true, "beenHere": {"lastCheckinExpiredAt": 0, "count": 0, "marked": false}, "stats": {"checkinsCount": 313, "usersCount": 17, "tipCount": 2}, "id": "4d32ef1f329e5481c32fb51d", "categories": [{"pluralName": "Asian Restaurants", "id": "4bf58dd8d48988d142941735", "primary": true, "icon": {"prefix": "https://ss3.4sqi.net/img/categories_v2/food/asian_", "suffix": ".png"}, "name": "Asian Restaurant", "shortName": "Asian"}], "location": {"formattedAddress": ["Blk 326", "Singapore"], "lat": 1.3502766885224702, "lng": 103.8698647904436, "distance": 280, "country": "Singapore", "cc": "SG", "address": "Blk 326", "labeledLatLngs": [{"lng": 103.8698647904436, "label": "display", "lat": 1.3502766885224702}]}, "verified": false, "price": {"tier": 2, "currency": "$", "message": "Moderate"}}, "referralId": "e-3-4d32ef1f329e5481c32fb51d-72", "tips": [{"id": "4de1b0a1ae60e7f3abde953e", "text": "very lousy staff and food. staff very dao (unfriendly) and their yong tua foo super salty.", "disagreeCount": 0, "createdAt": 1306636449, "logView": true, "todo": {"count": 0}, "agreeCount": 0, "canonicalUrl": "https://foursquare.com/item/4de1b0a1ae60e7f3abde953e", "type": "user", "user": {"gender": "female", "id": "3319899", "photo": {"prefix": "https://igx.4sqi.net/img/user/", "suffix": "/2KWT1KPAFJDTHJJV.jpg"}, "firstName": "Melly", "lastName": "Leow"}}]}, {"reasons": {"items": [{"reasonName": "globalInteractionReason", "summary": "This spot is popular", "type": "general"}], "count": 0}, "venue": {"hereNow": {"groups": [], "summary": "Nobody here", "count": 0}, "contact": {}, "photos": {"groups": [], "count": 0}, "name": "Ee Hong Seafood Kitchen", "allowMenuUrlEdit": true, "beenHere": {"lastCheckinExpiredAt": 0, "count": 0, "marked": false}, "stats": {"checkinsCount": 256, "usersCount": 64, "tipCount": 6}, "id": "4ee9b92e722edd10721efea5", "categories": [{"pluralName": "Asian Restaurants", "id": "4bf58dd8d48988d142941735", "primary": true, "icon": {"prefix": "https://ss3.4sqi.net/img/categories_v2/food/asian_", "suffix": ".png"}, "name": "Asian Restaurant", "shortName": "Asian"}], "location": {"formattedAddress": ["Serangoon Ave 3", "Singapore"], "lat": 1.3501404858427715, "lng": 103.86947407915383, "country": "Singapore", "distance": 326, "city": "Singapore", "cc": "SG", "address": "Serangoon Ave 3", "labeledLatLngs": [{"lng": 103.86947407915383, "label": "display", "lat": 1.3501404858427715}]}, "hours": {"isLocalHoliday": false, "isOpen": true, "status": "Likely open"}, "verified": false, "price": {"tier": 2, "currency": "$", "message": "Moderate"}}, "referralId": "e-3-4ee9b92e722edd10721efea5-73", "tips": [{"logView": true, "photo": {"id": "507281bae4b02bfe66afeece", "visibility": "public", "source": {"name": "Foursquare for iOS", "url": "https://foursquare.com/download/#/iphone"}, "suffix": "/27970729_a7sIm6Kv3ohXs3wTTZsX2HeZ9kzmD7viY9bx4PkvEJU.jpg", "createdAt": 1349681594, "prefix": "https://igx.4sqi.net/img/general/", "width": 720, "height": 540}, "createdAt": 1349681540, "todo": {"count": 0}, "agreeCount": 2, "likes": {"groups": [], "summary": "2 likes", "count": 2}, "id": "50728184e4b05fb6c4818a0f", "text": "Catering service.... \uf44d\uf44d\uf44d", "disagreeCount": 0, "user": {"gender": "male", "id": "27970729", "photo": {"prefix": "https://igx.4sqi.net/img/user/", "suffix": "/W0OF3FGJEUJDN3HB.jpg"}, "firstName": "Lim", "lastName": "Michael"}, "canonicalUrl": "https://foursquare.com/item/50728184e4b05fb6c4818a0f", "type": "user", "photourl": "https://igx.4sqi.net/img/general/original/27970729_a7sIm6Kv3ohXs3wTTZsX2HeZ9kzmD7viY9bx4PkvEJU.jpg"}]}, {"reasons": {"items": [{"reasonName": "globalInteractionReason", "summary": "This spot is popular", "type": "general"}], "count": 0}, "venue": {"hereNow": {"groups": [], "summary": "Nobody here", "count": 0}, "contact": {}, "photos": {"groups": [], "count": 0}, "name": "Family Delight Restaurant Pte Ltd", "allowMenuUrlEdit": true, "beenHere": {"lastCheckinExpiredAt": 0, "count": 0, "marked": false}, "stats": {"checkinsCount": 42, "usersCount": 10, "tipCount": 0}, "id": "4f2e5b11e4b0d411bbfaaf04", "categories": [{"pluralName": "Chinese Restaurants", "id": "4bf58dd8d48988d145941735", "primary": true, "icon": {"prefix": "https://ss3.4sqi.net/img/categories_v2/food/asian_", "suffix": ".png"}, "name": "Chinese Restaurant", "shortName": "Chinese"}], "location": {"formattedAddress": ["Serangoon Ave 3", "Singapore"], "lat": 1.350387113348249, "lng": 103.86939480453609, "distance": 331, "country": "Singapore", "cc": "SG", "address": "Serangoon Ave 3", "labeledLatLngs": [{"lng": 103.86939480453609, "label": "display", "lat": 1.350387113348249}]}, "verified": false, "price": {"tier": 1, "currency": "$", "message": "Cheap"}}, "referralId": "e-3-4f2e5b11e4b0d411bbfaaf04-74"}, {"reasons": {"items": [{"reasonName": "globalInteractionReason", "summary": "This spot is popular", "type": "general"}], "count": 0}, "venue": {"hereNow": {"groups": [], "summary": "Nobody here", "count": 0}, "contact": {}, "photos": {"groups": [], "count": 0}, "name": "Bibi Kitchen", "allowMenuUrlEdit": true, "beenHere": {"lastCheckinExpiredAt": 0, "count": 0, "marked": false}, "stats": {"checkinsCount": 46, "usersCount": 34, "tipCount": 3}, "id": "4d3272688250f04d3810f4e0", "categories": [{"pluralName": "Asian Restaurants", "id": "4bf58dd8d48988d142941735", "primary": true, "icon": {"prefix": "https://ss3.4sqi.net/img/categories_v2/food/asian_", "suffix": ".png"}, "name": "Asian Restaurant", "shortName": "Asian"}], "location": {"formattedAddress": ["Blk 262 Serangoon Central", "550262", "Singapore"], "postalCode": "550262", "lat": 1.3536167269808308, "lng": 103.87278666689768, "country": "Singapore", "distance": 339, "city": "Singapore", "cc": "SG", "address": "Blk 262 Serangoon Central", "labeledLatLngs": [{"lng": 103.87278666689768, "label": "display", "lat": 1.3536167269808308}]}, "verified": false, "price": {"tier": 2, "currency": "$", "message": "Moderate"}}, "referralId": "e-3-4d3272688250f04d3810f4e0-75", "tips": [{"id": "4e762d2eb3ad783092b8c0ba", "text": "Cheap and good noodles found here!! (Abit too oily though)", "disagreeCount": 0, "createdAt": 1316367662, "logView": true, "todo": {"count": 0}, "agreeCount": 0, "canonicalUrl": "https://foursquare.com/item/4e762d2eb3ad783092b8c0ba", "type": "user", "user": {"gender": "female", "id": "1532504", "photo": {"prefix": "https://igx.4sqi.net/img/user/", "suffix": "/UVO1SAW4VEF5ZDI0.jpg"}, "firstName": "Amanda", "lastName": "Leung"}}]}, {"reasons": {"items": [{"reasonName": "globalInteractionReason", "summary": "This spot is popular", "type": "general"}], "count": 0}, "venue": {"hereNow": {"groups": [], "summary": "Nobody here", "count": 0}, "contact": {}, "photos": {"groups": [], "count": 0}, "name": "Lai Thai Kitchen", "allowMenuUrlEdit": true, "beenHere": {"lastCheckinExpiredAt": 0, "count": 0, "marked": false}, "stats": {"checkinsCount": 108, "usersCount": 28, "tipCount": 4}, "id": "52821ff411d29f28459fd818", "categories": [{"pluralName": "Thai Restaurants", "id": "4bf58dd8d48988d149941735", "primary": true, "icon": {"prefix": "https://ss3.4sqi.net/img/categories_v2/food/thai_", "suffix": ".png"}, "name": "Thai Restaurant", "shortName": "Thai"}], "location": {"formattedAddress": ["Blk 326 Serangoon Ave 3, #01-380", "550326", "Singapore"], "postalCode": "550326", "lat": 1.3501754496364455, "lng": 103.86930986749681, "country": "Singapore", "distance": 343, "city": "Singapore", "cc": "SG", "address": "Blk 326 Serangoon Ave 3, #01-380", "labeledLatLngs": [{"lng": 103.86930986749681, "label": "display", "lat": 1.3501754496364455}]}, "verified": false, "price": {"tier": 2, "currency": "$", "message": "Moderate"}}, "referralId": "e-3-52821ff411d29f28459fd818-76", "tips": [{"logView": true, "photo": {"id": "52fa159d11d215812f4a1c55", "visibility": "public", "source": {"name": "Foursquare for iOS", "url": "https://foursquare.com/download/#/iphone"}, "suffix": "/6247415_IkCumsVrvfUBivfdzRC5CUTDLluAHb0qyy99OwaBe3M.jpg", "createdAt": 1392121245, "prefix": "https://igx.4sqi.net/img/general/", "width": 720, "height": 960}, "createdAt": 1392121243, "todo": {"count": 0}, "agreeCount": 1, "likes": {"groups": [], "summary": "1 like", "count": 1}, "id": "52fa159b11d24ed48208c07e", "text": "Namtok-moo grilled pork is super awesomeeee but rmb to ask for less spicy!!", "disagreeCount": 0, "user": {"gender": "female", "id": "6247415", "photo": {"prefix": "https://igx.4sqi.net/img/user/", "suffix": "/6247415-QWCNQSVPKXX3I2FJ.jpg"}, "firstName": "Amanda", "lastName": "Tiana"}, "canonicalUrl": "https://foursquare.com/item/52fa159b11d24ed48208c07e", "type": "user", "photourl": "https://igx.4sqi.net/img/general/original/6247415_IkCumsVrvfUBivfdzRC5CUTDLluAHb0qyy99OwaBe3M.jpg"}]}, {"reasons": {"items": [{"reasonName": "globalInteractionReason", "summary": "This spot is popular", "type": "general"}], "count": 0}, "venue": {"hereNow": {"groups": [], "summary": "Nobody here", "count": 0}, "contact": {}, "photos": {"groups": [], "count": 0}, "name": "Edo Sushi", "allowMenuUrlEdit": true, "beenHere": {"lastCheckinExpiredAt": 0, "count": 0, "marked": false}, "stats": {"checkinsCount": 30, "usersCount": 11, "tipCount": 0}, "id": "4d6b754535c9a093662c44c7", "categories": [{"pluralName": "Japanese Restaurants", "id": "4bf58dd8d48988d111941735", "primary": true, "icon": {"prefix": "https://ss3.4sqi.net/img/categories_v2/food/japanese_", "suffix": ".png"}, "name": "Japanese Restaurant", "shortName": "Japanese"}], "location": {"formattedAddress": ["NEX #B2-10", "Singapore"], "lat": 1.347564287025814, "lng": 103.87161451126266, "country": "Singapore", "distance": 347, "city": "Singapore", "cc": "SG", "address": "NEX #B2-10", "labeledLatLngs": [{"lng": 103.87161451126266, "label": "display", "lat": 1.347564287025814}]}, "verified": false, "price": {"tier": 2, "currency": "$", "message": "Moderate"}}, "referralId": "e-3-4d6b754535c9a093662c44c7-77"}, {"reasons": {"items": [{"reasonName": "globalInteractionReason", "summary": "This spot is popular", "type": "general"}], "count": 0}, "venue": {"hereNow": {"groups": [], "summary": "Nobody here", "count": 0}, "contact": {}, "photos": {"groups": [], "count": 0}, "name": "Sanho Foods", "allowMenuUrlEdit": true, "beenHere": {"lastCheckinExpiredAt": 0, "count": 0, "marked": false}, "stats": {"checkinsCount": 186, "usersCount": 55, "tipCount": 9}, "id": "4b57d712f964a520704328e3", "categories": [{"pluralName": "Asian Restaurants", "id": "4bf58dd8d48988d142941735", "primary": true, "icon": {"prefix": "https://ss3.4sqi.net/img/categories_v2/food/asian_", "suffix": ".png"}, "name": "Asian Restaurant", "shortName": "Asian"}], "location": {"formattedAddress": ["253 serangoon ave 3 #01-227", "Singapore"], "lat": 1.3535117557223437, "lng": 103.87108789389616, "distance": 354, "country": "Singapore", "cc": "SG", "address": "253 serangoon ave 3 #01-227", "labeledLatLngs": [{"lng": 103.87108789389616, "label": "display", "lat": 1.3535117557223437}]}, "hours": {"isLocalHoliday": false, "isOpen": false, "status": "Closed until 5:00 AM tomorrow"}, "verified": false, "price": {"tier": 2, "currency": "$", "message": "Moderate"}}, "referralId": "e-3-4b57d712f964a520704328e3-78", "tips": [{"id": "4e59a54918388cd5cba73a21", "text": "Better option than macs", "disagreeCount": 0, "logView": true, "createdAt": 1314497865, "likes": {"groups": [], "summary": "4 likes", "count": 4}, "todo": {"count": 0}, "agreeCount": 1, "canonicalUrl": "https://foursquare.com/item/4e59a54918388cd5cba73a21", "type": "user", "user": {"gender": "none", "id": "7284414", "photo": {"prefix": "https://igx.4sqi.net/img/user/", "suffix": "/7284414-22UDMSG5BFD3VPDH.jpg"}, "firstName": "Hed", "lastName": "K"}}]}, {"reasons": {"items": [{"reasonName": "globalInteractionReason", "summary": "This spot is popular", "type": "general"}], "count": 0}, "venue": {"hereNow": {"groups": [], "summary": "Nobody here", "count": 0}, "contact": {}, "photos": {"groups": [], "count": 0}, "name": "Pope Jai Thai Cuisine", "allowMenuUrlEdit": true, "beenHere": {"lastCheckinExpiredAt": 0, "count": 0, "marked": false}, "stats": {"checkinsCount": 86, "usersCount": 55, "tipCount": 1}, "id": "53d2415f498e7657f42ac055", "categories": [{"pluralName": "Thai Restaurants", "id": "4bf58dd8d48988d149941735", "primary": true, "icon": {"prefix": "https://ss3.4sqi.net/img/categories_v2/food/thai_", "suffix": ".png"}, "name": "Thai Restaurant", "shortName": "Thai"}], "location": {"formattedAddress": ["326 Serangoon", "Singapore"], "lat": 1.3502592725122655, "lng": 103.8692022806564, "distance": 354, "country": "Singapore", "cc": "SG", "address": "326 Serangoon", "labeledLatLngs": [{"lng": 103.8692022806564, "label": "display", "lat": 1.3502592725122655}]}, "verified": false, "price": {"tier": 2, "currency": "$", "message": "Moderate"}}, "referralId": "e-3-53d2415f498e7657f42ac055-79", "tips": [{"id": "57367945498e32d541809119", "text": "\u8fd1\u6240\u306a\u306e\u3067\u3068\u304d\u3069\u304d\u6301\u3061\u5e30\u308a\u3092\u6ce8\u6587\u3057\u307e\u3059\u3002", "disagreeCount": 0, "createdAt": 1463187781, "logView": true, "todo": {"count": 0}, "agreeCount": 0, "canonicalUrl": "https://foursquare.com/item/57367945498e32d541809119", "type": "user", "user": {"id": "54782207", "photo": {"prefix": "https://igx.4sqi.net/img/user/", "suffix": "/DZIHD2WVQMKPVI2H.jpg"}, "firstName": "@k1h", "gender": "male"}}]}, {"reasons": {"items": [{"reasonName": "globalInteractionReason", "summary": "This spot is popular", "type": "general"}], "count": 0}, "venue": {"contact": {"facebook": "152228778141522", "facebookName": "Dignity Kitchen", "phone": "+6581897678", "formattedPhone": "+65 8189 7678"}, "photos": {"groups": [], "count": 0}, "hours": {"isLocalHoliday": false, "isOpen": false, "status": "Closed until 8:00 AM tomorrow"}, "name": "Dignity Kitchen", "id": "52d765ea498e95a1d4f8538f", "beenHere": {"lastCheckinExpiredAt": 0, "count": 0, "marked": false}, "stats": {"checkinsCount": 83, "usersCount": 74, "tipCount": 3}, "allowMenuUrlEdit": true, "categories": [{"pluralName": "Cafeterias", "id": "4bf58dd8d48988d128941735", "primary": true, "icon": {"prefix": "https://ss3.4sqi.net/img/categories_v2/education/cafeteria_", "suffix": ".png"}, "name": "Cafeteria", "shortName": "Cafeteria"}], "url": "http://dignitykitchen.sg", "location": {"formattedAddress": ["267 Serangoon Ave 3, #02-02", "550267", "Singapore"], "postalCode": "550267", "lat": 1.3535537050990867, "lng": 103.87107656881385, "country": "Singapore", "distance": 359, "city": "Singapore", "cc": "SG", "address": "267 Serangoon Ave 3, #02-02", "labeledLatLngs": [{"lng": 103.87107656881385, "label": "display", "lat": 1.3535537050990867}]}, "venueRatingBlacklisted": true, "verified": false, "hereNow": {"groups": [], "summary": "Nobody here", "count": 0}}, "referralId": "e-3-52d765ea498e95a1d4f8538f-80", "tips": [{"logView": true, "photo": {"id": "57137bdc498eea629b6d4696", "visibility": "public", "source": {"name": "Foursquare for iOS", "url": "https://foursquare.com/download/#/iphone"}, "suffix": "/14062500_UK_QT694gaGVZOkYHXm50lPxIf2XtOYe62gNyKdgiQo.jpg", "createdAt": 1460894684, "prefix": "https://igx.4sqi.net/img/general/", "width": 1920, "height": 1440}, "createdAt": 1460894681, "agreeCount": 0, "id": "57137bd9498eb6621aea6d2c", "text": "\u0415\u0441\u043b\u0438 \u0431\u0443\u0434\u0435\u0442\u0435 \u043f\u0440\u043e\u0445\u043e\u0434\u0438\u0442\u044c \u043c\u0438\u043c\u043e, \u043e\u0431\u044f\u0437\u0430\u0442\u0435\u043b\u044c\u043d\u043e \u0437\u0430\u0439\u0434\u0438\u0442\u0435 \u0432 \u044d\u0442\u043e\u0442 \u0444\u0443\u0434\u043a\u043e\u0440\u0442. \u0417\u0434\u0435\u0441\u044c \u0440\u0430\u0431\u043e\u0442\u0430\u044e\u0442 \u043b\u044e\u0434\u0438 \u0441 \u043e\u0433\u0440\u0430\u043d\u0438\u0447\u0435\u043d\u043d\u044b\u043c\u0438 \u0432\u043e\u0437\u043c\u043e\u0436\u043d\u043e\u0441\u0442\u044f\u043c\u0438 (\u0433\u043b\u0443\u0445\u0438\u0435, \u043f\u0430\u0440\u0430\u043b\u0438\u0437\u043e\u0432\u0430\u043d\u043d\u044b\u0435 \u0438 \u0442\u0434). \u0415\u0434\u0430 \u0432\u043a\u0443\u0441\u043d\u0430\u044f, \u0432\u0435\u0437\u0434\u0435 \u0447\u0438\u0441\u0442\u043e.", "type": "user", "disagreeCount": 0, "user": {"gender": "male", "id": "14062500", "photo": {"prefix": "https://igx.4sqi.net/img/user/", "suffix": "/MJI3B03322HQDSOH.jpg"}, "firstName": "Pavel", "lastName": "Shimansky"}, "canonicalUrl": "https://foursquare.com/item/57137bd9498eb6621aea6d2c", "todo": {"count": 0}, "photourl": "https://igx.4sqi.net/img/general/original/14062500_UK_QT694gaGVZOkYHXm50lPxIf2XtOYe62gNyKdgiQo.jpg"}]}, {"reasons": {"items": [{"reasonName": "globalInteractionReason", "summary": "This spot is popular", "type": "general"}], "count": 0}, "venue": {"hereNow": {"groups": [], "summary": "Nobody here", "count": 0}, "contact": {"phone": "+6563430895", "formattedPhone": "+65 6343 0895"}, "photos": {"groups": [], "count": 0}, "name": "N & B Snacks", "allowMenuUrlEdit": true, "beenHere": {"lastCheckinExpiredAt": 0, "count": 0, "marked": false}, "stats": {"checkinsCount": 579, "usersCount": 229, "tipCount": 4}, "id": "4c274a40c11dc9b665502a24", "categories": [{"pluralName": "Snack Places", "id": "4bf58dd8d48988d1c7941735", "primary": true, "icon": {"prefix": "https://ss3.4sqi.net/img/categories_v2/food/snacks_", "suffix": ".png"}, "name": "Snack Place", "shortName": "Snacks"}], "location": {"lng": 103.87091235522611, "formattedAddress": ["Blk 253 Serangoon Ctrl. Dr., #01-229 (Serangoon Ave. 3)", "550253", "Singapore"], "postalCode": "550253", "lat": 1.35351814847629, "crossStreet": "Serangoon Ave. 3", "country": "Singapore", "distance": 363, "city": "Singapore", "cc": "SG", "address": "Blk 253 Serangoon Ctrl. Dr., #01-229", "labeledLatLngs": [{"lng": 103.87091235522611, "label": "display", "lat": 1.35351814847629}]}, "hours": {"isLocalHoliday": false, "isOpen": true, "status": "Open until 11:30 PM"}, "verified": false, "price": {"tier": 1, "currency": "$", "message": "Cheap"}}, "referralId": "e-3-4c274a40c11dc9b665502a24-81", "tips": [{"id": "50b7100be4b060c792909364", "text": "Peanut Dumpling Silken tofu and soya milk ...yummy !", "disagreeCount": 0, "logView": true, "createdAt": 1354174475, "likes": {"groups": [], "summary": "1 like", "count": 1}, "todo": {"count": 0}, "agreeCount": 1, "canonicalUrl": "https://foursquare.com/item/50b7100be4b060c792909364", "type": "user", "user": {"gender": "female", "id": "20485185", "photo": {"prefix": "https://igx.4sqi.net/img/user/", "suffix": "/YWXMGG2WTUHQSQE2.jpg"}, "firstName": "Jas", "lastName": "Pang"}}]}, {"reasons": {"items": [{"reasonName": "globalInteractionReason", "summary": "This spot is popular", "type": "general"}], "count": 0}, "venue": {"hereNow": {"groups": [], "summary": "Nobody here", "count": 0}, "contact": {}, "photos": {"groups": [], "count": 0}, "name": "Bake Inc", "allowMenuUrlEdit": true, "beenHere": {"lastCheckinExpiredAt": 0, "count": 0, "marked": false}, "stats": {"checkinsCount": 70, "usersCount": 30, "tipCount": 1}, "id": "4ba8905ff964a5202fe039e3", "categories": [{"pluralName": "Bakeries", "id": "4bf58dd8d48988d16a941735", "primary": true, "icon": {"prefix": "https://ss3.4sqi.net/img/categories_v2/food/bakery_", "suffix": ".png"}, "name": "Bakery", "shortName": "Bakery"}], "location": {"formattedAddress": ["Singapore"], "lat": 1.3535, "lng": 103.870708, "distance": 372, "country": "Singapore", "cc": "SG", "labeledLatLngs": [{"lng": 103.870708, "label": "display", "lat": 1.3535}]}, "verified": false, "price": {"tier": 1, "currency": "$", "message": "Cheap"}}, "referralId": "e-3-4ba8905ff964a5202fe039e3-82", "tips": [{"id": "4ba890b970c603bbad5695b4", "text": "Bought a Kaya waffle and the baker spammed a ton of Kaya for the waffle. Yowzah!", "disagreeCount": 0, "logView": true, "createdAt": 1269338297, "likes": {"groups": [], "summary": "1 like", "count": 1}, "todo": {"count": 0}, "agreeCount": 0, "canonicalUrl": "https://foursquare.com/item/4ba890b970c603bbad5695b4", "type": "user", "user": {"gender": "male", "id": "580851", "photo": {"prefix": "https://igx.4sqi.net/img/user/", "suffix": "/SMJS3GU23GVUAEP4.jpg"}, "firstName": "Max", "lastName": "Sim"}}]}, {"reasons": {"items": [{"reasonName": "globalInteractionReason", "summary": "This spot is popular", "type": "general"}], "count": 0}, "venue": {"hereNow": {"groups": [], "summary": "Nobody here", "count": 0}, "contact": {"phone": "+6591065951", "formattedPhone": "+65 9106 5951"}, "photos": {"groups": [], "count": 0}, "rating": 5.8, "name": "Dju Dju Indonesian Food", "ratingSignals": 12, "allowMenuUrlEdit": true, "categories": [{"pluralName": "Indonesian Restaurants", "id": "4deefc054765f83613cdba6f", "primary": true, "icon": {"prefix": "https://ss3.4sqi.net/img/categories_v2/food/indonesian_", "suffix": ".png"}, "name": "Indonesian Restaurant", "shortName": "Indonesian"}], "stats": {"checkinsCount": 337, "usersCount": 119, "tipCount": 7}, "id": "4c32cacced37a593ee6b6c03", "beenHere": {"lastCheckinExpiredAt": 0, "count": 0, "marked": false}, "ratingColor": "FF9600", "location": {"formattedAddress": ["304 Serangoon Ave 2 #01-14", "550304", "Singapore"], "postalCode": "550304", "lat": 1.354157754909599, "lng": 103.86791690760631, "state": "North East Community Development Region", "country": "Singapore", "distance": 634, "city": "Serangoon", "cc": "SG", "address": "304 Serangoon Ave 2 #01-14", "labeledLatLngs": [{"lng": 103.86791690760631, "label": "display", "lat": 1.354157754909599}]}, "hours": {"isLocalHoliday": false, "isOpen": false, "status": "Closed until 7:30 AM tomorrow"}, "verified": false, "price": {"tier": 2, "currency": "$", "message": "Moderate"}}, "referralId": "e-3-4c32cacced37a593ee6b6c03-83", "tips": [{"logView": true, "photo": {"id": "51fdd12b498ebf135183d8c0", "visibility": "public", "source": {"name": "Foursquare for iOS", "url": "https://foursquare.com/download/#/iphone"}, "suffix": "/62669901_G4hs3ckCRy2q7rEOU0IZYiMA1IoRn_0tjjCvM2Qs7_o.jpg", "createdAt": 1375588651, "prefix": "https://igx.4sqi.net/img/general/", "width": 960, "height": 720}, "createdAt": 1375588648, "todo": {"count": 0}, "agreeCount": 2, "likes": {"groups": [], "summary": "2 likes", "count": 2}, "id": "51fdd128498ed43615d31798", "text": "Wide array of Indo dishes available...somewhat more expensive than other similar food stalls. Not the most yummy Indo food, but is ranked above average.", "disagreeCount": 0, "user": {"id": "62669901", "photo": {"prefix": "https://igx.4sqi.net/img/user/", "suffix": "/4FFKXC1EKM2PM1G3.jpg"}, "firstName": "Andrew", "gender": "male"}, "canonicalUrl": "https://foursquare.com/item/51fdd128498ed43615d31798", "type": "user", "photourl": "https://igx.4sqi.net/img/general/original/62669901_G4hs3ckCRy2q7rEOU0IZYiMA1IoRn_0tjjCvM2Qs7_o.jpg"}]}, {"reasons": {"items": [{"reasonName": "globalInteractionReason", "summary": "This spot is popular", "type": "general"}], "count": 0}, "venue": {"contact": {}, "photos": {"groups": [], "count": 0}, "name": "S-11 Eating House Serangoon Central", "allowMenuUrlEdit": true, "beenHere": {"lastCheckinExpiredAt": 0, "count": 0, "marked": false}, "stats": {"checkinsCount": 274, "usersCount": 143, "tipCount": 5}, "id": "4cf149eac9af6dcbc484987f", "categories": [{"pluralName": "Food Courts", "id": "4bf58dd8d48988d120951735", "primary": true, "icon": {"prefix": "https://ss3.4sqi.net/img/categories_v2/shops/food_foodcourt_", "suffix": ".png"}, "name": "Food Court", "shortName": "Food Court"}], "location": {"formattedAddress": ["Serangoon Central", "Singapore"], "lat": 1.3539678077854769, "lng": 103.87278666689768, "country": "Singapore", "distance": 378, "city": "Singapore", "cc": "SG", "address": "Serangoon Central", "labeledLatLngs": [{"lng": 103.87278666689768, "label": "display", "lat": 1.3539678077854769}]}, "hours": {"isLocalHoliday": false, "isOpen": true, "status": "Likely open"}, "verified": false, "hereNow": {"groups": [], "summary": "Nobody here", "count": 0}}, "referralId": "e-3-4cf149eac9af6dcbc484987f-84", "tips": [{"id": "512ffc51e4b016451d8b04d4", "text": "The cooked food \u716e\u7092 is very popular. I used to buy take-away fried rice and hor-fun from them", "disagreeCount": 0, "createdAt": 1362099281, "logView": true, "todo": {"count": 0}, "agreeCount": 0, "canonicalUrl": "https://foursquare.com/item/512ffc51e4b016451d8b04d4", "type": "user", "user": {"gender": "male", "id": "45750276", "photo": {"prefix": "https://igx.4sqi.net/img/user/", "suffix": "/FBD1LO2PFEI3UQYF.jpg"}, "firstName": "H M", "lastName": "Tan"}}]}, {"reasons": {"items": [{"reasonName": "globalInteractionReason", "summary": "This spot is popular", "type": "general"}], "count": 0}, "venue": {"hereNow": {"groups": [], "summary": "Nobody here", "count": 0}, "contact": {}, "photos": {"groups": [], "count": 0}, "name": "Char Grill Bar", "allowMenuUrlEdit": true, "beenHere": {"lastCheckinExpiredAt": 0, "count": 0, "marked": false}, "stats": {"checkinsCount": 522, "usersCount": 296, "tipCount": 6}, "id": "4cbb2f9e90c9a1437e6693d6", "categories": [{"pluralName": "American Restaurants", "id": "4bf58dd8d48988d14e941735", "primary": true, "icon": {"prefix": "https://ss3.4sqi.net/img/categories_v2/food/default_", "suffix": ".png"}, "name": "American Restaurant", "shortName": "American"}], "location": {"formattedAddress": ["261 Serangoon Central Drive #01-15", "550261", "Singapore"], "postalCode": "550261", "lat": 1.3540461728608932, "lng": 103.87289991918372, "country": "Singapore", "distance": 388, "city": "Singapore", "cc": "SG", "address": "261 Serangoon Central Drive #01-15", "labeledLatLngs": [{"lng": 103.87289991918372, "label": "display", "lat": 1.3540461728608932}]}, "hours": {"isLocalHoliday": false, "isOpen": true, "status": "Likely open"}, "verified": false, "price": {"tier": 2, "currency": "$", "message": "Moderate"}}, "referralId": "e-3-4cbb2f9e90c9a1437e6693d6-85", "tips": [{"id": "4cff9e411fcef04dbc46c6b9", "text": "cajun chicken !!!", "disagreeCount": 0, "logView": true, "createdAt": 1291820609, "likes": {"groups": [], "summary": "3 likes", "count": 3}, "todo": {"count": 0}, "agreeCount": 0, "canonicalUrl": "https://foursquare.com/item/4cff9e411fcef04dbc46c6b9", "type": "user", "user": {"id": "5029283", "photo": {"prefix": "https://igx.4sqi.net/img/user/", "suffix": "/F4GM2XZ5X33GWTWE.jpg"}, "firstName": "Espen", "gender": "male"}}]}, {"reasons": {"items": [{"reasonName": "globalInteractionReason", "summary": "This spot is popular", "type": "general"}], "count": 0}, "venue": {"hereNow": {"groups": [], "summary": "Nobody here", "count": 0}, "contact": {"phone": "+6563823769", "formattedPhone": "+65 6382 3769"}, "photos": {"groups": [], "count": 0}, "name": "Galicier Confectionery", "allowMenuUrlEdit": true, "beenHere": {"lastCheckinExpiredAt": 0, "count": 0, "marked": false}, "stats": {"checkinsCount": 143, "usersCount": 67, "tipCount": 5}, "id": "4bc2a1b7f8219c748a2bb510", "categories": [{"pluralName": "Bakeries", "id": "4bf58dd8d48988d16a941735", "primary": true, "icon": {"prefix": "https://ss3.4sqi.net/img/categories_v2/food/bakery_", "suffix": ".png"}, "name": "Bakery", "shortName": "Bakery"}], "location": {"formattedAddress": ["253 Serangoon Central Dr #01-237", "550253", "Singapore"], "postalCode": "550253", "lat": 1.3536807095034828, "lng": 103.87058959116466, "country": "Singapore", "distance": 396, "city": "Singapore", "cc": "SG", "address": "253 Serangoon Central Dr #01-237", "labeledLatLngs": [{"lng": 103.87058959116466, "label": "display", "lat": 1.3536807095034828}]}, "verified": false, "price": {"tier": 1, "currency": "$", "message": "Cheap"}}, "referralId": "e-3-4bc2a1b7f8219c748a2bb510-86", "tips": [{"id": "4cc7e00d3c40a35dcb6e712e", "text": "Though their bread have failed me but their banana cake is really good! Moist and not too sweet... And quite cheap too! Only 2 bucks but quite a big pc! Can give it a try! \ue057 2 thumbs up \ue00e\ue00e", "disagreeCount": 0, "logView": true, "createdAt": 1288167437, "likes": {"groups": [], "summary": "1 like", "count": 1}, "todo": {"count": 0}, "agreeCount": 0, "canonicalUrl": "https://foursquare.com/item/4cc7e00d3c40a35dcb6e712e", "type": "user", "user": {"gender": "female", "id": "3477045", "photo": {"prefix": "https://igx.4sqi.net/img/user/", "suffix": "/4YYRONVVO2JKRQPX.jpg"}, "firstName": "Sam", "lastName": "Low"}}]}, {"reasons": {"items": [{"reasonName": "globalInteractionReason", "summary": "This spot is popular", "type": "general"}], "count": 0}, "venue": {"hereNow": {"groups": [], "summary": "Nobody here", "count": 0}, "contact": {}, "photos": {"groups": [], "count": 0}, "name": "\u8f89\u76db Sliced Fish Soup", "allowMenuUrlEdit": true, "beenHere": {"lastCheckinExpiredAt": 0, "count": 0, "marked": false}, "stats": {"checkinsCount": 46, "usersCount": 26, "tipCount": 2}, "id": "4ce3f8df1594236a6238fa49", "categories": [{"pluralName": "Chinese Restaurants", "id": "4bf58dd8d48988d145941735", "primary": true, "icon": {"prefix": "https://ss3.4sqi.net/img/categories_v2/food/asian_", "suffix": ".png"}, "name": "Chinese Restaurant", "shortName": "Chinese"}], "location": {"lng": 103.872932, "formattedAddress": ["Block 261 Serangoon Central Drive (Serangoon Central Drive)", "550261", "Singapore"], "postalCode": "550261", "lat": 1.354115, "crossStreet": "Serangoon Central Drive", "country": "Singapore", "distance": 396, "city": "Singapore", "cc": "SG", "address": "Block 261 Serangoon Central Drive", "labeledLatLngs": [{"lng": 103.872932, "label": "display", "lat": 1.354115}]}, "verified": false, "price": {"tier": 1, "currency": "$", "message": "Cheap"}}, "referralId": "e-3-4ce3f8df1594236a6238fa49-87", "tips": [{"logView": true, "photo": {"id": "50b6fb63498e235cc63f49e7", "visibility": "public", "source": {"name": "Foursquare for iOS", "url": "https://foursquare.com/download/#/iphone"}, "suffix": "/33026095_o5nhgxTZqqCc_qAq76ZXBgfxmrb_ZsuGWJmG7jBGljM.jpg", "createdAt": 1354169187, "prefix": "https://igx.4sqi.net/img/general/", "width": 720, "height": 540}, "createdAt": 1354169171, "agreeCount": 0, "id": "50b6fb53e4b0a40f1ec8d7ef", "text": "Yummy fish soup, soup is very sweet!", "type": "user", "disagreeCount": 0, "user": {"id": "33026095", "photo": {"prefix": "https://igx.4sqi.net/img/user/", "suffix": "/33026095-GYGNRJBYJR0WFTZX.jpg"}, "firstName": "Vivienneeluv", "gender": "female"}, "canonicalUrl": "https://foursquare.com/item/50b6fb53e4b0a40f1ec8d7ef", "todo": {"count": 0}, "photourl": "https://igx.4sqi.net/img/general/original/33026095_o5nhgxTZqqCc_qAq76ZXBgfxmrb_ZsuGWJmG7jBGljM.jpg"}]}, {"reasons": {"items": [{"reasonName": "globalInteractionReason", "summary": "This spot is popular", "type": "general"}], "count": 0}, "venue": {"hereNow": {"groups": [], "summary": "Nobody here", "count": 0}, "contact": {"phone": "+6562897301", "formattedPhone": "+65 6289 7301"}, "photos": {"groups": [], "count": 0}, "rating": 5.9, "name": "Fragrant Garden \u99a8\u9999\u56ed", "ratingSignals": 13, "allowMenuUrlEdit": true, "categories": [{"pluralName": "Asian Restaurants", "id": "4bf58dd8d48988d142941735", "primary": true, "icon": {"prefix": "https://ss3.4sqi.net/img/categories_v2/food/asian_", "suffix": ".png"}, "name": "Asian Restaurant", "shortName": "Asian"}], "stats": {"checkinsCount": 262, "usersCount": 189, "tipCount": 13}, "id": "4c8b8c779ef0224ba809657b", "beenHere": {"lastCheckinExpiredAt": 0, "count": 0, "marked": false}, "ratingColor": "FF9600", "location": {"formattedAddress": ["756 Upper Serangoon Road #01-15", "534626", "Singapore"], "postalCode": "534626", "lat": 1.353567914242239, "lng": 103.87881748196453, "country": "Singapore", "distance": 790, "city": "Singapore", "cc": "SG", "address": "756 Upper Serangoon Road #01-15", "labeledLatLngs": [{"lng": 103.87881748196453, "label": "display", "lat": 1.353567914242239}]}, "hours": {"isLocalHoliday": false, "isOpen": false, "status": "Closed until 5:00 AM tomorrow"}, "verified": false, "price": {"tier": 2, "currency": "$", "message": "Moderate"}}, "referralId": "e-3-4c8b8c779ef0224ba809657b-88", "tips": [{"id": "55bdaabc498e61467aa5a40f", "text": "Fucking lousy service , never ever go for this restaurant. Getting a spoon or chopstick proved to be impossible until u are fed up. Again, never go here.", "disagreeCount": 0, "createdAt": 1438493372, "logView": true, "todo": {"count": 0}, "agreeCount": 0, "canonicalUrl": "https://foursquare.com/item/55bdaabc498e61467aa5a40f", "type": "user", "user": {"gender": "male", "id": "41438170", "photo": {"prefix": "https://igx.4sqi.net/img/user/", "suffix": "/UWWDNPTE2J52PN5A.jpg"}, "firstName": "Yep", "lastName": "Zhe"}}]}, {"reasons": {"items": [{"reasonName": "globalInteractionReason", "summary": "This spot is popular", "type": "general"}], "count": 0}, "venue": {"hereNow": {"groups": [], "summary": "Nobody here", "count": 0}, "contact": {}, "photos": {"groups": [], "count": 0}, "name": "Ottimo Pasta & Grill", "allowMenuUrlEdit": true, "beenHere": {"lastCheckinExpiredAt": 0, "count": 0, "marked": false}, "stats": {"checkinsCount": 176, "usersCount": 63, "tipCount": 7}, "id": "4c458036dcd61b8d74bc7c56", "categories": [{"pluralName": "American Restaurants", "id": "4bf58dd8d48988d14e941735", "primary": true, "icon": {"prefix": "https://ss3.4sqi.net/img/categories_v2/food/default_", "suffix": ".png"}, "name": "American Restaurant", "shortName": "American"}], "location": {"formattedAddress": ["Singapore"], "lat": 1.3510112954291702, "lng": 103.87605969588458, "country": "Singapore", "distance": 413, "city": "Singapore", "cc": "SG", "labeledLatLngs": [{"lng": 103.87605969588458, "label": "display", "lat": 1.3510112954291702}]}, "verified": false, "price": {"tier": 2, "currency": "$", "message": "Moderate"}}, "referralId": "e-3-4c458036dcd61b8d74bc7c56-89", "tips": [{"id": "4f098505e4b090ef2309794d", "text": "I like their Ham and Bacon pasta!", "disagreeCount": 0, "logView": true, "createdAt": 1326023941, "likes": {"groups": [], "summary": "1 like", "count": 1}, "todo": {"count": 0}, "agreeCount": 1, "canonicalUrl": "https://foursquare.com/item/4f098505e4b090ef2309794d", "type": "user", "user": {"gender": "none", "id": "18012198", "photo": {"prefix": "https://igx.4sqi.net/img/user/", "suffix": "/H5EYEGZ4QHGIVTD3.jpg"}, "firstName": "WenJie", "lastName": "Ng"}}]}, {"reasons": {"items": [{"reasonName": "globalInteractionReason", "summary": "This spot is popular", "type": "general"}], "count": 0}, "venue": {"hereNow": {"groups": [], "summary": "Nobody here", "count": 0}, "contact": {}, "photos": {"groups": [], "count": 0}, "name": "Tian Li Seafood", "allowMenuUrlEdit": true, "beenHere": {"lastCheckinExpiredAt": 0, "count": 0, "marked": false}, "stats": {"checkinsCount": 41, "usersCount": 21, "tipCount": 1}, "id": "4f2e59d3e4b09d49e93e7474", "categories": [{"pluralName": "Seafood Restaurants", "id": "4bf58dd8d48988d1ce941735", "primary": true, "icon": {"prefix": "https://ss3.4sqi.net/img/categories_v2/food/seafood_", "suffix": ".png"}, "name": "Seafood Restaurant", "shortName": "Seafood"}], "location": {"formattedAddress": ["3 Lorong Lew Lian", "531003", "Singapore"], "postalCode": "531003", "lat": 1.3501145193952857, "lng": 103.87610499787495, "distance": 419, "country": "Singapore", "cc": "SG", "address": "3 Lorong Lew Lian", "labeledLatLngs": [{"lng": 103.87610499787495, "label": "display", "lat": 1.3501145193952857}]}, "verified": false, "price": {"tier": 3, "currency": "$", "message": "Expensive"}}, "referralId": "e-3-4f2e59d3e4b09d49e93e7474-90", "tips": [{"id": "57e7d096498e4be3d49b77ef", "text": "Cooked food, fish head steamboat, Tze cha", "disagreeCount": 0, "createdAt": 1474810006, "logView": true, "todo": {"count": 0}, "agreeCount": 0, "canonicalUrl": "https://foursquare.com/item/57e7d096498e4be3d49b77ef", "type": "user", "user": {"gender": "female", "id": "273849", "photo": {"prefix": "https://igx.4sqi.net/img/user/", "suffix": "/273849-5B2R0EVWSNCMTWLJ.jpg"}, "firstName": "Joanna", "lastName": "Teo"}}]}, {"reasons": {"items": [{"reasonName": "globalInteractionReason", "summary": "This spot is popular", "type": "general"}], "count": 0}, "venue": {"hereNow": {"groups": [], "summary": "Nobody here", "count": 0}, "contact": {}, "photos": {"groups": [], "count": 0}, "name": "Kopi Tiam @ Lor Liew Lian", "allowMenuUrlEdit": true, "beenHere": {"lastCheckinExpiredAt": 0, "count": 0, "marked": false}, "stats": {"checkinsCount": 314, "usersCount": 151, "tipCount": 1}, "id": "4be6167b2457a593dc7dac15", "categories": [{"pluralName": "Chinese Restaurants", "id": "4bf58dd8d48988d145941735", "primary": true, "icon": {"prefix": "https://ss3.4sqi.net/img/categories_v2/food/asian_", "suffix": ".png"}, "name": "Chinese Restaurant", "shortName": "Chinese"}], "location": {"formattedAddress": ["Blk 2 Lorong Liew Lian", "Singapore"], "lat": 1.3522302096255543, "lng": 103.87620126465445, "distance": 463, "country": "Singapore", "cc": "SG", "address": "Blk 2 Lorong Liew Lian", "labeledLatLngs": [{"lng": 103.87620126465445, "label": "display", "lat": 1.3522302096255543}]}, "hours": {"isLocalHoliday": false, "isOpen": true, "status": "Likely open"}, "verified": false, "price": {"tier": 1, "currency": "$", "message": "Cheap"}}, "referralId": "e-3-4be6167b2457a593dc7dac15-91", "tips": [{"id": "4d55eb9d611aa35dbdd23a39", "text": "Won Ton noodles must be good. 30 mins wait.", "disagreeCount": 0, "logView": true, "createdAt": 1297476509, "likes": {"groups": [], "summary": "1 like", "count": 1}, "todo": {"count": 0}, "agreeCount": 1, "canonicalUrl": "https://foursquare.com/item/4d55eb9d611aa35dbdd23a39", "type": "user", "user": {"gender": "male", "id": "4911808", "photo": {"prefix": "https://igx.4sqi.net/img/user/", "suffix": "/3ADU5EQA5UUMKC4B.jpg"}, "firstName": "Michael", "lastName": "Aw Yong"}}]}, {"reasons": {"items": [{"reasonName": "globalInteractionReason", "summary": "This spot is popular", "type": "general"}], "count": 0}, "venue": {"hereNow": {"groups": [], "summary": "Nobody here", "count": 0}, "contact": {}, "photos": {"groups": [], "count": 0}, "name": "Nature Vegetarian Delights (Upper Serangoon) \u5927\u81ea\u7136\u7d20\u98df", "allowMenuUrlEdit": true, "beenHere": {"lastCheckinExpiredAt": 0, "count": 0, "marked": false}, "stats": {"checkinsCount": 104, "usersCount": 65, "tipCount": 3}, "id": "4b59338df964a520258128e3", "categories": [{"pluralName": "Vegetarian / Vegan Restaurants", "id": "4bf58dd8d48988d1d3941735", "primary": true, "icon": {"prefix": "https://ss3.4sqi.net/img/categories_v2/food/vegetarian_", "suffix": ".png"}, "name": "Vegetarian / Vegan Restaurant", "shortName": "Vegetarian / Vegan"}], "location": {"formattedAddress": ["37 Teck Chye Terrace", "Singapore"], "lat": 1.3527019121372188, "lng": 103.87606535863256, "state": "North East Community Development Region", "country": "Singapore", "distance": 473, "city": "Serangoon", "cc": "SG", "address": "37 Teck Chye Terrace", "labeledLatLngs": [{"lng": 103.87606535863256, "label": "display", "lat": 1.3527019121372188}]}, "verified": false, "price": {"tier": 2, "currency": "$", "message": "Moderate"}}, "referralId": "e-3-4b59338df964a520258128e3-92", "tips": [{"id": "4e7ffd4fdab44389441bb221", "text": "Love the food here. Must try at least once. Still at located at fourth level", "disagreeCount": 0, "createdAt": 1317010767, "logView": true, "todo": {"count": 0}, "agreeCount": 0, "canonicalUrl": "https://foursquare.com/item/4e7ffd4fdab44389441bb221", "type": "user", "user": {"gender": "male", "id": "2801015", "photo": {"prefix": "https://igx.4sqi.net/img/user/", "suffix": "/2801015-5VJCZLBHIGX0ALBY.jpg"}, "firstName": "Irvan", "lastName": "Tan"}}]}, {"reasons": {"items": [{"reasonName": "globalInteractionReason", "summary": "This spot is popular", "type": "general"}], "count": 0}, "venue": {"hereNow": {"groups": [], "summary": "Nobody here", "count": 0}, "contact": {}, "photos": {"groups": [], "count": 0}, "name": "The Little Family Cafe", "allowMenuUrlEdit": true, "beenHere": {"lastCheckinExpiredAt": 0, "count": 0, "marked": false}, "stats": {"checkinsCount": 55, "usersCount": 41, "tipCount": 0}, "id": "54b8eb1a498e7edbd5159081", "categories": [{"pluralName": "Caf\u00e9s", "id": "4bf58dd8d48988d16d941735", "primary": true, "icon": {"prefix": "https://ss3.4sqi.net/img/categories_v2/food/cafe_", "suffix": ".png"}, "name": "Caf\u00e9", "shortName": "Caf\u00e9"}], "location": {"formattedAddress": ["Blk 253 Serangoon Central Drive #01-199", "Singapore"], "lat": 1.354665, "lng": 103.870983, "country": "Singapore", "distance": 478, "city": "Singapore", "cc": "SG", "address": "Blk 253 Serangoon Central Drive #01-199", "labeledLatLngs": [{"lng": 103.870983, "label": "display", "lat": 1.354665}]}, "verified": false, "price": {"tier": 1, "currency": "$", "message": "Cheap"}}, "referralId": "e-3-54b8eb1a498e7edbd5159081-93"}, {"reasons": {"items": [{"reasonName": "globalInteractionReason", "summary": "This spot is popular", "type": "general"}], "count": 0}, "venue": {"hereNow": {"groups": [], "summary": "Nobody here", "count": 0}, "contact": {}, "photos": {"groups": [], "count": 0}, "name": "Suria Banana Leaf Restaurant", "allowMenuUrlEdit": true, "beenHere": {"lastCheckinExpiredAt": 0, "count": 0, "marked": false}, "stats": {"checkinsCount": 144, "usersCount": 81, "tipCount": 1}, "id": "4d30e705619f6ea8ffcf3983", "categories": [{"pluralName": "Caf\u00e9s", "id": "4bf58dd8d48988d16d941735", "primary": true, "icon": {"prefix": "https://ss3.4sqi.net/img/categories_v2/food/cafe_", "suffix": ".png"}, "name": "Caf\u00e9", "shortName": "Caf\u00e9"}], "location": {"formattedAddress": ["Sunshine Terrace", "Singapore"], "lat": 1.3461811160167314, "lng": 103.87182968883657, "country": "Singapore", "distance": 495, "city": "Singapore", "cc": "SG", "address": "Sunshine Terrace", "labeledLatLngs": [{"lng": 103.87182968883657, "label": "display", "lat": 1.3461811160167314}]}, "verified": false, "price": {"tier": 1, "currency": "$", "message": "Cheap"}}, "referralId": "e-3-4d30e705619f6ea8ffcf3983-94", "tips": [{"id": "503e38fbe4b06abc4a733d70", "text": "24hours.. N u can find indian, Chinese, thai, malay foods here..", "disagreeCount": 0, "createdAt": 1346255099, "logView": true, "todo": {"count": 0}, "agreeCount": 0, "canonicalUrl": "https://foursquare.com/item/503e38fbe4b06abc4a733d70", "type": "user", "user": {"gender": "female", "id": "3368445", "photo": {"prefix": "https://igx.4sqi.net/img/user/", "suffix": "/3368445-MK0TQOW0XJOXM5TH.jpg"}, "firstName": "Anstasia", "lastName": "Irliana"}}]}, {"reasons": {"items": [{"reasonName": "globalInteractionReason", "summary": "This spot is popular", "type": "general"}], "count": 0}, "venue": {"hereNow": {"groups": [], "summary": "Nobody here", "count": 0}, "contact": {}, "photos": {"groups": [], "count": 0}, "name": "Bake Inc", "allowMenuUrlEdit": true, "beenHere": {"lastCheckinExpiredAt": 0, "count": 0, "marked": false}, "stats": {"checkinsCount": 85, "usersCount": 26, "tipCount": 1}, "id": "4cbc52c286dd95218918ade6", "categories": [{"pluralName": "Bakeries", "id": "4bf58dd8d48988d16a941735", "primary": true, "icon": {"prefix": "https://ss3.4sqi.net/img/categories_v2/food/bakery_", "suffix": ".png"}, "name": "Bakery", "shortName": "Bakery"}], "location": {"formattedAddress": ["Blk 254 Serangoon Central Dr", "Singapore"], "lat": 1.354954, "lng": 103.871189, "country": "Singapore", "distance": 502, "city": "Singapore", "cc": "SG", "address": "Blk 254 Serangoon Central Dr", "labeledLatLngs": [{"lng": 103.871189, "label": "display", "lat": 1.354954}]}, "verified": false, "price": {"tier": 1, "currency": "$", "message": "Cheap"}}, "referralId": "e-3-4cbc52c286dd95218918ade6-95", "tips": [{"id": "4d47a769847e6dcbc0e895c4", "text": "Waffle yummy! \ue404", "disagreeCount": 0, "logView": true, "createdAt": 1296541545, "likes": {"groups": [], "summary": "1 like", "count": 1}, "todo": {"count": 0}, "agreeCount": 0, "canonicalUrl": "https://foursquare.com/item/4d47a769847e6dcbc0e895c4", "type": "user", "user": {"gender": "female", "id": "5147568", "photo": {"prefix": "https://igx.4sqi.net/img/user/", "suffix": "/YD5POWQ4GNMNYKXV.jpg"}, "firstName": "Shuping", "lastName": "Hu"}}]}, {"reasons": {"items": [{"reasonName": "globalInteractionReason", "summary": "This spot is popular", "type": "general"}], "count": 0}, "venue": {"hereNow": {"groups": [], "summary": "Nobody here", "count": 0}, "contact": {}, "photos": {"groups": [], "count": 0}, "name": "Teck Chye Food Street", "allowMenuUrlEdit": true, "beenHere": {"lastCheckinExpiredAt": 0, "count": 0, "marked": false}, "stats": {"checkinsCount": 68, "usersCount": 36, "tipCount": 0}, "id": "4d208f0df7a9a14334052e9f", "categories": [{"pluralName": "Chinese Restaurants", "id": "4bf58dd8d48988d145941735", "primary": true, "icon": {"prefix": "https://ss3.4sqi.net/img/categories_v2/food/asian_", "suffix": ".png"}, "name": "Chinese Restaurant", "shortName": "Chinese"}], "location": {"lng": 103.876427, "formattedAddress": ["Teck Chye Terrace (Lim Tua Tow Road)", "547798", "Singapore"], "postalCode": "547798", "lat": 1.352861, "crossStreet": "Lim Tua Tow Road", "country": "Singapore", "distance": 517, "city": "Singapore", "cc": "SG", "address": "Teck Chye Terrace", "labeledLatLngs": [{"lng": 103.876427, "label": "display", "lat": 1.352861}]}, "verified": false, "price": {"tier": 1, "currency": "$", "message": "Cheap"}}, "referralId": "e-3-4d208f0df7a9a14334052e9f-96"}, {"reasons": {"items": [{"reasonName": "globalInteractionReason", "summary": "This spot is popular", "type": "general"}], "count": 0}, "venue": {"hereNow": {"groups": [], "summary": "Nobody here", "count": 0}, "contact": {}, "photos": {"groups": [], "count": 0}, "name": "Chui Xiang Kitchen", "allowMenuUrlEdit": true, "beenHere": {"lastCheckinExpiredAt": 0, "count": 0, "marked": false}, "stats": {"checkinsCount": 168, "usersCount": 140, "tipCount": 6}, "id": "4bdd5f2db0f5c928753b4ce3", "categories": [{"pluralName": "Chinese Restaurants", "id": "4bf58dd8d48988d145941735", "primary": true, "icon": {"prefix": "https://ss3.4sqi.net/img/categories_v2/food/asian_", "suffix": ".png"}, "name": "Chinese Restaurant", "shortName": "Chinese"}], "location": {"formattedAddress": ["Singapore"], "lat": 1.3528117142578504, "lng": 103.87657500691284, "distance": 529, "country": "Singapore", "cc": "SG", "labeledLatLngs": [{"lng": 103.87657500691284, "label": "display", "lat": 1.3528117142578504}]}, "verified": false, "price": {"tier": 1, "currency": "$", "message": "Cheap"}}, "referralId": "e-3-4bdd5f2db0f5c928753b4ce3-97", "tips": [{"id": "4e3d2a3ea809ba757c05cc45", "text": "Lobster porridge is a must try", "disagreeCount": 0, "logView": true, "createdAt": 1312631358, "likes": {"groups": [], "summary": "1 like", "count": 1}, "todo": {"count": 0}, "agreeCount": 0, "canonicalUrl": "https://foursquare.com/item/4e3d2a3ea809ba757c05cc45", "type": "user", "user": {"gender": "female", "id": "5853778", "photo": {"prefix": "https://igx.4sqi.net/img/user/", "suffix": "/RN3AT1JEKOOCKIID.jpg"}, "firstName": "Christine", "lastName": "Yong"}}]}, {"reasons": {"items": [{"reasonName": "globalInteractionReason", "summary": "This spot is popular", "type": "general"}], "count": 0}, "venue": {"hereNow": {"groups": [], "summary": "Nobody here", "count": 0}, "contact": {}, "photos": {"groups": [], "count": 0}, "name": "Hoe Huat Seafood Garden", "allowMenuUrlEdit": true, "beenHere": {"lastCheckinExpiredAt": 0, "count": 0, "marked": false}, "stats": {"checkinsCount": 75, "usersCount": 42, "tipCount": 3}, "id": "50b49b7de4b0c72f2ebf1963", "categories": [{"pluralName": "Seafood Restaurants", "id": "4bf58dd8d48988d1ce941735", "primary": true, "icon": {"prefix": "https://ss3.4sqi.net/img/categories_v2/food/seafood_", "suffix": ".png"}, "name": "Seafood Restaurant", "shortName": "Seafood"}], "location": {"formattedAddress": ["29 Teck Chye Terrace", "545730", "Singapore"], "postalCode": "545730", "lat": 1.3531071052652173, "lng": 103.87694875019517, "distance": 581, "country": "Singapore", "cc": "SG", "address": "29 Teck Chye Terrace", "labeledLatLngs": [{"lng": 103.87694875019517, "label": "display", "lat": 1.3531071052652173}]}, "verified": false, "price": {"tier": 3, "currency": "$", "message": "Expensive"}}, "referralId": "e-3-50b49b7de4b0c72f2ebf1963-98", "tips": [{"id": "539c3f71498e62d47e3a9c71", "text": "Try their salted egg yolk squid. Eat it while it is hot. Crispy and savory. Egg yolk already melted as cream like liquid on the dish.", "disagreeCount": 0, "createdAt": 1402748785, "logView": true, "todo": {"count": 0}, "agreeCount": 0, "canonicalUrl": "https://foursquare.com/item/539c3f71498e62d47e3a9c71", "type": "user", "user": {"gender": "male", "id": "5336359", "photo": {"prefix": "https://igx.4sqi.net/img/user/", "suffix": "/T5OC0ZZATBKDDHJU.jpg"}, "firstName": "Choon Heng", "lastName": "Lim"}}]}, {"reasons": {"items": [{"reasonName": "globalInteractionReason", "summary": "This spot is popular", "type": "general"}], "count": 0}, "venue": {"hereNow": {"groups": [], "summary": "Nobody here", "count": 0}, "contact": {}, "photos": {"groups": [], "count": 0}, "name": "Bollywood Roti Prata Corner", "allowMenuUrlEdit": true, "beenHere": {"lastCheckinExpiredAt": 0, "count": 0, "marked": false}, "stats": {"checkinsCount": 63, "usersCount": 25, "tipCount": 0}, "id": "4d843c2a9324236a7b08b60e", "categories": [{"pluralName": "Indian Restaurants", "id": "4bf58dd8d48988d10f941735", "primary": true, "icon": {"prefix": "https://ss3.4sqi.net/img/categories_v2/food/indian_", "suffix": ".png"}, "name": "Indian Restaurant", "shortName": "Indian"}], "location": {"formattedAddress": ["Serangoon Ave 2", "Singapore"], "lat": 1.353457, "lng": 103.867659, "country": "Singapore", "distance": 613, "city": "Singapore", "cc": "SG", "address": "Serangoon Ave 2", "labeledLatLngs": [{"lng": 103.867659, "label": "display", "lat": 1.353457}]}, "verified": false, "price": {"tier": 2, "currency": "$", "message": "Moderate"}}, "referralId": "e-3-4d843c2a9324236a7b08b60e-99"}], "name": "recommended", "type": "Recommended Places"}], "query": "food", "headerLocation": "Serangoon"}}