{"meta": {"code": 200, "requestId": "595a3bdb1ed21919face0e9c"}, "response": {"suggestedFilters": {"filters": [{"name": "Open now", "key": "openNow"}], "header": "Tap to show:"}, "totalResults": 110, "headerFullLocation": "Serangoon, Singapore", "headerLocationGranularity": "neighborhood", "suggestedBounds": {"ne": {"lng": 103.87955665055092, "lat": 1.357795263643337}, "sw": {"lng": 103.86517952845107, "lat": 1.3433952492433228}}, "groups": [{"items": [{"reasons": {"items": [{"reasonName": "globalInteractionReason", "summary": "This spot is popular", "type": "general"}], "count": 0}, "venue": {"hereNow": {"groups": [], "summary": "Nobody here", "count": 0}, "contact": {}, "photos": {"groups": [], "count": 0}, "name": "Food&Small Market", "allowMenuUrlEdit": true, "beenHere": {"lastCheckinExpiredAt": 0, "count": 0, "marked": false}, "stats": {"checkinsCount": 41, "usersCount": 13, "tipCount": 0}, "id": "4eab9a08775bf0856a0ed6a2", "categories": [{"pluralName": "Delis / Bodegas", "id": "4bf58dd8d48988d146941735", "primary": true, "icon": {"prefix": "https://ss3.4sqi.net/img/categories_v2/food/deli_", "suffix": ".png"}, "name": "Deli / Bodega", "shortName": "Deli / Bodega"}], "location": {"formattedAddress": ["Blk 304 Serangoon Avenue 2", "550304", "Singapore"], "postalCode": "550304", "lat": 1.3535956881386368, "lng": 103.86770188808441, "country": "Singapore", "distance": 617, "city": "Singapore", "cc": "SG", "address": "Blk 304 Serangoon Avenue 2", "labeledLatLngs": [{"lng": 103.86770188808441, "label": "display", "lat": 1.3535956881386368}]}, "verified": false, "price": {"tier": 1, "currency": "$", "message": "Cheap"}}, "referralId": "e-3-4eab9a08775bf0856a0ed6a2-100"}, {"reasons": {"items": [{"reasonName": "globalInteractionReason", "summary": "This spot is popular", "type": "general"}], "count": 0}, "venue": {"hereNow": {"groups": [], "summary": "Nobody here", "count": 0}, "contact": {}, "photos": {"groups": [], "count": 0}, "name": "Bakers World", "allowMenuUrlEdit": true, "beenHere": {"lastCheckinExpiredAt": 0, "count": 0, "marked": false}, "stats": {"checkinsCount": 73, "usersCount": 31, "tipCount": 1}, "id": "4d12ac8e957fa1cd05df6f9f", "categories": [{"pluralName": "Bakeries", "id": "4bf58dd8d48988d16a941735", "primary": true, "icon": {"prefix": "https://ss3.4sqi.net/img/categories_v2/food/bakery_", "suffix": ".png"}, "name": "Bakery", "shortName": "Bakery"}], "location": {"formattedAddress": ["Singapore"], "lat": 1.34735, "lng": 103.867805, "distance": 623, "country": "Singapore", "cc": "SG", "labeledLatLngs": [{"lng": 103.867805, "label": "display", "lat": 1.34735}]}, "verified": false, "price": {"tier": 1, "currency": "$", "message": "Cheap"}}, "referralId": "e-3-4d12ac8e957fa1cd05df6f9f-101", "tips": [{"id": "4e5df464e4cdfc603ed41dcb", "text": "Toilet baking?", "disagreeCount": 0, "logView": true, "createdAt": 1314780260, "likes": {"groups": [], "summary": "2 likes", "count": 2}, "todo": {"count": 0}, "agreeCount": 0, "canonicalUrl": "https://foursquare.com/item/4e5df464e4cdfc603ed41dcb", "type": "user", "user": {"gender": "male", "id": "3890217", "photo": {"prefix": "https://igx.4sqi.net/img/user/", "suffix": "/3890217-XWRM2JJGY5INFWPX.jpg"}, "firstName": "Sean", "lastName": "Momo"}}]}, {"reasons": {"items": [{"reasonName": "globalInteractionReason", "summary": "This spot is popular", "type": "general"}], "count": 0}, "venue": {"hereNow": {"groups": [], "summary": "Nobody here", "count": 0}, "contact": {}, "photos": {"groups": [], "count": 0}, "name": "Jia Jia Le Restaurant", "allowMenuUrlEdit": true, "beenHere": {"lastCheckinExpiredAt": 0, "count": 0, "marked": false}, "stats": {"checkinsCount": 106, "usersCount": 34, "tipCount": 2}, "id": "4cac698d76d3a093ca37316b", "categories": [{"pluralName": "Chinese Restaurants", "id": "4bf58dd8d48988d145941735", "primary": true, "icon": {"prefix": "https://ss3.4sqi.net/img/categories_v2/food/asian_", "suffix": ".png"}, "name": "Chinese Restaurant", "shortName": "Chinese"}], "location": {"formattedAddress": ["551238", "Singapore"], "postalCode": "551238", "lat": 1.353831483596466, "lng": 103.86775836022873, "distance": 626, "country": "Singapore", "cc": "SG", "labeledLatLngs": [{"lng": 103.86775836022873, "label": "display", "lat": 1.353831483596466}]}, "verified": false, "price": {"tier": 1, "currency": "$", "message": "Cheap"}}, "referralId": "e-3-4cac698d76d3a093ca37316b-102", "tips": [{"id": "4dfb550c88775f8b52f8a0f8", "text": "Food taste like home cooked", "disagreeCount": 0, "logView": true, "createdAt": 1308316940, "likes": {"groups": [], "summary": "1 like", "count": 1}, "todo": {"count": 0}, "agreeCount": 0, "canonicalUrl": "https://foursquare.com/item/4dfb550c88775f8b52f8a0f8", "type": "user", "user": {"gender": "none", "id": "7284414", "photo": {"prefix": "https://igx.4sqi.net/img/user/", "suffix": "/7284414-22UDMSG5BFD3VPDH.jpg"}, "firstName": "Hed", "lastName": "K"}}]}, {"reasons": {"items": [{"reasonName": "globalInteractionReason", "summary": "This spot is popular", "type": "general"}], "count": 0}, "venue": {"hereNow": {"groups": [], "summary": "Nobody here", "count": 0}, "contact": {}, "photos": {"groups": [], "count": 0}, "rating": 5.5, "name": "Siam Society", "ratingSignals": 37, "allowMenuUrlEdit": true, "categories": [{"pluralName": "Thai Restaurants", "id": "4bf58dd8d48988d149941735", "primary": true, "icon": {"prefix": "https://ss3.4sqi.net/img/categories_v2/food/thai_", "suffix": ".png"}, "name": "Thai Restaurant", "shortName": "Thai"}], "stats": {"checkinsCount": 335, "usersCount": 258, "tipCount": 11}, "id": "5283893811d2b180d4dea568", "beenHere": {"lastCheckinExpiredAt": 0, "count": 0, "marked": false}, "ratingColor": "FF9600", "location": {"formattedAddress": ["Jalan Riang", "Singapore"], "lat": 1.347497, "lng": 103.867533, "distance": 639, "country": "Singapore", "cc": "SG", "address": "Jalan Riang", "labeledLatLngs": [{"lng": 103.867533, "label": "display", "lat": 1.347497}]}, "hours": {"isLocalHoliday": false, "isOpen": true, "status": "Likely open"}, "verified": false, "price": {"tier": 2, "currency": "$", "message": "Moderate"}}, "referralId": "e-3-5283893811d2b180d4dea568-103", "tips": [{"logView": true, "photo": {"id": "54f9e89d498edfea2d31a8f4", "visibility": "public", "source": {"name": "Foursquare for iOS", "url": "https://foursquare.com/download/#/iphone"}, "suffix": "/120625575_JRuICiTIDoi9pW2kmbx-Br1HJdPaPf0wQp7D49qXXk0.jpg", "createdAt": 1425664157, "prefix": "https://igx.4sqi.net/img/general/", "width": 1920, "height": 1440}, "createdAt": 1425664154, "todo": {"count": 0}, "agreeCount": 1, "likes": {"groups": [], "summary": "1 like", "count": 1}, "id": "54f9e89a498e5eb6c4d70900", "text": "The mussels cooked in basil broth is a killer! I just love the deco, concept and authenticity.", "disagreeCount": 0, "user": {"gender": "female", "id": "120625575", "photo": {"prefix": "https://igx.4sqi.net/img/user/", "suffix": "/120625575-4PYSIVUWJSHMJ0CT.jpg"}, "firstName": "Rebecca", "lastName": "Hum"}, "canonicalUrl": "https://foursquare.com/item/54f9e89a498e5eb6c4d70900", "type": "user", "photourl": "https://igx.4sqi.net/img/general/original/120625575_JRuICiTIDoi9pW2kmbx-Br1HJdPaPf0wQp7D49qXXk0.jpg"}]}, {"reasons": {"items": [{"reasonName": "globalInteractionReason", "summary": "This spot is popular", "type": "general"}], "count": 0}, "venue": {"hereNow": {"groups": [], "summary": "Nobody here", "count": 0}, "contact": {}, "photos": {"groups": [], "count": 0}, "name": "Wedouli Confectionary", "allowMenuUrlEdit": true, "beenHere": {"lastCheckinExpiredAt": 0, "count": 0, "marked": false}, "stats": {"checkinsCount": 31, "usersCount": 19, "tipCount": 0}, "id": "4d7e0c84f635236aed606016", "categories": [{"pluralName": "Bakeries", "id": "4bf58dd8d48988d16a941735", "primary": true, "icon": {"prefix": "https://ss3.4sqi.net/img/categories_v2/food/bakery_", "suffix": ".png"}, "name": "Bakery", "shortName": "Bakery"}], "location": {"formattedAddress": ["Blk 304 Serangoon Ave 2", "Singapore"], "lat": 1.3544263326757673, "lng": 103.86812075450571, "country": "Singapore", "distance": 636, "city": "Singapore", "cc": "SG", "address": "Blk 304 Serangoon Ave 2", "labeledLatLngs": [{"lng": 103.86812075450571, "label": "display", "lat": 1.3544263326757673}]}, "verified": false, "price": {"tier": 1, "currency": "$", "message": "Cheap"}}, "referralId": "e-3-4d7e0c84f635236aed606016-104"}, {"reasons": {"items": [{"reasonName": "globalInteractionReason", "summary": "This spot is popular", "type": "general"}], "count": 0}, "venue": {"hereNow": {"groups": [], "summary": "Nobody here", "count": 0}, "contact": {}, "photos": {"groups": [], "count": 0}, "name": "727 Cakerie", "allowMenuUrlEdit": true, "beenHere": {"lastCheckinExpiredAt": 0, "count": 0, "marked": false}, "stats": {"checkinsCount": 49, "usersCount": 30, "tipCount": 2}, "id": "4b058818f964a52093b122e3", "categories": [{"pluralName": "Bakeries", "id": "4bf58dd8d48988d16a941735", "primary": true, "icon": {"prefix": "https://ss3.4sqi.net/img/categories_v2/food/bakery_", "suffix": ".png"}, "name": "Bakery", "shortName": "Bakery"}], "location": {"formattedAddress": ["22 Yio Chu Kang Road", "545535", "Singapore"], "postalCode": "545535", "lat": 1.355165, "lng": 103.87714, "country": "Singapore", "distance": 735, "city": "Singapore", "cc": "SG", "address": "22 Yio Chu Kang Road", "labeledLatLngs": [{"lng": 103.87714, "label": "display", "lat": 1.355165}]}, "verified": false, "price": {"tier": 1, "currency": "$", "message": "Cheap"}}, "referralId": "e-3-4b058818f964a52093b122e3-105", "tips": [{"id": "4bf28a3870c603bbe7f79bb4", "text": "very exp durians", "disagreeCount": 0, "createdAt": 1274186296, "logView": true, "todo": {"count": 0}, "agreeCount": 0, "canonicalUrl": "https://foursquare.com/item/4bf28a3870c603bbe7f79bb4", "type": "user", "user": {"gender": "male", "id": "1284182", "photo": {"prefix": "https://igx.4sqi.net/img/user/", "default": true, "suffix": "/blank_boy.png"}, "firstName": "jun jie", "lastName": "wee"}}]}, {"reasons": {"items": [{"reasonName": "globalInteractionReason", "summary": "This spot is popular", "type": "general"}], "count": 0}, "venue": {"hereNow": {"groups": [], "summary": "Nobody here", "count": 0}, "contact": {}, "photos": {"groups": [], "count": 0}, "name": "Daebak Korean Restaurant", "allowMenuUrlEdit": true, "beenHere": {"lastCheckinExpiredAt": 0, "count": 0, "marked": false}, "stats": {"checkinsCount": 35, "usersCount": 27, "tipCount": 1}, "id": "4f9e7574e4b04b5a69e9b252", "categories": [{"pluralName": "Korean Restaurants", "id": "4bf58dd8d48988d113941735", "primary": true, "icon": {"prefix": "https://ss3.4sqi.net/img/categories_v2/food/korean_", "suffix": ".png"}, "name": "Korean Restaurant", "shortName": "Korean"}], "location": {"formattedAddress": ["NEX Shopping Centre", "Singapore"], "lat": 1.3501694807897082, "lng": 103.87897037933288, "distance": 736, "country": "Singapore", "cc": "SG", "address": "NEX Shopping Centre", "labeledLatLngs": [{"lng": 103.87897037933288, "label": "display", "lat": 1.3501694807897082}]}, "verified": false, "price": {"tier": 2, "currency": "$", "message": "Moderate"}}, "referralId": "e-3-4f9e7574e4b04b5a69e9b252-106", "tips": [{"id": "526d052211d29a2b18ff618d", "text": "Staffs got serious attitude problem", "disagreeCount": 0, "createdAt": 1382876450, "logView": true, "todo": {"count": 0}, "agreeCount": 0, "canonicalUrl": "https://foursquare.com/item/526d052211d29a2b18ff618d", "type": "user", "user": {"gender": "none", "id": "5318889", "photo": {"prefix": "https://igx.4sqi.net/img/user/", "suffix": "/5318889_GEm7PBKo_yKC3WaYzwcXZyeae_8wIeLznOVSce9JlSezDJAWLMHrP-Vbad4eCjqym6CTtWpTW.jpg"}, "firstName": "Magdalene", "lastName": "Loo"}}]}, {"reasons": {"items": [{"reasonName": "globalInteractionReason", "summary": "This spot is popular", "type": "general"}], "count": 0}, "venue": {"hereNow": {"groups": [], "summary": "Nobody here", "count": 0}, "contact": {}, "photos": {"groups": [], "count": 0}, "name": "Lao Ban Niang Zhu Chao (\u8001\u677f\u5a18\u716e\u7092)", "allowMenuUrlEdit": true, "beenHere": {"lastCheckinExpiredAt": 0, "count": 0, "marked": false}, "stats": {"checkinsCount": 36, "usersCount": 25, "tipCount": 1}, "id": "53787f71498e3603d5dc3974", "categories": [{"pluralName": "Chinese Restaurants", "id": "4bf58dd8d48988d145941735", "primary": true, "icon": {"prefix": "https://ss3.4sqi.net/img/categories_v2/food/asian_", "suffix": ".png"}, "name": "Chinese Restaurant", "shortName": "Chinese"}], "location": {"formattedAddress": ["214 Serangoon Ave 4 #01-88", "550214", "Singapore"], "postalCode": "550214", "lat": 1.3571203327665267, "lng": 103.87391353133232, "country": "Singapore", "distance": 746, "city": "Singapore", "cc": "SG", "address": "214 Serangoon Ave 4 #01-88", "labeledLatLngs": [{"lng": 103.87391353133232, "label": "display", "lat": 1.3571203327665267}]}, "verified": false, "price": {"tier": 1, "currency": "$", "message": "Cheap"}}, "referralId": "e-3-53787f71498e3603d5dc3974-107", "tips": [{"logView": true, "photo": {"id": "58425007db6cd606fe515794", "visibility": "public", "source": {"name": "Foursquare for iOS", "url": "https://foursquare.com/download/#/iphone"}, "suffix": "/32217076_xSwJkttuuEMBpbi28W2uLEUlZCazkgc28CTrJOkgMSo.jpg", "createdAt": 1480740871, "prefix": "https://igx.4sqi.net/img/general/", "width": 1440, "height": 1920}, "createdAt": 1480740855, "agreeCount": 0, "id": "58424ff74f1069627a766be8", "text": "Fish bee hoon soup and add sour plum. Receipt shows that add sour plum is $3. I found 1 plum inside. The last time charge $1. I find this shop rather unprofessional when dealing with cost. Take note.", "type": "user", "disagreeCount": 0, "user": {"id": "32217076", "photo": {"prefix": "https://igx.4sqi.net/img/user/", "default": true, "suffix": "/blank_boy.png"}, "firstName": "Willy", "gender": "male"}, "canonicalUrl": "https://foursquare.com/item/58424ff74f1069627a766be8", "todo": {"count": 0}, "photourl": "https://igx.4sqi.net/img/general/original/32217076_xSwJkttuuEMBpbi28W2uLEUlZCazkgc28CTrJOkgMSo.jpg"}]}, {"reasons": {"items": [{"reasonName": "globalInteractionReason", "summary": "This spot is popular", "type": "general"}], "count": 0}, "venue": {"hereNow": {"groups": [], "summary": "Nobody here", "count": 0}, "contact": {}, "photos": {"groups": [], "count": 0}, "name": "Domino Pizza", "allowMenuUrlEdit": true, "beenHere": {"lastCheckinExpiredAt": 0, "count": 0, "marked": false}, "stats": {"checkinsCount": 45, "usersCount": 36, "tipCount": 1}, "id": "4da57f4e1e726e49695cf82b", "categories": [{"pluralName": "Pizza Places", "id": "4bf58dd8d48988d1ca941735", "primary": true, "icon": {"prefix": "https://ss3.4sqi.net/img/categories_v2/food/pizza_", "suffix": ".png"}, "name": "Pizza Place", "shortName": "Pizza"}], "location": {"formattedAddress": ["Singapore"], "lat": 1.357358839890067, "lng": 103.87102560595511, "country": "Singapore", "distance": 767, "city": "Singapore", "cc": "SG", "labeledLatLngs": [{"lng": 103.87102560595511, "label": "display", "lat": 1.357358839890067}]}, "verified": false, "price": {"tier": 1, "currency": "$", "message": "Cheap"}}, "referralId": "e-3-4da57f4e1e726e49695cf82b-108", "tips": [{"id": "533fe54b11d2cfa327ccd996", "text": "Uneven cuts, over dried veggies and mushrooms, cheese not melted as in photos, toppings not as much as in photos... Never trust photos.....", "disagreeCount": 0, "createdAt": 1396696395, "logView": true, "todo": {"count": 0}, "agreeCount": 0, "canonicalUrl": "https://foursquare.com/item/533fe54b11d2cfa327ccd996", "type": "user", "user": {"gender": "female", "id": "47353915", "photo": {"prefix": "https://igx.4sqi.net/img/user/", "suffix": "/AKX4UWFTJT3HVDFH.jpg"}, "firstName": "Peiwen", "lastName": "O"}}]}, {"reasons": {"items": [{"reasonName": "globalInteractionReason", "summary": "This spot is popular", "type": "general"}], "count": 0}, "venue": {"hereNow": {"groups": [], "summary": "Nobody here", "count": 0}, "contact": {}, "photos": {"groups": [], "count": 0}, "name": "Pasar Malam @ Tampines", "allowMenuUrlEdit": true, "beenHere": {"lastCheckinExpiredAt": 0, "count": 0, "marked": false}, "stats": {"checkinsCount": 86, "usersCount": 68, "tipCount": 0}, "id": "4cff7c680457b1f73e122c78", "categories": [{"pluralName": "Food Trucks", "id": "4bf58dd8d48988d1cb941735", "primary": true, "icon": {"prefix": "https://ss3.4sqi.net/img/categories_v2/food/streetfood_", "suffix": ".png"}, "name": "Food Truck", "shortName": "Food Truck"}], "location": {"formattedAddress": ["Tampines Central", "467356", "Singapore"], "postalCode": "467356", "lat": 1.3536049228810025, "lng": 103.87869289905032, "distance": 779, "country": "Singapore", "cc": "SG", "address": "Tampines Central", "labeledLatLngs": [{"lng": 103.87869289905032, "label": "display", "lat": 1.3536049228810025}]}, "verified": false, "price": {"tier": 1, "currency": "$", "message": "Cheap"}}, "referralId": "e-3-4cff7c680457b1f73e122c78-109"}], "name": "recommended", "type": "Recommended Places"}], "query": "food", "headerLocation": "Serangoon"}}