{"meta": {"code": 200, "requestId": "595a3b1d9fb6b77b775d8803"}, "response": {"suggestedFilters": {"filters": [{"name": "Open now", "key": "openNow"}], "header": "Tap to show:"}, "totalResults": 66, "headerFullLocation": "Bishan, Singapore", "headerLocationGranularity": "neighborhood", "suggestedBounds": {"ne": {"lng": 103.85634298218281, "lat": 1.3585086873159071}, "sw": {"lng": 103.84196585586119, "lat": 1.3441086729158929}}, "groups": [{"items": [{"reasons": {"items": [{"reasonName": "globalInteractionReason", "summary": "This spot is popular", "type": "general"}], "count": 0}, "venue": {"hereNow": {"groups": [], "summary": "Nobody here", "count": 0}, "contact": {}, "photos": {"groups": [], "count": 0}, "name": "Happy Garden Seafood", "allowMenuUrlEdit": true, "beenHere": {"lastCheckinExpiredAt": 0, "count": 0, "marked": false}, "stats": {"checkinsCount": 54, "usersCount": 38, "tipCount": 1}, "id": "4d493260782f3704c6d26937", "categories": [{"pluralName": "Chinese Restaurants", "id": "4bf58dd8d48988d145941735", "primary": true, "icon": {"prefix": "https://ss3.4sqi.net/img/categories_v2/food/asian_", "suffix": ".png"}, "name": "Chinese Restaurant", "shortName": "Chinese"}], "location": {"formattedAddress": ["Bishan Street 13 Kim San Leng Coffeeshop", "Singapore"], "lat": 1.3493335247039795, "lng": 103.85006904602051, "country": "Singapore", "distance": 242, "city": "Singapore", "cc": "SG", "address": "Bishan Street 13 Kim San Leng Coffeeshop", "labeledLatLngs": [{"lng": 103.85006904602051, "label": "display", "lat": 1.3493335247039795}]}, "verified": false, "price": {"tier": 1, "currency": "$", "message": "Cheap"}}, "referralId": "e-3-4d493260782f3704c6d26937-50", "tips": [{"id": "4ed38e90490168f8d379ab48", "text": "Sting here is not bad. The venison and rice is good. Overall, good zi char stall!", "disagreeCount": 0, "createdAt": 1322487440, "logView": true, "todo": {"count": 0}, "agreeCount": 0, "canonicalUrl": "https://foursquare.com/item/4ed38e90490168f8d379ab48", "type": "user", "user": {"gender": "male", "id": "16956093", "photo": {"prefix": "https://igx.4sqi.net/img/user/", "suffix": "/DU34UNACBHQRR1WM.jpg"}, "firstName": "Jonathan", "lastName": "Yan"}}]}, {"reasons": {"items": [{"reasonName": "globalInteractionReason", "summary": "This spot is popular", "type": "general"}], "count": 0}, "venue": {"hereNow": {"groups": [], "summary": "Nobody here", "count": 0}, "contact": {}, "photos": {"groups": [], "count": 0}, "name": "The Protein Cafe by Fitlion.com", "allowMenuUrlEdit": true, "beenHere": {"lastCheckinExpiredAt": 0, "count": 0, "marked": false}, "stats": {"checkinsCount": 79, "usersCount": 30, "tipCount": 1}, "id": "53edf447498ef1c2e67406a4", "categories": [{"pluralName": "Caf\u00e9s", "id": "4bf58dd8d48988d16d941735", "primary": true, "icon": {"prefix": "https://ss3.4sqi.net/img/categories_v2/food/cafe_", "suffix": ".png"}, "name": "Caf\u00e9", "shortName": "Caf\u00e9"}], "location": {"formattedAddress": ["Singapore"], "lat": 1.3496573178808384, "lng": 103.85086845966359, "distance": 264, "country": "Singapore", "cc": "SG", "labeledLatLngs": [{"lng": 103.85086845966359, "label": "display", "lat": 1.3496573178808384}]}, "verified": false, "price": {"tier": 1, "currency": "$", "message": "Cheap"}}, "referralId": "e-3-53edf447498ef1c2e67406a4-51", "tips": [{"id": "57a651c1498e3b3c3b649184", "text": "The chicken pepper rice is lip smacking .. The protein shakes are good too.. 2 thumbs up \ud83d\udc4d\ud83d\udc4d", "disagreeCount": 0, "createdAt": 1470517697, "logView": true, "todo": {"count": 0}, "agreeCount": 0, "canonicalUrl": "https://foursquare.com/item/57a651c1498e3b3c3b649184", "type": "user", "user": {"gender": "male", "id": "23734524", "photo": {"prefix": "https://igx.4sqi.net/img/user/", "suffix": "/XVM1CPJGMCN24PCQ.jpg"}, "firstName": "Shaheer", "lastName": "Shaikh"}}]}, {"reasons": {"items": [{"reasonName": "globalInteractionReason", "summary": "This spot is popular", "type": "general"}], "count": 0}, "venue": {"id": "5799f8c0498eec5763820704", "hereNow": {"groups": [], "summary": "Nobody here", "count": 0}, "contact": {}, "beenHere": {"lastCheckinExpiredAt": 0, "count": 0, "marked": false}, "photos": {"groups": [], "count": 0}, "name": "Chef Recipe", "location": {"lng": 103.84783, "formattedAddress": ["503 bishan st 11 (S-11 hawker centre stall 1)", "570503", "Singapore"], "postalCode": "570503", "lat": 1.3489591, "crossStreet": "S-11 hawker centre stall 1", "distance": 300, "country": "Singapore", "cc": "SG", "address": "503 bishan st 11", "labeledLatLngs": [{"lng": 103.84783, "label": "display", "lat": 1.3489591}]}, "allowMenuUrlEdit": true, "verified": false, "categories": [{"pluralName": "Food Courts", "id": "4bf58dd8d48988d120951735", "primary": true, "icon": {"prefix": "https://ss3.4sqi.net/img/categories_v2/shops/food_foodcourt_", "suffix": ".png"}, "name": "Food Court", "shortName": "Food Court"}], "stats": {"checkinsCount": 38, "usersCount": 16, "tipCount": 0}}, "referralId": "e-3-5799f8c0498eec5763820704-52"}, {"reasons": {"items": [{"reasonName": "globalInteractionReason", "summary": "This spot is popular", "type": "general"}], "count": 0}, "venue": {"hereNow": {"groups": [], "summary": "Nobody here", "count": 0}, "contact": {}, "photos": {"groups": [], "count": 0}, "name": "Munchy Moo", "allowMenuUrlEdit": true, "beenHere": {"lastCheckinExpiredAt": 0, "count": 0, "marked": false}, "stats": {"checkinsCount": 31, "usersCount": 10, "tipCount": 2}, "id": "4bf73b8f5efe2d7f4dba6834", "categories": [{"pluralName": "Caf\u00e9s", "id": "4bf58dd8d48988d16d941735", "primary": true, "icon": {"prefix": "https://ss3.4sqi.net/img/categories_v2/food/cafe_", "suffix": ".png"}, "name": "Caf\u00e9", "shortName": "Caf\u00e9"}], "location": {"formattedAddress": ["2nd floor, bishan community centre", "Singapore"], "lat": 1.34947, "lng": 103.851152, "distance": 302, "country": "Singapore", "cc": "SG", "address": "2nd floor, bishan community centre", "labeledLatLngs": [{"lng": 103.851152, "label": "display", "lat": 1.34947}]}, "verified": false, "price": {"tier": 1, "currency": "$", "message": "Cheap"}}, "referralId": "e-3-4bf73b8f5efe2d7f4dba6834-53", "tips": [{"id": "4db98634ec8e496dbbb26fcc", "text": "Munchy Moo has moved to Bishan MRT #01-05. Come try our multi-layer, multi-flavour ice-cream there1", "disagreeCount": 0, "createdAt": 1304004148, "logView": true, "todo": {"count": 0}, "agreeCount": 0, "canonicalUrl": "https://foursquare.com/item/4db98634ec8e496dbbb26fcc", "type": "user", "user": {"gender": "female", "id": "9044970", "photo": {"prefix": "https://igx.4sqi.net/img/user/", "suffix": "/VFR4DOLRXCSOOOAD.jpg"}, "firstName": "Jamie", "lastName": "Lee"}}]}, {"reasons": {"items": [{"reasonName": "globalInteractionReason", "summary": "This spot is popular", "type": "general"}], "count": 0}, "venue": {"hereNow": {"groups": [], "summary": "Nobody here", "count": 0}, "contact": {}, "photos": {"groups": [], "count": 0}, "name": "111 Jalan Binchang", "allowMenuUrlEdit": true, "beenHere": {"lastCheckinExpiredAt": 0, "count": 0, "marked": false}, "stats": {"checkinsCount": 151, "usersCount": 10, "tipCount": 0}, "id": "4d47fc87753aa09397e5cae0", "categories": [{"pluralName": "Pizza Places", "id": "4bf58dd8d48988d1ca941735", "primary": true, "icon": {"prefix": "https://ss3.4sqi.net/img/categories_v2/food/pizza_", "suffix": ".png"}, "name": "Pizza Place", "shortName": "Pizza"}], "location": {"formattedAddress": ["Singapore"], "lat": 1.3545819189204522, "lng": 103.847669636617, "distance": 400, "country": "Singapore", "cc": "SG", "labeledLatLngs": [{"lng": 103.847669636617, "label": "display", "lat": 1.3545819189204522}]}, "verified": false, "price": {"tier": 1, "currency": "$", "message": "Cheap"}}, "referralId": "e-3-4d47fc87753aa09397e5cae0-54"}, {"reasons": {"items": [{"reasonName": "globalInteractionReason", "summary": "This spot is popular", "type": "general"}], "count": 0}, "venue": {"hereNow": {"groups": [], "summary": "Nobody here", "count": 0}, "contact": {}, "photos": {"groups": [], "count": 0}, "name": "heng wang seafood and claypot", "allowMenuUrlEdit": true, "beenHere": {"lastCheckinExpiredAt": 0, "count": 0, "marked": false}, "stats": {"checkinsCount": 40, "usersCount": 22, "tipCount": 0}, "id": "4e733bfbe4cd876b6df3f2be", "categories": [{"pluralName": "Seafood Restaurants", "id": "4bf58dd8d48988d1ce941735", "primary": true, "icon": {"prefix": "https://ss3.4sqi.net/img/categories_v2/food/seafood_", "suffix": ".png"}, "name": "Seafood Restaurant", "shortName": "Seafood"}], "location": {"formattedAddress": ["120 bishan", "Singapore"], "lat": 1.3479880384230862, "lng": 103.85106095761138, "distance": 426, "country": "Singapore", "cc": "SG", "address": "120 bishan", "labeledLatLngs": [{"lng": 103.85106095761138, "label": "display", "lat": 1.3479880384230862}]}, "verified": false, "price": {"tier": 3, "currency": "$", "message": "Expensive"}}, "referralId": "e-3-4e733bfbe4cd876b6df3f2be-55"}, {"reasons": {"items": [{"reasonName": "globalInteractionReason", "summary": "This spot is popular", "type": "general"}], "count": 0}, "venue": {"hereNow": {"groups": [], "summary": "Nobody here", "count": 0}, "contact": {}, "photos": {"groups": [], "count": 0}, "name": "Club July", "allowMenuUrlEdit": true, "beenHere": {"lastCheckinExpiredAt": 0, "count": 0, "marked": false}, "stats": {"checkinsCount": 89, "usersCount": 16, "tipCount": 2}, "id": "57989658498ee504e50f0784", "categories": [{"pluralName": "Asian Restaurants", "id": "4bf58dd8d48988d142941735", "primary": true, "icon": {"prefix": "https://ss3.4sqi.net/img/categories_v2/food/asian_", "suffix": ".png"}, "name": "Asian Restaurant", "shortName": "Asian"}], "location": {"formattedAddress": ["Singapore"], "lat": 1.35505, "lng": 103.850439, "distance": 440, "country": "Singapore", "cc": "SG", "labeledLatLngs": [{"lng": 103.850439, "label": "display", "lat": 1.35505}]}, "verified": false, "price": {"tier": 2, "currency": "$", "message": "Moderate"}}, "referralId": "e-3-57989658498ee504e50f0784-56", "tips": [{"id": "58ef93abf0ca955ae6038788", "text": "Excellent service, foods are delicious. Love the place", "disagreeCount": 0, "createdAt": 1492095915, "logView": true, "todo": {"count": 0}, "agreeCount": 0, "canonicalUrl": "https://foursquare.com/item/58ef93abf0ca955ae6038788", "type": "user", "user": {"gender": "female", "id": "50730931", "photo": {"prefix": "https://igx.4sqi.net/img/user/", "suffix": "/50730931-GO2WGFF4C00WHI1E.jpg"}, "firstName": "Claire", "lastName": "Lai"}}]}, {"reasons": {"items": [{"reasonName": "globalInteractionReason", "summary": "This spot is popular", "type": "general"}], "count": 0}, "venue": {"hereNow": {"groups": [], "summary": "Nobody here", "count": 0}, "contact": {}, "photos": {"groups": [], "count": 0}, "name": "Hawengo Seafood Restaurant", "allowMenuUrlEdit": true, "beenHere": {"lastCheckinExpiredAt": 0, "count": 0, "marked": false}, "stats": {"checkinsCount": 193, "usersCount": 21, "tipCount": 1}, "id": "4c4ad06ed2bf76b030b1b384", "categories": [{"pluralName": "Chinese Restaurants", "id": "4bf58dd8d48988d145941735", "primary": true, "icon": {"prefix": "https://ss3.4sqi.net/img/categories_v2/food/asian_", "suffix": ".png"}, "name": "Chinese Restaurant", "shortName": "Chinese"}], "location": {"formattedAddress": ["Blk 112 Bishan St. 12", "570112", "Singapore"], "postalCode": "570112", "lat": 1.347109, "lng": 103.849465, "country": "Singapore", "distance": 468, "city": "Singapore", "cc": "SG", "address": "Blk 112 Bishan St. 12", "labeledLatLngs": [{"lng": 103.849465, "label": "display", "lat": 1.347109}]}, "verified": false, "price": {"tier": 1, "currency": "$", "message": "Cheap"}}, "referralId": "e-3-4c4ad06ed2bf76b030b1b384-57", "tips": [{"id": "4c4c1fb2f7cc1b8d0592db40", "text": "Try e \u7fe1\u7fe0\u8c46\u8150....it's pretty good", "disagreeCount": 0, "createdAt": 1280057266, "logView": true, "todo": {"count": 0}, "agreeCount": 0, "canonicalUrl": "https://foursquare.com/item/4c4c1fb2f7cc1b8d0592db40", "type": "user", "user": {"gender": "male", "id": "2144549", "photo": {"prefix": "https://igx.4sqi.net/img/user/", "suffix": "/SNVHL05CYSQTVEEA.jpg"}, "firstName": "Wilson", "lastName": "Chua"}}]}, {"reasons": {"items": [{"reasonName": "globalInteractionReason", "summary": "This spot is popular", "type": "general"}], "count": 0}, "venue": {"hereNow": {"groups": [], "summary": "Nobody here", "count": 0}, "contact": {}, "photos": {"groups": [], "count": 0}, "name": "\u798f\u6ee1", "allowMenuUrlEdit": true, "beenHere": {"lastCheckinExpiredAt": 0, "count": 0, "marked": false}, "stats": {"checkinsCount": 120, "usersCount": 46, "tipCount": 0}, "id": "4c4ff55e2a73c92847f8afd1", "categories": [{"pluralName": "Chinese Restaurants", "id": "4bf58dd8d48988d145941735", "primary": true, "icon": {"prefix": "https://ss3.4sqi.net/img/categories_v2/food/asian_", "suffix": ".png"}, "name": "Chinese Restaurant", "shortName": "Chinese"}], "location": {"formattedAddress": ["Singapore"], "lat": 1.347059, "lng": 103.849662, "distance": 476, "country": "Singapore", "cc": "SG", "labeledLatLngs": [{"lng": 103.849662, "label": "display", "lat": 1.347059}]}, "verified": false, "price": {"tier": 1, "currency": "$", "message": "Cheap"}}, "referralId": "e-3-4c4ff55e2a73c92847f8afd1-58"}, {"reasons": {"items": [{"reasonName": "globalInteractionReason", "summary": "This spot is popular", "type": "general"}], "count": 0}, "venue": {"hereNow": {"groups": [], "summary": "Nobody here", "count": 0}, "contact": {}, "photos": {"groups": [], "count": 0}, "name": "Prawn Noodle \ue340", "allowMenuUrlEdit": true, "beenHere": {"lastCheckinExpiredAt": 0, "count": 0, "marked": false}, "stats": {"checkinsCount": 70, "usersCount": 22, "tipCount": 1}, "id": "4dc88ab42271353fc8e028ad", "categories": [{"pluralName": "Noodle Houses", "id": "4bf58dd8d48988d1d1941735", "primary": true, "icon": {"prefix": "https://ss3.4sqi.net/img/categories_v2/food/ramen_", "suffix": ".png"}, "name": "Noodle House", "shortName": "Noodles"}], "location": {"formattedAddress": ["Jalan pemimpin", "Singapore"], "lat": 1.3500402639944487, "lng": 103.84379717993298, "country": "Singapore", "distance": 612, "city": "Singapore", "cc": "SG", "address": "Jalan pemimpin", "labeledLatLngs": [{"lng": 103.84379717993298, "label": "display", "lat": 1.3500402639944487}]}, "verified": false, "price": {"tier": 1, "currency": "$", "message": "Cheap"}}, "referralId": "e-3-4dc88ab42271353fc8e028ad-59", "tips": [{"id": "4fa71cd7e4b0fc2afc466ff2", "text": "Fresh ingredients + super delicious soup! Laska is delicious too!", "disagreeCount": 0, "createdAt": 1336351959, "logView": true, "todo": {"count": 0}, "agreeCount": 0, "canonicalUrl": "https://foursquare.com/item/4fa71cd7e4b0fc2afc466ff2", "type": "user", "user": {"gender": "female", "id": "8057019", "photo": {"prefix": "https://igx.4sqi.net/img/user/", "suffix": "/LRQO1G3LGAEYU2LB.jpg"}, "firstName": "Joane", "lastName": "Low"}}]}, {"reasons": {"items": [{"reasonName": "globalInteractionReason", "summary": "This spot is popular", "type": "general"}], "count": 0}, "venue": {"hereNow": {"groups": [], "summary": "Nobody here", "count": 0}, "contact": {}, "photos": {"groups": [], "count": 0}, "name": "\u8d22\u8bb0 Wan Tan Noodles", "allowMenuUrlEdit": true, "beenHere": {"lastCheckinExpiredAt": 0, "count": 0, "marked": false}, "stats": {"checkinsCount": 149, "usersCount": 26, "tipCount": 0}, "id": "4f4b0bd5e4b076e6e256423a", "categories": [{"pluralName": "Chinese Restaurants", "id": "4bf58dd8d48988d145941735", "primary": true, "icon": {"prefix": "https://ss3.4sqi.net/img/categories_v2/food/asian_", "suffix": ".png"}, "name": "Chinese Restaurant", "shortName": "Chinese"}], "location": {"formattedAddress": ["Bishan Street 11", "Singapore"], "lat": 1.346607521944894, "lng": 103.8462089601638, "country": "Singapore", "distance": 617, "city": "Singapore", "cc": "SG", "address": "Bishan Street 11", "labeledLatLngs": [{"lng": 103.8462089601638, "label": "display", "lat": 1.346607521944894}]}, "verified": false, "price": {"tier": 1, "currency": "$", "message": "Cheap"}}, "referralId": "e-3-4f4b0bd5e4b076e6e256423a-60"}, {"reasons": {"items": [{"reasonName": "globalInteractionReason", "summary": "This spot is popular", "type": "general"}], "count": 0}, "venue": {"hereNow": {"groups": [], "summary": "Nobody here", "count": 0}, "contact": {"phone": "+6562580600", "formattedPhone": "+65 6258 0600"}, "photos": {"groups": [], "count": 0}, "name": "Sarpino's Pizzeria", "allowMenuUrlEdit": true, "beenHere": {"lastCheckinExpiredAt": 0, "count": 0, "marked": false}, "stats": {"checkinsCount": 442, "usersCount": 189, "tipCount": 4}, "id": "4c1ca5ffeac020a13fd446c2", "categories": [{"pluralName": "Pizza Places", "id": "4bf58dd8d48988d1ca941735", "primary": true, "icon": {"prefix": "https://ss3.4sqi.net/img/categories_v2/food/pizza_", "suffix": ".png"}, "name": "Pizza Place", "shortName": "Pizza"}], "location": {"formattedAddress": ["9 Clover Way", "579081", "Singapore"], "postalCode": "579081", "lat": 1.35010973754668, "lng": 103.84306686056509, "country": "Singapore", "distance": 690, "city": "Singapore", "cc": "SG", "address": "9 Clover Way", "labeledLatLngs": [{"lng": 103.84306686056509, "label": "display", "lat": 1.35010973754668}]}, "hours": {"isLocalHoliday": false, "isOpen": false}, "verified": false, "price": {"tier": 1, "currency": "$", "message": "Cheap"}}, "referralId": "e-3-4c1ca5ffeac020a13fd446c2-61", "tips": [{"id": "4e4f89eb8877402b06c4aac1", "text": "To order, 62626767. Menu at HTTP://www.sarpinos.com.sg/", "entities": [{"indices": [28, 55], "type": "url", "object": {"url": "http://HTTP://www.sarpinos.com.sg/"}}], "disagreeCount": 0, "createdAt": 1313835499, "logView": true, "todo": {"count": 0}, "agreeCount": 0, "canonicalUrl": "https://foursquare.com/item/4e4f89eb8877402b06c4aac1", "type": "user", "user": {"gender": "male", "id": "4462594", "photo": {"prefix": "https://igx.4sqi.net/img/user/", "suffix": "/AYFXXLYCF5FL1LUB.jpg"}, "firstName": "nick", "lastName": "wong"}}]}, {"reasons": {"items": [{"reasonName": "globalInteractionReason", "summary": "This spot is popular", "type": "general"}], "count": 0}, "venue": {"contact": {}, "photos": {"groups": [], "count": 0}, "name": "Rumah Kaca", "allowMenuUrlEdit": true, "beenHere": {"lastCheckinExpiredAt": 0, "count": 0, "marked": false}, "stats": {"checkinsCount": 268, "usersCount": 12, "tipCount": 0}, "id": "4c5580cefd2ea59390b7d72b", "categories": [{"pluralName": "Food Courts", "id": "4bf58dd8d48988d120951735", "primary": true, "icon": {"prefix": "https://ss3.4sqi.net/img/categories_v2/shops/food_foodcourt_", "suffix": ".png"}, "name": "Food Court", "shortName": "Food Court"}], "location": {"formattedAddress": ["33 Bishan St 21", "579801", "Singapore"], "postalCode": "579801", "lat": 1.3479481303233973, "lng": 103.84341786628266, "country": "Singapore", "distance": 739, "city": "Singapore", "cc": "SG", "address": "33 Bishan St 21", "labeledLatLngs": [{"lng": 103.84341786628266, "label": "display", "lat": 1.3479481303233973}]}, "hours": {"isLocalHoliday": false, "isOpen": false}, "verified": false, "hereNow": {"groups": [], "summary": "Nobody here", "count": 0}}, "referralId": "e-3-4c5580cefd2ea59390b7d72b-62"}, {"reasons": {"items": [{"reasonName": "globalInteractionReason", "summary": "This spot is popular", "type": "general"}], "count": 0}, "venue": {"hereNow": {"groups": [], "summary": "Nobody here", "count": 0}, "contact": {}, "photos": {"groups": [], "count": 0}, "name": "The Living Room", "allowMenuUrlEdit": true, "beenHere": {"lastCheckinExpiredAt": 0, "count": 0, "marked": false}, "stats": {"checkinsCount": 33, "usersCount": 24, "tipCount": 0}, "id": "55377fc6498e8c616e2a31a3", "categories": [{"pluralName": "Caf\u00e9s", "id": "4bf58dd8d48988d16d941735", "primary": true, "icon": {"prefix": "https://ss3.4sqi.net/img/categories_v2/food/cafe_", "suffix": ".png"}, "name": "Caf\u00e9", "shortName": "Caf\u00e9"}], "location": {"formattedAddress": ["4 Bishan Street 13", "579792", "Singapore"], "postalCode": "579792", "lat": 1.347384, "lng": 103.854536, "country": "Singapore", "distance": 741, "city": "Singapore", "cc": "SG", "address": "4 Bishan Street 13", "labeledLatLngs": [{"lng": 103.854536, "label": "display", "lat": 1.347384}]}, "verified": false, "price": {"tier": 1, "currency": "$", "message": "Cheap"}}, "referralId": "e-3-55377fc6498e8c616e2a31a3-63"}, {"reasons": {"items": [{"reasonName": "globalInteractionReason", "summary": "This spot is popular", "type": "general"}], "count": 0}, "venue": {"hereNow": {"groups": [], "summary": "Nobody here", "count": 0}, "contact": {}, "photos": {"groups": [], "count": 0}, "name": "Bishan Depot Canteen", "allowMenuUrlEdit": true, "beenHere": {"lastCheckinExpiredAt": 0, "count": 0, "marked": false}, "stats": {"checkinsCount": 301, "usersCount": 63, "tipCount": 2}, "id": "4d2152d85c4ca1cdfbcda83d", "categories": [{"pluralName": "Restaurants", "id": "4bf58dd8d48988d1c4941735", "primary": true, "icon": {"prefix": "https://ss3.4sqi.net/img/categories_v2/food/default_", "suffix": ".png"}, "name": "Restaurant", "shortName": "Restaurant"}], "location": {"formattedAddress": ["Singapore"], "lat": 1.3532929496815604, "lng": 103.85596408545399, "distance": 789, "country": "Singapore", "cc": "SG", "labeledLatLngs": [{"lng": 103.85596408545399, "label": "display", "lat": 1.3532929496815604}]}, "hours": {"isLocalHoliday": false, "isOpen": false}, "verified": false, "price": {"tier": 2, "currency": "$", "message": "Moderate"}}, "referralId": "e-3-4d2152d85c4ca1cdfbcda83d-64", "tips": [{"id": "4e141a3c18388432510452d2", "text": "Indeed the Malay food is better", "disagreeCount": 0, "logView": true, "createdAt": 1309940284, "likes": {"groups": [], "summary": "1 like", "count": 1}, "todo": {"count": 0}, "agreeCount": 1, "canonicalUrl": "https://foursquare.com/item/4e141a3c18388432510452d2", "type": "user", "user": {"gender": "male", "id": "11294859", "photo": {"prefix": "https://igx.4sqi.net/img/user/", "suffix": "/E0ESNLHCVV1BPSGB.jpg"}, "firstName": "G", "lastName": "F"}}]}, {"reasons": {"items": [{"reasonName": "globalInteractionReason", "summary": "This spot is popular", "type": "general"}], "count": 0}, "venue": {"hereNow": {"groups": [], "summary": "Nobody here", "count": 0}, "contact": {}, "photos": {"groups": [], "count": 0}, "name": "Prima Deli", "allowMenuUrlEdit": true, "beenHere": {"lastCheckinExpiredAt": 0, "count": 0, "marked": false}, "stats": {"checkinsCount": 513, "usersCount": 75, "tipCount": 1}, "id": "4cae6937eb65b1f7afd55bcd", "categories": [{"pluralName": "Bakeries", "id": "4bf58dd8d48988d16a941735", "primary": true, "icon": {"prefix": "https://ss3.4sqi.net/img/categories_v2/food/bakery_", "suffix": ".png"}, "name": "Bakery", "shortName": "Bakery"}], "location": {"formattedAddress": ["279 Bishan St. 24, #01-54", "570279", "Singapore"], "postalCode": "570279", "lat": 1.3583417448298318, "lng": 103.84795271526562, "country": "Singapore", "distance": 794, "city": "Singapore", "cc": "SG", "address": "279 Bishan St. 24, #01-54", "labeledLatLngs": [{"lng": 103.84795271526562, "label": "display", "lat": 1.3583417448298318}]}, "hours": {"isLocalHoliday": false, "isOpen": false}, "verified": false, "price": {"tier": 1, "currency": "$", "message": "Cheap"}}, "referralId": "e-3-4cae6937eb65b1f7afd55bcd-65", "tips": [{"id": "4cae6e1c155f199cdac70bda", "text": "Their red bean waffle is awesome!!", "disagreeCount": 0, "createdAt": 1286499868, "logView": true, "todo": {"count": 0}, "agreeCount": 0, "canonicalUrl": "https://foursquare.com/item/4cae6e1c155f199cdac70bda", "type": "user", "user": {"gender": "male", "id": "2427056", "photo": {"prefix": "https://igx.4sqi.net/img/user/", "suffix": "/KIABEF5H2WXLO1YV.jpg"}, "firstName": "ZhiHao", "lastName": "Chan"}}]}], "name": "recommended", "type": "Recommended Places"}], "query": "food", "headerLocation": "Bishan"}}