{"meta": {"code": 200, "requestId": "595a3b1c9fb6b77b775d7e95"}, "response": {"suggestedFilters": {"filters": [{"name": "Open now", "key": "openNow"}], "header": "Tap to show:"}, "totalResults": 66, "headerFullLocation": "Bishan, Singapore", "headerLocationGranularity": "neighborhood", "suggestedBounds": {"ne": {"lng": 103.85634298218281, "lat": 1.3585086873159071}, "sw": {"lng": 103.84196585586119, "lat": 1.3441086729158929}}, "groups": [{"items": [{"reasons": {"items": [{"reasonName": "globalInteractionReason", "summary": "This spot is popular", "type": "general"}], "count": 0}, "venue": {"hereNow": {"groups": [], "summary": "Nobody here", "count": 0}, "contact": {"phone": "+6562599172", "formattedPhone": "+65 6259 9172"}, "photos": {"groups": [], "count": 0}, "rating": 8.2, "name": "Tori-Q", "ratingSignals": 8, "allowMenuUrlEdit": true, "categories": [{"pluralName": "Japanese Restaurants", "id": "4bf58dd8d48988d111941735", "primary": true, "icon": {"prefix": "https://ss3.4sqi.net/img/categories_v2/food/japanese_", "suffix": ".png"}, "name": "Japanese Restaurant", "shortName": "Japanese"}], "stats": {"checkinsCount": 1147, "usersCount": 594, "tipCount": 3}, "id": "4b1db580f964a520381424e3", "beenHere": {"lastCheckinExpiredAt": 0, "count": 0, "marked": false}, "ratingColor": "73CF42", "location": {"formattedAddress": ["9 Bishan Pl., #B1-25 Junction 8 Shopping Centre", "579837", "Singapore"], "postalCode": "579837", "lat": 1.3505546898081566, "lng": 103.8488132779789, "country": "Singapore", "distance": 92, "city": "Singapore", "cc": "SG", "address": "9 Bishan Pl., #B1-25 Junction 8 Shopping Centre", "labeledLatLngs": [{"lng": 103.8488132779789, "label": "display", "lat": 1.3505546898081566}]}, "hours": {"isLocalHoliday": false, "isOpen": true, "status": "Likely open"}, "verified": false, "price": {"tier": 2, "currency": "$", "message": "Moderate"}}, "referralId": "e-3-4b1db580f964a520381424e3-0", "tips": [{"id": "4eb7b9ead3e3644ca72b86e2", "text": "Bento A!!! Shiok!!!", "disagreeCount": 0, "logView": true, "createdAt": 1320663530, "likes": {"groups": [], "summary": "1 like", "count": 1}, "todo": {"count": 0}, "agreeCount": 1, "canonicalUrl": "https://foursquare.com/item/4eb7b9ead3e3644ca72b86e2", "type": "user", "user": {"gender": "male", "id": "1019560", "photo": {"prefix": "https://igx.4sqi.net/img/user/", "suffix": "/1019560-QKIGRZXUND1405H4.jpg"}, "firstName": "Ignatius", "lastName": "Tong"}}]}, {"reasons": {"items": [{"reasonName": "globalInteractionReason", "summary": "This spot is popular", "type": "general"}], "count": 0}, "venue": {"hereNow": {"groups": [{"items": [], "name": "Other people here", "count": 2, "type": "others"}], "summary": "2 people are here", "count": 2}, "contact": {}, "photos": {"groups": [], "count": 0}, "rating": 7.0, "name": "Nando's", "ratingSignals": 27, "allowMenuUrlEdit": true, "categories": [{"pluralName": "Portuguese Restaurants", "id": "4def73e84765ae376e57713a", "primary": true, "icon": {"prefix": "https://ss3.4sqi.net/img/categories_v2/food/portuguese_", "suffix": ".png"}, "name": "Portuguese Restaurant", "shortName": "Portuguese"}], "stats": {"checkinsCount": 570, "usersCount": 391, "tipCount": 4}, "id": "5539cfb5498efc2186c0bf7b", "beenHere": {"lastCheckinExpiredAt": 0, "count": 0, "marked": false}, "ratingColor": "C5DE35", "location": {"formattedAddress": ["#01-51 Junction 8 Shopping Center", "Singapore"], "lat": 1.3510992286196215, "lng": 103.84816219384528, "distance": 112, "country": "Singapore", "cc": "SG", "address": "#01-51 Junction 8 Shopping Center", "labeledLatLngs": [{"lng": 103.84816219384528, "label": "display", "lat": 1.3510992286196215}]}, "hours": {"isLocalHoliday": false, "isOpen": true, "status": "Likely open"}, "verified": false, "price": {"tier": 2, "currency": "$", "message": "Moderate"}}, "referralId": "e-3-5539cfb5498efc2186c0bf7b-1", "tips": [{"id": "56f685d1498e6d0f06c0cf5e", "text": "Ventilation is disappointing. The kitchen fumes are all choking the dining hall", "disagreeCount": 0, "createdAt": 1458996689, "logView": true, "todo": {"count": 0}, "agreeCount": 0, "canonicalUrl": "https://foursquare.com/item/56f685d1498e6d0f06c0cf5e", "type": "user", "user": {"id": "21284359", "photo": {"prefix": "https://igx.4sqi.net/img/user/", "suffix": "/CSGKAQLY1WCO2OE4.jpg"}, "firstName": "Miico", "gender": "none"}}]}, {"reasons": {"items": [{"reasonName": "globalInteractionReason", "summary": "This spot is popular", "type": "general"}], "count": 0}, "venue": {"hereNow": {"groups": [], "summary": "Nobody here", "count": 0}, "contact": {"facebook": "113901098661225", "facebookUsername": "JaiThaiSG", "facebookName": "Jai Thai Restaurant - Wallet Friendly Authentic Thai Cuisine", "phone": "+6562580228", "formattedPhone": "+65 6258 0228"}, "photos": {"groups": [], "count": 0}, "rating": 7.6, "name": "Jai Thai", "ratingSignals": 109, "allowMenuUrlEdit": true, "categories": [{"pluralName": "Thai Restaurants", "id": "4bf58dd8d48988d149941735", "primary": true, "icon": {"prefix": "https://ss3.4sqi.net/img/categories_v2/food/thai_", "suffix": ".png"}, "name": "Thai Restaurant", "shortName": "Thai"}], "stats": {"checkinsCount": 2171, "usersCount": 1055, "tipCount": 57}, "id": "4b36df8bf964a520ab3d25e3", "beenHere": {"lastCheckinExpiredAt": 0, "count": 0, "marked": false}, "url": "http://www.jai-thai.com", "ratingColor": "C5DE35", "location": {"formattedAddress": ["7 Clover Way", "579080", "Singapore"], "postalCode": "579080", "lat": 1.350059261253381, "lng": 103.84304987644047, "country": "Singapore", "distance": 693, "city": "Singapore", "cc": "SG", "address": "7 Clover Way", "labeledLatLngs": [{"lng": 103.84304987644047, "label": "display", "lat": 1.350059261253381}]}, "hours": {"isLocalHoliday": false, "isOpen": false, "status": "Closed until 11:00 AM tomorrow"}, "verified": false, "price": {"tier": 2, "currency": "$", "message": "Moderate"}}, "referralId": "e-3-4b36df8bf964a520ab3d25e3-2", "tips": [{"id": "4c9f806e7d69b7131d2936c2", "text": "Pandan chicken!", "disagreeCount": 0, "logView": true, "createdAt": 1285521518, "likes": {"groups": [], "summary": "8 likes", "count": 8}, "todo": {"count": 1}, "agreeCount": 3, "canonicalUrl": "https://foursquare.com/item/4c9f806e7d69b7131d2936c2", "type": "user", "user": {"gender": "male", "id": "1418384", "photo": {"prefix": "https://igx.4sqi.net/img/user/", "suffix": "/0JUZ0CLZMHGA2H2B.jpg"}, "firstName": "Hasan", "lastName": "Santoso"}}]}, {"reasons": {"items": [{"reasonName": "globalInteractionReason", "summary": "This spot is popular", "type": "general"}], "count": 0}, "venue": {"hereNow": {"groups": [], "summary": "Nobody here", "count": 0}, "contact": {"facebook": "216317188388404", "facebookUsername": "dintaifungsg", "facebookName": "Din Tai Fung Singapore", "phone": "+6563565228", "formattedPhone": "+65 6356 5228"}, "photos": {"groups": [], "count": 0}, "rating": 6.5, "name": "Din Tai Fung \u9f0e\u6cf0\u8c50", "ratingSignals": 107, "allowMenuUrlEdit": true, "categories": [{"pluralName": "Dumpling Restaurants", "id": "4bf58dd8d48988d108941735", "primary": true, "icon": {"prefix": "https://ss3.4sqi.net/img/categories_v2/food/dumplings_", "suffix": ".png"}, "name": "Dumpling Restaurant", "shortName": "Dumplings"}], "stats": {"checkinsCount": 7273, "usersCount": 4022, "tipCount": 42}, "id": "4ba0596cf964a520b96937e3", "beenHere": {"lastCheckinExpiredAt": 0, "count": 0, "marked": false}, "url": "http://www.dintaifung.com.sg", "ratingColor": "FFC800", "location": {"lng": 103.84837167274789, "formattedAddress": ["#01-41, Junction 8 Shopping Centre (9 Bishan Pl)", "579837", "Singapore"], "postalCode": "579837", "lat": 1.3510270233446442, "crossStreet": "9 Bishan Pl", "country": "Singapore", "distance": 92, "city": "Singapore", "cc": "SG", "address": "#01-41, Junction 8 Shopping Centre", "labeledLatLngs": [{"lng": 103.84837167274789, "label": "display", "lat": 1.3510270233446442}]}, "hours": {"isLocalHoliday": false, "isOpen": true, "status": "Likely open"}, "verified": false, "price": {"tier": 1, "currency": "$", "message": "Cheap"}}, "referralId": "e-3-4ba0596cf964a520b96937e3-3", "tips": [{"id": "4f2666dce4b067a328b484f7", "text": "Love their soup esp steamed chicken soup, crispy golden prawn pancakes and fried rice", "disagreeCount": 0, "logView": true, "createdAt": 1327916764, "likes": {"groups": [], "summary": "4 likes", "count": 4}, "todo": {"count": 0}, "agreeCount": 4, "canonicalUrl": "https://foursquare.com/item/4f2666dce4b067a328b484f7", "type": "user", "user": {"gender": "female", "id": "2602033", "photo": {"prefix": "https://igx.4sqi.net/img/user/", "suffix": "/5KZSG5IB2XQFOKBK.jpg"}, "firstName": "Patricia", "lastName": "Chong"}}]}, {"reasons": {"items": [{"reasonName": "globalInteractionReason", "summary": "This spot is popular", "type": "general"}], "count": 0}, "venue": {"hereNow": {"groups": [], "summary": "Nobody here", "count": 0}, "contact": {}, "photos": {"groups": [], "count": 0}, "rating": 6.2, "name": "Prata Wala", "ratingSignals": 37, "allowMenuUrlEdit": true, "categories": [{"pluralName": "Indian Restaurants", "id": "4bf58dd8d48988d10f941735", "primary": true, "icon": {"prefix": "https://ss3.4sqi.net/img/categories_v2/food/indian_", "suffix": ".png"}, "name": "Indian Restaurant", "shortName": "Indian"}], "stats": {"checkinsCount": 627, "usersCount": 374, "tipCount": 17}, "id": "51610730e4b0878cf9675923", "beenHere": {"lastCheckinExpiredAt": 0, "count": 0, "marked": false}, "ratingColor": "FFC800", "location": {"formattedAddress": ["Bishan Junction 8", "Singapore"], "lat": 1.351031431789575, "lng": 103.84839431913508, "distance": 90, "country": "Singapore", "cc": "SG", "address": "Bishan Junction 8", "labeledLatLngs": [{"lng": 103.84839431913508, "label": "display", "lat": 1.351031431789575}]}, "hours": {"isLocalHoliday": false, "isOpen": true, "status": "Likely open"}, "verified": false, "price": {"tier": 2, "currency": "$", "message": "Moderate"}}, "referralId": "e-3-51610730e4b0878cf9675923-4", "tips": [{"id": "56f68608498e3b725abb5e4b", "text": "Good, solid service and good, solid prata. Kind staff, friendly patrons. I always feel at home here.", "disagreeCount": 0, "createdAt": 1458996744, "logView": true, "todo": {"count": 0}, "agreeCount": 0, "canonicalUrl": "https://foursquare.com/item/56f68608498e3b725abb5e4b", "type": "user", "user": {"gender": "female", "id": "1973074", "photo": {"prefix": "https://igx.4sqi.net/img/user/", "suffix": "/N2TAR4AZM2VDJ5GN.jpg"}, "firstName": "Adrienne", "lastName": "M"}}]}, {"reasons": {"items": [{"reasonName": "globalInteractionReason", "summary": "This spot is popular", "type": "general"}], "count": 0}, "venue": {"hereNow": {"groups": [], "summary": "Nobody here", "count": 0}, "contact": {}, "photos": {"groups": [], "count": 0}, "rating": 6.1, "name": "Nu Sing Eating House", "ratingSignals": 11, "allowMenuUrlEdit": true, "categories": [{"pluralName": "Asian Restaurants", "id": "4bf58dd8d48988d142941735", "primary": true, "icon": {"prefix": "https://ss3.4sqi.net/img/categories_v2/food/asian_", "suffix": ".png"}, "name": "Asian Restaurant", "shortName": "Asian"}], "stats": {"checkinsCount": 793, "usersCount": 302, "tipCount": 9}, "id": "4ba44a4bf964a520709338e3", "beenHere": {"lastCheckinExpiredAt": 0, "count": 0, "marked": false}, "ratingColor": "FFC800", "location": {"formattedAddress": ["509 Bishan St 11, #01-382", "570509", "Singapore"], "postalCode": "570509", "lat": 1.3486539794838301, "lng": 103.8496511995415, "country": "Singapore", "distance": 300, "city": "Singapore", "cc": "SG", "address": "509 Bishan St 11, #01-382", "labeledLatLngs": [{"lng": 103.8496511995415, "label": "display", "lat": 1.3486539794838301}]}, "hours": {"isLocalHoliday": false, "isOpen": true, "status": "Likely open"}, "verified": false, "price": {"tier": 2, "currency": "$", "message": "Moderate"}}, "referralId": "e-3-4ba44a4bf964a520709338e3-5", "tips": [{"id": "4be51dff70c603bbafaa9ab4", "text": "The Tom Yam noodles here is the best! Must try. Ask them to add egg for you. The egg is a fried egg, makes your soup really fragrant. 50c more only.", "disagreeCount": 0, "logView": true, "createdAt": 1273306623, "likes": {"groups": [], "summary": "1 like", "count": 1}, "todo": {"count": 1}, "agreeCount": 1, "canonicalUrl": "https://foursquare.com/item/4be51dff70c603bbafaa9ab4", "type": "user", "user": {"gender": "female", "id": "1153698", "photo": {"prefix": "https://igx.4sqi.net/img/user/", "suffix": "/2XPFT2ZISW0TOSH2.jpg"}, "firstName": "Claire", "lastName": "Y"}}]}, {"reasons": {"items": [{"reasonName": "globalInteractionReason", "summary": "This spot is popular", "type": "general"}], "count": 0}, "venue": {"hereNow": {"groups": [], "summary": "Nobody here", "count": 0}, "contact": {"phone": "+6592762629", "formattedPhone": "+65 9276 2629"}, "photos": {"groups": [], "count": 0}, "rating": 6.1, "name": "Mata Thai Restaurant", "ratingSignals": 45, "allowMenuUrlEdit": true, "categories": [{"pluralName": "Thai Restaurants", "id": "4bf58dd8d48988d149941735", "primary": true, "icon": {"prefix": "https://ss3.4sqi.net/img/categories_v2/food/thai_", "suffix": ".png"}, "name": "Thai Restaurant", "shortName": "Thai"}], "stats": {"checkinsCount": 1241, "usersCount": 699, "tipCount": 28}, "id": "4d9476735241a1cd39815f4b", "beenHere": {"lastCheckinExpiredAt": 0, "count": 0, "marked": false}, "ratingColor": "FFC800", "location": {"lat": 1.3487975271398776, "distance": 279, "country": "Singapore", "cc": "SG", "crossStreet": "Bishan St 13", "formattedAddress": ["#01-390, 508 Bishan St 11 (Bishan St 13)", "570508", "Singapore"], "neighborhood": "Bishan", "city": "Singapore", "lng": 103.84926054627824, "labeledLatLngs": [{"lng": 103.84926054627824, "label": "display", "lat": 1.3487975271398776}], "address": "#01-390, 508 Bishan St 11", "postalCode": "570508"}, "hours": {"isLocalHoliday": false, "isOpen": true, "status": "Open until 10:30 PM"}, "verified": false, "price": {"tier": 2, "currency": "$", "message": "Moderate"}}, "referralId": "e-3-4d9476735241a1cd39815f4b-6", "tips": [{"id": "4c452e2836d6a593f7976ba8", "text": "Indeed great food n excellent service. A must try is the green curry!", "disagreeCount": 0, "logView": true, "createdAt": 1279602216, "likes": {"groups": [], "summary": "2 likes", "count": 2}, "todo": {"count": 1}, "agreeCount": 0, "canonicalUrl": "https://foursquare.com/item/4c452e2836d6a593f7976ba8", "type": "user", "user": {"gender": "male", "id": "2144549", "photo": {"prefix": "https://igx.4sqi.net/img/user/", "suffix": "/SNVHL05CYSQTVEEA.jpg"}, "firstName": "Wilson", "lastName": "Chua"}}]}, {"reasons": {"items": [{"reasonName": "globalInteractionReason", "summary": "This spot is popular", "type": "general"}], "count": 0}, "venue": {"hereNow": {"groups": [], "summary": "Nobody here", "count": 0}, "contact": {"phone": "+6562593025", "formattedPhone": "+65 6259 3025"}, "photos": {"groups": [], "count": 0}, "rating": 5.9, "name": "The Coffee Bean & Tea Leaf", "ratingSignals": 83, "allowMenuUrlEdit": true, "categories": [{"pluralName": "Caf\u00e9s", "id": "4bf58dd8d48988d16d941735", "primary": true, "icon": {"prefix": "https://ss3.4sqi.net/img/categories_v2/food/cafe_", "suffix": ".png"}, "name": "Caf\u00e9", "shortName": "Caf\u00e9"}], "stats": {"checkinsCount": 6073, "usersCount": 3298, "tipCount": 37}, "id": "4b1384b6f964a520869723e3", "beenHere": {"lastCheckinExpiredAt": 0, "count": 0, "marked": false}, "ratingColor": "FF9600", "location": {"lng": 103.84813785552979, "formattedAddress": ["#01-34 Junction 8 Shopping Centre (9 Bishan Pl)", "579837", "Singapore"], "postalCode": "579837", "lat": 1.3505066436261501, "crossStreet": "9 Bishan Pl", "country": "Singapore", "distance": 144, "city": "Singapore", "cc": "SG", "address": "#01-34 Junction 8 Shopping Centre", "labeledLatLngs": [{"lng": 103.84813785552979, "label": "display", "lat": 1.3505066436261501}]}, "hours": {"isLocalHoliday": false, "isOpen": true, "status": "Likely open"}, "verified": true, "price": {"tier": 1, "currency": "$", "message": "Cheap"}}, "referralId": "e-3-4b1384b6f964a520869723e3-7", "tips": [{"id": "4cf60178e308236abad5e3ac", "text": "Wireless@SG is faster than the 3G network on my iPhone here.", "disagreeCount": 0, "logView": true, "createdAt": 1291190648, "likes": {"groups": [], "summary": "10 likes", "count": 10}, "todo": {"count": 2}, "agreeCount": 0, "canonicalUrl": "https://foursquare.com/item/4cf60178e308236abad5e3ac", "type": "user", "user": {"gender": "male", "id": "1653075", "photo": {"prefix": "https://igx.4sqi.net/img/user/", "suffix": "/1653075-ALS4IRCIEEJYRVA5.jpg"}, "firstName": "Emmanuel", "lastName": "Phua"}}]}, {"reasons": {"items": [{"reasonName": "globalInteractionReason", "summary": "This spot is popular", "type": "general"}], "count": 0}, "venue": {"contact": {"phone": "+6562550243", "formattedPhone": "+65 6255 0243"}, "photos": {"groups": [], "count": 0}, "rating": 5.9, "name": "S-11 Food Court", "ratingSignals": 63, "allowMenuUrlEdit": true, "categories": [{"pluralName": "Food Courts", "id": "4bf58dd8d48988d120951735", "primary": true, "icon": {"prefix": "https://ss3.4sqi.net/img/categories_v2/shops/food_foodcourt_", "suffix": ".png"}, "name": "Food Court", "shortName": "Food Court"}], "stats": {"checkinsCount": 5671, "usersCount": 1947, "tipCount": 52}, "id": "4b5ad46bf964a5207ed628e3", "beenHere": {"lastCheckinExpiredAt": 0, "count": 0, "marked": false}, "ratingColor": "FF9600", "location": {"lng": 103.84860946000165, "formattedAddress": ["#01-444, 504 Bishan St 11 (opp Junction 8 Shopping Centre)", "570504", "Singapore"], "postalCode": "570504", "lat": 1.349584330504341, "crossStreet": "opp Junction 8 Shopping Centre", "country": "Singapore", "distance": 201, "city": "Singapore", "cc": "SG", "address": "#01-444, 504 Bishan St 11", "labeledLatLngs": [{"lng": 103.84860946000165, "label": "display", "lat": 1.349584330504341}]}, "hours": {"isLocalHoliday": false, "isOpen": true, "status": "Likely open"}, "verified": false, "hereNow": {"groups": [], "summary": "Nobody here", "count": 0}}, "referralId": "e-3-4b5ad46bf964a5207ed628e3-8", "tips": [{"id": "4b8f3b1470c603bb818193b4", "text": "Try pontian wan ton mee", "disagreeCount": 0, "logView": true, "createdAt": 1267677972, "likes": {"groups": [], "summary": "10 likes", "count": 10}, "todo": {"count": 0}, "agreeCount": 0, "canonicalUrl": "https://foursquare.com/item/4b8f3b1470c603bb818193b4", "type": "user", "user": {"gender": "male", "id": "172181", "photo": {"prefix": "https://igx.4sqi.net/img/user/", "suffix": "/172181-RLPTIZ5FY2PT4FXU.jpg"}, "firstName": "Jun Yong", "lastName": "Chong"}}]}, {"reasons": {"items": [{"reasonName": "globalInteractionReason", "summary": "This spot is popular", "type": "general"}], "count": 0}, "venue": {"hereNow": {"groups": [], "summary": "Nobody here", "count": 0}, "contact": {"phone": "+6562517141", "formattedPhone": "+65 6251 7141"}, "photos": {"groups": [], "count": 0}, "rating": 5.6, "name": "Pastamania", "ratingSignals": 40, "allowMenuUrlEdit": true, "categories": [{"pluralName": "Italian Restaurants", "id": "4bf58dd8d48988d110941735", "primary": true, "icon": {"prefix": "https://ss3.4sqi.net/img/categories_v2/food/italian_", "suffix": ".png"}, "name": "Italian Restaurant", "shortName": "Italian"}], "stats": {"checkinsCount": 3236, "usersCount": 1924, "tipCount": 11}, "id": "4ce10c1cf8cdb1f7d7609a12", "beenHere": {"lastCheckinExpiredAt": 0, "count": 0, "marked": false}, "ratingColor": "FF9600", "location": {"lng": 103.84829241042243, "formattedAddress": ["#01-37 Junction 8 Shopping Centre (9 Bishan Pl)", "579837", "Singapore"], "postalCode": "579837", "lat": 1.3507477362661189, "crossStreet": "9 Bishan Pl", "country": "Singapore", "distance": 114, "city": "Singapore", "cc": "SG", "address": "#01-37 Junction 8 Shopping Centre", "labeledLatLngs": [{"lng": 103.84829241042243, "label": "display", "lat": 1.3507477362661189}]}, "hours": {"isLocalHoliday": false, "isOpen": true, "status": "Likely open"}, "verified": false, "price": {"tier": 2, "currency": "$", "message": "Moderate"}}, "referralId": "e-3-4ce10c1cf8cdb1f7d7609a12-9", "tips": [{"id": "509f9454498efdffc7582cfb", "text": "Standard dropped.", "disagreeCount": 0, "logView": true, "createdAt": 1352635476, "likes": {"groups": [], "summary": "2 likes", "count": 2}, "todo": {"count": 0}, "agreeCount": 2, "canonicalUrl": "https://foursquare.com/item/509f9454498efdffc7582cfb", "type": "user", "user": {"gender": "male", "id": "974097", "photo": {"prefix": "https://igx.4sqi.net/img/user/", "suffix": "/I4LSVTPZC1RIBT5X.jpg"}, "firstName": "Straven", "lastName": "Lim Teng"}}]}, {"reasons": {"items": [{"reasonName": "globalInteractionReason", "summary": "This spot is popular", "type": "general"}], "count": 0}, "venue": {"hereNow": {"groups": [], "summary": "Nobody here", "count": 0}, "contact": {"phone": "+6562598134", "formattedPhone": "+65 6259 8134"}, "photos": {"groups": [], "count": 0}, "rating": 5.6, "name": "Toast Box \u571f\u53f8\u5de5\u574a", "ratingSignals": 14, "allowMenuUrlEdit": true, "categories": [{"pluralName": "Caf\u00e9s", "id": "4bf58dd8d48988d16d941735", "primary": true, "icon": {"prefix": "https://ss3.4sqi.net/img/categories_v2/food/cafe_", "suffix": ".png"}, "name": "Caf\u00e9", "shortName": "Caf\u00e9"}], "stats": {"checkinsCount": 447, "usersCount": 274, "tipCount": 1}, "id": "4fab380be4b0a1a273a6b6ef", "beenHere": {"lastCheckinExpiredAt": 0, "count": 0, "marked": false}, "url": "http://www.toastbox.com.sg", "ratingColor": "FF9600", "location": {"lng": 103.84826410246026, "formattedAddress": ["#01-51, Junction 8 Shopping Centre (9 Bishan Pl.)", "579837", "Singapore"], "postalCode": "579837", "lat": 1.350716751298353, "crossStreet": "9 Bishan Pl.", "country": "Singapore", "distance": 118, "city": "Singapore", "cc": "SG", "address": "#01-51, Junction 8 Shopping Centre", "labeledLatLngs": [{"lng": 103.84826410246026, "label": "display", "lat": 1.350716751298353}]}, "hours": {"isLocalHoliday": false, "isOpen": true, "status": "Likely open"}, "verified": false, "price": {"tier": 1, "currency": "$", "message": "Cheap"}}, "referralId": "e-3-4fab380be4b0a1a273a6b6ef-10", "tips": [{"id": "52d8e571498ea7145a566633", "text": "The prawns in the laksa are never fresh. Gee... Take a good look at them before you take a bite!", "disagreeCount": 0, "createdAt": 1389946225, "logView": true, "todo": {"count": 0}, "agreeCount": 0, "canonicalUrl": "https://foursquare.com/item/52d8e571498ea7145a566633", "type": "user", "user": {"gender": "female", "id": "4405257", "photo": {"prefix": "https://igx.4sqi.net/img/user/", "suffix": "/EGEOHIDRCNTRLVYJ.jpg"}, "firstName": "Pam", "lastName": "Sia"}}]}, {"reasons": {"items": [{"reasonName": "globalInteractionReason", "summary": "This spot is popular", "type": "general"}], "count": 0}, "venue": {"hereNow": {"groups": [], "summary": "Nobody here", "count": 0}, "contact": {}, "photos": {"groups": [], "count": 0}, "rating": 5.6, "name": "A-One Claypot House", "ratingSignals": 23, "allowMenuUrlEdit": true, "categories": [{"pluralName": "Chinese Restaurants", "id": "4bf58dd8d48988d145941735", "primary": true, "icon": {"prefix": "https://ss3.4sqi.net/img/categories_v2/food/asian_", "suffix": ".png"}, "name": "Chinese Restaurant", "shortName": "Chinese"}], "stats": {"checkinsCount": 477, "usersCount": 343, "tipCount": 9}, "id": "52566c82498e1b751c00439f", "beenHere": {"lastCheckinExpiredAt": 0, "count": 0, "marked": false}, "ratingColor": "FF9600", "location": {"lng": 103.84849056632277, "formattedAddress": ["#01-49/50 Junction 8 Shopping Centre (9 Bishan Place)", "579837", "Singapore"], "postalCode": "579837", "lat": 1.3510082187669, "crossStreet": "9 Bishan Place", "country": "Singapore", "distance": 81, "city": "Singapore", "cc": "SG", "address": "#01-49/50 Junction 8 Shopping Centre", "labeledLatLngs": [{"lng": 103.84849056632277, "label": "display", "lat": 1.3510082187669}]}, "hours": {"isLocalHoliday": false, "isOpen": true, "status": "Likely open"}, "verified": false, "price": {"tier": 1, "currency": "$", "message": "Cheap"}}, "referralId": "e-3-52566c82498e1b751c00439f-11", "tips": [{"logView": true, "photo": {"id": "540c4d80498eb36d36547f2a", "visibility": "public", "source": {"name": "Foursquare for iOS", "url": "https://foursquare.com/download/#/iphone"}, "suffix": "/55457013_SCMeP7uG5YgsTBUQ8xgiLFD4RzzfGZjo_lt3b7_o9Zc.jpg", "createdAt": 1410092416, "prefix": "https://igx.4sqi.net/img/general/", "width": 720, "height": 960}, "createdAt": 1410092413, "todo": {"count": 0}, "agreeCount": 1, "likes": {"groups": [], "summary": "1 like", "count": 1}, "id": "540c4d7d498e0bd9db72dc92", "text": "Dinner with Audry.", "disagreeCount": 0, "user": {"gender": "male", "id": "55457013", "photo": {"prefix": "https://igx.4sqi.net/img/user/", "suffix": "/JVIBP2VXVKJ1GWWY.jpg"}, "firstName": "Chris", "lastName": "Chung Chee Hoe"}, "canonicalUrl": "https://foursquare.com/item/540c4d7d498e0bd9db72dc92", "type": "user", "photourl": "https://igx.4sqi.net/img/general/original/55457013_SCMeP7uG5YgsTBUQ8xgiLFD4RzzfGZjo_lt3b7_o9Zc.jpg"}]}, {"reasons": {"items": [{"reasonName": "globalInteractionReason", "summary": "This spot is popular", "type": "general"}], "count": 0}, "venue": {"hereNow": {"groups": [], "summary": "Nobody here", "count": 0}, "contact": {"phone": "+6563567330", "formattedPhone": "+65 6356 7330"}, "photos": {"groups": [], "count": 0}, "rating": 5.5, "name": "Cafe Galilee", "ratingSignals": 8, "allowMenuUrlEdit": true, "categories": [{"pluralName": "Caf\u00e9s", "id": "4bf58dd8d48988d16d941735", "primary": true, "icon": {"prefix": "https://ss3.4sqi.net/img/categories_v2/food/cafe_", "suffix": ".png"}, "name": "Caf\u00e9", "shortName": "Caf\u00e9"}], "stats": {"checkinsCount": 1006, "usersCount": 397, "tipCount": 6}, "id": "4bd7addd88559521892a88a7", "beenHere": {"lastCheckinExpiredAt": 0, "count": 0, "marked": false}, "ratingColor": "FF9600", "location": {"lng": 103.84891033172607, "formattedAddress": ["#01-02 Bishan Public Library (5 Bishan Pl)", "579841", "Singapore"], "postalCode": "579841", "lat": 1.3498630921915558, "crossStreet": "5 Bishan Pl", "country": "Singapore", "distance": 163, "city": "Singapore", "cc": "SG", "address": "#01-02 Bishan Public Library", "labeledLatLngs": [{"lng": 103.84891033172607, "label": "display", "lat": 1.3498630921915558}]}, "hours": {"isLocalHoliday": false, "isOpen": true, "status": "Open until 9:00 PM"}, "verified": false, "price": {"tier": 1, "currency": "$", "message": "Cheap"}}, "referralId": "e-3-4bd7addd88559521892a88a7-12", "tips": [{"id": "5309a9c3498e5c7a2a71a9ee", "text": "The Ladies aee.friendly,one of them will help you find seats if she is.free", "disagreeCount": 0, "createdAt": 1393142211, "logView": true, "todo": {"count": 0}, "agreeCount": 0, "canonicalUrl": "https://foursquare.com/item/5309a9c3498e5c7a2a71a9ee", "type": "user", "user": {"gender": "male", "id": "3083886", "photo": {"prefix": "https://igx.4sqi.net/img/user/", "suffix": "/G5CVURBHXGOXPX30.jpg"}, "firstName": "Barnabas", "lastName": "Koh"}}]}, {"reasons": {"items": [{"reasonName": "globalInteractionReason", "summary": "This spot is popular", "type": "general"}], "count": 0}, "venue": {"hereNow": {"groups": [], "summary": "Nobody here", "count": 0}, "contact": {"phone": "+6562513444", "formattedPhone": "+65 6251 3444"}, "photos": {"groups": [], "count": 0}, "rating": 5.5, "name": "BreadTalk / The Icing Room", "ratingSignals": 12, "allowMenuUrlEdit": true, "categories": [{"pluralName": "Bakeries", "id": "4bf58dd8d48988d16a941735", "primary": true, "icon": {"prefix": "https://ss3.4sqi.net/img/categories_v2/food/bakery_", "suffix": ".png"}, "name": "Bakery", "shortName": "Bakery"}], "stats": {"checkinsCount": 1333, "usersCount": 687, "tipCount": 9}, "id": "4b1db826f964a5205d1424e3", "beenHere": {"lastCheckinExpiredAt": 0, "count": 0, "marked": false}, "url": "http://www.breadtalk.com.sg/", "ratingColor": "FF9600", "location": {"lng": 103.84873867034912, "formattedAddress": ["#01-35/36, Junction 8 Shopping Centre (9 Bishan Pl)", "579837", "Singapore"], "postalCode": "579837", "lat": 1.3506139021820183, "crossStreet": "9 Bishan Pl", "country": "Singapore", "distance": 90, "city": "Singapore", "cc": "SG", "address": "#01-35/36, Junction 8 Shopping Centre", "labeledLatLngs": [{"lng": 103.84873867034912, "label": "display", "lat": 1.3506139021820183}]}, "hours": {"isLocalHoliday": false, "isOpen": true, "status": "Open until 10:30 PM"}, "verified": false, "price": {"tier": 1, "currency": "$", "message": "Cheap"}}, "referralId": "e-3-4b1db826f964a5205d1424e3-13", "tips": [{"id": "4d3d414714aa8cfad56bb15e", "text": "Walnut-raisin wholemeal bun. Cranberry wholemeal bun. crusty and chewy. Eat with loads of butter!!", "disagreeCount": 0, "logView": true, "createdAt": 1295860039, "likes": {"groups": [], "summary": "1 like", "count": 1}, "todo": {"count": 0}, "agreeCount": 1, "canonicalUrl": "https://foursquare.com/item/4d3d414714aa8cfad56bb15e", "type": "user", "user": {"gender": "female", "id": "4737967", "photo": {"prefix": "https://igx.4sqi.net/img/user/", "suffix": "/4737967-3KTED5H424K4R0LK.jpg"}, "firstName": "Shihui", "lastName": "Pang"}}]}, {"reasons": {"items": [{"reasonName": "globalInteractionReason", "summary": "This spot is popular", "type": "general"}], "count": 0}, "venue": {"contact": {}, "photos": {"groups": [], "count": 0}, "rating": 5.5, "name": "GM Food Center", "ratingSignals": 8, "allowMenuUrlEdit": true, "categories": [{"pluralName": "Food Courts", "id": "4bf58dd8d48988d120951735", "primary": true, "icon": {"prefix": "https://ss3.4sqi.net/img/categories_v2/shops/food_foodcourt_", "suffix": ".png"}, "name": "Food Court", "shortName": "Food Court"}], "stats": {"checkinsCount": 362, "usersCount": 104, "tipCount": 6}, "id": "4bc30ead74a9a59318f9d3f6", "beenHere": {"lastCheckinExpiredAt": 0, "count": 0, "marked": false}, "ratingColor": "FF9600", "location": {"lng": 103.84918128343433, "formattedAddress": ["Blk 514 Bishan Bus Interchange, Bishan St 13 (above Bishan Bus Interchange)", "570514", "Singapore"], "postalCode": "570514", "lat": 1.3506321051412817, "crossStreet": "above Bishan Bus Interchange", "country": "Singapore", "distance": 75, "city": "Singapore", "cc": "SG", "address": "Blk 514 Bishan Bus Interchange, Bishan St 13", "labeledLatLngs": [{"lng": 103.84918128343433, "label": "display", "lat": 1.3506321051412817}]}, "hours": {"isLocalHoliday": false, "isOpen": false}, "verified": false, "hereNow": {"groups": [], "summary": "Nobody here", "count": 0}}, "referralId": "e-3-4bc30ead74a9a59318f9d3f6-14", "tips": [{"id": "4c2b34bbd1a10f472383f764", "text": "Cheapest kopi-o @ 60cents", "disagreeCount": 0, "logView": true, "createdAt": 1277899963, "likes": {"groups": [], "summary": "3 likes", "count": 3}, "todo": {"count": 1}, "agreeCount": 1, "canonicalUrl": "https://foursquare.com/item/4c2b34bbd1a10f472383f764", "type": "user", "user": {"gender": "female", "id": "1806930", "photo": {"prefix": "https://igx.4sqi.net/img/user/", "suffix": "/E20XX1NALAKFSFEH.jpg"}, "firstName": "Michal", "lastName": "Yaegashi"}}]}, {"reasons": {"items": [{"reasonName": "globalInteractionReason", "summary": "This spot is popular", "type": "general"}], "count": 0}, "venue": {"id": "55c8a1bc498e372c8dfe2fca", "hereNow": {"groups": [{"items": [], "name": "Other people here", "count": 1, "type": "others"}], "summary": "One other person is here", "count": 1}, "contact": {}, "beenHere": {"lastCheckinExpiredAt": 0, "count": 0, "marked": false}, "photos": {"groups": [], "count": 0}, "name": "Express Teppan-Yaki", "location": {"lng": 103.84873967700742, "formattedAddress": ["Bishan Junction 8 (Food Junction Stall #M2)", "Singapore"], "lat": 1.350772730042264, "crossStreet": "Food Junction Stall #M2", "country": "Singapore", "distance": 75, "city": "Singapore", "cc": "SG", "address": "Bishan Junction 8", "labeledLatLngs": [{"lng": 103.84873967700742, "label": "display", "lat": 1.350772730042264}]}, "allowMenuUrlEdit": true, "verified": false, "categories": [{"pluralName": "Food Courts", "id": "4bf58dd8d48988d120951735", "primary": true, "icon": {"prefix": "https://ss3.4sqi.net/img/categories_v2/shops/food_foodcourt_", "suffix": ".png"}, "name": "Food Court", "shortName": "Food Court"}], "stats": {"checkinsCount": 66, "usersCount": 40, "tipCount": 0}}, "referralId": "e-3-55c8a1bc498e372c8dfe2fca-15"}, {"reasons": {"items": [{"reasonName": "globalInteractionReason", "summary": "This spot is popular", "type": "general"}], "count": 0}, "venue": {"hereNow": {"groups": [], "summary": "Nobody here", "count": 0}, "contact": {"facebook": "215161275276936", "facebookName": "Bishan Vegetarian", "phone": "+6597454200", "formattedPhone": "+65 9745 4200"}, "photos": {"groups": [], "count": 0}, "name": "Bishan Vegetarian \u78a7\u5c71\u7d20\u98df", "allowMenuUrlEdit": true, "beenHere": {"lastCheckinExpiredAt": 0, "count": 0, "marked": false}, "stats": {"checkinsCount": 45, "usersCount": 10, "tipCount": 0}, "id": "4fa75d3fe4b0cbe2e169e590", "categories": [{"pluralName": "Vegetarian / Vegan Restaurants", "id": "4bf58dd8d48988d1d3941735", "primary": true, "icon": {"prefix": "https://ss3.4sqi.net/img/categories_v2/food/vegetarian_", "suffix": ".png"}, "name": "Vegetarian / Vegan Restaurant", "shortName": "Vegetarian / Vegan"}], "location": {"formattedAddress": ["514 Bishan 13", "570514", "Singapore"], "postalCode": "570514", "lat": 1.3506194273882115, "lng": 103.84908503575745, "country": "Singapore", "distance": 77, "city": "Singapore", "cc": "SG", "address": "514 Bishan 13", "labeledLatLngs": [{"lng": 103.84908503575745, "label": "display", "lat": 1.3506194273882115}]}, "hours": {"isLocalHoliday": false, "isOpen": false, "status": "Closed until 7:00 AM tomorrow"}, "verified": false, "price": {"tier": 2, "currency": "$", "message": "Moderate"}}, "referralId": "e-3-4fa75d3fe4b0cbe2e169e590-16"}, {"reasons": {"items": [{"reasonName": "globalInteractionReason", "summary": "This spot is popular", "type": "general"}], "count": 0}, "venue": {"id": "4ffad12345b019248d61216c", "hereNow": {"groups": [], "summary": "Nobody here", "count": 0}, "contact": {}, "beenHere": {"lastCheckinExpiredAt": 0, "count": 0, "marked": false}, "photos": {"groups": [], "count": 0}, "name": "Bishan Cafeteria (Eating House)", "location": {"lng": 103.84925488464502, "formattedAddress": ["Above Bishan Bus Interchange (Bishan Place)", "579837", "Singapore"], "postalCode": "579837", "lat": 1.350628087533676, "crossStreet": "Bishan Place", "country": "Singapore", "distance": 76, "city": "Singapore", "cc": "SG", "address": "Above Bishan Bus Interchange", "labeledLatLngs": [{"lng": 103.84925488464502, "label": "display", "lat": 1.350628087533676}]}, "allowMenuUrlEdit": true, "verified": false, "categories": [{"pluralName": "Food Courts", "id": "4bf58dd8d48988d120951735", "primary": true, "icon": {"prefix": "https://ss3.4sqi.net/img/categories_v2/shops/food_foodcourt_", "suffix": ".png"}, "name": "Food Court", "shortName": "Food Court"}], "stats": {"checkinsCount": 236, "usersCount": 105, "tipCount": 2}}, "referralId": "e-3-4ffad12345b019248d61216c-17", "tips": [{"logView": true, "photo": {"id": "5153df88e4b0e922964e02f0", "visibility": "public", "source": {"name": "Foursquare for Android", "url": "https://foursquare.com/download/#/android"}, "suffix": "/2643494_LqnVFLjzKffjjm60geh2hdJsknrlt3CD2GWxSRbsgbw.jpg", "createdAt": 1364451208, "prefix": "https://igx.4sqi.net/img/general/", "width": 960, "height": 960}, "createdAt": 1364451199, "todo": {"count": 0}, "agreeCount": 1, "likes": {"groups": [], "summary": "1 like", "count": 1}, "id": "5153df7fe4b058ca32ca93fe", "text": "I recommend the pork chop fried rice from the taiwan stall. Affordable and good.", "disagreeCount": 0, "user": {"gender": "female", "id": "2643494", "photo": {"prefix": "https://igx.4sqi.net/img/user/", "suffix": "/C4ECQC22MAOV35ZO.jpg"}, "firstName": "Labelle", "lastName": "Luo"}, "canonicalUrl": "https://foursquare.com/item/5153df7fe4b058ca32ca93fe", "type": "user", "photourl": "https://igx.4sqi.net/img/general/original/2643494_LqnVFLjzKffjjm60geh2hdJsknrlt3CD2GWxSRbsgbw.jpg"}]}, {"reasons": {"items": [{"reasonName": "globalInteractionReason", "summary": "This spot is popular", "type": "general"}], "count": 0}, "venue": {"hereNow": {"groups": [], "summary": "Nobody here", "count": 0}, "contact": {"twitter": "Sarpinosj8", "phone": "+6598118216", "formattedPhone": "+65 9811 8216"}, "photos": {"groups": [], "count": 0}, "name": "Sarpino's Pizzeria", "allowMenuUrlEdit": true, "beenHere": {"lastCheckinExpiredAt": 0, "count": 0, "marked": false}, "stats": {"checkinsCount": 44, "usersCount": 30, "tipCount": 0}, "id": "4ec86c1ff9f43c0ee6d4b586", "categories": [{"pluralName": "Pizza Places", "id": "4bf58dd8d48988d1ca941735", "primary": true, "icon": {"prefix": "https://ss3.4sqi.net/img/categories_v2/food/pizza_", "suffix": ".png"}, "name": "Pizza Place", "shortName": "Pizza"}], "location": {"lng": 103.8487453386192, "formattedAddress": ["#B1-K13, Junction 8 Shopping Centre (9 Bishan Pl)", "Singapore"], "lat": 1.350196126272064, "crossStreet": "9 Bishan Pl", "country": "Singapore", "distance": 131, "city": "Singapore", "cc": "SG", "address": "#B1-K13, Junction 8 Shopping Centre", "labeledLatLngs": [{"lng": 103.8487453386192, "label": "display", "lat": 1.350196126272064}]}, "verified": false, "price": {"tier": 1, "currency": "$", "message": "Cheap"}}, "referralId": "e-3-4ec86c1ff9f43c0ee6d4b586-18"}, {"reasons": {"items": [{"reasonName": "globalInteractionReason", "summary": "This spot is popular", "type": "general"}], "count": 0}, "venue": {"hereNow": {"groups": [], "summary": "Nobody here", "count": 0}, "contact": {}, "photos": {"groups": [], "count": 0}, "name": "Long John Silver's", "allowMenuUrlEdit": true, "beenHere": {"lastCheckinExpiredAt": 0, "count": 0, "marked": false}, "stats": {"checkinsCount": 165, "usersCount": 116, "tipCount": 1}, "id": "5286b6d711d2c76ed5e30f10", "categories": [{"pluralName": "Fast Food Restaurants", "id": "4bf58dd8d48988d16e941735", "primary": true, "icon": {"prefix": "https://ss3.4sqi.net/img/categories_v2/food/fastfood_", "suffix": ".png"}, "name": "Fast Food Restaurant", "shortName": "Fast Food"}], "location": {"lng": 103.84827542564442, "formattedAddress": ["9 Bishan Place (#01-19/A Junction 8)", "Singapore"], "lat": 1.350229938724417, "crossStreet": "#01-19/A Junction 8", "country": "Singapore", "distance": 154, "city": "Singapore", "cc": "SG", "address": "9 Bishan Place", "labeledLatLngs": [{"lng": 103.84827542564442, "label": "display", "lat": 1.350229938724417}]}, "verified": false, "price": {"tier": 1, "currency": "$", "message": "Cheap"}}, "referralId": "e-3-5286b6d711d2c76ed5e30f10-19", "tips": [{"logView": true, "photo": {"id": "54827630498e2faa4347765a", "visibility": "public", "source": {"name": "Foursquare for iOS", "url": "https://foursquare.com/download/#/iphone"}, "suffix": "/468816_pCWHJ8_n2ynipB2NHte7NteGkaAEUu2D6KajcQAgnbc.jpg", "createdAt": 1417836080, "prefix": "https://igx.4sqi.net/img/general/", "width": 1920, "height": 1439}, "createdAt": 1417836077, "agreeCount": 0, "id": "5482762d498ee9d6379a40a1", "text": "Bfast bread is pretty big, unlike the shop beside. But French toast wasn't nice...", "type": "user", "disagreeCount": 0, "user": {"gender": "male", "id": "468816", "photo": {"prefix": "https://igx.4sqi.net/img/user/", "suffix": "/OFXTOB4LXB4BDDVD.jpg"}, "firstName": "Leo", "lastName": "Goh"}, "canonicalUrl": "https://foursquare.com/item/5482762d498ee9d6379a40a1", "todo": {"count": 0}, "photourl": "https://igx.4sqi.net/img/general/original/468816_pCWHJ8_n2ynipB2NHte7NteGkaAEUu2D6KajcQAgnbc.jpg"}]}, {"reasons": {"items": [{"reasonName": "globalInteractionReason", "summary": "This spot is popular", "type": "general"}], "count": 0}, "venue": {"hereNow": {"groups": [], "summary": "Nobody here", "count": 0}, "contact": {}, "photos": {"groups": [], "count": 0}, "name": "BBQ express", "allowMenuUrlEdit": true, "beenHere": {"lastCheckinExpiredAt": 0, "count": 0, "marked": false}, "stats": {"checkinsCount": 43, "usersCount": 27, "tipCount": 0}, "id": "533a9d81498efc10465d5ad7", "categories": [{"pluralName": "BBQ Joints", "id": "4bf58dd8d48988d1df931735", "primary": true, "icon": {"prefix": "https://ss3.4sqi.net/img/categories_v2/food/bbqalt_", "suffix": ".png"}, "name": "BBQ Joint", "shortName": "BBQ"}], "location": {"formattedAddress": ["Singapore"], "lat": 1.350376794591768, "lng": 103.84909635901002, "distance": 103, "country": "Singapore", "cc": "SG", "labeledLatLngs": [{"lng": 103.84909635901002, "label": "display", "lat": 1.350376794591768}]}, "verified": false, "price": {"tier": 2, "currency": "$", "message": "Moderate"}}, "referralId": "e-3-533a9d81498efc10465d5ad7-20"}, {"reasons": {"items": [{"reasonName": "globalInteractionReason", "summary": "This spot is popular", "type": "general"}], "count": 0}, "venue": {"hereNow": {"groups": [], "summary": "Nobody here", "count": 0}, "contact": {}, "photos": {"groups": [], "count": 0}, "name": "Dian Xiao Er", "allowMenuUrlEdit": true, "beenHere": {"lastCheckinExpiredAt": 0, "count": 0, "marked": false}, "stats": {"checkinsCount": 363, "usersCount": 291, "tipCount": 2}, "id": "54017053498ed9078533b8cd", "categories": [{"pluralName": "Chinese Restaurants", "id": "4bf58dd8d48988d145941735", "primary": true, "icon": {"prefix": "https://ss3.4sqi.net/img/categories_v2/food/asian_", "suffix": ".png"}, "name": "Chinese Restaurant", "shortName": "Chinese"}], "location": {"formattedAddress": ["Bishan Junction 8", "Singapore"], "lat": 1.350492594055759, "lng": 103.84913599040142, "country": "Singapore", "distance": 90, "city": "Singapore", "cc": "SG", "address": "Bishan Junction 8", "labeledLatLngs": [{"lng": 103.84913599040142, "label": "display", "lat": 1.350492594055759}]}, "hours": {"isLocalHoliday": false, "isOpen": true, "status": "Likely open"}, "verified": false, "price": {"tier": 1, "currency": "$", "message": "Cheap"}}, "referralId": "e-3-54017053498ed9078533b8cd-21", "tips": [{"id": "56f60fde38fa4abfcf3b3dbb", "text": "very good service. set for a table for 10 was economical and nice!", "disagreeCount": 0, "createdAt": 1458966494, "logView": true, "todo": {"count": 0}, "agreeCount": 0, "canonicalUrl": "https://foursquare.com/item/56f60fde38fa4abfcf3b3dbb", "type": "user", "user": {"gender": "male", "id": "1697970", "photo": {"prefix": "https://igx.4sqi.net/img/user/", "suffix": "/1697970-QGMMHJOVPRONUAPQ"}, "firstName": "Alex", "lastName": "Chew"}}]}, {"reasons": {"items": [{"reasonName": "globalInteractionReason", "summary": "This spot is popular", "type": "general"}], "count": 0}, "venue": {"hereNow": {"groups": [], "summary": "Nobody here", "count": 0}, "contact": {"phone": "+6563525392", "formattedPhone": "+65 6352 5392"}, "photos": {"groups": [], "count": 0}, "name": "Snackz It! (Ke Kou Wei)", "allowMenuUrlEdit": true, "beenHere": {"lastCheckinExpiredAt": 0, "count": 0, "marked": false}, "stats": {"checkinsCount": 178, "usersCount": 116, "tipCount": 2}, "id": "4c8e28d8d68c6dcbb2a5f9a1", "categories": [{"pluralName": "Snack Places", "id": "4bf58dd8d48988d1c7941735", "primary": true, "icon": {"prefix": "https://ss3.4sqi.net/img/categories_v2/food/snacks_", "suffix": ".png"}, "name": "Snack Place", "shortName": "Snacks"}], "location": {"formattedAddress": ["9 Bishan Pl., #B1-11 Junction 8 Shopping Centre", "579837", "Singapore"], "postalCode": "579837", "lat": 1.350522, "lng": 103.848835, "country": "Singapore", "distance": 94, "city": "Singapore", "cc": "SG", "address": "9 Bishan Pl., #B1-11 Junction 8 Shopping Centre", "labeledLatLngs": [{"lng": 103.848835, "label": "display", "lat": 1.350522}]}, "verified": false, "price": {"tier": 1, "currency": "$", "message": "Cheap"}}, "referralId": "e-3-4c8e28d8d68c6dcbb2a5f9a1-22", "tips": [{"id": "52f4bdcb11d262c1857e6d72", "text": "The auntie there always give very small portion of chicken. Even have a weighing machine to convince people... isnt it supposed to be called XXL chicken? Any ways to complain that auntie?", "disagreeCount": 0, "createdAt": 1391771083, "logView": true, "todo": {"count": 0}, "agreeCount": 0, "canonicalUrl": "https://foursquare.com/item/52f4bdcb11d262c1857e6d72", "type": "user", "user": {"gender": "male", "id": "24321163", "photo": {"prefix": "https://igx.4sqi.net/img/user/", "default": true, "suffix": "/blank_boy.png"}, "firstName": "Phillippe", "lastName": "Ma"}}]}, {"reasons": {"items": [{"reasonName": "globalInteractionReason", "summary": "This spot is popular", "type": "general"}], "count": 0}, "venue": {"hereNow": {"groups": [], "summary": "Nobody here", "count": 0}, "contact": {}, "photos": {"groups": [], "count": 0}, "name": "Junshin Express", "allowMenuUrlEdit": true, "beenHere": {"lastCheckinExpiredAt": 0, "count": 0, "marked": false}, "stats": {"checkinsCount": 40, "usersCount": 22, "tipCount": 0}, "id": "54eebef4498e2052ff93bc38", "categories": [{"pluralName": "Sushi Restaurants", "id": "4bf58dd8d48988d1d2941735", "primary": true, "icon": {"prefix": "https://ss3.4sqi.net/img/categories_v2/food/sushi_", "suffix": ".png"}, "name": "Sushi Restaurant", "shortName": "Sushi"}], "location": {"formattedAddress": ["Bishan MRT", "Singapore"], "lat": 1.3513576370666611, "lng": 103.84791874579665, "distance": 137, "country": "Singapore", "cc": "SG", "address": "Bishan MRT", "labeledLatLngs": [{"lng": 103.84791874579665, "label": "display", "lat": 1.3513576370666611}]}, "verified": false, "price": {"tier": 2, "currency": "$", "message": "Moderate"}}, "referralId": "e-3-54eebef4498e2052ff93bc38-23"}, {"reasons": {"items": [{"reasonName": "globalInteractionReason", "summary": "This spot is popular", "type": "general"}], "count": 0}, "venue": {"hereNow": {"groups": [], "summary": "Nobody here", "count": 0}, "contact": {"phone": "+6562585096", "formattedPhone": "+65 6258 5096"}, "photos": {"groups": [], "count": 0}, "name": "Jollibean", "allowMenuUrlEdit": true, "beenHere": {"lastCheckinExpiredAt": 0, "count": 0, "marked": false}, "stats": {"checkinsCount": 55, "usersCount": 39, "tipCount": 2}, "id": "4cb9937dbac937049a2ce57c", "categories": [{"pluralName": "Snack Places", "id": "4bf58dd8d48988d1c7941735", "primary": true, "icon": {"prefix": "https://ss3.4sqi.net/img/categories_v2/food/snacks_", "suffix": ".png"}, "name": "Snack Place", "shortName": "Snacks"}], "location": {"formattedAddress": ["9 Bishan Pl, #B1-K6 Junction 8 Shopping Centre", "579837", "Singapore"], "postalCode": "579837", "lat": 1.3505119533892362, "lng": 103.84885857090427, "country": "Singapore", "distance": 94, "city": "Singapore", "cc": "SG", "address": "9 Bishan Pl, #B1-K6 Junction 8 Shopping Centre", "labeledLatLngs": [{"lng": 103.84885857090427, "label": "display", "lat": 1.3505119533892362}]}, "verified": false, "price": {"tier": 1, "currency": "$", "message": "Cheap"}}, "referralId": "e-3-4cb9937dbac937049a2ce57c-24", "tips": [{"id": "4d46411c1928a35de109cb70", "text": "Must try the pancake its good esp the peanut one", "disagreeCount": 0, "logView": true, "createdAt": 1296449820, "likes": {"groups": [], "summary": "1 like", "count": 1}, "todo": {"count": 0}, "agreeCount": 1, "canonicalUrl": "https://foursquare.com/item/4d46411c1928a35de109cb70", "type": "user", "user": {"gender": "male", "id": "5408098", "photo": {"prefix": "https://igx.4sqi.net/img/user/", "suffix": "/KTLZTA4OX3EW0NBU.jpg"}, "firstName": "Marcus", "lastName": "Lee"}}]}, {"reasons": {"items": [{"reasonName": "globalInteractionReason", "summary": "This spot is popular", "type": "general"}], "count": 0}, "venue": {"id": "4dafb14ca86e9639ef52c637", "hereNow": {"groups": [], "summary": "Nobody here", "count": 0}, "contact": {}, "beenHere": {"lastCheckinExpiredAt": 0, "count": 0, "marked": false}, "photos": {"groups": [], "count": 0}, "name": "Original Delights", "location": {"formattedAddress": ["9 Bishan Place Junction 8 Shopping Centre", "Singapore"], "lat": 1.3506353538926192, "lng": 103.84853482246398, "country": "Singapore", "distance": 101, "city": "Singapore", "cc": "SG", "address": "9 Bishan Place Junction 8 Shopping Centre", "labeledLatLngs": [{"lng": 103.84853482246398, "label": "display", "lat": 1.3506353538926192}]}, "allowMenuUrlEdit": true, "verified": false, "categories": [{"pluralName": "Food Courts", "id": "4bf58dd8d48988d120951735", "primary": true, "icon": {"prefix": "https://ss3.4sqi.net/img/categories_v2/shops/food_foodcourt_", "suffix": ".png"}, "name": "Food Court", "shortName": "Food Court"}], "stats": {"checkinsCount": 99, "usersCount": 26, "tipCount": 0}}, "referralId": "e-3-4dafb14ca86e9639ef52c637-25"}, {"reasons": {"items": [{"reasonName": "globalInteractionReason", "summary": "This spot is popular", "type": "general"}], "count": 0}, "venue": {"hereNow": {"groups": [], "summary": "Nobody here", "count": 0}, "contact": {"phone": "+6562551130", "formattedPhone": "+65 6255 1130"}, "photos": {"groups": [], "count": 0}, "name": "Kimly Seafood PTE LTD", "allowMenuUrlEdit": true, "beenHere": {"lastCheckinExpiredAt": 0, "count": 0, "marked": false}, "stats": {"checkinsCount": 139, "usersCount": 34, "tipCount": 0}, "id": "4d1f0a1b8629224bf83d0887", "categories": [{"pluralName": "Seafood Restaurants", "id": "4bf58dd8d48988d1ce941735", "primary": true, "icon": {"prefix": "https://ss3.4sqi.net/img/categories_v2/food/seafood_", "suffix": ".png"}, "name": "Seafood Restaurant", "shortName": "Seafood"}], "location": {"formattedAddress": ["Blk514A Bishan Street 13", "571514", "Singapore"], "postalCode": "571514", "lat": 1.3506420901801286, "lng": 103.85056838987687, "country": "Singapore", "distance": 173, "city": "Singapore", "cc": "SG", "address": "Blk514A Bishan Street 13", "labeledLatLngs": [{"lng": 103.85056838987687, "label": "display", "lat": 1.3506420901801286}]}, "verified": false, "price": {"tier": 3, "currency": "$", "message": "Expensive"}}, "referralId": "e-3-4d1f0a1b8629224bf83d0887-26"}, {"reasons": {"items": [{"reasonName": "globalInteractionReason", "summary": "This spot is popular", "type": "general"}], "count": 0}, "venue": {"hereNow": {"groups": [], "summary": "Nobody here", "count": 0}, "contact": {"phone": "+6562596698", "formattedPhone": "+65 6259 6698"}, "photos": {"groups": [], "count": 0}, "name": "Let's Sweet", "allowMenuUrlEdit": true, "beenHere": {"lastCheckinExpiredAt": 0, "count": 0, "marked": false}, "stats": {"checkinsCount": 80, "usersCount": 64, "tipCount": 0}, "id": "4d04ccfd0e49721e170a737f", "categories": [{"pluralName": "Japanese Restaurants", "id": "4bf58dd8d48988d111941735", "primary": true, "icon": {"prefix": "https://ss3.4sqi.net/img/categories_v2/food/japanese_", "suffix": ".png"}, "name": "Japanese Restaurant", "shortName": "Japanese"}], "location": {"lng": 103.848274, "formattedAddress": ["#02-34/35/35A, Junction 8 Shopping Centre (9 Bishan Place)", "579837", "Singapore"], "postalCode": "579837", "lat": 1.350557, "crossStreet": "9 Bishan Place", "country": "Singapore", "distance": 128, "city": "Bishan", "cc": "SG", "address": "#02-34/35/35A, Junction 8 Shopping Centre", "labeledLatLngs": [{"lng": 103.848274, "label": "display", "lat": 1.350557}]}, "verified": false, "price": {"tier": 2, "currency": "$", "message": "Moderate"}}, "referralId": "e-3-4d04ccfd0e49721e170a737f-27"}, {"reasons": {"items": [{"reasonName": "globalInteractionReason", "summary": "This spot is popular", "type": "general"}], "count": 0}, "venue": {"hereNow": {"groups": [], "summary": "Nobody here", "count": 0}, "contact": {}, "photos": {"groups": [], "count": 0}, "name": "Wan Zai HK Cafe At Junction 8", "allowMenuUrlEdit": true, "beenHere": {"lastCheckinExpiredAt": 0, "count": 0, "marked": false}, "stats": {"checkinsCount": 65, "usersCount": 59, "tipCount": 0}, "id": "4d1c0fcc6cf9721ef4002367", "categories": [{"pluralName": "Caf\u00e9s", "id": "4bf58dd8d48988d16d941735", "primary": true, "icon": {"prefix": "https://ss3.4sqi.net/img/categories_v2/food/cafe_", "suffix": ".png"}, "name": "Caf\u00e9", "shortName": "Caf\u00e9"}], "location": {"formattedAddress": ["Singapore"], "lat": 1.35078, "lng": 103.848597, "distance": 85, "country": "Singapore", "cc": "SG", "labeledLatLngs": [{"lng": 103.848597, "label": "display", "lat": 1.35078}]}, "verified": false, "price": {"tier": 1, "currency": "$", "message": "Cheap"}}, "referralId": "e-3-4d1c0fcc6cf9721ef4002367-28"}, {"reasons": {"items": [{"reasonName": "globalInteractionReason", "summary": "This spot is popular", "type": "general"}], "count": 0}, "venue": {"id": "4d00678ff7b38cfaf533cfc3", "hereNow": {"groups": [], "summary": "Nobody here", "count": 0}, "contact": {}, "beenHere": {"lastCheckinExpiredAt": 0, "count": 0, "marked": false}, "photos": {"groups": [], "count": 0}, "name": "Broadway Coffee Shop Above Bishan Bus Interchange", "location": {"formattedAddress": ["Singapore"], "lat": 1.3504851284856647, "lng": 103.85010413226689, "distance": 139, "country": "Singapore", "cc": "SG", "labeledLatLngs": [{"lng": 103.85010413226689, "label": "display", "lat": 1.3504851284856647}]}, "allowMenuUrlEdit": true, "verified": false, "categories": [{"pluralName": "Food Courts", "id": "4bf58dd8d48988d120951735", "primary": true, "icon": {"prefix": "https://ss3.4sqi.net/img/categories_v2/shops/food_foodcourt_", "suffix": ".png"}, "name": "Food Court", "shortName": "Food Court"}], "stats": {"checkinsCount": 309, "usersCount": 56, "tipCount": 1}}, "referralId": "e-3-4d00678ff7b38cfaf533cfc3-29", "tips": [{"id": "4d874b9d61676dcba417b1e4", "text": "Taiwan food stall saba fish set is yummy!!!", "disagreeCount": 0, "createdAt": 1300712349, "logView": true, "todo": {"count": 0}, "agreeCount": 0, "canonicalUrl": "https://foursquare.com/item/4d874b9d61676dcba417b1e4", "type": "user", "user": {"gender": "male", "id": "1409182", "photo": {"prefix": "https://igx.4sqi.net/img/user/", "suffix": "/2SBGH1NJDIFR4R0K.jpg"}, "firstName": "Lim", "lastName": "Michael"}}]}, {"reasons": {"items": [{"reasonName": "globalInteractionReason", "summary": "This spot is popular", "type": "general"}], "count": 0}, "venue": {"hereNow": {"groups": [], "summary": "Nobody here", "count": 0}, "contact": {}, "photos": {"groups": [], "count": 0}, "name": "Cafe Lobby", "allowMenuUrlEdit": true, "beenHere": {"lastCheckinExpiredAt": 0, "count": 0, "marked": false}, "stats": {"checkinsCount": 132, "usersCount": 30, "tipCount": 1}, "id": "4db50737fa8c350240f1baa4", "categories": [{"pluralName": "Caf\u00e9s", "id": "4bf58dd8d48988d16d941735", "primary": true, "icon": {"prefix": "https://ss3.4sqi.net/img/categories_v2/food/cafe_", "suffix": ".png"}, "name": "Caf\u00e9", "shortName": "Caf\u00e9"}], "location": {"formattedAddress": ["Bishan Central", "Singapore"], "lat": 1.3507568898264892, "lng": 103.84811123956645, "country": "Singapore", "distance": 131, "city": "Singapore", "cc": "SG", "address": "Bishan Central", "labeledLatLngs": [{"lng": 103.84811123956645, "label": "display", "lat": 1.3507568898264892}]}, "verified": false, "price": {"tier": 1, "currency": "$", "message": "Cheap"}}, "referralId": "e-3-4db50737fa8c350240f1baa4-30", "tips": [{"id": "4e8ac24149018e0360d8c767", "text": "Really bad service. I was queuing up but they served other person!", "disagreeCount": 0, "createdAt": 1317716545, "logView": true, "todo": {"count": 0}, "agreeCount": 0, "canonicalUrl": "https://foursquare.com/item/4e8ac24149018e0360d8c767", "type": "user", "user": {"id": "2003870", "photo": {"prefix": "https://igx.4sqi.net/img/user/", "suffix": "/2003870-BZEHB2KT4QDULDGA.jpg"}, "firstName": "Dan", "gender": "male"}}]}, {"reasons": {"items": [{"reasonName": "globalInteractionReason", "summary": "This spot is popular", "type": "general"}], "count": 0}, "venue": {"hereNow": {"groups": [], "summary": "Nobody here", "count": 0}, "contact": {}, "photos": {"groups": [], "count": 0}, "name": "\u91d1\u5473\u6d77\u9c9c Kimly Seafood", "allowMenuUrlEdit": true, "beenHere": {"lastCheckinExpiredAt": 0, "count": 0, "marked": false}, "stats": {"checkinsCount": 64, "usersCount": 45, "tipCount": 0}, "id": "4d610fef1ee8721e1d09b221", "categories": [{"pluralName": "Seafood Restaurants", "id": "4bf58dd8d48988d1ce941735", "primary": true, "icon": {"prefix": "https://ss3.4sqi.net/img/categories_v2/food/seafood_", "suffix": ".png"}, "name": "Seafood Restaurant", "shortName": "Seafood"}], "location": {"formattedAddress": ["514A Bishan Street 13", "Singapore"], "lat": 1.3508, "lng": 103.850438, "distance": 153, "country": "Singapore", "cc": "SG", "address": "514A Bishan Street 13", "labeledLatLngs": [{"lng": 103.850438, "label": "display", "lat": 1.3508}]}, "verified": false, "price": {"tier": 3, "currency": "$", "message": "Expensive"}}, "referralId": "e-3-4d610fef1ee8721e1d09b221-31"}, {"reasons": {"items": [{"reasonName": "globalInteractionReason", "summary": "This spot is popular", "type": "general"}], "count": 0}, "venue": {"hereNow": {"groups": [], "summary": "Nobody here", "count": 0}, "contact": {}, "photos": {"groups": [], "count": 0}, "name": "Wow Tako", "allowMenuUrlEdit": true, "beenHere": {"lastCheckinExpiredAt": 0, "count": 0, "marked": false}, "stats": {"checkinsCount": 82, "usersCount": 35, "tipCount": 2}, "id": "4dca6412c65bebb82f36f3b2", "categories": [{"pluralName": "Snack Places", "id": "4bf58dd8d48988d1c7941735", "primary": true, "icon": {"prefix": "https://ss3.4sqi.net/img/categories_v2/food/snacks_", "suffix": ".png"}, "name": "Snack Place", "shortName": "Snacks"}], "location": {"formattedAddress": ["9 Bishan Pl., #B1-K8 Junction 8 Shopping Centre", "579837", "Singapore"], "postalCode": "579837", "lat": 1.3503672074964417, "lng": 103.84874939918518, "country": "Singapore", "distance": 114, "city": "Singapore", "cc": "SG", "address": "9 Bishan Pl., #B1-K8 Junction 8 Shopping Centre", "labeledLatLngs": [{"lng": 103.84874939918518, "label": "display", "lat": 1.3503672074964417}]}, "verified": false, "price": {"tier": 1, "currency": "$", "message": "Cheap"}}, "referralId": "e-3-4dca6412c65bebb82f36f3b2-32", "tips": [{"id": "4ed1deb49adf254458bcf554", "text": "Tako tako tako!", "disagreeCount": 0, "logView": true, "createdAt": 1322376884, "likes": {"groups": [], "summary": "1 like", "count": 1}, "todo": {"count": 0}, "agreeCount": 1, "canonicalUrl": "https://foursquare.com/item/4ed1deb49adf254458bcf554", "type": "user", "user": {"gender": "male", "id": "16956093", "photo": {"prefix": "https://igx.4sqi.net/img/user/", "suffix": "/DU34UNACBHQRR1WM.jpg"}, "firstName": "Jonathan", "lastName": "Yan"}}]}, {"reasons": {"items": [{"reasonName": "globalInteractionReason", "summary": "This spot is popular", "type": "general"}], "count": 0}, "venue": {"hereNow": {"groups": [], "summary": "Nobody here", "count": 0}, "contact": {"phone": "+6562582066", "formattedPhone": "+65 6258 2066"}, "photos": {"groups": [], "count": 0}, "name": "Bengawan Solo", "allowMenuUrlEdit": true, "beenHere": {"lastCheckinExpiredAt": 0, "count": 0, "marked": false}, "stats": {"checkinsCount": 212, "usersCount": 61, "tipCount": 0}, "id": "4eb3f5bc6d86ba38adbd2345", "categories": [{"pluralName": "Bakeries", "id": "4bf58dd8d48988d16a941735", "primary": true, "icon": {"prefix": "https://ss3.4sqi.net/img/categories_v2/food/bakery_", "suffix": ".png"}, "name": "Bakery", "shortName": "Bakery"}], "url": "http://www.bengawansolo.com.sg/", "location": {"lng": 103.84818077087402, "formattedAddress": ["#B1-K1, Junction 8 (9 Bishan Pl)", "579837", "Singapore"], "postalCode": "579837", "lat": 1.3501205127858407, "crossStreet": "9 Bishan Pl", "country": "Singapore", "distance": 170, "city": "Singapore", "cc": "SG", "address": "#B1-K1, Junction 8", "labeledLatLngs": [{"lng": 103.84818077087402, "label": "display", "lat": 1.3501205127858407}]}, "hours": {"isLocalHoliday": false, "isOpen": true, "status": "Open until 10:00 PM"}, "verified": false, "price": {"tier": 1, "currency": "$", "message": "Cheap"}}, "referralId": "e-3-4eb3f5bc6d86ba38adbd2345-33"}, {"reasons": {"items": [{"reasonName": "globalInteractionReason", "summary": "This spot is popular", "type": "general"}], "count": 0}, "venue": {"hereNow": {"groups": [], "summary": "Nobody here", "count": 0}, "contact": {}, "photos": {"groups": [], "count": 0}, "name": "Pepper Lunch Express", "allowMenuUrlEdit": true, "beenHere": {"lastCheckinExpiredAt": 0, "count": 0, "marked": false}, "stats": {"checkinsCount": 193, "usersCount": 125, "tipCount": 0}, "id": "4cc5146b38aaa093badb1662", "categories": [{"pluralName": "Steakhouses", "id": "4bf58dd8d48988d1cc941735", "primary": true, "icon": {"prefix": "https://ss3.4sqi.net/img/categories_v2/food/steakhouse_", "suffix": ".png"}, "name": "Steakhouse", "shortName": "Steakhouse"}], "location": {"lng": 103.84878158569336, "formattedAddress": ["#04-01, Junction 8 Shopping Centre (9 Bishan Pl)", "579837", "Singapore"], "postalCode": "579837", "lat": 1.3505709987602308, "crossStreet": "9 Bishan Pl", "country": "Singapore", "distance": 92, "city": "Singapore", "cc": "SG", "address": "#04-01, Junction 8 Shopping Centre", "labeledLatLngs": [{"lng": 103.84878158569336, "label": "display", "lat": 1.3505709987602308}]}, "verified": false, "price": {"tier": 4, "currency": "$", "message": "Very Expensive"}}, "referralId": "e-3-4cc5146b38aaa093badb1662-34"}, {"reasons": {"items": [{"reasonName": "globalInteractionReason", "summary": "This spot is popular", "type": "general"}], "count": 0}, "venue": {"hereNow": {"groups": [], "summary": "Nobody here", "count": 0}, "contact": {}, "photos": {"groups": [], "count": 0}, "name": "\u975e\u7248\u9762 Face Ban Mian", "allowMenuUrlEdit": true, "beenHere": {"lastCheckinExpiredAt": 0, "count": 0, "marked": false}, "stats": {"checkinsCount": 54, "usersCount": 23, "tipCount": 1}, "id": "543cabab498e0160fa4bed89", "categories": [{"pluralName": "Noodle Houses", "id": "4bf58dd8d48988d1d1941735", "primary": true, "icon": {"prefix": "https://ss3.4sqi.net/img/categories_v2/food/ramen_", "suffix": ".png"}, "name": "Noodle House", "shortName": "Noodles"}], "location": {"formattedAddress": ["Gourmet Express", "Singapore"], "lat": 1.350752, "lng": 103.85063, "distance": 175, "country": "Singapore", "cc": "SG", "address": "Gourmet Express", "labeledLatLngs": [{"lng": 103.85063, "label": "display", "lat": 1.350752}]}, "verified": false, "price": {"tier": 1, "currency": "$", "message": "Cheap"}}, "referralId": "e-3-543cabab498e0160fa4bed89-35", "tips": [{"logView": true, "photo": {"id": "591ef0dddec1d60e78164d38", "visibility": "public", "source": {"name": "Foursquare for iOS", "url": "https://foursquare.com/download/#/iphone"}, "suffix": "/231366_KkWZtLr23k09v5sheMDO0uBndNXkNZ0IWqfrXvimyvk.jpg", "createdAt": 1495199965, "prefix": "https://igx.4sqi.net/img/general/", "width": 1440, "height": 1920}, "createdAt": 1495200009, "agreeCount": 0, "id": "591ef109f79faa1845dea368", "text": "Frozen pork broth. Presume it's used to make their yummy soup", "type": "user", "disagreeCount": 0, "user": {"gender": "male", "id": "231366", "photo": {"prefix": "https://igx.4sqi.net/img/user/", "suffix": "/231366-Q2ZSAEF50GYUXPDA.jpg"}, "firstName": "Cheen", "lastName": "The Curious"}, "canonicalUrl": "https://foursquare.com/item/591ef109f79faa1845dea368", "todo": {"count": 0}, "photourl": "https://igx.4sqi.net/img/general/original/231366_KkWZtLr23k09v5sheMDO0uBndNXkNZ0IWqfrXvimyvk.jpg"}]}, {"reasons": {"items": [{"reasonName": "globalInteractionReason", "summary": "This spot is popular", "type": "general"}], "count": 0}, "venue": {"hereNow": {"groups": [], "summary": "Nobody here", "count": 0}, "contact": {}, "photos": {"groups": [], "count": 0}, "name": "Gin Tye Cake Maker", "allowMenuUrlEdit": true, "beenHere": {"lastCheckinExpiredAt": 0, "count": 0, "marked": false}, "stats": {"checkinsCount": 140, "usersCount": 39, "tipCount": 1}, "id": "4c70e989fa49a1cd108fa7e3", "categories": [{"pluralName": "Bakeries", "id": "4bf58dd8d48988d16a941735", "primary": true, "icon": {"prefix": "https://ss3.4sqi.net/img/categories_v2/food/bakery_", "suffix": ".png"}, "name": "Bakery", "shortName": "Bakery"}], "location": {"formattedAddress": ["513 Bishan St 13", "Singapore"], "lat": 1.3497574954209903, "lng": 103.84960024470436, "country": "Singapore", "distance": 179, "city": "Singapore", "cc": "SG", "address": "513 Bishan St 13", "labeledLatLngs": [{"lng": 103.84960024470436, "label": "display", "lat": 1.3497574954209903}]}, "verified": false, "price": {"tier": 1, "currency": "$", "message": "Cheap"}}, "referralId": "e-3-4c70e989fa49a1cd108fa7e3-36", "tips": [{"id": "4d625af49f67f04d8a288efb", "text": "nice cheese buns! 4 for $2!", "disagreeCount": 0, "logView": true, "createdAt": 1298291444, "likes": {"groups": [], "summary": "1 like", "count": 1}, "todo": {"count": 0}, "agreeCount": 1, "canonicalUrl": "https://foursquare.com/item/4d625af49f67f04d8a288efb", "type": "user", "user": {"gender": "female", "id": "5737881", "photo": {"prefix": "https://igx.4sqi.net/img/user/", "suffix": "/CHB5OS2NBS2SBXJW.jpg"}, "firstName": "nate", "lastName": "Yu Hui"}}]}, {"reasons": {"items": [{"reasonName": "globalInteractionReason", "summary": "This spot is popular", "type": "general"}], "count": 0}, "venue": {"hereNow": {"groups": [], "summary": "Nobody here", "count": 0}, "contact": {}, "photos": {"groups": [], "count": 0}, "name": "Central Thai", "allowMenuUrlEdit": true, "beenHere": {"lastCheckinExpiredAt": 0, "count": 0, "marked": false}, "stats": {"checkinsCount": 37, "usersCount": 34, "tipCount": 1}, "id": "57f346c2498e1bb992ce66d8", "categories": [{"pluralName": "Thai Restaurants", "id": "4bf58dd8d48988d149941735", "primary": true, "icon": {"prefix": "https://ss3.4sqi.net/img/categories_v2/food/thai_", "suffix": ".png"}, "name": "Thai Restaurant", "shortName": "Thai"}], "location": {"formattedAddress": ["9 Bishan Place #01-32 Junction 8", "579837", "Singapore"], "postalCode": "579837", "lat": 1.350398, "lng": 103.848268, "country": "Singapore", "distance": 141, "city": "Singapore", "cc": "SG", "address": "9 Bishan Place #01-32 Junction 8", "labeledLatLngs": [{"lng": 103.848268, "label": "display", "lat": 1.350398}]}, "verified": false, "price": {"tier": 2, "currency": "$", "message": "Moderate"}}, "referralId": "e-3-57f346c2498e1bb992ce66d8-37", "tips": [{"id": "5845781b005a0f4a1aa65622", "text": "Ordered few dishes and drinks.. in the end, I liked their drinks more. I ordered sour plum soda if I'm not wrong.. haha", "disagreeCount": 0, "createdAt": 1480947739, "logView": true, "todo": {"count": 0}, "agreeCount": 0, "canonicalUrl": "https://foursquare.com/item/5845781b005a0f4a1aa65622", "type": "user", "user": {"gender": "male", "id": "8821135", "photo": {"prefix": "https://igx.4sqi.net/img/user/", "suffix": "/8821135-GZJHYCWCFRHLJR2Z.jpg"}, "firstName": "elwen", "lastName": "poon"}}]}, {"reasons": {"items": [{"reasonName": "globalInteractionReason", "summary": "This spot is popular", "type": "general"}], "count": 0}, "venue": {"hereNow": {"groups": [], "summary": "Nobody here", "count": 0}, "contact": {"phone": "+6563566123", "formattedPhone": "+65 6356 6123"}, "photos": {"groups": [], "count": 0}, "name": "Daun Pandan Rice Dumpling", "allowMenuUrlEdit": true, "beenHere": {"lastCheckinExpiredAt": 0, "count": 0, "marked": false}, "stats": {"checkinsCount": 45, "usersCount": 19, "tipCount": 0}, "id": "4da91adc43a1128196d57a28", "categories": [{"pluralName": "Snack Places", "id": "4bf58dd8d48988d1c7941735", "primary": true, "icon": {"prefix": "https://ss3.4sqi.net/img/categories_v2/food/snacks_", "suffix": ".png"}, "name": "Snack Place", "shortName": "Snacks"}], "location": {"formattedAddress": ["9 Bishan Pl, #B1-K3 Junction 8 Shopping Centre", "579837", "Singapore"], "postalCode": "579837", "lat": 1.3504705325013606, "lng": 103.84873401539586, "country": "Singapore", "distance": 104, "city": "Singapore", "cc": "SG", "address": "9 Bishan Pl, #B1-K3 Junction 8 Shopping Centre", "labeledLatLngs": [{"lng": 103.84873401539586, "label": "display", "lat": 1.3504705325013606}]}, "verified": false, "price": {"tier": 1, "currency": "$", "message": "Cheap"}}, "referralId": "e-3-4da91adc43a1128196d57a28-38"}, {"reasons": {"items": [{"reasonName": "globalInteractionReason", "summary": "This spot is popular", "type": "general"}], "count": 0}, "venue": {"hereNow": {"groups": [], "summary": "Nobody here", "count": 0}, "contact": {}, "photos": {"groups": [], "count": 0}, "name": "Joe & Dough", "allowMenuUrlEdit": true, "beenHere": {"lastCheckinExpiredAt": 0, "count": 0, "marked": false}, "stats": {"checkinsCount": 140, "usersCount": 70, "tipCount": 2}, "id": "580afa6638fa693d9521c752", "categories": [{"pluralName": "Caf\u00e9s", "id": "4bf58dd8d48988d16d941735", "primary": true, "icon": {"prefix": "https://ss3.4sqi.net/img/categories_v2/food/cafe_", "suffix": ".png"}, "name": "Caf\u00e9", "shortName": "Caf\u00e9"}], "location": {"lng": 103.849002, "formattedAddress": ["Junction 8 (9 Bishan Place)", "579837", "Singapore"], "postalCode": "579837", "lat": 1.350511, "crossStreet": "9 Bishan Place", "country": "Singapore", "distance": 90, "city": "Bishan", "cc": "SG", "address": "Junction 8", "labeledLatLngs": [{"lng": 103.849002, "label": "display", "lat": 1.350511}]}, "verified": false, "price": {"tier": 1, "currency": "$", "message": "Cheap"}}, "referralId": "e-3-580afa6638fa693d9521c752-39", "tips": [{"id": "5955cf03b3d8e27d37515bb6", "text": "Really nice coffee and good price", "disagreeCount": 0, "createdAt": 1498795779, "logView": true, "todo": {"count": 0}, "agreeCount": 0, "canonicalUrl": "https://foursquare.com/item/5955cf03b3d8e27d37515bb6", "type": "user", "user": {"gender": "female", "id": "335520544", "photo": {"prefix": "https://igx.4sqi.net/img/user/", "suffix": "/335520544_Yo-l71Nt_iz3XXSlH0Pd1sCpLOhSGq9DIZwPD9JNQ7i39BIPnWlMXYX4-9DdPKY-wOZRdfbGJ.jpg"}, "firstName": "JuanJuan", "lastName": "Yao"}}]}, {"reasons": {"items": [{"reasonName": "globalInteractionReason", "summary": "This spot is popular", "type": "general"}], "count": 0}, "venue": {"hereNow": {"groups": [], "summary": "Nobody here", "count": 0}, "contact": {}, "photos": {"groups": [], "count": 0}, "name": "TenderBest", "allowMenuUrlEdit": true, "beenHere": {"lastCheckinExpiredAt": 0, "count": 0, "marked": false}, "stats": {"checkinsCount": 33, "usersCount": 19, "tipCount": 0}, "id": "4e00c7a2a80917043436bdd3", "categories": [{"pluralName": "Fried Chicken Joints", "id": "4d4ae6fc7a7b7dea34424761", "primary": true, "icon": {"prefix": "https://ss3.4sqi.net/img/categories_v2/food/friedchicken_", "suffix": ".png"}, "name": "Fried Chicken Joint", "shortName": "Fried Chicken"}], "location": {"formattedAddress": ["514A Bishan St 13", "571514", "Singapore"], "postalCode": "571514", "lat": 1.3507640641522822, "lng": 103.85054647922516, "country": "Singapore", "distance": 166, "city": "Singapore", "cc": "SG", "address": "514A Bishan St 13", "labeledLatLngs": [{"lng": 103.85054647922516, "label": "display", "lat": 1.3507640641522822}]}, "verified": false, "price": {"tier": 1, "currency": "$", "message": "Cheap"}}, "referralId": "e-3-4e00c7a2a80917043436bdd3-40"}, {"reasons": {"items": [{"reasonName": "globalInteractionReason", "summary": "This spot is popular", "type": "general"}], "count": 0}, "venue": {"hereNow": {"groups": [], "summary": "Nobody here", "count": 0}, "contact": {}, "photos": {"groups": [], "count": 0}, "name": "Seoul Yummy", "allowMenuUrlEdit": true, "beenHere": {"lastCheckinExpiredAt": 0, "count": 0, "marked": false}, "stats": {"checkinsCount": 123, "usersCount": 108, "tipCount": 3}, "id": "57fcd807498e2aee6f4701c4", "categories": [{"pluralName": "Korean Restaurants", "id": "4bf58dd8d48988d113941735", "primary": true, "icon": {"prefix": "https://ss3.4sqi.net/img/categories_v2/food/korean_", "suffix": ".png"}, "name": "Korean Restaurant", "shortName": "Korean"}], "location": {"formattedAddress": ["Junction 8 Shopping Mall", "Singapore"], "lat": 1.349722, "lng": 103.848454, "distance": 193, "country": "Singapore", "cc": "SG", "address": "Junction 8 Shopping Mall", "labeledLatLngs": [{"lng": 103.848454, "label": "display", "lat": 1.349722}]}, "verified": false, "price": {"tier": 2, "currency": "$", "message": "Moderate"}}, "referralId": "e-3-57fcd807498e2aee6f4701c4-41", "tips": [{"id": "58ed0a7aca18ea5f9e46792a", "text": "Emphasise that the service was really good. Staff were all polite and so nice. Has a wide variety to choose from too. However the standard of food was just a 2.5-3/5 stars. Needs ALOT of improvement.", "disagreeCount": 0, "createdAt": 1491929722, "logView": true, "todo": {"count": 0}, "agreeCount": 0, "canonicalUrl": "https://foursquare.com/item/58ed0a7aca18ea5f9e46792a", "type": "user", "user": {"gender": "female", "id": "3747038", "photo": {"prefix": "https://igx.4sqi.net/img/user/", "suffix": "/3747038_reYjiJPg_hqomd7X6pB5m0Mmk55b_XoEREFsPzjEPFm2BCz--G4nwPqqNYdsbfvagQtUn-Tv-.jpg"}, "firstName": "Elise", "lastName": "\u2765"}}]}, {"reasons": {"items": [{"reasonName": "globalInteractionReason", "summary": "This spot is popular", "type": "general"}], "count": 0}, "venue": {"hereNow": {"groups": [], "summary": "Nobody here", "count": 0}, "contact": {}, "photos": {"groups": [], "count": 0}, "name": "Bachmann Japanese Restaurant", "allowMenuUrlEdit": true, "beenHere": {"lastCheckinExpiredAt": 0, "count": 0, "marked": false}, "stats": {"checkinsCount": 94, "usersCount": 87, "tipCount": 0}, "id": "4d341539eefa8cfac82d47b3", "categories": [{"pluralName": "Japanese Restaurants", "id": "4bf58dd8d48988d111941735", "primary": true, "icon": {"prefix": "https://ss3.4sqi.net/img/categories_v2/food/japanese_", "suffix": ".png"}, "name": "Japanese Restaurant", "shortName": "Japanese"}], "location": {"formattedAddress": ["@ Bishan", "Singapore"], "lat": 1.3505281500853281, "lng": 103.84828674882954, "country": "Singapore", "distance": 129, "city": "Singapore", "cc": "SG", "address": "@ Bishan", "labeledLatLngs": [{"lng": 103.84828674882954, "label": "display", "lat": 1.3505281500853281}]}, "verified": false, "price": {"tier": 2, "currency": "$", "message": "Moderate"}}, "referralId": "e-3-4d341539eefa8cfac82d47b3-42"}, {"reasons": {"items": [{"reasonName": "globalInteractionReason", "summary": "This spot is popular", "type": "general"}], "count": 0}, "venue": {"hereNow": {"groups": [], "summary": "Nobody here", "count": 0}, "contact": {}, "photos": {"groups": [], "count": 0}, "name": "The Icing Room", "allowMenuUrlEdit": true, "beenHere": {"lastCheckinExpiredAt": 0, "count": 0, "marked": false}, "stats": {"checkinsCount": 45, "usersCount": 42, "tipCount": 0}, "id": "4f35e6a1e4b0fc67a7982081", "categories": [{"pluralName": "Bakeries", "id": "4bf58dd8d48988d16a941735", "primary": true, "icon": {"prefix": "https://ss3.4sqi.net/img/categories_v2/food/bakery_", "suffix": ".png"}, "name": "Bakery", "shortName": "Bakery"}], "location": {"formattedAddress": ["Bishan", "Singapore"], "lat": 1.3507706530623496, "lng": 103.84826410246026, "country": "Singapore", "distance": 115, "city": "Singapore", "cc": "SG", "address": "Bishan", "labeledLatLngs": [{"lng": 103.84826410246026, "label": "display", "lat": 1.3507706530623496}]}, "verified": false, "price": {"tier": 1, "currency": "$", "message": "Cheap"}}, "referralId": "e-3-4f35e6a1e4b0fc67a7982081-43"}, {"reasons": {"items": [{"reasonName": "globalInteractionReason", "summary": "This spot is popular", "type": "general"}], "count": 0}, "venue": {"hereNow": {"groups": [], "summary": "Nobody here", "count": 0}, "contact": {}, "photos": {"groups": [], "count": 0}, "name": "Baek Doo San", "allowMenuUrlEdit": true, "beenHere": {"lastCheckinExpiredAt": 0, "count": 0, "marked": false}, "stats": {"checkinsCount": 38, "usersCount": 30, "tipCount": 1}, "id": "55c4a2dd498eba36fcba168a", "categories": [{"pluralName": "Korean Restaurants", "id": "4bf58dd8d48988d113941735", "primary": true, "icon": {"prefix": "https://ss3.4sqi.net/img/categories_v2/food/korean_", "suffix": ".png"}, "name": "Korean Restaurant", "shortName": "Korean"}], "location": {"formattedAddress": ["Singapore"], "lat": 1.3508691713661938, "lng": 103.84863776803576, "distance": 75, "country": "Singapore", "cc": "SG", "labeledLatLngs": [{"lng": 103.84863776803576, "label": "display", "lat": 1.3508691713661938}]}, "verified": false, "price": {"tier": 2, "currency": "$", "message": "Moderate"}}, "referralId": "e-3-55c4a2dd498eba36fcba168a-44", "tips": [{"id": "55dc93f5498e3841c35b01e5", "text": "Free Kimchi + Soup!", "disagreeCount": 0, "createdAt": 1440519157, "logView": true, "todo": {"count": 0}, "agreeCount": 0, "canonicalUrl": "https://foursquare.com/item/55dc93f5498e3841c35b01e5", "type": "user", "user": {"gender": "male", "id": "47990999", "photo": {"prefix": "https://igx.4sqi.net/img/user/", "suffix": "/47990999-PZXVT2I2V31GNHXV.jpg"}, "firstName": "Joe", "lastName": "Y"}}]}, {"reasons": {"items": [{"reasonName": "globalInteractionReason", "summary": "This spot is popular", "type": "general"}], "count": 0}, "venue": {"hereNow": {"groups": [], "summary": "Nobody here", "count": 0}, "contact": {}, "photos": {"groups": [], "count": 0}, "name": "Astons Express", "allowMenuUrlEdit": true, "beenHere": {"lastCheckinExpiredAt": 0, "count": 0, "marked": false}, "stats": {"checkinsCount": 146, "usersCount": 82, "tipCount": 0}, "id": "51cec931498e39696060ce7d", "categories": [{"pluralName": "BBQ Joints", "id": "4bf58dd8d48988d1df931735", "primary": true, "icon": {"prefix": "https://ss3.4sqi.net/img/categories_v2/food/bbqalt_", "suffix": ".png"}, "name": "BBQ Joint", "shortName": "BBQ"}], "location": {"lng": 103.84873401539586, "formattedAddress": ["S11 Coffee Shop (504 Bishan Street 13)", "570504", "Singapore"], "postalCode": "570504", "lat": 1.3495384326105153, "crossStreet": "504 Bishan Street 13", "country": "Singapore", "distance": 202, "city": "Singapore", "cc": "SG", "address": "S11 Coffee Shop", "labeledLatLngs": [{"lng": 103.84873401539586, "label": "display", "lat": 1.3495384326105153}]}, "verified": false, "price": {"tier": 2, "currency": "$", "message": "Moderate"}}, "referralId": "e-3-51cec931498e39696060ce7d-45"}, {"reasons": {"items": [{"reasonName": "globalInteractionReason", "summary": "This spot is popular", "type": "general"}], "count": 0}, "venue": {"hereNow": {"groups": [], "summary": "Nobody here", "count": 0}, "contact": {}, "photos": {"groups": [], "count": 0}, "name": "Each A Cup @ Bishan", "allowMenuUrlEdit": true, "beenHere": {"lastCheckinExpiredAt": 0, "count": 0, "marked": false}, "stats": {"checkinsCount": 210, "usersCount": 77, "tipCount": 2}, "id": "4bc5c5354a9aa5939adf067b", "categories": [{"pluralName": "Snack Places", "id": "4bf58dd8d48988d1c7941735", "primary": true, "icon": {"prefix": "https://ss3.4sqi.net/img/categories_v2/food/snacks_", "suffix": ".png"}, "name": "Snack Place", "shortName": "Snacks"}], "location": {"formattedAddress": ["Singapore"], "lat": 1.3497076202630207, "lng": 103.85006450059316, "distance": 204, "country": "Singapore", "cc": "SG", "labeledLatLngs": [{"lng": 103.85006450059316, "label": "display", "lat": 1.3497076202630207}]}, "verified": false, "price": {"tier": 1, "currency": "$", "message": "Cheap"}}, "referralId": "e-3-4bc5c5354a9aa5939adf067b-46", "tips": [{"id": "4df856841f6e448ec28f3301", "text": "Pearl Milk Tea 70% sugar!!", "disagreeCount": 0, "logView": true, "createdAt": 1308120708, "likes": {"groups": [], "summary": "1 like", "count": 1}, "todo": {"count": 0}, "agreeCount": 0, "canonicalUrl": "https://foursquare.com/item/4df856841f6e448ec28f3301", "type": "user", "user": {"gender": "male", "id": "5399493", "photo": {"prefix": "https://igx.4sqi.net/img/user/", "suffix": "/5PFDGO1RL0B5T3IU.jpg"}, "firstName": "Zachary", "lastName": "Chin"}}]}, {"reasons": {"items": [{"reasonName": "globalInteractionReason", "summary": "This spot is popular", "type": "general"}], "count": 0}, "venue": {"hereNow": {"groups": [], "summary": "Nobody here", "count": 0}, "contact": {"phone": "+6563583445", "formattedPhone": "+65 6358 3445"}, "photos": {"groups": [], "count": 0}, "name": "Prima Deli @ 513 Bishan", "allowMenuUrlEdit": true, "beenHere": {"lastCheckinExpiredAt": 0, "count": 0, "marked": false}, "stats": {"checkinsCount": 103, "usersCount": 40, "tipCount": 1}, "id": "4ee80d0abe7b208527b24a6b", "categories": [{"pluralName": "Bakeries", "id": "4bf58dd8d48988d16a941735", "primary": true, "icon": {"prefix": "https://ss3.4sqi.net/img/categories_v2/food/bakery_", "suffix": ".png"}, "name": "Bakery", "shortName": "Bakery"}], "location": {"formattedAddress": ["Blk 513 Bishan Street 13 #01-512", "570513", "Singapore"], "postalCode": "570513", "lat": 1.3493281141462818, "lng": 103.84950399673075, "country": "Singapore", "distance": 223, "city": "Singapore", "cc": "SG", "address": "Blk 513 Bishan Street 13 #01-512", "labeledLatLngs": [{"lng": 103.84950399673075, "label": "display", "lat": 1.3493281141462818}]}, "verified": false, "price": {"tier": 1, "currency": "$", "message": "Cheap"}}, "referralId": "e-3-4ee80d0abe7b208527b24a6b-47", "tips": [{"id": "4ee80d4fe5fadaeb5d5e560d", "text": "Nice waffles even though the prices are increasing.", "disagreeCount": 0, "createdAt": 1323830607, "logView": true, "todo": {"count": 0}, "agreeCount": 0, "canonicalUrl": "https://foursquare.com/item/4ee80d4fe5fadaeb5d5e560d", "type": "user", "user": {"gender": "male", "id": "8107105", "photo": {"prefix": "https://igx.4sqi.net/img/user/", "suffix": "/8107105-KU0SLW433X4GQ2J4.jpg"}, "firstName": "Victor", "lastName": "Tey"}}]}, {"reasons": {"items": [{"reasonName": "globalInteractionReason", "summary": "This spot is popular", "type": "general"}], "count": 0}, "venue": {"hereNow": {"groups": [], "summary": "Nobody here", "count": 0}, "contact": {}, "photos": {"groups": [], "count": 0}, "rating": 5.5, "name": "grin affair", "ratingSignals": 12, "allowMenuUrlEdit": true, "categories": [{"pluralName": "Caf\u00e9s", "id": "4bf58dd8d48988d16d941735", "primary": true, "icon": {"prefix": "https://ss3.4sqi.net/img/categories_v2/food/cafe_", "suffix": ".png"}, "name": "Caf\u00e9", "shortName": "Caf\u00e9"}], "stats": {"checkinsCount": 151, "usersCount": 99, "tipCount": 6}, "id": "550d0026498ec85c114d5d87", "beenHere": {"lastCheckinExpiredAt": 0, "count": 0, "marked": false}, "ratingColor": "FF9600", "location": {"lng": 103.84889221191406, "formattedAddress": ["Bishan St 11 (Blk 505D)", "574505", "Singapore"], "postalCode": "574505", "lat": 1.349158525466919, "crossStreet": "Blk 505D", "state": "Singapore", "distance": 241, "country": "Singapore", "cc": "SG", "address": "Bishan St 11", "labeledLatLngs": [{"lng": 103.84889221191406, "label": "display", "lat": 1.349158525466919}]}, "verified": false, "price": {"tier": 1, "currency": "$", "message": "Cheap"}}, "referralId": "e-3-550d0026498ec85c114d5d87-48", "tips": [{"id": "567f8826498e37dcea88794a", "text": "Waffles n jar cakes", "disagreeCount": 0, "createdAt": 1451198502, "logView": true, "todo": {"count": 0}, "agreeCount": 0, "canonicalUrl": "https://foursquare.com/item/567f8826498e37dcea88794a", "type": "user", "user": {"gender": "male", "id": "74996298", "photo": {"prefix": "https://igx.4sqi.net/img/user/", "suffix": "/74996298-VPXFQDK1GXMLFXWC.jpg"}, "firstName": "Jerry", "lastName": "Tay"}}]}, {"reasons": {"items": [{"reasonName": "globalInteractionReason", "summary": "This spot is popular", "type": "general"}], "count": 0}, "venue": {"hereNow": {"groups": [], "summary": "Nobody here", "count": 0}, "contact": {"facebook": "667376743275853", "facebookUsername": "crustyov", "facebookName": "Crusty Oven", "phone": "+6585111005", "formattedPhone": "+65 8511 1005"}, "photos": {"groups": [], "count": 0}, "name": "Crusty Oven (Natural Homemade)", "allowMenuUrlEdit": true, "beenHere": {"lastCheckinExpiredAt": 0, "count": 0, "marked": false}, "stats": {"checkinsCount": 31, "usersCount": 17, "tipCount": 1}, "id": "535b4eb6498eeca5bfc5c105", "categories": [{"pluralName": "Bakeries", "id": "4bf58dd8d48988d16a941735", "primary": true, "icon": {"prefix": "https://ss3.4sqi.net/img/categories_v2/food/bakery_", "suffix": ".png"}, "name": "Bakery", "shortName": "Bakery"}], "url": "http://www.crustyoven.com.sg", "location": {"formattedAddress": ["505A Bishan Street 11 #01-442", "571505", "Singapore"], "postalCode": "571505", "lat": 1.3492613708418306, "lng": 103.8487906315219, "country": "Singapore", "distance": 231, "city": "Singapore", "cc": "SG", "address": "505A Bishan Street 11 #01-442", "labeledLatLngs": [{"lng": 103.8487906315219, "label": "display", "lat": 1.3492613708418306}]}, "hours": {"isLocalHoliday": false, "isOpen": true, "status": "Open until 9:00 PM"}, "verified": false, "price": {"tier": 1, "currency": "$", "message": "Cheap"}}, "referralId": "e-3-535b4eb6498eeca5bfc5c105-49", "tips": [{"id": "535b82a011d2b8b51995e9e7", "text": "Yummy Tart, muffins and pies. Wished the drinks were colder", "disagreeCount": 0, "createdAt": 1398506144, "logView": true, "todo": {"count": 0}, "agreeCount": 0, "canonicalUrl": "https://foursquare.com/item/535b82a011d2b8b51995e9e7", "type": "user", "user": {"gender": "male", "id": "3016957", "photo": {"prefix": "https://igx.4sqi.net/img/user/", "suffix": "/3016957-GSPXRFWXYY4IRNE1.jpg"}, "firstName": "Daryl", "lastName": "Tang"}}]}], "name": "recommended", "type": "Recommended Places"}], "query": "food", "headerLocation": "Bishan"}}