{"meta": {"code": 200, "requestId": "595a3b4bf594df3c0805d723"}, "response": {"warning": {"text": "There aren't a lot of results near you. Try something more general, reset your filters, or expand the search area."}, "totalResults": 2, "headerFullLocation": "Novena, Singapore", "headerLocationGranularity": "neighborhood", "suggestedBounds": {"ne": {"lng": 103.83787806160751, "lat": 1.340928889521447}, "sw": {"lng": 103.82350103866648, "lat": 1.3265288751214328}}, "groups": [{"items": [{"reasons": {"items": [{"reasonName": "globalInteractionReason", "summary": "This spot is popular", "type": "general"}], "count": 0}, "venue": {"hereNow": {"groups": [], "summary": "Nobody here", "count": 0}, "contact": {"facebook": "137619719644857", "facebookUsername": "HiltonBonn", "facebookName": "Hilton Bonn", "formattedPhone": "+65 6737 2233", "twitter": "hiltonhotels", "phone": "+6567372233"}, "storeId": "SINHITW", "photos": {"groups": [], "count": 0}, "name": "Checkers Deli", "allowMenuUrlEdit": true, "beenHere": {"lastCheckinExpiredAt": 0, "count": 0, "marked": false}, "stats": {"checkinsCount": 25, "usersCount": 25, "tipCount": 0}, "id": "50ca02c1245f2d4aa8c2b761", "categories": [{"pluralName": "Restaurants", "id": "4bf58dd8d48988d1c4941735", "primary": true, "icon": {"prefix": "https://ss3.4sqi.net/img/categories_v2/food/default_", "suffix": ".png"}, "name": "Restaurant", "shortName": "Restaurant"}], "url": "http://www.hilton.com", "location": {"lat": 1.337856123003883, "distance": 475, "country": "Singapore", "cc": "SG", "crossStreet": "Hilton Singapore", "formattedAddress": ["581 Orchard Road (Hilton Singapore)", "238883", "Singapore"], "city": "Singapore", "lng": 103.82959911724345, "state": "NA", "labeledLatLngs": [{"lng": 103.82959911724345, "label": "display", "lat": 1.337856123003883}], "address": "581 Orchard Road", "postalCode": "238883"}, "verified": true, "price": {"tier": 2, "currency": "$", "message": "Moderate"}}, "referralId": "e-3-50ca02c1245f2d4aa8c2b761-0"}, {"reasons": {"items": [{"reasonName": "globalInteractionReason", "summary": "This spot is popular", "type": "general"}], "count": 0}, "venue": {"id": "4cf727a681cd6dcb2a3f800d", "hereNow": {"groups": [], "summary": "Nobody here", "count": 0}, "contact": {}, "beenHere": {"lastCheckinExpiredAt": 0, "count": 0, "marked": false}, "photos": {"groups": [], "count": 0}, "name": "Canteen @ Old Police Academy", "location": {"formattedAddress": ["Singapore"], "lat": 1.3299467764522424, "lng": 103.83604127572895, "distance": 729, "country": "Singapore", "cc": "SG", "labeledLatLngs": [{"lng": 103.83604127572895, "label": "display", "lat": 1.3299467764522424}]}, "allowMenuUrlEdit": true, "verified": false, "categories": [{"pluralName": "Food Courts", "id": "4bf58dd8d48988d120951735", "primary": true, "icon": {"prefix": "https://ss3.4sqi.net/img/categories_v2/shops/food_foodcourt_", "suffix": ".png"}, "name": "Food Court", "shortName": "Food Court"}], "stats": {"checkinsCount": 144, "usersCount": 59, "tipCount": 0}}, "referralId": "e-3-4cf727a681cd6dcb2a3f800d-1"}], "name": "recommended", "type": "Recommended Places"}], "query": "food", "headerLocation": "Novena"}}