{"meta": {"code": 200, "requestId": "595a3ca69fb6b77b9392de7e"}, "response": {"suggestedFilters": {"filters": [{"name": "Open now", "key": "openNow"}], "header": "Tap to show:"}, "totalResults": 87, "headerFullLocation": "Bukit Timah, Singapore", "headerLocationGranularity": "neighborhood", "suggestedBounds": {"ne": {"lng": 103.80338027190406, "lat": 1.319034797602137}, "sw": {"lng": 103.78900337581995, "lat": 1.3046347832021228}}, "groups": [{"items": [{"reasons": {"items": [{"reasonName": "globalInteractionReason", "summary": "This spot is popular", "type": "general"}], "count": 0}, "venue": {"hereNow": {"groups": [], "summary": "Nobody here", "count": 0}, "contact": {"twitter": "indochinegroup", "phone": "+6564685798", "formattedPhone": "+65 6468 5798"}, "photos": {"groups": [], "count": 0}, "rating": 5.6, "name": "Cafe Si\u00eam R\u00eaap", "ratingSignals": 11, "allowMenuUrlEdit": true, "categories": [{"pluralName": "Caf\u00e9s", "id": "4bf58dd8d48988d16d941735", "primary": true, "icon": {"prefix": "https://ss3.4sqi.net/img/categories_v2/food/cafe_", "suffix": ".png"}, "name": "Caf\u00e9", "shortName": "Caf\u00e9"}], "stats": {"checkinsCount": 908, "usersCount": 548, "tipCount": 6}, "id": "4bcc4132511f952159a1b2c7", "beenHere": {"lastCheckinExpiredAt": 0, "count": 0, "marked": false}, "url": "http://www.indochine.com.sg", "ratingColor": "FF9600", "location": {"lat": 1.311820268875572, "distance": 208, "country": "Singapore", "cc": "SG", "crossStreet": "44 Lorong Mambong", "formattedAddress": ["IndoChine Holland Village (44 Lorong Mambong)", "277697", "Singapore"], "city": "Holland Village", "lng": 103.79431420871265, "state": "Singapore", "labeledLatLngs": [{"lng": 103.79431420871265, "label": "display", "lat": 1.311820268875572}], "address": "IndoChine Holland Village", "postalCode": "277697"}, "hours": {"isLocalHoliday": false, "isOpen": true, "status": "Likely open"}, "verified": true, "price": {"tier": 1, "currency": "$", "message": "Cheap"}}, "referralId": "e-3-4bcc4132511f952159a1b2c7-50", "tips": [{"id": "4f85995de4b0e90cd498ca75", "text": "don't think of coming here if u mind being asked to move tables 4 hrs later just because some white chick asks for your table.", "disagreeCount": 0, "logView": true, "createdAt": 1334155613, "likes": {"groups": [], "summary": "1 like", "count": 1}, "todo": {"count": 0}, "agreeCount": 0, "canonicalUrl": "https://foursquare.com/item/4f85995de4b0e90cd498ca75", "type": "user", "user": {"gender": "female", "id": "2170258", "photo": {"prefix": "https://igx.4sqi.net/img/user/", "suffix": "/ZZ0UQAOYK51RNTPW.jpg"}, "firstName": "Vanessa", "lastName": "C."}}]}, {"reasons": {"items": [{"reasonName": "globalInteractionReason", "summary": "This spot is popular", "type": "general"}], "count": 0}, "venue": {"hereNow": {"groups": [], "summary": "Nobody here", "count": 0}, "contact": {}, "photos": {"groups": [], "count": 0}, "rating": 5.5, "name": "Kelong Seafood & BBQ", "ratingSignals": 25, "allowMenuUrlEdit": true, "categories": [{"pluralName": "BBQ Joints", "id": "4bf58dd8d48988d1df931735", "primary": true, "icon": {"prefix": "https://ss3.4sqi.net/img/categories_v2/food/bbqalt_", "suffix": ".png"}, "name": "BBQ Joint", "shortName": "BBQ"}], "stats": {"checkinsCount": 1178, "usersCount": 505, "tipCount": 14}, "id": "4cc9560846b43704fe9d47e1", "beenHere": {"lastCheckinExpiredAt": 0, "count": 0, "marked": false}, "ratingColor": "FF9600", "location": {"lng": 103.79499333074729, "formattedAddress": ["Lor Liput (Holland Village)", "Singapore"], "lat": 1.3108470188315497, "crossStreet": "Holland Village", "country": "Singapore", "distance": 172, "city": "Singapore", "cc": "SG", "address": "Lor Liput", "labeledLatLngs": [{"lng": 103.79499333074729, "label": "display", "lat": 1.3108470188315497}]}, "hours": {"isLocalHoliday": false, "isOpen": true, "status": "Likely open"}, "verified": false, "price": {"tier": 2, "currency": "$", "message": "Moderate"}}, "referralId": "e-3-4cc9560846b43704fe9d47e1-51", "tips": [{"id": "4b62cf3f70c603bb340f91b4", "text": "More like a budget drinking hole than eating place", "disagreeCount": 0, "logView": true, "createdAt": 1264766783, "likes": {"groups": [], "summary": "4 likes", "count": 4}, "todo": {"count": 0}, "agreeCount": 0, "canonicalUrl": "https://foursquare.com/item/4b62cf3f70c603bb340f91b4", "type": "user", "user": {"gender": "male", "id": "308714", "photo": {"prefix": "https://igx.4sqi.net/img/user/", "suffix": "/JJ2LE1JOZDANXQZV.jpg"}, "firstName": "Joe", "lastName": "Loy"}}]}, {"reasons": {"items": [{"reasonName": "globalInteractionReason", "summary": "This spot is popular", "type": "general"}], "count": 0}, "venue": {"hereNow": {"groups": [], "summary": "Nobody here", "count": 0}, "contact": {}, "photos": {"groups": [], "count": 0}, "name": "Micheal Angelo's Restaurant", "allowMenuUrlEdit": true, "beenHere": {"lastCheckinExpiredAt": 0, "count": 0, "marked": false}, "stats": {"checkinsCount": 33, "usersCount": 28, "tipCount": 0}, "id": "4b058813f964a52010b022e3", "categories": [{"pluralName": "Indian Restaurants", "id": "4bf58dd8d48988d10f941735", "primary": true, "icon": {"prefix": "https://ss3.4sqi.net/img/categories_v2/food/indian_", "suffix": ".png"}, "name": "Indian Restaurant", "shortName": "Indian"}], "location": {"formattedAddress": ["44 Jalan Merah Saga", "278116", "Singapore"], "postalCode": "278116", "lat": 1.31145002673908, "lng": 103.79666851305127, "country": "Singapore", "distance": 68, "city": "Singapore", "cc": "SG", "address": "44 Jalan Merah Saga", "labeledLatLngs": [{"lng": 103.79666851305127, "label": "display", "lat": 1.31145002673908}]}, "verified": false, "price": {"tier": 2, "currency": "$", "message": "Moderate"}}, "referralId": "e-3-4b058813f964a52010b022e3-52"}, {"reasons": {"items": [{"reasonName": "globalInteractionReason", "summary": "This spot is popular", "type": "general"}], "count": 0}, "venue": {"hereNow": {"groups": [], "summary": "Nobody here", "count": 0}, "contact": {"phone": "+6564798442", "formattedPhone": "+65 6479 8442"}, "photos": {"groups": [], "count": 0}, "name": "Shermay's Cooking School", "allowMenuUrlEdit": true, "beenHere": {"lastCheckinExpiredAt": 0, "count": 0, "marked": false}, "stats": {"checkinsCount": 250, "usersCount": 111, "tipCount": 0}, "id": "4c04dfd59a7920a190c6d179", "categories": [{"pluralName": "Bakeries", "id": "4bf58dd8d48988d16a941735", "primary": true, "icon": {"prefix": "https://ss3.4sqi.net/img/categories_v2/food/bakery_", "suffix": ".png"}, "name": "Bakery", "shortName": "Bakery"}], "url": "http://www.shermay.com", "location": {"formattedAddress": ["#01-76 Chip Bee Gardens (43 Jalan Merah Saga)", "278115", "Singapore"], "postalCode": "278115", "lat": 1.31055, "lng": 103.796588, "country": "Singapore", "distance": 149, "city": "Singapore", "cc": "SG", "address": "#01-76 Chip Bee Gardens (43 Jalan Merah Saga)", "labeledLatLngs": [{"lng": 103.796588, "label": "display", "lat": 1.31055}]}, "hours": {"isLocalHoliday": false, "isOpen": false, "status": "Closed until 10:00 AM tomorrow"}, "verified": false, "price": {"tier": 1, "currency": "$", "message": "Cheap"}}, "referralId": "e-3-4c04dfd59a7920a190c6d179-53"}, {"reasons": {"items": [{"reasonName": "globalInteractionReason", "summary": "This spot is popular", "type": "general"}], "count": 0}, "venue": {"hereNow": {"groups": [], "summary": "Nobody here", "count": 0}, "contact": {"phone": "+6564632016", "formattedPhone": "+65 6463 2016"}, "photos": {"groups": [], "count": 0}, "name": "YUZU Japanese Restaurant", "allowMenuUrlEdit": true, "beenHere": {"lastCheckinExpiredAt": 0, "count": 0, "marked": false}, "stats": {"checkinsCount": 79, "usersCount": 30, "tipCount": 3}, "id": "54ef0145498ec9c89e8d04c1", "categories": [{"pluralName": "Japanese Restaurants", "id": "4bf58dd8d48988d111941735", "primary": true, "icon": {"prefix": "https://ss3.4sqi.net/img/categories_v2/food/japanese_", "suffix": ".png"}, "name": "Japanese Restaurant", "shortName": "Japanese"}], "location": {"lng": 103.79523668364185, "formattedAddress": ["6A Lorong Mambong (Holland Village)", "277673", "Singapore"], "postalCode": "277673", "lat": 1.3110782894720479, "crossStreet": "Holland Village", "country": "Singapore", "distance": 135, "city": "Singapore", "cc": "SG", "address": "6A Lorong Mambong", "labeledLatLngs": [{"lng": 103.79523668364185, "label": "display", "lat": 1.3110782894720479}]}, "hours": {"isLocalHoliday": false, "isOpen": true, "status": "Open until 10:30 PM"}, "verified": false, "price": {"tier": 2, "currency": "$", "message": "Moderate"}}, "referralId": "e-3-54ef0145498ec9c89e8d04c1-54", "tips": [{"logView": true, "photo": {"id": "57853a54498e7c3aa1ff7d6f", "visibility": "public", "source": {"name": "Foursquare for iOS", "url": "https://foursquare.com/download/#/iphone"}, "suffix": "/3257939_N6wd_mzRNW3jAKY1Ut3rTsZoWZFthxV8Nd2DqNk9tJ4.jpg", "createdAt": 1468349012, "prefix": "https://igx.4sqi.net/img/general/", "width": 1440, "height": 1440}, "createdAt": 1468349010, "agreeCount": 0, "id": "57853a52498e346363026cf4", "text": "It is a little pricey. But they serve the freshest sashimi. Friendly people and service is good.", "type": "user", "disagreeCount": 0, "user": {"id": "3257939", "photo": {"prefix": "https://igx.4sqi.net/img/user/", "suffix": "/3257939-OGEUEREYQDQUODR1.jpg"}, "firstName": "IG @antskong", "gender": "male"}, "canonicalUrl": "https://foursquare.com/item/57853a52498e346363026cf4", "todo": {"count": 0}, "photourl": "https://igx.4sqi.net/img/general/original/3257939_N6wd_mzRNW3jAKY1Ut3rTsZoWZFthxV8Nd2DqNk9tJ4.jpg"}]}, {"reasons": {"items": [{"reasonName": "globalInteractionReason", "summary": "This spot is popular", "type": "general"}], "count": 0}, "venue": {"contact": {"phone": "+6566943291", "formattedPhone": "+65 6694 3291"}, "photos": {"groups": [], "count": 0}, "name": "Otto's Deli Fresh", "allowMenuUrlEdit": true, "beenHere": {"lastCheckinExpiredAt": 0, "count": 0, "marked": false}, "stats": {"checkinsCount": 78, "usersCount": 59, "tipCount": 3}, "id": "5804acea38fa5927c5518e55", "categories": [{"pluralName": "Bistros", "id": "52e81612bcbc57f1066b79f1", "primary": true, "icon": {"prefix": "https://ss3.4sqi.net/img/categories_v2/food/default_", "suffix": ".png"}, "name": "Bistro", "shortName": "Bistro"}], "url": "https://www.ottosdelifresh.com", "location": {"lng": 103.79612445831299, "formattedAddress": ["Raffles Holland V (118 Holland Avenue)", "278997", "Singapore"], "postalCode": "278997", "lat": 1.310520327420156, "crossStreet": "118 Holland Avenue", "country": "Singapore", "distance": 146, "city": "Singapore", "cc": "SG", "address": "Raffles Holland V", "labeledLatLngs": [{"lng": 103.79612445831299, "label": "display", "lat": 1.310520327420156}]}, "verified": false, "hereNow": {"groups": [], "summary": "Nobody here", "count": 0}}, "referralId": "e-3-5804acea38fa5927c5518e55-55", "tips": [{"id": "590d703650a6f03106908e0d", "text": "The Lamb Shoulder is very good", "disagreeCount": 0, "createdAt": 1494052918, "logView": true, "todo": {"count": 0}, "agreeCount": 0, "canonicalUrl": "https://foursquare.com/item/590d703650a6f03106908e0d", "type": "user", "user": {"gender": "female", "id": "152534", "photo": {"prefix": "https://igx.4sqi.net/img/user/", "suffix": "/X5FXZZBXB3IZ0LXB.jpg"}, "firstName": "Estrella", "lastName": "Chua"}}]}, {"reasons": {"items": [{"reasonName": "globalInteractionReason", "summary": "This spot is popular", "type": "general"}], "count": 0}, "venue": {"id": "4d3bb476457cb60c0153e9a4", "hereNow": {"groups": [], "summary": "Nobody here", "count": 0}, "contact": {}, "beenHere": {"lastCheckinExpiredAt": 0, "count": 0, "marked": false}, "photos": {"groups": [], "count": 0}, "name": "Hua Soon Western Food", "location": {"lng": 103.7951121774549, "formattedAddress": ["Holland Village Market & Food Centre (1 Lorong Mambong)", "Singapore"], "lat": 1.3111575943601426, "crossStreet": "1 Lorong Mambong", "country": "Singapore", "distance": 141, "city": "Singapore", "cc": "SG", "address": "Holland Village Market & Food Centre", "labeledLatLngs": [{"lng": 103.7951121774549, "label": "display", "lat": 1.3111575943601426}]}, "allowMenuUrlEdit": true, "verified": false, "categories": [{"pluralName": "Comfort Food Restaurants", "id": "52e81612bcbc57f1066b7a00", "primary": true, "icon": {"prefix": "https://ss3.4sqi.net/img/categories_v2/food/default_", "suffix": ".png"}, "name": "Comfort Food Restaurant", "shortName": "Comfort Food"}], "stats": {"checkinsCount": 48, "usersCount": 26, "tipCount": 1}}, "referralId": "e-3-4d3bb476457cb60c0153e9a4-56", "tips": [{"id": "58e653c1de0cbc253b745d4e", "text": "Homecooked feel to their western chicken chop. Very nice.", "disagreeCount": 0, "createdAt": 1491489729, "logView": true, "todo": {"count": 0}, "agreeCount": 0, "canonicalUrl": "https://foursquare.com/item/58e653c1de0cbc253b745d4e", "type": "user", "user": {"gender": "female", "id": "42668193", "photo": {"prefix": "https://igx.4sqi.net/img/user/", "suffix": "/TD0GT2403DBIQDT5.jpg"}, "firstName": "Elizabeth", "lastName": "Lee"}}]}, {"reasons": {"items": [{"reasonName": "globalInteractionReason", "summary": "This spot is popular", "type": "general"}], "count": 0}, "venue": {"hereNow": {"groups": [], "summary": "Nobody here", "count": 0}, "contact": {}, "photos": {"groups": [], "count": 0}, "name": "Pepper Castle", "allowMenuUrlEdit": true, "beenHere": {"lastCheckinExpiredAt": 0, "count": 0, "marked": false}, "stats": {"checkinsCount": 32, "usersCount": 19, "tipCount": 2}, "id": "523f22f9498e14f060491a3f", "categories": [{"pluralName": "Indian Restaurants", "id": "4bf58dd8d48988d10f941735", "primary": true, "icon": {"prefix": "https://ss3.4sqi.net/img/categories_v2/food/indian_", "suffix": ".png"}, "name": "Indian Restaurant", "shortName": "Indian"}], "location": {"formattedAddress": ["Holland Village Food Court", "Singapore"], "lat": 1.3108953552422116, "lng": 103.79523668364185, "country": "Singapore", "distance": 149, "city": "Singapore", "cc": "SG", "address": "Holland Village Food Court", "labeledLatLngs": [{"lng": 103.79523668364185, "label": "display", "lat": 1.3108953552422116}]}, "verified": false, "price": {"tier": 2, "currency": "$", "message": "Moderate"}}, "referralId": "e-3-523f22f9498e14f060491a3f-57", "tips": [{"id": "5290548611d241fde3e94c8f", "text": "Everything is freshly made so expect to wait.", "disagreeCount": 0, "createdAt": 1385190534, "logView": true, "todo": {"count": 0}, "agreeCount": 0, "canonicalUrl": "https://foursquare.com/item/5290548611d241fde3e94c8f", "type": "user", "user": {"gender": "male", "id": "120826", "photo": {"prefix": "https://igx.4sqi.net/img/user/", "suffix": "/ICOJL1BK5KR5TSOB.png"}, "firstName": "Shen", "lastName": "Heng"}}]}, {"reasons": {"items": [{"reasonName": "globalInteractionReason", "summary": "This spot is popular", "type": "general"}], "count": 0}, "venue": {"hereNow": {"groups": [], "summary": "Nobody here", "count": 0}, "contact": {}, "photos": {"groups": [], "count": 0}, "name": "Provence Bakery", "allowMenuUrlEdit": true, "beenHere": {"lastCheckinExpiredAt": 0, "count": 0, "marked": false}, "stats": {"checkinsCount": 53, "usersCount": 32, "tipCount": 1}, "id": "57bd02bfcd106dda4a91278e", "categories": [{"pluralName": "Bakeries", "id": "4bf58dd8d48988d16a941735", "primary": true, "icon": {"prefix": "https://ss3.4sqi.net/img/categories_v2/food/bakery_", "suffix": ".png"}, "name": "Bakery", "shortName": "Bakery"}], "location": {"lng": 103.795705, "formattedAddress": ["#01-04, Raffles Holland V (118 Holland Avenue)", "Singapore"], "lat": 1.310464, "crossStreet": "118 Holland Avenue", "country": "Singapore", "distance": 161, "city": "Singapore", "cc": "SG", "address": "#01-04, Raffles Holland V", "labeledLatLngs": [{"lng": 103.795705, "label": "display", "lat": 1.310464}]}, "hours": {"isLocalHoliday": false, "isOpen": true, "status": "Open until 10:00 PM"}, "verified": false, "price": {"tier": 1, "currency": "$", "message": "Cheap"}}, "referralId": "e-3-57bd02bfcd106dda4a91278e-58", "tips": [{"logView": true, "photo": {"id": "5805aa3c38fa482a563e0a38", "visibility": "public", "source": {"name": "Swarm for iOS", "url": "https://www.swarmapp.com"}, "suffix": "/214596519_xE_AxvRFJE6VNl0nyezAm95oRyLWOU8rZ9NNbqwmt8Q.jpg", "createdAt": 1476766268, "prefix": "https://igx.4sqi.net/img/general/", "width": 1440, "height": 1920}, "createdAt": 1476766268, "agreeCount": 0, "id": "5805aa3c38fa482a563e0a3c", "text": "Love the pervious outlet 2 story , the new outlet seats are limited with only 4 miserable mini tables ..", "type": "user", "disagreeCount": 0, "user": {"gender": "female", "id": "214596519", "photo": {"prefix": "https://igx.4sqi.net/img/user/", "suffix": "/214596519-T1U0KV3C4MCROVKF.jpg"}, "firstName": "Grace", "lastName": "Lcm"}, "canonicalUrl": "https://foursquare.com/item/5805aa3c38fa482a563e0a3c", "todo": {"count": 0}, "photourl": "https://igx.4sqi.net/img/general/original/214596519_xE_AxvRFJE6VNl0nyezAm95oRyLWOU8rZ9NNbqwmt8Q.jpg"}]}, {"reasons": {"items": [{"reasonName": "globalInteractionReason", "summary": "This spot is popular", "type": "general"}], "count": 0}, "venue": {"hereNow": {"groups": [], "summary": "Nobody here", "count": 0}, "contact": {}, "photos": {"groups": [], "count": 0}, "name": "Al Dente Trattoria", "allowMenuUrlEdit": true, "beenHere": {"lastCheckinExpiredAt": 0, "count": 0, "marked": false}, "stats": {"checkinsCount": 81, "usersCount": 76, "tipCount": 3}, "id": "4b4f0e06f964a52065f926e3", "categories": [{"pluralName": "Italian Restaurants", "id": "4bf58dd8d48988d110941735", "primary": true, "icon": {"prefix": "https://ss3.4sqi.net/img/categories_v2/food/italian_", "suffix": ".png"}, "name": "Italian Restaurant", "shortName": "Italian"}], "location": {"lng": 103.795005, "formattedAddress": ["22 Lorong Mambong (Holland Village)", "227681", "Singapore"], "postalCode": "227681", "lat": 1.311386, "crossStreet": "Holland Village", "country": "Singapore", "distance": 141, "city": "Singapore", "cc": "SG", "address": "22 Lorong Mambong", "labeledLatLngs": [{"lng": 103.795005, "label": "display", "lat": 1.311386}]}, "verified": false, "price": {"tier": 2, "currency": "$", "message": "Moderate"}}, "referralId": "e-3-4b4f0e06f964a52065f926e3-59", "tips": [{"id": "4caf465539458cfa390cf99f", "text": "$10 pizzas and 1for1 pasta during lunch on weekdays, best place to dine for lunch at the village!", "disagreeCount": 0, "logView": true, "createdAt": 1286555221, "likes": {"groups": [], "summary": "3 likes", "count": 3}, "todo": {"count": 0}, "agreeCount": 0, "canonicalUrl": "https://foursquare.com/item/4caf465539458cfa390cf99f", "type": "user", "user": {"gender": "male", "id": "2350770", "photo": {"prefix": "https://igx.4sqi.net/img/user/", "suffix": "/LN0BG0UCZMGBBAR0.jpg"}, "firstName": "Kevin", "lastName": "H"}}]}, {"reasons": {"items": [{"reasonName": "globalInteractionReason", "summary": "This spot is popular", "type": "general"}], "count": 0}, "venue": {"hereNow": {"groups": [], "summary": "Nobody here", "count": 0}, "contact": {"phone": "+6567326269", "formattedPhone": "+65 6732 6269"}, "photos": {"groups": [], "count": 0}, "name": "La Fromagerie", "allowMenuUrlEdit": true, "beenHere": {"lastCheckinExpiredAt": 0, "count": 0, "marked": false}, "stats": {"checkinsCount": 65, "usersCount": 45, "tipCount": 0}, "id": "4d267ba7888af04dc9edb3af", "categories": [{"pluralName": "French Restaurants", "id": "4bf58dd8d48988d10c941735", "primary": true, "icon": {"prefix": "https://ss3.4sqi.net/img/categories_v2/food/french_", "suffix": ".png"}, "name": "French Restaurant", "shortName": "French"}], "location": {"formattedAddress": ["43 Jalan Merah Saga Chip Bee Gardens #01-64", "278115", "Singapore"], "postalCode": "278115", "lat": 1.3111651110378117, "lng": 103.79669115079241, "country": "Singapore", "distance": 92, "city": "Singapore", "cc": "SG", "address": "43 Jalan Merah Saga Chip Bee Gardens #01-64", "labeledLatLngs": [{"lng": 103.79669115079241, "label": "display", "lat": 1.3111651110378117}]}, "verified": false, "price": {"tier": 3, "currency": "$", "message": "Expensive"}}, "referralId": "e-3-4d267ba7888af04dc9edb3af-60"}, {"reasons": {"items": [{"reasonName": "globalInteractionReason", "summary": "This spot is popular", "type": "general"}], "count": 0}, "venue": {"hereNow": {"groups": [], "summary": "Nobody here", "count": 0}, "contact": {}, "photos": {"groups": [], "count": 0}, "name": "The Curry Hut", "allowMenuUrlEdit": true, "beenHere": {"lastCheckinExpiredAt": 0, "count": 0, "marked": false}, "stats": {"checkinsCount": 79, "usersCount": 55, "tipCount": 1}, "id": "53aebe15498ec5c318876d78", "categories": [{"pluralName": "Indian Restaurants", "id": "4bf58dd8d48988d10f941735", "primary": true, "icon": {"prefix": "https://ss3.4sqi.net/img/categories_v2/food/indian_", "suffix": ".png"}, "name": "Indian Restaurant", "shortName": "Indian"}], "location": {"formattedAddress": ["Singapore"], "lat": 1.311557, "lng": 103.79462, "country": "Singapore", "distance": 177, "city": "Singapore", "cc": "SG", "labeledLatLngs": [{"lng": 103.79462, "label": "display", "lat": 1.311557}]}, "verified": false, "price": {"tier": 2, "currency": "$", "message": "Moderate"}}, "referralId": "e-3-53aebe15498ec5c318876d78-61", "tips": [{"id": "54032096498ee3de72d246ee", "text": "Best butter chicken in town!", "disagreeCount": 0, "createdAt": 1409491094, "logView": true, "todo": {"count": 0}, "agreeCount": 0, "canonicalUrl": "https://foursquare.com/item/54032096498ee3de72d246ee", "type": "user", "user": {"gender": "female", "id": "5379588", "photo": {"prefix": "https://igx.4sqi.net/img/user/", "suffix": "/5379588-PBTUUH5WBQ3NA5PB.jpg"}, "firstName": "Beena", "lastName": "Reyes"}}]}, {"reasons": {"items": [{"reasonName": "globalInteractionReason", "summary": "This spot is popular", "type": "general"}], "count": 0}, "venue": {"hereNow": {"groups": [], "summary": "Nobody here", "count": 0}, "contact": {}, "photos": {"groups": [], "count": 0}, "name": "Tenderbest @ Holland Village", "allowMenuUrlEdit": true, "beenHere": {"lastCheckinExpiredAt": 0, "count": 0, "marked": false}, "stats": {"checkinsCount": 220, "usersCount": 129, "tipCount": 3}, "id": "4c52fec799ecc9b63475aa5b", "categories": [{"pluralName": "Asian Restaurants", "id": "4bf58dd8d48988d142941735", "primary": true, "icon": {"prefix": "https://ss3.4sqi.net/img/categories_v2/food/asian_", "suffix": ".png"}, "name": "Asian Restaurant", "shortName": "Asian"}], "location": {"formattedAddress": ["Lorong Mambong", "Singapore"], "lat": 1.310908, "lng": 103.795137, "country": "Singapore", "distance": 156, "city": "Singapore", "cc": "SG", "address": "Lorong Mambong", "labeledLatLngs": [{"lng": 103.795137, "label": "display", "lat": 1.310908}]}, "verified": false, "price": {"tier": 2, "currency": "$", "message": "Moderate"}}, "referralId": "e-3-4c52fec799ecc9b63475aa5b-62", "tips": [{"id": "4d143eabbb64224b5182ab65", "text": "Must try on menu: Bbq chix wing..", "disagreeCount": 0, "logView": true, "createdAt": 1293172395, "likes": {"groups": [], "summary": "3 likes", "count": 3}, "todo": {"count": 0}, "agreeCount": 0, "canonicalUrl": "https://foursquare.com/item/4d143eabbb64224b5182ab65", "type": "user", "user": {"gender": "male", "id": "4568172", "photo": {"prefix": "https://igx.4sqi.net/img/user/", "suffix": "/YHJYCE5CVIJM4XCE.jpg"}, "firstName": "Manifest", "lastName": "MagniFIQuez"}}]}, {"reasons": {"items": [{"reasonName": "globalInteractionReason", "summary": "This spot is popular", "type": "general"}], "count": 0}, "venue": {"hereNow": {"groups": [], "summary": "Nobody here", "count": 0}, "contact": {}, "photos": {"groups": [], "count": 0}, "name": "Pizza Hut Express", "allowMenuUrlEdit": true, "beenHere": {"lastCheckinExpiredAt": 0, "count": 0, "marked": false}, "stats": {"checkinsCount": 43, "usersCount": 10, "tipCount": 0}, "id": "56594b54498e0aff33f5af51", "categories": [{"pluralName": "Pizza Places", "id": "4bf58dd8d48988d1ca941735", "primary": true, "icon": {"prefix": "https://ss3.4sqi.net/img/categories_v2/food/pizza_", "suffix": ".png"}, "name": "Pizza Place", "shortName": "Pizza"}], "location": {"formattedAddress": ["200 Holland Avenue #B1-07", "278995", "Singapore"], "postalCode": "278995", "lat": 1.3104521243744993, "lng": 103.79421800003426, "state": "Holland", "country": "Singapore", "distance": 268, "city": "Singapore", "cc": "SG", "address": "200 Holland Avenue #B1-07", "labeledLatLngs": [{"lng": 103.79421800003426, "label": "display", "lat": 1.3104521243744993}]}, "hours": {"isLocalHoliday": false, "isOpen": true, "status": "Open until 10:00 PM"}, "verified": false, "price": {"tier": 1, "currency": "$", "message": "Cheap"}}, "referralId": "e-3-56594b54498e0aff33f5af51-63"}, {"reasons": {"items": [{"reasonName": "globalInteractionReason", "summary": "This spot is popular", "type": "general"}], "count": 0}, "venue": {"hereNow": {"groups": [], "summary": "Nobody here", "count": 0}, "contact": {}, "photos": {"groups": [], "count": 0}, "name": "Ming Kitchen Seafood Restaurant", "allowMenuUrlEdit": true, "beenHere": {"lastCheckinExpiredAt": 0, "count": 0, "marked": false}, "stats": {"checkinsCount": 199, "usersCount": 123, "tipCount": 4}, "id": "4bcbec0e68f976b046f46183", "categories": [{"pluralName": "Chinese Restaurants", "id": "4bf58dd8d48988d145941735", "primary": true, "icon": {"prefix": "https://ss3.4sqi.net/img/categories_v2/food/asian_", "suffix": ".png"}, "name": "Chinese Restaurant", "shortName": "Chinese"}], "location": {"formattedAddress": ["46 Holland Drive", "Singapore"], "lat": 1.308952, "lng": 103.793013, "country": "Singapore", "distance": 477, "city": "Singapore", "cc": "SG", "address": "46 Holland Drive", "labeledLatLngs": [{"lng": 103.793013, "label": "display", "lat": 1.308952}]}, "verified": false, "price": {"tier": 1, "currency": "$", "message": "Cheap"}}, "referralId": "e-3-4bcbec0e68f976b046f46183-64", "tips": [{"logView": true, "createdAt": 1275655053, "todo": {"count": 1}, "agreeCount": 0, "likes": {"groups": [], "summary": "1 like", "count": 1}, "id": "4c08f38d5214ef3b99485e69", "text": "Must tries: XO fish head bee hoon soup & prawn roll. See pictures and review at http://sparklette.net/food/ming-kitchen-seafood-restaurant/", "entities": [{"indices": [80, 139], "type": "url", "object": {"url": "http://sparklette.net/food/ming-kitchen-seafood-restaurant/"}}], "disagreeCount": 0, "url": "http://sparklette.net/food/ming-kitchen-seafood-restaurant/", "user": {"id": "286427", "photo": {"prefix": "https://igx.4sqi.net/img/user/", "suffix": "/BQODELOYU34CMCTJ.jpg"}, "firstName": "Veron @ Sparklette.net", "gender": "female"}, "canonicalUrl": "https://foursquare.com/item/4c08f38d5214ef3b99485e69", "type": "user"}]}, {"reasons": {"items": [{"reasonName": "globalInteractionReason", "summary": "This spot is popular", "type": "general"}], "count": 0}, "venue": {"hereNow": {"groups": [], "summary": "Nobody here", "count": 0}, "contact": {"facebook": "785660921515799", "facebookName": "D'life Bistro & Cafe - Vegetarian", "phone": "+6566357282", "formattedPhone": "+65 6635 7282"}, "photos": {"groups": [], "count": 0}, "rating": 5.8, "name": "D'Life Bistro & Cafe", "ratingSignals": 17, "allowMenuUrlEdit": true, "categories": [{"pluralName": "Vegetarian / Vegan Restaurants", "id": "4bf58dd8d48988d1d3941735", "primary": true, "icon": {"prefix": "https://ss3.4sqi.net/img/categories_v2/food/vegetarian_", "suffix": ".png"}, "name": "Vegetarian / Vegan Restaurant", "shortName": "Vegetarian / Vegan"}], "stats": {"checkinsCount": 131, "usersCount": 84, "tipCount": 8}, "id": "54d5fba1498e9cbc5cfd319e", "beenHere": {"lastCheckinExpiredAt": 0, "count": 0, "marked": false}, "ratingColor": "FF9600", "location": {"formattedAddress": ["118 Commonwealth Crescent. #01-28.", "140118", "Singapore"], "postalCode": "140118", "neighborhood": "Central Region", "lat": 1.307009398606861, "lng": 103.80077732527852, "distance": 740, "country": "Singapore", "cc": "SG", "address": "118 Commonwealth Crescent. #01-28.", "labeledLatLngs": [{"lng": 103.80077732527852, "label": "display", "lat": 1.307009398606861}]}, "verified": false, "price": {"tier": 2, "currency": "$", "message": "Moderate"}}, "referralId": "e-3-54d5fba1498e9cbc5cfd319e-65", "tips": [{"id": "583453c9040d53756ba49880", "text": "Yes! You have to try their Assam laksa. KL black Hokkien mee is pretty good too. Def one of the better vegetarian restaurant!", "disagreeCount": 0, "createdAt": 1479824329, "logView": true, "todo": {"count": 0}, "agreeCount": 0, "canonicalUrl": "https://foursquare.com/item/583453c9040d53756ba49880", "type": "user", "user": {"id": "12305570", "photo": {"prefix": "https://igx.4sqi.net/img/user/", "suffix": "/12305570-J3K4UGYLG55R2V4G.jpg"}, "firstName": "Saudade", "gender": "female"}}]}, {"reasons": {"items": [{"reasonName": "globalInteractionReason", "summary": "This spot is popular", "type": "general"}], "count": 0}, "venue": {"hereNow": {"groups": [], "summary": "Nobody here", "count": 0}, "contact": {}, "photos": {"groups": [], "count": 0}, "name": "Leong Wei Roasted Delight", "allowMenuUrlEdit": true, "beenHere": {"lastCheckinExpiredAt": 0, "count": 0, "marked": false}, "stats": {"checkinsCount": 132, "usersCount": 54, "tipCount": 3}, "id": "4cba7007f50e224bde0af4fb", "categories": [{"pluralName": "BBQ Joints", "id": "4bf58dd8d48988d1df931735", "primary": true, "icon": {"prefix": "https://ss3.4sqi.net/img/categories_v2/food/bbqalt_", "suffix": ".png"}, "name": "BBQ Joint", "shortName": "BBQ"}], "location": {"lng": 103.79306350124696, "formattedAddress": ["#02-36, Holland Drive Market & Food Centre (44 Holland Drive)", "Singapore"], "lat": 1.308367159758413, "crossStreet": "44 Holland Drive", "country": "Singapore", "distance": 519, "city": "Singapore", "cc": "SG", "address": "#02-36, Holland Drive Market & Food Centre", "labeledLatLngs": [{"lng": 103.79306350124696, "label": "display", "lat": 1.308367159758413}]}, "verified": false, "price": {"tier": 2, "currency": "$", "message": "Moderate"}}, "referralId": "e-3-4cba7007f50e224bde0af4fb-66", "tips": [{"logView": true, "photo": {"id": "56a5af12498e7d6e40559c2e", "visibility": "public", "source": {"name": "Swarm for Android", "url": "https://www.swarmapp.com"}, "suffix": "/2416267_777KCV1AWty920WH4lXO_SOcBnr6UU4-t-tKZmv0abY.jpg", "createdAt": 1453698834, "prefix": "https://igx.4sqi.net/img/general/", "width": 960, "height": 960}, "createdAt": 1453698834, "todo": {"count": 0}, "agreeCount": 1, "likes": {"groups": [], "summary": "1 like", "count": 1}, "id": "56a5af12498e7d6e40559c2f", "text": "One of the rare places in Singapore where you can find excellent roasted pork rice for only $2. It is worth topping up $1 for their char siew too.", "disagreeCount": 0, "user": {"id": "2416267", "photo": {"prefix": "https://igx.4sqi.net/img/user/", "suffix": "/2416267_KucjsQEM_ScdU_2QSQAUHuzKmBVwkJjI1N_g1HGztwHiU1HR99IuZBaOJaUm2PG-HS1b9ZtFJ.jpg"}, "firstName": "Songhua", "gender": "male"}, "canonicalUrl": "https://foursquare.com/item/56a5af12498e7d6e40559c2f", "type": "user", "photourl": "https://igx.4sqi.net/img/general/original/2416267_777KCV1AWty920WH4lXO_SOcBnr6UU4-t-tKZmv0abY.jpg"}]}, {"reasons": {"items": [{"reasonName": "globalInteractionReason", "summary": "This spot is popular", "type": "general"}], "count": 0}, "venue": {"contact": {}, "photos": {"groups": [], "count": 0}, "rating": 5.6, "name": "Chang Cheng Mee Wah \u9577\u57ce\u7f8e\u83ef", "ratingSignals": 9, "allowMenuUrlEdit": true, "categories": [{"pluralName": "Food Courts", "id": "4bf58dd8d48988d120951735", "primary": true, "icon": {"prefix": "https://ss3.4sqi.net/img/categories_v2/shops/food_foodcourt_", "suffix": ".png"}, "name": "Food Court", "shortName": "Food Court"}], "stats": {"checkinsCount": 189, "usersCount": 97, "tipCount": 7}, "id": "5274cb5d11d2f7101f01905e", "beenHere": {"lastCheckinExpiredAt": 0, "count": 0, "marked": false}, "url": "http://www.changcheng.com.sg", "ratingColor": "FF9600", "location": {"formattedAddress": ["40 Holland Dr. #01-39.", "270040", "Singapore"], "postalCode": "270040", "lat": 1.3068160488566247, "lng": 103.7936407494052, "country": "Singapore", "distance": 626, "city": "Singapore", "cc": "SG", "address": "40 Holland Dr. #01-39.", "labeledLatLngs": [{"lng": 103.7936407494052, "label": "display", "lat": 1.3068160488566247}]}, "hours": {"isLocalHoliday": false, "isOpen": true, "status": "Open until 1:00 AM"}, "verified": false, "hereNow": {"groups": [], "summary": "Nobody here", "count": 0}}, "referralId": "e-3-5274cb5d11d2f7101f01905e-67", "tips": [{"logView": true, "photo": {"id": "59153fb60e5da851e715c6f6", "visibility": "public", "source": {"name": "Foursquare for iOS", "url": "https://foursquare.com/download/#/iphone"}, "suffix": "/231366_Nn2-y1iZESTRzL-X_yB3kcNSiDN36oysBEMp2s-2-I0.jpg", "createdAt": 1494564790, "prefix": "https://igx.4sqi.net/img/general/", "width": 1920, "height": 1440}, "createdAt": 1494564867, "agreeCount": 0, "id": "5915400331fd147e3e8710af", "text": "Chicken rice is delicious! I can eat the flavoured rice alone! Chilli sauce is also shiok!", "type": "user", "disagreeCount": 0, "user": {"gender": "male", "id": "231366", "photo": {"prefix": "https://igx.4sqi.net/img/user/", "suffix": "/231366-Q2ZSAEF50GYUXPDA.jpg"}, "firstName": "Cheen", "lastName": "The Curious"}, "canonicalUrl": "https://foursquare.com/item/5915400331fd147e3e8710af", "todo": {"count": 0}, "photourl": "https://igx.4sqi.net/img/general/original/231366_Nn2-y1iZESTRzL-X_yB3kcNSiDN36oysBEMp2s-2-I0.jpg"}]}, {"reasons": {"items": [{"reasonName": "globalInteractionReason", "summary": "This spot is popular", "type": "general"}], "count": 0}, "venue": {"hereNow": {"groups": [], "summary": "Nobody here", "count": 0}, "contact": {}, "photos": {"groups": [], "count": 0}, "name": "Zhen Ji Vegetarian \u73cd\u8bb0\u658b", "allowMenuUrlEdit": true, "beenHere": {"lastCheckinExpiredAt": 0, "count": 0, "marked": false}, "stats": {"checkinsCount": 57, "usersCount": 36, "tipCount": 3}, "id": "4daa4d491e72c1ab9bf2502d", "categories": [{"pluralName": "Vegetarian / Vegan Restaurants", "id": "4bf58dd8d48988d1d3941735", "primary": true, "icon": {"prefix": "https://ss3.4sqi.net/img/categories_v2/food/vegetarian_", "suffix": ".png"}, "name": "Vegetarian / Vegan Restaurant", "shortName": "Vegetarian / Vegan"}], "location": {"lat": 1.3080183886838048, "distance": 562, "country": "Singapore", "cc": "SG", "crossStreet": "44 Holland Drive", "formattedAddress": ["#02-26, Holland Drive Food Centre (44 Holland Drive)", "270044", "Singapore"], "neighborhood": "Holland Village", "city": "Singapore", "lng": 103.79287674501892, "labeledLatLngs": [{"lng": 103.79287674501892, "label": "display", "lat": 1.3080183886838048}], "address": "#02-26, Holland Drive Food Centre", "postalCode": "270044"}, "hours": {"isLocalHoliday": false, "isOpen": false, "status": "Closed until 7:00 AM tomorrow"}, "verified": false, "price": {"tier": 2, "currency": "$", "message": "Moderate"}}, "referralId": "e-3-4daa4d491e72c1ab9bf2502d-68", "tips": [{"id": "56c2d9f2498e5b8e4ef3bbdb", "text": "Long Q, but not sure what's great about it!", "disagreeCount": 0, "createdAt": 1455610354, "logView": true, "todo": {"count": 0}, "agreeCount": 0, "canonicalUrl": "https://foursquare.com/item/56c2d9f2498e5b8e4ef3bbdb", "type": "user", "user": {"gender": "female", "id": "16504035", "photo": {"prefix": "https://igx.4sqi.net/img/user/", "suffix": "/16504035-Y240Y2NOOU022AVR.jpg"}, "firstName": "Jasmine", "lastName": "Pang"}}]}, {"reasons": {"items": [{"reasonName": "globalInteractionReason", "summary": "This spot is popular", "type": "general"}], "count": 0}, "venue": {"hereNow": {"groups": [], "summary": "Nobody here", "count": 0}, "contact": {}, "photos": {"groups": [], "count": 0}, "name": "\u53f6\u8bb0\u91d1\u86cb\u4e91\u541e\u9762 Yap Kee Wanton Noodles", "allowMenuUrlEdit": true, "beenHere": {"lastCheckinExpiredAt": 0, "count": 0, "marked": false}, "stats": {"checkinsCount": 51, "usersCount": 25, "tipCount": 3}, "id": "4ddc84d3d22df17199015451", "categories": [{"pluralName": "Noodle Houses", "id": "4bf58dd8d48988d1d1941735", "primary": true, "icon": {"prefix": "https://ss3.4sqi.net/img/categories_v2/food/ramen_", "suffix": ".png"}, "name": "Noodle House", "shortName": "Noodles"}], "location": {"lng": 103.79270696685423, "formattedAddress": ["#02-04, Holland Drive Market and Food Centre (44 Holland Drive)", "270044", "Singapore"], "postalCode": "270044", "lat": 1.3081087720982074, "crossStreet": "44 Holland Drive", "country": "Singapore", "distance": 567, "city": "Singapore", "cc": "SG", "address": "#02-04, Holland Drive Market and Food Centre", "labeledLatLngs": [{"lng": 103.79270696685423, "label": "display", "lat": 1.3081087720982074}]}, "verified": false, "price": {"tier": 1, "currency": "$", "message": "Cheap"}}, "referralId": "e-3-4ddc84d3d22df17199015451-69", "tips": [{"id": "563ab527cd10e24399dfba56", "text": "Try their famous wonton mee the owner highly recommands the white version which is served with a dash of oil light flavored soy sauce i highly recommend this if you are planning to try it", "disagreeCount": 0, "createdAt": 1446688039, "logView": true, "todo": {"count": 0}, "agreeCount": 0, "canonicalUrl": "https://foursquare.com/item/563ab527cd10e24399dfba56", "type": "user", "user": {"gender": "male", "id": "6892288", "photo": {"prefix": "https://igx.4sqi.net/img/user/", "suffix": "/6892288-05IEREOQ3JVOGGI4.jpg"}, "firstName": "Clement", "lastName": "Ng"}}]}, {"reasons": {"items": [{"reasonName": "globalInteractionReason", "summary": "This spot is popular", "type": "general"}], "count": 0}, "venue": {"id": "5613a009498e7adf5b4e7468", "hereNow": {"groups": [], "summary": "Nobody here", "count": 0}, "contact": {}, "beenHere": {"lastCheckinExpiredAt": 0, "count": 0, "marked": false}, "photos": {"groups": [], "count": 0}, "name": "One Nanyang Food Court", "location": {"formattedAddress": ["Singapore"], "lat": 1.306752, "lng": 103.797068, "distance": 574, "country": "Singapore", "cc": "SG", "labeledLatLngs": [{"lng": 103.797068, "label": "display", "lat": 1.306752}]}, "allowMenuUrlEdit": true, "verified": false, "categories": [{"pluralName": "Food Courts", "id": "4bf58dd8d48988d120951735", "primary": true, "icon": {"prefix": "https://ss3.4sqi.net/img/categories_v2/shops/food_foodcourt_", "suffix": ".png"}, "name": "Food Court", "shortName": "Food Court"}], "stats": {"checkinsCount": 62, "usersCount": 26, "tipCount": 2}}, "referralId": "e-3-5613a009498e7adf5b4e7468-70", "tips": [{"logView": true, "photo": {"id": "5912674018d43b094e264368", "visibility": "public", "source": {"name": "Foursquare for iOS", "url": "https://foursquare.com/download/#/iphone"}, "suffix": "/231366_DnR_Gx7VPL_lcVZuIVNxngsgTJNNYaLGTCKjHYa9HkM.jpg", "createdAt": 1494378304, "prefix": "https://igx.4sqi.net/img/general/", "width": 1920, "height": 1440}, "createdAt": 1494378301, "agreeCount": 0, "id": "5912673d3fcee87633e9affb", "text": "Previously called the First Stop Cafe. Under new management", "type": "user", "disagreeCount": 0, "user": {"gender": "male", "id": "231366", "photo": {"prefix": "https://igx.4sqi.net/img/user/", "suffix": "/231366-Q2ZSAEF50GYUXPDA.jpg"}, "firstName": "Cheen", "lastName": "The Curious"}, "canonicalUrl": "https://foursquare.com/item/5912673d3fcee87633e9affb", "todo": {"count": 0}, "photourl": "https://igx.4sqi.net/img/general/original/231366_DnR_Gx7VPL_lcVZuIVNxngsgTJNNYaLGTCKjHYa9HkM.jpg"}]}, {"reasons": {"items": [{"reasonName": "globalInteractionReason", "summary": "This spot is popular", "type": "general"}], "count": 0}, "venue": {"hereNow": {"groups": [], "summary": "Nobody here", "count": 0}, "contact": {}, "photos": {"groups": [], "count": 0}, "name": "King Of Crabs LIVE SEAFOOD", "allowMenuUrlEdit": true, "beenHere": {"lastCheckinExpiredAt": 0, "count": 0, "marked": false}, "stats": {"checkinsCount": 121, "usersCount": 57, "tipCount": 0}, "id": "539ed897498e08a9ddcdeb44", "categories": [{"pluralName": "Seafood Restaurants", "id": "4bf58dd8d48988d1ce941735", "primary": true, "icon": {"prefix": "https://ss3.4sqi.net/img/categories_v2/food/seafood_", "suffix": ".png"}, "name": "Seafood Restaurant", "shortName": "Seafood"}], "location": {"lng": 103.79369354248047, "formattedAddress": ["Chang Cheng Mee Wah (Coffeeshop) (40 Holland Drive)", "Singapore"], "lat": 1.3067469596862793, "crossStreet": "40 Holland Drive", "country": "Singapore", "distance": 630, "city": "Singapore", "cc": "SG", "address": "Chang Cheng Mee Wah (Coffeeshop)", "labeledLatLngs": [{"lng": 103.79369354248047, "label": "display", "lat": 1.3067469596862793}]}, "verified": false, "price": {"tier": 3, "currency": "$", "message": "Expensive"}}, "referralId": "e-3-539ed897498e08a9ddcdeb44-71"}, {"reasons": {"items": [{"reasonName": "globalInteractionReason", "summary": "This spot is popular", "type": "general"}], "count": 0}, "venue": {"hereNow": {"groups": [], "summary": "Nobody here", "count": 0}, "contact": {}, "photos": {"groups": [], "count": 0}, "name": "Pine Garden Seafood", "allowMenuUrlEdit": true, "beenHere": {"lastCheckinExpiredAt": 0, "count": 0, "marked": false}, "stats": {"checkinsCount": 157, "usersCount": 88, "tipCount": 2}, "id": "4c2b29edb34ad13a8a46e9ce", "categories": [{"pluralName": "Seafood Restaurants", "id": "4bf58dd8d48988d1ce941735", "primary": true, "icon": {"prefix": "https://ss3.4sqi.net/img/categories_v2/food/seafood_", "suffix": ".png"}, "name": "Seafood Restaurant", "shortName": "Seafood"}], "location": {"formattedAddress": ["Blk 43 Holland Drive", "Singapore"], "lat": 1.307556, "lng": 103.792429, "distance": 634, "country": "Singapore", "cc": "SG", "address": "Blk 43 Holland Drive", "labeledLatLngs": [{"lng": 103.792429, "label": "display", "lat": 1.307556}]}, "verified": false, "price": {"tier": 3, "currency": "$", "message": "Expensive"}}, "referralId": "e-3-4c2b29edb34ad13a8a46e9ce-72", "tips": [{"id": "4d5f56bcb19fa143266ce6c8", "text": "Cheap & good", "disagreeCount": 0, "logView": true, "createdAt": 1298093756, "likes": {"groups": [], "summary": "1 like", "count": 1}, "todo": {"count": 0}, "agreeCount": 0, "canonicalUrl": "https://foursquare.com/item/4d5f56bcb19fa143266ce6c8", "type": "user", "user": {"gender": "none", "id": "1891116", "photo": {"prefix": "https://igx.4sqi.net/img/user/", "suffix": "/WLSJ1YCMDWFSMFDH.jpg"}, "firstName": "ChiahLiang", "lastName": "Tan"}}]}, {"reasons": {"items": [{"reasonName": "globalInteractionReason", "summary": "This spot is popular", "type": "general"}], "count": 0}, "venue": {"hereNow": {"groups": [], "summary": "Nobody here", "count": 0}, "contact": {}, "photos": {"groups": [], "count": 0}, "name": "\u53cc\u53a8\u83dc\u9986 ( \u716e\u7092\u6765\u4e86 \uff09", "allowMenuUrlEdit": true, "beenHere": {"lastCheckinExpiredAt": 0, "count": 0, "marked": false}, "stats": {"checkinsCount": 133, "usersCount": 82, "tipCount": 2}, "id": "4cf652da1cfea09310ebde39", "categories": [{"pluralName": "Chinese Restaurants", "id": "4bf58dd8d48988d145941735", "primary": true, "icon": {"prefix": "https://ss3.4sqi.net/img/categories_v2/food/asian_", "suffix": ".png"}, "name": "Chinese Restaurant", "shortName": "Chinese"}], "location": {"formattedAddress": ["140116", "Singapore"], "postalCode": "140116", "lat": 1.307297, "lng": 103.800047, "distance": 662, "country": "Singapore", "cc": "SG", "labeledLatLngs": [{"lng": 103.800047, "label": "display", "lat": 1.307297}]}, "verified": false, "price": {"tier": 1, "currency": "$", "message": "Cheap"}}, "referralId": "e-3-4cf652da1cfea09310ebde39-73", "tips": [{"id": "52f8926b498ec085e3d21544", "text": "Kind of over rated...", "disagreeCount": 0, "logView": true, "createdAt": 1392022123, "likes": {"groups": [], "summary": "1 like", "count": 1}, "todo": {"count": 0}, "agreeCount": 1, "canonicalUrl": "https://foursquare.com/item/52f8926b498ec085e3d21544", "type": "user", "user": {"gender": "male", "id": "876221", "photo": {"prefix": "https://igx.4sqi.net/img/user/", "suffix": "/EDRIA4GMNMQZCGQ0.jpg"}, "firstName": "Johnston", "lastName": "Loh"}}]}, {"reasons": {"items": [{"reasonName": "globalInteractionReason", "summary": "This spot is popular", "type": "general"}], "count": 0}, "venue": {"id": "4c2acddf77cfe21edd9eb3f1", "hereNow": {"groups": [], "summary": "Nobody here", "count": 0}, "contact": {}, "beenHere": {"lastCheckinExpiredAt": 0, "count": 0, "marked": false}, "photos": {"groups": [], "count": 0}, "name": "Sin Kee Heong Eating House", "location": {"formattedAddress": ["117 Commonwealth Crescent", "Singapore"], "lat": 1.3067311783867481, "lng": 103.7996623872802, "country": "Singapore", "distance": 686, "city": "Singapore", "cc": "SG", "address": "117 Commonwealth Crescent", "labeledLatLngs": [{"lng": 103.7996623872802, "label": "display", "lat": 1.3067311783867481}]}, "allowMenuUrlEdit": true, "verified": false, "categories": [{"pluralName": "Food Courts", "id": "4bf58dd8d48988d120951735", "primary": true, "icon": {"prefix": "https://ss3.4sqi.net/img/categories_v2/shops/food_foodcourt_", "suffix": ".png"}, "name": "Food Court", "shortName": "Food Court"}], "stats": {"checkinsCount": 137, "usersCount": 60, "tipCount": 8}}, "referralId": "e-3-4c2acddf77cfe21edd9eb3f1-74", "tips": [{"id": "4d7e23099df3f04d94bfbe94", "text": "Cheap and nice... Must try", "disagreeCount": 0, "logView": true, "createdAt": 1300112137, "likes": {"groups": [], "summary": "2 likes", "count": 2}, "todo": {"count": 0}, "agreeCount": 0, "canonicalUrl": "https://foursquare.com/item/4d7e23099df3f04d94bfbe94", "type": "user", "user": {"gender": "male", "id": "7196509", "photo": {"prefix": "https://igx.4sqi.net/img/user/", "suffix": "/O1I0YS2JKKFNXQPD.jpg"}, "firstName": "Poh", "lastName": "Cheng ho"}}]}, {"reasons": {"items": [{"reasonName": "globalInteractionReason", "summary": "This spot is popular", "type": "general"}], "count": 0}, "venue": {"hereNow": {"groups": [], "summary": "Nobody here", "count": 0}, "contact": {}, "photos": {"groups": [], "count": 0}, "name": "\u9999\u6e2f\u8857\u73cd\u8bb0 (Zhe Char)", "allowMenuUrlEdit": true, "beenHere": {"lastCheckinExpiredAt": 0, "count": 0, "marked": false}, "stats": {"checkinsCount": 57, "usersCount": 41, "tipCount": 1}, "id": "4bab30caf964a5209f983ae3", "categories": [{"pluralName": "Chinese Restaurants", "id": "4bf58dd8d48988d145941735", "primary": true, "icon": {"prefix": "https://ss3.4sqi.net/img/categories_v2/food/asian_", "suffix": ".png"}, "name": "Chinese Restaurant", "shortName": "Chinese"}], "location": {"lng": 103.800577, "formattedAddress": ["#02-102, Commonwealth Crescent Market & Food Centre (31 Commonwealth Crescent)", "Singapore"], "lat": 1.307225, "crossStreet": "31 Commonwealth Crescent", "country": "Singapore", "distance": 708, "city": "Singapore", "cc": "SG", "address": "#02-102, Commonwealth Crescent Market & Food Centre", "labeledLatLngs": [{"lng": 103.800577, "label": "display", "lat": 1.307225}]}, "verified": false, "price": {"tier": 1, "currency": "$", "message": "Cheap"}}, "referralId": "e-3-4bab30caf964a5209f983ae3-75", "tips": [{"logView": true, "photo": {"id": "541d586b498ed05e93a69e8d", "visibility": "public", "source": {"name": "Foursquare for iOS", "url": "https://foursquare.com/download/#/iphone"}, "suffix": "/660527_jbfUnVkYPzkEtIKNieskjcvR7FrbKdCWaryY6fgsopU.jpg", "createdAt": 1411209323, "prefix": "https://igx.4sqi.net/img/general/", "width": 960, "height": 720}, "createdAt": 1411209320, "agreeCount": 0, "id": "541d5868498efc42fadaddce", "text": "Not much choices but one of the better tze char around here besides two chefs", "type": "user", "disagreeCount": 0, "user": {"gender": "female", "id": "660527", "photo": {"prefix": "https://igx.4sqi.net/img/user/", "suffix": "/660527-KQATXD4HSY3UG2LG.jpg"}, "firstName": "Reyane", "lastName": "Kang"}, "canonicalUrl": "https://foursquare.com/item/541d5868498efc42fadaddce", "todo": {"count": 0}, "photourl": "https://igx.4sqi.net/img/general/original/660527_jbfUnVkYPzkEtIKNieskjcvR7FrbKdCWaryY6fgsopU.jpg"}]}, {"reasons": {"items": [{"reasonName": "globalInteractionReason", "summary": "This spot is popular", "type": "general"}], "count": 0}, "venue": {"hereNow": {"groups": [], "summary": "Nobody here", "count": 0}, "contact": {}, "photos": {"groups": [], "count": 0}, "name": "Jian Kang Noodles \u5065\u5eb7\u9eba\u98df", "allowMenuUrlEdit": true, "beenHere": {"lastCheckinExpiredAt": 0, "count": 0, "marked": false}, "stats": {"checkinsCount": 108, "usersCount": 29, "tipCount": 2}, "id": "4bad7978f964a5208d543be3", "categories": [{"pluralName": "Noodle Houses", "id": "4bf58dd8d48988d1d1941735", "primary": true, "icon": {"prefix": "https://ss3.4sqi.net/img/categories_v2/food/ramen_", "suffix": ".png"}, "name": "Noodle House", "shortName": "Noodles"}], "location": {"lng": 103.80041599273682, "formattedAddress": ["#02-77, Commonwealth Crescent Market & Food Centre (31 Commonwealth Cres.)", "278473", "Singapore"], "postalCode": "278473", "lat": 1.307045091393903, "crossStreet": "31 Commonwealth Cres.", "country": "Singapore", "distance": 710, "city": "Singapore", "cc": "SG", "address": "#02-77, Commonwealth Crescent Market & Food Centre", "labeledLatLngs": [{"lng": 103.80041599273682, "label": "display", "lat": 1.307045091393903}]}, "verified": false, "price": {"tier": 1, "currency": "$", "message": "Cheap"}}, "referralId": "e-3-4bad7978f964a5208d543be3-76", "tips": [{"id": "52733ca611d2e94565d236cf", "text": "Great Wanton Mee here.", "disagreeCount": 0, "createdAt": 1383283878, "logView": true, "todo": {"count": 0}, "agreeCount": 0, "canonicalUrl": "https://foursquare.com/item/52733ca611d2e94565d236cf", "type": "user", "user": {"gender": "male", "id": "1048097", "photo": {"prefix": "https://igx.4sqi.net/img/user/", "suffix": "/W11FMR5ZCZ31S3Y1.jpg"}, "firstName": "Mark", "lastName": "Fu"}}]}, {"reasons": {"items": [{"reasonName": "globalInteractionReason", "summary": "This spot is popular", "type": "general"}], "count": 0}, "venue": {"hereNow": {"groups": [], "summary": "Nobody here", "count": 0}, "contact": {}, "photos": {"groups": [], "count": 0}, "name": "Green Vegetarian \u5170\u9999\u56ed\u7d20\u98df", "allowMenuUrlEdit": true, "beenHere": {"lastCheckinExpiredAt": 0, "count": 0, "marked": false}, "stats": {"checkinsCount": 84, "usersCount": 21, "tipCount": 0}, "id": "4d972888daec224bcf51283e", "categories": [{"pluralName": "Vegetarian / Vegan Restaurants", "id": "4bf58dd8d48988d1d3941735", "primary": true, "icon": {"prefix": "https://ss3.4sqi.net/img/categories_v2/food/vegetarian_", "suffix": ".png"}, "name": "Vegetarian / Vegan Restaurant", "shortName": "Vegetarian / Vegan"}], "location": {"lng": 103.7936067935628, "formattedAddress": ["Koufu, 88 Tanglin Halt Road (Blk 88 Tanglin Halt Road)", "142088", "Singapore"], "postalCode": "142088", "lat": 1.3058211900342265, "crossStreet": "Blk 88 Tanglin Halt Road", "country": "Singapore", "distance": 728, "city": "Singapore", "cc": "SG", "address": "Koufu, 88 Tanglin Halt Road", "labeledLatLngs": [{"lng": 103.7936067935628, "label": "display", "lat": 1.3058211900342265}]}, "verified": false, "price": {"tier": 2, "currency": "$", "message": "Moderate"}}, "referralId": "e-3-4d972888daec224bcf51283e-77"}, {"reasons": {"items": [{"reasonName": "globalInteractionReason", "summary": "This spot is popular", "type": "general"}], "count": 0}, "venue": {"hereNow": {"groups": [], "summary": "Nobody here", "count": 0}, "contact": {}, "photos": {"groups": [], "count": 0}, "name": "Five Star Western Food", "allowMenuUrlEdit": true, "beenHere": {"lastCheckinExpiredAt": 0, "count": 0, "marked": false}, "stats": {"checkinsCount": 41, "usersCount": 24, "tipCount": 0}, "id": "4cbd82e9adcd5481d7f233a2", "categories": [{"pluralName": "American Restaurants", "id": "4bf58dd8d48988d14e941735", "primary": true, "icon": {"prefix": "https://ss3.4sqi.net/img/categories_v2/food/default_", "suffix": ".png"}, "name": "American Restaurant", "shortName": "American"}], "location": {"lng": 103.8005339623917, "formattedAddress": ["Commonwealth (Commonwealth Crescent Market & Food Centre)", "Singapore"], "lat": 1.3069281976394838, "crossStreet": "Commonwealth Crescent Market & Food Centre", "state": "Singapore", "distance": 729, "country": "Singapore", "cc": "SG", "address": "Commonwealth", "labeledLatLngs": [{"lng": 103.8005339623917, "label": "display", "lat": 1.3069281976394838}]}, "verified": false, "price": {"tier": 2, "currency": "$", "message": "Moderate"}}, "referralId": "e-3-4cbd82e9adcd5481d7f233a2-78"}, {"reasons": {"items": [{"reasonName": "globalInteractionReason", "summary": "This spot is popular", "type": "general"}], "count": 0}, "venue": {"hereNow": {"groups": [], "summary": "Nobody here", "count": 0}, "contact": {}, "photos": {"groups": [], "count": 0}, "name": "Hock Sing Eating House", "allowMenuUrlEdit": true, "beenHere": {"lastCheckinExpiredAt": 0, "count": 0, "marked": false}, "stats": {"checkinsCount": 171, "usersCount": 36, "tipCount": 4}, "id": "4e1bd18c52b1218fa01792fc", "categories": [{"pluralName": "Chinese Restaurants", "id": "4bf58dd8d48988d145941735", "primary": true, "icon": {"prefix": "https://ss3.4sqi.net/img/categories_v2/food/asian_", "suffix": ".png"}, "name": "Chinese Restaurant", "shortName": "Chinese"}], "location": {"formattedAddress": ["Commonwealth Crescent", "Singapore"], "lat": 1.307071547435111, "lng": 103.8007716656715, "country": "Singapore", "distance": 735, "city": "Singapore", "cc": "SG", "address": "Commonwealth Crescent", "labeledLatLngs": [{"lng": 103.8007716656715, "label": "display", "lat": 1.307071547435111}]}, "verified": false, "price": {"tier": 1, "currency": "$", "message": "Cheap"}}, "referralId": "e-3-4e1bd18c52b1218fa01792fc-79", "tips": [{"id": "4f3f4b6fe4b0a10c4461bd2b", "text": "Duck in the day. Zi char at night. Less crowded than the other corner where Two Chefs is.", "disagreeCount": 0, "logView": true, "createdAt": 1329548143, "likes": {"groups": [], "summary": "1 like", "count": 1}, "todo": {"count": 0}, "agreeCount": 0, "canonicalUrl": "https://foursquare.com/item/4f3f4b6fe4b0a10c4461bd2b", "type": "user", "user": {"gender": "male", "id": "5100326", "photo": {"prefix": "https://igx.4sqi.net/img/user/", "suffix": "/PNBDGDVC52O15MIZ.jpg"}, "firstName": "Chris", "lastName": "Ow"}}]}, {"reasons": {"items": [{"reasonName": "globalInteractionReason", "summary": "This spot is popular", "type": "general"}], "count": 0}, "venue": {"hereNow": {"groups": [], "summary": "Nobody here", "count": 0}, "contact": {}, "photos": {"groups": [], "count": 0}, "name": "The Prata Cafe", "allowMenuUrlEdit": true, "beenHere": {"lastCheckinExpiredAt": 0, "count": 0, "marked": false}, "stats": {"checkinsCount": 46, "usersCount": 23, "tipCount": 1}, "id": "50337cf0e4b02dad825c5fcc", "categories": [{"pluralName": "Indian Restaurants", "id": "4bf58dd8d48988d10f941735", "primary": true, "icon": {"prefix": "https://ss3.4sqi.net/img/categories_v2/food/indian_", "suffix": ".png"}, "name": "Indian Restaurant", "shortName": "Indian"}], "location": {"formattedAddress": ["Cwealth", "Singapore"], "lat": 1.306740744863695, "lng": 103.80049434521908, "country": "Singapore", "distance": 742, "city": "Singapore", "cc": "SG", "address": "Cwealth", "labeledLatLngs": [{"lng": 103.80049434521908, "label": "display", "lat": 1.306740744863695}]}, "verified": false, "price": {"tier": 2, "currency": "$", "message": "Moderate"}}, "referralId": "e-3-50337cf0e4b02dad825c5fcc-80", "tips": [{"id": "5128199fe4b00211ae71dde9", "text": "Fresh prata that's not greasy", "disagreeCount": 0, "createdAt": 1361582495, "logView": true, "todo": {"count": 0}, "agreeCount": 0, "canonicalUrl": "https://foursquare.com/item/5128199fe4b00211ae71dde9", "type": "user", "user": {"gender": "male", "id": "26074958", "photo": {"prefix": "https://igx.4sqi.net/img/user/", "suffix": "/26074958-WTF0MDI21KIUYATV.jpg"}, "firstName": "Russel", "lastName": "Wong"}}]}, {"reasons": {"items": [{"reasonName": "globalInteractionReason", "summary": "This spot is popular", "type": "general"}], "count": 0}, "venue": {"hereNow": {"groups": [], "summary": "Nobody here", "count": 0}, "contact": {}, "photos": {"groups": [], "count": 0}, "name": "Fai Kee Fishhead Bee Hoon", "allowMenuUrlEdit": true, "beenHere": {"lastCheckinExpiredAt": 0, "count": 0, "marked": false}, "stats": {"checkinsCount": 62, "usersCount": 26, "tipCount": 3}, "id": "4d417bb1cb84b60cea808fab", "categories": [{"pluralName": "Chinese Restaurants", "id": "4bf58dd8d48988d145941735", "primary": true, "icon": {"prefix": "https://ss3.4sqi.net/img/categories_v2/food/asian_", "suffix": ".png"}, "name": "Chinese Restaurant", "shortName": "Chinese"}], "location": {"lng": 103.80056226037924, "formattedAddress": ["Commonwealth Crescent Market & Food Centre (31 Commonwealth Crescent)", "Singapore"], "lat": 1.3068075530882985, "crossStreet": "31 Commonwealth Crescent", "country": "Singapore", "distance": 741, "city": "Singapore", "cc": "SG", "address": "Commonwealth Crescent Market & Food Centre", "labeledLatLngs": [{"lng": 103.80056226037924, "label": "display", "lat": 1.3068075530882985}]}, "verified": false, "price": {"tier": 1, "currency": "$", "message": "Cheap"}}, "referralId": "e-3-4d417bb1cb84b60cea808fab-81", "tips": [{"id": "55cdd022498e74b9988845ac", "text": "This stall has the wok hei taste but usually only one or 2 chefs so gotta wait long for ur food", "disagreeCount": 0, "createdAt": 1439551522, "logView": true, "todo": {"count": 0}, "agreeCount": 0, "canonicalUrl": "https://foursquare.com/item/55cdd022498e74b9988845ac", "type": "user", "user": {"gender": "female", "id": "660527", "photo": {"prefix": "https://igx.4sqi.net/img/user/", "suffix": "/660527-KQATXD4HSY3UG2LG.jpg"}, "firstName": "Reyane", "lastName": "Kang"}}]}, {"reasons": {"items": [{"reasonName": "globalInteractionReason", "summary": "This spot is popular", "type": "general"}], "count": 0}, "venue": {"venuePage": {"id": "413224818"}, "contact": {"facebook": "861587420643188", "facebookUsername": "wadfoodshop", "facebookName": "WAD Foodshop", "phone": "+6563527434", "formattedPhone": "+65 6352 7434"}, "storeId": "", "photos": {"groups": [], "count": 0}, "name": "WAD Bistro", "allowMenuUrlEdit": true, "beenHere": {"lastCheckinExpiredAt": 0, "count": 0, "marked": false}, "stats": {"checkinsCount": 14, "usersCount": 12, "tipCount": 5}, "id": "5683cc00498e2c62022aaf55", "categories": [{"pluralName": "Bistros", "id": "52e81612bcbc57f1066b79f1", "primary": true, "icon": {"prefix": "https://ss3.4sqi.net/img/categories_v2/food/default_", "suffix": ".png"}, "name": "Bistro", "shortName": "Bistro"}], "url": "http://www.wadbistro.wix.com/wadbistro", "location": {"formattedAddress": ["117 Commonwealth Drive #01-727", "140117", "Singapore"], "postalCode": "140117", "lat": 1.3065516932963002, "lng": 103.8002872467041, "country": "Singapore", "distance": 744, "city": "Singapore", "cc": "SG", "address": "117 Commonwealth Drive #01-727", "labeledLatLngs": [{"lng": 103.8002872467041, "label": "display", "lat": 1.3065516932963002}]}, "hours": {"isLocalHoliday": false, "isOpen": true, "status": "Open until 11:30 PM"}, "verified": true, "hereNow": {"groups": [], "summary": "Nobody here", "count": 0}}, "referralId": "e-3-5683cc00498e2c62022aaf55-82", "tips": [{"logView": true, "photo": {"id": "58ba69e6920ffa46935378e3", "visibility": "public", "source": {"name": "Foursquare Web", "url": "https://foursquare.com"}, "suffix": "/85249953_Y-e5xLz_x-hfoo8mla3OBEcTRPg3tIX8aLvwWWw9TDw.jpg", "createdAt": 1488611814, "prefix": "https://igx.4sqi.net/img/general/", "width": 940, "height": 788}, "createdAt": 1488611811, "agreeCount": 0, "id": "58ba69e3a370b93a3b042b3a", "text": "Newly in beer & cider in store", "type": "user", "disagreeCount": 0, "user": {"gender": "male", "id": "85249953", "photo": {"prefix": "https://igx.4sqi.net/img/user/", "suffix": "/85249953-LCH4YM1MYGRJLEIH.jpg"}, "firstName": "Arc", "lastName": "Chua"}, "canonicalUrl": "https://foursquare.com/item/58ba69e3a370b93a3b042b3a", "todo": {"count": 0}, "photourl": "https://igx.4sqi.net/img/general/original/85249953_Y-e5xLz_x-hfoo8mla3OBEcTRPg3tIX8aLvwWWw9TDw.jpg"}]}, {"reasons": {"items": [{"reasonName": "globalInteractionReason", "summary": "This spot is popular", "type": "general"}], "count": 0}, "venue": {"hereNow": {"groups": [], "summary": "Nobody here", "count": 0}, "contact": {}, "photos": {"groups": [], "count": 0}, "name": "\u4e5d\u6c5f\u70e7\u814a", "allowMenuUrlEdit": true, "beenHere": {"lastCheckinExpiredAt": 0, "count": 0, "marked": false}, "stats": {"checkinsCount": 79, "usersCount": 39, "tipCount": 1}, "id": "4cc4f52a1e596dcb2528d567", "categories": [{"pluralName": "Chinese Restaurants", "id": "4bf58dd8d48988d145941735", "primary": true, "icon": {"prefix": "https://ss3.4sqi.net/img/categories_v2/food/asian_", "suffix": ".png"}, "name": "Chinese Restaurant", "shortName": "Chinese"}], "location": {"formattedAddress": ["ghim moh market", "Singapore"], "lat": 1.3099261265076982, "lng": 103.78969061043553, "country": "Singapore", "distance": 754, "city": "Singapore", "cc": "SG", "address": "ghim moh market", "labeledLatLngs": [{"lng": 103.78969061043553, "label": "display", "lat": 1.3099261265076982}]}, "verified": false, "price": {"tier": 1, "currency": "$", "message": "Cheap"}}, "referralId": "e-3-4cc4f52a1e596dcb2528d567-83", "tips": [{"id": "4cd132979d87224b185c593b", "text": "Nice roast pork n char siew", "disagreeCount": 0, "createdAt": 1288778391, "logView": true, "todo": {"count": 0}, "agreeCount": 0, "canonicalUrl": "https://foursquare.com/item/4cd132979d87224b185c593b", "type": "user", "user": {"gender": "female", "id": "4352478", "photo": {"prefix": "https://igx.4sqi.net/img/user/", "suffix": "/AK5ABRWZDLNKTXQF.jpg"}, "firstName": "Jasmine", "lastName": "Toh"}}]}, {"reasons": {"items": [{"reasonName": "globalInteractionReason", "summary": "This spot is popular", "type": "general"}], "count": 0}, "venue": {"hereNow": {"groups": [], "summary": "Nobody here", "count": 0}, "contact": {}, "photos": {"groups": [], "count": 0}, "name": "Hong Kong Street Zhen Ji", "allowMenuUrlEdit": true, "beenHere": {"lastCheckinExpiredAt": 0, "count": 0, "marked": false}, "stats": {"checkinsCount": 91, "usersCount": 50, "tipCount": 2}, "id": "4c2f26b816adc928b805bd9c", "categories": [{"pluralName": "Chinese Restaurants", "id": "4bf58dd8d48988d145941735", "primary": true, "icon": {"prefix": "https://ss3.4sqi.net/img/categories_v2/food/asian_", "suffix": ".png"}, "name": "Chinese Restaurant", "shortName": "Chinese"}], "location": {"formattedAddress": ["Commonwealth Crescent Food Centre", "Singapore"], "lat": 1.3070929456711091, "lng": 103.80106596555025, "country": "Singapore", "distance": 756, "city": "Singapore", "cc": "SG", "address": "Commonwealth Crescent Food Centre", "labeledLatLngs": [{"lng": 103.80106596555025, "label": "display", "lat": 1.3070929456711091}]}, "verified": false, "price": {"tier": 1, "currency": "$", "message": "Cheap"}}, "referralId": "e-3-4c2f26b816adc928b805bd9c-84", "tips": [{"id": "56fa1e5d498e845a1918f835", "text": "Huge steamed song fish head, definitely for sharing.", "disagreeCount": 0, "createdAt": 1459232349, "logView": true, "todo": {"count": 0}, "agreeCount": 0, "canonicalUrl": "https://foursquare.com/item/56fa1e5d498e845a1918f835", "type": "user", "user": {"gender": "female", "id": "42668193", "photo": {"prefix": "https://igx.4sqi.net/img/user/", "suffix": "/TD0GT2403DBIQDT5.jpg"}, "firstName": "Elizabeth", "lastName": "Lee"}}]}, {"reasons": {"items": [{"reasonName": "globalInteractionReason", "summary": "This spot is popular", "type": "general"}], "count": 0}, "venue": {"contact": {}, "photos": {"groups": [], "count": 0}, "name": "Killiney", "allowMenuUrlEdit": true, "beenHere": {"lastCheckinExpiredAt": 0, "count": 0, "marked": false}, "stats": {"checkinsCount": 101, "usersCount": 42, "tipCount": 1}, "id": "52df2198498e3579a8895d26", "categories": [{"pluralName": "Chinese Breakfast Places", "id": "52af3a903cf9994f4e043bee", "primary": true, "icon": {"prefix": "https://ss3.4sqi.net/img/categories_v2/food/asian_", "suffix": ".png"}, "name": "Chinese Breakfast Place", "shortName": "Chinese Breakfast"}], "location": {"lng": 103.79146193351175, "formattedAddress": ["#01-02, The Metropolis (9 North Buona Vista Dr.)", "138588", "Singapore"], "postalCode": "138588", "lat": 1.3067229393496531, "crossStreet": "9 North Buona Vista Dr.", "country": "Singapore", "distance": 775, "city": "Singapore", "cc": "SG", "address": "#01-02, The Metropolis", "labeledLatLngs": [{"lng": 103.79146193351175, "label": "display", "lat": 1.3067229393496531}]}, "hours": {"isLocalHoliday": false, "isOpen": false, "status": "Closed until 7:00 AM tomorrow"}, "verified": false, "hereNow": {"groups": [], "summary": "Nobody here", "count": 0}}, "referralId": "e-3-52df2198498e3579a8895d26-85", "tips": [{"logView": true, "photo": {"id": "5583513e498eba5352933fc9", "visibility": "public", "source": {"name": "Foursquare for Android", "url": "https://foursquare.com/download/#/android"}, "suffix": "/44656752_Jk2MmWx_T2SR7s2bmwBvL2eq-UfpulXNqx0Z4O5cLtc.jpg", "createdAt": 1434669374, "prefix": "https://igx.4sqi.net/img/general/", "width": 4160, "height": 3120}, "createdAt": 1434669368, "agreeCount": 0, "id": "55835138498e2bc806c93fc3", "text": "Time honored tradition for breakfast. Now at The Metropolis.", "type": "user", "disagreeCount": 1, "user": {"gender": "male", "id": "44656752", "photo": {"prefix": "https://igx.4sqi.net/img/user/", "suffix": "/NRGIDRCJT4BNYZ2S.jpg"}, "firstName": "Jin Ngee", "lastName": "Chia"}, "canonicalUrl": "https://foursquare.com/item/55835138498e2bc806c93fc3", "todo": {"count": 0}, "photourl": "https://igx.4sqi.net/img/general/original/44656752_Jk2MmWx_T2SR7s2bmwBvL2eq-UfpulXNqx0Z4O5cLtc.jpg"}]}, {"reasons": {"items": [{"reasonName": "globalInteractionReason", "summary": "This spot is popular", "type": "general"}], "count": 0}, "venue": {"contact": {}, "photos": {"groups": [], "count": 0}, "name": "Ju Feng Garden Kitchen", "allowMenuUrlEdit": true, "beenHere": {"lastCheckinExpiredAt": 0, "count": 0, "marked": false}, "stats": {"checkinsCount": 264, "usersCount": 69, "tipCount": 3}, "id": "4db2879443a17e74378b907e", "categories": [{"pluralName": "Food Courts", "id": "4bf58dd8d48988d120951735", "primary": true, "icon": {"prefix": "https://ss3.4sqi.net/img/categories_v2/shops/food_foodcourt_", "suffix": ".png"}, "name": "Food Court", "shortName": "Food Court"}], "location": {"formattedAddress": ["117 Commonwealth Drive", "140117", "Singapore"], "postalCode": "140117", "lat": 1.30637238, "lng": 103.80084452, "country": "Singapore", "distance": 798, "city": "Singapore", "cc": "SG", "address": "117 Commonwealth Drive", "labeledLatLngs": [{"lng": 103.80084452, "label": "display", "lat": 1.30637238}]}, "hours": {"isLocalHoliday": false, "isOpen": true, "status": "Likely open"}, "verified": false, "hereNow": {"groups": [], "summary": "Nobody here", "count": 0}}, "referralId": "e-3-4db2879443a17e74378b907e-86", "tips": [{"id": "54c64e05498e11760b72528c", "text": "we have moved to BLK 7 Tanjong Pagar Plaza # 01-105 Singapore", "disagreeCount": 0, "createdAt": 1422282245, "logView": true, "todo": {"count": 0}, "agreeCount": 0, "canonicalUrl": "https://foursquare.com/item/54c64e05498e11760b72528c", "type": "user", "user": {"gender": "male", "id": "12684871", "photo": {"prefix": "https://igx.4sqi.net/img/user/", "suffix": "/HHEMWKQYIJPYKUPT.jpg"}, "firstName": "Adrian", "lastName": "Aw Yong"}}]}], "name": "recommended", "type": "Recommended Places"}], "query": "food", "headerLocation": "Bukit Timah"}}