{"meta": {"code": 200, "requestId": "595a3b17dd57972d49254488"}, "response": {"suggestedFilters": {"filters": [{"name": "Open now", "key": "openNow"}], "header": "Tap to show:"}, "totalResults": 105, "headerFullLocation": "Central Region, Singapore", "headerLocationGranularity": "neighborhood", "suggestedBounds": {"ne": {"lng": 103.7946459213409, "lat": 1.306959885791987}, "sw": {"lng": 103.78026909432108, "lat": 1.2925598713919728}}, "groups": [{"items": [{"reasons": {"items": [{"reasonName": "globalInteractionReason", "summary": "This spot is popular", "type": "general"}], "count": 0}, "venue": {"contact": {"phone": "+6565700080", "formattedPhone": "+65 6570 0080"}, "photos": {"groups": [], "count": 0}, "rating": 6.1, "name": "Pies & Coffee", "ratingSignals": 73, "allowMenuUrlEdit": true, "categories": [{"pluralName": "Pie Shops", "id": "52e81612bcbc57f1066b7a0a", "primary": true, "icon": {"prefix": "https://ss3.4sqi.net/img/categories_v2/food/pieshop_", "suffix": ".png"}, "name": "Pie Shop", "shortName": "Pie Shop"}], "stats": {"checkinsCount": 1816, "usersCount": 1050, "tipCount": 40}, "id": "4f27215ee4b0717a6b19f7c6", "beenHere": {"lastCheckinExpiredAt": 0, "count": 0, "marked": false}, "ratingColor": "FFC800", "location": {"lng": 103.78802117389219, "formattedAddress": ["#01-02, Rochester Mall (35 Rochester Dr.)", "138639", "Singapore"], "postalCode": "138639", "lat": 1.3056777685829948, "crossStreet": "35 Rochester Dr.", "country": "Singapore", "distance": 661, "city": "Singapore", "cc": "SG", "address": "#01-02, Rochester Mall", "labeledLatLngs": [{"lng": 103.78802117389219, "label": "display", "lat": 1.3056777685829948}]}, "hours": {"isLocalHoliday": false, "isOpen": true, "status": "Open until 11:00 PM"}, "verified": false, "hereNow": {"groups": [], "summary": "Nobody here", "count": 0}}, "referralId": "e-3-4f27215ee4b0717a6b19f7c6-50", "tips": [{"id": "51962c01498e2e2b14022665", "text": "Great place for chilling out if you do not like crowded places...this place have pretty decent coffee & pies...\ud83d\udc4d", "disagreeCount": 0, "logView": true, "createdAt": 1368796161, "likes": {"groups": [], "summary": "3 likes", "count": 3}, "todo": {"count": 0}, "agreeCount": 3, "canonicalUrl": "https://foursquare.com/item/51962c01498e2e2b14022665", "type": "user", "user": {"gender": "female", "id": "56435937", "photo": {"prefix": "https://igx.4sqi.net/img/user/", "suffix": "/56435937-CH1NALDDGLARZQFZ.jpg"}, "firstName": "Jang", "lastName": "Joaen"}}]}, {"reasons": {"items": [{"reasonName": "globalInteractionReason", "summary": "This spot is popular", "type": "general"}], "count": 0}, "venue": {"hereNow": {"groups": [], "summary": "Nobody here", "count": 0}, "contact": {}, "photos": {"groups": [], "count": 0}, "name": "Bakery Cuisine", "allowMenuUrlEdit": true, "beenHere": {"lastCheckinExpiredAt": 0, "count": 0, "marked": false}, "stats": {"checkinsCount": 286, "usersCount": 55, "tipCount": 0}, "id": "50a1c289e4b053918b33334c", "categories": [{"pluralName": "Bakeries", "id": "4bf58dd8d48988d16a941735", "primary": true, "icon": {"prefix": "https://ss3.4sqi.net/img/categories_v2/food/bakery_", "suffix": ".png"}, "name": "Bakery", "shortName": "Bakery"}], "location": {"formattedAddress": ["3 Fusionopolis Way", "138633", "Singapore"], "postalCode": "138633", "lat": 1.2990742323776412, "lng": 103.7877155843574, "country": "Singapore", "distance": 81, "city": "Singapore", "cc": "SG", "address": "3 Fusionopolis Way", "labeledLatLngs": [{"lng": 103.7877155843574, "label": "display", "lat": 1.2990742323776412}]}, "hours": {"isLocalHoliday": false, "isOpen": false}, "verified": false, "price": {"tier": 1, "currency": "$", "message": "Cheap"}}, "referralId": "e-3-50a1c289e4b053918b33334c-51"}, {"reasons": {"items": [{"reasonName": "globalInteractionReason", "summary": "This spot is popular", "type": "general"}], "count": 0}, "venue": {"contact": {}, "photos": {"groups": [], "count": 0}, "venueRatingBlacklisted": true, "name": "Foodmaster", "id": "55485c72498eb81d6789b524", "beenHere": {"lastCheckinExpiredAt": 0, "count": 0, "marked": false}, "stats": {"checkinsCount": 290, "usersCount": 84, "tipCount": 4}, "allowMenuUrlEdit": true, "categories": [{"pluralName": "Cafeterias", "id": "4bf58dd8d48988d128941735", "primary": true, "icon": {"prefix": "https://ss3.4sqi.net/img/categories_v2/education/cafeteria_", "suffix": ".png"}, "name": "Cafeteria", "shortName": "Cafeteria"}], "location": {"formattedAddress": ["#02-01 Galaxis", "Singapore"], "lat": 1.2992481091673513, "lng": 103.78806078740114, "distance": 88, "country": "Singapore", "cc": "SG", "address": "#02-01 Galaxis", "labeledLatLngs": [{"lng": 103.78806078740114, "label": "display", "lat": 1.2992481091673513}]}, "hours": {"isLocalHoliday": false, "isOpen": false}, "verified": false, "hereNow": {"groups": [], "summary": "Nobody here", "count": 0}}, "referralId": "e-3-55485c72498eb81d6789b524-52", "tips": [{"logView": true, "photo": {"id": "591acb5993bd637d503c08eb", "visibility": "public", "source": {"name": "Foursquare for iOS", "url": "https://foursquare.com/download/#/iphone"}, "suffix": "/231366_6dmc1NwHnorBaKhbc1s6qaL0N1Lx_tIucoL0gmun5Ms.jpg", "createdAt": 1494928217, "prefix": "https://igx.4sqi.net/img/general/", "width": 1920, "height": 1440}, "createdAt": 1494928214, "agreeCount": 0, "id": "591acb56446ea6340db3b2de", "text": "Another popular stall is yong tau foo. Lots of options, especially vegetables. No pork or lard used, according to their sign. Soup was tasty. Fried items are re-fried. 70-cents per item, min $4.90", "type": "user", "disagreeCount": 0, "user": {"gender": "male", "id": "231366", "photo": {"prefix": "https://igx.4sqi.net/img/user/", "suffix": "/231366-Q2ZSAEF50GYUXPDA.jpg"}, "firstName": "Cheen", "lastName": "The Curious"}, "canonicalUrl": "https://foursquare.com/item/591acb56446ea6340db3b2de", "todo": {"count": 0}, "photourl": "https://igx.4sqi.net/img/general/original/231366_6dmc1NwHnorBaKhbc1s6qaL0N1Lx_tIucoL0gmun5Ms.jpg"}]}, {"reasons": {"items": [{"reasonName": "globalInteractionReason", "summary": "This spot is popular", "type": "general"}], "count": 0}, "venue": {"hereNow": {"groups": [], "summary": "Nobody here", "count": 0}, "contact": {"phone": "+6569101941", "formattedPhone": "+65 6910 1941"}, "photos": {"groups": [], "count": 0}, "name": "Starbucks", "allowMenuUrlEdit": true, "beenHere": {"lastCheckinExpiredAt": 0, "count": 0, "marked": false}, "stats": {"checkinsCount": 72, "usersCount": 31, "tipCount": 0}, "id": "586f4c6d06f1a317cf7505fc", "categories": [{"pluralName": "Caf\u00e9s", "id": "4bf58dd8d48988d16d941735", "primary": true, "icon": {"prefix": "https://ss3.4sqi.net/img/categories_v2/food/cafe_", "suffix": ".png"}, "name": "Caf\u00e9", "shortName": "Caf\u00e9"}], "url": "http://www.starbucks.com.sg", "location": {"formattedAddress": ["01-04 Innovis 2 Fusionopolis Way", "138634", "Singapore"], "postalCode": "138634", "lat": 1.299006, "lng": 103.788638, "country": "Singapore", "distance": 155, "city": "Singapore", "cc": "SG", "address": "01-04 Innovis 2 Fusionopolis Way", "labeledLatLngs": [{"lng": 103.788638, "label": "display", "lat": 1.299006}]}, "hours": {"isLocalHoliday": false, "isOpen": false, "status": "Closed until 7:00 AM tomorrow"}, "verified": false, "price": {"tier": 1, "currency": "$", "message": "Cheap"}}, "referralId": "e-3-586f4c6d06f1a317cf7505fc-53"}, {"reasons": {"items": [{"reasonName": "globalInteractionReason", "summary": "This spot is popular", "type": "general"}], "count": 0}, "venue": {"hereNow": {"groups": [], "summary": "Nobody here", "count": 0}, "contact": {}, "photos": {"groups": [], "count": 0}, "name": "Kettle Pot Cafe", "allowMenuUrlEdit": true, "beenHere": {"lastCheckinExpiredAt": 0, "count": 0, "marked": false}, "stats": {"checkinsCount": 73, "usersCount": 26, "tipCount": 2}, "id": "561dddb7498ee1967230a2f7", "categories": [{"pluralName": "Chinese Restaurants", "id": "4bf58dd8d48988d145941735", "primary": true, "icon": {"prefix": "https://ss3.4sqi.net/img/categories_v2/food/asian_", "suffix": ".png"}, "name": "Chinese Restaurant", "shortName": "Chinese"}], "location": {"formattedAddress": ["Singapore"], "lat": 1.2996282319841017, "lng": 103.78789667436844, "distance": 51, "country": "Singapore", "cc": "SG", "labeledLatLngs": [{"lng": 103.78789667436844, "label": "display", "lat": 1.2996282319841017}]}, "verified": false, "price": {"tier": 1, "currency": "$", "message": "Cheap"}}, "referralId": "e-3-561dddb7498ee1967230a2f7-54", "tips": [{"id": "569db753498e08bf72973f5e", "text": "Pork belly and Pork with yam", "disagreeCount": 0, "createdAt": 1453176659, "logView": true, "todo": {"count": 0}, "agreeCount": 0, "canonicalUrl": "https://foursquare.com/item/569db753498e08bf72973f5e", "type": "user", "user": {"gender": "male", "id": "4484520", "photo": {"prefix": "https://igx.4sqi.net/img/user/", "suffix": "/AVXAAND45GHWXC0W.jpg"}, "firstName": "Kim", "lastName": "Pe"}}]}, {"reasons": {"items": [{"reasonName": "globalInteractionReason", "summary": "This spot is popular", "type": "general"}], "count": 0}, "venue": {"hereNow": {"groups": [], "summary": "Nobody here", "count": 0}, "contact": {}, "photos": {"groups": [], "count": 0}, "name": "Roots Tapas and Bar", "allowMenuUrlEdit": true, "beenHere": {"lastCheckinExpiredAt": 0, "count": 0, "marked": false}, "stats": {"checkinsCount": 78, "usersCount": 41, "tipCount": 0}, "id": "55138bea498e89f59cd4c831", "categories": [{"pluralName": "Tapas Restaurants", "id": "4bf58dd8d48988d1db931735", "primary": true, "icon": {"prefix": "https://ss3.4sqi.net/img/categories_v2/food/tapas_", "suffix": ".png"}, "name": "Tapas Restaurant", "shortName": "Tapas"}], "location": {"formattedAddress": ["Singapore"], "lat": 1.2999718750021645, "lng": 103.7877042662398, "distance": 36, "country": "Singapore", "cc": "SG", "labeledLatLngs": [{"lng": 103.7877042662398, "label": "display", "lat": 1.2999718750021645}]}, "verified": false, "price": {"tier": 3, "currency": "$", "message": "Expensive"}}, "referralId": "e-3-55138bea498e89f59cd4c831-55"}, {"reasons": {"items": [{"reasonName": "globalInteractionReason", "summary": "This spot is popular", "type": "general"}], "count": 0}, "venue": {"hereNow": {"groups": [], "summary": "Nobody here", "count": 0}, "contact": {}, "photos": {"groups": [], "count": 0}, "name": "Sodexo @ Insead", "allowMenuUrlEdit": true, "beenHere": {"lastCheckinExpiredAt": 0, "count": 0, "marked": false}, "stats": {"checkinsCount": 326, "usersCount": 53, "tipCount": 1}, "id": "4edefb6230f87f1286a2fb29", "categories": [{"pluralName": "Restaurants", "id": "4bf58dd8d48988d1c4941735", "primary": true, "icon": {"prefix": "https://ss3.4sqi.net/img/categories_v2/food/default_", "suffix": ".png"}, "name": "Restaurant", "shortName": "Restaurant"}], "location": {"formattedAddress": ["Singapore"], "lat": 1.2999181360736698, "lng": 103.78647625612665, "distance": 110, "country": "Singapore", "cc": "SG", "labeledLatLngs": [{"lng": 103.78647625612665, "label": "display", "lat": 1.2999181360736698}]}, "hours": {"isLocalHoliday": false, "isOpen": false}, "verified": false, "price": {"tier": 2, "currency": "$", "message": "Moderate"}}, "referralId": "e-3-4edefb6230f87f1286a2fb29-56", "tips": [{"id": "4fd18a88e4b08fd5d92d66b2", "text": "Hygienic fresh and very reasonably priced", "disagreeCount": 0, "createdAt": 1339132552, "logView": true, "todo": {"count": 0}, "agreeCount": 0, "canonicalUrl": "https://foursquare.com/item/4fd18a88e4b08fd5d92d66b2", "type": "user", "user": {"gender": "male", "id": "29381232", "photo": {"prefix": "https://igx.4sqi.net/img/user/", "suffix": "/U5GIYQ1CNUZZ3R2F.jpg"}, "firstName": "Shyam", "lastName": "Sunder"}}]}, {"reasons": {"items": [{"reasonName": "globalInteractionReason", "summary": "This spot is popular", "type": "general"}], "count": 0}, "venue": {"hereNow": {"groups": [], "summary": "Nobody here", "count": 0}, "contact": {}, "photos": {"groups": [], "count": 0}, "name": "The Food Barn", "allowMenuUrlEdit": true, "beenHere": {"lastCheckinExpiredAt": 0, "count": 0, "marked": false}, "stats": {"checkinsCount": 64, "usersCount": 39, "tipCount": 1}, "id": "4e56eb447d8b75351338f1b7", "categories": [{"pluralName": "Food Trucks", "id": "4bf58dd8d48988d1cb941735", "primary": true, "icon": {"prefix": "https://ss3.4sqi.net/img/categories_v2/food/streetfood_", "suffix": ".png"}, "name": "Food Truck", "shortName": "Food Truck"}], "location": {"formattedAddress": ["Singapore"], "lat": 1.2992109335976103, "lng": 103.78805512832773, "distance": 90, "country": "Singapore", "cc": "SG", "labeledLatLngs": [{"lng": 103.78805512832773, "label": "display", "lat": 1.2992109335976103}]}, "verified": false, "price": {"tier": 1, "currency": "$", "message": "Cheap"}}, "referralId": "e-3-4e56eb447d8b75351338f1b7-57", "tips": [{"logView": true, "photo": {"id": "52ffa424498e88b35a2cb252", "visibility": "public", "source": {"name": "Foursquare for iOS", "url": "https://foursquare.com/download/#/iphone"}, "suffix": "/67490872_dZAGt4YsUfPMqwWBmcf5C6iB9ugHsq35L9BA4WwcCno.jpg", "createdAt": 1392485412, "prefix": "https://igx.4sqi.net/img/general/", "width": 720, "height": 720}, "createdAt": 1392485409, "agreeCount": 0, "id": "52ffa421498e2b04bca7e881", "text": "Yummy steak cheese burger indeed !!", "type": "user", "disagreeCount": 0, "user": {"gender": "female", "id": "67490872", "photo": {"prefix": "https://igx.4sqi.net/img/user/", "suffix": "/67490872-UFWLI45BGSJZFN40.jpg"}, "firstName": "Eileen", "lastName": "Lin"}, "canonicalUrl": "https://foursquare.com/item/52ffa421498e2b04bca7e881", "todo": {"count": 0}, "photourl": "https://igx.4sqi.net/img/general/original/67490872_dZAGt4YsUfPMqwWBmcf5C6iB9ugHsq35L9BA4WwcCno.jpg"}]}, {"reasons": {"items": [{"reasonName": "globalInteractionReason", "summary": "This spot is popular", "type": "general"}], "count": 0}, "venue": {"contact": {}, "photos": {"groups": [], "count": 0}, "name": "Caffe Macs", "id": "582017f1bda2d737775e1d9d", "beenHere": {"lastCheckinExpiredAt": 0, "count": 0, "marked": false}, "stats": {"checkinsCount": 93, "usersCount": 12, "tipCount": 0}, "allowMenuUrlEdit": true, "categories": [{"pluralName": "Cafeterias", "id": "4bf58dd8d48988d128941735", "primary": true, "icon": {"prefix": "https://ss3.4sqi.net/img/categories_v2/education/cafeteria_", "suffix": ".png"}, "name": "Cafeteria", "shortName": "Cafeteria"}], "location": {"formattedAddress": ["Innovis 2 Fusionopolis Way", "138634", "Singapore"], "postalCode": "138634", "lat": 1.298455, "lng": 103.788673, "distance": 198, "country": "Singapore", "cc": "SG", "address": "Innovis 2 Fusionopolis Way", "labeledLatLngs": [{"lng": 103.788673, "label": "display", "lat": 1.298455}]}, "venueRatingBlacklisted": true, "verified": false, "hereNow": {"groups": [], "summary": "Nobody here", "count": 0}}, "referralId": "e-3-582017f1bda2d737775e1d9d-58"}, {"reasons": {"items": [{"reasonName": "globalInteractionReason", "summary": "This spot is popular", "type": "general"}], "count": 0}, "venue": {"hereNow": {"groups": [], "summary": "Nobody here", "count": 0}, "contact": {}, "photos": {"groups": [], "count": 0}, "name": "Katto", "allowMenuUrlEdit": true, "beenHere": {"lastCheckinExpiredAt": 0, "count": 0, "marked": false}, "stats": {"checkinsCount": 37, "usersCount": 25, "tipCount": 1}, "id": "57ce4aa7498ece3484eb0891", "categories": [{"pluralName": "Seafood Restaurants", "id": "4bf58dd8d48988d1ce941735", "primary": true, "icon": {"prefix": "https://ss3.4sqi.net/img/categories_v2/food/seafood_", "suffix": ".png"}, "name": "Seafood Restaurant", "shortName": "Seafood"}], "location": {"lng": 103.787834, "formattedAddress": ["1 Fusionopolis Place, #01-21/22 (Galaxis Building)", "138522", "Singapore"], "postalCode": "138522", "lat": 1.3003969, "crossStreet": "Galaxis Building", "country": "Singapore", "distance": 82, "city": "Singapore", "cc": "SG", "address": "1 Fusionopolis Place, #01-21/22", "labeledLatLngs": [{"lng": 103.787834, "label": "display", "lat": 1.3003969}]}, "verified": false, "price": {"tier": 3, "currency": "$", "message": "Expensive"}}, "referralId": "e-3-57ce4aa7498ece3484eb0891-59", "tips": [{"id": "587461d73ef0f62d41213cf7", "text": "For $7.90 (mini) you are probably paying for 60% rice, 15% veg sides (corn), 15% fish and 10% packaging.", "disagreeCount": 0, "createdAt": 1484022231, "logView": true, "todo": {"count": 0}, "agreeCount": 1, "canonicalUrl": "https://foursquare.com/item/587461d73ef0f62d41213cf7", "type": "user", "user": {"gender": "male", "id": "318615", "photo": {"prefix": "https://igx.4sqi.net/img/user/", "suffix": "/PSQKEV3JMATZNESV.jpg"}, "firstName": "VotreX", "lastName": "Tan"}}]}, {"reasons": {"items": [{"reasonName": "globalInteractionReason", "summary": "This spot is popular", "type": "general"}], "count": 0}, "venue": {"venuePage": {"id": "55531416"}, "hereNow": {"groups": [], "summary": "Nobody here", "count": 0}, "contact": {}, "photos": {"groups": [], "count": 0}, "name": "Munch Munch", "allowMenuUrlEdit": true, "beenHere": {"lastCheckinExpiredAt": 0, "count": 0, "marked": false}, "stats": {"checkinsCount": 58, "usersCount": 30, "tipCount": 1}, "id": "4f8675d8e4b06298991d52ff", "categories": [{"pluralName": "Snack Places", "id": "4bf58dd8d48988d1c7941735", "primary": true, "icon": {"prefix": "https://ss3.4sqi.net/img/categories_v2/food/snacks_", "suffix": ".png"}, "name": "Snack Place", "shortName": "Snacks"}], "location": {"formattedAddress": ["Connexis, 1 Fusionopolis Way, #B1-23", "138632", "Singapore"], "postalCode": "138632", "lat": 1.2992043406141789, "lng": 103.78764867782593, "country": "Singapore", "distance": 65, "city": "Singapore", "cc": "SG", "address": "Connexis, 1 Fusionopolis Way, #B1-23", "labeledLatLngs": [{"lng": 103.78764867782593, "label": "display", "lat": 1.2992043406141789}]}, "verified": true, "price": {"tier": 1, "currency": "$", "message": "Cheap"}}, "referralId": "e-3-4f8675d8e4b06298991d52ff-60", "tips": [{"id": "4f867693e4b095775b7aebc5", "text": "Biscuits are well-sealed and fresh! Shop style feels like 80's kind of shop.", "disagreeCount": 0, "createdAt": 1334212243, "logView": true, "todo": {"count": 0}, "agreeCount": 0, "canonicalUrl": "https://foursquare.com/item/4f867693e4b095775b7aebc5", "type": "user", "user": {"gender": "male", "id": "417595", "photo": {"prefix": "https://igx.4sqi.net/img/user/", "suffix": "/417595_LJ0gOV1U_rY8fY45IGNeCFkxoeC8gVyxdnfsHLcBfs2ZTe-UFEhRLgTPAxJT7x4636eYywNTw.jpg"}, "firstName": "Shiquan", "lastName": "Xie"}}]}, {"reasons": {"items": [{"reasonName": "globalInteractionReason", "summary": "This spot is popular", "type": "general"}], "count": 0}, "venue": {"id": "4ca9669aa6e08cfa89149994", "hereNow": {"groups": [], "summary": "Nobody here", "count": 0}, "contact": {}, "beenHere": {"lastCheckinExpiredAt": 0, "count": 0, "marked": false}, "photos": {"groups": [], "count": 0}, "name": "Jvc Food Centre", "location": {"formattedAddress": ["Singapore"], "lat": 1.297725, "lng": 103.78757005991443, "distance": 226, "country": "Singapore", "cc": "SG", "labeledLatLngs": [{"lng": 103.78757005991443, "label": "display", "lat": 1.297725}]}, "allowMenuUrlEdit": true, "verified": false, "categories": [{"pluralName": "Food Courts", "id": "4bf58dd8d48988d120951735", "primary": true, "icon": {"prefix": "https://ss3.4sqi.net/img/categories_v2/shops/food_foodcourt_", "suffix": ".png"}, "name": "Food Court", "shortName": "Food Court"}], "stats": {"checkinsCount": 136, "usersCount": 38, "tipCount": 2}}, "referralId": "e-3-4ca9669aa6e08cfa89149994-61", "tips": [{"id": "4efaa1d66da1f7b663dc98c8", "text": "The fruit juice stall in the middle always has no queue!", "disagreeCount": 0, "createdAt": 1325048278, "logView": true, "todo": {"count": 0}, "agreeCount": 0, "canonicalUrl": "https://foursquare.com/item/4efaa1d66da1f7b663dc98c8", "type": "user", "user": {"gender": "male", "id": "12763581", "photo": {"prefix": "https://igx.4sqi.net/img/user/", "suffix": "/KJ12FF2AY4CVD1OI.jpg"}, "firstName": "Yogaprakash", "lastName": "Kumar"}}]}, {"reasons": {"items": [{"reasonName": "globalInteractionReason", "summary": "This spot is popular", "type": "general"}], "count": 0}, "venue": {"hereNow": {"groups": [], "summary": "Nobody here", "count": 0}, "contact": {}, "photos": {"groups": [], "count": 0}, "name": "Big Bern's American Grill", "allowMenuUrlEdit": true, "beenHere": {"lastCheckinExpiredAt": 0, "count": 0, "marked": false}, "stats": {"checkinsCount": 38, "usersCount": 29, "tipCount": 1}, "id": "56fbfb1d498eeb8c8fe36edd", "categories": [{"pluralName": "BBQ Joints", "id": "4bf58dd8d48988d1df931735", "primary": true, "icon": {"prefix": "https://ss3.4sqi.net/img/categories_v2/food/bbqalt_", "suffix": ".png"}, "name": "BBQ Joint", "shortName": "BBQ"}], "url": "http://timbreplus.sg/community/big-berns-american-grill/", "location": {"lng": 103.78745555877686, "formattedAddress": ["#01-35, timbre+ (@ JTC LaunchPad @ one-North) (73A Ayer Rajah Crescent)", "139957", "Singapore"], "postalCode": "139957", "lat": 1.2973916327929025, "crossStreet": "73A Ayer Rajah Crescent", "country": "Singapore", "distance": 263, "city": "Singapore", "cc": "SG", "address": "#01-35, timbre+ (@ JTC LaunchPad @ one-North)", "labeledLatLngs": [{"lng": 103.78745555877686, "label": "display", "lat": 1.2973916327929025}]}, "hours": {"isLocalHoliday": false, "isOpen": true, "status": "Open until 11:00 PM"}, "verified": false, "price": {"tier": 2, "currency": "$", "message": "Moderate"}}, "referralId": "e-3-56fbfb1d498eeb8c8fe36edd-62", "tips": [{"logView": true, "photo": {"id": "58203c73b244c858db9a52ea", "visibility": "public", "source": {"name": "Foursquare for iOS", "url": "https://foursquare.com/download/#/iphone"}, "suffix": "/7460565_kBpLY9k5CvEMmjJJ2CmQ_JO3vejfcz2YDBtpNgh-ipk.jpg", "createdAt": 1478507635, "prefix": "https://igx.4sqi.net/img/general/", "width": 1920, "height": 1440}, "createdAt": 1478507627, "agreeCount": 0, "id": "58203c6bd67cfccd65da019d", "text": "A very big portion ! Foods are delicious", "type": "user", "disagreeCount": 0, "user": {"gender": "female", "id": "7460565", "photo": {"prefix": "https://igx.4sqi.net/img/user/", "suffix": "/7460565_F-4ijw1y_2NDiu6M9EA4CftpCZDOUzKRUXwEq7bFnoiggdNnV61zCpms9N7TMyQyDzCpJuk0Y.jpg"}, "firstName": "Carrie", "lastName": "Curry"}, "canonicalUrl": "https://foursquare.com/item/58203c6bd67cfccd65da019d", "todo": {"count": 0}, "photourl": "https://igx.4sqi.net/img/general/original/7460565_kBpLY9k5CvEMmjJJ2CmQ_JO3vejfcz2YDBtpNgh-ipk.jpg"}]}, {"reasons": {"items": [{"reasonName": "globalInteractionReason", "summary": "This spot is popular", "type": "general"}], "count": 0}, "venue": {"contact": {}, "photos": {"groups": [], "count": 0}, "rating": 6.0, "name": "Dover Village XO Fish Head Bee Hoon", "ratingSignals": 9, "allowMenuUrlEdit": true, "categories": [{"pluralName": "Comfort Food Restaurants", "id": "52e81612bcbc57f1066b7a00", "primary": true, "icon": {"prefix": "https://ss3.4sqi.net/img/categories_v2/food/default_", "suffix": ".png"}, "name": "Comfort Food Restaurant", "shortName": "Comfort Food"}], "stats": {"checkinsCount": 167, "usersCount": 39, "tipCount": 5}, "id": "52f717cb498e90921df3b6a7", "beenHere": {"lastCheckinExpiredAt": 0, "count": 0, "marked": false}, "ratingColor": "FFC800", "location": {"lng": 103.782203, "formattedAddress": ["#01-02 Blk 5 Dover Crescent (5 Dover Crescent)", "130005", "Singapore"], "postalCode": "130005", "lat": 1.304208, "crossStreet": "5 Dover Crescent", "country": "Singapore", "distance": 766, "city": "Singapore", "cc": "SG", "address": "#01-02 Blk 5 Dover Crescent", "labeledLatLngs": [{"lng": 103.782203, "label": "display", "lat": 1.304208}]}, "verified": false, "hereNow": {"groups": [], "summary": "Nobody here", "count": 0}}, "referralId": "e-3-52f717cb498e90921df3b6a7-63", "tips": [{"id": "58b3df7581907913ad83fa65", "text": "Prices are of cheaper than most zi-cha in a coffeeshop. Dishes are deliciously prepared/cooked & staffs are polite.", "disagreeCount": 0, "createdAt": 1488183157, "logView": true, "todo": {"count": 0}, "agreeCount": 0, "canonicalUrl": "https://foursquare.com/item/58b3df7581907913ad83fa65", "type": "user", "user": {"gender": "male", "id": "32677705", "photo": {"prefix": "https://igx.4sqi.net/img/user/", "default": true, "suffix": "/blank_boy.png"}, "firstName": "Arthur", "lastName": "Foong"}}]}, {"reasons": {"items": [{"reasonName": "globalInteractionReason", "summary": "This spot is popular", "type": "general"}], "count": 0}, "venue": {"hereNow": {"groups": [], "summary": "Nobody here", "count": 0}, "contact": {"phone": "+6565705800", "formattedPhone": "+65 6570 5800"}, "photos": {"groups": [], "count": 0}, "name": "Brunch Cafe", "allowMenuUrlEdit": true, "beenHere": {"lastCheckinExpiredAt": 0, "count": 0, "marked": false}, "stats": {"checkinsCount": 155, "usersCount": 25, "tipCount": 3}, "id": "4e52063962e14b77e3bf1f2a", "categories": [{"pluralName": "Caf\u00e9s", "id": "4bf58dd8d48988d16d941735", "primary": true, "icon": {"prefix": "https://ss3.4sqi.net/img/categories_v2/food/cafe_", "suffix": ".png"}, "name": "Caf\u00e9", "shortName": "Caf\u00e9"}], "location": {"lng": 103.78997922698527, "formattedAddress": ["1 Fusionopolis Walk, #01-11 (Solaris)", "138628", "Singapore"], "postalCode": "138628", "lat": 1.2986054466257277, "crossStreet": "Solaris", "country": "Singapore", "distance": 308, "city": "Singapore", "cc": "SG", "address": "1 Fusionopolis Walk, #01-11", "labeledLatLngs": [{"lng": 103.78997922698527, "label": "display", "lat": 1.2986054466257277}]}, "hours": {"isLocalHoliday": false, "isOpen": false, "status": "Closed until 7:00 AM tomorrow"}, "verified": false, "price": {"tier": 1, "currency": "$", "message": "Cheap"}}, "referralId": "e-3-4e52063962e14b77e3bf1f2a-64", "tips": [{"id": "5164186de4b0e7142e2d7098", "text": "The yam bun and the red bean pau is just the right amount of sweet and is always nice and hot!", "disagreeCount": 0, "logView": true, "createdAt": 1365514349, "likes": {"groups": [], "summary": "2 likes", "count": 2}, "todo": {"count": 0}, "agreeCount": 2, "canonicalUrl": "https://foursquare.com/item/5164186de4b0e7142e2d7098", "type": "user", "user": {"gender": "male", "id": "3655292", "photo": {"prefix": "https://igx.4sqi.net/img/user/", "suffix": "/3655292-MNXRAILSH3PZZ500.jpg"}, "firstName": "Karthik", "lastName": "Nathan"}}]}, {"reasons": {"items": [{"reasonName": "globalInteractionReason", "summary": "This spot is popular", "type": "general"}], "count": 0}, "venue": {"hereNow": {"groups": [], "summary": "Nobody here", "count": 0}, "contact": {}, "photos": {"groups": [], "count": 0}, "name": "Pool Cafe @ ACJC", "allowMenuUrlEdit": true, "beenHere": {"lastCheckinExpiredAt": 0, "count": 0, "marked": false}, "stats": {"checkinsCount": 196, "usersCount": 50, "tipCount": 0}, "id": "4e169f0752b1091958e7cbec", "categories": [{"pluralName": "Caf\u00e9s", "id": "4bf58dd8d48988d16d941735", "primary": true, "icon": {"prefix": "https://ss3.4sqi.net/img/categories_v2/food/cafe_", "suffix": ".png"}, "name": "Caf\u00e9", "shortName": "Caf\u00e9"}], "location": {"formattedAddress": ["25 Dover Close East", "139745", "Singapore"], "postalCode": "139745", "lat": 1.302316101561523, "lng": 103.78624423703982, "country": "Singapore", "distance": 314, "city": "Singapore", "cc": "SG", "address": "25 Dover Close East", "labeledLatLngs": [{"lng": 103.78624423703982, "label": "display", "lat": 1.302316101561523}]}, "verified": false, "price": {"tier": 1, "currency": "$", "message": "Cheap"}}, "referralId": "e-3-4e169f0752b1091958e7cbec-65"}, {"reasons": {"items": [{"reasonName": "globalInteractionReason", "summary": "This spot is popular", "type": "general"}], "count": 0}, "venue": {"contact": {}, "photos": {"groups": [], "count": 0}, "name": "Greenwitch", "id": "542b7aa8498ee99a0f058f0e", "beenHere": {"lastCheckinExpiredAt": 0, "count": 0, "marked": false}, "stats": {"checkinsCount": 122, "usersCount": 17, "tipCount": 0}, "allowMenuUrlEdit": true, "categories": [{"pluralName": "Cafeterias", "id": "4bf58dd8d48988d128941735", "primary": true, "icon": {"prefix": "https://ss3.4sqi.net/img/categories_v2/education/cafeteria_", "suffix": ".png"}, "name": "Cafeteria", "shortName": "Cafeteria"}], "location": {"formattedAddress": ["Singapore"], "lat": 1.298855, "lng": 103.790203, "distance": 321, "country": "Singapore", "cc": "SG", "labeledLatLngs": [{"lng": 103.790203, "label": "display", "lat": 1.298855}]}, "venueRatingBlacklisted": true, "verified": false, "hereNow": {"groups": [], "summary": "Nobody here", "count": 0}}, "referralId": "e-3-542b7aa8498ee99a0f058f0e-66"}, {"reasons": {"items": [{"reasonName": "globalInteractionReason", "summary": "This spot is popular", "type": "general"}], "count": 0}, "venue": {"contact": {"facebook": "226583657547741", "facebookUsername": "bodaciousbistro", "facebookName": "Bodacious", "phone": "+6567789585", "formattedPhone": "+65 6778 9585"}, "photos": {"groups": [], "count": 0}, "rating": 5.8, "name": "Bodacious Bar & Bistro", "ratingSignals": 19, "allowMenuUrlEdit": true, "categories": [{"pluralName": "Bistros", "id": "52e81612bcbc57f1066b79f1", "primary": true, "icon": {"prefix": "https://ss3.4sqi.net/img/categories_v2/food/default_", "suffix": ".png"}, "name": "Bistro", "shortName": "Bistro"}], "stats": {"checkinsCount": 184, "usersCount": 121, "tipCount": 5}, "id": "53b0e272498e7b0d795a5bbf", "beenHere": {"lastCheckinExpiredAt": 0, "count": 0, "marked": false}, "ratingColor": "FF9600", "location": {"formattedAddress": ["70 Biopolis Street. #01-05.", "Singapore"], "lat": 1.3036111437539046, "lng": 103.79176753154027, "country": "Singapore", "distance": 643, "city": "Singapore", "cc": "SG", "address": "70 Biopolis Street. #01-05.", "labeledLatLngs": [{"lng": 103.79176753154027, "label": "display", "lat": 1.3036111437539046}]}, "hours": {"isLocalHoliday": false, "isOpen": true, "status": "Open until 10:00 PM"}, "verified": false, "hereNow": {"groups": [], "summary": "Nobody here", "count": 0}}, "referralId": "e-3-53b0e272498e7b0d795a5bbf-67", "tips": [{"id": "57922119498e0eef239f91b9", "text": "Pulled pork burger is delish!", "disagreeCount": 0, "createdAt": 1469194521, "logView": true, "todo": {"count": 0}, "agreeCount": 0, "canonicalUrl": "https://foursquare.com/item/57922119498e0eef239f91b9", "type": "user", "user": {"gender": "female", "id": "7925264", "photo": {"prefix": "https://igx.4sqi.net/img/user/", "suffix": "/BM3XX3NX1PP2OFZQ.jpg"}, "firstName": "Lula", "lastName": "Laine"}}]}, {"reasons": {"items": [{"reasonName": "globalInteractionReason", "summary": "This spot is popular", "type": "general"}], "count": 0}, "venue": {"contact": {}, "photos": {"groups": [], "count": 0}, "name": "Jew Kit Food Court", "allowMenuUrlEdit": true, "beenHere": {"lastCheckinExpiredAt": 0, "count": 0, "marked": false}, "stats": {"checkinsCount": 297, "usersCount": 42, "tipCount": 0}, "id": "4e9b846202d5df1b50ad6bcb", "categories": [{"pluralName": "Food Courts", "id": "4bf58dd8d48988d120951735", "primary": true, "icon": {"prefix": "https://ss3.4sqi.net/img/categories_v2/shops/food_foodcourt_", "suffix": ".png"}, "name": "Food Court", "shortName": "Food Court"}], "location": {"formattedAddress": ["69 Ayer Rajah Crescent #02-01", "Singapore"], "lat": 1.2964916919685716, "lng": 103.78680447893193, "country": "Singapore", "distance": 370, "city": "Singapore", "cc": "SG", "address": "69 Ayer Rajah Crescent #02-01", "labeledLatLngs": [{"lng": 103.78680447893193, "label": "display", "lat": 1.2964916919685716}]}, "hours": {"isLocalHoliday": false, "isOpen": false}, "verified": false, "hereNow": {"groups": [], "summary": "Nobody here", "count": 0}}, "referralId": "e-3-4e9b846202d5df1b50ad6bcb-68"}, {"reasons": {"items": [{"reasonName": "globalInteractionReason", "summary": "This spot is popular", "type": "general"}], "count": 0}, "venue": {"contact": {}, "photos": {"groups": [], "count": 0}, "rating": 5.9, "name": "Xin Wang Hong Kong Caf\u00e9", "ratingSignals": 11, "allowMenuUrlEdit": true, "categories": [{"pluralName": "Hong Kong Restaurants", "id": "52af3add3cf9994f4e043bf5", "primary": true, "icon": {"prefix": "https://ss3.4sqi.net/img/categories_v2/food/asian_", "suffix": ".png"}, "name": "Hong Kong Restaurant", "shortName": "Hong Kong"}], "stats": {"checkinsCount": 254, "usersCount": 181, "tipCount": 3}, "id": "5285f0d211d222ec665a479b", "beenHere": {"lastCheckinExpiredAt": 0, "count": 0, "marked": false}, "ratingColor": "FF9600", "location": {"lng": 103.78438809873087, "formattedAddress": ["One@KentRidge (NUH Medical Centre) (1 Lower Kent Ridge Rd.)", "Singapore"], "lat": 1.2940484507931338, "crossStreet": "1 Lower Kent Ridge Rd.", "country": "Singapore", "distance": 721, "city": "Singapore", "cc": "SG", "address": "One@KentRidge (NUH Medical Centre)", "labeledLatLngs": [{"lng": 103.78438809873087, "label": "display", "lat": 1.2940484507931338}]}, "hours": {"isLocalHoliday": false, "isOpen": false}, "verified": false, "hereNow": {"groups": [], "summary": "Nobody here", "count": 0}}, "referralId": "e-3-5285f0d211d222ec665a479b-69", "tips": [{"id": "57767d88498eaa173d27d613", "text": "Baked cheese rice!", "disagreeCount": 0, "createdAt": 1467383176, "logView": true, "todo": {"count": 0}, "agreeCount": 0, "canonicalUrl": "https://foursquare.com/item/57767d88498eaa173d27d613", "type": "user", "user": {"gender": "male", "id": "40033180", "photo": {"prefix": "https://igx.4sqi.net/img/user/", "suffix": "/4GXAHN4F4VGEFGLB.jpg"}, "firstName": "KT", "lastName": "Ling"}}]}, {"reasons": {"items": [{"reasonName": "globalInteractionReason", "summary": "This spot is popular", "type": "general"}], "count": 0}, "venue": {"hereNow": {"groups": [{"items": [], "name": "Other people here", "count": 1, "type": "others"}], "summary": "One other person is here", "count": 1}, "contact": {}, "photos": {"groups": [], "count": 0}, "rating": 6.0, "name": "Gan Yakitori", "ratingSignals": 34, "allowMenuUrlEdit": true, "categories": [{"pluralName": "Japanese Restaurants", "id": "4bf58dd8d48988d111941735", "primary": true, "icon": {"prefix": "https://ss3.4sqi.net/img/categories_v2/food/japanese_", "suffix": ".png"}, "name": "Japanese Restaurant", "shortName": "Japanese"}], "stats": {"checkinsCount": 248, "usersCount": 174, "tipCount": 16}, "id": "535a4d48498e19044f6c30ad", "beenHere": {"lastCheckinExpiredAt": 0, "count": 0, "marked": false}, "ratingColor": "FFC800", "location": {"lng": 103.78937935798628, "formattedAddress": ["#02-20 The Star Vista (1 Vista Exchange Green)", "Singapore"], "neighborhood": "Roch", "lat": 1.3064919225246105, "crossStreet": "1 Vista Exchange Green", "country": "Singapore", "distance": 779, "city": "Singapore", "cc": "SG", "address": "#02-20 The Star Vista", "labeledLatLngs": [{"lng": 103.78937935798628, "label": "display", "lat": 1.3064919225246105}]}, "verified": false, "price": {"tier": 2, "currency": "$", "message": "Moderate"}}, "referralId": "e-3-535a4d48498e19044f6c30ad-70", "tips": [{"logView": true, "photo": {"id": "54354931498ea273f19f0722", "visibility": "public", "source": {"name": "Foursquare for iOS", "url": "https://foursquare.com/download/#/iphone"}, "suffix": "/12134270_HWE0CYpq9TJ0GVAa_cOhyTiBbN2RJ2UI3S58fNS_j5s.jpg", "createdAt": 1412778289, "prefix": "https://igx.4sqi.net/img/general/", "width": 960, "height": 719}, "createdAt": 1412778286, "todo": {"count": 0}, "agreeCount": 1, "likes": {"groups": [], "summary": "1 like", "count": 1}, "id": "5435492e498e4ec0a452a6ad", "text": "The 1902 set is enough for 2 people.", "disagreeCount": 0, "user": {"gender": "male", "id": "12134270", "photo": {"prefix": "https://igx.4sqi.net/img/user/", "suffix": "/WBL2TZNJEDSRGALL.jpg"}, "firstName": "Nan", "lastName": "Xiao"}, "canonicalUrl": "https://foursquare.com/item/5435492e498e4ec0a452a6ad", "type": "user", "photourl": "https://igx.4sqi.net/img/general/original/12134270_HWE0CYpq9TJ0GVAa_cOhyTiBbN2RJ2UI3S58fNS_j5s.jpg"}]}, {"reasons": {"items": [{"reasonName": "globalInteractionReason", "summary": "This spot is popular", "type": "general"}], "count": 0}, "venue": {"hereNow": {"groups": [], "summary": "Nobody here", "count": 0}, "contact": {}, "photos": {"groups": [], "count": 0}, "name": "2nd floor food court @ blk 67 ayer rajah crescent", "allowMenuUrlEdit": true, "beenHere": {"lastCheckinExpiredAt": 0, "count": 0, "marked": false}, "stats": {"checkinsCount": 105, "usersCount": 47, "tipCount": 4}, "id": "4bbeb747f353d13ad1ad7d10", "categories": [{"pluralName": "Chinese Restaurants", "id": "4bf58dd8d48988d145941735", "primary": true, "icon": {"prefix": "https://ss3.4sqi.net/img/categories_v2/food/asian_", "suffix": ".png"}, "name": "Chinese Restaurant", "shortName": "Chinese"}], "location": {"formattedAddress": ["Singapore"], "lat": 1.296260378968383, "lng": 103.78683843306086, "distance": 395, "country": "Singapore", "cc": "SG", "labeledLatLngs": [{"lng": 103.78683843306086, "label": "display", "lat": 1.296260378968383}]}, "verified": false, "price": {"tier": 1, "currency": "$", "message": "Cheap"}}, "referralId": "e-3-4bbeb747f353d13ad1ad7d10-71", "tips": [{"id": "4bf612fe70c603bbd4569cb4", "text": "Try the new Korean stall. Beef is very good!", "disagreeCount": 0, "logView": true, "createdAt": 1274417918, "likes": {"groups": [], "summary": "3 likes", "count": 3}, "todo": {"count": 0}, "agreeCount": 0, "canonicalUrl": "https://foursquare.com/item/4bf612fe70c603bbd4569cb4", "type": "user", "user": {"id": "1306548", "photo": {"prefix": "https://igx.4sqi.net/img/user/", "suffix": "/AP34HWB1FIH54IEI.jpg"}, "firstName": "Arnaud C.", "gender": "male"}}]}, {"reasons": {"items": [{"reasonName": "globalInteractionReason", "summary": "This spot is popular", "type": "general"}], "count": 0}, "venue": {"hereNow": {"groups": [], "summary": "Nobody here", "count": 0}, "contact": {}, "photos": {"groups": [], "count": 0}, "rating": 5.8, "name": "Seasonal Salad Bar", "ratingSignals": 20, "allowMenuUrlEdit": true, "categories": [{"pluralName": "Restaurants", "id": "4bf58dd8d48988d1c4941735", "primary": true, "icon": {"prefix": "https://ss3.4sqi.net/img/categories_v2/food/default_", "suffix": ".png"}, "name": "Restaurant", "shortName": "Restaurant"}], "stats": {"checkinsCount": 175, "usersCount": 127, "tipCount": 7}, "id": "52d8c2e8498ed22ccafca6bc", "beenHere": {"lastCheckinExpiredAt": 0, "count": 0, "marked": false}, "ratingColor": "FF9600", "location": {"lng": 103.7843598041375, "formattedAddress": ["Lv 4, One@KentRidge (NUH Medical Centre) (1 Lower Kent Ridge Rd.)", "Singapore"], "lat": 1.2939438665147633, "crossStreet": "1 Lower Kent Ridge Rd.", "country": "Singapore", "distance": 733, "city": "Singapore", "cc": "SG", "address": "Lv 4, One@KentRidge (NUH Medical Centre)", "labeledLatLngs": [{"lng": 103.7843598041375, "label": "display", "lat": 1.2939438665147633}]}, "verified": false, "price": {"tier": 2, "currency": "$", "message": "Moderate"}}, "referralId": "e-3-52d8c2e8498ed22ccafca6bc-72", "tips": [{"id": "53c26e39498e10f20009ce56", "text": "I love this place! Food is great; everything's fresh & up to standard. Also more convenient for Westsiders than TPY. Ample parking on weekends, & they've a great weekend promo on now!", "disagreeCount": 0, "logView": true, "createdAt": 1405251129, "likes": {"groups": [], "summary": "1 like", "count": 1}, "todo": {"count": 0}, "agreeCount": 1, "canonicalUrl": "https://foursquare.com/item/53c26e39498e10f20009ce56", "type": "user", "user": {"gender": "female", "id": "27662258", "photo": {"prefix": "https://igx.4sqi.net/img/user/", "suffix": "/27662258-W1OV4ZK35DZS3ED5.jpg"}, "firstName": "Ursula", "lastName": "S"}}]}, {"reasons": {"items": [{"reasonName": "globalInteractionReason", "summary": "This spot is popular", "type": "general"}], "count": 0}, "venue": {"hereNow": {"groups": [], "summary": "Nobody here", "count": 0}, "contact": {}, "photos": {"groups": [], "count": 0}, "rating": 5.9, "name": "Imakatsu", "ratingSignals": 23, "allowMenuUrlEdit": true, "categories": [{"pluralName": "Japanese Restaurants", "id": "4bf58dd8d48988d111941735", "primary": true, "icon": {"prefix": "https://ss3.4sqi.net/img/categories_v2/food/japanese_", "suffix": ".png"}, "name": "Japanese Restaurant", "shortName": "Japanese"}], "stats": {"checkinsCount": 302, "usersCount": 215, "tipCount": 7}, "id": "54375f9d498eaaadad0f83d4", "beenHere": {"lastCheckinExpiredAt": 0, "count": 0, "marked": false}, "ratingColor": "FF9600", "location": {"lng": 103.78923787983786, "formattedAddress": ["The Star Vista (1 Vista Exchange Green)", "138617", "Singapore"], "postalCode": "138617", "lat": 1.3062822809677512, "crossStreet": "1 Vista Exchange Green", "country": "Singapore", "distance": 752, "city": "Singapore", "cc": "SG", "address": "The Star Vista", "labeledLatLngs": [{"lng": 103.78923787983786, "label": "display", "lat": 1.3062822809677512}]}, "hours": {"isLocalHoliday": false, "isOpen": true, "status": "Likely open"}, "verified": false, "price": {"tier": 2, "currency": "$", "message": "Moderate"}}, "referralId": "e-3-54375f9d498eaaadad0f83d4-73", "tips": [{"id": "583d6a19a913305e435939fa", "text": "Katsu breading is more like chicken cutlet, the pork was a bit tough. Quality got a lot worse since my last visit last year, very disappointed.", "disagreeCount": 0, "createdAt": 1480419865, "logView": true, "todo": {"count": 0}, "agreeCount": 0, "canonicalUrl": "https://foursquare.com/item/583d6a19a913305e435939fa", "type": "user", "user": {"gender": "male", "id": "82090632", "photo": {"prefix": "https://igx.4sqi.net/img/user/", "default": true, "suffix": "/blank_boy.png"}, "firstName": "Marquis", "lastName": "Tan"}}]}, {"reasons": {"items": [{"reasonName": "globalInteractionReason", "summary": "This spot is popular", "type": "general"}], "count": 0}, "venue": {"contact": {"phone": "+6564789789", "formattedPhone": "+65 6478 9789"}, "photos": {"groups": [], "count": 0}, "rating": 5.8, "name": "Mealbox by fusionbistro", "ratingSignals": 15, "allowMenuUrlEdit": true, "categories": [{"pluralName": "Food Courts", "id": "4bf58dd8d48988d120951735", "primary": true, "icon": {"prefix": "https://ss3.4sqi.net/img/categories_v2/shops/food_foodcourt_", "suffix": ".png"}, "name": "Food Court", "shortName": "Food Court"}], "stats": {"checkinsCount": 1354, "usersCount": 217, "tipCount": 7}, "id": "4bf0ff1e3a15d13a831a3f9f", "beenHere": {"lastCheckinExpiredAt": 0, "count": 0, "marked": false}, "ratingColor": "FF9600", "location": {"lng": 103.79216367816372, "formattedAddress": ["#01-01, Matrix (30 Biopolis St.)", "138671", "Singapore"], "postalCode": "138671", "lat": 1.3035358338096428, "crossStreet": "30 Biopolis St.", "country": "Singapore", "distance": 671, "city": "Singapore", "cc": "SG", "address": "#01-01, Matrix", "labeledLatLngs": [{"lng": 103.79216367816372, "label": "display", "lat": 1.3035358338096428}]}, "hours": {"isLocalHoliday": false, "isOpen": false}, "verified": false, "hereNow": {"groups": [], "summary": "Nobody here", "count": 0}}, "referralId": "e-3-4bf0ff1e3a15d13a831a3f9f-74", "tips": [{"logView": true, "photo": {"id": "5213126911d28edd46c5a491", "visibility": "public", "source": {"name": "Foursquare for iOS", "url": "https://foursquare.com/download/#/iphone"}, "suffix": "/44773536_lRzhfda6fU8kGZUNOIWa_Rjic2UdQO3DgLNY4y6tlzs.jpg", "createdAt": 1376981609, "prefix": "https://igx.4sqi.net/img/general/", "width": 720, "height": 720}, "createdAt": 1376981606, "todo": {"count": 0}, "agreeCount": 1, "likes": {"groups": [], "summary": "1 like", "count": 1}, "id": "5213126611d28edd46c595d7", "text": "Japanese food not bad. Prepare to Q during lunch hours.", "disagreeCount": 0, "user": {"gender": "male", "id": "44773536", "photo": {"prefix": "https://igx.4sqi.net/img/user/", "suffix": "/44773536-OV42KO2DM24YECU3.jpg"}, "firstName": "HappyFamily", "lastName": "BenMai"}, "canonicalUrl": "https://foursquare.com/item/5213126611d28edd46c595d7", "type": "user", "photourl": "https://igx.4sqi.net/img/general/original/44773536_lRzhfda6fU8kGZUNOIWa_Rjic2UdQO3DgLNY4y6tlzs.jpg"}]}, {"reasons": {"items": [{"reasonName": "globalInteractionReason", "summary": "This spot is popular", "type": "general"}], "count": 0}, "venue": {"contact": {}, "photos": {"groups": [], "count": 0}, "rating": 5.8, "name": "On The Ridge by Kopitiam", "ratingSignals": 13, "allowMenuUrlEdit": true, "categories": [{"pluralName": "Food Courts", "id": "4bf58dd8d48988d120951735", "primary": true, "icon": {"prefix": "https://ss3.4sqi.net/img/categories_v2/shops/food_foodcourt_", "suffix": ".png"}, "name": "Food Court", "shortName": "Food Court"}], "stats": {"checkinsCount": 337, "usersCount": 184, "tipCount": 2}, "id": "53527f92498e01e6190668e6", "beenHere": {"lastCheckinExpiredAt": 0, "count": 0, "marked": false}, "url": "http://www.kopitiam.biz", "ratingColor": "FF9600", "location": {"lng": 103.78445034685721, "formattedAddress": ["Lv 5, One@KentRidge (NUH Medical Centre) (1 Lower Kent Ridge Rd.)", "Singapore"], "lat": 1.2939050366192704, "crossStreet": "1 Lower Kent Ridge Rd.", "country": "Singapore", "distance": 732, "city": "Singapore", "cc": "SG", "address": "Lv 5, One@KentRidge (NUH Medical Centre)", "labeledLatLngs": [{"lng": 103.78445034685721, "label": "display", "lat": 1.2939050366192704}]}, "hours": {"isLocalHoliday": false, "isOpen": true, "status": "Likely open"}, "verified": false, "hereNow": {"groups": [], "summary": "Nobody here", "count": 0}}, "referralId": "e-3-53527f92498e01e6190668e6-75", "tips": [{"id": "54e42cc9498e088356a114a7", "text": "Western food here sucks. Ban mian stall was so-so. Can give this kopitiam a pass.", "disagreeCount": 0, "createdAt": 1424239817, "logView": true, "todo": {"count": 0}, "agreeCount": 0, "canonicalUrl": "https://foursquare.com/item/54e42cc9498e088356a114a7", "type": "user", "user": {"gender": "female", "id": "42668193", "photo": {"prefix": "https://igx.4sqi.net/img/user/", "suffix": "/TD0GT2403DBIQDT5.jpg"}, "firstName": "Elizabeth", "lastName": "Lee"}}]}, {"reasons": {"items": [{"reasonName": "globalInteractionReason", "summary": "This spot is popular", "type": "general"}], "count": 0}, "venue": {"hereNow": {"groups": [], "summary": "Nobody here", "count": 0}, "contact": {"phone": "+6567760665", "formattedPhone": "+65 6776 0665"}, "photos": {"groups": [], "count": 0}, "name": "Verve Pizzeria @ One-North", "allowMenuUrlEdit": true, "beenHere": {"lastCheckinExpiredAt": 0, "count": 0, "marked": false}, "stats": {"checkinsCount": 400, "usersCount": 189, "tipCount": 9}, "id": "4c6ff97cf52cb71386e3abaf", "categories": [{"pluralName": "Pizza Places", "id": "4bf58dd8d48988d1ca941735", "primary": true, "icon": {"prefix": "https://ss3.4sqi.net/img/categories_v2/food/pizza_", "suffix": ".png"}, "name": "Pizza Place", "shortName": "Pizza"}], "location": {"formattedAddress": ["11 Slim Barrack Rise #01-01", "Singapore"], "lat": 1.3035954924072186, "lng": 103.78928881195417, "state": "138664", "country": "Singapore", "distance": 473, "city": "Singapore", "cc": "SG", "address": "11 Slim Barrack Rise #01-01", "labeledLatLngs": [{"lng": 103.78928881195417, "label": "display", "lat": 1.3035954924072186}]}, "hours": {"isLocalHoliday": false, "isOpen": true, "status": "Likely open"}, "verified": false, "price": {"tier": 1, "currency": "$", "message": "Cheap"}}, "referralId": "e-3-4c6ff97cf52cb71386e3abaf-76", "tips": [{"id": "4d36e1afd8caa1cd007371d6", "text": "Happy hour 5-7pm. Free pizza.", "disagreeCount": 0, "logView": true, "createdAt": 1295442351, "likes": {"groups": [], "summary": "1 like", "count": 1}, "todo": {"count": 0}, "agreeCount": 1, "canonicalUrl": "https://foursquare.com/item/4d36e1afd8caa1cd007371d6", "type": "user", "user": {"gender": "male", "id": "152349", "photo": {"prefix": "https://igx.4sqi.net/img/user/", "suffix": "/ZRWNZ11ZDXDKFDX5.jpg"}, "firstName": "Andrew", "lastName": "Stephen"}}]}, {"reasons": {"items": [{"reasonName": "globalInteractionReason", "summary": "This spot is popular", "type": "general"}], "count": 0}, "venue": {"contact": {}, "photos": {"groups": [], "count": 0}, "name": "2nd Street Food Court", "allowMenuUrlEdit": true, "beenHere": {"lastCheckinExpiredAt": 0, "count": 0, "marked": false}, "stats": {"checkinsCount": 1779, "usersCount": 101, "tipCount": 1}, "id": "4c348176213c2d7f368a385d", "categories": [{"pluralName": "Food Courts", "id": "4bf58dd8d48988d120951735", "primary": true, "icon": {"prefix": "https://ss3.4sqi.net/img/categories_v2/shops/food_foodcourt_", "suffix": ".png"}, "name": "Food Court", "shortName": "Food Court"}], "location": {"formattedAddress": ["69 Ayer Rajah Crescent #02-01", "139961", "Singapore"], "postalCode": "139961", "lat": 1.2954938275667989, "lng": 103.7880721055487, "country": "Singapore", "distance": 479, "city": "Singapore", "cc": "SG", "address": "69 Ayer Rajah Crescent #02-01", "labeledLatLngs": [{"lng": 103.7880721055487, "label": "display", "lat": 1.2954938275667989}]}, "hours": {"isLocalHoliday": false, "isOpen": false}, "verified": false, "hereNow": {"groups": [], "summary": "Nobody here", "count": 0}}, "referralId": "e-3-4c348176213c2d7f368a385d-77", "tips": [{"id": "4f5717dde4b0720e06577ab6", "text": "The best time to have lunch is before 12pm. It's very crowded after 12.", "disagreeCount": 0, "createdAt": 1331107805, "logView": true, "todo": {"count": 0}, "agreeCount": 0, "canonicalUrl": "https://foursquare.com/item/4f5717dde4b0720e06577ab6", "type": "user", "user": {"gender": "male", "id": "501850", "photo": {"prefix": "https://igx.4sqi.net/img/user/", "suffix": "/0P5TGIBCCNGIFGOW.jpg"}, "firstName": "Phyoe", "lastName": "Wai"}}]}, {"reasons": {"items": [{"reasonName": "globalInteractionReason", "summary": "This spot is popular", "type": "general"}], "count": 0}, "venue": {"hereNow": {"groups": [], "summary": "Nobody here", "count": 0}, "contact": {}, "photos": {"groups": [], "count": 0}, "rating": 5.7, "name": "Ya Kun Family Cafe", "ratingSignals": 16, "allowMenuUrlEdit": true, "categories": [{"pluralName": "Caf\u00e9s", "id": "4bf58dd8d48988d16d941735", "primary": true, "icon": {"prefix": "https://ss3.4sqi.net/img/categories_v2/food/cafe_", "suffix": ".png"}, "name": "Caf\u00e9", "shortName": "Caf\u00e9"}], "stats": {"checkinsCount": 297, "usersCount": 126, "tipCount": 3}, "id": "529822ec11d21080a0881ad5", "beenHere": {"lastCheckinExpiredAt": 0, "count": 0, "marked": false}, "ratingColor": "FF9600", "location": {"lng": 103.78440507548974, "formattedAddress": ["One@KentRidge (NUH Medical Centre) (1 Lower Kent Ridge Rd.)", "Singapore"], "lat": 1.294408047173346, "crossStreet": "1 Lower Kent Ridge Rd.", "country": "Singapore", "distance": 685, "city": "Singapore", "cc": "SG", "address": "One@KentRidge (NUH Medical Centre)", "labeledLatLngs": [{"lng": 103.78440507548974, "label": "display", "lat": 1.294408047173346}]}, "hours": {"isLocalHoliday": false, "isOpen": false}, "verified": false, "price": {"tier": 1, "currency": "$", "message": "Cheap"}}, "referralId": "e-3-529822ec11d21080a0881ad5-78", "tips": [{"id": "56f5488c498ef7ebdfd766f0", "text": "Sigh this Ya Kun is poor. Drinks are substandard, service is substandard and they are a monopoly.", "disagreeCount": 0, "createdAt": 1458915468, "logView": true, "todo": {"count": 0}, "agreeCount": 0, "canonicalUrl": "https://foursquare.com/item/56f5488c498ef7ebdfd766f0", "type": "user", "user": {"id": "48356920", "photo": {"prefix": "https://igx.4sqi.net/img/user/", "suffix": "/48356920_APWea3Qr_2kJCnTjXjjS776zSTVUilnT6ZWCzibK5TdmGFur0ar41b5iOFETzIPCjv3FOUI2N.jpg"}, "firstName": "C", "gender": "male"}}]}, {"reasons": {"items": [{"reasonName": "globalInteractionReason", "summary": "This spot is popular", "type": "general"}], "count": 0}, "venue": {"hereNow": {"groups": [], "summary": "Nobody here", "count": 0}, "contact": {"phone": "+6566944696", "formattedPhone": "+65 6694 4696"}, "photos": {"groups": [], "count": 0}, "rating": 5.8, "name": "Bornga", "ratingSignals": 57, "allowMenuUrlEdit": true, "categories": [{"pluralName": "Korean Restaurants", "id": "4bf58dd8d48988d113941735", "primary": true, "icon": {"prefix": "https://ss3.4sqi.net/img/categories_v2/food/korean_", "suffix": ".png"}, "name": "Korean Restaurant", "shortName": "Korean"}], "stats": {"checkinsCount": 934, "usersCount": 686, "tipCount": 18}, "id": "507fec70e4b0274885974647", "beenHere": {"lastCheckinExpiredAt": 0, "count": 0, "marked": false}, "ratingColor": "FF9600", "location": {"lng": 103.789232220715, "formattedAddress": ["#02-24 The Star Vista (1 Vista Exchange Green)", "138617", "Singapore"], "postalCode": "138617", "lat": 1.3062811730573658, "crossStreet": "1 Vista Exchange Green", "country": "Singapore", "distance": 752, "city": "Singapore", "cc": "SG", "address": "#02-24 The Star Vista", "labeledLatLngs": [{"lng": 103.789232220715, "label": "display", "lat": 1.3062811730573658}]}, "hours": {"isLocalHoliday": false, "isOpen": true, "status": "Likely open"}, "verified": false, "price": {"tier": 2, "currency": "$", "message": "Moderate"}}, "referralId": "e-3-507fec70e4b0274885974647-79", "tips": [{"id": "5364d231498e9771d885540b", "text": "Pissed. One waitress to serve the outdoor area & she purposely don't want to look at us to take our order cos to take the other table's order, serve up their order, and still dun look at us aft tat", "disagreeCount": 0, "logView": true, "createdAt": 1399116337, "likes": {"groups": [], "summary": "2 likes", "count": 2}, "todo": {"count": 0}, "agreeCount": 2, "canonicalUrl": "https://foursquare.com/item/5364d231498e9771d885540b", "type": "user", "user": {"id": "5285609", "photo": {"prefix": "https://igx.4sqi.net/img/user/", "suffix": "/5285609-UED2V4KLE0I1QUKZ.jpg"}, "firstName": "Jie Lin", "gender": "female"}}]}, {"reasons": {"items": [{"reasonName": "globalInteractionReason", "summary": "This spot is popular", "type": "general"}], "count": 0}, "venue": {"hereNow": {"groups": [], "summary": "Nobody here", "count": 0}, "contact": {}, "photos": {"groups": [], "count": 0}, "name": "Roast @ One Rochester", "allowMenuUrlEdit": true, "beenHere": {"lastCheckinExpiredAt": 0, "count": 0, "marked": false}, "stats": {"checkinsCount": 186, "usersCount": 145, "tipCount": 2}, "id": "4ccc263754f0b1f7f92014ca", "categories": [{"pluralName": "Restaurants", "id": "4bf58dd8d48988d1c4941735", "primary": true, "icon": {"prefix": "https://ss3.4sqi.net/img/categories_v2/food/default_", "suffix": ".png"}, "name": "Restaurant", "shortName": "Restaurant"}], "location": {"formattedAddress": ["1 Rochester Park", "139212", "Singapore"], "postalCode": "139212", "lat": 1.3048247991917774, "lng": 103.78788471221924, "country": "Singapore", "distance": 565, "city": "Buona Vista", "cc": "SG", "address": "1 Rochester Park", "labeledLatLngs": [{"lng": 103.78788471221924, "label": "display", "lat": 1.3048247991917774}]}, "verified": false, "price": {"tier": 2, "currency": "$", "message": "Moderate"}}, "referralId": "e-3-4ccc263754f0b1f7f92014ca-80", "tips": [{"id": "4d483ecdea3f3704b2bf280a", "text": "Ask for a mozzie patch or you'll be eaten alive!", "disagreeCount": 0, "logView": true, "createdAt": 1296580301, "likes": {"groups": [], "summary": "2 likes", "count": 2}, "todo": {"count": 0}, "agreeCount": 0, "canonicalUrl": "https://foursquare.com/item/4d483ecdea3f3704b2bf280a", "type": "user", "user": {"gender": "female", "id": "666159", "photo": {"prefix": "https://igx.4sqi.net/img/user/", "suffix": "/NGSFEDATRPJRS0RH.jpg"}, "firstName": "Jackie", "lastName": "They"}}]}, {"reasons": {"items": [{"reasonName": "globalInteractionReason", "summary": "This spot is popular", "type": "general"}], "count": 0}, "venue": {"hereNow": {"groups": [], "summary": "Nobody here", "count": 0}, "contact": {}, "photos": {"groups": [], "count": 0}, "name": "Megabytes @ Science Fac", "allowMenuUrlEdit": true, "beenHere": {"lastCheckinExpiredAt": 0, "count": 0, "marked": false}, "stats": {"checkinsCount": 36, "usersCount": 31, "tipCount": 1}, "id": "4c36ad5893db0f4733941e92", "categories": [{"pluralName": "Caf\u00e9s", "id": "4bf58dd8d48988d16d941735", "primary": true, "icon": {"prefix": "https://ss3.4sqi.net/img/categories_v2/food/cafe_", "suffix": ".png"}, "name": "Caf\u00e9", "shortName": "Caf\u00e9"}], "location": {"formattedAddress": ["NUS", "119079", "Singapore"], "postalCode": "119079", "lat": 1.296443, "lng": 103.783393, "distance": 583, "country": "Singapore", "cc": "SG", "address": "NUS", "labeledLatLngs": [{"lng": 103.783393, "label": "display", "lat": 1.296443}]}, "verified": false, "price": {"tier": 1, "currency": "$", "message": "Cheap"}}, "referralId": "e-3-4c36ad5893db0f4733941e92-81", "tips": [{"id": "4cf485eb7e93f04d90085e69", "text": "Sake Teriyaki ain't cheap, but the salmon with cream sauce is one of the best pasta you can find around nus!", "disagreeCount": 0, "createdAt": 1291093483, "logView": true, "todo": {"count": 0}, "agreeCount": 0, "canonicalUrl": "https://foursquare.com/item/4cf485eb7e93f04d90085e69", "type": "user", "user": {"gender": "male", "id": "3566350", "photo": {"prefix": "https://igx.4sqi.net/img/user/", "suffix": "/YJVTLXFPDAIC01QO.jpg"}, "firstName": "Deming", "lastName": "Lee"}}]}, {"reasons": {"items": [{"reasonName": "globalInteractionReason", "summary": "This spot is popular", "type": "general"}], "count": 0}, "venue": {"hereNow": {"groups": [], "summary": "Nobody here", "count": 0}, "contact": {"phone": "+6564789737", "formattedPhone": "+65 6478 9737"}, "photos": {"groups": [], "count": 0}, "name": "Parkway at one north", "allowMenuUrlEdit": true, "beenHere": {"lastCheckinExpiredAt": 0, "count": 0, "marked": false}, "stats": {"checkinsCount": 177, "usersCount": 83, "tipCount": 2}, "id": "4c96e392533aa0938ec5d545", "categories": [{"pluralName": "Thai Restaurants", "id": "4bf58dd8d48988d149941735", "primary": true, "icon": {"prefix": "https://ss3.4sqi.net/img/categories_v2/food/thai_", "suffix": ".png"}, "name": "Thai Restaurant", "shortName": "Thai"}], "location": {"lng": 103.79134874923254, "formattedAddress": ["#01\u201302, Chromos (10 Biopolis Rd.)", "138670", "Singapore"], "postalCode": "138670", "lat": 1.303568608864701, "crossStreet": "10 Biopolis Rd.", "country": "Singapore", "distance": 606, "city": "Singapore", "cc": "SG", "address": "#01\u201302, Chromos", "labeledLatLngs": [{"lng": 103.79134874923254, "label": "display", "lat": 1.303568608864701}]}, "verified": false, "price": {"tier": 2, "currency": "$", "message": "Moderate"}}, "referralId": "e-3-4c96e392533aa0938ec5d545-82", "tips": [{"id": "5836e6f32896a2502eeb673a", "text": "Phad Thai!! Ask for sugar on the side for flavouring!!", "disagreeCount": 0, "createdAt": 1479993075, "logView": true, "todo": {"count": 0}, "agreeCount": 0, "canonicalUrl": "https://foursquare.com/item/5836e6f32896a2502eeb673a", "type": "user", "user": {"gender": "female", "id": "6262640", "photo": {"prefix": "https://igx.4sqi.net/img/user/", "suffix": "/6262640-ZYZCJRM0LUPN5KI1.jpg"}, "firstName": "Peggie", "lastName": "Aw"}}]}, {"reasons": {"items": [{"reasonName": "globalInteractionReason", "summary": "This spot is popular", "type": "general"}], "count": 0}, "venue": {"hereNow": {"groups": [], "summary": "Nobody here", "count": 0}, "contact": {"phone": "+6567744123", "formattedPhone": "+65 6774 4123"}, "photos": {"groups": [], "count": 0}, "name": "The Tanjong Restaurant & Bar @ One-North", "allowMenuUrlEdit": true, "beenHere": {"lastCheckinExpiredAt": 0, "count": 0, "marked": false}, "stats": {"checkinsCount": 302, "usersCount": 105, "tipCount": 2}, "id": "4cf8d4b85698a093596107fc", "categories": [{"pluralName": "Restaurants", "id": "4bf58dd8d48988d1c4941735", "primary": true, "icon": {"prefix": "https://ss3.4sqi.net/img/categories_v2/food/default_", "suffix": ".png"}, "name": "Restaurant", "shortName": "Restaurant"}], "location": {"formattedAddress": ["11 Slim Barracks Rise #08-02", "Singapore"], "lat": 1.3047586851191972, "lng": 103.7900075227587, "country": "Singapore", "distance": 624, "city": "Singapore", "cc": "SG", "address": "11 Slim Barracks Rise #08-02", "labeledLatLngs": [{"lng": 103.7900075227587, "label": "display", "lat": 1.3047586851191972}]}, "hours": {"isLocalHoliday": false, "isOpen": true, "status": "Likely open"}, "verified": false, "price": {"tier": 2, "currency": "$", "message": "Moderate"}}, "referralId": "e-3-4cf8d4b85698a093596107fc-83", "tips": [{"id": "532457ac498edee966563332", "text": "The whole spring chicken is quite a large portion", "disagreeCount": 0, "createdAt": 1394890668, "logView": true, "todo": {"count": 0}, "agreeCount": 0, "canonicalUrl": "https://foursquare.com/item/532457ac498edee966563332", "type": "user", "user": {"gender": "female", "id": "2813357", "photo": {"prefix": "https://igx.4sqi.net/img/user/", "suffix": "/2813357-KU5M055MOFUGON3I.jpg"}, "firstName": "H L", "lastName": "K"}}]}, {"reasons": {"items": [{"reasonName": "globalInteractionReason", "summary": "This spot is popular", "type": "general"}], "count": 0}, "venue": {"hereNow": {"groups": [], "summary": "Nobody here", "count": 0}, "contact": {}, "photos": {"groups": [], "count": 0}, "name": "sankranti", "allowMenuUrlEdit": true, "beenHere": {"lastCheckinExpiredAt": 0, "count": 0, "marked": false}, "stats": {"checkinsCount": 36, "usersCount": 23, "tipCount": 0}, "id": "544dd7ef498e60f6ee0fdc79", "categories": [{"pluralName": "Indian Restaurants", "id": "4bf58dd8d48988d10f941735", "primary": true, "icon": {"prefix": "https://ss3.4sqi.net/img/categories_v2/food/indian_", "suffix": ".png"}, "name": "Indian Restaurant", "shortName": "Indian"}], "location": {"formattedAddress": ["Singapore"], "lat": 1.3020009550750415, "lng": 103.79281449300038, "distance": 646, "country": "Singapore", "cc": "SG", "labeledLatLngs": [{"lng": 103.79281449300038, "label": "display", "lat": 1.3020009550750415}]}, "verified": false, "price": {"tier": 2, "currency": "$", "message": "Moderate"}}, "referralId": "e-3-544dd7ef498e60f6ee0fdc79-84"}, {"reasons": {"items": [{"reasonName": "globalInteractionReason", "summary": "This spot is popular", "type": "general"}], "count": 0}, "venue": {"hereNow": {"groups": [], "summary": "Nobody here", "count": 0}, "contact": {}, "photos": {"groups": [], "count": 0}, "name": "Umi Sushi", "allowMenuUrlEdit": true, "beenHere": {"lastCheckinExpiredAt": 0, "count": 0, "marked": false}, "stats": {"checkinsCount": 31, "usersCount": 27, "tipCount": 0}, "id": "5283389711d281aae5467e27", "categories": [{"pluralName": "Sushi Restaurants", "id": "4bf58dd8d48988d1d2941735", "primary": true, "icon": {"prefix": "https://ss3.4sqi.net/img/categories_v2/food/sushi_", "suffix": ".png"}, "name": "Sushi Restaurant", "shortName": "Sushi"}], "location": {"formattedAddress": ["Singapore"], "lat": 1.294559384296137, "lng": 103.7847729057909, "distance": 651, "country": "Singapore", "cc": "SG", "labeledLatLngs": [{"lng": 103.7847729057909, "label": "display", "lat": 1.294559384296137}]}, "verified": false, "price": {"tier": 2, "currency": "$", "message": "Moderate"}}, "referralId": "e-3-5283389711d281aae5467e27-85"}, {"reasons": {"items": [{"reasonName": "globalInteractionReason", "summary": "This spot is popular", "type": "general"}], "count": 0}, "venue": {"contact": {}, "photos": {"groups": [], "count": 0}, "name": "Qiji", "id": "563b061dcd1034384ac2b73e", "beenHere": {"lastCheckinExpiredAt": 0, "count": 0, "marked": false}, "stats": {"checkinsCount": 82, "usersCount": 50, "tipCount": 1}, "allowMenuUrlEdit": true, "categories": [{"pluralName": "Cafeterias", "id": "4bf58dd8d48988d128941735", "primary": true, "icon": {"prefix": "https://ss3.4sqi.net/img/categories_v2/education/cafeteria_", "suffix": ".png"}, "name": "Cafeteria", "shortName": "Cafeteria"}], "location": {"formattedAddress": ["NUH Hospital Dr", "Singapore"], "lat": 1.2945270999879053, "lng": 103.78432585063328, "country": "Singapore", "distance": 678, "city": "Singapore", "cc": "SG", "address": "NUH Hospital Dr", "labeledLatLngs": [{"lng": 103.78432585063328, "label": "display", "lat": 1.2945270999879053}]}, "venueRatingBlacklisted": true, "verified": false, "hereNow": {"groups": [], "summary": "Nobody here", "count": 0}}, "referralId": "e-3-563b061dcd1034384ac2b73e-86", "tips": [{"id": "5656f24b498ea18143960fdf", "text": "If you are looking for a value for money and a quick meal. QiJi is recommended.", "disagreeCount": 0, "createdAt": 1448538699, "logView": true, "todo": {"count": 0}, "agreeCount": 0, "canonicalUrl": "https://foursquare.com/item/5656f24b498ea18143960fdf", "type": "user", "user": {"gender": "female", "id": "61564031", "photo": {"prefix": "https://igx.4sqi.net/img/user/", "suffix": "/61564031-ENFXK51C44KKVSXI.jpg"}, "firstName": "Lina", "lastName": "Yippy"}}]}, {"reasons": {"items": [{"reasonName": "globalInteractionReason", "summary": "This spot is popular", "type": "general"}], "count": 0}, "venue": {"hereNow": {"groups": [], "summary": "Nobody here", "count": 0}, "contact": {}, "photos": {"groups": [], "count": 0}, "name": "Supreme Cuisine", "allowMenuUrlEdit": true, "beenHere": {"lastCheckinExpiredAt": 0, "count": 0, "marked": false}, "stats": {"checkinsCount": 50, "usersCount": 32, "tipCount": 1}, "id": "4e8e74e030f8fd4d523bc421", "categories": [{"pluralName": "Asian Restaurants", "id": "4bf58dd8d48988d142941735", "primary": true, "icon": {"prefix": "https://ss3.4sqi.net/img/categories_v2/food/asian_", "suffix": ".png"}, "name": "Asian Restaurant", "shortName": "Asian"}], "location": {"formattedAddress": ["30 Biopolis St.", "138671", "Singapore"], "postalCode": "138671", "lat": 1.3035866693726144, "lng": 103.7922485668773, "country": "Singapore", "distance": 682, "city": "Singapore", "cc": "SG", "address": "30 Biopolis St.", "labeledLatLngs": [{"lng": 103.7922485668773, "label": "display", "lat": 1.3035866693726144}]}, "verified": false, "price": {"tier": 2, "currency": "$", "message": "Moderate"}}, "referralId": "e-3-4e8e74e030f8fd4d523bc421-87", "tips": [{"id": "4e951bdabe7b0b0593f6695d", "text": "Sells Asian, Western & Japanese cuisine at affordable prices.", "disagreeCount": 0, "createdAt": 1318394842, "logView": true, "todo": {"count": 0}, "agreeCount": 0, "canonicalUrl": "https://foursquare.com/item/4e951bdabe7b0b0593f6695d", "type": "user", "user": {"gender": "male", "id": "1614041", "photo": {"prefix": "https://igx.4sqi.net/img/user/", "suffix": "/BHPAXF234GWOVFLT.png"}, "firstName": "Victor", "lastName": "Chen"}}]}, {"reasons": {"items": [{"reasonName": "globalInteractionReason", "summary": "This spot is popular", "type": "general"}], "count": 0}, "venue": {"hereNow": {"groups": [], "summary": "Nobody here", "count": 0}, "contact": {"phone": "+6563340111", "formattedPhone": "+65 6334 0111"}, "photos": {"groups": [], "count": 0}, "name": "Wrap & Roll", "allowMenuUrlEdit": true, "beenHere": {"lastCheckinExpiredAt": 0, "count": 0, "marked": false}, "stats": {"checkinsCount": 161, "usersCount": 96, "tipCount": 4}, "id": "537ec894498efd6e06f81f6b", "categories": [{"pluralName": "Vietnamese Restaurants", "id": "4bf58dd8d48988d14a941735", "primary": true, "icon": {"prefix": "https://ss3.4sqi.net/img/categories_v2/food/vietnamese_", "suffix": ".png"}, "name": "Vietnamese Restaurant", "shortName": "Vietnamese"}], "location": {"lng": 103.78420135452443, "formattedAddress": ["#01-11, One @ Kent Ridge (NUH Medical Centre) (1 Lower Kent Ridge Road)", "Singapore"], "lat": 1.2945286678073586, "crossStreet": "1 Lower Kent Ridge Road", "country": "Singapore", "distance": 685, "city": "Singapore", "cc": "SG", "address": "#01-11, One @ Kent Ridge (NUH Medical Centre)", "labeledLatLngs": [{"lng": 103.78420135452443, "label": "display", "lat": 1.2945286678073586}]}, "verified": false, "price": {"tier": 2, "currency": "$", "message": "Moderate"}}, "referralId": "e-3-537ec894498efd6e06f81f6b-88", "tips": [{"id": "58143b2538faeb0263978673", "text": "Usually an advocate ofWrap and roll but this location has a reduced menu. Also wonder whether Singapore franchise has lost its way with the menu morphing chinese, as much as Vietnamese...", "disagreeCount": 0, "createdAt": 1477720869, "logView": true, "todo": {"count": 0}, "agreeCount": 0, "canonicalUrl": "https://foursquare.com/item/58143b2538faeb0263978673", "type": "user", "user": {"gender": "male", "id": "79114258", "photo": {"prefix": "https://igx.4sqi.net/img/user/", "suffix": "/79114258-3RKFRQUMPIEZHYOQ.jpg"}, "firstName": "Ben", "lastName": "Mayson"}}]}, {"reasons": {"items": [{"reasonName": "globalInteractionReason", "summary": "This spot is popular", "type": "general"}], "count": 0}, "venue": {"hereNow": {"groups": [], "summary": "Nobody here", "count": 0}, "contact": {"phone": "+6567388887", "formattedPhone": "+65 6738 8887"}, "photos": {"groups": [], "count": 0}, "name": "Bigmama", "allowMenuUrlEdit": true, "beenHere": {"lastCheckinExpiredAt": 0, "count": 0, "marked": false}, "stats": {"checkinsCount": 83, "usersCount": 44, "tipCount": 0}, "id": "538811c5498e7b711dcb98d7", "categories": [{"pluralName": "Korean Restaurants", "id": "4bf58dd8d48988d113941735", "primary": true, "icon": {"prefix": "https://ss3.4sqi.net/img/categories_v2/food/korean_", "suffix": ".png"}, "name": "Korean Restaurant", "shortName": "Korean"}], "location": {"formattedAddress": ["Biopolis", "Singapore"], "lat": 1.303763, "lng": 103.792237, "distance": 693, "country": "Singapore", "cc": "SG", "address": "Biopolis", "labeledLatLngs": [{"lng": 103.792237, "label": "display", "lat": 1.303763}]}, "verified": false, "price": {"tier": 2, "currency": "$", "message": "Moderate"}}, "referralId": "e-3-538811c5498e7b711dcb98d7-89"}, {"reasons": {"items": [{"reasonName": "globalInteractionReason", "summary": "This spot is popular", "type": "general"}], "count": 0}, "venue": {"hereNow": {"groups": [], "summary": "Nobody here", "count": 0}, "contact": {}, "photos": {"groups": [], "count": 0}, "rating": 5.6, "name": "Peach Garden", "ratingSignals": 12, "allowMenuUrlEdit": true, "categories": [{"pluralName": "Chinese Restaurants", "id": "4bf58dd8d48988d145941735", "primary": true, "icon": {"prefix": "https://ss3.4sqi.net/img/categories_v2/food/asian_", "suffix": ".png"}, "name": "Chinese Restaurant", "shortName": "Chinese"}], "stats": {"checkinsCount": 183, "usersCount": 140, "tipCount": 8}, "id": "52bfabd511d29120c6ef881a", "beenHere": {"lastCheckinExpiredAt": 0, "count": 0, "marked": false}, "ratingColor": "FF9600", "location": {"lng": 103.79099221937408, "formattedAddress": ["#02-02, The Metropolis (9 North Buona Vista Dr.)", "138588", "Singapore"], "postalCode": "138588", "lat": 1.3059926346927517, "crossStreet": "9 North Buona Vista Dr.", "country": "Singapore", "distance": 797, "city": "Singapore", "cc": "SG", "address": "#02-02, The Metropolis", "labeledLatLngs": [{"lng": 103.79099221937408, "label": "display", "lat": 1.3059926346927517}]}, "verified": false, "price": {"tier": 1, "currency": "$", "message": "Cheap"}}, "referralId": "e-3-52bfabd511d29120c6ef881a-90", "tips": [{"id": "53088c59498e95ae1c9c349b", "text": "This branch is quite small. But I like the cosiness....", "disagreeCount": 0, "logView": true, "createdAt": 1393069145, "likes": {"groups": [], "summary": "1 like", "count": 1}, "todo": {"count": 0}, "agreeCount": 1, "canonicalUrl": "https://foursquare.com/item/53088c59498e95ae1c9c349b", "type": "user", "user": {"id": "1906988", "photo": {"prefix": "https://igx.4sqi.net/img/user/", "suffix": "/1906988-VV2FRMDRSX4HH3CZ.jpg"}, "firstName": "carrot", "gender": "female"}}]}, {"reasons": {"items": [{"reasonName": "globalInteractionReason", "summary": "This spot is popular", "type": "general"}], "count": 0}, "venue": {"hereNow": {"groups": [], "summary": "Nobody here", "count": 0}, "contact": {"phone": "+6567388887", "formattedPhone": "+65 6738 8887"}, "photos": {"groups": [], "count": 0}, "name": "Spice Peranakan", "allowMenuUrlEdit": true, "beenHere": {"lastCheckinExpiredAt": 0, "count": 0, "marked": false}, "stats": {"checkinsCount": 161, "usersCount": 130, "tipCount": 7}, "id": "4b507332f964a520a32327e3", "categories": [{"pluralName": "Asian Restaurants", "id": "4bf58dd8d48988d142941735", "primary": true, "icon": {"prefix": "https://ss3.4sqi.net/img/categories_v2/food/asian_", "suffix": ".png"}, "name": "Asian Restaurant", "shortName": "Asian"}], "location": {"lng": 103.792258, "formattedAddress": ["#01-01 Centros Building (20 Biopolis Way)", "138668", "Singapore"], "postalCode": "138668", "lat": 1.303809, "crossStreet": "20 Biopolis Way", "country": "Singapore", "distance": 698, "city": "Singapore", "cc": "SG", "address": "#01-01 Centros Building", "labeledLatLngs": [{"lng": 103.792258, "label": "display", "lat": 1.303809}]}, "verified": false, "price": {"tier": 2, "currency": "$", "message": "Moderate"}}, "referralId": "e-3-4b507332f964a520a32327e3-91", "tips": [{"id": "4c3a2a6da52cb7132bc75f26", "text": "The Babi Ponteh here is good!", "disagreeCount": 0, "logView": true, "createdAt": 1278880365, "likes": {"groups": [], "summary": "1 like", "count": 1}, "todo": {"count": 0}, "agreeCount": 0, "canonicalUrl": "https://foursquare.com/item/4c3a2a6da52cb7132bc75f26", "type": "user", "user": {"gender": "male", "id": "1614041", "photo": {"prefix": "https://igx.4sqi.net/img/user/", "suffix": "/BHPAXF234GWOVFLT.png"}, "firstName": "Victor", "lastName": "Chen"}}]}, {"reasons": {"items": [{"reasonName": "globalInteractionReason", "summary": "This spot is popular", "type": "general"}], "count": 0}, "venue": {"hereNow": {"groups": [], "summary": "Nobody here", "count": 0}, "contact": {"phone": "+6567740300", "formattedPhone": "+65 6774 0300"}, "photos": {"groups": [], "count": 0}, "name": "Khansama Tandoori Restaurant", "allowMenuUrlEdit": true, "beenHere": {"lastCheckinExpiredAt": 0, "count": 0, "marked": false}, "stats": {"checkinsCount": 312, "usersCount": 149, "tipCount": 2}, "id": "4bd3d18b046076b032087771", "categories": [{"pluralName": "Indian Restaurants", "id": "4bf58dd8d48988d10f941735", "primary": true, "icon": {"prefix": "https://ss3.4sqi.net/img/categories_v2/food/indian_", "suffix": ".png"}, "name": "Indian Restaurant", "shortName": "Indian"}], "url": "http://www.khansama.net", "location": {"lng": 103.79343135517986, "formattedAddress": ["#01-20/21/22 Biopolis (8A Biomedical Grove)", "138665", "Singapore"], "postalCode": "138665", "lat": 1.3019661985865616, "crossStreet": "8A Biomedical Grove", "country": "Singapore", "distance": 708, "city": "Singapore", "cc": "SG", "address": "#01-20/21/22 Biopolis", "labeledLatLngs": [{"lng": 103.79343135517986, "label": "display", "lat": 1.3019661985865616}]}, "hours": {"isLocalHoliday": false, "isOpen": true, "status": "Likely open"}, "verified": false, "price": {"tier": 2, "currency": "$", "message": "Moderate"}}, "referralId": "e-3-4bd3d18b046076b032087771-92", "tips": [{"id": "4ceb8b1cbaa6a1cd44e13e6c", "text": "Delicious buffet! Love the mutton curry and naan (:", "disagreeCount": 0, "logView": true, "createdAt": 1290504988, "likes": {"groups": [], "summary": "1 like", "count": 1}, "todo": {"count": 0}, "agreeCount": 0, "canonicalUrl": "https://foursquare.com/item/4ceb8b1cbaa6a1cd44e13e6c", "type": "user", "user": {"id": "3313520", "photo": {"prefix": "https://igx.4sqi.net/img/user/", "suffix": "/A1WFIBVRL3FTW0NI.jpg"}, "firstName": "Rabia", "gender": "female"}}]}, {"reasons": {"items": [{"reasonName": "globalInteractionReason", "summary": "This spot is popular", "type": "general"}], "count": 0}, "venue": {"hereNow": {"groups": [], "summary": "Nobody here", "count": 0}, "contact": {}, "photos": {"groups": [], "count": 0}, "name": "Four Leaves", "allowMenuUrlEdit": true, "beenHere": {"lastCheckinExpiredAt": 0, "count": 0, "marked": false}, "stats": {"checkinsCount": 165, "usersCount": 71, "tipCount": 1}, "id": "5066ef13e4b0cdb22fb8c77c", "categories": [{"pluralName": "Bakeries", "id": "4bf58dd8d48988d16a941735", "primary": true, "icon": {"prefix": "https://ss3.4sqi.net/img/categories_v2/food/bakery_", "suffix": ".png"}, "name": "Bakery", "shortName": "Bakery"}], "location": {"lng": 103.78904546979432, "formattedAddress": ["#B1-33 The Star Vista (1 Vista Exchange Green)", "138617", "Singapore"], "postalCode": "138617", "lat": 1.3059816704013638, "crossStreet": "1 Vista Exchange Green", "country": "Singapore", "distance": 714, "city": "Singapore", "cc": "SG", "address": "#B1-33 The Star Vista", "labeledLatLngs": [{"lng": 103.78904546979432, "label": "display", "lat": 1.3059816704013638}]}, "verified": false, "price": {"tier": 1, "currency": "$", "message": "Cheap"}}, "referralId": "e-3-5066ef13e4b0cdb22fb8c77c-93", "tips": [{"logView": true, "photo": {"id": "56253e55498e4263a7fdde8e", "visibility": "public", "source": {"name": "Foursquare Web", "url": "https://foursquare.com"}, "suffix": "/6306884_GkURuyBWib4j-MuWfYGc-38iTO3IlAW9eOxkm8awyN8.jpg", "createdAt": 1445281365, "prefix": "https://igx.4sqi.net/img/general/", "width": 1080, "height": 1080}, "createdAt": 1445281262, "agreeCount": 0, "id": "56253dee498e13fb118b1a93", "text": "Trying out Chocolate Roll Danish Pastry. The fillings is a thick chocolate sponge cake instead of the usual melted chocolate. How weird, my tastebud is confused whether its eating a pastry or cake O.o", "type": "user", "disagreeCount": 0, "user": {"gender": "female", "id": "6306884", "photo": {"prefix": "https://igx.4sqi.net/img/user/", "suffix": "/6306884-L21LWV3MMZFIVU5F"}, "firstName": "Jess", "lastName": "Thia"}, "canonicalUrl": "https://foursquare.com/item/56253dee498e13fb118b1a93", "todo": {"count": 0}, "photourl": "https://igx.4sqi.net/img/general/original/6306884_GkURuyBWib4j-MuWfYGc-38iTO3IlAW9eOxkm8awyN8.jpg"}]}, {"reasons": {"items": [{"reasonName": "globalInteractionReason", "summary": "This spot is popular", "type": "general"}], "count": 0}, "venue": {"hereNow": {"groups": [], "summary": "Nobody here", "count": 0}, "contact": {}, "photos": {"groups": [], "count": 0}, "name": "Munch SaladSmith", "allowMenuUrlEdit": true, "beenHere": {"lastCheckinExpiredAt": 0, "count": 0, "marked": false}, "stats": {"checkinsCount": 33, "usersCount": 29, "tipCount": 0}, "id": "5372fa8c498e5eaf0597270f", "categories": [{"pluralName": "Salad Places", "id": "4bf58dd8d48988d1bd941735", "primary": true, "icon": {"prefix": "https://ss3.4sqi.net/img/categories_v2/food/salad_", "suffix": ".png"}, "name": "Salad Place", "shortName": "Salad"}], "location": {"lng": 103.78909640183794, "formattedAddress": ["#01-48, The Star Vista (Vista Exchange Green)", "138617", "Singapore"], "postalCode": "138617", "lat": 1.3059874142301175, "crossStreet": "Vista Exchange Green", "country": "Singapore", "distance": 716, "city": "Singapore", "cc": "SG", "address": "#01-48, The Star Vista", "labeledLatLngs": [{"lng": 103.78909640183794, "label": "display", "lat": 1.3059874142301175}]}, "verified": false, "price": {"tier": 1, "currency": "$", "message": "Cheap"}}, "referralId": "e-3-5372fa8c498e5eaf0597270f-94"}, {"reasons": {"items": [{"reasonName": "globalInteractionReason", "summary": "This spot is popular", "type": "general"}], "count": 0}, "venue": {"hereNow": {"groups": [], "summary": "Nobody here", "count": 0}, "contact": {}, "photos": {"groups": [], "count": 0}, "name": "Good News Cafe", "allowMenuUrlEdit": true, "beenHere": {"lastCheckinExpiredAt": 0, "count": 0, "marked": false}, "stats": {"checkinsCount": 95, "usersCount": 33, "tipCount": 0}, "id": "50adebc3e4b0af52192b2ce5", "categories": [{"pluralName": "Caf\u00e9s", "id": "4bf58dd8d48988d16d941735", "primary": true, "icon": {"prefix": "https://ss3.4sqi.net/img/categories_v2/food/cafe_", "suffix": ".png"}, "name": "Caf\u00e9", "shortName": "Caf\u00e9"}], "location": {"lng": 103.79048855181584, "formattedAddress": ["Ministry of Education (1 North Buona Vista Dr.)", "Singapore"], "lat": 1.3054789693147246, "crossStreet": "1 North Buona Vista Dr.", "country": "Singapore", "distance": 720, "city": "Singapore", "cc": "SG", "address": "Ministry of Education", "labeledLatLngs": [{"lng": 103.79048855181584, "label": "display", "lat": 1.3054789693147246}]}, "verified": false, "price": {"tier": 1, "currency": "$", "message": "Cheap"}}, "referralId": "e-3-50adebc3e4b0af52192b2ce5-95"}, {"reasons": {"items": [{"reasonName": "globalInteractionReason", "summary": "This spot is popular", "type": "general"}], "count": 0}, "venue": {"id": "574d0e57498ed6a75263aaa0", "hereNow": {"groups": [], "summary": "Nobody here", "count": 0}, "contact": {}, "beenHere": {"lastCheckinExpiredAt": 0, "count": 0, "marked": false}, "photos": {"groups": [], "count": 0}, "name": "Third Place", "location": {"lng": 103.79266169271307, "formattedAddress": ["Mediacorp Campus. #04-01. (1 Stars Avenue)", "138507", "Singapore"], "postalCode": "138507", "lat": 1.295788792442763, "crossStreet": "1 Stars Avenue", "country": "Singapore", "distance": 728, "city": "Singapore", "cc": "SG", "address": "Mediacorp Campus. #04-01.", "labeledLatLngs": [{"lng": 103.79266169271307, "label": "display", "lat": 1.295788792442763}]}, "allowMenuUrlEdit": true, "verified": false, "categories": [{"pluralName": "Food Courts", "id": "4bf58dd8d48988d120951735", "primary": true, "icon": {"prefix": "https://ss3.4sqi.net/img/categories_v2/shops/food_foodcourt_", "suffix": ".png"}, "name": "Food Court", "shortName": "Food Court"}], "stats": {"checkinsCount": 172, "usersCount": 41, "tipCount": 5}}, "referralId": "e-3-574d0e57498ed6a75263aaa0-96", "tips": [{"logView": true, "photo": {"id": "581b8dc7d5b44f05f6d8b03d", "visibility": "public", "source": {"name": "Foursquare Web", "url": "https://foursquare.com"}, "suffix": "/6306884_OLq_cRhY25kFn32pPY2_8Mh9aczg9_4Xf8o0WMxsLQI.jpg", "createdAt": 1478200775, "prefix": "https://igx.4sqi.net/img/general/", "width": 900, "height": 675}, "createdAt": 1478200773, "agreeCount": 0, "id": "581b8dc538fa301a9c30736a", "text": "Aircon food court with a view at MediaCorp Campus at one-north near my home (^_^)", "type": "user", "disagreeCount": 0, "user": {"gender": "female", "id": "6306884", "photo": {"prefix": "https://igx.4sqi.net/img/user/", "suffix": "/6306884-L21LWV3MMZFIVU5F"}, "firstName": "Jess", "lastName": "Thia"}, "canonicalUrl": "https://foursquare.com/item/581b8dc538fa301a9c30736a", "todo": {"count": 0}, "photourl": "https://igx.4sqi.net/img/general/original/6306884_OLq_cRhY25kFn32pPY2_8Mh9aczg9_4Xf8o0WMxsLQI.jpg"}]}, {"reasons": {"items": [{"reasonName": "globalInteractionReason", "summary": "This spot is popular", "type": "general"}], "count": 0}, "venue": {"hereNow": {"groups": [], "summary": "Nobody here", "count": 0}, "contact": {}, "photos": {"groups": [], "count": 0}, "name": "Delifrance NUH", "allowMenuUrlEdit": true, "beenHere": {"lastCheckinExpiredAt": 0, "count": 0, "marked": false}, "stats": {"checkinsCount": 50, "usersCount": 38, "tipCount": 0}, "id": "4d2677e877a2a1cd9d0e50b7", "categories": [{"pluralName": "Caf\u00e9s", "id": "4bf58dd8d48988d16d941735", "primary": true, "icon": {"prefix": "https://ss3.4sqi.net/img/categories_v2/food/cafe_", "suffix": ".png"}, "name": "Caf\u00e9", "shortName": "Caf\u00e9"}], "location": {"formattedAddress": ["Singapore"], "lat": 1.2953371994097367, "lng": 103.78258857442536, "country": "Singapore", "distance": 732, "city": "Singapore", "cc": "SG", "labeledLatLngs": [{"lng": 103.78258857442536, "label": "display", "lat": 1.2953371994097367}]}, "verified": false, "price": {"tier": 1, "currency": "$", "message": "Cheap"}}, "referralId": "e-3-4d2677e877a2a1cd9d0e50b7-97"}, {"reasons": {"items": [{"reasonName": "globalInteractionReason", "summary": "This spot is popular", "type": "general"}], "count": 0}, "venue": {"hereNow": {"groups": [], "summary": "Nobody here", "count": 0}, "contact": {}, "photos": {"groups": [], "count": 0}, "name": "Cookie Caffe by Bakin' Boys", "allowMenuUrlEdit": true, "beenHere": {"lastCheckinExpiredAt": 0, "count": 0, "marked": false}, "stats": {"checkinsCount": 517, "usersCount": 124, "tipCount": 2}, "id": "4b99c4f6f964a520f89035e3", "categories": [{"pluralName": "Caf\u00e9s", "id": "4bf58dd8d48988d16d941735", "primary": true, "icon": {"prefix": "https://ss3.4sqi.net/img/categories_v2/food/cafe_", "suffix": ".png"}, "name": "Caf\u00e9", "shortName": "Caf\u00e9"}], "location": {"lng": 103.79204750061035, "formattedAddress": ["#01-08, Helios (11 Biopolis Way)", "138667\u200e", "Singapore"], "postalCode": "138667\u200e", "lat": 1.3045780999371814, "crossStreet": "11 Biopolis Way", "country": "Singapore", "distance": 740, "city": "Singapore", "cc": "SG", "address": "#01-08, Helios", "labeledLatLngs": [{"lng": 103.79204750061035, "label": "display", "lat": 1.3045780999371814}]}, "hours": {"isLocalHoliday": false, "isOpen": false}, "verified": false, "price": {"tier": 1, "currency": "$", "message": "Cheap"}}, "referralId": "e-3-4b99c4f6f964a520f89035e3-98", "tips": [{"id": "50b4781be4b04ff3d764e343", "text": "Mocha's great.", "disagreeCount": 0, "logView": true, "createdAt": 1354004507, "likes": {"groups": [], "summary": "1 like", "count": 1}, "todo": {"count": 0}, "agreeCount": 1, "canonicalUrl": "https://foursquare.com/item/50b4781be4b04ff3d764e343", "type": "user", "user": {"gender": "male", "id": "3717873", "photo": {"prefix": "https://igx.4sqi.net/img/user/", "suffix": "/H3OTWWGMZUVUZ1SB.jpg"}, "firstName": "Luka", "lastName": "\u010c"}}]}, {"reasons": {"items": [{"reasonName": "globalInteractionReason", "summary": "This spot is popular", "type": "general"}], "count": 0}, "venue": {"hereNow": {"groups": [], "summary": "Nobody here", "count": 0}, "contact": {}, "photos": {"groups": [], "count": 0}, "name": "Heritage View Bbq Pit D", "allowMenuUrlEdit": true, "beenHere": {"lastCheckinExpiredAt": 0, "count": 0, "marked": false}, "stats": {"checkinsCount": 292, "usersCount": 20, "tipCount": 0}, "id": "4dc2a06945ddd5b5b6b053e1", "categories": [{"pluralName": "BBQ Joints", "id": "4bf58dd8d48988d1df931735", "primary": true, "icon": {"prefix": "https://ss3.4sqi.net/img/categories_v2/food/bbqalt_", "suffix": ".png"}, "name": "BBQ Joint", "shortName": "BBQ"}], "location": {"formattedAddress": ["Heritage View Condominium", "Singapore"], "lat": 1.3047728790446353, "lng": 103.7829733763437, "country": "Singapore", "distance": 748, "city": "Singapore", "cc": "SG", "address": "Heritage View Condominium", "labeledLatLngs": [{"lng": 103.7829733763437, "label": "display", "lat": 1.3047728790446353}]}, "verified": false, "price": {"tier": 2, "currency": "$", "message": "Moderate"}}, "referralId": "e-3-4dc2a06945ddd5b5b6b053e1-99"}], "name": "recommended", "type": "Recommended Places"}], "query": "food", "headerLocation": "Central Region"}}