{"meta": {"code": 200, "requestId": "595a3afe6a6071143c802b55"}, "response": {"suggestedFilters": {"filters": [{"name": "Open now", "key": "openNow"}], "header": "Tap to show:"}, "totalResults": 83, "headerFullLocation": "Central Region, Singapore", "headerLocationGranularity": "neighborhood", "suggestedBounds": {"ne": {"lng": 103.79181982242066, "lat": 1.3006626403445072}, "sw": {"lng": 103.77744303116533, "lat": 1.286262625944493}}, "groups": [{"items": [{"reasons": {"items": [{"reasonName": "globalInteractionReason", "summary": "This spot is popular", "type": "general"}], "count": 0}, "venue": {"contact": {"facebook": "420608754800233", "facebookUsername": "timbreplus", "twitter": "timbremusic", "facebookName": "Timbre+"}, "photos": {"groups": [], "count": 0}, "rating": 8.0, "menu": {"mobileUrl": "http://timbreplus.sg/culinary-talents", "externalUrl": "http://timbreplus.sg/culinary-talents", "url": "http://timbreplus.sg/culinary-talents", "anchor": "View Menu", "label": "Menu", "type": "Menu"}, "name": "timbre+", "ratingSignals": 173, "allowMenuUrlEdit": true, "categories": [{"pluralName": "Food Courts", "id": "4bf58dd8d48988d120951735", "primary": true, "icon": {"prefix": "https://ss3.4sqi.net/img/categories_v2/shops/food_foodcourt_", "suffix": ".png"}, "name": "Food Court", "shortName": "Food Court"}], "stats": {"checkinsCount": 3570, "usersCount": 1692, "tipCount": 73}, "id": "56f74483498ea901324f7bca", "beenHere": {"lastCheckinExpiredAt": 0, "count": 0, "marked": false}, "url": "http://www.timbreplus.sg", "ratingColor": "73CF42", "location": {"lng": 103.787629, "formattedAddress": ["JTC LaunchPad @ one-North (73A Ayer Rajah Crescent)", "139957", "Singapore"], "postalCode": "139957", "lat": 1.297759, "crossStreet": "73A Ayer Rajah Crescent", "country": "Singapore", "distance": 583, "city": "Singapore", "cc": "SG", "address": "JTC LaunchPad @ one-North", "labeledLatLngs": [{"lng": 103.787629, "label": "display", "lat": 1.297759}]}, "hours": {"isLocalHoliday": false, "isOpen": true, "status": "Open until Midnight"}, "verified": false, "hereNow": {"groups": [{"items": [], "name": "Other people here", "count": 1, "type": "others"}], "summary": "One other person is here", "count": 1}}, "referralId": "e-3-56f74483498ea901324f7bca-0", "tips": [{"logView": true, "createdAt": 1460440741, "todo": {"count": 0}, "agreeCount": 6, "likes": {"groups": [], "summary": "3 likes", "count": 3}, "lastVoteText": "Upvoted 2 weeks ago", "id": "570c8ea5498e5384f698f0be", "text": "Add $1 to the prices you see on the price boards when you're paying at the cashier. The extra $1 will be refunded to you when you return your tray at the automated Tray Return Station.", "disagreeCount": 0, "lastUpvoteTimestamp": 1497491678, "user": {"id": "2416267", "photo": {"prefix": "https://igx.4sqi.net/img/user/", "suffix": "/2416267_KucjsQEM_ScdU_2QSQAUHuzKmBVwkJjI1N_g1HGztwHiU1HR99IuZBaOJaUm2PG-HS1b9ZtFJ.jpg"}, "firstName": "Songhua", "gender": "male"}, "canonicalUrl": "https://foursquare.com/item/570c8ea5498e5384f698f0be", "type": "user"}]}, {"reasons": {"items": [{"reasonName": "globalInteractionReason", "summary": "This spot is popular", "type": "general"}], "count": 0}, "venue": {"hereNow": {"groups": [], "summary": "Nobody here", "count": 0}, "contact": {}, "photos": {"groups": [], "count": 0}, "rating": 7.0, "name": "Mr. Bean", "ratingSignals": 23, "allowMenuUrlEdit": true, "categories": [{"pluralName": "Snack Places", "id": "4bf58dd8d48988d1c7941735", "primary": true, "icon": {"prefix": "https://ss3.4sqi.net/img/categories_v2/food/snacks_", "suffix": ".png"}, "name": "Snack Place", "shortName": "Snacks"}], "stats": {"checkinsCount": 1208, "usersCount": 390, "tipCount": 13}, "id": "4cdbbfd2fc97370492eed005", "beenHere": {"lastCheckinExpiredAt": 0, "count": 0, "marked": false}, "url": "http://www.mrbean.com.sg", "ratingColor": "C5DE35", "location": {"lng": 103.78422399017201, "formattedAddress": ["#01-12 Main Building, NUH (5 Lower Kent Ridge Rd)", "119074", "Singapore"], "postalCode": "119074", "lat": 1.2945688099752553, "crossStreet": "5 Lower Kent Ridge Rd", "country": "Singapore", "distance": 131, "city": "Singapore", "cc": "SG", "address": "#01-12 Main Building, NUH", "labeledLatLngs": [{"lng": 103.78422399017201, "label": "display", "lat": 1.2945688099752553}]}, "hours": {"isLocalHoliday": false, "isOpen": false}, "verified": false, "price": {"tier": 1, "currency": "$", "message": "Cheap"}}, "referralId": "e-3-4cdbbfd2fc97370492eed005-1", "tips": [{"id": "4e9411e92c5b36f32249a1c1", "text": "try the ice cream", "disagreeCount": 0, "logView": true, "createdAt": 1318326761, "likes": {"groups": [], "summary": "6 likes", "count": 6}, "todo": {"count": 0}, "agreeCount": 1, "canonicalUrl": "https://foursquare.com/item/4e9411e92c5b36f32249a1c1", "type": "user", "user": {"gender": "male", "id": "297771", "photo": {"prefix": "https://igx.4sqi.net/img/user/", "suffix": "/297771-B42SX4FL3UIEE5ZV.jpg"}, "firstName": "bear", "lastName": "bear"}}]}, {"reasons": {"items": [{"reasonName": "globalInteractionReason", "summary": "This spot is popular", "type": "general"}], "count": 0}, "venue": {"hereNow": {"groups": [], "summary": "Nobody here", "count": 0}, "contact": {}, "photos": {"groups": [], "count": 0}, "rating": 7.7, "name": "Iskina Cebu", "ratingSignals": 20, "allowMenuUrlEdit": true, "categories": [{"pluralName": "Filipino Restaurants", "id": "4eb1bd1c3b7b55596b4a748f", "primary": true, "icon": {"prefix": "https://ss3.4sqi.net/img/categories_v2/food/filipino_", "suffix": ".png"}, "name": "Filipino Restaurant", "shortName": "Filipino"}], "stats": {"checkinsCount": 171, "usersCount": 92, "tipCount": 11}, "id": "56f74dbe498e8164e5f83160", "beenHere": {"lastCheckinExpiredAt": 0, "count": 0, "marked": false}, "url": "http://timbreplus.sg/community/iskina-cebu-singapore/", "ratingColor": "C5DE35", "location": {"lng": 103.7875401536413, "formattedAddress": ["#01-27, timbre+ (@ JTC LaunchPad @ one-North) (73A Ayer Rajah Crescent)", "139957", "Singapore"], "postalCode": "139957", "lat": 1.2975856286431147, "crossStreet": "73A Ayer Rajah Crescent", "country": "Singapore", "distance": 561, "city": "Singapore", "cc": "SG", "address": "#01-27, timbre+ (@ JTC LaunchPad @ one-North)", "labeledLatLngs": [{"lng": 103.7875401536413, "label": "display", "lat": 1.2975856286431147}]}, "verified": false, "price": {"tier": 2, "currency": "$", "message": "Moderate"}}, "referralId": "e-3-56f74dbe498e8164e5f83160-2", "tips": [{"logView": true, "photo": {"id": "58666ecae386e329a40b6ef6", "visibility": "public", "source": {"name": "Foursquare for iOS", "url": "https://foursquare.com/download/#/iphone"}, "suffix": "/39119594_3Yqe_1Q4RdTBwpMgvb-wDpuThz05Jy68L1EfF4ctTl8.jpg", "createdAt": 1483108042, "prefix": "https://igx.4sqi.net/img/general/", "width": 1440, "height": 1920}, "createdAt": 1483108038, "agreeCount": 0, "id": "58666ec698363134068c1394", "text": "The bomb ! Must eat with rice otherwise too salty", "type": "user", "disagreeCount": 0, "user": {"gender": "male", "id": "39119594", "photo": {"prefix": "https://igx.4sqi.net/img/user/", "suffix": "/39119594-0BBIRPXDRKAKN0UQ.jpg"}, "firstName": "Erik", "lastName": "Ie"}, "canonicalUrl": "https://foursquare.com/item/58666ec698363134068c1394", "todo": {"count": 0}, "photourl": "https://igx.4sqi.net/img/general/original/39119594_3Yqe_1Q4RdTBwpMgvb-wDpuThz05Jy68L1EfF4ctTl8.jpg"}]}, {"reasons": {"items": [{"reasonName": "globalInteractionReason", "summary": "This spot is popular", "type": "general"}], "count": 0}, "venue": {"hereNow": {"groups": [], "summary": "Nobody here", "count": 0}, "contact": {}, "photos": {"groups": [], "count": 0}, "rating": 8.3, "name": "The Daily Cut", "ratingSignals": 23, "allowMenuUrlEdit": true, "categories": [{"pluralName": "Salad Places", "id": "4bf58dd8d48988d1bd941735", "primary": true, "icon": {"prefix": "https://ss3.4sqi.net/img/categories_v2/food/salad_", "suffix": ".png"}, "name": "Salad Place", "shortName": "Salad"}], "stats": {"checkinsCount": 272, "usersCount": 91, "tipCount": 4}, "id": "555ac9c4498e2f2bca7931e5", "beenHere": {"lastCheckinExpiredAt": 0, "count": 0, "marked": false}, "ratingColor": "73CF42", "location": {"formattedAddress": ["1 Fusionopolis Place, #01-28/29", "138522", "Singapore"], "postalCode": "138522", "lat": 1.2997412781603779, "lng": 103.78803815110889, "country": "Singapore", "distance": 795, "city": "Singapore", "cc": "SG", "address": "1 Fusionopolis Place, #01-28/29", "labeledLatLngs": [{"lng": 103.78803815110889, "label": "display", "lat": 1.2997412781603779}]}, "hours": {"isLocalHoliday": false, "isOpen": false}, "verified": false, "price": {"tier": 1, "currency": "$", "message": "Cheap"}}, "referralId": "e-3-555ac9c4498e2f2bca7931e5-3", "tips": [{"id": "5877292e25911e7f08bbd1a9", "text": "You can pretty much make a \"non-salad\". I had rib eye (a bit salty but otherwise tasted good), asparagus, sous vide egg, mushrooms on pasta for $13! Great taste and good value", "disagreeCount": 0, "createdAt": 1484204334, "logView": true, "todo": {"count": 0}, "agreeCount": 0, "canonicalUrl": "https://foursquare.com/item/5877292e25911e7f08bbd1a9", "type": "user", "user": {"gender": "male", "id": "719902", "photo": {"prefix": "https://igx.4sqi.net/img/user/", "suffix": "/U5AMEH4SYIK1F2TC.png"}, "firstName": "Nicholas", "lastName": "Koh"}}]}, {"reasons": {"items": [{"reasonName": "globalInteractionReason", "summary": "This spot is popular", "type": "general"}], "count": 0}, "venue": {"hereNow": {"groups": [], "summary": "Nobody here", "count": 0}, "contact": {"facebook": "157141884345189", "facebookUsername": "hungrywichs", "facebookName": "Hungrywich's Singapore", "phone": "+6564679602", "formattedPhone": "+65 6467 9602"}, "photos": {"groups": [], "count": 0}, "rating": 7.4, "name": "Hungrywich's", "ratingSignals": 29, "allowMenuUrlEdit": true, "categories": [{"pluralName": "Sandwich Places", "id": "4bf58dd8d48988d1c5941735", "primary": true, "icon": {"prefix": "https://ss3.4sqi.net/img/categories_v2/food/deli_", "suffix": ".png"}, "name": "Sandwich Place", "shortName": "Sandwiches"}], "stats": {"checkinsCount": 639, "usersCount": 244, "tipCount": 12}, "id": "4d9a8dd8674ca1437e95be43", "beenHere": {"lastCheckinExpiredAt": 0, "count": 0, "marked": false}, "url": "http://www.hungrywichs.com.sg", "ratingColor": "C5DE35", "location": {"lng": 103.7878344246497, "formattedAddress": ["B1-03/04, Fusionopolis (1 Fusionopolis Way)", "138632", "Singapore"], "postalCode": "138632", "lat": 1.2991414931329488, "crossStreet": "1 Fusionopolis Way", "country": "Singapore", "distance": 725, "city": "Singapore", "cc": "SG", "address": "B1-03/04, Fusionopolis", "labeledLatLngs": [{"lng": 103.7878344246497, "label": "display", "lat": 1.2991414931329488}]}, "hours": {"isLocalHoliday": false, "isOpen": false, "status": "Closed until 8:00 AM tomorrow"}, "verified": false, "price": {"tier": 1, "currency": "$", "message": "Cheap"}}, "referralId": "e-3-4d9a8dd8674ca1437e95be43-4", "tips": [{"id": "4ef554827ee5ccd8e41913bd", "text": "I recommend the roast beef eggplant sandwich.", "disagreeCount": 0, "logView": true, "createdAt": 1324700802, "likes": {"groups": [], "summary": "3 likes", "count": 3}, "todo": {"count": 0}, "agreeCount": 4, "canonicalUrl": "https://foursquare.com/item/4ef554827ee5ccd8e41913bd", "type": "user", "user": {"gender": "male", "id": "333488", "photo": {"prefix": "https://igx.4sqi.net/img/user/", "suffix": "/APWOCFX3P25NITXQ.jpg"}, "firstName": "Kenneth", "lastName": "Pinto"}}]}, {"reasons": {"items": [{"reasonName": "globalInteractionReason", "summary": "This spot is popular", "type": "general"}], "count": 0}, "venue": {"hereNow": {"groups": [], "summary": "Nobody here", "count": 0}, "contact": {}, "photos": {"groups": [], "count": 0}, "rating": 7.3, "name": "One Man Coffee @ Kinesis", "ratingSignals": 20, "allowMenuUrlEdit": true, "categories": [{"pluralName": "Caf\u00e9s", "id": "4bf58dd8d48988d16d941735", "primary": true, "icon": {"prefix": "https://ss3.4sqi.net/img/categories_v2/food/cafe_", "suffix": ".png"}, "name": "Caf\u00e9", "shortName": "Caf\u00e9"}], "stats": {"checkinsCount": 225, "usersCount": 86, "tipCount": 8}, "id": "560176f5498ee182bedc6e8f", "beenHere": {"lastCheckinExpiredAt": 0, "count": 0, "marked": false}, "ratingColor": "C5DE35", "location": {"lng": 103.78875119614145, "formattedAddress": ["4 Fusionopolis Way, Kinesis #01-15 (Ayer Rajah Ave)", "138635", "Singapore"], "postalCode": "138635", "lat": 1.2985118466972199, "crossStreet": "Ayer Rajah Ave", "country": "Singapore", "distance": 725, "city": "Singapore", "cc": "SG", "address": "4 Fusionopolis Way, Kinesis #01-15", "labeledLatLngs": [{"lng": 103.78875119614145, "label": "display", "lat": 1.2985118466972199}]}, "verified": false, "price": {"tier": 1, "currency": "$", "message": "Cheap"}}, "referralId": "e-3-560176f5498ee182bedc6e8f-5", "tips": [{"logView": true, "photo": {"id": "5681bee8498efca51a15a273", "visibility": "public", "source": {"name": "Foursquare for iOS", "url": "https://foursquare.com/download/#/iphone"}, "suffix": "/50583694_cl9xNeWlLKadVd72wuTzWEe8O0U3-GbVyJ-y0yLh3q0.jpg", "createdAt": 1451343592, "prefix": "https://igx.4sqi.net/img/general/", "width": 1440, "height": 1440}, "createdAt": 1451343576, "todo": {"count": 0}, "agreeCount": 1, "likes": {"groups": [], "summary": "1 like", "count": 1}, "id": "5681bed8498e74c937e402f8", "text": "More for takeaways. Good cup of coffee.", "disagreeCount": 0, "user": {"gender": "male", "id": "50583694", "photo": {"prefix": "https://igx.4sqi.net/img/user/", "suffix": "/50583694-PX3UAEWV5MZXR35M.jpg"}, "firstName": "Nicholas", "lastName": "Chia Tze Yong"}, "canonicalUrl": "https://foursquare.com/item/5681bed8498e74c937e402f8", "type": "user", "photourl": "https://igx.4sqi.net/img/general/original/50583694_cl9xNeWlLKadVd72wuTzWEe8O0U3-GbVyJ-y0yLh3q0.jpg"}]}, {"reasons": {"items": [{"reasonName": "globalInteractionReason", "summary": "This spot is popular", "type": "general"}], "count": 0}, "venue": {"hereNow": {"groups": [], "summary": "Nobody here", "count": 0}, "contact": {}, "photos": {"groups": [], "count": 0}, "rating": 6.4, "name": "Subway", "ratingSignals": 3, "allowMenuUrlEdit": true, "categories": [{"pluralName": "Sandwich Places", "id": "4bf58dd8d48988d1c5941735", "primary": true, "icon": {"prefix": "https://ss3.4sqi.net/img/categories_v2/food/deli_", "suffix": ".png"}, "name": "Sandwich Place", "shortName": "Sandwiches"}], "stats": {"checkinsCount": 86, "usersCount": 52, "tipCount": 1}, "id": "52d762c1498e948dbdbb9084", "beenHere": {"lastCheckinExpiredAt": 0, "count": 0, "marked": false}, "ratingColor": "FFC800", "location": {"formattedAddress": ["NUH Center, Kent Ridge", "Singapore"], "lat": 1.29435218906083, "lng": 103.78436546305569, "country": "Singapore", "distance": 103, "city": "Singapore", "cc": "SG", "address": "NUH Center, Kent Ridge", "labeledLatLngs": [{"lng": 103.78436546305569, "label": "display", "lat": 1.29435218906083}]}, "verified": false, "price": {"tier": 1, "currency": "$", "message": "Cheap"}}, "referralId": "e-3-52d762c1498e948dbdbb9084-6", "tips": [{"id": "547544a8498ecb5d3c0dc045", "text": "Service provided by the two subway artists are excellent (a Chinese female and a male). Smiley face in the morning and cheerful. Made my day every time I dine at this outlet in the morning!", "disagreeCount": 0, "createdAt": 1416971432, "logView": true, "todo": {"count": 0}, "agreeCount": 0, "canonicalUrl": "https://foursquare.com/item/547544a8498ecb5d3c0dc045", "type": "user", "user": {"gender": "female", "id": "61564031", "photo": {"prefix": "https://igx.4sqi.net/img/user/", "suffix": "/61564031-ENFXK51C44KKVSXI.jpg"}, "firstName": "Lina", "lastName": "Yippy"}}]}, {"reasons": {"items": [{"reasonName": "globalInteractionReason", "summary": "This spot is popular", "type": "general"}], "count": 0}, "venue": {"hereNow": {"groups": [], "summary": "Nobody here", "count": 0}, "contact": {"phone": "+6565560711", "formattedPhone": "+65 6556 0711"}, "photos": {"groups": [], "count": 0}, "rating": 7.0, "name": "Food Barn", "ratingSignals": 12, "allowMenuUrlEdit": true, "categories": [{"pluralName": "Diners", "id": "4bf58dd8d48988d147941735", "primary": true, "icon": {"prefix": "https://ss3.4sqi.net/img/categories_v2/food/diner_", "suffix": ".png"}, "name": "Diner", "shortName": "Diner"}], "stats": {"checkinsCount": 182, "usersCount": 106, "tipCount": 4}, "id": "5642c92c498eb9c6eaf9ab17", "beenHere": {"lastCheckinExpiredAt": 0, "count": 0, "marked": false}, "ratingColor": "C5DE35", "location": {"formattedAddress": ["1 Fusionopolis Place, #01-13", "138522", "Singapore"], "postalCode": "138522", "lat": 1.2990432427136889, "lng": 103.78809474184665, "country": "Singapore", "distance": 731, "city": "Singapore", "cc": "SG", "address": "1 Fusionopolis Place, #01-13", "labeledLatLngs": [{"lng": 103.78809474184665, "label": "display", "lat": 1.2990432427136889}]}, "verified": false, "price": {"tier": 1, "currency": "$", "message": "Cheap"}}, "referralId": "e-3-5642c92c498eb9c6eaf9ab17-7", "tips": [{"id": "58a19a5601f4331f90641ec9", "text": "Lunch time favourite. Burgers, wraps and cakes. Ask for the vegetarian options, there's only a couple. Chill but not really for hanging round as it's popular with the office workers.", "disagreeCount": 0, "createdAt": 1486985814, "logView": true, "todo": {"count": 0}, "agreeCount": 0, "canonicalUrl": "https://foursquare.com/item/58a19a5601f4331f90641ec9", "type": "user", "user": {"gender": "male", "id": "96466169", "photo": {"prefix": "https://igx.4sqi.net/img/user/", "suffix": "/96466169-J0KIKKKIBSUFC3O0.jpg"}, "firstName": "Kasper", "lastName": "Nurmi"}}]}, {"reasons": {"items": [{"reasonName": "globalInteractionReason", "summary": "This spot is popular", "type": "general"}], "count": 0}, "venue": {"hereNow": {"groups": [], "summary": "Nobody here", "count": 0}, "contact": {}, "photos": {"groups": [], "count": 0}, "rating": 6.3, "name": "Sunny Korean", "ratingSignals": 11, "allowMenuUrlEdit": true, "categories": [{"pluralName": "Korean Restaurants", "id": "4bf58dd8d48988d113941735", "primary": true, "icon": {"prefix": "https://ss3.4sqi.net/img/categories_v2/food/korean_", "suffix": ".png"}, "name": "Korean Restaurant", "shortName": "Korean"}], "stats": {"checkinsCount": 249, "usersCount": 105, "tipCount": 3}, "id": "53281e84498e4e312c042fb9", "beenHere": {"lastCheckinExpiredAt": 0, "count": 0, "marked": false}, "ratingColor": "FFC800", "location": {"lng": 103.78437678089281, "formattedAddress": ["5 Lower Kent Ridge Road #01-12 (National University Hospital)", "119074", "Singapore"], "postalCode": "119074", "lat": 1.294435289324179, "crossStreet": "National University Hospital", "state": "Singapore", "distance": 111, "country": "Singapore", "cc": "SG", "address": "5 Lower Kent Ridge Road #01-12", "labeledLatLngs": [{"lng": 103.78437678089281, "label": "display", "lat": 1.294435289324179}]}, "verified": false, "price": {"tier": 2, "currency": "$", "message": "Moderate"}}, "referralId": "e-3-53281e84498e4e312c042fb9-8", "tips": [{"id": "55ba0809498e614674ed1954", "text": "Love the authenticity of this place!", "disagreeCount": 0, "createdAt": 1438255113, "logView": true, "todo": {"count": 0}, "agreeCount": 0, "canonicalUrl": "https://foursquare.com/item/55ba0809498e614674ed1954", "type": "user", "user": {"gender": "female", "id": "5913024", "photo": {"prefix": "https://igx.4sqi.net/img/user/", "suffix": "/PYD3BGHXRGYN01SA.jpg"}, "firstName": "Joanna", "lastName": "Aslyn"}}]}, {"reasons": {"items": [{"reasonName": "globalInteractionReason", "summary": "This spot is popular", "type": "general"}], "count": 0}, "venue": {"hereNow": {"groups": [], "summary": "Nobody here", "count": 0}, "contact": {}, "photos": {"groups": [], "count": 0}, "rating": 6.7, "name": "Two Wings", "ratingSignals": 8, "allowMenuUrlEdit": true, "categories": [{"pluralName": "Wings Joints", "id": "4bf58dd8d48988d14c941735", "primary": true, "icon": {"prefix": "https://ss3.4sqi.net/img/categories_v2/food/wings_", "suffix": ".png"}, "name": "Wings Joint", "shortName": "Wings"}], "stats": {"checkinsCount": 68, "usersCount": 57, "tipCount": 3}, "id": "56f94b7d498e1784e09bb001", "beenHere": {"lastCheckinExpiredAt": 0, "count": 0, "marked": false}, "url": "http://timbreplus.sg/community/two-wings/", "ratingColor": "FFC800", "location": {"lng": 103.78741565456197, "formattedAddress": ["timbre+ (73A Ayer Rajah Crescent)", "139957", "Singapore"], "postalCode": "139957", "lat": 1.2976874076419742, "crossStreet": "73A Ayer Rajah Crescent", "country": "Singapore", "distance": 563, "city": "Singapore", "cc": "SG", "address": "timbre+", "labeledLatLngs": [{"lng": 103.78741565456197, "label": "display", "lat": 1.2976874076419742}]}, "hours": {"isLocalHoliday": false, "isOpen": true, "status": "Open until 11:00 PM"}, "verified": false, "price": {"tier": 1, "currency": "$", "message": "Cheap"}}, "referralId": "e-3-56f94b7d498e1784e09bb001-9", "tips": [{"logView": true, "photo": {"id": "570c8e06cd10e7caf130eedb", "visibility": "public", "source": {"name": "Swarm for Android", "url": "https://www.swarmapp.com"}, "suffix": "/2416267_H0m6ibpttE8XsVkwgkD97ME6-uDSIAz8KQBVqNvH7A4.jpg", "createdAt": 1460440582, "prefix": "https://igx.4sqi.net/img/general/", "width": 960, "height": 960}, "createdAt": 1460440582, "todo": {"count": 0}, "agreeCount": 1, "likes": {"groups": [], "summary": "1 like", "count": 1}, "id": "570c8e06cd10e7caf130eedc", "text": "Salted egg everything! Try their salted egg chicken wings! (6 for $8.90)", "disagreeCount": 0, "user": {"id": "2416267", "photo": {"prefix": "https://igx.4sqi.net/img/user/", "suffix": "/2416267_KucjsQEM_ScdU_2QSQAUHuzKmBVwkJjI1N_g1HGztwHiU1HR99IuZBaOJaUm2PG-HS1b9ZtFJ.jpg"}, "firstName": "Songhua", "gender": "male"}, "canonicalUrl": "https://foursquare.com/item/570c8e06cd10e7caf130eedc", "type": "user", "photourl": "https://igx.4sqi.net/img/general/original/2416267_H0m6ibpttE8XsVkwgkD97ME6-uDSIAz8KQBVqNvH7A4.jpg"}]}, {"reasons": {"items": [{"reasonName": "globalInteractionReason", "summary": "This spot is popular", "type": "general"}], "count": 0}, "venue": {"hereNow": {"groups": [], "summary": "Nobody here", "count": 0}, "contact": {}, "photos": {"groups": [], "count": 0}, "rating": 6.4, "name": "Kick Cafe @ Block 69", "ratingSignals": 8, "allowMenuUrlEdit": true, "categories": [{"pluralName": "Caf\u00e9s", "id": "4bf58dd8d48988d16d941735", "primary": true, "icon": {"prefix": "https://ss3.4sqi.net/img/categories_v2/food/cafe_", "suffix": ".png"}, "name": "Caf\u00e9", "shortName": "Caf\u00e9"}], "stats": {"checkinsCount": 122, "usersCount": 28, "tipCount": 4}, "id": "55a4ca4a498ecaa5f89774cd", "beenHere": {"lastCheckinExpiredAt": 0, "count": 0, "marked": false}, "ratingColor": "FFC800", "location": {"formattedAddress": ["Singapore"], "lat": 1.2964421550082172, "lng": 103.7866177313757, "distance": 398, "country": "Singapore", "cc": "SG", "labeledLatLngs": [{"lng": 103.7866177313757, "label": "display", "lat": 1.2964421550082172}]}, "verified": false, "price": {"tier": 1, "currency": "$", "message": "Cheap"}}, "referralId": "e-3-55a4ca4a498ecaa5f89774cd-10", "tips": [{"id": "56a37c66498e40a7b4c976d0", "text": "My americano was almost drinkable. Friendly staff though.", "disagreeCount": 0, "createdAt": 1453554790, "logView": true, "todo": {"count": 0}, "agreeCount": 0, "canonicalUrl": "https://foursquare.com/item/56a37c66498e40a7b4c976d0", "type": "user", "user": {"gender": "male", "id": "15009", "photo": {"prefix": "https://igx.4sqi.net/img/user/", "suffix": "/15009-MI4OIOYSN1GRXT53.jpg"}, "firstName": "Kars", "lastName": "Alfrink"}}]}, {"reasons": {"items": [{"reasonName": "globalInteractionReason", "summary": "This spot is popular", "type": "general"}], "count": 0}, "venue": {"hereNow": {"groups": [], "summary": "Nobody here", "count": 0}, "contact": {"facebook": "258786920862897", "facebookUsername": "blooies", "facebookName": "BLooiE's Roadhouse Bar & Grill", "phone": "+6567750446", "formattedPhone": "+65 6775 0446"}, "photos": {"groups": [], "count": 0}, "rating": 6.6, "menu": {"mobileUrl": "http://www.blooies.com/menu/", "externalUrl": "http://www.blooies.com/menu/", "url": "http://www.blooies.com/menu/", "anchor": "View Menu", "label": "Menu", "type": "Menu"}, "name": "Blooie's Roadhouse Bar & Grill", "ratingSignals": 27, "allowMenuUrlEdit": true, "categories": [{"pluralName": "American Restaurants", "id": "4bf58dd8d48988d14e941735", "primary": true, "icon": {"prefix": "https://ss3.4sqi.net/img/categories_v2/food/default_", "suffix": ".png"}, "name": "American Restaurant", "shortName": "American"}], "stats": {"checkinsCount": 640, "usersCount": 399, "tipCount": 7}, "id": "4b1fc316f964a520bd2824e3", "beenHere": {"lastCheckinExpiredAt": 0, "count": 0, "marked": false}, "url": "http://www.blooies.com", "ratingColor": "FFC800", "location": {"formattedAddress": ["21 Science Park Road, #01-01, The Aquarius", "117628", "Singapore"], "postalCode": "117628", "lat": 1.2893151035732935, "lng": 103.78031373849326, "country": "Singapore", "distance": 666, "city": "Singapore", "cc": "SG", "address": "21 Science Park Road, #01-01, The Aquarius", "labeledLatLngs": [{"lng": 103.78031373849326, "label": "display", "lat": 1.2893151035732935}]}, "hours": {"isLocalHoliday": false, "isOpen": true, "status": "Open until 11:00 PM"}, "verified": false, "price": {"tier": 2, "currency": "$", "message": "Moderate"}}, "referralId": "e-3-4b1fc316f964a520bd2824e3-11", "tips": [{"id": "4d67c4e92433a143852950e0", "text": "Happy hour for bottled beer all night, every night. Two thumbs up!", "disagreeCount": 0, "logView": true, "createdAt": 1298646249, "likes": {"groups": [], "summary": "2 likes", "count": 2}, "todo": {"count": 0}, "agreeCount": 0, "canonicalUrl": "https://foursquare.com/item/4d67c4e92433a143852950e0", "type": "user", "user": {"gender": "none", "id": "2744098", "photo": {"prefix": "https://igx.4sqi.net/img/user/", "suffix": "/OIM4RA3NIBFN5ZQW.jpg"}, "firstName": "Malar", "lastName": "Lavinya"}}]}, {"reasons": {"items": [{"reasonName": "globalInteractionReason", "summary": "This spot is popular", "type": "general"}], "count": 0}, "venue": {"venuePage": {"id": "32826445"}, "contact": {"facebook": "171835452935852", "facebookUsername": "asianminiwok", "facebookName": "Asian Mini Wok"}, "photos": {"groups": [], "count": 0}, "rating": 6.2, "name": "NUS Green Canteen", "ratingSignals": 16, "allowMenuUrlEdit": true, "categories": [{"pluralName": "Food Courts", "id": "4bf58dd8d48988d120951735", "primary": true, "icon": {"prefix": "https://ss3.4sqi.net/img/categories_v2/shops/food_foodcourt_", "suffix": ".png"}, "name": "Food Court", "shortName": "Food Court"}], "stats": {"checkinsCount": 680, "usersCount": 194, "tipCount": 3}, "id": "4cda23ed3f6a8cfa0dbae2ea", "beenHere": {"lastCheckinExpiredAt": 0, "count": 0, "marked": false}, "ratingColor": "FFC800", "location": {"formattedAddress": ["27 Prince George's Park", "118425", "Singapore"], "postalCode": "118425", "lat": 1.2909730347856223, "lng": 103.78213020886945, "country": "Singapore", "distance": 392, "city": "Singapore", "cc": "SG", "address": "27 Prince George's Park", "labeledLatLngs": [{"lng": 103.78213020886945, "label": "display", "lat": 1.2909730347856223}]}, "hours": {"isLocalHoliday": false, "isOpen": true, "status": "Open until 9:00 PM"}, "verified": true, "hereNow": {"groups": [], "summary": "Nobody here", "count": 0}, "storeId": ""}, "referralId": "e-3-4cda23ed3f6a8cfa0dbae2ea-12", "tips": [{"id": "4feeaf93e4b0b7b0fe2f3db5", "text": "Get $1.00 off for every 5 take aways in one bill at Mini Wok(second last stall from entrance) \u5728\u716e\u7092\u6863\uff08\u6700\u540e\u7b2c\u4e8c\u6863\uff09\u6bcf\u6253\u5305\u4e94\u5305\u56de\u6263\u4e00\u5757\u3002", "disagreeCount": 0, "logView": true, "createdAt": 1341042579, "likes": {"groups": [], "summary": "4 likes", "count": 4}, "todo": {"count": 0}, "agreeCount": 4, "canonicalUrl": "https://foursquare.com/item/4feeaf93e4b0b7b0fe2f3db5", "type": "user", "user": {"gender": "male", "id": "873150", "photo": {"prefix": "https://igx.4sqi.net/img/user/", "suffix": "/K1HJAXOGKPPDYJDF.jpg"}, "firstName": "Yi Seng", "lastName": "Chan(Eason)"}}]}, {"reasons": {"items": [{"reasonName": "globalInteractionReason", "summary": "This spot is popular", "type": "general"}], "count": 0}, "venue": {"hereNow": {"groups": [], "summary": "Nobody here", "count": 0}, "contact": {}, "photos": {"groups": [], "count": 0}, "rating": 6.4, "name": "Wong Kee Wanton Noodles & Roasted Delights", "ratingSignals": 8, "allowMenuUrlEdit": true, "categories": [{"pluralName": "Noodle Houses", "id": "4bf58dd8d48988d1d1941735", "primary": true, "icon": {"prefix": "https://ss3.4sqi.net/img/categories_v2/food/ramen_", "suffix": ".png"}, "name": "Noodle House", "shortName": "Noodles"}], "stats": {"checkinsCount": 83, "usersCount": 47, "tipCount": 8}, "id": "56f764f0498e1e3f5adb677c", "beenHere": {"lastCheckinExpiredAt": 0, "count": 0, "marked": false}, "ratingColor": "FFC800", "location": {"lng": 103.78737604124267, "formattedAddress": ["#01-06, timbre+ (@ JTC LaunchPad @ one-North) (73A Ayer Rajah Crescent)", "139957", "Singapore"], "postalCode": "139957", "lat": 1.2975733273751724, "crossStreet": "73A Ayer Rajah Crescent", "country": "Singapore", "distance": 550, "city": "Singapore", "cc": "SG", "address": "#01-06, timbre+ (@ JTC LaunchPad @ one-North)", "labeledLatLngs": [{"lng": 103.78737604124267, "label": "display", "lat": 1.2975733273751724}]}, "hours": {"isLocalHoliday": false, "isOpen": false, "status": "Closed until 8:00 AM tomorrow"}, "verified": false, "price": {"tier": 1, "currency": "$", "message": "Cheap"}}, "referralId": "e-3-56f764f0498e1e3f5adb677c-13", "tips": [{"logView": true, "photo": {"id": "57178137498e30caaf515792", "visibility": "public", "source": {"name": "Foursquare for Android", "url": "https://foursquare.com/download/#/android"}, "suffix": "/2416267_Vsms1tPWhbWMu5madEq9kBibJvt80uT-lru9fTlgbyM.jpg", "createdAt": 1461158199, "prefix": "https://igx.4sqi.net/img/general/", "width": 1944, "height": 1944}, "createdAt": 1461158197, "todo": {"count": 0}, "agreeCount": 1, "likes": {"groups": [], "summary": "1 like", "count": 1}, "id": "57178135498e579f34dc38ba", "text": "Char siew is lousy, but tomato noodles and wantons are good. However, the waiting time is ridiculously long (almost an hour) to justify.", "disagreeCount": 0, "user": {"id": "2416267", "photo": {"prefix": "https://igx.4sqi.net/img/user/", "suffix": "/2416267_KucjsQEM_ScdU_2QSQAUHuzKmBVwkJjI1N_g1HGztwHiU1HR99IuZBaOJaUm2PG-HS1b9ZtFJ.jpg"}, "firstName": "Songhua", "gender": "male"}, "canonicalUrl": "https://foursquare.com/item/57178135498e579f34dc38ba", "type": "user", "photourl": "https://igx.4sqi.net/img/general/original/2416267_Vsms1tPWhbWMu5madEq9kBibJvt80uT-lru9fTlgbyM.jpg"}]}, {"reasons": {"items": [{"reasonName": "globalInteractionReason", "summary": "This spot is popular", "type": "general"}], "count": 0}, "venue": {"hereNow": {"groups": [], "summary": "Nobody here", "count": 0}, "contact": {"phone": "+6567762722", "formattedPhone": "+65 6776 2722"}, "photos": {"groups": [], "count": 0}, "rating": 6.3, "name": "Breadstick's Cafe", "ratingSignals": 10, "allowMenuUrlEdit": true, "categories": [{"pluralName": "Vietnamese Restaurants", "id": "4bf58dd8d48988d14a941735", "primary": true, "icon": {"prefix": "https://ss3.4sqi.net/img/categories_v2/food/vietnamese_", "suffix": ".png"}, "name": "Vietnamese Restaurant", "shortName": "Vietnamese"}], "stats": {"checkinsCount": 132, "usersCount": 19, "tipCount": 7}, "id": "5152742de4b09402e5cff6d4", "beenHere": {"lastCheckinExpiredAt": 0, "count": 0, "marked": false}, "ratingColor": "FFC800", "location": {"lat": 1.288676975366015, "distance": 554, "country": "Singapore", "cc": "SG", "crossStreet": "41 Science Park II", "formattedAddress": ["41 Science Park (41 Science Park II)", "117610", "Singapore"], "neighborhood": "Science Park Road", "city": "Singapore", "lng": 103.78326197850407, "labeledLatLngs": [{"lng": 103.78326197850407, "label": "display", "lat": 1.288676975366015}], "address": "41 Science Park", "postalCode": "117610"}, "hours": {"isLocalHoliday": false, "isOpen": false, "status": "Closed until 7:00 AM tomorrow"}, "verified": false, "price": {"tier": 2, "currency": "$", "message": "Moderate"}}, "referralId": "e-3-5152742de4b09402e5cff6d4-14", "tips": [{"id": "51ac22bf498e00f39f13f8e3", "text": "The chicken chop rice is good with a reasonable price.", "disagreeCount": 0, "logView": true, "createdAt": 1370235583, "likes": {"groups": [], "summary": "4 likes", "count": 4}, "todo": {"count": 2}, "agreeCount": 4, "canonicalUrl": "https://foursquare.com/item/51ac22bf498e00f39f13f8e3", "type": "user", "user": {"gender": "male", "id": "3227905", "photo": {"prefix": "https://igx.4sqi.net/img/user/", "suffix": "/4TCXSEJVTMRNIZEX.jpg"}, "firstName": "Truong", "lastName": "Vo"}}]}, {"reasons": {"items": [{"reasonName": "globalInteractionReason", "summary": "This spot is popular", "type": "general"}], "count": 0}, "venue": {"contact": {}, "photos": {"groups": [], "count": 0}, "rating": 5.9, "name": "Xin Wang Hong Kong Caf\u00e9", "ratingSignals": 11, "allowMenuUrlEdit": true, "categories": [{"pluralName": "Hong Kong Restaurants", "id": "52af3add3cf9994f4e043bf5", "primary": true, "icon": {"prefix": "https://ss3.4sqi.net/img/categories_v2/food/asian_", "suffix": ".png"}, "name": "Hong Kong Restaurant", "shortName": "Hong Kong"}], "stats": {"checkinsCount": 254, "usersCount": 181, "tipCount": 3}, "id": "5285f0d211d222ec665a479b", "beenHere": {"lastCheckinExpiredAt": 0, "count": 0, "marked": false}, "ratingColor": "FF9600", "location": {"lng": 103.78438809873087, "formattedAddress": ["One@KentRidge (NUH Medical Centre) (1 Lower Kent Ridge Rd.)", "Singapore"], "lat": 1.2940484507931338, "crossStreet": "1 Lower Kent Ridge Rd.", "country": "Singapore", "distance": 70, "city": "Singapore", "cc": "SG", "address": "One@KentRidge (NUH Medical Centre)", "labeledLatLngs": [{"lng": 103.78438809873087, "label": "display", "lat": 1.2940484507931338}]}, "hours": {"isLocalHoliday": false, "isOpen": false}, "verified": false, "hereNow": {"groups": [], "summary": "Nobody here", "count": 0}}, "referralId": "e-3-5285f0d211d222ec665a479b-15", "tips": [{"id": "57767d88498eaa173d27d613", "text": "Baked cheese rice!", "disagreeCount": 0, "createdAt": 1467383176, "logView": true, "todo": {"count": 0}, "agreeCount": 0, "canonicalUrl": "https://foursquare.com/item/57767d88498eaa173d27d613", "type": "user", "user": {"gender": "male", "id": "40033180", "photo": {"prefix": "https://igx.4sqi.net/img/user/", "suffix": "/4GXAHN4F4VGEFGLB.jpg"}, "firstName": "KT", "lastName": "Ling"}}]}, {"reasons": {"items": [{"reasonName": "globalInteractionReason", "summary": "This spot is popular", "type": "general"}], "count": 0}, "venue": {"hereNow": {"groups": [], "summary": "Nobody here", "count": 0}, "contact": {}, "photos": {"groups": [], "count": 0}, "rating": 5.8, "name": "Seasonal Salad Bar", "ratingSignals": 20, "allowMenuUrlEdit": true, "categories": [{"pluralName": "Restaurants", "id": "4bf58dd8d48988d1c4941735", "primary": true, "icon": {"prefix": "https://ss3.4sqi.net/img/categories_v2/food/default_", "suffix": ".png"}, "name": "Restaurant", "shortName": "Restaurant"}], "stats": {"checkinsCount": 175, "usersCount": 127, "tipCount": 7}, "id": "52d8c2e8498ed22ccafca6bc", "beenHere": {"lastCheckinExpiredAt": 0, "count": 0, "marked": false}, "ratingColor": "FF9600", "location": {"lng": 103.7843598041375, "formattedAddress": ["Lv 4, One@KentRidge (NUH Medical Centre) (1 Lower Kent Ridge Rd.)", "Singapore"], "lat": 1.2939438665147633, "crossStreet": "1 Lower Kent Ridge Rd.", "country": "Singapore", "distance": 61, "city": "Singapore", "cc": "SG", "address": "Lv 4, One@KentRidge (NUH Medical Centre)", "labeledLatLngs": [{"lng": 103.7843598041375, "label": "display", "lat": 1.2939438665147633}]}, "verified": false, "price": {"tier": 2, "currency": "$", "message": "Moderate"}}, "referralId": "e-3-52d8c2e8498ed22ccafca6bc-16", "tips": [{"id": "53c26e39498e10f20009ce56", "text": "I love this place! Food is great; everything's fresh & up to standard. Also more convenient for Westsiders than TPY. Ample parking on weekends, & they've a great weekend promo on now!", "disagreeCount": 0, "logView": true, "createdAt": 1405251129, "likes": {"groups": [], "summary": "1 like", "count": 1}, "todo": {"count": 0}, "agreeCount": 1, "canonicalUrl": "https://foursquare.com/item/53c26e39498e10f20009ce56", "type": "user", "user": {"gender": "female", "id": "27662258", "photo": {"prefix": "https://igx.4sqi.net/img/user/", "suffix": "/27662258-W1OV4ZK35DZS3ED5.jpg"}, "firstName": "Ursula", "lastName": "S"}}]}, {"reasons": {"items": [{"reasonName": "globalInteractionReason", "summary": "This spot is popular", "type": "general"}], "count": 0}, "venue": {"contact": {}, "photos": {"groups": [], "count": 0}, "rating": 5.8, "name": "On The Ridge by Kopitiam", "ratingSignals": 13, "allowMenuUrlEdit": true, "categories": [{"pluralName": "Food Courts", "id": "4bf58dd8d48988d120951735", "primary": true, "icon": {"prefix": "https://ss3.4sqi.net/img/categories_v2/shops/food_foodcourt_", "suffix": ".png"}, "name": "Food Court", "shortName": "Food Court"}], "stats": {"checkinsCount": 337, "usersCount": 184, "tipCount": 2}, "id": "53527f92498e01e6190668e6", "beenHere": {"lastCheckinExpiredAt": 0, "count": 0, "marked": false}, "url": "http://www.kopitiam.biz", "ratingColor": "FF9600", "location": {"lng": 103.78445034685721, "formattedAddress": ["Lv 5, One@KentRidge (NUH Medical Centre) (1 Lower Kent Ridge Rd.)", "Singapore"], "lat": 1.2939050366192704, "crossStreet": "1 Lower Kent Ridge Rd.", "country": "Singapore", "distance": 53, "city": "Singapore", "cc": "SG", "address": "Lv 5, One@KentRidge (NUH Medical Centre)", "labeledLatLngs": [{"lng": 103.78445034685721, "label": "display", "lat": 1.2939050366192704}]}, "hours": {"isLocalHoliday": false, "isOpen": true, "status": "Likely open"}, "verified": false, "hereNow": {"groups": [], "summary": "Nobody here", "count": 0}}, "referralId": "e-3-53527f92498e01e6190668e6-17", "tips": [{"id": "54e42cc9498e088356a114a7", "text": "Western food here sucks. Ban mian stall was so-so. Can give this kopitiam a pass.", "disagreeCount": 0, "createdAt": 1424239817, "logView": true, "todo": {"count": 0}, "agreeCount": 0, "canonicalUrl": "https://foursquare.com/item/54e42cc9498e088356a114a7", "type": "user", "user": {"gender": "female", "id": "42668193", "photo": {"prefix": "https://igx.4sqi.net/img/user/", "suffix": "/TD0GT2403DBIQDT5.jpg"}, "firstName": "Elizabeth", "lastName": "Lee"}}]}, {"reasons": {"items": [{"reasonName": "globalInteractionReason", "summary": "This spot is popular", "type": "general"}], "count": 0}, "venue": {"hereNow": {"groups": [], "summary": "Nobody here", "count": 0}, "contact": {}, "photos": {"groups": [], "count": 0}, "rating": 6.5, "name": "Flames Of India", "ratingSignals": 15, "allowMenuUrlEdit": true, "categories": [{"pluralName": "Indian Restaurants", "id": "4bf58dd8d48988d10f941735", "primary": true, "icon": {"prefix": "https://ss3.4sqi.net/img/categories_v2/food/indian_", "suffix": ".png"}, "name": "Indian Restaurant", "shortName": "Indian"}], "stats": {"checkinsCount": 114, "usersCount": 62, "tipCount": 5}, "id": "4dae6749fa8cf04fbdff2466", "beenHere": {"lastCheckinExpiredAt": 0, "count": 0, "marked": false}, "ratingColor": "FFC800", "location": {"lng": 103.77900657404241, "formattedAddress": ["1 Science Park Road (Science Park 2)", "Singapore"], "lat": 1.2894010252939545, "crossStreet": "Science Park 2", "country": "Singapore", "distance": 772, "city": "Singapore", "cc": "SG", "address": "1 Science Park Road", "labeledLatLngs": [{"lng": 103.77900657404241, "label": "display", "lat": 1.2894010252939545}]}, "verified": false, "price": {"tier": 2, "currency": "$", "message": "Moderate"}}, "referralId": "e-3-4dae6749fa8cf04fbdff2466-18", "tips": [{"logView": true, "photo": {"id": "5348be71498e7b6c306a30d4", "visibility": "public", "source": {"name": "Foursquare for iOS", "url": "https://foursquare.com/download/#/iphone"}, "suffix": "/83400187_6LE7_9WB-EnQzRQqfFpwu1w-dUQLSyj6AKlTiAkIe5g.jpg", "createdAt": 1397276273, "prefix": "https://igx.4sqi.net/img/general/", "width": 720, "height": 720}, "createdAt": 1397276271, "todo": {"count": 0}, "agreeCount": 1, "likes": {"groups": [], "summary": "1 like", "count": 1}, "id": "5348be6f498e7b69ab03358f", "text": "If you think you can eat a lot, go for Buffet. Naan and Chicken tandoori is awesome here. Rate : 7/10", "disagreeCount": 0, "user": {"gender": "male", "id": "83400187", "photo": {"prefix": "https://igx.4sqi.net/img/user/", "suffix": "/83400187-WQXUUYDMA0XFUNJG.jpg"}, "firstName": "Yarzar", "lastName": "Zaw Min"}, "canonicalUrl": "https://foursquare.com/item/5348be6f498e7b69ab03358f", "type": "user", "photourl": "https://igx.4sqi.net/img/general/original/83400187_6LE7_9WB-EnQzRQqfFpwu1w-dUQLSyj6AKlTiAkIe5g.jpg"}]}, {"reasons": {"items": [{"reasonName": "globalInteractionReason", "summary": "This spot is popular", "type": "general"}], "count": 0}, "venue": {"hereNow": {"groups": [], "summary": "Nobody here", "count": 0}, "contact": {"facebook": "684350738295512", "facebookUsername": "fishballstory", "facebookName": "Fishball Story", "phone": "+6598005036", "formattedPhone": "+65 9800 5036"}, "photos": {"groups": [], "count": 0}, "rating": 6.2, "name": "Fishball Story", "ratingSignals": 19, "allowMenuUrlEdit": true, "categories": [{"pluralName": "Noodle Houses", "id": "4bf58dd8d48988d1d1941735", "primary": true, "icon": {"prefix": "https://ss3.4sqi.net/img/categories_v2/food/ramen_", "suffix": ".png"}, "name": "Noodle House", "shortName": "Noodles"}], "stats": {"checkinsCount": 106, "usersCount": 76, "tipCount": 10}, "id": "5350b492498e46d7a1638d64", "beenHere": {"lastCheckinExpiredAt": 0, "count": 0, "marked": false}, "url": "http://timbreplus.sg/community/the-fishball-story/", "ratingColor": "FFC800", "location": {"lng": 103.78746628761292, "formattedAddress": ["timbre+ (@ JTC launchPad @ One North) (73A Ayer Rajah Crescent)", "139957", "Singapore"], "postalCode": "139957", "lat": 1.2975578871146551, "crossStreet": "73A Ayer Rajah Crescent", "country": "Singapore", "distance": 554, "city": "Singapore", "cc": "SG", "address": "timbre+ (@ JTC launchPad @ One North)", "labeledLatLngs": [{"lng": 103.78746628761292, "label": "display", "lat": 1.2975578871146551}]}, "verified": false, "price": {"tier": 1, "currency": "$", "message": "Cheap"}}, "referralId": "e-3-5350b492498e46d7a1638d64-19", "tips": [{"logView": true, "photo": {"id": "57239130498e95df0dbe078c", "visibility": "public", "source": {"name": "Foursquare Web", "url": "https://foursquare.com"}, "suffix": "/6306884_WvSgXxve8GAkgQV8nit2lOEXDPjhLMW_-tA-A4lmCyo.jpg", "createdAt": 1461948720, "prefix": "https://igx.4sqi.net/img/general/", "width": 800, "height": 800}, "createdAt": 1461948713, "todo": {"count": 1}, "agreeCount": 1, "likes": {"groups": [], "summary": "1 like", "count": 1}, "id": "57239129498e0b7f1c9c50ad", "text": "Premium Handmade Fishball Noodle (S$6) for lunch at Timbre+ #01-14. \u597d\u5403\u7684\u9c7c\u5706\u9762. Good Mee Pok texture and flavourful fishcake and fishball, but very crowded during peak lunch hour at this non-aircon place.", "disagreeCount": 0, "user": {"gender": "female", "id": "6306884", "photo": {"prefix": "https://igx.4sqi.net/img/user/", "suffix": "/6306884-L21LWV3MMZFIVU5F"}, "firstName": "Jess", "lastName": "Thia"}, "canonicalUrl": "https://foursquare.com/item/57239129498e0b7f1c9c50ad", "type": "user", "photourl": "https://igx.4sqi.net/img/general/original/6306884_WvSgXxve8GAkgQV8nit2lOEXDPjhLMW_-tA-A4lmCyo.jpg"}]}, {"reasons": {"items": [{"reasonName": "globalInteractionReason", "summary": "This spot is popular", "type": "general"}], "count": 0}, "venue": {"hereNow": {"groups": [], "summary": "Nobody here", "count": 0}, "contact": {"phone": "+6597735310", "formattedPhone": "+65 9773 5310"}, "photos": {"groups": [], "count": 0}, "rating": 6.4, "name": "Bread Yard", "ratingSignals": 25, "allowMenuUrlEdit": true, "categories": [{"pluralName": "Breakfast Spots", "id": "4bf58dd8d48988d143941735", "primary": true, "icon": {"prefix": "https://ss3.4sqi.net/img/categories_v2/food/breakfast_", "suffix": ".png"}, "name": "Breakfast Spot", "shortName": "Breakfast"}], "stats": {"checkinsCount": 334, "usersCount": 169, "tipCount": 13}, "id": "54ffc29b498e75638f821a4c", "beenHere": {"lastCheckinExpiredAt": 0, "count": 0, "marked": false}, "ratingColor": "FFC800", "location": {"formattedAddress": ["No. 1 Fusionopolis Place #01-23/34 Galaxis", "138522", "Singapore"], "postalCode": "138522", "lat": 1.2999084302032786, "lng": 103.78766465283564, "country": "Singapore", "distance": 792, "city": "Singapore", "cc": "SG", "address": "No. 1 Fusionopolis Place #01-23/34 Galaxis", "labeledLatLngs": [{"lng": 103.78766465283564, "label": "display", "lat": 1.2999084302032786}]}, "hours": {"isLocalHoliday": false, "isOpen": false}, "verified": false, "price": {"tier": 1, "currency": "$", "message": "Cheap"}}, "referralId": "e-3-54ffc29b498e75638f821a4c-20", "tips": [{"logView": true, "photo": {"id": "5533b543498ef3cfe9cf4a5b", "visibility": "public", "source": {"name": "Foursquare for iOS", "url": "https://foursquare.com/download/#/iphone"}, "suffix": "/38289896_GJn76A21Z54ee_FZywiXqwpflcD93DpIy-iRsbFUkyY.jpg", "createdAt": 1429452099, "prefix": "https://igx.4sqi.net/img/general/", "width": 1920, "height": 1439}, "createdAt": 1429452096, "todo": {"count": 0}, "agreeCount": 1, "likes": {"groups": [], "summary": "1 like", "count": 1}, "id": "5533b540498e44f648159917", "text": "Pancake with candied bacon, egg and grilled cheese is divine.", "disagreeCount": 0, "user": {"gender": "male", "id": "38289896", "photo": {"prefix": "https://igx.4sqi.net/img/user/", "suffix": "/NNO5P0GCFV50V5X3.jpg"}, "firstName": "Sergey", "lastName": "K"}, "canonicalUrl": "https://foursquare.com/item/5533b540498e44f648159917", "type": "user", "photourl": "https://igx.4sqi.net/img/general/original/38289896_GJn76A21Z54ee_FZywiXqwpflcD93DpIy-iRsbFUkyY.jpg"}]}, {"reasons": {"items": [{"reasonName": "globalInteractionReason", "summary": "This spot is popular", "type": "general"}], "count": 0}, "venue": {"hereNow": {"groups": [], "summary": "Nobody here", "count": 0}, "contact": {}, "photos": {"groups": [], "count": 0}, "rating": 5.7, "name": "Ya Kun Family Cafe", "ratingSignals": 16, "allowMenuUrlEdit": true, "categories": [{"pluralName": "Caf\u00e9s", "id": "4bf58dd8d48988d16d941735", "primary": true, "icon": {"prefix": "https://ss3.4sqi.net/img/categories_v2/food/cafe_", "suffix": ".png"}, "name": "Caf\u00e9", "shortName": "Caf\u00e9"}], "stats": {"checkinsCount": 297, "usersCount": 126, "tipCount": 3}, "id": "529822ec11d21080a0881ad5", "beenHere": {"lastCheckinExpiredAt": 0, "count": 0, "marked": false}, "ratingColor": "FF9600", "location": {"lng": 103.78440507548974, "formattedAddress": ["One@KentRidge (NUH Medical Centre) (1 Lower Kent Ridge Rd.)", "Singapore"], "lat": 1.294408047173346, "crossStreet": "1 Lower Kent Ridge Rd.", "country": "Singapore", "distance": 108, "city": "Singapore", "cc": "SG", "address": "One@KentRidge (NUH Medical Centre)", "labeledLatLngs": [{"lng": 103.78440507548974, "label": "display", "lat": 1.294408047173346}]}, "hours": {"isLocalHoliday": false, "isOpen": false}, "verified": false, "price": {"tier": 1, "currency": "$", "message": "Cheap"}}, "referralId": "e-3-529822ec11d21080a0881ad5-21", "tips": [{"id": "56f5488c498ef7ebdfd766f0", "text": "Sigh this Ya Kun is poor. Drinks are substandard, service is substandard and they are a monopoly.", "disagreeCount": 0, "createdAt": 1458915468, "logView": true, "todo": {"count": 0}, "agreeCount": 0, "canonicalUrl": "https://foursquare.com/item/56f5488c498ef7ebdfd766f0", "type": "user", "user": {"id": "48356920", "photo": {"prefix": "https://igx.4sqi.net/img/user/", "suffix": "/48356920_APWea3Qr_2kJCnTjXjjS776zSTVUilnT6ZWCzibK5TdmGFur0ar41b5iOFETzIPCjv3FOUI2N.jpg"}, "firstName": "C", "gender": "male"}}]}, {"reasons": {"items": [{"reasonName": "globalInteractionReason", "summary": "This spot is popular", "type": "general"}], "count": 0}, "venue": {"hereNow": {"groups": [], "summary": "Nobody here", "count": 0}, "contact": {"twitter": "saladstop", "phone": "+6564632003", "formattedPhone": "+65 6463 2003"}, "photos": {"groups": [], "count": 0}, "rating": 6.1, "name": "SaladStop!", "ratingSignals": 40, "allowMenuUrlEdit": true, "categories": [{"pluralName": "Salad Places", "id": "4bf58dd8d48988d1bd941735", "primary": true, "icon": {"prefix": "https://ss3.4sqi.net/img/categories_v2/food/salad_", "suffix": ".png"}, "name": "Salad Place", "shortName": "Salad"}], "stats": {"checkinsCount": 814, "usersCount": 350, "tipCount": 19}, "id": "4dae589293a0096fba9eb558", "beenHere": {"lastCheckinExpiredAt": 0, "count": 0, "marked": false}, "url": "http://www.saladstop.com.sg", "ratingColor": "FFC800", "location": {"lng": 103.78745526789291, "formattedAddress": ["#01-03, Fusionopolis, Connexis (1 Fusionopolis Way)", "138632", "Singapore"], "postalCode": "138632", "lat": 1.298790286208133, "crossStreet": "1 Fusionopolis Way", "country": "Singapore", "distance": 671, "city": "Singapore", "cc": "SG", "address": "#01-03, Fusionopolis, Connexis", "labeledLatLngs": [{"lng": 103.78745526789291, "label": "display", "lat": 1.298790286208133}]}, "hours": {"isLocalHoliday": false, "isOpen": true, "status": "Likely open"}, "verified": false, "price": {"tier": 1, "currency": "$", "message": "Cheap"}}, "referralId": "e-3-4dae589293a0096fba9eb558-22", "tips": [{"id": "4db694ceb3dc51f4133fc5a8", "text": "Tuna San pretty yum!", "disagreeCount": 0, "logView": true, "createdAt": 1303811278, "likes": {"groups": [], "summary": "2 likes", "count": 2}, "todo": {"count": 0}, "agreeCount": 2, "canonicalUrl": "https://foursquare.com/item/4db694ceb3dc51f4133fc5a8", "type": "user", "user": {"gender": "male", "id": "519260", "photo": {"prefix": "https://igx.4sqi.net/img/user/", "suffix": "/3PWEPAK0BBCDHYOM.jpg"}, "firstName": "Khanh", "lastName": "Dang"}}]}, {"reasons": {"items": [{"reasonName": "globalInteractionReason", "summary": "This spot is popular", "type": "general"}], "count": 0}, "venue": {"hereNow": {"groups": [], "summary": "Nobody here", "count": 0}, "contact": {"phone": "+6567778234", "formattedPhone": "+65 6777 8234"}, "photos": {"groups": [], "count": 0}, "rating": 6.1, "name": "Subway", "ratingSignals": 20, "allowMenuUrlEdit": true, "categories": [{"pluralName": "Sandwich Places", "id": "4bf58dd8d48988d1c5941735", "primary": true, "icon": {"prefix": "https://ss3.4sqi.net/img/categories_v2/food/deli_", "suffix": ".png"}, "name": "Sandwich Place", "shortName": "Sandwiches"}], "stats": {"checkinsCount": 786, "usersCount": 221, "tipCount": 4}, "id": "500cc821e4b0baf2d815e2e5", "beenHere": {"lastCheckinExpiredAt": 0, "count": 0, "marked": false}, "ratingColor": "FFC800", "location": {"formattedAddress": ["9 Ayer Rajah Ave #B2-04, One North MRT Stn", "138647", "Singapore"], "postalCode": "138647", "lat": 1.2993917990895887, "lng": 103.7875401536413, "country": "Singapore", "distance": 735, "city": "Singapore", "cc": "SG", "address": "9 Ayer Rajah Ave #B2-04, One North MRT Stn", "labeledLatLngs": [{"lng": 103.7875401536413, "label": "display", "lat": 1.2993917990895887}]}, "hours": {"isLocalHoliday": false, "isOpen": false}, "verified": false, "price": {"tier": 1, "currency": "$", "message": "Cheap"}}, "referralId": "e-3-500cc821e4b0baf2d815e2e5-23", "tips": [{"id": "51ef34cb498e5def3c92ce3b", "text": "Flatbread for breakfast is tasteless, better off with their regular bread. Hashbrown is good tho.", "disagreeCount": 0, "logView": true, "createdAt": 1374631115, "likes": {"groups": [], "summary": "1 like", "count": 1}, "todo": {"count": 0}, "agreeCount": 1, "canonicalUrl": "https://foursquare.com/item/51ef34cb498e5def3c92ce3b", "type": "user", "user": {"gender": "female", "id": "10889001", "photo": {"prefix": "https://igx.4sqi.net/img/user/", "suffix": "/BOKQUQDLQLI5XSZC.png"}, "firstName": "Keilya", "lastName": "Jan"}}]}, {"reasons": {"items": [{"reasonName": "globalInteractionReason", "summary": "This spot is popular", "type": "general"}], "count": 0}, "venue": {"hereNow": {"groups": [], "summary": "Nobody here", "count": 0}, "contact": {}, "photos": {"groups": [], "count": 0}, "name": "Umi Sushi", "allowMenuUrlEdit": true, "beenHere": {"lastCheckinExpiredAt": 0, "count": 0, "marked": false}, "stats": {"checkinsCount": 31, "usersCount": 27, "tipCount": 0}, "id": "5283389711d281aae5467e27", "categories": [{"pluralName": "Sushi Restaurants", "id": "4bf58dd8d48988d1d2941735", "primary": true, "icon": {"prefix": "https://ss3.4sqi.net/img/categories_v2/food/sushi_", "suffix": ".png"}, "name": "Sushi Restaurant", "shortName": "Sushi"}], "location": {"formattedAddress": ["Singapore"], "lat": 1.294559384296137, "lng": 103.7847729057909, "distance": 123, "country": "Singapore", "cc": "SG", "labeledLatLngs": [{"lng": 103.7847729057909, "label": "display", "lat": 1.294559384296137}]}, "verified": false, "price": {"tier": 2, "currency": "$", "message": "Moderate"}}, "referralId": "e-3-5283389711d281aae5467e27-24"}, {"reasons": {"items": [{"reasonName": "globalInteractionReason", "summary": "This spot is popular", "type": "general"}], "count": 0}, "venue": {"hereNow": {"groups": [], "summary": "Nobody here", "count": 0}, "contact": {"phone": "+6563340111", "formattedPhone": "+65 6334 0111"}, "photos": {"groups": [], "count": 0}, "name": "Wrap & Roll", "allowMenuUrlEdit": true, "beenHere": {"lastCheckinExpiredAt": 0, "count": 0, "marked": false}, "stats": {"checkinsCount": 161, "usersCount": 96, "tipCount": 4}, "id": "537ec894498efd6e06f81f6b", "categories": [{"pluralName": "Vietnamese Restaurants", "id": "4bf58dd8d48988d14a941735", "primary": true, "icon": {"prefix": "https://ss3.4sqi.net/img/categories_v2/food/vietnamese_", "suffix": ".png"}, "name": "Vietnamese Restaurant", "shortName": "Vietnamese"}], "location": {"lng": 103.78420135452443, "formattedAddress": ["#01-11, One @ Kent Ridge (NUH Medical Centre) (1 Lower Kent Ridge Road)", "Singapore"], "lat": 1.2945286678073586, "crossStreet": "1 Lower Kent Ridge Road", "country": "Singapore", "distance": 127, "city": "Singapore", "cc": "SG", "address": "#01-11, One @ Kent Ridge (NUH Medical Centre)", "labeledLatLngs": [{"lng": 103.78420135452443, "label": "display", "lat": 1.2945286678073586}]}, "verified": false, "price": {"tier": 2, "currency": "$", "message": "Moderate"}}, "referralId": "e-3-537ec894498efd6e06f81f6b-25", "tips": [{"id": "58143b2538faeb0263978673", "text": "Usually an advocate ofWrap and roll but this location has a reduced menu. Also wonder whether Singapore franchise has lost its way with the menu morphing chinese, as much as Vietnamese...", "disagreeCount": 0, "createdAt": 1477720869, "logView": true, "todo": {"count": 0}, "agreeCount": 0, "canonicalUrl": "https://foursquare.com/item/58143b2538faeb0263978673", "type": "user", "user": {"gender": "male", "id": "79114258", "photo": {"prefix": "https://igx.4sqi.net/img/user/", "suffix": "/79114258-3RKFRQUMPIEZHYOQ.jpg"}, "firstName": "Ben", "lastName": "Mayson"}}]}, {"reasons": {"items": [{"reasonName": "globalInteractionReason", "summary": "This spot is popular", "type": "general"}], "count": 0}, "venue": {"contact": {}, "photos": {"groups": [], "count": 0}, "name": "Qiji", "id": "563b061dcd1034384ac2b73e", "beenHere": {"lastCheckinExpiredAt": 0, "count": 0, "marked": false}, "stats": {"checkinsCount": 82, "usersCount": 50, "tipCount": 1}, "allowMenuUrlEdit": true, "categories": [{"pluralName": "Cafeterias", "id": "4bf58dd8d48988d128941735", "primary": true, "icon": {"prefix": "https://ss3.4sqi.net/img/categories_v2/education/cafeteria_", "suffix": ".png"}, "name": "Cafeteria", "shortName": "Cafeteria"}], "location": {"formattedAddress": ["NUH Hospital Dr", "Singapore"], "lat": 1.2945270999879053, "lng": 103.78432585063328, "country": "Singapore", "distance": 123, "city": "Singapore", "cc": "SG", "address": "NUH Hospital Dr", "labeledLatLngs": [{"lng": 103.78432585063328, "label": "display", "lat": 1.2945270999879053}]}, "venueRatingBlacklisted": true, "verified": false, "hereNow": {"groups": [], "summary": "Nobody here", "count": 0}}, "referralId": "e-3-563b061dcd1034384ac2b73e-26", "tips": [{"id": "5656f24b498ea18143960fdf", "text": "If you are looking for a value for money and a quick meal. QiJi is recommended.", "disagreeCount": 0, "createdAt": 1448538699, "logView": true, "todo": {"count": 0}, "agreeCount": 0, "canonicalUrl": "https://foursquare.com/item/5656f24b498ea18143960fdf", "type": "user", "user": {"gender": "female", "id": "61564031", "photo": {"prefix": "https://igx.4sqi.net/img/user/", "suffix": "/61564031-ENFXK51C44KKVSXI.jpg"}, "firstName": "Lina", "lastName": "Yippy"}}]}, {"reasons": {"items": [{"reasonName": "globalInteractionReason", "summary": "This spot is popular", "type": "general"}], "count": 0}, "venue": {"hereNow": {"groups": [], "summary": "Nobody here", "count": 0}, "contact": {"phone": "+6567739313", "formattedPhone": "+65 6773 9313"}, "photos": {"groups": [], "count": 0}, "name": "Delifrance", "allowMenuUrlEdit": true, "beenHere": {"lastCheckinExpiredAt": 0, "count": 0, "marked": false}, "stats": {"checkinsCount": 78, "usersCount": 60, "tipCount": 1}, "id": "4c5d39f22815c9286a3cb467", "categories": [{"pluralName": "Sandwich Places", "id": "4bf58dd8d48988d1c5941735", "primary": true, "icon": {"prefix": "https://ss3.4sqi.net/img/categories_v2/food/deli_", "suffix": ".png"}, "name": "Sandwich Place", "shortName": "Sandwiches"}], "location": {"formattedAddress": ["5 Lower Kent Ridge Road", "119074", "Singapore"], "postalCode": "119074", "lat": 1.2937876466770224, "lng": 103.78411647087981, "distance": 67, "country": "Singapore", "cc": "SG", "address": "5 Lower Kent Ridge Road", "labeledLatLngs": [{"lng": 103.78411647087981, "label": "display", "lat": 1.2937876466770224}]}, "verified": false, "price": {"tier": 1, "currency": "$", "message": "Cheap"}}, "referralId": "e-3-4c5d39f22815c9286a3cb467-27", "tips": [{"id": "530eaeb5498e5c7a2b97bdb9", "text": "Pastry is delicious here.", "disagreeCount": 0, "createdAt": 1393471157, "logView": true, "todo": {"count": 0}, "agreeCount": 0, "canonicalUrl": "https://foursquare.com/item/530eaeb5498e5c7a2b97bdb9", "type": "user", "user": {"gender": "male", "id": "70726191", "photo": {"prefix": "https://igx.4sqi.net/img/user/", "suffix": "/NWVFQ0HUQ35I0UXI.jpg"}, "firstName": "Aleksei", "lastName": "T"}}]}, {"reasons": {"items": [{"reasonName": "globalInteractionReason", "summary": "This spot is popular", "type": "general"}], "count": 0}, "venue": {"hereNow": {"groups": [], "summary": "Nobody here", "count": 0}, "contact": {}, "photos": {"groups": [], "count": 0}, "rating": 6.0, "name": "Rong Hua Bak Kut Teh", "ratingSignals": 11, "allowMenuUrlEdit": true, "categories": [{"pluralName": "Asian Restaurants", "id": "4bf58dd8d48988d142941735", "primary": true, "icon": {"prefix": "https://ss3.4sqi.net/img/categories_v2/food/asian_", "suffix": ".png"}, "name": "Asian Restaurant", "shortName": "Asian"}], "stats": {"checkinsCount": 209, "usersCount": 114, "tipCount": 5}, "id": "53db2d39498ec0fd0ec66307", "beenHere": {"lastCheckinExpiredAt": 0, "count": 0, "marked": false}, "ratingColor": "FFC800", "location": {"lng": 103.78754015364129, "formattedAddress": ["#02-13 Connexis North Tower (1 Fushionopolis Way)", "138633", "Singapore"], "postalCode": "138633", "lat": 1.2994924822155962, "crossStreet": "1 Fushionopolis Way", "country": "Singapore", "distance": 745, "city": "Singapore", "cc": "SG", "address": "#02-13 Connexis North Tower", "labeledLatLngs": [{"lng": 103.78754015364129, "label": "display", "lat": 1.2994924822155962}]}, "verified": false, "price": {"tier": 2, "currency": "$", "message": "Moderate"}}, "referralId": "e-3-53db2d39498ec0fd0ec66307-28", "tips": [{"logView": true, "photo": {"id": "57d64cb1cd10ffc108454678", "visibility": "public", "source": {"name": "Foursquare for iOS", "url": "https://foursquare.com/download/#/iphone"}, "suffix": "/83608823_qMiLKKFdfoI-_vMIkl5ZEen9i66QoL_TG1Z9e7GJ0aI.jpg", "createdAt": 1473662129, "prefix": "https://igx.4sqi.net/img/general/", "width": 1920, "height": 1440}, "createdAt": 1473662128, "agreeCount": 0, "id": "57d64cb0498eee7dea9649f8", "text": "Not so crowded on a Saturday, good for families. Their lychee tea is yummy. Soup is peppery... Food is average. Nothing stands out.", "type": "user", "disagreeCount": 0, "user": {"gender": "female", "id": "83608823", "photo": {"prefix": "https://igx.4sqi.net/img/user/", "suffix": "/83608823-WQJ4KTFAVOHFARLI.jpg"}, "firstName": "Dora", "lastName": "Choo"}, "canonicalUrl": "https://foursquare.com/item/57d64cb0498eee7dea9649f8", "todo": {"count": 0}, "photourl": "https://igx.4sqi.net/img/general/original/83608823_qMiLKKFdfoI-_vMIkl5ZEen9i66QoL_TG1Z9e7GJ0aI.jpg"}]}, {"reasons": {"items": [{"reasonName": "globalInteractionReason", "summary": "This spot is popular", "type": "general"}], "count": 0}, "venue": {"contact": {"facebook": "430014547170158", "facebookUsername": "yunnan.garden", "facebookName": "Yunnan Garden Restaurant", "phone": "+6566658888", "formattedPhone": "+65 6665 8888"}, "photos": {"groups": [], "count": 0}, "rating": 6.0, "menu": {"mobileUrl": "http://www.yunnangarden.com.sg/wp-content/uploads/2016/01/YNMENU-Final.pdf", "externalUrl": "http://www.yunnangarden.com.sg/wp-content/uploads/2016/01/YNMENU-Final.pdf", "url": "http://www.yunnangarden.com.sg/wp-content/uploads/2016/01/YNMENU-Final.pdf", "anchor": "View Menu", "label": "Menu", "type": "Menu"}, "name": "Yunnan Garden \u96f2\u5357\u5712", "ratingSignals": 9, "allowMenuUrlEdit": true, "categories": [{"pluralName": "Yunnan Restaurants", "id": "52af3b9a3cf9994f4e043c07", "primary": true, "icon": {"prefix": "https://ss3.4sqi.net/img/categories_v2/food/asian_", "suffix": ".png"}, "name": "Yunnan Restaurant", "shortName": "Yunnan"}], "stats": {"checkinsCount": 611, "usersCount": 413, "tipCount": 5}, "id": "4d848e8ce83fa1434b7a65a1", "beenHere": {"lastCheckinExpiredAt": 0, "count": 0, "marked": false}, "url": "http://www.yunnangarden.com.sg", "ratingColor": "FFC800", "location": {"lng": 103.78819660523452, "formattedAddress": ["#02-02 Galaxis (1 Fusionopolis Pl.)", "138522", "Singapore"], "postalCode": "138522", "lat": 1.299155941586916, "crossStreet": "1 Fusionopolis Pl.", "country": "Singapore", "distance": 747, "city": "Singapore", "cc": "SG", "address": "#02-02 Galaxis", "labeledLatLngs": [{"lng": 103.78819660523452, "label": "display", "lat": 1.299155941586916}]}, "hours": {"isLocalHoliday": false, "isOpen": true, "status": "Open until 9:00 PM"}, "verified": false, "hereNow": {"groups": [], "summary": "Nobody here", "count": 0}}, "referralId": "e-3-4d848e8ce83fa1434b7a65a1-29", "tips": [{"id": "4d8492e6f9f3a1cd3102b864", "text": "Sweet & sour fish is a must-try!", "disagreeCount": 0, "logView": true, "createdAt": 1300533990, "likes": {"groups": [], "summary": "2 likes", "count": 2}, "todo": {"count": 0}, "agreeCount": 1, "canonicalUrl": "https://foursquare.com/item/4d8492e6f9f3a1cd3102b864", "type": "user", "user": {"id": "3547036", "photo": {"prefix": "https://igx.4sqi.net/img/user/", "suffix": "/42NT0VPGBN0YGJXG.jpg"}, "firstName": "Janice", "gender": "female"}}]}, {"reasons": {"items": [{"reasonName": "globalInteractionReason", "summary": "This spot is popular", "type": "general"}], "count": 0}, "venue": {"id": "4ce4b3ef637c6ea8d1055a42", "hereNow": {"groups": [], "summary": "Nobody here", "count": 0}, "contact": {}, "beenHere": {"lastCheckinExpiredAt": 0, "count": 0, "marked": false}, "photos": {"groups": [], "count": 0}, "name": "Ayer Rajah Food Centre 3", "location": {"formattedAddress": ["51A Ayer Rajah Crescent", "139956", "Singapore"], "postalCode": "139956", "lat": 1.2919715908559524, "lng": 103.7868780462221, "country": "Singapore", "distance": 300, "city": "Singapore", "cc": "SG", "address": "51A Ayer Rajah Crescent", "labeledLatLngs": [{"lng": 103.7868780462221, "label": "display", "lat": 1.2919715908559524}]}, "allowMenuUrlEdit": true, "verified": false, "categories": [{"pluralName": "Food Courts", "id": "4bf58dd8d48988d120951735", "primary": true, "icon": {"prefix": "https://ss3.4sqi.net/img/categories_v2/shops/food_foodcourt_", "suffix": ".png"}, "name": "Food Court", "shortName": "Food Court"}], "stats": {"checkinsCount": 184, "usersCount": 37, "tipCount": 0}}, "referralId": "e-3-4ce4b3ef637c6ea8d1055a42-30"}, {"reasons": {"items": [{"reasonName": "globalInteractionReason", "summary": "This spot is popular", "type": "general"}], "count": 0}, "venue": {"hereNow": {"groups": [], "summary": "Nobody here", "count": 0}, "contact": {}, "photos": {"groups": [], "count": 0}, "name": "Delifrance NUH", "allowMenuUrlEdit": true, "beenHere": {"lastCheckinExpiredAt": 0, "count": 0, "marked": false}, "stats": {"checkinsCount": 50, "usersCount": 38, "tipCount": 0}, "id": "4d2677e877a2a1cd9d0e50b7", "categories": [{"pluralName": "Caf\u00e9s", "id": "4bf58dd8d48988d16d941735", "primary": true, "icon": {"prefix": "https://ss3.4sqi.net/img/categories_v2/food/cafe_", "suffix": ".png"}, "name": "Caf\u00e9", "shortName": "Caf\u00e9"}], "location": {"formattedAddress": ["Singapore"], "lat": 1.2953371994097367, "lng": 103.78258857442536, "country": "Singapore", "distance": 308, "city": "Singapore", "cc": "SG", "labeledLatLngs": [{"lng": 103.78258857442536, "label": "display", "lat": 1.2953371994097367}]}, "verified": false, "price": {"tier": 1, "currency": "$", "message": "Cheap"}}, "referralId": "e-3-4d2677e877a2a1cd9d0e50b7-31"}, {"reasons": {"items": [{"reasonName": "globalInteractionReason", "summary": "This spot is popular", "type": "general"}], "count": 0}, "venue": {"hereNow": {"groups": [], "summary": "Nobody here", "count": 0}, "contact": {}, "photos": {"groups": [], "count": 0}, "name": "Megabytes @ Science Fac", "allowMenuUrlEdit": true, "beenHere": {"lastCheckinExpiredAt": 0, "count": 0, "marked": false}, "stats": {"checkinsCount": 36, "usersCount": 31, "tipCount": 1}, "id": "4c36ad5893db0f4733941e92", "categories": [{"pluralName": "Caf\u00e9s", "id": "4bf58dd8d48988d16d941735", "primary": true, "icon": {"prefix": "https://ss3.4sqi.net/img/categories_v2/food/cafe_", "suffix": ".png"}, "name": "Caf\u00e9", "shortName": "Caf\u00e9"}], "location": {"formattedAddress": ["NUS", "119079", "Singapore"], "postalCode": "119079", "lat": 1.296443, "lng": 103.783393, "distance": 359, "country": "Singapore", "cc": "SG", "address": "NUS", "labeledLatLngs": [{"lng": 103.783393, "label": "display", "lat": 1.296443}]}, "verified": false, "price": {"tier": 1, "currency": "$", "message": "Cheap"}}, "referralId": "e-3-4c36ad5893db0f4733941e92-32", "tips": [{"id": "4cf485eb7e93f04d90085e69", "text": "Sake Teriyaki ain't cheap, but the salmon with cream sauce is one of the best pasta you can find around nus!", "disagreeCount": 0, "createdAt": 1291093483, "logView": true, "todo": {"count": 0}, "agreeCount": 0, "canonicalUrl": "https://foursquare.com/item/4cf485eb7e93f04d90085e69", "type": "user", "user": {"gender": "male", "id": "3566350", "photo": {"prefix": "https://igx.4sqi.net/img/user/", "suffix": "/YJVTLXFPDAIC01QO.jpg"}, "firstName": "Deming", "lastName": "Lee"}}]}, {"reasons": {"items": [{"reasonName": "globalInteractionReason", "summary": "This spot is popular", "type": "general"}], "count": 0}, "venue": {"hereNow": {"groups": [], "summary": "Nobody here", "count": 0}, "contact": {"phone": "+6564663511", "formattedPhone": "+65 6466 3511"}, "photos": {"groups": [], "count": 0}, "rating": 5.9, "name": "Shin Nichi Japanese Restaurant", "ratingSignals": 12, "allowMenuUrlEdit": true, "categories": [{"pluralName": "Japanese Restaurants", "id": "4bf58dd8d48988d111941735", "primary": true, "icon": {"prefix": "https://ss3.4sqi.net/img/categories_v2/food/japanese_", "suffix": ".png"}, "name": "Japanese Restaurant", "shortName": "Japanese"}], "stats": {"checkinsCount": 354, "usersCount": 195, "tipCount": 4}, "id": "4b88af60f964a520950832e3", "beenHere": {"lastCheckinExpiredAt": 0, "count": 0, "marked": false}, "ratingColor": "FF9600", "location": {"formattedAddress": ["1 Fusionopolis Way", "138632", "Singapore"], "postalCode": "138632", "lat": 1.298956, "lng": 103.787526, "country": "Singapore", "distance": 691, "city": "Singapore", "cc": "SG", "address": "1 Fusionopolis Way", "labeledLatLngs": [{"lng": 103.787526, "label": "display", "lat": 1.298956}]}, "hours": {"isLocalHoliday": false, "isOpen": false}, "verified": false, "price": {"tier": 2, "currency": "$", "message": "Moderate"}}, "referralId": "e-3-4b88af60f964a520950832e3-33", "tips": [{"id": "523b13af11d2cd30afce0828", "text": "Reasonably priced and comes with hot green tea. Try the matcha ice cream. Thank me later.", "disagreeCount": 0, "createdAt": 1379603375, "logView": true, "todo": {"count": 0}, "agreeCount": 0, "canonicalUrl": "https://foursquare.com/item/523b13af11d2cd30afce0828", "type": "user", "user": {"gender": "female", "id": "45120299", "photo": {"prefix": "https://igx.4sqi.net/img/user/", "suffix": "/45120299-OLZGHRATPABNVNHX.jpg"}, "firstName": "Elaine", "lastName": "Huang"}}]}, {"reasons": {"items": [{"reasonName": "globalInteractionReason", "summary": "This spot is popular", "type": "general"}], "count": 0}, "venue": {"hereNow": {"groups": [], "summary": "Nobody here", "count": 0}, "contact": {"facebook": "473237069527657", "facebookUsername": "twifsg", "facebookName": "The World is Flat by Tanuki Raw"}, "photos": {"groups": [], "count": 0}, "rating": 5.7, "name": "The World Is Flat by Tanuki Raw", "ratingSignals": 9, "allowMenuUrlEdit": true, "categories": [{"pluralName": "Pizza Places", "id": "4bf58dd8d48988d1ca941735", "primary": true, "icon": {"prefix": "https://ss3.4sqi.net/img/categories_v2/food/pizza_", "suffix": ".png"}, "name": "Pizza Place", "shortName": "Pizza"}], "stats": {"checkinsCount": 60, "usersCount": 32, "tipCount": 5}, "id": "56f759e1498ef05c09f550fb", "beenHere": {"lastCheckinExpiredAt": 0, "count": 0, "marked": false}, "url": "http://timbreplus.sg/community/the-world-is-flat/", "ratingColor": "FF9600", "location": {"lng": 103.78752317648734, "formattedAddress": ["#01-04/05, timbre+ (@ JTC LaunchPad @ one-North) (73A Ayer Rajah Crescent)", "139957", "Singapore"], "postalCode": "139957", "lat": 1.2976281915059729, "crossStreet": "73A Ayer Rajah Crescent", "country": "Singapore", "distance": 564, "city": "Singapore", "cc": "SG", "address": "#01-04/05, timbre+ (@ JTC LaunchPad @ one-North)", "labeledLatLngs": [{"lng": 103.78752317648734, "label": "display", "lat": 1.2976281915059729}]}, "hours": {"isLocalHoliday": false, "isOpen": true, "status": "Open until 11:00 PM"}, "verified": false, "price": {"tier": 1, "currency": "$", "message": "Cheap"}}, "referralId": "e-3-56f759e1498ef05c09f550fb-34", "tips": [{"todo": {"count": 0}, "logView": true, "photo": {"id": "570cad54498ee0cb00ee2d2e", "visibility": "public", "source": {"name": "Foursquare Web", "url": "https://foursquare.com"}, "suffix": "/234324_2dK3nfpSOFTDwSrjXLmAIJeH42a8-jpqlKfoEwwMhhQ.jpg", "createdAt": 1460448596, "prefix": "https://igx.4sqi.net/img/general/", "width": 1454, "height": 1454}, "createdAt": 1460448593, "editedAt": 1460449200, "agreeCount": 1, "likes": {"groups": [], "summary": "1 like", "count": 1}, "id": "570cad51cd10adbd71e2f320", "text": "The pizzas here bring a whole new meaning to \"loaded\". The 'Fat Samurai' is a case in point. Reviewed in 8Days (No. 1330, 14 Apr 2016).", "disagreeCount": 0, "user": {"gender": "male", "id": "234324", "photo": {"prefix": "https://igx.4sqi.net/img/user/", "suffix": "/FIH1ERWONCZI4K3D.jpg"}, "firstName": "gerard", "lastName": "t"}, "canonicalUrl": "https://foursquare.com/item/570cad51cd10adbd71e2f320", "type": "user", "photourl": "https://igx.4sqi.net/img/general/original/234324_2dK3nfpSOFTDwSrjXLmAIJeH42a8-jpqlKfoEwwMhhQ.jpg"}]}, {"reasons": {"items": [{"reasonName": "globalInteractionReason", "summary": "This spot is popular", "type": "general"}], "count": 0}, "venue": {"hereNow": {"groups": [], "summary": "Nobody here", "count": 0}, "contact": {}, "photos": {"groups": [], "count": 0}, "name": "Asian Mini Wok", "allowMenuUrlEdit": true, "beenHere": {"lastCheckinExpiredAt": 0, "count": 0, "marked": false}, "stats": {"checkinsCount": 33, "usersCount": 12, "tipCount": 1}, "id": "4ce7b7f4678aa093b909e4ea", "categories": [{"pluralName": "Asian Restaurants", "id": "4bf58dd8d48988d142941735", "primary": true, "icon": {"prefix": "https://ss3.4sqi.net/img/categories_v2/food/asian_", "suffix": ".png"}, "name": "Asian Restaurant", "shortName": "Asian"}], "location": {"formattedAddress": ["PGP Canteen, Prince George's Park Residences", "Singapore"], "lat": 1.291017, "lng": 103.782195, "country": "Singapore", "distance": 384, "city": "Singapore", "cc": "SG", "address": "PGP Canteen, Prince George's Park Residences", "labeledLatLngs": [{"lng": 103.782195, "label": "display", "lat": 1.291017}]}, "verified": false, "price": {"tier": 2, "currency": "$", "message": "Moderate"}}, "referralId": "e-3-4ce7b7f4678aa093b909e4ea-35", "tips": [{"id": "4d294981342d6dcb66e401cb", "text": "Beancurd hotplate and sambal kangkung beef rice are pretty tasty!", "disagreeCount": 0, "logView": true, "createdAt": 1294551425, "likes": {"groups": [], "summary": "1 like", "count": 1}, "todo": {"count": 0}, "agreeCount": 0, "canonicalUrl": "https://foursquare.com/item/4d294981342d6dcb66e401cb", "type": "user", "user": {"id": "5040635", "photo": {"prefix": "https://igx.4sqi.net/img/user/", "suffix": "/HFRBOWMSEU3EFQGD.jpg"}, "firstName": "Wen Chean", "gender": "female"}}]}, {"reasons": {"items": [{"reasonName": "globalInteractionReason", "summary": "This spot is popular", "type": "general"}], "count": 0}, "venue": {"hereNow": {"groups": [], "summary": "Nobody here", "count": 0}, "contact": {}, "photos": {"groups": [], "count": 0}, "name": "Dilys Creation", "allowMenuUrlEdit": true, "beenHere": {"lastCheckinExpiredAt": 0, "count": 0, "marked": false}, "stats": {"checkinsCount": 30, "usersCount": 17, "tipCount": 2}, "id": "55c2ff9d498ea9a2634e7d0d", "categories": [{"pluralName": "Snack Places", "id": "4bf58dd8d48988d1c7941735", "primary": true, "icon": {"prefix": "https://ss3.4sqi.net/img/categories_v2/food/snacks_", "suffix": ".png"}, "name": "Snack Place", "shortName": "Snacks"}], "location": {"lng": 103.7815756452211, "formattedAddress": ["#01-03 14 Medical Drive (Yong Loo Lin School of Medicine)", "Singapore"], "lat": 1.295255165090282, "crossStreet": "Yong Loo Lin School of Medicine", "state": "Singapore", "distance": 394, "country": "Singapore", "cc": "SG", "address": "#01-03 14 Medical Drive", "labeledLatLngs": [{"lng": 103.7815756452211, "label": "display", "lat": 1.295255165090282}]}, "verified": false, "price": {"tier": 1, "currency": "$", "message": "Cheap"}}, "referralId": "e-3-55c2ff9d498ea9a2634e7d0d-36", "tips": [{"id": "58764d81809a7731c0884960", "text": "At least it's cheaper and slightly better caifan than Kopitiam", "disagreeCount": 0, "createdAt": 1484148097, "logView": true, "todo": {"count": 0}, "agreeCount": 0, "canonicalUrl": "https://foursquare.com/item/58764d81809a7731c0884960", "type": "user", "user": {"id": "48356920", "photo": {"prefix": "https://igx.4sqi.net/img/user/", "suffix": "/48356920_APWea3Qr_2kJCnTjXjjS776zSTVUilnT6ZWCzibK5TdmGFur0ar41b5iOFETzIPCjv3FOUI2N.jpg"}, "firstName": "C", "gender": "male"}}]}, {"reasons": {"items": [{"reasonName": "globalInteractionReason", "summary": "This spot is popular", "type": "general"}], "count": 0}, "venue": {"hereNow": {"groups": [], "summary": "Nobody here", "count": 0}, "contact": {}, "photos": {"groups": [], "count": 0}, "name": "2nd floor food court @ blk 67 ayer rajah crescent", "allowMenuUrlEdit": true, "beenHere": {"lastCheckinExpiredAt": 0, "count": 0, "marked": false}, "stats": {"checkinsCount": 105, "usersCount": 47, "tipCount": 4}, "id": "4bbeb747f353d13ad1ad7d10", "categories": [{"pluralName": "Chinese Restaurants", "id": "4bf58dd8d48988d145941735", "primary": true, "icon": {"prefix": "https://ss3.4sqi.net/img/categories_v2/food/asian_", "suffix": ".png"}, "name": "Chinese Restaurant", "shortName": "Chinese"}], "location": {"formattedAddress": ["Singapore"], "lat": 1.296260378968383, "lng": 103.78683843306086, "distance": 396, "country": "Singapore", "cc": "SG", "labeledLatLngs": [{"lng": 103.78683843306086, "label": "display", "lat": 1.296260378968383}]}, "verified": false, "price": {"tier": 1, "currency": "$", "message": "Cheap"}}, "referralId": "e-3-4bbeb747f353d13ad1ad7d10-37", "tips": [{"id": "4bf612fe70c603bbd4569cb4", "text": "Try the new Korean stall. Beef is very good!", "disagreeCount": 0, "logView": true, "createdAt": 1274417918, "likes": {"groups": [], "summary": "3 likes", "count": 3}, "todo": {"count": 0}, "agreeCount": 0, "canonicalUrl": "https://foursquare.com/item/4bf612fe70c603bbd4569cb4", "type": "user", "user": {"id": "1306548", "photo": {"prefix": "https://igx.4sqi.net/img/user/", "suffix": "/AP34HWB1FIH54IEI.jpg"}, "firstName": "Arnaud C.", "gender": "male"}}]}, {"reasons": {"items": [{"reasonName": "globalInteractionReason", "summary": "This spot is popular", "type": "general"}], "count": 0}, "venue": {"contact": {}, "photos": {"groups": [], "count": 0}, "name": "Jew Kit Food Court", "allowMenuUrlEdit": true, "beenHere": {"lastCheckinExpiredAt": 0, "count": 0, "marked": false}, "stats": {"checkinsCount": 297, "usersCount": 42, "tipCount": 0}, "id": "4e9b846202d5df1b50ad6bcb", "categories": [{"pluralName": "Food Courts", "id": "4bf58dd8d48988d120951735", "primary": true, "icon": {"prefix": "https://ss3.4sqi.net/img/categories_v2/shops/food_foodcourt_", "suffix": ".png"}, "name": "Food Court", "shortName": "Food Court"}], "location": {"formattedAddress": ["69 Ayer Rajah Crescent #02-01", "Singapore"], "lat": 1.2964916919685716, "lng": 103.78680447893193, "country": "Singapore", "distance": 414, "city": "Singapore", "cc": "SG", "address": "69 Ayer Rajah Crescent #02-01", "labeledLatLngs": [{"lng": 103.78680447893193, "label": "display", "lat": 1.2964916919685716}]}, "hours": {"isLocalHoliday": false, "isOpen": false}, "verified": false, "hereNow": {"groups": [], "summary": "Nobody here", "count": 0}}, "referralId": "e-3-4e9b846202d5df1b50ad6bcb-38"}, {"reasons": {"items": [{"reasonName": "globalInteractionReason", "summary": "This spot is popular", "type": "general"}], "count": 0}, "venue": {"hereNow": {"groups": [], "summary": "Nobody here", "count": 0}, "contact": {}, "photos": {"groups": [], "count": 0}, "name": "XIAO MEI Coffee Stall", "allowMenuUrlEdit": true, "beenHere": {"lastCheckinExpiredAt": 0, "count": 0, "marked": false}, "stats": {"checkinsCount": 305, "usersCount": 47, "tipCount": 1}, "id": "4da4df987ccc816e8b869b7b", "categories": [{"pluralName": "Breakfast Spots", "id": "4bf58dd8d48988d143941735", "primary": true, "icon": {"prefix": "https://ss3.4sqi.net/img/categories_v2/food/breakfast_", "suffix": ".png"}, "name": "Breakfast Spot", "shortName": "Breakfast"}], "location": {"formattedAddress": ["2-4 Ayer Rajah Crescent", "Singapore"], "lat": 1.2937162604031356, "lng": 103.78841165041732, "country": "Singapore", "distance": 421, "city": "Singapore", "cc": "SG", "address": "2-4 Ayer Rajah Crescent", "labeledLatLngs": [{"lng": 103.78841165041732, "label": "display", "lat": 1.2937162604031356}]}, "hours": {"isLocalHoliday": false, "isOpen": false}, "verified": false, "price": {"tier": 1, "currency": "$", "message": "Cheap"}}, "referralId": "e-3-4da4df987ccc816e8b869b7b-39", "tips": [{"id": "4f20c064e4b0b69d77e55da0", "text": "Nice coffee!", "disagreeCount": 0, "createdAt": 1327546468, "logView": true, "todo": {"count": 0}, "agreeCount": 0, "canonicalUrl": "https://foursquare.com/item/4f20c064e4b0b69d77e55da0", "type": "user", "user": {"gender": "male", "id": "16294911", "photo": {"prefix": "https://igx.4sqi.net/img/user/", "suffix": "/YCNSKT2CIKSKA1WB.jpg"}, "firstName": "Lim", "lastName": "Kelvin"}}]}, {"reasons": {"items": [{"reasonName": "globalInteractionReason", "summary": "This spot is popular", "type": "general"}], "count": 0}, "venue": {"id": "4c92e94c6cfea0934416b68b", "hereNow": {"groups": [], "summary": "Nobody here", "count": 0}, "contact": {}, "beenHere": {"lastCheckinExpiredAt": 0, "count": 0, "marked": false}, "photos": {"groups": [], "count": 0}, "name": "Basement Food Court", "location": {"formattedAddress": ["Singapore"], "lat": 1.2922999498147973, "lng": 103.78832110503537, "country": "Singapore", "distance": 430, "city": "Singapore", "cc": "SG", "labeledLatLngs": [{"lng": 103.78832110503537, "label": "display", "lat": 1.2922999498147973}]}, "allowMenuUrlEdit": true, "verified": false, "categories": [{"pluralName": "Food Courts", "id": "4bf58dd8d48988d120951735", "primary": true, "icon": {"prefix": "https://ss3.4sqi.net/img/categories_v2/shops/food_foodcourt_", "suffix": ".png"}, "name": "Food Court", "shortName": "Food Court"}], "stats": {"checkinsCount": 135, "usersCount": 35, "tipCount": 3}}, "referralId": "e-3-4c92e94c6cfea0934416b68b-40", "tips": [{"id": "4f320250e4b0224b4c794232", "text": "Briyani on Wednesday 's", "disagreeCount": 0, "logView": true, "createdAt": 1328677456, "likes": {"groups": [], "summary": "1 like", "count": 1}, "todo": {"count": 0}, "agreeCount": 0, "canonicalUrl": "https://foursquare.com/item/4f320250e4b0224b4c794232", "type": "user", "user": {"gender": "male", "id": "9302733", "photo": {"prefix": "https://igx.4sqi.net/img/user/", "suffix": "/R0XHKVKZEINF4Q33.jpg"}, "firstName": "Arnel", "lastName": "B."}}]}, {"reasons": {"items": [{"reasonName": "globalInteractionReason", "summary": "This spot is popular", "type": "general"}], "count": 0}, "venue": {"contact": {}, "photos": {"groups": [], "count": 0}, "name": "2nd Street Food Court", "allowMenuUrlEdit": true, "beenHere": {"lastCheckinExpiredAt": 0, "count": 0, "marked": false}, "stats": {"checkinsCount": 1779, "usersCount": 101, "tipCount": 1}, "id": "4c348176213c2d7f368a385d", "categories": [{"pluralName": "Food Courts", "id": "4bf58dd8d48988d120951735", "primary": true, "icon": {"prefix": "https://ss3.4sqi.net/img/categories_v2/shops/food_foodcourt_", "suffix": ".png"}, "name": "Food Court", "shortName": "Food Court"}], "location": {"formattedAddress": ["69 Ayer Rajah Crescent #02-01", "139961", "Singapore"], "postalCode": "139961", "lat": 1.2954938275667989, "lng": 103.7880721055487, "country": "Singapore", "distance": 444, "city": "Singapore", "cc": "SG", "address": "69 Ayer Rajah Crescent #02-01", "labeledLatLngs": [{"lng": 103.7880721055487, "label": "display", "lat": 1.2954938275667989}]}, "hours": {"isLocalHoliday": false, "isOpen": false}, "verified": false, "hereNow": {"groups": [], "summary": "Nobody here", "count": 0}}, "referralId": "e-3-4c348176213c2d7f368a385d-41", "tips": [{"id": "4f5717dde4b0720e06577ab6", "text": "The best time to have lunch is before 12pm. It's very crowded after 12.", "disagreeCount": 0, "createdAt": 1331107805, "logView": true, "todo": {"count": 0}, "agreeCount": 0, "canonicalUrl": "https://foursquare.com/item/4f5717dde4b0720e06577ab6", "type": "user", "user": {"gender": "male", "id": "501850", "photo": {"prefix": "https://igx.4sqi.net/img/user/", "suffix": "/0P5TGIBCCNGIFGOW.jpg"}, "firstName": "Phyoe", "lastName": "Wai"}}]}, {"reasons": {"items": [{"reasonName": "globalInteractionReason", "summary": "This spot is popular", "type": "general"}], "count": 0}, "venue": {"hereNow": {"groups": [], "summary": "Nobody here", "count": 0}, "contact": {}, "photos": {"groups": [], "count": 0}, "name": "Panda Delights @PGP Canteen", "allowMenuUrlEdit": true, "beenHere": {"lastCheckinExpiredAt": 0, "count": 0, "marked": false}, "stats": {"checkinsCount": 31, "usersCount": 13, "tipCount": 1}, "id": "4bf796dc4a67c928abed23cf", "categories": [{"pluralName": "Asian Restaurants", "id": "4bf58dd8d48988d142941735", "primary": true, "icon": {"prefix": "https://ss3.4sqi.net/img/categories_v2/food/asian_", "suffix": ".png"}, "name": "Asian Restaurant", "shortName": "Asian"}], "location": {"formattedAddress": ["Blk 8, 27 prince george's park", "Singapore"], "lat": 1.2916251985690401, "lng": 103.78107767164657, "distance": 445, "country": "Singapore", "cc": "SG", "address": "Blk 8, 27 prince george's park", "labeledLatLngs": [{"lng": 103.78107767164657, "label": "display", "lat": 1.2916251985690401}]}, "verified": false, "price": {"tier": 2, "currency": "$", "message": "Moderate"}}, "referralId": "e-3-4bf796dc4a67c928abed23cf-42", "tips": [{"id": "4c01d82570c603bbd38f9db4", "text": "Hot plate mushroom and tofu are yummy!", "disagreeCount": 0, "createdAt": 1275189285, "logView": true, "todo": {"count": 0}, "agreeCount": 0, "canonicalUrl": "https://foursquare.com/item/4c01d82570c603bbd38f9db4", "type": "user", "user": {"gender": "female", "id": "1298669", "photo": {"prefix": "https://igx.4sqi.net/img/user/", "suffix": "/MP5PC0M0W2WTSO0Z.jpg"}, "firstName": "Tammy", "lastName": "T"}}]}, {"reasons": {"items": [{"reasonName": "globalInteractionReason", "summary": "This spot is popular", "type": "general"}], "count": 0}, "venue": {"hereNow": {"groups": [], "summary": "Nobody here", "count": 0}, "contact": {}, "photos": {"groups": [], "count": 0}, "rating": 5.6, "name": "Dancing Crab Shack", "ratingSignals": 9, "allowMenuUrlEdit": true, "categories": [{"pluralName": "Seafood Restaurants", "id": "4bf58dd8d48988d1ce941735", "primary": true, "icon": {"prefix": "https://ss3.4sqi.net/img/categories_v2/food/seafood_", "suffix": ".png"}, "name": "Seafood Restaurant", "shortName": "Seafood"}], "stats": {"checkinsCount": 76, "usersCount": 61, "tipCount": 5}, "id": "5702897f498e23f33205bfdb", "beenHere": {"lastCheckinExpiredAt": 0, "count": 0, "marked": false}, "url": "http://timbreplus.sg/community/dancing-crab-shack/", "ratingColor": "FF9600", "location": {"lng": 103.78727983751571, "formattedAddress": ["#01-29, timbre+ (@ JTC LaunchPad @ one-North) (73A Ayer Rajah Crescent)", "139957", "Singapore"], "postalCode": "139957", "lat": 1.2975235697502074, "crossStreet": "73A Ayer Rajah Crescent", "country": "Singapore", "distance": 539, "city": "Singapore", "cc": "SG", "address": "#01-29, timbre+ (@ JTC LaunchPad @ one-North)", "labeledLatLngs": [{"lng": 103.78727983751571, "label": "display", "lat": 1.2975235697502074}]}, "hours": {"isLocalHoliday": false, "isOpen": true, "status": "Open until 11:00 PM"}, "verified": false, "price": {"tier": 3, "currency": "$", "message": "Expensive"}}, "referralId": "e-3-5702897f498e23f33205bfdb-43", "tips": [{"id": "587db6cdd25ded6a66d088cf", "text": "Seafood sandwiches.", "disagreeCount": 0, "createdAt": 1484633805, "logView": true, "todo": {"count": 0}, "agreeCount": 0, "canonicalUrl": "https://foursquare.com/item/587db6cdd25ded6a66d088cf", "type": "user", "user": {"gender": "male", "id": "44656752", "photo": {"prefix": "https://igx.4sqi.net/img/user/", "suffix": "/NRGIDRCJT4BNYZ2S.jpg"}, "firstName": "Jin Ngee", "lastName": "Chia"}}]}, {"reasons": {"items": [{"reasonName": "globalInteractionReason", "summary": "This spot is popular", "type": "general"}], "count": 0}, "venue": {"hereNow": {"groups": [], "summary": "Nobody here", "count": 0}, "contact": {"phone": "+6596900822", "formattedPhone": "+65 9690 0822"}, "photos": {"groups": [], "count": 0}, "name": "CAVEMAN FOOD", "allowMenuUrlEdit": true, "beenHere": {"lastCheckinExpiredAt": 0, "count": 0, "marked": false}, "stats": {"checkinsCount": 35, "usersCount": 33, "tipCount": 2}, "id": "55dd62ab498ee06f10a368b4", "categories": [{"pluralName": "Fast Food Restaurants", "id": "4bf58dd8d48988d16e941735", "primary": true, "icon": {"prefix": "https://ss3.4sqi.net/img/categories_v2/food/fastfood_", "suffix": ".png"}, "name": "Fast Food Restaurant", "shortName": "Fast Food"}], "location": {"lng": 103.78069853391011, "formattedAddress": ["1 Vista Exchange Green (The Star Vista #02-27C)", "138617", "Singapore"], "postalCode": "138617", "lat": 1.2918499257295224, "crossStreet": "The Star Vista #02-27C", "country": "Singapore", "distance": 473, "city": "Singapore", "cc": "SG", "address": "1 Vista Exchange Green", "labeledLatLngs": [{"lng": 103.78069853391011, "label": "display", "lat": 1.2918499257295224}]}, "verified": false, "price": {"tier": 1, "currency": "$", "message": "Cheap"}}, "referralId": "e-3-55dd62ab498ee06f10a368b4-44", "tips": [{"id": "56a47451498e248113fc7707", "text": "Paleo friendly. Main proteins are quite good but sides could be better.", "disagreeCount": 0, "createdAt": 1453618257, "logView": true, "todo": {"count": 0}, "agreeCount": 0, "canonicalUrl": "https://foursquare.com/item/56a47451498e248113fc7707", "type": "user", "user": {"gender": "female", "id": "42668193", "photo": {"prefix": "https://igx.4sqi.net/img/user/", "suffix": "/TD0GT2403DBIQDT5.jpg"}, "firstName": "Elizabeth", "lastName": "Lee"}}]}, {"reasons": {"items": [{"reasonName": "globalInteractionReason", "summary": "This spot is popular", "type": "general"}], "count": 0}, "venue": {"hereNow": {"groups": [], "summary": "Nobody here", "count": 0}, "contact": {}, "photos": {"groups": [], "count": 0}, "name": "DSTA Cafeteria", "allowMenuUrlEdit": true, "beenHere": {"lastCheckinExpiredAt": 0, "count": 0, "marked": false}, "stats": {"checkinsCount": 35, "usersCount": 13, "tipCount": 0}, "id": "4d86d6d95e70224be4a53e09", "categories": [{"pluralName": "Caf\u00e9s", "id": "4bf58dd8d48988d16d941735", "primary": true, "icon": {"prefix": "https://ss3.4sqi.net/img/categories_v2/food/cafe_", "suffix": ".png"}, "name": "Caf\u00e9", "shortName": "Caf\u00e9"}], "location": {"formattedAddress": ["71 Science Park Drive", "118253", "Singapore"], "postalCode": "118253", "lat": 1.291630684587494, "lng": 103.78863235504068, "country": "Singapore", "distance": 489, "city": "Singapore", "cc": "SG", "address": "71 Science Park Drive", "labeledLatLngs": [{"lng": 103.78863235504068, "label": "display", "lat": 1.291630684587494}]}, "verified": false, "price": {"tier": 1, "currency": "$", "message": "Cheap"}}, "referralId": "e-3-4d86d6d95e70224be4a53e09-45"}, {"reasons": {"items": [{"reasonName": "globalInteractionReason", "summary": "This spot is popular", "type": "general"}], "count": 0}, "venue": {"hereNow": {"groups": [], "summary": "Nobody here", "count": 0}, "contact": {}, "photos": {"groups": [], "count": 0}, "rating": 5.9, "name": "Best Bites @ Kendall", "ratingSignals": 12, "allowMenuUrlEdit": true, "categories": [{"pluralName": "Asian Restaurants", "id": "4bf58dd8d48988d142941735", "primary": true, "icon": {"prefix": "https://ss3.4sqi.net/img/categories_v2/food/asian_", "suffix": ".png"}, "name": "Asian Restaurant", "shortName": "Asian"}], "stats": {"checkinsCount": 1071, "usersCount": 132, "tipCount": 9}, "id": "4bd7c193f645c9b63db2a6e0", "beenHere": {"lastCheckinExpiredAt": 0, "count": 0, "marked": false}, "ratingColor": "FF9600", "location": {"lng": 103.78362414679606, "formattedAddress": ["Singapore"], "lat": 1.286444972125014, "crossStreet": "50 Science Park Road", "country": "Singapore", "distance": 789, "city": "Singapore", "cc": "SG", "labeledLatLngs": [{"lng": 103.78362414679606, "label": "display", "lat": 1.286444972125014}]}, "hours": {"isLocalHoliday": false, "isOpen": false}, "verified": false, "price": {"tier": 2, "currency": "$", "message": "Moderate"}}, "referralId": "e-3-4bd7c193f645c9b63db2a6e0-46", "tips": [{"id": "519af5d8498e56732146d730", "text": "Try the Chicken handmade noodle. Good taste. Good portion. Affordable", "disagreeCount": 0, "logView": true, "createdAt": 1369109976, "likes": {"groups": [], "summary": "2 likes", "count": 2}, "todo": {"count": 0}, "agreeCount": 2, "canonicalUrl": "https://foursquare.com/item/519af5d8498e56732146d730", "type": "user", "user": {"gender": "male", "id": "7420741", "photo": {"prefix": "https://igx.4sqi.net/img/user/", "suffix": "/QWSJB0E3TBDCCHM0.jpg"}, "firstName": "Pangeran", "lastName": "Situmorang"}}]}, {"reasons": {"items": [{"reasonName": "globalInteractionReason", "summary": "This spot is popular", "type": "general"}], "count": 0}, "venue": {"hereNow": {"groups": [], "summary": "Nobody here", "count": 0}, "contact": {}, "photos": {"groups": [], "count": 0}, "rating": 5.8, "name": "The Red Noodle & Bottle Bar", "ratingSignals": 8, "allowMenuUrlEdit": true, "categories": [{"pluralName": "Thai Restaurants", "id": "4bf58dd8d48988d149941735", "primary": true, "icon": {"prefix": "https://ss3.4sqi.net/img/categories_v2/food/thai_", "suffix": ".png"}, "name": "Thai Restaurant", "shortName": "Thai"}], "stats": {"checkinsCount": 85, "usersCount": 51, "tipCount": 2}, "id": "56aae05b498efacbe702fb1d", "beenHere": {"lastCheckinExpiredAt": 0, "count": 0, "marked": false}, "ratingColor": "FF9600", "location": {"formattedAddress": ["Singapore"], "lat": 1.2991273123985274, "lng": 103.78829280961598, "distance": 750, "country": "Singapore", "cc": "SG", "labeledLatLngs": [{"lng": 103.78829280961598, "label": "display", "lat": 1.2991273123985274}]}, "verified": false, "price": {"tier": 2, "currency": "$", "message": "Moderate"}}, "referralId": "e-3-56aae05b498efacbe702fb1d-47", "tips": [{"id": "57053185498e6141a8eb3470", "text": "Not happy with this place! Staff is not easy with English, food was mediocre, warm to have lunch and coconut ice cream was not so good!", "disagreeCount": 0, "createdAt": 1459958149, "logView": true, "todo": {"count": 0}, "agreeCount": 0, "canonicalUrl": "https://foursquare.com/item/57053185498e6141a8eb3470", "type": "user", "user": {"gender": "female", "id": "172931922", "photo": {"prefix": "https://igx.4sqi.net/img/user/", "suffix": "/172931922_81u2ITcv_i0BMDqN9QIQ6Vz8DiATQIvImvqBQWNHkTSierYX9G0sOCT-G09Q5TeDYhYymBPi6.jpg"}, "firstName": "Lp", "lastName": "Georgiou"}}]}, {"reasons": {"items": [{"reasonName": "globalInteractionReason", "summary": "This spot is popular", "type": "general"}], "count": 0}, "venue": {"hereNow": {"groups": [], "summary": "Nobody here", "count": 0}, "contact": {}, "photos": {"groups": [], "count": 0}, "name": "Kgourmet", "allowMenuUrlEdit": true, "beenHere": {"lastCheckinExpiredAt": 0, "count": 0, "marked": false}, "stats": {"checkinsCount": 175, "usersCount": 86, "tipCount": 2}, "id": "4c0c74ce336220a11756c977", "categories": [{"pluralName": "Caf\u00e9s", "id": "4bf58dd8d48988d16d941735", "primary": true, "icon": {"prefix": "https://ss3.4sqi.net/img/categories_v2/food/cafe_", "suffix": ".png"}, "name": "Caf\u00e9", "shortName": "Caf\u00e9"}], "location": {"formattedAddress": ["27 Prince George's Park", "118425", "Singapore"], "postalCode": "118425", "lat": 1.290577444655142, "lng": 103.78105503652786, "state": "Singapore", "distance": 511, "country": "Singapore", "cc": "SG", "address": "27 Prince George's Park", "labeledLatLngs": [{"lng": 103.78105503652786, "label": "display", "lat": 1.290577444655142}]}, "verified": false, "price": {"tier": 1, "currency": "$", "message": "Cheap"}}, "referralId": "e-3-4c0c74ce336220a11756c977-48", "tips": [{"id": "4cd1689a2fd9b60cddb686eb", "text": "Carbonara, chicken cutlet n lemon chicken ftw.. Or beef sandwich if u just feel like snacking", "disagreeCount": 0, "logView": true, "createdAt": 1288792218, "likes": {"groups": [], "summary": "4 likes", "count": 4}, "todo": {"count": 1}, "agreeCount": 0, "canonicalUrl": "https://foursquare.com/item/4cd1689a2fd9b60cddb686eb", "type": "user", "user": {"id": "4311014", "photo": {"prefix": "https://igx.4sqi.net/img/user/", "suffix": "/EW5LFNIG2X4FJAJQ.jpg"}, "firstName": "Jo Indra", "gender": "male"}}]}, {"reasons": {"items": [{"reasonName": "globalInteractionReason", "summary": "This spot is popular", "type": "general"}], "count": 0}, "venue": {"hereNow": {"groups": [], "summary": "Nobody here", "count": 0}, "contact": {}, "photos": {"groups": [], "count": 0}, "name": "K Gourmet Cafe @NUS- PGP Residence", "allowMenuUrlEdit": true, "beenHere": {"lastCheckinExpiredAt": 0, "count": 0, "marked": false}, "stats": {"checkinsCount": 246, "usersCount": 103, "tipCount": 4}, "id": "4ba484f9f964a520ffa138e3", "categories": [{"pluralName": "Caf\u00e9s", "id": "4bf58dd8d48988d16d941735", "primary": true, "icon": {"prefix": "https://ss3.4sqi.net/img/categories_v2/food/cafe_", "suffix": ".png"}, "name": "Caf\u00e9", "shortName": "Caf\u00e9"}], "location": {"lng": 103.78095883731578, "formattedAddress": ["NUS (Prince George Park)", "118425", "Singapore"], "postalCode": "118425", "lat": 1.290603747627156, "crossStreet": "Prince George Park", "country": "Singapore", "distance": 518, "city": "Singapore", "cc": "SG", "address": "NUS", "labeledLatLngs": [{"lng": 103.78095883731578, "label": "display", "lat": 1.290603747627156}]}, "verified": false, "price": {"tier": 1, "currency": "$", "message": "Cheap"}}, "referralId": "e-3-4ba484f9f964a520ffa138e3-49", "tips": [{"id": "4ba4856770c603bb170e95b4", "text": "Chicken Fried Rice is great come with a delicious mushroom soup and the ice cream dessert is worth it!", "disagreeCount": 0, "logView": true, "createdAt": 1269073255, "likes": {"groups": [], "summary": "2 likes", "count": 2}, "todo": {"count": 0}, "agreeCount": 1, "canonicalUrl": "https://foursquare.com/item/4ba4856770c603bb170e95b4", "type": "user", "user": {"gender": "male", "id": "418634", "photo": {"prefix": "https://igx.4sqi.net/img/user/", "suffix": "/2FUKFLJEJHQGFYV0.jpg"}, "firstName": "Riduan", "lastName": "Ahmad"}}]}], "name": "recommended", "type": "Recommended Places"}], "query": "food", "headerLocation": "Central Region"}}