{"meta": {"code": 200, "requestId": "595a3b8add57972d2993c615"}, "response": {"suggestedFilters": {"filters": [{"name": "Open now", "key": "openNow"}], "header": "Tap to show:"}, "totalResults": 105, "headerFullLocation": "Central Region, Singapore", "headerLocationGranularity": "neighborhood", "suggestedBounds": {"ne": {"lng": 103.81012795668042, "lat": 1.2795327387964772}, "sw": {"lng": 103.79575128415959, "lat": 1.265132724396463}}, "groups": [{"items": [{"reasons": {"items": [{"reasonName": "globalInteractionReason", "summary": "This spot is popular", "type": "general"}], "count": 0}, "venue": {"contact": {}, "photos": {"groups": [], "count": 0}, "rating": 5.4, "name": "Pies & Coffee", "ratingSignals": 8, "allowMenuUrlEdit": true, "categories": [{"pluralName": "Pie Shops", "id": "52e81612bcbc57f1066b7a0a", "primary": true, "icon": {"prefix": "https://ss3.4sqi.net/img/categories_v2/food/pieshop_", "suffix": ".png"}, "name": "Pie Shop", "shortName": "Pie Shop"}], "stats": {"checkinsCount": 137, "usersCount": 84, "tipCount": 3}, "id": "55349732498e4134d72cec76", "beenHere": {"lastCheckinExpiredAt": 0, "count": 0, "marked": false}, "ratingColor": "FF9600", "location": {"lat": 1.2739251516272954, "distance": 232, "country": "Singapore", "cc": "SG", "crossStreet": "460 Alexandra Road", "formattedAddress": ["Alexandra Retail Centre (ARC) #01-18 (460 Alexandra Road)", "119963", "Singapore"], "city": "Singapore", "lng": 103.80159231116394, "state": "Singapor3", "labeledLatLngs": [{"lng": 103.80159231116394, "label": "display", "lat": 1.2739251516272954}], "address": "Alexandra Retail Centre (ARC) #01-18", "postalCode": "119963"}, "verified": false, "hereNow": {"groups": [], "summary": "Nobody here", "count": 0}}, "referralId": "e-3-55349732498e4134d72cec76-50", "tips": [{"logView": true, "photo": {"id": "576f749a498eecbf1fce028d", "visibility": "public", "source": {"name": "Foursquare for iOS", "url": "https://foursquare.com/download/#/iphone"}, "suffix": "/79114258_KMkQwEE1aafkgqIRAt7S8YKGyWs_dWW0aTbNAbHdwFQ.jpg", "createdAt": 1466922138, "prefix": "https://igx.4sqi.net/img/general/", "width": 1920, "height": 1440}, "createdAt": 1466922136, "agreeCount": 0, "id": "576f7498498ef8c95ff01431", "text": "Tasty rendang beef pie, mash and salad. Good coffee", "type": "user", "disagreeCount": 0, "user": {"gender": "male", "id": "79114258", "photo": {"prefix": "https://igx.4sqi.net/img/user/", "suffix": "/79114258-3RKFRQUMPIEZHYOQ.jpg"}, "firstName": "Ben", "lastName": "Mayson"}, "canonicalUrl": "https://foursquare.com/item/576f7498498ef8c95ff01431", "todo": {"count": 0}, "photourl": "https://igx.4sqi.net/img/general/original/79114258_KMkQwEE1aafkgqIRAt7S8YKGyWs_dWW0aTbNAbHdwFQ.jpg"}]}, {"reasons": {"items": [{"reasonName": "globalInteractionReason", "summary": "This spot is popular", "type": "general"}], "count": 0}, "venue": {"hereNow": {"groups": [], "summary": "Nobody here", "count": 0}, "contact": {"phone": "+6592716835", "formattedPhone": "+65 9271 6835"}, "photos": {"groups": [], "count": 0}, "rating": 5.3, "name": "Komala's Restaurant", "ratingSignals": 14, "allowMenuUrlEdit": true, "categories": [{"pluralName": "Indian Restaurants", "id": "4bf58dd8d48988d10f941735", "primary": true, "icon": {"prefix": "https://ss3.4sqi.net/img/categories_v2/food/indian_", "suffix": ".png"}, "name": "Indian Restaurant", "shortName": "Indian"}], "stats": {"checkinsCount": 246, "usersCount": 119, "tipCount": 4}, "id": "50d95c58e4b0ecbb11243a36", "beenHere": {"lastCheckinExpiredAt": 0, "count": 0, "marked": false}, "ratingColor": "FF9600", "location": {"lng": 103.80194886903587, "formattedAddress": ["#01-01, Alexandra Retail Centre (460 Alexandra Rd.)", "119963", "Singapore"], "postalCode": "119963", "lat": 1.2738402813887055, "crossStreet": "460 Alexandra Rd.", "country": "Singapore", "distance": 200, "city": "Singapore", "cc": "SG", "address": "#01-01, Alexandra Retail Centre", "labeledLatLngs": [{"lng": 103.80194886903587, "label": "display", "lat": 1.2738402813887055}]}, "verified": false, "price": {"tier": 2, "currency": "$", "message": "Moderate"}}, "referralId": "e-3-50d95c58e4b0ecbb11243a36-51", "tips": [{"logView": true, "photo": {"id": "5189d815498ef7ed5bb2f294", "visibility": "public", "source": {"name": "Foursquare for iOS", "url": "https://foursquare.com/download/#/iphone"}, "suffix": "/1999215_GAj9hm8gIYnHsCchzFJVfKiTZJ_YviRMv1aHS_Vext0.jpg", "createdAt": 1367988245, "prefix": "https://igx.4sqi.net/img/general/", "width": 1434, "height": 1918}, "createdAt": 1367988177, "todo": {"count": 0}, "agreeCount": 1, "likes": {"groups": [], "summary": "1 like", "count": 1}, "id": "5189d7d1498edd30487e4353", "text": "Set meals from $5.50-$9.50, probably the cheaper at ARC center. Indian music included!", "disagreeCount": 0, "user": {"gender": "male", "id": "1999215", "photo": {"prefix": "https://igx.4sqi.net/img/user/", "suffix": "/LI140M5M1WGORZBA.jpg"}, "firstName": "Martin", "lastName": "P"}, "canonicalUrl": "https://foursquare.com/item/5189d7d1498edd30487e4353", "type": "user", "photourl": "https://igx.4sqi.net/img/general/original/1999215_GAj9hm8gIYnHsCchzFJVfKiTZJ_YviRMv1aHS_Vext0.jpg"}]}, {"reasons": {"items": [{"reasonName": "globalInteractionReason", "summary": "This spot is popular", "type": "general"}], "count": 0}, "venue": {"hereNow": {"groups": [], "summary": "Nobody here", "count": 0}, "contact": {}, "photos": {"groups": [], "count": 0}, "name": "Kaisen Ichi", "allowMenuUrlEdit": true, "beenHere": {"lastCheckinExpiredAt": 0, "count": 0, "marked": false}, "stats": {"checkinsCount": 87, "usersCount": 41, "tipCount": 0}, "id": "573ae3a3cd108d86ed8f9573", "categories": [{"pluralName": "Japanese Restaurants", "id": "4bf58dd8d48988d111941735", "primary": true, "icon": {"prefix": "https://ss3.4sqi.net/img/categories_v2/food/japanese_", "suffix": ".png"}, "name": "Japanese Restaurant", "shortName": "Japanese"}], "location": {"formattedAddress": ["Block 40 Mapletree Business City", "Singapore"], "lat": 1.274916047230836, "lng": 103.80078298488576, "country": "Singapore", "distance": 374, "city": "Singapore", "cc": "SG", "address": "Block 40 Mapletree Business City", "labeledLatLngs": [{"lng": 103.80078298488576, "label": "display", "lat": 1.274916047230836}]}, "verified": false, "price": {"tier": 2, "currency": "$", "message": "Moderate"}}, "referralId": "e-3-573ae3a3cd108d86ed8f9573-52"}, {"reasons": {"items": [{"reasonName": "globalInteractionReason", "summary": "This spot is popular", "type": "general"}], "count": 0}, "venue": {"hereNow": {"groups": [], "summary": "Nobody here", "count": 0}, "contact": {}, "photos": {"groups": [], "count": 0}, "name": "Crystal Jade Express", "allowMenuUrlEdit": true, "beenHere": {"lastCheckinExpiredAt": 0, "count": 0, "marked": false}, "stats": {"checkinsCount": 374, "usersCount": 194, "tipCount": 2}, "id": "4d2e7b8e79dd6ea821b989d3", "categories": [{"pluralName": "Asian Restaurants", "id": "4bf58dd8d48988d142941735", "primary": true, "icon": {"prefix": "https://ss3.4sqi.net/img/categories_v2/food/asian_", "suffix": ".png"}, "name": "Asian Restaurant", "shortName": "Asian"}], "location": {"formattedAddress": ["@ MBC", "Singapore"], "lat": 1.2746568390488053, "lng": 103.80010383371123, "country": "Singapore", "distance": 408, "city": "Singapore", "cc": "SG", "address": "@ MBC", "labeledLatLngs": [{"lng": 103.80010383371123, "label": "display", "lat": 1.2746568390488053}]}, "hours": {"isLocalHoliday": false, "isOpen": false}, "verified": false, "price": {"tier": 2, "currency": "$", "message": "Moderate"}}, "referralId": "e-3-4d2e7b8e79dd6ea821b989d3-53", "tips": [{"id": "4e5486bc22710ebb5a8bcddf", "text": "Try the roasted duck dry noodle. It is nice", "disagreeCount": 0, "logView": true, "createdAt": 1314162364, "likes": {"groups": [], "summary": "5 likes", "count": 5}, "todo": {"count": 1}, "agreeCount": 2, "canonicalUrl": "https://foursquare.com/item/4e5486bc22710ebb5a8bcddf", "type": "user", "user": {"id": "108873", "photo": {"prefix": "https://igx.4sqi.net/img/user/", "suffix": "/JDN5XNDIBVXZWCV1.jpg"}, "firstName": "cheryl", "gender": "female"}}]}, {"reasons": {"items": [{"reasonName": "globalInteractionReason", "summary": "This spot is popular", "type": "general"}], "count": 0}, "venue": {"hereNow": {"groups": [], "summary": "Nobody here", "count": 0}, "contact": {}, "photos": {"groups": [], "count": 0}, "name": "Chiak Salad & Noodle Bar", "allowMenuUrlEdit": true, "beenHere": {"lastCheckinExpiredAt": 0, "count": 0, "marked": false}, "stats": {"checkinsCount": 83, "usersCount": 28, "tipCount": 0}, "id": "574e6530498e546f86d1c88e", "categories": [{"pluralName": "Caf\u00e9s", "id": "4bf58dd8d48988d16d941735", "primary": true, "icon": {"prefix": "https://ss3.4sqi.net/img/categories_v2/food/cafe_", "suffix": ".png"}, "name": "Caf\u00e9", "shortName": "Caf\u00e9"}], "location": {"formattedAddress": ["40 Pasir Panjang Road #02-37, Mapletree Business City", "117383", "Singapore"], "postalCode": "117383", "lat": 1.275053, "lng": 103.80036, "distance": 417, "country": "Singapore", "cc": "SG", "address": "40 Pasir Panjang Road #02-37, Mapletree Business City", "labeledLatLngs": [{"lng": 103.80036, "label": "display", "lat": 1.275053}]}, "verified": false, "price": {"tier": 1, "currency": "$", "message": "Cheap"}}, "referralId": "e-3-574e6530498e546f86d1c88e-54"}, {"reasons": {"items": [{"reasonName": "globalInteractionReason", "summary": "This spot is popular", "type": "general"}], "count": 0}, "venue": {"hereNow": {"groups": [], "summary": "Nobody here", "count": 0}, "contact": {"facebook": "398894966773", "facebookUsername": "BurgerKingSingapore", "facebookName": "Burger King Singapore", "phone": "+6562768487", "formattedPhone": "+65 6276 8487"}, "photos": {"groups": [], "count": 0}, "rating": 5.3, "name": "BURGER KING", "ratingSignals": 36, "allowMenuUrlEdit": true, "categories": [{"pluralName": "Fast Food Restaurants", "id": "4bf58dd8d48988d16e941735", "primary": true, "icon": {"prefix": "https://ss3.4sqi.net/img/categories_v2/food/fastfood_", "suffix": ".png"}, "name": "Fast Food Restaurant", "shortName": "Fast Food"}], "stats": {"checkinsCount": 1860, "usersCount": 604, "tipCount": 11}, "id": "4f214384e4b0b7e189f756a5", "beenHere": {"lastCheckinExpiredAt": 0, "count": 0, "marked": false}, "url": "http://www.burgerking.com.sg", "ratingColor": "FF9600", "location": {"lng": 103.80155269368075, "formattedAddress": ["#01-17/20 Alexandra Retail Centre (460 Alexandra Road)", "119963", "Singapore"], "postalCode": "119963", "lat": 1.273930215157586, "crossStreet": "460 Alexandra Road", "country": "Singapore", "distance": 235, "city": "Singapore", "cc": "SG", "address": "#01-17/20 Alexandra Retail Centre", "labeledLatLngs": [{"lng": 103.80155269368075, "label": "display", "lat": 1.273930215157586}]}, "hours": {"isLocalHoliday": false, "isOpen": false}, "verified": false, "price": {"tier": 1, "currency": "$", "message": "Cheap"}}, "referralId": "e-3-4f214384e4b0b7e189f756a5-55", "tips": [{"id": "571c56a8498ea37f52273c44", "text": "This place is good for a quick meal and burgers are fabulous but, juices taste fake and weird", "disagreeCount": 0, "createdAt": 1461474984, "logView": true, "todo": {"count": 0}, "agreeCount": 0, "canonicalUrl": "https://foursquare.com/item/571c56a8498ea37f52273c44", "type": "user", "user": {"gender": "male", "id": "107604885", "photo": {"prefix": "https://igx.4sqi.net/img/user/", "suffix": "/107604885-K0PP242A4B2NDI2M.jpg"}, "firstName": "Tino", "lastName": "Buranasilapin"}}]}, {"reasons": {"items": [{"reasonName": "globalInteractionReason", "summary": "This spot is popular", "type": "general"}], "count": 0}, "venue": {"hereNow": {"groups": [], "summary": "Nobody here", "count": 0}, "contact": {}, "photos": {"groups": [], "count": 0}, "name": "Lipton Caf\u00e9 @ Unilever", "allowMenuUrlEdit": true, "beenHere": {"lastCheckinExpiredAt": 0, "count": 0, "marked": false}, "stats": {"checkinsCount": 96, "usersCount": 17, "tipCount": 0}, "id": "4de85d33d1648c979631dafd", "categories": [{"pluralName": "Caf\u00e9s", "id": "4bf58dd8d48988d16d941735", "primary": true, "icon": {"prefix": "https://ss3.4sqi.net/img/categories_v2/food/cafe_", "suffix": ".png"}, "name": "Caf\u00e9", "shortName": "Caf\u00e9"}], "location": {"formattedAddress": ["20 Pasir Panjang Road", "Singapore"], "lat": 1.2747860203572072, "lng": 103.79973030202177, "country": "Singapore", "distance": 449, "city": "Singapore", "cc": "SG", "address": "20 Pasir Panjang Road", "labeledLatLngs": [{"lng": 103.79973030202177, "label": "display", "lat": 1.2747860203572072}]}, "verified": false, "price": {"tier": 1, "currency": "$", "message": "Cheap"}}, "referralId": "e-3-4de85d33d1648c979631dafd-56"}, {"reasons": {"items": [{"reasonName": "globalInteractionReason", "summary": "This spot is popular", "type": "general"}], "count": 0}, "venue": {"hereNow": {"groups": [], "summary": "Nobody here", "count": 0}, "contact": {}, "photos": {"groups": [], "count": 0}, "name": "Paik's Bibim", "allowMenuUrlEdit": true, "beenHere": {"lastCheckinExpiredAt": 0, "count": 0, "marked": false}, "stats": {"checkinsCount": 81, "usersCount": 46, "tipCount": 4}, "id": "5732c73d498e30b9555735ab", "categories": [{"pluralName": "Korean Restaurants", "id": "4bf58dd8d48988d113941735", "primary": true, "icon": {"prefix": "https://ss3.4sqi.net/img/categories_v2/food/korean_", "suffix": ".png"}, "name": "Korean Restaurant", "shortName": "Korean"}], "location": {"formattedAddress": ["40 Pasir Panjang Road, Mapletree Business City", "117383", "Singapore"], "postalCode": "117383", "lat": 1.2753772187595498, "lng": 103.80004723793427, "distance": 467, "country": "Singapore", "cc": "SG", "address": "40 Pasir Panjang Road, Mapletree Business City", "labeledLatLngs": [{"lng": 103.80004723793427, "label": "display", "lat": 1.2753772187595498}]}, "verified": false, "price": {"tier": 2, "currency": "$", "message": "Moderate"}}, "referralId": "e-3-5732c73d498e30b9555735ab-57", "tips": [{"id": "57f49476498ea3831228d4bb", "text": "Coffee is not good \ud83d\udc4e\ud83c\udffc", "disagreeCount": 0, "createdAt": 1475646582, "logView": true, "todo": {"count": 0}, "agreeCount": 0, "canonicalUrl": "https://foursquare.com/item/57f49476498ea3831228d4bb", "type": "user", "user": {"id": "52115076", "photo": {"prefix": "https://igx.4sqi.net/img/user/", "suffix": "/52115076-5ZD1FLBUYRU1Q5HF.jpg"}, "firstName": "\u51b0\u6dc7\u6dcb", "gender": "male"}}]}, {"reasons": {"items": [{"reasonName": "globalInteractionReason", "summary": "This spot is popular", "type": "general"}], "count": 0}, "venue": {"contact": {}, "photos": {"groups": [], "count": 0}, "rating": 5.7, "name": "Burp Food Court", "ratingSignals": 9, "allowMenuUrlEdit": true, "categories": [{"pluralName": "Food Courts", "id": "4bf58dd8d48988d120951735", "primary": true, "icon": {"prefix": "https://ss3.4sqi.net/img/categories_v2/shops/food_foodcourt_", "suffix": ".png"}, "name": "Food Court", "shortName": "Food Court"}], "stats": {"checkinsCount": 834, "usersCount": 197, "tipCount": 9}, "id": "4bd65e5a29eb9c74fb1995e1", "beenHere": {"lastCheckinExpiredAt": 0, "count": 0, "marked": false}, "ratingColor": "FF9600", "location": {"lng": 103.79931092262268, "formattedAddress": ["#03-20, The Comtech (60 Alexandra Terrace)", "118502", "Singapore"], "postalCode": "118502", "lat": 1.276400596606728, "crossStreet": "60 Alexandra Terrace", "country": "Singapore", "distance": 606, "city": "Singapore", "cc": "SG", "address": "#03-20, The Comtech", "labeledLatLngs": [{"lng": 103.79931092262268, "label": "display", "lat": 1.276400596606728}]}, "hours": {"isLocalHoliday": false, "isOpen": false}, "verified": false, "hereNow": {"groups": [], "summary": "Nobody here", "count": 0}}, "referralId": "e-3-4bd65e5a29eb9c74fb1995e1-58", "tips": [{"id": "4dc8dec4b0fbf26798bea618", "text": "Xian wan mian @ noodle house is fun, delicious, and cheap at $4", "disagreeCount": 0, "logView": true, "createdAt": 1305009860, "likes": {"groups": [], "summary": "1 like", "count": 1}, "todo": {"count": 0}, "agreeCount": 1, "canonicalUrl": "https://foursquare.com/item/4dc8dec4b0fbf26798bea618", "type": "user", "user": {"gender": "male", "id": "91136", "photo": {"prefix": "https://igx.4sqi.net/img/user/", "suffix": "/91136-RDBUW0U02K2NAUK1.jpg"}, "firstName": "Jeff", "lastName": "Woo"}}]}, {"reasons": {"items": [{"reasonName": "globalInteractionReason", "summary": "This spot is popular", "type": "general"}], "count": 0}, "venue": {"id": "4d2427d8e704b60c06985ea9", "hereNow": {"groups": [], "summary": "Nobody here", "count": 0}, "contact": {}, "beenHere": {"lastCheckinExpiredAt": 0, "count": 0, "marked": false}, "photos": {"groups": [], "count": 0}, "name": "Mixed Vegetable Rice @ Food Style", "location": {"formattedAddress": ["MapleTree building", "Singapore"], "lat": 1.274891, "lng": 103.799453, "distance": 481, "country": "Singapore", "cc": "SG", "address": "MapleTree building", "labeledLatLngs": [{"lng": 103.799453, "label": "display", "lat": 1.274891}]}, "allowMenuUrlEdit": true, "verified": false, "categories": [{"pluralName": "Food Courts", "id": "4bf58dd8d48988d120951735", "primary": true, "icon": {"prefix": "https://ss3.4sqi.net/img/categories_v2/shops/food_foodcourt_", "suffix": ".png"}, "name": "Food Court", "shortName": "Food Court"}], "stats": {"checkinsCount": 71, "usersCount": 11, "tipCount": 1}}, "referralId": "e-3-4d2427d8e704b60c06985ea9-59", "tips": [{"id": "4dc0cca7b0fb1c18ee55641d", "text": "Total rip off. 1 portion of meat about 2 tablespoons.", "disagreeCount": 0, "logView": true, "createdAt": 1304480935, "likes": {"groups": [], "summary": "1 like", "count": 1}, "todo": {"count": 0}, "agreeCount": 0, "canonicalUrl": "https://foursquare.com/item/4dc0cca7b0fb1c18ee55641d", "type": "user", "user": {"gender": "female", "id": "3785422", "photo": {"prefix": "https://igx.4sqi.net/img/user/", "suffix": "/AP153RNMCCZFEKWL.jpg"}, "firstName": "Callie", "lastName": "Gay"}}]}, {"reasons": {"items": [{"reasonName": "globalInteractionReason", "summary": "This spot is popular", "type": "general"}], "count": 0}, "venue": {"hereNow": {"groups": [], "summary": "Nobody here", "count": 0}, "contact": {}, "photos": {"groups": [], "count": 0}, "name": "Cloud Cafe", "allowMenuUrlEdit": true, "beenHere": {"lastCheckinExpiredAt": 0, "count": 0, "marked": false}, "stats": {"checkinsCount": 39, "usersCount": 10, "tipCount": 2}, "id": "51c00d9d498e0293d6cf174c", "categories": [{"pluralName": "Caf\u00e9s", "id": "4bf58dd8d48988d16d941735", "primary": true, "icon": {"prefix": "https://ss3.4sqi.net/img/categories_v2/food/cafe_", "suffix": ".png"}, "name": "Caf\u00e9", "shortName": "Caf\u00e9"}], "location": {"formattedAddress": ["450 Alexandra Road", "Singapore"], "lat": 1.2765196149639124, "lng": 103.80164890758869, "country": "Singapore", "distance": 487, "city": "Singapore", "cc": "SG", "address": "450 Alexandra Road", "labeledLatLngs": [{"lng": 103.80164890758869, "label": "display", "lat": 1.2765196149639124}]}, "verified": false, "price": {"tier": 1, "currency": "$", "message": "Cheap"}}, "referralId": "e-3-51c00d9d498e0293d6cf174c-60", "tips": [{"id": "58bcb6caa370b93a3bdb8677", "text": "Good when you REALLY need a coffee and can't be bothered leaving the office.", "disagreeCount": 0, "createdAt": 1488762570, "logView": true, "todo": {"count": 0}, "agreeCount": 0, "canonicalUrl": "https://foursquare.com/item/58bcb6caa370b93a3bdb8677", "type": "user", "user": {"gender": "male", "id": "7222810", "photo": {"prefix": "https://igx.4sqi.net/img/user/", "suffix": "/40HZZAJB0KJF0JAB.jpg"}, "firstName": "Paul", "lastName": "Canterbury"}}]}, {"reasons": {"items": [{"reasonName": "globalInteractionReason", "summary": "This spot is popular", "type": "general"}], "count": 0}, "venue": {"hereNow": {"groups": [], "summary": "Nobody here", "count": 0}, "contact": {"twitter": "killineyintl"}, "photos": {"groups": [], "count": 0}, "rating": 5.4, "name": "Killiney Kopitiam", "ratingSignals": 12, "allowMenuUrlEdit": true, "categories": [{"pluralName": "Caf\u00e9s", "id": "4bf58dd8d48988d16d941735", "primary": true, "icon": {"prefix": "https://ss3.4sqi.net/img/categories_v2/food/cafe_", "suffix": ".png"}, "name": "Caf\u00e9", "shortName": "Caf\u00e9"}], "stats": {"checkinsCount": 1751, "usersCount": 445, "tipCount": 4}, "id": "4ce10982c4f6a35d9002d96c", "beenHere": {"lastCheckinExpiredAt": 0, "count": 0, "marked": false}, "ratingColor": "FF9600", "location": {"lng": 103.79992838687986, "formattedAddress": ["#02-17 Mapletree Business City (20 Pasir Panjang Rd.)", "117439", "Singapore"], "postalCode": "117439", "lat": 1.2748042171797764, "crossStreet": "20 Pasir Panjang Rd.", "country": "Singapore", "distance": 433, "city": "Singapore", "cc": "SG", "address": "#02-17 Mapletree Business City", "labeledLatLngs": [{"lng": 103.79992838687986, "label": "display", "lat": 1.2748042171797764}]}, "hours": {"isLocalHoliday": false, "isOpen": false}, "verified": true, "price": {"tier": 1, "currency": "$", "message": "Cheap"}}, "referralId": "e-3-4ce10982c4f6a35d9002d96c-61", "tips": [{"id": "558c0f40498e8617aee4b218", "text": "Teh take away~!", "disagreeCount": 0, "createdAt": 1435242304, "logView": true, "todo": {"count": 0}, "agreeCount": 0, "canonicalUrl": "https://foursquare.com/item/558c0f40498e8617aee4b218", "type": "user", "user": {"gender": "male", "id": "5316244", "photo": {"prefix": "https://igx.4sqi.net/img/user/", "suffix": "/5HCBXCZJS3DWB5AU.jpg"}, "firstName": "Glenn", "lastName": "Goh"}}]}, {"reasons": {"items": [{"reasonName": "globalInteractionReason", "summary": "This spot is popular", "type": "general"}], "count": 0}, "venue": {"contact": {}, "photos": {"groups": [], "count": 0}, "name": "AMEX Team Lounge", "id": "4cfdef457945224bbf0393e7", "beenHere": {"lastCheckinExpiredAt": 0, "count": 0, "marked": false}, "stats": {"checkinsCount": 200, "usersCount": 29, "tipCount": 0}, "allowMenuUrlEdit": true, "categories": [{"pluralName": "Cafeterias", "id": "4bf58dd8d48988d128941735", "primary": true, "icon": {"prefix": "https://ss3.4sqi.net/img/categories_v2/education/cafeteria_", "suffix": ".png"}, "name": "Cafeteria", "shortName": "Cafeteria"}], "location": {"formattedAddress": ["Mapletree Business City", "Singapore"], "lat": 1.274812916699198, "lng": 103.79923226137716, "distance": 496, "country": "Singapore", "cc": "SG", "address": "Mapletree Business City", "labeledLatLngs": [{"lng": 103.79923226137716, "label": "display", "lat": 1.274812916699198}]}, "venueRatingBlacklisted": true, "verified": false, "hereNow": {"groups": [], "summary": "Nobody here", "count": 0}}, "referralId": "e-3-4cfdef457945224bbf0393e7-62"}, {"reasons": {"items": [{"reasonName": "globalInteractionReason", "summary": "This spot is popular", "type": "general"}], "count": 0}, "venue": {"hereNow": {"groups": [], "summary": "Nobody here", "count": 0}, "contact": {}, "photos": {"groups": [], "count": 0}, "rating": 5.1, "name": "OKG Express \u8001\u91d1\u6e90", "ratingSignals": 10, "allowMenuUrlEdit": true, "categories": [{"pluralName": "Chinese Restaurants", "id": "4bf58dd8d48988d145941735", "primary": true, "icon": {"prefix": "https://ss3.4sqi.net/img/categories_v2/food/asian_", "suffix": ".png"}, "name": "Chinese Restaurant", "shortName": "Chinese"}], "stats": {"checkinsCount": 130, "usersCount": 80, "tipCount": 4}, "id": "527a236911d2ec5035fb74dd", "beenHere": {"lastCheckinExpiredAt": 0, "count": 0, "marked": false}, "ratingColor": "FF9600", "location": {"lng": 103.80167720580994, "formattedAddress": ["#02-37, ARC Alexandra Retail Centre (460 Alexandra Rd.)", "119963", "Singapore"], "postalCode": "119963", "lat": 1.2736229125488086, "crossStreet": "460 Alexandra Rd.", "country": "Singapore", "distance": 200, "city": "Singapore", "cc": "SG", "address": "#02-37, ARC Alexandra Retail Centre", "labeledLatLngs": [{"lng": 103.80167720580994, "label": "display", "lat": 1.2736229125488086}]}, "verified": false, "price": {"tier": 1, "currency": "$", "message": "Cheap"}}, "referralId": "e-3-527a236911d2ec5035fb74dd-63", "tips": [{"id": "58c14f485e789611743905e7", "text": "Skip if possible", "disagreeCount": 0, "createdAt": 1489063752, "logView": true, "todo": {"count": 0}, "agreeCount": 0, "canonicalUrl": "https://foursquare.com/item/58c14f485e789611743905e7", "type": "user", "user": {"id": "52115076", "photo": {"prefix": "https://igx.4sqi.net/img/user/", "suffix": "/52115076-5ZD1FLBUYRU1Q5HF.jpg"}, "firstName": "\u51b0\u6dc7\u6dcb", "gender": "male"}}]}, {"reasons": {"items": [{"reasonName": "globalInteractionReason", "summary": "This spot is popular", "type": "general"}], "count": 0}, "venue": {"hereNow": {"groups": [], "summary": "Nobody here", "count": 0}, "contact": {}, "photos": {"groups": [], "count": 0}, "rating": 5.2, "name": "Shin-Sapporo Ramen", "ratingSignals": 27, "allowMenuUrlEdit": true, "categories": [{"pluralName": "Noodle Houses", "id": "4bf58dd8d48988d1d1941735", "primary": true, "icon": {"prefix": "https://ss3.4sqi.net/img/categories_v2/food/ramen_", "suffix": ".png"}, "name": "Noodle House", "shortName": "Noodles"}], "stats": {"checkinsCount": 686, "usersCount": 362, "tipCount": 13}, "id": "502c853ce4b01882f76f1d71", "beenHere": {"lastCheckinExpiredAt": 0, "count": 0, "marked": false}, "ratingColor": "FF9600", "location": {"lng": 103.80167720580994, "formattedAddress": ["#02-23 Alexandra Retail Centre (460 Alexandra Rd.)", "119963", "Singapore"], "postalCode": "119963", "lat": 1.2741708637243916, "crossStreet": "460 Alexandra Rd.", "country": "Singapore", "distance": 248, "city": "Singapore", "cc": "SG", "address": "#02-23 Alexandra Retail Centre", "labeledLatLngs": [{"lng": 103.80167720580994, "label": "display", "lat": 1.2741708637243916}]}, "hours": {"isLocalHoliday": false, "isOpen": false}, "verified": false, "price": {"tier": 1, "currency": "$", "message": "Cheap"}}, "referralId": "e-3-502c853ce4b01882f76f1d71-64", "tips": [{"logView": true, "photo": {"id": "50448459e4b065de904f1ee9", "visibility": "public", "source": {"name": "Foursquare for iOS", "url": "https://foursquare.com/download/#/iphone"}, "suffix": "/wR5RwS-_5RvsLT3IKUQtP_tkgF_3vAnNameBSXbJ2oU.jpg", "createdAt": 1346667609, "prefix": "https://igx.4sqi.net/img/general/", "width": 720, "height": 540}, "createdAt": 1346667606, "todo": {"count": 0}, "agreeCount": 2, "likes": {"groups": [], "summary": "2 likes", "count": 2}, "id": "50448456e4b08976eaa206ea", "text": "Free noodle refill if you still have soup! They have 4 types of noodles to choose from", "disagreeCount": 0, "user": {"gender": "female", "id": "944428", "photo": {"prefix": "https://igx.4sqi.net/img/user/", "suffix": "/RHXNTG211HSDC4VB.gif"}, "firstName": "Vivien", "lastName": "Goh"}, "canonicalUrl": "https://foursquare.com/item/50448456e4b08976eaa206ea", "type": "user", "photourl": "https://igx.4sqi.net/img/general/original/wR5RwS-_5RvsLT3IKUQtP_tkgF_3vAnNameBSXbJ2oU.jpg"}]}, {"reasons": {"items": [{"reasonName": "globalInteractionReason", "summary": "This spot is popular", "type": "general"}], "count": 0}, "venue": {"hereNow": {"groups": [], "summary": "Nobody here", "count": 0}, "contact": {}, "photos": {"groups": [], "count": 0}, "name": "Tiong Bahru Wah Yuen Porridge And Chicken Rice", "allowMenuUrlEdit": true, "beenHere": {"lastCheckinExpiredAt": 0, "count": 0, "marked": false}, "stats": {"checkinsCount": 97, "usersCount": 24, "tipCount": 1}, "id": "4f506d23e4b0f1f5fe2e691b", "categories": [{"pluralName": "Chinese Restaurants", "id": "4bf58dd8d48988d145941735", "primary": true, "icon": {"prefix": "https://ss3.4sqi.net/img/categories_v2/food/asian_", "suffix": ".png"}, "name": "Chinese Restaurant", "shortName": "Chinese"}], "location": {"lng": 103.807499, "formattedAddress": ["#01-12 Telok Blangah Drive Food Centre (Blk 79 Telok Blangah Drive)", "Singapore"], "lat": 1.273347, "crossStreet": "Blk 79 Telok Blangah Drive", "country": "Singapore", "distance": 519, "city": "Singapore", "cc": "SG", "address": "#01-12 Telok Blangah Drive Food Centre", "labeledLatLngs": [{"lng": 103.807499, "label": "display", "lat": 1.273347}]}, "verified": false, "price": {"tier": 1, "currency": "$", "message": "Cheap"}}, "referralId": "e-3-4f506d23e4b0f1f5fe2e691b-65", "tips": [{"id": "53002e4a498e76f0928d9b6d", "text": "Their raw fish (yu sheng) is awesome - $5 / $8 / $10! But they have a set meal of raw fish + plain porridge for $4! It's a 1-person set, so the fish portion is smaller! :)", "disagreeCount": 0, "logView": true, "createdAt": 1392520778, "likes": {"groups": [], "summary": "1 like", "count": 1}, "todo": {"count": 0}, "agreeCount": 1, "canonicalUrl": "https://foursquare.com/item/53002e4a498e76f0928d9b6d", "type": "user", "user": {"gender": "female", "id": "36618011", "photo": {"prefix": "https://igx.4sqi.net/img/user/", "suffix": "/36618011-2QS34WQALWULMBXT.jpg"}, "firstName": "Sherlyn", "lastName": "Yap"}}]}, {"reasons": {"items": [{"reasonName": "globalInteractionReason", "summary": "This spot is popular", "type": "general"}], "count": 0}, "venue": {"hereNow": {"groups": [], "summary": "Nobody here", "count": 0}, "contact": {}, "photos": {"groups": [], "count": 0}, "name": "\u70e7\u81d8 (Roasted Duck and Meat)", "allowMenuUrlEdit": true, "beenHere": {"lastCheckinExpiredAt": 0, "count": 0, "marked": false}, "stats": {"checkinsCount": 33, "usersCount": 15, "tipCount": 2}, "id": "52044110498e0d34aa29fdf2", "categories": [{"pluralName": "Chinese Restaurants", "id": "4bf58dd8d48988d145941735", "primary": true, "icon": {"prefix": "https://ss3.4sqi.net/img/categories_v2/food/asian_", "suffix": ".png"}, "name": "Chinese Restaurant", "shortName": "Chinese"}], "location": {"formattedAddress": ["Blk 79 Telok Blangah Drive #01-19", "Singapore"], "lat": 1.2736550797019583, "lng": 103.8074558268294, "distance": 523, "country": "Singapore", "cc": "SG", "address": "Blk 79 Telok Blangah Drive #01-19", "labeledLatLngs": [{"lng": 103.8074558268294, "label": "display", "lat": 1.2736550797019583}]}, "verified": false, "price": {"tier": 1, "currency": "$", "message": "Cheap"}}, "referralId": "e-3-52044110498e0d34aa29fdf2-66", "tips": [{"id": "5536e868498e976de12043b4", "text": "Recognised by Straits Times as top 10 hawker stalls for roast meat in 7th annual City Hawker Food Hunt 2014", "disagreeCount": 0, "createdAt": 1429661800, "logView": true, "todo": {"count": 0}, "agreeCount": 0, "canonicalUrl": "https://foursquare.com/item/5536e868498e976de12043b4", "type": "user", "user": {"gender": "male", "id": "231366", "photo": {"prefix": "https://igx.4sqi.net/img/user/", "suffix": "/231366-Q2ZSAEF50GYUXPDA.jpg"}, "firstName": "Cheen", "lastName": "The Curious"}}]}, {"reasons": {"items": [{"reasonName": "globalInteractionReason", "summary": "This spot is popular", "type": "general"}], "count": 0}, "venue": {"hereNow": {"groups": [], "summary": "Nobody here", "count": 0}, "contact": {}, "photos": {"groups": [], "count": 0}, "name": "Tian Cheng Fishball Noodle", "allowMenuUrlEdit": true, "beenHere": {"lastCheckinExpiredAt": 0, "count": 0, "marked": false}, "stats": {"checkinsCount": 88, "usersCount": 22, "tipCount": 0}, "id": "50384a1be4b0df99d5c11976", "categories": [{"pluralName": "Noodle Houses", "id": "4bf58dd8d48988d1d1941735", "primary": true, "icon": {"prefix": "https://ss3.4sqi.net/img/categories_v2/food/ramen_", "suffix": ".png"}, "name": "Noodle House", "shortName": "Noodles"}], "location": {"formattedAddress": ["79 Telok Blangah Drive Food Centre #01-20", "Singapore"], "lat": 1.273523, "lng": 103.807498, "country": "Singapore", "distance": 524, "city": "Singapore", "cc": "SG", "address": "79 Telok Blangah Drive Food Centre #01-20", "labeledLatLngs": [{"lng": 103.807498, "label": "display", "lat": 1.273523}]}, "verified": false, "price": {"tier": 1, "currency": "$", "message": "Cheap"}}, "referralId": "e-3-50384a1be4b0df99d5c11976-67"}, {"reasons": {"items": [{"reasonName": "globalInteractionReason", "summary": "This spot is popular", "type": "general"}], "count": 0}, "venue": {"contact": {}, "photos": {"groups": [], "count": 0}, "name": "Kitchen Loft", "id": "580ee7c338fab75feba3f598", "beenHere": {"lastCheckinExpiredAt": 0, "count": 0, "marked": false}, "stats": {"checkinsCount": 182, "usersCount": 50, "tipCount": 1}, "allowMenuUrlEdit": true, "categories": [{"pluralName": "Cafeterias", "id": "4bf58dd8d48988d128941735", "primary": true, "icon": {"prefix": "https://ss3.4sqi.net/img/categories_v2/education/cafeteria_", "suffix": ".png"}, "name": "Cafeteria", "shortName": "Cafeteria"}], "location": {"formattedAddress": ["20 Pasir Panjang Road", "117439", "Singapore"], "postalCode": "117439", "lat": 1.275107, "lng": 103.799085, "state": "Singapore", "country": "Singapore", "distance": 528, "city": "Pasir Panjang", "cc": "SG", "address": "20 Pasir Panjang Road", "labeledLatLngs": [{"lng": 103.799085, "label": "display", "lat": 1.275107}]}, "venueRatingBlacklisted": true, "verified": false, "hereNow": {"groups": [], "summary": "Nobody here", "count": 0}}, "referralId": "e-3-580ee7c338fab75feba3f598-68", "tips": [{"id": "58b7fffd297c16197976ff33", "text": "Awful coffee from the drinks stall", "disagreeCount": 0, "createdAt": 1488453629, "logView": true, "todo": {"count": 0}, "agreeCount": 0, "canonicalUrl": "https://foursquare.com/item/58b7fffd297c16197976ff33", "type": "user", "user": {"id": "52115076", "photo": {"prefix": "https://igx.4sqi.net/img/user/", "suffix": "/52115076-5ZD1FLBUYRU1Q5HF.jpg"}, "firstName": "\u51b0\u6dc7\u6dcb", "gender": "male"}}]}, {"reasons": {"items": [{"reasonName": "globalInteractionReason", "summary": "This spot is popular", "type": "general"}], "count": 0}, "venue": {"hereNow": {"groups": [], "summary": "Nobody here", "count": 0}, "contact": {}, "photos": {"groups": [], "count": 0}, "name": "La Va Cafe", "allowMenuUrlEdit": true, "beenHere": {"lastCheckinExpiredAt": 0, "count": 0, "marked": false}, "stats": {"checkinsCount": 158, "usersCount": 19, "tipCount": 0}, "id": "4e45fdb1b0fb93df27045735", "categories": [{"pluralName": "Caf\u00e9s", "id": "4bf58dd8d48988d16d941735", "primary": true, "icon": {"prefix": "https://ss3.4sqi.net/img/categories_v2/food/cafe_", "suffix": ".png"}, "name": "Caf\u00e9", "shortName": "Caf\u00e9"}], "location": {"formattedAddress": ["Singapore"], "lat": 1.2770533536093038, "lng": 103.80226581015697, "distance": 530, "country": "Singapore", "cc": "SG", "labeledLatLngs": [{"lng": 103.80226581015697, "label": "display", "lat": 1.2770533536093038}]}, "verified": false, "price": {"tier": 1, "currency": "$", "message": "Cheap"}}, "referralId": "e-3-4e45fdb1b0fb93df27045735-69"}, {"reasons": {"items": [{"reasonName": "globalInteractionReason", "summary": "This spot is popular", "type": "general"}], "count": 0}, "venue": {"id": "4e8be8a8cc2112f6753a6faa", "hereNow": {"groups": [], "summary": "Nobody here", "count": 0}, "contact": {}, "beenHere": {"lastCheckinExpiredAt": 0, "count": 0, "marked": false}, "photos": {"groups": [], "count": 0}, "name": "\u53e4\u65e9\u9762 @ Food Style (Mapletree Business City)", "location": {"formattedAddress": ["20 Pasir Panjang Road", "Singapore"], "lat": 1.2769949114631365, "lng": 103.80173380227026, "distance": 536, "country": "Singapore", "cc": "SG", "address": "20 Pasir Panjang Road", "labeledLatLngs": [{"lng": 103.80173380227026, "label": "display", "lat": 1.2769949114631365}]}, "allowMenuUrlEdit": true, "verified": false, "categories": [{"pluralName": "Food Courts", "id": "4bf58dd8d48988d120951735", "primary": true, "icon": {"prefix": "https://ss3.4sqi.net/img/categories_v2/shops/food_foodcourt_", "suffix": ".png"}, "name": "Food Court", "shortName": "Food Court"}], "stats": {"checkinsCount": 93, "usersCount": 24, "tipCount": 0}}, "referralId": "e-3-4e8be8a8cc2112f6753a6faa-70"}, {"reasons": {"items": [{"reasonName": "globalInteractionReason", "summary": "This spot is popular", "type": "general"}], "count": 0}, "venue": {"id": "50dcf4a1e4b063dac3a7065f", "hereNow": {"groups": [], "summary": "Nobody here", "count": 0}, "contact": {}, "beenHere": {"lastCheckinExpiredAt": 0, "count": 0, "marked": false}, "photos": {"groups": [], "count": 0}, "name": "Yuan Cheng Fried Carrot Cake", "location": {"formattedAddress": ["Blk 79 Telok Blangah Drive", "#01-33 Telok Blangah Drive Food Centre", "100079", "Singapore"], "postalCode": "100079", "lat": 1.2730862467303505, "lng": 103.80772750167827, "country": "Singapore", "distance": 539, "city": "Singapore", "cc": "SG", "address": "Blk 79 Telok Blangah Drive\n#01-33 Telok Blangah Drive Food Centre", "labeledLatLngs": [{"lng": 103.80772750167827, "label": "display", "lat": 1.2730862467303505}]}, "allowMenuUrlEdit": true, "verified": false, "categories": [{"pluralName": "Food Courts", "id": "4bf58dd8d48988d120951735", "primary": true, "icon": {"prefix": "https://ss3.4sqi.net/img/categories_v2/shops/food_foodcourt_", "suffix": ".png"}, "name": "Food Court", "shortName": "Food Court"}], "stats": {"checkinsCount": 76, "usersCount": 19, "tipCount": 0}}, "referralId": "e-3-50dcf4a1e4b063dac3a7065f-71"}, {"reasons": {"items": [{"reasonName": "globalInteractionReason", "summary": "This spot is popular", "type": "general"}], "count": 0}, "venue": {"hereNow": {"groups": [], "summary": "Nobody here", "count": 0}, "contact": {}, "photos": {"groups": [], "count": 0}, "name": "Tiong Bahru Shark Meat Lor Mee", "allowMenuUrlEdit": true, "beenHere": {"lastCheckinExpiredAt": 0, "count": 0, "marked": false}, "stats": {"checkinsCount": 40, "usersCount": 14, "tipCount": 0}, "id": "4f0148198b81b0190c36bca6", "categories": [{"pluralName": "Breakfast Spots", "id": "4bf58dd8d48988d143941735", "primary": true, "icon": {"prefix": "https://ss3.4sqi.net/img/categories_v2/food/breakfast_", "suffix": ".png"}, "name": "Breakfast Spot", "shortName": "Breakfast"}], "location": {"lng": 103.80769920218935, "formattedAddress": ["Telok Blangah Street 31 (#01-40)", "Singapore"], "lat": 1.2734646622759633, "crossStreet": "#01-40", "distance": 544, "country": "Singapore", "cc": "SG", "address": "Telok Blangah Street 31", "labeledLatLngs": [{"lng": 103.80769920218935, "label": "display", "lat": 1.2734646622759633}]}, "verified": false, "price": {"tier": 1, "currency": "$", "message": "Cheap"}}, "referralId": "e-3-4f0148198b81b0190c36bca6-72"}, {"reasons": {"items": [{"reasonName": "globalInteractionReason", "summary": "This spot is popular", "type": "general"}], "count": 0}, "venue": {"contact": {}, "photos": {"groups": [], "count": 0}, "name": "HPAM Canteen", "allowMenuUrlEdit": true, "beenHere": {"lastCheckinExpiredAt": 0, "count": 0, "marked": false}, "stats": {"checkinsCount": 873, "usersCount": 110, "tipCount": 2}, "id": "4b73b909f964a520adb92de3", "categories": [{"pluralName": "Food Courts", "id": "4bf58dd8d48988d120951735", "primary": true, "icon": {"prefix": "https://ss3.4sqi.net/img/categories_v2/shops/food_foodcourt_", "suffix": ".png"}, "name": "Food Court", "shortName": "Food Court"}], "location": {"formattedAddress": ["452 Alexandra Rd.", "119961", "Singapore"], "postalCode": "119961", "lat": 1.2769798099323186, "lng": 103.8012421131134, "country": "Singapore", "distance": 550, "city": "Singapore", "cc": "SG", "address": "452 Alexandra Rd.", "labeledLatLngs": [{"lng": 103.8012421131134, "label": "display", "lat": 1.2769798099323186}]}, "hours": {"isLocalHoliday": false, "isOpen": false}, "verified": false, "hereNow": {"groups": [], "summary": "Nobody here", "count": 0}}, "referralId": "e-3-4b73b909f964a520adb92de3-73", "tips": [{"id": "52a6ba7211d2381ff26be0e7", "text": "There is vegetarian store but they no longer selling.", "disagreeCount": 0, "logView": true, "createdAt": 1386658418, "likes": {"groups": [], "summary": "1 like", "count": 1}, "todo": {"count": 0}, "agreeCount": 1, "canonicalUrl": "https://foursquare.com/item/52a6ba7211d2381ff26be0e7", "type": "user", "user": {"id": "12079244", "photo": {"prefix": "https://igx.4sqi.net/img/user/", "suffix": "/12079244-UWZTXJ111LKCLON4.jpg"}, "firstName": "Xuan.C", "gender": "male"}}]}, {"reasons": {"items": [{"reasonName": "globalInteractionReason", "summary": "This spot is popular", "type": "general"}], "count": 0}, "venue": {"hereNow": {"groups": [], "summary": "Nobody here", "count": 0}, "contact": {}, "photos": {"groups": [], "count": 0}, "rating": 5.6, "name": "Rocky Master", "ratingSignals": 15, "allowMenuUrlEdit": true, "categories": [{"pluralName": "Caf\u00e9s", "id": "4bf58dd8d48988d16d941735", "primary": true, "icon": {"prefix": "https://ss3.4sqi.net/img/categories_v2/food/cafe_", "suffix": ".png"}, "name": "Caf\u00e9", "shortName": "Caf\u00e9"}], "stats": {"checkinsCount": 1125, "usersCount": 315, "tipCount": 10}, "id": "4b12a405f964a520b88b23e3", "beenHere": {"lastCheckinExpiredAt": 0, "count": 0, "marked": false}, "ratingColor": "FF9600", "location": {"formattedAddress": ["438B, Alexandra Road, #01-01, Alexandra Technopark", "119968", "Singapore"], "postalCode": "119968", "lat": 1.2775516918806682, "lng": 103.80010949329024, "country": "Singapore", "distance": 660, "city": "Singapore", "cc": "SG", "address": "438B, Alexandra Road, #01-01, Alexandra Technopark", "labeledLatLngs": [{"lng": 103.80010949329024, "label": "display", "lat": 1.2775516918806682}]}, "hours": {"isLocalHoliday": false, "isOpen": false}, "verified": false, "price": {"tier": 1, "currency": "$", "message": "Cheap"}}, "referralId": "e-3-4b12a405f964a520b88b23e3-74", "tips": [{"id": "4ebca17561af9815e0ce7806", "text": "awesome customer service. such friendly bunch of ppl!", "disagreeCount": 0, "logView": true, "createdAt": 1320984949, "likes": {"groups": [], "summary": "1 like", "count": 1}, "todo": {"count": 0}, "agreeCount": 0, "canonicalUrl": "https://foursquare.com/item/4ebca17561af9815e0ce7806", "type": "user", "user": {"gender": "male", "id": "358555", "photo": {"prefix": "https://igx.4sqi.net/img/user/", "suffix": "/VBFMYMEKPA4FXK3A.jpg"}, "firstName": "Dennis", "lastName": "Kenike"}}]}, {"reasons": {"items": [{"reasonName": "globalInteractionReason", "summary": "This spot is popular", "type": "general"}], "count": 0}, "venue": {"hereNow": {"groups": [], "summary": "Nobody here", "count": 0}, "contact": {}, "photos": {"groups": [], "count": 0}, "name": "Attap House", "allowMenuUrlEdit": true, "beenHere": {"lastCheckinExpiredAt": 0, "count": 0, "marked": false}, "stats": {"checkinsCount": 66, "usersCount": 20, "tipCount": 0}, "id": "58460e632980db430eedfaa2", "categories": [{"pluralName": "Caf\u00e9s", "id": "4bf58dd8d48988d16d941735", "primary": true, "icon": {"prefix": "https://ss3.4sqi.net/img/categories_v2/food/cafe_", "suffix": ".png"}, "name": "Caf\u00e9", "shortName": "Caf\u00e9"}], "location": {"formattedAddress": ["10 Pasir Panjang Road", "Singapore"], "lat": 1.275245, "lng": 103.79887, "distance": 556, "country": "Singapore", "cc": "SG", "address": "10 Pasir Panjang Road", "labeledLatLngs": [{"lng": 103.79887, "label": "display", "lat": 1.275245}]}, "verified": false, "price": {"tier": 1, "currency": "$", "message": "Cheap"}}, "referralId": "e-3-58460e632980db430eedfaa2-75"}, {"reasons": {"items": [{"reasonName": "globalInteractionReason", "summary": "This spot is popular", "type": "general"}], "count": 0}, "venue": {"hereNow": {"groups": [], "summary": "Nobody here", "count": 0}, "contact": {}, "photos": {"groups": [], "count": 0}, "name": "\u6210\u767c\u9762\u98df@Telok Blangah Food Centre", "allowMenuUrlEdit": true, "beenHere": {"lastCheckinExpiredAt": 0, "count": 0, "marked": false}, "stats": {"checkinsCount": 191, "usersCount": 33, "tipCount": 3}, "id": "4f013657490182a1a8ee3110", "categories": [{"pluralName": "Chinese Restaurants", "id": "4bf58dd8d48988d145941735", "primary": true, "icon": {"prefix": "https://ss3.4sqi.net/img/categories_v2/food/asian_", "suffix": ".png"}, "name": "Chinese Restaurant", "shortName": "Chinese"}], "location": {"formattedAddress": ["Blk 79 Telok Blangah Drive #01-38", "103079", "Singapore"], "postalCode": "103079", "lat": 1.2735026972652832, "lng": 103.80796521761911, "distance": 574, "country": "Singapore", "cc": "SG", "address": "Blk 79 Telok Blangah Drive #01-38", "labeledLatLngs": [{"lng": 103.80796521761911, "label": "display", "lat": 1.2735026972652832}]}, "verified": false, "price": {"tier": 1, "currency": "$", "message": "Cheap"}}, "referralId": "e-3-4f013657490182a1a8ee3110-76", "tips": [{"logView": true, "photo": {"id": "5608fa41498e937bc11af5e7", "visibility": "public", "source": {"name": "Foursquare for iOS", "url": "https://foursquare.com/download/#/iphone"}, "suffix": "/54612547_NozE39CtUZwiDySo-z1S14RR2biWOS0Ft5sLk8Vbdxk.jpg", "createdAt": 1443428929, "prefix": "https://igx.4sqi.net/img/general/", "width": 1439, "height": 1920}, "createdAt": 1443428927, "agreeCount": 0, "id": "5608fa3f498e1309d40bdb5a", "text": "The soup is aromatic and strong to taste.", "type": "user", "disagreeCount": 0, "user": {"gender": "male", "id": "54612547", "photo": {"prefix": "https://igx.4sqi.net/img/user/", "suffix": "/54612547-OTI2YP2QS0SJIUIH.jpg"}, "firstName": "Ah Leong", "lastName": "San"}, "canonicalUrl": "https://foursquare.com/item/5608fa3f498e1309d40bdb5a", "todo": {"count": 0}, "photourl": "https://igx.4sqi.net/img/general/original/54612547_NozE39CtUZwiDySo-z1S14RR2biWOS0Ft5sLk8Vbdxk.jpg"}]}, {"reasons": {"items": [{"reasonName": "globalInteractionReason", "summary": "This spot is popular", "type": "general"}], "count": 0}, "venue": {"hereNow": {"groups": [], "summary": "Nobody here", "count": 0}, "contact": {}, "photos": {"groups": [], "count": 0}, "name": "SAP In-house Cafe", "allowMenuUrlEdit": true, "beenHere": {"lastCheckinExpiredAt": 0, "count": 0, "marked": false}, "stats": {"checkinsCount": 501, "usersCount": 31, "tipCount": 0}, "id": "4d9947f861a3a1cd7c98e142", "categories": [{"pluralName": "Caf\u00e9s", "id": "4bf58dd8d48988d16d941735", "primary": true, "icon": {"prefix": "https://ss3.4sqi.net/img/categories_v2/food/cafe_", "suffix": ".png"}, "name": "Caf\u00e9", "shortName": "Caf\u00e9"}], "location": {"lng": 103.79840031121779, "formattedAddress": ["30 Pasir Panjang (SAP @ MBC)", "Singapore"], "lat": 1.27526321071997, "crossStreet": "SAP @ MBC", "country": "Singapore", "distance": 601, "city": "Singapore", "cc": "SG", "address": "30 Pasir Panjang", "labeledLatLngs": [{"lng": 103.79840031121779, "label": "display", "lat": 1.27526321071997}]}, "hours": {"isLocalHoliday": false, "isOpen": false}, "verified": false, "price": {"tier": 1, "currency": "$", "message": "Cheap"}}, "referralId": "e-3-4d9947f861a3a1cd7c98e142-77"}, {"reasons": {"items": [{"reasonName": "globalInteractionReason", "summary": "This spot is popular", "type": "general"}], "count": 0}, "venue": {"hereNow": {"groups": [], "summary": "Nobody here", "count": 0}, "contact": {}, "photos": {"groups": [], "count": 0}, "name": "Samsung Asia Pte Ltd Pantry", "allowMenuUrlEdit": true, "beenHere": {"lastCheckinExpiredAt": 0, "count": 0, "marked": false}, "stats": {"checkinsCount": 215, "usersCount": 20, "tipCount": 3}, "id": "524cc8c47e4864ac1e15c4ee", "categories": [{"pluralName": "Caf\u00e9s", "id": "4bf58dd8d48988d16d941735", "primary": true, "icon": {"prefix": "https://ss3.4sqi.net/img/categories_v2/food/cafe_", "suffix": ".png"}, "name": "Caf\u00e9", "shortName": "Caf\u00e9"}], "location": {"formattedAddress": ["30 Pasir Panjang Road", "117440", "Singapore"], "postalCode": "117440", "lat": 1.2748800088961503, "lng": 103.79816827161186, "country": "Singapore", "distance": 601, "city": "Singapore", "cc": "SG", "address": "30 Pasir Panjang Road", "labeledLatLngs": [{"lng": 103.79816827161186, "label": "display", "lat": 1.2748800088961503}]}, "verified": false, "price": {"tier": 1, "currency": "$", "message": "Cheap"}}, "referralId": "e-3-524cc8c47e4864ac1e15c4ee-78", "tips": [{"id": "524d565e498e2fe330565774", "text": "Starbucks taste nicer using someone else's card!", "disagreeCount": 0, "logView": true, "createdAt": 1380800094, "likes": {"groups": [], "summary": "2 likes", "count": 2}, "todo": {"count": 0}, "agreeCount": 2, "canonicalUrl": "https://foursquare.com/item/524d565e498e2fe330565774", "type": "user", "user": {"gender": "female", "id": "6539267", "photo": {"prefix": "https://igx.4sqi.net/img/user/", "suffix": "/1QLHIZXJ2ODOSAZM.jpg"}, "firstName": "Hui", "lastName": "Wo"}}]}, {"reasons": {"items": [{"reasonName": "globalInteractionReason", "summary": "This spot is popular", "type": "general"}], "count": 0}, "venue": {"hereNow": {"groups": [], "summary": "Nobody here", "count": 0}, "contact": {}, "photos": {"groups": [], "count": 0}, "name": "Sque", "allowMenuUrlEdit": true, "beenHere": {"lastCheckinExpiredAt": 0, "count": 0, "marked": false}, "stats": {"checkinsCount": 215, "usersCount": 59, "tipCount": 1}, "id": "574bb910498e3974b8af9006", "categories": [{"pluralName": "American Restaurants", "id": "4bf58dd8d48988d14e941735", "primary": true, "icon": {"prefix": "https://ss3.4sqi.net/img/categories_v2/food/default_", "suffix": ".png"}, "name": "American Restaurant", "shortName": "American"}], "location": {"formattedAddress": ["40 Mapletree Business City", "Singapore"], "lat": 1.275522, "lng": 103.798514, "distance": 607, "country": "Singapore", "cc": "SG", "address": "40 Mapletree Business City", "labeledLatLngs": [{"lng": 103.798514, "label": "display", "lat": 1.275522}]}, "verified": false, "price": {"tier": 2, "currency": "$", "message": "Moderate"}}, "referralId": "e-3-574bb910498e3974b8af9006-79", "tips": [{"id": "57b78048498e9b76bcef29b6", "text": "1 for 1 Drinks till 8pm", "disagreeCount": 0, "createdAt": 1471643720, "logView": true, "todo": {"count": 0}, "agreeCount": 0, "canonicalUrl": "https://foursquare.com/item/57b78048498e9b76bcef29b6", "type": "user", "user": {"gender": "male", "id": "128121", "photo": {"prefix": "https://igx.4sqi.net/img/user/", "suffix": "/WBPYNBO0KEQZBIN4.jpg"}, "firstName": "Julio", "lastName": "Nine"}}]}, {"reasons": {"items": [{"reasonName": "globalInteractionReason", "summary": "This spot is popular", "type": "general"}], "count": 0}, "venue": {"hereNow": {"groups": [], "summary": "Nobody here", "count": 0}, "contact": {}, "photos": {"groups": [], "count": 0}, "name": "La Vie Cafe", "allowMenuUrlEdit": true, "beenHere": {"lastCheckinExpiredAt": 0, "count": 0, "marked": false}, "stats": {"checkinsCount": 250, "usersCount": 27, "tipCount": 1}, "id": "4d51e6aabd6ff04db094f60c", "categories": [{"pluralName": "Caf\u00e9s", "id": "4bf58dd8d48988d16d941735", "primary": true, "icon": {"prefix": "https://ss3.4sqi.net/img/categories_v2/food/cafe_", "suffix": ".png"}, "name": "Caf\u00e9", "shortName": "Caf\u00e9"}], "location": {"formattedAddress": ["Singapore"], "lat": 1.2773268560741038, "lng": 103.80037549377101, "distance": 624, "country": "Singapore", "cc": "SG", "labeledLatLngs": [{"lng": 103.80037549377101, "label": "display", "lat": 1.2773268560741038}]}, "verified": false, "price": {"tier": 1, "currency": "$", "message": "Cheap"}}, "referralId": "e-3-4d51e6aabd6ff04db094f60c-80", "tips": [{"id": "4e29369db61c41a2f8a50dbd", "text": "Clear e tables after utilizing!", "disagreeCount": 0, "logView": true, "createdAt": 1311323805, "likes": {"groups": [], "summary": "2 likes", "count": 2}, "todo": {"count": 0}, "agreeCount": 0, "canonicalUrl": "https://foursquare.com/item/4e29369db61c41a2f8a50dbd", "type": "user", "user": {"id": "3970304", "photo": {"prefix": "https://igx.4sqi.net/img/user/", "suffix": "/VSGYYUPQZUZQDCEK.jpg"}, "firstName": "Halfie88", "gender": "male"}}]}, {"reasons": {"items": [{"reasonName": "globalInteractionReason", "summary": "This spot is popular", "type": "general"}], "count": 0}, "venue": {"hereNow": {"groups": [], "summary": "Nobody here", "count": 0}, "contact": {"phone": "+6562755711", "formattedPhone": "+65 6275 5711"}, "photos": {"groups": [], "count": 0}, "name": "Gillman Seafood @ Yeo's Building", "allowMenuUrlEdit": true, "beenHere": {"lastCheckinExpiredAt": 0, "count": 0, "marked": false}, "stats": {"checkinsCount": 197, "usersCount": 134, "tipCount": 2}, "id": "4b6ae06cf964a520cbe42be3", "categories": [{"pluralName": "Chinese Restaurants", "id": "4bf58dd8d48988d145941735", "primary": true, "icon": {"prefix": "https://ss3.4sqi.net/img/categories_v2/food/asian_", "suffix": ".png"}, "name": "Chinese Restaurant", "shortName": "Chinese"}], "location": {"formattedAddress": ["No.2, Telok Blangah Street 31, (Yeo's Building)", "108942", "Singapore"], "postalCode": "108942", "lat": 1.2733849651072389, "lng": 103.80859912883913, "country": "Singapore", "distance": 640, "city": "Singapore", "cc": "SG", "address": "No.2, Telok Blangah Street 31, (Yeo's Building)", "labeledLatLngs": [{"lng": 103.80859912883913, "label": "display", "lat": 1.2733849651072389}]}, "verified": false, "price": {"tier": 1, "currency": "$", "message": "Cheap"}}, "referralId": "e-3-4b6ae06cf964a520cbe42be3-81", "tips": [{"id": "4bfd123170c603bb010a9db4", "text": "Check out this zhi cha place if you are near by. Serves good food like \u4e09\u676f\u9e21 and nice crabs. Above all, it's value for money.", "disagreeCount": 0, "logView": true, "createdAt": 1274876465, "likes": {"groups": [], "summary": "3 likes", "count": 3}, "todo": {"count": 2}, "agreeCount": 0, "canonicalUrl": "https://foursquare.com/item/4bfd123170c603bb010a9db4", "type": "user", "user": {"gender": "male", "id": "1245253", "photo": {"prefix": "https://igx.4sqi.net/img/user/", "suffix": "/PGSOG3XPGXDCORYC.jpg"}, "firstName": "Crono", "lastName": "Lee"}}]}, {"reasons": {"items": [{"reasonName": "globalInteractionReason", "summary": "This spot is popular", "type": "general"}], "count": 0}, "venue": {"hereNow": {"groups": [], "summary": "Nobody here", "count": 0}, "contact": {"phone": "+6564733655", "formattedPhone": "+65 6473 3655"}, "photos": {"groups": [], "count": 0}, "name": "Verve @ Gillman", "allowMenuUrlEdit": true, "beenHere": {"lastCheckinExpiredAt": 0, "count": 0, "marked": false}, "stats": {"checkinsCount": 123, "usersCount": 95, "tipCount": 2}, "id": "4b51838bf964a520c74e27e3", "categories": [{"pluralName": "Italian Restaurants", "id": "4bf58dd8d48988d110941735", "primary": true, "icon": {"prefix": "https://ss3.4sqi.net/img/categories_v2/food/italian_", "suffix": ".png"}, "name": "Italian Restaurant", "shortName": "Italian"}], "location": {"formattedAddress": ["7 Lock Road, Gillman Village", "Singapore"], "lat": 1.277895, "lng": 103.804558, "state": "108935", "country": "Singapore", "distance": 644, "city": "Singapore", "cc": "SG", "address": "7 Lock Road, Gillman Village", "labeledLatLngs": [{"lng": 103.804558, "label": "display", "lat": 1.277895}]}, "verified": false, "price": {"tier": 2, "currency": "$", "message": "Moderate"}}, "referralId": "e-3-4b51838bf964a520c74e27e3-82", "tips": [{"id": "4cd0eeed7561236ab4392ff3", "text": "The service is very slow! Waited for more than 30mins!!!", "disagreeCount": 0, "createdAt": 1288761069, "logView": true, "todo": {"count": 0}, "agreeCount": 0, "canonicalUrl": "https://foursquare.com/item/4cd0eeed7561236ab4392ff3", "type": "user", "user": {"gender": "female", "id": "3141029", "photo": {"prefix": "https://igx.4sqi.net/img/user/", "suffix": "/FEOPNOK3FZTHNTX5.jpg"}, "firstName": "Tina", "lastName": "Lazaro"}}]}, {"reasons": {"items": [{"reasonName": "globalInteractionReason", "summary": "This spot is popular", "type": "general"}], "count": 0}, "venue": {"contact": {}, "photos": {"groups": [], "count": 0}, "rating": 5.6, "name": "YT Food", "ratingSignals": 18, "allowMenuUrlEdit": true, "categories": [{"pluralName": "Food Courts", "id": "4bf58dd8d48988d120951735", "primary": true, "icon": {"prefix": "https://ss3.4sqi.net/img/categories_v2/shops/food_foodcourt_", "suffix": ".png"}, "name": "Food Court", "shortName": "Food Court"}], "stats": {"checkinsCount": 1204, "usersCount": 254, "tipCount": 12}, "id": "4d3a334b97e0a1cdbd9f6b3e", "beenHere": {"lastCheckinExpiredAt": 0, "count": 0, "marked": false}, "ratingColor": "FF9600", "location": {"formattedAddress": ["78A Telok Blangah St 32", "101078", "Singapore"], "postalCode": "101078", "lat": 1.273788926790816, "lng": 103.80905192438827, "country": "Singapore", "distance": 699, "city": "Singapore", "cc": "SG", "address": "78A Telok Blangah St 32", "labeledLatLngs": [{"lng": 103.80905192438827, "label": "display", "lat": 1.273788926790816}]}, "hours": {"isLocalHoliday": false, "isOpen": true, "status": "Likely open"}, "verified": false, "hereNow": {"groups": [], "summary": "Nobody here", "count": 0}}, "referralId": "e-3-4d3a334b97e0a1cdbd9f6b3e-83", "tips": [{"id": "51da579f498e2622bf51843a", "text": "Nice & tasty fried hokkien mee is back (incl. the orig. owner)! There was a change of food stall owner before &  fried hokkien mee became diff. in taste & texture, so we stopped buying since then.", "disagreeCount": 0, "logView": true, "createdAt": 1373263775, "likes": {"groups": [], "summary": "2 likes", "count": 2}, "todo": {"count": 0}, "agreeCount": 2, "canonicalUrl": "https://foursquare.com/item/51da579f498e2622bf51843a", "type": "user", "user": {"gender": "female", "id": "5383766", "photo": {"prefix": "https://igx.4sqi.net/img/user/", "suffix": "/5383766-JDHKBRAGEYKDO324.jpg"}, "firstName": "K.", "lastName": "King"}}]}, {"reasons": {"items": [{"reasonName": "globalInteractionReason", "summary": "This spot is popular", "type": "general"}], "count": 0}, "venue": {"hereNow": {"groups": [], "summary": "Nobody here", "count": 0}, "contact": {}, "photos": {"groups": [], "count": 0}, "name": "Olio Bites", "allowMenuUrlEdit": true, "beenHere": {"lastCheckinExpiredAt": 0, "count": 0, "marked": false}, "stats": {"checkinsCount": 315, "usersCount": 30, "tipCount": 0}, "id": "4e6da21cb0fb62b77854e77c", "categories": [{"pluralName": "Caf\u00e9s", "id": "4bf58dd8d48988d16d941735", "primary": true, "icon": {"prefix": "https://ss3.4sqi.net/img/categories_v2/food/cafe_", "suffix": ".png"}, "name": "Caf\u00e9", "shortName": "Caf\u00e9"}], "location": {"formattedAddress": ["396 Alexandra Road", "Singapore"], "lat": 1.2781491934172127, "lng": 103.80258841170496, "distance": 648, "country": "Singapore", "cc": "SG", "address": "396 Alexandra Road", "labeledLatLngs": [{"lng": 103.80258841170496, "label": "display", "lat": 1.2781491934172127}]}, "hours": {"isLocalHoliday": false, "isOpen": false}, "verified": false, "price": {"tier": 1, "currency": "$", "message": "Cheap"}}, "referralId": "e-3-4e6da21cb0fb62b77854e77c-84"}, {"reasons": {"items": [{"reasonName": "globalInteractionReason", "summary": "This spot is popular", "type": "general"}], "count": 0}, "venue": {"hereNow": {"groups": [], "summary": "Nobody here", "count": 0}, "contact": {}, "photos": {"groups": [], "count": 0}, "name": "Comtech Centre, B1 Foodcourt", "allowMenuUrlEdit": true, "beenHere": {"lastCheckinExpiredAt": 0, "count": 0, "marked": false}, "stats": {"checkinsCount": 117, "usersCount": 36, "tipCount": 1}, "id": "4d7718ec396f37048efca238", "categories": [{"pluralName": "Restaurants", "id": "4bf58dd8d48988d1c4941735", "primary": true, "icon": {"prefix": "https://ss3.4sqi.net/img/categories_v2/food/default_", "suffix": ".png"}, "name": "Restaurant", "shortName": "Restaurant"}], "location": {"formattedAddress": ["Comtech, 1 Alexandra Terrace", "Singapore"], "lat": 1.2768516135676502, "lng": 103.79926055909182, "country": "Singapore", "distance": 648, "city": "Singapore", "cc": "SG", "address": "Comtech, 1 Alexandra Terrace", "labeledLatLngs": [{"lng": 103.79926055909182, "label": "display", "lat": 1.2768516135676502}]}, "verified": false, "price": {"tier": 2, "currency": "$", "message": "Moderate"}}, "referralId": "e-3-4d7718ec396f37048efca238-85", "tips": [{"logView": true, "photo": {"id": "51bbee7d498edb2f191582c0", "visibility": "public", "source": {"name": "Foursquare for iOS", "url": "https://foursquare.com/download/#/iphone"}, "suffix": "/56087747_dxqk5BmQgBqOtluVig1R-VgqttOY6OQ3RsecqccF1ks.jpg", "createdAt": 1371270781, "prefix": "https://igx.4sqi.net/img/general/", "width": 960, "height": 720}, "createdAt": 1371270778, "agreeCount": 0, "id": "51bbee7a498e5023dc375186", "text": "Ordered the VANGOLE ALVINO from Pizza Pazza, thumbs up to tat! Very standard, nice. The broth light yet tasty, spaghetti cook to perfection. I finish the entire potion despite im very full!", "type": "user", "disagreeCount": 0, "user": {"gender": "female", "id": "56087747", "photo": {"prefix": "https://igx.4sqi.net/img/user/", "suffix": "/MHA413JEOLAUYQCB.jpg"}, "firstName": "Yuki devils", "lastName": "Su"}, "canonicalUrl": "https://foursquare.com/item/51bbee7a498e5023dc375186", "todo": {"count": 0}, "photourl": "https://igx.4sqi.net/img/general/original/56087747_dxqk5BmQgBqOtluVig1R-VgqttOY6OQ3RsecqccF1ks.jpg"}]}, {"reasons": {"items": [{"reasonName": "globalInteractionReason", "summary": "This spot is popular", "type": "general"}], "count": 0}, "venue": {"hereNow": {"groups": [], "summary": "Nobody here", "count": 0}, "contact": {"phone": "+6562732774", "formattedPhone": "+65 6273 2774"}, "photos": {"groups": [], "count": 0}, "rating": 5.0, "name": "Bistroquet Pizza & Grill", "ratingSignals": 15, "allowMenuUrlEdit": true, "categories": [{"pluralName": "Italian Restaurants", "id": "4bf58dd8d48988d110941735", "primary": true, "icon": {"prefix": "https://ss3.4sqi.net/img/categories_v2/food/italian_", "suffix": ".png"}, "name": "Italian Restaurant", "shortName": "Italian"}], "stats": {"checkinsCount": 195, "usersCount": 134, "tipCount": 10}, "id": "4fc5afc1e4b05ab8c3b2a3d8", "beenHere": {"lastCheckinExpiredAt": 0, "count": 0, "marked": false}, "ratingColor": "FF9600", "location": {"lng": 103.801491, "formattedAddress": ["#02-20, Alexandra Retail Centre (460 Alexandra Road)", "119963", "Singapore"], "postalCode": "119963", "lat": 1.274016, "crossStreet": "460 Alexandra Road", "country": "Singapore", "distance": 247, "city": "Singapore", "cc": "SG", "address": "#02-20, Alexandra Retail Centre", "labeledLatLngs": [{"lng": 103.801491, "label": "display", "lat": 1.274016}]}, "verified": false, "price": {"tier": 2, "currency": "$", "message": "Moderate"}}, "referralId": "e-3-4fc5afc1e4b05ab8c3b2a3d8-86", "tips": [{"logView": true, "photo": {"id": "4ffade22e4b0d48ad450252c", "visibility": "public", "source": {"name": "Foursquare for iOS", "url": "https://foursquare.com/download/#/iphone"}, "suffix": "/M_e_vXqHQx5ep8i566bnQI4N-z0gfQzxUAMy-Am4P-E.jpg", "createdAt": 1341840930, "prefix": "https://igx.4sqi.net/img/general/", "width": 720, "height": 537}, "createdAt": 1341840926, "todo": {"count": 0}, "agreeCount": 2, "likes": {"groups": [], "summary": "2 likes", "count": 2}, "id": "4ffade1ee4b01992ac2de5d9", "text": "Get the best of both worlds, surf and turf, white pizza and tomato based in a half half symphony of tastes - juicy marinated chicken and delicate garlic prawns", "disagreeCount": 0, "user": {"gender": "female", "id": "944428", "photo": {"prefix": "https://igx.4sqi.net/img/user/", "suffix": "/RHXNTG211HSDC4VB.gif"}, "firstName": "Vivien", "lastName": "Goh"}, "canonicalUrl": "https://foursquare.com/item/4ffade1ee4b01992ac2de5d9", "type": "user", "photourl": "https://igx.4sqi.net/img/general/original/M_e_vXqHQx5ep8i566bnQI4N-z0gfQzxUAMy-Am4P-E.jpg"}]}, {"reasons": {"items": [{"reasonName": "globalInteractionReason", "summary": "This spot is popular", "type": "general"}], "count": 0}, "venue": {"hereNow": {"groups": [], "summary": "Nobody here", "count": 0}, "contact": {}, "photos": {"groups": [], "count": 0}, "rating": 5.7, "name": "Peony Jade", "ratingSignals": 38, "allowMenuUrlEdit": true, "categories": [{"pluralName": "Chinese Restaurants", "id": "4bf58dd8d48988d145941735", "primary": true, "icon": {"prefix": "https://ss3.4sqi.net/img/categories_v2/food/asian_", "suffix": ".png"}, "name": "Chinese Restaurant", "shortName": "Chinese"}], "stats": {"checkinsCount": 1536, "usersCount": 1240, "tipCount": 15}, "id": "4b793057f964a52060ee2ee3", "beenHere": {"lastCheckinExpiredAt": 0, "count": 0, "marked": false}, "ratingColor": "FF9600", "location": {"lng": 103.8072395324707, "formattedAddress": ["Keppel Club (10 Bukit Chermin Road)", "109918", "Singapore"], "postalCode": "109918", "lat": 1.266629033661618, "crossStreet": "10 Bukit Chermin Road", "country": "Singapore", "distance": 795, "city": "Singapore", "cc": "SG", "address": "Keppel Club", "labeledLatLngs": [{"lng": 103.8072395324707, "label": "display", "lat": 1.266629033661618}]}, "hours": {"isLocalHoliday": false, "isOpen": true, "status": "Likely open"}, "verified": false, "price": {"tier": 1, "currency": "$", "message": "Cheap"}}, "referralId": "e-3-4b793057f964a52060ee2ee3-87", "tips": [{"id": "52369c5311d2f50ae93b6fff", "text": "Service #fail. Items ordered were served wrongly or weren't served at all.", "disagreeCount": 0, "logView": true, "createdAt": 1379310675, "likes": {"groups": [], "summary": "1 like", "count": 1}, "todo": {"count": 0}, "agreeCount": 1, "canonicalUrl": "https://foursquare.com/item/52369c5311d2f50ae93b6fff", "type": "user", "user": {"gender": "male", "id": "472738", "photo": {"prefix": "https://igx.4sqi.net/img/user/", "suffix": "/472738-E5O1LNV3YEKICJHI.jpg"}, "firstName": "Cruz", "lastName": "Teng"}}]}, {"reasons": {"items": [{"reasonName": "globalInteractionReason", "summary": "This spot is popular", "type": "general"}], "count": 0}, "venue": {"hereNow": {"groups": [], "summary": "Nobody here", "count": 0}, "contact": {}, "photos": {"groups": [], "count": 0}, "name": "Paik's Coffee", "allowMenuUrlEdit": true, "beenHere": {"lastCheckinExpiredAt": 0, "count": 0, "marked": false}, "stats": {"checkinsCount": 89, "usersCount": 34, "tipCount": 1}, "id": "572c8c07498e16431c225260", "categories": [{"pluralName": "Caf\u00e9s", "id": "4bf58dd8d48988d16d941735", "primary": true, "icon": {"prefix": "https://ss3.4sqi.net/img/categories_v2/food/cafe_", "suffix": ".png"}, "name": "Caf\u00e9", "shortName": "Caf\u00e9"}], "location": {"formattedAddress": ["40 Pasir Panjang Road, Mapletree Business City", "117383", "Singapore"], "postalCode": "117383", "lat": 1.2748792113372753, "lng": 103.79756836618725, "distance": 661, "country": "Singapore", "cc": "SG", "address": "40 Pasir Panjang Road, Mapletree Business City", "labeledLatLngs": [{"lng": 103.79756836618725, "label": "display", "lat": 1.2748792113372753}]}, "hours": {"isLocalHoliday": false, "isOpen": false, "status": "Closed until 7:30 AM tomorrow"}, "verified": false, "price": {"tier": 1, "currency": "$", "message": "Cheap"}}, "referralId": "e-3-572c8c07498e16431c225260-88", "tips": [{"logView": true, "photo": {"id": "572c8dda498e5172ef14a0c0", "visibility": "public", "source": {"name": "Foursquare for iOS", "url": "https://foursquare.com/download/#/iphone"}, "suffix": "/152227340_aLZX8utB8jUTT7ldkiAw8oonrMPHBzCTFLL8de9RCYg.jpg", "createdAt": 1462537690, "prefix": "https://igx.4sqi.net/img/general/", "width": 1350, "height": 1920}, "createdAt": 1462537687, "agreeCount": 0, "id": "572c8dd7498e6f7ecc4d0417", "text": "Great coffee for that quick group discussion", "type": "user", "disagreeCount": 0, "user": {"gender": "male", "id": "152227340", "photo": {"prefix": "https://igx.4sqi.net/img/user/", "suffix": "/152227340-CYIQA4JYAFOVJV0V.jpg"}, "firstName": "Arthur", "lastName": "Cheong"}, "canonicalUrl": "https://foursquare.com/item/572c8dd7498e6f7ecc4d0417", "todo": {"count": 0}, "photourl": "https://igx.4sqi.net/img/general/original/152227340_aLZX8utB8jUTT7ldkiAw8oonrMPHBzCTFLL8de9RCYg.jpg"}]}, {"reasons": {"items": [{"reasonName": "globalInteractionReason", "summary": "This spot is popular", "type": "general"}], "count": 0}, "venue": {"hereNow": {"groups": [], "summary": "Nobody here", "count": 0}, "contact": {}, "photos": {"groups": [], "count": 0}, "name": "Villa Frangipani", "allowMenuUrlEdit": true, "beenHere": {"lastCheckinExpiredAt": 0, "count": 0, "marked": false}, "stats": {"checkinsCount": 86, "usersCount": 66, "tipCount": 1}, "id": "4c020d1dcebfef3bdf5897fd", "categories": [{"pluralName": "Asian Restaurants", "id": "4bf58dd8d48988d142941735", "primary": true, "icon": {"prefix": "https://ss3.4sqi.net/img/categories_v2/food/asian_", "suffix": ".png"}, "name": "Asian Restaurant", "shortName": "Asian"}], "location": {"formattedAddress": ["9 Lock Road", "Singapore"], "lat": 1.2783849380129968, "lng": 103.80420327186584, "country": "Singapore", "distance": 688, "city": "Singapore", "cc": "SG", "address": "9 Lock Road", "labeledLatLngs": [{"lng": 103.80420327186584, "label": "display", "lat": 1.2783849380129968}]}, "verified": false, "price": {"tier": 2, "currency": "$", "message": "Moderate"}}, "referralId": "e-3-4c020d1dcebfef3bdf5897fd-89", "tips": [{"id": "4c7201df1b11199c1dc05613", "text": "Order the Nasi Goreng Special and ask for more chilli!!", "disagreeCount": 0, "logView": true, "createdAt": 1282539999, "likes": {"groups": [], "summary": "2 likes", "count": 2}, "todo": {"count": 1}, "agreeCount": 1, "canonicalUrl": "https://foursquare.com/item/4c7201df1b11199c1dc05613", "type": "user", "user": {"gender": "male", "id": "2726716", "photo": {"prefix": "https://igx.4sqi.net/img/user/", "suffix": "/XCRJUNFS50D3EM0H.jpg"}, "firstName": "James", "lastName": "K"}}]}, {"reasons": {"items": [{"reasonName": "globalInteractionReason", "summary": "This spot is popular", "type": "general"}], "count": 0}, "venue": {"hereNow": {"groups": [], "summary": "Nobody here", "count": 0}, "contact": {}, "photos": {"groups": [], "count": 0}, "name": "Little Bali (Gillman Village)", "allowMenuUrlEdit": true, "beenHere": {"lastCheckinExpiredAt": 0, "count": 0, "marked": false}, "stats": {"checkinsCount": 265, "usersCount": 210, "tipCount": 1}, "id": "4bdf8a7b921d9521591f6932", "categories": [{"pluralName": "Seafood Restaurants", "id": "4bf58dd8d48988d1ce941735", "primary": true, "icon": {"prefix": "https://ss3.4sqi.net/img/categories_v2/food/seafood_", "suffix": ".png"}, "name": "Seafood Restaurant", "shortName": "Seafood"}], "location": {"formattedAddress": ["9 Lock Road", "108937", "Singapore"], "postalCode": "108937", "lat": 1.27843, "lng": 103.804291, "country": "Singapore", "distance": 695, "city": "Singapore", "cc": "SG", "address": "9 Lock Road", "labeledLatLngs": [{"lng": 103.804291, "label": "display", "lat": 1.27843}]}, "hours": {"isLocalHoliday": false, "isOpen": false}, "verified": false, "price": {"tier": 3, "currency": "$", "message": "Expensive"}}, "referralId": "e-3-4bdf8a7b921d9521591f6932-90", "tips": [{"id": "4d26b165f7a9224b28b0e49f", "text": "Bali seafood is moving out... Last day on 20 feb", "disagreeCount": 0, "createdAt": 1294381413, "logView": true, "todo": {"count": 0}, "agreeCount": 0, "canonicalUrl": "https://foursquare.com/item/4d26b165f7a9224b28b0e49f", "type": "user", "user": {"gender": "male", "id": "5435247", "photo": {"prefix": "https://igx.4sqi.net/img/user/", "suffix": "/5UCBBGDOXONW12M1.jpg"}, "firstName": "Patrick", "lastName": "Ng"}}]}, {"reasons": {"items": [{"reasonName": "globalInteractionReason", "summary": "This spot is popular", "type": "general"}], "count": 0}, "venue": {"hereNow": {"groups": [], "summary": "Nobody here", "count": 0}, "contact": {}, "photos": {"groups": [], "count": 0}, "name": "Subway @ Comtech", "allowMenuUrlEdit": true, "beenHere": {"lastCheckinExpiredAt": 0, "count": 0, "marked": false}, "stats": {"checkinsCount": 50, "usersCount": 38, "tipCount": 2}, "id": "4c905ffdfbe58cfab1a021b9", "categories": [{"pluralName": "Fast Food Restaurants", "id": "4bf58dd8d48988d16e941735", "primary": true, "icon": {"prefix": "https://ss3.4sqi.net/img/categories_v2/food/fastfood_", "suffix": ".png"}, "name": "Fast Food Restaurant", "shortName": "Fast Food"}], "location": {"formattedAddress": ["60 Alexandra Terrace", "Singapore"], "lat": 1.275291592935849, "lng": 103.7974099010487, "country": "Singapore", "distance": 698, "city": "Singapore", "cc": "SG", "address": "60 Alexandra Terrace", "labeledLatLngs": [{"lng": 103.7974099010487, "label": "display", "lat": 1.275291592935849}]}, "verified": false, "price": {"tier": 1, "currency": "$", "message": "Cheap"}}, "referralId": "e-3-4c905ffdfbe58cfab1a021b9-91", "tips": [{"id": "4eef40c67ee5f45388d76af6", "text": "hhhhhhhhhhhhhhhhh", "disagreeCount": 0, "createdAt": 1324302534, "logView": true, "todo": {"count": 0}, "agreeCount": 0, "canonicalUrl": "https://foursquare.com/item/4eef40c67ee5f45388d76af6", "type": "user", "user": {"gender": "male", "id": "5318345", "photo": {"prefix": "https://igx.4sqi.net/img/user/", "suffix": "/CFGHXZYDF2ZRBKDR.jpg"}, "firstName": "Dylan", "lastName": "Gill"}}]}, {"reasons": {"items": [{"reasonName": "globalInteractionReason", "summary": "This spot is popular", "type": "general"}], "count": 0}, "venue": {"hereNow": {"groups": [], "summary": "Nobody here", "count": 0}, "contact": {}, "photos": {"groups": [], "count": 0}, "rating": 5.5, "name": "FM Foodcourt", "ratingSignals": 9, "allowMenuUrlEdit": true, "categories": [{"pluralName": "Caf\u00e9s", "id": "4bf58dd8d48988d16d941735", "primary": true, "icon": {"prefix": "https://ss3.4sqi.net/img/categories_v2/food/cafe_", "suffix": ".png"}, "name": "Caf\u00e9", "shortName": "Caf\u00e9"}], "stats": {"checkinsCount": 465, "usersCount": 42, "tipCount": 1}, "id": "5579066a498ec5c4a34523f2", "beenHere": {"lastCheckinExpiredAt": 0, "count": 0, "marked": false}, "ratingColor": "FF9600", "location": {"formattedAddress": ["452 Alexandra Technopark", "Singapore"], "lat": 1.277906, "lng": 103.799913, "distance": 705, "country": "Singapore", "cc": "SG", "address": "452 Alexandra Technopark", "labeledLatLngs": [{"lng": 103.799913, "label": "display", "lat": 1.277906}]}, "hours": {"isLocalHoliday": false, "isOpen": false}, "verified": false, "price": {"tier": 1, "currency": "$", "message": "Cheap"}}, "referralId": "e-3-5579066a498ec5c4a34523f2-92", "tips": [{"id": "593b5e53bb8d365bad09c473", "text": "Got to come after 1300 hrs to avoid the crowd, food is decent by standards", "disagreeCount": 0, "createdAt": 1497062995, "logView": true, "todo": {"count": 0}, "agreeCount": 0, "canonicalUrl": "https://foursquare.com/item/593b5e53bb8d365bad09c473", "type": "user", "user": {"gender": "male", "id": "4756903", "photo": {"prefix": "https://igx.4sqi.net/img/user/", "suffix": "/SW3LRO1TY3Y0F31M.jpg"}, "firstName": "Kenneth", "lastName": "Tan"}}]}, {"reasons": {"items": [{"reasonName": "globalInteractionReason", "summary": "This spot is popular", "type": "general"}], "count": 0}, "venue": {"hereNow": {"groups": [], "summary": "Nobody here", "count": 0}, "contact": {}, "photos": {"groups": [], "count": 0}, "name": "Bali Seafood Village", "allowMenuUrlEdit": true, "beenHere": {"lastCheckinExpiredAt": 0, "count": 0, "marked": false}, "stats": {"checkinsCount": 184, "usersCount": 133, "tipCount": 7}, "id": "4bee8ef5e8c3c928a9cc9892", "categories": [{"pluralName": "Chinese Restaurants", "id": "4bf58dd8d48988d145941735", "primary": true, "icon": {"prefix": "https://ss3.4sqi.net/img/categories_v2/food/asian_", "suffix": ".png"}, "name": "Chinese Restaurant", "shortName": "Chinese"}], "location": {"formattedAddress": ["Singapore"], "lat": 1.278397, "lng": 103.804677, "distance": 702, "country": "Singapore", "cc": "SG", "labeledLatLngs": [{"lng": 103.804677, "label": "display", "lat": 1.278397}]}, "verified": false, "price": {"tier": 1, "currency": "$", "message": "Cheap"}}, "referralId": "e-3-4bee8ef5e8c3c928a9cc9892-93", "tips": [{"id": "4ce200d8db1254816a1b45ce", "text": "Try the Mongolian Pork Ribs!", "disagreeCount": 0, "logView": true, "createdAt": 1289879768, "likes": {"groups": [], "summary": "2 likes", "count": 2}, "todo": {"count": 0}, "agreeCount": 0, "canonicalUrl": "https://foursquare.com/item/4ce200d8db1254816a1b45ce", "type": "user", "user": {"id": "3897087", "photo": {"prefix": "https://igx.4sqi.net/img/user/", "suffix": "/3897087-2EDHX22UHAWUT1MJ.jpg"}, "firstName": "Wee", "gender": "male"}}]}, {"reasons": {"items": [{"reasonName": "globalInteractionReason", "summary": "This spot is popular", "type": "general"}], "count": 0}, "venue": {"hereNow": {"groups": [], "summary": "Nobody here", "count": 0}, "contact": {}, "photos": {"groups": [], "count": 0}, "rating": 5.6, "name": "Tee Top Golfers' Terrace", "ratingSignals": 8, "allowMenuUrlEdit": true, "categories": [{"pluralName": "Caf\u00e9s", "id": "4bf58dd8d48988d16d941735", "primary": true, "icon": {"prefix": "https://ss3.4sqi.net/img/categories_v2/food/cafe_", "suffix": ".png"}, "name": "Caf\u00e9", "shortName": "Caf\u00e9"}], "stats": {"checkinsCount": 268, "usersCount": 125, "tipCount": 6}, "id": "4c5cc33e9b28d13a14e95770", "beenHere": {"lastCheckinExpiredAt": 0, "count": 0, "marked": false}, "ratingColor": "FF9600", "location": {"lng": 103.80709925441921, "formattedAddress": ["Keppel Club (10 Bukit Chermin Road)", "Singapore"], "lat": 1.2670685912597277, "crossStreet": "10 Bukit Chermin Road", "country": "Singapore", "distance": 746, "city": "Singapore", "cc": "SG", "address": "Keppel Club", "labeledLatLngs": [{"lng": 103.80709925441921, "label": "display", "lat": 1.2670685912597277}]}, "hours": {"isLocalHoliday": false, "isOpen": false}, "verified": false, "price": {"tier": 1, "currency": "$", "message": "Cheap"}}, "referralId": "e-3-4c5cc33e9b28d13a14e95770-94", "tips": [{"id": "53caa046498e02e267f4d6e4", "text": "The Otah with toast is a must try!", "disagreeCount": 0, "logView": true, "createdAt": 1405788230, "likes": {"groups": [], "summary": "1 like", "count": 1}, "todo": {"count": 0}, "agreeCount": 1, "canonicalUrl": "https://foursquare.com/item/53caa046498e02e267f4d6e4", "type": "user", "user": {"gender": "female", "id": "8919978", "photo": {"prefix": "https://igx.4sqi.net/img/user/", "suffix": "/QT3XZPRFKN1G2QWT.jpg"}, "firstName": "Regina", "lastName": "Ng"}}]}, {"reasons": {"items": [{"reasonName": "globalInteractionReason", "summary": "This spot is popular", "type": "general"}], "count": 0}, "venue": {"hereNow": {"groups": [{"items": [], "name": "Other people here", "count": 1, "type": "others"}], "summary": "One other person is here", "count": 1}, "contact": {}, "photos": {"groups": [], "count": 0}, "rating": 4.9, "name": "Auntie Kim's Korean Restaurant", "ratingSignals": 30, "allowMenuUrlEdit": true, "categories": [{"pluralName": "Korean Restaurants", "id": "4bf58dd8d48988d113941735", "primary": true, "icon": {"prefix": "https://ss3.4sqi.net/img/categories_v2/food/korean_", "suffix": ".png"}, "name": "Korean Restaurant", "shortName": "Korean"}], "stats": {"checkinsCount": 660, "usersCount": 349, "tipCount": 9}, "id": "4ef2d15f722eb49f531d3877", "beenHere": {"lastCheckinExpiredAt": 0, "count": 0, "marked": false}, "ratingColor": "FF6701", "location": {"formattedAddress": ["#02-21 Alexandra Retail Centre (460 Alexandra Road)", "Singapore"], "lat": 1.2744209106258713, "lng": 103.80164890758869, "distance": 273, "country": "Singapore", "cc": "SG", "address": "#02-21 Alexandra Retail Centre (460 Alexandra Road)", "labeledLatLngs": [{"lng": 103.80164890758869, "label": "display", "lat": 1.2744209106258713}]}, "hours": {"isLocalHoliday": false, "isOpen": true, "status": "Likely open"}, "verified": false, "price": {"tier": 2, "currency": "$", "message": "Moderate"}}, "referralId": "e-3-4ef2d15f722eb49f531d3877-95", "tips": [{"id": "51e530e2498ed60607cf060a", "text": "Bossam is insanely delicious. Prices reasonable.", "disagreeCount": 0, "logView": true, "createdAt": 1373974754, "likes": {"groups": [], "summary": "1 like", "count": 1}, "todo": {"count": 0}, "agreeCount": 1, "canonicalUrl": "https://foursquare.com/item/51e530e2498ed60607cf060a", "type": "user", "user": {"gender": "female", "id": "5945410", "photo": {"prefix": "https://igx.4sqi.net/img/user/", "suffix": "/5945410-VXK52DK5PWQZKP23.jpg"}, "firstName": "Mab", "lastName": "T"}}]}, {"reasons": {"items": [{"reasonName": "globalInteractionReason", "summary": "This spot is popular", "type": "general"}], "count": 0}, "venue": {"hereNow": {"groups": [], "summary": "Nobody here", "count": 0}, "contact": {}, "photos": {"groups": [], "count": 0}, "name": "Happy Bun", "allowMenuUrlEdit": true, "beenHere": {"lastCheckinExpiredAt": 0, "count": 0, "marked": false}, "stats": {"checkinsCount": 129, "usersCount": 22, "tipCount": 0}, "id": "4f9e53b6e4b0ad3857311cdc", "categories": [{"pluralName": "Bakeries", "id": "4bf58dd8d48988d16a941735", "primary": true, "icon": {"prefix": "https://ss3.4sqi.net/img/categories_v2/food/bakery_", "suffix": ".png"}, "name": "Bakery", "shortName": "Bakery"}], "location": {"formattedAddress": ["BLK 45", "Singapore"], "lat": 1.2713049182504135, "lng": 103.80965754080668, "distance": 756, "country": "Singapore", "cc": "SG", "address": "BLK 45", "labeledLatLngs": [{"lng": 103.80965754080668, "label": "display", "lat": 1.2713049182504135}]}, "verified": false, "price": {"tier": 1, "currency": "$", "message": "Cheap"}}, "referralId": "e-3-4f9e53b6e4b0ad3857311cdc-96"}, {"reasons": {"items": [{"reasonName": "globalInteractionReason", "summary": "This spot is popular", "type": "general"}], "count": 0}, "venue": {"contact": {}, "photos": {"groups": [], "count": 0}, "name": "Harbour Link Ablow Cafeteria Level 4", "allowMenuUrlEdit": true, "beenHere": {"lastCheckinExpiredAt": 0, "count": 0, "marked": false}, "stats": {"checkinsCount": 452, "usersCount": 114, "tipCount": 2}, "id": "4c2c1feb77cfe21eecaab5f1", "categories": [{"pluralName": "Food Courts", "id": "4bf58dd8d48988d120951735", "primary": true, "icon": {"prefix": "https://ss3.4sqi.net/img/categories_v2/shops/food_foodcourt_", "suffix": ".png"}, "name": "Food Court", "shortName": "Food Court"}], "location": {"lng": 103.79788529702266, "formattedAddress": ["61 Alexandra Terrace (61 Alexandra Terrace)", "119936", "Singapore"], "postalCode": "119936", "lat": 1.2769278045900359, "crossStreet": "61 Alexandra Terrace", "country": "Singapore", "distance": 760, "city": "Singapore", "cc": "SG", "address": "61 Alexandra Terrace", "labeledLatLngs": [{"lng": 103.79788529702266, "label": "display", "lat": 1.2769278045900359}]}, "hours": {"isLocalHoliday": false, "isOpen": false}, "verified": false, "hereNow": {"groups": [], "summary": "Nobody here", "count": 0}}, "referralId": "e-3-4c2c1feb77cfe21eecaab5f1-97", "tips": [{"id": "4d8c1d022505a35d1178a752", "text": "Try Indian food its awesome. The juice counter next to Indian food stall serves good juices", "disagreeCount": 0, "createdAt": 1301028098, "logView": true, "todo": {"count": 0}, "agreeCount": 0, "canonicalUrl": "https://foursquare.com/item/4d8c1d022505a35d1178a752", "type": "user", "user": {"gender": "none", "id": "5692090", "photo": {"prefix": "https://igx.4sqi.net/img/user/", "suffix": "/RGGHN3FSLPBLBPJ3.jpg"}, "firstName": "Nilesh", "lastName": "Gule"}}]}, {"reasons": {"items": [{"reasonName": "globalInteractionReason", "summary": "This spot is popular", "type": "general"}], "count": 0}, "venue": {"hereNow": {"groups": [], "summary": "Nobody here", "count": 0}, "contact": {}, "photos": {"groups": [], "count": 0}, "name": "Kha @ HortPark", "allowMenuUrlEdit": true, "beenHere": {"lastCheckinExpiredAt": 0, "count": 0, "marked": false}, "stats": {"checkinsCount": 74, "usersCount": 69, "tipCount": 3}, "id": "4b77d5b2f964a520daab2ee3", "categories": [{"pluralName": "Thai Restaurants", "id": "4bf58dd8d48988d149941735", "primary": true, "icon": {"prefix": "https://ss3.4sqi.net/img/categories_v2/food/thai_", "suffix": ".png"}, "name": "Thai Restaurant", "shortName": "Thai"}], "location": {"formattedAddress": ["Singapore"], "lat": 1.2789622835881647, "lng": 103.8011734983583, "distance": 763, "country": "Singapore", "cc": "SG", "labeledLatLngs": [{"lng": 103.8011734983583, "label": "display", "lat": 1.2789622835881647}]}, "verified": false, "price": {"tier": 2, "currency": "$", "message": "Moderate"}}, "referralId": "e-3-4b77d5b2f964a520daab2ee3-98", "tips": [{"id": "4c7fad4a171b224be36e11b1", "text": "Order the pork tortillas...lovely surroundings and overall very good food...just a bit pricey", "disagreeCount": 0, "logView": true, "createdAt": 1283435850, "likes": {"groups": [], "summary": "2 likes", "count": 2}, "todo": {"count": 2}, "agreeCount": 0, "canonicalUrl": "https://foursquare.com/item/4c7fad4a171b224be36e11b1", "type": "user", "user": {"gender": "female", "id": "2145469", "photo": {"prefix": "https://igx.4sqi.net/img/user/", "suffix": "/02TUDSG4DL0NF0QI.jpg"}, "firstName": "yeoh", "lastName": "lynn"}}]}, {"reasons": {"items": [{"reasonName": "globalInteractionReason", "summary": "This spot is popular", "type": "general"}], "count": 0}, "venue": {"hereNow": {"groups": [], "summary": "Nobody here", "count": 0}, "contact": {}, "photos": {"groups": [], "count": 0}, "name": "Red Place's F&B Group", "allowMenuUrlEdit": true, "beenHere": {"lastCheckinExpiredAt": 0, "count": 0, "marked": false}, "stats": {"checkinsCount": 309, "usersCount": 32, "tipCount": 0}, "id": "5278257011d211adfea3eef7", "categories": [{"pluralName": "Caf\u00e9s", "id": "4bf58dd8d48988d16d941735", "primary": true, "icon": {"prefix": "https://ss3.4sqi.net/img/categories_v2/food/cafe_", "suffix": ".png"}, "name": "Caf\u00e9", "shortName": "Caf\u00e9"}], "location": {"formattedAddress": ["Pasir Panjang Rd", "Singapore"], "lat": 1.2749255903792507, "lng": 103.79652136782637, "distance": 770, "country": "Singapore", "cc": "SG", "address": "Pasir Panjang Rd", "labeledLatLngs": [{"lng": 103.79652136782637, "label": "display", "lat": 1.2749255903792507}]}, "hours": {"isLocalHoliday": false, "isOpen": false}, "verified": false, "price": {"tier": 1, "currency": "$", "message": "Cheap"}}, "referralId": "e-3-5278257011d211adfea3eef7-99"}], "name": "recommended", "type": "Recommended Places"}], "query": "food", "headerLocation": "Central Region"}}