{"meta": {"code": 200, "requestId": "595a3b88351e3d64afee4a99"}, "response": {"suggestedFilters": {"filters": [{"name": "Open now", "key": "openNow"}], "header": "Tap to show:"}, "totalResults": 105, "headerFullLocation": "Central Region, Singapore", "headerLocationGranularity": "neighborhood", "suggestedBounds": {"ne": {"lng": 103.81012795668042, "lat": 1.2795327387964772}, "sw": {"lng": 103.79575128415959, "lat": 1.265132724396463}}, "groups": [{"items": [{"reasons": {"items": [{"reasonName": "globalInteractionReason", "summary": "This spot is popular", "type": "general"}], "count": 0}, "venue": {"venuePage": {"id": "83761208"}, "hereNow": {"groups": [], "summary": "Nobody here", "count": 0}, "contact": {"facebook": "526069584139649", "facebookUsername": "porticoprime", "facebookName": "Portico Prime", "phone": "+6562767337", "formattedPhone": "+65 6276 7337"}, "photos": {"groups": [], "count": 0}, "rating": 8.0, "name": "Portico Singapore", "ratingSignals": 30, "allowMenuUrlEdit": true, "categories": [{"pluralName": "Restaurants", "id": "4bf58dd8d48988d1c4941735", "primary": true, "icon": {"prefix": "https://ss3.4sqi.net/img/categories_v2/food/default_", "suffix": ".png"}, "name": "Restaurant", "shortName": "Restaurant"}], "stats": {"checkinsCount": 412, "usersCount": 263, "tipCount": 10}, "id": "528da81711d265820207206b", "beenHere": {"lastCheckinExpiredAt": 0, "count": 0, "marked": false}, "url": "http://www.portico.sg", "ratingColor": "73CF42", "location": {"formattedAddress": ["991B Alexandra Road #01-10", "119970", "Singapore"], "postalCode": "119970", "neighborhood": "Central", "lat": 1.2739209130768827, "lng": 103.80327889480142, "country": "Singapore", "distance": 180, "city": "Singapore", "cc": "SG", "address": "991B Alexandra Road #01-10", "labeledLatLngs": [{"lng": 103.80327889480142, "label": "display", "lat": 1.2739209130768827}]}, "hours": {"isLocalHoliday": false, "isOpen": false, "status": "Closed until 11:30 AM tomorrow"}, "verified": true, "price": {"tier": 2, "currency": "$", "message": "Moderate"}, "storeId": ""}, "referralId": "e-3-528da81711d265820207206b-0", "tips": [{"logView": true, "photo": {"id": "535ac826498eaf254b241c94", "visibility": "public", "source": {"name": "Foursquare for iOS", "url": "https://foursquare.com/download/#/iphone"}, "suffix": "/67152329_2-g-LS3yeEMF_F9wcTk6cWdEInm4-Yh8ZTaE3n67ECI.jpg", "createdAt": 1398458406, "prefix": "https://igx.4sqi.net/img/general/", "width": 960, "height": 720}, "createdAt": 1398458403, "todo": {"count": 1}, "agreeCount": 1, "likes": {"groups": [], "summary": "1 like", "count": 1}, "id": "535ac823498e93ea6aa7523d", "text": "Get the wagyu beef cheek! That pomme pur\u00e9e is absolutely divine.", "disagreeCount": 0, "user": {"id": "67152329", "photo": {"prefix": "https://igx.4sqi.net/img/user/", "suffix": "/GYJQXOQN4QUSFKVR.jpg"}, "firstName": "fundamentallyflawed", "gender": "female"}, "canonicalUrl": "https://foursquare.com/item/535ac823498e93ea6aa7523d", "type": "user", "photourl": "https://igx.4sqi.net/img/general/original/67152329_2-g-LS3yeEMF_F9wcTk6cWdEInm4-Yh8ZTaE3n67ECI.jpg"}]}, {"reasons": {"items": [{"reasonName": "globalInteractionReason", "summary": "This spot is popular", "type": "general"}], "count": 0}, "venue": {"hereNow": {"groups": [], "summary": "Nobody here", "count": 0}, "contact": {"phone": "+6562721110", "formattedPhone": "+65 6272 1110"}, "photos": {"groups": [], "count": 0}, "rating": 7.5, "name": "Himawari Japanese Restaurant", "ratingSignals": 40, "allowMenuUrlEdit": true, "categories": [{"pluralName": "Japanese Restaurants", "id": "4bf58dd8d48988d111941735", "primary": true, "icon": {"prefix": "https://ss3.4sqi.net/img/categories_v2/food/japanese_", "suffix": ".png"}, "name": "Japanese Restaurant", "shortName": "Japanese"}], "stats": {"checkinsCount": 1391, "usersCount": 873, "tipCount": 18}, "id": "4bbc5bfce436ef3b9e6c5664", "beenHere": {"lastCheckinExpiredAt": 0, "count": 0, "marked": false}, "ratingColor": "C5DE35", "location": {"formattedAddress": ["991B Alexandra Road", "119970", "Singapore"], "postalCode": "119970", "lat": 1.274125099712277, "lng": 103.8033354919331, "country": "Singapore", "distance": 204, "city": "Singapore", "cc": "SG", "address": "991B Alexandra Road", "labeledLatLngs": [{"lng": 103.8033354919331, "label": "display", "lat": 1.274125099712277}]}, "hours": {"isLocalHoliday": false, "isOpen": true, "status": "Likely open"}, "verified": false, "price": {"tier": 2, "currency": "$", "message": "Moderate"}}, "referralId": "e-3-4bbc5bfce436ef3b9e6c5664-1", "tips": [{"logView": true, "photo": {"id": "520cc61811d2e33d421b5c90", "visibility": "public", "source": {"name": "Foursquare for iOS", "url": "https://foursquare.com/download/#/iphone"}, "suffix": "/63826061_GzdFrefEmVT8gLExnbfrx_Rw3GcwDHR0THgP7LA9Pk0.jpg", "createdAt": 1376568856, "prefix": "https://igx.4sqi.net/img/general/", "width": 720, "height": 720}, "createdAt": 1376568853, "todo": {"count": 0}, "agreeCount": 3, "likes": {"groups": [], "summary": "3 likes", "count": 3}, "id": "520cc61511d26d33f31e3e4e", "text": "A La Carte buffet! Over 150 dishes to choose from ... Shabu Shabu, fresh sashimi, tempura, and much more ...", "disagreeCount": 0, "user": {"gender": "female", "id": "63826061", "photo": {"prefix": "https://igx.4sqi.net/img/user/", "suffix": "/WCLTVDPEEF2N0SXM.jpg"}, "firstName": "Amy", "lastName": "Goh S A"}, "canonicalUrl": "https://foursquare.com/item/520cc61511d26d33f31e3e4e", "type": "user", "photourl": "https://igx.4sqi.net/img/general/original/63826061_GzdFrefEmVT8gLExnbfrx_Rw3GcwDHR0THgP7LA9Pk0.jpg"}]}, {"reasons": {"items": [{"reasonName": "globalInteractionReason", "summary": "This spot is popular", "type": "general"}], "count": 0}, "venue": {"hereNow": {"groups": [], "summary": "Nobody here", "count": 0}, "contact": {"facebook": "105894652803812", "facebookUsername": "TNF.Singapore", "facebookName": "The Naked Finn", "formattedPhone": "+65 6694 0807", "twitter": "nakedfinn", "phone": "+6566940807"}, "photos": {"groups": [], "count": 0}, "rating": 8.0, "menu": {"mobileUrl": "http://www.nakedfinn.com/menu.html", "externalUrl": "http://www.nakedfinn.com/menu.html", "url": "http://www.nakedfinn.com/menu.html", "anchor": "View Menu", "label": "Menu", "type": "Menu"}, "name": "The Naked Finn", "ratingSignals": 83, "allowMenuUrlEdit": true, "categories": [{"pluralName": "Seafood Restaurants", "id": "4bf58dd8d48988d1ce941735", "primary": true, "icon": {"prefix": "https://ss3.4sqi.net/img/categories_v2/food/seafood_", "suffix": ".png"}, "name": "Seafood Restaurant", "shortName": "Seafood"}], "stats": {"checkinsCount": 808, "usersCount": 427, "tipCount": 49}, "id": "50a61b72e4b0cd103aaf481f", "beenHere": {"lastCheckinExpiredAt": 0, "count": 0, "marked": false}, "url": "http://www.nakedfinn.com", "ratingColor": "73CF42", "location": {"formattedAddress": ["39 Malan Road", "109442", "Singapore"], "postalCode": "109442", "lat": 1.276144, "lng": 103.804433, "country": "Singapore", "distance": 455, "city": "Singapore", "cc": "SG", "address": "39 Malan Road", "labeledLatLngs": [{"lng": 103.804433, "label": "display", "lat": 1.276144}]}, "hours": {"isLocalHoliday": false, "isOpen": true, "status": "Open until 10:00 PM"}, "verified": false, "price": {"tier": 3, "currency": "$", "message": "Expensive"}}, "referralId": "e-3-50a61b72e4b0cd103aaf481f-2", "tips": [{"id": "519a18c3498e7545f4cd3d81", "text": "The chilled vermicelli looks plain but don't be deceived by its look, it's really very tasty. The lime and savory taste is really very catchy.", "disagreeCount": 0, "logView": true, "createdAt": 1369053379, "likes": {"groups": [], "summary": "5 likes", "count": 5}, "todo": {"count": 0}, "agreeCount": 5, "canonicalUrl": "https://foursquare.com/item/519a18c3498e7545f4cd3d81", "type": "user", "user": {"gender": "male", "id": "54612547", "photo": {"prefix": "https://igx.4sqi.net/img/user/", "suffix": "/54612547-OTI2YP2QS0SJIUIH.jpg"}, "firstName": "Ah Leong", "lastName": "San"}}]}, {"reasons": {"items": [{"reasonName": "globalInteractionReason", "summary": "This spot is popular", "type": "general"}], "count": 0}, "venue": {"hereNow": {"groups": [], "summary": "Nobody here", "count": 0}, "contact": {}, "photos": {"groups": [], "count": 0}, "rating": 7.3, "name": "Burger Barn", "ratingSignals": 31, "allowMenuUrlEdit": true, "categories": [{"pluralName": "Burger Joints", "id": "4bf58dd8d48988d16c941735", "primary": true, "icon": {"prefix": "https://ss3.4sqi.net/img/categories_v2/food/burger_", "suffix": ".png"}, "name": "Burger Joint", "shortName": "Burgers"}], "stats": {"checkinsCount": 404, "usersCount": 184, "tipCount": 16}, "id": "51ebcfe7498e0610258f1ff9", "beenHere": {"lastCheckinExpiredAt": 0, "count": 0, "marked": false}, "ratingColor": "C5DE35", "location": {"lng": 103.80156401296047, "formattedAddress": ["#1-33, Alexandra Retail Centre (ARC) (460 Alexandra Rd.)", "119963", "Singapore"], "postalCode": "119963", "lat": 1.273736614005531, "crossStreet": "460 Alexandra Rd.", "country": "Singapore", "distance": 218, "city": "Singapore", "cc": "SG", "address": "#1-33, Alexandra Retail Centre (ARC)", "labeledLatLngs": [{"lng": 103.80156401296047, "label": "display", "lat": 1.273736614005531}]}, "hours": {"isLocalHoliday": false, "isOpen": true, "status": "Likely open"}, "verified": false, "price": {"tier": 1, "currency": "$", "message": "Cheap"}}, "referralId": "e-3-51ebcfe7498e0610258f1ff9-3", "tips": [{"id": "564adf3c498e07d8a5b370f7", "text": "Philly Cheese Steak is good here.", "disagreeCount": 0, "logView": true, "createdAt": 1447747388, "likes": {"groups": [], "summary": "1 like", "count": 1}, "todo": {"count": 0}, "agreeCount": 1, "canonicalUrl": "https://foursquare.com/item/564adf3c498e07d8a5b370f7", "type": "user", "user": {"gender": "female", "id": "3109329", "photo": {"prefix": "https://igx.4sqi.net/img/user/", "suffix": "/3109329-AVVGHRLUZBZN0DP1.jpg"}, "firstName": "Ema", "lastName": "Tu"}}]}, {"reasons": {"items": [{"reasonName": "globalInteractionReason", "summary": "This spot is popular", "type": "general"}], "count": 0}, "venue": {"hereNow": {"groups": [], "summary": "Nobody here", "count": 0}, "contact": {"facebook": "319530678237203", "facebookUsername": "redbaronsg", "facebookName": "Red Baron", "phone": "+6563346734", "formattedPhone": "+65 6334 6734"}, "photos": {"groups": [], "count": 0}, "rating": 7.4, "name": "Red Baron", "ratingSignals": 31, "allowMenuUrlEdit": true, "categories": [{"pluralName": "Caf\u00e9s", "id": "4bf58dd8d48988d16d941735", "primary": true, "icon": {"prefix": "https://ss3.4sqi.net/img/categories_v2/food/cafe_", "suffix": ".png"}, "name": "Caf\u00e9", "shortName": "Caf\u00e9"}], "stats": {"checkinsCount": 174, "usersCount": 141, "tipCount": 12}, "id": "552dd7e7498e5e7ccd973abb", "beenHere": {"lastCheckinExpiredAt": 0, "count": 0, "marked": false}, "url": "http://www.redbaronsg.com", "ratingColor": "C5DE35", "location": {"formattedAddress": ["47 Malan Road", "108937", "Singapore"], "postalCode": "108937", "lat": 1.2746975921919745, "lng": 103.80396938142846, "distance": 287, "country": "Singapore", "cc": "SG", "address": "47 Malan Road", "labeledLatLngs": [{"lng": 103.80396938142846, "label": "display", "lat": 1.2746975921919745}]}, "hours": {"isLocalHoliday": false, "isOpen": false, "status": "Closed until 10:00 AM tomorrow"}, "verified": false, "price": {"tier": 1, "currency": "$", "message": "Cheap"}}, "referralId": "e-3-552dd7e7498e5e7ccd973abb-4", "tips": [{"logView": true, "photo": {"id": "55ab581b498e758e045a7866", "visibility": "public", "source": {"name": "Foursquare for iOS", "url": "https://foursquare.com/download/#/iphone"}, "suffix": "/93603691_5UKVxDzJuQNXvSKEajM1S3DXrlx0SlaQlLr1itSTdsY.jpg", "createdAt": 1437292571, "prefix": "https://igx.4sqi.net/img/general/", "width": 1920, "height": 1440}, "createdAt": 1437292567, "todo": {"count": 0}, "agreeCount": 2, "likes": {"groups": [], "summary": "2 likes", "count": 2}, "id": "55ab5817498e910b82619e86", "text": "Quaint little spot in Gillman Barracks", "disagreeCount": 0, "user": {"gender": "female", "id": "93603691", "photo": {"prefix": "https://igx.4sqi.net/img/user/", "suffix": "/93603691-N0BVCBP0V0X3YNCU.jpg"}, "firstName": "Genevieve", "lastName": "Ho"}, "canonicalUrl": "https://foursquare.com/item/55ab5817498e910b82619e86", "type": "user", "photourl": "https://igx.4sqi.net/img/general/original/93603691_5UKVxDzJuQNXvSKEajM1S3DXrlx0SlaQlLr1itSTdsY.jpg"}]}, {"reasons": {"items": [{"reasonName": "globalInteractionReason", "summary": "This spot is popular", "type": "general"}], "count": 0}, "venue": {"hereNow": {"groups": [], "summary": "Nobody here", "count": 0}, "contact": {"phone": "+6567373233", "formattedPhone": "+65 6737 3233"}, "photos": {"groups": [], "count": 0}, "rating": 7.5, "name": "Sum Kee Food", "ratingSignals": 68, "allowMenuUrlEdit": true, "categories": [{"pluralName": "Chinese Restaurants", "id": "4bf58dd8d48988d145941735", "primary": true, "icon": {"prefix": "https://ss3.4sqi.net/img/categories_v2/food/asian_", "suffix": ".png"}, "name": "Chinese Restaurant", "shortName": "Chinese"}], "stats": {"checkinsCount": 954, "usersCount": 509, "tipCount": 46}, "id": "4eb26ceedab472d4de6aa182", "beenHere": {"lastCheckinExpiredAt": 0, "count": 0, "marked": false}, "url": "http://www.sumkee.com.sg", "ratingColor": "C5DE35", "location": {"lng": 103.8063408336921, "formattedAddress": ["No 2, Yeo's building, Telok Blangah Street 31 (Pasir Panjang Road)", "108942", "Singapore"], "postalCode": "108942", "lat": 1.2724147524763152, "crossStreet": "Pasir Panjang Road", "country": "Singapore", "distance": 378, "city": "Singapore", "cc": "SG", "address": "No 2, Yeo's building, Telok Blangah Street 31", "labeledLatLngs": [{"lng": 103.8063408336921, "label": "display", "lat": 1.2724147524763152}]}, "hours": {"isLocalHoliday": false, "isOpen": true, "status": "Open until 11:00 PM"}, "verified": false, "price": {"tier": 1, "currency": "$", "message": "Cheap"}}, "referralId": "e-3-4eb26ceedab472d4de6aa182-5", "tips": [{"id": "52ef3e6c498e5d367117c971", "text": "The chilli crab was just so shiokkkk!", "disagreeCount": 0, "logView": true, "createdAt": 1391410796, "likes": {"groups": [], "summary": "2 likes", "count": 2}, "todo": {"count": 0}, "agreeCount": 2, "canonicalUrl": "https://foursquare.com/item/52ef3e6c498e5d367117c971", "type": "user", "user": {"gender": "female", "id": "68669053", "photo": {"prefix": "https://igx.4sqi.net/img/user/", "suffix": "/-RHNDMUBPSEG4YQCY.jpg"}, "firstName": "Foodin", "lastName": "S"}}]}, {"reasons": {"items": [{"reasonName": "globalInteractionReason", "summary": "This spot is popular", "type": "general"}], "count": 0}, "venue": {"hereNow": {"groups": [], "summary": "Nobody here", "count": 0}, "contact": {}, "photos": {"groups": [], "count": 0}, "rating": 7.5, "name": "Guzman Y Gomez", "ratingSignals": 10, "allowMenuUrlEdit": true, "categories": [{"pluralName": "Mexican Restaurants", "id": "4bf58dd8d48988d1c1941735", "primary": true, "icon": {"prefix": "https://ss3.4sqi.net/img/categories_v2/food/mexican_", "suffix": ".png"}, "name": "Mexican Restaurant", "shortName": "Mexican"}], "stats": {"checkinsCount": 227, "usersCount": 78, "tipCount": 1}, "id": "57427f6e498e61fb51166370", "beenHere": {"lastCheckinExpiredAt": 0, "count": 0, "marked": false}, "ratingColor": "C5DE35", "location": {"formattedAddress": ["40 Pasir Panjang Rd", "117383", "Singapore"], "postalCode": "117383", "lat": 1.275274348100208, "lng": 103.80029797554016, "country": "Singapore", "distance": 440, "city": "Singapore", "cc": "SG", "address": "40 Pasir Panjang Rd", "labeledLatLngs": [{"lng": 103.80029797554016, "label": "display", "lat": 1.275274348100208}]}, "verified": false, "price": {"tier": 1, "currency": "$", "message": "Cheap"}}, "referralId": "e-3-57427f6e498e61fb51166370-6", "tips": [{"id": "58d4aadfb6e67d6432d8e9b9", "text": "Cinnamon churros with chocolate dip and the soft roasted beef hard shell crispy tacos", "disagreeCount": 0, "createdAt": 1490332383, "logView": true, "todo": {"count": 0}, "agreeCount": 0, "canonicalUrl": "https://foursquare.com/item/58d4aadfb6e67d6432d8e9b9", "type": "user", "user": {"gender": "male", "id": "309574", "photo": {"prefix": "https://igx.4sqi.net/img/user/", "suffix": "/309574-FMJJIQQSPNM3XJEI.jpg"}, "firstName": "Bill", "lastName": "Tng"}}]}, {"reasons": {"items": [{"reasonName": "globalInteractionReason", "summary": "This spot is popular", "type": "general"}], "count": 0}, "venue": {"hereNow": {"groups": [], "summary": "Nobody here", "count": 0}, "contact": {}, "photos": {"groups": [], "count": 0}, "rating": 8.1, "name": "PeraMakan The Nyonya Family Restaurant", "ratingSignals": 60, "allowMenuUrlEdit": true, "categories": [{"pluralName": "Chinese Restaurants", "id": "4bf58dd8d48988d145941735", "primary": true, "icon": {"prefix": "https://ss3.4sqi.net/img/categories_v2/food/asian_", "suffix": ".png"}, "name": "Chinese Restaurant", "shortName": "Chinese"}], "stats": {"checkinsCount": 1179, "usersCount": 846, "tipCount": 27}, "id": "4b058812f964a520fdaf22e3", "beenHere": {"lastCheckinExpiredAt": 0, "count": 0, "marked": false}, "url": "http://peramakan.com", "ratingColor": "73CF42", "location": {"lng": 103.8072350914169, "formattedAddress": ["Keppel Club (10 Bukit Chermin Road)", "109918", "Singapore"], "postalCode": "109918", "lat": 1.2668861701568654, "crossStreet": "10 Bukit Chermin Road", "country": "Singapore", "distance": 772, "city": "Singapore", "cc": "SG", "address": "Keppel Club", "labeledLatLngs": [{"lng": 103.8072350914169, "label": "display", "lat": 1.2668861701568654}]}, "hours": {"isLocalHoliday": false, "isOpen": true, "status": "Likely open"}, "verified": false, "price": {"tier": 1, "currency": "$", "message": "Cheap"}}, "referralId": "e-3-4b058812f964a520fdaf22e3-7", "tips": [{"id": "4ba4dc6a70c603bbaf0b95b4", "text": "Awesome Peranakan food, must try!", "disagreeCount": 0, "logView": true, "createdAt": 1269095530, "likes": {"groups": [], "summary": "5 likes", "count": 5}, "todo": {"count": 0}, "agreeCount": 0, "canonicalUrl": "https://foursquare.com/item/4ba4dc6a70c603bbaf0b95b4", "type": "user", "user": {"gender": "female", "id": "622852", "photo": {"prefix": "https://igx.4sqi.net/img/user/", "suffix": "/C12CPSC0Z3TL2XGX.jpg"}, "firstName": "Charlotte", "lastName": "Hofstetter"}}]}, {"reasons": {"items": [{"reasonName": "globalInteractionReason", "summary": "This spot is popular", "type": "general"}], "count": 0}, "venue": {"hereNow": {"groups": [{"items": [], "name": "Other people here", "count": 2, "type": "others"}], "summary": "2 people are here", "count": 2}, "contact": {"phone": "+6562701868", "formattedPhone": "+65 6270 1868"}, "photos": {"groups": [], "count": 0}, "rating": 7.5, "name": "Tamarind Hill", "ratingSignals": 60, "allowMenuUrlEdit": true, "categories": [{"pluralName": "Thai Restaurants", "id": "4bf58dd8d48988d149941735", "primary": true, "icon": {"prefix": "https://ss3.4sqi.net/img/categories_v2/food/thai_", "suffix": ".png"}, "name": "Thai Restaurant", "shortName": "Thai"}], "stats": {"checkinsCount": 575, "usersCount": 442, "tipCount": 16}, "id": "4f0c06ace4b03e74955ceeef", "beenHere": {"lastCheckinExpiredAt": 0, "count": 0, "marked": false}, "ratingColor": "C5DE35", "location": {"formattedAddress": ["30, Labrador Villa Road", "119189", "Singapore"], "postalCode": "119189", "lat": 1.2679461295631171, "lng": 103.80066413318356, "country": "Singapore", "distance": 550, "city": "Singapore", "cc": "SG", "address": "30, Labrador Villa Road", "labeledLatLngs": [{"lng": 103.80066413318356, "label": "display", "lat": 1.2679461295631171}]}, "hours": {"isLocalHoliday": false, "isOpen": true, "status": "Likely open"}, "verified": false, "price": {"tier": 2, "currency": "$", "message": "Moderate"}}, "referralId": "e-3-4f0c06ace4b03e74955ceeef-8", "tips": [{"logView": true, "createdAt": 1354003948, "agreeCount": 2, "likes": {"groups": [], "summary": "2 likes", "count": 2}, "id": "50b475ece4b09198249fe945", "text": "This restaurant's cherf, Thiti Thammanatr whips up Thai cuisine with a Canadian twist. The tom yum martini ($12) is a unique beverage at this restaurant.", "type": "user", "url": "http://www.timeoutsingapore.com/restaurants/thai/tamarind-grill", "user": {"gender": "male", "id": "12673438", "photo": {"prefix": "https://igx.4sqi.net/img/user/", "default": true, "suffix": "/blank_boy.png"}, "firstName": "Time Out Singapore", "lastName": "Manager"}, "canonicalUrl": "https://foursquare.com/item/50b475ece4b09198249fe945", "todo": {"count": 0}, "disagreeCount": 0}]}, {"reasons": {"items": [{"reasonName": "globalInteractionReason", "summary": "This spot is popular", "type": "general"}], "count": 0}, "venue": {"contact": {}, "photos": {"groups": [], "count": 0}, "rating": 7.2, "name": "Blk 79 Telok Blangah Drive Food Centre", "ratingSignals": 88, "allowMenuUrlEdit": true, "categories": [{"pluralName": "Food Courts", "id": "4bf58dd8d48988d120951735", "primary": true, "icon": {"prefix": "https://ss3.4sqi.net/img/categories_v2/shops/food_foodcourt_", "suffix": ".png"}, "name": "Food Court", "shortName": "Food Court"}], "stats": {"checkinsCount": 4647, "usersCount": 903, "tipCount": 52}, "id": "4bd3c9ad9854d13afcb0fe4d", "beenHere": {"lastCheckinExpiredAt": 0, "count": 0, "marked": false}, "ratingColor": "C5DE35", "location": {"formattedAddress": ["Telok Blangah Drive", "100079", "Singapore"], "postalCode": "100079", "lat": 1.2732363733597865, "lng": 103.80761504173279, "country": "Singapore", "distance": 529, "city": "Singapore", "cc": "SG", "address": "Telok Blangah Drive", "labeledLatLngs": [{"lng": 103.80761504173279, "label": "display", "lat": 1.2732363733597865}]}, "hours": {"isLocalHoliday": false, "isOpen": false}, "verified": false, "hereNow": {"groups": [], "summary": "Nobody here", "count": 0}}, "referralId": "e-3-4bd3c9ad9854d13afcb0fe4d-9", "tips": [{"id": "5070e9c9e4b0e0df92d63c78", "text": "Tiong Bahru Wah Yuen Porridge with the raw fish dish is a good choice for breakfast. Do try it!", "disagreeCount": 0, "logView": true, "createdAt": 1349577161, "likes": {"groups": [], "summary": "4 likes", "count": 4}, "todo": {"count": 0}, "agreeCount": 4, "canonicalUrl": "https://foursquare.com/item/5070e9c9e4b0e0df92d63c78", "type": "user", "user": {"gender": "male", "id": "318279", "photo": {"prefix": "https://igx.4sqi.net/img/user/", "suffix": "/IDSCFDEPSHK4Q5Z3.jpg"}, "firstName": "Roland", "lastName": "Seh"}}]}, {"reasons": {"items": [{"reasonName": "globalInteractionReason", "summary": "This spot is popular", "type": "general"}], "count": 0}, "venue": {"hereNow": {"groups": [], "summary": "Nobody here", "count": 0}, "contact": {"facebook": "157162220997026", "facebookUsername": "mcdsg", "facebookName": "McDonald's Singapore", "phone": "+6562747089", "formattedPhone": "+65 6274 7089"}, "photos": {"groups": [], "count": 0}, "rating": 6.7, "name": "McDonald's / McCaf\u00e9", "ratingSignals": 77, "allowMenuUrlEdit": true, "categories": [{"pluralName": "Fast Food Restaurants", "id": "4bf58dd8d48988d16e941735", "primary": true, "icon": {"prefix": "https://ss3.4sqi.net/img/categories_v2/food/fastfood_", "suffix": ".png"}, "name": "Fast Food Restaurant", "shortName": "Fast Food"}], "stats": {"checkinsCount": 5271, "usersCount": 1504, "tipCount": 13}, "id": "4ee2d66f7beb6b177a9f9f96", "beenHere": {"lastCheckinExpiredAt": 0, "count": 0, "marked": false}, "url": "http://www.mcdonalds.com.sg", "ratingColor": "FFC800", "location": {"lng": 103.80161762237549, "formattedAddress": ["#01-25, Alexandra Retail Centre (460 Alexandra Rd.)", "119963", "Singapore"], "postalCode": "119963", "lat": 1.2745235154887247, "crossStreet": "460 Alexandra Rd.", "country": "Singapore", "distance": 284, "city": "Singapore", "cc": "SG", "address": "#01-25, Alexandra Retail Centre", "labeledLatLngs": [{"lng": 103.80161762237549, "label": "display", "lat": 1.2745235154887247}]}, "hours": {"isLocalHoliday": false, "isOpen": true, "status": "Open"}, "verified": false, "price": {"tier": 1, "currency": "$", "message": "Cheap"}}, "referralId": "e-3-4ee2d66f7beb6b177a9f9f96-10", "tips": [{"id": "5158d494e4b0226abcb43687", "text": "$2.50 mcmuffin + tea is still available for those that want to skip the fat laden hashbrown!", "disagreeCount": 0, "logView": true, "createdAt": 1364776084, "likes": {"groups": [], "summary": "1 like", "count": 1}, "todo": {"count": 0}, "agreeCount": 1, "canonicalUrl": "https://foursquare.com/item/5158d494e4b0226abcb43687", "type": "user", "user": {"gender": "male", "id": "50897086", "photo": {"prefix": "https://igx.4sqi.net/img/user/", "suffix": "/Q5F1PHQVBLTMXR4I.jpg"}, "firstName": "Phinehas", "lastName": "Tan"}}]}, {"reasons": {"items": [{"reasonName": "globalInteractionReason", "summary": "This spot is popular", "type": "general"}], "count": 0}, "venue": {"hereNow": {"groups": [], "summary": "Nobody here", "count": 0}, "contact": {}, "photos": {"groups": [], "count": 0}, "rating": 6.5, "name": "The Soup Spoon", "ratingSignals": 27, "allowMenuUrlEdit": true, "categories": [{"pluralName": "Soup Places", "id": "4bf58dd8d48988d1dd931735", "primary": true, "icon": {"prefix": "https://ss3.4sqi.net/img/categories_v2/food/soup_", "suffix": ".png"}, "name": "Soup Place", "shortName": "Soup"}], "stats": {"checkinsCount": 1000, "usersCount": 379, "tipCount": 5}, "id": "4ef2d078a69d22306d1c79ff", "beenHere": {"lastCheckinExpiredAt": 0, "count": 0, "marked": false}, "ratingColor": "FFC800", "location": {"lng": 103.80151873584725, "formattedAddress": ["#01-21, Alexandra Retail Centre (460 Alexandra Rd.)", "119963", "Singapore"], "postalCode": "119963", "lat": 1.273965871795343, "crossStreet": "460 Alexandra Rd.", "country": "Singapore", "distance": 240, "city": "Singapore", "cc": "SG", "address": "#01-21, Alexandra Retail Centre", "labeledLatLngs": [{"lng": 103.80151873584725, "label": "display", "lat": 1.273965871795343}]}, "hours": {"isLocalHoliday": false, "isOpen": true, "status": "Likely open"}, "verified": false, "price": {"tier": 1, "currency": "$", "message": "Cheap"}}, "referralId": "e-3-4ef2d078a69d22306d1c79ff-11", "tips": [{"id": "58c72cc728680448b8751802", "text": "Love the soups...and the different varieties that come out regularly.", "disagreeCount": 0, "createdAt": 1489448135, "logView": true, "todo": {"count": 0}, "agreeCount": 0, "canonicalUrl": "https://foursquare.com/item/58c72cc728680448b8751802", "type": "user", "user": {"gender": "male", "id": "8321567", "photo": {"prefix": "https://igx.4sqi.net/img/user/", "suffix": "/8321567-1GDI0R1INVCMPOM2.jpg"}, "firstName": "Daniel", "lastName": "Lim"}}]}, {"reasons": {"items": [{"reasonName": "globalInteractionReason", "summary": "This spot is popular", "type": "general"}], "count": 0}, "venue": {"contact": {}, "photos": {"groups": [], "count": 0}, "rating": 6.9, "name": "Foodmaster", "ratingSignals": 11, "allowMenuUrlEdit": true, "categories": [{"pluralName": "Food Courts", "id": "4bf58dd8d48988d120951735", "primary": true, "icon": {"prefix": "https://ss3.4sqi.net/img/categories_v2/shops/food_foodcourt_", "suffix": ".png"}, "name": "Food Court", "shortName": "Food Court"}], "stats": {"checkinsCount": 881, "usersCount": 115, "tipCount": 2}, "id": "57301fd9498e70145380aae5", "beenHere": {"lastCheckinExpiredAt": 0, "count": 0, "marked": false}, "ratingColor": "FFC800", "location": {"formattedAddress": ["Singapore"], "lat": 1.2756063033876255, "lng": 103.79897758221226, "distance": 572, "country": "Singapore", "cc": "SG", "labeledLatLngs": [{"lng": 103.79897758221226, "label": "display", "lat": 1.2756063033876255}]}, "hours": {"isLocalHoliday": false, "isOpen": false}, "verified": false, "hereNow": {"groups": [], "summary": "Nobody here", "count": 0}}, "referralId": "e-3-57301fd9498e70145380aae5-12", "tips": [{"id": "57c431de498e1bebd2f4a122", "text": "Coffee from the two drink stalls is not nice \ud83d\udc4e\ud83c\udffc", "disagreeCount": 0, "createdAt": 1472475614, "logView": true, "todo": {"count": 0}, "agreeCount": 0, "canonicalUrl": "https://foursquare.com/item/57c431de498e1bebd2f4a122", "type": "user", "user": {"id": "52115076", "photo": {"prefix": "https://igx.4sqi.net/img/user/", "suffix": "/52115076-5ZD1FLBUYRU1Q5HF.jpg"}, "firstName": "\u51b0\u6dc7\u6dcb", "gender": "male"}}]}, {"reasons": {"items": [{"reasonName": "globalInteractionReason", "summary": "This spot is popular", "type": "general"}], "count": 0}, "venue": {"hereNow": {"groups": [], "summary": "Nobody here", "count": 0}, "contact": {"facebook": "113001545421517", "facebookUsername": "KFC.SG", "twitter": "kfc_sg", "facebookName": "KFC"}, "photos": {"groups": [], "count": 0}, "rating": 6.4, "name": "KFC", "ratingSignals": 9, "allowMenuUrlEdit": true, "categories": [{"pluralName": "Fried Chicken Joints", "id": "4d4ae6fc7a7b7dea34424761", "primary": true, "icon": {"prefix": "https://ss3.4sqi.net/img/categories_v2/food/friedchicken_", "suffix": ".png"}, "name": "Fried Chicken Joint", "shortName": "Fried Chicken"}], "stats": {"checkinsCount": 366, "usersCount": 170, "tipCount": 3}, "id": "541a6467498efed5aff12868", "beenHere": {"lastCheckinExpiredAt": 0, "count": 0, "marked": false}, "url": "http://www.kfc.com.sg", "ratingColor": "FFC800", "location": {"lng": 103.8014621394771, "formattedAddress": ["#01-23/24, Alexandra Retail Centre (ARC) (460 Alexandra Rd.)", "119963", "Singapore"], "postalCode": "119963", "lat": 1.274134310760879, "crossStreet": "460 Alexandra Rd.", "country": "Singapore", "distance": 259, "city": "Singapore", "cc": "SG", "address": "#01-23/24, Alexandra Retail Centre (ARC)", "labeledLatLngs": [{"lng": 103.8014621394771, "label": "display", "lat": 1.274134310760879}]}, "hours": {"isLocalHoliday": false, "isOpen": true, "status": "Likely open"}, "verified": false, "price": {"tier": 1, "currency": "$", "message": "Cheap"}}, "referralId": "e-3-541a6467498efed5aff12868-13", "tips": [{"id": "56f743fbcd103c118b324c1e", "text": "Amazing Froyo frozen yogurt and drumsticks , can't wait to try their parmesan wings", "disagreeCount": 0, "createdAt": 1459045371, "logView": true, "todo": {"count": 0}, "agreeCount": 0, "canonicalUrl": "https://foursquare.com/item/56f743fbcd103c118b324c1e", "type": "user", "user": {"gender": "male", "id": "107604885", "photo": {"prefix": "https://igx.4sqi.net/img/user/", "suffix": "/107604885-K0PP242A4B2NDI2M.jpg"}, "firstName": "Tino", "lastName": "Buranasilapin"}}]}, {"reasons": {"items": [{"reasonName": "globalInteractionReason", "summary": "This spot is popular", "type": "general"}], "count": 0}, "venue": {"hereNow": {"groups": [], "summary": "Nobody here", "count": 0}, "contact": {}, "photos": {"groups": [], "count": 0}, "rating": 6.4, "name": "Canton Paradise Signature", "ratingSignals": 26, "allowMenuUrlEdit": true, "categories": [{"pluralName": "Chinese Restaurants", "id": "4bf58dd8d48988d145941735", "primary": true, "icon": {"prefix": "https://ss3.4sqi.net/img/categories_v2/food/asian_", "suffix": ".png"}, "name": "Chinese Restaurant", "shortName": "Chinese"}], "stats": {"checkinsCount": 552, "usersCount": 315, "tipCount": 10}, "id": "52e4aa90498ea4d13c9db799", "beenHere": {"lastCheckinExpiredAt": 0, "count": 0, "marked": false}, "ratingColor": "FFC800", "location": {"lng": 103.80156967260069, "formattedAddress": ["#02-30, Alexandra Retail Centre (ARC) (460 Alexandra Rd.)", "119963", "Singapore"], "postalCode": "119963", "lat": 1.2739567953987434, "crossStreet": "460 Alexandra Rd.", "country": "Singapore", "distance": 236, "city": "Singapore", "cc": "SG", "address": "#02-30, Alexandra Retail Centre (ARC)", "labeledLatLngs": [{"lng": 103.80156967260069, "label": "display", "lat": 1.2739567953987434}]}, "hours": {"isLocalHoliday": false, "isOpen": false}, "verified": false, "price": {"tier": 1, "currency": "$", "message": "Cheap"}}, "referralId": "e-3-52e4aa90498ea4d13c9db799-14", "tips": [{"logView": true, "photo": {"id": "56edee97498e9be5c24efcf7", "visibility": "public", "source": {"name": "Swarm for iOS", "url": "https://www.swarmapp.com"}, "suffix": "/46819999_VxQNFD0utg98f_rU3d09G8Qkfuso-kuOdFyuXlgfTlM.jpg", "createdAt": 1458433687, "prefix": "https://igx.4sqi.net/img/general/", "width": 1280, "height": 1920}, "createdAt": 1458433687, "agreeCount": 0, "id": "56edee97498e9be5c24efcf8", "text": "Eat while it's still Good \ud83d\udc4d", "type": "user", "disagreeCount": 0, "user": {"gender": "male", "id": "46819999", "photo": {"prefix": "https://igx.4sqi.net/img/user/", "suffix": "/46819999-SSI3RGKO3VGGBRWU.jpg"}, "firstName": "Vincent", "lastName": "Ang"}, "canonicalUrl": "https://foursquare.com/item/56edee97498e9be5c24efcf8", "todo": {"count": 0}, "photourl": "https://igx.4sqi.net/img/general/original/46819999_VxQNFD0utg98f_rU3d09G8Qkfuso-kuOdFyuXlgfTlM.jpg"}]}, {"reasons": {"items": [{"reasonName": "globalInteractionReason", "summary": "This spot is popular", "type": "general"}], "count": 0}, "venue": {"hereNow": {"groups": [], "summary": "Nobody here", "count": 0}, "contact": {}, "photos": {"groups": [], "count": 0}, "rating": 6.7, "name": "\u9d3b\u8a18\u9eb5\u98df\u5bb6 (Hong Ji Mian Shi Jia)", "ratingSignals": 28, "allowMenuUrlEdit": true, "categories": [{"pluralName": "Noodle Houses", "id": "4bf58dd8d48988d1d1941735", "primary": true, "icon": {"prefix": "https://ss3.4sqi.net/img/categories_v2/food/ramen_", "suffix": ".png"}, "name": "Noodle House", "shortName": "Noodles"}], "stats": {"checkinsCount": 665, "usersCount": 195, "tipCount": 18}, "id": "4e2ba461a809f1b16412cbb7", "beenHere": {"lastCheckinExpiredAt": 0, "count": 0, "marked": false}, "ratingColor": "FFC800", "location": {"lng": 103.80743318728331, "formattedAddress": ["#01-05, Telok Blangah Market & Food Centre (79 Telok Blangah Rd.)", "100079", "Singapore"], "postalCode": "100079", "lat": 1.2734228362521474, "crossStreet": "79 Telok Blangah Rd.", "country": "Singapore", "distance": 514, "city": "Singapore", "cc": "SG", "address": "#01-05, Telok Blangah Market & Food Centre", "labeledLatLngs": [{"lng": 103.80743318728331, "label": "display", "lat": 1.2734228362521474}]}, "hours": {"isLocalHoliday": false, "isOpen": false}, "verified": false, "price": {"tier": 1, "currency": "$", "message": "Cheap"}}, "referralId": "e-3-4e2ba461a809f1b16412cbb7-15", "tips": [{"id": "51b511ab498e34b6aa8e4a87", "text": "Come for breakfast early. No queue, get your choice of noodles plus couple don't quarrel so much \ud83d\ude1d", "disagreeCount": 0, "logView": true, "createdAt": 1370821035, "likes": {"groups": [], "summary": "1 like", "count": 1}, "todo": {"count": 0}, "agreeCount": 1, "canonicalUrl": "https://foursquare.com/item/51b511ab498e34b6aa8e4a87", "type": "user", "user": {"gender": "male", "id": "54612547", "photo": {"prefix": "https://igx.4sqi.net/img/user/", "suffix": "/54612547-OTI2YP2QS0SJIUIH.jpg"}, "firstName": "Ah Leong", "lastName": "San"}}]}, {"reasons": {"items": [{"reasonName": "globalInteractionReason", "summary": "This spot is popular", "type": "general"}], "count": 0}, "venue": {"hereNow": {"groups": [], "summary": "Nobody here", "count": 0}, "contact": {}, "photos": {"groups": [], "count": 0}, "rating": 6.2, "name": "Old Street Bak Kut Teh", "ratingSignals": 10, "allowMenuUrlEdit": true, "categories": [{"pluralName": "Restaurants", "id": "4bf58dd8d48988d1c4941735", "primary": true, "icon": {"prefix": "https://ss3.4sqi.net/img/categories_v2/food/default_", "suffix": ".png"}, "name": "Restaurant", "shortName": "Restaurant"}], "stats": {"checkinsCount": 154, "usersCount": 81, "tipCount": 1}, "id": "5670dd20498ead65a5df06e5", "beenHere": {"lastCheckinExpiredAt": 0, "count": 0, "marked": false}, "ratingColor": "FFC800", "location": {"formattedAddress": ["Alexandra Retail Centre", "Singapore"], "lat": 1.2739200571954648, "lng": 103.80158099188183, "distance": 232, "country": "Singapore", "cc": "SG", "address": "Alexandra Retail Centre", "labeledLatLngs": [{"lng": 103.80158099188183, "label": "display", "lat": 1.2739200571954648}]}, "verified": false, "price": {"tier": 2, "currency": "$", "message": "Moderate"}}, "referralId": "e-3-5670dd20498ead65a5df06e5-16", "tips": [{"id": "5710bac8498e579f2ba665c9", "text": "Sets are great value for money but only attempt if u have a v healthy appetite.  Youtiao is one of the best from any ba kut teh restaurant I've tried.", "disagreeCount": 0, "createdAt": 1460714184, "logView": true, "todo": {"count": 0}, "agreeCount": 0, "canonicalUrl": "https://foursquare.com/item/5710bac8498e579f2ba665c9", "type": "user", "user": {"id": "2864602", "photo": {"prefix": "https://igx.4sqi.net/img/user/", "suffix": "/3DCTGQACU1O1RQTB.jpg"}, "firstName": "BrandyCoke", "gender": "female"}}]}, {"reasons": {"items": [{"reasonName": "globalInteractionReason", "summary": "This spot is popular", "type": "general"}], "count": 0}, "venue": {"hereNow": {"groups": [], "summary": "Nobody here", "count": 0}, "contact": {}, "photos": {"groups": [], "count": 0}, "rating": 6.2, "name": "umisushi", "ratingSignals": 10, "allowMenuUrlEdit": true, "categories": [{"pluralName": "Sushi Restaurants", "id": "4bf58dd8d48988d1d2941735", "primary": true, "icon": {"prefix": "https://ss3.4sqi.net/img/categories_v2/food/sushi_", "suffix": ".png"}, "name": "Sushi Restaurant", "shortName": "Sushi"}], "stats": {"checkinsCount": 430, "usersCount": 186, "tipCount": 2}, "id": "4fcdfa27e4b06137d5736f45", "beenHere": {"lastCheckinExpiredAt": 0, "count": 0, "marked": false}, "ratingColor": "FFC800", "location": {"lng": 103.80155835332049, "formattedAddress": ["Alexandra Retail Centre (ARC) (460 Alexandra Rd.)", "119963", "Singapore"], "postalCode": "119963", "lat": 1.273979640909711, "crossStreet": "460 Alexandra Rd.", "country": "Singapore", "distance": 239, "city": "Singapore", "cc": "SG", "address": "Alexandra Retail Centre (ARC)", "labeledLatLngs": [{"lng": 103.80155835332049, "label": "display", "lat": 1.273979640909711}]}, "hours": {"isLocalHoliday": false, "isOpen": false}, "verified": false, "price": {"tier": 2, "currency": "$", "message": "Moderate"}}, "referralId": "e-3-4fcdfa27e4b06137d5736f45-17", "tips": [{"id": "53422ebd498e0a9626af1923", "text": "Sushi here sucks! Big time! Don't buy.", "disagreeCount": 0, "createdAt": 1396846269, "logView": true, "todo": {"count": 0}, "agreeCount": 0, "canonicalUrl": "https://foursquare.com/item/53422ebd498e0a9626af1923", "type": "user", "user": {"gender": "female", "id": "6207920", "photo": {"prefix": "https://igx.4sqi.net/img/user/", "suffix": "/D14GPAHDD0SFLSP3.jpg"}, "firstName": "AdDy", "lastName": "SaM"}}]}, {"reasons": {"items": [{"reasonName": "globalInteractionReason", "summary": "This spot is popular", "type": "general"}], "count": 0}, "venue": {"hereNow": {"groups": [{"items": [], "name": "Other people here", "count": 1, "type": "others"}], "summary": "One other person is here", "count": 1}, "contact": {}, "photos": {"groups": [], "count": 0}, "rating": 6.3, "name": "Cedele", "ratingSignals": 19, "allowMenuUrlEdit": true, "categories": [{"pluralName": "Bakeries", "id": "4bf58dd8d48988d16a941735", "primary": true, "icon": {"prefix": "https://ss3.4sqi.net/img/categories_v2/food/bakery_", "suffix": ".png"}, "name": "Bakery", "shortName": "Bakery"}], "stats": {"checkinsCount": 1422, "usersCount": 311, "tipCount": 7}, "id": "4cce686c72106dcb0ef9a899", "beenHere": {"lastCheckinExpiredAt": 0, "count": 0, "marked": false}, "ratingColor": "FFC800", "location": {"lng": 103.80014345076923, "formattedAddress": ["Mapletree Business City #02-12 (10 Pasir Panjang Rd)", "117438", "Singapore"], "postalCode": "117438", "lat": 1.2745361912826074, "crossStreet": "10 Pasir Panjang Rd", "country": "Singapore", "distance": 396, "city": "Singapore", "cc": "SG", "address": "Mapletree Business City #02-12", "labeledLatLngs": [{"lng": 103.80014345076923, "label": "display", "lat": 1.2745361912826074}]}, "hours": {"isLocalHoliday": false, "isOpen": false}, "verified": false, "price": {"tier": 1, "currency": "$", "message": "Cheap"}}, "referralId": "e-3-4cce686c72106dcb0ef9a899-18", "tips": [{"id": "539528fe498e29ee4f48676a", "text": "I was the only costumer. 2 persons were serving. I needed 10min to get packed the already made salad and my caffe latte with soy milk....that's incredible!!! The worst service at MBC", "disagreeCount": 0, "logView": true, "createdAt": 1402284286, "likes": {"groups": [], "summary": "1 like", "count": 1}, "todo": {"count": 0}, "agreeCount": 1, "canonicalUrl": "https://foursquare.com/item/539528fe498e29ee4f48676a", "type": "user", "user": {"gender": "female", "id": "32702676", "photo": {"prefix": "https://igx.4sqi.net/img/user/", "suffix": "/RRKD0NWZIX52JYOB.jpg"}, "firstName": "Eva", "lastName": "K"}}]}, {"reasons": {"items": [{"reasonName": "globalInteractionReason", "summary": "This spot is popular", "type": "general"}], "count": 0}, "venue": {"hereNow": {"groups": [], "summary": "Nobody here", "count": 0}, "contact": {}, "photos": {"groups": [], "count": 0}, "rating": 6.1, "name": "Hock Lam Beef Noodles", "ratingSignals": 29, "allowMenuUrlEdit": true, "categories": [{"pluralName": "Asian Restaurants", "id": "4bf58dd8d48988d142941735", "primary": true, "icon": {"prefix": "https://ss3.4sqi.net/img/categories_v2/food/asian_", "suffix": ".png"}, "name": "Asian Restaurant", "shortName": "Asian"}], "stats": {"checkinsCount": 723, "usersCount": 343, "tipCount": 7}, "id": "4fffba4ae4b067e9028d0e57", "beenHere": {"lastCheckinExpiredAt": 0, "count": 0, "marked": false}, "ratingColor": "FFC800", "location": {"lng": 103.80160363044699, "formattedAddress": ["#02-34 Alexandra Retail Centre (460 Alexandra Rd.)", "Singapore"], "lat": 1.274007302772172, "crossStreet": "460 Alexandra Rd.", "country": "Singapore", "distance": 238, "city": "Singapore", "cc": "SG", "address": "#02-34 Alexandra Retail Centre", "labeledLatLngs": [{"lng": 103.80160363044699, "label": "display", "lat": 1.274007302772172}]}, "hours": {"isLocalHoliday": false, "isOpen": false}, "verified": false, "price": {"tier": 2, "currency": "$", "message": "Moderate"}}, "referralId": "e-3-4fffba4ae4b067e9028d0e57-19", "tips": [{"id": "504347d4e4b09fb67b7bcf49", "text": "Very easy and appealing ordering system.", "disagreeCount": 0, "logView": true, "createdAt": 1346586580, "likes": {"groups": [], "summary": "2 likes", "count": 2}, "todo": {"count": 0}, "agreeCount": 2, "canonicalUrl": "https://foursquare.com/item/504347d4e4b09fb67b7bcf49", "type": "user", "user": {"gender": "female", "id": "1326821", "photo": {"prefix": "https://igx.4sqi.net/img/user/", "suffix": "/LRD55QLA3GWWFV0X.jpg"}, "firstName": "Jane", "lastName": "Chan"}}]}, {"reasons": {"items": [{"reasonName": "globalInteractionReason", "summary": "This spot is popular", "type": "general"}], "count": 0}, "venue": {"hereNow": {"groups": [], "summary": "Nobody here", "count": 0}, "contact": {"phone": "+6562729768", "formattedPhone": "+65 6272 9768"}, "photos": {"groups": [], "count": 0}, "rating": 6.0, "name": "Wang Cafe", "ratingSignals": 24, "allowMenuUrlEdit": true, "categories": [{"pluralName": "Caf\u00e9s", "id": "4bf58dd8d48988d16d941735", "primary": true, "icon": {"prefix": "https://ss3.4sqi.net/img/categories_v2/food/cafe_", "suffix": ".png"}, "name": "Caf\u00e9", "shortName": "Caf\u00e9"}], "stats": {"checkinsCount": 1108, "usersCount": 292, "tipCount": 12}, "id": "4f02b38d6c25c5ce83ecd183", "beenHere": {"lastCheckinExpiredAt": 0, "count": 0, "marked": false}, "url": "http://www.wangcafe.com", "ratingColor": "FFC800", "location": {"lng": 103.80172491073608, "formattedAddress": ["#02-35, Alexandra Retail Centre (460 Alexandra Rd)", "119963", "Singapore"], "postalCode": "119963", "lat": 1.2733221828550536, "crossStreet": "460 Alexandra Rd", "country": "Singapore", "distance": 174, "city": "Singapore", "cc": "SG", "address": "#02-35, Alexandra Retail Centre", "labeledLatLngs": [{"lng": 103.80172491073608, "label": "display", "lat": 1.2733221828550536}]}, "hours": {"isLocalHoliday": false, "isOpen": false, "status": "Closed until 7:30 AM tomorrow"}, "verified": false, "price": {"tier": 1, "currency": "$", "message": "Cheap"}}, "referralId": "e-3-4f02b38d6c25c5ce83ecd183-20", "tips": [{"id": "53325ce3498ecf1f7c15d9de", "text": "Love the teh & coffee here! Try their mee rebus, superb too.", "disagreeCount": 0, "logView": true, "createdAt": 1395809507, "likes": {"groups": [], "summary": "1 like", "count": 1}, "todo": {"count": 0}, "agreeCount": 1, "canonicalUrl": "https://foursquare.com/item/53325ce3498ecf1f7c15d9de", "type": "user", "user": {"gender": "female", "id": "6207920", "photo": {"prefix": "https://igx.4sqi.net/img/user/", "suffix": "/D14GPAHDD0SFLSP3.jpg"}, "firstName": "AdDy", "lastName": "SaM"}}]}, {"reasons": {"items": [{"reasonName": "globalInteractionReason", "summary": "This spot is popular", "type": "general"}], "count": 0}, "venue": {"hereNow": {"groups": [], "summary": "Nobody here", "count": 0}, "contact": {"facebook": "148120825219346", "facebookUsername": "PastamaniaSingapore", "facebookName": "Pastamania (Singapore)", "phone": "+6566594546", "formattedPhone": "+65 6659 4546"}, "photos": {"groups": [], "count": 0}, "rating": 6.0, "menu": {"mobileUrl": "http://www.pastamania.com.sg/menu_pasta.php", "externalUrl": "http://www.pastamania.com.sg/menu_pasta.php", "url": "http://www.pastamania.com.sg/menu_pasta.php", "anchor": "View Menu", "label": "Menu", "type": "Menu"}, "name": "Pastamania", "ratingSignals": 10, "allowMenuUrlEdit": true, "categories": [{"pluralName": "Italian Restaurants", "id": "4bf58dd8d48988d110941735", "primary": true, "icon": {"prefix": "https://ss3.4sqi.net/img/categories_v2/food/italian_", "suffix": ".png"}, "name": "Italian Restaurant", "shortName": "Italian"}], "stats": {"checkinsCount": 291, "usersCount": 138, "tipCount": 2}, "id": "524e46f1498eb453a97b52ec", "beenHere": {"lastCheckinExpiredAt": 0, "count": 0, "marked": false}, "url": "http://www.pastamania.com", "ratingColor": "FFC800", "location": {"lng": 103.80009251455394, "formattedAddress": ["#02-13 Mapletree Business City (20 Pasir Panjang Road)", "117439", "Singapore"], "postalCode": "117439", "lat": 1.274792543681932, "crossStreet": "20 Pasir Panjang Road", "country": "Singapore", "distance": 418, "city": "Singapore", "cc": "SG", "address": "#02-13 Mapletree Business City", "labeledLatLngs": [{"lng": 103.80009251455394, "label": "display", "lat": 1.274792543681932}]}, "hours": {"isLocalHoliday": false, "isOpen": false}, "verified": false, "price": {"tier": 2, "currency": "$", "message": "Moderate"}}, "referralId": "e-3-524e46f1498eb453a97b52ec-21", "tips": [{"id": "52737cb311d2ae89489361bb", "text": "The minestrone soup has so much more goodies in there, unlike the other outlets!", "disagreeCount": 0, "createdAt": 1383300275, "logView": true, "todo": {"count": 0}, "agreeCount": 0, "canonicalUrl": "https://foursquare.com/item/52737cb311d2ae89489361bb", "type": "user", "user": {"gender": "female", "id": "16504035", "photo": {"prefix": "https://igx.4sqi.net/img/user/", "suffix": "/16504035-Y240Y2NOOU022AVR.jpg"}, "firstName": "Jasmine", "lastName": "Pang"}}]}, {"reasons": {"items": [{"reasonName": "globalInteractionReason", "summary": "This spot is popular", "type": "general"}], "count": 0}, "venue": {"hereNow": {"groups": [], "summary": "Nobody here", "count": 0}, "contact": {"facebook": "137649222950061", "facebookUsername": "SpinelliCoffeeCompany", "facebookName": "Spinelli Coffee Company", "phone": "+6562754626", "formattedPhone": "+65 6275 4626"}, "photos": {"groups": [], "count": 0}, "rating": 5.7, "menu": {"mobileUrl": "http://www.spinellicoffee.com/#!gourmet-fare/c1eyh", "externalUrl": "http://www.spinellicoffee.com/#!gourmet-fare/c1eyh", "url": "http://www.spinellicoffee.com/#!gourmet-fare/c1eyh", "anchor": "View Menu", "label": "Menu", "type": "Menu"}, "name": "Spinelli Coffee Company", "ratingSignals": 19, "allowMenuUrlEdit": true, "categories": [{"pluralName": "Caf\u00e9s", "id": "4bf58dd8d48988d16d941735", "primary": true, "icon": {"prefix": "https://ss3.4sqi.net/img/categories_v2/food/cafe_", "suffix": ".png"}, "name": "Caf\u00e9", "shortName": "Caf\u00e9"}], "stats": {"checkinsCount": 598, "usersCount": 254, "tipCount": 7}, "id": "4ef9803802d5abdcbd26c743", "beenHere": {"lastCheckinExpiredAt": 0, "count": 0, "marked": false}, "url": "http://www.spinellicoffee.com", "ratingColor": "FF9600", "location": {"lat": 1.2740154211412162, "distance": 235, "country": "Singapore", "cc": "SG", "crossStreet": "460 Alexandra Road", "formattedAddress": ["#02-29 Alexandra Retail Centre (460 Alexandra Road)", "119963", "Singapore"], "neighborhood": "Central Region, Singapore", "city": "Singapore", "lng": 103.80166022687648, "labeledLatLngs": [{"lng": 103.80166022687648, "label": "display", "lat": 1.2740154211412162}], "address": "#02-29 Alexandra Retail Centre", "postalCode": "119963"}, "hours": {"isLocalHoliday": false, "isOpen": false, "status": "Closed until 8:00 AM tomorrow"}, "verified": false, "price": {"tier": 1, "currency": "$", "message": "Cheap"}}, "referralId": "e-3-4ef9803802d5abdcbd26c743-22", "tips": [{"id": "4f0eb39be4b0281b8d84a5fd", "text": "Should the honey ginger latte. Umph!", "disagreeCount": 0, "logView": true, "createdAt": 1326363547, "likes": {"groups": [], "summary": "1 like", "count": 1}, "todo": {"count": 1}, "agreeCount": 1, "canonicalUrl": "https://foursquare.com/item/4f0eb39be4b0281b8d84a5fd", "type": "user", "user": {"id": "5277242", "photo": {"prefix": "https://igx.4sqi.net/img/user/", "suffix": "/R5TWZNSP5AMU1V3E.jpg"}, "firstName": "WickedWan", "gender": "male"}}]}, {"reasons": {"items": [{"reasonName": "globalInteractionReason", "summary": "This spot is popular", "type": "general"}], "count": 0}, "venue": {"hereNow": {"groups": [], "summary": "Nobody here", "count": 0}, "contact": {"phone": "+6563760869", "formattedPhone": "+65 6376 0869"}, "photos": {"groups": [], "count": 0}, "rating": 5.6, "name": "Curry Times", "ratingSignals": 12, "allowMenuUrlEdit": true, "categories": [{"pluralName": "Chinese Restaurants", "id": "4bf58dd8d48988d145941735", "primary": true, "icon": {"prefix": "https://ss3.4sqi.net/img/categories_v2/food/asian_", "suffix": ".png"}, "name": "Chinese Restaurant", "shortName": "Chinese"}], "stats": {"checkinsCount": 303, "usersCount": 87, "tipCount": 4}, "id": "51ac218d498eb1a572728cd0", "beenHere": {"lastCheckinExpiredAt": 0, "count": 0, "marked": false}, "url": "http://www.currytimes.com.sg", "ratingColor": "FF9600", "location": {"lng": 103.80167154616521, "formattedAddress": ["#02-36, Alexandra Retail Centre (ARC) (460 Alexandra Rd.)", "119963", "Singapore"], "postalCode": "119963", "lat": 1.2736226962837678, "crossStreet": "460 Alexandra Rd.", "country": "Singapore", "distance": 201, "city": "Singapore", "cc": "SG", "address": "#02-36, Alexandra Retail Centre (ARC)", "labeledLatLngs": [{"lng": 103.80167154616521, "label": "display", "lat": 1.2736226962837678}]}, "hours": {"isLocalHoliday": false, "isOpen": false}, "verified": false, "price": {"tier": 1, "currency": "$", "message": "Cheap"}}, "referralId": "e-3-51ac218d498eb1a572728cd0-23", "tips": [{"id": "581b0ccb38faeb026b72a4ef", "text": "Eventhough the food and drinks choices are lesser at this outlet, but just glad that I managed to get seat during peak lunch hour to enjoy a proper meal in between outdoors work appointments.", "disagreeCount": 0, "createdAt": 1478167755, "logView": true, "todo": {"count": 0}, "agreeCount": 0, "canonicalUrl": "https://foursquare.com/item/581b0ccb38faeb026b72a4ef", "type": "user", "user": {"gender": "female", "id": "6306884", "photo": {"prefix": "https://igx.4sqi.net/img/user/", "suffix": "/6306884-L21LWV3MMZFIVU5F"}, "firstName": "Jess", "lastName": "Thia"}}]}, {"reasons": {"items": [{"reasonName": "globalInteractionReason", "summary": "This spot is popular", "type": "general"}], "count": 0}, "venue": {"hereNow": {"groups": [], "summary": "Nobody here", "count": 0}, "contact": {}, "photos": {"groups": [], "count": 0}, "rating": 6.1, "name": "Food Barn", "ratingSignals": 21, "allowMenuUrlEdit": true, "categories": [{"pluralName": "Sandwich Places", "id": "4bf58dd8d48988d1c5941735", "primary": true, "icon": {"prefix": "https://ss3.4sqi.net/img/categories_v2/food/deli_", "suffix": ".png"}, "name": "Sandwich Place", "shortName": "Sandwiches"}], "stats": {"checkinsCount": 1459, "usersCount": 300, "tipCount": 19}, "id": "4b12a3e9f964a520b58b23e3", "beenHere": {"lastCheckinExpiredAt": 0, "count": 0, "marked": false}, "ratingColor": "FFC800", "location": {"formattedAddress": ["438B, Alexandra Road, #01-11, Alexandra Technopark", "119968", "Singapore"], "postalCode": "119968", "lat": 1.277736659579444, "lng": 103.79986047203863, "country": "Singapore", "distance": 692, "city": "Singapore", "cc": "SG", "address": "438B, Alexandra Road, #01-11, Alexandra Technopark", "labeledLatLngs": [{"lng": 103.79986047203863, "label": "display", "lat": 1.277736659579444}]}, "hours": {"isLocalHoliday": false, "isOpen": false}, "verified": false, "price": {"tier": 1, "currency": "$", "message": "Cheap"}}, "referralId": "e-3-4b12a3e9f964a520b58b23e3-24", "tips": [{"logView": true, "createdAt": 1321011624, "agreeCount": 0, "likes": {"groups": [], "summary": "2 likes", "count": 2}, "id": "4ebd09a8d5fb1fb0d8f7f195", "text": "Beef BLT. Hot, juicy, cheesy & yummy!", "type": "user", "url": "http://www.foodspotting.com/reviews/372998", "user": {"id": "12817079", "photo": {"prefix": "https://igx.4sqi.net/img/user/", "suffix": "/0XQDULMQEOYRWH22.png"}, "firstName": "MakanDeals.com", "type": "page", "gender": "none"}, "canonicalUrl": "https://foursquare.com/item/4ebd09a8d5fb1fb0d8f7f195", "todo": {"count": 0}, "disagreeCount": 0}]}, {"reasons": {"items": [{"reasonName": "globalInteractionReason", "summary": "This spot is popular", "type": "general"}], "count": 0}, "venue": {"hereNow": {"groups": [], "summary": "Nobody here", "count": 0}, "contact": {}, "photos": {"groups": [], "count": 0}, "rating": 6.0, "name": "Yummi Chiffon", "ratingSignals": 8, "allowMenuUrlEdit": true, "categories": [{"pluralName": "Delis / Bodegas", "id": "4bf58dd8d48988d146941735", "primary": true, "icon": {"prefix": "https://ss3.4sqi.net/img/categories_v2/food/deli_", "suffix": ".png"}, "name": "Deli / Bodega", "shortName": "Deli / Bodega"}], "stats": {"checkinsCount": 909, "usersCount": 117, "tipCount": 8}, "id": "4bd545ed637ba593ee32f670", "beenHere": {"lastCheckinExpiredAt": 0, "count": 0, "marked": false}, "ratingColor": "FFC800", "location": {"formattedAddress": ["438A Alexandra Techno Park", "Singapore"], "lat": 1.2773364288188078, "lng": 103.80020004658655, "state": "Singapore", "country": "Singapore", "distance": 634, "city": "A.T.P.A", "cc": "SG", "address": "438A Alexandra Techno Park", "labeledLatLngs": [{"lng": 103.80020004658655, "label": "display", "lat": 1.2773364288188078}]}, "hours": {"isLocalHoliday": false, "isOpen": false}, "verified": false, "price": {"tier": 1, "currency": "$", "message": "Cheap"}}, "referralId": "e-3-4bd545ed637ba593ee32f670-25", "tips": [{"id": "4d7eeed7ebc154814e12eba6", "text": "Ask for \"gao\" whenever u buy iced drinks. It'll taste nice even when the ice melts by the time u carry it up to office =p", "disagreeCount": 0, "logView": true, "createdAt": 1300164311, "likes": {"groups": [], "summary": "1 like", "count": 1}, "todo": {"count": 1}, "agreeCount": 1, "canonicalUrl": "https://foursquare.com/item/4d7eeed7ebc154814e12eba6", "type": "user", "user": {"gender": "female", "id": "4633055", "photo": {"prefix": "https://igx.4sqi.net/img/user/", "suffix": "/4RUNJH2CDNNGIIO3.jpg"}, "firstName": "Jasmine", "lastName": "Tan"}}]}, {"reasons": {"items": [{"reasonName": "globalInteractionReason", "summary": "This spot is popular", "type": "general"}], "count": 0}, "venue": {"hereNow": {"groups": [], "summary": "Nobody here", "count": 0}, "contact": {}, "photos": {"groups": [], "count": 0}, "name": "Ah shen ah ma chao zhou kueh", "allowMenuUrlEdit": true, "beenHere": {"lastCheckinExpiredAt": 0, "count": 0, "marked": false}, "stats": {"checkinsCount": 111, "usersCount": 17, "tipCount": 0}, "id": "4dc253ec887770a6bdfd114f", "categories": [{"pluralName": "Snack Places", "id": "4bf58dd8d48988d1c7941735", "primary": true, "icon": {"prefix": "https://ss3.4sqi.net/img/categories_v2/food/snacks_", "suffix": ".png"}, "name": "Snack Place", "shortName": "Snacks"}], "location": {"formattedAddress": ["125 alexandra rd", "Singapore"], "lat": 1.272526568623299, "lng": 103.8024299406728, "country": "Singapore", "distance": 60, "city": "Singapore", "cc": "SG", "address": "125 alexandra rd", "labeledLatLngs": [{"lng": 103.8024299406728, "label": "display", "lat": 1.272526568623299}]}, "verified": false, "price": {"tier": 1, "currency": "$", "message": "Cheap"}}, "referralId": "e-3-4dc253ec887770a6bdfd114f-26"}, {"reasons": {"items": [{"reasonName": "globalInteractionReason", "summary": "This spot is popular", "type": "general"}], "count": 0}, "venue": {"hereNow": {"groups": [], "summary": "Nobody here", "count": 0}, "contact": {}, "photos": {"groups": [], "count": 0}, "name": "Sankranti @ Arc", "allowMenuUrlEdit": true, "beenHere": {"lastCheckinExpiredAt": 0, "count": 0, "marked": false}, "stats": {"checkinsCount": 61, "usersCount": 29, "tipCount": 0}, "id": "53608245498e88f91f30ce0e", "categories": [{"pluralName": "Indian Restaurants", "id": "4bf58dd8d48988d10f941735", "primary": true, "icon": {"prefix": "https://ss3.4sqi.net/img/categories_v2/food/indian_", "suffix": ".png"}, "name": "Indian Restaurant", "shortName": "Indian"}], "location": {"formattedAddress": ["119963", "Singapore"], "postalCode": "119963", "lat": 1.273666, "lng": 103.801879, "distance": 189, "country": "Singapore", "cc": "SG", "labeledLatLngs": [{"lng": 103.801879, "label": "display", "lat": 1.273666}]}, "verified": false, "price": {"tier": 2, "currency": "$", "message": "Moderate"}}, "referralId": "e-3-53608245498e88f91f30ce0e-27"}, {"reasons": {"items": [{"reasonName": "globalInteractionReason", "summary": "This spot is popular", "type": "general"}], "count": 0}, "venue": {"hereNow": {"groups": [], "summary": "Nobody here", "count": 0}, "contact": {}, "photos": {"groups": [], "count": 0}, "name": "Ah Pu Neh Neh Place\ue517", "allowMenuUrlEdit": true, "beenHere": {"lastCheckinExpiredAt": 0, "count": 0, "marked": false}, "stats": {"checkinsCount": 56, "usersCount": 12, "tipCount": 1}, "id": "4e5dcab414954da39fe774b9", "categories": [{"pluralName": "Indian Restaurants", "id": "4bf58dd8d48988d10f941735", "primary": true, "icon": {"prefix": "https://ss3.4sqi.net/img/categories_v2/food/indian_", "suffix": ".png"}, "name": "Indian Restaurant", "shortName": "Indian"}], "location": {"formattedAddress": ["Telok Blangah Conplex", "Singapore"], "lat": 1.2726228866275486, "lng": 103.80280347983182, "distance": 35, "country": "Singapore", "cc": "SG", "address": "Telok Blangah Conplex", "labeledLatLngs": [{"lng": 103.80280347983182, "label": "display", "lat": 1.2726228866275486}]}, "verified": false, "price": {"tier": 2, "currency": "$", "message": "Moderate"}}, "referralId": "e-3-4e5dcab414954da39fe774b9-28", "tips": [{"id": "4f38b9f0e4b08f009ad1a1cf", "text": "Racism: alive and well in Singapore", "disagreeCount": 0, "createdAt": 1329117680, "logView": true, "todo": {"count": 0}, "agreeCount": 0, "canonicalUrl": "https://foursquare.com/item/4f38b9f0e4b08f009ad1a1cf", "type": "user", "user": {"gender": "male", "id": "1906475", "photo": {"prefix": "https://igx.4sqi.net/img/user/", "suffix": "/UUXVU1FSW1I2A500.jpg"}, "firstName": "Manish", "lastName": "Melwani"}}]}, {"reasons": {"items": [{"reasonName": "globalInteractionReason", "summary": "This spot is popular", "type": "general"}], "count": 0}, "venue": {"hereNow": {"groups": [], "summary": "Nobody here", "count": 0}, "contact": {}, "photos": {"groups": [], "count": 0}, "name": "Levure Naturelle", "allowMenuUrlEdit": true, "beenHere": {"lastCheckinExpiredAt": 0, "count": 0, "marked": false}, "stats": {"checkinsCount": 56, "usersCount": 21, "tipCount": 1}, "id": "55c1e0cf498e17becd1c432b", "categories": [{"pluralName": "Bakeries", "id": "4bf58dd8d48988d16a941735", "primary": true, "icon": {"prefix": "https://ss3.4sqi.net/img/categories_v2/food/bakery_", "suffix": ".png"}, "name": "Bakery", "shortName": "Bakery"}], "location": {"formattedAddress": ["Alexandra Retail Centre", "Singapore"], "lat": 1.2739295353134024, "lng": 103.80210733950342, "distance": 200, "country": "Singapore", "cc": "SG", "address": "Alexandra Retail Centre", "labeledLatLngs": [{"lng": 103.80210733950342, "label": "display", "lat": 1.2739295353134024}]}, "verified": false, "price": {"tier": 1, "currency": "$", "message": "Cheap"}}, "referralId": "e-3-55c1e0cf498e17becd1c432b-29", "tips": [{"logView": true, "photo": {"id": "5729b27c498eaecb85c21d87", "visibility": "public", "source": {"name": "Swarm for Android", "url": "https://www.swarmapp.com"}, "suffix": "/2416267_36Qa0M83gpUCFnQPQ4tIg5B5j6OPHdF4ZBT2ihku4Qs.jpg", "createdAt": 1462350460, "prefix": "https://igx.4sqi.net/img/general/", "width": 718, "height": 960}, "createdAt": 1462350460, "agreeCount": 0, "id": "5729b27c498eaecb85c21d88", "text": "They sell salted egg croissants here too ($1.20). Buy 5 get 1 free.", "type": "user", "disagreeCount": 0, "user": {"id": "2416267", "photo": {"prefix": "https://igx.4sqi.net/img/user/", "suffix": "/2416267_KucjsQEM_ScdU_2QSQAUHuzKmBVwkJjI1N_g1HGztwHiU1HR99IuZBaOJaUm2PG-HS1b9ZtFJ.jpg"}, "firstName": "Songhua", "gender": "male"}, "canonicalUrl": "https://foursquare.com/item/5729b27c498eaecb85c21d88", "todo": {"count": 0}, "photourl": "https://igx.4sqi.net/img/general/original/2416267_36Qa0M83gpUCFnQPQ4tIg5B5j6OPHdF4ZBT2ihku4Qs.jpg"}]}, {"reasons": {"items": [{"reasonName": "globalInteractionReason", "summary": "This spot is popular", "type": "general"}], "count": 0}, "venue": {"hereNow": {"groups": [], "summary": "Nobody here", "count": 0}, "contact": {}, "photos": {"groups": [], "count": 0}, "name": "The Green Bar", "allowMenuUrlEdit": true, "beenHere": {"lastCheckinExpiredAt": 0, "count": 0, "marked": false}, "stats": {"checkinsCount": 189, "usersCount": 76, "tipCount": 3}, "id": "534b5f35498e249ceb58be52", "categories": [{"pluralName": "Salad Places", "id": "4bf58dd8d48988d1bd941735", "primary": true, "icon": {"prefix": "https://ss3.4sqi.net/img/categories_v2/food/salad_", "suffix": ".png"}, "name": "Salad Place", "shortName": "Salad"}], "location": {"lng": 103.80154703404123, "formattedAddress": ["#02-12A ARC Alexandra Retail Centre (460 Alexandra Road)", "119963", "Singapore"], "postalCode": "119963", "lat": 1.2739158898241074, "crossStreet": "460 Alexandra Road", "country": "Singapore", "distance": 234, "city": "Singapore", "cc": "SG", "address": "#02-12A ARC Alexandra Retail Centre", "labeledLatLngs": [{"lng": 103.80154703404123, "label": "display", "lat": 1.2739158898241074}]}, "verified": false, "price": {"tier": 1, "currency": "$", "message": "Cheap"}}, "referralId": "e-3-534b5f35498e249ceb58be52-30", "tips": [{"logView": true, "photo": {"id": "543e1d9b498ea27dfe3cc708", "visibility": "public", "source": {"name": "Foursquare for iOS", "url": "https://foursquare.com/download/#/iphone"}, "suffix": "/67490872_R0T8lgyz5CPwYcW0JZ8Nshy5pqYi1cuKzBbmy5ZhGhI.jpg", "createdAt": 1413356955, "prefix": "https://igx.4sqi.net/img/general/", "width": 720, "height": 720}, "createdAt": 1413356953, "agreeCount": 0, "id": "543e1d99498ecd44ee0517a5", "text": "Pick your topping choices ! Comes with ice lemon tea / hot tea or coffee .. From $8.90", "type": "user", "disagreeCount": 0, "user": {"gender": "female", "id": "67490872", "photo": {"prefix": "https://igx.4sqi.net/img/user/", "suffix": "/67490872-UFWLI45BGSJZFN40.jpg"}, "firstName": "Eileen", "lastName": "Lin"}, "canonicalUrl": "https://foursquare.com/item/543e1d99498ecd44ee0517a5", "todo": {"count": 0}, "photourl": "https://igx.4sqi.net/img/general/original/67490872_R0T8lgyz5CPwYcW0JZ8Nshy5pqYi1cuKzBbmy5ZhGhI.jpg"}]}, {"reasons": {"items": [{"reasonName": "globalInteractionReason", "summary": "This spot is popular", "type": "general"}], "count": 0}, "venue": {"hereNow": {"groups": [], "summary": "Nobody here", "count": 0}, "contact": {}, "photos": {"groups": [], "count": 0}, "name": "Pizza Hut Express", "allowMenuUrlEdit": true, "beenHere": {"lastCheckinExpiredAt": 0, "count": 0, "marked": false}, "stats": {"checkinsCount": 83, "usersCount": 39, "tipCount": 1}, "id": "541aa2c4498ee5ccc11530c4", "categories": [{"pluralName": "Pizza Places", "id": "4bf58dd8d48988d1ca941735", "primary": true, "icon": {"prefix": "https://ss3.4sqi.net/img/categories_v2/food/pizza_", "suffix": ".png"}, "name": "Pizza Place", "shortName": "Pizza"}], "url": "http://www.pizzahut.com.sg", "location": {"formattedAddress": ["460 Alexandra Road, Alexandra Retail Centre #01-23/24", "119963", "Singapore"], "postalCode": "119963", "lat": 1.273948367955733, "lng": 103.80156401296047, "country": "Singapore", "distance": 236, "city": "Singapore", "cc": "SG", "address": "460 Alexandra Road, Alexandra Retail Centre #01-23/24", "labeledLatLngs": [{"lng": 103.80156401296047, "label": "display", "lat": 1.273948367955733}]}, "verified": false, "price": {"tier": 1, "currency": "$", "message": "Cheap"}}, "referralId": "e-3-541aa2c4498ee5ccc11530c4-31", "tips": [{"id": "541aa38811d25375e919f715", "text": "New Pizza Hut Express were open in October 2014 (Inside KFC). \ud83d\ude1d\ud83c\udf55", "disagreeCount": 0, "createdAt": 1411031944, "logView": true, "todo": {"count": 0}, "agreeCount": 0, "canonicalUrl": "https://foursquare.com/item/541aa38811d25375e919f715", "type": "user", "user": {"gender": "male", "id": "3954011", "photo": {"prefix": "https://igx.4sqi.net/img/user/", "suffix": "/3954011-YUIMSTRPOPD2ITIN.jpg"}, "firstName": "\u9673\u6770\u502b", "lastName": "(\u30b8\u30a7\u30a4\u30fb\u30c1\u30a7\u30f3)"}}]}, {"reasons": {"items": [{"reasonName": "globalInteractionReason", "summary": "This spot is popular", "type": "general"}], "count": 0}, "venue": {"hereNow": {"groups": [], "summary": "Nobody here", "count": 0}, "contact": {}, "photos": {"groups": [], "count": 0}, "name": "Old Street Bak Kut Teh \u8001\u8857\u8089\u9aa8\u8336", "allowMenuUrlEdit": true, "beenHere": {"lastCheckinExpiredAt": 0, "count": 0, "marked": false}, "stats": {"checkinsCount": 114, "usersCount": 66, "tipCount": 0}, "id": "567395cd498e008eb896375f", "categories": [{"pluralName": "Soup Places", "id": "4bf58dd8d48988d1dd931735", "primary": true, "icon": {"prefix": "https://ss3.4sqi.net/img/categories_v2/food/soup_", "suffix": ".png"}, "name": "Soup Place", "shortName": "Soup"}], "location": {"lng": 103.80159231116394, "formattedAddress": ["Alexandra Retail Centre (460 Alexandra Road)", "Singapore"], "lat": 1.2739795172958164, "crossStreet": "460 Alexandra Road", "country": "Singapore", "distance": 236, "city": "Singapore", "cc": "SG", "address": "Alexandra Retail Centre", "labeledLatLngs": [{"lng": 103.80159231116394, "label": "display", "lat": 1.2739795172958164}]}, "verified": false, "price": {"tier": 1, "currency": "$", "message": "Cheap"}}, "referralId": "e-3-567395cd498e008eb896375f-32"}, {"reasons": {"items": [{"reasonName": "globalInteractionReason", "summary": "This spot is popular", "type": "general"}], "count": 0}, "venue": {"hereNow": {"groups": [], "summary": "Nobody here", "count": 0}, "contact": {"phone": "+6562754626", "formattedPhone": "+65 6275 4626"}, "photos": {"groups": [], "count": 0}, "name": "Fresh Healthy Cafe", "allowMenuUrlEdit": true, "beenHere": {"lastCheckinExpiredAt": 0, "count": 0, "marked": false}, "stats": {"checkinsCount": 329, "usersCount": 99, "tipCount": 2}, "id": "4f276dc7e4b0dfdabc4db0ca", "categories": [{"pluralName": "Caf\u00e9s", "id": "4bf58dd8d48988d16d941735", "primary": true, "icon": {"prefix": "https://ss3.4sqi.net/img/categories_v2/food/cafe_", "suffix": ".png"}, "name": "Caf\u00e9", "shortName": "Caf\u00e9"}], "location": {"lng": 103.8014030456543, "formattedAddress": ["#01-30 Alexandra Retail Centre (460 Alexandra Rd.)", "119963", "Singapore"], "postalCode": "119963", "lat": 1.2738155873973633, "crossStreet": "460 Alexandra Rd.", "country": "Singapore", "distance": 237, "city": "Singapore", "cc": "SG", "address": "#01-30 Alexandra Retail Centre", "labeledLatLngs": [{"lng": 103.8014030456543, "label": "display", "lat": 1.2738155873973633}]}, "hours": {"isLocalHoliday": false, "isOpen": false}, "verified": false, "price": {"tier": 1, "currency": "$", "message": "Cheap"}}, "referralId": "e-3-4f276dc7e4b0dfdabc4db0ca-33", "tips": [{"id": "545720d1498e8f12a2de424e", "text": "Try the Acai Mega Berry smoothie there.", "disagreeCount": 0, "createdAt": 1414996177, "logView": true, "todo": {"count": 0}, "agreeCount": 0, "canonicalUrl": "https://foursquare.com/item/545720d1498e8f12a2de424e", "type": "user", "user": {"gender": "male", "id": "20713344", "photo": {"prefix": "https://igx.4sqi.net/img/user/", "suffix": "/20713344-5HCVVZFGRDODMWNY.jpg"}, "firstName": "Kingsley", "lastName": "Younger"}}]}, {"reasons": {"items": [{"reasonName": "globalInteractionReason", "summary": "This spot is popular", "type": "general"}], "count": 0}, "venue": {"hereNow": {"groups": [], "summary": "Nobody here", "count": 0}, "contact": {"phone": "+6563770766", "formattedPhone": "+65 6377 0766"}, "photos": {"groups": [], "count": 0}, "name": "Delifrance", "allowMenuUrlEdit": true, "beenHere": {"lastCheckinExpiredAt": 0, "count": 0, "marked": false}, "stats": {"checkinsCount": 284, "usersCount": 140, "tipCount": 1}, "id": "50d95a62e4b0b7ab9278756f", "categories": [{"pluralName": "Caf\u00e9s", "id": "4bf58dd8d48988d16d941735", "primary": true, "icon": {"prefix": "https://ss3.4sqi.net/img/categories_v2/food/cafe_", "suffix": ".png"}, "name": "Caf\u00e9", "shortName": "Caf\u00e9"}], "location": {"lng": 103.80157533224114, "formattedAddress": ["Alexandra Retail Centre (460 Alexandra Rd.)", "119963", "Singapore"], "postalCode": "119963", "lat": 1.2739795876588018, "crossStreet": "460 Alexandra Rd.", "country": "Singapore", "distance": 238, "city": "Singapore", "cc": "SG", "address": "Alexandra Retail Centre", "labeledLatLngs": [{"lng": 103.80157533224114, "label": "display", "lat": 1.2739795876588018}]}, "hours": {"isLocalHoliday": false, "isOpen": false}, "verified": false, "price": {"tier": 1, "currency": "$", "message": "Cheap"}}, "referralId": "e-3-50d95a62e4b0b7ab9278756f-34", "tips": [{"logView": true, "photo": {"id": "540fed20498eb802b38e6d56", "visibility": "public", "source": {"name": "Foursquare for iOS", "url": "https://foursquare.com/download/#/iphone"}, "suffix": "/69315415_EIwWWsidqWBSNaMSoXjE1poNzJvbnbuc5KEWtKvLdjs.jpg", "createdAt": 1410329888, "prefix": "https://igx.4sqi.net/img/general/", "width": 960, "height": 720}, "createdAt": 1410329885, "agreeCount": 0, "id": "540fed1d498e4ad0e35dfd87", "text": "Croissant sandwich is really nice as a quick workday lunch.", "type": "user", "disagreeCount": 0, "user": {"gender": "female", "id": "69315415", "photo": {"prefix": "https://igx.4sqi.net/img/user/", "suffix": "/W5TGWPPFJNHULZLQ.jpg"}, "firstName": "Elena", "lastName": "Lee"}, "canonicalUrl": "https://foursquare.com/item/540fed1d498e4ad0e35dfd87", "todo": {"count": 0}, "photourl": "https://igx.4sqi.net/img/general/original/69315415_EIwWWsidqWBSNaMSoXjE1poNzJvbnbuc5KEWtKvLdjs.jpg"}]}, {"reasons": {"items": [{"reasonName": "globalInteractionReason", "summary": "This spot is popular", "type": "general"}], "count": 0}, "venue": {"hereNow": {"groups": [], "summary": "Nobody here", "count": 0}, "contact": {}, "photos": {"groups": [], "count": 0}, "name": "Mr Bean", "allowMenuUrlEdit": true, "beenHere": {"lastCheckinExpiredAt": 0, "count": 0, "marked": false}, "stats": {"checkinsCount": 254, "usersCount": 55, "tipCount": 1}, "id": "4ef131ba0aaf411421f6e26c", "categories": [{"pluralName": "Snack Places", "id": "4bf58dd8d48988d1c7941735", "primary": true, "icon": {"prefix": "https://ss3.4sqi.net/img/categories_v2/food/snacks_", "suffix": ".png"}, "name": "Snack Place", "shortName": "Snacks"}], "location": {"lng": 103.80150175693372, "formattedAddress": ["#01-11, Alexandra Retail Centre (460 Alexandra Rd.)", "119963", "Singapore"], "postalCode": "119963", "lat": 1.2739203971176105, "crossStreet": "460 Alexandra Rd.", "country": "Singapore", "distance": 238, "city": "Singapore", "cc": "SG", "address": "#01-11, Alexandra Retail Centre", "labeledLatLngs": [{"lng": 103.80150175693372, "label": "display", "lat": 1.2739203971176105}]}, "hours": {"isLocalHoliday": false, "isOpen": false}, "verified": false, "price": {"tier": 1, "currency": "$", "message": "Cheap"}}, "referralId": "e-3-4ef131ba0aaf411421f6e26c-35", "tips": [{"id": "5260bf9e11d2366879d7d507", "text": "There are discount coupons valid till end Nov 2013", "disagreeCount": 0, "createdAt": 1382072222, "logView": true, "todo": {"count": 0}, "agreeCount": 0, "canonicalUrl": "https://foursquare.com/item/5260bf9e11d2366879d7d507", "type": "user", "user": {"gender": "male", "id": "66990581", "photo": {"prefix": "https://igx.4sqi.net/img/user/", "suffix": "/66990581-IX3NNHNR2M4T3EZ4.jpg"}, "firstName": "Chong Wei", "lastName": "LIM"}}]}, {"reasons": {"items": [{"reasonName": "globalInteractionReason", "summary": "This spot is popular", "type": "general"}], "count": 0}, "venue": {"hereNow": {"groups": [], "summary": "Nobody here", "count": 0}, "contact": {}, "photos": {"groups": [], "count": 0}, "name": "Barcook Bakery", "allowMenuUrlEdit": true, "beenHere": {"lastCheckinExpiredAt": 0, "count": 0, "marked": false}, "stats": {"checkinsCount": 439, "usersCount": 111, "tipCount": 3}, "id": "4f45f57ee4b0068c28836335", "categories": [{"pluralName": "Bakeries", "id": "4bf58dd8d48988d16a941735", "primary": true, "icon": {"prefix": "https://ss3.4sqi.net/img/categories_v2/food/bakery_", "suffix": ".png"}, "name": "Bakery", "shortName": "Bakery"}], "location": {"lng": 103.80156401296047, "formattedAddress": ["#01-09/16 Alexandra Retail Centre (460 Alexandra Road)", "119963", "Singapore"], "postalCode": "119963", "lat": 1.273984712979263, "crossStreet": "460 Alexandra Road", "country": "Singapore", "distance": 239, "city": "Singapore", "cc": "SG", "address": "#01-09/16 Alexandra Retail Centre", "labeledLatLngs": [{"lng": 103.80156401296047, "label": "display", "lat": 1.273984712979263}]}, "hours": {"isLocalHoliday": false, "isOpen": false}, "verified": false, "price": {"tier": 1, "currency": "$", "message": "Cheap"}}, "referralId": "e-3-4f45f57ee4b0068c28836335-36", "tips": [{"id": "5370e0d2498e7f969860b468", "text": "Yummy ham n cheese bun", "disagreeCount": 0, "logView": true, "createdAt": 1399906514, "likes": {"groups": [], "summary": "1 like", "count": 1}, "todo": {"count": 0}, "agreeCount": 1, "canonicalUrl": "https://foursquare.com/item/5370e0d2498e7f969860b468", "type": "user", "user": {"gender": "female", "id": "67490872", "photo": {"prefix": "https://igx.4sqi.net/img/user/", "suffix": "/67490872-UFWLI45BGSJZFN40.jpg"}, "firstName": "Eileen", "lastName": "Lin"}}]}, {"reasons": {"items": [{"reasonName": "globalInteractionReason", "summary": "This spot is popular", "type": "general"}], "count": 0}, "venue": {"hereNow": {"groups": [], "summary": "Nobody here", "count": 0}, "contact": {}, "photos": {"groups": [], "count": 0}, "name": "Pizza Hut / KFC", "allowMenuUrlEdit": true, "beenHere": {"lastCheckinExpiredAt": 0, "count": 0, "marked": false}, "stats": {"checkinsCount": 39, "usersCount": 24, "tipCount": 0}, "id": "54d9a284498e4523df7feb6c", "categories": [{"pluralName": "Fast Food Restaurants", "id": "4bf58dd8d48988d16e941735", "primary": true, "icon": {"prefix": "https://ss3.4sqi.net/img/categories_v2/food/fastfood_", "suffix": ".png"}, "name": "Fast Food Restaurant", "shortName": "Fast Food"}], "location": {"lng": 103.80153005512415, "formattedAddress": ["460 (Alexandra Retail Centre (ARC))", "Singapore"], "lat": 1.2740027027611098, "crossStreet": "Alexandra Retail Centre (ARC)", "state": "Singapore", "country": "Singapore", "distance": 243, "city": "#01-23/24", "cc": "SG", "address": "460", "labeledLatLngs": [{"lng": 103.80153005512415, "label": "display", "lat": 1.2740027027611098}]}, "verified": false, "price": {"tier": 1, "currency": "$", "message": "Cheap"}}, "referralId": "e-3-54d9a284498e4523df7feb6c-37"}, {"reasons": {"items": [{"reasonName": "globalInteractionReason", "summary": "This spot is popular", "type": "general"}], "count": 0}, "venue": {"hereNow": {"groups": [], "summary": "Nobody here", "count": 0}, "contact": {"facebook": "172178302832506", "facebookUsername": "oldchangkee1956", "facebookName": "Old Chang Kee Singapore", "phone": "+6563760869", "formattedPhone": "+65 6376 0869"}, "photos": {"groups": [], "count": 0}, "menu": {"mobileUrl": "http://www.oldchangkee.com/our-products.htm", "externalUrl": "http://www.oldchangkee.com/our-products.htm", "url": "http://www.oldchangkee.com/our-products.htm", "anchor": "View Menu", "label": "Menu", "type": "Menu"}, "name": "Old Chang Kee", "allowMenuUrlEdit": true, "categories": [{"pluralName": "Snack Places", "id": "4bf58dd8d48988d1c7941735", "primary": true, "icon": {"prefix": "https://ss3.4sqi.net/img/categories_v2/food/snacks_", "suffix": ".png"}, "name": "Snack Place", "shortName": "Snacks"}], "stats": {"checkinsCount": 161, "usersCount": 19, "tipCount": 1}, "id": "54d9b609498e88206d252eec", "beenHere": {"lastCheckinExpiredAt": 0, "count": 0, "marked": false}, "url": "http://www.oldchangkee.com", "location": {"lng": 103.80192057075766, "formattedAddress": ["#02-36 Alexandra Retail Centre (460 Alexandra Road)", "119963", "Singapore"], "postalCode": "119963", "lat": 1.2742607007282298, "crossStreet": "460 Alexandra Road", "country": "Singapore", "distance": 242, "city": "Singapore", "cc": "SG", "address": "#02-36 Alexandra Retail Centre", "labeledLatLngs": [{"lng": 103.80192057075766, "label": "display", "lat": 1.2742607007282298}]}, "verified": false, "price": {"tier": 1, "currency": "$", "message": "Cheap"}}, "referralId": "e-3-54d9b609498e88206d252eec-38", "tips": [{"id": "5749ad3d498ec0f916247625", "text": "Lotsa choices for breakfast! Porridge wid you tiao, nasi lemak, mee siam, been hoon etc!", "disagreeCount": 0, "createdAt": 1464446269, "logView": true, "todo": {"count": 0}, "agreeCount": 0, "canonicalUrl": "https://foursquare.com/item/5749ad3d498ec0f916247625", "type": "user", "user": {"gender": "female", "id": "4209359", "photo": {"prefix": "https://igx.4sqi.net/img/user/", "suffix": "/5E0RKYUJQBOICORE.jpg"}, "firstName": "Stephanie", "lastName": "Tan"}}]}, {"reasons": {"items": [{"reasonName": "globalInteractionReason", "summary": "This spot is popular", "type": "general"}], "count": 0}, "venue": {"contact": {}, "photos": {"groups": [], "count": 0}, "name": "Food Court", "allowMenuUrlEdit": true, "beenHere": {"lastCheckinExpiredAt": 0, "count": 0, "marked": false}, "stats": {"checkinsCount": 451, "usersCount": 51, "tipCount": 4}, "id": "4c15affd77cea59358a6d260", "categories": [{"pluralName": "Food Courts", "id": "4bf58dd8d48988d120951735", "primary": true, "icon": {"prefix": "https://ss3.4sqi.net/img/categories_v2/shops/food_foodcourt_", "suffix": ".png"}, "name": "Food Court", "shortName": "Food Court"}], "location": {"formattedAddress": ["Level 2, 991B Alexandra Rd", "119970", "Singapore"], "postalCode": "119970", "lat": 1.27451563825272, "lng": 103.8032053185657, "country": "Singapore", "distance": 244, "city": "Singapore", "cc": "SG", "address": "Level 2, 991B Alexandra Rd", "labeledLatLngs": [{"lng": 103.8032053185657, "label": "display", "lat": 1.27451563825272}]}, "hours": {"isLocalHoliday": false, "isOpen": false}, "verified": false, "hereNow": {"groups": [], "summary": "Nobody here", "count": 0}}, "referralId": "e-3-4c15affd77cea59358a6d260-39", "tips": [{"id": "4d6f6cc7b09a8eec0dfc81fe", "text": "evening break", "disagreeCount": 0, "logView": true, "createdAt": 1299147975, "likes": {"groups": [], "summary": "2 likes", "count": 2}, "todo": {"count": 0}, "agreeCount": 1, "canonicalUrl": "https://foursquare.com/item/4d6f6cc7b09a8eec0dfc81fe", "type": "user", "user": {"gender": "male", "id": "7284995", "photo": {"prefix": "https://igx.4sqi.net/img/user/", "suffix": "/CEFQDDZWE3LJICHT.jpg"}, "firstName": "shafayet", "lastName": "Hossain"}}]}, {"reasons": {"items": [{"reasonName": "globalInteractionReason", "summary": "This spot is popular", "type": "general"}], "count": 0}, "venue": {"hereNow": {"groups": [], "summary": "Nobody here", "count": 0}, "contact": {}, "photos": {"groups": [], "count": 0}, "name": "Gaufre Menn", "allowMenuUrlEdit": true, "beenHere": {"lastCheckinExpiredAt": 0, "count": 0, "marked": false}, "stats": {"checkinsCount": 73, "usersCount": 33, "tipCount": 0}, "id": "4f214207e4b0e2de578ac0a9", "categories": [{"pluralName": "Snack Places", "id": "4bf58dd8d48988d1c7941735", "primary": true, "icon": {"prefix": "https://ss3.4sqi.net/img/categories_v2/food/snacks_", "suffix": ".png"}, "name": "Snack Place", "shortName": "Snacks"}], "location": {"formattedAddress": ["#01-15 Alexandra Retail Centre (460 Alexandra Road)", "Singapore"], "lat": 1.2740885626623197, "lng": 103.80142818166638, "distance": 257, "country": "Singapore", "cc": "SG", "address": "#01-15 Alexandra Retail Centre (460 Alexandra Road)", "labeledLatLngs": [{"lng": 103.80142818166638, "label": "display", "lat": 1.2740885626623197}]}, "verified": false, "price": {"tier": 1, "currency": "$", "message": "Cheap"}}, "referralId": "e-3-4f214207e4b0e2de578ac0a9-40"}, {"reasons": {"items": [{"reasonName": "globalInteractionReason", "summary": "This spot is popular", "type": "general"}], "count": 0}, "venue": {"hereNow": {"groups": [], "summary": "Nobody here", "count": 0}, "contact": {}, "photos": {"groups": [], "count": 0}, "name": "Bistroquet Pizza & Grill", "allowMenuUrlEdit": true, "beenHere": {"lastCheckinExpiredAt": 0, "count": 0, "marked": false}, "stats": {"checkinsCount": 43, "usersCount": 29, "tipCount": 0}, "id": "4fc5ae4fe4b005d2bdbdb206", "categories": [{"pluralName": "Pizza Places", "id": "4bf58dd8d48988d1ca941735", "primary": true, "icon": {"prefix": "https://ss3.4sqi.net/img/categories_v2/food/pizza_", "suffix": ".png"}, "name": "Pizza Place", "shortName": "Pizza"}], "location": {"formattedAddress": ["460 Alexandra Road", "119963", "Singapore"], "postalCode": "119963", "lat": 1.274393051057777, "lng": 103.8017790794556, "distance": 263, "country": "Singapore", "cc": "SG", "address": "460 Alexandra Road", "labeledLatLngs": [{"lng": 103.8017790794556, "label": "display", "lat": 1.274393051057777}]}, "verified": false, "price": {"tier": 1, "currency": "$", "message": "Cheap"}}, "referralId": "e-3-4fc5ae4fe4b005d2bdbdb206-41"}, {"reasons": {"items": [{"reasonName": "globalInteractionReason", "summary": "This spot is popular", "type": "general"}], "count": 0}, "venue": {"hereNow": {"groups": [], "summary": "Nobody here", "count": 0}, "contact": {"phone": "+6562710060", "formattedPhone": "+65 6271 0060"}, "photos": {"groups": [], "count": 0}, "name": "Local +", "allowMenuUrlEdit": true, "beenHere": {"lastCheckinExpiredAt": 0, "count": 0, "marked": false}, "stats": {"checkinsCount": 108, "usersCount": 34, "tipCount": 2}, "id": "4f6bf4c6e4b0a61998984842", "categories": [{"pluralName": "Diners", "id": "4bf58dd8d48988d147941735", "primary": true, "icon": {"prefix": "https://ss3.4sqi.net/img/categories_v2/food/diner_", "suffix": ".png"}, "name": "Diner", "shortName": "Diner"}], "location": {"lng": 103.8017224829763, "formattedAddress": ["#02-37 Alexandra Retail Centre (ARC) (460 Alexandra Road)", "119963", "Singapore"], "postalCode": "119963", "lat": 1.2743881590318038, "crossStreet": "460 Alexandra Road", "country": "Singapore", "distance": 265, "city": "Singapore", "cc": "SG", "address": "#02-37 Alexandra Retail Centre (ARC)", "labeledLatLngs": [{"lng": 103.8017224829763, "label": "display", "lat": 1.2743881590318038}]}, "verified": false, "price": {"tier": 1, "currency": "$", "message": "Cheap"}}, "referralId": "e-3-4f6bf4c6e4b0a61998984842-42", "tips": [{"id": "4f7ce5f1e4b011d135dcf811", "text": "Pretty pricy.$5 for bee hoon and tea. $1.10 for small cup of tea.", "disagreeCount": 0, "createdAt": 1333585393, "logView": true, "todo": {"count": 0}, "agreeCount": 0, "canonicalUrl": "https://foursquare.com/item/4f7ce5f1e4b011d135dcf811", "type": "user", "user": {"gender": "male", "id": "8321567", "photo": {"prefix": "https://igx.4sqi.net/img/user/", "suffix": "/8321567-1GDI0R1INVCMPOM2.jpg"}, "firstName": "Daniel", "lastName": "Lim"}}]}, {"reasons": {"items": [{"reasonName": "globalInteractionReason", "summary": "This spot is popular", "type": "general"}], "count": 0}, "venue": {"hereNow": {"groups": [], "summary": "Nobody here", "count": 0}, "contact": {"phone": "+6562765176", "formattedPhone": "+65 6276 5176"}, "photos": {"groups": [], "count": 0}, "rating": 5.5, "name": "Ichiban Sushi", "ratingSignals": 36, "allowMenuUrlEdit": true, "categories": [{"pluralName": "Sushi Restaurants", "id": "4bf58dd8d48988d1d2941735", "primary": true, "icon": {"prefix": "https://ss3.4sqi.net/img/categories_v2/food/sushi_", "suffix": ".png"}, "name": "Sushi Restaurant", "shortName": "Sushi"}], "stats": {"checkinsCount": 1045, "usersCount": 501, "tipCount": 9}, "id": "5081027fe4b07dd17add166c", "beenHere": {"lastCheckinExpiredAt": 0, "count": 0, "marked": false}, "ratingColor": "FF9600", "location": {"lng": 103.80167720580994, "formattedAddress": ["#02-22 Alexandra Retail Centre (460 Alexandra Rd.)", "119963", "Singapore"], "postalCode": "119963", "lat": 1.2741708946327848, "crossStreet": "460 Alexandra Rd.", "country": "Singapore", "distance": 248, "city": "Singapore", "cc": "SG", "address": "#02-22 Alexandra Retail Centre", "labeledLatLngs": [{"lng": 103.80167720580994, "label": "display", "lat": 1.2741708946327848}]}, "hours": {"isLocalHoliday": false, "isOpen": true, "status": "Open until 9:30 PM"}, "verified": false, "price": {"tier": 2, "currency": "$", "message": "Moderate"}}, "referralId": "e-3-5081027fe4b07dd17add166c-43", "tips": [{"logView": true, "photo": {"id": "58490d62ec980f3eb1517130", "visibility": "public", "source": {"name": "Foursquare for Android", "url": "https://foursquare.com/download/#/android"}, "suffix": "/23563249_aReGn0F4rhOpKJLJgXzDwd4ejLyU8O250d8tXamV4Mw.jpg", "createdAt": 1481182562, "prefix": "https://igx.4sqi.net/img/general/", "width": 2878, "height": 2878}, "createdAt": 1481182555, "agreeCount": 0, "id": "58490d5b1470b0258a1dd138", "text": "Chirashi bowl is a great value lunch to go (and quite yummy!)", "type": "user", "disagreeCount": 0, "user": {"gender": "female", "id": "23563249", "photo": {"prefix": "https://igx.4sqi.net/img/user/", "suffix": "/23563249-TYUTCROVQSL24MY1.jpg"}, "firstName": "Luisa", "lastName": "Li"}, "canonicalUrl": "https://foursquare.com/item/58490d5b1470b0258a1dd138", "todo": {"count": 0}, "photourl": "https://igx.4sqi.net/img/general/original/23563249_aReGn0F4rhOpKJLJgXzDwd4ejLyU8O250d8tXamV4Mw.jpg"}]}, {"reasons": {"items": [{"reasonName": "globalInteractionReason", "summary": "This spot is popular", "type": "general"}], "count": 0}, "venue": {"hereNow": {"groups": [], "summary": "Nobody here", "count": 0}, "contact": {}, "photos": {"groups": [], "count": 0}, "rating": 5.7, "name": "Subway", "ratingSignals": 20, "allowMenuUrlEdit": true, "categories": [{"pluralName": "Sandwich Places", "id": "4bf58dd8d48988d1c5941735", "primary": true, "icon": {"prefix": "https://ss3.4sqi.net/img/categories_v2/food/deli_", "suffix": ".png"}, "name": "Sandwich Place", "shortName": "Sandwiches"}], "stats": {"checkinsCount": 1385, "usersCount": 462, "tipCount": 8}, "id": "4c3afeeadef90f473e27fd2d", "beenHere": {"lastCheckinExpiredAt": 0, "count": 0, "marked": false}, "ratingColor": "FF9600", "location": {"lng": 103.80006421666486, "formattedAddress": ["#02-16, Mapletree Business City (20 Pasir Panjang Rd)", "117439", "Singapore"], "postalCode": "117439", "lat": 1.274689318136847, "crossStreet": "20 Pasir Panjang Rd", "country": "Singapore", "distance": 413, "city": "Singapore", "cc": "SG", "address": "#02-16, Mapletree Business City", "labeledLatLngs": [{"lng": 103.80006421666486, "label": "display", "lat": 1.274689318136847}]}, "hours": {"isLocalHoliday": false, "isOpen": true, "status": "Open until 9:00 PM"}, "verified": false, "price": {"tier": 1, "currency": "$", "message": "Cheap"}}, "referralId": "e-3-4c3afeeadef90f473e27fd2d-44", "tips": [{"id": "56aefb23498ef068b716ce53", "text": "Closed on Jan 27, will open again around August.", "disagreeCount": 0, "createdAt": 1454308131, "logView": true, "todo": {"count": 0}, "agreeCount": 0, "canonicalUrl": "https://foursquare.com/item/56aefb23498ef068b716ce53", "type": "user", "user": {"gender": "male", "id": "52758558", "photo": {"prefix": "https://igx.4sqi.net/img/user/", "suffix": "/52758558-EQEKN5DO4IAIYRWD.jpg"}, "firstName": "Julio", "lastName": "Delfino"}}]}, {"reasons": {"items": [{"reasonName": "globalInteractionReason", "summary": "This spot is popular", "type": "general"}], "count": 0}, "venue": {"hereNow": {"groups": [], "summary": "Nobody here", "count": 0}, "contact": {"facebook": "671236336311936", "facebookName": "Horizon Bistronomy Alexandra", "phone": "+6562743655", "formattedPhone": "+65 6274 3655"}, "photos": {"groups": [], "count": 0}, "name": "Horizon Bistronomy", "allowMenuUrlEdit": true, "beenHere": {"lastCheckinExpiredAt": 0, "count": 0, "marked": false}, "stats": {"checkinsCount": 56, "usersCount": 39, "tipCount": 2}, "id": "5694945e498ecf877678ee1b", "categories": [{"pluralName": "French Restaurants", "id": "4bf58dd8d48988d10c941735", "primary": true, "icon": {"prefix": "https://ss3.4sqi.net/img/categories_v2/food/french_", "suffix": ".png"}, "name": "French Restaurant", "shortName": "French"}], "location": {"lng": 103.8019715076627, "formattedAddress": ["#01-03, NOL Building (456 Alexandra Road)", "119962", "Singapore"], "postalCode": "119962", "lat": 1.2748208517112056, "crossStreet": "456 Alexandra Road", "country": "Singapore", "distance": 297, "city": "Singapore", "cc": "SG", "address": "#01-03, NOL Building", "labeledLatLngs": [{"lng": 103.8019715076627, "label": "display", "lat": 1.2748208517112056}]}, "hours": {"isLocalHoliday": false, "isOpen": true, "status": "Open until 11:00 PM"}, "verified": false, "price": {"tier": 3, "currency": "$", "message": "Expensive"}}, "referralId": "e-3-5694945e498ecf877678ee1b-45", "tips": [{"logView": true, "photo": {"id": "5895b4d96c682b1f846b3b7f", "visibility": "public", "source": {"name": "Foursquare for iOS", "url": "https://foursquare.com/download/#/iphone"}, "suffix": "/650689_au4EpcRjXhYQrlv2fDpqKxJUGu38hMWhLUNCnQcLchc.jpg", "createdAt": 1486206169, "prefix": "https://igx.4sqi.net/img/general/", "width": 1440, "height": 1920}, "createdAt": 1486206167, "agreeCount": 0, "id": "5895b4d7fb9d89722d7010ac", "text": "The salted egg burger is very tasty \ud83d\udc4d", "type": "user", "disagreeCount": 0, "user": {"gender": "male", "id": "650689", "photo": {"prefix": "https://igx.4sqi.net/img/user/", "suffix": "/QWWUT04T5PCIZPCF.jpg"}, "firstName": "Pedro", "lastName": "Aguirre"}, "canonicalUrl": "https://foursquare.com/item/5895b4d7fb9d89722d7010ac", "todo": {"count": 0}, "photourl": "https://igx.4sqi.net/img/general/original/650689_au4EpcRjXhYQrlv2fDpqKxJUGu38hMWhLUNCnQcLchc.jpg"}]}, {"reasons": {"items": [{"reasonName": "globalInteractionReason", "summary": "This spot is popular", "type": "general"}], "count": 0}, "venue": {"id": "568b4a65498e5f2ced32b2c1", "hereNow": {"groups": [], "summary": "Nobody here", "count": 0}, "contact": {}, "beenHere": {"lastCheckinExpiredAt": 0, "count": 0, "marked": false}, "photos": {"groups": [], "count": 0}, "name": "Cash Box", "location": {"formattedAddress": ["456 Alexandra road", "Singapore"], "lat": 1.274676, "lng": 103.801424, "distance": 310, "country": "Singapore", "cc": "SG", "address": "456 Alexandra road", "labeledLatLngs": [{"lng": 103.801424, "label": "display", "lat": 1.274676}]}, "allowMenuUrlEdit": true, "verified": false, "categories": [{"pluralName": "Food Courts", "id": "4bf58dd8d48988d120951735", "primary": true, "icon": {"prefix": "https://ss3.4sqi.net/img/categories_v2/shops/food_foodcourt_", "suffix": ".png"}, "name": "Food Court", "shortName": "Food Court"}], "stats": {"checkinsCount": 69, "usersCount": 23, "tipCount": 0}}, "referralId": "e-3-568b4a65498e5f2ced32b2c1-46"}, {"reasons": {"items": [{"reasonName": "globalInteractionReason", "summary": "This spot is popular", "type": "general"}], "count": 0}, "venue": {"hereNow": {"groups": [], "summary": "Nobody here", "count": 0}, "contact": {}, "photos": {"groups": [], "count": 0}, "rating": 5.4, "name": "Porn's Sexy.Thai.Food", "ratingSignals": 8, "allowMenuUrlEdit": true, "categories": [{"pluralName": "Thai Restaurants", "id": "4bf58dd8d48988d149941735", "primary": true, "icon": {"prefix": "https://ss3.4sqi.net/img/categories_v2/food/thai_", "suffix": ".png"}, "name": "Thai Restaurant", "shortName": "Thai"}], "stats": {"checkinsCount": 138, "usersCount": 95, "tipCount": 2}, "id": "55ba05ec498e5a49291d8419", "beenHere": {"lastCheckinExpiredAt": 0, "count": 0, "marked": false}, "ratingColor": "FF9600", "location": {"formattedAddress": ["460 Alexandra Road #01-32", "119963", "Singapore"], "postalCode": "119963", "lat": 1.2738326882585331, "lng": 103.80180737770415, "distance": 209, "country": "Singapore", "cc": "SG", "address": "460 Alexandra Road #01-32", "labeledLatLngs": [{"lng": 103.80180737770415, "label": "display", "lat": 1.2738326882585331}]}, "hours": {"isLocalHoliday": false, "isOpen": true, "status": "Open until 9:00 PM"}, "verified": false, "price": {"tier": 2, "currency": "$", "message": "Moderate"}}, "referralId": "e-3-55ba05ec498e5a49291d8419-47", "tips": [{"id": "57da84d9498e0ed6bef6d064", "text": "The branch here closes very early.", "disagreeCount": 0, "createdAt": 1473938649, "logView": true, "todo": {"count": 0}, "agreeCount": 0, "canonicalUrl": "https://foursquare.com/item/57da84d9498e0ed6bef6d064", "type": "user", "user": {"gender": "male", "id": "4814545", "photo": {"prefix": "https://igx.4sqi.net/img/user/", "default": true, "suffix": "/blank_boy.png"}, "firstName": "Marvin Julius", "lastName": "Siy"}}]}, {"reasons": {"items": [{"reasonName": "globalInteractionReason", "summary": "This spot is popular", "type": "general"}], "count": 0}, "venue": {"hereNow": {"groups": [], "summary": "Nobody here", "count": 0}, "contact": {}, "photos": {"groups": [], "count": 0}, "name": "Killiney", "allowMenuUrlEdit": true, "beenHere": {"lastCheckinExpiredAt": 0, "count": 0, "marked": false}, "stats": {"checkinsCount": 35, "usersCount": 24, "tipCount": 1}, "id": "56eb3c3f498e012384b048eb", "categories": [{"pluralName": "Caf\u00e9s", "id": "4bf58dd8d48988d16d941735", "primary": true, "icon": {"prefix": "https://ss3.4sqi.net/img/categories_v2/food/cafe_", "suffix": ".png"}, "name": "Caf\u00e9", "shortName": "Caf\u00e9"}], "location": {"lng": 103.80181869700523, "formattedAddress": ["456 Alexandra Road, #01-01 (Fragrance Empire Building)", "119962", "Singapore"], "postalCode": "119962", "lat": 1.275052033415884, "crossStreet": "Fragrance Empire Building", "country": "Singapore", "distance": 327, "city": "Singapore", "cc": "SG", "address": "456 Alexandra Road, #01-01", "labeledLatLngs": [{"lng": 103.80181869700523, "label": "display", "lat": 1.275052033415884}]}, "verified": false, "price": {"tier": 1, "currency": "$", "message": "Cheap"}}, "referralId": "e-3-56eb3c3f498e012384b048eb-48", "tips": [{"id": "59378ac60123586b0b1dc72a", "text": "Awful tables. You cannot sit properly because of the tables.", "disagreeCount": 0, "createdAt": 1496812230, "logView": true, "todo": {"count": 0}, "agreeCount": 0, "canonicalUrl": "https://foursquare.com/item/59378ac60123586b0b1dc72a", "type": "user", "user": {"id": "52115076", "photo": {"prefix": "https://igx.4sqi.net/img/user/", "suffix": "/52115076-5ZD1FLBUYRU1Q5HF.jpg"}, "firstName": "\u51b0\u6dc7\u6dcb", "gender": "male"}}]}, {"reasons": {"items": [{"reasonName": "globalInteractionReason", "summary": "This spot is popular", "type": "general"}], "count": 0}, "venue": {"hereNow": {"groups": [], "summary": "Nobody here", "count": 0}, "contact": {"phone": "+6566942216", "formattedPhone": "+65 6694 2216"}, "photos": {"groups": [], "count": 0}, "rating": 5.8, "name": "Masons", "ratingSignals": 41, "allowMenuUrlEdit": true, "categories": [{"pluralName": "French Restaurants", "id": "4bf58dd8d48988d10c941735", "primary": true, "icon": {"prefix": "https://ss3.4sqi.net/img/categories_v2/food/french_", "suffix": ".png"}, "name": "French Restaurant", "shortName": "French"}], "stats": {"checkinsCount": 497, "usersCount": 350, "tipCount": 13}, "id": "5059867de4b0dd4fbb1a0510", "beenHere": {"lastCheckinExpiredAt": 0, "count": 0, "marked": false}, "url": "http://www.masons.sg", "ratingColor": "FF9600", "location": {"lng": 103.80391844376979, "formattedAddress": ["Gillman Barracks (Block 8, Lock Road)", "108936", "Singapore"], "postalCode": "108936", "lat": 1.2777134896293658, "crossStreet": "Block 8, Lock Road", "country": "Singapore", "distance": 608, "city": "Singapore", "cc": "SG", "address": "Gillman Barracks", "labeledLatLngs": [{"lng": 103.80391844376979, "label": "display", "lat": 1.2777134896293658}]}, "hours": {"isLocalHoliday": false, "isOpen": false}, "verified": false, "price": {"tier": 3, "currency": "$", "message": "Expensive"}}, "referralId": "e-3-5059867de4b0dd4fbb1a0510-49", "tips": [{"id": "5094fc76e4b0147d2d8583fc", "text": "We liked everything (that we ordered). Try the New Zealand Black Mussels, the Beef Tenderloin with Yorkshire pudding, and if you're lucky, the not-on-regular-menu Pork Cheeks.", "disagreeCount": 0, "logView": true, "createdAt": 1351941238, "likes": {"groups": [], "summary": "1 like", "count": 1}, "todo": {"count": 0}, "agreeCount": 1, "canonicalUrl": "https://foursquare.com/item/5094fc76e4b0147d2d8583fc", "type": "user", "user": {"id": "212095", "photo": {"prefix": "https://igx.4sqi.net/img/user/", "suffix": "/BWQ22VZNEGH5I5Y0.jpg"}, "firstName": "Siew", "gender": "female"}}]}], "name": "recommended", "type": "Recommended Places"}], "query": "food", "headerLocation": "Central Region"}}