{"meta": {"code": 200, "requestId": "595a3bff4434b96c1920a200"}, "response": {"suggestedFilters": {"filters": [{"name": "Open now", "key": "openNow"}], "header": "Tap to show:"}, "totalResults": 23, "headerFullLocation": "Central Region, Singapore", "headerLocationGranularity": "neighborhood", "suggestedBounds": {"ne": {"lng": 103.89585104206888, "lat": 1.315582646466997}, "sw": {"lng": 103.88147416579513, "lat": 1.3011826320669828}}, "groups": [{"items": [{"reasons": {"items": [{"reasonName": "globalInteractionReason", "summary": "This spot is popular", "type": "general"}], "count": 0}, "venue": {"contact": {}, "photos": {"groups": [], "count": 0}, "rating": 8.8, "name": "Old Airport Road Market & Food Centre", "ratingSignals": 971, "allowMenuUrlEdit": true, "categories": [{"pluralName": "Food Courts", "id": "4bf58dd8d48988d120951735", "primary": true, "icon": {"prefix": "https://ss3.4sqi.net/img/categories_v2/shops/food_foodcourt_", "suffix": ".png"}, "name": "Food Court", "shortName": "Food Court"}], "stats": {"checkinsCount": 54838, "usersCount": 20445, "tipCount": 483}, "id": "4b0bcea6f964a520c93323e3", "beenHere": {"lastCheckinExpiredAt": 0, "count": 0, "marked": false}, "ratingColor": "73CF42", "location": {"formattedAddress": ["51 Old Airport Rd", "390051", "Singapore"], "lat": 1.307982994481266, "lng": 103.88576032773331, "country": "Singapore", "distance": 326, "city": "Singapore", "cc": "SG", "address": "51 Old Airport Rd", "postalCode": "390051"}, "hours": {"isLocalHoliday": false, "isOpen": true, "status": "Open until 10:00 PM"}, "verified": false, "hereNow": {"groups": [{"items": [], "name": "Other people here", "count": 1, "type": "others"}], "summary": "One other person is here", "count": 1}}, "referralId": "e-3-4b0bcea6f964a520c93323e3-0", "tips": [{"id": "4cb2c437dd619c743a3be590", "text": "Thumbs down for Albert Street Prawn Noodle.", "disagreeCount": 0, "logView": true, "createdAt": 1286784055, "likes": {"groups": [], "summary": "21 likes", "count": 21}, "todo": {"count": 1}, "agreeCount": 3, "canonicalUrl": "https://foursquare.com/item/4cb2c437dd619c743a3be590", "type": "user", "user": {"gender": "female", "id": "2744440", "photo": {"prefix": "https://igx.4sqi.net/img/user/", "suffix": "/3VFCVZ3MKPYDRSON.jpg"}, "firstName": "Esther", "lastName": "Low"}}]}, {"reasons": {"items": [{"reasonName": "globalInteractionReason", "summary": "This spot is popular", "type": "general"}], "count": 0}, "venue": {"hereNow": {"groups": [], "summary": "Nobody here", "count": 0}, "contact": {}, "photos": {"groups": [], "count": 0}, "rating": 7.4, "name": "Roast Paradise", "ratingSignals": 18, "allowMenuUrlEdit": true, "categories": [{"pluralName": "BBQ Joints", "id": "4bf58dd8d48988d1df931735", "primary": true, "icon": {"prefix": "https://ss3.4sqi.net/img/categories_v2/food/bbqalt_", "suffix": ".png"}, "name": "BBQ Joint", "shortName": "BBQ"}], "stats": {"checkinsCount": 82, "usersCount": 50, "tipCount": 10}, "id": "55f4dd9e498e10746318f157", "beenHere": {"lastCheckinExpiredAt": 0, "count": 0, "marked": false}, "ratingColor": "C5DE35", "location": {"lng": 103.88621904367866, "formattedAddress": ["#01-121, Old Airport Road Hawker Center (51 Old Airport Road)", "390051", "Singapore"], "postalCode": "390051", "lat": 1.3082661918392908, "crossStreet": "51 Old Airport Road", "country": "Singapore", "distance": 272, "city": "Singapore", "cc": "SG", "address": "#01-121, Old Airport Road Hawker Center", "labeledLatLngs": [{"lng": 103.88621904367866, "label": "display", "lat": 1.3082661918392908}]}, "hours": {"isLocalHoliday": false, "isOpen": false, "status": "Closed until 11:00 AM tomorrow"}, "verified": false, "price": {"tier": 2, "currency": "$", "message": "Moderate"}}, "referralId": "e-3-55f4dd9e498e10746318f157-1", "tips": [{"id": "55fe5ad8498ef21878edbd81", "text": "The char siew (\u53c9\u71d2) is to die for! Sweet and tender with the right amount of char. $4 per 100g. They also serve rice and noodles.", "disagreeCount": 0, "logView": true, "createdAt": 1442732760, "likes": {"groups": [], "summary": "1 like", "count": 1}, "todo": {"count": 0}, "agreeCount": 3, "canonicalUrl": "https://foursquare.com/item/55fe5ad8498ef21878edbd81", "type": "user", "user": {"gender": "male", "id": "60199570", "photo": {"prefix": "https://igx.4sqi.net/img/user/", "suffix": "/CISOQEZ2PHCBGYVA.jpg"}, "firstName": "Weng", "lastName": "Chan"}}]}, {"reasons": {"items": [{"reasonName": "globalInteractionReason", "summary": "This spot is popular", "type": "general"}], "count": 0}, "venue": {"hereNow": {"groups": [], "summary": "Nobody here", "count": 0}, "contact": {"facebook": "156451347699786", "facebookName": "Fatt Choy Mui Seafood Restaurant"}, "photos": {"groups": [], "count": 0}, "rating": 7.6, "name": "Fatt Choy Mui Seafood Restaurant", "ratingSignals": 10, "allowMenuUrlEdit": true, "categories": [{"pluralName": "Chinese Restaurants", "id": "4bf58dd8d48988d145941735", "primary": true, "icon": {"prefix": "https://ss3.4sqi.net/img/categories_v2/food/asian_", "suffix": ".png"}, "name": "Chinese Restaurant", "shortName": "Chinese"}], "stats": {"checkinsCount": 398, "usersCount": 205, "tipCount": 9}, "id": "4c80e99d74d7b60cb64e71d8", "beenHere": {"lastCheckinExpiredAt": 0, "count": 0, "marked": false}, "ratingColor": "C5DE35", "location": {"formattedAddress": ["34 Cassia Cres", "390034", "Singapore"], "postalCode": "390034", "lat": 1.309074, "lng": 103.884755, "country": "Singapore", "distance": 441, "city": "Singapore", "cc": "SG", "address": "34 Cassia Cres", "labeledLatLngs": [{"lng": 103.884755, "label": "display", "lat": 1.309074}]}, "hours": {"isLocalHoliday": false, "isOpen": true, "status": "Likely open"}, "verified": false, "price": {"tier": 1, "currency": "$", "message": "Cheap"}}, "referralId": "e-3-4c80e99d74d7b60cb64e71d8-2", "tips": [{"id": "4e21885db0fbdf9ba7aa5dde", "text": "Must try their \u5bb6\u4e61\u8c46\u8150, Assam fish head!", "disagreeCount": 0, "logView": true, "createdAt": 1310820445, "likes": {"groups": [], "summary": "1 like", "count": 1}, "todo": {"count": 0}, "agreeCount": 1, "canonicalUrl": "https://foursquare.com/item/4e21885db0fbdf9ba7aa5dde", "type": "user", "user": {"id": "463315", "photo": {"prefix": "https://igx.4sqi.net/img/user/", "suffix": "/KPUAEF4QSN0XSSDQ.jpg"}, "firstName": "momo-chan", "gender": "female"}}]}, {"reasons": {"items": [{"reasonName": "globalInteractionReason", "summary": "This spot is popular", "type": "general"}], "count": 0}, "venue": {"hereNow": {"groups": [], "summary": "Nobody here", "count": 0}, "contact": {}, "photos": {"groups": [], "count": 0}, "rating": 7.4, "name": "To-Ricos Guo Shi (Kway Chap) \u591a\u4e3d\u54e5\u7cbf\u6c41", "ratingSignals": 9, "allowMenuUrlEdit": true, "categories": [{"pluralName": "Chinese Restaurants", "id": "4bf58dd8d48988d145941735", "primary": true, "icon": {"prefix": "https://ss3.4sqi.net/img/categories_v2/food/asian_", "suffix": ".png"}, "name": "Chinese Restaurant", "shortName": "Chinese"}], "stats": {"checkinsCount": 140, "usersCount": 65, "tipCount": 3}, "id": "4cae8da2c5e6a1cd6927c6f6", "beenHere": {"lastCheckinExpiredAt": 0, "count": 0, "marked": false}, "ratingColor": "C5DE35", "location": {"lng": 103.8856244121935, "formattedAddress": ["Old Airport Road Food Centre (51 Old Airport Road)", "Singapore"], "lat": 1.308080269795714, "crossStreet": "51 Old Airport Road", "country": "Singapore", "distance": 339, "city": "Singapore", "cc": "SG", "address": "Old Airport Road Food Centre", "labeledLatLngs": [{"lng": 103.8856244121935, "label": "display", "lat": 1.308080269795714}]}, "verified": false, "price": {"tier": 1, "currency": "$", "message": "Cheap"}}, "referralId": "e-3-4cae8da2c5e6a1cd6927c6f6-3", "tips": [{"id": "56f9a7c9498e6d0f0ac2f98b", "text": "Best kway chap ever!", "disagreeCount": 0, "createdAt": 1459201993, "logView": true, "todo": {"count": 0}, "agreeCount": 0, "canonicalUrl": "https://foursquare.com/item/56f9a7c9498e6d0f0ac2f98b", "type": "user", "user": {"gender": "male", "id": "60199570", "photo": {"prefix": "https://igx.4sqi.net/img/user/", "suffix": "/CISOQEZ2PHCBGYVA.jpg"}, "firstName": "Weng", "lastName": "Chan"}}]}, {"reasons": {"items": [{"reasonName": "globalInteractionReason", "summary": "This spot is popular", "type": "general"}], "count": 0}, "venue": {"hereNow": {"groups": [{"items": [], "name": "Other people here", "count": 1, "type": "others"}], "summary": "One other person is here", "count": 1}, "contact": {"phone": "+6567412418", "formattedPhone": "+65 6741 2418"}, "photos": {"groups": [], "count": 0}, "rating": 8.2, "name": "J.B. Ah Meng Restaurant", "ratingSignals": 66, "allowMenuUrlEdit": true, "categories": [{"pluralName": "Chinese Restaurants", "id": "4bf58dd8d48988d145941735", "primary": true, "icon": {"prefix": "https://ss3.4sqi.net/img/categories_v2/food/asian_", "suffix": ".png"}, "name": "Chinese Restaurant", "shortName": "Chinese"}], "stats": {"checkinsCount": 879, "usersCount": 624, "tipCount": 32}, "id": "4c5ada91b05c1b8ddf30d9b1", "beenHere": {"lastCheckinExpiredAt": 0, "count": 0, "marked": false}, "ratingColor": "73CF42", "location": {"lng": 103.88618230819701, "formattedAddress": ["534 Geylang Rd (Lorong 30 Geylang)", "389490", "Singapore"], "postalCode": "389490", "lat": 1.3137354527523077, "crossStreet": "Lorong 30 Geylang", "country": "Singapore", "distance": 656, "city": "Singapore", "cc": "SG", "address": "534 Geylang Rd", "labeledLatLngs": [{"lng": 103.88618230819701, "label": "display", "lat": 1.3137354527523077}]}, "hours": {"isLocalHoliday": false, "isOpen": true, "status": "Open until 3:00 AM"}, "verified": false, "price": {"tier": 1, "currency": "$", "message": "Cheap"}}, "referralId": "e-3-4c5ada91b05c1b8ddf30d9b1-4", "tips": [{"id": "4d5fc0cbd7206ea8a763ecf1", "text": "Crab, 3 for $24 cook any kind of dish you like. Thumb up!", "disagreeCount": 0, "logView": true, "createdAt": 1298120907, "likes": {"groups": [], "summary": "2 likes", "count": 2}, "todo": {"count": 2}, "agreeCount": 2, "canonicalUrl": "https://foursquare.com/item/4d5fc0cbd7206ea8a763ecf1", "type": "user", "user": {"id": "4210691", "photo": {"prefix": "https://igx.4sqi.net/img/user/", "suffix": "/DFTBZ40RBUQJ22DN.jpg"}, "firstName": "Missy Cindy", "gender": "female"}}]}, {"reasons": {"items": [{"reasonName": "globalInteractionReason", "summary": "This spot is popular", "type": "general"}], "count": 0}, "venue": {"contact": {"phone": "+6567443757", "formattedPhone": "+65 6744 3757"}, "photos": {"groups": [], "count": 0}, "rating": 8.2, "name": "Sik Bao Sin (Desmond's Creations)", "ratingSignals": 24, "allowMenuUrlEdit": true, "categories": [{"pluralName": "Cantonese Restaurants", "id": "52af3a7c3cf9994f4e043bed", "primary": true, "icon": {"prefix": "https://ss3.4sqi.net/img/categories_v2/food/asian_", "suffix": ".png"}, "name": "Cantonese Restaurant", "shortName": "Cantonese"}], "stats": {"checkinsCount": 717, "usersCount": 171, "tipCount": 10}, "id": "525a573711d2af3d09ec3024", "beenHere": {"lastCheckinExpiredAt": 0, "count": 0, "marked": false}, "ratingColor": "73CF42", "location": {"formattedAddress": ["592 Geylang Road", "389531", "Singapore"], "postalCode": "389531", "lat": 1.3142457833687402, "lng": 103.88777076088745, "country": "Singapore", "distance": 660, "city": "Singapore", "cc": "SG", "address": "592 Geylang Road", "labeledLatLngs": [{"lng": 103.88777076088745, "label": "display", "lat": 1.3142457833687402}]}, "hours": {"isLocalHoliday": false, "isOpen": false, "status": "Closed until 11:45 AM tomorrow"}, "verified": false, "hereNow": {"groups": [], "summary": "Nobody here", "count": 0}}, "referralId": "e-3-525a573711d2af3d09ec3024-5", "tips": [{"id": "53c7c6ec498ee6f86ef7a587", "text": "Thumb up! Fish head!", "disagreeCount": 0, "logView": true, "createdAt": 1405601516, "likes": {"groups": [], "summary": "2 likes", "count": 2}, "todo": {"count": 0}, "agreeCount": 2, "canonicalUrl": "https://foursquare.com/item/53c7c6ec498ee6f86ef7a587", "type": "user", "user": {"id": "2576942", "photo": {"prefix": "https://igx.4sqi.net/img/user/", "suffix": "/V3CD4S3BTZ1R102S.jpg"}, "firstName": "Kelvin", "gender": "male"}}]}, {"reasons": {"items": [{"reasonName": "globalInteractionReason", "summary": "This spot is popular", "type": "general"}], "count": 0}, "venue": {"hereNow": {"groups": [], "summary": "Nobody here", "count": 0}, "contact": {}, "photos": {"groups": [], "count": 0}, "rating": 7.1, "name": "Whitley Rd Big Prawn Noodle", "ratingSignals": 16, "allowMenuUrlEdit": true, "categories": [{"pluralName": "Asian Restaurants", "id": "4bf58dd8d48988d142941735", "primary": true, "icon": {"prefix": "https://ss3.4sqi.net/img/categories_v2/food/asian_", "suffix": ".png"}, "name": "Asian Restaurant", "shortName": "Asian"}], "stats": {"checkinsCount": 280, "usersCount": 182, "tipCount": 10}, "id": "4c5a1733ec2520a150d75012", "beenHere": {"lastCheckinExpiredAt": 0, "count": 0, "marked": false}, "ratingColor": "C5DE35", "location": {"lng": 103.88585093816832, "formattedAddress": ["#01-98, Old Airport Road Market & Food Centre (51 Old Airport Road)", "Singapore"], "lat": 1.3078289764795434, "crossStreet": "51 Old Airport Road", "country": "Singapore", "distance": 318, "city": "Singapore", "cc": "SG", "address": "#01-98, Old Airport Road Market & Food Centre", "labeledLatLngs": [{"lng": 103.88585093816832, "label": "display", "lat": 1.3078289764795434}]}, "hours": {"isLocalHoliday": false, "isOpen": false}, "verified": false, "price": {"tier": 2, "currency": "$", "message": "Moderate"}}, "referralId": "e-3-4c5a1733ec2520a150d75012-6", "tips": [{"logView": true, "photo": {"id": "584a41d9d439075d5573d226", "visibility": "public", "source": {"name": "Foursquare for iOS", "url": "https://foursquare.com/download/#/iphone"}, "suffix": "/330221256_XLdElJlszSPjWg-TygQ5PCpZMQ55HSaq4YU7FqIUPs8.jpg", "createdAt": 1481261529, "prefix": "https://igx.4sqi.net/img/general/", "width": 1440, "height": 1920}, "createdAt": 1481261523, "agreeCount": 0, "id": "584a41d36cea3f47b6455d64", "text": "Soup is good but not sweet. Big prawns are tasty. Noodles are cooked well. This is $5 portion (prawn and ribs).", "type": "user", "disagreeCount": 0, "user": {"gender": "male", "id": "330221256", "photo": {"prefix": "https://igx.4sqi.net/img/user/", "suffix": "/330221256-4G20WMWIJUBFOHG4.jpg"}, "firstName": "Bernard", "lastName": "Lim"}, "canonicalUrl": "https://foursquare.com/item/584a41d36cea3f47b6455d64", "todo": {"count": 0}, "photourl": "https://igx.4sqi.net/img/general/original/330221256_XLdElJlszSPjWg-TygQ5PCpZMQ55HSaq4YU7FqIUPs8.jpg"}]}, {"reasons": {"items": [{"reasonName": "globalInteractionReason", "summary": "This spot is popular", "type": "general"}], "count": 0}, "venue": {"hereNow": {"groups": [], "summary": "Nobody here", "count": 0}, "contact": {"facebook": "220143601474761", "facebookUsername": "brawnbrains.sg", "facebookName": "Brawn & Brains", "phone": "+6563480501", "formattedPhone": "+65 6348 0501"}, "photos": {"groups": [], "count": 0}, "rating": 8.3, "name": "Brawn & Brains", "ratingSignals": 175, "allowMenuUrlEdit": true, "categories": [{"pluralName": "Caf\u00e9s", "id": "4bf58dd8d48988d16d941735", "primary": true, "icon": {"prefix": "https://ss3.4sqi.net/img/categories_v2/food/cafe_", "suffix": ".png"}, "name": "Caf\u00e9", "shortName": "Caf\u00e9"}], "stats": {"checkinsCount": 1513, "usersCount": 731, "tipCount": 56}, "id": "51fb5afd498e34ca1edf2450", "beenHere": {"lastCheckinExpiredAt": 0, "count": 0, "marked": false}, "url": "http://www.brawnandbrains.sg", "ratingColor": "73CF42", "location": {"lat": 1.3102562272810985, "distance": 777, "country": "Singapore", "cc": "SG", "crossStreet": "#01-02", "formattedAddress": ["100 Guillemard Road (#01-02)", "399718", "Singapore"], "neighborhood": "Central", "city": "Singapore", "lng": 103.88193209178102, "labeledLatLngs": [{"lng": 103.88193209178102, "label": "display", "lat": 1.3102562272810985}], "address": "100 Guillemard Road", "postalCode": "399718"}, "hours": {"isLocalHoliday": false, "isOpen": false, "status": "Closed until 9:00 AM tomorrow"}, "verified": false, "price": {"tier": 1, "currency": "$", "message": "Cheap"}}, "referralId": "e-3-51fb5afd498e34ca1edf2450-7", "tips": [{"logView": true, "photo": {"id": "52590bf811d28600736c997a", "visibility": "public", "source": {"name": "Foursquare for Android", "url": "https://foursquare.com/download/#/android"}, "suffix": "/107013_2-QAPLU2YhwpsVA_4xXJyqgXW-pYZEYP9SzjXT1LeQM.jpg", "createdAt": 1381567480, "prefix": "https://igx.4sqi.net/img/general/", "width": 960, "height": 960}, "createdAt": 1381567477, "todo": {"count": 0}, "agreeCount": 4, "likes": {"groups": [], "summary": "4 likes", "count": 4}, "id": "52590bf5498ea7546a584cd9", "text": "Great looking place. Tiny & tucked away but very good coffee and a friendly vibe.", "disagreeCount": 0, "user": {"gender": "male", "id": "107013", "photo": {"prefix": "https://igx.4sqi.net/img/user/", "suffix": "/107013-XUYQOIQWRK4GL5CS.jpg"}, "firstName": "Alex", "lastName": "Lobov"}, "canonicalUrl": "https://foursquare.com/item/52590bf5498ea7546a584cd9", "type": "user", "photourl": "https://igx.4sqi.net/img/general/original/107013_2-QAPLU2YhwpsVA_4xXJyqgXW-pYZEYP9SzjXT1LeQM.jpg"}]}, {"reasons": {"items": [{"reasonName": "globalInteractionReason", "summary": "This spot is popular", "type": "general"}], "count": 0}, "venue": {"hereNow": {"groups": [], "summary": "Nobody here", "count": 0}, "contact": {}, "photos": {"groups": [], "count": 0}, "rating": 7.2, "name": "Lai Huat Seafood Restaurant \u6765\u53d1\u6d77\u9c9c\u83dc\u9986", "ratingSignals": 22, "allowMenuUrlEdit": true, "categories": [{"pluralName": "Seafood Restaurants", "id": "4bf58dd8d48988d1ce941735", "primary": true, "icon": {"prefix": "https://ss3.4sqi.net/img/categories_v2/food/seafood_", "suffix": ".png"}, "name": "Seafood Restaurant", "shortName": "Seafood"}], "stats": {"checkinsCount": 804, "usersCount": 478, "tipCount": 15}, "id": "4bd43129462cb713a2d3df07", "beenHere": {"lastCheckinExpiredAt": 0, "count": 0, "marked": false}, "ratingColor": "C5DE35", "location": {"lng": 103.88807657584698, "formattedAddress": ["387, Guillemard Road (Lorong 34 Geylang)", "Singapore"], "lat": 1.3118560536455508, "crossStreet": "Lorong 34 Geylang", "country": "Singapore", "distance": 392, "city": "Singapore", "cc": "SG", "address": "387, Guillemard Road", "labeledLatLngs": [{"lng": 103.88807657584698, "label": "display", "lat": 1.3118560536455508}]}, "hours": {"isLocalHoliday": false, "isOpen": true, "status": "Open until Midnight"}, "verified": false, "price": {"tier": 3, "currency": "$", "message": "Expensive"}}, "referralId": "e-3-4bd43129462cb713a2d3df07-8", "tips": [{"id": "4f3f98c9e4b09425fd18b091", "text": "Sambal fish and herbal chicken is da bomb", "disagreeCount": 0, "createdAt": 1329567945, "logView": true, "todo": {"count": 0}, "agreeCount": 0, "canonicalUrl": "https://foursquare.com/item/4f3f98c9e4b09425fd18b091", "type": "user", "user": {"gender": "male", "id": "7473184", "photo": {"prefix": "https://igx.4sqi.net/img/user/", "suffix": "/DQXLVKOO43TNW54T.jpg"}, "firstName": "Brandon", "lastName": "Phua"}}]}, {"reasons": {"items": [{"reasonName": "globalInteractionReason", "summary": "This spot is popular", "type": "general"}], "count": 0}, "venue": {"hereNow": {"groups": [], "summary": "Nobody here", "count": 0}, "contact": {}, "photos": {"groups": [], "count": 0}, "rating": 7.1, "name": "Lao Fu Zi Fried Kway Teow \u8001\u592b\u5b50\u7092\u7cbf\u6761", "ratingSignals": 39, "allowMenuUrlEdit": true, "categories": [{"pluralName": "Chinese Restaurants", "id": "4bf58dd8d48988d145941735", "primary": true, "icon": {"prefix": "https://ss3.4sqi.net/img/categories_v2/food/asian_", "suffix": ".png"}, "name": "Chinese Restaurant", "shortName": "Chinese"}], "stats": {"checkinsCount": 868, "usersCount": 609, "tipCount": 17}, "id": "4c1367c182a3c9b69565fbf8", "beenHere": {"lastCheckinExpiredAt": 0, "count": 0, "marked": false}, "ratingColor": "C5DE35", "location": {"lng": 103.88564140162856, "formattedAddress": ["#01-12 Old Airport Road Market & Food Centre (51 Old Airport Road)", "390051", "Singapore"], "postalCode": "390051", "lat": 1.3078722903427138, "crossStreet": "51 Old Airport Road", "country": "Singapore", "distance": 340, "city": "Singapore", "cc": "SG", "address": "#01-12 Old Airport Road Market & Food Centre", "labeledLatLngs": [{"lng": 103.88564140162856, "label": "display", "lat": 1.3078722903427138}]}, "hours": {"isLocalHoliday": false, "isOpen": true, "status": "Open until Midnight"}, "verified": false, "price": {"tier": 1, "currency": "$", "message": "Cheap"}}, "referralId": "e-3-4c1367c182a3c9b69565fbf8-9", "tips": [{"id": "4db6c4c76e8179a913a9bad2", "text": "I personally think the taste of this Char Kway Teow is just 60/100, as i think to have such a queqe it should have taste good, but not as tasty as", "disagreeCount": 0, "logView": true, "createdAt": 1303823559, "likes": {"groups": [], "summary": "2 likes", "count": 2}, "todo": {"count": 0}, "agreeCount": 2, "canonicalUrl": "https://foursquare.com/item/4db6c4c76e8179a913a9bad2", "type": "user", "user": {"id": "4582444", "photo": {"prefix": "https://igx.4sqi.net/img/user/", "suffix": "/4582444-BH0Q33JC2QABIJVN.jpg"}, "firstName": "Joean\u52e4", "gender": "female"}}]}, {"reasons": {"items": [{"reasonName": "globalInteractionReason", "summary": "This spot is popular", "type": "general"}], "count": 0}, "venue": {"hereNow": {"groups": [], "summary": "Nobody here", "count": 0}, "contact": {"phone": "+6590308392", "formattedPhone": "+65 9030 8392"}, "photos": {"groups": [], "count": 0}, "rating": 7.1, "name": "Monkswood", "ratingSignals": 8, "allowMenuUrlEdit": true, "categories": [{"pluralName": "Restaurants", "id": "4bf58dd8d48988d1c4941735", "primary": true, "icon": {"prefix": "https://ss3.4sqi.net/img/categories_v2/food/default_", "suffix": ".png"}, "name": "Restaurant", "shortName": "Restaurant"}], "stats": {"checkinsCount": 55, "usersCount": 38, "tipCount": 3}, "id": "572dc152cd104595c72ff5fc", "beenHere": {"lastCheckinExpiredAt": 0, "count": 0, "marked": false}, "ratingColor": "C5DE35", "location": {"formattedAddress": ["393 Guillemard Road", "Singapore"], "lat": 1.311764, "lng": 103.888232, "country": "Singapore", "distance": 379, "city": "Singapore", "cc": "SG", "address": "393 Guillemard Road", "labeledLatLngs": [{"lng": 103.888232, "label": "display", "lat": 1.311764}]}, "verified": false, "price": {"tier": 2, "currency": "$", "message": "Moderate"}}, "referralId": "e-3-572dc152cd104595c72ff5fc-10", "tips": [{"id": "5775ed7f498e868131f80a45", "text": "Relatively new place. Half roast chicken was excellent. Tasteful interior. Draft beer was something different and worth a try!", "disagreeCount": 0, "logView": true, "createdAt": 1467346303, "likes": {"groups": [], "summary": "1 like", "count": 1}, "todo": {"count": 0}, "agreeCount": 1, "canonicalUrl": "https://foursquare.com/item/5775ed7f498e868131f80a45", "type": "user", "user": {"id": "41467630", "photo": {"prefix": "https://igx.4sqi.net/img/user/", "suffix": "/GHN5RJ3O24Y5N0UK.jpg"}, "firstName": "samichlaus", "gender": "male"}}]}, {"reasons": {"items": [{"reasonName": "globalInteractionReason", "summary": "This spot is popular", "type": "general"}], "count": 0}, "venue": {"hereNow": {"groups": [], "summary": "Nobody here", "count": 0}, "contact": {}, "photos": {"groups": [], "count": 0}, "rating": 7.0, "name": "Albert Street Prawn Noodle", "ratingSignals": 18, "allowMenuUrlEdit": true, "categories": [{"pluralName": "Asian Restaurants", "id": "4bf58dd8d48988d142941735", "primary": true, "icon": {"prefix": "https://ss3.4sqi.net/img/categories_v2/food/asian_", "suffix": ".png"}, "name": "Asian Restaurant", "shortName": "Asian"}], "stats": {"checkinsCount": 331, "usersCount": 208, "tipCount": 4}, "id": "4c87a29ad92ea093eea37772", "beenHere": {"lastCheckinExpiredAt": 0, "count": 0, "marked": false}, "ratingColor": "C5DE35", "location": {"formattedAddress": ["Old Airport Road", "Singapore"], "lat": 1.307689, "lng": 103.885707, "distance": 337, "country": "Singapore", "cc": "SG", "address": "Old Airport Road", "labeledLatLngs": [{"lng": 103.885707, "label": "display", "lat": 1.307689}]}, "hours": {"isLocalHoliday": false, "isOpen": true, "status": "Likely open"}, "verified": false, "price": {"tier": 2, "currency": "$", "message": "Moderate"}}, "referralId": "e-3-4c87a29ad92ea093eea37772-11", "tips": [{"id": "57dd1cb1498e929283e04f14", "text": "Standard dropped slightly.", "disagreeCount": 0, "createdAt": 1474108593, "logView": true, "todo": {"count": 0}, "agreeCount": 0, "canonicalUrl": "https://foursquare.com/item/57dd1cb1498e929283e04f14", "type": "user", "user": {"id": "140717761", "photo": {"prefix": "https://igx.4sqi.net/img/user/", "suffix": "/140717761_5wSEpdHQ_YEa5keN40AOhs940iVELgAx0EJ5tJ7c_5cHAIgW-7JFJjmtQE2yNYqo0hXP8YPqB.jpg"}, "firstName": "Diddilicious", "gender": "none"}}]}, {"reasons": {"items": [{"reasonName": "globalInteractionReason", "summary": "This spot is popular", "type": "general"}], "count": 0}, "venue": {"hereNow": {"groups": [], "summary": "Nobody here", "count": 0}, "contact": {"phone": "+6565478587", "formattedPhone": "+65 6547 8587"}, "photos": {"groups": [], "count": 0}, "rating": 7.7, "name": "Little Vietnam Restaurant and Cafe", "ratingSignals": 144, "allowMenuUrlEdit": true, "categories": [{"pluralName": "Vietnamese Restaurants", "id": "4bf58dd8d48988d14a941735", "primary": true, "icon": {"prefix": "https://ss3.4sqi.net/img/categories_v2/food/vietnamese_", "suffix": ".png"}, "name": "Vietnamese Restaurant", "shortName": "Vietnamese"}], "stats": {"checkinsCount": 2073, "usersCount": 989, "tipCount": 51}, "id": "4ba4b995f964a5205baf38e3", "beenHere": {"lastCheckinExpiredAt": 0, "count": 0, "marked": false}, "ratingColor": "C5DE35", "location": {"formattedAddress": ["511 Guillemard Rd, Grandlink Sq", "399849", "Singapore"], "postalCode": "399849", "lat": 1.3140944574300626, "lng": 103.89185967675813, "country": "Singapore", "distance": 728, "city": "Singapore", "cc": "SG", "address": "511 Guillemard Rd, Grandlink Sq", "labeledLatLngs": [{"lng": 103.89185967675813, "label": "display", "lat": 1.3140944574300626}]}, "hours": {"isLocalHoliday": false, "isOpen": true, "status": "Open until 10:30 PM"}, "verified": false, "price": {"tier": 2, "currency": "$", "message": "Moderate"}}, "referralId": "e-3-4ba4b995f964a5205baf38e3-12", "tips": [{"id": "4d04d08e30a58cfa89e1a1e7", "text": "Niiice for late night vietnamese food and the root beer float.", "disagreeCount": 0, "logView": true, "createdAt": 1292161166, "likes": {"groups": [], "summary": "3 likes", "count": 3}, "todo": {"count": 0}, "agreeCount": 0, "canonicalUrl": "https://foursquare.com/item/4d04d08e30a58cfa89e1a1e7", "type": "user", "user": {"gender": "male", "id": "5153095", "photo": {"prefix": "https://igx.4sqi.net/img/user/", "suffix": "/ENK3KAMVOQRYMH0X.jpg"}, "firstName": "Francois", "lastName": "Le Coguiec"}}]}, {"reasons": {"items": [{"reasonName": "globalInteractionReason", "summary": "This spot is popular", "type": "general"}], "count": 0}, "venue": {"hereNow": {"groups": [], "summary": "Nobody here", "count": 0}, "contact": {"phone": "+6586883885", "formattedPhone": "+65 8688 3885"}, "photos": {"groups": [], "count": 0}, "rating": 7.0, "name": "Foon's Thai Recipe", "ratingSignals": 8, "allowMenuUrlEdit": true, "categories": [{"pluralName": "Thai Restaurants", "id": "4bf58dd8d48988d149941735", "primary": true, "icon": {"prefix": "https://ss3.4sqi.net/img/categories_v2/food/thai_", "suffix": ".png"}, "name": "Thai Restaurant", "shortName": "Thai"}], "stats": {"checkinsCount": 44, "usersCount": 30, "tipCount": 3}, "id": "544a3e76498e3d7484311ebd", "beenHere": {"lastCheckinExpiredAt": 0, "count": 0, "marked": false}, "ratingColor": "C5DE35", "location": {"lng": 103.88559609647305, "formattedAddress": ["Old Airport Food Centre #01-65 (Blk 51 Old Airport Road)", "Singapore"], "lat": 1.3079226384713583, "crossStreet": "Blk 51 Old Airport Road", "distance": 345, "country": "Singapore", "cc": "SG", "address": "Old Airport Food Centre #01-65", "labeledLatLngs": [{"lng": 103.88559609647305, "label": "display", "lat": 1.3079226384713583}]}, "hours": {"isLocalHoliday": false, "isOpen": false, "status": "Closed until 9:00 AM tomorrow"}, "verified": false, "price": {"tier": 2, "currency": "$", "message": "Moderate"}}, "referralId": "e-3-544a3e76498e3d7484311ebd-13", "tips": [{"logView": true, "photo": {"id": "569dc5a9498e08bf72adc7ac", "visibility": "public", "source": {"name": "Swarm for Android", "url": "https://www.swarmapp.com"}, "suffix": "/2416267_YbYi6EUih5QdjLbQP9-Yt5NFfDZr5I3DRLxLLBYOiuo.jpg", "createdAt": 1453180329, "prefix": "https://igx.4sqi.net/img/general/", "width": 960, "height": 960}, "createdAt": 1453180329, "todo": {"count": 0}, "agreeCount": 6, "likes": {"groups": [], "summary": "2 likes", "count": 2}, "id": "569dc5a9498e08bf72adc7ad", "text": "Took my first mouth of the noodles, and I went SAWADEEKRAP!! Very authentic taste.", "disagreeCount": 0, "user": {"id": "2416267", "photo": {"prefix": "https://igx.4sqi.net/img/user/", "suffix": "/2416267_KucjsQEM_ScdU_2QSQAUHuzKmBVwkJjI1N_g1HGztwHiU1HR99IuZBaOJaUm2PG-HS1b9ZtFJ.jpg"}, "firstName": "Songhua", "gender": "male"}, "canonicalUrl": "https://foursquare.com/item/569dc5a9498e08bf72adc7ad", "type": "user", "photourl": "https://igx.4sqi.net/img/general/original/2416267_YbYi6EUih5QdjLbQP9-Yt5NFfDZr5I3DRLxLLBYOiuo.jpg"}]}, {"reasons": {"items": [{"reasonName": "globalInteractionReason", "summary": "This spot is popular", "type": "general"}], "count": 0}, "venue": {"hereNow": {"groups": [], "summary": "Nobody here", "count": 0}, "contact": {"phone": "+6563447722", "formattedPhone": "+65 6344 7722"}, "photos": {"groups": [], "count": 0}, "rating": 7.8, "name": "Long Beach King Seafood Restaurant", "ratingSignals": 75, "allowMenuUrlEdit": true, "categories": [{"pluralName": "Seafood Restaurants", "id": "4bf58dd8d48988d1ce941735", "primary": true, "icon": {"prefix": "https://ss3.4sqi.net/img/categories_v2/food/seafood_", "suffix": ".png"}, "name": "Seafood Restaurant", "shortName": "Seafood"}], "stats": {"checkinsCount": 2702, "usersCount": 1473, "tipCount": 21}, "id": "4b59947bf964a5206b8d28e3", "beenHere": {"lastCheckinExpiredAt": 0, "count": 0, "marked": false}, "ratingColor": "C5DE35", "location": {"lng": 103.88257201132568, "formattedAddress": ["220 Stadium Boulevard (Mountbatten MRT)", "397803", "Singapore"], "postalCode": "397803", "lat": 1.3049361379596969, "crossStreet": "Mountbatten MRT", "country": "Singapore", "distance": 778, "city": "Singapore", "cc": "SG", "address": "220 Stadium Boulevard", "labeledLatLngs": [{"lng": 103.88257201132568, "label": "display", "lat": 1.3049361379596969}]}, "hours": {"isLocalHoliday": false, "isOpen": true, "status": "Likely open"}, "verified": false, "price": {"tier": 3, "currency": "$", "message": "Expensive"}}, "referralId": "e-3-4b59947bf964a5206b8d28e3-14", "tips": [{"id": "53eccdea498e0b510bf12a84", "text": "service is good! Black pepper crab is a must try!", "disagreeCount": 0, "logView": true, "createdAt": 1408028138, "likes": {"groups": [], "summary": "1 like", "count": 1}, "todo": {"count": 0}, "agreeCount": 1, "canonicalUrl": "https://foursquare.com/item/53eccdea498e0b510bf12a84", "type": "user", "user": {"id": "3532707", "photo": {"prefix": "https://igx.4sqi.net/img/user/", "suffix": "/3532707_kGO7hJBG_ctFRAPY4geeMo5HAoFuFFDeYW21QJTGX3MgohkoJXTbqdzND23XEGV1iGZ347S4X.jpg"}, "firstName": "\u8212\u6167\u3002\u062a", "gender": "female"}}]}, {"reasons": {"items": [{"reasonName": "globalInteractionReason", "summary": "This spot is popular", "type": "general"}], "count": 0}, "venue": {"hereNow": {"groups": [], "summary": "Nobody here", "count": 0}, "contact": {"phone": "+6568422112", "formattedPhone": "+65 6842 2112"}, "photos": {"groups": [], "count": 0}, "rating": 6.9, "name": "Tanjong Rhu Pau & Confectionery", "ratingSignals": 27, "allowMenuUrlEdit": true, "categories": [{"pluralName": "Dim Sum Restaurants", "id": "4bf58dd8d48988d1f5931735", "primary": true, "icon": {"prefix": "https://ss3.4sqi.net/img/categories_v2/food/dimsum_", "suffix": ".png"}, "name": "Dim Sum Restaurant", "shortName": "Dim Sum"}], "stats": {"checkinsCount": 655, "usersCount": 330, "tipCount": 15}, "id": "4b13e1a8f964a5200f9a23e3", "beenHere": {"lastCheckinExpiredAt": 0, "count": 0, "marked": false}, "ratingColor": "FFC800", "location": {"formattedAddress": ["389 Guillemard Rd", "399788", "Singapore"], "postalCode": "399788", "lat": 1.3118396287235783, "lng": 103.88816177845001, "country": "Singapore", "distance": 388, "city": "Singapore", "cc": "SG", "address": "389 Guillemard Rd", "labeledLatLngs": [{"lng": 103.88816177845001, "label": "display", "lat": 1.3118396287235783}]}, "hours": {"isLocalHoliday": false, "isOpen": true, "status": "Likely open"}, "verified": false, "price": {"tier": 2, "currency": "$", "message": "Moderate"}}, "referralId": "e-3-4b13e1a8f964a5200f9a23e3-15", "tips": [{"logView": true, "photo": {"id": "53a465f3498ebc054fadc8e4", "visibility": "public", "source": {"name": "Foursquare for iOS", "url": "https://foursquare.com/download/#/iphone"}, "suffix": "/68111202_ynVqzvRJ9C_MFA7BOu7iyvB2hqA3Xz4qzIPh6mM1uBM.jpg", "createdAt": 1403282931, "prefix": "https://igx.4sqi.net/img/general/", "width": 720, "height": 720}, "createdAt": 1403282929, "todo": {"count": 0}, "agreeCount": 1, "likes": {"groups": [], "summary": "1 like", "count": 1}, "id": "53a465f111d2a0e802795489", "text": "Char siew pao!!", "disagreeCount": 0, "user": {"gender": "female", "id": "68111202", "photo": {"prefix": "https://igx.4sqi.net/img/user/", "suffix": "/F3GJ51YX4L3KWENU.jpg"}, "firstName": "Anna", "lastName": "Rolskaya"}, "canonicalUrl": "https://foursquare.com/item/53a465f111d2a0e802795489", "type": "user", "photourl": "https://igx.4sqi.net/img/general/original/68111202_ynVqzvRJ9C_MFA7BOu7iyvB2hqA3Xz4qzIPh6mM1uBM.jpg"}]}, {"reasons": {"items": [{"reasonName": "globalInteractionReason", "summary": "This spot is popular", "type": "general"}], "count": 0}, "venue": {"hereNow": {"groups": [], "summary": "Nobody here", "count": 0}, "contact": {"facebook": "126531074092193", "facebookUsername": "L32handmadenoodles", "facebookName": "L.32 Hand Made Noodles", "phone": "+6597702829", "formattedPhone": "+65 9770 2829"}, "photos": {"groups": [], "count": 0}, "rating": 7.2, "name": "L32 \u624b\u5de5\u9762 Hand made noodles", "ratingSignals": 82, "allowMenuUrlEdit": true, "categories": [{"pluralName": "Noodle Houses", "id": "4bf58dd8d48988d1d1941735", "primary": true, "icon": {"prefix": "https://ss3.4sqi.net/img/categories_v2/food/ramen_", "suffix": ".png"}, "name": "Noodle House", "shortName": "Noodles"}], "stats": {"checkinsCount": 2815, "usersCount": 1215, "tipCount": 41}, "id": "4d11807f0c786ea80450d1ab", "beenHere": {"lastCheckinExpiredAt": 0, "count": 0, "marked": false}, "url": "http://l32handmadenoodles.blogspot.com", "ratingColor": "C5DE35", "location": {"formattedAddress": ["558 Lorong 32 Geylang", "398269", "Singapore"], "postalCode": "398269", "neighborhood": "Geylang, Singapore", "lat": 1.3139070784466795, "lng": 103.88685332011597, "country": "Singapore", "distance": 647, "city": "Singapore", "cc": "SG", "address": "558 Lorong 32 Geylang", "labeledLatLngs": [{"lng": 103.88685332011597, "label": "display", "lat": 1.3139070784466795}]}, "hours": {"isLocalHoliday": false, "isOpen": false, "status": "Closed until 11:30 AM tomorrow"}, "verified": false, "price": {"tier": 1, "currency": "$", "message": "Cheap"}}, "referralId": "e-3-4d11807f0c786ea80450d1ab-16", "tips": [{"id": "4dfbcb50d22df89d59216a98", "text": "Thanks for all the loyalty customers support !!!", "disagreeCount": 0, "logView": true, "createdAt": 1308347216, "likes": {"groups": [], "summary": "3 likes", "count": 3}, "todo": {"count": 0}, "agreeCount": 2, "canonicalUrl": "https://foursquare.com/item/4dfbcb50d22df89d59216a98", "type": "user", "user": {"gender": "female", "id": "9017665", "photo": {"prefix": "https://igx.4sqi.net/img/user/", "suffix": "/0VMVYRCDQOJUI42A.jpg"}, "firstName": "Shirley", "lastName": "Shuzhen"}}]}, {"reasons": {"items": [{"reasonName": "globalInteractionReason", "summary": "This spot is popular", "type": "general"}], "count": 0}, "venue": {"hereNow": {"groups": [], "summary": "Nobody here", "count": 0}, "contact": {}, "photos": {"groups": [], "count": 0}, "rating": 7.2, "name": "Sean Kee Duck Rice", "ratingSignals": 38, "allowMenuUrlEdit": true, "categories": [{"pluralName": "Chinese Restaurants", "id": "4bf58dd8d48988d145941735", "primary": true, "icon": {"prefix": "https://ss3.4sqi.net/img/categories_v2/food/asian_", "suffix": ".png"}, "name": "Chinese Restaurant", "shortName": "Chinese"}], "stats": {"checkinsCount": 719, "usersCount": 426, "tipCount": 19}, "id": "4cbd1aed035d236a6058e94e", "beenHere": {"lastCheckinExpiredAt": 0, "count": 0, "marked": false}, "ratingColor": "C5DE35", "location": {"lng": 103.88858060569991, "formattedAddress": ["659 Geylang Rd. (off Lor. 35 Geylang)", "389589", "Singapore"], "postalCode": "389589", "lat": 1.314348915597295, "crossStreet": "off Lor. 35 Geylang", "country": "Singapore", "distance": 664, "city": "Singapore", "cc": "SG", "address": "659 Geylang Rd.", "labeledLatLngs": [{"lng": 103.88858060569991, "label": "display", "lat": 1.314348915597295}]}, "hours": {"isLocalHoliday": false, "isOpen": false, "status": "Closed until 11:30 AM tomorrow"}, "verified": false, "price": {"tier": 1, "currency": "$", "message": "Cheap"}}, "referralId": "e-3-4cbd1aed035d236a6058e94e-17", "tips": [{"id": "4d4e3ed8deabf04dbebac024", "text": "Very Good Duck Rice", "disagreeCount": 0, "logView": true, "createdAt": 1296973528, "likes": {"groups": [], "summary": "2 likes", "count": 2}, "todo": {"count": 0}, "agreeCount": 0, "canonicalUrl": "https://foursquare.com/item/4d4e3ed8deabf04dbebac024", "type": "user", "user": {"gender": "male", "id": "4157354", "photo": {"prefix": "https://igx.4sqi.net/img/user/", "suffix": "/IIYQ1BOAG5DGTNPC.jpg"}, "firstName": "Daniel", "lastName": "Ong"}}]}, {"reasons": {"items": [{"reasonName": "globalInteractionReason", "summary": "This spot is popular", "type": "general"}], "count": 0}, "venue": {"hereNow": {"groups": [], "summary": "Nobody here", "count": 0}, "contact": {"phone": "+6567444574", "formattedPhone": "+65 6744 4574"}, "photos": {"groups": [], "count": 0}, "rating": 7.1, "name": "Geylang Claypot Rice", "ratingSignals": 71, "allowMenuUrlEdit": true, "categories": [{"pluralName": "Chinese Restaurants", "id": "4bf58dd8d48988d145941735", "primary": true, "icon": {"prefix": "https://ss3.4sqi.net/img/categories_v2/food/asian_", "suffix": ".png"}, "name": "Chinese Restaurant", "shortName": "Chinese"}], "stats": {"checkinsCount": 2070, "usersCount": 1331, "tipCount": 33}, "id": "4c5d6fbe6ebe2d7f59bad22e", "beenHere": {"lastCheckinExpiredAt": 0, "count": 0, "marked": false}, "url": "http://www.geylangclaypot.com/", "ratingColor": "C5DE35", "location": {"lng": 103.88736300867286, "formattedAddress": ["639 Geylang Rd (Geylang Lorong 33)", "389570", "Singapore"], "postalCode": "389570", "lat": 1.3142304171981118, "crossStreet": "Geylang Lorong 33", "country": "Singapore", "distance": 666, "city": "Singapore", "cc": "SG", "address": "639 Geylang Rd", "labeledLatLngs": [{"lng": 103.88736300867286, "label": "display", "lat": 1.3142304171981118}]}, "hours": {"isLocalHoliday": false, "isOpen": false}, "verified": false, "price": {"tier": 1, "currency": "$", "message": "Cheap"}}, "referralId": "e-3-4c5d6fbe6ebe2d7f59bad22e-18", "tips": [{"id": "4c71322fdf6b8cfa374eba4d", "text": "Awesome claypot rice! Be ready to wait up to 25min for it though.", "disagreeCount": 0, "logView": true, "createdAt": 1282486831, "likes": {"groups": [], "summary": "6 likes", "count": 6}, "todo": {"count": 0}, "agreeCount": 0, "canonicalUrl": "https://foursquare.com/item/4c71322fdf6b8cfa374eba4d", "type": "user", "user": {"gender": "female", "id": "205631", "photo": {"prefix": "https://igx.4sqi.net/img/user/", "suffix": "/VA0LMVL1EIK3YJPV.jpg"}, "firstName": "Felicia", "lastName": "Ang"}}]}, {"reasons": {"items": [{"reasonName": "globalInteractionReason", "summary": "This spot is popular", "type": "general"}], "count": 0}, "venue": {"hereNow": {"groups": [], "summary": "Nobody here", "count": 0}, "contact": {}, "photos": {"groups": [], "count": 0}, "rating": 7.1, "name": "Soon Soon Soon Wanton Noodles \u987a\u987a\u987a\u4e91\u541e\u9762", "ratingSignals": 9, "allowMenuUrlEdit": true, "categories": [{"pluralName": "Noodle Houses", "id": "4bf58dd8d48988d1d1941735", "primary": true, "icon": {"prefix": "https://ss3.4sqi.net/img/categories_v2/food/ramen_", "suffix": ".png"}, "name": "Noodle House", "shortName": "Noodles"}], "stats": {"checkinsCount": 298, "usersCount": 136, "tipCount": 2}, "id": "54f337bb498edbb843ea02d3", "beenHere": {"lastCheckinExpiredAt": 0, "count": 0, "marked": false}, "ratingColor": "C5DE35", "location": {"formattedAddress": ["Geylang Lorong 40", "Singapore"], "lat": 1.314506, "lng": 103.889584, "country": "Singapore", "distance": 689, "city": "Singapore", "cc": "SG", "address": "Geylang Lorong 40", "labeledLatLngs": [{"lng": 103.889584, "label": "display", "lat": 1.314506}]}, "verified": false, "price": {"tier": 1, "currency": "$", "message": "Cheap"}}, "referralId": "e-3-54f337bb498edbb843ea02d3-19", "tips": [{"id": "573c71b7498e0ecef3b6dfbf", "text": "Must try the Roasted chicken noodle dish! \ud83d\ude0b\ud83d\ude0b\ud83d\ude0b", "disagreeCount": 0, "createdAt": 1463579063, "logView": true, "todo": {"count": 0}, "agreeCount": 1, "canonicalUrl": "https://foursquare.com/item/573c71b7498e0ecef3b6dfbf", "type": "user", "user": {"gender": "none", "id": "144711283", "photo": {"prefix": "https://igx.4sqi.net/img/user/", "suffix": "/144711283-TEJIJ42LHZU4Z1W5.jpg"}, "firstName": "Gypsee", "lastName": "World"}}]}, {"reasons": {"items": [{"reasonName": "globalInteractionReason", "summary": "This spot is popular", "type": "general"}], "count": 0}, "venue": {"hereNow": {"groups": [], "summary": "Nobody here", "count": 0}, "contact": {}, "photos": {"groups": [], "count": 0}, "rating": 7.0, "name": "Ziweitang Folk Soup Pot Restaurant", "ratingSignals": 8, "allowMenuUrlEdit": true, "categories": [{"pluralName": "Chinese Restaurants", "id": "4bf58dd8d48988d145941735", "primary": true, "icon": {"prefix": "https://ss3.4sqi.net/img/categories_v2/food/asian_", "suffix": ".png"}, "name": "Chinese Restaurant", "shortName": "Chinese"}], "stats": {"checkinsCount": 153, "usersCount": 88, "tipCount": 5}, "id": "4bdc1b73c79cc9283a3a85e9", "beenHere": {"lastCheckinExpiredAt": 0, "count": 0, "marked": false}, "ratingColor": "C5DE35", "location": {"formattedAddress": ["188 tanjong katong road", "Singapore"], "lat": 1.308871, "lng": 103.894712, "distance": 675, "country": "Singapore", "cc": "SG", "address": "188 tanjong katong road", "labeledLatLngs": [{"lng": 103.894712, "label": "display", "lat": 1.308871}]}, "verified": false, "price": {"tier": 1, "currency": "$", "message": "Cheap"}}, "referralId": "e-3-4bdc1b73c79cc9283a3a85e9-20", "tips": [{"id": "528f6952498e58f79c8759bb", "text": "$18.80+ for weekday buffet and $19.80+ for weekend dinner buffet. Tom yum soup base is good and the ingredients were all good! Value for $ and recommended!", "disagreeCount": 0, "logView": true, "createdAt": 1385130322, "likes": {"groups": [], "summary": "1 like", "count": 1}, "todo": {"count": 0}, "agreeCount": 1, "canonicalUrl": "https://foursquare.com/item/528f6952498e58f79c8759bb", "type": "user", "user": {"gender": "male", "id": "6468269", "photo": {"prefix": "https://igx.4sqi.net/img/user/", "suffix": "/11DKFDQNCYGXMV1V.jpg"}, "firstName": "Benjamin", "lastName": "Lim"}}]}, {"reasons": {"items": [{"reasonName": "globalInteractionReason", "summary": "This spot is popular", "type": "general"}], "count": 0}, "venue": {"hereNow": {"groups": [], "summary": "Nobody here", "count": 0}, "contact": {"phone": "+6563459272", "formattedPhone": "+65 6345 9272"}, "photos": {"groups": [], "count": 0}, "rating": 7.0, "name": "Tian Fu Huo Guo Xiao Chu", "ratingSignals": 30, "allowMenuUrlEdit": true, "categories": [{"pluralName": "Chinese Restaurants", "id": "4bf58dd8d48988d145941735", "primary": true, "icon": {"prefix": "https://ss3.4sqi.net/img/categories_v2/food/asian_", "suffix": ".png"}, "name": "Chinese Restaurant", "shortName": "Chinese"}], "stats": {"checkinsCount": 2046, "usersCount": 1175, "tipCount": 18}, "id": "4c0d232c98102d7fd6b4e106", "beenHere": {"lastCheckinExpiredAt": 0, "count": 0, "marked": false}, "ratingColor": "C5DE35", "location": {"formattedAddress": ["200 Tanjong Katong Road", "437007", "Singapore"], "postalCode": "437007", "lat": 1.3074103694728678, "lng": 103.8953597046669, "country": "Singapore", "distance": 753, "city": "Singapore", "cc": "SG", "address": "200 Tanjong Katong Road", "labeledLatLngs": [{"lng": 103.8953597046669, "label": "display", "lat": 1.3074103694728678}]}, "hours": {"isLocalHoliday": false, "isOpen": true, "status": "Likely open"}, "verified": false, "price": {"tier": 1, "currency": "$", "message": "Cheap"}}, "referralId": "e-3-4c0d232c98102d7fd6b4e106-21", "tips": [{"id": "4cc5668101fb236a6c30b1ba", "text": "Love their homemade chilli, Tom yum soup base n wide spread of choices!!", "disagreeCount": 0, "createdAt": 1288005249, "logView": true, "todo": {"count": 0}, "agreeCount": 0, "canonicalUrl": "https://foursquare.com/item/4cc5668101fb236a6c30b1ba", "type": "user", "user": {"gender": "female", "id": "4020848", "photo": {"prefix": "https://igx.4sqi.net/img/user/", "suffix": "/4020848-5PJFHLHQR3ONFZ4N"}, "firstName": "Ashley", "lastName": "Goh"}}]}, {"reasons": {"items": [{"reasonName": "globalInteractionReason", "summary": "This spot is popular", "type": "general"}], "count": 0}, "venue": {"hereNow": {"groups": [], "summary": "Nobody here", "count": 0}, "contact": {}, "photos": {"groups": [], "count": 0}, "rating": 7.0, "name": "Ponggol Nasi Lemak Centre", "ratingSignals": 116, "allowMenuUrlEdit": true, "categories": [{"pluralName": "Chinese Restaurants", "id": "4bf58dd8d48988d145941735", "primary": true, "icon": {"prefix": "https://ss3.4sqi.net/img/categories_v2/food/asian_", "suffix": ".png"}, "name": "Chinese Restaurant", "shortName": "Chinese"}], "stats": {"checkinsCount": 4088, "usersCount": 2280, "tipCount": 55}, "id": "4b3dce1bf964a520e49625e3", "beenHere": {"lastCheckinExpiredAt": 0, "count": 0, "marked": false}, "url": "http://www.ponggolnasilemak.com.sg", "ratingColor": "C5DE35", "location": {"formattedAddress": ["238 Tanjong Katong Road", "Singapore"], "lat": 1.3068252074710782, "lng": 103.8954895734787, "country": "Singapore", "distance": 779, "city": "Singapore", "cc": "SG", "address": "238 Tanjong Katong Road", "labeledLatLngs": [{"lng": 103.8954895734787, "label": "display", "lat": 1.3068252074710782}]}, "hours": {"isLocalHoliday": false, "isOpen": true, "status": "Open until 2:30 AM"}, "verified": false, "price": {"tier": 1, "currency": "$", "message": "Cheap"}}, "referralId": "e-3-4b3dce1bf964a520e49625e3-22", "tips": [{"id": "4b6a164470c603bbad7291b4", "text": "Closed on Thursdays", "disagreeCount": 0, "logView": true, "createdAt": 1265243716, "likes": {"groups": [], "summary": "7 likes", "count": 7}, "todo": {"count": 1}, "agreeCount": 0, "canonicalUrl": "https://foursquare.com/item/4b6a164470c603bbad7291b4", "type": "user", "user": {"gender": "male", "id": "329280", "photo": {"prefix": "https://igx.4sqi.net/img/user/", "suffix": "/VGXHFSSCH5U32TL2.jpg"}, "firstName": "Adrian", "lastName": "Tan"}}]}], "name": "recommended", "type": "Recommended Places"}], "query": "food", "headerLocation": "Central Region"}}