{"meta": {"code": 200, "requestId": "595a3b85db04f562f037381c"}, "response": {"suggestedFilters": {"filters": [{"name": "Open now", "key": "openNow"}], "header": "Tap to show:"}, "totalResults": 32, "headerFullLocation": "Financial District, Singapore", "headerLocationGranularity": "neighborhood", "suggestedBounds": {"ne": {"lng": 103.86228232913689, "lat": 1.283350643816987}, "sw": {"lng": 103.84790563530711, "lat": 1.2689506294169728}}, "groups": [{"items": [{"reasons": {"items": [{"reasonName": "globalInteractionReason", "summary": "This spot is popular", "type": "general"}], "count": 0}, "venue": {"hereNow": {"groups": [], "summary": "Nobody here", "count": 0}, "contact": {"facebook": "216317188388404", "facebookUsername": "dintaifungsg", "facebookName": "Din Tai Fung Singapore", "phone": "+6566347877", "formattedPhone": "+65 6634 7877"}, "photos": {"groups": [], "count": 0}, "rating": 8.3, "name": "Din Tai Fung \u9f0e\u6cf0\u8c50", "ratingSignals": 165, "allowMenuUrlEdit": true, "categories": [{"pluralName": "Dumpling Restaurants", "id": "4bf58dd8d48988d108941735", "primary": true, "icon": {"prefix": "https://ss3.4sqi.net/img/categories_v2/food/dumplings_", "suffix": ".png"}, "name": "Dumpling Restaurant", "shortName": "Dumplings"}], "stats": {"checkinsCount": 4695, "usersCount": 2585, "tipCount": 60}, "id": "4ce60b8f678aa0936635daea", "beenHere": {"lastCheckinExpiredAt": 0, "count": 0, "marked": false}, "url": "http://www.dintaifung.com.sg", "ratingColor": "73CF42", "location": {"lng": 103.85363705932018, "formattedAddress": ["#B2-05/06, Marina Bay Link Mall (8A Marina Boulevard)", "018984", "Singapore"], "postalCode": "018984", "lat": 1.2805241653556512, "crossStreet": "8A Marina Boulevard", "country": "Singapore", "distance": 513, "city": "Singapore", "cc": "SG", "address": "#B2-05/06, Marina Bay Link Mall", "labeledLatLngs": [{"lng": 103.85363705932018, "label": "display", "lat": 1.2805241653556512}]}, "hours": {"isLocalHoliday": false, "isOpen": true, "status": "Likely open"}, "verified": false, "price": {"tier": 1, "currency": "$", "message": "Cheap"}}, "referralId": "e-3-4ce60b8f678aa0936635daea-0", "tips": [{"id": "4e59ff16ae6099fc00cfb7d5", "text": "Be there before 11:30am during weekdays to secure a seat fast.", "disagreeCount": 0, "logView": true, "createdAt": 1314520854, "likes": {"groups": [], "summary": "2 likes", "count": 2}, "todo": {"count": 0}, "agreeCount": 2, "canonicalUrl": "https://foursquare.com/item/4e59ff16ae6099fc00cfb7d5", "type": "user", "user": {"gender": "male", "id": "8421057", "photo": {"prefix": "https://igx.4sqi.net/img/user/", "suffix": "/QFC5R5VXIY31VIGD.jpg"}, "firstName": "Jeffrey", "lastName": "Teo"}}]}, {"reasons": {"items": [{"reasonName": "globalInteractionReason", "summary": "This spot is popular", "type": "general"}], "count": 0}, "venue": {"venuePage": {"id": "105785932"}, "hereNow": {"groups": [], "summary": "Nobody here", "count": 0}, "contact": {"facebook": "519592191476427", "facebookUsername": "nudseafood", "facebookName": "NUDE Seafood", "phone": "+6564431167", "formattedPhone": "+65 6443 1167"}, "photos": {"groups": [], "count": 0}, "rating": 7.7, "name": "NUDE Seafood", "ratingSignals": 34, "allowMenuUrlEdit": true, "categories": [{"pluralName": "Seafood Restaurants", "id": "4bf58dd8d48988d1ce941735", "primary": true, "icon": {"prefix": "https://ss3.4sqi.net/img/categories_v2/food/seafood_", "suffix": ".png"}, "name": "Seafood Restaurant", "shortName": "Seafood"}], "stats": {"checkinsCount": 476, "usersCount": 158, "tipCount": 12}, "id": "548d9ae0498eed690b5d58c4", "beenHere": {"lastCheckinExpiredAt": 0, "count": 0, "marked": false}, "url": "http://www.nudeseafood.com", "ratingColor": "C5DE35", "location": {"formattedAddress": ["12 Marina Blvd #01-02, Marina Bay Financial Centre Tower 3", "018982", "Singapore"], "postalCode": "018982", "lat": 1.278942698564676, "lng": 103.85454297065735, "country": "Singapore", "distance": 316, "city": "Singapore", "cc": "SG", "address": "12 Marina Blvd #01-02, Marina Bay Financial Centre Tower 3", "labeledLatLngs": [{"lng": 103.85454297065735, "label": "display", "lat": 1.278942698564676}]}, "hours": {"isLocalHoliday": false, "isOpen": true, "status": "Open until 10:00 PM"}, "verified": true, "price": {"tier": 3, "currency": "$", "message": "Expensive"}, "storeId": ""}, "referralId": "e-3-548d9ae0498eed690b5d58c4-1", "tips": [{"logView": true, "photo": {"id": "54f1b28e498e21f1e0e9b090", "visibility": "public", "source": {"name": "Foursquare for iOS", "url": "https://foursquare.com/download/#/iphone"}, "suffix": "/96482512_WadqbueyDPFFDOrEn-UL3sH6jImb-j1RIbTckAORo40.jpg", "createdAt": 1425126030, "prefix": "https://igx.4sqi.net/img/general/", "width": 1440, "height": 1440}, "createdAt": 1425126028, "todo": {"count": 1}, "agreeCount": 2, "likes": {"groups": [], "summary": "2 likes", "count": 2}, "id": "54f1b28c11d226ac06a2d250", "text": "hickory smoked salmon & signature grains", "disagreeCount": 0, "user": {"id": "96482512", "photo": {"prefix": "https://igx.4sqi.net/img/user/", "suffix": "/96482512-WBWRVVGB33UEPM1G.jpg"}, "firstName": "mo pleasure", "gender": "female"}, "canonicalUrl": "https://foursquare.com/item/54f1b28c11d226ac06a2d250", "type": "user", "photourl": "https://igx.4sqi.net/img/general/original/96482512_WadqbueyDPFFDOrEn-UL3sH6jImb-j1RIbTckAORo40.jpg"}]}, {"reasons": {"items": [{"reasonName": "globalInteractionReason", "summary": "This spot is popular", "type": "general"}], "count": 0}, "venue": {"hereNow": {"groups": [], "summary": "Nobody here", "count": 0}, "contact": {}, "photos": {"groups": [], "count": 0}, "rating": 8.1, "name": "LeVel33", "ratingSignals": 8, "allowMenuUrlEdit": true, "categories": [{"pluralName": "Restaurants", "id": "4bf58dd8d48988d1c4941735", "primary": true, "icon": {"prefix": "https://ss3.4sqi.net/img/categories_v2/food/default_", "suffix": ".png"}, "name": "Restaurant", "shortName": "Restaurant"}], "stats": {"checkinsCount": 106, "usersCount": 104, "tipCount": 2}, "id": "5783b947498e81c4286d5e19", "beenHere": {"lastCheckinExpiredAt": 0, "count": 0, "marked": false}, "ratingColor": "73CF42", "location": {"formattedAddress": ["Marina Boulevard", "Singapore"], "lat": 1.280371, "lng": 103.85479, "country": "Singapore", "distance": 471, "city": "Singapore", "cc": "SG", "address": "Marina Boulevard", "labeledLatLngs": [{"lng": 103.85479, "label": "display", "lat": 1.280371}]}, "verified": false, "price": {"tier": 2, "currency": "$", "message": "Moderate"}}, "referralId": "e-3-5783b947498e81c4286d5e19-2", "tips": [{"logView": true, "photo": {"id": "58f2e136419a9e1e2408661a", "visibility": "public", "source": {"name": "Foursquare for Android", "url": "https://foursquare.com/download/#/android"}, "suffix": "/94124429_kZQh_oLnOuR8z_YhRguAWkEBWd8NjGCAqI3hUd_aFWA.jpg", "createdAt": 1492312374, "prefix": "https://igx.4sqi.net/img/general/", "width": 3036, "height": 4048}, "createdAt": 1492312363, "agreeCount": 0, "id": "58f2e12b51950e6b30097fd2", "text": "Great night. Stunning views, great beers, fantastic food. Better than the hype suggests.", "type": "user", "disagreeCount": 0, "user": {"gender": "male", "id": "94124429", "photo": {"prefix": "https://igx.4sqi.net/img/user/", "suffix": "/94124429-5G4U2PTYQPGD3SZY.jpg"}, "firstName": "Tomek", "lastName": "Wolny"}, "canonicalUrl": "https://foursquare.com/item/58f2e12b51950e6b30097fd2", "todo": {"count": 0}, "photourl": "https://igx.4sqi.net/img/general/original/94124429_kZQh_oLnOuR8z_YhRguAWkEBWd8NjGCAqI3hUd_aFWA.jpg"}]}, {"reasons": {"items": [{"reasonName": "globalInteractionReason", "summary": "This spot is popular", "type": "general"}], "count": 0}, "venue": {"hereNow": {"groups": [], "summary": "Nobody here", "count": 0}, "contact": {}, "photos": {"groups": [], "count": 0}, "rating": 7.7, "name": "Mexout", "ratingSignals": 12, "allowMenuUrlEdit": true, "categories": [{"pluralName": "Mexican Restaurants", "id": "4bf58dd8d48988d1c1941735", "primary": true, "icon": {"prefix": "https://ss3.4sqi.net/img/categories_v2/food/mexican_", "suffix": ".png"}, "name": "Mexican Restaurant", "shortName": "Mexican"}], "stats": {"checkinsCount": 188, "usersCount": 60, "tipCount": 4}, "id": "56024873498ee30f2031d301", "beenHere": {"lastCheckinExpiredAt": 0, "count": 0, "marked": false}, "ratingColor": "C5DE35", "location": {"formattedAddress": ["Marina Bay Financial Centre Tower 3", "Singapore"], "lat": 1.2791668859118526, "lng": 103.85446368691504, "distance": 343, "country": "Singapore", "cc": "SG", "address": "Marina Bay Financial Centre Tower 3", "labeledLatLngs": [{"lng": 103.85446368691504, "label": "display", "lat": 1.2791668859118526}]}, "verified": false, "price": {"tier": 1, "currency": "$", "message": "Cheap"}}, "referralId": "e-3-56024873498ee30f2031d301-3", "tips": [{"id": "5899123a30ecc651dcd1611f", "text": "love avocado toast!!", "disagreeCount": 0, "createdAt": 1486426682, "logView": true, "todo": {"count": 0}, "agreeCount": 0, "canonicalUrl": "https://foursquare.com/item/5899123a30ecc651dcd1611f", "type": "user", "user": {"gender": "female", "id": "14309429", "photo": {"prefix": "https://igx.4sqi.net/img/user/", "suffix": "/WNRBDHV4HFTZPLHB.jpg"}, "firstName": "Eunhye", "lastName": "Kim"}}]}, {"reasons": {"items": [{"reasonName": "globalInteractionReason", "summary": "This spot is popular", "type": "general"}], "count": 0}, "venue": {"hereNow": {"groups": [], "summary": "Nobody here", "count": 0}, "contact": {"phone": "+6566047050", "formattedPhone": "+65 6604 7050"}, "photos": {"groups": [], "count": 0}, "rating": 7.7, "name": "OLA Cocina del Mar", "ratingSignals": 40, "allowMenuUrlEdit": true, "categories": [{"pluralName": "Spanish Restaurants", "id": "4bf58dd8d48988d150941735", "primary": true, "icon": {"prefix": "https://ss3.4sqi.net/img/categories_v2/food/spanish_", "suffix": ".png"}, "name": "Spanish Restaurant", "shortName": "Spanish"}], "stats": {"checkinsCount": 426, "usersCount": 282, "tipCount": 15}, "id": "50459ea2e4b0098497c0b478", "beenHere": {"lastCheckinExpiredAt": 0, "count": 0, "marked": false}, "url": "http://www.olarestaurant.sg", "ratingColor": "C5DE35", "location": {"lng": 103.85432780258174, "formattedAddress": ["#01-06 Marina Bay Financial Centre Tower 3 (12 Marina Boulevard)", "018982", "Singapore"], "postalCode": "018982", "lat": 1.2793598305036278, "crossStreet": "12 Marina Boulevard", "country": "Singapore", "distance": 367, "city": "Singapore", "cc": "SG", "address": "#01-06 Marina Bay Financial Centre Tower 3", "labeledLatLngs": [{"lng": 103.85432780258174, "label": "display", "lat": 1.2793598305036278}]}, "hours": {"isLocalHoliday": false, "isOpen": true, "status": "Open until 10:00 PM"}, "verified": false, "price": {"tier": 2, "currency": "$", "message": "Moderate"}}, "referralId": "e-3-50459ea2e4b0098497c0b478-4", "tips": [{"id": "54315615498e98ac3896770f", "text": "Peruvian food! :)", "disagreeCount": 0, "logView": true, "createdAt": 1412519445, "likes": {"groups": [], "summary": "1 like", "count": 1}, "todo": {"count": 0}, "agreeCount": 1, "canonicalUrl": "https://foursquare.com/item/54315615498e98ac3896770f", "type": "user", "user": {"gender": "male", "id": "10633661", "photo": {"prefix": "https://igx.4sqi.net/img/user/", "suffix": "/10633661-JC1SWCASWD3JY4LA.jpg"}, "firstName": "Gast\u00f3n", "lastName": "Soto Denegri"}}]}, {"reasons": {"items": [{"reasonName": "globalInteractionReason", "summary": "This spot is popular", "type": "general"}], "count": 0}, "venue": {"hereNow": {"groups": [], "summary": "Nobody here", "count": 0}, "contact": {"phone": "+6566361868", "formattedPhone": "+65 6636 1868"}, "photos": {"groups": [], "count": 0}, "rating": 8.2, "name": "Imperial Treasure Super Peking Duck Restaurant \u5fa1\u5bf6\u81f3\u5c0a\u70e4\u9d28\u5e97", "ratingSignals": 49, "allowMenuUrlEdit": true, "categories": [{"pluralName": "Chinese Restaurants", "id": "4bf58dd8d48988d145941735", "primary": true, "icon": {"prefix": "https://ss3.4sqi.net/img/categories_v2/food/asian_", "suffix": ".png"}, "name": "Chinese Restaurant", "shortName": "Chinese"}], "stats": {"checkinsCount": 1019, "usersCount": 628, "tipCount": 18}, "id": "4ebca9a7d3e38e6b0bcf6f1a", "beenHere": {"lastCheckinExpiredAt": 0, "count": 0, "marked": false}, "url": "http://www.imperialtreasure.com/en/super-peking-duck", "ratingColor": "73CF42", "location": {"lng": 103.85172904083905, "formattedAddress": ["#02-08/09/10, Asia Square Tower 1 (8 Marina View)", "018960", "Singapore"], "postalCode": "018960", "lat": 1.2794659785324556, "crossStreet": "8 Marina View", "country": "Singapore", "distance": 525, "city": "Singapore", "cc": "SG", "address": "#02-08/09/10, Asia Square Tower 1", "labeledLatLngs": [{"lng": 103.85172904083905, "label": "display", "lat": 1.2794659785324556}]}, "hours": {"isLocalHoliday": false, "isOpen": false}, "verified": false, "price": {"tier": 1, "currency": "$", "message": "Cheap"}}, "referralId": "e-3-4ebca9a7d3e38e6b0bcf6f1a-5", "tips": [{"id": "56e37b0b498e5c0ff8a8a1c2", "text": "Duck of course. Not as crowded as the Paragon branch.", "disagreeCount": 0, "createdAt": 1457748747, "logView": true, "todo": {"count": 0}, "agreeCount": 0, "canonicalUrl": "https://foursquare.com/item/56e37b0b498e5c0ff8a8a1c2", "type": "user", "user": {"gender": "male", "id": "4260040", "photo": {"prefix": "https://igx.4sqi.net/img/user/", "default": true, "suffix": "/blank_boy.png"}, "firstName": "Maynard", "lastName": "Tann"}}]}, {"reasons": {"items": [{"reasonName": "globalInteractionReason", "summary": "This spot is popular", "type": "general"}], "count": 0}, "venue": {"venuePage": {"id": "78163285"}, "hereNow": {"groups": [], "summary": "Nobody here", "count": 0}, "contact": {"twitter": "westinsingapore", "phone": "+6569226948", "formattedPhone": "+65 6922 6948"}, "photos": {"groups": [], "count": 0}, "rating": 8.0, "name": "Cook & Brew", "ratingSignals": 85, "allowMenuUrlEdit": true, "categories": [{"pluralName": "Gastropubs", "id": "4bf58dd8d48988d155941735", "primary": true, "icon": {"prefix": "https://ss3.4sqi.net/img/categories_v2/food/gastropub_", "suffix": ".png"}, "name": "Gastropub", "shortName": "Gastropub"}], "stats": {"checkinsCount": 906, "usersCount": 608, "tipCount": 20}, "id": "52846557498e8c24a9a4a789", "beenHere": {"lastCheckinExpiredAt": 0, "count": 0, "marked": false}, "url": "http://www.cookandbrewsingapore.com", "ratingColor": "73CF42", "location": {"lng": 103.85114022155146, "formattedAddress": ["The Westin Singapore (Asia Square Tower 2, 12 Marina View)", "018961", "Singapore"], "postalCode": "018961", "lat": 1.2779432149916377, "crossStreet": "Asia Square Tower 2, 12 Marina View", "country": "Singapore", "distance": 483, "city": "Singapore", "cc": "SG", "address": "The Westin Singapore", "labeledLatLngs": [{"lng": 103.85114022155146, "label": "display", "lat": 1.2779432149916377}]}, "hours": {"isLocalHoliday": false, "isOpen": true, "status": "Open until Midnight"}, "verified": true, "price": {"tier": 3, "currency": "$", "message": "Expensive"}, "storeId": ""}, "referralId": "e-3-52846557498e8c24a9a4a789-6", "tips": [{"logView": true, "photo": {"id": "529156b6498e55c3b03c6c6e", "visibility": "public", "source": {"name": "Foursquare for iOS", "url": "https://foursquare.com/download/#/iphone"}, "suffix": "/480675_YKtgdGBlTm11GPC6p1qQXcD0zpL3HXXk1Q-X3fIsU1o.jpg", "createdAt": 1385256630, "prefix": "https://igx.4sqi.net/img/general/", "width": 960, "height": 720}, "createdAt": 1385256627, "todo": {"count": 0}, "agreeCount": 3, "likes": {"groups": [], "summary": "3 likes", "count": 3}, "id": "529156b311d2feae0ae639d1", "text": "Great place to chill. Price are very reasonable!", "disagreeCount": 0, "user": {"gender": "male", "id": "480675", "photo": {"prefix": "https://igx.4sqi.net/img/user/", "suffix": "/480675-T3VJ4OZ0ZI4C4NFO.jpg"}, "firstName": "Darren", "lastName": "Ang"}, "canonicalUrl": "https://foursquare.com/item/529156b311d2feae0ae639d1", "type": "user", "photourl": "https://igx.4sqi.net/img/general/original/480675_YKtgdGBlTm11GPC6p1qQXcD0zpL3HXXk1Q-X3fIsU1o.jpg"}]}, {"reasons": {"items": [{"reasonName": "globalInteractionReason", "summary": "This spot is popular", "type": "general"}], "count": 0}, "venue": {"hereNow": {"groups": [], "summary": "Nobody here", "count": 0}, "contact": {}, "photos": {"groups": [], "count": 0}, "rating": 7.8, "name": "Wafuken", "ratingSignals": 18, "allowMenuUrlEdit": true, "categories": [{"pluralName": "Japanese Restaurants", "id": "4bf58dd8d48988d111941735", "primary": true, "icon": {"prefix": "https://ss3.4sqi.net/img/categories_v2/food/japanese_", "suffix": ".png"}, "name": "Japanese Restaurant", "shortName": "Japanese"}], "stats": {"checkinsCount": 200, "usersCount": 86, "tipCount": 5}, "id": "558b9629498e487f8690d0f5", "beenHere": {"lastCheckinExpiredAt": 0, "count": 0, "marked": false}, "ratingColor": "C5DE35", "location": {"lng": 103.85109492786576, "formattedAddress": ["Food Garden, Asia Square (12 Marina View)", "018961", "Singapore"], "postalCode": "018961", "lat": 1.278386932490604, "crossStreet": "12 Marina View", "country": "Singapore", "distance": 509, "city": "Singapore", "cc": "SG", "address": "Food Garden, Asia Square", "labeledLatLngs": [{"lng": 103.85109492786576, "label": "display", "lat": 1.278386932490604}]}, "verified": false, "price": {"tier": 2, "currency": "$", "message": "Moderate"}}, "referralId": "e-3-558b9629498e487f8690d0f5-7", "tips": [{"logView": true, "photo": {"id": "55a21a3d498e15c4a7dde036", "visibility": "public", "source": {"name": "Swarm for iOS", "url": "https://www.swarmapp.com"}, "suffix": "/129491502_s5UBNmf93Eqla9pr19xYCOojPZFvBtLxFmqRzptvNjI.jpg", "createdAt": 1436686909, "prefix": "https://igx.4sqi.net/img/general/", "width": 1440, "height": 1440}, "createdAt": 1436686909, "todo": {"count": 0}, "agreeCount": 1, "likes": {"groups": [], "summary": "1 like", "count": 1}, "id": "55a21a3d498e15c4a7dde037", "text": "Love their create your own meal and $9.90 is pretty good for CBD pricing. Chicken is tender and flavourful! Eating healthy ain't so tough afterall!", "disagreeCount": 0, "user": {"gender": "female", "id": "129491502", "photo": {"prefix": "https://igx.4sqi.net/img/user/", "suffix": "/129491502-JUY23AGYKIQJ1USY.jpg"}, "firstName": "Celine", "lastName": "Ong"}, "canonicalUrl": "https://foursquare.com/item/55a21a3d498e15c4a7dde037", "type": "user", "photourl": "https://igx.4sqi.net/img/general/original/129491502_s5UBNmf93Eqla9pr19xYCOojPZFvBtLxFmqRzptvNjI.jpg"}]}, {"reasons": {"items": [{"reasonName": "globalInteractionReason", "summary": "This spot is popular", "type": "general"}], "count": 0}, "venue": {"contact": {"phone": "+6562202138", "formattedPhone": "+65 6220 2138"}, "photos": {"groups": [], "count": 0}, "rating": 8.6, "name": "Lau Pa Sat Festival Market", "ratingSignals": 1329, "allowMenuUrlEdit": true, "categories": [{"pluralName": "Food Courts", "id": "4bf58dd8d48988d120951735", "primary": true, "icon": {"prefix": "https://ss3.4sqi.net/img/categories_v2/shops/food_foodcourt_", "suffix": ".png"}, "name": "Food Court", "shortName": "Food Court"}], "stats": {"checkinsCount": 50001, "usersCount": 23695, "tipCount": 383}, "id": "4b13fe99f964a520659b23e3", "beenHere": {"lastCheckinExpiredAt": 0, "count": 0, "marked": false}, "url": "http://www.laupasat.biz", "ratingColor": "73CF42", "location": {"lng": 103.85047780290162, "formattedAddress": ["18 Raffles Quay (1 Boon Tat St.)", "048582", "Singapore"], "lat": 1.2804981582828516, "crossStreet": "1 Boon Tat St.", "country": "Singapore", "distance": 705, "city": "Singapore", "cc": "SG", "address": "18 Raffles Quay", "postalCode": "048582"}, "hours": {"isLocalHoliday": false, "isOpen": true, "status": "Likely open"}, "verified": false, "hereNow": {"groups": [{"items": [], "name": "Other people here", "count": 3, "type": "others"}], "summary": "3 people are here", "count": 3}}, "referralId": "e-3-4b13fe99f964a520659b23e3-8", "tips": [{"id": "4b1e377570c603bbc04c8fb4", "text": "don't forget to bring your tissue packets to chope seats during lunch hours", "disagreeCount": 0, "logView": true, "createdAt": 1260271477, "likes": {"groups": [], "summary": "10 likes", "count": 10}, "todo": {"count": 3}, "agreeCount": 10, "canonicalUrl": "https://foursquare.com/item/4b1e377570c603bbc04c8fb4", "type": "user", "user": {"id": "147547", "photo": {"prefix": "https://igx.4sqi.net/img/user/", "suffix": "/5YYAM0TCZBHIKEGQ.gif"}, "firstName": "Kok Leong", "gender": "male"}}]}, {"reasons": {"items": [{"reasonName": "globalInteractionReason", "summary": "This spot is popular", "type": "general"}], "count": 0}, "venue": {"hereNow": {"groups": [], "summary": "Nobody here", "count": 0}, "contact": {"phone": "+6566369411", "formattedPhone": "+65 6636 9411"}, "photos": {"groups": [], "count": 0}, "rating": 8.1, "menu": {"mobileUrl": "http://www.angloindiancafebar.com/pdf/food.pdf", "externalUrl": "http://www.angloindiancafebar.com/pdf/food.pdf", "url": "http://www.angloindiancafebar.com/pdf/food.pdf", "anchor": "View Menu", "label": "Menu", "type": "Menu"}, "name": "Anglo Indian Cafe & Bar", "ratingSignals": 22, "allowMenuUrlEdit": true, "categories": [{"pluralName": "Indian Restaurants", "id": "4bf58dd8d48988d10f941735", "primary": true, "icon": {"prefix": "https://ss3.4sqi.net/img/categories_v2/food/indian_", "suffix": ".png"}, "name": "Indian Restaurant", "shortName": "Indian"}], "stats": {"checkinsCount": 294, "usersCount": 199, "tipCount": 9}, "id": "4fc8aecee4b08eb1f57a1a81", "beenHere": {"lastCheckinExpiredAt": 0, "count": 0, "marked": false}, "url": "http://www.angloindiancafebar.com", "ratingColor": "73CF42", "location": {"formattedAddress": ["1 Shenton Way", "068803", "Singapore"], "postalCode": "068803", "lat": 1.2790836483039665, "lng": 103.85012677894278, "distance": 642, "country": "Singapore", "cc": "SG", "address": "1 Shenton Way", "labeledLatLngs": [{"lng": 103.85012677894278, "label": "display", "lat": 1.2790836483039665}]}, "hours": {"isLocalHoliday": false, "isOpen": true, "status": "Likely open"}, "verified": false, "price": {"tier": 2, "currency": "$", "message": "Moderate"}}, "referralId": "e-3-4fc8aecee4b08eb1f57a1a81-9", "tips": [{"id": "56583b36498edbc721ae2afd", "text": "Great finger food and authentic mains. Can be quite warm especially when it is alfresco dining.", "disagreeCount": 0, "createdAt": 1448622902, "logView": true, "todo": {"count": 1}, "agreeCount": 0, "canonicalUrl": "https://foursquare.com/item/56583b36498edbc721ae2afd", "type": "user", "user": {"gender": "female", "id": "129491502", "photo": {"prefix": "https://igx.4sqi.net/img/user/", "suffix": "/129491502-JUY23AGYKIQJ1USY.jpg"}, "firstName": "Celine", "lastName": "Ong"}}]}, {"reasons": {"items": [{"reasonName": "globalInteractionReason", "summary": "This spot is popular", "type": "general"}], "count": 0}, "venue": {"venuePage": {"id": "90567952"}, "hereNow": {"groups": [{"items": [], "name": "Other people here", "count": 1, "type": "others"}], "summary": "One other person is here", "count": 1}, "contact": {"facebook": "108233279195722", "facebookUsername": "kinkibar", "facebookName": "kinki", "formattedPhone": "+65 6533 3471", "twitter": "kinkibar", "phone": "+6565333471"}, "photos": {"groups": [], "count": 0}, "rating": 8.3, "name": "Kinki Restaurant & Bar", "ratingSignals": 210, "allowMenuUrlEdit": true, "categories": [{"pluralName": "Japanese Restaurants", "id": "4bf58dd8d48988d111941735", "primary": true, "icon": {"prefix": "https://ss3.4sqi.net/img/categories_v2/food/japanese_", "suffix": ".png"}, "name": "Japanese Restaurant", "shortName": "Japanese"}], "stats": {"checkinsCount": 3693, "usersCount": 2246, "tipCount": 69}, "id": "4bb0956af964a520814d3ce3", "beenHere": {"lastCheckinExpiredAt": 0, "count": 0, "marked": false}, "url": "http://www.kinki.com.sg", "ratingColor": "73CF42", "location": {"lng": 103.85381523385149, "formattedAddress": ["#02-02, Customs House (70 Collyer Quay)", "049323", "Singapore"], "postalCode": "049323", "lat": 1.2825877681460378, "crossStreet": "70 Collyer Quay", "country": "Singapore", "distance": 730, "city": "Singapore", "cc": "SG", "address": "#02-02, Customs House", "labeledLatLngs": [{"lng": 103.85381523385149, "label": "display", "lat": 1.2825877681460378}]}, "hours": {"isLocalHoliday": false, "isOpen": true, "status": "Open until 10:30 PM"}, "verified": true, "price": {"tier": 2, "currency": "$", "message": "Moderate"}}, "referralId": "e-3-4bb0956af964a520814d3ce3-10", "tips": [{"id": "53e3154b498e6a2c73e89a40", "text": "This is likely one of the most overrated places in Singapore; mostly by expats. It's expensive and every piece of sushi has frozen crab meat filler.", "disagreeCount": 0, "logView": true, "createdAt": 1407391051, "likes": {"groups": [], "summary": "3 likes", "count": 3}, "todo": {"count": 0}, "agreeCount": 3, "canonicalUrl": "https://foursquare.com/item/53e3154b498e6a2c73e89a40", "type": "user", "user": {"gender": "male", "id": "711068", "photo": {"prefix": "https://igx.4sqi.net/img/user/", "suffix": "/-R0WFA3WK1UCIN5EV.jpg"}, "firstName": "Tyler", "lastName": "Mu\u00f1oz"}}]}, {"reasons": {"items": [{"reasonName": "globalInteractionReason", "summary": "This spot is popular", "type": "general"}], "count": 0}, "venue": {"hereNow": {"groups": [], "summary": "Nobody here", "count": 0}, "contact": {}, "photos": {"groups": [], "count": 0}, "rating": 7.5, "name": "Guzman Y Gomez", "ratingSignals": 60, "allowMenuUrlEdit": true, "categories": [{"pluralName": "Mexican Restaurants", "id": "4bf58dd8d48988d1c1941735", "primary": true, "icon": {"prefix": "https://ss3.4sqi.net/img/categories_v2/food/mexican_", "suffix": ".png"}, "name": "Mexican Restaurant", "shortName": "Mexican"}], "stats": {"checkinsCount": 871, "usersCount": 328, "tipCount": 23}, "id": "5263eea311d2eea389b80d32", "beenHere": {"lastCheckinExpiredAt": 0, "count": 0, "marked": false}, "url": "http://gyg.com.sg", "ratingColor": "C5DE35", "location": {"lng": 103.85123080896817, "formattedAddress": ["#02-11, Food Garden Asia Square Tower 2 (12 Marina View)", "018961", "Singapore"], "postalCode": "018961", "lat": 1.2785952849170918, "crossStreet": "12 Marina View", "country": "Singapore", "distance": 508, "city": "Singapore", "cc": "SG", "address": "#02-11, Food Garden Asia Square Tower 2", "labeledLatLngs": [{"lng": 103.85123080896817, "label": "display", "lat": 1.2785952849170918}]}, "hours": {"isLocalHoliday": false, "isOpen": false, "status": "Closed until 10:00 AM tomorrow"}, "verified": false, "price": {"tier": 1, "currency": "$", "message": "Cheap"}}, "referralId": "e-3-5263eea311d2eea389b80d32-11", "tips": [{"id": "5302f149498eb13ce1ede76e", "text": "Better than Baja Fresh and cheaper", "disagreeCount": 0, "logView": true, "createdAt": 1392701769, "likes": {"groups": [], "summary": "4 likes", "count": 4}, "todo": {"count": 0}, "agreeCount": 4, "canonicalUrl": "https://foursquare.com/item/5302f149498eb13ce1ede76e", "type": "user", "user": {"gender": "male", "id": "308951", "photo": {"prefix": "https://igx.4sqi.net/img/user/", "suffix": "/3UP0AI4WEWFBWG2M.jpg"}, "firstName": "Gabriel", "lastName": "Seah"}}]}, {"reasons": {"items": [{"reasonName": "globalInteractionReason", "summary": "This spot is popular", "type": "general"}], "count": 0}, "venue": {"hereNow": {"groups": [], "summary": "Nobody here", "count": 0}, "contact": {"twitter": "standingsushi", "phone": "+6566347068", "formattedPhone": "+65 6634 7068"}, "photos": {"groups": [], "count": 0}, "rating": 7.3, "name": "Standing Sushi Bar", "ratingSignals": 45, "allowMenuUrlEdit": true, "categories": [{"pluralName": "Sushi Restaurants", "id": "4bf58dd8d48988d1d2941735", "primary": true, "icon": {"prefix": "https://ss3.4sqi.net/img/categories_v2/food/sushi_", "suffix": ".png"}, "name": "Sushi Restaurant", "shortName": "Sushi"}], "stats": {"checkinsCount": 1225, "usersCount": 527, "tipCount": 14}, "id": "4cd01bd45845bfb7bfa5b10d", "beenHere": {"lastCheckinExpiredAt": 0, "count": 0, "marked": false}, "url": "http://www.standingsushibar.com", "ratingColor": "C5DE35", "location": {"lng": 103.85352382305466, "formattedAddress": ["#B2-51, Marina Bay Link Mall (8A Marina Boulevard)", "018984", "Singapore"], "postalCode": "018984", "lat": 1.2803612468921566, "crossStreet": "8A Marina Boulevard", "country": "Singapore", "distance": 500, "city": "Singapore", "cc": "SG", "address": "#B2-51, Marina Bay Link Mall", "labeledLatLngs": [{"lng": 103.85352382305466, "label": "display", "lat": 1.2803612468921566}]}, "hours": {"isLocalHoliday": false, "isOpen": true, "status": "Open until 9:00 PM"}, "verified": true, "price": {"tier": 2, "currency": "$", "message": "Moderate"}}, "referralId": "e-3-4cd01bd45845bfb7bfa5b10d-12", "tips": [{"id": "51597e6de4b0b579b4e0ad18", "text": "Fresh and cheap sashimi on Mon and Thu!", "disagreeCount": 0, "logView": true, "createdAt": 1364819565, "likes": {"groups": [], "summary": "2 likes", "count": 2}, "todo": {"count": 1}, "agreeCount": 2, "canonicalUrl": "https://foursquare.com/item/51597e6de4b0b579b4e0ad18", "type": "user", "user": {"gender": "male", "id": "5188604", "photo": {"prefix": "https://igx.4sqi.net/img/user/", "suffix": "/0AZRBV4KOAEWITKR.jpg"}, "firstName": "Chin Han", "lastName": "Tan"}}]}, {"reasons": {"items": [{"reasonName": "globalInteractionReason", "summary": "This spot is popular", "type": "general"}], "count": 0}, "venue": {"hereNow": {"groups": [], "summary": "Nobody here", "count": 0}, "contact": {}, "photos": {"groups": [], "count": 0}, "rating": 7.7, "name": "Thunder Tea Rice", "ratingSignals": 15, "allowMenuUrlEdit": true, "categories": [{"pluralName": "Chinese Restaurants", "id": "4bf58dd8d48988d145941735", "primary": true, "icon": {"prefix": "https://ss3.4sqi.net/img/categories_v2/food/asian_", "suffix": ".png"}, "name": "Chinese Restaurant", "shortName": "Chinese"}], "stats": {"checkinsCount": 407, "usersCount": 148, "tipCount": 8}, "id": "4c3e98640596c92878978478", "beenHere": {"lastCheckinExpiredAt": 0, "count": 0, "marked": false}, "url": "http://thundertearice.com.sg", "ratingColor": "C5DE35", "location": {"lng": 103.85058537494145, "formattedAddress": ["#01-12, Lau Pa Sat Festival Market (18 Raffles Quay)", "048582", "Singapore"], "postalCode": "048582", "lat": 1.2805235133727484, "crossStreet": "18 Raffles Quay", "country": "Singapore", "distance": 699, "city": "Singapore", "cc": "SG", "address": "#01-12, Lau Pa Sat Festival Market", "labeledLatLngs": [{"lng": 103.85058537494145, "label": "display", "lat": 1.2805235133727484}]}, "hours": {"isLocalHoliday": false, "isOpen": true, "status": "Likely open"}, "verified": false, "price": {"tier": 1, "currency": "$", "message": "Cheap"}}, "referralId": "e-3-4c3e98640596c92878978478-13", "tips": [{"id": "57985c81498ee1f5b12679b9", "text": "Have never paid this much for thunder tea rice \ud83d\udcb8\ud83d\udcb8\ud83d\udcb8\ud83d\udcb8\ud83d\udcb8", "disagreeCount": 0, "createdAt": 1469602945, "logView": true, "todo": {"count": 0}, "agreeCount": 0, "canonicalUrl": "https://foursquare.com/item/57985c81498ee1f5b12679b9", "type": "user", "user": {"id": "727343", "photo": {"prefix": "https://igx.4sqi.net/img/user/", "suffix": "/EVWQFM3AHWJSPXNO.jpg"}, "firstName": "Edd", "gender": "male"}}]}, {"reasons": {"items": [{"reasonName": "globalInteractionReason", "summary": "This spot is popular", "type": "general"}], "count": 0}, "venue": {"hereNow": {"groups": [], "summary": "Nobody here", "count": 0}, "contact": {"phone": "+6562475757", "formattedPhone": "+65 6247 5757"}, "photos": {"groups": [], "count": 0}, "rating": 7.2, "name": "Extra Virgin Pizza", "ratingSignals": 37, "allowMenuUrlEdit": true, "categories": [{"pluralName": "Pizza Places", "id": "4bf58dd8d48988d1ca941735", "primary": true, "icon": {"prefix": "https://ss3.4sqi.net/img/categories_v2/food/pizza_", "suffix": ".png"}, "name": "Pizza Place", "shortName": "Pizza"}], "stats": {"checkinsCount": 856, "usersCount": 471, "tipCount": 16}, "id": "4ecb2e5af5b90c1c330bc7ea", "beenHere": {"lastCheckinExpiredAt": 0, "count": 0, "marked": false}, "url": "http://www.extravirginpizza.com", "ratingColor": "C5DE35", "location": {"lng": 103.85179698169019, "formattedAddress": ["#01-04, Asia Square Tower 1 (8 Marina View)", "018960", "Singapore"], "postalCode": "018960", "lat": 1.2786668887726615, "crossStreet": "8 Marina View", "country": "Singapore", "distance": 461, "city": "Singapore", "cc": "SG", "address": "#01-04, Asia Square Tower 1", "labeledLatLngs": [{"lng": 103.85179698169019, "label": "display", "lat": 1.2786668887726615}]}, "hours": {"isLocalHoliday": false, "isOpen": true, "status": "Likely open"}, "verified": false, "price": {"tier": 1, "currency": "$", "message": "Cheap"}}, "referralId": "e-3-4ecb2e5af5b90c1c330bc7ea-14", "tips": [{"id": "4f41279fe4b0e5bc1319c34d", "text": "Try the spicy pepperoni pizza!", "disagreeCount": 0, "logView": true, "createdAt": 1329670047, "likes": {"groups": [], "summary": "1 like", "count": 1}, "todo": {"count": 1}, "agreeCount": 1, "canonicalUrl": "https://foursquare.com/item/4f41279fe4b0e5bc1319c34d", "type": "user", "user": {"gender": "male", "id": "713438", "photo": {"prefix": "https://igx.4sqi.net/img/user/", "suffix": "/O3RQPELRZN0N25GO.jpg"}, "firstName": "Adam", "lastName": "Click"}}]}, {"reasons": {"items": [{"reasonName": "globalInteractionReason", "summary": "This spot is popular", "type": "general"}], "count": 0}, "venue": {"hereNow": {"groups": [], "summary": "Nobody here", "count": 0}, "contact": {}, "photos": {"groups": [], "count": 0}, "rating": 7.0, "name": "The Sandwich Shop", "ratingSignals": 8, "allowMenuUrlEdit": true, "categories": [{"pluralName": "Sandwich Places", "id": "4bf58dd8d48988d1c5941735", "primary": true, "icon": {"prefix": "https://ss3.4sqi.net/img/categories_v2/food/deli_", "suffix": ".png"}, "name": "Sandwich Place", "shortName": "Sandwiches"}], "stats": {"checkinsCount": 132, "usersCount": 43, "tipCount": 0}, "id": "5575191a498e907e6fd40474", "beenHere": {"lastCheckinExpiredAt": 0, "count": 0, "marked": false}, "ratingColor": "C5DE35", "location": {"formattedAddress": ["Marina Bay Financial Centre Tower 3", "Singapore"], "lat": 1.2791898851249064, "lng": 103.85453729098559, "country": "Singapore", "distance": 343, "city": "Singapore", "cc": "SG", "address": "Marina Bay Financial Centre Tower 3", "labeledLatLngs": [{"lng": 103.85453729098559, "label": "display", "lat": 1.2791898851249064}]}, "hours": {"isLocalHoliday": false, "isOpen": false, "status": "Closed until 7:00 AM tomorrow"}, "verified": false, "price": {"tier": 1, "currency": "$", "message": "Cheap"}}, "referralId": "e-3-5575191a498e907e6fd40474-15"}, {"reasons": {"items": [{"reasonName": "globalInteractionReason", "summary": "This spot is popular", "type": "general"}], "count": 0}, "venue": {"hereNow": {"groups": [], "summary": "Nobody here", "count": 0}, "contact": {"facebook": "1395491127355394", "facebookUsername": "63Celsius", "facebookName": "63Celsius", "phone": "+6561006363", "formattedPhone": "+65 6100 6363"}, "photos": {"groups": [], "count": 0}, "rating": 7.1, "menu": {"mobileUrl": "http://63celsius.com/menu", "externalUrl": "http://63celsius.com/menu", "url": "http://63celsius.com/menu", "anchor": "View Menu", "label": "Menu", "type": "Menu"}, "name": "63 Celsius", "ratingSignals": 41, "allowMenuUrlEdit": true, "categories": [{"pluralName": "Gastropubs", "id": "4bf58dd8d48988d155941735", "primary": true, "icon": {"prefix": "https://ss3.4sqi.net/img/categories_v2/food/gastropub_", "suffix": ".png"}, "name": "Gastropub", "shortName": "Gastropub"}], "stats": {"checkinsCount": 623, "usersCount": 261, "tipCount": 10}, "id": "52a0159f11d2b5f429addd63", "beenHere": {"lastCheckinExpiredAt": 0, "count": 0, "marked": false}, "url": "http://63celsius.com", "ratingColor": "C5DE35", "location": {"lng": 103.85158183577803, "formattedAddress": ["#01-03, Asia Square Tower 2 (12 Marina View)", "018961", "Singapore"], "postalCode": "018961", "lat": 1.2784170136447572, "crossStreet": "12 Marina View", "country": "Singapore", "distance": 465, "city": "Singapore", "cc": "SG", "address": "#01-03, Asia Square Tower 2", "labeledLatLngs": [{"lng": 103.85158183577803, "label": "display", "lat": 1.2784170136447572}]}, "hours": {"isLocalHoliday": false, "isOpen": true, "status": "Open until 11:00 PM"}, "verified": false, "price": {"tier": 3, "currency": "$", "message": "Expensive"}}, "referralId": "e-3-52a0159f11d2b5f429addd63-16", "tips": [{"id": "55ddc358498e1ae11536a191", "text": "Get their 1-for-1 happy hour for best deal in the AST area - strictly ends at 6pm", "disagreeCount": 0, "logView": true, "createdAt": 1440596824, "likes": {"groups": [], "summary": "1 like", "count": 1}, "todo": {"count": 0}, "agreeCount": 1, "canonicalUrl": "https://foursquare.com/item/55ddc358498e1ae11536a191", "type": "user", "user": {"gender": "female", "id": "78067164", "photo": {"prefix": "https://igx.4sqi.net/img/user/", "suffix": "/78067164-IMWDH0V31H3V0N2N.jpg"}, "firstName": "Mag", "lastName": "TY"}}]}, {"reasons": {"items": [{"reasonName": "globalInteractionReason", "summary": "This spot is popular", "type": "general"}], "count": 0}, "venue": {"hereNow": {"groups": [], "summary": "Nobody here", "count": 0}, "contact": {"phone": "+6566344250", "formattedPhone": "+65 6634 4250"}, "photos": {"groups": [], "count": 0}, "rating": 7.2, "name": "The Soup Spoon", "ratingSignals": 24, "allowMenuUrlEdit": true, "categories": [{"pluralName": "Soup Places", "id": "4bf58dd8d48988d1dd931735", "primary": true, "icon": {"prefix": "https://ss3.4sqi.net/img/categories_v2/food/soup_", "suffix": ".png"}, "name": "Soup Place", "shortName": "Soup"}], "stats": {"checkinsCount": 1225, "usersCount": 537, "tipCount": 11}, "id": "4cd2437702c9a1438f7ce513", "beenHere": {"lastCheckinExpiredAt": 0, "count": 0, "marked": false}, "ratingColor": "C5DE35", "location": {"formattedAddress": ["#B2-41/42/43 Marina Bay Financial Centre", "Singapore"], "lat": 1.2804465886633083, "lng": 103.85407301982276, "country": "Singapore", "distance": 491, "city": "Singapore", "cc": "SG", "address": "#B2-41/42/43 Marina Bay Financial Centre", "labeledLatLngs": [{"lng": 103.85407301982276, "label": "display", "lat": 1.2804465886633083}]}, "hours": {"isLocalHoliday": false, "isOpen": true, "status": "Open until 9:00 PM"}, "verified": false, "price": {"tier": 1, "currency": "$", "message": "Cheap"}}, "referralId": "e-3-4cd2437702c9a1438f7ce513-17", "tips": [{"id": "501a14b4e4b06b15b339e076", "text": "Fantastic beef straganoff :)", "disagreeCount": 0, "logView": true, "createdAt": 1343886516, "likes": {"groups": [], "summary": "2 likes", "count": 2}, "todo": {"count": 0}, "agreeCount": 2, "canonicalUrl": "https://foursquare.com/item/501a14b4e4b06b15b339e076", "type": "user", "user": {"gender": "female", "id": "9456338", "photo": {"prefix": "https://igx.4sqi.net/img/user/", "suffix": "/401UM5KVSXRGCZQN.jpg"}, "firstName": "Lalena", "lastName": "Said"}}]}, {"reasons": {"items": [{"reasonName": "globalInteractionReason", "summary": "This spot is popular", "type": "general"}], "count": 0}, "venue": {"hereNow": {"groups": [], "summary": "Nobody here", "count": 0}, "contact": {"phone": "+6566046885", "formattedPhone": "+65 6604 6885"}, "photos": {"groups": [], "count": 0}, "rating": 6.9, "name": "The Rotisserie", "ratingSignals": 33, "allowMenuUrlEdit": true, "categories": [{"pluralName": "Caf\u00e9s", "id": "4bf58dd8d48988d16d941735", "primary": true, "icon": {"prefix": "https://ss3.4sqi.net/img/categories_v2/food/cafe_", "suffix": ".png"}, "name": "Caf\u00e9", "shortName": "Caf\u00e9"}], "stats": {"checkinsCount": 811, "usersCount": 262, "tipCount": 11}, "id": "5008ab68e4b0b96fdab8ad8e", "beenHere": {"lastCheckinExpiredAt": 0, "count": 0, "marked": false}, "ratingColor": "FFC800", "location": {"lng": 103.85436177365233, "formattedAddress": ["12 Marina Boulavard (#02-06)", "Singapore"], "lat": 1.2793856218418052, "crossStreet": "#02-06", "country": "Singapore", "distance": 369, "city": "Singapore", "cc": "SG", "address": "12 Marina Boulavard", "labeledLatLngs": [{"lng": 103.85436177365233, "label": "display", "lat": 1.2793856218418052}]}, "hours": {"isLocalHoliday": false, "isOpen": false}, "verified": false, "price": {"tier": 1, "currency": "$", "message": "Cheap"}}, "referralId": "e-3-5008ab68e4b0b96fdab8ad8e-18", "tips": [{"id": "5042c6dee4b06a01bac0bc35", "text": "They serve the best roasted chicken in mouthwatering gravy sauce. One highly recommended menu to try.", "disagreeCount": 0, "logView": true, "createdAt": 1346553566, "likes": {"groups": [], "summary": "4 likes", "count": 4}, "todo": {"count": 0}, "agreeCount": 4, "canonicalUrl": "https://foursquare.com/item/5042c6dee4b06a01bac0bc35", "type": "user", "user": {"gender": "female", "id": "13127848", "photo": {"prefix": "https://igx.4sqi.net/img/user/", "suffix": "/13127848-SMUFN3N3PT2ECV1V.jpg"}, "firstName": "Indira", "lastName": "Christiani"}}]}, {"reasons": {"items": [{"reasonName": "globalInteractionReason", "summary": "This spot is popular", "type": "general"}], "count": 0}, "venue": {"hereNow": {"groups": [], "summary": "Nobody here", "count": 0}, "contact": {}, "photos": {"groups": [], "count": 0}, "rating": 7.1, "name": "Astons Express", "ratingSignals": 10, "allowMenuUrlEdit": true, "categories": [{"pluralName": "American Restaurants", "id": "4bf58dd8d48988d14e941735", "primary": true, "icon": {"prefix": "https://ss3.4sqi.net/img/categories_v2/food/default_", "suffix": ".png"}, "name": "American Restaurant", "shortName": "American"}], "stats": {"checkinsCount": 446, "usersCount": 209, "tipCount": 3}, "id": "4e9faa1d61af1289b7cab942", "beenHere": {"lastCheckinExpiredAt": 0, "count": 0, "marked": false}, "ratingColor": "C5DE35", "location": {"lng": 103.85137235192761, "formattedAddress": ["#02-15 Asia Square Tower 1 Food Garden (8 Marina View)", "018960", "Singapore"], "postalCode": "018960", "lat": 1.2787697669800326, "crossStreet": "8 Marina View", "country": "Singapore", "distance": 506, "city": "Singapore", "cc": "SG", "address": "#02-15 Asia Square Tower 1 Food Garden", "labeledLatLngs": [{"lng": 103.85137235192761, "label": "display", "lat": 1.2787697669800326}]}, "hours": {"isLocalHoliday": false, "isOpen": true, "status": "Likely open"}, "verified": false, "price": {"tier": 2, "currency": "$", "message": "Moderate"}}, "referralId": "e-3-4e9faa1d61af1289b7cab942-19", "tips": [{"id": "50349297e4b098e3f97c7fd6", "text": "Mashed potatoes are ok but the sauce on it is not so good", "disagreeCount": 0, "createdAt": 1345622679, "logView": true, "todo": {"count": 0}, "agreeCount": 0, "canonicalUrl": "https://foursquare.com/item/50349297e4b098e3f97c7fd6", "type": "user", "user": {"gender": "male", "id": "32142958", "photo": {"prefix": "https://igx.4sqi.net/img/user/", "suffix": "/SI1EJ2JHKWQVVRFF.jpg"}, "firstName": "Thierry", "lastName": "Moreau"}}]}, {"reasons": {"items": [{"reasonName": "globalInteractionReason", "summary": "This spot is popular", "type": "general"}], "count": 0}, "venue": {"hereNow": {"groups": [], "summary": "Nobody here", "count": 0}, "contact": {"instagram": "gordonramsayrestaurants", "facebookUsername": "GordonRamsayRestaurants", "facebookName": "Gordon Ramsay Restaurants", "facebook": "835435889811464", "twitter": "gordonramsaygrp", "formattedPhone": "+65 6688 5665", "phone": "+6566885665"}, "photos": {"groups": [], "count": 0}, "rating": 7.6, "name": "Bread Street Kitchen", "ratingSignals": 225, "allowMenuUrlEdit": true, "categories": [{"pluralName": "Restaurants", "id": "4bf58dd8d48988d1c4941735", "primary": true, "icon": {"prefix": "https://ss3.4sqi.net/img/categories_v2/food/default_", "suffix": ".png"}, "name": "Restaurant", "shortName": "Restaurant"}], "stats": {"checkinsCount": 2064, "usersCount": 1622, "tipCount": 55}, "id": "54f99867498e08315e7d686d", "beenHere": {"lastCheckinExpiredAt": 0, "count": 0, "marked": false}, "url": "https://www.gordonramsayrestaurants.com/bread-street-kitchen-singapore", "ratingColor": "C5DE35", "location": {"lng": 103.85754943019366, "formattedAddress": ["L1-81 The Shoppes at Marina Bay Sands (2 Bayfront Avenue)", "018956", "Singapore"], "postalCode": "018956", "lat": 1.2826046987468895, "crossStreet": "2 Bayfront Avenue", "country": "Singapore", "distance": 768, "city": "Singapore", "cc": "SG", "address": "L1-81 The Shoppes at Marina Bay Sands", "labeledLatLngs": [{"lng": 103.85754943019366, "label": "display", "lat": 1.2826046987468895}]}, "hours": {"isLocalHoliday": false, "isOpen": true, "status": "Likely open"}, "verified": false, "price": {"tier": 3, "currency": "$", "message": "Expensive"}}, "referralId": "e-3-54f99867498e08315e7d686d-20", "tips": [{"logView": true, "photo": {"id": "560b08ad498e905792c31e26", "visibility": "public", "source": {"name": "Foursquare Web", "url": "https://foursquare.com"}, "suffix": "/114503071_EOMNMa5T6N1lO0OXk1kfbdanObNHvHuqUCn6W1LcH7U.jpg", "createdAt": 1443563693, "prefix": "https://igx.4sqi.net/img/general/", "width": 336, "height": 298}, "createdAt": 1443563692, "todo": {"count": 0}, "agreeCount": 5, "likes": {"groups": [], "summary": "5 likes", "count": 5}, "id": "560b08ac498ee087b320334c", "text": "\u041c\u0435\u043d\u044e \u043d\u0435\u0431\u043e\u043b\u044c\u0448\u043e\u0435 \u0438 \u043d\u0435 \u043e\u0447\u0435\u043d\u044c \u043f\u043e\u043d\u044f\u0442\u043d\u043e\u0435, \u043e\u0441\u043e\u0431\u0435\u043d\u043d\u043e \u0435\u0441\u043b\u0438 \u0443\u0447\u0435\u0441\u0442\u044c, \u0447\u0442\u043e \u043e\u0442 \u043f\u0435\u0440\u0441\u043e\u043d\u0430\u043b\u0430 \u0436\u0434\u0430\u0442\u044c \u043f\u043e\u043c\u043e\u0449\u0438 \u043d\u0435 \u043f\u0440\u0438\u0445\u043e\u0434\u0438\u0442\u0441\u044f. \u0427\u0442\u043e \u0436 \u0434\u043e \u0435\u0434\u044b, \u0442\u043e \u043e\u043d\u0430 \u043d\u0430 \u0442\u0440\u043e\u0439\u043a\u0443. \u0416\u0430\u043b\u043a\u043e, \u043d\u043e \u0438 \u0443 \u043c\u044d\u0442\u0440\u043e\u0432 \u0433\u0430\u0441\u0442\u0440\u043e\u043d\u043e\u043c\u0438\u0438 \u0431\u044b\u0432\u0430\u044e\u0442 \u043f\u0440\u043e\u043c\u0430\u0445\u0438.", "disagreeCount": 0, "url": "http://www.moscow-restaurants.ru/restaurants/bread_street_kitchen.html", "user": {"id": "114503071", "photo": {"prefix": "https://igx.4sqi.net/img/user/", "suffix": "/114503071-NUBIDW5E0POIZT4I.jpg"}, "firstName": "\u041c\u0438\u0445\u0430\u0438\u043b \u041a\u043e\u0441\u0442\u0438\u043d", "type": "page", "gender": "none"}, "canonicalUrl": "https://foursquare.com/item/560b08ac498ee087b320334c", "type": "user", "photourl": "https://igx.4sqi.net/img/general/original/114503071_EOMNMa5T6N1lO0OXk1kfbdanObNHvHuqUCn6W1LcH7U.jpg"}]}, {"reasons": {"items": [{"reasonName": "globalInteractionReason", "summary": "This spot is popular", "type": "general"}], "count": 0}, "venue": {"hereNow": {"groups": [], "summary": "Nobody here", "count": 0}, "contact": {"facebook": "1686896928221721", "facebookUsername": "MellowerCoffeeSG", "facebookName": "Mellower Coffee Singapore", "phone": "+6565322436", "formattedPhone": "+65 6532 2436"}, "photos": {"groups": [], "count": 0}, "rating": 7.6, "name": "Mellower Coffee", "ratingSignals": 40, "allowMenuUrlEdit": true, "categories": [{"pluralName": "Caf\u00e9s", "id": "4bf58dd8d48988d16d941735", "primary": true, "icon": {"prefix": "https://ss3.4sqi.net/img/categories_v2/food/cafe_", "suffix": ".png"}, "name": "Caf\u00e9", "shortName": "Caf\u00e9"}], "stats": {"checkinsCount": 310, "usersCount": 159, "tipCount": 12}, "id": "56ecb93dcd101850ebc08dc5", "beenHere": {"lastCheckinExpiredAt": 0, "count": 0, "marked": false}, "ratingColor": "C5DE35", "location": {"formattedAddress": ["77 Robinson Road #01-03", "068896", "Singapore"], "postalCode": "068896", "lat": 1.2776084224634436, "lng": 103.84814520908354, "country": "Singapore", "distance": 790, "city": "Singapore", "cc": "SG", "address": "77 Robinson Road #01-03", "labeledLatLngs": [{"lng": 103.84814520908354, "label": "display", "lat": 1.2776084224634436}]}, "hours": {"isLocalHoliday": false, "isOpen": false, "status": "Closed until 8:00 AM tomorrow"}, "verified": false, "price": {"tier": 1, "currency": "$", "message": "Cheap"}}, "referralId": "e-3-56ecb93dcd101850ebc08dc5-21", "tips": [{"id": "588079d6375c4a373db555d6", "text": "WiFi pass: \"ilovemellower\"", "disagreeCount": 0, "createdAt": 1484814806, "logView": true, "todo": {"count": 0}, "agreeCount": 0, "canonicalUrl": "https://foursquare.com/item/588079d6375c4a373db555d6", "type": "user", "user": {"gender": "male", "id": "2292147", "photo": {"prefix": "https://igx.4sqi.net/img/user/", "suffix": "/2292147-NOYGE4KSHE0SBYRT"}, "firstName": "\u041c\u0438\u0445\u0430\u0438\u043b \u0410\u043b\u0435\u043a\u0441\u0430\u043d\u0434\u0440\u043e\u0432\u0438\u0447", "lastName": "\u0411\u0430\u043a\u0443\u043d\u0438\u043d"}}]}, {"reasons": {"items": [{"reasonName": "globalInteractionReason", "summary": "This spot is popular", "type": "general"}], "count": 0}, "venue": {"hereNow": {"groups": [], "summary": "Nobody here", "count": 0}, "contact": {}, "photos": {"groups": [], "count": 0}, "rating": 7.0, "name": "Paradise Pavilion", "ratingSignals": 50, "allowMenuUrlEdit": true, "categories": [{"pluralName": "Chinese Restaurants", "id": "4bf58dd8d48988d145941735", "primary": true, "icon": {"prefix": "https://ss3.4sqi.net/img/categories_v2/food/asian_", "suffix": ".png"}, "name": "Chinese Restaurant", "shortName": "Chinese"}], "stats": {"checkinsCount": 1560, "usersCount": 949, "tipCount": 37}, "id": "4cdb7c25d5495481b18c3cb2", "beenHere": {"lastCheckinExpiredAt": 0, "count": 0, "marked": false}, "url": "https://www.paradisegroup.com.sg/category/paradise-pavilion/", "ratingColor": "C5DE35", "location": {"formattedAddress": ["#02-01/02, Marina Bay Link Mall, Ground Plaza", "Singapore"], "lat": 1.2800457026880439, "lng": 103.85430515520606, "country": "Singapore", "distance": 442, "city": "Singapore", "cc": "SG", "address": "#02-01/02, Marina Bay Link Mall, Ground Plaza", "labeledLatLngs": [{"lng": 103.85430515520606, "label": "display", "lat": 1.2800457026880439}]}, "hours": {"isLocalHoliday": false, "isOpen": true, "status": "Likely open"}, "verified": false, "price": {"tier": 1, "currency": "$", "message": "Cheap"}}, "referralId": "e-3-4cdb7c25d5495481b18c3cb2-22", "tips": [{"logView": true, "createdAt": 1309343668, "agreeCount": 3, "likes": {"groups": [], "summary": "9 likes", "count": 9}, "id": "4e0affb4813063752f5b7713", "text": "Chef Zheng Jing Chun (of Quan Ju De, a top Peking duck place in China) serves up a mean crispy-skinned bird. For the adventurous: newfangled dim sum creations like buns with duck, bacon and pineapple.", "type": "user", "url": "http://www.timeoutsingapore.com/restaurants/chinese/paradise-pavilion", "user": {"id": "8600365", "photo": {"prefix": "https://igx.4sqi.net/img/user/", "suffix": "/QUK2HJNZBYJPUI43.jpg"}, "firstName": "Time Out Singapore", "type": "page", "gender": "none"}, "canonicalUrl": "https://foursquare.com/item/4e0affb4813063752f5b7713", "todo": {"count": 0}, "disagreeCount": 0}]}, {"reasons": {"items": [{"reasonName": "globalInteractionReason", "summary": "This spot is popular", "type": "general"}], "count": 0}, "venue": {"hereNow": {"groups": [], "summary": "Nobody here", "count": 0}, "contact": {"phone": "+6565350277", "formattedPhone": "+65 6535 0277"}, "photos": {"groups": [], "count": 0}, "rating": 7.0, "name": "Wheat Baumkuchen", "ratingSignals": 15, "allowMenuUrlEdit": true, "categories": [{"pluralName": "Japanese Restaurants", "id": "4bf58dd8d48988d111941735", "primary": true, "icon": {"prefix": "https://ss3.4sqi.net/img/categories_v2/food/japanese_", "suffix": ".png"}, "name": "Japanese Restaurant", "shortName": "Japanese"}], "stats": {"checkinsCount": 605, "usersCount": 206, "tipCount": 13}, "id": "4f3356fee4b06627772f0dca", "beenHere": {"lastCheckinExpiredAt": 0, "count": 0, "marked": false}, "url": "http://www.wheatbaumkuchen.com", "ratingColor": "C5DE35", "location": {"lng": 103.85141764570575, "formattedAddress": ["#02-02 Asia Square Tower 1 Food Garden (8 Marina View)", "018960", "Singapore"], "postalCode": "018960", "lat": 1.2784527221021427, "crossStreet": "8 Marina View", "country": "Singapore", "distance": 482, "city": "Singapore", "cc": "SG", "address": "#02-02 Asia Square Tower 1 Food Garden", "labeledLatLngs": [{"lng": 103.85141764570575, "label": "display", "lat": 1.2784527221021427}]}, "hours": {"isLocalHoliday": false, "isOpen": false}, "verified": false, "price": {"tier": 2, "currency": "$", "message": "Moderate"}}, "referralId": "e-3-4f3356fee4b06627772f0dca-23", "tips": [{"id": "55f6a519498ec2aae5732203", "text": "Very efficient system, you don't have to wait too long to order and collect food at lunchtime. Hearty portions.", "disagreeCount": 0, "createdAt": 1442227481, "logView": true, "todo": {"count": 0}, "agreeCount": 0, "canonicalUrl": "https://foursquare.com/item/55f6a519498ec2aae5732203", "type": "user", "user": {"gender": "female", "id": "261779", "photo": {"prefix": "https://igx.4sqi.net/img/user/", "suffix": "/261779_42P9RXDn_kszHnn2769y0o3BJDWkaM5ougBte7Jc0lg8xk7IQoAlC5YVB4m0kVhjySgJKHtiZ.jpg"}, "firstName": "Si\u00e2n", "lastName": "Ng"}}]}, {"reasons": {"items": [{"reasonName": "globalInteractionReason", "summary": "This spot is popular", "type": "general"}], "count": 0}, "venue": {"hereNow": {"groups": [], "summary": "Nobody here", "count": 0}, "contact": {"phone": "+6568449969", "formattedPhone": "+65 6844 9969"}, "photos": {"groups": [], "count": 0}, "rating": 7.0, "name": "Tao Seafood Asia", "ratingSignals": 8, "allowMenuUrlEdit": true, "categories": [{"pluralName": "Chinese Restaurants", "id": "4bf58dd8d48988d145941735", "primary": true, "icon": {"prefix": "https://ss3.4sqi.net/img/categories_v2/food/asian_", "suffix": ".png"}, "name": "Chinese Restaurant", "shortName": "Chinese"}], "stats": {"checkinsCount": 151, "usersCount": 109, "tipCount": 5}, "id": "52c16fb3498e747963cf6a57", "beenHere": {"lastCheckinExpiredAt": 0, "count": 0, "marked": false}, "ratingColor": "C5DE35", "location": {"formattedAddress": ["12 Marina View, Asia Square Tower 2, #02-10", "018961", "Singapore"], "postalCode": "018961", "lat": 1.2784279569992258, "lng": 103.85087412136404, "country": "Singapore", "distance": 533, "city": "Singapore", "cc": "SG", "address": "12 Marina View, Asia Square Tower 2, #02-10", "labeledLatLngs": [{"lng": 103.85087412136404, "label": "display", "lat": 1.2784279569992258}]}, "hours": {"isLocalHoliday": false, "isOpen": true, "status": "Open until 10:00 PM"}, "verified": false, "price": {"tier": 1, "currency": "$", "message": "Cheap"}}, "referralId": "e-3-52c16fb3498e747963cf6a57-24", "tips": [{"logView": true, "photo": {"id": "56094e08498e95f18614fd4c", "visibility": "public", "source": {"name": "Foursquare Web", "url": "https://foursquare.com"}, "suffix": "/114503071_2E5aPXCfFOw3VS9vOsoPcsOZN72Iq-6pcfeeq3KYe20.jpg", "createdAt": 1443450376, "prefix": "https://igx.4sqi.net/img/general/", "width": 336, "height": 298}, "createdAt": 1443449594, "todo": {"count": 1}, "agreeCount": 5, "likes": {"groups": [], "summary": "5 likes", "count": 5}, "id": "56094afa498e13266a9e0779", "text": "\u0417\u0434\u0435\u0441\u044c \u043c\u043e\u0436\u043d\u043e \u043f\u043e\u043f\u0440\u043e\u0431\u043e\u0432\u0430\u0442\u044c \u0430\u043a\u0443\u043b\u044c\u0438 \u043f\u043b\u0430\u0432\u043d\u0438\u043a\u0438, \u043c\u043e\u0440\u0441\u043a\u0438\u0435 \u0443\u0448\u043a\u0438 \u0438 \u0432\u043e\u0437\u0434\u0443\u0448\u043d\u044b\u0435 \u0440\u044b\u0431\u044c\u0438 \u043f\u0443\u0437\u044b\u0440\u0438. \u0422\u0430\u043a \u0436\u0435 \u0442\u0430\u043c \u0433\u043e\u0442\u043e\u0432\u044f\u0442 \u043e\u0442\u043c\u0435\u043d\u043d\u044b\u0439 \u0436\u0430\u0440\u0435\u043d\u043d\u044b\u0439 \u0440\u0438\u0441, \u0445\u043e\u0440\u043e\u0448\u0435\u0433\u043e \u043a\u0440\u0430\u0431\u0430, \u0438 \u0432\u043a\u0443\u0441\u043d\u044b\u0435 \u043a\u0440\u0435\u0432\u0435\u0442\u043a\u0438 \u043f\u043e \u0443\u043c\u0435\u0440\u0435\u043d\u043d\u044b\u043c \u0434\u043b\u044f \u0421\u0438\u043d\u0433\u0430\u043f\u0443\u0440\u0430 \u0446\u0435\u043d\u0430\u043c.", "disagreeCount": 0, "url": "http://www.moscow-restaurants.ru/restaurants/tao_seafood_asia.html", "user": {"id": "114503071", "photo": {"prefix": "https://igx.4sqi.net/img/user/", "suffix": "/114503071-NUBIDW5E0POIZT4I.jpg"}, "firstName": "\u041c\u0438\u0445\u0430\u0438\u043b \u041a\u043e\u0441\u0442\u0438\u043d", "type": "page", "gender": "none"}, "canonicalUrl": "https://foursquare.com/item/56094afa498e13266a9e0779", "type": "user", "photourl": "https://igx.4sqi.net/img/general/original/114503071_2E5aPXCfFOw3VS9vOsoPcsOZN72Iq-6pcfeeq3KYe20.jpg"}]}, {"reasons": {"items": [{"reasonName": "globalInteractionReason", "summary": "This spot is popular", "type": "general"}], "count": 0}, "venue": {"venuePage": {"id": "77951136"}, "hereNow": {"groups": [], "summary": "Nobody here", "count": 0}, "contact": {}, "photos": {"groups": [], "count": 0}, "rating": 6.9, "name": "Tatsu", "ratingSignals": 9, "allowMenuUrlEdit": true, "categories": [{"pluralName": "Japanese Restaurants", "id": "4bf58dd8d48988d111941735", "primary": true, "icon": {"prefix": "https://ss3.4sqi.net/img/categories_v2/food/japanese_", "suffix": ".png"}, "name": "Japanese Restaurant", "shortName": "Japanese"}], "stats": {"checkinsCount": 201, "usersCount": 147, "tipCount": 3}, "id": "52a2a9e911d2bf98d9d16759", "beenHere": {"lastCheckinExpiredAt": 0, "count": 0, "marked": false}, "ratingColor": "FFC800", "location": {"lng": 103.85140066053718, "formattedAddress": ["#02-16, Asia Square (12 Marina View)", "018961", "Singapore"], "postalCode": "018961", "lat": 1.2784477486263348, "crossStreet": "12 Marina View", "country": "Singapore", "distance": 484, "city": "Singapore", "cc": "SG", "address": "#02-16, Asia Square", "labeledLatLngs": [{"lng": 103.85140066053718, "label": "display", "lat": 1.2784477486263348}]}, "verified": true, "price": {"tier": 2, "currency": "$", "message": "Moderate"}}, "referralId": "e-3-52a2a9e911d2bf98d9d16759-25", "tips": [{"id": "5720b528498e09d43d13ea7b", "text": "The chef's selection of sashimi was mind blowing!", "disagreeCount": 0, "logView": true, "createdAt": 1461761320, "likes": {"groups": [], "summary": "1 like", "count": 1}, "todo": {"count": 0}, "agreeCount": 0, "canonicalUrl": "https://foursquare.com/item/5720b528498e09d43d13ea7b", "type": "user", "user": {"gender": "male", "id": "2759992", "photo": {"prefix": "https://igx.4sqi.net/img/user/", "default": true, "suffix": "/blank_boy.png"}, "firstName": "Suren Haris", "lastName": "Anwar"}}]}, {"reasons": {"items": [{"reasonName": "globalInteractionReason", "summary": "This spot is popular", "type": "general"}], "count": 0}, "venue": {"hereNow": {"groups": [], "summary": "Nobody here", "count": 0}, "contact": {"phone": "+6566887395", "formattedPhone": "+65 6688 7395"}, "photos": {"groups": [], "count": 0}, "rating": 7.4, "name": "Punjab Grill by Jiggs Kalra", "ratingSignals": 37, "allowMenuUrlEdit": true, "categories": [{"pluralName": "Indian Restaurants", "id": "4bf58dd8d48988d10f941735", "primary": true, "icon": {"prefix": "https://ss3.4sqi.net/img/categories_v2/food/indian_", "suffix": ".png"}, "name": "Indian Restaurant", "shortName": "Indian"}], "stats": {"checkinsCount": 580, "usersCount": 447, "tipCount": 15}, "id": "4e095e09aeb74c39911c767c", "beenHere": {"lastCheckinExpiredAt": 0, "count": 0, "marked": false}, "ratingColor": "C5DE35", "location": {"lng": 103.85761171197127, "formattedAddress": ["B1-01A, The Shoppes at Marina Bay Sands (2 Bayfront Ave.)", "018972", "Singapore"], "postalCode": "018972", "lat": 1.2826664089013136, "crossStreet": "2 Bayfront Ave.", "country": "Singapore", "distance": 777, "city": "Singapore", "cc": "SG", "address": "B1-01A, The Shoppes at Marina Bay Sands", "labeledLatLngs": [{"lng": 103.85761171197127, "label": "display", "lat": 1.2826664089013136}]}, "hours": {"isLocalHoliday": false, "isOpen": true, "status": "Likely open"}, "verified": false, "price": {"tier": 2, "currency": "$", "message": "Moderate"}}, "referralId": "e-3-4e095e09aeb74c39911c767c-26", "tips": [{"logView": true, "createdAt": 1313554559, "agreeCount": 2, "likes": {"groups": [], "summary": "2 likes", "count": 2}, "id": "4e4b407f922ef82562171249", "text": "SG\u2019s only branch of the Indian food celeb's string of fine-dining establishments. Try the tandoori lobster, dahi ke kebab and the signature paan (betel leaves, fresh cream and sugar) shot.", "type": "user", "url": "http://www.timeoutsingapore.com/restaurants/indian/punjab-grill-by-jiggs-kalra", "user": {"id": "8600365", "photo": {"prefix": "https://igx.4sqi.net/img/user/", "suffix": "/QUK2HJNZBYJPUI43.jpg"}, "firstName": "Time Out Singapore", "type": "page", "gender": "none"}, "canonicalUrl": "https://foursquare.com/item/4e4b407f922ef82562171249", "todo": {"count": 6}, "disagreeCount": 0}]}, {"reasons": {"items": [{"reasonName": "globalInteractionReason", "summary": "This spot is popular", "type": "general"}], "count": 0}, "venue": {"hereNow": {"groups": [], "summary": "Nobody here", "count": 0}, "contact": {}, "photos": {"groups": [], "count": 0}, "rating": 7.1, "name": "Dimbulah", "ratingSignals": 12, "allowMenuUrlEdit": true, "categories": [{"pluralName": "Caf\u00e9s", "id": "4bf58dd8d48988d16d941735", "primary": true, "icon": {"prefix": "https://ss3.4sqi.net/img/categories_v2/food/cafe_", "suffix": ".png"}, "name": "Caf\u00e9", "shortName": "Caf\u00e9"}], "stats": {"checkinsCount": 218, "usersCount": 75, "tipCount": 3}, "id": "565beea3498e983dd13dea64", "beenHere": {"lastCheckinExpiredAt": 0, "count": 0, "marked": false}, "ratingColor": "C5DE35", "location": {"formattedAddress": ["One Raffles Quay", "Singapore"], "lat": 1.2807980373013725, "lng": 103.85125911754825, "country": "Singapore", "distance": 670, "city": "Singapore", "cc": "SG", "address": "One Raffles Quay", "labeledLatLngs": [{"lng": 103.85125911754825, "label": "display", "lat": 1.2807980373013725}]}, "verified": false, "price": {"tier": 1, "currency": "$", "message": "Cheap"}}, "referralId": "e-3-565beea3498e983dd13dea64-27", "tips": [{"id": "5922f53b18d43b1bee80e849", "text": "Great coffee at an affordable price.", "disagreeCount": 0, "createdAt": 1495463227, "logView": true, "todo": {"count": 0}, "agreeCount": 0, "canonicalUrl": "https://foursquare.com/item/5922f53b18d43b1bee80e849", "type": "user", "user": {"gender": "male", "id": "43590376", "photo": {"prefix": "https://igx.4sqi.net/img/user/", "suffix": "/43590376_qHuTJDDM_B-AgC3DPdb0b7JmTis0qGWjtdLQH4NT5lN09sRZs770vprSKLJaxJ1MqI3e2efBA.jpg"}, "firstName": "Lionel", "lastName": "Lim"}}]}, {"reasons": {"items": [{"reasonName": "globalInteractionReason", "summary": "This spot is popular", "type": "general"}], "count": 0}, "venue": {"hereNow": {"groups": [], "summary": "Nobody here", "count": 0}, "contact": {"phone": "+6565365232", "formattedPhone": "+65 6536 5232"}, "photos": {"groups": [], "count": 0}, "rating": 7.2, "name": "The Sandwich Shop", "ratingSignals": 26, "allowMenuUrlEdit": true, "categories": [{"pluralName": "Sandwich Places", "id": "4bf58dd8d48988d1c5941735", "primary": true, "icon": {"prefix": "https://ss3.4sqi.net/img/categories_v2/food/deli_", "suffix": ".png"}, "name": "Sandwich Place", "shortName": "Sandwiches"}], "stats": {"checkinsCount": 876, "usersCount": 299, "tipCount": 13}, "id": "4b09f357f964a520442023e3", "beenHere": {"lastCheckinExpiredAt": 0, "count": 0, "marked": false}, "url": "http://www.thesandwichshop.com.sg", "ratingColor": "C5DE35", "location": {"formattedAddress": ["#01-02, Robinson Centre (61 Robinson Rd)", "068893", "Singapore"], "postalCode": "068893", "lat": 1.2792015121606144, "lng": 103.84925488464502, "country": "Singapore", "distance": 733, "city": "Singapore", "cc": "SG", "address": "#01-02, Robinson Centre (61 Robinson Rd)", "labeledLatLngs": [{"lng": 103.84925488464502, "label": "display", "lat": 1.2792015121606144}]}, "hours": {"isLocalHoliday": false, "isOpen": false, "status": "Closed until 7:00 AM tomorrow"}, "verified": false, "price": {"tier": 1, "currency": "$", "message": "Cheap"}}, "referralId": "e-3-4b09f357f964a520442023e3-28", "tips": [{"id": "4c96fa7c15829521aae82da8", "text": "The Massive All Day Breakfast sandwich is good", "disagreeCount": 0, "logView": true, "createdAt": 1284962940, "likes": {"groups": [], "summary": "1 like", "count": 1}, "todo": {"count": 0}, "agreeCount": 1, "canonicalUrl": "https://foursquare.com/item/4c96fa7c15829521aae82da8", "type": "user", "user": {"id": "287028", "photo": {"prefix": "https://igx.4sqi.net/img/user/", "suffix": "/XM235BM1DQ1K5KUC.jpg"}, "firstName": "Sarah", "gender": "female"}}]}, {"reasons": {"items": [{"reasonName": "globalInteractionReason", "summary": "This spot is popular", "type": "general"}], "count": 0}, "venue": {"hereNow": {"groups": [], "summary": "Nobody here", "count": 0}, "contact": {}, "photos": {"groups": [], "count": 0}, "rating": 7.1, "name": "Satay St.", "ratingSignals": 8, "allowMenuUrlEdit": true, "categories": [{"pluralName": "Asian Restaurants", "id": "4bf58dd8d48988d142941735", "primary": true, "icon": {"prefix": "https://ss3.4sqi.net/img/categories_v2/food/asian_", "suffix": ".png"}, "name": "Asian Restaurant", "shortName": "Asian"}], "stats": {"checkinsCount": 98, "usersCount": 73, "tipCount": 2}, "id": "52c54d0411d2a3d73dae49f6", "beenHere": {"lastCheckinExpiredAt": 0, "count": 0, "marked": false}, "ratingColor": "C5DE35", "location": {"formattedAddress": ["Singapore"], "lat": 1.2803435952278368, "lng": 103.85043250943664, "distance": 697, "country": "Singapore", "cc": "SG", "labeledLatLngs": [{"lng": 103.85043250943664, "label": "display", "lat": 1.2803435952278368}]}, "verified": false, "price": {"tier": 2, "currency": "$", "message": "Moderate"}}, "referralId": "e-3-52c54d0411d2a3d73dae49f6-29", "tips": [{"id": "5496641f498ec012602cbb71", "text": "I like Best Satay (stall no.3?)", "disagreeCount": 0, "logView": true, "createdAt": 1419142175, "likes": {"groups": [], "summary": "1 like", "count": 1}, "todo": {"count": 0}, "agreeCount": 1, "canonicalUrl": "https://foursquare.com/item/5496641f498ec012602cbb71", "type": "user", "user": {"gender": "female", "id": "261779", "photo": {"prefix": "https://igx.4sqi.net/img/user/", "suffix": "/261779_42P9RXDn_kszHnn2769y0o3BJDWkaM5ougBte7Jc0lg8xk7IQoAlC5YVB4m0kVhjySgJKHtiZ.jpg"}, "firstName": "Si\u00e2n", "lastName": "Ng"}}]}, {"reasons": {"items": [{"reasonName": "globalInteractionReason", "summary": "This spot is popular", "type": "general"}], "count": 0}, "venue": {"hereNow": {"groups": [], "summary": "Nobody here", "count": 0}, "contact": {"facebook": "563854597008912", "facebookName": "Mellben Signature", "phone": "+6562205512", "formattedPhone": "+65 6220 5512"}, "photos": {"groups": [], "count": 0}, "rating": 7.1, "name": "Mellben Signature", "ratingSignals": 48, "allowMenuUrlEdit": true, "categories": [{"pluralName": "Seafood Restaurants", "id": "4bf58dd8d48988d1ce941735", "primary": true, "icon": {"prefix": "https://ss3.4sqi.net/img/categories_v2/food/seafood_", "suffix": ".png"}, "name": "Seafood Restaurant", "shortName": "Seafood"}], "stats": {"checkinsCount": 517, "usersCount": 366, "tipCount": 15}, "id": "523c23bc11d2b1925cd2aadc", "beenHere": {"lastCheckinExpiredAt": 0, "count": 0, "marked": false}, "ratingColor": "C5DE35", "location": {"formattedAddress": ["12 Prince Edward Road", "079212", "Singapore"], "postalCode": "079212", "lat": 1.2740645711146203, "lng": 103.84868306090262, "country": "Singapore", "distance": 750, "city": "Singapore", "cc": "SG", "address": "12 Prince Edward Road", "labeledLatLngs": [{"lng": 103.84868306090262, "label": "display", "lat": 1.2740645711146203}]}, "hours": {"isLocalHoliday": false, "isOpen": true, "status": "Likely open"}, "verified": false, "price": {"tier": 3, "currency": "$", "message": "Expensive"}}, "referralId": "e-3-523c23bc11d2b1925cd2aadc-30", "tips": [{"id": "53650c4d498e9771d88f7802", "text": "They cant even do stir-fried asparagus well. That says so much about this restaurant.", "disagreeCount": 0, "logView": true, "createdAt": 1399131213, "likes": {"groups": [], "summary": "1 like", "count": 1}, "todo": {"count": 0}, "agreeCount": 1, "canonicalUrl": "https://foursquare.com/item/53650c4d498e9771d88f7802", "type": "user", "user": {"gender": "female", "id": "16504035", "photo": {"prefix": "https://igx.4sqi.net/img/user/", "suffix": "/16504035-Y240Y2NOOU022AVR.jpg"}, "firstName": "Jasmine", "lastName": "Pang"}}]}, {"reasons": {"items": [{"reasonName": "globalInteractionReason", "summary": "This spot is popular", "type": "general"}], "count": 0}, "venue": {"hereNow": {"groups": [], "summary": "Nobody here", "count": 0}, "contact": {"facebook": "487250554647197", "facebookUsername": "me.oue", "facebookName": "me.oue", "formattedPhone": "+65 6634 4555", "twitter": "meatoue", "phone": "+6566344555"}, "photos": {"groups": [], "count": 0}, "rating": 7.2, "menu": {"mobileUrl": "http://www.me-oue.com/menu.html", "externalUrl": "http://www.me-oue.com/menu.html", "url": "http://www.me-oue.com/menu.html", "anchor": "View Menu", "label": "Menu", "type": "Menu"}, "name": "ME@OUE", "ratingSignals": 70, "allowMenuUrlEdit": true, "categories": [{"pluralName": "Restaurants", "id": "4bf58dd8d48988d1c4941735", "primary": true, "icon": {"prefix": "https://ss3.4sqi.net/img/categories_v2/food/default_", "suffix": ".png"}, "name": "Restaurant", "shortName": "Restaurant"}], "stats": {"checkinsCount": 1061, "usersCount": 646, "tipCount": 23}, "id": "51276324e4b0041436bea3f0", "beenHere": {"lastCheckinExpiredAt": 0, "count": 0, "marked": false}, "url": "http://me-oue.com", "ratingColor": "C5DE35", "location": {"lng": 103.85305389356046, "formattedAddress": ["OUE Bayfront Rooftop (50 Collyer Quay)", "049321", "Singapore"], "postalCode": "049321", "lat": 1.2830047420537758, "crossStreet": "50 Collyer Quay", "country": "Singapore", "distance": 796, "city": "Singapore", "cc": "SG", "address": "OUE Bayfront Rooftop", "labeledLatLngs": [{"lng": 103.85305389356046, "label": "display", "lat": 1.2830047420537758}]}, "hours": {"isLocalHoliday": false, "isOpen": true, "status": "Open until 10:00 PM"}, "verified": false, "price": {"tier": 2, "currency": "$", "message": "Moderate"}}, "referralId": "e-3-51276324e4b0041436bea3f0-31", "tips": [{"id": "51b17649498e209c07281725", "text": "Awesome meal & view!!! I love it!!!", "disagreeCount": 0, "logView": true, "createdAt": 1370584649, "likes": {"groups": [], "summary": "3 likes", "count": 3}, "todo": {"count": 0}, "agreeCount": 3, "canonicalUrl": "https://foursquare.com/item/51b17649498e209c07281725", "type": "user", "user": {"gender": "female", "id": "14944471", "photo": {"prefix": "https://igx.4sqi.net/img/user/", "suffix": "/14944471_xGg3MlFv_hpA2mjcLhyEIVHUEJEWgly0wbK-qxsABlDUlyhRN-rtc4AyuP0LetmImbTPUiGwH.jpg"}, "firstName": "\ud83c\udf40Jessie Agnes Ng\ud83c\udf1f", "lastName": "\u9ec4\u7f9a\u699b"}}]}], "name": "recommended", "type": "Recommended Places"}], "query": "food", "headerLocation": "Financial District"}}