{"meta": {"code": 200, "requestId": "595a3c801ed21919fbd21fbf"}, "response": {"suggestedFilters": {"filters": [{"name": "Open now", "key": "openNow"}], "header": "Tap to show:"}, "warning": {"text": "There aren't a lot of results near you. Try something more general, reset your filters, or expand the search area."}, "totalResults": 101, "headerFullLocation": "Changi, Singapore", "headerLocationGranularity": "neighborhood", "suggestedBounds": {"ne": {"lng": 103.99555323948127, "lat": 1.3645145525309872}, "sw": {"lng": 103.98117607753073, "lat": 1.350114538130973}}, "groups": [{"items": [{"reasons": {"items": [{"reasonName": "globalInteractionReason", "summary": "This spot is popular", "type": "general"}], "count": 0}, "venue": {"hereNow": {"groups": [], "summary": "Nobody here", "count": 0}, "contact": {}, "photos": {"groups": [], "count": 0}, "name": "Wang Cafe", "allowMenuUrlEdit": true, "beenHere": {"lastCheckinExpiredAt": 0, "count": 0, "marked": false}, "stats": {"checkinsCount": 35, "usersCount": 32, "tipCount": 0}, "id": "52c759ed498e933c0f2f304e", "categories": [{"pluralName": "Chinese Restaurants", "id": "4bf58dd8d48988d145941735", "primary": true, "icon": {"prefix": "https://ss3.4sqi.net/img/categories_v2/food/asian_", "suffix": ".png"}, "name": "Chinese Restaurant", "shortName": "Chinese"}], "location": {"formattedAddress": ["Changi T1 Departure Hall", "Singapore"], "lat": 1.36396417586963, "lng": 103.99054027655788, "distance": 778, "country": "Singapore", "cc": "SG", "address": "Changi T1 Departure Hall", "labeledLatLngs": [{"lng": 103.99054027655788, "label": "display", "lat": 1.36396417586963}]}, "verified": false, "price": {"tier": 1, "currency": "$", "message": "Cheap"}}, "referralId": "e-3-52c759ed498e933c0f2f304e-100"}], "name": "recommended", "type": "Recommended Places"}], "query": "food", "headerLocation": "Changi"}}