{"meta": {"code": 200, "requestId": "595a3c51351e3d64aff45f1b"}, "response": {"suggestedFilters": {"filters": [{"name": "Open now", "key": "openNow"}], "header": "Tap to show:"}, "totalResults": 18, "headerFullLocation": "Tanglin, Singapore", "headerLocationGranularity": "neighborhood", "suggestedBounds": {"ne": {"lng": 103.83321287400781, "lat": 1.327265564206737}, "sw": {"lng": 103.81883593048019, "lat": 1.3128655498067228}}, "groups": [{"items": [{"reasons": {"items": [{"reasonName": "globalInteractionReason", "summary": "This spot is popular", "type": "general"}], "count": 0}, "venue": {"hereNow": {"groups": [], "summary": "Nobody here", "count": 0}, "contact": {}, "photos": {"groups": [], "count": 0}, "rating": 7.8, "name": "Al Borgo", "ratingSignals": 38, "allowMenuUrlEdit": true, "categories": [{"pluralName": "Italian Restaurants", "id": "4bf58dd8d48988d110941735", "primary": true, "icon": {"prefix": "https://ss3.4sqi.net/img/categories_v2/food/italian_", "suffix": ".png"}, "name": "Italian Restaurant", "shortName": "Italian"}], "stats": {"checkinsCount": 436, "usersCount": 237, "tipCount": 23}, "id": "4b6c392bf964a5205a2a2ce3", "beenHere": {"lastCheckinExpiredAt": 0, "count": 0, "marked": false}, "ratingColor": "C5DE35", "location": {"formattedAddress": ["383 Bukit Timah Road #01-02 Alocassia Service Apts", "Singapore"], "lat": 1.3196456124627733, "lng": 103.82765747222369, "distance": 187, "country": "Singapore", "cc": "SG", "address": "383 Bukit Timah Road #01-02 Alocassia Service Apts", "labeledLatLngs": [{"lng": 103.82765747222369, "label": "display", "lat": 1.3196456124627733}]}, "hours": {"isLocalHoliday": false, "isOpen": true, "status": "Likely open"}, "verified": false, "price": {"tier": 2, "currency": "$", "message": "Moderate"}}, "referralId": "e-3-4b6c392bf964a5205a2a2ce3-0", "tips": [{"logView": true, "photo": {"id": "521dfedc11d254ce5171701e", "visibility": "public", "source": {"name": "Foursquare for iOS", "url": "https://foursquare.com/download/#/iphone"}, "suffix": "/19129526_9Kl5UJDE3Qq6kAgCzG9Nr36MxhtsHZ2NJ4dKB5yrYbc.jpg", "createdAt": 1377697500, "prefix": "https://igx.4sqi.net/img/general/", "width": 960, "height": 720}, "createdAt": 1377697496, "todo": {"count": 1}, "agreeCount": 1, "likes": {"groups": [], "summary": "1 like", "count": 1}, "id": "521dfed811d2107796f58f52", "text": "Get the truffles pasta. I have not seen so much truffles in my life. I finally know what truffles taste like.", "disagreeCount": 0, "user": {"gender": "male", "id": "19129526", "photo": {"prefix": "https://igx.4sqi.net/img/user/", "suffix": "/UQC5FSRQETX33DDP.jpg"}, "firstName": "Meng", "lastName": "Low"}, "canonicalUrl": "https://foursquare.com/item/521dfed811d2107796f58f52", "type": "user", "photourl": "https://igx.4sqi.net/img/general/original/19129526_9Kl5UJDE3Qq6kAgCzG9Nr36MxhtsHZ2NJ4dKB5yrYbc.jpg"}]}, {"reasons": {"items": [{"reasonName": "globalInteractionReason", "summary": "This spot is popular", "type": "general"}], "count": 0}, "venue": {"hereNow": {"groups": [], "summary": "Nobody here", "count": 0}, "contact": {"phone": "+6567321320", "formattedPhone": "+65 6732 1320"}, "photos": {"groups": [], "count": 0}, "rating": 7.0, "name": "Subway", "ratingSignals": 7, "allowMenuUrlEdit": true, "categories": [{"pluralName": "Sandwich Places", "id": "4bf58dd8d48988d1c5941735", "primary": true, "icon": {"prefix": "https://ss3.4sqi.net/img/categories_v2/food/deli_", "suffix": ".png"}, "name": "Sandwich Place", "shortName": "Sandwiches"}], "stats": {"checkinsCount": 99, "usersCount": 56, "tipCount": 4}, "id": "515fbfbe498e5d9d9abae39e", "beenHere": {"lastCheckinExpiredAt": 0, "count": 0, "marked": false}, "url": "http://www.subwayfresh2u.sg", "ratingColor": "C5DE35", "location": {"lng": 103.82765114307404, "formattedAddress": ["Alocassia Apartments (383 Bukit Timah Road)", "259727", "Singapore"], "postalCode": "259727", "lat": 1.3195194501196434, "crossStreet": "383 Bukit Timah Road", "country": "Singapore", "distance": 190, "city": "Singapore", "cc": "SG", "address": "Alocassia Apartments", "labeledLatLngs": [{"lng": 103.82765114307404, "label": "display", "lat": 1.3195194501196434}]}, "hours": {"isLocalHoliday": false, "isOpen": true, "status": "Open until 9:30 PM"}, "verified": false, "price": {"tier": 1, "currency": "$", "message": "Cheap"}}, "referralId": "e-3-515fbfbe498e5d9d9abae39e-1", "tips": [{"id": "51efc0cf498ecf0cbd2da6df", "text": "Store on duty today - service is bad. Rude to customer.", "disagreeCount": 0, "logView": true, "createdAt": 1374666959, "likes": {"groups": [], "summary": "1 like", "count": 1}, "todo": {"count": 0}, "agreeCount": 1, "canonicalUrl": "https://foursquare.com/item/51efc0cf498ecf0cbd2da6df", "type": "user", "user": {"gender": "male", "id": "340388", "photo": {"prefix": "https://igx.4sqi.net/img/user/", "suffix": "/340388-QPIPETYSPIZWEBFO.jpg"}, "firstName": "Paul", "lastName": "Lim"}}]}, {"reasons": {"items": [{"reasonName": "globalInteractionReason", "summary": "This spot is popular", "type": "general"}], "count": 0}, "venue": {"hereNow": {"groups": [], "summary": "Nobody here", "count": 0}, "contact": {"twitter": "brewmaison"}, "photos": {"groups": [], "count": 0}, "rating": 6.5, "name": "Brew Maison", "ratingSignals": 13, "allowMenuUrlEdit": true, "categories": [{"pluralName": "Caf\u00e9s", "id": "4bf58dd8d48988d16d941735", "primary": true, "icon": {"prefix": "https://ss3.4sqi.net/img/categories_v2/food/cafe_", "suffix": ".png"}, "name": "Caf\u00e9", "shortName": "Caf\u00e9"}], "stats": {"checkinsCount": 173, "usersCount": 148, "tipCount": 5}, "id": "533cfcca498e4ed0ad86d21e", "beenHere": {"lastCheckinExpiredAt": 0, "count": 0, "marked": false}, "ratingColor": "FFC800", "location": {"formattedAddress": ["Alocassia Apartments 383 Bukit Timah Rd #01-9B", "259727", "Singapore"], "postalCode": "259727", "lat": 1.3198340012470815, "lng": 103.82709706090507, "country": "Singapore", "distance": 122, "city": "Singapore", "cc": "SG", "address": "Alocassia Apartments 383 Bukit Timah Rd #01-9B", "labeledLatLngs": [{"lng": 103.82709706090507, "label": "display", "lat": 1.3198340012470815}]}, "hours": {"isLocalHoliday": false, "isOpen": true, "status": "Open until 10:00 PM"}, "verified": false, "price": {"tier": 1, "currency": "$", "message": "Cheap"}}, "referralId": "e-3-533cfcca498e4ed0ad86d21e-2", "tips": [{"id": "5392d6ef498e099c9f3c8332", "text": "Spacious and we like the finger food. Nice place to chillax", "disagreeCount": 0, "logView": true, "createdAt": 1402132207, "likes": {"groups": [], "summary": "1 like", "count": 1}, "todo": {"count": 1}, "agreeCount": 1, "canonicalUrl": "https://foursquare.com/item/5392d6ef498e099c9f3c8332", "type": "user", "user": {"gender": "male", "id": "1023230", "photo": {"prefix": "https://igx.4sqi.net/img/user/", "suffix": "/IV4VVMIEKPSDYMRH.jpg"}, "firstName": "Jzin", "lastName": "T"}}]}, {"reasons": {"items": [{"reasonName": "globalInteractionReason", "summary": "This spot is popular", "type": "general"}], "count": 0}, "venue": {"hereNow": {"groups": [], "summary": "Nobody here", "count": 0}, "contact": {}, "photos": {"groups": [], "count": 0}, "rating": 6.0, "name": "EN Japanese Dinning Bar", "ratingSignals": 11, "allowMenuUrlEdit": true, "categories": [{"pluralName": "Japanese Restaurants", "id": "4bf58dd8d48988d111941735", "primary": true, "icon": {"prefix": "https://ss3.4sqi.net/img/categories_v2/food/japanese_", "suffix": ".png"}, "name": "Japanese Restaurant", "shortName": "Japanese"}], "stats": {"checkinsCount": 256, "usersCount": 122, "tipCount": 5}, "id": "5204d324498e6b6c102f9467", "beenHere": {"lastCheckinExpiredAt": 0, "count": 0, "marked": false}, "ratingColor": "FFC800", "location": {"lng": 103.82759520418493, "formattedAddress": ["ALOCASSIA Appartments (Bukit Timah ROAD)", "Singapore"], "lat": 1.3198370028819526, "crossStreet": "Bukit Timah ROAD", "country": "Singapore", "distance": 176, "city": "Singapore", "cc": "SG", "address": "ALOCASSIA Appartments", "labeledLatLngs": [{"lng": 103.82759520418493, "label": "display", "lat": 1.3198370028819526}]}, "hours": {"isLocalHoliday": false, "isOpen": true, "status": "Likely open"}, "verified": false, "price": {"tier": 2, "currency": "$", "message": "Moderate"}}, "referralId": "e-3-5204d324498e6b6c102f9467-3", "tips": [{"id": "542d4bb6498e30aedbd58a0e", "text": "The price point of food at the EN here is more premium than the other one beside Coronation Plaza.", "disagreeCount": 0, "createdAt": 1412254646, "logView": true, "todo": {"count": 0}, "agreeCount": 0, "canonicalUrl": "https://foursquare.com/item/542d4bb6498e30aedbd58a0e", "type": "user", "user": {"gender": "female", "id": "16504035", "photo": {"prefix": "https://igx.4sqi.net/img/user/", "suffix": "/16504035-Y240Y2NOOU022AVR.jpg"}, "firstName": "Jasmine", "lastName": "Pang"}}]}, {"reasons": {"items": [{"reasonName": "globalInteractionReason", "summary": "This spot is popular", "type": "general"}], "count": 0}, "venue": {"hereNow": {"groups": [], "summary": "Nobody here", "count": 0}, "contact": {"phone": "+6568874961", "formattedPhone": "+65 6887 4961"}, "photos": {"groups": [], "count": 0}, "rating": 5.7, "name": "McDonald's", "ratingSignals": 46, "allowMenuUrlEdit": true, "categories": [{"pluralName": "Fast Food Restaurants", "id": "4bf58dd8d48988d16e941735", "primary": true, "icon": {"prefix": "https://ss3.4sqi.net/img/categories_v2/food/fastfood_", "suffix": ".png"}, "name": "Fast Food Restaurant", "shortName": "Fast Food"}], "stats": {"checkinsCount": 3239, "usersCount": 1132, "tipCount": 17}, "id": "4ca7259f76d3a093b72f086b", "beenHere": {"lastCheckinExpiredAt": 0, "count": 0, "marked": false}, "url": "http://www.mcdonalds.com.sg", "ratingColor": "FF9600", "location": {"lng": 103.82715225219727, "formattedAddress": ["#01-09B, Alocassia Apartments (383 Bukit Timah Rd)", "259727", "Singapore"], "postalCode": "259727", "lat": 1.319594532055596, "crossStreet": "383 Bukit Timah Rd", "country": "Singapore", "distance": 136, "city": "Singapore", "cc": "SG", "address": "#01-09B, Alocassia Apartments", "labeledLatLngs": [{"lng": 103.82715225219727, "label": "display", "lat": 1.319594532055596}]}, "hours": {"isLocalHoliday": false, "isOpen": false}, "verified": false, "price": {"tier": 1, "currency": "$", "message": "Cheap"}}, "referralId": "e-3-4ca7259f76d3a093b72f086b-4", "tips": [{"id": "4d933bf15cf5236ad9215ea3", "text": "Yummy yummy!!!", "disagreeCount": 0, "logView": true, "createdAt": 1301494769, "likes": {"groups": [], "summary": "3 likes", "count": 3}, "todo": {"count": 0}, "agreeCount": 0, "canonicalUrl": "https://foursquare.com/item/4d933bf15cf5236ad9215ea3", "type": "user", "user": {"gender": "female", "id": "4451329", "photo": {"prefix": "https://igx.4sqi.net/img/user/", "suffix": "/ESBGFHC0OGAECX1Q.jpg"}, "firstName": "Shelby", "lastName": "Poppy"}}]}, {"reasons": {"items": [{"reasonName": "globalInteractionReason", "summary": "This spot is popular", "type": "general"}], "count": 0}, "venue": {"hereNow": {"groups": [], "summary": "Nobody here", "count": 0}, "contact": {}, "photos": {"groups": [], "count": 0}, "name": "The Chinese Restaurant", "allowMenuUrlEdit": true, "beenHere": {"lastCheckinExpiredAt": 0, "count": 0, "marked": false}, "stats": {"checkinsCount": 483, "usersCount": 168, "tipCount": 4}, "id": "4d1eb3ed16cfb60c807e4b61", "categories": [{"pluralName": "Chinese Restaurants", "id": "4bf58dd8d48988d145941735", "primary": true, "icon": {"prefix": "https://ss3.4sqi.net/img/categories_v2/food/asian_", "suffix": ".png"}, "name": "Chinese Restaurant", "shortName": "Chinese"}], "location": {"lng": 103.82522106170654, "formattedAddress": ["Raffles Town Club (1 Plymouth Avenue)", "Singapore"], "lat": 1.3215895655228302, "crossStreet": "1 Plymouth Avenue", "country": "Singapore", "distance": 191, "city": "Singapore", "cc": "SG", "address": "Raffles Town Club", "labeledLatLngs": [{"lng": 103.82522106170654, "label": "display", "lat": 1.3215895655228302}]}, "hours": {"isLocalHoliday": false, "isOpen": false}, "verified": false, "price": {"tier": 1, "currency": "$", "message": "Cheap"}}, "referralId": "e-3-4d1eb3ed16cfb60c807e4b61-5", "tips": [{"id": "5185e297498e858e783b1740", "text": "The Egg tarts are great! ^^", "disagreeCount": 0, "createdAt": 1367728791, "logView": true, "todo": {"count": 0}, "agreeCount": 0, "canonicalUrl": "https://foursquare.com/item/5185e297498e858e783b1740", "type": "user", "user": {"gender": "male", "id": "50126444", "photo": {"prefix": "https://igx.4sqi.net/img/user/", "suffix": "/3NIZRT0T1D2H12Q1.jpg"}, "firstName": "Elliot", "lastName": "Seow"}}]}, {"reasons": {"items": [{"reasonName": "globalInteractionReason", "summary": "This spot is popular", "type": "general"}], "count": 0}, "venue": {"hereNow": {"groups": [], "summary": "Nobody here", "count": 0}, "contact": {"phone": "+6563573332", "formattedPhone": "+65 6357 3332"}, "photos": {"groups": [], "count": 0}, "name": "The Caf\u00e9 & Terrace", "allowMenuUrlEdit": true, "beenHere": {"lastCheckinExpiredAt": 0, "count": 0, "marked": false}, "stats": {"checkinsCount": 904, "usersCount": 332, "tipCount": 4}, "id": "4d2be88e068e8cfaed80e74c", "categories": [{"pluralName": "Diners", "id": "4bf58dd8d48988d147941735", "primary": true, "icon": {"prefix": "https://ss3.4sqi.net/img/categories_v2/food/diner_", "suffix": ".png"}, "name": "Diner", "shortName": "Diner"}], "location": {"lng": 103.82556301753736, "formattedAddress": ["Second Storey, Whitley Wing, Raffles Town Club (1 Plymouth Avenue)", "Singapore"], "lat": 1.3216047243018187, "crossStreet": "1 Plymouth Avenue", "country": "Singapore", "distance": 178, "city": "Singapore", "cc": "SG", "address": "Second Storey, Whitley Wing, Raffles Town Club", "labeledLatLngs": [{"lng": 103.82556301753736, "label": "display", "lat": 1.3216047243018187}]}, "hours": {"isLocalHoliday": false, "isOpen": false}, "verified": false, "price": {"tier": 1, "currency": "$", "message": "Cheap"}}, "referralId": "e-3-4d2be88e068e8cfaed80e74c-6", "tips": [{"id": "4f67d8f1e4b0cdd88f2a2e55", "text": "This place have whole day breakfast! It means u can order the breakfast set even in the evening.. I wonder who is the goon who dont understand this concept lols", "disagreeCount": 0, "logView": true, "createdAt": 1332205809, "likes": {"groups": [], "summary": "1 like", "count": 1}, "todo": {"count": 0}, "agreeCount": 1, "canonicalUrl": "https://foursquare.com/item/4f67d8f1e4b0cdd88f2a2e55", "type": "user", "user": {"gender": "female", "id": "5170750", "photo": {"prefix": "https://igx.4sqi.net/img/user/", "suffix": "/Q2LOA5PHAROA0V0B.jpg"}, "firstName": "Dan", "lastName": "Teo"}}]}, {"reasons": {"items": [{"reasonName": "globalInteractionReason", "summary": "This spot is popular", "type": "general"}], "count": 0}, "venue": {"hereNow": {"groups": [], "summary": "Nobody here", "count": 0}, "contact": {}, "photos": {"groups": [], "count": 0}, "name": "Miyabi Japanese Restaurant", "allowMenuUrlEdit": true, "beenHere": {"lastCheckinExpiredAt": 0, "count": 0, "marked": false}, "stats": {"checkinsCount": 421, "usersCount": 198, "tipCount": 0}, "id": "4cb04ad9b4b0a35dc6ec47ce", "categories": [{"pluralName": "Japanese Restaurants", "id": "4bf58dd8d48988d111941735", "primary": true, "icon": {"prefix": "https://ss3.4sqi.net/img/categories_v2/food/japanese_", "suffix": ".png"}, "name": "Japanese Restaurant", "shortName": "Japanese"}], "location": {"lng": 103.82500827550427, "formattedAddress": ["Raffles Town Club (1 Plymouth Avenue)", "297830", "Singapore"], "postalCode": "297830", "lat": 1.3218561204521793, "crossStreet": "1 Plymouth Avenue", "country": "Singapore", "distance": 229, "city": "Singapore", "cc": "SG", "address": "Raffles Town Club", "labeledLatLngs": [{"lng": 103.82500827550427, "label": "display", "lat": 1.3218561204521793}]}, "hours": {"isLocalHoliday": false, "isOpen": true, "status": "Likely open"}, "verified": false, "price": {"tier": 2, "currency": "$", "message": "Moderate"}}, "referralId": "e-3-4cb04ad9b4b0a35dc6ec47ce-7"}, {"reasons": {"items": [{"reasonName": "globalInteractionReason", "summary": "This spot is popular", "type": "general"}], "count": 0}, "venue": {"hereNow": {"groups": [], "summary": "Nobody here", "count": 0}, "contact": {}, "photos": {"groups": [], "count": 0}, "name": "The Dining Room", "allowMenuUrlEdit": true, "beenHere": {"lastCheckinExpiredAt": 0, "count": 0, "marked": false}, "stats": {"checkinsCount": 710, "usersCount": 76, "tipCount": 0}, "id": "4cff7baf6edfa093e5fc0615", "categories": [{"pluralName": "Italian Restaurants", "id": "4bf58dd8d48988d110941735", "primary": true, "icon": {"prefix": "https://ss3.4sqi.net/img/categories_v2/food/italian_", "suffix": ".png"}, "name": "Italian Restaurant", "shortName": "Italian"}], "location": {"lng": 103.82526397705078, "formattedAddress": ["Raffles Town Club (1 Plymouth Avenue)", "Singapore"], "lat": 1.3220186047688565, "crossStreet": "1 Plymouth Avenue", "country": "Singapore", "distance": 233, "city": "Singapore", "cc": "SG", "address": "Raffles Town Club", "labeledLatLngs": [{"lng": 103.82526397705078, "label": "display", "lat": 1.3220186047688565}]}, "hours": {"isLocalHoliday": false, "isOpen": true, "status": "Likely open"}, "verified": false, "price": {"tier": 2, "currency": "$", "message": "Moderate"}}, "referralId": "e-3-4cff7baf6edfa093e5fc0615-8"}, {"reasons": {"items": [{"reasonName": "globalInteractionReason", "summary": "This spot is popular", "type": "general"}], "count": 0}, "venue": {"hereNow": {"groups": [], "summary": "Nobody here", "count": 0}, "contact": {}, "photos": {"groups": [], "count": 0}, "name": "Metro Y Restaurant", "allowMenuUrlEdit": true, "beenHere": {"lastCheckinExpiredAt": 0, "count": 0, "marked": false}, "stats": {"checkinsCount": 137, "usersCount": 62, "tipCount": 1}, "id": "4dd262dbd22d67839c59d1ee", "categories": [{"pluralName": "Diners", "id": "4bf58dd8d48988d147941735", "primary": true, "icon": {"prefix": "https://ss3.4sqi.net/img/categories_v2/food/diner_", "suffix": ".png"}, "name": "Diner", "shortName": "Diner"}], "location": {"formattedAddress": ["60 Stevens Road", "257854", "Singapore"], "postalCode": "257854", "lat": 1.316332144826508, "lng": 103.82630456400736, "country": "Singapore", "distance": 416, "city": "Singapore", "cc": "SG", "address": "60 Stevens Road", "labeledLatLngs": [{"lng": 103.82630456400736, "label": "display", "lat": 1.316332144826508}]}, "verified": false, "price": {"tier": 1, "currency": "$", "message": "Cheap"}}, "referralId": "e-3-4dd262dbd22d67839c59d1ee-9", "tips": [{"logView": true, "photo": {"id": "522934a611d28302f5a618df", "visibility": "public", "source": {"name": "Foursquare for Android", "url": "https://foursquare.com/download/#/android"}, "suffix": "/47985014_jKtSBAF25O0IlBhocpEpZzNBmZiMxpWrlShfr35MAXU.jpg", "createdAt": 1378432166, "prefix": "https://igx.4sqi.net/img/general/", "width": 960, "height": 543}, "createdAt": 1378432163, "agreeCount": 0, "id": "522934a311d267455c79916a", "text": "Breakfast sausage was delicious!", "type": "user", "disagreeCount": 0, "user": {"gender": "male", "id": "47985014", "photo": {"prefix": "https://igx.4sqi.net/img/user/", "suffix": "/GDDWMXWRYYMG5MK4.jpg"}, "firstName": "Nicko", "lastName": "Vargas"}, "canonicalUrl": "https://foursquare.com/item/522934a311d267455c79916a", "todo": {"count": 0}, "photourl": "https://igx.4sqi.net/img/general/original/47985014_jKtSBAF25O0IlBhocpEpZzNBmZiMxpWrlShfr35MAXU.jpg"}]}, {"reasons": {"items": [{"reasonName": "globalInteractionReason", "summary": "This spot is popular", "type": "general"}], "count": 0}, "venue": {"hereNow": {"groups": [], "summary": "Nobody here", "count": 0}, "contact": {}, "photos": {"groups": [], "count": 0}, "name": "Palm's Cafe", "allowMenuUrlEdit": true, "beenHere": {"lastCheckinExpiredAt": 0, "count": 0, "marked": false}, "stats": {"checkinsCount": 93, "usersCount": 41, "tipCount": 2}, "id": "4c022ba80d0e0f4786cd009a", "categories": [{"pluralName": "Caf\u00e9s", "id": "4bf58dd8d48988d16d941735", "primary": true, "icon": {"prefix": "https://ss3.4sqi.net/img/categories_v2/food/cafe_", "suffix": ".png"}, "name": "Caf\u00e9", "shortName": "Caf\u00e9"}], "location": {"formattedAddress": ["214 Dunearn Rd.", "299526", "Singapore"], "postalCode": "299526", "lat": 1.322582, "lng": 103.823072, "country": "Singapore", "distance": 431, "city": "Singapore", "cc": "SG", "address": "214 Dunearn Rd.", "labeledLatLngs": [{"lng": 103.823072, "label": "display", "lat": 1.322582}]}, "verified": false, "price": {"tier": 1, "currency": "$", "message": "Cheap"}}, "referralId": "e-3-4c022ba80d0e0f4786cd009a-10", "tips": [{"id": "4d58b92a3281b1f75148b32f", "text": "Very good nonya kuey!!!", "disagreeCount": 0, "createdAt": 1297660202, "logView": true, "todo": {"count": 0}, "agreeCount": 0, "canonicalUrl": "https://foursquare.com/item/4d58b92a3281b1f75148b32f", "type": "user", "user": {"gender": "male", "id": "950344", "photo": {"prefix": "https://igx.4sqi.net/img/user/", "suffix": "/E42VB1SXFUJ2MVNK.jpg"}, "firstName": "mR.OinK", "lastName": "OinK"}}]}, {"reasons": {"items": [{"reasonName": "globalInteractionReason", "summary": "This spot is popular", "type": "general"}], "count": 0}, "venue": {"hereNow": {"groups": [], "summary": "Nobody here", "count": 0}, "contact": {}, "photos": {"groups": [], "count": 0}, "name": "White Room", "allowMenuUrlEdit": true, "beenHere": {"lastCheckinExpiredAt": 0, "count": 0, "marked": false}, "stats": {"checkinsCount": 145, "usersCount": 41, "tipCount": 2}, "id": "4d230c15f7a9a143e097449f", "categories": [{"pluralName": "Caf\u00e9s", "id": "4bf58dd8d48988d16d941735", "primary": true, "icon": {"prefix": "https://ss3.4sqi.net/img/categories_v2/food/cafe_", "suffix": ".png"}, "name": "Caf\u00e9", "shortName": "Caf\u00e9"}], "location": {"lng": 103.82671, "formattedAddress": ["245 Whitley Road #02-11 (at Tanglin Community Club)", "297829", "Singapore"], "postalCode": "297829", "lat": 1.324395, "crossStreet": "at Tanglin Community Club", "distance": 487, "country": "Singapore", "cc": "SG", "address": "245 Whitley Road #02-11", "labeledLatLngs": [{"lng": 103.82671, "label": "display", "lat": 1.324395}]}, "verified": false, "price": {"tier": 1, "currency": "$", "message": "Cheap"}}, "referralId": "e-3-4d230c15f7a9a143e097449f-11", "tips": [{"id": "4e38e1a2483b6aaecd5d668f", "text": "Feels very homely here, like food is served fresh from your home kitchen. Cooks are cheery and caring. Different dishes served each day!", "disagreeCount": 0, "logView": true, "createdAt": 1312350626, "likes": {"groups": [], "summary": "1 like", "count": 1}, "todo": {"count": 0}, "agreeCount": 0, "canonicalUrl": "https://foursquare.com/item/4e38e1a2483b6aaecd5d668f", "type": "user", "user": {"gender": "female", "id": "1506426", "photo": {"prefix": "https://igx.4sqi.net/img/user/", "suffix": "/5VQTBAKMUZJPBP2N.jpg"}, "firstName": "Kristin", "lastName": "Loo"}}]}, {"reasons": {"items": [{"reasonName": "globalInteractionReason", "summary": "This spot is popular", "type": "general"}], "count": 0}, "venue": {"hereNow": {"groups": [], "summary": "Nobody here", "count": 0}, "contact": {"phone": "+6562356993", "formattedPhone": "+65 6235 6993"}, "photos": {"groups": [], "count": 0}, "rating": 5.8, "name": "Mr Prata", "ratingSignals": 137, "allowMenuUrlEdit": true, "categories": [{"pluralName": "Indian Restaurants", "id": "4bf58dd8d48988d10f941735", "primary": true, "icon": {"prefix": "https://ss3.4sqi.net/img/categories_v2/food/indian_", "suffix": ".png"}, "name": "Indian Restaurant", "shortName": "Indian"}], "stats": {"checkinsCount": 5774, "usersCount": 2871, "tipCount": 65}, "id": "4b5689e8f964a520771428e3", "beenHere": {"lastCheckinExpiredAt": 0, "count": 0, "marked": false}, "ratingColor": "FF9600", "location": {"lng": 103.81987418922385, "formattedAddress": ["#01-02, yoHA@evans (26 Evans Road)", "259367", "Singapore"], "postalCode": "259367", "lat": 1.3184675436519264, "crossStreet": "26 Evans Road", "country": "Singapore", "distance": 707, "city": "Singapore", "cc": "SG", "address": "#01-02, yoHA@evans", "labeledLatLngs": [{"lng": 103.81987418922385, "label": "display", "lat": 1.3184675436519264}]}, "hours": {"isLocalHoliday": false, "isOpen": false}, "verified": false, "price": {"tier": 2, "currency": "$", "message": "Moderate"}}, "referralId": "e-3-4b5689e8f964a520771428e3-12", "tips": [{"id": "5045fbc9e4b0930467a27202", "text": "Students from EvansLodge got 10% dicsount on weekdays! \u30fe(\uff20\u2312\u30fc\u2312\uff20)\u30ce", "disagreeCount": 0, "logView": true, "createdAt": 1346763721, "likes": {"groups": [], "summary": "8 likes", "count": 8}, "todo": {"count": 0}, "agreeCount": 8, "canonicalUrl": "https://foursquare.com/item/5045fbc9e4b0930467a27202", "type": "user", "user": {"gender": "female", "id": "5055804", "photo": {"prefix": "https://igx.4sqi.net/img/user/", "suffix": "/5055804-GHAPIQP13TH25H5Q.jpg"}, "firstName": "Suzie", "lastName": "Jiang"}}]}, {"reasons": {"items": [{"reasonName": "globalInteractionReason", "summary": "This spot is popular", "type": "general"}], "count": 0}, "venue": {"hereNow": {"groups": [], "summary": "Nobody here", "count": 0}, "contact": {}, "photos": {"groups": [], "count": 0}, "name": "Cafeteria @ Tanglin Community Club", "allowMenuUrlEdit": true, "beenHere": {"lastCheckinExpiredAt": 0, "count": 0, "marked": false}, "stats": {"checkinsCount": 124, "usersCount": 28, "tipCount": 1}, "id": "4d23c8d28882a35d52280f38", "categories": [{"pluralName": "Caf\u00e9s", "id": "4bf58dd8d48988d16d941735", "primary": true, "icon": {"prefix": "https://ss3.4sqi.net/img/categories_v2/food/cafe_", "suffix": ".png"}, "name": "Caf\u00e9", "shortName": "Caf\u00e9"}], "location": {"lng": 103.82671213326145, "formattedAddress": ["245 Whitley Road (at Tanglin Community Club)", "297829", "Singapore"], "postalCode": "297829", "lat": 1.3247905844404049, "crossStreet": "at Tanglin Community Club", "distance": 531, "country": "Singapore", "cc": "SG", "address": "245 Whitley Road", "labeledLatLngs": [{"lng": 103.82671213326145, "label": "display", "lat": 1.3247905844404049}]}, "verified": false, "price": {"tier": 1, "currency": "$", "message": "Cheap"}}, "referralId": "e-3-4d23c8d28882a35d52280f38-13", "tips": [{"id": "4d40023189616dcbf7b9ffb4", "text": "OILY food. Have the stomach that disregard health (and quality food)? Do eat here.", "disagreeCount": 0, "createdAt": 1296040497, "logView": true, "todo": {"count": 0}, "agreeCount": 0, "canonicalUrl": "https://foursquare.com/item/4d40023189616dcbf7b9ffb4", "type": "user", "user": {"gender": "male", "id": "2834986", "photo": {"prefix": "https://igx.4sqi.net/img/user/", "default": true, "suffix": "/blank_boy.png"}, "firstName": "Zulkarnain", "lastName": "Sudarman"}}]}, {"reasons": {"items": [{"reasonName": "globalInteractionReason", "summary": "This spot is popular", "type": "general"}], "count": 0}, "venue": {"hereNow": {"groups": [], "summary": "Nobody here", "count": 0}, "contact": {"phone": "+6567315776", "formattedPhone": "+65 6731 5776"}, "photos": {"groups": [], "count": 0}, "name": "Matsugawa", "allowMenuUrlEdit": true, "beenHere": {"lastCheckinExpiredAt": 0, "count": 0, "marked": false}, "stats": {"checkinsCount": 81, "usersCount": 60, "tipCount": 0}, "id": "4d566956fb65236a502105b4", "categories": [{"pluralName": "Japanese Restaurants", "id": "4bf58dd8d48988d111941735", "primary": true, "icon": {"prefix": "https://ss3.4sqi.net/img/categories_v2/food/japanese_", "suffix": ".png"}, "name": "Japanese Restaurant", "shortName": "Japanese"}], "url": "http://www.thepines.com.sg/matsugawa", "location": {"formattedAddress": ["The Pines, 30 Stevens Road", "257840", "Singapore"], "postalCode": "257840", "lat": 1.314112221609256, "lng": 103.8290726626379, "country": "Singapore", "distance": 744, "city": "Singapore", "cc": "SG", "address": "The Pines, 30 Stevens Road", "labeledLatLngs": [{"lng": 103.8290726626379, "label": "display", "lat": 1.314112221609256}]}, "verified": false, "price": {"tier": 2, "currency": "$", "message": "Moderate"}}, "referralId": "e-3-4d566956fb65236a502105b4-14"}, {"reasons": {"items": [{"reasonName": "globalInteractionReason", "summary": "This spot is popular", "type": "general"}], "count": 0}, "venue": {"hereNow": {"groups": [], "summary": "Nobody here", "count": 0}, "contact": {}, "photos": {"groups": [], "count": 0}, "name": "The Regional Cafe", "allowMenuUrlEdit": true, "beenHere": {"lastCheckinExpiredAt": 0, "count": 0, "marked": false}, "stats": {"checkinsCount": 162, "usersCount": 65, "tipCount": 1}, "id": "4ce23bcb78ddf04d3eb5af98", "categories": [{"pluralName": "Caf\u00e9s", "id": "4bf58dd8d48988d16d941735", "primary": true, "icon": {"prefix": "https://ss3.4sqi.net/img/categories_v2/food/cafe_", "suffix": ".png"}, "name": "Caf\u00e9", "shortName": "Caf\u00e9"}], "location": {"formattedAddress": ["RELC", "Singapore"], "lat": 1.312992, "lng": 103.826229, "country": "Singapore", "distance": 787, "city": "Singapore", "cc": "SG", "address": "RELC", "labeledLatLngs": [{"lng": 103.826229, "label": "display", "lat": 1.312992}]}, "verified": false, "price": {"tier": 1, "currency": "$", "message": "Cheap"}}, "referralId": "e-3-4ce23bcb78ddf04d3eb5af98-15", "tips": [{"id": "4f915199e4b09d834fe03a52", "text": "Coffee is good", "disagreeCount": 0, "createdAt": 1334923673, "logView": true, "todo": {"count": 0}, "agreeCount": 0, "canonicalUrl": "https://foursquare.com/item/4f915199e4b09d834fe03a52", "type": "user", "user": {"gender": "female", "id": "26367643", "photo": {"prefix": "https://igx.4sqi.net/img/user/", "suffix": "/BW5YLAS4X4BNIUHM.jpg"}, "firstName": "Louis", "lastName": "Tanaka"}}]}, {"reasons": {"items": [{"reasonName": "globalInteractionReason", "summary": "This spot is popular", "type": "general"}], "count": 0}, "venue": {"hereNow": {"groups": [], "summary": "Nobody here", "count": 0}, "contact": {}, "photos": {"groups": [], "count": 0}, "name": "Window Deli", "allowMenuUrlEdit": true, "beenHere": {"lastCheckinExpiredAt": 0, "count": 0, "marked": false}, "stats": {"checkinsCount": 123, "usersCount": 34, "tipCount": 1}, "id": "4d69e3a3fd7ea35d1eaeab4a", "categories": [{"pluralName": "Caf\u00e9s", "id": "4bf58dd8d48988d16d941735", "primary": true, "icon": {"prefix": "https://ss3.4sqi.net/img/categories_v2/food/cafe_", "suffix": ".png"}, "name": "Caf\u00e9", "shortName": "Caf\u00e9"}], "url": "http://www.thepines.com.sg/window-deli", "location": {"formattedAddress": ["The Pines", "Singapore"], "lat": 1.313386962947937, "lng": 103.82861980009734, "country": "Singapore", "distance": 797, "city": "Singapore", "cc": "SG", "address": "The Pines", "labeledLatLngs": [{"lng": 103.82861980009734, "label": "display", "lat": 1.313386962947937}]}, "hours": {"isLocalHoliday": false, "isOpen": true, "status": "Open until 10:00 PM"}, "verified": false, "price": {"tier": 1, "currency": "$", "message": "Cheap"}}, "referralId": "e-3-4d69e3a3fd7ea35d1eaeab4a-16", "tips": [{"id": "4e696c1e483bf2d9e5cabeb3", "text": "Hot Dog month here in Sep 2011", "disagreeCount": 0, "createdAt": 1315531806, "logView": true, "todo": {"count": 0}, "agreeCount": 0, "canonicalUrl": "https://foursquare.com/item/4e696c1e483bf2d9e5cabeb3", "type": "user", "user": {"gender": "male", "id": "1052871", "photo": {"prefix": "https://igx.4sqi.net/img/user/", "suffix": "/YM1RS2FPYBK4GQ1T.jpg"}, "firstName": "KS", "lastName": "Chak"}}]}, {"reasons": {"items": [{"reasonName": "globalInteractionReason", "summary": "This spot is popular", "type": "general"}], "count": 0}, "venue": {"hereNow": {"groups": [], "summary": "Nobody here", "count": 0}, "contact": {"phone": "+6567350012", "formattedPhone": "+65 6735 0012"}, "photos": {"groups": [], "count": 0}, "rating": 5.3, "name": "Hatched", "ratingSignals": 26, "allowMenuUrlEdit": true, "categories": [{"pluralName": "Breakfast Spots", "id": "4bf58dd8d48988d143941735", "primary": true, "icon": {"prefix": "https://ss3.4sqi.net/img/categories_v2/food/breakfast_", "suffix": ".png"}, "name": "Breakfast Spot", "shortName": "Breakfast"}], "stats": {"checkinsCount": 415, "usersCount": 354, "tipCount": 10}, "id": "511f103ce4b0320f968a8ffe", "beenHere": {"lastCheckinExpiredAt": 0, "count": 0, "marked": false}, "url": "http://www.hatched.sg", "ratingColor": "FF9600", "location": {"formattedAddress": ["26 Evans Road", "259367", "Singapore"], "postalCode": "259367", "lat": 1.3188288052882484, "lng": 103.82000437864195, "country": "Singapore", "distance": 683, "city": "Singapore", "cc": "SG", "address": "26 Evans Road", "labeledLatLngs": [{"lng": 103.82000437864195, "label": "display", "lat": 1.3188288052882484}]}, "hours": {"isLocalHoliday": false, "isOpen": false, "status": "Closed until 8:00 AM Thursday"}, "verified": false, "price": {"tier": 1, "currency": "$", "message": "Cheap"}}, "referralId": "e-3-511f103ce4b0320f968a8ffe-17", "tips": [{"id": "51c682c9498e32a31a135065", "text": "Don't order the Burly Benedict, the corned beef tastes like dog food. Don't order the pancakes also, it's very bland and dense. :(", "disagreeCount": 0, "logView": true, "createdAt": 1371964105, "likes": {"groups": [], "summary": "1 like", "count": 1}, "todo": {"count": 0}, "agreeCount": 1, "canonicalUrl": "https://foursquare.com/item/51c682c9498e32a31a135065", "type": "user", "user": {"gender": "female", "id": "41713360", "photo": {"prefix": "https://igx.4sqi.net/img/user/", "suffix": "/VQDWF13UD5EQTH2G.jpg"}, "firstName": "Farah", "lastName": "See"}}]}], "name": "recommended", "type": "Recommended Places"}], "query": "food", "headerLocation": "Tanglin"}}