{"meta": {"code": 200, "requestId": "595a3afadd57972d620b02a3"}, "response": {"suggestedFilters": {"filters": [{"name": "Open now", "key": "openNow"}], "header": "Tap to show:"}, "totalResults": 154, "headerFullLocation": "Downtown Core, Singapore", "headerLocationGranularity": "neighborhood", "suggestedBounds": {"ne": {"lng": 103.86405674601063, "lat": 1.3067507529093971}, "sw": {"lng": 103.84967992018137, "lat": 1.2923507385093829}}, "groups": [{"items": [{"reasons": {"items": [{"reasonName": "globalInteractionReason", "summary": "This spot is popular", "type": "general"}], "count": 0}, "venue": {"hereNow": {"groups": [{"items": [], "name": "Other people here", "count": 1, "type": "others"}], "summary": "One other person is here", "count": 1}, "contact": {"instagram": "gudetamacafesg", "facebookUsername": "gudetamacafesg", "facebookName": "Gudetama Caf\u00e9 Singapore", "facebook": "173036276456410"}, "photos": {"groups": [], "count": 0}, "rating": 7.0, "name": "Gudetama Caf\u00e9", "ratingSignals": 44, "allowMenuUrlEdit": true, "categories": [{"pluralName": "Japanese Restaurants", "id": "4bf58dd8d48988d111941735", "primary": true, "icon": {"prefix": "https://ss3.4sqi.net/img/categories_v2/food/japanese_", "suffix": ".png"}, "name": "Japanese Restaurant", "shortName": "Japanese"}], "stats": {"checkinsCount": 686, "usersCount": 614, "tipCount": 12}, "id": "583b984cd7b47337a0adbb24", "beenHere": {"lastCheckinExpiredAt": 0, "count": 0, "marked": false}, "url": "http://www.gudetamacafe.sg", "ratingColor": "C5DE35", "location": {"lng": 103.857036, "formattedAddress": ["#01-361 Suntec City Mall (3 Temasek Boulevard)", "038983", "Singapore"], "postalCode": "038983", "lat": 1.292978, "crossStreet": "3 Temasek Boulevard", "country": "Singapore", "distance": 731, "city": "Singapore", "cc": "SG", "address": "#01-361 Suntec City Mall", "labeledLatLngs": [{"lng": 103.857036, "label": "display", "lat": 1.292978}]}, "hours": {"isLocalHoliday": false, "isOpen": false}, "verified": false, "price": {"tier": 2, "currency": "$", "message": "Moderate"}}, "referralId": "e-3-583b984cd7b47337a0adbb24-150", "tips": [{"logView": true, "photo": {"id": "593a4f729d6a1909db20b490", "visibility": "public", "source": {"name": "Foursquare for iOS", "url": "https://foursquare.com/download/#/iphone"}, "suffix": "/400849147_LcHRUXSdktc5kTo4TPDqzfc3iqgWVJ6KfKR_n5fTZ7k.jpg", "createdAt": 1496993650, "prefix": "https://igx.4sqi.net/img/general/", "width": 1440, "height": 1920}, "createdAt": 1496993648, "agreeCount": 0, "id": "593a4f702bf9a95a1bc9ad7c", "text": "They put way too much fake cheese on my eggs, ruined the meal. Service was good and the whole place is very cute and unique, expensive tho. Smoked salmon+dessert+service charge= 40SGD", "type": "user", "disagreeCount": 0, "user": {"gender": "female", "id": "400849147", "photo": {"prefix": "https://igx.4sqi.net/img/user/", "suffix": "/400849147_BLDwlsXx_OOUgnhRl07lifzuutJstvukymyJdvAVlgDpqJQYd2XaslwepqH9u9qbNwZ3ZHC2D.jpg"}, "firstName": "Emma", "lastName": "Peet"}, "canonicalUrl": "https://foursquare.com/item/593a4f702bf9a95a1bc9ad7c", "todo": {"count": 0}, "photourl": "https://igx.4sqi.net/img/general/original/400849147_LcHRUXSdktc5kTo4TPDqzfc3iqgWVJ6KfKR_n5fTZ7k.jpg"}]}, {"reasons": {"items": [{"reasonName": "globalInteractionReason", "summary": "This spot is popular", "type": "general"}], "count": 0}, "venue": {"hereNow": {"groups": [], "summary": "Nobody here", "count": 0}, "contact": {"phone": "+6563347887", "formattedPhone": "+65 6334 7887"}, "photos": {"groups": [], "count": 0}, "rating": 6.9, "name": "Sushi Tei", "ratingSignals": 104, "allowMenuUrlEdit": true, "categories": [{"pluralName": "Sushi Restaurants", "id": "4bf58dd8d48988d1d2941735", "primary": true, "icon": {"prefix": "https://ss3.4sqi.net/img/categories_v2/food/sushi_", "suffix": ".png"}, "name": "Sushi Restaurant", "shortName": "Sushi"}], "stats": {"checkinsCount": 5524, "usersCount": 3311, "tipCount": 29}, "id": "4b41e32af964a520cec925e3", "beenHere": {"lastCheckinExpiredAt": 0, "count": 0, "marked": false}, "url": "http://www.sushitei.com", "ratingColor": "FFC800", "location": {"lng": 103.85273683361443, "formattedAddress": ["#03-13/14 Raffles City (252 North Bridge Rd)", "179103", "Singapore"], "postalCode": "179103", "lat": 1.2944617996424013, "crossStreet": "252 North Bridge Rd", "country": "Singapore", "distance": 729, "city": "Singapore", "cc": "SG", "address": "#03-13/14 Raffles City", "labeledLatLngs": [{"lng": 103.85273683361443, "label": "display", "lat": 1.2944617996424013}]}, "hours": {"isLocalHoliday": false, "isOpen": true, "status": "Likely open"}, "verified": false, "price": {"tier": 2, "currency": "$", "message": "Moderate"}}, "referralId": "e-3-4b41e32af964a520cec925e3-151", "tips": [{"id": "4b482a9170c603bbefe78fb4", "text": "Get the membership. Throughly worth it. :)", "disagreeCount": 0, "logView": true, "createdAt": 1263020689, "likes": {"groups": [], "summary": "5 likes", "count": 5}, "todo": {"count": 2}, "agreeCount": 0, "canonicalUrl": "https://foursquare.com/item/4b482a9170c603bbefe78fb4", "type": "user", "user": {"gender": "male", "id": "212152", "photo": {"prefix": "https://igx.4sqi.net/img/user/", "suffix": "/CFWWQ5511BZ3DN5W.png"}, "firstName": "Bjorn", "lastName": "Yeo"}}]}, {"reasons": {"items": [{"reasonName": "globalInteractionReason", "summary": "This spot is popular", "type": "general"}], "count": 0}, "venue": {"hereNow": {"groups": [], "summary": "Nobody here", "count": 0}, "contact": {"facebook": "57432063177", "facebookUsername": "swissotelhotelsresorts", "facebookName": "Swiss\u00f4tel Hotels & Resorts", "formattedPhone": "+65 6431 6156", "twitter": "swissotel", "phone": "+6564316156"}, "photos": {"groups": [], "count": 0}, "rating": 7.0, "name": "Caf\u00e9 Swiss", "ratingSignals": 60, "allowMenuUrlEdit": true, "categories": [{"pluralName": "Caf\u00e9s", "id": "4bf58dd8d48988d16d941735", "primary": true, "icon": {"prefix": "https://ss3.4sqi.net/img/categories_v2/food/cafe_", "suffix": ".png"}, "name": "Caf\u00e9", "shortName": "Caf\u00e9"}], "stats": {"checkinsCount": 1875, "usersCount": 1166, "tipCount": 16}, "id": "4bef783a5e4aa593b01b59bb", "beenHere": {"lastCheckinExpiredAt": 0, "count": 0, "marked": false}, "url": "http://www.swissotel.com/swissotelhotelsresorts", "ratingColor": "C5DE35", "location": {"lng": 103.85382956118796, "formattedAddress": ["Level 2, Swiss\u00f4tel The Stamford (2 Stamford Rd)", "178882", "Singapore"], "postalCode": "178882", "lat": 1.2932769464072191, "crossStreet": "2 Stamford Rd", "country": "Singapore", "distance": 775, "city": "Singapore", "cc": "SG", "address": "Level 2, Swiss\u00f4tel The Stamford", "labeledLatLngs": [{"lng": 103.85382956118796, "label": "display", "lat": 1.2932769464072191}]}, "hours": {"isLocalHoliday": false, "isOpen": false}, "verified": true, "price": {"tier": 1, "currency": "$", "message": "Cheap"}, "storeId": "STS-Caf\u00e9"}, "referralId": "e-3-4bef783a5e4aa593b01b59bb-152", "tips": [{"logView": true, "photo": {"id": "5498493f498e6838a450102d", "visibility": "public", "source": {"name": "Foursquare for iOS", "url": "https://foursquare.com/download/#/iphone"}, "suffix": "/10287291_GnZNynce2Y_xf-T_litCUyM-AvZRFhvh85rDpeap250.jpg", "createdAt": 1419266367, "prefix": "https://igx.4sqi.net/img/general/", "width": 1920, "height": 1440}, "createdAt": 1419266364, "todo": {"count": 0}, "agreeCount": 1, "likes": {"groups": [], "summary": "1 like", "count": 1}, "id": "5498493c498ea1645f768816", "text": "\u0412\u0441\u0435 \u0432\u044b\u0441\u043e\u0447\u0430\u0439\u0448\u0435\u0433\u043e \u043a\u0430\u0447\u0435\u0441\u0442\u0432\u0430. \u0418 \u0432\u043a\u0443\u0441\u043d\u0435\u0439\u0448\u0438\u0439 \u0448\u0432\u0435\u0434\u0441\u043a\u0438\u0439 \u0441\u0442\u043e\u043b \u043d\u0430 \u0437\u0430\u0432\u0442\u0440\u0430\u043a.", "disagreeCount": 0, "user": {"gender": "male", "id": "10287291", "photo": {"prefix": "https://igx.4sqi.net/img/user/", "suffix": "/10287291-Q5YGYQB5ICDYIM2J.jpg"}, "firstName": "\u041d\u0438\u043a\u043e\u043b\u0430\u0439", "lastName": "\u041a\u0430\u043c\u043d\u0435\u0432"}, "canonicalUrl": "https://foursquare.com/item/5498493c498ea1645f768816", "type": "user", "photourl": "https://igx.4sqi.net/img/general/original/10287291_GnZNynce2Y_xf-T_litCUyM-AvZRFhvh85rDpeap250.jpg"}]}, {"reasons": {"items": [{"reasonName": "globalInteractionReason", "summary": "This spot is popular", "type": "general"}], "count": 0}, "venue": {"hereNow": {"groups": [], "summary": "Nobody here", "count": 0}, "contact": {}, "photos": {"groups": [], "count": 0}, "rating": 6.9, "name": "The Green bar", "ratingSignals": 33, "allowMenuUrlEdit": true, "categories": [{"pluralName": "Salad Places", "id": "4bf58dd8d48988d1bd941735", "primary": true, "icon": {"prefix": "https://ss3.4sqi.net/img/categories_v2/food/salad_", "suffix": ".png"}, "name": "Salad Place", "shortName": "Salad"}], "stats": {"checkinsCount": 411, "usersCount": 200, "tipCount": 13}, "id": "500cade0e4b0ddfaa79c6dda", "beenHere": {"lastCheckinExpiredAt": 0, "count": 0, "marked": false}, "ratingColor": "FFC800", "location": {"formattedAddress": ["Level 1 Millenia Walk", "Singapore"], "lat": 1.2936134094182992, "lng": 103.85983688872975, "distance": 738, "country": "Singapore", "cc": "SG", "address": "Level 1 Millenia Walk", "labeledLatLngs": [{"lng": 103.85983688872975, "label": "display", "lat": 1.2936134094182992}]}, "hours": {"isLocalHoliday": false, "isOpen": false}, "verified": false, "price": {"tier": 1, "currency": "$", "message": "Cheap"}}, "referralId": "e-3-500cade0e4b0ddfaa79c6dda-153", "tips": [{"id": "51fce3b5498eedc76572be56", "text": "Flash ur fitness first card and get 10%", "disagreeCount": 0, "logView": true, "createdAt": 1375527861, "likes": {"groups": [], "summary": "3 likes", "count": 3}, "todo": {"count": 0}, "agreeCount": 3, "canonicalUrl": "https://foursquare.com/item/51fce3b5498eedc76572be56", "type": "user", "user": {"id": "224067", "photo": {"prefix": "https://igx.4sqi.net/img/user/", "suffix": "/PK4O4OCRITACURSW.jpg"}, "firstName": "lynnder", "gender": "female"}}]}], "name": "recommended", "type": "Recommended Places"}], "query": "food", "headerLocation": "Downtown Core"}}