{"meta": {"code": 200, "requestId": "595a3af31ed21919fbc60a2f"}, "response": {"suggestedFilters": {"filters": [{"name": "Open now", "key": "openNow"}], "header": "Tap to show:"}, "totalResults": 76, "headerFullLocation": "Downtown Core, Singapore", "headerLocationGranularity": "neighborhood", "suggestedBounds": {"ne": {"lng": 103.86804138226726, "lat": 1.3000915592921771}, "sw": {"lng": 103.85366459424672, "lat": 1.2856915448921629}}, "groups": [{"items": [{"reasons": {"items": [{"reasonName": "globalInteractionReason", "summary": "This spot is popular", "type": "general"}], "count": 0}, "venue": {"hereNow": {"groups": [], "summary": "Nobody here", "count": 0}, "contact": {"phone": "+6567333278", "formattedPhone": "+65 6733 3278"}, "photos": {"groups": [], "count": 0}, "rating": 7.5, "name": "Gajalee", "ratingSignals": 23, "allowMenuUrlEdit": true, "categories": [{"pluralName": "Indian Restaurants", "id": "4bf58dd8d48988d10f941735", "primary": true, "icon": {"prefix": "https://ss3.4sqi.net/img/categories_v2/food/indian_", "suffix": ".png"}, "name": "Indian Restaurant", "shortName": "Indian"}], "stats": {"checkinsCount": 171, "usersCount": 126, "tipCount": 10}, "id": "5103ce92e4b00e3879881c19", "beenHere": {"lastCheckinExpiredAt": 0, "count": 0, "marked": false}, "url": "http://www.gajalee.com", "ratingColor": "C5DE35", "location": {"lng": 103.85647365853409, "formattedAddress": ["8 Raffles Avenue (Esplanade Mall #01-13C)", "039802", "Singapore"], "postalCode": "039802", "lat": 1.2893638988988498, "crossStreet": "Esplanade Mall #01-13C", "distance": 625, "country": "Singapore", "cc": "SG", "address": "8 Raffles Avenue", "labeledLatLngs": [{"lng": 103.85647365853409, "label": "display", "lat": 1.2893638988988498}]}, "verified": false, "price": {"tier": 2, "currency": "$", "message": "Moderate"}}, "referralId": "e-3-5103ce92e4b00e3879881c19-50", "tips": [{"id": "54c86914498e385908575dee", "text": "Order the green chili prawns and kariyali khas (spinach).", "disagreeCount": 0, "logView": true, "createdAt": 1422420244, "likes": {"groups": [], "summary": "1 like", "count": 1}, "todo": {"count": 0}, "agreeCount": 1, "canonicalUrl": "https://foursquare.com/item/54c86914498e385908575dee", "type": "user", "user": {"gender": "female", "id": "261779", "photo": {"prefix": "https://igx.4sqi.net/img/user/", "suffix": "/261779_42P9RXDn_kszHnn2769y0o3BJDWkaM5ougBte7Jc0lg8xk7IQoAlC5YVB4m0kVhjySgJKHtiZ.jpg"}, "firstName": "Si\u00e2n", "lastName": "Ng"}}]}, {"reasons": {"items": [{"reasonName": "globalInteractionReason", "summary": "This spot is popular", "type": "general"}], "count": 0}, "venue": {"hereNow": {"groups": [], "summary": "Nobody here", "count": 0}, "contact": {"phone": "+6563388955", "formattedPhone": "+65 6338 8955"}, "photos": {"groups": [], "count": 0}, "rating": 7.8, "name": "Gunther's Modern French Cuisine", "ratingSignals": 53, "allowMenuUrlEdit": true, "categories": [{"pluralName": "French Restaurants", "id": "4bf58dd8d48988d10c941735", "primary": true, "icon": {"prefix": "https://ss3.4sqi.net/img/categories_v2/food/french_", "suffix": ".png"}, "name": "French Restaurant", "shortName": "French"}], "stats": {"checkinsCount": 985, "usersCount": 566, "tipCount": 28}, "id": "4baaf214f964a520f78e3ae3", "beenHere": {"lastCheckinExpiredAt": 0, "count": 0, "marked": false}, "url": "http://www.gunthers.com.sg", "ratingColor": "C5DE35", "location": {"formattedAddress": ["36 Purvis St.", "Singapore"], "lat": 1.2966395264741837, "lng": 103.8549449450207, "country": "Singapore", "distance": 778, "city": "Singapore", "cc": "SG", "address": "36 Purvis St.", "labeledLatLngs": [{"lng": 103.8549449450207, "label": "display", "lat": 1.2966395264741837}]}, "hours": {"isLocalHoliday": false, "isOpen": true, "status": "Likely open"}, "verified": false, "price": {"tier": 3, "currency": "$", "message": "Expensive"}}, "referralId": "e-3-4baaf214f964a520f78e3ae3-51", "tips": [{"id": "4d5fbaed29ef236a6b3e9c59", "text": "The degustation menu is worth it!", "disagreeCount": 0, "logView": true, "createdAt": 1298119405, "likes": {"groups": [], "summary": "2 likes", "count": 2}, "todo": {"count": 1}, "agreeCount": 0, "canonicalUrl": "https://foursquare.com/item/4d5fbaed29ef236a6b3e9c59", "type": "user", "user": {"gender": "female", "id": "3433392", "photo": {"prefix": "https://igx.4sqi.net/img/user/", "suffix": "/4VBL2GKAEXQ3CW2Q.jpg"}, "firstName": "Violet", "lastName": "Leo"}}]}, {"reasons": {"items": [{"reasonName": "globalInteractionReason", "summary": "This spot is popular", "type": "general"}], "count": 0}, "venue": {"hereNow": {"groups": [], "summary": "Nobody here", "count": 0}, "contact": {}, "photos": {"groups": [], "count": 0}, "rating": 7.1, "name": "Each A Cup", "ratingSignals": 8, "allowMenuUrlEdit": true, "categories": [{"pluralName": "Snack Places", "id": "4bf58dd8d48988d1c7941735", "primary": true, "icon": {"prefix": "https://ss3.4sqi.net/img/categories_v2/food/snacks_", "suffix": ".png"}, "name": "Snack Place", "shortName": "Snacks"}], "stats": {"checkinsCount": 403, "usersCount": 165, "tipCount": 3}, "id": "4cc43111be40a35d57f37c4c", "beenHere": {"lastCheckinExpiredAt": 0, "count": 0, "marked": false}, "ratingColor": "C5DE35", "location": {"lng": 103.86306997118852, "formattedAddress": ["Singapore Flyer (30 Raffles Ave)", "039803", "Singapore"], "postalCode": "039803", "lat": 1.2894559915489523, "crossStreet": "30 Raffles Ave", "country": "Singapore", "distance": 455, "city": "Singapore", "cc": "SG", "address": "Singapore Flyer", "labeledLatLngs": [{"lng": 103.86306997118852, "label": "display", "lat": 1.2894559915489523}]}, "hours": {"isLocalHoliday": false, "isOpen": false}, "verified": false, "price": {"tier": 1, "currency": "$", "message": "Cheap"}}, "referralId": "e-3-4cc43111be40a35d57f37c4c-52", "tips": [{"id": "4d5c98959895b1f74458e70f", "text": "Red Milk Tea is the best ever ^.^", "disagreeCount": 0, "logView": true, "createdAt": 1297914005, "likes": {"groups": [], "summary": "3 likes", "count": 3}, "todo": {"count": 0}, "agreeCount": 0, "canonicalUrl": "https://foursquare.com/item/4d5c98959895b1f74458e70f", "type": "user", "user": {"gender": "female", "id": "6025156", "photo": {"prefix": "https://igx.4sqi.net/img/user/", "suffix": "/XON1XTXOYQN0AEKV.jpg"}, "firstName": "Aozora", "lastName": "Chue\ud83c\udf39"}}]}, {"reasons": {"items": [{"reasonName": "globalInteractionReason", "summary": "This spot is popular", "type": "general"}], "count": 0}, "venue": {"hereNow": {"groups": [], "summary": "Nobody here", "count": 0}, "contact": {}, "photos": {"groups": [], "count": 0}, "rating": 7.1, "name": "The Soup Spoon", "ratingSignals": 27, "allowMenuUrlEdit": true, "categories": [{"pluralName": "Soup Places", "id": "4bf58dd8d48988d1dd931735", "primary": true, "icon": {"prefix": "https://ss3.4sqi.net/img/categories_v2/food/soup_", "suffix": ".png"}, "name": "Soup Place", "shortName": "Soup"}], "stats": {"checkinsCount": 705, "usersCount": 363, "tipCount": 7}, "id": "51e63499498e383b24620c8e", "beenHere": {"lastCheckinExpiredAt": 0, "count": 0, "marked": false}, "ratingColor": "C5DE35", "location": {"lng": 103.85707382483194, "formattedAddress": ["#02-308/311, Suntec City Mall (3 Temasek Blvd.)", "Singapore"], "lat": 1.2934312029450443, "crossStreet": "3 Temasek Blvd.", "country": "Singapore", "distance": 424, "city": "Singapore", "cc": "SG", "address": "#02-308/311, Suntec City Mall", "labeledLatLngs": [{"lng": 103.85707382483194, "label": "display", "lat": 1.2934312029450443}]}, "hours": {"isLocalHoliday": false, "isOpen": true, "status": "Open until 10:00 PM"}, "verified": false, "price": {"tier": 1, "currency": "$", "message": "Cheap"}}, "referralId": "e-3-51e63499498e383b24620c8e-53", "tips": [{"id": "528b0e8f11d2016fe2369844", "text": "he's always smiling politely .. good service.. @ Soe Soe Ho", "disagreeCount": 0, "logView": true, "createdAt": 1384844943, "likes": {"groups": [], "summary": "2 likes", "count": 2}, "todo": {"count": 0}, "agreeCount": 2, "canonicalUrl": "https://foursquare.com/item/528b0e8f11d2016fe2369844", "type": "user", "user": {"id": "4247110", "photo": {"prefix": "https://igx.4sqi.net/img/user/", "suffix": "/4247110-Q35TD1ISO4OMYVNH.jpg"}, "firstName": "\ud83d\udc8e\ud83d\udc8e \ud83d\udc8e", "gender": "female"}}]}, {"reasons": {"items": [{"reasonName": "globalInteractionReason", "summary": "This spot is popular", "type": "general"}], "count": 0}, "venue": {"contact": {"phone": "+6563374640", "formattedPhone": "+65 6337 4640"}, "photos": {"groups": [], "count": 0}, "rating": 7.6, "name": "Chin Chin Eating House", "ratingSignals": 188, "allowMenuUrlEdit": true, "categories": [{"pluralName": "Hainan Restaurants", "id": "52af3abe3cf9994f4e043bf2", "primary": true, "icon": {"prefix": "https://ss3.4sqi.net/img/categories_v2/food/asian_", "suffix": ".png"}, "name": "Hainan Restaurant", "shortName": "Hainan"}], "stats": {"checkinsCount": 3567, "usersCount": 2177, "tipCount": 59}, "id": "4b0eb596f964a520ea5923e3", "beenHere": {"lastCheckinExpiredAt": 0, "count": 0, "marked": false}, "ratingColor": "C5DE35", "location": {"formattedAddress": ["19 Purvis Street", "Singapore"], "lat": 1.2962069848248168, "lng": 103.85540921916001, "country": "Singapore", "distance": 709, "city": "Singapore", "cc": "SG", "address": "19 Purvis Street", "labeledLatLngs": [{"lng": 103.85540921916001, "label": "display", "lat": 1.2962069848248168}]}, "hours": {"isLocalHoliday": false, "isOpen": true, "status": "Likely open"}, "verified": false, "hereNow": {"groups": [], "summary": "Nobody here", "count": 0}}, "referralId": "e-3-4b0eb596f964a520ea5923e3-54", "tips": [{"id": "4ec17bc9003940d47f989c3e", "text": "This eatery, established in 1953 is home to famous chicken rice. Most people still speak the traditional dialect of Hainanese here. As seen on Travel Channel\u2019s The Layover with Anthony Bourdain.", "disagreeCount": 1, "logView": true, "createdAt": 1321302985, "likes": {"groups": [], "summary": "11 likes", "count": 11}, "todo": {"count": 22}, "agreeCount": 11, "canonicalUrl": "https://foursquare.com/item/4ec17bc9003940d47f989c3e", "type": "user", "user": {"id": "4579353", "photo": {"prefix": "https://igx.4sqi.net/img/user/", "suffix": "/ZGHRWHQBJWG3G2A5.jpg"}, "firstName": "Travel Channel", "type": "page", "gender": "none"}}]}, {"reasons": {"items": [{"reasonName": "globalInteractionReason", "summary": "This spot is popular", "type": "general"}], "count": 0}, "venue": {"hereNow": {"groups": [], "summary": "Nobody here", "count": 0}, "contact": {"facebook": "1510134105945335", "facebookUsername": "sumiyasuntec", "facebookName": "Sumiya at Suntec City", "phone": "+6562351816", "formattedPhone": "+65 6235 1816"}, "photos": {"groups": [], "count": 0}, "rating": 7.0, "name": "Sumiya Seafood Grill Sake", "ratingSignals": 11, "allowMenuUrlEdit": true, "categories": [{"pluralName": "Japanese Restaurants", "id": "4bf58dd8d48988d111941735", "primary": true, "icon": {"prefix": "https://ss3.4sqi.net/img/categories_v2/food/japanese_", "suffix": ".png"}, "name": "Japanese Restaurant", "shortName": "Japanese"}], "stats": {"checkinsCount": 202, "usersCount": 122, "tipCount": 3}, "id": "55921795498e888b3c1626fb", "beenHere": {"lastCheckinExpiredAt": 0, "count": 0, "marked": false}, "url": "http://www.sumiya.com.sg", "ratingColor": "C5DE35", "location": {"lng": 103.85872712681591, "formattedAddress": ["Suntec City Mall, Sky Garden, North Wing (3 Temasek Boulevard)", "038983", "Singapore"], "postalCode": "038983", "lat": 1.295557877591338, "crossStreet": "3 Temasek Boulevard", "country": "Singapore", "distance": 379, "city": "Singapore", "cc": "SG", "address": "Suntec City Mall, Sky Garden, North Wing", "labeledLatLngs": [{"lng": 103.85872712681591, "label": "display", "lat": 1.295557877591338}]}, "hours": {"isLocalHoliday": false, "isOpen": true, "status": "Open until 10:00 PM"}, "verified": false, "price": {"tier": 2, "currency": "$", "message": "Moderate"}}, "referralId": "e-3-55921795498e888b3c1626fb-55", "tips": [{"logView": true, "photo": {"id": "5869cb1f424f937f62d388a8", "visibility": "public", "source": {"name": "Foursquare for iOS", "url": "https://foursquare.com/download/#/iphone"}, "suffix": "/87799097_ua2YpACHowLJiGayFvPWMYFsuMCfmuGFEcX7_LzYf5M.jpg", "createdAt": 1483328287, "prefix": "https://igx.4sqi.net/img/general/", "width": 1440, "height": 1440}, "createdAt": 1483328285, "agreeCount": 0, "id": "5869cb1df84085303f43688d", "text": "Unagi and tempura don \ud83d\ude0b so good washed down with a happy hour beer", "type": "user", "disagreeCount": 0, "user": {"gender": "none", "id": "87799097", "photo": {"prefix": "https://igx.4sqi.net/img/user/", "default": true, "suffix": "/blank_boy.png"}, "firstName": "Ab", "lastName": "T"}, "canonicalUrl": "https://foursquare.com/item/5869cb1df84085303f43688d", "todo": {"count": 0}, "photourl": "https://igx.4sqi.net/img/general/original/87799097_ua2YpACHowLJiGayFvPWMYFsuMCfmuGFEcX7_LzYf5M.jpg"}]}, {"reasons": {"items": [{"reasonName": "globalInteractionReason", "summary": "This spot is popular", "type": "general"}], "count": 0}, "venue": {"hereNow": {"groups": [], "summary": "Nobody here", "count": 0}, "contact": {"facebook": "157013014339616", "facebookName": "Real Food . cafe . grocer . books", "phone": "+6563842206", "formattedPhone": "+65 6384 2206"}, "photos": {"groups": [], "count": 0}, "rating": 7.4, "name": "Real Food", "ratingSignals": 9, "allowMenuUrlEdit": true, "categories": [{"pluralName": "Vegetarian / Vegan Restaurants", "id": "4bf58dd8d48988d1d3941735", "primary": true, "icon": {"prefix": "https://ss3.4sqi.net/img/categories_v2/food/vegetarian_", "suffix": ".png"}, "name": "Vegetarian / Vegan Restaurant", "shortName": "Vegetarian / Vegan"}], "stats": {"checkinsCount": 65, "usersCount": 33, "tipCount": 5}, "id": "57aab123cd1084d55e1be6ef", "beenHere": {"lastCheckinExpiredAt": 0, "count": 0, "marked": false}, "url": "http://realfoodgrocer.com", "ratingColor": "C5DE35", "location": {"lng": 103.85548174381256, "formattedAddress": ["#B1-19 South Beach (30 Beach Road)", "189768", "Singapore"], "postalCode": "189768", "lat": 1.2940826332147404, "crossStreet": "30 Beach Road", "country": "Singapore", "distance": 612, "city": "Singapore", "cc": "SG", "address": "#B1-19 South Beach", "labeledLatLngs": [{"lng": 103.85548174381256, "label": "display", "lat": 1.2940826332147404}]}, "hours": {"isLocalHoliday": false, "isOpen": false, "status": "Closed until 8:30 AM tomorrow"}, "verified": false, "price": {"tier": 2, "currency": "$", "message": "Moderate"}}, "referralId": "e-3-57aab123cd1084d55e1be6ef-56", "tips": [{"logView": true, "photo": {"id": "593bfa0e17556222c047fe02", "visibility": "public", "source": {"name": "Foursquare for iOS", "url": "https://foursquare.com/download/#/iphone"}, "suffix": "/8821135_yjF9HLq5gSvNd7qN5657TvtuUQ3LtsO6IkJapSH8bSU.jpg", "createdAt": 1497102862, "prefix": "https://igx.4sqi.net/img/general/", "width": 1440, "height": 1799}, "createdAt": 1497102859, "agreeCount": 0, "id": "593bfa0b207955410277d046", "text": "Love the environment as it's quiet and you can relax yourself over there.. nice food too..", "type": "user", "disagreeCount": 0, "user": {"gender": "male", "id": "8821135", "photo": {"prefix": "https://igx.4sqi.net/img/user/", "suffix": "/8821135-GZJHYCWCFRHLJR2Z.jpg"}, "firstName": "elwen", "lastName": "poon"}, "canonicalUrl": "https://foursquare.com/item/593bfa0b207955410277d046", "todo": {"count": 0}, "photourl": "https://igx.4sqi.net/img/general/original/8821135_yjF9HLq5gSvNd7qN5657TvtuUQ3LtsO6IkJapSH8bSU.jpg"}]}, {"reasons": {"items": [{"reasonName": "globalInteractionReason", "summary": "This spot is popular", "type": "general"}], "count": 0}, "venue": {"hereNow": {"groups": [], "summary": "Nobody here", "count": 0}, "contact": {}, "photos": {"groups": [], "count": 0}, "rating": 7.7, "name": "Ah Loy Thai", "ratingSignals": 9, "allowMenuUrlEdit": true, "categories": [{"pluralName": "Thai Restaurants", "id": "4bf58dd8d48988d149941735", "primary": true, "icon": {"prefix": "https://ss3.4sqi.net/img/categories_v2/food/thai_", "suffix": ".png"}, "name": "Thai Restaurant", "shortName": "Thai"}], "stats": {"checkinsCount": 151, "usersCount": 117, "tipCount": 1}, "id": "5809abe738fab1dc497bd39f", "beenHere": {"lastCheckinExpiredAt": 0, "count": 0, "marked": false}, "ratingColor": "C5DE35", "location": {"lng": 103.857104, "formattedAddress": ["9 Tan Quee Lan Street (#01-04)", "188098", "Singapore"], "postalCode": "188098", "lat": 1.298661, "crossStreet": "#01-04", "country": "Singapore", "distance": 765, "city": "Bugis/Beach Rd", "cc": "SG", "address": "9 Tan Quee Lan Street", "labeledLatLngs": [{"lng": 103.857104, "label": "display", "lat": 1.298661}]}, "verified": false, "price": {"tier": 2, "currency": "$", "message": "Moderate"}}, "referralId": "e-3-5809abe738fab1dc497bd39f-57", "tips": [{"id": "5831b66a4c531271cf99a2d1", "text": "Tom yum soup is amazing!", "disagreeCount": 0, "createdAt": 1479652970, "logView": true, "todo": {"count": 0}, "agreeCount": 0, "canonicalUrl": "https://foursquare.com/item/5831b66a4c531271cf99a2d1", "type": "user", "user": {"gender": "female", "id": "131074347", "photo": {"prefix": "https://igx.4sqi.net/img/user/", "suffix": "/131074347-AK4YZG4YTEMM5H1M.jpg"}, "firstName": "Hazel", "lastName": "Fu"}}]}, {"reasons": {"items": [{"reasonName": "globalInteractionReason", "summary": "This spot is popular", "type": "general"}], "count": 0}, "venue": {"hereNow": {"groups": [], "summary": "Nobody here", "count": 0}, "contact": {"phone": "+6591250124", "formattedPhone": "+65 9125 0124"}, "photos": {"groups": [], "count": 0}, "rating": 7.7, "name": "Saveur", "ratingSignals": 240, "allowMenuUrlEdit": true, "categories": [{"pluralName": "French Restaurants", "id": "4bf58dd8d48988d10c941735", "primary": true, "icon": {"prefix": "https://ss3.4sqi.net/img/categories_v2/food/french_", "suffix": ".png"}, "name": "French Restaurant", "shortName": "French"}], "stats": {"checkinsCount": 4260, "usersCount": 2856, "tipCount": 92}, "id": "4f781b85e4b067aa302b6c43", "beenHere": {"lastCheckinExpiredAt": 0, "count": 0, "marked": false}, "url": "http://www.saveur.sg", "ratingColor": "C5DE35", "location": {"lng": 103.85488266446404, "formattedAddress": ["#01-04, Talib Court (5 Purvis St)", "188584", "Singapore"], "postalCode": "188584", "lat": 1.2967404277942134, "crossStreet": "5 Purvis St", "country": "Singapore", "distance": 790, "city": "Singapore", "cc": "SG", "address": "#01-04, Talib Court", "labeledLatLngs": [{"lng": 103.85488266446404, "label": "display", "lat": 1.2967404277942134}]}, "hours": {"isLocalHoliday": false, "isOpen": true, "status": "Open until 9:30 PM"}, "verified": false, "price": {"tier": 3, "currency": "$", "message": "Expensive"}}, "referralId": "e-3-4f781b85e4b067aa302b6c43-58", "tips": [{"logView": true, "photo": {"id": "5023a57ee4b0578fd3714e93", "visibility": "public", "source": {"name": "Foursquare for iOS", "url": "https://foursquare.com/download/#/iphone"}, "suffix": "/pGkgfJvhs29eZSXYBl_UWZrRE19xjovKSKF477aKn2Y.jpg", "createdAt": 1344513406, "prefix": "https://igx.4sqi.net/img/general/", "width": 720, "height": 540}, "createdAt": 1344513389, "todo": {"count": 1}, "agreeCount": 9, "likes": {"groups": [], "summary": "9 likes", "count": 9}, "id": "5023a56de4b03cb31c6297b4", "text": "Affordable and delicious French food. Try the foie gras with lentils if you want it savoury, the one with apple if you want it sweet.", "disagreeCount": 0, "user": {"gender": "male", "id": "200696", "photo": {"prefix": "https://igx.4sqi.net/img/user/", "suffix": "/0DG0Q0X2KOE4CUPD.jpg"}, "firstName": "Jose", "lastName": "Mella"}, "canonicalUrl": "https://foursquare.com/item/5023a56de4b03cb31c6297b4", "type": "user", "photourl": "https://igx.4sqi.net/img/general/original/pGkgfJvhs29eZSXYBl_UWZrRE19xjovKSKF477aKn2Y.jpg"}]}, {"reasons": {"items": [{"reasonName": "globalInteractionReason", "summary": "This spot is popular", "type": "general"}], "count": 0}, "venue": {"hereNow": {"groups": [], "summary": "Nobody here", "count": 0}, "contact": {}, "photos": {"groups": [], "count": 0}, "rating": 7.4, "name": "Supreme Pork Chop Rice \u4e00\u54c1\u6392\u9aa8\u996d", "ratingSignals": 76, "allowMenuUrlEdit": true, "categories": [{"pluralName": "Chinese Restaurants", "id": "4bf58dd8d48988d145941735", "primary": true, "icon": {"prefix": "https://ss3.4sqi.net/img/categories_v2/food/asian_", "suffix": ".png"}, "name": "Chinese Restaurant", "shortName": "Chinese"}], "stats": {"checkinsCount": 1156, "usersCount": 523, "tipCount": 37}, "id": "4b7b85d5f964a5203c662fe3", "beenHere": {"lastCheckinExpiredAt": 0, "count": 0, "marked": false}, "ratingColor": "C5DE35", "location": {"lng": 103.85630380062862, "formattedAddress": ["#B1-01, Bulkhaul House (67 Beach Rd.)", "189688", "Singapore"], "postalCode": "189688", "lat": 1.2967415120965848, "crossStreet": "67 Beach Rd.", "country": "Singapore", "distance": 663, "city": "Singapore", "cc": "SG", "address": "#B1-01, Bulkhaul House", "labeledLatLngs": [{"lng": 103.85630380062862, "label": "display", "lat": 1.2967415120965848}]}, "hours": {"isLocalHoliday": false, "isOpen": false, "status": "Closed until 10:00 AM tomorrow"}, "verified": false, "price": {"tier": 1, "currency": "$", "message": "Cheap"}}, "referralId": "e-3-4b7b85d5f964a5203c662fe3-59", "tips": [{"logView": true, "createdAt": 1367497634, "editedAt": 1376974261, "agreeCount": 2, "likes": {"groups": [], "summary": "2 likes", "count": 2}, "id": "51825ba2498ee97cc44e4523", "text": "Channel 8 \u6392\u6392\u7ad9\uff0c\u67e5\u67e5\u770b 4. Open: 1000 to 2000 Hrs. Rest on Sun. \u201c\u6392\u9aa8\uff1d\u6392\u51fa\u90a3\u4e2a\u9aa8\u201d\u00a01.29692,103.85645", "type": "user", "disagreeCount": 0, "user": {"gender": "male", "id": "44281896", "photo": {"prefix": "https://igx.4sqi.net/img/user/", "suffix": "/BY13F5T2JHUBDMJP.jpg"}, "firstName": "Neu", "lastName": "Tea"}, "canonicalUrl": "https://foursquare.com/item/51825ba2498ee97cc44e4523", "todo": {"count": 0}}]}, {"reasons": {"items": [{"reasonName": "globalInteractionReason", "summary": "This spot is popular", "type": "general"}], "count": 0}, "venue": {"hereNow": {"groups": [{"items": [], "name": "Other people here", "count": 1, "type": "others"}], "summary": "One other person is here", "count": 1}, "contact": {"instagram": "gudetamacafesg", "facebookUsername": "gudetamacafesg", "facebookName": "Gudetama Caf\u00e9 Singapore", "facebook": "173036276456410"}, "photos": {"groups": [], "count": 0}, "rating": 7.0, "name": "Gudetama Caf\u00e9", "ratingSignals": 44, "allowMenuUrlEdit": true, "categories": [{"pluralName": "Japanese Restaurants", "id": "4bf58dd8d48988d111941735", "primary": true, "icon": {"prefix": "https://ss3.4sqi.net/img/categories_v2/food/japanese_", "suffix": ".png"}, "name": "Japanese Restaurant", "shortName": "Japanese"}], "stats": {"checkinsCount": 686, "usersCount": 614, "tipCount": 12}, "id": "583b984cd7b47337a0adbb24", "beenHere": {"lastCheckinExpiredAt": 0, "count": 0, "marked": false}, "url": "http://www.gudetamacafe.sg", "ratingColor": "C5DE35", "location": {"lng": 103.857036, "formattedAddress": ["#01-361 Suntec City Mall (3 Temasek Boulevard)", "038983", "Singapore"], "postalCode": "038983", "lat": 1.292978, "crossStreet": "3 Temasek Boulevard", "country": "Singapore", "distance": 424, "city": "Singapore", "cc": "SG", "address": "#01-361 Suntec City Mall", "labeledLatLngs": [{"lng": 103.857036, "label": "display", "lat": 1.292978}]}, "hours": {"isLocalHoliday": false, "isOpen": false}, "verified": false, "price": {"tier": 2, "currency": "$", "message": "Moderate"}}, "referralId": "e-3-583b984cd7b47337a0adbb24-60", "tips": [{"logView": true, "photo": {"id": "593a4f729d6a1909db20b490", "visibility": "public", "source": {"name": "Foursquare for iOS", "url": "https://foursquare.com/download/#/iphone"}, "suffix": "/400849147_LcHRUXSdktc5kTo4TPDqzfc3iqgWVJ6KfKR_n5fTZ7k.jpg", "createdAt": 1496993650, "prefix": "https://igx.4sqi.net/img/general/", "width": 1440, "height": 1920}, "createdAt": 1496993648, "agreeCount": 0, "id": "593a4f702bf9a95a1bc9ad7c", "text": "They put way too much fake cheese on my eggs, ruined the meal. Service was good and the whole place is very cute and unique, expensive tho. Smoked salmon+dessert+service charge= 40SGD", "type": "user", "disagreeCount": 0, "user": {"gender": "female", "id": "400849147", "photo": {"prefix": "https://igx.4sqi.net/img/user/", "suffix": "/400849147_BLDwlsXx_OOUgnhRl07lifzuutJstvukymyJdvAVlgDpqJQYd2XaslwepqH9u9qbNwZ3ZHC2D.jpg"}, "firstName": "Emma", "lastName": "Peet"}, "canonicalUrl": "https://foursquare.com/item/593a4f702bf9a95a1bc9ad7c", "todo": {"count": 0}, "photourl": "https://igx.4sqi.net/img/general/original/400849147_LcHRUXSdktc5kTo4TPDqzfc3iqgWVJ6KfKR_n5fTZ7k.jpg"}]}, {"reasons": {"items": [{"reasonName": "globalInteractionReason", "summary": "This spot is popular", "type": "general"}], "count": 0}, "venue": {"hereNow": {"groups": [], "summary": "Nobody here", "count": 0}, "contact": {"phone": "+6563339148", "formattedPhone": "+65 6333 9148"}, "photos": {"groups": [], "count": 0}, "rating": 7.5, "name": "\u91cd\u5e86\u70e4\u9c7c", "ratingSignals": 12, "allowMenuUrlEdit": true, "categories": [{"pluralName": "Chinese Restaurants", "id": "4bf58dd8d48988d145941735", "primary": true, "icon": {"prefix": "https://ss3.4sqi.net/img/categories_v2/food/asian_", "suffix": ".png"}, "name": "Chinese Restaurant", "shortName": "Chinese"}], "stats": {"checkinsCount": 306, "usersCount": 191, "tipCount": 4}, "id": "50422522e4b0f7ca2c523436", "beenHere": {"lastCheckinExpiredAt": 0, "count": 0, "marked": false}, "url": "http://www.cqgf.com.sg", "ratingColor": "C5DE35", "location": {"lng": 103.85654726369232, "formattedAddress": ["Liang Seah Street (Liang Seah Street)", "Singapore"], "lat": 1.2979650612313012, "crossStreet": "Liang Seah Street", "country": "Singapore", "distance": 740, "city": "Singapore", "cc": "SG", "address": "Liang Seah Street", "labeledLatLngs": [{"lng": 103.85654726369232, "label": "display", "lat": 1.2979650612313012}]}, "hours": {"isLocalHoliday": false, "isOpen": true, "status": "Likely open"}, "verified": false, "price": {"tier": 1, "currency": "$", "message": "Cheap"}}, "referralId": "e-3-50422522e4b0f7ca2c523436-61", "tips": [{"id": "52a52cba498e4e88f8be4899", "text": "Go for the \u9ebb\u8fa3\u5927\u8fa3\uff01Shiok to the max!", "disagreeCount": 0, "logView": true, "createdAt": 1386556602, "likes": {"groups": [], "summary": "1 like", "count": 1}, "todo": {"count": 0}, "agreeCount": 1, "canonicalUrl": "https://foursquare.com/item/52a52cba498e4e88f8be4899", "type": "user", "user": {"gender": "female", "id": "1105274", "photo": {"prefix": "https://igx.4sqi.net/img/user/", "suffix": "/I2KBJXOQCAL33O2P.jpg"}, "firstName": "Edna", "lastName": "Chua"}}]}, {"reasons": {"items": [{"reasonName": "globalInteractionReason", "summary": "This spot is popular", "type": "general"}], "count": 0}, "venue": {"hereNow": {"groups": [], "summary": "Nobody here", "count": 0}, "contact": {"facebook": "160364164413834", "facebookUsername": "yellowcabpizzasg", "facebookName": "Yellow Cab Pizza Co. Singapore", "phone": "+6563279000", "formattedPhone": "+65 6327 9000"}, "photos": {"groups": [], "count": 0}, "rating": 7.2, "name": "Yellow Cab Pizza Co.", "ratingSignals": 11, "allowMenuUrlEdit": true, "categories": [{"pluralName": "Pizza Places", "id": "4bf58dd8d48988d1ca941735", "primary": true, "icon": {"prefix": "https://ss3.4sqi.net/img/categories_v2/food/pizza_", "suffix": ".png"}, "name": "Pizza Place", "shortName": "Pizza"}], "stats": {"checkinsCount": 142, "usersCount": 109, "tipCount": 5}, "id": "5848f758e9efba7a4ea64be1", "beenHere": {"lastCheckinExpiredAt": 0, "count": 0, "marked": false}, "ratingColor": "C5DE35", "location": {"lng": 103.855785, "formattedAddress": ["B1-01/02 Citylink Mall (1 Raffles Link)", "Singapore"], "lat": 1.292189, "crossStreet": "1 Raffles Link", "distance": 569, "country": "Singapore", "cc": "SG", "address": "B1-01/02 Citylink Mall", "labeledLatLngs": [{"lng": 103.855785, "label": "display", "lat": 1.292189}]}, "hours": {"isLocalHoliday": false, "isOpen": true, "status": "Open until 10:00 PM"}, "verified": false, "price": {"tier": 1, "currency": "$", "message": "Cheap"}}, "referralId": "e-3-5848f758e9efba7a4ea64be1-62", "tips": [{"logView": true, "photo": {"id": "5889418f9dc8d01a72591320", "visibility": "public", "source": {"name": "Foursquare for iOS", "url": "https://foursquare.com/download/#/iphone"}, "suffix": "/7428646_e2hW6FduJqanEOnLcrXIMUrZypWCta5vt_bh92E0Zbk.jpg", "createdAt": 1485390223, "prefix": "https://igx.4sqi.net/img/general/", "width": 1920, "height": 1440}, "createdAt": 1485390207, "agreeCount": 0, "id": "5889417f561ded40da77a1c1", "text": "Pizza & Pasta at its best! 4 season + Charlie Chan pasta \ud83d\ude0b The spag mealballs is quite bland.", "type": "user", "disagreeCount": 0, "user": {"gender": "female", "id": "7428646", "photo": {"prefix": "https://igx.4sqi.net/img/user/", "suffix": "/7428646-PKNT3URRJTM1MWZB.jpg"}, "firstName": "Chriszy", "lastName": "Bandong"}, "canonicalUrl": "https://foursquare.com/item/5889417f561ded40da77a1c1", "todo": {"count": 0}, "photourl": "https://igx.4sqi.net/img/general/original/7428646_e2hW6FduJqanEOnLcrXIMUrZypWCta5vt_bh92E0Zbk.jpg"}]}, {"reasons": {"items": [{"reasonName": "globalInteractionReason", "summary": "This spot is popular", "type": "general"}], "count": 0}, "venue": {"venuePage": {"id": "179056159"}, "hereNow": {"groups": [], "summary": "Nobody here", "count": 0}, "contact": {"facebook": "49824877306", "facebookUsername": "garibaldirestaurant", "facebookName": "Garibaldi Italian Restaurant & Bar", "formattedPhone": "+65 6837 1468", "twitter": "garibaldisin", "phone": "+6568371468"}, "photos": {"groups": [], "count": 0}, "rating": 7.5, "name": "Garibaldi Italian Restaurant & Bar", "ratingSignals": 74, "allowMenuUrlEdit": true, "categories": [{"pluralName": "Italian Restaurants", "id": "4bf58dd8d48988d110941735", "primary": true, "icon": {"prefix": "https://ss3.4sqi.net/img/categories_v2/food/italian_", "suffix": ".png"}, "name": "Italian Restaurant", "shortName": "Italian"}], "stats": {"checkinsCount": 1514, "usersCount": 840, "tipCount": 27}, "id": "4ece7d304fc68d9eb3f1b4d0", "beenHere": {"lastCheckinExpiredAt": 0, "count": 0, "marked": false}, "url": "http://www.garibaldi.com.sg", "ratingColor": "C5DE35", "location": {"formattedAddress": ["36 Purvis Street #01-02", "188613", "Singapore"], "postalCode": "188613", "lat": 1.2965433540092381, "lng": 103.85503553497222, "country": "Singapore", "distance": 764, "city": "Singapore", "cc": "SG", "address": "36 Purvis Street #01-02", "labeledLatLngs": [{"lng": 103.85503553497222, "label": "display", "lat": 1.2965433540092381}]}, "hours": {"isLocalHoliday": false, "isOpen": true, "status": "Likely open"}, "verified": true, "price": {"tier": 2, "currency": "$", "message": "Moderate"}, "storeId": ""}, "referralId": "e-3-4ece7d304fc68d9eb3f1b4d0-63", "tips": [{"id": "4d379e58b9e5224b83a54c90", "text": "A place where blood spills, vulgarities spoken, food mysteriously vanishes, knifes fly and flames of passions ignites...!!!!", "disagreeCount": 0, "logView": true, "createdAt": 1295490648, "likes": {"groups": [], "summary": "2 likes", "count": 2}, "todo": {"count": 0}, "agreeCount": 0, "canonicalUrl": "https://foursquare.com/item/4d379e58b9e5224b83a54c90", "type": "user", "user": {"gender": "male", "id": "5905491", "photo": {"prefix": "https://igx.4sqi.net/img/user/", "suffix": "/42EY1LHP1YNBYSAI.jpg"}, "firstName": "FatCatz", "lastName": "Ferdinand"}}]}, {"reasons": {"items": [{"reasonName": "globalInteractionReason", "summary": "This spot is popular", "type": "general"}], "count": 0}, "venue": {"hereNow": {"groups": [], "summary": "Nobody here", "count": 0}, "contact": {}, "photos": {"groups": [], "count": 0}, "rating": 7.1, "name": "SaladStop!", "ratingSignals": 17, "allowMenuUrlEdit": true, "categories": [{"pluralName": "Salad Places", "id": "4bf58dd8d48988d1bd941735", "primary": true, "icon": {"prefix": "https://ss3.4sqi.net/img/categories_v2/food/salad_", "suffix": ".png"}, "name": "Salad Place", "shortName": "Salad"}], "stats": {"checkinsCount": 402, "usersCount": 206, "tipCount": 4}, "id": "4feead6ee4b0bfd1e580373a", "beenHere": {"lastCheckinExpiredAt": 0, "count": 0, "marked": false}, "ratingColor": "C5DE35", "location": {"formattedAddress": ["B1-13 City Link Mall", "Singapore"], "lat": 1.292216259309619, "lng": 103.85574893294888, "country": "Singapore", "distance": 572, "city": "Singapore", "cc": "SG", "address": "B1-13 City Link Mall", "labeledLatLngs": [{"lng": 103.85574893294888, "label": "display", "lat": 1.292216259309619}]}, "hours": {"isLocalHoliday": false, "isOpen": true, "status": "Likely open"}, "verified": false, "price": {"tier": 1, "currency": "$", "message": "Cheap"}}, "referralId": "e-3-4feead6ee4b0bfd1e580373a-64", "tips": [{"id": "571a1903498ececc9c80960f", "text": "Overpriced, Simply Wrapps at Raffles City basement has better value.", "disagreeCount": 0, "createdAt": 1461328131, "logView": true, "todo": {"count": 0}, "agreeCount": 0, "canonicalUrl": "https://foursquare.com/item/571a1903498ececc9c80960f", "type": "user", "user": {"gender": "male", "id": "643939", "photo": {"prefix": "https://igx.4sqi.net/img/user/", "suffix": "/F5OFD0XQR3YANVGD.jpg"}, "firstName": "Gregory", "lastName": "Chan"}}]}, {"reasons": {"items": [{"reasonName": "globalInteractionReason", "summary": "This spot is popular", "type": "general"}], "count": 0}, "venue": {"hereNow": {"groups": [], "summary": "Nobody here", "count": 0}, "contact": {"phone": "+6562504826", "formattedPhone": "+65 6250 4826"}, "photos": {"groups": [], "count": 0}, "rating": 7.0, "name": "Kai Garden \u5609\u82d1", "ratingSignals": 20, "allowMenuUrlEdit": true, "categories": [{"pluralName": "Asian Restaurants", "id": "4bf58dd8d48988d142941735", "primary": true, "icon": {"prefix": "https://ss3.4sqi.net/img/categories_v2/food/asian_", "suffix": ".png"}, "name": "Asian Restaurant", "shortName": "Asian"}], "stats": {"checkinsCount": 148, "usersCount": 103, "tipCount": 7}, "id": "56aeed74498e83965049a7a5", "beenHere": {"lastCheckinExpiredAt": 0, "count": 0, "marked": false}, "url": "http://www.kaigarden.com.sg", "ratingColor": "C5DE35", "location": {"formattedAddress": ["#03-128A/B Marina Square", "039594", "Singapore"], "postalCode": "039594", "lat": 1.290215406577363, "lng": 103.8570964726686, "country": "Singapore", "distance": 513, "city": "Singapore", "cc": "SG", "address": "#03-128A/B Marina Square", "labeledLatLngs": [{"lng": 103.8570964726686, "label": "display", "lat": 1.290215406577363}]}, "hours": {"isLocalHoliday": false, "isOpen": true, "status": "Open until 11:00 PM"}, "verified": false, "price": {"tier": 2, "currency": "$", "message": "Moderate"}}, "referralId": "e-3-56aeed74498e83965049a7a5-65", "tips": [{"logView": true, "photo": {"id": "56b6c7a0498e7c199a74704b", "visibility": "public", "source": {"name": "Foursquare for iOS", "url": "https://foursquare.com/download/#/iphone"}, "suffix": "/1800723_Gg8Bcp1lknKjOqGyAYWhcQgbd0CJfuzD1apHUOAtEx8.jpg", "createdAt": 1454819232, "prefix": "https://igx.4sqi.net/img/general/", "width": 1440, "height": 1440}, "createdAt": 1454819230, "todo": {"count": 0}, "agreeCount": 1, "likes": {"groups": [], "summary": "1 like", "count": 1}, "id": "56b6c79e498e35d9993c2509", "text": "Excellent food and you would expect no less when you find out that the former Chef from Taste Paradise is helming the kitchen.", "disagreeCount": 0, "user": {"gender": "male", "id": "1800723", "photo": {"prefix": "https://igx.4sqi.net/img/user/", "suffix": "/1800723-F0WUFP4XHA0UK4LZ.jpg"}, "firstName": "Leonard", "lastName": "Ong"}, "canonicalUrl": "https://foursquare.com/item/56b6c79e498e35d9993c2509", "type": "user", "photourl": "https://igx.4sqi.net/img/general/original/1800723_Gg8Bcp1lknKjOqGyAYWhcQgbd0CJfuzD1apHUOAtEx8.jpg"}]}, {"reasons": {"items": [{"reasonName": "globalInteractionReason", "summary": "This spot is popular", "type": "general"}], "count": 0}, "venue": {"hereNow": {"groups": [], "summary": "Nobody here", "count": 0}, "contact": {}, "photos": {"groups": [], "count": 0}, "rating": 7.3, "name": "Chong Qing Grilled Fish", "ratingSignals": 30, "allowMenuUrlEdit": true, "categories": [{"pluralName": "Asian Restaurants", "id": "4bf58dd8d48988d142941735", "primary": true, "icon": {"prefix": "https://ss3.4sqi.net/img/categories_v2/food/asian_", "suffix": ".png"}, "name": "Asian Restaurant", "shortName": "Asian"}], "stats": {"checkinsCount": 1245, "usersCount": 765, "tipCount": 9}, "id": "4cb83d4a4c60a093cb2c37ca", "beenHere": {"lastCheckinExpiredAt": 0, "count": 0, "marked": false}, "url": "http://www.cqgf.com.sg", "ratingColor": "C5DE35", "location": {"formattedAddress": ["Liang Seah Street", "Singapore"], "lat": 1.297941, "lng": 103.85655868571428, "country": "Singapore", "distance": 737, "city": "Singapore", "cc": "SG", "address": "Liang Seah Street", "labeledLatLngs": [{"lng": 103.85655868571428, "label": "display", "lat": 1.297941}]}, "hours": {"isLocalHoliday": false, "isOpen": true, "status": "Likely open"}, "verified": false, "price": {"tier": 2, "currency": "$", "message": "Moderate"}}, "referralId": "e-3-4cb83d4a4c60a093cb2c37ca-66", "tips": [{"id": "52025775498e70a25806cb42", "text": "Delicious ... Must try!", "disagreeCount": 0, "logView": true, "createdAt": 1375885173, "likes": {"groups": [], "summary": "1 like", "count": 1}, "todo": {"count": 0}, "agreeCount": 1, "canonicalUrl": "https://foursquare.com/item/52025775498e70a25806cb42", "type": "user", "user": {"gender": "male", "id": "20194169", "photo": {"prefix": "https://igx.4sqi.net/img/user/", "suffix": "/20194169-KNZXJVK3YW5HOTAX.jpg"}, "firstName": "Htun Naing", "lastName": "Lynn"}}]}, {"reasons": {"items": [{"reasonName": "globalInteractionReason", "summary": "This spot is popular", "type": "general"}], "count": 0}, "venue": {"contact": {"facebook": "264038863100", "facebookUsername": "makansutra", "facebookName": "Makansutra", "formattedPhone": "+65 6438 4038", "twitter": "makansutra", "phone": "+6564384038"}, "photos": {"groups": [], "count": 0}, "rating": 7.0, "name": "Makansutra Gluttons Bay", "ratingSignals": 520, "allowMenuUrlEdit": true, "categories": [{"pluralName": "Food Courts", "id": "4bf58dd8d48988d120951735", "primary": true, "icon": {"prefix": "https://ss3.4sqi.net/img/categories_v2/shops/food_foodcourt_", "suffix": ".png"}, "name": "Food Court", "shortName": "Food Court"}], "stats": {"checkinsCount": 18961, "usersCount": 13516, "tipCount": 189}, "id": "4bb9da933db7b713c492229a", "beenHere": {"lastCheckinExpiredAt": 0, "count": 0, "marked": false}, "url": "http://www.makansutra.com/eateries-home.aspx?mid=1", "ratingColor": "C5DE35", "location": {"lng": 103.85686433252151, "formattedAddress": ["Raffles Ave (along Esplanade Bay)", "Singapore"], "lat": 1.2894900932348528, "crossStreet": "along Esplanade Bay", "country": "Singapore", "distance": 583, "city": "Singapore", "cc": "SG", "address": "Raffles Ave", "labeledLatLngs": [{"lng": 103.85686433252151, "label": "display", "lat": 1.2894900932348528}]}, "hours": {"isLocalHoliday": false, "isOpen": true, "status": "Open until 2:00 AM"}, "verified": false, "hereNow": {"groups": [{"items": [], "name": "Other people here", "count": 3, "type": "others"}], "summary": "3 people are here", "count": 3}}, "referralId": "e-3-4bb9da933db7b713c492229a-67", "tips": [{"id": "4cde9e97df986ea8f9dbdc16", "text": "The carrot cake here sucks. Pls don't eat!!! Hokkien Mee and Oyster omelette sucks. Even the sugar cane tastes diluted", "disagreeCount": 0, "logView": true, "createdAt": 1289658007, "likes": {"groups": [], "summary": "13 likes", "count": 13}, "todo": {"count": 1}, "agreeCount": 3, "canonicalUrl": "https://foursquare.com/item/4cde9e97df986ea8f9dbdc16", "type": "user", "user": {"gender": "female", "id": "1731695", "photo": {"prefix": "https://igx.4sqi.net/img/user/", "suffix": "/MELZ1PKWNZJQWANS.jpg"}, "firstName": "Celine", "lastName": "Foo"}}]}, {"reasons": {"items": [{"reasonName": "globalInteractionReason", "summary": "This spot is popular", "type": "general"}], "count": 0}, "venue": {"hereNow": {"groups": [], "summary": "Nobody here", "count": 0}, "contact": {}, "photos": {"groups": [], "count": 0}, "rating": 7.1, "name": "Subway", "ratingSignals": 26, "allowMenuUrlEdit": true, "categories": [{"pluralName": "Sandwich Places", "id": "4bf58dd8d48988d1c5941735", "primary": true, "icon": {"prefix": "https://ss3.4sqi.net/img/categories_v2/food/deli_", "suffix": ".png"}, "name": "Sandwich Place", "shortName": "Sandwiches"}], "stats": {"checkinsCount": 1003, "usersCount": 501, "tipCount": 8}, "id": "4b56acd6f964a520411828e3", "beenHere": {"lastCheckinExpiredAt": 0, "count": 0, "marked": false}, "url": "http://www.subway.com.sg", "ratingColor": "C5DE35", "location": {"formattedAddress": ["Shaw Towers, 100 Beach Rd", "189702", "Singapore"], "postalCode": "189702", "lat": 1.2967042521302987, "lng": 103.85641137727745, "country": "Singapore", "distance": 651, "city": "Singapore", "cc": "SG", "address": "Shaw Towers, 100 Beach Rd", "labeledLatLngs": [{"lng": 103.85641137727745, "label": "display", "lat": 1.2967042521302987}]}, "hours": {"isLocalHoliday": false, "isOpen": false}, "verified": false, "price": {"tier": 1, "currency": "$", "message": "Cheap"}}, "referralId": "e-3-4b56acd6f964a520411828e3-68", "tips": [{"id": "553f8fe0498e351bae8cc9fa", "text": "Meatball marinara!!\ud83d\ude0d\ud83d\ude0b\ud83d\ude0b\ud83c\udf54", "disagreeCount": 0, "logView": true, "createdAt": 1430228960, "likes": {"groups": [], "summary": "1 like", "count": 1}, "todo": {"count": 0}, "agreeCount": 1, "canonicalUrl": "https://foursquare.com/item/553f8fe0498e351bae8cc9fa", "type": "user", "user": {"gender": "female", "id": "89735509", "photo": {"prefix": "https://igx.4sqi.net/img/user/", "suffix": "/89735509-FHDJAD3ASHGWMT3S.jpg"}, "firstName": "Jhnn", "lastName": "Wllc"}}]}, {"reasons": {"items": [{"reasonName": "globalInteractionReason", "summary": "This spot is popular", "type": "general"}], "count": 0}, "venue": {"hereNow": {"groups": [], "summary": "Nobody here", "count": 0}, "contact": {"phone": "+6568370085", "formattedPhone": "+65 6837 0085"}, "photos": {"groups": [], "count": 0}, "rating": 7.3, "name": "Taan Charcoal Grill", "ratingSignals": 10, "allowMenuUrlEdit": true, "categories": [{"pluralName": "Asian Restaurants", "id": "4bf58dd8d48988d142941735", "primary": true, "icon": {"prefix": "https://ss3.4sqi.net/img/categories_v2/food/asian_", "suffix": ".png"}, "name": "Asian Restaurant", "shortName": "Asian"}], "stats": {"checkinsCount": 181, "usersCount": 145, "tipCount": 2}, "id": "547ac6a7498e7162d9bf0f5c", "beenHere": {"lastCheckinExpiredAt": 0, "count": 0, "marked": false}, "ratingColor": "C5DE35", "location": {"formattedAddress": ["30 Liang Seah Street", "189051", "Singapore"], "postalCode": "189051", "lat": 1.2982409830541262, "lng": 103.856258505223, "country": "Singapore", "distance": 784, "city": "Singapore", "cc": "SG", "address": "30 Liang Seah Street", "labeledLatLngs": [{"lng": 103.856258505223, "label": "display", "lat": 1.2982409830541262}]}, "verified": false, "price": {"tier": 2, "currency": "$", "message": "Moderate"}}, "referralId": "e-3-547ac6a7498e7162d9bf0f5c-69", "tips": [{"logView": true, "photo": {"id": "56e4e9b9498e6beb6b7bdff5", "visibility": "public", "source": {"name": "Swarm for Android", "url": "https://www.swarmapp.com"}, "suffix": "/1051318_Cucj3ZFemT0FIzr2ClsiZypXJ5uk7RQKo913lg9_-io.jpg", "createdAt": 1457842617, "prefix": "https://igx.4sqi.net/img/general/", "width": 720, "height": 960}, "createdAt": 1457842617, "agreeCount": 0, "id": "56e4e9b9498e6beb6b7bdff6", "text": "Love the beer selection  here! They have more than 30 beers of different flavours for selection. Beer, paired with their skewers \ud83c\udf62!", "type": "user", "disagreeCount": 0, "user": {"gender": "male", "id": "1051318", "photo": {"prefix": "https://igx.4sqi.net/img/user/", "suffix": "/1051318-YSO5IVSRWPMBNF33"}, "firstName": "Francis", "lastName": "Pang"}, "canonicalUrl": "https://foursquare.com/item/56e4e9b9498e6beb6b7bdff6", "todo": {"count": 0}, "photourl": "https://igx.4sqi.net/img/general/original/1051318_Cucj3ZFemT0FIzr2ClsiZypXJ5uk7RQKo913lg9_-io.jpg"}]}, {"reasons": {"items": [{"reasonName": "globalInteractionReason", "summary": "This spot is popular", "type": "general"}], "count": 0}, "venue": {"hereNow": {"groups": [], "summary": "Nobody here", "count": 0}, "contact": {}, "photos": {"groups": [], "count": 0}, "rating": 7.2, "name": "Simply Wrapps", "ratingSignals": 51, "allowMenuUrlEdit": true, "categories": [{"pluralName": "Salad Places", "id": "4bf58dd8d48988d1bd941735", "primary": true, "icon": {"prefix": "https://ss3.4sqi.net/img/categories_v2/food/salad_", "suffix": ".png"}, "name": "Salad Place", "shortName": "Salad"}], "stats": {"checkinsCount": 484, "usersCount": 278, "tipCount": 15}, "id": "52d76170498e258f46ebe865", "beenHere": {"lastCheckinExpiredAt": 0, "count": 0, "marked": false}, "ratingColor": "C5DE35", "location": {"lng": 103.85389750308872, "formattedAddress": ["#B1-60 Raffles City Shopping Center (252 North Bridge Rd)", "Singapore"], "lat": 1.2935958262473943, "crossStreet": "252 North Bridge Rd", "country": "Singapore", "distance": 778, "city": "Singapore", "cc": "SG", "address": "#B1-60 Raffles City Shopping Center", "labeledLatLngs": [{"lng": 103.85389750308872, "label": "display", "lat": 1.2935958262473943}]}, "hours": {"isLocalHoliday": false, "isOpen": true, "status": "Likely open"}, "verified": false, "price": {"tier": 1, "currency": "$", "message": "Cheap"}}, "referralId": "e-3-52d76170498e258f46ebe865-70", "tips": [{"id": "5359ba42498e33d29bfa91e8", "text": "The Singapore Mixed Seafood wrap was good! I was impressed..", "disagreeCount": 0, "logView": true, "createdAt": 1398389314, "likes": {"groups": [], "summary": "1 like", "count": 1}, "todo": {"count": 0}, "agreeCount": 1, "canonicalUrl": "https://foursquare.com/item/5359ba42498e33d29bfa91e8", "type": "user", "user": {"gender": "female", "id": "24440223", "photo": {"prefix": "https://igx.4sqi.net/img/user/", "suffix": "/0O03552WRFMFQQD0.jpg"}, "firstName": "Sing Fui", "lastName": "Loh"}}]}, {"reasons": {"items": [{"reasonName": "globalInteractionReason", "summary": "This spot is popular", "type": "general"}], "count": 0}, "venue": {"contact": {"facebook": "395215627170915", "facebookUsername": "balina.pte.ltd", "twitter": "entrenoussg", "facebookName": "Entre-nous.creperie singapore"}, "photos": {"groups": [], "count": 0}, "rating": 7.1, "menu": {"mobileUrl": "http://entrenous.sg/menu.html", "externalUrl": "http://entrenous.sg/menu.html", "url": "http://entrenous.sg/menu.html", "anchor": "View Menu", "label": "Menu", "type": "Menu"}, "name": "Entre-Nous Creperie", "ratingSignals": 42, "allowMenuUrlEdit": true, "categories": [{"pluralName": "Creperies", "id": "52e81612bcbc57f1066b79f2", "primary": true, "icon": {"prefix": "https://ss3.4sqi.net/img/categories_v2/food/creperie_", "suffix": ".png"}, "name": "Creperie", "shortName": "Creperie"}], "stats": {"checkinsCount": 433, "usersCount": 306, "tipCount": 30}, "id": "4b67ef98f964a52077612be3", "beenHere": {"lastCheckinExpiredAt": 0, "count": 0, "marked": false}, "url": "http://www.entrenous.sg", "ratingColor": "C5DE35", "location": {"formattedAddress": ["27 Seah Street #01-01", "188383", "Singapore"], "postalCode": "188383", "lat": 1.2962895272547257, "lng": 103.85459929704665, "country": "Singapore", "distance": 792, "city": "Singapore", "cc": "SG", "address": "27 Seah Street #01-01", "labeledLatLngs": [{"lng": 103.85459929704665, "label": "display", "lat": 1.2962895272547257}]}, "hours": {"isLocalHoliday": false, "isOpen": false, "status": "Closed until Noon tomorrow"}, "verified": false, "hereNow": {"groups": [], "summary": "Nobody here", "count": 0}}, "referralId": "e-3-4b67ef98f964a52077612be3-71", "tips": [{"id": "4b80d79270c603bbedba92b4", "text": "Order the salted butter caramel crepe. The simplest dessert is perfection.", "disagreeCount": 0, "logView": true, "createdAt": 1266734994, "likes": {"groups": [], "summary": "4 likes", "count": 4}, "todo": {"count": 2}, "agreeCount": 2, "canonicalUrl": "https://foursquare.com/item/4b80d79270c603bbedba92b4", "type": "user", "user": {"gender": "female", "id": "7209", "photo": {"prefix": "https://igx.4sqi.net/img/user/", "suffix": "/7209-YJKVQ23UTMFBDNLW.jpg"}, "firstName": "Timi", "lastName": "Siytangco"}}]}, {"reasons": {"items": [{"reasonName": "globalInteractionReason", "summary": "This spot is popular", "type": "general"}], "count": 0}, "venue": {"contact": {"facebook": "1589586761339200", "facebookName": "Riverside Grilled Fish  \u6c5f\u8fb9\u57ce\u5916 SG", "phone": "+6563522035", "formattedPhone": "+65 6352 2035"}, "photos": {"groups": [], "count": 0}, "rating": 7.0, "name": "Riverside Grilled Fish", "ratingSignals": 11, "allowMenuUrlEdit": true, "categories": [{"pluralName": "Szechuan Restaurants", "id": "52af3b773cf9994f4e043c03", "primary": true, "icon": {"prefix": "https://ss3.4sqi.net/img/categories_v2/food/asian_", "suffix": ".png"}, "name": "Szechuan Restaurant", "shortName": "Szechuan"}], "stats": {"checkinsCount": 161, "usersCount": 125, "tipCount": 2}, "id": "5776540d498e58df25587025", "beenHere": {"lastCheckinExpiredAt": 0, "count": 0, "marked": false}, "ratingColor": "C5DE35", "location": {"lng": 103.85409, "formattedAddress": ["#B1-06 Raffles City (253 North Bridge Rd)", "Singapore"], "lat": 1.293614, "crossStreet": "253 North Bridge Rd", "country": "Singapore", "distance": 756, "city": "Singapore", "cc": "SG", "address": "#B1-06 Raffles City", "labeledLatLngs": [{"lng": 103.85409, "label": "display", "lat": 1.293614}]}, "hours": {"isLocalHoliday": false, "isOpen": true, "status": "Open until 10:00 PM"}, "verified": false, "hereNow": {"groups": [], "summary": "Nobody here", "count": 0}}, "referralId": "e-3-5776540d498e58df25587025-72", "tips": [{"logView": true, "photo": {"id": "5815787138fa48fdd3bc4f2f", "visibility": "public", "source": {"name": "Foursquare for iOS", "url": "https://foursquare.com/download/#/iphone"}, "suffix": "/92363331_Y6zwjK8kl9u0BzsaY7VjuDTWdoORE6vmN2lKHW3LOOs.jpg", "createdAt": 1477802097, "prefix": "https://igx.4sqi.net/img/general/", "width": 1920, "height": 1439}, "createdAt": 1477802090, "agreeCount": 0, "id": "5815786a38facdf5b2ade834", "text": "Large portion, super spicy but fresh and delicious Grilled fish. Tried sea bass. Side dishes in the pan are not so satisfactory though.", "type": "user", "disagreeCount": 0, "user": {"gender": "female", "id": "92363331", "photo": {"prefix": "https://igx.4sqi.net/img/user/", "suffix": "/92363331-FLS4VJATW2DWDWHO.jpg"}, "firstName": "Kankang", "lastName": "Zhu"}, "canonicalUrl": "https://foursquare.com/item/5815786a38facdf5b2ade834", "todo": {"count": 0}, "photourl": "https://igx.4sqi.net/img/general/original/92363331_Y6zwjK8kl9u0BzsaY7VjuDTWdoORE6vmN2lKHW3LOOs.jpg"}]}, {"reasons": {"items": [{"reasonName": "globalInteractionReason", "summary": "This spot is popular", "type": "general"}], "count": 0}, "venue": {"hereNow": {"groups": [], "summary": "Nobody here", "count": 0}, "contact": {"facebook": "1565202437074183", "facebookUsername": "clintonstsingapore", "facebookName": "Clinton Street Baking Company, Singapore", "phone": "+6566844845", "formattedPhone": "+65 6684 4845"}, "photos": {"groups": [], "count": 0}, "rating": 7.0, "name": "Clinton St. Baking Co", "ratingSignals": 111, "allowMenuUrlEdit": true, "categories": [{"pluralName": "New American Restaurants", "id": "4bf58dd8d48988d157941735", "primary": true, "icon": {"prefix": "https://ss3.4sqi.net/img/categories_v2/food/newamerican_", "suffix": ".png"}, "name": "New American Restaurant", "shortName": "New American"}], "stats": {"checkinsCount": 809, "usersCount": 573, "tipCount": 34}, "id": "55d8154d498e003c1f308ee1", "beenHere": {"lastCheckinExpiredAt": 0, "count": 0, "marked": false}, "url": "http://clintonstreetbaking.sg", "ratingColor": "C5DE35", "location": {"formattedAddress": ["31 Purvis Street", "188608", "Singapore"], "postalCode": "188608", "lat": 1.29657398989893, "lng": 103.85524502446619, "country": "Singapore", "distance": 746, "city": "Singapore", "cc": "SG", "address": "31 Purvis Street", "labeledLatLngs": [{"lng": 103.85524502446619, "label": "display", "lat": 1.29657398989893}]}, "hours": {"isLocalHoliday": false, "isOpen": false, "status": "Closed until 8:00 AM tomorrow"}, "verified": false, "price": {"tier": 3, "currency": "$", "message": "Expensive"}}, "referralId": "e-3-55d8154d498e003c1f308ee1-73", "tips": [{"id": "560fadd4498ed4c7863d942a", "text": "Pancakes with the most awesome maple butter! And thick milkshakes.", "disagreeCount": 0, "logView": true, "createdAt": 1443868116, "likes": {"groups": [], "summary": "3 likes", "count": 3}, "todo": {"count": 0}, "agreeCount": 3, "canonicalUrl": "https://foursquare.com/item/560fadd4498ed4c7863d942a", "type": "user", "user": {"gender": "female", "id": "726583", "photo": {"prefix": "https://igx.4sqi.net/img/user/", "suffix": "/726583-1WKEF024YQXAGVIS.jpg"}, "firstName": "Catherine", "lastName": "Ling"}}]}, {"reasons": {"items": [{"reasonName": "globalInteractionReason", "summary": "This spot is popular", "type": "general"}], "count": 0}, "venue": {"contact": {}, "photos": {"groups": [], "count": 0}, "rating": 7.0, "name": "Ninja Cut", "ratingSignals": 22, "allowMenuUrlEdit": true, "categories": [{"pluralName": "Bistros", "id": "52e81612bcbc57f1066b79f1", "primary": true, "icon": {"prefix": "https://ss3.4sqi.net/img/categories_v2/food/default_", "suffix": ".png"}, "name": "Bistro", "shortName": "Bistro"}], "stats": {"checkinsCount": 188, "usersCount": 149, "tipCount": 7}, "id": "57f9d0f2498eacc89ed8d780", "beenHere": {"lastCheckinExpiredAt": 0, "count": 0, "marked": false}, "ratingColor": "C5DE35", "location": {"formattedAddress": ["32 Seah Street", "188388", "Singapore"], "postalCode": "188388", "lat": 1.2961427, "lng": 103.85464, "country": "Singapore", "distance": 780, "city": "Singapore", "cc": "SG", "address": "32 Seah Street", "labeledLatLngs": [{"lng": 103.85464, "label": "display", "lat": 1.2961427}]}, "verified": false, "hereNow": {"groups": [], "summary": "Nobody here", "count": 0}}, "referralId": "e-3-57f9d0f2498eacc89ed8d780-74", "tips": [{"logView": true, "photo": {"id": "593ff65edec1d644548b5a97", "visibility": "public", "source": {"name": "Foursquare for iOS", "url": "https://foursquare.com/download/#/iphone"}, "suffix": "/96482512_UFXZNNm_cCYL1TqiHPcZzcTEnpPkYIh95AqMk-lR-Yk.jpg", "createdAt": 1497364062, "prefix": "https://igx.4sqi.net/img/general/", "width": 1440, "height": 1920}, "createdAt": 1497364060, "agreeCount": 0, "id": "593ff65c9b04734dcaed90a5", "text": "much like ninja bowl, healthy but pricey with unsatisfying portions & they now charge GST. lovely & quiet space to get lunch, but prepare to feel hungry by 3pm.", "type": "user", "disagreeCount": 0, "user": {"id": "96482512", "photo": {"prefix": "https://igx.4sqi.net/img/user/", "suffix": "/96482512-WBWRVVGB33UEPM1G.jpg"}, "firstName": "mo pleasure", "gender": "female"}, "canonicalUrl": "https://foursquare.com/item/593ff65c9b04734dcaed90a5", "todo": {"count": 0}, "photourl": "https://igx.4sqi.net/img/general/original/96482512_UFXZNNm_cCYL1TqiHPcZzcTEnpPkYIh95AqMk-lR-Yk.jpg"}]}, {"reasons": {"items": [{"reasonName": "globalInteractionReason", "summary": "This spot is popular", "type": "general"}], "count": 0}, "venue": {"hereNow": {"groups": [], "summary": "Nobody here", "count": 0}, "contact": {"facebook": "57432063177", "facebookUsername": "swissotelhotelsresorts", "facebookName": "Swiss\u00f4tel Hotels & Resorts", "formattedPhone": "+65 6431 6156", "twitter": "swissotel", "phone": "+6564316156"}, "photos": {"groups": [], "count": 0}, "rating": 7.0, "name": "Caf\u00e9 Swiss", "ratingSignals": 60, "allowMenuUrlEdit": true, "categories": [{"pluralName": "Caf\u00e9s", "id": "4bf58dd8d48988d16d941735", "primary": true, "icon": {"prefix": "https://ss3.4sqi.net/img/categories_v2/food/cafe_", "suffix": ".png"}, "name": "Caf\u00e9", "shortName": "Caf\u00e9"}], "stats": {"checkinsCount": 1875, "usersCount": 1166, "tipCount": 16}, "id": "4bef783a5e4aa593b01b59bb", "beenHere": {"lastCheckinExpiredAt": 0, "count": 0, "marked": false}, "url": "http://www.swissotel.com/swissotelhotelsresorts", "ratingColor": "C5DE35", "location": {"lng": 103.85382956118796, "formattedAddress": ["Level 2, Swiss\u00f4tel The Stamford (2 Stamford Rd)", "178882", "Singapore"], "postalCode": "178882", "lat": 1.2932769464072191, "crossStreet": "2 Stamford Rd", "country": "Singapore", "distance": 782, "city": "Singapore", "cc": "SG", "address": "Level 2, Swiss\u00f4tel The Stamford", "labeledLatLngs": [{"lng": 103.85382956118796, "label": "display", "lat": 1.2932769464072191}]}, "hours": {"isLocalHoliday": false, "isOpen": false}, "verified": true, "price": {"tier": 1, "currency": "$", "message": "Cheap"}, "storeId": "STS-Caf\u00e9"}, "referralId": "e-3-4bef783a5e4aa593b01b59bb-75", "tips": [{"logView": true, "photo": {"id": "5498493f498e6838a450102d", "visibility": "public", "source": {"name": "Foursquare for iOS", "url": "https://foursquare.com/download/#/iphone"}, "suffix": "/10287291_GnZNynce2Y_xf-T_litCUyM-AvZRFhvh85rDpeap250.jpg", "createdAt": 1419266367, "prefix": "https://igx.4sqi.net/img/general/", "width": 1920, "height": 1440}, "createdAt": 1419266364, "todo": {"count": 0}, "agreeCount": 1, "likes": {"groups": [], "summary": "1 like", "count": 1}, "id": "5498493c498ea1645f768816", "text": "\u0412\u0441\u0435 \u0432\u044b\u0441\u043e\u0447\u0430\u0439\u0448\u0435\u0433\u043e \u043a\u0430\u0447\u0435\u0441\u0442\u0432\u0430. \u0418 \u0432\u043a\u0443\u0441\u043d\u0435\u0439\u0448\u0438\u0439 \u0448\u0432\u0435\u0434\u0441\u043a\u0438\u0439 \u0441\u0442\u043e\u043b \u043d\u0430 \u0437\u0430\u0432\u0442\u0440\u0430\u043a.", "disagreeCount": 0, "user": {"gender": "male", "id": "10287291", "photo": {"prefix": "https://igx.4sqi.net/img/user/", "suffix": "/10287291-Q5YGYQB5ICDYIM2J.jpg"}, "firstName": "\u041d\u0438\u043a\u043e\u043b\u0430\u0439", "lastName": "\u041a\u0430\u043c\u043d\u0435\u0432"}, "canonicalUrl": "https://foursquare.com/item/5498493c498ea1645f768816", "type": "user", "photourl": "https://igx.4sqi.net/img/general/original/10287291_GnZNynce2Y_xf-T_litCUyM-AvZRFhvh85rDpeap250.jpg"}]}], "name": "recommended", "type": "Recommended Places"}], "query": "food", "headerLocation": "Downtown Core"}}