{"meta": {"code": 200, "requestId": "595a3b424c1f67702063570b"}, "response": {"suggestedFilters": {"filters": [{"name": "Open now", "key": "openNow"}], "header": "Tap to show:"}, "totalResults": 39, "headerFullLocation": "Financial District, Singapore", "headerLocationGranularity": "neighborhood", "suggestedBounds": {"ne": {"lng": 103.8662681280791, "lat": 1.2890737956915372}, "sw": {"lng": 103.85189140218691, "lat": 1.274673781291523}}, "groups": [{"items": [{"reasons": {"items": [{"reasonName": "globalInteractionReason", "summary": "This spot is popular", "type": "general"}], "count": 0}, "venue": {"hereNow": {"groups": [], "summary": "Nobody here", "count": 0}, "contact": {"phone": "+6566888868", "formattedPhone": "+65 6688 8868"}, "photos": {"groups": [], "count": 0}, "rating": 8.5, "name": "Sky on 57", "ratingSignals": 333, "allowMenuUrlEdit": true, "categories": [{"pluralName": "Asian Restaurants", "id": "4bf58dd8d48988d142941735", "primary": true, "icon": {"prefix": "https://ss3.4sqi.net/img/categories_v2/food/asian_", "suffix": ".png"}, "name": "Asian Restaurant", "shortName": "Asian"}], "stats": {"checkinsCount": 5795, "usersCount": 4583, "tipCount": 88}, "id": "4cd23f3a9fcab1f797cd4993", "beenHere": {"lastCheckinExpiredAt": 0, "count": 0, "marked": false}, "url": "http://www.marinabaysands.com/Singapore-Restaurants/Celebrity-Chefs/Sky-on-57/", "ratingColor": "73CF42", "location": {"lng": 103.86000675104572, "formattedAddress": ["Level 57 Sands SkyPark, Marina Bay Sands Hotel Tower 1 (10 Bayfront Ave.)", "018956", "Singapore"], "postalCode": "018956", "lat": 1.2826231459896291, "crossStreet": "10 Bayfront Ave.", "country": "Singapore", "distance": 132, "city": "Singapore", "cc": "SG", "address": "Level 57 Sands SkyPark, Marina Bay Sands Hotel Tower 1", "labeledLatLngs": [{"lng": 103.86000675104572, "label": "display", "lat": 1.2826231459896291}]}, "hours": {"isLocalHoliday": false, "isOpen": true, "status": "Likely open"}, "verified": false, "price": {"tier": 2, "currency": "$", "message": "Moderate"}}, "referralId": "e-3-4cd23f3a9fcab1f797cd4993-0", "tips": [{"logView": true, "photo": {"id": "544a7242498e7953c8be1a06", "visibility": "public", "source": {"name": "Foursquare for iOS", "url": "https://foursquare.com/download/#/iphone"}, "suffix": "/39211767_oiRCRqO8Iz6D1mTxdbzatO0P7MkTppiL6nBb8nDQeG4.jpg", "createdAt": 1414165058, "prefix": "https://igx.4sqi.net/img/general/", "width": 720, "height": 720}, "createdAt": 1414165057, "todo": {"count": 4}, "agreeCount": 12, "likes": {"groups": [], "summary": "12 likes", "count": 12}, "id": "544a7241498eab38eea52a35", "text": "\u0627\u0644\u0641\u064a\u0648 \u062e\u0631\u0627\u0641\u064a \u060c\u060c \u0641\u064a \u0623\u062d\u0644\u0649 \u0641\u0646\u062f\u0642 \u0641\u064a \u0633\u0646\u063a\u0627\u0641\u0648\u0631\u0629 \u060c\u060c \u0645\u0627 \u0623\u062a\u0630\u0643\u0631 \u062c\u0648\u062f\u0629 \u0627\u0644\u0623\u0643\u0644 \u0635\u0631\u0627\u062d\u0629 .. What a view", "disagreeCount": 0, "user": {"gender": "male", "id": "39211767", "photo": {"prefix": "https://igx.4sqi.net/img/user/", "suffix": "/39211767_-QryqQcW_cswlI6Yy0enmcwnUlGU62vzEePUUe8JUtGeIlRGMz-PIcOO6Yh_MsCI1JHxJqm68.jpg"}, "firstName": "Nasser", "lastName": "M"}, "canonicalUrl": "https://foursquare.com/item/544a7241498eab38eea52a35", "type": "user", "photourl": "https://igx.4sqi.net/img/general/original/39211767_oiRCRqO8Iz6D1mTxdbzatO0P7MkTppiL6nBb8nDQeG4.jpg"}]}, {"reasons": {"items": [{"reasonName": "globalInteractionReason", "summary": "This spot is popular", "type": "general"}], "count": 0}, "venue": {"hereNow": {"groups": [], "summary": "Nobody here", "count": 0}, "contact": {"phone": "+6566887788", "formattedPhone": "+65 6688 7788"}, "photos": {"groups": [], "count": 0}, "rating": 8.1, "name": "Imperial Treasure Fine Chinese Cuisine", "ratingSignals": 72, "allowMenuUrlEdit": true, "categories": [{"pluralName": "Dim Sum Restaurants", "id": "4bf58dd8d48988d1f5931735", "primary": true, "icon": {"prefix": "https://ss3.4sqi.net/img/categories_v2/food/dimsum_", "suffix": ".png"}, "name": "Dim Sum Restaurant", "shortName": "Dim Sum"}], "stats": {"checkinsCount": 2998, "usersCount": 1925, "tipCount": 27}, "id": "4d8621380b8edcb32ce798dc", "beenHere": {"lastCheckinExpiredAt": 0, "count": 0, "marked": false}, "ratingColor": "73CF42", "location": {"lng": 103.85995579232866, "formattedAddress": ["Marina Bay Sands, #02-04 (L2-04) (10 Bayfront Avenue)", "018956", "Singapore"], "postalCode": "018956", "lat": 1.283604231241887, "crossStreet": "10 Bayfront Avenue", "country": "Singapore", "distance": 215, "city": "Singapore", "cc": "SG", "address": "Marina Bay Sands, #02-04 (L2-04)", "labeledLatLngs": [{"lng": 103.85995579232866, "label": "display", "lat": 1.283604231241887}]}, "hours": {"isLocalHoliday": false, "isOpen": true, "status": "Likely open"}, "verified": false, "price": {"tier": 2, "currency": "$", "message": "Moderate"}}, "referralId": "e-3-4d8621380b8edcb32ce798dc-1", "tips": [{"id": "4ccbb3c7b5cdbfb7713686c1", "text": "don't let the waiter/waitress recommed for you as you will be surprise for the price!", "disagreeCount": 0, "logView": true, "createdAt": 1288418247, "likes": {"groups": [], "summary": "4 likes", "count": 4}, "todo": {"count": 0}, "agreeCount": 2, "canonicalUrl": "https://foursquare.com/item/4ccbb3c7b5cdbfb7713686c1", "type": "user", "user": {"gender": "male", "id": "3063719", "photo": {"prefix": "https://igx.4sqi.net/img/user/", "suffix": "/0RHSHNXWEHGWA1XH.jpg"}, "firstName": "Carl\u00f3", "lastName": "Malba\u0161"}}]}, {"reasons": {"items": [{"reasonName": "globalInteractionReason", "summary": "This spot is popular", "type": "general"}], "count": 0}, "venue": {"hereNow": {"groups": [{"items": [], "name": "Other people here", "count": 1, "type": "others"}], "summary": "One other person is here", "count": 1}, "contact": {"twitter": "marinabaysands", "phone": "+6566889955", "formattedPhone": "+65 6688 9955"}, "photos": {"groups": [], "count": 0}, "rating": 8.3, "menu": {"mobileUrl": "http://www.marinabaysands.com/content/dam/singapore/marinabaysands/master/main/home/restaurants/celebrity-chefs/spago/SpagoSingaporeLunch.pdf", "externalUrl": "http://www.marinabaysands.com/content/dam/singapore/marinabaysands/master/main/home/restaurants/celebrity-chefs/spago/SpagoSingaporeLunch.pdf", "url": "http://www.marinabaysands.com/content/dam/singapore/marinabaysands/master/main/home/restaurants/celebrity-chefs/spago/SpagoSingaporeLunch.pdf", "anchor": "View Menu", "label": "Menu", "type": "Menu"}, "name": "Spago", "ratingSignals": 101, "allowMenuUrlEdit": true, "categories": [{"pluralName": "Italian Restaurants", "id": "4bf58dd8d48988d110941735", "primary": true, "icon": {"prefix": "https://ss3.4sqi.net/img/categories_v2/food/italian_", "suffix": ".png"}, "name": "Italian Restaurant", "shortName": "Italian"}], "stats": {"checkinsCount": 1209, "usersCount": 847, "tipCount": 26}, "id": "560d3af1498e4a741d5b8cd2", "beenHere": {"lastCheckinExpiredAt": 0, "count": 0, "marked": false}, "url": "http://www.marinabaysands.com/restaurants/celebrity-chefs/spago.html", "ratingColor": "73CF42", "location": {"formattedAddress": ["Marina Bay Sands Skypark", "018956", "Singapore"], "postalCode": "018956", "lat": 1.2836581538365923, "lng": 103.86064656767238, "country": "Singapore", "distance": 264, "city": "Singapore", "cc": "SG", "address": "Marina Bay Sands Skypark", "labeledLatLngs": [{"lng": 103.86064656767238, "label": "display", "lat": 1.2836581538365923}]}, "hours": {"isLocalHoliday": false, "isOpen": true, "status": "Open until 10:00 PM"}, "verified": false, "price": {"tier": 2, "currency": "$", "message": "Moderate"}}, "referralId": "e-3-560d3af1498e4a741d5b8cd2-2", "tips": [{"id": "56a1db2b498eb2a798a6738f", "text": "Drinks, and the baristas, are clever & may be the place to surround yourself in, on weekends. It has terrific 360 views & happy chatter. It makes for a good perch, stokes writers & un-blues. Fave.", "disagreeCount": 0, "logView": true, "createdAt": 1453447979, "likes": {"groups": [], "summary": "1 like", "count": 1}, "todo": {"count": 1}, "agreeCount": 1, "canonicalUrl": "https://foursquare.com/item/56a1db2b498eb2a798a6738f", "type": "user", "user": {"gender": "female", "id": "539857", "photo": {"prefix": "https://igx.4sqi.net/img/user/", "suffix": "/FY5QYBDSBICVI25Y.jpg"}, "firstName": "Kristin", "lastName": "MdashO"}}]}, {"reasons": {"items": [{"reasonName": "globalInteractionReason", "summary": "This spot is popular", "type": "general"}], "count": 0}, "venue": {"hereNow": {"groups": [{"items": [], "name": "Other people here", "count": 1, "type": "others"}], "summary": "One other person is here", "count": 1}, "contact": {"facebook": "118883637977", "facebookUsername": "wolfgangpuck", "facebookName": "Wolfgang Puck", "formattedPhone": "+65 6688 8517", "twitter": "wolfgangpuck", "phone": "+6566888517"}, "photos": {"groups": [], "count": 0}, "rating": 8.9, "name": "CUT by Wolfgang Puck", "ratingSignals": 258, "allowMenuUrlEdit": true, "categories": [{"pluralName": "Steakhouses", "id": "4bf58dd8d48988d1cc941735", "primary": true, "icon": {"prefix": "https://ss3.4sqi.net/img/categories_v2/food/steakhouse_", "suffix": ".png"}, "name": "Steakhouse", "shortName": "Steakhouse"}], "stats": {"checkinsCount": 3654, "usersCount": 2355, "tipCount": 100}, "id": "4d41cbdb9fa82c0f9a8ab08a", "beenHere": {"lastCheckinExpiredAt": 0, "count": 0, "marked": false}, "url": "http://www.wolfgangpuck.com", "ratingColor": "73CF42", "location": {"lng": 103.85946885443904, "formattedAddress": ["Marina Bay Sands (10 Bayfront Ave)", "Singapore"], "lat": 1.2853997623912679, "crossStreet": "10 Bayfront Ave", "country": "Singapore", "distance": 394, "city": "Singapore", "cc": "SG", "address": "Marina Bay Sands", "labeledLatLngs": [{"lng": 103.85946885443904, "label": "display", "lat": 1.2853997623912679}]}, "hours": {"isLocalHoliday": false, "isOpen": true, "status": "Open until 10:00 PM"}, "verified": true, "price": {"tier": 4, "currency": "$", "message": "Very Expensive"}, "storeId": ""}, "referralId": "e-3-4d41cbdb9fa82c0f9a8ab08a-3", "tips": [{"logView": true, "createdAt": 1305190009, "agreeCount": 3, "likes": {"groups": [], "summary": "16 likes", "count": 16}, "id": "4dcb9e79814d4ffbdabb9318", "text": "While it\u2019s easy to skip straight to the cuts, don\u2019t overlook the luscious pan-roasted Maine lobster with black truffle sabayon \u2013 perhaps the most unassuming dish on the menu.", "type": "user", "url": "http://www.timeoutsingapore.com/restaurants/western/cut-by-wolfgang-puck", "user": {"id": "8600365", "photo": {"prefix": "https://igx.4sqi.net/img/user/", "suffix": "/QUK2HJNZBYJPUI43.jpg"}, "firstName": "Time Out Singapore", "type": "page", "gender": "none"}, "canonicalUrl": "https://foursquare.com/item/4dcb9e79814d4ffbdabb9318", "todo": {"count": 10}, "disagreeCount": 0}]}, {"reasons": {"items": [{"reasonName": "globalInteractionReason", "summary": "This spot is popular", "type": "general"}], "count": 0}, "venue": {"hereNow": {"groups": [], "summary": "Nobody here", "count": 0}, "contact": {"phone": "+6566888507", "formattedPhone": "+65 6688 8507"}, "photos": {"groups": [], "count": 0}, "rating": 7.9, "name": "Waku Ghin", "ratingSignals": 65, "allowMenuUrlEdit": true, "categories": [{"pluralName": "Japanese Restaurants", "id": "4bf58dd8d48988d111941735", "primary": true, "icon": {"prefix": "https://ss3.4sqi.net/img/categories_v2/food/japanese_", "suffix": ".png"}, "name": "Japanese Restaurant", "shortName": "Japanese"}], "stats": {"checkinsCount": 1208, "usersCount": 552, "tipCount": 27}, "id": "4ca1d04979d9b1f7542bc299", "beenHere": {"lastCheckinExpiredAt": 0, "count": 0, "marked": false}, "url": "http://www.marinabaysands.com/restaurants/celebrity-chefs/waku-ghin.html", "ratingColor": "C5DE35", "location": {"lng": 103.85915177954055, "formattedAddress": ["L2-01 The Shoppes at Marina Bay Sands (10 Bayfront Ave)", "018956", "Singapore"], "postalCode": "018956", "lat": 1.2837862438733338, "crossStreet": "10 Bayfront Ave", "country": "Singapore", "distance": 213, "city": "Singapore", "cc": "SG", "address": "L2-01 The Shoppes at Marina Bay Sands", "labeledLatLngs": [{"lng": 103.85915177954055, "label": "display", "lat": 1.2837862438733338}]}, "hours": {"isLocalHoliday": false, "isOpen": true, "status": "Likely open"}, "verified": false, "price": {"tier": 2, "currency": "$", "message": "Moderate"}}, "referralId": "e-3-4ca1d04979d9b1f7542bc299-4", "tips": [{"id": "4d57f9557a7eba7af425dace", "text": "The oyster for Tetsuya\u2019s signature Marinated Botan Prawn, Sea Urchin and Oscietra Caviar is what dreams are made of!", "disagreeCount": 0, "logView": true, "createdAt": 1297611093, "likes": {"groups": [], "summary": "2 likes", "count": 2}, "todo": {"count": 3}, "agreeCount": 1, "canonicalUrl": "https://foursquare.com/item/4d57f9557a7eba7af425dace", "type": "user", "user": {"gender": "female", "id": "2435245", "photo": {"prefix": "https://igx.4sqi.net/img/user/", "suffix": "/ZQQTGRKXBIKTGUPO.jpg"}, "firstName": "Katie", "lastName": "C"}}]}, {"reasons": {"items": [{"reasonName": "globalInteractionReason", "summary": "This spot is popular", "type": "general"}], "count": 0}, "venue": {"hereNow": {"groups": [], "summary": "Nobody here", "count": 0}, "contact": {"facebook": "216317188388404", "facebookUsername": "dintaifungsg", "facebookName": "Din Tai Fung Singapore", "phone": "+6566349969", "formattedPhone": "+65 6634 9969"}, "photos": {"groups": [], "count": 0}, "rating": 8.7, "name": "Din Tai Fung \u9f0e\u6cf0\u8c50", "ratingSignals": 394, "allowMenuUrlEdit": true, "categories": [{"pluralName": "Dumpling Restaurants", "id": "4bf58dd8d48988d108941735", "primary": true, "icon": {"prefix": "https://ss3.4sqi.net/img/categories_v2/food/dumplings_", "suffix": ".png"}, "name": "Dumpling Restaurant", "shortName": "Dumplings"}], "stats": {"checkinsCount": 7133, "usersCount": 5867, "tipCount": 83}, "id": "4ee9a39eb8f7eaddf70252f7", "beenHere": {"lastCheckinExpiredAt": 0, "count": 0, "marked": false}, "url": "http://www.dintaifung.com.sg", "ratingColor": "73CF42", "location": {"lng": 103.85955944740287, "formattedAddress": ["#B2-63, The Shoppes at Marina Bay Sands (2 Bayfront Ave)", "018972", "Singapore"], "postalCode": "018972", "lat": 1.2854765942665212, "crossStreet": "2 Bayfront Ave", "country": "Singapore", "distance": 404, "city": "Singapore", "cc": "SG", "address": "#B2-63, The Shoppes at Marina Bay Sands", "labeledLatLngs": [{"lng": 103.85955944740287, "label": "display", "lat": 1.2854765942665212}]}, "hours": {"isLocalHoliday": false, "isOpen": true, "status": "Open until 11:00 PM"}, "verified": false, "price": {"tier": 1, "currency": "$", "message": "Cheap"}}, "referralId": "e-3-4ee9a39eb8f7eaddf70252f7-5", "tips": [{"id": "4efda12d722e0f076fdcfe57", "text": "Service has lots of room for improvement! No tea refills, no bowls?! Food not on par with other outlets.", "disagreeCount": 0, "logView": true, "createdAt": 1325244717, "likes": {"groups": [], "summary": "5 likes", "count": 5}, "todo": {"count": 0}, "agreeCount": 2, "canonicalUrl": "https://foursquare.com/item/4efda12d722e0f076fdcfe57", "type": "user", "user": {"gender": "male", "id": "6921400", "photo": {"prefix": "https://igx.4sqi.net/img/user/", "suffix": "/BISI0LWNOBM2PURD.jpg"}, "firstName": "Vic", "lastName": "Tan"}}]}, {"reasons": {"items": [{"reasonName": "globalInteractionReason", "summary": "This spot is popular", "type": "general"}], "count": 0}, "venue": {"hereNow": {"groups": [], "summary": "Nobody here", "count": 0}, "contact": {"phone": "+6566888522", "formattedPhone": "+65 6688 8522"}, "photos": {"groups": [], "count": 0}, "rating": 8.5, "name": "Pizzeria Mozza", "ratingSignals": 506, "allowMenuUrlEdit": true, "categories": [{"pluralName": "Pizza Places", "id": "4bf58dd8d48988d1ca941735", "primary": true, "icon": {"prefix": "https://ss3.4sqi.net/img/categories_v2/food/pizza_", "suffix": ".png"}, "name": "Pizza Place", "shortName": "Pizza"}], "stats": {"checkinsCount": 8954, "usersCount": 6058, "tipCount": 202}, "id": "4d06251fa26854819b57c0bd", "beenHere": {"lastCheckinExpiredAt": 0, "count": 0, "marked": false}, "url": "http://www.pizzeriamozza.com/Singapore/home.cfm", "ratingColor": "73CF42", "location": {"lng": 103.859650040427, "formattedAddress": ["10 Bayfront Avenue, #B1-42-46 (2 Bayfront Ave)", "018956", "Singapore"], "postalCode": "018956", "lat": 1.2857324437197608, "crossStreet": "2 Bayfront Ave", "country": "Singapore", "distance": 434, "city": "Singapore", "cc": "SG", "address": "10 Bayfront Avenue, #B1-42-46", "labeledLatLngs": [{"lng": 103.859650040427, "label": "display", "lat": 1.2857324437197608}]}, "hours": {"isLocalHoliday": false, "isOpen": false, "status": "Closed until Noon tomorrow"}, "verified": false, "price": {"tier": 3, "currency": "$", "message": "Expensive"}}, "referralId": "e-3-4d06251fa26854819b57c0bd-6", "tips": [{"logView": true, "createdAt": 1305253614, "agreeCount": 5, "likes": {"groups": [], "summary": "16 likes", "count": 16}, "id": "4dcc96ee1fc7fc68cd48950f", "text": "Grab a seat at the wine bar \u2013 you can choose from over 100 Italian bottles \u2013 to witness the pies being cooked to crispy, bubbly perfection.", "type": "user", "url": "http://www.timeoutsingapore.com/restaurants/italian/pizzeria-mozza", "user": {"id": "8600365", "photo": {"prefix": "https://igx.4sqi.net/img/user/", "suffix": "/QUK2HJNZBYJPUI43.jpg"}, "firstName": "Time Out Singapore", "type": "page", "gender": "none"}, "canonicalUrl": "https://foursquare.com/item/4dcc96ee1fc7fc68cd48950f", "todo": {"count": 6}, "disagreeCount": 0}]}, {"reasons": {"items": [{"reasonName": "globalInteractionReason", "summary": "This spot is popular", "type": "general"}], "count": 0}, "venue": {"hereNow": {"groups": [], "summary": "Nobody here", "count": 0}, "contact": {"phone": "+6566887299", "formattedPhone": "+65 6688 7299"}, "photos": {"groups": [], "count": 0}, "rating": 7.7, "name": "Long Chim", "ratingSignals": 55, "allowMenuUrlEdit": true, "categories": [{"pluralName": "Thai Restaurants", "id": "4bf58dd8d48988d149941735", "primary": true, "icon": {"prefix": "https://ss3.4sqi.net/img/categories_v2/food/thai_", "suffix": ".png"}, "name": "Thai Restaurant", "shortName": "Thai"}], "stats": {"checkinsCount": 487, "usersCount": 361, "tipCount": 12}, "id": "54f84e0e498e9ff7e4e5e8cf", "beenHere": {"lastCheckinExpiredAt": 0, "count": 0, "marked": false}, "url": "http://www.longchim.com.sg", "ratingColor": "C5DE35", "location": {"lng": 103.85864785845408, "formattedAddress": ["#02-02, Atrium 2 The Shoppes at Marina Bay Sands (10 Bayfront Ave)", "Singapore"], "lat": 1.2840334140287295, "crossStreet": "10 Bayfront Ave", "country": "Singapore", "distance": 245, "city": "Singapore", "cc": "SG", "address": "#02-02, Atrium 2 The Shoppes at Marina Bay Sands", "labeledLatLngs": [{"lng": 103.85864785845408, "label": "display", "lat": 1.2840334140287295}]}, "hours": {"isLocalHoliday": false, "isOpen": true, "status": "Likely open"}, "verified": false, "price": {"tier": 2, "currency": "$", "message": "Moderate"}}, "referralId": "e-3-54f84e0e498e9ff7e4e5e8cf-7", "tips": [{"logView": true, "photo": {"id": "5915b16d446ea602d2133b4f", "visibility": "public", "source": {"name": "Foursquare for iOS", "url": "https://foursquare.com/download/#/iphone"}, "suffix": "/55390456_heJ8VCYugPM5C5MZ3ISweNrBjmCPQNVi4Y_qchwF0ec.jpg", "createdAt": 1494593901, "prefix": "https://igx.4sqi.net/img/general/", "width": 1440, "height": 1920}, "createdAt": 1494593901, "agreeCount": 0, "id": "5915b16d446ea602d2133b50", "text": "Looking forward to try more dishes here. In fact, their weekday set lunch menu looks like a pretty good deal! Will be back.", "type": "user", "disagreeCount": 0, "user": {"id": "55390456", "photo": {"prefix": "https://igx.4sqi.net/img/user/", "suffix": "/55390456_xjGWfjYZ_UAMBNliBjCxql6WleMj7JVZzY9y3t2_6WtR-3ecn7WlfLcMpWqn7tIYj_11T_fb-.jpg"}, "firstName": "Ting", "gender": "female"}, "canonicalUrl": "https://foursquare.com/item/5915b16d446ea602d2133b50", "todo": {"count": 0}, "photourl": "https://igx.4sqi.net/img/general/original/55390456_heJ8VCYugPM5C5MZ3ISweNrBjmCPQNVi4Y_qchwF0ec.jpg"}]}, {"reasons": {"items": [{"reasonName": "globalInteractionReason", "summary": "This spot is popular", "type": "general"}], "count": 0}, "venue": {"hereNow": {"groups": [], "summary": "Nobody here", "count": 0}, "contact": {"instagram": "gordonramsayrestaurants", "facebookUsername": "GordonRamsayRestaurants", "facebookName": "Gordon Ramsay Restaurants", "facebook": "835435889811464", "twitter": "gordonramsaygrp", "formattedPhone": "+65 6688 5665", "phone": "+6566885665"}, "photos": {"groups": [], "count": 0}, "rating": 7.6, "name": "Bread Street Kitchen", "ratingSignals": 225, "allowMenuUrlEdit": true, "categories": [{"pluralName": "Restaurants", "id": "4bf58dd8d48988d1c4941735", "primary": true, "icon": {"prefix": "https://ss3.4sqi.net/img/categories_v2/food/default_", "suffix": ".png"}, "name": "Restaurant", "shortName": "Restaurant"}], "stats": {"checkinsCount": 2064, "usersCount": 1622, "tipCount": 55}, "id": "54f99867498e08315e7d686d", "beenHere": {"lastCheckinExpiredAt": 0, "count": 0, "marked": false}, "url": "https://www.gordonramsayrestaurants.com/bread-street-kitchen-singapore", "ratingColor": "C5DE35", "location": {"lng": 103.85754943019366, "formattedAddress": ["L1-81 The Shoppes at Marina Bay Sands (2 Bayfront Avenue)", "018956", "Singapore"], "postalCode": "018956", "lat": 1.2826046987468895, "crossStreet": "2 Bayfront Avenue", "country": "Singapore", "distance": 188, "city": "Singapore", "cc": "SG", "address": "L1-81 The Shoppes at Marina Bay Sands", "labeledLatLngs": [{"lng": 103.85754943019366, "label": "display", "lat": 1.2826046987468895}]}, "hours": {"isLocalHoliday": false, "isOpen": true, "status": "Likely open"}, "verified": false, "price": {"tier": 3, "currency": "$", "message": "Expensive"}}, "referralId": "e-3-54f99867498e08315e7d686d-8", "tips": [{"logView": true, "photo": {"id": "560b08ad498e905792c31e26", "visibility": "public", "source": {"name": "Foursquare Web", "url": "https://foursquare.com"}, "suffix": "/114503071_EOMNMa5T6N1lO0OXk1kfbdanObNHvHuqUCn6W1LcH7U.jpg", "createdAt": 1443563693, "prefix": "https://igx.4sqi.net/img/general/", "width": 336, "height": 298}, "createdAt": 1443563692, "todo": {"count": 0}, "agreeCount": 5, "likes": {"groups": [], "summary": "5 likes", "count": 5}, "id": "560b08ac498ee087b320334c", "text": "\u041c\u0435\u043d\u044e \u043d\u0435\u0431\u043e\u043b\u044c\u0448\u043e\u0435 \u0438 \u043d\u0435 \u043e\u0447\u0435\u043d\u044c \u043f\u043e\u043d\u044f\u0442\u043d\u043e\u0435, \u043e\u0441\u043e\u0431\u0435\u043d\u043d\u043e \u0435\u0441\u043b\u0438 \u0443\u0447\u0435\u0441\u0442\u044c, \u0447\u0442\u043e \u043e\u0442 \u043f\u0435\u0440\u0441\u043e\u043d\u0430\u043b\u0430 \u0436\u0434\u0430\u0442\u044c \u043f\u043e\u043c\u043e\u0449\u0438 \u043d\u0435 \u043f\u0440\u0438\u0445\u043e\u0434\u0438\u0442\u0441\u044f. \u0427\u0442\u043e \u0436 \u0434\u043e \u0435\u0434\u044b, \u0442\u043e \u043e\u043d\u0430 \u043d\u0430 \u0442\u0440\u043e\u0439\u043a\u0443. \u0416\u0430\u043b\u043a\u043e, \u043d\u043e \u0438 \u0443 \u043c\u044d\u0442\u0440\u043e\u0432 \u0433\u0430\u0441\u0442\u0440\u043e\u043d\u043e\u043c\u0438\u0438 \u0431\u044b\u0432\u0430\u044e\u0442 \u043f\u0440\u043e\u043c\u0430\u0445\u0438.", "disagreeCount": 0, "url": "http://www.moscow-restaurants.ru/restaurants/bread_street_kitchen.html", "user": {"id": "114503071", "photo": {"prefix": "https://igx.4sqi.net/img/user/", "suffix": "/114503071-NUBIDW5E0POIZT4I.jpg"}, "firstName": "\u041c\u0438\u0445\u0430\u0438\u043b \u041a\u043e\u0441\u0442\u0438\u043d", "type": "page", "gender": "none"}, "canonicalUrl": "https://foursquare.com/item/560b08ac498ee087b320334c", "type": "user", "photourl": "https://igx.4sqi.net/img/general/original/114503071_EOMNMa5T6N1lO0OXk1kfbdanObNHvHuqUCn6W1LcH7U.jpg"}]}, {"reasons": {"items": [{"reasonName": "globalInteractionReason", "summary": "This spot is popular", "type": "general"}], "count": 0}, "venue": {"venuePage": {"id": "34979274"}, "contact": {"facebook": "112610305476422", "facebookUsername": "dbBistroOysterBar", "facebookName": "DB Bistro & Oyster Bar", "phone": "+6566888525", "formattedPhone": "+65 6688 8525"}, "photos": {"groups": [], "count": 0}, "rating": 8.3, "name": "db Bistro & Oyster Bar", "ratingSignals": 266, "allowMenuUrlEdit": true, "categories": [{"pluralName": "Bistros", "id": "52e81612bcbc57f1066b79f1", "primary": true, "icon": {"prefix": "https://ss3.4sqi.net/img/categories_v2/food/default_", "suffix": ".png"}, "name": "Bistro", "shortName": "Bistro"}], "stats": {"checkinsCount": 4596, "usersCount": 3419, "tipCount": 92}, "id": "4cf6ef5d1801a143eedbecd4", "beenHere": {"lastCheckinExpiredAt": 0, "count": 0, "marked": false}, "url": "http://www.dbbistro.com/singapore/", "ratingColor": "73CF42", "location": {"lng": 103.85976894386269, "formattedAddress": ["#B1-48, The Shoppes at Marina Bay Sands (2 Bayfront Avenue)", "018956", "Singapore"], "postalCode": "018956", "lat": 1.285910678697409, "crossStreet": "2 Bayfront Avenue", "country": "Singapore", "distance": 455, "city": "Singapore", "cc": "SG", "address": "#B1-48, The Shoppes at Marina Bay Sands", "labeledLatLngs": [{"lng": 103.85976894386269, "label": "display", "lat": 1.285910678697409}]}, "hours": {"isLocalHoliday": false, "isOpen": true, "status": "Open until 10:00 PM"}, "verified": true, "hereNow": {"groups": [], "summary": "Nobody here", "count": 0}, "storeId": ""}, "referralId": "e-3-4cf6ef5d1801a143eedbecd4-9", "tips": [{"id": "4e779201aeb780be0b2767c9", "text": "The Seafood Platter is probably one of the best starters! It consists of oysters, lobster, crab, mussels, shrimps, and snails. You gonna enjoy it while dining in with your friends.", "disagreeCount": 0, "logView": true, "createdAt": 1316459009, "likes": {"groups": [], "summary": "7 likes", "count": 7}, "todo": {"count": 0}, "agreeCount": 7, "canonicalUrl": "https://foursquare.com/item/4e779201aeb780be0b2767c9", "type": "user", "user": {"gender": "male", "id": "1666549", "photo": {"prefix": "https://igx.4sqi.net/img/user/", "suffix": "/ZQST2FYJVAQMBIK1.jpg"}, "firstName": "Terence", "lastName": "T"}}]}, {"reasons": {"items": [{"reasonName": "globalInteractionReason", "summary": "This spot is popular", "type": "general"}], "count": 0}, "venue": {"hereNow": {"groups": [], "summary": "Nobody here", "count": 0}, "contact": {"phone": "+6566888522", "formattedPhone": "+65 6688 8522"}, "photos": {"groups": [], "count": 0}, "rating": 8.0, "name": "Osteria Mozza", "ratingSignals": 155, "allowMenuUrlEdit": true, "categories": [{"pluralName": "Italian Restaurants", "id": "4bf58dd8d48988d110941735", "primary": true, "icon": {"prefix": "https://ss3.4sqi.net/img/categories_v2/food/italian_", "suffix": ".png"}, "name": "Italian Restaurant", "shortName": "Italian"}], "stats": {"checkinsCount": 1710, "usersCount": 1138, "tipCount": 41}, "id": "515eab48e4b03b9c229ee687", "beenHere": {"lastCheckinExpiredAt": 0, "count": 0, "marked": false}, "url": "http://www.pizzeriamozza.com/Singapore/home.cfm", "ratingColor": "73CF42", "location": {"lng": 103.85955378534088, "formattedAddress": ["#B1-42/46, The Shoppes at Marina Bay Sands (10 Bayfront Ave)", "018972", "Singapore"], "postalCode": "018972", "lat": 1.2855226004771303, "crossStreet": "10 Bayfront Ave", "country": "Singapore", "distance": 409, "city": "Singapore", "cc": "SG", "address": "#B1-42/46, The Shoppes at Marina Bay Sands", "labeledLatLngs": [{"lng": 103.85955378534088, "label": "display", "lat": 1.2855226004771303}]}, "hours": {"isLocalHoliday": false, "isOpen": true, "status": "Likely open"}, "verified": false, "price": {"tier": 2, "currency": "$", "message": "Moderate"}}, "referralId": "e-3-515eab48e4b03b9c229ee687-10", "tips": [{"logView": true, "photo": {"id": "51964e2d498e5eb84bdbe47d", "visibility": "public", "source": {"name": "Foursquare for iOS", "url": "https://foursquare.com/download/#/iphone"}, "suffix": "/1402546_uiMSZQEh4Pftu0I5lvB1sYEQKNOtHqMSXevX9MSAq38.jpg", "createdAt": 1368804909, "prefix": "https://igx.4sqi.net/img/general/", "width": 720, "height": 960}, "createdAt": 1368804876, "todo": {"count": 2}, "agreeCount": 7, "likes": {"groups": [], "summary": "7 likes", "count": 7}, "id": "51964e0c498e4eb390330cc1", "text": "\uc624\uc2a4\ud14c\ub9ac\uc544 \ubaa8\uc9dc\ub294 \ub274\uc695\uc758 \uc774\ud0c8\ub9ac\uc544\uc694\ub9ac \uc804\ubb38\uac00\ub85c \uc5ec\ub7ec\uad8c\uc758 \ucc45\uc744 \ub0b8 \uc2a4\ud0c0\uc170\ud504 Mario Batali \uac00 LA\uc5d0 \uc774\uc5b4 \uc2f1\uac00\ud3f4\uc5d0 \uc624\ud508\ud55c \ub808\uc2a4\ud1a0\ub791\uc73c\ub85c \ub300\uccb4\ub85c \uac00\uaca9\ub300\ube44 \uc591\uc740 \uc801\uc740 \ud3b8\uc774\ub098 \ub9db\uc740 \ubcf4\uc7a5!! \uac00\uaca9\uc740 \ucf54\uc2a4 1\uc778\ub2f9 128S$\ubd80\ud130, \ud30c\uc2a4\ud0c0 24S$\ubd80\ud130 \uc2dc\uc791.. \ud53c\uc790\uc804\ubb38 \ub808\uc2a4\ud1a0\ub791\uc778 \ud53c\uc81c\ub9ac\uc544 \ubaa8\uc9dc\uc640 \ud568\uaed8 \uc6b4\uc601\ub418\ub294\ub370 \uac00\uaca9\uc740 \ud53c\uc81c\ub9ac\uc544\uac00 \uc800\ub834\ud55c \ud3b8\uc774\ub2e4...", "disagreeCount": 0, "user": {"id": "1402546", "photo": {"prefix": "https://igx.4sqi.net/img/user/", "suffix": "/1402546_NNWSZlLQ_naUsVpdWlHWsjBjfW-e1K5xk-h04q_yQSyP25M6xSTC2Hiee3alLoRB_i-Xmj6Un.jpg"}, "firstName": "Skywalkerstyle", "gender": "none"}, "canonicalUrl": "https://foursquare.com/item/51964e0c498e4eb390330cc1", "type": "user", "photourl": "https://igx.4sqi.net/img/general/original/1402546_uiMSZQEh4Pftu0I5lvB1sYEQKNOtHqMSXevX9MSAq38.jpg"}]}, {"reasons": {"items": [{"reasonName": "globalInteractionReason", "summary": "This spot is popular", "type": "general"}], "count": 0}, "venue": {"hereNow": {"groups": [], "summary": "Nobody here", "count": 0}, "contact": {}, "photos": {"groups": [], "count": 0}, "rating": 7.5, "name": "Adrift by David Myers", "ratingSignals": 66, "allowMenuUrlEdit": true, "categories": [{"pluralName": "Gastropubs", "id": "4bf58dd8d48988d155941735", "primary": true, "icon": {"prefix": "https://ss3.4sqi.net/img/categories_v2/food/gastropub_", "suffix": ".png"}, "name": "Gastropub", "shortName": "Gastropub"}], "stats": {"checkinsCount": 661, "usersCount": 479, "tipCount": 22}, "id": "54e5bcb1498edb2c074fc970", "beenHere": {"lastCheckinExpiredAt": 0, "count": 0, "marked": false}, "ratingColor": "C5DE35", "location": {"lng": 103.86055031188147, "formattedAddress": ["Marina Bay Sands Hotel Tower 2 (Bayfront Avenue)", "Singapore"], "lat": 1.283200467719035, "crossStreet": "Bayfront Avenue", "country": "Singapore", "distance": 220, "city": "Singapore", "cc": "SG", "address": "Marina Bay Sands Hotel Tower 2", "labeledLatLngs": [{"lng": 103.86055031188147, "label": "display", "lat": 1.283200467719035}]}, "hours": {"isLocalHoliday": false, "isOpen": true, "status": "Likely open"}, "verified": false, "price": {"tier": 3, "currency": "$", "message": "Expensive"}}, "referralId": "e-3-54e5bcb1498edb2c074fc970-11", "tips": [{"logView": true, "photo": {"id": "56094e6c498e95f1861505e4", "visibility": "public", "source": {"name": "Foursquare Web", "url": "https://foursquare.com"}, "suffix": "/114503071_N32iYh2a7LrJChM0vGEK0X-wy9AitYjukBDdsWHw86U.jpg", "createdAt": 1443450476, "prefix": "https://igx.4sqi.net/img/general/", "width": 336, "height": 298}, "createdAt": 1443450475, "todo": {"count": 0}, "agreeCount": 5, "likes": {"groups": [], "summary": "5 likes", "count": 5}, "id": "56094e6b498ea8b8ae109cda", "text": "\u0418\u043d\u0442\u0435\u0440\u044c\u0435\u0440 \u0441\u043e\u0432\u0440\u0435\u043c\u0435\u043d\u043d\u044b\u0439, \u0437\u0430\u043b \u043f\u0440\u043e\u0441\u0442\u043e\u0440\u043d\u044b\u0439. \u0410\u043a\u0446\u0435\u043d\u0442 \u0432 \u043c\u0435\u043d\u044e \u0441\u0434\u0435\u043b\u0430\u043d \u043d\u0430 \u043d\u043e\u0432\u0443\u044e \u0430\u0437\u0438\u0430\u0442\u0441\u043a\u0443\u044e \u043a\u0443\u0445\u043d\u044e \u0441 \u044d\u043b\u0435\u043c\u0435\u043d\u0442\u0430\u043c\u0438 \u0418\u0442\u0430\u043b\u0438\u0438 \u0438 \u0424\u0440\u0430\u043d\u0446\u0438\u0438. \u0411\u043b\u044e\u0434\u0430 \u043e\u0442\u043c\u0435\u043d\u043d\u043e\u0433\u043e \u043a\u0430\u0447\u0435\u0441\u0442\u0432\u0430, \u043f\u043e\u0434\u0430\u0447\u0430 \u0438\u043d\u0442\u0435\u0440\u0435\u0441\u043d\u0430\u044f.", "disagreeCount": 0, "url": "http://www.moscow-restaurants.ru/restaurants/adrift.html", "user": {"id": "114503071", "photo": {"prefix": "https://igx.4sqi.net/img/user/", "suffix": "/114503071-NUBIDW5E0POIZT4I.jpg"}, "firstName": "\u041c\u0438\u0445\u0430\u0438\u043b \u041a\u043e\u0441\u0442\u0438\u043d", "type": "page", "gender": "none"}, "canonicalUrl": "https://foursquare.com/item/56094e6b498ea8b8ae109cda", "type": "user", "photourl": "https://igx.4sqi.net/img/general/original/114503071_N32iYh2a7LrJChM0vGEK0X-wy9AitYjukBDdsWHw86U.jpg"}]}, {"reasons": {"items": [{"reasonName": "globalInteractionReason", "summary": "This spot is popular", "type": "general"}], "count": 0}, "venue": {"hereNow": {"groups": [], "summary": "Nobody here", "count": 0}, "contact": {"phone": "+6566887395", "formattedPhone": "+65 6688 7395"}, "photos": {"groups": [], "count": 0}, "rating": 7.4, "name": "Punjab Grill by Jiggs Kalra", "ratingSignals": 37, "allowMenuUrlEdit": true, "categories": [{"pluralName": "Indian Restaurants", "id": "4bf58dd8d48988d10f941735", "primary": true, "icon": {"prefix": "https://ss3.4sqi.net/img/categories_v2/food/indian_", "suffix": ".png"}, "name": "Indian Restaurant", "shortName": "Indian"}], "stats": {"checkinsCount": 580, "usersCount": 447, "tipCount": 15}, "id": "4e095e09aeb74c39911c767c", "beenHere": {"lastCheckinExpiredAt": 0, "count": 0, "marked": false}, "ratingColor": "C5DE35", "location": {"lng": 103.85761171197127, "formattedAddress": ["B1-01A, The Shoppes at Marina Bay Sands (2 Bayfront Ave.)", "018972", "Singapore"], "postalCode": "018972", "lat": 1.2826664089013136, "crossStreet": "2 Bayfront Ave.", "country": "Singapore", "distance": 185, "city": "Singapore", "cc": "SG", "address": "B1-01A, The Shoppes at Marina Bay Sands", "labeledLatLngs": [{"lng": 103.85761171197127, "label": "display", "lat": 1.2826664089013136}]}, "hours": {"isLocalHoliday": false, "isOpen": true, "status": "Likely open"}, "verified": false, "price": {"tier": 2, "currency": "$", "message": "Moderate"}}, "referralId": "e-3-4e095e09aeb74c39911c767c-12", "tips": [{"logView": true, "createdAt": 1313554559, "agreeCount": 2, "likes": {"groups": [], "summary": "2 likes", "count": 2}, "id": "4e4b407f922ef82562171249", "text": "SG\u2019s only branch of the Indian food celeb's string of fine-dining establishments. Try the tandoori lobster, dahi ke kebab and the signature paan (betel leaves, fresh cream and sugar) shot.", "type": "user", "url": "http://www.timeoutsingapore.com/restaurants/indian/punjab-grill-by-jiggs-kalra", "user": {"id": "8600365", "photo": {"prefix": "https://igx.4sqi.net/img/user/", "suffix": "/QUK2HJNZBYJPUI43.jpg"}, "firstName": "Time Out Singapore", "type": "page", "gender": "none"}, "canonicalUrl": "https://foursquare.com/item/4e4b407f922ef82562171249", "todo": {"count": 6}, "disagreeCount": 0}]}, {"reasons": {"items": [{"reasonName": "globalInteractionReason", "summary": "This spot is popular", "type": "general"}], "count": 0}, "venue": {"hereNow": {"groups": [], "summary": "Nobody here", "count": 0}, "contact": {}, "photos": {"groups": [], "count": 0}, "rating": 8.1, "name": "LeVel33", "ratingSignals": 8, "allowMenuUrlEdit": true, "categories": [{"pluralName": "Restaurants", "id": "4bf58dd8d48988d1c4941735", "primary": true, "icon": {"prefix": "https://ss3.4sqi.net/img/categories_v2/food/default_", "suffix": ".png"}, "name": "Restaurant", "shortName": "Restaurant"}], "stats": {"checkinsCount": 106, "usersCount": 104, "tipCount": 2}, "id": "5783b947498e81c4286d5e19", "beenHere": {"lastCheckinExpiredAt": 0, "count": 0, "marked": false}, "ratingColor": "73CF42", "location": {"formattedAddress": ["Marina Boulevard", "Singapore"], "lat": 1.280371, "lng": 103.85479, "country": "Singapore", "distance": 505, "city": "Singapore", "cc": "SG", "address": "Marina Boulevard", "labeledLatLngs": [{"lng": 103.85479, "label": "display", "lat": 1.280371}]}, "verified": false, "price": {"tier": 2, "currency": "$", "message": "Moderate"}}, "referralId": "e-3-5783b947498e81c4286d5e19-13", "tips": [{"logView": true, "photo": {"id": "58f2e136419a9e1e2408661a", "visibility": "public", "source": {"name": "Foursquare for Android", "url": "https://foursquare.com/download/#/android"}, "suffix": "/94124429_kZQh_oLnOuR8z_YhRguAWkEBWd8NjGCAqI3hUd_aFWA.jpg", "createdAt": 1492312374, "prefix": "https://igx.4sqi.net/img/general/", "width": 3036, "height": 4048}, "createdAt": 1492312363, "agreeCount": 0, "id": "58f2e12b51950e6b30097fd2", "text": "Great night. Stunning views, great beers, fantastic food. Better than the hype suggests.", "type": "user", "disagreeCount": 0, "user": {"gender": "male", "id": "94124429", "photo": {"prefix": "https://igx.4sqi.net/img/user/", "suffix": "/94124429-5G4U2PTYQPGD3SZY.jpg"}, "firstName": "Tomek", "lastName": "Wolny"}, "canonicalUrl": "https://foursquare.com/item/58f2e12b51950e6b30097fd2", "todo": {"count": 0}, "photourl": "https://igx.4sqi.net/img/general/original/94124429_kZQh_oLnOuR8z_YhRguAWkEBWd8NjGCAqI3hUd_aFWA.jpg"}]}, {"reasons": {"items": [{"reasonName": "globalInteractionReason", "summary": "This spot is popular", "type": "general"}], "count": 0}, "venue": {"hereNow": {"groups": [], "summary": "Nobody here", "count": 0}, "contact": {"phone": "+6566887098", "formattedPhone": "+65 6688 7098"}, "photos": {"groups": [], "count": 0}, "rating": 7.3, "name": "Hide Yamamoto", "ratingSignals": 65, "allowMenuUrlEdit": true, "categories": [{"pluralName": "Japanese Restaurants", "id": "4bf58dd8d48988d111941735", "primary": true, "icon": {"prefix": "https://ss3.4sqi.net/img/categories_v2/food/japanese_", "suffix": ".png"}, "name": "Japanese Restaurant", "shortName": "Japanese"}], "stats": {"checkinsCount": 1609, "usersCount": 968, "tipCount": 35}, "id": "4c5a88f82091a593098f5fd0", "beenHere": {"lastCheckinExpiredAt": 0, "count": 0, "marked": false}, "ratingColor": "C5DE35", "location": {"lng": 103.86006337186483, "formattedAddress": ["#02-05, The Shoppes at Marina Bay Sands (2 Bayfront Avenue)", "018955", "Singapore"], "postalCode": "018955", "lat": 1.2833177274683059, "crossStreet": "2 Bayfront Avenue", "country": "Singapore", "distance": 194, "city": "Singapore", "cc": "SG", "address": "#02-05, The Shoppes at Marina Bay Sands", "labeledLatLngs": [{"lng": 103.86006337186483, "label": "display", "lat": 1.2833177274683059}]}, "hours": {"isLocalHoliday": false, "isOpen": true, "status": "Likely open"}, "verified": false, "price": {"tier": 2, "currency": "$", "message": "Moderate"}}, "referralId": "e-3-4c5a88f82091a593098f5fd0-14", "tips": [{"logView": true, "photo": {"id": "52b96736498e5d694cb0e6b5", "visibility": "public", "source": {"name": "Foursquare for iOS", "url": "https://foursquare.com/download/#/iphone"}, "suffix": "/4956602_uOvyNstURA59b_ycQi4rm5bXRMQ8yUZRLsSxYFG5z9I.jpg", "createdAt": 1387882294, "prefix": "https://igx.4sqi.net/img/general/", "width": 960, "height": 720}, "createdAt": 1387882288, "todo": {"count": 0}, "agreeCount": 4, "likes": {"groups": [], "summary": "4 likes", "count": 4}, "id": "52b96730498eddf1ba1900ce", "text": "The truffle corn soup for starters jump started the gourmet journey palette! Awesome!", "disagreeCount": 0, "user": {"id": "4956602", "photo": {"prefix": "https://igx.4sqi.net/img/user/", "suffix": "/YFGRNHEU01PQU1ST.jpg"}, "firstName": "Katherine", "gender": "female"}, "canonicalUrl": "https://foursquare.com/item/52b96730498eddf1ba1900ce", "type": "user", "photourl": "https://igx.4sqi.net/img/general/original/4956602_uOvyNstURA59b_ycQi4rm5bXRMQ8yUZRLsSxYFG5z9I.jpg"}]}, {"reasons": {"items": [{"reasonName": "globalInteractionReason", "summary": "This spot is popular", "type": "general"}], "count": 0}, "venue": {"venuePage": {"id": "90567952"}, "hereNow": {"groups": [{"items": [], "name": "Other people here", "count": 1, "type": "others"}], "summary": "One other person is here", "count": 1}, "contact": {"facebook": "108233279195722", "facebookUsername": "kinkibar", "facebookName": "kinki", "formattedPhone": "+65 6533 3471", "twitter": "kinkibar", "phone": "+6565333471"}, "photos": {"groups": [], "count": 0}, "rating": 8.3, "name": "Kinki Restaurant & Bar", "ratingSignals": 210, "allowMenuUrlEdit": true, "categories": [{"pluralName": "Japanese Restaurants", "id": "4bf58dd8d48988d111941735", "primary": true, "icon": {"prefix": "https://ss3.4sqi.net/img/categories_v2/food/japanese_", "suffix": ".png"}, "name": "Japanese Restaurant", "shortName": "Japanese"}], "stats": {"checkinsCount": 3693, "usersCount": 2246, "tipCount": 69}, "id": "4bb0956af964a520814d3ce3", "beenHere": {"lastCheckinExpiredAt": 0, "count": 0, "marked": false}, "url": "http://www.kinki.com.sg", "ratingColor": "73CF42", "location": {"lng": 103.85381523385149, "formattedAddress": ["#02-02, Customs House (70 Collyer Quay)", "049323", "Singapore"], "postalCode": "049323", "lat": 1.2825877681460378, "crossStreet": "70 Collyer Quay", "country": "Singapore", "distance": 591, "city": "Singapore", "cc": "SG", "address": "#02-02, Customs House", "labeledLatLngs": [{"lng": 103.85381523385149, "label": "display", "lat": 1.2825877681460378}]}, "hours": {"isLocalHoliday": false, "isOpen": true, "status": "Open until 10:30 PM"}, "verified": true, "price": {"tier": 2, "currency": "$", "message": "Moderate"}}, "referralId": "e-3-4bb0956af964a520814d3ce3-15", "tips": [{"id": "53e3154b498e6a2c73e89a40", "text": "This is likely one of the most overrated places in Singapore; mostly by expats. It's expensive and every piece of sushi has frozen crab meat filler.", "disagreeCount": 0, "logView": true, "createdAt": 1407391051, "likes": {"groups": [], "summary": "3 likes", "count": 3}, "todo": {"count": 0}, "agreeCount": 3, "canonicalUrl": "https://foursquare.com/item/53e3154b498e6a2c73e89a40", "type": "user", "user": {"gender": "male", "id": "711068", "photo": {"prefix": "https://igx.4sqi.net/img/user/", "suffix": "/-R0WFA3WK1UCIN5EV.jpg"}, "firstName": "Tyler", "lastName": "Mu\u00f1oz"}}]}, {"reasons": {"items": [{"reasonName": "globalInteractionReason", "summary": "This spot is popular", "type": "general"}], "count": 0}, "venue": {"hereNow": {"groups": [], "summary": "Nobody here", "count": 0}, "contact": {"facebook": "216317188388404", "facebookUsername": "dintaifungsg", "facebookName": "Din Tai Fung Singapore", "phone": "+6566347877", "formattedPhone": "+65 6634 7877"}, "photos": {"groups": [], "count": 0}, "rating": 8.3, "name": "Din Tai Fung \u9f0e\u6cf0\u8c50", "ratingSignals": 165, "allowMenuUrlEdit": true, "categories": [{"pluralName": "Dumpling Restaurants", "id": "4bf58dd8d48988d108941735", "primary": true, "icon": {"prefix": "https://ss3.4sqi.net/img/categories_v2/food/dumplings_", "suffix": ".png"}, "name": "Dumpling Restaurant", "shortName": "Dumplings"}], "stats": {"checkinsCount": 4695, "usersCount": 2585, "tipCount": 60}, "id": "4ce60b8f678aa0936635daea", "beenHere": {"lastCheckinExpiredAt": 0, "count": 0, "marked": false}, "url": "http://www.dintaifung.com.sg", "ratingColor": "73CF42", "location": {"lng": 103.85363705932018, "formattedAddress": ["#B2-05/06, Marina Bay Link Mall (8A Marina Boulevard)", "018984", "Singapore"], "postalCode": "018984", "lat": 1.2805241653556512, "crossStreet": "8A Marina Boulevard", "country": "Singapore", "distance": 624, "city": "Singapore", "cc": "SG", "address": "#B2-05/06, Marina Bay Link Mall", "labeledLatLngs": [{"lng": 103.85363705932018, "label": "display", "lat": 1.2805241653556512}]}, "hours": {"isLocalHoliday": false, "isOpen": true, "status": "Likely open"}, "verified": false, "price": {"tier": 1, "currency": "$", "message": "Cheap"}}, "referralId": "e-3-4ce60b8f678aa0936635daea-16", "tips": [{"id": "4e59ff16ae6099fc00cfb7d5", "text": "Be there before 11:30am during weekdays to secure a seat fast.", "disagreeCount": 0, "logView": true, "createdAt": 1314520854, "likes": {"groups": [], "summary": "2 likes", "count": 2}, "todo": {"count": 0}, "agreeCount": 2, "canonicalUrl": "https://foursquare.com/item/4e59ff16ae6099fc00cfb7d5", "type": "user", "user": {"gender": "male", "id": "8421057", "photo": {"prefix": "https://igx.4sqi.net/img/user/", "suffix": "/QFC5R5VXIY31VIGD.jpg"}, "firstName": "Jeffrey", "lastName": "Teo"}}]}, {"reasons": {"items": [{"reasonName": "globalInteractionReason", "summary": "This spot is popular", "type": "general"}], "count": 0}, "venue": {"hereNow": {"groups": [], "summary": "Nobody here", "count": 0}, "contact": {}, "photos": {"groups": [], "count": 0}, "rating": 8.6, "name": "The Sandwich Shop", "ratingSignals": 44, "allowMenuUrlEdit": true, "categories": [{"pluralName": "Sandwich Places", "id": "4bf58dd8d48988d1c5941735", "primary": true, "icon": {"prefix": "https://ss3.4sqi.net/img/categories_v2/food/deli_", "suffix": ".png"}, "name": "Sandwich Place", "shortName": "Sandwiches"}], "stats": {"checkinsCount": 1300, "usersCount": 380, "tipCount": 11}, "id": "4b568e7cf964a520151528e3", "beenHere": {"lastCheckinExpiredAt": 0, "count": 0, "marked": false}, "url": "http://www.thesandwichshop.com.sg", "ratingColor": "73CF42", "location": {"formattedAddress": ["16 Collyer Quay #02-07", "049318", "Singapore"], "postalCode": "049318", "lat": 1.2843165007390247, "lng": 103.85264396667479, "country": "Singapore", "distance": 766, "city": "Singapore", "cc": "SG", "address": "16 Collyer Quay #02-07", "labeledLatLngs": [{"lng": 103.85264396667479, "label": "display", "lat": 1.2843165007390247}]}, "hours": {"isLocalHoliday": false, "isOpen": false, "status": "Closed until 7:00 AM tomorrow"}, "verified": false, "price": {"tier": 1, "currency": "$", "message": "Cheap"}}, "referralId": "e-3-4b568e7cf964a520151528e3-17", "tips": [{"id": "54fe8711498e3b2edc61e85a", "text": "Wide range of yogurt! If u are looking for something healthy and a fast meal. Here it is! Nice and cozy place. Only down side is the food here is abit pricy.", "disagreeCount": 0, "logView": true, "createdAt": 1425966865, "likes": {"groups": [], "summary": "1 like", "count": 1}, "todo": {"count": 0}, "agreeCount": 1, "canonicalUrl": "https://foursquare.com/item/54fe8711498e3b2edc61e85a", "type": "user", "user": {"gender": "female", "id": "3640993", "photo": {"prefix": "https://igx.4sqi.net/img/user/", "suffix": "/3640993-JLIVA50ARGSHO2SC.jpg"}, "firstName": "Ivy", "lastName": "Lai"}}]}, {"reasons": {"items": [{"reasonName": "globalInteractionReason", "summary": "This spot is popular", "type": "general"}], "count": 0}, "venue": {"hereNow": {"groups": [], "summary": "Nobody here", "count": 0}, "contact": {"phone": "+6565975266", "formattedPhone": "+65 6597 5266"}, "photos": {"groups": [], "count": 0}, "rating": 7.9, "name": "The Clifford Pier", "ratingSignals": 91, "allowMenuUrlEdit": true, "categories": [{"pluralName": "Asian Restaurants", "id": "4bf58dd8d48988d142941735", "primary": true, "icon": {"prefix": "https://ss3.4sqi.net/img/categories_v2/food/asian_", "suffix": ".png"}, "name": "Asian Restaurant", "shortName": "Asian"}], "stats": {"checkinsCount": 1367, "usersCount": 883, "tipCount": 20}, "id": "5372ff07498eaf002dc13122", "beenHere": {"lastCheckinExpiredAt": 0, "count": 0, "marked": false}, "url": "https://www.fullertonhotels.com/singapore/the-fullerton-bay-hotel/dine/the-clifford-pier", "ratingColor": "C5DE35", "location": {"lng": 103.85360875024496, "formattedAddress": ["The Fullerton Bay Hotel Singapore (80 Collyer Quay)", "Singapore"], "lat": 1.2841297053081657, "crossStreet": "80 Collyer Quay", "country": "Singapore", "distance": 658, "city": "Singapore", "cc": "SG", "address": "The Fullerton Bay Hotel Singapore", "labeledLatLngs": [{"lng": 103.85360875024496, "label": "display", "lat": 1.2841297053081657}]}, "hours": {"isLocalHoliday": false, "isOpen": true, "status": "Likely open"}, "verified": false, "price": {"tier": 2, "currency": "$", "message": "Moderate"}}, "referralId": "e-3-5372ff07498eaf002dc13122-18", "tips": [{"logView": true, "photo": {"id": "547c4265498e6d1a028f6b49", "visibility": "public", "source": {"name": "Foursquare for iOS", "url": "https://foursquare.com/download/#/iphone"}, "suffix": "/83608823_vXzPFmJXdsqwtk9tb3PBZIf5QSSZ_rcKtbPhhLYHY5I.jpg", "createdAt": 1417429605, "prefix": "https://igx.4sqi.net/img/general/", "width": 1920, "height": 1440}, "createdAt": 1417429602, "todo": {"count": 0}, "agreeCount": 3, "likes": {"groups": [], "summary": "3 likes", "count": 3}, "id": "547c4262498ec6621aec07a1", "text": "Their salad buffet is $29 but if u wanna add meat from the carving station (roast ribeye) u pay $36. Worth the price for food and ambience!!", "disagreeCount": 0, "user": {"gender": "female", "id": "83608823", "photo": {"prefix": "https://igx.4sqi.net/img/user/", "suffix": "/83608823-WQJ4KTFAVOHFARLI.jpg"}, "firstName": "Dora", "lastName": "Choo"}, "canonicalUrl": "https://foursquare.com/item/547c4262498ec6621aec07a1", "type": "user", "photourl": "https://igx.4sqi.net/img/general/original/83608823_vXzPFmJXdsqwtk9tb3PBZIf5QSSZ_rcKtbPhhLYHY5I.jpg"}]}, {"reasons": {"items": [{"reasonName": "globalInteractionReason", "summary": "This spot is popular", "type": "general"}], "count": 0}, "venue": {"hereNow": {"groups": [], "summary": "Nobody here", "count": 0}, "contact": {"phone": "+6566047050", "formattedPhone": "+65 6604 7050"}, "photos": {"groups": [], "count": 0}, "rating": 7.7, "name": "OLA Cocina del Mar", "ratingSignals": 40, "allowMenuUrlEdit": true, "categories": [{"pluralName": "Spanish Restaurants", "id": "4bf58dd8d48988d150941735", "primary": true, "icon": {"prefix": "https://ss3.4sqi.net/img/categories_v2/food/spanish_", "suffix": ".png"}, "name": "Spanish Restaurant", "shortName": "Spanish"}], "stats": {"checkinsCount": 426, "usersCount": 282, "tipCount": 15}, "id": "50459ea2e4b0098497c0b478", "beenHere": {"lastCheckinExpiredAt": 0, "count": 0, "marked": false}, "url": "http://www.olarestaurant.sg", "ratingColor": "C5DE35", "location": {"lng": 103.85432780258174, "formattedAddress": ["#01-06 Marina Bay Financial Centre Tower 3 (12 Marina Boulevard)", "018982", "Singapore"], "postalCode": "018982", "lat": 1.2793598305036278, "crossStreet": "12 Marina Boulevard", "country": "Singapore", "distance": 598, "city": "Singapore", "cc": "SG", "address": "#01-06 Marina Bay Financial Centre Tower 3", "labeledLatLngs": [{"lng": 103.85432780258174, "label": "display", "lat": 1.2793598305036278}]}, "hours": {"isLocalHoliday": false, "isOpen": true, "status": "Open until 10:00 PM"}, "verified": false, "price": {"tier": 2, "currency": "$", "message": "Moderate"}}, "referralId": "e-3-50459ea2e4b0098497c0b478-19", "tips": [{"id": "54315615498e98ac3896770f", "text": "Peruvian food! :)", "disagreeCount": 0, "logView": true, "createdAt": 1412519445, "likes": {"groups": [], "summary": "1 like", "count": 1}, "todo": {"count": 0}, "agreeCount": 1, "canonicalUrl": "https://foursquare.com/item/54315615498e98ac3896770f", "type": "user", "user": {"gender": "male", "id": "10633661", "photo": {"prefix": "https://igx.4sqi.net/img/user/", "suffix": "/10633661-JC1SWCASWD3JY4LA.jpg"}, "firstName": "Gast\u00f3n", "lastName": "Soto Denegri"}}]}, {"reasons": {"items": [{"reasonName": "globalInteractionReason", "summary": "This spot is popular", "type": "general"}], "count": 0}, "venue": {"hereNow": {"groups": [], "summary": "Nobody here", "count": 0}, "contact": {}, "photos": {"groups": [], "count": 0}, "rating": 7.7, "name": "Mexout", "ratingSignals": 12, "allowMenuUrlEdit": true, "categories": [{"pluralName": "Mexican Restaurants", "id": "4bf58dd8d48988d1c1941735", "primary": true, "icon": {"prefix": "https://ss3.4sqi.net/img/categories_v2/food/mexican_", "suffix": ".png"}, "name": "Mexican Restaurant", "shortName": "Mexican"}], "stats": {"checkinsCount": 188, "usersCount": 60, "tipCount": 4}, "id": "56024873498ee30f2031d301", "beenHere": {"lastCheckinExpiredAt": 0, "count": 0, "marked": false}, "ratingColor": "C5DE35", "location": {"formattedAddress": ["Marina Bay Financial Centre Tower 3", "Singapore"], "lat": 1.2791668859118526, "lng": 103.85446368691504, "distance": 595, "country": "Singapore", "cc": "SG", "address": "Marina Bay Financial Centre Tower 3", "labeledLatLngs": [{"lng": 103.85446368691504, "label": "display", "lat": 1.2791668859118526}]}, "verified": false, "price": {"tier": 1, "currency": "$", "message": "Cheap"}}, "referralId": "e-3-56024873498ee30f2031d301-20", "tips": [{"id": "5899123a30ecc651dcd1611f", "text": "love avocado toast!!", "disagreeCount": 0, "createdAt": 1486426682, "logView": true, "todo": {"count": 0}, "agreeCount": 0, "canonicalUrl": "https://foursquare.com/item/5899123a30ecc651dcd1611f", "type": "user", "user": {"gender": "female", "id": "14309429", "photo": {"prefix": "https://igx.4sqi.net/img/user/", "suffix": "/WNRBDHV4HFTZPLHB.jpg"}, "firstName": "Eunhye", "lastName": "Kim"}}]}, {"reasons": {"items": [{"reasonName": "globalInteractionReason", "summary": "This spot is popular", "type": "general"}], "count": 0}, "venue": {"venuePage": {"id": "105785932"}, "hereNow": {"groups": [], "summary": "Nobody here", "count": 0}, "contact": {"facebook": "519592191476427", "facebookUsername": "nudseafood", "facebookName": "NUDE Seafood", "phone": "+6564431167", "formattedPhone": "+65 6443 1167"}, "photos": {"groups": [], "count": 0}, "rating": 7.7, "name": "NUDE Seafood", "ratingSignals": 34, "allowMenuUrlEdit": true, "categories": [{"pluralName": "Seafood Restaurants", "id": "4bf58dd8d48988d1ce941735", "primary": true, "icon": {"prefix": "https://ss3.4sqi.net/img/categories_v2/food/seafood_", "suffix": ".png"}, "name": "Seafood Restaurant", "shortName": "Seafood"}], "stats": {"checkinsCount": 476, "usersCount": 158, "tipCount": 12}, "id": "548d9ae0498eed690b5d58c4", "beenHere": {"lastCheckinExpiredAt": 0, "count": 0, "marked": false}, "url": "http://www.nudeseafood.com", "ratingColor": "C5DE35", "location": {"formattedAddress": ["12 Marina Blvd #01-02, Marina Bay Financial Centre Tower 3", "018982", "Singapore"], "postalCode": "018982", "lat": 1.278942698564676, "lng": 103.85454297065735, "country": "Singapore", "distance": 601, "city": "Singapore", "cc": "SG", "address": "12 Marina Blvd #01-02, Marina Bay Financial Centre Tower 3", "labeledLatLngs": [{"lng": 103.85454297065735, "label": "display", "lat": 1.278942698564676}]}, "hours": {"isLocalHoliday": false, "isOpen": true, "status": "Open until 10:00 PM"}, "verified": true, "price": {"tier": 3, "currency": "$", "message": "Expensive"}, "storeId": ""}, "referralId": "e-3-548d9ae0498eed690b5d58c4-21", "tips": [{"logView": true, "photo": {"id": "54f1b28e498e21f1e0e9b090", "visibility": "public", "source": {"name": "Foursquare for iOS", "url": "https://foursquare.com/download/#/iphone"}, "suffix": "/96482512_WadqbueyDPFFDOrEn-UL3sH6jImb-j1RIbTckAORo40.jpg", "createdAt": 1425126030, "prefix": "https://igx.4sqi.net/img/general/", "width": 1440, "height": 1440}, "createdAt": 1425126028, "todo": {"count": 1}, "agreeCount": 2, "likes": {"groups": [], "summary": "2 likes", "count": 2}, "id": "54f1b28c11d226ac06a2d250", "text": "hickory smoked salmon & signature grains", "disagreeCount": 0, "user": {"id": "96482512", "photo": {"prefix": "https://igx.4sqi.net/img/user/", "suffix": "/96482512-WBWRVVGB33UEPM1G.jpg"}, "firstName": "mo pleasure", "gender": "female"}, "canonicalUrl": "https://foursquare.com/item/54f1b28c11d226ac06a2d250", "type": "user", "photourl": "https://igx.4sqi.net/img/general/original/96482512_WadqbueyDPFFDOrEn-UL3sH6jImb-j1RIbTckAORo40.jpg"}]}, {"reasons": {"items": [{"reasonName": "globalInteractionReason", "summary": "This spot is popular", "type": "general"}], "count": 0}, "venue": {"hereNow": {"groups": [], "summary": "Nobody here", "count": 0}, "contact": {"phone": "+6565975288", "formattedPhone": "+65 6597 5288"}, "photos": {"groups": [], "count": 0}, "rating": 7.8, "name": "La Brasserie", "ratingSignals": 22, "allowMenuUrlEdit": true, "categories": [{"pluralName": "Caf\u00e9s", "id": "4bf58dd8d48988d16d941735", "primary": true, "icon": {"prefix": "https://ss3.4sqi.net/img/categories_v2/food/cafe_", "suffix": ".png"}, "name": "Caf\u00e9", "shortName": "Caf\u00e9"}], "stats": {"checkinsCount": 372, "usersCount": 165, "tipCount": 3}, "id": "5205c76d11d2072b2bd3aa80", "beenHere": {"lastCheckinExpiredAt": 0, "count": 0, "marked": false}, "ratingColor": "C5DE35", "location": {"formattedAddress": ["80 Collyer Quay", "049326", "Singapore"], "postalCode": "049326", "lat": 1.2833553789992505, "lng": 103.85320676201287, "country": "Singapore", "distance": 674, "city": "Singapore", "cc": "SG", "address": "80 Collyer Quay", "labeledLatLngs": [{"lng": 103.85320676201287, "label": "display", "lat": 1.2833553789992505}]}, "hours": {"isLocalHoliday": false, "isOpen": true, "status": "Likely open"}, "verified": false, "price": {"tier": 1, "currency": "$", "message": "Cheap"}}, "referralId": "e-3-5205c76d11d2072b2bd3aa80-22", "tips": [{"id": "55c0d4da498ef148da12770c", "text": "Classy and romantic setting, good for a date. Food is not too bad a bit expensive for what you get. Steak was ok, truffle fries were pretty good.", "disagreeCount": 0, "logView": true, "createdAt": 1438700762, "likes": {"groups": [], "summary": "2 likes", "count": 2}, "todo": {"count": 0}, "agreeCount": 2, "canonicalUrl": "https://foursquare.com/item/55c0d4da498ef148da12770c", "type": "user", "user": {"gender": "male", "id": "98683884", "photo": {"prefix": "https://igx.4sqi.net/img/user/", "suffix": "/98683884-1MJ0OTISTPZWSBRJ.jpg"}, "firstName": "Matt", "lastName": "Ta-Min"}}]}, {"reasons": {"items": [{"reasonName": "globalInteractionReason", "summary": "This spot is popular", "type": "general"}], "count": 0}, "venue": {"contact": {"facebook": "337577483257065", "facebookUsername": "MontiSingapore", "facebookName": "MONTI", "phone": "+6565350724", "formattedPhone": "+65 6535 0724"}, "photos": {"groups": [], "count": 0}, "rating": 7.7, "name": "Monti", "ratingSignals": 8, "allowMenuUrlEdit": true, "categories": [{"pluralName": "Modern European Restaurants", "id": "52e81612bcbc57f1066b79f9", "primary": true, "icon": {"prefix": "https://ss3.4sqi.net/img/categories_v2/food/default_", "suffix": ".png"}, "name": "Modern European Restaurant", "shortName": "Modern European"}], "stats": {"checkinsCount": 127, "usersCount": 86, "tipCount": 2}, "id": "58083cef38fa14bcde721e41", "beenHere": {"lastCheckinExpiredAt": 0, "count": 0, "marked": false}, "ratingColor": "C5DE35", "location": {"formattedAddress": ["82 Collyer Quay, The Fullerton Pavilion", "049327", "Singapore"], "postalCode": "049327", "lat": 1.2845145, "lng": 103.85399, "country": "Singapore", "distance": 638, "city": "Singapore", "cc": "SG", "address": "82 Collyer Quay, The Fullerton Pavilion", "labeledLatLngs": [{"lng": 103.85399, "label": "display", "lat": 1.2845145}]}, "hours": {"isLocalHoliday": false, "isOpen": true, "status": "Open until 1:00 AM"}, "verified": false, "hereNow": {"groups": [], "summary": "Nobody here", "count": 0}}, "referralId": "e-3-58083cef38fa14bcde721e41-23", "tips": [{"logView": true, "photo": {"id": "58a1cae003e29a66d9f15a7c", "visibility": "public", "source": {"name": "Swarm for iOS", "url": "https://www.swarmapp.com"}, "suffix": "/21934162_o0n9eHUr783dIGuXICmDRHXmj-T7JarIKOanzAr2eAU.jpg", "createdAt": 1486998240, "prefix": "https://igx.4sqi.net/img/general/", "width": 1920, "height": 1440}, "createdAt": 1487024453, "agreeCount": 0, "id": "58a23145326c5a3cebe068d9", "text": "The view from the rooftop is amazing!", "type": "user", "disagreeCount": 0, "user": {"gender": "female", "id": "21934162", "photo": {"prefix": "https://igx.4sqi.net/img/user/", "suffix": "/S4XCWY2ZG5NG3UA3.jpg"}, "firstName": "Hitomi", "lastName": "N"}, "canonicalUrl": "https://foursquare.com/item/58a23145326c5a3cebe068d9", "todo": {"count": 0}, "photourl": "https://igx.4sqi.net/img/general/original/21934162_o0n9eHUr783dIGuXICmDRHXmj-T7JarIKOanzAr2eAU.jpg"}]}, {"reasons": {"items": [{"reasonName": "globalInteractionReason", "summary": "This spot is popular", "type": "general"}], "count": 0}, "venue": {"hereNow": {"groups": [{"items": [], "name": "Other people here", "count": 1, "type": "others"}], "summary": "One other person is here", "count": 1}, "contact": {"phone": "+6566887426", "formattedPhone": "+65 6688 7426"}, "photos": {"groups": [], "count": 0}, "rating": 7.2, "name": "Sen of Japan", "ratingSignals": 9, "allowMenuUrlEdit": true, "categories": [{"pluralName": "Restaurants", "id": "4bf58dd8d48988d1c4941735", "primary": true, "icon": {"prefix": "https://ss3.4sqi.net/img/categories_v2/food/default_", "suffix": ".png"}, "name": "Restaurant", "shortName": "Restaurant"}], "stats": {"checkinsCount": 138, "usersCount": 108, "tipCount": 1}, "id": "563c8453cd10627b585bd72a", "beenHere": {"lastCheckinExpiredAt": 0, "count": 0, "marked": false}, "url": "http://www.senofjapan.com.sg", "ratingColor": "C5DE35", "location": {"formattedAddress": ["Marina Bay Sands Shoppes", "Singapore"], "lat": 1.285709064414811, "lng": 103.85936127537282, "distance": 428, "country": "Singapore", "cc": "SG", "address": "Marina Bay Sands Shoppes", "labeledLatLngs": [{"lng": 103.85936127537282, "label": "display", "lat": 1.285709064414811}]}, "verified": false, "price": {"tier": 2, "currency": "$", "message": "Moderate"}}, "referralId": "e-3-563c8453cd10627b585bd72a-24", "tips": [{"logView": true, "photo": {"id": "5868b1f86f20d12f27d79664", "visibility": "public", "source": {"name": "Foursquare for iOS", "url": "https://foursquare.com/download/#/iphone"}, "suffix": "/335860333_sB2yEo83bVjXXeiZsBWM_XNN-xwCrhKb45tDshkbUo8.jpg", "createdAt": 1483256312, "prefix": "https://igx.4sqi.net/img/general/", "width": 1920, "height": 1440}, "createdAt": 1483256310, "agreeCount": 0, "id": "5868b1f665ca0133fd060ecc", "text": "The miso soup is really good", "type": "user", "disagreeCount": 0, "user": {"gender": "none", "id": "335860333", "photo": {"prefix": "https://igx.4sqi.net/img/user/", "default": true, "suffix": "/blank_boy.png"}, "firstName": "Miguel", "lastName": "Fernandes"}, "canonicalUrl": "https://foursquare.com/item/5868b1f665ca0133fd060ecc", "todo": {"count": 0}, "photourl": "https://igx.4sqi.net/img/general/original/335860333_sB2yEo83bVjXXeiZsBWM_XNN-xwCrhKb45tDshkbUo8.jpg"}]}, {"reasons": {"items": [{"reasonName": "globalInteractionReason", "summary": "This spot is popular", "type": "general"}], "count": 0}, "venue": {"hereNow": {"groups": [], "summary": "Nobody here", "count": 0}, "contact": {}, "photos": {"groups": [], "count": 0}, "rating": 7.5, "name": "Tong Le Private Dining", "ratingSignals": 15, "allowMenuUrlEdit": true, "categories": [{"pluralName": "Chinese Restaurants", "id": "4bf58dd8d48988d145941735", "primary": true, "icon": {"prefix": "https://ss3.4sqi.net/img/categories_v2/food/asian_", "suffix": ".png"}, "name": "Chinese Restaurant", "shortName": "Chinese"}], "stats": {"checkinsCount": 258, "usersCount": 179, "tipCount": 5}, "id": "4f15780ce4b07e9ece62b1f2", "beenHere": {"lastCheckinExpiredAt": 0, "count": 0, "marked": false}, "ratingColor": "C5DE35", "location": {"lng": 103.85306521714362, "formattedAddress": ["OUE Tower (60 Collyer Quay)", "049322", "Singapore"], "postalCode": "049322", "lat": 1.2834615956371418, "crossStreet": "60 Collyer Quay", "country": "Singapore", "distance": 692, "city": "Singapore", "cc": "SG", "address": "OUE Tower", "labeledLatLngs": [{"lng": 103.85306521714362, "label": "display", "lat": 1.2834615956371418}]}, "hours": {"isLocalHoliday": false, "isOpen": true, "status": "Likely open"}, "verified": false, "price": {"tier": 1, "currency": "$", "message": "Cheap"}}, "referralId": "e-3-4f15780ce4b07e9ece62b1f2-25", "tips": [{"logView": true, "photo": {"id": "52490ec311d224db23101f5e", "visibility": "public", "source": {"name": "Foursquare for iOS", "url": "https://foursquare.com/download/#/iphone"}, "suffix": "/14069703_5aeXOUTgSzBHGmaNY-gw02NiyciiGPZBZ1r1GZM4q0U.jpg", "createdAt": 1380519619, "prefix": "https://igx.4sqi.net/img/general/", "width": 960, "height": 720}, "createdAt": 1380519608, "todo": {"count": 0}, "agreeCount": 2, "likes": {"groups": [], "summary": "2 likes", "count": 2}, "id": "52490eb8498e86872397906b", "text": "Their private dinning room is fabulous!", "disagreeCount": 0, "user": {"id": "14069703", "photo": {"prefix": "https://igx.4sqi.net/img/user/", "suffix": "/14069703-TYOOYII1YMRUBKZ5.jpg"}, "firstName": "Rebecca", "gender": "none"}, "canonicalUrl": "https://foursquare.com/item/52490eb8498e86872397906b", "type": "user", "photourl": "https://igx.4sqi.net/img/general/original/14069703_5aeXOUTgSzBHGmaNY-gw02NiyciiGPZBZ1r1GZM4q0U.jpg"}]}, {"reasons": {"items": [{"reasonName": "globalInteractionReason", "summary": "This spot is popular", "type": "general"}], "count": 0}, "venue": {"hereNow": {"groups": [], "summary": "Nobody here", "count": 0}, "contact": {"phone": "+6566344250", "formattedPhone": "+65 6634 4250"}, "photos": {"groups": [], "count": 0}, "rating": 7.2, "name": "The Soup Spoon", "ratingSignals": 24, "allowMenuUrlEdit": true, "categories": [{"pluralName": "Soup Places", "id": "4bf58dd8d48988d1dd931735", "primary": true, "icon": {"prefix": "https://ss3.4sqi.net/img/categories_v2/food/soup_", "suffix": ".png"}, "name": "Soup Place", "shortName": "Soup"}], "stats": {"checkinsCount": 1225, "usersCount": 537, "tipCount": 11}, "id": "4cd2437702c9a1438f7ce513", "beenHere": {"lastCheckinExpiredAt": 0, "count": 0, "marked": false}, "ratingColor": "C5DE35", "location": {"formattedAddress": ["#B2-41/42/43 Marina Bay Financial Centre", "Singapore"], "lat": 1.2804465886633083, "lng": 103.85407301982276, "country": "Singapore", "distance": 579, "city": "Singapore", "cc": "SG", "address": "#B2-41/42/43 Marina Bay Financial Centre", "labeledLatLngs": [{"lng": 103.85407301982276, "label": "display", "lat": 1.2804465886633083}]}, "hours": {"isLocalHoliday": false, "isOpen": true, "status": "Open until 9:00 PM"}, "verified": false, "price": {"tier": 1, "currency": "$", "message": "Cheap"}}, "referralId": "e-3-4cd2437702c9a1438f7ce513-26", "tips": [{"id": "501a14b4e4b06b15b339e076", "text": "Fantastic beef straganoff :)", "disagreeCount": 0, "logView": true, "createdAt": 1343886516, "likes": {"groups": [], "summary": "2 likes", "count": 2}, "todo": {"count": 0}, "agreeCount": 2, "canonicalUrl": "https://foursquare.com/item/501a14b4e4b06b15b339e076", "type": "user", "user": {"gender": "female", "id": "9456338", "photo": {"prefix": "https://igx.4sqi.net/img/user/", "suffix": "/401UM5KVSXRGCZQN.jpg"}, "firstName": "Lalena", "lastName": "Said"}}]}, {"reasons": {"items": [{"reasonName": "globalInteractionReason", "summary": "This spot is popular", "type": "general"}], "count": 0}, "venue": {"hereNow": {"groups": [], "summary": "Nobody here", "count": 0}, "contact": {"twitter": "standingsushi", "phone": "+6566347068", "formattedPhone": "+65 6634 7068"}, "photos": {"groups": [], "count": 0}, "rating": 7.3, "name": "Standing Sushi Bar", "ratingSignals": 45, "allowMenuUrlEdit": true, "categories": [{"pluralName": "Sushi Restaurants", "id": "4bf58dd8d48988d1d2941735", "primary": true, "icon": {"prefix": "https://ss3.4sqi.net/img/categories_v2/food/sushi_", "suffix": ".png"}, "name": "Sushi Restaurant", "shortName": "Sushi"}], "stats": {"checkinsCount": 1225, "usersCount": 527, "tipCount": 14}, "id": "4cd01bd45845bfb7bfa5b10d", "beenHere": {"lastCheckinExpiredAt": 0, "count": 0, "marked": false}, "url": "http://www.standingsushibar.com", "ratingColor": "C5DE35", "location": {"lng": 103.85352382305466, "formattedAddress": ["#B2-51, Marina Bay Link Mall (8A Marina Boulevard)", "018984", "Singapore"], "postalCode": "018984", "lat": 1.2803612468921566, "crossStreet": "8A Marina Boulevard", "country": "Singapore", "distance": 640, "city": "Singapore", "cc": "SG", "address": "#B2-51, Marina Bay Link Mall", "labeledLatLngs": [{"lng": 103.85352382305466, "label": "display", "lat": 1.2803612468921566}]}, "hours": {"isLocalHoliday": false, "isOpen": true, "status": "Open until 9:00 PM"}, "verified": true, "price": {"tier": 2, "currency": "$", "message": "Moderate"}}, "referralId": "e-3-4cd01bd45845bfb7bfa5b10d-27", "tips": [{"id": "51597e6de4b0b579b4e0ad18", "text": "Fresh and cheap sashimi on Mon and Thu!", "disagreeCount": 0, "logView": true, "createdAt": 1364819565, "likes": {"groups": [], "summary": "2 likes", "count": 2}, "todo": {"count": 1}, "agreeCount": 2, "canonicalUrl": "https://foursquare.com/item/51597e6de4b0b579b4e0ad18", "type": "user", "user": {"gender": "male", "id": "5188604", "photo": {"prefix": "https://igx.4sqi.net/img/user/", "suffix": "/0AZRBV4KOAEWITKR.jpg"}, "firstName": "Chin Han", "lastName": "Tan"}}]}, {"reasons": {"items": [{"reasonName": "globalInteractionReason", "summary": "This spot is popular", "type": "general"}], "count": 0}, "venue": {"hereNow": {"groups": [], "summary": "Nobody here", "count": 0}, "contact": {"facebook": "339579182759769", "facebookUsername": "PollenSingapore", "twitter": "pollensingapore", "facebookName": "Pollen Singapore"}, "photos": {"groups": [], "count": 0}, "rating": 7.3, "name": "Pollen", "ratingSignals": 118, "allowMenuUrlEdit": true, "categories": [{"pluralName": "French Restaurants", "id": "4bf58dd8d48988d10c941735", "primary": true, "icon": {"prefix": "https://ss3.4sqi.net/img/categories_v2/food/french_", "suffix": ".png"}, "name": "French Restaurant", "shortName": "French"}], "stats": {"checkinsCount": 1511, "usersCount": 1260, "tipCount": 47}, "id": "4fe299d3e4b0b355c0a1a3ec", "beenHere": {"lastCheckinExpiredAt": 0, "count": 0, "marked": false}, "url": "http://www.pollen.com.sg", "ratingColor": "C5DE35", "location": {"formattedAddress": ["18 Marina Gardens Drive #01-09", "018953", "Singapore"], "postalCode": "018953", "lat": 1.284925224162276, "lng": 103.86432698719796, "country": "Singapore", "distance": 675, "city": "Singapore", "cc": "SG", "address": "18 Marina Gardens Drive #01-09", "labeledLatLngs": [{"lng": 103.86432698719796, "label": "display", "lat": 1.284925224162276}]}, "hours": {"isLocalHoliday": false, "isOpen": true, "status": "Open until 10:00 PM"}, "verified": false, "price": {"tier": 3, "currency": "$", "message": "Expensive"}}, "referralId": "e-3-4fe299d3e4b0b355c0a1a3ec-28", "tips": [{"id": "4ffcf93ae4b023bb629b90ac", "text": "There's a buggy pick up service from the taxi drop off point (Bay South Entrance) that sends you directly to Pollen or take a leisurely 5-10 min scenic stroll!", "disagreeCount": 0, "logView": true, "createdAt": 1341978938, "likes": {"groups": [], "summary": "8 likes", "count": 8}, "todo": {"count": 1}, "agreeCount": 8, "canonicalUrl": "https://foursquare.com/item/4ffcf93ae4b023bb629b90ac", "type": "user", "user": {"gender": "male", "id": "2951385", "photo": {"prefix": "https://igx.4sqi.net/img/user/", "suffix": "/2951385-2YITQDHJ1J1SPHO3.jpg"}, "firstName": "Daryl", "lastName": "Pan"}}]}, {"reasons": {"items": [{"reasonName": "globalInteractionReason", "summary": "This spot is popular", "type": "general"}], "count": 0}, "venue": {"hereNow": {"groups": [], "summary": "Nobody here", "count": 0}, "contact": {}, "photos": {"groups": [], "count": 0}, "rating": 7.3, "name": "Palm Beach Seafood Restaurant", "ratingSignals": 100, "allowMenuUrlEdit": true, "categories": [{"pluralName": "Seafood Restaurants", "id": "4bf58dd8d48988d1ce941735", "primary": true, "icon": {"prefix": "https://ss3.4sqi.net/img/categories_v2/food/seafood_", "suffix": ".png"}, "name": "Seafood Restaurant", "shortName": "Seafood"}], "stats": {"checkinsCount": 2276, "usersCount": 1728, "tipCount": 36}, "id": "4b16493af964a52000b823e3", "beenHere": {"lastCheckinExpiredAt": 0, "count": 0, "marked": false}, "url": "http://www.palmbeachseafood.com", "ratingColor": "C5DE35", "location": {"formattedAddress": ["1 Fullerton Road", "Singapore"], "lat": 1.2863145168069021, "lng": 103.85440706842633, "country": "Singapore", "distance": 717, "city": "Singapore", "cc": "SG", "address": "1 Fullerton Road", "labeledLatLngs": [{"lng": 103.85440706842633, "label": "display", "lat": 1.2863145168069021}]}, "hours": {"isLocalHoliday": false, "isOpen": true, "status": "Likely open"}, "verified": false, "price": {"tier": 3, "currency": "$", "message": "Expensive"}}, "referralId": "e-3-4b16493af964a52000b823e3-29", "tips": [{"id": "4d53e3f4f5daa09353836b74", "text": "i still want some more of the  black pepper crab.....", "disagreeCount": 0, "logView": true, "createdAt": 1297343476, "likes": {"groups": [], "summary": "4 likes", "count": 4}, "todo": {"count": 0}, "agreeCount": 1, "canonicalUrl": "https://foursquare.com/item/4d53e3f4f5daa09353836b74", "type": "user", "user": {"gender": "female", "id": "5188310", "photo": {"prefix": "https://igx.4sqi.net/img/user/", "suffix": "/YCNDMGT1QWBZCIV5.jpg"}, "firstName": "ekyn", "lastName": "naqi"}}]}, {"reasons": {"items": [{"reasonName": "globalInteractionReason", "summary": "This spot is popular", "type": "general"}], "count": 0}, "venue": {"hereNow": {"groups": [], "summary": "Nobody here", "count": 0}, "contact": {"facebook": "487250554647197", "facebookUsername": "me.oue", "facebookName": "me.oue", "formattedPhone": "+65 6634 4555", "twitter": "meatoue", "phone": "+6566344555"}, "photos": {"groups": [], "count": 0}, "rating": 7.2, "menu": {"mobileUrl": "http://www.me-oue.com/menu.html", "externalUrl": "http://www.me-oue.com/menu.html", "url": "http://www.me-oue.com/menu.html", "anchor": "View Menu", "label": "Menu", "type": "Menu"}, "name": "ME@OUE", "ratingSignals": 70, "allowMenuUrlEdit": true, "categories": [{"pluralName": "Restaurants", "id": "4bf58dd8d48988d1c4941735", "primary": true, "icon": {"prefix": "https://ss3.4sqi.net/img/categories_v2/food/default_", "suffix": ".png"}, "name": "Restaurant", "shortName": "Restaurant"}], "stats": {"checkinsCount": 1061, "usersCount": 646, "tipCount": 23}, "id": "51276324e4b0041436bea3f0", "beenHere": {"lastCheckinExpiredAt": 0, "count": 0, "marked": false}, "url": "http://me-oue.com", "ratingColor": "C5DE35", "location": {"lng": 103.85305389356046, "formattedAddress": ["OUE Bayfront Rooftop (50 Collyer Quay)", "049321", "Singapore"], "postalCode": "049321", "lat": 1.2830047420537758, "crossStreet": "50 Collyer Quay", "country": "Singapore", "distance": 682, "city": "Singapore", "cc": "SG", "address": "OUE Bayfront Rooftop", "labeledLatLngs": [{"lng": 103.85305389356046, "label": "display", "lat": 1.2830047420537758}]}, "hours": {"isLocalHoliday": false, "isOpen": true, "status": "Open until 10:00 PM"}, "verified": false, "price": {"tier": 2, "currency": "$", "message": "Moderate"}}, "referralId": "e-3-51276324e4b0041436bea3f0-30", "tips": [{"id": "51b17649498e209c07281725", "text": "Awesome meal & view!!! I love it!!!", "disagreeCount": 0, "logView": true, "createdAt": 1370584649, "likes": {"groups": [], "summary": "3 likes", "count": 3}, "todo": {"count": 0}, "agreeCount": 3, "canonicalUrl": "https://foursquare.com/item/51b17649498e209c07281725", "type": "user", "user": {"gender": "female", "id": "14944471", "photo": {"prefix": "https://igx.4sqi.net/img/user/", "suffix": "/14944471_xGg3MlFv_hpA2mjcLhyEIVHUEJEWgly0wbK-qxsABlDUlyhRN-rtc4AyuP0LetmImbTPUiGwH.jpg"}, "firstName": "\ud83c\udf40Jessie Agnes Ng\ud83c\udf1f", "lastName": "\u9ec4\u7f9a\u699b"}}]}, {"reasons": {"items": [{"reasonName": "globalInteractionReason", "summary": "This spot is popular", "type": "general"}], "count": 0}, "venue": {"hereNow": {"groups": [], "summary": "Nobody here", "count": 0}, "contact": {"facebook": "157162220997026", "facebookUsername": "mcdsg", "facebookName": "McDonald's", "phone": "+6564432704", "formattedPhone": "+65 6443 2704"}, "photos": {"groups": [], "count": 0}, "rating": 7.2, "name": "McDonald's / McCaf\u00e9", "ratingSignals": 25, "allowMenuUrlEdit": true, "categories": [{"pluralName": "Fast Food Restaurants", "id": "4bf58dd8d48988d16e941735", "primary": true, "icon": {"prefix": "https://ss3.4sqi.net/img/categories_v2/food/fastfood_", "suffix": ".png"}, "name": "Fast Food Restaurant", "shortName": "Fast Food"}], "stats": {"checkinsCount": 532, "usersCount": 451, "tipCount": 2}, "id": "55c2f0f7498e7de0a942f4da", "beenHere": {"lastCheckinExpiredAt": 0, "count": 0, "marked": false}, "url": "http://www.mcdonalds.com.sg", "ratingColor": "C5DE35", "location": {"lng": 103.86553305400558, "formattedAddress": ["18 Marina Gardens Drive (#02-04)", "018953", "Singapore"], "postalCode": "018953", "lat": 1.2828163128196974, "crossStreet": "#02-04", "country": "Singapore", "distance": 725, "city": "Marina South", "cc": "SG", "address": "18 Marina Gardens Drive", "labeledLatLngs": [{"lng": 103.86553305400558, "label": "display", "lat": 1.2828163128196974}]}, "hours": {"isLocalHoliday": false, "isOpen": true, "status": "Open until 10:00 PM"}, "verified": false, "price": {"tier": 1, "currency": "$", "message": "Cheap"}}, "referralId": "e-3-55c2f0f7498e7de0a942f4da-31", "tips": [{"id": "57156fd8498e2836fa5493eb", "text": "Only decent fare that doesn't cost arm and leg at GBTB - only opens at 830 so be here on time or earlier if you want to get into GBTB by 9.", "disagreeCount": 0, "createdAt": 1461022680, "logView": true, "todo": {"count": 0}, "agreeCount": 0, "canonicalUrl": "https://foursquare.com/item/57156fd8498e2836fa5493eb", "type": "user", "user": {"gender": "female", "id": "78067164", "photo": {"prefix": "https://igx.4sqi.net/img/user/", "suffix": "/78067164-IMWDH0V31H3V0N2N.jpg"}, "firstName": "Mag", "lastName": "TY"}}]}, {"reasons": {"items": [{"reasonName": "globalInteractionReason", "summary": "This spot is popular", "type": "general"}], "count": 0}, "venue": {"hereNow": {"groups": [], "summary": "Nobody here", "count": 0}, "contact": {}, "photos": {"groups": [], "count": 0}, "rating": 7.0, "name": "Paradise Pavilion", "ratingSignals": 50, "allowMenuUrlEdit": true, "categories": [{"pluralName": "Chinese Restaurants", "id": "4bf58dd8d48988d145941735", "primary": true, "icon": {"prefix": "https://ss3.4sqi.net/img/categories_v2/food/asian_", "suffix": ".png"}, "name": "Chinese Restaurant", "shortName": "Chinese"}], "stats": {"checkinsCount": 1560, "usersCount": 949, "tipCount": 37}, "id": "4cdb7c25d5495481b18c3cb2", "beenHere": {"lastCheckinExpiredAt": 0, "count": 0, "marked": false}, "url": "https://www.paradisegroup.com.sg/category/paradise-pavilion/", "ratingColor": "C5DE35", "location": {"formattedAddress": ["#02-01/02, Marina Bay Link Mall, Ground Plaza", "Singapore"], "lat": 1.2800457026880439, "lng": 103.85430515520606, "country": "Singapore", "distance": 569, "city": "Singapore", "cc": "SG", "address": "#02-01/02, Marina Bay Link Mall, Ground Plaza", "labeledLatLngs": [{"lng": 103.85430515520606, "label": "display", "lat": 1.2800457026880439}]}, "hours": {"isLocalHoliday": false, "isOpen": true, "status": "Likely open"}, "verified": false, "price": {"tier": 1, "currency": "$", "message": "Cheap"}}, "referralId": "e-3-4cdb7c25d5495481b18c3cb2-32", "tips": [{"logView": true, "createdAt": 1309343668, "agreeCount": 3, "likes": {"groups": [], "summary": "9 likes", "count": 9}, "id": "4e0affb4813063752f5b7713", "text": "Chef Zheng Jing Chun (of Quan Ju De, a top Peking duck place in China) serves up a mean crispy-skinned bird. For the adventurous: newfangled dim sum creations like buns with duck, bacon and pineapple.", "type": "user", "url": "http://www.timeoutsingapore.com/restaurants/chinese/paradise-pavilion", "user": {"id": "8600365", "photo": {"prefix": "https://igx.4sqi.net/img/user/", "suffix": "/QUK2HJNZBYJPUI43.jpg"}, "firstName": "Time Out Singapore", "type": "page", "gender": "none"}, "canonicalUrl": "https://foursquare.com/item/4e0affb4813063752f5b7713", "todo": {"count": 0}, "disagreeCount": 0}]}, {"reasons": {"items": [{"reasonName": "globalInteractionReason", "summary": "This spot is popular", "type": "general"}], "count": 0}, "venue": {"hereNow": {"groups": [], "summary": "Nobody here", "count": 0}, "contact": {}, "photos": {"groups": [], "count": 0}, "rating": 7.0, "name": "The Sandwich Shop", "ratingSignals": 8, "allowMenuUrlEdit": true, "categories": [{"pluralName": "Sandwich Places", "id": "4bf58dd8d48988d1c5941735", "primary": true, "icon": {"prefix": "https://ss3.4sqi.net/img/categories_v2/food/deli_", "suffix": ".png"}, "name": "Sandwich Place", "shortName": "Sandwiches"}], "stats": {"checkinsCount": 132, "usersCount": 43, "tipCount": 0}, "id": "5575191a498e907e6fd40474", "beenHere": {"lastCheckinExpiredAt": 0, "count": 0, "marked": false}, "ratingColor": "C5DE35", "location": {"formattedAddress": ["Marina Bay Financial Centre Tower 3", "Singapore"], "lat": 1.2791898851249064, "lng": 103.85453729098559, "country": "Singapore", "distance": 587, "city": "Singapore", "cc": "SG", "address": "Marina Bay Financial Centre Tower 3", "labeledLatLngs": [{"lng": 103.85453729098559, "label": "display", "lat": 1.2791898851249064}]}, "hours": {"isLocalHoliday": false, "isOpen": false, "status": "Closed until 7:00 AM tomorrow"}, "verified": false, "price": {"tier": 1, "currency": "$", "message": "Cheap"}}, "referralId": "e-3-5575191a498e907e6fd40474-33"}, {"reasons": {"items": [{"reasonName": "globalInteractionReason", "summary": "This spot is popular", "type": "general"}], "count": 0}, "venue": {"hereNow": {"groups": [], "summary": "Nobody here", "count": 0}, "contact": {}, "photos": {"groups": [], "count": 0}, "rating": 7.3, "name": "Fish Soup @ Arcade", "ratingSignals": 8, "allowMenuUrlEdit": true, "categories": [{"pluralName": "Chinese Restaurants", "id": "4bf58dd8d48988d145941735", "primary": true, "icon": {"prefix": "https://ss3.4sqi.net/img/categories_v2/food/asian_", "suffix": ".png"}, "name": "Chinese Restaurant", "shortName": "Chinese"}], "stats": {"checkinsCount": 411, "usersCount": 143, "tipCount": 3}, "id": "4be8e6f5947820a13a7cb5db", "beenHere": {"lastCheckinExpiredAt": 0, "count": 0, "marked": false}, "ratingColor": "C5DE35", "location": {"formattedAddress": ["20 Raffles Place", "048620", "Singapore"], "postalCode": "048620", "lat": 1.2839260541637012, "lng": 103.85224425980773, "country": "Singapore", "distance": 794, "city": "Singapore", "cc": "SG", "address": "20 Raffles Place", "labeledLatLngs": [{"lng": 103.85224425980773, "label": "display", "lat": 1.2839260541637012}]}, "hours": {"isLocalHoliday": false, "isOpen": false}, "verified": false, "price": {"tier": 1, "currency": "$", "message": "Cheap"}}, "referralId": "e-3-4be8e6f5947820a13a7cb5db-34", "tips": [{"id": "557ba520498ee7d7c70ccb5d", "text": "Come here before 11:30am to avoid the lunch time crowd. Super fresh fish slices and love the broth! Yummy!", "disagreeCount": 0, "createdAt": 1434166560, "logView": true, "todo": {"count": 0}, "agreeCount": 0, "canonicalUrl": "https://foursquare.com/item/557ba520498ee7d7c70ccb5d", "type": "user", "user": {"gender": "female", "id": "129491502", "photo": {"prefix": "https://igx.4sqi.net/img/user/", "suffix": "/129491502-JUY23AGYKIQJ1USY.jpg"}, "firstName": "Celine", "lastName": "Ong"}}]}, {"reasons": {"items": [{"reasonName": "globalInteractionReason", "summary": "This spot is popular", "type": "general"}], "count": 0}, "venue": {"hereNow": {"groups": [], "summary": "Nobody here", "count": 0}, "contact": {"phone": "+6566907564", "formattedPhone": "+65 6690 7564"}, "photos": {"groups": [], "count": 0}, "rating": 7.2, "name": "Forlino", "ratingSignals": 13, "allowMenuUrlEdit": true, "categories": [{"pluralName": "Italian Restaurants", "id": "4bf58dd8d48988d110941735", "primary": true, "icon": {"prefix": "https://ss3.4sqi.net/img/categories_v2/food/italian_", "suffix": ".png"}, "name": "Italian Restaurant", "shortName": "Italian"}], "stats": {"checkinsCount": 187, "usersCount": 164, "tipCount": 4}, "id": "53d23cd7498e173d15a19bff", "beenHere": {"lastCheckinExpiredAt": 0, "count": 0, "marked": false}, "ratingColor": "C5DE35", "location": {"lng": 103.85423721310164, "formattedAddress": ["#02-06, One Fullerton (1 Fullerton Road)", "049213", "Singapore"], "postalCode": "049213", "lat": 1.2864609284617845, "crossStreet": "1 Fullerton Road", "country": "Singapore", "distance": 742, "city": "Singapore", "cc": "SG", "address": "#02-06, One Fullerton", "labeledLatLngs": [{"lng": 103.85423721310164, "label": "display", "lat": 1.2864609284617845}]}, "hours": {"isLocalHoliday": false, "isOpen": true, "status": "Open until 10:30 PM"}, "verified": false, "price": {"tier": 2, "currency": "$", "message": "Moderate"}}, "referralId": "e-3-53d23cd7498e173d15a19bff-35", "tips": [{"id": "572f0ca8498e2a890736bf4e", "text": "Here for Sunday brunch and left unimpressed with the food. Basilico's brunch is much better. But u do get a good view with nice interiors. Service is also earnest.", "disagreeCount": 0, "createdAt": 1462701224, "logView": true, "todo": {"count": 0}, "agreeCount": 0, "canonicalUrl": "https://foursquare.com/item/572f0ca8498e2a890736bf4e", "type": "user", "user": {"id": "55390456", "photo": {"prefix": "https://igx.4sqi.net/img/user/", "suffix": "/55390456_xjGWfjYZ_UAMBNliBjCxql6WleMj7JVZzY9y3t2_6WtR-3ecn7WlfLcMpWqn7tIYj_11T_fb-.jpg"}, "firstName": "Ting", "gender": "female"}}]}, {"reasons": {"items": [{"reasonName": "globalInteractionReason", "summary": "This spot is popular", "type": "general"}], "count": 0}, "venue": {"hereNow": {"groups": [], "summary": "Nobody here", "count": 0}, "contact": {"phone": "+6566046885", "formattedPhone": "+65 6604 6885"}, "photos": {"groups": [], "count": 0}, "rating": 6.9, "name": "The Rotisserie", "ratingSignals": 33, "allowMenuUrlEdit": true, "categories": [{"pluralName": "Caf\u00e9s", "id": "4bf58dd8d48988d16d941735", "primary": true, "icon": {"prefix": "https://ss3.4sqi.net/img/categories_v2/food/cafe_", "suffix": ".png"}, "name": "Caf\u00e9", "shortName": "Caf\u00e9"}], "stats": {"checkinsCount": 811, "usersCount": 262, "tipCount": 11}, "id": "5008ab68e4b0b96fdab8ad8e", "beenHere": {"lastCheckinExpiredAt": 0, "count": 0, "marked": false}, "ratingColor": "FFC800", "location": {"lng": 103.85436177365233, "formattedAddress": ["12 Marina Boulavard (#02-06)", "Singapore"], "lat": 1.2793856218418052, "crossStreet": "#02-06", "country": "Singapore", "distance": 593, "city": "Singapore", "cc": "SG", "address": "12 Marina Boulavard", "labeledLatLngs": [{"lng": 103.85436177365233, "label": "display", "lat": 1.2793856218418052}]}, "hours": {"isLocalHoliday": false, "isOpen": false}, "verified": false, "price": {"tier": 1, "currency": "$", "message": "Cheap"}}, "referralId": "e-3-5008ab68e4b0b96fdab8ad8e-36", "tips": [{"id": "5042c6dee4b06a01bac0bc35", "text": "They serve the best roasted chicken in mouthwatering gravy sauce. One highly recommended menu to try.", "disagreeCount": 0, "logView": true, "createdAt": 1346553566, "likes": {"groups": [], "summary": "4 likes", "count": 4}, "todo": {"count": 0}, "agreeCount": 4, "canonicalUrl": "https://foursquare.com/item/5042c6dee4b06a01bac0bc35", "type": "user", "user": {"gender": "female", "id": "13127848", "photo": {"prefix": "https://igx.4sqi.net/img/user/", "suffix": "/13127848-SMUFN3N3PT2ECV1V.jpg"}, "firstName": "Indira", "lastName": "Christiani"}}]}, {"reasons": {"items": [{"reasonName": "globalInteractionReason", "summary": "This spot is popular", "type": "general"}], "count": 0}, "venue": {"hereNow": {"groups": [], "summary": "Nobody here", "count": 0}, "contact": {"phone": "+6562356107", "formattedPhone": "+65 6235 6107"}, "photos": {"groups": [], "count": 0}, "rating": 7.0, "name": "Dimbulah", "ratingSignals": 40, "allowMenuUrlEdit": true, "categories": [{"pluralName": "Caf\u00e9s", "id": "4bf58dd8d48988d16d941735", "primary": true, "icon": {"prefix": "https://ss3.4sqi.net/img/categories_v2/food/cafe_", "suffix": ".png"}, "name": "Caf\u00e9", "shortName": "Caf\u00e9"}], "stats": {"checkinsCount": 1027, "usersCount": 413, "tipCount": 7}, "id": "4bac49e2f964a520f3ee3ae3", "beenHere": {"lastCheckinExpiredAt": 0, "count": 0, "marked": false}, "url": "http://www.dimbulahcoffee.com", "ratingColor": "C5DE35", "location": {"lng": 103.85251522064209, "formattedAddress": ["#01-31, Chevron House (30 Raffles Pl)", "048622", "Singapore"], "postalCode": "048622", "lat": 1.2841234301976299, "crossStreet": "30 Raffles Pl", "country": "Singapore", "distance": 772, "city": "Singapore", "cc": "SG", "address": "#01-31, Chevron House", "labeledLatLngs": [{"lng": 103.85251522064209, "label": "display", "lat": 1.2841234301976299}]}, "hours": {"isLocalHoliday": false, "isOpen": false}, "verified": false, "price": {"tier": 1, "currency": "$", "message": "Cheap"}}, "referralId": "e-3-4bac49e2f964a520f3ee3ae3-37", "tips": [{"id": "572404e3498e0b7f1d3f9f51", "text": "Flat white was great! Strong distinctive flavours yet very well balanced with the milk. Smooth creamy texture.", "disagreeCount": 0, "createdAt": 1461978339, "logView": true, "todo": {"count": 0}, "agreeCount": 0, "canonicalUrl": "https://foursquare.com/item/572404e3498e0b7f1d3f9f51", "type": "user", "user": {"gender": "male", "id": "69243097", "photo": {"prefix": "https://igx.4sqi.net/img/user/", "suffix": "/69243097-BLKIGXG5JJ0E3ZE0.jpg"}, "firstName": "Mark", "lastName": "Wee"}}]}, {"reasons": {"items": [{"reasonName": "globalInteractionReason", "summary": "This spot is popular", "type": "general"}], "count": 0}, "venue": {"contact": {}, "photos": {"groups": [], "count": 0}, "rating": 6.9, "name": "Hup Lee Cafeteria", "ratingSignals": 9, "allowMenuUrlEdit": true, "categories": [{"pluralName": "Food Courts", "id": "4bf58dd8d48988d120951735", "primary": true, "icon": {"prefix": "https://ss3.4sqi.net/img/categories_v2/shops/food_foodcourt_", "suffix": ".png"}, "name": "Food Court", "shortName": "Food Court"}], "stats": {"checkinsCount": 326, "usersCount": 116, "tipCount": 5}, "id": "4eb37ef6d3e3644ca55fc089", "beenHere": {"lastCheckinExpiredAt": 0, "count": 0, "marked": false}, "ratingColor": "FFC800", "location": {"lng": 103.852493377372, "formattedAddress": ["#01-35/36, The Arcade (11 Collyer Quay)", "049317", "Singapore"], "postalCode": "049317", "lat": 1.2836595950891172, "crossStreet": "11 Collyer Quay", "country": "Singapore", "distance": 759, "city": "Singapore", "cc": "SG", "address": "#01-35/36, The Arcade", "labeledLatLngs": [{"lng": 103.852493377372, "label": "display", "lat": 1.2836595950891172}]}, "hours": {"isLocalHoliday": false, "isOpen": false}, "verified": false, "hereNow": {"groups": [], "summary": "Nobody here", "count": 0}}, "referralId": "e-3-4eb37ef6d3e3644ca55fc089-38", "tips": [{"id": "4e796fb952b1fc6a4ae49fa9", "text": "Fried Fish Soup with milk is a heaven here", "disagreeCount": 0, "logView": true, "createdAt": 1316581305, "likes": {"groups": [], "summary": "1 like", "count": 1}, "todo": {"count": 0}, "agreeCount": 1, "canonicalUrl": "https://foursquare.com/item/4e796fb952b1fc6a4ae49fa9", "type": "user", "user": {"gender": "female", "id": "10741580", "photo": {"prefix": "https://igx.4sqi.net/img/user/", "suffix": "/10741580_1iHVCAbi_YvPnZ-0TJT8wian1JNSyCncfAxoohKnoyZLLTTTTY6rnNstX2DzxYb-6WExssFDX.jpg"}, "firstName": "bonjourbun \ud83c\udf08", "lastName": "\u5b9d\u948f"}}]}], "name": "recommended", "type": "Recommended Places"}], "query": "food", "headerLocation": "Financial District"}}