{"meta": {"code": 200, "requestId": "595a3c561ed21919fad1c950"}, "response": {"suggestedFilters": {"filters": [{"name": "Open now", "key": "openNow"}], "header": "Tap to show:"}, "totalResults": 71, "headerFullLocation": "Bukit Batok, Singapore", "headerLocationGranularity": "neighborhood", "suggestedBounds": {"ne": {"lng": 103.76872376069574, "lat": 1.3862021239176772}, "sw": {"lng": 103.75434646877025, "lat": 1.371802109517663}}, "groups": [{"items": [{"reasons": {"items": [{"reasonName": "globalInteractionReason", "summary": "This spot is popular", "type": "general"}], "count": 0}, "venue": {"contact": {}, "photos": {"groups": [], "count": 0}, "name": "Kampong By Kopitiam", "allowMenuUrlEdit": true, "beenHere": {"lastCheckinExpiredAt": 0, "count": 0, "marked": false}, "stats": {"checkinsCount": 390, "usersCount": 113, "tipCount": 2}, "id": "54a656cc498ed5ddc7461895", "categories": [{"pluralName": "Food Courts", "id": "4bf58dd8d48988d120951735", "primary": true, "icon": {"prefix": "https://ss3.4sqi.net/img/categories_v2/shops/food_foodcourt_", "suffix": ".png"}, "name": "Food Court", "shortName": "Food Court"}], "url": "http://www.kopitiam.biz", "location": {"lng": 103.76403450549083, "formattedAddress": ["Bukit Panjang Plaza (1 Jelebu Road)", "677743", "Singapore"], "postalCode": "677743", "lat": 1.3804749312398532, "crossStreet": "1 Jelebu Road", "country": "Singapore", "distance": 322, "city": "Singapore", "cc": "SG", "address": "Bukit Panjang Plaza", "labeledLatLngs": [{"lng": 103.76403450549083, "label": "display", "lat": 1.3804749312398532}]}, "hours": {"isLocalHoliday": false, "isOpen": true, "status": "Open until 10:00 PM"}, "verified": false, "hereNow": {"groups": [], "summary": "Nobody here", "count": 0}}, "referralId": "e-3-54a656cc498ed5ddc7461895-50", "tips": [{"id": "57fce741cd10b5b9fb3aa0b4", "text": "Nice place after renovation... Like the curry chicken here..", "disagreeCount": 0, "createdAt": 1476192065, "logView": true, "todo": {"count": 0}, "agreeCount": 0, "canonicalUrl": "https://foursquare.com/item/57fce741cd10b5b9fb3aa0b4", "type": "user", "user": {"gender": "male", "id": "5741534", "photo": {"prefix": "https://igx.4sqi.net/img/user/", "suffix": "/JABT4RG1MSOZU2VS.jpg"}, "firstName": "Alan", "lastName": "Tan"}}]}, {"reasons": {"items": [{"reasonName": "globalInteractionReason", "summary": "This spot is popular", "type": "general"}], "count": 0}, "venue": {"hereNow": {"groups": [{"items": [], "name": "Other people here", "count": 1, "type": "others"}], "summary": "One other person is here", "count": 1}, "contact": {}, "photos": {"groups": [], "count": 0}, "name": "Suki-ya", "allowMenuUrlEdit": true, "beenHere": {"lastCheckinExpiredAt": 0, "count": 0, "marked": false}, "stats": {"checkinsCount": 562, "usersCount": 302, "tipCount": 1}, "id": "54915f7d498e59aa82084630", "categories": [{"pluralName": "Japanese Restaurants", "id": "4bf58dd8d48988d111941735", "primary": true, "icon": {"prefix": "https://ss3.4sqi.net/img/categories_v2/food/japanese_", "suffix": ".png"}, "name": "Japanese Restaurant", "shortName": "Japanese"}], "location": {"lng": 103.76393266039557, "formattedAddress": ["Bukit Panjang Plaza (1 Jelebu Road)", "677743", "Singapore"], "postalCode": "677743", "lat": 1.3806720776965178, "crossStreet": "1 Jelebu Road", "country": "Singapore", "distance": 325, "city": "Singapore", "cc": "SG", "address": "Bukit Panjang Plaza", "labeledLatLngs": [{"lng": 103.76393266039557, "label": "display", "lat": 1.3806720776965178}]}, "hours": {"isLocalHoliday": false, "isOpen": false}, "verified": false, "price": {"tier": 2, "currency": "$", "message": "Moderate"}}, "referralId": "e-3-54915f7d498e59aa82084630-51", "tips": [{"id": "57b5f126498e6abe0f67c657", "text": "Like their buffet promotion. Only tried lunch as the lunch promo is cheaper. Hence, your selection of food is also quite limited. Do note the dining timing.", "disagreeCount": 0, "createdAt": 1471541542, "logView": true, "todo": {"count": 0}, "agreeCount": 0, "canonicalUrl": "https://foursquare.com/item/57b5f126498e6abe0f67c657", "type": "user", "user": {"gender": "female", "id": "755166", "photo": {"prefix": "https://igx.4sqi.net/img/user/", "suffix": "/AHLCKLUBB1SKADXI.jpg"}, "firstName": "Jasmine", "lastName": "Ho"}}]}, {"reasons": {"items": [{"reasonName": "globalInteractionReason", "summary": "This spot is popular", "type": "general"}], "count": 0}, "venue": {"hereNow": {"groups": [], "summary": "Nobody here", "count": 0}, "contact": {}, "photos": {"groups": [], "count": 0}, "name": "Siam Kitchen", "allowMenuUrlEdit": true, "beenHere": {"lastCheckinExpiredAt": 0, "count": 0, "marked": false}, "stats": {"checkinsCount": 178, "usersCount": 130, "tipCount": 2}, "id": "54a67515498e87a65db20498", "categories": [{"pluralName": "Thai Restaurants", "id": "4bf58dd8d48988d149941735", "primary": true, "icon": {"prefix": "https://ss3.4sqi.net/img/categories_v2/food/thai_", "suffix": ".png"}, "name": "Thai Restaurant", "shortName": "Thai"}], "location": {"lng": 103.76396095069205, "formattedAddress": ["Bukit Panjang Plaza (1 Jelebu Rd.)", "677743", "Singapore"], "postalCode": "677743", "lat": 1.3807088315284297, "crossStreet": "1 Jelebu Rd.", "country": "Singapore", "distance": 330, "city": "Singapore", "cc": "SG", "address": "Bukit Panjang Plaza", "labeledLatLngs": [{"lng": 103.76396095069205, "label": "display", "lat": 1.3807088315284297}]}, "verified": false, "price": {"tier": 2, "currency": "$", "message": "Moderate"}}, "referralId": "e-3-54a67515498e87a65db20498-52", "tips": [{"logView": true, "photo": {"id": "554d8bbe498e12e345cc58c3", "visibility": "public", "source": {"name": "Foursquare for iOS", "url": "https://foursquare.com/download/#/iphone"}, "suffix": "/3726996_xHFOhBbnySVMd_qa7l_W7JwkNhxNqLLpbLcY2BP0_Pg.jpg", "createdAt": 1431145406, "prefix": "https://igx.4sqi.net/img/general/", "width": 1440, "height": 1920}, "createdAt": 1431145400, "agreeCount": 0, "id": "554d8bb8498e8ec333745667", "text": "Order a light refreshing drink to cool down the bite of the spice.", "type": "user", "disagreeCount": 0, "user": {"gender": "female", "id": "3726996", "photo": {"prefix": "https://igx.4sqi.net/img/user/", "suffix": "/3726996_zgSdm-Xz_8yGEAClGHvjBreJRQg35guCj9yK_1SyEk9soXSsn8k_QDrnetMvL4WW0clUQWJYs.jpg"}, "firstName": "Bianca", "lastName": "Bueno"}, "canonicalUrl": "https://foursquare.com/item/554d8bb8498e8ec333745667", "todo": {"count": 0}, "photourl": "https://igx.4sqi.net/img/general/original/3726996_xHFOhBbnySVMd_qa7l_W7JwkNhxNqLLpbLcY2BP0_Pg.jpg"}]}, {"reasons": {"items": [{"reasonName": "globalInteractionReason", "summary": "This spot is popular", "type": "general"}], "count": 0}, "venue": {"id": "58b1915226a9534fe5a1a22e", "hereNow": {"groups": [], "summary": "Nobody here", "count": 0}, "contact": {}, "beenHere": {"lastCheckinExpiredAt": 0, "count": 0, "marked": false}, "photos": {"groups": [], "count": 0}, "name": "Torigo", "location": {"lng": 103.764442, "formattedAddress": ["#B1-37/38/39/40 Hillion Mall (17 Petir Road)", "Singapore"], "lat": 1.378277, "crossStreet": "17 Petir Road", "distance": 333, "country": "Singapore", "cc": "SG", "address": "#B1-37/38/39/40 Hillion Mall", "labeledLatLngs": [{"lng": 103.764442, "label": "display", "lat": 1.378277}]}, "allowMenuUrlEdit": true, "verified": false, "categories": [{"pluralName": "Comfort Food Restaurants", "id": "52e81612bcbc57f1066b7a00", "primary": true, "icon": {"prefix": "https://ss3.4sqi.net/img/categories_v2/food/default_", "suffix": ".png"}, "name": "Comfort Food Restaurant", "shortName": "Comfort Food"}], "stats": {"checkinsCount": 40, "usersCount": 37, "tipCount": 0}}, "referralId": "e-3-58b1915226a9534fe5a1a22e-53"}, {"reasons": {"items": [{"reasonName": "globalInteractionReason", "summary": "This spot is popular", "type": "general"}], "count": 0}, "venue": {"hereNow": {"groups": [], "summary": "Nobody here", "count": 0}, "contact": {}, "photos": {"groups": [], "count": 0}, "name": "Encik Tan", "allowMenuUrlEdit": true, "beenHere": {"lastCheckinExpiredAt": 0, "count": 0, "marked": false}, "stats": {"checkinsCount": 159, "usersCount": 57, "tipCount": 0}, "id": "559e45d6498eb5694f92d07d", "categories": [{"pluralName": "Chinese Restaurants", "id": "4bf58dd8d48988d145941735", "primary": true, "icon": {"prefix": "https://ss3.4sqi.net/img/categories_v2/food/asian_", "suffix": ".png"}, "name": "Chinese Restaurant", "shortName": "Chinese"}], "location": {"lng": 103.76428346049326, "formattedAddress": ["#01-58/59, Bukit Panjang Plaza (1 Jelebu Road)", "677743", "Singapore"], "postalCode": "677743", "lat": 1.380364503657915, "crossStreet": "1 Jelebu Road", "country": "Singapore", "distance": 341, "city": "Singapore", "cc": "SG", "address": "#01-58/59, Bukit Panjang Plaza", "labeledLatLngs": [{"lng": 103.76428346049326, "label": "display", "lat": 1.380364503657915}]}, "verified": false, "price": {"tier": 1, "currency": "$", "message": "Cheap"}}, "referralId": "e-3-559e45d6498eb5694f92d07d-54"}, {"reasons": {"items": [{"reasonName": "globalInteractionReason", "summary": "This spot is popular", "type": "general"}], "count": 0}, "venue": {"contact": {}, "photos": {"groups": [], "count": 0}, "name": "Yummy Corner", "allowMenuUrlEdit": true, "beenHere": {"lastCheckinExpiredAt": 0, "count": 0, "marked": false}, "stats": {"checkinsCount": 302, "usersCount": 12, "tipCount": 0}, "id": "4dee3057fa76b21ed994d442", "categories": [{"pluralName": "Food", "id": "4d4b7105d754a06374d81259", "primary": true, "icon": {"prefix": "https://ss3.4sqi.net/img/categories_v2/food/default_", "suffix": ".png"}, "name": "Food", "shortName": "Food"}], "location": {"formattedAddress": ["My Kitchen", "Singapore"], "lat": 1.3825595767129013, "lng": 103.76238801925224, "country": "Singapore", "distance": 407, "city": "Singapore", "cc": "SG", "address": "My Kitchen", "labeledLatLngs": [{"lng": 103.76238801925224, "label": "display", "lat": 1.3825595767129013}]}, "hours": {"isLocalHoliday": false, "isOpen": true, "status": "Likely open"}, "verified": false, "hereNow": {"groups": [], "summary": "Nobody here", "count": 0}}, "referralId": "e-3-4dee3057fa76b21ed994d442-55"}, {"reasons": {"items": [{"reasonName": "globalInteractionReason", "summary": "This spot is popular", "type": "general"}], "count": 0}, "venue": {"hereNow": {"groups": [], "summary": "Nobody here", "count": 0}, "contact": {}, "photos": {"groups": [], "count": 0}, "name": "Each A Cup Cafe", "allowMenuUrlEdit": true, "beenHere": {"lastCheckinExpiredAt": 0, "count": 0, "marked": false}, "stats": {"checkinsCount": 855, "usersCount": 297, "tipCount": 5}, "id": "4d85f5e599b78cfa04c0d91f", "categories": [{"pluralName": "Caf\u00e9s", "id": "4bf58dd8d48988d16d941735", "primary": true, "icon": {"prefix": "https://ss3.4sqi.net/img/categories_v2/food/cafe_", "suffix": ".png"}, "name": "Caf\u00e9", "shortName": "Caf\u00e9"}], "location": {"lng": 103.7649737472316, "formattedAddress": ["Senja-Cashew Community Centre (Bukit Panjang)", "Singapore"], "lat": 1.3816111760385013, "crossStreet": "Bukit Panjang", "country": "Singapore", "distance": 480, "city": "Singapore", "cc": "SG", "address": "Senja-Cashew Community Centre", "labeledLatLngs": [{"lng": 103.7649737472316, "label": "display", "lat": 1.3816111760385013}]}, "hours": {"isLocalHoliday": false, "isOpen": true, "status": "Likely open"}, "verified": false, "price": {"tier": 1, "currency": "$", "message": "Cheap"}}, "referralId": "e-3-4d85f5e599b78cfa04c0d91f-56", "tips": [{"id": "4fc741c1e4b00c1861e4eae8", "text": "Jasmine Green Milk Tea is love. \uf60d", "disagreeCount": 0, "logView": true, "createdAt": 1338458561, "likes": {"groups": [], "summary": "1 like", "count": 1}, "todo": {"count": 0}, "agreeCount": 1, "canonicalUrl": "https://foursquare.com/item/4fc741c1e4b00c1861e4eae8", "type": "user", "user": {"gender": "female", "id": "16111391", "photo": {"prefix": "https://igx.4sqi.net/img/user/", "suffix": "/16111391-SJEYGGRWYSFR40ZT.jpg"}, "firstName": "Anna", "lastName": "Chai"}}]}, {"reasons": {"items": [{"reasonName": "globalInteractionReason", "summary": "This spot is popular", "type": "general"}], "count": 0}, "venue": {"contact": {}, "photos": {"groups": [], "count": 0}, "venueRatingBlacklisted": true, "name": "Fajar Secondary School Canteen", "id": "4d6c8d467585b1f7f6df0fd5", "beenHere": {"lastCheckinExpiredAt": 0, "count": 0, "marked": false}, "stats": {"checkinsCount": 422, "usersCount": 54, "tipCount": 0}, "allowMenuUrlEdit": true, "categories": [{"pluralName": "Cafeterias", "id": "4bf58dd8d48988d128941735", "primary": true, "icon": {"prefix": "https://ss3.4sqi.net/img/categories_v2/education/cafeteria_", "suffix": ".png"}, "name": "Cafeteria", "shortName": "Cafeteria"}], "location": {"formattedAddress": ["31 Gangsa Road", "670174", "Singapore"], "postalCode": "670174", "lat": 1.37545739375761, "lng": 103.76426082820124, "country": "Singapore", "distance": 497, "city": "Singapore", "cc": "SG", "address": "31 Gangsa Road", "labeledLatLngs": [{"lng": 103.76426082820124, "label": "display", "lat": 1.37545739375761}]}, "hours": {"isLocalHoliday": false, "isOpen": false}, "verified": false, "hereNow": {"groups": [], "summary": "Nobody here", "count": 0}}, "referralId": "e-3-4d6c8d467585b1f7f6df0fd5-57"}, {"reasons": {"items": [{"reasonName": "globalInteractionReason", "summary": "This spot is popular", "type": "general"}], "count": 0}, "venue": {"hereNow": {"groups": [], "summary": "Nobody here", "count": 0}, "contact": {}, "photos": {"groups": [], "count": 0}, "name": "Rasa Rasa Seafood Restaurant", "allowMenuUrlEdit": true, "beenHere": {"lastCheckinExpiredAt": 0, "count": 0, "marked": false}, "stats": {"checkinsCount": 519, "usersCount": 154, "tipCount": 0}, "id": "53749f67498ebf1a4f44c65b", "categories": [{"pluralName": "Thai Restaurants", "id": "4bf58dd8d48988d149941735", "primary": true, "icon": {"prefix": "https://ss3.4sqi.net/img/categories_v2/food/thai_", "suffix": ".png"}, "name": "Thai Restaurant", "shortName": "Thai"}], "location": {"formattedAddress": ["Singapore"], "lat": 1.380143518349123, "lng": 103.75698474407473, "distance": 522, "country": "Singapore", "cc": "SG", "labeledLatLngs": [{"lng": 103.75698474407473, "label": "display", "lat": 1.380143518349123}]}, "hours": {"isLocalHoliday": false, "isOpen": true, "status": "Likely open"}, "verified": false, "price": {"tier": 2, "currency": "$", "message": "Moderate"}}, "referralId": "e-3-53749f67498ebf1a4f44c65b-58"}, {"reasons": {"items": [{"reasonName": "globalInteractionReason", "summary": "This spot is popular", "type": "general"}], "count": 0}, "venue": {"hereNow": {"groups": [], "summary": "Nobody here", "count": 0}, "contact": {}, "photos": {"groups": [], "count": 0}, "name": "Phoenix Indian Restaurant", "allowMenuUrlEdit": true, "beenHere": {"lastCheckinExpiredAt": 0, "count": 0, "marked": false}, "stats": {"checkinsCount": 60, "usersCount": 47, "tipCount": 5}, "id": "4cb7db7e035d236a2dd8c84e", "categories": [{"pluralName": "Indian Restaurants", "id": "4bf58dd8d48988d10f941735", "primary": true, "icon": {"prefix": "https://ss3.4sqi.net/img/categories_v2/food/indian_", "suffix": ".png"}, "name": "Indian Restaurant", "shortName": "Indian"}], "location": {"formattedAddress": ["4 Phoenix Road, Phoenix Heights", "Singapore"], "lat": 1.377361476017467, "lng": 103.75710355721085, "country": "Singapore", "distance": 525, "city": "Singapore", "cc": "SG", "address": "4 Phoenix Road, Phoenix Heights", "labeledLatLngs": [{"lng": 103.75710355721085, "label": "display", "lat": 1.377361476017467}]}, "verified": false, "price": {"tier": 2, "currency": "$", "message": "Moderate"}}, "referralId": "e-3-4cb7db7e035d236a2dd8c84e-59", "tips": [{"id": "53c29899498e154aaea8a032", "text": "Very ordinary food, not worth the price.  Slow service, it took them more than 40 mins to bring our normal order.", "disagreeCount": 0, "createdAt": 1405261977, "logView": true, "todo": {"count": 0}, "agreeCount": 0, "canonicalUrl": "https://foursquare.com/item/53c29899498e154aaea8a032", "type": "user", "user": {"gender": "male", "id": "3944688", "photo": {"prefix": "https://igx.4sqi.net/img/user/", "suffix": "/3944688-DX4WDQQ1BDGFQSNK.jpg"}, "firstName": "Saurabh", "lastName": "Kumar"}}]}, {"reasons": {"items": [{"reasonName": "globalInteractionReason", "summary": "This spot is popular", "type": "general"}], "count": 0}, "venue": {"id": "4e22cd9b1f6effe84f7f04aa", "hereNow": {"groups": [], "summary": "Nobody here", "count": 0}, "contact": {}, "beenHere": {"lastCheckinExpiredAt": 0, "count": 0, "marked": false}, "photos": {"groups": [], "count": 0}, "name": "Codfish House", "location": {"formattedAddress": ["Singapore"], "lat": 1.377488, "lng": 103.757052, "country": "Singapore", "distance": 526, "city": "Singapore", "cc": "SG", "labeledLatLngs": [{"lng": 103.757052, "label": "display", "lat": 1.377488}]}, "allowMenuUrlEdit": true, "verified": false, "categories": [{"pluralName": "Food", "id": "4d4b7105d754a06374d81259", "primary": true, "icon": {"prefix": "https://ss3.4sqi.net/img/categories_v2/food/default_", "suffix": ".png"}, "name": "Food", "shortName": "Food"}], "stats": {"checkinsCount": 33, "usersCount": 27, "tipCount": 0}}, "referralId": "e-3-4e22cd9b1f6effe84f7f04aa-60"}, {"reasons": {"items": [{"reasonName": "globalInteractionReason", "summary": "This spot is popular", "type": "general"}], "count": 0}, "venue": {"hereNow": {"groups": [], "summary": "Nobody here", "count": 0}, "contact": {}, "photos": {"groups": [], "count": 0}, "rating": 5.7, "name": "\u4e2d\u534e Coffee Shop", "ratingSignals": 25, "allowMenuUrlEdit": true, "categories": [{"pluralName": "Asian Restaurants", "id": "4bf58dd8d48988d142941735", "primary": true, "icon": {"prefix": "https://ss3.4sqi.net/img/categories_v2/food/asian_", "suffix": ".png"}, "name": "Asian Restaurant", "shortName": "Asian"}], "stats": {"checkinsCount": 1464, "usersCount": 382, "tipCount": 18}, "id": "4c6ca306e13db60c82d3d6b1", "beenHere": {"lastCheckinExpiredAt": 0, "count": 0, "marked": false}, "ratingColor": "FF9600", "location": {"formattedAddress": ["16 Teck Whye Lane", "Singapore"], "lat": 1.3781141172543176, "lng": 103.7547442874917, "country": "Singapore", "distance": 762, "city": "Singapore", "cc": "SG", "address": "16 Teck Whye Lane", "labeledLatLngs": [{"lng": 103.7547442874917, "label": "display", "lat": 1.3781141172543176}]}, "hours": {"isLocalHoliday": false, "isOpen": true, "status": "Likely open"}, "verified": false, "price": {"tier": 2, "currency": "$", "message": "Moderate"}}, "referralId": "e-3-4c6ca306e13db60c82d3d6b1-61", "tips": [{"id": "4c97083694a0236ac4e5a312", "text": "Food not really very fantastic:(", "disagreeCount": 0, "logView": true, "createdAt": 1284966454, "likes": {"groups": [], "summary": "3 likes", "count": 3}, "todo": {"count": 0}, "agreeCount": 0, "canonicalUrl": "https://foursquare.com/item/4c97083694a0236ac4e5a312", "type": "user", "user": {"gender": "male", "id": "2146881", "photo": {"prefix": "https://igx.4sqi.net/img/user/", "suffix": "/3ASSLFWUTOVCI5OP.jpg"}, "firstName": "Poh teck", "lastName": "Lua"}}]}, {"reasons": {"items": [{"reasonName": "globalInteractionReason", "summary": "This spot is popular", "type": "general"}], "count": 0}, "venue": {"hereNow": {"groups": [], "summary": "Nobody here", "count": 0}, "contact": {}, "photos": {"groups": [], "count": 0}, "name": "Sinaran Muslim Seafood & Catering Services", "allowMenuUrlEdit": true, "beenHere": {"lastCheckinExpiredAt": 0, "count": 0, "marked": false}, "stats": {"checkinsCount": 119, "usersCount": 80, "tipCount": 3}, "id": "4d96fb0da2c654813dc3cc53", "categories": [{"pluralName": "Asian Restaurants", "id": "4bf58dd8d48988d142941735", "primary": true, "icon": {"prefix": "https://ss3.4sqi.net/img/categories_v2/food/asian_", "suffix": ".png"}, "name": "Asian Restaurant", "shortName": "Asian"}], "location": {"formattedAddress": ["Singapore"], "lat": 1.37831, "lng": 103.756026, "distance": 617, "country": "Singapore", "cc": "SG", "labeledLatLngs": [{"lng": 103.756026, "label": "display", "lat": 1.37831}]}, "verified": false, "price": {"tier": 2, "currency": "$", "message": "Moderate"}}, "referralId": "e-3-4d96fb0da2c654813dc3cc53-62", "tips": [{"id": "4e085e7cb61c60b0454aa891", "text": "Great Food! Best than other similar Halal food house in Woodlands or Clementi!!! Worth the long wait \ue00e", "disagreeCount": 0, "logView": true, "createdAt": 1309171324, "likes": {"groups": [], "summary": "2 likes", "count": 2}, "todo": {"count": 0}, "agreeCount": 0, "canonicalUrl": "https://foursquare.com/item/4e085e7cb61c60b0454aa891", "type": "user", "user": {"gender": "male", "id": "2629873", "photo": {"prefix": "https://igx.4sqi.net/img/user/", "suffix": "/KTPA14ZM02TOQPRT.jpg"}, "firstName": "Lorenzo", "lastName": "Lim Jingxiang"}}]}, {"reasons": {"items": [{"reasonName": "globalInteractionReason", "summary": "This spot is popular", "type": "general"}], "count": 0}, "venue": {"hereNow": {"groups": [], "summary": "Nobody here", "count": 0}, "contact": {}, "photos": {"groups": [], "count": 0}, "name": "Chin Choon Prawn Noodles", "allowMenuUrlEdit": true, "beenHere": {"lastCheckinExpiredAt": 0, "count": 0, "marked": false}, "stats": {"checkinsCount": 262, "usersCount": 136, "tipCount": 3}, "id": "4c185b90838020a1f025e461", "categories": [{"pluralName": "Noodle Houses", "id": "4bf58dd8d48988d1d1941735", "primary": true, "icon": {"prefix": "https://ss3.4sqi.net/img/categories_v2/food/ramen_", "suffix": ".png"}, "name": "Noodle House", "shortName": "Noodles"}], "location": {"lng": 103.7630896122947, "formattedAddress": ["Chun Sheng Yuan Eating House (826 Upper Bukit Timah Rd.)", "Singapore"], "lat": 1.373655495610205, "crossStreet": "826 Upper Bukit Timah Rd.", "country": "Singapore", "distance": 619, "city": "Singapore", "cc": "SG", "address": "Chun Sheng Yuan Eating House", "labeledLatLngs": [{"lng": 103.7630896122947, "label": "display", "lat": 1.373655495610205}]}, "verified": false, "price": {"tier": 1, "currency": "$", "message": "Cheap"}}, "referralId": "e-3-4c185b90838020a1f025e461-63", "tips": [{"id": "51a0221e498e4690208f28cb", "text": "Order prata while waiting.... Very decent prata here.", "disagreeCount": 0, "logView": true, "createdAt": 1369448990, "likes": {"groups": [], "summary": "1 like", "count": 1}, "todo": {"count": 0}, "agreeCount": 1, "canonicalUrl": "https://foursquare.com/item/51a0221e498e4690208f28cb", "type": "user", "user": {"id": "2872578", "photo": {"prefix": "https://igx.4sqi.net/img/user/", "suffix": "/2872578-YTSZBE5LGX1F5JDX.jpg"}, "firstName": "Melvin K.", "gender": "male"}}]}, {"reasons": {"items": [{"reasonName": "globalInteractionReason", "summary": "This spot is popular", "type": "general"}], "count": 0}, "venue": {"contact": {}, "photos": {"groups": [], "count": 0}, "rating": 5.6, "name": "Ga-Hock Eating House", "ratingSignals": 12, "allowMenuUrlEdit": true, "categories": [{"pluralName": "Food Courts", "id": "4bf58dd8d48988d120951735", "primary": true, "icon": {"prefix": "https://ss3.4sqi.net/img/categories_v2/shops/food_foodcourt_", "suffix": ".png"}, "name": "Food Court", "shortName": "Food Court"}], "stats": {"checkinsCount": 981, "usersCount": 440, "tipCount": 9}, "id": "4c1468c782a3c9b6fc52fdf8", "beenHere": {"lastCheckinExpiredAt": 0, "count": 0, "marked": false}, "ratingColor": "FF9600", "location": {"lng": 103.7632084308342, "formattedAddress": ["Hokkien Konghuay (794 Upper Bukit Timah Road)", "678133", "Singapore"], "postalCode": "678133", "lat": 1.372874683714645, "crossStreet": "794 Upper Bukit Timah Road", "country": "Singapore", "distance": 707, "city": "Singapore", "cc": "SG", "address": "Hokkien Konghuay", "labeledLatLngs": [{"lng": 103.7632084308342, "label": "display", "lat": 1.372874683714645}]}, "hours": {"isLocalHoliday": false, "isOpen": true, "status": "Likely open"}, "verified": false, "hereNow": {"groups": [], "summary": "Nobody here", "count": 0}}, "referralId": "e-3-4c1468c782a3c9b6fc52fdf8-64", "tips": [{"id": "4caec455db32f04df130b24d", "text": "Bak kut teh & pig trotter is a muz try!!!", "disagreeCount": 0, "logView": true, "createdAt": 1286521941, "likes": {"groups": [], "summary": "10 likes", "count": 10}, "todo": {"count": 1}, "agreeCount": 1, "canonicalUrl": "https://foursquare.com/item/4caec455db32f04df130b24d", "type": "user", "user": {"gender": "male", "id": "3336015", "photo": {"prefix": "https://igx.4sqi.net/img/user/", "suffix": "/COAKZKDIVHU5OOTI.jpg"}, "firstName": "Yongcai", "lastName": "Huang"}}]}, {"reasons": {"items": [{"reasonName": "globalInteractionReason", "summary": "This spot is popular", "type": "general"}], "count": 0}, "venue": {"id": "4d684ba4b6f46dcbfb7511b2", "hereNow": {"groups": [], "summary": "Nobody here", "count": 0}, "contact": {}, "beenHere": {"lastCheckinExpiredAt": 0, "count": 0, "marked": false}, "photos": {"groups": [], "count": 0}, "name": "Mutiara Malay & Indian Cuisine", "location": {"lng": 103.76020431518555, "formattedAddress": ["628 Senja Rd (Kopitiam)", "670628", "Singapore"], "postalCode": "670628", "lat": 1.384914943464315, "crossStreet": "Kopitiam", "country": "Singapore", "distance": 674, "city": "Singapore", "cc": "SG", "address": "628 Senja Rd", "labeledLatLngs": [{"lng": 103.76020431518555, "label": "display", "lat": 1.384914943464315}]}, "allowMenuUrlEdit": true, "verified": false, "categories": [{"pluralName": "Halal Restaurants", "id": "52e81612bcbc57f1066b79ff", "primary": true, "icon": {"prefix": "https://ss3.4sqi.net/img/categories_v2/food/halal_", "suffix": ".png"}, "name": "Halal Restaurant", "shortName": "Halal"}], "stats": {"checkinsCount": 107, "usersCount": 17, "tipCount": 1}}, "referralId": "e-3-4d684ba4b6f46dcbfb7511b2-65", "tips": [{"id": "5243c563498e0d2df454166b", "text": "Delicious authentic Malay food, enrich with lots of fresh spices..", "disagreeCount": 0, "createdAt": 1380173155, "logView": true, "todo": {"count": 0}, "agreeCount": 0, "canonicalUrl": "https://foursquare.com/item/5243c563498e0d2df454166b", "type": "user", "user": {"gender": "male", "id": "4922624", "photo": {"prefix": "https://igx.4sqi.net/img/user/", "suffix": "/4922624-533QQQRHTPUWJTEH.jpg"}, "firstName": ",7TOMA\u2122\u00ae\ud83c\uddf8\ud83c\uddec", "lastName": "Sumarto Hj Kamsir\u2122\u00ae"}}]}, {"reasons": {"items": [{"reasonName": "globalInteractionReason", "summary": "This spot is popular", "type": "general"}], "count": 0}, "venue": {"hereNow": {"groups": [], "summary": "Nobody here", "count": 0}, "contact": {}, "photos": {"groups": [], "count": 0}, "name": "628 \u6d77\u9bae DF Kitchen Seafood", "allowMenuUrlEdit": true, "beenHere": {"lastCheckinExpiredAt": 0, "count": 0, "marked": false}, "stats": {"checkinsCount": 50, "usersCount": 14, "tipCount": 2}, "id": "532c15c4498e29cc5dedb771", "categories": [{"pluralName": "Chinese Restaurants", "id": "4bf58dd8d48988d145941735", "primary": true, "icon": {"prefix": "https://ss3.4sqi.net/img/categories_v2/food/asian_", "suffix": ".png"}, "name": "Chinese Restaurant", "shortName": "Chinese"}], "location": {"lng": 103.76010220928396, "formattedAddress": ["Kopitiam (628 Senja Rd, #01-07 (Senja Grand))", "670628", "Singapore"], "postalCode": "670628", "lat": 1.3849224049389992, "crossStreet": "628 Senja Rd, #01-07 (Senja Grand)", "country": "Singapore", "distance": 678, "city": "Singapore", "cc": "SG", "address": "Kopitiam", "labeledLatLngs": [{"lng": 103.76010220928396, "label": "display", "lat": 1.3849224049389992}]}, "verified": false, "price": {"tier": 1, "currency": "$", "message": "Cheap"}}, "referralId": "e-3-532c15c4498e29cc5dedb771-66", "tips": [{"id": "57516229cd1074e5302cf3ac", "text": "\u6392\u9aa8\u738b\u5c0f\u5305$9 now only 8 pcs instead of 9. Same small pcs & poorer taste. Boycott! \ud83d\ude21", "disagreeCount": 0, "createdAt": 1464951337, "logView": true, "todo": {"count": 0}, "agreeCount": 0, "canonicalUrl": "https://foursquare.com/item/57516229cd1074e5302cf3ac", "type": "user", "user": {"id": "130074443", "photo": {"prefix": "https://igx.4sqi.net/img/user/", "default": true, "suffix": "/blank_boy.png"}, "firstName": "Coolrunner7", "gender": "none"}}]}, {"reasons": {"items": [{"reasonName": "globalInteractionReason", "summary": "This spot is popular", "type": "general"}], "count": 0}, "venue": {"hereNow": {"groups": [], "summary": "Nobody here", "count": 0}, "contact": {}, "photos": {"groups": [], "count": 0}, "name": "Odense Bakers", "allowMenuUrlEdit": true, "beenHere": {"lastCheckinExpiredAt": 0, "count": 0, "marked": false}, "stats": {"checkinsCount": 117, "usersCount": 31, "tipCount": 0}, "id": "4cc81f6cfa03224b645c42ef", "categories": [{"pluralName": "Bakeries", "id": "4bf58dd8d48988d16a941735", "primary": true, "icon": {"prefix": "https://ss3.4sqi.net/img/categories_v2/food/bakery_", "suffix": ".png"}, "name": "Bakery", "shortName": "Bakery"}], "location": {"lng": 103.760309, "formattedAddress": ["628 Senja Rd #01-03 (Senja Grand)", "670628", "Singapore"], "postalCode": "670628", "lat": 1.384988, "crossStreet": "Senja Grand", "country": "Singapore", "distance": 680, "city": "Singapore", "cc": "SG", "address": "628 Senja Rd #01-03", "labeledLatLngs": [{"lng": 103.760309, "label": "display", "lat": 1.384988}]}, "verified": false, "price": {"tier": 1, "currency": "$", "message": "Cheap"}}, "referralId": "e-3-4cc81f6cfa03224b645c42ef-67"}, {"reasons": {"items": [{"reasonName": "globalInteractionReason", "summary": "This spot is popular", "type": "general"}], "count": 0}, "venue": {"hereNow": {"groups": [], "summary": "Nobody here", "count": 0}, "contact": {}, "photos": {"groups": [], "count": 0}, "name": "\u5a01\u5f3a\u9999\u6e2f\u70e7\u814a\u9762", "allowMenuUrlEdit": true, "beenHere": {"lastCheckinExpiredAt": 0, "count": 0, "marked": false}, "stats": {"checkinsCount": 70, "usersCount": 19, "tipCount": 1}, "id": "4d3b97d3a2e4b1f7627ce125", "categories": [{"pluralName": "Chinese Restaurants", "id": "4bf58dd8d48988d145941735", "primary": true, "icon": {"prefix": "https://ss3.4sqi.net/img/categories_v2/food/asian_", "suffix": ".png"}, "name": "Chinese Restaurant", "shortName": "Chinese"}], "location": {"lng": 103.75998339349321, "formattedAddress": ["KopiTiam @ Senja Grand (628 Senja Rd. #01-07.)", "670628", "Singapore"], "postalCode": "670628", "lat": 1.3849522084371324, "crossStreet": "628 Senja Rd. #01-07.", "country": "Singapore", "distance": 684, "city": "Singapore", "cc": "SG", "address": "KopiTiam @ Senja Grand", "labeledLatLngs": [{"lng": 103.75998339349321, "label": "display", "lat": 1.3849522084371324}]}, "verified": false, "price": {"tier": 1, "currency": "$", "message": "Cheap"}}, "referralId": "e-3-4d3b97d3a2e4b1f7627ce125-68", "tips": [{"id": "54c3b6c0498e6e802daee246", "text": "They have already moved", "disagreeCount": 0, "createdAt": 1422112448, "logView": true, "todo": {"count": 0}, "agreeCount": 0, "canonicalUrl": "https://foursquare.com/item/54c3b6c0498e6e802daee246", "type": "user", "user": {"gender": "female", "id": "114898297", "photo": {"prefix": "https://igx.4sqi.net/img/user/", "suffix": "/114898297-WWDYWGSEUQB1BA4X.jpg"}, "firstName": "Joey", "lastName": "Hui"}}]}, {"reasons": {"items": [{"reasonName": "globalInteractionReason", "summary": "This spot is popular", "type": "general"}], "count": 0}, "venue": {"id": "4cd68b16886cb60c1a718a89", "hereNow": {"groups": [], "summary": "Nobody here", "count": 0}, "contact": {}, "beenHere": {"lastCheckinExpiredAt": 0, "count": 0, "marked": false}, "photos": {"groups": [], "count": 0}, "name": "Soon Western Food Ayam Goreng", "location": {"formattedAddress": ["#01-01 276 Jurong West Street 25", "640276", "Singapore"], "postalCode": "640276", "lat": 1.3767937, "lng": 103.7677717, "country": "Singapore", "distance": 736, "city": "Singapore", "cc": "SG", "address": "#01-01 276 Jurong West Street 25", "labeledLatLngs": [{"lng": 103.7677717, "label": "display", "lat": 1.3767937}]}, "allowMenuUrlEdit": true, "verified": false, "categories": [{"pluralName": "Food Courts", "id": "4bf58dd8d48988d120951735", "primary": true, "icon": {"prefix": "https://ss3.4sqi.net/img/categories_v2/shops/food_foodcourt_", "suffix": ".png"}, "name": "Food Court", "shortName": "Food Court"}], "stats": {"checkinsCount": 98, "usersCount": 21, "tipCount": 1}}, "referralId": "e-3-4cd68b16886cb60c1a718a89-69", "tips": [{"id": "4cf9054295153704f7fe5f89", "text": "Nice food!! Especially the wings, chicken cutlet & chicken chop!! But price went up after coffeeshop renovated..", "disagreeCount": 0, "logView": true, "createdAt": 1291388226, "likes": {"groups": [], "summary": "6 likes", "count": 6}, "todo": {"count": 0}, "agreeCount": 1, "canonicalUrl": "https://foursquare.com/item/4cf9054295153704f7fe5f89", "type": "user", "user": {"gender": "female", "id": "3319947", "photo": {"prefix": "https://igx.4sqi.net/img/user/", "suffix": "/OBY5R3ITDW10FAHR.jpg"}, "firstName": "Sabrina", "lastName": "Oh"}}]}, {"reasons": {"items": [{"reasonName": "globalInteractionReason", "summary": "This spot is popular", "type": "general"}], "count": 0}, "venue": {"id": "4c9c03447c096dcbce16bed1", "hereNow": {"groups": [], "summary": "Nobody here", "count": 0}, "contact": {}, "beenHere": {"lastCheckinExpiredAt": 0, "count": 0, "marked": false}, "photos": {"groups": [], "count": 0}, "name": "Tiong Wah Restaurant", "location": {"formattedAddress": ["Blk 16 @ Teck Whye Lane", "Singapore"], "lat": 1.3781559177159657, "lng": 103.75476126050698, "distance": 759, "country": "Singapore", "cc": "SG", "address": "Blk 16 @ Teck Whye Lane", "labeledLatLngs": [{"lng": 103.75476126050698, "label": "display", "lat": 1.3781559177159657}]}, "allowMenuUrlEdit": true, "verified": false, "categories": [{"pluralName": "Food Courts", "id": "4bf58dd8d48988d120951735", "primary": true, "icon": {"prefix": "https://ss3.4sqi.net/img/categories_v2/shops/food_foodcourt_", "suffix": ".png"}, "name": "Food Court", "shortName": "Food Court"}], "stats": {"checkinsCount": 225, "usersCount": 70, "tipCount": 0}}, "referralId": "e-3-4c9c03447c096dcbce16bed1-70"}], "name": "recommended", "type": "Recommended Places"}], "query": "food", "headerLocation": "Bukit Batok"}}